Workbook
Name days: #REF!
Name HOLIDAY: '[1]Mid Semester Start'!$F$9:$F$24
Name HOLIDAY: 'Mid Semester B Contract Hire'!$G$9:$G$24
Name RET_CODE: 'RETIREMENT PLANS'!$A$2:$A$15
Name RET_PLAN: 'RETIREMENT PLANS'!$A$1:$C$15
Name RET_PLANS: 'Contract Calculator'!#REF!
Name Yes_No: 'Contract Calculator'!$E$33:$E$34

Sheet Contract Calculator
A1: University of Nevada, Reno
A2: Salary Detail Worksheet
A3: =TEXT(C15,"mm/dd/yyyy")&" - "&TEXT(C16,"mm/dd/yyyy") -> 01/00/1900 - 01/00/1900
A4: Complete all shaded fields below.
A5: Name: | C5: Position Number:
A6: Contract type: | C6: Rank or Range:
A7: VP: | C7: Retirement Plan:
A8: College/Division: | C8: Furlough Exempt: | D8: No
A9: Unit/Department: | C9: Salary Reduction: | D9: No
A10: Title: | C10: =IF(D7="8","EPR Reduction Factor: ",IF(D7="2","EPR Reduction Factor: ",IF(D7="D","EPR Reduction Factor: ",""))) | D10: =IF(D7="8",C20, IF(D7="2",C20, IF(D7="D",C20," ")))
A11: Tenure Status:
A13: SALARY CALCULATION
G14: Daily Rate | H14: STP Daily | I14: Daily Rate
B15: Contract Start Date: | E15: working days in the start month | F15: =NETWORKDAYS(DATE(YEAR(C15),MONTH(C15),1),DATE(YEAR(C15),MONTH(C15)+1,0)) -> 22 | G15: =((($C$17/12)*$C$18)*$C$20)/F15 -> 0 | H15: =(($C$22/12)*$C$20)/F15 -> 0 | I15: =G15+H15 -> 0
B16: Contract End Date: | D16: =IF(C16<C15,"Date entered is less than start date","") | E16: working days in the end month | F16: =NETWORKDAYS(DATE(YEAR(C16),MONTH(C16),1),DATE(YEAR(C16),MONTH(C16)+1,0)) -> 22 | G16: =((($C$17/12)*$C$18)*$C$20)/F16 -> 0 | H16: =(($C$22/12)*$C$20)/F16 -> 0 | I16: =G16+H16 -> 0
B17: Base Salary: | C17: 0 | E17: Months between start and end months | F17: =(YEAR(DATE(YEAR(C16),MONTH(C16),1)-1)-YEAR(DATE(YEAR(C15),MONTH(C15)+1,0)))*12+MONTH(DATE(YEAR(C16),MONTH(C16),1)-1)-MONTH(DATE(YEAR(C15),MONTH(C15)+1,0)) -> 0
B18: FTE: | E18: Days worked in start month | F18: =NETWORKDAYS(C15,F19) -> 22
B19: Salary Reduction factor: | C19: =IF(D9="Yes",0.975,1) -> 1 | E19: Last day of start month | F19: =DATE(YEAR(C15),MONTH(C15)+1,0) -> 31
B20: EPR Reduction factor: | C20: =IF(ISNA(VLOOKUP(D7,RET_PLAN,2,FALSE)),"1",VLOOKUP(D7,RET_PLAN,2,FALSE)) -> 1 | E20: Days worked in end month | F20: =NETWORKDAYS(F21,C16) -> 0
A21: =CONCATENATE("Base pay"&IF(D7="8",", EPR reduced",IF(D7="2"," EPR reduced",""))&" at "&TEXT('Contract Calculator'!C18,"#%")&" FTE:") -> Base pay at % FTE: | C21: =ROUND(((C17*C18)*C19)*C20,2) -> 0 | E21: First day of end month | F21: =DATE(YEAR(C16),MONTH(C16),1) -> 1
B22: Annual Stipend: | C22: 0 | D22: =IF(SUM(C22:C23)>1,"*Stipend earnings are not subject to unpaid leave deduction."," ") | E22: Pay for start month | F22: =((C30/F15)*F18) -> 0 | G22: =I15*F18 -> 0
B23: Additional Annual Stipend/Other: | C23: 0 | E23: Pay for months between start/end | F23: =C30*F17 -> 0
E24: Pay for end month | F24: =C30/F16*F20 -> 0 | G24: =I16*F20 -> 0
E25: Total Pay (Prorated Amount) | F25: =SUM(F22:F24) -> 0
B26: Stipend EPR reduced: | C26: =ROUND((C22+C23)*C20,2) -> 0 | E26: Prorated Stipend | F26: =ROUND((ROUND($C$26/12,2)/$F$15)*$F$18,2)+(ROUND($C$26/12,2)*$F$17)+ROUND((ROUND($C$26/12,2)/$F$16)*$F$20,2) -> 0
A27: =IF(MID(B6,11,1)="B",IF(AND($C$15>'Mid Semester B Contract Hire'!G6,$C$15<'Mid Semester B Contract Hire'!H4),"Complete all shaded fields above, then print the worksheet on the Mid Semester B Contract Hire tab.",IF(AND($C$15>'Mid Semester B Contract Hire'!G5,$C$15<'Mid Semester B Contract Hire'!H5),"Complete all shaded fields above, then print the worksheet on the Mid Semester B Contract Hire tab."," ")),"")
B28: Monthly Base Amount: | C28: =IF(MID($B$6,11,1)="B",IF(AND($C$15>'Mid Semester B Contract Hire'!G6,$C$15<'Mid Semester B Contract Hire'!H4),0,IF(AND($C$15>'Mid Semester B Contract Hire'!G5,$C$15<'Mid Semester B Contract Hire'!H5),0,ROUND(C21/12,2))),ROUND(C21/12,2)) -> 0
B29: Monthly Stipend Amount: | C29: =IF(MID($B$6,11,1)="B",IF(AND($C$15>'Mid Semester B Contract Hire'!$G$6,$C$15<'Mid Semester B Contract Hire'!$H$4),0,IF(AND($C$15>'Mid Semester B Contract Hire'!G5,$C$15<'Mid Semester B Contract Hire'!$H$5),0,ROUND($C$26/12,2))),ROUND($C$26/12,2)) -> 0
B30: Monthly Pay Rate: | C30: =SUM(C28:C29) -> 0
A32: =CONCATENATE("Contract Amount"&IF(D7="8",", EPR reduced",IF(D7="2"," EPR reduced",""))&" at "&TEXT('Contract Calculator'!C18,"#%")&" FTE:") -> Contract Amount at % FTE: | C32: =IF(C15>E36,F25,IF(C16<F36,F25,(C21+C26))) -> 0 | E32: Range Name: Yes_No
E33: Yes
B34: 2.3% Monthly Unpaid Leave Deduction: | C34: =IF(B6="Letter of Appointment",0,IF(D8="Yes",0,ROUND(C28*-0.023,2))) -> 0 | D34: =IF(D8="Yes"," ","*Deduction is taken through payroll and is not reflected in the Contract Amount.") -> *Deduction is taken through payroll and is not reflected in the Contract Amount. | E34: No
B35: Monthly after Unpaid Leave Deduction: | C35: =(C28+C34)+C29 -> 0 | E35: Fiscal year begin & end dates
A36: Annualized Pay after Unpaid Leave: | C36: =C35*12 -> 0 | E36: ='Mid Semester B Contract Hire'!G6 -> 41821 | F36: ='Mid Semester B Contract Hire'!H6 -> 42185

Sheet Mid Semester B Contract Hire
A1: University of Nevada, Reno | F1: Academic Calendar
A2: Salary Detail Worksheet | F2: Enter semester and Fiscal Year start and end dates
A3: "B" Contract Mid Semester Hire | G3: Report Date | H3: Release Date | I3: Wk days | J3: Worked
A4: Name: | B4: ='Contract Calculator'!B5 -> 0 | C4: Position Number: | D4: ` | F4: Fall Semester: | G4: 41869 | H4: 41992 | I4: =NETWORKDAYS(G4,H4,HOLIDAY) -> 85 | J4: =IF(AND($C$14>=G4,$C$14<=H4),NETWORKDAYS($C$14,H4,HOLIDAY),I4) -> 85
A5: Contract type: | B5: ='Contract Calculator'!B6 -> 0 | C5: Rank or Range: | D5: ='Contract Calculator'!D6 -> 0 | F5: Spring Semester: | G5: 42017 | H5: 42142 | I5: =NETWORKDAYS(G5,H5,HOLIDAY) -> 83 | J5: =IF(C14>=G5,NETWORKDAYS(C14,H5,HOLIDAY),NETWORKDAYS(G5,H5,HOLIDAY)) -> 83
A6: VP: | B6: ='Contract Calculator'!B7 -> 0 | C6: Retirement Plan: | D6: ='Contract Calculator'!D7 -> 0 | F6: Fiscal Year begin and end dates: | G6: 41821 | H6: 42185 | I6: =SUM(I4:I5) -> 168 | J6: =SUM(J4:J5) -> 168
A7: College/Division: | B7: ='Contract Calculator'!B8 -> 0 | C7: Furlough Exempt: | D7: ='Contract Calculator'!D8 -> No | F7: =DATE(YEAR(C14),MONTH(C14),1) -> 1 | G7: Enter | K7: Non Contract | L7: Contract
A8: Unit/Department: | B8: ='Contract Calculator'!B9 -> 0 | F8: Holiday | G8: Observed Dt | H8: July | I8: =G6 -> 41821 | J8: =EOMONTH(I8,0) -> 41851 | K8: =NETWORKDAYS(I8,J8,HOLIDAY) -> 22 | L8: 0
A9: Title: | B9: ='Contract Calculator'!B10 -> 0 | F9: Independence Day | G9: 41824 | H9: August | I9: =EDATE(I8,1) -> 41852 | J9: =G4-1 -> 41868 | K9: =NETWORKDAYS(I9,J9,HOLIDAY) -> 11 | L9: =NETWORKDAYS(G4,EOMONTH(I9,0),HOLIDAY) -> 10
A10: Tenure Status: | B10: ='Contract Calculator'!B11 -> 0 | F10: Labor Day | G10: 41883 | H10: September | I10: =EDATE(I9,1) -> 41883 | J10: =EOMONTH(I10,0) -> 41912 | K10: 0 | L10: =NETWORKDAYS(I10,J10,HOLIDAY) -> 21
F11: Nevada Day | G11: 41943 | H11: October | I11: =EDATE(I10,1) -> 41913 | J11: =EOMONTH(I11,0) -> 41943 | K11: 0 | L11: =NETWORKDAYS(I11,J11,HOLIDAY) -> 22
A12: SALARY CALCULATION | F12: Veterans Day | G12: 41954 | H12: November | I12: =EDATE(I11,1) -> 41944 | J12: =EOMONTH(I12,0) -> 41973 | K12: 0 | L12: =NETWORKDAYS(I12,J12,HOLIDAY) -> 17
F13: Thanksgiving | G13: 41970 | H13: December | I13: =EDATE(I12,1) -> 41974 | J13: =EOMONTH(I13,0) -> 42004 | K13: =NETWORKDAYS((H4+1),J13,HOLIDAY) -> 7 | L13: =NETWORKDAYS(I13,H4,HOLIDAY) -> 15
A14: Start Date: | C14: ='Contract Calculator'!C15 -> 0 | F14: Family Day | G14: =G13+1 -> 41971 | H14: January | I14: =EDATE(I13,1) -> 42005 | J14: =G5-1 -> 42016 | K14: =NETWORKDAYS(I14,J14,HOLIDAY) -> 7 | L14: =NETWORKDAYS(G5,EOMONTH(I14,0),HOLIDAY) -> 13
A15: Base Salary: | C15: ='Contract Calculator'!C17 -> 0 | F15: Christmas | G15: 41998 | H15: February | I15: =EDATE(I14,1) -> 42036 | J15: =EOMONTH(I15,0) -> 42063 | K15: 0 | L15: =NETWORKDAYS(I15,J15,HOLIDAY) -> 19
A16: FTE: | C16: ='Contract Calculator'!C18 -> 0 | F16: New Years | G16: 42005 | H16: March | I16: =EDATE(I15,1) -> 42064 | J16: =EOMONTH(I16,0) -> 42094 | K16: =NETWORKDAYS(G19,G23) -> 5 | L16: =NETWORKDAYS(I16,J16,HOLIDAY) -> 17
A17: 2.5% Salary Reduction: | C17: 0 | F17: Martin Luther King Day | G17: 42023 | H17: April | I17: =EDATE(I16,1) -> 42095 | J17: =EOMONTH(I17,0) -> 42124 | K17: 0 | L17: =NETWORKDAYS(I17,J17,HOLIDAY) -> 22
A18: Employee Paid Retirement (EPR) Factor: | C18: ='Contract Calculator'!D10 | F18: Presidents Day | G18: 42051 | H18: May | I18: =EDATE(I17,1) -> 42125 | J18: =EOMONTH(I18,0) -> 42155 | K18: =NETWORKDAYS(H5+1,J18,HOLIDAY) -> 8 | L18: =NETWORKDAYS(I18,H5,HOLIDAY) -> 12
A19: =CONCATENATE("Annualized Base Salary"&IF(D6="8",", EPR reduced",IF(D6="2"," EPR reduced",""))&" at "&TEXT('Contract Calculator'!C18,"#%")&" FTE: ") -> Annualized Base Salary at % FTE: | C19: ='Contract Calculator'!C21 -> 0 | F19: Spring Break | G19: 42079 | H19: June | I19: =EDATE(I18,1) -> 42156 | J19: =EOMONTH(I19,0) -> 42185 | K19: =NETWORKDAYS(I19,J19,HOLIDAY) -> 22 | L19: 0
A20: =CONCATENATE("Annualized Stipend(s)"&IF(D6="8",", EPR reduced",IF(D6="2"," EPR reduced",""))&": ") -> Annualized Stipend(s): | C20: ='Contract Calculator'!C26 -> 0 | D20: =IF(SUM(C20:C21)>0.01,"*Stipends are not subject to unpaid leave deduction.","") | F20: Spring Break | G20: =G19+1 -> 42080 | J20: Total | K20: =SUM(K8:K19) -> 82 | L20: =SUM(L8:L19) -> 168
F21: Spring Break | G21: =G20+1 -> 42081
A22: Beginning Semester | C22: =IF(AND($C$14>=G6,$C$14<=H4),"Fall","Spring") -> Spring | F22: Spring Break | G22: =G21+1 -> 42082
A23: Pay Per Semester (Annualized Base Salary/2) | C23: =ROUND((C19/2),2) -> 0 | F23: Spring Break | G23: =G22+1 -> 42083
A24: =CONCATENATE("Contractual Days in "&C22&" Semester ") -> Contractual Days in Spring Semester | C24: =IF(C22="Fall",I4,I5) -> 83 | F24: Memorial Day | G24: 42149
A25: Daily Rate (Pay Per Semester/Contractual Days in Semester) | C25: =ROUND(C23/C24,2) -> 0
A26: =CONCATENATE("Number of Days Worked in "&C22&" Semester ") -> Number of Days Worked in Spring Semester | C26: =IF(C22="Fall", J4,J5) -> 83
A27: =CONCATENATE(C22&" Semester Pay (Days Worked x Daily Rate) ") -> Spring Semester Pay (Days Worked x Daily Rate) | C27: =SUM(C25*C26) -> 0
A29: Fall Semester Pay | C29: =IF(C22="Fall",C27,0) -> 0
A30: Spring Semester Pay | C30: =IF('Contract Calculator'!C16<H5,0, IF(C22="Spring",C27,C23)) -> 0
A31: Prorated Stipend | C31: =IF(C20>0,'Contract Calculator'!F26,0) -> 0
A33: Contract Amount: | C33: =SUM(C29:C31) -> 0
A35: Number of Months Worked | C35: =(YEAR(H6)-YEAR(F7-1))*12+MONTH(H6)-MONTH(F7-1) -> 1385
B36: Monthly Pay Rate: | C36: =SUM(C39+C40) -> 0
B39: Monthly Stipend Amount: | C39: =ROUND(C20/12,2) -> 0 | D39: =IF(C14>EOMONTH(C14,-1)+1,"*First months stipend will be prorated to $"&ROUND(C39/NETWORKDAYS(EOMONTH(C14,-1)+1,EOMONTH(C14,0))*NETWORKDAYS(C14,EOMONTH(C14,0)),2),"") -> #NUM!
A40: Monthly Base Pay Amount: | C40: =ROUND(SUM(C29+C30)/C35,2) -> 0
B42: 2.3% Monthly Unpaid Leave Deduction: | C42: =ROUND(SUM((C29+C30)/C35)*-0.023,2) -> 0 | D42: =IF(D7="Yes"," ","*Deduction taken through payroll and is not reflected in the Contract Amount.") -> *Deduction taken through payroll and is not reflected in the Contract Amount.
B43: Monthly Base Pay after Unpaid Leave Deduction: | C43: =SUM(C40+C42) -> 0
A44: Base Pay after Unpaid Leave: | C44: =C43*C35 -> 0

Sheet UNSOM New Hire
A1: Salary Reduction Worksheet
A3: Before Cuts:
A5: Base Salary (A) | B5: Salary (A)
A6: Stipend
A7: Contract | C7: =C6+C5 -> 0 | D7: (B) | I7: (C) | K7: (D)
D8: Annual | E8: Annual | G8: Annual | J8: Annual | K8: Monthly
A9: Base Source: | D9: 2.5% Reduction | E9: Adjusted Base | F9: FTE | G9: Adjusted Base | I9: Monthly Base | J9: 2.3 % Unpaid Leave | K9: 2.3 % Unpaid Leave | L9: Annual Adjusted | M9: Monthly Adjusted Pay
B10: State | D10: 0 | E10: =C10+D10 -> 0 | F10: 1 | G10: =E10*F10 -> 0 | I10: =G10/12 -> 0 | J10: =G10*-0.023 -> 0 | K10: =I10*-0.023 -> 0 | L10: =G10+J10 -> 0 | M10: =I10+K10 -> 0
B11: Practice Plan | D11: 0 | E11: =C11+D11 -> 0 | G11: =E11*F11 -> 0 | I11: =G11/12 -> 0 | J11: =E11*-0.023 -> 0 | K11: =I11*-0.023 -> 0 | L11: =G11+J11 -> 0 | M11: =I11+K11 -> 0
B12: Hospital | D12: 0 | E12: =C12+D12 -> 0 | G12: =E12*F12 -> 0 | I12: =G12/12 -> 0 | J12: =E12*-0.023 -> 0 | K12: =I12*-0.023 -> 0 | L12: =G12+J12 -> 0 | M12: =I12+K12 -> 0
B13: Grants | D13: =C13*-0.025 -> 0 | E13: =C13+D13 -> 0 | G13: =E13*F13 -> 0 | I13: =G13/12 -> 0 | J13: =E13*-0.023 -> 0 | K13: =I13*-0.023 -> 0 | L13: =G13+J13 -> 0 | M13: =I13+K13 -> 0
A15: Total | C15: =SUM(C10:C13) -> 0 | D15: =SUM(D9:D13) -> 0 | E15: =SUM(E9:E13) -> 0 | F15: =SUM(F9:F13) -> 1 | G15: =SUM(G9:G13) -> 0 | I15: =SUM(I9:I13) -> 0 | J15: =SUM(J9:J13) -> 0 | K15: =SUM(K9:K13) -> 0 | L15: =SUM(L9:L13) -> 0 | M15: =SUM(M9:M13) -> 0
J17: Stipend | L17: =C6 -> 0
J18: (E) Annualized
J19: Adjusted Pay | L19: =SUM(L15:L18) -> 0
B22: Salary Reduction Worksheet - Employer Paid PERS
A24: WITH EPA ADJUSTMENT OF .88594
A25: Before Cuts:
A27: Base Salary (A)
A28: Stipend
A29: Contract | C29: =C28+C27 -> 0 | D29: (B) | I29: (C) | K29: (D)
D30: Annual | E30: Annual | G30: Annual | H30: 0.88594 | J30: Annual | K30: Monthly
A31: Base Source: | D31: 2.5% Reduction | E31: Adjusted Base | F31: FTE | G31: Adjusted Base | H31: EPA Adj | I31: Monthly Base | J31: 2.3 % Unpaid Leave | K31: 2.3 % Unpaid Leave | L31: Annual Adjusted | M31: Monthly Adjusted Pay
B32: State w/EPA | D32: 0 | E32: =C32+D32 -> 0 | F32: 1 | G32: =E32*F32 -> 0 | H32: =G32*H30 -> 0 | I32: =H32/12 -> 0 | J32: =H32*-0.023 -> 0 | K32: =I32*-0.023 -> 0 | L32: =H32+J32 -> 0 | M32: =I32+K32 -> 0
B33: Soft w/EPA | D33: 0 | E33: =C33+D33 -> 0 | G33: =E33*F33 -> 0 | I33: =G33/12 -> 0 | J33: =E33*-0.023 -> 0 | K33: =I33*-0.023 -> 0 | L33: =G33+J33 -> 0 | M33: =I33+K33 -> 0
B34: Other w/EPA | D34: 0 | E34: =C34+D34 -> 0 | G34: =E34*F34 -> 0 | I34: =G34/12 -> 0 | J34: =E34*-0.023 -> 0 | K34: =I34*-0.023 -> 0 | L34: =G34+J34 -> 0 | M34: =I34+K34 -> 0
B35: Grants w/EPA | D35: =C35*-0.025 -> 0 | E35: =C35+D35 -> 0 | G35: =E35*F35 -> 0 | I35: =G35/12 -> 0 | J35: =E35*-0.023 -> 0 | K35: =I35*-0.023 -> 0 | L35: =G35+J35 -> 0 | M35: =I35+K35 -> 0
A37: Total | C37: =SUM(C32:C35) -> 0 | D37: =SUM(D31:D35) -> 0 | E37: =SUM(E31:E35) -> 0 | F37: =SUM(F31:F35) -> 1 | G37: =SUM(G31:G35) -> 0 | I37: =SUM(I31:I35) -> 0 | J37: =SUM(J31:J35) -> 0 | K37: =SUM(K31:K35) -> 0 | L37: =SUM(L31:L35) -> 0 | M37: =SUM(M31:M35) -> 0
J39: Stipend | L39: =C28 -> 0
J40: (E) Annualized
J41: Adjusted Pay | L41: =SUM(L37:L40) -> 0

Sheet Academic Year
A1: UNIVERSITY OF NEVADA, RENO
A2: =TEXT('Mid Semester B Contract Hire'!G6,"yyyy")&"-"&TEXT('Mid Semester B Contract Hire'!H6,"yyyy")&" ACADEMIC YEAR" -> 2014-2015 ACADEMIC YEAR
A3: "B" FACULTY CONTRACTUAL DAYS
A4: =CONCATENATE("FALL "&TEXT('Mid Semester B Contract Hire'!G6,"yyyy")&" SEMESTER") -> FALL 2014 SEMESTER | C4: Contractual Days
B5: Contractual days exclude holidays
A6: August | B6: =CONCATENATE("Faculty Report Date - "&TEXT('Mid Semester B Contract Hire'!G4,"dddd, mmmm d, yyyy")) -> Faculty Report Date - Monday, August 18, 2014 | C6: ='Mid Semester B Contract Hire'!L9 -> 10
A7: September | B7: =CONCATENATE("Labor Day - "&TEXT('Mid Semester B Contract Hire'!G10,"dddd, mmmm d, yyyy")) -> Labor Day - Monday, September 1, 2014 | C7: ='Mid Semester B Contract Hire'!L10 -> 21
A8: October | B8: =CONCATENATE("Nevada Day - "&TEXT('Mid Semester B Contract Hire'!G11,"dddd, mmmm d, yyyy")) -> Nevada Day - Friday, October 31, 2014 | C8: ='Mid Semester B Contract Hire'!L11 -> 22
A9: November | B9: =CONCATENATE("Veterans Day - "&TEXT('Mid Semester B Contract Hire'!G12,"dddd, mmmm d, yyyy")) -> Veterans Day - Tuesday, November 11, 2014 | C9: ='Mid Semester B Contract Hire'!L12 -> 17
B10: =CONCATENATE("Thanksgiving - "&TEXT('Mid Semester B Contract Hire'!G13,"dddd, mmmm d, yyyy")) -> Thanksgiving - Thursday, November 27, 2014
B11: =CONCATENATE("Family Day - "&TEXT('Mid Semester B Contract Hire'!G14,"dddd, mmmm d, yyyy")) -> Family Day - Friday, November 28, 2014
A12: December | B12: =CONCATENATE("Faculty Release Date - "&TEXT('Mid Semester B Contract Hire'!H4,"dddd, mmmm d, yyyy")) -> Faculty Release Date - Friday, December 19, 2014 | C12: ='Mid Semester B Contract Hire'!L13 -> 15
A13: TOTAL FALL CONTRACTUAL DAYS: | C13: =SUM(C6:C12) -> 85
A15: =CONCATENATE("SPRING "&TEXT('Mid Semester B Contract Hire'!H6,"yyyy")&" SEMESTER") -> SPRING 2015 SEMESTER | C15: Contractual Days
B16: Contractual days exclude holidays
A17: January | B17: =CONCATENATE("Faculty Report Date - "&TEXT('Mid Semester B Contract Hire'!G5,"dddd, mmmm d, yyyy")) -> Faculty Report Date - Tuesday, January 13, 2015 | C17: ='Mid Semester B Contract Hire'!L14 -> 13
B18: =CONCATENATE("Martin Luther King Day - "&TEXT('Mid Semester B Contract Hire'!G17,"dddd, mmmm d, yyyy")) -> Martin Luther King Day - Monday, January 19, 2015
A19: February | B19: =CONCATENATE("President's Day - "&TEXT('Mid Semester B Contract Hire'!G18,"dddd, mmmm, d, yyyy")) -> President's Day - Monday, February, 16, 2015 | C19: ='Mid Semester B Contract Hire'!L15 -> 19
A20: March | B20: =CONCATENATE("Spring Break - "&TEXT('Mid Semester B Contract Hire'!G19,"dddd, mmmm d")&" - "&TEXT('Mid Semester B Contract Hire'!G23,"dddd, mmmm d, yyyy")) -> Spring Break - Monday, March 16 - Friday, March 20, 2015 | C20: ='Mid Semester B Contract Hire'!L16 -> 17
A21: April | C21: ='Mid Semester B Contract Hire'!L17 -> 22
A22: May | B22: =CONCATENATE("Faculty Release Date - "&TEXT('Mid Semester B Contract Hire'!H5,"dddd, mmmm d, yyyy")) -> Faculty Release Date - Monday, May 18, 2015 | C22: ='Mid Semester B Contract Hire'!L18 -> 12
A23: TOTAL SPRING CONTRACTUAL DAYS: | C23: =SUM(C17:C22) -> 83
A25: =CONCATENATE("TOTAL CONTRACTACTUAL DAYS FOR THE "&TEXT('Mid Semester B Contract Hire'!G6,"yyyy")&"-"&TEXT('Mid Semester B Contract Hire'!H6,"yyyy")&" ACADEMIC YEAR:") -> TOTAL CONTRACTACTUAL DAYS FOR THE 2014-2015 ACADEMIC YEAR: | C25: ='Mid Semester B Contract Hire'!L20 -> 168
A27: "B" FACULTY NON-CONTRACTUAL DAYS
A28: Available for extra duty assignments or overload
B29: Excludes weekends and holidays | C29: Days
A30: =CONCATENATE(TEXT('Mid Semester B Contract Hire'!I8,"mmmm d")&"-"&TEXT('Mid Semester B Contract Hire'!J8,"d, yyyy")) -> July 1-31, 2014 | B30: =CONCATENATE("Independence Day - "&TEXT('Mid Semester B Contract Hire'!G9,"dddd, mmmm d, yyyy")) -> Independence Day - Friday, July 4, 2014 | C30: ='Mid Semester B Contract Hire'!K8 -> 22
A31: =CONCATENATE(TEXT('Mid Semester B Contract Hire'!I9,"mmmm d")&"-"&TEXT('Mid Semester B Contract Hire'!G4-1,"d, yyyy")) -> August 1-17, 2014 | C31: ='Mid Semester B Contract Hire'!K9 -> 11
A32: =CONCATENATE(TEXT('Mid Semester B Contract Hire'!H4+1,"mmmm d")&"-"&TEXT('Mid Semester B Contract Hire'!J13,"d, yyyy")) -> December 20-31, 2014 | B32: =CONCATENATE("Christmas - "&TEXT('Mid Semester B Contract Hire'!G15,"dddd, mmmm d, yyyy")) -> Christmas - Thursday, December 25, 2014 | C32: ='Mid Semester B Contract Hire'!K13 -> 7
A33: =CONCATENATE(TEXT('Mid Semester B Contract Hire'!I14,"mmmm d")&"-"&TEXT('Mid Semester B Contract Hire'!G5-1,"d, yyyy")) -> January 1-12, 2015 | B33: =CONCATENATE("New Year's Day - "&TEXT('Mid Semester B Contract Hire'!G16,"dddd, mmmm d, yyyy")) -> New Year's Day - Thursday, January 1, 2015 | C33: ='Mid Semester B Contract Hire'!K14 -> 7
A34: =CONCATENATE(TEXT('Mid Semester B Contract Hire'!G19,"mmmm d")&"-"&TEXT('Mid Semester B Contract Hire'!G23,"d, yyyy")) -> March 16-20, 2015 | B34: =CONCATENATE("Spring Break - "&TEXT('Mid Semester B Contract Hire'!G19,"dddd, mmmm d")&" - "&TEXT('Mid Semester B Contract Hire'!G23,"dddd, mmmm d, yyyy")) -> Spring Break - Monday, March 16 - Friday, March 20, 2015 | C34: 5
A35: =CONCATENATE(TEXT('Mid Semester B Contract Hire'!H5+1,"mmmm d")&"-"&TEXT('Mid Semester B Contract Hire'!J18,"d, yyyy")) -> May 19-31, 2015 | B35: =CONCATENATE("Memorial Day - "&TEXT('Mid Semester B Contract Hire'!G24,"dddd, mmmm d, yyyy")) -> Memorial Day - Monday, May 25, 2015 | C35: ='Mid Semester B Contract Hire'!K18 -> 8
A36: =CONCATENATE(TEXT('Mid Semester B Contract Hire'!I19,"mmmm d")&"-"&TEXT('Mid Semester B Contract Hire'!J19,"d, yyyy")) -> June 1-30, 2015 | C36: ='Mid Semester B Contract Hire'!K19 -> 22
A37: TOTAL NON-CONTRACTUAL DAYS: | C37: =SUM(C30:C36) -> 82

Sheet B Term Mid Semester
A1: University of Nevada, Reno | F1: Academic Calendar
A2: Salary Detail Worksheet | F2: Enter semester and Fiscal Year start and end dates
A3: =TEXT(C15,"mm/dd/yyyy")&" - "&TEXT(C16,"mm/dd/yyyy") -> 01/00/1900 - 01/00/1900 | G3: Start Date | H3: End Date | I3: Wk days | J3: Worked
F4: Fall Semester: | G4: ='Mid Semester B Contract Hire'!G4 -> 41869 | H4: ='Mid Semester B Contract Hire'!H4 -> 41992 | I4: =NETWORKDAYS(G4,H4,HOLIDAY) -> 85 | J4: =IF(AND($C$15>=G4,$C$15<=H4),NETWORKDAYS($C$15,H4,HOLIDAY),I4) -> 85
A5: Name: | C5: Position Number: | F5: Spring Semester: | G5: ='Mid Semester B Contract Hire'!G5 -> 42017 | H5: ='Mid Semester B Contract Hire'!H5 -> 42142 | I5: =NETWORKDAYS(G5,H5,HOLIDAY) -> 83 | J5: =IF(C14>=G5,NETWORKDAYS(C14,H5,HOLIDAY),NETWORKDAYS(G5,H5,HOLIDAY)) -> 83
A6: Contract type: | C6: Rank or Range: | F6: Fiscal Year: | G6: ='Mid Semester B Contract Hire'!G6 -> 41821 | H6: ='Mid Semester B Contract Hire'!H6 -> 42185 | I6: =SUM(I4:I5) -> 168 | J6: =SUM(J4:J5) -> 168
A7: VP: | C7: Retirement Plan: | D7: 7
A8: College/Division: | D8: No
A9: Unit/Department:
A10: Title:
A11: Tenure Status:
A13: SALARY CALCULATION | F13: Monthly | G13: =ROUND(C22/12,2)+ROUND(C25/12,2) -> 0
B15: Contract Start Date: | F15: working days in the start month | G15: =NETWORKDAYS(DATE(YEAR(C15),MONTH(C15),1),DATE(YEAR(C15),MONTH(C15)+1,0)) -> 22
B16: Contract End Date: | D16: =IF(C16<C15,"Date entered is less than start date","") | F16: working days in the end month | G16: =NETWORKDAYS(DATE(YEAR(C16),MONTH(C16),1),DATE(YEAR(C16),MONTH(C16)+1,0)) -> 22
B17: Base Salary: | C17: 0 | F17: Months between start and end months | G17: =(YEAR(DATE(YEAR(C16),MONTH(C16),1)-1)-YEAR(DATE(YEAR(C15),MONTH(C15)+1,0)))*12+MONTH(DATE(YEAR(C16),MONTH(C16),1)-1)-MONTH(DATE(YEAR(C15),MONTH(C15)+1,0)) -> 0
B18: FTE: | C18: 0 | F18: Days worked in start month | G18: =NETWORKDAYS(C15,G19) -> 22
B19: Reduction factor: | C19: =IF(D8="Yes",0.975,1) -> 1 | F19: Last day of start month | G19: =DATE(YEAR(C15),MONTH(C15)+1,0) -> 31
B20: 2.5% Reduction: | C20: =IF(D8="Yes",ROUND(C17*-0.025,2),0) -> 0 | F20: Days worked in end month | G20: =NETWORKDAYS(G21,C16) -> 0
C21: =IF(ISNA(VLOOKUP(D7,RET_PLAN,2,FALSE)),"1",VLOOKUP(D7,RET_PLAN,2,FALSE)) -> 1 | F21: First day of end month | G21: =DATE(YEAR(C16),MONTH(C16),1) -> 1
A22: =CONCATENATE("Base pay"&IF(D7="8",", EPR reduced",IF(D7="2"," EPR reduced",""))&" at "&TEXT('B Term Mid Semester'!C18,"#%")&" FTE:") -> Base pay at % FTE: | C22: =ROUND(((C17*C18)*C19)*C21,2) -> 0 | F22: Pay for start month | G22: =((G13/G15)*G18) -> 0
B23: Annual Stipend: | C23: 0 | F23: Pay for months between start/end | G23: =G13*G17 -> 0
B24: Additional Stipend: | C24: 0 | F24: Pay for end month | G24: =G13/G16*G20 -> 0
B25: Stipend EPR reduced: | C25: =ROUND((C23+C24)*C21,2) -> 0 | F25: Total Pay (Prorated Amount) | G25: =SUM(G22:G24) -> 0
B26: =IF(D7="8","Employee Paid Retirement (EPR) Factor: ",IF(D7="2","Employee Paid Retirement (EPR) Factor: ",IF(D7="D","Employee Paid Retirement (EPR) Factor: ",""))) | C26: =IF(D7="8",C21, IF(D7="2",C21, IF(D7="D",C21," "))) | F26: Prorated Stipend | G26: =IF(SUM(C23+C24)>0,ROUND((ROUND(C25/12,2)/G15)*G18,2)+(ROUND(C25/12,2)*G17)+ROUND((ROUND(C25/12,2)/G16)*G20,2),0) -> 0
B27: TERM SEMESTER: | C27: =IF(AND(C16>=G4,C16<=H4),"Fall","Spring") -> Spring
A29: Pay Per Semester (Annualized Base Salary/2) | C29: =(C22/2) -> 0
A30: =CONCATENATE("Contractual Days in "&C27&" Semester ") -> Contractual Days in Spring Semester | C30: =IF(C27="Fall",I4,IF(C27="Spring",I5,0.000001)) -> 83
A31: Daily Rate (Pay Per Semester/Contractual Days in Semester) | C31: =C29/C30 -> 0
A32: =CONCATENATE("Number of Days Worked in "&C27&" Semester ") -> Number of Days Worked in Spring Semester | C32: =IF(AND(C27="Fall",C16<H4),NETWORKDAYS(G4,C16,HOLIDAY),IF(AND(C27="Spring",C16<H5),NETWORKDAYS(G5,C16,HOLIDAY))) -> -30004
A33: =CONCATENATE(C27&" Semester Pay (Days Worked x Daily Rate) ") -> Spring Semester Pay (Days Worked x Daily Rate) | C33: =SUM(C31*C32) -> 0
A35: Fall Semester Pay Earned | C35: =IF(C27="Fall",C33,IF(C15<H4,C29,0)) -> 0
A36: Spring Semester Pay Earned | C36: =IF(C27="Spring",C33,0) -> 0
A37: Stipend Earned | C37: =G26 -> 0
B38: Total Pay earned: | C38: =SUM(C35:C37) -> 0
A40: Enter Salary plus Stipend amount paid to date: | C40: 0
A41: =IF(C40>SUM(C35+C36+C37),"Amount employee must pay back to UNR:","Amount owed to employee:") -> Amount owed to employee: | C41: =IF(C40>C38,C40-C38,C38-C40) -> 0

Sheet RETIREMENT PLANS
A1: RETIRE_PLAN | B1: EPR_REDUCE | C1: REDUCTION | E1: WORKSHEET RANGE NAMES | F1: RANGE
A2: 1 | B2: 1 | C2: =1-B2 -> 0 | E2: RET_PLAN | F2: A:1-C:15
A3: 2 | B3: 0.827443 | C3: =1-B3 -> 0.172557 | E3: RET_CODE | F3: A:2-A:15
A4: 3 | B4: 1 | C4: =1-B4 -> 0
A5: 5 | B5: 1 | C5: =1-B5 -> 0 | E5: ANNUAL UPDATES:
A6: 6 | B6: 1 | C6: =1-B6 -> 0 | E6: Update the EPR reduction factor in the EPR_REDUCE column.
A7: 7 | B7: 1 | C7: =1-B7 -> 0
A8: 8 | B8: 0.88594 | C8: =1-B8 -> 0.11406
A9: G | B9: 1 | C9: =1-B9 -> 0
A10: B | B10: 1 | C10: =1-B10 -> 0
A11: D | B11: 0.88594 | C11: =1-B11 -> 0.11406
A12: C | B12: 1 | C12: =1-B12 -> 0
A13: 4 | B13: 1 | C13: =1-B13 -> 0
A14: A | B14: 1 | C14: =1-B14 -> 0
A15: F | B15: 1 | C15: =1-B15 -> 0

Sheet Annual Updates
A1: Annual Updates
A2: Edit only the cells detailed in the instructions below. This workbook is highly automated; making changes to a cell other than those detailed will damage the entire workbook’s calculations.
A3: 1. Update the faculty report date and release dates for the Fall and Spring semesters located in the hidden columns G and H on the Mid Semester “B” Contract Hire worksheet. For the Fall semester, faculty are required to report on the Monday, one week prior to the first day of classes and are released on the Friday after instruction ends. Faculty report for the Spring semester on the Tuesday, the week prior to the first day of class and are released the following Monday after instruction ends. The first day of classes and instruction end dates can be found on the university’s Academic Calendar. Disregard the faculty reporting and release dates published in the Academic Calendar, these dates were voted by the Faculty Senate but not approved by administration.
A4: 2. Enter the fiscal year begin and end dates located in cells G6: H6 on the Mid Semester “B” Contract Hire worksheet.
A5: 3. Edit the observed dates of the eleven state holidays. Only edit the dates of the highlighted cells. Enter the date of the Monday of the start of spring break week. The dates for Spring Break can be found on the university’s Academic Calendar.
A6: 4. If an EPR reduction factor change is approved, edit the EPR_REDUCE column on the hidden RETIREMENT_PLANS. The manager of Benefits can provide you the new factor.
A7: Named ranges used in formulas:
A8: RET_CODES list the retirement codes RET_PLAN is the named range used to lookup the EPR reduction factor. HOLIDAY is located on the Mid Semester “B” Contract Hire worksheet in hidden columns G9:G24
