Workbook
Name _ftn1: 'CE Curriculum'!$O$43
Name _ftn1: 'CE Curriculum BUS minor'!$O$52
Name _ftn1: 'CE Curriculum CO-OP'!$O$52
Name _ftn1: 'CE Curriculum double major'!$O$52
Name _ftn1: 'CE Curriculum ESS Minor'!$O$43
Name _ftnref1: 'CE Curriculum'!#REF!
Name _ftnref1: 'CE Curriculum BUS minor'!#REF!
Name _ftnref1: 'CE Curriculum CO-OP'!#REF!
Name _ftnref1: 'CE Curriculum double major'!#REF!
Name _ftnref1: 'CE Curriculum ESS Minor'!#REF!
Name flow_chart_print: Flowchart!$A$1:$P$32
Name Table_5_1_Curriculum: 'DOUBLE MAJ CHECKLIST'!$V$36
Name Table_5_1_Curriculum: 'ABET Summary'!$V$36
Name Workloads: #REF!

Sheet CE Curriculum
E1: MERRIMACK COLLEGE
E2: CIVIL ENGINEERING CURRICULUM | CO2: ECO 1201 Introduction to Economics
CO3: ECO 1202 Topics in Introductory Economics
A4: Name | B4: ENTER NAME HERE | C4: ID # | D4: ID HERE | F4: Class year: | G4: CLASS YEAR HERE | I4: ADVISOR: | J4: ADVISOR HERE | CO4: ECO 3305 Ecological Economics
B6: FALL | I6: SPRING | BC6: Workloads
F7: FRESHMAN YEAR | BC7: Fall | BE7: Spring | CA7: Arts and Literature | CD7: Ethics | CI7: Historical Studies | CN7: Social Science
A8: GEN 1001 | B8: Intro. to Eng. | C8: 4 | H8: MTH 1505 | I8: Applied Statistics | J8: 4 | BC8: =A8 -> GEN 1001 | BD8: =C8 -> 4 | BE8: =H16 -> GEN2012 | BF8: =J16 -> 4 | CB8: Arts and Literature (AL) | CE8: Ethics | CJ8: Historical Studies | CO8: Social Science | CS8: Science Elective
A9: MTH 1217 | B9: Calculus I | C9: 4 | H9: MTH 1218 | I9: Calculus II | J9: 4 | O9: Pre-requisites or co-requisites not met | BC9: =A16 -> GEN2010 | BD9: =C16 -> 4 | BE9: =H18 -> GEN 3040 | BF9: =J18 -> 4 | CA9: ='[1]LS Core'!C5 -> Communication Arts and Sciences | CB9: ='[1]LS Core'!D5 -> WRT 2790 Public and Private Writing from the Civil War Era | CD9: ='[1]LS Core'!E5 -> Management | CE9: ='[1]LS Core'!F5 -> MGT 3325 Ethics and Social Responsibility | CI9: ='[1]LS Core'!I5 -> Economics | CJ9: ='[1]LS Core'!J5 -> ECO 3314 U.S. Economic History | CN9: ='[1]LS Core'!K5 -> Communication Arts and Sciences | CO9: ='[1]LS Core'!L5 -> COM 2201 Introduction to Interpersonal Communication | CS9: AST 1101 Introduction to Astronomy
A10: PHL 1000 | B10: Intro to Philosophy | C10: 4 | H10: PHY 2211 | I10: Physics I | J10: 4 | O10: Pre-requisite for another course | BC10: =A19 -> CEN 2001 | BD10: =C19 -> 4 | BE10: =H25 -> CEN3030 | BF10: =J25 -> 4 | CA10: ='[1]LS Core'!C6 -> Communication Arts and Sciences | CB10: ='[1]LS Core'!D6 -> WRT 3060 Writing the Personal Memoir | CD10: ='[1]LS Core'!E6 -> Philosophy | CE10: ='[1]LS Core'!F6 -> PHL 2020W Perspectives on the Good Life | CI10: ='[1]LS Core'!I6 -> Economics | CJ10: ='[1]LS Core'!J6 -> ECO 3312 The History of Economic Thought | CN10: ='[1]LS Core'!K6 -> Communication Arts and Sciences | CO10: ='[1]LS Core'!L6 -> COM 2301 Introduction to Organizational Communication | CS10: BIO 1027 Principles of Biology I
A11: FYW 1050 | B11: College Writing | C11: 4 | H11: Arts & Lit (AL) | I11: Elective (course here) | J11: 4 | O11: Co-requisite for another course | BC11: =A25 -> CEN3010 | BD11: =C25 -> 4 | BE11: =H26 -> CEN3050 | BF11: =J26 -> 4 | CA11: ='[1]LS Core'!C7 -> English | CB11: ='[1]LS Core'!D7 -> ENG 1060 Horror Fiction | CD11: ='[1]LS Core'!E7 -> Philosophy | CE11: ='[1]LS Core'!F7 -> PHL 2030 Contemporary Moral Problems | CI11: ='[1]LS Core'!I7 -> History | CJ11: ='[1]LS Core'!J7 -> HIS 1106 History of American Civilization, 1600-1877 | CN11: ='[1]LS Core'!K7 -> Communication Arts and Sciences | CO11: ='[1]LS Core'!L7 -> COM 2401 Introduction to Mass Communication | CS11: BIO 3009 Environment, Ecology and Society
BC12: =A26 -> CEN3020 | BD12: =C26 -> 4 | BE12: =H27 -> CEN3090 | BF12: =J27 -> 1 | CA12: ='[1]LS Core'!C8 -> English | CB12: ='[1]LS Core'!D8 -> ENG 1500 Major British and World Authors | CD12: ='[1]LS Core'!E8 -> Philosophy | CE12: ='[1]LS Core'!F8 -> PHL 2040 Introduction to Political Philosophy | CI12: ='[1]LS Core'!I8 -> History | CJ12: ='[1]LS Core'!J8 -> HIS 1107 History of American Civilization, 1877-2000 | CN12: ='[1]LS Core'!K8 -> Communication Arts and Sciences | CO12: ='[1]LS Core'!L8 -> COM 3231 Intercultural Communication (D) | CS12: BIO 3090 – 3099 Global Field Studies Program Courses
C13: =SUM(C8:C12) -> 16 | J13: =SUM(J8:J12) -> 16 | BC13: =B34 -> Elective (course here) | BD13: =C34 -> 4 | BE13: =H34 -> CEN 4901 | BF13: =J34 -> 4 | CA13: ='[1]LS Core'!C9 -> English | CB13: ='[1]LS Core'!D9 -> ENG 1550 Major American Authors | CD13: ='[1]LS Core'!E9 -> Philosophy | CE13: ='[1]LS Core'!F9 -> PHL 2050 Ethics in the Professions | CI13: ='[1]LS Core'!I9 -> History | CJ13: ='[1]LS Core'!J9 -> HIS 1119 History of Western Civilization I | CN13: ='[1]LS Core'!K9 -> Economics | CO13: ='[1]LS Core'!L9 -> ECO 1201 Introduction to Economics | CS13: CEN 4060 Geology
CA14: ='[1]LS Core'!C10 -> English | CB14: ='[1]LS Core'!D10 -> ENG 2050W Introduction to Literary Studies | CD14: ='[1]LS Core'!E10 -> Philosophy | CE14: ='[1]LS Core'!F10 -> PHL 2060 Biomedical Ethics | CI14: ='[1]LS Core'!I10 -> History | CJ14: ='[1]LS Core'!J10 -> HIS 1120 History of Western Civilization II | CN14: ='[1]LS Core'!K10 -> Economics | CO14: ='[1]LS Core'!L10 -> ECO 1202 Topics in Introductory Economics | CS14: CSC 1610 Computer Science I
F15: SOPHOMORE YEAR | O15: INSTRUCTIONS FOR USE | BC15: =B35 -> Elective (course here) | BD15: =C35 -> 4 | BE15: =I35 -> Elective (course here) | BF15: =J35 -> 4 | CA15: ='[1]LS Core'!C11 -> English | CB15: ='[1]LS Core'!D11 -> ENG 2200 Introduction to Poetry | CD15: ='[1]LS Core'!E11 -> Philosophy | CE15: ='[1]LS Core'!F11 -> PHL 2070 Environmental Ethics | CI15: ='[1]LS Core'!I11 -> History | CJ15: ='[1]LS Core'!J11 -> HIS 2329 American Social History | CN15: ='[1]LS Core'!K11 -> Economics | CO15: ='[1]LS Core'!L11 -> ECO 1203 Principles of Economics – Micro | CS15: HSC 1104 Introduction to Human Disease
A16: GEN2010 | B16: Mechanics I | C16: 4 | H16: GEN2012 | I16: Mechanics II | J16: 4 | O16: 1. Enter a 1 into the boxes outlined in green beside courses that you have completed successfully | BE16: =I36 -> Elective (course here) | BF16: =J36 -> 4 | CA16: ='[1]LS Core'!C12 -> English | CB16: ='[1]LS Core'!D12 -> ENG 2300 Detective Fiction | CD16: ='[1]LS Core'!E12 -> Philosophy | CE16: ='[1]LS Core'!F12 -> PHL 2080 Approaches to Ethics | CI16: ='[1]LS Core'!I12 -> History | CJ16: ='[1]LS Core'!J12 -> HIS 2340 History of Latin America (D) | CN16: ='[1]LS Core'!K12 -> Economics | CO16: ='[1]LS Core'!L12 -> ECO 1204 Principles of Economics – Macro | CS16: HSC 1106 Human Biology
A17: PHY 2212 | B17: Physics II | C17: 4 | H17: MTH 2220 | I17: Diff. Equations | J17: 4 | BE17: =H37 -> CEN 4900 | BF17: =J37 -> 1 | CA17: ='[1]LS Core'!C13 -> English | CB17: ='[1]LS Core'!D13 -> ENG 2740 Politics in Literature | CD17: ='[1]LS Core'!E13 -> Philosophy | CE17: ='[1]LS Core'!F13 -> PHL 2090 Values in a Technological Culture | CI17: ='[1]LS Core'!I13 -> History | CJ17: ='[1]LS Core'!J13 -> HIS 3350 Ancient History | CN17: ='[1]LS Core'!K13 -> Economics | CO17: ='[1]LS Core'!L13 -> ECO 1225 Economics of Gender (D) | CS17: HSC 1122 Anatomy and Physiology I
A18: MTH 2219 | B18: Calculus III | C18: 4 | H18: GEN 3040 | I18: Fluid Mech. | J18: 4 | O18: 2. Now you're ready to begin planning the upcoming semester. Enter a 1 into the green boxes beside courses in which you would like to enroll next semester. | CA18: ='[1]LS Core'!C14 -> English | CB18: ='[1]LS Core'!D14 -> ENG 2750 Adapting the Graphic Novel to Film | CD18: ='[1]LS Core'!E14 -> Philosophy | CE18: ='[1]LS Core'!F14 -> PHL 2100 Women, Ethics and Society (D) | CI18: ='[1]LS Core'!I14 -> History | CJ18: ='[1]LS Core'!J14 -> HIS 3360 Medieval Civilization | CN18: ='[1]LS Core'!K14 -> Economics | CO18: ='[1]LS Core'!L14 -> ECO 2201 Intermediate Micro-Economics | CS18: HSC 2300 Nutrition, Diet and Health
A19: CEN 2001 | B19: CE Site Design | C19: 4 | H19: CHM 1180 | I19: Engineering Chemistry | J19: 4 | CA19: ='[1]LS Core'!C15 -> English | CB19: ='[1]LS Core'!D15 -> ENG 2770 Literature and Film | CD19: ='[1]LS Core'!E15 -> Philosophy | CE19: ='[1]LS Core'!F15 -> PHL 2310 Socrates and the Examined Life | CI19: ='[1]LS Core'!I15 -> History | CJ19: ='[1]LS Core'!J15 -> HIS 3370 Renaissance and Reformation | CN19: ='[1]LS Core'!K15 -> Economics | CO19: ='[1]LS Core'!L15 -> ECO 2202 Intermediate Macro-Economics | CS19: HSC 3302 Community Public Health
O20: 3. The cell will turn red if you are missing any co or pre-requisites, which are shown in teal and pink, respectively. | CA20: ='[1]LS Core'!C16 -> English | CB20: ='[1]LS Core'!D16 -> ENG 3020 A History of the English Language | CD20: ='[1]LS Core'!E16 -> Philosophy | CE20: ='[1]LS Core'!F16 -> PHL 2500 Theories of Justice | CI20: ='[1]LS Core'!I16 -> History | CJ20: ='[1]LS Core'!J16 -> HIS 3376 Era of the French Revolution | CN20: ='[1]LS Core'!K16 -> Economics | CO20: ='[1]LS Core'!L16 -> ECO 3303 Economic Development
CA21: ='[1]LS Core'!C17 -> English | CB21: ='[1]LS Core'!D17 -> ENG 3100 Beowulf and Old English Literature | CD21: ='[1]LS Core'!E17 -> Philosophy | CE21: ='[1]LS Core'!F17 -> PHL 3020 Philosophy of Law | CI21: ='[1]LS Core'!I17 -> History | CJ21: ='[1]LS Core'!J17 -> HIS 3378 History of Modern Britain | CN21: ='[1]LS Core'!K17 -> Economics | CO21: ='[1]LS Core'!L17 -> ECO 3304 Economics of Education
C22: =SUM(C16:C21) -> 16 | J22: =SUM(J16:J20) -> 16 | O22: 4. You may keep track of your progress through the curriculum by clicking on the Flowchart sheet. All completed courses will be outlined in yellow. | CA22: ='[1]LS Core'!C18 -> English | CB22: ='[1]LS Core'!D18 -> ENG 3140 Chaucer and Middle English Literature | CD22: ='[1]LS Core'!E18 -> Philosophy | CE22: ='[1]LS Core'!F18 -> PHL 3030 Global Justice | CI22: ='[1]LS Core'!I18 -> History | CJ22: ='[1]LS Core'!J18 -> HIS 3380 History of Modern Technology | CN22: ='[1]LS Core'!K18 -> Economics | CO22: ='[1]LS Core'!L18 -> ECO 3305 Ecological Economics
CA23: ='[1]LS Core'!C19 -> English | CB23: ='[1]LS Core'!D19 -> ENG 3200 Renaissance Literature | CD23: ='[1]LS Core'!E19 -> Philosophy | CE23: ='[1]LS Core'!F19 -> PHL 3180 Existentialism | CI23: ='[1]LS Core'!I19 -> History | CJ23: ='[1]LS Core'!J19 -> HIS 3390 Modern European Social History | CN23: ='[1]LS Core'!K19 -> Economics | CO23: ='[1]LS Core'!L19 -> ECO 3306 International Economics
F24: JUNIOR YEAR | CA24: ='[1]LS Core'!C20 -> English | CB24: ='[1]LS Core'!D20 -> ENG 3220 Renaissance Drama | CD24: ='[1]LS Core'!E20 -> Religious and Theological Studies | CE24: ='[1]LS Core'!F20 -> RTS 2800 Christian Social Ethics (D) | CI24: ='[1]LS Core'!I20 -> History | CJ24: ='[1]LS Core'!J20 -> HIS 3391 Women in Modern European History (D) | CN24: ='[1]LS Core'!K20 -> Economics | CO24: ='[1]LS Core'!L20 -> ECO 3307 Labor Economics
A25: CEN3010 | B25: Structures | C25: 4 | H25: CEN3030 | I25: Transportation | J25: 4 | BC25: Marc | CA25: ='[1]LS Core'!C21 -> English | CB25: ='[1]LS Core'!D21 -> ENG 3250 Shakespearean Drama | CD25: ='[1]LS Core'!E21 -> Religious and Theological Studies | CE25: ='[1]LS Core'!F21 -> RTS 2900 Holocaust: Theology, Reality and Aftermath (D) | CI25: ='[1]LS Core'!I21 -> History | CJ25: ='[1]LS Core'!J21 -> HIS 3320 The American City | CN25: ='[1]LS Core'!K21 -> Economics | CO25: ='[1]LS Core'!L21 -> ECO 3308 Managerial Economics
A26: CEN3020 | B26: Geotech Engr | C26: 4 | H26: CEN3050 | I26: Enviro. Engr. | J26: 4 | BC26: =BC9 -> GEN2010 | BD26: =BD9 -> 4 | BE26: =BE8 -> GEN2012 | BF26: =BF8+2+3 -> 9 | CA26: ='[1]LS Core'!C22 -> English | CB26: ='[1]LS Core'!D22 -> ENG 3280 Angels and Demons: Milton and the Culture of Revolution | CD26: ='[1]LS Core'!E22 -> Religious and Theological Studies | CE26: ='[1]LS Core'!F22 -> RTS 2950 Ethics in the Abrahamic Traditions | CI26: ='[1]LS Core'!I22 -> History | CJ26: ='[1]LS Core'!J22 -> HIS 3326 History of American Architecture | CN26: ='[1]LS Core'!K22 -> Economics | CO26: ='[1]LS Core'!L22 -> ECO 3309 Marxian Economics
A27: PHY 2213 | B27: Thermodynamics | C27: 2 | H27: CEN3090 | I27: Professionalism & Ethics | J27: 1 | BC27: =BC11 -> CEN3010 | BD27: =BD11 -> 4 | CA27: ='[1]LS Core'!C23 -> English | CB27: ='[1]LS Core'!D23 -> ENG 3300 Restoration and Eighteenth-Century Literature | CD27: ='[1]LS Core'!E23 -> Religious and Theological Studies | CE27: ='[1]LS Core'!F23 -> RTS 3700 African-American Theology (D) | CI27: ='[1]LS Core'!I23 -> History | CJ27: ='[1]LS Core'!J23 -> HIS 3401 Topics in Nineteenth-Century Europe | CN27: ='[1]LS Core'!K23 -> Economics | CO27: ='[1]LS Core'!L23 -> ECO 3310 Money and Finance
A28: RTS 1100 | B28: Christianity in Context | C28: 4 | H28: Ethics (E) | I28: Elective (course here) | J28: 4 | BC28: =BC13 -> Elective (course here) | BD28: =BD13 -> 4 | CA28: ='[1]LS Core'!C24 -> English | CB28: ='[1]LS Core'!D24 -> ENG 3320 Eighteenth-Century Novel | CD28: ='[1]LS Core'!E24 -> Religious and Theological Studies | CE28: ='[1]LS Core'!F24 -> RTS 3710 Feminist Theology (D) | CI28: ='[1]LS Core'!I24 -> History | CJ28: ='[1]LS Core'!J24 -> HIS 3410 Twentieth-Century Europe | CN28: ='[1]LS Core'!K24 -> Economics | CO28: ='[1]LS Core'!L24 -> ECO 3311 Public Finance
A29: Hist. Studies (H) | B29: Elective (course here) | C29: 4 | H29: Science* | I29: Elective (course here) | J29: 4 | CA29: ='[1]LS Core'!C25 -> English | CB29: ='[1]LS Core'!D25 -> ENG 3350 Sex, Race, and Empire: 1660-1814 | CD29: ='[1]LS Core'!E25 -> Religious and Theological Studies | CE29: ='[1]LS Core'!F25 -> RTS 3800 The Catholic Thing: Merton and Day | CI29: ='[1]LS Core'!I25 -> History | CJ29: ='[1]LS Core'!J25 -> HIS 3425 Contemporary United States History | CN29: ='[1]LS Core'!K25 -> Economics | CO29: ='[1]LS Core'!L25 -> ECO 3312 The History of Economic Thought
CA30: ='[1]LS Core'!C26 -> English | CB30: ='[1]LS Core'!D26 -> ENG 3400 British Romanticism | CD30: ='[1]LS Core'!E26 -> Religious and Theological Studies | CE30: ='[1]LS Core'!F26 -> RTS 3850 War and Peace: Religious Perspectives | CI30: ='[1]LS Core'!I26 -> History | CJ30: ='[1]LS Core'!J26 -> HIS 3434 Age of the American Revolution, 1763-1800 | CN30: ='[1]LS Core'!K26 -> Economics | CO30: ='[1]LS Core'!L26 -> ECO 3313 Topics in Quantitative Economics
C31: =C25+C26+C27+C28+C29 -> 18 | J31: =SUM(J25:J29) -> 17 | CA31: ='[1]LS Core'!C27 -> English | CB31: ='[1]LS Core'!D27 -> ENG 3420 American Romanticism | CI31: ='[1]LS Core'!I27 -> History | CJ31: ='[1]LS Core'!J27 -> HIS 3435 American Colonial History | CN31: ='[1]LS Core'!K27 -> Economics | CO31: ='[1]LS Core'!L27 -> ECO 3314 U.S. Economic History
CA32: ='[1]LS Core'!C28 -> English | CB32: ='[1]LS Core'!D28 -> ENG 3440 Victorian Literature | CI32: ='[1]LS Core'!I28 -> History | CJ32: ='[1]LS Core'!J28 -> HIS 3437 Civil War and Reconstruction | CN32: ='[1]LS Core'!K28 -> Economics | CO32: ='[1]LS Core'!L28 -> ECO 3315 Urban and Regional Economics
F33: SENIOR YEAR | BC33: Aaron | CA33: ='[1]LS Core'!C29 -> English | CB33: ='[1]LS Core'!D29 -> ENG 3470 Realism and Naturalism in America | CI33: ='[1]LS Core'!I29 -> History | CJ33: ='[1]LS Core'!J29 -> HIS 3439 Slavery and Race in the Early Modern Atlantic World, 1400-1800 (D) | CN33: ='[1]LS Core'!K29 -> History | CO33: ='[1]LS Core'!L29 -> HIS 3376 Era of the French Revolution
A34: Structures | B34: Elective (course here) | C34: 4 | H34: CEN 4901 | I34: Des. Project | J34: 4 | BC34: =BC12 -> CEN3020 | BD34: =BD12+2+3 -> 9 | BE34: =BE9 -> GEN 3040 | BF34: =BF9+2+3 -> 9 | CA34: ='[1]LS Core'!C30 -> English | CB34: ='[1]LS Core'!D30 -> ENG 3500 Modern British Literature | CI34: ='[1]LS Core'!I30 -> History | CJ34: ='[1]LS Core'!J30 -> HIS 3470 History of Imperial Russia | CN34: ='[1]LS Core'!K30 -> History | CO34: ='[1]LS Core'!L30 -> HIS 3380 History of Modern Technology
A35: Geotechnical | B35: Elective (course here) | C35: 4 | H35: Transportation | I35: Elective (course here) | J35: 4 | BC35: =BC15 -> Elective (course here) | BD35: =BD15 -> 4 | CA35: ='[1]LS Core'!C31 -> English | CB35: ='[1]LS Core'!D31 -> ENG 3520 Modern Irish Literature | CI35: ='[1]LS Core'!I31 -> History | CJ35: ='[1]LS Core'!J31 -> HIS 3471 History of Twentieth-Century Russia | CN35: ='[1]LS Core'!K31 -> History | CO35: ='[1]LS Core'!L31 -> HIS 3390 Modern European Social History
A36: Technical | B36: Elective (course here) | C36: 4 | E36: Work with your advisor here. | H36: Environmental | I36: Elective (course here) | J36: 4 | CA36: ='[1]LS Core'!C32 -> English | CB36: ='[1]LS Core'!D32 -> ENG 3550 Modern American Literature | CI36: ='[1]LS Core'!I32 -> History | CJ36: ='[1]LS Core'!J32 -> HIS 3525 Environmental History of North America | CN36: ='[1]LS Core'!K32 -> History | CO36: ='[1]LS Core'!L32 -> HIS 3391 Women in Modern European History
A37: Soc. Science (SS) | B37: Elective (course here) | C37: 4 | H37: CEN 4900 | I37: Senior Seminar | J37: 1 | BC37: Dave | CA37: ='[1]LS Core'!C33 -> English | CB37: ='[1]LS Core'!D33 -> ENG 3620 Contemporary American Literature | CI37: ='[1]LS Core'!I33 -> Political Science | CJ37: ='[1]LS Core'!J33 -> POL 2581 Political Thought: Plato to Machiavelli | CN37: ='[1]LS Core'!K33 -> Political Science | CO37: ='[1]LS Core'!L33 -> POL 1000 Current Issues in Politics and Government
H38: Soc. Science (SS) | I38: Elective (course here) | J38: 4 | BC38: =BC10 -> CEN 2001 | BD38: =BD10+2+3 -> 9 | BE38: =BE11 -> CEN3050 | BF38: =BF11+2+3 -> 9 | CA38: ='[1]LS Core'!C34 -> English | CB38: ='[1]LS Core'!D34 -> ENG 3650 Contemporary American Drama | CI38: ='[1]LS Core'!I34 -> Political Science | CJ38: ='[1]LS Core'!J34 -> POL 2582 Political Thought: Machiavelli to Marx | CN38: ='[1]LS Core'!K34 -> Political Science | CO38: ='[1]LS Core'!L34 -> POL 1100 Politics of the United States
BE39: =BE12 -> CEN3090 | BF39: =BF12 -> 1 | CA39: ='[1]LS Core'!C35 -> English | CB39: ='[1]LS Core'!D35 -> ENG 3680 World Drama | CI39: ='[1]LS Core'!I35 -> Religious and Theological Studies | CJ39: ='[1]LS Core'!J35 -> RTS 2450 History of Christian Thought | CN39: ='[1]LS Core'!K35 -> Political Science | CO39: ='[1]LS Core'!L35 -> POL 1500 Comparative Politics
A40: Overall GPA | B40: =IFERROR('ABET Summary'!D17," ") | F40: TOOK FE EXAM | BE40: =BE16 -> Elective (course here) | BF40: =BF16 -> 4 | CA40: ='[1]LS Core'!C36 -> English | CB40: ='[1]LS Core'!D36 -> ENG 3685 The Graphic Novel | CI40: ='[1]LS Core'!I36 -> Religious and Theological Studies | CJ40: ='[1]LS Core'!J36 -> RTS 3400 American Catholicism | CN40: ='[1]LS Core'!K36 -> Political Science | CO40: ='[1]LS Core'!L36 -> POL 2000W Political Science Methods (Q)
A41: Major GPA | B41: =IFERROR('ABET Summary'!D16," ") | F41: DIVERSITY CRS. | I41: Course used? | CA41: ='[1]LS Core'!C37 -> English | CB41: ='[1]LS Core'!D37 -> ENG 3700 Self and Society: The Victorian Novel | CI41: ='[1]LS Core'!I37 -> Visual and Performing Arts | CJ41: ='[1]LS Core'!J37 -> FAA 1610 Art History I | CN41: ='[1]LS Core'!K37 -> Political Science | CO41: ='[1]LS Core'!L37 -> POL 2111 State and Local Politics
C42: =SUM(C34:C40) -> 16 | J42: =SUM(J34:J41) -> 17 | CA42: ='[1]LS Core'!C38 -> English | CB42: ='[1]LS Core'!D38 -> ENG 3710 Trans-Atlantic Romanticism | CI42: ='[1]LS Core'!I38 -> Visual and Performing Arts | CJ42: ='[1]LS Core'!J38 -> FAA 1620 Art History II | CN42: ='[1]LS Core'!K38 -> Political Science | CO42: ='[1]LS Core'!L38 -> POL 2120 Government Business and Society
A43: NOTES | H43: List of CE Senior Electives | CA43: ='[1]LS Core'!C39 -> English | CB43: ='[1]LS Core'!D39 -> ENG 3730 Modern American Poetry | CI43: ='[1]LS Core'!I39 -> Visual and Performing Arts | CJ43: ='[1]LS Core'!J39 -> FAA 2520 Theater History I | CN43: ='[1]LS Core'!K39 -> Political Science | CO43: ='[1]LS Core'!L39 -> POL 2121 Public Administration and Public Policy
G44: Environmental Engineering | J44: # cr | BC44: Gary | CA44: ='[1]LS Core'!C40 -> English | CB44: ='[1]LS Core'!D40 -> ENG 3740 American Women’s Fiction | CI44: ='[1]LS Core'!I40 -> Visual and Performing Arts | CJ44: ='[1]LS Core'!J40 -> FAA 2530 Theater History II | CN44: ='[1]LS Core'!K40 -> Political Science | CO44: ='[1]LS Core'!L40 -> POL 2181 American Political Thought
A45: At least one of the general education courses must be chosen from the | H45: CEN 5030 Enviro Design | J45: 4 | BC45: =BC8 -> GEN 1001 | BD45: =BD8+2+3 -> 9 | BE45: =BE10 -> CEN3030 | BF45: =BF10+2 -> 6 | CA45: ='[1]LS Core'!C41 -> English | CB45: ='[1]LS Core'!D41 -> ENG 3750 Gods and Monsters: The Shelley Circle | CI45: ='[1]LS Core'!I41 -> Women’s and Gender Studies | CJ45: ='[1]LS Core'!J41 -> WGS 3300 U.S. Women’s History | CN45: ='[1]LS Core'!K41 -> Political Science | CO45: ='[1]LS Core'!L41 -> POL 2510 International Politics
A46: cultural diversity list of courses. | H46: CEN 5032 Applied Hydrology | J46: 4 | BE46: =BE17 -> CEN 4900 | BF46: =BF17 -> 1 | CA46: ='[1]LS Core'!C42 -> English | CB46: ='[1]LS Core'!D42 -> ENG 3770 Caribbean Women Writers (D) | CN46: ='[1]LS Core'!K42 -> Political Science | CO46: ='[1]LS Core'!L42 -> POL 2581 Political Thought: Plato to Machiavelli
CA47: ='[1]LS Core'!C43 -> English | CB47: ='[1]LS Core'!D43 -> ENG 3780 Poets of New England | CN47: ='[1]LS Core'!K43 -> Political Science | CO47: ='[1]LS Core'!L43 -> POL 2582 Political Thought: Machiavelli to Marx
A48: Other courses taken that do not count toward major: | G48: Geotechnical Engineering | CA48: ='[1]LS Core'!C44 -> English | CB48: ='[1]LS Core'!D44 -> ENG 3790 Poe, Hawthorne, and the American Short Story | CN48: ='[1]LS Core'!K44 -> Political Science | CO48: ='[1]LS Core'!L44 -> POL 3112 Congress and the Legislative Process
H49: CEN 5020 Foundation Engineering | J49: 4 | BC49: Adjuncts | CA49: ='[1]LS Core'!C45 -> English | CB49: ='[1]LS Core'!D45 -> ENG 3800 Post-Colonial Literature (D) | CN49: ='[1]LS Core'!K45 -> Political Science | CO49: ='[1]LS Core'!L45 -> POL 3113 American Presidency
H50: CEN 5022 Earth Slopes & Retaining | J50: 4 | BE50: =BE15 -> Elective (course here) | BF50: =BF15 -> 4 | CA50: ='[1]LS Core'!C46 -> English | CB50: ='[1]LS Core'!D46 -> ENG 3810 American Literature by Women of Color (D) | CN50: ='[1]LS Core'!K46 -> Political Science | CO50: ='[1]LS Core'!L46 -> POL 3114 Political Parties and Interest Groups
BE51: =BE13 -> CEN 4901 | BF51: =BF13+2 -> 6 | CA51: ='[1]LS Core'!C47 -> English | CB51: ='[1]LS Core'!D47 -> ENG 3820 Twentieth-Century Drama and Performance by Women (D) | CN51: ='[1]LS Core'!K47 -> Political Science | CO51: ='[1]LS Core'!L47 -> POL 3122 Issues in Public Policy
G52: Structural Engineering | CA52: ='[1]LS Core'!C48 -> English | CB52: ='[1]LS Core'!D48 -> ENG 3830 American Indian Renaissance (D) | CN52: ='[1]LS Core'!K48 -> Political Science | CO52: ='[1]LS Core'!L48 -> POL 3130 Campaigns and Elections
H53: CEN 5012 Steel Analysis and Design | J53: 4 | CA53: ='[1]LS Core'!C49 -> English | CB53: ='[1]LS Core'!D49 -> ENG 3850 Twentieth-Century Caribbean Writers (D) | CN53: ='[1]LS Core'!K49 -> Political Science | CO53: ='[1]LS Core'!L49 -> POL 3131 Polling and Public Opinion
H54: CEN 5016 Concrete Analysis & Design | J54: 4 | CA54: ='[1]LS Core'!C50 -> English | CB54: ='[1]LS Core'!D50 -> ENG 3860 Italian-American Women Writers (D) | CN54: ='[1]LS Core'!K50 -> Political Science | CO54: ='[1]LS Core'!L50 -> POL 3132 Political Psychology
CA55: ='[1]LS Core'!C51 -> English | CB55: ='[1]LS Core'!D51 -> ENG 3870 Literature of the Harlem Renaissance | CN55: ='[1]LS Core'!K51 -> Political Science | CO55: ='[1]LS Core'!L51 -> POL 3140 Mass Media and American Politics
G56: Transportation | CA56: ='[1]LS Core'!C52 -> English | CB56: ='[1]LS Core'!D52 -> ENG 3900 Creative Writing: Fiction | CN56: ='[1]LS Core'!K52 -> Political Science | CO56: ='[1]LS Core'!L52 -> POL 3141 Political Communication
H57: CEN 5042 Traffic Engineering | J57: 4 | CA57: ='[1]LS Core'!C53 -> English | CB57: ='[1]LS Core'!D53 -> ENG 3910 Writing the Graphic Novel | CN57: ='[1]LS Core'!K53 -> Political Science | CO57: ='[1]LS Core'!L53 -> POL 3150 Criminal Law
A58: *Science Elective may not be in Physics or Chemistry. Suggested courses: | H58: CEN 5040 Geometric Design | J58: 4 | CA58: ='[1]LS Core'!C54 -> English | CB58: ='[1]LS Core'!D54 -> ENG 3920 Creative Writing: Poetry | CN58: ='[1]LS Core'!K54 -> Political Science | CO58: ='[1]LS Core'!L54 -> POL 3151 American Constitutional Law
H59: CEN 5044 Trans Plng & Sys Anal | J59: 4 | CA59: ='[1]LS Core'!C55 -> English | CB59: ='[1]LS Core'!D55 -> ENG 4000 Advanced Creative Writing Workshop | CN59: ='[1]LS Core'!K55 -> Political Science | CO59: ='[1]LS Core'!L55 -> POL 3152 Civil Liberties and Civil Rights (D)
A60: AST 1101 Introduction to Astronomy | C60: CEN 4060 Geology | CA60: ='[1]LS Core'!C56 -> English | CB60: ='[1]LS Core'!D56 -> ENG 4100 Seminar: King Arthur in Victorian England | CN60: ='[1]LS Core'!K56 -> Political Science | CO60: ='[1]LS Core'!L56 -> POL 3160 United States Foreign Policy
A61: BIO 1027 Principles of Biology I | C61: CSC 1610 Computer Science I | G61: Technical Electives | CA61: ='[1]LS Core'!C57 -> English | CB61: ='[1]LS Core'!D57 -> ENG 4160 Seminar: Readers, Writers, and Books | CN61: ='[1]LS Core'!K57 -> Political Science | CO61: ='[1]LS Core'!L57 -> POL 3520 Modern China (D)
A62: BIO 3009 Environment, Ecology and Society | C62: HSC 3302 Community Public Health | H62: (or any of the above not counted as depth elective) | CA62: ='[1]LS Core'!C58 -> History | CB62: ='[1]LS Core'!D58 -> HIS 3326 History of American Architecture | CN62: ='[1]LS Core'!K58 -> Political Science | CO62: ='[1]LS Core'!L58 -> POL 3521 Latin American Politics (D)
A63: BIO 3090 – 3099 Global Field Studies Program Courses | H63: CEN 5050 Const Plng & Mgmt | J63: 4 | CA63: ='[1]LS Core'!C59 -> Humanities | CB63: ='[1]LS Core'!D59 -> HUM 1010 Stories of Ancient Greece | CN63: ='[1]LS Core'!K59 -> Political Science | CO63: ='[1]LS Core'!L59 -> POL 3522 British Politics
H64: CEN 5820 Special Topics in Civil Eng. | J64: 4 | CA64: ='[1]LS Core'!C60 -> Humanities | CB64: ='[1]LS Core'!D60 -> HUM 1020 Medieval Europe | CN64: ='[1]LS Core'!K60 -> Political Science | CO64: ='[1]LS Core'!L60 -> POL 3523 Japanese Politics (D)
CA65: ='[1]LS Core'!C61 -> Humanities | CB65: ='[1]LS Core'!D61 -> HUM 2010 Approaching Modernism | CN65: ='[1]LS Core'!K61 -> Political Science | CO65: ='[1]LS Core'!L61 -> POL 3524 Politics of the Russia and Post-Soviet States
CA66: ='[1]LS Core'!C62 -> Humanities | CB66: ='[1]LS Core'!D62 -> HUM 2020 Approaching Postmodernism | CN66: ='[1]LS Core'!K62 -> Political Science | CO66: ='[1]LS Core'!L62 -> POL 3525 Politics of the Middle East (D)
CA67: ='[1]LS Core'!C63 -> Religious and Theological Studies | CB67: ='[1]LS Core'!D63 -> RTS 2200 Introduction to Hebrew Scripture | CN67: ='[1]LS Core'!K63 -> Political Science | CO67: ='[1]LS Core'!L63 -> POL 3526 Politics of the European Union
CA68: ='[1]LS Core'!C64 -> Religious and Theological Studies | CB68: ='[1]LS Core'!D64 -> RTS 2300 Introduction to the New Testament | CN68: ='[1]LS Core'!K64 -> Political Science | CO68: ='[1]LS Core'!L64 -> POL 3530 Comparative Foreign Policies
CA69: ='[1]LS Core'!C65 -> Religious and Theological Studies | CB69: ='[1]LS Core'!D65 -> RTS 3350 Reading Scripture after the Holocaust (D) | CN69: ='[1]LS Core'!K65 -> Political Science | CO69: ='[1]LS Core'!L65 -> POL 3531 Politics of Developing Nations
CA70: ='[1]LS Core'!C66 -> Visual and Performing Arts | CB70: ='[1]LS Core'!D66 -> FAA 1210 Basic Drawing I | CN70: ='[1]LS Core'!K66 -> Political Science | CO70: ='[1]LS Core'!L66 -> POL 3540 International Political Economy
CA71: ='[1]LS Core'!C67 -> Visual and Performing Arts | CB71: ='[1]LS Core'!D67 -> FAA 1230 2-Dimensional Design | CN71: ='[1]LS Core'!K67 -> Political Science | CO71: ='[1]LS Core'!L67 -> POL 4199 Women and Politics (D)
CA72: ='[1]LS Core'!C68 -> Visual and Performing Arts | CB72: ='[1]LS Core'!D68 -> FAA 1270 Basic Painting I | CN72: ='[1]LS Core'!K68 -> Psychology | CO72: ='[1]LS Core'!L68 -> PSY 1000 Introduction to Psychology
CA73: ='[1]LS Core'!C69 -> Visual and Performing Arts | CB73: ='[1]LS Core'!D69 -> FAA 1310 The Nature of Music: Music and the Environment | CN73: ='[1]LS Core'!K69 -> Psychology | CO73: ='[1]LS Core'!L69 -> PSY 2200 Social Psychology
CA74: ='[1]LS Core'!C70 -> Visual and Performing Arts | CB74: ='[1]LS Core'!D70 -> FAA 1320 History of Rock & Roll | CN74: ='[1]LS Core'!K70 -> Psychology | CO74: ='[1]LS Core'!L70 -> PSY 2280 Organizational Psychology
CA75: ='[1]LS Core'!C71 -> Visual and Performing Arts | CB75: ='[1]LS Core'!D71 -> FAA 1330 Survey of American Music | CN75: ='[1]LS Core'!K71 -> Psychology | CO75: ='[1]LS Core'!L71 -> PSY 2300 Developmental Psychology
CA76: ='[1]LS Core'!C72 -> Visual and Performing Arts | CB76: ='[1]LS Core'!D72 -> FAA 1510 Acting I | CN76: ='[1]LS Core'!K72 -> Psychology | CO76: ='[1]LS Core'!L72 -> PSY 2310 Lifespan Psychology
... CA120: ='[1]LS Core'!C116 -> Visual and Performing Arts | CB120: ='[1]LS Core'!D116 -> FAA 3620 Problems in Classical Art | CN120: ='[1]LS Core'!K116 -> Women’s and Gender Studies | CO120: ='[1]LS Core'!L116 -> WGS 3710 Gender and the Law (D)
CA121: ='[1]LS Core'!C117 -> Visual and Performing Arts | CB121: ='[1]LS Core'!D117 -> FAA 3650 The World of Michelangelo
CA122: ='[1]LS Core'!C118 -> Visual and Performing Arts | CB122: ='[1]LS Core'!D118 -> FAA 3680 Topics in Modern Art
CA123: ='[1]LS Core'!C119 -> Visual and Performing Arts | CB123: ='[1]LS Core'!D119 -> FAA 3700 Drawing and Sculpture: A Study of Form in Tuscany
CA124: ='[1]LS Core'!C120 -> Visual and Performing Arts | CB124: ='[1]LS Core'!D120 -> FAA 3830 Web Design
CA125: ='[1]LS Core'!C121 -> Visual and Performing Arts | CB125: ='[1]LS Core'!D121 -> FAA 3840 2D Web Animation
CA126: ='[1]LS Core'!C122 -> Visual and Performing Arts | CB126: ='[1]LS Core'!D122 -> FAA 3850 History of Graphic Design
CA127: ='[1]LS Core'!C123 -> Visual and Performing Arts | CB127: ='[1]LS Core'!D123 -> FAA 3860 Computer Illustration
CA128: ='[1]LS Core'!C124 -> Visual and Performing Arts | CB128: ='[1]LS Core'!D124 -> FAA 4820 3D Animation and Illustration
CA129: ='[1]LS Core'!C125 -> Visual and Performing Arts | CB129: ='[1]LS Core'!D125 -> FAA 49l0/4920 Fine Arts Internship
CA130: ='[1]LS Core'!C126 -> Women’s and Gender Studies | CB130: ='[1]LS Core'!D126 -> WGS 2260 Southwestern Women Writers and Artists (D)
CA131: ='[1]LS Core'!C127 -> Women’s and Gender Studies | CB131: ='[1]LS Core'!D127 -> WGS 2420 Gender, Sex, and Film (D)
CA132: ='[1]LS Core'!C128 -> Women’s and Gender Studies | CB132: ='[1]LS Core'!D128 -> WGS 3120 Women and Film: The Politics of Representation (D)
... CA149: ='[1]LS Core'!C145 -> World Languages and Cultures | CB149: ='[1]LS Core'!D145 -> SPA 4060 Film and Literature of Contemporary Spain and Latin America
BY150: LAST ROW | CA150: ='[1]LS Core'!C146 -> World Languages and Cultures | CB150: ='[1]LS Core'!D146 -> SPA 4070 Short Fiction of Spanish Speaking World
CA151: ='[1]LS Core'!C147 -> World Languages and Cultures | CB151: ='[1]LS Core'!D147 -> SPA 4080 Hispanic Literature in Translation
CA152: ='[1]LS Core'!C148 -> 0 | CB152: ='[1]LS Core'!D148 -> 0
CA153: ='[1]LS Core'!C149 -> 0 | CB153: ='[1]LS Core'!D149 -> 0
CA154: ='[1]LS Core'!C150 -> 0 | CB154: ='[1]LS Core'!D150 -> 0
CA155: ='[1]LS Core'!C151 -> 0 | CB155: ='[1]LS Core'!D151 -> 0
CA156: ='[1]LS Core'!C152 -> 0 | CB156: ='[1]LS Core'!D152 -> 0

Sheet CE Curriculum CO-OP
E1: MERRIMACK COLLEGE
E2: DEPARTMENT OF CIVIL ENGINEERING CURRICULUM
A4: Name | B4: ENTER NAME HERE | C4: ID # | D4: ID HERE | F4: Class year: | G4: CLASS YEAR HERE | I4: ADVISOR: | J4: ADVISOR HERE
B6: FALL | I6: SPRING | BC6: Workloads
F7: FRESHMAN YEAR | BC7: Fall | BE7: Spring
A8: GEN 1001 | B8: Intro. to Eng. | C8: 4 | H8: MTH 1505 | I8: Applied Statistics | J8: 4 | BC8: =A8 -> GEN 1001 | BD8: =C8 -> 4 | BE8: =H16 -> GEN2012 | BF8: =J16 -> 4
A9: MTH 1217 | B9: Calculus I | C9: 4 | H9: MTH 1218 | I9: Calculus II | J9: 4 | O9: Pre-requisites or co-requisites not met | BC9: =A16 -> GEN2010 | BD9: =C16 -> 4 | BE9: =H18 -> GEN 3040 | BF9: =J18 -> 4
A10: PHL 1000 | B10: Intro to Philosophy | C10: 4 | H10: PHY 2211 | I10: Physics I | J10: 4 | O10: Pre-requisite for another course | BC10: =A19 -> CEN 2001 | BD10: =C19 -> 4 | BE10: =H25 -> CEN3030 | BF10: =J25 -> 4
A11: FYW 1050 | B11: College Writing | C11: 4 | H11: Arts & Lit (AL) | I11: Elective (course here) | J11: 4 | O11: Co-requisite for another course | BC11: =A34 -> CEN3010 | BD11: =C34 -> 4 | BE11: =H26 -> CEN3050 | BF11: =J26 -> 4
BC12: =A35 -> CEN3020 | BD12: =C35 -> 4 | BE12: =H27 -> CEN3090 | BF12: =J27 -> 1
C13: =SUM(C8:C12) -> 16 | J13: =SUM(J8:J12) -> 16 | BC13: =B43 -> Elective (course here) | BD13: =C43 -> 4 | BE13: =H43 -> CEN 4901 | BF13: =J43 -> 4
F15: SOPHOMORE YEAR | O15: INSTRUCTIONS FOR USE | BC15: =B44 -> Elective (course here) | BD15: =C44 -> 4 | BE15: =I44 -> Elective (course here) | BF15: =J44 -> 4
A16: GEN2010 | B16: Mechanics I | C16: 4 | H16: GEN2012 | I16: Mechanics II | J16: 4 | O16: 1. Enter a 1 into the boxes outlined in green beside courses that you have completed successfully | BE16: =I45 -> Elective (course here) | BF16: =J45 -> 4
A17: PHY 2212 | B17: Physics II | C17: 4 | H17: MTH 2220 | I17: Diff. Equations | J17: 4 | BE17: =H46 -> CEN 4900 | BF17: =J46 -> 1
A18: MTH 2219 | B18: Calculus III | C18: 4 | H18: GEN 3040 | I18: Fluid Mech. | J18: 4 | O18: 2. Now you're ready to begin planning the upcoming semester. Enter a 1 into the green boxes beside courses in which you would like to enroll next semester.
A19: CEN 2001 | B19: CE Site Design | C19: 4 | H19: CHM 1180 | I19: Engineering Chemistry | J19: 4
O20: 3. The cell will turn red if you are missing any co or pre-requisites, which are shown in teal and pink, respectively.
C22: =SUM(C16:C21) -> 16 | J22: =SUM(J16:J20) -> 16 | O22: 4. You may keep track of your progress through the curriculum by clicking on the Flowchart sheet. All completed courses will be outlined in yellow.
F23: WORK IN SUMMER
F24: JUNIOR YEAR 1
H25: CEN3030 | I25: Transportation | J25: 4
H26: CEN3050 | I26: Enviro. Engr. | J26: 4
B27: WORK DURING FALL | H27: CEN3090 | I27: Professionalism & Ethics | J27: 1
H28: Ethics (E) | I28: Elective (course here) | J28: 4
H29: Science* | I29: Elective (course here) | J29: 4
J31: =SUM(J25:J29) -> 17
F32: WORK IN SUMMER
F33: JUNIOR YEAR 2
A34: CEN3010 | B34: Structures | C34: 4 | BC34: Marc
A35: CEN3020 | B35: Geotech Engr | C35: 4 | BC35: =BC9 -> GEN2010 | BD35: =BD9 -> 4 | BE35: =BE8 -> GEN2012 | BF35: =BF8+2+3 -> 9
A36: PHY 2213 | B36: Thermodynamics | C36: 2 | I36: WORK DURING SPRING | BC36: =BC11 -> CEN3010 | BD36: =BD11 -> 4
A37: RTS 1100 | B37: Christianity in Context | C37: 4 | BC37: =BC13 -> Elective (course here) | BD37: =BD13 -> 4
A38: Hist. Studies (H) | B38: Elective (course here) | C38: 4
C40: =C34+C35+C36+C37+C38 -> 18
F41: WORK IN SUMMER
F42: SENIOR YEAR | BC42: Aaron
A43: Structures | B43: Elective (course here) | C43: 4 | H43: CEN 4901 | I43: Des. Project | J43: 4 | BC43: =BC12 -> CEN3020 | BD43: =BD12+2+3 -> 9 | BE43: =BE9 -> GEN 3040 | BF43: =BF9+2+3 -> 9
A44: Geotechnical | B44: Elective (course here) | C44: 4 | H44: Transportation | I44: Elective (course here) | J44: 4 | BC44: =BC15 -> Elective (course here) | BD44: =BD15 -> 4
A45: Technical | B45: Elective (course here) | C45: 4 | E45: Work with your advisor here. | H45: Environmental | I45: Elective (course here) | J45: 4
A46: Soc. Science (SS) | B46: Elective (course here) | C46: 4 | H46: CEN 4900 | I46: Senior Seminar | J46: 1 | BC46: Dave
H47: Soc. Science (SS) | I47: Elective (course here) | J47: 4 | BC47: =BC10 -> CEN 2001 | BD47: =BD10+2+3 -> 9 | BE47: =BE11 -> CEN3050 | BF47: =BF11+2+3 -> 9
BE48: =BE12 -> CEN3090 | BF48: =BF12 -> 1
F49: TOOK FE EXAM | BE49: =BE16 -> Elective (course here) | BF49: =BF16 -> 4
C51: =SUM(C43:C49) -> 16 | J51: =SUM(J43:J50) -> 17
A52: NOTES | H52: List of CE Senior Electives
G53: Environmental Engineering | J53: # cr | BC53: Gary
A54: For Students matriculating prior to Fall 2008 and/or transfers | H54: CEN 4030 Enviro Design | J54: 4 | BC54: =BC8 -> GEN 1001 | BD54: =BD8+2+3 -> 9 | BE54: =BE10 -> CEN3030 | BF54: =BF10+2 -> 6
A55: Freshman Seminar or other writing intensivecourse | H55: CEN 4032 Applied Hydrology | J55: 4 | BE55: =BE17 -> CEN 4900 | BF55: =BF17 -> 1
A56: Number | B56: Credits
A57: =IF(AND(C8=4,D8=1),CONCATENATE(A8," ",B8),"") | B57: =IF(AND(C8=4,D8=1),C8,"") | G57: Geotechnical Engineering
H58: CEN 4020 Geotechnical Design | J58: 4 | BC58: Adjuncts
A59: Second Philosophy course | BE59: =BE15 -> Elective (course here) | BF59: =BF15 -> 4
A60: Number | B60: Credits | G60: Structural Engineering | BE60: =BE13 -> CEN 4901 | BF60: =BF13+2 -> 6
H61: CEN 4012 Steel Analysis and Design | J61: 4
H62: CEN4016 Concrete Analysis & Design | J62: 4
A63: OTHER RULES FOR TRANSITION:
G64: Transportation
H65: CEN 4042 Traffic Engineering | J65: 4
H66: CEN 4040 Geometric Design | J66: 4
A67: *Science Elective may not be in Physics or Chemistry. Suggested courses: | H67: CEN 4044 Trans Plng & Sys Anal | J67: 4
A69: AST 1101 Introduction to Astronomy | C69: CEN 4060 Geology | G69: Technical Electives
A70: BIO 1027 Principles of Biology I | C70: CSC 1610 Computer Science I | H70: (or any of the above not counted as depth elective)
A71: BIO 3009 Environment, Ecology and Society | C71: HSC 3302 Community Public Health | H71: CEN 4050 Const Plng & Mgmt | J71: 4
A72: BIO 3090 – 3099 Global Field Studies Program Courses | H72: CEN 4820 Special Topics in Civil Eng. | J72: 4

Sheet CE Curriculum BUS minor
E1: MERRIMACK COLLEGE
E2: DEPARTMENT OF CIVIL ENGINEERING CURRICULUM
A4: Name | B4: ENTER NAME HERE | C4: ID # | D4: ID HERE | F4: Class year: | G4: CLASS YEAR HERE | I4: ADVISOR: | J4: ADVISOR HERE
B6: FALL | I6: SPRING | BC6: Workloads
F7: FRESHMAN YEAR | BC7: Fall | BE7: Spring
A8: GEN 1001 | B8: Intro. to Eng. | C8: 4 | H8: MTH 1505 | I8: Applied Statistics | J8: 4 | BC8: =A8 -> GEN 1001 | BD8: =C8 -> 4 | BE8: =H16 -> GEN2012 | BF8: =J16 -> 4
A9: MTH 1217 | B9: Calculus I | C9: 4 | H9: MTH 1218 | I9: Calculus II | J9: 4 | O9: Pre-requisites or co-requisites not met | BC9: =A16 -> GEN2010 | BD9: =C16 -> 4 | BE9: =H18 -> GEN 3040 | BF9: =J18 -> 4
A10: PHL 1000 | B10: Intro to Philosophy | C10: 4 | H10: PHY 2211 | I10: Physics I | J10: 4 | O10: Pre-requisite for another course | BC10: =A19 -> BUS 1100 | BD10: =C19 -> 4 | BE10: =H25 -> CEN3030 | BF10: =J25 -> 4
A11: FYW1050 | B11: College Writing | C11: 4 | H11: Arts & Lit (AL) | I11: Elective (course here) | J11: 4 | O11: Co-requisite for another course | BC11: =A34 -> CEN3010 | BD11: =C34 -> 4 | BE11: =H26 -> CEN3050 | BF11: =J26 -> 4
BC12: =A35 -> CEN3020 | BD12: =C35 -> 4 | BE12: =H27 -> CEN3090 | BF12: =J27 -> 1
C13: =SUM(C8:C12) -> 16 | J13: =SUM(J8:J12) -> 16 | BC13: =B43 -> Structures elective | BD13: =C43 -> 4 | BE13: =H43 -> CEN 4901 | BF13: =J43 -> 4
F15: SOPHOMORE YEAR | O15: INSTRUCTIONS FOR USE | BC15: =B44 -> Geotechnical elective | BD15: =C44 -> 4 | BE15: =I44 -> Management Info. Systems | BF15: =J44 -> 4
A16: GEN2010 | B16: Mechanics I | C16: 4 | H16: GEN2012 | I16: Mechanics II | J16: 4 | O16: 1. Enter a 1 into the boxes outlined in green beside courses that you have completed successfully | BE16: =I45 -> Operations Management | BF16: =J45 -> 4
A17: PHY 2212 | B17: Physics II | C17: 4 | H17: MTH 2220 | I17: Diff. Equations | J17: 4 | BE17: =H46 -> CEN 4900 | BF17: =J46 -> 1
A18: MTH 2219 | B18: Calculus III | C18: 4 | H18: GEN 3040 | I18: Fluid Mech. | J18: 4 | O18: 2. Now you're ready to begin planning the upcoming semester. Enter a 1 into the green boxes beside courses in which you would like to enroll next semester.
A19: BUS 1100 | B19: Essentials of Bus. Analysis | C19: 4 | H19: CHM 1180 | I19: Engineering Chemistry | J19: 4
O20: 3. The cell will turn red if you are missing any co or pre-requisites, which are shown in teal and pink, respectively.
C22: =SUM(C16:C21) -> 16 | J22: =SUM(J16:J20) -> 16 | O22: 4. You may keep track of your progress through the curriculum by clicking on the Flowchart sheet. All completed courses will be outlined in yellow.
F23: WORK IN SUMMER
F24: JUNIOR YEAR 1
A25: BUS 2203 | B25: Accounting for Business | C25: 4 | H25: CEN3030 | I25: Transportation | J25: 4
A26: BUS 2205 | B26: Principles of Marketing | C26: 4 | H26: CEN3050 | I26: Enviro. Engr. | J26: 4
A27: CEN 2001 | B27: CE Site Design | C27: 4 | H27: CEN3090 | I27: Professionalism & Ethics | J27: 1
A28: RTS 1100 | B28: Christianity in Context | C28: 4 | H28: Ethics (E) | I28: Elective (course here) | J28: 4
H29: Science* | I29: Elective (course here) | J29: 4
J31: =SUM(J25:J29) -> 17
F32: WORK IN SUMMER
F33: JUNIOR YEAR 2
A34: CEN3010 | B34: Structures | C34: 4 | BC34: Marc
A35: CEN3020 | B35: Geotech Engr | C35: 4 | BC35: =BC9 -> GEN2010 | BD35: =BD9 -> 4 | BE35: =BE8 -> GEN2012 | BF35: =BF8+2+3 -> 9
A36: PHY 2213 | B36: Thermodynamics | C36: 2 | I36: WORK DURING SPRING | BC36: =BC11 -> CEN3010 | BD36: =BD11 -> 4
A37: RTS 1001 | B37: Intro to Religious Studies | C37: 4 | BC37: =BC13 -> Structures elective | BD37: =BD13 -> 4
A38: Hist. Studies (H) | B38: Elective (course here) | C38: 4
C40: =C34+C35+C36+C37+C38 -> 18
F41: WORK IN SUMMER
F42: SENIOR YEAR | BC42: Aaron
A43: CEN | B43: Structures elective | C43: 4 | H43: CEN 4901 | I43: Des. Project | J43: 4 | BC43: =BC12 -> CEN3020 | BD43: =BD12+2+3 -> 9 | BE43: =BE9 -> GEN 3040 | BF43: =BF9+2+3 -> 9
A44: CEN | B44: Geotechnical elective | C44: 4 | H44: BUS 2210 | I44: Management Info. Systems | J44: 4 | BC44: =BC15 -> Geotechnical elective | BD44: =BD15 -> 4
A45: CEN | B45: Environmental elective | C45: 4 | E45: Work with your advisor here. | H45: BUS 2220 | I45: Operations Management | J45: 4
A46: Soc. Science (SS) | B46: Elective (course here) | C46: 4 | H46: CEN 4900 | I46: Senior Seminar | J46: 1 | BC46: Dave
H47: Social Science | I47: Elective (course here) | J47: 4 | BC47: =BC10 -> BUS 1100 | BD47: =BD10+2+3 -> 9 | BE47: =BE11 -> CEN3050 | BF47: =BF11+2+3 -> 9
BE48: =BE12 -> CEN3090 | BF48: =BF12 -> 1
F49: TOOK FE EXAM | BE49: =BE16 -> Operations Management | BF49: =BF16 -> 4
C51: =SUM(C43:C49) -> 16 | J51: =SUM(J43:J50) -> 17
A52: NOTES | H52: List of CE Senior Electives
G53: Environmental Engineering | J53: # cr | BC53: Gary
A54: For Students matriculating prior to Fall 2008 and/or transfers | H54: CEN 4030 Enviro Design | J54: 4 | BC54: =BC8 -> GEN 1001 | BD54: =BD8+2+3 -> 9 | BE54: =BE10 -> CEN3030 | BF54: =BF10+2 -> 6
A55: Freshman Seminar or other writing intensivecourse | H55: CEN 4032 Applied Hydrology | J55: 4 | BE55: =BE17 -> CEN 4900 | BF55: =BF17 -> 1
A56: Number | B56: Credits
A57: =IF(AND(C8=4,D8=1),CONCATENATE(A8," ",B8),"") | B57: =IF(AND(C8=4,D8=1),C8,"") | G57: Geotechnical Engineering
H58: CEN 4020 Geotechnical Design | J58: 4 | BC58: Adjuncts
A59: Second Philosophy course | BE59: =BE15 -> Management Info. Systems | BF59: =BF15 -> 4
A60: Number | B60: Credits | G60: Structural Engineering | BE60: =BE13 -> CEN 4901 | BF60: =BF13+2 -> 6
H61: CEN 4012 Steel Analysis and Design | J61: 4
H62: CEN4016 Concrete Analysis & Design | J62: 4
A63: OTHER RULES FOR TRANSITION:
G64: Transportation
H65: CEN 4042 Traffic Engineering | J65: 4
H66: CEN 4040 Geometric Design | J66: 4
A67: *Science Elective may not be in Physics or Chemistry. Suggested courses: | H67: CEN 4044 Trans Plng & Sys Anal | J67: 4
A69: AST 1101 Introduction to Astronomy | C69: CEN 4060 Geology | G69: Technical Electives
A70: BIO 1027 Principles of Biology I | C70: CSC 1610 Computer Science I | H70: (or any of the above not counted as depth elective)
A71: BIO 3009 Environment, Ecology and Society | C71: HSC 3302 Community Public Health | H71: CEN 4050 Const Plng & Mgmt | J71: 4
A72: BIO 3090 – 3099 Global Field Studies Program Courses | H72: CEN 4820 Special Topics in Civil Eng. | J72: 4

Sheet CE Curriculum double major
E1: MERRIMACK COLLEGE
E2: DEPARTMENT OF CIVIL ENGINEERING CURRICULUM
F3: CE and WLC Double Major Proposal
A4: Name | B4: ENTER NAME HERE | C4: ID # | D4: ID HERE | F4: Class year: | G4: CLASS YEAR HERE | I4: ADVISOR: | J4: ADVISOR HERE
B6: FALL | I6: SPRING | BC6: Workloads
F7: FRESHMAN YEAR | BC7: Fall | BE7: Spring
A8: GEN 1001 | B8: Intro. to Eng. | C8: 4 | H8: MTH 1505 | I8: Applied Statistics | J8: 4 | BC8: =A8 -> GEN 1001 | BD8: =C8 -> 4 | BE8: =H16 -> GEN2012 | BF8: =J16 -> 4
A9: MTH 1217 | B9: Calculus I | C9: 4 | H9: MTH 1218 | I9: Calculus II | J9: 4 | O9: Pre-requisites or co-requisites not met | BC9: =A16 -> GEN2010 | BD9: =C16 -> 4 | BE9: =H18 -> GEN 3040 | BF9: =J18 -> 4
A10: WLC | B10: Major Course | C10: 4 | H10: PHY 2211 | I10: Physics I | J10: 4 | O10: Pre-requisite for another course | BC10: =A19 -> WLC | BD10: =C19 -> 4 | BE10: =H25 -> CEN3030 | BF10: =J25 -> 4
A11: FYW 1050 | B11: College Writing | C11: 4 | H11: Arts & Lit (AL) | I11: choose WLC major course | J11: 4 | O11: Co-requisite for another course | BC11: =A34 -> MTH 2220 | BD11: =C34 -> 4 | BE11: =H26 -> CEN3050 | BF11: =J26 -> 4
BC12: =A35 -> PHL 1000 | BD12: =C35 -> 4 | BE12: =H27 -> CEN3090 | BF12: =J27 -> 1
C13: =SUM(C8:C12) -> 16 | J13: =SUM(J8:J12) -> 16 | BC13: =B43 -> Elective (course here) | BD13: =C43 -> 4 | BE13: =H43 -> CEN 4901 | BF13: =J43 -> 4
F15: SOPHOMORE YEAR | O15: INSTRUCTIONS FOR USE | BC15: =B44 -> Elective (course here) | BD15: =C44 -> 4 | BE15: =I44 -> Elective (course here) | BF15: =J44 -> 4
A16: GEN2010 | B16: Mechanics I | C16: 4 | H16: GEN2012 | I16: Mechanics II | J16: 4 | O16: 1. Enter a 1 into the boxes outlined in green beside courses that you have completed successfully | BE16: =I45 -> Elective (course here) | BF16: =J45 -> 4
A17: PHY 2212 | B17: Physics II | C17: 4 | H17: WLC | I17: Major course | J17: 3 | BE17: =H46 -> CEN 4900 | BF17: =J46 -> 1
A18: MTH 2219 | B18: Calculus III | C18: 4 | H18: GEN 3040 | I18: Fluid Mech. | J18: 4 | O18: 2. Now you're ready to begin planning the upcoming semester. Enter a 1 into the green boxes beside courses in which you would like to enroll next semester.
A19: WLC | B19: Major course | C19: 4 | H19: CHM 1180 | I19: Engineering Chemistry | J19: 4
O20: 3. The cell will turn red if you are missing any co or pre-requisites, which are shown in teal and pink, respectively.
C22: =SUM(C16:C21) -> 16 | J22: =SUM(J16:J20) -> 15 | O22: 4. You may keep track of your progress through the curriculum by clicking on the Flowchart sheet. All completed courses will be outlined in yellow.
F23: WORK IN SUMMER
F24: JUNIOR YEAR 1
A25: CEN 2001 | B25: CE Site Design | C25: 4 | H25: CEN3030 | I25: Transportation | J25: 4
A26: CEN3010 | B26: Structures | C26: 4 | H26: CEN3050 | I26: Enviro. Engr. | J26: 4
A27: CEN3020 | B27: Geotech Engr | C27: 4 | H27: CEN3090 | I27: Professionalism & Ethics | J27: 1
A28: WLC | B28: Major course | C28: 4 | H28: Ethics (E) | I28: Elective (course here) | J28: 4
H29: WLC | I29: Major course | J29: 3
J31: =SUM(J25:J29) -> 16
F32: WORK IN SUMMER
F33: JUNIOR YEAR 2
A34: MTH 2220 | B34: Diff. Equations | C34: 4 | H34: STUDY ABROAD SEMESTER | BC34: Marc
A35: PHL 1000 | B35: Intro to Philosophy | C35: 4 | H35: WLC | I35: Major course | J35: 3 | BC35: =BC9 -> GEN2010 | BD35: =BD9 -> 4 | BE35: =BE8 -> GEN2012 | BF35: =BF8+2+3 -> 9
A36: PHY 2213 | B36: Thermodynamics | C36: 2 | H36: Science* | I36: Elective (course here) | J36: 3 | BC36: =BC11 -> MTH 2220 | BD36: =BD11 -> 4
A37: RTS 1100 | B37: Christianity in Context | C37: 4 | H37: Soc. Science (SS) | I37: Elective (course here) | J37: 3 | BC37: =BC13 -> Elective (course here) | BD37: =BD13 -> 4
A38: WLC | B38: Major Course | C38: 4 | H38: Hist. Studies (H) | I38: Elective (course here) | J38: 3
C40: =C34+C35+C36+C37+C38 -> 18
F41: WORK IN SUMMER
F42: SENIOR YEAR | BC42: Aaron
A43: Structures | B43: Elective (course here) | C43: 4 | H43: CEN 4901 | I43: Des. Project | J43: 4 | BC43: =BC12 -> PHL 1000 | BD43: =BD12+2+3 -> 9 | BE43: =BE9 -> GEN 3040 | BF43: =BF9+2+3 -> 9
A44: Geotechnical | B44: Elective (course here) | C44: 4 | H44: Transportation | I44: Elective (course here) | J44: 4 | BC44: =BC15 -> Elective (course here) | BD44: =BD15 -> 4
A45: Soc. Science (SS) | B45: Elective (course here) | C45: 4 | E45: Work with your advisor here. | H45: Environmental | I45: Elective (course here) | J45: 4
A46: Technical | B46: Int'l Service Project | C46: 4 | H46: CEN 4900 | I46: Senior Seminar | J46: 1 | BC46: Dave
BC47: =BC10 -> WLC | BD47: =BD10+2+3 -> 9 | BE47: =BE11 -> CEN3050 | BF47: =BF11+2+3 -> 9
BE48: =BE12 -> CEN3090 | BF48: =BF12 -> 1
F49: TOOK FE EXAM | BE49: =BE16 -> Elective (course here) | BF49: =BF16 -> 4
C51: =SUM(C43:C49) -> 16 | J51: =SUM(J43:J50) -> 13
A52: NOTES | H52: List of CE Senior Electives
G53: Environmental Engineering | J53: # cr | BC53: Gary
A54: For Students matriculating prior to Fall 2008 and/or transfers | H54: CEN 4030 Enviro Design | J54: 4 | BC54: =BC8 -> GEN 1001 | BD54: =BD8+2+3 -> 9 | BE54: =BE10 -> CEN3030 | BF54: =BF10+2 -> 6
A55: Freshman Seminar or other writing intensivecourse | H55: CEN 4032 Applied Hydrology | J55: 4 | BE55: =BE17 -> CEN 4900 | BF55: =BF17 -> 1
A56: Number | B56: Credits
A57: =IF(AND(C8=4,D8=1),CONCATENATE(A8," ",B8),"") | B57: =IF(AND(C8=4,D8=1),C8,"") | G57: Geotechnical Engineering
H58: CEN 4020 Geotechnical Design | J58: 4 | BC58: Adjuncts
A59: Second Philosophy course | BE59: =BE15 -> Elective (course here) | BF59: =BF15 -> 4
A60: Number | B60: Credits | G60: Structural Engineering | BE60: =BE13 -> CEN 4901 | BF60: =BF13+2 -> 6
H61: CEN 4012 Steel Analysis and Design | J61: 4
H62: CEN4016 Concrete Analysis & Design | J62: 4
A63: OTHER RULES FOR TRANSITION:
G64: Transportation
H65: CEN 4042 Traffic Engineering | J65: 4
H66: CEN 4040 Geometric Design | J66: 4
A67: *Science Elective may not be in Physics or Chemistry. Suggested courses: | H67: CEN 4044 Trans Plng & Sys Anal | J67: 4
A69: AST 1101 Introduction to Astronomy | C69: CEN 4060 Geology | G69: Technical Electives
A70: BIO 1027 Principles of Biology I | C70: CSC 1610 Computer Science I | H70: (or any of the above not counted as depth elective)
A71: BIO 3009 Environment, Ecology and Society | C71: HSC 3302 Community Public Health | H71: CEN 4050 Const Plng & Mgmt | J71: 4
A72: BIO 3090 – 3099 Global Field Studies Program Courses | H72: CEN 4820 Special Topics in Civil Eng. | J72: 4
A84: PHL 1000 | B84: Intro to Philosophy | C84: 4

Sheet CE Curriculum ESS Minor
E1: MERRIMACK COLLEGE
E2: DEPARTMENT OF CIVIL ENGINEERING CURRICULUM
A4: Name | B4: ENTER NAME HERE | C4: ID # | D4: ID HERE | F4: Class year: | G4: CLASS YEAR HERE | I4: ADVISOR: | J4: ADVISOR HERE
B6: FALL | I6: SPRING | BC6: Workloads
F7: FRESHMAN YEAR | BC7: Fall | BE7: Spring
A8: GEN 1001 | B8: Intro. to Eng. | C8: 4 | H8: MTH 1505* | I8: Applied Statistics | J8: 4 | BC8: =A8 -> GEN 1001 | BD8: =C8 -> 4 | BE8: =H16 -> GEN2012 | BF8: =J16 -> 4
A9: MTH 1217 | B9: Calculus I | C9: 4 | H9: MTH 1218 | I9: Calculus II | J9: 4 | O9: Pre-requisites or co-requisites not met | BC9: =A16 -> GEN2010 | BD9: =C16 -> 4 | BE9: =H18 -> GEN 3040 | BF9: =J18 -> 4
A10: PHL 1000 | B10: Intro to Philosophy | C10: 4 | H10: PHY 2211 | I10: Physics I | J10: 4 | O10: Pre-requisite for another course | BC10: =A19 -> CEN 2001 | BD10: =C19 -> 4 | BE10: =H25 -> CEN3030 | BF10: =J25 -> 4
A11: FYW 1050 | B11: College Writing | C11: 4 | H11: Arts & Lit (AL) | I11: Elective (course here) | J11: 4 | O11: Co-requisite for another course | BC11: =A25 -> CEN3010 | BD11: =C25 -> 4 | BE11: =H26 -> CEN3050 | BF11: =J26 -> 4
H12: * replaces MTH 1111 | BC12: =A26 -> CEN3020 | BD12: =C26 -> 4 | BE12: =H27 -> CEN3090 | BF12: =J27 -> 1
C13: 16 | J13: 16 | BC13: =B34 -> Elective (course here) | BD13: =C34 -> 4 | BE13: =H34 -> CEN 4901 | BF13: =J34 -> 4
F15: SOPHOMORE YEAR | O15: INSTRUCTIONS FOR USE | BC15: =B35 -> Elective (course here) | BD15: =C35 -> 4 | BE15: =I35 -> Elective (course here) | BF15: =J35 -> 4
A16: GEN2010 | B16: Mechanics I | C16: 4 | H16: GEN2012 | I16: Mechanics II | J16: 4 | O16: 1. Enter a 1 into the boxes outlined in green beside courses that you have completed successfully | BE16: =I36 -> Elective (course here) | BF16: =J36 -> 4
A17: PHY 2212 | B17: Physics II | C17: 4 | H17: MTH 2220 | I17: Diff. Equations | J17: 4 | BE17: =H37 -> CEN 4900 | BF17: =J37 -> 1
A18: MTH 2219 | B18: Calculus III | C18: 4 | H18: GEN 3040 | I18: Fluid Mech. | J18: 4 | O18: 2. Now you're ready to begin planning the upcoming semester. Enter a 1 into the green boxes beside courses in which you would like to enroll next semester.
A19: CEN 2001 | B19: CE Site Design | C19: 4 | H19: CHM 1180 | I19: Engineering Chemistry | J19: 4
O20: 3. The cell will turn red if you are missing any co or pre-requisites, which are shown in teal and pink, respectively.
C22: 16 | J22: 16 | O22: 4. You may keep track of your progress through the curriculum by clicking on the Flowchart sheet. All completed courses will be outlined in yellow.
F24: JUNIOR YEAR
A25: CEN3010 | B25: Structures | C25: 4 | H25: CEN3030 | I25: Transportation | J25: 4 | BC25: Marc
A26: CEN3020 | B26: Geotech Engr | C26: 4 | H26: CEN3050 | I26: Enviro. Engr. | J26: 4 | BC26: =BC9 -> GEN2010 | BD26: =BD9 -> 4 | BE26: =BE8 -> GEN2012 | BF26: =BF8+2+3 -> 9
A27: PHY 2213 | B27: Thermodynamics | C27: 2 | H27: CEN3090 | I27: Professionalism & Ethics | J27: 1 | BC27: =BC11 -> CEN3010 | BD27: =BD11 -> 4
A28: RTS 1100 | B28: Christianity in Context | C28: 4 | H28: PHL 2070 | I28: Enviro Ethis | J28: 4 | BC28: =BC13 -> Elective (course here) | BD28: =BD13 -> 4
A29: HIS 3525 | B29: Environmental History of North America | C29: 4 | H29: ESS 1050 | I29: Enviro Studies Gateway | J29: 4
C31: 18 | J31: 17
F33: SENIOR YEAR | BC33: Aaron
A34: Structures | B34: Elective (course here) | C34: 4 | H34: CEN 4901 | I34: Des. Project | J34: 4 | BC34: =BC12 -> CEN3020 | BD34: =BD12+2+3 -> 9 | BE34: =BE9 -> GEN 3040 | BF34: =BF9+2+3 -> 9
A35: Geotechnical | B35: Elective (course here) | C35: 4 | H35: Transportation | I35: Elective (course here) | J35: 4 | BC35: =BC15 -> Elective (course here) | BD35: =BD15 -> 4
A36: ESS 4850 | B36: Community internship | C36: 4 | E36: Work with your advisor here. | H36: Environmental | I36: Elective (course here) | J36: 4
A37: ECO | B37: 1201 or 1202 or 3305 | C37: 4 | H37: CEN 4900 | I37: Senior Seminar | J37: 1 | BC37: Dave
H38: Soc. Science (SS) | I38: Elective (course here) | J38: 4 | BC38: =BC10 -> CEN 2001 | BD38: =BD10+2+3 -> 9 | BE38: =BE11 -> CEN3050 | BF38: =BF11+2+3 -> 9
BE39: =BE12 -> CEN3090 | BF39: =BF12 -> 1
A40: Overall GPA | F40: TOOK FE EXAM | BE40: =BE16 -> Elective (course here) | BF40: =BF16 -> 4
A41: Major GPA | F41: DIVERSITY CRS. | I41: Enter course used here
C42: 16 | J42: 17
A43: NOTES | H43: List of CE Senior Electives
G44: Environmental Engineering | J44: # cr | BC44: Gary
H45: CEN 4030 Enviro Design | J45: 4 | BC45: =BC8 -> GEN 1001 | BD45: =BD8+2+3 -> 9 | BE45: =BE10 -> CEN3030 | BF45: =BF10+2 -> 6
H46: CEN 4032 Applied Hydrology | J46: 4 | BE46: =BE17 -> CEN 4900 | BF46: =BF17 -> 1
A47: Must take one additional ESS elective approved by the ESS Director
G48: Geotechnical Engineering
H49: CEN 4020 Geotechnical Design | J49: 4 | BC49: Adjuncts
BE50: =BE15 -> Elective (course here) | BF50: =BF15 -> 4
G51: Structural Engineering | BE51: =BE13 -> CEN 4901 | BF51: =BF13+2 -> 6
H52: CEN 4012 Steel Analysis and Design | J52: 4
H53: CEN4016 Concrete Analysis & Design | J53: 4
G55: Transportation
H56: CEN 4042 Traffic Engineering | J56: 4
H57: CEN 4040 Geometric Design | J57: 4
H58: CEN 4044 Trans Plng & Sys Anal | J58: 4
G60: Technical Electives
H61: (or any of the above not counted as depth elective)
H62: CEN 4050 Const Plng & Mgmt | J62: 4
H63: CEN 4820 Special Topics in Civil Eng. | J63: 4

Sheet Flowchart
H3: =CONCATENATE("BS in Civil Engineering",CHAR(10),"Class of 2012 Flowchart") -> BS in Civil Engineering Class of 2012 Flowchart | AA3: ='CE Curriculum'!A8 -> GEN 1001 | AB3: ='CE Curriculum'!B8 -> Intro. to Eng. | AC3: ='CE Curriculum'!C8 -> 4 | AD3: ='CE Curriculum'!D8 -> 0 | AH3: ='CE Curriculum'!H8 -> MTH 1505 | AI3: ='CE Curriculum'!I8 -> Applied Statistics | AJ3: ='CE Curriculum'!J8 -> 4 | AK3: ='CE Curriculum'!K8 -> 0
N4: Student Name: | O4: ='CE Curriculum'!B4 -> ENTER NAME HERE | AA4: ='CE Curriculum'!A9 -> MTH 1217 | AB4: ='CE Curriculum'!B9 -> Calculus I | AC4: ='CE Curriculum'!C9 -> 4 | AD4: ='CE Curriculum'!D9 -> 0 | AH4: ='CE Curriculum'!H9 -> MTH 1218 | AI4: ='CE Curriculum'!I9 -> Calculus II | AJ4: ='CE Curriculum'!J9 -> 4 | AK4: ='CE Curriculum'!K9 -> 0
N5: Student Number: | O5: ='CE Curriculum'!D4 -> ID HERE | AA5: ='CE Curriculum'!A10 -> PHL 1000 | AB5: ='CE Curriculum'!B10 -> Intro to Philosophy | AC5: ='CE Curriculum'!C10 -> 4 | AD5: ='CE Curriculum'!D10 -> 0 | AH5: ='CE Curriculum'!H10 -> PHY 2211 | AI5: ='CE Curriculum'!I10 -> Physics I | AJ5: ='CE Curriculum'!J10 -> 4 | AK5: ='CE Curriculum'!K10 -> 0
B6: =CONCATENATE('CE Curriculum'!A8,CHAR(10),'CE Curriculum'!B8) -> GEN 1001 Intro. to Eng. | D6: =CONCATENATE('CE Curriculum'!A19,CHAR(10),'CE Curriculum'!B19) -> CEN 2001 CE Site Design | N6: Class year: | O6: ='CE Curriculum'!G4 -> CLASS YEAR HERE | AA6: ='CE Curriculum'!A11 -> FYW 1050 | AB6: ='CE Curriculum'!B11 -> College Writing | AC6: ='CE Curriculum'!C11 -> 4 | AD6: ='CE Curriculum'!D11 -> 0 | AH6: ='CE Curriculum'!H11 -> Arts & Lit (AL) | AI6: ='CE Curriculum'!I11 -> Elective (course here) | AJ6: ='CE Curriculum'!J11 -> 4 | AK6: ='CE Curriculum'!K11 -> 0
N7: Advisor: | O7: ='CE Curriculum'!J4 -> ADVISOR HERE
D8: =CONCATENATE('CE Curriculum'!H8,CHAR(10),'CE Curriculum'!I8) -> MTH 1505 Applied Statistics | J8: =CONCATENATE('CE Curriculum'!H25,CHAR(10),'CE Curriculum'!I25) -> CEN3030 Transportation | L8: =CONCATENATE('CE Curriculum'!H35," ",'CE Curriculum'!I35) -> Transportation Elective (course here)
H10: =CONCATENATE('CE Curriculum'!H17,CHAR(10),'CE Curriculum'!I17) -> MTH 2220 Diff. Equations | J10: =CONCATENATE('CE Curriculum'!A26,CHAR(13),'CE Curriculum'!B26) -> CEN3020_x000D_Geotech Engr | L10: =CONCATENATE('CE Curriculum'!A35," ",'CE Curriculum'!B35) -> Geotechnical Elective (course here)
S11: mag factor
B12: =CONCATENATE('CE Curriculum'!A9,CHAR(10),'CE Curriculum'!B9) -> MTH 1217 Calculus I | D12: =CONCATENATE('CE Curriculum'!H9,CHAR(10),'CE Curriculum'!I9) -> MTH 1218 Calculus II | F12: =CONCATENATE('CE Curriculum'!A18,CHAR(10),'CE Curriculum'!B18) -> MTH 2219 Calculus III | J12: =CONCATENATE('CE Curriculum'!H18,CHAR(10),'CE Curriculum'!I18) -> GEN 3040 Fluid Mech. | S12: 1.63 | T12: Want | AF12: ='CE Curriculum'!F15 -> SOPHOMORE YEAR
R13: 19.79 | S13: =R13*S12 -> 32.2577 | T13: 36 | AA13: ='CE Curriculum'!A16 -> GEN2010 | AB13: ='CE Curriculum'!B16 -> Mechanics I | AC13: ='CE Curriculum'!C16 -> 4 | AD13: ='CE Curriculum'!D16 -> 0 | AH13: ='CE Curriculum'!H16 -> GEN2012 | AI13: ='CE Curriculum'!I16 -> Mechanics II | AJ13: ='CE Curriculum'!J16 -> 4 | AK13: ='CE Curriculum'!K16 -> 0
B14: =CONCATENATE('CE Curriculum'!H19,CHAR(10),'CE Curriculum'!I19) -> CHM 1180 Engineering Chemistry | D14: =CONCATENATE('CE Curriculum'!H29," ",'CE Curriculum'!I29) -> Science* Elective (course here) | J14: =CONCATENATE('CE Curriculum'!H26,CHAR(10),'CE Curriculum'!I26) -> CEN3050 Enviro. Engr. | L14: =CONCATENATE('CE Curriculum'!H36," ",'CE Curriculum'!I36) -> Environmental Elective (course here) | R14: 14.75 | S14: =R14*S12 -> 24.0425 | T14: 24 | AA14: ='CE Curriculum'!A17 -> PHY 2212 | AB14: ='CE Curriculum'!B17 -> Physics II | AC14: ='CE Curriculum'!C17 -> 4 | AD14: ='CE Curriculum'!D17 -> 0 | AH14: ='CE Curriculum'!H17 -> MTH 2220 | AI14: ='CE Curriculum'!I17 -> Diff. Equations | AJ14: ='CE Curriculum'!J17 -> 4 | AK14: ='CE Curriculum'!K17 -> 0
AA15: ='CE Curriculum'!A18 -> MTH 2219 | AB15: ='CE Curriculum'!B18 -> Calculus III | AC15: ='CE Curriculum'!C18 -> 4 | AD15: ='CE Curriculum'!D18 -> 0 | AH15: ='CE Curriculum'!H18 -> GEN 3040 | AI15: ='CE Curriculum'!I18 -> Fluid Mech. | AJ15: ='CE Curriculum'!J18 -> 4 | AK15: ='CE Curriculum'!K18 -> 0
B16: Pre-calculus | D16: =CONCATENATE('CE Curriculum'!H10,CHAR(10),'CE Curriculum'!I10) -> PHY 2211 Physics I | F16: =CONCATENATE('CE Curriculum'!A17,CHAR(10),'CE Curriculum'!B17) -> PHY 2212 Physics II | H16: =CONCATENATE('CE Curriculum'!H16,CHAR(10),'CE Curriculum'!I16) -> GEN2012 Mechanics II | J16: =CONCATENATE('CE Curriculum'!A25,CHAR(10),'CE Curriculum'!B25) -> CEN3010 Structures | L16: =CONCATENATE('CE Curriculum'!A34," ",'CE Curriculum'!B34) -> Structures Elective (course here) | AA16: ='CE Curriculum'!A19 -> CEN 2001 | AB16: ='CE Curriculum'!B19 -> CE Site Design | AC16: ='CE Curriculum'!C19 -> 4 | AD16: ='CE Curriculum'!D19 -> 0 | AH16: ='CE Curriculum'!H19 -> CHM 1180 | AI16: ='CE Curriculum'!I19 -> Engineering Chemistry | AJ16: ='CE Curriculum'!J19 -> 4 | AK16: ='CE Curriculum'!K19 -> 0
B18: =CONCATENATE('CE Curriculum'!A11,CHAR(10),'CE Curriculum'!B11) -> FYW 1050 College Writing | F18: =CONCATENATE('CE Curriculum'!A16,CHAR(10),'CE Curriculum'!B16) -> GEN2010 Mechanics I | J18: Permission of academic advisor | L18: =CONCATENATE('CE Curriculum'!A36," ",'CE Curriculum'!B36) -> Technical Elective (course here)
B20: =CONCATENATE('CE Curriculum'!A28," ",'CE Curriculum'!B28) -> RTS 1100 Christianity in Context | D20: =CONCATENATE('CE Curriculum'!H28," ",'CE Curriculum'!I28) -> Ethics (E) Elective (course here) | F20: =CONCATENATE('CE Curriculum'!A27,CHAR(10),'CE Curriculum'!B27) -> PHY 2213 Thermodynamics | J20: Senior standing | L20: =CONCATENATE('CE Curriculum'!H37,CHAR(10),'CE Curriculum'!I37) -> CEN 4900 Senior Seminar
O21: *Suggested Science Electives: | AF21: ='CE Curriculum'!F24 -> JUNIOR YEAR
B22: =CONCATENATE('CE Curriculum'!A10," ",'CE Curriculum'!B10) -> PHL 1000 Intro to Philosophy | J22: =CONCATENATE('CE Curriculum'!H27,CHAR(10),'CE Curriculum'!I27) -> CEN3090 Professionalism & Ethics | L22: =CONCATENATE('CE Curriculum'!H34,CHAR(10),'CE Curriculum'!I34) -> CEN 4901 Des. Project | O22: AST 1101 Introduction to Astronomy | AA22: ='CE Curriculum'!A25 -> CEN3010 | AB22: ='CE Curriculum'!B25 -> Structures | AC22: ='CE Curriculum'!C25 -> 4 | AD22: ='CE Curriculum'!D25 -> 0 | AH22: ='CE Curriculum'!H25 -> CEN3030 | AI22: ='CE Curriculum'!I25 -> Transportation | AJ22: ='CE Curriculum'!J25 -> 4 | AK22: ='CE Curriculum'!K25 -> 0
O23: BIO 1027 Principles of Biology I | AA23: ='CE Curriculum'!A26 -> CEN3020 | AB23: ='CE Curriculum'!B26 -> Geotech Engr | AC23: ='CE Curriculum'!C26 -> 4 | AD23: ='CE Curriculum'!D26 -> 0 | AH23: ='CE Curriculum'!H26 -> CEN3050 | AI23: ='CE Curriculum'!I26 -> Enviro. Engr. | AJ23: ='CE Curriculum'!J26 -> 4 | AK23: ='CE Curriculum'!K26 -> 0
B24: =CONCATENATE('CE Curriculum'!A37," ",'CE Curriculum'!B37) -> Soc. Science (SS) Elective (course here) | I24: CEN 3010, 3020,3030, 3040, 3050 (one senior CEN elective may be substituted for one of these jr courses) and at least 1 sr CEN elective | O24: BIO 3090 Environmental Ecology | AA24: ='CE Curriculum'!A27 -> PHY 2213 | AB24: ='CE Curriculum'!B27 -> Thermodynamics | AC24: ='CE Curriculum'!C27 -> 2 | AD24: ='CE Curriculum'!D27 -> 0 | AH24: ='CE Curriculum'!H27 -> CEN3090 | AI24: ='CE Curriculum'!I27 -> Professionalism & Ethics | AJ24: ='CE Curriculum'!J27 -> 1 | AK24: ='CE Curriculum'!K27 -> 0
F25: Steps to your goal: | O25: CEN 4060 Geology | AA25: ='CE Curriculum'!A28 -> RTS 1100 | AB25: ='CE Curriculum'!B28 -> Christianity in Context | AC25: ='CE Curriculum'!C28 -> 4 | AD25: ='CE Curriculum'!D28 -> 0 | AH25: ='CE Curriculum'!H28 -> Ethics (E) | AI25: ='CE Curriculum'!I28 -> Elective (course here) | AJ25: ='CE Curriculum'!J28 -> 4 | AK25: ='CE Curriculum'!K28 -> 0
B26: =CONCATENATE('CE Curriculum'!H11," ",'CE Curriculum'!I11) -> Arts & Lit (AL) Elective (course here) | F26: =CONCATENATE("BSCE",CHAR(10),"Pass FE Exam",CHAR(10),"Pass PE Exam") -> BSCE Pass FE Exam Pass PE Exam | J26: Key | O26: CSC 1610 Computer Science I | AA26: ='CE Curriculum'!A29 -> Hist. Studies (H) | AB26: ='CE Curriculum'!B29 -> Elective (course here) | AC26: ='CE Curriculum'!C29 -> 4 | AD26: ='CE Curriculum'!D29 -> 0 | AH26: ='CE Curriculum'!H29 -> Science* | AI26: ='CE Curriculum'!I29 -> Elective (course here) | AJ26: ='CE Curriculum'!J29 -> 4 | AK26: ='CE Curriculum'!K29 -> 0
J27: Pre-requisite: | O27: HSC 3302 Community Public Health
B28: =CONCATENATE('CE Curriculum'!H38," ",'CE Curriculum'!I38) -> Soc. Science (SS) Elective (course here) | H28: ='CE Curriculum'!F40 -> TOOK FE EXAM | J28: Co-requisite
H29: ='CE Curriculum'!F41 -> DIVERSITY CRS.
B30: =CONCATENATE('CE Curriculum'!A29," ",'CE Curriculum'!B29) -> Hist. Studies (H) Elective (course here) | AF30: ='CE Curriculum'!F33 -> SENIOR YEAR
H31: Our mission is to prepare exceptional civil engineers! | AA31: ='CE Curriculum'!A34 -> Structures | AB31: ='CE Curriculum'!B34 -> Elective (course here) | AC31: ='CE Curriculum'!C34 -> 4 | AD31: ='CE Curriculum'!D34 -> 0 | AH31: ='CE Curriculum'!H34 -> CEN 4901 | AI31: ='CE Curriculum'!I34 -> Des. Project | AJ31: ='CE Curriculum'!J34 -> 4 | AK31: ='CE Curriculum'!K34 -> 0
AA32: ='CE Curriculum'!A35 -> Geotechnical | AB32: ='CE Curriculum'!B35 -> Elective (course here) | AC32: ='CE Curriculum'!C35 -> 4 | AD32: ='CE Curriculum'!D35 -> 0 | AH32: ='CE Curriculum'!H35 -> Transportation | AI32: ='CE Curriculum'!I35 -> Elective (course here) | AJ32: ='CE Curriculum'!J35 -> 4 | AK32: ='CE Curriculum'!K35 -> 0
AA33: ='CE Curriculum'!A36 -> Technical | AB33: ='CE Curriculum'!B36 -> Elective (course here) | AC33: ='CE Curriculum'!C36 -> 4 | AD33: ='CE Curriculum'!D36 -> 0 | AH33: ='CE Curriculum'!H36 -> Environmental | AI33: ='CE Curriculum'!I36 -> Elective (course here) | AJ33: ='CE Curriculum'!J36 -> 4 | AK33: ='CE Curriculum'!K36 -> 0
AA34: ='CE Curriculum'!A37 -> Soc. Science (SS) | AB34: ='CE Curriculum'!B37 -> Elective (course here) | AC34: ='CE Curriculum'!C37 -> 4 | AD34: ='CE Curriculum'!D37 -> 0 | AH34: ='CE Curriculum'!H37 -> CEN 4900 | AI34: ='CE Curriculum'!I37 -> Senior Seminar | AJ34: ='CE Curriculum'!J37 -> 1 | AK34: ='CE Curriculum'!K37 -> 0
AA35: ='CE Curriculum'!A38 -> 0 | AB35: ='CE Curriculum'!B38 -> 0 | AC35: ='CE Curriculum'!C38 -> 0 | AD35: ='CE Curriculum'!D38 -> 0 | AH35: ='CE Curriculum'!H38 -> Soc. Science (SS) | AI35: ='CE Curriculum'!I38 -> Elective (course here) | AJ35: ='CE Curriculum'!J38 -> 4 | AK35: ='CE Curriculum'!K38 -> 0
AF37: ='CE Curriculum'!F40 -> TOOK FE EXAM | AG37: ='CE Curriculum'!H40 -> 0
AF38: ='CE Curriculum'!F41 -> DIVERSITY CRS. | AG38: ='CE Curriculum'!H41 -> 0

Sheet General Education
A2: Foundations | F2: Required
A3: Requirement | B3: Y | C3: N | D3: Course(s) taken | E3: Credits | F3: Credits
A4: =CONCATENATE("1. ",'CE Curriculum'!A11) -> 1. FYW 1050 | B4: =IF('CE Curriculum'!D11=1,"x"," ") | C4: =IF(B4=" ","x","") -> x | E4: =IF(B4="x",'CE Curriculum'!C11,0) -> 0 | F4: 4
A5: =CONCATENATE("2. ",'CE Curriculum'!A10) -> 2. PHL 1000 | B5: =IF('CE Curriculum'!D10=1,"x"," ") | C5: =IF(B5=" ","x","") -> x | E5: =IF(B5="x",'CE Curriculum'!C10,0) -> 0 | F5: 4
A6: 3. Quantitative Reasoning (Q) | B6: =IF('CE Curriculum'!D9=1,"x"," ") | C6: =IF(B6=" ","x","") -> x | D6: =IF(B6="x",'CE Curriculum'!B9,"") | E6: =IF(B6="x",'CE Curriculum'!C9,0) -> 0 | G6: Uses MTH 1217
A7: =CONCATENATE("4. ",'CE Curriculum'!H28) -> 4. Ethics (E) | B7: =IF('CE Curriculum'!K28=1,"x"," ") | C7: =IF(B7=" ","x","") -> x | D7: =IF(B7="x",'CE Curriculum'!I28,"") | E7: =IF(B7="x",'CE Curriculum'!J28,0) -> 0 | F7: 4
A9: Explorations | F9: Required
A10: Requirement | B10: Y | C10: N | D10: Course(s) taken | E10: Credits | F10: Credits
A11: =CONCATENATE("5. ",'CE Curriculum'!A28) -> 5. RTS 1100 | B11: =IF('CE Curriculum'!D28=1,"x"," ") | C11: =IF(B11=" ","x","") -> x | E11: =IF(B11="x",'CE Curriculum'!C28,0) -> 0 | F11: 4
A12: =CONCATENATE("6. ",'CE Curriculum'!H11) -> 6. Arts & Lit (AL) | B12: =IF('CE Curriculum'!K11=1,"x"," ") | C12: =IF(B12=" ","x","") -> x | D12: =IF(B12="x",'CE Curriculum'!I11,"") | E12: =IF(B12="x",'CE Curriculum'!J11,0) -> 0 | F12: 4
A13: 7. Foreign language* | B13: =IF('CE Curriculum'!K9=1,"x"," ") | C13: =IF(B13=" ","x","") -> x | D13: =IF(B13="x",'CE Curriculum'!I9,"") | E13: =IF(B13="x",'CE Curriculum'!J9,0) -> 0 | F13: 4 | G13: Uses MTH 1218
A14: =CONCATENATE("8. ",'CE Curriculum'!A29) -> 8. Hist. Studies (H) | B14: =IF('CE Curriculum'!D29=1,"x"," ") | C14: =IF(B14=" ","x","") -> x | D14: =IF(B14="x",'CE Curriculum'!B29,"") | E14: =IF(B14="x",'CE Curriculum'!C29,0) -> 0 | F14: 4
A15: =CONCATENATE("9. ",'CE Curriculum'!A37) -> 9. Soc. Science (SS) | B15: =IF('CE Curriculum'!D37=1,"x"," ") | C15: =IF(B15=" ","x","") -> x | D15: =IF(B15="x",'CE Curriculum'!B37,"") | E15: =IF(B15="x",'CE Curriculum'!C37,0) -> 0 | F15: 4
A16: =CONCATENATE("9. ",'CE Curriculum'!H38) -> 9. Soc. Science (SS) | B16: =IF('CE Curriculum'!K38=1,"x"," ") | C16: =IF(B16=" ","x","") -> x | D16: =IF(B16="x",'CE Curriculum'!I38,"") | E16: =IF(B16="x",'CE Curriculum'!J38,0) -> 0 | F16: 4
A17: 10. STEM | B17: =IF('CE Curriculum'!D9=1,"x"," ") | C17: =IF(B17=" ","x","") -> x | D17: =IF(B17="x",'CE Curriculum'!B9,"") | E17: =IF('CE Curriculum'!C9=1,"x"," ") | F17: 4 | G17: Uses MTH 1217
A18: 10. STEM | B18: =IF('CE Curriculum'!K10=1,"x"," ") | C18: =IF(B18=" ","x","") -> x | D18: =IF(B18="x",'CE Curriculum'!I10,"") | E18: =IF('CE Curriculum'!J10=1,"x"," ") | F18: 4 | G18: Uses PHY 2217
A19: 11. Cultural Diversity (D) | B19: =IF('CE Curriculum'!H41=1,"x"," ") | C19: =IF(B19=" ","x","") -> x | D19: =IF('CE Curriculum'!I41=1,"x"," ")
A21: Connections
A22: Writing intensive (W)** | B22: =IF('CE Curriculum'!D8=1,"x"," ") | C22: =IF(B22=" ","x","") -> x | D22: =IF(B22="x",'CE Curriculum'!B8,"") | G22: Uses GEN 1001
A23: Experiential (X)*** | B23: =IF('CE Curriculum'!K34=1,"x"," ") | C23: =IF(B23=" ","x","") -> x | D23: =IF(B23="x",'CE Curriculum'!I34,"") | G23: Uses CEN 4901
A25: FE Exam taken | B25: =IF('CE Curriculum'!H40=1,"x"," ") | C25: =IF(B25=" ","x","") -> x
A27: * Uses Calculus II as replacement for this requirement
D29: TOTALS | E29: =SUM(E5:E8,E13:E20) -> 0 | F29: =SUM(F4:F8,F11:F20) -> 44

Sheet ABET Summary
B2: Curriculum Analysis
B3: Curricular | C3: Number of Credits*
B4: Category | C4: Criteria | D4: Table I-1
C5: Requirement | D5: of Self-Study | E5: Actuals | F5: taken
B6: College-level Mathematics and Basic Science | C6: 1 yr (30-32 cr) | D6: 32 | E6: =H56 -> 38 | F6: =I56 -> 0
B7: Engineering Topics | C7: 1.5 yr (45-48 cr) | D7: =32*1.5 -> 48 | E7: =H75 -> 58 | F7: =I75 -> 0
B8: General Education | C8: Inst. Reqmt=44 | D8: 44 | E8: =H94 -> 44 | F8: =I94 -> 0 | G8: CEN 1001 counts for 4 more if taken F08 or later
B9: Please List Below Any Applicable Program Criteria Requirements:
B16: CIVIL ENGINEERING | C16: {=SUMPRODUCT(I59:I74,J59:J74)/I75} -> #DIV/0! | D16: =VLOOKUP(C16,L32:M43,2) -> #DIV/0!
B17: OVERALL | C17: {=(SUMPRODUCT(I44:I54,J44:J54)+SUMPRODUCT(I59:I74,J59:J74)+SUMPRODUCT(I78:I86,J78:J86)+SUMPRODUCT(I85:I107,J85:J107)+I97*J97)/(I56+I75+I94+I97)} -> #DIV/0! | D17: =VLOOKUP(C17,L33:M44,2) -> #DIV/0!
B18: MATH AND SCIENCE | C18: {=(SUMPRODUCT(I44:I48,J44:J48)+SUMPRODUCT(I50:I54,J50:J54))/I56} -> #DIV/0! | D18: =VLOOKUP(C18,L34:M45,2) -> #DIV/0! | K18: A | L18: 4
B19: GENERAL EDUCATION | C19: {=(SUMPRODUCT(I78:I86,J78:J86)+SUMPRODUCT(I85:I107,J85:J107))/I94} -> #DIV/0! | D19: =VLOOKUP(C19,L35:M46,2) -> #DIV/0! | K19: A- | L19: 3.7
K20: B | L20: 3
K21: B- | L21: 2.7 | O21: 0
K22: B+ | L22: 3.3 | O22: 16
K23: C | L23: 2 | O23: 0
K24: C- | L24: 1.7 | O24: 0
K25: C+ | L25: 2.3
K26: D | L26: 1
K27: D- | L27: 0.7
K28: D+ | L28: 1.3
K29: F | L29: 0 | N29: =CONCATENATE('CE Curriculum'!H20," ",'CE Curriculum'!I20) | O29: ='CE Curriculum'!J20 -> 0
N30: =CONCATENATE('CE Curriculum'!H21," ",'CE Curriculum'!I21) | O30: ='CE Curriculum'!J21 -> 0
N31: =CONCATENATE('CE Curriculum'!H22," ",'CE Curriculum'!I22) | O31: ='CE Curriculum'!J22 -> 16
L32: 0 | M32: F | O32: ='CE Curriculum'!J23 -> 0
L33: 1.3 | M33: D+ | O33: ='CE Curriculum'!J24 -> 0
L34: 0.7 | M34: D-
L35: 1 | M35: D
L36: 2.3 | M36: C+ | V36: Table 5-1 Curriculum
L37: 1.7 | M37: C-
L38: 2 | M38: C | V38: Year; | Y38: Category (Credit Hours)
L39: 3.3 | M39: B+ | O39: ='CE Curriculum'!J30 -> 0 | V39: Semester or | Y39: Math & Basic Sciences | Z39: Engineering Topics Check if Contains Significant Design (√) | AA39: General Education | AB39: Other
L40: 2.7 | M40: B- | O40: ='CE Curriculum'!J31 -> 17 | V40: Quarter | W40: Course
G41: Reference for Table I-1 | L41: 3 | M41: B | O41: ='CE Curriculum'!J32 -> 0 | W41: (Department, Number, Title)
H42: Credits | I42: Credits | L42: 3.7 | M42: A- | O42: ='CE Curriculum'!J33 -> 0 | V42: Freshman; Fall | W42: =G59 -> GEN 1001 Intro. to Eng. | Z42: =H59 -> 4
G43: Science and Math Topics | H43: Required | I43: Taken | J43: Grade | L43: 4 | M43: A | V43: Freshman; Fall | W43: =G44 -> MTH 1217 Calculus I | Y43: =H44 -> 4
G44: =CONCATENATE('CE Curriculum'!A9," ",'CE Curriculum'!B9) -> MTH 1217 Calculus I | H44: ='CE Curriculum'!C9 -> 4 | I44: =IF('CE Curriculum'!D9=1,H44,0) -> 0 | J44: =IFERROR(VLOOKUP('CE Curriculum'!E9,K18:L29,2),0.001) -> 0.001 | V44: Freshman; Fall | W44: =G50 -> Science* Elective (course here) | Y44: =H50 -> 4
G45: =CONCATENATE('CE Curriculum'!H9," ",'CE Curriculum'!I9) -> MTH 1218 Calculus II | H45: ='CE Curriculum'!J9 -> 4 | I45: =IF('CE Curriculum'!K9=1,H45,0) -> 0 | J45: =IFERROR(VLOOKUP('CE Curriculum'!L9,K18:L29,2),0.001) -> 0.001 | V45: Freshman; Fall | W45: =G78 -> FYW 1050 College Writing | AA45: =H78 -> 4
G46: =CONCATENATE('CE Curriculum'!A18," ",'CE Curriculum'!B18) -> MTH 2219 Calculus III | H46: ='CE Curriculum'!C18 -> 4 | I46: =IF('CE Curriculum'!D18=1,H46,0) -> 0 | J46: =IFERROR(VLOOKUP('CE Curriculum'!E18,K18:L29,2),0.001) -> 0.001 | V46: Freshman; Spring | W46: =G48 -> MTH 1505 Applied Statistics | Y46: =H48 -> 4
G47: =CONCATENATE('CE Curriculum'!H17," ",'CE Curriculum'!I17) -> MTH 2220 Diff. Equations | H47: ='CE Curriculum'!J17 -> 4 | I47: =IF('CE Curriculum'!K17=1,H47,0) -> 0 | J47: =IFERROR(VLOOKUP('CE Curriculum'!L17,K18:L29,2),0.001) -> 0.001 | V47: Freshman; Spring | W47: =G45 -> MTH 1218 Calculus II | Y47: =H45 -> 4
G48: =CONCATENATE('CE Curriculum'!H8," ",'CE Curriculum'!I8) -> MTH 1505 Applied Statistics | H48: ='CE Curriculum'!J8 -> 4 | I48: =IF('CE Curriculum'!K8=1,H48,0) -> 0 | J48: =IFERROR(VLOOKUP('CE Curriculum'!L8,K18:L29,2),0.001) -> 0.001 | N48: =CONCATENATE('CE Curriculum'!H39," ",'CE Curriculum'!I39) | O48: ='CE Curriculum'!J39 -> 0 | V48: Freshman; Spring | W48: =G51 -> PHY 2211 Physics I | Y48: =H51 -> 4
G49: TOTAL MATH | H49: =SUM(H44:H48) -> 20 | I49: =SUM(I44:I48) -> 0 | J49: =AVERAGE(J44:J48) -> 0.001 | N49: =CONCATENATE('CE Curriculum'!H40," ",'CE Curriculum'!I40) | O49: ='CE Curriculum'!J40 -> 0 | V49: Freshman; Spring | W49: =G86 -> Arts & Lit (AL) Elective (course here) | AA49: =H86 -> 4
G50: =CONCATENATE('CE Curriculum'!H29," ",'CE Curriculum'!I29) -> Science* Elective (course here) | H50: ='CE Curriculum'!J29 -> 4 | I50: =IF('CE Curriculum'!D10=1,H50,0) -> 0 | J50: =IFERROR(VLOOKUP('CE Curriculum'!E10,K18:L29,2),0.001) -> 0.001 | N50: =CONCATENATE('CE Curriculum'!H41," ",'CE Curriculum'!I41) -> Course used? | O50: ='CE Curriculum'!J41 -> 0 | V50: Sophomore; Fall | W50: =G60 -> GEN2010 Mechanics I | Z50: =H60 -> 4
G51: =CONCATENATE('CE Curriculum'!H10," ",'CE Curriculum'!I10) -> PHY 2211 Physics I | H51: ='CE Curriculum'!J10 -> 4 | I51: =IF('CE Curriculum'!K10=1,H51,0) -> 0 | J51: =IFERROR(VLOOKUP('CE Curriculum'!L10,K18:L29,2),0.001) -> 0.001 | N51: =CONCATENATE('CE Curriculum'!H42," ",'CE Curriculum'!I42) | O51: ='CE Curriculum'!J42 -> 17 | V51: Sophomore; Fall | W51: =G52 -> PHY 2212 Physics II | Y51: =H52 -> 4
G52: =CONCATENATE('CE Curriculum'!A17," ",'CE Curriculum'!B17) -> PHY 2212 Physics II | H52: ='CE Curriculum'!C17 -> 4 | I52: =IF('CE Curriculum'!D17=1,H52,0) -> 0 | J52: =IFERROR(VLOOKUP('CE Curriculum'!E17,K18:L29,2),0.001) -> 0.001 | V52: Sophomore; Fall | W52: =G46 -> MTH 2219 Calculus III | Y52: =H46 -> 4
G53: =CONCATENATE('CE Curriculum'!H19," ",'CE Curriculum'!I19) -> CHM 1180 Engineering Chemistry | H53: ='CE Curriculum'!J19 -> 4 | I53: =IF('CE Curriculum'!K19=1,H52,0) -> 0 | J53: =IFERROR(VLOOKUP('CE Curriculum'!L19,K18:L29,2),0.001) -> 0.001 | V53: Sophomore; Fall | W53: =G62 -> CEN 2001 CE Site Design | Z53: =H62 -> 4 | AD53: x
G54: =CONCATENATE('CE Curriculum'!A27," ",'CE Curriculum'!B27) -> PHY 2213 Thermodynamics | H54: ='CE Curriculum'!C27 -> 2 | I54: =IF('CE Curriculum'!D27=1,H54,0) -> 0 | J54: =IFERROR(VLOOKUP('CE Curriculum'!E27,K18:L29,2),0.001) -> 0.001 | V54: Sophomore; Spring | W54: =G61 -> GEN2012 Mechanics II | Z54: =H61 -> 4
G55: TOTAL SCIENCE | H55: =H50+H51+H52+H53+H54 -> 18 | I55: =I50+I51+I52+I53+I54 -> 0 | J55: =AVERAGE(J50:J54) -> 0.001 | V55: Sophomore; Spring | W55: =G47 -> MTH 2220 Diff. Equations | Y55: =H47 -> 4
G56: TOTAL MATH and SCIENCE | H56: =H49+H55 -> 38 | I56: =I49+I55 -> 0 | J56: =AVERAGE(J44:J48,J50:J54) -> 0.001 | V56: Sophomore; Spring | W56: =G63 -> GEN 3040 Fluid Mech. | Z56: =H63 -> 4
V57: Sophomore; Spring | W57: =G53 -> CHM 1180 Engineering Chemistry | Y57: =H53 -> 4
G58: Engineering Topics | V58: Junior; Fall | W58: =G64 -> CEN3010 Structures | Z58: =H64 -> 4
G59: =CONCATENATE('CE Curriculum'!A8," ",'CE Curriculum'!B8) -> GEN 1001 Intro. to Eng. | H59: ='CE Curriculum'!C8 -> 4 | I59: =IF('CE Curriculum'!D8=1,H59,0) -> 0 | J59: =IFERROR(VLOOKUP('CE Curriculum'!E8,K18:L29,2),0.001) -> 0.001 | V59: Junior; Fall | W59: =G65 -> CEN3020 Geotech Engr | Z59: =H65 -> 4
G60: =CONCATENATE('CE Curriculum'!A16," ",'CE Curriculum'!B16) -> GEN2010 Mechanics I | H60: ='CE Curriculum'!C16 -> 4 | I60: =IF('CE Curriculum'!D16=1,H60,0) -> 0 | J60: =IFERROR(VLOOKUP('CE Curriculum'!E16,K18:L29,2),0.001) -> 0.001 | V60: Junior; Fall | W60: =G54 -> PHY 2213 Thermodynamics | Y60: =H54 -> 2
G61: =CONCATENATE('CE Curriculum'!H16," ",'CE Curriculum'!I16) -> GEN2012 Mechanics II | H61: ='CE Curriculum'!J16 -> 4 | I61: =IF('CE Curriculum'!K16=1,H61,0) -> 0 | J61: =IFERROR(VLOOKUP('CE Curriculum'!L16,K18:L29,2),0.001) -> 0.001 | V61: Junior; Fall | W61: =G85 -> RTS 1100 Christianity in Context | AA61: =H85 -> 4
G62: =CONCATENATE('CE Curriculum'!A19," ",'CE Curriculum'!B19) -> CEN 2001 CE Site Design | H62: ='CE Curriculum'!C19 -> 4 | I62: =IF('CE Curriculum'!D19=1,H62,0) -> 0 | J62: =IFERROR(VLOOKUP('CE Curriculum'!E19,K18:L29,2),0.001) -> 0.001 | V62: Junior; Fall | W62: =G89 -> Soc. Science (SS) Elective (course here) | AA62: =H89 -> 4
G63: =CONCATENATE('CE Curriculum'!H18," ",'CE Curriculum'!I18) -> GEN 3040 Fluid Mech. | H63: ='CE Curriculum'!J18 -> 4 | I63: =IF('CE Curriculum'!K18=1,H63,0) -> 0 | J63: =IFERROR(VLOOKUP('CE Curriculum'!L18,K18:L29,2),0.001) -> 0.001 | V63: Junior; Spring | W63: =G66 -> CEN3030 Transportation | Z63: =H66 -> 4
G64: =CONCATENATE('CE Curriculum'!A25," ",'CE Curriculum'!B25) -> CEN3010 Structures | H64: ='CE Curriculum'!C25 -> 4 | I64: =IF('CE Curriculum'!D25=1,H64,0) -> 0 | J64: =IFERROR(VLOOKUP('CE Curriculum'!E25,K18:L29,2),0.001) -> 0.001 | V64: Junior; Spring | W64: =G67 -> CEN3050 Enviro. Engr. | Z64: =H67 -> 4
G65: =CONCATENATE('CE Curriculum'!A26," ",'CE Curriculum'!B26) -> CEN3020 Geotech Engr | H65: ='CE Curriculum'!C26 -> 4 | I65: =IF('CE Curriculum'!D26=1,H65,0) -> 0 | J65: =IFERROR(VLOOKUP('CE Curriculum'!E26,K18:L29,2),0.001) -> 0.001 | V65: Junior; Spring | W65: =G68 -> CEN3090 Professionalism & Ethics | Z65: =H68 -> 1 | AD65: x
G66: =CONCATENATE('CE Curriculum'!H25," ",'CE Curriculum'!I25) -> CEN3030 Transportation | H66: ='CE Curriculum'!J25 -> 4 | I66: =IF('CE Curriculum'!K25=1,H66,0) -> 0 | J66: =IFERROR(VLOOKUP('CE Curriculum'!L25,K18:L29,2),0.001) -> 0.001 | V66: Junior; Spring | W66: =G81 -> Ethics (E) Elective (course here) | AA66: =H81 -> 4
G67: =CONCATENATE('CE Curriculum'!H26," ",'CE Curriculum'!I26) -> CEN3050 Enviro. Engr. | H67: ='CE Curriculum'!J26 -> 4 | I67: =IF('CE Curriculum'!K26=1,H67,0) -> 0 | J67: =IFERROR(VLOOKUP('CE Curriculum'!L26,K18:L29,2),0.001) -> 0.001 | V67: Junior; Spring | W67: =G90 -> Soc. Science (SS) Elective (course here) | AA67: =H90 -> 4
G68: =CONCATENATE('CE Curriculum'!H27," ",'CE Curriculum'!I27) -> CEN3090 Professionalism & Ethics | H68: ='CE Curriculum'!J27 -> 1 | I68: =IF('CE Curriculum'!K27=1,H68,0) -> 0 | J68: =IFERROR(VLOOKUP('CE Curriculum'!L27,K18:L29,2),0.001) -> 0.001 | V68: Senior; Fall | W68: =G69 -> Structures Elective (course here) | Z68: =H69 -> 4 | AD68: x
G69: =CONCATENATE('CE Curriculum'!A34," ",'CE Curriculum'!B34) -> Structures Elective (course here) | H69: ='CE Curriculum'!C34 -> 4 | I69: =IF('CE Curriculum'!D34=1,H69,0) -> 0 | J69: =IFERROR(VLOOKUP('CE Curriculum'!E34,K18:L29,2),0.001) -> 0.001 | V69: Senior; Fall | W69: =G70 -> Geotechnical Elective (course here) | Z69: =H70 -> 4 | AD69: x
G70: =CONCATENATE('CE Curriculum'!A35," ",'CE Curriculum'!B35) -> Geotechnical Elective (course here) | H70: ='CE Curriculum'!C35 -> 4 | I70: =IF('CE Curriculum'!D35=1,H70,0) -> 0 | J70: =IFERROR(VLOOKUP('CE Curriculum'!E35,K18:L29,2),0.001) -> 0.001 | V70: Senior; Fall | W70: Technical Elective | AB70: 4
G71: =CONCATENATE('CE Curriculum'!H34," ",'CE Curriculum'!I34) -> CEN 4901 Des. Project | H71: ='CE Curriculum'!J34 -> 4 | I71: =IF('CE Curriculum'!K34=1,H71,0) -> 0 | J71: =IFERROR(VLOOKUP('CE Curriculum'!L34,K18:L29,2),0.001) -> 0.001 | V71: Senior; Fall | W71: =G79 -> PHL 1000 Intro to Philosophy | AA71: =H79 -> 4
G72: =CONCATENATE('CE Curriculum'!H35," ",'CE Curriculum'!I35) -> Transportation Elective (course here) | H72: ='CE Curriculum'!J35 -> 4 | I72: =IF('CE Curriculum'!K35=1,H72,0) -> 0 | J72: =IFERROR(VLOOKUP('CE Curriculum'!L35,K18:L29,2),0.001) -> 0.001 | V72: Senior; Spring | W72: =G71 -> CEN 4901 Des. Project | Z72: =H71 -> 4 | AD72: x
G73: =CONCATENATE('CE Curriculum'!H36," ",'CE Curriculum'!I36) -> Environmental Elective (course here) | H73: ='CE Curriculum'!J36 -> 4 | I73: =IF('CE Curriculum'!K36=1,H73,0) -> 0 | J73: =IFERROR(VLOOKUP('CE Curriculum'!L36,K18:L29,2),0.001) -> 0.001 | V73: Senior; Spring | W73: =G72 -> Transportation Elective (course here) | Z73: =H72 -> 4 | AD73: x
G74: =CONCATENATE('CE Curriculum'!H37," ",'CE Curriculum'!I37) -> CEN 4900 Senior Seminar | H74: ='CE Curriculum'!J37 -> 1 | I74: =IF('CE Curriculum'!K37=1,H74,0) -> 0 | V74: Senior; Spring | W74: =G73 -> Environmental Elective (course here) | Z74: =H73 -> 4 | AD74: x
G75: TOTAL ENGINEERING | H75: =SUM(H59:H74) -> 58 | I75: =SUM(I59:I74) -> 0 | J75: =AVERAGE(J59:J73) -> 0.001 | V75: Senior; Spring | W75: =G74 -> CEN 4900 Senior Seminar | Z75: =H74 -> 1
V76: Senior; Spring | W76: =G88 -> Hist. Studies (H) Elective (course here) | AA76: =H88 -> 4
G77: Foundations
G78: =CONCATENATE('CE Curriculum'!A11," ",'CE Curriculum'!B11) -> FYW 1050 College Writing | H78: ='CE Curriculum'!C11 -> 4 | I78: =IF('CE Curriculum'!D11=1,H78,0) -> 0 | J78: =IFERROR(VLOOKUP('CE Curriculum'!E11,K18:L29,2),0.001) -> 0.001 | V78: CEN senior electives are listed on curriculum sheet
G79: =CONCATENATE('CE Curriculum'!A10," ",'CE Curriculum'!B10) -> PHL 1000 Intro to Philosophy | H79: ='CE Curriculum'!C10 -> 4 | I79: =IF('CE Curriculum'!D10=1,H79,0) -> 0 | J79: =IFERROR(VLOOKUP('CE Curriculum'!E37,K18:L29,2),0.001) -> 0.001 | V79: TOTALS-ABET BASIC-LEVEL REQUIREMENTS | Y79: =SUM(Y42:Y76) -> 38 | Z79: =SUM(Z42:Z76) -> 58 | AA79: =SUM(AA42:AA76) -> 32 | AB79: =SUM(AB42:AB76) -> 4
G80: Quantitative Reasoning (Q) | K80: use MTH 1217 | L80: =IF(I44>=3,"√","") | V80: OVERALL TOTAL FOR DEGREE | X80: =Y79+Z79+AA79+AB79 -> 132
G81: =CONCATENATE('CE Curriculum'!H28," ",'CE Curriculum'!I28) -> Ethics (E) Elective (course here) | H81: ='CE Curriculum'!J28 -> 4 | I81: =IF('CE Curriculum'!K28=1,H81,0) -> 0 | J81: =IFERROR(VLOOKUP('CE Curriculum'!L28,K18:L29,2),0.001) -> 0.001 | V81: PERCENT OF TOTAL | Y81: =Y79/X80 -> 0.28787879 | Z81: =Z79/X80 -> 0.43939394 | AA81: =AA79/X80 -> 0.24242424 | AB81: =AB79/X80 -> 0.03030303
V82: Totals must | W82: Minimum semester credit hours | Y82: 32 hrs | Z82: 48 hrs
V83: satisfy one set | W83: Minimum percentage | Y83: 0.25 | Z83: 0.375
G84: Explorations
G85: =CONCATENATE('CE Curriculum'!A28," ",'CE Curriculum'!B28) -> RTS 1100 Christianity in Context | H85: ='CE Curriculum'!C28 -> 4 | I85: =IF('CE Curriculum'!D28=1,H85,0) -> 0 | J85: =IFERROR(VLOOKUP('CE Curriculum'!E28,K18:L29,2),0.001) -> 0.001
G86: =CONCATENATE('CE Curriculum'!H11," ",'CE Curriculum'!I11) -> Arts & Lit (AL) Elective (course here) | H86: ='CE Curriculum'!J11 -> 4 | I86: =IF('CE Curriculum'!K11=1,H86,0) -> 0 | J86: =IFERROR(VLOOKUP('CE Curriculum'!L11,K18:L29,2),0.001) -> 0.001
G87: Foreign Language* | H87: ='CE Curriculum'!J9 -> 4 | I87: =I45 -> 0 | K87: use MTH 1218
G88: =CONCATENATE('CE Curriculum'!A29," ",'CE Curriculum'!B29) -> Hist. Studies (H) Elective (course here) | H88: ='CE Curriculum'!C29 -> 4 | I88: =IF('CE Curriculum'!D29=1,H88,0) -> 0 | J88: =IFERROR(VLOOKUP('CE Curriculum'!E29,K18:L29,2),0.001) -> 0.001
G89: =CONCATENATE('CE Curriculum'!H38," ",'CE Curriculum'!I38) -> Soc. Science (SS) Elective (course here) | H89: ='CE Curriculum'!J38 -> 4 | I89: =IF('CE Curriculum'!K38=1,H89,0) -> 0 | J89: =IFERROR(VLOOKUP('CE Curriculum'!L38,K18:L29,2),0.001) -> 0.001
G90: =CONCATENATE('CE Curriculum'!A37," ",'CE Curriculum'!B37) -> Soc. Science (SS) Elective (course here) | H90: ='CE Curriculum'!C37 -> 4 | I90: =IF('CE Curriculum'!D37=1,H90,0) -> 0 | J90: =IFERROR(VLOOKUP('CE Curriculum'!L29,K18:L29,2),0.001) -> 0.001
G91: STEM electives | H91: 8 | I91: =I44+I51 -> 0 | J91: =(J44+J51+J52)/3 -> 0.001
G94: TOTAL GENERAL EDUCATION | H94: =H78+H79+H81+H85+H86+H87+H88+H89+H90+H91 -> 44 | I94: =I78+I79+I81+I85+I86+I87+I88+I89+I90+I91 -> 0 | J94: =AVERAGE(J78:J81,J85:J91) -> 0.001
G96: Technical Elective
G97: =CONCATENATE('CE Curriculum'!A36," ",'CE Curriculum'!B36) -> Technical Elective (course here) | H97: ='CE Curriculum'!C36 -> 4 | I97: =IF('CE Curriculum'!D36=1,H97,0) -> 0 | J97: =IFERROR(VLOOKUP('CE Curriculum'!E36,K18:L29,2),0.001) -> 0
G99: Checks
G100: FE Exam | H100: =IF('CE Curriculum'!H40=1,"√","")
G101: Writing Intensive | H101: =IF('CE Curriculum'!D8=1,"√","") | I101: Course used:
G102: Diversity course | H102: =IF('CE Curriculum'!H41=1,"√","") | I102: Course used: | J102: ='CE Curriculum'!I41 -> Course used?

Sheet DOUBLE MAJ CHECKLIST
B2: Curriculum Analysis
B3: Curricular | C3: Number of Credits*
B4: Category | C4: Criteria | D4: Table I-1
C5: Requirement | D5: of Self-Study | E5: Actuals | F5: taken
B6: College-level Mathematics and Basic Science | C6: 1 yr (30-32 cr) | D6: 32 | E6: =H56 -> 38 | F6: =I56 -> 0
B7: Engineering Topics | C7: 1.5 yr (45-48 cr) | D7: =32*1.5 -> 48 | E7: =H75 -> 58 | F7: =I75 -> 0
B8: General Education | C8: Inst. Reqmt=44 | D8: 44 | E8: =H91 -> 42 | F8: =I91 -> 0 | G8: CEN 1001 counts for 4 more if taken F08 or later
B9: Please List Below Any Applicable Program Criteria Requirements:
B16: CIVIL ENGINEERING | C16: {=SUMPRODUCT(I59:I74,J59:J74)/I75} -> #DIV/0! | D16: =VLOOKUP(C16,L32:M43,2) -> #DIV/0!
B17: OVERALL | C17: {=(SUMPRODUCT(I44:I54,J44:J54)+SUMPRODUCT(I59:I74,J59:J74)+SUMPRODUCT(I78:I81,J78:J81)+SUMPRODUCT(I85:I88,J85:J88)+I106*J106)/(I56+I75+I91+I106)} -> #DIV/0! | D17: =VLOOKUP(C17,L33:M44,2) -> #DIV/0!
B18: MATH AND SCIENCE | C18: {=(SUMPRODUCT(I44:I48,J44:J48)+SUMPRODUCT(I50:I54,J50:J54))/I56} -> #DIV/0! | D18: =VLOOKUP(C18,L34:M45,2) -> #DIV/0! | K18: A | L18: 4
B19: GENERAL EDUCATION | C19: {=(SUMPRODUCT(I78:I81,J78:J81)+SUMPRODUCT(I85:I88,J85:J88))/I91} -> #DIV/0! | D19: =VLOOKUP(C19,L35:M46,2) -> #DIV/0! | K19: A- | L19: 3.7
K20: B | L20: 3
K21: B- | L21: 2.7 | O21: 0
K22: B+ | L22: 3.3 | O22: 16
K23: C | L23: 2 | O23: 0
K24: C- | L24: 1.7 | O24: 0
K25: C+ | L25: 2.3
K26: D | L26: 1
K27: D- | L27: 0.7
K28: D+ | L28: 1.3
K29: F | L29: 0 | N29: =CONCATENATE('CE Curriculum'!H20," ",'CE Curriculum'!I20) | O29: ='CE Curriculum'!J20 -> 0
N30: =CONCATENATE('CE Curriculum'!H21," ",'CE Curriculum'!I21) | O30: ='CE Curriculum'!J21 -> 0
N31: =CONCATENATE('CE Curriculum'!H22," ",'CE Curriculum'!I22) | O31: ='CE Curriculum'!J22 -> 16
L32: 0 | M32: F | O32: ='CE Curriculum'!J23 -> 0
L33: 1.3 | M33: D+ | O33: ='CE Curriculum'!J24 -> 0
L34: 0.7 | M34: D-
L35: 1 | M35: D
L36: 2.3 | M36: C+ | V36: Table 5-1 Curriculum
L37: 1.7 | M37: C-
L38: 2 | M38: C | V38: Year; | Y38: Category (Credit Hours)
L39: 3.3 | M39: B+ | O39: ='CE Curriculum'!J30 -> 0 | V39: Semester or | Y39: Math & Basic Sciences | Z39: Engineering Topics Check if Contains Significant Design (√) | AA39: General Education | AB39: Other
L40: 2.7 | M40: B- | O40: ='CE Curriculum'!J31 -> 17 | V40: Quarter | W40: Course
G41: Reference for Table I-1 | L41: 3 | M41: B | O41: ='CE Curriculum'!J32 -> 0 | W41: (Department, Number, Title)
H42: Credits | L42: 3.7 | M42: A- | O42: ='CE Curriculum'!J33 -> 0 | V42: Freshman; Fall | W42: =G59 -> GEN 1001 Intro. to Eng. | Z42: =H59 -> 4
G43: Science and Math Topics | H43: Required | L43: 4 | M43: A | V43: Freshman; Fall | W43: =G44 -> MTH 1217 Calculus I | Y43: =H44 -> 4
G44: =CONCATENATE('CE Curriculum'!A9," ",'CE Curriculum'!B9) -> MTH 1217 Calculus I | H44: ='CE Curriculum'!C9 -> 4 | V44: Freshman; Fall | W44: =G50 -> Science* Elective (course here) | Y44: =H50 -> 4
G45: =CONCATENATE('CE Curriculum'!H9," ",'CE Curriculum'!I9) -> MTH 1218 Calculus II | H45: ='CE Curriculum'!J9 -> 4 | V45: Freshman; Fall | W45: =G78 -> FYW 1050 College Writing | AA45: =H78 -> 4
G46: =CONCATENATE('CE Curriculum'!A18," ",'CE Curriculum'!B18) -> MTH 2219 Calculus III | H46: ='CE Curriculum'!C18 -> 4 | V46: Freshman; Spring | W46: =G48 -> MTH 1505 Applied Statistics | Y46: =H48 -> 4
G47: =CONCATENATE('CE Curriculum'!H17," ",'CE Curriculum'!I17) -> MTH 2220 Diff. Equations | H47: ='CE Curriculum'!J17 -> 4 | V47: Freshman; Spring | W47: =G45 -> MTH 1218 Calculus II | Y47: =H45 -> 4
G48: =CONCATENATE('CE Curriculum'!H8," ",'CE Curriculum'!I8) -> MTH 1505 Applied Statistics | H48: ='CE Curriculum'!J8 -> 4 | N48: =CONCATENATE('CE Curriculum'!H39," ",'CE Curriculum'!I39) | O48: ='CE Curriculum'!J39 -> 0 | V48: Freshman; Spring | W48: =G51 -> PHY 2211 Physics I | Y48: =H51 -> 4
G49: TOTAL MATH | H49: =SUM(H44:H48) -> 20 | N49: =CONCATENATE('CE Curriculum'!H40," ",'CE Curriculum'!I40) | O49: ='CE Curriculum'!J40 -> 0 | V49: Freshman; Spring | W49: =G87 -> Arts & Lit (AL) WLC Major course - Spring Freshman yr | AA49: =H87 -> 4
G50: =CONCATENATE('CE Curriculum'!H29," ",'CE Curriculum'!I29) -> Science* Elective (course here) | H50: ='CE Curriculum'!J29 -> 4 | N50: =CONCATENATE('CE Curriculum'!H41," ",'CE Curriculum'!I41) -> Course used? | O50: ='CE Curriculum'!J41 -> 0 | V50: Sophomore; Fall | W50: =G60 -> GEN2010 Mechanics I | Z50: =H60 -> 4
G51: =CONCATENATE('CE Curriculum'!H10," ",'CE Curriculum'!I10) -> PHY 2211 Physics I | H51: ='CE Curriculum'!J10 -> 4 | N51: =CONCATENATE('CE Curriculum'!H42," ",'CE Curriculum'!I42) | O51: ='CE Curriculum'!J42 -> 17 | V51: Sophomore; Fall | W51: =G52 -> PHY 2212 Physics II | Y51: =H52 -> 4
G52: =CONCATENATE('CE Curriculum'!A17," ",'CE Curriculum'!B17) -> PHY 2212 Physics II | H52: ='CE Curriculum'!C17 -> 4 | V52: Sophomore; Fall | W52: =G46 -> MTH 2219 Calculus III | Y52: =H46 -> 4
G53: =CONCATENATE('CE Curriculum'!H19," ",'CE Curriculum'!I19) -> CHM 1180 Engineering Chemistry | H53: ='CE Curriculum'!J19 -> 4 | V53: Sophomore; Fall | W53: =G62 -> CEN 2001 CE Site Design | Z53: =H62 -> 4 | AD53: x
G54: =CONCATENATE('CE Curriculum'!A27," ",'CE Curriculum'!B27) -> PHY 2213 Thermodynamics | H54: ='CE Curriculum'!C27 -> 2 | V54: Sophomore; Spring | W54: =G61 -> GEN2012 Mechanics II | Z54: =H61 -> 4
G55: TOTAL SCIENCE | H55: =H50+H51+H52+H53+H54 -> 18 | V55: Sophomore; Spring | W55: =G47 -> MTH 2220 Diff. Equations | Y55: =H47 -> 4
G56: TOTAL MATH and SCIENCE | H56: =H49+H55 -> 38 | V56: Sophomore; Spring | W56: =G63 -> GEN 3040 Fluid Mech. | Z56: =H63 -> 4
V57: Sophomore; Spring | W57: =G53 -> CHM 1180 Engineering Chemistry | Y57: =H53 -> 4
G58: Engineering Topics | V58: Junior; Fall | W58: =G64 -> CEN3010 Structures | Z58: =H64 -> 4
G59: =CONCATENATE('CE Curriculum'!A8," ",'CE Curriculum'!B8) -> GEN 1001 Intro. to Eng. | H59: ='CE Curriculum'!C8 -> 4 | V59: Junior; Fall | W59: =G65 -> CEN3020 Geotech Engr | Z59: =H65 -> 4
G60: =CONCATENATE('CE Curriculum'!A16," ",'CE Curriculum'!B16) -> GEN2010 Mechanics I | H60: ='CE Curriculum'!C16 -> 4 | V60: Junior; Fall | W60: =G54 -> PHY 2213 Thermodynamics | Y60: =H54 -> 2
G61: =CONCATENATE('CE Curriculum'!H16," ",'CE Curriculum'!I16) -> GEN2012 Mechanics II | H61: ='CE Curriculum'!J16 -> 4 | V61: Junior; Fall | W61: =G79 -> RTS 1100 Christianity in Context | AA61: =H79 -> 4
G62: =CONCATENATE('CE Curriculum'!A19," ",'CE Curriculum'!B19) -> CEN 2001 CE Site Design | H62: ='CE Curriculum'!C19 -> 4 | V62: Junior; Fall | W62: =G85 -> Soc. Science (SS) Elective (course here) | AA62: =H85 -> 3
G63: =CONCATENATE('CE Curriculum'!H18," ",'CE Curriculum'!I18) -> GEN 3040 Fluid Mech. | H63: ='CE Curriculum'!J18 -> 4 | V63: Junior; Spring | W63: =G66 -> CEN3030 Transportation | Z63: =H66 -> 4
G64: =CONCATENATE('CE Curriculum'!A25," ",'CE Curriculum'!B25) -> CEN3010 Structures | H64: ='CE Curriculum'!C25 -> 4 | V64: Junior; Spring | W64: =G67 -> CEN3050 Enviro. Engr. | Z64: =H67 -> 4
G65: =CONCATENATE('CE Curriculum'!A26," ",'CE Curriculum'!B26) -> CEN3020 Geotech Engr | H65: ='CE Curriculum'!C26 -> 4 | V65: Junior; Spring | W65: =G68 -> CEN3090 Professionalism & Ethics | Z65: =H68 -> 1 | AD65: x
G66: =CONCATENATE('CE Curriculum'!H25," ",'CE Curriculum'!I25) -> CEN3030 Transportation | H66: ='CE Curriculum'!J25 -> 4 | V66: Junior; Spring | W66: =G80 -> Ethics (E) Elective (course here) | AA66: =H80 -> 4
G67: =CONCATENATE('CE Curriculum'!H26," ",'CE Curriculum'!I26) -> CEN3050 Enviro. Engr. | H67: ='CE Curriculum'!J26 -> 4 | V67: Junior; Spring | W67: =G88 -> Soc. Science (SS) Elective (course here) | AA67: =H88 -> 4
G68: =CONCATENATE('CE Curriculum'!H27," ",'CE Curriculum'!I27) -> CEN3090 Professionalism & Ethics | H68: ='CE Curriculum'!J27 -> 1 | V68: Senior; Fall | W68: =G69 -> Structures Elective (course here) | Z68: =H69 -> 4 | AD68: x
G69: =CONCATENATE('CE Curriculum'!A34," ",'CE Curriculum'!B34) -> Structures Elective (course here) | H69: ='CE Curriculum'!C34 -> 4 | V69: Senior; Fall | W69: =G70 -> Geotechnical Elective (course here) | Z69: =H70 -> 4 | AD69: x
G70: =CONCATENATE('CE Curriculum'!A35," ",'CE Curriculum'!B35) -> Geotechnical Elective (course here) | H70: ='CE Curriculum'!C35 -> 4 | V70: Senior; Fall | W70: Technical Elective | AB70: 4
G71: =CONCATENATE('CE Curriculum'!H34," ",'CE Curriculum'!I34) -> CEN 4901 Des. Project | H71: ='CE Curriculum'!J34 -> 4 | V71: Senior; Fall | W71: =G81 -> PHL 1000 Intro to Philosophy | AA71: =H81 -> 4
G72: =CONCATENATE('CE Curriculum'!H35," ",'CE Curriculum'!I35) -> Transportation Elective (course here) | H72: ='CE Curriculum'!J35 -> 4 | V72: Senior; Spring | W72: =G71 -> CEN 4901 Des. Project | Z72: =H71 -> 4 | AD72: x
G73: =CONCATENATE('CE Curriculum'!H36," ",'CE Curriculum'!I36) -> Environmental Elective (course here) | H73: ='CE Curriculum'!J36 -> 4 | V73: Senior; Spring | W73: =G72 -> Transportation Elective (course here) | Z73: =H72 -> 4 | AD73: x
G74: =CONCATENATE('CE Curriculum'!H37," ",'CE Curriculum'!I37) -> CEN 4900 Senior Seminar | H74: ='CE Curriculum'!J37 -> 1 | V74: Senior; Spring | W74: =G73 -> Environmental Elective (course here) | Z74: =H73 -> 4 | AD74: x
G75: TOTAL ENGINEERING | H75: =SUM(H59:H74) -> 58 | V75: Senior; Spring | W75: =G74 -> CEN 4900 Senior Seminar | Z75: =H74 -> 1
V76: Senior; Spring | W76: =G86 -> Hist. Studies (H) Elective (course here) | AA76: =H86 -> 3
G77: Institutional Requirements
G78: =CONCATENATE('CE Curriculum'!A11," ",'CE Curriculum'!B11) -> FYW 1050 College Writing | H78: ='CE Curriculum'!C11 -> 4 | V78: CEN senior electives are listed on curriculum sheet
G79: =CONCATENATE('CE Curriculum'!A28," ",'CE Curriculum'!B28) -> RTS 1100 Christianity in Context | H79: ='CE Curriculum'!C28 -> 4 | V79: TOTALS-ABET BASIC-LEVEL REQUIREMENTS | Y79: =SUM(Y42:Y76) -> 38 | Z79: =SUM(Z42:Z76) -> 58 | AA79: =SUM(AA42:AA76) -> 30 | AB79: =SUM(AB42:AB76) -> 4
G80: =CONCATENATE('CE Curriculum'!H28," ",'CE Curriculum'!I28) -> Ethics (E) Elective (course here) | H80: ='CE Curriculum'!J28 -> 4 | V80: OVERALL TOTAL FOR DEGREE | X80: =Y79+Z79+AA79+AB79 -> 130
G81: =CONCATENATE('CE Curriculum'!A10," ",'CE Curriculum'!B10) -> PHL 1000 Intro to Philosophy | H81: ='CE Curriculum'!C10 -> 4 | V81: PERCENT OF TOTAL | Y81: =Y79/X80 -> 0.29230769 | Z81: =Z79/X80 -> 0.44615385 | AA81: =AA79/X80 -> 0.23076923 | AB81: =AB79/X80 -> 0.030769231
G82: TOTAL INSTITUTIONAL | H82: =H78+H79+H80+H81 -> 16 | V82: Totals must | W82: Minimum semester credit hours | Y82: 32 hrs | Z82: 48 hrs
V83: satisfy one set | W83: Minimum percentage | Y83: 0.25 | Z83: 0.375
G84: Distribution Requirements
G85: =CONCATENATE('CE Curriculum'!H38," ",'CE Curriculum'!I38) -> Soc. Science (SS) Elective (course here) | H85: 3 | I85: abroad | K85: abroad
G86: =CONCATENATE('CE Curriculum'!A29," ",'CE Curriculum'!B29) -> Hist. Studies (H) Elective (course here) | H86: 3 | I86: abroad | K86: abroad
G87: =CONCATENATE('CE Curriculum'!H11," WLC Major course - Spring Freshman yr") -> Arts & Lit (AL) WLC Major course - Spring Freshman yr | H87: ='CE Curriculum'!J11 -> 4
G88: =CONCATENATE('CE Curriculum'!A37," ",'CE Curriculum'!B37) -> Soc. Science (SS) Elective (course here) | H88: ='CE Curriculum'!C37 -> 4
G89: STEM electives | H89: 8
G90: TOTAL DISTRIBUTION | H90: =H85+H86+H87+H88+H89 -> 22
G91: TOTAL GENERAL EDUCATION | H91: =H82+H90+H59 -> 42
G93: WLC Requirements
G94: WLC Fall freshman year | H94: 4
G95: =CONCATENATE('CE Curriculum'!H19," WLC Major course - Spring Freshman yr") -> CHM 1180 WLC Major course - Spring Freshman yr | H95: 4
G96: WLC Fall sophomore year | H96: 4
G97: WLC Fall junior year 1 | H97: 4
G98: WLC Fall junior year 2 | H98: 4
G99: WLC Spring junior year 2 | H99: 3 | I99: abroad
G100: WLC Spring junior year 2 | H100: 3 | I100: abroad
G101: WLC in senior year | H101: 4
G103: TOTAL WLC Major | H103: =SUM(H94:H101) -> 30
G105: Technical Elective
G106: =CONCATENATE('CE Curriculum'!A36," ",'CE Curriculum'!B36) -> Technical Elective (course here) | H106: ='CE Curriculum'!C36 -> 4
G108: Checks
G109: FE Exam | H109: =IF('CE Curriculum'!H40=1,"√","")
G110: Writing Intensive | H110: =IF('CE Curriculum'!D8=1,"√","")
G111: Diversity course | H111: =IF('CE Curriculum'!H41=1,"√","")
