Workbook

Sheet NominalGDP-SIC
B1: HOVER FOR DETAIL ON SAVING DATA | U1: CURRENT DOLLARS (millions) OF GROSS DOMESTIC PRODUCT [SIC-derived]
A2: Location Codes | B2: Name of Geography | C2: Nominal Gross Domestic Product (millions) [SIC-derived] 1969 | D2: Nominal Gross Domestic Product (millions) [SIC-derived] 1970 | E2: Nominal Gross Domestic Product (millions) [SIC-derived] 1971 | F2: Nominal Gross Domestic Product (millions) [SIC-derived] 1972 | G2: Nominal Gross Domestic Product (millions) [SIC-derived] 1973 | H2: Nominal Gross Domestic Product (millions) [SIC-derived] 1974 | I2: Nominal Gross Domestic Product (millions) [SIC-derived] 1975 | J2: Nominal Gross Domestic Product (millions) [SIC-derived] 1976 | K2: Nominal Gross Domestic Product (millions) [SIC-derived] 1977 | L2: Nominal Gross Domestic Product (millions) [SIC-derived] 1978 | M2: Nominal Gross Domestic Product (millions) [SIC-derived] 1979 | N2: Nominal Gross Domestic Product (millions) [SIC-derived] 1980 | O2: Nominal Gross Domestic Product (millions) [SIC-derived] 1981 | P2: Nominal Gross Domestic Product (millions) [SIC-derived] 1982 | Q2: Nominal Gross Domestic Product (millions) [SIC-derived] 1983 | R2: Nominal Gross Domestic Product (millions) [SIC-derived] 1984 | S2: Nominal Gross Domestic Product (millions) [SIC-derived] 1985 | T2: Nominal Gross Domestic Product (millions) [SIC-derived] 1986 | U2: Nominal Gross Domestic Product (millions) [SIC-derived] 1987 | V2: Nominal Gross Domestic Product (millions) [SIC-derived] 1988 | W2: Nominal Gross Domestic Product (millions) [SIC-derived] 1989 | X2: Nominal Gross Domestic Product (millions) [SIC-derived] 1990 | Y2: Nominal Gross Domestic Product (millions) [SIC-derived] 1991 | Z2: Nominal Gross Domestic Product (millions) [SIC-derived] 1992 | AA2: Nominal Gross Domestic Product (millions) [SIC-derived] 1993 | AB2: Nominal Gross Domestic Product (millions) [SIC-derived] 1994 | AC2: Nominal Gross Domestic Product (millions) [SIC-derived] 1995 | AD2: Nominal Gross Domestic Product (millions) [SIC-derived] 1996 | AE2: Nominal Gross Domestic Product (millions) [SIC-derived] 1997
A3: CodedLocale | B3: Geo Name | C3: Raw GDP (mil$) [SIC] 1969 | D3: Raw GDP (mil$) [SIC] 1970 | E3: Raw GDP (mil$) [SIC] 1971 | F3: Raw GDP (mil$) [SIC] 1972 | G3: Raw GDP (mil$) [SIC] 1973 | H3: Raw GDP (mil$) [SIC] 1974 | I3: Raw GDP (mil$) [SIC] 1975 | J3: Raw GDP (mil$) [SIC] 1976 | K3: Raw GDP (mil$) [SIC] 1977 | L3: Raw GDP (mil$) [SIC] 1978 | M3: Raw GDP (mil$) [SIC] 1979 | N3: Raw GDP (mil$) [SIC] 1980 | O3: Raw GDP (mil$) [SIC] 1981 | P3: Raw GDP (mil$) [SIC] 1982 | Q3: Raw GDP (mil$) [SIC] 1983 | R3: Raw GDP (mil$) [SIC] 1984 | S3: Raw GDP (mil$) [SIC] 1985 | T3: Raw GDP (mil$) [SIC] 1986 | U3: Raw GDP (mil$) [SIC] 1987 | V3: Raw GDP (mil$) [SIC] 1988 | W3: Raw GDP (mil$) [SIC] 1989 | X3: Raw GDP (mil$) [SIC] 1990 | Y3: Raw GDP (mil$) [SIC] 1991 | Z3: Raw GDP (mil$) [SIC] 1992 | AA3: Raw GDP (mil$) [SIC] 1993 | AB3: Raw GDP (mil$) [SIC] 1994 | AC3: Raw GDP (mil$) [SIC] 1995 | AD3: Raw GDP (mil$) [SIC] 1996 | AE3: Raw GDP (mil$) [SIC] 1997
A4: fips_code | B4: geo_name | C4: raw-mil-dollars_gdp-sic_1969 | D4: raw-mil-dollars_gdp-sic_1970 | E4: raw-mil-dollars_gdp-sic_1971 | F4: raw-mil-dollars_gdp-sic_1972 | G4: raw-mil-dollars_gdp-sic_1973 | H4: raw-mil-dollars_gdp-sic_1974 | I4: raw-mil-dollars_gdp-sic_1975 | J4: raw-mil-dollars_gdp-sic_1976 | K4: raw-mil-dollars_gdp-sic_1977 | L4: raw-mil-dollars_gdp-sic_1978 | M4: raw-mil-dollars_gdp-sic_1979 | N4: raw-mil-dollars_gdp-sic_1980 | O4: raw-mil-dollars_gdp-sic_1981 | P4: raw-mil-dollars_gdp-sic_1982 | Q4: raw-mil-dollars_gdp-sic_1983 | R4: raw-mil-dollars_gdp-sic_1984 | S4: raw-mil-dollars_gdp-sic_1985 | T4: raw-mil-dollars_gdp-sic_1986 | U4: raw-mil-dollars_gdp-sic_1987 | V4: raw-mil-dollars_gdp-sic_1988 | W4: raw-mil-dollars_gdp-sic_1989 | X4: raw-mil-dollars_gdp-sic_1990 | Y4: raw-mil-dollars_gdp-sic_1991 | Z4: raw-mil-dollars_gdp-sic_1992 | AA4: raw-mil-dollars_gdp-sic_1993 | AB4: raw-mil-dollars_gdp-sic_1994 | AC4: raw-mil-dollars_gdp-sic_1995 | AD4: raw-mil-dollars_gdp-sic_1996 | AE4: raw-mil-dollars_gdp-sic_1997
A5: FIPS_CODE | B5: GEO_NAME | C5: 1969 | D5: 1970 | E5: 1971 | F5: 1972 | G5: 1973 | H5: 1974 | I5: 1975 | J5: 1976 | K5: 1977 | L5: 1978 | M5: 1979 | N5: 1980 | O5: 1981 | P5: 1982 | Q5: 1983 | R5: 1984 | S5: 1985 | T5: 1986 | U5: 1987 | V5: 1988 | W5: 1989 | X5: 1990 | Y5: 1991 | Z5: 1992 | AA5: 1993 | AB5: 1994 | AC5: 1995 | AD5: 1996 | AE5: 1997
A6: US | B6: United States | C6: 962902 | D6: 1012299 | E6: 1097173 | F6: 1210292 | G6: 1356500 | H6: 1472024 | I6: 1602228 | J6: 1780497 | K6: 1986408 | L6: 2243230 | M6: 2489416 | N6: 2713933 | O6: 3057318 | P6: 3211370 | Q6: 3445372 | R6: 3853668 | S6: 4126664 | T6: 4340813 | U6: 4649020 | V6: 5053003 | W6: 5366080 | X6: 5651747 | Y6: 5842665 | Z6: 6167644 | AA6: 6467698 | AB6: 6912844 | AC6: 7299372 | AD6: 7749965 | AE6: 8284432
A7: 004 | B7: Arizona | C7: 7563 | D7: 8569 | E7: 9649 | F7: 11292 | G7: 13330 | H7: 14611 | I7: 15284 | J7: 16970 | K7: 19609 | L7: 23279 | M7: 27495 | N7: 30764 | O7: 34269 | P7: 35794 | Q7: 39774 | R7: 46135 | S7: 50709 | T7: 55881 | U7: 60047 | V7: 64945 | W7: 67895 | X7: 70632 | Y7: 73358 | Z7: 82682 | AA7: 89300 | AB7: 100374 | AC7: 109906 | AD7: 119530 | AE7: 129279

Sheet NominalGDP-NAICS
B1: HOVER FOR DETAIL ON SAVING DATA | C1: CURRENT DOLLARS (millions) OF GROSS DOMESTIC PRODUCT [NAICS-derived]
A2: Location Codes | B2: Name of Geography | C2: Nominal Gross Domestic Product (millions) [NAICS-derived] 1997 | D2: Nominal Gross Domestic Product (millions) [NAICS-derived] 1998 | E2: Nominal Gross Domestic Product (millions) [NAICS-derived] 1999 | F2: Nominal Gross Domestic Product (millions) [NAICS-derived] 2000 | G2: Nominal Gross Domestic Product (millions) [NAICS-derived] 2001 | H2: Nominal Gross Domestic Product (millions) [NAICS-derived] 2002 | I2: Nominal Gross Domestic Product (millions) [NAICS-derived] 2003 | J2: Nominal Gross Domestic Product (millions) [NAICS-derived] 2004 | K2: Nominal Gross Domestic Product (millions) [NAICS-derived] 2005 | L2: Nominal Gross Domestic Product (millions) [NAICS-derived] 2006 | M2: Nominal Gross Domestic Product (millions) [NAICS-derived] 2007 | N2: Nominal Gross Domestic Product (millions) [NAICS-derived] 2008 | O2: Nominal Gross Domestic Product (millions) [NAICS-derived] 2009 | P2: Nominal Gross Domestic Product (millions) [NAICS-derived] 2010 | Q2: Nominal Gross Domestic Product (millions) [NAICS-derived] 2011 | R2: Nominal Gross Domestic Product (millions) [NAICS-derived] 2012
A3: CodedLocale | B3: Geo Name | C3: Raw GDP (mil$) [NAICS] 1997 | D3: Raw GDP (mil$) [NAICS] 1998 | E3: Raw GDP (mil$) [NAICS] 1999 | F3: Raw GDP (mil$) [NAICS] 2000 | G3: Raw GDP (mil$) [NAICS] 2001 | H3: Raw GDP (mil$) [NAICS] 2002 | I3: Raw GDP (mil$) [NAICS] 2003 | J3: Raw GDP (mil$) [NAICS] 2004 | K3: Raw GDP (mil$) [NAICS] 2005 | L3: Raw GDP (mil$) [NAICS] 2006 | M3: Raw GDP (mil$) [NAICS] 2007 | N3: Raw GDP (mil$) [NAICS] 2008 | O3: Raw GDP (mil$) [NAICS] 2009 | P3: Raw GDP (mil$) [NAICS] 2010 | Q3: Raw GDP (mil$) [NAICS] 2011 | R3: Raw GDP (mil$) [NAICS] 2012
A4: fips_code | B4: geo_name | C4: raw-mil-dollars_gdp-NAICS_1997 | D4: raw-mil-dollars_gdp-NAICS_1998 | E4: raw-mil-dollars_gdp-NAICS_1999 | F4: raw-mil-dollars_gdp-NAICS_2000 | G4: raw-mil-dollars_gdp-NAICS_2001 | H4: raw-mil-dollars_gdp-NAICS_2002 | I4: raw-mil-dollars_gdp-NAICS_2003 | J4: raw-mil-dollars_gdp-NAICS_2004 | K4: raw-mil-dollars_gdp-NAICS_2005 | L4: raw-mil-dollars_gdp-NAICS_2006 | M4: raw-mil-dollars_gdp-NAICS_2007 | N4: raw-mil-dollars_gdp-NAICS_2008 | O4: raw-mil-dollars_gdp-NAICS_2009 | P4: raw-mil-dollars_gdp-NAICS_2010 | Q4: raw-mil-dollars_gdp-NAICS_2011 | R4: raw-mil-dollars_gdp-NAICS_2012
A5: FIPS_CODE | B5: GEO_NAME | C5: 1997 | D5: 1998 | E5: 1999 | F5: 2000 | G5: 2001 | H5: 2002 | I5: 2003 | J5: 2004 | K5: 2005 | L5: 2006 | M5: 2007 | N5: 2008 | O5: 2009 | P5: 2010 | Q5: 2011 | R5: 2012
A6: NA | B6: U.S. Metros | C6: NA | D6: NA | E6: NA | F6: NA | G6: 9174721 | H6: 9495543 | I6: 9927853 | J6: 10558594 | K6: 11263078 | L6: 11949404 | M6: 12535529 | N6: 12754870 | O6: 12434965 | P6: 12950980 | Q6: 13445266
A7: US | B7: United States | C7: 8270462 | D7: 8727023 | E7: 9286858 | F7: 9884171 | G7: 10218019 | H7: 10572388 | I7: 11067829 | J7: 11774410 | K7: 12539116 | L7: 13289235 | M7: 13936199 | N7: 14193120 | O7: 13869678 | P7: 14388813 | Q7: 14959778 | R7: 15566077
A8: 004 | B8: Arizona | C8: 128026 | D8: 139276 | E8: 150876 | F8: 161792 | G8: 170008 | H8: 177068 | I8: 189060 | J8: 201006 | K8: 222569 | L8: 246099 | M8: 259157 | N8: 261128 | O8: 245216 | P8: 247329 | Q8: 255989 | R8: 266891
A9: 22380 | B9: Metro Flagstaff | C9: NA | D9: NA | E9: NA | F9: NA | G9: 2979 | H9: 3167 | I9: 3375 | J9: 3571 | K9: 3900 | L9: 4363 | M9: 4776 | N9: 4984 | O9: 4761 | P9: 4801 | Q9: 4890
A10: 29420 | B10: Metro Lake Havasu City | C10: NA | D10: NA | E10: NA | F10: NA | G10: 2432 | H10: 2621 | I10: 2855 | J10: 3025 | K10: 3408 | L10: 3908 | M10: 3977 | N10: 3933 | O10: 3579 | P10: 3570 | Q10: 3706
A11: 38060 | B11: Metro Phoenix | C11: NA | D11: NA | E11: NA | F11: NA | G11: 128231 | H11: 134076 | I11: 142985 | J11: 152071 | K11: 168571 | L11: 186580 | M11: 195763 | N11: 196360 | O11: 184014 | P11: 188332 | Q11: 194793
A12: 39140 | B12: Metro Prescott | C12: NA | D12: NA | E12: NA | F12: NA | G12: 2906 | H12: 3059 | I12: 3312 | J12: 3512 | K12: 4054 | L12: 4693 | M12: 4849 | N12: 4879 | O12: 4479 | P12: 4300 | Q12: 4402
A13: 46060 | B13: Metro Tucson | C13: NA | D13: NA | E13: NA | F13: NA | G13: 22621 | H13: 22801 | I13: 24564 | J13: 25737 | K13: 28165 | L13: 30612 | M13: 32704 | N13: 33259 | O13: 31675 | P13: 31529 | Q13: 32335
A14: 49740 | B14: Metro Yuma | C14: NA | D14: NA | E14: NA | F14: NA | G14: 3056 | H14: 3462 | I14: 3616 | J14: 4160 | K14: 4358 | L14: 4687 | M14: 5085 | N14: 5144 | O14: 5118 | P14: 5124 | Q14: 5322

Sheet RealGDP-SIC
B1: HOVER FOR DETAIL ON SAVING DATA | C1: INFLATION-ADJUSTED DOLLARS (millions) OF GROSS DOMESTIC PRODUCT [SIC-derived]
A2: Location Codes | B2: Name of Geography | C2: Nominal Gross Domestic Product (millions) [SIC-derived] 1987 | D2: Nominal Gross Domestic Product (millions) [SIC-derived] 1988 | E2: Nominal Gross Domestic Product (millions) [SIC-derived] 1989 | F2: Nominal Gross Domestic Product (millions) [SIC-derived] 1990 | G2: Nominal Gross Domestic Product (millions) [SIC-derived] 1991 | H2: Nominal Gross Domestic Product (millions) [SIC-derived] 1992 | I2: Nominal Gross Domestic Product (millions) [SIC-derived] 1993 | J2: Nominal Gross Domestic Product (millions) [SIC-derived] 1994 | K2: Nominal Gross Domestic Product (millions) [SIC-derived] 1995 | L2: Nominal Gross Domestic Product (millions) [SIC-derived] 1996 | M2: Nominal Gross Domestic Product (millions) [SIC-derived] 1997
A3: CodedLocale | B3: Geo Name | C3: Raw GDP (mil$) [SIC] 1987 | D3: Raw GDP (mil$) [SIC] 1988 | E3: Raw GDP (mil$) [SIC] 1989 | F3: Raw GDP (mil$) [SIC] 1990 | G3: Raw GDP (mil$) [SIC] 1991 | H3: Raw GDP (mil$) [SIC] 1992 | I3: Raw GDP (mil$) [SIC] 1993 | J3: Raw GDP (mil$) [SIC] 1994 | K3: Raw GDP (mil$) [SIC] 1995 | L3: Raw GDP (mil$) [SIC] 1996 | M3: Raw GDP (mil$) [SIC] 1997
A4: fips_code | B4: geo_name | C4: raw-mil-dollars_gdp-sic_1987 | D4: raw-mil-dollars_gdp-sic_1988 | E4: raw-mil-dollars_gdp-sic_1989 | F4: raw-mil-dollars_gdp-sic_1990 | G4: raw-mil-dollars_gdp-sic_1991 | H4: raw-mil-dollars_gdp-sic_1992 | I4: raw-mil-dollars_gdp-sic_1993 | J4: raw-mil-dollars_gdp-sic_1994 | K4: raw-mil-dollars_gdp-sic_1995 | L4: raw-mil-dollars_gdp-sic_1996 | M4: raw-mil-dollars_gdp-sic_1997
A5: FIPS_CODE | B5: GEO_NAME | C5: 1987 | D5: 1988 | E5: 1989 | F5: 1990 | G5: 1991 | H5: 1992 | I5: 1993 | J5: 1994 | K5: 1995 | L5: 1996 | M5: 1997
A6: US | B6: United States | C6: 6076695 | D6: 6398624 | E6: 6540047 | F6: 6638210 | G6: 6627809 | H6: 6828525 | I6: 6967716 | J6: 7288327 | K6: 7539096 | L6: 7871721 | M6: 8284432
A7: 004 | B7: Arizona | C7: 76600 | D7: 80258 | E7: 80971 | F7: 81606 | G7: 81946 | H7: 90282 | I7: 94916 | J7: 104104 | K7: 112019 | L7: 120869 | M7: 129279

Sheet RealGDP-NAICS
B1: HOVER FOR DETAIL ON SAVING DATA | G1: INFLATION-ADJUSTED DOLLARS (millions) OF GROSS DOMESTIC PRODUCT [NAICS-derived]
A2: Location Codes | B2: Name of Geography | C2: Nominal Gross Domestic Product (millions) [NAICS-derived] 1997 | D2: Nominal Gross Domestic Product (millions) [NAICS-derived] 1998 | E2: Nominal Gross Domestic Product (millions) [NAICS-derived] 1999 | F2: Nominal Gross Domestic Product (millions) [NAICS-derived] 2000 | G2: Nominal Gross Domestic Product (millions) [NAICS-derived] 2001 | H2: Nominal Gross Domestic Product (millions) [NAICS-derived] 2002 | I2: Nominal Gross Domestic Product (millions) [NAICS-derived] 2003 | J2: Nominal Gross Domestic Product (millions) [NAICS-derived] 2004 | K2: Nominal Gross Domestic Product (millions) [NAICS-derived] 2005 | L2: Nominal Gross Domestic Product (millions) [NAICS-derived] 2006 | M2: Nominal Gross Domestic Product (millions) [NAICS-derived] 2007 | N2: Nominal Gross Domestic Product (millions) [NAICS-derived] 2008 | O2: Nominal Gross Domestic Product (millions) [NAICS-derived] 2009 | P2: Nominal Gross Domestic Product (millions) [NAICS-derived] 2010 | Q2: Nominal Gross Domestic Product (millions) [NAICS-derived] 2011 | R2: Nominal Gross Domestic Product (millions) [NAICS-derived] 2012
A3: CodedLocale | B3: Geo Name | C3: Raw GDP (mil$) [NAICS] 1997 | D3: Raw GDP (mil$) [NAICS] 1998 | E3: Raw GDP (mil$) [NAICS] 1999 | F3: Raw GDP (mil$) [NAICS] 2000 | G3: Raw GDP (mil$) [NAICS] 2001 | H3: Raw GDP (mil$) [NAICS] 2002 | I3: Raw GDP (mil$) [NAICS] 2003 | J3: Raw GDP (mil$) [NAICS] 2004 | K3: Raw GDP (mil$) [NAICS] 2005 | L3: Raw GDP (mil$) [NAICS] 2006 | M3: Raw GDP (mil$) [NAICS] 2007 | N3: Raw GDP (mil$) [NAICS] 2008 | O3: Raw GDP (mil$) [NAICS] 2009 | P3: Raw GDP (mil$) [NAICS] 2010 | Q3: Raw GDP (mil$) [NAICS] 2011 | R3: Raw GDP (mil$) [NAICS] 2012
A4: fips_code | B4: geo_name | C4: raw-mil-dollars_gdp-NAICS_1997 | D4: raw-mil-dollars_gdp-NAICS_1998 | E4: raw-mil-dollars_gdp-NAICS_1999 | F4: raw-mil-dollars_gdp-NAICS_2000 | G4: raw-mil-dollars_gdp-NAICS_2001 | H4: raw-mil-dollars_gdp-NAICS_2002 | I4: raw-mil-dollars_gdp-NAICS_2003 | J4: raw-mil-dollars_gdp-NAICS_2004 | K4: raw-mil-dollars_gdp-NAICS_2005 | L4: raw-mil-dollars_gdp-NAICS_2006 | M4: raw-mil-dollars_gdp-NAICS_2007 | N4: raw-mil-dollars_gdp-NAICS_2008 | O4: raw-mil-dollars_gdp-NAICS_2009 | P4: raw-mil-dollars_gdp-NAICS_2010 | Q4: raw-mil-dollars_gdp-NAICS_2011 | R4: raw-mil-dollars_gdp-NAICS_2012
A5: FIPS_CODE | B5: GEO_NAME | C5: 1997 | D5: 1998 | E5: 1999 | F5: 2000 | G5: 2001 | H5: 2002 | I5: 2003 | J5: 2004 | K5: 2005 | L5: 2006 | M5: 2007 | N5: 2008 | O5: 2009 | P5: 2010 | Q5: 2011 | R5: 2012
A6: NA | B6: U.S. Metros | C6: NA | D6: NA | E6: NA | F6: NA | G6: 10191124 | H6: 10366268 | I6: 10582060 | J6: 10942701 | K6: 11263078 | L6: 11581176 | M6: 11801656 | N6: 11722676 | O6: 11273425 | P6: 11623332 | Q6: 11807572
A7: US | B7: United States | C7: 9856166 | D7: 10281034 | E7: 10771147 | F7: 11225406 | G7: 11365110 | H7: 11559801 | I7: 11809034 | J7: 12199532 | K7: 12539116 | L7: 12875816 | M7: 13103341 | N7: 13016791 | O7: 12592668 | P7: 12897088 | Q7: 13108318 | R7: 13430576
A8: 004 | B8: Arizona | C8: 141474 | D8: 154770 | E8: 167704 | F8: 178845 | G8: 185464 | H8: 189985 | I8: 199895 | J8: 207289 | K8: 222569 | L8: 238371 | M8: 243950 | N8: 241134 | O8: 221405 | P8: 221016 | Q8: 224787 | R8: 230641
A9: 22380 | B9: Metro Flagstaff | C9: NA | D9: NA | E9: NA | F9: NA | G9: 3382 | H9: 3499 | I9: 3624 | J9: 3703 | K9: 3900 | L9: 4213 | M9: 4459 | N9: 4535 | O9: 4210 | P9: 4235 | Q9: 4198
A10: 29420 | B10: Metro Lake Havasu City | C10: NA | D10: NA | E10: NA | F10: NA | G10: 2767 | H10: 2916 | I10: 3089 | J10: 3152 | K10: 3408 | L10: 3751 | M10: 3698 | N10: 3576 | O10: 3175 | P10: 3152 | Q10: 3180
A11: 38060 | B11: Metro Phoenix | C11: NA | D11: NA | E11: NA | F11: NA | G11: 138274 | H11: 142462 | I11: 150275 | J11: 156427 | K11: 168571 | L11: 181191 | M11: 185286 | N11: 182729 | O11: 166900 | P11: 169941 | Q11: 173026
A12: 39140 | B12: Metro Prescott | C12: NA | D12: NA | E12: NA | F12: NA | G12: 3353 | H12: 3449 | I12: 3636 | J12: 3698 | K12: 4054 | L12: 4485 | M12: 4454 | N12: 4348 | O12: 3909 | P12: 3734 | Q12: 3708
A13: 46060 | B13: Metro Tucson | C13: NA | D13: NA | E13: NA | F13: NA | G13: 25110 | H13: 24764 | I13: 26141 | J13: 26670 | K13: 28165 | L13: 29512 | M13: 30564 | N13: 30429 | O13: 28165 | P13: 27879 | Q13: 28060
A14: 49740 | B14: Metro Yuma | C14: NA | D14: NA | E14: NA | F14: NA | G14: 3426 | H14: 3849 | I14: 3855 | J14: 4207 | K14: 4358 | L14: 4559 | M14: 4666 | N14: 4604 | O14: 4580 | P14: 4477 | Q14: 4412

Sheet NominalGDPperEmp
B1: HOVER FOR DETAIL ON SAVING DATA | AI1: NOMINAL DOLLARS OF GDP PER EMPLOYEE
A2: Location Codes | B2: Name of Geography | C2: Nominal Gross Domestic Product Per Employee [SIC-derived] 1969 | D2: Nominal Gross Domestic Product Per Employee [SIC-derived] 1970 | E2: Nominal Gross Domestic Product Per Employee [SIC-derived] 1971 | F2: Nominal Gross Domestic Product Per Employee [SIC-derived] 1972 | G2: Nominal Gross Domestic Product Per Employee [SIC-derived] 1973 | H2: Nominal Gross Domestic Product Per Employee [SIC-derived] 1974 | I2: Nominal Gross Domestic Product Per Employee [SIC-derived] 1975 | J2: Nominal Gross Domestic Product Per Employee [SIC-derived] 1976 | K2: Nominal Gross Domestic Product Per Employee [SIC-derived] 1977 | L2: Nominal Gross Domestic Product Per Employee [SIC-derived] 1978 | M2: Nominal Gross Domestic Product Per Employee [SIC-derived] 1979 | N2: Nominal Gross Domestic Product Per Employee [SIC-derived] 1980 | O2: Nominal Gross Domestic Product Per Employee [SIC-derived] 1981 | P2: Nominal Gross Domestic Product Per Employee [SIC-derived] 1982 | Q2: Nominal Gross Domestic Product Per Employee [SIC-derived] 1983 | R2: Nominal Gross Domestic Product Per Employee [SIC-derived] 1984 | S2: Nominal Gross Domestic Product Per Employee [SIC-derived] 1985 | T2: Nominal Gross Domestic Product Per Employee [SIC-derived] 1986 | U2: Nominal Gross Domestic Product Per Employee [SIC-derived] 1987 | V2: Nominal Gross Domestic Product Per Employee [SIC-derived] 1988 | W2: Nominal Gross Domestic Product Per Employee [SIC-derived] 1989 | X2: Nominal Gross Domestic Product Per Employee [SIC-derived] 1990 | Y2: Nominal Gross Domestic Product Per Employee [SIC-derived] 1991 | Z2: Nominal Gross Domestic Product Per Employee [SIC-derived] 1992 | AA2: Nominal Gross Domestic Product Per Employee [SIC-derived] 1993 | AB2: Nominal Gross Domestic Product Per Employee [SIC-derived] 1994 | AC2: Nominal Gross Domestic Product Per Employee [SIC-derived] 1995 | AD2: Nominal Gross Domestic Product Per Employee [SIC-derived] 1996 | AE2: Nominal Gross Domestic Product Per Employee [SIC-derived] 1997 | AF2: Nominal Gross Domestic Product Per Employee [NAICS-derived] 1998 | AG2: Nominal Gross Domestic Product Per Employee [NAICS-derived] 1999 | AH2: Nominal Gross Domestic Product Per Employee [NAICS-derived] 2000 | AI2: Nominal Gross Domestic Product Per Employee [NAICS-derived] 2001 | AJ2: Nominal Gross Domestic Product Per Employee [NAICS-derived] 2002 | AK2: Nominal Gross Domestic Product Per Employee [NAICS-derived] 2003 | AL2: Nominal Gross Domestic Product Per Employee [NAICS-derived] 2004 | AM2: Nominal Gross Domestic Product Per Employee [NAICS-derived] 2005 | AN2: Nominal Gross Domestic Product Per Employee [NAICS-derived] 2006 | AO2: Nominal Gross Domestic Product Per Employee [NAICS-derived] 2007 | AP2: Nominal Gross Domestic Product Per Employee [NAICS-derived] 2008 | AQ2: Nominal Gross Domestic Product Per Employee [NAICS-derived] 2009 | AR2: Nominal Gross Domestic Product Per Employee [NAICS-derived] 2010 | AS2: Nominal Gross Domestic Product Per Employee [NAICS-derived] 2011
A3: CodedLocale | B3: Geo Name | C3: Raw GDP Per Emp [SIC] 1969 | D3: Raw GDP Per Emp [SIC] 1970 | E3: Raw GDP Per Emp [SIC] 1971 | F3: Raw GDP Per Emp [SIC] 1972 | G3: Raw GDP Per Emp [SIC] 1973 | H3: Raw GDP Per Emp [SIC] 1974 | I3: Raw GDP Per Emp [SIC] 1975 | J3: Raw GDP Per Emp [SIC] 1976 | K3: Raw GDP Per Emp [SIC] 1977 | L3: Raw GDP Per Emp [SIC] 1978 | M3: Raw GDP Per Emp [SIC] 1979 | N3: Raw GDP Per Emp [SIC] 1980 | O3: Raw GDP Per Emp [SIC] 1981 | P3: Raw GDP Per Emp [SIC] 1982 | Q3: Raw GDP Per Emp [SIC] 1983 | R3: Raw GDP Per Emp [SIC] 1984 | S3: Raw GDP Per Emp [SIC] 1985 | T3: Raw GDP Per Emp [SIC] 1986 | U3: Raw GDP Per Emp [SIC] 1987 | V3: Raw GDP Per Emp [SIC] 1988 | W3: Raw GDP Per Emp [SIC] 1989 | X3: Raw GDP Per Emp [SIC] 1990 | Y3: Raw GDP Per Emp [SIC] 1991 | Z3: Raw GDP Per Emp [SIC] 1992 | AA3: Raw GDP Per Emp [SIC] 1993 | AB3: Raw GDP Per Emp [SIC] 1994 | AC3: Raw GDP Per Emp [SIC] 1995 | AD3: Raw GDP Per Emp [SIC] 1996 | AE3: Raw GDP Per Emp [SIC] 1997 | AF3: Raw GDP Per Emp [NAICS] 1998 | AG3: Raw GDP Per Emp [NAICS] 1999 | AH3: Raw GDP Per Emp [NAICS] 2000 | AI3: Raw GDP Per Emp [NAICS] 2001 | AJ3: Raw GDP Per Emp [NAICS] 2002 | AK3: Raw GDP Per Emp [NAICS] 2003 | AL3: Raw GDP Per Emp [NAICS] 2004 | AM3: Raw GDP Per Emp [NAICS] 2005 | AN3: Raw GDP Per Emp [NAICS] 2006 | AO3: Raw GDP Per Emp [NAICS] 2007 | AP3: Raw GDP Per Emp [NAICS] 2008 | AQ3: Raw GDP Per Emp [NAICS] 2009 | AR3: Raw GDP Per Emp [NAICS] 2010 | AS3: Raw GDP Per Emp [NAICS] 2011
A4: fips_code | B4: geo_name | C4: raw-dollars_gdp-per-emp-sic_1969 | D4: raw-dollars_gdp-per-emp-sic_1970 | E4: raw-dollars_gdp-per-emp-sic_1971 | F4: raw-dollars_gdp-per-emp-sic_1972 | G4: raw-dollars_gdp-per-emp-sic_1973 | H4: raw-dollars_gdp-per-emp-sic_1974 | I4: raw-dollars_gdp-per-emp-sic_1975 | J4: raw-dollars_gdp-per-emp-sic_1976 | K4: raw-dollars_gdp-per-emp-sic_1977 | L4: raw-dollars_gdp-per-emp-sic_1978 | M4: raw-dollars_gdp-per-emp-sic_1979 | N4: raw-dollars_gdp-per-emp-sic_1980 | O4: raw-dollars_gdp-per-emp-sic_1981 | P4: raw-dollars_gdp-per-emp-sic_1982 | Q4: raw-dollars_gdp-per-emp-sic_1983 | R4: raw-dollars_gdp-per-emp-sic_1984 | S4: raw-dollars_gdp-per-emp-sic_1985 | T4: raw-dollars_gdp-per-emp-sic_1986 | U4: raw-dollars_gdp-per-emp-sic_1987 | V4: raw-dollars_gdp-per-emp-sic_1988 | W4: raw-dollars_gdp-per-emp-sic_1989 | X4: raw-dollars_gdp-per-emp-sic_1990 | Y4: raw-dollars_gdp-per-emp-sic_1991 | Z4: raw-dollars_gdp-per-emp-sic_1992 | AA4: raw-dollars_gdp-per-emp-sic_1993 | AB4: raw-dollars_gdp-per-emp-sic_1994 | AC4: raw-dollars_gdp-per-emp-sic_1995 | AD4: raw-dollars_gdp-per-emp-sic_1996 | AE4: raw-dollars_gdp-per-emp-sic_1997 | AF4: raw-dollars_gdp-per-emp-naics_1998 | AG4: raw-dollars_gdp-per-emp-naics_1999 | AH4: raw-dollars_gdp-per-emp-naics_2000 | AI4: raw-dollars_gdp-per-emp-naics_2001 | AJ4: raw-dollars_gdp-per-emp-naics_2002 | AK4: raw-dollars_gdp-per-emp-naics_2003 | AL4: raw-dollars_gdp-per-emp-naics_2004 | AM4: raw-dollars_gdp-per-emp-naics_2005 | AN4: raw-dollars_gdp-per-emp-naics_2006 | AO4: raw-dollars_gdp-per-emp-naics_2007 | AP4: raw-dollars_gdp-per-emp-naics_2008 | AQ4: raw-dollars_gdp-per-emp-naics_2009 | AR4: raw-dollars_gdp-per-emp-naics_2010 | AS4: raw-dollars_gdp-per-emp-naics_2011
A5: FIPS_CODE | B5: GEO_NAME | C5: 1969 | D5: 1970 | E5: 1971 | F5: 1972 | G5: 1973 | H5: 1974 | I5: 1975 | J5: 1976 | K5: 1977 | L5: 1978 | M5: 1979 | N5: 1980 | O5: 1981 | P5: 1982 | Q5: 1983 | R5: 1984 | S5: 1985 | T5: 1986 | U5: 1987 | V5: 1988 | W5: 1989 | X5: 1990 | Y5: 1991 | Z5: 1992 | AA5: 1993 | AB5: 1994 | AC5: 1995 | AD5: 1996 | AE5: 1997 | AF5: 1998 | AG5: 1999 | AH5: 2000 | AI5: 2001 | AJ5: 2002 | AK5: 2003 | AL5: 2004 | AM5: 2005 | AN5: 2006 | AO5: 2007 | AP5: 2008 | AQ5: 2009 | AR5: 2010 | AS5: 2011
A6: NA | B6: U.S. Metros | C6: NA | D6: NA | E6: NA | F6: NA | G6: NA | H6: NA | I6: NA | J6: NA | K6: NA | L6: NA | M6: NA | N6: NA | O6: NA | P6: NA | Q6: NA | R6: NA | S6: NA | T6: NA | U6: NA | V6: NA | W6: NA | X6: NA | Y6: NA | Z6: NA | AA6: NA | AB6: NA | AC6: NA | AD6: NA | AE6: NA | AF6: NA | AG6: NA | AH6: NA | AI6: =('NominalGDP-NAICS'!G6*1000000.0)/TotalEmployment!AI6 -> 65193.98 | AJ6: =('NominalGDP-NAICS'!H6*1000000.0)/TotalEmployment!AJ6 -> 67645.663 | AK6: =('NominalGDP-NAICS'!I6*1000000.0)/TotalEmployment!AK6 -> 70293.756 | AL6: =('NominalGDP-NAICS'!J6*1000000.0)/TotalEmployment!AL6 -> 73366.092 | AM6: =('NominalGDP-NAICS'!K6*1000000.0)/TotalEmployment!AM6 -> 76600.903 | AN6: =('NominalGDP-NAICS'!L6*1000000.0)/TotalEmployment!AN6 -> 79534.371 | AO6: =('NominalGDP-NAICS'!M6*1000000.0)/TotalEmployment!AO6 -> 81592.957 | AP6: =('NominalGDP-NAICS'!N6*1000000.0)/TotalEmployment!AP6 -> 83069.562 | ... AS6: =('NominalGDP-NAICS'!Q6*1000000.0)/TotalEmployment!AS6 -> 89383.503
A7: US | B7: United States | C7: =('NominalGDP-SIC'!C6*1000000.0)/TotalEmployment!C7 -> 10575.158 | D7: =('NominalGDP-SIC'!D6*1000000.0)/TotalEmployment!D7 -> 11090.333 | E7: =('NominalGDP-SIC'!E6*1000000.0)/TotalEmployment!E7 -> 11980.304 | F7: =('NominalGDP-SIC'!F6*1000000.0)/TotalEmployment!F7 -> 12832.825 | G7: =('NominalGDP-SIC'!G6*1000000.0)/TotalEmployment!G7 -> 13781.718 | H7: =('NominalGDP-SIC'!H6*1000000.0)/TotalEmployment!H7 -> 14703.801 | I7: =('NominalGDP-SIC'!I6*1000000.0)/TotalEmployment!I7 -> 16200.387 | J7: =('NominalGDP-SIC'!J6*1000000.0)/TotalEmployment!J7 -> 17526.095 | ... AE7: =('NominalGDP-SIC'!AE6*1000000.0)/TotalEmployment!AE7 -> 53606.624 | AF7: =('NominalGDP-NAICS'!D7*1000000.0)/TotalEmployment!AF7 -> 55066.614 | AG7: =('NominalGDP-NAICS'!E7*1000000.0)/TotalEmployment!AG7 -> 57492.622 | AH7: =('NominalGDP-NAICS'!F7*1000000.0)/TotalEmployment!AH7 -> 59769.748 | AI7: =('NominalGDP-NAICS'!G7*1000000.0)/TotalEmployment!AI7 -> 61736.491 | AJ7: =('NominalGDP-NAICS'!H7*1000000.0)/TotalEmployment!AJ7 -> 64050.584 | AK7: =('NominalGDP-NAICS'!I7*1000000.0)/TotalEmployment!AK7 -> 66665.837 | AL7: =('NominalGDP-NAICS'!J7*1000000.0)/TotalEmployment!AL7 -> 69660.06 | AM7: =('NominalGDP-NAICS'!K7*1000000.0)/TotalEmployment!AM7 -> 72668.874 | ... AS7: =('NominalGDP-NAICS'!Q7*1000000.0)/TotalEmployment!AS7 -> 85078.645
A8: 004 | B8: Arizona | C8: =('NominalGDP-SIC'!C7*1000000.0)/TotalEmployment!C8 -> 10631.987 | D8: =('NominalGDP-SIC'!D7*1000000.0)/TotalEmployment!D8 -> 11476.549 | E8: =('NominalGDP-SIC'!E7*1000000.0)/TotalEmployment!E8 -> 12280.284 | F8: =('NominalGDP-SIC'!F7*1000000.0)/TotalEmployment!F8 -> 13289.302 | G8: =('NominalGDP-SIC'!G7*1000000.0)/TotalEmployment!G8 -> 14412.525 | H8: =('NominalGDP-SIC'!H7*1000000.0)/TotalEmployment!H8 -> 15297.811 | I8: =('NominalGDP-SIC'!I7*1000000.0)/TotalEmployment!I8 -> 16345.3 | J8: =('NominalGDP-SIC'!J7*1000000.0)/TotalEmployment!J8 -> 17385.193 | ... AE8: =('NominalGDP-SIC'!AE7*1000000.0)/TotalEmployment!AE8 -> 51770.287 | AF8: =('NominalGDP-NAICS'!D8*1000000.0)/TotalEmployment!AF8 -> 53344.671 | AG8: =('NominalGDP-NAICS'!E8*1000000.0)/TotalEmployment!AG8 -> 55946.576 | AH8: =('NominalGDP-NAICS'!F8*1000000.0)/TotalEmployment!AH8 -> 57870.283 | AI8: =('NominalGDP-NAICS'!G8*1000000.0)/TotalEmployment!AI8 -> 60212.818 | AJ8: =('NominalGDP-NAICS'!H8*1000000.0)/TotalEmployment!AJ8 -> 62314.141 | AK8: =('NominalGDP-NAICS'!I8*1000000.0)/TotalEmployment!AK8 -> 64876.974 | AL8: =('NominalGDP-NAICS'!J8*1000000.0)/TotalEmployment!AL8 -> 66121.917 | AM8: =('NominalGDP-NAICS'!K8*1000000.0)/TotalEmployment!AM8 -> 69374.109 | ... AS8: =('NominalGDP-NAICS'!Q8*1000000.0)/TotalEmployment!AS8 -> 79314.95
A9: 22380 | B9: Metro Flagstaff | C9: NA | D9: NA | E9: NA | F9: NA | G9: NA | H9: NA | I9: NA | J9: NA | K9: NA | L9: NA | M9: NA | N9: NA | O9: NA | P9: NA | Q9: NA | R9: NA | S9: NA | T9: NA | U9: NA | V9: NA | W9: NA | X9: NA | Y9: NA | Z9: NA | AA9: NA | AB9: NA | AC9: NA | AD9: NA | AE9: NA | AF9: NA | AG9: NA | AH9: NA | AI9: =('NominalGDP-NAICS'!G9*1000000.0)/TotalEmployment!AI9 -> 42611.32 | AJ9: =('NominalGDP-NAICS'!H9*1000000.0)/TotalEmployment!AJ9 -> 44719.006 | AK9: =('NominalGDP-NAICS'!I9*1000000.0)/TotalEmployment!AK9 -> 46109.077 | AL9: =('NominalGDP-NAICS'!J9*1000000.0)/TotalEmployment!AL9 -> 46216.367 | AM9: =('NominalGDP-NAICS'!K9*1000000.0)/TotalEmployment!AM9 -> 49161.729 | AN9: =('NominalGDP-NAICS'!L9*1000000.0)/TotalEmployment!AN9 -> 53172.949 | AO9: =('NominalGDP-NAICS'!M9*1000000.0)/TotalEmployment!AO9 -> 55746.851 | AP9: =('NominalGDP-NAICS'!N9*1000000.0)/TotalEmployment!AP9 -> 58904.871 | ... AS9: =('NominalGDP-NAICS'!Q9*1000000.0)/TotalEmployment!AS9 -> 59770.452
A10: 29420 | B10: Metro Lake Havasu City | C10: NA | D10: NA | E10: NA | F10: NA | G10: NA | H10: NA | I10: NA | J10: NA | K10: NA | L10: NA | M10: NA | N10: NA | O10: NA | P10: NA | Q10: NA | R10: NA | S10: NA | T10: NA | U10: NA | V10: NA | W10: NA | X10: NA | Y10: NA | Z10: NA | AA10: NA | AB10: NA | AC10: NA | AD10: NA | AE10: NA | AF10: NA | AG10: NA | AH10: NA | AI10: =('NominalGDP-NAICS'!G10*1000000.0)/TotalEmployment!AI10 -> 43455.731 | AJ10: =('NominalGDP-NAICS'!H10*1000000.0)/TotalEmployment!AJ10 -> 45128.964 | AK10: =('NominalGDP-NAICS'!I10*1000000.0)/TotalEmployment!AK10 -> 46246.052 | AL10: =('NominalGDP-NAICS'!J10*1000000.0)/TotalEmployment!AL10 -> 45901.49 | AM10: =('NominalGDP-NAICS'!K10*1000000.0)/TotalEmployment!AM10 -> 48307.535 | AN10: =('NominalGDP-NAICS'!L10*1000000.0)/TotalEmployment!AN10 -> 52733.136 | AO10: =('NominalGDP-NAICS'!M10*1000000.0)/TotalEmployment!AO10 -> 53641.759 | AP10: =('NominalGDP-NAICS'!N10*1000000.0)/TotalEmployment!AP10 -> 56895.28 | ... AS10: =('NominalGDP-NAICS'!Q10*1000000.0)/TotalEmployment!AS10 -> 59471.083
A11: 38060 | B11: Metro Phoenix | C11: NA | D11: NA | E11: NA | F11: NA | G11: NA | H11: NA | I11: NA | J11: NA | K11: NA | L11: NA | M11: NA | N11: NA | O11: NA | P11: NA | Q11: NA | R11: NA | S11: NA | T11: NA | U11: NA | V11: NA | W11: NA | X11: NA | Y11: NA | Z11: NA | AA11: NA | AB11: NA | AC11: NA | AD11: NA | AE11: NA | AF11: NA | AG11: NA | AH11: NA | AI11: =('NominalGDP-NAICS'!G11*1000000.0)/TotalEmployment!AI11 -> 65822.981 | AJ11: =('NominalGDP-NAICS'!H11*1000000.0)/TotalEmployment!AJ11 -> 68385.118 | AK11: =('NominalGDP-NAICS'!I11*1000000.0)/TotalEmployment!AK11 -> 71161.563 | AL11: =('NominalGDP-NAICS'!J11*1000000.0)/TotalEmployment!AL11 -> 72560.159 | AM11: =('NominalGDP-NAICS'!K11*1000000.0)/TotalEmployment!AM11 -> 75625.781 | AN11: =('NominalGDP-NAICS'!L11*1000000.0)/TotalEmployment!AN11 -> 79504.243 | AO11: =('NominalGDP-NAICS'!M11*1000000.0)/TotalEmployment!AO11 -> 81277.418 | AP11: =('NominalGDP-NAICS'!N11*1000000.0)/TotalEmployment!AP11 -> 82573.973 | ... AS11: =('NominalGDP-NAICS'!Q11*1000000.0)/TotalEmployment!AS11 -> 86369.606
A12: 39140 | B12: Metro Prescott | C12: NA | D12: NA | E12: NA | F12: NA | G12: NA | H12: NA | I12: NA | J12: NA | K12: NA | L12: NA | M12: NA | N12: NA | O12: NA | P12: NA | Q12: NA | R12: NA | S12: NA | T12: NA | U12: NA | V12: NA | W12: NA | X12: NA | Y12: NA | Z12: NA | AA12: NA | AB12: NA | AC12: NA | AD12: NA | AE12: NA | AF12: NA | AG12: NA | AH12: NA | AI12: =('NominalGDP-NAICS'!G12*1000000.0)/TotalEmployment!AI12 -> 41016.231 | AJ12: =('NominalGDP-NAICS'!H12*1000000.0)/TotalEmployment!AJ12 -> 41942.605 | AK12: =('NominalGDP-NAICS'!I12*1000000.0)/TotalEmployment!AK12 -> 43971.217 | AL12: =('NominalGDP-NAICS'!J12*1000000.0)/TotalEmployment!AL12 -> 44212.249 | AM12: =('NominalGDP-NAICS'!K12*1000000.0)/TotalEmployment!AM12 -> 48012.696 | AN12: =('NominalGDP-NAICS'!L12*1000000.0)/TotalEmployment!AN12 -> 51911.42 | AO12: =('NominalGDP-NAICS'!M12*1000000.0)/TotalEmployment!AO12 -> 51781.214 | AP12: =('NominalGDP-NAICS'!N12*1000000.0)/TotalEmployment!AP12 -> 55399.114 | ... AS12: =('NominalGDP-NAICS'!Q12*1000000.0)/TotalEmployment!AS12 -> 55326.53
A13: 46060 | B13: Metro Tucson | C13: NA | D13: NA | E13: NA | F13: NA | G13: NA | H13: NA | I13: NA | J13: NA | K13: NA | L13: NA | M13: NA | N13: NA | O13: NA | P13: NA | Q13: NA | R13: NA | S13: NA | T13: NA | U13: NA | V13: NA | W13: NA | X13: NA | Y13: NA | Z13: NA | AA13: NA | AB13: NA | AC13: NA | AD13: NA | AE13: NA | AF13: NA | AG13: NA | AH13: NA | AI13: =('NominalGDP-NAICS'!G13*1000000.0)/TotalEmployment!AI13 -> 51435.328 | AJ13: =('NominalGDP-NAICS'!H13*1000000.0)/TotalEmployment!AJ13 -> 51890.625 | AK13: =('NominalGDP-NAICS'!I13*1000000.0)/TotalEmployment!AK13 -> 54954.618 | AL13: =('NominalGDP-NAICS'!J13*1000000.0)/TotalEmployment!AL13 -> 55269.939 | AM13: =('NominalGDP-NAICS'!K13*1000000.0)/TotalEmployment!AM13 -> 58630.179 | AN13: =('NominalGDP-NAICS'!L13*1000000.0)/TotalEmployment!AN13 -> 60951.911 | AO13: =('NominalGDP-NAICS'!M13*1000000.0)/TotalEmployment!AO13 -> 63035.714 | AP13: =('NominalGDP-NAICS'!N13*1000000.0)/TotalEmployment!AP13 -> 65553.705 | ... AS13: =('NominalGDP-NAICS'!Q13*1000000.0)/TotalEmployment!AS13 -> 67462.122
A14: 49740 | B14: Metro Yuma | C14: NA | D14: NA | E14: NA | F14: NA | G14: NA | H14: NA | I14: NA | J14: NA | K14: NA | L14: NA | M14: NA | N14: NA | O14: NA | P14: NA | Q14: NA | R14: NA | S14: NA | T14: NA | U14: NA | V14: NA | W14: NA | X14: NA | Y14: NA | Z14: NA | AA14: NA | AB14: NA | AC14: NA | AD14: NA | AE14: NA | AF14: NA | AG14: NA | AH14: NA | AI14: =('NominalGDP-NAICS'!G14*1000000.0)/TotalEmployment!AI14 -> 43631.587 | AJ14: =('NominalGDP-NAICS'!H14*1000000.0)/TotalEmployment!AJ14 -> 48117.417 | AK14: =('NominalGDP-NAICS'!I14*1000000.0)/TotalEmployment!AK14 -> 49054.454 | AL14: =('NominalGDP-NAICS'!J14*1000000.0)/TotalEmployment!AL14 -> 53828.138 | AM14: =('NominalGDP-NAICS'!K14*1000000.0)/TotalEmployment!AM14 -> 54876.283 | AN14: =('NominalGDP-NAICS'!L14*1000000.0)/TotalEmployment!AN14 -> 56885.901 | AO14: =('NominalGDP-NAICS'!M14*1000000.0)/TotalEmployment!AO14 -> 60743.979 | AP14: =('NominalGDP-NAICS'!N14*1000000.0)/TotalEmployment!AP14 -> 61890.152 | ... AS14: =('NominalGDP-NAICS'!Q14*1000000.0)/TotalEmployment!AS14 -> 66191.56

Sheet NominalGDPperCap
B1: HOVER FOR DETAIL ON SAVING DATA | AE1: CURRENT DOLLARS OF GDP PER CAPITA
A2: Location Codes | B2: Name of Geography | C2: Nominal Gross Domestic Product Per Capita [SIC-derived] 1969 | D2: Nominal Gross Domestic Product Per Capita [SIC-derived] 1970 | E2: Nominal Gross Domestic Product Per Capita [SIC-derived] 1971 | F2: Nominal Gross Domestic Product Per Capita [SIC-derived] 1972 | G2: Nominal Gross Domestic Product Per Capita [SIC-derived] 1973 | H2: Nominal Gross Domestic Product Per Capita [SIC-derived] 1974 | I2: Nominal Gross Domestic Product Per Capita [SIC-derived] 1975 | J2: Nominal Gross Domestic Product Per Capita [SIC-derived] 1976 | K2: Nominal Gross Domestic Product Per Capita [SIC-derived] 1977 | L2: Nominal Gross Domestic Product Per Capita [SIC-derived] 1978 | M2: Nominal Gross Domestic Product Per Capita [SIC-derived] 1979 | N2: Nominal Gross Domestic Product Per Capita [SIC-derived] 1980 | O2: Nominal Gross Domestic Product Per Capita [SIC-derived] 1981 | P2: Nominal Gross Domestic Product Per Capita [SIC-derived] 1982 | Q2: Nominal Gross Domestic Product Per Capita [SIC-derived] 1983 | R2: Nominal Gross Domestic Product Per Capita [SIC-derived] 1984 | S2: Nominal Gross Domestic Product Per Capita [SIC-derived] 1985 | T2: Nominal Gross Domestic Product Per Capita [SIC-derived] 1986 | U2: Nominal Gross Domestic Product Per Capita [SIC-derived] 1987 | V2: Nominal Gross Domestic Product Per Capita [SIC-derived] 1988 | W2: Nominal Gross Domestic Product Per Capita [SIC-derived] 1989 | X2: Nominal Gross Domestic Product Per Capita [SIC-derived] 1990 | Y2: Nominal Gross Domestic Product Per Capita [SIC-derived] 1991 | Z2: Nominal Gross Domestic Product Per Capita [SIC-derived] 1992 | AA2: Nominal Gross Domestic Product Per Capita [SIC-derived] 1993 | AB2: Nominal Gross Domestic Product Per Capita [SIC-derived] 1994 | AC2: Nominal Gross Domestic Product Per Capita [SIC-derived] 1995 | AD2: Nominal Gross Domestic Product Per Capita [SIC-derived] 1996 | AE2: Nominal Gross Domestic Product Per Capita [SIC-derived] 1997 | AF2: Nominal Gross Domestic Product Per Capita [NAICS-derived] 1998 | AG2: Nominal Gross Domestic Product Per Capita [NAICS-derived] 1999 | AH2: Nominal Gross Domestic Product Per Capita [NAICS-derived] 2000 | AI2: Nominal Gross Domestic Product Per Capita [NAICS-derived] 2001 | AJ2: Nominal Gross Domestic Product Per Capita [NAICS-derived] 2002 | AK2: Nominal Gross Domestic Product Per Capita [NAICS-derived] 2003 | AL2: Nominal Gross Domestic Product Per Capita [NAICS-derived] 2004 | AM2: Nominal Gross Domestic Product Per Capita [NAICS-derived] 2005 | AN2: Nominal Gross Domestic Product Per Capita [NAICS-derived] 2006 | AO2: Nominal Gross Domestic Product Per Capita [NAICS-derived] 2007 | AP2: Nominal Gross Domestic Product Per Capita [NAICS-derived] 2008 | AQ2: Nominal Gross Domestic Product Per Capita [NAICS-derived] 2009 | AR2: Nominal Gross Domestic Product Per Capita [NAICS-derived] 2010 | AS2: Nominal Gross Domestic Product Per Capita [NAICS-derived] 2011
A3: CodedLocale | B3: Geo Name | C3: Raw GDP Per Cap [SIC] 1969 | D3: Raw GDP Per Cap [SIC] 1970 | E3: Raw GDP Per Cap [SIC] 1971 | F3: Raw GDP Per Cap [SIC] 1972 | G3: Raw GDP Per Cap [SIC] 1973 | H3: Raw GDP Per Cap [SIC] 1974 | I3: Raw GDP Per Cap [SIC] 1975 | J3: Raw GDP Per Cap [SIC] 1976 | K3: Raw GDP Per Cap [SIC] 1977 | L3: Raw GDP Per Cap [SIC] 1978 | M3: Raw GDP Per Cap [SIC] 1979 | N3: Raw GDP Per Cap [SIC] 1980 | O3: Raw GDP Per Cap [SIC] 1981 | P3: Raw GDP Per Cap [SIC] 1982 | Q3: Raw GDP Per Cap [SIC] 1983 | R3: Raw GDP Per Cap [SIC] 1984 | S3: Raw GDP Per Cap [SIC] 1985 | T3: Raw GDP Per Cap [SIC] 1986 | U3: Raw GDP Per Cap [SIC] 1987 | V3: Raw GDP Per Cap [SIC] 1988 | W3: Raw GDP Per Cap [SIC] 1989 | X3: Raw GDP Per Cap [SIC] 1990 | Y3: Raw GDP Per Cap [SIC] 1991 | Z3: Raw GDP Per Cap [SIC] 1992 | AA3: Raw GDP Per Cap [SIC] 1993 | AB3: Raw GDP Per Cap [SIC] 1994 | AC3: Raw GDP Per Cap [SIC] 1995 | AD3: Raw GDP Per Cap [SIC] 1996 | AE3: Raw GDP Per Cap [SIC] 1997 | AF3: Raw GDP Per Cap [NAICS] 1998 | AG3: Raw GDP Per Cap [NAICS] 1999 | AH3: Raw GDP Per Cap [NAICS] 2000 | AI3: Raw GDP Per Cap [NAICS] 2001 | AJ3: Raw GDP Per Cap [NAICS] 2002 | AK3: Raw GDP Per Cap [NAICS] 2003 | AL3: Raw GDP Per Cap [NAICS] 2004 | AM3: Raw GDP Per Cap [NAICS] 2005 | AN3: Raw GDP Per Cap [NAICS] 2006 | AO3: Raw GDP Per Cap [NAICS] 2007 | AP3: Raw GDP Per Cap [NAICS] 2008 | AQ3: Raw GDP Per Cap [NAICS] 2009 | AR3: Raw GDP Per Cap [NAICS] 2010 | AS3: Raw GDP Per Cap [NAICS] 2011
A4: fips_code | B4: geo_name | C4: raw-dollars_gdp-per-cap-sic_1969 | D4: raw-dollars_gdp-per-cap-sic_1970 | E4: raw-dollars_gdp-per-cap-sic_1971 | F4: raw-dollars_gdp-per-cap-sic_1972 | G4: raw-dollars_gdp-per-cap-sic_1973 | H4: raw-dollars_gdp-per-cap-sic_1974 | I4: raw-dollars_gdp-per-cap-sic_1975 | J4: raw-dollars_gdp-per-cap-sic_1976 | K4: raw-dollars_gdp-per-cap-sic_1977 | L4: raw-dollars_gdp-per-cap-sic_1978 | M4: raw-dollars_gdp-per-cap-sic_1979 | N4: raw-dollars_gdp-per-cap-sic_1980 | O4: raw-dollars_gdp-per-cap-sic_1981 | P4: raw-dollars_gdp-per-cap-sic_1982 | Q4: raw-dollars_gdp-per-cap-sic_1983 | R4: raw-dollars_gdp-per-cap-sic_1984 | S4: raw-dollars_gdp-per-cap-sic_1985 | T4: raw-dollars_gdp-per-cap-sic_1986 | U4: raw-dollars_gdp-per-cap-sic_1987 | V4: raw-dollars_gdp-per-cap-sic_1988 | W4: raw-dollars_gdp-per-cap-sic_1989 | X4: raw-dollars_gdp-per-cap-sic_1990 | Y4: raw-dollars_gdp-per-cap-sic_1991 | Z4: raw-dollars_gdp-per-cap-sic_1992 | AA4: raw-dollars_gdp-per-cap-sic_1993 | AB4: raw-dollars_gdp-per-cap-sic_1994 | AC4: raw-dollars_gdp-per-cap-sic_1995 | AD4: raw-dollars_gdp-per-cap-sic_1996 | AE4: raw-dollars_gdp-per-cap-sic_1997 | AF4: raw-dollars_gdp-per-cap-naics_1998 | AG4: raw-dollars_gdp-per-cap-naics_1999 | AH4: raw-dollars_gdp-per-cap-naics_2000 | AI4: raw-dollars_gdp-per-cap-naics_2001 | AJ4: raw-dollars_gdp-per-cap-naics_2002 | AK4: raw-dollars_gdp-per-cap-naics_2003 | AL4: raw-dollars_gdp-per-cap-naics_2004 | AM4: raw-dollars_gdp-per-cap-naics_2005 | AN4: raw-dollars_gdp-per-cap-naics_2006 | AO4: raw-dollars_gdp-per-cap-naics_2007 | AP4: raw-dollars_gdp-per-cap-naics_2008 | AQ4: raw-dollars_gdp-per-cap-naics_2009 | AR4: raw-dollars_gdp-per-cap-naics_2010 | AS4: raw-dollars_gdp-per-cap-naics_2011
A5: FIPS_CODE | B5: GEO_NAME | C5: 1969 | D5: 1970 | E5: 1971 | F5: 1972 | G5: 1973 | H5: 1974 | I5: 1975 | J5: 1976 | K5: 1977 | L5: 1978 | M5: 1979 | N5: 1980 | O5: 1981 | P5: 1982 | Q5: 1983 | R5: 1984 | S5: 1985 | T5: 1986 | U5: 1987 | V5: 1988 | W5: 1989 | X5: 1990 | Y5: 1991 | Z5: 1992 | AA5: 1993 | AB5: 1994 | AC5: 1995 | AD5: 1996 | AE5: 1997 | AF5: 1998 | AG5: 1999 | AH5: 2000 | AI5: 2001 | AJ5: 2002 | AK5: 2003 | AL5: 2004 | AM5: 2005 | AN5: 2006 | AO5: 2007 | AP5: 2008 | AQ5: 2009 | AR5: 2010 | AS5: 2011
A6: NA | B6: U.S. Metros | C6: NA | D6: NA | E6: NA | F6: NA | G6: NA | H6: NA | I6: NA | J6: NA | K6: NA | L6: NA | M6: NA | N6: NA | O6: NA | P6: NA | Q6: NA | R6: NA | S6: NA | T6: NA | U6: NA | V6: NA | W6: NA | X6: NA | Y6: NA | Z6: NA | AA6: NA | AB6: NA | AC6: NA | AD6: NA | AE6: NA | AF6: NA | AG6: NA | AH6: NA | AI6: =('NominalGDP-NAICS'!G6*1000000.0)/TotalPopulation!AI6 -> 38793.015 | AJ6: =('NominalGDP-NAICS'!H6*1000000.0)/TotalPopulation!AJ6 -> 39731.745 | AK6: =('NominalGDP-NAICS'!I6*1000000.0)/TotalPopulation!AK6 -> 41148.384 | AL6: =('NominalGDP-NAICS'!J6*1000000.0)/TotalPopulation!AL6 -> 43321.063 | AM6: =('NominalGDP-NAICS'!K6*1000000.0)/TotalPopulation!AM6 -> 45750.176 | AN6: =('NominalGDP-NAICS'!L6*1000000.0)/TotalPopulation!AN6 -> 48047.303 | AO6: =('NominalGDP-NAICS'!M6*1000000.0)/TotalPopulation!AO6 -> 49884.17 | AP6: =('NominalGDP-NAICS'!N6*1000000.0)/TotalPopulation!AP6 -> 50229.719 | ... AS6: =('NominalGDP-NAICS'!Q6*1000000.0)/TotalPopulation!AS6 -> 51493.99
A7: US | B7: United States | C7: =('NominalGDP-SIC'!C6*1000000.0)/TotalPopulation!C7 -> 4783.4653 | D7: =('NominalGDP-SIC'!D6*1000000.0)/TotalPopulation!D7 -> 4967.1509 | E7: =('NominalGDP-SIC'!E6*1000000.0)/TotalPopulation!E7 -> 5305.0296 | F7: =('NominalGDP-SIC'!F6*1000000.0)/TotalPopulation!F7 -> 5783.2645 | G7: =('NominalGDP-SIC'!G6*1000000.0)/TotalPopulation!G7 -> 6418.2877 | H7: =('NominalGDP-SIC'!H6*1000000.0)/TotalPopulation!H7 -> 6900.1027 | I7: =('NominalGDP-SIC'!I6*1000000.0)/TotalPopulation!I7 -> 7436.4309 | J7: =('NominalGDP-SIC'!J6*1000000.0)/TotalPopulation!J7 -> 8184.1665 | ... AE7: =('NominalGDP-SIC'!AE6*1000000.0)/TotalPopulation!AE7 -> 30385.202 | AF7: =('NominalGDP-NAICS'!D7*1000000.0)/TotalPopulation!AF7 -> 31636.372 | AG7: =('NominalGDP-NAICS'!E7*1000000.0)/TotalPopulation!AG7 -> 33281.438 | AH7: =('NominalGDP-NAICS'!F7*1000000.0)/TotalPopulation!AH7 -> 35030.077 | AI7: =('NominalGDP-NAICS'!G7*1000000.0)/TotalPopulation!AI7 -> 35856.604 | AJ7: =('NominalGDP-NAICS'!H7*1000000.0)/TotalPopulation!AJ7 -> 36757.517 | AK7: =('NominalGDP-NAICS'!I7*1000000.0)/TotalPopulation!AK7 -> 38150.729 | AL7: =('NominalGDP-NAICS'!J7*1000000.0)/TotalPopulation!AL7 -> 40212.421 | AM7: =('NominalGDP-NAICS'!K7*1000000.0)/TotalPopulation!AM7 -> 42431.173 | ... AS7: =('NominalGDP-NAICS'!Q7*1000000.0)/TotalPopulation!AS7 -> 48010.803
A8: 004 | B8: Arizona | C8: =('NominalGDP-SIC'!C7*1000000.0)/TotalPopulation!C8 -> 4354.0587 | D8: =('NominalGDP-SIC'!D7*1000000.0)/TotalPopulation!D8 -> 4774.0502 | E8: =('NominalGDP-SIC'!E7*1000000.0)/TotalPopulation!E8 -> 5088.8452 | F8: =('NominalGDP-SIC'!F7*1000000.0)/TotalPopulation!F8 -> 5621.1349 | G8: =('NominalGDP-SIC'!G7*1000000.0)/TotalPopulation!G8 -> 6272.1118 | H8: =('NominalGDP-SIC'!H7*1000000.0)/TotalPopulation!H8 -> 6568.6841 | I8: =('NominalGDP-SIC'!I7*1000000.0)/TotalPopulation!I8 -> 6684.8966 | J8: =('NominalGDP-SIC'!J7*1000000.0)/TotalPopulation!J8 -> 7227.5015 | ... AE8: =('NominalGDP-SIC'!AE7*1000000.0)/TotalPopulation!AE8 -> 27291.381 | AF8: =('NominalGDP-NAICS'!D8*1000000.0)/TotalPopulation!AF8 -> 28520.632 | AG8: =('NominalGDP-NAICS'!E8*1000000.0)/TotalPopulation!AG8 -> 30032.109 | AH8: =('NominalGDP-NAICS'!F8*1000000.0)/TotalPopulation!AH8 -> 31351.478 | AI8: =('NominalGDP-NAICS'!G8*1000000.0)/TotalPopulation!AI8 -> 32238.313 | AJ8: =('NominalGDP-NAICS'!H8*1000000.0)/TotalPopulation!AJ8 -> 32813.127 | AK8: =('NominalGDP-NAICS'!I8*1000000.0)/TotalPopulation!AK8 -> 34309.893 | AL8: =('NominalGDP-NAICS'!J8*1000000.0)/TotalPopulation!AL8 -> 35561.152 | AM8: =('NominalGDP-NAICS'!K8*1000000.0)/TotalPopulation!AM8 -> 38117.154 | ... AS8: =('NominalGDP-NAICS'!Q8*1000000.0)/TotalPopulation!AS8 -> 39489.21
A9: 22380 | B9: Metro Flagstaff | C9: NA | D9: NA | E9: NA | F9: NA | G9: NA | H9: NA | I9: NA | J9: NA | K9: NA | L9: NA | M9: NA | N9: NA | O9: NA | P9: NA | Q9: NA | R9: NA | S9: NA | T9: NA | U9: NA | V9: NA | W9: NA | X9: NA | Y9: NA | Z9: NA | AA9: NA | AB9: NA | AC9: NA | AD9: NA | AE9: NA | AF9: NA | AG9: NA | AH9: NA | AI9: =('NominalGDP-NAICS'!G9*1000000.0)/TotalPopulation!AI9 -> 25185.361 | AJ9: =('NominalGDP-NAICS'!H9*1000000.0)/TotalPopulation!AJ9 -> 26107.099 | AK9: =('NominalGDP-NAICS'!I9*1000000.0)/TotalPopulation!AK9 -> 27465.373 | AL9: =('NominalGDP-NAICS'!J9*1000000.0)/TotalPopulation!AL9 -> 28541.285 | AM9: =('NominalGDP-NAICS'!K9*1000000.0)/TotalPopulation!AM9 -> 30702.618 | AN9: =('NominalGDP-NAICS'!L9*1000000.0)/TotalPopulation!AN9 -> 33901.861 | AO9: =('NominalGDP-NAICS'!M9*1000000.0)/TotalPopulation!AO9 -> 36613.974 | AP9: =('NominalGDP-NAICS'!N9*1000000.0)/TotalPopulation!AP9 -> 37799.671 | ... AS9: =('NominalGDP-NAICS'!Q9*1000000.0)/TotalPopulation!AS9 -> 36353.904
A10: 29420 | B10: Metro Lake Havasu City | C10: NA | D10: NA | E10: NA | F10: NA | G10: NA | H10: NA | I10: NA | J10: NA | K10: NA | L10: NA | M10: NA | N10: NA | O10: NA | P10: NA | Q10: NA | R10: NA | S10: NA | T10: NA | U10: NA | V10: NA | W10: NA | X10: NA | Y10: NA | Z10: NA | AA10: NA | AB10: NA | AC10: NA | AD10: NA | AE10: NA | AF10: NA | AG10: NA | AH10: NA | AI10: =('NominalGDP-NAICS'!G10*1000000.0)/TotalPopulation!AI10 -> 15170.418 | AJ10: =('NominalGDP-NAICS'!H10*1000000.0)/TotalPopulation!AJ10 -> 15774.427 | AK10: =('NominalGDP-NAICS'!I10*1000000.0)/TotalPopulation!AK10 -> 16537.974 | AL10: =('NominalGDP-NAICS'!J10*1000000.0)/TotalPopulation!AL10 -> 16757.053 | AM10: =('NominalGDP-NAICS'!K10*1000000.0)/TotalPopulation!AM10 -> 18053.429 | AN10: =('NominalGDP-NAICS'!L10*1000000.0)/TotalPopulation!AN10 -> 19921.7 | AO10: =('NominalGDP-NAICS'!M10*1000000.0)/TotalPopulation!AO10 -> 19908.891 | AP10: =('NominalGDP-NAICS'!N10*1000000.0)/TotalPopulation!AP10 -> 19657.334 | ... AS10: =('NominalGDP-NAICS'!Q10*1000000.0)/TotalPopulation!AS10 -> 18314.711
A11: 38060 | B11: Metro Phoenix | C11: NA | D11: NA | E11: NA | F11: NA | G11: NA | H11: NA | I11: NA | J11: NA | K11: NA | L11: NA | M11: NA | N11: NA | O11: NA | P11: NA | Q11: NA | R11: NA | S11: NA | T11: NA | U11: NA | V11: NA | W11: NA | X11: NA | Y11: NA | Z11: NA | AA11: NA | AB11: NA | AC11: NA | AD11: NA | AE11: NA | AF11: NA | AG11: NA | AH11: NA | AI11: =('NominalGDP-NAICS'!G11*1000000.0)/TotalPopulation!AI11 -> 38121.601 | AJ11: =('NominalGDP-NAICS'!H11*1000000.0)/TotalPopulation!AJ11 -> 38834.805 | AK11: =('NominalGDP-NAICS'!I11*1000000.0)/TotalPopulation!AK11 -> 40432.498 | AL11: =('NominalGDP-NAICS'!J11*1000000.0)/TotalPopulation!AL11 -> 41808.391 | AM11: =('NominalGDP-NAICS'!K11*1000000.0)/TotalPopulation!AM11 -> 44658.166 | AN11: =('NominalGDP-NAICS'!L11*1000000.0)/TotalPopulation!AN11 -> 47667.321 | AO11: =('NominalGDP-NAICS'!M11*1000000.0)/TotalPopulation!AO11 -> 48719.951 | AP11: =('NominalGDP-NAICS'!N11*1000000.0)/TotalPopulation!AP11 -> 47818.366 | ... AS11: =('NominalGDP-NAICS'!Q11*1000000.0)/TotalPopulation!AS11 -> 45691.348
A12: 39140 | B12: Metro Prescott | C12: NA | D12: NA | E12: NA | F12: NA | G12: NA | H12: NA | I12: NA | J12: NA | K12: NA | L12: NA | M12: NA | N12: NA | O12: NA | P12: NA | Q12: NA | R12: NA | S12: NA | T12: NA | U12: NA | V12: NA | W12: NA | X12: NA | Y12: NA | Z12: NA | AA12: NA | AB12: NA | AC12: NA | AD12: NA | AE12: NA | AF12: NA | AG12: NA | AH12: NA | AI12: =('NominalGDP-NAICS'!G12*1000000.0)/TotalPopulation!AI12 -> 16833.105 | AJ12: =('NominalGDP-NAICS'!H12*1000000.0)/TotalPopulation!AJ12 -> 17247.212 | AK12: =('NominalGDP-NAICS'!I12*1000000.0)/TotalPopulation!AK12 -> 18188.808 | AL12: =('NominalGDP-NAICS'!J12*1000000.0)/TotalPopulation!AL12 -> 18698.555 | AM12: =('NominalGDP-NAICS'!K12*1000000.0)/TotalPopulation!AM12 -> 20744.637 | AN12: =('NominalGDP-NAICS'!L12*1000000.0)/TotalPopulation!AN12 -> 22995.659 | AO12: =('NominalGDP-NAICS'!M12*1000000.0)/TotalPopulation!AO12 -> 23226.183 | AP12: =('NominalGDP-NAICS'!N12*1000000.0)/TotalPopulation!AP12 -> 23100.123 | ... AS12: =('NominalGDP-NAICS'!Q12*1000000.0)/TotalPopulation!AS12 -> 20775.126
A13: 46060 | B13: Metro Tucson | C13: NA | D13: NA | E13: NA | F13: NA | G13: NA | H13: NA | I13: NA | J13: NA | K13: NA | L13: NA | M13: NA | N13: NA | O13: NA | P13: NA | Q13: NA | R13: NA | S13: NA | T13: NA | U13: NA | V13: NA | W13: NA | X13: NA | Y13: NA | Z13: NA | AA13: NA | AB13: NA | AC13: NA | AD13: NA | AE13: NA | AF13: NA | AG13: NA | AH13: NA | AI13: =('NominalGDP-NAICS'!G13*1000000.0)/TotalPopulation!AI13 -> 26325.528 | AJ13: =('NominalGDP-NAICS'!H13*1000000.0)/TotalPopulation!AJ13 -> 26080.133 | AK13: =('NominalGDP-NAICS'!I13*1000000.0)/TotalPopulation!AK13 -> 27727.954 | AL13: =('NominalGDP-NAICS'!J13*1000000.0)/TotalPopulation!AL13 -> 28554.089 | AM13: =('NominalGDP-NAICS'!K13*1000000.0)/TotalPopulation!AM13 -> 30604.217 | AN13: =('NominalGDP-NAICS'!L13*1000000.0)/TotalPopulation!AN13 -> 32533.77 | AO13: =('NominalGDP-NAICS'!M13*1000000.0)/TotalPopulation!AO13 -> 34213.893 | AP13: =('NominalGDP-NAICS'!N13*1000000.0)/TotalPopulation!AP13 -> 34366.353 | ... AS13: =('NominalGDP-NAICS'!Q13*1000000.0)/TotalPopulation!AS13 -> 32675.842
A14: 49740 | B14: Metro Yuma | C14: NA | D14: NA | E14: NA | F14: NA | G14: NA | H14: NA | I14: NA | J14: NA | K14: NA | L14: NA | M14: NA | N14: NA | O14: NA | P14: NA | Q14: NA | R14: NA | S14: NA | T14: NA | U14: NA | V14: NA | W14: NA | X14: NA | Y14: NA | Z14: NA | AA14: NA | AB14: NA | AC14: NA | AD14: NA | AE14: NA | AF14: NA | AG14: NA | AH14: NA | AI14: =('NominalGDP-NAICS'!G14*1000000.0)/TotalPopulation!AI14 -> 18763.085 | AJ14: =('NominalGDP-NAICS'!H14*1000000.0)/TotalPopulation!AJ14 -> 20931.329 | AK14: =('NominalGDP-NAICS'!I14*1000000.0)/TotalPopulation!AK14 -> 21523.425 | AL14: =('NominalGDP-NAICS'!J14*1000000.0)/TotalPopulation!AL14 -> 24070.731 | AM14: =('NominalGDP-NAICS'!K14*1000000.0)/TotalPopulation!AM14 -> 24371.421 | AN14: =('NominalGDP-NAICS'!L14*1000000.0)/TotalPopulation!AN14 -> 25493.886 | AO14: =('NominalGDP-NAICS'!M14*1000000.0)/TotalPopulation!AO14 -> 27140.699 | AP14: =('NominalGDP-NAICS'!N14*1000000.0)/TotalPopulation!AP14 -> 26903.484 | ... AS14: =('NominalGDP-NAICS'!Q14*1000000.0)/TotalPopulation!AS14 -> 26494.748

Sheet PctChgRealGDP
B1: HOVER FOR DETAIL ON SAVING DATA | L1: PERCENT CHANGE IN INFLATION-ADJUSTED GROSS DOMESTIC PRODUCT
A2: Location Codes | B2: Name of Geography | C2: Inflation-Adjusted Percent Change in Gross Domestic Product 1988 | D2: Inflation-Adjusted Percent Change in Gross Domestic Product 1989 | E2: Inflation-Adjusted Percent Change in Gross Domestic Product 1990 | F2: Inflation-Adjusted Percent Change in Gross Domestic Product 1991 | G2: Inflation-Adjusted Percent Change in Gross Domestic Product 1992 | H2: Inflation-Adjusted Percent Change in Gross Domestic Product 1993 | I2: Inflation-Adjusted Percent Change in Gross Domestic Product 1994 | J2: Inflation-Adjusted Percent Change in Gross Domestic Product 1995 | K2: Inflation-Adjusted Percent Change in Gross Domestic Product 1996 | L2: Inflation-Adjusted Percent Change in Gross Domestic Product 1997 | M2: Inflation-Adjusted Percent Change in Gross Domestic Product 1998 | N2: Inflation-Adjusted Percent Change in Gross Domestic Product 1999 | O2: Inflation-Adjusted Percent Change in Gross Domestic Product 2000 | P2: Inflation-Adjusted Percent Change in Gross Domestic Product 2001 | Q2: Inflation-Adjusted Percent Change in Gross Domestic Product 2002 | R2: Inflation-Adjusted Percent Change in Gross Domestic Product 2003 | S2: Inflation-Adjusted Percent Change in Gross Domestic Product 2004 | T2: Inflation-Adjusted Percent Change in Gross Domestic Product 2005 | U2: Inflation-Adjusted Percent Change in Gross Domestic Product 2006 | V2: Inflation-Adjusted Percent Change in Gross Domestic Product 2007 | W2: Inflation-Adjusted Percent Change in Gross Domestic Product 2008 | X2: Inflation-Adjusted Percent Change in Gross Domestic Product 2009 | Y2: Inflation-Adjusted Percent Change in Gross Domestic Product 2010 | Z2: Inflation-Adjusted Percent Change in Gross Domestic Product 2011 | AA2: Inflation-Adjusted Percent Change in Gross Domestic Product 2012
A3: CodedLocale | B3: Geo Name | C3: Pct Chg Real GDP 1988 | D3: Pct Chg Real GDP 1989 | E3: Pct Chg Real GDP 1990 | F3: Pct Chg Real GDP 1991 | G3: Pct Chg Real GDP 1992 | H3: Pct Chg Real GDP 1993 | I3: Pct Chg Real GDP 1994 | J3: Pct Chg Real GDP 1995 | K3: Pct Chg Real GDP 1996 | L3: Pct Chg Real GDP 1997 | M3: Pct Chg Real GDP 1998 | N3: Pct Chg Real GDP 1999 | O3: Pct Chg Real GDP 2000 | P3: Pct Chg Real GDP 2001 | Q3: Pct Chg Real GDP 2002 | R3: Pct Chg Real GDP 2003 | S3: Pct Chg Real GDP 2004 | T3: Pct Chg Real GDP 2005 | U3: Pct Chg Real GDP 2006 | V3: Pct Chg Real GDP 2007 | W3: Pct Chg Real GDP 2008 | X3: Pct Chg Real GDP 2009 | Y3: Pct Chg Real GDP 2010 | Z3: Pct Chg Real GDP 2011 | AA3: Pct Chg Real GDP 2012
A4: fips_code | B4: geo_name | C4: pct-chg_real-gdp_1988 | D4: pct-chg_real-gdp_1989 | E4: pct-chg_real-gdp_1990 | F4: pct-chg_real-gdp_1991 | G4: pct-chg_real-gdp_1992 | H4: pct-chg_real-gdp_1993 | I4: pct-chg_real-gdp_1994 | J4: pct-chg_real-gdp_1995 | K4: pct-chg_real-gdp_1996 | L4: pct-chg_real-gdp_1997 | M4: pct-chg_real-gdp_1998 | N4: pct-chg_real-gdp_1999 | O4: pct-chg_real-gdp_2000 | P4: pct-chg_real-gdp_2001 | Q4: pct-chg_real-gdp_2002 | R4: pct-chg_real-gdp_2003 | S4: pct-chg_real-gdp_2004 | T4: pct-chg_real-gdp_2005 | U4: pct-chg_real-gdp_2006 | V4: pct-chg_real-gdp_2007 | W4: pct-chg_real-gdp_2008 | X4: pct-chg_real-gdp_2009 | Y4: pct-chg_real-gdp_2010 | Z4: pct-chg_real-gdp_2011 | AA4: pct-chg_real-gdp_2012
A5: FIPS_CODE | B5: GEO_NAME | C5: 1988 | D5: 1989 | E5: 1990 | F5: 1991 | G5: 1992 | H5: 1993 | I5: 1994 | J5: 1995 | K5: 1996 | L5: 1997 | M5: 1998 | N5: 1999 | O5: 2000 | P5: 2001 | Q5: 2002 | R5: 2003 | S5: 2004 | T5: 2005 | U5: 2006 | V5: 2007 | W5: 2008 | X5: 2009 | Y5: 2010 | Z5: 2011 | AA5: 2012
A6: US | B6: U.S. Metros | C6: NA | D6: NA | E6: NA | F6: NA | G6: NA | H6: NA | I6: NA | J6: NA | K6: NA | L6: NA | M6: NA | N6: NA | O6: NA | P6: NA | Q6: =('RealGDP-NAICS'!H6-'RealGDP-NAICS'!G6)/'RealGDP-NAICS'!G6 -> 0.017185936 | R6: =('RealGDP-NAICS'!I6-'RealGDP-NAICS'!H6)/'RealGDP-NAICS'!H6 -> 0.020816749 | S6: =('RealGDP-NAICS'!J6-'RealGDP-NAICS'!I6)/'RealGDP-NAICS'!I6 -> 0.034080415 | T6: =('RealGDP-NAICS'!K6-'RealGDP-NAICS'!J6)/'RealGDP-NAICS'!J6 -> 0.029277689 | U6: =('RealGDP-NAICS'!L6-'RealGDP-NAICS'!K6)/'RealGDP-NAICS'!K6 -> 0.028242546 | V6: =('RealGDP-NAICS'!M6-'RealGDP-NAICS'!L6)/'RealGDP-NAICS'!L6 -> 0.01903779 | W6: =('RealGDP-NAICS'!N6-'RealGDP-NAICS'!M6)/'RealGDP-NAICS'!M6 -> -0.0066922812 | X6: =('RealGDP-NAICS'!O6-'RealGDP-NAICS'!N6)/'RealGDP-NAICS'!N6 -> -0.038323246 | ... Z6: =('RealGDP-NAICS'!Q6-'RealGDP-NAICS'!P6)/'RealGDP-NAICS'!P6 -> 0.015850876
A7: 004 | B7: United States | C7: =('RealGDP-SIC'!D6-'RealGDP-SIC'!C6)/'RealGDP-SIC'!C6 -> 0.052977647 | D7: =('RealGDP-SIC'!E6-'RealGDP-SIC'!D6)/'RealGDP-SIC'!D6 -> 0.022102096 | E7: =('RealGDP-SIC'!F6-'RealGDP-SIC'!E6)/'RealGDP-SIC'!E6 -> 0.015009525 | F7: =('RealGDP-SIC'!G6-'RealGDP-SIC'!F6)/'RealGDP-SIC'!F6 -> -0.001566838 | G7: =('RealGDP-SIC'!H6-'RealGDP-SIC'!G6)/'RealGDP-SIC'!G6 -> 0.030283914 | H7: =('RealGDP-SIC'!I6-'RealGDP-SIC'!H6)/'RealGDP-SIC'!H6 -> 0.020383758 | I7: =('RealGDP-SIC'!J6-'RealGDP-SIC'!I6)/'RealGDP-SIC'!I6 -> 0.046013787 | J7: =('RealGDP-SIC'!K6-'RealGDP-SIC'!J6)/'RealGDP-SIC'!J6 -> 0.034406936 | ... L7: =('RealGDP-SIC'!M6-'RealGDP-SIC'!L6)/'RealGDP-SIC'!L6 -> 0.052429577 | M7: =('RealGDP-NAICS'!D7-'RealGDP-NAICS'!C7)/'RealGDP-NAICS'!C7 -> 0.043106823 | N7: =('RealGDP-NAICS'!E7-'RealGDP-NAICS'!D7)/'RealGDP-NAICS'!D7 -> 0.047671567 | O7: =('RealGDP-NAICS'!F7-'RealGDP-NAICS'!E7)/'RealGDP-NAICS'!E7 -> 0.042173689 | P7: =('RealGDP-NAICS'!G7-'RealGDP-NAICS'!F7)/'RealGDP-NAICS'!F7 -> 0.012445341 | Q7: =('RealGDP-NAICS'!H7-'RealGDP-NAICS'!G7)/'RealGDP-NAICS'!G7 -> 0.017130587 | R7: =('RealGDP-NAICS'!I7-'RealGDP-NAICS'!H7)/'RealGDP-NAICS'!H7 -> 0.021560319 | S7: =('RealGDP-NAICS'!J7-'RealGDP-NAICS'!I7)/'RealGDP-NAICS'!I7 -> 0.033067734 | T7: =('RealGDP-NAICS'!K7-'RealGDP-NAICS'!J7)/'RealGDP-NAICS'!J7 -> 0.027835822 | ... AA7: =('RealGDP-NAICS'!R7-'RealGDP-NAICS'!Q7)/'RealGDP-NAICS'!Q7 -> 0.024584237
A8: 22380 | B8: Arizona | C8: =('RealGDP-SIC'!D7-'RealGDP-SIC'!C7)/'RealGDP-SIC'!C7 -> 0.047754569 | D8: =('RealGDP-SIC'!E7-'RealGDP-SIC'!D7)/'RealGDP-SIC'!D7 -> 0.0088838496 | E8: =('RealGDP-SIC'!F7-'RealGDP-SIC'!E7)/'RealGDP-SIC'!E7 -> 0.0078423139 | F8: =('RealGDP-SIC'!G7-'RealGDP-SIC'!F7)/'RealGDP-SIC'!F7 -> 0.0041663603 | G8: =('RealGDP-SIC'!H7-'RealGDP-SIC'!G7)/'RealGDP-SIC'!G7 -> 0.10172553 | H8: =('RealGDP-SIC'!I7-'RealGDP-SIC'!H7)/'RealGDP-SIC'!H7 -> 0.051328061 | I8: =('RealGDP-SIC'!J7-'RealGDP-SIC'!I7)/'RealGDP-SIC'!I7 -> 0.096801382 | J8: =('RealGDP-SIC'!K7-'RealGDP-SIC'!J7)/'RealGDP-SIC'!J7 -> 0.076029739 | ... L8: =('RealGDP-SIC'!M7-'RealGDP-SIC'!L7)/'RealGDP-SIC'!L7 -> 0.069579462 | M8: =('RealGDP-NAICS'!D8-'RealGDP-NAICS'!C8)/'RealGDP-NAICS'!C8 -> 0.093981933 | N8: =('RealGDP-NAICS'!E8-'RealGDP-NAICS'!D8)/'RealGDP-NAICS'!D8 -> 0.083569167 | O8: =('RealGDP-NAICS'!F8-'RealGDP-NAICS'!E8)/'RealGDP-NAICS'!E8 -> 0.066432524 | P8: =('RealGDP-NAICS'!G8-'RealGDP-NAICS'!F8)/'RealGDP-NAICS'!F8 -> 0.037009701 | Q8: =('RealGDP-NAICS'!H8-'RealGDP-NAICS'!G8)/'RealGDP-NAICS'!G8 -> 0.024376698 | R8: =('RealGDP-NAICS'!I8-'RealGDP-NAICS'!H8)/'RealGDP-NAICS'!H8 -> 0.052162013 | S8: =('RealGDP-NAICS'!J8-'RealGDP-NAICS'!I8)/'RealGDP-NAICS'!I8 -> 0.036989419 | T8: =('RealGDP-NAICS'!K8-'RealGDP-NAICS'!J8)/'RealGDP-NAICS'!J8 -> 0.073713511 | ... AA8: =('RealGDP-NAICS'!R8-'RealGDP-NAICS'!Q8)/'RealGDP-NAICS'!Q8 -> 0.026042431
A9: 29420 | B9: Metro Flagstaff | C9: NA | D9: NA | E9: NA | F9: NA | G9: NA | H9: NA | I9: NA | J9: NA | K9: NA | L9: NA | M9: NA | N9: NA | O9: NA | P9: NA | Q9: =('RealGDP-NAICS'!H9-'RealGDP-NAICS'!G9)/'RealGDP-NAICS'!G9 -> 0.034594914 | R9: =('RealGDP-NAICS'!I9-'RealGDP-NAICS'!H9)/'RealGDP-NAICS'!H9 -> 0.035724493 | S9: =('RealGDP-NAICS'!J9-'RealGDP-NAICS'!I9)/'RealGDP-NAICS'!I9 -> 0.021799117 | T9: =('RealGDP-NAICS'!K9-'RealGDP-NAICS'!J9)/'RealGDP-NAICS'!J9 -> 0.053200108 | U9: =('RealGDP-NAICS'!L9-'RealGDP-NAICS'!K9)/'RealGDP-NAICS'!K9 -> 0.08025641 | V9: =('RealGDP-NAICS'!M9-'RealGDP-NAICS'!L9)/'RealGDP-NAICS'!L9 -> 0.058390695 | W9: =('RealGDP-NAICS'!N9-'RealGDP-NAICS'!M9)/'RealGDP-NAICS'!M9 -> 0.01704418 | X9: =('RealGDP-NAICS'!O9-'RealGDP-NAICS'!N9)/'RealGDP-NAICS'!N9 -> -0.071664829 | ... Z9: =('RealGDP-NAICS'!Q9-'RealGDP-NAICS'!P9)/'RealGDP-NAICS'!P9 -> -0.0087367178
A10: 38060 | B10: Metro Lake Havasu City | C10: NA | D10: NA | E10: NA | F10: NA | G10: NA | H10: NA | I10: NA | J10: NA | K10: NA | L10: NA | M10: NA | N10: NA | O10: NA | P10: NA | Q10: =('RealGDP-NAICS'!H10-'RealGDP-NAICS'!G10)/'RealGDP-NAICS'!G10 -> 0.053848934 | R10: =('RealGDP-NAICS'!I10-'RealGDP-NAICS'!H10)/'RealGDP-NAICS'!H10 -> 0.059327846 | S10: =('RealGDP-NAICS'!J10-'RealGDP-NAICS'!I10)/'RealGDP-NAICS'!I10 -> 0.02039495 | T10: =('RealGDP-NAICS'!K10-'RealGDP-NAICS'!J10)/'RealGDP-NAICS'!J10 -> 0.081218274 | U10: =('RealGDP-NAICS'!L10-'RealGDP-NAICS'!K10)/'RealGDP-NAICS'!K10 -> 0.10064554 | V10: =('RealGDP-NAICS'!M10-'RealGDP-NAICS'!L10)/'RealGDP-NAICS'!L10 -> -0.014129565 | W10: =('RealGDP-NAICS'!N10-'RealGDP-NAICS'!M10)/'RealGDP-NAICS'!M10 -> -0.032990806 | X10: =('RealGDP-NAICS'!O10-'RealGDP-NAICS'!N10)/'RealGDP-NAICS'!N10 -> -0.11213647 | ... Z10: =('RealGDP-NAICS'!Q10-'RealGDP-NAICS'!P10)/'RealGDP-NAICS'!P10 -> 0.0088832487
A11: 39140 | B11: Metro Phoenix | C11: NA | D11: NA | E11: NA | F11: NA | G11: NA | H11: NA | I11: NA | J11: NA | K11: NA | L11: NA | M11: NA | N11: NA | O11: NA | P11: NA | Q11: =('RealGDP-NAICS'!H11-'RealGDP-NAICS'!G11)/'RealGDP-NAICS'!G11 -> 0.03028769 | R11: =('RealGDP-NAICS'!I11-'RealGDP-NAICS'!H11)/'RealGDP-NAICS'!H11 -> 0.054842695 | S11: =('RealGDP-NAICS'!J11-'RealGDP-NAICS'!I11)/'RealGDP-NAICS'!I11 -> 0.04093828 | T11: =('RealGDP-NAICS'!K11-'RealGDP-NAICS'!J11)/'RealGDP-NAICS'!J11 -> 0.077633657 | U11: =('RealGDP-NAICS'!L11-'RealGDP-NAICS'!K11)/'RealGDP-NAICS'!K11 -> 0.074864597 | V11: =('RealGDP-NAICS'!M11-'RealGDP-NAICS'!L11)/'RealGDP-NAICS'!L11 -> 0.02260046 | W11: =('RealGDP-NAICS'!N11-'RealGDP-NAICS'!M11)/'RealGDP-NAICS'!M11 -> -0.013800287 | X11: =('RealGDP-NAICS'!O11-'RealGDP-NAICS'!N11)/'RealGDP-NAICS'!N11 -> -0.086625549 | ... Z11: =('RealGDP-NAICS'!Q11-'RealGDP-NAICS'!P11)/'RealGDP-NAICS'!P11 -> 0.018153359
A12: 46060 | B12: Metro Prescott | C12: NA | D12: NA | E12: NA | F12: NA | G12: NA | H12: NA | I12: NA | J12: NA | K12: NA | L12: NA | M12: NA | N12: NA | O12: NA | P12: NA | Q12: =('RealGDP-NAICS'!H12-'RealGDP-NAICS'!G12)/'RealGDP-NAICS'!G12 -> 0.028631077 | R12: =('RealGDP-NAICS'!I12-'RealGDP-NAICS'!H12)/'RealGDP-NAICS'!H12 -> 0.054218614 | S12: =('RealGDP-NAICS'!J12-'RealGDP-NAICS'!I12)/'RealGDP-NAICS'!I12 -> 0.017051705 | T12: =('RealGDP-NAICS'!K12-'RealGDP-NAICS'!J12)/'RealGDP-NAICS'!J12 -> 0.096268253 | U12: =('RealGDP-NAICS'!L12-'RealGDP-NAICS'!K12)/'RealGDP-NAICS'!K12 -> 0.10631475 | V12: =('RealGDP-NAICS'!M12-'RealGDP-NAICS'!L12)/'RealGDP-NAICS'!L12 -> -0.0069119287 | W12: =('RealGDP-NAICS'!N12-'RealGDP-NAICS'!M12)/'RealGDP-NAICS'!M12 -> -0.023798833 | X12: =('RealGDP-NAICS'!O12-'RealGDP-NAICS'!N12)/'RealGDP-NAICS'!N12 -> -0.10096596 | ... Z12: =('RealGDP-NAICS'!Q12-'RealGDP-NAICS'!P12)/'RealGDP-NAICS'!P12 -> -0.0069630423
A13: 49740 | B13: Metro Tucson | C13: NA | D13: NA | E13: NA | F13: NA | G13: NA | H13: NA | I13: NA | J13: NA | K13: NA | L13: NA | M13: NA | N13: NA | O13: NA | P13: NA | Q13: =('RealGDP-NAICS'!H13-'RealGDP-NAICS'!G13)/'RealGDP-NAICS'!G13 -> -0.013779371 | R13: =('RealGDP-NAICS'!I13-'RealGDP-NAICS'!H13)/'RealGDP-NAICS'!H13 -> 0.05560491 | S13: =('RealGDP-NAICS'!J13-'RealGDP-NAICS'!I13)/'RealGDP-NAICS'!I13 -> 0.02023641 | T13: =('RealGDP-NAICS'!K13-'RealGDP-NAICS'!J13)/'RealGDP-NAICS'!J13 -> 0.056055493 | U13: =('RealGDP-NAICS'!L13-'RealGDP-NAICS'!K13)/'RealGDP-NAICS'!K13 -> 0.047825315 | V13: =('RealGDP-NAICS'!M13-'RealGDP-NAICS'!L13)/'RealGDP-NAICS'!L13 -> 0.035646517 | W13: =('RealGDP-NAICS'!N13-'RealGDP-NAICS'!M13)/'RealGDP-NAICS'!M13 -> -0.0044169611 | X13: =('RealGDP-NAICS'!O13-'RealGDP-NAICS'!N13)/'RealGDP-NAICS'!N13 -> -0.074402708 | ... Z13: =('RealGDP-NAICS'!Q13-'RealGDP-NAICS'!P13)/'RealGDP-NAICS'!P13 -> 0.0064923419
B14: Metro Yuma | C14: NA | D14: NA | E14: NA | F14: NA | G14: NA | H14: NA | I14: NA | J14: NA | K14: NA | L14: NA | M14: NA | N14: NA | O14: NA | P14: NA | Q14: =('RealGDP-NAICS'!H14-'RealGDP-NAICS'!G14)/'RealGDP-NAICS'!G14 -> 0.1234676 | R14: =('RealGDP-NAICS'!I14-'RealGDP-NAICS'!H14)/'RealGDP-NAICS'!H14 -> 0.0015588465 | S14: =('RealGDP-NAICS'!J14-'RealGDP-NAICS'!I14)/'RealGDP-NAICS'!I14 -> 0.091309987 | T14: =('RealGDP-NAICS'!K14-'RealGDP-NAICS'!J14)/'RealGDP-NAICS'!J14 -> 0.03589256 | U14: =('RealGDP-NAICS'!L14-'RealGDP-NAICS'!K14)/'RealGDP-NAICS'!K14 -> 0.046122074 | V14: =('RealGDP-NAICS'!M14-'RealGDP-NAICS'!L14)/'RealGDP-NAICS'!L14 -> 0.023470059 | W14: =('RealGDP-NAICS'!N14-'RealGDP-NAICS'!M14)/'RealGDP-NAICS'!M14 -> -0.013287613 | X14: =('RealGDP-NAICS'!O14-'RealGDP-NAICS'!N14)/'RealGDP-NAICS'!N14 -> -0.0052128584 | ... Z14: =('RealGDP-NAICS'!Q14-'RealGDP-NAICS'!P14)/'RealGDP-NAICS'!P14 -> -0.014518651

Sheet TotalEmployment
B1: HOVER FOR DETAIL ON SAVING DATA | AI1: TOTAL EMPLOYMENT
A2: Location Codes | B2: Name of Geography | C2: Total Employed Full or Part Time 1969 | D2: Total Employed Full or Part Time 1970 | E2: Total Employed Full or Part Time 1971 | F2: Total Employed Full or Part Time 1972 | G2: Total Employed Full or Part Time 1973 | H2: Total Employed Full or Part Time 1974 | I2: Total Employed Full or Part Time 1975 | J2: Total Employed Full or Part Time 1976 | K2: Total Employed Full or Part Time 1977 | L2: Total Employed Full or Part Time 1978 | M2: Total Employed Full or Part Time 1979 | N2: Total Employed Full or Part Time 1980 | O2: Total Employed Full or Part Time 1981 | P2: Total Employed Full or Part Time 1982 | Q2: Total Employed Full or Part Time 1983 | R2: Total Employed Full or Part Time 1984 | S2: Total Employed Full or Part Time 1985 | T2: Total Employed Full or Part Time 1986 | U2: Total Employed Full or Part Time 1987 | V2: Total Employed Full or Part Time 1988 | W2: Total Employed Full or Part Time 1989 | X2: Total Employed Full or Part Time 1990 | Y2: Total Employed Full or Part Time 1991 | Z2: Total Employed Full or Part Time 1992 | AA2: Total Employed Full or Part Time 1993 | AB2: Total Employed Full or Part Time 1994 | AC2: Total Employed Full or Part Time 1995 | AD2: Total Employed Full or Part Time 1996 | AE2: Total Employed Full or Part Time 1997 | AF2: Total Employed Full or Part Time 1998 | AG2: Total Employed Full or Part Time 1999 | AH2: Total Employed Full or Part Time 2000 | AI2: Total Employed Full or Part Time 2001 | AJ2: Total Employed Full or Part Time 2002 | AK2: Total Employed Full or Part Time 2003 | AL2: Total Employed Full or Part Time 2004 | AM2: Total Employed Full or Part Time 2005 | AN2: Total Employed Full or Part Time 2006 | AO2: Total Employed Full or Part Time 2007 | AP2: Total Employed Full or Part Time 2008 | AQ2: Total Employed Full or Part Time 2009 | AR2: Total Employed Full or Part Time 2010 | AS2: Total Employed Full or Part Time 2011
A3: CodedLocale | B3: Geo Name | C3: Tot Emp Full or Part Time 1969 | D3: Tot Emp Full or Part Time 1970 | E3: Tot Emp Full or Part Time 1971 | F3: Tot Emp Full or Part Time 1972 | G3: Tot Emp Full or Part Time 1973 | H3: Tot Emp Full or Part Time 1974 | I3: Tot Emp Full or Part Time 1975 | J3: Tot Emp Full or Part Time 1976 | K3: Tot Emp Full or Part Time 1977 | L3: Tot Emp Full or Part Time 1978 | M3: Tot Emp Full or Part Time 1979 | N3: Tot Emp Full or Part Time 1980 | O3: Tot Emp Full or Part Time 1981 | P3: Tot Emp Full or Part Time 1982 | Q3: Tot Emp Full or Part Time 1983 | R3: Tot Emp Full or Part Time 1984 | S3: Tot Emp Full or Part Time 1985 | T3: Tot Emp Full or Part Time 1986 | U3: Tot Emp Full or Part Time 1987 | V3: Tot Emp Full or Part Time 1988 | W3: Tot Emp Full or Part Time 1989 | X3: Tot Emp Full or Part Time 1990 | Y3: Tot Emp Full or Part Time 1991 | Z3: Tot Emp Full or Part Time 1992 | AA3: Tot Emp Full or Part Time 1993 | AB3: Tot Emp Full or Part Time 1994 | AC3: Tot Emp Full or Part Time 1995 | AD3: Tot Emp Full or Part Time 1996 | AE3: Tot Emp Full or Part Time 1997 | AF3: Tot Emp Full or Part Time 1998 | AG3: Tot Emp Full or Part Time 1999 | AH3: Tot Emp Full or Part Time 2000 | AI3: Tot Emp Full or Part Time 2001 | AJ3: Tot Emp Full or Part Time 2002 | AK3: Tot Emp Full or Part Time 2003 | AL3: Tot Emp Full or Part Time 2004 | AM3: Tot Emp Full or Part Time 2005 | AN3: Tot Emp Full or Part Time 2006 | AO3: Tot Emp Full or Part Time 2007 | AP3: Tot Emp Full or Part Time 2008 | AQ3: Tot Emp Full or Part Time 2009 | AR3: Tot Emp Full or Part Time 2010 | AS3: Tot Emp Full or Part Time 2011
A4: fips_code | B4: geo_name | C4: tot_emp-ft-pt_1969 | D4: tot_emp-ft-pt_1970 | E4: tot_emp-ft-pt_1971 | F4: tot_emp-ft-pt_1972 | G4: tot_emp-ft-pt_1973 | H4: tot_emp-ft-pt_1974 | I4: tot_emp-ft-pt_1975 | J4: tot_emp-ft-pt_1976 | K4: tot_emp-ft-pt_1977 | L4: tot_emp-ft-pt_1978 | M4: tot_emp-ft-pt_1979 | N4: tot_emp-ft-pt_1980 | O4: tot_emp-ft-pt_1981 | P4: tot_emp-ft-pt_1982 | Q4: tot_emp-ft-pt_1983 | R4: tot_emp-ft-pt_1984 | S4: tot_emp-ft-pt_1985 | T4: tot_emp-ft-pt_1986 | U4: tot_emp-ft-pt_1987 | V4: tot_emp-ft-pt_1988 | W4: tot_emp-ft-pt_1989 | X4: tot_emp-ft-pt_1990 | Y4: tot_emp-ft-pt_1991 | Z4: tot_emp-ft-pt_1992 | AA4: tot_emp-ft-pt_1993 | AB4: tot_emp-ft-pt_1994 | AC4: tot_emp-ft-pt_1995 | AD4: tot_emp-ft-pt_1996 | AE4: tot_emp-ft-pt_1997 | AF4: tot_emp-ft-pt_1998 | AG4: tot_emp-ft-pt_1999 | AH4: tot_emp-ft-pt_2000 | AI4: tot_emp-ft-pt_2001 | AJ4: tot_emp-ft-pt_2002 | AK4: tot_emp-ft-pt_2003 | AL4: tot_emp-ft-pt_2004 | AM4: tot_emp-ft-pt_2005 | AN4: tot_emp-ft-pt_2006 | AO4: tot_emp-ft-pt_2007 | AP4: tot_emp-ft-pt_2008 | AQ4: tot_emp-ft-pt_2009 | AR4: tot_emp-ft-pt_2010 | AS4: tot_emp-ft-pt_2011
A5: FIPS_CODE | B5: GEO_NAME | C5: 1969 | D5: 1970 | E5: 1971 | F5: 1972 | G5: 1973 | H5: 1974 | I5: 1975 | J5: 1976 | K5: 1977 | L5: 1978 | M5: 1979 | N5: 1980 | O5: 1981 | P5: 1982 | Q5: 1983 | R5: 1984 | S5: 1985 | T5: 1986 | U5: 1987 | V5: 1988 | W5: 1989 | X5: 1990 | Y5: 1991 | Z5: 1992 | AA5: 1993 | AB5: 1994 | AC5: 1995 | AD5: 1996 | AE5: 1997 | AF5: 1998 | AG5: 1999 | AH5: 2000 | AI5: 2001 | AJ5: 2002 | AK5: 2003 | AL5: 2004 | AM5: 2005 | AN5: 2006 | AO5: 2007 | AP5: 2008 | AQ5: 2009 | AR5: 2010 | AS5: 2011
A6: NA | B6: U.S. Metros | C6: NA | D6: NA | E6: NA | F6: NA | G6: NA | H6: NA | I6: NA | J6: NA | K6: NA | L6: NA | M6: NA | N6: NA | O6: NA | P6: NA | Q6: NA | R6: NA | S6: NA | T6: NA | U6: NA | V6: NA | W6: NA | X6: NA | Y6: NA | Z6: NA | AA6: NA | AB6: NA | AC6: NA | AD6: NA | AE6: NA | AF6: NA | AG6: NA | AH6: NA | AI6: 140729574 | AJ6: 140371792 | AK6: 141233781 | AL6: 143916539 | AM6: 147035838 | AN6: 150242013 | AO6: 153634939 | AP6: 153544447 | AQ6: 148937557 | AR6: 148414964 | AS6: 150422232
A7: US | B7: United States | C7: 91053200 | D7: 91277600 | E7: 91581400 | F7: 94312200 | G7: 98427500 | H7: 100111800 | I7: 98900600 | J7: 101591200 | K7: 105042200 | L7: 109686600 | M7: 113147100 | N7: 113983200 | O7: 114914000 | P7: 114163300 | Q7: 115645700 | R7: 120528100 | S7: 123796700 | T7: 126232300 | U7: 129548400 | V7: 133563900 | W7: 136177800 | X7: 138330900 | Y7: 137612800 | Z7: 138166100 | AA7: 140774400 | AB7: 144196600 | AC7: 147915800 | AD7: 151056200 | AE7: 154541200 | AF7: 158481200 | AG7: 161531300 | AH7: 165370800 | AI7: 165510200 | AJ7: 165063100 | AK7: 166019500 | AL7: 169026700 | AM7: 172551400 | AN7: 176124600 | AO7: 179899700 | AP7: 179644900 | AQ7: 174225700 | AR7: 173626700 | AS7: 175834700
A8: 004 | B8: Arizona | C8: 711344 | D8: 746653 | E8: 785731 | F8: 849706 | G8: 924890 | H8: 955104 | I8: 935070 | J8: 976118 | K8: 1047500 | L8: 1149617 | M8: 1240161 | N8: 1282615 | O8: 1312566 | P8: 1315333 | Q8: 1378623 | R8: 1504336 | S8: 1621750 | T8: 1700594 | U8: 1764638 | V8: 1833198 | W8: 1864934 | X8: 1894104 | Y8: 1902691 | Z8: 1925190 | AA8: 2010588 | AB8: 2141302 | AC8: 2257829 | AD8: 2387542 | AE8: 2497166 | AF8: 2610870 | AG8: 2696787 | AH8: 2795770 | AI8: 2823452 | AJ8: 2841538 | AK8: 2914131 | AL8: 3039930 | AM8: 3208243 | AN8: 3369783 | AO8: 3465578 | AP8: 3407829 | AQ8: 3235390 | AR8: 3188129 | AS8: 3227500
A9: 22380 | B9: Metro Flagstaff | C9: NA | D9: NA | E9: NA | F9: NA | G9: NA | H9: NA | I9: NA | J9: NA | K9: NA | L9: NA | M9: NA | N9: NA | O9: NA | P9: NA | Q9: NA | R9: NA | S9: NA | T9: NA | U9: NA | V9: NA | W9: NA | X9: NA | Y9: NA | Z9: NA | AA9: NA | AB9: NA | AC9: NA | AD9: NA | AE9: 63044 | AF9: 65747 | AG9: 67457 | AH9: 70286 | AI9: 69911 | AJ9: 70820 | AK9: 73196 | AL9: 77267 | AM9: 79330 | AN9: 82053 | AO9: 85673 | AP9: 84611 | AQ9: 81891 | AR9: 81239 | AS9: 81813
A10: 29420 | B10: Metro Lake Havasu City | C10: NA | D10: NA | E10: NA | F10: NA | G10: NA | H10: NA | I10: NA | J10: NA | K10: NA | L10: NA | M10: NA | N10: NA | O10: NA | P10: NA | Q10: NA | R10: NA | S10: NA | T10: NA | U10: NA | V10: NA | W10: NA | X10: NA | Y10: NA | Z10: NA | AA10: NA | AB10: NA | AC10: NA | AD10: NA | AE10: 48111 | AF10: 49551 | AG10: 51751 | AH10: 54637 | AI10: 55965 | AJ10: 58078 | AK10: 61735 | AL10: 65902 | AM10: 70548 | AN10: 74109 | AO10: 74140 | AP10: 69127 | AQ10: 63782 | AR10: 62418 | AS10: 62316
A11: 38060 | B11: Metro Phoenix | C11: NA | D11: NA | E11: NA | F11: NA | G11: NA | H11: NA | I11: NA | J11: NA | K11: NA | L11: NA | M11: NA | N11: NA | O11: NA | P11: NA | Q11: NA | R11: NA | S11: NA | T11: NA | U11: NA | V11: NA | W11: NA | X11: NA | Y11: NA | Z11: NA | AA11: NA | AB11: NA | AC11: NA | AD11: NA | AE11: 1714166 | AF11: 1801569 | AG11: 1874724 | AH11: 1942079 | AI11: 1948119 | AJ11: 1960602 | AK11: 2009301 | AL11: 2095792 | AM11: 2229015 | AN11: 2346793 | AO11: 2408578 | AP11: 2377989 | AQ11: 2249224 | AR11: 2217888 | AS11: 2255342
A12: 39140 | B12: Metro Prescott | C12: NA | D12: NA | E12: NA | F12: NA | G12: NA | H12: NA | I12: NA | J12: NA | K12: NA | L12: NA | M12: NA | N12: NA | O12: NA | P12: NA | Q12: NA | R12: NA | S12: NA | T12: NA | U12: NA | V12: NA | W12: NA | X12: NA | Y12: NA | Z12: NA | AA12: NA | AB12: NA | AC12: NA | AD12: NA | AE12: 65207 | AF12: 67685 | AG12: 67177 | AH12: 70286 | AI12: 70850 | AJ12: 72933 | AK12: 75322 | AL12: 79435 | AM12: 84436 | AN12: 90404 | AO12: 93644 | AP12: 88070 | AQ12: 82475 | AR12: 79982 | AS12: 79564
A13: 46060 | B13: Metro Tucson | C13: NA | D13: NA | E13: NA | F13: NA | G13: NA | H13: NA | I13: NA | J13: NA | K13: NA | L13: NA | M13: NA | N13: NA | O13: NA | P13: NA | Q13: NA | R13: NA | S13: NA | T13: NA | U13: NA | V13: NA | W13: NA | X13: NA | Y13: NA | Z13: NA | AA13: NA | AB13: NA | AC13: NA | AD13: NA | AE13: 402981 | AF13: 418430 | AG13: 429250 | AH13: 444366 | AI13: 439795 | AJ13: 439405 | AK13: 446987 | AL13: 465660 | AM13: 480384 | AN13: 502232 | AO13: 518817 | AP13: 507355 | AQ13: 487816 | AR13: 478080 | AS13: 479306
A14: 49740 | B14: Metro Yuma | C14: NA | D14: NA | E14: NA | F14: NA | G14: NA | H14: NA | I14: NA | J14: NA | K14: NA | L14: NA | M14: NA | N14: NA | O14: NA | P14: NA | Q14: NA | R14: NA | S14: NA | T14: NA | U14: NA | V14: NA | W14: NA | X14: NA | Y14: NA | Z14: NA | AA14: NA | AB14: NA | AC14: NA | AD14: NA | AE14: 64485 | AF14: 67620 | AG14: 67974 | AH14: 68313 | AI14: 70041 | AJ14: 71949 | AK14: 73714 | AL14: 77283 | AM14: 79415 | AN14: 82393 | AO14: 83712 | AP14: 83115 | AQ14: 79744 | AR14: 79633 | AS14: 80403

Sheet TotalPopulation
B1: HOVER FOR DETAIL ON SAVING DATA | AI1: TOTAL POPULATION
A2: Location Codes | B2: Name of Geography | C2: Total Population 1969 | D2: Total Population 1970 | E2: Total Population 1971 | F2: Total Population 1972 | G2: Total Population 1973 | H2: Total Population 1974 | I2: Total Population 1975 | J2: Total Population 1976 | K2: Total Population 1977 | L2: Total Population 1978 | M2: Total Population 1979 | N2: Total Population 1980 | O2: Total Population 1981 | P2: Total Population 1982 | Q2: Total Population 1983 | R2: Total Population 1984 | S2: Total Population 1985 | T2: Total Population 1986 | U2: Total Population 1987 | V2: Total Population 1988 | W2: Total Population 1989 | X2: Total Population 1990 | Y2: Total Population 1991 | Z2: Total Population 1992 | AA2: Total Population 1993 | AB2: Total Population 1994 | AC2: Total Population 1995 | AD2: Total Population 1996 | AE2: Total Population 1997 | AF2: Total Population 1998 | AG2: Total Population 1999 | AH2: Total Population 2000 | AI2: Total Population 2001 | AJ2: Total Population 2002 | AK2: Total Population 2003 | AL2: Total Population 2004 | AM2: Total Population 2005 | AN2: Total Population 2006 | AO2: Total Population 2007 | AP2: Total Population 2008 | AQ2: Total Population 2009 | AR2: Total Population 2010 | AS2: Total Population 2011
A3: CodedLocale | B3: Geo Name | C3: Tot Pop 1969 | D3: Tot Pop 1970 | E3: Tot Pop 1971 | F3: Tot Pop 1972 | G3: Tot Pop 1973 | H3: Tot Pop 1974 | I3: Tot Pop 1975 | J3: Tot Pop 1976 | K3: Tot Pop 1977 | L3: Tot Pop 1978 | M3: Tot Pop 1979 | N3: Tot Pop 1980 | O3: Tot Pop 1981 | P3: Tot Pop 1982 | Q3: Tot Pop 1983 | R3: Tot Pop 1984 | S3: Tot Pop 1985 | T3: Tot Pop 1986 | U3: Tot Pop 1987 | V3: Tot Pop 1988 | W3: Tot Pop 1989 | X3: Tot Pop 1990 | Y3: Tot Pop 1991 | Z3: Tot Pop 1992 | AA3: Tot Pop 1993 | AB3: Tot Pop 1994 | AC3: Tot Pop 1995 | AD3: Tot Pop 1996 | AE3: Tot Pop 1997 | AF3: Tot Pop 1998 | AG3: Tot Pop 1999 | AH3: Tot Pop 2000 | AI3: Tot Pop 2001 | AJ3: Tot Pop 2002 | AK3: Tot Pop 2003 | AL3: Tot Pop 2004 | AM3: Tot Pop 2005 | AN3: Tot Pop 2006 | AO3: Tot Pop 2007 | AP3: Tot Pop 2008 | AQ3: Tot Pop 2009 | AR3: Tot Pop 2010 | AS3: Tot Pop 2011
A4: fips_code | B4: geo_name | C4: tot_pop_1969 | D4: tot_pop_1970 | E4: tot_pop_1971 | F4: tot_pop_1972 | G4: tot_pop_1973 | H4: tot_pop_1974 | I4: tot_pop_1975 | J4: tot_pop_1976 | K4: tot_pop_1977 | L4: tot_pop_1978 | M4: tot_pop_1979 | N4: tot_pop_1980 | O4: tot_pop_1981 | P4: tot_pop_1982 | Q4: tot_pop_1983 | R4: tot_pop_1984 | S4: tot_pop_1985 | T4: tot_pop_1986 | U4: tot_pop_1987 | V4: tot_pop_1988 | W4: tot_pop_1989 | X4: tot_pop_1990 | Y4: tot_pop_1991 | Z4: tot_pop_1992 | AA4: tot_pop_1993 | AB4: tot_pop_1994 | AC4: tot_pop_1995 | AD4: tot_pop_1996 | AE4: tot_pop_1997 | AF4: tot_pop_1998 | AG4: tot_pop_1999 | AH4: tot_pop_2000 | AI4: tot_pop_2001 | AJ4: tot_pop_2002 | AK4: tot_pop_2003 | AL4: tot_pop_2004 | AM4: tot_pop_2005 | AN4: tot_pop_2006 | AO4: tot_pop_2007 | AP4: tot_pop_2008 | AQ4: tot_pop_2009 | AR4: tot_pop_2010 | AS4: tot_pop_2011
A5: FIPS_CODE | B5: GEO_NAME | C5: 1969 | D5: 1970 | E5: 1971 | F5: 1972 | G5: 1973 | H5: 1974 | I5: 1975 | J5: 1976 | K5: 1977 | L5: 1978 | M5: 1979 | N5: 1980 | O5: 1981 | P5: 1982 | Q5: 1983 | R5: 1984 | S5: 1985 | T5: 1986 | U5: 1987 | V5: 1988 | W5: 1989 | X5: 1990 | Y5: 1991 | Z5: 1992 | AA5: 1993 | AB5: 1994 | AC5: 1995 | AD5: 1996 | AE5: 1997 | AF5: 1998 | AG5: 1999 | AH5: 2000 | AI5: 2001 | AJ5: 2002 | AK5: 2003 | AL5: 2004 | AM5: 2005 | AN5: 2006 | AO5: 2007 | AP5: 2008 | AQ5: 2009 | AR5: 2010 | AS5: 2011
A6: NA | B6: U.S. Metros | C6: NA | D6: NA | E6: NA | F6: NA | G6: NA | H6: NA | I6: NA | J6: NA | K6: NA | L6: NA | M6: NA | N6: NA | O6: NA | P6: NA | Q6: NA | R6: NA | S6: NA | T6: NA | U6: NA | V6: NA | W6: NA | X6: NA | Y6: NA | Z6: NA | AA6: NA | AB6: NA | AC6: NA | AD6: NA | AE6: NA | AF6: NA | AG6: NA | AH6: NA | AI6: 236504459 | AJ6: 238991342 | AK6: 241269571 | AL6: 243728876 | AM6: 246186551 | AN6: 248700829 | AO6: 251292727 | AP6: 253930748 | AQ6: 256465721 | AR6: 258874726 | AS6: 261103595
A7: US | B7: United States | C7: 201298000 | D7: 203798722 | E7: 206817509 | F7: 209274882 | G7: 211349205 | H7: 213333635 | I7: 215456585 | J7: 217553859 | K7: 219760875 | L7: 222098244 | M7: 224568579 | N7: 227224719 | O7: 229465744 | P7: 231664432 | Q7: 233792014 | R7: 235824907 | S7: 237923734 | T7: 240132831 | U7: 242288936 | V7: 244499004 | W7: 246819222 | X7: 249622814 | Y7: 252980941 | Z7: 256514224 | AA7: 259918588 | AB7: 263125821 | AC7: 266278393 | AD7: 269394284 | AE7: 272646925 | AF7: 275854104 | AG7: 279040168 | AH7: 282162411 | AI7: 284968955 | AJ7: 287625193 | AK7: 290107933 | AL7: 292805298 | AM7: 295516599 | AN7: 298379912 | AO7: 301231207 | AP7: 304093966 | AQ7: 306771529 | AR7: 309330219 | AS7: 311591917
A8: 004 | B8: Arizona | C8: 1737000 | D8: 1794912 | E8: 1896108 | F8: 2008847 | G8: 2125281 | H8: 2224342 | I8: 2286348 | J8: 2347976 | K8: 2427310 | L8: 2517852 | M8: 2638582 | N8: 2737774 | O8: 2810108 | P8: 2889860 | Q8: 2968924 | R8: 3067134 | S8: 3183539 | T8: 3308261 | U8: 3437103 | V8: 3535183 | W8: 3622184 | X8: 3684097 | Y8: 3788576 | Z8: 3915740 | AA8: 4065440 | AB8: 4245089 | AC8: 4432499 | AD8: 4586940 | AE8: 4736990 | AF8: 4883342 | AG8: 5023823 | AH8: 5160586 | AI8: 5273477 | AJ8: 5396255 | AK8: 5510364 | AL8: 5652404 | AM8: 5839077 | AN8: 6029141 | AO8: 6167681 | AP8: 6280362 | AQ8: 6343154 | AR8: 6413158 | AS8: 6482505
A9: 22380 | B9: Metro Flagstaff | C9: NA | D9: NA | E9: NA | F9: NA | G9: NA | H9: NA | I9: NA | J9: NA | K9: NA | L9: NA | M9: NA | N9: NA | O9: NA | P9: NA | Q9: NA | R9: NA | S9: NA | T9: NA | U9: NA | V9: NA | W9: NA | X9: NA | Y9: NA | Z9: NA | AA9: NA | AB9: NA | AC9: NA | AD9: NA | AE9: NA | AF9: NA | AG9: NA | AH9: NA | AI9: 118283 | AJ9: 121308 | AK9: 122882 | AL9: 125117 | AM9: 127025 | AN9: 128695 | AO9: 130442 | AP9: 131853 | AQ9: 133477 | AR9: 134606 | AS9: 134511
A10: 29420 | B10: Metro Lake Havasu City | C10: NA | D10: NA | E10: NA | F10: NA | G10: NA | H10: NA | I10: NA | J10: NA | K10: NA | L10: NA | M10: NA | N10: NA | O10: NA | P10: NA | Q10: NA | R10: NA | S10: NA | T10: NA | U10: NA | V10: NA | W10: NA | X10: NA | Y10: NA | Z10: NA | AA10: NA | AB10: NA | AC10: NA | AD10: NA | AE10: NA | AF10: NA | AG10: NA | AH10: NA | AI10: 160312 | AJ10: 166155 | AK10: 172633 | AL10: 180521 | AM10: 188773 | AN10: 196168 | AO10: 199760 | AP10: 200078 | AQ10: 199696 | AR10: 201567 | AS10: 202351
A11: 38060 | B11: Metro Phoenix | C11: NA | D11: NA | E11: NA | F11: NA | G11: NA | H11: NA | I11: NA | J11: NA | K11: NA | L11: NA | M11: NA | N11: NA | O11: NA | P11: NA | Q11: NA | R11: NA | S11: NA | T11: NA | U11: NA | V11: NA | W11: NA | X11: NA | Y11: NA | Z11: NA | AA11: NA | AB11: NA | AC11: NA | AD11: NA | AE11: NA | AF11: NA | AG11: NA | AH11: NA | AI11: 3363736 | AJ11: 3452470 | AK11: 3536388 | AL11: 3637332 | AM11: 3774696 | AN11: 3914212 | AO11: 4018128 | AP11: 4106372 | AQ11: 4153609 | AR11: 4209070 | AS11: 4263236
A12: 39140 | B12: Metro Prescott | C12: NA | D12: NA | E12: NA | F12: NA | G12: NA | H12: NA | I12: NA | J12: NA | K12: NA | L12: NA | M12: NA | N12: NA | O12: NA | P12: NA | Q12: NA | R12: NA | S12: NA | T12: NA | U12: NA | V12: NA | W12: NA | X12: NA | Y12: NA | Z12: NA | AA12: NA | AB12: NA | AC12: NA | AD12: NA | AE12: NA | AF12: NA | AG12: NA | AH12: NA | AI12: 172636 | AJ12: 177362 | AK12: 182090 | AL12: 187822 | AM12: 195424 | AN12: 204082 | AO12: 208773 | AP12: 211211 | AQ12: 211172 | AR12: 211144 | AS12: 211888
A13: 46060 | B13: Metro Tucson | C13: NA | D13: NA | E13: NA | F13: NA | G13: NA | H13: NA | I13: NA | J13: NA | K13: NA | L13: NA | M13: NA | N13: NA | O13: NA | P13: NA | Q13: NA | R13: NA | S13: NA | T13: NA | U13: NA | V13: NA | W13: NA | X13: NA | Y13: NA | Z13: NA | AA13: NA | AB13: NA | AC13: NA | AD13: NA | AE13: NA | AF13: NA | AG13: NA | AH13: NA | AI13: 859280 | AJ13: 874267 | AK13: 885893 | AL13: 901342 | AM13: 920298 | AN13: 940930 | AO13: 955869 | AP13: 967778 | AQ13: 975580 | AR13: 982108 | AS13: 989569
A14: 49740 | B14: Metro Yuma | C14: NA | D14: NA | E14: NA | F14: NA | G14: NA | H14: NA | I14: NA | J14: NA | K14: NA | L14: NA | M14: NA | N14: NA | O14: NA | P14: NA | Q14: NA | R14: NA | S14: NA | T14: NA | U14: NA | V14: NA | W14: NA | X14: NA | Y14: NA | Z14: NA | AA14: NA | AB14: NA | AC14: NA | AD14: NA | AE14: NA | AF14: NA | AG14: NA | AH14: NA | AI14: 162873 | AJ14: 165398 | AK14: 168003 | AL14: 172824 | AM14: 178816 | AN14: 183848 | AO14: 187357 | AP14: 191202 | AQ14: 193714 | AR14: 196830 | AS14: 200870

Sheet Viz1-PercentChangeAzUS
A2: meta-last-update | B2: =MetaText!B1 -> 41338
A3: meta-source-line | B3: =MetaText!B2 -> U.S. Department of Commerce, Bureau of Economic Analysis
A4: meta-source-url | B4: =MetaText!B3 -> http://www.bea.gov/regional/index.htm
A5: chart-main-title | B5: Gross Domestic Product in Arizona and the United States, Inflation-Adjusted Percent Change | GDP
A6: chart-axis-header | B6: =PctChgRealGDP!E5 -> 1990 | C6: =PctChgRealGDP!F5 -> 1991 | D6: =PctChgRealGDP!G5 -> 1992 | E6: =PctChgRealGDP!H5 -> 1993 | F6: =PctChgRealGDP!I5 -> 1994 | G6: =PctChgRealGDP!J5 -> 1995 | H6: =PctChgRealGDP!K5 -> 1996 | I6: =PctChgRealGDP!L5 -> 1997 | ... X6: =PctChgRealGDP!AA5 -> 2012
A7: =PctChgRealGDP!B7 -> United States | B7: =PctChgRealGDP!E7 -> 0.015009525 | C7: =PctChgRealGDP!F7 -> -0.001566838 | D7: =PctChgRealGDP!G7 -> 0.030283914 | E7: =PctChgRealGDP!H7 -> 0.020383758 | F7: =PctChgRealGDP!I7 -> 0.046013787 | G7: =PctChgRealGDP!J7 -> 0.034406936 | H7: =PctChgRealGDP!K7 -> 0.044120011 | I7: =PctChgRealGDP!L7 -> 0.052429577 | ... X7: =PctChgRealGDP!AA7 -> 0.024584237
A8: =PctChgRealGDP!B8 -> Arizona | B8: =PctChgRealGDP!E8 -> 0.0078423139 | C8: =PctChgRealGDP!F8 -> 0.0041663603 | D8: =PctChgRealGDP!G8 -> 0.10172553 | E8: =PctChgRealGDP!H8 -> 0.051328061 | F8: =PctChgRealGDP!I8 -> 0.096801382 | G8: =PctChgRealGDP!J8 -> 0.076029739 | H8: =PctChgRealGDP!K8 -> 0.079004455 | I8: =PctChgRealGDP!L8 -> 0.069579462 | ... X8: =PctChgRealGDP!AA8 -> 0.026042431
A9: chart-title | B9: Gross Domestic Product Per Employee in Arizona and the United States, Inflation-Adjusted Percent Change | GDP Per Employee
A10: =NominalGDPperEmp!B7 -> United States | B10: =((('RealGDP-SIC'!F6*1000000.0)/TotalEmployment!X7)-(('RealGDP-SIC'!E6*1000000.0)/TotalEmployment!W7))/(('RealGDP-SIC'!E6*1000000.0)/TotalEmployment!W7) -> -0.00078894798 | C10: =((('RealGDP-SIC'!G6*1000000.0)/TotalEmployment!Y7)-(('RealGDP-SIC'!F6*1000000.0)/TotalEmployment!X7))/(('RealGDP-SIC'!F6*1000000.0)/TotalEmployment!X7) -> 0.0036432504 | D10: =((('RealGDP-SIC'!H6*1000000.0)/TotalEmployment!Z7)-(('RealGDP-SIC'!G6*1000000.0)/TotalEmployment!Y7))/(('RealGDP-SIC'!G6*1000000.0)/TotalEmployment!Y7) -> 0.026158039 | E10: =((('RealGDP-SIC'!I6*1000000.0)/TotalEmployment!AA7)-(('RealGDP-SIC'!H6*1000000.0)/TotalEmployment!Z7))/(('RealGDP-SIC'!H6*1000000.0)/TotalEmployment!Z7) -> 0.0014778562 | F10: =((('RealGDP-SIC'!J6*1000000.0)/TotalEmployment!AB7)-(('RealGDP-SIC'!I6*1000000.0)/TotalEmployment!AA7))/(('RealGDP-SIC'!I6*1000000.0)/TotalEmployment!AA7) -> 0.021188872 | G10: =((('RealGDP-SIC'!K6*1000000.0)/TotalEmployment!AC7)-(('RealGDP-SIC'!J6*1000000.0)/TotalEmployment!AB7))/(('RealGDP-SIC'!J6*1000000.0)/TotalEmployment!AB7) -> 0.0083977721 | H10: =((('RealGDP-SIC'!L6*1000000.0)/TotalEmployment!AD7)-(('RealGDP-SIC'!K6*1000000.0)/TotalEmployment!AC7))/(('RealGDP-SIC'!K6*1000000.0)/TotalEmployment!AC7) -> 0.02241316 | I10: =((('RealGDP-SIC'!M6*1000000.0)/TotalEmployment!AE7)-(('RealGDP-SIC'!L6*1000000.0)/TotalEmployment!AD7))/(('RealGDP-SIC'!L6*1000000.0)/TotalEmployment!AD7) -> 0.028696636 | J10: =((('RealGDP-NAICS'!D7*1000000.0)/TotalEmployment!AF7)-(('RealGDP-NAICS'!C7*1000000.0)/TotalEmployment!AE7))/(('RealGDP-NAICS'!C7*1000000.0)/TotalEmployment!AE7) -> 0.017174151 | K10: =((('RealGDP-NAICS'!E7*1000000.0)/TotalEmployment!AG7)-(('RealGDP-NAICS'!D7*1000000.0)/TotalEmployment!AF7))/(('RealGDP-NAICS'!D7*1000000.0)/TotalEmployment!AF7) -> 0.027889004 | L10: =((('RealGDP-NAICS'!F7*1000000.0)/TotalEmployment!AH7)-(('RealGDP-NAICS'!E7*1000000.0)/TotalEmployment!AG7))/(('RealGDP-NAICS'!E7*1000000.0)/TotalEmployment!AG7) -> 0.017976999 | M10: =((('RealGDP-NAICS'!G7*1000000.0)/TotalEmployment!AI7)-(('RealGDP-NAICS'!F7*1000000.0)/TotalEmployment!AH7))/(('RealGDP-NAICS'!F7*1000000.0)/TotalEmployment!AH7) -> 0.011592614 | N10: =((('RealGDP-NAICS'!H7*1000000.0)/TotalEmployment!AJ7)-(('RealGDP-NAICS'!G7*1000000.0)/TotalEmployment!AI7))/(('RealGDP-NAICS'!G7*1000000.0)/TotalEmployment!AI7) -> 0.019885649 | O10: =((('RealGDP-NAICS'!I7*1000000.0)/TotalEmployment!AK7)-(('RealGDP-NAICS'!H7*1000000.0)/TotalEmployment!AJ7))/(('RealGDP-NAICS'!H7*1000000.0)/TotalEmployment!AJ7) -> 0.015675346 | P10: =((('RealGDP-NAICS'!J7*1000000.0)/TotalEmployment!AL7)-(('RealGDP-NAICS'!I7*1000000.0)/TotalEmployment!AK7))/(('RealGDP-NAICS'!I7*1000000.0)/TotalEmployment!AK7) -> 0.014688145 | Q10: =((('RealGDP-NAICS'!K7*1000000.0)/TotalEmployment!AM7)-(('RealGDP-NAICS'!J7*1000000.0)/TotalEmployment!AL7))/(('RealGDP-NAICS'!J7*1000000.0)/TotalEmployment!AL7) -> 0.0068402639 | ... W10: =((('RealGDP-NAICS'!Q7*1000000.0)/TotalEmployment!AS7)-(('RealGDP-NAICS'!P7*1000000.0)/TotalEmployment!AR7))/(('RealGDP-NAICS'!P7*1000000.0)/TotalEmployment!AR7) -> 0.0036152033
A11: =NominalGDPperEmp!B8 -> Arizona | B11: =((('RealGDP-SIC'!F7*1000000.0)/TotalEmployment!X8)-(('RealGDP-SIC'!E7*1000000.0)/TotalEmployment!W8))/(('RealGDP-SIC'!E7*1000000.0)/TotalEmployment!W8) -> -0.0076788825 | C11: =((('RealGDP-SIC'!G7*1000000.0)/TotalEmployment!Y8)-(('RealGDP-SIC'!F7*1000000.0)/TotalEmployment!X8))/(('RealGDP-SIC'!F7*1000000.0)/TotalEmployment!X8) -> -0.00036552454 | D11: =((('RealGDP-SIC'!H7*1000000.0)/TotalEmployment!Z8)-(('RealGDP-SIC'!G7*1000000.0)/TotalEmployment!Y8))/(('RealGDP-SIC'!G7*1000000.0)/TotalEmployment!Y8) -> 0.088850058 | E11: =((('RealGDP-SIC'!I7*1000000.0)/TotalEmployment!AA8)-(('RealGDP-SIC'!H7*1000000.0)/TotalEmployment!Z8))/(('RealGDP-SIC'!H7*1000000.0)/TotalEmployment!Z8) -> 0.0066738037 | F11: =((('RealGDP-SIC'!J7*1000000.0)/TotalEmployment!AB8)-(('RealGDP-SIC'!I7*1000000.0)/TotalEmployment!AA8))/(('RealGDP-SIC'!I7*1000000.0)/TotalEmployment!AA8) -> 0.029848054 | G11: =((('RealGDP-SIC'!K7*1000000.0)/TotalEmployment!AC8)-(('RealGDP-SIC'!J7*1000000.0)/TotalEmployment!AB8))/(('RealGDP-SIC'!J7*1000000.0)/TotalEmployment!AB8) -> 0.020495632 | H11: =((('RealGDP-SIC'!L7*1000000.0)/TotalEmployment!AD8)-(('RealGDP-SIC'!K7*1000000.0)/TotalEmployment!AC8))/(('RealGDP-SIC'!K7*1000000.0)/TotalEmployment!AC8) -> 0.020383117 | I11: =((('RealGDP-SIC'!M7*1000000.0)/TotalEmployment!AE8)-(('RealGDP-SIC'!L7*1000000.0)/TotalEmployment!AD8))/(('RealGDP-SIC'!L7*1000000.0)/TotalEmployment!AD8) -> 0.022625604 | J11: =((('RealGDP-NAICS'!D8*1000000.0)/TotalEmployment!AF8)-(('RealGDP-NAICS'!C8*1000000.0)/TotalEmployment!AE8))/(('RealGDP-NAICS'!C8*1000000.0)/TotalEmployment!AE8) -> 0.046338764 | K11: =((('RealGDP-NAICS'!E8*1000000.0)/TotalEmployment!AG8)-(('RealGDP-NAICS'!D8*1000000.0)/TotalEmployment!AF8))/(('RealGDP-NAICS'!D8*1000000.0)/TotalEmployment!AF8) -> 0.049047712 | L11: =((('RealGDP-NAICS'!F8*1000000.0)/TotalEmployment!AH8)-(('RealGDP-NAICS'!E8*1000000.0)/TotalEmployment!AG8))/(('RealGDP-NAICS'!E8*1000000.0)/TotalEmployment!AG8) -> 0.028675952 | M11: =((('RealGDP-NAICS'!G8*1000000.0)/TotalEmployment!AI8)-(('RealGDP-NAICS'!F8*1000000.0)/TotalEmployment!AH8))/(('RealGDP-NAICS'!F8*1000000.0)/TotalEmployment!AH8) -> 0.026842536 | N11: =((('RealGDP-NAICS'!H8*1000000.0)/TotalEmployment!AJ8)-(('RealGDP-NAICS'!G8*1000000.0)/TotalEmployment!AI8))/(('RealGDP-NAICS'!G8*1000000.0)/TotalEmployment!AI8) -> 0.017856681 | O11: =((('RealGDP-NAICS'!I8*1000000.0)/TotalEmployment!AK8)-(('RealGDP-NAICS'!H8*1000000.0)/TotalEmployment!AJ8))/(('RealGDP-NAICS'!H8*1000000.0)/TotalEmployment!AJ8) -> 0.025951936 | P11: =((('RealGDP-NAICS'!J8*1000000.0)/TotalEmployment!AL8)-(('RealGDP-NAICS'!I8*1000000.0)/TotalEmployment!AK8))/(('RealGDP-NAICS'!I8*1000000.0)/TotalEmployment!AK8) -> -0.0059234871 | Q11: =((('RealGDP-NAICS'!K8*1000000.0)/TotalEmployment!AM8)-(('RealGDP-NAICS'!J8*1000000.0)/TotalEmployment!AL8))/(('RealGDP-NAICS'!J8*1000000.0)/TotalEmployment!AL8) -> 0.017383631 | ... W11: =((('RealGDP-NAICS'!Q8*1000000.0)/TotalEmployment!AS8)-(('RealGDP-NAICS'!P8*1000000.0)/TotalEmployment!AR8))/(('RealGDP-NAICS'!P8*1000000.0)/TotalEmployment!AR8) -> 0.0046553734
A12: chart-title | B12: Gross Domestic Product Per Capita in Arizona and the United States, Inflation-Adjusted Percent Change | GDP Per Capita
A13: =NominalGDPperCap!B7 -> United States | B13: =((('RealGDP-SIC'!F6*1000000.0)/TotalPopulation!X7)-(('RealGDP-SIC'!E6*1000000.0)/TotalPopulation!W7))/(('RealGDP-SIC'!E6*1000000.0)/TotalPopulation!W7) -> 0.0036096353 | C13: =((('RealGDP-SIC'!G6*1000000.0)/TotalPopulation!Y7)-(('RealGDP-SIC'!F6*1000000.0)/TotalPopulation!X7))/(('RealGDP-SIC'!F6*1000000.0)/TotalPopulation!X7) -> -0.014820269 | D13: =((('RealGDP-SIC'!H6*1000000.0)/TotalPopulation!Z7)-(('RealGDP-SIC'!G6*1000000.0)/TotalPopulation!Y7))/(('RealGDP-SIC'!G6*1000000.0)/TotalPopulation!Y7) -> 0.016092558 | E13: =((('RealGDP-SIC'!I6*1000000.0)/TotalPopulation!AA7)-(('RealGDP-SIC'!H6*1000000.0)/TotalPopulation!Z7))/(('RealGDP-SIC'!H6*1000000.0)/TotalPopulation!Z7) -> 0.0070189664 | F13: =((('RealGDP-SIC'!J6*1000000.0)/TotalPopulation!AB7)-(('RealGDP-SIC'!I6*1000000.0)/TotalPopulation!AA7))/(('RealGDP-SIC'!I6*1000000.0)/TotalPopulation!AA7) -> 0.033263955 | G13: =((('RealGDP-SIC'!K6*1000000.0)/TotalPopulation!AC7)-(('RealGDP-SIC'!J6*1000000.0)/TotalPopulation!AB7))/(('RealGDP-SIC'!J6*1000000.0)/TotalPopulation!AB7) -> 0.022160196 | H13: =((('RealGDP-SIC'!L6*1000000.0)/TotalPopulation!AD7)-(('RealGDP-SIC'!K6*1000000.0)/TotalPopulation!AC7))/(('RealGDP-SIC'!K6*1000000.0)/TotalPopulation!AC7) -> 0.032043422 | I13: =((('RealGDP-SIC'!M6*1000000.0)/TotalPopulation!AE7)-(('RealGDP-SIC'!L6*1000000.0)/TotalPopulation!AD7))/(('RealGDP-SIC'!L6*1000000.0)/TotalPopulation!AD7) -> 0.039874234 | J13: =((('RealGDP-NAICS'!D7*1000000.0)/TotalPopulation!AF7)-(('RealGDP-NAICS'!C7*1000000.0)/TotalPopulation!AE7))/(('RealGDP-NAICS'!C7*1000000.0)/TotalPopulation!AE7) -> 0.030979288 | K13: =((('RealGDP-NAICS'!E7*1000000.0)/TotalPopulation!AG7)-(('RealGDP-NAICS'!D7*1000000.0)/TotalPopulation!AF7))/(('RealGDP-NAICS'!D7*1000000.0)/TotalPopulation!AF7) -> 0.035709315 | L13: =((('RealGDP-NAICS'!F7*1000000.0)/TotalPopulation!AH7)-(('RealGDP-NAICS'!E7*1000000.0)/TotalPopulation!AG7))/(('RealGDP-NAICS'!E7*1000000.0)/TotalPopulation!AG7) -> 0.030641609 | M13: =((('RealGDP-NAICS'!G7*1000000.0)/TotalPopulation!AI7)-(('RealGDP-NAICS'!F7*1000000.0)/TotalPopulation!AH7))/(('RealGDP-NAICS'!F7*1000000.0)/TotalPopulation!AH7) -> 0.0024741758 | N13: =((('RealGDP-NAICS'!H7*1000000.0)/TotalPopulation!AJ7)-(('RealGDP-NAICS'!G7*1000000.0)/TotalPopulation!AI7))/(('RealGDP-NAICS'!G7*1000000.0)/TotalPopulation!AI7) -> 0.0077373171 | O13: =((('RealGDP-NAICS'!I7*1000000.0)/TotalPopulation!AK7)-(('RealGDP-NAICS'!H7*1000000.0)/TotalPopulation!AJ7))/(('RealGDP-NAICS'!H7*1000000.0)/TotalPopulation!AJ7) -> 0.012817819 | P13: =((('RealGDP-NAICS'!J7*1000000.0)/TotalPopulation!AL7)-(('RealGDP-NAICS'!I7*1000000.0)/TotalPopulation!AK7))/(('RealGDP-NAICS'!I7*1000000.0)/TotalPopulation!AK7) -> 0.023550964 | Q13: =((('RealGDP-NAICS'!K7*1000000.0)/TotalPopulation!AM7)-(('RealGDP-NAICS'!J7*1000000.0)/TotalPopulation!AL7))/(('RealGDP-NAICS'!J7*1000000.0)/TotalPopulation!AL7) -> 0.01840565 | ... W13: =((('RealGDP-NAICS'!Q7*1000000.0)/TotalPopulation!AS7)-(('RealGDP-NAICS'!P7*1000000.0)/TotalPopulation!AR7))/(('RealGDP-NAICS'!P7*1000000.0)/TotalPopulation!AR7) -> 0.0090007089
A14: =NominalGDPperCap!B8 -> Arizona | B14: =((('RealGDP-SIC'!F7*1000000.0)/TotalPopulation!X8)-(('RealGDP-SIC'!E7*1000000.0)/TotalPopulation!W8))/(('RealGDP-SIC'!E7*1000000.0)/TotalPopulation!W8) -> -0.0090949549 | C14: =((('RealGDP-SIC'!G7*1000000.0)/TotalPopulation!Y8)-(('RealGDP-SIC'!F7*1000000.0)/TotalPopulation!X8))/(('RealGDP-SIC'!F7*1000000.0)/TotalPopulation!X8) -> -0.023525917 | D14: =((('RealGDP-SIC'!H7*1000000.0)/TotalPopulation!Z8)-(('RealGDP-SIC'!G7*1000000.0)/TotalPopulation!Y8))/(('RealGDP-SIC'!G7*1000000.0)/TotalPopulation!Y8) -> 0.065946893 | E14: =((('RealGDP-SIC'!I7*1000000.0)/TotalPopulation!AA8)-(('RealGDP-SIC'!H7*1000000.0)/TotalPopulation!Z8))/(('RealGDP-SIC'!H7*1000000.0)/TotalPopulation!Z8) -> 0.012615447 | F14: =((('RealGDP-SIC'!J7*1000000.0)/TotalPopulation!AB8)-(('RealGDP-SIC'!I7*1000000.0)/TotalPopulation!AA8))/(('RealGDP-SIC'!I7*1000000.0)/TotalPopulation!AA8) -> 0.050385566 | G14: =((('RealGDP-SIC'!K7*1000000.0)/TotalPopulation!AC8)-(('RealGDP-SIC'!J7*1000000.0)/TotalPopulation!AB8))/(('RealGDP-SIC'!J7*1000000.0)/TotalPopulation!AB8) -> 0.030534245 | H14: =((('RealGDP-SIC'!L7*1000000.0)/TotalPopulation!AD8)-(('RealGDP-SIC'!K7*1000000.0)/TotalPopulation!AC8))/(('RealGDP-SIC'!K7*1000000.0)/TotalPopulation!AC8) -> 0.042674673 | I14: =((('RealGDP-SIC'!M7*1000000.0)/TotalPopulation!AE8)-(('RealGDP-SIC'!L7*1000000.0)/TotalPopulation!AD8))/(('RealGDP-SIC'!L7*1000000.0)/TotalPopulation!AD8) -> 0.035699214 | J14: =((('RealGDP-NAICS'!D8*1000000.0)/TotalPopulation!AF8)-(('RealGDP-NAICS'!C8*1000000.0)/TotalPopulation!AE8))/(('RealGDP-NAICS'!C8*1000000.0)/TotalPopulation!AE8) -> 0.061195689 | K14: =((('RealGDP-NAICS'!E8*1000000.0)/TotalPopulation!AG8)-(('RealGDP-NAICS'!D8*1000000.0)/TotalPopulation!AF8))/(('RealGDP-NAICS'!D8*1000000.0)/TotalPopulation!AF8) -> 0.053269358 | L14: =((('RealGDP-NAICS'!F8*1000000.0)/TotalPopulation!AH8)-(('RealGDP-NAICS'!E8*1000000.0)/TotalPopulation!AG8))/(('RealGDP-NAICS'!E8*1000000.0)/TotalPopulation!AG8) -> 0.038170518 | M14: =((('RealGDP-NAICS'!G8*1000000.0)/TotalPopulation!AI8)-(('RealGDP-NAICS'!F8*1000000.0)/TotalPopulation!AH8))/(('RealGDP-NAICS'!F8*1000000.0)/TotalPopulation!AH8) -> 0.014810105 | N14: =((('RealGDP-NAICS'!H8*1000000.0)/TotalPopulation!AJ8)-(('RealGDP-NAICS'!G8*1000000.0)/TotalPopulation!AI8))/(('RealGDP-NAICS'!G8*1000000.0)/TotalPopulation!AI8) -> 0.001069623 | O14: =((('RealGDP-NAICS'!I8*1000000.0)/TotalPopulation!AK8)-(('RealGDP-NAICS'!H8*1000000.0)/TotalPopulation!AJ8))/(('RealGDP-NAICS'!H8*1000000.0)/TotalPopulation!AJ8) -> 0.030373769 | P14: =((('RealGDP-NAICS'!J8*1000000.0)/TotalPopulation!AL8)-(('RealGDP-NAICS'!I8*1000000.0)/TotalPopulation!AK8))/(('RealGDP-NAICS'!I8*1000000.0)/TotalPopulation!AK8) -> 0.010930777 | Q14: =((('RealGDP-NAICS'!K8*1000000.0)/TotalPopulation!AM8)-(('RealGDP-NAICS'!J8*1000000.0)/TotalPopulation!AL8))/(('RealGDP-NAICS'!J8*1000000.0)/TotalPopulation!AL8) -> 0.039387312 | ... W14: =((('RealGDP-NAICS'!Q8*1000000.0)/TotalPopulation!AS8)-(('RealGDP-NAICS'!P8*1000000.0)/TotalPopulation!AR8))/(('RealGDP-NAICS'!P8*1000000.0)/TotalPopulation!AR8) -> 0.006182028

Sheet Viz2-PctChgGDPbyMetro
A2: meta-last-update | B2: =MetaText!B1 -> 41338
A3: meta-source-line | B3: =MetaText!B2 -> U.S. Department of Commerce, Bureau of Economic Analysis
A4: meta-source-url | B4: =MetaText!B3 -> http://www.bea.gov/regional/index.htm
A5: chart-main-title | B5: Gross Domestic Product, Inflation-Adjusted Percent Change | GDP
A6: chart-axis-header | B6: =PctChgRealGDP!Q5 -> 2002 | C6: =PctChgRealGDP!R5 -> 2003 | D6: =PctChgRealGDP!S5 -> 2004 | E6: =PctChgRealGDP!T5 -> 2005 | F6: =PctChgRealGDP!U5 -> 2006 | G6: =PctChgRealGDP!V5 -> 2007 | H6: =PctChgRealGDP!W5 -> 2008 | I6: =PctChgRealGDP!X5 -> 2009 | ... K6: =PctChgRealGDP!Z5 -> 2011
A7: =PctChgRealGDP!B6 -> U.S. Metros | B7: =PctChgRealGDP!Q6 -> 0.017185936 | C7: =PctChgRealGDP!R6 -> 0.020816749 | D7: =PctChgRealGDP!S6 -> 0.034080415 | E7: =PctChgRealGDP!T6 -> 0.029277689 | F7: =PctChgRealGDP!U6 -> 0.028242546 | G7: =PctChgRealGDP!V6 -> 0.01903779 | H7: =PctChgRealGDP!W6 -> -0.0066922812 | I7: =PctChgRealGDP!X6 -> -0.038323246 | ... K7: =PctChgRealGDP!Z6 -> 0.015850876
A8: =PctChgRealGDP!B7 -> United States | B8: =PctChgRealGDP!Q7 -> 0.017130587 | C8: =PctChgRealGDP!R7 -> 0.021560319 | D8: =PctChgRealGDP!S7 -> 0.033067734 | E8: =PctChgRealGDP!T7 -> 0.027835822 | F8: =PctChgRealGDP!U7 -> 0.026851973 | G8: =PctChgRealGDP!V7 -> 0.017670725 | H8: =PctChgRealGDP!W7 -> -0.0066051857 | I8: =PctChgRealGDP!X7 -> -0.032582762 | ... K8: =PctChgRealGDP!Z7 -> 0.016378116
A9: =PctChgRealGDP!B8 -> Arizona | B9: =PctChgRealGDP!Q8 -> 0.024376698 | C9: =PctChgRealGDP!R8 -> 0.052162013 | D9: =PctChgRealGDP!S8 -> 0.036989419 | E9: =PctChgRealGDP!T8 -> 0.073713511 | F9: =PctChgRealGDP!U8 -> 0.070998207 | G9: =PctChgRealGDP!V8 -> 0.023404693 | H9: =PctChgRealGDP!W8 -> -0.011543349 | I9: =PctChgRealGDP!X8 -> -0.081817579 | ... K9: =PctChgRealGDP!Z8 -> 0.017062113
A10: =PctChgRealGDP!B9 -> Metro Flagstaff | B10: =PctChgRealGDP!Q9 -> 0.034594914 | C10: =PctChgRealGDP!R9 -> 0.035724493 | D10: =PctChgRealGDP!S9 -> 0.021799117 | E10: =PctChgRealGDP!T9 -> 0.053200108 | F10: =PctChgRealGDP!U9 -> 0.08025641 | G10: =PctChgRealGDP!V9 -> 0.058390695 | H10: =PctChgRealGDP!W9 -> 0.01704418 | I10: =PctChgRealGDP!X9 -> -0.071664829 | ... K10: =PctChgRealGDP!Z9 -> -0.0087367178
A11: =PctChgRealGDP!B10 -> Metro Lake Havasu City | B11: =PctChgRealGDP!Q10 -> 0.053848934 | C11: =PctChgRealGDP!R10 -> 0.059327846 | D11: =PctChgRealGDP!S10 -> 0.02039495 | E11: =PctChgRealGDP!T10 -> 0.081218274 | F11: =PctChgRealGDP!U10 -> 0.10064554 | G11: =PctChgRealGDP!V10 -> -0.014129565 | H11: =PctChgRealGDP!W10 -> -0.032990806 | I11: =PctChgRealGDP!X10 -> -0.11213647 | ... K11: =PctChgRealGDP!Z10 -> 0.0088832487
A12: =PctChgRealGDP!B11 -> Metro Phoenix | B12: =PctChgRealGDP!Q11 -> 0.03028769 | C12: =PctChgRealGDP!R11 -> 0.054842695 | D12: =PctChgRealGDP!S11 -> 0.04093828 | E12: =PctChgRealGDP!T11 -> 0.077633657 | F12: =PctChgRealGDP!U11 -> 0.074864597 | G12: =PctChgRealGDP!V11 -> 0.02260046 | H12: =PctChgRealGDP!W11 -> -0.013800287 | I12: =PctChgRealGDP!X11 -> -0.086625549 | ... K12: =PctChgRealGDP!Z11 -> 0.018153359
A13: =PctChgRealGDP!B12 -> Metro Prescott | B13: =PctChgRealGDP!Q12 -> 0.028631077 | C13: =PctChgRealGDP!R12 -> 0.054218614 | D13: =PctChgRealGDP!S12 -> 0.017051705 | E13: =PctChgRealGDP!T12 -> 0.096268253 | F13: =PctChgRealGDP!U12 -> 0.10631475 | G13: =PctChgRealGDP!V12 -> -0.0069119287 | H13: =PctChgRealGDP!W12 -> -0.023798833 | I13: =PctChgRealGDP!X12 -> -0.10096596 | ... K13: =PctChgRealGDP!Z12 -> -0.0069630423
A14: =PctChgRealGDP!B13 -> Metro Tucson | B14: =PctChgRealGDP!Q13 -> -0.013779371 | C14: =PctChgRealGDP!R13 -> 0.05560491 | D14: =PctChgRealGDP!S13 -> 0.02023641 | E14: =PctChgRealGDP!T13 -> 0.056055493 | F14: =PctChgRealGDP!U13 -> 0.047825315 | G14: =PctChgRealGDP!V13 -> 0.035646517 | H14: =PctChgRealGDP!W13 -> -0.0044169611 | I14: =PctChgRealGDP!X13 -> -0.074402708 | ... K14: =PctChgRealGDP!Z13 -> 0.0064923419
A15: =PctChgRealGDP!B14 -> Metro Yuma | B15: =PctChgRealGDP!Q14 -> 0.1234676 | C15: =PctChgRealGDP!R14 -> 0.0015588465 | D15: =PctChgRealGDP!S14 -> 0.091309987 | E15: =PctChgRealGDP!T14 -> 0.03589256 | F15: =PctChgRealGDP!U14 -> 0.046122074 | G15: =PctChgRealGDP!V14 -> 0.023470059 | H15: =PctChgRealGDP!W14 -> -0.013287613 | I15: =PctChgRealGDP!X14 -> -0.0052128584 | ... K15: =PctChgRealGDP!Z14 -> -0.014518651
A16: chart-title | B16: Gross Domestic Product Per Employee, Inflation-Adjusted Percent Change | GDP Per Employee
A17: =NominalGDPperEmp!B6 -> U.S. Metros | B17: =((('RealGDP-NAICS'!H6*1000000.0)/TotalEmployment!AJ6)-(('RealGDP-NAICS'!G6*1000000.0)/TotalEmployment!AI6))/(('RealGDP-NAICS'!G6*1000000.0)/TotalEmployment!AI6) -> 0.019778556 | C17: =((('RealGDP-NAICS'!I6*1000000.0)/TotalEmployment!AK6)-(('RealGDP-NAICS'!H6*1000000.0)/TotalEmployment!AJ6))/(('RealGDP-NAICS'!H6*1000000.0)/TotalEmployment!AJ6) -> 0.014586421 | D17: =((('RealGDP-NAICS'!J6*1000000.0)/TotalEmployment!AL6)-(('RealGDP-NAICS'!I6*1000000.0)/TotalEmployment!AK6))/(('RealGDP-NAICS'!I6*1000000.0)/TotalEmployment!AK6) -> 0.014804052 | E17: =((('RealGDP-NAICS'!K6*1000000.0)/TotalEmployment!AM6)-(('RealGDP-NAICS'!J6*1000000.0)/TotalEmployment!AL6))/(('RealGDP-NAICS'!J6*1000000.0)/TotalEmployment!AL6) -> 0.0074420273 | F17: =((('RealGDP-NAICS'!L6*1000000.0)/TotalEmployment!AN6)-(('RealGDP-NAICS'!K6*1000000.0)/TotalEmployment!AM6))/(('RealGDP-NAICS'!K6*1000000.0)/TotalEmployment!AM6) -> 0.0062997787 | G17: =((('RealGDP-NAICS'!M6*1000000.0)/TotalEmployment!AO6)-(('RealGDP-NAICS'!L6*1000000.0)/TotalEmployment!AN6))/(('RealGDP-NAICS'!L6*1000000.0)/TotalEmployment!AN6) -> -0.0034669852 | H17: =((('RealGDP-NAICS'!N6*1000000.0)/TotalEmployment!AP6)-(('RealGDP-NAICS'!M6*1000000.0)/TotalEmployment!AO6))/(('RealGDP-NAICS'!M6*1000000.0)/TotalEmployment!AO6) -> -0.0061068715 | I17: =((('RealGDP-NAICS'!O6*1000000.0)/TotalEmployment!AQ6)-(('RealGDP-NAICS'!N6*1000000.0)/TotalEmployment!AP6))/(('RealGDP-NAICS'!N6*1000000.0)/TotalEmployment!AP6) -> -0.0085769613 | ... K17: =((('RealGDP-NAICS'!Q6*1000000.0)/TotalEmployment!AS6)-(('RealGDP-NAICS'!P6*1000000.0)/TotalEmployment!AR6))/(('RealGDP-NAICS'!P6*1000000.0)/TotalEmployment!AR6) -> 0.0022951346
A18: =NominalGDPperEmp!B7 -> United States | B18: =((('RealGDP-NAICS'!H7*1000000.0)/TotalEmployment!AJ7)-(('RealGDP-NAICS'!G7*1000000.0)/TotalEmployment!AI7))/(('RealGDP-NAICS'!G7*1000000.0)/TotalEmployment!AI7) -> 0.019885649 | C18: =((('RealGDP-NAICS'!I7*1000000.0)/TotalEmployment!AK7)-(('RealGDP-NAICS'!H7*1000000.0)/TotalEmployment!AJ7))/(('RealGDP-NAICS'!H7*1000000.0)/TotalEmployment!AJ7) -> 0.015675346 | D18: =((('RealGDP-NAICS'!J7*1000000.0)/TotalEmployment!AL7)-(('RealGDP-NAICS'!I7*1000000.0)/TotalEmployment!AK7))/(('RealGDP-NAICS'!I7*1000000.0)/TotalEmployment!AK7) -> 0.014688145 | E18: =((('RealGDP-NAICS'!K7*1000000.0)/TotalEmployment!AM7)-(('RealGDP-NAICS'!J7*1000000.0)/TotalEmployment!AL7))/(('RealGDP-NAICS'!J7*1000000.0)/TotalEmployment!AL7) -> 0.0068402639 | F18: =((('RealGDP-NAICS'!L7*1000000.0)/TotalEmployment!AN7)-(('RealGDP-NAICS'!K7*1000000.0)/TotalEmployment!AM7))/(('RealGDP-NAICS'!K7*1000000.0)/TotalEmployment!AM7) -> 0.0060192925 | G18: =((('RealGDP-NAICS'!M7*1000000.0)/TotalEmployment!AO7)-(('RealGDP-NAICS'!L7*1000000.0)/TotalEmployment!AN7))/(('RealGDP-NAICS'!L7*1000000.0)/TotalEmployment!AN7) -> -0.0036845569 | H18: =((('RealGDP-NAICS'!N7*1000000.0)/TotalEmployment!AP7)-(('RealGDP-NAICS'!M7*1000000.0)/TotalEmployment!AO7))/(('RealGDP-NAICS'!M7*1000000.0)/TotalEmployment!AO7) -> -0.0051962005 | I18: =((('RealGDP-NAICS'!O7*1000000.0)/TotalEmployment!AQ7)-(('RealGDP-NAICS'!N7*1000000.0)/TotalEmployment!AP7))/(('RealGDP-NAICS'!N7*1000000.0)/TotalEmployment!AP7) -> -0.0024917505 | ... K18: =((('RealGDP-NAICS'!Q7*1000000.0)/TotalEmployment!AS7)-(('RealGDP-NAICS'!P7*1000000.0)/TotalEmployment!AR7))/(('RealGDP-NAICS'!P7*1000000.0)/TotalEmployment!AR7) -> 0.0036152033
A19: =NominalGDPperEmp!B8 -> Arizona | B19: =((('RealGDP-NAICS'!H8*1000000.0)/TotalEmployment!AJ8)-(('RealGDP-NAICS'!G8*1000000.0)/TotalEmployment!AI8))/(('RealGDP-NAICS'!G8*1000000.0)/TotalEmployment!AI8) -> 0.017856681 | C19: =((('RealGDP-NAICS'!I8*1000000.0)/TotalEmployment!AK8)-(('RealGDP-NAICS'!H8*1000000.0)/TotalEmployment!AJ8))/(('RealGDP-NAICS'!H8*1000000.0)/TotalEmployment!AJ8) -> 0.025951936 | D19: =((('RealGDP-NAICS'!J8*1000000.0)/TotalEmployment!AL8)-(('RealGDP-NAICS'!I8*1000000.0)/TotalEmployment!AK8))/(('RealGDP-NAICS'!I8*1000000.0)/TotalEmployment!AK8) -> -0.0059234871 | E19: =((('RealGDP-NAICS'!K8*1000000.0)/TotalEmployment!AM8)-(('RealGDP-NAICS'!J8*1000000.0)/TotalEmployment!AL8))/(('RealGDP-NAICS'!J8*1000000.0)/TotalEmployment!AL8) -> 0.017383631 | F19: =((('RealGDP-NAICS'!L8*1000000.0)/TotalEmployment!AN8)-(('RealGDP-NAICS'!K8*1000000.0)/TotalEmployment!AM8))/(('RealGDP-NAICS'!K8*1000000.0)/TotalEmployment!AM8) -> 0.019656904 | G19: =((('RealGDP-NAICS'!M8*1000000.0)/TotalEmployment!AO8)-(('RealGDP-NAICS'!L8*1000000.0)/TotalEmployment!AN8))/(('RealGDP-NAICS'!L8*1000000.0)/TotalEmployment!AN8) -> -0.0048841101 | H19: =((('RealGDP-NAICS'!N8*1000000.0)/TotalEmployment!AP8)-(('RealGDP-NAICS'!M8*1000000.0)/TotalEmployment!AO8))/(('RealGDP-NAICS'!M8*1000000.0)/TotalEmployment!AO8) -> 0.005207017 | I19: =((('RealGDP-NAICS'!O8*1000000.0)/TotalEmployment!AQ8)-(('RealGDP-NAICS'!N8*1000000.0)/TotalEmployment!AP8))/(('RealGDP-NAICS'!N8*1000000.0)/TotalEmployment!AP8) -> -0.032880524 | ... K19: =((('RealGDP-NAICS'!Q8*1000000.0)/TotalEmployment!AS8)-(('RealGDP-NAICS'!P8*1000000.0)/TotalEmployment!AR8))/(('RealGDP-NAICS'!P8*1000000.0)/TotalEmployment!AR8) -> 0.0046553734
A20: =NominalGDPperEmp!B9 -> Metro Flagstaff | B20: =((('RealGDP-NAICS'!H9*1000000.0)/TotalEmployment!AJ9)-(('RealGDP-NAICS'!G9*1000000.0)/TotalEmployment!AI9))/(('RealGDP-NAICS'!G9*1000000.0)/TotalEmployment!AI9) -> 0.021315519 | C20: =((('RealGDP-NAICS'!I9*1000000.0)/TotalEmployment!AK9)-(('RealGDP-NAICS'!H9*1000000.0)/TotalEmployment!AJ9))/(('RealGDP-NAICS'!H9*1000000.0)/TotalEmployment!AJ9) -> 0.0021040572 | D20: =((('RealGDP-NAICS'!J9*1000000.0)/TotalEmployment!AL9)-(('RealGDP-NAICS'!I9*1000000.0)/TotalEmployment!AK9))/(('RealGDP-NAICS'!I9*1000000.0)/TotalEmployment!AK9) -> -0.032036857 | E20: =((('RealGDP-NAICS'!K9*1000000.0)/TotalEmployment!AM9)-(('RealGDP-NAICS'!J9*1000000.0)/TotalEmployment!AL9))/(('RealGDP-NAICS'!J9*1000000.0)/TotalEmployment!AL9) -> 0.025811329 | F20: =((('RealGDP-NAICS'!L9*1000000.0)/TotalEmployment!AN9)-(('RealGDP-NAICS'!K9*1000000.0)/TotalEmployment!AM9))/(('RealGDP-NAICS'!K9*1000000.0)/TotalEmployment!AM9) -> 0.044407164 | G20: =((('RealGDP-NAICS'!M9*1000000.0)/TotalEmployment!AO9)-(('RealGDP-NAICS'!L9*1000000.0)/TotalEmployment!AN9))/(('RealGDP-NAICS'!L9*1000000.0)/TotalEmployment!AN9) -> 0.013669788 | H20: =((('RealGDP-NAICS'!N9*1000000.0)/TotalEmployment!AP9)-(('RealGDP-NAICS'!M9*1000000.0)/TotalEmployment!AO9))/(('RealGDP-NAICS'!M9*1000000.0)/TotalEmployment!AO9) -> 0.029809671 | I20: =((('RealGDP-NAICS'!O9*1000000.0)/TotalEmployment!AQ9)-(('RealGDP-NAICS'!N9*1000000.0)/TotalEmployment!AP9))/(('RealGDP-NAICS'!N9*1000000.0)/TotalEmployment!AP9) -> -0.040830285 | ... K20: =((('RealGDP-NAICS'!Q9*1000000.0)/TotalEmployment!AS9)-(('RealGDP-NAICS'!P9*1000000.0)/TotalEmployment!AR9))/(('RealGDP-NAICS'!P9*1000000.0)/TotalEmployment!AR9) -> -0.015691421
A21: =NominalGDPperEmp!B10 -> Metro Lake Havasu City | B21: =((('RealGDP-NAICS'!H10*1000000.0)/TotalEmployment!AJ10)-(('RealGDP-NAICS'!G10*1000000.0)/TotalEmployment!AI10))/(('RealGDP-NAICS'!G10*1000000.0)/TotalEmployment!AI10) -> 0.015507689 | C21: =((('RealGDP-NAICS'!I10*1000000.0)/TotalEmployment!AK10)-(('RealGDP-NAICS'!H10*1000000.0)/TotalEmployment!AJ10))/(('RealGDP-NAICS'!H10*1000000.0)/TotalEmployment!AJ10) -> -0.0034236226 | D21: =((('RealGDP-NAICS'!J10*1000000.0)/TotalEmployment!AL10)-(('RealGDP-NAICS'!I10*1000000.0)/TotalEmployment!AK10))/(('RealGDP-NAICS'!I10*1000000.0)/TotalEmployment!AK10) -> -0.044124879 | E21: =((('RealGDP-NAICS'!K10*1000000.0)/TotalEmployment!AM10)-(('RealGDP-NAICS'!J10*1000000.0)/TotalEmployment!AL10))/(('RealGDP-NAICS'!J10*1000000.0)/TotalEmployment!AL10) -> 0.010013703 | F21: =((('RealGDP-NAICS'!L10*1000000.0)/TotalEmployment!AN10)-(('RealGDP-NAICS'!K10*1000000.0)/TotalEmployment!AM10))/(('RealGDP-NAICS'!K10*1000000.0)/TotalEmployment!AM10) -> 0.047758593 | G21: =((('RealGDP-NAICS'!M10*1000000.0)/TotalEmployment!AO10)-(('RealGDP-NAICS'!L10*1000000.0)/TotalEmployment!AN10))/(('RealGDP-NAICS'!L10*1000000.0)/TotalEmployment!AN10) -> -0.014541785 | H21: =((('RealGDP-NAICS'!N10*1000000.0)/TotalEmployment!AP10)-(('RealGDP-NAICS'!M10*1000000.0)/TotalEmployment!AO10))/(('RealGDP-NAICS'!M10*1000000.0)/TotalEmployment!AO10) -> 0.037135441 | I21: =((('RealGDP-NAICS'!O10*1000000.0)/TotalEmployment!AQ10)-(('RealGDP-NAICS'!N10*1000000.0)/TotalEmployment!AP10))/(('RealGDP-NAICS'!N10*1000000.0)/TotalEmployment!AP10) -> -0.037732549 | ... K21: =((('RealGDP-NAICS'!Q10*1000000.0)/TotalEmployment!AS10)-(('RealGDP-NAICS'!P10*1000000.0)/TotalEmployment!AR10))/(('RealGDP-NAICS'!P10*1000000.0)/TotalEmployment!AR10) -> 0.010534608
A22: =NominalGDPperEmp!B11 -> Metro Phoenix | B22: =((('RealGDP-NAICS'!H11*1000000.0)/TotalEmployment!AJ11)-(('RealGDP-NAICS'!G11*1000000.0)/TotalEmployment!AI11))/(('RealGDP-NAICS'!G11*1000000.0)/TotalEmployment!AI11) -> 0.023727928 | C22: =((('RealGDP-NAICS'!I11*1000000.0)/TotalEmployment!AK11)-(('RealGDP-NAICS'!H11*1000000.0)/TotalEmployment!AJ11))/(('RealGDP-NAICS'!H11*1000000.0)/TotalEmployment!AJ11) -> 0.029276697 | D22: =((('RealGDP-NAICS'!J11*1000000.0)/TotalEmployment!AL11)-(('RealGDP-NAICS'!I11*1000000.0)/TotalEmployment!AK11))/(('RealGDP-NAICS'!I11*1000000.0)/TotalEmployment!AK11) -> -0.0020200828 | E22: =((('RealGDP-NAICS'!K11*1000000.0)/TotalEmployment!AM11)-(('RealGDP-NAICS'!J11*1000000.0)/TotalEmployment!AL11))/(('RealGDP-NAICS'!J11*1000000.0)/TotalEmployment!AL11) -> 0.01322602 | F22: =((('RealGDP-NAICS'!L11*1000000.0)/TotalEmployment!AN11)-(('RealGDP-NAICS'!K11*1000000.0)/TotalEmployment!AM11))/(('RealGDP-NAICS'!K11*1000000.0)/TotalEmployment!AM11) -> 0.020920597 | G22: =((('RealGDP-NAICS'!M11*1000000.0)/TotalEmployment!AO11)-(('RealGDP-NAICS'!L11*1000000.0)/TotalEmployment!AN11))/(('RealGDP-NAICS'!L11*1000000.0)/TotalEmployment!AN11) -> -0.0036313534 | H22: =((('RealGDP-NAICS'!N11*1000000.0)/TotalEmployment!AP11)-(('RealGDP-NAICS'!M11*1000000.0)/TotalEmployment!AO11))/(('RealGDP-NAICS'!M11*1000000.0)/TotalEmployment!AO11) -> -0.0011144156 | I22: =((('RealGDP-NAICS'!O11*1000000.0)/TotalEmployment!AQ11)-(('RealGDP-NAICS'!N11*1000000.0)/TotalEmployment!AP11))/(('RealGDP-NAICS'!N11*1000000.0)/TotalEmployment!AP11) -> -0.03433611 | ... K22: =((('RealGDP-NAICS'!Q11*1000000.0)/TotalEmployment!AS11)-(('RealGDP-NAICS'!P11*1000000.0)/TotalEmployment!AR11))/(('RealGDP-NAICS'!P11*1000000.0)/TotalEmployment!AR11) -> 0.001245096
A23: =NominalGDPperEmp!B12 -> Metro Prescott | B23: =((('RealGDP-NAICS'!H12*1000000.0)/TotalEmployment!AJ12)-(('RealGDP-NAICS'!G12*1000000.0)/TotalEmployment!AI12))/(('RealGDP-NAICS'!G12*1000000.0)/TotalEmployment!AI12) -> -0.00074709966 | C23: =((('RealGDP-NAICS'!I12*1000000.0)/TotalEmployment!AK12)-(('RealGDP-NAICS'!H12*1000000.0)/TotalEmployment!AJ12))/(('RealGDP-NAICS'!H12*1000000.0)/TotalEmployment!AJ12) -> 0.020781793 | D23: =((('RealGDP-NAICS'!J12*1000000.0)/TotalEmployment!AL12)-(('RealGDP-NAICS'!I12*1000000.0)/TotalEmployment!AK12))/(('RealGDP-NAICS'!I12*1000000.0)/TotalEmployment!AK12) -> -0.035609385 | E23: =((('RealGDP-NAICS'!K12*1000000.0)/TotalEmployment!AM12)-(('RealGDP-NAICS'!J12*1000000.0)/TotalEmployment!AL12))/(('RealGDP-NAICS'!J12*1000000.0)/TotalEmployment!AL12) -> 0.031338158 | F23: =((('RealGDP-NAICS'!L12*1000000.0)/TotalEmployment!AN12)-(('RealGDP-NAICS'!K12*1000000.0)/TotalEmployment!AM12))/(('RealGDP-NAICS'!K12*1000000.0)/TotalEmployment!AM12) -> 0.033281628 | G23: =((('RealGDP-NAICS'!M12*1000000.0)/TotalEmployment!AO12)-(('RealGDP-NAICS'!L12*1000000.0)/TotalEmployment!AN12))/(('RealGDP-NAICS'!L12*1000000.0)/TotalEmployment!AN12) -> -0.041271902 | H23: =((('RealGDP-NAICS'!N12*1000000.0)/TotalEmployment!AP12)-(('RealGDP-NAICS'!M12*1000000.0)/TotalEmployment!AO12))/(('RealGDP-NAICS'!M12*1000000.0)/TotalEmployment!AO12) -> 0.03798549 | I23: =((('RealGDP-NAICS'!O12*1000000.0)/TotalEmployment!AQ12)-(('RealGDP-NAICS'!N12*1000000.0)/TotalEmployment!AP12))/(('RealGDP-NAICS'!N12*1000000.0)/TotalEmployment!AP12) -> -0.039976626 | ... K23: =((('RealGDP-NAICS'!Q12*1000000.0)/TotalEmployment!AS12)-(('RealGDP-NAICS'!P12*1000000.0)/TotalEmployment!AR12))/(('RealGDP-NAICS'!P12*1000000.0)/TotalEmployment!AR12) -> -0.0017459913
A24: =NominalGDPperEmp!B13 -> Metro Tucson | B24: =((('RealGDP-NAICS'!H13*1000000.0)/TotalEmployment!AJ13)-(('RealGDP-NAICS'!G13*1000000.0)/TotalEmployment!AI13))/(('RealGDP-NAICS'!G13*1000000.0)/TotalEmployment!AI13) -> -0.012904037 | C24: =((('RealGDP-NAICS'!I13*1000000.0)/TotalEmployment!AK13)-(('RealGDP-NAICS'!H13*1000000.0)/TotalEmployment!AJ13))/(('RealGDP-NAICS'!H13*1000000.0)/TotalEmployment!AJ13) -> 0.037699252 | D24: =((('RealGDP-NAICS'!J13*1000000.0)/TotalEmployment!AL13)-(('RealGDP-NAICS'!I13*1000000.0)/TotalEmployment!AK13))/(('RealGDP-NAICS'!I13*1000000.0)/TotalEmployment!AK13) -> -0.020675144 | E24: =((('RealGDP-NAICS'!K13*1000000.0)/TotalEmployment!AM13)-(('RealGDP-NAICS'!J13*1000000.0)/TotalEmployment!AL13))/(('RealGDP-NAICS'!J13*1000000.0)/TotalEmployment!AL13) -> 0.023686886 | F24: =((('RealGDP-NAICS'!L13*1000000.0)/TotalEmployment!AN13)-(('RealGDP-NAICS'!K13*1000000.0)/TotalEmployment!AM13))/(('RealGDP-NAICS'!K13*1000000.0)/TotalEmployment!AM13) -> 0.0022430195 | G24: =((('RealGDP-NAICS'!M13*1000000.0)/TotalEmployment!AO13)-(('RealGDP-NAICS'!L13*1000000.0)/TotalEmployment!AN13))/(('RealGDP-NAICS'!L13*1000000.0)/TotalEmployment!AN13) -> 0.0025400505 | H24: =((('RealGDP-NAICS'!N13*1000000.0)/TotalEmployment!AP13)-(('RealGDP-NAICS'!M13*1000000.0)/TotalEmployment!AO13))/(('RealGDP-NAICS'!M13*1000000.0)/TotalEmployment!AO13) -> 0.018074929 | I24: =((('RealGDP-NAICS'!O13*1000000.0)/TotalEmployment!AQ13)-(('RealGDP-NAICS'!N13*1000000.0)/TotalEmployment!AP13))/(('RealGDP-NAICS'!N13*1000000.0)/TotalEmployment!AP13) -> -0.0373288 | ... K24: =((('RealGDP-NAICS'!Q13*1000000.0)/TotalEmployment!AS13)-(('RealGDP-NAICS'!P13*1000000.0)/TotalEmployment!AR13))/(('RealGDP-NAICS'!P13*1000000.0)/TotalEmployment!AR13) -> 0.0039178705
A25: =NominalGDPperEmp!B14 -> Metro Yuma | B25: =((('RealGDP-NAICS'!H14*1000000.0)/TotalEmployment!AJ14)-(('RealGDP-NAICS'!G14*1000000.0)/TotalEmployment!AI14))/(('RealGDP-NAICS'!G14*1000000.0)/TotalEmployment!AI14) -> 0.093674606 | C25: =((('RealGDP-NAICS'!I14*1000000.0)/TotalEmployment!AK14)-(('RealGDP-NAICS'!H14*1000000.0)/TotalEmployment!AJ14))/(('RealGDP-NAICS'!H14*1000000.0)/TotalEmployment!AJ14) -> -0.02242237 | D25: =((('RealGDP-NAICS'!J14*1000000.0)/TotalEmployment!AL14)-(('RealGDP-NAICS'!I14*1000000.0)/TotalEmployment!AK14))/(('RealGDP-NAICS'!I14*1000000.0)/TotalEmployment!AK14) -> 0.040912288 | E25: =((('RealGDP-NAICS'!K14*1000000.0)/TotalEmployment!AM14)-(('RealGDP-NAICS'!J14*1000000.0)/TotalEmployment!AL14))/(('RealGDP-NAICS'!J14*1000000.0)/TotalEmployment!AL14) -> 0.0080826634 | F25: =((('RealGDP-NAICS'!L14*1000000.0)/TotalEmployment!AN14)-(('RealGDP-NAICS'!K14*1000000.0)/TotalEmployment!AM14))/(('RealGDP-NAICS'!K14*1000000.0)/TotalEmployment!AM14) -> 0.008311198 | G25: =((('RealGDP-NAICS'!M14*1000000.0)/TotalEmployment!AO14)-(('RealGDP-NAICS'!L14*1000000.0)/TotalEmployment!AN14))/(('RealGDP-NAICS'!L14*1000000.0)/TotalEmployment!AN14) -> 0.0073438526 | H25: =((('RealGDP-NAICS'!N14*1000000.0)/TotalEmployment!AP14)-(('RealGDP-NAICS'!M14*1000000.0)/TotalEmployment!AO14))/(('RealGDP-NAICS'!M14*1000000.0)/TotalEmployment!AO14) -> -0.006200236 | I25: =((('RealGDP-NAICS'!O14*1000000.0)/TotalEmployment!AQ14)-(('RealGDP-NAICS'!N14*1000000.0)/TotalEmployment!AP14))/(('RealGDP-NAICS'!N14*1000000.0)/TotalEmployment!AP14) -> 0.036839553 | ... K25: =((('RealGDP-NAICS'!Q14*1000000.0)/TotalEmployment!AS14)-(('RealGDP-NAICS'!P14*1000000.0)/TotalEmployment!AR14))/(('RealGDP-NAICS'!P14*1000000.0)/TotalEmployment!AR14) -> -0.023956366
A26: chart-title | B26: Gross Domestic Product Per Capita, Inflation-Adjusted Percent Change | GDP Per Capita
A27: =NominalGDPperCap!B6 -> U.S. Metros | B27: =((('RealGDP-NAICS'!H6*1000000.0)/TotalPopulation!AJ6)-(('RealGDP-NAICS'!G6*1000000.0)/TotalPopulation!AI6))/(('RealGDP-NAICS'!G6*1000000.0)/TotalPopulation!AI6) -> 0.0066013579 | C27: =((('RealGDP-NAICS'!I6*1000000.0)/TotalPopulation!AK6)-(('RealGDP-NAICS'!H6*1000000.0)/TotalPopulation!AJ6))/(('RealGDP-NAICS'!H6*1000000.0)/TotalPopulation!AJ6) -> 0.011177513 | D27: =((('RealGDP-NAICS'!J6*1000000.0)/TotalPopulation!AL6)-(('RealGDP-NAICS'!I6*1000000.0)/TotalPopulation!AK6))/(('RealGDP-NAICS'!I6*1000000.0)/TotalPopulation!AK6) -> 0.023646202 | E27: =((('RealGDP-NAICS'!K6*1000000.0)/TotalPopulation!AM6)-(('RealGDP-NAICS'!J6*1000000.0)/TotalPopulation!AL6))/(('RealGDP-NAICS'!J6*1000000.0)/TotalPopulation!AL6) -> 0.019002432 | F27: =((('RealGDP-NAICS'!L6*1000000.0)/TotalPopulation!AN6)-(('RealGDP-NAICS'!K6*1000000.0)/TotalPopulation!AM6))/(('RealGDP-NAICS'!K6*1000000.0)/TotalPopulation!AM6) -> 0.017847375 | G27: =((('RealGDP-NAICS'!M6*1000000.0)/TotalPopulation!AO6)-(('RealGDP-NAICS'!L6*1000000.0)/TotalPopulation!AN6))/(('RealGDP-NAICS'!L6*1000000.0)/TotalPopulation!AN6) -> 0.0085271717 | H27: =((('RealGDP-NAICS'!N6*1000000.0)/TotalPopulation!AP6)-(('RealGDP-NAICS'!M6*1000000.0)/TotalPopulation!AO6))/(('RealGDP-NAICS'!M6*1000000.0)/TotalPopulation!AO6) -> -0.017011499 | I27: =((('RealGDP-NAICS'!O6*1000000.0)/TotalPopulation!AQ6)-(('RealGDP-NAICS'!N6*1000000.0)/TotalPopulation!AP6))/(('RealGDP-NAICS'!N6*1000000.0)/TotalPopulation!AP6) -> -0.047828706 | ... K27: =((('RealGDP-NAICS'!Q6*1000000.0)/TotalPopulation!AS6)-(('RealGDP-NAICS'!P6*1000000.0)/TotalPopulation!AR6))/(('RealGDP-NAICS'!P6*1000000.0)/TotalPopulation!AR6) -> 0.0071792283
A28: =NominalGDPperCap!B7 -> United States | B28: =((('RealGDP-NAICS'!H7*1000000.0)/TotalPopulation!AJ7)-(('RealGDP-NAICS'!G7*1000000.0)/TotalPopulation!AI7))/(('RealGDP-NAICS'!G7*1000000.0)/TotalPopulation!AI7) -> 0.0077373171 | C28: =((('RealGDP-NAICS'!I7*1000000.0)/TotalPopulation!AK7)-(('RealGDP-NAICS'!H7*1000000.0)/TotalPopulation!AJ7))/(('RealGDP-NAICS'!H7*1000000.0)/TotalPopulation!AJ7) -> 0.012817819 | D28: =((('RealGDP-NAICS'!J7*1000000.0)/TotalPopulation!AL7)-(('RealGDP-NAICS'!I7*1000000.0)/TotalPopulation!AK7))/(('RealGDP-NAICS'!I7*1000000.0)/TotalPopulation!AK7) -> 0.023550964 | E28: =((('RealGDP-NAICS'!K7*1000000.0)/TotalPopulation!AM7)-(('RealGDP-NAICS'!J7*1000000.0)/TotalPopulation!AL7))/(('RealGDP-NAICS'!J7*1000000.0)/TotalPopulation!AL7) -> 0.01840565 | F28: =((('RealGDP-NAICS'!L7*1000000.0)/TotalPopulation!AN7)-(('RealGDP-NAICS'!K7*1000000.0)/TotalPopulation!AM7))/(('RealGDP-NAICS'!K7*1000000.0)/TotalPopulation!AM7) -> 0.016998097 | G28: =((('RealGDP-NAICS'!M7*1000000.0)/TotalPopulation!AO7)-(('RealGDP-NAICS'!L7*1000000.0)/TotalPopulation!AN7))/(('RealGDP-NAICS'!L7*1000000.0)/TotalPopulation!AN7) -> 0.0080379928 | H28: =((('RealGDP-NAICS'!N7*1000000.0)/TotalPopulation!AP7)-(('RealGDP-NAICS'!M7*1000000.0)/TotalPopulation!AO7))/(('RealGDP-NAICS'!M7*1000000.0)/TotalPopulation!AO7) -> -0.015957065 | I28: =((('RealGDP-NAICS'!O7*1000000.0)/TotalPopulation!AQ7)-(('RealGDP-NAICS'!N7*1000000.0)/TotalPopulation!AP7))/(('RealGDP-NAICS'!N7*1000000.0)/TotalPopulation!AP7) -> -0.041026572 | ... K28: =((('RealGDP-NAICS'!Q7*1000000.0)/TotalPopulation!AS7)-(('RealGDP-NAICS'!P7*1000000.0)/TotalPopulation!AR7))/(('RealGDP-NAICS'!P7*1000000.0)/TotalPopulation!AR7) -> 0.0090007089
A29: =NominalGDPperCap!B8 -> Arizona | B29: =((('RealGDP-NAICS'!H8*1000000.0)/TotalPopulation!AJ8)-(('RealGDP-NAICS'!G8*1000000.0)/TotalPopulation!AI8))/(('RealGDP-NAICS'!G8*1000000.0)/TotalPopulation!AI8) -> 0.001069623 | C29: =((('RealGDP-NAICS'!I8*1000000.0)/TotalPopulation!AK8)-(('RealGDP-NAICS'!H8*1000000.0)/TotalPopulation!AJ8))/(('RealGDP-NAICS'!H8*1000000.0)/TotalPopulation!AJ8) -> 0.030373769 | D29: =((('RealGDP-NAICS'!J8*1000000.0)/TotalPopulation!AL8)-(('RealGDP-NAICS'!I8*1000000.0)/TotalPopulation!AK8))/(('RealGDP-NAICS'!I8*1000000.0)/TotalPopulation!AK8) -> 0.010930777 | E29: =((('RealGDP-NAICS'!K8*1000000.0)/TotalPopulation!AM8)-(('RealGDP-NAICS'!J8*1000000.0)/TotalPopulation!AL8))/(('RealGDP-NAICS'!J8*1000000.0)/TotalPopulation!AL8) -> 0.039387312 | F29: =((('RealGDP-NAICS'!L8*1000000.0)/TotalPopulation!AN8)-(('RealGDP-NAICS'!K8*1000000.0)/TotalPopulation!AM8))/(('RealGDP-NAICS'!K8*1000000.0)/TotalPopulation!AM8) -> 0.037235818 | G29: =((('RealGDP-NAICS'!M8*1000000.0)/TotalPopulation!AO8)-(('RealGDP-NAICS'!L8*1000000.0)/TotalPopulation!AN8))/(('RealGDP-NAICS'!L8*1000000.0)/TotalPopulation!AN8) -> 0.00041671939 | H29: =((('RealGDP-NAICS'!N8*1000000.0)/TotalPopulation!AP8)-(('RealGDP-NAICS'!M8*1000000.0)/TotalPopulation!AO8))/(('RealGDP-NAICS'!M8*1000000.0)/TotalPopulation!AO8) -> -0.029278041 | I29: =((('RealGDP-NAICS'!O8*1000000.0)/TotalPopulation!AQ8)-(('RealGDP-NAICS'!N8*1000000.0)/TotalPopulation!AP8))/(('RealGDP-NAICS'!N8*1000000.0)/TotalPopulation!AP8) -> -0.090906828 | ... K29: =((('RealGDP-NAICS'!Q8*1000000.0)/TotalPopulation!AS8)-(('RealGDP-NAICS'!P8*1000000.0)/TotalPopulation!AR8))/(('RealGDP-NAICS'!P8*1000000.0)/TotalPopulation!AR8) -> 0.006182028
A30: =NominalGDPperCap!B9 -> Metro Flagstaff | B30: =((('RealGDP-NAICS'!H9*1000000.0)/TotalPopulation!AJ9)-(('RealGDP-NAICS'!G9*1000000.0)/TotalPopulation!AI9))/(('RealGDP-NAICS'!G9*1000000.0)/TotalPopulation!AI9) -> 0.0087957121 | C30: =((('RealGDP-NAICS'!I9*1000000.0)/TotalPopulation!AK9)-(('RealGDP-NAICS'!H9*1000000.0)/TotalPopulation!AJ9))/(('RealGDP-NAICS'!H9*1000000.0)/TotalPopulation!AJ9) -> 0.02245786 | D30: =((('RealGDP-NAICS'!J9*1000000.0)/TotalPopulation!AL9)-(('RealGDP-NAICS'!I9*1000000.0)/TotalPopulation!AK9))/(('RealGDP-NAICS'!I9*1000000.0)/TotalPopulation!AK9) -> 0.0035464333 | E30: =((('RealGDP-NAICS'!K9*1000000.0)/TotalPopulation!AM9)-(('RealGDP-NAICS'!J9*1000000.0)/TotalPopulation!AL9))/(('RealGDP-NAICS'!J9*1000000.0)/TotalPopulation!AL9) -> 0.037380342 | F30: =((('RealGDP-NAICS'!L9*1000000.0)/TotalPopulation!AN9)-(('RealGDP-NAICS'!K9*1000000.0)/TotalPopulation!AM9))/(('RealGDP-NAICS'!K9*1000000.0)/TotalPopulation!AM9) -> 0.066238552 | G30: =((('RealGDP-NAICS'!M9*1000000.0)/TotalPopulation!AO9)-(('RealGDP-NAICS'!L9*1000000.0)/TotalPopulation!AN9))/(('RealGDP-NAICS'!L9*1000000.0)/TotalPopulation!AN9) -> 0.044215748 | H30: =((('RealGDP-NAICS'!N9*1000000.0)/TotalPopulation!AP9)-(('RealGDP-NAICS'!M9*1000000.0)/TotalPopulation!AO9))/(('RealGDP-NAICS'!M9*1000000.0)/TotalPopulation!AO9) -> 0.0061604739 | I30: =((('RealGDP-NAICS'!O9*1000000.0)/TotalPopulation!AQ9)-(('RealGDP-NAICS'!N9*1000000.0)/TotalPopulation!AP9))/(('RealGDP-NAICS'!N9*1000000.0)/TotalPopulation!AP9) -> -0.082959781 | ... K30: =((('RealGDP-NAICS'!Q9*1000000.0)/TotalPopulation!AS9)-(('RealGDP-NAICS'!P9*1000000.0)/TotalPopulation!AR9))/(('RealGDP-NAICS'!P9*1000000.0)/TotalPopulation!AR9) -> -0.0080366263
A31: =NominalGDPperCap!B10 -> Metro Lake Havasu City | B31: =((('RealGDP-NAICS'!H10*1000000.0)/TotalPopulation!AJ10)-(('RealGDP-NAICS'!G10*1000000.0)/TotalPopulation!AI10))/(('RealGDP-NAICS'!G10*1000000.0)/TotalPopulation!AI10) -> 0.016789325 | C31: =((('RealGDP-NAICS'!I10*1000000.0)/TotalPopulation!AK10)-(('RealGDP-NAICS'!H10*1000000.0)/TotalPopulation!AJ10))/(('RealGDP-NAICS'!H10*1000000.0)/TotalPopulation!AJ10) -> 0.019576896 | D31: =((('RealGDP-NAICS'!J10*1000000.0)/TotalPopulation!AL10)-(('RealGDP-NAICS'!I10*1000000.0)/TotalPopulation!AK10))/(('RealGDP-NAICS'!I10*1000000.0)/TotalPopulation!AK10) -> -0.02419197 | E31: =((('RealGDP-NAICS'!K10*1000000.0)/TotalPopulation!AM10)-(('RealGDP-NAICS'!J10*1000000.0)/TotalPopulation!AL10))/(('RealGDP-NAICS'!J10*1000000.0)/TotalPopulation!AL10) -> 0.03395403 | F31: =((('RealGDP-NAICS'!L10*1000000.0)/TotalPopulation!AN10)-(('RealGDP-NAICS'!K10*1000000.0)/TotalPopulation!AM10))/(('RealGDP-NAICS'!K10*1000000.0)/TotalPopulation!AM10) -> 0.059154197 | G31: =((('RealGDP-NAICS'!M10*1000000.0)/TotalPopulation!AO10)-(('RealGDP-NAICS'!L10*1000000.0)/TotalPopulation!AN10))/(('RealGDP-NAICS'!L10*1000000.0)/TotalPopulation!AN10) -> -0.031857071 | H31: =((('RealGDP-NAICS'!N10*1000000.0)/TotalPopulation!AP10)-(('RealGDP-NAICS'!M10*1000000.0)/TotalPopulation!AO10))/(('RealGDP-NAICS'!M10*1000000.0)/TotalPopulation!AO10) -> -0.034527751 | I31: =((('RealGDP-NAICS'!O10*1000000.0)/TotalPopulation!AQ10)-(('RealGDP-NAICS'!N10*1000000.0)/TotalPopulation!AP10))/(('RealGDP-NAICS'!N10*1000000.0)/TotalPopulation!AP10) -> -0.11043806 | ... K31: =((('RealGDP-NAICS'!Q10*1000000.0)/TotalPopulation!AS10)-(('RealGDP-NAICS'!P10*1000000.0)/TotalPopulation!AR10))/(('RealGDP-NAICS'!P10*1000000.0)/TotalPopulation!AR10) -> 0.0049743752
A32: =NominalGDPperCap!B11 -> Metro Phoenix | B32: =((('RealGDP-NAICS'!H11*1000000.0)/TotalPopulation!AJ11)-(('RealGDP-NAICS'!G11*1000000.0)/TotalPopulation!AI11))/(('RealGDP-NAICS'!G11*1000000.0)/TotalPopulation!AI11) -> 0.0038076485 | C32: =((('RealGDP-NAICS'!I11*1000000.0)/TotalPopulation!AK11)-(('RealGDP-NAICS'!H11*1000000.0)/TotalPopulation!AJ11))/(('RealGDP-NAICS'!H11*1000000.0)/TotalPopulation!AJ11) -> 0.029811423 | D32: =((('RealGDP-NAICS'!J11*1000000.0)/TotalPopulation!AL11)-(('RealGDP-NAICS'!I11*1000000.0)/TotalPopulation!AK11))/(('RealGDP-NAICS'!I11*1000000.0)/TotalPopulation!AK11) -> 0.012049943 | E32: =((('RealGDP-NAICS'!K11*1000000.0)/TotalPopulation!AM11)-(('RealGDP-NAICS'!J11*1000000.0)/TotalPopulation!AL11))/(('RealGDP-NAICS'!J11*1000000.0)/TotalPopulation!AL11) -> 0.038417765 | F32: =((('RealGDP-NAICS'!L11*1000000.0)/TotalPopulation!AN11)-(('RealGDP-NAICS'!K11*1000000.0)/TotalPopulation!AM11))/(('RealGDP-NAICS'!K11*1000000.0)/TotalPopulation!AM11) -> 0.03655272 | G32: =((('RealGDP-NAICS'!M11*1000000.0)/TotalPopulation!AO11)-(('RealGDP-NAICS'!L11*1000000.0)/TotalPopulation!AN11))/(('RealGDP-NAICS'!L11*1000000.0)/TotalPopulation!AN11) -> -0.0038458225 | H32: =((('RealGDP-NAICS'!N11*1000000.0)/TotalPopulation!AP11)-(('RealGDP-NAICS'!M11*1000000.0)/TotalPopulation!AO11))/(('RealGDP-NAICS'!M11*1000000.0)/TotalPopulation!AO11) -> -0.034993254 | I32: =((('RealGDP-NAICS'!O11*1000000.0)/TotalPopulation!AQ11)-(('RealGDP-NAICS'!N11*1000000.0)/TotalPopulation!AP11))/(('RealGDP-NAICS'!N11*1000000.0)/TotalPopulation!AP11) -> -0.097012918 | ... K32: =((('RealGDP-NAICS'!Q11*1000000.0)/TotalPopulation!AS11)-(('RealGDP-NAICS'!P11*1000000.0)/TotalPopulation!AR11))/(('RealGDP-NAICS'!P11*1000000.0)/TotalPopulation!AR11) -> 0.0052173418
A33: =NominalGDPperCap!B12 -> Metro Prescott | B33: =((('RealGDP-NAICS'!H12*1000000.0)/TotalPopulation!AJ12)-(('RealGDP-NAICS'!G12*1000000.0)/TotalPopulation!AI12))/(('RealGDP-NAICS'!G12*1000000.0)/TotalPopulation!AI12) -> 0.0012221025 | C33: =((('RealGDP-NAICS'!I12*1000000.0)/TotalPopulation!AK12)-(('RealGDP-NAICS'!H12*1000000.0)/TotalPopulation!AJ12))/(('RealGDP-NAICS'!H12*1000000.0)/TotalPopulation!AJ12) -> 0.026845636 | D33: =((('RealGDP-NAICS'!J12*1000000.0)/TotalPopulation!AL12)-(('RealGDP-NAICS'!I12*1000000.0)/TotalPopulation!AK12))/(('RealGDP-NAICS'!I12*1000000.0)/TotalPopulation!AK12) -> -0.01398694 | E33: =((('RealGDP-NAICS'!K12*1000000.0)/TotalPopulation!AM12)-(('RealGDP-NAICS'!J12*1000000.0)/TotalPopulation!AL12))/(('RealGDP-NAICS'!J12*1000000.0)/TotalPopulation!AL12) -> 0.053623382 | F33: =((('RealGDP-NAICS'!L12*1000000.0)/TotalPopulation!AN12)-(('RealGDP-NAICS'!K12*1000000.0)/TotalPopulation!AM12))/(('RealGDP-NAICS'!K12*1000000.0)/TotalPopulation!AM12) -> 0.059380317 | G33: =((('RealGDP-NAICS'!M12*1000000.0)/TotalPopulation!AO12)-(('RealGDP-NAICS'!L12*1000000.0)/TotalPopulation!AN12))/(('RealGDP-NAICS'!L12*1000000.0)/TotalPopulation!AN12) -> -0.029226003 | H33: =((('RealGDP-NAICS'!N12*1000000.0)/TotalPopulation!AP12)-(('RealGDP-NAICS'!M12*1000000.0)/TotalPopulation!AO12))/(('RealGDP-NAICS'!M12*1000000.0)/TotalPopulation!AO12) -> -0.035067083 | I33: =((('RealGDP-NAICS'!O12*1000000.0)/TotalPopulation!AQ12)-(('RealGDP-NAICS'!N12*1000000.0)/TotalPopulation!AP12))/(('RealGDP-NAICS'!N12*1000000.0)/TotalPopulation!AP12) -> -0.10079992 | ... K33: =((('RealGDP-NAICS'!Q12*1000000.0)/TotalPopulation!AS12)-(('RealGDP-NAICS'!P12*1000000.0)/TotalPopulation!AR12))/(('RealGDP-NAICS'!P12*1000000.0)/TotalPopulation!AR12) -> -0.010449882
A34: =NominalGDPperCap!B13 -> Metro Tucson | B34: =((('RealGDP-NAICS'!H13*1000000.0)/TotalPopulation!AJ13)-(('RealGDP-NAICS'!G13*1000000.0)/TotalPopulation!AI13))/(('RealGDP-NAICS'!G13*1000000.0)/TotalPopulation!AI13) -> -0.03068552 | C34: =((('RealGDP-NAICS'!I13*1000000.0)/TotalPopulation!AK13)-(('RealGDP-NAICS'!H13*1000000.0)/TotalPopulation!AJ13))/(('RealGDP-NAICS'!H13*1000000.0)/TotalPopulation!AJ13) -> 0.041751699 | D34: =((('RealGDP-NAICS'!J13*1000000.0)/TotalPopulation!AL13)-(('RealGDP-NAICS'!I13*1000000.0)/TotalPopulation!AK13))/(('RealGDP-NAICS'!I13*1000000.0)/TotalPopulation!AK13) -> 0.0027495603 | E34: =((('RealGDP-NAICS'!K13*1000000.0)/TotalPopulation!AM13)-(('RealGDP-NAICS'!J13*1000000.0)/TotalPopulation!AL13))/(('RealGDP-NAICS'!J13*1000000.0)/TotalPopulation!AL13) -> 0.034303204 | F34: =((('RealGDP-NAICS'!L13*1000000.0)/TotalPopulation!AN13)-(('RealGDP-NAICS'!K13*1000000.0)/TotalPopulation!AM13))/(('RealGDP-NAICS'!K13*1000000.0)/TotalPopulation!AM13) -> 0.024849396 | G34: =((('RealGDP-NAICS'!M13*1000000.0)/TotalPopulation!AO13)-(('RealGDP-NAICS'!L13*1000000.0)/TotalPopulation!AN13))/(('RealGDP-NAICS'!L13*1000000.0)/TotalPopulation!AN13) -> 0.019460697 | H34: =((('RealGDP-NAICS'!N13*1000000.0)/TotalPopulation!AP13)-(('RealGDP-NAICS'!M13*1000000.0)/TotalPopulation!AO13))/(('RealGDP-NAICS'!M13*1000000.0)/TotalPopulation!AO13) -> -0.016668116 | I34: =((('RealGDP-NAICS'!O13*1000000.0)/TotalPopulation!AQ13)-(('RealGDP-NAICS'!N13*1000000.0)/TotalPopulation!AP13))/(('RealGDP-NAICS'!N13*1000000.0)/TotalPopulation!AP13) -> -0.081804982 | ... K34: =((('RealGDP-NAICS'!Q13*1000000.0)/TotalPopulation!AS13)-(('RealGDP-NAICS'!P13*1000000.0)/TotalPopulation!AR13))/(('RealGDP-NAICS'!P13*1000000.0)/TotalPopulation!AR13) -> -0.0010962541
A35: =NominalGDPperCap!B14 -> Metro Yuma | B35: =((('RealGDP-NAICS'!H14*1000000.0)/TotalPopulation!AJ14)-(('RealGDP-NAICS'!G14*1000000.0)/TotalPopulation!AI14))/(('RealGDP-NAICS'!G14*1000000.0)/TotalPopulation!AI14) -> 0.10631651 | C35: =((('RealGDP-NAICS'!I14*1000000.0)/TotalPopulation!AK14)-(('RealGDP-NAICS'!H14*1000000.0)/TotalPopulation!AJ14))/(('RealGDP-NAICS'!H14*1000000.0)/TotalPopulation!AJ14) -> -0.013971 | D35: =((('RealGDP-NAICS'!J14*1000000.0)/TotalPopulation!AL14)-(('RealGDP-NAICS'!I14*1000000.0)/TotalPopulation!AK14))/(('RealGDP-NAICS'!I14*1000000.0)/TotalPopulation!AK14) -> 0.060867424 | E35: =((('RealGDP-NAICS'!K14*1000000.0)/TotalPopulation!AM14)-(('RealGDP-NAICS'!J14*1000000.0)/TotalPopulation!AL14))/(('RealGDP-NAICS'!J14*1000000.0)/TotalPopulation!AL14) -> 0.0011805196 | F35: =((('RealGDP-NAICS'!L14*1000000.0)/TotalPopulation!AN14)-(('RealGDP-NAICS'!K14*1000000.0)/TotalPopulation!AM14))/(('RealGDP-NAICS'!K14*1000000.0)/TotalPopulation!AM14) -> 0.017489257 | G35: =((('RealGDP-NAICS'!M14*1000000.0)/TotalPopulation!AO14)-(('RealGDP-NAICS'!L14*1000000.0)/TotalPopulation!AN14))/(('RealGDP-NAICS'!L14*1000000.0)/TotalPopulation!AN14) -> 0.004301539 | H35: =((('RealGDP-NAICS'!N14*1000000.0)/TotalPopulation!AP14)-(('RealGDP-NAICS'!M14*1000000.0)/TotalPopulation!AO14))/(('RealGDP-NAICS'!M14*1000000.0)/TotalPopulation!AO14) -> -0.033130026 | I35: =((('RealGDP-NAICS'!O14*1000000.0)/TotalPopulation!AQ14)-(('RealGDP-NAICS'!N14*1000000.0)/TotalPopulation!AP14))/(('RealGDP-NAICS'!N14*1000000.0)/TotalPopulation!AP14) -> -0.018112831 | ... K35: =((('RealGDP-NAICS'!Q14*1000000.0)/TotalPopulation!AS14)-(('RealGDP-NAICS'!P14*1000000.0)/TotalPopulation!AR14))/(('RealGDP-NAICS'!P14*1000000.0)/TotalPopulation!AR14) -> -0.034339155

Sheet Viz3-GDPSeriesByMetro
A2: meta-last-update | B2: =MetaText!B1 -> 41338
A3: meta-source-line | B3: =MetaText!B2 -> U.S. Department of Commerce, Bureau of Economic Analysis
A4: meta-source-url | B4: =MetaText!B3 -> http://www.bea.gov/regional/index.htm
A5: chart-main-title | B5: Gross Domestic Product Per Employee, 2011 | GDP Per Employee
A6: chart-axis-header | B6: =NominalGDPperEmp!AS5 -> 2011
A7: =NominalGDPperEmp!B7 -> United States | B7: =NominalGDPperEmp!AS7 -> 85078.645
A8: =NominalGDPperEmp!B8 -> Arizona | B8: =NominalGDPperEmp!AS8 -> 79314.95
A9: =NominalGDPperEmp!B6 -> U.S. Metros | B9: =NominalGDPperEmp!AS6 -> 89383.503
A10: =NominalGDPperEmp!B9 -> Metro Flagstaff | B10: =NominalGDPperEmp!AS9 -> 59770.452
A11: =NominalGDPperEmp!B10 -> Metro Lake Havasu City | B11: =NominalGDPperEmp!AS10 -> 59471.083
A12: =NominalGDPperEmp!B11 -> Metro Phoenix | B12: =NominalGDPperEmp!AS11 -> 86369.606
A13: =NominalGDPperEmp!B12 -> Metro Prescott | B13: =NominalGDPperEmp!AS12 -> 55326.53
A14: =NominalGDPperEmp!B13 -> Metro Tucson | B14: =NominalGDPperEmp!AS13 -> 67462.122
A15: =NominalGDPperEmp!B14 -> Metro Yuma | B15: =NominalGDPperEmp!AS14 -> 66191.56
A16: chart-title | B16: Gross Domestic Product Per Capita, 2011 | GDP Per Capita
A17: =NominalGDPperCap!B7 -> United States | B17: =NominalGDPperCap!AS7 -> 48010.803
A18: =NominalGDPperCap!B8 -> Arizona | B18: =NominalGDPperCap!AS8 -> 39489.21
A19: =NominalGDPperCap!B6 -> U.S. Metros | B19: =NominalGDPperCap!AS6 -> 51493.99
A20: =NominalGDPperCap!B9 -> Metro Flagstaff | B20: =NominalGDPperCap!AS9 -> 36353.904
A21: =NominalGDPperCap!B10 -> Metro Lake Havasu City | B21: =NominalGDPperCap!AS10 -> 18314.711
A22: =NominalGDPperCap!B11 -> Metro Phoenix | B22: =NominalGDPperCap!AS11 -> 45691.348
A23: =NominalGDPperCap!B12 -> Metro Prescott | B23: =NominalGDPperCap!AS12 -> 20775.126
A24: =NominalGDPperCap!B13 -> Metro Tucson | B24: =NominalGDPperCap!AS13 -> 32675.842
A25: =NominalGDPperCap!B14 -> Metro Yuma | B25: =NominalGDPperCap!AS14 -> 26494.748

Sheet Viz4-PctNatlAveByMetro
A2: meta-last-update | B2: =MetaText!B1 -> 41338
A3: meta-source-line | B3: =MetaText!B2 -> U.S. Department of Commerce, Bureau of Economic Analysis
A4: meta-source-url | B4: =MetaText!B3 -> http://www.bea.gov/regional/index.htm
A5: chart-main-title | B5: Gross Domestic Product Per Employee as a Percentage of the U.S. Metro Average, 2010 | GDP Per Employee
A6: chart-axis-header | B6: =NominalGDPperEmp!AS5 -> 2011
A7: =NominalGDPperEmp!B9 -> Metro Flagstaff | B7: =NominalGDPperEmp!AS9/NominalGDPperEmp!AS$6 -> 0.66869669
A8: =NominalGDPperEmp!B10 -> Metro Lake Havasu City | B8: =NominalGDPperEmp!AS10/NominalGDPperEmp!AS$6 -> 0.66534742
A9: =NominalGDPperEmp!B11 -> Metro Phoenix | B9: =NominalGDPperEmp!AS11/NominalGDPperEmp!AS$6 -> 0.96628129
A10: =NominalGDPperEmp!B12 -> Metro Prescott | B10: =NominalGDPperEmp!AS12/NominalGDPperEmp!AS$6 -> 0.61897921
A11: =NominalGDPperEmp!B13 -> Metro Tucson | B11: =NominalGDPperEmp!AS13/NominalGDPperEmp!AS$6 -> 0.75474914
A12: =NominalGDPperEmp!B14 -> Metro Yuma | B12: =NominalGDPperEmp!AS14/NominalGDPperEmp!AS$6 -> 0.74053442
A13: chart-title | B13: Gross Domestic Product Per Capita as a Percentage of the U.S. Metro Average, 2011 | GDP Per Capita
A14: =NominalGDPperCap!B9 -> Metro Flagstaff | B14: =NominalGDPperCap!AS9/NominalGDPperCap!AS$6 -> 0.70598343
A15: =NominalGDPperCap!B10 -> Metro Lake Havasu City | B15: =NominalGDPperCap!AS10/NominalGDPperCap!AS$6 -> 0.35566695
A16: =NominalGDPperCap!B11 -> Metro Phoenix | B16: =NominalGDPperCap!AS11/NominalGDPperCap!AS$6 -> 0.88731418
A17: =NominalGDPperCap!B12 -> Metro Prescott | B17: =NominalGDPperCap!AS12/NominalGDPperCap!AS$6 -> 0.40344759
A18: =NominalGDPperCap!B13 -> Metro Tucson | B18: =NominalGDPperCap!AS13/NominalGDPperCap!AS$6 -> 0.63455641
A19: =NominalGDPperCap!B14 -> Metro Yuma | B19: =NominalGDPperCap!AS14/NominalGDPperCap!AS$6 -> 0.51452116

Sheet Viz5-PctNatlAveAz
A2: meta-last-update | B2: =MetaText!B1 -> 41338
A3: meta-source-line | B3: =MetaText!B2 -> U.S. Department of Commerce, Bureau of Economic Analysis
A4: meta-source-url | B4: =MetaText!B3 -> http://www.bea.gov/regional/index.htm
A5: chart-main-title | B5: Gross Domestic Product Per Employee in Arizona as a Percentage of the National Average | GDP Per Employee
A6: chart-axis-header | B6: =NominalGDPperEmp!E5 -> 1971 | C6: =NominalGDPperEmp!F5 -> 1972 | D6: =NominalGDPperEmp!G5 -> 1973 | E6: =NominalGDPperEmp!H5 -> 1974 | F6: =NominalGDPperEmp!I5 -> 1975 | G6: =NominalGDPperEmp!J5 -> 1976 | H6: =NominalGDPperEmp!K5 -> 1977 | I6: =NominalGDPperEmp!L5 -> 1978 | ... AP6: =NominalGDPperEmp!AS5 -> 2011
A7: =PctChgRealGDP!B8 -> Arizona | B7: =NominalGDPperEmp!E8/NominalGDPperEmp!E7 -> 1.0250395 | C7: =NominalGDPperEmp!F8/NominalGDPperEmp!F7 -> 1.035571 | D7: =NominalGDPperEmp!G8/NominalGDPperEmp!G7 -> 1.0457713 | E7: =NominalGDPperEmp!H8/NominalGDPperEmp!H7 -> 1.0403984 | F7: =NominalGDPperEmp!I8/NominalGDPperEmp!I7 -> 1.0089451 | G7: =NominalGDPperEmp!J8/NominalGDPperEmp!J7 -> 0.99196047 | H7: =NominalGDPperEmp!K8/NominalGDPperEmp!K7 -> 0.98991241 | I7: =NominalGDPperEmp!L8/NominalGDPperEmp!L7 -> 0.99012702 | ... AP7: =NominalGDPperEmp!AS8/NominalGDPperEmp!AS7 -> 0.9322545
A8: chart-title | B8: Gross Domestic Product Per Capita in Arizona as a Percentage of the National Average | GDP Per Capita
A9: =NominalGDPperEmp!B8 -> Arizona | B9: =NominalGDPperCap!E8/NominalGDPperCap!E7 -> 0.95924916 | C9: =NominalGDPperCap!F8/NominalGDPperCap!F7 -> 0.97196573 | D9: =NominalGDPperCap!G8/NominalGDPperCap!G7 -> 0.97722509 | E9: =NominalGDPperCap!H8/NominalGDPperCap!H7 -> 0.95196903 | F9: =NominalGDPperCap!I8/NominalGDPperCap!I7 -> 0.89893885 | G9: =NominalGDPperCap!J8/NominalGDPperCap!J7 -> 0.88310783 | H9: =NominalGDPperCap!K8/NominalGDPperCap!K7 -> 0.89374191 | I9: =NominalGDPperCap!L8/NominalGDPperCap!L7 -> 0.91538848 | ... AP9: =NominalGDPperCap!AS8/NominalGDPperCap!AS7 -> 0.82250676

Sheet MetaText
A1: LastUpdate | B1: 41338
A2: SourceLine | B2: U.S. Department of Commerce, Bureau of Economic Analysis
A3: SourceURL | B3: http://www.bea.gov/regional/index.htm
A4: Dataset Description | B4: Gross domestic product (GDP) per employee is the broadest proxy for productivity for states and local areas. It is calculated by dividing GDP by total employment. Gross domestic product is the most comprehensive measure of economic activity. Data are provided on the Innovation Indicators dashboard for 1997 through 2006 for the state and the nation. Data prior to 1997 are available for the state and the nation, but a break in series in 1997 for the state data complicates the presentation of these data. The only data available by metropolitan area are for 2001 through 2005; county data are not available. GDP for the nation, states and metro areas are presented in both current dollars and inflation-adjusted dollars (though some of the historical data by state are available only in current dollars). The inflation adjustment is unique to each geographic area. Total employment includes an estimate of the number of proprietors as well as wage and salary employment. Gross Domestic Product Per Employee for the state and nation are presented in the dashboard in current and inflation-adjusted dollars from 1997 through 2006. The annual inflation-adjusted percent change and the current-dollar percentage of the national average also are displayed. The same data are shown for 2001 through 2005 for the metro areas.
A5: Technical Notes | B5: GDP by metro area are prototype statistics that first were released in September 2007 for evaluation and comment by data users. The methodology developed for these prototype estimates is relatively simple. The employment figures are estimates. The primary source is the Census of Employment and Wages, but the BEA must estimate employment for those not counted in the census.
A6: Notes on Visual#1-1 | B6: A healthy economy exists when inflation-adjusted gains in GDP are at least 2-to-3 percent per year. During the 1991-to-2001 economic cycle, the annual average inflation-adjusted growth rate was 7.5 percent in Arizona and 3.7 percent nationally. However, during the 2001-to-2009 economic cycle, the annual average inflation-adjusted growth rate was only 2.9 percent in Arizona and 1.6 percent nationally. Within an economic cycle, the annual change in GDP is highly variable, exceeding the target during economic expansions and falling short during recessions. During expansions, Arizona’s GDP growth is much higher than the target and the national average due to the state’s much more rapid population growth. However, during recessions—as in 2008 and 2009—Arizona’s economic performance is inferior to the national average. In Arizona, the percent change in GDP during economic expansions has dropped over time, a natural result of the considerable increase in the size of the Arizona economy.
A7: Notes on Visual#1-2 | B7: During expansions, inflation-adjusted GDP growth in Arizona’s metropolitan areas generally is much higher than the target of 2-to-3 percent and also is higher than the U.S. metro average due to the above-average population growth in Arizona. Between the end of the prior recession in 2001 and the peak of the economic cycle in 2007, the annual average inflation-adjusted growth rate ranged between 5.0 and 5.7 percent across five of the state’s metropolitan areas—Tucson was lower at 3.2 percent. The U.S. metro average was 2.5 percent. Variations in population growth account for some of the differences across metro areas in aggregate economic growth. The most recent data for GDP by metro area are for 2009, a recessionary year. These estimates remain subject to revision. The preliminary data indicate that the percent change in inflation-adjusted GDP was negative in both 2008 and 2009 in each of the geographic areas. For the entire economic cycle, real GDP growth averaged between 1.9 percent and 3.0 percent across Arizona’s six metro areas, higher than the U.S. metro average of 1.5 percent.
A8: Notes on Visual#1-1 | B8: A healthy economy exists when inflation-adjusted gains in GDP are at least 2-to-3 percent per year. During the 1991-to-2001 economic cycle, the annual average inflation-adjusted growth rate was 7.5 percent in Arizona and 3.7 percent nationally. However, during the 2001-to-2009 economic cycle, the annual average inflation-adjusted growth rate was only 2.9 percent in Arizona and 1.6 percent nationally. Within an economic cycle, the annual change in GDP is highly variable, exceeding the target during economic expansions and falling short during recessions. During expansions, Arizona’s GDP growth is much higher than the target and the national average due to the state’s much more rapid population growth. However, during recessions—as in 2008 and 2009—Arizona’s economic performance is inferior to the national average. In Arizona, the percent change in GDP during economic expansions has dropped over time, a natural result of the considerable increase in the size of the Arizona economy.
A9: Notes on Visual#1-2 | B9: Reasonable targets for Arizona are for the state’s GDP per employee, a measure of productivity, to be near the national average and for the larger metro areas to have a figure near the U.S. metro average. The most recent data for GDP per employee by metro area are for 2009, a recessionary year. These estimates remain subject to revision. The preliminary data indicate that GDP per employee was less than the U.S. metro average in five of Arizona’s six metro areas, with only the Phoenix area’s figure above average.
A10: Notes on Visual#1-3 | B10: A reasonable target is for GDP per capita, a measure of economic well-being, to be within 5 percent of the national average in Arizona and within 5 percent of the U.S. metro average in the state’s larger metro areas. The most recent data for GDP per capita by metro area are for 2009, a recessionary year. These estimates remain subject to revision. The preliminary data indicate that GDP per capita was considerably less than the metro average in each of Arizona’s six metro areas.
A11: Notes on Visual#2-1 | B11: During expansions, inflation-adjusted GDP growth in Arizona’s metropolitan areas generally is much higher than the target of 2-to-3 percent and also is higher than the U.S. metro average due to the above-average population growth in Arizona. Between the end of the prior recession in 2001 and the peak of the economic cycle in 2007, the annual average inflation-adjusted growth rate ranged between 5.0 and 5.7 percent across five of the state’s metropolitan areas—Tucson was lower at 3.2 percent. The U.S. metro average was 2.5 percent. Variations in population growth account for some of the differences across metro areas in aggregate economic growth. The most recent data for GDP by metro area are for 2009, a recessionary year. These estimates remain subject to revision. The preliminary data indicate that the percent change in inflation-adjusted GDP was negative in both 2008 and 2009 in each of the geographic areas. For the entire economic cycle, real GDP growth averaged between 1.9 percent and 3.0 percent across Arizona’s six metro areas, higher than the U.S. metro average of 1.5 percent.
A12: Notes on Visual#2-2 | B12: GDP per employee, a measure of productivity, was marginally higher than the national metropolitan average in Metro Phoenix in 2009. In each of the other five metro areas in Arizona, GDP per employee was at least 22 percent below the U.S. metro average. A number of factors account for the geographic variation, with the industrial mix being the largest factor.
A13: Notes on Visual#2-3 | B13: In 2009, GDP per capita was 11 percent lower than the national metropolitan average in Metro Phoenix, 24 percent below average in Flagstaff and at least 35 percent below average in each of the other four metro areas. The substantial variation in GDP per capita across the metro areas is a result of such factors as industrial mix, household size, and the number of workers per household.
... A19: Notes on Visual#5-2 | B19: During the strong economic expansion from 2003 through 2006, the annual inflation-adjusted percent change in GDP per capita generally was positive in Arizona and in each of Arizona’s metro areas. In the recessionary years of 2008 and 2009, every metro posted a loss. Between 2001 and 2009, the annual average increase exceeded the national metropolitan average of 0.5 percent only in the Flagstaff metro area. The annual average for Lake Havasu City, Phoenix, Prescott, and Tucson was negative.

Sheet GDPinAZ&USWork
C1: Nominal GDP in Millions of Dollars | E1: Real GDP in Millions of Dollars | G1: Total Employment | I1: Nominal GDP Per Employee | K1: Real GDP Per Employee | M1: Nominal GDP Per Employee as a Percentage of the National Average | O1: Real GDP Per Employee, Percent Change | Q1: Population | S1: Nominal GDP Per Capita | U1: Real GDP Per Capita | W1: Nominal GDP Per Capita as a Percentage of the National Average | Y1: Real GDP Per Capita, Percent Change
C2: United States | D2: Arizona | E2: United States | F2: Arizona | G2: United States | H2: Arizona | I2: United States | J2: Arizona | K2: United States | L2: Arizona | N2: Arizona | O2: United States | P2: Arizona | Q2: United States | R2: Arizona | S2: United States | T2: Arizona | U2: United States | V2: Arizona | X2: Arizona | Y2: United States | Z2: Arizona
A3: Based on | B3: 1969 | C3: 962902 | D3: 7563 | G3: 91053200 | H3: 711344 | I3: 10575 | J3: 10632 | N3: 1.005 | Q3: 201298000 | R3: 1737000 | S3: 4783 | T3: 4354 | X3: 0.91
A4: SIC | B4: 1970 | C4: 1012299 | D4: 8569 | G4: 91277600 | H4: 746653 | I4: 11090 | J4: 11477 | N4: 1.035 | Q4: 203798722 | R4: 1794912 | S4: 4967 | T4: 4774 | X4: 0.961
A5: (1997 Base) | B5: 1971 | C5: 1097173 | D5: 9649 | G5: 91581400 | H5: 785731 | I5: 11980 | J5: 12280 | N5: 1.025 | Q5: 206817509 | R5: 1896108 | S5: 5305 | T5: 5089 | X5: 0.959
B6: 1972 | C6: 1210292 | D6: 11292 | G6: 94312200 | H6: 849706 | I6: 12833 | J6: 13289 | N6: 1.036 | Q6: 209274882 | R6: 2008847 | S6: 5783 | T6: 5621 | X6: 0.972
B7: 1973 | C7: 1356500 | D7: 13330 | G7: 98427500 | H7: 924890 | I7: 13782 | J7: 14413 | N7: 1.046 | Q7: 211349205 | R7: 2125281 | S7: 6418 | T7: 6272 | X7: 0.977
B8: 1974 | C8: 1472024 | D8: 14611 | G8: 100111800 | H8: 955104 | I8: 14704 | J8: 15298 | N8: 1.04 | Q8: 213333635 | R8: 2224342 | S8: 6900 | T8: 6569 | X8: 0.952
B9: 1975 | C9: 1602228 | D9: 15284 | G9: 98900600 | H9: 935070 | I9: 16200 | J9: 16345 | N9: 1.009 | Q9: 215456585 | R9: 2286348 | S9: 7436 | T9: 6685 | X9: 0.899
B10: 1976 | C10: 1780497 | D10: 16970 | G10: 101591200 | H10: 976118 | I10: 17526 | J10: 17385 | N10: 0.992 | Q10: 217553859 | R10: 2347976 | S10: 8184 | T10: 7228 | X10: 0.883
B11: 1977 | C11: 1986408 | D11: 19609 | G11: 105042200 | H11: 1047500 | I11: 18911 | J11: 18720 | N11: 0.99 | Q11: 219760875 | R11: 2427310 | S11: 9039 | T11: 8078 | X11: 0.894
B12: 1978 | C12: 2243230 | D12: 23279 | G12: 109686600 | H12: 1149617 | I12: 20451 | J12: 20249 | N12: 0.99 | Q12: 222098244 | R12: 2517852 | S12: 10100 | T12: 9246 | X12: 0.915
B13: 1979 | C13: 2489416 | D13: 27495 | G13: 113147100 | H13: 1240161 | I13: 22002 | J13: 22171 | N13: 1.008 | Q13: 224568579 | R13: 2638582 | S13: 11085 | T13: 10420 | X13: 0.94
B14: 1980 | C14: 2713933 | D14: 30764 | G14: 113983200 | H14: 1282615 | I14: 23810 | J14: 23985 | N14: 1.007 | Q14: 227224719 | R14: 2737774 | S14: 11944 | T14: 11237 | X14: 0.941
B15: 1981 | C15: 3057318 | D15: 34269 | G15: 114914000 | H15: 1312566 | I15: 26605 | J15: 26108 | N15: 0.981 | Q15: 229465744 | R15: 2810108 | S15: 13324 | T15: 12195 | X15: 0.915
B16: 1982 | C16: 3211370 | D16: 35794 | G16: 114163300 | H16: 1315333 | I16: 28130 | J16: 27213 | N16: 0.967 | Q16: 231664432 | R16: 2889860 | S16: 13862 | T16: 12386 | X16: 0.894
B17: 1983 | C17: 3445372 | D17: 39774 | G17: 115645700 | H17: 1378623 | I17: 29792 | J17: 28851 | N17: 0.968 | Q17: 233792014 | R17: 2968924 | S17: 14737 | T17: 13397 | X17: 0.909
... B20: 1986 | C20: 4340813 | D20: 55881 | G20: 126232300 | H20: 1700594 | I20: 34387 | J20: 32860 | N20: 0.956 | Q20: 240132831 | R20: 3308261 | S20: 18077 | T20: 16891 | X20: 0.934
B21: 1987 | C21: 4649020 | D21: 60047 | E21: 6076695 | F21: 76600 | G21: 129548400 | H21: 1764638 | I21: 35886 | J21: 34028 | K21: 46907 | L21: 43408 | N21: 0.948 | Q21: 242288936 | R21: 3437103 | S21: 19188 | T21: 17470 | U21: 25080 | V21: 22286 | X21: 0.91
B22: =B21+1 -> 1988 | C22: 5053003 | D22: 64945 | E22: 6398624 | F22: 80258 | G22: 133563900 | H22: 1833198 | I22: 37832 | J22: 35427 | K22: 47907 | L22: 43780 | N22: 0.936 | O22: 0.021 | P22: 0.009 | Q22: 244499004 | R22: 3535183 | S22: 20667 | T22: 18371 | U22: 26170 | V22: 22703 | X22: 0.889 | Y22: 0.043 | Z22: 0.019
B23: =B22+1 -> 1989 | C23: 5366080 | D23: 67895 | E23: 6540047 | F23: 80971 | G23: 136177800 | H23: 1864934 | I23: 39405 | J23: 36406 | K23: 48026 | L23: 43418 | N23: 0.924 | O23: 0.002 | P23: -0.008 | Q23: 246819222 | R23: 3622184 | S23: 21741 | T23: 18744 | U23: 26497 | V23: 22354 | X23: 0.862 | Y23: 0.012 | Z23: -0.015
B24: =B23+1 -> 1990 | C24: 5651747 | D24: 70632 | E24: 6638210 | F24: 81606 | G24: 138330900 | H24: 1894104 | I24: 40857 | J24: 37290 | K24: 47988 | L24: 43084 | N24: 0.913 | O24: -0.001 | P24: -0.008 | Q24: 249622814 | R24: 3684097 | S24: 22641 | T24: 19172 | U24: 26593 | V24: 22151 | X24: 0.847 | Y24: 0.004 | Z24: -0.009
B25: =B24+1 -> 1991 | C25: 5842665 | D25: 73358 | E25: 6627809 | F25: 81946 | G25: 137612800 | H25: 1902691 | I25: 42457 | J25: 38555 | K25: 48163 | L25: 43068 | N25: 0.908 | O25: 0.004 | P25: 0 | Q25: 252980941 | R25: 3788576 | S25: 23095 | T25: 19363 | U25: 26199 | V25: 21630 | X25: 0.838 | Y25: -0.015 | Z25: -0.024
B26: =B25+1 -> 1992 | C26: 6167644 | D26: 82682 | E26: 6828525 | F26: 90282 | G26: 138166100 | H26: 1925190 | I26: 44639 | J26: 42947 | K26: 49423 | L26: 46895 | N26: 0.962 | O26: 0.026 | P26: 0.089 | Q26: 256514224 | R26: 3915740 | S26: 24044 | T26: 21115 | U26: 26620 | V26: 23056 | X26: 0.878 | Y26: 0.016 | Z26: 0.066
B27: =B26+1 -> 1993 | C27: 6467698 | D27: 89300 | E27: 6967716 | F27: 94916 | G27: 140774400 | H27: 2010588 | I27: 45944 | J27: 44415 | K27: 49496 | L27: 47208 | N27: 0.967 | O27: 0.001 | P27: 0.007 | Q27: 259918588 | R27: 4065440 | S27: 24884 | T27: 21966 | U27: 26807 | V27: 23347 | X27: 0.883 | Y27: 0.007 | Z27: 0.013
B28: =B27+1 -> 1994 | C28: 6912844 | D28: 100374 | E28: 7288327 | F28: 104104 | G28: 144196600 | H28: 2141302 | I28: 47940 | J28: 46875 | K28: 50544 | L28: 48617 | N28: 0.978 | O28: 0.021 | P28: 0.03 | Q28: 263125821 | R28: 4245089 | S28: 26272 | T28: 23645 | U28: 27699 | V28: 24523 | X28: 0.9 | Y28: 0.033 | Z28: 0.05
B29: =B28+1 -> 1995 | C29: 7299372 | D29: 109906 | E29: 7539096 | F29: 112019 | G29: 147915800 | H29: 2257829 | I29: 49348 | J29: 48678 | K29: 50969 | L29: 49614 | N29: 0.986 | O29: 0.008 | P29: 0.02 | Q29: 266278393 | R29: 4432499 | S29: 27413 | T29: 24795 | U29: 28313 | V29: 25272 | X29: 0.905 | Y29: 0.022 | Z29: 0.031
B30: =B29+1 -> 1996 | C30: 7749965 | D30: 119530 | E30: 7871721 | F30: 120869 | G30: 151056200 | H30: 2387542 | I30: 51305 | J30: 50064 | K30: 52111 | L30: 50625 | N30: 0.976 | O30: 0.022 | P30: 0.02 | Q30: 269394284 | R30: 4586940 | S30: 28768 | T30: 26059 | U30: 29220 | V30: 26351 | X30: 0.906 | Y30: 0.032 | Z30: 0.043
B31: =B30+1 -> 1997 | C31: 8284432 | D31: 129279 | E31: 8284432 | F31: 129279 | G31: 154541200 | H31: 2497166 | I31: 53607 | J31: 51770 | K31: 53607 | L31: 51770 | N31: 0.966 | O31: 0.029 | P31: 0.023 | Q31: 272646925 | R31: 4736990 | S31: 30385 | T31: 27291 | U31: 30385 | V31: 27291 | X31: 0.898 | Y31: 0.04 | Z31: 0.036
A32: Based on | B32: 1997 | C32: 8270462 | D32: 128099 | E32: 9847068 | F32: 141718 | G32: 154541200 | H32: 2497166 | I32: 53516 | J32: 51298 | K32: 63718 | L32: 56752 | N32: 0.959 | Q32: 272646925 | R32: 4736990 | S32: 30334 | T32: 27042 | U32: 36117 | V32: 29917
A33: NAICS | B33: =B31+1 -> 1998 | C33: 8727023 | D33: 139289 | E33: 10275885 | F33: 155020 | G33: 158481200 | H33: 2610870 | I33: 55067 | J33: 53350 | K33: 64840 | L33: 59375 | N33: 0.969 | O33: 0.018 | P33: 0.046 | Q33: 275854104 | R33: 4883342 | S33: 31636 | T33: 28523 | U33: 37251 | V33: 31745 | X33: 0.902 | Y33: 0.031 | Z33: 0.061
A34: (2005 Base) | B34: =B33+1 -> 1999 | C34: 9286858 | D34: 151188 | E34: 10767451 | F34: 168321 | G34: 161531300 | H34: 2696787 | I34: 57493 | J34: 56062 | K34: 66659 | L34: 62415 | N34: 0.975 | O34: 0.028 | P34: 0.051 | Q34: 279040168 | R34: 5023823 | S34: 33281 | T34: 30094 | U34: 38587 | V34: 33505 | X34: 0.904 | Y34: 0.036 | Z34: 0.055
B35: =B34+1 -> 2000 | C35: 9884171 | D35: 161901 | E35: 11223130 | F35: 179260 | G35: 165370800 | H35: 2795770 | I35: 59770 | J35: 57909 | K35: 67866 | L35: 64118 | N35: 0.969 | O35: 0.018 | P35: 0.027 | Q35: 282165844 | R35: 5167000 | S35: 35030 | T35: 31334 | U35: 39775 | V35: 34693 | X35: 0.894 | Y35: 0.031 | Z35: 0.035
B36: =B35+1 -> 2001 | C36: 10218019 | D36: 170174 | E36: 11364239 | F36: 185979 | G36: 165510200 | H36: 2823452 | I36: 61736 | J36: 60272 | K36: 68662 | L36: 65869 | N36: 0.976 | O36: 0.012 | P36: 0.027 | Q36: 285049647 | R36: 5304000 | S36: 35846 | T36: 32084 | U36: 39868 | V36: 35064 | X36: 0.895 | Y36: 0.002 | Z36: 0.011
B37: =B36+1 -> 2002 | C37: 10572388 | D37: 177106 | E37: 11560341 | F37: 190389 | G37: 165063100 | H37: 2841538 | I37: 64051 | J37: 62328 | K37: 70036 | L37: 67002 | N37: 0.973 | O37: 0.02 | P37: 0.017 | Q37: 287745630 | R37: 5445000 | S37: 36742 | T37: 32526 | U37: 40176 | V37: 34966 | X37: 0.885 | Y37: 0.008 | Z37: -0.003
B38: =B37+1 -> 2003 | C38: 11067759 | D38: 189139 | E38: 11807823 | F38: 200110 | G38: 166019500 | H38: 2914131 | I38: 66665 | J38: 64904 | K38: 71123 | L38: 68669 | N38: 0.974 | O38: 0.016 | P38: 0.025 | Q38: 290242027 | R38: 5582000 | S38: 38133 | T38: 33884 | U38: 40683 | V38: 35849 | X38: 0.889 | Y38: 0.013 | Z38: 0.025
B39: =B38+1 -> 2004 | C39: 11788909 | D39: 201287 | E39: 12212645 | F39: 207587 | G39: 169026700 | H39: 3039930 | I39: 69746 | J39: 66214 | K39: 72253 | L39: 68287 | N39: 0.949 | O39: 0.016 | P39: -0.006 | Q39: 292936109 | R39: 5744000 | S39: 40244 | T39: 35043 | U39: 41690 | V39: 36140 | X39: 0.871 | Y39: 0.025 | Z39: 0.008
B40: =B39+1 -> 2005 | C40: 12554538 | D40: 222968 | E40: 12554538 | F40: 222968 | G40: 172551400 | H40: 3208243 | I40: 72758 | J40: 69498 | K40: 72758 | L40: 69498 | N40: 0.955 | O40: 0.007 | P40: 0.018 | Q40: 295618454 | R40: 5945000 | S40: 42469 | T40: 37505 | U40: 42469 | V40: 37505 | X40: 0.883 | Y40: 0.019 | Z40: 0.038
B41: =B40+1 -> 2006 | C41: 13310937 | D41: 246837 | E41: 12895854 | F41: 239013 | G41: 176124600 | H41: 3369783 | I41: 75577 | J41: 73250 | K41: 73220 | L41: 70928 | N41: 0.969 | O41: 0.006 | P41: 0.021 | Q41: 298431771 | R41: 6147000 | S41: 44603 | T41: 40156 | U41: 43212 | V41: 38883 | X41: 0.9 | Y41: 0.018 | Z41: 0.037
B42: =B41+1 -> 2007 | C42: 13969323 | D42: 260122 | E42: 13143678 | F42: 244906 | G42: 179887700 | H42: 3454540 | I42: 77656 | J42: 75299 | K42: 73066 | L42: 70894 | N42: 0.97 | O42: -0.002 | P42: 0 | Q42: 301393632 | R42: 6305000 | S42: 46349 | T42: 41256 | U42: 43610 | V42: 38843 | X42: 0.89 | Y42: 0.009 | Z42: -0.001
B43: =B42+1 -> 2008 | C43: 14270462 | D43: 260454 | E43: 13100045 | F43: 240571 | G43: 179608200 | H43: 3392729 | I43: 79453 | J43: 76768 | K43: 72937 | L43: 70908 | N43: 0.966 | O43: -0.002 | P43: 0 | Q43: 304177401 | R43: 6405000 | S43: 46915 | T43: 40664 | U43: 43067 | V43: 37560 | X43: 0.867 | Y43: -0.012 | Z43: -0.033
B44: =B43+1 -> 2009 | C44: 14014849 | D44: 249711 | E44: 12773853 | F44: 226795 | G44: 173814200 | H44: 3209925 | I44: 80631 | J44: 77793 | K44: 73491 | L44: 70654 | N44: 0.965 | O44: 0.008 | P44: -0.004 | Q44: 306656290 | R44: 6432000 | S44: 45702 | T44: 38823 | U44: 41655 | V44: 35260 | X44: 0.849 | Y44: -0.033 | Z44: -0.061
B45: =B44+1 -> 2010 | C45: 14551782 | D45: 253609 | E45: 13099722 | F45: 228486 | Q45: 309050816 | R45: 6392000 | S45: 47085 | T45: 39676 | U45: 42387 | V45: 35746 | X45: 0.843 | Y45: 0.018 | Z45: 0.014
C47: Note: GDP for 1997 was calculated twice, one based on the Standard Industrial Classification, the other based on the North American Industry Classification System.
C48: The two estimates of nominal GDP for 1997 are somewhat different. The real dollars are more different due to the varying base periods used.
C49: Because of this discontinuity in the time series, the real percent change for 1997 cannot be calculated by comparing the 1997 NAICS figure to the 1996 SIC figure,
C50: nor can the 1998 data by NAICS be compared to the 1997 data by SIC.

Sheet GDPbyMetroWork
B1: Nominal GDP in Millions of Dollars | I1: Real GDP in Millions of 2005 Dollars | P1: Population | W1: Nominal GDP Per Capita | AD1: Real GDP Per Capita | AK1: Nominal GDP Per Capita as a Percentage of the U.S. Metropolitan Average | AQ1: Real GDP Per Capita, Percent Change
B2: U.S. Metros | C2: Metro Flagstaff | D2: Metro Lake Havasu City | E2: Metro Phoenix | F2: Metro Prescott | G2: Metro Tucson | H2: Metro Yuma | I2: U.S. Metros | J2: Metro Flagstaff | K2: Metro Lake Havasu City | L2: Metro Phoenix | M2: Metro Prescott | N2: Metro Tucson | O2: Metro Yuma | P2: U.S. Metros | Q2: Metro Flagstaff | R2: Metro Lake Havasu City | S2: Metro Phoenix | T2: Metro Prescott | U2: Metro Tucson | V2: Metro Yuma | W2: U.S. Metros | X2: Metro Flagstaff | Y2: Metro Lake Havasu City | Z2: Metro Phoenix | AA2: Metro Prescott | AB2: Metro Tucson | AC2: Metro Yuma | AD2: U.S. Metros | AE2: Metro Flagstaff | AF2: Metro Lake Havasu City | AG2: Metro Phoenix | AH2: Metro Prescott | AI2: Metro Tucson | AJ2: Metro Yuma | AK2: Metro Flagstaff | AL2: Metro Lake Havasu City | AM2: Metro Phoenix | AN2: Metro Prescott | AO2: Metro Tucson | AP2: Metro Yuma | AQ2: U.S. Metros | AR2: Metro Flagstaff | AS2: Metro Lake Havasu City | AT2: Metro Phoenix | AU2: Metro Prescott | AV2: Metro Tucson | AW2: Metro Yuma
A3: 2001 | B3: 9174804 | C3: 2980 | D3: 2433 | E3: 128404 | F3: 2907 | G3: 22635 | H3: 3057 | I3: 10190935 | J3: 3381 | K3: 2765 | L3: 138780 | M3: 3352 | N3: 25152 | O3: 3425 | P3: 236676043 | Q3: 118283 | R3: 160312 | S3: 3363736 | T3: 172636 | U3: 859280 | V3: 162873 | W3: 38765 | X3: 25194 | Y3: 15177 | Z3: 38173 | AA3: 16839 | AB3: 26342 | AC3: 18769 | AD3: 43059 | AE3: 28584 | AF3: 17248 | AG3: 41258 | AH3: 19417 | AI3: 29271 | AJ3: 21029 | AK3: 0.65 | AL3: 0.392 | AM3: 0.985 | AN3: 0.434 | AO3: 0.68 | AP3: 0.484
A4: 2002 | B4: 9495611 | C4: 3167 | D4: 2621 | E4: 134117 | F4: 3059 | G4: 22806 | H4: 3462 | I4: 10367348 | J4: 3497 | K4: 2914 | L4: 142852 | M4: 3448 | N4: 24798 | O4: 3847 | P4: 239294518 | Q4: 121308 | R4: 166155 | S4: 3452470 | T4: 177362 | U4: 874267 | V4: 165398 | W4: 39682 | X4: 26107 | Y4: 15774 | Z4: 38847 | AA4: 17247 | AB4: 26086 | AC4: 20931 | AD4: 43325 | AE4: 28827 | AF4: 17538 | AG4: 41377 | AH4: 19440 | AI4: 28364 | AJ4: 23259 | AK4: 0.658 | AL4: 0.398 | AM4: 0.979 | AN4: 0.435 | AO4: 0.657 | AP4: 0.527 | AQ4: 0.006 | AR4: 0.009 | AS4: 0.017 | AT4: 0.003 | AU4: 0.001 | AV4: -0.031 | AW4: 0.106
A5: 2003 | B5: 9928800 | C5: 3375 | D5: 2855 | E5: 143055 | F5: 3312 | G5: 24571 | H5: 3618 | I5: 10582308 | J5: 3622 | K5: 3088 | L5: 150486 | M5: 3634 | N5: 26155 | O5: 3856 | P5: 241701589 | Q5: 122882 | R5: 172633 | S5: 3536388 | T5: 182090 | U5: 885893 | V5: 168003 | W5: 41079 | X5: 27465 | Y5: 16538 | Z5: 40452 | AA5: 18189 | AB5: 27736 | AC5: 21535 | AD5: 43783 | AE5: 29475 | AF5: 17888 | AG5: 42554 | AH5: 19957 | AI5: 29524 | AJ5: 22952 | AK5: 0.669 | AL5: 0.403 | AM5: 0.985 | AN5: 0.443 | AO5: 0.675 | AP5: 0.524 | AQ5: 0.011 | AR5: 0.022 | AS5: 0.02 | AT5: 0.028 | AU5: 0.027 | AV5: 0.041 | AW5: -0.013
A6: 2004 | B6: 10573301 | C6: 3573 | D6: 3028 | E6: 152305 | F6: 3515 | G6: 25767 | H6: 4164 | I6: 10956280 | J6: 3703 | K6: 3155 | L6: 156687 | M6: 3701 | N6: 26698 | O6: 4211 | P6: 244265260 | Q6: 125117 | R6: 180521 | S6: 3637332 | T6: 187822 | U6: 901342 | V6: 172824 | W6: 43286 | X6: 28557 | Y6: 16774 | Z6: 41873 | AA6: 18715 | AB6: 28587 | AC6: 24094 | AD6: 44854 | AE6: 29596 | AF6: 17477 | AG6: 43077 | AH6: 19705 | AI6: 29620 | AJ6: 24366 | AK6: 0.66 | AL6: 0.388 | AM6: 0.967 | AN6: 0.432 | AO6: 0.66 | AP6: 0.557 | AQ6: 0.024 | AR6: 0.004 | AS6: -0.023 | AT6: 0.012 | AU6: -0.013 | AV6: 0.003 | AW6: 0.062
A7: 2005 | B7: 11278656 | C7: 3903 | D7: 3413 | E7: 168890 | F7: 4058 | G7: 28222 | H7: 4365 | I7: 11278656 | J7: 3903 | K7: 3413 | L7: 168890 | M7: 4058 | N7: 28222 | O7: 4365 | P7: 246815061 | Q7: 127025 | R7: 188773 | S7: 3774696 | T7: 195424 | U7: 920298 | V7: 178816 | W7: 45697 | X7: 30726 | Y7: 18080 | Z7: 44743 | AA7: 20765 | AB7: 30666 | AC7: 24411 | AD7: 45697 | AE7: 30726 | AF7: 18080 | AG7: 44743 | AH7: 20765 | AI7: 30666 | AJ7: 24411 | AK7: 0.672 | AL7: 0.396 | AM7: 0.979 | AN7: 0.454 | AO7: 0.671 | AP7: 0.534 | AQ7: 0.019 | AR7: 0.038 | AS7: 0.034 | AT7: 0.039 | AU7: 0.054 | AV7: 0.035 | AW7: 0.002
A8: 2006 | B8: 11970693 | C8: 4366 | D8: 3914 | E8: 187243 | F8: 4695 | G8: 30673 | H8: 4692 | I8: 11600878 | J8: 4216 | K8: 3756 | L8: 181763 | M8: 4486 | N8: 29568 | O8: 4564 | P8: 249393724 | Q8: 128695 | R8: 196168 | S8: 3914212 | T8: 204082 | U8: 940930 | V8: 183848 | W8: 47999 | X8: 33925 | Y8: 19952 | Z8: 47837 | AA8: 23005 | AB8: 32599 | AC8: 25521 | AD8: 46516 | AE8: 32760 | AF8: 19147 | AG8: 46437 | AH8: 21981 | AI8: 31424 | AJ8: 24825 | AK8: 0.707 | AL8: 0.416 | AM8: 0.997 | AN8: 0.479 | AO8: 0.679 | AP8: 0.532 | AQ8: 0.018 | AR8: 0.066 | AS8: 0.059 | AT8: 0.038 | AU8: 0.059 | AV8: 0.025 | AW8: 0.017
A9: 2007 | B9: 12566572 | C9: 4782 | D9: 3986 | E9: 196594 | F9: 4858 | G9: 32787 | H9: 5093 | I9: 11839160 | J9: 4465 | K9: 3712 | L9: 186087 | M9: 4465 | N9: 30647 | O9: 4678 | P9: 252180631 | Q9: 130442 | R9: 199760 | S9: 4018128 | T9: 208773 | U9: 955869 | V9: 187357 | W9: 49832 | X9: 36660 | Y9: 19954 | Z9: 48927 | AA9: 23269 | AB9: 34301 | AC9: 27183 | AD9: 46947 | AE9: 34230 | AF9: 18582 | AG9: 46312 | AH9: 21387 | AI9: 32062 | AJ9: 24968 | AK9: 0.736 | AL9: 0.4 | AM9: 0.982 | AN9: 0.467 | AO9: 0.688 | AP9: 0.546 | AQ9: 0.009 | AR9: 0.045 | AS9: -0.029 | AT9: -0.003 | AU9: -0.027 | AV9: 0.02 | AW9: 0.006
A10: 2008 | B10: 12825351 | C10: 4777 | D10: 3796 | E10: 196311 | F10: 4743 | G10: 33215 | H10: 4992 | I10: 11796552 | J10: 4353 | K10: 3456 | L10: 182686 | M10: 4232 | N10: 30408 | O10: 4475 | P10: 254812528 | Q10: 131853 | R10: 200078 | S10: 4106372 | T10: 211211 | U10: 967778 | V10: 191202 | W10: 50332 | X10: 36230 | Y10: 18973 | Z10: 47806 | AA10: 22456 | AB10: 34321 | AC10: 26109 | AD10: 46295 | AE10: 33014 | AF10: 17273 | AG10: 44488 | AH10: 20037 | AI10: 31420 | AJ10: 23405 | AK10: 0.72 | AL10: 0.377 | AM10: 0.95 | AN10: 0.446 | AO10: 0.682 | AP10: 0.519 | AQ10: -0.014 | AR10: -0.036 | AS10: -0.07 | AT10: -0.039 | AU10: -0.063 | AV10: -0.02 | AW10: -0.063
A11: 2009 | B11: 12604487 | C11: 4612 | D11: 3518 | E11: 188154 | F11: 4415 | G11: 31923 | H11: 4963 | I11: 11503904 | J11: 4085 | K11: 3129 | L11: 172172 | M11: 3895 | N11: 28511 | O11: 4463 | P11: 257355190 | Q11: 133477 | R11: 199696 | S11: 4153609 | T11: 211172 | U11: 975580 | V11: 193714 | W11: 48977 | X11: 34553 | Y11: 17617 | Z11: 45299 | AA11: 20907 | AB11: 32722 | AC11: 25620 | AD11: 44700 | AE11: 30605 | AF11: 15669 | AG11: 41451 | AH11: 18445 | AI11: 29225 | AJ11: 23039 | AK11: 0.705 | AL11: 0.36 | AM11: 0.925 | AN11: 0.427 | AO11: 0.668 | AP11: 0.523 | AQ11: -0.034 | AR11: -0.073 | AS11: -0.093 | AT11: -0.068 | AU11: -0.079 | AV11: -0.07 | AW11: -0.016
A12: 2010 | B12: 13071502 | C12: 4683 | D12: 3595 | E12: 190601 | F12: 4452 | G12: 32324 | H12: 5034 | I12: 11794809 | J12: 4107 | K12: 3164 | L12: 173371 | M12: 3877 | N12: 28558 | O12: 4417 | P12: 258874726 | Q12: 134606 | R12: 201567 | S12: 4209070 | T12: 211144 | U12: 982108 | V12: 196830 | W12: 50494 | X12: 34790 | Y12: 17835 | Z12: 45283 | AA12: 21085 | AB12: 32913 | AC12: 25575 | AD12: 45562 | AE12: 30511 | AF12: 15697 | AG12: 41190 | AH12: 18362 | AI12: 29078 | AJ12: 22441 | AK12: 0.689 | AL12: 0.353 | AM12: 0.897 | AN12: 0.418 | AO12: 0.652 | AP12: 0.507 | AQ12: 0.019 | AR12: -0.003 | AS12: 0.002 | AT12: -0.006 | AU12: -0.004 | AV12: -0.005 | AW12: -0.026
