Workbook
Name QRY_FTETOTAL: #REF!

Sheet Resident FTE
A1: The Colorado Department of Higher Education
A2: FTE Student Enrollment Report
A4: Governing Board / Institutions | B4: Resident Student FTE
B5: FY 91-92 | C5: FY 92-93 | D5: FY 93-94 | E5: FY 94-95 | F5: FY 95-96 | G5: FY 96-97 | H5: FY 97-98 | I5: FY 98-99 | J5: FY 99-2000 | K5: FY 2000-01 | L5: FY 2001-02 | M5: FY 2002-03 | N5: FY 2003-04 | O5: FY 2004-05 | P5: FY 2005-06 | Q5: FY 2006-07 | R5: FY 2007-08 | S5: FY 2008-09 | T5: FY 2009-10
A6: Regents of the University of Colorado: | B6: =SUM(B7:B10) -> 27854.4 | C6: =SUM(C7:C10) -> 27362 | D6: =SUM(D7:D10) -> 27504 | E6: =SUM(E7:E10) -> 27237 | F6: =SUM(F7:F10) -> 27083.93 | G6: =SUM(G7:G10) -> 27312 | H6: =SUM(H7:H10) -> 28012.9 | I6: =SUM(I7:I10) -> 28491.3 | ... T6: =SUM(T7:T10) -> 39101.016
A7: University of Colorado-Boulder | B7: 15456 | C7: 14809 | D7: 15097 | E7: 14846 | F7: 14631.93 | G7: 14934 | H7: 15239 | I7: 15243 | J7: 15667 | K7: 15691.5 | L7: 16007 | M7: 16934.1 | N7: 17759 | O7: 18109 | P7: 18020 | Q7: 17805 | R7: 17785 | S7: 17744 | T7: 18168.89
A8: University of Colorado-Colorado Springs | B8: 3884 | C8: 3752 | D8: 3669 | E8: 3734 | F8: 3777 | G8: 3840 | H8: 4243.9 | I8: 4423 | J8: 4601.7 | K8: 4687.9 | L8: 4930.1 | M8: 5526.4 | N8: 5788.2 | O8: 5843.7 | P8: 5822 | Q8: 5815 | R8: 5836 | S8: 6118 | T8: 6534.7197
A9: University of Colorado Denver - Downtown Campus | B9: 6584.4 | C9: 6794 | D9: 6564 | E9: 6409 | F9: 6426 | G9: 6313 | H9: 6380 | I9: 6627.3 | J9: 6600.6 | K9: 6783 | L9: 7065.2 | M9: 7636.7 | N9: 7908.7 | O9: 8110.38 | P9: 8056.6 | Q9: 8206 | R9: 8484.4 | S9: 8734 | T9: 10455.288
A10: University of Colorado Denver - Anschutz Medical Campus | B10: 1930 | C10: 2007 | D10: 2174 | E10: 2248 | F10: 2249 | G10: 2225 | H10: 2150 | I10: 2198 | J10: 2102.19 | K10: 2095.85 | L10: 2161.72 | M10: 2248.74 | N10: 2409.93 | O10: 2508.27 | P10: 2943.8 | Q10: 2966.1 | R10: 3078.3 | S10: 3095 | T10: 3942.1187
A11: Board of Governors of Colorado State University System: | B11: =SUM(B12:B14) -> 18538.2 | C11: =SUM(C12:C14) -> 18663.9 | D11: =SUM(D12:D14) -> 18499.2 | E11: =SUM(E12:E14) -> 18534.5 | F11: =SUM(F12:F14) -> 18586.3 | G11: =SUM(G12:G14) -> 18683.4 | H11: =SUM(H12:H14) -> 18568.5 | I11: =SUM(I12:I14) -> 18907.4 | ... T11: =SUM(T12:T14) -> 22107.562
A12: Colorado State University-Education & General | B12: 14496.2 | C12: 14583.7 | D12: 14530.6 | E12: 14660.5 | F12: 14844 | G12: 15157 | H12: 15080 | I12: 15423.5 | J12: 15657.2 | K12: 15597.4 | L12: 16173.6 | M12: 16931.2 | N12: 17405.9 | O12: 17779 | P12: 17550.467 | Q12: 17328.067 | R12: 17270 | S12: 17479 | T12: 17912.429
A13: Colorado State University-Professional Veterinary Medicine | B13: 331 | C13: 326.7 | D13: 336.6 | E13: 325.5 | F13: 329.6 | G13: 327.4 | H13: 352.1 | I13: 379.9 | J13: 399.9 | K13: 422 | L13: 419.2 | M13: 432.3 | N13: 424 | O13: 434.6 | P13: 422.13333 | Q13: 423.66667 | R13: 419.8 | S13: 405 | T13: 426.53486
A14: Colorado State University - Pueblo | B14: 3711 | C14: 3753.5 | D14: 3632 | E14: 3548.5 | F14: 3412.7 | G14: 3199 | H14: 3136.4 | I14: 3104 | J14: 3107.56 | K14: 3086.3 | L14: 3045.1 | M14: 3029.7 | N14: 3158.4 | O14: 3266.2 | P14: 3161.9 | Q14: 3002.5 | R14: 3080 | S14: 3419 | T14: 3768.5981
A15: Trustees of Fort Lewis College:
A16: Fort Lewis College | B16: 2854 | C16: 2783 | D16: 2838 | E16: 2764 | F16: 2913 | G16: 2935 | H16: 2866 | I16: 2733 | J16: 2756 | K16: 2672 | L16: 2800 | M16: 2784 | N16: 2727 | O16: 2733 | P16: 2656 | Q16: 2644 | R16: 2621 | S16: 2426 | T16: 2395.9293
A17: Trustees of Colorado School of Mines:
A18: Colorado School of Mines | B18: 1743 | C18: 1910 | D18: 1983 | E18: 2043 | F18: 2122 | G18: 2160 | H18: 2168 | I18: 2281.2 | J18: 2343.6 | K18: 2250.8 | L18: ='[1]Resident Undergraduate'!L18+'[1]Resident Graduate'!L16 -> 2356.4 | M18: ='[1]Resident Undergraduate'!M18+'[1]Resident Graduate'!M16 -> 2452.2 | N18: ='[1]Resident Undergraduate'!N18+'[1]Resident Graduate'!N16 -> 2584.2 | O18: ='[1]Resident Undergraduate'!O18+'[1]Resident Graduate'!O16 -> 2845.1 | P18: ='[1]Resident Undergraduate'!P18+'[1]Resident Graduate'!P16 -> 2973.5 | Q18: ='[1]Resident Undergraduate'!Q18+'[1]Resident Graduate'!Q16 -> 3018.9 | R18: ='[1]Resident Undergraduate'!R18+'[1]Resident Graduate'!R16 -> 3044.9 | S18: ='[1]Resident Undergraduate'!S18+'[1]Resident Graduate'!S16 -> 3144 | T18: 3288.3218
A19: Board of Trustees University of Northern Colorado:
A20: University of Northern Colorado | B20: 8717 | C20: 8651 | D20: 8749 | E20: 8643 | F20: 8403 | G20: 8225 | H20: 8315 | I20: 8573.36 | J20: 8989.58 | K20: 9041.07 | L20: 9088.1 | M20: 9420.91 | N20: 9596.47 | O20: 9878.37 | P20: 9880.83 | Q20: 9657.93 | R20: 9361.78 | S20: 8658 | T20: 8918.4351
A21: Trustees of Adams State College:
A22: Adams State College | B22: 1928 | C22: 1931 | D22: 1748 | E22: 1820 | F22: 1833 | G22: 1869 | H22: 1798 | I22: 1898.15 | J22: 1893.7 | K22: 1809 | L22: 1919.7 | M22: 1965.9 | N22: 1993.2 | O22: 1893.92 | P22: 1933.07 | Q22: 1822.01 | R22: 1702.96 | S22: 1646 | T22: 1860.3332
A23: Trustees of Mesa State College:
A24: Mesa State College | B24: 3280 | C24: 3320 | D24: 3382 | E24: 3494 | F24: 3589 | G24: 3667 | H24: 3663 | I24: 3779 | J24: 3703.1 | K24: 3882.6 | L24: 4029.5 | M24: 4209.1 | N24: =4312.9+21.4 -> 4334.3 | O24: 4481 | P24: 4228.93 | Q24: 4411.2833 | R24: 4459.4 | S24: 4541 | T24: 5306.118
A25: Trustees of Metropolitan State College:
A26: Metropolitan State College of Denver | B26: 12343 | C26: 12162 | D26: 11996 | E26: 11923 | F26: 11767 | G26: 11988 | H26: 12166 | I26: 11909 | J26: 11942.73 | K26: 11845.77 | L26: 12760.5 | M26: 13720.1 | N26: 14178.47 | O26: 14626.67 | P26: 14685.53 | Q26: 14743.84 | R26: 15135 | S26: 15621 | T26: 16790.761
A27: Trustees of Western State College:
A28: Western State College | B28: 1584 | C28: 1602 | D28: 1393 | E28: 1417 | F28: 1460 | G28: 1525 | H28: 1478 | I28: 1501 | J28: 1498.9 | K28: 1431.8 | L28: 1499.23 | M28: 1549.9 | N28: 1617.6 | O28: 1545 | P28: 1521.66 | Q28: 1451.68 | R28: 1428.43 | S28: 1453 | T28: 1430.3615
A29: Community Colleges of Colorado: | B29: =SUM(B30:B42) -> 31436 | C29: =SUM(C30:C42) -> 33149 | D29: =SUM(D30:D42) -> 33090 | E29: =SUM(E30:E42) -> 32960 | F29: =SUM(F30:F42) -> 33129 | G29: =SUM(G30:G42) -> 33332 | H29: =SUM(H30:H42) -> 33810 | I29: =SUM(I30:I42) -> 34936.3 | ... T29: =SUM(T30:T42) -> 53454.045
A30: Arapahoe Community College | B30: 3880 | C30: 3849 | D30: 3832 | E30: 3744 | F30: 3832 | G30: 3821 | H30: 3785 | I30: 3832 | J30: 3814.8 | K30: 3799.7 | L30: 4079.77 | M30: 4500.23 | N30: 4657.23 | O30: 4570.57 | P30: 4209.17 | Q30: 4110.22 | R30: 4021.83 | S30: 4370 | T30: 5120.7086
A31: Colorado Northwestern Community College | B31: 782 | C31: 807 | D31: 750 | E31: 697 | F31: 704 | G31: 732 | H31: 768 | I31: 710 | J31: 651.21 | K31: 665.5 | L31: 796.27 | M31: 842.9 | N31: 907.1 | O31: 895.38 | P31: 698.93 | Q31: 623 | R31: 663.21 | S31: 686 | T31: 708.35943
A32: Community College of Aurora | B32: 2359 | C32: 2514 | D32: 2658 | E32: 2603 | F32: 2559 | G32: 2366 | H32: 2349 | I32: 2494 | J32: 2608.17 | K32: 2595.5 | L32: 2710.73 | M32: 3075.81 | N32: 3410.07 | O32: 3396.29 | P32: 3299.7 | Q32: 3058 | R32: 3076.6 | S32: 3338 | T32: 3923.9918
A33: Community College of Denver | B33: 3873 | C33: 4240 | D33: 4365 | E33: 4187 | F33: 3984 | G33: 3973 | H33: 3801 | I33: 3816 | J33: 3761.95 | K33: 3791.47 | L33: 3924.59 | M33: 4743.72 | N33: 5245.38 | O33: 5044.93 | P33: 4710.37 | Q33: 4890.14 | R33: 4654.94 | S33: 4933 | T33: 6900.6972
A34: Front Range Community College | B34: 5926 | C34: 6187 | D34: 6061 | E34: 5916 | F34: 6329 | G34: 6056 | H34: 6066 | I34: 6554 | J34: 6984.95 | K34: 7286.43 | L34: 7718.85 | M34: 8764.17 | N34: 9401.19 | O34: 9629.27 | P34: 9316.2 | Q34: 9055.5 | R34: 9312.8 | S34: 9945 | T34: 11863.86
A35: Lamar Community College | B35: 586 | C35: 612 | D35: 581 | E35: 557 | F35: 580 | G35: 621 | H35: 633 | I35: 649 | J35: 614.09 | K35: 630.43 | L35: 639.77 | M35: 707.21 | N35: 696.4 | O35: 637 | P35: 624.63 | Q35: 611.32 | R35: 662.49867 | S35: 674 | T35: 630.81198
A36: Morgan Community College | B36: 566 | C36: 712 | D36: 807 | E36: 696 | F36: 744 | G36: 802 | H36: 861 | I36: 911 | J36: 948.14 | K36: 949.03 | L36: 979.47 | M36: 922.17 | N36: 936.36 | O36: 961.72 | P36: 984.13 | Q36: 984.15 | R36: 973.57 | S36: 999 | T36: 1052.3702
A37: Northeastern Junior College | B37: 1695 | C37: 1724 | D37: 1570 | E37: 1559 | F37: 1515 | G37: 1579 | H37: 1457 | I37: 1500 | J37: 1463.85 | K37: 1545.8 | L37: 1512.5 | M37: 1556.57 | N37: 1446.77 | O37: 1403.32 | P37: 1203.91 | Q37: 1151 | R37: 1195.8 | S37: 1343 | T37: 1367.3083
A38: Otero Junior College | B38: 666 | C38: 677 | D38: 749 | E38: 761 | F38: 735 | G38: 773 | H38: 835 | I38: 887 | J38: 933.15 | K38: 954.58 | L38: 1072.25 | M38: 1108.7 | N38: 1215.8 | O38: 1236.63 | P38: 1221.33 | Q38: 1219.25 | R38: 1138.67 | S38: 1123 | T38: 1187.8184
A39: Pikes Peak Community College | B39: 4571 | C39: 4717 | D39: 4437 | E39: 4573 | F39: 4436 | G39: 4662 | H39: 4772 | I39: 4994 | J39: 5171.4 | K39: 5207.8 | L39: 5507.2 | M39: 6147.2 | N39: 6461.1 | O39: 6716.7 | P39: 6780.5 | Q39: 6412.9 | R39: 7102.39 | S39: 7624 | T39: 8824.5987
A40: Pueblo Community College | B40: 2472 | C40: 2696 | D40: 2623 | E40: 2690 | F40: 2747 | G40: 2831 | H40: 3045 | I40: 3053 | J40: 3175.34 | K40: 3159.03 | L40: 3492.31 | M40: 3782.45 | N40: 4170.87 | O40: 4095.57 | P40: 3809.38 | Q40: 3442 | R40: 3404.8 | S40: 3761 | T40: 4616.2549
A41: Red Rocks Community College | B41: 3037 | C41: 3365 | D41: 3598 | E41: 3627 | F41: 3666 | G41: 3720 | H41: 4035 | I41: 4228.3 | J41: 4033.99 | K41: 4064.23 | L41: 4031.5 | M41: 4323.24 | N41: 4581.39 | O41: 4522.55 | P41: 4249.33 | Q41: 4114.86 | R41: 4465.67 | S41: 4841 | T41: 5844.4292
A42: Trinidad State Junior College | B42: 1023 | C42: 1049 | D42: 1059 | E42: 1350 | F42: 1298 | G42: 1396 | H42: 1403 | I42: 1308 | J42: 1314.43 | K42: 1288.03 | L42: 1339.8 | M42: 1439.85 | N42: 1442.94 | O42: 1454.46 | P42: 1346.75 | Q42: 1203.81 | R42: 1255.18 | S42: 1283 | T42: 1412.8364
A43: Local District Colleges: | B43: =SUM(B44:B45) -> 6798 | C43: =SUM(C44:C45) -> 6823 | D43: =SUM(D44:D45) -> 6448 | E43: =SUM(E44:E45) -> 6307 | F43: =SUM(F44:F45) -> 6094 | G43: =SUM(G44:G45) -> 6194 | H43: =SUM(H44:H45) -> 6119 | I43: =SUM(I44:I45) -> 5996 | ... T43: =SUM(T44:T45) -> 5889.011
A44: Aims Community College | B44: 4454 | C44: 4544 | D44: 3992 | E44: 3760 | F44: 3630 | G44: 3717 | H44: 3636 | I44: 3554 | J44: 3582.17 | K44: 3576.37 | L44: 3744.78 | M44: 3505.26 | N44: 3171.25 | O44: 2954.37 | P44: 2848.47 | Q44: 2929.8 | R44: 2855.596 | S44: 3031 | T44: 3356.9793
A45: Colorado Mountain College | B45: 2344 | C45: 2279 | D45: 2456 | E45: 2547 | F45: 2464 | G45: 2477 | H45: 2483 | I45: 2442 | J45: 2387 | K45: 2445 | L45: 2412 | M45: 2340 | N45: 2285 | O45: 2277 | P45: 2193 | Q45: 2155 | R45: 2113 | S45: 2143 | T45: 2532.0317
A46: Governing Board Summary | B46: =SUM(B6,B11,B16,B18,B20,B22,B24,B26,B28,B29) -> 110277.6 | C46: =SUM(C6,C11,C16,C18,C20,C22,C24,C26,C28,C29) -> 111533.9 | D46: =SUM(D6,D11,D16,D18,D20,D22,D24,D26,D28,D29) -> 111182.2 | E46: =SUM(E6,E11,E16,E18,E20,E22,E24,E26,E28,E29) -> 110835.5 | F46: =SUM(F6,F11,F16,F18,F20,F22,F24,F26,F28,F29) -> 110886.23 | G46: =SUM(G6,G11,G16,G18,G20,G22,G24,G26,G28,G29) -> 111696.4 | H46: =SUM(H6,H11,H16,H18,H20,H22,H24,H26,H28,H29) -> 112845.4 | I46: =SUM(I6,I11,I16,I18,I20,I22,I24,I26,I28,I29) -> 115009.71 | ... T46: =SUM(T6,T11,T16,T18,T20,T22,T24,T26,T28,T29) -> 154652.88
A47: District Summary | B47: =SUM(B44:B45) -> 6798 | C47: =SUM(C44:C45) -> 6823 | D47: =SUM(D44:D45) -> 6448 | E47: =SUM(E44:E45) -> 6307 | F47: =SUM(F44:F45) -> 6094 | G47: =SUM(G44:G45) -> 6194 | H47: =SUM(H44:H45) -> 6119 | I47: =SUM(I44:I45) -> 5996 | ... T47: =SUM(T44:T45) -> 5889.011
A48: Public Summary | B48: =SUM(B46:B47) -> 117075.6 | C48: =SUM(C46:C47) -> 118356.9 | D48: =SUM(D46:D47) -> 117630.2 | E48: =SUM(E46:E47) -> 117142.5 | F48: =SUM(F46:F47) -> 116980.23 | G48: =SUM(G46:G47) -> 117890.4 | H48: =SUM(H46:H47) -> 118964.4 | I48: =SUM(I46:I47) -> 121005.71 | ... T48: =SUM(T46:T47) -> 160541.89

Sheet % Change Resident FTE
A1: The Colorado Department of Higher Education
A2: Final FTE Student Enrollment Report
A4: Governing Board / Institutions | B4: Percentage Change in Resident Student FTE
B5: FY 92 to FY 93 | C5: FY 93 to FY 94 | D5: FY 94 to FY 95 | E5: FY 95 to FY 96 | F5: FY 96 to FY 97 | G5: FY 97 to FY 98 | H5: FY 98 to FY 99 | I5: FY 99 to FY 00 | J5: FY 00 to 01 | K5: FY 01 to 02 | L5: FY 02 to 03 | M5: FY 03 to 04 | N5: FY 04 to 05 | O5: FY 05 to 06 | P5: FY 06 to 07 | Q5: FY 07 to 08 | R5: FY 08 to 09 | S5: FY 09 to 10
A6: Regents of the University of Colorado: | B6: =('Resident FTE'!C6-'Resident FTE'!B6)/'Resident FTE'!B6 -> -0.017677638 | C6: =('Resident FTE'!D6-'Resident FTE'!C6)/'Resident FTE'!C6 -> 0.0051896791 | D6: =('Resident FTE'!E6-'Resident FTE'!D6)/'Resident FTE'!D6 -> -0.0097076789 | E6: =('Resident FTE'!F6-'Resident FTE'!E6)/'Resident FTE'!E6 -> -0.0056199288 | F6: =('Resident FTE'!G6-'Resident FTE'!F6)/'Resident FTE'!F6 -> 0.0084208606 | G6: =('Resident FTE'!H6-'Resident FTE'!G6)/'Resident FTE'!G6 -> 0.025662712 | H6: =('Resident FTE'!I6-'Resident FTE'!H6)/'Resident FTE'!H6 -> 0.017077846 | I6: =('Resident FTE'!J6-'Resident FTE'!I6)/'Resident FTE'!I6 -> 0.016853917 | ... S6: =('Resident FTE'!T6-'Resident FTE'!S6)/'Resident FTE'!S6 -> 0.095542729
A7: University of Colorado-Boulder | B7: =('Resident FTE'!C7-'Resident FTE'!B7)/'Resident FTE'!B7 -> -0.041860766 | C7: =('Resident FTE'!D7-'Resident FTE'!C7)/'Resident FTE'!C7 -> 0.019447633 | D7: =('Resident FTE'!E7-'Resident FTE'!D7)/'Resident FTE'!D7 -> -0.01662582 | E7: =('Resident FTE'!F7-'Resident FTE'!E7)/'Resident FTE'!E7 -> -0.014419372 | F7: =('Resident FTE'!G7-'Resident FTE'!F7)/'Resident FTE'!F7 -> 0.020644577 | G7: =('Resident FTE'!H7-'Resident FTE'!G7)/'Resident FTE'!G7 -> 0.020423195 | H7: =('Resident FTE'!I7-'Resident FTE'!H7)/'Resident FTE'!H7 -> 0.00026248441 | I7: =('Resident FTE'!J7-'Resident FTE'!I7)/'Resident FTE'!I7 -> 0.027816047 | ... S7: =('Resident FTE'!T7-'Resident FTE'!S7)/'Resident FTE'!S7 -> 0.023945532
A8: University of Colorado-Colorado Springs | B8: =('Resident FTE'!C8-'Resident FTE'!B8)/'Resident FTE'!B8 -> -0.033985582 | C8: =('Resident FTE'!D8-'Resident FTE'!C8)/'Resident FTE'!C8 -> -0.022121535 | D8: =('Resident FTE'!E8-'Resident FTE'!D8)/'Resident FTE'!D8 -> 0.017715999 | E8: =('Resident FTE'!F8-'Resident FTE'!E8)/'Resident FTE'!E8 -> 0.011515801 | F8: =('Resident FTE'!G8-'Resident FTE'!F8)/'Resident FTE'!F8 -> 0.016679905 | G8: =('Resident FTE'!H8-'Resident FTE'!G8)/'Resident FTE'!G8 -> 0.10518229 | H8: =('Resident FTE'!I8-'Resident FTE'!H8)/'Resident FTE'!H8 -> 0.042201748 | I8: =('Resident FTE'!J8-'Resident FTE'!I8)/'Resident FTE'!I8 -> 0.040402442 | ... S8: =('Resident FTE'!T8-'Resident FTE'!S8)/'Resident FTE'!S8 -> 0.068113715
A9: University of Colorado-Denver | B9: =('Resident FTE'!C9-'Resident FTE'!B9)/'Resident FTE'!B9 -> 0.031832817 | C9: =('Resident FTE'!D9-'Resident FTE'!C9)/'Resident FTE'!C9 -> -0.0338534 | D9: =('Resident FTE'!E9-'Resident FTE'!D9)/'Resident FTE'!D9 -> -0.02361365 | E9: =('Resident FTE'!F9-'Resident FTE'!E9)/'Resident FTE'!E9 -> 0.0026525199 | F9: =('Resident FTE'!G9-'Resident FTE'!F9)/'Resident FTE'!F9 -> -0.017584812 | G9: =('Resident FTE'!H9-'Resident FTE'!G9)/'Resident FTE'!G9 -> 0.010613021 | H9: =('Resident FTE'!I9-'Resident FTE'!H9)/'Resident FTE'!H9 -> 0.038761755 | I9: =('Resident FTE'!J9-'Resident FTE'!I9)/'Resident FTE'!I9 -> -0.00402879 | ... S9: =('Resident FTE'!T9-'Resident FTE'!S9)/'Resident FTE'!S9 -> 0.19707895
A10: University of Colorado-Health Sciences | B10: =('Resident FTE'!C10-'Resident FTE'!B10)/'Resident FTE'!B10 -> 0.039896373 | C10: =('Resident FTE'!D10-'Resident FTE'!C10)/'Resident FTE'!C10 -> 0.083208769 | D10: =('Resident FTE'!E10-'Resident FTE'!D10)/'Resident FTE'!D10 -> 0.034038638 | E10: =('Resident FTE'!F10-'Resident FTE'!E10)/'Resident FTE'!E10 -> 0.00044483986 | F10: =('Resident FTE'!G10-'Resident FTE'!F10)/'Resident FTE'!F10 -> -0.01067141 | G10: =('Resident FTE'!H10-'Resident FTE'!G10)/'Resident FTE'!G10 -> -0.033707865 | H10: =('Resident FTE'!I10-'Resident FTE'!H10)/'Resident FTE'!H10 -> 0.022325581 | I10: =('Resident FTE'!J10-'Resident FTE'!I10)/'Resident FTE'!I10 -> -0.043589627 | ... S10: =('Resident FTE'!T10-'Resident FTE'!S10)/'Resident FTE'!S10 -> 0.27370557
A11: Board of Governors of Colorado State University System: | B11: =('Resident FTE'!C11-'Resident FTE'!B11)/'Resident FTE'!B11 -> 0.0067805936 | C11: =('Resident FTE'!D11-'Resident FTE'!C11)/'Resident FTE'!C11 -> -0.0088245222 | D11: =('Resident FTE'!E11-'Resident FTE'!D11)/'Resident FTE'!D11 -> 0.0019081906 | E11: =('Resident FTE'!F11-'Resident FTE'!E11)/'Resident FTE'!E11 -> 0.0027947881 | F11: =('Resident FTE'!G11-'Resident FTE'!F11)/'Resident FTE'!F11 -> 0.0052242781 | G11: =('Resident FTE'!H11-'Resident FTE'!G11)/'Resident FTE'!G11 -> -0.0061498442 | H11: =('Resident FTE'!I11-'Resident FTE'!H11)/'Resident FTE'!H11 -> 0.01825134 | I11: =('Resident FTE'!J11-'Resident FTE'!I11)/'Resident FTE'!I11 -> 0.013606313 | ... S11: =('Resident FTE'!T11-'Resident FTE'!S11)/'Resident FTE'!S11 -> 0.037767553
A12: Colorado State University-Education & General | B12: =('Resident FTE'!C12-'Resident FTE'!B12)/'Resident FTE'!B12 -> 0.0060360646 | C12: =('Resident FTE'!D12-'Resident FTE'!C12)/'Resident FTE'!C12 -> -0.0036410513 | D12: =('Resident FTE'!E12-'Resident FTE'!D12)/'Resident FTE'!D12 -> 0.0089397547 | E12: =('Resident FTE'!F12-'Resident FTE'!E12)/'Resident FTE'!E12 -> 0.012516626 | F12: =('Resident FTE'!G12-'Resident FTE'!F12)/'Resident FTE'!F12 -> 0.021085961 | G12: =('Resident FTE'!H12-'Resident FTE'!G12)/'Resident FTE'!G12 -> -0.005080161 | H12: =('Resident FTE'!I12-'Resident FTE'!H12)/'Resident FTE'!H12 -> 0.022778515 | I12: =('Resident FTE'!J12-'Resident FTE'!I12)/'Resident FTE'!I12 -> 0.015152203 | ... S12: =('Resident FTE'!T12-'Resident FTE'!S12)/'Resident FTE'!S12 -> 0.024797143
A13: Colorado State University-Professional Veterinary Medicine | B13: =('Resident FTE'!C13-'Resident FTE'!B13)/'Resident FTE'!B13 -> -0.012990937 | C13: =('Resident FTE'!D13-'Resident FTE'!C13)/'Resident FTE'!C13 -> 0.03030303 | D13: =('Resident FTE'!E13-'Resident FTE'!D13)/'Resident FTE'!D13 -> -0.032976827 | E13: =('Resident FTE'!F13-'Resident FTE'!E13)/'Resident FTE'!E13 -> 0.012596006 | F13: =('Resident FTE'!G13-'Resident FTE'!F13)/'Resident FTE'!F13 -> -0.0066747573 | G13: =('Resident FTE'!H13-'Resident FTE'!G13)/'Resident FTE'!G13 -> 0.075442883 | H13: =('Resident FTE'!I13-'Resident FTE'!H13)/'Resident FTE'!H13 -> 0.078954842 | I13: =('Resident FTE'!J13-'Resident FTE'!I13)/'Resident FTE'!I13 -> 0.052645433 | ... S13: =('Resident FTE'!T13-'Resident FTE'!S13)/'Resident FTE'!S13 -> 0.053172486
A14: Colorado State University - Pueblo | B14: =('Resident FTE'!C14-'Resident FTE'!B14)/'Resident FTE'!B14 -> 0.011452439 | C14: =('Resident FTE'!D14-'Resident FTE'!C14)/'Resident FTE'!C14 -> -0.032369788 | D14: =('Resident FTE'!E14-'Resident FTE'!D14)/'Resident FTE'!D14 -> -0.022990088 | E14: =('Resident FTE'!F14-'Resident FTE'!E14)/'Resident FTE'!E14 -> -0.038269691 | F14: =('Resident FTE'!G14-'Resident FTE'!F14)/'Resident FTE'!F14 -> -0.062619041 | G14: =('Resident FTE'!H14-'Resident FTE'!G14)/'Resident FTE'!G14 -> -0.019568615 | H14: =('Resident FTE'!I14-'Resident FTE'!H14)/'Resident FTE'!H14 -> -0.010330315 | I14: =('Resident FTE'!J14-'Resident FTE'!I14)/'Resident FTE'!I14 -> 0.0011469072 | ... S14: =('Resident FTE'!T14-'Resident FTE'!S14)/'Resident FTE'!S14 -> 0.10225155
A15: Trustees of Fort Lewis College:
A16: Fort Lewis College | B16: =('Resident FTE'!C16-'Resident FTE'!B16)/'Resident FTE'!B16 -> -0.024877365 | C16: =('Resident FTE'!D16-'Resident FTE'!C16)/'Resident FTE'!C16 -> 0.019762846 | D16: =('Resident FTE'!E16-'Resident FTE'!D16)/'Resident FTE'!D16 -> -0.0260747 | E16: =('Resident FTE'!F16-'Resident FTE'!E16)/'Resident FTE'!E16 -> 0.053907381 | F16: =('Resident FTE'!G16-'Resident FTE'!F16)/'Resident FTE'!F16 -> 0.0075523515 | G16: =('Resident FTE'!H16-'Resident FTE'!G16)/'Resident FTE'!G16 -> -0.02350937 | H16: =('Resident FTE'!I16-'Resident FTE'!H16)/'Resident FTE'!H16 -> -0.046406141 | I16: =('Resident FTE'!J16-'Resident FTE'!I16)/'Resident FTE'!I16 -> 0.0084156604 | ... S16: =('Resident FTE'!T16-'Resident FTE'!S16)/'Resident FTE'!S16 -> -0.012395167
A17: Trustees of Colorado School of Mines:
A18: Colorado School of Mines | B18: =('Resident FTE'!C18-'Resident FTE'!B18)/'Resident FTE'!B18 -> 0.095811819 | C18: =('Resident FTE'!D18-'Resident FTE'!C18)/'Resident FTE'!C18 -> 0.038219895 | D18: =('Resident FTE'!E18-'Resident FTE'!D18)/'Resident FTE'!D18 -> 0.030257186 | E18: =('Resident FTE'!F18-'Resident FTE'!E18)/'Resident FTE'!E18 -> 0.038668625 | F18: =('Resident FTE'!G18-'Resident FTE'!F18)/'Resident FTE'!F18 -> 0.017907634 | G18: =('Resident FTE'!H18-'Resident FTE'!G18)/'Resident FTE'!G18 -> 0.0037037037 | H18: =('Resident FTE'!I18-'Resident FTE'!H18)/'Resident FTE'!H18 -> 0.052214022 | I18: =('Resident FTE'!J18-'Resident FTE'!I18)/'Resident FTE'!I18 -> 0.027354024 | ... S18: =('Resident FTE'!T18-'Resident FTE'!S18)/'Resident FTE'!S18 -> 0.045903887
A19: Board of Trustees University of Northern Colorado:
A20: University of Northern Colorado | B20: =('Resident FTE'!C20-'Resident FTE'!B20)/'Resident FTE'!B20 -> -0.0075714122 | C20: =('Resident FTE'!D20-'Resident FTE'!C20)/'Resident FTE'!C20 -> 0.01132817 | D20: =('Resident FTE'!E20-'Resident FTE'!D20)/'Resident FTE'!D20 -> -0.01211567 | E20: =('Resident FTE'!F20-'Resident FTE'!E20)/'Resident FTE'!E20 -> -0.027768136 | F20: =('Resident FTE'!G20-'Resident FTE'!F20)/'Resident FTE'!F20 -> -0.021182911 | G20: =('Resident FTE'!H20-'Resident FTE'!G20)/'Resident FTE'!G20 -> 0.010942249 | H20: =('Resident FTE'!I20-'Resident FTE'!H20)/'Resident FTE'!H20 -> 0.031071557 | I20: =('Resident FTE'!J20-'Resident FTE'!I20)/'Resident FTE'!I20 -> 0.048548061 | ... S20: =('Resident FTE'!T20-'Resident FTE'!S20)/'Resident FTE'!S20 -> 0.030080283
A21: Trustees of Adams State College:
A22: Adams State College | B22: =('Resident FTE'!C22-'Resident FTE'!B22)/'Resident FTE'!B22 -> 0.0015560166 | C22: =('Resident FTE'!D22-'Resident FTE'!C22)/'Resident FTE'!C22 -> -0.094769549 | D22: =('Resident FTE'!E22-'Resident FTE'!D22)/'Resident FTE'!D22 -> 0.041189931 | E22: =('Resident FTE'!F22-'Resident FTE'!E22)/'Resident FTE'!E22 -> 0.0071428571 | F22: =('Resident FTE'!G22-'Resident FTE'!F22)/'Resident FTE'!F22 -> 0.019639935 | G22: =('Resident FTE'!H22-'Resident FTE'!G22)/'Resident FTE'!G22 -> -0.037988229 | H22: =('Resident FTE'!I22-'Resident FTE'!H22)/'Resident FTE'!H22 -> 0.055700779 | I22: =('Resident FTE'!J22-'Resident FTE'!I22)/'Resident FTE'!I22 -> -0.002344388 | ... S22: =('Resident FTE'!T22-'Resident FTE'!S22)/'Resident FTE'!S22 -> 0.13021461
A23: Trustees of Mesa State College:
A24: Mesa State College | B24: =('Resident FTE'!C24-'Resident FTE'!B24)/'Resident FTE'!B24 -> 0.012195122 | C24: =('Resident FTE'!D24-'Resident FTE'!C24)/'Resident FTE'!C24 -> 0.018674699 | D24: =('Resident FTE'!E24-'Resident FTE'!D24)/'Resident FTE'!D24 -> 0.033116499 | E24: =('Resident FTE'!F24-'Resident FTE'!E24)/'Resident FTE'!E24 -> 0.027189468 | F24: =('Resident FTE'!G24-'Resident FTE'!F24)/'Resident FTE'!F24 -> 0.021733073 | G24: =('Resident FTE'!H24-'Resident FTE'!G24)/'Resident FTE'!G24 -> -0.0010908099 | H24: =('Resident FTE'!I24-'Resident FTE'!H24)/'Resident FTE'!H24 -> 0.031668032 | I24: =('Resident FTE'!J24-'Resident FTE'!I24)/'Resident FTE'!I24 -> -0.020084678 | ... S24: =('Resident FTE'!T24-'Resident FTE'!S24)/'Resident FTE'!S24 -> 0.16849109
A25: Trustees of Metropolitan State College:
A26: Metropolitan State College of Denver | B26: =('Resident FTE'!C26-'Resident FTE'!B26)/'Resident FTE'!B26 -> -0.014664182 | C26: =('Resident FTE'!D26-'Resident FTE'!C26)/'Resident FTE'!C26 -> -0.013649071 | D26: =('Resident FTE'!E26-'Resident FTE'!D26)/'Resident FTE'!D26 -> -0.0060853618 | E26: =('Resident FTE'!F26-'Resident FTE'!E26)/'Resident FTE'!E26 -> -0.013083955 | F26: =('Resident FTE'!G26-'Resident FTE'!F26)/'Resident FTE'!F26 -> 0.018781338 | G26: =('Resident FTE'!H26-'Resident FTE'!G26)/'Resident FTE'!G26 -> 0.014848182 | H26: =('Resident FTE'!I26-'Resident FTE'!H26)/'Resident FTE'!H26 -> -0.021124445 | I26: =('Resident FTE'!J26-'Resident FTE'!I26)/'Resident FTE'!I26 -> 0.0028323117 | ... S26: =('Resident FTE'!T26-'Resident FTE'!S26)/'Resident FTE'!S26 -> 0.074883903
A27: Trustees of Western State College:
A28: Western State College | B28: =('Resident FTE'!C28-'Resident FTE'!B28)/'Resident FTE'!B28 -> 0.011363636 | C28: =('Resident FTE'!D28-'Resident FTE'!C28)/'Resident FTE'!C28 -> -0.13046192 | D28: =('Resident FTE'!E28-'Resident FTE'!D28)/'Resident FTE'!D28 -> 0.017229002 | E28: =('Resident FTE'!F28-'Resident FTE'!E28)/'Resident FTE'!E28 -> 0.030345801 | F28: =('Resident FTE'!G28-'Resident FTE'!F28)/'Resident FTE'!F28 -> 0.044520548 | G28: =('Resident FTE'!H28-'Resident FTE'!G28)/'Resident FTE'!G28 -> -0.030819672 | H28: =('Resident FTE'!I28-'Resident FTE'!H28)/'Resident FTE'!H28 -> 0.01556157 | I28: =('Resident FTE'!J28-'Resident FTE'!I28)/'Resident FTE'!I28 -> -0.0013990673 | ... S28: =('Resident FTE'!T28-'Resident FTE'!S28)/'Resident FTE'!S28 -> -0.015580553
A29: Community Colleges of Colorado: | B29: =('Resident FTE'!C29-'Resident FTE'!B29)/'Resident FTE'!B29 -> 0.054491666 | C29: =('Resident FTE'!D29-'Resident FTE'!C29)/'Resident FTE'!C29 -> -0.0017798425 | D29: =('Resident FTE'!E29-'Resident FTE'!D29)/'Resident FTE'!D29 -> -0.0039286794 | E29: =('Resident FTE'!F29-'Resident FTE'!E29)/'Resident FTE'!E29 -> 0.0051274272 | F29: =('Resident FTE'!G29-'Resident FTE'!F29)/'Resident FTE'!F29 -> 0.006127562 | G29: =('Resident FTE'!H29-'Resident FTE'!G29)/'Resident FTE'!G29 -> 0.014340574 | H29: =('Resident FTE'!I29-'Resident FTE'!H29)/'Resident FTE'!H29 -> 0.033312629 | I29: =('Resident FTE'!J29-'Resident FTE'!I29)/'Resident FTE'!I29 -> 0.015432945 | ... S29: =('Resident FTE'!T29-'Resident FTE'!S29)/'Resident FTE'!S29 -> 0.18998319
A30: Arapahoe Community College | B30: =('Resident FTE'!C30-'Resident FTE'!B30)/'Resident FTE'!B30 -> -0.0079896907 | C30: =('Resident FTE'!D30-'Resident FTE'!C30)/'Resident FTE'!C30 -> -0.0044167316 | D30: =('Resident FTE'!E30-'Resident FTE'!D30)/'Resident FTE'!D30 -> -0.022964509 | E30: =('Resident FTE'!F30-'Resident FTE'!E30)/'Resident FTE'!E30 -> 0.023504274 | F30: =('Resident FTE'!G30-'Resident FTE'!F30)/'Resident FTE'!F30 -> -0.0028705637 | G30: =('Resident FTE'!H30-'Resident FTE'!G30)/'Resident FTE'!G30 -> -0.0094216174 | H30: =('Resident FTE'!I30-'Resident FTE'!H30)/'Resident FTE'!H30 -> 0.012417437 | I30: =('Resident FTE'!J30-'Resident FTE'!I30)/'Resident FTE'!I30 -> -0.0044885177 | ... S30: =('Resident FTE'!T30-'Resident FTE'!S30)/'Resident FTE'!S30 -> 0.17178687
A31: Colorado Northwestern Community College | B31: =('Resident FTE'!C31-'Resident FTE'!B31)/'Resident FTE'!B31 -> 0.031969309 | C31: =('Resident FTE'!D31-'Resident FTE'!C31)/'Resident FTE'!C31 -> -0.07063197 | D31: =('Resident FTE'!E31-'Resident FTE'!D31)/'Resident FTE'!D31 -> -0.070666667 | E31: =('Resident FTE'!F31-'Resident FTE'!E31)/'Resident FTE'!E31 -> 0.010043042 | F31: =('Resident FTE'!G31-'Resident FTE'!F31)/'Resident FTE'!F31 -> 0.039772727 | G31: =('Resident FTE'!H31-'Resident FTE'!G31)/'Resident FTE'!G31 -> 0.049180328 | H31: =('Resident FTE'!I31-'Resident FTE'!H31)/'Resident FTE'!H31 -> -0.075520833 | I31: =('Resident FTE'!J31-'Resident FTE'!I31)/'Resident FTE'!I31 -> -0.082802817 | ... S31: =('Resident FTE'!T31-'Resident FTE'!S31)/'Resident FTE'!S31 -> 0.032593927
A32: Community College of Aurora | B32: =('Resident FTE'!C32-'Resident FTE'!B32)/'Resident FTE'!B32 -> 0.065705808 | C32: =('Resident FTE'!D32-'Resident FTE'!C32)/'Resident FTE'!C32 -> 0.057279236 | D32: =('Resident FTE'!E32-'Resident FTE'!D32)/'Resident FTE'!D32 -> -0.02069225 | E32: =('Resident FTE'!F32-'Resident FTE'!E32)/'Resident FTE'!E32 -> -0.016903573 | F32: =('Resident FTE'!G32-'Resident FTE'!F32)/'Resident FTE'!F32 -> -0.075420086 | G32: =('Resident FTE'!H32-'Resident FTE'!G32)/'Resident FTE'!G32 -> -0.0071851226 | H32: =('Resident FTE'!I32-'Resident FTE'!H32)/'Resident FTE'!H32 -> 0.061728395 | I32: =('Resident FTE'!J32-'Resident FTE'!I32)/'Resident FTE'!I32 -> 0.045777867 | ... S32: =('Resident FTE'!T32-'Resident FTE'!S32)/'Resident FTE'!S32 -> 0.17555177
A33: Community College of Denver | B33: =('Resident FTE'!C33-'Resident FTE'!B33)/'Resident FTE'!B33 -> 0.094758585 | C33: =('Resident FTE'!D33-'Resident FTE'!C33)/'Resident FTE'!C33 -> 0.029481132 | D33: =('Resident FTE'!E33-'Resident FTE'!D33)/'Resident FTE'!D33 -> -0.040778923 | E33: =('Resident FTE'!F33-'Resident FTE'!E33)/'Resident FTE'!E33 -> -0.048483401 | F33: =('Resident FTE'!G33-'Resident FTE'!F33)/'Resident FTE'!F33 -> -0.0027610442 | G33: =('Resident FTE'!H33-'Resident FTE'!G33)/'Resident FTE'!G33 -> -0.043292223 | H33: =('Resident FTE'!I33-'Resident FTE'!H33)/'Resident FTE'!H33 -> 0.0039463299 | I33: =('Resident FTE'!J33-'Resident FTE'!I33)/'Resident FTE'!I33 -> -0.014164046 | ... S33: =('Resident FTE'!T33-'Resident FTE'!S33)/'Resident FTE'!S33 -> 0.39888448
A34: Front Range Community College | B34: =('Resident FTE'!C34-'Resident FTE'!B34)/'Resident FTE'!B34 -> 0.044043199 | C34: =('Resident FTE'!D34-'Resident FTE'!C34)/'Resident FTE'!C34 -> -0.020365282 | D34: =('Resident FTE'!E34-'Resident FTE'!D34)/'Resident FTE'!D34 -> -0.023923445 | E34: =('Resident FTE'!F34-'Resident FTE'!E34)/'Resident FTE'!E34 -> 0.069810683 | F34: =('Resident FTE'!G34-'Resident FTE'!F34)/'Resident FTE'!F34 -> -0.043134776 | G34: =('Resident FTE'!H34-'Resident FTE'!G34)/'Resident FTE'!G34 -> 0.001651255 | H34: =('Resident FTE'!I34-'Resident FTE'!H34)/'Resident FTE'!H34 -> 0.080448401 | I34: =('Resident FTE'!J34-'Resident FTE'!I34)/'Resident FTE'!I34 -> 0.065753738 | ... S34: =('Resident FTE'!T34-'Resident FTE'!S34)/'Resident FTE'!S34 -> 0.19294719
A35: Lamar Community College | B35: =('Resident FTE'!C35-'Resident FTE'!B35)/'Resident FTE'!B35 -> 0.044368601 | C35: =('Resident FTE'!D35-'Resident FTE'!C35)/'Resident FTE'!C35 -> -0.050653595 | D35: =('Resident FTE'!E35-'Resident FTE'!D35)/'Resident FTE'!D35 -> -0.04130809 | E35: =('Resident FTE'!F35-'Resident FTE'!E35)/'Resident FTE'!E35 -> 0.041292639 | F35: =('Resident FTE'!G35-'Resident FTE'!F35)/'Resident FTE'!F35 -> 0.070689655 | G35: =('Resident FTE'!H35-'Resident FTE'!G35)/'Resident FTE'!G35 -> 0.019323671 | H35: =('Resident FTE'!I35-'Resident FTE'!H35)/'Resident FTE'!H35 -> 0.025276461 | I35: =('Resident FTE'!J35-'Resident FTE'!I35)/'Resident FTE'!I35 -> -0.053790447 | ... S35: =('Resident FTE'!T35-'Resident FTE'!S35)/'Resident FTE'!S35 -> -0.06407718
A36: Morgan Community College | B36: =('Resident FTE'!C36-'Resident FTE'!B36)/'Resident FTE'!B36 -> 0.25795053 | C36: =('Resident FTE'!D36-'Resident FTE'!C36)/'Resident FTE'!C36 -> 0.13342697 | D36: =('Resident FTE'!E36-'Resident FTE'!D36)/'Resident FTE'!D36 -> -0.13754647 | E36: =('Resident FTE'!F36-'Resident FTE'!E36)/'Resident FTE'!E36 -> 0.068965517 | F36: =('Resident FTE'!G36-'Resident FTE'!F36)/'Resident FTE'!F36 -> 0.077956989 | G36: =('Resident FTE'!H36-'Resident FTE'!G36)/'Resident FTE'!G36 -> 0.073566085 | H36: =('Resident FTE'!I36-'Resident FTE'!H36)/'Resident FTE'!H36 -> 0.058072009 | I36: =('Resident FTE'!J36-'Resident FTE'!I36)/'Resident FTE'!I36 -> 0.040768386 | ... S36: =('Resident FTE'!T36-'Resident FTE'!S36)/'Resident FTE'!S36 -> 0.05342364
A37: Northeastern Junior College | B37: =('Resident FTE'!C37-'Resident FTE'!B37)/'Resident FTE'!B37 -> 0.017109145 | C37: =('Resident FTE'!D37-'Resident FTE'!C37)/'Resident FTE'!C37 -> -0.089327146 | D37: =('Resident FTE'!E37-'Resident FTE'!D37)/'Resident FTE'!D37 -> -0.0070063694 | E37: =('Resident FTE'!F37-'Resident FTE'!E37)/'Resident FTE'!E37 -> -0.02822322 | F37: =('Resident FTE'!G37-'Resident FTE'!F37)/'Resident FTE'!F37 -> 0.042244224 | G37: =('Resident FTE'!H37-'Resident FTE'!G37)/'Resident FTE'!G37 -> -0.077264091 | H37: =('Resident FTE'!I37-'Resident FTE'!H37)/'Resident FTE'!H37 -> 0.029512697 | I37: =('Resident FTE'!J37-'Resident FTE'!I37)/'Resident FTE'!I37 -> -0.0241 | ... S37: =('Resident FTE'!T37-'Resident FTE'!S37)/'Resident FTE'!S37 -> 0.0181
A38: Otero Junior College | B38: =('Resident FTE'!C38-'Resident FTE'!B38)/'Resident FTE'!B38 -> 0.016516517 | C38: =('Resident FTE'!D38-'Resident FTE'!C38)/'Resident FTE'!C38 -> 0.10635155 | D38: =('Resident FTE'!E38-'Resident FTE'!D38)/'Resident FTE'!D38 -> 0.016021362 | E38: =('Resident FTE'!F38-'Resident FTE'!E38)/'Resident FTE'!E38 -> -0.034165572 | F38: =('Resident FTE'!G38-'Resident FTE'!F38)/'Resident FTE'!F38 -> 0.05170068 | G38: =('Resident FTE'!H38-'Resident FTE'!G38)/'Resident FTE'!G38 -> 0.080206986 | H38: =('Resident FTE'!I38-'Resident FTE'!H38)/'Resident FTE'!H38 -> 0.062275449 | I38: =('Resident FTE'!J38-'Resident FTE'!I38)/'Resident FTE'!I38 -> 0.052029312 | ... S38: =('Resident FTE'!T38-'Resident FTE'!S38)/'Resident FTE'!S38 -> 0.057718947
A39: Pikes Peak Community College | B39: =('Resident FTE'!C39-'Resident FTE'!B39)/'Resident FTE'!B39 -> 0.031940494 | C39: =('Resident FTE'!D39-'Resident FTE'!C39)/'Resident FTE'!C39 -> -0.059359763 | D39: =('Resident FTE'!E39-'Resident FTE'!D39)/'Resident FTE'!D39 -> 0.030651341 | E39: =('Resident FTE'!F39-'Resident FTE'!E39)/'Resident FTE'!E39 -> -0.029958452 | F39: =('Resident FTE'!G39-'Resident FTE'!F39)/'Resident FTE'!F39 -> 0.050946799 | G39: =('Resident FTE'!H39-'Resident FTE'!G39)/'Resident FTE'!G39 -> 0.023595024 | H39: =('Resident FTE'!I39-'Resident FTE'!H39)/'Resident FTE'!H39 -> 0.046521375 | I39: =('Resident FTE'!J39-'Resident FTE'!I39)/'Resident FTE'!I39 -> 0.035522627 | ... S39: =('Resident FTE'!T39-'Resident FTE'!S39)/'Resident FTE'!S39 -> 0.15747622
... A48: Public Summary | B48: =('Resident FTE'!C48-'Resident FTE'!B48)/'Resident FTE'!B48 -> 0.01094421 | C48: =('Resident FTE'!D48-'Resident FTE'!C48)/'Resident FTE'!C48 -> -0.006139904 | D48: =('Resident FTE'!E48-'Resident FTE'!D48)/'Resident FTE'!D48 -> -0.0041460441 | E48: =('Resident FTE'!F48-'Resident FTE'!E48)/'Resident FTE'!E48 -> -0.0013852359 | F48: =('Resident FTE'!G48-'Resident FTE'!F48)/'Resident FTE'!F48 -> 0.0077805455 | G48: =('Resident FTE'!H48-'Resident FTE'!G48)/'Resident FTE'!G48 -> 0.0091101566 | H48: =('Resident FTE'!I48-'Resident FTE'!H48)/'Resident FTE'!H48 -> 0.017158999 | I48: =('Resident FTE'!J48-'Resident FTE'!I48)/'Resident FTE'!I48 -> 0.014071154 | ... S48: =('Resident FTE'!T48-'Resident FTE'!S48)/'Resident FTE'!S48 -> 0.11042485

Sheet Non-Resident FTE
A1: The Colorado Department of Higher Education
A2: Final FTE Student Enrollment Report
A4: Governing Board / Institutions | B4: Non-Resident Student FTE
B5: FY 91-92 | C5: FY 92-93 | D5: FY 93-94 | E5: FY 94-95 | F5: FY 95-96 | G5: FY 96-97 | H5: FY 97-98 | I5: FY 98-99 | J5: FY 99-2000 | K5: FY 2000-01 | L5: FY 2001-02 | M5: FY 2002-03 | N5: FY 2003-04 | O5: FY 2004-05 | P5: FY 2005-06 | Q5: FY 2006-07 | R5: FY 2007-08 | S5: FY 2008-09 | T5: FY 2009-10
A6: Regents of the University of Colorado: | B6: =SUM(B7:B10) -> 8246 | C6: =SUM(C7:C10) -> 8499 | D6: =SUM(D7:D10) -> 8205 | E6: =SUM(E7:E10) -> 7830 | F6: =SUM(F7:F10) -> 8028 | G6: =SUM(G7:G10) -> 7913 | H6: =SUM(H7:H10) -> 8187 | I6: =SUM(I7:I10) -> 8387 | ... T6: =SUM(T7:T10) -> 11632.527
A7: University of Colorado-Boulder | B7: 7374 | C7: 7547 | D7: 7175 | E7: 6787 | F7: 6895 | G7: 6749 | H7: 6957 | I7: 7203 | J7: 7215 | K7: 7521.4 | L7: 7914 | M7: 8320.3 | N7: 8615 | O7: 8399 | P7: 7958 | Q7: 8155 | R7: 8317 | S7: 9071 | T7: 9163.1047
A8: University of Colorado-Colorado Springs | B8: 205 | C8: 231 | D8: 247 | E8: 240 | F8: 232 | G8: 244 | H8: 315 | I8: 345 | J8: 366.4 | K8: 384.5 | L8: 393.6 | M8: 379.2 | N8: 357.7 | O8: 366.4 | P8: 380 | Q8: 325 | R8: 444 | S8: 488 | T8: 510.83946
A9: University of Colorado Denver - Downtown Campus | B9: 423 | C9: 460 | D9: 516 | E9: 546 | F9: 611 | G9: 656 | H9: 677 | I9: 602 | J9: 651.9 | K9: 788.2 | L9: 827.4 | M9: 770.2 | N9: 671.1 | O9: 676.1 | P9: 606 | Q9: 638.2 | R9: 788.4 | S9: 955 | T9: 1173.2569
A10: University of Colorado Denver - Anschutz Medical Campus | B10: 244 | C10: 261 | D10: 267 | E10: 257 | F10: 290 | G10: 264 | H10: 238 | I10: 237 | J10: 257.8 | K10: 233.68 | L10: 248.66 | M10: 270.75 | N10: 254.32 | O10: 266.23 | P10: 317.5 | Q10: 368.2 | R10: 412 | S10: 520 | T10: 785.32582
A11: Board of Governors of Colorado State University System: | B11: =SUM(B12:B14) -> 5089.5 | C11: =SUM(C12:C14) -> 5242.5 | D11: =SUM(D12:D14) -> 5447.3 | E11: =SUM(E12:E14) -> 5469.3 | F11: =SUM(F12:F14) -> 5578.1 | G11: =SUM(G12:G14) -> 5393.4 | H11: =SUM(H12:H14) -> 5360.2 | I11: =SUM(I12:I14) -> 5293.1 | ... T11: =SUM(T12:T14) -> 4915.5254
A12: Colorado State University-Education & General | B12: 4446 | C12: 4567 | D12: 4642 | E12: 4616 | F12: 4689 | G12: 4510 | H12: 4467 | I12: 4440 | J12: 4431.1 | K12: 4366.5 | L12: 4549.8 | M12: 4593.4 | N12: 4465.6 | O12: 4349.6 | P12: 4124.6667 | Q12: 4031.0333 | R12: 4142.7 | S12: 4096 | T12: 4113.3933
A13: Colorado State University-Professional Veterinary Medicine | B13: 370.5 | C13: 365.5 | D13: 397.3 | E13: 391.3 | F13: 393.1 | G13: 399.4 | H13: 376.2 | I13: 357.1 | J13: 332.7 | K13: 322.6 | L13: 325.3 | M13: 329.8 | N13: 329.7 | O13: 330.8 | P13: 340.8 | Q13: 343.96667 | R13: 346 | S13: 332 | T13: 359.83
A14: Colorado State University - Pueblo | B14: 273 | C14: 310 | D14: 408 | E14: 462 | F14: 496 | G14: 484 | H14: 517 | I14: 496 | J14: 521.27 | K14: 521 | L14: 469.8 | M14: 417.9 | N14: 375.7 | O14: 347.9 | P14: 356.1 | Q14: 384 | R14: 327.8 | S14: 387 | T14: 442.3021
A15: Trustees of Fort Lewis College:
A16: Fort Lewis College | B16: 939 | C16: 1084 | D16: 1193 | E16: 1182 | F16: 1215 | G16: 1255 | H16: 1301 | I16: 1295 | J16: 1382 | K16: 1347 | L16: 1369 | M16: 1296 | N16: 1214 | O16: 1127 | P16: 1056 | Q16: 1075 | R16: 1081 | S16: 1104 | T16: =[2]Sheet1!$F$11 -> 1091.2748
A17: Trustees of Colorado School of Mines:
A18: Colorado School of Mines | B18: 830 | C18: 948 | D18: 1023 | E18: 1051 | F18: 1067 | G18: 1082 | H18: 1043 | I18: 969 | J18: 932.8 | K18: 863.6 | L18: ='[1]Non-Resident Undergraduate'!L18+'[1]Non-Resident Graduate'!L16 -> 857.9 | M18: ='[1]Non-Resident Undergraduate'!M18+'[1]Non-Resident Graduate'!M16 -> 824.1 | N18: ='[1]Non-Resident Undergraduate'!N18+'[1]Non-Resident Graduate'!N16 -> 810.1 | O18: ='[1]Non-Resident Undergraduate'!O18+'[1]Non-Resident Graduate'!O16 -> 820 | P18: ='[1]Non-Resident Undergraduate'!P18+'[1]Non-Resident Graduate'!P16 -> 831.6 | Q18: ='[1]Non-Resident Undergraduate'!Q18+'[1]Non-Resident Graduate'!Q16 -> 900.3 | R18: ='[1]Non-Resident Undergraduate'!R18+'[1]Non-Resident Graduate'!R16 -> 1030.2 | S18: ='[1]Non-Resident Undergraduate'!S18+'[1]Non-Resident Graduate'!S16 -> 1181 | T18: =[2]Sheet1!$F$12 -> 1305.9433
A19: Board of Trustees University of Northern Colorado:
A20: University of Northern Colorado | B20: 1055 | C20: 1055 | D20: 1091 | E20: 1078 | F20: 1151 | G20: 1218 | H20: 1304 | I20: 1343 | J20: 1305.12 | K20: 1268.16 | L20: 1240.43 | M20: 1184.87 | N20: 1112.23 | O20: 1134.33 | P20: 1103.86 | Q20: 1136.6 | R20: 1058.23 | S20: 1033 | T20: =[2]Sheet1!$F$13 -> 1039.7477
A21: Trustees of Adams State College:
A22: Adams State College | B22: 450 | C22: 419 | D22: 416 | E22: 435 | F22: 441 | G22: 426 | H22: 379 | I22: 368 | J22: 368 | K22: 330.6 | L22: 373.7 | M22: 355.7 | N22: 320 | O22: 280.33 | P22: 245.76 | Q22: 228.4 | R22: 274.65 | S22: 273 | T22: =[2]Sheet1!$F$14 -> 309.04977
A23: Trustees of Mesa State College:
A24: Mesa State College | B24: 251 | C24: 313 | D24: 352 | E24: 399 | F24: 412 | G24: 406 | H24: 422 | I24: 410 | J24: 438.3 | K24: 428.1 | L24: 431.3 | M24: 441.8 | N24: =461.2+1.9 -> 463.1 | O24: 483.1 | P24: 457.2 | Q24: 437.91667 | R24: 507.6 | S24: 517 | T24: =[2]Sheet1!$F$15 -> 622.22331
A25: Trustees of Metropolitan State College:
A26: Metropolitan State College of Denver | B26: 343 | C26: 337 | D26: 311 | E26: 323 | F26: 320 | G26: 359 | H26: 390 | I26: 408 | J26: 426.5 | K26: 434.03 | L26: 466.37 | M26: 467.56 | N26: 449.61 | O26: 425.8 | P26: 401.53 | Q26: 431.54 | R26: 502.2 | S26: 544 | T26: =[2]Sheet1!$F$16 -> 542.40072
A27: Trustees of Western State College:
A28: Western State College | B28: 767 | C28: 840 | D28: 764 | E28: 744 | F28: 766 | G28: 755 | H28: 746 | I28: 697 | J28: 680.1 | K28: 640.25 | L28: 594.51 | M28: 591.35 | N28: 547.1 | O28: 513.35 | P28: 497.2 | Q28: 466.23 | R28: 447.92 | S28: 422 | T28: =[2]Sheet1!$F$17 -> 427.23367
A29: Community Colleges of Colorado: | B29: =SUM(B30:B42) -> 1659 | C29: =SUM(C30:C42) -> 2063 | D29: =SUM(D30:D42) -> 2075 | E29: =SUM(E30:E42) -> 2153 | F29: =SUM(F30:F42) -> 1957 | G29: =SUM(G30:G42) -> 1892 | H29: =SUM(H30:H42) -> 1906 | I29: =SUM(I30:I42) -> 2077 | ... T29: =SUM(T30:T42) -> 3978.5324
A30: Arapahoe Community College | B30: 248 | C30: 296 | D30: 278 | E30: 292 | F30: 240 | G30: 269 | H30: 301 | I30: 376 | J30: 324.9 | K30: 291.4 | L30: 238.25 | M30: 187.59 | N30: 196.53 | O30: 192.31 | P30: 188.9 | Q30: 245.75 | R30: 221.8 | S30: 186 | T30: 211.98125
A31: Colorado Northwestern Community College | B31: 79 | C31: 118 | D31: 126 | E31: 118 | F31: 116 | G31: 101 | H31: 98 | I31: 85 | J31: 79.08 | K31: 88.95 | L31: 76.03 | M31: 79.36 | N31: 101.35 | O31: 98.54 | P31: 83.97 | Q31: 95.55 | R31: 107.3 | S31: 125 | T31: 136.91664
A32: Community College of Aurora | B32: 49 | C32: 41 | D32: 44 | E32: 68 | F32: 60 | G32: 52 | H32: 55 | I32: 83 | J32: 84.42 | K32: 73.86 | L32: 103.23 | M32: 102.17 | N32: 73.74 | O32: 91.67 | P32: 101.4 | Q32: 170 | R32: 187.9 | S32: 211 | T32: 247.77897
A33: Community College of Denver | B33: 159 | C33: 246 | D33: 238 | E33: 253 | F33: 252 | G33: 254 | H33: 237 | I33: 255 | J33: 264.16 | K33: 235.22 | L33: 263.57 | M33: 298.02 | N33: 293.47 | O33: 296.97 | P33: 311.83 | Q33: 414.14 | R33: 481.96 | S33: 510 | T33: 718.44091
A34: Front Range Community College | B34: 308 | C34: 405 | D34: 422 | E34: 434 | F34: 408 | G34: 390 | H34: 434 | I34: 454 | J34: 481.59 | K34: 393.65 | L34: 406.35 | M34: 459.86 | N34: 547.51 | O34: 591.08 | P34: 567.8 | Q34: 671.3 | R34: 728 | S34: 749 | T34: 914.4377
A35: Lamar Community College | B35: 51 | C35: 63 | D35: 73 | E35: 73 | F35: 84 | G35: 77 | H35: 104 | I35: 96 | J35: 59.26 | K35: 43.862 | L35: 42.59 | M35: 54.94 | N35: 44.3 | O35: 59.99 | P35: 80.39 | Q35: 73.96 | R35: 97.889 | S35: 86 | T35: 103.06443
A36: Morgan Community College | B36: 18 | C36: 45 | D36: 39 | E36: 20 | F36: 25 | G36: 13 | H36: 18 | I36: 16 | J36: 11.29 | K36: 9.81 | L36: 8.3 | M36: 5.65 | N36: 4.75 | O36: 18.35 | P36: 36.1 | Q36: 38.48 | R36: 29.97 | S36: 33 | T36: 34.9603
A37: Northeastern Junior College | B37: 85 | C37: 101 | D37: 78 | E37: 74 | F37: 78 | G37: 134 | H37: 75 | I37: 79 | J37: 73.65 | K37: 58.58 | L37: 81.04 | M37: 84.11 | N37: 85.13 | O37: 74.64 | P37: 70.74 | Q37: 91.03 | R37: 101.66 | S37: 87 | T37: 89.846995
A38: Otero Junior College | B38: 60 | C38: 61 | D38: 50 | E38: 52 | F38: 40 | G38: 32 | H38: 19 | I38: 19 | J38: 25.37 | K38: 19.4 | L38: 19.84 | M38: 31.93 | N38: 31 | O38: 37.3 | P38: 40.6 | Q38: 82.4 | R38: 97.36 | S38: 111 | T38: 109.39266
A39: Pikes Peak Community College | B39: 131 | C39: 169 | D39: 149 | E39: 121 | F39: 124 | G39: 142 | H39: 147 | I39: 114 | J39: 118.4 | K39: 126.5 | L39: 172.4 | M39: 248.9 | N39: 245.5 | O39: 270 | P39: 348.3 | Q39: 346.84 | R39: 378.88 | S39: 524 | T39: 821.63494
A40: Pueblo Community College | B40: 45 | C40: 48 | D40: 52 | E40: 59 | F40: 74 | G40: 80 | H40: 101 | I40: 168 | J40: 156.93 | K40: 132.52 | L40: 117.99 | M40: 120.05 | N40: 115 | O40: 108.96 | P40: 95.56 | Q40: 80 | R40: 82.6 | S40: 95 | T40: 134.19595
A41: Red Rocks Community College | B41: 208 | C41: 278 | D41: 342 | E41: 406 | F41: 287 | G41: 177 | H41: 150 | I41: 170 | J41: 167.81 | K41: 169.13 | L41: 172.33 | M41: 148.06 | N41: 129.48 | O41: 134.12 | P41: 137.97 | Q41: 163.73 | R41: 214.65 | S41: 230 | T41: 285.6649
A42: Trinidad State Junior College | B42: 218 | C42: 192 | D42: 184 | E42: 183 | F42: 169 | G42: 171 | H42: 167 | I42: 162 | J42: 149.5 | K42: 137.87 | L42: 148.2 | M42: 144.38 | N42: 133.79 | O42: 147.78 | P42: 101.1 | Q42: 96.94 | R42: 112.71 | S42: 137 | T42: 170.21674
A43: Local District Colleges: | B43: =SUM(B44:B45) -> 432 | C43: =SUM(C44:C45) -> 517 | D43: =SUM(D44:D45) -> 614 | E43: =SUM(E44:E45) -> 693 | F43: =SUM(F44:F45) -> 682 | G43: =SUM(G44:G45) -> 712 | H43: =SUM(H44:H45) -> 796 | I43: =SUM(I44:I45) -> 912 | ... T43: =SUM(T44:T45) -> 724.37203
A44: Aims Community College | B44: 55 | C44: 60 | D44: 60 | E44: 60 | F44: 68 | G44: 90 | H44: 143 | I44: 276 | J44: 265.79 | K44: 236.15 | L44: 207.67 | M44: 158.74 | N44: 116.4 | O44: 136.04 | P44: 112.53 | Q44: 120.28 | R44: 105.927 | S44: 119 | T44: 115.22756
A45: Colorado Mountain College | B45: 377 | C45: 457 | D45: 554 | E45: 633 | F45: 614 | G45: 622 | H45: 653 | I45: 636 | J45: 540 | K45: 594 | L45: 542 | M45: 517 | N45: 531 | O45: 561 | P45: 542 | Q45: 561 | R45: 563 | S45: 623 | T45: 609.14447
A46: Governing Board Summary | B46: =SUM(B6,B11,B16,B18,B20,B22,B24,B26,B28,B29) -> 19629.5 | C46: =SUM(C6,C11,C16,C18,C20,C22,C24,C26,C28,C29) -> 20800.5 | D46: =SUM(D6,D11,D16,D18,D20,D22,D24,D26,D28,D29) -> 20877.3 | E46: =SUM(E6,E11,E16,E18,E20,E22,E24,E26,E28,E29) -> 20664.3 | F46: =SUM(F6,F11,F16,F18,F20,F22,F24,F26,F28,F29) -> 20935.1 | G46: =SUM(G6,G11,G16,G18,G20,G22,G24,G26,G28,G29) -> 20699.4 | H46: =SUM(H6,H11,H16,H18,H20,H22,H24,H26,H28,H29) -> 21038.2 | I46: =SUM(I6,I11,I16,I18,I20,I22,I24,I26,I28,I29) -> 21247.1 | ... T46: =SUM(T6,T11,T16,T18,T20,T22,T24,T26,T28,T29) -> 25864.458
A47: District Summary | B47: =SUM(B44:B45) -> 432 | C47: =SUM(C44:C45) -> 517 | D47: =SUM(D44:D45) -> 614 | E47: =SUM(E44:E45) -> 693 | F47: =SUM(F44:F45) -> 682 | G47: =SUM(G44:G45) -> 712 | H47: =SUM(H44:H45) -> 796 | I47: =SUM(I44:I45) -> 912 | ... T47: =SUM(T44:T45) -> 724.37203
A48: Public Summary | B48: =SUM(B46:B47) -> 20061.5 | C48: =SUM(C46:C47) -> 21317.5 | D48: =SUM(D46:D47) -> 21491.3 | E48: =SUM(E46:E47) -> 21357.3 | F48: =SUM(F46:F47) -> 21617.1 | G48: =SUM(G46:G47) -> 21411.4 | H48: =SUM(H46:H47) -> 21834.2 | I48: =SUM(I46:I47) -> 22159.1 | ... T48: =SUM(T46:T47) -> 26588.83

Sheet % Change Non-Resident FTE
A1: The Colorado Department of Higher Education
A2: Final FTE Student Enrollment Report
A4: Governing Board / Institutions | B4: Percentage Change in Non-Resident Student FTE
B5: FY 92 to FY 93 | C5: FY 93 to FY 94 | D5: FY 94 to FY 95 | E5: FY 95 to FY 96 | F5: FY 96 to FY 97 | G5: FY 97 to FY 98 | H5: FY 98 to FY 99 | I5: FY 99 to FY 00 | J5: FY 00 to 01 | K5: FY 01 to 02 | L5: FY 02 to 03 | M5: FY 03 to 04 | N5: FY 04 to 05 | O5: FY 05 to 06 | P5: FY 06 to 07 | Q5: FY 07 to 08 | R5: FY 08 to 09 | S5: FY 09 to 10
A6: Regents of the University of Colorado: | B6: =('Non-Resident FTE'!C6-'Non-Resident FTE'!B6)/'Non-Resident FTE'!B6 -> 0.030681543 | C6: =('Non-Resident FTE'!D6-'Non-Resident FTE'!C6)/'Non-Resident FTE'!C6 -> -0.034592305 | D6: =('Non-Resident FTE'!E6-'Non-Resident FTE'!D6)/'Non-Resident FTE'!D6 -> -0.045703839 | E6: =('Non-Resident FTE'!F6-'Non-Resident FTE'!E6)/'Non-Resident FTE'!E6 -> 0.025287356 | F6: =('Non-Resident FTE'!G6-'Non-Resident FTE'!F6)/'Non-Resident FTE'!F6 -> -0.014324863 | G6: =('Non-Resident FTE'!H6-'Non-Resident FTE'!G6)/'Non-Resident FTE'!G6 -> 0.034626564 | H6: =('Non-Resident FTE'!I6-'Non-Resident FTE'!H6)/'Non-Resident FTE'!H6 -> 0.024428973 | I6: =('Non-Resident FTE'!J6-'Non-Resident FTE'!I6)/'Non-Resident FTE'!I6 -> 0.012412066 | ... S6: =('Non-Resident FTE'!T6-'Non-Resident FTE'!S6)/'Non-Resident FTE'!S6 -> 0.054243874
A7: University of Colorado-Boulder | B7: =('Non-Resident FTE'!C7-'Non-Resident FTE'!B7)/'Non-Resident FTE'!B7 -> 0.023460808 | C7: =('Non-Resident FTE'!D7-'Non-Resident FTE'!C7)/'Non-Resident FTE'!C7 -> -0.049291109 | D7: =('Non-Resident FTE'!E7-'Non-Resident FTE'!D7)/'Non-Resident FTE'!D7 -> -0.054076655 | E7: =('Non-Resident FTE'!F7-'Non-Resident FTE'!E7)/'Non-Resident FTE'!E7 -> 0.015912774 | F7: =('Non-Resident FTE'!G7-'Non-Resident FTE'!F7)/'Non-Resident FTE'!F7 -> -0.021174764 | G7: =('Non-Resident FTE'!H7-'Non-Resident FTE'!G7)/'Non-Resident FTE'!G7 -> 0.030819381 | H7: =('Non-Resident FTE'!I7-'Non-Resident FTE'!H7)/'Non-Resident FTE'!H7 -> 0.035360069 | I7: =('Non-Resident FTE'!J7-'Non-Resident FTE'!I7)/'Non-Resident FTE'!I7 -> 0.0016659725 | ... S7: =('Non-Resident FTE'!T7-'Non-Resident FTE'!S7)/'Non-Resident FTE'!S7 -> 0.010153754
A8: University of Colorado-Colorado Springs | B8: =('Non-Resident FTE'!C8-'Non-Resident FTE'!B8)/'Non-Resident FTE'!B8 -> 0.12682927 | C8: =('Non-Resident FTE'!D8-'Non-Resident FTE'!C8)/'Non-Resident FTE'!C8 -> 0.069264069 | D8: =('Non-Resident FTE'!E8-'Non-Resident FTE'!D8)/'Non-Resident FTE'!D8 -> -0.028340081 | E8: =('Non-Resident FTE'!F8-'Non-Resident FTE'!E8)/'Non-Resident FTE'!E8 -> -0.033333333 | F8: =('Non-Resident FTE'!G8-'Non-Resident FTE'!F8)/'Non-Resident FTE'!F8 -> 0.051724138 | G8: =('Non-Resident FTE'!H8-'Non-Resident FTE'!G8)/'Non-Resident FTE'!G8 -> 0.29098361 | H8: =('Non-Resident FTE'!I8-'Non-Resident FTE'!H8)/'Non-Resident FTE'!H8 -> 0.095238095 | I8: =('Non-Resident FTE'!J8-'Non-Resident FTE'!I8)/'Non-Resident FTE'!I8 -> 0.062028986 | ... S8: =('Non-Resident FTE'!T8-'Non-Resident FTE'!S8)/'Non-Resident FTE'!S8 -> 0.046802182
A9: University of Colorado-Denver | B9: =('Non-Resident FTE'!C9-'Non-Resident FTE'!B9)/'Non-Resident FTE'!B9 -> 0.087470449 | C9: =('Non-Resident FTE'!D9-'Non-Resident FTE'!C9)/'Non-Resident FTE'!C9 -> 0.12173913 | D9: =('Non-Resident FTE'!E9-'Non-Resident FTE'!D9)/'Non-Resident FTE'!D9 -> 0.058139535 | E9: =('Non-Resident FTE'!F9-'Non-Resident FTE'!E9)/'Non-Resident FTE'!E9 -> 0.11904762 | F9: =('Non-Resident FTE'!G9-'Non-Resident FTE'!F9)/'Non-Resident FTE'!F9 -> 0.073649755 | G9: =('Non-Resident FTE'!H9-'Non-Resident FTE'!G9)/'Non-Resident FTE'!G9 -> 0.032012195 | H9: =('Non-Resident FTE'!I9-'Non-Resident FTE'!H9)/'Non-Resident FTE'!H9 -> -0.11078287 | I9: =('Non-Resident FTE'!J9-'Non-Resident FTE'!I9)/'Non-Resident FTE'!I9 -> 0.082890365 | ... S9: =('Non-Resident FTE'!T9-'Non-Resident FTE'!S9)/'Non-Resident FTE'!S9 -> 0.22854128
A10: University of Colorado-Health Sciences | B10: =('Non-Resident FTE'!C10-'Non-Resident FTE'!B10)/'Non-Resident FTE'!B10 -> 0.069672131 | C10: =('Non-Resident FTE'!D10-'Non-Resident FTE'!C10)/'Non-Resident FTE'!C10 -> 0.022988506 | D10: =('Non-Resident FTE'!E10-'Non-Resident FTE'!D10)/'Non-Resident FTE'!D10 -> -0.037453184 | E10: =('Non-Resident FTE'!F10-'Non-Resident FTE'!E10)/'Non-Resident FTE'!E10 -> 0.12840467 | F10: =('Non-Resident FTE'!G10-'Non-Resident FTE'!F10)/'Non-Resident FTE'!F10 -> -0.089655172 | G10: =('Non-Resident FTE'!H10-'Non-Resident FTE'!G10)/'Non-Resident FTE'!G10 -> -0.098484848 | H10: =('Non-Resident FTE'!I10-'Non-Resident FTE'!H10)/'Non-Resident FTE'!H10 -> -0.0042016807 | I10: =('Non-Resident FTE'!J10-'Non-Resident FTE'!I10)/'Non-Resident FTE'!I10 -> 0.087763713 | ... S10: =('Non-Resident FTE'!T10-'Non-Resident FTE'!S10)/'Non-Resident FTE'!S10 -> 0.51024197
A11: Board of Governors of Colorado State University System: | B11: =('Non-Resident FTE'!C11-'Non-Resident FTE'!B11)/'Non-Resident FTE'!B11 -> 0.030061892 | C11: =('Non-Resident FTE'!D11-'Non-Resident FTE'!C11)/'Non-Resident FTE'!C11 -> 0.039065331 | D11: =('Non-Resident FTE'!E11-'Non-Resident FTE'!D11)/'Non-Resident FTE'!D11 -> 0.0040386981 | E11: =('Non-Resident FTE'!F11-'Non-Resident FTE'!E11)/'Non-Resident FTE'!E11 -> 0.019892856 | F11: =('Non-Resident FTE'!G11-'Non-Resident FTE'!F11)/'Non-Resident FTE'!F11 -> -0.033111633 | G11: =('Non-Resident FTE'!H11-'Non-Resident FTE'!G11)/'Non-Resident FTE'!G11 -> -0.0061556717 | H11: =('Non-Resident FTE'!I11-'Non-Resident FTE'!H11)/'Non-Resident FTE'!H11 -> -0.01251819 | I11: =('Non-Resident FTE'!J11-'Non-Resident FTE'!I11)/'Non-Resident FTE'!I11 -> -0.0015170694 | ... S11: =('Non-Resident FTE'!T11-'Non-Resident FTE'!S11)/'Non-Resident FTE'!S11 -> 0.02087755
A12: Colorado State University-Education & General | B12: =('Non-Resident FTE'!C12-'Non-Resident FTE'!B12)/'Non-Resident FTE'!B12 -> 0.027215475 | C12: =('Non-Resident FTE'!D12-'Non-Resident FTE'!C12)/'Non-Resident FTE'!C12 -> 0.016422159 | D12: =('Non-Resident FTE'!E12-'Non-Resident FTE'!D12)/'Non-Resident FTE'!D12 -> -0.005601034 | E12: =('Non-Resident FTE'!F12-'Non-Resident FTE'!E12)/'Non-Resident FTE'!E12 -> 0.015814558 | F12: =('Non-Resident FTE'!G12-'Non-Resident FTE'!F12)/'Non-Resident FTE'!F12 -> -0.038174451 | G12: =('Non-Resident FTE'!H12-'Non-Resident FTE'!G12)/'Non-Resident FTE'!G12 -> -0.0095343681 | H12: =('Non-Resident FTE'!I12-'Non-Resident FTE'!H12)/'Non-Resident FTE'!H12 -> -0.0060443251 | I12: =('Non-Resident FTE'!J12-'Non-Resident FTE'!I12)/'Non-Resident FTE'!I12 -> -0.0020045045 | ... S12: =('Non-Resident FTE'!T12-'Non-Resident FTE'!S12)/'Non-Resident FTE'!S12 -> 0.0042464123
A13: Colorado State University-Professional Veterinary Medicine | B13: =('Non-Resident FTE'!C13-'Non-Resident FTE'!B13)/'Non-Resident FTE'!B13 -> -0.013495277 | C13: =('Non-Resident FTE'!D13-'Non-Resident FTE'!C13)/'Non-Resident FTE'!C13 -> 0.087004104 | D13: =('Non-Resident FTE'!E13-'Non-Resident FTE'!D13)/'Non-Resident FTE'!D13 -> -0.015101938 | E13: =('Non-Resident FTE'!F13-'Non-Resident FTE'!E13)/'Non-Resident FTE'!E13 -> 0.0046000511 | F13: =('Non-Resident FTE'!G13-'Non-Resident FTE'!F13)/'Non-Resident FTE'!F13 -> 0.016026456 | G13: =('Non-Resident FTE'!H13-'Non-Resident FTE'!G13)/'Non-Resident FTE'!G13 -> -0.058087131 | H13: =('Non-Resident FTE'!I13-'Non-Resident FTE'!H13)/'Non-Resident FTE'!H13 -> -0.050770867 | I13: =('Non-Resident FTE'!J13-'Non-Resident FTE'!I13)/'Non-Resident FTE'!I13 -> -0.068328199 | ... S13: =('Non-Resident FTE'!T13-'Non-Resident FTE'!S13)/'Non-Resident FTE'!S13 -> 0.083825301
A14: Colorado State University - Pueblo | B14: =('Non-Resident FTE'!C14-'Non-Resident FTE'!B14)/'Non-Resident FTE'!B14 -> 0.13553114 | C14: =('Non-Resident FTE'!D14-'Non-Resident FTE'!C14)/'Non-Resident FTE'!C14 -> 0.31612903 | D14: =('Non-Resident FTE'!E14-'Non-Resident FTE'!D14)/'Non-Resident FTE'!D14 -> 0.13235294 | E14: =('Non-Resident FTE'!F14-'Non-Resident FTE'!E14)/'Non-Resident FTE'!E14 -> 0.073593074 | F14: =('Non-Resident FTE'!G14-'Non-Resident FTE'!F14)/'Non-Resident FTE'!F14 -> -0.024193548 | G14: =('Non-Resident FTE'!H14-'Non-Resident FTE'!G14)/'Non-Resident FTE'!G14 -> 0.068181818 | H14: =('Non-Resident FTE'!I14-'Non-Resident FTE'!H14)/'Non-Resident FTE'!H14 -> -0.040618956 | I14: =('Non-Resident FTE'!J14-'Non-Resident FTE'!I14)/'Non-Resident FTE'!I14 -> 0.050947581 | ... S14: =('Non-Resident FTE'!T14-'Non-Resident FTE'!S14)/'Non-Resident FTE'!S14 -> 0.14289948
A15: Trustees of Fort Lewis College:
A16: Fort Lewis College | B16: =('Non-Resident FTE'!C16-'Non-Resident FTE'!B16)/'Non-Resident FTE'!B16 -> 0.1544196 | C16: =('Non-Resident FTE'!D16-'Non-Resident FTE'!C16)/'Non-Resident FTE'!C16 -> 0.10055351 | D16: =('Non-Resident FTE'!E16-'Non-Resident FTE'!D16)/'Non-Resident FTE'!D16 -> -0.0092204526 | E16: =('Non-Resident FTE'!F16-'Non-Resident FTE'!E16)/'Non-Resident FTE'!E16 -> 0.027918782 | F16: =('Non-Resident FTE'!G16-'Non-Resident FTE'!F16)/'Non-Resident FTE'!F16 -> 0.032921811 | G16: =('Non-Resident FTE'!H16-'Non-Resident FTE'!G16)/'Non-Resident FTE'!G16 -> 0.036653386 | H16: =('Non-Resident FTE'!I16-'Non-Resident FTE'!H16)/'Non-Resident FTE'!H16 -> -0.004611837 | I16: =('Non-Resident FTE'!J16-'Non-Resident FTE'!I16)/'Non-Resident FTE'!I16 -> 0.067181467 | ... S16: =('Non-Resident FTE'!T16-'Non-Resident FTE'!S16)/'Non-Resident FTE'!S16 -> -0.01152645
A17: Trustees of Colorado School of Mines:
A18: Colorado School of Mines | B18: =('Non-Resident FTE'!C18-'Non-Resident FTE'!B18)/'Non-Resident FTE'!B18 -> 0.14216867 | C18: =('Non-Resident FTE'!D18-'Non-Resident FTE'!C18)/'Non-Resident FTE'!C18 -> 0.079113924 | D18: =('Non-Resident FTE'!E18-'Non-Resident FTE'!D18)/'Non-Resident FTE'!D18 -> 0.027370479 | E18: =('Non-Resident FTE'!F18-'Non-Resident FTE'!E18)/'Non-Resident FTE'!E18 -> 0.015223597 | F18: =('Non-Resident FTE'!G18-'Non-Resident FTE'!F18)/'Non-Resident FTE'!F18 -> 0.014058107 | G18: =('Non-Resident FTE'!H18-'Non-Resident FTE'!G18)/'Non-Resident FTE'!G18 -> -0.036044362 | H18: =('Non-Resident FTE'!I18-'Non-Resident FTE'!H18)/'Non-Resident FTE'!H18 -> -0.070949185 | I18: =('Non-Resident FTE'!J18-'Non-Resident FTE'!I18)/'Non-Resident FTE'!I18 -> -0.037358101 | ... S18: =('Non-Resident FTE'!T18-'Non-Resident FTE'!S18)/'Non-Resident FTE'!S18 -> 0.10579447
A19: Board of Trustees University of Northern Colorado:
A20: University of Northern Colorado | B20: =('Non-Resident FTE'!C20-'Non-Resident FTE'!B20)/'Non-Resident FTE'!B20 -> 0 | C20: =('Non-Resident FTE'!D20-'Non-Resident FTE'!C20)/'Non-Resident FTE'!C20 -> 0.034123223 | D20: =('Non-Resident FTE'!E20-'Non-Resident FTE'!D20)/'Non-Resident FTE'!D20 -> -0.011915674 | E20: =('Non-Resident FTE'!F20-'Non-Resident FTE'!E20)/'Non-Resident FTE'!E20 -> 0.067717996 | F20: =('Non-Resident FTE'!G20-'Non-Resident FTE'!F20)/'Non-Resident FTE'!F20 -> 0.058210252 | G20: =('Non-Resident FTE'!H20-'Non-Resident FTE'!G20)/'Non-Resident FTE'!G20 -> 0.070607553 | H20: =('Non-Resident FTE'!I20-'Non-Resident FTE'!H20)/'Non-Resident FTE'!H20 -> 0.029907975 | I20: =('Non-Resident FTE'!J20-'Non-Resident FTE'!I20)/'Non-Resident FTE'!I20 -> -0.02820551 | ... S20: =('Non-Resident FTE'!T20-'Non-Resident FTE'!S20)/'Non-Resident FTE'!S20 -> 0.0065321173
A21: Trustees of Adams State College:
A22: Adams State College | B22: =('Non-Resident FTE'!C22-'Non-Resident FTE'!B22)/'Non-Resident FTE'!B22 -> -0.068888889 | C22: =('Non-Resident FTE'!D22-'Non-Resident FTE'!C22)/'Non-Resident FTE'!C22 -> -0.0071599045 | D22: =('Non-Resident FTE'!E22-'Non-Resident FTE'!D22)/'Non-Resident FTE'!D22 -> 0.045673077 | E22: =('Non-Resident FTE'!F22-'Non-Resident FTE'!E22)/'Non-Resident FTE'!E22 -> 0.013793103 | F22: =('Non-Resident FTE'!G22-'Non-Resident FTE'!F22)/'Non-Resident FTE'!F22 -> -0.034013605 | G22: =('Non-Resident FTE'!H22-'Non-Resident FTE'!G22)/'Non-Resident FTE'!G22 -> -0.11032864 | H22: =('Non-Resident FTE'!I22-'Non-Resident FTE'!H22)/'Non-Resident FTE'!H22 -> -0.029023747 | I22: =('Non-Resident FTE'!J22-'Non-Resident FTE'!I22)/'Non-Resident FTE'!I22 -> 0 | ... S22: =('Non-Resident FTE'!T22-'Non-Resident FTE'!S22)/'Non-Resident FTE'!S22 -> 0.13205045
A23: Trustees of Mesa State College:
A24: Mesa State College | B24: =('Non-Resident FTE'!C24-'Non-Resident FTE'!B24)/'Non-Resident FTE'!B24 -> 0.24701195 | C24: =('Non-Resident FTE'!D24-'Non-Resident FTE'!C24)/'Non-Resident FTE'!C24 -> 0.12460064 | D24: =('Non-Resident FTE'!E24-'Non-Resident FTE'!D24)/'Non-Resident FTE'!D24 -> 0.13352273 | E24: =('Non-Resident FTE'!F24-'Non-Resident FTE'!E24)/'Non-Resident FTE'!E24 -> 0.032581454 | F24: =('Non-Resident FTE'!G24-'Non-Resident FTE'!F24)/'Non-Resident FTE'!F24 -> -0.014563107 | G24: =('Non-Resident FTE'!H24-'Non-Resident FTE'!G24)/'Non-Resident FTE'!G24 -> 0.039408867 | H24: =('Non-Resident FTE'!I24-'Non-Resident FTE'!H24)/'Non-Resident FTE'!H24 -> -0.028436019 | I24: =('Non-Resident FTE'!J24-'Non-Resident FTE'!I24)/'Non-Resident FTE'!I24 -> 0.06902439 | ... S24: =('Non-Resident FTE'!T24-'Non-Resident FTE'!S24)/'Non-Resident FTE'!S24 -> 0.2035267
A25: Trustees of Metropolitan State College:
A26: Metropolitan State College of Denver | B26: =('Non-Resident FTE'!C26-'Non-Resident FTE'!B26)/'Non-Resident FTE'!B26 -> -0.017492711 | C26: =('Non-Resident FTE'!D26-'Non-Resident FTE'!C26)/'Non-Resident FTE'!C26 -> -0.077151335 | D26: =('Non-Resident FTE'!E26-'Non-Resident FTE'!D26)/'Non-Resident FTE'!D26 -> 0.038585209 | E26: =('Non-Resident FTE'!F26-'Non-Resident FTE'!E26)/'Non-Resident FTE'!E26 -> -0.0092879257 | F26: =('Non-Resident FTE'!G26-'Non-Resident FTE'!F26)/'Non-Resident FTE'!F26 -> 0.121875 | G26: =('Non-Resident FTE'!H26-'Non-Resident FTE'!G26)/'Non-Resident FTE'!G26 -> 0.086350975 | H26: =('Non-Resident FTE'!I26-'Non-Resident FTE'!H26)/'Non-Resident FTE'!H26 -> 0.046153846 | I26: =('Non-Resident FTE'!J26-'Non-Resident FTE'!I26)/'Non-Resident FTE'!I26 -> 0.045343137 | ... S26: =('Non-Resident FTE'!T26-'Non-Resident FTE'!S26)/'Non-Resident FTE'!S26 -> -0.0029398521
A27: Trustees of Western State College:
A28: Western State College | B28: =('Non-Resident FTE'!C28-'Non-Resident FTE'!B28)/'Non-Resident FTE'!B28 -> 0.09517601 | C28: =('Non-Resident FTE'!D28-'Non-Resident FTE'!C28)/'Non-Resident FTE'!C28 -> -0.09047619 | D28: =('Non-Resident FTE'!E28-'Non-Resident FTE'!D28)/'Non-Resident FTE'!D28 -> -0.02617801 | E28: =('Non-Resident FTE'!F28-'Non-Resident FTE'!E28)/'Non-Resident FTE'!E28 -> 0.029569892 | F28: =('Non-Resident FTE'!G28-'Non-Resident FTE'!F28)/'Non-Resident FTE'!F28 -> -0.014360313 | G28: =('Non-Resident FTE'!H28-'Non-Resident FTE'!G28)/'Non-Resident FTE'!G28 -> -0.01192053 | H28: =('Non-Resident FTE'!I28-'Non-Resident FTE'!H28)/'Non-Resident FTE'!H28 -> -0.065683646 | I28: =('Non-Resident FTE'!J28-'Non-Resident FTE'!I28)/'Non-Resident FTE'!I28 -> -0.024246772 | ... S28: =('Non-Resident FTE'!T28-'Non-Resident FTE'!S28)/'Non-Resident FTE'!S28 -> 0.012402057
A29: Community Colleges of Colorado: | B29: =('Non-Resident FTE'!C29-'Non-Resident FTE'!B29)/'Non-Resident FTE'!B29 -> 0.24352019 | C29: =('Non-Resident FTE'!D29-'Non-Resident FTE'!C29)/'Non-Resident FTE'!C29 -> 0.0058167717 | D29: =('Non-Resident FTE'!E29-'Non-Resident FTE'!D29)/'Non-Resident FTE'!D29 -> 0.037590361 | E29: =('Non-Resident FTE'!F29-'Non-Resident FTE'!E29)/'Non-Resident FTE'!E29 -> -0.091035764 | F29: =('Non-Resident FTE'!G29-'Non-Resident FTE'!F29)/'Non-Resident FTE'!F29 -> -0.033214103 | G29: =('Non-Resident FTE'!H29-'Non-Resident FTE'!G29)/'Non-Resident FTE'!G29 -> 0.0073995772 | H29: =('Non-Resident FTE'!I29-'Non-Resident FTE'!H29)/'Non-Resident FTE'!H29 -> 0.089716684 | I29: =('Non-Resident FTE'!J29-'Non-Resident FTE'!I29)/'Non-Resident FTE'!I29 -> -0.038825229 | ... S29: =('Non-Resident FTE'!T29-'Non-Resident FTE'!S29)/'Non-Resident FTE'!S29 -> 0.2900559
A30: Arapahoe Community College | B30: =('Non-Resident FTE'!C30-'Non-Resident FTE'!B30)/'Non-Resident FTE'!B30 -> 0.19354839 | C30: =('Non-Resident FTE'!D30-'Non-Resident FTE'!C30)/'Non-Resident FTE'!C30 -> -0.060810811 | D30: =('Non-Resident FTE'!E30-'Non-Resident FTE'!D30)/'Non-Resident FTE'!D30 -> 0.050359712 | E30: =('Non-Resident FTE'!F30-'Non-Resident FTE'!E30)/'Non-Resident FTE'!E30 -> -0.17808219 | F30: =('Non-Resident FTE'!G30-'Non-Resident FTE'!F30)/'Non-Resident FTE'!F30 -> 0.12083333 | G30: =('Non-Resident FTE'!H30-'Non-Resident FTE'!G30)/'Non-Resident FTE'!G30 -> 0.11895911 | H30: =('Non-Resident FTE'!I30-'Non-Resident FTE'!H30)/'Non-Resident FTE'!H30 -> 0.24916944 | I30: =('Non-Resident FTE'!J30-'Non-Resident FTE'!I30)/'Non-Resident FTE'!I30 -> -0.13590426 | ... S30: =('Non-Resident FTE'!T30-'Non-Resident FTE'!S30)/'Non-Resident FTE'!S30 -> 0.13968416
A31: Colorado Northwestern Community College | B31: =('Non-Resident FTE'!C31-'Non-Resident FTE'!B31)/'Non-Resident FTE'!B31 -> 0.49367089 | C31: =('Non-Resident FTE'!D31-'Non-Resident FTE'!C31)/'Non-Resident FTE'!C31 -> 0.06779661 | D31: =('Non-Resident FTE'!E31-'Non-Resident FTE'!D31)/'Non-Resident FTE'!D31 -> -0.063492063 | E31: =('Non-Resident FTE'!F31-'Non-Resident FTE'!E31)/'Non-Resident FTE'!E31 -> -0.016949153 | F31: =('Non-Resident FTE'!G31-'Non-Resident FTE'!F31)/'Non-Resident FTE'!F31 -> -0.12931034 | G31: =('Non-Resident FTE'!H31-'Non-Resident FTE'!G31)/'Non-Resident FTE'!G31 -> -0.02970297 | H31: =('Non-Resident FTE'!I31-'Non-Resident FTE'!H31)/'Non-Resident FTE'!H31 -> -0.13265306 | I31: =('Non-Resident FTE'!J31-'Non-Resident FTE'!I31)/'Non-Resident FTE'!I31 -> -0.069647059 | ... S31: =('Non-Resident FTE'!T31-'Non-Resident FTE'!S31)/'Non-Resident FTE'!S31 -> 0.095333129
A32: Community College of Aurora | B32: =('Non-Resident FTE'!C32-'Non-Resident FTE'!B32)/'Non-Resident FTE'!B32 -> -0.16326531 | C32: =('Non-Resident FTE'!D32-'Non-Resident FTE'!C32)/'Non-Resident FTE'!C32 -> 0.073170732 | D32: =('Non-Resident FTE'!E32-'Non-Resident FTE'!D32)/'Non-Resident FTE'!D32 -> 0.54545455 | E32: =('Non-Resident FTE'!F32-'Non-Resident FTE'!E32)/'Non-Resident FTE'!E32 -> -0.11764706 | F32: =('Non-Resident FTE'!G32-'Non-Resident FTE'!F32)/'Non-Resident FTE'!F32 -> -0.13333333 | G32: =('Non-Resident FTE'!H32-'Non-Resident FTE'!G32)/'Non-Resident FTE'!G32 -> 0.057692308 | H32: =('Non-Resident FTE'!I32-'Non-Resident FTE'!H32)/'Non-Resident FTE'!H32 -> 0.50909091 | I32: =('Non-Resident FTE'!J32-'Non-Resident FTE'!I32)/'Non-Resident FTE'!I32 -> 0.017108434 | ... S32: =('Non-Resident FTE'!T32-'Non-Resident FTE'!S32)/'Non-Resident FTE'!S32 -> 0.1743079
A33: Community College of Denver | B33: =('Non-Resident FTE'!C33-'Non-Resident FTE'!B33)/'Non-Resident FTE'!B33 -> 0.54716981 | C33: =('Non-Resident FTE'!D33-'Non-Resident FTE'!C33)/'Non-Resident FTE'!C33 -> -0.032520325 | D33: =('Non-Resident FTE'!E33-'Non-Resident FTE'!D33)/'Non-Resident FTE'!D33 -> 0.06302521 | E33: =('Non-Resident FTE'!F33-'Non-Resident FTE'!E33)/'Non-Resident FTE'!E33 -> -0.0039525692 | F33: =('Non-Resident FTE'!G33-'Non-Resident FTE'!F33)/'Non-Resident FTE'!F33 -> 0.0079365079 | G33: =('Non-Resident FTE'!H33-'Non-Resident FTE'!G33)/'Non-Resident FTE'!G33 -> -0.066929134 | H33: =('Non-Resident FTE'!I33-'Non-Resident FTE'!H33)/'Non-Resident FTE'!H33 -> 0.075949367 | I33: =('Non-Resident FTE'!J33-'Non-Resident FTE'!I33)/'Non-Resident FTE'!I33 -> 0.035921569 | ... S33: =('Non-Resident FTE'!T33-'Non-Resident FTE'!S33)/'Non-Resident FTE'!S33 -> 0.40870767
A34: Front Range Community College | B34: =('Non-Resident FTE'!C34-'Non-Resident FTE'!B34)/'Non-Resident FTE'!B34 -> 0.31493506 | C34: =('Non-Resident FTE'!D34-'Non-Resident FTE'!C34)/'Non-Resident FTE'!C34 -> 0.041975309 | D34: =('Non-Resident FTE'!E34-'Non-Resident FTE'!D34)/'Non-Resident FTE'!D34 -> 0.028436019 | E34: =('Non-Resident FTE'!F34-'Non-Resident FTE'!E34)/'Non-Resident FTE'!E34 -> -0.059907834 | F34: =('Non-Resident FTE'!G34-'Non-Resident FTE'!F34)/'Non-Resident FTE'!F34 -> -0.044117647 | G34: =('Non-Resident FTE'!H34-'Non-Resident FTE'!G34)/'Non-Resident FTE'!G34 -> 0.11282051 | H34: =('Non-Resident FTE'!I34-'Non-Resident FTE'!H34)/'Non-Resident FTE'!H34 -> 0.046082949 | I34: =('Non-Resident FTE'!J34-'Non-Resident FTE'!I34)/'Non-Resident FTE'!I34 -> 0.060770925 | J34: =('Non-Resident FTE'!K34-'Non-Resident FTE'!J34)/'Non-Resident FTE'!J34 -> -0.18260346 | K34: 0.03 | L34: 0.133 | M34: =('Non-Resident FTE'!N34-'Non-Resident FTE'!M34)/'Non-Resident FTE'!M34 -> 0.19060149 | N34: =('Non-Resident FTE'!O34-'Non-Resident FTE'!N34)/'Non-Resident FTE'!N34 -> 0.079578455 | O34: =('Non-Resident FTE'!P34-'Non-Resident FTE'!O34)/'Non-Resident FTE'!O34 -> -0.039385532 | P34: =('Non-Resident FTE'!Q34-'Non-Resident FTE'!P34)/'Non-Resident FTE'!P34 -> 0.18228249 | Q34: =('Non-Resident FTE'!R34-'Non-Resident FTE'!Q34)/'Non-Resident FTE'!Q34 -> 0.084462982 | R34: =('Non-Resident FTE'!S34-'Non-Resident FTE'!R34)/'Non-Resident FTE'!R34 -> 0.028846154 | S34: =('Non-Resident FTE'!T34-'Non-Resident FTE'!S34)/'Non-Resident FTE'!S34 -> 0.2208781
A35: Lamar Community College | B35: =('Non-Resident FTE'!C35-'Non-Resident FTE'!B35)/'Non-Resident FTE'!B35 -> 0.23529412 | C35: =('Non-Resident FTE'!D35-'Non-Resident FTE'!C35)/'Non-Resident FTE'!C35 -> 0.15873016 | D35: =('Non-Resident FTE'!E35-'Non-Resident FTE'!D35)/'Non-Resident FTE'!D35 -> 0 | E35: =('Non-Resident FTE'!F35-'Non-Resident FTE'!E35)/'Non-Resident FTE'!E35 -> 0.15068493 | F35: =('Non-Resident FTE'!G35-'Non-Resident FTE'!F35)/'Non-Resident FTE'!F35 -> -0.083333333 | G35: =('Non-Resident FTE'!H35-'Non-Resident FTE'!G35)/'Non-Resident FTE'!G35 -> 0.35064935 | H35: =('Non-Resident FTE'!I35-'Non-Resident FTE'!H35)/'Non-Resident FTE'!H35 -> -0.076923077 | I35: =('Non-Resident FTE'!J35-'Non-Resident FTE'!I35)/'Non-Resident FTE'!I35 -> -0.38270833 | ... S35: =('Non-Resident FTE'!T35-'Non-Resident FTE'!S35)/'Non-Resident FTE'!S35 -> 0.19842362
A36: Morgan Community College | B36: =('Non-Resident FTE'!C36-'Non-Resident FTE'!B36)/'Non-Resident FTE'!B36 -> 1.5 | C36: =('Non-Resident FTE'!D36-'Non-Resident FTE'!C36)/'Non-Resident FTE'!C36 -> -0.13333333 | D36: =('Non-Resident FTE'!E36-'Non-Resident FTE'!D36)/'Non-Resident FTE'!D36 -> -0.48717949 | E36: =('Non-Resident FTE'!F36-'Non-Resident FTE'!E36)/'Non-Resident FTE'!E36 -> 0.25 | F36: =('Non-Resident FTE'!G36-'Non-Resident FTE'!F36)/'Non-Resident FTE'!F36 -> -0.48 | G36: =('Non-Resident FTE'!H36-'Non-Resident FTE'!G36)/'Non-Resident FTE'!G36 -> 0.38461538 | H36: =('Non-Resident FTE'!I36-'Non-Resident FTE'!H36)/'Non-Resident FTE'!H36 -> -0.11111111 | I36: 0.183 | J36: =('Non-Resident FTE'!K36-'Non-Resident FTE'!J36)/'Non-Resident FTE'!J36 -> -0.13108946 | K36: =('Non-Resident FTE'!L36-'Non-Resident FTE'!K36)/'Non-Resident FTE'!K36 -> -0.15392457 | L36: =('Non-Resident FTE'!M36-'Non-Resident FTE'!L36)/'Non-Resident FTE'!L36 -> -0.31927711 | M36: =('Non-Resident FTE'!N36-'Non-Resident FTE'!M36)/'Non-Resident FTE'!M36 -> -0.15929204 | N36: =('Non-Resident FTE'!O36-'Non-Resident FTE'!N36)/'Non-Resident FTE'!N36 -> 2.8631579 | O36: =('Non-Resident FTE'!P36-'Non-Resident FTE'!O36)/'Non-Resident FTE'!O36 -> 0.96730245 | P36: =('Non-Resident FTE'!Q36-'Non-Resident FTE'!P36)/'Non-Resident FTE'!P36 -> 0.065927978 | Q36: =('Non-Resident FTE'!R36-'Non-Resident FTE'!Q36)/'Non-Resident FTE'!Q36 -> -0.22115385 | ... S36: =('Non-Resident FTE'!T36-'Non-Resident FTE'!S36)/'Non-Resident FTE'!S36 -> 0.059403033
A37: Northeastern Junior College | B37: =('Non-Resident FTE'!C37-'Non-Resident FTE'!B37)/'Non-Resident FTE'!B37 -> 0.18823529 | C37: =('Non-Resident FTE'!D37-'Non-Resident FTE'!C37)/'Non-Resident FTE'!C37 -> -0.22772277 | D37: =('Non-Resident FTE'!E37-'Non-Resident FTE'!D37)/'Non-Resident FTE'!D37 -> -0.051282051 | E37: =('Non-Resident FTE'!F37-'Non-Resident FTE'!E37)/'Non-Resident FTE'!E37 -> 0.054054054 | F37: =('Non-Resident FTE'!G37-'Non-Resident FTE'!F37)/'Non-Resident FTE'!F37 -> 0.71794872 | G37: =('Non-Resident FTE'!H37-'Non-Resident FTE'!G37)/'Non-Resident FTE'!G37 -> -0.44029851 | H37: =('Non-Resident FTE'!I37-'Non-Resident FTE'!H37)/'Non-Resident FTE'!H37 -> 0.053333333 | I37: =('Non-Resident FTE'!J37-'Non-Resident FTE'!I37)/'Non-Resident FTE'!I37 -> -0.067721519 | ... S37: =('Non-Resident FTE'!T37-'Non-Resident FTE'!S37)/'Non-Resident FTE'!S37 -> 0.032724075
A38: Otero Junior College | B38: =('Non-Resident FTE'!C38-'Non-Resident FTE'!B38)/'Non-Resident FTE'!B38 -> 0.016666667 | C38: =('Non-Resident FTE'!D38-'Non-Resident FTE'!C38)/'Non-Resident FTE'!C38 -> -0.18032787 | D38: =('Non-Resident FTE'!E38-'Non-Resident FTE'!D38)/'Non-Resident FTE'!D38 -> 0.04 | E38: =('Non-Resident FTE'!F38-'Non-Resident FTE'!E38)/'Non-Resident FTE'!E38 -> -0.23076923 | F38: =('Non-Resident FTE'!G38-'Non-Resident FTE'!F38)/'Non-Resident FTE'!F38 -> -0.2 | G38: =('Non-Resident FTE'!H38-'Non-Resident FTE'!G38)/'Non-Resident FTE'!G38 -> -0.40625 | H38: =('Non-Resident FTE'!I38-'Non-Resident FTE'!H38)/'Non-Resident FTE'!H38 -> 0 | I38: =('Non-Resident FTE'!J38-'Non-Resident FTE'!I38)/'Non-Resident FTE'!I38 -> 0.33526316 | ... S38: =('Non-Resident FTE'!T38-'Non-Resident FTE'!S38)/'Non-Resident FTE'!S38 -> -0.014480503
A39: Pikes Peak Community College | B39: =('Non-Resident FTE'!C39-'Non-Resident FTE'!B39)/'Non-Resident FTE'!B39 -> 0.29007634 | C39: =('Non-Resident FTE'!D39-'Non-Resident FTE'!C39)/'Non-Resident FTE'!C39 -> -0.1183432 | D39: =('Non-Resident FTE'!E39-'Non-Resident FTE'!D39)/'Non-Resident FTE'!D39 -> -0.18791946 | E39: =('Non-Resident FTE'!F39-'Non-Resident FTE'!E39)/'Non-Resident FTE'!E39 -> 0.024793388 | F39: =('Non-Resident FTE'!G39-'Non-Resident FTE'!F39)/'Non-Resident FTE'!F39 -> 0.14516129 | G39: =('Non-Resident FTE'!H39-'Non-Resident FTE'!G39)/'Non-Resident FTE'!G39 -> 0.035211268 | H39: =('Non-Resident FTE'!I39-'Non-Resident FTE'!H39)/'Non-Resident FTE'!H39 -> -0.2244898 | I39: =('Non-Resident FTE'!J39-'Non-Resident FTE'!I39)/'Non-Resident FTE'!I39 -> 0.038596491 | ... S39: =('Non-Resident FTE'!T39-'Non-Resident FTE'!S39)/'Non-Resident FTE'!S39 -> 0.5680056
A40: Pueblo Community College | B40: =('Non-Resident FTE'!C40-'Non-Resident FTE'!B40)/'Non-Resident FTE'!B40 -> 0.066666667 | C40: =('Non-Resident FTE'!D40-'Non-Resident FTE'!C40)/'Non-Resident FTE'!C40 -> 0.083333333 | D40: =('Non-Resident FTE'!E40-'Non-Resident FTE'!D40)/'Non-Resident FTE'!D40 -> 0.13461538 | E40: =('Non-Resident FTE'!F40-'Non-Resident FTE'!E40)/'Non-Resident FTE'!E40 -> 0.25423729 | F40: =('Non-Resident FTE'!G40-'Non-Resident FTE'!F40)/'Non-Resident FTE'!F40 -> 0.081081081 | G40: =('Non-Resident FTE'!H40-'Non-Resident FTE'!G40)/'Non-Resident FTE'!G40 -> 0.2625 | H40: =('Non-Resident FTE'!I40-'Non-Resident FTE'!H40)/'Non-Resident FTE'!H40 -> 0.66336634 | I40: =('Non-Resident FTE'!J40-'Non-Resident FTE'!I40)/'Non-Resident FTE'!I40 -> -0.065892857 | ... S40: =('Non-Resident FTE'!T40-'Non-Resident FTE'!S40)/'Non-Resident FTE'!S40 -> 0.41258892
A41: Red Rocks Community College | B41: =('Non-Resident FTE'!C41-'Non-Resident FTE'!B41)/'Non-Resident FTE'!B41 -> 0.33653846 | C41: =('Non-Resident FTE'!D41-'Non-Resident FTE'!C41)/'Non-Resident FTE'!C41 -> 0.23021583 | D41: =('Non-Resident FTE'!E41-'Non-Resident FTE'!D41)/'Non-Resident FTE'!D41 -> 0.1871345 | E41: =('Non-Resident FTE'!F41-'Non-Resident FTE'!E41)/'Non-Resident FTE'!E41 -> -0.29310345 | F41: =('Non-Resident FTE'!G41-'Non-Resident FTE'!F41)/'Non-Resident FTE'!F41 -> -0.38327526 | G41: =('Non-Resident FTE'!H41-'Non-Resident FTE'!G41)/'Non-Resident FTE'!G41 -> -0.15254237 | H41: =('Non-Resident FTE'!I41-'Non-Resident FTE'!H41)/'Non-Resident FTE'!H41 -> 0.13333333 | I41: =('Non-Resident FTE'!J41-'Non-Resident FTE'!I41)/'Non-Resident FTE'!I41 -> -0.012882353 | ... S41: =('Non-Resident FTE'!T41-'Non-Resident FTE'!S41)/'Non-Resident FTE'!S41 -> 0.24202131
A42: Trinidad State Junior College | B42: =('Non-Resident FTE'!C42-'Non-Resident FTE'!B42)/'Non-Resident FTE'!B42 -> -0.11926606 | C42: =('Non-Resident FTE'!D42-'Non-Resident FTE'!C42)/'Non-Resident FTE'!C42 -> -0.041666667 | D42: =('Non-Resident FTE'!E42-'Non-Resident FTE'!D42)/'Non-Resident FTE'!D42 -> -0.0054347826 | E42: =('Non-Resident FTE'!F42-'Non-Resident FTE'!E42)/'Non-Resident FTE'!E42 -> -0.076502732 | F42: =('Non-Resident FTE'!G42-'Non-Resident FTE'!F42)/'Non-Resident FTE'!F42 -> 0.01183432 | G42: =('Non-Resident FTE'!H42-'Non-Resident FTE'!G42)/'Non-Resident FTE'!G42 -> -0.023391813 | H42: =('Non-Resident FTE'!I42-'Non-Resident FTE'!H42)/'Non-Resident FTE'!H42 -> -0.02994012 | I42: =('Non-Resident FTE'!J42-'Non-Resident FTE'!I42)/'Non-Resident FTE'!I42 -> -0.077160494 | ... S42: =('Non-Resident FTE'!T42-'Non-Resident FTE'!S42)/'Non-Resident FTE'!S42 -> 0.24245799
A43: Local District Colleges: | B43: =('Non-Resident FTE'!C43-'Non-Resident FTE'!B43)/'Non-Resident FTE'!B43 -> 0.19675926 | C43: =('Non-Resident FTE'!D43-'Non-Resident FTE'!C43)/'Non-Resident FTE'!C43 -> 0.18762089 | D43: =('Non-Resident FTE'!E43-'Non-Resident FTE'!D43)/'Non-Resident FTE'!D43 -> 0.1286645 | E43: =('Non-Resident FTE'!F43-'Non-Resident FTE'!E43)/'Non-Resident FTE'!E43 -> -0.015873016 | F43: =('Non-Resident FTE'!G43-'Non-Resident FTE'!F43)/'Non-Resident FTE'!F43 -> 0.04398827 | G43: =('Non-Resident FTE'!H43-'Non-Resident FTE'!G43)/'Non-Resident FTE'!G43 -> 0.11797753 | H43: =('Non-Resident FTE'!I43-'Non-Resident FTE'!H43)/'Non-Resident FTE'!H43 -> 0.14572864 | I43: =('Non-Resident FTE'!J43-'Non-Resident FTE'!I43)/'Non-Resident FTE'!I43 -> -0.11645833 | ... S43: =('Non-Resident FTE'!T43-'Non-Resident FTE'!S43)/'Non-Resident FTE'!S43 -> -0.023757369
A44: Aims Community College | B44: =('Non-Resident FTE'!C44-'Non-Resident FTE'!B44)/'Non-Resident FTE'!B44 -> 0.090909091 | C44: =('Non-Resident FTE'!D44-'Non-Resident FTE'!C44)/'Non-Resident FTE'!C44 -> 0 | D44: =('Non-Resident FTE'!E44-'Non-Resident FTE'!D44)/'Non-Resident FTE'!D44 -> 0 | E44: =('Non-Resident FTE'!F44-'Non-Resident FTE'!E44)/'Non-Resident FTE'!E44 -> 0.13333333 | F44: =('Non-Resident FTE'!G44-'Non-Resident FTE'!F44)/'Non-Resident FTE'!F44 -> 0.32352941 | G44: =('Non-Resident FTE'!H44-'Non-Resident FTE'!G44)/'Non-Resident FTE'!G44 -> 0.58888889 | H44: =('Non-Resident FTE'!I44-'Non-Resident FTE'!H44)/'Non-Resident FTE'!H44 -> 0.93006993 | I44: =('Non-Resident FTE'!J44-'Non-Resident FTE'!I44)/'Non-Resident FTE'!I44 -> -0.036992754 | ... S44: =('Non-Resident FTE'!T44-'Non-Resident FTE'!S44)/'Non-Resident FTE'!S44 -> -0.031701147
A45: Colorado Mountain College | B45: =('Non-Resident FTE'!C45-'Non-Resident FTE'!B45)/'Non-Resident FTE'!B45 -> 0.21220159 | C45: =('Non-Resident FTE'!D45-'Non-Resident FTE'!C45)/'Non-Resident FTE'!C45 -> 0.21225383 | D45: =('Non-Resident FTE'!E45-'Non-Resident FTE'!D45)/'Non-Resident FTE'!D45 -> 0.14259928 | E45: =('Non-Resident FTE'!F45-'Non-Resident FTE'!E45)/'Non-Resident FTE'!E45 -> -0.030015798 | F45: =('Non-Resident FTE'!G45-'Non-Resident FTE'!F45)/'Non-Resident FTE'!F45 -> 0.013029316 | G45: =('Non-Resident FTE'!H45-'Non-Resident FTE'!G45)/'Non-Resident FTE'!G45 -> 0.049839228 | H45: =('Non-Resident FTE'!I45-'Non-Resident FTE'!H45)/'Non-Resident FTE'!H45 -> -0.026033691 | I45: =('Non-Resident FTE'!J45-'Non-Resident FTE'!I45)/'Non-Resident FTE'!I45 -> -0.1509434 | ... S45: =('Non-Resident FTE'!T45-'Non-Resident FTE'!S45)/'Non-Resident FTE'!S45 -> -0.022240018
A46: Governing Board Summary | B46: =('Non-Resident FTE'!C46-'Non-Resident FTE'!B46)/'Non-Resident FTE'!B46 -> 0.059655111 | C46: =('Non-Resident FTE'!D46-'Non-Resident FTE'!C46)/'Non-Resident FTE'!C46 -> 0.0036922189 | D46: =('Non-Resident FTE'!E46-'Non-Resident FTE'!D46)/'Non-Resident FTE'!D46 -> -0.010202469 | E46: =('Non-Resident FTE'!F46-'Non-Resident FTE'!E46)/'Non-Resident FTE'!E46 -> 0.013104727 | F46: =('Non-Resident FTE'!G46-'Non-Resident FTE'!F46)/'Non-Resident FTE'!F46 -> -0.011258604 | G46: =('Non-Resident FTE'!H46-'Non-Resident FTE'!G46)/'Non-Resident FTE'!G46 -> 0.016367624 | H46: =('Non-Resident FTE'!I46-'Non-Resident FTE'!H46)/'Non-Resident FTE'!H46 -> 0.0099295567 | I46: =('Non-Resident FTE'!J46-'Non-Resident FTE'!I46)/'Non-Resident FTE'!I46 -> 0.0027415506 | ... S46: =('Non-Resident FTE'!T46-'Non-Resident FTE'!S46)/'Non-Resident FTE'!S46 -> 0.077371513
A47: District Summary | B47: =('Non-Resident FTE'!C47-'Non-Resident FTE'!B47)/'Non-Resident FTE'!B47 -> 0.19675926 | C47: =('Non-Resident FTE'!D47-'Non-Resident FTE'!C47)/'Non-Resident FTE'!C47 -> 0.18762089 | D47: =('Non-Resident FTE'!E47-'Non-Resident FTE'!D47)/'Non-Resident FTE'!D47 -> 0.1286645 | E47: =('Non-Resident FTE'!F47-'Non-Resident FTE'!E47)/'Non-Resident FTE'!E47 -> -0.015873016 | F47: =('Non-Resident FTE'!G47-'Non-Resident FTE'!F47)/'Non-Resident FTE'!F47 -> 0.04398827 | G47: =('Non-Resident FTE'!H47-'Non-Resident FTE'!G47)/'Non-Resident FTE'!G47 -> 0.11797753 | H47: =('Non-Resident FTE'!I47-'Non-Resident FTE'!H47)/'Non-Resident FTE'!H47 -> 0.14572864 | I47: =('Non-Resident FTE'!J47-'Non-Resident FTE'!I47)/'Non-Resident FTE'!I47 -> -0.11645833 | ... S47: =('Non-Resident FTE'!T47-'Non-Resident FTE'!S47)/'Non-Resident FTE'!S47 -> -0.023757369
A48: Public Summary | B48: =('Non-Resident FTE'!C48-'Non-Resident FTE'!B48)/'Non-Resident FTE'!B48 -> 0.062607482 | C48: =('Non-Resident FTE'!D48-'Non-Resident FTE'!C48)/'Non-Resident FTE'!C48 -> 0.008152926 | D48: =('Non-Resident FTE'!E48-'Non-Resident FTE'!D48)/'Non-Resident FTE'!D48 -> -0.0062350812 | E48: =('Non-Resident FTE'!F48-'Non-Resident FTE'!E48)/'Non-Resident FTE'!E48 -> 0.012164459 | F48: =('Non-Resident FTE'!G48-'Non-Resident FTE'!F48)/'Non-Resident FTE'!F48 -> -0.009515615 | G48: =('Non-Resident FTE'!H48-'Non-Resident FTE'!G48)/'Non-Resident FTE'!G48 -> 0.01974649 | H48: =('Non-Resident FTE'!I48-'Non-Resident FTE'!H48)/'Non-Resident FTE'!H48 -> 0.014880325 | I48: =('Non-Resident FTE'!J48-'Non-Resident FTE'!I48)/'Non-Resident FTE'!I48 -> -0.0021643478 | ... S48: =('Non-Resident FTE'!T48-'Non-Resident FTE'!S48)/'Non-Resident FTE'!S48 -> 0.074339567

Sheet Total FTE
A2: Final FTE Student Enrollment Report
A4: Governing Board / Institutions | B4: Total Student FTE
B5: FY 91-92 | C5: FY 92-93 | D5: FY 93-94 | E5: FY 94-95 | F5: FY 95-96 | G5: FY 96-97 | H5: FY 97-98 | I5: FY 98-99 | J5: FY 99-2000 | K5: FY 2000-01 | L5: FY 2001-02 | M5: FY 2002-03 | N5: FY 2003-04 | O5: FY 2004-05 | P5: FY 2005-06 | Q5: FY 2006-07 | R5: FY 2007-08 | S5: FY 2008-09 | T5: FY 2009-10
A6: Regents of the University of Colorado: | B6: =SUM(B7:B10) -> 36100.4 | C6: =SUM(C7:C10) -> 35861 | D6: =SUM(D7:D10) -> 35709 | E6: =SUM(E7:E10) -> 35067 | F6: =SUM(F7:F10) -> 35111.93 | G6: =SUM(G7:G10) -> 35225 | H6: =SUM(H7:H10) -> 36199.9 | I6: =SUM(I7:I10) -> 36878.3 | ... T6: =SUM(T7:T10) -> 50733.542
A7: University of Colorado-Boulder | B7: ='Resident FTE'!B7+'Non-Resident FTE'!B7 -> 22830 | C7: ='Resident FTE'!C7+'Non-Resident FTE'!C7 -> 22356 | D7: ='Resident FTE'!D7+'Non-Resident FTE'!D7 -> 22272 | E7: ='Resident FTE'!E7+'Non-Resident FTE'!E7 -> 21633 | F7: ='Resident FTE'!F7+'Non-Resident FTE'!F7 -> 21526.93 | G7: ='Resident FTE'!G7+'Non-Resident FTE'!G7 -> 21683 | H7: ='Resident FTE'!H7+'Non-Resident FTE'!H7 -> 22196 | I7: ='Resident FTE'!I7+'Non-Resident FTE'!I7 -> 22446 | ... T7: ='Resident FTE'!T7+'Non-Resident FTE'!T7 -> 27331.994
A8: University of Colorado-Colorado Springs | B8: ='Resident FTE'!B8+'Non-Resident FTE'!B8 -> 4089 | C8: ='Resident FTE'!C8+'Non-Resident FTE'!C8 -> 3983 | D8: ='Resident FTE'!D8+'Non-Resident FTE'!D8 -> 3916 | E8: ='Resident FTE'!E8+'Non-Resident FTE'!E8 -> 3974 | F8: ='Resident FTE'!F8+'Non-Resident FTE'!F8 -> 4009 | G8: ='Resident FTE'!G8+'Non-Resident FTE'!G8 -> 4084 | H8: ='Resident FTE'!H8+'Non-Resident FTE'!H8 -> 4558.9 | I8: ='Resident FTE'!I8+'Non-Resident FTE'!I8 -> 4768 | ... T8: ='Resident FTE'!T8+'Non-Resident FTE'!T8 -> 7045.5592
A9: University of Colorado Denver - Downtown Campus | B9: ='Resident FTE'!B9+'Non-Resident FTE'!B9 -> 7007.4 | C9: ='Resident FTE'!C9+'Non-Resident FTE'!C9 -> 7254 | D9: ='Resident FTE'!D9+'Non-Resident FTE'!D9 -> 7080 | E9: ='Resident FTE'!E9+'Non-Resident FTE'!E9 -> 6955 | F9: ='Resident FTE'!F9+'Non-Resident FTE'!F9 -> 7037 | G9: ='Resident FTE'!G9+'Non-Resident FTE'!G9 -> 6969 | H9: ='Resident FTE'!H9+'Non-Resident FTE'!H9 -> 7057 | I9: ='Resident FTE'!I9+'Non-Resident FTE'!I9 -> 7229.3 | ... T9: ='Resident FTE'!T9+'Non-Resident FTE'!T9 -> 11628.544
A10: University of Colorado Denver - Anschutz Medical Campus | B10: ='Resident FTE'!B10+'Non-Resident FTE'!B10 -> 2174 | C10: ='Resident FTE'!C10+'Non-Resident FTE'!C10 -> 2268 | D10: ='Resident FTE'!D10+'Non-Resident FTE'!D10 -> 2441 | E10: ='Resident FTE'!E10+'Non-Resident FTE'!E10 -> 2505 | F10: ='Resident FTE'!F10+'Non-Resident FTE'!F10 -> 2539 | G10: ='Resident FTE'!G10+'Non-Resident FTE'!G10 -> 2489 | H10: ='Resident FTE'!H10+'Non-Resident FTE'!H10 -> 2388 | I10: ='Resident FTE'!I10+'Non-Resident FTE'!I10 -> 2435 | ... T10: ='Resident FTE'!T10+'Non-Resident FTE'!T10 -> 4727.4446
A11: Board of Governors of Colorado State University System: | B11: =SUM(B12:B14) -> 23627.7 | C11: =SUM(C12:C14) -> 23906.4 | D11: =SUM(D12:D14) -> 23946.5 | E11: =SUM(E12:E14) -> 24003.8 | F11: =SUM(F12:F14) -> 24164.4 | G11: =SUM(G12:G14) -> 24076.8 | H11: =SUM(H12:H14) -> 23928.7 | I11: =SUM(I12:I14) -> 24200.5 | ... T11: =SUM(T12:T14) -> 27023.088
A12: Colorado State University-Education & General | B12: ='Resident FTE'!B12+'Non-Resident FTE'!B12 -> 18942.2 | C12: ='Resident FTE'!C12+'Non-Resident FTE'!C12 -> 19150.7 | D12: ='Resident FTE'!D12+'Non-Resident FTE'!D12 -> 19172.6 | E12: ='Resident FTE'!E12+'Non-Resident FTE'!E12 -> 19276.5 | F12: ='Resident FTE'!F12+'Non-Resident FTE'!F12 -> 19533 | G12: ='Resident FTE'!G12+'Non-Resident FTE'!G12 -> 19667 | H12: ='Resident FTE'!H12+'Non-Resident FTE'!H12 -> 19547 | I12: ='Resident FTE'!I12+'Non-Resident FTE'!I12 -> 19863.5 | ... T12: ='Resident FTE'!T12+'Non-Resident FTE'!T12 -> 22025.823
A13: Colorado State University-Professional Veterinary Medicine | B13: ='Resident FTE'!B13+'Non-Resident FTE'!B13 -> 701.5 | C13: ='Resident FTE'!C13+'Non-Resident FTE'!C13 -> 692.2 | D13: ='Resident FTE'!D13+'Non-Resident FTE'!D13 -> 733.9 | E13: ='Resident FTE'!E13+'Non-Resident FTE'!E13 -> 716.8 | F13: ='Resident FTE'!F13+'Non-Resident FTE'!F13 -> 722.7 | G13: ='Resident FTE'!G13+'Non-Resident FTE'!G13 -> 726.8 | H13: ='Resident FTE'!H13+'Non-Resident FTE'!H13 -> 728.3 | I13: ='Resident FTE'!I13+'Non-Resident FTE'!I13 -> 737 | ... T13: ='Resident FTE'!T13+'Non-Resident FTE'!T13 -> 786.36486
A14: Colorado State University - Pueblo | B14: ='Resident FTE'!B14+'Non-Resident FTE'!B14 -> 3984 | C14: ='Resident FTE'!C14+'Non-Resident FTE'!C14 -> 4063.5 | D14: ='Resident FTE'!D14+'Non-Resident FTE'!D14 -> 4040 | E14: ='Resident FTE'!E14+'Non-Resident FTE'!E14 -> 4010.5 | F14: ='Resident FTE'!F14+'Non-Resident FTE'!F14 -> 3908.7 | G14: ='Resident FTE'!G14+'Non-Resident FTE'!G14 -> 3683 | H14: ='Resident FTE'!H14+'Non-Resident FTE'!H14 -> 3653.4 | I14: ='Resident FTE'!I14+'Non-Resident FTE'!I14 -> 3600 | ... T14: ='Resident FTE'!T14+'Non-Resident FTE'!T14 -> 4210.9002
A15: Trustees of Fort Lewis College: | P15: ='Resident FTE'!P15+'Non-Resident FTE'!P15 -> 0
A16: Fort Lewis College | B16: ='Resident FTE'!B16+'Non-Resident FTE'!B16 -> 3793 | C16: ='Resident FTE'!C16+'Non-Resident FTE'!C16 -> 3867 | D16: ='Resident FTE'!D16+'Non-Resident FTE'!D16 -> 4031 | E16: ='Resident FTE'!E16+'Non-Resident FTE'!E16 -> 3946 | F16: ='Resident FTE'!F16+'Non-Resident FTE'!F16 -> 4128 | G16: ='Resident FTE'!G16+'Non-Resident FTE'!G16 -> 4190 | H16: ='Resident FTE'!H16+'Non-Resident FTE'!H16 -> 4167 | I16: ='Resident FTE'!I16+'Non-Resident FTE'!I16 -> 4028 | ... T16: ='Resident FTE'!T16+'Non-Resident FTE'!T16 -> 3487.2041
A17: Trustees of Colorado School of Mines:
A18: Colorado School of Mines | B18: ='Resident FTE'!B18+'Non-Resident FTE'!B18 -> 2573 | C18: ='Resident FTE'!C18+'Non-Resident FTE'!C18 -> 2858 | D18: ='Resident FTE'!D18+'Non-Resident FTE'!D18 -> 3006 | E18: ='Resident FTE'!E18+'Non-Resident FTE'!E18 -> 3094 | F18: ='Resident FTE'!F18+'Non-Resident FTE'!F18 -> 3189 | G18: ='Resident FTE'!G18+'Non-Resident FTE'!G18 -> 3242 | H18: ='Resident FTE'!H18+'Non-Resident FTE'!H18 -> 3211 | I18: ='Resident FTE'!I18+'Non-Resident FTE'!I18 -> 3250.2 | ... T18: ='Resident FTE'!T18+'Non-Resident FTE'!T18 -> 4594.2651
A19: Board of Trustees University of Northern Colorado:
A20: University of Northern Colorado | B20: ='Resident FTE'!B20+'Non-Resident FTE'!B20 -> 9772 | C20: ='Resident FTE'!C20+'Non-Resident FTE'!C20 -> 9706 | D20: ='Resident FTE'!D20+'Non-Resident FTE'!D20 -> 9840 | E20: ='Resident FTE'!E20+'Non-Resident FTE'!E20 -> 9721 | F20: ='Resident FTE'!F20+'Non-Resident FTE'!F20 -> 9554 | G20: ='Resident FTE'!G20+'Non-Resident FTE'!G20 -> 9443 | H20: ='Resident FTE'!H20+'Non-Resident FTE'!H20 -> 9619 | I20: ='Resident FTE'!I20+'Non-Resident FTE'!I20 -> 9916.36 | ... T20: ='Resident FTE'!T20+'Non-Resident FTE'!T20 -> 9958.1828
A21: Trustees of Adams State College:
A22: Adams State College | B22: ='Resident FTE'!B22+'Non-Resident FTE'!B22 -> 2378 | C22: ='Resident FTE'!C22+'Non-Resident FTE'!C22 -> 2350 | D22: ='Resident FTE'!D22+'Non-Resident FTE'!D22 -> 2164 | E22: ='Resident FTE'!E22+'Non-Resident FTE'!E22 -> 2255 | F22: ='Resident FTE'!F22+'Non-Resident FTE'!F22 -> 2274 | G22: ='Resident FTE'!G22+'Non-Resident FTE'!G22 -> 2295 | H22: ='Resident FTE'!H22+'Non-Resident FTE'!H22 -> 2177 | I22: ='Resident FTE'!I22+'Non-Resident FTE'!I22 -> 2266.15 | ... T22: ='Resident FTE'!T22+'Non-Resident FTE'!T22 -> 2169.383
A23: Trustees of Mesa State College:
A24: Mesa State College | B24: ='Resident FTE'!B24+'Non-Resident FTE'!B24 -> 3531 | C24: ='Resident FTE'!C24+'Non-Resident FTE'!C24 -> 3633 | D24: ='Resident FTE'!D24+'Non-Resident FTE'!D24 -> 3734 | E24: ='Resident FTE'!E24+'Non-Resident FTE'!E24 -> 3893 | F24: ='Resident FTE'!F24+'Non-Resident FTE'!F24 -> 4001 | G24: ='Resident FTE'!G24+'Non-Resident FTE'!G24 -> 4073 | H24: ='Resident FTE'!H24+'Non-Resident FTE'!H24 -> 4085 | I24: ='Resident FTE'!I24+'Non-Resident FTE'!I24 -> 4189 | ... T24: ='Resident FTE'!T24+'Non-Resident FTE'!T24 -> 5928.3413
A25: Trustees of Metropolitan State College:
A26: Metropolitan State College of Denver | B26: ='Resident FTE'!B26+'Non-Resident FTE'!B26 -> 12686 | C26: ='Resident FTE'!C26+'Non-Resident FTE'!C26 -> 12499 | D26: ='Resident FTE'!D26+'Non-Resident FTE'!D26 -> 12307 | E26: ='Resident FTE'!E26+'Non-Resident FTE'!E26 -> 12246 | F26: ='Resident FTE'!F26+'Non-Resident FTE'!F26 -> 12087 | G26: ='Resident FTE'!G26+'Non-Resident FTE'!G26 -> 12347 | H26: ='Resident FTE'!H26+'Non-Resident FTE'!H26 -> 12556 | I26: ='Resident FTE'!I26+'Non-Resident FTE'!I26 -> 12317 | ... T26: ='Resident FTE'!T26+'Non-Resident FTE'!T26 -> 17333.162
A27: Trustees of Western State College:
A28: Western State College | B28: ='Resident FTE'!B28+'Non-Resident FTE'!B28 -> 2351 | C28: ='Resident FTE'!C28+'Non-Resident FTE'!C28 -> 2442 | D28: ='Resident FTE'!D28+'Non-Resident FTE'!D28 -> 2157 | E28: ='Resident FTE'!E28+'Non-Resident FTE'!E28 -> 2161 | F28: ='Resident FTE'!F28+'Non-Resident FTE'!F28 -> 2226 | G28: ='Resident FTE'!G28+'Non-Resident FTE'!G28 -> 2280 | H28: ='Resident FTE'!H28+'Non-Resident FTE'!H28 -> 2224 | I28: ='Resident FTE'!I28+'Non-Resident FTE'!I28 -> 2198 | ... T28: ='Resident FTE'!T28+'Non-Resident FTE'!T28 -> 1857.5951
A29: Community Colleges of Colorado: | B29: =SUM(B30:B42) -> 33095 | C29: =SUM(C30:C42) -> 35212 | D29: =SUM(D30:D42) -> 35165 | E29: =SUM(E30:E42) -> 35113 | F29: =SUM(F30:F42) -> 35086 | G29: =SUM(G30:G42) -> 35224 | H29: =SUM(H30:H42) -> 35716 | I29: =SUM(I30:I42) -> 37013.3 | ... T29: =SUM(T30:T42) -> 57432.577
A30: Arapahoe Community College | B30: ='Resident FTE'!B30+'Non-Resident FTE'!B30 -> 4128 | C30: ='Resident FTE'!C30+'Non-Resident FTE'!C30 -> 4145 | D30: ='Resident FTE'!D30+'Non-Resident FTE'!D30 -> 4110 | E30: ='Resident FTE'!E30+'Non-Resident FTE'!E30 -> 4036 | F30: ='Resident FTE'!F30+'Non-Resident FTE'!F30 -> 4072 | G30: ='Resident FTE'!G30+'Non-Resident FTE'!G30 -> 4090 | H30: ='Resident FTE'!H30+'Non-Resident FTE'!H30 -> 4086 | I30: ='Resident FTE'!I30+'Non-Resident FTE'!I30 -> 4208 | ... T30: ='Resident FTE'!T30+'Non-Resident FTE'!T30 -> 5332.6899
A31: Colorado Northwestern Community College | B31: ='Resident FTE'!B31+'Non-Resident FTE'!B31 -> 861 | C31: ='Resident FTE'!C31+'Non-Resident FTE'!C31 -> 925 | D31: ='Resident FTE'!D31+'Non-Resident FTE'!D31 -> 876 | E31: ='Resident FTE'!E31+'Non-Resident FTE'!E31 -> 815 | F31: ='Resident FTE'!F31+'Non-Resident FTE'!F31 -> 820 | G31: ='Resident FTE'!G31+'Non-Resident FTE'!G31 -> 833 | H31: ='Resident FTE'!H31+'Non-Resident FTE'!H31 -> 866 | I31: ='Resident FTE'!I31+'Non-Resident FTE'!I31 -> 795 | ... T31: ='Resident FTE'!T31+'Non-Resident FTE'!T31 -> 845.27608
A32: Community College of Aurora | B32: ='Resident FTE'!B32+'Non-Resident FTE'!B32 -> 2408 | C32: ='Resident FTE'!C32+'Non-Resident FTE'!C32 -> 2555 | D32: ='Resident FTE'!D32+'Non-Resident FTE'!D32 -> 2702 | E32: ='Resident FTE'!E32+'Non-Resident FTE'!E32 -> 2671 | F32: ='Resident FTE'!F32+'Non-Resident FTE'!F32 -> 2619 | G32: ='Resident FTE'!G32+'Non-Resident FTE'!G32 -> 2418 | H32: ='Resident FTE'!H32+'Non-Resident FTE'!H32 -> 2404 | I32: ='Resident FTE'!I32+'Non-Resident FTE'!I32 -> 2577 | ... T32: ='Resident FTE'!T32+'Non-Resident FTE'!T32 -> 4171.7708
A33: Community College of Denver | B33: ='Resident FTE'!B33+'Non-Resident FTE'!B33 -> 4032 | C33: ='Resident FTE'!C33+'Non-Resident FTE'!C33 -> 4486 | D33: ='Resident FTE'!D33+'Non-Resident FTE'!D33 -> 4603 | E33: ='Resident FTE'!E33+'Non-Resident FTE'!E33 -> 4440 | F33: ='Resident FTE'!F33+'Non-Resident FTE'!F33 -> 4236 | G33: ='Resident FTE'!G33+'Non-Resident FTE'!G33 -> 4227 | H33: ='Resident FTE'!H33+'Non-Resident FTE'!H33 -> 4038 | I33: ='Resident FTE'!I33+'Non-Resident FTE'!I33 -> 4071 | ... T33: ='Resident FTE'!T33+'Non-Resident FTE'!T33 -> 7619.1381
A34: Front Range Community College | B34: ='Resident FTE'!B34+'Non-Resident FTE'!B34 -> 6234 | C34: ='Resident FTE'!C34+'Non-Resident FTE'!C34 -> 6592 | D34: ='Resident FTE'!D34+'Non-Resident FTE'!D34 -> 6483 | E34: ='Resident FTE'!E34+'Non-Resident FTE'!E34 -> 6350 | F34: ='Resident FTE'!F34+'Non-Resident FTE'!F34 -> 6737 | G34: ='Resident FTE'!G34+'Non-Resident FTE'!G34 -> 6446 | H34: ='Resident FTE'!H34+'Non-Resident FTE'!H34 -> 6500 | I34: ='Resident FTE'!I34+'Non-Resident FTE'!I34 -> 7008 | ... T34: ='Resident FTE'!T34+'Non-Resident FTE'!T34 -> 12778.298
A35: Lamar Community College | B35: ='Resident FTE'!B35+'Non-Resident FTE'!B35 -> 637 | C35: ='Resident FTE'!C35+'Non-Resident FTE'!C35 -> 675 | D35: ='Resident FTE'!D35+'Non-Resident FTE'!D35 -> 654 | E35: ='Resident FTE'!E35+'Non-Resident FTE'!E35 -> 630 | F35: ='Resident FTE'!F35+'Non-Resident FTE'!F35 -> 664 | G35: ='Resident FTE'!G35+'Non-Resident FTE'!G35 -> 698 | H35: ='Resident FTE'!H35+'Non-Resident FTE'!H35 -> 737 | I35: ='Resident FTE'!I35+'Non-Resident FTE'!I35 -> 745 | ... T35: ='Resident FTE'!T35+'Non-Resident FTE'!T35 -> 733.87641
A36: Morgan Community College | B36: ='Resident FTE'!B36+'Non-Resident FTE'!B36 -> 584 | C36: ='Resident FTE'!C36+'Non-Resident FTE'!C36 -> 757 | D36: ='Resident FTE'!D36+'Non-Resident FTE'!D36 -> 846 | E36: ='Resident FTE'!E36+'Non-Resident FTE'!E36 -> 716 | F36: ='Resident FTE'!F36+'Non-Resident FTE'!F36 -> 769 | G36: ='Resident FTE'!G36+'Non-Resident FTE'!G36 -> 815 | H36: ='Resident FTE'!H36+'Non-Resident FTE'!H36 -> 879 | I36: ='Resident FTE'!I36+'Non-Resident FTE'!I36 -> 927 | ... T36: ='Resident FTE'!T36+'Non-Resident FTE'!T36 -> 1087.3305
A37: Northeastern Junior College | B37: ='Resident FTE'!B37+'Non-Resident FTE'!B37 -> 1780 | C37: ='Resident FTE'!C37+'Non-Resident FTE'!C37 -> 1825 | D37: ='Resident FTE'!D37+'Non-Resident FTE'!D37 -> 1648 | E37: ='Resident FTE'!E37+'Non-Resident FTE'!E37 -> 1633 | F37: ='Resident FTE'!F37+'Non-Resident FTE'!F37 -> 1593 | G37: ='Resident FTE'!G37+'Non-Resident FTE'!G37 -> 1713 | H37: ='Resident FTE'!H37+'Non-Resident FTE'!H37 -> 1532 | I37: ='Resident FTE'!I37+'Non-Resident FTE'!I37 -> 1579 | ... T37: ='Resident FTE'!T37+'Non-Resident FTE'!T37 -> 1457.1553
A38: Otero Junior College | B38: ='Resident FTE'!B38+'Non-Resident FTE'!B38 -> 726 | C38: ='Resident FTE'!C38+'Non-Resident FTE'!C38 -> 738 | D38: ='Resident FTE'!D38+'Non-Resident FTE'!D38 -> 799 | E38: ='Resident FTE'!E38+'Non-Resident FTE'!E38 -> 813 | F38: ='Resident FTE'!F38+'Non-Resident FTE'!F38 -> 775 | G38: ='Resident FTE'!G38+'Non-Resident FTE'!G38 -> 805 | H38: ='Resident FTE'!H38+'Non-Resident FTE'!H38 -> 854 | I38: ='Resident FTE'!I38+'Non-Resident FTE'!I38 -> 906 | ... T38: ='Resident FTE'!T38+'Non-Resident FTE'!T38 -> 1297.211
A39: Pikes Peak Community College | B39: ='Resident FTE'!B39+'Non-Resident FTE'!B39 -> 4702 | C39: ='Resident FTE'!C39+'Non-Resident FTE'!C39 -> 4886 | D39: ='Resident FTE'!D39+'Non-Resident FTE'!D39 -> 4586 | E39: ='Resident FTE'!E39+'Non-Resident FTE'!E39 -> 4694 | F39: ='Resident FTE'!F39+'Non-Resident FTE'!F39 -> 4560 | G39: ='Resident FTE'!G39+'Non-Resident FTE'!G39 -> 4804 | H39: ='Resident FTE'!H39+'Non-Resident FTE'!H39 -> 4919 | I39: ='Resident FTE'!I39+'Non-Resident FTE'!I39 -> 5108 | ... T39: ='Resident FTE'!T39+'Non-Resident FTE'!T39 -> 9646.2336
A40: Pueblo Community College | B40: ='Resident FTE'!B40+'Non-Resident FTE'!B40 -> 2517 | C40: ='Resident FTE'!C40+'Non-Resident FTE'!C40 -> 2744 | D40: ='Resident FTE'!D40+'Non-Resident FTE'!D40 -> 2675 | E40: ='Resident FTE'!E40+'Non-Resident FTE'!E40 -> 2749 | F40: ='Resident FTE'!F40+'Non-Resident FTE'!F40 -> 2821 | G40: ='Resident FTE'!G40+'Non-Resident FTE'!G40 -> 2911 | H40: ='Resident FTE'!H40+'Non-Resident FTE'!H40 -> 3146 | I40: ='Resident FTE'!I40+'Non-Resident FTE'!I40 -> 3221 | ... T40: ='Resident FTE'!T40+'Non-Resident FTE'!T40 -> 4750.4509
A41: Red Rocks Community College | B41: ='Resident FTE'!B41+'Non-Resident FTE'!B41 -> 3245 | C41: ='Resident FTE'!C41+'Non-Resident FTE'!C41 -> 3643 | D41: ='Resident FTE'!D41+'Non-Resident FTE'!D41 -> 3940 | E41: ='Resident FTE'!E41+'Non-Resident FTE'!E41 -> 4033 | F41: ='Resident FTE'!F41+'Non-Resident FTE'!F41 -> 3953 | G41: ='Resident FTE'!G41+'Non-Resident FTE'!G41 -> 3897 | H41: ='Resident FTE'!H41+'Non-Resident FTE'!H41 -> 4185 | I41: ='Resident FTE'!I41+'Non-Resident FTE'!I41 -> 4398.3 | ... T41: ='Resident FTE'!T41+'Non-Resident FTE'!T41 -> 6130.0941
A42: Trinidad State Junior College | B42: ='Resident FTE'!B42+'Non-Resident FTE'!B42 -> 1241 | C42: ='Resident FTE'!C42+'Non-Resident FTE'!C42 -> 1241 | D42: ='Resident FTE'!D42+'Non-Resident FTE'!D42 -> 1243 | E42: ='Resident FTE'!E42+'Non-Resident FTE'!E42 -> 1533 | F42: ='Resident FTE'!F42+'Non-Resident FTE'!F42 -> 1467 | G42: ='Resident FTE'!G42+'Non-Resident FTE'!G42 -> 1567 | H42: ='Resident FTE'!H42+'Non-Resident FTE'!H42 -> 1570 | I42: ='Resident FTE'!I42+'Non-Resident FTE'!I42 -> 1470 | ... T42: ='Resident FTE'!T42+'Non-Resident FTE'!T42 -> 1583.0531
A43: Local District Colleges: | B43: =SUM(B44:B45) -> 7230 | C43: =SUM(C44:C45) -> 7340 | D43: =SUM(D44:D45) -> 7062 | E43: =SUM(E44:E45) -> 7000 | F43: =SUM(F44:F45) -> 6776 | G43: =SUM(G44:G45) -> 6906 | H43: =SUM(H44:H45) -> 6915 | I43: =SUM(I44:I45) -> 6908 | ... T43: =SUM(T44:T45) -> 6613.383
A44: Aims Community College | B44: ='Resident FTE'!B44+'Non-Resident FTE'!B44 -> 4509 | C44: ='Resident FTE'!C44+'Non-Resident FTE'!C44 -> 4604 | D44: ='Resident FTE'!D44+'Non-Resident FTE'!D44 -> 4052 | E44: ='Resident FTE'!E44+'Non-Resident FTE'!E44 -> 3820 | F44: ='Resident FTE'!F44+'Non-Resident FTE'!F44 -> 3698 | G44: ='Resident FTE'!G44+'Non-Resident FTE'!G44 -> 3807 | H44: ='Resident FTE'!H44+'Non-Resident FTE'!H44 -> 3779 | I44: ='Resident FTE'!I44+'Non-Resident FTE'!I44 -> 3830 | ... T44: ='Resident FTE'!T44+'Non-Resident FTE'!T44 -> 3472.2069
A45: Colorado Mountain College | B45: ='Resident FTE'!B45+'Non-Resident FTE'!B45 -> 2721 | C45: ='Resident FTE'!C45+'Non-Resident FTE'!C45 -> 2736 | D45: ='Resident FTE'!D45+'Non-Resident FTE'!D45 -> 3010 | E45: ='Resident FTE'!E45+'Non-Resident FTE'!E45 -> 3180 | F45: ='Resident FTE'!F45+'Non-Resident FTE'!F45 -> 3078 | G45: ='Resident FTE'!G45+'Non-Resident FTE'!G45 -> 3099 | H45: ='Resident FTE'!H45+'Non-Resident FTE'!H45 -> 3136 | I45: ='Resident FTE'!I45+'Non-Resident FTE'!I45 -> 3078 | ... T45: ='Resident FTE'!T45+'Non-Resident FTE'!T45 -> 3141.1761
A46: Governing Board Summary | B46: =SUM(B6,B11,B16,B18,B20,B22,B24,B26,B28,B29) -> 129907.1 | C46: =SUM(C6,C11,C16,C18,C20,C22,C24,C26,C28,C29) -> 132334.4 | D46: =SUM(D6,D11,D16,D18,D20,D22,D24,D26,D28,D29) -> 132059.5 | E46: =SUM(E6,E11,E16,E18,E20,E22,E24,E26,E28,E29) -> 131499.8 | F46: =SUM(F6,F11,F16,F18,F20,F22,F24,F26,F28,F29) -> 131821.33 | G46: =SUM(G6,G11,G16,G18,G20,G22,G24,G26,G28,G29) -> 132395.8 | H46: =SUM(H6,H11,H16,H18,H20,H22,H24,H26,H28,H29) -> 133883.6 | I46: =SUM(I6,I11,I16,I18,I20,I22,I24,I26,I28,I29) -> 136256.81 | ... T46: =SUM(T6,T11,T16,T18,T20,T22,T24,T26,T28,T29) -> 180517.34
A47: District Summary | B47: =SUM(B44:B45) -> 7230 | C47: =SUM(C44:C45) -> 7340 | D47: =SUM(D44:D45) -> 7062 | E47: =SUM(E44:E45) -> 7000 | F47: =SUM(F44:F45) -> 6776 | G47: =SUM(G44:G45) -> 6906 | H47: =SUM(H44:H45) -> 6915 | I47: =SUM(I44:I45) -> 6908 | ... T47: =SUM(T44:T45) -> 6613.383
A48: Public Summary | B48: =SUM(B46:B47) -> 137137.1 | C48: =SUM(C46:C47) -> 139674.4 | D48: =SUM(D46:D47) -> 139121.5 | E48: =SUM(E46:E47) -> 138499.8 | F48: =SUM(F46:F47) -> 138597.33 | G48: =SUM(G46:G47) -> 139301.8 | H48: =SUM(H46:H47) -> 140798.6 | I48: =SUM(I46:I47) -> 143164.81 | ... T48: =SUM(T46:T47) -> 187130.72

Sheet % Change Total FTE
A1: The Colorado Department of Higher Education
A2: Final FTE Student Enrollment Report
A4: Governing Board / Institutions | B4: Percentage Change in Total Student FTE
B5: FY 92 to FY 93 | C5: FY 93 to FY 94 | D5: FY 94 to FY 95 | E5: FY 95 to FY 96 | F5: FY 96 to FY 97 | G5: FY 97 to FY 98 | H5: FY 98 to FY 99 | I5: FY 99 to FY 00 | J5: FY 00 to 01 | K5: FY 01 to 02 | L5: FY 02 to 03 | M5: FY 03 to 04 | N5: FY 04 to 05 | O5: FY 05 to 06 | P5: FY 06 to 07 | Q5: FY 07 to 08 | R5: FY 08 to 09 | S5: FY 09 to 10
A6: Regents of the University of Colorado: | B6: =('Total FTE'!C6-'Total FTE'!B6)/'Total FTE'!B6 -> -0.0066315055 | C6: =('Total FTE'!D6-'Total FTE'!C6)/'Total FTE'!C6 -> -0.0042385879 | D6: =('Total FTE'!E6-'Total FTE'!D6)/'Total FTE'!D6 -> -0.017978661 | E6: =('Total FTE'!F6-'Total FTE'!E6)/'Total FTE'!E6 -> 0.0012812616 | F6: =('Total FTE'!G6-'Total FTE'!F6)/'Total FTE'!F6 -> 0.003220273 | G6: =('Total FTE'!H6-'Total FTE'!G6)/'Total FTE'!G6 -> 0.027676366 | H6: =('Total FTE'!I6-'Total FTE'!H6)/'Total FTE'!H6 -> 0.018740383 | I6: =('Total FTE'!J6-'Total FTE'!I6)/'Total FTE'!I6 -> 0.015843735 | ... S6: =('Total FTE'!T6-'Total FTE'!S6)/'Total FTE'!S6 -> 0.0857901
A7: University of Colorado-Boulder | B7: =('Total FTE'!C7-'Total FTE'!B7)/'Total FTE'!B7 -> -0.020762155 | C7: =('Total FTE'!D7-'Total FTE'!C7)/'Total FTE'!C7 -> -0.0037573806 | D7: =('Total FTE'!E7-'Total FTE'!D7)/'Total FTE'!D7 -> -0.028690733 | E7: =('Total FTE'!F7-'Total FTE'!E7)/'Total FTE'!E7 -> -0.0049031572 | F7: =('Total FTE'!G7-'Total FTE'!F7)/'Total FTE'!F7 -> 0.0072499887 | G7: =('Total FTE'!H7-'Total FTE'!G7)/'Total FTE'!G7 -> 0.023659088 | H7: =('Total FTE'!I7-'Total FTE'!H7)/'Total FTE'!H7 -> 0.011263291 | I7: =('Total FTE'!J7-'Total FTE'!I7)/'Total FTE'!I7 -> 0.019424396 | ... S7: =('Total FTE'!T7-'Total FTE'!S7)/'Total FTE'!S7 -> 0.019280038
A8: University of Colorado-Colorado Springs | B8: =('Total FTE'!C8-'Total FTE'!B8)/'Total FTE'!B8 -> -0.025923209 | C8: =('Total FTE'!D8-'Total FTE'!C8)/'Total FTE'!C8 -> -0.016821491 | D8: =('Total FTE'!E8-'Total FTE'!D8)/'Total FTE'!D8 -> 0.014811032 | E8: =('Total FTE'!F8-'Total FTE'!E8)/'Total FTE'!E8 -> 0.0088072471 | F8: =('Total FTE'!G8-'Total FTE'!F8)/'Total FTE'!F8 -> 0.018707907 | G8: =('Total FTE'!H8-'Total FTE'!G8)/'Total FTE'!G8 -> 0.11628306 | H8: =('Total FTE'!I8-'Total FTE'!H8)/'Total FTE'!H8 -> 0.045866327 | I8: =('Total FTE'!J8-'Total FTE'!I8)/'Total FTE'!I8 -> 0.041967282 | ... S8: =('Total FTE'!T8-'Total FTE'!S8)/'Total FTE'!S8 -> 0.066539384
A9: University of Colorado-Denver | B9: =('Total FTE'!C9-'Total FTE'!B9)/'Total FTE'!B9 -> 0.035191369 | C9: =('Total FTE'!D9-'Total FTE'!C9)/'Total FTE'!C9 -> -0.023986766 | D9: =('Total FTE'!E9-'Total FTE'!D9)/'Total FTE'!D9 -> -0.017655367 | E9: =('Total FTE'!F9-'Total FTE'!E9)/'Total FTE'!E9 -> 0.011790079 | F9: =('Total FTE'!G9-'Total FTE'!F9)/'Total FTE'!F9 -> -0.0096632088 | G9: =('Total FTE'!H9-'Total FTE'!G9)/'Total FTE'!G9 -> 0.01262735 | H9: =('Total FTE'!I9-'Total FTE'!H9)/'Total FTE'!H9 -> 0.024415474 | I9: =('Total FTE'!J9-'Total FTE'!I9)/'Total FTE'!I9 -> 0.0032091627 | ... S9: =('Total FTE'!T9-'Total FTE'!S9)/'Total FTE'!S9 -> 0.20018005
A10: University of Colorado-Health Sciences | B10: =('Total FTE'!C10-'Total FTE'!B10)/'Total FTE'!B10 -> 0.04323827 | C10: =('Total FTE'!D10-'Total FTE'!C10)/'Total FTE'!C10 -> 0.07627866 | D10: =('Total FTE'!E10-'Total FTE'!D10)/'Total FTE'!D10 -> 0.026218763 | E10: =('Total FTE'!F10-'Total FTE'!E10)/'Total FTE'!E10 -> 0.013572854 | F10: =('Total FTE'!G10-'Total FTE'!F10)/'Total FTE'!F10 -> -0.019692792 | G10: =('Total FTE'!H10-'Total FTE'!G10)/'Total FTE'!G10 -> -0.040578546 | H10: =('Total FTE'!I10-'Total FTE'!H10)/'Total FTE'!H10 -> 0.019681742 | I10: =('Total FTE'!J10-'Total FTE'!I10)/'Total FTE'!I10 -> -0.030804928 | ... S10: =('Total FTE'!T10-'Total FTE'!S10)/'Total FTE'!S10 -> 0.30773017
A11: Board of Governors of Colorado State University System: | B11: =('Total FTE'!C11-'Total FTE'!B11)/'Total FTE'!B11 -> 0.011795477 | C11: =('Total FTE'!D11-'Total FTE'!C11)/'Total FTE'!C11 -> 0.0016773751 | D11: =('Total FTE'!E11-'Total FTE'!D11)/'Total FTE'!D11 -> 0.002392834 | E11: =('Total FTE'!F11-'Total FTE'!E11)/'Total FTE'!E11 -> 0.0066906073 | F11: =('Total FTE'!G11-'Total FTE'!F11)/'Total FTE'!F11 -> -0.0036251676 | G11: =('Total FTE'!H11-'Total FTE'!G11)/'Total FTE'!G11 -> -0.0061511497 | H11: =('Total FTE'!I11-'Total FTE'!H11)/'Total FTE'!H11 -> 0.011358745 | I11: =('Total FTE'!J11-'Total FTE'!I11)/'Total FTE'!I11 -> 0.010298548 | ... S11: =('Total FTE'!T11-'Total FTE'!S11)/'Total FTE'!S11 -> 0.034653786
A12: Colorado State University-Education & General | B12: =('Total FTE'!C12-'Total FTE'!B12)/'Total FTE'!B12 -> 0.011007169 | C12: =('Total FTE'!D12-'Total FTE'!C12)/'Total FTE'!C12 -> 0.0011435613 | D12: =('Total FTE'!E12-'Total FTE'!D12)/'Total FTE'!D12 -> 0.005419192 | E12: =('Total FTE'!F12-'Total FTE'!E12)/'Total FTE'!E12 -> 0.013306357 | F12: =('Total FTE'!G12-'Total FTE'!F12)/'Total FTE'!F12 -> 0.0068601853 | G12: =('Total FTE'!H12-'Total FTE'!G12)/'Total FTE'!G12 -> -0.0061015915 | H12: =('Total FTE'!I12-'Total FTE'!H12)/'Total FTE'!H12 -> 0.016191743 | I12: =('Total FTE'!J12-'Total FTE'!I12)/'Total FTE'!I12 -> 0.01131724 | ... S12: =('Total FTE'!T12-'Total FTE'!S12)/'Total FTE'!S12 -> 0.0208956
A13: Colorado State University-Professional Veterinary Medicine | B13: =('Total FTE'!C13-'Total FTE'!B13)/'Total FTE'!B13 -> -0.013257306 | C13: =('Total FTE'!D13-'Total FTE'!C13)/'Total FTE'!C13 -> 0.060242704 | D13: =('Total FTE'!E13-'Total FTE'!D13)/'Total FTE'!D13 -> -0.023300177 | E13: =('Total FTE'!F13-'Total FTE'!E13)/'Total FTE'!E13 -> 0.0082310268 | F13: =('Total FTE'!G13-'Total FTE'!F13)/'Total FTE'!F13 -> 0.0056731701 | G13: =('Total FTE'!H13-'Total FTE'!G13)/'Total FTE'!G13 -> 0.0020638415 | H13: =('Total FTE'!I13-'Total FTE'!H13)/'Total FTE'!H13 -> 0.011945627 | I13: =('Total FTE'!J13-'Total FTE'!I13)/'Total FTE'!I13 -> -0.0059701493 | ... S13: =('Total FTE'!T13-'Total FTE'!S13)/'Total FTE'!S13 -> 0.06698081
A14: Colorado State University - Pueblo | B14: =('Total FTE'!C14-'Total FTE'!B14)/'Total FTE'!B14 -> 0.019954819 | C14: =('Total FTE'!D14-'Total FTE'!C14)/'Total FTE'!C14 -> -0.0057831918 | D14: =('Total FTE'!E14-'Total FTE'!D14)/'Total FTE'!D14 -> -0.0073019802 | E14: =('Total FTE'!F14-'Total FTE'!E14)/'Total FTE'!E14 -> -0.025383369 | F14: =('Total FTE'!G14-'Total FTE'!F14)/'Total FTE'!F14 -> -0.057742984 | G14: =('Total FTE'!H14-'Total FTE'!G14)/'Total FTE'!G14 -> -0.0080369264 | H14: =('Total FTE'!I14-'Total FTE'!H14)/'Total FTE'!H14 -> -0.014616522 | I14: =('Total FTE'!J14-'Total FTE'!I14)/'Total FTE'!I14 -> 0.0080083333 | ... S14: =('Total FTE'!T14-'Total FTE'!S14)/'Total FTE'!S14 -> 0.1063847
A15: Trustees of Fort Lewis College:
A16: Fort Lewis College | B16: =('Total FTE'!C16-'Total FTE'!B16)/'Total FTE'!B16 -> 0.019509623 | C16: =('Total FTE'!D16-'Total FTE'!C16)/'Total FTE'!C16 -> 0.042410137 | D16: =('Total FTE'!E16-'Total FTE'!D16)/'Total FTE'!D16 -> -0.021086579 | E16: =('Total FTE'!F16-'Total FTE'!E16)/'Total FTE'!E16 -> 0.046122656 | F16: =('Total FTE'!G16-'Total FTE'!F16)/'Total FTE'!F16 -> 0.01501938 | G16: =('Total FTE'!H16-'Total FTE'!G16)/'Total FTE'!G16 -> -0.0054892601 | H16: =('Total FTE'!I16-'Total FTE'!H16)/'Total FTE'!H16 -> -0.033357331 | I16: =('Total FTE'!J16-'Total FTE'!I16)/'Total FTE'!I16 -> 0.027308838 | ... S16: =('Total FTE'!T16-'Total FTE'!S16)/'Total FTE'!S16 -> -0.012123478
A17: Trustees of Colorado School of Mines:
A18: Colorado School of Mines | B18: =('Total FTE'!C18-'Total FTE'!B18)/'Total FTE'!B18 -> 0.11076564 | C18: =('Total FTE'!D18-'Total FTE'!C18)/'Total FTE'!C18 -> 0.051784465 | D18: =('Total FTE'!E18-'Total FTE'!D18)/'Total FTE'!D18 -> 0.029274784 | E18: =('Total FTE'!F18-'Total FTE'!E18)/'Total FTE'!E18 -> 0.03070459 | F18: =('Total FTE'!G18-'Total FTE'!F18)/'Total FTE'!F18 -> 0.01661963 | G18: =('Total FTE'!H18-'Total FTE'!G18)/'Total FTE'!G18 -> -0.0095619988 | H18: =('Total FTE'!I18-'Total FTE'!H18)/'Total FTE'!H18 -> 0.012208035 | I18: =('Total FTE'!J18-'Total FTE'!I18)/'Total FTE'!I18 -> 0.0080610424 | ... S18: =('Total FTE'!T18-'Total FTE'!S18)/'Total FTE'!S18 -> 0.062257823
A19: Board of Trustees University of Northern Colorado:
A20: University of Northern Colorado | B20: =('Total FTE'!C20-'Total FTE'!B20)/'Total FTE'!B20 -> -0.006753991 | C20: =('Total FTE'!D20-'Total FTE'!C20)/'Total FTE'!C20 -> 0.013805893 | D20: =('Total FTE'!E20-'Total FTE'!D20)/'Total FTE'!D20 -> -0.012093496 | E20: =('Total FTE'!F20-'Total FTE'!E20)/'Total FTE'!E20 -> -0.017179303 | F20: =('Total FTE'!G20-'Total FTE'!F20)/'Total FTE'!F20 -> -0.01161817 | G20: =('Total FTE'!H20-'Total FTE'!G20)/'Total FTE'!G20 -> 0.018638145 | H20: =('Total FTE'!I20-'Total FTE'!H20)/'Total FTE'!H20 -> 0.030913816 | I20: =('Total FTE'!J20-'Total FTE'!I20)/'Total FTE'!I20 -> 0.038153113 | ... S20: =('Total FTE'!T20-'Total FTE'!S20)/'Total FTE'!S20 -> 0.027570196
A21: Trustees of Adams State College:
A22: Adams State College | B22: =('Total FTE'!C22-'Total FTE'!B22)/'Total FTE'!B22 -> -0.011774601 | C22: =('Total FTE'!D22-'Total FTE'!C22)/'Total FTE'!C22 -> -0.079148936 | D22: =('Total FTE'!E22-'Total FTE'!D22)/'Total FTE'!D22 -> 0.042051756 | E22: =('Total FTE'!F22-'Total FTE'!E22)/'Total FTE'!E22 -> 0.0084257206 | F22: =('Total FTE'!G22-'Total FTE'!F22)/'Total FTE'!F22 -> 0.0092348285 | G22: =('Total FTE'!H22-'Total FTE'!G22)/'Total FTE'!G22 -> -0.051416122 | H22: =('Total FTE'!I22-'Total FTE'!H22)/'Total FTE'!H22 -> 0.04095085 | I22: =('Total FTE'!J22-'Total FTE'!I22)/'Total FTE'!I22 -> -0.0019636829 | ... S22: =('Total FTE'!T22-'Total FTE'!S22)/'Total FTE'!S22 -> 0.13047578
A23: Trustees of Mesa State College:
A24: Mesa State College | B24: =('Total FTE'!C24-'Total FTE'!B24)/'Total FTE'!B24 -> 0.028887001 | C24: =('Total FTE'!D24-'Total FTE'!C24)/'Total FTE'!C24 -> 0.027800716 | D24: =('Total FTE'!E24-'Total FTE'!D24)/'Total FTE'!D24 -> 0.042581682 | E24: =('Total FTE'!F24-'Total FTE'!E24)/'Total FTE'!E24 -> 0.027742101 | F24: =('Total FTE'!G24-'Total FTE'!F24)/'Total FTE'!F24 -> 0.017995501 | G24: =('Total FTE'!H24-'Total FTE'!G24)/'Total FTE'!G24 -> 0.0029462313 | H24: =('Total FTE'!I24-'Total FTE'!H24)/'Total FTE'!H24 -> 0.025458996 | I24: =('Total FTE'!J24-'Total FTE'!I24)/'Total FTE'!I24 -> -0.011363094 | ... S24: =('Total FTE'!T24-'Total FTE'!S24)/'Total FTE'!S24 -> 0.17207223
A25: Trustees of Metropolitan State College:
A26: Metropolitan State College of Denver | B26: =('Total FTE'!C26-'Total FTE'!B26)/'Total FTE'!B26 -> -0.014740659 | C26: =('Total FTE'!D26-'Total FTE'!C26)/'Total FTE'!C26 -> -0.015361229 | D26: =('Total FTE'!E26-'Total FTE'!D26)/'Total FTE'!D26 -> -0.0049565288 | E26: =('Total FTE'!F26-'Total FTE'!E26)/'Total FTE'!E26 -> -0.012983831 | F26: =('Total FTE'!G26-'Total FTE'!F26)/'Total FTE'!F26 -> 0.021510714 | G26: =('Total FTE'!H26-'Total FTE'!G26)/'Total FTE'!G26 -> 0.016927189 | H26: =('Total FTE'!I26-'Total FTE'!H26)/'Total FTE'!H26 -> -0.019034724 | I26: =('Total FTE'!J26-'Total FTE'!I26)/'Total FTE'!I26 -> 0.0042404806 | ... S26: =('Total FTE'!T26-'Total FTE'!S26)/'Total FTE'!S26 -> 0.072264904
A27: Trustees of Western State College:
A28: Western State College | B28: =('Total FTE'!C28-'Total FTE'!B28)/'Total FTE'!B28 -> 0.038706933 | C28: =('Total FTE'!D28-'Total FTE'!C28)/'Total FTE'!C28 -> -0.11670762 | D28: =('Total FTE'!E28-'Total FTE'!D28)/'Total FTE'!D28 -> 0.0018544274 | E28: =('Total FTE'!F28-'Total FTE'!E28)/'Total FTE'!E28 -> 0.030078667 | F28: =('Total FTE'!G28-'Total FTE'!F28)/'Total FTE'!F28 -> 0.02425876 | G28: =('Total FTE'!H28-'Total FTE'!G28)/'Total FTE'!G28 -> -0.024561404 | H28: =('Total FTE'!I28-'Total FTE'!H28)/'Total FTE'!H28 -> -0.011690647 | I28: =('Total FTE'!J28-'Total FTE'!I28)/'Total FTE'!I28 -> -0.008644222 | ... S28: =('Total FTE'!T28-'Total FTE'!S28)/'Total FTE'!S28 -> -0.0092826006
A29: Community Colleges of Colorado: | B29: =('Total FTE'!C29-'Total FTE'!B29)/'Total FTE'!B29 -> 0.063967367 | C29: =('Total FTE'!D29-'Total FTE'!C29)/'Total FTE'!C29 -> -0.0013347722 | D29: =('Total FTE'!E29-'Total FTE'!D29)/'Total FTE'!D29 -> -0.0014787431 | E29: =('Total FTE'!F29-'Total FTE'!E29)/'Total FTE'!E29 -> -0.00076894597 | F29: =('Total FTE'!G29-'Total FTE'!F29)/'Total FTE'!F29 -> 0.0039331927 | G29: =('Total FTE'!H29-'Total FTE'!G29)/'Total FTE'!G29 -> 0.013967749 | H29: =('Total FTE'!I29-'Total FTE'!H29)/'Total FTE'!H29 -> 0.036322657 | I29: =('Total FTE'!J29-'Total FTE'!I29)/'Total FTE'!I29 -> 0.01238825 | ... S29: =('Total FTE'!T29-'Total FTE'!S29)/'Total FTE'!S29 -> 0.19641233
A30: Arapahoe Community College | B30: =('Total FTE'!C30-'Total FTE'!B30)/'Total FTE'!B30 -> 0.0041182171 | C30: =('Total FTE'!D30-'Total FTE'!C30)/'Total FTE'!C30 -> -0.0084439083 | D30: =('Total FTE'!E30-'Total FTE'!D30)/'Total FTE'!D30 -> -0.018004866 | E30: =('Total FTE'!F30-'Total FTE'!E30)/'Total FTE'!E30 -> 0.0089197225 | F30: =('Total FTE'!G30-'Total FTE'!F30)/'Total FTE'!F30 -> 0.0044204322 | G30: =('Total FTE'!H30-'Total FTE'!G30)/'Total FTE'!G30 -> -0.00097799511 | H30: =('Total FTE'!I30-'Total FTE'!H30)/'Total FTE'!H30 -> 0.029858052 | I30: =('Total FTE'!J30-'Total FTE'!I30)/'Total FTE'!I30 -> -0.016230989 | ... S30: =('Total FTE'!T30-'Total FTE'!S30)/'Total FTE'!S30 -> 0.17047627
A31: Colorado Northwestern Community College | B31: =('Total FTE'!C31-'Total FTE'!B31)/'Total FTE'!B31 -> 0.074332172 | C31: =('Total FTE'!D31-'Total FTE'!C31)/'Total FTE'!C31 -> -0.052972973 | D31: =('Total FTE'!E31-'Total FTE'!D31)/'Total FTE'!D31 -> -0.069634703 | E31: =('Total FTE'!F31-'Total FTE'!E31)/'Total FTE'!E31 -> 0.0061349693 | F31: =('Total FTE'!G31-'Total FTE'!F31)/'Total FTE'!F31 -> 0.015853659 | G31: =('Total FTE'!H31-'Total FTE'!G31)/'Total FTE'!G31 -> 0.039615846 | H31: =('Total FTE'!I31-'Total FTE'!H31)/'Total FTE'!H31 -> -0.081986143 | I31: =('Total FTE'!J31-'Total FTE'!I31)/'Total FTE'!I31 -> -0.081396226 | ... S31: =('Total FTE'!T31-'Total FTE'!S31)/'Total FTE'!S31 -> 0.042263965
A32: Community College of Aurora | B32: =('Total FTE'!C32-'Total FTE'!B32)/'Total FTE'!B32 -> 0.061046512 | C32: =('Total FTE'!D32-'Total FTE'!C32)/'Total FTE'!C32 -> 0.057534247 | D32: =('Total FTE'!E32-'Total FTE'!D32)/'Total FTE'!D32 -> -0.011472983 | E32: =('Total FTE'!F32-'Total FTE'!E32)/'Total FTE'!E32 -> -0.019468364 | F32: =('Total FTE'!G32-'Total FTE'!F32)/'Total FTE'!F32 -> -0.07674685 | G32: =('Total FTE'!H32-'Total FTE'!G32)/'Total FTE'!G32 -> -0.005789909 | H32: =('Total FTE'!I32-'Total FTE'!H32)/'Total FTE'!H32 -> 0.071963394 | I32: =('Total FTE'!J32-'Total FTE'!I32)/'Total FTE'!I32 -> 0.044854482 | ... S32: =('Total FTE'!T32-'Total FTE'!S32)/'Total FTE'!S32 -> 0.17547782
A33: Community College of Denver | B33: =('Total FTE'!C33-'Total FTE'!B33)/'Total FTE'!B33 -> 0.11259921 | C33: =('Total FTE'!D33-'Total FTE'!C33)/'Total FTE'!C33 -> 0.026081141 | D33: =('Total FTE'!E33-'Total FTE'!D33)/'Total FTE'!D33 -> -0.035411688 | E33: =('Total FTE'!F33-'Total FTE'!E33)/'Total FTE'!E33 -> -0.045945946 | F33: =('Total FTE'!G33-'Total FTE'!F33)/'Total FTE'!F33 -> -0.0021246459 | G33: =('Total FTE'!H33-'Total FTE'!G33)/'Total FTE'!G33 -> -0.044712562 | H33: =('Total FTE'!I33-'Total FTE'!H33)/'Total FTE'!H33 -> 0.0081723626 | I33: =('Total FTE'!J33-'Total FTE'!I33)/'Total FTE'!I33 -> -0.011026775 | ... S33: =('Total FTE'!T33-'Total FTE'!S33)/'Total FTE'!S33 -> 0.3998049
A34: Front Range Community College | B34: =('Total FTE'!C34-'Total FTE'!B34)/'Total FTE'!B34 -> 0.057427013 | C34: =('Total FTE'!D34-'Total FTE'!C34)/'Total FTE'!C34 -> -0.016535194 | D34: =('Total FTE'!E34-'Total FTE'!D34)/'Total FTE'!D34 -> -0.020515194 | E34: =('Total FTE'!F34-'Total FTE'!E34)/'Total FTE'!E34 -> 0.060944882 | F34: =('Total FTE'!G34-'Total FTE'!F34)/'Total FTE'!F34 -> -0.0431943 | G34: =('Total FTE'!H34-'Total FTE'!G34)/'Total FTE'!G34 -> 0.0083772882 | H34: =('Total FTE'!I34-'Total FTE'!H34)/'Total FTE'!H34 -> 0.078153846 | I34: =('Total FTE'!J34-'Total FTE'!I34)/'Total FTE'!I34 -> 0.065430936 | ... S34: =('Total FTE'!T34-'Total FTE'!S34)/'Total FTE'!S34 -> 0.19490345
A35: Lamar Community College | B35: =('Total FTE'!C35-'Total FTE'!B35)/'Total FTE'!B35 -> 0.059654631 | C35: =('Total FTE'!D35-'Total FTE'!C35)/'Total FTE'!C35 -> -0.031111111 | D35: =('Total FTE'!E35-'Total FTE'!D35)/'Total FTE'!D35 -> -0.036697248 | E35: =('Total FTE'!F35-'Total FTE'!E35)/'Total FTE'!E35 -> 0.053968254 | F35: =('Total FTE'!G35-'Total FTE'!F35)/'Total FTE'!F35 -> 0.051204819 | G35: =('Total FTE'!H35-'Total FTE'!G35)/'Total FTE'!G35 -> 0.055873926 | H35: =('Total FTE'!I35-'Total FTE'!H35)/'Total FTE'!H35 -> 0.010854817 | I35: =('Total FTE'!J35-'Total FTE'!I35)/'Total FTE'!I35 -> -0.096174497 | ... S35: =('Total FTE'!T35-'Total FTE'!S35)/'Total FTE'!S35 -> -0.034373142
A36: Morgan Community College | B36: =('Total FTE'!C36-'Total FTE'!B36)/'Total FTE'!B36 -> 0.29623288 | C36: =('Total FTE'!D36-'Total FTE'!C36)/'Total FTE'!C36 -> 0.11756935 | D36: =('Total FTE'!E36-'Total FTE'!D36)/'Total FTE'!D36 -> -0.1536643 | E36: =('Total FTE'!F36-'Total FTE'!E36)/'Total FTE'!E36 -> 0.074022346 | F36: =('Total FTE'!G36-'Total FTE'!F36)/'Total FTE'!F36 -> 0.059817945 | G36: =('Total FTE'!H36-'Total FTE'!G36)/'Total FTE'!G36 -> 0.078527607 | H36: =('Total FTE'!I36-'Total FTE'!H36)/'Total FTE'!H36 -> 0.054607509 | I36: =('Total FTE'!J36-'Total FTE'!I36)/'Total FTE'!I36 -> 0.034983819 | ... S36: =('Total FTE'!T36-'Total FTE'!S36)/'Total FTE'!S36 -> 0.053614842
A37: Northeastern Junior College | B37: =('Total FTE'!C37-'Total FTE'!B37)/'Total FTE'!B37 -> 0.025280899 | C37: =('Total FTE'!D37-'Total FTE'!C37)/'Total FTE'!C37 -> -0.096986301 | D37: =('Total FTE'!E37-'Total FTE'!D37)/'Total FTE'!D37 -> -0.0091019417 | E37: =('Total FTE'!F37-'Total FTE'!E37)/'Total FTE'!E37 -> -0.024494795 | F37: =('Total FTE'!G37-'Total FTE'!F37)/'Total FTE'!F37 -> 0.075329567 | G37: =('Total FTE'!H37-'Total FTE'!G37)/'Total FTE'!G37 -> -0.10566258 | H37: =('Total FTE'!I37-'Total FTE'!H37)/'Total FTE'!H37 -> 0.030678851 | I37: =('Total FTE'!J37-'Total FTE'!I37)/'Total FTE'!I37 -> -0.026282457 | ... S37: =('Total FTE'!T37-'Total FTE'!S37)/'Total FTE'!S37 -> 0.018989716
A38: Otero Junior College | B38: =('Total FTE'!C38-'Total FTE'!B38)/'Total FTE'!B38 -> 0.016528926 | C38: =('Total FTE'!D38-'Total FTE'!C38)/'Total FTE'!C38 -> 0.082655827 | D38: =('Total FTE'!E38-'Total FTE'!D38)/'Total FTE'!D38 -> 0.017521902 | E38: =('Total FTE'!F38-'Total FTE'!E38)/'Total FTE'!E38 -> -0.046740467 | F38: =('Total FTE'!G38-'Total FTE'!F38)/'Total FTE'!F38 -> 0.038709677 | G38: =('Total FTE'!H38-'Total FTE'!G38)/'Total FTE'!G38 -> 0.060869565 | H38: =('Total FTE'!I38-'Total FTE'!H38)/'Total FTE'!H38 -> 0.06088993 | I38: =('Total FTE'!J38-'Total FTE'!I38)/'Total FTE'!I38 -> 0.057969095 | ... S38: =('Total FTE'!T38-'Total FTE'!S38)/'Total FTE'!S38 -> 0.051224507
A39: Pikes Peak Community College | B39: =('Total FTE'!C39-'Total FTE'!B39)/'Total FTE'!B39 -> 0.039132284 | C39: =('Total FTE'!D39-'Total FTE'!C39)/'Total FTE'!C39 -> -0.061399918 | D39: =('Total FTE'!E39-'Total FTE'!D39)/'Total FTE'!D39 -> 0.023549935 | E39: =('Total FTE'!F39-'Total FTE'!E39)/'Total FTE'!E39 -> -0.028547081 | F39: =('Total FTE'!G39-'Total FTE'!F39)/'Total FTE'!F39 -> 0.053508772 | G39: =('Total FTE'!H39-'Total FTE'!G39)/'Total FTE'!G39 -> 0.023938385 | H39: =('Total FTE'!I39-'Total FTE'!H39)/'Total FTE'!H39 -> 0.038422444 | I39: =('Total FTE'!J39-'Total FTE'!I39)/'Total FTE'!I39 -> 0.035591229 | ... S39: =('Total FTE'!T39-'Total FTE'!S39)/'Total FTE'!S39 -> 0.18387747
... A48: Public Summary | B48: =('Total FTE'!C48-'Total FTE'!B48)/'Total FTE'!B48 -> 0.018501923 | C48: =('Total FTE'!D48-'Total FTE'!C48)/'Total FTE'!C48 -> -0.003958492 | D48: =('Total FTE'!E48-'Total FTE'!D48)/'Total FTE'!D48 -> -0.0044687557 | E48: =('Total FTE'!F48-'Total FTE'!E48)/'Total FTE'!E48 -> 0.00070418874 | F48: =('Total FTE'!G48-'Total FTE'!F48)/'Total FTE'!F48 -> 0.005082854 | G48: =('Total FTE'!H48-'Total FTE'!G48)/'Total FTE'!G48 -> 0.010745015 | H48: =('Total FTE'!I48-'Total FTE'!H48)/'Total FTE'!H48 -> 0.016805636 | I48: =('Total FTE'!J48-'Total FTE'!I48)/'Total FTE'!I48 -> 0.011558217 | ... S48: =('Total FTE'!T48-'Total FTE'!S48)/'Total FTE'!S48 -> 0.10515056
