Workbook

Sheet Data
A1: Railroad Fuel Surcharges
B3: Mileage-based ($/mile) | N3: As a percent of tariff
B4: (values prior to Apr 07 are estimates for all railraods except BNSF, for which values prior to Jan 06 are estimates) | N4: (all values after April 2007 are estimates)
B5: Starting Jan-09 CP is calculated using average of bi-weekly fuel surcharge
I6: N. Amer. | J6: Weighted | K6: 3-year Monthly | U6: N. Amer. | V6: Weighted | X6: KCS
A7: Month-Year | B7: BNSF | C7: CN | D7: CP | E7: CSXT | F7: KCS | G7: NS | H7: UP | I7: Average | J7: Average | K7: Average | N7: BNSF | O7: CN | P7: CP | Q7: CSXT | R7: KCS | S7: NS | T7: UP | U7: Average | V7: Average | X7: Mexico | Y7: FerroMex
A8: 36708 | M8: 36708 | S8: 0.02 | U8: =AVERAGE(N8:T8) -> 0.02
A9: 36739 | M9: 36739 | S9: 0.02 | U9: =AVERAGE(N9:T9) -> 0.02
A10: 36770 | M10: 36770 | S10: 0.02 | U10: =AVERAGE(N10:T10) -> 0.02
A11: 36800 | M11: 36800 | S11: 0.02 | U11: =AVERAGE(N11:T11) -> 0.02
A12: 36831 | M12: 36831 | Q12: 0.02 | S12: 0.02 | U12: =AVERAGE(N12:T12) -> 0.02
A13: 36861 | M13: 36861 | Q13: 0.02 | S13: 0.02 | U13: =AVERAGE(N13:T13) -> 0.02
A14: 36892 | B14: 0.1 | C14: 0.0793 | D14: 0 | E14: 0 | F14: 0 | G14: 0 | H14: 0 | I14: =AVERAGE(B14,C14,D14,E14,F14,G14,H14) -> 0.025614286 | M14: 36892 | Q14: 0.02 | S14: 0.02 | U14: =AVERAGE(N14:T14) -> 0.02 | V14: =SUM(N14*'Annual Avg.'!$M$9,O14*'Annual Avg.'!$N$9,P14*'Annual Avg.'!$O$9,Q14*'Annual Avg.'!$P$9,R14*'Annual Avg.'!$Q$9,S14*'Annual Avg.'!$R$9,T14*'Annual Avg.'!$S$9) -> 0
A15: 36923 | B15: 0.08 | C15: 0.0671 | D15: 0 | E15: 0 | F15: 0 | G15: 0 | H15: 0 | I15: =AVERAGE(B15,C15,D15,E15,F15,G15,H15) -> 0.021014286 | M15: 36923 | Q15: 0.02 | S15: 0.02 | U15: =AVERAGE(N15:T15) -> 0.02 | V15: =SUM(N15*'Annual Avg.'!$M$9,O15*'Annual Avg.'!$N$9,P15*'Annual Avg.'!$O$9,Q15*'Annual Avg.'!$P$9,R15*'Annual Avg.'!$Q$9,S15*'Annual Avg.'!$R$9,T15*'Annual Avg.'!$S$9) -> 0
A16: 36951 | B16: 0.07 | C16: 0.061 | D16: 0 | E16: 0 | F16: 0 | G16: 0 | H16: 0 | I16: =AVERAGE(B16,C16,D16,E16,F16,G16,H16) -> 0.018714286 | M16: 36951 | Q16: 0.02 | S16: 0.02 | U16: =AVERAGE(N16:T16) -> 0.02 | V16: =SUM(N16*'Annual Avg.'!$M$9,O16*'Annual Avg.'!$N$9,P16*'Annual Avg.'!$O$9,Q16*'Annual Avg.'!$P$9,R16*'Annual Avg.'!$Q$9,S16*'Annual Avg.'!$R$9,T16*'Annual Avg.'!$S$9) -> 0
A17: 36982 | B17: 0.07 | C17: 0.0549 | D17: 0 | E17: 0 | F17: 0 | G17: 0 | H17: 0 | I17: =AVERAGE(B17,C17,D17,E17,F17,G17,H17) -> 0.017842857 | M17: 36982 | Q17: 0.02 | S17: 0.02 | U17: =AVERAGE(N17:T17) -> 0.02 | V17: =SUM(N17*'Annual Avg.'!$M$9,O17*'Annual Avg.'!$N$9,P17*'Annual Avg.'!$O$9,Q17*'Annual Avg.'!$P$9,R17*'Annual Avg.'!$Q$9,S17*'Annual Avg.'!$R$9,T17*'Annual Avg.'!$S$9) -> 0
A18: 37012 | B18: 0.04 | C18: 0.0305 | D18: 0 | E18: 0 | F18: 0 | G18: 0 | H18: 0 | I18: =AVERAGE(B18,C18,D18,E18,F18,G18,H18) -> 0.010071429 | M18: 37012 | Q18: 0.02 | S18: 0.02 | U18: =AVERAGE(N18:T18) -> 0.02 | V18: =SUM(N18*'Annual Avg.'!$M$9,O18*'Annual Avg.'!$N$9,P18*'Annual Avg.'!$O$9,Q18*'Annual Avg.'!$P$9,R18*'Annual Avg.'!$Q$9,S18*'Annual Avg.'!$R$9,T18*'Annual Avg.'!$S$9) -> 0
A19: 37043 | B19: 0.05 | C19: 0.0366 | D19: 0 | E19: 0 | F19: 0 | G19: 0 | H19: 0 | I19: =AVERAGE(B19,C19,D19,E19,F19,G19,H19) -> 0.012371429 | M19: 37043 | Q19: 0.02 | S19: 0.02 | U19: =AVERAGE(N19:T19) -> 0.02 | V19: =SUM(N19*'Annual Avg.'!$M$9,O19*'Annual Avg.'!$N$9,P19*'Annual Avg.'!$O$9,Q19*'Annual Avg.'!$P$9,R19*'Annual Avg.'!$Q$9,S19*'Annual Avg.'!$R$9,T19*'Annual Avg.'!$S$9) -> 0
A20: 37073 | B20: 0.07 | C20: 0.0549 | D20: 0 | E20: 0 | F20: 0 | G20: 0 | H20: 0 | I20: =AVERAGE(B20,C20,D20,E20,F20,G20,H20) -> 0.017842857 | M20: 37073 | Q20: 0.02 | S20: 0.02 | U20: =AVERAGE(N20:T20) -> 0.02 | V20: =SUM(N20*'Annual Avg.'!$M$9,O20*'Annual Avg.'!$N$9,P20*'Annual Avg.'!$O$9,Q20*'Annual Avg.'!$P$9,R20*'Annual Avg.'!$Q$9,S20*'Annual Avg.'!$R$9,T20*'Annual Avg.'!$S$9) -> 0
A21: 37104 | B21: 0.06 | C21: 0.0488 | D21: 0 | E21: 0 | F21: 0 | G21: 0 | H21: 0 | I21: =AVERAGE(B21,C21,D21,E21,F21,G21,H21) -> 0.015542857 | M21: 37104 | Q21: 0.02 | S21: 0.02 | U21: =AVERAGE(N21:T21) -> 0.02 | V21: =SUM(N21*'Annual Avg.'!$M$9,O21*'Annual Avg.'!$N$9,P21*'Annual Avg.'!$O$9,Q21*'Annual Avg.'!$P$9,R21*'Annual Avg.'!$Q$9,S21*'Annual Avg.'!$R$9,T21*'Annual Avg.'!$S$9) -> 0
A22: 37135 | B22: 0.04 | C22: 0.0305 | D22: 0 | E22: 0 | F22: 0 | G22: 0 | H22: 0 | I22: =AVERAGE(B22,C22,D22,E22,F22,G22,H22) -> 0.010071429 | M22: 37135 | Q22: 0.02 | S22: 0.02 | U22: =AVERAGE(N22:T22) -> 0.02 | V22: =SUM(N22*'Annual Avg.'!$M$9,O22*'Annual Avg.'!$N$9,P22*'Annual Avg.'!$O$9,Q22*'Annual Avg.'!$P$9,R22*'Annual Avg.'!$Q$9,S22*'Annual Avg.'!$R$9,T22*'Annual Avg.'!$S$9) -> 0
A23: 37165 | B23: 0.04 | C23: 0.0305 | D23: 0 | E23: 0 | F23: 0 | G23: 0 | H23: 0 | I23: =AVERAGE(B23,C23,D23,E23,F23,G23,H23) -> 0.010071429 | J23: =SUM(B23*$B$186,C23*$C$186,D23*$D$186,E23*$E$186,F23*$F$186,G23*$G$186,H23*$H$186) -> 0.0149054 | M23: 37165 | O23: 0.02 | Q23: 0.02 | S23: 0.02 | U23: =AVERAGE(N23:T23) -> 0.02 | V23: =SUM(N23*'Annual Avg.'!$M$9,O23*'Annual Avg.'!$N$9,P23*'Annual Avg.'!$O$9,Q23*'Annual Avg.'!$P$9,R23*'Annual Avg.'!$Q$9,S23*'Annual Avg.'!$R$9,T23*'Annual Avg.'!$S$9) -> 0
A24: 37196 | B24: 0.07 | C24: 0.0549 | D24: 0 | E24: 0 | F24: 0 | G24: 0 | H24: 0 | I24: =AVERAGE(B24,C24,D24,E24,F24,G24,H24) -> 0.017842857 | J24: =SUM(B24*$B$186,C24*$C$186,D24*$D$186,E24*$E$186,F24*$F$186,G24*$G$186,H24*$H$186) -> 0.02628392 | M24: 37196 | O24: 0.02 | Q24: 0 | S24: 0 | U24: =AVERAGE(N24:T24) -> 0.0066666667 | V24: =SUM(N24*'Annual Avg.'!$M$9,O24*'Annual Avg.'!$N$9,P24*'Annual Avg.'!$O$9,Q24*'Annual Avg.'!$P$9,R24*'Annual Avg.'!$Q$9,S24*'Annual Avg.'!$R$9,T24*'Annual Avg.'!$S$9) -> 0
A25: 37226 | B25: 0.03 | C25: 0.0244 | D25: 0 | E25: 0 | F25: 0 | G25: 0 | H25: 0 | I25: =AVERAGE(B25,C25,D25,E25,F25,G25,H25) -> 0.0077714286 | J25: =SUM(B25*$B$186,C25*$C$186,D25*$D$186,E25*$E$186,F25*$F$186,G25*$G$186,H25*$H$186) -> 0.01137852 | M25: 37226 | O25: 0.02 | Q25: 0 | S25: 0 | U25: =AVERAGE(N25:T25) -> 0.0066666667 | V25: =SUM(N25*'Annual Avg.'!$M$9,O25*'Annual Avg.'!$N$9,P25*'Annual Avg.'!$O$9,Q25*'Annual Avg.'!$P$9,R25*'Annual Avg.'!$Q$9,S25*'Annual Avg.'!$R$9,T25*'Annual Avg.'!$S$9) -> 0
A26: 37257 | B26: 0.01 | C26: 0.0061 | D26: 0 | E26: 0 | F26: 0 | G26: 0 | H26: 0 | I26: =AVERAGE(B26,C26,D26,E26,F26,G26,H26) -> 0.0023 | J26: =SUM(B26*$B$186,C26*$C$186,D26*$D$186,E26*$E$186,F26*$F$186,G26*$G$186,H26*$H$186) -> 0.00352688 | M26: 37257 | N26: 0 | O26: 0 | P26: 0 | Q26: 0 | S26: 0 | U26: =AVERAGE(N26:T26) -> 0 | V26: =SUM(N26*'Annual Avg.'!$M$9,O26*'Annual Avg.'!$N$9,P26*'Annual Avg.'!$O$9,Q26*'Annual Avg.'!$P$9,R26*'Annual Avg.'!$Q$9,S26*'Annual Avg.'!$R$9,T26*'Annual Avg.'!$S$9) -> 0
A27: 37288 | B27: 0 | C27: 0 | D27: 0 | E27: 0 | F27: 0 | G27: 0 | H27: 0 | I27: =AVERAGE(B27,C27,D27,E27,F27,G27,H27) -> 0 | J27: =SUM(B27*$B$186,C27*$C$186,D27*$D$186,E27*$E$186,F27*$F$186,G27*$G$186,H27*$H$186) -> 0 | M27: 37288 | N27: 0 | O27: 0 | P27: 0 | Q27: 0 | S27: 0 | U27: =AVERAGE(N27:T27) -> 0 | V27: =SUM(N27*'Annual Avg.'!$M$9,O27*'Annual Avg.'!$N$9,P27*'Annual Avg.'!$O$9,Q27*'Annual Avg.'!$P$9,R27*'Annual Avg.'!$Q$9,S27*'Annual Avg.'!$R$9,T27*'Annual Avg.'!$S$9) -> 0
A28: 37316 | B28: 0 | C28: 0 | D28: 0 | E28: 0 | F28: 0 | G28: 0 | H28: 0 | I28: =AVERAGE(B28,C28,D28,E28,F28,G28,H28) -> 0 | J28: =SUM(B28*$B$186,C28*$C$186,D28*$D$186,E28*$E$186,F28*$F$186,G28*$G$186,H28*$H$186) -> 0 | M28: 37316 | N28: 0 | O28: 0 | P28: 0 | Q28: 0 | S28: 0 | U28: =AVERAGE(N28:T28) -> 0 | V28: =SUM(N28*'Annual Avg.'!$M$9,O28*'Annual Avg.'!$N$9,P28*'Annual Avg.'!$O$9,Q28*'Annual Avg.'!$P$9,R28*'Annual Avg.'!$Q$9,S28*'Annual Avg.'!$R$9,T28*'Annual Avg.'!$S$9) -> 0
A29: 37347 | B29: 0 | C29: 0 | D29: 0 | E29: 0 | F29: 0 | G29: 0 | H29: 0 | I29: =AVERAGE(B29,C29,D29,E29,F29,G29,H29) -> 0 | J29: =SUM(B29*$B$186,C29*$C$186,D29*$D$186,E29*$E$186,F29*$F$186,G29*$G$186,H29*$H$186) -> 0 | M29: 37347 | N29: 0 | O29: 0 | P29: 0 | Q29: 0 | S29: 0 | U29: =AVERAGE(N29:T29) -> 0 | V29: =SUM(N29*'Annual Avg.'!$M$9,O29*'Annual Avg.'!$N$9,P29*'Annual Avg.'!$O$9,Q29*'Annual Avg.'!$P$9,R29*'Annual Avg.'!$Q$9,S29*'Annual Avg.'!$R$9,T29*'Annual Avg.'!$S$9) -> 0
A30: 37377 | B30: 0 | C30: 0 | D30: 0 | E30: 0 | F30: 0 | G30: 0 | H30: 0 | I30: =AVERAGE(B30,C30,D30,E30,F30,G30,H30) -> 0 | J30: =SUM(B30*$B$186,C30*$C$186,D30*$D$186,E30*$E$186,F30*$F$186,G30*$G$186,H30*$H$186) -> 0 | M30: 37377 | N30: 0 | O30: 0 | P30: 0 | Q30: 0 | S30: 0 | U30: =AVERAGE(N30:T30) -> 0 | V30: =SUM(N30*'Annual Avg.'!$M$9,O30*'Annual Avg.'!$N$9,P30*'Annual Avg.'!$O$9,Q30*'Annual Avg.'!$P$9,R30*'Annual Avg.'!$Q$9,S30*'Annual Avg.'!$R$9,T30*'Annual Avg.'!$S$9) -> 0
A31: 37408 | B31: 0.02 | C31: 0.0122 | D31: 0 | E31: 0 | F31: 0 | G31: 0 | H31: 0 | I31: =AVERAGE(B31,C31,D31,E31,F31,G31,H31) -> 0.0046 | J31: =SUM(B31*$B$186,C31*$C$186,D31*$D$186,E31*$E$186,F31*$F$186,G31*$G$186,H31*$H$186) -> 0.00705376 | M31: 37408 | N31: 0.01 | O31: 0 | P31: 0 | Q31: 0 | S31: 0 | U31: =AVERAGE(N31:T31) -> 0.002 | V31: =SUM(N31*'Annual Avg.'!$M$9,O31*'Annual Avg.'!$N$9,P31*'Annual Avg.'!$O$9,Q31*'Annual Avg.'!$P$9,R31*'Annual Avg.'!$Q$9,S31*'Annual Avg.'!$R$9,T31*'Annual Avg.'!$S$9) -> 0
A32: 37438 | B32: 0.02 | C32: 0.0122 | D32: 0 | E32: 0 | F32: 0 | G32: 0 | H32: 0 | I32: =AVERAGE(B32,C32,D32,E32,F32,G32,H32) -> 0.0046 | J32: =SUM(B32*$B$186,C32*$C$186,D32*$D$186,E32*$E$186,F32*$F$186,G32*$G$186,H32*$H$186) -> 0.00705376 | M32: 37438 | N32: 0.01 | O32: 0.02 | P32: 0 | Q32: 0 | S32: 0 | U32: =AVERAGE(N32:T32) -> 0.006 | V32: =SUM(N32*'Annual Avg.'!$M$9,O32*'Annual Avg.'!$N$9,P32*'Annual Avg.'!$O$9,Q32*'Annual Avg.'!$P$9,R32*'Annual Avg.'!$Q$9,S32*'Annual Avg.'!$R$9,T32*'Annual Avg.'!$S$9) -> 0
A33: 37469 | B33: 0.01 | C33: 0.0122 | D33: 0 | E33: 0 | F33: 0 | G33: 0 | H33: 0 | I33: =AVERAGE(B33,C33,D33,E33,F33,G33,H33) -> 0.0031714286 | J33: =SUM(B33*$B$186,C33*$C$186,D33*$D$186,E33*$E$186,F33*$F$186,G33*$G$186,H33*$H$186) -> 0.00432476 | M33: 37469 | N33: 0 | O33: 0.02 | P33: 0 | Q33: 0 | S33: 0 | U33: =AVERAGE(N33:T33) -> 0.004 | V33: =SUM(N33*'Annual Avg.'!$M$9,O33*'Annual Avg.'!$N$9,P33*'Annual Avg.'!$O$9,Q33*'Annual Avg.'!$P$9,R33*'Annual Avg.'!$Q$9,S33*'Annual Avg.'!$R$9,T33*'Annual Avg.'!$S$9) -> 0
A34: 37500 | B34: 0.02 | C34: 0.0122 | D34: 0 | E34: 0 | F34: 0 | G34: 0 | H34: 0 | I34: =AVERAGE(B34,C34,D34,E34,F34,G34,H34) -> 0.0046 | J34: =SUM(B34*$B$186,C34*$C$186,D34*$D$186,E34*$E$186,F34*$F$186,G34*$G$186,H34*$H$186) -> 0.00705376 | M34: 37500 | N34: 0 | O34: 0.02 | P34: 0 | Q34: 0 | S34: 0 | U34: =AVERAGE(N34:T34) -> 0.004 | V34: =SUM(N34*'Annual Avg.'!$M$9,O34*'Annual Avg.'!$N$9,P34*'Annual Avg.'!$O$9,Q34*'Annual Avg.'!$P$9,R34*'Annual Avg.'!$Q$9,S34*'Annual Avg.'!$R$9,T34*'Annual Avg.'!$S$9) -> 0
A35: 37530 | B35: 0.02 | C35: 0.0183 | D35: 0 | E35: 0 | F35: 0 | G35: 0 | H35: 0 | I35: =AVERAGE(B35,C35,D35,E35,F35,G35,H35) -> 0.0054714286 | J35: =SUM(B35*$B$186,C35*$C$186,D35*$D$186,E35*$E$186,F35*$F$186,G35*$G$186,H35*$H$186) -> 0.00785164 | M35: 37530 | N35: 0.01 | O35: 0.04 | P35: 0 | Q35: 0.02 | S35: 0.02 | U35: =AVERAGE(N35:T35) -> 0.018 | V35: =SUM(N35*'Annual Avg.'!$M$9,O35*'Annual Avg.'!$N$9,P35*'Annual Avg.'!$O$9,Q35*'Annual Avg.'!$P$9,R35*'Annual Avg.'!$Q$9,S35*'Annual Avg.'!$R$9,T35*'Annual Avg.'!$S$9) -> 0
A36: 37561 | B36: 0.05 | C36: 0.0366 | D36: 0 | E36: 0 | F36: 0 | G36: 0 | H36: 0 | I36: =AVERAGE(B36,C36,D36,E36,F36,G36,H36) -> 0.012371429 | J36: =SUM(B36*$B$186,C36*$C$186,D36*$D$186,E36*$E$186,F36*$F$186,G36*$G$186,H36*$H$186) -> 0.01843228 | M36: 37561 | N36: 0.02 | O36: 0.04 | P36: 0 | Q36: 0.02 | S36: 0.02 | U36: =AVERAGE(N36:T36) -> 0.02 | V36: =SUM(N36*'Annual Avg.'!$M$9,O36*'Annual Avg.'!$N$9,P36*'Annual Avg.'!$O$9,Q36*'Annual Avg.'!$P$9,R36*'Annual Avg.'!$Q$9,S36*'Annual Avg.'!$R$9,T36*'Annual Avg.'!$S$9) -> 0
A37: 37591 | B37: 0.06 | C37: 0.0488 | D37: 0 | E37: 0 | F37: 0 | G37: 0 | H37: 0 | I37: =AVERAGE(B37,C37,D37,E37,F37,G37,H37) -> 0.015542857 | J37: =SUM(B37*$B$186,C37*$C$186,D37*$D$186,E37*$E$186,F37*$F$186,G37*$G$186,H37*$H$186) -> 0.02275704 | M37: 37591 | N37: 0.025 | O37: 0.04 | P37: 0 | Q37: 0 | S37: 0 | U37: =AVERAGE(N37:T37) -> 0.013 | V37: =SUM(N37*'Annual Avg.'!$M$9,O37*'Annual Avg.'!$N$9,P37*'Annual Avg.'!$O$9,Q37*'Annual Avg.'!$P$9,R37*'Annual Avg.'!$Q$9,S37*'Annual Avg.'!$R$9,T37*'Annual Avg.'!$S$9) -> 0
A38: 37622 | B38: 0.05 | C38: 0.0366 | D38: 0 | E38: 0 | F38: 0 | G38: 0 | H38: 0 | I38: =AVERAGE(B38,C38,D38,E38,F38,G38,H38) -> 0.012371429 | J38: =SUM(B38*$B$186,C38*$C$186,D38*$D$186,E38*$E$186,F38*$F$186,G38*$G$186,H38*$H$186) -> 0.01843228 | M38: 37622 | N38: 0.02 | O38: 0.04 | P38: 0 | Q38: 0 | S38: 0 | U38: =AVERAGE(N38:T38) -> 0.012 | V38: =SUM(N38*'Annual Avg.'!$M$9,O38*'Annual Avg.'!$N$9,P38*'Annual Avg.'!$O$9,Q38*'Annual Avg.'!$P$9,R38*'Annual Avg.'!$Q$9,S38*'Annual Avg.'!$R$9,T38*'Annual Avg.'!$S$9) -> 0
A39: 37653 | B39: 0.05 | C39: 0.0366 | D39: 0 | E39: 0 | F39: 0 | G39: 0 | H39: 0 | I39: =AVERAGE(B39,C39,D39,E39,F39,G39,H39) -> 0.012371429 | J39: =SUM(B39*$B$186,C39*$C$186,D39*$D$186,E39*$E$186,F39*$F$186,G39*$G$186,H39*$H$186) -> 0.01843228 | M39: 37653 | N39: 0.02 | O39: 0.04 | P39: 0 | Q39: 0.02 | S39: 0.02 | T39: 0.02 | U39: =AVERAGE(N39:T39) -> 0.02 | V39: =SUM(N39*'Annual Avg.'!$M$9,O39*'Annual Avg.'!$N$9,P39*'Annual Avg.'!$O$9,Q39*'Annual Avg.'!$P$9,R39*'Annual Avg.'!$Q$9,S39*'Annual Avg.'!$R$9,T39*'Annual Avg.'!$S$9) -> 0
A40: 37681 | B40: 0.06 | C40: 0.0488 | D40: 0 | E40: 0 | F40: 0 | G40: 0 | H40: 0 | I40: =AVERAGE(B40,C40,D40,E40,F40,G40,H40) -> 0.015542857 | J40: =SUM(B40*$B$186,C40*$C$186,D40*$D$186,E40*$E$186,F40*$F$186,G40*$G$186,H40*$H$186) -> 0.02275704 | M40: 37681 | N40: 0.025 | O40: 0.04 | P40: 0 | Q40: 0.02 | S40: 0.02 | T40: 0.02 | U40: =AVERAGE(N40:T40) -> 0.020833333 | V40: =SUM(N40*'Annual Avg.'!$M$9,O40*'Annual Avg.'!$N$9,P40*'Annual Avg.'!$O$9,Q40*'Annual Avg.'!$P$9,R40*'Annual Avg.'!$Q$9,S40*'Annual Avg.'!$R$9,T40*'Annual Avg.'!$S$9) -> 0
A41: 37712 | B41: 0.11 | C41: 0.0854 | D41: 0 | E41: 0 | F41: 0 | G41: 0 | H41: 0 | I41: =AVERAGE(B41,C41,D41,E41,F41,G41,H41) -> 0.027914286 | J41: =SUM(B41*$B$186,C41*$C$186,D41*$D$186,E41*$E$186,F41*$F$186,G41*$G$186,H41*$H$186) -> 0.04118932 | M41: 37712 | N41: 0.045 | O41: 0.06 | P41: 0 | Q41: 0.02 | R41: 0 | S41: 0.02 | T41: 0.02 | U41: =AVERAGE(N41:T41) -> 0.023571429 | V41: =SUM(N41*'Annual Avg.'!$M$9,O41*'Annual Avg.'!$N$9,P41*'Annual Avg.'!$O$9,Q41*'Annual Avg.'!$P$9,R41*'Annual Avg.'!$Q$9,S41*'Annual Avg.'!$R$9,T41*'Annual Avg.'!$S$9) -> 0
A42: 37742 | B42: 0.12 | C42: 0.0976 | D42: 0 | E42: 0 | F42: 0 | G42: 0 | H42: 0 | I42: =AVERAGE(B42,C42,D42,E42,F42,G42,H42) -> 0.031085714 | J42: =SUM(B42*$B$186,C42*$C$186,D42*$D$186,E42*$E$186,F42*$F$186,G42*$G$186,H42*$H$186) -> 0.04551408 | M42: 37742 | N42: 0.02 | O42: 0.06 | P42: 0 | Q42: 0.02 | R42: 0 | S42: 0.02 | T42: 0.02 | U42: =AVERAGE(N42:T42) -> 0.02 | V42: =SUM(N42*'Annual Avg.'!$M$9,O42*'Annual Avg.'!$N$9,P42*'Annual Avg.'!$O$9,Q42*'Annual Avg.'!$P$9,R42*'Annual Avg.'!$Q$9,S42*'Annual Avg.'!$R$9,T42*'Annual Avg.'!$S$9) -> 0
A43: 37773 | B43: 0.08 | C43: 0.061 | D43: 0 | E43: 0 | F43: 0 | G43: 0 | H43: 0 | I43: =AVERAGE(B43,C43,D43,E43,F43,G43,H43) -> 0.020142857 | J43: =SUM(B43*$B$186,C43*$C$186,D43*$D$186,E43*$E$186,F43*$F$186,G43*$G$186,H43*$H$186) -> 0.0298108 | M43: 37773 | N43: 0.03 | O43: 0.06 | P43: 0 | Q43: 0.024 | R43: 0.02 | S43: 0.02 | T43: 0.02 | U43: =AVERAGE(N43:T43) -> 0.024857143 | V43: =SUM(N43*'Annual Avg.'!$M$9,O43*'Annual Avg.'!$N$9,P43*'Annual Avg.'!$O$9,Q43*'Annual Avg.'!$P$9,R43*'Annual Avg.'!$Q$9,S43*'Annual Avg.'!$R$9,T43*'Annual Avg.'!$S$9) -> 0
A44: 37803 | B44: 0.06 | C44: 0.0427 | D44: 0 | E44: 0 | F44: 0 | G44: 0 | H44: 0 | I44: =AVERAGE(B44,C44,D44,E44,F44,G44,H44) -> 0.014671429 | J44: =SUM(B44*$B$186,C44*$C$186,D44*$D$186,E44*$E$186,F44*$F$186,G44*$G$186,H44*$H$186) -> 0.02195916 | M44: 37803 | N44: 0.025 | O44: 0.04 | P44: 0 | Q44: 0.024 | R44: 0.02 | S44: 0.02 | T44: 0.025 | U44: =AVERAGE(N44:T44) -> 0.022 | V44: =SUM(N44*'Annual Avg.'!$M$9,O44*'Annual Avg.'!$N$9,P44*'Annual Avg.'!$O$9,Q44*'Annual Avg.'!$P$9,R44*'Annual Avg.'!$Q$9,S44*'Annual Avg.'!$R$9,T44*'Annual Avg.'!$S$9) -> 0
A45: 37834 | B45: 0.05 | C45: 0.0366 | D45: 0 | E45: 0 | F45: 0 | G45: 0 | H45: 0 | I45: =AVERAGE(B45,C45,D45,E45,F45,G45,H45) -> 0.012371429 | J45: =SUM(B45*$B$186,C45*$C$186,D45*$D$186,E45*$E$186,F45*$F$186,G45*$G$186,H45*$H$186) -> 0.01843228 | M45: 37834 | N45: 0.02 | O45: 0.04 | P45: 0 | Q45: 0.032 | R45: 0.02 | S45: 0.02 | T45: 0.02 | U45: =AVERAGE(N45:T45) -> 0.021714286 | V45: =SUM(N45*'Annual Avg.'!$M$9,O45*'Annual Avg.'!$N$9,P45*'Annual Avg.'!$O$9,Q45*'Annual Avg.'!$P$9,R45*'Annual Avg.'!$Q$9,S45*'Annual Avg.'!$R$9,T45*'Annual Avg.'!$S$9) -> 0
A46: 37865 | B46: 0.05 | C46: 0.0427 | D46: 0 | E46: 0 | F46: 0 | G46: 0 | H46: 0 | I46: =AVERAGE(B46,C46,D46,E46,F46,G46,H46) -> 0.013242857 | J46: =SUM(B46*$B$186,C46*$C$186,D46*$D$186,E46*$E$186,F46*$F$186,G46*$G$186,H46*$H$186) -> 0.01923016 | M46: 37865 | N46: 0.02 | O46: 0.04 | P46: 0 | Q46: 0.032 | R46: 0.02 | S46: 0.02 | T46: 0.02 | U46: =AVERAGE(N46:T46) -> 0.021714286 | V46: =SUM(N46*'Annual Avg.'!$M$9,O46*'Annual Avg.'!$N$9,P46*'Annual Avg.'!$O$9,Q46*'Annual Avg.'!$P$9,R46*'Annual Avg.'!$Q$9,S46*'Annual Avg.'!$R$9,T46*'Annual Avg.'!$S$9) -> 0
A47: 37895 | B47: 0.06 | C47: 0.0488 | D47: 0 | E47: 0 | F47: 0 | G47: 0 | H47: 0 | I47: =AVERAGE(B47,C47,D47,E47,F47,G47,H47) -> 0.015542857 | J47: =SUM(B47*$B$186,C47*$C$186,D47*$D$186,E47*$E$186,F47*$F$186,G47*$G$186,H47*$H$186) -> 0.02275704 | K47: =AVERAGE(J35,J23,J11) -> 0.01137852 | M47: 37895 | N47: 0.025 | O47: 0.04 | P47: 0 | Q47: 0.036 | R47: 0.02 | S47: 0.02 | T47: 0.025 | U47: =AVERAGE(N47:T47) -> 0.023714286 | V47: =SUM(N47*'Annual Avg.'!$M$9,O47*'Annual Avg.'!$N$9,P47*'Annual Avg.'!$O$9,Q47*'Annual Avg.'!$P$9,R47*'Annual Avg.'!$Q$9,S47*'Annual Avg.'!$R$9,T47*'Annual Avg.'!$S$9) -> 0
A48: 37926 | B48: 0.06 | C48: 0.0488 | D48: 0 | E48: 0 | F48: 0 | G48: 0 | H48: 0 | I48: =AVERAGE(B48,C48,D48,E48,F48,G48,H48) -> 0.015542857 | J48: =SUM(B48*$B$186,C48*$C$186,D48*$D$186,E48*$E$186,F48*$F$186,G48*$G$186,H48*$H$186) -> 0.02275704 | K48: =AVERAGE(J36,J24,J12) -> 0.0223581 | M48: 37926 | N48: 0.025 | O48: 0.04 | P48: 0 | Q48: 0.024 | R48: 0.02 | S48: 0.02 | T48: 0.025 | U48: =AVERAGE(N48:T48) -> 0.022 | V48: =SUM(N48*'Annual Avg.'!$M$9,O48*'Annual Avg.'!$N$9,P48*'Annual Avg.'!$O$9,Q48*'Annual Avg.'!$P$9,R48*'Annual Avg.'!$Q$9,S48*'Annual Avg.'!$R$9,T48*'Annual Avg.'!$S$9) -> 0
A49: 37956 | B49: 0.06 | C49: 0.0488 | D49: 0 | E49: 0 | F49: 0 | G49: 0 | H49: 0 | I49: =AVERAGE(B49,C49,D49,E49,F49,G49,H49) -> 0.015542857 | J49: =SUM(B49*$B$186,C49*$C$186,D49*$D$186,E49*$E$186,F49*$F$186,G49*$G$186,H49*$H$186) -> 0.02275704 | K49: =AVERAGE(J37,J25,J13) -> 0.01706778 | M49: 37956 | N49: 0.025 | O49: 0.04 | P49: 0 | Q49: 0.032 | R49: 0.02 | S49: 0.02 | T49: 0.025 | U49: =AVERAGE(N49:T49) -> 0.023142857 | V49: =SUM(N49*'Annual Avg.'!$M$9,O49*'Annual Avg.'!$N$9,P49*'Annual Avg.'!$O$9,Q49*'Annual Avg.'!$P$9,R49*'Annual Avg.'!$Q$9,S49*'Annual Avg.'!$R$9,T49*'Annual Avg.'!$S$9) -> 0
A50: 37987 | B50: 0.06 | C50: 0.0488 | D50: 0 | E50: 0 | F50: 0 | G50: 0 | H50: 0 | I50: =AVERAGE(B50,C50,D50,E50,F50,G50,H50) -> 0.015542857 | J50: =SUM(B50*$B$187,C50*$C$187,D50*$D$187,E50*$E$187,F50*$F$187,G50*$G$187,H50*$H$187) -> 0.02324464 | K50: =AVERAGE(J38,J26,J14) -> 0.01097958 | M50: 37987 | N50: 0.025 | O50: 0.04 | P50: 0 | Q50: 0.036 | R50: 0.02 | S50: 0.02 | T50: 0.025 | U50: =AVERAGE(N50:T50) -> 0.023714286 | V50: =SUM(N50*'Annual Avg.'!$M$10,O50*'Annual Avg.'!$N$10,P50*'Annual Avg.'!$O$10,Q50*'Annual Avg.'!$P$10,R50*'Annual Avg.'!$Q$10,S50*'Annual Avg.'!$R$10,T50*'Annual Avg.'!$S$10) -> 0
A51: 38018 | B51: 0.07 | C51: 0.0549 | D51: 0 | E51: 0 | F51: 0 | G51: 0 | H51: 0 | I51: =AVERAGE(B51,C51,D51,E51,F51,G51,H51) -> 0.017842857 | J51: =SUM(B51*$B$187,C51*$C$187,D51*$D$187,E51*$E$187,F51*$F$187,G51*$G$187,H51*$H$187) -> 0.02684872 | K51: =AVERAGE(J39,J27,J15) -> 0.00921614 | M51: 38018 | N51: 0.025 | O51: 0.04 | P51: 0 | Q51: 0.04 | R51: 0.02 | S51: 0.02 | T51: 0.025 | U51: =AVERAGE(N51:T51) -> 0.024285714 | V51: =SUM(N51*'Annual Avg.'!$M$10,O51*'Annual Avg.'!$N$10,P51*'Annual Avg.'!$O$10,Q51*'Annual Avg.'!$P$10,R51*'Annual Avg.'!$Q$10,S51*'Annual Avg.'!$R$10,T51*'Annual Avg.'!$S$10) -> 0
A52: 38047 | B52: 0.08 | C52: 0.0671 | D52: 0 | E52: 0 | F52: 0 | G52: 0 | H52: 0 | I52: =AVERAGE(B52,C52,D52,E52,F52,G52,H52) -> 0.021014286 | J52: =SUM(B52*$B$187,C52*$C$187,D52*$D$187,E52*$E$187,F52*$F$187,G52*$G$187,H52*$H$187) -> 0.03126288 | K52: =AVERAGE(J40,J28,J16) -> 0.01137852 | M52: 38047 | N52: 0.035 | O52: 0.04 | P52: 0 | Q52: 0.048 | R52: 0.02 | S52: 0.048 | T52: 0.035 | U52: =AVERAGE(N52:T52) -> 0.032285714 | V52: =SUM(N52*'Annual Avg.'!$M$10,O52*'Annual Avg.'!$N$10,P52*'Annual Avg.'!$O$10,Q52*'Annual Avg.'!$P$10,R52*'Annual Avg.'!$Q$10,S52*'Annual Avg.'!$R$10,T52*'Annual Avg.'!$S$10) -> 0
A53: 38078 | B53: 0.09 | C53: 0.0732 | D53: 0 | E53: 0 | F53: 0 | G53: 0 | H53: 0 | I53: =AVERAGE(B53,C53,D53,E53,F53,G53,H53) -> 0.023314286 | J53: =SUM(B53*$B$187,C53*$C$187,D53*$D$187,E53*$E$187,F53*$F$187,G53*$G$187,H53*$H$187) -> 0.03486696 | K53: =AVERAGE(J41,J29,J17) -> 0.02059466 | M53: 38078 | N53: 0.035 | O53: 0.06 | P53: 0 | Q53: 0.048 | R53: 0.04 | S53: 0.048 | T53: 0.035 | U53: =AVERAGE(N53:T53) -> 0.038 | V53: =SUM(N53*'Annual Avg.'!$M$10,O53*'Annual Avg.'!$N$10,P53*'Annual Avg.'!$O$10,Q53*'Annual Avg.'!$P$10,R53*'Annual Avg.'!$Q$10,S53*'Annual Avg.'!$R$10,T53*'Annual Avg.'!$S$10) -> 0
A54: 38108 | B54: 0.1 | C54: 0.0793 | D54: 0 | E54: 0 | F54: 0 | G54: 0 | H54: 0 | I54: =AVERAGE(B54,C54,D54,E54,F54,G54,H54) -> 0.025614286 | J54: =SUM(B54*$B$187,C54*$C$187,D54*$D$187,E54*$E$187,F54*$F$187,G54*$G$187,H54*$H$187) -> 0.03847104 | K54: =AVERAGE(J42,J30,J18) -> 0.02275704 | M54: 38108 | N54: 0.04 | O54: 0.06 | P54: 0 | Q54: 0.056 | R54: 0.04 | S54: 0.056 | T54: 0.04 | U54: =AVERAGE(N54:T54) -> 0.041714286 | V54: =SUM(N54*'Annual Avg.'!$M$10,O54*'Annual Avg.'!$N$10,P54*'Annual Avg.'!$O$10,Q54*'Annual Avg.'!$P$10,R54*'Annual Avg.'!$Q$10,S54*'Annual Avg.'!$R$10,T54*'Annual Avg.'!$S$10) -> 0
A55: 38139 | B55: 0.12 | C55: 0.0915 | D55: 0 | E55: 0 | F55: 0 | G55: 0 | H55: 0 | I55: =AVERAGE(B55,C55,D55,E55,F55,G55,H55) -> 0.030214286 | J55: =SUM(B55*$B$187,C55*$C$187,D55*$D$187,E55*$E$187,F55*$F$187,G55*$G$187,H55*$H$187) -> 0.0456792 | K55: =AVERAGE(J43,J31,J19) -> 0.01843228 | M55: 38139 | N55: 0.045 | O55: 0.06 | P55: 0.01 | Q55: 0.056 | R55: 0.04 | S55: 0.056 | T55: 0.045 | U55: =AVERAGE(N55:T55) -> 0.044571429 | V55: =SUM(N55*'Annual Avg.'!$M$10,O55*'Annual Avg.'!$N$10,P55*'Annual Avg.'!$O$10,Q55*'Annual Avg.'!$P$10,R55*'Annual Avg.'!$Q$10,S55*'Annual Avg.'!$R$10,T55*'Annual Avg.'!$S$10) -> 0
A56: 38169 | B56: 0.13 | C56: 0.1037 | D56: 0 | E56: 0 | F56: 0 | G56: 0 | H56: 0 | I56: =AVERAGE(B56,C56,D56,E56,F56,G56,H56) -> 0.033385714 | J56: =SUM(B56*$B$187,C56*$C$187,D56*$D$187,E56*$E$187,F56*$F$187,G56*$G$187,H56*$H$187) -> 0.05009336 | K56: =AVERAGE(J44,J32,J20) -> 0.01450646 | M56: 38169 | N56: 0.05 | O56: 0.08 | P56: 0.015 | Q56: 0.072 | R56: 0.04 | S56: 0.072 | T56: 0.05 | U56: =AVERAGE(N56:T56) -> 0.054142857 | V56: =SUM(N56*'Annual Avg.'!$M$10,O56*'Annual Avg.'!$N$10,P56*'Annual Avg.'!$O$10,Q56*'Annual Avg.'!$P$10,R56*'Annual Avg.'!$Q$10,S56*'Annual Avg.'!$R$10,T56*'Annual Avg.'!$S$10) -> 0
A57: 38200 | B57: 0.12 | C57: 0.0976 | D57: 0 | E57: 0 | F57: 0 | G57: 0 | H57: 0 | I57: =AVERAGE(B57,C57,D57,E57,F57,G57,H57) -> 0.031085714 | J57: =SUM(B57*$B$187,C57*$C$187,D57*$D$187,E57*$E$187,F57*$F$187,G57*$G$187,H57*$H$187) -> 0.04648928 | K57: =AVERAGE(J45,J33,J21) -> 0.01137852 | M57: 38200 | N57: 0.05 | O57: 0.08 | P57: 0.015 | Q57: 0.064 | R57: 0.06 | S57: 0.064 | T57: 0.05 | U57: =AVERAGE(N57:T57) -> 0.054714286 | V57: =SUM(N57*'Annual Avg.'!$M$10,O57*'Annual Avg.'!$N$10,P57*'Annual Avg.'!$O$10,Q57*'Annual Avg.'!$P$10,R57*'Annual Avg.'!$Q$10,S57*'Annual Avg.'!$R$10,T57*'Annual Avg.'!$S$10) -> 0
A58: 38231 | B58: 0.13 | C58: 0.1037 | D58: 0 | E58: 0 | F58: 0 | G58: 0 | H58: 0 | I58: =AVERAGE(B58,C58,D58,E58,F58,G58,H58) -> 0.033385714 | J58: =SUM(B58*$B$187,C58*$C$187,D58*$D$187,E58*$E$187,F58*$F$187,G58*$G$187,H58*$H$187) -> 0.05009336 | K58: =AVERAGE(J46,J34,J22) -> 0.01314196 | M58: 38231 | N58: 0.05 | O58: 0.08 | P58: 0.015 | Q58: 0.072 | R58: 0.06 | S58: 0.072 | T58: 0.05 | U58: =AVERAGE(N58:T58) -> 0.057 | V58: =SUM(N58*'Annual Avg.'!$M$10,O58*'Annual Avg.'!$N$10,P58*'Annual Avg.'!$O$10,Q58*'Annual Avg.'!$P$10,R58*'Annual Avg.'!$Q$10,S58*'Annual Avg.'!$R$10,T58*'Annual Avg.'!$S$10) -> 0
A59: 38261 | B59: 0.15 | C59: 0.122 | D59: 0 | E59: 0 | F59: 0 | G59: 0 | H59: 0 | I59: =AVERAGE(B59,C59,D59,E59,F59,G59,H59) -> 0.038857143 | J59: =SUM(B59*$B$187,C59*$C$187,D59*$D$187,E59*$E$187,F59*$F$187,G59*$G$187,H59*$H$187) -> 0.0581116 | K59: =AVERAGE(J47,J35,J23) -> 0.01517136 | M59: 38261 | N59: 0.06 | O59: 0.1 | P59: 0.025 | Q59: 0.088 | R59: 0.06 | S59: 0.088 | T59: 0.06 | U59: =AVERAGE(N59:T59) -> 0.068714286 | V59: =SUM(N59*'Annual Avg.'!$M$10,O59*'Annual Avg.'!$N$10,P59*'Annual Avg.'!$O$10,Q59*'Annual Avg.'!$P$10,R59*'Annual Avg.'!$Q$10,S59*'Annual Avg.'!$R$10,T59*'Annual Avg.'!$S$10) -> 0
A60: 38292 | B60: 0.17 | C60: 0.1403 | D60: 0 | E60: 0 | F60: 0 | G60: 0 | H60: 0 | I60: =AVERAGE(B60,C60,D60,E60,F60,G60,H60) -> 0.044328571 | J60: =SUM(B60*$B$187,C60*$C$187,D60*$D$187,E60*$E$187,F60*$F$187,G60*$G$187,H60*$H$187) -> 0.06612984 | K60: =AVERAGE(J48,J36,J24) -> 0.02249108 | M60: 38292 | N60: 0.07 | O60: 0.1 | P60: 0.035 | Q60: 0.092 | R60: 0.1 | S60: 0.092 | T60: 0.07 | U60: =AVERAGE(N60:T60) -> 0.079857143 | V60: =SUM(N60*'Annual Avg.'!$M$10,O60*'Annual Avg.'!$N$10,P60*'Annual Avg.'!$O$10,Q60*'Annual Avg.'!$P$10,R60*'Annual Avg.'!$Q$10,S60*'Annual Avg.'!$R$10,T60*'Annual Avg.'!$S$10) -> 0
A61: 38322 | B61: 0.23 | C61: 0.183 | D61: 0 | E61: 0.04 | F61: 0 | G61: 0 | H61: 0 | I61: =AVERAGE(B61,C61,D61,E61,F61,G61,H61) -> 0.064714286 | J61: =SUM(B61*$B$187,C61*$C$187,D61*$D$187,E61*$E$187,F61*$F$187,G61*$G$187,H61*$H$187) -> 0.0924924 | K61: =AVERAGE(J49,J37,J25) -> 0.0189642 | M61: 38322 | N61: 0.09 | O61: 0.1 | P61: 0.055 | Q61: 0.124 | R61: 0.1 | S61: 0.124 | T61: 0.09 | U61: =AVERAGE(N61:T61) -> 0.097571429 | V61: =SUM(N61*$B$187,O61*$C$187,P61*$D$187,Q61*$E$187,R61*$F$187,S61*$G$187,T61*$H$187) -> 0.0940859 | X61: 0.06
A62: 38357 | B62: 0.23 | C62: 0.183 | D62: 0 | E62: 0.04 | F62: 0 | G62: 0 | H62: 0 | I62: =AVERAGE(B62,C62,D62,E62,F62,G62,H62) -> 0.064714286 | J62: =SUM(B62*$B$188,C62*$C$188,D62*$D$188,E62*$E$188,F62*$F$188,G62*$G$188,H62*$H$188) -> 0.0982893 | K62: =AVERAGE(J50,J38,J26) -> 0.015067933 | M62: 38357 | N62: 0.09 | O62: 0.1 | P62: 0.055 | Q62: 0.104 | R62: 0.1 | S62: 0.104 | T62: 0.09 | U62: =AVERAGE(N62:T62) -> 0.091857143 | V62: =SUM(N62*$B$188,O62*$C$188,P62*$D$188,Q62*$E$188,R62*$F$188,S62*$G$188,T62*$H$188) -> 0.0897893 | X62: 0.06
A63: 38388 | B63: 0.19 | C63: 0.1586 | D63: 0 | E63: 0.01 | F63: 0 | G63: 0 | H63: 0 | I63: =AVERAGE(B63,C63,D63,E63,F63,G63,H63) -> 0.051228571 | J63: =SUM(B63*$B$188,C63*$C$188,D63*$D$188,E63*$E$188,F63*$F$188,G63*$G$188,H63*$H$188) -> 0.08023446 | K63: =AVERAGE(J51,J39,J27) -> 0.015093667 | M63: 38388 | N63: 0.08 | O63: 0.1 | P63: 0.045 | Q63: 0.084 | R63: 0.1 | S63: 0.084 | T63: 0.08 | U63: =AVERAGE(N63:T63) -> 0.081857143 | V63: =SUM(N63*$B$188,O63*$C$188,P63*$D$188,Q63*$E$188,R63*$F$188,S63*$G$188,T63*$H$188) -> 0.0794943 | X63: 0.06
A64: 38416 | B64: 0.18 | C64: 0.1464 | D64: 0 | E64: 0 | F64: 0 | G64: 0 | H64: 0 | I64: =AVERAGE(B64,C64,D64,E64,F64,G64,H64) -> 0.046628571 | J64: =SUM(B64*$B$188,C64*$C$188,D64*$D$188,E64*$E$188,F64*$F$188,G64*$G$188,H64*$H$188) -> 0.07457304 | K64: =AVERAGE(J52,J40,J28) -> 0.01800664 | M64: 38416 | N64: 0.075 | O64: 0.1 | P64: 0.04 | Q64: 0.096 | R64: 0.1 | S64: 0.096 | T64: 0.075 | U64: =AVERAGE(N64:T64) -> 0.083142857 | V64: =SUM(N64*$B$188,O64*$C$188,P64*$D$188,Q64*$E$188,R64*$F$188,S64*$G$188,T64*$H$188) -> 0.0787072 | X64: 0.05
A65: 38447 | B65: 0.2 | C65: 0.1586 | D65: 0 | E65: 0.01 | F65: 0 | G65: 0 | H65: 0 | I65: =AVERAGE(B65,C65,D65,E65,F65,G65,H65) -> 0.052657143 | J65: =SUM(B65*$B$188,C65*$C$188,D65*$D$188,E65*$E$188,F65*$F$188,G65*$G$188,H65*$H$188) -> 0.08314846 | K65: =AVERAGE(J53,J41,J29) -> 0.025352093 | M65: 38447 | N65: 0.08 | O65: 0.081 | P65: 0.045 | Q65: 0.1 | R65: 0.1 | S65: 0.1 | T65: 0.08 | U65: =AVERAGE(N65:T65) -> 0.083714286 | V65: =SUM(N65*$B$188,O65*$C$188,P65*$D$188,Q65*$E$188,R65*$F$188,S65*$G$188,T65*$H$188) -> 0.0797946 | X65: 0.05
A66: 38477 | B66: 0.25 | C66: 0.2013 | D66: 0 | E66: 0.06 | F66: 0 | G66: 0 | H66: 0 | I66: =AVERAGE(B66,C66,D66,E66,F66,G66,H66) -> 0.073042857 | J66: =SUM(B66*$B$188,C66*$C$188,D66*$D$188,E66*$E$188,F66*$F$188,G66*$G$188,H66*$H$188) -> 0.10869043 | K66: =AVERAGE(J54,J42,J30) -> 0.02799504 | M66: 38477 | N66: 0.1 | O66: 0.102 | P66: 0.065 | Q66: 0.128 | R66: 0.128 | S66: 0.128 | T66: 0.1 | U66: =AVERAGE(N66:T66) -> 0.10728571 | V66: =SUM(N66*$B$188,O66*$C$188,P66*$D$188,Q66*$E$188,R66*$F$188,S66*$G$188,T66*$H$188) -> 0.1016721 | X66: 0.06
A67: 38508 | B67: 0.27 | C67: 0.2135 | D67: 0.01 | E67: 0.08 | F67: 0 | G67: 0 | H67: 0 | I67: =AVERAGE(B67,C67,D67,E67,F67,G67,H67) -> 0.081928571 | J67: =SUM(B67*$B$188,C67*$C$188,D67*$D$188,E67*$E$188,F67*$F$188,G67*$G$188,H67*$H$188) -> 0.11950485 | K67: =AVERAGE(J55,J43,J31) -> 0.027514587 | M67: 38508 | N67: 0.105 | O67: 0.099 | P67: 0.07 | Q67: 0.124 | R67: 0.124 | S67: 0.124 | T67: 0.105 | U67: =AVERAGE(N67:T67) -> 0.10728571 | V67: =SUM(N67*$B$188,O67*$C$188,P67*$D$188,Q67*$E$188,R67*$F$188,S67*$G$188,T67*$H$188) -> 0.1035211 | X67: 0.06
A68: 38538 | B68: 0.24 | C68: 0.1952 | D68: 0 | E68: 0.05 | F68: 0 | G68: 0 | H68: 0 | I68: =AVERAGE(B68,C68,D68,E68,F68,G68,H68) -> 0.069314286 | J68: =SUM(B68*$B$188,C68*$C$188,D68*$D$188,E68*$E$188,F68*$F$188,G68*$G$188,H68*$H$188) -> 0.10395072 | K68: =AVERAGE(J56,J44,J32) -> 0.02636876 | M68: 38538 | N68: 0.095 | O68: 0.087 | P68: 0.06 | Q68: 0.108 | R68: 0.108 | S68: 0.108 | T68: 0.095 | U68: =AVERAGE(N68:T68) -> 0.094428571 | V68: =SUM(N68*$B$188,O68*$C$188,P68*$D$188,Q68*$E$188,R68*$F$188,S68*$G$188,T68*$H$188) -> 0.0919241 | X68: 0.06
A69: 38569 | B69: 0.27 | C69: 0.2135 | D69: 0.01 | E69: 0.08 | F69: 0 | G69: 0 | H69: 0 | I69: =AVERAGE(B69,C69,D69,E69,F69,G69,H69) -> 0.081928571 | J69: =SUM(B69*$B$188,C69*$C$188,D69*$D$188,E69*$E$188,F69*$F$188,G69*$G$188,H69*$H$188) -> 0.11950485 | K69: =AVERAGE(J57,J45,J33) -> 0.023082107 | M69: 38569 | N69: 0.105 | O69: 0.108 | P69: 0.07 | Q69: 0.136 | R69: 0.136 | S69: 0.136 | T69: 0.105 | U69: =AVERAGE(N69:T69) -> 0.11371429 | V69: =SUM(N69*$B$188,O69*$C$188,P69*$D$188,Q69*$E$188,R69*$F$188,S69*$G$188,T69*$H$188) -> 0.1074706 | X69: 0.06
A70: 38600 | B70: 0.29 | C70: 0.2318 | D70: 0.03 | E70: 0.1 | F70: 0.06 | G70: 0 | H70: 0.06 | I70: =AVERAGE(B70,C70,D70,E70,F70,G70,H70) -> 0.11025714 | J70: =SUM(B70*$B$188,C70*$C$188,D70*$D$188,E70*$E$188,F70*$F$188,G70*$G$188,H70*$H$188) -> 0.14612398 | K70: =AVERAGE(J58,J46,J34) -> 0.025459093 | M70: 38600 | N70: 0.115 | O70: 0.114 | P70: 0.08 | Q70: 0.144 | R70: 0.144 | S70: 0.144 | T70: 0.115 | U70: =AVERAGE(N70:T70) -> 0.12228571 | V70: =SUM(N70*$B$188,O70*$C$188,P70*$D$188,Q70*$E$188,R70*$F$188,S70*$G$188,T70*$H$188) -> 0.1164346 | X70: 0.06
A71: 38630 | B71: 0.32 | C71: 0.2562 | D71: 0.055 | E71: 0.13 | F71: 0.1 | G71: 0 | H71: 0.09 | I71: =AVERAGE(B71,C71,D71,E71,F71,G71,H71) -> 0.13588571 | J71: =SUM(B71*$B$188,C71*$C$188,D71*$D$188,E71*$E$188,F71*$F$188,G71*$G$188,H71*$H$188) -> 0.17155232 | K71: =AVERAGE(J59,J47,J35) -> 0.029573427 | M71: 38630 | N71: 0.13 | O71: 0.1125 | P71: 0.095 | Q71: 0.168 | R71: 0.168 | S71: 0.168 | T71: 0.13 | U71: =AVERAGE(N71:T71) -> 0.13878571 | V71: =SUM(N71*$B$188,O71*$C$188,P71*$D$188,Q71*$E$188,R71*$F$188,S71*$G$188,T71*$H$188) -> 0.13088365 | X71: 0.06
A72: 38661 | B72: 0.4 | C72: 0.3233 | D72: 0.12 | E72: 0.21 | F72: 0.17 | G72: 0 | H72: 0.15 | I72: =AVERAGE(B72,C72,D72,E72,F72,G72,H72) -> 0.19618571 | J72: =SUM(B72*$B$188,C72*$C$188,D72*$D$188,E72*$E$188,F72*$F$188,G72*$G$188,H72*$H$188) -> 0.23463663 | K72: =AVERAGE(J60,J48,J36) -> 0.035773053 | M72: 38661 | N72: 0.16 | O72: 0.115 | P72: 0.125 | Q72: 0.172 | R72: 0.172 | S72: 0.172 | T72: 0.16 | U72: =AVERAGE(N72:T72) -> 0.15371429 | V72: =SUM(N72*$B$188,O72*$C$188,P72*$D$188,Q72*$E$188,R72*$F$188,S72*$G$188,T72*$H$188) -> 0.1511176 | X72: 0.06
A73: 38691 | B73: 0.46 | C73: 0.3782 | D73: 0.18 | E73: 0.28 | F73: 0.24 | G73: 0 | H73: 0.2 | I73: =AVERAGE(B73,C73,D73,E73,F73,G73,H73) -> 0.24831429 | J73: =SUM(B73*$B$188,C73*$C$188,D73*$D$188,E73*$E$188,F73*$F$188,G73*$G$188,H73*$H$188) -> 0.28639602 | K73: =AVERAGE(J61,J49,J37) -> 0.04600216 | M73: 38691 | N73: 0.185 | O73: 0.1075 | P73: 0.15 | Q73: 0.16 | R73: 0.16 | S73: 0.16 | T73: 0.185 | U73: =AVERAGE(N73:T73) -> 0.15821429 | V73: =SUM(N73*$B$188,O73*$C$188,P73*$D$188,Q73*$E$188,R73*$F$188,S73*$G$188,T73*$H$188) -> 0.16322225 | X73: 0.06
A74: 38723 | B74: 0.34 | C74: 0.2745 | D74: 0.07 | E74: 0.15 | F74: 0.11 | G74: 0 | H74: 0.1 | I74: =AVERAGE(B74,C74,D74,E74,F74,G74,H74) -> 0.14921429 | J74: =SUM(B74*$B$189,C74*$C$189,D74*$D$189,E74*$E$189,F74*$F$189,G74*$G$189,H74*$H$189) -> 0.18804365 | K74: =AVERAGE(J62,J50,J38) -> 0.046655407 | M74: 38723 | N74: 0.135 | O74: 0.0975 | P74: 0.1 | Q74: 0.144 | R74: 0.144 | S74: 0.144 | T74: 0.135 | U74: =AVERAGE(N74:T74) -> 0.1285 | V74: =SUM(N74*$B$189,O74*$C$189,P74*$D$189,Q74*$E$189,R74*$F$189,S74*$G$189,T74*$H$189) -> 0.12680785 | X74: 0.06
A75: 38753 | B75: 0.3 | C75: 0.244 | D75: 0.045 | E75: 0.12 | F75: 0.08 | G75: 0 | H75: 0.07 | I75: =AVERAGE(B75,C75,D75,E75,F75,G75,H75) -> 0.12271429 | J75: =SUM(B75*$B$189,C75*$C$189,D75*$D$189,E75*$E$189,F75*$F$189,G75*$G$189,H75*$H$189) -> 0.1588243 | K75: =AVERAGE(J63,J51,J39) -> 0.041838487 | M75: 38753 | N75: 0.12 | O75: 0.1 | P75: 0.085 | Q75: 0.148 | R75: 0.148 | S75: 0.148 | T75: 0.12 | U75: =AVERAGE(N75:T75) -> 0.12414286 | V75: =SUM(N75*$B$189,O75*$C$189,P75*$D$189,Q75*$E$189,R75*$F$189,S75*$G$189,T75*$H$189) -> 0.1185197 | X75: 0.07
A76: 38781 | B76: 0.31 | C76: 0.2501 | D76: 0.05 | E76: 0.12 | F76: 0.09 | G76: 0 | H76: 0.08 | I76: =AVERAGE(B76,C76,D76,E76,F76,G76,H76) -> 0.12858571 | J76: =SUM(B76*$B$189,C76*$C$189,D76*$D$189,E76*$E$189,F76*$F$189,G76*$G$189,H76*$H$189) -> 0.16554537 | K76: =AVERAGE(J64,J52,J40) -> 0.04286432 | M76: 38781 | N76: 0.125 | O76: 0.115 | P76: 0.0882 | Q76: 0.172 | R76: 0.172 | S76: 0.172 | T76: 0.125 | U76: =AVERAGE(N76:T76) -> 0.13845714 | V76: =SUM(N76*$B$189,O76*$C$189,P76*$D$189,Q76*$E$189,R76*$F$189,S76*$G$189,T76*$H$189) -> 0.12890738 | X76: 0.07
A77: 38812 | B77: 0.31 | C77: 0.2501 | D77: 0.05 | E77: 0.12 | F77: 0.09 | G77: 0 | H77: 0.08 | I77: =AVERAGE(B77,C77,D77,E77,F77,G77,H77) -> 0.12858571 | J77: =SUM(B77*$B$189,C77*$C$189,D77*$D$189,E77*$E$189,F77*$F$189,G77*$G$189,H77*$H$189) -> 0.16554537 | K77: =AVERAGE(J65,J53,J41) -> 0.053068247 | M77: 38812 | N77: 0.125 | O77: 0.105 | P77: 0.0882 | Q77: 0.156 | R77: 0.156 | S77: 0.156 | T77: 0.125 | U77: =AVERAGE(N77:T77) -> 0.13017143 | V77: =SUM(N77*$B$189,O77*$C$189,P77*$D$189,Q77*$E$189,R77*$F$189,S77*$G$189,T77*$H$189) -> 0.12393598 | X77: 0.07
A78: 38842 | B78: 0.33 | C78: 0.2684 | D78: 0.065 | E78: 0.14 | F78: 0.11 | G78: 0 | H78: 0.1 | I78: =AVERAGE(B78,C78,D78,E78,F78,G78,H78) -> 0.14477143 | J78: =SUM(B78*$B$189,C78*$C$189,D78*$D$189,E78*$E$189,F78*$F$189,G78*$G$189,H78*$H$189) -> 0.18248458 | K78: =AVERAGE(J66,J54,J42) -> 0.064225183 | M78: 38842 | N78: 0.135 | O78: 0.1075 | P78: 0.0946 | Q78: 0.16 | R78: 0.16 | S78: 0.16 | T78: 0.135 | U78: =AVERAGE(N78:T78) -> 0.13601429 | V78: =SUM(N78*$B$189,O78*$C$189,P78*$D$189,Q78*$E$189,R78*$F$189,S78*$G$189,T78*$H$189) -> 0.13103999 | X78: 0.07
A79: 38874 | B79: 0.37 | C79: 0.305 | D79: 0.1 | E79: 0.19 | F79: 0.15 | G79: 0 | H79: 0.13 | I79: =AVERAGE(B79,C79,D79,E79,F79,G79,H79) -> 0.17785714 | J79: =SUM(B79*$B$189,C79*$C$189,D79*$D$189,E79*$E$189,F79*$F$189,G79*$G$189,H79*$H$189) -> 0.2160605 | K79: =AVERAGE(J67,J55,J43) -> 0.064998283 | M79: 38874 | N79: 0.15 | O79: 0.125 | P79: 0.1074 | Q79: 0.188 | R79: 0.188 | S79: 0.188 | T79: 0.15 | U79: =AVERAGE(N79:T79) -> 0.15662857 | V79: =SUM(N79*$B$189,O79*$C$189,P79*$D$189,Q79*$E$189,R79*$F$189,S79*$G$189,T79*$H$189) -> 0.14896976 | X79: 0.07
A80: 38899 | B80: 0.42 | C80: 0.3355 | D80: 0.135 | E80: 0.23 | F80: 0.19 | G80: 0 | H80: 0.16 | I80: =AVERAGE(B80,C80,D80,E80,F80,G80,H80) -> 0.21007143 | J80: =SUM(B80*$B$189,C80*$C$189,D80*$D$189,E80*$E$189,F80*$F$189,G80*$G$189,H80*$H$189) -> 0.25082185 | K80: =AVERAGE(J68,J56,J44) -> 0.058667747 | M80: 38899 | N80: 0.165 | O80: 0.1275 | P80: 0.1234 | Q80: 0.192 | R80: 0.192 | S80: 0.185 | T80: 0.165 | U80: =AVERAGE(N80:T80) -> 0.16427143 | V80: =SUM(N80*$B$189,O80*$C$189,P80*$D$189,Q80*$E$189,R80*$F$189,S80*$G$189,T80*$H$189) -> 0.15913431 | X80: 0.07
A81: 38935 | B81: 0.42 | C81: 0.3355 | D81: 0.14 | E81: 0.23 | F81: 0.19 | G81: 0 | H81: 0.16 | I81: =AVERAGE(B81,C81,D81,E81,F81,G81,H81) -> 0.21078571 | J81: =SUM(B81*$B$189,C81*$C$189,D81*$D$189,E81*$E$189,F81*$F$189,G81*$G$189,H81*$H$189) -> 0.25150635 | K81: =AVERAGE(J69,J57,J45) -> 0.06147547 | M81: 38935 | N81: 0.165 | O81: 0.1275 | P81: 0.1234 | Q81: 0.192 | R81: 0.192 | S81: 0.185 | T81: 0.165 | U81: =AVERAGE(N81:T81) -> 0.16427143 | V81: =SUM(N81*$B$189,O81*$C$189,P81*$D$189,Q81*$E$189,R81*$F$189,S81*$G$189,T81*$H$189) -> 0.15913431 | X81: 0.07
A82: 38961 | B82: 0.43 | C82: 0.3477 | D82: 0.145 | E82: 0.24 | F82: 0.2 | G82: 0 | H82: 0.17 | I82: =AVERAGE(B82,C82,D82,E82,F82,G82,H82) -> 0.21895714 | J82: =SUM(B82*$B$189,C82*$C$189,D82*$D$189,E82*$E$189,F82*$F$189,G82*$G$189,H82*$H$189) -> 0.26007199 | K82: =AVERAGE(J70,J58,J46) -> 0.071815833 | M82: 38961 | N82: 0.17 | O82: 0.1375 | P82: 0.1266 | Q82: 0.208 | R82: 0.208 | S82: 0.197 | T82: 0.17 | U82: =AVERAGE(N82:T82) -> 0.17387143 | V82: =SUM(N82*$B$189,O82*$C$189,P82*$D$189,Q82*$E$189,R82*$F$189,S82*$G$189,T82*$H$189) -> 0.16660989 | X82: 0.07
A83: 38991 | B83: 0.45 | C83: 0.366 | D83: 0.17 | E83: 0.27 | F83: 0.23 | G83: 0 | H83: 0.19 | I83: =AVERAGE(B83,C83,D83,E83,F83,G83,H83) -> 0.23942857 | J83: =SUM(B83*$B$189,C83*$C$189,D83*$D$189,E83*$E$189,F83*$F$189,G83*$G$189,H83*$H$189) -> 0.2795232 | K83: =AVERAGE(J71,J59,J47) -> 0.08414032 | M83: 38991 | N83: 0.18 | O83: 0.135 | P83: 0.133 | Q83: 0.204 | R83: 0.204 | S83: 0.194 | T83: 0.18 | U83: =AVERAGE(N83:T83) -> 0.17571429 | V83: =SUM(N83*$B$189,O83*$C$189,P83*$D$189,Q83*$E$189,R83*$F$189,S83*$G$189,T83*$H$189) -> 0.1713348 | X83: 0.07
A84: 39022 | B84: 0.39 | C84: 0.3172 | D84: 0.12 | E84: 0.2 | F84: 0.17 | G84: 0 | H84: 0.14 | I84: =AVERAGE(B84,C84,D84,E84,F84,G84,H84) -> 0.19102857 | J84: =SUM(B84*$B$189,C84*$C$189,D84*$D$189,E84*$E$189,F84*$F$189,G84*$G$189,H84*$H$189) -> 0.22988464 | K84: =AVERAGE(J72,J60,J48) -> 0.10784117 | M84: 39022 | N84: 0.155 | O84: 0.11 | P84: 0.1138 | Q84: 0.164 | R84: 0.164 | S84: 0.164 | T84: 0.155 | U84: =AVERAGE(N84:T84) -> 0.14654286 | V84: =SUM(N84*$B$189,O84*$C$189,P84*$D$189,Q84*$E$189,R84*$F$189,S84*$G$189,T84*$H$189) -> 0.14488132 | X84: 0.07
A85: 39052 | B85: 0.32 | C85: 0.2623 | D85: 0.06 | E85: 0.13 | F85: 0.1 | G85: 0 | H85: 0.09 | I85: =AVERAGE(B85,C85,D85,E85,F85,G85,H85) -> 0.13747143 | J85: =SUM(B85*$B$189,C85*$C$189,D85*$D$189,E85*$E$189,F85*$F$189,G85*$G$189,H85*$H$189) -> 0.17479551 | K85: =AVERAGE(J73,J61,J49) -> 0.13388182 | M85: 39052 | N85: 0.13 | O85: 0.0975 | P85: 0.0914 | Q85: 0.144 | R85: 0.144 | S85: 0.164 | T85: 0.13 | U85: =AVERAGE(N85:T85) -> 0.1287 | V85: =SUM(N85*$B$189,O85*$C$189,P85*$D$189,Q85*$E$189,R85*$F$189,S85*$G$189,T85*$H$189) -> 0.12527001 | X85: 0.07 | Y85: 0.07
A86: 39083 | B86: 0.33 | C86: 0.2684 | D86: 0.065 | E86: 0.14 | F86: 0.11 | G86: 0 | H86: 0.09 | I86: =AVERAGE(B86,C86,D86,E86,F86,G86,H86) -> 0.14334286 | J86: =SUM(B86*$B$190,C86*$C$190,D86*$D$190,E86*$E$190,F86*$F$190,G86*$G$190,H86*$H$190) -> 0.18395954 | K86: =AVERAGE(J74,J62,J50) -> 0.10319253 | M86: 39083 | N86: 0.13 | O86: 0.0932 | P86: 0.0946 | Q86: 0.148 | R86: 0.148 | S86: 0.164 | T86: 0.13 | U86: =AVERAGE(N86:T86) -> 0.12968571 | V86: =SUM(N86*$B$190,O86*$C$190,P86*$D$190,Q86*$E$190,R86*$F$190,S86*$G$190,T86*$H$190) -> 0.12476427 | X86: 0.07 | Y86: 0.07
A87: 39114 | B87: 0.35 | C87: 0.2806 | D87: 0.08 | E87: 0.16 | F87: 0.12 | G87: 0 | H87: 0.11 | I87: =AVERAGE(B87,C87,D87,E87,F87,G87,H87) -> 0.15722857 | J87: =SUM(B87*$B$190,C87*$C$190,D87*$D$190,E87*$E$190,F87*$F$190,G87*$G$190,H87*$H$190) -> 0.19985552 | K87: =AVERAGE(J75,J63,J51) -> 0.088635827 | M87: 39114 | N87: 0.14 | O87: 0.1001 | P87: 0.101 | Q87: 0.16 | R87: 0.16 | S87: 0.164 | T87: 0.14 | U87: =AVERAGE(N87:T87) -> 0.13787143 | V87: =SUM(N87*$B$190,O87*$C$190,P87*$D$190,Q87*$E$190,R87*$F$190,S87*$G$190,T87*$H$190) -> 0.13299459 | X87: 0.07 | Y87: 0.07
A88: 39142 | B88: 0.31 | C88: 0.2562 | D88: 0.05 | E88: 0.13 | F88: 0.09 | G88: 0 | H88: 0.08 | I88: =AVERAGE(B88,C88,D88,E88,F88,G88,H88) -> 0.13088571 | J88: =SUM(B88*$B$190,C88*$C$190,D88*$D$190,E88*$E$190,F88*$F$190,G88*$G$190,H88*$H$190) -> 0.17066945 | K88: =AVERAGE(J76,J64,J52) -> 0.09046043 | M88: 39142 | N88: 0.125 | O88: 0.0817 | P88: 0.0882 | Q88: 0.128 | R88: 0.128 | S88: 0.164 | T88: 0.125 | U88: =AVERAGE(N88:T88) -> 0.11998571 | V88: =SUM(N88*$B$190,O88*$C$190,P88*$D$190,Q88*$E$190,R88*$F$190,S88*$G$190,T88*$H$190) -> 0.11733906 | X88: 0.07 | Y88: 0.07
A89: 39173 | B89: 0.31 | C89: 0.2562 | D89: 0.0585 | E89: 0.13 | F89: 0.09 | G89: 0 | H89: 0.08 | I89: =AVERAGE(B89,C89,D89,E89,F89,G89,H89) -> 0.1321 | J89: =SUM(B89*$B$190,C89*$C$190,D89*$D$190,E89*$E$190,F89*$F$190,G89*$G$190,H89*$H$190) -> 0.1718807 | K89: =AVERAGE(J77,J65,J53) -> 0.094520263 | M89: 39173 | N89: 0.125 | O89: 0.0932 | P89: 0.0882 | Q89: 0.148 | R89: 0.148 | S89: 0.164 | T89: 0.125 | U89: =AVERAGE(N89:T89) -> 0.12734286 | V89: =SUM(N89*$B$190,O89*$C$190,P89*$D$190,Q89*$E$190,R89*$F$190,S89*$G$190,T89*$H$190) -> 0.12141627 | X89: 0.07 | Y89: 0.07
A90: 39203 | B90: 0.36 | C90: 0.2928 | D90: 0.1051 | E90: 0.17 | F90: 0.14 | G90: 0 | H90: 0.12 | I90: =AVERAGE(B90,C90,D90,E90,F90,G90,H90) -> 0.1697 | J90: =SUM(B90*$B$190,C90*$C$190,D90*$D$190,E90*$E$190,F90*$F$190,G90*$G$190,H90*$H$190) -> 0.21151056 | K90: =AVERAGE(J78,J66,J54) -> 0.10988202 | M90: 39203 | N90: 0.145 | O90: 0.0955 | P90: 0.1042 | Q90: 0.152 | R90: 0.152 | S90: 0.164 | T90: 0.145 | U90: =AVERAGE(N90:T90) -> 0.13681429 | V90: =SUM(N90*$B$190,O90*$C$190,P90*$D$190,Q90*$E$190,R90*$F$190,S90*$G$190,T90*$H$190) -> 0.13425571 | X90: 0.07 | Y90: 0.07
A91: 39234 | B91: 0.4 | C91: 0.3233 | D91: 0.1419 | E91: 0.21 | F91: 0.18 | G91: 0 | H91: 0.15 | I91: =AVERAGE(B91,C91,D91,E91,F91,G91,H91) -> 0.20074286 | J91: =SUM(B91*$B$190,C91*$C$190,D91*$D$190,E91*$E$190,F91*$F$190,G91*$G$190,H91*$H$190) -> 0.24375833 | K91: =AVERAGE(J79,J67,J55) -> 0.12708152 | M91: 39234 | N91: 0.16 | O91: 0.1024 | P91: 0.117 | Q91: 0.164 | R91: 0.164 | S91: 0.164 | T91: 0.16 | U91: =AVERAGE(N91:T91) -> 0.14734286 | V91: =SUM(N91*$B$190,O91*$C$190,P91*$D$190,Q91*$E$190,R91*$F$190,S91*$G$190,T91*$H$190) -> 0.14583404 | X91: 0.07 | Y91: 0.07
A92: 39264 | B92: 0.39 | C92: 0.3172 | D92: 0.1259 | E92: 0.2 | F92: 0.17 | G92: 0 | H92: 0.14 | I92: =AVERAGE(B92,C92,D92,E92,F92,G92,H92) -> 0.19187143 | J92: =SUM(B92*$B$190,C92*$C$190,D92*$D$190,E92*$E$190,F92*$F$190,G92*$G$190,H92*$H$190) -> 0.23451364 | K92: =AVERAGE(J80,J68,J56) -> 0.13495531 | M92: 39264 | N92: 0.155 | O92: 0.1024 | P92: 0.1138 | Q92: 0.164 | R92: 0.164 | S92: 0.164 | T92: 0.155 | U92: =AVERAGE(N92:T92) -> 0.14545714 | V92: =SUM(N92*$B$190,O92*$C$190,P92*$D$190,Q92*$E$190,R92*$F$190,S92*$G$190,T92*$H$190) -> 0.14294204 | X92: 0.075 | Y92: 0.07
A93: 39295 | B93: 0.39 | C93: 0.3233 | D93: 0.1279 | E93: 0.21 | F93: 0.17 | G93: 0 | H93: 0.15 | I93: =AVERAGE(B93,C93,D93,E93,F93,G93,H93) -> 0.19588571 | J93: =SUM(B93*$B$190,C93*$C$190,D93*$D$190,E93*$E$190,F93*$F$190,G93*$G$190,H93*$H$190) -> 0.23851813 | K93: =AVERAGE(J81,J69,J57) -> 0.13916683 | M93: 39295 | N93: 0.16 | O93: 0.1116 | P93: 0.1138 | Q93: 0.18 | R93: 0.18 | S93: 0.176 | T93: 0.16 | U93: =AVERAGE(N93:T93) -> 0.15448571 | V93: =SUM(N93*$B$190,O93*$C$190,P93*$D$190,Q93*$E$190,R93*$F$190,S93*$G$190,T93*$H$190) -> 0.14984892 | X93: 0.075 | Y93: 0.07
A94: 39326 | B94: 0.41 | C94: 0.3294 | D94: 0.1366 | E94: 0.22 | F94: 0.19 | G94: 0 | H94: 0.16 | I94: =AVERAGE(B94,C94,D94,E94,F94,G94,H94) -> 0.20657143 | J94: =SUM(B94*$B$190,C94*$C$190,D94*$D$190,E94*$E$190,F94*$F$190,G94*$G$190,H94*$H$190) -> 0.24996778 | K94: =AVERAGE(J82,J70,J58) -> 0.15209644 | M94: 39326 | N94: 0.165 | O94: 0.1277 | P94: 0.1202 | Q94: 0.208 | R94: 0.208 | S94: 0.197 | T94: 0.165 | U94: =AVERAGE(N94:T94) -> 0.17012857 | V94: =SUM(N94*$B$190,O94*$C$190,P94*$D$190,Q94*$E$190,R94*$F$190,S94*$G$190,T94*$H$190) -> 0.16102098 | X94: 0.075 | Y94: 0.07
A95: 39356 | B95: 0.41 | C95: 0.3294 | D95: 0.1377 | E95: 0.22 | F95: 0.19 | G95: 0 | H95: 0.16 | I95: =AVERAGE(B95,C95,D95,E95,F95,G95,H95) -> 0.20672857 | J95: =SUM(B95*$B$190,C95*$C$190,D95*$D$190,E95*$E$190,F95*$F$190,G95*$G$190,H95*$H$190) -> 0.25012453 | K95: =AVERAGE(J83,J71,J59) -> 0.16972904 | M95: 39356 | N95: 0.165 | O95: 0.1277 | P95: 0.1202 | Q95: 0.2 | R95: 0.2 | S95: 0.191 | T95: 0.165 | U95: =AVERAGE(N95:T95) -> 0.16698571 | V95: =SUM(N95*$B$190,O95*$C$190,P95*$D$190,Q95*$E$190,R95*$F$190,S95*$G$190,T95*$H$190) -> 0.15949642 | X95: 0.075 | Y95: 0.075
A96: 39387 | B96: 0.43 | C96: 0.3477 | D96: 0.1537 | E96: 0.24 | F96: 0.21 | G96: 0 | H96: 0.18 | I96: =AVERAGE(B96,C96,D96,E96,F96,G96,H96) -> 0.22305714 | J96: =SUM(B96*$B$190,C96*$C$190,D96*$D$190,E96*$E$190,F96*$F$190,G96*$G$190,H96*$H$190) -> 0.26727661 | K96: =AVERAGE(J84,J72,J60) -> 0.1768837 | M96: 39387 | N96: 0.175 | O96: 0.1392 | P96: 0.1266 | Q96: 0.228 | R96: 0.228 | S96: 0.212 | T96: 0.175 | U96: =AVERAGE(N96:T96) -> 0.1834 | V96: =SUM(N96*$B$190,O96*$C$190,P96*$D$190,Q96*$E$190,R96*$F$190,S96*$G$190,T96*$H$190) -> 0.17239359 | X96: 0.075 | Y96: 0.075
A97: 39417 | B97: 0.46 | C97: 0.3721 | D97: 0.175 | E97: 0.27 | F97: 0.24 | G97: 0 | H97: 0.2 | I97: =AVERAGE(B97,C97,D97,E97,F97,G97,H97) -> 0.2453 | J97: =SUM(B97*$B$190,C97*$C$190,D97*$D$190,E97*$E$190,F97*$F$190,G97*$G$190,H97*$H$190) -> 0.29035093 | K97: =AVERAGE(J85,J73,J61) -> 0.18456131 | M97: 39417 | N97: 0.185 | O97: 0.153 | P97: 0.1362 | Q97: 0.252 | R97: 0.252 | S97: 0.23 | T97: 0.185 | U97: =AVERAGE(N97:T97) -> 0.19902857 | V97: =SUM(N97*$B$190,O97*$C$190,P97*$D$190,Q97*$E$190,R97*$F$190,S97*$G$190,T97*$H$190) -> 0.18533992 | X97: 0.075 | Y97: 0.075
A98: 39448 | B98: 0.54 | C98: 0.4392 | D98: 0.24 | E98: 0.35 | F98: 0.32 | G98: 0 | H98: 0.26 | I98: =AVERAGE(B98,C98,D98,E98,F98,G98,H98) -> 0.30702857 | J98: =SUM(B98*$B$191,C98*$C$191,D98*$D$191,E98*$E$191,F98*$F$191,G98*$G$191,H98*$H$191) -> 0.35724176 | K98: =AVERAGE(J86,J74,J62) -> 0.15676416 | M98: 39448 | N98: 0.215 | O98: 0.1737 | P98: 0.1618 | Q98: 0.288 | R98: 0.288 | S98: 0.257 | T98: 0.215 | U98: =AVERAGE(N98:T98) -> 0.22835714 | V98: =SUM(N98*$B$191,O98*$C$191,P98*$D$191,Q98*$E$191,R98*$F$191,S98*$G$191,T98*$H$191) -> 0.21328461 | X98: 0.075 | Y98: 0.075
A99: 39479 | B99: 0.53 | C99: 0.427 | D99: 0.23 | E99: 0.34 | F99: 0.31 | G99: 0 | H99: 0.25 | I99: =AVERAGE(B99,C99,D99,E99,F99,G99,H99) -> 0.29814286 | J99: =SUM(B99*$B$191,C99*$C$191,D99*$D$191,E99*$E$191,F99*$F$191,G99*$G$191,H99*$H$191) -> 0.3479101 | K99: =AVERAGE(J87,J75,J63) -> 0.14630476 | M99: 39479 | N99: 0.21 | O99: 0.1668 | P99: 0.1586 | Q99: 0.276 | R99: 0.276 | S99: 0.248 | T99: 0.21 | U99: =AVERAGE(N99:T99) -> 0.22077143 | V99: =SUM(N99*$B$191,O99*$C$191,P99*$D$191,Q99*$E$191,R99*$F$191,S99*$G$191,T99*$H$191) -> 0.20709564 | X99: 0.075 | Y99: 0.075
A100: 39508 | B100: 0.52 | C100: 0.4209 | D100: 0.225 | E100: 0.33 | F100: 0.3 | G100: 0 | H100: 0.25 | I100: =AVERAGE(B100,C100,D100,E100,F100,G100,H100) -> 0.29227143 | J100: =SUM(B100*$B$191,C100*$C$191,D100*$D$191,E100*$E$191,F100*$F$191,G100*$G$191,H100*$H$191) -> 0.34197027 | K100: =AVERAGE(J88,J76,J64) -> 0.13692929 | M100: 39508 | N100: 0.21 | O100: 0.1691 | P100: 0.1554 | Q100: 0.28 | R100: 0.28 | S100: 0.251 | T100: 0.21 | U100: =AVERAGE(N100:T100) -> 0.22221429 | V100: =SUM(N100*$B$191,O100*$C$191,P100*$D$191,Q100*$E$191,R100*$F$191,S100*$G$191,T100*$H$191) -> 0.20771623 | X100: 0.08 | Y100: 0.075
A101: 39539 | B101: 0.54 | C101: 0.4083 | D101: 0.235 | E101: 0.35 | F101: 0.31 | G101: 0 | H101: 0.26 | I101: =AVERAGE(B101,C101,D101,E101,F101,G101,H101) -> 0.30047143 | J101: =SUM(B101*$B$191,C101*$C$191,D101*$D$191,E101*$E$191,F101*$F$191,G101*$G$191,H101*$H$191) -> 0.35167349 | K101: =AVERAGE(J89,J77,J65) -> 0.14019151 | M101: 39539 | N101: 0.215 | O101: 0.176 | P101: 0.1618 | Q101: 0.292 | R101: 0.292 | S101: 0.26 | T101: 0.215 | U101: =AVERAGE(N101:T101) -> 0.23025714 | V101: =SUM(N101*$B$191,O101*$C$191,P101*$D$191,Q101*$E$191,R101*$F$191,S101*$G$191,T101*$H$191) -> 0.214366 | X101: 0.08 | Y101: 0.075
...

Sheet New Fig. 7 Mileage-based
A1: Figure 7
A2: Railroad Fuel Surcharges, North American Weighted Average1
A23: Sources: www.bnsf.com, www.cn.ca, www.cpr.ca, www.csx.com, www.kcsi.com, www.nscorp.com, www.uprr.com
G27: Previous | H27: Percent
G28: Value | H28: Change
E29: Last month | G29: =Data!J178 -> 0.3177606 | H29: =(Data!$J$179/G29)-1 -> -0.025445384
E30: Last year | G30: =Data!J167 -> 0.3286421 | H30: =(Data!$J$179/G30)-1 -> -0.057713359
E31: 3-year average | G31: =Data!K179 -> 0.33220811 | H31: =(Data!$J$179/G31)-1 -> -0.067828105

Sheet Annual Avg.
A1: Railroad Fuel Surcharges --Annual and Quarterly Averages
B2: Mileage-based ($/mile) | M2: As a percent of tariff
I3: N. Amer. | J3: Weighted | T3: N. Amer. | U3: Weighted
B4: BNSF | C4: CN | D4: CP | E4: CSXT | F4: KCS | G4: NS | H4: UP | I4: Average | J4: Average | M4: BNSF | N4: CN | O4: CP | P4: CSXT | Q4: KCS | R4: NS | S4: UP | T4: Average | U4: Average
A5: 2003 average | B5: =AVERAGE(Data!B38:B49) -> 0.0675 | C5: =AVERAGE(Data!C38:C49) -> 0.052866667 | D5: =AVERAGE(Data!D38:D49) -> 0 | E5: =AVERAGE(Data!E38:E49) -> 0 | F5: =AVERAGE(Data!F38:F49) -> 0 | G5: =AVERAGE(Data!G38:G49) -> 0 | H5: =AVERAGE(Data!H38:H49) -> 0 | I5: =AVERAGE(Data!I38:I49) -> 0.017195238 | J5: =AVERAGE(Data!J38:J49) -> 0.02533571 | L5: 2003 average | M5: =AVERAGE(Data!N38:N49) -> 0.025 | N5: =AVERAGE(Data!O38:O49) -> 0.045 | O5: =AVERAGE(Data!P38:P49) -> 0 | P5: =AVERAGE(Data!Q38:Q49) -> 0.023666667 | Q5: =AVERAGE(Data!R38:R49) -> 0.015555556 | R5: =AVERAGE(Data!S38:S49) -> 0.018333333 | S5: =AVERAGE(Data!T38:T49) -> 0.021818182 | T5: =AVERAGE(Data!U38:U49) -> 0.021295635 | U5: =AVERAGE(Data!V38:V49) -> 0
A6: 2004 average | B6: =AVERAGE(Data!B50:B61) -> 0.12083333 | C6: =AVERAGE(Data!C50:C61) -> 0.097091667 | D6: =AVERAGE(Data!D50:D61) -> 0 | E6: =AVERAGE(Data!E50:E61) -> 0.0033333333 | F6: =AVERAGE(Data!F50:F61) -> 0 | G6: =AVERAGE(Data!G50:G61) -> 0 | H6: =AVERAGE(Data!H50:H61) -> 0 | I6: =AVERAGE(Data!I50:I61) -> 0.031608333 | J6: =AVERAGE(Data!J50:J61) -> 0.04698194 | L6: 2004 average | M6: =AVERAGE(Data!N50:N61) -> 0.047916667 | N6: =AVERAGE(Data!O50:O61) -> 0.07 | O6: =AVERAGE(Data!P50:P61) -> 0.014166667 | P6: =AVERAGE(Data!Q50:Q61) -> 0.066333333 | Q6: =AVERAGE(Data!R50:R61) -> 0.05 | R6: =AVERAGE(Data!S50:S61) -> 0.063333333 | S6: =AVERAGE(Data!T50:T61) -> 0.047916667 | T6: =AVERAGE(Data!U50:U61) -> 0.051380952 | U6: =AVERAGE(Data!V50:V61) -> 0.0078404917
A7: 2005 average | B7: =AVERAGE(Data!B62:B73) -> 0.275 | C7: =AVERAGE(Data!C62:C73) -> 0.22163333 | D7: =AVERAGE(Data!D62:D73) -> 0.03375 | E7: =AVERAGE(Data!E62:E73) -> 0.0875 | F7: =AVERAGE(Data!F62:F73) -> 0.0475 | G7: =AVERAGE(Data!G62:G73) -> 0 | H7: =AVERAGE(Data!H62:H73) -> 0.041666667 | I7: =AVERAGE(Data!I62:I73) -> 0.10100714 | J7: =AVERAGE(Data!J62:J73) -> 0.13555042 | L7: 2005 average | M7: =AVERAGE(Data!N62:N73) -> 0.11 | N7: =AVERAGE(Data!O62:O73) -> 0.10216667 | O7: =AVERAGE(Data!P62:P73) -> 0.075 | P7: =AVERAGE(Data!Q62:Q73) -> 0.127 | Q7: =AVERAGE(Data!R62:R73) -> 0.12833333 | R7: =AVERAGE(Data!S62:S73) -> 0.127 | S7: =AVERAGE(Data!T62:T73) -> 0.11 | T7: =AVERAGE(Data!U62:U73) -> 0.11135714 | U7: =AVERAGE(Data!V62:V73) -> 0.10783595
A8: 2006 average | B8: =AVERAGE(Data!B74:B85) -> 0.36583333 | C8: =AVERAGE(Data!C74:C85) -> 0.29635833 | D8: =AVERAGE(Data!D74:D85) -> 0.095833333 | E8: =AVERAGE(Data!E74:E85) -> 0.17833333 | F8: =AVERAGE(Data!F74:F85) -> 0.1425 | G8: =AVERAGE(Data!G74:G85) -> 0 | H8: =AVERAGE(Data!H74:H85) -> 0.1225 | I8: =AVERAGE(Data!I74:I85) -> 0.17162262 | J8: =AVERAGE(Data!J74:J85) -> 0.21025894 | L8: 2006 average | M8: =AVERAGE(Data!N74:N85) -> 0.14625 | N8: =AVERAGE(Data!O74:O85) -> 0.11541667 | O8: =AVERAGE(Data!P74:P85) -> 0.10625 | P8: =AVERAGE(Data!Q74:Q85) -> 0.17266667 | Q8: =AVERAGE(Data!R74:R85) -> 0.17266667 | R8: =AVERAGE(Data!S74:S85) -> 0.17141667 | S8: =AVERAGE(Data!T74:T85) -> 0.14625 | T8: =AVERAGE(Data!U74:U85) -> 0.14727381 | U8: =AVERAGE(Data!V74:V85) -> 0.14204544
A9: 2007 average | B9: =AVERAGE(Data!B86:B97) -> 0.37916667 | C9: =AVERAGE(Data!C86:C97) -> 0.30805 | D9: =AVERAGE(Data!D86:D97) -> 0.11310833 | E9: =AVERAGE(Data!E86:E97) -> 0.19166667 | F9: =AVERAGE(Data!F86:F97) -> 0.15833333 | G9: =AVERAGE(Data!G86:G97) -> 0 | H9: =AVERAGE(Data!H86:H97) -> 0.135 | I9: =AVERAGE(Data!I86:I97) -> 0.18361786 | J9: =AVERAGE(Data!J86:J97) -> 0.22603214
A10: 2008 average | B10: =AVERAGE(Data!B98:B109) -> 0.67416667 | C10: =AVERAGE(Data!C98:C109) -> 0.38711667 | D10: =AVERAGE(Data!D98:D109) -> 0.35125 | E10: =AVERAGE(Data!E98:E109) -> 0.48583333 | F10: =AVERAGE(Data!F98:F109) -> 0.4525 | G10: =AVERAGE(Data!G98:G109) -> 0 | H10: =AVERAGE(Data!H98:H109) -> 0.37 | I10: =AVERAGE(Data!I98:I109) -> 0.38869524 | J10: =AVERAGE(Data!J98:J109) -> 0.44258422
A11: 2009 average | B11: =AVERAGE(Data!B110:B121) -> 0.30416667 | C11: =AVERAGE(Data!C110:C121) -> 0.037391667 | D11: =AVERAGE(Data!D110:D121) -> 0.047083333 | E11: =AVERAGE(Data!E110:E121) -> 0.11583333 | F11: =AVERAGE(Data!F110:F121) -> 0.073333333 | G11: =AVERAGE(Data!G110:G121) -> 0 | H11: =AVERAGE(Data!H110:H121) -> 0.0625 | I11: =AVERAGE(Data!I110:I121) -> 0.091472619 | J11: =AVERAGE(Data!J110:J121) -> 0.13806469
A12: 2010 average | B12: =AVERAGE(Data!B122:B133) -> 0.4225 | C12: =AVERAGE(Data!C122:C133) -> 0.12173333 | D12: =AVERAGE(Data!D122:D133) -> 0.14791667 | E12: =AVERAGE(Data!E122:E133) -> 0.23333333 | F12: =AVERAGE(Data!F122:F133) -> 0.20083333 | G12: =AVERAGE(Data!G122:G133) -> 0 | H12: =AVERAGE(Data!H122:H133) -> 0.16833333 | I12: =AVERAGE(Data!I122:I133) -> 0.18495 | J12: =AVERAGE(Data!J122:J133) -> 0.22899912
A13: 2011 average | B13: =AVERAGE(Data!B134:B145) -> 0.365 | C13: =AVERAGE(Data!C134:C145) -> 0.27650833 | D13: =AVERAGE(Data!D134:D145) -> 0.320625 | E13: =AVERAGE(Data!E134:E145) -> 0.43583333 | F13: =AVERAGE(Data!F134:F145) -> 0.40333333 | G13: =AVERAGE(Data!G134:G145) -> 0 | H13: =AVERAGE(Data!H134:H145) -> 0.32916667 | I13: =AVERAGE(Data!I134:I145) -> 0.30435238 | J13: =AVERAGE(Data!J134:J145) -> 0.3098255
A14: 2012 average | B14: =AVERAGE(Data!B146:B157) -> 0.37 | C14: =AVERAGE(Data!C146:C157) -> 0.32106667 | D14: =AVERAGE(Data!D146:D157) -> 0.35791667 | E14: =AVERAGE(Data!E146:E157) -> 0.495 | F14: =AVERAGE(Data!F146:F157) -> 0.46 | G14: =AVERAGE(Data!G146:G157) -> 0 | H14: =AVERAGE(Data!H146:H157) -> 0.3775 | I14: =AVERAGE(Data!I146:I157) -> 0.3402119 | J14: =AVERAGE(Data!J146:J157) -> 0.3378274
A15: 2013 average | B15: =AVERAGE(Data!B158:B169) -> 0.36666667 | C15: =AVERAGE(Data!C158:C169) -> 0.31771667 | D15: =AVERAGE(Data!D158:D169) -> 0.35291667 | E15: =AVERAGE(Data!E158:E169) -> 0.49166667 | F15: =AVERAGE(Data!F158:F169) -> 0.45666667 | G15: =AVERAGE(Data!G158:G169) -> 0 | H15: =AVERAGE(Data!H158:H169) -> 0.375 | I15: =AVERAGE(Data!I158:I169) -> 0.33723333 | J15: =AVERAGE(Data!J158:J169) -> 0.33183764
B18: Wt. Avg.
B19: Fuel Surcharge
B20: by Quarter
A21: 4Q01 | B21: =AVERAGE(Data!J23:J25) -> 0.017522613
A22: 1Q02 | B22: =AVERAGE(Data!J26:J28) -> 0.0011756267
A23: 2Q02 | B23: =AVERAGE(Data!J29:J31) -> 0.0023512533
A24: 3Q02 | B24: =AVERAGE(Data!J32:J34) -> 0.0061440933
A25: 4Q02 | B25: =AVERAGE(Data!J35:J37) -> 0.016346987
A26: 1Q03 | B26: =AVERAGE(Data!J38:J40) -> 0.019873867
A27: 2Q03 | B27: =AVERAGE(Data!J41:J43) -> 0.038838067
A28: 3Q03 | B28: =AVERAGE(Data!J44:J46) -> 0.019873867
A29: 4Q03 | B29: =AVERAGE(Data!J47:J49) -> 0.02275704
A30: 1Q04 | B30: =AVERAGE(Data!J50:J52) -> 0.027118747
A31: 2Q04 | B31: =AVERAGE(Data!J53:J55) -> 0.0396724
A32: 3Q04 | B32: =AVERAGE(Data!J56:J58) -> 0.048892
A33: 4Q04 | B33: =AVERAGE(Data!J59:J61) -> 0.072244613
A34: 1Q05 | B34: =AVERAGE(Data!J62:J64) -> 0.0843656
A35: 2Q05 | B35: =AVERAGE(Data!J65:J67) -> 0.10378125
A36: 3Q05 | B36: =AVERAGE(Data!J68:J70) -> 0.12319318
A37: 4Q05 | B37: =AVERAGE(Data!J71:J73) -> 0.23086166
A38: 1Q06 | B38: =AVERAGE(Data!J74:J76) -> 0.17080444
A39: 2Q06 | B39: =AVERAGE(Data!J77:J79) -> 0.18803015
A40: 3Q06 | B40: =AVERAGE(Data!J80:J82) -> 0.2541334
A41: 4Q06 | B41: =AVERAGE(Data!J83:J85) -> 0.22806778
A42: 1Q07 | B42: =AVERAGE(Data!J86:J88) -> 0.18482817
A43: 2Q07 | B43: =AVERAGE(Data!J89:J91) -> 0.20904986
A44: 3Q07 | B44: =AVERAGE(Data!J92:J94) -> 0.24099985
A45: 4Q07 | B45: =AVERAGE(Data!J95:J97) -> 0.26925069
A46: 1Q08 | B46: =AVERAGE(Data!J98:J100) -> 0.34904071
A47: 2Q08 | B47: =AVERAGE(Data!J101:J103) -> 0.41191914
A48: 3Q08 | B48: =AVERAGE(Data!J104:J106) -> 0.56836274
A49: 4Q08 | B49: =AVERAGE(Data!J107:J109) -> 0.44101428
A50: 1Q09 | B50: =AVERAGE(Data!J110:J112) -> 0.14899116
A51: 2Q09 | B51: =AVERAGE(Data!J113:J115) -> 0.08462125
A52: 3Q09 | B52: =AVERAGE(Data!J116:J118) -> 0.13814223
A53: 4Q09 | B53: =AVERAGE(Data!J119:J121) -> 0.18050411
A54: 1Q10 | B54: =AVERAGE(Data!J122:J124) -> 0.20186405
A55: 2Q10 | B55: =AVERAGE(Data!J125:J127) -> 0.2320434
A56: 3Q10 | B56: =AVERAGE(Data!J128:J130) -> 0.23806044
A57: 4Q10 | B57: =AVERAGE(Data!J131:J133) -> 0.24402858
A58: 1Q11 | B58: =AVERAGE(Data!J134:J136) -> 0.26952631
A59: 2Q11 | B59: =AVERAGE(Data!J137:J139) -> 0.32135645
A60: 3Q11 | B60: =AVERAGE(Data!J140:J142) -> 0.33576456
A61: 4Q11 | B61: =AVERAGE(Data!J143:J145) -> 0.31265467
A62: 1Q12 | B62: =AVERAGE(Data!J146:J148) -> 0.3234126
A63: 2Q12 | B63: =AVERAGE(Data!J149:J151) -> 0.36020687
A64: 3Q12 | B64: =AVERAGE(Data!J152:J154) -> 0.30831193
A65: 4Q12 | B65: =AVERAGE(Data!J155:J157) -> 0.3593782
A66: 1Q13 | B66: =AVERAGE(Data!J158:J160) -> 0.33620289
A67: 2Q13 | B67: =AVERAGE(Data!J161:J163) -> 0.34830036
A68: 3Q13 | B68: =AVERAGE(Data!J164:J166) -> 0.31609314
A69: 4Q13 | B69: =AVERAGE(Data!J167:J169) -> 0.32675419

Sheet WTI vs. HDF
A1: Comparison of On-Highway Diesel Fuel Prices (HDF)
A2: with Oklahoma West Texas Intermediate Oil Prices (WTI)
A3: (average of daily WTI as published in the Wall Street Journal)
A4: The January fuel price determines the March surcharge--there is a 2-month lag.
F6: Fuel surcharge ($/railcar mile)
B8: HDF | C8: WTI
A9: Month--Year | B9: $/gal. | C9: $/bbl.
A10: 36526 | B10: 1.356 | C10: 27.26
A11: 36557 | B11: 1.461 | C11: 29.37
A12: 36586 | B12: 1.479 | C12: 29.84
A13: 36617 | B13: 1.422 | C13: 25.72
A14: 36647 | B14: 1.42 | C14: 28.79
A15: 36678 | B15: 1.421 | C15: 31.82
A16: 36708 | B16: 1.434 | C16: 29.7
A17: 36739 | B17: 1.466 | C17: 31.26
A18: 36770 | B18: 1.637 | C18: 33.88
A19: 36800 | B19: 1.637 | C19: 33.11
A20: 36831 | B20: 1.621 | C20: 34.42
A21: 36861 | B21: 1.565 | C21: 28.44
... A182: 41760 | B182: 3.943 | C182: 102
A183: 41791
A184: 41821
A185: 41852
A186: 41883
A187: 41913
A188: 41944
A189: 41974
