Workbook
Name Actual: #REF!
Name ContractLength: 'Reference Values'!#REF!
Name FuelTypes: 'Reference Values'!$A$3:$A$6
Name FuelTypes2: 'Reference Values'!$A$3:$A$7

Sheet Instructions
B1: Welcome to the Multifamily Carbon Emissions Reduction Program
C2: This is the Carbon Reduction Incentive Calculator
C4: It's very easy to use. Here's how it works
A6: 1
A7: Input all of the oil use data from your oil bills into the "Oil Billing Data" tab of this Workbook
A8: Enter the date of each delivery, the number of days that elapsed between each delivery, and the amount of oil delivered in gallons for each delivery over the three year period.
A9: The tool will automatically sum these values. It will track the number of days that you are reporting for the year of deliveries to ensure you have 365 days (within +/- 4 Days) worth of use in each year.
A10: The tool will automatically average your annual oil use over the three years as long as you have entered oil use for each year, which is required by the program.
A12: 2
A13: After you have entered your oil use data, proceed to the "Calculator" tab.
A14: You will see that your annual average #6 oil use is already filled in on the Calculator tab in the Blue colored cell. This value is expressed in MMBtus, not gallons.
A15: Click on the Green Cell (6C) entitled "New Fuel Type". A Dropdown list will appear allowing you to choose the fuel type that your building is converting to.
A16: If you are converting to #2 fuel oil with a biofuel blend, you will need to fill out information about the % biofuel content and the duration of any long-term purchasing contract you have for the biofuel blend
B17: This will allow the tool to calculate the correct incentive based on the term of your boifuel contracts
A19: 3
A20: After completing steps 1 and 2 above, the calculator tab will generate your projected carbon emissions reduction resulting from your fuel conversion and it will tell you the NYSERDA incentive you can receive!
A21: It really is just that simple

Sheet Oil Billing Data
B1: Annual Average Use in Gallons | E1: =((E46+J46+O46)/3) -> 0
B2: Annual Average Use in MMBtus | E2: =E1*Assumptions!C25 -> 0
C4: Oil Type: | D4: No. 6 | H4: Oil Type: | I4: No. 6 | M4: Oil Type: | N4: No. 6
F6: Common Area | K6: Common Area | P6: Common Area
D7: OIL USE YEAR ONE | F7: Account #: | I7: OIL USE YEAR TWO | K7: Account #: | N7: OIL USE YEAR THREE | P7: Account #:
C9: Delivery Date | D9: Days in Billing Period | E9: Oil Delivery (Gallons) | F9: Oil MMBtu Consumption | H9: Delivery Date | I9: Days in Billing Period | J9: Oil Delivery (Gallons) | K9: Oil MMBtu Consumption | M9: Delivery Date | N9: Days in Billing Period | O9: Oil Delivery (Gallons) | P9: Oil MMBtu Consumption
D10: NA | E10: 0 | F10: =E10*Assumptions!$C$25 -> 0 | I10: NA | J10: 0 | K10: =J10*Assumptions!$C$25 -> 0 | N10: NA | O10: 0 | P10: =O10*Assumptions!$C$25 -> 0
D11: =IF(C11="",0,(ABS(C10-C11))) -> 0 | E11: 0 | F11: =E11*Assumptions!$C$25 -> 0 | I11: =IF(H11="",0,(ABS(H10-H11))) -> 0 | J11: 0 | K11: =J11*Assumptions!$C$25 -> 0 | N11: =IF(M11="",0,(ABS(M10-M11))) -> 0 | O11: 0 | P11: =O11*Assumptions!$C$25 -> 0
D12: =IF(C12="",0,(ABS(C11-C12))) -> 0 | E12: 0 | F12: =E12*Assumptions!$C$25 -> 0 | I12: =IF(H12="",0,(ABS(H11-H12))) -> 0 | J12: 0 | K12: =J12*Assumptions!$C$25 -> 0 | N12: =IF(M12="",0,(ABS(M11-M12))) -> 0 | O12: 0 | P12: =O12*Assumptions!$C$25 -> 0
D13: =IF(C13="",0,(ABS(C12-C13))) -> 0 | E13: 0 | F13: =E13*Assumptions!$C$25 -> 0 | I13: =IF(H13="",0,(ABS(H12-H13))) -> 0 | J13: 0 | K13: =J13*Assumptions!$C$25 -> 0 | N13: =IF(M13="",0,(ABS(M12-M13))) -> 0 | O13: 0 | P13: =O13*Assumptions!$C$25 -> 0
D14: =IF(C14="",0,(ABS(C13-C14))) -> 0 | E14: 0 | F14: =E14*Assumptions!$C$25 -> 0 | I14: =IF(H14="",0,(ABS(H13-H14))) -> 0 | J14: 0 | K14: =J14*Assumptions!$C$25 -> 0 | N14: =IF(M14="",0,(ABS(M13-M14))) -> 0 | O14: 0 | P14: =O14*Assumptions!$C$25 -> 0
D15: =IF(C15="",0,(ABS(C14-C15))) -> 0 | E15: 0 | F15: =E15*Assumptions!$C$25 -> 0 | I15: =IF(H15="",0,(ABS(H14-H15))) -> 0 | J15: 0 | K15: =J15*Assumptions!$C$25 -> 0 | N15: =IF(M15="",0,(ABS(M14-M15))) -> 0 | O15: 0 | P15: =O15*Assumptions!$C$25 -> 0
D16: =IF(C16="",0,(ABS(C15-C16))) -> 0 | E16: 0 | F16: =E16*Assumptions!$C$25 -> 0 | I16: =IF(H16="",0,(ABS(H15-H16))) -> 0 | J16: 0 | K16: =J16*Assumptions!$C$25 -> 0 | N16: =IF(M16="",0,(ABS(M15-M16))) -> 0 | O16: 0 | P16: =O16*Assumptions!$C$25 -> 0
D17: =IF(C17="",0,(ABS(C16-C17))) -> 0 | E17: 0 | F17: =E17*Assumptions!$C$25 -> 0 | I17: =IF(H17="",0,(ABS(H16-H17))) -> 0 | J17: 0 | K17: =J17*Assumptions!$C$25 -> 0 | N17: =IF(M17="",0,(ABS(M16-M17))) -> 0 | O17: 0 | P17: =O17*Assumptions!$C$25 -> 0
D18: =IF(C18="",0,(ABS(C17-C18))) -> 0 | E18: 0 | F18: =E18*Assumptions!$C$25 -> 0 | I18: =IF(H18="",0,(ABS(H17-H18))) -> 0 | J18: 0 | K18: =J18*Assumptions!$C$25 -> 0 | N18: =IF(M18="",0,(ABS(M17-M18))) -> 0 | O18: 0 | P18: =O18*Assumptions!$C$25 -> 0
D19: =IF(C19="",0,(ABS(C18-C19))) -> 0 | E19: 0 | F19: =E19*Assumptions!$C$25 -> 0 | I19: =IF(H19="",0,(ABS(H18-H19))) -> 0 | J19: 0 | K19: =J19*Assumptions!$C$25 -> 0 | N19: =IF(M19="",0,(ABS(M18-M19))) -> 0 | O19: 0 | P19: =O19*Assumptions!$C$25 -> 0
D20: =IF(C20="",0,(ABS(C19-C20))) -> 0 | E20: 0 | F20: =E20*Assumptions!$C$25 -> 0 | I20: =IF(H20="",0,(ABS(H19-H20))) -> 0 | J20: 0 | K20: =J20*Assumptions!$C$25 -> 0 | N20: =IF(M20="",0,(ABS(M19-M20))) -> 0 | O20: 0 | P20: =O20*Assumptions!$C$25 -> 0
D21: =IF(C21="",0,(ABS(C20-C21))) -> 0 | E21: 0 | F21: =E21*Assumptions!$C$25 -> 0 | I21: =IF(H21="",0,(ABS(H20-H21))) -> 0 | J21: 0 | K21: =J21*Assumptions!$C$25 -> 0 | N21: =IF(M21="",0,(ABS(M20-M21))) -> 0 | O21: 0 | P21: =O21*Assumptions!$C$25 -> 0
D22: =IF(C22="",0,(ABS(C21-C22))) -> 0 | E22: 0 | F22: =E22*Assumptions!$C$25 -> 0 | I22: =IF(H22="",0,(ABS(H21-H22))) -> 0 | J22: 0 | K22: =J22*Assumptions!$C$25 -> 0 | N22: =IF(M22="",0,(ABS(M21-M22))) -> 0 | O22: 0 | P22: =O22*Assumptions!$C$25 -> 0
... D45: =IF(C45="",0,(ABS(C44-C45))) -> 0 | E45: 0 | F45: =E45*Assumptions!$C$25 -> 0 | I45: =IF(H45="",0,(ABS(H44-H45))) -> 0 | J45: 0 | K45: =J45*Assumptions!$C$25 -> 0 | N45: =IF(M45="",0,(ABS(M44-M45))) -> 0 | O45: 0 | P45: =O45*Assumptions!$C$25 -> 0
C46: TOTALS | D46: =SUM(D10:D45) -> 0 | E46: =SUM(E10:E45) -> 0 | F46: =E46*Assumptions!$C$25 -> 0 | H46: TOTALS | I46: =SUM(I10:I45) -> 0 | J46: =SUM(J10:J45) -> 0 | K46: =J46*Assumptions!$C$25 -> 0 | M46: TOTALS | N46: =SUM(N10:N45) -> 0 | O46: =SUM(O10:O45) -> 0 | P46: =O46*Assumptions!$C$25 -> 0
B97: Type: | C97: MMBtu/gallon
B98: No. 2 | C98: 0.1386
B99: No. 4 | C99: 0.139982
B100: No. 6 | C100: 0.14859

Sheet Calculator
A1: Carbon Savings and Incentives Calculator
A2: Green shading indicates required customer inputs
A3: Blue Shading Indicates auto-generated Value
A4: Inputs
A6: New fuel type:
A8: % biodiesel for biodiesel blends: | D8: =IF(C6="Biodiesel blend","%"," ")
A9: Ex: For B20, the correct input would be 20
A11: Length of contract for biodiesel blends: | D11: =IF(C6="Biodiesel blend","years"," ")
A12: NOTE: Contract length should be <= 10 years, as program incentive is based on a 10-year timeframe
A14: Annual usage: | C14: ='Oil Billing Data'!E1 -> 0 | D14: gal/yr | E14: ='Oil Billing Data'!E2 -> 0 | F14: MMBtu/yr
A17: Outputs
A19: Total carbon savings over 10 years: | C19: =IF(C6="Natural gas",(E14*'Reference Values'!B16*10),IF(C6="Steam",(E14*'Reference Values'!B19*10),IF(C6="#2 / distillate fuel oil",(E14*'Reference Values'!B17*10),IF(C6="Propane",(E14*'Reference Values'!B20*10),IF(C6="Biodiesel blend",((C11*(E14*'Reference Values'!A31*'Reference Values'!B18+E14*'Reference Values'!A32*'Reference Values'!B17))+((10-C11)*(E14*'Reference Values'!B17)))))))) -> FALSE | D19: tons CO2e
A21: Equivalent number of cars taken off the road during the 10 year period: | C21: =C19/(10*'Reference Values'!D43) -> 0 | D21: cars
A23: Incentive level: | C23: =IF(AND(C6="Biodiesel blend",C8>='Reference Values'!D37),50,30) -> 30 | D23: /ton CO2e
A25: Total incentive: | C25: =IF((C23*C19)<=175000,(C23*C19),175000) -> 0
A26: NOTE: Total incentive is capped at $175,000 per project

Sheet Reference Values
A1: Fuel Types
A3: Natural gas
A4: #2 / distillate fuel oil
A5: Biodiesel blend
A6: Steam
A7: Propane
A11: Emission Factor "Savings" for Fuel Switch
A12: Relative to a baseline of B2 #6 / Residual Fuel Oil
A14: Fuel Type | B14: Emission Factor "Savings"
B15: (ton CO2e/MMBtu)
A16: =A3 -> Natural gas | B16: =Assumptions!C10-Assumptions!C6 -> 0.027868163
A17: =A4 -> #2 / distillate fuel oil | B17: =Assumptions!C10-Assumptions!C7 -> 0.0054232641
A18: B100 | B18: =Assumptions!C10-Assumptions!C9 -> 0.045958933
A19: =A6 -> Steam | B19: =Assumptions!C10-Assumptions!C11 -> 0.016842752
A20: Propane | B20: =Assumptions!C10-Assumptions!C12 -> 0.016575375
A24: Calculation of Biodiesel Volumetric Breakdown
A26: % B100 in biodiesel blend (by volume): | C26: =Calculator!C8/100 -> 0
A28: =C26*Assumptions!C26 -> 0 | B28: MMBtu B100 per gallon of biodiesel blend
A29: =(1-C26)*Assumptions!C24 -> 0.13869048 | B29: MMBtu #2 / distillate fuel oil per gallon of biodiesel blend
A31: =A28/(A28+A29) -> 0 | B31: B100 on an MMBtu basis
A32: =1-A31 -> 1 | B32: #2 / distillate fuel oil on an MMBtu basis
A35: Rule for Biodiesel Blend Incentive Level Designation
A37: Threshold at or above which the $50/ton CO2e incentive level applies: | D37: =Assumptions!D41 -> 110 | E37: % | F37: biodiesel
A41: Vehicle Emissions
A43: Estimated annual tons of CO2e emitted by a car: | D43: =Assumptions!D45 -> 5.1 | E43: tons/yr

Sheet Assumptions
A1: Emission Factors
A2: Represent aggregate CO2, CH4 and N2O emissions for the residential sector
A4: Fuel Type | B4: Emission Factor | C4: Emission Factor | D4: Emission Factor
B5: (lb CO2e/MMBtu) | C5: (short ton CO2e/MMBtu) | D5: (short ton CO2e/gal)
A6: Natural Gas a | B6: 117.25288 | C6: =B6/2000 -> 0.058626439 | D6: ---
A7: #2 / Distillate Fuel Oil a | B7: 162.14268 | C7: =B7/2000 -> 0.081071338 | D7: =C7*C24 -> 0.011243822
A8: #6 / Residual Fuel Oil a | B8: 174.58819 | C8: =B8/2000 -> 0.087294094 | D8: =C8*C25 -> 0.013067095
A9: B100 b | B9: =D36*B7 -> 81.071338 | C9: =B9/2000 -> 0.040535669 | D9: =C9*C26 -> 0.0051721583
A10: B2 #6 / Residual Fuel Oil c | B10: =C10*2000 -> 172.9892 | C10: =D10/C27 -> 0.086494602 | D10: =(0.02*D9)+(0.98*D8) -> 0.012909196
A11: Steam d | B11: 139.3037 | C11: =B11/2000 -> 0.06965185 | D11: ---
A12: Propane a | B12: 139.83845 | C12: =B12/2000 -> 0.069919227 | D12: =C12*C28 -> 0.0063859561
A13: Sources:
A14: a EPA's Inventory of U.S. Greenhouse Gas Emissions and Sinks: 1990 - 2006, Annexes 2 & 3
A15: b Emission factors were derived from the #2 / Distillate Fuel Oil emission factors using the assumption outlined below on the worksheet.
A16: c Emission factors were derived from the B100 and #6 / Residual Fuel Oil emission factors.
A17: d PlaNYC's Inventory of New York City Greenhouse Gas Emissions: September 2010
A19: Heating Values
A20: Represent higher heating values for each fuel type
A22: Fuel Type | B22: Conversion Factor | C22: Conversion Factor
B23: (MMBtu/barrel) | C23: (MMBtu/gal)
A24: #2 / Distillate a | B24: 5.825 | C24: =B24/42 -> 0.13869048
A25: #6 / Residual a | B25: 6.287 | C25: =B25/42 -> 0.14969048
A26: B100 b | B26: 5.359 | C26: =B26/42 -> 0.12759524
A27: B2 #6 / Residual c | B27: =C27*42 -> 6.26844 | C27: =(0.02*C26)+(0.98*C25) -> 0.14924857
A28: Propane a | B28: 3.836 | C28: =B28/42 -> 0.091333333
A29: Sources:
A30: a EIA Monthly Energy Review - Thermal Conversion Factor Source Documentation http://www.eia.doe.gov/mer/pdf/pages/sec12_a_doc.pdf
A31: b EIA's Annual Energy Review 2008 - Thermal Conversion Factor Source Documentation http://www.eia.doe.gov/aer/pdf/pages/secnote13.pdf
A32: c Conversion factors were derived from the B100 and #6 / Residual Fuel Oil conversion factors.
A34: B100 Carbon Savings
A36: Assumed emission reduction relative to #2 / distillate fuel oil: | D36: 0.5
A37: Source: EPA RFS2 Threshold Determination: http://www.epa.gov/otaq/renewablefuels/420f10006.htm
A39: Rule for Biodiesel Blend Incentive Level Designation
A41: Threshold at or above which the $50/ton CO2e incentive level applies: | D41: 110 | E41: % biodiesel
A43: Vehicle Emissions
A45: Estimated annual tons of CO2e emitted by a car: | D45: 5.1 | E45: tons/yr
