Workbook

Sheet Data
B1: YEAR | C1: PROGRAM | D1: Program Completers | E1: Respondents | F1: Respondents Employed, Related To Training | G1: Median Hourly Wage | H1: Respondents Employed, Unrelated To Training | I1: Total Employed | J1: Unemployed, Seeking Employment | K1: Unemployed, Not Seeking Employment | L1: Military Full-time | M1: Military Part-Time | N1: Total in Military | O1: Continuing Education (Secondary or Post-Secondary) | P1: Apprenticeship related to FRCC taining*(The 2008 survey question is different) | Q1: Apprenticeship unrelated to FRCC taining | R1: Total in Apprenticeships | S1: Took State Licensing Exam | T1: Passed State Licensing Exam | U1: Instructional Program Met Educational Goals
A2: =C2=C37 -> TRUE | B2: 2013 | C2: Total | D2: 2196 | E2: 1239 | F2: 598 | G2: 14.85 | H2: 342 | I2: 940 | J2: 144 | K2: 149 | L2: 9 | M2: 7 | N2: 16 | O2: 629 | P2: 168 | Q2: 76 | R2: 244 | S2: 620 | T2: 601 | U2: 1150 | W2: =S2-E2 -> -619 | X2: =-T2-S2 -> -1221
A3: =C3=C38 -> TRUE | B3: 2013 | C3: Accounting | D3: 62 | E3: 34 | F3: 11 | G3: 15 | H3: 11 | I3: 22 | J3: 5 | K3: 7 | L3: 0 | M3: 0 | N3: 0 | O3: 18 | P3: 4 | Q3: 1 | R3: 5 | S3: 2 | T3: 2 | U3: 31 | W3: =S3-E3 -> -32 | X3: =-T3-S3 -> -4
A4: =C4=C39 -> TRUE | B4: 2013 | C4: Animal Laboratory Technology | D4: 1 | E4: 0 | W4: =S4-E4 -> 0 | X4: =-T4-S4 -> 0
A5: =C5=C40 -> TRUE | B5: 2013 | C5: Applied Technology | D5: 1 | E5: 1 | W5: =S5-E5 -> -1 | X5: =-T5-S5 -> 0
A6: =C6=C41 -> TRUE | B6: 2013 | C6: Architectural Engineering Technology | D6: 16 | E6: 8 | F6: 5 | G6: 15 | H6: 1 | I6: 6 | J6: 1 | K6: 1 | L6: 0 | M6: 0 | N6: 0 | O6: 2 | P6: 0 | Q6: 0 | R6: 0 | S6: 0 | T6: 0 | U6: 7 | W6: =S6-E6 -> -8 | X6: =-T6-S6 -> 0
A7: =C7=C42 -> TRUE | B7: 2013 | C7: Automotive Technology | D7: 114 | E7: 45 | F7: 19 | G7: 12 | H7: 14 | I7: 33 | J7: 6 | K7: 5 | L7: 1 | M7: 0 | N7: 1 | O7: 22 | P7: 3 | Q7: 1 | R7: 4 | S7: 10 | T7: 10 | U7: 44 | W7: =S7-E7 -> -35 | X7: =-T7-S7 -> -20
A8: =C8=C43 -> TRUE | B8: 2013 | C8: Business | D8: 108 | E8: 61 | F8: 32 | G8: 14.13 | H8: 16 | I8: 48 | J8: 8 | K8: 4 | L8: 0 | M8: 1 | N8: 1 | O8: 37 | P8: 7 | Q8: 3 | R8: 10 | S8: 8 | T8: 8 | U8: 57 | W8: =S8-E8 -> -53 | X8: =-T8-S8 -> -16
A9: =C9=C44 -> TRUE | B9: 2013 | C9: CISCO Network Associate | D9: 10 | E9: 6 | F9: 3 | H9: 2 | I9: 5 | J9: 1 | K9: 0 | L9: 0 | M9: 0 | N9: 0 | O9: 1 | P9: 0 | Q9: 1 | R9: 1 | S9: 1 | T9: 1 | U9: 5 | W9: =S9-E9 -> -5 | X9: =-T9-S9 -> -2
A10: =C10=C45 -> TRUE | B10: 2013 | C10: Computer Aided Drafting and Design | D10: 17 | E10: 14 | F10: 5 | G10: 16.25 | H10: 7 | I10: 12 | J10: 2 | K10: 0 | L10: 0 | M10: 0 | N10: 0 | O10: 3 | P10: 1 | Q10: 0 | R10: 1 | S10: 0 | T10: 0 | U10: 12 | W10: =S10-E10 -> -14 | X10: =-T10-S10 -> 0
A11: =C11=C46 -> TRUE | B11: 2013 | C11: Computer Information Systems | D11: 169 | E11: 112 | F11: 39 | G11: 18 | H11: 30 | I11: 69 | J11: 25 | K11: 18 | L11: 0 | M11: 0 | N11: 0 | O11: 61 | P11: 8 | Q11: 4 | R11: 12 | S11: 23 | T11: 20 | U11: 96 | W11: =S11-E11 -> -89 | X11: =-T11-S11 -> -43
A12: =C12=C47 -> TRUE | B12: 2013 | C12: Dental Assisting | D12: 28 | E12: 23 | F12: 15 | G12: 14 | H12: 4 | I12: 19 | J12: 2 | K12: 2 | L12: 0 | M12: 0 | N12: 0 | O12: 11 | P12: 2 | Q12: 1 | R12: 3 | S12: 0 | T12: 0 | U12: 22 | W12: =S12-E12 -> -23 | X12: =-T12-S12 -> 0
A13: =C13=C48 -> TRUE | B13: 2013 | C13: Early Childhood Education | D13: 52 | E13: 28 | F13: 23 | G13: 12.5 | H13: 1 | I13: 24 | J13: 1 | K13: 3 | L13: 0 | M13: 0 | N13: 0 | O13: 9 | P13: 4 | Q13: 0 | R13: 4 | S13: 4 | T13: 4 | U13: 28 | W13: =S13-E13 -> -24 | X13: =-T13-S13 -> -8
A14: =C14=C49 -> TRUE | B14: 2013 | C14: Emergency Medical Services | D14: 325 | E14: 152 | F14: 56 | G14: 12.25 | H14: 59 | I14: 115 | J14: 18 | K14: 18 | L14: 3 | M14: 2 | N14: 5 | O14: 88 | P14: 44 | Q14: 10 | R14: 54 | S14: 129 | T14: 122 | U14: 149 | W14: =S14-E14 -> -23 | X14: =-T14-S14 -> -251
A15: =C15=C50 -> TRUE | B15: 2013 | C15: Energy Technology | D15: 35 | E15: 31 | F15: 14 | G15: 18 | H15: 10 | I15: 24 | J15: 7 | K15: 0 | L15: 0 | M15: 0 | N15: 0 | O15: 10 | P15: 4 | Q15: 0 | R15: 4 | S15: 5 | T15: 5 | U15: 26 | W15: =S15-E15 -> -26 | X15: =-T15-S15 -> -10
A16: =C16=C51 -> TRUE | B16: 2013 | C16: Forestry-Wildlife & Natural Resources | D16: 63 | E16: 27 | F16: 3 | H16: 12 | I16: 15 | J16: 5 | K16: 7 | L16: 0 | M16: 1 | N16: 1 | O16: 18 | P16: 8 | Q16: 1 | R16: 9 | S16: 1 | T16: 1 | U16: 26 | W16: =S16-E16 -> -26 | X16: =-T16-S16 -> -2
A17: =C17=C52 -> TRUE | B17: 2013 | C17: Geographic Information System | D17: 62 | E17: 37 | F17: 15 | G17: 17.15 | H17: 13 | I17: 28 | J17: 6 | K17: 3 | L17: 0 | M17: 0 | N17: 0 | O17: 11 | P17: 3 | Q17: 1 | R17: 4 | S17: 0 | T17: 0 | U17: 32 | W17: =S17-E17 -> -37 | X17: =-T17-S17 -> 0
A18: =C18=C53 -> TRUE | B18: 2013 | C18: Health Information Technologies | D18: 9 | E18: 4
A19: =C19=C54 -> TRUE | B19: 2013 | C19: Heating, Ventilation & Air Cond | D19: 17 | E19: 16 | F19: 13 | G19: 20.5 | H19: 0 | I19: 13 | J19: 2 | K19: 1 | L19: 0 | M19: 0 | N19: 0 | O19: 2 | P19: 7 | Q19: 0 | R19: 7 | S19: 13 | T19: 13 | U19: 15 | W19: =S19-E19 -> -3 | X19: =-T19-S19 -> -26
A20: =C20=C55 -> TRUE | B20: 2013 | C20: Holistic Health | D20: 37 | E20: 25 | F20: 6 | H20: 5 | I20: 11 | J20: 1 | K20: 13 | L20: 0 | M20: 0 | N20: 0 | O20: 17 | P20: 5 | Q20: 4 | R20: 9 | S20: 6 | T20: 6 | U20: 24 | W20: =S20-E20 -> -19 | X20: =-T20-S20 -> -12
A21: =C21=C56 -> TRUE | B21: 2013 | C21: Horticulture & Landscape Tech | D21: 18 | E21: 15 | F21: 14 | G21: 14.35 | H21: 0 | I21: 14 | J21: 0 | K21: 1 | L21: 0 | M21: 0 | N21: 0 | O21: 2 | P21: 3 | Q21: 0 | R21: 3 | S21: 1 | T21: 1 | U21: 15 | W21: =S21-E21 -> -14 | X21: =-T21-S21 -> -2
A22: =C22=C57 -> TRUE | B22: 2013 | C22: Hospitality/ Food Management | D22: 17 | E22: 7 | F22: 5 | H22: 2 | I22: 7 | J22: 0 | K22: 0 | L22: 0 | M22: 0 | N22: 0 | O22: 2 | P22: 0 | Q22: 1 | R22: 1 | S22: 1 | T22: 1 | U22: 5 | W22: =S22-E22 -> -6 | X22: =-T22-S22 -> -2
A23: =C23=C58 -> TRUE | B23: 2013 | C23: Interior Design | D23: 12 | E23: 10 | F23: 7 | G23: 17 | H23: 2 | I23: 9 | J23: 0 | K23: 1 | L23: 0 | M23: 0 | N23: 0 | O23: 0 | P23: 1 | Q23: 2 | R23: 3 | S23: 3 | T23: 3 | U23: 10 | W23: =S23-E23 -> -7 | X23: =-T23-S23 -> -6
A24: =C24=C59 -> TRUE | B24: 2013 | C24: Interpreter Preparation | D24: 14 | E24: 4 | W24: =S24-E24 -> -4 | X24: =-T24-S24 -> 0
A25: =C25=C60 -> TRUE | B25: 2013 | C25: Legal Assistant / Paralegal | D25: 34 | E25: 24 | F25: 9 | G25: 15.25 | H25: 8 | I25: 17 | J25: 5 | K25: 2 | L25: 0 | M25: 0 | N25: 0 | O25: 11 | P25: 4 | Q25: 0 | R25: 4 | S25: 1 | T25: 1 | U25: 19 | W25: =S25-E25 -> -23 | X25: =-T25-S25 -> -2
A26: =C26=C61 -> TRUE | B26: 2013 | C26: Machining Technology | W26: =S26-E26 -> 0 | X26: =-T26-S26 -> 0
A27: =C27=C62 -> TRUE | B27: 2013 | C27: Medical Office Technology | D27: 45 | E27: 27 | F27: 14 | G27: 12.465 | H27: 6 | I27: 20 | J27: 5 | K27: 2 | L27: 0 | M27: 0 | N27: 0 | O27: 10 | P27: 3 | Q27: 3 | R27: 6 | S27: 14 | T27: 14 | U27: 24 | W27: =S27-E27 -> -13 | X27: =-T27-S27 -> -28
A28: =C28=C63 -> TRUE | B28: 2013 | C28: Multimedia Graphic Design | D28: 56 | E28: 26 | F28: 11 | G28: 15.5 | H28: 7 | I28: 18 | J28: 4 | K28: 4 | L28: 0 | M28: 0 | N28: 0 | O28: 9 | P28: 4 | Q28: 1 | R28: 5 | S28: 0 | T28: 0 | U28: 20 | W28: =S28-E28 -> -26 | X28: =-T28-S28 -> 0
A29: =C29=C64 -> TRUE | B29: 2013 | C29: Nurse Aide | D29: 422 | E29: 232 | F29: 98 | G29: 11.5 | H29: 78 | I29: 176 | J29: 22 | K29: 32 | L29: 0 | M29: 2 | N29: 2 | O29: 158 | P29: 17 | Q29: 27 | R29: 44 | S29: 191 | T29: 189 | U29: 223 | W29: =S29-E29 -> -41 | X29: =-T29-S29 -> -380
A30: =C30=C65 -> TRUE | B30: 2013 | C30: Pharmacy Technician | D30: 54 | E30: 31 | F30: 10 | G30: 13.75 | H30: 13 | I30: 23 | J30: 5 | K30: 3 | L30: 1 | M30: 0 | N30: 1 | O30: 8 | P30: 1 | Q30: 1 | R30: 2 | S30: 25 | T30: 23 | U30: 25 | W30: =S30-E30 -> -6 | X30: =-T30-S30 -> -48
A31: =C31=C66 -> TRUE | B31: 2013 | C31: Phlebotomy | D31: 55 | E31: 32 | F31: 15 | G31: 13 | H31: 9 | I31: 24 | J31: 2 | K31: 6 | L31: 2 | M31: 0 | N31: 2 | O31: 15 | P31: 6 | Q31: 3 | R31: 9 | S31: 6 | T31: 6 | U31: 30 | W31: =S31-E31 -> -26 | X31: =-T31-S31 -> -12
A32: =C32=C67 -> TRUE | B32: 2013 | C32: Practical Nursing | D32: 47 | E32: 24 | F32: 18 | G32: 21 | H32: 4 | I32: 22 | J32: 1 | K32: 0 | L32: 0 | M32: 0 | N32: 0 | O32: 13 | P32: 0 | Q32: 1 | R32: 1 | S32: 22 | T32: 22 | U32: 21 | W32: =S32-E32 -> -2 | X32: =-T32-S32 -> -44
A33: =C33=C68 -> TRUE | B33: 2013 | C33: Registered Nursing | D33: 167 | E33: 109 | F33: 94 | G33: 25 | H33: 8 | I33: 102 | J33: 2 | K33: 5 | L33: 0 | M33: 0 | N33: 0 | O33: 45 | P33: 16 | Q33: 6 | R33: 22 | S33: 109 | T33: 107 | U33: 107 | W33: =S33-E33 -> 0 | X33: =-T33-S33 -> -216
A34: =C34=C69 -> TRUE | B34: 2013 | C34: Teaching English as a Second Language | D34: 7 | E34: 5 | F34: 0 | H34: 3 | I34: 3 | J34: 0 | K34: 2 | L34: 0 | M34: 0 | N34: 0 | O34: 2 | P34: 4 | Q34: 0 | R34: 4 | S34: 0 | T34: 0 | U34: 4 | W34: =S34-E34 -> -5 | X34: =-T34-S34 -> 0
A35: =C35=C70 -> TRUE | B35: 2013 | C35: Veterinary Technology | D35: 57 | E35: 22 | F35: 12 | G35: 13 | H35: 4 | I35: 16 | J35: 1 | K35: 5 | L35: 0 | M35: 0 | N35: 0 | O35: 8 | P35: 3 | Q35: 1 | R35: 4 | S35: 17 | T35: 16 | U35: 22 | W35: =S35-E35 -> -5 | X35: =-T35-S35 -> -33
A36: =C36=C71 -> TRUE | B36: 2013 | C36: Welding Technology | D36: 65 | E36: 47 | F36: 25 | G36: 16 | H36: 12 | I36: 37 | J36: 6 | K36: 4 | L36: 2 | M36: 1 | N36: 3 | O36: 32 | P36: 2 | Q36: 1 | R36: 3 | S36: 23 | T36: 21 | U36: 42 | W36: =S36-E36 -> -24 | X36: =-T36-S36 -> -44
A37: =C37=C72 -> TRUE | B37: 2012 | C37: TOTAL | D37: 2257 | E37: 1515 | F37: 720 | G37: 14 | H37: 477 | I37: 1197 | J37: 150 | K37: 160 | L37: 4 | M37: 16 | N37: 20 | O37: 729 | P37: 229 | Q37: 57 | R37: 286 | S37: 906 | T37: 872 | U37: 1417 | W37: =S37-E37 -> -609 | X37: =-T37-S37 -> -1778
A38: =C38=C73 -> TRUE | B38: 2012 | C38: Accounting | D38: 88 | E38: 67 | F38: 28 | G38: 17.13 | H38: 23 | I38: 51 | J38: 10 | K38: 6 | N38: 0 | O38: 26 | P38: 3 | Q38: 1 | R38: 4 | S38: 8 | T38: 8 | U38: 61 | W38: =S38-E38 -> -59 | X38: =-T38-S38 -> -16
A39: =C39=C74 -> TRUE | B39: 2012 | C39: Animal Laboratory Technology | D39: 1 | E39: 1 | W39: =S39-E39 -> -1 | X39: =-T39-S39 -> 0
A40: =C40=C75 -> TRUE | B40: 2012 | C40: Applied Technology | D40: 2 | E40: 2 | W40: =S40-E40 -> -2 | X40: =-T40-S40 -> 0
A41: =C41=C76 -> TRUE | B41: 2012 | C41: Architectural Engineering Technology | D41: 17 | E41: 17 | F41: 7 | G41: 18.03 | H41: 7 | I41: 14 | J41: 1 | K41: 2 | N41: 0 | O41: 7 | R41: 0 | S41: 2 | T41: 2 | U41: 17 | W41: =S41-E41 -> -15 | X41: =-T41-S41 -> -4
A42: =C42=C77 -> TRUE | B42: 2012 | C42: Automotive Technology | D42: 137 | E42: 79 | F42: 44 | G42: 13.72 | H42: 19 | I42: 63 | J42: 9 | K42: 7 | M42: 1 | N42: 1 | O42: 22 | P42: 2 | Q42: 5 | R42: 7 | S42: 47 | T42: 44 | U42: 77 | W42: =S42-E42 -> -32 | X42: =-T42-S42 -> -91
A43: =C43=C78 -> TRUE | B43: 2012 | C43: Business | D43: 65 | E43: 55 | F43: 25 | G43: 13.62 | H43: 16 | I43: 41 | J43: 9 | K43: 4 | M43: 1 | N43: 1 | O43: 22 | P43: 5 | R43: 5 | S43: 15 | T43: 15 | U43: 53 | W43: =S43-E43 -> -40 | X43: =-T43-S43 -> -30
A44: =C44=C79 -> TRUE | B44: 2012 | C44: CISCO Network Associate | D44: 13 | E44: 8 | F44: 3 | H44: 3 | I44: 6 | J44: 2 | N44: 0 | O44: 4 | P44: 1 | R44: 1 | S44: 1 | T44: 1 | U44: 8 | W44: =S44-E44 -> -7 | X44: =-T44-S44 -> -2
A45: =C45=C80 -> TRUE | B45: 2012 | C45: Computer Aided Drafting and Design | D45: 25 | E45: 21 | F45: 8 | G45: 15.75 | H45: 10 | I45: 18 | J45: 2 | K45: 1 | N45: 0 | O45: 12 | P45: 2 | R45: 2 | S45: 2 | T45: 2 | U45: 19 | W45: =S45-E45 -> -19 | X45: =-T45-S45 -> -4
A46: =C46=C81 -> TRUE | B46: 2012 | C46: Computer Information Systems | D46: 120 | E46: 82 | F46: 40 | G46: 13.3 | H46: 25 | I46: 65 | J46: 13 | K46: 4 | L46: 1 | N46: 1 | O46: 48 | P46: 10 | Q46: 1 | R46: 11 | S46: 11 | T46: 9 | U46: 73 | W46: =S46-E46 -> -71 | X46: =-T46-S46 -> -20
A47: =C47=C82 -> TRUE | B47: 2012 | C47: Dental Assisting | D47: 15 | E47: 14 | F47: 11 | G47: 13.5 | I47: 11 | K47: 3 | N47: 0 | O47: 5 | P47: 7 | R47: 7 | S47: 2 | T47: 2 | U47: 13 | W47: =S47-E47 -> -12 | X47: =-T47-S47 -> -4
A48: =C48=C83 -> TRUE | B48: 2012 | C48: Early Childhood Education | D48: 37 | E48: 22 | F48: 15 | G48: 14 | H48: 3 | I48: 18 | J48: 1 | K48: 3 | N48: 0 | O48: 15 | P48: 2 | R48: 2 | S48: 2 | T48: 1 | U48: 22 | W48: =S48-E48 -> -20 | X48: =-T48-S48 -> -3
A49: =C49=C84 -> TRUE | B49: 2012 | C49: Emergency Medical Services | D49: 363 | E49: 215 | F49: 72 | G49: 12 | H49: 102 | I49: 174 | J49: 20 | K49: 20 | L49: 3 | M49: 4 | N49: 7 | O49: 112 | P49: 83 | Q49: 13 | R49: 96 | S49: 195 | T49: 187 | U49: 209 | W49: =S49-E49 -> -20 | X49: =-T49-S49 -> -382
A50: =C50=C85 -> TRUE | B50: 2012 | C50: Energy Technology | D50: 46 | E50: 27 | F50: 9 | G50: 16.5 | H50: 15 | I50: 24 | J50: 3 | M50: 1 | N50: 1 | O50: 8 | P50: 2 | R50: 2 | S50: 2 | T50: 2 | U50: 16 | W50: =S50-E50 -> -25 | X50: =-T50-S50 -> -4
A51: =C51=C86 -> TRUE | B51: 2012 | C51: Forestry-Wildlife & Natural Resources | D51: 39 | E51: 22 | F51: 7 | G51: 13.5 | H51: 9 | I51: 16 | J51: 2 | K51: 4 | N51: 0 | O51: 12 | P51: 7 | R51: 7 | U51: 21 | W51: =S51-E51 -> -22 | X51: =-T51-S51 -> 0
A52: =C52=C87 -> TRUE | B52: 2012 | C52: Geographic Information System | D52: 34 | E52: 25 | F52: 14 | G52: 17 | H52: 9 | I52: 23 | J52: 2 | M52: 1 | N52: 1 | O52: 11 | P52: 6 | Q52: 2 | R52: 8 | S52: 1 | U52: 22 | W52: =S52-E52 -> -24 | X52: =-T52-S52 -> -1
A53: =C53=C88 -> TRUE | B53: 2012 | C53: Health Information Technologies
A54: =C54=C89 -> TRUE | B54: 2012 | C54: Heating, Ventilation & Air Cond | D54: 8 | E54: 8 | F54: 6 | G54: 18.5 | H54: 1 | I54: 7 | K54: 1 | N54: 0 | O54: 6 | P54: 3 | R54: 3 | S54: 8 | T54: 5 | U54: 8 | W54: =S54-E54 -> 0 | X54: =-T54-S54 -> -13
A55: =C55=C90 -> TRUE | B55: 2012 | C55: Holistic Health | D55: 20 | E55: 12 | F55: 4 | H55: 5 | I55: 9 | J55: 1 | K55: 2 | N55: 0 | O55: 7 | P55: 2 | Q55: 1 | R55: 3 | S55: 2 | T55: 2 | U55: 11 | W55: =S55-E55 -> -10 | X55: =-T55-S55 -> -4
A56: =C56=C91 -> TRUE | B56: 2012 | C56: Horticulture & Landscape Tech | D56: 18 | E56: 12 | F56: 9 | G56: 14 | I56: 9 | J56: 3 | N56: 0 | O56: 3 | P56: 1 | R56: 1 | S56: 2 | T56: 2 | U56: 12 | W56: =S56-E56 -> -10 | X56: =-T56-S56 -> -4
A57: =C57=C92 -> TRUE | B57: 2012 | C57: Hospitality/ Food Management | D57: 10 | E57: 6 | F57: 1 | H57: 3 | I57: 4 | K57: 2 | N57: 0 | O57: 1 | Q57: 1 | R57: 1 | S57: 1 | T57: 1 | U57: 3 | W57: =S57-E57 -> -5 | X57: =-T57-S57 -> -2
A58: =C58=C93 -> TRUE | B58: 2012 | C58: Interior Design | D58: 11 | E58: 11 | F58: 8 | G58: 17.5 | I58: 8 | J58: 1 | K58: 2 | N58: 0 | O58: 2 | R58: 0 | S58: 2 | T58: 2 | U58: 11 | W58: =S58-E58 -> -9 | X58: =-T58-S58 -> -4
A59: =C59=C94 -> TRUE | B59: 2012 | C59: Interpreter Preparation | D59: 19 | E59: 13 | F59: 8 | G59: 20 | H59: 3 | I59: 11 | J59: 1 | K59: 1 | N59: 0 | O59: 2 | P59: 2 | R59: 2 | S59: 10 | T59: 3 | U59: 7 | W59: =S59-E59 -> -3 | X59: =-T59-S59 -> -13
A60: =C60=C95 -> TRUE | B60: 2012 | C60: Legal Assistant / Paralegal | D60: 34 | E60: 34 | F60: 13 | G60: 16.5 | H60: 11 | I60: 24 | J60: 9 | K60: 1 | N60: 0 | O60: 4 | P60: 2 | Q60: 1 | R60: 3 | S60: 4 | T60: 4 | U60: 26 | W60: =S60-E60 -> -30 | X60: =-T60-S60 -> -8
A61: =C61=C96 -> TRUE | B61: 2012 | C61: Machining Technology | W61: =S61-E61 -> 0 | X61: =-T61-S61 -> 0
A62: =C62=C97 -> TRUE | B62: 2012 | C62: Medical Office Technology | D62: 83 | E62: 60 | F62: 21 | G62: 12 | H62: 19 | I62: 40 | J62: 11 | K62: 7 | N62: 0 | O62: 11 | P62: 15 | Q62: 3 | R62: 18 | S62: 15 | T62: 14 | U62: 52 | W62: =S62-E62 -> -45 | X62: =-T62-S62 -> -29
A63: =C63=C98 -> TRUE | B63: 2012 | C63: Multimedia Graphic Design | D63: 38 | E63: 12 | F63: 8 | G63: 21 | H63: 2 | I63: 10 | J63: 1 | K63: 1 | N63: 0 | O63: 2 | Q63: 1 | R63: 1 | S63: 1 | T63: 1 | U63: 10 | W63: =S63-E63 -> -11 | X63: =-T63-S63 -> -2
A64: =C64=C99 -> TRUE | B64: 2012 | C64: Nurse Aide | D64: 544 | E64: 322 | F64: 125 | G64: 11.65 | H64: 106 | I64: 231 | J64: 30 | K64: 59 | M64: 4 | N64: 4 | O64: 225 | P64: 21 | Q64: 17 | R64: 38 | S64: 281 | T64: 278 | U64: 314 | W64: =S64-E64 -> -41 | X64: =-T64-S64 -> -559
A65: =C65=C100 -> TRUE | B65: 2012 | C65: Pharmacy Technician | D65: 53 | E65: 40 | F65: 24 | G65: 13 | H65: 10 | I65: 34 | J65: 5 | K65: 1 | N65: 0 | O65: 17 | P65: 13 | R65: 13 | S65: 35 | T65: 34 | U65: 37 | W65: =S65-E65 -> -5 | X65: =-T65-S65 -> -69
A66: =C66=C101 -> TRUE | B66: 2012 | C66: Phlebotomy | D66: 50 | E66: 30 | F66: 10 | G66: 12.13 | H66: 11 | I66: 21 | J66: 4 | K66: 5 | N66: 0 | O66: 14 | P66: 1 | Q66: 1 | R66: 2 | S66: 14 | T66: 14 | U66: 30 | W66: =S66-E66 -> -16 | X66: =-T66-S66 -> -28
A67: =C67=C102 -> TRUE | B67: 2012 | C67: Practical Nursing | D67: 63 | E67: 42 | F67: 34 | G67: 21.75 | H67: 4 | I67: 38 | J67: 1 | K67: 3 | N67: 0 | O67: 16 | P67: 2 | Q67: 1 | R67: 3 | S67: 38 | T67: 36 | U67: 36 | W67: =S67-E67 -> -4 | X67: =-T67-S67 -> -74
A68: =C68=C103 -> TRUE | B68: 2012 | C68: Registered Nursing | D68: 176 | E68: 147 | F68: 126 | G68: 24 | H68: 12 | I68: 138 | J68: 3 | K68: 5 | N68: 0 | O68: 42 | P68: 12 | Q68: 3 | R68: 15 | S68: 144 | T68: 144 | U68: 142 | W68: =S68-E68 -> -3 | X68: =-T68-S68 -> -288
A69: =C69=C104 -> TRUE | B69: 2012 | C69: Teaching English as a Second Language | D69: 13 | E69: 12 | H69: 11 | I69: 11 | N69: 0 | O69: 6 | P69: 8 | R69: 8 | S69: 1 | T69: 1 | U69: 10 | W69: =S69-E69 -> -11 | X69: =-T69-S69 -> -2
A70: =C70=C105 -> TRUE | B70: 2012 | C70: Veterinary Technology | D70: 62 | E70: 49 | F70: 16 | G70: 10 | H70: 14 | I70: 30 | J70: 5 | K70: 14 | M70: 3 | N70: 3 | O70: 29 | P70: 14 | Q70: 5 | R70: 19 | S70: 30 | T70: 28 | U70: 48 | W70: =S70-E70 -> -19 | X70: =-T70-S70 -> -58
A71: =C71=C106 -> TRUE | B71: 2012 | C71: Welding Technology | D71: 53 | E71: 48 | F71: 23 | G71: 20 | H71: 23 | I71: 46 | K71: 2 | M71: 1 | N71: 1 | O71: 38 | P71: 3 | Q71: 1 | R71: 4 | S71: 28 | T71: 28 | U71: 46 | W71: =S71-E71 -> -20 | X71: =-T71-S71 -> -56
A72: =C72=C107 -> TRUE | B72: 2011 | C72: TOTAL | D72: 2169 | E72: 1205 | F72: 584 | G72: 14.2 | H72: 329 | I72: 913 | J72: 150 | K72: 129 | L72: 8 | M72: 9 | N72: 17 | O72: 538 | P72: 188 | Q72: 55 | R72: 243 | S72: 765 | T72: 747 | U72: 1079 | W72: =S72-E72 -> -440 | X72: =-T72-S72 -> -1512
A73: =C73=C108 -> TRUE | B73: 2011 | C73: Accounting | D73: 66 | E73: 49 | F73: 20 | G73: 13 | H73: 12 | I73: 32 | J73: 8 | K73: 8 | L73: 1 | M73: 0 | N73: 1 | O73: 14 | P73: 2 | Q73: 0 | R73: 2 | S73: 2 | T73: 1 | U73: 44 | W73: =S73-E73 -> -47 | X73: =-T73-S73 -> -3
A74: =C74=C109 -> TRUE | B74: 2011 | C74: Animal Laboratory Technology | W74: =S74-E74 -> 0 | X74: =-T74-S74 -> 0
A75: =C75=C110 -> TRUE | B75: 2011 | C75: Applied Technology | D75: 3 | E75: 0 | W75: =S75-E75 -> 0 | X75: =-T75-S75 -> 0
A76: =C76=C111 -> TRUE | B76: 2011 | C76: Architectural Engineering Technology | D76: 15 | E76: 9 | F76: 5 | H76: 2 | I76: 7 | J76: 2 | K76: 0 | L76: 0 | M76: 0 | N76: 0 | O76: 1 | P76: 0 | Q76: 0 | R76: 0 | S76: 1 | T76: 0 | U76: 8 | W76: =S76-E76 -> -8 | X76: =-T76-S76 -> -1
A77: =C77=C112 -> TRUE | B77: 2011 | C77: Automotive Technology | D77: 104 | E77: 60 | F77: 35 | G77: 10.13 | H77: 11 | I77: 46 | J77: 9 | K77: 5 | L77: 1 | M77: 0 | N77: 1 | O77: 37 | P77: 2 | Q77: 2 | R77: 4 | S77: 13 | T77: 13 | U77: 59 | W77: =S77-E77 -> -47 | X77: =-T77-S77 -> -26
A78: =C78=C113 -> TRUE | B78: 2011 | C78: Business | D78: 156 | E78: 85 | F78: 31 | G78: 15 | H78: 19 | I78: 50 | J78: 12 | K78: 23 | L78: 0 | M78: 0 | N78: 0 | O78: 36 | P78: 6 | Q78: 7 | R78: 13 | S78: 12 | T78: 10 | U78: 58 | W78: =S78-E78 -> -73 | X78: =-T78-S78 -> -22
A79: =C79=C114 -> TRUE | B79: 2011 | C79: CISCO Network Associate | D79: 6 | E79: 2 | W79: =S79-E79 -> -2 | X79: =-T79-S79 -> 0
A80: =C80=C115 -> TRUE | B80: 2011 | C80: Computer Aided Drafting and Design | D80: 23 | E80: 16 | F80: 5 | G80: 15 | H80: 6 | I80: 11 | J80: 5 | K80: 0 | L80: 0 | M80: 0 | N80: 0 | O80: 3 | P80: 1 | Q80: 1 | R80: 2 | S80: 5 | T80: 5 | U80: 13 | W80: =S80-E80 -> -11 | X80: =-T80-S80 -> -10
A81: =C81=C116 -> TRUE | B81: 2011 | C81: Computer Information Systems | D81: 84 | E81: 48 | F81: 24 | G81: 15.38 | H81: 14 | I81: 38 | J81: 6 | K81: 4 | L81: 0 | M81: 0 | N81: 0 | O81: 22 | P81: 5 | Q81: 3 | R81: 8 | S81: 8 | T81: 8 | U81: 40 | W81: =S81-E81 -> -40 | X81: =-T81-S81 -> -16
A82: =C82=C117 -> TRUE | B82: 2011 | C82: Dental Assisting | D82: 13 | E82: 13 | F82: 11 | G82: 13 | H82: 1 | I82: 12 | J82: 0 | K82: 1 | L82: 0 | M82: 0 | N82: 0 | O82: 3 | P82: 1 | Q82: 0 | R82: 1 | S82: 4 | T82: 4 | U82: 12 | W82: =S82-E82 -> -9 | X82: =-T82-S82 -> -8
A83: =C83=C118 -> TRUE | B83: 2011 | C83: Early Childhood Education | D83: 40 | E83: 13 | F83: 10 | G83: 11 | H83: 0 | I83: 10 | J83: 1 | K83: 2 | L83: 0 | M83: 0 | N83: 0 | O83: 9 | P83: 0 | Q83: 1 | R83: 1 | S83: 3 | T83: 3 | U83: 12 | W83: =S83-E83 -> -10 | X83: =-T83-S83 -> -6
A84: =C84=C119 -> TRUE | B84: 2011 | C84: Emergency Medical Services | D84: 395 | E84: 185 | F84: 52 | G84: 12 | H84: 91 | I84: 143 | J84: 25 | K84: 17 | L84: 2 | M84: 7 | N84: 9 | O84: 107 | P84: 63 | Q84: 14 | R84: 77 | S84: 160 | T84: 157 | U84: 175 | W84: =S84-E84 -> -25 | X84: =-T84-S84 -> -317
A85: =C85=C120 -> TRUE | B85: 2011 | C85: Energy Technology | D85: 29 | E85: 20 | F85: 9 | G85: 15.75 | H85: 6 | I85: 15 | J85: 4 | K85: 1 | L85: 0 | M85: 0 | N85: 0 | O85: 3 | P85: 3 | Q85: 0 | R85: 3 | S85: 0 | T85: 0 | U85: 15 | W85: =S85-E85 -> -20 | X85: =-T85-S85 -> 0
A86: =C86=C121 -> TRUE | B86: 2011 | C86: Forestry-Wildlife & Natural Resources | D86: 50 | E86: 32 | F86: 13 | G86: 13 | H86: 10 | I86: 23 | J86: 4 | K86: 4 | L86: 1 | M86: 0 | N86: 1 | O86: 25 | P86: 15 | Q86: 1 | R86: 16 | S86: 8 | T86: 8 | U86: 30 | W86: =S86-E86 -> -24 | X86: =-T86-S86 -> -16
A87: =C87=C122 -> TRUE | B87: 2011 | C87: Geographic Information System | D87: 31 | E87: 13 | F87: 4 | H87: 3 | I87: 7 | J87: 5 | K87: 1 | L87: 0 | M87: 0 | N87: 0 | O87: 4 | P87: 1 | Q87: 1 | R87: 2 | S87: 5 | T87: 5 | U87: 10 | W87: =S87-E87 -> -8 | X87: =-T87-S87 -> -10
A88: =C88=C123 -> TRUE | B88: 2011 | C88: Health Information Technologies
A89: =C89=C124 -> TRUE | B89: 2011 | C89: Heating, Ventilation & Air Cond | D89: 5 | E89: 3 | W89: =S89-E89 -> -3 | X89: =-T89-S89 -> 0
A90: =C90=C125 -> TRUE | B90: 2011 | C90: Holistic Health | D90: 9 | E90: 6 | F90: 2 | H90: 3 | I90: 5 | J90: 0 | K90: 1 | L90: 0 | M90: 0 | N90: 0 | O90: 2 | P90: 1 | Q90: 1 | R90: 2 | S90: 1 | T90: 1 | U90: 5 | W90: =S90-E90 -> -5 | X90: =-T90-S90 -> -2
A91: =C91=C126 -> TRUE | B91: 2011 | C91: Horticulture & Landscape Tech | D91: 22 | E91: 11 | F91: 9 | G91: 16.5 | H91: 2 | I91: 11 | J91: 0 | K91: 0 | L91: 0 | M91: 0 | N91: 0 | O91: 2 | P91: 4 | Q91: 0 | R91: 4 | S91: 1 | T91: 1 | U91: 10 | W91: =S91-E91 -> -10 | X91: =-T91-S91 -> -2
A92: =C92=C127 -> TRUE | B92: 2011 | C92: Hospitality/ Food Management | D92: 9 | E92: 8 | F92: 6 | G92: 12 | H92: 0 | I92: 6 | J92: 2 | K92: 0 | L92: 0 | M92: 0 | N92: 0 | O92: 2 | P92: 1 | Q92: 0 | R92: 1 | S92: 1 | T92: 1 | U92: 6 | W92: =S92-E92 -> -7 | X92: =-T92-S92 -> -2
A93: =C93=C128 -> TRUE | B93: 2011 | C93: Interior Design | D93: 2 | E93: 1 | W93: =S93-E93 -> -1 | X93: =-T93-S93 -> 0
A94: =C94=C129 -> TRUE | B94: 2011 | C94: Interpreter Preparation | D94: 13 | E94: 8 | F94: 7 | G94: 15 | H94: 1 | I94: 8 | J94: 0 | K94: 0 | L94: 1 | M94: 0 | N94: 1 | O94: 4 | P94: 3 | Q94: 0 | R94: 3 | S94: 7 | T94: 7 | U94: 5 | W94: =S94-E94 -> -1 | X94: =-T94-S94 -> -14
A95: =C95=C130 -> TRUE | B95: 2011 | C95: Legal Assistant / Paralegal | D95: 24 | E95: 19 | F95: 6 | G95: 15.25 | H95: 8 | I95: 14 | J95: 4 | K95: 1 | L95: 0 | M95: 0 | N95: 0 | O95: 3 | P95: 3 | Q95: 1 | R95: 4 | S95: 15 | T95: 15 | U95: 18 | W95: =S95-E95 -> -4 | X95: =-T95-S95 -> -30
A96: =C96=C131 -> TRUE | B96: 2011 | C96: Machining Technology | D96: 2 | E96: 1 | W96: =S96-E96 -> -1 | X96: =-T96-S96 -> 0
A97: =C97=C132 -> TRUE | B97: 2011 | C97: Medical Office Technology | D97: 48 | E97: 39 | F97: 18 | G97: 13.25 | H97: 10 | I97: 28 | J97: 8 | K97: 3 | L97: 0 | M97: 1 | N97: 1 | O97: 7 | P97: 7 | Q97: 1 | R97: 8 | S97: 27 | T97: 27 | U97: 36 | W97: =S97-E97 -> -12 | X97: =-T97-S97 -> -54
A98: =C98=C133 -> TRUE | B98: 2011 | C98: Multimedia Graphic Design | D98: 27 | E98: 17 | F98: 8 | G98: 14.36 | H98: 8 | I98: 16 | J98: 0 | K98: 0 | L98: 0 | M98: 1 | N98: 1 | O98: 2 | P98: 2 | Q98: 0 | R98: 2 | S98: 7 | T98: 7 | U98: 15 | W98: =S98-E98 -> -10 | X98: =-T98-S98 -> -14
A99: =C99=C134 -> TRUE | B99: 2011 | C99: Nurse Aide | D99: 556 | E99: 295 | F99: 146 | G99: 12.28 | H99: 81 | I99: 227 | J99: 25 | K99: 41 | L99: 1 | M99: 0 | N99: 1 | O99: 177 | P99: 28 | Q99: 14 | R99: 42 | S99: 264 | T99: 261 | U99: 285 | W99: =S99-E99 -> -31 | X99: =-T99-S99 -> -525
A100: =C100=C135 -> TRUE | B100: 2011 | C100: Pharmacy Technician | D100: 41 | E100: 29 | F100: 10 | G100: 13.55 | H100: 14 | I100: 24 | J100: 3 | K100: 2 | L100: 0 | M100: 0 | N100: 0 | O100: 6 | P100: 7 | Q100: 3 | R100: 10 | S100: 25 | T100: 24 | U100: 15 | W100: =S100-E100 -> -4 | X100: =-T100-S100 -> -49
...

Sheet Pivot Data
B3: Values
A4: Row Labels | B4: Sum of Program Completers | C4: Sum of Respondents | D4: Sum of Total Employed | E4: Sum of Median Hourly Wage | F4: Sum of Total in Military | G4: Sum of Continuing Education (Secondary or Post-Secondary) | H4: Sum of Total in Apprenticeships | I4: Sum of Took State Licensing Exam | J4: Sum of Passed State Licensing Exam | K4: Sum of Instructional Program Met Educational Goals
A5: Total | B5: 13974 | C5: 8317 | D5: 6515 | E5: 105.12 | F5: 126 | G5: 4017 | H5: 1465 | I5: 4507 | J5: 4382 | K5: 7748
A6: 2013 | B6: 2196 | C6: 1239 | D6: 940 | E6: 14.85 | F6: 16 | G6: 629 | H6: 244 | I6: 620 | J6: 601 | K6: 1150
A7: 2012 | B7: 2257 | C7: 1515 | D7: 1197 | E7: 14 | F7: 20 | G7: 729 | H7: 286 | I7: 906 | J7: 872 | K7: 1417
A8: 2011 | B8: 2169 | C8: 1205 | D8: 913 | E8: 14.2 | F8: 17 | G8: 538 | H8: 243 | I8: 765 | J8: 747 | K8: 1079
A9: 2010 | B9: 2072 | C9: 1173 | D9: 880 | E9: 14.7 | F9: 23 | G9: 650 | H9: 263 | I9: 731 | J9: 731 | K9: 1096
A10: 2009 | B10: 1879 | C10: 1119 | D10: 862 | E10: 14.17 | F10: 27 | G10: 575 | H10: 231 | I10: 741 | J10: 709 | K10: 1045
A11: 2008 | B11: 1736 | C11: 1196 | D11: 1013 | E11: 16.86 | F11: 13 | G11: 508 | H11: 198 | I11: 744 | J11: 722 | K11: 1125
A12: 2007 | B12: 1665 | C12: 870 | D12: 710 | E12: 16.34 | F12: 10 | G12: 388 | K12: 836
A13: Accounting | B13: 406 | C13: 286 | D13: 207 | E13: 106.03275 | F13: 2 | G13: 105 | H13: 15 | I13: 22 | J13: 21 | K13: 261
A14: 2013 | B14: 62 | C14: 34 | D14: 22 | E14: 15 | F14: 0 | G14: 18 | H14: 5 | I14: 2 | J14: 2 | K14: 31
A15: 2012 | B15: 88 | C15: 67 | D15: 51 | E15: 17.13 | F15: 0 | G15: 26 | H15: 4 | I15: 8 | J15: 8 | K15: 61
A16: 2011 | B16: 66 | C16: 49 | D16: 32 | E16: 13 | F16: 1 | G16: 14 | H16: 2 | I16: 2 | J16: 1 | K16: 44
A17: 2010 | B17: 46 | C17: 37 | D17: 28 | E17: 12.25 | F17: 1 | G17: 21 | H17: 1 | I17: 7 | J17: 7 | K17: 33
A18: 2009 | B18: 46 | C18: 34 | D18: 21 | E18: 15 | G18: 12 | I18: 1 | J18: 1 | K18: 31
A19: 2008 | B19: 56 | C19: 43 | D19: 35 | E19: 16.93875 | F19: 0 | G19: 10 | H19: 3 | I19: 2 | J19: 2 | K19: 40
A20: 2007 | B20: 42 | C20: 22 | D20: 18 | E20: 16.714 | F20: 0 | G20: 4 | K20: 21
A21: Animal Laboratory Technology | B21: 2 | C21: 1
A22: 2013 | B22: 1 | C22: 0
A23: 2012 | B23: 1 | C23: 1
A24: 2011
A25: 2010
A26: 2009
A27: 2008
A28: 2007
A29: Applied Technology | B29: 9 | C29: 5
A30: 2013 | B30: 1 | C30: 1
A31: 2012 | B31: 2 | C31: 2
A32: 2011 | B32: 3 | C32: 0
A33: 2010 | B33: 2 | C33: 1
A34: 2009 | B34: 1 | C34: 1
A35: 2008
A36: 2007
A37: Architectural Engineering Technology | B37: 110 | C37: 75 | D37: 59 | E37: 70.15 | F37: 0 | G37: 26 | H37: 2 | I37: 6 | J37: 5 | K37: 71
A38: 2013 | B38: 16 | C38: 8 | D38: 6 | E38: 15 | F38: 0 | G38: 2 | H38: 0 | I38: 0 | J38: 0 | K38: 7
A39: 2012 | B39: 17 | C39: 17 | D39: 14 | E39: 18.03 | F39: 0 | G39: 7 | H39: 0 | I39: 2 | J39: 2 | K39: 17
A40: 2011 | B40: 15 | C40: 9 | D40: 7 | F40: 0 | G40: 1 | H40: 0 | I40: 1 | J40: 0 | K40: 8
A41: 2010 | B41: 12 | C41: 8 | D41: 5 | F41: 0 | G41: 2 | H41: 1 | I41: 1 | J41: 1 | K41: 7
A42: 2009 | B42: 20 | C42: 10 | D42: 9 | G42: 6 | I42: 2 | J42: 2 | K42: 10
A43: 2008 | B43: 17 | C43: 12 | D43: 9 | E43: 19.12 | F43: 0 | G43: 3 | H43: 1 | I43: 0 | J43: 0 | K43: 12
A44: 2007 | B44: 13 | C44: 11 | D44: 9 | E44: 18 | F44: 0 | G44: 5 | K44: 10
A45: Automotive Technology | B45: 529 | C45: 271 | D45: 206 | E45: 79.77 | F45: 5 | G45: 126 | H45: 18 | I45: 99 | J45: 96 | K45: 262
A46: 2013 | B46: 114 | C46: 45 | D46: 33 | E46: 12 | F46: 1 | G46: 22 | H46: 4 | I46: 10 | J46: 10 | K46: 44
A47: 2012 | B47: 137 | C47: 79 | D47: 63 | E47: 13.72 | F47: 1 | G47: 22 | H47: 7 | I47: 47 | J47: 44 | K47: 77
A48: 2011 | B48: 104 | C48: 60 | D48: 46 | E48: 10.13 | F48: 1 | G48: 37 | H48: 4 | I48: 13 | J48: 13 | K48: 59
A49: 2010 | B49: 72 | C49: 38 | D49: 22 | E49: 14 | F49: 1 | G49: 28 | H49: 2 | I49: 15 | J49: 15 | K49: 34
A50: 2009 | B50: 59 | C50: 28 | D50: 23 | E50: 12.5 | G50: 11 | I50: 12 | J50: 12 | K50: 27
A51: 2008 | B51: 20 | C51: 10 | D51: 9 | F51: 0 | G51: 4 | H51: 1 | I51: 2 | J51: 2 | K51: 10
A52: 2007 | B52: 23 | C52: 11 | D52: 10 | E52: 17.42 | F52: 1 | G52: 2 | K52: 11
A53: Business | B53: 428 | C53: 266 | D53: 192 | E53: 78.25 | F53: 3 | G53: 131 | H53: 30 | I53: 41 | J53: 39 | K53: 227
A54: 2013 | B54: 108 | C54: 61 | D54: 48 | E54: 14.13 | F54: 1 | G54: 37 | H54: 10 | I54: 8 | J54: 8 | K54: 57
A55: 2012 | B55: 65 | C55: 55 | D55: 41 | E55: 13.62 | F55: 1 | G55: 22 | H55: 5 | I55: 15 | J55: 15 | K55: 53
A56: 2011 | B56: 156 | C56: 85 | D56: 50 | E56: 15 | F56: 0 | G56: 36 | H56: 13 | I56: 12 | J56: 10 | K56: 58
A57: 2010 | B57: 50 | C57: 33 | D57: 29 | E57: 18 | F57: 1 | G57: 20 | H57: 2 | I57: 4 | J57: 4 | K57: 31
A58: 2009 | B58: 16 | C58: 14 | D58: 8 | E58: 17.5 | G58: 5 | I58: 1 | J58: 1 | K58: 12
A59: 2008 | B59: 16 | C59: 12 | D59: 12 | F59: 0 | G59: 6 | H59: 0 | I59: 1 | J59: 1 | K59: 10
A60: 2007 | B60: 17 | C60: 6 | D60: 4 | F60: 0 | G60: 5 | K60: 6
A61: CISCO Network Associate | B61: 46 | C61: 26 | D61: 14 | F61: 1 | G61: 7 | H61: 2 | I61: 3 | J61: 2 | K61: 18
A62: 2013 | B62: 10 | C62: 6 | D62: 5 | F62: 0 | G62: 1 | H62: 1 | I62: 1 | J62: 1 | K62: 5
A63: 2012 | B63: 13 | C63: 8 | D63: 6 | F63: 0 | G63: 4 | H63: 1 | I63: 1 | J63: 1 | K63: 8
A64: 2011 | B64: 6 | C64: 2
A65: 2010 | B65: 6 | C65: 4
A66: 2009 | B66: 11 | C66: 6 | D66: 3 | F66: 1 | G66: 2 | I66: 1 | K66: 5
A67: 2008
A68: 2007
A69: Computer Aided Drafting and Design | B69: 144 | C69: 108 | D69: 86 | E69: 99.33286 | F69: 0 | G69: 40 | H69: 8 | I69: 15 | J69: 14 | K69: 96
A70: 2013 | B70: 17 | C70: 14 | D70: 12 | E70: 16.25 | F70: 0 | G70: 3 | H70: 1 | I70: 0 | J70: 0 | K70: 12
A71: 2012 | B71: 25 | C71: 21 | D71: 18 | E71: 15.75 | F71: 0 | G71: 12 | H71: 2 | I71: 2 | J71: 2 | K71: 19
A72: 2011 | B72: 23 | C72: 16 | D72: 11 | E72: 15 | F72: 0 | G72: 3 | H72: 2 | I72: 5 | J72: 5 | K72: 13
A73: 2010 | B73: 21 | C73: 15 | D73: 13 | E73: 16 | F73: 0 | G73: 5 | H73: 2 | I73: 5 | J73: 4 | K73: 13
A74: 2009 | B74: 18 | C74: 15 | D74: 12 | G74: 8 | I74: 3 | J74: 3 | K74: 12
A75: 2008 | B75: 20 | C75: 17 | D75: 11 | E75: 19.2 | F75: 0 | G75: 7 | H75: 1 | I75: 0 | J75: 0 | K75: 17
A76: 2007 | B76: 20 | C76: 10 | D76: 9 | E76: 17.13286 | F76: 0 | G76: 2 | K76: 10
A77: Computer Information Systems | B77: 620 | C77: 385 | D77: 276 | E77: 124.72234 | F77: 7 | G77: 199 | H77: 42 | I77: 67 | J77: 61 | K77: 336
A78: 2013 | B78: 169 | C78: 112 | D78: 69 | E78: 18 | F78: 0 | G78: 61 | H78: 12 | I78: 23 | J78: 20 | K78: 96
A79: 2012 | B79: 120 | C79: 82 | D79: 65 | E79: 13.3 | F79: 1 | G79: 48 | H79: 11 | I79: 11 | J79: 9 | K79: 73
A80: 2011 | B80: 84 | C80: 48 | D80: 38 | E80: 15.38 | F80: 0 | G80: 22 | H80: 8 | I80: 8 | J80: 8 | K80: 40
A81: 2010 | B81: 72 | C81: 39 | D81: 27 | E81: 17.5 | F81: 2 | G81: 18 | H81: 6 | I81: 9 | J81: 9 | K81: 32
A82: 2009 | B82: 60 | C82: 34 | D82: 22 | E82: 16 | F82: 2 | G82: 18 | H82: 3 | I82: 6 | J82: 5 | K82: 32
A83: 2008 | B83: 62 | C83: 45 | D83: 35 | E83: 23.891667 | F83: 0 | G83: 17 | H83: 2 | I83: 10 | J83: 10 | K83: 42
A84: 2007 | B84: 53 | C84: 25 | D84: 20 | E84: 20.65067 | F84: 2 | G84: 15 | K84: 21
A85: Dental Assisting | B85: 107 | C85: 92 | D85: 81 | E85: 95.166667 | F85: 1 | G85: 32 | H85: 15 | I85: 11 | J85: 11 | K85: 87
A86: 2013 | B86: 28 | C86: 23 | D86: 19 | E86: 14 | F86: 0 | G86: 11 | H86: 3 | I86: 0 | J86: 0 | K86: 22
A87: 2012 | B87: 15 | C87: 14 | D87: 11 | E87: 13.5 | F87: 0 | G87: 5 | H87: 7 | I87: 2 | J87: 2 | K87: 13
A88: 2011 | B88: 13 | C88: 13 | D88: 12 | E88: 13 | F88: 0 | G88: 3 | H88: 1 | I88: 4 | J88: 4 | K88: 12
A89: 2010 | B89: 12 | C89: 11 | D89: 10 | E89: 14 | F89: 0 | G89: 2 | H89: 2 | I89: 1 | J89: 1 | K89: 11
A90: 2009 | B90: 11 | C90: 10 | D90: 9 | E90: 13.5 | G90: 3 | H90: 1 | I90: 1 | J90: 1 | K90: 10
A91: 2008 | B91: 14 | C91: 13 | D91: 12 | E91: 13.166667 | F91: 1 | G91: 6 | H91: 1 | I91: 3 | J91: 3 | K91: 11
A92: 2007 | B92: 14 | C92: 8 | D92: 8 | E92: 14 | F92: 0 | G92: 2 | K92: 8
A93: Early Childhood Education | B93: 330 | C93: 178 | D93: 156 | E93: 91.70083 | F93: 0 | G93: 88 | H93: 20 | I93: 21 | J93: 20 | K93: 171
A94: 2013 | B94: 52 | C94: 28 | D94: 24 | E94: 12.5 | F94: 0 | G94: 9 | H94: 4 | I94: 4 | J94: 4 | K94: 28
A95: 2012 | B95: 37 | C95: 22 | D95: 18 | E95: 14 | F95: 0 | G95: 15 | H95: 2 | I95: 2 | J95: 1 | K95: 22
A96: 2011 | B96: 40 | C96: 13 | D96: 10 | E96: 11 | F96: 0 | G96: 9 | H96: 1 | I96: 3 | J96: 3 | K96: 12
A97: 2010 | B97: 51 | C97: 28 | D97: 24 | E97: 12.38 | F97: 0 | G97: 13 | H97: 4 | I97: 2 | J97: 2 | K97: 27
A98: 2009 | B98: 29 | C98: 18 | D98: 17 | E98: 10.985 | G98: 12 | H98: 3 | I98: 2 | J98: 2 | K98: 18
A99: 2008 | B99: 55 | C99: 47 | D99: 45 | E99: 15.47 | F99: 0 | G99: 17 | H99: 6 | I99: 8 | J99: 8 | K99: 44
A100: 2007 | B100: 66 | C100: 22 | D100: 18 | E100: 15.36583 | F100: 0 | G100: 13 | K100: 20
A101: Emergency Medical Services | B101: 2680 | C101: 1450 | D101: 1130 | E101: 87.299153 | F101: 50 | G101: 817 | H101: 506 | I101: 1102 | J101: 1053 | K101: 1393
A102: 2013 | B102: 325 | C102: 152 | D102: 115 | E102: 12.25 | F102: 5 | G102: 88 | H102: 54 | I102: 129 | J102: 122 | K102: 149
...

Sheet Chart Titles
D1: =Options!D6 -> TOTAL
D2: TITLE BOX
B5: COMPLETES CHART TITLE
B6: ="Program Completers & Respondents" -> Program Completers & Respondents
B9: RESPONSE RATES CHART TITLE
B10: ="Response Rates" -> Response Rates
B13: TOTAL EMPLOYED CHART TITLE
B14: ="Total Employed %" -> Total Employed %
B17: MEDIAN HOURLY WAGE CHART TITLE
B18: ="Average Hourly Wage" -> Average Hourly Wage
B21: TOTAL IN MILITARY CHART TITLE
B22: ="Total in Military" -> Total in Military
B25: CONTINUING EDUCATION CHART TITLE
B26: ="Students Continuing their Education %" -> Students Continuing their Education %
B29: TOTAL APPRENTICESHIPS CHART TITLE
B30: ="Total Apprenticeships %" -> Total Apprenticeships %
B33: STATE LICENSING EXAM CHART TITLE (TOOK AND PASSED IN ONE CHART)
B34: ="State Licensing Exam" -> State Licensing Exam
B36: INSTRUCTIONAL GOALS MET CHART TITLE
B37: ="Program Met Students Instructional Goals %" -> Program Met Students Instructional Goals %
B39: RESPONSE RATES WITH PROGRAM COMPLETES CHART TITLE
B40: ="Program Completers & Response Rate %" -> Program Completers & Response Rate %

Sheet Options
L3: CHART DATA
C4: AVAILABLE PROGRAMS | D4: SELECTED PROGRAM | F4: AVAILABLE YEARS | G4: SELECTED YEAR | L4: COMPLETES | M4: RESPONDENTS | N4: RESPONSE RATE | O4: TOTAL EMPLOYED | P4: TOTAL EMPLOYED % | Q4: MEDIAN SALARY | R4: TOTAL IN MILITARY | S4: TOTAL IN MILITARY % | T4: TOTAL IN CONTINUING ED | U4: TOTAL CONTIN ED % | V4: TOTAL APPRENTICESHIPS | W4: TOTAL APPRENTICESHIP % | X4: TOOK STATE LICENSING EXAM | Y4: TOOK EXAM % | Z4: PASSED LICENSING EXAM | AA4: PASSED EXAM % | AB4: INSTRUCTIONAL GOALS MET | AC4: GOALS MET %
C5: TOTAL | D5: 1 | F5: 2007 | G5: 1 | I5: =$F5 -> 2007 | L5: =GETPIVOTDATA("Sum of Program Completers",'Pivot Data'!$A$3,"YEAR",$I5,"PROGRAM",$D$6) -> 1665 | M5: =GETPIVOTDATA("Sum of Respondents",'Pivot Data'!$A$3,"YEAR",$I5,"PROGRAM",$D$6) -> 870 | N5: =IF($L5>4,$M5/$L5,"") -> 0.52252252 | O5: =GETPIVOTDATA("Sum of Total Employed",'Pivot Data'!$A$3,"YEAR",$I5,"PROGRAM",$D$6) -> 710 | P5: =IF($M5>4,$O5/$M5, " ") -> 0.81609195 | Q5: =GETPIVOTDATA("Sum of Median Hourly Wage ",'Pivot Data'!$A$3,"YEAR",$I5,"PROGRAM",$D$6) -> 16.34 | R5: =GETPIVOTDATA("Sum of Total in Military",'Pivot Data'!$A$3,"YEAR",$I5,"PROGRAM",$D$6) -> 10 | S5: =IF($M5>4, $R5/$M5, " ") -> 0.011494253 | T5: =GETPIVOTDATA("Sum of Continuing Education (Secondary or Post-Secondary)",'Pivot Data'!$A$3,"YEAR",$I5,"PROGRAM",$D$6) -> 388 | U5: =IF($M5>4, $T5/$M5, " ") -> 0.44597701 | V5: =GETPIVOTDATA("Sum of Total in Apprenticeships",'Pivot Data'!$A$3,"YEAR",$I5,"PROGRAM",$D$6) -> 0 | W5: =IF($M5>4,$V5/$M5,"") -> 0 | X5: =GETPIVOTDATA("Sum of Took State Licensing Exam",'Pivot Data'!$A$3,"YEAR",$I5,"PROGRAM",$D$6) -> 0 | Y5: =IF($M5>4,$X5/$M5, "") -> 0 | Z5: =GETPIVOTDATA("Sum of Passed State Licensing Exam",'Pivot Data'!$A$3,"YEAR",$I5,"PROGRAM",$D$6) -> 0 | AA5: =IF($X5>4, $Z5/$X5, "") | AB5: =GETPIVOTDATA("Sum of Instructional Program Met Educational Goals",'Pivot Data'!$A$3,"YEAR",$I5,"PROGRAM",$D$6) -> 836 | AC5: =IF($M5>4,$AB5/$M5,"") -> 0.96091954
C6: Accounting | D6: =INDEX(C5:C41,D5) -> TOTAL | F6: 2008 | G6: =INDEX(F5:F11,G5) -> 2007 | I6: =$F6 -> 2008 | L6: =GETPIVOTDATA("Sum of Program Completers",'Pivot Data'!$A$3,"YEAR",$I6,"PROGRAM",$D$6) -> 1736 | M6: =GETPIVOTDATA("Sum of Respondents",'Pivot Data'!$A$3,"YEAR",$I6,"PROGRAM",$D$6) -> 1196 | N6: =IF($L6>4,$M6/$L6,"") -> 0.68894009 | O6: =GETPIVOTDATA("Sum of Total Employed",'Pivot Data'!$A$3,"YEAR",$I6,"PROGRAM",$D$6) -> 1013 | P6: =IF($M6>4,$O6/$M6, " ") -> 0.84698997 | Q6: =GETPIVOTDATA("Sum of Median Hourly Wage ",'Pivot Data'!$A$3,"YEAR",$I6,"PROGRAM",$D$6) -> 16.86 | R6: =GETPIVOTDATA("Sum of Total in Military",'Pivot Data'!$A$3,"YEAR",$I6,"PROGRAM",$D$6) -> 13 | S6: =IF($M6>4, $R6/$M6, " ") -> 0.010869565 | T6: =GETPIVOTDATA("Sum of Continuing Education (Secondary or Post-Secondary)",'Pivot Data'!$A$3,"YEAR",$I6,"PROGRAM",$D$6) -> 508 | U6: =IF($M6>4, $T6/$M6, " ") -> 0.42474916 | V6: =GETPIVOTDATA("Sum of Total in Apprenticeships",'Pivot Data'!$A$3,"YEAR",$I6,"PROGRAM",$D$6) -> 198 | W6: =IF($M6>4,$V6/$M6,"") -> 0.16555184 | X6: =GETPIVOTDATA("Sum of Took State Licensing Exam",'Pivot Data'!$A$3,"YEAR",$I6,"PROGRAM",$D$6) -> 744 | Y6: =IF($M6>4,$X6/$M6, "") -> 0.62207358 | Z6: =GETPIVOTDATA("Sum of Passed State Licensing Exam",'Pivot Data'!$A$3,"YEAR",$I6,"PROGRAM",$D$6) -> 722 | AA6: =IF($X6>4, $Z6/$X6, "") -> 0.97043011 | AB6: =GETPIVOTDATA("Sum of Instructional Program Met Educational Goals",'Pivot Data'!$A$3,"YEAR",$I6,"PROGRAM",$D$6) -> 1125 | AC6: =IF($M6>4,$AB6/$M6,"") -> 0.94063545
C7: Animal Laboratory Technology | F7: 2009 | I7: =$F7 -> 2009 | L7: =GETPIVOTDATA("Sum of Program Completers",'Pivot Data'!$A$3,"YEAR",$I7,"PROGRAM",$D$6) -> 1879 | M7: =GETPIVOTDATA("Sum of Respondents",'Pivot Data'!$A$3,"YEAR",$I7,"PROGRAM",$D$6) -> 1119 | N7: =IF($L7>4,$M7/$L7,"") -> 0.59552954 | O7: =GETPIVOTDATA("Sum of Total Employed",'Pivot Data'!$A$3,"YEAR",$I7,"PROGRAM",$D$6) -> 862 | P7: =IF($M7>4,$O7/$M7, " ") -> 0.77033065 | Q7: =GETPIVOTDATA("Sum of Median Hourly Wage ",'Pivot Data'!$A$3,"YEAR",$I7,"PROGRAM",$D$6) -> 14.17 | R7: =GETPIVOTDATA("Sum of Total in Military",'Pivot Data'!$A$3,"YEAR",$I7,"PROGRAM",$D$6) -> 27 | S7: =IF($M7>4, $R7/$M7, " ") -> 0.024128686 | T7: =GETPIVOTDATA("Sum of Continuing Education (Secondary or Post-Secondary)",'Pivot Data'!$A$3,"YEAR",$I7,"PROGRAM",$D$6) -> 575 | U7: =IF($M7>4, $T7/$M7, " ") -> 0.51385165 | V7: =GETPIVOTDATA("Sum of Total in Apprenticeships",'Pivot Data'!$A$3,"YEAR",$I7,"PROGRAM",$D$6) -> 231 | W7: =IF($M7>4,$V7/$M7,"") -> 0.20643432 | X7: =GETPIVOTDATA("Sum of Took State Licensing Exam",'Pivot Data'!$A$3,"YEAR",$I7,"PROGRAM",$D$6) -> 741 | Y7: =IF($M7>4,$X7/$M7, "") -> 0.66219839 | Z7: =GETPIVOTDATA("Sum of Passed State Licensing Exam",'Pivot Data'!$A$3,"YEAR",$I7,"PROGRAM",$D$6) -> 709 | AA7: =IF($X7>4, $Z7/$X7, "") -> 0.95681511 | AB7: =GETPIVOTDATA("Sum of Instructional Program Met Educational Goals",'Pivot Data'!$A$3,"YEAR",$I7,"PROGRAM",$D$6) -> 1045 | AC7: =IF($M7>4,$AB7/$M7,"") -> 0.93386953
C8: Applied Technology | F8: 2010 | I8: =$F8 -> 2010 | L8: =GETPIVOTDATA("Sum of Program Completers",'Pivot Data'!$A$3,"YEAR",$I8,"PROGRAM",$D$6) -> 2072 | M8: =GETPIVOTDATA("Sum of Respondents",'Pivot Data'!$A$3,"YEAR",$I8,"PROGRAM",$D$6) -> 1173 | N8: =IF($L8>4,$M8/$L8,"") -> 0.56611969 | O8: =GETPIVOTDATA("Sum of Total Employed",'Pivot Data'!$A$3,"YEAR",$I8,"PROGRAM",$D$6) -> 880 | P8: =IF($M8>4,$O8/$M8, " ") -> 0.75021313 | Q8: =GETPIVOTDATA("Sum of Median Hourly Wage ",'Pivot Data'!$A$3,"YEAR",$I8,"PROGRAM",$D$6) -> 14.7 | R8: =GETPIVOTDATA("Sum of Total in Military",'Pivot Data'!$A$3,"YEAR",$I8,"PROGRAM",$D$6) -> 23 | S8: =IF($M8>4, $R8/$M8, " ") -> 0.019607843 | T8: =GETPIVOTDATA("Sum of Continuing Education (Secondary or Post-Secondary)",'Pivot Data'!$A$3,"YEAR",$I8,"PROGRAM",$D$6) -> 650 | U8: =IF($M8>4, $T8/$M8, " ") -> 0.5541347 | V8: =GETPIVOTDATA("Sum of Total in Apprenticeships",'Pivot Data'!$A$3,"YEAR",$I8,"PROGRAM",$D$6) -> 263 | W8: =IF($M8>4,$V8/$M8,"") -> 0.22421142 | X8: =GETPIVOTDATA("Sum of Took State Licensing Exam",'Pivot Data'!$A$3,"YEAR",$I8,"PROGRAM",$D$6) -> 731 | Y8: =IF($M8>4,$X8/$M8, "") -> 0.62318841 | Z8: =GETPIVOTDATA("Sum of Passed State Licensing Exam",'Pivot Data'!$A$3,"YEAR",$I8,"PROGRAM",$D$6) -> 731 | AA8: =IF($X8>4, $Z8/$X8, "") -> 1 | AB8: =GETPIVOTDATA("Sum of Instructional Program Met Educational Goals",'Pivot Data'!$A$3,"YEAR",$I8,"PROGRAM",$D$6) -> 1096 | AC8: =IF($M8>4,$AB8/$M8,"") -> 0.93435635
C9: Architectural Engineering Technology | F9: 2011 | I9: =$F9 -> 2011 | L9: =GETPIVOTDATA("Sum of Program Completers",'Pivot Data'!$A$3,"YEAR",$I9,"PROGRAM",$D$6) -> 2169 | M9: =GETPIVOTDATA("Sum of Respondents",'Pivot Data'!$A$3,"YEAR",$I9,"PROGRAM",$D$6) -> 1205 | N9: =IF($L9>4,$M9/$L9,"") -> 0.55555556 | O9: =GETPIVOTDATA("Sum of Total Employed",'Pivot Data'!$A$3,"YEAR",$I9,"PROGRAM",$D$6) -> 913 | P9: =IF($M9>4,$O9/$M9, " ") -> 0.75767635 | Q9: =GETPIVOTDATA("Sum of Median Hourly Wage ",'Pivot Data'!$A$3,"YEAR",$I9,"PROGRAM",$D$6) -> 14.2 | R9: =GETPIVOTDATA("Sum of Total in Military",'Pivot Data'!$A$3,"YEAR",$I9,"PROGRAM",$D$6) -> 17 | S9: =IF($M9>4, $R9/$M9, " ") -> 0.014107884 | T9: =GETPIVOTDATA("Sum of Continuing Education (Secondary or Post-Secondary)",'Pivot Data'!$A$3,"YEAR",$I9,"PROGRAM",$D$6) -> 538 | U9: =IF($M9>4, $T9/$M9, " ") -> 0.44647303 | V9: =GETPIVOTDATA("Sum of Total in Apprenticeships",'Pivot Data'!$A$3,"YEAR",$I9,"PROGRAM",$D$6) -> 243 | W9: =IF($M9>4,$V9/$M9,"") -> 0.20165975 | X9: =GETPIVOTDATA("Sum of Took State Licensing Exam",'Pivot Data'!$A$3,"YEAR",$I9,"PROGRAM",$D$6) -> 765 | Y9: =IF($M9>4,$X9/$M9, "") -> 0.63485477 | Z9: =GETPIVOTDATA("Sum of Passed State Licensing Exam",'Pivot Data'!$A$3,"YEAR",$I9,"PROGRAM",$D$6) -> 747 | AA9: =IF($X9>4, $Z9/$X9, "") -> 0.97647059 | AB9: =GETPIVOTDATA("Sum of Instructional Program Met Educational Goals",'Pivot Data'!$A$3,"YEAR",$I9,"PROGRAM",$D$6) -> 1079 | AC9: =IF($M9>4,$AB9/$M9,"") -> 0.89543568
C10: Automotive Technology | F10: 2012 | I10: =$F10 -> 2012 | L10: =GETPIVOTDATA("Sum of Program Completers",'Pivot Data'!$A$3,"YEAR",$I10,"PROGRAM",$D$6) -> 2257 | M10: =GETPIVOTDATA("Sum of Respondents",'Pivot Data'!$A$3,"YEAR",$I10,"PROGRAM",$D$6) -> 1515 | N10: =IF($L10>4,$M10/$L10,"") -> 0.67124502 | O10: =GETPIVOTDATA("Sum of Total Employed",'Pivot Data'!$A$3,"YEAR",$I10,"PROGRAM",$D$6) -> 1197 | P10: =IF($M10>4,$O10/$M10, " ") -> 0.79009901 | Q10: =GETPIVOTDATA("Sum of Median Hourly Wage ",'Pivot Data'!$A$3,"YEAR",$I10,"PROGRAM",$D$6) -> 14 | R10: =GETPIVOTDATA("Sum of Total in Military",'Pivot Data'!$A$3,"YEAR",$I10,"PROGRAM",$D$6) -> 20 | S10: =IF($M10>4, $R10/$M10, " ") -> 0.01320132 | T10: =GETPIVOTDATA("Sum of Continuing Education (Secondary or Post-Secondary)",'Pivot Data'!$A$3,"YEAR",$I10,"PROGRAM",$D$6) -> 729 | U10: =IF($M10>4, $T10/$M10, " ") -> 0.48118812 | V10: =GETPIVOTDATA("Sum of Total in Apprenticeships",'Pivot Data'!$A$3,"YEAR",$I10,"PROGRAM",$D$6) -> 286 | W10: =IF($M10>4,$V10/$M10,"") -> 0.18877888 | X10: =GETPIVOTDATA("Sum of Took State Licensing Exam",'Pivot Data'!$A$3,"YEAR",$I10,"PROGRAM",$D$6) -> 906 | Y10: =IF($M10>4,$X10/$M10, "") -> 0.5980198 | Z10: =GETPIVOTDATA("Sum of Passed State Licensing Exam",'Pivot Data'!$A$3,"YEAR",$I10,"PROGRAM",$D$6) -> 872 | AA10: =IF($X10>4, $Z10/$X10, "") -> 0.96247241 | AB10: =GETPIVOTDATA("Sum of Instructional Program Met Educational Goals",'Pivot Data'!$A$3,"YEAR",$I10,"PROGRAM",$D$6) -> 1417 | AC10: =IF($M10>4,$AB10/$M10,"") -> 0.93531353
C11: Business | F11: 2013 | I11: =$F11 -> 2013 | L11: =GETPIVOTDATA("Sum of Program Completers",'Pivot Data'!$A$3,"YEAR",$I11,"PROGRAM",$D$6) -> 2196 | M11: =GETPIVOTDATA("Sum of Respondents",'Pivot Data'!$A$3,"YEAR",$I11,"PROGRAM",$D$6) -> 1239 | N11: =IF($L11>4,$M11/$L11,"") -> 0.56420765 | O11: =GETPIVOTDATA("Sum of Total Employed",'Pivot Data'!$A$3,"YEAR",$I11,"PROGRAM",$D$6) -> 940 | P11: =IF($M11>4,$O11/$M11, " ") -> 0.75867635 | Q11: =GETPIVOTDATA("Sum of Median Hourly Wage ",'Pivot Data'!$A$3,"YEAR",$I11,"PROGRAM",$D$6) -> 14.85 | R11: =GETPIVOTDATA("Sum of Total in Military",'Pivot Data'!$A$3,"YEAR",$I11,"PROGRAM",$D$6) -> 16 | S11: =IF($M11>4, $R11/$M11, " ") -> 0.01291364 | T11: =GETPIVOTDATA("Sum of Continuing Education (Secondary or Post-Secondary)",'Pivot Data'!$A$3,"YEAR",$I11,"PROGRAM",$D$6) -> 629 | U11: =IF($M11>4, $T11/$M11, " ") -> 0.50766747 | V11: =GETPIVOTDATA("Sum of Total in Apprenticeships",'Pivot Data'!$A$3,"YEAR",$I11,"PROGRAM",$D$6) -> 244 | W11: =IF($M11>4,$V11/$M11,"") -> 0.19693301 | X11: =GETPIVOTDATA("Sum of Took State Licensing Exam",'Pivot Data'!$A$3,"YEAR",$I11,"PROGRAM",$D$6) -> 620 | Y11: =IF($M11>4,$X11/$M11, "") -> 0.50040355 | Z11: =GETPIVOTDATA("Sum of Passed State Licensing Exam",'Pivot Data'!$A$3,"YEAR",$I11,"PROGRAM",$D$6) -> 601 | AA11: =IF($X11>4, $Z11/$X11, "") -> 0.96935484 | AB11: =GETPIVOTDATA("Sum of Instructional Program Met Educational Goals",'Pivot Data'!$A$3,"YEAR",$I11,"PROGRAM",$D$6) -> 1150 | AC11: =IF($M11>4,$AB11/$M11,"") -> 0.92816788
C12: CISCO Network Associate
C13: Computer Aided Drafting and Design
C14: Computer Information Systems
C15: Dental Assisting
C16: Dietetic Technology
C17: Early Childhood Education
C18: Emergency Medical Services
C19: Energy Technology
C20: Forestry-Wildlife & Natural Resources
C21: Geographic Information System
C22: Heating, Ventilation & Air Cond
C23: Holistic Health
... C39: Welding Technology

Sheet Introduction
B1: Introduction to the VE-135 Interactive Dashboard: by Program
B18: 1. At any time between October 1st and December 31st of (the preceding year) were you:
B19: Employed in an occupation related to your FRCC training
B20: Employed in an occupation NOT related to your FRCC training
B21: Unemployed and actively seeking employment
B22: Unemployed and NOT actively seeking employment
B24: 2. In order to help future students interested in your program know what they
B25: might expect, what is your hourly wage? (You will not be identified with this
B26: Information!)
B28: 3. Since completing your program last year (or as part of your graduation
B29: requirements), have you taken a state licensing test or an industry certification
B30: test related to your program
... B46: Not currently continuing your education

Sheet Main
D1: ='Chart Titles'!D1 -> TOTAL
D32: If less than five respondents, no data reported.

Sheet Success
D1: ='Chart Titles'!D1 -> TOTAL
D32: If less than five respondents, no data reported.
