Workbook

Sheet TS
A2: Date | B2: Reactor | C2: Initial Wt (g) | D2: Final Wt (g) | E2: Beaker Wt (g) | F2: ∆ Wt (g) | G2: Solids Wt (g) | H2: Solids Wt (mg) | I2: Vol (L) | J2: [TS] mg/L
A3: 38621 | B3: R1 | C3: 110.2 | D3: 49.5 | E3: 48.7 | F3: =C3-D3 -> 60.7 | G3: =D3-E3 -> 0.8 | H3: =G3*1000 -> 800 | I3: =F3/1000 -> 0.0607 | J3: =H3/I3 -> 13179.572
B4: R2 | C4: 131.5 | D4: 51.8 | E4: 51.1 | F4: =C4-D4 -> 79.7 | G4: =D4-E4 -> 0.7 | H4: =G4*1000 -> 700 | I4: =F4/1000 -> 0.0797 | J4: =H4/I4 -> 8782.936
A5: 38622 | B5: R1 | C5: 154.9 | D5: 73.3 | E5: 72.5 | F5: =C5-D5 -> 81.6 | G5: =D5-E5 -> 0.8 | H5: =G5*1000 -> 800 | I5: =F5/1000 -> 0.0816 | J5: =H5/I5 -> 9803.9216
B6: R2 | C6: 152.4 | D6: 61.2 | E6: 60.4 | F6: =C6-D6 -> 91.2 | G6: =D6-E6 -> 0.8 | H6: =G6*1000 -> 800 | I6: =F6/1000 -> 0.0912 | J6: =H6/I6 -> 8771.9298
A7: 38625 | B7: R1 | C7: 125.3 | D7: 50.3 | E7: 49.8 | F7: =C7-D7 -> 75 | G7: =D7-E7 -> 0.5 | H7: =G7*1000 -> 500 | I7: =F7/1000 -> 0.075 | J7: =H7/I7 -> 6666.6667
B8: R2 | C8: 146.4 | D8: 61.1 | E8: 60.3 | F8: =C8-D8 -> 85.3 | G8: =D8-E8 -> 0.8 | H8: =G8*1000 -> 800 | I8: =F8/1000 -> 0.0853 | J8: =H8/I8 -> 9378.6635
A9: 38626 | B9: R1 | C9: 104.6 | D9: 79.9 | E9: 79.6 | F9: =C9-D9 -> 24.7 | G9: =D9-E9 -> 0.3 | H9: =G9*1000 -> 300 | I9: =F9/1000 -> 0.0247 | J9: =H9/I9 -> 12145.749
B10: R2 | C10: 109.2 | D10: 82.6 | E10: 82.4 | F10: =C10-D10 -> 26.6 | G10: =D10-E10 -> 0.2 | H10: =G10*1000 -> 200 | I10: =F10/1000 -> 0.0266 | J10: =H10/I10 -> 7518.797
A11: 38627 | B11: R1 | C11: 105.7 | D11: 50.2 | E11: 49.8 | F11: =C11-D11 -> 55.5 | G11: =D11-E11 -> 0.4 | H11: =G11*1000 -> 400 | I11: =F11/1000 -> 0.0555 | J11: =H11/I11 -> 7207.2072
B12: R2 | C12: 113.8 | D12: 60.1 | E12: 59.8 | F12: =C12-D12 -> 53.7 | G12: =D12-E12 -> 0.3 | H12: =G12*1000 -> 300 | I12: =F12/1000 -> 0.0537 | J12: =H12/I12 -> 5586.5922
A13: 38629 | B13: R1 | C13: 158.4 | D13: 82.8 | E13: 82.4 | F13: =C13-D13 -> 75.6 | G13: =D13-E13 -> 0.4 | H13: =G13*1000 -> 400 | I13: =F13/1000 -> 0.0756 | J13: =H13/I13 -> 5291.0053
B14: R2 | C14: 162.2 | D14: 80.1 | E14: 79.6 | F14: =C14-D14 -> 82.1 | G14: =D14-E14 -> 0.5 | H14: =G14*1000 -> 500 | I14: =F14/1000 -> 0.0821 | J14: =H14/I14 -> 6090.134
A15: 38637 | B15: R1 | C15: 160.2 | D15: 73.3 | E15: 73 | F15: =C15-D15 -> 86.9 | G15: =D15-E15 -> 0.3 | H15: =G15*1000 -> 300 | I15: =F15/1000 -> 0.0869 | J15: =H15/I15 -> 3452.244
A16: 38640 | B16: R1 | C16: 125 | D16: 51.3 | E16: 50.1 | F16: =C16-D16 -> 73.7 | G16: =D16-E16 -> 1.2 | H16: =G16*1000 -> 1200 | I16: =F16/1000 -> 0.0737 | J16: =H16/I16 -> 16282.225
B17: R2 | C17: 118.7 | D17: 51.5 | E17: 50.8 | F17: =C17-D17 -> 67.2 | G17: =D17-E17 -> 0.7 | H17: =G17*1000 -> 700 | I17: =F17/1000 -> 0.0672 | J17: =H17/I17 -> 10416.667
A18: 38643 | B18: R1 | C18: 118.8 | D18: 50.7 | E18: 49.6 | F18: =C18-D18 -> 68.1 | G18: =D18-E18 -> 1.1 | H18: =G18*1000 -> 1100 | I18: =F18/1000 -> 0.0681 | J18: =H18/I18 -> 16152.717
B19: R2 | C19: 106.2 | D19: 50.4 | E19: 49.8 | F19: =C19-D19 -> 55.8 | G19: =D19-E19 -> 0.6 | H19: =G19*1000 -> 600 | I19: =F19/1000 -> 0.0558 | J19: =H19/I19 -> 10752.688
A20: 38645 | B20: R1 | C20: 120.1 | D20: 51.7 | E20: 50.6 | F20: =C20-D20 -> 68.4 | G20: =D20-E20 -> 1.1 | H20: =G20*1000 -> 1100 | I20: =F20/1000 -> 0.0684 | J20: =H20/I20 -> 16081.871
B21: R2 | C21: 140.4 | D21: 51.8 | E21: 50.8 | F21: =C21-D21 -> 88.6 | G21: =D21-E21 -> 1 | H21: =G21*1000 -> 1000 | I21: =F21/1000 -> 0.0886 | J21: =H21/I21 -> 11286.682
A22: 38647 | B22: R1 | C22: 112.6 | D22: 62.4 | E22: 61.6 | F22: =C22-D22 -> 50.2 | G22: =D22-E22 -> 0.8 | H22: =G22*1000 -> 800 | I22: =F22/1000 -> 0.0502 | J22: =H22/I22 -> 15936.255
B23: R2 | C23: 152.3 | D23: 68.5 | E23: 67.6 | F23: =C23-D23 -> 83.8 | G23: =D23-E23 -> 0.9 | H23: =G23*1000 -> 900 | I23: =F23/1000 -> 0.0838 | J23: =H23/I23 -> 10739.857
A24: 38649 | B24: R1 | C24: 130.9 | D24: 51.4 | E24: 50.1 | F24: =C24-D24 -> 79.5 | G24: =D24-E24 -> 1.3 | H24: =G24*1000 -> 1300 | I24: =F24/1000 -> 0.0795 | J24: =H24/I24 -> 16352.201
B25: R2 | C25: 147.2 | D25: 52.1 | E25: 51 | F25: =C25-D25 -> 95.1 | G25: =D25-E25 -> 1.1 | H25: =G25*1000 -> 1100 | I25: =F25/1000 -> 0.0951 | J25: =H25/I25 -> 11566.772
A26: Introduced culture from anaerobic digester and a third digester R3 as a control | K26: R3 container broke so was never considered
A27: 38651 | B27: R1 | C27: 297 | D27: 106.4 | E27: 103.9 | F27: =C27-D27 -> 190.6 | G27: =D27-E27 -> 2.5 | H27: =G27*1000 -> 2500 | I27: =F27/1000 -> 0.1906 | J27: =H27/I27 -> 13116.474
B28: R2 | C28: 314.9 | D28: 107.4 | E28: 105.2 | F28: =C28-D28 -> 207.5 | G28: =D28-E28 -> 2.2 | H28: =G28*1000 -> 2200 | I28: =F28/1000 -> 0.2075 | J28: =H28/I28 -> 10602.41
B29: R3 | C29: 293.2 | D29: 107.9 | E29: 106.8 | F29: =C29-D29 -> 185.3 | G29: =D29-E29 -> 1.1 | H29: =G29*1000 -> 1100 | I29: =F29/1000 -> 0.1853 | J29: =H29/I29 -> 5936.3195
A30: 38652 | B30: R1 | C30: 197.6 | D30: 67.3 | E30: 64.7 | F30: =C30-D30 -> 130.3 | G30: =D30-E30 -> 2.6 | H30: =G30*1000 -> 2600 | I30: =F30/1000 -> 0.1303 | J30: =H30/I30 -> 19953.952
B31: R2 | C31: 209.5 | D31: 69 | E31: 67.6 | F31: =C31-D31 -> 140.5 | G31: =D31-E31 -> 1.4 | H31: =G31*1000 -> 1400 | I31: =F31/1000 -> 0.1405 | J31: =H31/I31 -> 9964.4128
B32: R3 | C32: 198.9 | D32: 69.3 | E32: 68.9 | F32: =C32-D32 -> 129.6 | G32: =D32-E32 -> 0.4 | H32: =G32*1000 -> 400 | I32: =F32/1000 -> 0.1296 | J32: =H32/I32 -> 3086.4198
A33: 38654 | B33: R1 | C33: 126.9 | D33: 51.3 | E33: 50.5 | F33: =C33-D33 -> 75.6 | G33: =D33-E33 -> 0.8 | H33: =G33*1000 -> 800 | I33: =F33/1000 -> 0.0756 | J33: =H33/I33 -> 10582.011
B34: R2 | C34: 126.5 | D34: 51.2 | E34: 50.6 | F34: =C34-D34 -> 75.3 | G34: =D34-E34 -> 0.6 | H34: =G34*1000 -> 600 | I34: =F34/1000 -> 0.0753 | J34: =H34/I34 -> 7968.1275
B35: R3 | C35: 125.6 | D35: 49.1 | E35: 48.7 | F35: =C35-D35 -> 76.5 | G35: =D35-E35 -> 0.4 | H35: =G35*1000 -> 400 | I35: =F35/1000 -> 0.0765 | J35: =H35/I35 -> 5228.7582
A36: 38657 | B36: R1 | C36: 127.4 | D36: 50.8 | E36: 50 | F36: =C36-D36 -> 76.6 | G36: =D36-E36 -> 0.8 | H36: =G36*1000 -> 800 | I36: =F36/1000 -> 0.0766 | J36: =H36/I36 -> 10443.864
B37: R2 | C37: 132.9 | D37: 48.4 | E37: 47.7 | F37: =C37-D37 -> 84.5 | G37: =D37-E37 -> 0.7 | H37: =G37*1000 -> 700 | I37: =F37/1000 -> 0.0845 | J37: =H37/I37 -> 8284.0237
B38: R3 | C38: 136.6 | D38: 50.4 | E38: 49.9 | F38: =C38-D38 -> 86.2 | G38: =D38-E38 -> 0.5 | H38: =G38*1000 -> 500 | I38: =F38/1000 -> 0.0862 | J38: =H38/I38 -> 5800.464
A39: 38659 | B39: R1 | C39: 106.9 | D39: 50.2 | E39: 49.7 | F39: =C39-D39 -> 56.7 | G39: =D39-E39 -> 0.5 | H39: =G39*1000 -> 500 | I39: =F39/1000 -> 0.0567 | J39: =H39/I39 -> 8818.3422
B40: R2 | C40: 115.6 | D40: 50.3 | E40: 49.8 | F40: =C40-D40 -> 65.3 | G40: =D40-E40 -> 0.5 | H40: =G40*1000 -> 500 | I40: =F40/1000 -> 0.0653 | J40: =H40/I40 -> 7656.9678
B41: R3 | C41: 116.4 | D41: 50.3 | E41: 49.9 | F41: =C41-D41 -> 66.1 | G41: =D41-E41 -> 0.4 | H41: =G41*1000 -> 400 | I41: =F41/1000 -> 0.0661 | J41: =H41/I41 -> 6051.4372
A42: 38661 | B42: R1 | C42: 128 | D42: 51.5 | E42: 50.8 | F42: =C42-D42 -> 76.5 | G42: =D42-E42 -> 0.7 | H42: =G42*1000 -> 700 | I42: =F42/1000 -> 0.0765 | J42: =H42/I42 -> 9150.3268
B43: R2 | C43: 153.3 | D43: 73.1 | E43: 72.5 | F43: =C43-D43 -> 80.2 | G43: =D43-E43 -> 0.6 | H43: =G43*1000 -> 600 | I43: =F43/1000 -> 0.0802 | J43: =H43/I43 -> 7481.2968
B44: R3 | C44: 153.2 | D44: 51 | E44: 50.6 | F44: =C44-D44 -> 102.2 | G44: =D44-E44 -> 0.4 | H44: =G44*1000 -> 400 | I44: =F44/1000 -> 0.1022 | J44: =H44/I44 -> 3913.8943
A45: 38664 | B45: R1 | C45: 107.1 | D45: 60.2 | E45: 59.7 | F45: =C45-D45 -> 46.9 | G45: =D45-E45 -> 0.5 | H45: =G45*1000 -> 500 | I45: =F45/1000 -> 0.0469 | J45: =H45/I45 -> 10660.981
B46: R2 | C46: 107.4 | D46: 51.3 | E46: 50.8 | F46: =C46-D46 -> 56.1 | G46: =D46-E46 -> 0.5 | H46: =G46*1000 -> 500 | I46: =F46/1000 -> 0.0561 | J46: =H46/I46 -> 8912.656
B47: R3 | C47: 91.2 | D47: 60.4 | E47: 60.3 | F47: =C47-D47 -> 30.8 | G47: =D47-E47 -> 0.1 | H47: =G47*1000 -> 100 | I47: =F47/1000 -> 0.0308 | J47: =H47/I47 -> 3246.7532
A48: 38668 | B48: R1 | C48: 76.4 | D48: 50 | E48: 49.8 | F48: =C48-D48 -> 26.4 | G48: =D48-E48 -> 0.2 | H48: =G48*1000 -> 200 | I48: =F48/1000 -> 0.0264 | J48: =H48/I48 -> 7575.7576
B49: R2 | C49: 101.7 | D49: 72.7 | E49: 72.5 | F49: =C49-D49 -> 29 | G49: =D49-E49 -> 0.2 | H49: =G49*1000 -> 200 | I49: =F49/1000 -> 0.029 | J49: =H49/I49 -> 6896.5517
B50: R3 | C50: 84 | D50: 50.7 | E50: 50.6 | F50: =C50-D50 -> 33.3 | G50: =D50-E50 -> 0.1 | H50: =G50*1000 -> 100 | I50: =F50/1000 -> 0.0333 | J50: =H50/I50 -> 3003.003
A51: 38671 | B51: R1 | C51: 89.9 | D51: 49.4 | E51: 49 | F51: =C51-D51 -> 40.5 | G51: =D51-E51 -> 0.4 | H51: =G51*1000 -> 400 | I51: =F51/1000 -> 0.0405 | J51: =H51/I51 -> 9876.5432
B52: R2 | C52: 91.3 | D52: 51.1 | E52: 50.8 | F52: =C52-D52 -> 40.2 | G52: =D52-E52 -> 0.3 | H52: =G52*1000 -> 300 | I52: =F52/1000 -> 0.0402 | J52: =H52/I52 -> 7462.6866
B53: R3 | C53: 94 | D53: 50 | E53: 49.8 | F53: =C53-D53 -> 44 | G53: =D53-E53 -> 0.2 | H53: =G53*1000 -> 200 | I53: =F53/1000 -> 0.044 | J53: =H53/I53 -> 4545.4545
A54: 38673 | B54: R1 | C54: 146.4 | D54: 50.8 | E54: 50.1 | F54: =C54-D54 -> 95.6 | G54: =D54-E54 -> 0.7 | H54: =G54*1000 -> 700 | I54: =F54/1000 -> 0.0956 | J54: =H54/I54 -> 7322.1757
B55: R2 | C55: 143.3 | D55: 73.6 | E55: 72.9 | F55: =C55-D55 -> 69.7 | G55: =D55-E55 -> 0.7 | H55: =G55*1000 -> 700 | I55: =F55/1000 -> 0.0697 | J55: =H55/I55 -> 10043.042
B56: R3 | C56: 142.7 | D56: 70.1 | E56: 69.7 | F56: =C56-D56 -> 72.6 | G56: =D56-E56 -> 0.4 | H56: =G56*1000 -> 400 | I56: =F56/1000 -> 0.0726 | J56: =H56/I56 -> 5509.6419
A57: 38675 | B57: R1 | C57: 128 | D57: 51.5 | E57: 50.8 | F57: =C57-D57 -> 76.5 | G57: =D57-E57 -> 0.7 | H57: =G57*1000 -> 700 | I57: =F57/1000 -> 0.0765 | J57: =H57/I57 -> 9150.3268
B58: R2 | C58: 128 | D58: 50.5 | E58: 49.8 | F58: =C58-D58 -> 77.5 | G58: =D58-E58 -> 0.7 | H58: =G58*1000 -> 700 | I58: =F58/1000 -> 0.0775 | J58: =H58/I58 -> 9032.2581
B59: R3 | D59: 72.8 | E59: 72.5 | G59: =D59-E59 -> 0.3 | H59: =G59*1000 -> 300 | I59: =F59/1000 -> 0
A60: 38687 | B60: R1 | C60: 140 | D60: 62.4 | E60: 61.9 | F60: =C60-D60 -> 77.6 | G60: =D60-E60 -> 0.5 | H60: =G60*1000 -> 500 | I60: =F60/1000 -> 0.0776 | J60: =H60/I60 -> 6443.299
B61: R2 | C61: 154 | D61: 63.5 | E61: 62.9 | F61: =C61-D61 -> 90.5 | G61: =D61-E61 -> 0.6 | H61: =G61*1000 -> 600 | I61: =F61/1000 -> 0.0905 | J61: =H61/I61 -> 6629.8343
B62: R3 | C62: 152.8 | D62: 63.1 | E62: 62.7 | F62: =C62-D62 -> 89.7 | G62: =D62-E62 -> 0.4 | H62: =G62*1000 -> 400 | I62: =F62/1000 -> 0.0897 | J62: =H62/I62 -> 4459.3088
A63: 38689 | B63: R1 | C63: 129.8 | D63: 50.7 | E63: 50.1 | F63: =C63-D63 -> 79.1 | G63: =D63-E63 -> 0.6 | H63: =G63*1000 -> 600 | I63: =F63/1000 -> 0.0791 | J63: =H63/I63 -> 7585.335
B64: R2 | C64: 127.7 | D64: 50.9 | E64: 50.3 | F64: =C64-D64 -> 76.8 | G64: =D64-E64 -> 0.6 | H64: =G64*1000 -> 600 | I64: =F64/1000 -> 0.0768 | J64: =H64/I64 -> 7812.5
B65: R3 | C65: 129.6 | D65: 50.5 | E65: 50.2 | F65: =C65-D65 -> 79.1 | G65: =D65-E65 -> 0.3 | H65: =G65*1000 -> 300 | I65: =F65/1000 -> 0.0791 | J65: =H65/I65 -> 3792.6675
A66: 38692 | B66: R1 | C66: 198.6 | D66: 62.8 | E66: 61.8 | F66: =C66-D66 -> 135.8 | G66: =D66-E66 -> 1 | H66: =G66*1000 -> 1000 | I66: =F66/1000 -> 0.1358 | J66: =H66/I66 -> 7363.7703
B67: R2 | C67: 200.1 | D67: 68.9 | E67: 67.8 | F67: =C67-D67 -> 131.2 | G67: =D67-E67 -> 1.1 | H67: =G67*1000 -> 1100 | I67: =F67/1000 -> 0.1312 | J67: =H67/I67 -> 8384.1463
B68: R3 | C68: 194.7 | D68: 69.3 | E68: 68.8 | F68: =C68-D68 -> 125.4 | G68: =D68-E68 -> 0.5 | H68: =G68*1000 -> 500 | I68: =F68/1000 -> 0.1254 | J68: =H68/I68 -> 3987.2408
A69: 38696 | B69: R1 | C69: 173.7 | D69: 68.4 | E69: 67.5 | F69: =C69-D69 -> 105.3 | G69: =D69-E69 -> 0.9 | H69: =G69*1000 -> 900 | I69: =F69/1000 -> 0.1053 | J69: =H69/I69 -> 8547.0085
B70: R2 | C70: 170.2 | D70: 62.8 | E70: 61.9 | F70: =C70-D70 -> 107.4 | G70: =D70-E70 -> 0.9 | H70: =G70*1000 -> 900 | I70: =F70/1000 -> 0.1074 | J70: =H70/I70 -> 8379.8883
B71: R3 | C71: 186.6 | D71: 62.4 | E71: 61.9 | F71: =C71-D71 -> 124.2 | G71: =D71-E71 -> 0.5 | H71: =G71*1000 -> 500 | I71: =F71/1000 -> 0.1242 | J71: =H71/I71 -> 4025.7649
A72: 38699 | B72: R1 | C72: 116.3 | D72: 50.8 | E72: 50.3 | F72: =C72-D72 -> 65.5 | G72: =D72-E72 -> 0.5 | H72: =G72*1000 -> 500 | I72: =F72/1000 -> 0.0655 | J72: =H72/I72 -> 7633.5878
B73: R2 | C73: 99.3 | D73: 50.1 | E73: 49.7 | F73: =C73-D73 -> 49.2 | G73: =D73-E73 -> 0.4 | H73: =G73*1000 -> 400 | I73: =F73/1000 -> 0.0492 | J73: =H73/I73 -> 8130.0813
B74: R3 | C74: 137.6 | D74: 50.5 | E74: 50.1 | F74: =C74-D74 -> 87.1 | G74: =D74-E74 -> 0.4 | H74: =G74*1000 -> 400 | I74: =F74/1000 -> 0.0871 | J74: =H74/I74 -> 4592.4225
A75: 38700 | B75: R1 | C75: 125.5 | D75: 51.5 | E75: 51 | F75: =C75-D75 -> 74 | G75: =D75-E75 -> 0.5 | H75: =G75*1000 -> 500 | I75: =F75/1000 -> 0.074 | J75: =H75/I75 -> 6756.7568
B76: R2 | C76: 125.4 | D76: 57.8 | E76: 57.1 | F76: =C76-D76 -> 67.6 | G76: =D76-E76 -> 0.7 | H76: =G76*1000 -> 700 | I76: =F76/1000 -> 0.0676 | J76: =H76/I76 -> 10355.03
B77: R3 | C77: 136.8 | D77: 60.1 | E77: 59.8 | F77: =C77-D77 -> 76.7 | G77: =D77-E77 -> 0.3 | H77: =G77*1000 -> 300 | I77: =F77/1000 -> 0.0767 | J77: =H77/I77 -> 3911.3429
A78: 38701 | B78: R1 | C78: 112.7 | D78: 50.4 | E78: 50 | F78: =C78-D78 -> 62.3 | G78: =D78-E78 -> 0.4 | H78: =G78*1000 -> 400 | I78: =F78/1000 -> 0.0623 | J78: =H78/I78 -> 6420.5457
B79: R2 | C79: 117 | D79: 50.2 | E79: 49.8 | F79: =C79-D79 -> 66.8 | G79: =D79-E79 -> 0.4 | H79: =G79*1000 -> 400 | I79: =F79/1000 -> 0.0668 | J79: =H79/I79 -> 5988.024
B80: R3 | C80: 125.2 | D80: 49.4 | E80: 49 | F80: =C80-D80 -> 75.8 | G80: =D80-E80 -> 0.4 | H80: =G80*1000 -> 400 | I80: =F80/1000 -> 0.0758 | J80: =H80/I80 -> 5277.0449
A81: 38720 | B81: R1 | C81: 147.9 | D81: 62.4 | E81: 61.8 | F81: =C81-D81 -> 85.5 | G81: =D81-E81 -> 0.6 | H81: =G81*1000 -> 600 | I81: =F81/1000 -> 0.0855 | J81: =H81/I81 -> 7017.5439
B82: R2 | C82: 157.7 | D82: 62.5 | E82: 61.9 | F82: =C82-D82 -> 95.2 | G82: =D82-E82 -> 0.6 | H82: =G82*1000 -> 600 | I82: =F82/1000 -> 0.0952 | J82: =H82/I82 -> 6302.521
B83: R3 | C83: 169.3 | D83: 68.2 | E83: 67.8 | F83: =C83-D83 -> 101.1 | G83: =D83-E83 -> 0.4 | H83: =G83*1000 -> 400 | I83: =F83/1000 -> 0.1011 | J83: =H83/I83 -> 3956.4787
A84: 38722 | B84: R1 | C84: 114.2 | D84: 69.9 | E84: 69.7 | F84: =C84-D84 -> 44.3 | G84: =D84-E84 -> 0.2 | H84: =G84*1000 -> 200 | I84: =F84/1000 -> 0.0443 | J84: =H84/I84 -> 4514.6727
B85: R2 | C85: 86.6 | D85: 50 | E85: 49.6 | F85: =C85-D85 -> 36.6 | G85: =D85-E85 -> 0.4 | H85: =G85*1000 -> 400 | I85: =F85/1000 -> 0.0366 | J85: =H85/I85 -> 10928.962
B86: R3 | C86: 122.5 | D86: 51.3 | E86: 51 | F86: =C86-D86 -> 71.2 | G86: =D86-E86 -> 0.3 | H86: =G86*1000 -> 300 | I86: =F86/1000 -> 0.0712 | J86: =H86/I86 -> 4213.4831
B87: R4 | C87: 92.7 | D87: 50.3 | E87: 49.9 | F87: =C87-D87 -> 42.4 | G87: =D87-E87 -> 0.4 | H87: =G87*1000 -> 400 | I87: =F87/1000 -> 0.0424 | J87: =H87/I87 -> 9433.9623
A88: 38724 | B88: R1 | C88: 108.6 | D88: 69 | E88: 68.8 | F88: =C88-D88 -> 39.6 | G88: =D88-E88 -> 0.2 | H88: =G88*1000 -> 200 | I88: =F88/1000 -> 0.0396 | J88: =H88/I88 -> 5050.5051
B89: R2 | C89: 104.7 | D89: 62.1 | E89: 61.9 | F89: =C89-D89 -> 42.6 | G89: =D89-E89 -> 0.2 | H89: =G89*1000 -> 200 | I89: =F89/1000 -> 0.0426 | J89: =H89/I89 -> 4694.8357
B90: R3 | C90: 117.2 | D90: 67.3 | E90: 67.2 | F90: =C90-D90 -> 49.9 | G90: =D90-E90 -> 0.1 | H90: =G90*1000 -> 100 | I90: =F90/1000 -> 0.0499 | J90: =H90/I90 -> 2004.008
B91: R4 | C91: 101.8 | D91: 67.6 | E91: 67.5 | F91: =C91-D91 -> 34.2 | G91: =D91-E91 -> 0.1 | H91: =G91*1000 -> 100 | I91: =F91/1000 -> 0.0342 | J91: =H91/I91 -> 2923.9766
A92: 38727 | B92: R1 | C92: 97.1 | D92: 50.2 | E92: 49.9 | F92: =C92-D92 -> 46.9 | G92: =D92-E92 -> 0.3 | H92: =G92*1000 -> 300 | I92: =F92/1000 -> 0.0469 | J92: =H92/I92 -> 6396.5885
B93: R2 | C93: 91.9 | D93: 50.1 | E93: 49.9 | F93: =C93-D93 -> 41.8 | G93: =D93-E93 -> 0.2 | H93: =G93*1000 -> 200 | I93: =F93/1000 -> 0.0418 | J93: =H93/I93 -> 4784.689
B94: R3 | C94: 135.8 | D94: 48.1 | E94: 47.7 | F94: =C94-D94 -> 87.7 | G94: =D94-E94 -> 0.4 | H94: =G94*1000 -> 400 | I94: =F94/1000 -> 0.0877 | J94: =H94/I94 -> 4561.0034
A95: 38729 | B95: R1 | C95: 94.2 | D95: 49.6 | E95: 49.3 | F95: =C95-D95 -> 44.6 | G95: =D95-E95 -> 0.3 | H95: =G95*1000 -> 300 | I95: =F95/1000 -> 0.0446 | J95: =H95/I95 -> 6726.4574
B96: R2 | C96: 95 | D96: 51.1 | E96: 50.8 | F96: =C96-D96 -> 43.9 | G96: =D96-E96 -> 0.3 | H96: =G96*1000 -> 300 | I96: =F96/1000 -> 0.0439 | J96: =H96/I96 -> 6833.713
B97: R3 | C97: 94.6 | D97: 49.8 | E97: 49.6 | F97: =C97-D97 -> 44.8 | G97: =D97-E97 -> 0.2 | H97: =G97*1000 -> 200 | I97: =F97/1000 -> 0.0448 | J97: =H97/I97 -> 4464.2857
B98: R4 | C98: 104.2 | D98: 63.2 | E98: 63 | F98: =C98-D98 -> 41 | G98: =D98-E98 -> 0.2 | H98: =G98*1000 -> 200 | I98: =F98/1000 -> 0.041 | J98: =H98/I98 -> 4878.0488
A99: 38731 | B99: R1 | C99: 118.8 | D99: 50.2 | E99: 49.9 | F99: =C99-D99 -> 68.6 | G99: =D99-E99 -> 0.3 | H99: =G99*1000 -> 300 | I99: =F99/1000 -> 0.0686 | J99: =H99/I99 -> 4373.1778
B100: R2 | C100: 106.6 | D100: 50.6 | E100: 50.3 | F100: =C100-D100 -> 56 | G100: =D100-E100 -> 0.3 | H100: =G100*1000 -> 300 | I100: =F100/1000 -> 0.056 | J100: =H100/I100 -> 5357.1429
B101: R3 | C101: 114.4 | D101: 50.6 | E101: 50.4 | F101: =C101-D101 -> 63.8 | G101: =D101-E101 -> 0.2 | H101: =G101*1000 -> 200 | I101: =F101/1000 -> 0.0638 | J101: =H101/I101 -> 3134.7962
...

Sheet VS
A1: Results for Votal solids for fresh fed (R1) and dry fed (R2) digesters, Sep 2009 - Nov 2010
A2: date | B2: reactor | C2: vol (ml) | D2: initial wt | E2: Final wt | F2: ∆Wt (g) | G2: solids wt (mg) | H2: vol(L) | I2: VS(mg/L)
A3: 38621 | B3: R1 | C3: =TS!F3 -> 60.7 | D3: 49.5 | E3: 48.8 | F3: =D3-E3 -> 0.7 | G3: =F3*1000 -> 700 | H3: =C3/1000 -> 0.0607 | I3: =G3/H3 -> 11532.125
B4: R2 | C4: =TS!F4 -> 79.7 | D4: 51.8 | E4: 51.2 | F4: =D4-E4 -> 0.6 | G4: =F4*1000 -> 600 | H4: =C4/1000 -> 0.0797 | I4: =G4/H4 -> 7528.2309
A5: 38622 | B5: R1 | C5: =TS!F5 -> 81.6 | D5: 73.3 | E5: 72.7 | F5: =D5-E5 -> 0.6 | G5: =F5*1000 -> 600 | H5: =C5/1000 -> 0.0816 | I5: =G5/H5 -> 7352.9412
B6: R2 | C6: =TS!F6 -> 91.2 | D6: 61.2 | E6: 60.6 | F6: =D6-E6 -> 0.6 | G6: =F6*1000 -> 600 | H6: =C6/1000 -> 0.0912 | I6: =G6/H6 -> 6578.9474
A7: 38625 | B7: R1 | C7: =TS!F7 -> 75 | D7: 50.3 | E7: 49.9 | F7: =D7-E7 -> 0.4 | G7: =F7*1000 -> 400 | H7: =C7/1000 -> 0.075 | I7: =G7/H7 -> 5333.3333
B8: R2 | C8: =TS!F8 -> 85.3 | D8: 61.1 | E8: 60.5 | F8: =D8-E8 -> 0.6 | G8: =F8*1000 -> 600 | H8: =C8/1000 -> 0.0853 | I8: =G8/H8 -> 7033.9977
A9: 38626 | B9: R1 | C9: =TS!F9 -> 24.7 | D9: 79.9 | E9: 79.7 | F9: =D9-E9 -> 0.2 | G9: =F9*1000 -> 200 | H9: =C9/1000 -> 0.0247 | I9: =G9/H9 -> 8097.166
B10: R2 | C10: =TS!F10 -> 26.6 | D10: 82.6 | E10: 82.4 | F10: =D10-E10 -> 0.2 | G10: =F10*1000 -> 200 | H10: =C10/1000 -> 0.0266 | I10: =G10/H10 -> 7518.797
A11: 38627 | B11: R1 | C11: =TS!F11 -> 55.5 | D11: 50.2 | E11: 49.9 | F11: =D11-E11 -> 0.3 | G11: =F11*1000 -> 300 | H11: =C11/1000 -> 0.0555 | I11: =G11/H11 -> 5405.4054
B12: R2 | C12: =TS!F12 -> 53.7 | D12: 60.1 | E12: 59.9 | F12: =D12-E12 -> 0.2 | G12: =F12*1000 -> 200 | H12: =C12/1000 -> 0.0537 | I12: =G12/H12 -> 3724.3948
A13: 38629 | B13: R1 | C13: =TS!F13 -> 75.6 | D13: 82.8 | E13: 82.5 | F13: =D13-E13 -> 0.3 | G13: =F13*1000 -> 300 | H13: =C13/1000 -> 0.0756 | I13: =G13/H13 -> 3968.254
B14: R2 | C14: =TS!F14 -> 82.1 | D14: 80.1 | E14: 79.8 | F14: =D14-E14 -> 0.3 | G14: =F14*1000 -> 300 | H14: =C14/1000 -> 0.0821 | I14: =G14/H14 -> 3654.0804
A15: 38637 | B15: R1 | C15: 86.9 | D15: 73.3 | E15: 73.1 | F15: =D15-E15 -> 0.2 | G15: =F15*1000 -> 200 | H15: =C15/1000 -> 0.0869 | I15: =(G15)/(H15) -> 2301.496
A16: 38640 | B16: R1 | C16: =TS!F16 -> 73.7 | D16: 51.3 | E16: 50.6 | F16: =D16-E16 -> 0.7 | G16: =F16*1000 -> 700 | H16: =C16/1000 -> 0.0737 | I16: =(G16)/(H16) -> 9497.9647
B17: R2 | C17: =TS!F17 -> 67.2 | D17: 51.5 | E17: 51.1 | F17: =D17-E17 -> 0.4 | G17: =F17*1000 -> 400 | H17: =C17/1000 -> 0.0672 | I17: =(G17)/(H17) -> 5952.381
A18: 38643 | B18: R1 | C18: =TS!F18 -> 68.1 | D18: 50.7 | E18: 50 | F18: =D18-E18 -> 0.7 | G18: =F18*1000 -> 700 | H18: =C18/1000 -> 0.0681 | I18: =(G18)/(H18) -> 10279.001
B19: R2 | C19: =TS!F19 -> 55.8 | D19: 50.4 | E19: 50.1 | F19: =D19-E19 -> 0.3 | G19: =F19*1000 -> 300 | H19: =C19/1000 -> 0.0558 | I19: =(G19)/(H19) -> 5376.3441
A20: 38645 | B20: R1 | C20: =TS!F20 -> 68.4 | D20: 51.7 | E20: 50.9 | F20: =D20-E20 -> 0.8 | G20: =F20*1000 -> 800 | H20: =C20/1000 -> 0.0684 | I20: =(G20)/(H20) -> 11695.906
B21: R2 | C21: =TS!F21 -> 88.6 | D21: 51.8 | E21: 51.1 | F21: =D21-E21 -> 0.7 | G21: =F21*1000 -> 700 | H21: =C21/1000 -> 0.0886 | I21: =(G21)/(H21) -> 7900.6772
A22: 38647 | B22: R1 | C22: =TS!F22 -> 50.2 | D22: 62.4 | E22: 61.8 | F22: =D22-E22 -> 0.6 | G22: =F22*1000 -> 600 | H22: =C22/1000 -> 0.0502 | I22: =(G22)/(H22) -> 11952.191
B23: R2 | C23: =TS!F23 -> 83.8 | D23: 68.5 | E23: 67.9 | F23: =D23-E23 -> 0.6 | G23: =F23*1000 -> 600 | H23: =C23/1000 -> 0.0838 | I23: =(G23)/(H23) -> 7159.9045
A24: 38649 | B24: R1 | C24: =TS!F24 -> 79.5 | D24: 51.4 | E24: 50.6 | F24: =D24-E24 -> 0.8 | G24: =F24*1000 -> 800 | H24: =C24/1000 -> 0.0795 | I24: =(G24)/(H24) -> 10062.893
B25: R2 | C25: =TS!F25 -> 95.1 | D25: 52.1 | E25: 51.4 | F25: =D25-E25 -> 0.7 | G25: =F25*1000 -> 700 | H25: =C25/1000 -> 0.0951 | I25: =(G25)/(H25) -> 7360.673
A26: Introduced culture from anaerobic digester and a third digester R3 as a control | J26: R3 container broke so was never considered
A27: 38651 | B27: R1 | C27: =TS!F27 -> 190.6 | D27: 52 | E27: 50.5 | F27: =D27-E27 -> 1.5 | G27: =F27*1000 -> 1500 | H27: =C27/1000 -> 0.1906 | I27: =(G27)/(H27) -> 7869.8846
B28: R2 | C28: =TS!F28 -> 207.5 | D28: 51.6 | E28: 50.3 | F28: =D28-E28 -> 1.3 | G28: =F28*1000 -> 1300 | H28: =C28/1000 -> 0.2075 | I28: =(G28)/(H28) -> 6265.0602
B29: R3 | C29: =TS!F29 -> 185.3 | D29: 52 | E29: 51.3 | F29: =D29-E29 -> 0.7 | G29: =F29*1000 -> 700 | H29: =C29/1000 -> 0.1853 | I29: =(G29)/(H29) -> 3777.6579
A30: 38652 | B30: R1 | C30: =TS!F30 -> 130.3 | D30: 67.3 | E30: 65.4 | F30: =D30-E30 -> 1.9 | G30: =F30*1000 -> 1900 | H30: =C30/1000 -> 0.1303 | I30: =(G30)/(H30) -> 14581.734
B31: R2 | C31: =TS!F31 -> 140.5 | D31: 69 | E31: 68.1 | F31: =D31-E31 -> 0.9 | G31: =F31*1000 -> 900 | H31: =C31/1000 -> 0.1405 | I31: =(G31)/(H31) -> 6405.694
B32: R3 | C32: =TS!F32 -> 129.6 | D32: 69.3 | E32: 69.1 | F32: =D32-E32 -> 0.2 | G32: =F32*1000 -> 200 | H32: =C32/1000 -> 0.1296 | I32: =(G32)/(H32) -> 1543.2099
A33: 38654 | B33: R1 | C33: =TS!F33 -> 75.6 | D33: 51.3 | E33: 50.8 | F33: =D33-E33 -> 0.5 | G33: =F33*1000 -> 500 | H33: =C33/1000 -> 0.0756 | I33: =(G33)/(H33) -> 6613.7566
B34: R2 | C34: =TS!F34 -> 75.3 | D34: 51.2 | E34: 50.9 | F34: =D34-E34 -> 0.3 | G34: =F34*1000 -> 300 | H34: =C34/1000 -> 0.0753 | I34: =(G34)/(H34) -> 3984.0637
B35: R3 | C35: =TS!F35 -> 76.5 | D35: 49.1 | E35: 48.8 | F35: =D35-E35 -> 0.3 | G35: =F35*1000 -> 300 | H35: =C35/1000 -> 0.0765 | I35: =(G35)/(H35) -> 3921.5686
A36: 38657 | B36: R1 | C36: =TS!F36 -> 76.6 | D36: 50.8 | E36: 50.4 | F36: =D36-E36 -> 0.4 | G36: =F36*1000 -> 400 | H36: =C36/1000 -> 0.0766 | I36: =(G36)/(H36) -> 5221.9321
B37: R2 | C37: =TS!F37 -> 84.5 | D37: 48.4 | E37: 48 | F37: =D37-E37 -> 0.4 | G37: =F37*1000 -> 400 | H37: =C37/1000 -> 0.0845 | I37: =(G37)/(H37) -> 4733.7278
B38: R3 | C38: =TS!F38 -> 86.2 | D38: 50.4 | E38: 50.1 | F38: =D38-E38 -> 0.3 | G38: =F38*1000 -> 300 | H38: =C38/1000 -> 0.0862 | I38: =(G38)/(H38) -> 3480.2784
A39: 38659 | B39: R1 | C39: =TS!F39 -> 56.7 | D39: 50.2 | E39: 49.8 | F39: =D39-E39 -> 0.4 | G39: =F39*1000 -> 400 | H39: =C39/1000 -> 0.0567 | I39: =(G39)/(H39) -> 7054.6737
B40: R2 | C40: =TS!F40 -> 65.3 | D40: 50.3 | E40: 50.1 | F40: =D40-E40 -> 0.2 | G40: =F40*1000 -> 200 | H40: =C40/1000 -> 0.0653 | I40: =(G40)/(H40) -> 3062.7871
B41: R3 | C41: =TS!F41 -> 66.1 | D41: 50.3 | E41: 50.1 | F41: =D41-E41 -> 0.2 | G41: =F41*1000 -> 200 | H41: =C41/1000 -> 0.0661 | I41: =(G41)/(H41) -> 3025.7186
A42: 38661 | B42: R1 | C42: =TS!F42 -> 76.5 | D42: 51.5 | E42: 51.1 | F42: =D42-E42 -> 0.4 | G42: =F42*1000 -> 400 | H42: =C42/1000 -> 0.0765 | I42: =(G42)/(H42) -> 5228.7582
B43: R2 | C43: =TS!F43 -> 80.2 | D43: 73.1 | E43: 72.7 | F43: =D43-E43 -> 0.4 | G43: =F43*1000 -> 400 | H43: =C43/1000 -> 0.0802 | I43: =(G43)/(H43) -> 4987.5312
B44: R3 | C44: =TS!F44 -> 102.2 | D44: 51 | E44: 50.7 | F44: =D44-E44 -> 0.3 | G44: =F44*1000 -> 300 | H44: =C44/1000 -> 0.1022 | I44: =(G44)/(H44) -> 2935.4207
A45: 38664 | B45: R1 | C45: =TS!F45 -> 46.9 | D45: 60.2 | E45: 59.9 | F45: =D45-E45 -> 0.3 | G45: =F45*1000 -> 300 | H45: =C45/1000 -> 0.0469 | I45: =(G45)/(H45) -> 6396.5885
B46: R2 | C46: =TS!F46 -> 56.1 | D46: 51.3 | E46: 51 | F46: =D46-E46 -> 0.3 | G46: =F46*1000 -> 300 | H46: =C46/1000 -> 0.0561 | I46: =(G46)/(H46) -> 5347.5936
B47: R3 | C47: =TS!F47 -> 30.8 | D47: 60.4 | E47: 60.4 | F47: =D47-E47 -> 0 | G47: =F47*1000 -> 0 | H47: =C47/1000 -> 0.0308 | I47: =(G47)/(H47) -> 0
A48: 38668 | B48: R1 | C48: =TS!F48 -> 26.4 | D48: 50 | E48: 49.9 | F48: =D48-E48 -> 0.1 | G48: =F48*1000 -> 100 | H48: =C48/1000 -> 0.0264 | I48: =(G48)/(H48) -> 3787.8788
B49: R2 | C49: =TS!F49 -> 29 | D49: 72.7 | E49: 72.5 | F49: =D49-E49 -> 0.2 | G49: =F49*1000 -> 200 | H49: =C49/1000 -> 0.029 | I49: =(G49)/(H49) -> 6896.5517
B50: R3 | C50: =TS!F50 -> 33.3 | D50: 50.7 | E50: 50.6 | F50: =D50-E50 -> 0.1 | G50: =F50*1000 -> 100 | H50: =C50/1000 -> 0.0333 | I50: =(G50)/(H50) -> 3003.003
A51: 38671 | B51: R1 | C51: =TS!F51 -> 40.5 | D51: 49.4 | E51: 49.1 | F51: =D51-E51 -> 0.3 | G51: =F51*1000 -> 300 | H51: =C51/1000 -> 0.0405 | I51: =(G51)/(H51) -> 7407.4074
B52: R2 | C52: =TS!F52 -> 40.2 | D52: 51.1 | E52: 50.9 | F52: =D52-E52 -> 0.2 | G52: =F52*1000 -> 200 | H52: =C52/1000 -> 0.0402 | I52: =(G52)/(H52) -> 4975.1244
B53: R3 | C53: =TS!F53 -> 44 | D53: 50.4 | E53: 49.9 | F53: =D53-E53 -> 0.5 | G53: =F53*1000 -> 500 | H53: =C53/1000 -> 0.044 | I53: =(G53)/(H53) -> 11363.636
A54: 38673 | B54: R1 | C54: =TS!F54 -> 95.6 | D54: 50.8 | E54: 50.4 | F54: =D54-E54 -> 0.4 | G54: =F54*1000 -> 400 | H54: =C54/1000 -> 0.0956 | I54: =(G54)/(H54) -> 4184.1004
B55: R2 | C55: =TS!F55 -> 69.7 | D55: 73.6 | E55: 73.3 | F55: =D55-E55 -> 0.3 | G55: =F55*1000 -> 300 | H55: =C55/1000 -> 0.0697 | I55: =(G55)/(H55) -> 4304.1607
B56: R3 | C56: =TS!F56 -> 72.6 | D56: 70.1 | E56: 69.8 | F56: =D56-E56 -> 0.3 | G56: =F56*1000 -> 300 | H56: =C56/1000 -> 0.0726 | I56: =(G56)/(H56) -> 4132.2314
A57: 38675 | B57: R1 | C57: =TS!F57 -> 76.5 | D57: 51.5 | E57: 51.1 | F57: =D57-E57 -> 0.4 | G57: =F57*1000 -> 400 | H57: =C57/1000 -> 0.0765 | I57: =(G57)/(H57) -> 5228.7582
B58: R2 | C58: =TS!F58 -> 77.5 | D58: 50.5 | E58: 50.1 | F58: =D58-E58 -> 0.4 | G58: =F58*1000 -> 400 | H58: =C58/1000 -> 0.0775 | I58: =(G58)/(H58) -> 5161.2903
B59: R3 | C59: =TS!F59 -> 0 | D59: 72.8 | E59: 72.6 | F59: =D59-E59 -> 0.2 | G59: =F59*1000 -> 200 | H59: =C59/1000 -> 0
A60: 38687 | B60: R1 | C60: =TS!F60 -> 77.6 | D60: 62.4 | E60: 62.1 | F60: =D60-E60 -> 0.3 | G60: =F60*1000 -> 300 | H60: =C60/1000 -> 0.0776 | I60: =(G60)/(H60) -> 3865.9794
B61: R2 | C61: =TS!F61 -> 90.5 | D61: 63.5 | E61: 63.1 | F61: =D61-E61 -> 0.4 | G61: =F61*1000 -> 400 | H61: =C61/1000 -> 0.0905 | I61: =(G61)/(H61) -> 4419.8895
B62: R3 | C62: =TS!F62 -> 89.7 | D62: 63.1 | E62: 62.9 | F62: =D62-E62 -> 0.2 | G62: =F62*1000 -> 200 | H62: =C62/1000 -> 0.0897 | I62: =(G62)/(H62) -> 2229.6544
A63: 38689 | B63: R1 | C63: =TS!F63 -> 79.1 | D63: 50.7 | E63: 50.3 | F63: =D63-E63 -> 0.4 | G63: =F63*1000 -> 400 | H63: =C63/1000 -> 0.0791 | I63: =(G63)/(H63) -> 5056.89
B64: R2 | C64: =TS!F64 -> 76.8 | D64: 50.9 | E64: 50.5 | F64: =D64-E64 -> 0.4 | G64: =F64*1000 -> 400 | H64: =C64/1000 -> 0.0768 | I64: =(G64)/(H64) -> 5208.3333
B65: R3 | C65: =TS!F65 -> 79.1 | D65: 50.5 | E65: 50.4 | F65: =D65-E65 -> 0.1 | G65: =F65*1000 -> 100 | H65: =C65/1000 -> 0.0791 | I65: =(G65)/(H65) -> 1264.2225
A66: 38692 | B66: R1 | C66: =TS!F66 -> 135.8 | D66: 62.8 | E66: 62.2 | F66: =D66-E66 -> 0.6 | G66: =F66*1000 -> 600 | H66: =C66/1000 -> 0.1358 | I66: =(G66)/(H66) -> 4418.2622
B67: R2 | C67: =TS!F67 -> 131.2 | D67: 68.9 | E67: 68.3 | F67: =D67-E67 -> 0.6 | G67: =F67*1000 -> 600 | H67: =C67/1000 -> 0.1312 | I67: =(G67)/(H67) -> 4573.1707
B68: R3 | C68: =TS!F68 -> 125.4 | D68: 69.3 | E68: 69 | F68: =D68-E68 -> 0.3 | G68: =F68*1000 -> 300 | H68: =C68/1000 -> 0.1254 | I68: =(G68)/(H68) -> 2392.3445
A69: 38696 | B69: R1 | C69: =TS!F69 -> 105.3 | D69: 68.4 | E69: 67.9 | F69: =D69-E69 -> 0.5 | G69: =F69*1000 -> 500 | H69: =C69/1000 -> 0.1053 | I69: =(G69)/(H69) -> 4748.3381
B70: R2 | C70: =TS!F70 -> 107.4 | D70: 62.8 | E70: 62.2 | F70: =D70-E70 -> 0.6 | G70: =F70*1000 -> 600 | H70: =C70/1000 -> 0.1074 | I70: =(G70)/(H70) -> 5586.5922
B71: R3 | C71: =TS!F71 -> 124.2 | D71: 62.4 | E71: 62.1 | F71: =D71-E71 -> 0.3 | G71: =F71*1000 -> 300 | H71: =C71/1000 -> 0.1242 | I71: =(G71)/(H71) -> 2415.4589
A72: 38699 | B72: R1 | C72: =TS!F72 -> 65.5 | D72: 50.8 | E72: 50.5 | F72: =D72-E72 -> 0.3 | G72: =F72*1000 -> 300 | H72: =C72/1000 -> 0.0655 | I72: =(G72)/(H72) -> 4580.1527
B73: R2 | C73: =TS!F73 -> 49.2 | D73: 50.1 | E73: 49.9 | F73: =D73-E73 -> 0.2 | G73: =F73*1000 -> 200 | H73: =C73/1000 -> 0.0492 | I73: =(G73)/(H73) -> 4065.0407
B74: R3 | C74: =TS!F74 -> 87.1 | D74: 50.5 | E74: 50.3 | F74: =D74-E74 -> 0.2 | G74: =F74*1000 -> 200 | H74: =C74/1000 -> 0.0871 | I74: =(G74)/(H74) -> 2296.2113
A75: 38700 | B75: R1 | C75: =TS!F75 -> 74 | D75: 51.5 | E75: 51.2 | F75: =D75-E75 -> 0.3 | G75: =F75*1000 -> 300 | H75: =C75/1000 -> 0.074 | I75: =(G75)/(H75) -> 4054.0541
B76: R2 | C76: =TS!F76 -> 67.6 | D76: 57.8 | E76: 57.3 | F76: =D76-E76 -> 0.5 | G76: =F76*1000 -> 500 | H76: =C76/1000 -> 0.0676 | I76: =(G76)/(H76) -> 7396.4497
B77: R3 | C77: =TS!F77 -> 76.7 | D77: 60.1 | E77: 59.9 | F77: =D77-E77 -> 0.2 | G77: =F77*1000 -> 200 | H77: =C77/1000 -> 0.0767 | I77: =(G77)/(H77) -> 2607.5619
A78: 38701 | B78: R1 | C78: =TS!F78 -> 62.3 | D78: 50.4 | E78: 50.1 | F78: =D78-E78 -> 0.3 | G78: =F78*1000 -> 300 | H78: =C78/1000 -> 0.0623 | I78: =(G78)/(H78) -> 4815.4093
B79: R2 | C79: =TS!F79 -> 66.8 | D79: 50.2 | E79: 50 | F79: =D79-E79 -> 0.2 | G79: =F79*1000 -> 200 | H79: =C79/1000 -> 0.0668 | I79: =(G79)/(H79) -> 2994.012
B80: R3 | C80: =TS!F80 -> 75.8 | D80: 49.4 | E80: 49.2 | F80: =D80-E80 -> 0.2 | G80: =F80*1000 -> 200 | H80: =C80/1000 -> 0.0758 | I80: =(G80)/(H80) -> 2638.5224
A81: 38720 | B81: R1 | C81: =TS!F81 -> 85.5 | D81: 62.4 | E81: 62.1 | F81: =D81-E81 -> 0.3 | G81: =F81*1000 -> 300 | H81: =C81/1000 -> 0.0855 | I81: =(G81)/(H81) -> 3508.7719
B82: R2 | C82: =TS!F82 -> 95.2 | D82: 62.5 | E82: 62.1 | F82: =D82-E82 -> 0.4 | G82: =F82*1000 -> 400 | H82: =C82/1000 -> 0.0952 | I82: =(G82)/(H82) -> 4201.6807
B83: R3 | C83: =TS!F83 -> 101.1 | D83: 68.2 | E83: 68 | F83: =D83-E83 -> 0.2 | G83: =F83*1000 -> 200 | H83: =C83/1000 -> 0.1011 | I83: =(G83)/(H83) -> 1978.2394
A84: 38722 | B84: R1 | C84: =TS!F84 -> 44.3 | D84: 69.9 | E84: 69.8 | F84: =D84-E84 -> 0.1 | G84: =F84*1000 -> 100 | H84: =C84/1000 -> 0.0443 | I84: =(G84)/(H84) -> 2257.3363
B85: R2 | C85: =TS!F85 -> 36.6 | D85: 50 | E85: 49.8 | F85: =D85-E85 -> 0.2 | G85: =F85*1000 -> 200 | H85: =C85/1000 -> 0.0366 | I85: =(G85)/(H85) -> 5464.4809
B86: R3 | C86: =TS!F86 -> 71.2 | D86: 51.3 | E86: 51.2 | F86: =D86-E86 -> 0.1 | G86: =F86*1000 -> 100 | H86: =C86/1000 -> 0.0712 | I86: =(G86)/(H86) -> 1404.4944
B87: R4 | C87: =TS!F87 -> 42.4 | D87: 50.3 | E87: 50 | F87: =D87-E87 -> 0.3 | G87: =F87*1000 -> 300 | H87: =C87/1000 -> 0.0424 | I87: =(G87)/(H87) -> 7075.4717
A88: 38724 | B88: R1 | C88: =TS!F88 -> 39.6 | D88: 69 | E88: 68.9 | F88: =D88-E88 -> 0.1 | G88: =F88*1000 -> 100 | H88: =C88/1000 -> 0.0396 | I88: =(G88)/(H88) -> 2525.2525
B89: R2 | C89: =TS!F89 -> 42.6 | D89: 62.1 | E89: 62 | F89: =D89-E89 -> 0.1 | G89: =F89*1000 -> 100 | H89: =C89/1000 -> 0.0426 | I89: =(G89)/(H89) -> 2347.4178
B90: R3 | C90: =TS!F90 -> 49.9 | D90: 67.3 | E90: 67.3 | F90: =D90-E90 -> 0 | G90: =F90*1000 -> 0 | H90: =C90/1000 -> 0.0499 | I90: =(G90)/(H90) -> 0
B91: R4 | C91: =TS!F91 -> 34.2 | D91: 67.6 | E91: 67.6 | F91: =D91-E91 -> 0 | G91: =F91*1000 -> 0 | H91: =C91/1000 -> 0.0342 | I91: =(G91)/(H91) -> 0
A92: 38727 | B92: R1 | C92: =TS!F92 -> 46.9 | D92: 50.2 | E92: 50 | F92: =D92-E92 -> 0.2 | G92: =F92*1000 -> 200 | H92: =C92/1000 -> 0.0469 | I92: =(G92)/(H92) -> 4264.3923
B93: R2 | C93: =TS!F93 -> 41.8 | D93: 50.1 | E93: 50 | F93: =D93-E93 -> 0.1 | G93: =F93*1000 -> 100 | H93: =C93/1000 -> 0.0418 | I93: =(G93)/(H93) -> 2392.3445
B94: R3 | C94: =TS!F94 -> 87.7 | D94: 48.1 | E94: 48 | F94: =D94-E94 -> 0.1 | G94: =F94*1000 -> 100 | H94: =C94/1000 -> 0.0877 | I94: =(G94)/(H94) -> 1140.2509
A95: 38729 | B95: R1 | C95: =TS!F95 -> 44.6 | D95: 49.6 | E95: 49.4 | F95: =D95-E95 -> 0.2 | G95: =F95*1000 -> 200 | H95: =C95/1000 -> 0.0446 | I95: =(G95)/(H95) -> 4484.3049
B96: R2 | C96: =TS!F96 -> 43.9 | D96: 51.1 | E96: 50.9 | F96: =D96-E96 -> 0.2 | G96: =F96*1000 -> 200 | H96: =C96/1000 -> 0.0439 | I96: =(G96)/(H96) -> 4555.8087
B97: R3 | C97: =TS!F97 -> 44.8 | D97: 49.8 | E97: 49.7 | F97: =D97-E97 -> 0.1 | G97: =F97*1000 -> 100 | H97: =C97/1000 -> 0.0448 | I97: =(G97)/(H97) -> 2232.1429
A98: 38731 | B98: R1 | C98: =TS!F99 -> 68.6 | D98: 50.2 | E98: 49.9 | F98: =D98-E98 -> 0.3 | G98: =F98*1000 -> 300 | H98: =C98/1000 -> 0.0686 | I98: =(G98)/(H98) -> 4373.1778
B99: R2 | C99: =TS!F100 -> 56 | D99: 50.6 | E99: 50.3 | F99: =D99-E99 -> 0.3 | G99: =F99*1000 -> 300 | H99: =C99/1000 -> 0.056 | I99: =(G99)/(H99) -> 5357.1429
B100: R3 | C100: =TS!F101 -> 63.8 | D100: 50.6 | E100: 50.4 | F100: =D100-E100 -> 0.2 | G100: =F100*1000 -> 200 | H100: =C100/1000 -> 0.0638 | I100: =(G100)/(H100) -> 3134.7962
...

Sheet gas
A1: Results for gas volume and composition for fresh fed (R1) and dry fed (R2) digesters, Sep 2009 - Nov 2010
A2: date | B2: reactor | C2: pH | D2: temp, oC | E2: pressure, mmHg | F2: total gas yeild, ml | G2: gas yield at stp | H2: CH4 (ml) | I2: CO2 (ml) | J2: O2 (ml) | K2: %CH4 | L2: %O2 | M2: %CO2
A3: 38621 | B3: A1 | C3: 6.75 | D3: 35 | E3: 648.8 | F3: 300 | G3: =(E3*F3*273.15)/((D3+273.15)*760) -> 227.01656 | H3: =K3/100*G3 -> 0 | I3: =(M3*G3)/100 -> 0 | J3: =(L3*G3)/100 -> 0
B4: A2 | C4: 6.76 | D4: 35 | E4: 648.8 | F4: 200 | G4: =(E4*F4*273.15)/((D4+273.15)*760) -> 151.34437 | H4: =K4/100*G4 -> 0 | I4: =(M4*G4)/100 -> 0 | J4: =(L4*G4)/100 -> 0
A5: 38622 | B5: A1 | C5: 6.35 | D5: 35 | E5: 646.7 | F5: 200 | G5: =(E5*F5*273.15)/((D5+273.15)*760) -> 150.85451 | H5: =K5/100*G5 -> 0 | I5: =(M5*G5)/100 -> 0 | J5: =(L5*G5)/100 -> 0
B6: A2 | C6: 6.38 | D6: 35 | E6: 646.7 | F6: 200 | G6: =(E6*F6*273.15)/((D6+273.15)*760) -> 150.85451 | H6: =K6/100*G6 -> 0 | I6: =(M6*G6)/100 -> 0 | J6: =(L6*G6)/100 -> 0
A7: 38624 | B7: A1 | C7: 6.04 | D7: 35 | E7: 648.7 | F7: 200 | G7: =(E7*F7*273.15)/((D7+273.15)*760) -> 151.32105 | H7: =K7/100*G7 -> 0 | I7: =(M7*G7)/100 -> 0 | J7: =(L7*G7)/100 -> 0
B8: A1 | C8: 5.34 | D8: 35 | E8: 648.7 | F8: 200 | G8: =(E8*F8*273.15)/((D8+273.15)*760) -> 151.32105 | H8: =K8/100*G8 -> 0 | I8: =(M8*G8)/100 -> 0 | J8: =(L8*G8)/100 -> 0
A9: 38625 | B9: A1 | C9: 6.01 | D9: 35 | E9: 650.6 | F9: 200 | G9: =(E9*F9*273.15)/((D9+273.15)*760) -> 151.76426 | H9: =K9/100*G9 -> 0 | I9: =(M9*G9)/100 -> 0 | J9: =(L9*G9)/100 -> 0
B10: A2 | C10: 5.61 | D10: 35 | E10: 650.6 | F10: 50 | G10: =(E10*F10*273.15)/((D10+273.15)*760) -> 37.941064 | H10: =K10/100*G10 -> 0 | I10: =(M10*G10)/100 -> 0 | J10: =(L10*G10)/100 -> 0
A11: 38626 | B11: A1 | C11: 6.29 | D11: 35 | E11: 658.6 | F11: 100 | G11: =(E11*F11*273.15)/((D11+273.15)*760) -> 76.8152 | H11: =K11/100*G11 -> 6.2297127 | I11: =(M11*G11)/100 -> 0 | J11: =(L11*G11)/100 -> 0 | K11: 8.11
B12: A2 | C12: 6.04 | D12: 35 | E12: 658.6 | F12: 0 | G12: =(E12*F12*273.15)/((D12+273.15)*760) -> 0 | H12: =K12/100*G12 -> 0 | I12: =(M12*G12)/100 -> 0 | J12: =(L12*G12)/100 -> 0 | K12: 3.2
A13: 38627 | B13: A1 | C13: 6.01 | D13: 35 | E13: 640 | F13: 500 | G13: =(E13*F13*273.15)/((D13+273.15)*760) -> 373.22903 | H13: =K13/100*G13 -> 0 | I13: =(M13*G13)/100 -> 0 | J13: =(L13*G13)/100 -> 0
B14: A2 | C14: 5.76 | D14: 35 | E14: 640 | F14: 1000 | G14: =(E14*F14*273.15)/((D14+273.15)*760) -> 746.45806 | H14: =K14/100*G14 -> 0 | I14: =(M14*G14)/100 -> 0 | J14: =(L14*G14)/100 -> 0
A15: 38629 | B15: A1 | C15: 6.06 | D15: 35 | E15: 642.8 | F15: 100 | G15: =(E15*F15*273.15)/((D15+273.15)*760) -> 74.972382 | H15: =K15/100*G15 -> 14.537145 | I15: =(M15*G15)/100 -> 0 | J15: =(L15*G15)/100 -> 0 | K15: 19.39
B16: A2 | C16: 6.06 | D16: 35 | E16: 642.8 | F16: 0 | G16: =(E16*F16*273.15)/((D16+273.15)*760) -> 0 | H16: =K16/100*G16 -> 0 | I16: =(M16*G16)/100 -> 0 | J16: =(L16*G16)/100 -> 0 | K16: 3.64
A17: 38631 | B17: A1 | C17: 5.99 | D17: 35 | E17: 645.5 | F17: 200 | G17: =(E17*F17*273.15)/((D17+273.15)*760) -> 150.57459 | H17: =K17/100*G17 -> 33.367329 | I17: =(M17*G17)/100 -> 0 | J17: =(L17*G17)/100 -> 0 | K17: 22.16
B18: A2 | C18: 5.73 | D18: 35 | E18: 645.5 | F18: 300 | G18: =(E18*F18*273.15)/((D18+273.15)*760) -> 225.86188 | H18: =K18/100*G18 -> 4.8786166 | I18: =(M18*G18)/100 -> 0 | J18: =(L18*G18)/100 -> 0 | K18: 2.16
A19: 38633 | B19: A1 | C19: 5.79 | D19: 35 | E19: 646 | F19: 300 | G19: =(E19*F19*273.15)/((D19+273.15)*760) -> 226.03683 | H19: =K19/100*G19 -> 57.435959 | I19: =(M19*G19)/100 -> 0 | J19: =(L19*G19)/100 -> 0 | K19: 25.41
B20: A2 | C20: 5.49 | D20: 35 | E20: 646 | F20: 200 | G20: =(E20*F20*273.15)/((D20+273.15)*760) -> 150.69122 | H20: =K20/100*G20 -> 1.6274652 | I20: =(M20*G20)/100 -> 0 | J20: =(L20*G20)/100 -> 0 | K20: 1.08
A21: 38634 | B21: A1 | C21: 5.3 | D21: 35 | F21: 200 | G21: =(E21*F21*273.15)/((D21+273.15)*760) -> 0 | H21: =K21/100*G21 -> 0 | I21: =(M21*G21)/100 -> 0 | J21: =(L21*G21)/100 -> 0
B22: A2 | C22: 4.39 | D22: 35 | F22: 100 | G22: =(E22*F22*273.15)/((D22+273.15)*760) -> 0 | H22: =K22/100*G22 -> 0 | I22: =(M22*G22)/100 -> 0 | J22: =(L22*G22)/100 -> 0
A23: 38636 | B23: A1 | C23: 5.59 | D23: 35 | F23: 400 | G23: =(E23*F23*273.15)/((D23+273.15)*760) -> 0 | H23: =K23/100*G23 -> 0 | I23: =(M23*G23)/100 -> 0 | J23: =(L23*G23)/100 -> 0
B24: A2 | C24: 5.59 | D24: 35 | F24: 200 | G24: =(E24*F24*273.15)/((D24+273.15)*760) -> 0 | H24: =K24/100*G24 -> 0 | I24: =(M24*G24)/100 -> 0 | J24: =(L24*G24)/100 -> 0
A25: 38641 | B25: A1 | C25: 6.95 | D25: 35 | E25: 649.2 | F25: 600 | G25: =(E25*F25*273.15)/((D25+273.15)*760) -> 454.31304 | H25: =K25/100*G25 -> 18.626835 | I25: =(M25*G25)/100 -> 0 | J25: =(L25*G25)/100 -> 0 | K25: 4.1
B26: A2 | C26: 6.98 | D26: 35 | E26: 649.2 | F26: 450 | G26: =(E26*F26*273.15)/((D26+273.15)*760) -> 340.73478 | H26: =K26/100*G26 -> 8.1776347 | I26: =(M26*G26)/100 -> 0 | J26: =(L26*G26)/100 -> 0 | K26: 2.4
A27: 38643 | B27: A1 | C27: 6.6 | D27: 35 | F27: 400 | G27: =(E27*F27*273.15)/((D27+273.15)*760) -> 0 | H27: =K27/100*G27 -> 0 | I27: =(M27*G27)/100 -> 0 | J27: =(L27*G27)/100 -> 0 | K27: 7.3
B28: A2 | C28: 6.8 | D28: 35 | F28: 200 | G28: =(E28*F28*273.15)/((D28+273.15)*760) -> 0 | H28: =K28/100*G28 -> 0 | I28: =(M28*G28)/100 -> 0 | J28: =(L28*G28)/100 -> 0 | K28: 3.4
A29: 38645 | B29: A1 | C29: 6.47 | D29: 35 | E29: 646.6 | F29: 400 | G29: =(E29*F29*273.15)/((D29+273.15)*760) -> 301.66237 | H29: =K29/100*G29 -> 38.31112 | I29: =(M29*G29)/100 -> 0 | J29: =(L29*G29)/100 -> 0 | K29: 12.7
B30: A2 | C30: 6.46 | D30: 35 | E30: 646.6 | F30: 300 | G30: =(E30*F30*273.15)/((D30+273.15)*760) -> 226.24677 | H30: =K30/100*G30 -> 13.34856 | I30: =(M30*G30)/100 -> 0 | J30: =(L30*G30)/100 -> 0 | K30: 5.9
A31: 38647 | B31: A1 | C31: 6.71 | D31: 35 | E31: 648.8 | F31: 600 | G31: =(E31*F31*273.15)/((D31+273.15)*760) -> 454.03312 | H31: =K31/100*G31 -> 237.91335 | I31: =(M31*G31)/100 -> 0 | J31: =(L31*G31)/100 -> 0 | K31: 52.4
B32: A2 | C32: 6.55 | D32: 35 | E32: 648.8 | F32: 300 | G32: =(E32*F32*273.15)/((D32+273.15)*760) -> 227.01656 | H32: =K32/100*G32 -> 61.294471 | I32: =(M32*G32)/100 -> 0 | J32: =(L32*G32)/100 -> 0 | K32: 27
A33: 38648 | B33: A1 | C33: 6.78 | D33: 35 | E33: 645.6 | F33: 500 | G33: =(E33*F33*273.15)/((D33+273.15)*760) -> 376.49479 | H33: =K33/100*G33 -> 188.81214 | I33: =(M33*G33)/100 -> 135.16163 | J33: =(L33*G33)/100 -> 19.50243 | K33: 50.15 | L33: 5.18 | M33: 35.9
B34: A2 | C34: 6.66 | D34: 35 | E34: 645.6 | F34: 200 | G34: =(E34*F34*273.15)/((D34+273.15)*760) -> 150.59791 | H34: =K34/100*G34 -> 59.93797 | I34: =(M34*G34)/100 -> 65.058299 | J34: =(L34*G34)/100 -> 25.601645 | K34: 39.8 | L34: 17 | M34: 43.2
A35: 38649 | B35: A1 | D35: 35 | E35: 650.24 | F35: 650 | G35: =(E35*F35*273.15)/((D35+273.15)*760) -> 492.96091 | H35: =K35/100*G35 -> 319.43867 | I35: =(M35*G35)/100 -> 172.04336 | J35: =(L35*G35)/100 -> 11.831062 | K35: 64.8 | L35: 2.4 | M35: 34.9
B36: A2 | D36: 35 | E36: 650.24 | F36: 450 | G36: =(E36*F36*273.15)/((D36+273.15)*760) -> 341.28063 | H36: =K36/100*G36 -> 108.18596 | I36: =(M36*G36)/100 -> 83.955034 | J36: =(L36*G36)/100 -> 29.691415 | K36: 31.7 | L36: 8.7 | M36: 24.6
B37: A3 | D37: 35 | E37: 650.24 | F37: 300 | G37: =(E37*F37*273.15)/((D37+273.15)*760) -> 227.52042 | H37: =K37/100*G37 -> 109.89236 | I37: =(M37*G37)/100 -> 48.91689 | J37: =(L37*G37)/100 -> 14.561307 | K37: 48.3 | L37: 6.4 | M37: 21.5
A38: 38650 | B38: A1 | C38: 7.06 | D38: 35 | E38: 649.8 | F38: 600 | G38: =(E38*F38*273.15)/((D38+273.15)*760) -> 454.73292 | H38: =K38/100*G38 -> 282.84388 | I38: =(M38*G38)/100 -> 134.60094 | J38: =(L38*G38)/100 -> 10.458857 | K38: 62.2 | L38: 2.3 | M38: 29.6
B39: A2 | C39: 6.7 | D39: 35 | E39: 649.8 | F39: 200 | G39: =(E39*F39*273.15)/((D39+273.15)*760) -> 151.57764 | H39: =K39/100*G39 -> 77.001442 | I39: =(M39*G39)/100 -> 62.449988 | J39: =(L39*G39)/100 -> 12.277789 | K39: 50.8 | L39: 8.1 | M39: 41.2
B40: A3 | C40: 7.08 | D40: 35 | E40: 649.8 | F40: 400 | G40: =(E40*F40*273.15)/((D40+273.15)*760) -> 303.15528 | H40: =K40/100*G40 -> 180.9837 | I40: =(M40*G40)/100 -> 93.674982 | J40: =(L40*G40)/100 -> 28.496596 | K40: 59.7 | L40: 9.4 | M40: 30.9
A41: 38652 | B41: A1 | C41: 7.21 | D41: 35 | E41: 639.74 | F41: 1200 | G41: =(E41*F41*273.15)/((D41+273.15)*760) -> 895.38578 | H41: =K41/100*G41 -> 646.46853 | I41: =(M41*G41)/100 -> 205.93873 | J41: =(L41*G41)/100 -> 23.28003 | K41: 72.2 | L41: 2.6 | M41: 23
B42: A2 | C42: 7.01 | D42: 35 | E42: 639.74 | F42: 700 | G42: =(E42*F42*273.15)/((D42+273.15)*760) -> 522.30837 | H42: =K42/100*G42 -> 308.16194 | I42: =(M42*G42)/100 -> 125.87632 | J42: =(L42*G42)/100 -> 34.472353 | K42: 59 | L42: 6.6 | M42: 24.1
B43: A3 | C43: 7.01 | D43: 35 | E43: 639.74 | F43: 500 | G43: =(E43*F43*273.15)/((D43+273.15)*760) -> 373.07741 | H43: =K43/100*G43 -> 249.21571 | I43: =(M43*G43)/100 -> 97.746281 | J43: =(L43*G43)/100 -> 14.176942 | K43: 66.8 | L43: 3.8 | M43: 26.2
A44: 38654 | B44: A1 | C44: 7.46 | D44: 35 | E44: 648.2 | F44: 1000 | G44: =(E44*F44*273.15)/((D44+273.15)*760) -> 756.02206 | H44: =K44/100*G44 -> 542.06782 | I44: =(M44*G44)/100 -> 113.40331 | J44: =(L44*G44)/100 -> 12.096353 | K44: 71.7 | L44: 1.6 | M44: 15
B45: A2 | C45: 7.38 | D45: 35 | E45: 648.2 | F45: 900 | G45: =(E45*F45*273.15)/((D45+273.15)*760) -> 680.41985 | H45: =K45/100*G45 -> 544.33588 | I45: =(M45*G45)/100 -> 88.454581 | J45: =(L45*G45)/100 -> 9.5258779 | K45: 80 | L45: 1.4 | M45: 13
B46: A3 | C46: 7.04 | D46: 35 | E46: 648.2 | F46: 500 | G46: =(E46*F46*273.15)/((D46+273.15)*760) -> 378.01103 | H46: =K46/100*G46 -> 231.72076 | I46: =(M46*G46)/100 -> 99.416901 | J46: =(L46*G46)/100 -> 8.3162426 | K46: 61.3 | L46: 2.2 | M46: 26.3
A47: 38655 | B47: A1 | C47: 7.46 | D47: 35 | E47: 650.6 | F47: 400 | G47: =(E47*F47*273.15)/((D47+273.15)*760) -> 303.52851 | H47: =K47/100*G47 -> 219.14758 | I47: =(M47*G47)/100 -> 43.708106 | J47: =(L47*G47)/100 -> 16.997597 | K47: 72.2 | L47: 5.6 | M47: 14.4
B48: A2 | C48: 7.43 | D48: 35 | E48: 650.6 | F48: 400 | G48: =(E48*F48*273.15)/((D48+273.15)*760) -> 303.52851 | H48: =K48/100*G48 -> 230.37814 | I48: =(M48*G48)/100 -> 38.851649 | J48: =(L48*G48)/100 -> 10.319969 | K48: 75.9 | L48: 3.4 | M48: 12.8
B49: A3 | C49: 7.02 | D49: 35 | E49: 650.6 | F49: 300 | G49: =(E49*F49*273.15)/((D49+273.15)*760) -> 227.64638 | H49: =K49/100*G49 -> 153.20602 | I49: =(M49*G49)/100 -> 64.19628 | J49: =(L49*G49)/100 -> 11.837612 | K49: 67.3 | L49: 5.2 | M49: 28.2
A50: 38657 | B50: A1 | C50: 7.45 | D50: 35 | E50: 652.4 | F50: 1100 | G50: =(E50*F50*273.15)/((D50+273.15)*760) -> 837.01276 | H50: =K50/100*G50 -> 604.32321 | I50: =(M50*G50)/100 -> 120.52984 | J50: =(L50*G50)/100 -> 25.947396 | K50: 72.2 | L50: 3.1 | M50: 14.4
B51: A2 | C51: 7.47 | D51: 35 | E51: 652.4 | F51: 1000 | G51: =(E51*F51*273.15)/((D51+273.15)*760) -> 760.92069 | H51: =K51/100*G51 -> 549.38474 | I51: =(M51*G51)/100 -> 78.374831 | J51: =(L51*G51)/100 -> 25.871303 | K51: 72.2 | L51: 3.4 | M51: 10.3
B52: A3 | C52: 7 | D52: 35 | E52: 652.4 | F52: 300 | G52: =(E52*F52*273.15)/((D52+273.15)*760) -> 228.27621 | H52: =K52/100*G52 -> 164.81542 | I52: =(M52*G52)/100 -> 52.731804 | J52: =(L52*G52)/100 -> 10.044153 | K52: 72.2 | L52: 4.4 | M52: 23.1
A53: 38659 | B53: A1 | C53: 7.44 | D53: 35 | E53: 651.1 | F53: 1100 | G53: =(E53*F53*273.15)/((D53+273.15)*760) -> 835.34489 | H53: =K53/100*G53 -> 639.87419 | I53: =(M53*G53)/100 -> 138.66725 | J53: =(L53*G53)/100 -> 16.706898 | K53: 76.6 | L53: 2 | M53: 16.6
B54: A2 | C54: 7.43 | D54: 35 | E54: 651.1 | F54: 900 | G54: =(E54*F54*273.15)/((D54+273.15)*760) -> 683.464 | H54: =K54/100*G54 -> 527.63421 | I54: =(M54*G54)/100 -> 88.85032 | J54: =(L54*G54)/100 -> 18.453528 | K54: 77.2 | L54: 2.7 | M54: 13
B55: A3 | C55: 6.84 | D55: 35 | E55: 651.1 | F55: 400 | G55: =(E55*F55*273.15)/((D55+273.15)*760) -> 303.76178 | H55: =K55/100*G55 -> 175.57431 | I55: =(M55*G55)/100 -> 78.066777 | J55: =(L55*G55)/100 -> 12.757995 | K55: 57.8 | L55: 4.2 | M55: 25.7
A56: 38661 | B56: A1 | C56: 7.5 | D56: 35 | E56: 645 | F56: 950 | G56: =(E56*F56*273.15)/((D56+273.15)*760) -> 714.67528 | H56: =K56/100*G56 -> 547.44126 | I56: =(M56*G56)/100 -> 125.78285 | J56: =(L56*G56)/100 -> 12.14948 | K56: 76.6 | L56: 1.7 | M56: 17.6
B57: A2 | C57: 7.55 | D57: 35 | E57: 645 | F57: 400 | G57: =(E57*F57*273.15)/((D57+273.15)*760) -> 300.91591 | H57: =K57/100*G57 -> 205.22465 | I57: =(M57*G57)/100 -> 32.799834 | J57: =(L57*G57)/100 -> 15.045795 | K57: 68.2 | L57: 5 | M57: 10.9
B58: A3 | C58: 6.84 | D58: 35 | E58: 645 | F58: 400 | G58: =(E58*F58*273.15)/((D58+273.15)*760) -> 300.91591 | H58: =K58/100*G58 -> 88.770193 | I58: =(M58*G58)/100 -> 190.78069 | J58: =(L58*G58)/100 -> 22.267777 | K58: 29.5 | L58: 7.4 | M58: 63.4
A59: 38664 | B59: A1 | C59: 7.23 | D59: 35 | E59: 650 | F59: 600 | G59: =(E59*F59*273.15)/((D59+273.15)*760) -> 454.87288 | H59: =K59/100*G59 -> 296.57712 | I59: =(M59*G59)/100 -> 109.16949 | J59: =(L59*G59)/100 -> 13.646186 | K59: 65.2 | L59: 3 | M59: 24
B60: A2 | C60: 7.31 | D60: 35 | E60: 650 | F60: 200 | G60: =(E60*F60*273.15)/((D60+273.15)*760) -> 151.62429 | H60: =K60/100*G60 -> 113.71822 | I60: =(M60*G60)/100 -> 20.46928 | J60: =(L60*G60)/100 -> 5.0036017 | K60: 75 | L60: 3.3 | M60: 13.5
B61: A3 | C61: 6.66 | D61: 35 | E61: 650 | F61: 100 | G61: =(E61*F61*273.15)/((D61+273.15)*760) -> 75.812147 | H61: =K61/100*G61 -> 40.483687 | I61: =(M61*G61)/100 -> 23.956639 | J61: =(L61*G61)/100 -> 3.2599223 | K61: 53.4 | L61: 4.3 | M61: 31.6
A62: 38666 | B62: A1 | C62: 7.36 | D62: 35 | E62: 646.2 | F62: 300 | G62: =(E62*F62*273.15)/((D62+273.15)*760) -> 226.10681 | H62: =K62/100*G62 -> 151.03935 | I62: =(M62*G62)/100 -> 51.326247 | J62: =(L62*G62)/100 -> 6.7832044 | K62: 66.8 | L62: 3 | M62: 22.7
B63: A2 | C63: 7.36 | D63: 35 | E63: 646.2 | F63: 200 | G63: =(E63*F63*273.15)/((D63+273.15)*760) -> 150.73788 | H63: =K63/100*G63 -> 105.81799 | I63: =(M63*G63)/100 -> 19.14371 | J63: =(L63*G63)/100 -> 6.7832044 | K63: 70.2 | L63: 4.5 | M63: 12.7
B64: A3 | C64: 6.5 | D64: 35 | E64: 646.2 | F64: 400 | G64: =(E64*F64*273.15)/((D64+273.15)*760) -> 301.47575 | H64: =K64/100*G64 -> 153.75263 | I64: =(M64*G64)/100 -> 100.08995 | J64: =(L64*G64)/100 -> 13.867885 | K64: 51 | L64: 4.6 | M64: 33.2
A65: 38668 | B65: A1 | C65: 7.2 | D65: 35 | E65: 639.74 | F65: 300 | G65: =(E65*F65*273.15)/((D65+273.15)*760) -> 223.84644 | H65: =K65/100*G65 -> 147.06711 | I65: =(M65*G65)/100 -> 46.783907 | J65: =(L65*G65)/100 -> 8.5061649 | K65: 65.7 | L65: 3.8 | M65: 20.9
B66: A2 | C66: 7.13 | D66: 35 | E66: 639.74 | F66: 400 | G66: =(E66*F66*273.15)/((D66+273.15)*760) -> 298.46193 | H66: =K66/100*G66 -> 217.87721 | I66: =(M66*G66)/100 -> 45.366213 | J66: =(L66*G66)/100 -> 10.446167 | K66: 73 | L66: 3.5 | M66: 15.2
B67: A3 | C67: 6.33 | D67: 35 | E67: 639.74 | F67: 100 | G67: =(E67*F67*273.15)/((D67+273.15)*760) -> 74.615482 | H67: =K67/100*G67 -> 38.80005 | I67: =(M67*G67)/100 -> 23.354646 | J67: =(L67*G67)/100 -> 3.5815431 | K67: 52 | L67: 4.8 | M67: 31.3
A68: 38671 | B68: A1 | C68: 7.09 | D68: 35 | E68: 653.6 | F68: 500 | G68: =(E68*F68*273.15)/((D68+273.15)*760) -> 381.16015 | H68: =K68/100*G68 -> 254.61498 | I68: =(M68*G68)/100 -> 96.433518 | J68: =(L68*G68)/100 -> 17.152207 | K68: 66.8 | L68: 4.5 | M68: 25.3
B69: A2 | C69: 7.01 | D69: 35 | E69: 653.6 | F69: 300 | G69: =(E69*F69*273.15)/((D69+273.15)*760) -> 228.69609 | H69: =K69/100*G69 -> 179.06904 | I69: =(M69*G69)/100 -> 56.030542 | J69: =(L69*G69)/100 -> 6.6321866 | K69: 78.3 | L69: 2.9 | M69: 24.5
B70: A3 | C70: 6.03 | D70: 35 | E70: 653.6 | F70: 300 | G70: =(E70*F70*273.15)/((D70+273.15)*760) -> 228.69609 | H70: =K70/100*G70 -> 126.01155 | I70: =(M70*G70)/100 -> 59.689679 | J70: =(L70*G70)/100 -> 9.6052358 | K70: 55.1 | L70: 4.2 | M70: 26.1
A71: 38673 | B71: A1 | C71: 7 | D71: 35 | E71: 645.1 | F71: 950 | G71: =(E71*F71*273.15)/((D71+273.15)*760) -> 714.78608 | H71: =K71/100*G71 -> 403.85414 | I71: =(M71*G71)/100 -> 168.68952 | J71: =(L71*G71)/100 -> 142.95722 | K71: 56.5 | L71: 20 | M71: 23.6
B72: A2 | C72: 7.05 | D72: 35 | E72: 645.1 | F72: 100 | G72: =(E72*F72*273.15)/((D72+273.15)*760) -> 75.24064 | H72: =K72/100*G72 -> 57.55909 | I72: =(M72*G72)/100 -> 14.220481 | J72: =(L72*G72)/100 -> 3.5363101 | K72: 76.5 | L72: 4.7 | M72: 18.9
B73: A3 | C73: 6.04 | D73: 35 | E73: 645.1 | F73: 300 | G73: =(E73*F73*273.15)/((D73+273.15)*760) -> 225.72192 | H73: =K73/100*G73 -> 123.01845 | I73: =(M73*G73)/100 -> 83.517111 | J73: =(L73*G73)/100 -> 19.186363 | K73: 54.5 | L73: 8.5 | M73: 37
A74: 38675 | B74: A1 | C74: 7.21 | D74: 35 | E74: 644.47 | F74: 300 | G74: =(E74*F74*273.15)/((D74+273.15)*760) -> 225.50148 | H74: =K74/100*G74 -> 110.72123 | I74: =(M74*G74)/100 -> 51.414338 | J74: =(L74*G74)/100 -> 16.236107 | K74: 49.1 | L74: 7.2 | M74: 22.8
B75: A2 | C75: 7.19 | D75: 35 | E75: 644.47 | F75: 100 | G75: =(E75*F75*273.15)/((D75+273.15)*760) -> 75.167161 | H75: =K75/100*G75 -> 52.316344 | I75: =(M75*G75)/100 -> 13.75559 | J75: =(L75*G75)/100 -> 9.0952265 | K75: 69.6 | L75: 12.1 | M75: 18.3
B76: A3 | C76: 6.15 | D76: 35 | E76: 644.47 | F76: 400 | G76: =(E76*F76*273.15)/((D76+273.15)*760) -> 300.66864 | H76: =K76/100*G76 -> 133.79755 | I76: =(M76*G76)/100 -> 100.12266 | J76: =(L76*G76)/100 -> 67.650445 | K76: 44.5 | L76: 22.5 | M76: 33.3
A77: 38677 | B77: A1 | C77: 7.24 | D77: 35 | E77: 643.87 | F77: 200 | G77: =(E77*F77*273.15)/((D77+273.15)*760) -> 150.19436 | H77: =K77/100*G77 -> 104.53528 | I77: =(M77*G77)/100 -> 34.995286 | J77: =(L77*G77)/100 -> 10.6638 | K77: 69.6 | L77: 7.1 | M77: 23.3
B78: A2 | C78: 7.23 | D78: 35 | E78: 643.87 | F78: 200 | G78: =(E78*F78*273.15)/((D78+273.15)*760) -> 150.19436 | H78: =K78/100*G78 -> 108.29013 | I78: =(M78*G78)/100 -> 24.932264 | J78: =(L78*G78)/100 -> 15.470019 | K78: 72.1 | L78: 10.3 | M78: 16.6
B79: A3 | C79: 6.02 | D79: 35 | E79: 643.87 | F79: 0 | G79: =(E79*F79*273.15)/((D79+273.15)*760) -> 0 | H79: =K79/100*G79 -> 0 | I79: =(M79*G79)/100 -> 0 | J79: =(L79*G79)/100 -> 0 | K79: 38.6 | L79: 17.2 | M79: 44.1
A80: 38680 | B80: A1 | C80: 7.21 | D80: 35 | E80: 654.21 | F80: 375 | G80: =(E80*F80*273.15)/((D80+273.15)*760) -> 286.13691 | H80: =K80/100*G80 -> 184.27217 | I80: =(M80*G80)/100 -> 75.826282 | J80: =(L80*G80)/100 -> 26.038459 | K80: 64.4 | L80: 9.1 | M80: 26.5
B81: A2 | C81: 7.23 | D81: 35 | E81: 654.21 | F81: 167 | G81: =(E81*F81*273.15)/((D81+273.15)*760) -> 127.4263 | H81: =K81/100*G81 -> 82.189967 | I81: =(M81*G81)/100 -> 21.152767 | J81: =(L81*G81)/100 -> 23.573866 | K81: 64.5 | L81: 18.5 | M81: 16.6
B82: A3 | C82: 6.03 | D82: 35 | E82: 654.21 | F82: 250 | G82: =(E82*F82*273.15)/((D82+273.15)*760) -> 190.75794 | H82: =K82/100*G82 -> 68.482101 | I82: =(M82*G82)/100 -> 67.337553 | J82: =(L82*G82)/100 -> 55.129045 | K82: 35.9 | L82: 28.9 | M82: 35.3
A83: 38683 | B83: A1 | C83: 7.21 | D83: 35 | E83: 644.6 | F83: 400 | G83: =(E83*F83*273.15)/((D83+273.15)*760) -> 300.72929 | H83: =K83/100*G83 -> 181.03903 | I83: =(M83*G83)/100 -> 80.89618 | J83: =(L83*G83)/100 -> 38.493349 | K83: 60.2 | L83: 12.8 | M83: 26.9
B84: A2 | C84: 7.15 | D84: 35 | E84: 644.6 | F84: 310 | G84: =(E84*F84*273.15)/((D84+273.15)*760) -> 233.0652 | H84: =K84/100*G84 -> 155.92062 | I84: =(M84*G84)/100 -> 50.342084 | J84: =(L84*G84)/100 -> 26.336368 | K84: 66.9 | L84: 11.3 | M84: 21.6
B85: A3 | C85: 5.88 | D85: 35 | E85: 644.6 | F85: 400 | G85: =(E85*F85*273.15)/((D85+273.15)*760) -> 300.72929 | H85: =K85/100*G85 -> 100.44358 | I85: =(M85*G85)/100 -> 131.71943 | J85: =(L85*G85)/100 -> 69.167737 | K85: 33.4 | L85: 23 | M85: 43.8
A86: 38687 | B86: A1 | C86: 7.54 | D86: 35 | E86: 658 | F86: 400 | G86: =(E86*F86*273.15)/((D86+273.15)*760) -> 306.98088 | H86: =K86/100*G86 -> 152.87648 | I86: =(M86*G86)/100 -> 56.791463 | J86: =(L86*G86)/100 -> 23.944509 | K86: 49.8 | L86: 7.8 | M86: 18.5
B87: A2 | C87: 7.13 | D87: 35 | E87: 658 | F87: 500 | G87: =(E87*F87*273.15)/((D87+273.15)*760) -> 383.7261 | H87: =K87/100*G87 -> 187.25834 | I87: =(M87*G87)/100 -> 112.43175 | J87: =(L87*G87)/100 -> 21.872388 | K87: 48.8 | L87: 5.7 | M87: 29.3
B88: A3 | C88: 5.76 | D88: 35 | E88: 658 | F88: 500 | G88: =(E88*F88*273.15)/((D88+273.15)*760) -> 383.7261 | H88: =K88/100*G88 -> 62.93108 | I88: =(M88*G88)/100 -> 100.91996 | J88: =(L88*G88)/100 -> 48.733215 | K88: 16.4 | L88: 12.7 | M88: 26.3
A89: 38689 | B89: A1 | C89: 7.27 | D89: 35 | E89: 647.16 | F89: 600 | G89: =(E89*F89*273.15)/((D89+273.15)*760) -> 452.88544 | H89: =K89/100*G89 -> 245.01102 | I89: =(M89*G89)/100 -> 131.33678 | J89: =(L89*G89)/100 -> 20.379845 | K89: 54.1 | L89: 4.5 | M89: 29
B90: A2 | C90: 7.24 | D90: 35 | E90: 647.16 | F90: 300 | G90: =(E90*F90*273.15)/((D90+273.15)*760) -> 226.44272 | H90: =K90/100*G90 -> 133.82765 | I90: =(M90*G90)/100 -> 59.554435 | J90: =(L90*G90)/100 -> 8.8312661 | K90: 59.1 | L90: 3.9 | M90: 26.3
B91: A3 | C91: 5.47 | D91: 35 | E91: 647.16 | F91: 300 | G91: =(E91*F91*273.15)/((D91+273.15)*760) -> 226.44272 | H91: =K91/100*G91 -> 39.853919 | I91: =(M91*G91)/100 -> 51.855383 | J91: =(L91*G91)/100 -> 29.663996 | K91: 17.6 | L91: 13.1 | M91: 22.9
A92: 38692 | B92: A1 | C92: 7.21 | D92: 35 | E92: 636.94 | F92: 400 | G92: =(E92*F92*273.15)/((D92+273.15)*760) -> 297.15562 | H92: =K92/100*G92 -> 148.87497 | I92: =(M92*G92)/100 -> 94.495489 | J92: =(L92*G92)/100 -> 15.452092 | K92: 50.1 | L92: 5.2 | M92: 31.8
B93: A2 | C93: 7.15 | D93: 35 | E93: 636.94 | F93: 200 | G93: =(E93*F93*273.15)/((D93+273.15)*760) -> 148.57781 | H93: =K93/100*G93 -> 89.740999 | I93: =(M93*G93)/100 -> 34.321475 | J93: =(L93*G93)/100 -> 8.7660909 | K93: 60.4 | L93: 5.9 | M93: 23.1
B94: A3 | C94: 5.42 | D94: 35 | E94: 636.94 | F94: 300 | G94: =(E94*F94*273.15)/((D94+273.15)*760) -> 222.86672 | H94: =K94/100*G94 -> 58.39108 | I94: =(M94*G94)/100 -> 106.08456 | J94: =(L94*G94)/100 -> 27.635473 | K94: 26.2 | L94: 12.4 | M94: 47.6
A95: 38696 | B95: A1 | C95: 7.17 | D95: 35 | E95: 646 | F95: 400 | G95: =(E95*F95*273.15)/((D95+273.15)*760) -> 301.38244 | H95: =K95/100*G95 -> 181.13085 | I95: =(M95*G95)/100 -> 62.084783 | J95: =(L95*G95)/100 -> 16.576034 | K95: 60.1 | L95: 5.5 | M95: 20.6
B96: A2 | C96: 7.08 | D96: 35 | E96: 646 | F96: 300 | G96: =(E96*F96*273.15)/((D96+273.15)*760) -> 226.03683 | H96: =K96/100*G96 -> 136.75228 | I96: =(M96*G96)/100 -> 52.892619 | J96: =(L96*G96)/100 -> 9.9456206 | K96: 60.5 | L96: 4.4 | M96: 23.4
B97: A3 | C97: 5.17 | D97: 35 | E97: 646 | F97: 300 | G97: =(E97*F97*273.15)/((D97+273.15)*760) -> 226.03683 | H97: =K97/100*G97 -> 71.653676 | I97: =(M97*G97)/100 -> 88.832475 | J97: =(L97*G97)/100 -> 14.692394 | K97: 31.7 | L97: 6.5 | M97: 39.3
A98: 38699 | B98: A1 | C98: 7.26 | D98: 35 | E98: 647.6 | F98: 300 | G98: =(E98*F98*273.15)/((D98+273.15)*760) -> 226.59668 | H98: =K98/100*G98 -> 127.57393 | I98: =(M98*G98)/100 -> 61.181103 | J98: =(L98*G98)/100 -> 9.9702538 | K98: 56.3 | L98: 4.4 | M98: 27
B99: A2 | C99: 7.31 | D99: 35 | E99: 647.6 | F99: 200 | G99: =(E99*F99*273.15)/((D99+273.15)*760) -> 151.06445 | H99: =K99/100*G99 -> 90.185477 | I99: =(M99*G99)/100 -> 27.040537 | J99: =(L99*G99)/100 -> 9.5170604 | K99: 59.7 | L99: 6.3 | M99: 17.9
B100: A3 | C100: 5 | D100: 35 | E100: 647.6 | F100: 300 | G100: =(E100*F100*273.15)/((D100+273.15)*760) -> 226.59668 | H100: =K100/100*G100 -> 73.870516 | I100: =(M100*G100)/100 -> 58.235346 | J100: =(L100*G100)/100 -> 20.846894 | K100: 32.6 | L100: 9.2 | M100: 25.7
...

Sheet MassBVs (R1)
A1: Date | B1: Reactor | C1: TS fed in (g) | D1: VS fed in (g) | E1: Vsin (mg) | F1: Vsin, mg/L | G1: Vsout (mg/L) | H1: Vsout, mg | I1: Vsleft in rxter (mg) | J1: Volatile solids in reactor,mg | K1: End of day VS, mg | L1: ∆VS | M1: sum VS, mg | N1: CH4 | O1: CH4, L | P1: sum CH4, ml | Q1: ml/gVS | R1: ft3/lb vs
A2: 38647 | B2: R1 | C2: 1 | D2: =C2*0.7 -> 0.7 | E2: =D2*1000 -> 700 | F2: =E2*1000/200 -> 3500 | G2: =VS!I22 -> 11952.191 | H2: =G2*0.2 -> 2390.4382 | I2: =G2*1.8 -> 21513.944 | J2: =I2+E2 -> 22213.944 | K2: =G2*2 -> 23904.382 | N2: =gas!H31 -> 237.91335 | P2: 0
A3: 38649 | B3: R1 | C3: 1 | D3: =C3*0.7 -> 0.7 | E3: =D3*1000 -> 700 | F3: =E3*1000/200 -> 3500 | G3: =VS!I24 -> 10062.893 | H3: =G3*0.2 -> 2012.5786 | I3: =G3*1.8 -> 18113.208 | J3: =I3+E3 -> 18813.208 | K3: =G3*2 -> 20125.786 | L3: =J2-K3 -> 2088.1581 | M3: =L3 -> 2088.1581 | N3: =gas!H35 -> 319.43867 | O3: =N3/1000 -> 0.31943867 | P3: =N3 -> 319.43867 | Q3: =P3/(M3/1000) -> 152.97629 | R3: =Q3/62.4 -> 2.4515431
A4: 38651 | B4: R1 | C4: 1 | D4: =C4*0.7 -> 0.7 | E4: =D4*1000 -> 700 | F4: =E4*1000/200 -> 3500 | G4: =VS!I27 -> 7869.8846 | H4: =G4*0.2 -> 1573.9769 | I4: =G4*1.8 -> 14165.792 | J4: =I4+E4 -> 14865.792 | K4: =G4*2 -> 15739.769 | L4: =J3-K4 -> 3073.4384 | M4: =M3+L4 -> 5161.5965 | N4: =gas!H38 -> 282.84388 | O4: =N4/1000 -> 0.28284388 | P4: =P3+N4 -> 602.28254 | Q4: =P4/(M4/1000) -> 116.68532 | R4: =Q4/62.4 -> 1.8699571
A5: 38657 | B5: R1 | C5: 1 | D5: =C5*0.7 -> 0.7 | E5: =D5*1000 -> 700 | F5: =E5*1000/200 -> 3500 | G5: =VS!I36 -> 5221.9321 | H5: =G5*0.2 -> 1044.3864 | I5: =G5*1.8 -> 9399.4778 | J5: =I5+E5 -> 10099.478 | K5: =G5*2 -> 10443.864 | L5: =J4-K5 -> 4421.928 | M5: =M4+L5 -> 9583.5245 | N5: =gas!H50 -> 604.32321 | O5: =N5/1000 -> 0.60432321 | P5: =P4+N5 -> 1206.6058 | Q5: =P5/(M5/1000) -> 125.90418 | R5: =Q5/62.4 -> 2.0176951
A6: 38659 | B6: R1 | C6: 1 | D6: =C6*0.7 -> 0.7 | E6: =D6*1000 -> 700 | F6: =E6*1000/200 -> 3500 | G6: =VS!I39 -> 7054.6737 | H6: =G6*0.2 -> 1410.9347 | I6: =G6*1.8 -> 12698.413 | J6: =I6+E6 -> 13398.413 | K6: =G6*2 -> 14109.347 | L6: =J5-K6 -> -4009.8696 | M6: =M5+L6 -> 5573.6548 | N6: =gas!H53 -> 639.87419 | O6: =N6/1000 -> 0.63987419 | P6: =P5+N6 -> 1846.4799 | Q6: =P6/(M6/1000) -> 331.2871 | R6: =Q6/62.4 -> 5.3090881
A7: 38661 | B7: R1 | C7: 1 | D7: =C7*0.7 -> 0.7 | E7: =D7*1000 -> 700 | F7: =E7*1000/200 -> 3500 | G7: =VS!I42 -> 5228.7582 | H7: =G7*0.2 -> 1045.7516 | I7: =G7*1.8 -> 9411.7647 | J7: =I7+E7 -> 10111.765 | K7: =G7*2 -> 10457.516 | L7: =J6-K7 -> 2940.8964 | M7: =M6+L7 -> 8514.5512 | N7: =gas!H56 -> 547.44126 | O7: =N7/1000 -> 0.54744126 | P7: =P6+N7 -> 2393.9212 | Q7: =P7/(M7/1000) -> 281.15648 | R7: =Q7/62.4 -> 4.5057128
A8: 38668 | B8: R1 | C8: 1 | D8: =C8*0.7 -> 0.7 | E8: =D8*1000 -> 700 | F8: =E8*1000/200 -> 3500 | G8: =VS!I48 -> 3787.8788 | H8: =G8*0.2 -> 757.57576 | I8: =G8*1.8 -> 6818.1818 | J8: =I8+E8 -> 7518.1818 | K8: =G8*2 -> 7575.7576 | L8: =J7-K8 -> 2536.0071 | M8: =M7+L8 -> 11050.558 | N8: =gas!H65 -> 147.06711 | O8: =N8/1000 -> 0.14706711 | P8: =P7+N8 -> 2540.9883 | Q8: =P8/(M8/1000) -> 229.94208 | R8: =Q8/62.4 -> 3.6849692
A9: 38671 | B9: R1 | C9: 1 | D9: =C9*0.7 -> 0.7 | E9: =D9*1000 -> 700 | F9: =E9*1000/200 -> 3500 | G9: =VS!I51 -> 7407.4074 | H9: =G9*0.2 -> 1481.4815 | I9: =G9*1.8 -> 13333.333 | J9: =I9+E9 -> 14033.333 | K9: =G9*2 -> 14814.815 | L9: =J8-K9 -> -7296.633 | M9: =M8+L9 -> 3753.9253 | N9: =gas!H68 -> 254.61498 | O9: =N9/1000 -> 0.25461498 | P9: =P8+N9 -> 2795.6033 | Q9: =P9/(M9/1000) -> 744.71468 | R9: =Q9/62.4 -> 11.93453
A10: 38673 | B10: R1 | C10: 1 | D10: =C10*0.7 -> 0.7 | E10: =D10*1000 -> 700 | F10: =E10*1000/200 -> 3500 | G10: =VS!I54 -> 4184.1004 | H10: =G10*0.2 -> 836.82008 | I10: =G10*1.8 -> 7531.3808 | J10: =I10+E10 -> 8231.3808 | K10: =G10*2 -> 8368.2008 | L10: =J9-K10 -> 5665.1325 | M10: =M9+L10 -> 9419.0578 | N10: =gas!H71 -> 403.85414 | O10: =N10/1000 -> 0.40385414 | P10: =P9+N10 -> 3199.4574 | Q10: =P10/(M10/1000) -> 339.67914 | R10: =Q10/62.4 -> 5.4435759
A11: 38675 | B11: R1 | C11: 1 | D11: =C11*0.7 -> 0.7 | E11: =D11*1000 -> 700 | F11: =E11*1000/200 -> 3500 | G11: =VS!I57 -> 5228.7582 | H11: =G11*0.2 -> 1045.7516 | I11: =G11*1.8 -> 9411.7647 | J11: =I11+E11 -> 10111.765 | K11: =G11*2 -> 10457.516 | L11: =J10-K11 -> -2226.1356 | M11: =M10+L11 -> 7192.9222 | N11: =gas!H74 -> 110.72123 | O11: =N11/1000 -> 0.11072123 | P11: =P10+N11 -> 3310.1787 | Q11: =P11/(M11/1000) -> 460.19942 | R11: =Q11/62.4 -> 7.3749908
A12: 38687 | B12: R1 | C12: 1 | D12: =C12*0.7 -> 0.7 | E12: =D12*1000 -> 700 | F12: =E12*1000/200 -> 3500 | G12: =VS!I60 -> 3865.9794 | H12: =G12*0.2 -> 773.19588 | I12: =G12*1.8 -> 6958.7629 | J12: =I12+E12 -> 7658.7629 | K12: =G12*2 -> 7731.9588 | L12: =J11-K12 -> 2379.8059 | M12: =M11+L12 -> 9572.7282 | N12: =gas!H86 -> 152.87648 | O12: =N12/1000 -> 0.15287648 | P12: =P11+N12 -> 3463.0551 | Q12: =P12/(M12/1000) -> 361.76261 | R12: =Q12/62.4 -> 5.7974778
A13: 38689 | B13: R1 | C13: 1 | D13: =C13*0.7 -> 0.7 | E13: =D13*1000 -> 700 | F13: =E13*1000/200 -> 3500 | G13: =VS!I63 -> 5056.89 | H13: =G13*0.2 -> 1011.378 | I13: =G13*1.8 -> 9102.402 | J13: =I13+E13 -> 9802.402 | K13: =G13*2 -> 10113.78 | L13: =J12-K13 -> -2455.0171 | M13: =M12+L13 -> 7117.711 | N13: =gas!H89 -> 245.01102 | O13: =N13/1000 -> 0.24501102 | P13: =P12+N13 -> 3708.0662 | Q13: =P13/(M13/1000) -> 520.96329 | R13: =Q13/62.4 -> 8.3487707
A14: 38692 | B14: R1 | C14: 2 | D14: =C14*0.7 -> 1.4 | E14: =D14*1000 -> 1400 | F14: =E14*1000/200 -> 7000 | G14: =VS!I66 -> 4418.2622 | H14: =G14*0.2 -> 883.65243 | I14: =G14*1.8 -> 7952.8719 | J14: =I14+E14 -> 9352.8719 | K14: =G14*2 -> 8836.5243 | L14: =J13-K14 -> 965.87772 | M14: =M13+L14 -> 8083.5888 | N14: =gas!H92 -> 148.87497 | O14: =N14/1000 -> 0.14887497 | P14: =P13+N14 -> 3856.9411 | Q14: =P14/(M14/1000) -> 477.13228 | R14: =Q14/62.4 -> 7.6463506
A15: 38696 | B15: R1 | C15: 1 | D15: =C15*0.7 -> 0.7 | E15: =D15*1000 -> 700 | F15: =E15*1000/200 -> 3500 | G15: =VS!I69 -> 4748.3381 | H15: =G15*0.2 -> 949.66762 | I15: =G15*1.8 -> 8547.0085 | J15: =I15+E15 -> 9247.0085 | K15: =G15*2 -> 9496.6762 | L15: =J14-K15 -> -143.80429 | M15: =M14+L15 -> 7939.7845 | N15: =gas!H95 -> 181.13085 | O15: =N15/1000 -> 0.18113085 | P15: =P14+N15 -> 4038.072 | Q15: =P15/(M15/1000) -> 508.5871 | R15: =Q15/62.4 -> 8.1504344
A16: 38699 | B16: R1 | C16: 1 | D16: =C16*0.7 -> 0.7 | E16: =D16*1000 -> 700 | F16: =E16*1000/200 -> 3500 | G16: =VS!I72 -> 4580.1527 | H16: =G16*0.2 -> 916.03053 | I16: =G16*1.8 -> 8244.2748 | J16: =I16+E16 -> 8944.2748 | K16: =G16*2 -> 9160.3053 | L16: =J15-K16 -> 86.703203 | M16: =M15+L16 -> 8026.4877 | N16: =gas!H98 -> 127.57393 | O16: =N16/1000 -> 0.12757393 | P16: =P15+N16 -> 4165.6459 | Q16: =P16/(M16/1000) -> 518.98739 | R16: =Q16/62.4 -> 8.3171057
A17: 38701 | B17: R1 | C17: 1 | D17: =C17*0.7 -> 0.7 | E17: =D17*1000 -> 700 | F17: =E17*1000/200 -> 3500 | G17: =VS!I78 -> 4815.4093 | H17: =G17*0.2 -> 963.08186 | I17: =G17*1.8 -> 8667.7368 | J17: =I17+E17 -> 9367.7368 | K17: =G17*2 -> 9630.8186 | L17: =J16-K17 -> -686.54381 | M17: =M16+L17 -> 7339.9439 | N17: =gas!H104 -> 121.94057 | O17: =N17/1000 -> 0.12194057 | P17: =P16+N17 -> 4287.5865 | Q17: =P17/(M17/1000) -> 584.14432 | R17: =Q17/62.4 -> 9.3612871
A18: 38720 | B18: R1 | C18: 4 | D18: =C18*0.7 -> 2.8 | E18: =D18*1000 -> 2800 | F18: =E18*1000/200 -> 14000 | G18: =VS!I81 -> 3508.7719 | H18: =G18*0.2 -> 701.75439 | I18: =G18*1.8 -> 6315.7895 | J18: =I18+E18 -> 9115.7895 | K18: =G18*2 -> 7017.5439 | L18: =J17-K18 -> 2350.1929 | M18: =M17+L18 -> 9690.1368 | N18: =gas!H113 -> 120.95607 | O18: =N18/1000 -> 0.12095607 | P18: =P17+N18 -> 4408.5426 | Q18: =P18/(M18/1000) -> 454.95153 | R18: =Q18/62.4 -> 7.2908899
A19: 38722 | B19: R1 | C19: 1 | D19: =C19*0.7 -> 0.7 | E19: =D19*1000 -> 700 | F19: =E19*1000/200 -> 3500 | G19: =VS!I84 -> 2257.3363 | H19: =G19*0.2 -> 451.46727 | I19: =G19*1.8 -> 4063.2054 | J19: =I19+E19 -> 4763.2054 | K19: =G19*2 -> 4514.6727 | L19: =J18-K19 -> 4601.1168 | M19: =M18+L19 -> 14291.254 | N19: =gas!H116 -> 112.74907 | O19: =N19/1000 -> 0.11274907 | P19: =P18+N19 -> 4521.2916 | Q19: =P19/(M19/1000) -> 316.36774 | R19: =Q19/62.4 -> 5.0699959
A20: 38724 | B20: R1 | C20: 1 | D20: =C20*0.7 -> 0.7 | E20: =D20*1000 -> 700 | F20: =E20*1000/200 -> 3500 | G20: =VS!I88 -> 2525.2525 | H20: =G20*0.2 -> 505.05051 | I20: =G20*1.8 -> 4545.4545 | J20: =I20+E20 -> 5245.4545 | K20: =G20*2 -> 5050.5051 | L20: =J19-K20 -> -287.29963 | M20: =M19+L20 -> 14003.954 | N20: =gas!H119 -> 92.84588 | O20: =N20/1000 -> 0.09284588 | P20: =P19+N20 -> 4614.1375 | Q20: =P20/(M20/1000) -> 329.4882 | R20: =Q20/62.4 -> 5.2802595
A21: 38727 | B21: R1 | C21: 1 | D21: =C21*0.7 -> 0.7 | E21: =D21*1000 -> 700 | F21: =E21*1000/200 -> 3500 | G21: =VS!I92 -> 4264.3923 | H21: =G21*0.2 -> 852.87846 | I21: =G21*1.8 -> 7675.9062 | J21: =I21+E21 -> 8375.9062 | K21: =G21*2 -> 8528.7846 | L21: =J20-K21 -> -3283.3301 | M21: =M20+L21 -> 10720.624 | N21: =gas!H122 -> 129.86452 | O21: =N21/1000 -> 0.12986452 | P21: =P20+N21 -> 4744.002 | Q21: =P21/(M21/1000) -> 442.51175 | R21: =Q21/62.4 -> 7.0915345
A22: 38729 | B22: R1 | C22: 1 | D22: =C22*0.7 -> 0.7 | E22: =D22*1000 -> 700 | F22: =E22*1000/200 -> 3500 | G22: =VS!I95 -> 4484.3049 | H22: =G22*0.2 -> 896.86099 | I22: =G22*1.8 -> 8071.7489 | J22: =I22+E22 -> 8771.7489 | K22: =G22*2 -> 8968.6099 | L22: =J21-K22 -> -592.70368 | M22: =M21+L22 -> 10127.92 | N22: =gas!H125 -> 113.61895 | O22: =N22/1000 -> 0.11361895 | P22: =P21+N22 -> 4857.621 | Q22: =P22/(M22/1000) -> 479.62671 | R22: =Q22/62.4 -> 7.6863254
A23: 38731 | B23: R1 | C23: 1 | D23: =C23*0.7 -> 0.7 | E23: =D23*1000 -> 700 | F23: =E23*1000/200 -> 3500 | G23: =VS!I98 -> 4373.1778 | H23: =G23*0.2 -> 874.63557 | I23: =G23*1.8 -> 7871.7201 | J23: =I23+E23 -> 8571.7201 | K23: =G23*2 -> 8746.3557 | L23: =J22-K23 -> 25.393194 | M23: =M22+L23 -> 10153.313 | N23: =gas!H128 -> 145.38394 | O23: =N23/1000 -> 0.14538394 | P23: =P22+N23 -> 5003.0049 | Q23: =P23/(M23/1000) -> 492.74604 | R23: =Q23/62.4 -> 7.8965711
A24: 38734 | B24: R1 | C24: 1 | D24: =C24*0.7 -> 0.7 | E24: =D24*1000 -> 700 | F24: =E24*1000/200 -> 3500 | G24: =VS!I101 -> 3929.2731 | H24: =G24*0.2 -> 785.85462 | I24: =G24*1.8 -> 7072.6916 | J24: =I24+E24 -> 7772.6916 | K24: =G24*2 -> 7858.5462 | L24: =J23-K24 -> 713.17395 | M24: =M23+L24 -> 10866.487 | N24: =gas!H131 -> 164.49256 | O24: =N24/1000 -> 0.16449256 | P24: =P23+N24 -> 5167.4975 | Q24: =P24/(M24/1000) -> 475.54443 | R24: =Q24/62.4 -> 7.6209043
A25: 38736 | B25: R1 | C25: 1 | D25: =C25*0.7 -> 0.7 | E25: =D25*1000 -> 700 | F25: =E25*1000/200 -> 3500 | G25: =VS!I104 -> 3154.5741 | H25: =G25*0.2 -> 630.91483 | I25: =G25*1.8 -> 5678.2334 | J25: =I25+E25 -> 6378.2334 | K25: =G25*2 -> 6309.1483 | L25: =J24-K25 -> 1463.5433 | M25: =M24+L25 -> 12330.031 | N25: =gas!H134 -> 138.10221 | O25: =N25/1000 -> 0.13810221 | P25: =P24+N25 -> 5305.5997 | Q25: =P25/(M25/1000) -> 430.29899 | R25: =Q25/62.4 -> 6.8958171
A26: 38738 | B26: R1 | C26: 1 | D26: =C26*0.7 -> 0.7 | E26: =D26*1000 -> 700 | F26: =E26*1000/200 -> 3500 | G26: =VS!I107 -> 3205.1282 | H26: =G26*0.2 -> 641.02564 | I26: =G26*1.8 -> 5769.2308 | J26: =I26+E26 -> 6469.2308 | K26: =G26*2 -> 6410.2564 | L26: =J25-K26 -> -32.022972 | M26: =M25+L26 -> 12298.008 | N26: =gas!H137 -> 151.18612 | O26: =N26/1000 -> 0.15118612 | P26: =P25+N26 -> 5456.7858 | Q26: =P26/(M26/1000) -> 443.713 | R26: =Q26/62.4 -> 7.1107852
A27: 38741 | B27: R1 | C27: 1 | D27: =C27*0.7 -> 0.7 | E27: =D27*1000 -> 700 | F27: =E27*1000/200 -> 3500 | G27: =VS!I110 -> 3027.2452 | H27: =G27*0.2 -> 605.44904 | I27: =G27*1.8 -> 5449.0414 | J27: =I27+E27 -> 6149.0414 | K27: =G27*2 -> 6054.4904 | L27: =J26-K27 -> 414.74036 | M27: =M26+L27 -> 12712.748 | N27: =gas!H140 -> 123.32944 | O27: =N27/1000 -> 0.12332944 | P27: =P26+N27 -> 5580.1152 | Q27: =P27/(M27/1000) -> 438.93856 | R27: =Q27/62.4 -> 7.0342718
A28: 38743 | B28: R1 | C28: 1 | D28: =C28*0.7 -> 0.7 | E28: =D28*1000 -> 700 | F28: =E28*1000/200 -> 3500 | G28: =VS!I113 -> 2127.6596 | H28: =G28*0.2 -> 425.53191 | I28: =G28*1.8 -> 3829.7872 | J28: =I28+E28 -> 4529.7872 | K28: =G28*2 -> 4255.3191 | L28: =J27-K28 -> 1893.7222 | M28: =M27+L28 -> 14606.47 | N28: =gas!H143 -> 145.82093 | O28: =N28/1000 -> 0.14582093 | P28: =P27+N28 -> 5725.9362 | Q28: =P28/(M28/1000) -> 392.01368 | R28: =Q28/62.4 -> 6.2822706
A29: 38745 | B29: R1 | C29: 1 | D29: =C29*0.7 -> 0.7 | E29: =D29*1000 -> 700 | F29: =E29*1000/200 -> 3500 | G29: =VS!I116 -> 2285.7143 | H29: =G29*0.2 -> 457.14286 | I29: =G29*1.8 -> 4114.2857 | J29: =I29+E29 -> 4814.2857 | K29: =G29*2 -> 4571.4286 | L29: =J28-K29 -> -41.641337 | M29: =M28+L29 -> 14564.829 | N29: =gas!H146 -> 125.48715 | O29: =N29/1000 -> 0.12548715 | P29: =P28+N29 -> 5851.4233 | Q29: =P29/(M29/1000) -> 401.75023 | R29: =Q29/62.4 -> 6.438305
A30: 38748 | B30: R1 | C30: 1 | D30: =C30*0.7 -> 0.7 | E30: =D30*1000 -> 700 | F30: =E30*1000/200 -> 3500 | G30: 2875.5265 | H30: =G30*0.2 -> 575.1053 | I30: =G30*1.8 -> 5175.9477 | J30: =I30+E30 -> 5875.9477 | K30: =G30*2 -> 5751.053 | L30: =J29-K30 -> -936.76724 | M30: =M29+L30 -> 13628.062 | N30: =gas!H148 -> 77.972754 | O30: =N30/1000 -> 0.077972754 | P30: =P29+N30 -> 5929.3961 | Q30: =P30/(M30/1000) -> 435.08727 | R30: =Q30/62.4 -> 6.9725524
A31: 38750 | B31: R1 | C31: 1 | D31: =C31*0.7 -> 0.7 | E31: =D31*1000 -> 700 | F31: =E31*1000/200 -> 3500 | G31: 2859.4979 | H31: =G31*0.2 -> 571.89958 | I31: =G31*1.8 -> 5147.0962 | J31: =I31+E31 -> 5847.0962 | K31: =G31*2 -> 5718.9958 | L31: =J30-K31 -> 156.95186 | M31: =M30+L31 -> 13785.013 | N31: =gas!H150 -> 82.928918 | O31: =N31/1000 -> 0.082928918 | P31: =P30+N31 -> 6012.325 | Q31: =P31/(M31/1000) -> 436.14937 | R31: =Q31/62.4 -> 6.9895733
A32: 38752 | B32: R1 | C32: 1 | D32: =C32*0.7 -> 0.7 | E32: =D32*1000 -> 700 | F32: =E32*1000/200 -> 3500 | G32: 3429.1038 | H32: =G32*0.2 -> 685.82075 | I32: =G32*1.8 -> 6172.3868 | J32: =I32+E32 -> 6872.3868 | K32: =G32*2 -> 6858.2075 | L32: =J31-K32 -> -1011.1113 | M32: =M31+L32 -> 12773.902 | N32: =gas!H152 -> 54.607046 | O32: =N32/1000 -> 0.054607046 | P32: =P31+N32 -> 6066.932 | Q32: =P32/(M32/1000) -> 474.94743 | R32: =Q32/62.4 -> 7.6113371
A33: 38755 | B33: R1 | C33: 1 | D33: =C33*0.7 -> 0.7 | E33: =D33*1000 -> 700 | F33: =E33*1000/200 -> 3500 | G33: 3418.1365 | H33: =G33*0.2 -> 683.6273 | I33: =G33*1.8 -> 6152.6457 | J33: =I33+E33 -> 6852.6457 | K33: =G33*2 -> 6836.273 | L33: =J32-K33 -> 36.113812 | M33: =M32+L33 -> 12810.016 | N33: =gas!H154 -> 113.27216 | O33: =N33/1000 -> 0.11327216 | P33: =P32+N33 -> 6180.2042 | Q33: =P33/(M33/1000) -> 482.45094 | R33: =Q33/62.4 -> 7.7315855
A34: 38757 | B34: R1 | C34: 1 | D34: =C34*0.7 -> 0.7 | E34: =D34*1000 -> 700 | F34: =E34*1000/200 -> 3500 | G34: 2490.9873 | H34: =G34*0.2 -> 498.19746 | I34: =G34*1.8 -> 4483.7771 | J34: =I34+E34 -> 5183.7771 | K34: =G34*2 -> 4981.9746 | L34: =J33-K34 -> 1870.6711 | M34: =M33+L34 -> 14680.687 | N34: =gas!H156 -> 85.86361 | O34: =N34/1000 -> 0.08586361 | P34: =P33+N34 -> 6266.0678 | Q34: =P34/(M34/1000) -> 426.82388 | R34: =Q34/62.4 -> 6.8401263
A35: 38759 | B35: R1 | C35: 1 | D35: =C35*0.7 -> 0.7 | E35: =D35*1000 -> 700 | F35: =E35*1000/200 -> 3500 | G35: 3185.8228 | H35: =G35*0.2 -> 637.16455 | I35: =G35*1.8 -> 5734.481 | J35: =I35+E35 -> 6434.481 | K35: =G35*2 -> 6371.6455 | L35: =J34-K35 -> -1187.8684 | M35: =M34+L35 -> 13492.819 | N35: =gas!H158 -> 83.703331 | O35: =N35/1000 -> 0.083703331 | P35: =P34+N35 -> 6349.7711 | Q35: =P35/(M35/1000) -> 470.60376 | R35: =Q35/62.4 -> 7.5417269
A36: 38762 | B36: R1 | C36: 1 | D36: =C36*0.7 -> 0.7 | E36: =D36*1000 -> 700 | F36: =E36*1000/200 -> 3500 | G36: =VS!I130 -> 3367.0034 | H36: =G36*0.2 -> 673.40067 | I36: =G36*1.8 -> 6060.6061 | J36: =I36+E36 -> 6760.6061 | K36: =G36*2 -> 6734.0067 | L36: =J35-K36 -> -299.52577 | M36: =M35+L36 -> 13193.293 | N36: =gas!H160 -> 101.80634 | O36: =N36/1000 -> 0.10180634 | P36: =P35+N36 -> 6451.5775 | Q36: =P36/(M36/1000) -> 489.00434 | R36: =Q36/62.4 -> 7.836608
A37: 38764 | B37: R1 | C37: 1 | D37: =C37*0.7 -> 0.7 | E37: =D37*1000 -> 700 | F37: =E37*1000/200 -> 3500 | G37: =VS!I132 -> 3257.329 | H37: =G37*0.2 -> 651.4658 | I37: =G37*1.8 -> 5863.1922 | J37: =I37+E37 -> 6563.1922 | K37: =G37*2 -> 6514.658 | L37: =J36-K37 -> 245.94808 | M37: =M36+L37 -> 13439.241 | N37: =gas!H162 -> 90.46648 | O37: =N37/1000 -> 0.09046648 | P37: =P36+N37 -> 6542.044 | Q37: =P37/(M37/1000) -> 486.78672 | R37: =Q37/62.4 -> 7.8010692
A38: 38766 | B38: R1 | C38: 1 | D38: =C38*0.7 -> 0.7 | E38: =D38*1000 -> 700 | F38: =E38*1000/200 -> 3500 | G38: =VS!I134 -> 2961.5005 | H38: =G38*0.2 -> 592.3001 | I38: =G38*1.8 -> 5330.7009 | J38: =I38+E38 -> 6030.7009 | K38: =G38*2 -> 5923.001 | L38: =J37-K38 -> 640.1912 | M38: =M37+L38 -> 14079.432 | N38: =gas!H164 -> 64.541966 | O38: =N38/1000 -> 0.064541966 | P38: =P37+N38 -> 6606.5859 | Q38: =P38/(M38/1000) -> 469.23667 | R38: =Q38/62.4 -> 7.5198185
A39: 38771 | B39: R1 | C39: 1 | D39: =C39*0.7 -> 0.7 | E39: =D39*1000 -> 700 | F39: =E39*1000/200 -> 3500 | G39: =VS!I136 -> 2406.7389 | H39: =G39*0.2 -> 481.34777 | I39: =G39*1.8 -> 4332.13 | J39: =I39+E39 -> 5032.13 | K39: =G39*2 -> 4813.4777 | L39: =J38-K39 -> 1217.2232 | M39: =M38+L39 -> 15296.655 | N39: =gas!H166 -> 82.62497 | O39: =N39/1000 -> 0.08262497 | P39: =P38+N39 -> 6689.2109 | Q39: =P39/(M39/1000) -> 437.29892 | R39: =Q39/62.4 -> 7.0079956
A40: 38773 | B40: R1 | C40: 1 | D40: =C40*0.7 -> 0.7 | E40: =D40*1000 -> 700 | F40: =E40*1000/200 -> 3500 | G40: =VS!I138 -> 2336.4486 | H40: =G40*0.2 -> 467.28972 | I40: =G40*1.8 -> 4205.6075 | J40: =I40+E40 -> 4905.6075 | K40: =G40*2 -> 4672.8972 | L40: =J39-K40 -> 359.23277 | M40: =M39+L40 -> 15655.888 | N40: =gas!H168 -> 89.674512 | O40: =N40/1000 -> 0.089674512 | P40: =P39+N40 -> 6778.8854 | Q40: =P40/(M40/1000) -> 432.99271 | R40: =Q40/62.4 -> 6.9389857
A41: 38776 | B41: R1 | C41: 1 | D41: =C41*0.7 -> 0.7 | E41: =D41*1000 -> 700 | F41: =E41*1000/200 -> 3500 | G41: =VS!I140 -> 2375.2969 | H41: =G41*0.2 -> 475.05938 | I41: =G41*1.8 -> 4275.5344 | J41: =I41+E41 -> 4975.5344 | K41: =G41*2 -> 4750.5938 | L41: =J40-K41 -> 155.01365 | M41: =M40+L41 -> 15810.902 | N41: =gas!H170 -> 115.36791 | O41: =N41/1000 -> 0.11536791 | P41: =P40+N41 -> 6894.2533 | Q41: =P41/(M41/1000) -> 436.04428 | R41: =Q41/62.4 -> 6.9878892
A42: 38778 | B42: R1 | C42: 1 | D42: =C42*0.7 -> 0.7 | E42: =D42*1000 -> 700 | F42: =E42*1000/200 -> 3500 | G42: =VS!I142 -> 3164.557 | H42: =G42*0.2 -> 632.91139 | I42: =G42*1.8 -> 5696.2025 | J42: =I42+E42 -> 6396.2025 | K42: =G42*2 -> 6329.1139 | L42: =J41-K42 -> -1353.5795 | M42: =M41+L42 -> 14457.322 | N42: =gas!H172 -> 118.3308 | O42: =N42/1000 -> 0.1183308 | P42: =P41+N42 -> 7012.5841 | Q42: =P42/(M42/1000) -> 485.05415 | R42: =Q42/62.4 -> 7.7733037
A43: 38780 | B43: R1 | C43: 1 | D43: =C43*0.7 -> 0.7 | E43: =D43*1000 -> 700 | F43: =E43*1000/200 -> 3500 | G43: =VS!I144 -> 2253.4607 | H43: =G43*0.2 -> 450.69213 | I43: =G43*1.8 -> 4056.2292 | J43: =I43+E43 -> 4756.2292 | K43: =G43*2 -> 4506.9213 | L43: =J42-K43 -> 1889.2812 | M43: =M42+L43 -> 16346.603 | N43: =gas!H174 -> 87.997446 | O43: =N43/1000 -> 0.087997446 | P43: =P42+N43 -> 7100.5816 | Q43: =P43/(M43/1000) -> 434.37657 | R43: =Q43/62.4 -> 6.961163
A44: 38783 | B44: R1 | C44: 1 | D44: =C44*0.7 -> 0.7 | E44: =D44*1000 -> 700 | F44: =E44*1000/200 -> 3500 | G44: =VS!I146 -> 2242.1525 | H44: =G44*0.2 -> 448.43049 | I44: =G44*1.8 -> 4035.8744 | J44: =I44+E44 -> 4735.8744 | K44: =G44*2 -> 4484.3049 | L44: =J43-K44 -> 271.92428 | M44: =M43+L44 -> 16618.528 | N44: =gas!H176 -> 70.284186 | O44: =N44/1000 -> 0.070284186 | P44: =P43+N44 -> 7170.8657 | Q44: =P44/(M44/1000) -> 431.49826 | R44: =Q44/62.4 -> 6.9150362
A45: 38785 | B45: R1 | C45: 1 | D45: =C45*0.7 -> 0.7 | E45: =D45*1000 -> 700 | F45: =E45*1000/200 -> 3500 | G45: =VS!I148 -> 1047.1204 | H45: =G45*0.2 -> 209.42408 | I45: =G45*1.8 -> 1884.8168 | J45: =I45+E45 -> 2584.8168 | K45: =G45*2 -> 2094.2408 | L45: =J44-K45 -> 2641.6336 | M45: =M44+L45 -> 19260.161 | N45: =gas!H178 -> 44.952698 | O45: =N45/1000 -> 0.044952698 | P45: =P44+N45 -> 7215.8184 | Q45: =P45/(M45/1000) -> 374.64995 | R45: =Q45/62.4 -> 6.0040056
A46: 38787 | B46: R1 | C46: 1 | D46: =C46*0.7 -> 0.7 | E46: =D46*1000 -> 700 | F46: =E46*1000/200 -> 3500 | G46: =VS!I150 -> 2049.1803 | H46: =G46*0.2 -> 409.83607 | I46: =G46*1.8 -> 3688.5246 | J46: =I46+E46 -> 4388.5246 | K46: =G46*2 -> 4098.3607 | L46: =J45-K46 -> -1513.5439 | M46: =M45+L46 -> 17746.617 | N46: =gas!H180 -> 132.23085 | O46: =N46/1000 -> 0.13223085 | P46: =P45+N46 -> 7348.0493 | Q46: =P46/(M46/1000) -> 414.05351 | R46: =Q46/62.4 -> 6.635473
A47: 38790 | B47: R1 | C47: 1 | D47: =C47*0.7 -> 0.7 | E47: =D47*1000 -> 700 | F47: =E47*1000/200 -> 3500 | G47: =VS!I152 -> 2207.5055 | H47: =G47*0.2 -> 441.5011 | I47: =G47*1.8 -> 3973.5099 | J47: =I47+E47 -> 4673.5099 | K47: =G47*2 -> 4415.011 | L47: =J46-K47 -> -26.486447 | M47: =M46+L47 -> 17720.131 | N47: =gas!H182 -> 132.52263 | O47: =N47/1000 -> 0.13252263 | P47: =P46+N47 -> 7480.5719 | Q47: =P47/(M47/1000) -> 422.15105 | R47: =Q47/62.4 -> 6.7652412
A48: 38793 | B48: R1 | C48: 1 | D48: =C48*0.7 -> 0.7 | E48: =D48*1000 -> 700 | F48: =E48*1000/200 -> 3500 | G48: =VS!I154 -> 3355.7047 | H48: =G48*0.2 -> 671.14094 | I48: =G48*1.8 -> 6040.2685 | J48: =I48+E48 -> 6740.2685 | K48: =G48*2 -> 6711.4094 | L48: =J47-K48 -> -2037.8995 | M48: =M47+L48 -> 15682.231 | N48: =gas!H184 -> 131.78158 | O48: =N48/1000 -> 0.13178158 | P48: =P47+N48 -> 7612.3535 | Q48: =P48/(M48/1000) -> 485.41265 | R48: =Q48/62.4 -> 7.7790488
A49: 38797 | B49: R1 | C49: 1 | D49: =C49*0.7 -> 0.7 | E49: =D49*1000 -> 700 | F49: =E49*1000/200 -> 3500 | G49: =VS!I156 -> 2350.1763 | H49: =G49*0.2 -> 470.03525 | I49: =G49*1.8 -> 4230.3173 | J49: =I49+E49 -> 4930.3173 | K49: =G49*2 -> 4700.3525 | L49: =J48-K49 -> 2039.9159 | M49: =M48+L49 -> 17722.147 | N49: =gas!H188 -> 91.863262 | O49: =N49/1000 -> 0.091863262 | P49: =P48+N49 -> 7704.2168 | Q49: =P49/(M49/1000) -> 434.72253 | R49: =Q49/62.4 -> 6.9667072
A50: 38799 | B50: R1 | C50: 1 | D50: =C50*0.7 -> 0.7 | E50: =D50*1000 -> 700 | F50: =E50*1000/200 -> 3500 | G50: =VS!I158 -> 2159.8272 | H50: =G50*0.2 -> 431.96544 | I50: =G50*1.8 -> 3887.689 | J50: =I50+E50 -> 4587.689 | K50: =G50*2 -> 4319.6544 | L50: =J49-K50 -> 610.66285 | M50: =M49+L50 -> 18332.81 | N50: =gas!H190 -> 96.238287 | O50: =N50/1000 -> 0.096238287 | P50: =P49+N50 -> 7800.455 | Q50: =P50/(M50/1000) -> 425.49151 | R50: =Q50/62.4 -> 6.8187741
A51: 38801 | B51: R1 | C51: 1 | D51: =C51*0.7 -> 0.7 | E51: =D51*1000 -> 700 | F51: =E51*1000/200 -> 3500 | G51: =VS!I160 -> 2100.8403 | H51: =G51*0.2 -> 420.16807 | I51: =G51*1.8 -> 3781.5126 | J51: =I51+E51 -> 4481.5126 | K51: =G51*2 -> 4201.6807 | L51: =J50-K51 -> 386.00831 | M51: =M50+L51 -> 18718.819 | N51: =gas!H192 -> 94.435702 | O51: =N51/1000 -> 0.094435702 | P51: =P50+N51 -> 7894.8907 | Q51: =P51/(M51/1000) -> 421.76223 | R51: =Q51/62.4 -> 6.7590102
A52: 38804 | B52: R1 | C52: 1.5 | D52: =C52*0.7 -> 1.05 | E52: =D52*1000 -> 1050 | F52: =E52*1000/200 -> 5250 | G52: =VS!I162 -> 2442.0024 | H52: =G52*0.2 -> 488.40049 | I52: =G52*1.8 -> 4395.6044 | J52: =I52+E52 -> 5445.6044 | K52: =G52*2 -> 4884.0049 | L52: =J51-K52 -> -402.49228 | M52: =M51+L52 -> 18316.326 | N52: =gas!H194 -> 98.190254 | O52: =N52/1000 -> 0.098190254 | P52: =P51+N52 -> 7993.081 | Q52: =P52/(M52/1000) -> 436.39106 | R52: =Q52/62.4 -> 6.9934464
A53: 38806 | B53: R1 | C53: 1.5 | D53: =C53*0.7 -> 1.05 | E53: =D53*1000 -> 1050 | F53: =E53*1000/200 -> 5250 | G53: =VS!I164 -> 1108.6475 | H53: =G53*0.2 -> 221.72949 | I53: =G53*1.8 -> 1995.5654 | J53: =I53+E53 -> 3045.5654 | K53: =G53*2 -> 2217.2949 | L53: =J52-K53 -> 3228.3095 | M53: =M52+L53 -> 21544.636 | N53: =gas!H196 -> 141.25391 | O53: =N53/1000 -> 0.14125391 | P53: =P52+N53 -> 8134.3349 | Q53: =P53/(M53/1000) -> 377.55732 | R53: =Q53/62.4 -> 6.050598
A54: 38808 | B54: R1 | C54: 1.5 | D54: =C54*0.7 -> 1.05 | E54: =D54*1000 -> 1050 | F54: =E54*1000/200 -> 5250 | G54: =VS!I166 -> 2207.5055 | H54: =G54*0.2 -> 441.5011 | I54: =G54*1.8 -> 3973.5099 | J54: =I54+E54 -> 5023.5099 | K54: =G54*2 -> 4415.011 | L54: =J53-K54 -> -1369.4456 | M54: =M53+L54 -> 20175.19 | N54: =gas!H198 -> 103.26961 | O54: =N54/1000 -> 0.10326961 | P54: =P53+N54 -> 8237.6045 | Q54: =P54/(M54/1000) -> 408.30369 | R54: =Q54/62.4 -> 6.5433283
A55: 38811 | B55: R1 | C55: 1.5 | D55: =C55*0.7 -> 1.05 | E55: =D55*1000 -> 1050 | F55: =E55*1000/200 -> 5250 | G55: =VS!I168 -> 2111.9324 | H55: =G55*0.2 -> 422.38648 | I55: =G55*1.8 -> 3801.4784 | J55: =I55+E55 -> 4851.4784 | K55: =G55*2 -> 4223.8648 | L55: =J54-K55 -> 799.6451 | M55: =M54+L55 -> 20974.835 | N55: =gas!H200 -> 193.32524 | O55: =N55/1000 -> 0.19332524 | P55: =P54+N55 -> 8430.9298 | Q55: =P55/(M55/1000) -> 401.95452 | R55: =Q55/62.4 -> 6.4415788
A56: 38813 | B56: R1 | C56: 1.5 | D56: =C56*0.7 -> 1.05 | E56: =D56*1000 -> 1050 | F56: =E56*1000/200 -> 5250 | G56: =VS!I170 -> 2317.4971 | H56: =G56*0.2 -> 463.49942 | I56: =G56*1.8 -> 4171.4948 | J56: =I56+E56 -> 5221.4948 | K56: =G56*2 -> 4634.9942 | L56: =J55-K56 -> 216.48415 | M56: =M55+L56 -> 21191.319 | N56: =gas!H202 -> 170.2923 | O56: =N56/1000 -> 0.1702923 | P56: =P55+N56 -> 8601.222 | Q56: =P56/(M56/1000) -> 405.88422 | R56: =Q56/62.4 -> 6.5045547
A57: 38815 | B57: R1 | C57: 1 | D57: =C57*0.7 -> 0.7 | E57: =D57*1000 -> 700 | F57: =E57*1000/200 -> 3500 | G57: =VS!I172 -> 3311.2583 | H57: =G57*0.2 -> 662.25166 | I57: =G57*1.8 -> 5960.2649 | J57: =I57+E57 -> 6660.2649 | K57: =G57*2 -> 6622.5166 | L57: =J56-K57 -> -1401.0218 | M57: =M56+L57 -> 19790.298 | N57: =gas!H204 -> 153.43909 | O57: =N57/1000 -> 0.15343909 | P57: =P56+N57 -> 8754.6611 | Q57: =P57/(M57/1000) -> 442.37137 | R57: =Q57/62.4 -> 7.0892848
A58: 38820 | B58: R1 | C58: 1.5 | D58: =C58*0.7 -> 1.05 | E58: =D58*1000 -> 1050 | F58: =E58*1000/200 -> 5250 | G58: =VS!I174 -> 3816.7939 | H58: =G58*0.2 -> 763.35878 | I58: =G58*1.8 -> 6870.229 | J58: =I58+E58 -> 7920.229 | K58: =G58*2 -> 7633.5878 | L58: =J57-K58 -> -973.32289 | M58: =M57+L58 -> 18816.975 | N58: =gas!H206 -> 182.56474 | O58: =N58/1000 -> 0.18256474 | P58: =P57+N58 -> 8937.2259 | Q58: =P58/(M58/1000) -> 474.95551 | R58: =Q58/62.4 -> 7.6114665
A59: 38822 | B59: R1 | C59: 1.5 | D59: =C59*0.7 -> 1.05 | E59: =D59*1000 -> 1050 | F59: =E59*1000/200 -> 5250 | G59: =VS!I176 -> 2926.8293 | H59: =G59*0.2 -> 585.36585 | I59: =G59*1.8 -> 5268.2927 | J59: =I59+E59 -> 6318.2927 | K59: =G59*2 -> 5853.6585 | L59: =J58-K59 -> 2066.5705 | M59: =M58+L59 -> 20883.545 | N59: =gas!H208 -> 43.084818 | O59: =N59/1000 -> 0.043084818 | P59: =P58+N59 -> 8980.3107 | Q59: =P59/(M59/1000) -> 430.0185 | R59: =Q59/62.4 -> 6.891322
A60: 38825 | B60: R1 | C60: 1.5 | D60: =C60*0.7 -> 1.05 | E60: =D60*1000 -> 1050 | F60: =E60*1000/200 -> 5250 | G60: =VS!I178 -> 2016.129 | H60: =G60*0.2 -> 403.22581 | I60: =G60*1.8 -> 3629.0323 | J60: =I60+E60 -> 4679.0323 | K60: =G60*2 -> 4032.2581 | L60: =J59-K60 -> 2286.0346 | M60: =M59+L60 -> 23169.58 | N60: =gas!H210 -> 131.1999 | O60: =N60/1000 -> 0.1311999 | P60: =P59+N60 -> 9111.5106 | Q60: =P60/(M60/1000) -> 393.25316 | R60: =Q60/62.4 -> 6.302134
A61: 38827 | B61: R1 | C61: 1.5 | D61: =C61*0.7 -> 1.05 | E61: =D61*1000 -> 1050 | F61: =E61*1000/200 -> 5250 | G61: =VS!I180 -> 2401.2224 | H61: =G61*0.2 -> 480.24449 | I61: =G61*1.8 -> 4322.2004 | J61: =I61+E61 -> 5372.2004 | K61: =G61*2 -> 4802.4449 | L61: =J60-K61 -> -123.41262 | M61: =M60+L61 -> 23046.167 | N61: =gas!H212 -> 62.399742 | O61: =N61/1000 -> 0.062399742 | P61: =P60+N61 -> 9173.9103 | Q61: =P61/(M61/1000) -> 398.06664 | R61: =Q61/62.4 -> 6.3792731
A62: 38829 | B62: R1 | C62: 1.5 | D62: =C62*0.7 -> 1.05 | E62: =D62*1000 -> 1050 | F62: =E62*1000/200 -> 5250 | G62: =VS!I182 -> 1359.3113 | H62: =G62*0.2 -> 271.86226 | I62: =G62*1.8 -> 2446.7603 | J62: =I62+E62 -> 3496.7603 | K62: =G62*2 -> 2718.6226 | L62: =J61-K62 -> 2653.5778 | M62: =M61+L62 -> 25699.745 | N62: =gas!H214 -> 63.171766 | O62: =N62/1000 -> 0.063171766 | P62: =P61+N62 -> 9237.0821 | Q62: =P62/(M62/1000) -> 359.4231 | R62: =Q62/62.4 -> 5.7599856
A63: 38832 | B63: R1 | C63: 1.5 | D63: =C63*0.7 -> 1.05 | E63: =D63*1000 -> 1050 | F63: =E63*1000/200 -> 5250 | G63: =VS!I184 -> 2269.8899 | H63: =G63*0.2 -> 453.97798 | I63: =G63*1.8 -> 4085.8018 | J63: =I63+E63 -> 5135.8018 | K63: =G63*2 -> 4539.7798 | L63: =J62-K63 -> -1043.0195 | M63: =M62+L63 -> 24656.726 | N63: =gas!H216 -> 109.13784 | O63: =N63/1000 -> 0.10913784 | P63: =P62+N63 -> 9346.2199 | Q63: =P63/(M63/1000) -> 379.05357 | R63: =Q63/62.4 -> 6.0745765
A64: 38834 | B64: R1 | C64: 1.5 | D64: =C64*0.7 -> 1.05 | E64: =D64*1000 -> 1050 | F64: =E64*1000/200 -> 5250 | G64: =VS!I186 -> 2375.579 | H64: =G64*0.2 -> 475.11581 | I64: =G64*1.8 -> 4276.0423 | J64: =I64+E64 -> 5326.0423 | K64: =G64*2 -> 4751.1581 | L64: =J63-K64 -> 384.64374 | M64: =M63+L64 -> 25041.369 | N64: =gas!H218 -> 131.46246 | O64: =N64/1000 -> 0.13146246 | P64: =P63+N64 -> 9477.6824 | Q64: =P64/(M64/1000) -> 378.481 | R64: =Q64/62.4 -> 6.0654006
A65: 38836 | B65: R1 | C65: 1.5 | D65: =C65*0.7 -> 1.05 | E65: =D65*1000 -> 1050 | F65: =E65*1000/200 -> 5250 | G65: =VS!I188 -> 1807.297 | H65: =G65*0.2 -> 361.45939 | I65: =G65*1.8 -> 3253.1345 | J65: =I65+E65 -> 4303.1345 | K65: =G65*2 -> 3614.5939 | L65: =J64-K65 -> 1711.4484 | M65: =M64+L65 -> 26752.818 | N65: =gas!H220 -> 94.28885 | O65: =N65/1000 -> 0.09428885 | P65: =P64+N65 -> 9571.9713 | Q65: =P65/(M65/1000) -> 357.79301 | R65: =Q65/62.4 -> 5.7338624
A66: 38839 | B66: R1 | C66: 1.5 | D66: =C66*0.7 -> 1.05 | E66: =D66*1000 -> 1050 | F66: =E66*1000/200 -> 5250 | G66: =VS!I190 -> 2695.6973 | H66: =G66*0.2 -> 539.13945 | I66: =G66*1.8 -> 4852.2551 | J66: =I66+E66 -> 5902.2551 | K66: =G66*2 -> 5391.3945 | L66: =J65-K66 -> -1088.26 | M66: =M65+L66 -> 25664.558 | N66: =gas!H222 -> 185.40507 | O66: =N66/1000 -> 0.18540507 | P66: =P65+N66 -> 9757.3763 | Q66: =P66/(M66/1000) -> 380.18876 | R66: =Q66/62.4 -> 6.0927686
A67: 38841 | B67: R1 | C67: 1.5 | D67: =C67*0.7 -> 1.05 | E67: =D67*1000 -> 1050 | F67: =E67*1000/200 -> 5250 | G67: =VS!I192 -> 3403.2898 | H67: =G67*0.2 -> 680.65797 | I67: =G67*1.8 -> 6125.9217 | J67: =I67+E67 -> 7175.9217 | K67: =G67*2 -> 6806.5797 | L67: =J66-K67 -> -904.32464 | M67: =M66+L67 -> 24760.233 | N67: =gas!H224 -> 137.39805 | O67: =N67/1000 -> 0.13739805 | P67: =P66+N67 -> 9894.7744 | Q67: =P67/(M67/1000) -> 399.62364 | R67: =Q67/62.4 -> 6.404225
A68: 38846 | B68: R1 | C68: 1.5 | D68: =C68*0.7 -> 1.05 | E68: =D68*1000 -> 1050 | F68: =E68*1000/200 -> 5250 | G68: =VS!I194 -> 2803.5368 | H68: =G68*0.2 -> 560.70735 | I68: =G68*1.8 -> 5046.3662 | J68: =I68+E68 -> 6096.3662 | K68: =G68*2 -> 5607.0735 | L68: =J67-K68 -> 1568.8482 | M68: =M67+L68 -> 26329.081 | N68: =gas!H226 -> 251.12783 | O68: =N68/1000 -> 0.25112783 | P68: =P67+N68 -> 10145.902 | Q68: =P68/(M68/1000) -> 385.34965 | R68: =Q68/62.4 -> 6.1754751
A69: 38848 | B69: R1 | C69: 1.5 | D69: =C69*0.7 -> 1.05 | E69: =D69*1000 -> 1050 | F69: =E69*1000/200 -> 5250 | G69: =VS!I196 -> 2879.4735 | H69: =G69*0.2 -> 575.89469 | I69: =G69*1.8 -> 5183.0522 | J69: =I69+E69 -> 6233.0522 | K69: =G69*2 -> 5758.9469 | L69: =J68-K69 -> 337.41925 | M69: =M68+L69 -> 26666.5 | N69: =gas!H228 -> 184.20758 | O69: =N69/1000 -> 0.18420758 | P69: =P68+N69 -> 10330.11 | Q69: =P69/(M69/1000) -> 387.38153 | R69: =Q69/62.4 -> 6.2080374
A70: 38850 | B70: R1 | C70: 2 | D70: =C70*0.7 -> 1.4 | E70: =D70*1000 -> 1400 | F70: =E70*1000/200 -> 7000 | G70: =VS!I198 -> 3272.6529 | H70: =G70*0.2 -> 654.53058 | I70: =G70*1.8 -> 5890.7752 | J70: =I70+E70 -> 7290.7752 | K70: =G70*2 -> 6545.3058 | L70: =J69-K70 -> -312.25355 | M70: =M69+L70 -> 26354.247 | N70: =gas!H230 -> 286.58071 | O70: =N70/1000 -> 0.28658071 | P70: =P69+N70 -> 10616.69 | Q70: =P70/(M70/1000) -> 402.84553 | R70: =Q70/62.4 -> 6.4558578
A71: 38853 | B71: R1 | C71: 2 | D71: =C71*0.7 -> 1.4 | E71: =D71*1000 -> 1400 | F71: =E71*1000/200 -> 7000 | G71: =VS!I200 -> 3587.9036 | H71: =G71*0.2 -> 717.58073 | I71: =G71*1.8 -> 6458.2266 | J71: =I71+E71 -> 7858.2266 | K71: =G71*2 -> 7175.8073 | L71: =J70-K71 -> 114.96793 | M71: =M70+L71 -> 26469.215 | N71: =gas!H232 -> 394.84395 | O71: =N71/1000 -> 0.39484395 | P71: =P70+N71 -> 11011.534 | Q71: =P71/(M71/1000) -> 416.01289 | R71: =Q71/62.4 -> 6.6668732
A72: 38855 | B72: R1 | C72: 2 | D72: =C72*0.7 -> 1.4 | E72: =D72*1000 -> 1400 | F72: =E72*1000/200 -> 7000 | G72: =VS!I202 -> 3200.1652 | H72: =G72*0.2 -> 640.03303 | I72: =G72*1.8 -> 5760.2973 | J72: =I72+E72 -> 7160.2973 | K72: =G72*2 -> 6400.3303 | L72: =J71-K72 -> 1457.8962 | M72: =M71+L72 -> 27927.111 | N72: =gas!H234 -> 276.18282 | O72: =N72/1000 -> 0.27618282 | P72: =P71+N72 -> 11287.717 | Q72: =P72/(M72/1000) -> 404.18492 | R72: =Q72/62.4 -> 6.4773225
A73: 38857 | B73: R1 | C73: 2 | D73: =C73*0.7 -> 1.4 | E73: =D73*1000 -> 1400 | F73: =E73*1000/200 -> 7000 | G73: =VS!I204 -> 3322.5936 | H73: =G73*0.2 -> 664.51873 | I73: =G73*1.8 -> 5980.6685 | J73: =I73+E73 -> 7380.6685 | K73: =G73*2 -> 6645.1873 | L73: =J72-K73 -> 515.11003 | M73: =M72+L73 -> 28442.221 | N73: =gas!H236 -> 238.34993 | O73: =N73/1000 -> 0.23834993 | P73: =P72+N73 -> 11526.067 | Q73: =P73/(M73/1000) -> 405.24498 | R73: =Q73/62.4 -> 6.4943105
A74: 38860 | B74: R1 | C74: 2 | D74: =C74*0.7 -> 1.4 | E74: =D74*1000 -> 1400 | F74: =E74*1000/200 -> 7000 | G74: =VS!I158 -> 2159.8272 | H74: =G74*0.2 -> 431.96544 | I74: =G74*1.8 -> 3887.689 | J74: =I74+E74 -> 5287.689 | K74: =G74*2 -> 4319.6544 | L74: =J73-K74 -> 3061.0141 | M74: =M73+L74 -> 31503.235 | N74: =gas!H238 -> 571.39195 | O74: =N74/1000 -> 0.57139195 | P74: =P73+N74 -> 12097.459 | Q74: =P74/(M74/1000) -> 384.00688 | R74: =Q74/62.4 -> 6.1539564
A75: 38862 | B75: R1 | C75: 2 | D75: =C75*0.7 -> 1.4 | E75: =D75*1000 -> 1400 | F75: =E75*1000/200 -> 7000 | G75: =VS!I160 -> 2100.8403 | H75: =G75*0.2 -> 420.16807 | I75: =G75*1.8 -> 3781.5126 | J75: =I75+E75 -> 5181.5126 | K75: =G75*2 -> 4201.6807 | L75: =J74-K75 -> 1086.0083 | M75: =M74+L75 -> 32589.244 | N75: =gas!H240 -> 474.2569 | O75: =N75/1000 -> 0.4742569 | P75: =P74+N75 -> 12571.716 | Q75: =P75/(M75/1000) -> 385.76274 | R75: =Q75/62.4 -> 6.1820953
A76: 38864 | B76: R1 | C76: 2 | D76: =C76*0.7 -> 1.4 | E76: =D76*1000 -> 1400 | F76: =E76*1000/200 -> 7000 | G76: =VS!I162 -> 2442.0024 | H76: =G76*0.2 -> 488.40049 | I76: =G76*1.8 -> 4395.6044 | J76: =I76+E76 -> 5795.6044 | K76: =G76*2 -> 4884.0049 | L76: =J75-K76 -> 297.50772 | M76: =M75+L76 -> 32886.751 | N76: =gas!H242 -> 439.2502 | O76: =N76/1000 -> 0.4392502 | P76: =P75+N76 -> 13010.966 | Q76: =P76/(M76/1000) -> 395.62942 | R76: =Q76/62.4 -> 6.340215
A77: 38867 | B77: R1 | C77: 2 | D77: =C77*0.7 -> 1.4 | E77: =D77*1000 -> 1400 | F77: =E77*1000/200 -> 7000 | G77: =VS!I206 -> 2722.323 | H77: =G77*0.2 -> 544.46461 | I77: =G77*1.8 -> 4900.1815 | J77: =I77+E77 -> 6300.1815 | K77: =G77*2 -> 5444.6461 | L77: =J76-K77 -> 350.9583 | M77: =M76+L77 -> 33237.71 | N77: =gas!H244 -> 299.24036 | O77: =N77/1000 -> 0.29924036 | P77: =P76+N77 -> 13310.207 | Q77: =P77/(M77/1000) -> 400.45499 | R77: =Q77/62.4 -> 6.4175479
A78: 38869 | B78: R1 | C78: 2 | D78: =C78*0.7 -> 1.4 | E78: =D78*1000 -> 1400 | F78: =E78*1000/200 -> 7000 | G78: =VS!I208 -> 2593.361 | H78: =G78*0.2 -> 518.6722 | I78: =G78*1.8 -> 4668.0498 | J78: =I78+E78 -> 6068.0498 | K78: =G78*2 -> 5186.722 | L78: =J77-K78 -> 1113.4595 | M78: =M77+L78 -> 34351.169 | N78: =gas!H246 -> 221.6723 | O78: =N78/1000 -> 0.2216723 | P78: =P77+N78 -> 13531.879 | Q78: =P78/(M78/1000) -> 393.92775 | R78: =Q78/62.4 -> 6.3129448
A79: 38871 | B79: R1 | C79: 1.5 | D79: =C79*0.7 -> 1.05 | E79: =D79*1000 -> 1050 | F79: =E79*1000/200 -> 5250 | G79: =VS!I210 -> 3101.4621 | H79: =G79*0.2 -> 620.29242 | I79: =G79*1.8 -> 5582.6318 | J79: =I79+E79 -> 6632.6318 | K79: =G79*2 -> 6202.9242 | L79: =J78-K79 -> -134.87444 | M79: =M78+L79 -> 34216.295 | N79: =gas!H248 -> 26.089185 | O79: =N79/1000 -> 0.026089185 | P79: =P78+N79 -> 13557.968 | Q79: =P79/(M79/1000) -> 396.24303 | R79: =Q79/62.4 -> 6.3500485
A80: 38874 | B80: R1 | C80: 2 | D80: =C80*0.7 -> 1.4 | E80: =D80*1000 -> 1400 | F80: =E80*1000/200 -> 7000 | G80: =VS!I212 -> 3602.6763 | H80: =G80*0.2 -> 720.53525 | I80: =G80*1.8 -> 6484.8173 | J80: =I80+E80 -> 7884.8173 | K80: =G80*2 -> 7205.3525 | L80: =J79-K80 -> -572.72074 | M80: =M79+L80 -> 33643.574 | N80: =gas!H250 -> 279.49485 | O80: =N80/1000 -> 0.27949485 | P80: =P79+N80 -> 13837.463 | Q80: =P80/(M80/1000) -> 411.29587 | R80: =Q80/62.4 -> 6.5912799
A81: 38876 | B81: R1 | C81: 2 | D81: =C81*0.7 -> 1.4 | E81: =D81*1000 -> 1400 | F81: =E81*1000/200 -> 7000 | G81: =VS!I214 -> 3514.5751 | H81: =G81*0.2 -> 702.91503 | I81: =G81*1.8 -> 6326.2353 | J81: =I81+E81 -> 7726.2353 | K81: =G81*2 -> 7029.1503 | L81: =J80-K81 -> 855.66699 | M81: =M80+L81 -> 34499.241 | N81: =gas!H252 -> 318.79152 | O81: =N81/1000 -> 0.31879152 | P81: =P80+N81 -> 14156.254 | Q81: =P81/(M81/1000) -> 410.33525 | R81: =Q81/62.4 -> 6.5758853
A82: 38878 | B82: R1 | C82: 2 | D82: =C82*0.7 -> 1.4 | E82: =D82*1000 -> 1400 | F82: =E82*1000/200 -> 7000 | G82: =VS!I216 -> 2699.784 | H82: =G82*0.2 -> 539.9568 | I82: =G82*1.8 -> 4859.6112 | J82: =I82+E82 -> 6259.6112 | K82: =G82*2 -> 5399.568 | L82: =J81-K82 -> 2326.6672 | M82: =M81+L82 -> 36825.908 | N82: =gas!H254 -> 223.61414 | O82: =N82/1000 -> 0.22361414 | P82: =P81+N82 -> 14379.869 | Q82: =P82/(M82/1000) -> 390.48239 | R82: =Q82/62.4 -> 6.2577306
A83: 38881 | B83: R1 | C83: 2 | D83: =C83*0.7 -> 1.4 | E83: =D83*1000 -> 1400 | F83: =E83*1000/200 -> 7000 | G83: =VS!I218 -> 3084.1221 | H83: =G83*0.2 -> 616.82442 | I83: =G83*1.8 -> 5551.4198 | J83: =I83+E83 -> 6951.4198 | K83: =G83*2 -> 6168.2442 | L83: =J82-K83 -> 91.367054 | M83: =M82+L83 -> 36917.275 | N83: =gas!H256 -> 227.19576 | O83: =N83/1000 -> 0.22719576 | P83: =P82+N83 -> 14607.064 | Q83: =P83/(M83/1000) -> 395.67016 | R83: =Q83/62.4 -> 6.340868
A84: 38883 | B84: R1 | C84: 2 | D84: =C84*0.7 -> 1.4 | E84: =D84*1000 -> 1400 | F84: =E84*1000/200 -> 7000 | G84: =VS!I220 -> 2687.3052 | H84: =G84*0.2 -> 537.46103 | I84: =G84*1.8 -> 4837.1493 | J84: =I84+E84 -> 6237.1493 | K84: =G84*2 -> 5374.6103 | L84: =J83-K84 -> 1576.8094 | M84: =M83+L84 -> 38494.085 | N84: =gas!H258 -> 198.96653 | O84: =N84/1000 -> 0.19896653 | P84: =P83+N84 -> 14806.031 | Q84: =P84/(M84/1000) -> 384.63133 | R84: =Q84/62.4 -> 6.1639636
A85: 38885 | B85: R1 | C85: 2 | D85: =C85*0.7 -> 1.4 | E85: =D85*1000 -> 1400 | F85: =E85*1000/200 -> 7000 | G85: =VS!I222 -> 1949.74 | H85: =G85*0.2 -> 389.94801 | I85: =G85*1.8 -> 3509.5321 | J85: =I85+E85 -> 4909.5321 | K85: =G85*2 -> 3899.4801 | L85: =J84-K85 -> 2337.6692 | M85: =M84+L85 -> 40831.754 | N85: =gas!H260 -> 314.39482 | O85: =N85/1000 -> 0.31439482 | P85: =P84+N85 -> 15120.426 | Q85: =P85/(M85/1000) -> 370.31046 | R85: =Q85/62.4 -> 5.9344626
A86: 38888 | B86: R1 | C86: 2 | D86: =C86*0.7 -> 1.4 | E86: =D86*1000 -> 1400 | F86: =E86*1000/200 -> 7000 | G86: =VS!I224 -> 3785.8302 | H86: =G86*0.2 -> 757.16604 | I86: =G86*1.8 -> 6814.4943 | J86: =I86+E86 -> 8214.4943 | K86: =G86*2 -> 7571.6604 | L86: =J85-K86 -> -2662.1283 | M86: =M85+L86 -> 38169.625 | N86: =gas!H262 -> 186.51308 | O86: =N86/1000 -> 0.18651308 | P86: =P85+N86 -> 15306.939 | Q86: =P86/(M86/1000) -> 401.02408 | R86: =Q86/62.4 -> 6.4266679
A87: 38890 | B87: R1 | C87: 2 | D87: =C87*0.7 -> 1.4 | E87: =D87*1000 -> 1400 | F87: =E87*1000/200 -> 7000 | G87: =VS!I226 -> 3400.2413 | H87: =G87*0.2 -> 680.04826 | I87: =G87*1.8 -> 6120.4344 | J87: =I87+E87 -> 7520.4344 | K87: =G87*2 -> 6800.4826 | L87: =J86-K87 -> 1414.0117 | M87: =M86+L87 -> 39583.637 | N87: =gas!H264 -> 164.37545 | O87: =N87/1000 -> 0.16437545 | P87: =P86+N87 -> 15471.314 | Q87: =P87/(M87/1000) -> 390.85125 | R87: =Q87/62.4 -> 6.2636419
A88: 38892 | B88: R1 | C88: 2.5 | D88: =C88*0.7 -> 1.75 | E88: =D88*1000 -> 1750 | F88: =E88*1000/200 -> 8750 | G88: =VS!I228 -> 1595.8053 | H88: =G88*0.2 -> 319.16106 | I88: =G88*1.8 -> 2872.4496 | J88: =I88+E88 -> 4622.4496 | K88: =G88*2 -> 3191.6106 | L88: =J87-K88 -> 4328.8237 | M88: =M87+L88 -> 43912.461 | N88: =gas!H266 -> 217.32957 | O88: =N88/1000 -> 0.21732957 | P88: =P87+N88 -> 15688.644 | Q88: =P88/(M88/1000) -> 357.27089 | R88: =Q88/62.4 -> 5.725495
A89: 38895 | B89: R1 | C89: 2.5 | D89: =C89*0.7 -> 1.75 | E89: =D89*1000 -> 1750 | F89: =E89*1000/200 -> 8750 | G89: =VS!I230 -> 2930.8324 | H89: =G89*0.2 -> 586.16647 | I89: =G89*1.8 -> 5275.4982 | J89: =I89+E89 -> 7025.4982 | K89: =G89*2 -> 5861.6647 | L89: =J88-K89 -> -1239.2152 | M89: =M88+L89 -> 42673.246 | N89: =gas!H268 -> 267.24027 | O89: =N89/1000 -> 0.26724027 | P89: =P88+N89 -> 15955.884 | Q89: =P89/(M89/1000) -> 373.90838 | R89: =Q89/62.4 -> 5.9921214
A90: 38897 | B90: R1 | C90: 2.5 | D90: =C90*0.7 -> 1.75 | E90: =D90*1000 -> 1750 | F90: =E90*1000/200 -> 8750 | G90: =VS!I232 -> 3234.0805 | H90: =G90*0.2 -> 646.8161 | I90: =G90*1.8 -> 5821.3449 | J90: =I90+E90 -> 7571.3449 | K90: =G90*2 -> 6468.161 | L90: =J89-K90 -> 557.33721 | M90: =M89+L90 -> 43230.583 | N90: =gas!H270 -> 240.6513 | O90: =N90/1000 -> 0.2406513 | P90: =P89+N90 -> 16196.535 | Q90: =P90/(M90/1000) -> 374.65457 | R90: =Q90/62.4 -> 6.0040796
A91: 38900 | B91: R1 | C91: 2.33 | D91: =C91*0.7 -> 1.631 | E91: =D91*1000 -> 1631 | F91: =E91*1000/200 -> 8155 | G91: =VS!I234 -> 4123.0893 | H91: =G91*0.2 -> 824.61786 | I91: =G91*1.8 -> 7421.5607 | J91: =I91+E91 -> 9052.5607 | K91: =G91*2 -> 8246.1786 | L91: =J90-K91 -> -674.83367 | M91: =M90+L91 -> 42555.749 | N91: =gas!H272 -> 338.65644 | O91: =N91/1000 -> 0.33865644 | P91: =P90+N91 -> 16535.192 | Q91: =P91/(M91/1000) -> 388.55365 | R91: =Q91/62.4 -> 6.2268213
A92: 38902 | B92: R1 | C92: 2.33 | D92: =C92*0.7 -> 1.631 | E92: =D92*1000 -> 1631 | F92: =E92*1000/200 -> 8155 | G92: =VS!I236 -> 3041.8251 | H92: =G92*0.2 -> 608.36502 | I92: =G92*1.8 -> 5475.2852 | J92: =I92+E92 -> 7106.2852 | K92: =G92*2 -> 6083.6502 | L92: =J91-K92 -> 2968.9106 | M92: =M91+L92 -> 45524.66 | N92: =gas!H274 -> 284.07119 | O92: =N92/1000 -> 0.28407119 | P92: =P91+N92 -> 16819.263 | Q92: =P92/(M92/1000) -> 369.4539 | R92: =Q92/62.4 -> 5.9207355
A93: 38904 | B93: R1 | C93: 2.33 | D93: =C93*0.7 -> 1.631 | E93: =D93*1000 -> 1631 | F93: =E93*1000/200 -> 8155 | G93: =VS!I238 -> 3964.9165 | H93: =G93*0.2 -> 792.9833 | I93: =G93*1.8 -> 7136.8497 | J93: =I93+E93 -> 8767.8497 | K93: =G93*2 -> 7929.833 | L93: =J92-K93 -> -823.54782 | M93: =M92+L93 -> 44701.112 | N93: =gas!H276 -> 233.26835 | O93: =N93/1000 -> 0.23326835 | P93: =P92+N93 -> 17052.531 | Q93: =P93/(M93/1000) -> 381.47891 | R93: =Q93/62.4 -> 6.113444
A94: 38906 | B94: R1 | C94: 2.33 | D94: =C94*0.7 -> 1.631 | E94: =D94*1000 -> 1631 | F94: =E94*1000/200 -> 8155 | G94: =VS!I240 -> 3831.4176 | H94: =G94*0.2 -> 766.28352 | I94: =G94*1.8 -> 6896.5517 | J94: =I94+E94 -> 8527.5517 | K94: =G94*2 -> 7662.8352 | L94: =J93-K94 -> 1105.0144 | M94: =M93+L94 -> 45806.126 | N94: =gas!H278 -> 276.69354 | O94: =N94/1000 -> 0.27669354 | P94: =P93+N94 -> 17329.225 | Q94: =P94/(M94/1000) -> 378.31675 | R94: =Q94/62.4 -> 6.0627684
A95: 38909 | B95: R1 | C95: 2.33 | D95: =C95*0.7 -> 1.631 | E95: =D95*1000 -> 1631 | F95: =E95*1000/200 -> 8155 | G95: =VS!I242 -> 3843.9796 | H95: =G95*0.2 -> 768.79593 | I95: =G95*1.8 -> 6919.1634 | J95: =I95+E95 -> 8550.1634 | K95: =G95*2 -> 7687.9593 | L95: =J94-K95 -> 839.59243 | M95: =M94+L95 -> 46645.719 | N95: =gas!H280 -> 315.17863 | O95: =N95/1000 -> 0.31517863 | P95: =P94+N95 -> 17644.404 | Q95: =P95/(M95/1000) -> 378.26416 | R95: =Q95/62.4 -> 6.0619256
A96: 38911 | B96: R1 | C96: 2.07 | D96: =C96*0.7 -> 1.449 | E96: =D96*1000 -> 1449 | F96: =E96*1000/200 -> 7245 | G96: =VS!I244 -> 3559.1147 | H96: =G96*0.2 -> 711.82293 | I96: =G96*1.8 -> 6406.4064 | J96: =I96+E96 -> 7855.4064 | K96: =G96*2 -> 7118.2293 | L96: =J95-K96 -> 1431.934 | M96: =M95+L96 -> 48077.653 | N96: =gas!H280 -> 315.17863 | O96: =N96/1000 -> 0.31517863 | P96: =P95+N96 -> 17959.582 | Q96: =P96/(M96/1000) -> 373.55364 | R96: =Q96/62.4 -> 5.9864365
A97: 38913 | B97: R1 | C97: 2.07 | D97: =C97*0.7 -> 1.449 | E97: =D97*1000 -> 1449 | F97: =E97*1000/200 -> 7245 | G97: =VS!I246 -> 3702.5283 | H97: =G97*0.2 -> 740.50566 | I97: =G97*1.8 -> 6664.5509 | J97: =I97+E97 -> 8113.5509 | K97: =G97*2 -> 7405.0566 | L97: =J96-K97 -> 450.34981 | M97: =M96+L97 -> 48528.003 | N97: =gas!H284 -> 235.43979 | O97: =N97/1000 -> 0.23543979 | P97: =P96+N97 -> 18195.022 | Q97: =P97/(M97/1000) -> 374.93861 | R97: =Q97/62.4 -> 6.0086316
A98: 38916 | B98: R1 | C98: 2.07 | D98: =C98*0.7 -> 1.449 | E98: =D98*1000 -> 1449 | F98: =E98*1000/200 -> 7245 | G98: =VS!I248 -> 3680.571 | H98: =G98*0.2 -> 736.11421 | I98: =G98*1.8 -> 6625.0279 | J98: =I98+E98 -> 8074.0279 | K98: =G98*2 -> 7361.1421 | L98: =J97-K98 -> 752.40884 | M98: =M97+L98 -> 49280.412 | N98: =gas!H286 -> 302.09574 | O98: =N98/1000 -> 0.30209574 | P98: =P97+N98 -> 18497.118 | Q98: =P98/(M98/1000) -> 375.34422 | R98: =Q98/62.4 -> 6.0151317
A99: 38918 | B99: R1 | C99: 2.03 | D99: =C99*0.7 -> 1.421 | E99: =D99*1000 -> 1421 | F99: =E99*1000/200 -> 7105 | G99: =VS!I250 -> 3901.4874 | H99: =G99*0.2 -> 780.29749 | I99: =G99*1.8 -> 7022.6774 | J99: =I99+E99 -> 8443.6774 | K99: =G99*2 -> 7802.9749 | L99: =J98-K99 -> 271.053 | M99: =M98+L99 -> 49551.465 | N99: =gas!H288 -> 261.19662 | O99: =N99/1000 -> 0.26119662 | P99: =P98+N99 -> 18758.314 | Q99: =P99/(M99/1000) -> 378.56226 | R99: =Q99/62.4 -> 6.0667028
A100: 38920 | B100: R1 | C100: 2.03 | D100: =C100*0.7 -> 1.421 | E100: =D100*1000 -> 1421 | F100: =E100*1000/200 -> 7105 | G100: =VS!I252 -> 3786.5341 | H100: =G100*0.2 -> 757.30683 | I100: =G100*1.8 -> 6815.7614 | J100: =I100+E100 -> 8236.7614 | K100: =G100*2 -> 7573.0683 | L100: =J99-K100 -> 870.60912 | M100: =M99+L100 -> 50422.074 | N100: =gas!H290 -> 288.9411 | O100: =N100/1000 -> 0.2889411 | P100: =P99+N100 -> 19047.255 | Q100: =P100/(M100/1000) -> 377.75629 | R100: =Q100/62.4 -> 6.0537867
...

Sheet MassBVs (R2)
A1: Date | B1: Reactor | C1: TS fed in (g) | D1: VS fed in (g) | F1: Vsin (mg) | G1: Vsout (mg) | H1: Vsout (mg/L) | I1: Vleft in rxtor (mg) | J1: Volatile solids in reactor,mg | K1: end of dayVs | L1: ∆VS | M1: sum VS, mg | N1: CH4 | O1: Ch4, L | P1: sum CH4, ml | Q1: ml/gVs | R1: ft3/lb
A2: 38645 | B2: R2 | C2: 0.9 | D2: =C2*0.7 -> 0.63 | E2: =F2/0.2 -> 3150 | F2: =D2*1000 -> 630
A3: 38647 | B3: R2 | C3: 0.9 | D3: =C3*0.7 -> 0.63 | E3: =F3/0.2 -> 3150 | F3: =D3*1000 -> 630 | G3: =H3*0.2 -> 1431.9809 | H3: =VS!I23 -> 7159.9045 | I3: =H3*1.8 -> 12887.828 | J3: =I3+F3 -> 13517.828 | K3: =H3*2 -> 14319.809 | M3: =L3 -> 0 | N3: =gas!H32 -> 61.294471 | O3: =N3/1000 -> 0.061294471 | P3: 0
A4: 38649 | B4: R2 | C4: 0.9 | D4: =C4*0.7 -> 0.63 | E4: =F4/0.2 -> 3150 | F4: =D4*1000 -> 630 | G4: =H4*0.2 -> 1472.1346 | H4: =VS!I25 -> 7360.673 | I4: =H4*1.8 -> 13249.211 | J4: =I4+F4 -> 13879.211 | K4: =H4*2 -> 14721.346 | L4: =J3-K4 -> -1203.5178 | M4: =M3+L4 -> -1203.5178 | N4: =gas!H36 -> 108.18596 | O4: =N4/1000 -> 0.10818596 | P4: =N4 -> 108.18596 | Q4: =P4/(M4/1000) -> -89.89145 | R4: =Q4/62.4 -> -1.4405681
A5: 38651 | B5: R2 | C5: 0.9 | D5: =C5*0.7 -> 0.63 | E5: =F5/0.2 -> 3150 | F5: =D5*1000 -> 630 | G5: =H5*0.2 -> 1253.012 | H5: =VS!I28 -> 6265.0602 | I5: =H5*1.8 -> 11277.108 | J5: =I5+F5 -> 11907.108 | K5: =H5*2 -> 12530.12 | L5: =J4-K5 -> 1349.0909 | M5: =M4+L5 -> 145.57309 | N5: =gas!H39 -> 77.001442 | O5: =N5/1000 -> 0.077001442 | P5: =P4+N5 -> 185.1874 | Q5: =P5/(M5/1000) -> 1272.1266 | R5: =Q5/62.4 -> 20.386645
A6: 38657 | B6: R2 | C6: 0.9 | D6: =C6*0.7 -> 0.63 | E6: =F6/0.2 -> 3150 | F6: =D6*1000 -> 630 | G6: =H6*0.2 -> 946.74556 | H6: =VS!I37 -> 4733.7278 | I6: =H6*1.8 -> 8520.7101 | J6: =I6+F6 -> 9150.7101 | K6: =H6*2 -> 9467.4556 | L6: =J5-K6 -> 2439.6528 | M6: =M5+L6 -> 2585.2259 | N6: =gas!H51 -> 549.38474 | O6: =N6/1000 -> 0.54938474 | P6: =P5+N6 -> 734.57214 | Q6: =P6/(M6/1000) -> 284.14234 | R6: =Q6/62.4 -> 4.5535632
A7: 38659 | B7: R2 | C7: 0.9 | D7: =C7*0.7 -> 0.63 | E7: =F7/0.2 -> 3150 | F7: =D7*1000 -> 630 | G7: =H7*0.2 -> 612.55743 | H7: =VS!I40 -> 3062.7871 | I7: =H7*1.8 -> 5513.0168 | J7: =I7+F7 -> 6143.0168 | K7: =H7*2 -> 6125.5743 | L7: =J6-K7 -> 3025.1358 | M7: =M6+L7 -> 5610.3617 | N7: =gas!H54 -> 527.63421 | O7: =N7/1000 -> 0.52763421 | P7: =P6+N7 -> 1262.2063 | Q7: =P7/(M7/1000) -> 224.97771 | R7: =Q7/62.4 -> 3.6054121
A8: 38661 | B8: R2 | C8: 0.9 | D8: =C8*0.7 -> 0.63 | E8: =F8/0.2 -> 3150 | F8: =D8*1000 -> 630 | G8: =H8*0.2 -> 997.50623 | H8: =VS!I43 -> 4987.5312 | I8: =H8*1.8 -> 8977.5561 | J8: =I8+F8 -> 9607.5561 | K8: =H8*2 -> 9975.0623 | L8: =J7-K8 -> -3832.0455 | M8: =M7+L8 -> 1778.3162 | N8: =gas!H55 -> 175.57431 | O8: =N8/1000 -> 0.17557431 | P8: =P7+N8 -> 1437.7807 | Q8: =P8/(M8/1000) -> 808.50676 | R8: =Q8/62.4 -> 12.956839
A9: 38668 | B9: R2 | C9: 0.9 | D9: =C9*0.7 -> 0.63 | E9: =F9/0.2 -> 3150 | F9: =D9*1000 -> 630 | G9: =H9*0.2 -> 1379.3103 | H9: =VS!I49 -> 6896.5517 | I9: =H9*1.8 -> 12413.793 | J9: =I9+F9 -> 13043.793 | K9: =H9*2 -> 13793.103 | L9: =J8-K9 -> -4185.5473 | M9: =M8+L9 -> -2407.2312 | N9: =gas!H66 -> 217.87721 | O9: =N9/1000 -> 0.21787721 | P9: =P8+N9 -> 1655.6579 | Q9: =P9/(M9/1000) -> -687.78516 | R9: =Q9/62.4 -> -11.022198
A10: 38671 | B10: R2 | C10: 0.9 | D10: =C10*0.7 -> 0.63 | E10: =F10/0.2 -> 3150 | F10: =D10*1000 -> 630 | G10: =H10*0.2 -> 995.02488 | H10: =VS!I52 -> 4975.1244 | I10: =H10*1.8 -> 8955.2239 | J10: =I10+F10 -> 9585.2239 | K10: =H10*2 -> 9950.2488 | L10: =J9-K10 -> 3093.5443 | M10: =M9+L10 -> 686.31319 | N10: =gas!H69 -> 179.06904 | O10: =N10/1000 -> 0.17906904 | P10: =P9+N10 -> 1834.7269 | Q10: =P10/(M10/1000) -> 2673.3085 | R10: =Q10/62.4 -> 42.841482
A11: 38673 | B11: R2 | C11: 0.9 | D11: =C11*0.7 -> 0.63 | E11: =F11/0.2 -> 3150 | F11: =D11*1000 -> 630 | G11: =H11*0.2 -> 860.83214 | H11: =VS!I55 -> 4304.1607 | I11: =H11*1.8 -> 7747.4892 | J11: =I11+F11 -> 8377.4892 | K11: =H11*2 -> 8608.3214 | L11: =J10-K11 -> 976.9025 | M11: =M10+L11 -> 1663.2157 | N11: =gas!H72 -> 57.55909 | O11: =N11/1000 -> 0.05755909 | P11: =P10+N11 -> 1892.286 | Q11: =P11/(M11/1000) -> 1137.7274 | R11: =Q11/62.4 -> 18.23281
A12: 38675 | B12: R2 | C12: 0.9 | D12: =C12*0.7 -> 0.63 | E12: =F12/0.2 -> 3150 | F12: =D12*1000 -> 630 | G12: =H12*0.2 -> 1032.2581 | H12: =VS!I58 -> 5161.2903 | I12: =H12*1.8 -> 9290.3226 | J12: =I12+F12 -> 9920.3226 | K12: =H12*2 -> 10322.581 | L12: =J11-K12 -> -1945.0914 | M12: =M11+L12 -> -281.87571 | N12: =gas!H75 -> 52.316344 | O12: =N12/1000 -> 0.052316344 | P12: =P11+N12 -> 1944.6023 | Q12: =P12/(M12/1000) -> -6898.7936 | R12: =Q12/62.4 -> -110.55759
A13: 38687 | B13: R2 | C13: 0.9 | D13: =C13*0.7 -> 0.63 | E13: =F13/0.2 -> 3150 | F13: =D13*1000 -> 630 | G13: =H13*0.2 -> 883.9779 | H13: =VS!I61 -> 4419.8895 | I13: =H13*1.8 -> 7955.8011 | J13: =I13+F13 -> 8585.8011 | K13: =H13*2 -> 8839.779 | L13: =J12-K13 -> 1080.5436 | M13: =M12+L13 -> 798.66787 | N13: =gas!H87 -> 187.25834 | O13: =N13/1000 -> 0.18725834 | P13: =P12+N13 -> 2131.8607 | Q13: =P13/(M13/1000) -> 2669.2706 | R13: =Q13/62.4 -> 42.776773
A14: 38689 | B14: R2 | C14: 0.9 | D14: =C14*0.7 -> 0.63 | E14: =F14/0.2 -> 3150 | F14: =D14*1000 -> 630 | G14: =H14*0.2 -> 1041.6667 | H14: =VS!I64 -> 5208.3333 | I14: =H14*1.8 -> 9375 | J14: =I14+F14 -> 10005 | K14: =H14*2 -> 10416.667 | L14: =J13-K14 -> -1830.8656 | M14: =M13+L14 -> -1032.1977 | N14: =gas!H90 -> 133.82765 | O14: =N14/1000 -> 0.13382765 | P14: =P13+N14 -> 2265.6883 | Q14: =P14/(M14/1000) -> -2195.0139 | R14: =Q14/62.4 -> -35.176505
A15: 38692 | B15: R2 | C15: 1.9 | D15: =C15*0.7 -> 1.33 | E15: =F15/0.2 -> 6650 | F15: =D15*1000 -> 1330 | G15: =H15*0.2 -> 914.63415 | H15: =VS!I67 -> 4573.1707 | I15: =H15*1.8 -> 8231.7073 | J15: =I15+F15 -> 9561.7073 | K15: =H15*2 -> 9146.3415 | L15: =J14-K15 -> 858.65854 | M15: =M14+L15 -> -173.53916 | N15: =gas!H93 -> 89.740999 | O15: =N15/1000 -> 0.089740999 | P15: =P14+N15 -> 2355.4293 | Q15: =P15/(M15/1000) -> -13572.898 | R15: =Q15/62.4 -> -217.51439
A16: 38696 | B16: R2 | C16: 0.9 | D16: =C16*0.7 -> 0.63 | E16: =F16/0.2 -> 3150 | F16: =D16*1000 -> 630 | G16: =H16*0.2 -> 1117.3184 | H16: =VS!I70 -> 5586.5922 | I16: =H16*1.8 -> 10055.866 | J16: =I16+F16 -> 10685.866 | K16: =H16*2 -> 11173.184 | L16: =J15-K16 -> -1611.477 | M16: =M15+L16 -> -1785.0162 | N16: =gas!H96 -> 136.75228 | O16: =N16/1000 -> 0.13675228 | P16: =P15+N16 -> 2492.1816 | Q16: =P16/(M16/1000) -> -1396.1675 | R16: =Q16/62.4 -> -22.374479
A17: 38699 | B17: R2 | C17: 0.9 | D17: =C17*0.7 -> 0.63 | E17: =F17/0.2 -> 3150 | F17: =D17*1000 -> 630 | G17: =H17*0.2 -> 813.00813 | H17: =VS!I73 -> 4065.0407 | I17: =H17*1.8 -> 7317.0732 | J17: =I17+F17 -> 7947.0732 | K17: =H17*2 -> 8130.0813 | L17: =J16-K17 -> 2555.7846 | M17: =M16+L17 -> 770.76842 | N17: =gas!H99 -> 90.185477 | O17: =N17/1000 -> 0.090185477 | P17: =P16+N17 -> 2582.3671 | Q17: =P17/(M17/1000) -> 3350.38 | R17: =Q17/62.4 -> 53.691987
A18: 38701 | B18: R2 | C18: 0.9 | D18: =C18*0.7 -> 0.63 | E18: =F18/0.2 -> 3150 | F18: =D18*1000 -> 630 | G18: =H18*0.2 -> 598.8024 | H18: =VS!I79 -> 2994.012 | I18: =H18*1.8 -> 5389.2216 | J18: =I18+F18 -> 6019.2216 | K18: =H18*2 -> 5988.024 | L18: =J17-K18 -> 1959.0492 | M18: =M17+L18 -> 2729.8176 | N18: =gas!G105 -> 75.975435 | O18: =N18/1000 -> 0.075975435 | P18: =P17+N18 -> 2658.3425 | Q18: =P18/(M18/1000) -> 973.81689 | R18: =Q18/62.4 -> 15.60604
A19: 38720 | B19: R2 | C19: 3.6 | D19: =C19*0.7 -> 2.52 | E19: =F19/0.2 -> 12600 | F19: =D19*1000 -> 2520 | G19: =H19*0.2 -> 840.33613 | H19: =VS!I82 -> 4201.6807 | I19: =H19*1.8 -> 7563.0252 | J19: =I19+F19 -> 10083.025 | K19: =H19*2 -> 8403.3613 | L19: =J18-K19 -> -2384.1398 | M19: =M18+L19 -> 345.67785 | N19: =gas!H114 -> 88.284424 | O19: =N19/1000 -> 0.088284424 | P19: =P18+N19 -> 2746.6269 | Q19: =P19/(M19/1000) -> 7945.626 | R19: =Q19/62.4 -> 127.33375
A20: 38722 | B20: R2 | C20: 0.9 | D20: =C20*0.7 -> 0.63 | E20: =F20/0.2 -> 3150 | F20: =D20*1000 -> 630 | G20: =H20*0.2 -> 1092.8962 | H20: =VS!I85 -> 5464.4809 | I20: =H20*1.8 -> 9836.0656 | J20: =I20+F20 -> 10466.066 | K20: =H20*2 -> 10928.962 | L20: =J19-K20 -> -845.93654 | M20: =M19+L20 -> -500.25869 | N20: =gas!H117 -> 109.62388 | O20: =N20/1000 -> 0.10962388 | P20: =P19+N20 -> 2856.2508 | Q20: =P20/(M20/1000) -> -5709.5477 | R20: =Q20/62.4 -> -91.499161
A21: 38724 | B21: R2 | C21: 0.9 | D21: =C21*0.7 -> 0.63 | E21: =F21/0.2 -> 3150 | F21: =D21*1000 -> 630 | G21: =H21*0.2 -> 469.48357 | H21: =VS!I89 -> 2347.4178 | I21: =H21*1.8 -> 4225.3521 | J21: =I21+F21 -> 4855.3521 | K21: =H21*2 -> 4694.8357 | L21: =J20-K21 -> 5771.2299 | M21: =M20+L21 -> 5270.9712 | N21: =gas!H120 -> 88.223418 | O21: =N21/1000 -> 0.088223418 | P21: =P20+N21 -> 2944.4742 | Q21: =P21/(M21/1000) -> 558.62081 | R21: =Q21/62.4 -> 8.9522566
A22: 38727 | B22: R2 | C22: 0.9 | D22: =C22*0.7 -> 0.63 | E22: =F22/0.2 -> 3150 | F22: =D22*1000 -> 630 | G22: =H22*0.2 -> 478.4689 | H22: =VS!I93 -> 2392.3445 | I22: =H22*1.8 -> 4306.2201 | J22: =I22+F22 -> 4936.2201 | K22: =H22*2 -> 4784.689 | L22: =J21-K22 -> 70.663117 | M22: =M21+L22 -> 5341.6343 | N22: =gas!H123 -> 130.27613 | O22: =N22/1000 -> 0.13027613 | P22: =P21+N22 -> 3074.7504 | Q22: =P22/(M22/1000) -> 575.61978 | R22: =Q22/62.4 -> 9.2246759
A23: 38729 | B23: R2 | C23: 0.9 | D23: =C23*0.7 -> 0.63 | E23: =F23/0.2 -> 3150 | F23: =D23*1000 -> 630 | G23: =H23*0.2 -> 911.16173 | H23: =VS!I96 -> 4555.8087 | I23: =H23*1.8 -> 8200.4556 | J23: =I23+F23 -> 8830.4556 | K23: =H23*2 -> 9111.6173 | L23: =J22-K23 -> -4175.3972 | M23: =M22+L23 -> 1166.2371 | N23: =gas!H126 -> 66.522619 | O23: =N23/1000 -> 0.066522619 | P23: =P22+N23 -> 3141.273 | Q23: =P23/(M23/1000) -> 2693.5114 | R23: =Q23/62.4 -> 43.165247
A24: 38731 | B24: R2 | C24: 0.9 | D24: =C24*0.7 -> 0.63 | E24: =F24/0.2 -> 3150 | F24: =D24*1000 -> 630 | G24: =H24*0.2 -> 1071.4286 | H24: =VS!I99 -> 5357.1429 | I24: =H24*1.8 -> 9642.8571 | J24: =I24+F24 -> 10272.857 | K24: =H24*2 -> 10714.286 | L24: =J23-K24 -> -1883.8301 | M24: =M23+L24 -> -717.59302 | N24: =gas!H129 -> 81.060622 | O24: =N24/1000 -> 0.081060622 | P24: =P23+N24 -> 3222.3336 | Q24: =P24/(M24/1000) -> -4490.4751 | R24: =Q24/62.4 -> -71.962742
A25: 38734 | B25: R2 | C25: 0.9 | D25: =C25*0.7 -> 0.63 | E25: =F25/0.2 -> 3150 | F25: =D25*1000 -> 630 | G25: =H25*0.2 -> 388.34951 | H25: =VS!I102 -> 1941.7476 | I25: =H25*1.8 -> 3495.1456 | J25: =I25+F25 -> 4125.1456 | K25: =H25*2 -> 3883.4951 | L25: =J24-K25 -> 6389.362 | M25: =M24+L25 -> 5671.769 | N25: =gas!H132 -> 90.561976 | O25: =N25/1000 -> 0.090561976 | P25: =P24+N25 -> 3312.8956 | Q25: =P25/(M25/1000) -> 584.1027 | R25: =Q25/62.4 -> 9.3606202
A26: 38736 | B26: R2 | C26: 0.9 | D26: =C26*0.7 -> 0.63 | E26: =F26/0.2 -> 3150 | F26: =D26*1000 -> 630 | G26: =H26*0.2 -> 638.97764 | H26: =VS!I105 -> 3194.8882 | I26: =H26*1.8 -> 5750.7987 | J26: =I26+F26 -> 6380.7987 | K26: =H26*2 -> 6389.7764 | L26: =J25-K26 -> -2264.6307 | M26: =M25+L26 -> 3407.1382 | N26: =gas!H135 -> 100.69213 | O26: =N26/1000 -> 0.10069213 | P26: =P25+N26 -> 3413.5877 | Q26: =P26/(M26/1000) -> 1001.8929 | R26: =Q26/62.4 -> 16.055976
A27: 38738 | B27: R2 | C27: 0.9 | D27: =C27*0.7 -> 0.63 | E27: =F27/0.2 -> 3150 | F27: =D27*1000 -> 630 | G27: =H27*0.2 -> 608.51927 | H27: =VS!I108 -> 3042.5963 | I27: =H27*1.8 -> 5476.6734 | J27: =I27+F27 -> 6106.6734 | K27: =H27*2 -> 6085.1927 | L27: =J26-K27 -> 295.60602 | M27: =M26+L27 -> 3702.7443 | N27: =gas!H138 -> 92.953121 | O27: =N27/1000 -> 0.092953121 | P27: =P26+N27 -> 3506.5408 | Q27: =P27/(M27/1000) -> 947.01135 | R27: =Q27/62.4 -> 15.176464
A28: 38741 | B28: R2 | C28: 0.9 | D28: =C28*0.7 -> 0.63 | E28: =F28/0.2 -> 3150 | F28: =D28*1000 -> 630 | G28: =H28*0.2 -> 442.96788 | H28: =VS!I111 -> 2214.8394 | I28: =H28*1.8 -> 3986.711 | J28: =I28+F28 -> 4616.711 | K28: =H28*2 -> 4429.6788 | L28: =J27-K28 -> 1676.9946 | M28: =M27+L28 -> 5379.7388 | N28: =gas!H141 -> 91.908505 | O28: =N28/1000 -> 0.091908505 | P28: =P27+N28 -> 3598.4493 | Q28: =P28/(M28/1000) -> 668.88922 | R28: =Q28/62.4 -> 10.719379
A29: 38743 | B29: R2 | C29: 0.9 | D29: =C29*0.7 -> 0.63 | E29: =F29/0.2 -> 3150 | F29: =D29*1000 -> 630 | G29: =H29*0.2 -> 468.38407 | H29: =VS!I114 -> 2341.9204 | I29: =H29*1.8 -> 4215.4567 | J29: =I29+F29 -> 4845.4567 | K29: =H29*2 -> 4683.8407 | L29: =J28-K29 -> -67.129786 | M29: =M28+L29 -> 5312.6091 | N29: =gas!H144 -> 92.83934 | O29: =N29/1000 -> 0.09283934 | P29: =P28+N29 -> 3691.2887 | Q29: =P29/(M29/1000) -> 694.81655 | R29: =Q29/62.4 -> 11.134881
A30: 38745 | B30: R2 | C30: 0.9 | D30: =C30*0.7 -> 0.63 | E30: =F30/0.2 -> 3150 | F30: =D30*1000 -> 630 | G30: =H30*0.2 -> 645.85576 | H30: =VS!I117 -> 3229.2788 | I30: =H30*1.8 -> 5812.7018 | J30: =I30+F30 -> 6442.7018 | K30: =H30*2 -> 6458.5576 | L30: =J29-K30 -> -1613.1009 | M30: =M29+L30 -> 3699.5081 | N30: =gas!H147 -> 95.019263 | O30: =N30/1000 -> 0.095019263 | P30: =P29+N30 -> 3786.3079 | Q30: =P30/(M30/1000) -> 1023.4625 | R30: =Q30/62.4 -> 16.401643
A31: 38748 | B31: R2 | C31: 0.9 | D31: =C31*0.7 -> 0.63 | E31: =F31/0.2 -> 3150 | F31: =D31*1000 -> 630 | G31: =H31*0.2 -> 578.34715 | H31: 2891.7358 | I31: =H31*1.8 -> 5205.1244 | J31: =I31+F31 -> 5835.1244 | K31: =H31*2 -> 5783.4715 | L31: =J30-K31 -> 659.23031 | M31: =M30+L31 -> 4358.7385 | N31: =gas!H149 -> 90.496563 | O31: =N31/1000 -> 0.090496563 | P31: =P30+N31 -> 3876.8045 | Q31: =P31/(M31/1000) -> 889.4327 | R31: =Q31/62.4 -> 14.253729
A32: 38750 | B32: R2 | C32: 0.9 | D32: =C32*0.7 -> 0.63 | E32: =F32/0.2 -> 3150 | F32: =D32*1000 -> 630 | G32: =H32*0.2 -> 522.92959 | H32: 2614.6479 | I32: =H32*1.8 -> 4706.3663 | J32: =I32+F32 -> 5336.3663 | K32: =H32*2 -> 5229.2959 | L32: =J31-K32 -> 605.82851 | M32: =M31+L32 -> 4964.567 | N32: =gas!H151 -> 89.305762 | O32: =N32/1000 -> 0.089305762 | P32: =P31+N32 -> 3966.1103 | Q32: =P32/(M32/1000) -> 798.88343 | R32: =Q32/62.4 -> 12.802619
A33: 38752 | B33: R2 | C33: 0.9 | D33: =C33*0.7 -> 0.63 | E33: =F33/0.2 -> 3150 | F33: =D33*1000 -> 630 | G33: =H33*0.2 -> 546.90184 | H33: 2734.5092 | I33: =H33*1.8 -> 4922.1165 | J33: =I33+F33 -> 5552.1165 | K33: =H33*2 -> 5469.0184 | L33: =J32-K33 -> -132.6521 | M33: =M32+L33 -> 4831.9149 | N33: =gas!H153 -> 116.71735 | O33: =N33/1000 -> 0.11671735 | P33: =P32+N33 -> 4082.8276 | Q33: =P33/(M33/1000) -> 844.97093 | R33: =Q33/62.4 -> 13.541201
A34: 38755 | B34: R2 | C34: 0.9 | D34: =C34*0.7 -> 0.63 | E34: =F34/0.2 -> 3150 | F34: =D34*1000 -> 630 | G34: =H34*0.2 -> 505.41273 | H34: 2527.0637 | I34: =H34*1.8 -> 4548.7146 | J34: =I34+F34 -> 5178.7146 | K34: =H34*2 -> 5054.1273 | L34: =J33-K34 -> 497.98921 | M34: =M33+L34 -> 5329.9041 | N34: =gas!H155 -> 129.4931 | O34: =N34/1000 -> 0.1294931 | P34: =P33+N34 -> 4212.3207 | Q34: =P34/(M34/1000) -> 790.3183 | R34: =Q34/62.4 -> 12.665357
A35: 38757 | B35: R2 | C35: 0.9 | D35: =C35*0.7 -> 0.63 | E35: =F35/0.2 -> 3150 | F35: =D35*1000 -> 630 | G35: =H35*0.2 -> 285.25018 | H35: 1426.2509 | I35: =H35*1.8 -> 2567.2516 | J35: =I35+F35 -> 3197.2516 | K35: =H35*2 -> 2852.5018 | L35: =J34-K35 -> 2326.2128 | M35: =M34+L35 -> 7656.1169 | N35: =gas!H157 -> 150.28387 | O35: =N35/1000 -> 0.15028387 | P35: =P34+N35 -> 4362.6046 | Q35: =P35/(M35/1000) -> 569.81949 | R35: =Q35/62.4 -> 9.1317225
A36: 38759 | B36: R2 | C36: 0.9 | D36: =C36*0.7 -> 0.63 | E36: =F36/0.2 -> 3150 | F36: =D36*1000 -> 630 | G36: =H36*0.2 -> 552.79518 | H36: 2763.9759 | I36: =H36*1.8 -> 4975.1566 | J36: =I36+F36 -> 5605.1566 | K36: =H36*2 -> 5527.9518 | L36: =J35-K36 -> -2330.7001 | M36: =M35+L36 -> 5325.4167 | N36: =gas!H159 -> 72.193934 | O36: =N36/1000 -> 0.072193934 | P36: =P35+N36 -> 4434.7985 | Q36: =P36/(M36/1000) -> 832.76084 | R36: =Q36/62.4 -> 13.345526
A37: 38762 | B37: R2 | C37: 0.9 | D37: =C37*0.7 -> 0.63 | E37: =F37/0.2 -> 3150 | F37: =D37*1000 -> 630 | G37: =H37*0.2 -> 198.60973 | H37: =VS!I131 -> 993.04866 | I37: =H37*1.8 -> 1787.4876 | J37: =I37+F37 -> 2417.4876 | K37: =H37*2 -> 1986.0973 | L37: =J36-K37 -> 3619.0593 | M37: =M36+L37 -> 8944.476 | N37: =gas!H161 -> 125.33534 | O37: =N37/1000 -> 0.12533534 | P37: =P36+N37 -> 4560.1339 | Q37: =P37/(M37/1000) -> 509.82683 | R37: =Q37/62.4 -> 8.1703018
A38: 38764 | B38: R2 | C38: 1 | D38: =C38*0.7 -> 0.7 | E38: =F38/0.2 -> 3500 | F38: =D38*1000 -> 700 | G38: =H38*0.2 -> 392.92731 | H38: =VS!I133 -> 1964.6365 | I38: =H38*1.8 -> 3536.3458 | J38: =I38+F38 -> 4236.3458 | K38: =H38*2 -> 3929.2731 | L38: =J37-K38 -> -1511.7855 | M38: =M37+L38 -> 7432.6905 | N38: =gas!H163 -> 80.295424 | O38: =N38/1000 -> 0.080295424 | P38: =P37+N38 -> 4640.4293 | Q38: =P38/(M38/1000) -> 624.32699 | R38: =Q38/62.4 -> 10.00524
A39: 38766 | B39: R2 | C39: 1 | D39: =C39*0.7 -> 0.7 | E39: =F39/0.2 -> 3500 | F39: =D39*1000 -> 700 | G39: =H39*0.2 -> 419.72718 | H39: =VS!I135 -> 2098.6359 | I39: =H39*1.8 -> 3777.5446 | J39: =I39+F39 -> 4477.5446 | K39: =H39*2 -> 4197.2718 | L39: =J38-K39 -> 39.074003 | M39: =M38+L39 -> 7471.7645 | N39: =gas!H165 -> 77.988365 | O39: =N39/1000 -> 0.077988365 | P39: =P38+N39 -> 4718.4176 | Q39: =P39/(M39/1000) -> 631.49978 | R39: =Q39/62.4 -> 10.120189
A40: 38771 | B40: R2 | C40: 1 | D40: =C40*0.7 -> 0.7 | E40: =F40/0.2 -> 3500 | F40: =D40*1000 -> 700 | G40: =H40*0.2 -> 424.17815 | H40: =VS!I137 -> 2120.8908 | I40: =H40*1.8 -> 3817.6034 | J40: =I40+F40 -> 4517.6034 | K40: =H40*2 -> 4241.7815 | L40: =J39-K40 -> 235.76305 | M40: =M39+L40 -> 7707.5275 | N40: =gas!H167 -> 148.39384 | O40: =N40/1000 -> 0.14839384 | P40: =P39+N40 -> 4866.8115 | Q40: =P40/(M40/1000) -> 631.43615 | R40: =Q40/62.4 -> 10.119169
A41: 38773 | B41: R2 | C41: 1 | D41: =C41*0.7 -> 0.7 | E41: =F41/0.2 -> 3500 | F41: =D41*1000 -> 700 | G41: =H41*0.2 -> 427.80749 | H41: =VS!I139 -> 2139.0374 | I41: =H41*1.8 -> 3850.2674 | J41: =I41+F41 -> 4550.2674 | K41: =H41*2 -> 4278.0749 | L41: =J40-K41 -> 239.52853 | M41: =M40+L41 -> 7947.0561 | N41: =gas!H169 -> 66.139682 | O41: =N41/1000 -> 0.066139682 | P41: =P40+N41 -> 4932.9512 | Q41: =P41/(M41/1000) -> 620.72686 | R41: =Q41/62.4 -> 9.9475458
A42: 38776 | B42: R2 | C42: 1 | D42: =C42*0.7 -> 0.7 | E42: =F42/0.2 -> 3500 | F42: =D42*1000 -> 700 | G42: =H42*0.2 -> 446.42857 | H42: =VS!I141 -> 2232.1429 | I42: =H42*1.8 -> 4017.8571 | J42: =I42+F42 -> 4717.8571 | K42: =H42*2 -> 4464.2857 | L42: =J41-K42 -> 85.981665 | M42: =M41+L42 -> 8033.0377 | N42: =gas!H171 -> 112.20095 | O42: =N42/1000 -> 0.11220095 | P42: =P41+N42 -> 5045.1521 | Q42: =P42/(M42/1000) -> 628.05034 | R42: =Q42/62.4 -> 10.064909
A43: 38778 | B43: R2 | C43: 1 | D43: =C43*0.7 -> 0.7 | E43: =F43/0.2 -> 3500 | F43: =D43*1000 -> 700 | G43: =H43*0.2 -> 645.16129 | H43: =VS!I143 -> 3225.8065 | I43: =H43*1.8 -> 5806.4516 | J43: =I43+F43 -> 6506.4516 | K43: =H43*2 -> 6451.6129 | L43: =J42-K43 -> -1733.7558 | M43: =M42+L43 -> 6299.282 | N43: =gas!H173 -> 69.288757 | O43: =N43/1000 -> 0.069288757 | P43: =P42+N43 -> 5114.4409 | Q43: =P43/(M43/1000) -> 811.90855 | R43: =Q43/62.4 -> 13.011355
A44: 38780 | B44: R2 | C44: 1 | D44: =C44*0.7 -> 0.7 | E44: =F44/0.2 -> 3500 | F44: =D44*1000 -> 700 | G44: =H44*0.2 -> 363.56292 | H44: =VS!I145 -> 1817.8146 | I44: =H44*1.8 -> 3272.0662 | J44: =I44+F44 -> 3972.0662 | K44: =H44*2 -> 3635.6292 | L44: =J43-K44 -> 2870.8224 | M44: =M43+L44 -> 9170.1044 | N44: =gas!H175 -> 124.35074 | O44: =N44/1000 -> 0.12435074 | P44: =P43+N44 -> 5238.7916 | Q44: =P44/(M44/1000) -> 571.29029 | R44: =Q44/62.4 -> 9.1552931
A45: 38783 | B45: R2 | C45: 1 | D45: =C45*0.7 -> 0.7 | E45: =F45/0.2 -> 3500 | F45: =D45*1000 -> 700 | G45: =H45*0.2 -> 209.64361 | H45: =VS!I147 -> 1048.218 | I45: =H45*1.8 -> 1886.7925 | J45: =I45+F45 -> 2586.7925 | K45: =H45*2 -> 2096.4361 | L45: =J44-K45 -> 1875.6302 | M45: =M44+L45 -> 11045.735 | N45: =gas!H177 -> 223.41399 | O45: =N45/1000 -> 0.22341399 | P45: =P44+N45 -> 5462.2056 | Q45: =P45/(M45/1000) -> 494.50813 | R45: =Q45/62.4 -> 7.9248098
A46: 38785 | B46: R2 | C46: 1 | D46: =C46*0.7 -> 0.7 | E46: =F46/0.2 -> 3500 | F46: =D46*1000 -> 700 | G46: =H46*0.2 -> 409.41658 | H46: =VS!I149 -> 2047.0829 | I46: =H46*1.8 -> 3684.7492 | J46: =I46+F46 -> 4384.7492 | K46: =H46*2 -> 4094.1658 | L46: =J45-K46 -> -1507.3734 | M46: =M45+L46 -> 9538.3613 | N46: =gas!H179 -> 89.905395 | O46: =N46/1000 -> 0.089905395 | P46: =P45+N46 -> 5552.111 | Q46: =P46/(M46/1000) -> 582.08227 | R46: =Q46/62.4 -> 9.3282415
A47: 38787 | B47: R2 | C47: 1 | D47: =C47*0.7 -> 0.7 | E47: =F47/0.2 -> 3500 | F47: =D47*1000 -> 700 | G47: =H47*0.2 -> 660.79295 | H47: =VS!I151 -> 3303.9648 | I47: =H47*1.8 -> 5947.1366 | J47: =I47+F47 -> 6647.1366 | K47: =H47*2 -> 6607.9295 | L47: =J46-K47 -> -2223.1803 | M47: =M46+L47 -> 7315.181 | N47: =gas!H181 -> 120.20986 | O47: =N47/1000 -> 0.12020986 | P47: =P46+N47 -> 5672.3209 | Q47: =P47/(M47/1000) -> 775.41771 | R47: =Q47/62.4 -> 12.426566
A48: 38790 | B48: R2 | C48: 1 | D48: =C48*0.7 -> 0.7 | E48: =F48/0.2 -> 3500 | F48: =D48*1000 -> 700 | G48: =H48*0.2 -> 412.37113 | H48: =VS!I153 -> 2061.8557 | I48: =H48*1.8 -> 3711.3402 | J48: =I48+F48 -> 4411.3402 | K48: =H48*2 -> 4123.7113 | L48: =J47-K48 -> 2523.4252 | M48: =M47+L48 -> 9838.6062 | N48: =gas!H183 -> 151.71556 | O48: =N48/1000 -> 0.15171556 | P48: =P47+N48 -> 5824.0364 | Q48: =P48/(M48/1000) -> 591.95747 | R48: =Q48/62.4 -> 9.4864979
A49: 38793 | B49: R2 | C49: 1 | D49: =C49*0.7 -> 0.7 | E49: =F49/0.2 -> 3500 | F49: =D49*1000 -> 700 | G49: =H49*0.2 -> 408.58018 | H49: =VS!I155 -> 2042.9009 | I49: =H49*1.8 -> 3677.2217 | J49: =I49+F49 -> 4377.2217 | K49: =H49*2 -> 4085.8018 | L49: =J48-K49 -> 325.53837 | M49: =M48+L49 -> 10164.145 | N49: =gas!H185 -> 70.976697 | O49: =N49/1000 -> 0.070976697 | P49: =P48+N49 -> 5895.0131 | Q49: =P49/(M49/1000) -> 579.98123 | R49: =Q49/62.4 -> 9.2945711
A50: 38797 | B50: R2 | C50: 1 | D50: =C50*0.7 -> 0.7 | E50: =F50/0.2 -> 3500 | F50: =D50*1000 -> 700 | G50: =H50*0.2 -> 227.27273 | H50: =VS!I157 -> 1136.3636 | I50: =H50*1.8 -> 2045.4545 | J50: =I50+F50 -> 2745.4545 | K50: =H50*2 -> 2272.7273 | L50: =J49-K50 -> 2104.4944 | M50: =M49+L50 -> 12268.639 | N50: =gas!H189 -> 94.531957 | O50: =N50/1000 -> 0.094531957 | P50: =P49+N50 -> 5989.5451 | Q50: =P50/(M50/1000) -> 488.19964 | R50: =Q50/62.4 -> 7.8237121
A51: 38799 | B51: R2 | C51: 1 | D51: =C51*0.7 -> 0.7 | E51: =F51/0.2 -> 3500 | F51: =D51*1000 -> 700 | G51: =H51*0.2 -> 424.17815 | H51: =VS!I159 -> 2120.8908 | I51: =H51*1.8 -> 3817.6034 | J51: =I51+F51 -> 4517.6034 | K51: =H51*2 -> 4241.7815 | L51: =J50-K51 -> -1496.327 | M51: =M50+L51 -> 10772.312 | N51: =gas!H191 -> 93.514562 | O51: =N51/1000 -> 0.093514562 | P51: =P50+N51 -> 6083.0596 | Q51: =P51/(M51/1000) -> 564.69397 | R51: =Q51/62.4 -> 9.0495829
A52: 38801 | B52: R2 | C52: 1.5 | D52: =C52*0.7 -> 1.05 | E52: =F52/0.2 -> 5250 | F52: =D52*1000 -> 1050 | G52: =H52*0.2 -> 229.09507 | H52: =VS!I161 -> 1145.4754 | I52: =H52*1.8 -> 2061.8557 | J52: =I52+F52 -> 3111.8557 | K52: =H52*2 -> 2290.9507 | L52: =J51-K52 -> 2226.6526 | M52: =M51+L52 -> 12998.965 | N52: =gas!H193 -> 183.62498 | O52: =N52/1000 -> 0.18362498 | P52: =P51+N52 -> 6266.6846 | Q52: =P52/(M52/1000) -> 482.09106 | R52: =Q52/62.4 -> 7.7258183
A53: 38804 | B53: R2 | C53: 1.5 | D53: =C53*0.7 -> 1.05 | E53: =F53/0.2 -> 5250 | F53: =D53*1000 -> 1050 | G53: =H53*0.2 -> 468.38407 | H53: =VS!I163 -> 2341.9204 | I53: =H53*1.8 -> 4215.4567 | J53: =I53+F53 -> 5265.4567 | K53: =H53*2 -> 4683.8407 | L53: =J52-K53 -> -1571.9851 | M53: =M52+L53 -> 11426.98 | N53: =gas!H195 -> 192.62131 | O53: =N53/1000 -> 0.19262131 | P53: =P52+N53 -> 6459.3059 | Q53: =P53/(M53/1000) -> 565.26801 | R53: =Q53/62.4 -> 9.0587821
A54: 38806 | B54: R2 | C54: 1.5 | D54: =C54*0.7 -> 1.05 | E54: =F54/0.2 -> 5250 | F54: =D54*1000 -> 1050 | G54: =H54*0.2 -> 452.48869 | H54: =VS!I165 -> 2262.4434 | I54: =H54*1.8 -> 4072.3982 | J54: =I54+F54 -> 5122.3982 | K54: =H54*2 -> 4524.8869 | L54: =J53-K54 -> 740.5698 | M54: =M53+L54 -> 12167.549 | N54: =gas!H197 -> 98.341327 | O54: =N54/1000 -> 0.098341327 | P54: =P53+N54 -> 6557.6472 | Q54: =P54/(M54/1000) -> 538.94561 | R54: =Q54/62.4 -> 8.6369488
A55: 38808 | B55: R2 | C55: 1.5 | D55: =C55*0.7 -> 1.05 | E55: =F55/0.2 -> 5250 | F55: =D55*1000 -> 1050 | G55: =H55*0.2 -> 612.87028 | H55: =VS!I167 -> 3064.3514 | I55: =H55*1.8 -> 5515.8325 | J55: =I55+F55 -> 6565.8325 | K55: =H55*2 -> 6128.7028 | L55: =J54-K55 -> -1006.3046 | M55: =M54+L55 -> 11161.245 | N55: =gas!H199 -> 155.57889 | O55: =N55/1000 -> 0.15557889 | P55: =P54+N55 -> 6713.2261 | Q55: =P55/(M55/1000) -> 601.47647 | R55: =Q55/62.4 -> 9.6390461
A56: 38811 | B56: R2 | C56: 1.5 | D56: =C56*0.7 -> 1.05 | E56: =F56/0.2 -> 5250 | F56: =D56*1000 -> 1050 | G56: =H56*0.2 -> 418.84817 | H56: =VS!I169 -> 2094.2408 | I56: =H56*1.8 -> 3769.6335 | J56: =I56+F56 -> 4819.6335 | K56: =H56*2 -> 4188.4817 | L56: =J55-K56 -> 2377.3508 | M56: =M55+L56 -> 13538.596 | N56: =gas!H201 -> 166.40842 | O56: =N56/1000 -> 0.16640842 | P56: =P55+N56 -> 6879.6345 | Q56: =P56/(M56/1000) -> 508.14979 | R56: =Q56/62.4 -> 8.1434262
A57: 38813 | B57: R2 | C57: 1.5 | D57: =C57*0.7 -> 1.05 | E57: =F57/0.2 -> 5250 | F57: =D57*1000 -> 1050 | G57: =H57*0.2 -> 954.65394 | H57: =VS!I171 -> 4773.2697 | I57: =H57*1.8 -> 8591.8854 | J57: =I57+F57 -> 9641.8854 | K57: =H57*2 -> 9546.5394 | L57: =J56-K57 -> -4726.9059 | M57: =M56+L57 -> 8811.6897 | N57: =gas!H203 -> 41.456926 | O57: =N57/1000 -> 0.041456926 | P57: =P56+N57 -> 6921.0915 | Q57: =P57/(M57/1000) -> 785.4443 | R57: =Q57/62.4 -> 12.587248
A58: 38815 | B58: R2 | C58: 1 | D58: =C58*0.7 -> 0.7 | E58: =F58/0.2 -> 3500 | F58: =D58*1000 -> 700 | G58: =H58*0.2 -> 449.94376 | H58: =VS!I173 -> 2249.7188 | I58: =H58*1.8 -> 4049.4938 | J58: =I58+F58 -> 4749.4938 | K58: =H58*2 -> 4499.4376 | L58: =J57-K58 -> 5142.4479 | M58: =M57+L58 -> 13954.138 | N58: =gas!H205 -> 46.332589 | O58: =N58/1000 -> 0.046332589 | P58: =P57+N58 -> 6967.4241 | Q58: =P58/(M58/1000) -> 499.30883 | R58: =Q58/62.4 -> 8.001744
A59: 38820 | B59: R2 | C59: 1 | D59: =C59*0.7 -> 0.7 | E59: =F59/0.2 -> 3500 | F59: =D59*1000 -> 700 | G59: =H59*0.2 -> 804.82897 | H59: =VS!I175 -> 4024.1449 | I59: =H59*1.8 -> 7243.4608 | J59: =I59+F59 -> 7943.4608 | K59: =H59*2 -> 8048.2897 | L59: =J58-K59 -> -3298.7959 | M59: =M58+L59 -> 10655.342 | N59: =gas!H207 -> 67.934569 | O59: =N59/1000 -> 0.067934569 | P59: =P58+N59 -> 7035.3586 | Q59: =P59/(M59/1000) -> 660.26589 | R59: =Q59/62.4 -> 10.581184
A60: 38822 | B60: R2 | C60: 1 | D60: =C60*0.7 -> 0.7 | E60: =F60/0.2 -> 3500 | F60: =D60*1000 -> 700 | G60: =H60*0.2 -> 251.88917 | H60: =VS!I177 -> 1259.4458 | I60: =H60*1.8 -> 2267.0025 | J60: =I60+F60 -> 2967.0025 | K60: =H60*2 -> 2518.8917 | L60: =J59-K60 -> 5424.5691 | M60: =M59+L60 -> 16079.911 | N60: =gas!H209 -> 138.7286 | O60: =N60/1000 -> 0.1387286 | P60: =P59+N60 -> 7174.0872 | Q60: =P60/(M60/1000) -> 446.15218 | R60: =Q60/62.4 -> 7.1498747
A61: 38825 | B61: R2 | C61: 1 | D61: =C61*0.7 -> 0.7 | E61: =F61/0.2 -> 3500 | F61: =D61*1000 -> 700 | G61: =H61*0.2 -> 457.6659 | H61: =VS!I179 -> 2288.3295 | I61: =H61*1.8 -> 4118.9931 | J61: =I61+F61 -> 4818.9931 | K61: =H61*2 -> 4576.659 | L61: =J60-K61 -> -1609.6565 | M61: =M60+L61 -> 14470.254 | N61: =gas!H211 -> 280.34166 | O61: =N61/1000 -> 0.28034166 | P61: =P60+N61 -> 7454.4289 | Q61: =P61/(M61/1000) -> 515.15535 | R61: =Q61/62.4 -> 8.2556947
A62: 38827 | B62: R2 | C62: 1 | D62: =C62*0.7 -> 0.7 | E62: =F62/0.2 -> 3500 | F62: =D62*1000 -> 700 | G62: =H62*0.2 -> 428.08219 | H62: =VS!I181 -> 2140.411 | I62: =H62*1.8 -> 3852.7397 | J62: =I62+F62 -> 4552.7397 | K62: =H62*2 -> 4280.8219 | L62: =J61-K62 -> 538.17122 | M62: =M61+L62 -> 15008.425 | N62: =gas!H212 -> 62.399742 | O62: =N62/1000 -> 0.062399742 | P62: =P61+N62 -> 7516.8286 | Q62: =P62/(M62/1000) -> 500.84059 | R62: =Q62/62.4 -> 8.0262915
A63: 38829 | B63: R2 | C63: 1 | D63: =C63*0.7 -> 0.7 | E63: =F63/0.2 -> 3500 | F63: =D63*1000 -> 700 | G63: =H63*0.2 -> 490.04594 | H63: =VS!I183 -> 2450.2297 | I63: =H63*1.8 -> 4410.4135 | J63: =I63+F63 -> 5110.4135 | K63: =H63*2 -> 4900.4594 | L63: =J62-K63 -> -347.71969 | M63: =M62+L63 -> 14660.706 | N63: =gas!H214 -> 63.171766 | O63: =N63/1000 -> 0.063171766 | P63: =P62+N63 -> 7580.0004 | Q63: =P63/(M63/1000) -> 517.02834 | R63: =Q63/62.4 -> 8.2857106
A64: 38832 | B64: R2 | C64: 1 | D64: =C64*0.7 -> 0.7 | E64: =F64/0.2 -> 3500 | F64: =D64*1000 -> 700 | G64: =H64*0.2 -> 411.92412 | H64: =VS!I185 -> 2059.6206 | I64: =H64*1.8 -> 3707.3171 | J64: =I64+F64 -> 4407.3171 | K64: =H64*2 -> 4119.2412 | L64: =J63-K64 -> 991.17228 | M64: =M63+L64 -> 15651.878 | N64: =gas!H216 -> 109.13784 | O64: =N64/1000 -> 0.10913784 | P64: =P63+N64 -> 7689.1382 | Q64: =P64/(M64/1000) -> 491.25979 | R64: =Q64/62.4 -> 7.872753
A65: 38834 | B65: R2 | C65: 1 | D65: =C65*0.7 -> 0.7 | E65: =F65/0.2 -> 3500 | F65: =D65*1000 -> 700 | G65: =H65*0.2 -> 351.37806 | H65: =VS!I187 -> 1756.8903 | I65: =H65*1.8 -> 3162.4025 | J65: =I65+F65 -> 3862.4025 | K65: =H65*2 -> 3513.7806 | L65: =J64-K65 -> 893.53646 | M65: =M64+L65 -> 16545.414 | N65: =gas!H218 -> 131.46246 | O65: =N65/1000 -> 0.13146246 | P65: =P64+N65 -> 7820.6007 | Q65: =P65/(M65/1000) -> 472.67481 | R65: =Q65/62.4 -> 7.5749169
A66: 38836 | B66: R2 | C66: 1 | D66: =C66*0.7 -> 0.7 | E66: =F66/0.2 -> 3500 | F66: =D66*1000 -> 700 | G66: =H66*0.2 -> 336.24041 | H66: =VS!I189 -> 1681.2021 | I66: =H66*1.8 -> 3026.1637 | J66: =I66+F66 -> 3726.1637 | K66: =H66*2 -> 3362.4041 | L66: =J65-K66 -> 499.99843 | M66: =M65+L66 -> 17045.413 | N66: =gas!H220 -> 94.28885 | O66: =N66/1000 -> 0.09428885 | P66: =P65+N66 -> 7914.8895 | Q66: =P66/(M66/1000) -> 464.34132 | R66: =Q66/62.4 -> 7.4413673
A67: 38839 | B67: R2 | C67: 1 | D67: =C67*0.7 -> 0.7 | E67: =F67/0.2 -> 3500 | F67: =D67*1000 -> 700 | G67: =H67*0.2 -> 433.78995 | H67: =VS!I191 -> 2168.9498 | I67: =H67*1.8 -> 3904.1096 | J67: =I67+F67 -> 4604.1096 | K67: =H67*2 -> 4337.8995 | L67: =J66-K67 -> -611.73584 | M67: =M66+L67 -> 16433.677 | N67: =gas!H222 -> 185.40507 | O67: =N67/1000 -> 0.18540507 | P67: =P66+N67 -> 8100.2946 | Q67: =P67/(M67/1000) -> 492.90823 | R67: =Q67/62.4 -> 7.8991703
A68: 38841 | B68: R2 | C68: 1 | D68: =C68*0.7 -> 0.7 | E68: =F68/0.2 -> 3500 | F68: =D68*1000 -> 700 | G68: =H68*0.2 -> 461.94991 | H68: =VS!I193 -> 2309.7496 | I68: =H68*1.8 -> 4157.5492 | J68: =I68+F68 -> 4857.5492 | K68: =H68*2 -> 4619.4991 | L68: =J67-K68 -> -15.38956 | M68: =M67+L68 -> 16418.287 | N68: =gas!H224 -> 137.39805 | O68: =N68/1000 -> 0.13739805 | P68: =P67+N68 -> 8237.6927 | Q68: =P68/(M68/1000) -> 501.73885 | R68: =Q68/62.4 -> 8.0406867
A69: 38846 | B69: R2 | C69: 1 | D69: =C69*0.7 -> 0.7 | E69: =F69/0.2 -> 3500 | F69: =D69*1000 -> 700 | G69: =H69*0.2 -> 410.20382 | H69: =VS!I195 -> 2051.0191 | I69: =H69*1.8 -> 3691.8344 | J69: =I69+F69 -> 4391.8344 | K69: =H69*2 -> 4102.0382 | L69: =J68-K69 -> 755.51103 | M69: =M68+L69 -> 17173.799 | N69: =gas!H226 -> 251.12783 | O69: =N69/1000 -> 0.25112783 | P69: =P68+N69 -> 8488.8205 | Q69: =P69/(M69/1000) -> 494.28905 | R69: =Q69/62.4 -> 7.9212988
A70: 38848 | B70: R2 | C70: 1 | D70: =C70*0.7 -> 0.7 | E70: =F70/0.2 -> 3500 | F70: =D70*1000 -> 700 | G70: =H70*0.2 -> 574.94867 | H70: =VS!I197 -> 2874.7433 | I70: =H70*1.8 -> 5174.538 | J70: =I70+F70 -> 5874.538 | K70: =H70*2 -> 5749.4867 | L70: =J69-K70 -> -1357.6523 | M70: =M69+L70 -> 15816.146 | N70: =gas!H228 -> 184.20758 | O70: =N70/1000 -> 0.18420758 | P70: =P69+N70 -> 8673.0281 | Q70: =P70/(M70/1000) -> 548.36544 | R70: =Q70/62.4 -> 8.7879078
A71: 38850 | B71: R2 | C71: 1.25 | D71: =C71*0.7 -> 0.875 | E71: =F71/0.2 -> 4375 | F71: =D71*1000 -> 875 | G71: =H71*0.2 -> 418.11847 | H71: =VS!I199 -> 2090.5923 | I71: =H71*1.8 -> 3763.0662 | J71: =I71+F71 -> 4638.0662 | K71: =H71*2 -> 4181.1847 | L71: =J70-K71 -> 1693.3533 | M71: =M70+L71 -> 17509.5 | N71: =gas!H230 -> 286.58071 | O71: =N71/1000 -> 0.28658071 | P71: =P70+N71 -> 8959.6088 | Q71: =P71/(M71/1000) -> 511.69988 | R71: =Q71/62.4 -> 8.2003185
A72: 38853 | B72: R2 | C72: 1.25 | D72: =C72*0.7 -> 0.875 | E72: =F72/0.2 -> 4375 | F72: =D72*1000 -> 875 | G72: =H72*0.2 -> 325.55616 | H72: =VS!I201 -> 1627.7808 | I72: =H72*1.8 -> 2930.0054 | J72: =I72+F72 -> 3805.0054 | K72: =H72*2 -> 3255.5616 | L72: =J71-K72 -> 1382.5046 | M72: =M71+L72 -> 18892.004 | N72: =gas!H232 -> 394.84395 | O72: =N72/1000 -> 0.39484395 | P72: =P71+N72 -> 9354.4527 | Q72: =P72/(M72/1000) -> 495.15407 | R72: =Q72/62.4 -> 7.9351614
A73: 38855 | B73: R2 | C73: 1.25 | D73: =C73*0.7 -> 0.875 | E73: =F73/0.2 -> 4375 | F73: =D73*1000 -> 875 | G73: =H73*0.2 -> 537.5742 | H73: =VS!I203 -> 2687.871 | I73: =H73*1.8 -> 4838.1678 | J73: =I73+F73 -> 5713.1678 | K73: =H73*2 -> 5375.742 | L73: =J72-K73 -> -1570.7365 | M73: =M72+L73 -> 17321.268 | N73: =gas!H234 -> 276.18282 | O73: =N73/1000 -> 0.27618282 | P73: =P72+N73 -> 9630.6356 | Q73: =P73/(M73/1000) -> 556.00062 | R73: =Q73/62.4 -> 8.9102663
A74: 38857 | B74: R2 | C74: 1.25 | D74: =C74*0.7 -> 0.875 | E74: =F74/0.2 -> 4375 | F74: =D74*1000 -> 875 | G74: =H74*0.2 -> 199.44156 | H74: =VS!I205 -> 997.20782 | I74: =H74*1.8 -> 1794.9741 | J74: =I74+F74 -> 2669.9741 | K74: =H74*2 -> 1994.4156 | L74: =J73-K74 -> 3718.7521 | M74: =M73+L74 -> 21040.02 | N74: =gas!H236 -> 238.34993 | O74: =N74/1000 -> 0.23834993 | P74: =P73+N74 -> 9868.9855 | Q74: =P74/(M74/1000) -> 469.0578 | R74: =Q74/62.4 -> 7.516952
A75: 38860 | B75: R2 | C75: 1.25 | D75: =C75*0.7 -> 0.875 | E75: =F75/0.2 -> 4375 | F75: =D75*1000 -> 875 | G75: =H75*0.2 -> 424.17815 | H75: =VS!I159 -> 2120.8908 | I75: =H75*1.8 -> 3817.6034 | J75: =I75+F75 -> 4692.6034 | K75: =H75*2 -> 4241.7815 | L75: =J74-K75 -> -1571.8075 | M75: =M74+L75 -> 19468.212 | N75: =gas!H238 -> 571.39195 | O75: =N75/1000 -> 0.57139195 | P75: =P74+N75 -> 10440.377 | Q75: =P75/(M75/1000) -> 536.27818 | R75: =Q75/62.4 -> 8.5942016
A76: 38862 | B76: R2 | C76: 1.25 | D76: =C76*0.7 -> 0.875 | E76: =F76/0.2 -> 4375 | F76: =D76*1000 -> 875 | G76: =H76*0.2 -> 229.09507 | H76: =VS!I161 -> 1145.4754 | I76: =H76*1.8 -> 2061.8557 | J76: =I76+F76 -> 2936.8557 | K76: =H76*2 -> 2290.9507 | L76: =J75-K76 -> 2401.6526 | M76: =M75+L76 -> 21869.865 | N76: =gas!H240 -> 474.2569 | O76: =N76/1000 -> 0.4742569 | P76: =P75+N76 -> 10914.634 | Q76: =P76/(M76/1000) -> 499.07187 | R76: =Q76/62.4 -> 7.9979466
A77: 38864 | B77: R2 | C77: 1.25 | D77: =C77*0.7 -> 0.875 | E77: =F77/0.2 -> 4375 | F77: =D77*1000 -> 875 | G77: =H77*0.2 -> 468.38407 | H77: =VS!I163 -> 2341.9204 | I77: =H77*1.8 -> 4215.4567 | J77: =I77+F77 -> 5090.4567 | K77: =H77*2 -> 4683.8407 | L77: =J76-K77 -> -1746.9851 | M77: =M76+L77 -> 20122.88 | N77: =gas!H242 -> 439.2502 | O77: =N77/1000 -> 0.4392502 | P77: =P76+N77 -> 11353.885 | Q77: =P77/(M77/1000) -> 564.22762 | R77: =Q77/62.4 -> 9.0421092
A78: 38867 | B78: R2 | C78: 1.5 | D78: =C78*0.7 -> 1.05 | E78: =F78/0.2 -> 5250 | F78: =D78*1000 -> 1050 | G78: =H78*0.2 -> 362.35987 | H78: =VS!I207 -> 1811.7993 | I78: =H78*1.8 -> 3261.2388 | J78: =I78+F78 -> 4311.2388 | K78: =H78*2 -> 3623.5987 | L78: =J77-K78 -> 1466.858 | M78: =M77+L78 -> 21589.738 | N78: =gas!H244 -> 299.24036 | O78: =N78/1000 -> 0.29924036 | P78: =P77+N78 -> 11653.125 | Q78: =P78/(M78/1000) -> 539.75296 | R78: =Q78/62.4 -> 8.6498872
A79: 38869 | B79: R2 | C79: 1.5 | D79: =C79*0.7 -> 1.05 | E79: =F79/0.2 -> 5250 | F79: =D79*1000 -> 1050 | G79: =H79*0.2 -> 426.30938 | H79: =VS!I209 -> 2131.5469 | I79: =H79*1.8 -> 3836.7844 | J79: =I79+F79 -> 4886.7844 | K79: =H79*2 -> 4263.0938 | L79: =J78-K79 -> 48.14503 | M79: =M78+L79 -> 21637.883 | N79: =gas!H246 -> 221.6723 | O79: =N79/1000 -> 0.2216723 | P79: =P78+N79 -> 11874.797 | Q79: =P79/(M79/1000) -> 548.79663 | R79: =Q79/62.4 -> 8.7948178
A80: 38871 | B80: R2 | C80: 1.5 | D80: =C80*0.7 -> 1.05 | E80: =F80/0.2 -> 5250 | F80: =D80*1000 -> 1050 | G80: =H80*0.2 -> 453.22111 | H80: =VS!I211 -> 2266.1055 | I80: =H80*1.8 -> 4078.99 | J80: =I80+F80 -> 5128.99 | K80: =H80*2 -> 4532.2111 | L80: =J79-K80 -> 354.57334 | M80: =M79+L80 -> 21992.456 | N80: =gas!H248 -> 26.089185 | O80: =N80/1000 -> 0.026089185 | P80: =P79+N80 -> 11900.886 | Q80: =P80/(M80/1000) -> 541.13494 | R80: =Q80/62.4 -> 8.6720342
A81: 38874 | B81: R2 | C81: 1.5 | D81: =C81*0.7 -> 1.05 | E81: =F81/0.2 -> 5250 | F81: =D81*1000 -> 1050 | G81: =H81*0.2 -> 550.45872 | H81: =VS!I213 -> 2752.2936 | I81: =H81*1.8 -> 4954.1284 | J81: =I81+F81 -> 6004.1284 | K81: =H81*2 -> 5504.5872 | L81: =J80-K81 -> -375.59719 | M81: =M80+L81 -> 21616.859 | N81: =gas!H250 -> 279.49485 | O81: =N81/1000 -> 0.27949485 | P81: =P80+N81 -> 12180.381 | Q81: =P81/(M81/1000) -> 563.46675 | R81: =Q81/62.4 -> 9.0299158
A82: 38876 | B82: R2 | C82: 1.5 | D82: =C82*0.7 -> 1.05 | E82: =F82/0.2 -> 5250 | F82: =D82*1000 -> 1050 | G82: =H82*0.2 -> 584.1627 | H82: =VS!I215 -> 2920.8135 | I82: =H82*1.8 -> 5257.4643 | J82: =I82+F82 -> 6307.4643 | K82: =H82*2 -> 5841.627 | L82: =J81-K82 -> 162.50144 | M82: =M81+L82 -> 21779.36 | N82: =gas!H252 -> 318.79152 | O82: =N82/1000 -> 0.31879152 | P82: =P81+N82 -> 12499.173 | Q82: =P82/(M82/1000) -> 573.8999 | R82: =Q82/62.4 -> 9.1971137
A83: 38878 | B83: R2 | C83: 1.5 | D83: =C83*0.7 -> 1.05 | E83: =F83/0.2 -> 5250 | F83: =D83*1000 -> 1050 | G83: =H83*0.2 -> 375.19541 | H83: =VS!I217 -> 1875.9771 | I83: =H83*1.8 -> 3376.7587 | J83: =I83+F83 -> 4426.7587 | K83: =H83*2 -> 3751.9541 | L83: =J82-K83 -> 2555.5102 | M83: =M82+L83 -> 24334.871 | N83: =gas!H254 -> 223.61414 | O83: =N83/1000 -> 0.22361414 | P83: =P82+N83 -> 12722.787 | Q83: =P83/(M83/1000) -> 522.82123 | R83: =Q83/62.4 -> 8.3785453
A84: 38881 | B84: R2 | C84: 1.5 | D84: =C84*0.7 -> 1.05 | E84: =F84/0.2 -> 5250 | F84: =D84*1000 -> 1050 | G84: =H84*0.2 -> 588.76812 | H84: =VS!I219 -> 2943.8406 | I84: =H84*1.8 -> 5298.913 | J84: =I84+F84 -> 6348.913 | K84: =H84*2 -> 5887.6812 | L84: =J83-K84 -> -1460.9224 | M84: =M83+L84 -> 22873.948 | N84: =gas!H256 -> 227.19576 | O84: =N84/1000 -> 0.22719576 | P84: =P83+N84 -> 12949.983 | Q84: =P84/(M84/1000) -> 566.14549 | R84: =Q84/62.4 -> 9.0728444
A85: 38883 | B85: R2 | C85: 1.5 | D85: =C85*0.7 -> 1.05 | E85: =F85/0.2 -> 5250 | F85: =D85*1000 -> 1050 | G85: =H85*0.2 -> 374.82086 | H85: =VS!I221 -> 1874.1043 | I85: =H85*1.8 -> 3373.3877 | J85: =I85+F85 -> 4423.3877 | K85: =H85*2 -> 3748.2086 | L85: =J84-K85 -> 2600.7045 | M85: =M84+L85 -> 25474.653 | N85: =gas!H258 -> 198.96653 | O85: =N85/1000 -> 0.19896653 | P85: =P84+N85 -> 13148.949 | Q85: =P85/(M85/1000) -> 516.15813 | R85: =Q85/62.4 -> 8.271765
A86: 38885 | B86: R2 | C86: 1.75 | D86: =C86*0.7 -> 1.225 | E86: =F86/0.2 -> 6125 | F86: =D86*1000 -> 1225 | G86: =H86*0.2 -> 236.21117 | H86: =VS!I223 -> 1181.0559 | I86: =H86*1.8 -> 2125.9006 | J86: =I86+F86 -> 3350.9006 | K86: =H86*2 -> 2362.1117 | L86: =J85-K86 -> 2061.276 | M86: =M85+L86 -> 27535.929 | N86: =gas!H260 -> 314.39482 | O86: =N86/1000 -> 0.31439482 | P86: =P85+N86 -> 13463.344 | Q86: =P86/(M86/1000) -> 488.93735 | R86: =Q86/62.4 -> 7.8355345
A87: 38888 | B87: R2 | C87: 1.75 | D87: =C87*0.7 -> 1.225 | E87: =F87/0.2 -> 6125 | F87: =D87*1000 -> 1225 | G87: =H87*0.2 -> 724.55564 | H87: =VS!I225 -> 3622.7782 | I87: =H87*1.8 -> 6521.0008 | J87: =I87+F87 -> 7746.0008 | K87: =H87*2 -> 7245.5564 | L87: =J86-K87 -> -3894.6559 | M87: =M86+L87 -> 23641.273 | N87: =gas!H262 -> 186.51308 | O87: =N87/1000 -> 0.18651308 | P87: =P86+N87 -> 13649.857 | Q87: =P87/(M87/1000) -> 577.37404 | R87: =Q87/62.4 -> 9.252789
A88: 38890 | B88: R2 | C88: 1.75 | D88: =C88*0.7 -> 1.225 | E88: =F88/0.2 -> 6125 | F88: =D88*1000 -> 1225 | G88: =H88*0.2 -> 574.8962 | H88: =VS!I227 -> 2874.481 | I88: =H88*1.8 -> 5174.0658 | J88: =I88+F88 -> 6399.0658 | K88: =H88*2 -> 5748.962 | L88: =J87-K88 -> 1997.0388 | M88: =M87+L88 -> 25638.312 | N88: =gas!H264 -> 164.37545 | O88: =N88/1000 -> 0.16437545 | P88: =P87+N88 -> 13814.233 | Q88: =P88/(M88/1000) -> 538.8121 | R88: =Q88/62.4 -> 8.6348093
A89: 38892 | B89: R2 | C89: 1.75 | D89: =C89*0.7 -> 1.225 | E89: =F89/0.2 -> 6125 | F89: =D89*1000 -> 1225 | G89: =H89*0.2 -> 256.70945 | H89: =VS!I229 -> 1283.5473 | I89: =H89*1.8 -> 2310.3851 | J89: =I89+F89 -> 3535.3851 | K89: =H89*2 -> 2567.0945 | L89: =J88-K89 -> 3831.9713 | M89: =M88+L89 -> 29470.283 | N89: =gas!H266 -> 217.32957 | O89: =N89/1000 -> 0.21732957 | P89: =P88+N89 -> 14031.562 | Q89: =P89/(M89/1000) -> 476.1258 | R89: =Q89/62.4 -> 7.6302212
A90: 38895 | B90: R2 | C90: 1.75 | D90: =C90*0.7 -> 1.225 | E90: =F90/0.2 -> 6125 | F90: =D90*1000 -> 1225 | G90: =H90*0.2 -> 487.23898 | H90: =VS!I231 -> 2436.1949 | I90: =H90*1.8 -> 4385.1508 | J90: =I90+F90 -> 5610.1508 | K90: =H90*2 -> 4872.3898 | L90: =J89-K90 -> -1337.0047 | M90: =M89+L90 -> 28133.278 | N90: =gas!H268 -> 267.24027 | O90: =N90/1000 -> 0.26724027 | P90: =P89+N90 -> 14298.802 | Q90: =P90/(M90/1000) -> 508.25227 | R90: =Q90/62.4 -> 8.1450684
A91: 38897 | B91: R2 | C91: 1.75 | D91: =C91*0.7 -> 1.225 | E91: =F91/0.2 -> 6125 | F91: =D91*1000 -> 1225 | G91: =H91*0.2 -> 650.44297 | H91: =VS!I233 -> 3252.2149 | I91: =H91*1.8 -> 5853.9868 | J91: =I91+F91 -> 7078.9868 | K91: =H91*2 -> 6504.4297 | L91: =J90-K91 -> -894.27893 | M91: =M90+L91 -> 27238.999 | N91: =gas!H270 -> 240.6513 | O91: =N91/1000 -> 0.2406513 | P91: =P90+N91 -> 14539.454 | Q91: =P91/(M91/1000) -> 533.77342 | R91: =Q91/62.4 -> 8.5540612
A92: 38900 | B92: R2 | C92: 1.75 | D92: =C92*0.7 -> 1.225 | E92: =F92/0.2 -> 6125 | F92: =D92*1000 -> 1225 | G92: =H92*0.2 -> 527.37053 | H92: =VS!I235 -> 2636.8527 | I92: =H92*1.8 -> 4746.3348 | J92: =I92+F92 -> 5971.3348 | K92: =H92*2 -> 5273.7053 | L92: =J91-K92 -> 1805.2815 | M92: =M91+L92 -> 29044.281 | N92: =gas!H272 -> 338.65644 | O92: =N92/1000 -> 0.33865644 | P92: =P91+N92 -> 14878.11 | Q92: =P92/(M92/1000) -> 512.25611 | R92: =Q92/62.4 -> 8.2092325
A93: 38902 | B93: R2 | C93: 1.75 | D93: =C93*0.7 -> 1.225 | E93: =F93/0.2 -> 6125 | F93: =D93*1000 -> 1225 | G93: =H93*0.2 -> 492.83154 | H93: =VS!I237 -> 2464.1577 | I93: =H93*1.8 -> 4435.4839 | J93: =I93+F93 -> 5660.4839 | K93: =H93*2 -> 4928.3154 | L93: =J92-K93 -> 1043.0194 | M93: =M92+L93 -> 30087.3 | N93: =gas!H274 -> 284.07119 | O93: =N93/1000 -> 0.28407119 | P93: =P92+N93 -> 15162.181 | Q93: =P93/(M93/1000) -> 503.93958 | R93: =Q93/62.4 -> 8.0759548
A94: 38904 | B94: R2 | C94: 1.75 | D94: =C94*0.7 -> 1.225 | E94: =F94/0.2 -> 6125 | F94: =D94*1000 -> 1225 | G94: =H94*0.2 -> 623.89519 | H94: =VS!I239 -> 3119.4759 | I94: =H94*1.8 -> 5615.0567 | J94: =I94+F94 -> 6840.0567 | K94: =H94*2 -> 6238.9519 | L94: =J93-K94 -> -578.46799 | M94: =M93+L94 -> 29508.832 | N94: =gas!H276 -> 233.26835 | O94: =N94/1000 -> 0.23326835 | P94: =P93+N94 -> 15395.45 | Q94: =P94/(M94/1000) -> 521.72345 | R94: =Q94/62.4 -> 8.3609527
A95: 38906 | B95: R2 | C95: 1.75 | D95: =C95*0.7 -> 1.225 | E95: =F95/0.2 -> 6125 | F95: =D95*1000 -> 1225 | G95: =H95*0.2 -> 628.1407 | H95: =VS!I241 -> 3140.7035 | I95: =H95*1.8 -> 5653.2663 | J95: =I95+F95 -> 6878.2663 | K95: =H95*2 -> 6281.407 | L95: =J94-K95 -> 558.64964 | M95: =M94+L95 -> 30067.482 | N95: =gas!H278 -> 276.69354 | O95: =N95/1000 -> 0.27669354 | P95: =P94+N95 -> 15672.143 | Q95: =P95/(M95/1000) -> 521.23232 | R95: =Q95/62.4 -> 8.353082
A96: 38909 | B96: R2 | C96: 1.75 | D96: =C96*0.7 -> 1.225 | E96: =F96/0.2 -> 6125 | F96: =D96*1000 -> 1225 | G96: =H96*0.2 -> 556.65082 | H96: =VS!I243 -> 2783.2541 | I96: =H96*1.8 -> 5009.8574 | J96: =I96+F96 -> 6234.8574 | K96: =H96*2 -> 5566.5082 | L96: =J95-K96 -> 1311.7582 | M96: =M95+L96 -> 31379.24 | N96: =gas!H280 -> 315.17863 | O96: =N96/1000 -> 0.31517863 | P96: =P95+N96 -> 15987.322 | Q96: =P96/(M96/1000) -> 509.48722 | R96: =Q96/62.4 -> 8.1648594
A97: 38911 | B97: R2 | C97: 1.75 | D97: =C97*0.7 -> 1.225 | E97: =F97/0.2 -> 6125 | F97: =D97*1000 -> 1225 | G97: =H97*0.2 -> 603.80864 | H97: =VS!I245 -> 3019.0432 | I97: =H97*1.8 -> 5434.2778 | J97: =I97+F97 -> 6659.2778 | K97: =H97*2 -> 6038.0864 | L97: =J96-K97 -> 196.77097 | M97: =M96+L97 -> 31576.011 | N97: =gas!H283 -> 195.9653 | O97: =N97/1000 -> 0.1959653 | P97: =P96+N97 -> 16183.287 | Q97: =P97/(M97/1000) -> 512.51842 | R97: =Q97/62.4 -> 8.2134362
A98: 38913 | B98: R2 | C98: 1.75 | D98: =C98*0.7 -> 1.225 | E98: =F98/0.2 -> 6125 | F98: =D98*1000 -> 1225 | G98: =H98*0.2 -> 629.75027 | H98: =VS!I247 -> 3148.7514 | I98: =H98*1.8 -> 5667.7524 | J98: =I98+F98 -> 6892.7524 | K98: =H98*2 -> 6297.5027 | L98: =J97-K98 -> 361.77504 | M98: =M97+L98 -> 31937.786 | N98: =gas!H285 -> 147.38618 | O98: =N98/1000 -> 0.14738618 | P98: =P97+N98 -> 16330.673 | Q98: =P98/(M98/1000) -> 511.32766 | R98: =Q98/62.4 -> 8.1943535
A99: 38916 | B99: R2 | C99: 1.75 | D99: =C99*0.7 -> 1.225 | E99: =F99/0.2 -> 6125 | F99: =D99*1000 -> 1225 | G99: =H99*0.2 -> 632.71762 | H99: =VS!I249 -> 3163.5881 | I99: =H99*1.8 -> 5694.4586 | J99: =I99+F99 -> 6919.4586 | K99: =H99*2 -> 6327.1762 | L99: =J98-K99 -> 565.5762 | M99: =M98+L99 -> 32503.362 | N99: =gas!H287 -> 171.70935 | O99: =N99/1000 -> 0.17170935 | P99: =P98+N99 -> 16502.383 | Q99: =P99/(M99/1000) -> 507.7131 | R99: =Q99/62.4 -> 8.1364279
A100: 38918 | B100: R2 | C100: 1.75 | D100: =C100*0.7 -> 1.225 | E100: =F100/0.2 -> 6125 | F100: =D100*1000 -> 1225 | G100: =H100*0.2 -> 667.8156 | H100: =VS!I251 -> 3339.078 | I100: =H100*1.8 -> 6010.3404 | J100: =I100+F100 -> 7235.3404 | K100: =H100*2 -> 6678.156 | L100: =J99-K100 -> 241.30265 | M100: =M99+L100 -> 32744.665 | N100: =gas!H289 -> 202.76835 | O100: =N100/1000 -> 0.20276835 | P100: =P99+N100 -> 16705.151 | Q100: =P100/(M100/1000) -> 510.16406 | R100: =Q100/62.4 -> 8.1757061
...

Sheet Moisture
A1: moisture content
B2: wet wt + dish | C2: dry wt +dish | D2: dish | F2: dry wt | G2: wet wt | H2: solids | I2: % solids | J2: %moisture
A3: batch 1 | B3: =49.9+25 -> 74.9 | C3: 51 | D3: 49.9 | F3: =C3-D3 -> 1.1 | G3: =B3-D3 -> 25 | H3: =F3/G3 -> 0.044 | I3: =H3 -> 0.044 | J3: =1-I3 -> 0.956
A4: batch 1 | B4: =50.1+25 -> 75.1 | C4: 51.2 | D4: 50.1 | F4: =C4-D4 -> 1.1 | G4: =B4-D4 -> 25 | H4: =F4/G4 -> 0.044 | I4: =H4 -> 0.044 | J4: =1-I4 -> 0.956
A5: batch 2 | B5: =24+49.9 -> 73.9 | C5: 51.1 | D5: 49.9 | F5: =C5-D5 -> 1.2 | G5: =B5-D5 -> 24 | H5: =F5/G5 -> 0.05 | I5: =H5 -> 0.05 | J5: =1-I5 -> 0.95
A6: batch 2 | B6: =24+49.9 -> 73.9 | C6: 51.1 | D6: 49.9 | F6: =C6-D6 -> 1.2 | G6: =B6-D6 -> 24 | H6: =F6/G6 -> 0.05 | I6: =H6 -> 0.05 | J6: =1-I6 -> 0.95
A7: batch 3 | B7: =23+49.9 -> 72.9 | C7: 51.2 | D7: 49.9 | F7: =C7-D7 -> 1.3 | G7: =B7-D7 -> 23 | H7: =F7/G7 -> 0.056521739 | I7: =H7 -> 0.056521739 | J7: =1-I7 -> 0.94347826 | K7: =AVERAGE(J3:J18) -> 0.94898301
A8: batch 4 | B8: 73.9 | C8: 48.8 | D8: 47.7 | F8: =C8-D8 -> 1.1 | G8: =B8-D8 -> 26.2 | H8: =F8/G8 -> 0.041984733 | I8: =H8 -> 0.041984733 | J8: =1-I8 -> 0.95801527
A9: batch 5 | B9: =47.7+23 -> 70.7 | C9: 49.1 | D9: 47.7 | F9: =C9-D9 -> 1.4 | G9: =B9-D9 -> 23 | H9: =F9/G9 -> 0.060869565 | I9: =H9 -> 0.060869565 | J9: =1-I9 -> 0.93913043
A10: 40340
A11: batch 6 | B11: =40.01+50.82 -> 90.83 | C11: 52.5619 | D11: 50.82 | F11: =C11-D11 -> 1.7419 | G11: =B11-D11 -> 40.01 | H11: =F11/G11 -> 0.043536616 | I11: =H11 -> 0.043536616 | J11: =1-I11 -> 0.95646338
A15: starch test | F15: 0.6 | G15: 10 | H15: =F15/G15 -> 0.06 | I15: =H15 -> 0.06 | J15: =1-I15 -> 0.94 | L15: mon
B16: 59.4 | C16: 43 | D16: 42 | F16: =C16-D16 -> 1 | G16: =B16-D16 -> 17.4 | H16: =F16/G16 -> 0.057471264 | I16: =H16 -> 0.057471264 | J16: =1-I16 -> 0.94252874 | L16: fri
B17: 73.9 | C17: 48.8 | D17: 47.7 | F17: =C17-D17 -> 1.1 | G17: =B17-D17 -> 26.2 | H17: =F17/G17 -> 0.041984733 | I17: =H17 -> 0.041984733 | J17: =1-I17 -> 0.95801527
B18: =4.8516+1.3 -> 6.1516 | C18: 1.6 | D18: 1.3 | F18: =C18-D18 -> 0.3 | G18: =B18-D18 -> 4.8516 | H18: =F18/G18 -> 0.061835271 | I18: =H18 -> 0.061835271 | J18: =1-I18 -> 0.93816473
A23: Confirmation of moisture content for Starch
A24: DAY 6 results
A25: wet samples
B26: =1.29+0.2 -> 1.49 | C26: 1.31 | D26: 1.29 | F26: =C26-D26 -> 0.02 | G26: =B26-D26 -> 0.2 | H26: =F26/G26 -> 0.1 | I26: =H26 -> 0.1 | J26: =1-I26 -> 0.9
B27: =1.29+0.2 -> 1.49 | C27: 1.32 | D27: 1.29 | F27: =C27-D27 -> 0.03 | G27: =B27-D27 -> 0.2 | H27: =F27/G27 -> 0.15 | I27: =H27 -> 0.15 | J27: =1-I27 -> 0.85 | K27: =AVERAGE(J26:J28) -> 0.85
B28: =1.29+0.2 -> 1.49 | C28: 1.33 | D28: 1.29 | F28: =C28-D28 -> 0.04 | G28: =B28-D28 -> 0.2 | H28: =F28/G28 -> 0.2 | I28: =H28 -> 0.2 | J28: =1-I28 -> 0.8
A29: dry samples
B30: =1.29+0.2 -> 1.49 | C30: 1.48 | D30: 1.29 | F30: =C30-D30 -> 0.19 | G30: =B30-D30 -> 0.2 | H30: =F30/G30 -> 0.95 | I30: =H30 -> 0.95 | J30: =1-I30 -> 0.05
B31: =1.29+0.2 -> 1.49 | C31: 1.48 | D31: 1.29 | F31: =C31-D31 -> 0.19 | G31: =B31-D31 -> 0.2 | H31: =F31/G31 -> 0.95 | I31: =H31 -> 0.95 | J31: =1-I31 -> 0.05 | K31: =AVERAGE(J30:J32) -> 0.066666667
B32: =1.29+0.2 -> 1.49 | C32: 1.47 | D32: 1.29 | F32: =C32-D32 -> 0.18 | G32: =B32-D32 -> 0.2 | H32: =F32/G32 -> 0.9 | I32: =H32 -> 0.9 | J32: =1-I32 -> 0.1
A34: DDW | B34: 2.4 | C34: 2.3 | D34: 1.3 | F34: =C34-D34 -> 1 | G34: =B34-D34 -> 1.1 | H34: =F34/G34 -> 0.90909091 | I34: =H34 -> 0.90909091 | J34: =1-I34 -> 0.090909091
A36: starch dry
C37: 1.3897 | D37: 1.2878 | F37: =C37-D37 -> 0.1019 | G37: 0.2 | H37: =F37/G37 -> 0.5095 | I37: =H37 -> 0.5095 | J37: =1-I37 -> 0.4905
C38: 1.3899 | D38: 1.2878 | F38: =C38-D38 -> 0.1021 | G38: 0.2 | H38: =F38/G38 -> 0.5105 | I38: =H38 -> 0.5105 | J38: =1-I38 -> 0.4895 | K38: =AVERAGE(J37:J39) -> 0.49116667
C39: 1.3891 | D39: 1.2878 | F39: =C39-D39 -> 0.1013 | G39: 0.2 | H39: =F39/G39 -> 0.5065 | I39: =H39 -> 0.5065 | J39: =1-I39 -> 0.4935
A41: wet starch
B42: 1.4042 | C42: 1.3062 | D42: 1.2878 | F42: =C42-D42 -> 0.0184 | G42: =B42-D42 -> 0.1164 | H42: =F42/G42 -> 0.1580756 | I42: =H42 -> 0.1580756 | J42: =1-I42 -> 0.8419244
B43: 1.3857 | C43: 1.3316 | D43: 1.2878 | F43: =C43-D43 -> 0.0438 | G43: =B43-D43 -> 0.0979 | H43: =F43/G43 -> 0.4473953 | I43: =H43 -> 0.4473953 | J43: =1-I43 -> 0.5526047 | K43: =AVERAGE(J42,J44) -> 0.85280517
B44: 1.3795 | C44: 1.3003 | D44: 1.2878 | F44: =C44-D44 -> 0.0125 | G44: =B44-D44 -> 0.0917 | H44: =F44/G44 -> 0.13631407 | I44: =H44 -> 0.13631407 | J44: =1-I44 -> 0.86368593
A46: 40308
A47: Duckweed | B47: 1.759 | C47: 1.4036 | D47: 1.28315 | F47: =C47-D47 -> 0.12045 | G47: =B47-D47 -> 0.47585 | H47: =F47/G47 -> 0.25312599 | I47: =H47 -> 0.25312599 | J47: =1-I47 -> 0.74687401 | K47: =AVERAGE(J47:J48) -> 0.80779253
B48: 2.912 | C48: 1.497 | D48: 1.28315 | F48: =C48-D48 -> 0.21385 | G48: =B48-D48 -> 1.62885 | H48: =F48/G48 -> 0.13128895 | I48: =H48 -> 0.13128895 | J48: =1-I48 -> 0.86871105
A50: starch
A51: 1 | B51: =0.107+1.2812 -> 1.3882 | C51: 1.377 | D51: 1.2812 | F51: =C51-D51 -> 0.0958 | G51: =B51-D51 -> 0.107 | H51: =F51/G51 -> 0.8953271 | I51: =H51 -> 0.8953271 | J51: =1-I51 -> 0.1046729 | K51: =AVERAGE(J51:J52) -> 0.11051827
A52: 2 | B52: =0.11+1.2851 -> 1.3951 | C52: 1.3823 | D52: 1.2851 | F52: =C52-D52 -> 0.0972 | G52: =B52-D52 -> 0.11 | H52: =F52/G52 -> 0.88363636 | I52: =H52 -> 0.88363636 | J52: =1-I52 -> 0.11636364
A55: 40312
A56: starch
A57: 1 | B57: 1.4196 | C57: 1.3455 | D57: 1.3186 | F57: =C57-D57 -> 0.0269 | G57: =B57-D57 -> 0.101 | H57: =F57/G57 -> 0.26633663 | I57: =H57 -> 0.26633663 | J57: =1-I57 -> 0.73366337 | K57: =AVERAGE(J57:J58) -> 0.74767633
A58: 2 | B58: 1.4492 | C58: 1.3482 | D58: 1.3166 | F58: =C58-D58 -> 0.0316 | G58: =B58-D58 -> 0.1326 | H58: =F58/G58 -> 0.23831071 | I58: =H58 -> 0.23831071 | J58: =1-I58 -> 0.76168929
A60: duckweed
A61: 1 | B61: 31.2349 | C61: 20.9794 | D61: 20.3961 | F61: =C61-D61 -> 0.5833 | G61: =B61-D61 -> 10.8388 | H61: =F61/G61 -> 0.053815921 | I61: =H61 -> 0.053815921 | J61: =1-I61 -> 0.94618408 | K61: =AVERAGE(J61:J62) -> 0.9459455
A62: 2 | B62: 41.8223 | C62: 30.819 | D62: 30.1873 | F62: =C62-D62 -> 0.6317 | G62: =B62-D62 -> 11.635 | H62: =F62/G62 -> 0.054293081 | I62: =H62 -> 0.054293081 | J62: =1-I62 -> 0.94570692
A64: 40347
A65: duckweed (day 1) | B65: 402.17 | C65: 220.43 | D65: 212.34 | F65: =C65-D65 -> 8.09 | G65: =B65-D65 -> 189.83 | H65: =F65/G65 -> 0.042617078 | I65: =H65 -> 0.042617078 | J65: =1-I65 -> 0.95738292
A66: duckweed(day 5) | B66: 326.57 | C66: 262.89 | D66: 260.25 | F66: =C66-D66 -> 2.64 | G66: =B66-D66 -> 66.32 | H66: =F66/G66 -> 0.039806996 | I66: =H66 -> 0.039806996 | J66: =1-I66 -> 0.960193
A67: 40352
A68: duckweed (day 1) | B68: 534.29 | C68: 268.54 | D68: 257.92 | F68: =C68-D68 -> 10.62 | G68: =B68-D68 -> 276.37 | H68: =F68/G68 -> 0.038426747 | I68: =H68 -> 0.038426747 | J68: =1-I68 -> 0.96157325 | M68: =1.333+1.3246+1.3299 -> 3.9875 | N68: =M68/3 -> 1.3291667
A69: duckweed (day 8) | B69: 290.78 | C69: 214.98 | D69: 212.45 | F69: =C69-D69 -> 2.53 | G69: =B69-D69 -> 78.33 | H69: =F69/G69 -> 0.032299247 | I69: =H69 -> 0.032299247 | J69: =1-I69 -> 0.96770075
A70: day 8 after grinding | B70: 16.8 | C70: 1.9163 | D70: 1.3292 | F70: =C70-D70 -> 0.5871 | G70: =B70-D70 -> 15.4708 | H70: =F70/G70 -> 0.03794891 | I70: =H70 -> 0.03794891 | J70: =1-I70 -> 0.96205109
A71: 40355
A72: duckweed (day 1) | B72: 440.1 | C72: 264.18 | D72: 258.23 | F72: =C72-D72 -> 5.95 | G72: =B72-D72 -> 181.87 | H72: =F72/G72 -> 0.032715676 | I72: =H72 -> 0.032715676 | J72: =1-I72 -> 0.96728432
A73: starch
A74: 1 | B74: 1.4427 | C74: 1.362 | D74: 1.3333 | F74: =C74-D74 -> 0.0287 | G74: =B74-D74 -> 0.1094 | H74: =F74/G74 -> 0.26234004 | I74: =H74 -> 0.26234004 | J74: =1-I74 -> 0.73765996
A75: 2 | B75: 1.4338 | C75: 1.3554 | D75: 1.3246 | F75: =C75-D75 -> 0.0308 | G75: =B75-D75 -> 0.1092 | H75: =F75/G75 -> 0.28205128 | I75: =H75 -> 0.28205128 | J75: =1-I75 -> 0.71794872 | K75: =AVERAGE(J74:J76) -> 0.74033936
A76: 3 | B76: 1.4386 | C76: 1.3554 | D76: 1.3299 | F76: =C76-D76 -> 0.0255 | G76: =B76-D76 -> 0.1087 | H76: =F76/G76 -> 0.23459062 | I76: =H76 -> 0.23459062 | J76: =1-I76 -> 0.76540938
A78: cooked duckweed solids
A79: 1 | B79: 1.7852 | C79: 1.3254 | D79: 1.3174 | F79: =C79-D79 -> 0.008 | G79: =B79-D79 -> 0.4678 | H79: =F79/G79 -> 0.017101325 | I79: =H79 -> 0.017101325 | J79: =1-I79 -> 0.98289867
A81: 40382
B82: wet wt + dish | C82: dry wt +dish | D82: dish | F82: dry wt | G82: wet wt | H82: solids | I82: % solids | J82: %moisture
A83: woffia 1 | B83: 1.5831 | C83: 1.3263 | D83: 1.3168 | F83: =C83-D83 -> 0.0095 | G83: =B83-D83 -> 0.2663 | H83: =F83/G83 -> 0.035674052 | I83: =H83 -> 0.035674052 | J83: =1-I83 -> 0.96432595 | K83: =AVERAGE(J83:J84) -> 0.96435361
A84: woffia 2 | B84: 1.9258 | C84: 1.3491 | D84: 1.3278 | F84: =C84-D84 -> 0.0213 | G84: =B84-D84 -> 0.598 | H84: =F84/G84 -> 0.035618729 | I84: =H84 -> 0.035618729 | J84: =1-I84 -> 0.96438127
A85: Lemna 1 | B85: 5.1385 | C85: 1.4759 | D85: 1.3176 | F85: =C85-D85 -> 0.1583 | G85: =B85-D85 -> 3.8209 | H85: =F85/G85 -> 0.04143003 | I85: =H85 -> 0.04143003 | J85: =1-I85 -> 0.95856997 | K85: =AVERAGE(J85:J86) -> 0.95939442
A86: Lemna 2 | B86: 6.06 | C86: 1.5149 | D86: 1.3266 | F86: =C86-D86 -> 0.1883 | G86: =B86-D86 -> 4.7334 | H86: =F86/G86 -> 0.03978113 | I86: =H86 -> 0.03978113 | J86: =1-I86 -> 0.96021887
A88: 40390
A89: starch | B89: 1.4351 | C89: 1.3512 | D89: 1.3227 | F89: =C89-D89 -> 0.0285 | G89: =B89-D89 -> 0.1124 | H89: =F89/G89 -> 0.25355872 | I89: =H89 -> 0.25355872 | J89: =1-I89 -> 0.74644128
A90: 2 | B90: 1.4381 | C90: 1.3522 | D90: 1.3218 | F90: =C90-D90 -> 0.0304 | G90: =B90-D90 -> 0.1163 | H90: =F90/G90 -> 0.26139295 | I90: =H90 -> 0.26139295 | J90: =1-I90 -> 0.73860705 | K90: =AVERAGE(J89:J91) -> 0.75547011
A91: old starch | B91: 1.4359 | C91: 1.3487 | D91: 1.3243 | F91: =C91-D91 -> 0.0244 | G91: =B91-D91 -> 0.1116 | H91: =F91/G91 -> 0.21863799 | I91: =H91 -> 0.21863799 | J91: =1-I91 -> 0.78136201
A93: wet DW | B93: 6.1719 | C93: 1.5178 | D93: 1.3214 | F93: =C93-D93 -> 0.1964 | G93: =B93-D93 -> 4.8505 | H93: =F93/G93 -> 0.040490671 | I93: =H93 -> 0.040490671 | J93: =1-I93 -> 0.95950933
A94: 2 | B94: 5.7536 | C94: 1.505 | D94: 1.3254 | F94: =C94-D94 -> 0.1796 | G94: =B94-D94 -> 4.4282 | H94: =F94/G94 -> 0.04055824 | I94: =H94 -> 0.04055824 | J94: =1-I94 -> 0.95944176 | K94: =AVERAGE(J93:J95) -> 0.95953342 | L94: =AVERAGE(I93:I95) -> 0.040466576
A95: 3 | B95: 4.2648 | C95: 1.4418 | D95: 1.3231 | F95: =C95-D95 -> 0.1187 | G95: =B95-D95 -> 2.9417 | H95: =F95/G95 -> 0.040350818 | I95: =H95 -> 0.040350818 | J95: =1-I95 -> 0.95964918
A97: 40397
A98: air dried DW | B98: 1.7251 | C98: 1.6893 | D98: 1.3213 | F98: =C98-D98 -> 0.368 | G98: =B98-D98 -> 0.4038 | H98: =F98/G98 -> 0.91134225 | I98: =H98 -> 0.91134225 | J98: =1-I98 -> 0.088657751
A99: 2 | B99: 1.8021 | C99: 1.7619 | D99: 1.3263 | F99: =C99-D99 -> 0.4356 | G99: =B99-D99 -> 0.4758 | H99: =F99/G99 -> 0.91551072 | I99: =H99 -> 0.91551072 | J99: =1-I99 -> 0.084489281 | K99: =AVERAGE(J98:J100) -> 0.088938724
A100: 3 | B100: 1.9016 | C100: 1.8473 | D100: 1.3219 | F100: =C100-D100 -> 0.5254 | G100: =B100-D100 -> 0.5797 | H100: =F100/G100 -> 0.90633086 | I100: =H100 -> 0.90633086 | J100: =1-I100 -> 0.093669139
A102: starch(dry 100mg) | B102: 1.4315 | C102: 1.4191 | D102: 1.322 | F102: =C102-D102 -> 0.0971 | G102: =B102-D102 -> 0.1095 | H102: =F102/G102 -> 0.88675799 | I102: =H102 -> 0.88675799 | J102: =1-I102 -> 0.11324201
B103: 1.3942 | C103: 1.3866 | D103: 1.32 | F103: =C103-D103 -> 0.0666 | G103: =B103-D103 -> 0.0742 | H103: =F103/G103 -> 0.89757412 | I103: =H103 -> 0.89757412 | J103: =1-I103 -> 0.10242588 | K103: =AVERAGE(J102:J103) -> 0.10783394
A104: 40422
A105: oven dried | B105: 1.5888 | C105: 1.5694 | D105: 1.3289 | F105: =C105-D105 -> 0.2405 | G105: =B105-D105 -> 0.2599 | H105: =F105/G105 -> 0.92535591 | I105: =H105 -> 0.92535591 | J105: =1-I105 -> 0.074644094
B106: 1.5886 | C106: 1.568 | D106: 1.3303 | F106: =C106-D106 -> 0.2377 | G106: =B106-D106 -> 0.2583 | H106: =F106/G106 -> 0.92024777 | I106: =H106 -> 0.92024777 | J106: =1-I106 -> 0.079752226 | K106: =AVERAGE(J105:J106) -> 0.07719816
A107: air dried
B108: 1.4804 | C108: 1.4665 | D108: 1.3216 | F108: =C108-D108 -> 0.1449 | G108: =B108-D108 -> 0.1588 | H108: =F108/G108 -> 0.91246851 | I108: =H108 -> 0.91246851 | J108: =1-I108 -> 0.087531486 | K108: =AVERAGE(J108:J109) -> 0.087370394
B109: 1.3895 | C109: 1.3835 | D109: 1.3207 | F109: =C109-D109 -> 0.0628 | G109: =B109-D109 -> 0.0688 | H109: =F109/G109 -> 0.9127907 | I109: =H109 -> 0.9127907 | J109: =1-I109 -> 0.087209302
A110: starch
B111: 1.384 | C111: 1.3757 | D111: 1.3195 | F111: =C111-D111 -> 0.0562 | G111: =B111-D111 -> 0.0645 | H111: =F111/G111 -> 0.87131783 | I111: =H111 -> 0.87131783 | J111: =1-I111 -> 0.12868217 | K111: =AVERAGE(J111:J112) -> 0.12698411
B112: 1.5064 | C112: 1.4845 | D112: 1.3316 | F112: =C112-D112 -> 0.1529 | G112: =B112-D112 -> 0.1748 | H112: =F112/G112 -> 0.87471396 | I112: =H112 -> 0.87471396 | J112: =1-I112 -> 0.12528604
A113: wet Duckweed
B114: 129.51 | C114: 53.16 | D114: 49.71 | F114: =C114-D114 -> 3.45 | G114: =B114-D114 -> 79.8 | H114: =F114/G114 -> 0.043233083 | I114: =H114 -> 0.043233083 | J114: =1-I114 -> 0.95676692 | K114: 95.68
A115: 40434
A116: W1 | B116: 11.7016 | C116: 2.5917 | D116: 2.1646 | F116: =C116-D116 -> 0.4271 | G116: =B116-D116 -> 9.537 | H116: =F116/G116 -> 0.044783475 | I116: =H116 -> 0.044783475 | J116: =1-I116 -> 0.95521653 | K116: =AVERAGE(J116:J117) -> 0.9560768
A117: W2 | B117: 7.558 | C117: 2.4492 | D117: 2.2193 | F117: =C117-D117 -> 0.2299 | G117: =B117-D117 -> 5.3387 | H117: =F117/G117 -> 0.043062918 | I117: =H117 -> 0.043062918 | J117: =1-I117 -> 0.95693708
A119: 40467 | M119: =AVERAGE(K106,K134,K31) -> 0.066797085
A120: starch
A121: 1 | B121: 2.1907 | C121: 2.1855 | D121: 2.1398 | F121: =C121-D121 -> 0.0457 | G121: =B121-D121 -> 0.0509 | H121: =F121/G121 -> 0.8978389 | I121: =H121 -> 0.8978389 | J121: =1-I121 -> 0.1021611
A122: 2 | B122: 2.279 | C122: 2.2734 | D122: 2.2291 | F122: =C122-D122 -> 0.0443 | G122: =B122-D122 -> 0.0499 | H122: =F122/G122 -> 0.88777555 | I122: =H122 -> 0.88777555 | J122: =1-I122 -> 0.11222445 | K122: =AVERAGE(J121:J123) -> 0.10621088
A123: 3 | B123: 2.2324 | C123: 2.227 | D123: 2.1806 | F123: =C123-D123 -> 0.0464 | G123: =B123-D123 -> 0.0518 | H123: =F123/G123 -> 0.8957529 | I123: =H123 -> 0.8957529 | J123: =1-I123 -> 0.1042471
...

Sheet VSSDRY
A1: Dry samples | B1: Wt@103 | C1: wt @ 105 | D1: DW | E1: dish wt | F1: VSS% | H1: wet samples | I1: wt@103 | J1: wt@105 | L1: Beaker
A2: WWTP | B2: 73.4 | C2: 72.7 | D2: =B2-C2 -> 0.7 | E2: 72.4 | F2: =D2/(B2-E2) -> 0.7 | I2: 51.4 | J2: 50.6 | K2: =I2-J2 -> 0.8 | L2: 50.3 | M2: =K2/(I2-L2) -> 0.72727273
A3: Soln | B3: 51.1 | C3: 50.3 | D3: =B3-C3 -> 0.8 | E3: 50.1 | F3: =D3/(B3-E3) -> 0.8
A4: WWTP | B4: 51.8 | C4: 51.1 | D4: =B4-C4 -> 0.7 | E4: 50.8 | F4: =D4/(B4-E4) -> 0.7 | I4: 49.8 | J4: 49 | K4: =I4-J4 -> 0.8 | L4: 48.6 | M4: =K4/(I4-L4) -> 0.66666667
A5: sol | B5: 58.1 | C5: 57.3 | D5: =B5-C5 -> 0.8 | E5: 57.2 | F5: =D5/(B5-E5) -> 0.88888889 | O5: =AVERAGE(M2,M4,M7,M9) -> 0.71122995
G6: =AVERAGE(F2,F3,F4,F5,F7,F9,F10,F11,) -> 0.66405299
A7: sol | B7: 48.7 | C7: 47.9 | D7: =B7-C7 -> 0.8 | E7: 47.7 | F7: =D7/(B7-E7) -> 0.8 | I7: 51.9 | J7: 51.1 | K7: =I7-J7 -> 0.8 | L7: 50.8 | M7: =K7/(I7-L7) -> 0.72727273
A9: sol | B9: 1.4778 | C9: 1.3484 | D9: =B9-C9 -> 0.1294 | E9: 1.2878 | F9: =D9/(B9-E9) -> 0.68105263 | I9: 1.4 | J9: 1.3188 | K9: =I9-J9 -> 0.0812 | L9: 1.2878 | M9: =K9/(I9-L9) -> 0.72370766
B10: 1.4952 | C10: 1.349 | D10: =B10-C10 -> 0.1462 | E10: 1.2878 | F10: =D10/(B10-E10) -> 0.70491803
B11: 1.4671 | C11: 1.3413 | D11: =B11-C11 -> 0.1258 | E11: 1.2878 | F11: =D11/(B11-E11) -> 0.7016174
A12: 40357
A13: batch 21 | B13: 51.78 | C13: 50.07 | D13: =B13-C13 -> 1.71 | E13: 49.8 | F13: =D13/(B13-E13) -> 0.86363636
A14: 40362
A15: batch 22 | B15: 52.29 | C15: 50.49 | D15: =B15-C15 -> 1.8 | E15: 49.96 | F15: =D15/(B15-E15) -> 0.77253219
A16: 40371
A17: batch 23 | B17: 52.89 | C17: 51.29 | D17: =B17-C17 -> 1.6 | E17: 50.82 | F17: =D17/(B17-E17) -> 0.77294686
A18: 40373
A19: ddw | B19: 2.96 | C19: 1.71 | D19: =B19-C19 -> 1.25 | E19: 1.3 | F19: =D19/(B19-E19) -> 0.75301205
A20: 40378
A21: batch 24 | B21: 51.93 | C21: 50.45 | D21: =B21-C21 -> 1.48 | E21: 49.9 | F21: =D21/(B21-E21) -> 0.72906404
A22: 40401
A23: batch 25 | B23: 51.72 | C23: 50.18 | D23: =B23-C23 -> 1.54 | E23: 49.53 | F23: =D23/(B23-E23) -> 0.70319635
A24: 40403
A25: ddw | B25: 4.0876 | C25: 2.82 | D25: =B25-C25 -> 1.2676 | E25: 2.1601 | F25: =D25/(B25-E25) -> 0.65763943
A26: 40408
A27: batch 26 | B27: 51.02 | C27: 50.1 | D27: =B27-C27 -> 0.92 | E27: 49.7 | F27: =D27/(B27-E27) -> 0.6969697
A28: 40410
A29: batch 27 | B29: 53.18 | C29: 50.95 | D29: =B29-C29 -> 2.23 | E29: 49.99 | F29: =D29/(B29-E29) -> 0.69905956
A30: 40420
A31: batch 27 | B31: 52.19 | C31: 50.15 | D31: =B31-C31 -> 2.04 | E31: 49.31 | F31: =D31/(B31-E31) -> 0.70833333
A32: 40422
A33: batch 28 | B33: 53.16 | C33: 50.77 | D33: =B33-C33 -> 2.39 | E33: 49.71 | F33: =D33/(B33-E33) -> 0.69275362
A34: 40428 | I34: =AVERAGE(F41,F42,F43,F35,F33,F31,F29,F27,F23,F21,F17,F15,F13,) -> 0.68106878
A35: batch 29 | B35: 52.36 | C35: 50.25 | D35: =B35-C35 -> 2.11 | E35: 49.3 | F35: =D35/(B35-E35) -> 0.68954248
A36: 40422
A37: air dried | B37: 1.4665 | C37: 1.3626 | D37: =B37-C37 -> 0.1039 | E37: 1.3216 | F37: =D37/(B37-E37) -> 0.71704624
B38: 1.3895 | C38: 1.339 | D38: =B38-C38 -> 0.0505 | E38: 1.3207 | F38: =D38/(B38-E38) -> 0.73401163
A39: oven dried | B39: 1.568 | C39: 1.4082 | D39: =B39-C39 -> 0.1598 | E39: 1.3303 | F39: =D39/(B39-E39) -> 0.67227598
A40: 40442
A41: batch 30 | B41: 2.6112 | C41: 2.309 | D41: =B41-C41 -> 0.3022 | E41: 2.1875 | F41: =D41/(B41-E41) -> 0.7132405
A42: batch 31 | B42: 2.5962 | C42: 2.2765 | D42: =B42-C42 -> 0.3197 | E42: 2.1579 | F42: =D42/(B42-E42) -> 0.72940908
A43: batch 32 | B43: 2.4047 | C43: 2.2468 | D43: =B43-C43 -> 0.1579 | E43: 2.1981 | F43: =D43/(B43-E43) -> 0.7642788
A44: 40446
A45: RDW | B45: 2.5043 | C45: 2.2847 | D45: =B45-C45 -> 0.2196 | E45: 2.2 | F45: =D45/(B45-E45) -> 0.72165626 | L45: =22.4/64 -> 0.35
A46: DDW | B46: 2.4533 | C46: 2.2908 | D46: =B46-C46 -> 0.1625 | E46: 2.2 | F46: =D46/(B46-E46) -> 0.64153178
A47: DDW | B47: 2.4299 | C47: 2.2718 | D47: =B47-C47 -> 0.1581 | E47: 2.2 | F47: =D47/(B47-E47) -> 0.6876903
A48: 40455
A49: RDW | B49: 3 | C49: 2.5 | D49: =B49-C49 -> 0.5 | E49: 2.2 | F49: =D49/(B49-E49) -> 0.625
B50: 2.8 | C50: 2.3 | D50: =B50-C50 -> 0.5 | E50: 2.1 | F50: =D50/(B50-E50) -> 0.71428571

Sheet Mass-P,R1
C1: % P coming in | F1: loading, g/d | G1: total P in, g/d | I1: liquid effluent, mg/L | J1: volume out, L/d | K1: P out in liquid, g/d | M1: % P in digestate | N1: TS out, mg/L | O1: volume out, L | P1: P out in solids, g/d
C2: 0.0096 | F2: 1.75 | G2: =F2*C2 -> 0.0168 | I2: 38.06 | J2: 0.1 | K2: =J2*I2/1000 -> 0.003806 | M2: 0.0076 | N2: 9685.23 | O2: 0.1 | P2: =O2*N2/1000*M2 -> 0.0073607748 | R2: =P2+K2 -> 0.011166775
B4: in rxter
J5: =2.33/2 -> 1.165 | P5: =G2-R2 -> 0.0056332252 | R5: 2
A7: total P/7 | B7: =6.5/7 -> 0.92857143 | G7: =(G2-R2)/G2 -> 0.33531102 | H7: %unaccounted for | P7: =P5/0.0076 -> 0.74121384 | S7: =3/2 -> 1.5
B8: =B7/100 -> 0.0092857143 | G8: =96-96 -> 0 | H8: =G8/100 -> 0
G9: =G8/15 -> 0 | H9: =H8/41 -> 0 | I9: =H8/6 -> 0 | J9: =H8/10 -> 0 | K9: =H8/6 -> 0 | L9: =H8/17 -> 0 | M9: =H8/82 -> 0 | R9: g/d | S9: % unaccounted | T9: days | U9: g unaccounted
D10: MC | E10: wet wt | F10: loading
A11: 14th may - 23rd june | B11: 1 | C11: 0 | D11: 0.96 | E11: =1/(1-$D$11) -> 25 | F11: 1 | G11: =F11*C11 -> 0 | I11: 50.5 | J11: 0.1 | K11: 0 | M11: 0.0083825115 | N11: 4607.8001 | O11: 0.1 | P11: 0 | R11: =G11-(K11+P11) -> 0 | S11: =R11/G11*100 -> #DIV/0! | T11: 0 | U11: =R11*T11 -> 0
A12: 14 | C12: 0.0092857143 | D12: =D11-($M$9*T12) -> 0.96 | E12: =1/(1-$D$11) -> 25 | F12: =(1-D12)*E12 -> 1 | G12: =F12*C12 -> 0.0092857143 | I12: 50.5 | J12: 0.1 | K12: =J12*I12/1000 -> 0.00505 | M12: 0.0083825115 | N12: 5113.5201 | O12: 0.1 | P12: =O12*N12/1000*M12 -> 0.0042864142 | R12: =G12-(K12+P12) -> -5.0699879e-05 | S12: =R12/G12*100 -> -0.54599869 | T12: 1 | U12: =R12*T12 -> -5.0699879e-05
A13: 17 | C13: 0.0092857143 | D13: =D12-($M$9*T13) -> 0.96 | E13: =1/(1-$D$11) -> 25 | F13: =(1-D13)*E13 -> 1 | G13: =F13*C13 -> 0.0092857143 | I13: 50.5 | J13: 0.1 | K13: =J13*I13/1000 -> 0.00505 | M13: 0.0083825115 | N13: 5228.0882 | O13: 0.1 | P13: =O13*N13/1000*M13 -> 0.0043824509 | R13: =G13-(K13+P13) -> -0.00014673665 | S13: =R13/G13*100 -> -1.5802408 | T13: =A13-A12 -> 3 | U13: =R13*T13 -> -0.00044020994
A14: 19 | C14: 0.0092857143 | D14: =D13-($M$9*T14) -> 0.96 | E14: =1/(1-$D$11) -> 25 | F14: =(1-D14)*E14 -> 1 | G14: =F14*C14 -> 0.0092857143 | I14: 50.5 | J14: 0.1 | K14: =J14*I14/1000 -> 0.00505 | M14: 0.0083825115 | N14: 4851.8633 | O14: 0.1 | P14: =O14*N14/1000*M14 -> 0.00406708 | R14: =G14-(K14+P14) -> 0.00016863426 | S14: =R14/G14*100 -> 1.8160612 | T14: =A14-A13 -> 2 | U14: =R14*T14 -> 0.00033726851
A15: 21 | C15: 0.0092857143 | D15: =D14-($M$9*T15) -> 0.96 | E15: =1/(1-$D$11) -> 25 | F15: =(1-D15)*E15 -> 1 | G15: =F15*C15 -> 0.0092857143 | I15: 50.5 | J15: 0.1 | K15: =J15*I15/1000 -> 0.00505 | M15: 0.0083825115 | N15: 5235.6021 | O15: 0.1 | P15: =O15*N15/1000*M15 -> 0.0043887495 | R15: =G15-(K15+P15) -> -0.00015303521 | S15: =R15/G15*100 -> -1.6480715 | T15: =A15-A14 -> 2 | U15: =R15*T15 -> -0.00030607042
A16: 31 | C16: 0.0092857143 | D16: =D15-($M$9*T16) -> 0.96 | E16: =1/(1-$D$11) -> 25 | F16: =(1-D16)*E16 -> 1 | G16: =F16*C16 -> 0.0092857143 | I16: 50.5 | J16: 0.1 | K16: =J16*I16/1000 -> 0.00505 | M16: 0.0083825115 | N16: 4436.3783 | O16: 0.1 | P16: =O16*N16/1000*M16 -> 0.0037187992 | R16: =G16-(K16+P16) -> 0.00051691505 | S16: =R16/G16*100 -> 5.5667775 | T16: =A16-A15 -> 10 | U16: =R16*T16 -> 0.0051691505
A17: 2 | C17: 0.0092857143 | D17: =D16-($M$9*T17) -> 0.96 | E17: =1/(1-$D$11) -> 25 | F17: =(1-D17)*E17 -> 1 | G17: =F17*C17 -> 0.0092857143 | I17: 50.5 | J17: 0.1 | K17: =J17*I17/1000 -> 0.00505 | M17: 0.0083825115 | N17: 4771.7842 | O17: 0.1 | P17: =O17*N17/1000*M17 -> 0.0039999536 | R17: =G17-(K17+P17) -> 0.00023576065 | S17: =R17/G17*100 -> 2.5389608 | T17: 2 | U17: =R17*T17 -> 0.00047152129
A18: 4 | C18: 0.0092857143 | D18: =D17-($M$9*T18) -> 0.96 | E18: =1/(1-$D$11) -> 25 | F18: =(1-D18)*E18 -> 1 | G18: =F18*C18 -> 0.0092857143 | I18: 50.5 | J18: 0.1 | K18: =J18*I18/1000 -> 0.00505 | M18: 0.0083825115 | N18: 4984.4927 | O18: 0.1 | P18: =O18*N18/1000*M18 -> 0.0041782567 | R18: =G18-(K18+P18) -> 5.7457537e-05 | S18: =R18/G18*100 -> 0.61877347 | T18: =A18-A17 -> 2 | U18: =R18*T18 -> 0.00011491507
A19: 7 | C19: 0.0092857143 | D19: =D18-($M$9*T19) -> 0.96 | E19: =1/(1-$D$11) -> 25 | F19: =(1-D19)*E19 -> 1 | G19: =F19*C19 -> 0.0092857143 | I19: 50.5 | J19: 0.1 | K19: =J19*I19/1000 -> 0.00505 | M19: 0.0083825115 | N19: 4940.8132 | O19: 0.1 | P19: =O19*N19/1000*M19 -> 0.0041416423 | R19: =G19-(K19+P19) -> 9.407194e-05 | S19: =R19/G19*100 -> 1.0130824 | T19: =A19-A18 -> 3 | U19: =R19*T19 -> 0.00028221582
A20: 9 | C20: 0.0092857143 | D20: =D19-($M$9*T20) -> 0.96 | E20: =1/(1-$D$11) -> 25 | F20: =(1-D20)*E20 -> 1 | G20: =F20*C20 -> 0.0092857143 | I20: 50.5 | J20: 0.1 | K20: =J20*I20/1000 -> 0.00505 | M20: 0.0083825115 | N20: 5065.123 | O20: 0.1 | P20: =O20*N20/1000*M20 -> 0.0042458452 | R20: =G20-(K20+P20) -> -1.0130923e-05 | S20: =R20/G20*100 -> -0.10910224 | T20: =A20-A19 -> 2 | U20: =R20*T20 -> -2.0261845e-05
A21: 11 | C21: 0.0092857143 | D21: =D20-($M$9*T21) -> 0.96 | E21: =1/(1-$D$11) -> 25 | F21: =(1-D21)*E21 -> 1 | G21: =F21*C21 -> 0.0092857143 | I21: 50.5 | J21: 0.1 | K21: =J21*I21/1000 -> 0.00505 | M21: 0.0083825115 | N21: 4319.6544 | O21: 0.1 | P21: =O21*N21/1000*M21 -> 0.0036209553 | R21: =G21-(K21+P21) -> 0.00061475898 | S21: =R21/G21*100 -> 6.6204813 | T21: =A21-A20 -> 2 | U21: =R21*T21 -> 0.001229518
A22: 14 | C22: 0.0092857143 | D22: =D21-($M$9*T22) -> 0.96 | E22: =1/(1-$D$11) -> 25 | F22: =(1-D22)*E22 -> 1 | G22: =F22*C22 -> 0.0092857143 | I22: 50.5 | J22: 0.1 | K22: =J22*I22/1000 -> 0.00505 | M22: 0.0083825115 | N22: 5211.1028 | O22: 0.1 | P22: =O22*N22/1000*M22 -> 0.004368213 | R22: =G22-(K22+P22) -> -0.00013249868 | S22: =R22/G22*100 -> -1.4269089 | T22: =A22-A21 -> 3 | U22: =R22*T22 -> -0.00039749605
A23: 16 | C23: 0.0092857143 | D23: =D22-($M$9*T23) -> 0.96 | E23: =1/(1-$D$11) -> 25 | F23: =(1-D23)*E23 -> 1 | G23: =F23*C23 -> 0.0092857143 | I23: 50.5 | J23: 0.1 | K23: =J23*I23/1000 -> 0.00505 | M23: 0.0083825115 | N23: 4407.1805 | O23: 0.1 | P23: =O23*N23/1000*M23 -> 0.0036943241 | R23: =G23-(K23+P23) -> 0.00054139016 | S23: =R23/G23*100 -> 5.8303556 | T23: =A23-A22 -> 2 | U23: =R23*T23 -> 0.0010827803
A24: 18 | C24: 0.0092857143 | D24: =D23-($M$9*T24) -> 0.96 | E24: =1/(1-$D$11) -> 25 | F24: =(1-D24)*E24 -> 1 | G24: =F24*C24 -> 0.0092857143 | I24: 50.5 | J24: 0.1 | K24: =J24*I24/1000 -> 0.00505 | M24: 0.0083825115 | N24: 3249.5667 | O24: 0.1 | P24: =O24*N24/1000*M24 -> 0.0027239531 | R24: =G24-(K24+P24) -> 0.0015117612 | S24: =R24/G24*100 -> 16.280506 | T24: =A24-A23 -> 2 | U24: =R24*T24 -> 0.0030235225
A25: 21 | C25: 0.0092857143 | D25: =D24-($M$9*T25) -> 0.96 | E25: =1/(1-$D$11) -> 25 | F25: =(1-D25)*E25 -> 1 | G25: =F25*C25 -> 0.0092857143 | I25: 50.5 | J25: 0.1 | K25: =J25*I25/1000 -> 0.00505 | M25: 0.0083825115 | N25: 3353.1639 | O25: 0.1 | P25: =O25*N25/1000*M25 -> 0.0028107935 | R25: =G25-(K25+P25) -> 0.0014249208 | S25: =R25/G25*100 -> 15.345301 | T25: =A25-A24 -> 3 | U25: =R25*T25 -> 0.0042747624
A26: 23 | C26: 0.0092857143 | D26: =D25-($M$9*T26) -> 0.96 | E26: =1/(1-$D$11) -> 25 | F26: =(1-D26)*E26 -> 1 | G26: =F26*C26 -> 0.0092857143 | I26: 50.5 | J26: 0.1 | K26: =J26*I26/1000 -> 0.00505 | M26: 0.0083825115 | N26: 3948.6673 | O26: 0.1 | P26: =O26*N26/1000*M26 -> 0.0033099749 | R26: =G26-(K26+P26) -> 0.00092573934 | S26: =R26/G26*100 -> 9.9695006 | T26: =A26-A25 -> 2 | U26: =R26*T26 -> 0.0018514787
A27: 25th june - 30th june | B27: 2 | C27: 0.0092857143 | D27: 0.96 | F27: 1.25 | G27: 0 | I27: 53.231667 | J27: 0.1 | K27: 0 | M27: 0.0083825115 | N27: 3333.6609 | O27: 0.1 | P27: 0 | R27: =G27-(K27+P27) -> 0 | S27: =R27/G27*100 -> #DIV/0! | T27: 0 | U27: =T27*R27 -> 0
A28: 25 | C28: 0.0092857143 | D28: =D27-($M$9*T28) -> 0.96 | E28: =$F$27/(1-$D$11) -> 31.25 | F28: =(1-D28)*E28 -> 1.25 | G28: =F28*C28 -> 0.011607143 | I28: 53.231667 | J28: 0.1 | K28: =J28*I28/1000 -> 0.0053231667 | M28: 0.0083825115 | N28: 2051.7497 | O28: 0.1 | P28: =O28*N28/1000*M28 -> 0.0017198815 | R28: =G28-(K28+P28) -> 0.0045640946 | S28: =R28/G28*100 -> 39.321431 | T28: 1 | U28: =T28*R28 -> 0.0045640946
A29: 28 | C29: 0.0092857143 | D29: =D28-($M$9*T29) -> 0.96 | E29: =$F$27/(1-$D$11) -> 31.25 | F29: =(1-D29)*E29 -> 1.25 | G29: =F29*C29 -> 0.011607143 | I29: 53.231667 | J29: 0.1 | K29: =J29*I29/1000 -> 0.0053231667 | M29: 0.0083825115 | N29: 2930.8324 | O29: 0.1 | P29: =O29*N29/1000*M29 -> 0.0024567736 | R29: =G29-(K29+P29) -> 0.0038272026 | S29: =R29/G29*100 -> 32.972822 | T29: =A29-A28 -> 3 | U29: =T29*R29 -> 0.011481608
A30: 30 | C30: 0.0092857143 | D30: =D29-($M$9*T30) -> 0.96 | E30: =$F$27/(1-$D$11) -> 31.25 | F30: =(1-D30)*E30 -> 1.25 | G30: =F30*C30 -> 0.011607143 | I30: 55.486667 | J30: 0.1 | K30: =J30*I30/1000 -> 0.0055486667 | M30: 0.0083825115 | N30: 5018.4008 | O30: 0.1 | P30: =O30*N30/1000*M30 -> 0.0042066803 | R30: =G30-(K30+P30) -> 0.0018517959 | S30: =R30/G30*100 -> 15.953934 | T30: =A30-A29 -> 2 | U30: =T30*R30 -> 0.0037035919
A31: 3rd jul - 12 july | B31: 3 | C31: 0.0092857143 | D31: 0.96 | F31: 1.165 | G31: 0 | I31: 52.491333 | J31: 0.1 | K31: 0 | M31: 0.0083825115 | N31: 5273.5966 | O31: 0.1 | P31: 0 | R31: =G31-(K31+P31) -> 0 | S31: =R31/G31*100 -> #DIV/0! | T31: 0 | U31: =T31*R31 -> 0
A32: 3 | C32: 0.0092857143 | D32: =D31-($M$9*T32) -> 0.96 | E32: =$F$31/(1-$D$11) -> 29.125 | F32: =(1-D32)*E32 -> 1.165 | G32: =F32*C32 -> 0.010817857 | I32: 53.443333 | J32: 0.1 | K32: =J32*I32/1000 -> 0.0053443333 | M32: 0.0083825115 | N32: 5229.284 | O32: 0.1 | P32: =O32*N32/1000*M32 -> 0.0043834533 | R32: =G32-(K32+P32) -> 0.0010900705 | S32: =R32/G32*100 -> 10.076584 | T32: 1 | U32: =T32*R32 -> 0.0010900705
A33: 5 | C33: 0.0092857143 | D33: =D32-($M$9*T33) -> 0.96 | E33: =$F$31/(1-$D$11) -> 29.125 | F33: =(1-D33)*E33 -> 1.165 | G33: =F33*C33 -> 0.010817857 | I33: 44.93 | J33: 0.1 | K33: =J33*I33/1000 -> 0.004493 | M33: 0.0083825115 | N33: 4888.6475 | O33: 0.1 | P33: =O33*N33/1000*M33 -> 0.0040979144 | R33: =G33-(K33+P33) -> 0.0022269428 | S33: =R33/G33*100 -> 20.585803 | T33: =A33-A32 -> 2 | U33: =T33*R33 -> 0.0044538855
A34: 7 | C34: 0.0092857143 | D34: =D33-($M$9*T34) -> 0.96 | E34: =$F$31/(1-$D$11) -> 29.125 | F34: =(1-D34)*E34 -> 1.165 | G34: =F34*C34 -> 0.010817857 | I34: 55.66 | J34: 0.1 | K34: =J34*I34/1000 -> 0.005566 | M34: 0.0083825115 | N34: 4685.8104 | O34: 0.1 | P34: =O34*N34/1000*M34 -> 0.003927886 | R34: =G34-(K34+P34) -> 0.0013239712 | S34: =R34/G34*100 -> 12.238756 | T34: =A34-A33 -> 2 | U34: =T34*R34 -> 0.0026479423
A35: 9 | C35: 0.0092857143 | D35: =D34-($M$9*T35) -> 0.96 | E35: =$F$31/(1-$D$11) -> 29.125 | F35: =(1-D35)*E35 -> 1.165 | G35: =F35*C35 -> 0.010817857 | I35: 54.333333 | J35: 0.1 | K35: =J35*I35/1000 -> 0.0054333333 | M35: 0.0083825115 | N35: 5911.33 | O35: 0.1 | P35: =O35*N35/1000*M35 -> 0.0049551792 | R35: =G35-(K35+P35) -> 0.00042934457 | S35: =R35/G35*100 -> 3.9688505 | T35: =A35-A34 -> 2 | U35: =T35*R35 -> 0.00085868915
A36: 12 | C36: 0.0092857143 | D36: =D35-($M$9*T36) -> 0.96 | E36: =$F$31/(1-$D$11) -> 29.125 | F36: =(1-D36)*E36 -> 1.165 | G36: =F36*C36 -> 0.010817857 | I36: 54.09 | J36: 0.1 | K36: =J36*I36/1000 -> 0.005409 | M36: 0.0083825115 | N36: 5652.9112 | O36: 0.1 | P36: =O36*N36/1000*M36 -> 0.0047385594 | R36: =G36-(K36+P36) -> 0.00067029776 | S36: =R36/G36*100 -> 6.1962157 | T36: =A36-A35 -> 3 | U36: =T36*R36 -> 0.0020108933
A37: 14th july - 19th july | B37: 4 | C37: 0.0092857143 | D37: 0.96 | F37: 1.035 | G37: 0 | I37: 53.496667 | J37: 0.1 | K37: 0 | M37: 0.0083825115 | N37: 5690.8855 | O37: 0.1 | P37: 0 | R37: =G37-(K37+P37) -> 0 | S37: =R37/G37*100 -> #DIV/0! | T37: 0 | U37: =-T37*R37 -> 0
A38: 14 | C38: 0.0092857143 | D38: =D37-($M$9*T38) -> 0.96 | E38: =$F$37/(1-$D$11) -> 25.875 | F38: =(1-D38)*E38 -> 1.035 | G38: =F38*C38 -> 0.0096107143 | I38: 49.83 | J38: 0.1 | K38: =J38*I38/1000 -> 0.004983 | M38: 0.0083825115 | N38: 5783.5613 | O38: 0.1 | P38: =O38*N38/1000*M38 -> 0.004848077 | R38: =G38-(K38+P38) -> -0.00022036268 | S38: =R38/G38*100 -> -2.2928856 | T38: 1 | U38: =-T38*R38 -> 0.00022036268
A39: 16 | C39: 0.0092857143 | D39: =D38-($M$9*T39) -> 0.96 | E39: =$F$37/(1-$D$11) -> 25.875 | F39: =(1-D39)*E39 -> 1.035 | G39: =F39*C39 -> 0.0096107143 | I39: 54.403333 | J39: 0.1 | K39: =J39*I39/1000 -> 0.0054403333 | M39: 0.0083825115 | N39: 5712.4722 | O39: 0.1 | P39: =O39*N39/1000*M39 -> 0.0047884864 | R39: =G39-(K39+P39) -> -0.00061810549 | S39: =R39/G39*100 -> -6.4314209 | T39: =A39-A38 -> 2 | U39: =-T39*R39 -> 0.001236211
A40: 19 | C40: 0.0092857143 | D40: =D39-($M$9*T40) -> 0.96 | E40: =$F$37/(1-$D$11) -> 25.875 | F40: =(1-D40)*E40 -> 1.035 | G40: =F40*C40 -> 0.0096107143 | I40: 56.256667 | J40: 0.1 | K40: =J40*I40/1000 -> 0.0056256667 | M40: 0.0083825115 | N40: 5576.6228 | O40: 0.1 | P40: =O40*N40/1000*M40 -> 0.0046746105 | R40: =G40-(K40+P40) -> -0.00068956288 | S40: =R40/G40*100 -> -7.1749389 | T40: =A40-A39 -> 3 | U40: =-T40*R40 -> 0.0020686886
A41: 21st july - 6th aug | B41: 5 | C41: 0.0092857143 | D41: 0.96 | F41: 1.015 | G41: 0 | I41: 40.924762 | J41: 0.1 | K41: 0 | M41: 0.0083825115 | N41: 5891.6242 | O41: 0.1 | P41: 0 | R41: =G41-(K41+P41) -> 0 | S41: =R41/G41*100 -> #DIV/0! | T41: 0 | U41: =T41*R41 -> 0
A42: 21 | C42: 0.0092857143 | D42: =D41-($M$9*T42) -> 0.96 | E42: =$F$41/(1-$D$11) -> 25.375 | F42: =(1-D42)*E42 -> 1.015 | G42: =F42*C42 -> 0.009425 | I42: 55.16 | J42: 0.1 | K42: =J42*I42/1000 -> 0.005516 | M42: 0.0083825115 | N42: 5852.2312 | O42: 0.1 | P42: =O42*N42/1000*M42 -> 0.0049056395 | R42: =G42-(K42+P42) -> -0.00099663953 | S42: =R42/G42*100 -> -10.574425 | T42: 1 | U42: =T42*R42 -> -0.00099663953
A43: 23 | C43: 0.0092857143 | D43: =D42-($M$9*T43) -> 0.96 | E43: =$F$41/(1-$D$11) -> 25.375 | F43: =(1-D43)*E43 -> 1.015 | G43: =F43*C43 -> 0.009425 | I43: 47.493333 | J43: 0.1 | K43: =J43*I43/1000 -> 0.0047493333 | M43: 0.0083825115 | N43: 5916.4596 | O43: 0.1 | P43: =O43*N43/1000*M43 -> 0.0049594791 | R43: =G43-(K43+P43) -> -0.00028381241 | S43: =R43/G43*100 -> -3.0112723 | T43: =A43-A42 -> 2 | U43: =T43*R43 -> -0.00056762483
A44: 26 | C44: 0.0092857143 | D44: =D43-($M$9*T44) -> 0.96 | E44: =$F$41/(1-$D$11) -> 25.375 | F44: =(1-D44)*E44 -> 1.015 | G44: =F44*C44 -> 0.009425 | I44: 36.55 | J44: 0.1 | K44: =J44*I44/1000 -> 0.003655 | M44: 0.0083825115 | N44: 5117.2708 | O44: 0.1 | P44: =O44*N44/1000*M44 -> 0.0042895581 | R44: =G44-(K44+P44) -> 0.0014804419 | S44: =R44/G44*100 -> 15.707606 | T44: =A44-A43 -> 3 | U44: =T44*R44 -> 0.0044413256
A45: 30 | C45: 0.0092857143 | D45: =D44-($M$9*T45) -> 0.96 | E45: =$F$41/(1-$D$11) -> 25.375 | F45: =(1-D45)*E45 -> 1.015 | G45: =F45*C45 -> 0.009425 | I45: 34.87 | J45: 0.1 | K45: =J45*I45/1000 -> 0.003487 | M45: 0.0083825115 | N45: 5997.165 | O45: 0.1 | P45: =O45*N45/1000*M45 -> 0.0050271305 | R45: =G45-(K45+P45) -> 0.00091086954 | S45: =R45/G45*100 -> 9.6643983 | T45: =A45-A44 -> 4 | U45: =T45*R45 -> 0.0036434782
A46: 2 | C46: 0.0092857143 | D46: =D45-($M$9*T46) -> 0.96 | E46: =$F$41/(1-$D$11) -> 25.375 | F46: =(1-D46)*E46 -> 1.015 | G46: =F46*C46 -> 0.009425 | I46: 35.85 | J46: 0.1 | K46: =J46*I46/1000 -> 0.003585 | M46: 0.0083825115 | N46: 6107.9063 | O46: 0.1 | P46: =O46*N46/1000*M46 -> 0.0051199595 | R46: =G46-(K46+P46) -> 0.00072004046 | S46: =R46/G46*100 -> 7.6396866 | T46: 3 | U46: =T46*R46 -> 0.0021601214
A47: 4 | C47: 0.0092857143 | D47: =D46-($M$9*T47) -> 0.96 | E47: =$F$41/(1-$D$11) -> 25.375 | F47: =(1-D47)*E47 -> 1.015 | G47: =F47*C47 -> 0.009425 | I47: 38.03 | J47: 0.1 | K47: =J47*I47/1000 -> 0.003803 | M47: 0.0083825115 | N47: 6095.4572 | O47: 0.1 | P47: =O47*N47/1000*M47 -> 0.005109524 | R47: =G47-(K47+P47) -> 0.000512476 | S47: =R47/G47*100 -> 5.4374112 | T47: =A47-A46 -> 2 | U47: =T47*R47 -> 0.001024952
A48: 6 | C48: 0.0092857143 | D48: =D47-($M$9*T48) -> 0.96 | E48: =$F$41/(1-$D$11) -> 25.375 | F48: =(1-D48)*E48 -> 1.015 | G48: =F48*C48 -> 0.009425 | I48: 38.52 | J48: 0.1 | K48: =J48*I48/1000 -> 0.003852 | M48: 0.0083825115 | N48: 6154.8791 | O48: 0.1 | P48: =O48*N48/1000*M48 -> 0.0051593345 | R48: =G48-(K48+P48) -> 0.00041366546 | S48: =R48/G48*100 -> 4.3890234 | T48: =A48-A47 -> 2 | U48: =T48*R48 -> 0.00082733092
A49: 9th aug- 29th oct | B49: 6 | C49: 0.0092857143 | D49: 0.96 | F49: 1.5 | G49: 0 | I49: 28.886111 | J49: 0.1 | K49: 0 | M49: 0.0083825115 | N49: 8181.8422 | O49: 0.1 | P49: 0 | R49: 0 | S49: =R49/G49*100 -> #DIV/0! | T49: 0 | U49: =T49*R49 -> 0
A50: 9 | C50: 0.0092857143 | D50: =D49-($M$9*T50) -> 0.96 | E50: =$F$49/(1-$D$11) -> 37.5 | F50: =(1-D50)*E50 -> 1.5 | G50: =F50*C50 -> 0.013928571 | I50: 28.886111 | J50: 0.1 | K50: =J50*I50/1000 -> 0.0028886111 | M50: 0.0083825115 | N50: 6171.4542 | O50: 0.1 | P50: =O50*N50/1000*M50 -> 0.0051732286 | R50: =G50-(K50+P50) -> 0.0058667317 | S50: =R50/G50*100 -> 42.120125 | T50: 1 | U50: =T50*R50 -> 0.0058667317
A51: 11 | C51: 0.0092857143 | D51: =D50-($M$9*T51) -> 0.96 | E51: =$F$49/(1-$D$11) -> 37.5 | F51: =(1-D51)*E51 -> 1.5 | G51: =F51*C51 -> 0.013928571 | I51: 43.52 | J51: 0.1 | K51: =J51*I51/1000 -> 0.004352 | M51: 0.0083825115 | N51: 6280.6897 | O51: 0.1 | P51: =O51*N51/1000*M51 -> 0.0052647954 | R51: =G51-(K51+P51) -> 0.004311776 | S51: =R51/G51*100 -> 30.956341 | T51: =A51-A50 -> 2 | U51: =T51*R51 -> 0.008623552
A52: 13 | C52: 0.0092857143 | D52: =D51-($M$9*T52) -> 0.96 | E52: =$F$49/(1-$D$11) -> 37.5 | F52: =(1-D52)*E52 -> 1.5 | G52: =F52*C52 -> 0.013928571 | I52: 35.47 | J52: 0.1 | K52: =J52*I52/1000 -> 0.003547 | M52: 0.0083825115 | N52: 6086.2389 | O52: 0.1 | P52: =O52*N52/1000*M52 -> 0.0051017968 | R52: =G52-(K52+P52) -> 0.0052797746 | S52: =R52/G52*100 -> 37.906074 | T52: =A52-A51 -> 2 | U52: =T52*R52 -> 0.010559549
A53: 16 | C53: 0.0092857143 | D53: =D52-($M$9*T53) -> 0.96 | E53: =$F$49/(1-$D$11) -> 37.5 | F53: =(1-D53)*E53 -> 1.5 | G53: =F53*C53 -> 0.013928571 | I53: 35.47 | J53: 0.1 | K53: =J53*I53/1000 -> 0.003547 | M53: 0.0083825115 | N53: 6498.5994 | O53: 0.1 | P53: =O53*N53/1000*M53 -> 0.0054474585 | R53: =G53-(K53+P53) -> 0.0049341129 | S53: =R53/G53*100 -> 35.424401 | T53: =A53-A52 -> 3 | U53: =T53*R53 -> 0.014802339
A54: 18 | C54: 0.0092857143 | D54: =D53-($M$9*T54) -> 0.96 | E54: =$F$49/(1-$D$11) -> 37.5 | F54: =(1-D54)*E54 -> 1.5 | G54: =F54*C54 -> 0.013928571 | I54: 35.47 | J54: 0.1 | K54: =J54*I54/1000 -> 0.003547 | M54: 0.0083825115 | N54: 6563.5777 | O54: 0.1 | P54: =O54*N54/1000*M54 -> 0.0055019266 | R54: =G54-(K54+P54) -> 0.0048796448 | S54: =R54/G54*100 -> 35.033348 | T54: =A54-A53 -> 2 | U54: =T54*R54 -> 0.0097592897
A55: 20 | C55: 0.0092857143 | D55: =D54-($M$9*T55) -> 0.96 | E55: =$F$49/(1-$D$11) -> 37.5 | F55: =(1-D55)*E55 -> 1.5 | G55: =F55*C55 -> 0.013928571 | I55: 35.47 | J55: 0.1 | K55: =J55*I55/1000 -> 0.003547 | M55: 0.0083825115 | N55: 7335.7431 | O55: 0.1 | P55: =O55*N55/1000*M55 -> 0.0061491952 | R55: =G55-(K55+P55) -> 0.0042323763 | S55: =R55/G55*100 -> 30.386291 | T55: =A55-A54 -> 2 | U55: =T55*R55 -> 0.0084647525
A56: 25 | C56: 0.0092857143 | D56: =D55-($M$9*T56) -> 0.96 | E56: =$F$49/(1-$D$11) -> 37.5 | F56: =(1-D56)*E56 -> 1.5 | G56: =F56*C56 -> 0.013928571 | I56: 28.6 | J56: 0.1 | K56: =J56*I56/1000 -> 0.00286 | M56: 0.0083825115 | N56: 7691.4625 | O56: 0.1 | P56: =O56*N56/1000*M56 -> 0.0064473773 | R56: =G56-(K56+P56) -> 0.0046211941 | S56: =R56/G56*100 -> 33.177804 | T56: =A56-A55 -> 5 | U56: =T56*R56 -> 0.023105971
A57: 27 | C57: 0.0092857143 | D57: =D56-($M$9*T57) -> 0.96 | E57: =$F$49/(1-$D$11) -> 37.5 | F57: =(1-D57)*E57 -> 1.5 | G57: =F57*C57 -> 0.013928571 | I57: 31.445 | J57: 0.1 | K57: =J57*I57/1000 -> 0.0031445 | M57: 0.0083825115 | N57: 7696.5366 | O57: 0.1 | P57: =O57*N57/1000*M57 -> 0.0064516307 | R57: =G57-(K57+P57) -> 0.0043324408 | S57: =R57/G57*100 -> 31.104703 | T57: =A57-A56 -> 2 | U57: =T57*R57 -> 0.0086648816
A58: 30 | C58: 0.0092857143 | D58: =D57-($M$9*T58) -> 0.96 | E58: =$F$49/(1-$D$11) -> 37.5 | F58: =(1-D58)*E58 -> 1.5 | G58: =F58*C58 -> 0.013928571 | I58: 31.445 | J58: 0.1 | K58: =J58*I58/1000 -> 0.0031445 | M58: 0.0083825115 | N58: 8273.1298 | O58: 0.1 | P58: =O58*N58/1000*M58 -> 0.0069349606 | R58: =G58-(K58+P58) -> 0.0038491108 | S58: =R58/G58*100 -> 27.634642 | T58: =A58-A57 -> 3 | U58: =T58*R58 -> 0.011547332
A59: 1 | C59: 0.0092857143 | D59: =D58-($M$9*T59) -> 0.96 | E59: =$F$49/(1-$D$11) -> 37.5 | F59: =(1-D59)*E59 -> 1.5 | G59: =F59*C59 -> 0.013928571 | I59: 31.445 | J59: 0.1 | K59: =J59*I59/1000 -> 0.0031445 | M59: 0.0083825115 | N59: 8498.5836 | O59: 0.1 | P59: =O59*N59/1000*M59 -> 0.0071239475 | R59: =G59-(K59+P59) -> 0.0036601239 | S59: =R59/G59*100 -> 26.277813 | T59: 2 | U59: =T59*R59 -> 0.0073202479
A60: 3 | C60: 0.0092857143 | D60: =D59-($M$9*T60) -> 0.96 | E60: =$F$49/(1-$D$11) -> 37.5 | F60: =(1-D60)*E60 -> 1.5 | G60: =F60*C60 -> 0.013928571 | I60: 31.445 | J60: 0.1 | K60: =J60*I60/1000 -> 0.0031445 | M60: 0.0083825115 | N60: 8463.7681 | O60: 0.1 | P60: =O60*N60/1000*M60 -> 0.0070947634 | R60: =G60-(K60+P60) -> 0.003689308 | S60: =R60/G60*100 -> 26.48734 | T60: =A60-A59 -> 2 | U60: =T60*R60 -> 0.0073786161
A61: 7 | C61: 0.0092857143 | D61: =D60-($M$9*T61) -> 0.96 | E61: =$F$49/(1-$D$11) -> 37.5 | F61: =(1-D61)*E61 -> 1.5 | G61: =F61*C61 -> 0.013928571 | I61: 31.445 | J61: 0.1 | K61: =J61*I61/1000 -> 0.0031445 | M61: 0.0083825115 | N61: 8414.6341 | O61: 0.1 | P61: =O61*N61/1000*M61 -> 0.0070535768 | R61: =G61-(K61+P61) -> 0.0037304946 | S61: =R61/G61*100 -> 26.783038 | T61: =A61-A60 -> 4 | U61: =T61*R61 -> 0.014921979
A62: 9 | C62: 0.0092857143 | D62: =D61-($M$9*T62) -> 0.96 | E62: =$F$49/(1-$D$11) -> 37.5 | F62: =(1-D62)*E62 -> 1.5 | G62: =F62*C62 -> 0.013928571 | I62: 31.445 | J62: 0.1 | K62: =J62*I62/1000 -> 0.0031445 | M62: 0.0083825115 | N62: 7886.2601 | O62: 0.1 | P62: =O62*N62/1000*M62 -> 0.0066106667 | R62: =G62-(K62+P62) -> 0.0041734048 | S62: =R62/G62*100 -> 29.962906 | T62: =A62-A61 -> 2 | U62: =T62*R62 -> 0.0083468095
A63: 11 | C63: 0.0092857143 | D63: =D62-($M$9*T63) -> 0.96 | E63: =$F$49/(1-$D$11) -> 37.5 | F63: =(1-D63)*E63 -> 1.5 | G63: =F63*C63 -> 0.013928571 | I63: 31.445 | J63: 0.1 | K63: =J63*I63/1000 -> 0.0031445 | M63: 0.0083825115 | N63: 5184.9291 | O63: 0.1 | P63: =O63*N63/1000*M63 -> 0.0043462728 | R63: =G63-(K63+P63) -> 0.0064377986 | S63: =R63/G63*100 -> 46.220092 | T63: =A63-A62 -> 2 | U63: =T63*R63 -> 0.012875597
A64: 13 | C64: 0.0092857143 | D64: =D63-($M$9*T64) -> 0.96 | E64: =$F$49/(1-$D$11) -> 37.5 | F64: =(1-D64)*E64 -> 1.5 | G64: =F64*C64 -> 0.013928571 | I64: 31.445 | J64: 0.1 | K64: =J64*I64/1000 -> 0.0031445 | M64: 0.0083825115 | N64: 8754.7367 | O64: 0.1 | P64: =O64*N64/1000*M64 -> 0.0073386681 | R64: =G64-(K64+P64) -> 0.0034454033 | S64: =R64/G64*100 -> 24.736229 | T64: =A64-A63 -> 2 | U64: =T64*R64 -> 0.0068908066
A65: 15 | C65: 0.0092857143 | D65: =D64-($M$9*T65) -> 0.96 | E65: =$F$49/(1-$D$11) -> 37.5 | F65: =(1-D65)*E65 -> 1.5 | G65: =F65*C65 -> 0.013928571 | I65: 31.445 | J65: 0.1 | K65: =J65*I65/1000 -> 0.0031445 | M65: 0.0083825115 | N65: 9403.5811 | O65: 0.1 | P65: =O65*N65/1000*M65 -> 0.0078825627 | R65: =G65-(K65+P65) -> 0.0029015087 | S65: =R65/G65*100 -> 20.831345 | T65: =A65-A64 -> 2 | U65: =T65*R65 -> 0.0058030175
A66: 17 | C66: 0.0092857143 | D66: =D65-($M$9*T66) -> 0.96 | E66: =$F$49/(1-$D$11) -> 37.5 | F66: =(1-D66)*E66 -> 1.5 | G66: =F66*C66 -> 0.013928571 | I66: 31.445 | J66: 0.1 | K66: =J66*I66/1000 -> 0.0031445 | M66: 0.0083825115 | N66: 9672.04 | O66: 0.1 | P66: =O66*N66/1000*M66 -> 0.0081075987 | R66: =G66-(K66+P66) -> 0.0026764727 | S66: =R66/G66*100 -> 19.215702 | T66: =A66-A65 -> 2 | U66: =T66*R66 -> 0.0053529454
A67: 21 | C67: 0.0092857143 | D67: =D66-($M$9*T67) -> 0.96 | E67: =$F$49/(1-$D$11) -> 37.5 | F67: =(1-D67)*E67 -> 1.5 | G67: =F67*C67 -> 0.013928571 | I67: 31.445 | J67: 0.1 | K67: =J67*I67/1000 -> 0.0031445 | M67: 0.0083825115 | N67: 9462.1514 | O67: 0.1 | P67: =O67*N67/1000*M67 -> 0.0079316593 | R67: =G67-(K67+P67) -> 0.0028524121 | S67: =R67/G67*100 -> 20.478856 | T67: =A67-A66 -> 4 | U67: =T67*R67 -> 0.011409648
A68: 23 | C68: 0.0092857143 | D68: =D67-($M$9*T68) -> 0.96 | E68: =$F$49/(1-$D$11) -> 37.5 | F68: =(1-D68)*E68 -> 1.5 | G68: =F68*C68 -> 0.013928571 | I68: 31.445 | J68: 0.1 | K68: =J68*I68/1000 -> 0.0031445 | M68: 0.0083825115 | N68: 9446.3972 | O68: 0.1 | P68: =O68*N68/1000*M68 -> 0.0079184533 | R68: =G68-(K68+P68) -> 0.0028656181 | S68: =R68/G68*100 -> 20.573668 | T68: =A68-A67 -> 2 | U68: =T68*R68 -> 0.0057312362
A69: 25 | C69: 0.0092857143 | D69: =D68-($M$9*T69) -> 0.96 | E69: =$F$49/(1-$D$11) -> 37.5 | F69: =(1-D69)*E69 -> 1.5 | G69: =F69*C69 -> 0.013928571 | I69: 28.53 | J69: 0.1 | K69: =J69*I69/1000 -> 0.002853 | M69: 0.0083825115 | N69: 9514.3268 | O69: 0.1 | P69: =O69*N69/1000*M69 -> 0.0079753954 | R69: =G69-(K69+P69) -> 0.003100176 | S69: =R69/G69*100 -> 22.257674 | T69: =A69-A68 -> 2 | U69: =T69*R69 -> 0.006200352
A70: 27 | C70: 0.0092857143 | D70: =D69-($M$9*T70) -> 0.96 | E70: =$F$49/(1-$D$11) -> 37.5 | F70: =(1-D70)*E70 -> 1.5 | G70: =F70*C70 -> 0.013928571 | I70: 29.605 | J70: 0.1 | K70: =J70*I70/1000 -> 0.0029605 | M70: 0.0083825115 | N70: 9075.9076 | O70: 0.1 | P70: =O70*N70/1000*M70 -> 0.00760789 | R70: =G70-(K70+P70) -> 0.0033601814 | S70: =R70/G70*100 -> 24.124379 | T70: =A70-A69 -> 2 | U70: =T70*R70 -> 0.0067203628
A71: 29 | C71: 0.0092857143 | D71: =D70-($M$9*T71) -> 0.96 | E71: =$F$49/(1-$D$11) -> 37.5 | F71: =(1-D71)*E71 -> 1.5 | G71: =F71*C71 -> 0.013928571 | I71: 30.68 | J71: 0.1 | K71: =J71*I71/1000 -> 0.003068 | M71: 0.0083825115 | N71: 9084.1215 | O71: 0.1 | P71: =O71*N71/1000*M71 -> 0.0076147753 | R71: =G71-(K71+P71) -> 0.0032457961 | S71: =R71/G71*100 -> 23.303152 | T71: =A71-A70 -> 2 | U71: =T71*R71 -> 0.0064915923
A72: 1 | C72: 0.0092857143 | D72: =D71-($M$9*T72) -> 0.96 | E72: =$F$49/(1-$D$11) -> 37.5 | F72: =(1-D72)*E72 -> 1.5 | G72: =F72*C72 -> 0.013928571 | I72: 28.53 | J72: 0.1 | K72: =J72*I72/1000 -> 0.002853 | M72: 0.0083825115 | N72: 7208.4641 | O72: 0.1 | P72: =O72*N72/1000*M72 -> 0.0060425034 | R72: =G72-(K72+P72) -> 0.0050330681 | S72: =R72/G72*100 -> 36.134848 | T72: 2 | U72: =T72*R72 -> 0.010066136
A73: 4 | C73: 0.0092857143 | D73: =D72-($M$9*T73) -> 0.96 | E73: =$F$49/(1-$D$11) -> 37.5 | F73: =(1-D73)*E73 -> 1.5 | G73: =F73*C73 -> 0.013928571 | I73: 20.29 | J73: 0.1 | K73: =J73*I73/1000 -> 0.002029 | M73: 0.0083825115 | N73: 9111.3611 | O73: 0.1 | P73: =O73*N73/1000*M73 -> 0.0076376089 | R73: =G73-(K73+P73) -> 0.0042619625 | S73: =R73/G73*100 -> 30.598705 | T73: =A73-A72 -> 3 | U73: =T73*R73 -> 0.012785887
A74: 6 | C74: 0.0092857143 | D74: =D73-($M$9*T74) -> 0.96 | E74: =$F$49/(1-$D$11) -> 37.5 | F74: =(1-D74)*E74 -> 1.5 | G74: =F74*C74 -> 0.013928571 | I74: 38.84 | J74: 0.1 | K74: =J74*I74/1000 -> 0.003884 | M74: 0.0083825115 | N74: 8599.5086 | O74: 0.1 | P74: =O74*N74/1000*M74 -> 0.007208548 | R74: =G74-(K74+P74) -> 0.0028360234 | S74: =R74/G74*100 -> 20.361194 | T74: =A74-A73 -> 2 | U74: =T74*R74 -> 0.0056720468
A75: 8 | C75: 0.0092857143 | D75: =D74-($M$9*T75) -> 0.96 | E75: =$F$49/(1-$D$11) -> 37.5 | F75: =(1-D75)*E75 -> 1.5 | G75: =F75*C75 -> 0.013928571 | I75: 33.2 | J75: 0.1 | K75: =J75*I75/1000 -> 0.00332 | M75: 0.0083825115 | N75: 7936.5079 | O75: 0.1 | P75: =O75*N75/1000*M75 -> 0.0066527869 | R75: =G75-(K75+P75) -> 0.0039557845 | S75: =R75/G75*100 -> 28.400504 | T75: =A75-A74 -> 2 | U75: =T75*R75 -> 0.007911569
A76: 10 | C76: 0.0092857143 | D76: =D75-($M$9*T76) -> 0.96 | E76: =$F$49/(1-$D$11) -> 37.5 | F76: =(1-D76)*E76 -> 1.5 | G76: =F76*C76 -> 0.013928571 | I76: 21.94 | J76: 0.1 | K76: =J76*I76/1000 -> 0.002194 | M76: 0.0083825115 | N76: 5807.2009 | O76: 0.1 | P76: =O76*N76/1000*M76 -> 0.0048678929 | R76: =G76-(K76+P76) -> 0.0068666785 | S76: =R76/G76*100 -> 49.299231 | T76: =A76-A75 -> 2 | U76: =T76*R76 -> 0.013733357
A77: 13 | C77: 0.0092857143 | D77: =D76-($M$9*T77) -> 0.96 | E77: =$F$49/(1-$D$11) -> 37.5 | F77: =(1-D77)*E77 -> 1.5 | G77: =F77*C77 -> 0.013928571 | I77: 27.35 | J77: 0.1 | K77: =J77*I77/1000 -> 0.002735 | M77: 0.0083825115 | N77: 8805.0314 | O77: 0.1 | P77: =O77*N77/1000*M77 -> 0.0073808278 | R77: =G77-(K77+P77) -> 0.0038127437 | S77: =R77/G77*100 -> 27.373544 | T77: =A77-A76 -> 3 | U77: =T77*R77 -> 0.011438231
A78: 15 | C78: 0.0092857143 | D78: =D77-($M$9*T78) -> 0.96 | E78: =$F$49/(1-$D$11) -> 37.5 | F78: =(1-D78)*E78 -> 1.5 | G78: =F78*C78 -> 0.013928571 | I78: 29.43 | J78: 0.1 | K78: =J78*I78/1000 -> 0.002943 | M78: 0.0083825115 | N78: 9302.3256 | O78: 0.1 | P78: =O78*N78/1000*M78 -> 0.0077976852 | R78: =G78-(K78+P78) -> 0.0031878863 | S78: =R78/G78*100 -> 22.887389 | T78: =A78-A77 -> 2 | U78: =T78*R78 -> 0.0063757726
A79: 18 | C79: 0.0092857143 | D79: =D78-($M$9*T79) -> 0.96 | E79: =$F$49/(1-$D$11) -> 37.5 | F79: =(1-D79)*E79 -> 1.5 | G79: =F79*C79 -> 0.013928571 | I79: 25.61 | J79: 0.1 | K79: =J79*I79/1000 -> 0.002561 | M79: 0.0083825115 | N79: 9510.8696 | O79: 0.1 | P79: =O79*N79/1000*M79 -> 0.0079724974 | R79: =G79-(K79+P79) -> 0.003395074 | S79: =R79/G79*100 -> 24.374891 | T79: =A79-A78 -> 3 | U79: =T79*R79 -> 0.010185222
A80: 20 | C80: 0.0092857143 | D80: =D79-($M$9*T80) -> 0.96 | E80: =$F$49/(1-$D$11) -> 37.5 | F80: =(1-D80)*E80 -> 1.5 | G80: =F80*C80 -> 0.013928571 | I80: 25.97 | J80: 0.1 | K80: =J80*I80/1000 -> 0.002597 | M80: 0.0083825115 | N80: 9929.078 | O80: 0.1 | P80: =O80*N80/1000*M80 -> 0.0083230611 | R80: =G80-(K80+P80) -> 0.0030085103 | S80: =R80/G80*100 -> 21.599561 | T80: =A80-A79 -> 2 | U80: =T80*R80 -> 0.0060170207
A81: 22 | C81: 0.0092857143 | D81: =D80-($M$9*T81) -> 0.96 | E81: =$F$49/(1-$D$11) -> 37.5 | F81: =(1-D81)*E81 -> 1.5 | G81: =F81*C81 -> 0.013928571 | I81: 24.89 | J81: 0.1 | K81: =J81*I81/1000 -> 0.002489 | M81: 0.0083825115 | N81: 7802.3407 | O81: 0.1 | P81: =O81*N81/1000*M81 -> 0.0065403211 | R81: =G81-(K81+P81) -> 0.0048992503 | S81: =R81/G81*100 -> 35.174105 | T81: =A81-A80 -> 2 | U81: =T81*R81 -> 0.0097985007
A82: 25 | C82: 0.0092857143 | D82: =D81-($M$9*T82) -> 0.96 | E82: =$F$49/(1-$D$11) -> 37.5 | F82: =(1-D82)*E82 -> 1.5 | G82: =F82*C82 -> 0.013928571 | I82: 16.67 | J82: 0.1 | K82: =J82*I82/1000 -> 0.001667 | M82: 0.0083825115 | N82: 7211.5385 | O82: 0.1 | P82: =O82*N82/1000*M82 -> 0.0060450804 | R82: =G82-(K82+P82) -> 0.006216491 | S82: =R82/G82*100 -> 44.631217 | T82: =A82-A81 -> 3 | U82: =T82*R82 -> 0.018649473
A83: 27 | C83: 0.0092857143 | D83: =D82-($M$9*T83) -> 0.96 | E83: =$F$49/(1-$D$11) -> 37.5 | F83: =(1-D83)*E83 -> 1.5 | G83: =F83*C83 -> 0.013928571 | I83: 19.88 | J83: 0.1 | K83: =J83*I83/1000 -> 0.001988 | M83: 0.0083825115 | N83: 9512.4851 | O83: 0.1 | P83: =O83*N83/1000*M83 -> 0.0079738516 | R83: =G83-(K83+P83) -> 0.0039667198 | S83: =R83/G83*100 -> 28.479014 | T83: =A83-A82 -> 2 | U83: =T83*R83 -> 0.0079334396
A84: 29 | C84: 0.0092857143 | D84: =D83-($M$9*T84) -> 0.96 | E84: =$F$49/(1-$D$11) -> 37.5 | F84: =(1-D84)*E84 -> 1.5 | G84: =F84*C84 -> 0.013928571 | I84: 23.09 | J84: 0.1 | K84: =J84*I84/1000 -> 0.002309 | M84: 0.0083825115 | N84: 8158.5082 | O84: 0.1 | P84: =O84*N84/1000*M84 -> 0.0068388789 | R84: =G84-(K84+P84) -> 0.0047806926 | S84: =R84/G84*100 -> 34.322921 | T84: =A84-A83 -> 2 | U84: =T84*R84 -> 0.0095613851
G85: =AVERAGE(G11:G84) -> 0.010952751 | H85: =G163/T85 -> 0.11991049 | T85: =T11+T15+T27+T29+T31+T35+T37+T39+T41+T45+T49+T53 -> 16
G87: =G11*T11 -> 0 | K87: =K11*T11 -> 0 | P87: =P11*T11 -> 0
G88: =G12*T12 -> 0.0092857143 | K88: =K12*T12 -> 0.00505 | P88: =P12*T12 -> 0.0042864142 | R88: 0.00037322057
G89: =G13*T13 -> 0.027857143 | K89: =K13*T13 -> 0.01515 | P89: =P13*T13 -> 0.013147353 | R89: 0.0034895311
G90: =G14*T14 -> 0.018571429 | K90: =K14*T14 -> 0.0101 | P90: =P14*T14 -> 0.0081341601 | R90: 0.0011481253
G91: =G15*T15 -> 0.018571429 | K91: =K15*T15 -> 0.0101 | P91: =P15*T15 -> 0.008777499 | R91: 0.00050934368
G92: =G16*T16 -> 0.092857143 | K92: =K16*T16 -> 0.0505 | P92: =P16*T16 -> 0.037187992 | R92: 0.00039386305
G93: =G17*T17 -> 0.018571429 | K93: =K17*T17 -> 0.0101 | P93: =P17*T17 -> 0.0079999073
G94: =G18*T18 -> 0.018571429 | K94: =K18*T18 -> 0.0101 | P94: =P18*T18 -> 0.0083565135
G95: =G19*T19 -> 0.027857143 | K95: =K19*T19 -> 0.01515 | P95: =P19*T19 -> 0.012424927
G96: =G20*T20 -> 0.018571429 | K96: =K20*T20 -> 0.0101 | P96: =P20*T20 -> 0.0084916904
G97: =G21*T21 -> 0.018571429 | K97: =K21*T21 -> 0.0101 | P97: =P21*T21 -> 0.0072419106
G98: =G22*T22 -> 0.027857143 | K98: =K22*T22 -> 0.01515 | P98: =P22*T22 -> 0.013104639
G99: =G23*T23 -> 0.018571429 | K99: =K23*T23 -> 0.0101 | P99: =P23*T23 -> 0.0073886482
G100: =G24*T24 -> 0.018571429 | K100: =K24*T24 -> 0.0101 | P100: =P24*T24 -> 0.0054479061
G101: =G25*T25 -> 0.027857143 | K101: =K25*T25 -> 0.01515 | P101: =P25*T25 -> 0.0084323805
G102: =G26*T26 -> 0.018571429 | K102: =K26*T26 -> 0.0101 | P102: =P26*T26 -> 0.0066199499
G103: =G27*T27 -> 0 | K103: =K27*T27 -> 0 | P103: =P27*T27 -> 0
...

Sheet MassB-P,R2
C1: % P coming in | D1: loading, g/d | E1: total P in, g/d | G1: liquid effluent, mg/L | H1: volume out, L/d | I1: P out in liquid, g/d | K1: % P in digestate | L1: TS out, mg/L | M1: volume out, L | N1: P out in solids, g/d
C2: 0.0096 | D2: 1.75 | E2: =D2*C2 -> 0.0168 | G2: 38.06 | H2: 0.1 | I2: =H2*G2/1000 -> 0.003806 | K2: 0.0076 | L2: 9685.23 | M2: 0.1 | N2: =M2*L2/1000*K2 -> 0.0073607748 | P2: =N2+I2 -> 0.011166775
B4: in rxter
H5: =2.33/2 -> 1.165 | N5: =E2-P2 -> 0.0056332252 | P5: 2
A7: total P/7 | B7: =6.5/7 -> 0.92857143 | E7: =(E2-P2)/E2 -> 0.33531102 | F7: %unaccounted for | N7: =N5/0.0076 -> 0.74121384 | Q7: =3/2 -> 1.5
B8: =B7/100 -> 0.0092857143
P9: g/d | Q9: % unaccounted | R9: days | S9: g unaccounted
