Workbook

Sheet FastFacts-data
R5: No longer used! RL 01/05/12
E6: Degrees, Certificates and Transfers Go Below | J6: Retention Rates below - Run for new year and paste below | N6: Enrollment - New vs. Continuing | R6: Gender - Replace Each Semester | V6: First Generation - Replace each Semester | AA6: Race/Ethnicity | AH6: 3 Year Success Rates - First-Time Students
E7: FY | F7: CTE Degrees | G7: Transfer Degrees | H7: Certificates | J7: Term | K7: Fall to Spring Retention | L7: Fall to Fall Retention | N7: term_desc | O7: New Students | P7: Continuing Students | R7: term_desc | S7: Male | T7: Female | V7: term_desc | W7: One or Both Parents | X7: 1st Generation | Y7: Unknown | AA7: fy | AB7: White | AC7: Minority | AD7: International | AE7: Unknown/Not Reported | AH7: Term | AI7: New Students | AJ7: Graduated (FRCC) | AK7: Transferred | AL7: Enrolled | AM7: Stop Out/Drop Out | AO7: Term | AQ7: Graduated (FRCC) | AR7: Transferred | AS7: Enrolled | AT7: Stop Out/Drop Out | AU7: Total Success
E8: 2008 | F8: 445 | G8: 593 | H8: 1328 | J8: Fall 2007 | K8: 0.59006338 | L8: 0.36761398 | N8: Fall 2006 | O8: 4906 | P8: 9866 | R8: Fall 2010 | S8: 8690 | T8: 11402 | V8: Fall 2012 | W8: 9056 | X8: 6731 | Y8: 650 | AA8: 2009 | AB8: 18955 | AC8: 4728 | AD8: 91 | AE8: 998 | AH8: Fall 2001 | AI8: 4691 | AJ8: 340 | AK8: 1346 | AL8: 528 | AM8: 2477 | AO8: Fall 2001 | AQ8: =AJ8/$AI8 -> 0.072479216 | AR8: =AK8/$AI8 -> 0.28693242 | AS8: =AL8/$AI8 -> 0.11255596 | AT8: =AM8/$AI8 -> 0.5280324 | AU8: =SUM(AQ8:AS8) -> 0.4719676
E9: 2009 | F9: 404 | G9: 606 | H9: 1519 | J9: Fall 2008 | K9: 0.62671023 | L9: 0.40065346 | N9: Fall 2007 | O9: 4861 | P9: 10401 | AA9: 2010 | AB9: 21005 | AC9: 5421 | AD9: 175 | AE9: 1810 | AH9: Fall 2002 | AI9: 5008 | AJ9: 366 | AK9: 1347 | AL9: 543 | AM9: 2752 | AO9: Fall 2002 | AQ9: =AJ9/$AI9 -> 0.073083067 | AR9: =AK9/$AI9 -> 0.26896965 | AS9: =AL9/$AI9 -> 0.10842652 | AT9: =AM9/$AI9 -> 0.54952077 | AU9: =SUM(AQ9:AS9) -> 0.45047923
E10: 2010 | F10: 399 | G10: 721 | H10: 1755 | J10: Fall 2009 | K10: 0.67289568 | L10: 0.40347741 | N10: Fall 2008 | O10: 4858 | P10: 10837 | AA10: 2011 | AB10: 21919 | AC10: 6151 | AD10: 369 | AE10: 2198 | AH10: Fall 2003 | AI10: 4687 | AJ10: 346 | AK10: 1340 | AL10: 538 | AM10: 2463 | AO10: Fall 2003 | AQ10: =AJ10/$AI10 -> 0.073821208 | AR10: =AK10/$AI10 -> 0.28589716 | AS10: =AL10/$AI10 -> 0.11478558 | AT10: =AM10/$AI10 -> 0.52549605 | AU10: =SUM(AQ10:AS10) -> 0.47450395
E11: 2011 | F11: 472 | G11: 839 | H11: 1776 | J11: Fall 2010 | K11: 0.68935217 | L11: 0.40627154 | N11: Fall 2009 | O11: 6085 | P11: 12628 | AA11: 2012 | AB11: 22223 | AC11: 6564 | AD11: 364 | AE11: 2265 | AH11: Fall 2004 | AI11: 4801 | AJ11: 388 | AK11: 1430 | AL11: 543 | AM11: 2440 | AO11: Fall 2004 | AQ11: =AJ11/$AI11 -> 0.080816497 | AR11: =AK11/$AI11 -> 0.29785461 | AS11: =AL11/$AI11 -> 0.11310144 | AT11: =AM11/$AI11 -> 0.50822745 | AU11: =SUM(AQ11:AS11) -> 0.49177255
E12: 2012 | F12: 535 | G12: 931 | H12: 1722 | J12: Fall 2011 | K12: 0.66766731 | L12: 0.38972276 | N12: Fall 2010 | O12: 5754 | P12: 14338 | AH12: Fall 2005 | AI12: 4336 | AJ12: 459 | AK12: 1300 | AL12: 530 | AM12: 2047 | AO12: Fall 2005 | AQ12: =AJ12/$AI12 -> 0.10585793 | AR12: =AK12/$AI12 -> 0.2998155 | AS12: =AL12/$AI12 -> 0.12223247 | AT12: =AM12/$AI12 -> 0.4720941 | AU12: =SUM(AQ12:AS12) -> 0.5279059
N13: Fall 2011 | O13: 5663 | P13: 14905 | AH13: Fall 2006 | AI13: 4909 | AJ13: 672 | AK13: 1463 | AL13: 695 | AM13: 2079 | AO13: Fall 2006 | AQ13: =AJ13/$AI13 -> 0.13689142 | AR13: =AK13/$AI13 -> 0.29802404 | AS13: =AL13/$AI13 -> 0.1415767 | AT13: =AM13/$AI13 -> 0.42350784 | AU13: =SUM(AQ13:AS13) -> 0.57649216
N14: Fall 2012 | O14: 5816 | P14: 14405 | AH14: Fall 2007 | AI14: 4861 | AJ14: 661 | AK14: 1555 | AL14: 704 | AM14: 1941 | AO14: Fall 2007 | AQ14: =AJ14/$AI14 -> 0.13598025 | AR14: =AK14/$AI14 -> 0.31989303 | AS14: =AL14/$AI14 -> 0.14482617 | AT14: =AM14/$AI14 -> 0.39930056 | AU14: =SUM(AQ14:AS14) -> 0.60069944
AH15: Fall 2008 | AI15: 4858 | AJ15: 688 | AK15: 1544 | AL15: 730 | AM15: 1896 | AO15: Fall 2008 | AQ15: =AJ15/$AI15 -> 0.14162207 | AR15: =AK15/$AI15 -> 0.31782627 | AS15: =AL15/$AI15 -> 0.1502676 | AT15: =AM15/$AI15 -> 0.39028407 | AU15: =SUM(AQ15:AS15) -> 0.60971593
AH16: Fall 2009 | AI16: 6085 | AJ16: 814 | AK16: 1846 | AL16: 916 | AM16: 2509 | AO16: Fall 2009 | AQ16: =AJ16/$AI16 -> 0.13377157 | AR16: =AK16/$AI16 -> 0.30336894 | AS16: =AL16/$AI16 -> 0.1505341 | AT16: =AM16/$AI16 -> 0.41232539 | AU16: =SUM(AQ16:AS16) -> 0.58767461

Sheet NewFastFacts - img for web

Sheet FastFactsSplash
F4: 3-Year Success
F5: Fall 2009 Students | N5: AY2012: Race/Ethnicity
F6: First-Time Students | G6: ='FastFacts-data'!AI16 -> 6085 | N6: White | O6: ='FastFacts-data'!AB11 -> 22223
F7: Graduated (FRCC) | G7: ='FastFacts-data'!AJ16 -> 814 | N7: Minority | O7: ='FastFacts-data'!AC11 -> 6564
F8: Transferred | G8: ='FastFacts-data'!AK16 -> 1846 | N8: International | O8: ='FastFacts-data'!AD11 -> 364
F9: Still Enrolled | G9: ='FastFacts-data'!AL16 -> 916 | N9: Unknown/Not Reported | O9: ='FastFacts-data'!AE11 -> 2265
F10: Stop-out/Drop-out | G10: =G6-SUM(G7:G9) -> 2509
F11: Graduated or Transferred | G11: =SUM('FastFacts-data'!AQ16:AR16) -> 0.43714051
F12: Graduated, Transferred, or Still Enrolled | G12: =SUM('FastFacts-data'!AQ16:AS16) -> 0.58767461
N18: Fall 2011: Retention
F19: AY 2012 Awards: | N19: ='FastFacts-data'!K7 -> Fall to Spring Retention | O19: ='FastFacts-data'!K12 -> 0.66766731
F20: Certificates | G20: ='FastFacts-data'!H12 -> 1722
F21: CTE Degrees | G21: ='FastFacts-data'!F12 -> 535 | N21: ='FastFacts-data'!L7 -> Fall to Fall Retention | O21: ='FastFacts-data'!L12 -> 0.38972276
F22: Transfer Degrees | G22: ='FastFacts-data'!G12 -> 931
N32: Fall 2012: First Generation
F33: Fall 2012: Enrollment | N33: One or Both Parents | O33: ='FastFacts-data'!W8 -> 9056
F34: Continuing Students | G34: ='FastFacts-data'!P14 -> 14405
N35: 1st Generation | O35: ='FastFacts-data'!X8 -> 6731
F36: New, First-Time Students | G36: ='FastFacts-data'!O14 -> 5816 | N36: Unknown | O36: ='FastFacts-data'!Y8 -> 650
