Workbook

Sheet instruction-districts
B1: Full-Time Equivalents (FTEs) by Position
B2: Licensed and Classified Personnel
B3: FY 2011
B4: Local Education Agencies | C4: INSTRUCTION | K4: SUPPORT
C5: CLASSROOM TEACHERS | I5: Instructional Aides | J5: Instructional Coordinators and Supervisors | K5: Elementary Guidance Counselors | L5: Secondary Guidance Counselors | M5: Librarians and Media Specialists | N5: Library and Media Support Staff
C6: Pre-Kindergarten | E6: Kindergarten | F6: Elementary | G6: Secondary | H6: Special Education
C7: Regular | D7: Special
C8: CACTUS Database | D8: CACTUS Database | E8: CACTUS Database | F8: CACTUS Database | G8: CACTUS Database | H8: CACTUS Database | I8: Classified Personnel Report | J8: CACTUS Database | K8: CACTUS Database | L8: CACTUS Database | M8: CACTUS Database | N8: Classified Personnel Report
B9: DISTRICT
A10: 1 | B10: Alpine | C10: ='Licensed FTEs'!C7 -> 10.14 | D10: ='Licensed FTEs'!D7 -> 22.5 | E10: ='Licensed FTEs'!E7 -> 124.04 | F10: ='Licensed FTEs'!F7 -> 1342.61 | G10: ='Licensed FTEs'!G7 -> 1031.49 | H10: ='Licensed FTEs'!H7 -> 264.68 | I10: ='Classified FTEs'!C7 -> 830.99 | J10: ='Licensed FTEs'!I7+'Licensed FTEs'!J7 -> 127.09 | K10: ='Licensed FTEs'!K7 -> 0 | L10: ='Licensed FTEs'!L7 -> 82.92 | M10: ='Licensed FTEs'!M7 -> 22.64 | N10: ='Classified FTEs'!G7 -> 69
A11: 2 | B11: Beaver | C11: ='Licensed FTEs'!C8 -> 0.5 | D11: ='Licensed FTEs'!D8 -> 0 | E11: ='Licensed FTEs'!E8 -> 3.44 | F11: ='Licensed FTEs'!F8 -> 34.94 | G11: ='Licensed FTEs'!G8 -> 31.33 | H11: ='Licensed FTEs'!H8 -> 7.35 | I11: ='Classified FTEs'!C8 -> 34 | J11: ='Licensed FTEs'!I8+'Licensed FTEs'!J8 -> 0.41 | K11: ='Licensed FTEs'!K8 -> 0 | L11: ='Licensed FTEs'!L8 -> 1.53 | M11: ='Licensed FTEs'!M8 -> 0 | N11: ='Classified FTEs'!G8 -> 3
A12: 3 | B12: Box Elder | C12: ='Licensed FTEs'!C9 -> 1 | D12: ='Licensed FTEs'!D9 -> 8 | E12: ='Licensed FTEs'!E9 -> 24.81 | F12: ='Licensed FTEs'!F9 -> 186.87 | G12: ='Licensed FTEs'!G9 -> 216.79 | H12: ='Licensed FTEs'!H9 -> 50.72 | I12: ='Classified FTEs'!C9 -> 409 | J12: ='Licensed FTEs'!I9+'Licensed FTEs'!J9 -> 17.83 | K12: ='Licensed FTEs'!K9 -> 1.5 | L12: ='Licensed FTEs'!L9 -> 13.84 | M12: ='Licensed FTEs'!M9 -> 5 | N12: ='Classified FTEs'!G9 -> 10
A13: 4 | B13: Cache | C13: ='Licensed FTEs'!C10 -> 0 | D13: ='Licensed FTEs'!D10 -> 6.84 | E13: ='Licensed FTEs'!E10 -> 28.99 | F13: ='Licensed FTEs'!F10 -> 257.86 | G13: ='Licensed FTEs'!G10 -> 281.23 | H13: ='Licensed FTEs'!H10 -> 55.23 | I13: ='Classified FTEs'!C10 -> 357.78 | J13: ='Licensed FTEs'!I10+'Licensed FTEs'!J10 -> 41.27 | K13: ='Licensed FTEs'!K10 -> 0 | L13: ='Licensed FTEs'!L10 -> 18.76 | M13: ='Licensed FTEs'!M10 -> 21 | N13: ='Classified FTEs'!G10 -> 0
A14: 42 | B14: Canyons | C14: ='Licensed FTEs'!C11 -> 0 | D14: ='Licensed FTEs'!D11 -> 14 | E14: ='Licensed FTEs'!E11 -> 64.11 | F14: ='Licensed FTEs'!F11 -> 632.32 | G14: ='Licensed FTEs'!G11 -> 590.71 | H14: ='Licensed FTEs'!H11 -> 145.68 | I14: ='Classified FTEs'!C11 -> 130.38 | J14: ='Licensed FTEs'!I11+'Licensed FTEs'!J11 -> 110.16 | K14: ='Licensed FTEs'!K11 -> 0.5 | L14: ='Licensed FTEs'!L11 -> 40 | M14: ='Licensed FTEs'!M11 -> 10.99 | N14: ='Classified FTEs'!G11 -> 30.31
A15: 5 | B15: Carbon | C15: ='Licensed FTEs'!C12 -> 0 | D15: ='Licensed FTEs'!D12 -> 2 | E15: ='Licensed FTEs'!E12 -> 13 | F15: ='Licensed FTEs'!F12 -> 76.8 | G15: ='Licensed FTEs'!G12 -> 65.02 | H15: ='Licensed FTEs'!H12 -> 20.12 | I15: ='Classified FTEs'!C12 -> 82.17 | J15: ='Licensed FTEs'!I12+'Licensed FTEs'!J12 -> 12.75 | K15: ='Licensed FTEs'!K12 -> 2.6 | L15: ='Licensed FTEs'!L12 -> 4.37 | M15: ='Licensed FTEs'!M12 -> 0.86 | N15: ='Classified FTEs'!G12 -> 0
A16: 6 | B16: Daggett | C16: ='Licensed FTEs'!C13 -> 0 | D16: ='Licensed FTEs'!D13 -> 0 | E16: ='Licensed FTEs'!E13 -> 0.84 | F16: ='Licensed FTEs'!F13 -> 4.67 | G16: ='Licensed FTEs'!G13 -> 7.97 | H16: ='Licensed FTEs'!H13 -> 0.86 | I16: ='Classified FTEs'!C13 -> 7.86 | J16: ='Licensed FTEs'!I13+'Licensed FTEs'!J13 -> 2.44 | K16: ='Licensed FTEs'!K13 -> 0 | L16: ='Licensed FTEs'!L13 -> 0 | M16: ='Licensed FTEs'!M13 -> 0.03 | N16: ='Classified FTEs'!G13 -> 0
A17: 7 | B17: Davis | C17: ='Licensed FTEs'!C14 -> 1.67 | D17: ='Licensed FTEs'!D14 -> 24.33 | E17: ='Licensed FTEs'!E14 -> 134.77 | F17: ='Licensed FTEs'!F14 -> 1288.78 | G17: ='Licensed FTEs'!G14 -> 1063.95 | H17: ='Licensed FTEs'!H14 -> 300.76 | I17: ='Classified FTEs'!C14 -> 995.82 | J17: ='Licensed FTEs'!I14+'Licensed FTEs'!J14 -> 154.52 | K17: ='Licensed FTEs'!K14 -> 34 | L17: ='Licensed FTEs'!L14 -> 77.3 | M17: ='Licensed FTEs'!M14 -> 20.5 | N17: ='Classified FTEs'!G14 -> 53.25
A18: 8 | B18: Duchesne | C18: ='Licensed FTEs'!C15 -> 0 | D18: ='Licensed FTEs'!D15 -> 3 | E18: ='Licensed FTEs'!E15 -> 11.5 | F18: ='Licensed FTEs'!F15 -> 95.92 | G18: ='Licensed FTEs'!G15 -> 85.3 | H18: ='Licensed FTEs'!H15 -> 28.84 | I18: ='Classified FTEs'!C15 -> 87.1 | J18: ='Licensed FTEs'!I15+'Licensed FTEs'!J15 -> 5.69 | K18: ='Licensed FTEs'!K15 -> 0 | L18: ='Licensed FTEs'!L15 -> 5.65 | M18: ='Licensed FTEs'!M15 -> 6.34 | N18: ='Classified FTEs'!G15 -> 4.4
A19: 9 | B19: Emery | C19: ='Licensed FTEs'!C16 -> 0 | D19: ='Licensed FTEs'!D16 -> 1 | E19: ='Licensed FTEs'!E16 -> 7.5 | F19: ='Licensed FTEs'!F16 -> 54.26 | G19: ='Licensed FTEs'!G16 -> 50.09 | H19: ='Licensed FTEs'!H16 -> 13.33 | I19: ='Classified FTEs'!C16 -> 40.26 | J19: ='Licensed FTEs'!I16+'Licensed FTEs'!J16 -> 0.67 | K19: ='Licensed FTEs'!K16 -> 0 | L19: ='Licensed FTEs'!L16 -> 2 | M19: ='Licensed FTEs'!M16 -> 1.2 | N19: ='Classified FTEs'!G16 -> 8.5
A20: 10 | B20: Garfield | C20: ='Licensed FTEs'!C17 -> 0.5 | D20: ='Licensed FTEs'!D17 -> 0 | E20: ='Licensed FTEs'!E17 -> 2.74 | F20: ='Licensed FTEs'!F17 -> 24.12 | G20: ='Licensed FTEs'!G17 -> 28.5 | H20: ='Licensed FTEs'!H17 -> 5.4 | I20: ='Classified FTEs'!C17 -> 26.5 | J20: ='Licensed FTEs'!I17+'Licensed FTEs'!J17 -> 0.67 | K20: ='Licensed FTEs'!K17 -> 0.65 | L20: ='Licensed FTEs'!L17 -> 1.73 | M20: ='Licensed FTEs'!M17 -> 0 | N20: ='Classified FTEs'!G17 -> 1.5
A21: 11 | B21: Grand | C21: ='Licensed FTEs'!C18 -> 0 | D21: ='Licensed FTEs'!D18 -> 1 | E21: ='Licensed FTEs'!E18 -> 2 | F21: ='Licensed FTEs'!F18 -> 30 | G21: ='Licensed FTEs'!G18 -> 35.81 | H21: ='Licensed FTEs'!H18 -> 10 | I21: ='Classified FTEs'!C18 -> 24.06 | J21: ='Licensed FTEs'!I18+'Licensed FTEs'!J18 -> 1.25 | K21: ='Licensed FTEs'!K18 -> 0 | L21: ='Licensed FTEs'!L18 -> 2 | M21: ='Licensed FTEs'!M18 -> 1 | N21: ='Classified FTEs'!G18 -> 2.63
... A50: 35 | B50: Weber | C50: ='Licensed FTEs'!C47 -> 0 | D50: ='Licensed FTEs'!D47 -> 10 | E50: ='Licensed FTEs'!E47 -> 62.03 | F50: ='Licensed FTEs'!F47 -> 564.7 | G50: ='Licensed FTEs'!G47 -> 519.45 | H50: ='Licensed FTEs'!H47 -> 166.78 | I50: ='Classified FTEs'!C47 -> 383.9 | J50: ='Licensed FTEs'!I47+'Licensed FTEs'!J47 -> 84.97 | K50: ='Licensed FTEs'!K47 -> 18.86 | L50: ='Licensed FTEs'!L47 -> 37.28 | M50: ='Licensed FTEs'!M47 -> 13.83 | N50: ='Classified FTEs'!G47 -> 27.7
B51: DISTRICT TOTAL | C51: =SUM(C10:C50) -> 28.56 | D51: =SUM(D10:D50) -> 224.4 | E51: =SUM(E10:E50) -> 1183.56 | F51: =SUM(F10:F50) -> 10453.19 | G51: =SUM(G10:G50) -> 9433.26 | H51: =SUM(H10:H50) -> 2547.49 | I51: =SUM(I10:I50) -> 7649.45 | J51: =SUM(J10:J50) -> 1629.31 | ... N51: =SUM(N10:N50) -> 449.84
B52: CHARTER TOTAL | C52: ='instruction-charters'!C86 -> 0 | D52: ='instruction-charters'!D86 -> 0 | E52: ='instruction-charters'!E86 -> 93.02 | F52: ='instruction-charters'!F86 -> 876.12 | G52: ='instruction-charters'!G86 -> 698.7 | H52: ='instruction-charters'!H86 -> 138.41 | I52: ='instruction-charters'!I86 -> 564.55 | J52: ='instruction-charters'!J86 -> 69.76 | ... N52: ='instruction-charters'!N86 -> 7.81
B53: GRAND TOTAL | C53: =SUM(C51:C52) -> 28.56 | D53: =SUM(D51:D52) -> 224.4 | E53: =SUM(E51:E52) -> 1276.58 | F53: =SUM(F51:F52) -> 11329.31 | G53: =SUM(G51:G52) -> 10131.96 | H53: =SUM(H51:H52) -> 2685.9 | I53: =SUM(I51:I52) -> 8214 | J53: =SUM(J51:J52) -> 1699.07 | ... N53: =SUM(N51:N52) -> 457.65

Sheet instruction-charters
B1: Full-Time Equivalents (FTEs) by Position
B2: Licensed and Classified Personnel
B3: FY 2011
B4: Local Education Agencies | C4: INSTRUCTION | K4: SUPPORT
C5: CLASSROOM TEACHERS | I5: Instructional Aides | J5: Instructional Coordinators and Supervisors | K5: Elementary Guidance Counselors | L5: Secondary Guidance Counselors | M5: Librarians and Media Specialists | N5: Library and Media Support Staff
C6: Pre-Kindergarten | E6: Kindergarten | F6: Elementary | G6: Secondary | H6: Special Education
C7: Regular | D7: Special
C8: CACTUS Database | D8: CACTUS Database | E8: CACTUS Database | F8: CACTUS Database | G8: CACTUS Database | H8: CACTUS Database | I8: Classified Personnel Report | J8: CACTUS Database | K8: CACTUS Database | L8: CACTUS Database | M8: CACTUS Database | N8: Classified Personnel Report
B9: CHARTER SCHOOL
A10: 83 | B10: ACADEMY FOR MATH ENGINEERING & SCIENCE (AMES) | C10: ='Licensed FTEs'!C49 -> 0 | D10: ='Licensed FTEs'!D49 -> 0 | E10: ='Licensed FTEs'!E49 -> 0 | F10: ='Licensed FTEs'!F49 -> 0 | G10: ='Licensed FTEs'!G49 -> 19.59 | H10: ='Licensed FTEs'!H49 -> 1 | I10: ='Classified FTEs'!C49 -> 2.45 | J10: ='Licensed FTEs'!I49+'Licensed FTEs'!J49 -> 0.17 | K10: ='Licensed FTEs'!K49 -> 0 | L10: ='Licensed FTEs'!L49 -> 3 | M10: ='Licensed FTEs'!M49 -> 0 | N10: ='Classified FTEs'!G49 -> 0
A11: 8B | B11: AMERICAN LEADERSHIP ACADEMY | C11: ='Licensed FTEs'!C50 -> 0 | D11: ='Licensed FTEs'!D50 -> 0 | E11: ='Licensed FTEs'!E50 -> 3 | F11: ='Licensed FTEs'!F50 -> 25.61 | G11: ='Licensed FTEs'!G50 -> 33.18 | H11: ='Licensed FTEs'!H50 -> 6 | I11: ='Classified FTEs'!C50 -> 0 | J11: ='Licensed FTEs'!I50+'Licensed FTEs'!J50 -> 4.92 | K11: ='Licensed FTEs'!K50 -> 0.25 | L11: ='Licensed FTEs'!L50 -> 2 | M11: ='Licensed FTEs'!M50 -> 0.6 | N11: ='Classified FTEs'!G50 -> 0
A12: 74 | B12: AMERICAN PREPARATORY ACADEMY | C12: ='Licensed FTEs'!C51 -> 0 | D12: ='Licensed FTEs'!D51 -> 0 | E12: ='Licensed FTEs'!E51 -> 3 | F12: ='Licensed FTEs'!F51 -> 27.01 | G12: ='Licensed FTEs'!G51 -> 16.96 | H12: ='Licensed FTEs'!H51 -> 1 | I12: ='Classified FTEs'!C51 -> 12.88 | J12: ='Licensed FTEs'!I51+'Licensed FTEs'!J51 -> 2.69 | K12: ='Licensed FTEs'!K51 -> 0.35 | L12: ='Licensed FTEs'!L51 -> 0.35 | M12: ='Licensed FTEs'!M51 -> 0 | N12: ='Classified FTEs'!G51 -> 0
A13: 3G | B13: BEAR RIVER CHARTER SCHOOL | C13: ='Licensed FTEs'!C52 -> 0 | D13: ='Licensed FTEs'!D52 -> 0 | E13: ='Licensed FTEs'!E52 -> 0.5 | F13: ='Licensed FTEs'!F52 -> 5.9 | G13: ='Licensed FTEs'!G52 -> 3.73 | H13: ='Licensed FTEs'!H52 -> 0.5 | I13: ='Classified FTEs'!C52 -> 2.5 | J13: ='Licensed FTEs'!I52+'Licensed FTEs'!J52 -> 0.67 | K13: ='Licensed FTEs'!K52 -> 0 | L13: ='Licensed FTEs'!L52 -> 0 | M13: ='Licensed FTEs'!M52 -> 0 | N13: ='Classified FTEs'!G52 -> 0
A14: 3B | B14: BEEHIVE SCIENCE & TECHNOLOGY ACADEMY (BSTA) | C14: ='Licensed FTEs'!C53 -> 0 | D14: ='Licensed FTEs'!D53 -> 0 | E14: ='Licensed FTEs'!E53 -> 0 | F14: ='Licensed FTEs'!F53 -> 0 | G14: ='Licensed FTEs'!G53 -> 13.6 | H14: ='Licensed FTEs'!H53 -> 1.08 | I14: ='Classified FTEs'!C53 -> 0 | J14: ='Licensed FTEs'!I53+'Licensed FTEs'!J53 -> 0 | K14: ='Licensed FTEs'!K53 -> 0 | L14: ='Licensed FTEs'!L53 -> 0 | M14: ='Licensed FTEs'!M53 -> 0 | N14: ='Classified FTEs'!G53 -> 0
A15: 9D | B15: CANYON RIM ACADEMY | C15: ='Licensed FTEs'!C54 -> 0 | D15: ='Licensed FTEs'!D54 -> 0 | E15: ='Licensed FTEs'!E54 -> 2 | F15: ='Licensed FTEs'!F54 -> 18 | G15: ='Licensed FTEs'!G54 -> 0 | H15: ='Licensed FTEs'!H54 -> 1 | I15: ='Classified FTEs'!C54 -> 0 | J15: ='Licensed FTEs'!I54+'Licensed FTEs'!J54 -> 0.33 | K15: ='Licensed FTEs'!K54 -> 0 | L15: ='Licensed FTEs'!L54 -> 0 | M15: ='Licensed FTEs'!M54 -> 0 | N15: ='Classified FTEs'!G54 -> 0
A16: 2D | B16: CHANNING HALL | C16: ='Licensed FTEs'!C55 -> 0 | D16: ='Licensed FTEs'!D55 -> 0 | E16: ='Licensed FTEs'!E55 -> 2 | F16: ='Licensed FTEs'!F55 -> 18 | G16: ='Licensed FTEs'!G55 -> 9.5 | H16: ='Licensed FTEs'!H55 -> 2.51 | I16: ='Classified FTEs'!C55 -> 11.7 | J16: ='Licensed FTEs'!I55+'Licensed FTEs'!J55 -> 0.5 | K16: ='Licensed FTEs'!K55 -> 0 | L16: ='Licensed FTEs'!L55 -> 0 | M16: ='Licensed FTEs'!M55 -> 0 | N16: ='Classified FTEs'!G55 -> 1.5
A17: 87 | B17: CITY ACADEMY | C17: ='Licensed FTEs'!C56 -> 0 | D17: ='Licensed FTEs'!D56 -> 0 | E17: ='Licensed FTEs'!E56 -> 0 | F17: ='Licensed FTEs'!F56 -> 0 | G17: ='Licensed FTEs'!G56 -> 15.73 | H17: ='Licensed FTEs'!H56 -> 0 | I17: ='Classified FTEs'!C56 -> 6.4 | J17: ='Licensed FTEs'!I56+'Licensed FTEs'!J56 -> 1.72 | K17: ='Licensed FTEs'!K56 -> 0 | L17: ='Licensed FTEs'!L56 -> 1 | M17: ='Licensed FTEs'!M56 -> 0 | N17: ='Classified FTEs'!G56 -> 0.81
A18: 3E | B18: CS LEWIS ACADEMY | C18: ='Licensed FTEs'!C57 -> 0 | D18: ='Licensed FTEs'!D57 -> 0 | E18: ='Licensed FTEs'!E57 -> 2.28 | F18: ='Licensed FTEs'!F57 -> 11 | G18: ='Licensed FTEs'!G57 -> 1.5 | H18: ='Licensed FTEs'!H57 -> 1 | I18: ='Classified FTEs'!C57 -> 1.83 | J18: ='Licensed FTEs'!I57+'Licensed FTEs'!J57 -> 0 | K18: ='Licensed FTEs'!K57 -> 0 | L18: ='Licensed FTEs'!L57 -> 0 | M18: ='Licensed FTEs'!M57 -> 0 | N18: ='Classified FTEs'!G57 -> 0
A19: A3 | B19: DAVINCI ACADEMY | C19: ='Licensed FTEs'!C58 -> 0 | D19: ='Licensed FTEs'!D58 -> 0 | E19: ='Licensed FTEs'!E58 -> 0 | F19: ='Licensed FTEs'!F58 -> 0 | G19: ='Licensed FTEs'!G58 -> 18.34 | H19: ='Licensed FTEs'!H58 -> 2 | I19: ='Classified FTEs'!C58 -> 0 | J19: ='Licensed FTEs'!I58+'Licensed FTEs'!J58 -> 0 | K19: ='Licensed FTEs'!K58 -> 0 | L19: ='Licensed FTEs'!L58 -> 1 | M19: ='Licensed FTEs'!M58 -> 0.33 | N19: ='Classified FTEs'!G58 -> 0.5
A20: 4E | B20: DUAL IMMERSION ACADEMY | C20: ='Licensed FTEs'!C59 -> 0 | D20: ='Licensed FTEs'!D59 -> 0 | E20: ='Licensed FTEs'!E59 -> 4 | F20: ='Licensed FTEs'!F59 -> 11.75 | G20: ='Licensed FTEs'!G59 -> 2.8 | H20: ='Licensed FTEs'!H59 -> 2 | I20: ='Classified FTEs'!C59 -> 3 | J20: ='Licensed FTEs'!I59+'Licensed FTEs'!J59 -> 0.17 | K20: ='Licensed FTEs'!K59 -> 0 | L20: ='Licensed FTEs'!L59 -> 0 | M20: ='Licensed FTEs'!M59 -> 1 | N20: ='Classified FTEs'!G59 -> 0.5
A21: 6F | B21: EARLY LIGHT ACADEMY AT DAYBREAK | C21: ='Licensed FTEs'!C60 -> 0 | D21: ='Licensed FTEs'!D60 -> 0 | E21: ='Licensed FTEs'!E60 -> 1.5 | F21: ='Licensed FTEs'!F60 -> 17.92 | G21: ='Licensed FTEs'!G60 -> 10.41 | H21: ='Licensed FTEs'!H60 -> 2.14 | I21: ='Classified FTEs'!C60 -> 12.68 | J21: ='Licensed FTEs'!I60+'Licensed FTEs'!J60 -> 1 | K21: ='Licensed FTEs'!K60 -> 0.04 | L21: ='Licensed FTEs'!L60 -> 0.06 | M21: ='Licensed FTEs'!M60 -> 1 | N21: ='Classified FTEs'!G60 -> 0
A22: A8 | B22: EAST HOLLYWOOD HIGH | C22: ='Licensed FTEs'!C61 -> 0 | D22: ='Licensed FTEs'!D61 -> 0 | E22: ='Licensed FTEs'!E61 -> 0 | F22: ='Licensed FTEs'!F61 -> 0 | G22: ='Licensed FTEs'!G61 -> 16.48 | H22: ='Licensed FTEs'!H61 -> 2 | I22: ='Classified FTEs'!C61 -> 2 | J22: ='Licensed FTEs'!I61+'Licensed FTEs'!J61 -> 0.75 | K22: ='Licensed FTEs'!K61 -> 0 | L22: ='Licensed FTEs'!L61 -> 1 | M22: ='Licensed FTEs'!M61 -> 0.1 | N22: ='Classified FTEs'!G61 -> 0
A23: 5E | B23: EDITH BOWEN LABORATORY SCHOOL | C23: ='Licensed FTEs'!C62 -> 0 | D23: ='Licensed FTEs'!D62 -> 0 | E23: ='Licensed FTEs'!E62 -> 1.03 | F23: ='Licensed FTEs'!F62 -> 13.14 | G23: ='Licensed FTEs'!G62 -> 0 | H23: ='Licensed FTEs'!H62 -> 1.03 | I23: ='Classified FTEs'!C62 -> 0 | J23: ='Licensed FTEs'!I62+'Licensed FTEs'!J62 -> 0 | K23: ='Licensed FTEs'!K62 -> 0.77 | L23: ='Licensed FTEs'!L62 -> 0 | M23: ='Licensed FTEs'!M62 -> 2.6 | N23: ='Classified FTEs'!G62 -> 0
A24: 3C | B24: ENTHEOS ACADEMY | C24: ='Licensed FTEs'!C63 -> 0 | D24: ='Licensed FTEs'!D63 -> 0 | E24: ='Licensed FTEs'!E63 -> 1.08 | F24: ='Licensed FTEs'!F63 -> 16.16 | G24: ='Licensed FTEs'!G63 -> 8.43 | H24: ='Licensed FTEs'!H63 -> 2.32 | I24: ='Classified FTEs'!C63 -> 13.5 | J24: ='Licensed FTEs'!I63+'Licensed FTEs'!J63 -> 0.36 | K24: ='Licensed FTEs'!K63 -> 0 | L24: ='Licensed FTEs'!L63 -> 0 | M24: ='Licensed FTEs'!M63 -> 0 | N24: ='Classified FTEs'!G63 -> 0.75
A25: 7F | B25: EXCELSIOR ACADEMY | C25: ='Licensed FTEs'!C64 -> 0 | D25: ='Licensed FTEs'!D64 -> 0 | E25: ='Licensed FTEs'!E64 -> 1.5 | F25: ='Licensed FTEs'!F64 -> 19.27 | G25: ='Licensed FTEs'!G64 -> 6.8 | H25: ='Licensed FTEs'!H64 -> 0 | I25: ='Classified FTEs'!C64 -> 19 | J25: ='Licensed FTEs'!I64+'Licensed FTEs'!J64 -> 1.84 | K25: ='Licensed FTEs'!K64 -> 0 | L25: ='Licensed FTEs'!L64 -> 0 | M25: ='Licensed FTEs'!M64 -> 0 | N25: ='Classified FTEs'!G64 -> 0
A26: 98 | B26: FAST FORWARD HIGH | C26: ='Licensed FTEs'!C65 -> 0 | D26: ='Licensed FTEs'!D65 -> 0 | E26: ='Licensed FTEs'!E65 -> 0 | F26: ='Licensed FTEs'!F65 -> 0 | G26: ='Licensed FTEs'!G65 -> 12.19 | H26: ='Licensed FTEs'!H65 -> 0.28 | I26: ='Classified FTEs'!C65 -> 3 | J26: ='Licensed FTEs'!I65+'Licensed FTEs'!J65 -> 1.14 | K26: ='Licensed FTEs'!K65 -> 0 | L26: ='Licensed FTEs'!L65 -> 1.33 | M26: ='Licensed FTEs'!M65 -> 0 | N26: ='Classified FTEs'!G65 -> 0
A27: 82 | B27: FREEDOM ACADEMY | C27: ='Licensed FTEs'!C66 -> 0 | D27: ='Licensed FTEs'!D66 -> 0 | E27: ='Licensed FTEs'!E66 -> 2 | F27: ='Licensed FTEs'!F66 -> 19.1 | G27: ='Licensed FTEs'!G66 -> 6.57 | H27: ='Licensed FTEs'!H66 -> 2 | I27: ='Classified FTEs'!C66 -> 3.14 | J27: ='Licensed FTEs'!I66+'Licensed FTEs'!J66 -> 1.05 | K27: ='Licensed FTEs'!K66 -> 0 | L27: ='Licensed FTEs'!L66 -> 0 | M27: ='Licensed FTEs'!M66 -> 0 | N27: ='Classified FTEs'!G66 -> 0
A28: 7E | B28: GATEWAY PREPARATORY ACADEMY | C28: ='Licensed FTEs'!C67 -> 0 | D28: ='Licensed FTEs'!D67 -> 0 | E28: ='Licensed FTEs'!E67 -> 2 | F28: ='Licensed FTEs'!F67 -> 13.54 | G28: ='Licensed FTEs'!G67 -> 6.71 | H28: ='Licensed FTEs'!H67 -> 2 | I28: ='Classified FTEs'!C67 -> 20 | J28: ='Licensed FTEs'!I67+'Licensed FTEs'!J67 -> 0 | K28: ='Licensed FTEs'!K67 -> 0 | L28: ='Licensed FTEs'!L67 -> 0 | M28: ='Licensed FTEs'!M67 -> 0 | N28: ='Classified FTEs'!G67 -> 0
A29: 5D | B29: GEORGE WASHINGTON ACADEMY | C29: ='Licensed FTEs'!C68 -> 0 | D29: ='Licensed FTEs'!D68 -> 0 | E29: ='Licensed FTEs'!E68 -> 5 | F29: ='Licensed FTEs'!F68 -> 28.57 | G29: ='Licensed FTEs'!G68 -> 0.43 | H29: ='Licensed FTEs'!H68 -> 1.38 | I29: ='Classified FTEs'!C68 -> 7.84 | J29: ='Licensed FTEs'!I68+'Licensed FTEs'!J68 -> 1.2 | K29: ='Licensed FTEs'!K68 -> 0 | L29: ='Licensed FTEs'!L68 -> 0 | M29: ='Licensed FTEs'!M68 -> 0 | N29: ='Classified FTEs'!G68 -> 0
A30: 8G | B30: GOOD FOUNDATIONS ACADEMY | C30: ='Licensed FTEs'!C69 -> 0 | D30: ='Licensed FTEs'!D69 -> 0 | E30: ='Licensed FTEs'!E69 -> 2 | F30: ='Licensed FTEs'!F69 -> 16 | G30: ='Licensed FTEs'!G69 -> 0 | H30: ='Licensed FTEs'!H69 -> 0.64 | I30: ='Classified FTEs'!C69 -> 2.5 | J30: ='Licensed FTEs'!I69+'Licensed FTEs'!J69 -> 0 | K30: ='Licensed FTEs'!K69 -> 0 | L30: ='Licensed FTEs'!L69 -> 0 | M30: ='Licensed FTEs'!M69 -> 0 | N30: ='Classified FTEs'!G69 -> 0
A31: 1E | B31: GUADALUPE SCHOOL | C31: ='Licensed FTEs'!C70 -> 0 | D31: ='Licensed FTEs'!D70 -> 0 | E31: ='Licensed FTEs'!E70 -> 0.8 | F31: ='Licensed FTEs'!F70 -> 4 | G31: ='Licensed FTEs'!G70 -> 0 | H31: ='Licensed FTEs'!H70 -> 0.5 | I31: ='Classified FTEs'!C70 -> 5.75 | J31: ='Licensed FTEs'!I70+'Licensed FTEs'!J70 -> 0.5 | K31: ='Licensed FTEs'!K70 -> 0 | L31: ='Licensed FTEs'!L70 -> 0 | M31: ='Licensed FTEs'!M70 -> 0 | N31: ='Classified FTEs'!G70 -> 0.5
A32: 8F | B32: HAWTHORN ACADEMY | C32: ='Licensed FTEs'!C71 -> 0 | D32: ='Licensed FTEs'!D71 -> 0 | E32: ='Licensed FTEs'!E71 -> 2 | F32: ='Licensed FTEs'!F71 -> 19.5 | G32: ='Licensed FTEs'!G71 -> 9.16 | H32: ='Licensed FTEs'!H71 -> 1.1 | I32: ='Classified FTEs'!C71 -> 8.26 | J32: ='Licensed FTEs'!I71+'Licensed FTEs'!J71 -> 0.17 | K32: ='Licensed FTEs'!K71 -> 0 | L32: ='Licensed FTEs'!L71 -> 0.9 | M32: ='Licensed FTEs'!M71 -> 0.45 | N32: ='Classified FTEs'!G71 -> 0
A33: 2C | B33: INTECH COLLEGIATE HIGH SCHOOL | C33: ='Licensed FTEs'!C72 -> 0 | D33: ='Licensed FTEs'!D72 -> 0 | E33: ='Licensed FTEs'!E72 -> 0 | F33: ='Licensed FTEs'!F72 -> 0 | G33: ='Licensed FTEs'!G72 -> 7.09 | H33: ='Licensed FTEs'!H72 -> 0.13 | I33: ='Classified FTEs'!C72 -> 0.81 | J33: ='Licensed FTEs'!I72+'Licensed FTEs'!J72 -> 0.65 | K33: ='Licensed FTEs'!K72 -> 0 | L33: ='Licensed FTEs'!L72 -> 0.5 | M33: ='Licensed FTEs'!M72 -> 0 | N33: ='Classified FTEs'!G72 -> 0
A34: A5 | B34: ITINERIS EARLY COLLEGE HIGH | C34: ='Licensed FTEs'!C73 -> 0 | D34: ='Licensed FTEs'!D73 -> 0 | E34: ='Licensed FTEs'!E73 -> 0 | F34: ='Licensed FTEs'!F73 -> 0 | G34: ='Licensed FTEs'!G73 -> 11.58 | H34: ='Licensed FTEs'!H73 -> 0 | I34: ='Classified FTEs'!C73 -> 0.5 | J34: ='Licensed FTEs'!I73+'Licensed FTEs'!J73 -> 0 | K34: ='Licensed FTEs'!K73 -> 0 | L34: ='Licensed FTEs'!L73 -> 2 | M34: ='Licensed FTEs'!M73 -> 0 | N34: ='Classified FTEs'!G73 -> 0
A35: 93 | B35: JOHN HANCOCK CHARTER SCHOOL | C35: ='Licensed FTEs'!C74 -> 0 | D35: ='Licensed FTEs'!D74 -> 0 | E35: ='Licensed FTEs'!E74 -> 0.72 | F35: ='Licensed FTEs'!F74 -> 8.24 | G35: ='Licensed FTEs'!G74 -> 1.33 | H35: ='Licensed FTEs'!H74 -> 1 | I35: ='Classified FTEs'!C74 -> 4.29 | J35: ='Licensed FTEs'!I74+'Licensed FTEs'!J74 -> 0 | K35: ='Licensed FTEs'!K74 -> 0 | L35: ='Licensed FTEs'!L74 -> 0 | M35: ='Licensed FTEs'!M74 -> 0 | N35: ='Classified FTEs'!G74 -> 0
A36: 2E | B36: KARL G MAESER PREPARATORY ACADEMY | C36: ='Licensed FTEs'!C75 -> 0 | D36: ='Licensed FTEs'!D75 -> 0 | E36: ='Licensed FTEs'!E75 -> 0 | F36: ='Licensed FTEs'!F75 -> 0 | G36: ='Licensed FTEs'!G75 -> 26.67 | H36: ='Licensed FTEs'!H75 -> 0.5 | I36: ='Classified FTEs'!C75 -> 1 | J36: ='Licensed FTEs'!I75+'Licensed FTEs'!J75 -> 1.84 | K36: ='Licensed FTEs'!K75 -> 0 | L36: ='Licensed FTEs'!L75 -> 0 | M36: ='Licensed FTEs'!M75 -> 0.75 | N36: ='Classified FTEs'!G75 -> 0
A37: 4C | B37: LAKEVIEW ACADEMY | C37: ='Licensed FTEs'!C76 -> 0 | D37: ='Licensed FTEs'!D76 -> 0 | E37: ='Licensed FTEs'!E76 -> 2 | F37: ='Licensed FTEs'!F76 -> 22.36 | G37: ='Licensed FTEs'!G76 -> 7.5 | H37: ='Licensed FTEs'!H76 -> 2 | I37: ='Classified FTEs'!C76 -> 16.19 | J37: ='Licensed FTEs'!I76+'Licensed FTEs'!J76 -> 1.3 | K37: ='Licensed FTEs'!K76 -> 0 | L37: ='Licensed FTEs'!L76 -> 0 | M37: ='Licensed FTEs'!M76 -> 1 | N37: ='Classified FTEs'!G76 -> 0
A38: 5C | B38: LEGACY PREPARATORY ACADEMY | C38: ='Licensed FTEs'!C77 -> 0 | D38: ='Licensed FTEs'!D77 -> 0 | E38: ='Licensed FTEs'!E77 -> 1.5 | F38: ='Licensed FTEs'!F77 -> 17 | G38: ='Licensed FTEs'!G77 -> 24.71 | H38: ='Licensed FTEs'!H77 -> 2 | I38: ='Classified FTEs'!C77 -> 0 | J38: ='Licensed FTEs'!I77+'Licensed FTEs'!J77 -> 3.62 | K38: ='Licensed FTEs'!K77 -> 0.17 | L38: ='Licensed FTEs'!L77 -> 0.83 | M38: ='Licensed FTEs'!M77 -> 0 | N38: ='Classified FTEs'!G77 -> 0
A39: 6C | B39: LIBERTY ACADEMY | C39: ='Licensed FTEs'!C78 -> 0 | D39: ='Licensed FTEs'!D78 -> 0 | E39: ='Licensed FTEs'!E78 -> 1 | F39: ='Licensed FTEs'!F78 -> 9.05 | G39: ='Licensed FTEs'!G78 -> 4.7 | H39: ='Licensed FTEs'!H78 -> 2 | I39: ='Classified FTEs'!C78 -> 7 | J39: ='Licensed FTEs'!I78+'Licensed FTEs'!J78 -> 0.36 | K39: ='Licensed FTEs'!K78 -> 0 | L39: ='Licensed FTEs'!L78 -> 0 | M39: ='Licensed FTEs'!M78 -> 0 | N39: ='Classified FTEs'!G78 -> 0
A40: 2B | B40: LINCOLN ACADEMY | C40: ='Licensed FTEs'!C79 -> 0 | D40: ='Licensed FTEs'!D79 -> 0 | E40: ='Licensed FTEs'!E79 -> 1 | F40: ='Licensed FTEs'!F79 -> 14.21 | G40: ='Licensed FTEs'!G79 -> 12 | H40: ='Licensed FTEs'!H79 -> 4.02 | I40: ='Classified FTEs'!C79 -> 23.25 | J40: ='Licensed FTEs'!I79+'Licensed FTEs'!J79 -> 0.03 | K40: ='Licensed FTEs'!K79 -> 0 | L40: ='Licensed FTEs'!L79 -> 0.53 | M40: ='Licensed FTEs'!M79 -> 0 | N40: ='Classified FTEs'!G79 -> 0.75
A41: 4G | B41: MARIA MONTESSORI ACADEMY | C41: ='Licensed FTEs'!C80 -> 0 | D41: ='Licensed FTEs'!D80 -> 0 | E41: ='Licensed FTEs'!E80 -> 1.5 | F41: ='Licensed FTEs'!F80 -> 15 | G41: ='Licensed FTEs'!G80 -> 0 | H41: ='Licensed FTEs'!H80 -> 1.18 | I41: ='Classified FTEs'!C80 -> 12.65 | J41: ='Licensed FTEs'!I80+'Licensed FTEs'!J80 -> 0 | K41: ='Licensed FTEs'!K80 -> 0 | L41: ='Licensed FTEs'!L80 -> 0 | M41: ='Licensed FTEs'!M80 -> 0 | N41: ='Classified FTEs'!G80 -> 0
A42: 8E | B42: MERIT COLLEGE PREPARATORY ACADEMY | C42: ='Licensed FTEs'!C81 -> 0 | D42: ='Licensed FTEs'!D81 -> 0 | E42: ='Licensed FTEs'!E81 -> 0 | F42: ='Licensed FTEs'!F81 -> 0 | G42: ='Licensed FTEs'!G81 -> 8.55 | H42: ='Licensed FTEs'!H81 -> 0.25 | I42: ='Classified FTEs'!C81 -> 1.75 | J42: ='Licensed FTEs'!I81+'Licensed FTEs'!J81 -> 0.91 | K42: ='Licensed FTEs'!K81 -> 0 | L42: ='Licensed FTEs'!L81 -> 0 | M42: ='Licensed FTEs'!M81 -> 0 | N42: ='Classified FTEs'!G81 -> 0
A43: A7 | B43: MOAB CHARTER SCHOOL | C43: ='Licensed FTEs'!C82 -> 0 | D43: ='Licensed FTEs'!D82 -> 0 | E43: ='Licensed FTEs'!E82 -> 1 | F43: ='Licensed FTEs'!F82 -> 3 | G43: ='Licensed FTEs'!G82 -> 0 | H43: ='Licensed FTEs'!H82 -> 1 | I43: ='Classified FTEs'!C82 -> 1 | J43: ='Licensed FTEs'!I82+'Licensed FTEs'!J82 -> 0 | K43: ='Licensed FTEs'!K82 -> 0 | L43: ='Licensed FTEs'!L82 -> 0 | M43: ='Licensed FTEs'!M82 -> 0 | N43: ='Classified FTEs'!G82 -> 0
A44: 7C | B44: MONTICELLO ACADEMY | C44: ='Licensed FTEs'!C83 -> 0 | D44: ='Licensed FTEs'!D83 -> 0 | E44: ='Licensed FTEs'!E83 -> 2 | F44: ='Licensed FTEs'!F83 -> 17 | G44: ='Licensed FTEs'!G83 -> 14.35 | H44: ='Licensed FTEs'!H83 -> 2 | I44: ='Classified FTEs'!C83 -> 6.99 | J44: ='Licensed FTEs'!I83+'Licensed FTEs'!J83 -> 2.01 | K44: ='Licensed FTEs'!K83 -> 0 | L44: ='Licensed FTEs'!L83 -> 0.5 | M44: ='Licensed FTEs'!M83 -> 1 | N44: ='Classified FTEs'!G83 -> 0
A45: 8C | B45: MOUNTAINVILLE ACADEMY | C45: ='Licensed FTEs'!C84 -> 0 | D45: ='Licensed FTEs'!D84 -> 0 | E45: ='Licensed FTEs'!E84 -> 1.5 | F45: ='Licensed FTEs'!F84 -> 18.63 | G45: ='Licensed FTEs'!G84 -> 10.05 | H45: ='Licensed FTEs'!H84 -> 1 | I45: ='Classified FTEs'!C84 -> 14 | J45: ='Licensed FTEs'!I84+'Licensed FTEs'!J84 -> 0 | K45: ='Licensed FTEs'!K84 -> 0 | L45: ='Licensed FTEs'!L84 -> 0.22 | M45: ='Licensed FTEs'!M84 -> 1 | N45: ='Classified FTEs'!G84 -> 0
A46: 9B | B46: NAVIGATOR POINTE ACADEMY | C46: ='Licensed FTEs'!C85 -> 0 | D46: ='Licensed FTEs'!D85 -> 0 | E46: ='Licensed FTEs'!E85 -> 2 | F46: ='Licensed FTEs'!F85 -> 13.2 | G46: ='Licensed FTEs'!G85 -> 10.28 | H46: ='Licensed FTEs'!H85 -> 1.75 | I46: ='Classified FTEs'!C85 -> 14.75 | J46: ='Licensed FTEs'!I85+'Licensed FTEs'!J85 -> 1.3 | K46: ='Licensed FTEs'!K85 -> 0.2 | L46: ='Licensed FTEs'!L85 -> 0.2 | M46: ='Licensed FTEs'!M85 -> 0.25 | N46: ='Classified FTEs'!G85 -> 0
A47: A1 | B47: NO UT ACAD FOR MATH ENGINEERING & SCIENCE (NUAMES) | C47: ='Licensed FTEs'!C86 -> 0 | D47: ='Licensed FTEs'!D86 -> 0 | E47: ='Licensed FTEs'!E86 -> 0 | F47: ='Licensed FTEs'!F86 -> 0 | G47: ='Licensed FTEs'!G86 -> 15.12 | H47: ='Licensed FTEs'!H86 -> 1 | I47: ='Classified FTEs'!C86 -> 1 | J47: ='Licensed FTEs'!I86+'Licensed FTEs'!J86 -> 1.14 | K47: ='Licensed FTEs'!K86 -> 0 | L47: ='Licensed FTEs'!L86 -> 1 | M47: ='Licensed FTEs'!M86 -> 0 | N47: ='Classified FTEs'!G86 -> 0
... A51: 1C | B51: ODYSSEY CHARTER SCHOOL | C51: ='Licensed FTEs'!C90 -> 0 | D51: ='Licensed FTEs'!D90 -> 0 | E51: ='Licensed FTEs'!E90 -> 2.5 | F51: ='Licensed FTEs'!F90 -> 11.82 | G51: ='Licensed FTEs'!G90 -> 6.51 | H51: ='Licensed FTEs'!H90 -> 3.48 | I51: ='Classified FTEs'!C90 -> 12.79 | J51: ='Licensed FTEs'!I90+'Licensed FTEs'!J90 -> 0 | K51: ='Licensed FTEs'!K90 -> 0.5 | L51: ='Licensed FTEs'!L90 -> 0 | M51: ='Licensed FTEs'!M90 -> 0 | N51: ='Classified FTEs'!G90 -> 0.5
A52: 68 | B52: OGDEN PREPARATORY ACADEMY | C52: ='Licensed FTEs'!C91 -> 0 | D52: ='Licensed FTEs'!D91 -> 0 | E52: ='Licensed FTEs'!E91 -> 2 | F52: ='Licensed FTEs'!F91 -> 22 | G52: ='Licensed FTEs'!G91 -> 20.1 | H52: ='Licensed FTEs'!H91 -> 3.75 | I52: ='Classified FTEs'!C91 -> 23.35 | J52: ='Licensed FTEs'!I91+'Licensed FTEs'!J91 -> 1.6 | K52: ='Licensed FTEs'!K91 -> 0.25 | L52: ='Licensed FTEs'!L91 -> 0.25 | M52: ='Licensed FTEs'!M91 -> 0.5 | N52: ='Classified FTEs'!G91 -> 0
A53: 8D | B53: OPEN CLASSROOM | C53: ='Licensed FTEs'!C92 -> 0 | D53: ='Licensed FTEs'!D92 -> 0 | E53: ='Licensed FTEs'!E92 -> 1.5 | F53: ='Licensed FTEs'!F92 -> 14.5 | G53: ='Licensed FTEs'!G92 -> 0 | H53: ='Licensed FTEs'!H92 -> 1.8 | I53: ='Classified FTEs'!C92 -> 0 | J53: ='Licensed FTEs'!I92+'Licensed FTEs'!J92 -> 1 | K53: ='Licensed FTEs'!K92 -> 0.6 | L53: ='Licensed FTEs'!L92 -> 0 | M53: ='Licensed FTEs'!M92 -> 0 | N53: ='Classified FTEs'!G92 -> 0
A54: 9F | B54: OPEN HIGH SCHOOL OF UTAH | C54: ='Licensed FTEs'!C93 -> 0 | D54: ='Licensed FTEs'!D93 -> 0 | E54: ='Licensed FTEs'!E93 -> 0 | F54: ='Licensed FTEs'!F93 -> 0 | G54: ='Licensed FTEs'!G93 -> 9.4 | H54: ='Licensed FTEs'!H93 -> 0 | I54: ='Classified FTEs'!C93 -> 0.5 | J54: ='Licensed FTEs'!I93+'Licensed FTEs'!J93 -> 0.25 | K54: ='Licensed FTEs'!K93 -> 0 | L54: ='Licensed FTEs'!L93 -> 0.75 | M54: ='Licensed FTEs'!M93 -> 0 | N54: ='Classified FTEs'!G93 -> 0
A55: 1G | B55: OQUIRRH MOUNTAIN CHARTER SCHOOL | C55: ='Licensed FTEs'!C94 -> 0 | D55: ='Licensed FTEs'!D94 -> 0 | E55: ='Licensed FTEs'!E94 -> 2 | F55: ='Licensed FTEs'!F94 -> 19.98 | G55: ='Licensed FTEs'!G94 -> 7.9 | H55: ='Licensed FTEs'!H94 -> 2.53 | I55: ='Classified FTEs'!C94 -> 12.2 | J55: ='Licensed FTEs'!I94+'Licensed FTEs'!J94 -> 1.35 | K55: ='Licensed FTEs'!K94 -> 0.75 | L55: ='Licensed FTEs'!L94 -> 0.12 | M55: ='Licensed FTEs'!M94 -> 0 | N55: ='Classified FTEs'!G94 -> 0
A56: 9C | B56: PARADIGM HIGH SCHOOL | C56: ='Licensed FTEs'!C95 -> 0 | D56: ='Licensed FTEs'!D95 -> 0 | E56: ='Licensed FTEs'!E95 -> 0 | F56: ='Licensed FTEs'!F95 -> 0 | G56: ='Licensed FTEs'!G95 -> 32.39 | H56: ='Licensed FTEs'!H95 -> 1 | I56: ='Classified FTEs'!C95 -> 0 | J56: ='Licensed FTEs'!I95+'Licensed FTEs'!J95 -> 1.87 | K56: ='Licensed FTEs'!K95 -> 0 | L56: ='Licensed FTEs'!L95 -> 1 | M56: ='Licensed FTEs'!M95 -> 1 | N56: ='Classified FTEs'!G95 -> 0
A57: 86 | B57: PINNACLE CANYON ACADEMY | C57: ='Licensed FTEs'!C96 -> 0 | D57: ='Licensed FTEs'!D96 -> 0 | E57: ='Licensed FTEs'!E96 -> 1.06 | F57: ='Licensed FTEs'!F96 -> 13.73 | G57: ='Licensed FTEs'!G96 -> 17.75 | H57: ='Licensed FTEs'!H96 -> 0.36 | I57: ='Classified FTEs'!C96 -> 31.5 | J57: ='Licensed FTEs'!I96+'Licensed FTEs'!J96 -> 1.07 | K57: ='Licensed FTEs'!K96 -> 0 | L57: ='Licensed FTEs'!L96 -> 0 | M57: ='Licensed FTEs'!M96 -> 1.06 | N57: ='Classified FTEs'!G96 -> 0
A58: 9E | B58: PROVIDENCE HALL | C58: ='Licensed FTEs'!C97 -> 0 | D58: ='Licensed FTEs'!D97 -> 0 | E58: ='Licensed FTEs'!E97 -> 0.5 | F58: ='Licensed FTEs'!F97 -> 26 | G58: ='Licensed FTEs'!G97 -> 0 | H58: ='Licensed FTEs'!H97 -> 1 | I58: ='Classified FTEs'!C97 -> 23.3 | J58: ='Licensed FTEs'!I97+'Licensed FTEs'!J97 -> 1 | K58: ='Licensed FTEs'!K97 -> 0.5 | L58: ='Licensed FTEs'!L97 -> 0 | M58: ='Licensed FTEs'!M97 -> 0 | N58: ='Classified FTEs'!G97 -> 0
A59: 5G | B59: QUAIL RUN PRIMARY SCHOOL | C59: ='Licensed FTEs'!C98 -> 0 | D59: ='Licensed FTEs'!D98 -> 0 | E59: ='Licensed FTEs'!E98 -> 2.56 | F59: ='Licensed FTEs'!F98 -> 12.72 | G59: ='Licensed FTEs'!G98 -> 8.58 | H59: ='Licensed FTEs'!H98 -> 1.75 | I59: ='Classified FTEs'!C98 -> 3 | J59: ='Licensed FTEs'!I98+'Licensed FTEs'!J98 -> 0 | K59: ='Licensed FTEs'!K98 -> 0 | L59: ='Licensed FTEs'!L98 -> 0.25 | M59: ='Licensed FTEs'!M98 -> 0 | N59: ='Classified FTEs'!G98 -> 0
A60: 1F | B60: QUEST ACADEMY | C60: ='Licensed FTEs'!C99 -> 0 | D60: ='Licensed FTEs'!D99 -> 0 | E60: ='Licensed FTEs'!E99 -> 1.5 | F60: ='Licensed FTEs'!F99 -> 20.4 | G60: ='Licensed FTEs'!G99 -> 1.7 | H60: ='Licensed FTEs'!H99 -> 2.4 | I60: ='Classified FTEs'!C99 -> 7.53 | J60: ='Licensed FTEs'!I99+'Licensed FTEs'!J99 -> 0 | K60: ='Licensed FTEs'!K99 -> 0 | L60: ='Licensed FTEs'!L99 -> 0 | M60: ='Licensed FTEs'!M99 -> 0.5 | N60: ='Classified FTEs'!G99 -> 0
A61: A2 | B61: RANCHES ACADEMY | C61: ='Licensed FTEs'!C100 -> 0 | D61: ='Licensed FTEs'!D100 -> 0 | E61: ='Licensed FTEs'!E100 -> 1 | F61: ='Licensed FTEs'!F100 -> 12.67 | G61: ='Licensed FTEs'!G100 -> 0 | H61: ='Licensed FTEs'!H100 -> 1.25 | I61: ='Classified FTEs'!C100 -> 13.5 | J61: ='Licensed FTEs'!I100+'Licensed FTEs'!J100 -> 0 | K61: ='Licensed FTEs'!K100 -> 0 | L61: ='Licensed FTEs'!L100 -> 0 | M61: ='Licensed FTEs'!M100 -> 0 | N61: ='Classified FTEs'!G100 -> 0.5
A62: 7B | B62: REAGAN ACADEMY | C62: ='Licensed FTEs'!C101 -> 0 | D62: ='Licensed FTEs'!D101 -> 0 | E62: ='Licensed FTEs'!E101 -> 2 | F62: ='Licensed FTEs'!F101 -> 25.14 | G62: ='Licensed FTEs'!G101 -> 6.82 | H62: ='Licensed FTEs'!H101 -> 3 | I62: ='Classified FTEs'!C101 -> 11 | J62: ='Licensed FTEs'!I101+'Licensed FTEs'!J101 -> 0.8 | K62: ='Licensed FTEs'!K101 -> 0 | L62: ='Licensed FTEs'!L101 -> 0 | M62: ='Licensed FTEs'!M101 -> 1 | N62: ='Classified FTEs'!G101 -> 0
A63: 1D | B63: RENAISSANCE ACADEMY | C63: ='Licensed FTEs'!C102 -> 0 | D63: ='Licensed FTEs'!D102 -> 0 | E63: ='Licensed FTEs'!E102 -> 1.49 | F63: ='Licensed FTEs'!F102 -> 17.95 | G63: ='Licensed FTEs'!G102 -> 13.53 | H63: ='Licensed FTEs'!H102 -> 1 | I63: ='Classified FTEs'!C102 -> 6.82 | J63: ='Licensed FTEs'!I102+'Licensed FTEs'!J102 -> 0.1 | K63: ='Licensed FTEs'!K102 -> 0.23 | L63: ='Licensed FTEs'!L102 -> 0.23 | M63: ='Licensed FTEs'!M102 -> 1 | N63: ='Classified FTEs'!G102 -> 0
A64: 2F | B64: ROCKWELL CHARTER HIGH SCHOOL | C64: ='Licensed FTEs'!C103 -> 0 | D64: ='Licensed FTEs'!D103 -> 0 | E64: ='Licensed FTEs'!E103 -> 0 | F64: ='Licensed FTEs'!F103 -> 0 | G64: ='Licensed FTEs'!G103 -> 16.08 | H64: ='Licensed FTEs'!H103 -> 2.88 | I64: ='Classified FTEs'!C103 -> 1 | J64: ='Licensed FTEs'!I103+'Licensed FTEs'!J103 -> 1.07 | K64: ='Licensed FTEs'!K103 -> 0 | L64: ='Licensed FTEs'!L103 -> 0.6 | M64: ='Licensed FTEs'!M103 -> 0 | N64: ='Classified FTEs'!G103 -> 0
A65: 97 | B65: SALT LAKE ARTS ACADEMY | C65: ='Licensed FTEs'!C104 -> 0 | D65: ='Licensed FTEs'!D104 -> 0 | E65: ='Licensed FTEs'!E104 -> 0 | F65: ='Licensed FTEs'!F104 -> 2.1 | G65: ='Licensed FTEs'!G104 -> 12.56 | H65: ='Licensed FTEs'!H104 -> 1 | I65: ='Classified FTEs'!C104 -> 6.5 | J65: ='Licensed FTEs'!I104+'Licensed FTEs'!J104 -> 0 | K65: ='Licensed FTEs'!K104 -> 0 | L65: ='Licensed FTEs'!L104 -> 0 | M65: ='Licensed FTEs'!M104 -> 0 | N65: ='Classified FTEs'!G104 -> 0
A66: 4F | B66: SALT LAKE CENTER FOR SCIENCE EDUCATION | C66: ='Licensed FTEs'!C105 -> 0 | D66: ='Licensed FTEs'!D105 -> 0 | E66: ='Licensed FTEs'!E105 -> 0 | F66: ='Licensed FTEs'!F105 -> 2 | G66: ='Licensed FTEs'!G105 -> 11.58 | H66: ='Licensed FTEs'!H105 -> 1.17 | I66: ='Classified FTEs'!C105 -> 0 | J66: ='Licensed FTEs'!I105+'Licensed FTEs'!J105 -> 0 | K66: ='Licensed FTEs'!K105 -> 0 | L66: ='Licensed FTEs'!L105 -> 0 | M66: ='Licensed FTEs'!M105 -> 0 | N66: ='Classified FTEs'!G105 -> 0
A67: 7D | B67: SALT LAKE SCHOOL FOR THE PERFORMING ARTS | C67: ='Licensed FTEs'!C106 -> 0 | D67: ='Licensed FTEs'!D106 -> 0 | E67: ='Licensed FTEs'!E106 -> 0 | F67: ='Licensed FTEs'!F106 -> 0 | G67: ='Licensed FTEs'!G106 -> 4.25 | H67: ='Licensed FTEs'!H106 -> 0 | I67: ='Classified FTEs'!C106 -> 0.69 | J67: ='Licensed FTEs'!I106+'Licensed FTEs'!J106 -> 0 | K67: ='Licensed FTEs'!K106 -> 0 | L67: ='Licensed FTEs'!L106 -> 1 | M67: ='Licensed FTEs'!M106 -> 0 | N67: ='Classified FTEs'!G106 -> 0
A68: 89 | B68: SOLDIER HOLLOW CHARTER SCHOOL | C68: ='Licensed FTEs'!C107 -> 0 | D68: ='Licensed FTEs'!D107 -> 0 | E68: ='Licensed FTEs'!E107 -> 2 | F68: ='Licensed FTEs'!F107 -> 14 | G68: ='Licensed FTEs'!G107 -> 0 | H68: ='Licensed FTEs'!H107 -> 1 | I68: ='Classified FTEs'!C107 -> 0 | J68: ='Licensed FTEs'!I107+'Licensed FTEs'!J107 -> 0 | K68: ='Licensed FTEs'!K107 -> 0 | L68: ='Licensed FTEs'!L107 -> 0 | M68: ='Licensed FTEs'!M107 -> 0 | N68: ='Classified FTEs'!G107 -> 0
A69: 3D | B69: SPECTRUM ACADEMY | C69: ='Licensed FTEs'!C108 -> 0 | D69: ='Licensed FTEs'!D108 -> 0 | E69: ='Licensed FTEs'!E108 -> 0 | F69: ='Licensed FTEs'!F108 -> 1.5 | G69: ='Licensed FTEs'!G108 -> 4 | H69: ='Licensed FTEs'!H108 -> 21.5 | I69: ='Classified FTEs'!C108 -> 0 | J69: ='Licensed FTEs'!I108+'Licensed FTEs'!J108 -> 0 | K69: ='Licensed FTEs'!K108 -> 0 | L69: ='Licensed FTEs'!L108 -> 0 | M69: ='Licensed FTEs'!M108 -> 0 | N69: ='Classified FTEs'!G108 -> 0
A70: A9 | B70: SUCCESS ACADEMY | C70: ='Licensed FTEs'!C109 -> 0 | D70: ='Licensed FTEs'!D109 -> 0 | E70: ='Licensed FTEs'!E109 -> 0 | F70: ='Licensed FTEs'!F109 -> 0 | G70: ='Licensed FTEs'!G109 -> 7.14 | H70: ='Licensed FTEs'!H109 -> 0 | I70: ='Classified FTEs'!C109 -> 0 | J70: ='Licensed FTEs'!I109+'Licensed FTEs'!J109 -> 0 | K70: ='Licensed FTEs'!K109 -> 0 | L70: ='Licensed FTEs'!L109 -> 0 | M70: ='Licensed FTEs'!M109 -> 0 | N70: ='Classified FTEs'!G109 -> 0
A71: 88 | B71: SUCCESS SCHOOL | C71: ='Licensed FTEs'!C110 -> 0 | D71: ='Licensed FTEs'!D110 -> 0 | E71: ='Licensed FTEs'!E110 -> 0 | F71: ='Licensed FTEs'!F110 -> 0 | G71: ='Licensed FTEs'!G110 -> 0 | H71: ='Licensed FTEs'!H110 -> 0 | I71: ='Classified FTEs'!C110 -> 0 | J71: ='Licensed FTEs'!I110+'Licensed FTEs'!J110 -> 2 | K71: ='Licensed FTEs'!K110 -> 0 | L71: ='Licensed FTEs'!L110 -> 0 | M71: ='Licensed FTEs'!M110 -> 0 | N71: ='Classified FTEs'!G110 -> 0
A72: A4 | B72: SUMMIT ACADEMY | C72: ='Licensed FTEs'!C111 -> 0 | D72: ='Licensed FTEs'!D111 -> 0 | E72: ='Licensed FTEs'!E111 -> 2.5 | F72: ='Licensed FTEs'!F111 -> 27.8 | G72: ='Licensed FTEs'!G111 -> 11.18 | H72: ='Licensed FTEs'!H111 -> 4.25 | I72: ='Classified FTEs'!C111 -> 18.67 | J72: ='Licensed FTEs'!I111+'Licensed FTEs'!J111 -> 2.49 | K72: ='Licensed FTEs'!K111 -> 0 | L72: ='Licensed FTEs'!L111 -> 1 | M72: ='Licensed FTEs'!M111 -> 0 | N72: ='Classified FTEs'!G111 -> 0.5
A73: 7G | B73: SUMMIT ACADEMY HIGH SCHOOL | C73: ='Licensed FTEs'!C112 -> 0 | D73: ='Licensed FTEs'!D112 -> 0 | E73: ='Licensed FTEs'!E112 -> 0 | F73: ='Licensed FTEs'!F112 -> 0 | G73: ='Licensed FTEs'!G112 -> 7.63 | H73: ='Licensed FTEs'!H112 -> 0 | I73: ='Classified FTEs'!C112 -> 0 | J73: ='Licensed FTEs'!I112+'Licensed FTEs'!J112 -> 0.37 | K73: ='Licensed FTEs'!K112 -> 0 | L73: ='Licensed FTEs'!L112 -> 0 | M73: ='Licensed FTEs'!M112 -> 0 | N73: ='Classified FTEs'!G112 -> 0
A74: 4D | B74: SYRACUSE ARTS ACADEMY | C74: ='Licensed FTEs'!C113 -> 0 | D74: ='Licensed FTEs'!D113 -> 0 | E74: ='Licensed FTEs'!E113 -> 3 | F74: ='Licensed FTEs'!F113 -> 27 | G74: ='Licensed FTEs'!G113 -> 13.25 | H74: ='Licensed FTEs'!H113 -> 2.5 | I74: ='Classified FTEs'!C113 -> 8.22 | J74: ='Licensed FTEs'!I113+'Licensed FTEs'!J113 -> 0 | K74: ='Licensed FTEs'!K113 -> 0 | L74: ='Licensed FTEs'!L113 -> 1 | M74: ='Licensed FTEs'!M113 -> 0 | N74: ='Classified FTEs'!G113 -> 0
A75: 94 | B75: THOMAS EDISON - NORTH | C75: ='Licensed FTEs'!C114 -> 0 | D75: ='Licensed FTEs'!D114 -> 0 | E75: ='Licensed FTEs'!E114 -> 3 | F75: ='Licensed FTEs'!F114 -> 29.04 | G75: ='Licensed FTEs'!G114 -> 17.52 | H75: ='Licensed FTEs'!H114 -> 3 | I75: ='Classified FTEs'!C114 -> 37.5 | J75: ='Licensed FTEs'!I114+'Licensed FTEs'!J114 -> 1 | K75: ='Licensed FTEs'!K114 -> 0 | L75: ='Licensed FTEs'!L114 -> 1 | M75: ='Licensed FTEs'!M114 -> 2 | N75: ='Classified FTEs'!G114 -> 0
A76: 95 | B76: TIMPANOGOS ACADEMY | C76: ='Licensed FTEs'!C115 -> 0 | D76: ='Licensed FTEs'!D115 -> 0 | E76: ='Licensed FTEs'!E115 -> 1 | F76: ='Licensed FTEs'!F115 -> 16 | G76: ='Licensed FTEs'!G115 -> 3.3 | H76: ='Licensed FTEs'!H115 -> 1 | I76: ='Classified FTEs'!C115 -> 7.75 | J76: ='Licensed FTEs'!I115+'Licensed FTEs'!J115 -> 0 | K76: ='Licensed FTEs'!K115 -> 0 | L76: ='Licensed FTEs'!L115 -> 0 | M76: ='Licensed FTEs'!M115 -> 0 | N76: ='Classified FTEs'!G115 -> 1
A77: 90 | B77: TUACAHN HIGH SCHOOL FOR THE PERFORMING ARTS | C77: ='Licensed FTEs'!C116 -> 0 | D77: ='Licensed FTEs'!D116 -> 0 | E77: ='Licensed FTEs'!E116 -> 0 | F77: ='Licensed FTEs'!F116 -> 0 | G77: ='Licensed FTEs'!G116 -> 12.3 | H77: ='Licensed FTEs'!H116 -> 0.25 | I77: ='Classified FTEs'!C116 -> 1.75 | J77: ='Licensed FTEs'!I116+'Licensed FTEs'!J116 -> 0 | K77: ='Licensed FTEs'!K116 -> 0 | L77: ='Licensed FTEs'!L116 -> 1 | M77: ='Licensed FTEs'!M116 -> 0.83 | N77: ='Classified FTEs'!G116 -> 0
A78: 92 | B78: UINTAH RIVER HIGH | C78: ='Licensed FTEs'!C117 -> 0 | D78: ='Licensed FTEs'!D117 -> 0 | E78: ='Licensed FTEs'!E117 -> 0 | F78: ='Licensed FTEs'!F117 -> 0 | G78: ='Licensed FTEs'!G117 -> 7.14 | H78: ='Licensed FTEs'!H117 -> 0.53 | I78: ='Classified FTEs'!C117 -> 2 | J78: ='Licensed FTEs'!I117+'Licensed FTEs'!J117 -> 0 | K78: ='Licensed FTEs'!K117 -> 0 | L78: ='Licensed FTEs'!L117 -> 1.5 | M78: ='Licensed FTEs'!M117 -> 0 | N78: ='Classified FTEs'!G117 -> 0
A79: 1B | B79: UTAH COUNTY ACADEMY OF SCIENCE (UCAS) | C79: ='Licensed FTEs'!C118 -> 0 | D79: ='Licensed FTEs'!D118 -> 0 | E79: ='Licensed FTEs'!E118 -> 0 | F79: ='Licensed FTEs'!F118 -> 0 | G79: ='Licensed FTEs'!G118 -> 10.63 | H79: ='Licensed FTEs'!H118 -> 0.5 | I79: ='Classified FTEs'!C118 -> 2.1 | J79: ='Licensed FTEs'!I118+'Licensed FTEs'!J118 -> 1.67 | K79: ='Licensed FTEs'!K118 -> 0 | L79: ='Licensed FTEs'!L118 -> 2.59 | M79: ='Licensed FTEs'!M118 -> 0 | N79: ='Classified FTEs'!G118 -> 0
A80: 5F | B80: UTAH VIRTUAL ACADEMY | C80: ='Licensed FTEs'!C119 -> 0 | D80: ='Licensed FTEs'!D119 -> 0 | E80: ='Licensed FTEs'!E119 -> 1 | F80: ='Licensed FTEs'!F119 -> 10.1 | G80: ='Licensed FTEs'!G119 -> 16.64 | H80: ='Licensed FTEs'!H119 -> 7.5 | I80: ='Classified FTEs'!C119 -> 0 | J80: ='Licensed FTEs'!I119+'Licensed FTEs'!J119 -> 8.9 | K80: ='Licensed FTEs'!K119 -> 0 | L80: ='Licensed FTEs'!L119 -> 0 | M80: ='Licensed FTEs'!M119 -> 0 | N80: ='Classified FTEs'!G119 -> 0
A81: 3F | B81: VENTURE ACADEMY | C81: ='Licensed FTEs'!C120 -> 0 | D81: ='Licensed FTEs'!D120 -> 0 | E81: ='Licensed FTEs'!E120 -> 0.5 | F81: ='Licensed FTEs'!F120 -> 11.1 | G81: ='Licensed FTEs'!G120 -> 8.95 | H81: ='Licensed FTEs'!H120 -> 2 | I81: ='Classified FTEs'!C120 -> 8.25 | J81: ='Licensed FTEs'!I120+'Licensed FTEs'!J120 -> 0.5 | K81: ='Licensed FTEs'!K120 -> 0 | L81: ='Licensed FTEs'!L120 -> 0 | M81: ='Licensed FTEs'!M120 -> 0 | N81: ='Classified FTEs'!G120 -> 0
A82: 2G | B82: VISTA AT ENTRADA SCHOOL OF PERFORMING ARTS AND TECHNOLOGY | C82: ='Licensed FTEs'!C121 -> 0 | D82: ='Licensed FTEs'!D121 -> 0 | E82: ='Licensed FTEs'!E121 -> 2 | F82: ='Licensed FTEs'!F121 -> 25.19 | G82: ='Licensed FTEs'!G121 -> 2.89 | H82: ='Licensed FTEs'!H121 -> 3 | I82: ='Classified FTEs'!C121 -> 10 | J82: ='Licensed FTEs'!I121+'Licensed FTEs'!J121 -> 6.33 | K82: ='Licensed FTEs'!K121 -> 0.63 | L82: ='Licensed FTEs'!L121 -> 0 | M82: ='Licensed FTEs'!M121 -> 0 | N82: ='Classified FTEs'!G121 -> 0
A83: 81 | B83: WALDEN SCHOOL OF LIBERAL ARTS | C83: ='Licensed FTEs'!C122 -> 0 | D83: ='Licensed FTEs'!D122 -> 0 | E83: ='Licensed FTEs'!E122 -> 1 | F83: ='Licensed FTEs'!F122 -> 4.92 | G83: ='Licensed FTEs'!G122 -> 12.94 | H83: ='Licensed FTEs'!H122 -> 1.75 | I83: ='Classified FTEs'!C122 -> 0 | J83: ='Licensed FTEs'!I122+'Licensed FTEs'!J122 -> 0 | K83: ='Licensed FTEs'!K122 -> 0 | L83: ='Licensed FTEs'!L122 -> 0.25 | M83: ='Licensed FTEs'!M122 -> 0 | N83: ='Classified FTEs'!G122 -> 0
A84: 4B | B84: WASATCH PEAK ACADEMY | C84: ='Licensed FTEs'!C123 -> 0 | D84: ='Licensed FTEs'!D123 -> 0 | E84: ='Licensed FTEs'!E123 -> 1 | F84: ='Licensed FTEs'!F123 -> 14.5 | G84: ='Licensed FTEs'!G123 -> 0 | H84: ='Licensed FTEs'!H123 -> 1.5 | I84: ='Classified FTEs'!C123 -> 10.57 | J84: ='Licensed FTEs'!I123+'Licensed FTEs'!J123 -> 0 | K84: ='Licensed FTEs'!K123 -> 0 | L84: ='Licensed FTEs'!L123 -> 0 | M84: ='Licensed FTEs'!M123 -> 0 | N84: ='Classified FTEs'!G123 -> 0
A85: 6G | B85: WEILENMANN SCHOOL OF DISCOVERY | C85: ='Licensed FTEs'!C124 -> 0 | D85: ='Licensed FTEs'!D124 -> 0 | E85: ='Licensed FTEs'!E124 -> 3 | F85: ='Licensed FTEs'!F124 -> 16 | G85: ='Licensed FTEs'!G124 -> 7.7 | H85: ='Licensed FTEs'!H124 -> 1.5 | I85: ='Classified FTEs'!C124 -> 8 | J85: ='Licensed FTEs'!I124+'Licensed FTEs'!J124 -> 0 | K85: ='Licensed FTEs'!K124 -> 0 | L85: ='Licensed FTEs'!L124 -> 0 | M85: ='Licensed FTEs'!M124 -> 0.5 | N85: ='Classified FTEs'!G124 -> 0
B86: CHARTER TOTAL | C86: =SUM(C10:C85) -> 0 | D86: =SUM(D10:D85) -> 0 | E86: =SUM(E10:E85) -> 93.02 | F86: =SUM(F10:F85) -> 876.12 | G86: =SUM(G10:G85) -> 698.7 | H86: =SUM(H10:H85) -> 138.41 | I86: =SUM(I10:I85) -> 564.55 | J86: =SUM(J10:J85) -> 69.76 | ... N86: =SUM(N10:N85) -> 7.81

Sheet support-districts
B1: Full-Time Equivalents (FTEs) by Position
B2: Licensed and Classified Personnel
B3: FY 2011
B4: Local Education Agencies | C4: SUPPORT | M4: TOTAL FTEs
C5: LEA Administrators | E5: LEA Administrative Support Staff | F5: School Administrators | G5: School Administrative Support Staff | H5: Student Support Services Staff | L5: Other Support Staff
H7: Student Support Services | I7: Student Transportation Supervisors | J7: School Food Services Supervisors | K7: School Nurses
C8: CACTUS Database | D8: Classified Personnel Report | E8: Classified Personnel Report | F8: CACTUS Database | G8: Classified Personnel Report | H8: CACTUS Database | I8: Classified Personnel Report | J8: Classified Personnel Report | K8: Classified Personnel Report | L8: Classified Personnel Report
B9: DISTRICT
A10: 1 | B10: Alpine | C10: ='Licensed FTEs'!N7 -> 22 | D10: ='Classified FTEs'!H7+'Classified FTEs'!K7 -> 1 | E10: ='Classified FTEs'!I7+'Classified FTEs'!L7+'Classified FTEs'!M7+'Classified FTEs'!N7+'Classified FTEs'!O7 -> 98.21 | F10: ='Licensed FTEs'!O7 -> 113.8 | G10: ='Classified FTEs'!E7+'Classified FTEs'!F7+'Classified FTEs'!J7 -> 274.71 | H10: ='Licensed FTEs'!P7 -> 95.11 | I10: ='Classified FTEs'!V7 -> 4 | J10: ='Classified FTEs'!AD7 -> 5 | K10: ='Classified FTEs'!D7 -> 0 | L10: ='Classified FTEs'!T7+'Classified FTEs'!U7+'Classified FTEs'!W7+'Classified FTEs'!X7+'Classified FTEs'!Y7+'Classified FTEs'!AC7+'Classified FTEs'!AE7+'Classified FTEs'!AF7+'Classified FTEs'!AL7 -> 1005.94 | M10: =SUM(C10:L10)+SUM('instruction-districts'!C10:N10) -> 5547.87
A11: 2 | B11: Beaver | C11: ='Licensed FTEs'!N8 -> 3.25 | D11: ='Classified FTEs'!H8+'Classified FTEs'!K8 -> 0 | E11: ='Classified FTEs'!I8+'Classified FTEs'!L8+'Classified FTEs'!M8+'Classified FTEs'!N8+'Classified FTEs'!O8 -> 1.75 | F11: ='Licensed FTEs'!O8 -> 3.75 | G11: ='Classified FTEs'!E8+'Classified FTEs'!F8+'Classified FTEs'!J8 -> 6.3 | H11: ='Licensed FTEs'!P8 -> 1 | I11: ='Classified FTEs'!V8 -> 0 | J11: ='Classified FTEs'!AD8 -> 0 | K11: ='Classified FTEs'!D8 -> 0.2 | L11: ='Classified FTEs'!T8+'Classified FTEs'!U8+'Classified FTEs'!W8+'Classified FTEs'!X8+'Classified FTEs'!Y8+'Classified FTEs'!AC8+'Classified FTEs'!AE8+'Classified FTEs'!AF8+'Classified FTEs'!AL8 -> 24.72 | M11: =SUM(C11:L11)+SUM('instruction-districts'!C11:N11) -> 157.47
A12: 3 | B12: Box Elder | C12: ='Licensed FTEs'!N9 -> 5 | D12: ='Classified FTEs'!H9+'Classified FTEs'!K9 -> 2 | E12: ='Classified FTEs'!I9+'Classified FTEs'!L9+'Classified FTEs'!M9+'Classified FTEs'!N9+'Classified FTEs'!O9 -> 14 | F12: ='Licensed FTEs'!O9 -> 25.3 | G12: ='Classified FTEs'!E9+'Classified FTEs'!F9+'Classified FTEs'!J9 -> 50 | H12: ='Licensed FTEs'!P9 -> 23.4 | I12: ='Classified FTEs'!V9 -> 1 | J12: ='Classified FTEs'!AD9 -> 1 | K12: ='Classified FTEs'!D9 -> 5 | L12: ='Classified FTEs'!T9+'Classified FTEs'!U9+'Classified FTEs'!W9+'Classified FTEs'!X9+'Classified FTEs'!Y9+'Classified FTEs'!AC9+'Classified FTEs'!AE9+'Classified FTEs'!AF9+'Classified FTEs'!AL9 -> 372 | M12: =SUM(C12:L12)+SUM('instruction-districts'!C12:N12) -> 1444.06
A13: 4 | B13: Cache | C13: ='Licensed FTEs'!N10 -> 3 | D13: ='Classified FTEs'!H10+'Classified FTEs'!K10 -> 1 | E13: ='Classified FTEs'!I10+'Classified FTEs'!L10+'Classified FTEs'!M10+'Classified FTEs'!N10+'Classified FTEs'!O10 -> 16.93 | F13: ='Licensed FTEs'!O10 -> 30.75 | G13: ='Classified FTEs'!E10+'Classified FTEs'!F10+'Classified FTEs'!J10 -> 42.74 | H13: ='Licensed FTEs'!P10 -> 37.03 | I13: ='Classified FTEs'!V10 -> 3.66 | J13: ='Classified FTEs'!AD10 -> 25 | K13: ='Classified FTEs'!D10 -> 2.5 | L13: ='Classified FTEs'!T10+'Classified FTEs'!U10+'Classified FTEs'!W10+'Classified FTEs'!X10+'Classified FTEs'!Y10+'Classified FTEs'!AC10+'Classified FTEs'!AE10+'Classified FTEs'!AF10+'Classified FTEs'!AL10 -> 260.12 | M13: =SUM(C13:L13)+SUM('instruction-districts'!C13:N13) -> 1491.69
A14: 42 | B14: Canyons | C14: ='Licensed FTEs'!N11 -> 21 | D14: ='Classified FTEs'!H11+'Classified FTEs'!K11 -> 6 | E14: ='Classified FTEs'!I11+'Classified FTEs'!L11+'Classified FTEs'!M11+'Classified FTEs'!N11+'Classified FTEs'!O11 -> 64 | F14: ='Licensed FTEs'!O11 -> 83 | G14: ='Classified FTEs'!E11+'Classified FTEs'!F11+'Classified FTEs'!J11 -> 107.5 | H14: ='Licensed FTEs'!P11 -> 79.53 | I14: ='Classified FTEs'!V11 -> 1 | J14: ='Classified FTEs'!AD11 -> 1 | K14: ='Classified FTEs'!D11 -> 18.4 | L14: ='Classified FTEs'!T11+'Classified FTEs'!U11+'Classified FTEs'!W11+'Classified FTEs'!X11+'Classified FTEs'!Y11+'Classified FTEs'!AC11+'Classified FTEs'!AE11+'Classified FTEs'!AF11+'Classified FTEs'!AL11 -> 476.32 | M14: =SUM(C14:L14)+SUM('instruction-districts'!C14:N14) -> 2626.91
A15: 5 | B15: Carbon | C15: ='Licensed FTEs'!N12 -> 5.48 | D15: ='Classified FTEs'!H12+'Classified FTEs'!K12 -> 1 | E15: ='Classified FTEs'!I12+'Classified FTEs'!L12+'Classified FTEs'!M12+'Classified FTEs'!N12+'Classified FTEs'!O12 -> 5.29 | F15: ='Licensed FTEs'!O12 -> 10.41 | G15: ='Classified FTEs'!E12+'Classified FTEs'!F12+'Classified FTEs'!J12 -> 18.51 | H15: ='Licensed FTEs'!P12 -> 3.8 | I15: ='Classified FTEs'!V12 -> 0 | J15: ='Classified FTEs'!AD12 -> 0.5 | K15: ='Classified FTEs'!D12 -> 0 | L15: ='Classified FTEs'!T12+'Classified FTEs'!U12+'Classified FTEs'!W12+'Classified FTEs'!X12+'Classified FTEs'!Y12+'Classified FTEs'!AC12+'Classified FTEs'!AE12+'Classified FTEs'!AF12+'Classified FTEs'!AL12 -> 79.3 | M15: =SUM(C15:L15)+SUM('instruction-districts'!C15:N15) -> 403.98
A16: 6 | B16: Daggett | C16: ='Licensed FTEs'!N13 -> 0.8 | D16: ='Classified FTEs'!H13+'Classified FTEs'!K13 -> 0.85 | E16: ='Classified FTEs'!I13+'Classified FTEs'!L13+'Classified FTEs'!M13+'Classified FTEs'!N13+'Classified FTEs'!O13 -> 1 | F16: ='Licensed FTEs'!O13 -> 0.86 | G16: ='Classified FTEs'!E13+'Classified FTEs'!F13+'Classified FTEs'!J13 -> 1.5 | H16: ='Licensed FTEs'!P13 -> 0 | I16: ='Classified FTEs'!V13 -> 0 | J16: ='Classified FTEs'!AD13 -> 0.13 | K16: ='Classified FTEs'!D13 -> 0 | L16: ='Classified FTEs'!T13+'Classified FTEs'!U13+'Classified FTEs'!W13+'Classified FTEs'!X13+'Classified FTEs'!Y13+'Classified FTEs'!AC13+'Classified FTEs'!AE13+'Classified FTEs'!AF13+'Classified FTEs'!AL13 -> 8.67 | M16: =SUM(C16:L16)+SUM('instruction-districts'!C16:N16) -> 38.48
A17: 7 | B17: Davis | C17: ='Licensed FTEs'!N14 -> 20 | D17: ='Classified FTEs'!H14+'Classified FTEs'!K14 -> 13 | E17: ='Classified FTEs'!I14+'Classified FTEs'!L14+'Classified FTEs'!M14+'Classified FTEs'!N14+'Classified FTEs'!O14 -> 70.11 | F17: ='Licensed FTEs'!O14 -> 166.7 | G17: ='Classified FTEs'!E14+'Classified FTEs'!F14+'Classified FTEs'!J14 -> 224.63 | H17: ='Licensed FTEs'!P14 -> 114.16 | I17: ='Classified FTEs'!V14 -> 1 | J17: ='Classified FTEs'!AD14 -> 4 | K17: ='Classified FTEs'!D14 -> 14.93 | L17: ='Classified FTEs'!T14+'Classified FTEs'!U14+'Classified FTEs'!W14+'Classified FTEs'!X14+'Classified FTEs'!Y14+'Classified FTEs'!AC14+'Classified FTEs'!AE14+'Classified FTEs'!AF14+'Classified FTEs'!AL14 -> 1031.51 | M17: =SUM(C17:L17)+SUM('instruction-districts'!C17:N17) -> 5809.69
A18: 8 | B18: Duchesne | C18: ='Licensed FTEs'!N15 -> 2 | D18: ='Classified FTEs'!H15+'Classified FTEs'!K15 -> 1 | E18: ='Classified FTEs'!I15+'Classified FTEs'!L15+'Classified FTEs'!M15+'Classified FTEs'!N15+'Classified FTEs'!O15 -> 10 | F18: ='Licensed FTEs'!O15 -> 13.85 | G18: ='Classified FTEs'!E15+'Classified FTEs'!F15+'Classified FTEs'!J15 -> 20.73 | H18: ='Licensed FTEs'!P15 -> 2.5 | I18: ='Classified FTEs'!V15 -> 1 | J18: ='Classified FTEs'!AD15 -> 1 | K18: ='Classified FTEs'!D15 -> 0.5 | L18: ='Classified FTEs'!T15+'Classified FTEs'!U15+'Classified FTEs'!W15+'Classified FTEs'!X15+'Classified FTEs'!Y15+'Classified FTEs'!AC15+'Classified FTEs'!AE15+'Classified FTEs'!AF15+'Classified FTEs'!AL15 -> 89.12 | M18: =SUM(C18:L18)+SUM('instruction-districts'!C18:N18) -> 475.44
A19: 9 | B19: Emery | C19: ='Licensed FTEs'!N16 -> 4 | D19: ='Classified FTEs'!H16+'Classified FTEs'!K16 -> 1 | E19: ='Classified FTEs'!I16+'Classified FTEs'!L16+'Classified FTEs'!M16+'Classified FTEs'!N16+'Classified FTEs'!O16 -> 3 | F19: ='Licensed FTEs'!O16 -> 9.35 | G19: ='Classified FTEs'!E16+'Classified FTEs'!F16+'Classified FTEs'!J16 -> 11 | H19: ='Licensed FTEs'!P16 -> 2 | I19: ='Classified FTEs'!V16 -> 1 | J19: ='Classified FTEs'!AD16 -> 1 | K19: ='Classified FTEs'!D16 -> 0 | L19: ='Classified FTEs'!T16+'Classified FTEs'!U16+'Classified FTEs'!W16+'Classified FTEs'!X16+'Classified FTEs'!Y16+'Classified FTEs'!AC16+'Classified FTEs'!AE16+'Classified FTEs'!AF16+'Classified FTEs'!AL16 -> 53.67 | M19: =SUM(C19:L19)+SUM('instruction-districts'!C19:N19) -> 264.83
A20: 10 | B20: Garfield | C20: ='Licensed FTEs'!N17 -> 0.54 | D20: ='Classified FTEs'!H17+'Classified FTEs'!K17 -> 1 | E20: ='Classified FTEs'!I17+'Classified FTEs'!L17+'Classified FTEs'!M17+'Classified FTEs'!N17+'Classified FTEs'!O17 -> 4.5 | F20: ='Licensed FTEs'!O17 -> 5.04 | G20: ='Classified FTEs'!E17+'Classified FTEs'!F17+'Classified FTEs'!J17 -> 5.7 | H20: ='Licensed FTEs'!P17 -> 1 | I20: ='Classified FTEs'!V17 -> 0 | J20: ='Classified FTEs'!AD17 -> 0 | K20: ='Classified FTEs'!D17 -> 0 | L20: ='Classified FTEs'!T17+'Classified FTEs'!U17+'Classified FTEs'!W17+'Classified FTEs'!X17+'Classified FTEs'!Y17+'Classified FTEs'!AC17+'Classified FTEs'!AE17+'Classified FTEs'!AF17+'Classified FTEs'!AL17 -> 19.6 | M20: =SUM(C20:L20)+SUM('instruction-districts'!C20:N20) -> 129.69
A21: 11 | B21: Grand | C21: ='Licensed FTEs'!N18 -> 2 | D21: ='Classified FTEs'!H18+'Classified FTEs'!K18 -> 0.25 | E21: ='Classified FTEs'!I18+'Classified FTEs'!L18+'Classified FTEs'!M18+'Classified FTEs'!N18+'Classified FTEs'!O18 -> 4.25 | F21: ='Licensed FTEs'!O18 -> 6 | G21: ='Classified FTEs'!E18+'Classified FTEs'!F18+'Classified FTEs'!J18 -> 10 | H21: ='Licensed FTEs'!P18 -> 2 | I21: ='Classified FTEs'!V18 -> 1 | J21: ='Classified FTEs'!AD18 -> 1 | K21: ='Classified FTEs'!D18 -> 0 | L21: ='Classified FTEs'!T18+'Classified FTEs'!U18+'Classified FTEs'!W18+'Classified FTEs'!X18+'Classified FTEs'!Y18+'Classified FTEs'!AC18+'Classified FTEs'!AE18+'Classified FTEs'!AF18+'Classified FTEs'!AL18 -> 45.38 | M21: =SUM(C21:L21)+SUM('instruction-districts'!C21:N21) -> 181.63
... A50: 35 | B50: Weber | C50: ='Licensed FTEs'!N47 -> 18 | D50: ='Classified FTEs'!H47+'Classified FTEs'!K47 -> 2.33 | E50: ='Classified FTEs'!I47+'Classified FTEs'!L47+'Classified FTEs'!M47+'Classified FTEs'!N47+'Classified FTEs'!O47 -> 21.86 | F50: ='Licensed FTEs'!O47 -> 63 | G50: ='Classified FTEs'!E47+'Classified FTEs'!F47+'Classified FTEs'!J47 -> 85.28 | H50: ='Licensed FTEs'!P47 -> 47.23 | I50: ='Classified FTEs'!V47 -> 2 | J50: ='Classified FTEs'!AD47 -> 3 | K50: ='Classified FTEs'!D47 -> 12.7 | L50: ='Classified FTEs'!T47+'Classified FTEs'!U47+'Classified FTEs'!W47+'Classified FTEs'!X47+'Classified FTEs'!Y47+'Classified FTEs'!AC47+'Classified FTEs'!AE47+'Classified FTEs'!AF47+'Classified FTEs'!AL47 -> 431.48 | M50: =SUM(C50:L50)+SUM('instruction-districts'!C50:N50) -> 2576.38
B51: DISTRICT TOTAL | C51: =SUM(C10:C50) -> 274.47 | D51: =SUM(D10:D50) -> 64.05 | E51: =SUM(E10:E50) -> 700.2 | F51: =SUM(F10:F50) -> 1200.11 | G51: =SUM(G10:G50) -> 2099.92 | H51: =SUM(H10:H50) -> 947.52 | I51: =SUM(I10:I50) -> 37.45 | J51: =SUM(J10:J50) -> 71.46 | ... L51: =SUM(L10:L50) -> 8881.05 | M51: =SUM(C51:L51)+SUM('instruction-districts'!C51:N51) -> 49033.75
B52: CHARTER TOTAL | C52: ='support-charters'!C86 -> 22.36 | D52: ='support-charters'!D86 -> 28.97 | E52: ='support-charters'!E86 -> 30.95 | F52: ='support-charters'!F86 -> 100.33 | G52: ='support-charters'!G86 -> 160.27 | H52: ='support-charters'!H86 -> 16.88 | I52: ='support-charters'!I86 -> 0 | J52: ='support-charters'!J86 -> 14.18 | ... L52: ='support-charters'!L86 -> 162.73 | M52: =SUM(C52:L52)+SUM('instruction-districts'!C52:N52) -> 3043.87
B53: GRAND TOTAL | C53: =C51+C52 -> 296.83 | D53: =D51+D52 -> 93.02 | E53: =E51+E52 -> 731.15 | F53: =F51+F52 -> 1300.44 | G53: =G51+G52 -> 2260.19 | H53: =H51+H52 -> 964.4 | I53: =I51+I52 -> 37.45 | J53: =J51+J52 -> 85.64 | ... M53: =M51+M52 -> 52077.62

Sheet support-charters
B1: Full-Time Equivalents (FTEs) by Position
B2: Licensed and Classified Personnel
B3: FY 2011
B4: Local Education Agencies | C4: SUPPORT | M4: TOTAL FTEs
C5: LEA Administrators | E5: LEA Administrative Support Staff | F5: School Administrators | G5: School Administrative Support Staff | H5: Student Support Services Staff | L5: Other Support Staff
H7: Student Support Services | I7: Student Transportation Supervisors | J7: School Food Services Supervisors | K7: School Nurses
C8: CACTUS Database | D8: Classified Personnel Report | E8: Classified Personnel Report | F8: CACTUS Database | G8: Classified Personnel Report | H8: CACTUS Database | I8: Classified Personnel Report | J8: Classified Personnel Report | K8: Classified Personnel Report | L8: Classified Personnel Report
B9: CHARTER SCHOOL
A10: 83 | B10: ACADEMY FOR MATH ENGINEERING & SCIENCE (AMES) | C10: ='Licensed FTEs'!N49 -> 0 | D10: ='Classified FTEs'!H49+'Classified FTEs'!K49 -> 1 | E10: ='Classified FTEs'!I49+'Classified FTEs'!L49+'Classified FTEs'!M49+'Classified FTEs'!N49+'Classified FTEs'!O49 -> 1.62 | F10: ='Licensed FTEs'!O49 -> 1 | G10: ='Classified FTEs'!E49+'Classified FTEs'!F49+'Classified FTEs'!J49 -> 0.84 | H10: ='Licensed FTEs'!P49 -> 0 | I10: ='Classified FTEs'!V49 -> 0 | J10: ='Classified FTEs'!AD49 -> 0 | K10: ='Classified FTEs'!D49 -> 0 | L10: ='Classified FTEs'!T49+'Classified FTEs'!U49+'Classified FTEs'!W49+'Classified FTEs'!X49+'Classified FTEs'!Y49+'Classified FTEs'!AC49+'Classified FTEs'!AE49+'Classified FTEs'!AF49+'Classified FTEs'!AL49 -> 0 | M10: =SUM(C10:L10)+SUM('instruction-charters'!C10:N10) -> 30.67
A11: 8B | B11: AMERICAN LEADERSHIP ACADEMY | C11: ='Licensed FTEs'!N50 -> 1 | D11: ='Classified FTEs'!H50+'Classified FTEs'!K50 -> 2 | E11: ='Classified FTEs'!I50+'Classified FTEs'!L50+'Classified FTEs'!M50+'Classified FTEs'!N50+'Classified FTEs'!O50 -> 3 | F11: ='Licensed FTEs'!O50 -> 1.5 | G11: ='Classified FTEs'!E50+'Classified FTEs'!F50+'Classified FTEs'!J50 -> 6 | H11: ='Licensed FTEs'!P50 -> 0 | I11: ='Classified FTEs'!V50 -> 0 | J11: ='Classified FTEs'!AD50 -> 0 | K11: ='Classified FTEs'!D50 -> 0 | L11: ='Classified FTEs'!T50+'Classified FTEs'!U50+'Classified FTEs'!W50+'Classified FTEs'!X50+'Classified FTEs'!Y50+'Classified FTEs'!AC50+'Classified FTEs'!AE50+'Classified FTEs'!AF50+'Classified FTEs'!AL50 -> 3 | M11: =SUM(C11:L11)+SUM('instruction-charters'!C11:N11) -> 92.06
A12: 74 | B12: AMERICAN PREPARATORY ACADEMY | C12: ='Licensed FTEs'!N51 -> 2.1 | D12: ='Classified FTEs'!H51+'Classified FTEs'!K51 -> 0 | E12: ='Classified FTEs'!I51+'Classified FTEs'!L51+'Classified FTEs'!M51+'Classified FTEs'!N51+'Classified FTEs'!O51 -> 0 | F12: ='Licensed FTEs'!O51 -> 4 | G12: ='Classified FTEs'!E51+'Classified FTEs'!F51+'Classified FTEs'!J51 -> 9.89 | H12: ='Licensed FTEs'!P51 -> 1.86 | I12: ='Classified FTEs'!V51 -> 0 | J12: ='Classified FTEs'!AD51 -> 0 | K12: ='Classified FTEs'!D51 -> 0 | L12: ='Classified FTEs'!T51+'Classified FTEs'!U51+'Classified FTEs'!W51+'Classified FTEs'!X51+'Classified FTEs'!Y51+'Classified FTEs'!AC51+'Classified FTEs'!AE51+'Classified FTEs'!AF51+'Classified FTEs'!AL51 -> 11.98 | M12: =SUM(C12:L12)+SUM('instruction-charters'!C12:N12) -> 94.07
A13: 3G | B13: BEAR RIVER CHARTER SCHOOL | C13: ='Licensed FTEs'!N52 -> 0 | D13: ='Classified FTEs'!H52+'Classified FTEs'!K52 -> 0 | E13: ='Classified FTEs'!I52+'Classified FTEs'!L52+'Classified FTEs'!M52+'Classified FTEs'!N52+'Classified FTEs'!O52 -> 0 | F13: ='Licensed FTEs'!O52 -> 0 | G13: ='Classified FTEs'!E52+'Classified FTEs'!F52+'Classified FTEs'!J52 -> 1 | H13: ='Licensed FTEs'!P52 -> 0 | I13: ='Classified FTEs'!V52 -> 0 | J13: ='Classified FTEs'!AD52 -> 0 | K13: ='Classified FTEs'!D52 -> 0 | L13: ='Classified FTEs'!T52+'Classified FTEs'!U52+'Classified FTEs'!W52+'Classified FTEs'!X52+'Classified FTEs'!Y52+'Classified FTEs'!AC52+'Classified FTEs'!AE52+'Classified FTEs'!AF52+'Classified FTEs'!AL52 -> 1.5 | M13: =SUM(C13:L13)+SUM('instruction-charters'!C13:N13) -> 16.3
A14: 3B | B14: BEEHIVE SCIENCE & TECHNOLOGY ACADEMY (BSTA) | C14: ='Licensed FTEs'!N53 -> 2.25 | D14: ='Classified FTEs'!H53+'Classified FTEs'!K53 -> 0.35 | E14: ='Classified FTEs'!I53+'Classified FTEs'!L53+'Classified FTEs'!M53+'Classified FTEs'!N53+'Classified FTEs'!O53 -> 0 | F14: ='Licensed FTEs'!O53 -> 0 | G14: ='Classified FTEs'!E53+'Classified FTEs'!F53+'Classified FTEs'!J53 -> 2 | H14: ='Licensed FTEs'!P53 -> 0 | I14: ='Classified FTEs'!V53 -> 0 | J14: ='Classified FTEs'!AD53 -> 0 | K14: ='Classified FTEs'!D53 -> 0 | L14: ='Classified FTEs'!T53+'Classified FTEs'!U53+'Classified FTEs'!W53+'Classified FTEs'!X53+'Classified FTEs'!Y53+'Classified FTEs'!AC53+'Classified FTEs'!AE53+'Classified FTEs'!AF53+'Classified FTEs'!AL53 -> 0 | M14: =SUM(C14:L14)+SUM('instruction-charters'!C14:N14) -> 19.28
A15: 9D | B15: CANYON RIM ACADEMY | C15: ='Licensed FTEs'!N54 -> 0.67 | D15: ='Classified FTEs'!H54+'Classified FTEs'!K54 -> 0 | E15: ='Classified FTEs'!I54+'Classified FTEs'!L54+'Classified FTEs'!M54+'Classified FTEs'!N54+'Classified FTEs'!O54 -> 0 | F15: ='Licensed FTEs'!O54 -> 1 | G15: ='Classified FTEs'!E54+'Classified FTEs'!F54+'Classified FTEs'!J54 -> 0 | H15: ='Licensed FTEs'!P54 -> 0.53 | I15: ='Classified FTEs'!V54 -> 0 | J15: ='Classified FTEs'!AD54 -> 0 | K15: ='Classified FTEs'!D54 -> 0 | L15: ='Classified FTEs'!T54+'Classified FTEs'!U54+'Classified FTEs'!W54+'Classified FTEs'!X54+'Classified FTEs'!Y54+'Classified FTEs'!AC54+'Classified FTEs'!AE54+'Classified FTEs'!AF54+'Classified FTEs'!AL54 -> 0 | M15: =SUM(C15:L15)+SUM('instruction-charters'!C15:N15) -> 23.53
A16: 2D | B16: CHANNING HALL | C16: ='Licensed FTEs'!N55 -> 0 | D16: ='Classified FTEs'!H55+'Classified FTEs'!K55 -> 1 | E16: ='Classified FTEs'!I55+'Classified FTEs'!L55+'Classified FTEs'!M55+'Classified FTEs'!N55+'Classified FTEs'!O55 -> 0.45 | F16: ='Licensed FTEs'!O55 -> 2.25 | G16: ='Classified FTEs'!E55+'Classified FTEs'!F55+'Classified FTEs'!J55 -> 2 | H16: ='Licensed FTEs'!P55 -> 2 | I16: ='Classified FTEs'!V55 -> 0 | J16: ='Classified FTEs'!AD55 -> 1 | K16: ='Classified FTEs'!D55 -> 0 | L16: ='Classified FTEs'!T55+'Classified FTEs'!U55+'Classified FTEs'!W55+'Classified FTEs'!X55+'Classified FTEs'!Y55+'Classified FTEs'!AC55+'Classified FTEs'!AE55+'Classified FTEs'!AF55+'Classified FTEs'!AL55 -> 3.95 | M16: =SUM(C16:L16)+SUM('instruction-charters'!C16:N16) -> 58.36
A17: 87 | B17: CITY ACADEMY | C17: ='Licensed FTEs'!N56 -> 1 | D17: ='Classified FTEs'!H56+'Classified FTEs'!K56 -> 1 | E17: ='Classified FTEs'!I56+'Classified FTEs'!L56+'Classified FTEs'!M56+'Classified FTEs'!N56+'Classified FTEs'!O56 -> 0 | F17: ='Licensed FTEs'!O56 -> 0.9 | G17: ='Classified FTEs'!E56+'Classified FTEs'!F56+'Classified FTEs'!J56 -> 1.17 | H17: ='Licensed FTEs'!P56 -> 0 | I17: ='Classified FTEs'!V56 -> 0 | J17: ='Classified FTEs'!AD56 -> 0 | K17: ='Classified FTEs'!D56 -> 0 | L17: ='Classified FTEs'!T56+'Classified FTEs'!U56+'Classified FTEs'!W56+'Classified FTEs'!X56+'Classified FTEs'!Y56+'Classified FTEs'!AC56+'Classified FTEs'!AE56+'Classified FTEs'!AF56+'Classified FTEs'!AL56 -> 1.59 | M17: =SUM(C17:L17)+SUM('instruction-charters'!C17:N17) -> 31.32
A18: 3E | B18: CS LEWIS ACADEMY | C18: ='Licensed FTEs'!N57 -> 1 | D18: ='Classified FTEs'!H57+'Classified FTEs'!K57 -> 3 | E18: ='Classified FTEs'!I57+'Classified FTEs'!L57+'Classified FTEs'!M57+'Classified FTEs'!N57+'Classified FTEs'!O57 -> 0 | F18: ='Licensed FTEs'!O57 -> 0 | G18: ='Classified FTEs'!E57+'Classified FTEs'!F57+'Classified FTEs'!J57 -> 1.28 | H18: ='Licensed FTEs'!P57 -> 0.6 | I18: ='Classified FTEs'!V57 -> 0 | J18: ='Classified FTEs'!AD57 -> 0 | K18: ='Classified FTEs'!D57 -> 0 | L18: ='Classified FTEs'!T57+'Classified FTEs'!U57+'Classified FTEs'!W57+'Classified FTEs'!X57+'Classified FTEs'!Y57+'Classified FTEs'!AC57+'Classified FTEs'!AE57+'Classified FTEs'!AF57+'Classified FTEs'!AL57 -> 2.32 | M18: =SUM(C18:L18)+SUM('instruction-charters'!C18:N18) -> 25.81
A19: A3 | B19: DAVINCI ACADEMY | C19: ='Licensed FTEs'!N58 -> 0 | D19: ='Classified FTEs'!H58+'Classified FTEs'!K58 -> 0 | E19: ='Classified FTEs'!I58+'Classified FTEs'!L58+'Classified FTEs'!M58+'Classified FTEs'!N58+'Classified FTEs'!O58 -> 0.6 | F19: ='Licensed FTEs'!O58 -> 2 | G19: ='Classified FTEs'!E58+'Classified FTEs'!F58+'Classified FTEs'!J58 -> 1.6 | H19: ='Licensed FTEs'!P58 -> 0 | I19: ='Classified FTEs'!V58 -> 0 | J19: ='Classified FTEs'!AD58 -> 0 | K19: ='Classified FTEs'!D58 -> 0 | L19: ='Classified FTEs'!T58+'Classified FTEs'!U58+'Classified FTEs'!W58+'Classified FTEs'!X58+'Classified FTEs'!Y58+'Classified FTEs'!AC58+'Classified FTEs'!AE58+'Classified FTEs'!AF58+'Classified FTEs'!AL58 -> 3.8 | M19: =SUM(C19:L19)+SUM('instruction-charters'!C19:N19) -> 30.17
A20: 4E | B20: DUAL IMMERSION ACADEMY | C20: ='Licensed FTEs'!N59 -> 0 | D20: ='Classified FTEs'!H59+'Classified FTEs'!K59 -> 0 | E20: ='Classified FTEs'!I59+'Classified FTEs'!L59+'Classified FTEs'!M59+'Classified FTEs'!N59+'Classified FTEs'!O59 -> 1.1 | F20: ='Licensed FTEs'!O59 -> 1.17 | G20: ='Classified FTEs'!E59+'Classified FTEs'!F59+'Classified FTEs'!J59 -> 1.6 | H20: ='Licensed FTEs'!P59 -> 0 | I20: ='Classified FTEs'!V59 -> 0 | J20: ='Classified FTEs'!AD59 -> 0 | K20: ='Classified FTEs'!D59 -> 0 | L20: ='Classified FTEs'!T59+'Classified FTEs'!U59+'Classified FTEs'!W59+'Classified FTEs'!X59+'Classified FTEs'!Y59+'Classified FTEs'!AC59+'Classified FTEs'!AE59+'Classified FTEs'!AF59+'Classified FTEs'!AL59 -> 6 | M20: =SUM(C20:L20)+SUM('instruction-charters'!C20:N20) -> 35.09
A21: 6F | B21: EARLY LIGHT ACADEMY AT DAYBREAK | C21: ='Licensed FTEs'!N60 -> 0 | D21: ='Classified FTEs'!H60+'Classified FTEs'!K60 -> 0 | E21: ='Classified FTEs'!I60+'Classified FTEs'!L60+'Classified FTEs'!M60+'Classified FTEs'!N60+'Classified FTEs'!O60 -> 0 | F21: ='Licensed FTEs'!O60 -> 1.61 | G21: ='Classified FTEs'!E60+'Classified FTEs'!F60+'Classified FTEs'!J60 -> 2.45 | H21: ='Licensed FTEs'!P60 -> 0 | I21: ='Classified FTEs'!V60 -> 0 | J21: ='Classified FTEs'!AD60 -> 0 | K21: ='Classified FTEs'!D60 -> 0 | L21: ='Classified FTEs'!T60+'Classified FTEs'!U60+'Classified FTEs'!W60+'Classified FTEs'!X60+'Classified FTEs'!Y60+'Classified FTEs'!AC60+'Classified FTEs'!AE60+'Classified FTEs'!AF60+'Classified FTEs'!AL60 -> 0 | M21: =SUM(C21:L21)+SUM('instruction-charters'!C21:N21) -> 50.81
A22: A8 | B22: EAST HOLLYWOOD HIGH | C22: ='Licensed FTEs'!N61 -> 0 | D22: ='Classified FTEs'!H61+'Classified FTEs'!K61 -> 0.7 | E22: ='Classified FTEs'!I61+'Classified FTEs'!L61+'Classified FTEs'!M61+'Classified FTEs'!N61+'Classified FTEs'!O61 -> 0.6 | F22: ='Licensed FTEs'!O61 -> 0 | G22: ='Classified FTEs'!E61+'Classified FTEs'!F61+'Classified FTEs'!J61 -> 2 | H22: ='Licensed FTEs'!P61 -> 0 | I22: ='Classified FTEs'!V61 -> 0 | J22: ='Classified FTEs'!AD61 -> 0 | K22: ='Classified FTEs'!D61 -> 0 | L22: ='Classified FTEs'!T61+'Classified FTEs'!U61+'Classified FTEs'!W61+'Classified FTEs'!X61+'Classified FTEs'!Y61+'Classified FTEs'!AC61+'Classified FTEs'!AE61+'Classified FTEs'!AF61+'Classified FTEs'!AL61 -> 1.3 | M22: =SUM(C22:L22)+SUM('instruction-charters'!C22:N22) -> 26.93
A23: 5E | B23: EDITH BOWEN LABORATORY SCHOOL | C23: ='Licensed FTEs'!N62 -> 0 | D23: ='Classified FTEs'!H62+'Classified FTEs'!K62 -> 0 | E23: ='Classified FTEs'!I62+'Classified FTEs'!L62+'Classified FTEs'!M62+'Classified FTEs'!N62+'Classified FTEs'!O62 -> 0 | F23: ='Licensed FTEs'!O62 -> 1.3 | G23: ='Classified FTEs'!E62+'Classified FTEs'!F62+'Classified FTEs'!J62 -> 0 | H23: ='Licensed FTEs'!P62 -> 0.51 | I23: ='Classified FTEs'!V62 -> 0 | J23: ='Classified FTEs'!AD62 -> 0 | K23: ='Classified FTEs'!D62 -> 0 | L23: ='Classified FTEs'!T62+'Classified FTEs'!U62+'Classified FTEs'!W62+'Classified FTEs'!X62+'Classified FTEs'!Y62+'Classified FTEs'!AC62+'Classified FTEs'!AE62+'Classified FTEs'!AF62+'Classified FTEs'!AL62 -> 0 | M23: =SUM(C23:L23)+SUM('instruction-charters'!C23:N23) -> 20.38
A24: 3C | B24: ENTHEOS ACADEMY | C24: ='Licensed FTEs'!N63 -> 0 | D24: ='Classified FTEs'!H63+'Classified FTEs'!K63 -> 1 | E24: ='Classified FTEs'!I63+'Classified FTEs'!L63+'Classified FTEs'!M63+'Classified FTEs'!N63+'Classified FTEs'!O63 -> 0 | F24: ='Licensed FTEs'!O63 -> 0 | G24: ='Classified FTEs'!E63+'Classified FTEs'!F63+'Classified FTEs'!J63 -> 3.5 | H24: ='Licensed FTEs'!P63 -> 0.21 | I24: ='Classified FTEs'!V63 -> 0 | J24: ='Classified FTEs'!AD63 -> 1 | K24: ='Classified FTEs'!D63 -> 0 | L24: ='Classified FTEs'!T63+'Classified FTEs'!U63+'Classified FTEs'!W63+'Classified FTEs'!X63+'Classified FTEs'!Y63+'Classified FTEs'!AC63+'Classified FTEs'!AE63+'Classified FTEs'!AF63+'Classified FTEs'!AL63 -> 3.1 | M24: =SUM(C24:L24)+SUM('instruction-charters'!C24:N24) -> 51.41
A25: 7F | B25: EXCELSIOR ACADEMY | C25: ='Licensed FTEs'!N64 -> 0.86 | D25: ='Classified FTEs'!H64+'Classified FTEs'!K64 -> 0 | E25: ='Classified FTEs'!I64+'Classified FTEs'!L64+'Classified FTEs'!M64+'Classified FTEs'!N64+'Classified FTEs'!O64 -> 1 | F25: ='Licensed FTEs'!O64 -> 1 | G25: ='Classified FTEs'!E64+'Classified FTEs'!F64+'Classified FTEs'!J64 -> 4 | H25: ='Licensed FTEs'!P64 -> 0 | I25: ='Classified FTEs'!V64 -> 0 | J25: ='Classified FTEs'!AD64 -> 0 | K25: ='Classified FTEs'!D64 -> 0 | L25: ='Classified FTEs'!T64+'Classified FTEs'!U64+'Classified FTEs'!W64+'Classified FTEs'!X64+'Classified FTEs'!Y64+'Classified FTEs'!AC64+'Classified FTEs'!AE64+'Classified FTEs'!AF64+'Classified FTEs'!AL64 -> 3 | M25: =SUM(C25:L25)+SUM('instruction-charters'!C25:N25) -> 58.27
A26: 98 | B26: FAST FORWARD HIGH | C26: ='Licensed FTEs'!N65 -> 0 | D26: ='Classified FTEs'!H65+'Classified FTEs'!K65 -> 0.8 | E26: ='Classified FTEs'!I65+'Classified FTEs'!L65+'Classified FTEs'!M65+'Classified FTEs'!N65+'Classified FTEs'!O65 -> 0.5 | F26: ='Licensed FTEs'!O65 -> 1.17 | G26: ='Classified FTEs'!E65+'Classified FTEs'!F65+'Classified FTEs'!J65 -> 2 | H26: ='Licensed FTEs'!P65 -> 0 | I26: ='Classified FTEs'!V65 -> 0 | J26: ='Classified FTEs'!AD65 -> 0 | K26: ='Classified FTEs'!D65 -> 0 | L26: ='Classified FTEs'!T65+'Classified FTEs'!U65+'Classified FTEs'!W65+'Classified FTEs'!X65+'Classified FTEs'!Y65+'Classified FTEs'!AC65+'Classified FTEs'!AE65+'Classified FTEs'!AF65+'Classified FTEs'!AL65 -> 1 | M26: =SUM(C26:L26)+SUM('instruction-charters'!C26:N26) -> 23.41
A27: 82 | B27: FREEDOM ACADEMY | C27: ='Licensed FTEs'!N66 -> 0 | D27: ='Classified FTEs'!H66+'Classified FTEs'!K66 -> 0.3 | E27: ='Classified FTEs'!I66+'Classified FTEs'!L66+'Classified FTEs'!M66+'Classified FTEs'!N66+'Classified FTEs'!O66 -> 1 | F27: ='Licensed FTEs'!O66 -> 1.18 | G27: ='Classified FTEs'!E66+'Classified FTEs'!F66+'Classified FTEs'!J66 -> 2.1 | H27: ='Licensed FTEs'!P66 -> 0.25 | I27: ='Classified FTEs'!V66 -> 0 | J27: ='Classified FTEs'!AD66 -> 0.5 | K27: ='Classified FTEs'!D66 -> 0 | L27: ='Classified FTEs'!T66+'Classified FTEs'!U66+'Classified FTEs'!W66+'Classified FTEs'!X66+'Classified FTEs'!Y66+'Classified FTEs'!AC66+'Classified FTEs'!AE66+'Classified FTEs'!AF66+'Classified FTEs'!AL66 -> 4.8 | M27: =SUM(C27:L27)+SUM('instruction-charters'!C27:N27) -> 43.99
A28: 7E | B28: GATEWAY PREPARATORY ACADEMY | C28: ='Licensed FTEs'!N67 -> 0 | D28: ='Classified FTEs'!H67+'Classified FTEs'!K67 -> 0 | E28: ='Classified FTEs'!I67+'Classified FTEs'!L67+'Classified FTEs'!M67+'Classified FTEs'!N67+'Classified FTEs'!O67 -> 1 | F28: ='Licensed FTEs'!O67 -> 1 | G28: ='Classified FTEs'!E67+'Classified FTEs'!F67+'Classified FTEs'!J67 -> 0 | H28: ='Licensed FTEs'!P67 -> 1 | I28: ='Classified FTEs'!V67 -> 0 | J28: ='Classified FTEs'!AD67 -> 0 | K28: ='Classified FTEs'!D67 -> 1 | L28: ='Classified FTEs'!T67+'Classified FTEs'!U67+'Classified FTEs'!W67+'Classified FTEs'!X67+'Classified FTEs'!Y67+'Classified FTEs'!AC67+'Classified FTEs'!AE67+'Classified FTEs'!AF67+'Classified FTEs'!AL67 -> 2 | M28: =SUM(C28:L28)+SUM('instruction-charters'!C28:N28) -> 50.25
A29: 5D | B29: GEORGE WASHINGTON ACADEMY | C29: ='Licensed FTEs'!N68 -> 0 | D29: ='Classified FTEs'!H68+'Classified FTEs'!K68 -> 0 | E29: ='Classified FTEs'!I68+'Classified FTEs'!L68+'Classified FTEs'!M68+'Classified FTEs'!N68+'Classified FTEs'!O68 -> 0 | F29: ='Licensed FTEs'!O68 -> 1.82 | G29: ='Classified FTEs'!E68+'Classified FTEs'!F68+'Classified FTEs'!J68 -> 4.66 | H29: ='Licensed FTEs'!P68 -> 0 | I29: ='Classified FTEs'!V68 -> 0 | J29: ='Classified FTEs'!AD68 -> 0 | K29: ='Classified FTEs'!D68 -> 0 | L29: ='Classified FTEs'!T68+'Classified FTEs'!U68+'Classified FTEs'!W68+'Classified FTEs'!X68+'Classified FTEs'!Y68+'Classified FTEs'!AC68+'Classified FTEs'!AE68+'Classified FTEs'!AF68+'Classified FTEs'!AL68 -> 1.8 | M29: =SUM(C29:L29)+SUM('instruction-charters'!C29:N29) -> 52.7
A30: 8G | B30: GOOD FOUNDATIONS ACADEMY | C30: ='Licensed FTEs'!N69 -> 0 | D30: ='Classified FTEs'!H69+'Classified FTEs'!K69 -> 0 | E30: ='Classified FTEs'!I69+'Classified FTEs'!L69+'Classified FTEs'!M69+'Classified FTEs'!N69+'Classified FTEs'!O69 -> 0.1 | F30: ='Licensed FTEs'!O69 -> 1 | G30: ='Classified FTEs'!E69+'Classified FTEs'!F69+'Classified FTEs'!J69 -> 1.5 | H30: ='Licensed FTEs'!P69 -> 0 | I30: ='Classified FTEs'!V69 -> 0 | J30: ='Classified FTEs'!AD69 -> 0 | K30: ='Classified FTEs'!D69 -> 0 | L30: ='Classified FTEs'!T69+'Classified FTEs'!U69+'Classified FTEs'!W69+'Classified FTEs'!X69+'Classified FTEs'!Y69+'Classified FTEs'!AC69+'Classified FTEs'!AE69+'Classified FTEs'!AF69+'Classified FTEs'!AL69 -> 1.2 | M30: =SUM(C30:L30)+SUM('instruction-charters'!C30:N30) -> 24.94
A31: 1E | B31: GUADALUPE SCHOOL | C31: ='Licensed FTEs'!N70 -> 0 | D31: ='Classified FTEs'!H70+'Classified FTEs'!K70 -> 1.05 | E31: ='Classified FTEs'!I70+'Classified FTEs'!L70+'Classified FTEs'!M70+'Classified FTEs'!N70+'Classified FTEs'!O70 -> 0.75 | F31: ='Licensed FTEs'!O70 -> 1 | G31: ='Classified FTEs'!E70+'Classified FTEs'!F70+'Classified FTEs'!J70 -> 1.2 | H31: ='Licensed FTEs'!P70 -> 0 | I31: ='Classified FTEs'!V70 -> 0 | J31: ='Classified FTEs'!AD70 -> 0 | K31: ='Classified FTEs'!D70 -> 0 | L31: ='Classified FTEs'!T70+'Classified FTEs'!U70+'Classified FTEs'!W70+'Classified FTEs'!X70+'Classified FTEs'!Y70+'Classified FTEs'!AC70+'Classified FTEs'!AE70+'Classified FTEs'!AF70+'Classified FTEs'!AL70 -> 3.48 | M31: =SUM(C31:L31)+SUM('instruction-charters'!C31:N31) -> 19.53
A32: 8F | B32: HAWTHORN ACADEMY | C32: ='Licensed FTEs'!N71 -> 0 | D32: ='Classified FTEs'!H71+'Classified FTEs'!K71 -> 0 | E32: ='Classified FTEs'!I71+'Classified FTEs'!L71+'Classified FTEs'!M71+'Classified FTEs'!N71+'Classified FTEs'!O71 -> 0 | F32: ='Licensed FTEs'!O71 -> 2.6 | G32: ='Classified FTEs'!E71+'Classified FTEs'!F71+'Classified FTEs'!J71 -> 1.78 | H32: ='Licensed FTEs'!P71 -> 0 | I32: ='Classified FTEs'!V71 -> 0 | J32: ='Classified FTEs'!AD71 -> 0 | K32: ='Classified FTEs'!D71 -> 0 | L32: ='Classified FTEs'!T71+'Classified FTEs'!U71+'Classified FTEs'!W71+'Classified FTEs'!X71+'Classified FTEs'!Y71+'Classified FTEs'!AC71+'Classified FTEs'!AE71+'Classified FTEs'!AF71+'Classified FTEs'!AL71 -> 2.03 | M32: =SUM(C32:L32)+SUM('instruction-charters'!C32:N32) -> 47.95
A33: 2C | B33: INTECH COLLEGIATE HIGH SCHOOL | C33: ='Licensed FTEs'!N72 -> 0 | D33: ='Classified FTEs'!H72+'Classified FTEs'!K72 -> 0 | E33: ='Classified FTEs'!I72+'Classified FTEs'!L72+'Classified FTEs'!M72+'Classified FTEs'!N72+'Classified FTEs'!O72 -> 0 | F33: ='Licensed FTEs'!O72 -> 1 | G33: ='Classified FTEs'!E72+'Classified FTEs'!F72+'Classified FTEs'!J72 -> 0.88 | H33: ='Licensed FTEs'!P72 -> 0 | I33: ='Classified FTEs'!V72 -> 0 | J33: ='Classified FTEs'!AD72 -> 0 | K33: ='Classified FTEs'!D72 -> 0 | L33: ='Classified FTEs'!T72+'Classified FTEs'!U72+'Classified FTEs'!W72+'Classified FTEs'!X72+'Classified FTEs'!Y72+'Classified FTEs'!AC72+'Classified FTEs'!AE72+'Classified FTEs'!AF72+'Classified FTEs'!AL72 -> 0.31 | M33: =SUM(C33:L33)+SUM('instruction-charters'!C33:N33) -> 11.37
A34: A5 | B34: ITINERIS EARLY COLLEGE HIGH | C34: ='Licensed FTEs'!N73 -> 0 | D34: ='Classified FTEs'!H73+'Classified FTEs'!K73 -> 0 | E34: ='Classified FTEs'!I73+'Classified FTEs'!L73+'Classified FTEs'!M73+'Classified FTEs'!N73+'Classified FTEs'!O73 -> 0 | F34: ='Licensed FTEs'!O73 -> 0.95 | G34: ='Classified FTEs'!E73+'Classified FTEs'!F73+'Classified FTEs'!J73 -> 2.5 | H34: ='Licensed FTEs'!P73 -> 0 | I34: ='Classified FTEs'!V73 -> 0 | J34: ='Classified FTEs'!AD73 -> 0 | K34: ='Classified FTEs'!D73 -> 0 | L34: ='Classified FTEs'!T73+'Classified FTEs'!U73+'Classified FTEs'!W73+'Classified FTEs'!X73+'Classified FTEs'!Y73+'Classified FTEs'!AC73+'Classified FTEs'!AE73+'Classified FTEs'!AF73+'Classified FTEs'!AL73 -> 0 | M34: =SUM(C34:L34)+SUM('instruction-charters'!C34:N34) -> 17.53
A35: 93 | B35: JOHN HANCOCK CHARTER SCHOOL | C35: ='Licensed FTEs'!N74 -> 0 | D35: ='Classified FTEs'!H74+'Classified FTEs'!K74 -> 1 | E35: ='Classified FTEs'!I74+'Classified FTEs'!L74+'Classified FTEs'!M74+'Classified FTEs'!N74+'Classified FTEs'!O74 -> 0 | F35: ='Licensed FTEs'!O74 -> 1 | G35: ='Classified FTEs'!E74+'Classified FTEs'!F74+'Classified FTEs'!J74 -> 1 | H35: ='Licensed FTEs'!P74 -> 0 | I35: ='Classified FTEs'!V74 -> 0 | J35: ='Classified FTEs'!AD74 -> 0 | K35: ='Classified FTEs'!D74 -> 0 | L35: ='Classified FTEs'!T74+'Classified FTEs'!U74+'Classified FTEs'!W74+'Classified FTEs'!X74+'Classified FTEs'!Y74+'Classified FTEs'!AC74+'Classified FTEs'!AE74+'Classified FTEs'!AF74+'Classified FTEs'!AL74 -> 0 | M35: =SUM(C35:L35)+SUM('instruction-charters'!C35:N35) -> 18.58
A36: 2E | B36: KARL G MAESER PREPARATORY ACADEMY | C36: ='Licensed FTEs'!N75 -> 0 | D36: ='Classified FTEs'!H75+'Classified FTEs'!K75 -> 0.1 | E36: ='Classified FTEs'!I75+'Classified FTEs'!L75+'Classified FTEs'!M75+'Classified FTEs'!N75+'Classified FTEs'!O75 -> 2 | F36: ='Licensed FTEs'!O75 -> 2.4 | G36: ='Classified FTEs'!E75+'Classified FTEs'!F75+'Classified FTEs'!J75 -> 2 | H36: ='Licensed FTEs'!P75 -> 0 | I36: ='Classified FTEs'!V75 -> 0 | J36: ='Classified FTEs'!AD75 -> 0 | K36: ='Classified FTEs'!D75 -> 0 | L36: ='Classified FTEs'!T75+'Classified FTEs'!U75+'Classified FTEs'!W75+'Classified FTEs'!X75+'Classified FTEs'!Y75+'Classified FTEs'!AC75+'Classified FTEs'!AE75+'Classified FTEs'!AF75+'Classified FTEs'!AL75 -> 0 | M36: =SUM(C36:L36)+SUM('instruction-charters'!C36:N36) -> 37.26
A37: 4C | B37: LAKEVIEW ACADEMY | C37: ='Licensed FTEs'!N76 -> 1 | D37: ='Classified FTEs'!H76+'Classified FTEs'!K76 -> 0 | E37: ='Classified FTEs'!I76+'Classified FTEs'!L76+'Classified FTEs'!M76+'Classified FTEs'!N76+'Classified FTEs'!O76 -> 0 | F37: ='Licensed FTEs'!O76 -> 2 | G37: ='Classified FTEs'!E76+'Classified FTEs'!F76+'Classified FTEs'!J76 -> 3.15 | H37: ='Licensed FTEs'!P76 -> 0 | I37: ='Classified FTEs'!V76 -> 0 | J37: ='Classified FTEs'!AD76 -> 1 | K37: ='Classified FTEs'!D76 -> 0 | L37: ='Classified FTEs'!T76+'Classified FTEs'!U76+'Classified FTEs'!W76+'Classified FTEs'!X76+'Classified FTEs'!Y76+'Classified FTEs'!AC76+'Classified FTEs'!AE76+'Classified FTEs'!AF76+'Classified FTEs'!AL76 -> 4.78 | M37: =SUM(C37:L37)+SUM('instruction-charters'!C37:N37) -> 64.28
A38: 5C | B38: LEGACY PREPARATORY ACADEMY | C38: ='Licensed FTEs'!N77 -> 1 | D38: ='Classified FTEs'!H77+'Classified FTEs'!K77 -> 0 | E38: ='Classified FTEs'!I77+'Classified FTEs'!L77+'Classified FTEs'!M77+'Classified FTEs'!N77+'Classified FTEs'!O77 -> 0 | F38: ='Licensed FTEs'!O77 -> 2 | G38: ='Classified FTEs'!E77+'Classified FTEs'!F77+'Classified FTEs'!J77 -> 0 | H38: ='Licensed FTEs'!P77 -> 0 | I38: ='Classified FTEs'!V77 -> 0 | J38: ='Classified FTEs'!AD77 -> 0 | K38: ='Classified FTEs'!D77 -> 0 | L38: ='Classified FTEs'!T77+'Classified FTEs'!U77+'Classified FTEs'!W77+'Classified FTEs'!X77+'Classified FTEs'!Y77+'Classified FTEs'!AC77+'Classified FTEs'!AE77+'Classified FTEs'!AF77+'Classified FTEs'!AL77 -> 0 | M38: =SUM(C38:L38)+SUM('instruction-charters'!C38:N38) -> 52.83
A39: 6C | B39: LIBERTY ACADEMY | C39: ='Licensed FTEs'!N78 -> 0 | D39: ='Classified FTEs'!H78+'Classified FTEs'!K78 -> 1 | E39: ='Classified FTEs'!I78+'Classified FTEs'!L78+'Classified FTEs'!M78+'Classified FTEs'!N78+'Classified FTEs'!O78 -> 2 | F39: ='Licensed FTEs'!O78 -> 1.13 | G39: ='Classified FTEs'!E78+'Classified FTEs'!F78+'Classified FTEs'!J78 -> 2 | H39: ='Licensed FTEs'!P78 -> 0 | I39: ='Classified FTEs'!V78 -> 0 | J39: ='Classified FTEs'!AD78 -> 1 | K39: ='Classified FTEs'!D78 -> 0 | L39: ='Classified FTEs'!T78+'Classified FTEs'!U78+'Classified FTEs'!W78+'Classified FTEs'!X78+'Classified FTEs'!Y78+'Classified FTEs'!AC78+'Classified FTEs'!AE78+'Classified FTEs'!AF78+'Classified FTEs'!AL78 -> 4 | M39: =SUM(C39:L39)+SUM('instruction-charters'!C39:N39) -> 35.24
A40: 2B | B40: LINCOLN ACADEMY | C40: ='Licensed FTEs'!N79 -> 0.5 | D40: ='Classified FTEs'!H79+'Classified FTEs'!K79 -> 1 | E40: ='Classified FTEs'!I79+'Classified FTEs'!L79+'Classified FTEs'!M79+'Classified FTEs'!N79+'Classified FTEs'!O79 -> 1.75 | F40: ='Licensed FTEs'!O79 -> 1 | G40: ='Classified FTEs'!E79+'Classified FTEs'!F79+'Classified FTEs'!J79 -> 1.75 | H40: ='Licensed FTEs'!P79 -> 0.32 | I40: ='Classified FTEs'!V79 -> 0 | J40: ='Classified FTEs'!AD79 -> 0 | K40: ='Classified FTEs'!D79 -> 0 | L40: ='Classified FTEs'!T79+'Classified FTEs'!U79+'Classified FTEs'!W79+'Classified FTEs'!X79+'Classified FTEs'!Y79+'Classified FTEs'!AC79+'Classified FTEs'!AE79+'Classified FTEs'!AF79+'Classified FTEs'!AL79 -> 0.38 | M40: =SUM(C40:L40)+SUM('instruction-charters'!C40:N40) -> 62.49
A41: 4G | B41: MARIA MONTESSORI ACADEMY | C41: ='Licensed FTEs'!N80 -> 0 | D41: ='Classified FTEs'!H80+'Classified FTEs'!K80 -> 0 | E41: ='Classified FTEs'!I80+'Classified FTEs'!L80+'Classified FTEs'!M80+'Classified FTEs'!N80+'Classified FTEs'!O80 -> 0 | F41: ='Licensed FTEs'!O80 -> 0 | G41: ='Classified FTEs'!E80+'Classified FTEs'!F80+'Classified FTEs'!J80 -> 1.66 | H41: ='Licensed FTEs'!P80 -> 0 | I41: ='Classified FTEs'!V80 -> 0 | J41: ='Classified FTEs'!AD80 -> 0 | K41: ='Classified FTEs'!D80 -> 0 | L41: ='Classified FTEs'!T80+'Classified FTEs'!U80+'Classified FTEs'!W80+'Classified FTEs'!X80+'Classified FTEs'!Y80+'Classified FTEs'!AC80+'Classified FTEs'!AE80+'Classified FTEs'!AF80+'Classified FTEs'!AL80 -> 1 | M41: =SUM(C41:L41)+SUM('instruction-charters'!C41:N41) -> 32.99
A42: 8E | B42: MERIT COLLEGE PREPARATORY ACADEMY | C42: ='Licensed FTEs'!N81 -> 0.5 | D42: ='Classified FTEs'!H81+'Classified FTEs'!K81 -> 1 | E42: ='Classified FTEs'!I81+'Classified FTEs'!L81+'Classified FTEs'!M81+'Classified FTEs'!N81+'Classified FTEs'!O81 -> 2 | F42: ='Licensed FTEs'!O81 -> 0.11 | G42: ='Classified FTEs'!E81+'Classified FTEs'!F81+'Classified FTEs'!J81 -> 0.3 | H42: ='Licensed FTEs'!P81 -> 0 | I42: ='Classified FTEs'!V81 -> 0 | J42: ='Classified FTEs'!AD81 -> 0.5 | K42: ='Classified FTEs'!D81 -> 0 | L42: ='Classified FTEs'!T81+'Classified FTEs'!U81+'Classified FTEs'!W81+'Classified FTEs'!X81+'Classified FTEs'!Y81+'Classified FTEs'!AC81+'Classified FTEs'!AE81+'Classified FTEs'!AF81+'Classified FTEs'!AL81 -> 1 | M42: =SUM(C42:L42)+SUM('instruction-charters'!C42:N42) -> 16.87
A43: A7 | B43: MOAB CHARTER SCHOOL | C43: ='Licensed FTEs'!N82 -> 0 | D43: ='Classified FTEs'!H82+'Classified FTEs'!K82 -> 0 | E43: ='Classified FTEs'!I82+'Classified FTEs'!L82+'Classified FTEs'!M82+'Classified FTEs'!N82+'Classified FTEs'!O82 -> 0 | F43: ='Licensed FTEs'!O82 -> 1 | G43: ='Classified FTEs'!E82+'Classified FTEs'!F82+'Classified FTEs'!J82 -> 1 | H43: ='Licensed FTEs'!P82 -> 0 | I43: ='Classified FTEs'!V82 -> 0 | J43: ='Classified FTEs'!AD82 -> 0 | K43: ='Classified FTEs'!D82 -> 0 | L43: ='Classified FTEs'!T82+'Classified FTEs'!U82+'Classified FTEs'!W82+'Classified FTEs'!X82+'Classified FTEs'!Y82+'Classified FTEs'!AC82+'Classified FTEs'!AE82+'Classified FTEs'!AF82+'Classified FTEs'!AL82 -> 0.5 | M43: =SUM(C43:L43)+SUM('instruction-charters'!C43:N43) -> 8.5
A44: 7C | B44: MONTICELLO ACADEMY | C44: ='Licensed FTEs'!N83 -> 0 | D44: ='Classified FTEs'!H83+'Classified FTEs'!K83 -> 1 | E44: ='Classified FTEs'!I83+'Classified FTEs'!L83+'Classified FTEs'!M83+'Classified FTEs'!N83+'Classified FTEs'!O83 -> 2.38 | F44: ='Licensed FTEs'!O83 -> 0 | G44: ='Classified FTEs'!E83+'Classified FTEs'!F83+'Classified FTEs'!J83 -> 2.9 | H44: ='Licensed FTEs'!P83 -> 0 | I44: ='Classified FTEs'!V83 -> 0 | J44: ='Classified FTEs'!AD83 -> 1 | K44: ='Classified FTEs'!D83 -> 0 | L44: ='Classified FTEs'!T83+'Classified FTEs'!U83+'Classified FTEs'!W83+'Classified FTEs'!X83+'Classified FTEs'!Y83+'Classified FTEs'!AC83+'Classified FTEs'!AE83+'Classified FTEs'!AF83+'Classified FTEs'!AL83 -> 3.54 | M44: =SUM(C44:L44)+SUM('instruction-charters'!C44:N44) -> 56.67
A45: 8C | B45: MOUNTAINVILLE ACADEMY | C45: ='Licensed FTEs'!N84 -> 0 | D45: ='Classified FTEs'!H84+'Classified FTEs'!K84 -> 0 | E45: ='Classified FTEs'!I84+'Classified FTEs'!L84+'Classified FTEs'!M84+'Classified FTEs'!N84+'Classified FTEs'!O84 -> 0 | F45: ='Licensed FTEs'!O84 -> 3.1 | G45: ='Classified FTEs'!E84+'Classified FTEs'!F84+'Classified FTEs'!J84 -> 4 | H45: ='Licensed FTEs'!P84 -> 0 | I45: ='Classified FTEs'!V84 -> 0 | J45: ='Classified FTEs'!AD84 -> 0 | K45: ='Classified FTEs'!D84 -> 1 | L45: ='Classified FTEs'!T84+'Classified FTEs'!U84+'Classified FTEs'!W84+'Classified FTEs'!X84+'Classified FTEs'!Y84+'Classified FTEs'!AC84+'Classified FTEs'!AE84+'Classified FTEs'!AF84+'Classified FTEs'!AL84 -> 2 | M45: =SUM(C45:L45)+SUM('instruction-charters'!C45:N45) -> 56.5
A46: 9B | B46: NAVIGATOR POINTE ACADEMY | C46: ='Licensed FTEs'!N85 -> 0 | D46: ='Classified FTEs'!H85+'Classified FTEs'!K85 -> 0 | E46: ='Classified FTEs'!I85+'Classified FTEs'!L85+'Classified FTEs'!M85+'Classified FTEs'!N85+'Classified FTEs'!O85 -> 0 | F46: ='Licensed FTEs'!O85 -> 1 | G46: ='Classified FTEs'!E85+'Classified FTEs'!F85+'Classified FTEs'!J85 -> 2.5 | H46: ='Licensed FTEs'!P85 -> 0.4 | I46: ='Classified FTEs'!V85 -> 0 | J46: ='Classified FTEs'!AD85 -> 0 | K46: ='Classified FTEs'!D85 -> 0 | L46: ='Classified FTEs'!T85+'Classified FTEs'!U85+'Classified FTEs'!W85+'Classified FTEs'!X85+'Classified FTEs'!Y85+'Classified FTEs'!AC85+'Classified FTEs'!AE85+'Classified FTEs'!AF85+'Classified FTEs'!AL85 -> 2.25 | M46: =SUM(C46:L46)+SUM('instruction-charters'!C46:N46) -> 50.08
A47: A1 | B47: NO UT ACAD FOR MATH ENGINEERING & SCIENCE (NUAMES) | C47: ='Licensed FTEs'!N86 -> 0 | D47: ='Classified FTEs'!H86+'Classified FTEs'!K86 -> 0 | E47: ='Classified FTEs'!I86+'Classified FTEs'!L86+'Classified FTEs'!M86+'Classified FTEs'!N86+'Classified FTEs'!O86 -> 0 | F47: ='Licensed FTEs'!O86 -> 3 | G47: ='Classified FTEs'!E86+'Classified FTEs'!F86+'Classified FTEs'!J86 -> 1 | H47: ='Licensed FTEs'!P86 -> 0 | I47: ='Classified FTEs'!V86 -> 0 | J47: ='Classified FTEs'!AD86 -> 0 | K47: ='Classified FTEs'!D86 -> 0 | L47: ='Classified FTEs'!T86+'Classified FTEs'!U86+'Classified FTEs'!W86+'Classified FTEs'!X86+'Classified FTEs'!Y86+'Classified FTEs'!AC86+'Classified FTEs'!AE86+'Classified FTEs'!AF86+'Classified FTEs'!AL86 -> 1.71 | M47: =SUM(C47:L47)+SUM('instruction-charters'!C47:N47) -> 24.97
... A51: 1C | B51: ODYSSEY CHARTER SCHOOL | C51: ='Licensed FTEs'!N90 -> 0 | D51: ='Classified FTEs'!H90+'Classified FTEs'!K90 -> 1 | E51: ='Classified FTEs'!I90+'Classified FTEs'!L90+'Classified FTEs'!M90+'Classified FTEs'!N90+'Classified FTEs'!O90 -> 0 | F51: ='Licensed FTEs'!O90 -> 1 | G51: ='Classified FTEs'!E90+'Classified FTEs'!F90+'Classified FTEs'!J90 -> 3.58 | H51: ='Licensed FTEs'!P90 -> 0 | I51: ='Classified FTEs'!V90 -> 0 | J51: ='Classified FTEs'!AD90 -> 0 | K51: ='Classified FTEs'!D90 -> 0 | L51: ='Classified FTEs'!T90+'Classified FTEs'!U90+'Classified FTEs'!W90+'Classified FTEs'!X90+'Classified FTEs'!Y90+'Classified FTEs'!AC90+'Classified FTEs'!AE90+'Classified FTEs'!AF90+'Classified FTEs'!AL90 -> 2.89 | M51: =SUM(C51:L51)+SUM('instruction-charters'!C51:N51) -> 46.57
A52: 68 | B52: OGDEN PREPARATORY ACADEMY | C52: ='Licensed FTEs'!N91 -> 1 | D52: ='Classified FTEs'!H91+'Classified FTEs'!K91 -> 0 | E52: ='Classified FTEs'!I91+'Classified FTEs'!L91+'Classified FTEs'!M91+'Classified FTEs'!N91+'Classified FTEs'!O91 -> 0 | F52: ='Licensed FTEs'!O91 -> 2.8 | G52: ='Classified FTEs'!E91+'Classified FTEs'!F91+'Classified FTEs'!J91 -> 4.58 | H52: ='Licensed FTEs'!P91 -> 0 | I52: ='Classified FTEs'!V91 -> 0 | J52: ='Classified FTEs'!AD91 -> 1 | K52: ='Classified FTEs'!D91 -> 0 | L52: ='Classified FTEs'!T91+'Classified FTEs'!U91+'Classified FTEs'!W91+'Classified FTEs'!X91+'Classified FTEs'!Y91+'Classified FTEs'!AC91+'Classified FTEs'!AE91+'Classified FTEs'!AF91+'Classified FTEs'!AL91 -> 8.06 | M52: =SUM(C52:L52)+SUM('instruction-charters'!C52:N52) -> 91.24
A53: 8D | B53: OPEN CLASSROOM | C53: ='Licensed FTEs'!N92 -> 0 | D53: ='Classified FTEs'!H92+'Classified FTEs'!K92 -> 0 | E53: ='Classified FTEs'!I92+'Classified FTEs'!L92+'Classified FTEs'!M92+'Classified FTEs'!N92+'Classified FTEs'!O92 -> 0 | F53: ='Licensed FTEs'!O92 -> 1 | G53: ='Classified FTEs'!E92+'Classified FTEs'!F92+'Classified FTEs'!J92 -> 0 | H53: ='Licensed FTEs'!P92 -> 0 | I53: ='Classified FTEs'!V92 -> 0 | J53: ='Classified FTEs'!AD92 -> 0 | K53: ='Classified FTEs'!D92 -> 0 | L53: ='Classified FTEs'!T92+'Classified FTEs'!U92+'Classified FTEs'!W92+'Classified FTEs'!X92+'Classified FTEs'!Y92+'Classified FTEs'!AC92+'Classified FTEs'!AE92+'Classified FTEs'!AF92+'Classified FTEs'!AL92 -> 0 | M53: =SUM(C53:L53)+SUM('instruction-charters'!C53:N53) -> 20.4
A54: 9F | B54: OPEN HIGH SCHOOL OF UTAH | C54: ='Licensed FTEs'!N93 -> 1 | D54: ='Classified FTEs'!H93+'Classified FTEs'!K93 -> 0 | E54: ='Classified FTEs'!I93+'Classified FTEs'!L93+'Classified FTEs'!M93+'Classified FTEs'!N93+'Classified FTEs'!O93 -> 0 | F54: ='Licensed FTEs'!O93 -> 1 | G54: ='Classified FTEs'!E93+'Classified FTEs'!F93+'Classified FTEs'!J93 -> 1 | H54: ='Licensed FTEs'!P93 -> 0 | I54: ='Classified FTEs'!V93 -> 0 | J54: ='Classified FTEs'!AD93 -> 0 | K54: ='Classified FTEs'!D93 -> 0 | L54: ='Classified FTEs'!T93+'Classified FTEs'!U93+'Classified FTEs'!W93+'Classified FTEs'!X93+'Classified FTEs'!Y93+'Classified FTEs'!AC93+'Classified FTEs'!AE93+'Classified FTEs'!AF93+'Classified FTEs'!AL93 -> 0 | M54: =SUM(C54:L54)+SUM('instruction-charters'!C54:N54) -> 13.9
A55: 1G | B55: OQUIRRH MOUNTAIN CHARTER SCHOOL | C55: ='Licensed FTEs'!N94 -> 0 | D55: ='Classified FTEs'!H94+'Classified FTEs'!K94 -> 0 | E55: ='Classified FTEs'!I94+'Classified FTEs'!L94+'Classified FTEs'!M94+'Classified FTEs'!N94+'Classified FTEs'!O94 -> 0 | F55: ='Licensed FTEs'!O94 -> 2.3 | G55: ='Classified FTEs'!E94+'Classified FTEs'!F94+'Classified FTEs'!J94 -> 2.72 | H55: ='Licensed FTEs'!P94 -> 0.5 | I55: ='Classified FTEs'!V94 -> 0 | J55: ='Classified FTEs'!AD94 -> 0 | K55: ='Classified FTEs'!D94 -> 0 | L55: ='Classified FTEs'!T94+'Classified FTEs'!U94+'Classified FTEs'!W94+'Classified FTEs'!X94+'Classified FTEs'!Y94+'Classified FTEs'!AC94+'Classified FTEs'!AE94+'Classified FTEs'!AF94+'Classified FTEs'!AL94 -> 2.59 | M55: =SUM(C55:L55)+SUM('instruction-charters'!C55:N55) -> 54.94
A56: 9C | B56: PARADIGM HIGH SCHOOL | C56: ='Licensed FTEs'!N95 -> 1.1 | D56: ='Classified FTEs'!H95+'Classified FTEs'!K95 -> 0 | E56: ='Classified FTEs'!I95+'Classified FTEs'!L95+'Classified FTEs'!M95+'Classified FTEs'!N95+'Classified FTEs'!O95 -> 0 | F56: ='Licensed FTEs'!O95 -> 4.77 | G56: ='Classified FTEs'!E95+'Classified FTEs'!F95+'Classified FTEs'!J95 -> 4 | H56: ='Licensed FTEs'!P95 -> 0 | I56: ='Classified FTEs'!V95 -> 0 | J56: ='Classified FTEs'!AD95 -> 0 | K56: ='Classified FTEs'!D95 -> 0 | L56: ='Classified FTEs'!T95+'Classified FTEs'!U95+'Classified FTEs'!W95+'Classified FTEs'!X95+'Classified FTEs'!Y95+'Classified FTEs'!AC95+'Classified FTEs'!AE95+'Classified FTEs'!AF95+'Classified FTEs'!AL95 -> 3 | M56: =SUM(C56:L56)+SUM('instruction-charters'!C56:N56) -> 50.13
A57: 86 | B57: PINNACLE CANYON ACADEMY | C57: ='Licensed FTEs'!N96 -> 1.41 | D57: ='Classified FTEs'!H96+'Classified FTEs'!K96 -> 1 | E57: ='Classified FTEs'!I96+'Classified FTEs'!L96+'Classified FTEs'!M96+'Classified FTEs'!N96+'Classified FTEs'!O96 -> 0 | F57: ='Licensed FTEs'!O96 -> 1.8 | G57: ='Classified FTEs'!E96+'Classified FTEs'!F96+'Classified FTEs'!J96 -> 2.8 | H57: ='Licensed FTEs'!P96 -> 1.2 | I57: ='Classified FTEs'!V96 -> 0 | J57: ='Classified FTEs'!AD96 -> 0.2 | K57: ='Classified FTEs'!D96 -> 0.2 | L57: ='Classified FTEs'!T96+'Classified FTEs'!U96+'Classified FTEs'!W96+'Classified FTEs'!X96+'Classified FTEs'!Y96+'Classified FTEs'!AC96+'Classified FTEs'!AE96+'Classified FTEs'!AF96+'Classified FTEs'!AL96 -> 5.9 | M57: =SUM(C57:L57)+SUM('instruction-charters'!C57:N57) -> 81.04
A58: 9E | B58: PROVIDENCE HALL | C58: ='Licensed FTEs'!N97 -> 0 | D58: ='Classified FTEs'!H97+'Classified FTEs'!K97 -> 0 | E58: ='Classified FTEs'!I97+'Classified FTEs'!L97+'Classified FTEs'!M97+'Classified FTEs'!N97+'Classified FTEs'!O97 -> 0 | F58: ='Licensed FTEs'!O97 -> 0 | G58: ='Classified FTEs'!E97+'Classified FTEs'!F97+'Classified FTEs'!J97 -> 4.25 | H58: ='Licensed FTEs'!P97 -> 0 | I58: ='Classified FTEs'!V97 -> 0 | J58: ='Classified FTEs'!AD97 -> 0 | K58: ='Classified FTEs'!D97 -> 0 | L58: ='Classified FTEs'!T97+'Classified FTEs'!U97+'Classified FTEs'!W97+'Classified FTEs'!X97+'Classified FTEs'!Y97+'Classified FTEs'!AC97+'Classified FTEs'!AE97+'Classified FTEs'!AF97+'Classified FTEs'!AL97 -> 2.6 | M58: =SUM(C58:L58)+SUM('instruction-charters'!C58:N58) -> 59.15
A59: 5G | B59: QUAIL RUN PRIMARY SCHOOL | C59: ='Licensed FTEs'!N98 -> 0 | D59: ='Classified FTEs'!H98+'Classified FTEs'!K98 -> 2 | E59: ='Classified FTEs'!I98+'Classified FTEs'!L98+'Classified FTEs'!M98+'Classified FTEs'!N98+'Classified FTEs'!O98 -> 0 | F59: ='Licensed FTEs'!O98 -> 0.75 | G59: ='Classified FTEs'!E98+'Classified FTEs'!F98+'Classified FTEs'!J98 -> 2 | H59: ='Licensed FTEs'!P98 -> 0 | I59: ='Classified FTEs'!V98 -> 0 | J59: ='Classified FTEs'!AD98 -> 0 | K59: ='Classified FTEs'!D98 -> 0 | L59: ='Classified FTEs'!T98+'Classified FTEs'!U98+'Classified FTEs'!W98+'Classified FTEs'!X98+'Classified FTEs'!Y98+'Classified FTEs'!AC98+'Classified FTEs'!AE98+'Classified FTEs'!AF98+'Classified FTEs'!AL98 -> 4 | M59: =SUM(C59:L59)+SUM('instruction-charters'!C59:N59) -> 37.61
A60: 1F | B60: QUEST ACADEMY | C60: ='Licensed FTEs'!N99 -> 1 | D60: ='Classified FTEs'!H99+'Classified FTEs'!K99 -> 0 | E60: ='Classified FTEs'!I99+'Classified FTEs'!L99+'Classified FTEs'!M99+'Classified FTEs'!N99+'Classified FTEs'!O99 -> 0 | F60: ='Licensed FTEs'!O99 -> 0 | G60: ='Classified FTEs'!E99+'Classified FTEs'!F99+'Classified FTEs'!J99 -> 2.36 | H60: ='Licensed FTEs'!P99 -> 0 | I60: ='Classified FTEs'!V99 -> 0 | J60: ='Classified FTEs'!AD99 -> 0 | K60: ='Classified FTEs'!D99 -> 0 | L60: ='Classified FTEs'!T99+'Classified FTEs'!U99+'Classified FTEs'!W99+'Classified FTEs'!X99+'Classified FTEs'!Y99+'Classified FTEs'!AC99+'Classified FTEs'!AE99+'Classified FTEs'!AF99+'Classified FTEs'!AL99 -> 4.38 | M60: =SUM(C60:L60)+SUM('instruction-charters'!C60:N60) -> 41.77
A61: A2 | B61: RANCHES ACADEMY | C61: ='Licensed FTEs'!N100 -> 0 | D61: ='Classified FTEs'!H100+'Classified FTEs'!K100 -> 0 | E61: ='Classified FTEs'!I100+'Classified FTEs'!L100+'Classified FTEs'!M100+'Classified FTEs'!N100+'Classified FTEs'!O100 -> 0 | F61: ='Licensed FTEs'!O100 -> 0.75 | G61: ='Classified FTEs'!E100+'Classified FTEs'!F100+'Classified FTEs'!J100 -> 1 | H61: ='Licensed FTEs'!P100 -> 0 | I61: ='Classified FTEs'!V100 -> 0 | J61: ='Classified FTEs'!AD100 -> 0 | K61: ='Classified FTEs'!D100 -> 0 | L61: ='Classified FTEs'!T100+'Classified FTEs'!U100+'Classified FTEs'!W100+'Classified FTEs'!X100+'Classified FTEs'!Y100+'Classified FTEs'!AC100+'Classified FTEs'!AE100+'Classified FTEs'!AF100+'Classified FTEs'!AL100 -> 1.9 | M61: =SUM(C61:L61)+SUM('instruction-charters'!C61:N61) -> 32.57
A62: 7B | B62: REAGAN ACADEMY | C62: ='Licensed FTEs'!N101 -> 0 | D62: ='Classified FTEs'!H101+'Classified FTEs'!K101 -> 0 | E62: ='Classified FTEs'!I101+'Classified FTEs'!L101+'Classified FTEs'!M101+'Classified FTEs'!N101+'Classified FTEs'!O101 -> 1 | F62: ='Licensed FTEs'!O101 -> 2 | G62: ='Classified FTEs'!E101+'Classified FTEs'!F101+'Classified FTEs'!J101 -> 3 | H62: ='Licensed FTEs'!P101 -> 0 | I62: ='Classified FTEs'!V101 -> 0 | J62: ='Classified FTEs'!AD101 -> 1 | K62: ='Classified FTEs'!D101 -> 0.18 | L62: ='Classified FTEs'!T101+'Classified FTEs'!U101+'Classified FTEs'!W101+'Classified FTEs'!X101+'Classified FTEs'!Y101+'Classified FTEs'!AC101+'Classified FTEs'!AE101+'Classified FTEs'!AF101+'Classified FTEs'!AL101 -> 3.5 | M62: =SUM(C62:L62)+SUM('instruction-charters'!C62:N62) -> 60.44
A63: 1D | B63: RENAISSANCE ACADEMY | C63: ='Licensed FTEs'!N102 -> 0.5 | D63: ='Classified FTEs'!H102+'Classified FTEs'!K102 -> 2 | E63: ='Classified FTEs'!I102+'Classified FTEs'!L102+'Classified FTEs'!M102+'Classified FTEs'!N102+'Classified FTEs'!O102 -> 0 | F63: ='Licensed FTEs'!O102 -> 0 | G63: ='Classified FTEs'!E102+'Classified FTEs'!F102+'Classified FTEs'!J102 -> 3.5 | H63: ='Licensed FTEs'!P102 -> 0 | I63: ='Classified FTEs'!V102 -> 0 | J63: ='Classified FTEs'!AD102 -> 0 | K63: ='Classified FTEs'!D102 -> 0 | L63: ='Classified FTEs'!T102+'Classified FTEs'!U102+'Classified FTEs'!W102+'Classified FTEs'!X102+'Classified FTEs'!Y102+'Classified FTEs'!AC102+'Classified FTEs'!AE102+'Classified FTEs'!AF102+'Classified FTEs'!AL102 -> 2.64 | M63: =SUM(C63:L63)+SUM('instruction-charters'!C63:N63) -> 50.99
A64: 2F | B64: ROCKWELL CHARTER HIGH SCHOOL | C64: ='Licensed FTEs'!N103 -> 0.17 | D64: ='Classified FTEs'!H103+'Classified FTEs'!K103 -> 0 | E64: ='Classified FTEs'!I103+'Classified FTEs'!L103+'Classified FTEs'!M103+'Classified FTEs'!N103+'Classified FTEs'!O103 -> 0 | F64: ='Licensed FTEs'!O103 -> 0.9 | G64: ='Classified FTEs'!E103+'Classified FTEs'!F103+'Classified FTEs'!J103 -> 1 | H64: ='Licensed FTEs'!P103 -> 0 | I64: ='Classified FTEs'!V103 -> 0 | J64: ='Classified FTEs'!AD103 -> 0 | K64: ='Classified FTEs'!D103 -> 0 | L64: ='Classified FTEs'!T103+'Classified FTEs'!U103+'Classified FTEs'!W103+'Classified FTEs'!X103+'Classified FTEs'!Y103+'Classified FTEs'!AC103+'Classified FTEs'!AE103+'Classified FTEs'!AF103+'Classified FTEs'!AL103 -> 1.95 | M64: =SUM(C64:L64)+SUM('instruction-charters'!C64:N64) -> 25.65
A65: 97 | B65: SALT LAKE ARTS ACADEMY | C65: ='Licensed FTEs'!N104 -> 0 | D65: ='Classified FTEs'!H104+'Classified FTEs'!K104 -> 1 | E65: ='Classified FTEs'!I104+'Classified FTEs'!L104+'Classified FTEs'!M104+'Classified FTEs'!N104+'Classified FTEs'!O104 -> 2 | F65: ='Licensed FTEs'!O104 -> 1 | G65: ='Classified FTEs'!E104+'Classified FTEs'!F104+'Classified FTEs'!J104 -> 1 | H65: ='Licensed FTEs'!P104 -> 0 | I65: ='Classified FTEs'!V104 -> 0 | J65: ='Classified FTEs'!AD104 -> 0 | K65: ='Classified FTEs'!D104 -> 0 | L65: ='Classified FTEs'!T104+'Classified FTEs'!U104+'Classified FTEs'!W104+'Classified FTEs'!X104+'Classified FTEs'!Y104+'Classified FTEs'!AC104+'Classified FTEs'!AE104+'Classified FTEs'!AF104+'Classified FTEs'!AL104 -> 0 | M65: =SUM(C65:L65)+SUM('instruction-charters'!C65:N65) -> 27.16
A66: 4F | B66: SALT LAKE CENTER FOR SCIENCE EDUCATION | C66: ='Licensed FTEs'!N105 -> 1 | D66: ='Classified FTEs'!H105+'Classified FTEs'!K105 -> 0 | E66: ='Classified FTEs'!I105+'Classified FTEs'!L105+'Classified FTEs'!M105+'Classified FTEs'!N105+'Classified FTEs'!O105 -> 0 | F66: ='Licensed FTEs'!O105 -> 0 | G66: ='Classified FTEs'!E105+'Classified FTEs'!F105+'Classified FTEs'!J105 -> 0 | H66: ='Licensed FTEs'!P105 -> 0 | I66: ='Classified FTEs'!V105 -> 0 | J66: ='Classified FTEs'!AD105 -> 0 | K66: ='Classified FTEs'!D105 -> 0 | L66: ='Classified FTEs'!T105+'Classified FTEs'!U105+'Classified FTEs'!W105+'Classified FTEs'!X105+'Classified FTEs'!Y105+'Classified FTEs'!AC105+'Classified FTEs'!AE105+'Classified FTEs'!AF105+'Classified FTEs'!AL105 -> 0 | M66: =SUM(C66:L66)+SUM('instruction-charters'!C66:N66) -> 15.75
A67: 7D | B67: SALT LAKE SCHOOL FOR THE PERFORMING ARTS | C67: ='Licensed FTEs'!N106 -> 0 | D67: ='Classified FTEs'!H106+'Classified FTEs'!K106 -> 0 | E67: ='Classified FTEs'!I106+'Classified FTEs'!L106+'Classified FTEs'!M106+'Classified FTEs'!N106+'Classified FTEs'!O106 -> 1 | F67: ='Licensed FTEs'!O106 -> 1 | G67: ='Classified FTEs'!E106+'Classified FTEs'!F106+'Classified FTEs'!J106 -> 0.94 | H67: ='Licensed FTEs'!P106 -> 0 | I67: ='Classified FTEs'!V106 -> 0 | J67: ='Classified FTEs'!AD106 -> 0 | K67: ='Classified FTEs'!D106 -> 0 | L67: ='Classified FTEs'!T106+'Classified FTEs'!U106+'Classified FTEs'!W106+'Classified FTEs'!X106+'Classified FTEs'!Y106+'Classified FTEs'!AC106+'Classified FTEs'!AE106+'Classified FTEs'!AF106+'Classified FTEs'!AL106 -> 0 | M67: =SUM(C67:L67)+SUM('instruction-charters'!C67:N67) -> 8.88
A68: 89 | B68: SOLDIER HOLLOW CHARTER SCHOOL | C68: ='Licensed FTEs'!N107 -> 0 | D68: ='Classified FTEs'!H107+'Classified FTEs'!K107 -> 0 | E68: ='Classified FTEs'!I107+'Classified FTEs'!L107+'Classified FTEs'!M107+'Classified FTEs'!N107+'Classified FTEs'!O107 -> 0 | F68: ='Licensed FTEs'!O107 -> 1 | G68: ='Classified FTEs'!E107+'Classified FTEs'!F107+'Classified FTEs'!J107 -> 0 | H68: ='Licensed FTEs'!P107 -> 0.25 | I68: ='Classified FTEs'!V107 -> 0 | J68: ='Classified FTEs'!AD107 -> 0 | K68: ='Classified FTEs'!D107 -> 0 | L68: ='Classified FTEs'!T107+'Classified FTEs'!U107+'Classified FTEs'!W107+'Classified FTEs'!X107+'Classified FTEs'!Y107+'Classified FTEs'!AC107+'Classified FTEs'!AE107+'Classified FTEs'!AF107+'Classified FTEs'!AL107 -> 0 | M68: =SUM(C68:L68)+SUM('instruction-charters'!C68:N68) -> 18.25
A69: 3D | B69: SPECTRUM ACADEMY | C69: ='Licensed FTEs'!N108 -> 0 | D69: ='Classified FTEs'!H108+'Classified FTEs'!K108 -> 0 | E69: ='Classified FTEs'!I108+'Classified FTEs'!L108+'Classified FTEs'!M108+'Classified FTEs'!N108+'Classified FTEs'!O108 -> 0 | F69: ='Licensed FTEs'!O108 -> 1.11 | G69: ='Classified FTEs'!E108+'Classified FTEs'!F108+'Classified FTEs'!J108 -> 0 | H69: ='Licensed FTEs'!P108 -> 2 | I69: ='Classified FTEs'!V108 -> 0 | J69: ='Classified FTEs'!AD108 -> 0 | K69: ='Classified FTEs'!D108 -> 0 | L69: ='Classified FTEs'!T108+'Classified FTEs'!U108+'Classified FTEs'!W108+'Classified FTEs'!X108+'Classified FTEs'!Y108+'Classified FTEs'!AC108+'Classified FTEs'!AE108+'Classified FTEs'!AF108+'Classified FTEs'!AL108 -> 0 | M69: =SUM(C69:L69)+SUM('instruction-charters'!C69:N69) -> 30.11
A70: A9 | B70: SUCCESS ACADEMY | C70: ='Licensed FTEs'!N109 -> 0 | D70: ='Classified FTEs'!H109+'Classified FTEs'!K109 -> 0 | E70: ='Classified FTEs'!I109+'Classified FTEs'!L109+'Classified FTEs'!M109+'Classified FTEs'!N109+'Classified FTEs'!O109 -> 0 | F70: ='Licensed FTEs'!O109 -> 1 | G70: ='Classified FTEs'!E109+'Classified FTEs'!F109+'Classified FTEs'!J109 -> 2.5 | H70: ='Licensed FTEs'!P109 -> 0 | I70: ='Classified FTEs'!V109 -> 0 | J70: ='Classified FTEs'!AD109 -> 0 | K70: ='Classified FTEs'!D109 -> 0 | L70: ='Classified FTEs'!T109+'Classified FTEs'!U109+'Classified FTEs'!W109+'Classified FTEs'!X109+'Classified FTEs'!Y109+'Classified FTEs'!AC109+'Classified FTEs'!AE109+'Classified FTEs'!AF109+'Classified FTEs'!AL109 -> 0 | M70: =SUM(C70:L70)+SUM('instruction-charters'!C70:N70) -> 10.64
A71: 88 | B71: SUCCESS SCHOOL | C71: ='Licensed FTEs'!N110 -> 0 | D71: ='Classified FTEs'!H110+'Classified FTEs'!K110 -> 0 | E71: ='Classified FTEs'!I110+'Classified FTEs'!L110+'Classified FTEs'!M110+'Classified FTEs'!N110+'Classified FTEs'!O110 -> 0 | F71: ='Licensed FTEs'!O110 -> 0 | G71: ='Classified FTEs'!E110+'Classified FTEs'!F110+'Classified FTEs'!J110 -> 0.75 | H71: ='Licensed FTEs'!P110 -> 0 | I71: ='Classified FTEs'!V110 -> 0 | J71: ='Classified FTEs'!AD110 -> 0 | K71: ='Classified FTEs'!D110 -> 0 | L71: ='Classified FTEs'!T110+'Classified FTEs'!U110+'Classified FTEs'!W110+'Classified FTEs'!X110+'Classified FTEs'!Y110+'Classified FTEs'!AC110+'Classified FTEs'!AE110+'Classified FTEs'!AF110+'Classified FTEs'!AL110 -> 0 | M71: =SUM(C71:L71)+SUM('instruction-charters'!C71:N71) -> 2.75
A72: A4 | B72: SUMMIT ACADEMY | C72: ='Licensed FTEs'!N111 -> 0 | D72: ='Classified FTEs'!H111+'Classified FTEs'!K111 -> 0.5 | E72: ='Classified FTEs'!I111+'Classified FTEs'!L111+'Classified FTEs'!M111+'Classified FTEs'!N111+'Classified FTEs'!O111 -> 3 | F72: ='Licensed FTEs'!O111 -> 3 | G72: ='Classified FTEs'!E111+'Classified FTEs'!F111+'Classified FTEs'!J111 -> 3.5 | H72: ='Licensed FTEs'!P111 -> 2 | I72: ='Classified FTEs'!V111 -> 0 | J72: ='Classified FTEs'!AD111 -> 1 | K72: ='Classified FTEs'!D111 -> 0 | L72: ='Classified FTEs'!T111+'Classified FTEs'!U111+'Classified FTEs'!W111+'Classified FTEs'!X111+'Classified FTEs'!Y111+'Classified FTEs'!AC111+'Classified FTEs'!AE111+'Classified FTEs'!AF111+'Classified FTEs'!AL111 -> 7.63 | M72: =SUM(C72:L72)+SUM('instruction-charters'!C72:N72) -> 89.02
A73: 7G | B73: SUMMIT ACADEMY HIGH SCHOOL | C73: ='Licensed FTEs'!N112 -> 0 | D73: ='Classified FTEs'!H112+'Classified FTEs'!K112 -> 0 | E73: ='Classified FTEs'!I112+'Classified FTEs'!L112+'Classified FTEs'!M112+'Classified FTEs'!N112+'Classified FTEs'!O112 -> 0 | F73: ='Licensed FTEs'!O112 -> 1 | G73: ='Classified FTEs'!E112+'Classified FTEs'!F112+'Classified FTEs'!J112 -> 0.7 | H73: ='Licensed FTEs'!P112 -> 0 | I73: ='Classified FTEs'!V112 -> 0 | J73: ='Classified FTEs'!AD112 -> 0 | K73: ='Classified FTEs'!D112 -> 0 | L73: ='Classified FTEs'!T112+'Classified FTEs'!U112+'Classified FTEs'!W112+'Classified FTEs'!X112+'Classified FTEs'!Y112+'Classified FTEs'!AC112+'Classified FTEs'!AE112+'Classified FTEs'!AF112+'Classified FTEs'!AL112 -> 0 | M73: =SUM(C73:L73)+SUM('instruction-charters'!C73:N73) -> 9.7
A74: 4D | B74: SYRACUSE ARTS ACADEMY | C74: ='Licensed FTEs'!N113 -> 0 | D74: ='Classified FTEs'!H113+'Classified FTEs'!K113 -> 0 | E74: ='Classified FTEs'!I113+'Classified FTEs'!L113+'Classified FTEs'!M113+'Classified FTEs'!N113+'Classified FTEs'!O113 -> 0 | F74: ='Licensed FTEs'!O113 -> 3.3 | G74: ='Classified FTEs'!E113+'Classified FTEs'!F113+'Classified FTEs'!J113 -> 2.87 | H74: ='Licensed FTEs'!P113 -> 0 | I74: ='Classified FTEs'!V113 -> 0 | J74: ='Classified FTEs'!AD113 -> 0.73 | K74: ='Classified FTEs'!D113 -> 0 | L74: ='Classified FTEs'!T113+'Classified FTEs'!U113+'Classified FTEs'!W113+'Classified FTEs'!X113+'Classified FTEs'!Y113+'Classified FTEs'!AC113+'Classified FTEs'!AE113+'Classified FTEs'!AF113+'Classified FTEs'!AL113 -> 4.36 | M74: =SUM(C74:L74)+SUM('instruction-charters'!C74:N74) -> 66.23
A75: 94 | B75: THOMAS EDISON - NORTH | C75: ='Licensed FTEs'!N114 -> 0 | D75: ='Classified FTEs'!H114+'Classified FTEs'!K114 -> 0 | E75: ='Classified FTEs'!I114+'Classified FTEs'!L114+'Classified FTEs'!M114+'Classified FTEs'!N114+'Classified FTEs'!O114 -> 0.65 | F75: ='Licensed FTEs'!O114 -> 3 | G75: ='Classified FTEs'!E114+'Classified FTEs'!F114+'Classified FTEs'!J114 -> 4.8 | H75: ='Licensed FTEs'!P114 -> 1.5 | I75: ='Classified FTEs'!V114 -> 0 | J75: ='Classified FTEs'!AD114 -> 0 | K75: ='Classified FTEs'!D114 -> 0 | L75: ='Classified FTEs'!T114+'Classified FTEs'!U114+'Classified FTEs'!W114+'Classified FTEs'!X114+'Classified FTEs'!Y114+'Classified FTEs'!AC114+'Classified FTEs'!AE114+'Classified FTEs'!AF114+'Classified FTEs'!AL114 -> 6.2 | M75: =SUM(C75:L75)+SUM('instruction-charters'!C75:N75) -> 110.21
A76: 95 | B76: TIMPANOGOS ACADEMY | C76: ='Licensed FTEs'!N115 -> 0 | D76: ='Classified FTEs'!H115+'Classified FTEs'!K115 -> 1 | E76: ='Classified FTEs'!I115+'Classified FTEs'!L115+'Classified FTEs'!M115+'Classified FTEs'!N115+'Classified FTEs'!O115 -> 0.25 | F76: ='Licensed FTEs'!O115 -> 1 | G76: ='Classified FTEs'!E115+'Classified FTEs'!F115+'Classified FTEs'!J115 -> 2 | H76: ='Licensed FTEs'!P115 -> 0 | I76: ='Classified FTEs'!V115 -> 0 | J76: ='Classified FTEs'!AD115 -> 0 | K76: ='Classified FTEs'!D115 -> 0 | L76: ='Classified FTEs'!T115+'Classified FTEs'!U115+'Classified FTEs'!W115+'Classified FTEs'!X115+'Classified FTEs'!Y115+'Classified FTEs'!AC115+'Classified FTEs'!AE115+'Classified FTEs'!AF115+'Classified FTEs'!AL115 -> 1 | M76: =SUM(C76:L76)+SUM('instruction-charters'!C76:N76) -> 35.3
A77: 90 | B77: TUACAHN HIGH SCHOOL FOR THE PERFORMING ARTS | C77: ='Licensed FTEs'!N116 -> 0.8 | D77: ='Classified FTEs'!H116+'Classified FTEs'!K116 -> 1 | E77: ='Classified FTEs'!I116+'Classified FTEs'!L116+'Classified FTEs'!M116+'Classified FTEs'!N116+'Classified FTEs'!O116 -> 0 | F77: ='Licensed FTEs'!O116 -> 2.29 | G77: ='Classified FTEs'!E116+'Classified FTEs'!F116+'Classified FTEs'!J116 -> 1 | H77: ='Licensed FTEs'!P116 -> 0 | I77: ='Classified FTEs'!V116 -> 0 | J77: ='Classified FTEs'!AD116 -> 0 | K77: ='Classified FTEs'!D116 -> 0 | L77: ='Classified FTEs'!T116+'Classified FTEs'!U116+'Classified FTEs'!W116+'Classified FTEs'!X116+'Classified FTEs'!Y116+'Classified FTEs'!AC116+'Classified FTEs'!AE116+'Classified FTEs'!AF116+'Classified FTEs'!AL116 -> 0 | M77: =SUM(C77:L77)+SUM('instruction-charters'!C77:N77) -> 21.22
A78: 92 | B78: UINTAH RIVER HIGH | C78: ='Licensed FTEs'!N117 -> 0 | D78: ='Classified FTEs'!H117+'Classified FTEs'!K117 -> 0.17 | E78: ='Classified FTEs'!I117+'Classified FTEs'!L117+'Classified FTEs'!M117+'Classified FTEs'!N117+'Classified FTEs'!O117 -> 0 | F78: ='Licensed FTEs'!O117 -> 1 | G78: ='Classified FTEs'!E117+'Classified FTEs'!F117+'Classified FTEs'!J117 -> 2 | H78: ='Licensed FTEs'!P117 -> 0 | I78: ='Classified FTEs'!V117 -> 0 | J78: ='Classified FTEs'!AD117 -> 0 | K78: ='Classified FTEs'!D117 -> 0 | L78: ='Classified FTEs'!T117+'Classified FTEs'!U117+'Classified FTEs'!W117+'Classified FTEs'!X117+'Classified FTEs'!Y117+'Classified FTEs'!AC117+'Classified FTEs'!AE117+'Classified FTEs'!AF117+'Classified FTEs'!AL117 -> 0 | M78: =SUM(C78:L78)+SUM('instruction-charters'!C78:N78) -> 14.34
A79: 1B | B79: UTAH COUNTY ACADEMY OF SCIENCE (UCAS) | C79: ='Licensed FTEs'!N118 -> 0 | D79: ='Classified FTEs'!H118+'Classified FTEs'!K118 -> 0 | E79: ='Classified FTEs'!I118+'Classified FTEs'!L118+'Classified FTEs'!M118+'Classified FTEs'!N118+'Classified FTEs'!O118 -> 0 | F79: ='Licensed FTEs'!O118 -> 1.29 | G79: ='Classified FTEs'!E118+'Classified FTEs'!F118+'Classified FTEs'!J118 -> 2.6 | H79: ='Licensed FTEs'!P118 -> 0 | I79: ='Classified FTEs'!V118 -> 0 | J79: ='Classified FTEs'!AD118 -> 0.75 | K79: ='Classified FTEs'!D118 -> 0 | L79: ='Classified FTEs'!T118+'Classified FTEs'!U118+'Classified FTEs'!W118+'Classified FTEs'!X118+'Classified FTEs'!Y118+'Classified FTEs'!AC118+'Classified FTEs'!AE118+'Classified FTEs'!AF118+'Classified FTEs'!AL118 -> 0 | M79: =SUM(C79:L79)+SUM('instruction-charters'!C79:N79) -> 22.13
A80: 5F | B80: UTAH VIRTUAL ACADEMY | C80: ='Licensed FTEs'!N119 -> 1.5 | D80: ='Classified FTEs'!H119+'Classified FTEs'!K119 -> 1 | E80: ='Classified FTEs'!I119+'Classified FTEs'!L119+'Classified FTEs'!M119+'Classified FTEs'!N119+'Classified FTEs'!O119 -> 0 | F80: ='Licensed FTEs'!O119 -> 2.7 | G80: ='Classified FTEs'!E119+'Classified FTEs'!F119+'Classified FTEs'!J119 -> 2 | H80: ='Licensed FTEs'!P119 -> 0 | I80: ='Classified FTEs'!V119 -> 0 | J80: ='Classified FTEs'!AD119 -> 0 | K80: ='Classified FTEs'!D119 -> 0 | L80: ='Classified FTEs'!T119+'Classified FTEs'!U119+'Classified FTEs'!W119+'Classified FTEs'!X119+'Classified FTEs'!Y119+'Classified FTEs'!AC119+'Classified FTEs'!AE119+'Classified FTEs'!AF119+'Classified FTEs'!AL119 -> 0 | M80: =SUM(C80:L80)+SUM('instruction-charters'!C80:N80) -> 51.34
A81: 3F | B81: VENTURE ACADEMY | C81: ='Licensed FTEs'!N120 -> 0 | D81: ='Classified FTEs'!H120+'Classified FTEs'!K120 -> 0 | E81: ='Classified FTEs'!I120+'Classified FTEs'!L120+'Classified FTEs'!M120+'Classified FTEs'!N120+'Classified FTEs'!O120 -> 0.1 | F81: ='Licensed FTEs'!O120 -> 1 | G81: ='Classified FTEs'!E120+'Classified FTEs'!F120+'Classified FTEs'!J120 -> 2 | H81: ='Licensed FTEs'!P120 -> 0 | I81: ='Classified FTEs'!V120 -> 0 | J81: ='Classified FTEs'!AD120 -> 0 | K81: ='Classified FTEs'!D120 -> 0 | L81: ='Classified FTEs'!T120+'Classified FTEs'!U120+'Classified FTEs'!W120+'Classified FTEs'!X120+'Classified FTEs'!Y120+'Classified FTEs'!AC120+'Classified FTEs'!AE120+'Classified FTEs'!AF120+'Classified FTEs'!AL120 -> 3.4 | M81: =SUM(C81:L81)+SUM('instruction-charters'!C81:N81) -> 37.8
A82: 2G | B82: VISTA AT ENTRADA SCHOOL OF PERFORMING ARTS AND TECHNOLOGY | C82: ='Licensed FTEs'!N121 -> 1 | D82: ='Classified FTEs'!H121+'Classified FTEs'!K121 -> 1 | E82: ='Classified FTEs'!I121+'Classified FTEs'!L121+'Classified FTEs'!M121+'Classified FTEs'!N121+'Classified FTEs'!O121 -> 0 | F82: ='Licensed FTEs'!O121 -> 1.3 | G82: ='Classified FTEs'!E121+'Classified FTEs'!F121+'Classified FTEs'!J121 -> 4 | H82: ='Licensed FTEs'!P121 -> 1 | I82: ='Classified FTEs'!V121 -> 0 | J82: ='Classified FTEs'!AD121 -> 0 | K82: ='Classified FTEs'!D121 -> 0 | L82: ='Classified FTEs'!T121+'Classified FTEs'!U121+'Classified FTEs'!W121+'Classified FTEs'!X121+'Classified FTEs'!Y121+'Classified FTEs'!AC121+'Classified FTEs'!AE121+'Classified FTEs'!AF121+'Classified FTEs'!AL121 -> 3.5 | M82: =SUM(C82:L82)+SUM('instruction-charters'!C82:N82) -> 61.84
A83: 81 | B83: WALDEN SCHOOL OF LIBERAL ARTS | C83: ='Licensed FTEs'!N122 -> 0 | D83: ='Classified FTEs'!H122+'Classified FTEs'!K122 -> 0 | E83: ='Classified FTEs'!I122+'Classified FTEs'!L122+'Classified FTEs'!M122+'Classified FTEs'!N122+'Classified FTEs'!O122 -> 0 | F83: ='Licensed FTEs'!O122 -> 1 | G83: ='Classified FTEs'!E122+'Classified FTEs'!F122+'Classified FTEs'!J122 -> 0 | H83: ='Licensed FTEs'!P122 -> 0 | I83: ='Classified FTEs'!V122 -> 0 | J83: ='Classified FTEs'!AD122 -> 0 | K83: ='Classified FTEs'!D122 -> 0 | L83: ='Classified FTEs'!T122+'Classified FTEs'!U122+'Classified FTEs'!W122+'Classified FTEs'!X122+'Classified FTEs'!Y122+'Classified FTEs'!AC122+'Classified FTEs'!AE122+'Classified FTEs'!AF122+'Classified FTEs'!AL122 -> 0 | M83: =SUM(C83:L83)+SUM('instruction-charters'!C83:N83) -> 21.86
A84: 4B | B84: WASATCH PEAK ACADEMY | C84: ='Licensed FTEs'!N123 -> 0 | D84: ='Classified FTEs'!H123+'Classified FTEs'!K123 -> 0 | E84: ='Classified FTEs'!I123+'Classified FTEs'!L123+'Classified FTEs'!M123+'Classified FTEs'!N123+'Classified FTEs'!O123 -> 0 | F84: ='Licensed FTEs'!O123 -> 1 | G84: ='Classified FTEs'!E123+'Classified FTEs'!F123+'Classified FTEs'!J123 -> 1.78 | H84: ='Licensed FTEs'!P123 -> 0 | I84: ='Classified FTEs'!V123 -> 0 | J84: ='Classified FTEs'!AD123 -> 1 | K84: ='Classified FTEs'!D123 -> 0 | L84: ='Classified FTEs'!T123+'Classified FTEs'!U123+'Classified FTEs'!W123+'Classified FTEs'!X123+'Classified FTEs'!Y123+'Classified FTEs'!AC123+'Classified FTEs'!AE123+'Classified FTEs'!AF123+'Classified FTEs'!AL123 -> 2.94 | M84: =SUM(C84:L84)+SUM('instruction-charters'!C84:N84) -> 34.29
A85: 6G | B85: WEILENMANN SCHOOL OF DISCOVERY | C85: ='Licensed FTEs'!N124 -> 0 | D85: ='Classified FTEs'!H124+'Classified FTEs'!K124 -> 0 | E85: ='Classified FTEs'!I124+'Classified FTEs'!L124+'Classified FTEs'!M124+'Classified FTEs'!N124+'Classified FTEs'!O124 -> 0 | F85: ='Licensed FTEs'!O124 -> 1.38 | G85: ='Classified FTEs'!E124+'Classified FTEs'!F124+'Classified FTEs'!J124 -> 2.5 | H85: ='Licensed FTEs'!P124 -> 0 | I85: ='Classified FTEs'!V124 -> 0 | J85: ='Classified FTEs'!AD124 -> 0.5 | K85: ='Classified FTEs'!D124 -> 0 | L85: ='Classified FTEs'!T124+'Classified FTEs'!U124+'Classified FTEs'!W124+'Classified FTEs'!X124+'Classified FTEs'!Y124+'Classified FTEs'!AC124+'Classified FTEs'!AE124+'Classified FTEs'!AF124+'Classified FTEs'!AL124 -> 2 | M85: =SUM(C85:L85)+SUM('instruction-charters'!C85:N85) -> 43.08
B86: CHARTER TOTAL | C86: =SUM(C10:C85) -> 22.36 | D86: =SUM(D10:D85) -> 28.97 | E86: =SUM(E10:E85) -> 30.95 | F86: =SUM(F10:F85) -> 100.33 | G86: =SUM(G10:G85) -> 160.27 | H86: =SUM(H10:H85) -> 16.88 | I86: =SUM(I10:I85) -> 0 | J86: =SUM(J10:J85) -> 14.18 | ... M86: =SUM(M10:M85) -> 3043.87

Sheet Licensed FTEs
B3: Local Education Agencies | C3: CLASSROOM TEACHERS | J3: Instructional Coordinators and Supervisors | K3: Elementary Guidance Counselors | L3: Secondary Guidance Counselors | M3: Librarians and Media Specialists | N3: LEA Administrators | O3: School Administrators | P3: Student Support Services | Q3: TOTAL FTEs
C4: PreKindergarten | E4: Kindergarten | F4: Elementary | G4: Secondary | H4: Special Education | I4: School-Based Specialists
C6: Regular | D6: Special
A7: 1 | B7: ALPINE DISTRICT | C7: 10.14 | D7: 22.5 | E7: 124.04 | F7: 1342.61 | G7: 1031.49 | H7: 264.68 | I7: 80.41 | J7: 46.68 | K7: 0 | L7: 82.92 | M7: 22.64 | N7: 22 | O7: 113.8 | P7: 95.11 | Q7: =SUM(C7:P7) -> 3259.02
A8: 2 | B8: BEAVER DISTRICT | C8: 0.5 | D8: 0 | E8: 3.44 | F8: 34.94 | G8: 31.33 | H8: 7.35 | I8: 0.16 | J8: 0.25 | K8: 0 | L8: 1.53 | M8: 0 | N8: 3.25 | O8: 3.75 | P8: 1 | Q8: =SUM(C8:P8) -> 87.5
A9: 3 | B9: BOX ELDER DISTRICT | C9: 1 | D9: 8 | E9: 24.81 | F9: 186.87 | G9: 216.79 | H9: 50.72 | I9: 13.83 | J9: 4 | K9: 1.5 | L9: 13.84 | M9: 5 | N9: 5 | O9: 25.3 | P9: 23.4 | Q9: =SUM(C9:P9) -> 580.06
A10: 4 | B10: CACHE DISTRICT | C10: 0 | D10: 6.84 | E10: 28.99 | F10: 257.86 | G10: 281.23 | H10: 55.23 | I10: 20.41 | J10: 20.86 | K10: 0 | L10: 18.76 | M10: 21 | N10: 3 | O10: 30.75 | P10: 37.03 | Q10: =SUM(C10:P10) -> 781.96
A11: 42 | B11: CANYONS DISTRICT | C11: 0 | D11: 14 | E11: 64.11 | F11: 632.32 | G11: 590.71 | H11: 145.68 | I11: 60.51 | J11: 49.65 | K11: 0.5 | L11: 40 | M11: 10.99 | N11: 21 | O11: 83 | P11: 79.53 | Q11: =SUM(C11:P11) -> 1792
A12: 5 | B12: CARBON DISTRICT | C12: 0 | D12: 2 | E12: 13 | F12: 76.8 | G12: 65.02 | H12: 20.12 | I12: 10.07 | J12: 2.68 | K12: 2.6 | L12: 4.37 | M12: 0.86 | N12: 5.48 | O12: 10.41 | P12: 3.8 | Q12: =SUM(C12:P12) -> 217.21
A13: 6 | B13: DAGGETT DISTRICT | C13: 0 | D13: 0 | E13: 0.84 | F13: 4.67 | G13: 7.97 | H13: 0.86 | I13: 1.44 | J13: 1 | K13: 0 | L13: 0 | M13: 0.03 | N13: 0.8 | O13: 0.86 | P13: 0 | Q13: =SUM(C13:P13) -> 18.47
A14: 7 | B14: DAVIS DISTRICT | C14: 1.67 | D14: 24.33 | E14: 134.77 | F14: 1288.78 | G14: 1063.95 | H14: 300.76 | I14: 87.37 | J14: 67.15 | K14: 34 | L14: 77.3 | M14: 20.5 | N14: 20 | O14: 166.7 | P14: 114.16 | Q14: =SUM(C14:P14) -> 3401.44
A15: 8 | B15: DUCHESNE DISTRICT | C15: 0 | D15: 3 | E15: 11.5 | F15: 95.92 | G15: 85.3 | H15: 28.84 | I15: 3.19 | J15: 2.5 | K15: 0 | L15: 5.65 | M15: 6.34 | N15: 2 | O15: 13.85 | P15: 2.5 | Q15: =SUM(C15:P15) -> 260.59
A16: 9 | B16: EMERY DISTRICT | C16: 0 | D16: 1 | E16: 7.5 | F16: 54.26 | G16: 50.09 | H16: 13.33 | I16: 0.17 | J16: 0.5 | K16: 0 | L16: 2 | M16: 1.2 | N16: 4 | O16: 9.35 | P16: 2 | Q16: =SUM(C16:P16) -> 145.4
A17: 10 | B17: GARFIELD DISTRICT | C17: 0.5 | D17: 0 | E17: 2.74 | F17: 24.12 | G17: 28.5 | H17: 5.4 | I17: 0.1 | J17: 0.57 | K17: 0.65 | L17: 1.73 | M17: 0 | N17: 0.54 | O17: 5.04 | P17: 1 | Q17: =SUM(C17:P17) -> 70.89
A18: 11 | B18: GRAND DISTRICT | C18: 0 | D18: 1 | E18: 2 | F18: 30 | G18: 35.81 | H18: 10 | I18: 0 | J18: 1.25 | K18: 0 | L18: 2 | M18: 1 | N18: 2 | O18: 6 | P18: 2 | Q18: =SUM(C18:P18) -> 93.06
... A47: 35 | B47: WEBER DISTRICT | C47: 0 | D47: 10 | E47: 62.03 | F47: 564.7 | G47: 519.45 | H47: 166.78 | I47: 60.22 | J47: 24.75 | K47: 18.86 | L47: 37.28 | M47: 13.83 | N47: 18 | O47: 63 | P47: 47.23 | Q47: =SUM(C47:P47) -> 1606.13
B48: District Total | C48: =SUM(C7:C47) -> 28.56 | D48: =SUM(D7:D47) -> 224.4 | E48: =SUM(E7:E47) -> 1183.56 | F48: =SUM(F7:F47) -> 10453.19 | G48: =SUM(G7:G47) -> 9433.26 | H48: =SUM(H7:H47) -> 2547.49 | I48: =SUM(I7:I47) -> 1159.3 | J48: =SUM(J7:J47) -> 470.01 | ... P48: =SUM(P7:P47) -> 947.52 | Q48: =SUM(C48:P48) -> 28951.25
A49: 83 | B49: ACADEMY FOR MATH ENGINEERING & SCIENCE (AMES) | C49: 0 | D49: 0 | E49: 0 | F49: 0 | G49: 19.59 | H49: 1 | I49: 0.17 | J49: 0 | K49: 0 | L49: 3 | M49: 0 | N49: 0 | O49: 1 | P49: 0 | Q49: =SUM(C49:P49) -> 24.76
A50: 8B | B50: AMERICAN LEADERSHIP ACADEMY | C50: 0 | D50: 0 | E50: 3 | F50: 25.61 | G50: 33.18 | H50: 6 | I50: 2.92 | J50: 2 | K50: 0.25 | L50: 2 | M50: 0.6 | N50: 1 | O50: 1.5 | P50: 0 | Q50: =SUM(C50:P50) -> 78.06
A51: 74 | B51: AMERICAN PREPARATORY ACADEMY | C51: 0 | D51: 0 | E51: 3 | F51: 27.01 | G51: 16.96 | H51: 1 | I51: 2.69 | J51: 0 | K51: 0.35 | L51: 0.35 | M51: 0 | N51: 2.1 | O51: 4 | P51: 1.86 | Q51: =SUM(C51:P51) -> 59.32
A52: 3G | B52: BEAR RIVER CHARTER SCHOOL | C52: 0 | D52: 0 | E52: 0.5 | F52: 5.9 | G52: 3.73 | H52: 0.5 | I52: 0.67 | J52: 0 | K52: 0 | L52: 0 | M52: 0 | N52: 0 | O52: 0 | P52: 0 | Q52: =SUM(C52:P52) -> 11.3
A53: 3B | B53: BEEHIVE SCIENCE & TECHNOLOGY ACADEMY (BSTA) | C53: 0 | D53: 0 | E53: 0 | F53: 0 | G53: 13.6 | H53: 1.08 | I53: 0 | J53: 0 | K53: 0 | L53: 0 | M53: 0 | N53: 2.25 | O53: 0 | P53: 0 | Q53: =SUM(C53:P53) -> 16.93
A54: 9D | B54: CANYON RIM ACADEMY | C54: 0 | D54: 0 | E54: 2 | F54: 18 | G54: 0 | H54: 1 | I54: 0 | J54: 0.33 | K54: 0 | L54: 0 | M54: 0 | N54: 0.67 | O54: 1 | P54: 0.53 | Q54: =SUM(C54:P54) -> 23.53
A55: 2D | B55: CHANNING HALL | C55: 0 | D55: 0 | E55: 2 | F55: 18 | G55: 9.5 | H55: 2.51 | I55: 0.5 | J55: 0 | K55: 0 | L55: 0 | M55: 0 | N55: 0 | O55: 2.25 | P55: 2 | Q55: =SUM(C55:P55) -> 36.76
A56: 87 | B56: CITY ACADEMY | C56: 0 | D56: 0 | E56: 0 | F56: 0 | G56: 15.73 | H56: 0 | I56: 1.72 | J56: 0 | K56: 0 | L56: 1 | M56: 0 | N56: 1 | O56: 0.9 | P56: 0 | Q56: =SUM(C56:P56) -> 20.35
A57: 3E | B57: CS LEWIS ACADEMY | C57: 0 | D57: 0 | E57: 2.28 | F57: 11 | G57: 1.5 | H57: 1 | I57: 0 | J57: 0 | K57: 0 | L57: 0 | M57: 0 | N57: 1 | O57: 0 | P57: 0.6 | Q57: =SUM(C57:P57) -> 17.38
A58: A3 | B58: DAVINCI ACADEMY | C58: 0 | D58: 0 | E58: 0 | F58: 0 | G58: 18.34 | H58: 2 | I58: 0 | J58: 0 | K58: 0 | L58: 1 | M58: 0.33 | N58: 0 | O58: 2 | P58: 0 | Q58: =SUM(C58:P58) -> 23.67
A59: 4E | B59: DUAL IMMERSION ACADEMY | C59: 0 | D59: 0 | E59: 4 | F59: 11.75 | G59: 2.8 | H59: 2 | I59: 0.17 | J59: 0 | K59: 0 | L59: 0 | M59: 1 | N59: 0 | O59: 1.17 | P59: 0 | Q59: =SUM(C59:P59) -> 22.89
A60: 6F | B60: EARLY LIGHT ACADEMY AT DAYBREAK | C60: 0 | D60: 0 | E60: 1.5 | F60: 17.92 | G60: 10.41 | H60: 2.14 | I60: 0.5 | J60: 0.5 | K60: 0.04 | L60: 0.06 | M60: 1 | N60: 0 | O60: 1.61 | P60: 0 | Q60: =SUM(C60:P60) -> 35.68
A61: A8 | B61: EAST HOLLYWOOD HIGH | C61: 0 | D61: 0 | E61: 0 | F61: 0 | G61: 16.48 | H61: 2 | I61: 0 | J61: 0.75 | K61: 0 | L61: 1 | M61: 0.1 | N61: 0 | O61: 0 | P61: 0 | Q61: =SUM(C61:P61) -> 20.33
A62: 5E | B62: EDITH BOWEN LABORATORY SCHOOL | C62: 0 | D62: 0 | E62: 1.03 | F62: 13.14 | G62: 0 | H62: 1.03 | I62: 0 | J62: 0 | K62: 0.77 | L62: 0 | M62: 2.6 | N62: 0 | O62: 1.3 | P62: 0.51 | Q62: =SUM(C62:P62) -> 20.38
A63: 3C | B63: ENTHEOS ACADEMY | C63: 0 | D63: 0 | E63: 1.08 | F63: 16.16 | G63: 8.43 | H63: 2.32 | I63: 0.36 | J63: 0 | K63: 0 | L63: 0 | M63: 0 | N63: 0 | O63: 0 | P63: 0.21 | Q63: =SUM(C63:P63) -> 28.56
A64: 7F | B64: EXCELSIOR ACADEMY | C64: 0 | D64: 0 | E64: 1.5 | F64: 19.27 | G64: 6.8 | H64: 0 | I64: 0.84 | J64: 1 | K64: 0 | L64: 0 | M64: 0 | N64: 0.86 | O64: 1 | P64: 0 | Q64: =SUM(C64:P64) -> 31.27
A65: 98 | B65: FAST FORWARD HIGH | C65: 0 | D65: 0 | E65: 0 | F65: 0 | G65: 12.19 | H65: 0.28 | I65: 0.31 | J65: 0.83 | K65: 0 | L65: 1.33 | M65: 0 | N65: 0 | O65: 1.17 | P65: 0 | Q65: =SUM(C65:P65) -> 16.11
A66: 82 | B66: FREEDOM ACADEMY | C66: 0 | D66: 0 | E66: 2 | F66: 19.1 | G66: 6.57 | H66: 2 | I66: 0.05 | J66: 1 | K66: 0 | L66: 0 | M66: 0 | N66: 0 | O66: 1.18 | P66: 0.25 | Q66: =SUM(C66:P66) -> 32.15
A67: 7E | B67: GATEWAY PREPARATORY ACADEMY | C67: 0 | D67: 0 | E67: 2 | F67: 13.54 | G67: 6.71 | H67: 2 | I67: 0 | J67: 0 | K67: 0 | L67: 0 | M67: 0 | N67: 0 | O67: 1 | P67: 1 | Q67: =SUM(C67:P67) -> 26.25
A68: 5D | B68: GEORGE WASHINGTON ACADEMY | C68: 0 | D68: 0 | E68: 5 | F68: 28.57 | G68: 0.43 | H68: 1.38 | I68: 1.2 | J68: 0 | K68: 0 | L68: 0 | M68: 0 | N68: 0 | O68: 1.82 | P68: 0 | Q68: =SUM(C68:P68) -> 38.4
A69: 8G | B69: GOOD FOUNDATIONS ACADEMY | C69: 0 | D69: 0 | E69: 2 | F69: 16 | G69: 0 | H69: 0.64 | I69: 0 | J69: 0 | K69: 0 | L69: 0 | M69: 0 | N69: 0 | O69: 1 | P69: 0 | Q69: =SUM(C69:P69) -> 19.64
A70: 1E | B70: GUADALUPE SCHOOL | C70: 0 | D70: 0 | E70: 0.8 | F70: 4 | G70: 0 | H70: 0.5 | I70: 0.5 | J70: 0 | K70: 0 | L70: 0 | M70: 0 | N70: 0 | O70: 1 | P70: 0 | Q70: =SUM(C70:P70) -> 6.8
A71: 8F | B71: HAWTHORN ACADEMY | C71: 0 | D71: 0 | E71: 2 | F71: 19.5 | G71: 9.16 | H71: 1.1 | I71: 0.17 | J71: 0 | K71: 0 | L71: 0.9 | M71: 0.45 | N71: 0 | O71: 2.6 | P71: 0 | Q71: =SUM(C71:P71) -> 35.88
A72: 2C | B72: INTECH COLLEGIATE HIGH SCHOOL | C72: 0 | D72: 0 | E72: 0 | F72: 0 | G72: 7.09 | H72: 0.13 | I72: 0.15 | J72: 0.5 | K72: 0 | L72: 0.5 | M72: 0 | N72: 0 | O72: 1 | P72: 0 | Q72: =SUM(C72:P72) -> 9.37
A73: A5 | B73: ITINERIS EARLY COLLEGE HIGH | C73: 0 | D73: 0 | E73: 0 | F73: 0 | G73: 11.58 | H73: 0 | I73: 0 | J73: 0 | K73: 0 | L73: 2 | M73: 0 | N73: 0 | O73: 0.95 | P73: 0 | Q73: =SUM(C73:P73) -> 14.53
A74: 93 | B74: JOHN HANCOCK CHARTER SCHOOL | C74: 0 | D74: 0 | E74: 0.72 | F74: 8.24 | G74: 1.33 | H74: 1 | I74: 0 | J74: 0 | K74: 0 | L74: 0 | M74: 0 | N74: 0 | O74: 1 | P74: 0 | Q74: =SUM(C74:P74) -> 12.29
A75: 2E | B75: KARL G MAESER PREPARATORY ACADEMY | C75: 0 | D75: 0 | E75: 0 | F75: 0 | G75: 26.67 | H75: 0.5 | I75: 0.34 | J75: 1.5 | K75: 0 | L75: 0 | M75: 0.75 | N75: 0 | O75: 2.4 | P75: 0 | Q75: =SUM(C75:P75) -> 32.16
A76: 4C | B76: LAKEVIEW ACADEMY | C76: 0 | D76: 0 | E76: 2 | F76: 22.36 | G76: 7.5 | H76: 2 | I76: 0.3 | J76: 1 | K76: 0 | L76: 0 | M76: 1 | N76: 1 | O76: 2 | P76: 0 | Q76: =SUM(C76:P76) -> 39.16
A77: 5C | B77: LEGACY PREPARATORY ACADEMY | C77: 0 | D77: 0 | E77: 1.5 | F77: 17 | G77: 24.71 | H77: 2 | I77: 1.62 | J77: 2 | K77: 0.17 | L77: 0.83 | M77: 0 | N77: 1 | O77: 2 | P77: 0 | Q77: =SUM(C77:P77) -> 52.83
A78: 6C | B78: LIBERTY ACADEMY | C78: 0 | D78: 0 | E78: 1 | F78: 9.05 | G78: 4.7 | H78: 2 | I78: 0.36 | J78: 0 | K78: 0 | L78: 0 | M78: 0 | N78: 0 | O78: 1.13 | P78: 0 | Q78: =SUM(C78:P78) -> 18.24
A79: 2B | B79: LINCOLN ACADEMY | C79: 0 | D79: 0 | E79: 1 | F79: 14.21 | G79: 12 | H79: 4.02 | I79: 0.03 | J79: 0 | K79: 0 | L79: 0.53 | M79: 0 | N79: 0.5 | O79: 1 | P79: 0.32 | Q79: =SUM(C79:P79) -> 33.61
A80: 4G | B80: MARIA MONTESSORI ACADEMY | C80: 0 | D80: 0 | E80: 1.5 | F80: 15 | G80: 0 | H80: 1.18 | I80: 0 | J80: 0 | K80: 0 | L80: 0 | M80: 0 | N80: 0 | O80: 0 | P80: 0 | Q80: =SUM(C80:P80) -> 17.68
A81: 8E | B81: MERIT COLLEGE PREPARATORY ACADEMY | C81: 0 | D81: 0 | E81: 0 | F81: 0 | G81: 8.55 | H81: 0.25 | I81: 0.1 | J81: 0.81 | K81: 0 | L81: 0 | M81: 0 | N81: 0.5 | O81: 0.11 | P81: 0 | Q81: =SUM(C81:P81) -> 10.32
A82: A7 | B82: MOAB CHARTER SCHOOL | C82: 0 | D82: 0 | E82: 1 | F82: 3 | G82: 0 | H82: 1 | I82: 0 | J82: 0 | K82: 0 | L82: 0 | M82: 0 | N82: 0 | O82: 1 | P82: 0 | Q82: =SUM(C82:P82) -> 6
A83: 7C | B83: MONTICELLO ACADEMY | C83: 0 | D83: 0 | E83: 2 | F83: 17 | G83: 14.35 | H83: 2 | I83: 0 | J83: 2.01 | K83: 0 | L83: 0.5 | M83: 1 | N83: 0 | O83: 0 | P83: 0 | Q83: =SUM(C83:P83) -> 38.86
A84: 8C | B84: MOUNTAINVILLE ACADEMY | C84: 0 | D84: 0 | E84: 1.5 | F84: 18.63 | G84: 10.05 | H84: 1 | I84: 0 | J84: 0 | K84: 0 | L84: 0.22 | M84: 1 | N84: 0 | O84: 3.1 | P84: 0 | Q84: =SUM(C84:P84) -> 35.5
A85: 9B | B85: NAVIGATOR POINTE ACADEMY | C85: 0 | D85: 0 | E85: 2 | F85: 13.2 | G85: 10.28 | H85: 1.75 | I85: 1.3 | J85: 0 | K85: 0.2 | L85: 0.2 | M85: 0.25 | N85: 0 | O85: 1 | P85: 0.4 | Q85: =SUM(C85:P85) -> 30.58
A86: A1 | B86: NO UT ACAD FOR MATH ENGINEERING & SCIENCE (NUAMES) | C86: 0 | D86: 0 | E86: 0 | F86: 0 | G86: 15.12 | H86: 1 | I86: 1.14 | J86: 0 | K86: 0 | L86: 1 | M86: 0 | N86: 0 | O86: 3 | P86: 0 | Q86: =SUM(C86:P86) -> 21.26
... A90: 1C | B90: ODYSSEY CHARTER SCHOOL | C90: 0 | D90: 0 | E90: 2.5 | F90: 11.82 | G90: 6.51 | H90: 3.48 | I90: 0 | J90: 0 | K90: 0.5 | L90: 0 | M90: 0 | N90: 0 | O90: 1 | P90: 0 | Q90: =SUM(C90:P90) -> 25.81
A91: 68 | B91: OGDEN PREPARATORY ACADEMY | C91: 0 | D91: 0 | E91: 2 | F91: 22 | G91: 20.1 | H91: 3.75 | I91: 1.6 | J91: 0 | K91: 0.25 | L91: 0.25 | M91: 0.5 | N91: 1 | O91: 2.8 | P91: 0 | Q91: =SUM(C91:P91) -> 54.25
A92: 8D | B92: OPEN CLASSROOM | C92: 0 | D92: 0 | E92: 1.5 | F92: 14.5 | G92: 0 | H92: 1.8 | I92: 1 | J92: 0 | K92: 0.6 | L92: 0 | M92: 0 | N92: 0 | O92: 1 | P92: 0 | Q92: =SUM(C92:P92) -> 20.4
A93: 9F | B93: OPEN HIGH SCHOOL OF UTAH | C93: 0 | D93: 0 | E93: 0 | F93: 0 | G93: 9.4 | H93: 0 | I93: 0.25 | J93: 0 | K93: 0 | L93: 0.75 | M93: 0 | N93: 1 | O93: 1 | P93: 0 | Q93: =SUM(C93:P93) -> 12.4
A94: 1G | B94: OQUIRRH MOUNTAIN CHARTER SCHOOL | C94: 0 | D94: 0 | E94: 2 | F94: 19.98 | G94: 7.9 | H94: 2.53 | I94: 0.05 | J94: 1.3 | K94: 0.75 | L94: 0.12 | M94: 0 | N94: 0 | O94: 2.3 | P94: 0.5 | Q94: =SUM(C94:P94) -> 37.43
A95: 9C | B95: PARADIGM HIGH SCHOOL | C95: 0 | D95: 0 | E95: 0 | F95: 0 | G95: 32.39 | H95: 1 | I95: 1.87 | J95: 0 | K95: 0 | L95: 1 | M95: 1 | N95: 1.1 | O95: 4.77 | P95: 0 | Q95: =SUM(C95:P95) -> 43.13
A96: 86 | B96: PINNACLE CANYON ACADEMY | C96: 0 | D96: 0 | E96: 1.06 | F96: 13.73 | G96: 17.75 | H96: 0.36 | I96: 0.7 | J96: 0.37 | K96: 0 | L96: 0 | M96: 1.06 | N96: 1.41 | O96: 1.8 | P96: 1.2 | Q96: =SUM(C96:P96) -> 39.44
A97: 9E | B97: PROVIDENCE HALL | C97: 0 | D97: 0 | E97: 0.5 | F97: 26 | G97: 0 | H97: 1 | I97: 1 | J97: 0 | K97: 0.5 | L97: 0 | M97: 0 | N97: 0 | O97: 0 | P97: 0 | Q97: =SUM(C97:P97) -> 29
A98: 5G | B98: QUAIL RUN PRIMARY SCHOOL | C98: 0 | D98: 0 | E98: 2.56 | F98: 12.72 | G98: 8.58 | H98: 1.75 | I98: 0 | J98: 0 | K98: 0 | L98: 0.25 | M98: 0 | N98: 0 | O98: 0.75 | P98: 0 | Q98: =SUM(C98:P98) -> 26.61
A99: 1F | B99: QUEST ACADEMY | C99: 0 | D99: 0 | E99: 1.5 | F99: 20.4 | G99: 1.7 | H99: 2.4 | I99: 0 | J99: 0 | K99: 0 | L99: 0 | M99: 0.5 | N99: 1 | O99: 0 | P99: 0 | Q99: =SUM(C99:P99) -> 27.5
A100: A2 | B100: RANCHES ACADEMY | C100: 0 | D100: 0 | E100: 1 | F100: 12.67 | G100: 0 | H100: 1.25 | I100: 0 | J100: 0 | K100: 0 | L100: 0 | M100: 0 | N100: 0 | O100: 0.75 | P100: 0 | Q100: =SUM(C100:P100) -> 15.67
A101: 7B | B101: REAGAN ACADEMY | C101: 0 | D101: 0 | E101: 2 | F101: 25.14 | G101: 6.82 | H101: 3 | I101: 0.8 | J101: 0 | K101: 0 | L101: 0 | M101: 1 | N101: 0 | O101: 2 | P101: 0 | Q101: =SUM(C101:P101) -> 40.76
A102: 1D | B102: RENAISSANCE ACADEMY | C102: 0 | D102: 0 | E102: 1.49 | F102: 17.95 | G102: 13.53 | H102: 1 | I102: 0.1 | J102: 0 | K102: 0.23 | L102: 0.23 | M102: 1 | N102: 0.5 | O102: 0 | P102: 0 | Q102: =SUM(C102:P102) -> 36.03
A103: 2F | B103: ROCKWELL CHARTER HIGH SCHOOL | C103: 0 | D103: 0 | E103: 0 | F103: 0 | G103: 16.08 | H103: 2.88 | I103: 1.07 | J103: 0 | K103: 0 | L103: 0.6 | M103: 0 | N103: 0.17 | O103: 0.9 | P103: 0 | Q103: =SUM(C103:P103) -> 21.7
A104: 97 | B104: SALT LAKE ARTS ACADEMY | C104: 0 | D104: 0 | E104: 0 | F104: 2.1 | G104: 12.56 | H104: 1 | I104: 0 | J104: 0 | K104: 0 | L104: 0 | M104: 0 | N104: 0 | O104: 1 | P104: 0 | Q104: =SUM(C104:P104) -> 16.66
A105: 4F | B105: SALT LAKE CENTER FOR SCIENCE EDUCATION | C105: 0 | D105: 0 | E105: 0 | F105: 2 | G105: 11.58 | H105: 1.17 | I105: 0 | J105: 0 | K105: 0 | L105: 0 | M105: 0 | N105: 1 | O105: 0 | P105: 0 | Q105: =SUM(C105:P105) -> 15.75
A106: 7D | B106: SALT LAKE SCHOOL FOR THE PERFORMING ARTS | C106: 0 | D106: 0 | E106: 0 | F106: 0 | G106: 4.25 | H106: 0 | I106: 0 | J106: 0 | K106: 0 | L106: 1 | M106: 0 | N106: 0 | O106: 1 | P106: 0 | Q106: =SUM(C106:P106) -> 6.25
A107: 89 | B107: SOLDIER HOLLOW CHARTER SCHOOL | C107: 0 | D107: 0 | E107: 2 | F107: 14 | G107: 0 | H107: 1 | I107: 0 | J107: 0 | K107: 0 | L107: 0 | M107: 0 | N107: 0 | O107: 1 | P107: 0.25 | Q107: =SUM(C107:P107) -> 18.25
A108: 3D | B108: SPECTRUM ACADEMY | C108: 0 | D108: 0 | E108: 0 | F108: 1.5 | G108: 4 | H108: 21.5 | I108: 0 | J108: 0 | K108: 0 | L108: 0 | M108: 0 | N108: 0 | O108: 1.11 | P108: 2 | Q108: =SUM(C108:P108) -> 30.11
A109: A9 | B109: SUCCESS ACADEMY | C109: 0 | D109: 0 | E109: 0 | F109: 0 | G109: 7.14 | H109: 0 | I109: 0 | J109: 0 | K109: 0 | L109: 0 | M109: 0 | N109: 0 | O109: 1 | P109: 0 | Q109: =SUM(C109:P109) -> 8.14
A110: 88 | B110: SUCCESS SCHOOL | C110: 0 | D110: 0 | E110: 0 | F110: 0 | G110: 0 | H110: 0 | I110: 2 | J110: 0 | K110: 0 | L110: 0 | M110: 0 | N110: 0 | O110: 0 | P110: 0 | Q110: =SUM(C110:P110) -> 2
A111: A4 | B111: SUMMIT ACADEMY | C111: 0 | D111: 0 | E111: 2.5 | F111: 27.8 | G111: 11.18 | H111: 4.25 | I111: 0.49 | J111: 2 | K111: 0 | L111: 1 | M111: 0 | N111: 0 | O111: 3 | P111: 2 | Q111: =SUM(C111:P111) -> 54.22
A112: 7G | B112: SUMMIT ACADEMY HIGH SCHOOL | C112: 0 | D112: 0 | E112: 0 | F112: 0 | G112: 7.63 | H112: 0 | I112: 0.37 | J112: 0 | K112: 0 | L112: 0 | M112: 0 | N112: 0 | O112: 1 | P112: 0 | Q112: =SUM(C112:P112) -> 9
A113: 4D | B113: SYRACUSE ARTS ACADEMY | C113: 0 | D113: 0 | E113: 3 | F113: 27 | G113: 13.25 | H113: 2.5 | I113: 0 | J113: 0 | K113: 0 | L113: 1 | M113: 0 | N113: 0 | O113: 3.3 | P113: 0 | Q113: =SUM(C113:P113) -> 50.05
A114: 94 | B114: THOMAS EDISON - NORTH | C114: 0 | D114: 0 | E114: 3 | F114: 29.04 | G114: 17.52 | H114: 3 | I114: 0 | J114: 1 | K114: 0 | L114: 1 | M114: 2 | N114: 0 | O114: 3 | P114: 1.5 | Q114: =SUM(C114:P114) -> 61.06
A115: 95 | B115: TIMPANOGOS ACADEMY | C115: 0 | D115: 0 | E115: 1 | F115: 16 | G115: 3.3 | H115: 1 | I115: 0 | J115: 0 | K115: 0 | L115: 0 | M115: 0 | N115: 0 | O115: 1 | P115: 0 | Q115: =SUM(C115:P115) -> 22.3
A116: 90 | B116: TUACAHN HIGH SCHOOL FOR THE PERFORMING ARTS | C116: 0 | D116: 0 | E116: 0 | F116: 0 | G116: 12.3 | H116: 0.25 | I116: 0 | J116: 0 | K116: 0 | L116: 1 | M116: 0.83 | N116: 0.8 | O116: 2.29 | P116: 0 | Q116: =SUM(C116:P116) -> 17.47
A117: 92 | B117: UINTAH RIVER HIGH | C117: 0 | D117: 0 | E117: 0 | F117: 0 | G117: 7.14 | H117: 0.53 | I117: 0 | J117: 0 | K117: 0 | L117: 1.5 | M117: 0 | N117: 0 | O117: 1 | P117: 0 | Q117: =SUM(C117:P117) -> 10.17
A118: 1B | B118: UTAH COUNTY ACADEMY OF SCIENCE (UCAS) | C118: 0 | D118: 0 | E118: 0 | F118: 0 | G118: 10.63 | H118: 0.5 | I118: 1.67 | J118: 0 | K118: 0 | L118: 2.59 | M118: 0 | N118: 0 | O118: 1.29 | P118: 0 | Q118: =SUM(C118:P118) -> 16.68
A119: 5F | B119: UTAH VIRTUAL ACADEMY | C119: 0 | D119: 0 | E119: 1 | F119: 10.1 | G119: 16.64 | H119: 7.5 | I119: 6.9 | J119: 2 | K119: 0 | L119: 0 | M119: 0 | N119: 1.5 | O119: 2.7 | P119: 0 | Q119: =SUM(C119:P119) -> 48.34
A120: 3F | B120: VENTURE ACADEMY | C120: 0 | D120: 0 | E120: 0.5 | F120: 11.1 | G120: 8.95 | H120: 2 | I120: 0.5 | J120: 0 | K120: 0 | L120: 0 | M120: 0 | N120: 0 | O120: 1 | P120: 0 | Q120: =SUM(C120:P120) -> 24.05
A121: 2G | B121: VISTA AT ENTRADA SCHOOL OF PERFORMING ARTS AND TECHNOLOGY | C121: 0 | D121: 0 | E121: 2 | F121: 25.19 | G121: 2.89 | H121: 3 | I121: 6.33 | J121: 0 | K121: 0.63 | L121: 0 | M121: 0 | N121: 1 | O121: 1.3 | P121: 1 | Q121: =SUM(C121:P121) -> 43.34
A122: 81 | B122: WALDEN SCHOOL OF LIBERAL ARTS | C122: 0 | D122: 0 | E122: 1 | F122: 4.92 | G122: 12.94 | H122: 1.75 | I122: 0 | J122: 0 | K122: 0 | L122: 0.25 | M122: 0 | N122: 0 | O122: 1 | P122: 0 | Q122: =SUM(C122:P122) -> 21.86
A123: 4B | B123: WASATCH PEAK ACADEMY | C123: 0 | D123: 0 | E123: 1 | F123: 14.5 | G123: 0 | H123: 1.5 | I123: 0 | J123: 0 | K123: 0 | L123: 0 | M123: 0 | N123: 0 | O123: 1 | P123: 0 | Q123: =SUM(C123:P123) -> 18
A124: 6G | B124: WEILENMANN SCHOOL OF DISCOVERY | C124: 0 | D124: 0 | E124: 3 | F124: 16 | G124: 7.7 | H124: 1.5 | I124: 0 | J124: 0 | K124: 0 | L124: 0 | M124: 0.5 | N124: 0 | O124: 1.38 | P124: 0 | Q124: =SUM(C124:P124) -> 30.08
B125: Charter School Total | C125: =SUM(C49:C124) -> 0 | D125: =SUM(D49:D124) -> 0 | E125: =SUM(E49:E124) -> 93.02 | F125: =SUM(F49:F124) -> 876.12 | G125: =SUM(G49:G124) -> 698.7 | H125: =SUM(H49:H124) -> 138.41 | I125: =SUM(I49:I124) -> 46.98 | J125: =SUM(J49:J124) -> 22.78 | ... P125: =SUM(P49:P124) -> 16.88 | Q125: =SUM(C125:P125) -> 2072.03
B126: Utah Schools For the Deaf and Blind | C126: 0 | D126: 21.06 | E126: 0 | F126: 0 | G126: 1 | H126: 91.21 | I126: 9.36 | J126: 15.79 | K126: 1 | L126: 0 | M126: 1 | N126: 2 | O126: 0 | P126: 15.52 | Q126: =SUM(C126:P126) -> 157.94
B127: State Total | C127: =SUM(C48+C125+C126) -> 28.56 | D127: =SUM(D48+D125+D126) -> 245.46 | E127: =SUM(E48+E125+E126) -> 1276.58 | F127: =SUM(F48+F125+F126) -> 11329.31 | G127: =SUM(G48+G125+G126) -> 10132.96 | H127: =SUM(H48+H125+H126) -> 2777.11 | I127: =SUM(I48+I125+I126) -> 1215.64 | J127: =SUM(J48+J125+J126) -> 508.58 | ... P127: =SUM(P48+P125+P126) -> 979.92 | Q127: =SUM(C127:P127) -> 31181.22

Sheet Classified FTEs
B5: Local Education Agencies | C5: 1000 Instruction | D5: 2100 Students | F5: 2200 Instructional Staff | H5: 2300 District Gen. Admin. | J5: 2400 Sch. Admin. | K5: 2500 Business | Q5: 2600 Maintenance & Operation | U5: 2700 Student Transportation | AA5: 2900 Other | AD5: 3100 School Food Services | AH5: 3300 Community Services | AJ5: 4000 Facilities Acquisition/Construction
C6: Tchr. Aides & Para-Professional | D6: Health Services Personnel | E6: Secretary/Clerical | F6: Secretary/Clerical | G6: Media Center Aides | H6: Supv. And Directors | I6: Secretary/Clerical | J6: Secretary/Clerical | K6: School Bus. Admin. | L6: Supv. And Directors | M6: Accounting Personnel | N6: Secretary/Clerical | O6: Other Peronnel | P6: TOTAL BUSINESS | Q6: Secretary/Clerical | R6: Supervisors | S6: Custodians/Maintenance | T6: Total M & O | U6: Secretary/Clerical | V6: Supervisors | W6: Bus Drivers | X6: Mechanics/Garage Personnel | Y6: Other Personnel | Z6: TOTAL TRANS. | AA6: Supv. And Directors | AB6: Other Personnel | AC6: TOTAL OTHER | AD6: Supv. And Directors | AE6: Secretary/Clerical | AF6: Food Service Personnel | AG6: TOTAL SCHOOL FOODS | AH6: Secretary/Clerical | AI6: Other Personnel | AJ6: Building/Construction | AK6: Supv. And Directors | AL6: TOTAL FACILITY/CONSTR. | AM6: TOTAL CLASSIFIED PERSONNEL
A7: 1 | B7: ALPINE DISTRICT | C7: 830.99 | D7: 0 | E7: 34.82 | F7: 29.25 | G7: 69 | H7: 0 | I7: 1 | J7: 210.64 | K7: 1 | L7: 8 | M7: 3 | N7: 11.21 | O7: 75 | P7: =SUM(K7:O7) -> 98.21 | Q7: 2 | R7: 8 | S7: 360.55 | T7: =SUM(Q7:S7) -> 370.55 | U7: 5.84 | V7: 4 | W7: 227.74 | X7: 7 | Y7: 59.62 | Z7: =SUM(U7:Y7) -> 304.2 | AA7: 0 | AB7: 0 | AC7: =SUM(AA7:AB7) -> 0 | AD7: 5 | AE7: 2 | AF7: 333.19 | AG7: =SUM(AD7:AF7) -> 340.19 | AH7: 0 | AI7: 0 | AJ7: 0 | AK7: 0 | AL7: =SUM(AH7:AK7) -> 0 | AM7: =SUM(C7+D7+E7+F7+G7+H7+I7+J7+P7+T7+Z7+AC7+AG7+AL7) -> 2288.85
A8: 2 | B8: BEAVER DISTRICT | C8: 34 | D8: 0.2 | E8: 0 | F8: 0 | G8: 3 | H8: 0 | I8: 1 | J8: 6.3 | K8: 0 | L8: 0 | M8: 0 | N8: 0.75 | O8: 0 | P8: =SUM(K8:O8) -> 0.75 | Q8: 0 | R8: 1 | S8: 10.53 | T8: =SUM(Q8:S8) -> 11.53 | U8: 0 | V8: 0 | W8: 4.2 | X8: 0.79 | Y8: 0 | Z8: =SUM(U8:Y8) -> 4.99 | AA8: 0 | AB8: 0 | AC8: =SUM(AA8:AB8) -> 0 | AD8: 0 | AE8: 0.25 | AF8: 7.95 | AG8: =SUM(AD8:AF8) -> 8.2 | AH8: 0 | AI8: 0 | AJ8: 0 | AK8: 0 | AL8: =SUM(AH8:AK8) -> 0 | AM8: =SUM(C8+D8+E8+F8+G8+H8+I8+J8+P8+T8+Z8+AC8+AG8+AL8) -> 69.97
A9: 3 | B9: BOX ELDER DISTRICT | C9: 409 | D9: 5 | E9: 8 | F9: 5 | G9: 10 | H9: 1 | I9: 2 | J9: 37 | K9: 1 | L9: 2 | M9: 6 | N9: 4 | O9: 0 | P9: =SUM(K9:O9) -> 13 | Q9: 1 | R9: 0 | S9: 75 | T9: =SUM(Q9:S9) -> 76 | U9: 2 | V9: 1 | W9: 89 | X9: 2 | Y9: 19 | Z9: =SUM(U9:Y9) -> 113 | AA9: 0 | AB9: 0 | AC9: =SUM(AA9:AB9) -> 0 | AD9: 1 | AE9: 1 | AF9: 106 | AG9: =SUM(AD9:AF9) -> 108 | AH9: 2 | AI9: 75 | AJ9: 0 | AK9: 0 | AL9: =SUM(AH9:AK9) -> 77 | AM9: =SUM(C9+D9+E9+F9+G9+H9+I9+J9+P9+T9+Z9+AC9+AG9+AL9) -> 864
A10: 4 | B10: CACHE DISTRICT | C10: 357.78 | D10: 2.5 | E10: 0.39 | F10: 0 | G10: 0 | H10: 0 | I10: 12.07 | J10: 42.35 | K10: 1 | L10: 1 | M10: 1 | N10: 2.86 | O10: 0 | P10: =SUM(K10:O10) -> 5.86 | Q10: 0 | R10: 10 | S10: 86.81 | T10: =SUM(Q10:S10) -> 96.81 | U10: 1.71 | V10: 3.66 | W10: 80.55 | X10: 5 | Y10: 1.71 | Z10: =SUM(U10:Y10) -> 92.63 | AA10: 2 | AB10: 17.42 | AC10: =SUM(AA10:AB10) -> 19.42 | AD10: 25 | AE10: 1 | AF10: 52.35 | AG10: =SUM(AD10:AF10) -> 78.35 | AH10: 0 | AI10: 0 | AJ10: 1.57 | AK10: 0 | AL10: =SUM(AH10:AK10) -> 1.57 | AM10: =SUM(C10+D10+E10+F10+G10+H10+I10+J10+P10+T10+Z10+AC10+AG10+AL10) -> 709.73
A11: 42 | B11: CANYONS DISTRICT | C11: 130.38 | D11: 18.4 | E11: 6 | F11: 17.5 | G11: 30.31 | H11: 5 | I11: 7 | J11: 84 | K11: 1 | L11: 14 | M11: 2 | N11: 27 | O11: 14 | P11: =SUM(K11:O11) -> 58 | Q11: 3 | R11: 12 | S11: 164 | T11: =SUM(Q11:S11) -> 179 | U11: 3 | V11: 1 | W11: 82.53 | X11: 10 | Y11: 6 | Z11: =SUM(U11:Y11) -> 102.53 | AA11: 0 | AB11: 0 | AC11: =SUM(AA11:AB11) -> 0 | AD11: 1 | AE11: 2 | AF11: 122.31 | AG11: =SUM(AD11:AF11) -> 125.31 | AH11: 9.5 | AI11: 51.98 | AJ11: 9 | AK11: 1 | AL11: =SUM(AH11:AK11) -> 71.48 | AM11: =SUM(C11+D11+E11+F11+G11+H11+I11+J11+P11+T11+Z11+AC11+AG11+AL11) -> 834.91
A12: 5 | B12: CARBON DISTRICT | C12: 82.17 | D12: 0 | E12: 0 | F12: 3.39 | G12: 0 | H12: 0 | I12: 1.74 | J12: 15.12 | K12: 1 | L12: 0 | M12: 2.24 | N12: 1.31 | O12: 0 | P12: =SUM(K12:O12) -> 4.55 | Q12: 0.88 | R12: 1 | S12: 30.93 | T12: =SUM(Q12:S12) -> 32.81 | U12: 0.84 | V12: 0 | W12: 12.33 | X12: 4 | Y12: 0 | Z12: =SUM(U12:Y12) -> 17.17 | AA12: 0 | AB12: 8 | AC12: =SUM(AA12:AB12) -> 8 | AD12: 0.5 | AE12: 3.15 | AF12: 18.17 | AG12: =SUM(AD12:AF12) -> 21.82 | AH12: 0 | AI12: 0 | AJ12: 0 | AK12: 0 | AL12: =SUM(AH12:AK12) -> 0 | AM12: =SUM(C12+D12+E12+F12+G12+H12+I12+J12+P12+T12+Z12+AC12+AG12+AL12) -> 186.77
A13: 6 | B13: DAGGETT DISTRICT | C13: 7.86 | D13: 0 | E13: 0 | F13: 0 | G13: 0 | H13: 0 | I13: 1 | J13: 1.5 | K13: 0.85 | L13: 0 | M13: 0 | N13: 0 | O13: 0 | P13: =SUM(K13:O13) -> 0.85 | Q13: 0 | R13: 0 | S13: 3.46 | T13: =SUM(Q13:S13) -> 3.46 | U13: 0.15 | V13: 0 | W13: 1.53 | X13: 0.77 | Y13: 0 | Z13: =SUM(U13:Y13) -> 2.45 | AA13: 0 | AB13: 0 | AC13: =SUM(AA13:AB13) -> 0 | AD13: 0.13 | AE13: 0 | AF13: 1.76 | AG13: =SUM(AD13:AF13) -> 1.89 | AH13: 0 | AI13: 0 | AJ13: 1 | AK13: 0 | AL13: =SUM(AH13:AK13) -> 1 | AM13: =SUM(C13+D13+E13+F13+G13+H13+I13+J13+P13+T13+Z13+AC13+AG13+AL13) -> 20.01
A14: 7 | B14: DAVIS DISTRICT | C14: 995.82 | D14: 14.93 | E14: 2.48 | F14: 55.34 | G14: 53.25 | H14: 12 | I14: 2.97 | J14: 166.81 | K14: 1 | L14: 3.97 | M14: 10.9 | N14: 35.2 | O14: 17.07 | P14: =SUM(K14:O14) -> 68.14 | Q14: 9.17 | R14: 7.92 | S14: 488.37 | T14: =SUM(Q14:S14) -> 505.46 | U14: 6.83 | V14: 1 | W14: 136.78 | X14: 10.79 | Y14: 56.44 | Z14: =SUM(U14:Y14) -> 211.84 | AA14: 4 | AB14: 47.91 | AC14: =SUM(AA14:AB14) -> 51.91 | AD14: 4 | AE14: 3.16 | AF14: 249.7 | AG14: =SUM(AD14:AF14) -> 256.86 | AH14: 0 | AI14: 0 | AJ14: 8.44 | AK14: 2 | AL14: =SUM(AH14:AK14) -> 10.44 | AM14: =SUM(C14+D14+E14+F14+G14+H14+I14+J14+P14+T14+Z14+AC14+AG14+AL14) -> 2408.25
A15: 8 | B15: DUCHESNE DISTRICT | C15: 87.1 | D15: 0.5 | E15: 0 | F15: 0 | G15: 4.4 | H15: 0 | I15: 0.5 | J15: 20.73 | K15: 1 | L15: 0 | M15: 3.5 | N15: 3 | O15: 3 | P15: =SUM(K15:O15) -> 10.5 | Q15: 0 | R15: 1 | S15: 34 | T15: =SUM(Q15:S15) -> 35 | U15: 0 | V15: 1 | W15: 19.6 | X15: 3.38 | Y15: 0 | Z15: =SUM(U15:Y15) -> 23.98 | AA15: 0 | AB15: 0 | AC15: =SUM(AA15:AB15) -> 0 | AD15: 1 | AE15: 1 | AF15: 26.14 | AG15: =SUM(AD15:AF15) -> 28.14 | AH15: 0 | AI15: 0 | AJ15: 4 | AK15: 0 | AL15: =SUM(AH15:AK15) -> 4 | AM15: =SUM(C15+D15+E15+F15+G15+H15+I15+J15+P15+T15+Z15+AC15+AG15+AL15) -> 214.85
A16: 9 | B16: EMERY DISTRICT | C16: 40.26 | D16: 0 | E16: 0 | F16: 0 | G16: 8.5 | H16: 0 | I16: 1 | J16: 11 | K16: 1 | L16: 0 | M16: 2 | N16: 0 | O16: 0 | P16: =SUM(K16:O16) -> 3 | Q16: 1 | R16: 0 | S16: 27 | T16: =SUM(Q16:S16) -> 28 | U16: 1 | V16: 1 | W16: 8.42 | X16: 1 | Y16: 0 | Z16: =SUM(U16:Y16) -> 11.42 | AA16: 0 | AB16: 0 | AC16: =SUM(AA16:AB16) -> 0 | AD16: 1 | AE16: 0 | AF16: 14.25 | AG16: =SUM(AD16:AF16) -> 15.25 | AH16: 0 | AI16: 0 | AJ16: 0 | AK16: 1 | AL16: =SUM(AH16:AK16) -> 1 | AM16: =SUM(C16+D16+E16+F16+G16+H16+I16+J16+P16+T16+Z16+AC16+AG16+AL16) -> 119.43
A17: 10 | B17: GARFIELD DISTRICT | C17: 26.5 | D17: 0 | E17: 0 | F17: 0 | G17: 1.5 | H17: 0 | I17: 0.5 | J17: 5.7 | K17: 1 | L17: 1 | M17: 3 | N17: 0 | O17: 0 | P17: =SUM(K17:O17) -> 5 | Q17: 0 | R17: 0 | S17: 9.3 | T17: =SUM(Q17:S17) -> 9.3 | U17: 0.5 | V17: 0 | W17: 3 | X17: 0 | Y17: 0 | Z17: =SUM(U17:Y17) -> 3.5 | AA17: 0 | AB17: 0 | AC17: =SUM(AA17:AB17) -> 0 | AD17: 0 | AE17: 0 | AF17: 6.8 | AG17: =SUM(AD17:AF17) -> 6.8 | AH17: 0 | AI17: 0 | AJ17: 0 | AK17: 0 | AL17: =SUM(AH17:AK17) -> 0 | AM17: =SUM(C17+D17+E17+F17+G17+H17+I17+J17+P17+T17+Z17+AC17+AG17+AL17) -> 58.8
A18: 11 | B18: GRAND DISTRICT | C18: 24.06 | D18: 0 | E18: 4 | F18: 1 | G18: 2.63 | H18: 0.25 | I18: 1 | J18: 5 | K18: 0 | L18: 0 | M18: 1 | N18: 2.25 | O18: 0 | P18: =SUM(K18:O18) -> 3.25 | Q18: 0 | R18: 1 | S18: 14.5 | T18: =SUM(Q18:S18) -> 15.5 | U18: 0 | V18: 1 | W18: 8 | X18: 1 | Y18: 0 | Z18: =SUM(U18:Y18) -> 10 | AA18: 0 | AB18: 0 | AC18: =SUM(AA18:AB18) -> 0 | AD18: 1 | AE18: 0 | AF18: 11.38 | AG18: =SUM(AD18:AF18) -> 12.38 | AH18: 0 | AI18: 8.5 | AJ18: 0 | AK18: 1 | AL18: =SUM(AH18:AK18) -> 9.5 | AM18: =SUM(C18+D18+E18+F18+G18+H18+I18+J18+P18+T18+Z18+AC18+AG18+AL18) -> 88.57
... A47: 35 | B47: WEBER DISTRICT | C47: 383.9 | D47: 12.7 | E47: 12.53 | F47: 9.75 | G47: 27.7 | H47: 2.33 | I47: 6.92 | J47: 63 | K47: 0 | L47: 0 | M47: 12.94 | N47: 2 | O47: 0 | P47: =SUM(K47:O47) -> 14.94 | Q47: 2 | R47: 2 | S47: 141.38 | T47: =SUM(Q47:S47) -> 145.38 | U47: 2 | V47: 2 | W47: 89.72 | X47: 8 | Y47: 0 | Z47: =SUM(U47:Y47) -> 101.72 | AA47: 0 | AB47: 0 | AC47: =SUM(AA47:AB47) -> 0 | AD47: 3 | AE47: 1 | AF47: 181.38 | AG47: =SUM(AD47:AF47) -> 185.38 | AH47: 0 | AI47: 0 | AJ47: 4 | AK47: 0 | AL47: =SUM(AH47:AK47) -> 4 | AM47: =SUM(C47+D47+E47+F47+G47+H47+I47+J47+P47+T47+Z47+AC47+AG47+AL47) -> 970.25
B48: DISTRICT TOTAL | C48: =SUM(C7:C47) -> 7649.45 | D48: =SUM(D7:D47) -> 129.08 | E48: =SUM(E7:E47) -> 218.84 | F48: =SUM(F7:F47) -> 339.62 | G48: =SUM(G7:G47) -> 449.84 | H48: =SUM(H7:H47) -> 29.66 | I48: =SUM(I7:I47) -> 105.17 | J48: =SUM(J7:J47) -> 1541.46 | ... O48: =SUM(O7:O47) -> 218.74 | P48: =SUM(K48:O48) -> 629.42 | Q48: =SUM(Q7:Q47) -> 51.69 | R48: =SUM(R7:R47) -> 108.23 | S48: =SUM(S7:S47) -> 3348.32 | T48: =SUM(T7:T47) -> 3508.24 | U48: =SUM(U7:U47) -> 81.3 | V48: =SUM(V7:V47) -> 37.45 | W48: =SUM(W7:W47) -> 1480.61 | X48: =SUM(X7:X47) -> 123.92 | ... AL48: =SUM(AL7:AL47) -> 374.7 | AM48: =SUM(C48+D48+E48+F48+G48+H48+I48+J48+P48+T48+Z48+AC48+AG48+AL48) -> 20082.5
A49: 83 | B49: ACADEMY FOR MATH ENGINEERING & SCIENCE (AMES) | C49: 2.45 | D49: 0 | E49: 0 | F49: 0 | G49: 0 | H49: 0 | I49: 0.8 | J49: 0.84 | K49: 1 | L49: 0 | M49: 0.13 | N49: 0 | O49: 0.69 | P49: =SUM(K49:O49) -> 1.82 | Q49: 0 | R49: 0 | S49: 0 | T49: =SUM(Q49:S49) -> 0 | U49: 0 | V49: 0 | W49: 0 | X49: 0 | Y49: 0 | Z49: =SUM(U49:Y49) -> 0 | AA49: 0 | AB49: 0 | AC49: =SUM(AA49:AB49) -> 0 | AD49: 0 | AE49: 0 | AF49: 0 | AG49: =SUM(AD49:AF49) -> 0 | AH49: 0 | AI49: 0 | AJ49: 0 | AK49: 0 | AL49: =SUM(AH49:AK49) -> 0 | AM49: =SUM(C49+D49+E49+F49+G49+H49+I49+J49+P49+T49+Z49+AC49+AG49+AL49) -> 5.91
A50: 8B | B50: AMERICAN LEADERSHIP ACADEMY | C50: 0 | D50: 0 | E50: 5 | F50: 0 | G50: 0 | H50: 1 | I50: 2 | J50: 1 | K50: 1 | L50: 0 | M50: 0 | N50: 1 | O50: 0 | P50: =SUM(K50:O50) -> 2 | Q50: 0 | R50: 0 | S50: 3 | T50: =SUM(Q50:S50) -> 3 | U50: 0 | V50: 0 | W50: 0 | X50: 0 | Y50: 0 | Z50: =SUM(U50:Y50) -> 0 | AA50: 0 | AB50: 0 | AC50: =SUM(AA50:AB50) -> 0 | AD50: 0 | AE50: 0 | AF50: 0 | AG50: =SUM(AD50:AF50) -> 0 | AH50: 0 | AI50: 0 | AJ50: 0 | AK50: 0 | AL50: =SUM(AH50:AK50) -> 0 | AM50: =SUM(C50+D50+E50+F50+G50+H50+I50+J50+P50+T50+Z50+AC50+AG50+AL50) -> 14
A51: 74 | B51: AMERICAN PREPARATORY ACADEMY | C51: 12.88 | D51: 0 | E51: 0 | F51: 2.49 | G51: 0 | H51: 0 | I51: 0 | J51: 7.4 | K51: 0 | L51: 0 | M51: 0 | N51: 0 | O51: 0 | P51: =SUM(K51:O51) -> 0 | Q51: 3.86 | R51: 0 | S51: 3.81 | T51: =SUM(Q51:S51) -> 7.67 | U51: 0 | V51: 0 | W51: 3.68 | X51: 0 | Y51: 0 | Z51: =SUM(U51:Y51) -> 3.68 | AA51: 0 | AB51: 0 | AC51: =SUM(AA51:AB51) -> 0 | AD51: 0 | AE51: 0 | AF51: 0.63 | AG51: =SUM(AD51:AF51) -> 0.63 | AH51: 0 | AI51: 0 | AJ51: 0 | AK51: 0 | AL51: =SUM(AH51:AK51) -> 0 | AM51: =SUM(C51+D51+E51+F51+G51+H51+I51+J51+P51+T51+Z51+AC51+AG51+AL51) -> 34.75
A52: 3G | B52: BEAR RIVER CHARTER SCHOOL | C52: 2.5 | D52: 0 | E52: 0 | F52: 0 | G52: 0 | H52: 0 | I52: 0 | J52: 1 | K52: 0 | L52: 0 | M52: 0 | N52: 0 | O52: 0 | P52: =SUM(K52:O52) -> 0 | Q52: 0 | R52: 0 | S52: 0.75 | T52: =SUM(Q52:S52) -> 0.75 | U52: 0 | V52: 0 | W52: 0 | X52: 0 | Y52: 0 | Z52: =SUM(U52:Y52) -> 0 | AA52: 0 | AB52: 0 | AC52: =SUM(AA52:AB52) -> 0 | AD52: 0 | AE52: 0 | AF52: 0.25 | AG52: =SUM(AD52:AF52) -> 0.25 | AH52: 0 | AI52: 0.5 | AJ52: 0 | AK52: 0 | AL52: =SUM(AH52:AK52) -> 0.5 | AM52: =SUM(C52+D52+E52+F52+G52+H52+I52+J52+P52+T52+Z52+AC52+AG52+AL52) -> 5
A53: 3B | B53: BEEHIVE SCIENCE & TECHNOLOGY ACADEMY (BSTA) | C53: 0 | D53: 0 | E53: 0.43 | F53: 0.57 | G53: 0 | H53: 0 | I53: 0 | J53: 1 | K53: 0.35 | L53: 0 | M53: 0 | N53: 0 | O53: 0 | P53: =SUM(K53:O53) -> 0.35 | Q53: 0 | R53: 0 | S53: 0 | T53: =SUM(Q53:S53) -> 0 | U53: 0 | V53: 0 | W53: 0 | X53: 0 | Y53: 0 | Z53: =SUM(U53:Y53) -> 0 | AA53: 0 | AB53: 0 | AC53: =SUM(AA53:AB53) -> 0 | AD53: 0 | AE53: 0 | AF53: 0 | AG53: =SUM(AD53:AF53) -> 0 | AH53: 0 | AI53: 0 | AJ53: 0 | AK53: 0 | AL53: =SUM(AH53:AK53) -> 0 | AM53: =SUM(C53+D53+E53+F53+G53+H53+I53+J53+P53+T53+Z53+AC53+AG53+AL53) -> 2.35
A54: 9D | B54: CANYON RIM ACADEMY | P54: =SUM(K54:O54) -> 0 | T54: =SUM(Q54:S54) -> 0 | Z54: =SUM(U54:Y54) -> 0 | AC54: =SUM(AA54:AB54) -> 0 | AG54: =SUM(AD54:AF54) -> 0 | AL54: =SUM(AH54:AK54) -> 0 | AM54: =SUM(C54+D54+E54+F54+G54+H54+I54+J54+P54+T54+Z54+AC54+AG54+AL54) -> 0
A55: 2D | B55: CHANNING HALL | C55: 11.7 | D55: 0 | E55: 0 | F55: 0 | G55: 1.5 | H55: 0 | I55: 0 | J55: 2 | K55: 1 | L55: 0 | M55: 0.45 | N55: 0 | O55: 0 | P55: =SUM(K55:O55) -> 1.45 | Q55: 0 | R55: 1 | S55: 2 | T55: =SUM(Q55:S55) -> 3 | U55: 0 | V55: 0 | W55: 0 | X55: 0 | Y55: 0 | Z55: =SUM(U55:Y55) -> 0 | AA55: 0 | AB55: 0 | AC55: =SUM(AA55:AB55) -> 0 | AD55: 1 | AE55: 0 | AF55: 0.95 | AG55: =SUM(AD55:AF55) -> 1.95 | AH55: 0 | AI55: 0 | AJ55: 0 | AK55: 0 | AL55: =SUM(AH55:AK55) -> 0 | AM55: =SUM(C55+D55+E55+F55+G55+H55+I55+J55+P55+T55+Z55+AC55+AG55+AL55) -> 21.6
A56: 87 | B56: CITY ACADEMY | C56: 6.4 | D56: 0 | E56: 0 | F56: 0 | G56: 0.81 | H56: 0 | I56: 0 | J56: 1.17 | K56: 1 | L56: 0 | M56: 0 | N56: 0 | O56: 0 | P56: =SUM(K56:O56) -> 1 | Q56: 0 | R56: 1 | S56: 0.59 | T56: =SUM(Q56:S56) -> 1.59 | U56: 0 | V56: 0 | W56: 0 | X56: 0 | Y56: 0 | Z56: =SUM(U56:Y56) -> 0 | AA56: 0 | AB56: 0 | AC56: =SUM(AA56:AB56) -> 0 | AD56: 0 | AE56: 0 | AF56: 0 | AG56: =SUM(AD56:AF56) -> 0 | AH56: 0 | AI56: 0 | AJ56: 0 | AK56: 0 | AL56: =SUM(AH56:AK56) -> 0 | AM56: =SUM(C56+D56+E56+F56+G56+H56+I56+J56+P56+T56+Z56+AC56+AG56+AL56) -> 10.97
A57: 3E | B57: CS LEWIS ACADEMY | C57: 1.83 | D57: 0 | E57: 0 | F57: 0 | G57: 0 | H57: 2 | I57: 0 | J57: 1.28 | K57: 1 | L57: 0 | M57: 0 | N57: 0 | O57: 0 | P57: =SUM(K57:O57) -> 1 | Q57: 0 | R57: 0 | S57: 0.18 | T57: =SUM(Q57:S57) -> 0.18 | U57: 0 | V57: 0 | W57: 0.73 | X57: 0 | Y57: 0 | Z57: =SUM(U57:Y57) -> 0.73 | AA57: 0 | AB57: 0 | AC57: =SUM(AA57:AB57) -> 0 | AD57: 0 | AE57: 0 | AF57: 1.41 | AG57: =SUM(AD57:AF57) -> 1.41 | AH57: 0 | AI57: 0 | AJ57: 0 | AK57: 0 | AL57: =SUM(AH57:AK57) -> 0 | AM57: =SUM(C57+D57+E57+F57+G57+H57+I57+J57+P57+T57+Z57+AC57+AG57+AL57) -> 8.43
A58: A3 | B58: DAVINCI ACADEMY | C58: 0 | D58: 0 | E58: 0 | F58: 0 | G58: 0.5 | H58: 0 | I58: 0.1 | J58: 1.6 | K58: 0 | L58: 0.5 | M58: 0 | N58: 0 | O58: 0 | P58: =SUM(K58:O58) -> 0.5 | Q58: 0 | R58: 0 | S58: 1 | T58: =SUM(Q58:S58) -> 1 | U58: 0 | V58: 0 | W58: 0 | X58: 0 | Y58: 0 | Z58: =SUM(U58:Y58) -> 0 | AA58: 0 | AB58: 0 | AC58: =SUM(AA58:AB58) -> 0 | AD58: 0 | AE58: 0 | AF58: 2.8 | AG58: =SUM(AD58:AF58) -> 2.8 | AH58: 0 | AI58: 0 | AJ58: 0 | AK58: 0 | AL58: =SUM(AH58:AK58) -> 0 | AM58: =SUM(C58+D58+E58+F58+G58+H58+I58+J58+P58+T58+Z58+AC58+AG58+AL58) -> 6.5
A59: 4E | B59: DUAL IMMERSION ACADEMY | C59: 3 | D59: 0 | E59: 0 | F59: 0 | G59: 0.5 | H59: 0 | I59: 0.1 | J59: 1.6 | K59: 0 | L59: 1 | M59: 0 | N59: 0 | O59: 0 | P59: =SUM(K59:O59) -> 1 | Q59: 0 | R59: 0 | S59: 1.5 | T59: =SUM(Q59:S59) -> 1.5 | U59: 0 | V59: 0 | W59: 0 | X59: 0 | Y59: 0 | Z59: =SUM(U59:Y59) -> 0 | AA59: 0 | AB59: 0 | AC59: =SUM(AA59:AB59) -> 0 | AD59: 0 | AE59: 0 | AF59: 1.5 | AG59: =SUM(AD59:AF59) -> 1.5 | AH59: 0 | AI59: 3 | AJ59: 0 | AK59: 0 | AL59: =SUM(AH59:AK59) -> 3 | AM59: =SUM(C59+D59+E59+F59+G59+H59+I59+J59+P59+T59+Z59+AC59+AG59+AL59) -> 12.2
A60: 6F | B60: EARLY LIGHT ACADEMY AT DAYBREAK | C60: 12.68 | D60: 0 | E60: 0 | F60: 0 | G60: 0 | H60: 0 | I60: 0 | J60: 2.45 | K60: 0 | L60: 0 | M60: 0 | N60: 0 | O60: 0 | P60: =SUM(K60:O60) -> 0 | Q60: 0 | R60: 0 | S60: 0 | T60: =SUM(Q60:S60) -> 0 | U60: 0 | V60: 0 | W60: 0 | X60: 0 | Y60: 0 | Z60: =SUM(U60:Y60) -> 0 | AA60: 0 | AB60: 0 | AC60: =SUM(AA60:AB60) -> 0 | AD60: 0 | AE60: 0 | AF60: 0 | AG60: =SUM(AD60:AF60) -> 0 | AH60: 0 | AI60: 0 | AJ60: 0 | AK60: 0 | AL60: =SUM(AH60:AK60) -> 0 | AM60: =SUM(C60+D60+E60+F60+G60+H60+I60+J60+P60+T60+Z60+AC60+AG60+AL60) -> 15.13
A61: A8 | B61: EAST HOLLYWOOD HIGH | C61: 2 | D61: 0 | E61: 1 | F61: 1 | G61: 0 | H61: 0.2 | I61: 0.3 | J61: 0 | K61: 0.5 | L61: 0 | M61: 0 | N61: 0.3 | O61: 0 | P61: =SUM(K61:O61) -> 0.8 | Q61: 0 | R61: 0 | S61: 1 | T61: =SUM(Q61:S61) -> 1 | U61: 0 | V61: 0 | W61: 0.3 | X61: 0 | Y61: 0 | Z61: =SUM(U61:Y61) -> 0.3 | AA61: 0 | AB61: 0 | AC61: =SUM(AA61:AB61) -> 0 | AD61: 0 | AE61: 0 | AF61: 0 | AG61: =SUM(AD61:AF61) -> 0 | AH61: 0 | AI61: 0 | AJ61: 0 | AK61: 0 | AL61: =SUM(AH61:AK61) -> 0 | AM61: =SUM(C61+D61+E61+F61+G61+H61+I61+J61+P61+T61+Z61+AC61+AG61+AL61) -> 6.6
A62: 5E | B62: EDITH BOWEN LABORATORY SCHOOL | P62: =SUM(K62:O62) -> 0 | T62: =SUM(Q62:S62) -> 0 | Z62: =SUM(U62:Y62) -> 0 | AC62: =SUM(AA62:AB62) -> 0 | AG62: =SUM(AD62:AF62) -> 0 | AL62: =SUM(AH62:AK62) -> 0 | AM62: =SUM(C62+D62+E62+F62+G62+H62+I62+J62+P62+T62+Z62+AC62+AG62+AL62) -> 0
A63: 3C | B63: ENTHEOS ACADEMY | C63: 13.5 | D63: 0 | E63: 0.75 | F63: 0 | G63: 0.75 | H63: 1 | I63: 0 | J63: 2.75 | K63: 0 | L63: 0 | M63: 0 | N63: 0 | O63: 0 | P63: =SUM(K63:O63) -> 0 | Q63: 0 | R63: 0 | S63: 0.75 | T63: =SUM(Q63:S63) -> 0.75 | U63: 0 | V63: 0 | W63: 0.1 | X63: 0 | Y63: 0 | Z63: =SUM(U63:Y63) -> 0.1 | AA63: 0 | AB63: 0 | AC63: =SUM(AA63:AB63) -> 0 | AD63: 1 | AE63: 0 | AF63: 2.25 | AG63: =SUM(AD63:AF63) -> 3.25 | AH63: 0 | AI63: 0 | AJ63: 0 | AK63: 0 | AL63: =SUM(AH63:AK63) -> 0 | AM63: =SUM(C63+D63+E63+F63+G63+H63+I63+J63+P63+T63+Z63+AC63+AG63+AL63) -> 22.85
A64: 7F | B64: EXCELSIOR ACADEMY | C64: 19 | D64: 0 | E64: 0 | F64: 0 | G64: 0 | H64: 0 | I64: 0 | J64: 4 | K64: 0 | L64: 1 | M64: 0 | N64: 0 | O64: 0 | P64: =SUM(K64:O64) -> 1 | Q64: 0 | R64: 0 | S64: 1 | T64: =SUM(Q64:S64) -> 1 | U64: 0 | V64: 0 | W64: 0 | X64: 0 | Y64: 0 | Z64: =SUM(U64:Y64) -> 0 | AA64: 0 | AB64: 0 | AC64: =SUM(AA64:AB64) -> 0 | AD64: 0 | AE64: 0 | AF64: 2 | AG64: =SUM(AD64:AF64) -> 2 | AH64: 0 | AI64: 0 | AJ64: 0 | AK64: 0 | AL64: =SUM(AH64:AK64) -> 0 | AM64: =SUM(C64+D64+E64+F64+G64+H64+I64+J64+P64+T64+Z64+AC64+AG64+AL64) -> 27
A65: 98 | B65: FAST FORWARD HIGH | C65: 3 | D65: 0 | E65: 0 | F65: 1 | G65: 0 | H65: 0.3 | I65: 0.2 | J65: 1 | K65: 0.5 | L65: 0 | M65: 0 | N65: 0.3 | O65: 0 | P65: =SUM(K65:O65) -> 0.8 | Q65: 0 | R65: 0 | S65: 1 | T65: =SUM(Q65:S65) -> 1 | U65: 0 | V65: 0 | W65: 0 | X65: 0 | Y65: 0 | Z65: =SUM(U65:Y65) -> 0 | AA65: 0 | AB65: 0 | AC65: =SUM(AA65:AB65) -> 0 | AD65: 0 | AE65: 0 | AF65: 0 | AG65: =SUM(AD65:AF65) -> 0 | AH65: 0 | AI65: 0 | AJ65: 0 | AK65: 0 | AL65: =SUM(AH65:AK65) -> 0 | AM65: =SUM(C65+D65+E65+F65+G65+H65+I65+J65+P65+T65+Z65+AC65+AG65+AL65) -> 7.3
A66: 82 | B66: FREEDOM ACADEMY | C66: 3.14 | D66: 0 | E66: 2 | F66: 0 | G66: 0 | H66: 0.3 | I66: 0.1 | J66: 0.1 | K66: 0 | L66: 0 | M66: 0.7 | N66: 0.2 | O66: 0 | P66: =SUM(K66:O66) -> 0.9 | Q66: 0 | R66: 1 | S66: 1.5 | T66: =SUM(Q66:S66) -> 2.5 | U66: 0 | V66: 0 | W66: 0 | X66: 0 | Y66: 0 | Z66: =SUM(U66:Y66) -> 0 | AA66: 0 | AB66: 0 | AC66: =SUM(AA66:AB66) -> 0 | AD66: 0.5 | AE66: 0 | AF66: 2.3 | AG66: =SUM(AD66:AF66) -> 2.8 | AH66: 0 | AI66: 0 | AJ66: 0 | AK66: 0 | AL66: =SUM(AH66:AK66) -> 0 | AM66: =SUM(C66+D66+E66+F66+G66+H66+I66+J66+P66+T66+Z66+AC66+AG66+AL66) -> 11.84
A67: 7E | B67: GATEWAY PREPARATORY ACADEMY | C67: 20 | D67: 1 | E67: 0 | F67: 0 | G67: 0 | H67: 0 | I67: 1 | J67: 0 | K67: 0 | L67: 0 | M67: 0 | N67: 0 | O67: 0 | P67: =SUM(K67:O67) -> 0 | Q67: 0 | R67: 1 | S67: 1 | T67: =SUM(Q67:S67) -> 2 | U67: 0 | V67: 0 | W67: 0 | X67: 0 | Y67: 0 | Z67: =SUM(U67:Y67) -> 0 | AA67: 0 | AB67: 0 | AC67: =SUM(AA67:AB67) -> 0 | AD67: 0 | AE67: 0 | AF67: 0 | AG67: =SUM(AD67:AF67) -> 0 | AH67: 0 | AI67: 0 | AJ67: 0 | AK67: 0 | AL67: =SUM(AH67:AK67) -> 0 | AM67: =SUM(C67+D67+E67+F67+G67+H67+I67+J67+P67+T67+Z67+AC67+AG67+AL67) -> 24
A68: 5D | B68: GEORGE WASHINGTON ACADEMY | C68: 7.84 | D68: 0 | E68: 0 | F68: 0 | G68: 0 | H68: 0 | I68: 0 | J68: 4.66 | K68: 0 | L68: 0 | M68: 0 | N68: 0 | O68: 0 | P68: =SUM(K68:O68) -> 0 | Q68: 0 | R68: 0 | S68: 1.8 | T68: =SUM(Q68:S68) -> 1.8 | U68: 0 | V68: 0 | W68: 0 | X68: 0 | Y68: 0 | Z68: =SUM(U68:Y68) -> 0 | AA68: 0 | AB68: 0 | AC68: =SUM(AA68:AB68) -> 0 | AD68: 0 | AE68: 0 | AF68: 0 | AG68: =SUM(AD68:AF68) -> 0 | AH68: 0 | AI68: 0 | AJ68: 0 | AK68: 0 | AL68: =SUM(AH68:AK68) -> 0 | AM68: =SUM(C68+D68+E68+F68+G68+H68+I68+J68+P68+T68+Z68+AC68+AG68+AL68) -> 14.3
A69: 8G | B69: GOOD FOUNDATIONS ACADEMY | C69: 2.5 | D69: 0 | E69: 0 | F69: 0 | G69: 0 | H69: 0 | I69: 0.1 | J69: 1.5 | K69: 0 | L69: 0 | M69: 0 | N69: 0 | O69: 0 | P69: =SUM(K69:O69) -> 0 | Q69: 0 | R69: 0 | S69: 0 | T69: =SUM(Q69:S69) -> 0 | U69: 0 | V69: 0 | W69: 0 | X69: 0 | Y69: 0 | Z69: =SUM(U69:Y69) -> 0 | AA69: 0 | AB69: 0 | AC69: =SUM(AA69:AB69) -> 0 | AD69: 0 | AE69: 0 | AF69: 1.2 | AG69: =SUM(AD69:AF69) -> 1.2 | AH69: 0 | AI69: 0 | AJ69: 0 | AK69: 0 | AL69: =SUM(AH69:AK69) -> 0 | AM69: =SUM(C69+D69+E69+F69+G69+H69+I69+J69+P69+T69+Z69+AC69+AG69+AL69) -> 5.3
A70: 1E | B70: GUADALUPE SCHOOL | C70: 5.75 | D70: 0 | E70: 0.4 | F70: 0 | G70: 0.5 | H70: 0.3 | I70: 0 | J70: 0.8 | K70: 0.75 | L70: 0 | M70: 0.75 | N70: 0 | O70: 0 | P70: =SUM(K70:O70) -> 1.5 | Q70: 0 | R70: 0 | S70: 0 | T70: =SUM(Q70:S70) -> 0 | U70: 0 | V70: 0 | W70: 2.1 | X70: 0 | Y70: 0 | Z70: =SUM(U70:Y70) -> 2.1 | AA70: 0 | AB70: 0 | AC70: =SUM(AA70:AB70) -> 0 | AD70: 0 | AE70: 0 | AF70: 1.38 | AG70: =SUM(AD70:AF70) -> 1.38 | AH70: 0 | AI70: 0 | AJ70: 0 | AK70: 0 | AL70: =SUM(AH70:AK70) -> 0 | AM70: =SUM(C70+D70+E70+F70+G70+H70+I70+J70+P70+T70+Z70+AC70+AG70+AL70) -> 12.73
A71: 8F | B71: HAWTHORN ACADEMY | C71: 8.26 | D71: 0 | E71: 0 | F71: 0 | G71: 0 | H71: 0 | I71: 0 | J71: 1.78 | K71: 0 | L71: 0 | M71: 0 | N71: 0 | O71: 0 | P71: =SUM(K71:O71) -> 0 | Q71: 0 | R71: 0.85 | S71: 0.38 | T71: =SUM(Q71:S71) -> 1.23 | U71: 0 | V71: 0 | W71: 0 | X71: 0 | Y71: 0 | Z71: =SUM(U71:Y71) -> 0 | AA71: 0 | AB71: 0.8 | AC71: =SUM(AA71:AB71) -> 0.8 | AD71: 0 | AE71: 0 | AF71: 0 | AG71: =SUM(AD71:AF71) -> 0 | AH71: 0 | AI71: 0 | AJ71: 0 | AK71: 0 | AL71: =SUM(AH71:AK71) -> 0 | AM71: =SUM(C71+D71+E71+F71+G71+H71+I71+J71+P71+T71+Z71+AC71+AG71+AL71) -> 12.07
A72: 2C | B72: INTECH COLLEGIATE HIGH SCHOOL | C72: 0.81 | D72: 0 | E72: 0 | F72: 0 | G72: 0 | H72: 0 | I72: 0 | J72: 0.88 | K72: 0 | L72: 0 | M72: 0 | N72: 0 | O72: 0 | P72: =SUM(K72:O72) -> 0 | Q72: 0 | R72: 0 | S72: 0 | T72: =SUM(Q72:S72) -> 0 | U72: 0 | V72: 0 | W72: 0 | X72: 0 | Y72: 0 | Z72: =SUM(U72:Y72) -> 0 | AA72: 0 | AB72: 0 | AC72: =SUM(AA72:AB72) -> 0 | AD72: 0 | AE72: 0 | AF72: 0.31 | AG72: =SUM(AD72:AF72) -> 0.31 | AH72: 0 | AI72: 0 | AJ72: 0 | AK72: 0 | AL72: =SUM(AH72:AK72) -> 0 | AM72: =SUM(C72+D72+E72+F72+G72+H72+I72+J72+P72+T72+Z72+AC72+AG72+AL72) -> 2
A73: A5 | B73: ITINERIS EARLY COLLEGE HIGH | C73: 0.5 | D73: 0 | E73: 0 | F73: 0 | G73: 0 | H73: 0 | I73: 0 | J73: 2.5 | K73: 0 | L73: 0 | M73: 0 | N73: 0 | O73: 0 | P73: =SUM(K73:O73) -> 0 | Q73: 0 | R73: 0 | S73: 0 | T73: =SUM(Q73:S73) -> 0 | U73: 0 | V73: 0 | W73: 0 | X73: 0 | Y73: 0 | Z73: =SUM(U73:Y73) -> 0 | AA73: 0 | AB73: 0 | AC73: =SUM(AA73:AB73) -> 0 | AD73: 0 | AE73: 0 | AF73: 0 | AG73: =SUM(AD73:AF73) -> 0 | AH73: 0 | AI73: 0 | AJ73: 0 | AK73: 0 | AL73: =SUM(AH73:AK73) -> 0 | AM73: =SUM(C73+D73+E73+F73+G73+H73+I73+J73+P73+T73+Z73+AC73+AG73+AL73) -> 3
A74: 93 | B74: JOHN HANCOCK CHARTER SCHOOL | C74: 4.29 | D74: 0 | E74: 0 | F74: 0 | G74: 0 | H74: 0 | I74: 0 | J74: 1 | K74: 1 | L74: 0 | M74: 0 | N74: 0 | O74: 0 | P74: =SUM(K74:O74) -> 1 | Q74: 0 | R74: 0 | S74: 0 | T74: =SUM(Q74:S74) -> 0 | U74: 0 | V74: 0 | W74: 0 | X74: 0 | Y74: 0 | Z74: =SUM(U74:Y74) -> 0 | AA74: 0 | AB74: 0 | AC74: =SUM(AA74:AB74) -> 0 | AD74: 0 | AE74: 0 | AF74: 0 | AG74: =SUM(AD74:AF74) -> 0 | AH74: 0 | AI74: 0 | AJ74: 0 | AK74: 0 | AL74: =SUM(AH74:AK74) -> 0 | AM74: =SUM(C74+D74+E74+F74+G74+H74+I74+J74+P74+T74+Z74+AC74+AG74+AL74) -> 6.29
A75: 2E | B75: KARL G MAESER PREPARATORY ACADEMY | C75: 1 | D75: 0 | E75: 0 | F75: 0 | G75: 0 | H75: 0 | I75: 1 | J75: 2 | K75: 0.1 | L75: 0 | M75: 1 | N75: 0 | O75: 0 | P75: =SUM(K75:O75) -> 1.1 | Q75: 0 | R75: 0 | S75: 0 | T75: =SUM(Q75:S75) -> 0 | U75: 0 | V75: 0 | W75: 0 | X75: 0 | Y75: 0 | Z75: =SUM(U75:Y75) -> 0 | AA75: 0 | AB75: 0 | AC75: =SUM(AA75:AB75) -> 0 | AD75: 0 | AE75: 0 | AF75: 0 | AG75: =SUM(AD75:AF75) -> 0 | AH75: 0 | AI75: 0 | AJ75: 0 | AK75: 0 | AL75: =SUM(AH75:AK75) -> 0 | AM75: =SUM(C75+D75+E75+F75+G75+H75+I75+J75+P75+T75+Z75+AC75+AG75+AL75) -> 5.1
A76: 4C | B76: LAKEVIEW ACADEMY | C76: 16.19 | D76: 0 | E76: 0.19 | F76: 0 | G76: 0 | H76: 0 | I76: 0 | J76: 2.96 | K76: 0 | L76: 0 | M76: 0 | N76: 0 | O76: 0 | P76: =SUM(K76:O76) -> 0 | Q76: 0 | R76: 1 | S76: 2.33 | T76: =SUM(Q76:S76) -> 3.33 | U76: 0 | V76: 0 | W76: 0 | X76: 0 | Y76: 0 | Z76: =SUM(U76:Y76) -> 0 | AA76: 0 | AB76: 0 | AC76: =SUM(AA76:AB76) -> 0 | AD76: 1 | AE76: 0 | AF76: 1.45 | AG76: =SUM(AD76:AF76) -> 2.45 | AH76: 0 | AI76: 0 | AJ76: 0 | AK76: 0 | AL76: =SUM(AH76:AK76) -> 0 | AM76: =SUM(C76+D76+E76+F76+G76+H76+I76+J76+P76+T76+Z76+AC76+AG76+AL76) -> 25.12
A77: 5C | B77: LEGACY PREPARATORY ACADEMY | P77: =SUM(K77:O77) -> 0 | T77: =SUM(Q77:S77) -> 0 | Z77: =SUM(U77:Y77) -> 0 | AC77: =SUM(AA77:AB77) -> 0 | AG77: =SUM(AD77:AF77) -> 0 | AL77: =SUM(AH77:AK77) -> 0 | AM77: =SUM(C77+D77+E77+F77+G77+H77+I77+J77+P77+T77+Z77+AC77+AG77+AL77) -> 0
A78: 6C | B78: LIBERTY ACADEMY | C78: 7 | D78: 0 | E78: 0 | F78: 2 | G78: 0 | H78: 1 | I78: 1 | J78: 0 | K78: 0 | L78: 0 | M78: 0 | N78: 0 | O78: 1 | P78: =SUM(K78:O78) -> 1 | Q78: 0 | R78: 0 | S78: 1 | T78: =SUM(Q78:S78) -> 1 | U78: 0 | V78: 0 | W78: 0 | X78: 0 | Y78: 0 | Z78: =SUM(U78:Y78) -> 0 | AA78: 0 | AB78: 0 | AC78: =SUM(AA78:AB78) -> 0 | AD78: 1 | AE78: 0 | AF78: 3 | AG78: =SUM(AD78:AF78) -> 4 | AH78: 0 | AI78: 0 | AJ78: 0 | AK78: 0 | AL78: =SUM(AH78:AK78) -> 0 | AM78: =SUM(C78+D78+E78+F78+G78+H78+I78+J78+P78+T78+Z78+AC78+AG78+AL78) -> 17
A79: 2B | B79: LINCOLN ACADEMY | C79: 23.25 | D79: 0 | E79: 0.75 | F79: 0 | G79: 0.75 | H79: 0 | I79: 1 | J79: 1 | K79: 1 | L79: 0 | M79: 0.75 | N79: 0 | O79: 0 | P79: =SUM(K79:O79) -> 1.75 | Q79: 0 | R79: 0 | S79: 0 | T79: =SUM(Q79:S79) -> 0 | U79: 0 | V79: 0 | W79: 0 | X79: 0 | Y79: 0 | Z79: =SUM(U79:Y79) -> 0 | AA79: 0 | AB79: 0 | AC79: =SUM(AA79:AB79) -> 0 | AD79: 0 | AE79: 0 | AF79: 0.38 | AG79: =SUM(AD79:AF79) -> 0.38 | AH79: 0 | AI79: 0 | AJ79: 0 | AK79: 0 | AL79: =SUM(AH79:AK79) -> 0 | AM79: =SUM(C79+D79+E79+F79+G79+H79+I79+J79+P79+T79+Z79+AC79+AG79+AL79) -> 28.88
A80: 4G | B80: MARIA MONTESSORI ACADEMY | C80: 12.65 | D80: 0 | E80: 0 | F80: 0 | G80: 0 | H80: 0 | I80: 0 | J80: 1.66 | K80: 0 | L80: 0 | M80: 0 | N80: 0 | O80: 0 | P80: =SUM(K80:O80) -> 0 | Q80: 0 | R80: 0 | S80: 1 | T80: =SUM(Q80:S80) -> 1 | U80: 0 | V80: 0 | W80: 0 | X80: 0 | Y80: 0 | Z80: =SUM(U80:Y80) -> 0 | AA80: 0 | AB80: 0 | AC80: =SUM(AA80:AB80) -> 0 | AD80: 0 | AE80: 0 | AF80: 0 | AG80: =SUM(AD80:AF80) -> 0 | AH80: 0 | AI80: 0 | AJ80: 0 | AK80: 0 | AL80: =SUM(AH80:AK80) -> 0 | AM80: =SUM(C80+D80+E80+F80+G80+H80+I80+J80+P80+T80+Z80+AC80+AG80+AL80) -> 15.31
A81: 8E | B81: MERIT COLLEGE PREPARATORY ACADEMY | C81: 1.75 | D81: 0 | E81: 0 | F81: 0.3 | G81: 0 | H81: 0 | I81: 0 | J81: 0 | K81: 1 | L81: 1 | M81: 0 | N81: 1 | O81: 0 | P81: =SUM(K81:O81) -> 3 | Q81: 0 | R81: 0 | S81: 0 | T81: =SUM(Q81:S81) -> 0 | U81: 0 | V81: 0 | W81: 0 | X81: 0 | Y81: 0 | Z81: =SUM(U81:Y81) -> 0 | AA81: 0 | AB81: 0 | AC81: =SUM(AA81:AB81) -> 0 | AD81: 0.5 | AE81: 0 | AF81: 1 | AG81: =SUM(AD81:AF81) -> 1.5 | AH81: 0 | AI81: 0 | AJ81: 0 | AK81: 0 | AL81: =SUM(AH81:AK81) -> 0 | AM81: =SUM(C81+D81+E81+F81+G81+H81+I81+J81+P81+T81+Z81+AC81+AG81+AL81) -> 6.55
A82: A7 | B82: MOAB CHARTER SCHOOL | C82: 1 | D82: 0 | E82: 0 | F82: 0 | G82: 0 | H82: 0 | I82: 0 | J82: 1 | K82: 0 | L82: 0 | M82: 0 | N82: 0 | O82: 0 | P82: =SUM(K82:O82) -> 0 | Q82: 0 | R82: 0 | S82: 0.5 | T82: =SUM(Q82:S82) -> 0.5 | U82: 0 | V82: 0 | W82: 0 | X82: 0 | Y82: 0 | Z82: =SUM(U82:Y82) -> 0 | AA82: 0 | AB82: 0 | AC82: =SUM(AA82:AB82) -> 0 | AD82: 0 | AE82: 0 | AF82: 0 | AG82: =SUM(AD82:AF82) -> 0 | AH82: 0 | AI82: 0 | AJ82: 0 | AK82: 0 | AL82: =SUM(AH82:AK82) -> 0 | AM82: =SUM(C82+D82+E82+F82+G82+H82+I82+J82+P82+T82+Z82+AC82+AG82+AL82) -> 2.5
A83: 7C | B83: MONTICELLO ACADEMY | C83: 6.99 | D83: 0 | E83: 0 | F83: 0 | G83: 0 | H83: 0 | I83: 0 | J83: 2.9 | K83: 1 | L83: 0 | M83: 0 | N83: 2.38 | O83: 0 | P83: =SUM(K83:O83) -> 3.38 | Q83: 0 | R83: 0 | S83: 1 | T83: =SUM(Q83:S83) -> 1 | U83: 0 | V83: 0 | W83: 0 | X83: 0 | Y83: 0 | Z83: =SUM(U83:Y83) -> 0 | AA83: 0 | AB83: 0 | AC83: =SUM(AA83:AB83) -> 0 | AD83: 1 | AE83: 0 | AF83: 2.54 | AG83: =SUM(AD83:AF83) -> 3.54 | AH83: 0 | AI83: 0 | AJ83: 0 | AK83: 0 | AL83: =SUM(AH83:AK83) -> 0 | AM83: =SUM(C83+D83+E83+F83+G83+H83+I83+J83+P83+T83+Z83+AC83+AG83+AL83) -> 17.81
A84: 8C | B84: MOUNTAINVILLE ACADEMY | C84: 14 | D84: 1 | E84: 0 | F84: 0 | G84: 0 | H84: 0 | I84: 0 | J84: 4 | K84: 0 | L84: 0 | M84: 0 | N84: 0 | O84: 0 | P84: =SUM(K84:O84) -> 0 | Q84: 0 | R84: 0 | S84: 2 | T84: =SUM(Q84:S84) -> 2 | U84: 0 | V84: 0 | W84: 0 | X84: 0 | Y84: 0 | Z84: =SUM(U84:Y84) -> 0 | AA84: 0 | AB84: 0 | AC84: =SUM(AA84:AB84) -> 0 | AD84: 0 | AE84: 0 | AF84: 0 | AG84: =SUM(AD84:AF84) -> 0 | AH84: 0 | AI84: 0 | AJ84: 0 | AK84: 0 | AL84: =SUM(AH84:AK84) -> 0 | AM84: =SUM(C84+D84+E84+F84+G84+H84+I84+J84+P84+T84+Z84+AC84+AG84+AL84) -> 21
A85: 9B | B85: NAVIGATOR POINTE ACADEMY | C85: 14.75 | D85: 0 | E85: 0.5 | F85: 0 | G85: 0 | H85: 0 | I85: 0 | J85: 2 | K85: 0 | L85: 0 | M85: 0 | N85: 0 | O85: 0 | P85: =SUM(K85:O85) -> 0 | Q85: 0 | R85: 0 | S85: 2.25 | T85: =SUM(Q85:S85) -> 2.25 | U85: 0 | V85: 0 | W85: 0 | X85: 0 | Y85: 0 | Z85: =SUM(U85:Y85) -> 0 | AA85: 0 | AB85: 0 | AC85: =SUM(AA85:AB85) -> 0 | AD85: 0 | AE85: 0 | AF85: 0 | AG85: =SUM(AD85:AF85) -> 0 | AH85: 0 | AI85: 0 | AJ85: 0 | AK85: 0 | AL85: =SUM(AH85:AK85) -> 0 | AM85: =SUM(C85+D85+E85+F85+G85+H85+I85+J85+P85+T85+Z85+AC85+AG85+AL85) -> 19.5
A86: A1 | B86: NO UT ACAD FOR MATH ENGINEERING & SCIENCE (NUAMES) | C86: 1 | D86: 0 | E86: 0 | F86: 0 | G86: 0 | H86: 0 | I86: 0 | J86: 1 | K86: 0 | L86: 0 | M86: 0 | N86: 0 | O86: 0 | P86: =SUM(K86:O86) -> 0 | Q86: 0 | R86: 0 | S86: 0.46 | T86: =SUM(Q86:S86) -> 0.46 | U86: 0 | V86: 0 | W86: 1.25 | X86: 0 | Y86: 0 | Z86: =SUM(U86:Y86) -> 1.25 | AA86: 0 | AB86: 0 | AC86: =SUM(AA86:AB86) -> 0 | AD86: 0 | AE86: 0 | AF86: 0 | AG86: =SUM(AD86:AF86) -> 0 | AH86: 0 | AI86: 0 | AJ86: 0 | AK86: 0 | AL86: =SUM(AH86:AK86) -> 0 | AM86: =SUM(C86+D86+E86+F86+G86+H86+I86+J86+P86+T86+Z86+AC86+AG86+AL86) -> 3.71
A87: 6D | B87: NOAH WEBSTER ACADEMY | C87: 25 | D87: 0 | E87: 0 | F87: 0 | G87: 0 | H87: 0 | I87: 0.1 | J87: 1.6 | K87: 0 | L87: 1 | M87: 0 | N87: 0 | O87: 0 | P87: =SUM(K87:O87) -> 1 | Q87: 0 | R87: 0 | S87: 0 | T87: =SUM(Q87:S87) -> 0 | U87: 0 | V87: 0 | W87: 0 | X87: 0 | Y87: 0 | Z87: =SUM(U87:Y87) -> 0 | AA87: 0 | AB87: 0 | AC87: =SUM(AA87:AB87) -> 0 | AD87: 0 | AE87: 0 | AF87: 2.33 | AG87: =SUM(AD87:AF87) -> 2.33 | AH87: 0 | AI87: 0 | AJ87: 0 | AK87: 0 | AL87: =SUM(AH87:AK87) -> 0 | AM87: =SUM(C87+D87+E87+F87+G87+H87+I87+J87+P87+T87+Z87+AC87+AG87+AL87) -> 30.03
A88: A6 | B88: NORTH DAVIS PREPARATORY ACADEMY | C88: 14.46 | D88: 0 | E88: 0 | F88: 0 | G88: 0 | H88: 0 | I88: 0 | J88: 4 | K88: 0 | L88: 0 | M88: 0 | N88: 0 | O88: 0 | P88: =SUM(K88:O88) -> 0 | Q88: 0 | R88: 0 | S88: 0 | T88: =SUM(Q88:S88) -> 0 | U88: 0 | V88: 0 | W88: 0 | X88: 0 | Y88: 0 | Z88: =SUM(U88:Y88) -> 0 | AA88: 0 | AB88: 1.29 | AC88: =SUM(AA88:AB88) -> 1.29 | AD88: 1 | AE88: 0 | AF88: 3.86 | AG88: =SUM(AD88:AF88) -> 4.86 | AH88: 0 | AI88: 0 | AJ88: 0 | AK88: 0 | AL88: =SUM(AH88:AK88) -> 0 | AM88: =SUM(C88+D88+E88+F88+G88+H88+I88+J88+P88+T88+Z88+AC88+AG88+AL88) -> 24.61
A89: 5B | B89: NORTH STAR ACADEMY | C89: 12.99 | D89: 0 | E89: 0 | F89: 0 | G89: 0 | H89: 0 | I89: 0 | J89: 2.73 | K89: 0 | L89: 0 | M89: 0 | N89: 0 | O89: 0 | P89: =SUM(K89:O89) -> 0 | Q89: 0 | R89: 0 | S89: 0 | T89: =SUM(Q89:S89) -> 0 | U89: 0 | V89: 0 | W89: 0 | X89: 0 | Y89: 0 | Z89: =SUM(U89:Y89) -> 0 | AA89: 0 | AB89: 0 | AC89: =SUM(AA89:AB89) -> 0 | AD89: 1 | AE89: 0 | AF89: 1.49 | AG89: =SUM(AD89:AF89) -> 2.49 | AH89: 0 | AI89: 0 | AJ89: 0 | AK89: 0 | AL89: =SUM(AH89:AK89) -> 0 | AM89: =SUM(C89+D89+E89+F89+G89+H89+I89+J89+P89+T89+Z89+AC89+AG89+AL89) -> 18.21
A90: 1C | B90: ODYSSEY CHARTER SCHOOL | C90: 12.79 | D90: 0 | E90: 0 | F90: 1 | G90: 0.5 | H90: 0 | I90: 0 | J90: 2.58 | K90: 1 | L90: 0 | M90: 0 | N90: 0 | O90: 0 | P90: =SUM(K90:O90) -> 1 | Q90: 0 | R90: 0 | S90: 2.89 | T90: =SUM(Q90:S90) -> 2.89 | U90: 0 | V90: 0 | W90: 0 | X90: 0 | Y90: 0 | Z90: =SUM(U90:Y90) -> 0 | AA90: 0 | AB90: 0 | AC90: =SUM(AA90:AB90) -> 0 | AD90: 0 | AE90: 0 | AF90: 0 | AG90: =SUM(AD90:AF90) -> 0 | AH90: 0 | AI90: 0 | AJ90: 0 | AK90: 0 | AL90: =SUM(AH90:AK90) -> 0 | AM90: =SUM(C90+D90+E90+F90+G90+H90+I90+J90+P90+T90+Z90+AC90+AG90+AL90) -> 20.76
A91: 68 | B91: OGDEN PREPARATORY ACADEMY | C91: 23.35 | D91: 0 | E91: 0 | F91: 0 | G91: 0 | H91: 0 | I91: 0 | J91: 4.58 | K91: 0 | L91: 0 | M91: 0 | N91: 0 | O91: 0 | P91: =SUM(K91:O91) -> 0 | Q91: 0 | R91: 0 | S91: 0 | T91: =SUM(Q91:S91) -> 0 | U91: 0 | V91: 0 | W91: 0 | X91: 0 | Y91: 0 | Z91: =SUM(U91:Y91) -> 0 | AA91: 0 | AB91: 3.54 | AC91: =SUM(AA91:AB91) -> 3.54 | AD91: 1 | AE91: 0 | AF91: 4.52 | AG91: =SUM(AD91:AF91) -> 5.52 | AH91: 0 | AI91: 0 | AJ91: 0 | AK91: 0 | AL91: =SUM(AH91:AK91) -> 0 | AM91: =SUM(C91+D91+E91+F91+G91+H91+I91+J91+P91+T91+Z91+AC91+AG91+AL91) -> 36.99
A92: 8D | B92: OPEN CLASSROOM | P92: =SUM(K92:O92) -> 0 | T92: =SUM(Q92:S92) -> 0 | Z92: =SUM(U92:Y92) -> 0 | AC92: =SUM(AA92:AB92) -> 0 | AG92: =SUM(AD92:AF92) -> 0 | AL92: =SUM(AH92:AK92) -> 0 | AM92: =SUM(C92+D92+E92+F92+G92+H92+I92+J92+P92+T92+Z92+AC92+AG92+AL92) -> 0
A93: 9F | B93: OPEN HIGH SCHOOL OF UTAH | C93: 0.5 | D93: 0 | E93: 0 | F93: 0 | G93: 0 | H93: 0 | I93: 0 | J93: 1 | K93: 0 | L93: 0 | M93: 0 | N93: 0 | O93: 0 | P93: =SUM(K93:O93) -> 0 | Q93: 0 | R93: 0 | S93: 0 | T93: =SUM(Q93:S93) -> 0 | U93: 0 | V93: 0 | W93: 0 | X93: 0 | Y93: 0 | Z93: =SUM(U93:Y93) -> 0 | AA93: 0 | AB93: 0 | AC93: =SUM(AA93:AB93) -> 0 | AD93: 0 | AE93: 0 | AF93: 0 | AG93: =SUM(AD93:AF93) -> 0 | AH93: 0 | AI93: 0 | AJ93: 0 | AK93: 0 | AL93: =SUM(AH93:AK93) -> 0 | AM93: =SUM(C93+D93+E93+F93+G93+H93+I93+J93+P93+T93+Z93+AC93+AG93+AL93) -> 1.5
A94: 1G | B94: OQUIRRH MOUNTAIN CHARTER SCHOOL | C94: 12.2 | D94: 0 | E94: 0 | F94: 0 | G94: 0 | H94: 0 | I94: 0 | J94: 2.72 | K94: 0 | L94: 0 | M94: 0 | N94: 0 | O94: 0 | P94: =SUM(K94:O94) -> 0 | Q94: 0 | R94: 0 | S94: 0 | T94: =SUM(Q94:S94) -> 0 | U94: 0 | V94: 0 | W94: 0 | X94: 0 | Y94: 0 | Z94: =SUM(U94:Y94) -> 0 | AA94: 0 | AB94: 1.93 | AC94: =SUM(AA94:AB94) -> 1.93 | AD94: 0 | AE94: 0 | AF94: 0.66 | AG94: =SUM(AD94:AF94) -> 0.66 | AH94: 0 | AI94: 0 | AJ94: 0 | AK94: 0 | AL94: =SUM(AH94:AK94) -> 0 | AM94: =SUM(C94+D94+E94+F94+G94+H94+I94+J94+P94+T94+Z94+AC94+AG94+AL94) -> 17.51
A95: 9C | B95: PARADIGM HIGH SCHOOL | C95: 0 | D95: 0 | E95: 0 | F95: 1 | G95: 0 | H95: 0 | I95: 0 | J95: 3 | K95: 0 | L95: 0 | M95: 0 | N95: 0 | O95: 0 | P95: =SUM(K95:O95) -> 0 | Q95: 0 | R95: 1 | S95: 2 | T95: =SUM(Q95:S95) -> 3 | U95: 0 | V95: 0 | W95: 0 | X95: 0 | Y95: 0 | Z95: =SUM(U95:Y95) -> 0 | AA95: 0 | AB95: 0 | AC95: =SUM(AA95:AB95) -> 0 | AD95: 0 | AE95: 0 | AF95: 0 | AG95: =SUM(AD95:AF95) -> 0 | AH95: 0 | AI95: 0 | AJ95: 0 | AK95: 0 | AL95: =SUM(AH95:AK95) -> 0 | AM95: =SUM(C95+D95+E95+F95+G95+H95+I95+J95+P95+T95+Z95+AC95+AG95+AL95) -> 7
A96: 86 | B96: PINNACLE CANYON ACADEMY | C96: 31.5 | D96: 0.2 | E96: 2 | F96: 0.8 | G96: 0 | H96: 0 | I96: 0 | J96: 0 | K96: 1 | L96: 0 | M96: 0 | N96: 0 | O96: 0 | P96: =SUM(K96:O96) -> 1 | Q96: 0 | R96: 0 | S96: 1 | T96: =SUM(Q96:S96) -> 1 | U96: 0 | V96: 0 | W96: 1 | X96: 0 | Y96: 0 | Z96: =SUM(U96:Y96) -> 1 | AA96: 0 | AB96: 0 | AC96: =SUM(AA96:AB96) -> 0 | AD96: 0.2 | AE96: 1 | AF96: 2.9 | AG96: =SUM(AD96:AF96) -> 4.1 | AH96: 0 | AI96: 0 | AJ96: 0 | AK96: 0 | AL96: =SUM(AH96:AK96) -> 0 | AM96: =SUM(C96+D96+E96+F96+G96+H96+I96+J96+P96+T96+Z96+AC96+AG96+AL96) -> 41.6
A97: 9E | B97: PROVIDENCE HALL | C97: 23.3 | D97: 0 | E97: 0.5 | F97: 0 | G97: 0 | H97: 0 | I97: 0 | J97: 3.75 | K97: 0 | L97: 0 | M97: 0 | N97: 0 | O97: 0 | P97: =SUM(K97:O97) -> 0 | Q97: 0 | R97: 0 | S97: 2.6 | T97: =SUM(Q97:S97) -> 2.6 | U97: 0 | V97: 0 | W97: 0 | X97: 0 | Y97: 0 | Z97: =SUM(U97:Y97) -> 0 | AA97: 0 | AB97: 0 | AC97: =SUM(AA97:AB97) -> 0 | AD97: 0 | AE97: 0 | AF97: 0 | AG97: =SUM(AD97:AF97) -> 0 | AH97: 0 | AI97: 0 | AJ97: 0 | AK97: 0 | AL97: =SUM(AH97:AK97) -> 0 | AM97: =SUM(C97+D97+E97+F97+G97+H97+I97+J97+P97+T97+Z97+AC97+AG97+AL97) -> 30.15
A98: 5G | B98: QUAIL RUN PRIMARY SCHOOL | C98: 3 | D98: 0 | E98: 0 | F98: 0 | G98: 0 | H98: 2 | I98: 0 | J98: 2 | K98: 0 | L98: 0 | M98: 0 | N98: 0 | O98: 0 | P98: =SUM(K98:O98) -> 0 | Q98: 0 | R98: 0 | S98: 0 | T98: =SUM(Q98:S98) -> 0 | U98: 0 | V98: 0 | W98: 1 | X98: 0 | Y98: 0 | Z98: =SUM(U98:Y98) -> 1 | AA98: 0 | AB98: 0 | AC98: =SUM(AA98:AB98) -> 0 | AD98: 0 | AE98: 0 | AF98: 3 | AG98: =SUM(AD98:AF98) -> 3 | AH98: 0 | AI98: 0 | AJ98: 0 | AK98: 0 | AL98: =SUM(AH98:AK98) -> 0 | AM98: =SUM(C98+D98+E98+F98+G98+H98+I98+J98+P98+T98+Z98+AC98+AG98+AL98) -> 11
A99: 1F | B99: QUEST ACADEMY | C99: 7.53 | D99: 0 | E99: 0 | F99: 0 | G99: 0 | H99: 0 | I99: 0 | J99: 2.36 | K99: 0 | L99: 0 | M99: 0 | N99: 0 | O99: 0 | P99: =SUM(K99:O99) -> 0 | Q99: 0 | R99: 0 | S99: 0 | T99: =SUM(Q99:S99) -> 0 | U99: 0 | V99: 0 | W99: 0 | X99: 0 | Y99: 0 | Z99: =SUM(U99:Y99) -> 0 | AA99: 0 | AB99: 3.67 | AC99: =SUM(AA99:AB99) -> 3.67 | AD99: 0 | AE99: 0 | AF99: 0.71 | AG99: =SUM(AD99:AF99) -> 0.71 | AH99: 0 | AI99: 0 | AJ99: 0 | AK99: 0 | AL99: =SUM(AH99:AK99) -> 0 | AM99: =SUM(C99+D99+E99+F99+G99+H99+I99+J99+P99+T99+Z99+AC99+AG99+AL99) -> 14.27
A100: A2 | B100: RANCHES ACADEMY | C100: 13.5 | D100: 0 | E100: 0 | F100: 0 | G100: 0.5 | H100: 0 | I100: 0 | J100: 1 | K100: 0 | L100: 0 | M100: 0 | N100: 0 | O100: 0 | P100: =SUM(K100:O100) -> 0 | Q100: 0 | R100: 0 | S100: 1 | T100: =SUM(Q100:S100) -> 1 | U100: 0 | V100: 0 | W100: 0 | X100: 0 | Y100: 0 | Z100: =SUM(U100:Y100) -> 0 | AA100: 0 | AB100: 0 | AC100: =SUM(AA100:AB100) -> 0 | AD100: 0 | AE100: 0 | AF100: 0.9 | AG100: =SUM(AD100:AF100) -> 0.9 | AH100: 0 | AI100: 0 | AJ100: 0 | AK100: 0 | AL100: =SUM(AH100:AK100) -> 0 | AM100: =SUM(C100+D100+E100+F100+G100+H100+I100+J100+P100+T100+Z100+AC100+AG100+AL100) -> 16.9
A101: 7B | B101: REAGAN ACADEMY | C101: 11 | D101: 0.18 | E101: 0 | F101: 0 | G101: 0 | H101: 0 | I101: 0 | J101: 3 | K101: 0 | L101: 0 | M101: 1 | N101: 0 | O101: 0 | P101: =SUM(K101:O101) -> 1 | Q101: 0 | R101: 0 | S101: 1 | T101: =SUM(Q101:S101) -> 1 | U101: 0 | V101: 0 | W101: 0 | X101: 0 | Y101: 0 | Z101: =SUM(U101:Y101) -> 0 | AA101: 0 | AB101: 0 | AC101: =SUM(AA101:AB101) -> 0 | AD101: 1 | AE101: 0 | AF101: 2.5 | AG101: =SUM(AD101:AF101) -> 3.5 | AH101: 0 | AI101: 0 | AJ101: 0 | AK101: 0 | AL101: =SUM(AH101:AK101) -> 0 | AM101: =SUM(C101+D101+E101+F101+G101+H101+I101+J101+P101+T101+Z101+AC101+AG101+AL101) -> 19.68
A102: 1D | B102: RENAISSANCE ACADEMY | C102: 6.82 | D102: 0 | E102: 0.5 | F102: 0 | G102: 0 | H102: 1 | I102: 0 | J102: 3 | K102: 1 | L102: 0 | M102: 0 | N102: 0 | O102: 0 | P102: =SUM(K102:O102) -> 1 | Q102: 0 | R102: 0 | S102: 1.36 | T102: =SUM(Q102:S102) -> 1.36 | U102: 0 | V102: 0 | W102: 0 | X102: 0 | Y102: 0 | Z102: =SUM(U102:Y102) -> 0 | AA102: 0 | AB102: 0 | AC102: =SUM(AA102:AB102) -> 0 | AD102: 0 | AE102: 0 | AF102: 1.28 | AG102: =SUM(AD102:AF102) -> 1.28 | AH102: 0 | AI102: 0 | AJ102: 0 | AK102: 0 | AL102: =SUM(AH102:AK102) -> 0 | AM102: =SUM(C102+D102+E102+F102+G102+H102+I102+J102+P102+T102+Z102+AC102+AG102+AL102) -> 14.96
A103: 2F | B103: ROCKWELL CHARTER HIGH SCHOOL | C103: 1 | D103: 0 | E103: 0 | F103: 0 | G103: 0 | H103: 0 | I103: 0 | J103: 1 | K103: 0 | L103: 0 | M103: 0 | N103: 0 | O103: 0 | P103: =SUM(K103:O103) -> 0 | Q103: 0 | R103: 0 | S103: 0.63 | T103: =SUM(Q103:S103) -> 0.63 | U103: 0 | V103: 0 | W103: 0.58 | X103: 0 | Y103: 0.3 | Z103: =SUM(U103:Y103) -> 0.88 | AA103: 0 | AB103: 0 | AC103: =SUM(AA103:AB103) -> 0 | AD103: 0 | AE103: 0 | AF103: 0.44 | AG103: =SUM(AD103:AF103) -> 0.44 | AH103: 0 | AI103: 0 | AJ103: 0 | AK103: 0 | AL103: =SUM(AH103:AK103) -> 0 | AM103: =SUM(C103+D103+E103+F103+G103+H103+I103+J103+P103+T103+Z103+AC103+AG103+AL103) -> 3.95
A104: 97 | B104: SALT LAKE ARTS ACADEMY | C104: 6.5 | D104: 0 | E104: 0 | F104: 0 | G104: 0 | H104: 0 | I104: 0 | J104: 1 | K104: 1 | L104: 1 | M104: 0 | N104: 0 | O104: 1 | P104: =SUM(K104:O104) -> 3 | Q104: 0 | R104: 0 | S104: 0 | T104: =SUM(Q104:S104) -> 0 | U104: 0 | V104: 0 | W104: 0 | X104: 0 | Y104: 0 | Z104: =SUM(U104:Y104) -> 0 | AA104: 0 | AB104: 0 | AC104: =SUM(AA104:AB104) -> 0 | AD104: 0 | AE104: 0 | AF104: 0 | AG104: =SUM(AD104:AF104) -> 0 | AH104: 0 | AI104: 0 | AJ104: 0 | AK104: 0 | AL104: =SUM(AH104:AK104) -> 0 | AM104: =SUM(C104+D104+E104+F104+G104+H104+I104+J104+P104+T104+Z104+AC104+AG104+AL104) -> 10.5
A105: 4F | B105: SALT LAKE CENTER FOR SCIENCE EDUCATION | P105: =SUM(K105:O105) -> 0 | T105: =SUM(Q105:S105) -> 0 | Z105: =SUM(U105:Y105) -> 0 | AC105: =SUM(AA105:AB105) -> 0 | AG105: =SUM(AD105:AF105) -> 0 | AL105: =SUM(AH105:AK105) -> 0 | AM105: =SUM(C105+D105+E105+F105+G105+H105+I105+J105+P105+T105+Z105+AC105+AG105+AL105) -> 0
A106: 7D | B106: SALT LAKE SCHOOL FOR THE PERFORMING ARTS | C106: 0.69 | D106: 0 | E106: 0 | F106: 0 | G106: 0 | H106: 0 | I106: 0 | J106: 0.94 | K106: 0 | L106: 0 | M106: 1 | N106: 0 | O106: 0 | P106: =SUM(K106:O106) -> 1 | Q106: 0 | R106: 0 | S106: 0 | T106: =SUM(Q106:S106) -> 0 | U106: 0 | V106: 0 | W106: 0 | X106: 0 | Y106: 0 | Z106: =SUM(U106:Y106) -> 0 | AA106: 0 | AB106: 0 | AC106: =SUM(AA106:AB106) -> 0 | AD106: 0 | AE106: 0 | AF106: 0 | AG106: =SUM(AD106:AF106) -> 0 | AH106: 0 | AI106: 0 | AJ106: 0 | AK106: 0 | AL106: =SUM(AH106:AK106) -> 0 | AM106: =SUM(C106+D106+E106+F106+G106+H106+I106+J106+P106+T106+Z106+AC106+AG106+AL106) -> 2.63
A107: 89 | B107: SOLDIER HOLLOW CHARTER SCHOOL | P107: =SUM(K107:O107) -> 0 | T107: =SUM(Q107:S107) -> 0 | Z107: =SUM(U107:Y107) -> 0 | AC107: =SUM(AA107:AB107) -> 0 | AG107: =SUM(AD107:AF107) -> 0 | AL107: =SUM(AH107:AK107) -> 0 | AM107: =SUM(C107+D107+E107+F107+G107+H107+I107+J107+P107+T107+Z107+AC107+AG107+AL107) -> 0
A108: 3D | B108: SPECTRUM ACADEMY | P108: =SUM(K108:O108) -> 0 | T108: =SUM(Q108:S108) -> 0 | Z108: =SUM(U108:Y108) -> 0 | AC108: =SUM(AA108:AB108) -> 0 | AG108: =SUM(AD108:AF108) -> 0 | AL108: =SUM(AH108:AK108) -> 0 | AM108: =SUM(C108+D108+E108+F108+G108+H108+I108+J108+P108+T108+Z108+AC108+AG108+AL108) -> 0
A109: A9 | B109: SUCCESS ACADEMY | C109: 0 | D109: 0 | E109: 0 | F109: 2.5 | G109: 0 | H109: 0 | I109: 0 | J109: 0 | K109: 0 | L109: 0 | M109: 0 | N109: 0 | O109: 0 | P109: =SUM(K109:O109) -> 0 | Q109: 0 | R109: 0 | S109: 0 | T109: =SUM(Q109:S109) -> 0 | U109: 0 | V109: 0 | W109: 0 | X109: 0 | Y109: 0 | Z109: =SUM(U109:Y109) -> 0 | AA109: 0 | AB109: 0 | AC109: =SUM(AA109:AB109) -> 0 | AD109: 0 | AE109: 0 | AF109: 0 | AG109: =SUM(AD109:AF109) -> 0 | AH109: 0 | AI109: 0 | AJ109: 0 | AK109: 0 | AL109: =SUM(AH109:AK109) -> 0 | AM109: =SUM(C109+D109+E109+F109+G109+H109+I109+J109+P109+T109+Z109+AC109+AG109+AL109) -> 2.5
A110: 88 | B110: SUCCESS SCHOOL | C110: 0 | D110: 0 | E110: 0 | F110: 0.75 | G110: 0 | H110: 0 | I110: 0 | J110: 0 | K110: 0 | L110: 0 | M110: 0 | N110: 0 | O110: 0 | P110: =SUM(K110:O110) -> 0 | Q110: 0 | R110: 0 | S110: 0 | T110: =SUM(Q110:S110) -> 0 | U110: 0 | V110: 0 | W110: 0 | X110: 0 | Y110: 0 | Z110: =SUM(U110:Y110) -> 0 | AA110: 0 | AB110: 0 | AC110: =SUM(AA110:AB110) -> 0 | AD110: 0 | AE110: 0 | AF110: 0 | AG110: =SUM(AD110:AF110) -> 0 | AH110: 0 | AI110: 0 | AJ110: 0 | AK110: 0 | AL110: =SUM(AH110:AK110) -> 0 | AM110: =SUM(C110+D110+E110+F110+G110+H110+I110+J110+P110+T110+Z110+AC110+AG110+AL110) -> 0.75
A111: A4 | B111: SUMMIT ACADEMY | C111: 18.67 | D111: 0 | E111: 0 | F111: 0 | G111: 0.5 | H111: 0 | I111: 0 | J111: 3.5 | K111: 0.5 | L111: 3 | M111: 0 | N111: 0 | O111: 0 | P111: =SUM(K111:O111) -> 3.5 | Q111: 0 | R111: 2 | S111: 3 | T111: =SUM(Q111:S111) -> 5 | U111: 0 | V111: 0 | W111: 0 | X111: 0 | Y111: 0 | Z111: =SUM(U111:Y111) -> 0 | AA111: 0 | AB111: 0 | AC111: =SUM(AA111:AB111) -> 0 | AD111: 1 | AE111: 0.58 | AF111: 2.05 | AG111: =SUM(AD111:AF111) -> 3.63 | AH111: 0 | AI111: 0 | AJ111: 0 | AK111: 0 | AL111: =SUM(AH111:AK111) -> 0 | AM111: =SUM(C111+D111+E111+F111+G111+H111+I111+J111+P111+T111+Z111+AC111+AG111+AL111) -> 34.8
A112: 7G | B112: SUMMIT ACADEMY HIGH SCHOOL | C112: 0 | D112: 0 | E112: 0 | F112: 0 | G112: 0 | H112: 0 | I112: 0 | J112: 0.7 | K112: 0 | L112: 0 | M112: 0 | N112: 0 | O112: 0 | P112: =SUM(K112:O112) -> 0 | Q112: 0 | R112: 0 | S112: 0 | T112: =SUM(Q112:S112) -> 0 | U112: 0 | V112: 0 | W112: 0 | X112: 0 | Y112: 0 | Z112: =SUM(U112:Y112) -> 0 | AA112: 0 | AB112: 0 | AC112: =SUM(AA112:AB112) -> 0 | AD112: 0 | AE112: 0 | AF112: 0 | AG112: =SUM(AD112:AF112) -> 0 | AH112: 0 | AI112: 0 | AJ112: 0 | AK112: 0 | AL112: =SUM(AH112:AK112) -> 0 | AM112: =SUM(C112+D112+E112+F112+G112+H112+I112+J112+P112+T112+Z112+AC112+AG112+AL112) -> 0.7
A113: 4D | B113: SYRACUSE ARTS ACADEMY | C113: 8.22 | D113: 0 | E113: 0 | F113: 0 | G113: 0 | H113: 0 | I113: 0 | J113: 2.87 | K113: 0 | L113: 0 | M113: 0 | N113: 0 | O113: 0 | P113: =SUM(K113:O113) -> 0 | Q113: 0 | R113: 0 | S113: 1.6 | T113: =SUM(Q113:S113) -> 1.6 | U113: 0 | V113: 0 | W113: 0 | X113: 0 | Y113: 0 | Z113: =SUM(U113:Y113) -> 0 | AA113: 0 | AB113: 0.84 | AC113: =SUM(AA113:AB113) -> 0.84 | AD113: 0.73 | AE113: 0 | AF113: 1.92 | AG113: =SUM(AD113:AF113) -> 2.65 | AH113: 0 | AI113: 0 | AJ113: 0 | AK113: 0 | AL113: =SUM(AH113:AK113) -> 0 | AM113: =SUM(C113+D113+E113+F113+G113+H113+I113+J113+P113+T113+Z113+AC113+AG113+AL113) -> 16.18
A114: 94 | B114: THOMAS EDISON - NORTH | C114: 37.5 | D114: 0 | E114: 0 | F114: 0 | G114: 0 | H114: 0 | I114: 0.15 | J114: 4.8 | K114: 0 | L114: 0.5 | M114: 0 | N114: 0 | O114: 0 | P114: =SUM(K114:O114) -> 0.5 | Q114: 0 | R114: 0 | S114: 6.2 | T114: =SUM(Q114:S114) -> 6.2 | U114: 0 | V114: 0 | W114: 0 | X114: 0 | Y114: 0 | Z114: =SUM(U114:Y114) -> 0 | AA114: 0 | AB114: 0 | AC114: =SUM(AA114:AB114) -> 0 | AD114: 0 | AE114: 0 | AF114: 0 | AG114: =SUM(AD114:AF114) -> 0 | AH114: 0 | AI114: 0 | AJ114: 0 | AK114: 0 | AL114: =SUM(AH114:AK114) -> 0 | AM114: =SUM(C114+D114+E114+F114+G114+H114+I114+J114+P114+T114+Z114+AC114+AG114+AL114) -> 49.15
A115: 95 | B115: TIMPANOGOS ACADEMY | C115: 7.75 | D115: 0 | E115: 0 | F115: 0 | G115: 1 | H115: 0 | I115: 0 | J115: 2 | K115: 1 | L115: 0 | M115: 0.25 | N115: 0 | O115: 0 | P115: =SUM(K115:O115) -> 1.25 | Q115: 0 | R115: 1 | S115: 0 | T115: =SUM(Q115:S115) -> 1 | U115: 0 | V115: 0 | W115: 0 | X115: 0 | Y115: 0 | Z115: =SUM(U115:Y115) -> 0 | AA115: 0 | AB115: 0 | AC115: =SUM(AA115:AB115) -> 0 | AD115: 0 | AE115: 0 | AF115: 0 | AG115: =SUM(AD115:AF115) -> 0 | AH115: 0 | AI115: 0 | AJ115: 0 | AK115: 0 | AL115: =SUM(AH115:AK115) -> 0 | AM115: =SUM(C115+D115+E115+F115+G115+H115+I115+J115+P115+T115+Z115+AC115+AG115+AL115) -> 13
A116: 90 | B116: TUACAHN HIGH SCHOOL FOR THE PERFORMING ARTS | C116: 1.75 | D116: 0 | E116: 0 | F116: 0 | G116: 0 | H116: 0 | I116: 0 | J116: 1 | K116: 1 | L116: 0 | M116: 0 | N116: 0 | O116: 0 | P116: =SUM(K116:O116) -> 1 | Q116: 0 | R116: 0 | S116: 0 | T116: =SUM(Q116:S116) -> 0 | U116: 0 | V116: 0 | W116: 0 | X116: 0 | Y116: 0 | Z116: =SUM(U116:Y116) -> 0 | AA116: 0 | AB116: 0 | AC116: =SUM(AA116:AB116) -> 0 | AD116: 0 | AE116: 0 | AF116: 0 | AG116: =SUM(AD116:AF116) -> 0 | AH116: 0 | AI116: 0 | AJ116: 0 | AK116: 0 | AL116: =SUM(AH116:AK116) -> 0 | AM116: =SUM(C116+D116+E116+F116+G116+H116+I116+J116+P116+T116+Z116+AC116+AG116+AL116) -> 3.75
A117: 92 | B117: UINTAH RIVER HIGH | C117: 2 | D117: 0 | E117: 1 | F117: 0 | G117: 0 | H117: 0 | I117: 0 | J117: 1 | K117: 0.17 | L117: 0 | M117: 0 | N117: 0 | O117: 0 | P117: =SUM(K117:O117) -> 0.17 | Q117: 0 | R117: 0 | S117: 0 | T117: =SUM(Q117:S117) -> 0 | U117: 0 | V117: 0 | W117: 0 | X117: 0 | Y117: 0 | Z117: =SUM(U117:Y117) -> 0 | AA117: 0 | AB117: 0 | AC117: =SUM(AA117:AB117) -> 0 | AD117: 0 | AE117: 0 | AF117: 0 | AG117: =SUM(AD117:AF117) -> 0 | AH117: 0 | AI117: 0 | AJ117: 0 | AK117: 0 | AL117: =SUM(AH117:AK117) -> 0 | AM117: =SUM(C117+D117+E117+F117+G117+H117+I117+J117+P117+T117+Z117+AC117+AG117+AL117) -> 4.17
A118: 1B | B118: UTAH COUNTY ACADEMY OF SCIENCE (UCAS) | C118: 2.1 | D118: 0 | E118: 1.6 | F118: 0 | G118: 0 | H118: 0 | I118: 0 | J118: 1 | K118: 0 | L118: 0 | M118: 0 | N118: 0 | O118: 0 | P118: =SUM(K118:O118) -> 0 | Q118: 0 | R118: 0 | S118: 0 | T118: =SUM(Q118:S118) -> 0 | U118: 0 | V118: 0 | W118: 0 | X118: 0 | Y118: 0 | Z118: =SUM(U118:Y118) -> 0 | AA118: 0 | AB118: 0 | AC118: =SUM(AA118:AB118) -> 0 | AD118: 0.75 | AE118: 0 | AF118: 0 | AG118: =SUM(AD118:AF118) -> 0.75 | AH118: 0 | AI118: 0 | AJ118: 0 | AK118: 0 | AL118: =SUM(AH118:AK118) -> 0 | AM118: =SUM(C118+D118+E118+F118+G118+H118+I118+J118+P118+T118+Z118+AC118+AG118+AL118) -> 5.45
A119: 5F | B119: UTAH VIRTUAL ACADEMY | C119: 0 | D119: 0 | E119: 0 | F119: 0 | G119: 0 | H119: 0 | I119: 0 | J119: 2 | K119: 1 | L119: 0 | M119: 0 | N119: 0 | O119: 0 | P119: =SUM(K119:O119) -> 1 | Q119: 0 | R119: 0 | S119: 0 | T119: =SUM(Q119:S119) -> 0 | U119: 0 | V119: 0 | W119: 0 | X119: 0 | Y119: 0 | Z119: =SUM(U119:Y119) -> 0 | AA119: 0 | AB119: 0 | AC119: =SUM(AA119:AB119) -> 0 | AD119: 0 | AE119: 0 | AF119: 0 | AG119: =SUM(AD119:AF119) -> 0 | AH119: 0 | AI119: 0 | AJ119: 0 | AK119: 0 | AL119: =SUM(AH119:AK119) -> 0 | AM119: =SUM(C119+D119+E119+F119+G119+H119+I119+J119+P119+T119+Z119+AC119+AG119+AL119) -> 3
A120: 3F | B120: VENTURE ACADEMY | C120: 8.25 | D120: 0 | E120: 0 | F120: 0 | G120: 0 | H120: 0 | I120: 0.1 | J120: 2 | K120: 0 | L120: 0 | M120: 0 | N120: 0 | O120: 0 | P120: =SUM(K120:O120) -> 0 | Q120: 0 | R120: 0 | S120: 0 | T120: =SUM(Q120:S120) -> 0 | U120: 0 | V120: 0 | W120: 0 | X120: 0 | Y120: 0 | Z120: =SUM(U120:Y120) -> 0 | AA120: 0 | AB120: 0 | AC120: =SUM(AA120:AB120) -> 0 | AD120: 0 | AE120: 0 | AF120: 3.4 | AG120: =SUM(AD120:AF120) -> 3.4 | AH120: 0 | AI120: 0 | AJ120: 0 | AK120: 0 | AL120: =SUM(AH120:AK120) -> 0 | AM120: =SUM(C120+D120+E120+F120+G120+H120+I120+J120+P120+T120+Z120+AC120+AG120+AL120) -> 13.75
A121: 2G | B121: VISTA AT ENTRADA SCHOOL OF PERFORMING ARTS AND TECHNOLOGY | C121: 10 | D121: 0 | E121: 0 | F121: 0 | G121: 0 | H121: 0 | I121: 0 | J121: 4 | K121: 1 | L121: 0 | M121: 0 | N121: 0 | O121: 0 | P121: =SUM(K121:O121) -> 1 | Q121: 0 | R121: 2 | S121: 1.5 | T121: =SUM(Q121:S121) -> 3.5 | U121: 0 | V121: 0 | W121: 0 | X121: 0 | Y121: 0 | Z121: =SUM(U121:Y121) -> 0 | AA121: 0 | AB121: 0 | AC121: =SUM(AA121:AB121) -> 0 | AD121: 0 | AE121: 0 | AF121: 0 | AG121: =SUM(AD121:AF121) -> 0 | AH121: 0 | AI121: 0 | AJ121: 0 | AK121: 0 | AL121: =SUM(AH121:AK121) -> 0 | AM121: =SUM(C121+D121+E121+F121+G121+H121+I121+J121+P121+T121+Z121+AC121+AG121+AL121) -> 18.5
A122: 81 | B122: WALDEN SCHOOL OF LIBERAL ARTS | P122: =SUM(K122:O122) -> 0 | T122: =SUM(Q122:S122) -> 0 | Z122: =SUM(U122:Y122) -> 0 | AC122: =SUM(AA122:AB122) -> 0 | AG122: =SUM(AD122:AF122) -> 0 | AL122: =SUM(AH122:AK122) -> 0 | AM122: =SUM(C122+D122+E122+F122+G122+H122+I122+J122+P122+T122+Z122+AC122+AG122+AL122) -> 0
A123: 4B | B123: WASATCH PEAK ACADEMY | C123: 10.57 | D123: 0 | E123: 0 | F123: 0 | G123: 0 | H123: 0 | I123: 0 | J123: 1.78 | K123: 0 | L123: 0 | M123: 0 | N123: 0 | O123: 0 | P123: =SUM(K123:O123) -> 0 | Q123: 0 | R123: 0 | S123: 1 | T123: =SUM(Q123:S123) -> 1 | U123: 0 | V123: 0 | W123: 0 | X123: 0 | Y123: 0 | Z123: =SUM(U123:Y123) -> 0 | AA123: 0 | AB123: 0.78 | AC123: =SUM(AA123:AB123) -> 0.78 | AD123: 1 | AE123: 0 | AF123: 1.16 | AG123: =SUM(AD123:AF123) -> 2.16 | AH123: 0 | AI123: 0 | AJ123: 0 | AK123: 0 | AL123: =SUM(AH123:AK123) -> 0 | AM123: =SUM(C123+D123+E123+F123+G123+H123+I123+J123+P123+T123+Z123+AC123+AG123+AL123) -> 16.29
A124: 6G | B124: WEILENMANN SCHOOL OF DISCOVERY | C124: 8 | D124: 0 | E124: 0 | F124: 0 | G124: 0 | H124: 0 | I124: 0 | J124: 2.5 | K124: 0 | L124: 0 | M124: 0 | N124: 0 | O124: 0 | P124: =SUM(K124:O124) -> 0 | Q124: 0 | R124: 1 | S124: 0 | T124: =SUM(Q124:S124) -> 1 | U124: 0 | V124: 0 | W124: 0 | X124: 0 | Y124: 0 | Z124: =SUM(U124:Y124) -> 0 | AA124: 0 | AB124: 1 | AC124: =SUM(AA124:AB124) -> 1 | AD124: 0.5 | AE124: 0 | AF124: 0 | AG124: =SUM(AD124:AF124) -> 0.5 | AH124: 0 | AI124: 0 | AJ124: 0 | AK124: 0 | AL124: =SUM(AH124:AK124) -> 0 | AM124: =SUM(C124+D124+E124+F124+G124+H124+I124+J124+P124+T124+Z124+AC124+AG124+AL124) -> 13
B125: CHARTER SCHOOL TOTAL | C125: =SUM(C49:C124) -> 564.55 | D125: =SUM(D49:D124) -> 2.38 | E125: =SUM(E49:E124) -> 16.62 | F125: =SUM(F49:F124) -> 13.41 | G125: =SUM(G49:G124) -> 7.81 | H125: =SUM(H49:H124) -> 9.1 | I125: =SUM(I49:I124) -> 8.05 | J125: =SUM(J49:J124) -> 130.24 | ... AF125: =SUM(AF49:AF124) -> 58.47 | AG125: =SUM(AD125:AF125) -> 74.23 | AH125: =SUM(AH49:AH124) -> 0 | AI125: =SUM(AI49:AI124) -> 3.5 | AJ125: =SUM(AJ49:AJ124) -> 0 | AK125: =SUM(AK49:AK124) -> 0 | AL125: =SUM(AL49:AL124) -> 3.5 | AM125: =SUM(C125+D125+E125+F125+G125+H125+I125+J125+P125+T125+Z125+AC125+AG125+AL125) -> 971.84
B126: STATE TOTAL | C126: =SUM(C48+C125) -> 8214 | D126: =SUM(D48+D125) -> 131.46 | E126: =SUM(E48+E125) -> 235.46 | F126: =SUM(F48+F125) -> 353.03 | G126: =SUM(G48+G125) -> 457.65 | H126: =SUM(H48+H125) -> 38.76 | I126: =SUM(I48+I125) -> 113.22 | J126: =SUM(J48+J125) -> 1671.7 | ... AF126: =SUM(AF48+AF125) -> 2828.97 | AG126: =SUM(AD126:AF126) -> 3043.19 | AH126: =SUM(AH48+AH125) -> 44.96 | AI126: =SUM(AI48+AI125) -> 176.89 | AJ126: =SUM(AJ48+AJ125) -> 141.85 | AK126: =SUM(AK48+AK125) -> 14.5 | AL126: =SUM(AL48+AL125) -> 378.2 | AM126: =SUM(C126+D126+E126+F126+G126+H126+I126+J126+P126+T126+Z126+AC126+AG126+AL126) -> 21054.34
