Workbook

Sheet Facility Data
A1: (
A2: SCHOOL: | B2: Staff | C2: Students | D2: Total # of Recyclers | X2: (Original Staff Report)
A3: BALLENGER CREEK ELEMENTARY | B3: 85 | C3: 653 | D3: =B3+C3 -> 738 | H3: 738 | X3: 68
A4: BALLENGER CREEK MIDDLE | B4: 90 | C4: 707 | D4: =B4+C4 -> 797 | H4: 797 | X4: 84
A5: BRUNSWICK ELEMENTARY | B5: 80 | C5: 611 | D5: =B5+C5 -> 691 | H5: 691 | X5: 86
A6: BRUNSWICK HIGH | B6: 90 | C6: 717 | D6: =B6+C6 -> 807 | H6: 807 | X6: 96
A7: BRUNSWICK MIDDLE | B7: 75 | C7: 529 | D7: =B7+C7 -> 604 | H7: 604 | X7: 82
A8: CARROLL MANOR ELEMENTARY | B8: 92 | C8: 552 | D8: =B8+C8 -> 644 | H8: 644 | X8: 97
A9: CATOCTIN HIGH | B9: 100 | C9: 974 | D9: =B9+C9 -> 1074 | H9: 1074 | X9: 120
A10: CENTERVILLE ELEMENTARY | B10: 102 | C10: 926 | D10: =B10+C10 -> 1028 | H10: 1028 | X10: 100
A11: CRESTWOOD MIDDLE | B11: 60 | C11: 513 | D11: =B11+C11 -> 573 | H11: 573 | X11: 75
A12: DEER CROSSING ELEMENTARY | B12: 72 | C12: 668 | D12: =B12+C12 -> 740 | H12: 740 | X12: 78
A13: EMMITSBURG ELEMENTARY | B13: 50 | C13: 292 | D13: =B13+C13 -> 342 | H13: 342 | X13: 53
A14: FREDERICK HIGH | B14: 160 | C14: 1340 | D14: =B14+C14 -> 1500 | H14: 1500 | X14: 158
... A64: YELLOW SPRINGS ELEMENTARY | B64: 51 | C64: 463 | D64: =B64+C64 -> 514 | H64: 514 | X64: 57

Sheet SEPT (REVISED)
A1: Data in the yellow columns shows the pounds of material collected from each facility's RECYCLING dumpster and the date material was picked up.
A3: SEPTEMBER | B3: MON | C3: TUE | D3: WED | E3: THU | F3: FRI | H3: MON | I3: TUE | J3: WED | K3: THU | L3: FRI | N3: MON | O3: TUE | P3: WED | Q3: THU | R3: FRI | T3: MON | U3: TUE | V3: WED | W3: THU | X3: FRI
A4: Date of Recycling Collection | B4: 3 | C4: 4 | D4: 5 | E4: 6 | F4: 7 | H4: 10 | I4: 11 | J4: 12 | K4: 13 | L4: 14 | N4: 17 | O4: 18 | P4: 19 | Q4: 20 | R4: 21 | T4: 24 | U4: 25 | V4: 26 | W4: 27 | X4: 28 | Z4: TOTAL POUNDS COLLECTED | AA4: # of Recyclers | AB4: Pounds Recycled Per Capita
A5: SCHOOL:
A6: ROCK CREEK SCHOOL | C6: 400 | I6: 280 | L6: 1340 | U6: 60 | X6: 220 | Z6: =SUM(B6:Y6) -> 2300 | AA6: 177 | AB6: =Z6/AA6 -> 12.99435
A7: HEATHER RIDGE SCHOOL | C7: 80 | E7: 60 | I7: 140 | K7: 200 | U7: 140 | W7: 140 | Z7: =SUM(B7:Y7) -> 760 | AA7: 121 | AB7: =Z7/AA7 -> 6.2809917
A8: ORCHARD GROVE ELEMENTARY | C8: 200 | F8: 360 | L8: 1900 | N8: 340 | T8: 140 | X8: 280 | Z8: =SUM(B8:Y8) -> 3220 | AA8: 695 | AB8: =Z8/AA8 -> 4.6330935
A9: YELLOW SPRINGS ELEMENTARY | C9: 1140 | N9: 380 | T9: 440 | Z9: =SUM(B9:Y9) -> 1960 | AA9: 514 | AB9: =Z9/AA9 -> 3.8132296
A10: MONOCACY ELEMENTARY | C10: 80 | I10: 260 | O10: 1920 | U10: 120 | Z10: =SUM(B10:Y10) -> 2380 | AA10: 702 | AB10: =Z10/AA10 -> 3.3903134
A11: THOMAS JOHNSON HIGH | C11: 340 | E11: 1520 | F11: 420 | I11: 460 | L11: 340 | N11: 920 | U11: 300 | W11: 820 | X11: 260 | Z11: =SUM(B11:Y11) -> 5380 | AA11: 1632 | AB11: =Z11/AA11 -> 3.2965686
A12: WOODSBORO ELEMENTARY | E12: 340 | K12: 200 | W12: 140 | Z12: =SUM(B12:Y12) -> 680 | AA12: 213 | AB12: =Z12/AA12 -> 3.1924883
A13: MIDDLETOWN MIDDLE | C13: 40 | E13: 1740 | K13: 280 | N13: 300 | T13: 280 | W13: 140 | Z13: =SUM(B13:Y13) -> 2780 | AA13: 914 | AB13: =Z13/AA13 -> 3.0415755
A14: WOLFSVILLE ELEMENTARY | E14: 120 | K14: 160 | W14: 300 | Z14: =SUM(B14:Y14) -> 580 | AA14: 209 | AB14: =Z14/AA14 -> 2.7751196
A15: NEW MIDWAY ELEMENTARY | E15: 200 | K15: 140 | W15: 120 | Z15: =SUM(B15:Y15) -> 460 | AA15: 166 | AB15: =Z15/AA15 -> 2.7710843
A16: CENTERVILLE ELEMENTARY | C16: 60 | F16: 120 | I16: 200 | L16: 1900 | O16: 180 | U16: 20 | X16: 360 | Z16: =SUM(B16:Y16) -> 2840 | AA16: 1028 | AB16: =Z16/AA16 -> 2.7626459
A17: SABILLASVILLE ELEMENTARY | E17: 40 | K17: 240 | W17: 120 | Z17: =SUM(B17:Y17) -> 400 | AA17: 157 | AB17: =Z17/AA17 -> 2.5477707
A18: N FREDERICK ELEMENTARY | C18: 680 | I18: 380 | U18: 640 | Z18: =SUM(B18:Y18) -> 1700 | AA18: 693 | AB18: =Z18/AA18 -> 2.4531025
A19: WAVERLY ELEMENTARY | F19: 400 | I19: 320 | L19: 360 | U19: 260 | X19: 160 | Z19: =SUM(B19:Y19) -> 1500 | AA19: 637 | AB19: =Z19/AA19 -> 2.3547881
A20: FREDERICK HIGH | C20: 720 | E20: 80 | F20: 60 | J20: 40 | L20: 120 | N20: 200 | P20: 380 | T20: 20 | V20: 80 | X20: 1720 | Z20: =SUM(B20:Y20) -> 3420 | AA20: 1500 | AB20: =Z20/AA20 -> 2.28
A21: NEW MARKET MIDDLE | C21: 200 | F21: 420 | I21: 40 | L21: 160 | O21: 180 | U21: 200 | X21: 100 | Z21: =SUM(B21:Y21) -> 1300 | AA21: 581 | AB21: =Z21/AA21 -> 2.2375215
A22: LIBERTY ELEMENTARY | E22: 280 | K22: 140 | W22: 320 | Z22: =SUM(B22:Y22) -> 740 | AA22: 334 | AB22: =Z22/AA22 -> 2.2155689
A23: KEMPTOWN ELEMENTARY | F23: 180 | L23: 420 | X23: 320 | Z23: =SUM(B23:Y23) -> 920 | AA23: 442 | AB23: =Z23/AA23 -> 2.081448
A24: MONOCACY MIDDLE | C24: 180 | F24: 480 | I24: 300 | L24: 260 | U24: 100 | X24: 220 | Z24: =SUM(B24:Y24) -> 1540 | AA24: 816 | AB24: =Z24/AA24 -> 1.8872549
A25: GREEN VALLEY ELEMENTARY | F25: 300 | L25: 320 | X25: 260 | Z25: =SUM(B25:Y25) -> 880 | AA25: 469 | AB25: =Z25/AA25 -> 1.8763326
A26: URBANA HIGH | C26: 300 | E26: 220 | F26: 140 | J26: 180 | L26: 540 | N26: 280 | P26: 420 | T26: 240 | V26: 220 | X26: 460 | Z26: =SUM(B26:Y26) -> 3000 | AA26: 1609 | AB26: =Z26/AA26 -> 1.8645121
A27: CATOCTIN HIGH | C27: 640 | E27: 140 | K27: 360 | N27: 220 | T27: 180 | W27: 460 | Z27: =SUM(B27:Y27) -> 2000 | AA27: 1074 | AB27: =Z27/AA27 -> 1.8621974
A28: BALLENGER CREEK ELEMENTARY | C28: 280 | E28: 140 | K28: 480 | N28: 300 | T28: 60 | W28: 100 | Z28: =SUM(B28:Y28) -> 1360 | AA28: 738 | AB28: =Z28/AA28 -> 1.8428184
A29: OAKDALE MIDDLE | C29: 400 | F29: 220 | I29: 320 | L29: 180 | O29: 160 | U29: 0 | Z29: =SUM(B29:Y29) -> 1280 | AA29: 697 | AB29: =Z29/AA29 -> 1.8364419
A30: EMMITSBURG ELEMENTARY | E30: 320 | K30: 180 | W30: 120 | Z30: =SUM(B30:Y30) -> 620 | AA30: 342 | AB30: =Z30/AA30 -> 1.8128655
A31: MIDDLETOWN HIGH | C31: 700 | E31: 240 | K31: 420 | N31: 480 | T31: 360 | W31: 180 | Z31: =SUM(B31:Y31) -> 2380 | AA31: 1325 | AB31: =Z31/AA31 -> 1.7962264
A32: MIDDLETOWN ELEMENTARY | C32: 200 | N32: 100 | T32: 660 | Z32: =SUM(B32:Y32) -> 960 | AA32: 537 | AB32: =Z32/AA32 -> 1.7877095
A33: WHITTIER ELEMENTARY | C33: 660 | N33: 420 | T33: 460 | Z33: =SUM(B33:Y33) -> 1540 | AA33: 865 | AB33: =Z33/AA33 -> 1.7803468
A34: THOMAS JOHNSON MIDDLE | C34: 500 | F34: 100 | L34: 240 | N34: 40 | T34: 80 | X34: 80 | Z34: =SUM(B34:Y34) -> 1040 | AA34: 630 | AB34: =Z34/AA34 -> 1.6507937
A35: PARKWAY ELEMENTARY | C35: 80 | N35: 240 | T35: 160 | Z35: =SUM(B35:Y35) -> 480 | AA35: 302 | AB35: =Z35/AA35 -> 1.589404
A36: THURMONT PRIMARY | E36: 520 | K36: 120 | W36: 60 | Z36: =SUM(B36:Y36) -> 700 | AA36: 442 | AB36: =Z36/AA36 -> 1.5837104
A37: WINDSOR KNOLLS MIDDLE | F37: 100 | I37: 200 | L37: 160 | O37: 100 | U37: 660 | X37: 280 | Z37: =SUM(B37:Y37) -> 1500 | AA37: 954 | AB37: =Z37/AA37 -> 1.572327
A38: CRESTWOOD MIDDLE | E38: 360 | K38: 280 | W38: 240 | Z38: =SUM(B38:Y38) -> 880 | AA38: 573 | AB38: =Z38/AA38 -> 1.5357766
A39: HILLCREST ELEMENTARY | C39: 180 | F39: 200 | I39: 280 | L39: 300 | U39: 260 | X39: 280 | Z39: =SUM(B39:Y39) -> 1500 | AA39: 998 | AB39: =Z39/AA39 -> 1.503006
A40: THURMONT ELEMENTARY | E40: 280 | K40: 160 | W40: 120 | Z40: =SUM(B40:Y40) -> 560 | AA40: 381 | AB40: =Z40/AA40 -> 1.4698163
A41: TUSCARORA HIGH | C41: 380 | E41: 340 | K41: 320 | N41: 460 | T41: 280 | W41: 600 | Z41: =SUM(B41:Y41) -> 2380 | AA41: 1669 | AB41: =Z41/AA41 -> 1.4260036
A42: BRUNSWICK MIDDLE | C42: 140 | E42: 180 | K42: 260 | N42: 100 | T42: 40 | W42: 120 | Z42: =SUM(B42:Y42) -> 840 | AA42: 604 | AB42: =Z42/AA42 -> 1.3907285
A43: MYERSVILLE ELEMENTARY | E43: 220 | K43: 220 | W43: 120 | Z43: =SUM(B43:Y43) -> 560 | AA43: 419 | AB43: =Z43/AA43 -> 1.3365155
A44: W FREDERICK MIDDLE | C44: 60 | F44: 300 | I44: 160 | L44: 340 | N44: 100 | T44: 20 | X44: 200 | Z44: =SUM(B44:Y44) -> 1180 | AA44: 900 | AB44: =Z44/AA44 -> 1.3111111
A45: TUSCARORA ELEMENTARY | C45: 320 | E45: 240 | K45: 120 | N45: 240 | T45: 80 | W45: 100 | Z45: =SUM(B45:Y45) -> 1100 | AA45: 839 | AB45: =Z45/AA45 -> 1.3110846
A46: THURMONT MIDDLE | C46: 240 | E46: 60 | K46: 160 | N46: 60 | T46: 200 | W46: 160 | Z46: =SUM(B46:Y46) -> 880 | AA46: 693 | AB46: =Z46/AA46 -> 1.2698413
A47: WALKERSVILLE HIGH | C47: 220 | E47: 140 | K47: 380 | N47: 220 | T47: 60 | W47: 520 | Z47: =SUM(B47:Y47) -> 1540 | AA47: 1227 | AB47: =Z47/AA47 -> 1.2550937
A48: WALKERSVILLE ELEMENTARY | E48: 580 | K48: 220 | W48: 120 | Z48: =SUM(B48:Y48) -> 920 | AA48: 762 | AB48: =Z48/AA48 -> 1.2073491
A49: LINGANORE HIGH | C49: 480 | E49: 120 | F49: 20 | J49: 220 | L49: 320 | N49: 100 | P49: 100 | T49: 280 | V49: 180 | X49: 140 | Z49: =SUM(B49:Y49) -> 1960 | AA49: 1646 | AB49: =Z49/AA49 -> 1.1907655
A50: OAKDALE HIGH | C50: 40 | E50: 260 | K50: 420 | N50: 160 | T50: 200 | W50: 420 | Z50: =SUM(B50:Y50) -> 1500 | AA50: 1274 | AB50: =Z50/AA50 -> 1.177394
A51: DEER CROSSING ELEMENTARY | C51: 220 | I51: 180 | O51: 140 | U51: 320 | Z51: =SUM(B51:Y51) -> 860 | AA51: 740 | AB51: =Z51/AA51 -> 1.1621622
A52: BALLENGER CREEK MIDDLE | C52: 160 | E52: 40 | K52: 320 | N52: 280 | T52: 0 | W52: 120 | Z52: =SUM(B52:Y52) -> 920 | AA52: 797 | AB52: =Z52/AA52 -> 1.1543287
A53: URBANA ELEMENTARY | C53: 380 | E53: 160 | N53: 60 | T53: 320 | Z53: =SUM(B53:Y53) -> 920 | AA53: 820 | AB53: =Z53/AA53 -> 1.1219512
A54: VALLEY ELEMENTARY | C54: 220 | T54: 320 | Z54: =SUM(B54:Y54) -> 540 | AA54: 488 | AB54: =Z54/AA54 -> 1.1065574
A55: TWIN RIDGE ELEMENTARY | F55: 260 | L55: 260 | X55: 140 | Z55: =SUM(B55:Y55) -> 660 | AA55: 598 | AB55: =Z55/AA55 -> 1.1036789
A56: NEW MARKET ELEMENTARY | C56: 320 | I56: 220 | O56: 40 | U56: 340 | Z56: =SUM(B56:Y56) -> 920 | AA56: 846 | AB56: =Z56/AA56 -> 1.0874704
A57: GLADE ELEMENTARY | E57: 520 | K57: 160 | W57: 80 | Z57: =SUM(B57:Y57) -> 760 | AA57: 713 | AB57: =Z57/AA57 -> 1.0659187
A58: URBANA MIDDLE | F58: 40 | I58: 40 | L58: 480 | O58: 120 | U58: 40 | X58: 160 | Z58: =SUM(B58:Y58) -> 880 | AA58: 830 | AB58: =Z58/AA58 -> 1.060241
A59: LEWISTOWN ELEMENTARY | E59: 60 | K59: 140 | W59: 80 | Z59: =SUM(B59:Y59) -> 280 | AA59: 274 | AB59: =Z59/AA59 -> 1.0218978
A60: CARROLL MANOR ELEMENTARY | E60: 440 | K60: 80 | W60: 80 | Z60: =SUM(B60:Y60) -> 600 | AA60: 644 | AB60: =Z60/AA60 -> 0.93167702
A61: WALKERSVILLE MIDDLE | C61: 60 | E61: 20 | K61: 240 | N61: 120 | T61: 140 | W61: 200 | Z61: =SUM(B61:Y61) -> 780 | AA61: 859 | AB61: =Z61/AA61 -> 0.9080326
A62: SPRING RIDGE ELEMENTARY | C62: 20 | E62: 160 | K62: 140 | N62: 40 | T62: 60 | W62: 80 | Z62: =SUM(B62:Y62) -> 500 | AA62: 563 | AB62: =Z62/AA62 -> 0.88809947
A63: MIDDLETOWN PRIMARY | E63: 200 | K63: 180 | W63: 80 | Z63: =SUM(B63:Y63) -> 460 | AA63: 541 | AB63: =Z63/AA63 -> 0.85027726
A64: BRUNSWICK ELEMENTARY | C64: 140 | N64: 180 | T64: 180 | Z64: =SUM(B64:Y64) -> 500 | AA64: 691 | AB64: =Z64/AA64 -> 0.723589
A65: LINCOLN ELEMENTARY | C65: 160 | N65: 100 | T65: 120 | Z65: =SUM(B65:Y65) -> 380 | AA65: 586 | AB65: =Z65/AA65 -> 0.64846416
A66: BRUNSWICK HIGH | C66: 120 | N66: 260 | T66: 80 | Z66: =SUM(B66:Y66) -> 460 | AA66: 807 | AB66: =Z66/AA66 -> 0.57001239
A67: OAKDALE ELEMENTARY | C67: 20 | I67: 20 | O67: 60 | U67: 180 | X67: 120 | Z67: =SUM(B67:Y67) -> 400 | AA67: 707 | AB67: =Z67/AA67 -> 0.56577086
Z69: =SUM(Z6:Z68) -> 79220

Sheet OCT 12
A1: Data in the yellow columns shows the pounds of material collected from each facility's RECYCLING dumpster and the date material was picked up.
A3: OCTOBER | B3: MON | C3: TUE | D3: WED | E3: THU | F3: FRI | H3: MON | I3: TUE | J3: WED | K3: THU | L3: FRI | N3: MON | O3: TUE | P3: WED | Q3: THU | R3: FRI | T3: MON | U3: TUE | V3: WED | W3: THU | X3: FRI | Z3: MON | AA3: TUE | AB3: WED
A4: Date of Collection | B4: 1 | C4: 2 | D4: 3 | E4: 4 | F4: 5 | H4: 8 | I4: 9 | J4: 10 | K4: 11 | L4: 12 | N4: 15 | O4: 16 | P4: 17 | Q4: 18 | R4: 19 | T4: 22 | U4: 23 | V4: 24 | W4: 25 | X4: 26 | Z4: 29 | AA4: 30 | AB4: 31 | AD4: TOTAL COLLECTED | AE4: # of Recyclers | AF4: Pounds Recycled Per Capita
A5: SCHOOL:
A6: EMMITSBURG ELEMENTARY | E6: 520 | K6: 1080 | Q6: 40 | W6: 1240 | AD6: =SUM(B6:AC6) -> 2880 | AE6: 342 | AF6: =AD6/AE6 -> 8.4210526
A7: WOODSBORO ELEMENTARY | E7: 1040 | K7: 220 | Q7: 160 | W7: 160 | AD7: =SUM(B7:AC7) -> 1580 | AE7: 213 | AF7: =AD7/AE7 -> 7.4178404
A8: URBANA ELEMENTARY | B8: 2280 | H8: 160 | N8: 320 | T8: 420 | Z8: 1900 | AD8: =SUM(B8:AC8) -> 5080 | AE8: 820 | AF8: =AD8/AE8 -> 6.195122
A9: CARROLL MANOR ELEMENTARY | E9: 1680 | K9: 400 | Q9: 1500 | W9: 280 | AD9: =SUM(B9:AC9) -> 3860 | AE9: 644 | AF9: =AD9/AE9 -> 5.9937888
A10: MONOCACY ELEMENTARY | C10: 320 | X10: 1980 | AB10: 1900 | AD10: =SUM(B10:AC10) -> 4200 | AE10: 702 | AF10: =AD10/AE10 -> 5.982906
A11: ORCHARD GROVE ELEMENTARY | B11: 40 | F11: 1900 | H11: 420 | K11: 400 | N11: 220 | Q11: 320 | T11: 120 | W11: 340 | Z11: 260 | AD11: =SUM(B11:AC11) -> 4020 | AE11: 695 | AF11: =AD11/AE11 -> 5.7841727
A12: THURMONT PRIMARY | E12: 1660 | K12: 360 | Q12: 260 | W12: 220 | AD12: =SUM(B12:AC12) -> 2500 | AE12: 442 | AF12: =AD12/AE12 -> 5.6561086
A13: BALLENGER CREEK ELEMENTARY | B13: 60 | E13: 480 | H13: 140 | K13: 520 | N13: 160 | Q13: 380 | T13: 1640 | W13: 200 | Z13: 260 | AD13: =SUM(B13:AC13) -> 3840 | AE13: 738 | AF13: =AD13/AE13 -> 5.203252
A14: URBANA MIDDLE | C14: 160 | F14: 120 | L14: 80 | O14: 1820 | R14: 60 | U14: 20 | X14: 1720 | Z14: 200 | AD14: =SUM(B14:AC14) -> 4180 | AE14: 830 | AF14: =AD14/AE14 -> 5.0361446
A15: THOMAS JOHNSON HIGH | B15: 1220 | C15: 260 | E15: 1180 | F15: 480 | H15: 1340 | L15: 500 | N15: 60 | O15: 400 | Q15: 740 | R15: 440 | U15: 100 | W15: 520 | X15: 140 | Z15: 60 | AB15: 700 | AD15: =SUM(B15:AC15) -> 8140 | AE15: 1632 | AF15: =AD15/AE15 -> 4.9877451
A16: NEW MIDWAY ELEMENTARY | E16: 280 | K16: 140 | Q16: 20 | U16: 220 | W16: 160 | AD16: =SUM(B16:AC16) -> 820 | AE16: 166 | AF16: =AD16/AE16 -> 4.939759
A17: KEMPTOWN ELEMENTARY | F17: 260 | L17: 180 | R17: 380 | X17: 1360 | AD17: =SUM(B17:AC17) -> 2180 | AE17: 442 | AF17: =AD17/AE17 -> 4.9321267
A18: ROCK CREEK SCHOOL | C18: 40 | F18: 240 | L18: 260 | R18: 20 | U18: 20 | X18: 140 | AB18: 80 | AD18: =SUM(B18:AC18) -> 800 | AE18: 177 | AF18: =AD18/AE18 -> 4.519774
A19: LINCOLN ELEMENTARY | B19: 260 | H19: 340 | N19: 340 | T19: 220 | Z19: 1340 | AD19: =SUM(B19:AC19) -> 2500 | AE19: 586 | AF19: =AD19/AE19 -> 4.2662116
A20: OAKDALE ELEMENTARY | C20: 320 | O20: 500 | U20: 1700 | AB20: 280 | AD20: =SUM(B20:AC20) -> 2800 | AE20: 707 | AF20: =AD20/AE20 -> 3.960396
A21: N FREDERICK ELEMENTARY | C21: 540 | O21: 480 | U21: 500 | AB21: 1180 | AD21: =SUM(B21:AC21) -> 2700 | AE21: 693 | AF21: =AD21/AE21 -> 3.8961039
A22: HEATHER RIDGE SCHOOL | C22: 80 | E22: 0 | K22: 60 | Q22: 20 | U22: 40 | W22: 140 | AB22: 120 | AD22: =SUM(B22:AC22) -> 460 | AE22: 121 | AF22: =AD22/AE22 -> 3.8016529
A23: THURMONT MIDDLE | B23: 20 | E23: 20 | H23: 1540 | K23: 160 | N23: 140 | Q23: 100 | T23: 80 | W23: 200 | Z23: 340 | AD23: =SUM(B23:AC23) -> 2600 | AE23: 693 | AF23: =AD23/AE23 -> 3.7518038
A24: MIDDLETOWN HIGH | B24: 300 | E24: 320 | H24: 300 | K24: 320 | N24: 380 | Q24: 1580 | T24: 660 | W24: 300 | Z24: 620 | AD24: =SUM(B24:AC24) -> 4780 | AE24: 1325 | AF24: =AD24/AE24 -> 3.6075472
A25: SPRING RIDGE ELEMENTARY | E25: 80 | H25: 120 | K25: 100 | N25: 1300 | Q25: 180 | T25: 20 | W25: 180 | AD25: =SUM(B25:AC25) -> 1980 | AE25: 563 | AF25: =AD25/AE25 -> 3.5168739
A26: WHITTIER ELEMENTARY | B26: 660 | H26: 620 | N26: 320 | T26: 560 | Z26: 740 | AD26: =SUM(B26:AC26) -> 2900 | AE26: 865 | AF26: =AD26/AE26 -> 3.3526012
A27: CATOCTIN HIGH | B27: 380 | E27: 340 | H27: 540 | K27: 700 | N27: 300 | Q27: 440 | T27: 220 | W27: 420 | Z27: 180 | AD27: =SUM(B27:AC27) -> 3520 | AE27: 1074 | AF27: =AD27/AE27 -> 3.2774674
A28: W FREDERIC MIDDLE | B28: 120 | F28: 1820 | H28: 40 | L28: 260 | N28: 100 | R28: 220 | T28: 120 | X28: 160 | Z28: 60 | AD28: =SUM(B28:AC28) -> 2900 | AE28: 900 | AF28: =AD28/AE28 -> 3.2222222
A29: PARKWAY ELEMENTARY | B29: 240 | H29: 180 | N29: 280 | T29: 200 | Z29: 60 | AD29: =SUM(B29:AC29) -> 960 | AE29: 302 | AF29: =AD29/AE29 -> 3.1788079
A30: NEW MARKET MIDDLE | C30: 80 | F30: 160 | L30: 240 | O30: 280 | R30: 400 | U30: 100 | X30: 240 | AB30: 320 | AD30: =SUM(B30:AC30) -> 1820 | AE30: 581 | AF30: =AD30/AE30 -> 3.1325301
A31: WINDSOR KNOLLS MIDDLE | C31: 1760 | F31: 140 | L31: 160 | O31: 100 | R31: 360 | U31: 40 | X31: 140 | Z31: 280 | AD31: =SUM(B31:AC31) -> 2980 | AE31: 954 | AF31: =AD31/AE31 -> 3.1236897
A32: TUSCARORA ELEMENTARY | B32: 180 | E32: 420 | H32: 400 | K32: 300 | N32: 200 | Q32: 380 | T32: 180 | W32: 40 | Z32: 400 | AD32: =SUM(B32:AC32) -> 2500 | AE32: 839 | AF32: =AD32/AE32 -> 2.9797378
A33: WAVERLY ELEMENTARY | C33: 220 | F33: 420 | L33: 80 | R33: 280 | U33: 40 | X33: 400 | AB33: 400 | AD33: =SUM(B33:AC33) -> 1840 | AE33: 637 | AF33: =AD33/AE33 -> 2.88854
A34: HILLCREST ELEMENTARY | C34: 140 | F34: 1560 | L34: 300 | R34: 340 | U34: 160 | X34: 240 | AB34: 140 | AD34: =SUM(B34:AC34) -> 2880 | AE34: 998 | AF34: =AD34/AE34 -> 2.8857715
A35: WALKERSVILLE HIGH | B35: 1660 | E35: 120 | H35: 480 | K35: 160 | N35: 260 | Q35: 280 | T35: 220 | W35: 40 | Z35: 260 | AD35: =SUM(B35:AC35) -> 3480 | AE35: 1227 | AF35: =AD35/AE35 -> 2.8361858
A36: YELLOW SPRINGS ELEMENTARY | B36: 360 | H36: 300 | N36: 60 | T36: 240 | Z36: 420 | AD36: =SUM(B36:AC36) -> 1380 | AE36: 514 | AF36: =AD36/AE36 -> 2.6848249
A37: VALLEY ELEMENTARY | B37: 220 | H37: 360 | N37: 260 | T37: 140 | Z37: 300 | AD37: =SUM(B37:AC37) -> 1280 | AE37: 488 | AF37: =AD37/AE37 -> 2.6229508
A38: MIDDLETOWN ELEMENTARY | B38: 420 | H38: 120 | N38: 260 | T38: 280 | Z38: 280 | AD38: =SUM(B38:AC38) -> 1360 | AE38: 537 | AF38: =AD38/AE38 -> 2.5325885
A39: MYERSVILLE ELEMENTARY | E39: 400 | K39: 320 | Q39: 140 | W39: 160 | AD39: =SUM(B39:AC39) -> 1020 | AE39: 419 | AF39: =AD39/AE39 -> 2.4343675
A40: SABILLASVILLE ELEMENTARY | E40: 60 | K40: 20 | Q40: 80 | W40: 220 | AD40: =SUM(B40:AC40) -> 380 | AE40: 157 | AF40: =AD40/AE40 -> 2.4203822
A41: LIBERTY ELEMENTARY | E41: 280 | K41: 160 | Q41: 200 | W41: 160 | AD41: =SUM(B41:AC41) -> 800 | AE41: 334 | AF41: =AD41/AE41 -> 2.3952096
A42: WOLFSVILLE ELEMENTARY | E42: 40 | K42: 140 | Q42: 180 | W42: 140 | AD42: =SUM(B42:AC42) -> 500 | AE42: 209 | AF42: =AD42/AE42 -> 2.3923445
A43: BRUNSWICK HIGH | B43: 380 | H43: 500 | N43: 280 | T43: 420 | Z43: 320 | AD43: =SUM(B43:AC43) -> 1900 | AE43: 807 | AF43: =AD43/AE43 -> 2.354399
A44: WALKERSVILLE MIDDLE | B44: 180 | E44: 620 | H44: 160 | K44: 180 | N44: 180 | Q44: 180 | T44: 160 | W44: 120 | Z44: 180 | AD44: =SUM(B44:AC44) -> 1960 | AE44: 859 | AF44: =AD44/AE44 -> 2.2817229
A45: LEWISTOWN ELEMENTARY | E45: 200 | K45: 80 | Q45: 180 | W45: 160 | AD45: =SUM(B45:AC45) -> 620 | AE45: 274 | AF45: =AD45/AE45 -> 2.2627737
A46: GREEN VALLEY ELEMENTARY | F46: 200 | L46: 260 | R46: 360 | X46: 240 | AD46: =SUM(B46:AC46) -> 1060 | AE46: 469 | AF46: =AD46/AE46 -> 2.2601279
A47: TUSCARORA HIGH | B47: 130 | E47: 1560 | H47: 280 | K47: 400 | N47: 400 | Q47: 420 | T47: 260 | W47: 140 | Z47: 160 | AD47: =SUM(B47:AC47) -> 3750 | AE47: 1669 | AF47: =AD47/AE47 -> 2.2468544
A48: THURMONT ELEMENTARY | K48: 340 | Q48: 280 | W48: 220 | AD48: =SUM(B48:AC48) -> 840 | AE48: 381 | AF48: =AD48/AE48 -> 2.2047244
A49: FREDERICK HIGH | B49: 520 | D49: 80 | F49: 100 | H49: 160 | J49: 20 | L49: 320 | N49: 620 | P49: 220 | R49: 300 | T49: 60 | V49: 80 | X49: 260 | Z49: 560 | AD49: =SUM(B49:AC49) -> 3300 | AE49: 1500 | AF49: =AD49/AE49 -> 2.2
A50: OAKDALE MIDDLE | C50: 180 | F50: 300 | L50: 100 | O50: 60 | R50: 200 | U50: 60 | X50: 520 | AB50: 80 | AD50: =SUM(B50:AC50) -> 1500 | AE50: 697 | AF50: =AD50/AE50 -> 2.1520803
A51: GLADE ELEMENTARY | E51: 400 | K51: 380 | Q51: 420 | W51: 280 | AD51: =SUM(B51:AC51) -> 1480 | AE51: 713 | AF51: =AD51/AE51 -> 2.0757363
A52: MONOCACY MIDDLE | C52: 200 | F52: 220 | L52: 220 | R52: 360 | U52: 180 | X52: 200 | AB52: 180 | AD52: =SUM(B52:AC52) -> 1560 | AE52: 816 | AF52: =AD52/AE52 -> 1.9117647
A53: MIDDLETOWN MIDDLE | B53: 60 | E53: 280 | H53: 40 | K53: 160 | N53: 80 | Q53: 200 | T53: 200 | W53: 370 | Z53: 320 | AD53: =SUM(B53:AC53) -> 1710 | AE53: 914 | AF53: =AD53/AE53 -> 1.8708972
A54: THOMAS JOHNSON MIDDLE | B54: 40 | E54: 60 | H54: 40 | K54: 140 | N54: 140 | Q54: 260 | T54: 160 | W54: 180 | Z54: 140 | AD54: =SUM(B54:AC54) -> 1160 | AE54: 630 | AF54: =AD54/AE54 -> 1.8412698
A55: URBANA HIGH | D55: 120 | F55: 420 | H55: 220 | J55: 180 | L55: 400 | N55: 200 | R55: 140 | T55: 360 | V55: 220 | X55: 320 | Z55: 200 | AD55: =SUM(B55:AC55) -> 2780 | AE55: 1609 | AF55: =AD55/AE55 -> 1.7277812
A56: DEER CROSSING ELEMENTARY | C56: 160 | O56: 60 | U56: 140 | AB56: 840 | AD56: =SUM(B56:AC56) -> 1200 | AE56: 740 | AF56: =AD56/AE56 -> 1.6216216
A57: BRUNSWICK MIDDLE | B57: 80 | E57: 80 | H57: 20 | K57: 80 | N57: 80 | Q57: 160 | T57: 60 | W57: 80 | Z57: 320 | AD57: =SUM(B57:AC57) -> 960 | AE57: 604 | AF57: =AD57/AE57 -> 1.589404
A58: NEW MARKET ELEMENTARY | C58: 400 | O58: 340 | AB58: 580 | AD58: =SUM(B58:AC58) -> 1320 | AE58: 846 | AF58: =AD58/AE58 -> 1.5602837
A59: OAKDALE HIGH | E59: 180 | H59: 80 | K59: 220 | N59: 620 | Q59: 220 | T59: 480 | W59: 180 | AD59: =SUM(B59:AC59) -> 1980 | AE59: 1274 | AF59: =AD59/AE59 -> 1.5541601
A60: CRESTWOOD MIDDLE | E60: 280 | K60: 200 | Q60: 260 | W60: 140 | AD60: =SUM(B60:AC60) -> 880 | AE60: 573 | AF60: =AD60/AE60 -> 1.5357766
A61: CENTERVILLE ELEMENTARY | C61: 220 | F61: 40 | L61: 400 | O61: 300 | R61: 200 | U61: 180 | X61: 20 | AB61: 160 | AD61: =SUM(B61:AC61) -> 1520 | AE61: 1028 | AF61: =AD61/AE61 -> 1.4785992
A62: BRUNSWICK ELEMENTARY | B62: 200 | H62: 320 | N62: 20 | T62: 180 | Z62: 300 | AD62: =SUM(B62:AC62) -> 1020 | AE62: 691 | AF62: =AD62/AE62 -> 1.4761216
A63: LINGANORE HIGH | D63: 40 | F63: 260 | H63: 200 | J63: 180 | L63: 240 | N63: 240 | P63: 180 | R63: 260 | V63: blocked | W63: 220 | X63: 80 | Z63: 440 | AD63: =SUM(B63:AC63) -> 2340 | AE63: 1646 | AF63: =AD63/AE63 -> 1.4216282
A64: MIDDLETOWN PRIMARY | E64: 280 | K64: 60 | Q64: 300 | W64: 60 | AD64: =SUM(B64:AC64) -> 700 | AE64: 541 | AF64: =AD64/AE64 -> 1.2939002
A65: BALLENGER CREEK MIDDLE | B65: 80 | E65: 100 | H65: 200 | K65: 20 | N65: 80 | Q65: 60 | T65: 160 | W65: 100 | Z65: 120 | AD65: =SUM(B65:AC65) -> 920 | AE65: 797 | AF65: =AD65/AE65 -> 1.1543287
A66: TWIN RIDGE ELEMENTARY | F66: 160 | L66: 120 | R66: 180 | X66: 140 | AD66: =SUM(B66:AC66) -> 600 | AE66: 598 | AF66: =AD66/AE66 -> 1.0033445
A67: WALKERSVILLE ELEMENTARY | E67: 280 | K67: 60 | Q67: 180 | W67: 160 | AD67: =SUM(B67:AC67) -> 680 | AE67: 762 | AF67: =AD67/AE67 -> 0.89238845
AD69: =SUM(AD6:AD68) -> 132140

Sheet NOV 12
A1: Data in the yellow columns shows the pounds of material collected from each facility's RECYCLING dumpster and the date material was picked up.
A3: NOVEMBER | B3: MON | C3: TUE | D3: WED | E3: THU | F3: FRI | H3: MON | I3: TUE | J3: WED | K3: THU | L3: FRI | N3: MON | O3: TUE | P3: WED | Q3: THU | R3: FRI | T3: MON | U3: TUE | V3: WED | W3: THU | X3: FRI | Z3: MON | AA3: TUE | AB3: WED | AC3: THU | AD3: FRI
A4: Date of Collection | E4: 1 | F4: 2 | H4: 5 | I4: 6 | J4: 7 | K4: 8 | L4: 9 | N4: 12 | O4: 13 | P4: 14 | Q4: 15 | R4: 16 | T4: 19 | U4: 20 | V4: 21 | W4: 22 | X4: 23 | Z4: 26 | AA4: 27 | AB4: 28 | AC4: 29 | AD4: 30 | AF4: TOTAL COLLECTED | AG4: # of Recyclers | AH4: Pounds Recycled Per Capita
A5: SCHOOL:
A6: EMMITSBURG ELEMENTARY | E6: 1660 | K6: 220 | Q6: 240 | X6: 280 | AC6: 1240 | AF6: =SUM(E6:AE6) -> 3640 | AG6: 342 | AH6: =AF6/AG6 -> 10.643275
A7: HEATHER RIDGE SCHOOL | E7: 60 | I7: 220 | K7: 60 | Q7: 40 | U7: 0 | X7: 180 | AA7: 40 | AC7: 140 | AF7: =SUM(E7:AE7) -> 740 | AG7: 121 | AH7: =AF7/AG7 -> 6.1157025
A8: LIBERTY ELEMENTARY | E8: 1280 | K8: 120 | Q8: 260 | X8: 140 | AC8: 160 | AF8: =SUM(E8:AE8) -> 1960 | AG8: 334 | AH8: =AF8/AG8 -> 5.8682635
A9: MONOCACY ELEMENTARY | I9: 100 | U9: 560 | AA9: 1120 | AD9: 1980 | AF9: =SUM(E9:AE9) -> 3760 | AG9: 702 | AH9: =AF9/AG9 -> 5.3561254
A10: ROCK CREEK SCHOOL | F10: 160 | I10: 160 | L10: 140 | R10: 120 | U10: 100 | AA10: 20 | AD10: 140 | AF10: =SUM(E10:AE10) -> 840 | AG10: 177 | AH10: =AF10/AG10 -> 4.7457627
A11: URBANA MIDDLE | F11: 340 | I11: 20 | L11: 100 | R11: 20 | U11: 1660 | AA11: 20 | AD11: 1720 | AF11: =SUM(E11:AE11) -> 3880 | AG11: 830 | AH11: =AF11/AG11 -> 4.6746988
A12: KEMPTOWN ELEMENTARY | F12: 320 | L12: 100 | R12: 260 | AD12: 1360 | AF12: =SUM(E12:AE12) -> 2040 | AG12: 442 | AH12: =AF12/AG12 -> 4.6153846
A13: GREEN VALLEY ELEMENTARY | F13: 240 | L13: 1420 | R13: 200 | AD13: 240 | AF13: =SUM(E13:AE13) -> 2100 | AG13: 469 | AH13: =AF13/AG13 -> 4.4776119
A14: BALLENGER CREEK ELEMENTARY | E14: 720 | H14: 40 | K14: 1620 | Q14: 220 | T14: 260 | X14: 180 | AC14: 200 | AF14: =SUM(E14:AE14) -> 3240 | AG14: 738 | AH14: =AF14/AG14 -> 4.3902439
A15: MIDDLETOWN PRIMARY | E15: 360 | K15: 1500 | Q15: 300 | X15: 120 | AC15: 60 | AF15: =SUM(E15:AE15) -> 2340 | AG15: 541 | AH15: =AF15/AG15 -> 4.3253235
A16: SABILLASVILLE ELEMENTARY | E16: 200 | K16: 40 | Q16: 80 | X16: 100 | AC16: 220 | AF16: =SUM(E16:AE16) -> 640 | AG16: 157 | AH16: =AF16/AG16 -> 4.0764331
A17: MYERSVILLE ELEMENTARY | E17: 560 | K17: 220 | Q17: 300 | X17: 400 | AC17: 160 | AF17: =SUM(E17:AE17) -> 1640 | AG17: 419 | AH17: =AF17/AG17 -> 3.9140811
A18: WAVERLY ELEMENTARY | F18: 160 | I18: 1300 | L18: 200 | R18: 60 | U18: 220 | AA18: 40 | AD18: 400 | AF18: =SUM(E18:AE18) -> 2380 | AG18: 637 | AH18: =AF18/AG18 -> 3.7362637
A19: NEW MIDWAY ELEMENTARY | E19: 60 | K19: 120 | Q19: 180 | X19: 180 | AC19: 80 | AF19: =SUM(E19:AE19) -> 620 | AG19: 166 | AH19: =AF19/AG19 -> 3.7349398
A20: URBANA HIGH | F20: 280 | H20: 520 | J20: 280 | L20: 420 | P20: 860 | R20: 380 | T20: 2120 | V20: 480 | AB20: 220 | AD20: 320 | AF20: =SUM(E20:AE20) -> 5880 | AG20: 1609 | AH20: =AF20/AG20 -> 3.6544438
A21: ORCHARD GROVE ELEMENTARY | E21: 460 | H21: 400 | K21: 220 | Q21: 320 | T21: 360 | X21: 240 | Z21: 120 | AC21: 340 | AF21: =SUM(E21:AE21) -> 2460 | AG21: 695 | AH21: =AF21/AG21 -> 3.5395683
A22: WHITTIER ELEMENTARY | H22: 700 | T22: 1740 | Z22: 560 | AF22: =SUM(E22:AE22) -> 3000 | AG22: 865 | AH22: =AF22/AG22 -> 3.4682081
A23: THURMONT PRIMARY | E23: 240 | K23: 300 | Q23: 480 | X23: 260 | AC23: 220 | AF23: =SUM(E23:AE23) -> 1500 | AG23: 442 | AH23: =AF23/AG23 -> 3.3936652
A24: THOMAS JOHNSON MIDDLE | E24: 460 | H24: 140 | K24: 80 | Q24: 980 | T24: 0 | X24: 100 | Z24: 160 | AC24: 180 | AF24: =SUM(E24:AE24) -> 2100 | AG24: 630 | AH24: =AF24/AG24 -> 3.3333333
A25: CRESTWOOD MIDDLE | E25: 580 | K25: 320 | Q25: 460 | X25: 360 | AC25: 140 | AF25: =SUM(E25:AE25) -> 1860 | AG25: 573 | AH25: =AF25/AG25 -> 3.2460733
A26: TWIN RIDGE ELEMENTARY | F26: 540 | L26: 20 | R26: 1220 | AD26: 140 | AF26: =SUM(E26:AE26) -> 1920 | AG26: 598 | AH26: =AF26/AG26 -> 3.2107023
A27: MONOCACY MIDDLE | F27: 180 | I27: 340 | L27: 1200 | R27: 280 | U27: 140 | AA27: 180 | AD27: 200 | AF27: =SUM(E27:AE27) -> 2520 | AG27: 816 | AH27: =AF27/AG27 -> 3.0882353
A28: CATOCTIN HIGH | E28: 340 | H28: 340 | K28: 700 | Q28: 600 | T28: 360 | X28: 320 | Z28: 220 | AC28: 420 | AF28: =SUM(E28:AE28) -> 3300 | AG28: 1074 | AH28: =AF28/AG28 -> 3.0726257
A29: WOODSBORO ELEMENTARY | E29: 220 | K29: 60 | Q29: 80 | X29: 120 | AC29: 160 | AF29: =SUM(E29:AE29) -> 640 | AG29: 213 | AH29: =AF29/AG29 -> 3.0046948
A30: OAKDALE ELEMENTARY | I30: 100 | U30: 280 | AA30: 1700 | AF30: =SUM(E30:AE30) -> 2080 | AG30: 707 | AH30: =AF30/AG30 -> 2.9420085
A31: THURMONT ELEMENTARY | E31: 260 | K31: 160 | Q31: 80 | X31: 320 | AC31: 220 | AF31: =SUM(E31:AE31) -> 1040 | AG31: 381 | AH31: =AF31/AG31 -> 2.7296588
A32: THOMAS JOHNSON HIGH | E32: 820 | F32: 280 | H32: 320 | I32: 400 | L32: 380 | Q32: 60 | R32: 200 | T32: 740 | U32: 300 | X32: 60 | Z32: 80 | AA32: 100 | AC32: 520 | AD32: 140 | AF32: =SUM(E32:AE32) -> 4400 | AG32: 1632 | AH32: =AF32/AG32 -> 2.6960784
A33: PARKWAY ELEMENTARY | H33: 300 | T33: 300 | Z33: 200 | AF33: =SUM(E33:AE33) -> 800 | AG33: 302 | AH33: =AF33/AG33 -> 2.6490066
A34: NEW MARKET MIDDLE | F34: 320 | I34: 200 | L34: 260 | R34: 180 | U34: 180 | AA34: 100 | AD34: 240 | AF34: =SUM(E34:AE34) -> 1480 | AG34: 581 | AH34: =AF34/AG34 -> 2.5473322
A35: LEWISTOWN ELEMENTARY | E35: 140 | K35: 20 | Q35: 160 | X35: 160 | AC35: 160 | AF35: =SUM(E35:AE35) -> 640 | AG35: 274 | AH35: =AF35/AG35 -> 2.3357664
A36: WOLFSVILLE ELEMENTARY | E36: 80 | K36: 140 | Q36: 80 | X36: 40 | AC36: 140 | AF36: =SUM(E36:AE36) -> 480 | AG36: 209 | AH36: =AF36/AG36 -> 2.2966507
A37: BRUNSWICK HIGH | E37: 800 | H37: 240 | T37: 280 | Z37: 420 | AF37: =SUM(E37:AE37) -> 1740 | AG37: 807 | AH37: =AF37/AG37 -> 2.1561338
A38: MIDDLETOWN HIGH | E38: 320 | H38: 360 | K38: 40 | Q38: 260 | T38: 520 | X38: 240 | Z38: 660 | AC38: 300 | AF38: =SUM(E38:AE38) -> 2700 | AG38: 1325 | AH38: =AF38/AG38 -> 2.0377358
A39: CENTERVILLE ELEMENTARY | F39: 420 | I39: 240 | L39: 160 | R39: 400 | U39: 620 | AA39: 180 | AD39: 20 | AF39: =SUM(E39:AE39) -> 2040 | AG39: 1028 | AH39: =AF39/AG39 -> 1.9844358
A40: TUSCARORA ELEMENTARY | E40: 360 | H40: 300 | K40: 140 | Q40: 200 | T40: 280 | X40: 320 | AC40: 40 | AF40: =SUM(E40:AE40) -> 1640 | AG40: 839 | AH40: =AF40/AG40 -> 1.954708
A41: N FREDERICK ELEMENTARY | I41: 340 | U41: 480 | AA41: 500 | AF41: =SUM(E41:AE41) -> 1320 | AG41: 693 | AH41: =AF41/AG41 -> 1.9047619
A42: OAKDALE MIDDLE | F42: 140 | I42: 80 | L42: 260 | R42: 80 | U42: 180 | AA42: 60 | AD42: 520 | AF42: =SUM(E42:AE42) -> 1320 | AG42: 697 | AH42: =AF42/AG42 -> 1.8938307
A43: GLADE ELEMENTARY | E43: 180 | K43: 340 | Q43: 180 | X43: 320 | AC43: 280 | AF43: =SUM(E43:AE43) -> 1300 | AG43: 713 | AH43: =AF43/AG43 -> 1.8232819
A44: CARROLL MANOR ELEMENTARY | E44: 160 | K44: 280 | Q44: 180 | X44: 160 | AC44: 280 | AF44: =SUM(E44:AE44) -> 1060 | AG44: 644 | AH44: =AF44/AG44 -> 1.6459627
A45: MIDDLETOWN MIDDLE | E45: 400 | H45: 80 | K45: 20 | Q45: 40 | T45: 140 | X45: 220 | Z45: 200 | AC45: 370 | AF45: =SUM(E45:AE45) -> 1470 | AG45: 914 | AH45: =AF45/AG45 -> 1.6083151
A46: HILLCREST ELEMENTARY | F46: 40 | I46: 200 | L46: 200 | R46: 80 | U46: 640 | AA46: 160 | AD46: 240 | AF46: =SUM(E46:AE46) -> 1560 | AG46: 998 | AH46: =AF46/AG46 -> 1.5631263
A47: SPRING RIDGE ELEMENTARY | E47: 60 | H47: 180 | K47: 140 | Q47: 100 | T47: 0 | X47: 180 | AC47: 180 | AF47: =SUM(E47:AE47) -> 840 | AG47: 563 | AH47: =AF47/AG47 -> 1.4920071
A48: TUSCARORA HIGH | E48: 820 | H48: 400 | K48: 400 | Q48: 180 | T48: 300 | X48: 220 | AC48: 140 | AF48: =SUM(E48:AE48) -> 2460 | AG48: 1669 | AH48: =AF48/AG48 -> 1.4739365
A49: MIDDLETOWN ELEMENTARY | H49: 400 | T49: 80 | Z49: 280 | AF49: =SUM(E49:AE49) -> 760 | AG49: 537 | AH49: =AF49/AG49 -> 1.41527
A50: BALLENGER CREEK MIDDLE | E50: 180 | H50: 140 | K50: 160 | Q50: 20 | T50: 280 | X50: 60 | Z50: 160 | AC50: 100 | AF50: =SUM(E50:AE50) -> 1100 | AG50: 797 | AH50: =AF50/AG50 -> 1.3801757
A51: W FREDERIC MIDDLE | F51: 600 | H51: 80 | L51: 20 | R51: 240 | T51: 120 | Z51: 0 | AD51: 160 | AF51: =SUM(E51:AE51) -> 1220 | AG51: 900 | AH51: =AF51/AG51 -> 1.3555556
A52: WALKERSVILLE MIDDLE | E52: 220 | H52: 20 | K52: 200 | Q52: 140 | T52: 80 | X52: 200 | Z52: 160 | AC52: 120 | AF52: =SUM(E52:AE52) -> 1140 | AG52: 859 | AH52: =AF52/AG52 -> 1.3271246
A53: LINGANORE HIGH | F53: 260 | H53: 140 | J53: 100 | L53: 180 | P53: 420 | R53: 220 | T53: 320 | V53: 220 | AB53: 0 | AC53: 220 | AD53: 80 | AF53: =SUM(E53:AE53) -> 2160 | AG53: 1646 | AH53: =AF53/AG53 -> 1.3122722
A54: LINCOLN ELEMENTARY | H54: 240 | T54: 300 | Z54: 220 | AF54: =SUM(E54:AE54) -> 760 | AG54: 586 | AH54: =AF54/AG54 -> 1.2969283
A55: FREDERICK HIGH | F55: 200 | H55: 100 | J55: 160 | L55: 180 | P55: 380 | R55: 180 | T55: 260 | V55: 80 | Z55: 60 | AB55: 80 | AD55: 260 | AF55: =SUM(E55:AE55) -> 1940 | AG55: 1500 | AH55: =AF55/AG55 -> 1.2933333
A56: YELLOW SPRINGS ELEMENTARY | H56: 240 | T56: 180 | Z56: 240 | AF56: =SUM(E56:AE56) -> 660 | AG56: 514 | AH56: =AF56/AG56 -> 1.2840467
A57: BRUNSWICK MIDDLE | E57: 40 | H57: 160 | K57: 80 | Q57: 140 | T57: 140 | X57: 60 | Z57: 60 | AC57: 80 | AF57: =SUM(E57:AE57) -> 760 | AG57: 604 | AH57: =AF57/AG57 -> 1.2582781
A58: WALKERSVILLE ELEMENTARY | E58: 120 | K58: 240 | Q58: 240 | X58: 180 | AC58: 160 | AF58: =SUM(E58:AE58) -> 940 | AG58: 762 | AH58: =AF58/AG58 -> 1.2335958
A59: THURMONT MIDDLE | E59: 180 | H59: 20 | K59: 60 | Q59: 80 | T59: 20 | X59: 200 | Z59: 80 | AC59: 200 | AF59: =SUM(E59:AE59) -> 840 | AG59: 693 | AH59: =AF59/AG59 -> 1.2121212
A60: WALKERSVILLE HIGH | E60: 300 | H60: 380 | K60: 140 | Q60: 40 | T60: 220 | X60: 20 | Z60: 220 | AC60: 40 | AF60: =SUM(E60:AE60) -> 1360 | AG60: 1227 | AH60: =AF60/AG60 -> 1.1083945
A61: OAKDALE HIGH | E61: 260 | H61: 180 | Q61: 200 | T61: 420 | X61: 160 | AC61: 180 | AF61: =SUM(E61:AE61) -> 1400 | AG61: 1274 | AH61: =AF61/AG61 -> 1.0989011
A62: BRUNSWICK ELEMENTARY | H62: 260 | T62: 280 | Z62: 180 | AF62: =SUM(E62:AE62) -> 720 | AG62: 691 | AH62: =AF62/AG62 -> 1.0419682
A63: WINDSOR KNOLLS MIDDLE | F63: 40 | I63: 240 | L63: 100 | R63: 180 | U63: 200 | AA63: 40 | AD63: 140 | AF63: =SUM(E63:AE63) -> 940 | AG63: 954 | AH63: =AF63/AG63 -> 0.98532495
A64: DEER CROSSING ELEMENTARY | I64: 240 | U64: 320 | AA64: 140 | AF64: =SUM(E64:AE64) -> 700 | AG64: 740 | AH64: =AF64/AG64 -> 0.94594595
A65: NEW MARKET ELEMENTARY | I65: 140 | U65: 280 | AA65: 220 | AF65: =SUM(E65:AE65) -> 640 | AG65: 846 | AH65: =AF65/AG65 -> 0.75650118
A66: VALLEY ELEMENTARY | H66: 40 | T66: 120 | Z66: 140 | AF66: =SUM(E66:AE66) -> 300 | AG66: 488 | AH66: =AF66/AG66 -> 0.6147541
A67: URBANA ELEMENTARY | H67: 100 | T67: 200 | AF67: =SUM(E67:AE67) -> 300 | AG67: 820 | AH67: =AF67/AG67 -> 0.36585366
AF69: =SUM(AF6:AF68) -> 104010

Sheet DEC 12
A1: Data in the yellow columns shows the pounds of material collected from each facility's RECYCLING dumpster and the date material was picked up.
A3: DECEMBER | B3: MON | C3: TUE | D3: WED | E3: THU | F3: FRI | H3: MON | I3: TUE | J3: WED | K3: THU | L3: FRI | N3: MON | O3: TUE | P3: WED | Q3: THU | R3: FRI | T3: MON | U3: TUE | V3: WED | W3: THU | X3: FRI | Z3: MON
A4: Date of Collection | B4: 3 | C4: 4 | D4: 5 | E4: 6 | F4: 7 | H4: 10 | I4: 11 | J4: 12 | K4: 13 | L4: 14 | N4: 17 | O4: 18 | P4: 19 | Q4: 20 | R4: 21 | T4: 24 | U4: 25 | V4: 26 | W4: 27 | X4: 28 | Z4: 31 | AB4: TOTAL COLLECTED | AC4: # of Recyclers | AD4: Pounds Recycled Per Capita
A5: SCHOOL:
A6: ROCK CREEK SCHOOL | C6: 160 | F6: 140 | I6: 160 | L6: 260 | R6: 220 | X6: 260 | AB6: =SUM(B6:AA6) -> 1200 | AC6: 177 | AD6: =AB6/AC6 -> 6.779661
A7: WOODSBORO ELEMENTARY | E7: 60 | K7: 220 | Q7: 880 | W7: 100 | AB7: =SUM(B7:AA7) -> 1260 | AC7: 213 | AD7: =AB7/AC7 -> 5.915493
A8: LIBERTY ELEMENTARY | E8: 120 | K8: 160 | Q8: 1320 | W8: 120 | AB8: =SUM(B8:AA8) -> 1720 | AC8: 334 | AD8: =AB8/AC8 -> 5.1497006
A9: HEATHER RIDGE SCHOOL | C9: 220 | E9: 60 | I9: 40 | K9: 60 | Q9: 120 | T9: 100 | W9: 20 | AB9: =SUM(B9:AA9) -> 620 | AC9: 121 | AD9: =AB9/AC9 -> 5.1239669
A10: EMMITSBURG ELEMENTARY | E10: 220 | K10: 1080 | Q10: 120 | W10: 320 | AB10: =SUM(B10:AA10) -> 1740 | AC10: 342 | AD10: =AB10/AC10 -> 5.0877193
A11: BALLENGER CREEK ELEMENTARY | B11: 40 | E11: 1620 | H11: 160 | K11: 520 | N11: 160 | Q11: 560 | T11: 260 | W11: 200 | Z11: 20 | AB11: =SUM(B11:AA11) -> 3540 | AC11: 738 | AD11: =AB11/AC11 -> 4.796748
A12: SPRING RIDGE ELEMENTARY | B12: 180 | E12: 140 | H12: 180 | K12: 100 | N12: 1300 | Q12: 140 | T12: 260 | W12: 80 | Z12: 260 | AB12: =SUM(B12:AA12) -> 2640 | AC12: 563 | AD12: =AB12/AC12 -> 4.6891652
A13: THOMAS JOHNSON HIGH | B13: 320 | C13: 400 | E13: 380 | F13: 380 | H13: 60 | I13: 320 | K13: 940 | L13: 500 | N13: 60 | O13: 400 | Q13: 680 | R13: 680 | T13: 100 | U13: 380 | W13: 640 | X13: 480 | Z13: 60 | AB13: =SUM(B13:AA13) -> 6780 | AC13: 1632 | AD13: =AB13/AC13 -> 4.1544118
A14: GREEN VALLEY ELEMENTARY | F14: 1420 | L14: 260 | R14: 0 | X14: 140 | AB14: =SUM(B14:AA14) -> 1820 | AC14: 469 | AD14: =AB14/AC14 -> 3.880597
A15: NEW MARKET MIDDLE | C15: 200 | F15: 260 | I15: 180 | L15: 240 | O15: 280 | R15: 520 | U15: 260 | X15: 160 | AB15: =SUM(B15:AA15) -> 2100 | AC15: 581 | AD15: =AB15/AC15 -> 3.6144578
A16: NEW MIDWAY ELEMENTARY | E16: 120 | K16: 140 | Q16: 180 | W16: 140 | AB16: =SUM(B16:AA16) -> 580 | AC16: 166 | AD16: =AB16/AC16 -> 3.4939759
A17: ORCHARD GROVE ELEMENTARY | B17: 400 | E17: 220 | H17: 260 | K17: 400 | N17: 220 | Q17: 280 | T17: 200 | W17: 380 | Z17: 40 | AB17: =SUM(B17:AA17) -> 2400 | AC17: 695 | AD17: =AB17/AC17 -> 3.4532374
A18: WAVERLY ELEMENTARY | C18: 1300 | F18: 200 | I18: 200 | L18: 80 | R18: 300 | X18: 60 | AB18: =SUM(B18:AA18) -> 2140 | AC18: 637 | AD18: =AB18/AC18 -> 3.3594976
A19: MIDDLETOWN PRIMARY | E19: 1500 | K19: 60 | Q19: 20 | W19: 180 | AB19: =SUM(B19:AA19) -> 1760 | AC19: 541 | AD19: =AB19/AC19 -> 3.2532348
A20: PARKWAY ELEMENTARY | B20: 300 | H20: 120 | N20: 280 | T20: 260 | Z20: 20 | AB20: =SUM(B20:AA20) -> 980 | AC20: 302 | AD20: =AB20/AC20 -> 3.2450331
A21: URBANA MIDDLE | C21: 20 | F21: 100 | I21: 80 | L21: 80 | O21: 1820 | R21: 260 | U21: 120 | X21: 60 | AB21: =SUM(B21:AA21) -> 2540 | AC21: 830 | AD21: =AB21/AC21 -> 3.060241
A22: CATOCTIN HIGH | B22: 340 | E22: 700 | H22: 480 | K22: 700 | N22: 300 | Q22: 240 | T22: 160 | W22: 180 | Z22: 120 | AB22: =SUM(B22:AA22) -> 3220 | AC22: 1074 | AD22: =AB22/AC22 -> 2.9981378
A23: MONOCACY MIDDLE | C23: 340 | F23: 1200 | I23: 80 | L23: 220 | R23: 220 | X23: 240 | AB23: =SUM(B23:AA23) -> 2300 | AC23: 816 | AD23: =AB23/AC23 -> 2.8186275
A24: THURMONT ELEMENTARY | E24: 160 | K24: 340 | Q24: 240 | W24: 320 | AB24: =SUM(B24:AA24) -> 1060 | AC24: 381 | AD24: =AB24/AC24 -> 2.7821522
A25: WOLFSVILLE ELEMENTARY | E25: 140 | K25: 140 | Q25: 140 | W25: 160 | AB25: =SUM(B25:AA25) -> 580 | AC25: 209 | AD25: =AB25/AC25 -> 2.7751196
A26: THURMONT PRIMARY | E26: 300 | K26: 360 | Q26: 200 | W26: 340 | AB26: =SUM(B26:AA26) -> 1200 | AC26: 442 | AD26: =AB26/AC26 -> 2.7149321
A27: N FREDERICK ELEMENTARY | C27: 340 | I27: 300 | O27: 480 | Q27: 440 | U27: 300 | AB27: =SUM(B27:AA27) -> 1860 | AC27: 693 | AD27: =AB27/AC27 -> 2.6839827
A28: THOMAS JOHNSON MIDDLE | B28: 140 | H28: 180 | K28: 140 | N28: 140 | Q28: 200 | T28: 120 | W28: 160 | Z28: 560 | AB28: =SUM(B28:AA28) -> 1640 | AC28: 630 | AD28: =AB28/AC28 -> 2.6031746
A29: TUSCARORA ELEMENTARY | B29: 300 | E29: 140 | H29: 340 | K29: 300 | N29: 200 | Q29: 260 | T29: 220 | W29: 280 | Z29: 40 | AB29: =SUM(B29:AA29) -> 2080 | AC29: 839 | AD29: =AB29/AC29 -> 2.4791418
A30: CRESTWOOD MIDDLE | E30: 320 | K30: 200 | Q30: 520 | W30: 320 | AB30: =SUM(B30:AA30) -> 1360 | AC30: 573 | AD30: =AB30/AC30 -> 2.3734729
A31: URBANA HIGH | B31: 520 | D31: 280 | F31: 420 | H31: 280 | J31: 240 | L31: 400 | N31: 200 | P31: 180 | R31: 260 | T31: 180 | X31: 240 | Z31: 480 | AB31: =SUM(B31:AA31) -> 3680 | AC31: 1609 | AD31: =AB31/AC31 -> 2.2871349
A32: THURMONT MIDDLE | B32: 20 | E32: 60 | H32: 240 | K32: 160 | N32: 140 | Q32: 240 | T32: 120 | W32: 180 | Z32: 380 | AB32: =SUM(B32:AA32) -> 1540 | AC32: 693 | AD32: =AB32/AC32 -> 2.2222222
A33: WHITTIER ELEMENTARY | B33: 700 | H33: 520 | N33: 320 | T33: 320 | Z33: 40 | AB33: =SUM(B33:AA33) -> 1900 | AC33: 865 | AD33: =AB33/AC33 -> 2.1965318
A34: MIDDLETOWN ELEMENTARY | B34: 400 | H34: 260 | N34: 260 | T34: 220 | Z34: 0 | AB34: =SUM(B34:AA34) -> 1140 | AC34: 537 | AD34: =AB34/AC34 -> 2.122905
A35: BRUNSWICK MIDDLE | B35: 160 | E35: 80 | H35: 80 | K35: 80 | N35: 80 | Q35: 200 | T35: 240 | W35: 60 | Z35: 280 | AB35: =SUM(B35:AA35) -> 1260 | AC35: 604 | AD35: =AB35/AC35 -> 2.0860927
A36: MIDDLETOWN HIGH | B36: 360 | E36: 40 | H36: 420 | K36: 320 | N36: 380 | Q36: 500 | T36: 360 | W36: 180 | Z36: 120 | AB36: =SUM(B36:AA36) -> 2680 | AC36: 1325 | AD36: =AB36/AC36 -> 2.0226415
A37: CARROLL MANOR ELEMENTARY | E37: 280 | K37: 400 | Q37: 280 | W37: 320 | AB37: =SUM(B37:AA37) -> 1280 | AC37: 644 | AD37: =AB37/AC37 -> 1.9875776
A38: CENTERVILLE ELEMENTARY | C38: 240 | F38: 160 | I38: 420 | L38: 400 | O38: 300 | R38: 200 | V38: 220 | X38: 40 | AB38: =SUM(B38:AA38) -> 1980 | AC38: 1028 | AD38: =AB38/AC38 -> 1.92607
A39: OAKDALE HIGH | B39: 180 | H39: 160 | K39: 220 | N39: 620 | Q39: 300 | T39: 580 | W39: 200 | Z39: 120 | AB39: =SUM(B39:AA39) -> 2380 | AC39: 1274 | AD39: =AB39/AC39 -> 1.8681319
A40: FREDERICK HIGH | B40: 100 | D40: 160 | F40: 180 | H40: 280 | J40: 180 | L40: 320 | N40: 620 | P40: 220 | R40: 200 | T40: 160 | V40: 20 | X40: 120 | Z40: 120 | AB40: =SUM(B40:AA40) -> 2680 | AC40: 1500 | AD40: =AB40/AC40 -> 1.7866667
A41: MYERSVILLE ELEMENTARY | E41: 220 | K41: 320 | Q41: 20 | W41: 160 | AB41: =SUM(B41:AA41) -> 720 | AC41: 419 | AD41: =AB41/AC41 -> 1.7183771
A42: GLADE ELEMENTARY | E42: 340 | K42: 380 | Q42: 240 | W42: 220 | AB42: =SUM(B42:AA42) -> 1180 | AC42: 713 | AD42: =AB42/AC42 -> 1.654979
A43: TUSCARORA HIGH | B43: 400 | E43: 400 | H43: 140 | K43: 400 | N43: 400 | Q43: 220 | T43: 380 | W43: 200 | Z43: 160 | AB43: =SUM(B43:AA43) -> 2700 | AC43: 1669 | AD43: =AB43/AC43 -> 1.6177352
A44: LINCOLN ELEMENTARYENTARY | B44: 240 | H44: 160 | N44: 340 | T44: 200 | Z44: 0 | AB44: =SUM(B44:AA44) -> 940 | AC44: 586 | AD44: =AB44/AC44 -> 1.6040956
A45: OAKDALE MIDDLE | C45: 80 | F45: 260 | I45: 160 | L45: 100 | O45: 60 | R45: 240 | U45: 100 | X45: 100 | AB45: =SUM(B45:AA45) -> 1100 | AC45: 697 | AD45: =AB45/AC45 -> 1.5781923
A46: VALLEY ELEMENTARY | B46: 40 | H46: 220 | N46: 260 | T46: 240 | Z46: 0 | AB46: =SUM(B46:AA46) -> 760 | AC46: 488 | AD46: =AB46/AC46 -> 1.557377
A47: NEW MARKET ELEMENTARY | C47: 140 | I47: 480 | O47: 340 | U47: 340 | AB47: =SUM(B47:AA47) -> 1300 | AC47: 846 | AD47: =AB47/AC47 -> 1.536643
A48: OAKDALE ELEMENTARY | C48: 100 | I48: 120 | O48: 500 | U48: 360 | AB48: =SUM(B48:AA48) -> 1080 | AC48: 707 | AD48: =AB48/AC48 -> 1.5275813
A49: URBANA ELEMENTARY | B49: 100 | H49: 420 | N49: 320 | T49: 300 | Z49: 60 | AB49: =SUM(B49:AA49) -> 1200 | AC49: 820 | AD49: =AB49/AC49 -> 1.4634146
A50: WINDSOR KNOLLS MIDDLE | C50: 240 | F50: 100 | I50: 140 | L50: 160 | O50: 100 | R50: 440 | U50: 80 | X50: 120 | AB50: =SUM(B50:AA50) -> 1380 | AC50: 954 | AD50: =AB50/AC50 -> 1.4465409
A51: BRUNSWICK HIGH | B51: 240 | H51: 360 | N51: 280 | T51: 260 | Z51: 20 | AB51: =SUM(B51:AA51) -> 1160 | AC51: 807 | AD51: =AB51/AC51 -> 1.4374226
A52: HILLCREST ELEMENTARY | C52: 200 | F52: 200 | I52: 180 | L52: 300 | R52: 240 | T52: 120 | X52: 100 | AB52: =SUM(B52:AA52) -> 1340 | AC52: 998 | AD52: =AB52/AC52 -> 1.3426854
A53: BRUNSWICK ELEMENTARY | B53: 260 | H53: 360 | N53: 20 | T53: 180 | Z53: 100 | AB53: =SUM(B53:AA53) -> 920 | AC53: 691 | AD53: =AB53/AC53 -> 1.3314038
A54: WALKERSVILLE MIDDLE | B54: 20 | E54: 200 | H54: 160 | K54: 180 | N54: 180 | Q54: 60 | T54: 160 | W54: 120 | Z54: 40 | AB54: =SUM(B54:AA54) -> 1120 | AC54: 859 | AD54: =AB54/AC54 -> 1.3038417
A55: WALKERSVILLE HIGH | B55: 380 | E55: 140 | H55: 180 | K55: 160 | N55: 260 | Q55: 20 | T55: 240 | W55: 120 | Z55: 20 | AB55: =SUM(B55:AA55) -> 1520 | AC55: 1227 | AD55: =AB55/AC55 -> 1.2387938
A56: KEMPTOWN ELEMENTARY | F56: 100 | L56: 180 | R56: 100 | X56: 120 | AB56: =SUM(B56:AA56) -> 500 | AC56: 442 | AD56: =AB56/AC56 -> 1.1312217
A57: YELLOW SPRINGS ELEMENTARY | B57: 240 | H57: 140 | N57: 60 | T57: 100 | Z57: 40 | AB57: =SUM(B57:AA57) -> 580 | AC57: 514 | AD57: =AB57/AC57 -> 1.1284047
A58: W FREDERIC MIDDLE | B58: 80 | F58: 20 | H58: 120 | L58: 260 | N58: 100 | R58: 20 | T58: 80 | X58: 220 | Z58: 80 | AB58: =SUM(B58:AA58) -> 980 | AC58: 900 | AD58: =AB58/AC58 -> 1.0888889
A59: WALKERSVILLE ELEMENTARY | E59: 240 | K59: 60 | Q59: 460 | W59: 60 | AB59: =SUM(B59:AA59) -> 820 | AC59: 762 | AD59: =AB59/AC59 -> 1.0761155
A60: BALLENGER CREEK MIDDLE | B60: 140 | E60: 160 | H60: 180 | K60: 20 | N60: 80 | Q60: 20 | T60: 120 | W60: 100 | Z60: 0 | AB60: =SUM(B60:AA60) -> 820 | AC60: 797 | AD60: =AB60/AC60 -> 1.0288582
A61: LINGANORE HIGH | B61: 140 | D61: 100 | F61: 180 | H61: 140 | J61: 180 | L61: 240 | N61: 240 | R61: 80 | T61: 280 | X61: 100 | Z61: 0 | AB61: =SUM(B61:AA61) -> 1680 | AC61: 1646 | AD61: =AB61/AC61 -> 1.0206561
A62: SABILLASVILLE ELEMENTARY | E62: 40 | K62: 20 | Q62: 40 | W62: 60 | AB62: =SUM(B62:AA62) -> 160 | AC62: 157 | AD62: =AB62/AC62 -> 1.0191083
A63: MIDDLETOWN MIDDLE | B63: 80 | E63: 20 | H63: 80 | K63: 160 | N63: 80 | Q63: 120 | T63: 100 | W63: 160 | Z63: 20 | AB63: =SUM(B63:AA63) -> 820 | AC63: 914 | AD63: =AB63/AC63 -> 0.89715536
A64: LEWISTOWN ELEMENTARY | E64: 20 | K64: 80 | Q64: 0 | W64: 120 | AB64: =SUM(B64:AA64) -> 220 | AC64: 274 | AD64: =AB64/AC64 -> 0.80291971
A65: DEER CROSSING ELEMENTARY | C65: 240 | I65: 140 | O65: 60 | V65: 120 | AB65: =SUM(B65:AA65) -> 560 | AC65: 740 | AD65: =AB65/AC65 -> 0.75675676
A66: TWIN RIDGE ELEMENTARY | F66: 20 | L66: 120 | R66: 180 | X66: 120 | AB66: =SUM(B66:AA66) -> 440 | AC66: 598 | AD66: =AB66/AC66 -> 0.73578595
A67: MONOCACY ELEMENTARY | C67: 100 | I67: 300 | AB67: =SUM(B67:AA67) -> 400 | AC67: 702 | AD67: =AB67/AC67 -> 0.56980057
AB69: =SUM(AB6:AB68) -> 96040

Sheet JAN 13
A1: Data in the yellow columns shows the pounds of material collected from each facility's RECYCLING dumpster and the date material was picked up.
A3: JANUARY | B3: MON | C3: TUE | D3: WED | E3: THU | F3: FRI | H3: MON | I3: TUE | J3: WED | K3: THU | L3: FRI | N3: MON | O3: TUE | P3: WED | Q3: THU | R3: FRI | T3: MON | U3: TUE | V3: WED | W3: THU | X3: FRI | Z3: MON | AA3: TUE | AB3: WED | AC3: THU
A4: Date of Collection | C4: 1 | D4: 2 | E4: 3 | F4: 4 | H4: 7 | I4: 8 | J4: 9 | K4: 10 | L4: 11 | N4: 14 | O4: 15 | P4: 16 | Q4: 17 | R4: 18 | T4: 21 | U4: 22 | V4: 23 | W4: 24 | X4: 25 | Z4: 28 | AA4: 29 | AB4: 30 | AC4: 31 | AE4: TOTAL COLLECTED | AF4: # of Recyclers | AG4: Pounds Recycled Per Capita
A5: SCHOOL:
A6: HEATHER RIDGE SCHOOL | C6: 40 | E6: 60 | I6: 200 | K6: 40 | O6: 80 | Q6: 20 | U6: 140 | X6: 60 | AA6: 20 | AC6: 200 | AE6: =SUM(B6:AD6) -> 860 | AF6: 121 | AG6: =AE6/AF6 -> 7.107438
A7: EMMITSBURG ELEMENTARY | E7: 360 | K7: 1120 | Q7: 40 | X7: 420 | AC7: 460 | AE7: =SUM(B7:AD7) -> 2400 | AF7: 342 | AG7: =AE7/AF7 -> 7.0175439
A8: WOLFSVILLE ELEMENTARY | E8: 780 | K8: 80 | Q8: 180 | X8: 60 | AC8: 140 | AE8: =SUM(B8:AD8) -> 1240 | AF8: 209 | AG8: =AE8/AF8 -> 5.9330144
A9: BALLENGER CREEK ELEMENTARY | C9: 120 | E9: 360 | H9: 1420 | K9: 460 | N9: 300 | Q9: 380 | T9: 400 | X9: 220 | Z9: 120 | AC9: 440 | AE9: =SUM(B9:AD9) -> 4220 | AF9: 738 | AG9: =AE9/AF9 -> 5.7181572
A10: THURMONT PRIMARY | E10: 60 | K10: 1720 | Q10: 260 | X10: 180 | AC10: 200 | AE10: =SUM(B10:AD10) -> 2420 | AF10: 442 | AG10: =AE10/AF10 -> 5.4751131
A11: URBANA MIDDLE | C11: 360 | F11: 160 | I11: 80 | L11: 240 | O11: 1820 | R11: 60 | U11: 40 | X11: 60 | AA11: 1720 | AE11: =SUM(B11:AD11) -> 4540 | AF11: 830 | AG11: =AE11/AF11 -> 5.4698795
A12: CRESTWOOD MIDDLE | E12: 20 | K12: 2080 | Q12: 260 | X12: 420 | AC12: 300 | AE12: =SUM(B12:AD12) -> 3080 | AF12: 573 | AG12: =AE12/AF12 -> 5.3752182
A13: WAVERLY ELEMENTARY | C13: 100 | F13: 300 | I13: 260 | L13: 180 | O13: 320 | R13: 280 | U13: 260 | X13: 180 | AA13: 760 | AB13: 760 | AE13: =SUM(B13:AD13) -> 3400 | AF13: 637 | AG13: =AE13/AF13 -> 5.3375196
A14: N FREDERICK ELEMENTARY | C14: 60 | E14: 160 | I14: 280 | K14: 360 | O14: 480 | Q14: 320 | U14: 640 | X14: 460 | AA14: 200 | AC14: 560 | AE14: =SUM(B14:AD14) -> 3520 | AF14: 693 | AG14: =AE14/AF14 -> 5.0793651
A15: ROCK CREEK SCHOOL | C15: 80 | F15: 140 | I15: 140 | L15: 80 | O15: 100 | R15: 20 | U15: 60 | X15: 100 | AA15: 80 | AE15: =SUM(B15:AD15) -> 800 | AF15: 177 | AG15: =AE15/AF15 -> 4.519774
A16: CARROLL MANOR ELEMENTARY | E16: 120 | K16: 420 | Q16: 1500 | X16: 520 | AC16: 280 | AE16: =SUM(B16:AD16) -> 2840 | AF16: 644 | AG16: =AE16/AF16 -> 4.4099379
A17: TUSCARORA ELEMENTARY | E17: 220 | H17: 280 | K17: 260 | N17: 240 | Q17: 380 | T17: 700 | X17: 500 | Z17: 120 | AC17: 820 | AE17: =SUM(B17:AD17) -> 3520 | AF17: 839 | AG17: =AE17/AF17 -> 4.1954708
A18: THOMAS JOHNSON MIDDLE | E18: 120 | H18: 300 | K18: 20 | N18: 860 | Q18: 260 | T18: 200 | X18: 160 | Z18: 20 | AB18: 300 | AC18: 300 | AE18: =SUM(B18:AD18) -> 2540 | AF18: 630 | AG18: =AE18/AF18 -> 4.031746
A19: THURMONT ELEMENTARY | E19: 200 | K19: 360 | Q19: 280 | X19: 220 | AC19: 400 | AE19: =SUM(B19:AD19) -> 1460 | AF19: 381 | AG19: =AE19/AF19 -> 3.832021
A20: MIDDLETOWN HIGH | E20: 60 | H20: 60 | K20: 400 | N20: 260 | Q20: 1580 | T20: 960 | X20: 600 | Z20: 440 | AC20: 380 | AE20: =SUM(B20:AD20) -> 4740 | AF20: 1325 | AG20: =AE20/AF20 -> 3.5773585
A21: LIBERTY ELEMENTARY | E21: 360 | K21: 220 | Q21: 200 | X21: 180 | AC21: 220 | AE21: =SUM(B21:AD21) -> 1180 | AF21: 334 | AG21: =AE21/AF21 -> 3.5329341
A22: NEW MARKET MIDDLE | C22: 120 | F22: 20 | I22: 60 | L22: 320 | O22: 280 | R22: 400 | U22: 200 | X22: 320 | AA22: 300 | AE22: =SUM(B22:AD22) -> 2020 | AF22: 581 | AG22: =AE22/AF22 -> 3.4767642
A23: OAKDALE ELEMENTARY | C23: 80 | I23: 40 | O23: 500 | U23: 180 | AA23: 1580 | AE23: =SUM(B23:AD23) -> 2380 | AF23: 707 | AG23: =AE23/AF23 -> 3.3663366
A24: BRUNSWICK HIGH | H24: 360 | N24: 260 | T24: 120 | Z24: 1940 | AE24: =SUM(B24:AD24) -> 2680 | AF24: 807 | AG24: =AE24/AF24 -> 3.3209418
A25: WOODSBORO ELEMENTARY | E25: 20 | K25: 160 | Q25: 160 | X25: 180 | AC25: 180 | AE25: =SUM(B25:AD25) -> 700 | AF25: 213 | AG25: =AE25/AF25 -> 3.286385
A26: PARKWAY ELEMENTARY | C26: 120 | H26: 280 | N26: 240 | T26: 120 | Z26: 200 | AE26: =SUM(B26:AD26) -> 960 | AF26: 302 | AG26: =AE26/AF26 -> 3.1788079
A27: LEWISTOWN ELEMENTARY | E27: 120 | K27: 88 | Q27: 180 | X27: 140 | AC27: 340 | AE27: =SUM(B27:AD27) -> 868 | AF27: 274 | AG27: =AE27/AF27 -> 3.1678832
A28: ORCHARD GROVE ELEMENTARY | E28: 120 | H28: 320 | K28: 280 | N28: 260 | Q28: 320 | T28: 40 | X28: 280 | Z28: 100 | AC28: 360 | AE28: =SUM(B28:AD28) -> 2080 | AF28: 695 | AG28: =AE28/AF28 -> 2.9928058
A29: MIDDLETOWN PRIMARY | E29: 400 | K29: 300 | Q29: 300 | X29: 260 | AC29: 320 | AE29: =SUM(B29:AD29) -> 1580 | AF29: 541 | AG29: =AE29/AF29 -> 2.9205176
A30: WALKERSVILLE MIDDLE | E30: 500 | H30: 320 | K30: 100 | N30: 140 | Q30: 180 | T30: 160 | X30: 160 | Z30: 800 | AC30: 120 | AE30: =SUM(B30:AD30) -> 2480 | AF30: 859 | AG30: =AE30/AF30 -> 2.887078
A31: URBANA HIGH | D31: 220 | F31: 140 | H31: 400 | J31: 320 | L31: 240 | N31: 340 | P31: 280 | R31: 140 | T31: 260 | V31: 220 | X31: 120 | Z31: 100 | AB31: 1740 | AE31: =SUM(B31:AD31) -> 4520 | AF31: 1609 | AG31: =AE31/AF31 -> 2.8091983
A32: SPRING RIDGE ELEMENTARY | E32: 180 | H32: 280 | K32: 180 | N32: 200 | Q32: 180 | T32: 60 | X32: 100 | Z32: 160 | AC32: 80 | AE32: =SUM(B32:AD32) -> 1420 | AF32: 563 | AG32: =AE32/AF32 -> 2.5222025
A33: BRUNSWICK MIDDLE | E33: 120 | H33: 180 | K33: 140 | N33: 100 | Q33: 160 | T33: 380 | X33: 80 | Z33: 140 | AC33: 220 | AE33: =SUM(B33:AD33) -> 1520 | AF33: 604 | AG33: =AE33/AF33 -> 2.5165563
A34: WALKERSVILLE HIGH | E34: 120 | H34: 80 | K34: 280 | N34: 380 | Q34: 280 | T34: 980 | X34: 580 | Z34: 40 | AC34: 320 | AE34: =SUM(B34:AD34) -> 3060 | AF34: 1227 | AG34: =AE34/AF34 -> 2.4938875
A35: SABILLASVILLE ELEMENTARY | E35: 80 | K35: 80 | Q35: 80 | W35: 100 | AC35: 40 | AE35: =SUM(B35:AD35) -> 380 | AF35: 157 | AG35: =AE35/AF35 -> 2.4203822
A36: MYERSVILLE ELEMENTARY | E36: 60 | K36: 220 | Q36: 140 | U36: 120 | AC36: 460 | AE36: =SUM(B36:AD36) -> 1000 | AF36: 419 | AG36: =AE36/AF36 -> 2.3866348
A37: BALLENGER CREEK MIDDLE | E37: 200 | H37: 560 | K37: 320 | N37: 120 | Q37: 60 | T37: 60 | X37: 60 | Z37: 160 | AC37: 340 | AE37: =SUM(B37:AD37) -> 1880 | AF37: 797 | AG37: =AE37/AF37 -> 2.3588457
A38: MIDDLETOWN ELEMENTARY | H38: 300 | N38: 320 | T38: 400 | Z38: 240 | AE38: =SUM(B38:AD38) -> 1260 | AF38: 537 | AG38: =AE38/AF38 -> 2.3463687
A39: GREEN VALLEY ELEMENTARY | F39: 240 | L39: 320 | R39: 360 | X39: 180 | AE39: =SUM(B39:AD39) -> 1100 | AF39: 469 | AG39: =AE39/AF39 -> 2.3454158
A40: WINDSOR KNOLLS MIDDLE | C40: 200 | F40: 140 | I40: 180 | L40: 160 | O40: 100 | R40: 360 | U40: 660 | X40: 280 | AA40: 120 | AE40: =SUM(B40:AD40) -> 2200 | AF40: 954 | AG40: =AE40/AF40 -> 2.3060797
A41: OAKDALE HIGH | E41: 120 | H41: 240 | K41: 240 | N41: 220 | Q41: 200 | T41: 1160 | X41: 280 | Z41: 80 | AC41: 380 | AE41: =SUM(B41:AD41) -> 2920 | AF41: 1274 | AG41: =AE41/AF41 -> 2.2919937
A42: MIDDLETOWN MIDDLE | E42: 20 | H42: 200 | K42: 160 | N42: 120 | Q42: 200 | T42: 480 | X42: 120 | Z42: 220 | AC42: 560 | AE42: =SUM(B42:AD42) -> 2080 | AF42: 914 | AG42: =AE42/AF42 -> 2.2757112
A43: HILLCREST ELEMENTARY | C43: 480 | F43: 100 | I43: 400 | L43: 260 | O43: 180 | R43: 340 | U43: 260 | X43: 140 | AA43: 80 | AE43: =SUM(B43:AD43) -> 2240 | AF43: 998 | AG43: =AE43/AF43 -> 2.244489
A44: MONOCACY MIDDLE | C44: 180 | F44: 180 | I44: 340 | L44: 160 | O44: 120 | R44: 360 | U44: 100 | X44: 200 | AA44: 180 | AE44: =SUM(B44:AD44) -> 1820 | AF44: 816 | AG44: =AE44/AF44 -> 2.2303922
A45: KEMPTOWN ELEMENTARY | F45: 220 | L45: 120 | R45: 380 | X45: 260 | AE45: =SUM(B45:AD45) -> 980 | AF45: 442 | AG45: =AE45/AF45 -> 2.2171946
A46: NEW MARKET ELEMENTARY | C46: 360 | I46: 340 | O46: 340 | U46: 340 | AA46: 480 | AE46: =SUM(B46:AD46) -> 1860 | AF46: 846 | AG46: =AE46/AF46 -> 2.1985816
A47: GLADE ELEMENTARY | E47: 60 | K47: 420 | Q47: 420 | X47: 240 | AC47: 420 | AE47: =SUM(B47:AD47) -> 1560 | AF47: 713 | AG47: =AE47/AF47 -> 2.1879383
A48: NEW MIDWAY ELEMENTARY | E48: 20 | K48: 100 | Q48: 20 | X48: 120 | AC48: 100 | AE48: =SUM(B48:AD48) -> 360 | AF48: 166 | AG48: =AE48/AF48 -> 2.1686747
A49: WHITTIER ELEMENTARY | H49: 380 | N49: 260 | T49: 660 | Z49: 440 | AE49: =SUM(B49:AD49) -> 1740 | AF49: 865 | AG49: =AE49/AF49 -> 2.0115607
A50: CATOCTIN HIGH | E50: 40 | H50: 160 | K50: 320 | N50: 340 | Q50: 440 | T50: 120 | X50: 220 | Z50: 140 | AC50: 320 | AE50: =SUM(B50:AD50) -> 2100 | AF50: 1074 | AG50: =AE50/AF50 -> 1.9553073
A51: THOMAS JOHNSON HIGH | C51: 120 | F51: 200 | I51: 120 | L51: 600 | O51: 400 | R51: 440 | U51: 300 | X51: 200 | AA51: 620 | AE51: =SUM(B51:AD51) -> 3000 | AF51: 1632 | AG51: =AE51/AF51 -> 1.8382353
A52: LINGANORE HIGH | D52: 40 | F52: 1180 | H52: 80 | J52: blocked | K52: blocked | L52: 220 | N52: 160 | P52: 200 | R52: 260 | T52: 80 | V52: 180 | X52: 80 | Z52: 80 | AB52: 220 | AE52: =SUM(B52:AD52) -> 2780 | AF52: 1646 | AG52: =AE52/AF52 -> 1.6889429
A53: YELLOW SPRINGS ELEMENTARY | H53: 240 | N53: 220 | T53: 160 | Z53: 220 | AE53: =SUM(B53:AD53) -> 840 | AF53: 514 | AG53: =AE53/AF53 -> 1.6342412
A54: MONOCACY ELEMENTARY | C54: 240 | I54: 120 | O54: 100 | U54: 160 | AA54: 520 | AE54: =SUM(B54:AD54) -> 1140 | AF54: 702 | AG54: =AE54/AF54 -> 1.6239316
A55: VALLEY ELEMENTARY | H55: 240 | N55: 220 | T55: 160 | Z55: 160 | AE55: =SUM(B55:AD55) -> 780 | AF55: 488 | AG55: =AE55/AF55 -> 1.5983607
A56: TUSCARORA HIGH | E56: 220 | H56: 520 | K56: 340 | N56: 300 | Q56: 420 | T56: locked | X56: 280 | Z56: 60 | AC56: 500 | AE56: =SUM(B56:AD56) -> 2640 | AF56: 1669 | AG56: =AE56/AF56 -> 1.5817855
A57: FREDERICK HIGH | D57: 120 | F57: 20 | H57: 220 | J57: 80 | L57: 300 | N57: 140 | P57: 220 | R57: 300 | T57: 460 | V57: 80 | X57: 20 | Z57: 80 | AB57: 260 | AE57: =SUM(B57:AD57) -> 2300 | AF57: 1500 | AG57: =AE57/AF57 -> 1.5333333
A58: W FREDERIC MIDDLE | D58: 80 | F58: 520 | H58: 80 | L58: 40 | N58: 80 | R58: 220 | T58: 60 | X58: 100 | Z58: 120 | AE58: =SUM(B58:AD58) -> 1300 | AF58: 900 | AG58: =AE58/AF58 -> 1.4444444
A59: LINCOLN ELEMENTARYENTARY | H59: 200 | N59: 180 | T59: 300 | Z59: 160 | AE59: =SUM(B59:AD59) -> 840 | AF59: 586 | AG59: =AE59/AF59 -> 1.4334471
A60: WALKERSVILLE ELEMENTARY | E60: 80 | K60: 100 | Q60: 180 | X60: 120 | AC60: 560 | AE60: =SUM(B60:AD60) -> 1040 | AF60: 762 | AG60: =AE60/AF60 -> 1.3648294
A61: THURMONT MIDDLE | E61: 0 | H61: 80 | K61: 100 | N61: 180 | Q61: 100 | T61: 60 | X61: 120 | Z61: 120 | AC61: 140 | AE61: =SUM(B61:AD61) -> 900 | AF61: 693 | AG61: =AE61/AF61 -> 1.2987013
A62: CENTERVILLE ELEMENTARY | C62: locked | F62: 80 | I62: 160 | L62: 160 | O62: 300 | R62: 200 | U62: 20 | X62: 60 | AA62: 180 | AE62: =SUM(B62:AD62) -> 1160 | AF62: 1028 | AG62: =AE62/AF62 -> 1.1284047
A63: URBANA ELEMENTARY | H63: 320 | N63: 180 | T63: 120 | Z63: 220 | AE63: =SUM(B63:AD63) -> 840 | AF63: 820 | AG63: =AE63/AF63 -> 1.0243902
A64: BRUNSWICK ELEMENTARY | C64: 80 | H64: 200 | N64: 120 | T64: 260 | Z64: 40 | AE64: =SUM(B64:AD64) -> 700 | AF64: 691 | AG64: =AE64/AF64 -> 1.0130246
A65: DEER CROSSING ELEMENTARY | C65: 40 | I65: 40 | O65: 60 | U65: 320 | AA65: 220 | AE65: =SUM(B65:AD65) -> 680 | AF65: 740 | AG65: =AE65/AF65 -> 0.91891892
A66: OAKDALE MIDDLE | C66: 80 | F66: 40 | I66: 140 | L66: 40 | O66: 60 | R66: 80 | U66: 0 | X66: 40 | AA66: 40 | AE66: =SUM(B66:AD66) -> 520 | AF66: 697 | AG66: =AE66/AF66 -> 0.74605452
A67: TWIN RIDGE ELEMENTARY | F67: 0 | L67: 20 | R67: 180 | X67: 120 | AE67: =SUM(B67:AD67) -> 320 | AF67: 598 | AG67: =AE67/AF67 -> 0.53511706
AE69: =SUM(AE6:AE68) -> 116288

Sheet FEB 13
A1: Data in the yellow columns shows the pounds of material collected from each facility's RECYCLING dumpster and the date material was picked up.
A3: FEBRUARY | B3: MON | C3: TUE | D3: WED | E3: THU | F3: FRI | H3: MON | I3: TUE | J3: WED | K3: THU | L3: FRI | N3: MON | O3: TUE | P3: WED | Q3: THU | R3: FRI | T3: MON | U3: TUE | V3: WED | W3: THU | X3: FRI | Z3: MON | AA3: TUE | AB3: WED | AC3: THU
A4: Date of Collection | F4: 1 | H4: 4 | I4: 5 | J4: 6 | K4: 7 | L4: 8 | N4: 11 | O4: 12 | P4: 13 | Q4: 14 | R4: 15 | T4: 18 | U4: 19 | V4: 20 | W4: 21 | X4: 22 | Z4: 25 | AA4: 26 | AB4: 27 | AC4: 28 | AE4: TOTAL COLLECTED | AF4: # of Recyclers | AG4: Pounds Recycled Per Capita
A5: SCHOOL:
A6: WOODSBORO ELEMENTARY | K6: 180 | Q6: 1120 | W6: 680 | AC6: 840 | AE6: =SUM(B6:AD6) -> 2820 | AF6: ='Facility Data'!D63 -> 213 | AG6: =AE6/AF6 -> 13.239437
A7: HEATHER RIDGE SCHOOL | I7: 240 | K7: 20 | O7: 80 | Q7: 120 | U7: 20 | W7: 40 | AA7: 320 | AC7: 100 | AE7: =SUM(B7:AD7) -> 940 | AF7: ='Facility Data'!D17 -> 121 | AG7: =AE7/AF7 -> 7.768595
A8: WOLFSVILLE ELEMENTARY | K8: 120 | Q8: 140 | W8: 800 | AC8: 280 | AE8: =SUM(B8:AD8) -> 1340 | AF8: ='Facility Data'!D62 -> 209 | AG8: =AE8/AF8 -> 6.4114833
A9: EMMITSBURG ELEMENTARY | K9: 220 | Q9: 280 | W9: 200 | AC9: 1140 | AE9: =SUM(B9:AD9) -> 1840 | AF9: ='Facility Data'!D13 -> 342 | AG9: =AE9/AF9 -> 5.380117
A10: THURMONT PRIMARY | K10: 180 | Q10: 320 | W10: 1540 | AC10: 60 | AE10: =SUM(B10:AD10) -> 2100 | AF10: ='Facility Data'!D47 -> 442 | AG10: =AE10/AF10 -> 4.7511312
A11: SPRING RIDGE ELEMENTARY | H11: 1560 | K11: 440 | N11: 160 | Q11: 140 | T11: 180 | W11: 20 | Z11: 100 | AC11: 40 | AE11: =SUM(B11:AD11) -> 2640 | AF11: ='Facility Data'!D42 -> 563 | AG11: =AE11/AF11 -> 4.6891652
A12: VALLEY ELEMENTARY | H12: 260 | N12: 1280 | T12: 280 | Z12: 280 | AE12: =SUM(B12:AD12) -> 2100 | AF12: ='Facility Data'!D54 -> 488 | AG12: =AE12/AF12 -> 4.3032787
A13: ROCK CREEK SCHOOL | F13: 60 | I13: 120 | L13: 80 | O13: 40 | R13: 20 | U13: 160 | X13: 40 | AA13: 240 | AE13: =SUM(B13:AD13) -> 760 | AF13: ='Facility Data'!D40 -> 177 | AG13: =AE13/AF13 -> 4.2937853
A14: TWIN RIDGE ELEMENTARY | F14: 1260 | L14: 60 | R14: 40 | X14: 1120 | AE14: =SUM(B14:AD14) -> 2480 | AF14: ='Facility Data'!D50 -> 598 | AG14: =AE14/AF14 -> 4.1471572
A15: MIDDLETOWN ELEMENTARY | H15: 20 | N15: 1740 | T15: 300 | Z15: 160 | AE15: =SUM(B15:AD15) -> 2220 | AF15: ='Facility Data'!D24 -> 537 | AG15: =AE15/AF15 -> 4.1340782
A16: WALKERSVILLE MIDDLE | F16: 1180 | I16: 220 | L16: 260 | O16: 40 | R16: 180 | U16: 140 | X16: 1340 | AA16: 180 | AE16: =SUM(B16:AD16) -> 3540 | AF16: ='Facility Data'!D58 -> 859 | AG16: =AE16/AF16 -> 4.121071
A17: BALLENGER CREEK ELEMENTARY | H17: 280 | K17: 280 | N17: 320 | Q17: 420 | T17: 640 | W17: 380 | Z17: 160 | AC17: 160 | AE17: =SUM(B17:AD17) -> 2640 | AF17: ='Facility Data'!D3 -> 738 | AG17: =AE17/AF17 -> 3.5772358
A18: LEWISTOWN ELEMENTARY | K18: 180 | Q18: 280 | W18: 220 | AC18: 220 | AE18: =SUM(B18:AD18) -> 900 | AF18: ='Facility Data'!D20 -> 274 | AG18: =AE18/AF18 -> 3.2846715
A19: THURMONT ELEMENTARY | K19: 300 | Q19: 360 | W19: 320 | AC19: 240 | AE19: =SUM(B19:AD19) -> 1220 | AF19: ='Facility Data'!D45 -> 381 | AG19: =AE19/AF19 -> 3.2020997
A20: WAVERLY ELEMENTARY | F20: 600 | H20: 140 | L20: 80 | N20: 100 | R20: 120 | T20: 20 | X20: 720 | Z20: 220 | AE20: =SUM(B20:AD20) -> 2000 | AF20: ='Facility Data'!D59 -> 637 | AG20: =AE20/AF20 -> 3.1397174
A21: NEW MARKET MIDDLE | F21: 260 | I21: 420 | L21: 320 | O21: 180 | R21: 220 | U21: 160 | X21: 80 | AA21: 120 | AE21: =SUM(B21:AD21) -> 1760 | AF21: ='Facility Data'!D33 -> 581 | AG21: =AE21/AF21 -> 3.0292599
A22: TUSCARORA ELEMENTARY | H22: 380 | K22: 540 | N22: 320 | Q22: 160 | T22: 280 | W22: 280 | Z22: 220 | AC22: 340 | AE22: =SUM(B22:AD22) -> 2520 | AF22: ='Facility Data'!D48 -> 839 | AG22: =AE22/AF22 -> 3.0035757
A23: PARKWAY ELEMENTARY | H23: 120 | N23: 520 | T23: 180 | Z23: 80 | AE23: =SUM(B23:AD23) -> 900 | AF23: ='Facility Data'!D39 -> 302 | AG23: =AE23/AF23 -> 2.9801325
A24: BRUNSWICK HIGH | H24: 420 | N24: 1640 | T24: 80 | Z24: 180 | AE24: =SUM(B24:AD24) -> 2320 | AF24: ='Facility Data'!D6 -> 807 | AG24: =AE24/AF24 -> 2.8748451
A25: OAKDALE HIGH | H25: 180 | K25: 420 | N25: 20 | Q25: 280 | T25: 200 | W25: 120 | Z25: 440 | AC25: 1680 | AE25: =SUM(B25:AD25) -> 3340 | AF25: ='Facility Data'!D36 -> 1274 | AG25: =AE25/AF25 -> 2.6216641
A26: ORCHARD GROVE ELEMENTARY | H26: 240 | K26: 160 | N26: 0 | Q26: 240 | T26: 400 | W26: 240 | Z26: 120 | AC26: 400 | AE26: =SUM(B26:AD26) -> 1800 | AF26: ='Facility Data'!D38 -> 695 | AG26: =AE26/AF26 -> 2.5899281
A27: WHITTIER ELEMENTARY | H27: 520 | N27: 680 | T27: 540 | Z27: 500 | AE27: =SUM(B27:AD27) -> 2240 | AF27: ='Facility Data'!D60 -> 865 | AG27: =AE27/AF27 -> 2.5895954
A28: N FREDERICK ELEMENTARY | I28: 140 | K28: 160 | O28: 520 | Q28: 100 | U28: 60 | W28: 100 | AA28: 320 | AC28: 240 | AE28: =SUM(B28:AD28) -> 1640 | AF28: ='Facility Data'!D31 -> 693 | AG28: =AE28/AF28 -> 2.3665224
A29: W FREDERIC MIDDLE | K29: 340 | Q29: 720 | W29: 300 | AC29: 760 | AE29: =SUM(B29:AD29) -> 2120 | AF29: ='Facility Data'!D55 -> 900 | AG29: =AE29/AF29 -> 2.3555556
A30: WALKERSVILLE ELEMENTARY | H30: 280 | K30: 160 | N30: 400 | Q30: 120 | T30: 280 | W30: 20 | Z30: 340 | AC30: 140 | AE30: =SUM(B30:AD30) -> 1740 | AF30: ='Facility Data'!D56 -> 762 | AG30: =AE30/AF30 -> 2.2834646
A31: SABILLASVILLE ELEMENTARY | K31: 100 | Q31: 100 | W31: 80 | AC31: 60 | AE31: =SUM(B31:AD31) -> 340 | AF31: ='Facility Data'!D41 -> 157 | AG31: =AE31/AF31 -> 2.1656051
A32: NEW MIDWAY ELEMENTARY | K32: 20 | Q32: 60 | W32: 60 | AC32: 200 | AE32: =SUM(B32:AD32) -> 340 | AF32: ='Facility Data'!D34 -> 166 | AG32: =AE32/AF32 -> 2.0481928
A33: FREDERICK HIGH | F33: 260 | H33: 660 | J33: 160 | L33: 140 | N33: 400 | P33: 160 | R33: 200 | T33: 360 | V33: 120 | X33: 80 | Z33: 360 | AB33: 120 | AE33: =SUM(B33:AD33) -> 3020 | AF33: ='Facility Data'!D14 -> 1500 | AG33: =AE33/AF33 -> 2.0133333
A34: WALKERSVILLE HIGH | H34: 300 | K34: 140 | N34: 80 | Q34: 180 | T34: 1240 | W34: 60 | Z34: 320 | AC34: 140 | AE34: =SUM(B34:AD34) -> 2460 | AF34: ='Facility Data'!D57 -> 1227 | AG34: =AE34/AF34 -> 2.00489
A35: MONOCACY ELEMENTARY | I35: 300 | O35: 480 | U35: 280 | AA35: 280 | AE35: =SUM(B35:AD35) -> 1340 | AF35: ='Facility Data'!D28 -> 702 | AG35: =AE35/AF35 -> 1.9088319
A36: GREEN VALLEY ELEMENTARY | F36: 280 | L36: 360 | R36: 80 | X36: 160 | AE36: =SUM(B36:AD36) -> 880 | AF36: ='Facility Data'!D16 -> 469 | AG36: =AE36/AF36 -> 1.8763326
A37: YELLOW SPRINGS ELEMENTARY | H37: 160 | N37: 520 | T37: 200 | Z37: 80 | AE37: =SUM(B37:AD37) -> 960 | AF37: ='Facility Data'!D64 -> 514 | AG37: =AE37/AF37 -> 1.8677043
A38: THURMONT MIDDLE | H38: 80 | K38: 240 | N38: 160 | Q38: 270 | T38: 140 | W38: 60 | Z38: 180 | AC38: 160 | AE38: =SUM(B38:AD38) -> 1290 | AF38: ='Facility Data'!D46 -> 693 | AG38: =AE38/AF38 -> 1.8614719
A39: KEMPTOWN ELEMENTARY | F39: 260 | L39: 420 | R39: 120 | X39: 20 | AE39: =SUM(B39:AD39) -> 820 | AF39: ='Facility Data'!D19 -> 442 | AG39: =AE39/AF39 -> 1.8552036
A40: MYERSVILLE ELEMENTARY | K40: 60 | Q40: 240 | W40: 200 | AC40: 240 | AE40: =SUM(B40:AD40) -> 740 | AF40: ='Facility Data'!D30 -> 419 | AG40: =AE40/AF40 -> 1.7661098
A41: MIDDLETOWN HIGH | H41: 540 | K41: 280 | N41: 100 | Q41: 480 | T41: 200 | W41: 100 | Z41: 400 | AC41: 220 | AE41: =SUM(B41:AD41) -> 2320 | AF41: ='Facility Data'!D25 -> 1325 | AG41: =AE41/AF41 -> 1.7509434
A42: LIBERTY ELEMENTARY | K42: 120 | Q42: 120 | W42: 140 | AC42: 200 | AE42: =SUM(B42:AD42) -> 580 | AF42: ='Facility Data'!D21 -> 334 | AG42: =AE42/AF42 -> 1.7365269
A43: THOMAS JOHNSON HIGH | F43: 740 | I43: 440 | L43: 280 | O43: 300 | R43: 340 | U43: 60 | X43: 620 | AA43: 40 | AE43: =SUM(B43:AD43) -> 2820 | AF43: ='Facility Data'!D43 -> 1632 | AG43: =AE43/AF43 -> 1.7279412
A44: URBANA HIGH | F44: 140 | H44: 200 | J44: 240 | L44: 120 | N44: 300 | P44: 240 | R44: 60 | T44: 260 | V44: 240 | X44: 120 | Z44: 580 | AB44: 260 | AE44: =SUM(B44:AD44) -> 2760 | AF44: ='Facility Data'!D52 -> 1609 | AG44: =AE44/AF44 -> 1.7153511
A45: GLADE ELEMENTARY | K45: 160 | Q45: 360 | W45: 420 | AC45: 180 | AE45: =SUM(B45:AD45) -> 1120 | AF45: ='Facility Data'!D15 -> 713 | AG45: =AE45/AF45 -> 1.5708275
A46: CRESTWOOD MIDDLE | K46: 260 | Q46: 280 | W46: 200 | AC46: 160 | AE46: =SUM(B46:AD46) -> 900 | AF46: ='Facility Data'!D11 -> 573 | AG46: =AE46/AF46 -> 1.5706806
A47: MONOCACY MIDDLE | F47: 180 | I47: 260 | L47: 180 | O47: 180 | R47: 140 | U47: 160 | X47: 100 | AA47: 80 | AE47: =SUM(B47:AD47) -> 1280 | AF47: ='Facility Data'!D29 -> 816 | AG47: =AE47/AF47 -> 1.5686275
A48: CENTERVILLE ELEMENTARY | F48: 220 | I48: 140 | L48: 200 | O48: 360 | R48: 240 | U48: 200 | X48: 20 | AA48: 220 | AE48: =SUM(B48:AD48) -> 1600 | AF48: ='Facility Data'!D10 -> 1028 | AG48: =AE48/AF48 -> 1.5564202
A49: CATOCTIN HIGH | H49: 500 | K49: 320 | N49: 160 | Q49: 180 | T49: LOCKED | W49: 40 | Z49: 20 | AC49: 400 | AE49: =SUM(B49:AD49) -> 1620 | AF49: ='Facility Data'!D9 -> 1074 | AG49: =AE49/AF49 -> 1.5083799
A50: OAKDALE MIDDLE | F50: 20 | I50: 60 | L50: 100 | O50: 200 | R50: 40 | U50: 180 | X50: 420 | AA50: 20 | AE50: =SUM(B50:AD50) -> 1040 | AF50: ='Facility Data'!D37 -> 697 | AG50: =AE50/AF50 -> 1.492109
A51: THOMAS JOHNSON MIDDLE | H51: 60 | K51: 420 | N51: 20 | Q51: 100 | T51: 60 | W51: 140 | Z51: 80 | AC51: 60 | AE51: =SUM(B51:AD51) -> 940 | AF51: ='Facility Data'!D44 -> 630 | AG51: =AE51/AF51 -> 1.4920635
A52: CARROLL MANOR ELEMENTARY | K52: 40 | Q52: 260 | W52: 300 | AC52: 340 | AE52: =SUM(B52:AD52) -> 940 | AF52: ='Facility Data'!D8 -> 644 | AG52: =AE52/AF52 -> 1.4596273
A53: BRUNSWICK ELEMENTARY | H53: 240 | N53: 180 | T53: 300 | Z53: 280 | AE53: =SUM(B53:AD53) -> 1000 | AF53: ='Facility Data'!D5 -> 691 | AG53: =AE53/AF53 -> 1.447178
A54: BRUNSWICK MIDDLE | H54: 80 | K54: 80 | N54: 260 | Q54: 60 | T54: 120 | W54: 60 | Z54: 20 | AC54: 120 | AE54: =SUM(B54:AD54) -> 800 | AF54: ='Facility Data'!D7 -> 604 | AG54: =AE54/AF54 -> 1.3245033
A55: WINDSOR KNOLLS MIDDLE | F55: 260 | I55: 120 | L55: 200 | O55: 60 | R55: 120 | U55: 260 | X55: 80 | AA55: 160 | AE55: =SUM(B55:AD55) -> 1260 | AF55: ='Facility Data'!D61 -> 954 | AG55: =AE55/AF55 -> 1.3207547
A56: MIDDLETOWN PRIMARY | K56: 60 | Q56: 340 | W56: 120 | AC56: 180 | AE56: =SUM(B56:AD56) -> 700 | AF56: ='Facility Data'!D27 -> 541 | AG56: =AE56/AF56 -> 1.2939002
A57: URBANA ELEMENTARY | H57: 280 | N57: 320 | T57: 200 | Z57: 260 | AE57: =SUM(B57:AD57) -> 1060 | AF57: ='Facility Data'!D51 -> 820 | AG57: =AE57/AF57 -> 1.2926829
A58: BALLENGER CREEK MIDDLE | H58: 140 | K58: 80 | N58: 280 | Q58: 80 | T58: 80 | W58: 180 | Z58: 100 | AC58: 60 | AE58: =SUM(B58:AD58) -> 1000 | AF58: ='Facility Data'!D4 -> 797 | AG58: =AE58/AF58 -> 1.2547051
A59: URBANA MIDDLE | I59: 180 | L59: 300 | O59: 60 | R59: 80 | U59: 60 | X59: 200 | AA59: 120 | AE59: =SUM(B59:AD59) -> 1000 | AF59: ='Facility Data'!D53 -> 830 | AG59: =AE59/AF59 -> 1.2048193
A60: TUSCARORA HIGH | H60: 300 | K60: 380 | N60: 360 | Q60: 240 | T60: LOCKED | W60: 360 | Z60: 200 | AC60: 160 | AE60: =SUM(B60:AD60) -> 2000 | AF60: ='Facility Data'!D49 -> 1669 | AG60: =AE60/AF60 -> 1.1983223
A61: HILLCREST ELEMENTARY | F61: 220 | I61: 100 | L61: 240 | O61: 60 | R61: 200 | U61: 160 | X61: 140 | AA61: 40 | AE61: =SUM(B61:AD61) -> 1160 | AF61: ='Facility Data'!D18 -> 998 | AG61: =AE61/AF61 -> 1.1623246
A62: NEW MARKET ELEMENTARY | I62: 240 | O62: 180 | U62: 300 | AA62: 260 | AE62: =SUM(B62:AD62) -> 980 | AF62: ='Facility Data'!D32 -> 846 | AG62: =AE62/AF62 -> 1.1583924
A63: LINCOLN ELEMENTARYENTARY | H63: 220 | N63: 160 | T63: 140 | Z63: 140 | AE63: =SUM(B63:AD63) -> 660 | AF63: ='Facility Data'!D22 -> 586 | AG63: =AE63/AF63 -> 1.1262799
A64: MIDDLETOWN MIDDLE | H64: 160 | K64: 160 | N64: 40 | Q64: 220 | T64: 40 | W64: 60 | Z64: 100 | AC64: 180 | AE64: =SUM(B64:AD64) -> 960 | AF64: ='Facility Data'!D26 -> 914 | AG64: =AE64/AF64 -> 1.0503282
A65: OAKDALE ELEMENTARY | I65: 60 | O65: 480 | U65: 100 | AA65: 40 | AE65: =SUM(B65:AD65) -> 680 | AF65: ='Facility Data'!D35 -> 707 | AG65: =AE65/AF65 -> 0.96181047
A66: DEER CROSSING ELEMENTARY | I66: 180 | O66: 100 | U66: 140 | AA66: 140 | AE66: =SUM(B66:AD66) -> 560 | AF66: ='Facility Data'!D12 -> 740 | AG66: =AE66/AF66 -> 0.75675676
A67: LINGANORE HIGH | F67: 100 | H67: 20 | J67: 60 | L67: 60 | N67: 40 | P67: 80 | R67: 40 | T67: 60 | V67: 40 | X67: 20 | Z67: 80 | AB67: 100 | AE67: =SUM(B67:AD67) -> 700 | AF67: ='Facility Data'!D23 -> 1646 | AG67: =AE67/AF67 -> 0.42527339
AE69: =SUM(AE6:AE68) -> 94550

Sheet MAR 13
A1: Data in the yellow columns shows the pounds of material collected from each facility's RECYCLING dumpster and the date material was picked up.
A3: MARCH | B3: MON | C3: TUE | D3: WED | E3: THU | F3: FRI | H3: MON | I3: TUE | J3: WED | K3: THU | L3: FRI | N3: MON | O3: TUE | P3: WED | Q3: THU | R3: FRI | T3: MON | U3: TUE | V3: WED | W3: THU | X3: FRI | Z3: MON | AA3: TUE | AB3: WED | AC3: THU | AD3: FRI
A4: Date of Collection | F4: 1 | H4: 4 | I4: 5 | J4: 6 | K4: 7 | L4: 8 | N4: 11 | O4: 12 | P4: 13 | Q4: 14 | R4: 15 | T4: 18 | U4: 19 | V4: 20 | W4: 21 | X4: 22 | Z4: 25 | AA4: 26 | AB4: 27 | AC4: 28 | AD4: 29 | AF4: TOTAL COLLECTED | AG4: # of Recyclers | AH4: Pounds Recycled Per Capita
A5: SCHOOL:
A6: HEATHER RIDGE SCHOOL | I6: 240 | K6: 280 | O6: 100 | Q6: 160 | U6: 60 | W6: 320 | AA6: 160 | AC6: 80 | AF6: =SUM(B6:AE6) -> 1400 | AG6: ='Facility Data'!D17 -> 121 | AH6: =AF6/AG6 -> 11.570248
A7: ROCK CREEK SCHOOL | F7: 320 | I7: 200 | L7: 120 | O7: 80 | R7: 120 | U7: 160 | X7: 80 | AA7: 40 | AD7: 160 | AF7: =SUM(B7:AE7) -> 1280 | AG7: ='Facility Data'!D40 -> 177 | AH7: =AF7/AG7 -> 7.2316384
A8: WOODSBORO ELEMENTARY | K8: 260 | Q8: 360 | W8: 420 | AC8: 280 | AF8: =SUM(B8:AE8) -> 1320 | AG8: ='Facility Data'!D63 -> 213 | AH8: =AF8/AG8 -> 6.1971831
A9: WAVERLY ELEMENTARY | F9: 860 | I9: 320 | L9: 340 | O9: 480 | R9: 280 | U9: 320 | X9: 420 | AA9: 180 | AD9: 260 | AF9: =SUM(B9:AE9) -> 3460 | AG9: ='Facility Data'!D59 -> 637 | AH9: =AF9/AG9 -> 5.4317111
A10: SPRING RIDGE ELEMENTARY | H10: 320 | K10: 420 | N10: 180 | Q10: 520 | T10: 340 | W10: 260 | Z10: 240 | AC10: 460 | AF10: =SUM(B10:AE10) -> 2740 | AG10: ='Facility Data'!D42 -> 563 | AH10: =AF10/AG10 -> 4.8667851
A11: PARKWAY ELEMENTARY | H11: 460 | N11: 380 | T11: 280 | Z11: 340 | AF11: =SUM(B11:AE11) -> 1460 | AG11: ='Facility Data'!D39 -> 302 | AH11: =AF11/AG11 -> 4.8344371
A12: WOLFSVILLE ELEMENTARY | K12: 180 | Q12: 220 | W12: 160 | AC12: 340 | AF12: =SUM(B12:AE12) -> 900 | AG12: ='Facility Data'!D62 -> 209 | AH12: =AF12/AG12 -> 4.3062201
A13: THURMONT ELEMENTARY | K13: 480 | Q13: 520 | W13: 320 | AC13: 220 | AF13: =SUM(B13:AE13) -> 1540 | AG13: ='Facility Data'!D45 -> 381 | AH13: =AF13/AG13 -> 4.0419948
A14: THURMONT PRIMARY | K14: 480 | Q14: 620 | W14: 220 | AC14: 400 | AF14: =SUM(B14:AE14) -> 1720 | AG14: ='Facility Data'!D47 -> 442 | AH14: =AF14/AG14 -> 3.8914027
A15: NEW MARKET MIDDLE | F15: 260 | I15: 420 | L15: 180 | O15: 280 | R15: 300 | U15: 180 | X15: 80 | AA15: 240 | AD15: 100 | AF15: =SUM(B15:AE15) -> 2040 | AG15: ='Facility Data'!D33 -> 581 | AH15: =AF15/AG15 -> 3.5111876
A16: EMMITSBURG ELEMENTARY | K16: 160 | Q16: 240 | W16: 180 | AC16: 620 | AF16: =SUM(B16:AE16) -> 1200 | AG16: ='Facility Data'!D13 -> 342 | AH16: =AF16/AG16 -> 3.5087719
A17: TWIN RIDGE ELEMENTARY | F17: 380 | L17: 620 | R17: 280 | X17: 400 | AD17: 320 | AF17: =SUM(B17:AE17) -> 2000 | AG17: ='Facility Data'!D50 -> 598 | AH17: =AF17/AG17 -> 3.3444816
A18: VALLEY ELEMENTARY | H18: 320 | N18: 460 | T18: 320 | Z18: 400 | AF18: =SUM(B18:AE18) -> 1500 | AG18: ='Facility Data'!D54 -> 488 | AH18: =AF18/AG18 -> 3.0737705
A19: SABILLASVILLE ELEMENTARY | K19: 80 | Q19: 180 | W19: 60 | AC19: 120 | AF19: =SUM(B19:AE19) -> 440 | AG19: ='Facility Data'!D41 -> 157 | AH19: =AF19/AG19 -> 2.8025478
A20: LEWISTOWN ELEMENTARY | K20: 200 | Q20: 220 | W20: 140 | AC20: 160 | AF20: =SUM(B20:AE20) -> 720 | AG20: ='Facility Data'!D20 -> 274 | AH20: =AF20/AG20 -> 2.6277372
A21: THURMONT MIDDLE | H21: 160 | K21: 140 | N21: 320 | Q21: 220 | T21: 240 | W21: 200 | Z21: 240 | AC21: 260 | AF21: =SUM(B21:AE21) -> 1780 | AG21: ='Facility Data'!D46 -> 693 | AH21: =AF21/AG21 -> 2.5685426
A22: YELLOW SPRINGS ELEMENTARY | H22: 460 | N22: 300 | T22: 260 | Z22: 280 | AF22: =SUM(B22:AE22) -> 1300 | AG22: ='Facility Data'!D64 -> 514 | AH22: =AF22/AG22 -> 2.5291829
A23: BRUNSWICK HIGH | H23: 520 | N23: 680 | T23: 340 | Z23: 480 | AF23: =SUM(B23:AE23) -> 2020 | AG23: ='Facility Data'!D6 -> 807 | AH23: =AF23/AG23 -> 2.5030979
A24: MIDDLETOWN ELEMENTARY | H24: 520 | N24: 340 | T24: 160 | Z24: 320 | AF24: =SUM(B24:AE24) -> 1340 | AG24: ='Facility Data'!D24 -> 537 | AH24: =AF24/AG24 -> 2.4953445
A25: WHITTIER ELEMENTARY | H25: 560 | N25: 680 | T25: 420 | Z25: 320 | AF25: =SUM(B25:AE25) -> 1980 | AG25: ='Facility Data'!D60 -> 865 | AH25: =AF25/AG25 -> 2.2890173
A26: NEW MIDWAY ELEMENTARY | K26: 60 | Q26: 100 | W26: 80 | AC26: 120 | AF26: =SUM(B26:AE26) -> 360 | AG26: ='Facility Data'!D34 -> 166 | AH26: =AF26/AG26 -> 2.1686747
A27: ORCHARD GROVE ELEMENTARY | H27: 320 | K27: 240 | N27: 160 | Q27: 200 | T27: 80 | W27: 180 | Z27: 260 | AC27: 60 | AF27: =SUM(B27:AE27) -> 1500 | AG27: ='Facility Data'!D38 -> 695 | AH27: =AF27/AG27 -> 2.1582734
A28: THOMAS JOHNSON MIDDLE | H28: 80 | K28: 100 | N28: 140 | Q28: 200 | T28: 160 | W28: 40 | Z28: 240 | AC28: 380 | AF28: =SUM(B28:AE28) -> 1340 | AG28: ='Facility Data'!D44 -> 630 | AH28: =AF28/AG28 -> 2.1269841
A29: CRESTWOOD MIDDLE | K29: 280 | Q29: 340 | W29: 180 | AC29: 340 | AF29: =SUM(B29:AE29) -> 1140 | AG29: ='Facility Data'!D11 -> 573 | AH29: =AF29/AG29 -> 1.9895288
A30: GREEN VALLEY ELEMENTARY | F30: 300 | L30: 260 | R30: 160 | X30: 80 | AD30: 120 | AF30: =SUM(B30:AE30) -> 920 | AG30: ='Facility Data'!D16 -> 469 | AH30: =AF30/AG30 -> 1.9616205
A31: WALKERSVILLE ELEMENTARY | K31: 400 | Q31: 380 | W31: 420 | AC31: 260 | AF31: =SUM(B31:AE31) -> 1460 | AG31: ='Facility Data'!D56 -> 762 | AH31: =AF31/AG31 -> 1.9160105
A32: CATOCTIN HIGH | H32: 260 | K32: 240 | N32: 180 | Q32: 360 | T32: 180 | W32: 80 | Z32: 420 | AC32: 320 | AF32: =SUM(B32:AE32) -> 2040 | AG32: ='Facility Data'!D9 -> 1074 | AH32: =AF32/AG32 -> 1.8994413
A33: WALKERSVILLE HIGH | H33: 300 | K33: 260 | N33: 320 | Q33: 360 | T33: 240 | W33: 200 | Z33: 480 | AC33: 160 | AF33: =SUM(B33:AE33) -> 2320 | AG33: ='Facility Data'!D57 -> 1227 | AH33: =AF33/AG33 -> 1.8907905
A34: BALLENGER CREEK ELEMENTARY | H34: 380 | K34: 260 | N34: 100 | Q34: 120 | T34: 80 | W34: 160 | Z34: 220 | AC34: 60 | AF34: =SUM(B34:AE34) -> 1380 | AG34: ='Facility Data'!D3 -> 738 | AH34: =AF34/AG34 -> 1.8699187
A35: TUSCARORA ELEMENTARY | H35: 280 | K35: 160 | N35: 200 | Q35: 240 | T35: 60 | W35: 300 | Z35: 180 | AC35: 140 | AF35: =SUM(B35:AE35) -> 1560 | AG35: ='Facility Data'!D48 -> 839 | AH35: =AF35/AG35 -> 1.8593564
A36: BALLENGER CREEK MIDDLE | H36: 220 | K36: 60 | N36: 180 | Q36: 120 | T36: 60 | W36: 240 | Z36: 280 | AC36: 260 | AF36: =SUM(B36:AE36) -> 1420 | AG36: ='Facility Data'!D4 -> 797 | AH36: =AF36/AG36 -> 1.7816813
A37: MONOCACY ELEMENTARY | I37: 320 | O37: 420 | U37: 260 | AA37: 220 | AF37: =SUM(B37:AE37) -> 1220 | AG37: ='Facility Data'!D28 -> 702 | AH37: =AF37/AG37 -> 1.7378917
A38: LIBERTY ELEMENTARY | K38: 160 | Q38: 200 | W38: 140 | AC38: 80 | AF38: =SUM(B38:AE38) -> 580 | AG38: ='Facility Data'!D21 -> 334 | AH38: =AF38/AG38 -> 1.7365269
A39: OAKDALE MIDDLE | F39: 200 | I39: 40 | L39: 120 | O39: 160 | R39: 180 | U39: 220 | X39: 60 | AA39: 120 | AD39: 100 | AF39: =SUM(B39:AE39) -> 1200 | AG39: ='Facility Data'!D37 -> 697 | AH39: =AF39/AG39 -> 1.7216643
A40: BRUNSWICK ELEMENTARY | H40: 360 | N40: 340 | T40: 220 | Z40: 260 | AF40: =SUM(B40:AE40) -> 1180 | AG40: ='Facility Data'!D5 -> 691 | AH40: =AF40/AG40 -> 1.70767
A41: URBANA HIGH | F41: 180 | H41: 360 | J41: 120 | L41: 140 | N41: 220 | P41: 80 | R41: 200 | T41: 120 | V41: 480 | X41: 220 | Z41: 240 | AB41: 260 | AD41: 120 | AF41: =SUM(B41:AE41) -> 2740 | AG41: ='Facility Data'!D52 -> 1609 | AH41: =AF41/AG41 -> 1.7029211
A42: MIDDLETOWN PRIMARY | K42: 320 | Q42: 140 | W42: 260 | AC42: 200 | AF42: =SUM(B42:AE42) -> 920 | AG42: ='Facility Data'!D27 -> 541 | AH42: =AF42/AG42 -> 1.7005545
A43: KEMPTOWN ELEMENTARY | F43: 180 | L43: 160 | R43: 160 | X43: 120 | AD43: 80 | AF43: =SUM(B43:AE43) -> 700 | AG43: ='Facility Data'!D19 -> 442 | AH43: =AF43/AG43 -> 1.5837104
A44: MIDDLETOWN HIGH | H44: 240 | K44: 180 | N44: 180 | Q44: 200 | T44: 320 | W44: 300 | Z44: 260 | AC44: 380 | AF44: =SUM(B44:AE44) -> 2060 | AG44: ='Facility Data'!D25 -> 1325 | AH44: =AF44/AG44 -> 1.554717
A45: BRUNSWICK MIDDLE | H45: 100 | K45: 80 | N45: 160 | Q45: 220 | T45: 60 | W45: 100 | Z45: 140 | AC45: 60 | AF45: =SUM(B45:AE45) -> 920 | AG45: ='Facility Data'!D7 -> 604 | AH45: =AF45/AG45 -> 1.5231788
A46: MONOCACY MIDDLE | F46: 140 | I46: 180 | L46: 260 | O46: 100 | R46: 140 | U46: 60 | X46: 120 | AA46: 200 | AD46: 40 | AF46: =SUM(B46:AE46) -> 1240 | AG46: ='Facility Data'!D29 -> 816 | AH46: =AF46/AG46 -> 1.5196078
A47: FREDERICK HIGH | F47: 80 | H47: 120 | J47: 60 | L47: 140 | N47: 80 | P47: 180 | R47: 260 | T47: 180 | V47: 240 | X47: 320 | Z47: 280 | AB47: 140 | AD47: 180 | AF47: =SUM(B47:AE47) -> 2260 | AG47: ='Facility Data'!D14 -> 1500 | AH47: =AF47/AG47 -> 1.5066667
A48: WALKERSVILLE MIDDLE | H48: 280 | K48: 160 | N48: 180 | Q48: 220 | T48: 60 | W48: 120 | Z48: 80 | AC48: 160 | AF48: =SUM(B48:AE48) -> 1260 | AG48: ='Facility Data'!D58 -> 859 | AH48: =AF48/AG48 -> 1.4668219
A49: URBANA MIDDLE | I49: 200 | L49: 180 | O49: 60 | R49: 120 | U49: 180 | X49: 60 | AA49: 220 | AD49: 180 | AF49: =SUM(B49:AE49) -> 1200 | AG49: ='Facility Data'!D53 -> 830 | AH49: =AF49/AG49 -> 1.4457831
A50: OAKDALE HIGH | H50: 220 | K50: 260 | N50: 160 | Q50: 120 | T50: 80 | W50: 340 | Z50: 260 | AC50: 360 | AF50: =SUM(B50:AE50) -> 1800 | AG50: ='Facility Data'!D36 -> 1274 | AH50: =AF50/AG50 -> 1.4128728
A51: N FREDERICK ELEMENTARY | I51: 160 | K51: 40 | O51: 120 | Q51: 180 | U51: 80 | W51: 100 | AA51: 120 | AC51: 160 | AF51: =SUM(B51:AE51) -> 960 | AG51: ='Facility Data'!D31 -> 693 | AH51: =AF51/AG51 -> 1.3852814
A52: CENTERVILLE ELEMENTARY | F52: 240 | I52: 260 | L52: 180 | O52: 200 | R52: 80 | U52: 100 | X52: 80 | AA52: 140 | AD52: 120 | AF52: =SUM(B52:AE52) -> 1400 | AG52: ='Facility Data'!D10 -> 1028 | AH52: =AF52/AG52 -> 1.3618677
A53: URBANA ELEMENTARY | H53: 240 | N53: 360 | T53: 280 | Z53: 200 | AF53: =SUM(B53:AE53) -> 1080 | AG53: ='Facility Data'!D51 -> 820 | AH53: =AF53/AG53 -> 1.3170732
A54: GLADE ELEMENTARY | K54: 180 | Q54: 320 | W54: 260 | AC54: 140 | AF54: =SUM(B54:AE54) -> 900 | AG54: ='Facility Data'!D15 -> 713 | AH54: =AF54/AG54 -> 1.2622721
A55: THOMAS JOHNSON HIGH | F55: 200 | I55: 260 | L55: 240 | O55: 180 | R55: 200 | U55: 220 | X55: 260 | AA55: 280 | AD55: 180 | AF55: =SUM(B55:AE55) -> 2020 | AG55: ='Facility Data'!D43 -> 1632 | AH55: =AF55/AG55 -> 1.2377451
A56: TUSCARORA HIGH | H56: 300 | K56: 280 | N56: 240 | Q56: 260 | T56: 180 | W56: 120 | Z56: 320 | AC56: 240 | AF56: =SUM(B56:AE56) -> 1940 | AG56: ='Facility Data'!D49 -> 1669 | AH56: =AF56/AG56 -> 1.1623727
A57: HILLCREST ELEMENTARY | F57: 260 | I57: 100 | L57: 80 | O57: 60 | R57: 140 | U57: 160 | X57: 120 | AA57: 200 | AD57: 40 | AF57: =SUM(B57:AE57) -> 1160 | AG57: ='Facility Data'!D18 -> 998 | AH57: =AF57/AG57 -> 1.1623246
A58: NEW MARKET ELEMENTARY | I58: 220 | O58: 320 | U58: 180 | AA58: 260 | AF58: =SUM(B58:AE58) -> 980 | AG58: ='Facility Data'!D32 -> 846 | AH58: =AF58/AG58 -> 1.1583924
A59: LINCOLN ELEMENTARY | H59: 160 | N59: 120 | T59: 180 | Z59: 200 | AF59: =SUM(B59:AE59) -> 660 | AG59: ='Facility Data'!D22 -> 586 | AH59: =AF59/AG59 -> 1.1262799
A60: OAKDALE ELEMENTARY | I60: 300 | O60: 80 | U60: 240 | AA60: 160 | AF60: =SUM(B60:AE60) -> 780 | AG60: ='Facility Data'!D35 -> 707 | AH60: =AF60/AG60 -> 1.1032532
A61: W FREDERICK MIDDLE | F61: 100 | H61: 80 | L61: 60 | N61: 120 | R61: 80 | T61: 60 | X61: 140 | Z61: 200 | AD61: 80 | AF61: =SUM(B61:AE61) -> 920 | AG61: ='Facility Data'!D55 -> 900 | AH61: =AF61/AG61 -> 1.0222222
A62: LINGANORE HIGH | F62: 160 | H62: 120 | J62: 80 | L62: 160 | N62: 140 | P62: 120 | R62: 140 | T62: 160 | V62: 80 | X62: 120 | Z62: 140 | AB62: 60 | AD62: 80 | AF62: =SUM(B62:AE62) -> 1560 | AG62: ='Facility Data'!D23 -> 1646 | AH62: =AF62/AG62 -> 0.94775213
A63: CARROLL MANOR ELEMENTARY | K63: 80 | Q63: 120 | W63: 100 | AC63: 300 | AF63: =SUM(B63:AE63) -> 600 | AG63: ='Facility Data'!D8 -> 644 | AH63: =AF63/AG63 -> 0.93167702
A64: MIDDLETOWN MIDDLE | H64: 40 | K64: 200 | N64: 80 | Q64: 140 | T64: 120 | W64: 60 | Z64: 100 | AC64: 80 | AF64: =SUM(B64:AE64) -> 820 | AG64: ='Facility Data'!D26 -> 914 | AH64: =AF64/AG64 -> 0.89715536
A65: WINDSOR KNOLLS MIDDLE | F65: 100 | I65: 80 | L65: 120 | O65: 60 | R65: 40 | U65: 140 | X65: 80 | AA65: 60 | AD65: 160 | AF65: =SUM(B65:AE65) -> 840 | AG65: ='Facility Data'!D61 -> 954 | AH65: =AF65/AG65 -> 0.88050314
A66: DEER CROSSING ELEMENTARY | I66: 160 | O66: 220 | U66: 60 | AA66: 120 | AF66: =SUM(B66:AE66) -> 560 | AG66: ='Facility Data'!D12 -> 740 | AH66: =AF66/AG66 -> 0.75675676
A67: MYERSVILLE ELEMENTARY | K67: 40 | Q67: 100 | W67: 80 | AC67: 60 | AF67: =SUM(B67:AE67) -> 280 | AG67: ='Facility Data'!D30 -> 419 | AH67: =AF67/AG67 -> 0.66825776
AF69: =SUM(AF6:AF68) -> 84320

Sheet APR 13
A1: Data in the yellow columns shows the pounds of material collected from each facility's RECYCLING dumpster and the date material was picked up.
A3: APRIL | B3: MON | C3: TUE | D3: WED | E3: THU | F3: FRI | H3: MON | I3: TUE | J3: WED | K3: THU | L3: FRI | N3: MON | O3: TUE | P3: WED | Q3: THU | R3: FRI | T3: MON | U3: TUE | V3: WED | W3: THU | X3: FRI | Z3: MON | AA3: TUE | AB3: WED | AC3: THU | AD3: FRI
A4: Date of Collection | B4: 1 | C4: 2 | D4: 3 | E4: 4 | F4: 5 | H4: 8 | I4: 9 | J4: 10 | K4: 11 | L4: 12 | N4: 15 | O4: 16 | P4: 17 | Q4: 18 | R4: 15 | T4: 22 | U4: 23 | V4: 24 | W4: 25 | X4: 26 | Z4: 29 | AA4: 30 | AF4: TOTAL COLLECTED | AG4: # of Recyclers | AH4: Pounds Recycled Per Capita
A5: SCHOOL:
A6: HEATHER RIDGE SCHOOL | C6: 160 | E6: 180 | I6: 120 | K6: 240 | O6: 120 | Q6: 180 | U6: 240 | W6: 160 | AA6: 80 | AF6: =SUM(B6:AE6) -> 1480 | AG6: ='Facility Data'!D17 -> 121 | AH6: =AF6/AG6 -> 12.231405
A7: ROCK CREEK SCHOOL | C7: 80 | F7: 100 | I7: 160 | L7: 180 | O7: 180 | R7: 200 | U7: 80 | X7: 300 | AA7: 140 | AF7: =SUM(B7:AE7) -> 1420 | AG7: ='Facility Data'!D40 -> 177 | AH7: =AF7/AG7 -> 8.0225989
A8: BRUNSWICK HIGH | B8: 480 | H8: 560 | N8: 1720 | T8: 500 | Z8: 1760 | AF8: =SUM(B8:AE8) -> 5020 | AG8: ='Facility Data'!D6 -> 807 | AH8: =AF8/AG8 -> 6.22057
A9: URBANA HIGH | B9: 600 | D9: 1120 | F9: 380 | H9: 1360 | J9: 460 | L9: 1540 | N9: 240 | P9: 420 | R9: 280 | T9: 620 | V9: 380 | X9: 240 | Z9: 680 | AF9: =SUM(B9:AE9) -> 8320 | AG9: ='Facility Data'!D52 -> 1609 | AH9: =AF9/AG9 -> 5.1709136
A10: WOODSBORO ELEMENTARY | E10: 280 | K10: 320 | Q10: 260 | W10: 180 | AF10: =SUM(B10:AE10) -> 1040 | AG10: ='Facility Data'!D63 -> 213 | AH10: =AF10/AG10 -> 4.8826291
A11: MONOCACY ELEMENTARY | C11: 260 | I11: 340 | O11: 300 | U11: 300 | AA11: 1860 | AF11: =SUM(B11:AE11) -> 3060 | AG11: ='Facility Data'!D28 -> 702 | AH11: =AF11/AG11 -> 4.3589744
A12: WOLFSVILLE ELEMENTARY | E12: 200 | K12: 230 | Q12: 180 | W12: 300 | AF12: =SUM(B12:AE12) -> 910 | AG12: ='Facility Data'!D62 -> 209 | AH12: =AF12/AG12 -> 4.354067
A13: WALKERSVILLE ELEMENTARY | B13: 460 | E13: 320 | H13: 540 | K13: 420 | N13: 220 | Q13: 360 | T13: 300 | W13: 400 | Z13: 120 | AF13: =SUM(B13:AE13) -> 3140 | AG13: ='Facility Data'!D56 -> 762 | AH13: =AF13/AG13 -> 4.1207349
A14: NEW MIDWAY ELEMENTARY | E14: 160 | K14: 200 | Q14: 160 | W14: 140 | AF14: =SUM(B14:AE14) -> 660 | AG14: ='Facility Data'!D34 -> 166 | AH14: =AF14/AG14 -> 3.9759036
A15: TUSCARORA ELEMENTARY | B15: 340 | E15: 180 | H15: 300 | K15: 420 | N15: 660 | Q15: 360 | T15: 200 | W15: 340 | Z15: 320 | AF15: =SUM(B15:AE15) -> 3120 | AG15: ='Facility Data'!D48 -> 839 | AH15: =AF15/AG15 -> 3.7187128
A16: KEMPTOWN ELEMENTARY | F16: 300 | L16: 620 | R16: 420 | X16: 260 | AF16: =SUM(B16:AE16) -> 1600 | AG16: ='Facility Data'!D19 -> 442 | AH16: =AF16/AG16 -> 3.6199095
A17: THOMAS JOHNSON MIDDLE | B17: 80 | E17: 140 | H17: 140 | K17: 16 | N17: 140 | Q17: 80 | T17: 60 | W17: 120 | Z17: 160 | AA17: 1260 | AF17: =SUM(B17:AE17) -> 2196 | AG17: ='Facility Data'!D44 -> 630 | AH17: =AF17/AG17 -> 3.4857143
A18: NEW MARKET MIDDLE | C18: 120 | F18: 80 | I18: 360 | L18: 320 | O18: 160 | R18: 160 | U18: 360 | X18: 180 | AA18: 220 | AF18: =SUM(B18:AE18) -> 1960 | AG18: ='Facility Data'!D33 -> 581 | AH18: =AF18/AG18 -> 3.373494
A19: THOMAS JOHNSON HIGH | C19: 600 | F19: 420 | I19: 360 | L19: 1080 | O19: 120 | R19: 640 | U19: 640 | X19: 260 | AA19: 1260 | AF19: =SUM(C19:AE19) -> 5380 | AG19: ='Facility Data'!D43 -> 1632 | AH19: =AF19/AG19 -> 3.2965686
A20: SABILLASVILLE ELEMENTARY | E20: 120 | K20: 80 | Q20: 160 | W20: 140 | AF20: =SUM(B20:AE20) -> 500 | AG20: ='Facility Data'!D41 -> 157 | AH20: =AF20/AG20 -> 3.1847134
A21: MONOCACY MIDDLE | C21: 240 | F21: 260 | I21: 180 | L21: 320 | O21: 80 | R21: 500 | U21: 220 | X21: 340 | AA21: 280 | AF21: =SUM(B21:AE21) -> 2420 | AG21: ='Facility Data'!D29 -> 816 | AH21: =AF21/AG21 -> 2.9656863
A22: GREEN VALLEY ELEMENTARY | F22: 320 | L22: 400 | R22: 380 | X22: 240 | AF22: =SUM(B22:AE22) -> 1340 | AG22: ='Facility Data'!D16 -> 469 | AH22: =AF22/AG22 -> 2.8571429
A23: PARKWAY ELEMENTARY | B23: 300 | H23: 60 | N23: 280 | T23: 100 | Z23: 120 | AF23: =SUM(B23:AE23) -> 860 | AG23: ='Facility Data'!D39 -> 302 | AH23: =AF23/AG23 -> 2.8476821
A24: EMMITSBURG ELEMENTARY | E24: 240 | K24: 160 | Q24: 380 | W24: 180 | AF24: =SUM(B24:AE24) -> 960 | AG24: ='Facility Data'!D13 -> 342 | AH24: =AF24/AG24 -> 2.8070175
A25: FREDERICK HIGH | B25: 460 | D25: 380 | F25: 120 | H25: 520 | J25: 400 | L25: 520 | N25: 260 | P25: 80 | R25: 80 | T25: 480 | V25: 160 | X25: 100 | Z25: 560 | AF25: =SUM(B25:AE25) -> 4120 | AG25: ='Facility Data'!D14 -> 1500 | AH25: =AF25/AG25 -> 2.7466667
A26: CRESTWOOD MIDDLE | E26: 420 | K26: 260 | Q26: 500 | W26: 380 | AF26: =SUM(B26:AE26) -> 1560 | AG26: ='Facility Data'!D11 -> 573 | AH26: =AF26/AG26 -> 2.7225131
A27: BALLENGER CREEK ELEMENTARY | B27: 100 | E27: 80 | H27: 340 | K27: 160 | N27: 520 | Q27: 220 | T27: 180 | W27: 200 | Z27: 120 | AF27: =SUM(B27:AE27) -> 1920 | AG27: ='Facility Data'!D3 -> 738 | AH27: =AF27/AG27 -> 2.601626
A28: VALLEY ELEMENTARY | B28: 300 | H28: 320 | N28: 300 | T28: 80 | Z28: 220 | AF28: =SUM(B28:AE28) -> 1220 | AG28: ='Facility Data'!D54 -> 488 | AH28: =AF28/AG28 -> 2.5
A29: MIDDLETOWN MIDDLE | B29: 360 | E29: 280 | H29: 80 | K29: 240 | N29: 400 | Q29: 220 | T29: 320 | W29: 140 | Z29: 200 | AF29: =SUM(B29:AE29) -> 2240 | AG29: ='Facility Data'!D26 -> 914 | AH29: =AF29/AG29 -> 2.4507659
A30: THURMONT MIDDLE | B30: 220 | E30: 200 | H30: 180 | K30: 140 | N30: 60 | Q30: 240 | T30: 160 | W30: 220 | Z30: 260 | AF30: =SUM(B30:AE30) -> 1680 | AG30: ='Facility Data'!D46 -> 693 | AH30: =AF30/AG30 -> 2.4242424
A31: CATOCTIN HIGH | B31: 200 | E31: 160 | H31: 180 | K31: 240 | N31: 360 | Q31: 300 | T31: 520 | W31: 280 | Z31: 340 | AF31: =SUM(B31:AE31) -> 2580 | AG31: ='Facility Data'!D9 -> 1074 | AH31: =AF31/AG31 -> 2.4022346
A32: WALKERSVILLE MIDDLE | C32: 160 | F32: 280 | I32: 60 | L32: 260 | O32: 220 | R32: 240 | U32: 220 | X32: 400 | AA32: 140 | AF32: =SUM(B32:AE32) -> 1980 | AG32: ='Facility Data'!D58 -> 859 | AH32: =AF32/AG32 -> 2.3050058
A33: CENTERVILLE ELEMENTARY | C33: 200 | F33: 180 | I33: 140 | L33: 440 | O33: 200 | R33: 420 | U33: 200 | X33: 360 | AA33: 220 | AF33: =SUM(B33:AE33) -> 2360 | AG33: ='Facility Data'!D10 -> 1028 | AH33: =AF33/AG33 -> 2.2957198
A34: WAVERLY ELEMENTARY | B34: 100 | F34: 320 | H34: 60 | L34: 180 | N34: 340 | R34: 220 | T34: 160 | X34: 20 | Z34: 40 | AF34: =SUM(B34:AE34) -> 1440 | AG34: ='Facility Data'!D59 -> 637 | AH34: =AF34/AG34 -> 2.2605965
A35: MIDDLETOWN ELEMENTARY | B35: 220 | H35: 240 | N35: 340 | T35: 260 | Z35: 100 | AF35: =SUM(B35:AE35) -> 1160 | AG35: ='Facility Data'!D24 -> 537 | AH35: =AF35/AG35 -> 2.160149
A36: HILLCREST ELEMENTARY | C36: 140 | F36: 140 | I36: 260 | L36: 400 | O36: 120 | R36: 280 | U36: 260 | X36: 280 | AA36: 260 | AF36: =SUM(B36:AE36) -> 2140 | AG36: ='Facility Data'!D18 -> 998 | AH36: =AF36/AG36 -> 2.1442886
A37: OAKDALE HIGH | B37: 180 | E37: 240 | H37: 400 | K37: 320 | N37: 260 | Q37: 160 | T37: 460 | W37: 220 | Z37: 440 | AF37: =SUM(B37:AE37) -> 2680 | AG37: ='Facility Data'!D36 -> 1274 | AH37: =AF37/AG37 -> 2.1036107
A38: TUSCARORA HIGH | B38: 480 | E38: 320 | H38: 620 | K38: 280 | N38: 460 | Q38: 260 | T38: 320 | W38: 440 | Z38: 300 | AF38: =SUM(B38:AE38) -> 3480 | AG38: ='Facility Data'!D49 -> 1669 | AH38: =AF38/AG38 -> 2.0850809
A39: MIDDLETOWN HIGH | B39: 220 | E39: 240 | H39: 80 | K39: 260 | N39: 520 | Q39: 240 | T39: 480 | W39: 300 | Z39: 380 | AF39: =SUM(B39:AE39) -> 2720 | AG39: ='Facility Data'!D25 -> 1325 | AH39: =AF39/AG39 -> 2.0528302
A40: SPRING RIDGE ELEMENTARY | B40: 180 | E40: 80 | H40: 160 | K40: 60 | N40: 140 | Q40: 180 | T40: 120 | W40: 80 | Z40: 120 | AF40: =SUM(B40:AE40) -> 1120 | AG40: ='Facility Data'!D42 -> 563 | AH40: =AF40/AG40 -> 1.9893428
A41: YELLOW SPRINGS ELEMENTARY | B41: 220 | H41: 80 | N41: 340 | T41: 100 | Z41: 280 | AF41: =SUM(B41:AE41) -> 1020 | AG41: ='Facility Data'!D64 -> 514 | AH41: =AF41/AG41 -> 1.9844358
A42: WINDSOR KNOLLS MIDDLE | C42: 200 | F42: 80 | I42: 260 | L42: 320 | O42: 60 | R42: 180 | U42: 280 | X42: 280 | AA42: 200 | AF42: =SUM(B42:AE42) -> 1860 | AG42: ='Facility Data'!D61 -> 954 | AH42: =AF42/AG42 -> 1.9496855
A43: BRUNSWICK MIDDLE | B43: 120 | E43: 180 | H43: 80 | K43: 140 | N43: 160 | Q43: 100 | T43: 160 | W43: 80 | Z43: 120 | AF43: =SUM(B43:AE43) -> 1140 | AG43: ='Facility Data'!D7 -> 604 | AH43: =AF43/AG43 -> 1.8874172
A44: BALLENGER CREEK MIDDLE | B44: 180 | E44: 160 | H44: 80 | K44: 240 | N44: 200 | Q44: 240 | T44: 160 | W44: 180 | Z44: 60 | AF44: =SUM(B44:AE44) -> 1500 | AG44: ='Facility Data'!D4 -> 797 | AH44: =AF44/AG44 -> 1.8820577
A45: URBANA ELEMENTARY | B45: 320 | H45: 220 | N45: 240 | T45: 340 | Z45: 420 | AF45: =SUM(B45:AE45) -> 1540 | AG45: ='Facility Data'!D51 -> 820 | AH45: =AF45/AG45 -> 1.8780488
A46: OAKDALE MIDDLE | C46: 140 | F46: 160 | I46: 140 | L46: 80 | O46: 260 | R46: 200 | U46: 20 | X46: 220 | AA46: 80 | AF46: =SUM(B46:AE46) -> 1300 | AG46: ='Facility Data'!D37 -> 697 | AH46: =AF46/AG46 -> 1.8651363
A47: URBANA MIDDLE | C47: 220 | F47: 240 | I47: 20 | L47: 240 | O47: 340 | R47: 100 | U47: 180 | X47: 80 | AA47: 100 | AF47: =SUM(B47:AE47) -> 1520 | AG47: ='Facility Data'!D53 -> 830 | AH47: =AF47/AG47 -> 1.8313253
A48: WHITTIER ELEMENTARY | B48: 140 | H48: 40 | N48: 640 | T48: 140 | Z48: 540 | AF48: =SUM(B48:AE48) -> 1500 | AG48: ='Facility Data'!D60 -> 865 | AH48: =AF48/AG48 -> 1.734104
A49: N FREDERICK ELEMENTARY | C49: 80 | E49: 100 | I49: 120 | K49: 60 | N49: 220 | Q49: 160 | T49: 120 | W49: 100 | Z49: 240 | AF49: =SUM(B49:AE49) -> 1200 | AG49: ='Facility Data'!D31 -> 693 | AH49: =AF49/AG49 -> 1.7316017
A50: LIBERTY ELEMENTARY | E50: 80 | K50: 140 | Q50: 180 | W50: 160 | AF50: =SUM(B50:AE50) -> 560 | AG50: ='Facility Data'!D21 -> 334 | AH50: =AF50/AG50 -> 1.6766467
A51: ORCHARD GROVE ELEMENTARY | B51: 120 | E51: 60 | H51: 0 | N51: 400 | Q51: 120 | T51: 80 | W51: 40 | Z51: 340 | AF51: =SUM(B51:AE51) -> 1160 | AG51: ='Facility Data'!D38 -> 695 | AH51: =AF51/AG51 -> 1.6690647
A52: BRUNSWICK ELEMENTARY | B52: 200 | H52: 160 | N52: 240 | T52: 180 | Z52: 360 | AF52: =SUM(B52:AE52) -> 1140 | AG52: ='Facility Data'!D5 -> 691 | AH52: =AF52/AG52 -> 1.6497829
A53: GLADE ELEMENTARY | E53: 320 | K53: 240 | Q53: 320 | W53: 260 | AF53: =SUM(B53:AE53) -> 1140 | AG53: ='Facility Data'!D15 -> 713 | AH53: =AF53/AG53 -> 1.598878
A54: THURMONT PRIMARY | E54: 200 | K54: 160 | Q54: 140 | W54: 200 | AF54: =SUM(B54:AE54) -> 700 | AG54: ='Facility Data'!D47 -> 442 | AH54: =AF54/AG54 -> 1.5837104
A55: MYERSVILLE ELEMENTARY | E55: 140 | K55: 100 | Q55: 180 | W55: 220 | AF55: =SUM(B55:AE55) -> 640 | AG55: ='Facility Data'!D30 -> 419 | AH55: =AF55/AG55 -> 1.5274463
A56: THURMONT ELEMENTARY | E56: 160 | K56: 120 | Q56: 140 | W56: 160 | AF56: =SUM(B56:AE56) -> 580 | AG56: ='Facility Data'!D45 -> 381 | AH56: =AF56/AG56 -> 1.5223097
A57: NEW MARKET ELEMENTARY | C57: 200 | I57: 180 | O57: 180 | U57: 340 | AA57: 360 | AF57: =SUM(B57:AE57) -> 1260 | AG57: ='Facility Data'!D32 -> 846 | AH57: =AF57/AG57 -> 1.4893617
A58: WALKERSVILLE HIGH | B58: 160 | E58: 180 | H58: 200 | K58: 320 | N58: 140 | Q58: 100 | T58: 160 | W58: 180 | Z58: 200 | AF58: =SUM(B58:AE58) -> 1640 | AG58: ='Facility Data'!D57 -> 1227 | AH58: =AF58/AG58 -> 1.3365933
A59: LEWISTOWN ELEMENTARY | E59: 120 | K59: 80 | Q59: 60 | W59: 100 | AF59: =SUM(B59:AE59) -> 360 | AG59: ='Facility Data'!D20 -> 274 | AH59: =AF59/AG59 -> 1.3138686
A60: LINGANORE HIGH | B60: 80 | D60: 160 | F60: 100 | H60: 120 | J60: 100 | L60: 200 | N60: 180 | P60: 220 | R60: 100 | T60: 380 | V60: 220 | X60: 120 | Z60: 140 | AF60: =SUM(B60:AE60) -> 2120 | AG60: ='Facility Data'!D23 -> 1646 | AH60: =AF60/AG60 -> 1.2879708
A61: MIDDLETOWN PRIMARY | E61: 300 | K61: 160 | Q61: 80 | W61: 120 | AF61: =SUM(B61:AE61) -> 660 | AG61: ='Facility Data'!D27 -> 541 | AH61: =AF61/AG61 -> 1.219963
A62: LINCOLN ELEMENTARY | B62: 100 | H62: 140 | N62: 300 | T62: 80 | Z62: 80 | AF62: =SUM(B62:AE62) -> 700 | AG62: ='Facility Data'!D22 -> 586 | AH62: =AF62/AG62 -> 1.1945392
A63: OAKDALE ELEMENTARY | C63: 180 | I63: 240 | O63: 60 | U63: 220 | AA63: 100 | AF63: =SUM(B63:AE63) -> 800 | AG63: ='Facility Data'!D35 -> 707 | AH63: =AF63/AG63 -> 1.1315417
A64: TWIN RIDGE ELEMENTARY | F64: 200 | L64: 180 | R64: 80 | X64: 200 | AF64: =SUM(B64:AE64) -> 660 | AG64: ='Facility Data'!D50 -> 598 | AH64: =AF64/AG64 -> 1.1036789
A65: CARROLL MANOR ELEMENTARY | E65: 100 | K65: 260 | Q65: 180 | W65: 80 | AF65: =SUM(B65:AE65) -> 620 | AG65: ='Facility Data'!D8 -> 644 | AH65: =AF65/AG65 -> 0.96273292
A66: DEER CROSSING ELEMENTARY | C66: 160 | I66: 20 | O66: 120 | U66: 60 | AA66: 240 | AF66: =SUM(B66:AE66) -> 600 | AG66: ='Facility Data'!D12 -> 740 | AH66: =AF66/AG66 -> 0.81081081
A67: W FREDERICK MIDDLE | E67: 180 | K67: 160 | Q67: 80 | W67: 120 | AF67: =SUM(B67:AE67) -> 540 | AG67: ='Facility Data'!D55 -> 900 | AH67: =AF67/AG67 -> 0.6
AF69: =SUM(AF6:AF68) -> 108246

Sheet Monthly "Top Ten" Comparisons
B1: "Top Ten" Monthly Comparisons
B3: September | C3: pounds per capita | E3: October | F3: pounds per capita | H3: November | I3: pounds per capita
A4: 1 | B4: ROCK CREEK SCHOOL | C4: 12.99435 | E4: ROCK CREEK SCHOOL | F4: 12.99435 | H4: EMMITSBURG ELEMENTARY | I4: 10.643275
A5: 2 | B5: HEATHER RIDGE SCHOOL | C5: 6.2809917 | E5: HEATHER RIDGE SCHOOL | F5: 6.2809917 | H5: HEATHER RIDGE SCHOOL | I5: 6.1157025
A6: 3 | B6: ORCHARD GROVE ELEMENTARY | C6: 4.6330935 | E6: ORCHARD GROVE ELEMENTARY | F6: 4.6330935 | H6: LIBERTY ELEMENTARY | I6: 5.8682635
A7: 4 | B7: YELLOW SPRINGS ELEMENTARY | C7: 3.8132296 | E7: YELLOW SPRINGS ELEMENTARY | F7: 3.8132296 | H7: MONOCACY ELEMENTARY | I7: 5.3561254
A8: 5 | B8: MONOCACY ELEMENTARY | C8: 3.3903134 | E8: MONOCACY ELEMENTARY | F8: 3.3903134 | H8: ROCK CREEK SCHOOL | I8: 4.7457627
A9: 6 | B9: THOMAS JOHNSON HIGH | C9: 3.2965686 | E9: THOMAS JOHNSON HIGH | F9: 3.2965686 | H9: URBANA MIDDLE | I9: 4.6746988
A10: 7 | B10: WOODSBORO ELEMENTARY | C10: 3.1924883 | E10: WOODSBORO ELEMENTARY | F10: 3.1924883 | H10: KEMPTOWN ELEMENTARY | I10: 4.6153846
A11: 8 | B11: MIDDLETOWN MIDDLE | C11: 3.0415755 | E11: MIDDLETOWN MIDDLE | F11: 3.0415755 | H11: GREEN VALLEY ELEMENTARY | I11: 4.4776119
A12: 9 | B12: WOLFSVILLE ELEMENTARY | C12: 2.7751196 | E12: WOLFSVILLE ELEMENTARY | F12: 2.7751196 | H12: BALLENGER CREEK ELEMENTARY | I12: 4.3902439
A13: 10 | B13: NEW MIDWAY ELEMENTARY | C13: 2.7710843 | E13: NEW MIDWAY ELEMENTARY | F13: 2.7710843 | H13: MIDDLETOWN PRIMARY | I13: 4.3253235
B15: December | C15: pounds per capita | E15: January | F15: pounds per capita | H15: February | I15: pounds per capita
A16: 1 | B16: ROCK CREEK SCHOOL | C16: 6.779661 | E16: HEATHER RIDGE SCHOOL | F16: 7.107438 | H16: WOODSBORO ELEMENTARY | I16: 13.239437
A17: 2 | B17: WOODSBORO ELEMENTARY | C17: 5.915493 | E17: EMMITSBURG ELEMENTARY | F17: 7.0175439 | H17: HEATHER RIDGE SCHOOL | I17: 7.768595
A18: 3 | B18: LIBERTY ELEMENTARY | C18: 5.1497006 | E18: WOLFSVILLE ELEMENTARY | F18: 5.9330144 | H18: WOLFSVILLE ELEMENTARY | I18: 6.4114833
A19: 4 | B19: HEATHER RIDGE SCHOOL | C19: 5.1239669 | E19: BALLENGER CREEK ELEMENTARY | F19: 5.7181572 | H19: EMMITSBURG ELEMENTARY | I19: 5.380117
A20: 5 | B20: EMMITSBURG ELEMENTARY | C20: 5.0877193 | E20: THURMONT PRIMARY | F20: 5.4751131 | H20: THURMONT PRIMARY | I20: 4.7511312
A21: 6 | B21: BALLENGER CREEK ELEMENTARY | C21: 4.796748 | E21: URBANA MIDDLE | F21: 5.4698795 | H21: SPRING RIDGE ELEMENTARY | I21: 4.6891652
A22: 7 | B22: SPRING RIDGE ELEMENTARY | C22: 4.6891652 | E22: CRESTWOOD MIDDLE | F22: 5.3752182 | H22: VALLEY ELEMENTARY | I22: 4.3032787
A23: 8 | B23: THOMAS JOHNSON HIGH | C23: 4.1544118 | E23: WAVERLY ELEMENTARY | F23: 5.3375196 | H23: ROCK CREEK SCHOOL | I23: 4.2937853
A24: 9 | B24: GREEN VALLEY ELEMENTARY | C24: 3.880597 | E24: N FREDERICK ELEMENTARY | F24: 5.0793651 | H24: TWIN RIDGE ELEMENTARY | I24: 4.1471572
A25: 10 | B25: NEW MARKET MIDDLE | C25: 3.6144578 | E25: ROCK CREEK SCHOOL | F25: 4.519774 | H25: MIDDLETOWN ELEMENTARY | I25: 4.1340782
B27: March | C27: pounds per capita | E27: April | F27: pounds per capita | H27: May | I27: pounds per capita
B28: HEATHER RIDGE SCHOOL | C28: 11.570248 | E28: HEATHER RIDGE SCHOOL | F28: 12.231405
B29: ROCK CREEK SCHOOL | C29: 7.2316384 | E29: ROCK CREEK SCHOOL | F29: 8.0225989
B30: WOODSBORO ELEMENTARY | C30: 6.1971831 | E30: BRUNSWICK HIGH | F30: 6.22057
B31: WAVERLY ELEMENTARY | C31: 5.4317111 | E31: URBANA HIGH | F31: 5.1709136
B32: SPRING RIDGE ELEMENTARY | C32: 4.8667851 | E32: WOODSBORO ELEMENTARY | F32: 4.8826291
B33: PARKWAY ELEMENTARY | C33: 4.8344371 | E33: MONOCACY ELEMENTARY | F33: 4.3589744
B34: WOLFSVILLE ELEMENTARY | C34: 4.3062201 | E34: WOLFSVILLE ELEMENTARY | F34: 4.354067
B35: THURMONT ELEMENTARY | C35: 4.0419948 | E35: WALKERSVILLE ELEMENTARY | F35: 4.1207349
B36: THURMONT PRIMARY | C36: 3.8914027 | E36: NEW MIDWAY ELEMENTARY | F36: 3.9759036
B37: NEW MARKET MIDDLE | C37: 3.5111876 | E37: TUSCARORA ELEMENTARY | F37: 3.7187128
