Workbook

Sheet Sheet1
A1: #4 Awards | B1: MSJC
B2: AY 07-08 | C2: AY 08-09 | D2: AY 09-10 | E2: AY 10-11 | F2: AY 11-12
B3: AA/AS | C3: AA/AS | D3: AA/AS | E3: AA/AS | F3: AA/AS
A4: Total | B4: =VLOOKUP(Sheet2!$A1,'[1]AA&AS GENDER'!$A:$F,HLOOKUP(Sheet1!B$2,'[1]AA&AS GENDER'!$1:$2,2,FALSE),FALSE) -> 912 | C4: =VLOOKUP(Sheet2!$A1,'[1]AA&AS GENDER'!$A:$F,HLOOKUP(Sheet1!C$2,'[1]AA&AS GENDER'!$1:$2,2,FALSE),FALSE) -> 988 | D4: =VLOOKUP(Sheet2!$A1,'[1]AA&AS GENDER'!$A:$F,HLOOKUP(Sheet1!D$2,'[1]AA&AS GENDER'!$1:$2,2,FALSE),FALSE) -> 1017 | E4: =VLOOKUP(Sheet2!$A1,'[1]AA&AS GENDER'!$A:$F,HLOOKUP(Sheet1!E$2,'[1]AA&AS GENDER'!$1:$2,2,FALSE),FALSE) -> 1096 | F4: =VLOOKUP(Sheet2!$A1,'[1]AA&AS GENDER'!$A:$F,HLOOKUP(Sheet1!F$2,'[1]AA&AS GENDER'!$1:$2,2,FALSE),FALSE) -> 1086
G5: AY 11-12 Enrollment % | H5: gap analysis = AY Award % - AY Enroll %
A6: Gender | B6: AA/AS | C6: AA/AS | D6: AA/AS | E6: AA/AS | F6: AA/AS | G6: Gender | H6: AA/AS
A7: Female | B7: =(VLOOKUP(Sheet2!$A7,'[1]AA&AS GENDER'!$A:$F,HLOOKUP(Sheet1!B$2,'[1]AA&AS GENDER'!$1:$2,2,FALSE),FALSE))/(B$4) -> 0.67763158 | C7: =(VLOOKUP(Sheet2!$A7,'[1]AA&AS GENDER'!$A:$F,HLOOKUP(Sheet1!C$2,'[1]AA&AS GENDER'!$1:$2,2,FALSE),FALSE))/(C$4) -> 0.68117409 | D7: =(VLOOKUP(Sheet2!$A7,'[1]AA&AS GENDER'!$A:$F,HLOOKUP(Sheet1!D$2,'[1]AA&AS GENDER'!$1:$2,2,FALSE),FALSE))/(D$4) -> 0.65978368 | E7: =(VLOOKUP(Sheet2!$A7,'[1]AA&AS GENDER'!$A:$F,HLOOKUP(Sheet1!E$2,'[1]AA&AS GENDER'!$1:$2,2,FALSE),FALSE))/(E$4) -> 0.64416058 | F7: =(VLOOKUP(Sheet2!$A7,'[1]AA&AS GENDER'!$A:$F,HLOOKUP(Sheet1!F$2,'[1]AA&AS GENDER'!$1:$2,2,FALSE),FALSE))/(F$4) -> 0.62338858 | G7: =[2]Sheet1!$K4 -> 0.56593632 | H7: =F7-G7 -> 0.057452266
A8: Male | B8: =(VLOOKUP(Sheet2!$A8,'[1]AA&AS GENDER'!$A:$F,HLOOKUP(Sheet1!B$2,'[1]AA&AS GENDER'!$1:$2,2,FALSE),FALSE))/(B$4) -> 0.32127193 | C8: =(VLOOKUP(Sheet2!$A8,'[1]AA&AS GENDER'!$A:$F,HLOOKUP(Sheet1!C$2,'[1]AA&AS GENDER'!$1:$2,2,FALSE),FALSE))/(C$4) -> 0.31376518 | D8: =(VLOOKUP(Sheet2!$A8,'[1]AA&AS GENDER'!$A:$F,HLOOKUP(Sheet1!D$2,'[1]AA&AS GENDER'!$1:$2,2,FALSE),FALSE))/(D$4) -> 0.32841691 | E8: =(VLOOKUP(Sheet2!$A8,'[1]AA&AS GENDER'!$A:$F,HLOOKUP(Sheet1!E$2,'[1]AA&AS GENDER'!$1:$2,2,FALSE),FALSE))/(E$4) -> 0.34215328 | F8: =(VLOOKUP(Sheet2!$A8,'[1]AA&AS GENDER'!$A:$F,HLOOKUP(Sheet1!F$2,'[1]AA&AS GENDER'!$1:$2,2,FALSE),FALSE))/(F$4) -> 0.36556169 | G8: =[2]Sheet1!$K5 -> 0.42484898 | H8: =F8-G8 -> -0.059287287
A9: Unknown | B9: =(VLOOKUP(Sheet2!$A9,'[1]AA&AS GENDER'!$A:$F,HLOOKUP(Sheet1!B$2,'[1]AA&AS GENDER'!$1:$2,2,FALSE),FALSE))/(B$4) -> 0.0010964912 | C9: =(VLOOKUP(Sheet2!$A9,'[1]AA&AS GENDER'!$A:$F,HLOOKUP(Sheet1!C$2,'[1]AA&AS GENDER'!$1:$2,2,FALSE),FALSE))/(C$4) -> 0.0050607287 | D9: =(VLOOKUP(Sheet2!$A9,'[1]AA&AS GENDER'!$A:$F,HLOOKUP(Sheet1!D$2,'[1]AA&AS GENDER'!$1:$2,2,FALSE),FALSE))/(D$4) -> 0.01179941 | E9: =(VLOOKUP(Sheet2!$A9,'[1]AA&AS GENDER'!$A:$F,HLOOKUP(Sheet1!E$2,'[1]AA&AS GENDER'!$1:$2,2,FALSE),FALSE))/(E$4) -> 0.013686131 | F9: =(VLOOKUP(Sheet2!$A9,'[1]AA&AS GENDER'!$A:$F,HLOOKUP(Sheet1!F$2,'[1]AA&AS GENDER'!$1:$2,2,FALSE),FALSE))/(F$4) -> 0.011049724 | G9: =[2]Sheet1!$K6 -> 0.0092147026 | H9: =F9-G9 -> 0.0018350212
G11: AY 11-12 Enrollment % | H11: =H5 -> gap analysis = AY Award % - AY Enroll %
A12: Ethnicity | B12: AA/AS | C12: AA/AS | D12: AA/AS | E12: AA/AS | F12: AA/AS | G12: Ethnicity | H12: AA/AS
A13: White | B13: =(VLOOKUP(Sheet2!$A12,'[1]AA&AS races'!$A:$F,HLOOKUP(Sheet1!B$2,'[1]AA&AS races'!$1:$2,2,FALSE),FALSE))/(B$4) -> 0.52083333 | C13: =(VLOOKUP(Sheet2!$A12,'[1]AA&AS races'!$A:$F,HLOOKUP(Sheet1!C$2,'[1]AA&AS races'!$1:$2,2,FALSE),FALSE))/(C$4) -> 0.52226721 | D13: =(VLOOKUP(Sheet2!$A12,'[1]AA&AS races'!$A:$F,HLOOKUP(Sheet1!D$2,'[1]AA&AS races'!$1:$2,2,FALSE),FALSE))/(D$4) -> 0.48967552 | E13: =(VLOOKUP(Sheet2!$A12,'[1]AA&AS races'!$A:$F,HLOOKUP(Sheet1!E$2,'[1]AA&AS races'!$1:$2,2,FALSE),FALSE))/(E$4) -> 0.49361314 | F13: =(VLOOKUP(Sheet2!$A12,'[1]AA&AS races'!$A:$F,HLOOKUP(Sheet1!F$2,'[1]AA&AS races'!$1:$2,2,FALSE),FALSE))/(F$4) -> 0.48987109 | G13: =[2]Sheet1!$K12 -> 0.39961093 | H13: =F13-G13 -> 0.090260152
A14: Hispanic | B14: =(VLOOKUP(Sheet2!$A13,'[1]AA&AS Hispanics'!$A:$F,HLOOKUP(Sheet1!B$2,'[1]AA&AS Hispanics'!$1:$2,2,FALSE),FALSE))/(B$4) -> 0.30701754 | C14: =(VLOOKUP(Sheet2!$A13,'[1]AA&AS Hispanics'!$A:$F,HLOOKUP(Sheet1!C$2,'[1]AA&AS Hispanics'!$1:$2,2,FALSE),FALSE))/(C$4) -> 0.32793522 | D14: =(VLOOKUP(Sheet2!$A13,'[1]AA&AS Hispanics'!$A:$F,HLOOKUP(Sheet1!D$2,'[1]AA&AS Hispanics'!$1:$2,2,FALSE),FALSE))/(D$4) -> 0.34906588 | E14: =(VLOOKUP(Sheet2!$A13,'[1]AA&AS Hispanics'!$A:$F,HLOOKUP(Sheet1!E$2,'[1]AA&AS Hispanics'!$1:$2,2,FALSE),FALSE))/(E$4) -> 0.34489051 | F14: =(VLOOKUP(Sheet2!$A13,'[1]AA&AS Hispanics'!$A:$F,HLOOKUP(Sheet1!F$2,'[1]AA&AS Hispanics'!$1:$2,2,FALSE),FALSE))/(F$4) -> 0.35359116 | G14: =[2]Sheet1!$K13 -> 0.37345142 | H14: =F14-G14 -> -0.019860258
A15: African American | B15: =(VLOOKUP(Sheet2!$A14,'[1]AA&AS races'!$A:$F,HLOOKUP(Sheet1!B$2,'[1]AA&AS races'!$1:$2,2,FALSE),FALSE))/(B$4) -> 0.064692982 | C15: =(VLOOKUP(Sheet2!$A14,'[1]AA&AS races'!$A:$F,HLOOKUP(Sheet1!C$2,'[1]AA&AS races'!$1:$2,2,FALSE),FALSE))/(C$4) -> 0.049595142 | D15: =(VLOOKUP(Sheet2!$A14,'[1]AA&AS races'!$A:$F,HLOOKUP(Sheet1!D$2,'[1]AA&AS races'!$1:$2,2,FALSE),FALSE))/(D$4) -> 0.060963618 | E15: =(VLOOKUP(Sheet2!$A14,'[1]AA&AS races'!$A:$F,HLOOKUP(Sheet1!E$2,'[1]AA&AS races'!$1:$2,2,FALSE),FALSE))/(E$4) -> 0.049270073 | F15: =(VLOOKUP(Sheet2!$A14,'[1]AA&AS races'!$A:$F,HLOOKUP(Sheet1!F$2,'[1]AA&AS races'!$1:$2,2,FALSE),FALSE))/(F$4) -> 0.050644567 | G15: =[2]Sheet1!$K14 -> 0.077147538 | H15: =F15-G15 -> -0.02650297
A16: Asian | B16: =(VLOOKUP(Sheet2!$A15,'[1]AA&AS races'!$A:$F,HLOOKUP(Sheet1!B$2,'[1]AA&AS races'!$1:$2,2,FALSE),FALSE))/(B$4) -> 0.025219298 | C16: =(VLOOKUP(Sheet2!$A15,'[1]AA&AS races'!$A:$F,HLOOKUP(Sheet1!C$2,'[1]AA&AS races'!$1:$2,2,FALSE),FALSE))/(C$4) -> 0.017206478 | D16: =(VLOOKUP(Sheet2!$A15,'[1]AA&AS races'!$A:$F,HLOOKUP(Sheet1!D$2,'[1]AA&AS races'!$1:$2,2,FALSE),FALSE))/(D$4) -> 0.031465093 | E16: =(VLOOKUP(Sheet2!$A15,'[1]AA&AS races'!$A:$F,HLOOKUP(Sheet1!E$2,'[1]AA&AS races'!$1:$2,2,FALSE),FALSE))/(E$4) -> 0.03649635 | F16: =(VLOOKUP(Sheet2!$A15,'[1]AA&AS races'!$A:$F,HLOOKUP(Sheet1!F$2,'[1]AA&AS races'!$1:$2,2,FALSE),FALSE))/(F$4) -> 0.02854512 | G16: =[2]Sheet1!$K15 -> 0.024470155 | H16: =F16-G16 -> 0.0040749651
A17: Native American | B17: =(VLOOKUP(Sheet2!$A16,'[1]AA&AS races'!$A:$F,HLOOKUP(Sheet1!B$2,'[1]AA&AS races'!$1:$2,2,FALSE),FALSE))/(B$4) -> 0.013157895 | C17: =(VLOOKUP(Sheet2!$A16,'[1]AA&AS races'!$A:$F,HLOOKUP(Sheet1!C$2,'[1]AA&AS races'!$1:$2,2,FALSE),FALSE))/(C$4) -> 0.012145749 | D17: =(VLOOKUP(Sheet2!$A16,'[1]AA&AS races'!$A:$F,HLOOKUP(Sheet1!D$2,'[1]AA&AS races'!$1:$2,2,FALSE),FALSE))/(D$4) -> 0.0078662734 | E17: =(VLOOKUP(Sheet2!$A16,'[1]AA&AS races'!$A:$F,HLOOKUP(Sheet1!E$2,'[1]AA&AS races'!$1:$2,2,FALSE),FALSE))/(E$4) -> 0.012773723 | F17: =(VLOOKUP(Sheet2!$A16,'[1]AA&AS races'!$A:$F,HLOOKUP(Sheet1!F$2,'[1]AA&AS races'!$1:$2,2,FALSE),FALSE))/(F$4) -> 0.0064456722 | G17: =[2]Sheet1!$K16 -> 0.0072181837 | H17: =F17-G17 -> -0.00077251149
A18: Filipino | B18: =(VLOOKUP(Sheet2!$A17,'[1]AA&AS races'!$A:$F,HLOOKUP(Sheet1!B$2,'[1]AA&AS races'!$1:$2,2,FALSE),FALSE))/(B$4) -> 0.04495614 | C18: =(VLOOKUP(Sheet2!$A17,'[1]AA&AS races'!$A:$F,HLOOKUP(Sheet1!C$2,'[1]AA&AS races'!$1:$2,2,FALSE),FALSE))/(C$4) -> 0.045546559 | D18: =(VLOOKUP(Sheet2!$A17,'[1]AA&AS races'!$A:$F,HLOOKUP(Sheet1!D$2,'[1]AA&AS races'!$1:$2,2,FALSE),FALSE))/(D$4) -> 0.039331367 | E18: =(VLOOKUP(Sheet2!$A17,'[1]AA&AS races'!$A:$F,HLOOKUP(Sheet1!E$2,'[1]AA&AS races'!$1:$2,2,FALSE),FALSE))/(E$4) -> 0.033759124 | F18: =(VLOOKUP(Sheet2!$A17,'[1]AA&AS races'!$A:$F,HLOOKUP(Sheet1!F$2,'[1]AA&AS races'!$1:$2,2,FALSE),FALSE))/(F$4) -> 0.049723757 | G18: =[2]Sheet1!$K17 -> 0.030664482 | H18: =F18-G18 -> 0.019059274
A19: Pacific Islander | B19: =(VLOOKUP(Sheet2!$A18,'[1]AA&AS races'!$A:$F,HLOOKUP(Sheet1!B$2,'[1]AA&AS races'!$1:$2,2,FALSE),FALSE))/(B$4) -> 0.0043859649 | C19: =(VLOOKUP(Sheet2!$A18,'[1]AA&AS races'!$A:$F,HLOOKUP(Sheet1!C$2,'[1]AA&AS races'!$1:$2,2,FALSE),FALSE))/(C$4) -> 0.0070850202 | D19: =(VLOOKUP(Sheet2!$A18,'[1]AA&AS races'!$A:$F,HLOOKUP(Sheet1!D$2,'[1]AA&AS races'!$1:$2,2,FALSE),FALSE))/(D$4) -> 0.0078662734 | E19: =(VLOOKUP(Sheet2!$A18,'[1]AA&AS races'!$A:$F,HLOOKUP(Sheet1!E$2,'[1]AA&AS races'!$1:$2,2,FALSE),FALSE))/(E$4) -> 0.0091240876 | F19: =(VLOOKUP(Sheet2!$A18,'[1]AA&AS races'!$A:$F,HLOOKUP(Sheet1!F$2,'[1]AA&AS races'!$1:$2,2,FALSE),FALSE))/(F$4) -> 0.0036832413 | G19: =[2]Sheet1!$K18 -> 0.0046073513 | H19: =F19-G19 -> -0.00092411003
A20: Multi-Race | B20: =(VLOOKUP(Sheet2!$A19,'[1]AA&AS multi race'!$A:$F,HLOOKUP(Sheet1!B$2,'[1]AA&AS multi race'!$1:$2,2,FALSE),FALSE))/(B$4) -> 0.018640351 | C20: =(VLOOKUP(Sheet2!$A19,'[1]AA&AS multi race'!$A:$F,HLOOKUP(Sheet1!C$2,'[1]AA&AS multi race'!$1:$2,2,FALSE),FALSE))/(C$4) -> 0.017206478 | D20: =(VLOOKUP(Sheet2!$A19,'[1]AA&AS multi race'!$A:$F,HLOOKUP(Sheet1!D$2,'[1]AA&AS multi race'!$1:$2,2,FALSE),FALSE))/(D$4) -> 0.012782694 | E20: =(VLOOKUP(Sheet2!$A19,'[1]AA&AS multi race'!$A:$F,HLOOKUP(Sheet1!E$2,'[1]AA&AS multi race'!$1:$2,2,FALSE),FALSE))/(E$4) -> 0.019160584 | F20: =(VLOOKUP(Sheet2!$A19,'[1]AA&AS multi race'!$A:$F,HLOOKUP(Sheet1!F$2,'[1]AA&AS multi race'!$1:$2,2,FALSE),FALSE))/(F$4) -> 0.013812155 | G20: =[2]Sheet1!$K19 -> 0.046483055 | H20: =F20-G20 -> -0.0326709
A21: Unknown | B21: =100%-SUM(B13:B20) -> 0.0010964912 | C21: =100%-SUM(C13:C20) -> 0.0010121457 | D21: =100%-SUM(D13:D20) -> 0.00098328417 | E21: =100%-SUM(E13:E20) -> 0.00091240876 | F21: =100%-SUM(F13:F20) -> 0.0036832413 | G21: =[2]Sheet1!$K20 -> 0.036346882 | H21: =F21-G21 -> -0.032663641
G23: AY 11-12 Enrollment % | H23: =H5 -> gap analysis = AY Award % - AY Enroll % | J23: maybe a better comparison for awards would be to look at the % of students with
A24: Age | B24: AA/AS | C24: AA/AS | D24: AA/AS | E24: AA/AS | F24: AA/AS | G24: Age | H24: AA/AS | J24: 4 or more terms of enrollment as a comparison to awards.
A25: <18 | B25: =(IFERROR(VLOOKUP($A25,'[1]AA&AS AGE'!$A:$F,HLOOKUP(Sheet1!B$2,'[1]AA&AS AGE'!$1:$2,2,FALSE),FALSE),0))/(B$4) -> 0 | C25: =(IFERROR(VLOOKUP($A25,'[1]AA&AS AGE'!$A:$F,HLOOKUP(Sheet1!C$2,'[1]AA&AS AGE'!$1:$2,2,FALSE),FALSE),0))/(C$4) -> 0 | D25: =(IFERROR(VLOOKUP($A25,'[1]AA&AS AGE'!$A:$F,HLOOKUP(Sheet1!D$2,'[1]AA&AS AGE'!$1:$2,2,FALSE),FALSE),0))/(D$4) -> 0 | E25: =(IFERROR(VLOOKUP($A25,'[1]AA&AS AGE'!$A:$F,HLOOKUP(Sheet1!E$2,'[1]AA&AS AGE'!$1:$2,2,FALSE),FALSE),0))/(E$4) -> 0.0018248175 | F25: =(IFERROR(VLOOKUP($A25,'[1]AA&AS AGE'!$A:$F,HLOOKUP(Sheet1!F$2,'[1]AA&AS AGE'!$1:$2,2,FALSE),FALSE),0))/(F$4) -> 0 | G25: =[2]Sheet1!$K25 -> 0.010033787 | H25: =F25-G25 -> -0.010033787 | J25: This would accont for students who have not had time to earn an award yet.
A26: 18 & 19 | B26: =(IFERROR(VLOOKUP($A26,'[1]AA&AS AGE'!$A:$F,HLOOKUP(Sheet1!B$2,'[1]AA&AS AGE'!$1:$2,2,FALSE),FALSE),0))/(B$4) -> 0.0098684211 | C26: =(IFERROR(VLOOKUP($A26,'[1]AA&AS AGE'!$A:$F,HLOOKUP(Sheet1!C$2,'[1]AA&AS AGE'!$1:$2,2,FALSE),FALSE),0))/(C$4) -> 0.015182186 | D26: =(IFERROR(VLOOKUP($A26,'[1]AA&AS AGE'!$A:$F,HLOOKUP(Sheet1!D$2,'[1]AA&AS AGE'!$1:$2,2,FALSE),FALSE),0))/(D$4) -> 0.0078662734 | E26: =(IFERROR(VLOOKUP($A26,'[1]AA&AS AGE'!$A:$F,HLOOKUP(Sheet1!E$2,'[1]AA&AS AGE'!$1:$2,2,FALSE),FALSE),0))/(E$4) -> 0.0072992701 | F26: =(IFERROR(VLOOKUP($A26,'[1]AA&AS AGE'!$A:$F,HLOOKUP(Sheet1!F$2,'[1]AA&AS AGE'!$1:$2,2,FALSE),FALSE),0))/(F$4) -> 0.0082872928 | G26: =[2]Sheet1!$K26 -> 0.20768916 | H26: =F26-G26 -> -0.19940186 | J26: example would be gap analysis = awards % - students with 4 or more terms %
A27: 20 to 24 | B27: =(IFERROR(VLOOKUP($A27,'[1]AA&AS AGE'!$A:$F,HLOOKUP(Sheet1!B$2,'[1]AA&AS AGE'!$1:$2,2,FALSE),FALSE),0))/(B$4) -> 0.4254386 | C27: =(IFERROR(VLOOKUP($A27,'[1]AA&AS AGE'!$A:$F,HLOOKUP(Sheet1!C$2,'[1]AA&AS AGE'!$1:$2,2,FALSE),FALSE),0))/(C$4) -> 0.44635628 | D27: =(IFERROR(VLOOKUP($A27,'[1]AA&AS AGE'!$A:$F,HLOOKUP(Sheet1!D$2,'[1]AA&AS AGE'!$1:$2,2,FALSE),FALSE),0))/(D$4) -> 0.44051131 | E27: =(IFERROR(VLOOKUP($A27,'[1]AA&AS AGE'!$A:$F,HLOOKUP(Sheet1!E$2,'[1]AA&AS AGE'!$1:$2,2,FALSE),FALSE),0))/(E$4) -> 0.45529197 | F27: =(IFERROR(VLOOKUP($A27,'[1]AA&AS AGE'!$A:$F,HLOOKUP(Sheet1!F$2,'[1]AA&AS AGE'!$1:$2,2,FALSE),FALSE),0))/(F$4) -> 0.48066298 | G27: =[2]Sheet1!$K27 -> 0.38517457 | H27: =F27-G27 -> 0.095488416 | J27: this would remove nearly all the 18 to 20 year olds from the comparison
A28: 25 to 29 | B28: =(IFERROR(VLOOKUP($A28,'[1]AA&AS AGE'!$A:$F,HLOOKUP(Sheet1!B$2,'[1]AA&AS AGE'!$1:$2,2,FALSE),FALSE),0))/(B$4) -> 0.19188596 | C28: =(IFERROR(VLOOKUP($A28,'[1]AA&AS AGE'!$A:$F,HLOOKUP(Sheet1!C$2,'[1]AA&AS AGE'!$1:$2,2,FALSE),FALSE),0))/(C$4) -> 0.17206478 | D28: =(IFERROR(VLOOKUP($A28,'[1]AA&AS AGE'!$A:$F,HLOOKUP(Sheet1!D$2,'[1]AA&AS AGE'!$1:$2,2,FALSE),FALSE),0))/(D$4) -> 0.19665683 | E28: =(IFERROR(VLOOKUP($A28,'[1]AA&AS AGE'!$A:$F,HLOOKUP(Sheet1!E$2,'[1]AA&AS AGE'!$1:$2,2,FALSE),FALSE),0))/(E$4) -> 0.17518248 | F28: =(IFERROR(VLOOKUP($A28,'[1]AA&AS AGE'!$A:$F,HLOOKUP(Sheet1!F$2,'[1]AA&AS AGE'!$1:$2,2,FALSE),FALSE),0))/(F$4) -> 0.18324125 | G28: =[2]Sheet1!$K28 -> 0.13438108 | H28: =F28-G28 -> 0.048860173 | J28: so the gap we see on the 18 & 19 year olds would go away. We see nearly 0%
A29: 30 to 34 | B29: =(IFERROR(VLOOKUP($A29,'[1]AA&AS AGE'!$A:$F,HLOOKUP(Sheet1!B$2,'[1]AA&AS AGE'!$1:$2,2,FALSE),FALSE),0))/(B$4) -> 0.11403509 | C29: =(IFERROR(VLOOKUP($A29,'[1]AA&AS AGE'!$A:$F,HLOOKUP(Sheet1!C$2,'[1]AA&AS AGE'!$1:$2,2,FALSE),FALSE),0))/(C$4) -> 0.11538462 | D29: =(IFERROR(VLOOKUP($A29,'[1]AA&AS AGE'!$A:$F,HLOOKUP(Sheet1!D$2,'[1]AA&AS AGE'!$1:$2,2,FALSE),FALSE),0))/(D$4) -> 0.10226155 | E29: =(IFERROR(VLOOKUP($A29,'[1]AA&AS AGE'!$A:$F,HLOOKUP(Sheet1!E$2,'[1]AA&AS AGE'!$1:$2,2,FALSE),FALSE),0))/(E$4) -> 0.10218978 | F29: =(IFERROR(VLOOKUP($A29,'[1]AA&AS AGE'!$A:$F,HLOOKUP(Sheet1!F$2,'[1]AA&AS AGE'!$1:$2,2,FALSE),FALSE),0))/(F$4) -> 0.10220994 | G29: =[2]Sheet1!$K29 -> 0.078632129 | H29: =F29-G29 -> 0.023577816 | J29: of 18 & 19 year olds with awards, if we remove students with less than 4
A30: 35 to 39 | B30: =(IFERROR(VLOOKUP($A30,'[1]AA&AS AGE'!$A:$F,HLOOKUP(Sheet1!B$2,'[1]AA&AS AGE'!$1:$2,2,FALSE),FALSE),0))/(B$4) -> 0.076754386 | C30: =(IFERROR(VLOOKUP($A30,'[1]AA&AS AGE'!$A:$F,HLOOKUP(Sheet1!C$2,'[1]AA&AS AGE'!$1:$2,2,FALSE),FALSE),0))/(C$4) -> 0.082995951 | D30: =(IFERROR(VLOOKUP($A30,'[1]AA&AS AGE'!$A:$F,HLOOKUP(Sheet1!D$2,'[1]AA&AS AGE'!$1:$2,2,FALSE),FALSE),0))/(D$4) -> 0.071779744 | E30: =(IFERROR(VLOOKUP($A30,'[1]AA&AS AGE'!$A:$F,HLOOKUP(Sheet1!E$2,'[1]AA&AS AGE'!$1:$2,2,FALSE),FALSE),0))/(E$4) -> 0.073905109 | F30: =(IFERROR(VLOOKUP($A30,'[1]AA&AS AGE'!$A:$F,HLOOKUP(Sheet1!F$2,'[1]AA&AS AGE'!$1:$2,2,FALSE),FALSE),0))/(F$4) -> 0.074585635 | G30: =[2]Sheet1!$K30 -> 0.054981059 | H30: =F30-G30 -> 0.019604577 | J30: terms of enrollment from the comparison, we would see nearly 0%
A31: 40 to 49 | B31: =(IFERROR(VLOOKUP($A31,'[1]AA&AS AGE'!$A:$F,HLOOKUP(Sheet1!B$2,'[1]AA&AS AGE'!$1:$2,2,FALSE),FALSE),0))/(B$4) -> 0.13048246 | C31: =(IFERROR(VLOOKUP($A31,'[1]AA&AS AGE'!$A:$F,HLOOKUP(Sheet1!C$2,'[1]AA&AS AGE'!$1:$2,2,FALSE),FALSE),0))/(C$4) -> 0.11336032 | D31: =(IFERROR(VLOOKUP($A31,'[1]AA&AS AGE'!$A:$F,HLOOKUP(Sheet1!D$2,'[1]AA&AS AGE'!$1:$2,2,FALSE),FALSE),0))/(D$4) -> 0.13274336 | E31: =(IFERROR(VLOOKUP($A31,'[1]AA&AS AGE'!$A:$F,HLOOKUP(Sheet1!E$2,'[1]AA&AS AGE'!$1:$2,2,FALSE),FALSE),0))/(E$4) -> 0.12864964 | F31: =(IFERROR(VLOOKUP($A31,'[1]AA&AS AGE'!$A:$F,HLOOKUP(Sheet1!F$2,'[1]AA&AS AGE'!$1:$2,2,FALSE),FALSE),0))/(F$4) -> 0.098526703 | G31: =[2]Sheet1!$K31 -> 0.080526262 | H31: =F31-G31 -> 0.018000442 | J31: for 18 & 19 year olds. See sheet 3 for example
A32: 50 + | B32: =(IFERROR(VLOOKUP($A32,'[1]AA&AS AGE'!$A:$F,HLOOKUP(Sheet1!B$2,'[1]AA&AS AGE'!$1:$2,2,FALSE),FALSE),0))/(B$4) -> 0.051535088 | C32: =(IFERROR(VLOOKUP($A32,'[1]AA&AS AGE'!$A:$F,HLOOKUP(Sheet1!C$2,'[1]AA&AS AGE'!$1:$2,2,FALSE),FALSE),0))/(C$4) -> 0.05465587 | D32: =(IFERROR(VLOOKUP($A32,'[1]AA&AS AGE'!$A:$F,HLOOKUP(Sheet1!D$2,'[1]AA&AS AGE'!$1:$2,2,FALSE),FALSE),0))/(D$4) -> 0.048180924 | E32: =(IFERROR(VLOOKUP($A32,'[1]AA&AS AGE'!$A:$F,HLOOKUP(Sheet1!E$2,'[1]AA&AS AGE'!$1:$2,2,FALSE),FALSE),0))/(E$4) -> 0.055656934 | F32: =(IFERROR(VLOOKUP($A32,'[1]AA&AS AGE'!$A:$F,HLOOKUP(Sheet1!F$2,'[1]AA&AS AGE'!$1:$2,2,FALSE),FALSE),0))/(F$4) -> 0.052486188 | G32: =[2]Sheet1!$K32 -> 0.048479574 | H32: =F32-G32 -> 0.0040066138
A33: Unknown | B33: =(IFERROR(VLOOKUP($A33,'[1]AA&AS AGE'!$A:$F,HLOOKUP(Sheet1!B$2,'[1]AA&AS AGE'!$1:$2,2,FALSE),FALSE),0))/(B$4) -> 0 | C33: =(IFERROR(VLOOKUP($A33,'[1]AA&AS AGE'!$A:$F,HLOOKUP(Sheet1!C$2,'[1]AA&AS AGE'!$1:$2,2,FALSE),FALSE),0))/(C$4) -> 0 | D33: =(IFERROR(VLOOKUP($A33,'[1]AA&AS AGE'!$A:$F,HLOOKUP(Sheet1!D$2,'[1]AA&AS AGE'!$1:$2,2,FALSE),FALSE),0))/(D$4) -> 0 | E33: =(IFERROR(VLOOKUP($A33,'[1]AA&AS AGE'!$A:$F,HLOOKUP(Sheet1!E$2,'[1]AA&AS AGE'!$1:$2,2,FALSE),FALSE),0))/(E$4) -> 0 | F33: =(IFERROR(VLOOKUP($A33,'[1]AA&AS AGE'!$A:$F,HLOOKUP(Sheet1!F$2,'[1]AA&AS AGE'!$1:$2,2,FALSE),FALSE),0))/(F$4) -> 0 | G33: =[2]Sheet1!$K33 -> 0.00010238558 | H33: =F33-G33 -> -0.00010238558
B35: AA/AS | C35: AA/AS | D35: AA/AS | E35: AA/AS | F35: AA/AS
A36: DSPS

Sheet Table
A1: #4 Awards | B1: MSJC AWARDS
A2: Awards | B2: AY 07-08 | C2: AY 08-09 | D2: AY 09-10 | E2: AY 10-11 | F2: AY 11-12
A3: click here for graph | B3: AA/AS | C3: AA/AS | D3: AA/AS | E3: AA/AS | F3: AA/AS
A4: Total | B4: =VLOOKUP(Sheet2!$A1,'[1]AA&AS GENDER'!$A:$F,HLOOKUP(Sheet1!B$2,'[1]AA&AS GENDER'!$1:$2,2,FALSE),FALSE) -> 912 | C4: =VLOOKUP(Sheet2!$A1,'[1]AA&AS GENDER'!$A:$F,HLOOKUP(Sheet1!C$2,'[1]AA&AS GENDER'!$1:$2,2,FALSE),FALSE) -> 988 | D4: =VLOOKUP(Sheet2!$A1,'[1]AA&AS GENDER'!$A:$F,HLOOKUP(Sheet1!D$2,'[1]AA&AS GENDER'!$1:$2,2,FALSE),FALSE) -> 1017 | E4: =VLOOKUP(Sheet2!$A1,'[1]AA&AS GENDER'!$A:$F,HLOOKUP(Sheet1!E$2,'[1]AA&AS GENDER'!$1:$2,2,FALSE),FALSE) -> 1096 | F4: =VLOOKUP(Sheet2!$A1,'[1]AA&AS GENDER'!$A:$F,HLOOKUP(Sheet1!F$2,'[1]AA&AS GENDER'!$1:$2,2,FALSE),FALSE) -> 1086
A6: Gender | B6: AA/AS | C6: AA/AS | D6: AA/AS | E6: AA/AS | F6: AA/AS | G6: AY11-12 + 3 terms | H6: AA/AS Gap
A7: Female | B7: =(VLOOKUP(Sheet2!$A7,'[1]AA&AS GENDER'!$A:$F,HLOOKUP(Sheet1!B$2,'[1]AA&AS GENDER'!$1:$2,2,FALSE),FALSE))/(B$4) -> 0.67763158 | C7: =(VLOOKUP(Sheet2!$A7,'[1]AA&AS GENDER'!$A:$F,HLOOKUP(Sheet1!C$2,'[1]AA&AS GENDER'!$1:$2,2,FALSE),FALSE))/(C$4) -> 0.68117409 | D7: =(VLOOKUP(Sheet2!$A7,'[1]AA&AS GENDER'!$A:$F,HLOOKUP(Sheet1!D$2,'[1]AA&AS GENDER'!$1:$2,2,FALSE),FALSE))/(D$4) -> 0.65978368 | E7: =(VLOOKUP(Sheet2!$A7,'[1]AA&AS GENDER'!$A:$F,HLOOKUP(Sheet1!E$2,'[1]AA&AS GENDER'!$1:$2,2,FALSE),FALSE))/(E$4) -> 0.64416058 | F7: =(VLOOKUP(Sheet2!$A7,'[1]AA&AS GENDER'!$A:$F,HLOOKUP(Sheet1!F$2,'[1]AA&AS GENDER'!$1:$2,2,FALSE),FALSE))/(F$4) -> 0.62338858 | G7: 0.59751319 | H7: =F7-G7 -> 0.025875394
A8: Male | B8: =(VLOOKUP(Sheet2!$A8,'[1]AA&AS GENDER'!$A:$F,HLOOKUP(Sheet1!B$2,'[1]AA&AS GENDER'!$1:$2,2,FALSE),FALSE))/(B$4) -> 0.32127193 | C8: =(VLOOKUP(Sheet2!$A8,'[1]AA&AS GENDER'!$A:$F,HLOOKUP(Sheet1!C$2,'[1]AA&AS GENDER'!$1:$2,2,FALSE),FALSE))/(C$4) -> 0.31376518 | D8: =(VLOOKUP(Sheet2!$A8,'[1]AA&AS GENDER'!$A:$F,HLOOKUP(Sheet1!D$2,'[1]AA&AS GENDER'!$1:$2,2,FALSE),FALSE))/(D$4) -> 0.32841691 | E8: =(VLOOKUP(Sheet2!$A8,'[1]AA&AS GENDER'!$A:$F,HLOOKUP(Sheet1!E$2,'[1]AA&AS GENDER'!$1:$2,2,FALSE),FALSE))/(E$4) -> 0.34215328 | F8: =(VLOOKUP(Sheet2!$A8,'[1]AA&AS GENDER'!$A:$F,HLOOKUP(Sheet1!F$2,'[1]AA&AS GENDER'!$1:$2,2,FALSE),FALSE))/(F$4) -> 0.36556169 | G8: 0.39344386 | H8: =F8-G8 -> -0.027882164
A9: Unknown | B9: =(VLOOKUP(Sheet2!$A9,'[1]AA&AS GENDER'!$A:$F,HLOOKUP(Sheet1!B$2,'[1]AA&AS GENDER'!$1:$2,2,FALSE),FALSE))/(B$4) -> 0.0010964912 | C9: =(VLOOKUP(Sheet2!$A9,'[1]AA&AS GENDER'!$A:$F,HLOOKUP(Sheet1!C$2,'[1]AA&AS GENDER'!$1:$2,2,FALSE),FALSE))/(C$4) -> 0.0050607287 | D9: =(VLOOKUP(Sheet2!$A9,'[1]AA&AS GENDER'!$A:$F,HLOOKUP(Sheet1!D$2,'[1]AA&AS GENDER'!$1:$2,2,FALSE),FALSE))/(D$4) -> 0.01179941 | E9: =(VLOOKUP(Sheet2!$A9,'[1]AA&AS GENDER'!$A:$F,HLOOKUP(Sheet1!E$2,'[1]AA&AS GENDER'!$1:$2,2,FALSE),FALSE))/(E$4) -> 0.013686131 | F9: =(VLOOKUP(Sheet2!$A9,'[1]AA&AS GENDER'!$A:$F,HLOOKUP(Sheet1!F$2,'[1]AA&AS GENDER'!$1:$2,2,FALSE),FALSE))/(F$4) -> 0.011049724 | G9: 0.009042954 | H9: =F9-G9 -> 0.0020067697
A10: click here for graph
A12: Ethnicity | B12: AA/AS | C12: AA/AS | D12: AA/AS | E12: AA/AS | F12: AA/AS | G12: =G6 -> AY11-12 + 3 terms | H12: AA/AS Gap
A13: White | B13: =(VLOOKUP(Sheet2!$A12,'[1]AA&AS races'!$A:$F,HLOOKUP(Sheet1!B$2,'[1]AA&AS races'!$1:$2,2,FALSE),FALSE))/(B$4) -> 0.52083333 | C13: =(VLOOKUP(Sheet2!$A12,'[1]AA&AS races'!$A:$F,HLOOKUP(Sheet1!C$2,'[1]AA&AS races'!$1:$2,2,FALSE),FALSE))/(C$4) -> 0.52226721 | D13: =(VLOOKUP(Sheet2!$A12,'[1]AA&AS races'!$A:$F,HLOOKUP(Sheet1!D$2,'[1]AA&AS races'!$1:$2,2,FALSE),FALSE))/(D$4) -> 0.48967552 | E13: =(VLOOKUP(Sheet2!$A12,'[1]AA&AS races'!$A:$F,HLOOKUP(Sheet1!E$2,'[1]AA&AS races'!$1:$2,2,FALSE),FALSE))/(E$4) -> 0.49361314 | F13: =(VLOOKUP(Sheet2!$A12,'[1]AA&AS races'!$A:$F,HLOOKUP(Sheet1!F$2,'[1]AA&AS races'!$1:$2,2,FALSE),FALSE))/(F$4) -> 0.48987109 | G13: 0.41 | H13: =F13-G13 -> 0.079871087
A14: Hispanic | B14: =(VLOOKUP(Sheet2!$A13,'[1]AA&AS Hispanics'!$A:$F,HLOOKUP(Sheet1!B$2,'[1]AA&AS Hispanics'!$1:$2,2,FALSE),FALSE))/(B$4) -> 0.30701754 | C14: =(VLOOKUP(Sheet2!$A13,'[1]AA&AS Hispanics'!$A:$F,HLOOKUP(Sheet1!C$2,'[1]AA&AS Hispanics'!$1:$2,2,FALSE),FALSE))/(C$4) -> 0.32793522 | D14: =(VLOOKUP(Sheet2!$A13,'[1]AA&AS Hispanics'!$A:$F,HLOOKUP(Sheet1!D$2,'[1]AA&AS Hispanics'!$1:$2,2,FALSE),FALSE))/(D$4) -> 0.34906588 | E14: =(VLOOKUP(Sheet2!$A13,'[1]AA&AS Hispanics'!$A:$F,HLOOKUP(Sheet1!E$2,'[1]AA&AS Hispanics'!$1:$2,2,FALSE),FALSE))/(E$4) -> 0.34489051 | F14: =(VLOOKUP(Sheet2!$A13,'[1]AA&AS Hispanics'!$A:$F,HLOOKUP(Sheet1!F$2,'[1]AA&AS Hispanics'!$1:$2,2,FALSE),FALSE))/(F$4) -> 0.35359116 | G14: =[3]hispanic!$E$9 -> 0.35561417 | H14: =F14-G14 -> -0.0020230071
A15: African American | B15: =(VLOOKUP(Sheet2!$A14,'[1]AA&AS races'!$A:$F,HLOOKUP(Sheet1!B$2,'[1]AA&AS races'!$1:$2,2,FALSE),FALSE))/(B$4) -> 0.064692982 | C15: =(VLOOKUP(Sheet2!$A14,'[1]AA&AS races'!$A:$F,HLOOKUP(Sheet1!C$2,'[1]AA&AS races'!$1:$2,2,FALSE),FALSE))/(C$4) -> 0.049595142 | D15: =(VLOOKUP(Sheet2!$A14,'[1]AA&AS races'!$A:$F,HLOOKUP(Sheet1!D$2,'[1]AA&AS races'!$1:$2,2,FALSE),FALSE))/(D$4) -> 0.060963618 | E15: =(VLOOKUP(Sheet2!$A14,'[1]AA&AS races'!$A:$F,HLOOKUP(Sheet1!E$2,'[1]AA&AS races'!$1:$2,2,FALSE),FALSE))/(E$4) -> 0.049270073 | F15: =(VLOOKUP(Sheet2!$A14,'[1]AA&AS races'!$A:$F,HLOOKUP(Sheet1!F$2,'[1]AA&AS races'!$1:$2,2,FALSE),FALSE))/(F$4) -> 0.050644567 | G15: 0.07 | H15: =F15-G15 -> -0.019355433
A16: Asian | B16: =(VLOOKUP(Sheet2!$A15,'[1]AA&AS races'!$A:$F,HLOOKUP(Sheet1!B$2,'[1]AA&AS races'!$1:$2,2,FALSE),FALSE))/(B$4) -> 0.025219298 | C16: =(VLOOKUP(Sheet2!$A15,'[1]AA&AS races'!$A:$F,HLOOKUP(Sheet1!C$2,'[1]AA&AS races'!$1:$2,2,FALSE),FALSE))/(C$4) -> 0.017206478 | D16: =(VLOOKUP(Sheet2!$A15,'[1]AA&AS races'!$A:$F,HLOOKUP(Sheet1!D$2,'[1]AA&AS races'!$1:$2,2,FALSE),FALSE))/(D$4) -> 0.031465093 | E16: =(VLOOKUP(Sheet2!$A15,'[1]AA&AS races'!$A:$F,HLOOKUP(Sheet1!E$2,'[1]AA&AS races'!$1:$2,2,FALSE),FALSE))/(E$4) -> 0.03649635 | F16: =(VLOOKUP(Sheet2!$A15,'[1]AA&AS races'!$A:$F,HLOOKUP(Sheet1!F$2,'[1]AA&AS races'!$1:$2,2,FALSE),FALSE))/(F$4) -> 0.02854512 | G16: 0.03 | H16: =F16-G16 -> -0.0014548803
A17: Native American | B17: =(VLOOKUP(Sheet2!$A16,'[1]AA&AS races'!$A:$F,HLOOKUP(Sheet1!B$2,'[1]AA&AS races'!$1:$2,2,FALSE),FALSE))/(B$4) -> 0.013157895 | C17: =(VLOOKUP(Sheet2!$A16,'[1]AA&AS races'!$A:$F,HLOOKUP(Sheet1!C$2,'[1]AA&AS races'!$1:$2,2,FALSE),FALSE))/(C$4) -> 0.012145749 | D17: =(VLOOKUP(Sheet2!$A16,'[1]AA&AS races'!$A:$F,HLOOKUP(Sheet1!D$2,'[1]AA&AS races'!$1:$2,2,FALSE),FALSE))/(D$4) -> 0.0078662734 | E17: =(VLOOKUP(Sheet2!$A16,'[1]AA&AS races'!$A:$F,HLOOKUP(Sheet1!E$2,'[1]AA&AS races'!$1:$2,2,FALSE),FALSE))/(E$4) -> 0.012773723 | F17: =(VLOOKUP(Sheet2!$A16,'[1]AA&AS races'!$A:$F,HLOOKUP(Sheet1!F$2,'[1]AA&AS races'!$1:$2,2,FALSE),FALSE))/(F$4) -> 0.0064456722 | G17: 0.01 | H17: =F17-G17 -> -0.0035543278
A18: Filipino | B18: =(VLOOKUP(Sheet2!$A17,'[1]AA&AS races'!$A:$F,HLOOKUP(Sheet1!B$2,'[1]AA&AS races'!$1:$2,2,FALSE),FALSE))/(B$4) -> 0.04495614 | C18: =(VLOOKUP(Sheet2!$A17,'[1]AA&AS races'!$A:$F,HLOOKUP(Sheet1!C$2,'[1]AA&AS races'!$1:$2,2,FALSE),FALSE))/(C$4) -> 0.045546559 | D18: =(VLOOKUP(Sheet2!$A17,'[1]AA&AS races'!$A:$F,HLOOKUP(Sheet1!D$2,'[1]AA&AS races'!$1:$2,2,FALSE),FALSE))/(D$4) -> 0.039331367 | E18: =(VLOOKUP(Sheet2!$A17,'[1]AA&AS races'!$A:$F,HLOOKUP(Sheet1!E$2,'[1]AA&AS races'!$1:$2,2,FALSE),FALSE))/(E$4) -> 0.033759124 | F18: =(VLOOKUP(Sheet2!$A17,'[1]AA&AS races'!$A:$F,HLOOKUP(Sheet1!F$2,'[1]AA&AS races'!$1:$2,2,FALSE),FALSE))/(F$4) -> 0.049723757 | G18: 0.03 | H18: =F18-G18 -> 0.019723757
A19: Pacific Islander | B19: =(VLOOKUP(Sheet2!$A18,'[1]AA&AS races'!$A:$F,HLOOKUP(Sheet1!B$2,'[1]AA&AS races'!$1:$2,2,FALSE),FALSE))/(B$4) -> 0.0043859649 | C19: =(VLOOKUP(Sheet2!$A18,'[1]AA&AS races'!$A:$F,HLOOKUP(Sheet1!C$2,'[1]AA&AS races'!$1:$2,2,FALSE),FALSE))/(C$4) -> 0.0070850202 | D19: =(VLOOKUP(Sheet2!$A18,'[1]AA&AS races'!$A:$F,HLOOKUP(Sheet1!D$2,'[1]AA&AS races'!$1:$2,2,FALSE),FALSE))/(D$4) -> 0.0078662734 | E19: =(VLOOKUP(Sheet2!$A18,'[1]AA&AS races'!$A:$F,HLOOKUP(Sheet1!E$2,'[1]AA&AS races'!$1:$2,2,FALSE),FALSE))/(E$4) -> 0.0091240876 | F19: =(VLOOKUP(Sheet2!$A18,'[1]AA&AS races'!$A:$F,HLOOKUP(Sheet1!F$2,'[1]AA&AS races'!$1:$2,2,FALSE),FALSE))/(F$4) -> 0.0036832413 | G19: 0.01 | H19: =F19-G19 -> -0.0063167587
A20: Multi-Race | B20: =(VLOOKUP(Sheet2!$A19,'[1]AA&AS multi race'!$A:$F,HLOOKUP(Sheet1!B$2,'[1]AA&AS multi race'!$1:$2,2,FALSE),FALSE))/(B$4) -> 0.018640351 | C20: =(VLOOKUP(Sheet2!$A19,'[1]AA&AS multi race'!$A:$F,HLOOKUP(Sheet1!C$2,'[1]AA&AS multi race'!$1:$2,2,FALSE),FALSE))/(C$4) -> 0.017206478 | D20: =(VLOOKUP(Sheet2!$A19,'[1]AA&AS multi race'!$A:$F,HLOOKUP(Sheet1!D$2,'[1]AA&AS multi race'!$1:$2,2,FALSE),FALSE))/(D$4) -> 0.012782694 | E20: =(VLOOKUP(Sheet2!$A19,'[1]AA&AS multi race'!$A:$F,HLOOKUP(Sheet1!E$2,'[1]AA&AS multi race'!$1:$2,2,FALSE),FALSE))/(E$4) -> 0.019160584 | F20: =(VLOOKUP(Sheet2!$A19,'[1]AA&AS multi race'!$A:$F,HLOOKUP(Sheet1!F$2,'[1]AA&AS multi race'!$1:$2,2,FALSE),FALSE))/(F$4) -> 0.013812155 | G20: 0.08 | H20: =F20-G20 -> -0.066187845
A21: Unknown | B21: =100%-SUM(B13:B20) -> 0.0010964912 | C21: =100%-SUM(C13:C20) -> 0.0010121457 | D21: =100%-SUM(D13:D20) -> 0.00098328417 | E21: =100%-SUM(E13:E20) -> 0.00091240876 | F21: =100%-SUM(F13:F20) -> 0.0036832413 | G21: 0.05 | H21: =F21-G21 -> -0.046316759
A22: click here for graph
A24: Age | B24: AA/AS | C24: AA/AS | D24: AA/AS | E24: AA/AS | F24: AA/AS | G24: =G12 -> AY11-12 + 3 terms | H24: AA/AS Gap
A25: <18 | B25: =(IFERROR(VLOOKUP($A25,'[1]AA&AS AGE'!$A:$F,HLOOKUP(Sheet1!B$2,'[1]AA&AS AGE'!$1:$2,2,FALSE),FALSE),0))/(B$4) -> 0 | C25: =(IFERROR(VLOOKUP($A25,'[1]AA&AS AGE'!$A:$F,HLOOKUP(Sheet1!C$2,'[1]AA&AS AGE'!$1:$2,2,FALSE),FALSE),0))/(C$4) -> 0 | D25: =(IFERROR(VLOOKUP($A25,'[1]AA&AS AGE'!$A:$F,HLOOKUP(Sheet1!D$2,'[1]AA&AS AGE'!$1:$2,2,FALSE),FALSE),0))/(D$4) -> 0 | E25: =(IFERROR(VLOOKUP($A25,'[1]AA&AS AGE'!$A:$F,HLOOKUP(Sheet1!E$2,'[1]AA&AS AGE'!$1:$2,2,FALSE),FALSE),0))/(E$4) -> 0.0018248175 | F25: =(IFERROR(VLOOKUP($A25,'[1]AA&AS AGE'!$A:$F,HLOOKUP(Sheet1!F$2,'[1]AA&AS AGE'!$1:$2,2,FALSE),FALSE),0))/(F$4) -> 0 | G25: 0.009118312 | H25: =F25-G25 -> -0.009118312
A26: 18 & 19 | B26: =(IFERROR(VLOOKUP($A26,'[1]AA&AS AGE'!$A:$F,HLOOKUP(Sheet1!B$2,'[1]AA&AS AGE'!$1:$2,2,FALSE),FALSE),0))/(B$4) -> 0.0098684211 | C26: =(IFERROR(VLOOKUP($A26,'[1]AA&AS AGE'!$A:$F,HLOOKUP(Sheet1!C$2,'[1]AA&AS AGE'!$1:$2,2,FALSE),FALSE),0))/(C$4) -> 0.015182186 | D26: =(IFERROR(VLOOKUP($A26,'[1]AA&AS AGE'!$A:$F,HLOOKUP(Sheet1!D$2,'[1]AA&AS AGE'!$1:$2,2,FALSE),FALSE),0))/(D$4) -> 0.0078662734 | E26: =(IFERROR(VLOOKUP($A26,'[1]AA&AS AGE'!$A:$F,HLOOKUP(Sheet1!E$2,'[1]AA&AS AGE'!$1:$2,2,FALSE),FALSE),0))/(E$4) -> 0.0072992701 | F26: =(IFERROR(VLOOKUP($A26,'[1]AA&AS AGE'!$A:$F,HLOOKUP(Sheet1!F$2,'[1]AA&AS AGE'!$1:$2,2,FALSE),FALSE),0))/(F$4) -> 0.0082872928 | G26: 0.13406179 | H26: =F26-G26 -> -0.1257745
A27: 20 to 24 | B27: =(IFERROR(VLOOKUP($A27,'[1]AA&AS AGE'!$A:$F,HLOOKUP(Sheet1!B$2,'[1]AA&AS AGE'!$1:$2,2,FALSE),FALSE),0))/(B$4) -> 0.4254386 | C27: =(IFERROR(VLOOKUP($A27,'[1]AA&AS AGE'!$A:$F,HLOOKUP(Sheet1!C$2,'[1]AA&AS AGE'!$1:$2,2,FALSE),FALSE),0))/(C$4) -> 0.44635628 | D27: =(IFERROR(VLOOKUP($A27,'[1]AA&AS AGE'!$A:$F,HLOOKUP(Sheet1!D$2,'[1]AA&AS AGE'!$1:$2,2,FALSE),FALSE),0))/(D$4) -> 0.44051131 | E27: =(IFERROR(VLOOKUP($A27,'[1]AA&AS AGE'!$A:$F,HLOOKUP(Sheet1!E$2,'[1]AA&AS AGE'!$1:$2,2,FALSE),FALSE),0))/(E$4) -> 0.45529197 | F27: =(IFERROR(VLOOKUP($A27,'[1]AA&AS AGE'!$A:$F,HLOOKUP(Sheet1!F$2,'[1]AA&AS AGE'!$1:$2,2,FALSE),FALSE),0))/(F$4) -> 0.48066298 | G27: 0.42471741 | H27: =F27-G27 -> 0.055945576
A28: 25 to 29 | B28: =(IFERROR(VLOOKUP($A28,'[1]AA&AS AGE'!$A:$F,HLOOKUP(Sheet1!B$2,'[1]AA&AS AGE'!$1:$2,2,FALSE),FALSE),0))/(B$4) -> 0.19188596 | C28: =(IFERROR(VLOOKUP($A28,'[1]AA&AS AGE'!$A:$F,HLOOKUP(Sheet1!C$2,'[1]AA&AS AGE'!$1:$2,2,FALSE),FALSE),0))/(C$4) -> 0.17206478 | D28: =(IFERROR(VLOOKUP($A28,'[1]AA&AS AGE'!$A:$F,HLOOKUP(Sheet1!D$2,'[1]AA&AS AGE'!$1:$2,2,FALSE),FALSE),0))/(D$4) -> 0.19665683 | E28: =(IFERROR(VLOOKUP($A28,'[1]AA&AS AGE'!$A:$F,HLOOKUP(Sheet1!E$2,'[1]AA&AS AGE'!$1:$2,2,FALSE),FALSE),0))/(E$4) -> 0.17518248 | F28: =(IFERROR(VLOOKUP($A28,'[1]AA&AS AGE'!$A:$F,HLOOKUP(Sheet1!F$2,'[1]AA&AS AGE'!$1:$2,2,FALSE),FALSE),0))/(F$4) -> 0.18324125 | G28: 0.1455162 | H28: =F28-G28 -> 0.03772505
A29: 30 to 34 | B29: =(IFERROR(VLOOKUP($A29,'[1]AA&AS AGE'!$A:$F,HLOOKUP(Sheet1!B$2,'[1]AA&AS AGE'!$1:$2,2,FALSE),FALSE),0))/(B$4) -> 0.11403509 | C29: =(IFERROR(VLOOKUP($A29,'[1]AA&AS AGE'!$A:$F,HLOOKUP(Sheet1!C$2,'[1]AA&AS AGE'!$1:$2,2,FALSE),FALSE),0))/(C$4) -> 0.11538462 | D29: =(IFERROR(VLOOKUP($A29,'[1]AA&AS AGE'!$A:$F,HLOOKUP(Sheet1!D$2,'[1]AA&AS AGE'!$1:$2,2,FALSE),FALSE),0))/(D$4) -> 0.10226155 | E29: =(IFERROR(VLOOKUP($A29,'[1]AA&AS AGE'!$A:$F,HLOOKUP(Sheet1!E$2,'[1]AA&AS AGE'!$1:$2,2,FALSE),FALSE),0))/(E$4) -> 0.10218978 | F29: =(IFERROR(VLOOKUP($A29,'[1]AA&AS AGE'!$A:$F,HLOOKUP(Sheet1!F$2,'[1]AA&AS AGE'!$1:$2,2,FALSE),FALSE),0))/(F$4) -> 0.10220994 | G29: 0.083270535 | H29: =F29-G29 -> 0.01893941
A30: 35 to 39 | B30: =(IFERROR(VLOOKUP($A30,'[1]AA&AS AGE'!$A:$F,HLOOKUP(Sheet1!B$2,'[1]AA&AS AGE'!$1:$2,2,FALSE),FALSE),0))/(B$4) -> 0.076754386 | C30: =(IFERROR(VLOOKUP($A30,'[1]AA&AS AGE'!$A:$F,HLOOKUP(Sheet1!C$2,'[1]AA&AS AGE'!$1:$2,2,FALSE),FALSE),0))/(C$4) -> 0.082995951 | D30: =(IFERROR(VLOOKUP($A30,'[1]AA&AS AGE'!$A:$F,HLOOKUP(Sheet1!D$2,'[1]AA&AS AGE'!$1:$2,2,FALSE),FALSE),0))/(D$4) -> 0.071779744 | E30: =(IFERROR(VLOOKUP($A30,'[1]AA&AS AGE'!$A:$F,HLOOKUP(Sheet1!E$2,'[1]AA&AS AGE'!$1:$2,2,FALSE),FALSE),0))/(E$4) -> 0.073905109 | F30: =(IFERROR(VLOOKUP($A30,'[1]AA&AS AGE'!$A:$F,HLOOKUP(Sheet1!F$2,'[1]AA&AS AGE'!$1:$2,2,FALSE),FALSE),0))/(F$4) -> 0.074585635 | G30: 0.061115298 | H30: =F30-G30 -> 0.013470338
A31: 40 to 49 | B31: =(IFERROR(VLOOKUP($A31,'[1]AA&AS AGE'!$A:$F,HLOOKUP(Sheet1!B$2,'[1]AA&AS AGE'!$1:$2,2,FALSE),FALSE),0))/(B$4) -> 0.13048246 | C31: =(IFERROR(VLOOKUP($A31,'[1]AA&AS AGE'!$A:$F,HLOOKUP(Sheet1!C$2,'[1]AA&AS AGE'!$1:$2,2,FALSE),FALSE),0))/(C$4) -> 0.11336032 | D31: =(IFERROR(VLOOKUP($A31,'[1]AA&AS AGE'!$A:$F,HLOOKUP(Sheet1!D$2,'[1]AA&AS AGE'!$1:$2,2,FALSE),FALSE),0))/(D$4) -> 0.13274336 | E31: =(IFERROR(VLOOKUP($A31,'[1]AA&AS AGE'!$A:$F,HLOOKUP(Sheet1!E$2,'[1]AA&AS AGE'!$1:$2,2,FALSE),FALSE),0))/(E$4) -> 0.12864964 | F31: =(IFERROR(VLOOKUP($A31,'[1]AA&AS AGE'!$A:$F,HLOOKUP(Sheet1!F$2,'[1]AA&AS AGE'!$1:$2,2,FALSE),FALSE),0))/(F$4) -> 0.098526703 | G31: 0.090052751 | H31: =F31-G31 -> 0.0084739529
A32: 50 + | B32: =(IFERROR(VLOOKUP($A32,'[1]AA&AS AGE'!$A:$F,HLOOKUP(Sheet1!B$2,'[1]AA&AS AGE'!$1:$2,2,FALSE),FALSE),0))/(B$4) -> 0.051535088 | C32: =(IFERROR(VLOOKUP($A32,'[1]AA&AS AGE'!$A:$F,HLOOKUP(Sheet1!C$2,'[1]AA&AS AGE'!$1:$2,2,FALSE),FALSE),0))/(C$4) -> 0.05465587 | D32: =(IFERROR(VLOOKUP($A32,'[1]AA&AS AGE'!$A:$F,HLOOKUP(Sheet1!D$2,'[1]AA&AS AGE'!$1:$2,2,FALSE),FALSE),0))/(D$4) -> 0.048180924 | E32: =(IFERROR(VLOOKUP($A32,'[1]AA&AS AGE'!$A:$F,HLOOKUP(Sheet1!E$2,'[1]AA&AS AGE'!$1:$2,2,FALSE),FALSE),0))/(E$4) -> 0.055656934 | F32: =(IFERROR(VLOOKUP($A32,'[1]AA&AS AGE'!$A:$F,HLOOKUP(Sheet1!F$2,'[1]AA&AS AGE'!$1:$2,2,FALSE),FALSE),0))/(F$4) -> 0.052486188 | G32: 0.051996986 | H32: =F32-G32 -> 0.00048920216
A33: Unknown | B33: =(IFERROR(VLOOKUP($A33,'[1]AA&AS AGE'!$A:$F,HLOOKUP(Sheet1!B$2,'[1]AA&AS AGE'!$1:$2,2,FALSE),FALSE),0))/(B$4) -> 0 | C33: =(IFERROR(VLOOKUP($A33,'[1]AA&AS AGE'!$A:$F,HLOOKUP(Sheet1!C$2,'[1]AA&AS AGE'!$1:$2,2,FALSE),FALSE),0))/(C$4) -> 0 | D33: =(IFERROR(VLOOKUP($A33,'[1]AA&AS AGE'!$A:$F,HLOOKUP(Sheet1!D$2,'[1]AA&AS AGE'!$1:$2,2,FALSE),FALSE),0))/(D$4) -> 0 | E33: =(IFERROR(VLOOKUP($A33,'[1]AA&AS AGE'!$A:$F,HLOOKUP(Sheet1!E$2,'[1]AA&AS AGE'!$1:$2,2,FALSE),FALSE),0))/(E$4) -> 0 | F33: =(IFERROR(VLOOKUP($A33,'[1]AA&AS AGE'!$A:$F,HLOOKUP(Sheet1!F$2,'[1]AA&AS AGE'!$1:$2,2,FALSE),FALSE),0))/(F$4) -> 0 | G33: 0 | H33: =F33-G33 -> 0
A34: click here for graph
B36: AA/AS | C36: AA/AS | D36: AA/AS | E36: AA/AS | F36: AA/AS
A37: DSPS

Sheet Sheet2
A1: Grand Total
A7: F
A8: M
A9: (blank)
A12: W | B12: White
A13: Hispanics | B13: Hispanic
A14: B | B14: African American
A15: A | B15: Asian
A16: N | B16: Native American
A17: F | B17: Filipino
A18: P | B18: Pacific Islander
A19: Multi-Race | B19: Multi-Race
B20: Unknown

Sheet AWARDS GRAPH
A1: BACK TO TABLE
AB2: Column Labels
AA3: Values | AB3: AA & AS | AC3: Grand Total
AA4: AY 07-08 | AB4: 912 | AC4: 912
AA5: AY 08-09 | AB5: 988 | AC5: 988
AA6: AY 09-10 | AB6: 1017 | AC6: 1017
AA7: AY 10-11 | AB7: 1096 | AC7: 1096
AA8: AY 11-12 | AB8: 1086 | AC8: 1086

Sheet GENDER % GRAPH
A1: BACK TO TABLE
AE2: Column Labels
AD3: Values | AE3: Female | AF3: Male | AG3: Unknown | AH3: Grand Total
AD4: AY 07-08 | AE4: 0.67763158 | AF4: 0.32127193 | AG4: 0.0010964912 | AH4: 1
AD5: AY 08-09 | AE5: 0.68117409 | AF5: 0.31376518 | AG5: 0.0050607287 | AH5: 1
AD6: AY 09-10 | AE6: 0.65978368 | AF6: 0.32841691 | AG6: 0.01179941 | AH6: 1
AD7: AY 10-11 | AE7: 0.64416058 | AF7: 0.34215328 | AG7: 0.013686131 | AH7: 1
AD8: AY 11-12 | AE8: 0.62338858 | AF8: 0.36556169 | AG8: 0.011049724 | AH8: 1
AD9: Comparison (Enrolled AY 11-12 + 3 Terms) | AE9: 0.59751319 | AF9: 0.39344386 | AG9: 0.009042954 | AH9: 1

Sheet ETHNICITY % GRAPH
A1: BACK TO TABLE | AE1: Column Labels
AD2: Values | AE2: White | AF2: Hispanic | AG2: African American | AH2: Filipino | AI2: Asian | AJ2: Multi-Race | AK2: Native American | AL2: Pacific Islander | AM2: Unknown | AN2: Grand Total
AD3: AY 09-10 | AE3: 0.48967552 | AF3: 0.34906588 | AG3: 0.060963618 | AH3: 0.039331367 | AI3: 0.031465093 | AJ3: 0.012782694 | AK3: 0.0078662734 | AL3: 0.0078662734 | AM3: 0.00098328417 | AN3: 1
AD4: AY 08-09 | AE4: 0.52226721 | AF4: 0.32793522 | AG4: 0.049595142 | AH4: 0.045546559 | AI4: 0.017206478 | AJ4: 0.017206478 | AK4: 0.012145749 | AL4: 0.0070850202 | AM4: 0.0010121457 | AN4: 1
AD5: AY 07-08 | AE5: 0.52083333 | AF5: 0.30701754 | AG5: 0.064692982 | AH5: 0.04495614 | AI5: 0.025219298 | AJ5: 0.018640351 | AK5: 0.013157895 | AL5: 0.0043859649 | AM5: 0.0010964912 | AN5: 1
AD6: AY 10-11 | AE6: 0.49361314 | AF6: 0.34489051 | AG6: 0.049270073 | AH6: 0.033759124 | AI6: 0.03649635 | AJ6: 0.019160584 | AK6: 0.012773723 | AL6: 0.0091240876 | AM6: 0.00091240876 | AN6: 1
AD7: AY 11-12 | AE7: 0.48987109 | AF7: 0.35359116 | AG7: 0.050644567 | AH7: 0.049723757 | AI7: 0.02854512 | AJ7: 0.013812155 | AK7: 0.0064456722 | AL7: 0.0036832413 | AM7: 0.0036832413 | AN7: 1
AD8: Comparison (Enrolled AY 11-12 + 3 Terms) | AE8: 0.41 | AF8: 0.35561417 | AG8: 0.07 | AH8: 0.03 | AI8: 0.03 | AJ8: 0.08 | AK8: 0.01 | AL8: 0.01 | AM8: 0.05 | AN8: 1.0456142

Sheet AGE % GRAPH
A1: BACK TO TABLE | AL1: Column Labels
AK2: Values | AL2: <18 | AM2: 18 & 19 | AN2: 20 to 24 | AO2: 25 to 29 | AP2: 30 to 34 | AQ2: 35 to 39 | AR2: 40 to 49 | AS2: 50 + | AT2: Unknown | AU2: Grand Total
AK3: AY 07-08 | AL3: 0 | AM3: 0.0098684211 | AN3: 0.4254386 | AO3: 0.19188596 | AP3: 0.11403509 | AQ3: 0.076754386 | AR3: 0.13048246 | AS3: 0.051535088 | AT3: 0 | AU3: 1
AK4: AY 08-09 | AL4: 0 | AM4: 0.015182186 | AN4: 0.44635628 | AO4: 0.17206478 | AP4: 0.11538462 | AQ4: 0.082995951 | AR4: 0.11336032 | AS4: 0.05465587 | AT4: 0 | AU4: 1
AK5: AY 09-10 | AL5: 0 | AM5: 0.0078662734 | AN5: 0.44051131 | AO5: 0.19665683 | AP5: 0.10226155 | AQ5: 0.071779744 | AR5: 0.13274336 | AS5: 0.048180924 | AT5: 0 | AU5: 1
AK6: AY 10-11 | AL6: 0.0018248175 | AM6: 0.0072992701 | AN6: 0.45529197 | AO6: 0.17518248 | AP6: 0.10218978 | AQ6: 0.073905109 | AR6: 0.12864964 | AS6: 0.055656934 | AT6: 0 | AU6: 1
AK7: AY 11-12 | AL7: 0 | AM7: 0.0082872928 | AN7: 0.48066298 | AO7: 0.18324125 | AP7: 0.10220994 | AQ7: 0.074585635 | AR7: 0.098526703 | AS7: 0.052486188 | AT7: 0 | AU7: 1
AK8: Comparison (Enrolled AY 11-12 + 3 Terms) | AL8: 0.009118312 | AM8: 0.13406179 | AN8: 0.42471741 | AO8: 0.1455162 | AP8: 0.083270535 | AQ8: 0.061115298 | AR8: 0.090052751 | AS8: 0.051996986 | AT8: 0 | AU8: 0.99984928
