Workbook

Sheet all
A1: Survey of all Currently enrolled students Fall 2012 -- All questions by Primary Campus
A3: Primary Campus | B3: Total | D3: Respondent | F3: % of campus
A4: Boulder County | B4: 2638 | C4: =B4/B10 -> 0.13999894 | D4: 487 | E4: =D4/D10 -> 0.16083223 | F4: =D4/B4 -> 0.18460955
A5: Brighton | B5: 184 | C5: =B5/B10 -> 0.0097648994 | D5: 38 | E5: =D5/D10 -> 0.012549538 | F5: =D5/B5 -> 0.20652174
A6: CCC Online | B6: 1500 | C6: =B6/B10 -> 0.079605158 | D6: 201 | E6: =D6/D10 -> 0.066380449 | F6: =D6/B6 -> 0.134
A7: Larimer | B7: 5884 | C7: =B7/B10 -> 0.3122645 | D7: 899 | E7: =D7/D10 -> 0.29689564 | F7: =D7/B7 -> 0.15278722
A8: FRCC Online | B8: 2667 | C8: =B8/B10 -> 0.14153797 | D8: 424 | E8: =D8/D10 -> 0.14002642 | F8: =D8/B8 -> 0.15898013
A9: Westminster | B9: 5970 | C9: =B9/B10 -> 0.31682853 | D9: 979 | E9: =D9/D10 -> 0.32331572 | F9: =D9/B9 -> 0.1639866
A10: Total | B10: =SUM(B4:B9) -> 18843 | C10: =SUM(C4:C9) -> 1 | D10: =SUM(D4:D9) -> 3028 | E10: =SUM(E4:E9) -> 1 | F10: =D10/B10 -> 0.16069628
A12: Degree | B12: Total | D12: Respondent | F12: % | G12: Boulder Cty | I12: Brighton | K12: CCCS Online | M12: Larimer | O12: FRCC Online | Q12: Westminster
A13: AA | B13: 5794 | C13: =B13/B19 -> 0.30748819 | D13: =G13+I13+K13+M13+O13+Q13 -> 902 | E13: =D13/D19 -> 0.29788639 | F13: =D13/B13 -> 0.15567829 | G13: 145 | H13: =G13/G19 -> 0.29774127 | I13: 9 | J13: =I13/I19 -> 0.23684211 | K13: 46 | L13: =K13/K19 -> 0.22885572 | M13: 299 | N13: =M13/M19 -> 0.33259177 | O13: 127 | P13: =O13/O19 -> 0.2995283 | Q13: 276 | R13: =Q13/Q19 -> 0.28192033
A14: AAS | B14: 5407 | C14: =B14/B19 -> 0.28695006 | D14: =G14+I14+K14+M14+O14+Q14 -> 944 | E14: =D14/D19 -> 0.31175694 | F14: =D14/B14 -> 0.1745885 | G14: 116 | H14: =G14/G19 -> 0.23819302 | I14: 13 | J14: =I14/I19 -> 0.34210526 | K14: 68 | L14: =K14/K19 -> 0.33830846 | M14: 280 | N14: =M14/M19 -> 0.31145717 | O14: 143 | P14: =O14/O19 -> 0.33726415 | Q14: 324 | R14: =Q14/Q19 -> 0.33094995
A15: AGS | B15: 1423 | C15: =B15/B19 -> 0.07551876 | D15: =G15+I15+K15+M15+O15+Q15 -> 201 | E15: =D15/D19 -> 0.066380449 | F15: =D15/B15 -> 0.14125088 | G15: 25 | H15: =G15/G19 -> 0.051334702 | I15: 2 | J15: =I15/I19 -> 0.052631579 | K15: 13 | L15: =K15/K19 -> 0.064676617 | M15: 55 | N15: =M15/M19 -> 0.061179088 | O15: 29 | P15: =O15/O19 -> 0.068396226 | Q15: 77 | R15: =Q15/Q19 -> 0.078651685
A16: AS | B16: 3365 | C16: =B16/B19 -> 0.17858091 | D16: =G16+I16+K16+M16+O16+Q16 -> 540 | E16: =D16/D19 -> 0.17833554 | F16: =D16/B16 -> 0.16047548 | G16: 84 | H16: =G16/G19 -> 0.1724846 | I16: 11 | J16: =I16/I19 -> 0.28947368 | K16: 40 | L16: =K16/K19 -> 0.19900498 | M16: 167 | N16: =M16/M19 -> 0.18576196 | O16: 50 | P16: =O16/O19 -> 0.11792453 | Q16: 188 | R16: =Q16/Q19 -> 0.19203269
A17: CER | B17: 1445 | C17: =B17/B19 -> 0.076686303 | D17: =G17+I17+K17+M17+O17+Q17 -> 248 | E17: =D17/D19 -> 0.081902246 | F17: =D17/B17 -> 0.1716263 | G17: 79 | H17: =G17/G19 -> 0.16221766 | I17: 1 | J17: =I17/I19 -> 0.026315789 | K17: 18 | L17: =K17/K19 -> 0.089552239 | M17: 52 | N17: =M17/M19 -> 0.057842047 | O17: 40 | P17: =O17/O19 -> 0.094339623 | Q17: 58 | R17: =Q17/Q19 -> 0.059244127
A18: UND | B18: 1409 | C18: =B18/B19 -> 0.074775779 | D18: =G18+I18+K18+M18+O18+Q18 -> 193 | E18: =D18/D19 -> 0.063738441 | F18: =D18/B18 -> 0.13697658 | G18: 38 | H18: =G18/G19 -> 0.078028747 | I18: 2 | J18: =I18/I19 -> 0.052631579 | K18: 16 | L18: =K18/K19 -> 0.07960199 | M18: 46 | N18: =M18/M19 -> 0.051167964 | O18: 35 | P18: =O18/O19 -> 0.08254717 | Q18: 56 | R18: =Q18/Q19 -> 0.057201226
A19: Total | B19: =SUM(B13:B18) -> 18843 | C19: =SUM(C13:C18) -> 1 | D19: =SUM(D13:D18) -> 3028 | E19: =SUM(E13:E18) -> 1 | F19: =D19/B19 -> 0.16069628 | G19: =SUM(G13:G18) -> 487 | H19: =SUM(H13:H18) -> 1 | I19: =SUM(I13:I18) -> 38 | J19: =SUM(J13:J18) -> 1 | K19: =SUM(K13:K18) -> 201 | L19: =SUM(L13:L18) -> 1 | M19: =SUM(M13:M18) -> 899 | N19: =SUM(N13:N18) -> 1 | ... R19: =SUM(R13:R18) -> 1
A21: Sex | B21: Total | D21: Respondent | F21: % | G21: Boulder Cty | I21: Brighton | K21: CCCS Online | M21: Larimer | O21: FRCC Online | Q21: Westminster
A22: Female | B22: 10870 | C22: =B22/B25 -> 0.57687205 | D22: =G22+I22+K22+M22+O22+Q22 -> 2067 | E22: =D22/D25 -> 0.6826288 | F22: =D22/B22 -> 0.19015639 | G22: 333 | H22: =G22/G25 -> 0.68377823 | I22: 28 | J22: =I22/I25 -> 0.73684211 | K22: 150 | L22: =K22/K25 -> 0.74626866 | M22: 542 | N22: =M22/M25 -> 0.6028921 | O22: 323 | P22: =O22/O25 -> 0.76179245 | Q22: 691 | R22: =Q22/Q25 -> 0.70582227
A23: Male | B23: 7964 | C23: =B23/B25 -> 0.42265032 | D23: =G23+I23+K23+M23+O23+Q23 -> 960 | E23: =D23/D25 -> 0.31704095 | F23: =D23/B23 -> 0.12054244 | G23: 154 | H23: =G23/G25 -> 0.31622177 | I23: 10 | J23: =I23/I25 -> 0.26315789 | K23: 51 | L23: =K23/K25 -> 0.25373134 | M23: 356 | N23: =M23/M25 -> 0.39599555 | O23: 101 | P23: =O23/O25 -> 0.23820755 | Q23: 288 | R23: =Q23/Q25 -> 0.29417773
A24: N | B24: 9 | C24: =B24/B25 -> 0.00047763095 | D24: =G24+I24+K24+M24+O24+Q24 -> 1 | E24: =D24/D25 -> 0.00033025099 | F24: =D24/B24 -> 0.11111111 | H24: =G24/G25 -> 0 | J24: =I24/I25 -> 0 | L24: =K24/K25 -> 0 | M24: 1 | N24: =M24/M25 -> 0.0011123471 | P24: =O24/O25 -> 0 | R24: =Q24/Q25 -> 0
A25: Total | B25: =SUM(B22:B24) -> 18843 | C25: =SUM(C22:C24) -> 1 | D25: =SUM(D22:D24) -> 3028 | E25: =SUM(E22:E24) -> 1 | F25: =D25/B25 -> 0.16069628 | G25: =SUM(G22:G24) -> 487 | H25: =SUM(H22:H24) -> 1 | I25: =SUM(I22:I24) -> 38 | J25: =SUM(J22:J24) -> 1 | K25: =SUM(K22:K24) -> 201 | L25: =SUM(L22:L24) -> 1 | M25: =SUM(M22:M24) -> 899 | N25: =SUM(N22:N24) -> 1 | ... R25: =SUM(R22:R24) -> 1
A27: Note: Students less than 18 years old were omitted from this survey because of uncertainty around confidentiality for underage students.
A28: Age | B28: Total | D28: Respondent | F28: % | G28: Boulder Cty | I28: Brighton | K28: CCCS Online | M28: Larimer | O28: FRCC Online | Q28: Westminster
A29: Less than 18 | C29: =B29/B36 -> 0
A30: 18 to 19 | B30: 3573 | C30: =B30/B36 -> 0.18961949 | D30: =G30+I30+K30+M30+O30+Q30 -> 456 | E30: =D30/D36 -> 0.15059445 | F30: =D30/B30 -> 0.12762385 | G30: 64 | H30: =G30/G36 -> 0.13141684 | I30: 9 | J30: =I30/I36 -> 0.23684211 | K30: 12 | L30: =K30/K36 -> 0.059701493 | M30: 188 | N30: =M30/M36 -> 0.20912125 | O30: 18 | P30: =O30/O36 -> 0.04245283 | Q30: 165 | R30: =Q30/Q36 -> 0.16853933
A31: 20 to 21 | B31: 3288 | C31: =B31/B36 -> 0.17449451 | D31: =G31+I31+K31+M31+O31+Q31 -> 331 | E31: =D31/D36 -> 0.10931308 | F31: =D31/B31 -> 0.1006691 | G31: 55 | H31: =G31/G36 -> 0.11293634 | I31: 4 | J31: =I31/I36 -> 0.10526316 | K31: 13 | L31: =K31/K36 -> 0.064676617 | M31: 125 | N31: =M31/M36 -> 0.13904338 | O31: 27 | P31: =O31/O36 -> 0.063679245 | Q31: 107 | R31: =Q31/Q36 -> 0.1092952
A32: 22 to 24 | B32: 3117 | C32: =B32/B36 -> 0.16541952 | D32: =G32+I32+K32+M32+O32+Q32 -> 337 | E32: =D32/D36 -> 0.11129458 | F32: =D32/B32 -> 0.10811678 | G32: 55 | H32: =G32/G36 -> 0.11293634 | I32: 4 | J32: =I32/I36 -> 0.10526316 | K32: 25 | L32: =K32/K36 -> 0.12437811 | M32: 103 | N32: =M32/M36 -> 0.11457175 | O32: 45 | P32: =O32/O36 -> 0.10613208 | Q32: 105 | R32: =Q32/Q36 -> 0.1072523
A33: 25 to 30 | B33: 3699 | C33: =B33/B36 -> 0.19630632 | D33: =G33+I33+K33+M33+O33+Q33 -> 561 | E33: =D33/D36 -> 0.18527081 | F33: =D33/B33 -> 0.15166261 | G33: 97 | H33: =G33/G36 -> 0.19917864 | I33: 5 | J33: =I33/I36 -> 0.13157895 | K33: 41 | L33: =K33/K36 -> 0.2039801 | M33: 150 | N33: =M33/M36 -> 0.16685206 | O33: 81 | P33: =O33/O36 -> 0.19103774 | Q33: 187 | R33: =Q33/Q36 -> 0.19101124
A34: 31 to 40 | B34: 2909 | C34: =B34/B36 -> 0.15438094 | D34: =G34+I34+K34+M34+O34+Q34 -> 628 | E34: =D34/D36 -> 0.20739762 | F34: =D34/B34 -> 0.21588175 | G34: 91 | H34: =G34/G36 -> 0.18685832 | I34: 5 | J34: =I34/I36 -> 0.13157895 | K34: 58 | L34: =K34/K36 -> 0.28855721 | M34: 152 | N34: =M34/M36 -> 0.16907675 | O34: 121 | P34: =O34/O36 -> 0.28537736 | Q34: 201 | R34: =Q34/Q36 -> 0.20531154
A35: Over 40 | B35: 2257 | C35: =B35/B36 -> 0.11977923 | D35: =G35+I35+K35+M35+O35+Q35 -> 715 | E35: =D35/D36 -> 0.23612946 | F35: =D35/B35 -> 0.3167922 | G35: 125 | H35: =G35/G36 -> 0.25667351 | I35: 11 | J35: =I35/I36 -> 0.28947368 | K35: 52 | L35: =K35/K36 -> 0.25870647 | M35: 181 | N35: =M35/M36 -> 0.20133482 | O35: 132 | P35: =O35/O36 -> 0.31132075 | Q35: 214 | R35: =Q35/Q36 -> 0.2185904
A36: Total | B36: =SUM(B29:B35) -> 18843 | C36: =SUM(C29:C35) -> 1 | D36: =SUM(D29:D35) -> 3028 | E36: =SUM(E29:E35) -> 1 | F36: =D36/B36 -> 0.16069628 | G36: =SUM(G29:G35) -> 487 | H36: =SUM(H29:H35) -> 1 | I36: =SUM(I29:I35) -> 38 | J36: =SUM(J29:J35) -> 1 | K36: =SUM(K29:K35) -> 201 | L36: =SUM(L29:L35) -> 1 | M36: =SUM(M29:M35) -> 899 | N36: =SUM(N29:N35) -> 1 | ... R36: =SUM(R29:R35) -> 1
A37: Median | B37: 23.5 | D37: 30.182335 | G37: 31.736702 | I37: 26.028571 | K37: 30.552727 | M37: 28.564688 | O37: 33.744 | Q37: 29.272115
A39: Ethnicity | B39: Total | D39: Respondent | F39: % | G39: Boulder Cty | I39: Brighton | K39: CCCS Online | M39: Larimer | O39: FRCC Online | Q39: Westminster
A40: 2 Or More | B40: 15 | C40: =B40/B48 -> 0.00079605158 | D40: =G40+I40+K40+M40+O40+Q40 -> 4 | E40: =D40/D48 -> 0.001321004 | F40: =D40/B40 -> 0.26666667 | I40: 1 | K40: 1 | L40: =K40/K48 -> 0.0049751244 | M40: 2 | N40: =M40/M48 -> 0.0022246941 | P40: =O40/O48 -> 0 | R40: =Q40/Q48 -> 0
A41: American Indian | B41: 338 | C41: =B41/B48 -> 0.017937696 | D41: =G41+I41+K41+M41+O41+Q41 -> 50 | E41: =D41/D48 -> 0.01651255 | F41: =D41/B41 -> 0.14792899 | G41: 9 | H41: =G41/G48 -> 0.018480493 | I41: 1 | J41: =I41/I48 -> 0.026315789 | K41: 3 | L41: =K41/K48 -> 0.014925373 | M41: 12 | N41: =M41/M48 -> 0.013348165 | O41: 7 | P41: =O41/O48 -> 0.016509434 | Q41: 18 | R41: =Q41/Q48 -> 0.018386108
A42: Asian | B42: 784 | C42: =B42/B48 -> 0.041606963 | D42: =G42+I42+K42+M42+O42+Q42 -> 92 | E42: =D42/D48 -> 0.030383091 | F42: =D42/B42 -> 0.11734694 | G42: 19 | H42: =G42/G48 -> 0.039014374 | I42: 1 | J42: =I42/I48 -> 0.026315789 | K42: 6 | L42: =K42/K48 -> 0.029850746 | M42: 14 | N42: =M42/M48 -> 0.015572859 | O42: 6 | P42: =O42/O48 -> 0.014150943 | Q42: 46 | R42: =Q42/Q48 -> 0.046986721
A43: Black | B43: 371 | C43: =B43/B48 -> 0.019689009 | D43: =G43+I43+K43+M43+O43+Q43 -> 56 | E43: =D43/D48 -> 0.018494055 | F43: =D43/B43 -> 0.1509434 | G43: 8 | H43: =G43/G48 -> 0.016427105 | J43: =I43/I48 -> 0 | K43: 4 | L43: =K43/K48 -> 0.019900498 | M43: 15 | N43: =M43/M48 -> 0.016685206 | O43: 4 | P43: =O43/O48 -> 0.0094339623 | Q43: 25 | R43: =Q43/Q48 -> 0.025536261
A44: Hispanic | B44: 2500 | C44: =B44/B48 -> 0.13267526 | D44: =G44+I44+K44+M44+O44+Q44 -> 334 | E44: =D44/D48 -> 0.11030383 | F44: =D44/B44 -> 0.1336 | G44: 53 | H44: =G44/G48 -> 0.10882957 | I44: 14 | J44: =I44/I48 -> 0.36842105 | K44: 16 | L44: =K44/K48 -> 0.07960199 | M44: 79 | N44: =M44/M48 -> 0.087875417 | O44: 41 | P44: =O44/O48 -> 0.096698113 | Q44: 131 | R44: =Q44/Q48 -> 0.13381001
A45: International | B45: 190 | C45: =B45/B48 -> 0.01008332 | D45: =G45+I45+K45+M45+O45+Q45 -> 33 | E45: =D45/D48 -> 0.010898283 | F45: =D45/B45 -> 0.17368421 | G45: 6 | H45: =G45/G48 -> 0.012320329 | J45: =I45/I48 -> 0 | K45: 2 | L45: =K45/K48 -> 0.0099502488 | M45: 5 | N45: =M45/M48 -> 0.0055617353 | P45: =O45/O48 -> 0 | Q45: 20 | R45: =Q45/Q48 -> 0.020429009
A46: Unknown | B46: 1127 | C46: =B46/B48 -> 0.059810009 | D46: =G46+I46+K46+M46+O46+Q46 -> 169 | E46: =D46/D48 -> 0.055812417 | F46: =D46/B46 -> 0.14995563 | G46: 36 | H46: =G46/G48 -> 0.073921971 | I46: 1 | J46: =I46/I48 -> 0.026315789 | K46: 10 | L46: =K46/K48 -> 0.049751244 | M46: 52 | N46: =M46/M48 -> 0.057842047 | O46: 17 | P46: =O46/O48 -> 0.04009434 | Q46: 53 | R46: =Q46/Q48 -> 0.054136874
A47: White | B47: 13518 | C47: =B47/B48 -> 0.71740169 | D47: =G47+I47+K47+M47+O47+Q47 -> 2290 | E47: =D47/D48 -> 0.75627477 | F47: =D47/B47 -> 0.16940376 | G47: 356 | H47: =G47/G48 -> 0.73100616 | I47: 20 | J47: =I47/I48 -> 0.52631579 | K47: 159 | L47: =K47/K48 -> 0.79104478 | M47: 720 | N47: =M47/M48 -> 0.80088988 | O47: 349 | P47: =O47/O48 -> 0.82311321 | Q47: 686 | R47: =Q47/Q48 -> 0.70071502
A48: Total | B48: =SUM(B40:B47) -> 18843 | C48: =SUM(C40:C47) -> 1 | D48: =SUM(D40:D47) -> 3028 | E48: =SUM(E40:E47) -> 1 | F48: =D48/B48 -> 0.16069628 | G48: =SUM(G40:G47) -> 487 | H48: =SUM(H40:H47) -> 1 | I48: =SUM(I40:I47) -> 38 | J48: =SUM(J40:J47) -> 0.97368421 | K48: =SUM(K40:K47) -> 201 | L48: =SUM(L40:L47) -> 1 | M48: =SUM(M40:M47) -> 899 | N48: =SUM(N40:N47) -> 1 | ... R48: =SUM(R40:R47) -> 1
A50: Do you consider yourself disabled or handicapped? | B50: Boulder Cty | D50: Brighton | F50: CCCS Online | H50: Larimer | J50: FRCC Online | L50: Westminster | N50: Total
B51: 31 | C51: =B51/G48 -> 0.063655031 | D51: 6 | E51: =D51/I48 -> 0.15789474 | F51: 10 | G51: =F51/K48 -> 0.049751244 | H51: 62 | I51: =H51/M48 -> 0.068965517 | J51: 35 | K51: =J51/O48 -> 0.08254717 | L51: 63 | M51: =L51/Q48 -> 0.064351379 | N51: =L51+J51+H51+F51+D51+B51 -> 207 | O51: =N51/D48 -> 0.068361955
A53: What is your primary objective in attending FRCC? | B53: Boulder Cty | D53: Brighton | F53: CCCS Online | H53: Larimer | J53: FRCC Online | L53: Westminster | N53: Total
A54: Earn a Vocational/Technical Certificate | B54: 56 | C54: =B54/B63 -> 0.11965812 | D54: 1 | E54: =D54/D63 -> 0.027777778 | F54: 12 | G54: =F54/F63 -> 0.063492063 | H54: 42 | I54: =H54/H63 -> 0.047673099 | J54: 32 | K54: =J54/J63 -> 0.07748184 | L54: 41 | M54: =L54/L63 -> 0.042842215 | N54: =B54+D54+F54+H54+J54+L54 -> 184 | O54: =N54/N63 -> 0.0625
A55: Earn a Vocational/Technical Degree (AAS) | B55: 44 | C55: =B55/B63 -> 0.094017094 | D55: 4 | E55: =D55/D63 -> 0.11111111 | F55: 18 | G55: =F55/F63 -> 0.095238095 | H55: 115 | I55: =H55/H63 -> 0.13053348 | J55: 42 | K55: =J55/J63 -> 0.10169492 | L55: 84 | M55: =L55/L63 -> 0.087774295 | N55: =B55+D55+F55+H55+J55+L55 -> 307 | O55: =N55/N63 -> 0.10427989
A56: Earn an Academic Degree (AA, AS, AGS) | B56: 208 | C56: =B57/B63 -> 0.02991453 | D56: 24 | E56: =D57/D63 -> 0 | F56: 97 | G56: =F57/F63 -> 0.026455026 | H56: 443 | I56: =H57/H63 -> 0.014755959 | J56: 220 | K56: =J57/J63 -> 0.043583535 | L56: 508 | M56: =L57/L63 -> 0.022988506 | N56: =B56+D56+F56+H56+J56+L56 -> 1500 | O56: =N57/N63 -> 0.024456522
A57: Improve skills for present job | B57: 14 | C57: =B58/B63 -> 0.02991453 | E57: =D58/D63 -> 0 | F57: 5 | G57: =F58/F63 -> 0.026455026 | H57: 13 | I57: =H58/H63 -> 0.028376844 | J57: 18 | K57: =J58/J63 -> 0.033898305 | L57: 22 | M57: =L58/L63 -> 0.024033438 | N57: =B57+D57+F57+H57+J57+L57 -> 72 | O57: =N58/N63 -> 0.027513587
A58: Personal interest | B58: 14 | C58: =B58/B63 -> 0.02991453 | E58: =D58/D63 -> 0 | F58: 5 | G58: =F58/F63 -> 0.026455026 | H58: 25 | I58: =H58/H63 -> 0.028376844 | J58: 14 | K58: =J58/J63 -> 0.033898305 | L58: 23 | M58: =L58/L63 -> 0.024033438 | N58: =B58+D58+F58+H58+J58+L58 -> 81 | O58: =N58/N63 -> 0.027513587
A59: Prepare to enter job market | B59: 9 | C59: =B59/B63 -> 0.019230769 | D59: 1 | E59: =D59/D63 -> 0.027777778 | F59: 1 | G59: =F59/F63 -> 0.0052910053 | H59: 20 | I59: =H59/H63 -> 0.022701476 | J59: 11 | K59: =J59/J63 -> 0.026634383 | L59: 20 | M59: =L59/L63 -> 0.020898642 | N59: =B59+D59+F59+H59+J59+L59 -> 62 | O59: =N59/N63 -> 0.021059783
A60: Receive financial aid benefits | C60: =B60/B63 -> 0 | E60: =D60/D63 -> 0 | G60: =F60/F63 -> 0 | H60: 1 | I60: =H60/H63 -> 0.0011350738 | J60: 1 | K60: =J60/J63 -> 0.0024213075 | L60: 3 | M60: =L60/L63 -> 0.0031347962 | N60: =B60+D60+F60+H60+J60+L60 -> 5 | O60: =N60/N63 -> 0.0016983696
A61: Take a few courses, transfer | B61: 122 | C61: =B61/B63 -> 0.26068376 | D61: 6 | E61: =D61/D63 -> 0.16666667 | F61: 50 | G61: =F61/F63 -> 0.26455026 | H61: 219 | I61: =H61/H63 -> 0.24858116 | J61: 75 | K61: =J61/J63 -> 0.18159806 | L61: 252 | M61: =L61/L63 -> 0.26332288 | N61: =B61+D61+F61+H61+J61+L61 -> 724 | O61: =N61/N63 -> 0.24592391
A62: Take concurrent college and high school courses | B62: 1 | C62: =B62/B63 -> 0.0021367521 | E62: =D62/D63 -> 0 | F62: 1 | G62: =F62/F63 -> 0.0052910053 | H62: 3 | I62: =H62/H63 -> 0.0034052213 | K62: =J62/J63 -> 0 | L62: 4 | M62: =L62/L63 -> 0.0041797283 | N62: =B62+D62+F62+H62+J62+L62 -> 9 | O62: =N62/N63 -> 0.0030570652
A63: Total | B63: =SUM(B54:B62) -> 468 | D63: =SUM(D54:D62) -> 36 | F63: =SUM(F54:F62) -> 189 | H63: =SUM(H54:H62) -> 881 | J63: =SUM(J54:J62) -> 413 | L63: =SUM(L54:L62) -> 957 | N63: =B63+D63+F63+H63+J63+L63 -> 2944
A65: Present employment status | B65: Boulder Cty | D65: Brighton | F65: CCCS Online | H65: Larimer | J65: FRCC Online | L65: Westminster | N65: Total
A66: Employed full or part-time in a job NOT RELATED to your FRCC program. | B66: 204 | C66: =B66/B72 -> 0.4214876 | D66: 14 | E66: =D66/D72 -> 0.36842105 | F66: 78 | G66: =F66/F72 -> 0.39 | H66: 427 | I66: =H66/H72 -> 0.47709497 | J66: 184 | K66: =J66/J72 -> 0.43601896 | L66: 443 | M66: =L66/L72 -> 0.45529291 | N66: =B66+D66+F66+H66+J66+L66 -> 1350 | O66: =N66/N72 -> 0.44820717
A67: Employed full or part-time in a job RELATED to your FRCC program. | B67: 97 | C67: =B67/B72 -> 0.20041322 | D67: 7 | E67: =D67/D72 -> 0.18421053 | F67: 64 | G67: =F67/F72 -> 0.32 | H67: 156 | I67: =H67/H72 -> 0.17430168 | J67: 123 | K67: =J67/J72 -> 0.29146919 | L67: 196 | M67: =L67/L72 -> 0.20143885 | N67: =B67+D67+F67+H67+J67+L67 -> 643 | O67: =N67/N72 -> 0.21347942
A68: Military NOT RELATED to your FRCC program. | B68: 1 | C68: =B68/B72 -> 0.0020661157 | E68: =D68/D72 -> 0 | F68: 1 | G68: =F68/F72 -> 0.005 | H68: 4 | I68: =H68/H72 -> 0.0044692737 | J68: 1 | K68: =J68/J72 -> 0.0023696682 | L68: 1 | M68: =L68/L72 -> 0.0010277492 | N68: =B68+D68+F68+H68+J68+L68 -> 8 | O68: =N68/N72 -> 0.0026560425
A69: Military RELATED to your FRCC program. | B69: 2 | C69: =B69/B72 -> 0.0041322314 | E69: =D69/D72 -> 0 | G69: =F69/F72 -> 0 | H69: 8 | I69: =H69/H72 -> 0.0089385475 | K69: =J69/J72 -> 0 | L69: 6 | M69: =L69/L72 -> 0.0061664954 | N69: =B69+D69+F69+H69+J69+L69 -> 16 | O69: =N69/N72 -> 0.005312085
A70: Unemployed -- NOT seeking employment. | B70: 88 | C70: =B70/B72 -> 0.18181818 | D70: 7 | E70: =D70/D72 -> 0.18421053 | F70: 26 | G70: =F70/F72 -> 0.13 | H70: 135 | I70: =H70/H72 -> 0.15083799 | J70: 59 | K70: =J70/J72 -> 0.13981043 | L70: 151 | M70: =L70/L72 -> 0.15519013 | N70: =B70+D70+F70+H70+J70+L70 -> 466 | O70: =N70/N72 -> 0.15471448
A71: Unemployed -- seeking employment. | B71: 92 | C71: =B71/B72 -> 0.19008264 | D71: 10 | E71: =D71/D72 -> 0.26315789 | F71: 31 | G71: =F71/F72 -> 0.155 | H71: 165 | I71: =H71/H72 -> 0.18435754 | J71: 55 | K71: =J71/J72 -> 0.13033175 | L71: 176 | M71: =L71/L72 -> 0.18088386 | N71: =B71+D71+F71+H71+J71+L71 -> 529 | O71: =N71/N72 -> 0.17563081
A72: Total | B72: =SUM(B66:B71) -> 484 | C72: =SUM(C66:C71) -> 1 | D72: =SUM(D66:D71) -> 38 | E72: =SUM(E66:E71) -> 1 | F72: =SUM(F66:F71) -> 200 | G72: =SUM(G66:G71) -> 1 | H72: =SUM(H66:H71) -> 895 | I72: =SUM(I66:I71) -> 1 | ... O72: =SUM(O66:O71) -> 1
A74: If employed, how many hours per week are you working | B74: Boulder Cty | D74: Brighton | F74: CCCS Online | H74: Larimer | J74: FRCC Online | L74: Westminster | N74: Total
A75: 20 or less | B75: 102 | C75: =B75/B78 -> 0.31677019 | D75: 7 | E75: =D75/D78 -> 0.30434783 | F75: 31 | G75: =F75/F78 -> 0.21088435 | H75: 250 | I75: =H75/H78 -> 0.40983607 | J75: 63 | K75: =J75/J78 -> 0.19811321 | L75: 200 | M75: =L75/L78 -> 0.30395137 | N75: =B75+D75+F75+H75+J75+L75 -> 653 | O75: =N75/N78 -> 0.31424447
A76: 21-39 | B76: 127 | C76: =B76/B78 -> 0.39440994 | D76: 10 | E76: =D76/D78 -> 0.43478261 | F76: 39 | G76: =F76/F78 -> 0.26530612 | H76: 236 | I76: =H76/H78 -> 0.38688525 | J76: 86 | K76: =J76/J78 -> 0.27044025 | L76: 233 | M76: =L76/L78 -> 0.35410334 | N76: =B76+D76+F76+H76+J76+L76 -> 731 | O76: =N76/N78 -> 0.35178056
A77: 40 or more | B77: 93 | C77: =B77/B78 -> 0.28881988 | D77: 6 | E77: =D77/D78 -> 0.26086957 | F77: 77 | G77: =F77/F78 -> 0.52380952 | H77: 124 | I77: =H77/H78 -> 0.20327869 | J77: 169 | K77: =J77/J78 -> 0.53144654 | L77: 225 | M77: =L77/L78 -> 0.34194529 | N77: =B77+D77+F77+H77+J77+L77 -> 694 | O77: =N77/N78 -> 0.33397498
A78: Total | B78: =SUM(B75:B77) -> 322 | C78: =SUM(C75:C77) -> 1 | D78: =SUM(D75:D77) -> 23 | E78: =SUM(E75:E77) -> 1 | F78: =SUM(F75:F77) -> 147 | G78: =SUM(G75:G77) -> 1 | H78: =SUM(H75:H77) -> 610 | I78: =SUM(I75:I77) -> 1 | ... M78: =SUM(M75:M77) -> 1 | N78: =SUM(N74:N77) -> 2078 | O78: =SUM(O74:O77) -> 1
A80: How many credit hours are you taking this semester? | B80: Boulder Cty | D80: Brighton | F80: CCCS Online | H80: Larimer | J80: FRCC Online | L80: Westminster | N80: Total
A81: 4 or less | B81: 99 | C81: =B81/B84 -> 0.20412371 | D81: 6 | E81: =D81/D84 -> 0.16216216 | F81: 48 | G81: =F81/F84 -> 0.24120603 | H81: 98 | I81: =H81/H84 -> 0.10961969 | J81: 95 | K81: =J81/J84 -> 0.22565321 | L81: 147 | M81: =L81/L84 -> 0.15217391 | N81: =B81+D81+F81+H81+J81+L81 -> 493 | O81: =N81/N84 -> 0.16422385
A82: 5 to 11 | B82: 230 | C82: =B82/B84 -> 0.4742268 | D82: 25 | E82: =D82/D84 -> 0.67567568 | F82: 116 | G82: =F82/F84 -> 0.58291457 | H82: 360 | I82: =H82/H84 -> 0.40268456 | J82: 230 | K82: =J82/J84 -> 0.54631829 | L82: 463 | M82: =L82/L84 -> 0.47929607 | N82: =B82+D82+F82+H82+J82+L82 -> 1424 | O82: =N82/N84 -> 0.47435043
A83: 12 or more | B83: 156 | C83: =B83/B84 -> 0.32164948 | D83: 6 | E83: =D83/D84 -> 0.16216216 | F83: 35 | G83: =F83/F84 -> 0.1758794 | H83: 436 | I83: =H83/H84 -> 0.48769575 | J83: 96 | K83: =J83/J84 -> 0.2280285 | L83: 356 | M83: =L83/L84 -> 0.36853002 | N83: =B83+D83+F83+H83+J83+L83 -> 1085 | O83: =N83/N84 -> 0.36142572
A84: Total | B84: =SUM(B81:B83) -> 485 | C84: =SUM(C81:C83) -> 1 | D84: =SUM(D81:D83) -> 37 | E84: =SUM(E81:E83) -> 1 | F84: =SUM(F81:F83) -> 199 | G84: =SUM(G81:G83) -> 1 | H84: =SUM(H81:H83) -> 894 | I84: =SUM(I81:I83) -> 1 | ... O84: =SUM(O81:O83) -> 1
A86: Percent of question Respondents who agree with the following: | B86: Boulder Cty | D86: Brighton | F86: CCCS Online | H86: Larimer | J86: FRCC Online | L86: Westminster | N86: Total
A87: Instructional program is meeting your educational goals. | B87: 457 | C87: 0.93839836 | D87: 34 | E87: 0.89473684 | F87: 173 | G87: 0.87 | H87: 815 | I87: 0.90656285 | J87: 375 | K87: 0.89 | L87: 867 | M87: 0.9 | N87: =B87+D87+F87+H87+J87+L87 -> 2721 | O87: =N87/3028 -> 0.89861295
A88: Technology is enhancing your learning process at FRCC. | B88: 401 | C88: 0.82340862 | D88: 35 | E88: 0.92105263 | F88: 173 | G88: 0.87373737 | H88: 762 | I88: 0.85521886 | J88: 373 | K88: 0.88809524 | L88: 817 | M88: 0.84927235 | N88: =B88+D88+F88+H88+J88+L88 -> 2561 | O88: =N88/3028 -> 0.84577279
A89: Technology skills you are learning are complete and up to date | B89: 407 | C89: 0.88478261 | D89: 33 | E89: 0.89189189 | F89: 178 | G89: 0.90816327 | H89: 781 | I89: 0.89873418 | J89: 372 | K89: 0.89855072 | L89: 827 | M89: 0.88260406 | N89: =B89+D89+F89+H89+J89+L89 -> 2598 | O89: =N89/3028 -> 0.85799207
A91: Faculty promote cultural diversity awareness and learning in the classroom | B91: Boulder Cty | D91: Brighton | F91: CCCS Online | H91: Larimer | J91: FRCC Online | L91: Westminster | N91: Total
A92: About right amount | B92: 323 | C92: =B92/B96 -> 0.68 | D92: 31 | E92: =D92/D96 -> 0.86111111 | F92: 104 | G92: =F92/F96 -> 0.5388601 | H92: 615 | I92: =H92/H96 -> 0.70045558 | J92: 216 | K92: =J92/J96 -> 0.52682927 | L92: 621 | M92: =L92/L96 -> 0.65299685 | N92: =B92+D92+F92+H92+J92+L92 -> 1910 | O92: =N92/N96 -> 0.64899762
A93: Not enough | B93: 37 | C93: =B93/B96 -> 0.077894737 | D93: 1 | E93: =D93/D96 -> 0.027777778 | F93: 11 | G93: =F93/F96 -> 0.056994819 | H93: 60 | I93: =H93/H96 -> 0.06833713 | J93: 29 | K93: =J93/J96 -> 0.070731707 | L93: 94 | M93: =L93/L96 -> 0.098843323 | N93: =B93+D93+F93+H93+J93+L93 -> 232 | O93: =N93/N96 -> 0.078831125
A94: Too much | B94: 8 | C94: =B94/B96 -> 0.016842105 | D94: 1 | E94: =D94/D96 -> 0.027777778 | F94: 2 | G94: =F94/F96 -> 0.010362694 | H94: 19 | I94: =H94/H96 -> 0.021640091 | J94: 7 | K94: =J94/J96 -> 0.017073171 | L94: 11 | M94: =L94/L96 -> 0.011566772 | N94: =B94+D94+F94+H94+J94+L94 -> 48 | O94: =N94/N96 -> 0.016309888
A95: Don't know/ don't care | B95: 107 | C95: =B95/B96 -> 0.22526316 | D95: 3 | E95: =D95/D96 -> 0.083333333 | F95: 76 | G95: =F95/F96 -> 0.39378238 | H95: 184 | I95: =H95/H96 -> 0.2095672 | J95: 158 | K95: =J95/J96 -> 0.38536585 | L95: 225 | M95: =L95/L96 -> 0.23659306 | N95: =B95+D95+F95+H95+J95+L95 -> 753 | O95: =N95/N96 -> 0.25586137
B96: =SUM(B92:B95) -> 475 | C96: =SUM(C92:C95) -> 1 | D96: =SUM(D92:D95) -> 36 | E96: =SUM(E92:E95) -> 1 | F96: =SUM(F92:F95) -> 193 | G96: =SUM(G92:G95) -> 1 | H96: =SUM(H92:H95) -> 878 | I96: =SUM(I92:I95) -> 1 | ... O96: =SUM(O92:O95) -> 1
A98: FRCC student life has programs that promote campus cultural diversity | B98: Boulder Cty | D98: Brighton | F98: CCCS Online | H98: Larimer | J98: FRCC Online | L98: Westminster | N98: Total
A99: About right amount | B99: 223 | C99: =B99/B103 -> 0.47245763 | D99: 17 | E99: =D99/D103 -> 0.47222222 | F99: 58 | G99: =F99/F103 -> 0.30208333 | H99: 465 | I99: =H99/H103 -> 0.53021665 | J99: 144 | K99: =J99/J103 -> 0.34951456 | L99: 441 | M99: =L99/L103 -> 0.46617336 | N99: =B99+D99+F99+H99+J99+L99 -> 1348 | O99: =N99/N103 -> 0.4592845
A100: Not enough | B100: 37 | C100: =B100/B103 -> 0.078389831 | D100: 2 | E100: =D100/D103 -> 0.055555556 | F100: 10 | G100: =F100/F103 -> 0.052083333 | H100: 67 | I100: =H100/H103 -> 0.076396807 | J100: 23 | K100: =J100/J103 -> 0.055825243 | L100: 78 | M100: =L100/L103 -> 0.082452431 | N100: =B100+D100+F100+H100+J100+L100 -> 217 | O100: =N100/N103 -> 0.073935264
A101: Too much | B101: 9 | C101: =B101/B103 -> 0.019067797 | E101: =D101/D103 -> 0 | F101: 1 | G101: =F101/F103 -> 0.0052083333 | H101: 14 | I101: =H101/H103 -> 0.015963512 | J101: 3 | K101: =J101/J103 -> 0.0072815534 | L101: 17 | M101: =L101/L103 -> 0.017970402 | N101: =B101+D101+F101+H101+J101+L101 -> 44 | O101: =N101/N103 -> 0.014991482
A102: Don't know/don't care | B102: 203 | C102: =B102/B103 -> 0.43008475 | D102: 17 | E102: =D102/D103 -> 0.47222222 | F102: 123 | G102: =F102/F103 -> 0.640625 | H102: 331 | I102: =H102/H103 -> 0.37742303 | J102: 242 | K102: =J102/J103 -> 0.58737864 | L102: 410 | M102: =L102/L103 -> 0.43340381 | N102: =B102+D102+F102+H102+J102+L102 -> 1326 | O102: =N102/N103 -> 0.45178876
B103: =SUM(B99:B102) -> 472 | C103: =SUM(C99:C102) -> 1 | D103: =SUM(D99:D102) -> 36 | E103: =SUM(E99:E102) -> 1 | F103: =SUM(F99:F102) -> 192 | G103: =SUM(G99:G102) -> 1 | H103: =SUM(H99:H102) -> 877 | I103: =SUM(I99:I102) -> 1 | ... O103: =SUM(O99:O102) -> 1
A105: When do you prefer to take classes: | B105: Boulder Cty | D105: Brighton | F105: CCCS Online | H105: Larimer | J105: FRCC Online | L105: Westminster | N105: Total
A106: in the morning | B106: 302 | C106: =B106/$D$4 -> 0.6201232 | D106: 20 | E106: =D106/$D$5 -> 0.52631579 | F106: 67 | G106: =F106/$D$6 -> 0.33333333 | H106: 583 | I106: =H106/$D$7 -> 0.64849833 | J106: 158 | K106: =J106/$D$8 -> 0.37264151 | L106: 532 | M106: =L106/$D$9 -> 0.54341164 | N106: =B106+D106+F106+H106+J106+L106 -> 1662 | O106: =N106/$D$10 -> 0.54887715
A107: in the afternoon | B107: 279 | C107: =B107/$D$4 -> 0.57289528 | D107: 20 | E107: =D107/$D$5 -> 0.52631579 | F107: 71 | G107: =F107/$D$6 -> 0.35323383 | H107: 559 | I107: =H107/$D$7 -> 0.621802 | J107: 147 | K107: =J107/$D$8 -> 0.34669811 | L107: 528 | M107: =L107/$D$9 -> 0.53932584 | N107: =B107+D107+F107+H107+J107+L107 -> 1604 | O107: =N107/$D$10 -> 0.52972259
A108: in the evening | B108: 183 | C108: =B108/$D$4 -> 0.37577002 | D108: 16 | E108: =D108/$D$5 -> 0.42105263 | F108: 129 | G108: =F108/$D$6 -> 0.64179104 | H108: 293 | I108: =H108/$D$7 -> 0.32591769 | J108: 263 | K108: =J108/$D$8 -> 0.62028302 | L108: 420 | M108: =L108/$D$9 -> 0.42900919 | N108: =B108+D108+F108+H108+J108+L108 -> 1304 | O108: =N108/$D$10 -> 0.43064729
A109: on the weekend | B109: 54 | C109: =B109/$D$4 -> 0.11088296 | D109: 4 | E109: =D109/$D$5 -> 0.10526316 | F109: 72 | G109: =F109/$D$6 -> 0.35820896 | H109: 60 | I109: =H109/$D$7 -> 0.066740823 | J109: 146 | K109: =J109/$D$8 -> 0.34433962 | L109: 128 | M109: =L109/$D$9 -> 0.13074566 | N109: =B109+D109+F109+H109+J109+L109 -> 464 | O109: =N109/$D$10 -> 0.15323646
A111: How would you rate your FRCC experience so far? | B111: Boulder Cty | D111: Brighton | F111: CCCS Online | H111: Larimer | J111: FRCC Online | L111: Westminster | N111: Total
A112: Very Good | B112: 232 | C112: =B112/B116 -> 0.4813278 | D112: 16 | E112: =D112/D116 -> 0.43243243 | F112: 64 | G112: =F112/F116 -> 0.32323232 | H112: 397 | I112: =H112/H116 -> 0.44808126 | J112: 136 | K112: =J112/J116 -> 0.32458234 | L112: 404 | M112: =L112/L116 -> 0.42127216 | N112: =B112+D112+F112+H112+J112+L112 -> 1249 | O112: =N112/N116 -> 0.41898692
A113: Good | B113: 231 | C113: =B113/B116 -> 0.47925311 | D113: 20 | E113: =D113/D116 -> 0.54054054 | F113: 114 | G113: =F113/F116 -> 0.57575758 | H113: 447 | I113: =H113/H116 -> 0.50451467 | J113: 249 | K113: =J113/J116 -> 0.59427208 | L113: 503 | M113: =L113/L116 -> 0.52450469 | N113: =B113+D113+F113+H113+J113+L113 -> 1564 | O113: =N113/N116 -> 0.52465616
A114: Poor | B114: 16 | C114: =B114/B116 -> 0.033195021 | D114: 1 | E114: =D114/D116 -> 0.027027027 | F114: 15 | G114: =F114/F116 -> 0.075757576 | H114: 35 | I114: =H114/H116 -> 0.039503386 | J114: 25 | K114: =J114/J116 -> 0.059665871 | L114: 42 | M114: =L114/L116 -> 0.04379562 | N114: =B114+D114+F114+H114+J114+L114 -> 134 | O114: =N114/N116 -> 0.044951359
A115: Very Poor | B115: 3 | C115: =B115/B116 -> 0.0062240664 | E115: =D115/D116 -> 0 | F115: 5 | G115: =F115/F116 -> 0.025252525 | H115: 7 | I115: =H115/H116 -> 0.0079006772 | J115: 9 | K115: =J115/J116 -> 0.021479714 | L115: 10 | M115: =L115/L116 -> 0.010427529 | N115: =B115+D115+F115+H115+J115+L115 -> 34 | O115: =N115/N116 -> 0.011405569
...

Sheet Demographics
A1: Survey of all Currently enrolled students Fall 2012 -- Demographics
A3: Primary Campus | B3: Total | D3: Respondent | F3: % of campus
A4: Boulder County | B4: 2638 | C4: =B4/B10 -> 0.13999894 | D4: 487 | E4: =D4/D10 -> 0.16083223 | F4: =D4/B4 -> 0.18460955 | H4: Brighton students were most likely to respond to survey.
A5: Brighton | B5: 184 | C5: =B5/B10 -> 0.0097648994 | D5: 38 | E5: =D5/D10 -> 0.012549538 | F5: =D5/B5 -> 0.20652174 | H5: CCCOnline students were least likely to respond to the survey
A6: CCC Online | B6: 1500 | C6: =B6/B10 -> 0.079605158 | D6: 201 | E6: =D6/D10 -> 0.066380449 | F6: =D6/B6 -> 0.134
A7: Larimer | B7: 5884 | C7: =B7/B10 -> 0.3122645 | D7: 899 | E7: =D7/D10 -> 0.29689564 | F7: =D7/B7 -> 0.15278722
A8: FRCC Online | B8: 2667 | C8: =B8/B10 -> 0.14153797 | D8: 424 | E8: =D8/D10 -> 0.14002642 | F8: =D8/B8 -> 0.15898013
A9: Westminster | B9: 5970 | C9: =B9/B10 -> 0.31682853 | D9: 979 | E9: =D9/D10 -> 0.32331572 | F9: =D9/B9 -> 0.1639866
A10: Total | B10: =SUM(B4:B9) -> 18843 | C10: =SUM(C4:C9) -> 1 | D10: =SUM(D4:D9) -> 3028 | E10: =SUM(E4:E9) -> 1 | F10: =D10/B10 -> 0.16069628
A12: Degree | B12: Total | D12: Respondent | F12: % | G12: Boulder Cty | I12: Brighton | K12: CCCS Online | M12: Larimer | O12: FRCC Online | Q12: Westminster | S12: CCCS Online and Brighton are least likely to be AA
A13: AA | B13: 5794 | C13: =B13/B19 -> 0.30748819 | D13: =G13+I13+K13+M13+O13+Q13 -> 902 | E13: =D13/D19 -> 0.29788639 | F13: =D13/B13 -> 0.15567829 | G13: 145 | H13: =G13/G19 -> 0.29774127 | I13: 9 | J13: =I13/I19 -> 0.23684211 | K13: 46 | L13: =K13/K19 -> 0.22885572 | M13: 299 | N13: =M13/M19 -> 0.33259177 | O13: 127 | P13: =O13/O19 -> 0.2995283 | Q13: 276 | R13: =Q13/Q19 -> 0.28192033
A14: AAS | B14: 5407 | C14: =B14/B19 -> 0.28695006 | D14: =G14+I14+K14+M14+O14+Q14 -> 944 | E14: =D14/D19 -> 0.31175694 | F14: =D14/B14 -> 0.1745885 | G14: 116 | H14: =G14/G19 -> 0.23819302 | I14: 13 | J14: =I14/I19 -> 0.34210526 | K14: 68 | L14: =K14/K19 -> 0.33830846 | M14: 280 | N14: =M14/M19 -> 0.31145717 | O14: 143 | P14: =O14/O19 -> 0.33726415 | Q14: 324 | R14: =Q14/Q19 -> 0.33094995
A15: AGS | B15: 1423 | C15: =B15/B19 -> 0.07551876 | D15: =G15+I15+K15+M15+O15+Q15 -> 201 | E15: =D15/D19 -> 0.066380449 | F15: =D15/B15 -> 0.14125088 | G15: 25 | H15: =G15/G19 -> 0.051334702 | I15: 2 | J15: =I15/I19 -> 0.052631579 | K15: 13 | L15: =K15/K19 -> 0.064676617 | M15: 55 | N15: =M15/M19 -> 0.061179088 | O15: 29 | P15: =O15/O19 -> 0.068396226 | Q15: 77 | R15: =Q15/Q19 -> 0.078651685 | S15: Brighton and Online are most likely to be in AAS
A16: AS | B16: 3365 | C16: =B16/B19 -> 0.17858091 | D16: =G16+I16+K16+M16+O16+Q16 -> 540 | E16: =D16/D19 -> 0.17833554 | F16: =D16/B16 -> 0.16047548 | G16: 84 | H16: =G16/G19 -> 0.1724846 | I16: 11 | J16: =I16/I19 -> 0.28947368 | K16: 40 | L16: =K16/K19 -> 0.19900498 | M16: 167 | N16: =M16/M19 -> 0.18576196 | O16: 50 | P16: =O16/O19 -> 0.11792453 | Q16: 188 | R16: =Q16/Q19 -> 0.19203269
A17: CER | B17: 1445 | C17: =B17/B19 -> 0.076686303 | D17: =G17+I17+K17+M17+O17+Q17 -> 248 | E17: =D17/D19 -> 0.081902246 | F17: =D17/B17 -> 0.1716263 | G17: 79 | H17: =G17/G19 -> 0.16221766 | I17: 1 | J17: =I17/I19 -> 0.026315789 | K17: 18 | L17: =K17/K19 -> 0.089552239 | M17: 52 | N17: =M17/M19 -> 0.057842047 | O17: 40 | P17: =O17/O19 -> 0.094339623 | Q17: 58 | R17: =Q17/Q19 -> 0.059244127
A18: UND | B18: 1409 | C18: =B18/B19 -> 0.074775779 | D18: =G18+I18+K18+M18+O18+Q18 -> 193 | E18: =D18/D19 -> 0.063738441 | F18: =D18/B18 -> 0.13697658 | G18: 38 | H18: =G18/G19 -> 0.078028747 | I18: 2 | J18: =I18/I19 -> 0.052631579 | K18: 16 | L18: =K18/K19 -> 0.07960199 | M18: 46 | N18: =M18/M19 -> 0.051167964 | O18: 35 | P18: =O18/O19 -> 0.08254717 | Q18: 56 | R18: =Q18/Q19 -> 0.057201226
A19: Total | B19: =SUM(B13:B18) -> 18843 | C19: =SUM(C13:C18) -> 1 | D19: =SUM(D13:D18) -> 3028 | E19: =SUM(E13:E18) -> 1 | F19: =D19/B19 -> 0.16069628 | G19: =SUM(G13:G18) -> 487 | H19: =SUM(H13:H18) -> 1 | I19: =SUM(I13:I18) -> 38 | J19: =SUM(J13:J18) -> 1 | K19: =SUM(K13:K18) -> 201 | L19: =SUM(L13:L18) -> 1 | M19: =SUM(M13:M18) -> 899 | N19: =SUM(N13:N18) -> 1 | ... R19: =SUM(R13:R18) -> 1
A21: Sex | B21: Total | D21: Respondent | F21: % | G21: Boulder Cty | I21: Brighton | K21: CCCS Online | M21: Larimer | O21: FRCC Online | Q21: Westminster | S21: Women have higher response rates, and are more likely to attend the online campuses.
A22: Female | B22: 10870 | C22: =B22/B25 -> 0.57687205 | D22: =G22+I22+K22+M22+O22+Q22 -> 2067 | E22: =D22/D25 -> 0.6826288 | F22: =D22/B22 -> 0.19015639 | G22: 333 | H22: =G22/G25 -> 0.68377823 | I22: 28 | J22: =I22/I25 -> 0.73684211 | K22: 150 | L22: =K22/K25 -> 0.74626866 | M22: 542 | N22: =M22/M25 -> 0.6028921 | O22: 323 | P22: =O22/O25 -> 0.76179245 | Q22: 691 | R22: =Q22/Q25 -> 0.70582227
A23: Male | B23: 7964 | C23: =B23/B25 -> 0.42265032 | D23: =G23+I23+K23+M23+O23+Q23 -> 960 | E23: =D23/D25 -> 0.31704095 | F23: =D23/B23 -> 0.12054244 | G23: 154 | H23: =G23/G25 -> 0.31622177 | I23: 10 | J23: =I23/I25 -> 0.26315789 | K23: 51 | L23: =K23/K25 -> 0.25373134 | M23: 356 | N23: =M23/M25 -> 0.39599555 | O23: 101 | P23: =O23/O25 -> 0.23820755 | Q23: 288 | R23: =Q23/Q25 -> 0.29417773
A24: N | B24: 9 | C24: =B24/B25 -> 0.00047763095 | D24: =G24+I24+K24+M24+O24+Q24 -> 1 | E24: =D24/D25 -> 0.00033025099 | F24: =D24/B24 -> 0.11111111 | H24: =G24/G25 -> 0 | J24: =I24/I25 -> 0 | L24: =K24/K25 -> 0 | M24: 1 | N24: =M24/M25 -> 0.0011123471 | P24: =O24/O25 -> 0 | R24: =Q24/Q25 -> 0
A25: Total | B25: =SUM(B22:B24) -> 18843 | C25: =SUM(C22:C24) -> 1 | D25: =SUM(D22:D24) -> 3028 | E25: =SUM(E22:E24) -> 1 | F25: =D25/B25 -> 0.16069628 | G25: =SUM(G22:G24) -> 487 | H25: =SUM(H22:H24) -> 1 | I25: =SUM(I22:I24) -> 38 | J25: =SUM(J22:J24) -> 1 | K25: =SUM(K22:K24) -> 201 | L25: =SUM(L22:L24) -> 1 | M25: =SUM(M22:M24) -> 899 | N25: =SUM(N22:N24) -> 1 | ... R25: =SUM(R22:R24) -> 1
A27: Note: Students less than 18 years old were omitted from this survey because of uncertainty around confidentiality for underage students.
A28: Age | B28: Total | D28: Respondent | F28: % | G28: Boulder Cty | I28: Brighton | K28: CCCS Online | M28: Larimer | O28: FRCC Online | Q28: Westminster
A29: Less than 18 | C29: =B29/B36 -> 0
A30: 18 to 19 | B30: 3573 | C30: =B30/B36 -> 0.18961949 | D30: =G30+I30+K30+M30+O30+Q30 -> 456 | E30: =D30/D36 -> 0.15059445 | F30: =D30/B30 -> 0.12762385 | G30: 64 | H30: =G30/G36 -> 0.13141684 | I30: 9 | J30: =I30/I36 -> 0.23684211 | K30: 12 | L30: =K30/K36 -> 0.059701493 | M30: 188 | N30: =M30/M36 -> 0.20912125 | O30: 18 | P30: =O30/O36 -> 0.04245283 | Q30: 165 | R30: =Q30/Q36 -> 0.16853933 | S30: Respondents are older than the average student.
A31: 20 to 21 | B31: 3288 | C31: =B31/B36 -> 0.17449451 | D31: =G31+I31+K31+M31+O31+Q31 -> 331 | E31: =D31/D36 -> 0.10931308 | F31: =D31/B31 -> 0.1006691 | G31: 55 | H31: =G31/G36 -> 0.11293634 | I31: 4 | J31: =I31/I36 -> 0.10526316 | K31: 13 | L31: =K31/K36 -> 0.064676617 | M31: 125 | N31: =M31/M36 -> 0.13904338 | O31: 27 | P31: =O31/O36 -> 0.063679245 | Q31: 107 | R31: =Q31/Q36 -> 0.1092952
A32: 22 to 24 | B32: 3117 | C32: =B32/B36 -> 0.16541952 | D32: =G32+I32+K32+M32+O32+Q32 -> 337 | E32: =D32/D36 -> 0.11129458 | F32: =D32/B32 -> 0.10811678 | G32: 55 | H32: =G32/G36 -> 0.11293634 | I32: 4 | J32: =I32/I36 -> 0.10526316 | K32: 25 | L32: =K32/K36 -> 0.12437811 | M32: 103 | N32: =M32/M36 -> 0.11457175 | O32: 45 | P32: =O32/O36 -> 0.10613208 | Q32: 105 | R32: =Q32/Q36 -> 0.1072523 | S32: Boulder and FRCC online are the oldest students
A33: 25 to 30 | B33: 3699 | C33: =B33/B36 -> 0.19630632 | D33: =G33+I33+K33+M33+O33+Q33 -> 561 | E33: =D33/D36 -> 0.18527081 | F33: =D33/B33 -> 0.15166261 | G33: 97 | H33: =G33/G36 -> 0.19917864 | I33: 5 | J33: =I33/I36 -> 0.13157895 | K33: 41 | L33: =K33/K36 -> 0.2039801 | M33: 150 | N33: =M33/M36 -> 0.16685206 | O33: 81 | P33: =O33/O36 -> 0.19103774 | Q33: 187 | R33: =Q33/Q36 -> 0.19101124 | S33: Boulder and CCC online are the oldest students
A34: 31 to 40 | B34: 2909 | C34: =B34/B36 -> 0.15438094 | D34: =G34+I34+K34+M34+O34+Q34 -> 628 | E34: =D34/D36 -> 0.20739762 | F34: =D34/B34 -> 0.21588175 | G34: 91 | H34: =G34/G36 -> 0.18685832 | I34: 5 | J34: =I34/I36 -> 0.13157895 | K34: 58 | L34: =K34/K36 -> 0.28855721 | M34: 152 | N34: =M34/M36 -> 0.16907675 | O34: 121 | P34: =O34/O36 -> 0.28537736 | Q34: 201 | R34: =Q34/Q36 -> 0.20531154
A35: Over 40 | B35: 2257 | C35: =B35/B36 -> 0.11977923 | D35: =G35+I35+K35+M35+O35+Q35 -> 715 | E35: =D35/D36 -> 0.23612946 | F35: =D35/B35 -> 0.3167922 | G35: 125 | H35: =G35/G36 -> 0.25667351 | I35: 11 | J35: =I35/I36 -> 0.28947368 | K35: 52 | L35: =K35/K36 -> 0.25870647 | M35: 181 | N35: =M35/M36 -> 0.20133482 | O35: 132 | P35: =O35/O36 -> 0.31132075 | Q35: 214 | R35: =Q35/Q36 -> 0.2185904
A36: Total | B36: =SUM(B29:B35) -> 18843 | C36: =SUM(C29:C35) -> 1 | D36: =SUM(D29:D35) -> 3028 | E36: =SUM(E29:E35) -> 1 | F36: =D36/B36 -> 0.16069628 | G36: =SUM(G29:G35) -> 487 | H36: =SUM(H29:H35) -> 1 | I36: =SUM(I29:I35) -> 38 | J36: =SUM(J29:J35) -> 1 | K36: =SUM(K29:K35) -> 201 | L36: =SUM(L29:L35) -> 1 | M36: =SUM(M29:M35) -> 899 | N36: =SUM(N29:N35) -> 1 | ... R36: =SUM(R29:R35) -> 1
A37: Median | B37: 23.5 | D37: 30.182335 | G37: 31.736702 | I37: 26.028571 | K37: 30.552727 | M37: 28.564688 | O37: 33.744 | Q37: 29.272115
A39: Ethnicity | B39: Total | D39: Respondent | F39: % | G39: Boulder Cty | I39: Brighton | K39: CCCS Online | M39: Larimer | O39: FRCC Online | Q39: Westminster | S39: International Students have the highest response rates.
A40: 2 Or More | B40: 15 | C40: =B40/B48 -> 0.00079605158 | D40: =G40+I40+K40+M40+O40+Q40 -> 4 | E40: =D40/D48 -> 0.001321004 | F40: =D40/B40 -> 0.26666667 | I40: 1 | K40: 1 | L40: =K40/K48 -> 0.0049751244 | M40: 2 | N40: =M40/M48 -> 0.0022246941 | P40: =O40/O48 -> 0 | R40: =Q40/Q48 -> 0
A41: American Indian | B41: 338 | C41: =B41/B48 -> 0.017937696 | D41: =G41+I41+K41+M41+O41+Q41 -> 50 | E41: =D41/D48 -> 0.01651255 | F41: =D41/B41 -> 0.14792899 | G41: 9 | H41: =G41/G48 -> 0.018480493 | I41: 1 | J41: =I41/I48 -> 0.026315789 | K41: 3 | L41: =K41/K48 -> 0.014925373 | M41: 12 | N41: =M41/M48 -> 0.013348165 | O41: 7 | P41: =O41/O48 -> 0.016509434 | Q41: 18 | R41: =Q41/Q48 -> 0.018386108
A42: Asian | B42: 784 | C42: =B42/B48 -> 0.041606963 | D42: =G42+I42+K42+M42+O42+Q42 -> 92 | E42: =D42/D48 -> 0.030383091 | F42: =D42/B42 -> 0.11734694 | G42: 19 | H42: =G42/G48 -> 0.039014374 | I42: 1 | J42: =I42/I48 -> 0.026315789 | K42: 6 | L42: =K42/K48 -> 0.029850746 | M42: 14 | N42: =M42/M48 -> 0.015572859 | O42: 6 | P42: =O42/O48 -> 0.014150943 | Q42: 46 | R42: =Q42/Q48 -> 0.046986721
A43: Black | B43: 371 | C43: =B43/B48 -> 0.019689009 | D43: =G43+I43+K43+M43+O43+Q43 -> 56 | E43: =D43/D48 -> 0.018494055 | F43: =D43/B43 -> 0.1509434 | G43: 8 | H43: =G43/G48 -> 0.016427105 | J43: =I43/I48 -> 0 | K43: 4 | L43: =K43/K48 -> 0.019900498 | M43: 15 | N43: =M43/M48 -> 0.016685206 | O43: 4 | P43: =O43/O48 -> 0.0094339623 | Q43: 25 | R43: =Q43/Q48 -> 0.025536261
A44: Hispanic | B44: 2500 | C44: =B44/B48 -> 0.13267526 | D44: =G44+I44+K44+M44+O44+Q44 -> 334 | E44: =D44/D48 -> 0.11030383 | F44: =D44/B44 -> 0.1336 | G44: 53 | H44: =G44/G48 -> 0.10882957 | I44: 14 | J44: =I44/I48 -> 0.36842105 | K44: 16 | L44: =K44/K48 -> 0.07960199 | M44: 79 | N44: =M44/M48 -> 0.087875417 | O44: 41 | P44: =O44/O48 -> 0.096698113 | Q44: 131 | R44: =Q44/Q48 -> 0.13381001 | S44: Highest concentration of Hispancs are at Brighton
A45: International | B45: 190 | C45: =B45/B48 -> 0.01008332 | D45: =G45+I45+K45+M45+O45+Q45 -> 33 | E45: =D45/D48 -> 0.010898283 | F45: =D45/B45 -> 0.17368421 | G45: 6 | H45: =G45/G48 -> 0.012320329 | J45: =I45/I48 -> 0 | K45: 2 | L45: =K45/K48 -> 0.0099502488 | M45: 5 | N45: =M45/M48 -> 0.0055617353 | P45: =O45/O48 -> 0 | Q45: 20 | R45: =Q45/Q48 -> 0.020429009
A46: Unknown | B46: 1127 | C46: =B46/B48 -> 0.059810009 | D46: =G46+I46+K46+M46+O46+Q46 -> 169 | E46: =D46/D48 -> 0.055812417 | F46: =D46/B46 -> 0.14995563 | G46: 36 | H46: =G46/G48 -> 0.073921971 | I46: 1 | J46: =I46/I48 -> 0.026315789 | K46: 10 | L46: =K46/K48 -> 0.049751244 | M46: 52 | N46: =M46/M48 -> 0.057842047 | O46: 17 | P46: =O46/O48 -> 0.04009434 | Q46: 53 | R46: =Q46/Q48 -> 0.054136874
A47: White | B47: 13518 | C47: =B47/B48 -> 0.71740169 | D47: =G47+I47+K47+M47+O47+Q47 -> 2290 | E47: =D47/D48 -> 0.75627477 | F47: =D47/B47 -> 0.16940376 | G47: 356 | H47: =G47/G48 -> 0.73100616 | I47: 20 | J47: =I47/I48 -> 0.52631579 | K47: 159 | L47: =K47/K48 -> 0.79104478 | M47: 720 | N47: =M47/M48 -> 0.80088988 | O47: 349 | P47: =O47/O48 -> 0.82311321 | Q47: 686 | R47: =Q47/Q48 -> 0.70071502 | S47: Highest concentration of Whies are Online
A48: Total | B48: =SUM(B40:B47) -> 18843 | C48: =SUM(C40:C47) -> 1 | D48: =SUM(D40:D47) -> 3028 | E48: =SUM(E40:E47) -> 1 | F48: =D48/B48 -> 0.16069628 | G48: =SUM(G40:G47) -> 487 | H48: =SUM(H40:H47) -> 1 | I48: =SUM(I40:I47) -> 38 | J48: =SUM(J40:J47) -> 0.97368421 | K48: =SUM(K40:K47) -> 201 | L48: =SUM(L40:L47) -> 1 | M48: =SUM(M40:M47) -> 899 | N48: =SUM(N40:N47) -> 1 | ... R48: =SUM(R40:R47) -> 1
A50: Do you consider yourself disabled or handicapped? | B50: Boulder Cty | D50: Brighton | F50: CCCS Online | H50: Larimer | J50: FRCC Online | L50: Westminster | N50: Total | P50: Similar percentage to last year
B51: 31 | C51: =B51/G48 -> 0.063655031 | D51: 6 | E51: =D51/I48 -> 0.15789474 | F51: 10 | G51: =F51/K48 -> 0.049751244 | H51: 62 | I51: =H51/M48 -> 0.068965517 | J51: 35 | K51: =J51/O48 -> 0.08254717 | L51: 63 | M51: =L51/Q48 -> 0.064351379 | N51: =L51+J51+H51+F51+D51+B51 -> 207 | O51: =N51/D48 -> 0.068361955

Sheet Obj Emp 
A1: Survey of all Currently enrolled students Fall 2012 -- Objectives and Employment
A4: =all!A53 -> What is your primary objective in attending FRCC? | B4: Boulder Cty | D4: Brighton | F4: CCCS Onl | H4: Larimer | J4: FRCC Onl | L4: Westminster | N4: Total | P4: Obtaining transfer credits is the most common goal.
A5: =all!A54 -> Earn a Vocational/Technical Certificate | B5: =all!B54 -> 56 | C5: =B5/B14 -> 0.11965812 | D5: =all!D54 -> 1 | E5: =D5/D14 -> 0.027777778 | F5: =all!F54 -> 12 | G5: =F5/F14 -> 0.063492063 | H5: =all!H54 -> 42 | I5: =H5/H14 -> 0.047673099 | J5: =all!J54 -> 32 | K5: =J5/J14 -> 0.07748184 | L5: =all!L54 -> 41 | M5: =L5/L14 -> 0.042842215 | N5: =B5+D5+F5+H5+J5+L5 -> 184 | O5: =N5/N14 -> 0.0625
A6: =all!A55 -> Earn a Vocational/Technical Degree (AAS) | B6: =all!B55 -> 44 | C6: =all!C55 -> 0.094017094 | D6: =all!D55 -> 4 | E6: =all!E55 -> 0.11111111 | F6: =all!F55 -> 18 | G6: =all!G55 -> 0.095238095 | H6: =all!H55 -> 115 | ... O6: =all!O55 -> 0.10427989
A7: =all!A56 -> Earn an Academic Degree (AA, AS, AGS) | B7: =all!B56 -> 208 | C7: =all!C56 -> 0.02991453 | D7: =all!D56 -> 24 | E7: =all!E56 -> 0 | F7: =all!F56 -> 97 | G7: =all!G56 -> 0.026455026 | H7: =all!H56 -> 443 | ... O7: =all!O56 -> 0.024456522
A8: =all!A57 -> Improve skills for present job | B8: =all!B57 -> 14 | C8: =all!C57 -> 0.02991453 | D8: =all!D57 -> 0 | E8: =all!E57 -> 0 | F8: =all!F57 -> 5 | G8: =all!G57 -> 0.026455026 | H8: =all!H57 -> 13 | ... O8: =all!O57 -> 0.027513587
A9: =all!A58 -> Personal interest | B9: =all!B58 -> 14 | C9: =all!C58 -> 0.02991453 | D9: =all!D58 -> 0 | E9: =all!E58 -> 0 | F9: =all!F58 -> 5 | G9: =all!G58 -> 0.026455026 | H9: =all!H58 -> 25 | ... O9: =all!O58 -> 0.027513587
A10: =all!A59 -> Prepare to enter job market | B10: =all!B59 -> 9 | C10: =all!C59 -> 0.019230769 | D10: =all!D59 -> 1 | E10: =all!E59 -> 0.027777778 | F10: =all!F59 -> 1 | G10: =all!G59 -> 0.0052910053 | H10: =all!H59 -> 20 | ... O10: =all!O59 -> 0.021059783
A11: =all!A60 -> Receive financial aid benefits | B11: =all!B60 -> 0 | C11: =all!C60 -> 0 | D11: =all!D60 -> 0 | E11: =all!E60 -> 0 | F11: =all!F60 -> 0 | G11: =all!G60 -> 0 | H11: =all!H60 -> 1 | ... O11: =all!O60 -> 0.0016983696
A12: =all!A61 -> Take a few courses, transfer | B12: =all!B61 -> 122 | C12: =all!C61 -> 0.26068376 | D12: =all!D61 -> 6 | E12: =all!E61 -> 0.16666667 | F12: =all!F61 -> 50 | G12: =all!G61 -> 0.26455026 | H12: =all!H61 -> 219 | ... O12: =all!O61 -> 0.24592391
A13: =all!A62 -> Take concurrent college and high school courses | B13: =all!B62 -> 1 | C13: =all!C62 -> 0.0021367521 | D13: =all!D62 -> 0 | E13: =all!E62 -> 0 | F13: =all!F62 -> 1 | G13: =all!G62 -> 0.0052910053 | H13: =all!H62 -> 3 | ... O13: =all!O62 -> 0.0030570652
A14: Total | B14: =SUM(B5:B13) -> 468 | D14: =SUM(D5:D13) -> 36 | F14: =SUM(F5:F13) -> 189 | H14: =SUM(H5:H13) -> 881 | J14: =SUM(J5:J13) -> 413 | L14: =SUM(L5:L13) -> 957 | N14: =B14+D14+F14+H14+J14+L14 -> 2944
A17: =all!A65 -> Present employment status | B17: Boulder Cty | D17: Brighton | F17: CCCS Onl | H17: Larimer | J17: FRCC Onl | L17: Westminster | N17: Total
A18: =all!A66 -> Employed full or part-time in a job NOT RELATED to your FRCC program. | B18: =all!B66 -> 204 | C18: =all!C66 -> 0.4214876 | D18: =all!D66 -> 14 | E18: =all!E66 -> 0.36842105 | F18: =all!F66 -> 78 | G18: =all!G66 -> 0.39 | H18: =all!H66 -> 427 | ... O18: =all!O66 -> 0.44820717
A19: =all!A67 -> Employed full or part-time in a job RELATED to your FRCC program. | B19: =all!B67 -> 97 | C19: =all!C67 -> 0.20041322 | D19: =all!D67 -> 7 | E19: =all!E67 -> 0.18421053 | F19: =all!F67 -> 64 | G19: =all!G67 -> 0.32 | H19: =all!H67 -> 156 | ... O19: =all!O67 -> 0.21347942
A20: =all!A68 -> Military NOT RELATED to your FRCC program. | B20: =all!B68 -> 1 | C20: =all!C68 -> 0.0020661157 | D20: =all!D68 -> 0 | E20: =all!E68 -> 0 | F20: =all!F68 -> 1 | G20: =all!G68 -> 0.005 | H20: =all!H68 -> 4 | ... O20: =all!O68 -> 0.0026560425
A21: =all!A69 -> Military RELATED to your FRCC program. | B21: =all!B69 -> 2 | C21: =all!C69 -> 0.0041322314 | D21: =all!D69 -> 0 | E21: =all!E69 -> 0 | F21: =all!F69 -> 0 | G21: =all!G69 -> 0 | H21: =all!H69 -> 8 | ... O21: =all!O69 -> 0.005312085
A22: =all!A70 -> Unemployed -- NOT seeking employment. | B22: =all!B70 -> 88 | C22: =all!C70 -> 0.18181818 | D22: =all!D70 -> 7 | E22: =all!E70 -> 0.18421053 | F22: =all!F70 -> 26 | G22: =all!G70 -> 0.13 | H22: =all!H70 -> 135 | ... O22: =all!O70 -> 0.15471448
A23: =all!A71 -> Unemployed -- seeking employment. | B23: =all!B71 -> 92 | C23: =all!C71 -> 0.19008264 | D23: =all!D71 -> 10 | E23: =all!E71 -> 0.26315789 | F23: =all!F71 -> 31 | G23: =all!G71 -> 0.155 | H23: =all!H71 -> 165 | ... O23: =all!O71 -> 0.17563081
A24: =all!A72 -> Total | B24: =all!B72 -> 484 | C24: =all!C72 -> 1 | D24: =all!D72 -> 38 | E24: =all!E72 -> 1 | F24: =all!F72 -> 200 | G24: =all!G72 -> 1 | H24: =all!H72 -> 895 | ... O24: =all!O72 -> 1
A26: =all!A74 -> If employed, how many hours per week are you working | B26: Boulder Cty | D26: Brighton | F26: CCCS Onl | H26: Larimer | J26: FRCC Onl | L26: Westminster | N26: Total | P26: Online students are more likely to be full time workers.
A27: =all!A75 -> 20 or less | B27: =all!B75 -> 102 | C27: =all!C75 -> 0.31677019 | D27: =all!D75 -> 7 | E27: =all!E75 -> 0.30434783 | F27: =all!F75 -> 31 | G27: =all!G75 -> 0.21088435 | H27: =all!H75 -> 250 | ... O27: =all!O75 -> 0.31424447
A28: =all!A76 -> 21-39 | B28: =all!B76 -> 127 | C28: =all!C76 -> 0.39440994 | D28: =all!D76 -> 10 | E28: =all!E76 -> 0.43478261 | F28: =all!F76 -> 39 | G28: =all!G76 -> 0.26530612 | H28: =all!H76 -> 236 | ... O28: =all!O76 -> 0.35178056
A29: =all!A77 -> 40 or more | B29: =all!B77 -> 93 | C29: =all!C77 -> 0.28881988 | D29: =all!D77 -> 6 | E29: =all!E77 -> 0.26086957 | F29: =all!F77 -> 77 | G29: =all!G77 -> 0.52380952 | H29: =all!H77 -> 124 | ... O29: =all!O77 -> 0.33397498
A30: =all!A78 -> Total | B30: =all!B78 -> 322 | C30: =all!C78 -> 1 | D30: =all!D78 -> 23 | E30: =all!E78 -> 1 | F30: =all!F78 -> 147 | G30: =all!G78 -> 1 | H30: =all!H78 -> 610 | ... O30: =all!O78 -> 1
A32: =all!A80 -> How many credit hours are you taking this semester? | B32: Boulder Cty | D32: Brighton | F32: CCCS Onl | H32: Larimer | J32: FRCC Onl | L32: Westminster | N32: Total | P32: Larimer students are most likely to be full-time students
A33: =all!A81 -> 4 or less | B33: =all!B81 -> 99 | C33: =all!C81 -> 0.20412371 | D33: =all!D81 -> 6 | E33: =all!E81 -> 0.16216216 | F33: =all!F81 -> 48 | G33: =all!G81 -> 0.24120603 | H33: =all!H81 -> 98 | ... O33: =all!O81 -> 0.16422385
A34: =all!A82 -> 5 to 11 | B34: =all!B82 -> 230 | C34: =all!C82 -> 0.4742268 | D34: =all!D82 -> 25 | E34: =all!E82 -> 0.67567568 | F34: =all!F82 -> 116 | G34: =all!G82 -> 0.58291457 | H34: =all!H82 -> 360 | ... O34: =all!O82 -> 0.47435043
A35: =all!A83 -> 12 or more | B35: =all!B83 -> 156 | C35: =all!C83 -> 0.32164948 | D35: =all!D83 -> 6 | E35: =all!E83 -> 0.16216216 | F35: =all!F83 -> 35 | G35: =all!G83 -> 0.1758794 | H35: =all!H83 -> 436 | ... O35: =all!O83 -> 0.36142572
A36: =all!A84 -> Total | B36: =all!B84 -> 485 | C36: =all!C84 -> 1 | D36: =all!D84 -> 37 | E36: =all!E84 -> 1 | F36: =all!F84 -> 199 | G36: =all!G84 -> 1 | H36: =all!H84 -> 894 | ... O36: =all!O84 -> 1

Sheet Meeting needs
A1: Survey of all Currently enrolled students Fall 2012 -- Meeting Needs
A3: =all!A111 -> How would you rate your FRCC experience so far? | B3: Boulder Cty | D3: Brighton | F3: CCCS Onl | H3: Larimer | J3: FRCC Onl | L3: Westminster | N3: Total
A4: =all!A112 -> Very Good | B4: =all!B112 -> 232 | C4: =all!C112 -> 0.4813278 | D4: =all!D112 -> 16 | E4: =all!E112 -> 0.43243243 | F4: =all!F112 -> 64 | G4: =all!G112 -> 0.32323232 | H4: =all!H112 -> 397 | ... O4: =all!O112 -> 0.41898692
A5: =all!A113 -> Good | B5: =all!B113 -> 231 | C5: =all!C113 -> 0.47925311 | D5: =all!D113 -> 20 | E5: =all!E113 -> 0.54054054 | F5: =all!F113 -> 114 | G5: =all!G113 -> 0.57575758 | H5: =all!H113 -> 447 | ... O5: =all!O113 -> 0.52465616
A6: =all!A114 -> Poor | B6: =all!B114 -> 16 | C6: =all!C114 -> 0.033195021 | D6: =all!D114 -> 1 | E6: =all!E114 -> 0.027027027 | F6: =all!F114 -> 15 | G6: =all!G114 -> 0.075757576 | H6: =all!H114 -> 35 | ... O6: =all!O114 -> 0.044951359
A7: =all!A115 -> Very Poor | B7: =all!B115 -> 3 | C7: =all!C115 -> 0.0062240664 | D7: =all!D115 -> 0 | E7: =all!E115 -> 0 | F7: =all!F115 -> 5 | G7: =all!G115 -> 0.025252525 | H7: =all!H115 -> 7 | ... O7: =all!O115 -> 0.011405569
A8: =all!A116 -> Total | B8: =all!B116 -> 482 | C8: =all!C116 -> 1 | D8: =all!D116 -> 37 | E8: =all!E116 -> 1 | F8: =all!F116 -> 198 | G8: =all!G116 -> 1 | H8: =all!H116 -> 886 | ... O8: =all!O116 -> 1
A9: =all!A117 -> Percent of Good or Very Good | C9: =all!C117 -> 0.96058091 | E9: =all!E117 -> 0.97297297 | G9: =all!G117 -> 0.8989899 | I9: =all!I117 -> 0.95259594 | K9: =all!K117 -> 0.91885442 | M9: =all!M117 -> 0.94577685 | O9: =all!O117 -> 0.94364307
A11: =all!A86 -> Percent of question Respondents who agree with the following: | B11: Boulder Cty | D11: Brighton | F11: CCCS Onl | H11: Larimer | J11: FRCC Onl | L11: Westminster | N11: Total
A12: =all!A87 -> Instructional program is meeting your educational goals. | B12: =all!B87 -> 457 | C12: =all!C87 -> 0.93839836 | D12: =all!D87 -> 34 | E12: =all!E87 -> 0.89473684 | F12: =all!F87 -> 173 | G12: =all!G87 -> 0.87 | H12: =all!H87 -> 815 | ... O12: =all!O87 -> 0.89861295
A13: =all!A88 -> Technology is enhancing your learning process at FRCC. | B13: =all!B88 -> 401 | C13: =all!C88 -> 0.82340862 | D13: =all!D88 -> 35 | E13: =all!E88 -> 0.92105263 | F13: =all!F88 -> 173 | G13: =all!G88 -> 0.87373737 | H13: =all!H88 -> 762 | ... O13: =all!O88 -> 0.84577279
A14: =all!A89 -> Technology skills you are learning are complete and up to date | B14: =all!B89 -> 407 | C14: =all!C89 -> 0.88478261 | D14: =all!D89 -> 33 | E14: =all!E89 -> 0.89189189 | F14: =all!F89 -> 178 | G14: =all!G89 -> 0.90816327 | H14: =all!H89 -> 781 | ... O14: =all!O89 -> 0.85799207
A16: =all!A91 -> Faculty promote cultural diversity awareness and learning in the classroom | B16: Boulder Cty | D16: Brighton | F16: CCCS Onl | H16: Larimer | J16: FRCC Onl | L16: Westminster | N16: Total
A17: =all!A92 -> About right amount | B17: =all!B92 -> 323 | C17: =all!C92 -> 0.68 | D17: =all!D92 -> 31 | E17: =all!E92 -> 0.86111111 | F17: =all!F92 -> 104 | G17: =all!G92 -> 0.5388601 | H17: =all!H92 -> 615 | ... O17: =all!O92 -> 0.64899762
A18: =all!A93 -> Not enough | B18: =all!B93 -> 37 | C18: =all!C93 -> 0.077894737 | D18: =all!D93 -> 1 | E18: =all!E93 -> 0.027777778 | F18: =all!F93 -> 11 | G18: =all!G93 -> 0.056994819 | H18: =all!H93 -> 60 | ... O18: =all!O93 -> 0.078831125
A19: =all!A94 -> Too much | B19: =all!B94 -> 8 | C19: =all!C94 -> 0.016842105 | D19: =all!D94 -> 1 | E19: =all!E94 -> 0.027777778 | F19: =all!F94 -> 2 | G19: =all!G94 -> 0.010362694 | H19: =all!H94 -> 19 | ... O19: =all!O94 -> 0.016309888
A20: =all!A95 -> Don't know/ don't care | B20: =all!B95 -> 107 | C20: =all!C95 -> 0.22526316 | D20: =all!D95 -> 3 | E20: =all!E95 -> 0.083333333 | F20: =all!F95 -> 76 | G20: =all!G95 -> 0.39378238 | H20: =all!H95 -> 184 | ... O20: =all!O95 -> 0.25586137
B21: =all!B96 -> 475 | C21: =all!C96 -> 1 | D21: =all!D96 -> 36 | E21: =all!E96 -> 1 | F21: =all!F96 -> 193 | G21: =all!G96 -> 1 | H21: =all!H96 -> 878 | I21: =all!I96 -> 1 | ... O21: =all!O96 -> 1
A23: =all!A98 -> FRCC student life has programs that promote campus cultural diversity | B23: Boulder Cty | D23: Brighton | F23: CCCS Onl | H23: Larimer | J23: FRCC Onl | L23: Westminster | N23: Total
A24: =all!A99 -> About right amount | B24: =all!B99 -> 223 | C24: =all!C99 -> 0.47245763 | D24: =all!D99 -> 17 | E24: =all!E99 -> 0.47222222 | F24: =all!F99 -> 58 | G24: =all!G99 -> 0.30208333 | H24: =all!H99 -> 465 | ... O24: =all!O99 -> 0.4592845
A25: =all!A100 -> Not enough | B25: =all!B100 -> 37 | C25: =all!C100 -> 0.078389831 | D25: =all!D100 -> 2 | E25: =all!E100 -> 0.055555556 | F25: =all!F100 -> 10 | G25: =all!G100 -> 0.052083333 | H25: =all!H100 -> 67 | ... O25: =all!O100 -> 0.073935264
A26: =all!A101 -> Too much | B26: =all!B101 -> 9 | C26: =all!C101 -> 0.019067797 | D26: =all!D101 -> 0 | E26: =all!E101 -> 0 | F26: =all!F101 -> 1 | G26: =all!G101 -> 0.0052083333 | H26: =all!H101 -> 14 | ... O26: =all!O101 -> 0.014991482
A27: =all!A102 -> Don't know/don't care | B27: =all!B102 -> 203 | C27: =all!C102 -> 0.43008475 | D27: =all!D102 -> 17 | E27: =all!E102 -> 0.47222222 | F27: =all!F102 -> 123 | G27: =all!G102 -> 0.640625 | H27: =all!H102 -> 331 | ... O27: =all!O102 -> 0.45178876
B28: =all!B103 -> 472 | C28: =all!C103 -> 1 | D28: =all!D103 -> 36 | E28: =all!E103 -> 1 | F28: =all!F103 -> 192 | G28: =all!G103 -> 1 | H28: =all!H103 -> 877 | I28: =all!I103 -> 1 | ... O28: =all!O103 -> 1
A31: =all!A105 -> When do you prefer to take classes: | B31: Boulder Cty | D31: Brighton | F31: CCCS Onl | H31: Larimer | J31: FRCC Onl | L31: Westminster | N31: Total | P31: Campuses vary on when they prefer to take their courses, with the online students most likely to want evening/weekend classes.
A32: =all!A106 -> in the morning | B32: =all!B106 -> 302 | C32: =all!C106 -> 0.6201232 | D32: =all!D106 -> 20 | E32: =all!E106 -> 0.52631579 | F32: =all!F106 -> 67 | G32: =all!G106 -> 0.33333333 | H32: =all!H106 -> 583 | ... O32: =all!O106 -> 0.54887715
A33: =all!A107 -> in the afternoon | B33: =all!B107 -> 279 | C33: =all!C107 -> 0.57289528 | D33: =all!D107 -> 20 | E33: =all!E107 -> 0.52631579 | F33: =all!F107 -> 71 | G33: =all!G107 -> 0.35323383 | H33: =all!H107 -> 559 | ... O33: =all!O107 -> 0.52972259
A34: =all!A108 -> in the evening | B34: =all!B108 -> 183 | C34: =all!C108 -> 0.37577002 | D34: =all!D108 -> 16 | E34: =all!E108 -> 0.42105263 | F34: =all!F108 -> 129 | G34: =all!G108 -> 0.64179104 | H34: =all!H108 -> 293 | ... O34: =all!O108 -> 0.43064729
A35: =all!A109 -> on the weekend | B35: =all!B109 -> 54 | C35: =all!C109 -> 0.11088296 | D35: =all!D109 -> 4 | E35: =all!E109 -> 0.10526316 | F35: =all!F109 -> 72 | G35: =all!G109 -> 0.35820896 | H35: =all!H109 -> 60 | ... O35: =all!O109 -> 0.15323646

Sheet Evaluate Instruction
A1: Survey of all Currently enrolled students Fall 2012 -- Evaluate Instruction
A2: Course Availability had the lowest level of satisfaction.
A4: EVALUATE FRCC INSTRUCTION
A5: =all!A121 -> Quality of instruction | B5: Boulder Cty | D5: Brighton | F5: CCCS Onl | H5: Larimer | J5: FRCC Onl | L5: Westminster | N5: Total | Q5: EVALUATE FRCC INSTRUCTION | R5: Boulder Cty | S5: Brighton | T5: CCCS Onl | U5: Larimer | V5: FRCC Onl | W5: Westminster | X5: Total
A6: Very good | B6: =all!B122 -> 234 | C6: =all!C122 -> 0.4875 | D6: =all!D122 -> 19 | E6: =all!E122 -> 0.52777778 | F6: =all!F122 -> 55 | G6: =all!G122 -> 0.28497409 | H6: =all!H122 -> 406 | I6: =all!I122 -> 0.45823928 | ... O6: =all!O122 -> 0.43941951 | Q6: Quality of instruction | R6: =C11 -> 0.94583333 | S6: =E11 -> 0.91666667 | T6: =G11 -> 0.87564767 | U6: =I11 -> 0.9503386 | V6: =K11 -> 0.92251816 | W6: =M11 -> 0.94031414 | X6: =O11 -> 0.93722578
A7: Good | B7: =all!B123 -> 220 | C7: =all!C123 -> 0.45833333 | D7: =all!D123 -> 14 | E7: =all!E123 -> 0.38888889 | F7: =all!F123 -> 114 | G7: =all!G123 -> 0.59067358 | H7: =all!H123 -> 436 | I7: =all!I123 -> 0.49209932 | ... O7: =all!O123 -> 0.49780628 | Q7: Instructor's knowledge of subject(s) | R7: =C19 -> 0.98121086 | S7: =E19 -> 1 | T7: =G19 -> 0.95811518 | U7: =I19 -> 0.97175141 | V7: =K19 -> 0.98062954 | W7: =M19 -> 0.9707419 | X7: =O19 -> 0.97365755
A8: Poor | B8: =all!B124 -> 23 | C8: =all!C124 -> 0.047916667 | D8: =all!D124 -> 3 | E8: =all!E124 -> 0.083333333 | F8: =all!F124 -> 16 | G8: =all!G124 -> 0.082901554 | H8: =all!H124 -> 32 | I8: =all!I124 -> 0.036117381 | ... O8: =all!O124 -> 0.047249409 | Q8: Course objectives & requirements made clear | R8: =C27 -> 0.9539749 | S8: =E27 -> 0.97297297 | T8: =G27 -> 0.82901554 | U8: =I27 -> 0.9399093 | V8: =K27 -> 0.89638554 | W8: =M27 -> 0.92050209 | X8: =O27 -> 0.92299899
A9: Very poor | B9: =all!B125 -> 3 | C9: =all!C125 -> 0.00625 | D9: =all!D125 -> 0 | E9: =all!E125 -> 0 | F9: =all!F125 -> 8 | G9: =all!G125 -> 0.041450777 | H9: =all!H125 -> 12 | I9: =all!I125 -> 0.013544018 | ... O9: =all!O125 -> 0.015524806 | Q9: Content of course(s) | R9: =C35 -> 0.96861925 | S9: =E35 -> 0.97142857 | T9: =G35 -> 0.9015544 | U9: =I35 -> 0.96493213 | V9: =K35 -> 0.94698795 | W9: =M35 -> 0.95702306 | X9: =O35 -> 0.95640419
A10: Total | B10: =all!B126 -> 480 | C10: =all!C126 -> 1 | D10: =all!D126 -> 36 | E10: =all!E126 -> 1 | F10: =all!F126 -> 193 | G10: =all!G126 -> 1 | H10: =all!H126 -> 886 | I10: =all!I126 -> 1 | ... O10: =all!O126 -> 1 | Q10: Instructional methods | R10: =C43 -> 0.91841004 | S10: =E43 -> 0.91666667 | T10: =G43 -> 0.83419689 | U10: =I43 -> 0.91269841 | V10: =K43 -> 0.87651332 | W10: =M43 -> 0.88272251 | X10: =O43 -> 0.8938113
A11: Percent of Good or Very Good | C11: =all!C127 -> 0.94583333 | E11: =all!E127 -> 0.91666667 | G11: =all!G127 -> 0.87564767 | I11: =all!I127 -> 0.9503386 | K11: =all!K127 -> 0.92251816 | M11: =all!M127 -> 0.94031414 | O11: =all!O127 -> 0.93722578 | Q11: Testing and grading | R11: =C51 -> 0.93096234 | S11: =E51 -> 0.91891892 | T11: =G51 -> 0.85416667 | U11: =I51 -> 0.90702948 | V11: =K51 -> 0.87710843 | W11: =M51 -> 0.90062762 | X11: =O51 -> 0.90135135
Q12: Class Size | R12: =C59 -> 0.98953975 | S12: =E59 -> 0.97297297 | T12: =G59 -> 0.9893617 | U12: =I59 -> 0.97954545 | V12: =K59 -> 0.98300971 | W12: =M59 -> 0.97172775 | X12: =O59 -> 0.97966102
A13: =all!A129 -> Instructor's knowledge of subject(s) | B13: Boulder Cty | D13: Brighton | F13: CCCS Onl | H13: Larimer | J13: FRCC Onl | L13: Westminster | N13: Total | Q13: Course availability | R13: =C67 -> 0.83682008 | S13: =E67 -> 0.83333333 | T13: =G67 -> 0.90052356 | U13: =I67 -> 0.79431818 | V13: =K67 -> 0.84261501 | W13: =M67 -> 0.7775446 | X13: =O67 -> 0.80989495
A14: Very good | B14: =all!B130 -> 323 | C14: =all!C130 -> 0.6743215 | D14: =all!D130 -> 25 | E14: =all!E130 -> 0.69444444 | F14: =all!F130 -> 97 | G14: =all!G130 -> 0.5078534 | H14: =all!H130 -> 552 | I14: =all!I130 -> 0.62372881 | ... O14: =all!O130 -> 0.61465721 | Q14: Overall Evaluation of Instruction | R14: =C75 -> 0.96666667 | S14: =E75 -> 0.89189189 | T14: =G75 -> 0.89473684 | U14: =I75 -> 0.95464853 | V14: =K75 -> 0.93946731 | W14: =M75 -> 0.94549266 | X14: =O75 -> 0.94688769
A15: Good | B15: =all!B131 -> 147 | C15: =all!C131 -> 0.30688935 | D15: =all!D131 -> 11 | E15: =all!E131 -> 0.30555556 | F15: =all!F131 -> 86 | G15: =all!G131 -> 0.45026178 | H15: =all!H131 -> 308 | I15: =all!I131 -> 0.3480226 | ... O15: =all!O131 -> 0.35900034
A16: Poor | B16: =all!B132 -> 8 | C16: =all!C132 -> 0.016701461 | D16: =all!D132 -> 0 | E16: =all!E132 -> 0 | F16: =all!F132 -> 8 | G16: =all!G132 -> 0.041884817 | H16: =all!H132 -> 20 | I16: =all!I132 -> 0.02259887 | ... O16: =all!O132 -> 0.021952043
A17: Very poor | B17: =all!B133 -> 1 | C17: =all!C133 -> 0.0020876827 | D17: =all!D133 -> 0 | E17: =all!E133 -> 0 | F17: =all!F133 -> 0 | G17: =all!G133 -> 0 | H17: =all!H133 -> 5 | I17: =all!I133 -> 0.0056497175 | ... O17: =all!O133 -> 0.0043904086
A18: Total | B18: =all!B134 -> 479 | C18: =all!C134 -> 1 | D18: =all!D134 -> 36 | E18: =all!E134 -> 1 | F18: =all!F134 -> 191 | G18: =all!G134 -> 1 | H18: =all!H134 -> 885 | I18: =all!I134 -> 1 | ... O18: =all!O134 -> 1
A19: Percent of Good or Very Good | C19: =all!C135 -> 0.98121086 | E19: =all!E135 -> 1 | G19: =all!G135 -> 0.95811518 | I19: =all!I135 -> 0.97175141 | K19: =all!K135 -> 0.98062954 | M19: =all!M135 -> 0.9707419 | O19: =all!O135 -> 0.97365755
A21: =all!A137 -> Course objectives & requirements made clear | B21: Boulder Cty | D21: Brighton | F21: CCCS Onl | H21: Larimer | J21: FRCC Onl | L21: Westminster | N21: Total
A22: Very good | B22: =all!B138 -> 254 | C22: =all!C138 -> 0.53138075 | D22: =all!D138 -> 18 | E22: =all!E138 -> 0.48648649 | F22: =all!F138 -> 76 | G22: =all!G138 -> 0.39378238 | H22: =all!H138 -> 443 | I22: =all!I138 -> 0.50226757 | ... O22: =all!O138 -> 0.48024316
A23: Good | B23: =all!B139 -> 202 | C23: =all!C139 -> 0.42259414 | D23: =all!D139 -> 18 | E23: =all!E139 -> 0.48648649 | F23: =all!F139 -> 84 | G23: =all!G139 -> 0.43523316 | H23: =all!H139 -> 386 | I23: =all!I139 -> 0.43764172 | ... O23: =all!O139 -> 0.44275583
A24: Poor | B24: =all!B140 -> 20 | C24: =all!C140 -> 0.041841004 | D24: =all!D140 -> 1 | E24: =all!E140 -> 0.027027027 | F24: =all!F140 -> 25 | G24: =all!G140 -> 0.12953368 | H24: =all!H140 -> 46 | I24: =all!I140 -> 0.052154195 | ... O24: =all!O140 -> 0.065518406
A25: Very poor | B25: =all!B141 -> 2 | C25: =all!C141 -> 0.0041841004 | D25: =all!D141 -> 0 | E25: =all!E141 -> 0 | F25: =all!F141 -> 8 | G25: =all!G141 -> 0.041450777 | H25: =all!H141 -> 7 | I25: =all!I141 -> 0.0079365079 | ... O25: =all!O141 -> 0.011482607
A26: Total | B26: =all!B142 -> 478 | C26: =all!C142 -> 1 | D26: =all!D142 -> 37 | E26: =all!E142 -> 1 | F26: =all!F142 -> 193 | G26: =all!G142 -> 1 | H26: =all!H142 -> 882 | I26: =all!I142 -> 1 | ... O26: =all!O142 -> 1
A27: Percent of Good or Very Good | C27: =all!C143 -> 0.9539749 | E27: =all!E143 -> 0.97297297 | G27: =all!G143 -> 0.82901554 | I27: =all!I143 -> 0.9399093 | K27: =all!K143 -> 0.89638554 | M27: =all!M143 -> 0.92050209 | O27: =all!O143 -> 0.92299899
A29: =all!A145 -> Content of course(s) | B29: Boulder Cty | D29: Brighton | F29: CCCS Onl | H29: Larimer | J29: FRCC Onl | L29: Westminster | N29: Total
A30: Very good | B30: =all!B146 -> 240 | C30: =all!C146 -> 0.50209205 | D30: =all!D146 -> 19 | E30: =all!E146 -> 0.54285714 | F30: =all!F146 -> 71 | G30: =all!G146 -> 0.36787565 | H30: =all!H146 -> 393 | I30: =all!I146 -> 0.44457014 | ... O30: =all!O146 -> 0.44474485
A31: Good | B31: =all!B147 -> 223 | C31: =all!C147 -> 0.4665272 | D31: =all!D147 -> 15 | E31: =all!E147 -> 0.42857143 | F31: =all!F147 -> 103 | G31: =all!G147 -> 0.53367876 | H31: =all!H147 -> 460 | I31: =all!I147 -> 0.52036199 | ... O31: =all!O147 -> 0.51165934
A32: Poor | B32: =all!B148 -> 12 | C32: =all!C148 -> 0.025104603 | D32: =all!D148 -> 1 | E32: =all!E148 -> 0.028571429 | F32: =all!F148 -> 15 | G32: =all!G148 -> 0.077720207 | H32: =all!H148 -> 27 | I32: =all!I148 -> 0.030542986 | ... O32: =all!O148 -> 0.035147009
A33: Very poor | B33: =all!B149 -> 3 | C33: =all!C149 -> 0.0062761506 | D33: =all!D149 -> 0 | E33: =all!E149 -> 0 | F33: =all!F149 -> 4 | G33: =all!G149 -> 0.020725389 | H33: =all!H149 -> 4 | I33: =all!I149 -> 0.0045248869 | ... O33: =all!O149 -> 0.0084488003
A34: Total | B34: =all!B150 -> 478 | C34: =all!C150 -> 1 | D34: =all!D150 -> 35 | E34: =all!E150 -> 1 | F34: =all!F150 -> 193 | G34: =all!G150 -> 1 | H34: =all!H150 -> 884 | I34: =all!I150 -> 1 | ... O34: =all!O150 -> 1
A35: Percent of Good or Very Good | C35: =all!C151 -> 0.96861925 | E35: =all!E151 -> 0.97142857 | G35: =all!G151 -> 0.9015544 | I35: =all!I151 -> 0.96493213 | K35: =all!K151 -> 0.94698795 | M35: =all!M151 -> 0.95702306 | O35: =all!O151 -> 0.95640419
A37: =all!A153 -> Instructional methods | B37: Boulder Cty | D37: Brighton | F37: CCCS Onl | H37: Larimer | J37: FRCC Onl | L37: Westminster | N37: Total
A38: Very good | B38: =all!B154 -> 198 | C38: =all!C154 -> 0.41422594 | D38: =all!D154 -> 14 | E38: =all!E154 -> 0.38888889 | F38: =all!F154 -> 56 | G38: =all!G154 -> 0.29015544 | H38: =all!H154 -> 340 | I38: =all!I154 -> 0.38548753 | ... O38: =all!O154 -> 0.37876226
A39: Good | B39: =all!B155 -> 241 | C39: =all!C155 -> 0.5041841 | D39: =all!D155 -> 19 | E39: =all!E155 -> 0.52777778 | F39: =all!F155 -> 105 | G39: =all!G155 -> 0.54404145 | H39: =all!H155 -> 465 | I39: =all!I155 -> 0.52721088 | ... O39: =all!O155 -> 0.51504904
A40: Poor | B40: =all!B156 -> 36 | C40: =all!C156 -> 0.075313808 | D40: =all!D156 -> 2 | E40: =all!E156 -> 0.055555556 | F40: =all!F156 -> 23 | G40: =all!G156 -> 0.11917098 | H40: =all!H156 -> 68 | I40: =all!I156 -> 0.077097506 | ... O40: =all!O156 -> 0.086574231
A41: Very poor | B41: =all!B157 -> 3 | C41: =all!C157 -> 0.0062761506 | D41: =all!D157 -> 1 | E41: =all!E157 -> 0.027777778 | F41: =all!F157 -> 9 | G41: =all!G157 -> 0.046632124 | H41: =all!H157 -> 9 | I41: =all!I157 -> 0.010204082 | ... O41: =all!O157 -> 0.019614474
A42: Total | B42: =all!B158 -> 478 | C42: =all!C158 -> 1 | D42: =all!D158 -> 36 | E42: =all!E158 -> 1 | F42: =all!F158 -> 193 | G42: =all!G158 -> 1 | H42: =all!H158 -> 882 | I42: =all!I158 -> 1 | ... O42: =all!O158 -> 1
A43: Percent of Good or Very Good | C43: =all!C159 -> 0.91841004 | E43: =all!E159 -> 0.91666667 | G43: =all!G159 -> 0.83419689 | I43: =all!I159 -> 0.91269841 | K43: =all!K159 -> 0.87651332 | M43: =all!M159 -> 0.88272251 | O43: =all!O159 -> 0.8938113
A45: =all!A161 -> Testing and grading | B45: Boulder Cty | D45: Brighton | F45: CCCS Onl | H45: Larimer | J45: FRCC Onl | L45: Westminster | N45: Total
A46: Very good | B46: =all!B162 -> 197 | C46: =all!C162 -> 0.41213389 | D46: =all!D162 -> 16 | E46: =all!E162 -> 0.43243243 | F46: =all!F162 -> 59 | G46: =all!G162 -> 0.30729167 | H46: =all!H162 -> 320 | I46: =all!I162 -> 0.36281179 | ... O46: =all!O162 -> 0.36993243
A47: Good | B47: =all!B163 -> 248 | C47: =all!C163 -> 0.51882845 | D47: =all!D163 -> 18 | E47: =all!E163 -> 0.48648649 | F47: =all!F163 -> 105 | G47: =all!G163 -> 0.546875 | H47: =all!H163 -> 480 | I47: =all!I163 -> 0.54421769 | ... O47: =all!O163 -> 0.53141892
A48: Poor | B48: =all!B164 -> 28 | C48: =all!C164 -> 0.058577406 | D48: =all!D164 -> 3 | E48: =all!E164 -> 0.081081081 | F48: =all!F164 -> 20 | G48: =all!G164 -> 0.10416667 | H48: =all!H164 -> 69 | I48: =all!I164 -> 0.078231293 | ... O48: =all!O164 -> 0.081418919
A49: Very poor | B49: =all!B165 -> 5 | C49: =all!C165 -> 0.010460251 | D49: =all!D165 -> 0 | E49: =all!E165 -> 0 | F49: =all!F165 -> 8 | G49: =all!G165 -> 0.041666667 | H49: =all!H165 -> 13 | I49: =all!I165 -> 0.014739229 | ... O49: =all!O165 -> 0.01722973
A50: Total | B50: =all!B166 -> 478 | C50: =all!C166 -> 1 | D50: =all!D166 -> 37 | E50: =all!E166 -> 1 | F50: =all!F166 -> 192 | G50: =all!G166 -> 1 | H50: =all!H166 -> 882 | I50: =all!I166 -> 1 | ... O50: =all!O166 -> 1
A51: Percent of Good or Very Good | C51: =all!C167 -> 0.93096234 | E51: =all!E167 -> 0.91891892 | G51: =all!G167 -> 0.85416667 | I51: =all!I167 -> 0.90702948 | K51: =all!K167 -> 0.87710843 | M51: =all!M167 -> 0.90062762 | O51: =all!O167 -> 0.90135135
A53: =all!A169 -> Class size | B53: Boulder Cty | D53: Brighton | F53: CCCS Onl | H53: Larimer | J53: FRCC Onl | L53: Westminster | N53: Total
A54: Very good | B54: =all!B170 -> 305 | C54: =all!C170 -> 0.63807531 | D54: =all!D170 -> 26 | E54: =all!E170 -> 0.7027027 | F54: =all!F170 -> 81 | G54: =all!G170 -> 0.43085106 | H54: =all!H170 -> 526 | I54: =all!I170 -> 0.59772727 | ... O54: =all!O170 -> 0.56474576
A55: Good | B55: =all!B171 -> 168 | C55: =all!C171 -> 0.35146444 | D55: =all!D171 -> 10 | E55: =all!E171 -> 0.27027027 | F55: =all!F171 -> 105 | G55: =all!G171 -> 0.55851064 | H55: =all!H171 -> 336 | I55: =all!I171 -> 0.38181818 | ... O55: =all!O171 -> 0.41491525
A56: Poor | B56: =all!B172 -> 5 | C56: =all!C172 -> 0.010460251 | D56: =all!D172 -> 0 | E56: =all!E172 -> 0 | F56: =all!F172 -> 1 | G56: =all!G172 -> 0.0053191489 | H56: =all!H172 -> 13 | I56: =all!I172 -> 0.014772727 | ... O56: =all!O172 -> 0.015932203
A57: Very poor | B57: =all!B173 -> 0 | C57: =all!C173 -> 0 | D57: =all!D173 -> 1 | E57: =all!E173 -> 0.027027027 | F57: =all!F173 -> 1 | G57: =all!G173 -> 0.0053191489 | H57: =all!H173 -> 5 | I57: =all!I173 -> 0.0056818182 | ... O57: =all!O173 -> 0.0044067797
A58: Total | B58: =all!B174 -> 478 | C58: =all!C174 -> 1 | D58: =all!D174 -> 37 | E58: =all!E174 -> 1 | F58: =all!F174 -> 188 | G58: =all!G174 -> 1 | H58: =all!H174 -> 880 | I58: =all!I174 -> 1 | ... O58: =all!O174 -> 1
A59: Percent of Good or Very Good | C59: =all!C175 -> 0.98953975 | E59: =all!E175 -> 0.97297297 | G59: =all!G175 -> 0.9893617 | I59: =all!I175 -> 0.97954545 | K59: =all!K175 -> 0.98300971 | M59: =all!M175 -> 0.97172775 | O59: =all!O175 -> 0.97966102
A61: =all!A177 -> Course availability | B61: Boulder Cty | D61: Brighton | F61: CCCS Onl | H61: Larimer | J61: FRCC Onl | L61: Westminster | N61: Total
A62: Very good | B62: =all!B178 -> 172 | C62: =all!C178 -> 0.35983264 | D62: =all!D178 -> 14 | E62: =all!E178 -> 0.38888889 | F62: =all!F178 -> 64 | G62: =all!G178 -> 0.33507853 | H62: =all!H178 -> 253 | I62: =all!I178 -> 0.2875 | ... O62: =all!O178 -> 0.30735344
A63: Good | B63: =all!B179 -> 228 | C63: =all!C179 -> 0.47698745 | D63: =all!D179 -> 16 | E63: =all!E179 -> 0.44444444 | F63: =all!F179 -> 108 | G63: =all!G179 -> 0.56544503 | H63: =all!H179 -> 446 | I63: =all!I179 -> 0.50681818 | ... O63: =all!O179 -> 0.50254151
A64: Poor | B64: =all!B180 -> 67 | C64: =all!C180 -> 0.14016736 | D64: =all!D180 -> 5 | E64: =all!E180 -> 0.13888889 | F64: =all!F180 -> 13 | G64: =all!G180 -> 0.068062827 | H64: =all!H180 -> 150 | I64: =all!I180 -> 0.17045455 | ... O64: =all!O180 -> 0.16164012
A65: Very poor | B65: =all!B181 -> 11 | C65: =all!C181 -> 0.023012552 | D65: =all!D181 -> 1 | E65: =all!E181 -> 0.027777778 | F65: =all!F181 -> 6 | G65: =all!G181 -> 0.031413613 | H65: =all!H181 -> 31 | I65: =all!I181 -> 0.035227273 | ... O65: =all!O181 -> 0.028464927
A66: Total | B66: =all!B182 -> 478 | C66: =all!C182 -> 1 | D66: =all!D182 -> 36 | E66: =all!E182 -> 1 | F66: =all!F182 -> 191 | G66: =all!G182 -> 1 | H66: =all!H182 -> 880 | I66: =all!I182 -> 1 | ... O66: =all!O182 -> 1
A67: Percent of Good or Very Good | C67: =all!C183 -> 0.83682008 | E67: =all!E183 -> 0.83333333 | G67: =all!G183 -> 0.90052356 | I67: =all!I183 -> 0.79431818 | K67: =all!K183 -> 0.84261501 | M67: =all!M183 -> 0.7775446 | O67: =all!O183 -> 0.80989495
A69: =all!A185 -> Overall Evaluation of Instruction | B69: Boulder Cty | D69: Brighton | F69: CCCS Onl | H69: Larimer | J69: FRCC Onl | L69: Westminster | N69: Total
A70: Very good | B70: =all!B186 -> 238 | C70: =all!C186 -> 0.49583333 | D70: =all!D186 -> 18 | E70: =all!E186 -> 0.48648649 | F70: =all!F186 -> 59 | G70: =all!G186 -> 0.31052632 | H70: =all!H186 -> 403 | I70: =all!I186 -> 0.4569161 | ... O70: =all!O186 -> 0.43504736
A71: Good | B71: =all!B187 -> 226 | C71: =all!C187 -> 0.47083333 | D71: =all!D187 -> 15 | E71: =all!E187 -> 0.40540541 | F71: =all!F187 -> 111 | G71: =all!G187 -> 0.58421053 | H71: =all!H187 -> 439 | I71: =all!I187 -> 0.49773243 | ... O71: =all!O187 -> 0.51184032
A72: Poor | B72: =all!B188 -> 12 | C72: =all!C188 -> 0.025 | D72: =all!D188 -> 4 | E72: =all!E188 -> 0.10810811 | F72: =all!F188 -> 13 | G72: =all!G188 -> 0.068421053 | H72: =all!H188 -> 29 | I72: =all!I188 -> 0.032879819 | ... O72: =all!O188 -> 0.039918809
A73: Very poor | B73: =all!B189 -> 4 | C73: =all!C189 -> 0.0083333333 | D73: =all!D189 -> 0 | E73: =all!E189 -> 0 | F73: =all!F189 -> 7 | G73: =all!G189 -> 0.036842105 | H73: =all!H189 -> 11 | I73: =all!I189 -> 0.012471655 | ... O73: =all!O189 -> 0.013193505
A74: Total | B74: =all!B190 -> 480 | C74: =all!C190 -> 1 | D74: =all!D190 -> 37 | E74: =all!E190 -> 1 | F74: =all!F190 -> 190 | G74: =all!G190 -> 1 | H74: =all!H190 -> 882 | I74: =all!I190 -> 1 | ... O74: =all!O190 -> 1
A75: Percent of Good or Very Good | C75: =all!C191 -> 0.96666667 | E75: =all!E191 -> 0.89189189 | G75: =all!G191 -> 0.89473684 | I75: =all!I191 -> 0.95464853 | K75: =all!K191 -> 0.93946731 | M75: =all!M191 -> 0.94549266 | O75: =all!O191 -> 0.94688769

Sheet Pers Grow
A1: Survey of all Currently enrolled students Fall 2012 -- Evaluate Personal Growth
A2: The only question that fell below 90% satisfaction was Math abilities
A4: EVALUATE PERSONAL GROWTH
A5: =all!A194 -> Ability to organize ideas | B5: Boulder Cty | D5: Brighton | F5: CCCS Onl | H5: Larimer | J5: FRCC Onl | L5: Westminster | N5: Total | Q5: EVALUATE FRCC INSTRUCTION | R5: Boulder Cty | S5: Brighton | T5: CCCS Onl | U5: Larimer | V5: FRCC Onl | W5: Westminster | X5: Total
A6: =all!A195 -> Very satisfied | B6: =all!B195 -> 107 | C6: =all!C195 -> 0.30571429 | D6: =all!D195 -> 8 | E6: =all!E195 -> 0.25806452 | F6: =all!F195 -> 42 | G6: =all!G195 -> 0.30215827 | H6: =all!H195 -> 230 | ... O6: =all!O195 -> 0.3414966 | Q6: =A5 -> Ability to organize ideas | R6: =C11 -> 0.94285714 | S6: =E11 -> 0.96774194 | T6: =G11 -> 0.95683453 | U6: =I11 -> 0.95776772 | V6: =K11 -> 0.97068404 | W6: =M11 -> 0.95244755 | X6: =O11 -> 0.95555556
A7: =all!A196 -> Satisfied | B7: =all!B196 -> 223 | C7: =all!C196 -> 0.63714286 | D7: =all!D196 -> 22 | E7: =all!E196 -> 0.70967742 | F7: =all!F196 -> 91 | G7: =all!G196 -> 0.65467626 | H7: =all!H196 -> 405 | ... O7: =all!O196 -> 0.61405896 | Q7: =A13 -> Ability to think critically | R7: =C19 -> 0.95639535 | S7: =E19 -> 0.96666667 | T7: =G19 -> 0.95555556 | U7: =I19 -> 0.95945946 | V7: =K19 -> 0.96825397 | W7: =M19 -> 0.95524476 | X7: =O19 -> 0.95873016
A8: =all!A197 -> Dissatisfied | B8: =all!B197 -> 20 | C8: =all!C197 -> 0.057142857 | D8: =all!D197 -> 1 | E8: =all!E197 -> 0.032258065 | F8: =all!F197 -> 6 | G8: =all!G197 -> 0.043165468 | H8: =all!H197 -> 25 | ... O8: =all!O197 -> 0.041723356 | Q8: =A21 -> Ability to write with clarity | R8: =C27 -> 0.93215339 | S8: =E27 -> 0.875 | T8: =G27 -> 0.93571429 | U8: =I27 -> 0.93500739 | V8: =K27 -> 0.94603175 | W8: =M27 -> 0.93681319 | X8: =O27 -> 0.93590318
A9: =all!A198 -> Very dissatisfied | B9: =all!B198 -> 0 | C9: =all!C198 -> 0 | D9: =all!D198 -> 0 | E9: =all!E198 -> 0 | F9: =all!F198 -> 0 | G9: =all!G198 -> 0 | H9: =all!H198 -> 3 | ... O9: =all!O198 -> 0.0027210884 | Q9: =A29 -> Ability to speak with clarity | R9: =C35 -> 0.93235294 | S9: =E35 -> 0.90322581 | T9: =G35 -> 0.93430657 | U9: =I35 -> 0.94680851 | V9: =K35 -> 0.95192308 | W9: =M35 -> 0.92468619 | X9: =O35 -> 0.93667426
A10: Total | B10: =all!B199 -> 350 | C10: =all!C199 -> 1 | D10: =all!D199 -> 31 | E10: =all!E199 -> 1 | F10: =all!F199 -> 139 | G10: =all!G199 -> 1 | H10: =all!H199 -> 663 | I10: =all!I199 -> 1 | ... O10: =all!O199 -> 1 | Q10: =A37 -> Ability and skills in problem solving | R10: =C43 -> 0.94428152 | S10: =E43 -> 0.90322581 | T10: =G43 -> 0.96946565 | U10: =I43 -> 0.95684524 | V10: =K43 -> 0.95145631 | W10: =M43 -> 0.94182825 | X10: =O43 -> 0.94922937
A11: Percent of Satisfied or Very Satisfied | C11: =SUM(C6:C7) -> 0.94285714 | E11: =SUM(E6:E7) -> 0.96774194 | G11: =SUM(G6:G7) -> 0.95683453 | I11: =SUM(I6:I7) -> 0.95776772 | K11: =SUM(K6:K7) -> 0.97068404 | M11: =SUM(M6:M7) -> 0.95244755 | O11: =SUM(O6:O7) -> 0.95555556 | Q11: =A45 -> Knowledge of methods & achievements in the social sciences | R11: =C51 -> 0.93055556 | S11: =E51 -> 0.96774194 | T11: =G51 -> 0.95620438 | U11: =I51 -> 0.92927864 | V11: =K51 -> 0.94476744 | W11: =M51 -> 0.90105541 | X11: =O51 -> 0.92468977
Q12: =A53 -> Knowledge of methods & achievements in science | R12: =C59 -> 0.9027027 | S12: =E59 -> 0.89285714 | T12: =G59 -> 0.90909091 | U12: =I59 -> 0.90055249 | V12: =K59 -> 0.91540785 | W12: =M59 -> 0.86804657 | X12: =O59 -> 0.89278176
A13: =all!A202 -> Ability to think critically | B13: Boulder Cty | D13: Brighton | F13: CCCS Onl | H13: Larimer | J13: FRCC Onl | L13: Westminster | N13: Total | Q13: =A61 -> Knowledge & skills in mathematics | R13: =C67 -> 0.85082873 | S13: =E67 -> 0.87096774 | T13: =G67 -> 0.89333333 | U13: =I67 -> 0.84195804 | V13: =K67 -> 0.87869822 | W13: =M67 -> 0.83118557 | X13: =O67 -> 0.84865093
A14: =all!A203 -> Very satisfied | B14: =all!B203 -> 118 | C14: =all!C203 -> 0.34302326 | D14: =all!D203 -> 6 | E14: =all!E203 -> 0.2 | F14: =all!F203 -> 49 | G14: =all!G203 -> 0.36296296 | H14: =all!H203 -> 259 | ... O14: =all!O203 -> 0.37369615 | Q14: =A69 -> Awareness & appreciation of the arts and humanities | R14: =C75 -> 0.93162393 | S14: =E75 -> 0.93333333 | T14: =G75 -> 0.94160584 | U14: =I75 -> 0.94023324 | V14: =K75 -> 0.93230769 | W14: =M75 -> 0.89509537 | X14: =O75 -> 0.92311091
A15: =all!A204 -> Satisfied | B15: =all!B204 -> 211 | C15: =all!C204 -> 0.61337209 | D15: =all!D204 -> 23 | E15: =all!E204 -> 0.76666667 | F15: =all!F204 -> 80 | G15: =all!G204 -> 0.59259259 | H15: =all!H204 -> 380 | ... O15: =all!O204 -> 0.58503401 | Q15: =A77 -> Awareness & understanding of ethics | R15: =C83 -> 0.93678161 | S15: =E83 -> 0.93333333 | T15: =G83 -> 0.94615385 | U15: =I83 -> 0.93645991 | V15: =K83 -> 0.95015576 | W15: =M83 -> 0.91725105 | X15: =O83 -> 0.93281888
A16: =all!A205 -> Dissatisfied | B16: =all!B205 -> 15 | C16: =all!C205 -> 0.043604651 | D16: =all!D205 -> 1 | E16: =all!E205 -> 0.033333333 | F16: =all!F205 -> 6 | G16: =all!G205 -> 0.044444444 | H16: =all!H205 -> 22 | ... O16: =all!O205 -> 0.036281179
A17: =all!A206 -> Very dissatisfied | B17: =all!B206 -> 0 | C17: =all!C206 -> 0 | D17: =all!D206 -> 0 | E17: =all!E206 -> 0 | F17: =all!F206 -> 0 | G17: =all!G206 -> 0 | H17: =all!H206 -> 5 | ... O17: =all!O206 -> 0.0049886621
A18: Total | B18: =all!B207 -> 344 | C18: =all!C207 -> 1 | D18: =all!D207 -> 30 | E18: =all!E207 -> 1 | F18: =all!F207 -> 135 | G18: =all!G207 -> 1 | H18: =all!H207 -> 666 | I18: =all!I207 -> 1 | ... O18: =all!O207 -> 1
A19: Percent of Satisfied or Very Satisfied | C19: =SUM(C14:C15) -> 0.95639535 | E19: =SUM(E14:E15) -> 0.96666667 | G19: =SUM(G14:G15) -> 0.95555556 | I19: =SUM(I14:I15) -> 0.95945946 | K19: =SUM(K14:K15) -> 0.96825397 | M19: =SUM(M14:M15) -> 0.95524476 | O19: =SUM(O14:O15) -> 0.95873016
A21: =all!A210 -> Ability to write with clarity | B21: Boulder Cty | D21: Brighton | F21: CCCS Onl | H21: Larimer | J21: FRCC Onl | L21: Westminster | N21: Total
A22: =all!A211 -> Very satisfied | B22: =all!B211 -> 118 | C22: =all!C211 -> 0.3480826 | D22: =all!D211 -> 9 | E22: =all!E211 -> 0.28125 | F22: =all!F211 -> 45 | G22: =all!G211 -> 0.32142857 | H22: =all!H211 -> 240 | ... O22: =all!O211 -> 0.35992828
A23: =all!A212 -> Satisfied | B23: =all!B212 -> 198 | C23: =all!C212 -> 0.5840708 | D23: =all!D212 -> 19 | E23: =all!E212 -> 0.59375 | F23: =all!F212 -> 86 | G23: =all!G212 -> 0.61428571 | H23: =all!H212 -> 393 | ... O23: =all!O212 -> 0.5759749
A24: =all!A213 -> Dissatisfied | B24: =all!B213 -> 22 | C24: =all!C213 -> 0.064896755 | D24: =all!D213 -> 3 | E24: =all!E213 -> 0.09375 | F24: =all!F213 -> 8 | G24: =all!G213 -> 0.057142857 | H24: =all!H213 -> 39 | ... O24: =all!O213 -> 0.056925146
A25: =all!A214 -> Very dissatisfied | B25: =all!B214 -> 1 | C25: =all!C214 -> 0.0029498525 | D25: =all!D214 -> 1 | E25: =all!E214 -> 0.03125 | F25: =all!F214 -> 1 | G25: =all!G214 -> 0.0071428571 | H25: =all!H214 -> 5 | ... O25: =all!O214 -> 0.0071716719
A26: Total | B26: =all!B215 -> 339 | C26: =all!C215 -> 1 | D26: =all!D215 -> 32 | E26: =all!E215 -> 1 | F26: =all!F215 -> 140 | G26: =all!G215 -> 1 | H26: =all!H215 -> 677 | I26: =all!I215 -> 1 | ... O26: =all!O215 -> 1
A27: Percent of Satisfied or Very Satisfied | C27: =SUM(C22:C23) -> 0.93215339 | E27: =SUM(E22:E23) -> 0.875 | G27: =SUM(G22:G23) -> 0.93571429 | I27: =SUM(I22:I23) -> 0.93500739 | K27: =SUM(K22:K23) -> 0.94603175 | M27: =SUM(M22:M23) -> 0.93681319 | O27: =SUM(O22:O23) -> 0.93590318
A29: =all!A218 -> Ability to speak with clarity | B29: Boulder Cty | D29: Brighton | F29: CCCS Onl | H29: Larimer | J29: FRCC Onl | L29: Westminster | N29: Total
A30: =all!A219 -> Very satisfied | B30: =all!B219 -> 103 | C30: =all!C219 -> 0.30294118 | D30: =all!D219 -> 7 | E30: =all!E219 -> 0.22580645 | F30: =all!F219 -> 39 | G30: =all!G219 -> 0.28467153 | H30: =all!H219 -> 231 | ... O30: =all!O219 -> 0.34031891
A31: =all!A220 -> Satisfied | B31: =all!B220 -> 214 | C31: =all!C220 -> 0.62941176 | D31: =all!D220 -> 21 | E31: =all!E220 -> 0.67741935 | F31: =all!F220 -> 89 | G31: =all!G220 -> 0.64963504 | H31: =all!H220 -> 392 | ... O31: =all!O220 -> 0.59635535
A32: =all!A221 -> Dissatisfied | B32: =all!B221 -> 23 | C32: =all!C221 -> 0.067647059 | D32: =all!D221 -> 3 | E32: =all!E221 -> 0.096774194 | F32: =all!F221 -> 8 | G32: =all!G221 -> 0.058394161 | H32: =all!H221 -> 32 | ... O32: =all!O221 -> 0.056492027
A33: =all!A222 -> Very dissatisfied | B33: =all!B222 -> 0 | C33: =all!C222 -> 0 | D33: =all!D222 -> 0 | E33: =all!E222 -> 0 | F33: =all!F222 -> 1 | G33: =all!G222 -> 0.0072992701 | H33: =all!H222 -> 3 | ... O33: =all!O222 -> 0.006833713
A34: Total | B34: =all!B223 -> 340 | C34: =all!C223 -> 1 | D34: =all!D223 -> 31 | E34: =all!E223 -> 1 | F34: =all!F223 -> 137 | G34: =all!G223 -> 1 | H34: =all!H223 -> 658 | I34: =all!I223 -> 1 | ... O34: =all!O223 -> 1
A35: Percent of Satisfied or Very Satisfied | C35: =SUM(C30:C31) -> 0.93235294 | E35: =SUM(E30:E31) -> 0.90322581 | G35: =SUM(G30:G31) -> 0.93430657 | I35: =SUM(I30:I31) -> 0.94680851 | K35: =SUM(K30:K31) -> 0.95192308 | M35: =SUM(M30:M31) -> 0.92468619 | O35: =SUM(O30:O31) -> 0.93667426
A37: =all!A226 -> Ability and skills in problem solving | B37: Boulder Cty | D37: Brighton | F37: CCCS Onl | H37: Larimer | J37: FRCC Onl | L37: Westminster | N37: Total
A38: =all!A227 -> Very satisfied | B38: =all!B227 -> 104 | C38: =all!C227 -> 0.30498534 | D38: =all!D227 -> 6 | E38: =all!E227 -> 0.19354839 | F38: =all!F227 -> 44 | G38: =all!G227 -> 0.33587786 | H38: =all!H227 -> 246 | ... O38: =all!O227 -> 0.35539438
A39: =all!A228 -> Satisfied | B39: =all!B228 -> 218 | C39: =all!C228 -> 0.63929619 | D39: =all!D228 -> 22 | E39: =all!E228 -> 0.70967742 | F39: =all!F228 -> 83 | G39: =all!G228 -> 0.63358779 | H39: =all!H228 -> 397 | ... O39: =all!O228 -> 0.593835
A40: =all!A229 -> Dissatisfied | B40: =all!B229 -> 18 | C40: =all!C229 -> 0.052785924 | D40: =all!D229 -> 2 | E40: =all!E229 -> 0.064516129 | F40: =all!F229 -> 4 | G40: =all!G229 -> 0.030534351 | H40: =all!H229 -> 24 | ... O40: =all!O229 -> 0.04306437
A41: =all!A230 -> Very dissatisfied | B41: =all!B230 -> 1 | C41: =all!C230 -> 0.0029325513 | D41: =all!D230 -> 1 | E41: =all!E230 -> 0.032258065 | F41: =all!F230 -> 0 | G41: =all!G230 -> 0 | H41: =all!H230 -> 5 | ... O41: =all!O230 -> 0.0077062557
A42: Total | B42: =all!B231 -> 341 | C42: =all!C231 -> 1 | D42: =all!D231 -> 31 | E42: =all!E231 -> 1 | F42: =all!F231 -> 131 | G42: =all!G231 -> 1 | H42: =all!H231 -> 672 | I42: =all!I231 -> 1 | ... O42: =all!O231 -> 1
A43: Percent of Satisfied or Very Satisfied | C43: =SUM(C38:C39) -> 0.94428152 | E43: =SUM(E38:E39) -> 0.90322581 | G43: =SUM(G38:G39) -> 0.96946565 | I43: =SUM(I38:I39) -> 0.95684524 | K43: =SUM(K38:K39) -> 0.95145631 | M43: =SUM(M38:M39) -> 0.94182825 | O43: =SUM(O38:O39) -> 0.94922937
A45: =all!A234 -> Knowledge of methods & achievements in the social sciences | B45: Boulder Cty | D45: Brighton | F45: CCCS Onl | H45: Larimer | J45: FRCC Onl | L45: Westminster | N45: Total
A46: =all!A235 -> Very satisfied | B46: =all!B235 -> 103 | C46: =all!C235 -> 0.28611111 | D46: =all!D235 -> 8 | E46: =all!E235 -> 0.25806452 | F46: =all!F235 -> 40 | G46: =all!G235 -> 0.2919708 | H46: =all!H235 -> 226 | ... O46: =all!O235 -> 0.29867351
A47: =all!A236 -> Satisfied | B47: =all!B236 -> 232 | C47: =all!C236 -> 0.64444444 | D47: =all!D236 -> 22 | E47: =all!E236 -> 0.70967742 | F47: =all!F236 -> 91 | G47: =all!G236 -> 0.66423358 | H47: =all!H236 -> 431 | ... O47: =all!O236 -> 0.62601626
A48: =all!A237 -> Dissatisfied | B48: =all!B237 -> 22 | C48: =all!C237 -> 0.061111111 | D48: =all!D237 -> 1 | E48: =all!E237 -> 0.032258065 | F48: =all!F237 -> 6 | G48: =all!G237 -> 0.04379562 | H48: =all!H237 -> 40 | ... O48: =all!O237 -> 0.06504065
A49: =all!A238 -> Very dissatisfied | B49: =all!B238 -> 3 | C49: =all!C238 -> 0.0083333333 | D49: =all!D238 -> 0 | E49: =all!E238 -> 0 | F49: =all!F238 -> 0 | G49: =all!G238 -> 0 | H49: =all!H238 -> 10 | ... O49: =all!O238 -> 0.010269576
A50: Total | B50: =all!B239 -> 360 | C50: =all!C239 -> 1 | D50: =all!D239 -> 31 | E50: =all!E239 -> 1 | F50: =all!F239 -> 137 | G50: =all!G239 -> 1 | H50: =all!H239 -> 707 | I50: =all!I239 -> 1 | ... O50: =all!O239 -> 1
A51: Percent of Satisfied or Very Satisfied | C51: =SUM(C46:C47) -> 0.93055556 | E51: =SUM(E46:E47) -> 0.96774194 | G51: =SUM(G46:G47) -> 0.95620438 | I51: =SUM(I46:I47) -> 0.92927864 | K51: =SUM(K46:K47) -> 0.94476744 | M51: =SUM(M46:M47) -> 0.90105541 | O51: =SUM(O46:O47) -> 0.92468977
A53: =all!A242 -> Knowledge of methods & achievements in science | B53: Boulder Cty | D53: Brighton | F53: CCCS Onl | H53: Larimer | J53: FRCC Onl | L53: Westminster | N53: Total
A54: =all!A243 -> Very satisfied | B54: =all!B243 -> 94 | C54: =all!C243 -> 0.25405405 | D54: =all!D243 -> 5 | E54: =all!E243 -> 0.17857143 | F54: =all!F243 -> 36 | G54: =all!G243 -> 0.25174825 | H54: =all!H243 -> 216 | ... O54: =all!O243 -> 0.27100042
A55: =all!A244 -> Satisfied | B55: =all!B244 -> 240 | C55: =all!C244 -> 0.64864865 | D55: =all!D244 -> 20 | E55: =all!E244 -> 0.71428571 | F55: =all!F244 -> 94 | G55: =all!G244 -> 0.65734266 | H55: =all!H244 -> 436 | ... O55: =all!O244 -> 0.62178134
A56: =all!A245 -> Dissatisfied | B56: =all!B245 -> 31 | C56: =all!C245 -> 0.083783784 | D56: =all!D245 -> 3 | E56: =all!E245 -> 0.10714286 | F56: =all!F245 -> 13 | G56: =all!G245 -> 0.090909091 | H56: =all!H245 -> 59 | ... O56: =all!O245 -> 0.090333474
A57: =all!A246 -> Very dissatisfied | B57: =all!B246 -> 5 | C57: =all!C246 -> 0.013513514 | D57: =all!D246 -> 0 | E57: =all!E246 -> 0 | F57: =all!F246 -> 0 | G57: =all!G246 -> 0 | H57: =all!H246 -> 13 | ... O57: =all!O246 -> 0.016884762
A58: Total | B58: =all!B247 -> 370 | C58: =all!C247 -> 1 | D58: =all!D247 -> 28 | E58: =all!E247 -> 1 | F58: =all!F247 -> 143 | G58: =all!G247 -> 1 | H58: =all!H247 -> 724 | I58: =all!I247 -> 1 | ... O58: =all!O247 -> 1
A59: Percent of Satisfied or Very Satisfied | C59: =SUM(C54:C55) -> 0.9027027 | E59: =SUM(E54:E55) -> 0.89285714 | G59: =SUM(G54:G55) -> 0.90909091 | I59: =SUM(I54:I55) -> 0.90055249 | K59: =SUM(K54:K55) -> 0.91540785 | M59: =SUM(M54:M55) -> 0.86804657 | O59: =SUM(O54:O55) -> 0.89278176
A61: =all!A250 -> Knowledge & skills in mathematics | B61: Boulder Cty | D61: Brighton | F61: CCCS Onl | H61: Larimer | J61: FRCC Onl | L61: Westminster | N61: Total
A62: =all!A251 -> Very satisfied | B62: =all!B251 -> 101 | C62: =all!C251 -> 0.27900552 | D62: =all!D251 -> 8 | E62: =all!E251 -> 0.25806452 | F62: =all!F251 -> 30 | G62: =all!G251 -> 0.2 | H62: =all!H251 -> 212 | ... O62: =all!O251 -> 0.28667791
A63: =all!A252 -> Satisfied | B63: =all!B252 -> 207 | C63: =all!C252 -> 0.5718232 | D63: =all!D252 -> 19 | E63: =all!E252 -> 0.61290323 | F63: =all!F252 -> 104 | G63: =all!G252 -> 0.69333333 | H63: =all!H252 -> 390 | ... O63: =all!O252 -> 0.56197302
A64: =all!A253 -> Dissatisfied | B64: =all!B253 -> 45 | C64: =all!C253 -> 0.12430939 | D64: =all!D253 -> 4 | E64: =all!E253 -> 0.12903226 | F64: =all!F253 -> 14 | G64: =all!G253 -> 0.093333333 | H64: =all!H253 -> 81 | ... O64: =all!O253 -> 0.11509275
A65: =all!A254 -> Very dissatisfied | B65: =all!B254 -> 9 | C65: =all!C254 -> 0.024861878 | D65: =all!D254 -> 0 | E65: =all!E254 -> 0 | F65: =all!F254 -> 2 | G65: =all!G254 -> 0.013333333 | H65: =all!H254 -> 32 | ... O65: =all!O254 -> 0.036256324
A66: Total | B66: =all!B255 -> 362 | C66: =all!C255 -> 1 | D66: =all!D255 -> 31 | E66: =all!E255 -> 1 | F66: =all!F255 -> 150 | G66: =all!G255 -> 1 | H66: =all!H255 -> 715 | I66: =all!I255 -> 1 | ... O66: =all!O255 -> 1
A67: Percent of Satisfied or Very Satisfied | C67: =SUM(C62:C63) -> 0.85082873 | E67: =SUM(E62:E63) -> 0.87096774 | G67: =SUM(G62:G63) -> 0.89333333 | I67: =SUM(I62:I63) -> 0.84195804 | K67: =SUM(K62:K63) -> 0.87869822 | M67: =SUM(M62:M63) -> 0.83118557 | O67: =SUM(O62:O63) -> 0.84865093
A69: =all!A258 -> Awareness & appreciation of the arts and humanities | B69: Boulder Cty | D69: Brighton | F69: CCCS Onl | H69: Larimer | J69: FRCC Onl | L69: Westminster | N69: Total
A70: =all!A259 -> Very satisfied | B70: =all!B259 -> 115 | C70: =all!C259 -> 0.32763533 | D70: =all!D259 -> 8 | E70: =all!E259 -> 0.26666667 | F70: =all!F259 -> 38 | G70: =all!G259 -> 0.27737226 | H70: =all!H259 -> 219 | ... O70: =all!O259 -> 0.31506849
A71: =all!A260 -> Satisfied | B71: =all!B260 -> 212 | C71: =all!C260 -> 0.6039886 | D71: =all!D260 -> 20 | E71: =all!E260 -> 0.66666667 | F71: =all!F260 -> 91 | G71: =all!G260 -> 0.66423358 | H71: =all!H260 -> 426 | ... O71: =all!O260 -> 0.60804242
A72: =all!A261 -> Dissatisfied | B72: =all!B261 -> 21 | C72: =all!C261 -> 0.05982906 | D72: =all!D261 -> 2 | E72: =all!E261 -> 0.066666667 | F72: =all!F261 -> 8 | G72: =all!G261 -> 0.058394161 | H72: =all!H261 -> 31 | ... O72: =all!O261 -> 0.064516129
A73: =all!A262 -> Very dissatisfied | B73: =all!B262 -> 3 | C73: =all!C262 -> 0.0085470085 | D73: =all!D262 -> 0 | E73: =all!E262 -> 0 | F73: =all!F262 -> 0 | G73: =all!G262 -> 0 | H73: =all!H262 -> 10 | ... O73: =all!O262 -> 0.012372956
A74: Total | B74: =all!B263 -> 351 | C74: =all!C263 -> 1 | D74: =all!D263 -> 30 | E74: =all!E263 -> 1 | F74: =all!F263 -> 137 | G74: =all!G263 -> 1 | H74: =all!H263 -> 686 | I74: =all!I263 -> 1 | ... O74: =all!O263 -> 1
A75: Percent of Satisfied or Very Satisfied | C75: =SUM(C70:C71) -> 0.93162393 | E75: =SUM(E70:E71) -> 0.93333333 | G75: =SUM(G70:G71) -> 0.94160584 | I75: =SUM(I70:I71) -> 0.94023324 | K75: =SUM(K70:K71) -> 0.93230769 | M75: =SUM(M70:M71) -> 0.89509537 | O75: =SUM(O70:O71) -> 0.92311091
A77: =all!A266 -> Awareness & understanding of ethics | B77: Boulder Cty | D77: Brighton | F77: CCCS Onl | H77: Larimer | J77: FRCC Onl | L77: Westminster | N77: Total
A78: =all!A267 -> Very satisfied | B78: =all!B267 -> 123 | C78: =all!C267 -> 0.35344828 | D78: =all!D267 -> 11 | E78: =all!E267 -> 0.36666667 | F78: =all!F267 -> 36 | G78: =all!G267 -> 0.27692308 | H78: =all!H267 -> 230 | ... O78: =all!O267 -> 0.339537
A79: =all!A268 -> Satisfied | B79: =all!B268 -> 203 | C79: =all!C268 -> 0.58333333 | D79: =all!D268 -> 17 | E79: =all!E268 -> 0.56666667 | F79: =all!F268 -> 87 | G79: =all!G268 -> 0.66923077 | H79: =all!H268 -> 389 | ... O79: =all!O268 -> 0.59328189
A80: =all!A269 -> Dissatisfied | B80: =all!B269 -> 19 | C80: =all!C269 -> 0.054597701 | D80: =all!D269 -> 2 | E80: =all!E269 -> 0.066666667 | F80: =all!F269 -> 7 | G80: =all!G269 -> 0.053846154 | H80: =all!H269 -> 34 | ... O80: =all!O269 -> 0.057194734
A81: =all!A270 -> Very dissatisfied | B81: =all!B270 -> 3 | C81: =all!C270 -> 0.0086206897 | D81: =all!D270 -> 0 | E81: =all!E270 -> 0 | F81: =all!F270 -> 0 | G81: =all!G270 -> 0 | H81: =all!H270 -> 8 | ... O81: =all!O270 -> 0.0099863822
A82: Total | B82: =all!B271 -> 348 | C82: =all!C271 -> 1 | D82: =all!D271 -> 30 | E82: =all!E271 -> 1 | F82: =all!F271 -> 130 | G82: =all!G271 -> 1 | H82: =all!H271 -> 661 | I82: =all!I271 -> 1 | ... O82: =all!O271 -> 1
A83: Percent of Satisfied or Very Satisfied | C83: =SUM(C78:C79) -> 0.93678161 | E83: =SUM(E78:E79) -> 0.93333333 | G83: =SUM(G78:G79) -> 0.94615385 | I83: =SUM(I78:I79) -> 0.93645991 | K83: =SUM(K78:K79) -> 0.95015576 | M83: =SUM(M78:M79) -> 0.91725105 | O83: =SUM(O78:O79) -> 0.93281888

Sheet Eval Stud Serv
A1: Survey of all Currently enrolled students Fall 2012 -- Evaluate Student and Business services
A2: Academic Advising and Career Counseling had the lowest overall ratings
A4: EVALUATE STUDENT SERVICES
A5: =all!A275 -> Admission/registration procedures | B5: Boulder Cty | D5: Brighton | F5: CCCS Onl | H5: Larimer | J5: FRCC Onl | L5: Westminster | N5: Total | Q5: Evaluate FRCC Student Services | R5: Boulder Cty | S5: Brighton | T5: CCCS Onl | U5: Larimer | V5: FRCC Onl | W5: Westminster | X5: Total
A6: =all!A276 -> Very good | B6: =all!B276 -> 193 | C6: =all!C276 -> 0.43370787 | D6: =all!D276 -> 14 | E6: =all!E276 -> 0.4 | F6: =all!F276 -> 69 | G6: =all!G276 -> 0.39884393 | H6: =all!H276 -> 301 | ... O6: =all!O276 -> 0.40458849 | Q6: =A5 -> Admission/registration procedures | R6: =C11 -> 0.94382022 | S6: =E11 -> 0.91428571 | T6: =G11 -> 0.9132948 | U6: =I11 -> 0.91512915 | V6: =K11 -> 0.92802057 | W6: =M11 -> 0.91021324 | X6: =O11 -> 0.91988347
A7: =all!A277 -> Good | B7: =all!B277 -> 227 | C7: =all!C277 -> 0.51011236 | D7: =all!D277 -> 18 | E7: =all!E277 -> 0.51428571 | F7: =all!F277 -> 89 | G7: =all!G277 -> 0.51445087 | H7: =all!H277 -> 443 | ... O7: =all!O277 -> 0.51529497 | Q7: =A13 -> Career counseling | R7: =C19 -> 0.85159011 | S7: =E19 -> 0.93333333 | T7: =G19 -> 0.82 | U7: =I19 -> 0.75486381 | V7: =K19 -> 0.81276596 | W7: =M19 -> 0.7662116 | X7: =O19 -> 0.7889016
A8: =all!A278 -> Poor | B8: =all!B278 -> 19 | C8: =all!C278 -> 0.042696629 | D8: =all!D278 -> 3 | E8: =all!E278 -> 0.085714286 | F8: =all!F278 -> 8 | G8: =all!G278 -> 0.046242775 | H8: =all!H278 -> 42 | ... O8: =all!O278 -> 0.055353241 | Q8: =A21 -> Academic advising | R8: =C27 -> 0.84880637 | S8: =E27 -> 0.875 | T8: =G27 -> 0.78787879 | U8: =I27 -> 0.75539568 | V8: =K27 -> 0.80503145 | W8: =M27 -> 0.74837027 | X8: =O27 -> 0.77854373
A9: =all!A279 -> Very poor | B9: =all!B279 -> 6 | C9: =all!C279 -> 0.013483146 | D9: =all!D279 -> 0 | E9: =all!E279 -> 0 | F9: =all!F279 -> 7 | G9: =all!G279 -> 0.040462428 | H9: =all!H279 -> 27 | ... O9: =all!O279 -> 0.024763292 | Q9: =A29 -> Financial aid | R9: =C35 -> 0.86445783 | S9: =E35 -> 0.86666667 | T9: =G35 -> 0.8125 | U9: =I35 -> 0.84031008 | V9: =K35 -> 0.84690554 | W9: =M35 -> 0.82714286 | X9: =O35 -> 0.83920297
A10: =all!A280 -> Total | B10: =SUM(B6:B9) -> 445 | C10: =SUM(C6:C9) -> 1 | D10: =SUM(D6:D9) -> 35 | E10: =SUM(E6:E9) -> 1 | F10: =SUM(F6:F9) -> 173 | G10: =SUM(G6:G9) -> 1 | H10: =SUM(H6:H9) -> 813 | I10: =SUM(I6:I9) -> 1 | ... O10: =SUM(O6:O9) -> 1 | Q10: =A37 -> Veterans' services | R10: =C43 -> 0.96 | S10: =E43 -> 0.875 | T10: =G43 -> 0.91666667 | U10: =I43 -> 0.85987261 | V10: =K43 -> 0.91176471 | W10: =M43 -> 0.94482759 | X10: =O43 -> 0.91194969
A11: =all!A281 -> Percent of Good or Very Good | C11: =SUM(C6:C7) -> 0.94382022 | E11: =SUM(E6:E7) -> 0.91428571 | G11: =SUM(G6:G7) -> 0.9132948 | I11: =SUM(I6:I7) -> 0.91512915 | K11: =SUM(K6:K7) -> 0.92802057 | M11: =SUM(M6:M7) -> 0.91021324 | O11: =SUM(O6:O7) -> 0.91988347 | Q11: =A45 -> Student activities/life | R11: =C51 -> 0.94594595 | S11: =E51 -> 0.90909091 | T11: =G51 -> 1 | U11: =I51 -> 0.90566038 | V11: =K51 -> 0.8852459 | W11: =M51 -> 0.91666667 | X11: =O51 -> 0.91754386
Q12: =A53 -> Job placement | R12: =C59 -> 0.83116883 | S12: =E59 -> 0.85714286 | T12: =G59 -> 0.77777778 | U12: =I59 -> 0.85517241 | V12: =K59 -> 0.73770492 | W12: =M59 -> 0.76397516 | X12: =O59 -> 0.80082136
A13: =all!A283 -> Career counseling | B13: Boulder Cty | D13: Brighton | F13: CCCS Onl | H13: Larimer | J13: FRCC Onl | L13: Westminster | N13: Total | Q13: =A61 -> Special services | R13: =C67 -> 0.90625 | S13: =E67 -> 0.8 | T13: =G67 -> 0.94285714 | U13: =I67 -> 0.90857143 | V13: =K67 -> 0.85245902 | W13: =M67 -> 0.89175258 | X13: =O67 -> 0.8966725
A14: =all!A284 -> Very good | B14: =all!B284 -> 92 | C14: =all!C284 -> 0.32508834 | D14: =all!D284 -> 14 | E14: =all!E284 -> 0.46666667 | F14: =all!F284 -> 33 | G14: =all!G284 -> 0.33 | H14: =all!H284 -> 160 | ... O14: =all!O284 -> 0.3020595 | Q14: =A69 -> Library | R14: =C75 -> 0.90526316 | S14: =E75 -> 0.95652174 | T14: =G75 -> 0.97560976 | U14: =I75 -> 0.94856278 | V14: =K75 -> 0.97169811 | W14: =M75 -> 0.95827338 | X14: =O75 -> 0.9494382
A15: =all!A285 -> Good | B15: =all!B285 -> 149 | C15: =all!C285 -> 0.52650177 | D15: =all!D285 -> 14 | E15: =all!E285 -> 0.46666667 | F15: =all!F285 -> 49 | G15: =all!G285 -> 0.49 | H15: =all!H285 -> 228 | ... O15: =all!O285 -> 0.48684211 | Q15: =A77 -> Tutoring services | R15: =C83 -> 0.91489362 | S15: =E83 -> 1 | T15: =G83 -> 0.88888889 | U15: =I83 -> 0.87730061 | V15: =K83 -> 0.87068966 | W15: =M83 -> 0.88472622 | X15: =O83 -> 0.88803089
A16: =all!A286 -> Poor | B16: =all!B286 -> 36 | C16: =all!C286 -> 0.12720848 | D16: =all!D286 -> 1 | E16: =all!E286 -> 0.033333333 | F16: =all!F286 -> 12 | G16: =all!G286 -> 0.12 | H16: =all!H286 -> 94 | ... O16: =all!O286 -> 0.1624714 | Q16: =A85 -> Educational development courses/basic skills center | R16: =C91 -> 0.9516129 | S16: =E91 -> 0.92307692 | T16: =G91 -> 0.97368421 | U16: =I91 -> 0.92519685 | V16: =K91 -> 0.93023256 | W16: =M91 -> 0.95070423 | X16: =O91 -> 0.94117647
A17: =all!A287 -> Very poor | B17: =all!B287 -> 6 | C17: =all!C287 -> 0.021201413 | D17: =all!D287 -> 1 | E17: =all!E287 -> 0.033333333 | F17: =all!F287 -> 6 | G17: =all!G287 -> 0.06 | H17: =all!H287 -> 32 | ... O17: =all!O287 -> 0.048627002 | Q17: =A93 -> Overall Evaluation of Student Services | R17: =C99 -> 0.94629156 | S17: =E99 -> 0.87096774 | T17: =G99 -> 0.88590604 | U17: =I99 -> 0.91424802 | V17: =K99 -> 0.90532544 | W17: =M99 -> 0.90628853 | X17: =O99 -> 0.91323648
A18: =all!A288 -> Total | B18: =SUM(B14:B17) -> 283 | C18: =SUM(C14:C17) -> 1 | D18: =SUM(D14:D17) -> 30 | E18: =SUM(E14:E17) -> 1 | F18: =SUM(F14:F17) -> 100 | G18: =SUM(G14:G17) -> 1 | H18: =SUM(H14:H17) -> 514 | I18: =SUM(I14:I17) -> 1 | ... O18: =SUM(O14:O17) -> 1
A19: =all!A289 -> Percent of Good or Very Good | C19: =SUM(C14:C15) -> 0.85159011 | E19: =SUM(E14:E15) -> 0.93333333 | G19: =SUM(G14:G15) -> 0.82 | I19: =SUM(I14:I15) -> 0.75486381 | K19: =SUM(K14:K15) -> 0.81276596 | M19: =SUM(M14:M15) -> 0.7662116 | O19: =SUM(O14:O15) -> 0.7889016 | Q19: Evaluate FRCC Business Services | R19: Boulder Cty | S19: Brighton | T19: CCCS Onl | U19: Larimer | V19: FRCC Onl | W19: Westminster | X19: Total
Q20: =A102 -> Bookstore | R20: =C108 -> 0.8626506 | S20: =E108 -> 0.80645161 | T20: =G108 -> 0.86330935 | U20: =I108 -> 0.85479798 | V20: =K108 -> 0.86931818 | W20: =M108 -> 0.85535308 | X20: =O108 -> 0.85807442
A21: =all!A291 -> Academic advising | B21: Boulder Cty | D21: Brighton | F21: CCCS Onl | H21: Larimer | J21: FRCC Onl | L21: Westminster | N21: Total | Q21: =A110 -> Cashier | R21: =C116 -> 0.95454545 | S21: =E116 -> 0.86363636 | T21: =G116 -> 0.9380531 | U21: =I116 -> 0.93623639 | V21: =K116 -> 0.90769231 | W21: =M116 -> 0.95207668 | X21: =O116 -> 0.93965517
A22: =all!A292 -> Very good | B22: =all!B292 -> 130 | C22: =all!C292 -> 0.34482759 | D22: =all!D292 -> 14 | E22: =all!E292 -> 0.4375 | F22: =all!F292 -> 34 | G22: =all!G292 -> 0.25757576 | H22: =all!H292 -> 205 | ... O22: =all!O292 -> 0.2977165 | Q22: =A118 -> Food services | R22: =C124 -> 0.77542373 | S22: =E124 -> 0.6 | T22: =G124 -> 0.82142857 | U22: =I124 -> 0.81481481 | V22: =K124 -> 0.8442623 | W22: =M124 -> 0.80483271 | X22: =O124 -> 0.80640942
A23: =all!A293 -> Good | B23: =all!B293 -> 190 | C23: =all!C293 -> 0.50397878 | D23: =all!D293 -> 14 | E23: =all!E293 -> 0.4375 | F23: =all!F293 -> 70 | G23: =all!G293 -> 0.53030303 | H23: =all!H293 -> 320 | ... O23: =all!O293 -> 0.48082723 | Q23: =A126 -> Overall Evaluation of Business Services | R23: =C132 -> 0.95026178 | S23: =E132 -> 0.88461538 | T23: =G132 -> 0.89147287 | U23: =I132 -> 0.91321762 | V23: =K132 -> 0.89969605 | W23: =M132 -> 0.91381496 | X23: =O132 -> 0.91597338
A24: =all!A294 -> Poor | B24: =all!B294 -> 49 | C24: =all!C294 -> 0.12997347 | D24: =all!D294 -> 3 | E24: =all!E294 -> 0.09375 | F24: =all!F294 -> 19 | G24: =all!G294 -> 0.14393939 | H24: =all!H294 -> 122 | ... O24: =all!O294 -> 0.17147781
A25: =all!A295 -> Very poor | B25: =all!B295 -> 8 | C25: =all!C295 -> 0.021220159 | D25: =all!D295 -> 1 | E25: =all!E295 -> 0.03125 | F25: =all!F295 -> 9 | G25: =all!G295 -> 0.068181818 | H25: =all!H295 -> 48 | ... O25: =all!O295 -> 0.049978458
A26: =all!A296 -> Total | B26: =SUM(B22:B25) -> 377 | C26: =SUM(C22:C25) -> 1 | D26: =SUM(D22:D25) -> 32 | E26: =SUM(E22:E25) -> 1 | F26: =SUM(F22:F25) -> 132 | G26: =SUM(G22:G25) -> 1 | H26: =SUM(H22:H25) -> 695 | I26: =SUM(I22:I25) -> 1 | ... O26: =SUM(O22:O25) -> 1
A27: =all!A297 -> Percent of Good or Very Good | C27: =SUM(C22:C23) -> 0.84880637 | E27: =SUM(E22:E23) -> 0.875 | G27: =SUM(G22:G23) -> 0.78787879 | I27: =SUM(I22:I23) -> 0.75539568 | K27: =SUM(K22:K23) -> 0.80503145 | M27: =SUM(M22:M23) -> 0.74837027 | O27: =SUM(O22:O23) -> 0.77854373
A29: =all!A299 -> Financial aid | B29: Boulder Cty | D29: Brighton | F29: CCCS Onl | H29: Larimer | J29: FRCC Onl | L29: Westminster | N29: Total
A30: =all!A300 -> Very good | B30: =all!B300 -> 127 | C30: =all!C300 -> 0.38253012 | D30: =all!D300 -> 11 | E30: =all!E300 -> 0.36666667 | F30: =all!F300 -> 53 | G30: =all!G300 -> 0.36805556 | H30: =all!H300 -> 229 | ... O30: =all!O300 -> 0.36329935
A31: =all!A301 -> Good | B31: =all!B301 -> 160 | C31: =all!C301 -> 0.48192771 | D31: =all!D301 -> 15 | E31: =all!E301 -> 0.5 | F31: =all!F301 -> 64 | G31: =all!G301 -> 0.44444444 | H31: =all!H301 -> 313 | ... O31: =all!O301 -> 0.47590361
A32: =all!A302 -> Poor | B32: =all!B302 -> 30 | C32: =all!C302 -> 0.090361446 | D32: =all!D302 -> 3 | E32: =all!E302 -> 0.1 | F32: =all!F302 -> 15 | G32: =all!G302 -> 0.10416667 | H32: =all!H302 -> 61 | ... O32: =all!O302 -> 0.10148285
A33: =all!A303 -> Very poor | B33: =all!B303 -> 15 | C33: =all!C303 -> 0.045180723 | D33: =all!D303 -> 1 | E33: =all!E303 -> 0.033333333 | F33: =all!F303 -> 12 | G33: =all!G303 -> 0.083333333 | H33: =all!H303 -> 42 | ... O33: =all!O303 -> 0.05931418
A34: =all!A304 -> Total | B34: =SUM(B30:B33) -> 332 | C34: =SUM(C30:C33) -> 1 | D34: =SUM(D30:D33) -> 30 | E34: =SUM(E30:E33) -> 1 | F34: =SUM(F30:F33) -> 144 | G34: =SUM(G30:G33) -> 1 | H34: =SUM(H30:H33) -> 645 | I34: =SUM(I30:I33) -> 1 | ... O34: =SUM(O30:O33) -> 1
A35: =all!A305 -> Percent of Good or Very Good | C35: =SUM(C30:C31) -> 0.86445783 | E35: =SUM(E30:E31) -> 0.86666667 | G35: =SUM(G30:G31) -> 0.8125 | I35: =SUM(I30:I31) -> 0.84031008 | K35: =SUM(K30:K31) -> 0.84690554 | M35: =SUM(M30:M31) -> 0.82714286 | O35: =SUM(O30:O31) -> 0.83920297
A37: =all!A307 -> Veterans' services | B37: Boulder Cty | D37: Brighton | F37: CCCS Onl | H37: Larimer | J37: FRCC Onl | L37: Westminster | N37: Total
A38: =all!A308 -> Very good | B38: =all!B308 -> 22 | C38: =all!C308 -> 0.29333333 | D38: =all!D308 -> 4 | E38: =all!E308 -> 0.5 | F38: =all!F308 -> 9 | G38: =all!G308 -> 0.375 | H38: =all!H308 -> 53 | ... O38: =all!O308 -> 0.37106918
A39: =all!A309 -> Good | B39: =all!B309 -> 50 | C39: =all!C309 -> 0.66666667 | D39: =all!D309 -> 3 | E39: =all!E309 -> 0.375 | F39: =all!F309 -> 13 | G39: =all!G309 -> 0.54166667 | H39: =all!H309 -> 82 | ... O39: =all!O309 -> 0.5408805
A40: =all!A310 -> Poor | B40: =all!B310 -> 1 | C40: =all!C310 -> 0.013333333 | D40: =all!D310 -> 1 | E40: =all!E310 -> 0.125 | F40: =all!F310 -> 1 | G40: =all!G310 -> 0.041666667 | H40: =all!H310 -> 14 | ... O40: =all!O310 -> 0.052410901
A41: =all!A311 -> Very poor | B41: =all!B311 -> 2 | C41: =all!C311 -> 0.026666667 | D41: =all!D311 -> 0 | E41: =all!E311 -> 0 | F41: =all!F311 -> 1 | G41: =all!G311 -> 0.041666667 | H41: =all!H311 -> 8 | ... O41: =all!O311 -> 0.035639413
A42: =all!A312 -> Total | B42: =SUM(B38:B41) -> 75 | C42: =SUM(C38:C41) -> 1 | D42: =SUM(D38:D41) -> 8 | E42: =SUM(E38:E41) -> 1 | F42: =SUM(F38:F41) -> 24 | G42: =SUM(G38:G41) -> 1 | H42: =SUM(H38:H41) -> 157 | I42: =SUM(I38:I41) -> 1 | ... O42: =SUM(O38:O41) -> 1
A43: =all!A313 -> Percent of Good or Very Good | C43: =SUM(C38:C39) -> 0.96 | E43: =SUM(E38:E39) -> 0.875 | G43: =SUM(G38:G39) -> 0.91666667 | I43: =SUM(I38:I39) -> 0.85987261 | K43: =SUM(K38:K39) -> 0.91176471 | M43: =SUM(M38:M39) -> 0.94482759 | O43: =SUM(O38:O39) -> 0.91194969
A45: =all!A315 -> Student activities/life | B45: Boulder Cty | D45: Brighton | F45: CCCS Onl | H45: Larimer | J45: FRCC Onl | L45: Westminster | N45: Total
A46: =all!A316 -> Very good | B46: =all!B316 -> 56 | C46: =all!C316 -> 0.3027027 | D46: =all!D316 -> 4 | E46: =all!E316 -> 0.36363636 | F46: =all!F316 -> 17 | G46: =all!G316 -> 0.39534884 | H46: =all!H316 -> 125 | ... O46: =all!O316 -> 0.3377193
A47: =all!A317 -> Good | B47: =all!B317 -> 119 | C47: =all!C317 -> 0.64324324 | D47: =all!D317 -> 6 | E47: =all!E317 -> 0.54545455 | F47: =all!F317 -> 26 | G47: =all!G317 -> 0.60465116 | H47: =all!H317 -> 211 | ... O47: =all!O317 -> 0.57982456
A48: =all!A318 -> Poor | B48: =all!B318 -> 6 | C48: =all!C318 -> 0.032432432 | D48: =all!D318 -> 1 | E48: =all!E318 -> 0.090909091 | F48: =all!F318 -> 0 | G48: =all!G318 -> 0 | H48: =all!H318 -> 28 | ... O48: =all!O318 -> 0.064035088
A49: =all!A319 -> Very poor | B49: =all!B319 -> 4 | C49: =all!C319 -> 0.021621622 | D49: =all!D319 -> 0 | E49: =all!E319 -> 0 | F49: =all!F319 -> 0 | G49: =all!G319 -> 0 | H49: =all!H319 -> 7 | ... O49: =all!O319 -> 0.018421053
A50: =all!A320 -> Total | B50: =SUM(B46:B49) -> 185 | C50: =SUM(C46:C49) -> 1 | D50: =SUM(D46:D49) -> 11 | E50: =SUM(E46:E49) -> 1 | F50: =SUM(F46:F49) -> 43 | G50: =SUM(G46:G49) -> 1 | H50: =SUM(H46:H49) -> 371 | I50: =SUM(I46:I49) -> 1 | ... O50: =SUM(O46:O49) -> 1
A51: =all!A321 -> Percent of Good or Very Good | C51: =SUM(C46:C47) -> 0.94594595 | E51: =SUM(E46:E47) -> 0.90909091 | G51: =SUM(G46:G47) -> 1 | I51: =SUM(I46:I47) -> 0.90566038 | K51: =SUM(K46:K47) -> 0.8852459 | M51: =SUM(M46:M47) -> 0.91666667 | O51: =SUM(O46:O47) -> 0.91754386
A53: =all!A323 -> Job placement | B53: Boulder Cty | D53: Brighton | F53: CCCS Onl | H53: Larimer | J53: FRCC Onl | L53: Westminster | N53: Total
A54: =all!A324 -> Very good | B54: =all!B324 -> 18 | C54: =all!C324 -> 0.23376623 | D54: =all!D324 -> 4 | E54: =all!E324 -> 0.57142857 | F54: =all!F324 -> 8 | G54: =all!G324 -> 0.22222222 | H54: =all!H324 -> 43 | ... O54: =all!O324 -> 0.27104723
A55: =all!A325 -> Good | B55: =all!B325 -> 46 | C55: =all!C325 -> 0.5974026 | D55: =all!D325 -> 2 | E55: =all!E325 -> 0.28571429 | F55: =all!F325 -> 20 | G55: =all!G325 -> 0.55555556 | H55: =all!H325 -> 81 | ... O55: =all!O325 -> 0.52977413
A56: =all!A326 -> Poor | B56: =all!B326 -> 4 | C56: =all!C326 -> 0.051948052 | D56: =all!D326 -> 1 | E56: =all!E326 -> 0.14285714 | F56: =all!F326 -> 3 | G56: =all!G326 -> 0.083333333 | H56: =all!H326 -> 16 | ... O56: =all!O326 -> 0.12320329
A57: =all!A327 -> Very poor | B57: =all!B327 -> 9 | C57: =all!C327 -> 0.11688312 | D57: =all!D327 -> 0 | E57: =all!E327 -> 0 | F57: =all!F327 -> 5 | G57: =all!G327 -> 0.13888889 | H57: =all!H327 -> 5 | ... O57: =all!O327 -> 0.075975359
A58: =all!A328 -> Total | B58: =SUM(B54:B57) -> 77 | C58: =SUM(C54:C57) -> 1 | D58: =SUM(D54:D57) -> 7 | E58: =SUM(E54:E57) -> 1 | F58: =SUM(F54:F57) -> 36 | G58: =SUM(G54:G57) -> 1 | H58: =SUM(H54:H57) -> 145 | I58: =SUM(I54:I57) -> 1 | ... O58: =SUM(O54:O57) -> 1
A59: =all!A329 -> Percent of Good or Very Good | C59: =SUM(C54:C55) -> 0.83116883 | E59: =SUM(E54:E55) -> 0.85714286 | G59: =SUM(G54:G55) -> 0.77777778 | I59: =SUM(I54:I55) -> 0.85517241 | K59: =SUM(K54:K55) -> 0.73770492 | M59: =SUM(M54:M55) -> 0.76397516 | O59: =SUM(O54:O55) -> 0.80082136
A61: =all!A331 -> Special services | B61: Boulder Cty | D61: Brighton | F61: CCCS Onl | H61: Larimer | J61: FRCC Onl | L61: Westminster | N61: Total
A62: =all!A332 -> Very good | B62: =all!B332 -> 36 | C62: =all!C332 -> 0.375 | D62: =all!D332 -> 3 | E62: =all!E332 -> 0.3 | F62: =all!F332 -> 16 | G62: =all!G332 -> 0.45714286 | H62: =all!H332 -> 77 | ... O62: =all!O332 -> 0.39229422
A63: =all!A333 -> Good | B63: =all!B333 -> 51 | C63: =all!C333 -> 0.53125 | D63: =all!D333 -> 5 | E63: =all!E333 -> 0.5 | F63: =all!F333 -> 17 | G63: =all!G333 -> 0.48571429 | H63: =all!H333 -> 82 | ... O63: =all!O333 -> 0.50437828
A64: =all!A334 -> Poor | B64: =all!B334 -> 8 | C64: =all!C334 -> 0.083333333 | D64: =all!D334 -> 1 | E64: =all!E334 -> 0.1 | F64: =all!F334 -> 1 | G64: =all!G334 -> 0.028571429 | H64: =all!H334 -> 7 | ... O64: =all!O334 -> 0.064798599
A65: =all!A335 -> Very poor | B65: =all!B335 -> 1 | C65: =all!C335 -> 0.010416667 | D65: =all!D335 -> 1 | E65: =all!E335 -> 0.1 | F65: =all!F335 -> 1 | G65: =all!G335 -> 0.028571429 | H65: =all!H335 -> 9 | ... O65: =all!O335 -> 0.038528897
A66: =all!A336 -> Total | B66: =SUM(B62:B65) -> 96 | C66: =SUM(C62:C65) -> 1 | D66: =SUM(D62:D65) -> 10 | E66: =SUM(E62:E65) -> 1 | F66: =SUM(F62:F65) -> 35 | G66: =SUM(G62:G65) -> 1 | H66: =SUM(H62:H65) -> 175 | I66: =SUM(I62:I65) -> 1 | ... O66: =SUM(O62:O65) -> 1
A67: =all!A337 -> Percent of Good or Very Good | C67: =SUM(C62:C63) -> 0.90625 | E67: =SUM(E62:E63) -> 0.8 | G67: =SUM(G62:G63) -> 0.94285714 | I67: =SUM(I62:I63) -> 0.90857143 | K67: =SUM(K62:K63) -> 0.85245902 | M67: =SUM(M62:M63) -> 0.89175258 | O67: =SUM(O62:O63) -> 0.8966725
A69: =all!A339 -> Library | B69: Boulder Cty | D69: Brighton | F69: CCCS Onl | H69: Larimer | J69: FRCC Onl | L69: Westminster | N69: Total
A70: =all!A340 -> Very good | B70: =all!B340 -> 118 | C70: =all!C340 -> 0.41403509 | D70: =all!D340 -> 12 | E70: =all!E340 -> 0.52173913 | F70: =all!F340 -> 37 | G70: =all!G340 -> 0.45121951 | H70: =all!H340 -> 314 | ... O70: =all!O340 -> 0.4433095
A71: =all!A341 -> Good | B71: =all!B341 -> 140 | C71: =all!C341 -> 0.49122807 | D71: =all!D341 -> 10 | E71: =all!E341 -> 0.43478261 | F71: =all!F341 -> 43 | G71: =all!G341 -> 0.52439024 | H71: =all!H341 -> 313 | ... O71: =all!O341 -> 0.5061287
A72: =all!A342 -> Poor | B72: =all!B342 -> 22 | C72: =all!C342 -> 0.077192982 | D72: =all!D342 -> 1 | E72: =all!E342 -> 0.043478261 | F72: =all!F342 -> 1 | G72: =all!G342 -> 0.012195122 | H72: =all!H342 -> 27 | ... O72: =all!O342 -> 0.041368744
A73: =all!A343 -> Very poor | B73: =all!B343 -> 5 | C73: =all!C343 -> 0.01754386 | D73: =all!D343 -> 0 | E73: =all!E343 -> 0 | F73: =all!F343 -> 1 | G73: =all!G343 -> 0.012195122 | H73: =all!H343 -> 7 | ... O73: =all!O343 -> 0.0091930541
A74: =all!A344 -> Total | B74: =SUM(B70:B73) -> 285 | C74: =SUM(C70:C73) -> 1 | D74: =SUM(D70:D73) -> 23 | E74: =SUM(E70:E73) -> 1 | F74: =SUM(F70:F73) -> 82 | G74: =SUM(G70:G73) -> 1 | H74: =SUM(H70:H73) -> 661 | I74: =SUM(I70:I73) -> 1 | ... O74: =SUM(O70:O73) -> 1
A75: =all!A345 -> Percent of Good or Very Good | C75: =SUM(C70:C71) -> 0.90526316 | E75: =SUM(E70:E71) -> 0.95652174 | G75: =SUM(G70:G71) -> 0.97560976 | I75: =SUM(I70:I71) -> 0.94856278 | K75: =SUM(K70:K71) -> 0.97169811 | M75: =SUM(M70:M71) -> 0.95827338 | O75: =SUM(O70:O71) -> 0.9494382
A77: =all!A347 -> Tutoring services | B77: Boulder Cty | D77: Brighton | F77: CCCS Onl | H77: Larimer | J77: FRCC Onl | L77: Westminster | N77: Total
A78: =all!A348 -> Very good | B78: =all!B348 -> 79 | C78: =all!C348 -> 0.42021277 | D78: =all!D348 -> 4 | E78: =all!E348 -> 0.28571429 | F78: =all!F348 -> 14 | G78: =all!G348 -> 0.31111111 | H78: =all!H348 -> 123 | ... O78: =all!O348 -> 0.37837838
A79: =all!A349 -> Good | B79: =all!B349 -> 93 | C79: =all!C349 -> 0.49468085 | D79: =all!D349 -> 10 | E79: =all!E349 -> 0.71428571 | F79: =all!F349 -> 26 | G79: =all!G349 -> 0.57777778 | H79: =all!H349 -> 163 | ... O79: =all!O349 -> 0.50965251
A80: =all!A350 -> Poor | B80: =all!B350 -> 11 | C80: =all!C350 -> 0.058510638 | D80: =all!D350 -> 0 | E80: =all!E350 -> 0 | F80: =all!F350 -> 3 | G80: =all!G350 -> 0.066666667 | H80: =all!H350 -> 30 | ... O80: =all!O350 -> 0.086872587
A81: =all!A351 -> Very poor | B81: =all!B351 -> 5 | C81: =all!C351 -> 0.026595745 | D81: =all!D351 -> 0 | E81: =all!E351 -> 0 | F81: =all!F351 -> 2 | G81: =all!G351 -> 0.044444444 | H81: =all!H351 -> 10 | ... O81: =all!O351 -> 0.025096525
A82: =all!A352 -> Total | B82: =SUM(B78:B81) -> 188 | C82: =SUM(C78:C81) -> 1 | D82: =SUM(D78:D81) -> 14 | E82: =SUM(E78:E81) -> 1 | F82: =SUM(F78:F81) -> 45 | G82: =SUM(G78:G81) -> 1 | H82: =SUM(H78:H81) -> 326 | I82: =SUM(I78:I81) -> 1 | ... O82: =SUM(O78:O81) -> 1
A83: =all!A353 -> Percent of Good or Very Good | C83: =SUM(C78:C79) -> 0.91489362 | E83: =SUM(E78:E79) -> 1 | G83: =SUM(G78:G79) -> 0.88888889 | I83: =SUM(I78:I79) -> 0.87730061 | K83: =SUM(K78:K79) -> 0.87068966 | M83: =SUM(M78:M79) -> 0.88472622 | O83: =SUM(O78:O79) -> 0.88803089
A85: =all!A355 -> Educational development courses/basic skills center | B85: Boulder Cty | D85: Brighton | F85: CCCS Onl | H85: Larimer | J85: FRCC Onl | L85: Westminster | N85: Total
A86: =all!A356 -> Very good | B86: =all!B356 -> 47 | C86: =all!C356 -> 0.37903226 | D86: =all!D356 -> 4 | E86: =all!E356 -> 0.30769231 | F86: =all!F356 -> 11 | G86: =all!G356 -> 0.28947368 | H86: =all!H356 -> 93 | ... O86: =all!O356 -> 0.37171464
A87: =all!A357 -> Good | B87: =all!B357 -> 71 | C87: =all!C357 -> 0.57258065 | D87: =all!D357 -> 8 | E87: =all!E357 -> 0.61538462 | F87: =all!F357 -> 26 | G87: =all!G357 -> 0.68421053 | H87: =all!H357 -> 142 | ... O87: =all!O357 -> 0.56946183
A88: =all!A358 -> Poor | B88: =all!B358 -> 5 | C88: =all!C358 -> 0.040322581 | D88: =all!D358 -> 1 | E88: =all!E358 -> 0.076923077 | F88: =all!F358 -> 0 | G88: =all!G358 -> 0 | H88: =all!H358 -> 14 | ... O88: =all!O358 -> 0.046307885
A89: =all!A359 -> Very poor | B89: =all!B359 -> 1 | C89: =all!C359 -> 0.0080645161 | D89: =all!D359 -> 0 | E89: =all!E359 -> 0 | F89: =all!F359 -> 1 | G89: =all!G359 -> 0.026315789 | H89: =all!H359 -> 5 | ... O89: =all!O359 -> 0.012515645
A90: =all!A360 -> Total | B90: =SUM(B86:B89) -> 124 | C90: =SUM(C86:C89) -> 1 | D90: =SUM(D86:D89) -> 13 | E90: =SUM(E86:E89) -> 1 | F90: =SUM(F86:F89) -> 38 | G90: =SUM(G86:G89) -> 1 | H90: =SUM(H86:H89) -> 254 | I90: =SUM(I86:I89) -> 1 | ... O90: =SUM(O86:O89) -> 1
A91: =all!A361 -> Percent of Good or Very Good | C91: =SUM(C86:C87) -> 0.9516129 | E91: =SUM(E86:E87) -> 0.92307692 | G91: =SUM(G86:G87) -> 0.97368421 | I91: =SUM(I86:I87) -> 0.92519685 | K91: =SUM(K86:K87) -> 0.93023256 | M91: =SUM(M86:M87) -> 0.95070423 | O91: =SUM(O86:O87) -> 0.94117647
A93: =all!A363 -> Overall Evaluation of Student Services | B93: Boulder Cty | D93: Brighton | F93: CCCS Onl | H93: Larimer | J93: FRCC Onl | L93: Westminster | N93: Total
A94: =all!A364 -> Very good | B94: =all!B364 -> 105 | C94: =all!C364 -> 0.2685422 | D94: =all!D364 -> 10 | E94: =all!E364 -> 0.32258065 | F94: =all!F364 -> 35 | G94: =all!G364 -> 0.23489933 | H94: =all!H364 -> 225 | ... O94: =all!O364 -> 0.28652139
A95: =all!A365 -> Good | B95: =all!B365 -> 265 | C95: =all!C365 -> 0.67774936 | D95: =all!D365 -> 17 | E95: =all!E365 -> 0.5483871 | F95: =all!F365 -> 97 | G95: =all!G365 -> 0.65100671 | H95: =all!H365 -> 468 | ... O95: =all!O365 -> 0.62671509
A96: =all!A366 -> Poor | B96: =all!B366 -> 18 | C96: =all!C366 -> 0.046035806 | D96: =all!D366 -> 4 | E96: =all!E366 -> 0.12903226 | F96: =all!F366 -> 13 | G96: =all!G366 -> 0.087248322 | H96: =all!H366 -> 54 | ... O96: =all!O366 -> 0.072639225
A97: =all!A367 -> Very poor | B97: =all!B367 -> 3 | C97: =all!C367 -> 0.0076726343 | D97: =all!D367 -> 0 | E97: =all!E367 -> 0 | F97: =all!F367 -> 4 | G97: =all!G367 -> 0.026845638 | H97: =all!H367 -> 11 | ... O97: =all!O367 -> 0.014124294
A98: =all!A368 -> Total | B98: =SUM(B94:B97) -> 391 | C98: =SUM(C94:C97) -> 1 | D98: =SUM(D94:D97) -> 31 | E98: =SUM(E94:E97) -> 1 | F98: =SUM(F94:F97) -> 149 | G98: =SUM(G94:G97) -> 1 | H98: =SUM(H94:H97) -> 758 | I98: =SUM(I94:I97) -> 1 | ... O98: =SUM(O94:O97) -> 1
A99: =all!A369 -> Percent of Good or Very Good | C99: =SUM(C94:C95) -> 0.94629156 | E99: =SUM(E94:E95) -> 0.87096774 | G99: =SUM(G94:G95) -> 0.88590604 | I99: =SUM(I94:I95) -> 0.91424802 | K99: =SUM(K94:K95) -> 0.90532544 | M99: =SUM(M94:M95) -> 0.90628853 | O99: =SUM(O94:O95) -> 0.91323648
A101: EVALUATE BUSINESS SERVICES
A102: =all!A372 -> Bookstore | B102: Boulder Cty | D102: Brighton | F102: CCCS Onl | H102: Larimer | J102: FRCC Onl | L102: Westminster | N102: Total
A103: =all!A373 -> Very good | B103: =all!B373 -> 109 | C103: =all!C373 -> 0.2626506 | D103: =all!D373 -> 11 | E103: =all!E373 -> 0.35483871 | F103: =all!F373 -> 38 | G103: =all!G373 -> 0.27338129 | H103: =all!H373 -> 242 | ... O103: =all!O373 -> 0.29344074
A104: =all!A374 -> Good | B104: =all!B374 -> 249 | C104: =all!C374 -> 0.6 | D104: =all!D374 -> 14 | E104: =all!E374 -> 0.4516129 | F104: =all!F374 -> 82 | G104: =all!G374 -> 0.58992806 | H104: =all!H374 -> 435 | ... O104: =all!O374 -> 0.56463368
A105: =all!A375 -> Poor | B105: =all!B375 -> 45 | C105: =all!C375 -> 0.10843373 | D105: =all!D375 -> 6 | E105: =all!E375 -> 0.19354839 | F105: =all!F375 -> 13 | G105: =all!G375 -> 0.09352518 | H105: =all!H375 -> 87 | ... O105: =all!O375 -> 0.10778673
A106: =all!A376 -> Very poor | B106: =all!B376 -> 12 | C106: =all!C376 -> 0.028915663 | D106: =all!D376 -> 0 | E106: =all!E376 -> 0 | F106: =all!F376 -> 6 | G106: =all!G376 -> 0.043165468 | H106: =all!H376 -> 28 | ... O106: =all!O376 -> 0.034138857
A107: =all!A377 -> Total | B107: =SUM(B103:B106) -> 415 | C107: =SUM(C103:C106) -> 1 | D107: =SUM(D103:D106) -> 31 | E107: =SUM(E103:E106) -> 1 | F107: =SUM(F103:F106) -> 139 | G107: =SUM(G103:G106) -> 1 | H107: =SUM(H103:H106) -> 792 | I107: =SUM(I103:I106) -> 1 | ... O107: =SUM(O103:O106) -> 1
A108: =all!A378 -> Percent of Good or Very Good | C108: =SUM(C103:C104) -> 0.8626506 | E108: =SUM(E103:E104) -> 0.80645161 | G108: =SUM(G103:G104) -> 0.86330935 | I108: =SUM(I103:I104) -> 0.85479798 | K108: =SUM(K103:K104) -> 0.86931818 | M108: =SUM(M103:M104) -> 0.85535308 | O108: =SUM(O103:O104) -> 0.85807442
A110: =all!A380 -> Cashier | B110: Boulder Cty | D110: Brighton | F110: CCCS Onl | H110: Larimer | J110: FRCC Onl | L110: Westminster | N110: Total
A111: =all!A381 -> Very good | B111: =all!B381 -> 90 | C111: =all!C381 -> 0.29220779 | D111: =all!D381 -> 5 | E111: =all!E381 -> 0.22727273 | F111: =all!F381 -> 34 | G111: =all!G381 -> 0.30088496 | H111: =all!H381 -> 203 | ... O111: =all!O381 -> 0.31389452
A112: =all!A382 -> Good | B112: =all!B382 -> 204 | C112: =all!C382 -> 0.66233766 | D112: =all!D382 -> 14 | E112: =all!E382 -> 0.63636364 | F112: =all!F382 -> 72 | G112: =all!G382 -> 0.63716814 | H112: =all!H382 -> 399 | ... O112: =all!O382 -> 0.62576065
...

Sheet Reasons at FRCC
A1: Survey of all Currently enrolled students Fall 2012 -- Reasons for choosing FRCC
A3: Red formatting indicates realatively lower responses while green formatting indicates relatively higher responses.
A5: How did you hear about FRCC (Multiple answers) | B5: Boulder Cty | D5: Brighton | F5: CCCS Onl | H5: Larimer | J5: FRCC Onl | L5: Westminster | N5: Total
A6: =all!A408 -> Class schedule mailed to home or office | B6: =all!B408 -> 28 | C6: =all!C408 -> 0.057494867 | D6: =all!D408 -> 2 | E6: =all!E408 -> 0.052631579 | F6: =all!F408 -> 12 | G6: =all!G408 -> 0.059701493 | H6: =all!H408 -> 21 | ... O6: =all!O408 -> 0.048877147
A7: =all!A409 -> Class schedule picked up at other location | B7: =all!B409 -> 20 | C7: =all!C409 -> 0.041067762 | D7: =all!D409 -> 1 | E7: =all!E409 -> 0.026315789 | F7: =all!F409 -> 14 | G7: =all!G409 -> 0.069651741 | H7: =all!H409 -> 38 | ... O7: =all!O409 -> 0.038969617
A8: =all!A410 -> Newspaper articles or advertisements | B8: =all!B410 -> 24 | C8: =all!C410 -> 0.049281314 | D8: =all!D410 -> 1 | E8: =all!E410 -> 0.026315789 | F8: =all!F410 -> 6 | G8: =all!G410 -> 0.029850746 | H8: =all!H410 -> 22 | ... O8: =all!O410 -> 0.033025099
A9: =all!A411 -> Viewbook, catalog, or other brochures | B9: =all!B411 -> 36 | C9: =all!C411 -> 0.073921971 | D9: =all!D411 -> 1 | E9: =all!E411 -> 0.026315789 | F9: =all!F411 -> 18 | G9: =all!G411 -> 0.089552239 | H9: =all!H411 -> 59 | ... O9: =all!O411 -> 0.073976222
A10: =all!A412 -> Parents | B10: =all!B412 -> 60 | C10: =all!C412 -> 0.12320329 | D10: =all!D412 -> 0 | E10: =all!E412 -> 0 | F10: =all!F412 -> 15 | G10: =all!G412 -> 0.074626866 | H10: =all!H412 -> 122 | ... O10: =all!O412 -> 0.11856011
A11: =all!A413 -> High school teacher or counselor | B11: =all!B413 -> 65 | C11: =all!C413 -> 0.13347023 | D11: =all!D413 -> 5 | E11: =all!E413 -> 0.13157895 | F11: =all!F413 -> 14 | G11: =all!G413 -> 0.069651741 | H11: =all!H413 -> 163 | ... O11: =all!O413 -> 0.14398943
A12: =all!A414 -> Friend or another FRCC student | B12: =all!B414 -> 160 | C12: =all!C414 -> 0.32854209 | D12: =all!D414 -> 13 | E12: =all!E414 -> 0.34210526 | F12: =all!F414 -> 62 | G12: =all!G414 -> 0.30845771 | H12: =all!H414 -> 286 | ... O12: =all!O414 -> 0.31638045
A13: =all!A415 -> Visit to high school by FRCC staff | B13: =all!B415 -> 13 | C13: =all!C415 -> 0.026694045 | D13: =all!D415 -> 2 | E13: =all!E415 -> 0.052631579 | F13: =all!F415 -> 3 | G13: =all!G415 -> 0.014925373 | H13: =all!H415 -> 43 | ... O13: =all!O415 -> 0.032034346
A14: =all!A416 -> Sought out closest college | B14: =all!B416 -> 178 | C14: =all!C416 -> 0.36550308 | D14: =all!D416 -> 13 | E14: =all!E416 -> 0.34210526 | F14: =all!F416 -> 58 | G14: =all!G416 -> 0.28855721 | H14: =all!H416 -> 318 | ... O14: =all!O416 -> 0.35237781
A15: =all!A417 -> FRCC web site | B15: =all!B417 -> 151 | C15: =all!C417 -> 0.3100616 | D15: =all!D417 -> 7 | E15: =all!E417 -> 0.18421053 | F15: =all!F417 -> 67 | G15: =all!G417 -> 0.33333333 | H15: =all!H417 -> 228 | ... O15: =all!O417 -> 0.29095112
A18: =all!A420 -> What are the main reasons that you chose or are continuing at FRCC (multiple answers) | B18: Boulder Cty | D18: Brighton | F18: CCCS Onl | H18: Larimer | J18: FRCC Onl | L18: Westminster | N18: Total
A19: =all!A421 -> Quality of instruction | B19: =all!B421 -> 179 | C19: =all!C421 -> 0.36755647 | D19: =all!D421 -> 11 | E19: =all!E421 -> 0.28947368 | F19: =all!F421 -> 44 | G19: =all!G421 -> 0.21890547 | H19: =all!H421 -> 323 | ... O19: =all!O421 -> 0.32232497
A20: =all!A422 -> Close to home or work | B20: =all!B422 -> 316 | C20: =all!C422 -> 0.64887064 | D20: =all!D422 -> 27 | E20: =all!E422 -> 0.71052632 | F20: =all!F422 -> 99 | G20: =all!G422 -> 0.49253731 | H20: =all!H422 -> 526 | ... O20: =all!O422 -> 0.61988111
A21: =all!A423 -> Low cost | B21: =all!B423 -> 339 | C21: =all!C423 -> 0.69609856 | D21: =all!D423 -> 21 | E21: =all!E423 -> 0.55263158 | F21: =all!F423 -> 120 | G21: =all!G423 -> 0.59701493 | H21: =all!H423 -> 637 | ... O21: =all!O423 -> 0.67932629
A22: =all!A424 -> Courses or programs meet my needs | B22: =all!B424 -> 302 | C22: =all!C424 -> 0.6201232 | D22: =all!D424 -> 19 | E22: =all!E424 -> 0.5 | F22: =all!F424 -> 124 | G22: =all!G424 -> 0.61691542 | H22: =all!H424 -> 557 | ... O22: =all!O424 -> 0.60700132
A23: =all!A425 -> Small classes | B23: =all!B425 -> 254 | C23: =all!C425 -> 0.52156057 | D23: =all!D425 -> 20 | E23: =all!E425 -> 0.52631579 | F23: =all!F425 -> 40 | G23: =all!G425 -> 0.19900498 | H23: =all!H425 -> 462 | ... O23: =all!O425 -> 0.4346103
A24: =all!A426 -> Supportive staff | B24: =all!B426 -> 166 | C24: =all!C426 -> 0.34086242 | D24: =all!D426 -> 11 | E24: =all!E426 -> 0.28947368 | F24: =all!F426 -> 27 | G24: =all!G426 -> 0.13432836 | H24: =all!H426 -> 296 | ... O24: =all!O426 -> 0.2823646
A25: =all!A427 -> Friends or relatives advice | B25: =all!B427 -> 62 | C25: =all!C427 -> 0.12731006 | D25: =all!D427 -> 3 | E25: =all!E427 -> 0.078947368 | F25: =all!F427 -> 20 | G25: =all!G427 -> 0.099502488 | H25: =all!H427 -> 132 | ... O25: =all!O427 -> 0.12615588
A26: =all!A428 -> Admission or registration procedures made FRCC easier to attend | B26: =all!B428 -> 116 | C26: =all!C428 -> 0.23819302 | D26: =all!D428 -> 8 | E26: =all!E428 -> 0.21052632 | F26: =all!F428 -> 43 | G26: =all!G428 -> 0.21393035 | H26: =all!H428 -> 215 | ... O26: =all!O428 -> 0.23018494
A27: =all!A429 -> Convenient parking | B27: =all!B429 -> 58 | C27: =all!C429 -> 0.11909651 | D27: =all!D429 -> 1 | E27: =all!E429 -> 0.026315789 | F27: =all!F429 -> 10 | G27: =all!G429 -> 0.049751244 | H27: =all!H429 -> 133 | ... O27: =all!O429 -> 0.12483487
A28: =all!A430 -> Courses offered where or when I can take them | B28: =all!B430 -> 174 | C28: =all!C430 -> 0.35728953 | D28: =all!D430 -> 15 | E28: =all!E430 -> 0.39473684 | F28: =all!F430 -> 88 | G28: =all!G430 -> 0.43781095 | H28: =all!H430 -> 351 | ... O28: =all!O430 -> 0.38837517
A29: =all!A431 -> I obtained financial aid or scholarship. | B29: =all!B431 -> 140 | C29: =all!C431 -> 0.28747433 | D29: =all!D431 -> 12 | E29: =all!E431 -> 0.31578947 | F29: =all!F431 -> 54 | G29: =all!G431 -> 0.26865672 | H29: =all!H431 -> 241 | ... O29: =all!O431 -> 0.28335535

Sheet Online Special Questions
A1: Survey of all Currently enrolled students Fall 2012 -- Online Questions
A3: =all!A435 -> If you are taking an online course, what are your reasons in order of impact
A4: =all!A436 -> Scheduling Flexibility of Online Courses | B4: Boulder Cty | D4: Brighton | F4: CCCS Online | H4: Larimer | J4: FRCC Online | L4: Westminster | N4: Total
A5: =all!A437 -> Most Important | B5: =all!B437 -> 56 | C5: =all!C437 -> 0.48275862 | D5: =all!D437 -> 4 | E5: =all!E437 -> 0.5 | F5: =all!F437 -> 117 | G5: =all!G437 -> 0.63934426 | H5: =all!H437 -> 118 | ... O5: =all!O437 -> 0.60502092
A6: =all!A438 -> 2nd Important | B6: =all!B438 -> 48 | C6: =all!C438 -> 0.4137931 | D6: =all!D438 -> 0 | E6: =all!E438 -> 0 | F6: =all!F438 -> 49 | G6: =all!G438 -> 0.26775956 | H6: =all!H438 -> 65 | ... O6: =all!O438 -> 0.27029289
A7: =all!A439 -> 3rd Important | B7: =all!B439 -> 9 | C7: =all!C439 -> 0.077586207 | D7: =all!D439 -> 4 | E7: =all!E439 -> 0.5 | F7: =all!F439 -> 13 | G7: =all!G439 -> 0.071038251 | H7: =all!H439 -> 23 | ... O7: =all!O439 -> 0.085355649
A8: =all!A440 -> Least Important | B8: =all!B440 -> 3 | C8: =all!C440 -> 0.025862069 | D8: =all!D440 -> 0 | E8: =all!E440 -> 0 | F8: =all!F440 -> 4 | G8: =all!G440 -> 0.021857923 | H8: =all!H440 -> 16 | ... O8: =all!O440 -> 0.039330544
A9: =all!A441 -> Total | B9: =all!B441 -> 116 | C9: =all!C441 -> 1 | D9: =all!D441 -> 8 | E9: =all!E441 -> 1 | F9: =all!F441 -> 183 | G9: =all!G441 -> 1 | H9: =all!H441 -> 222 | ... O9: =all!O441 -> 1
A10: =all!A442 -> Percent of 1st or 2nd importance | B10: =all!B442 -> 0 | C10: =all!C442 -> 0.89655172 | D10: =all!D442 -> 0 | E10: =all!E442 -> 0.5 | F10: =all!F442 -> 0 | G10: =all!G442 -> 0.90710383 | H10: =all!H442 -> 0 | ... O10: =all!O442 -> 0.87531381
A12: =all!A444 -> Ability to work on course from home or office | B12: Boulder Cty | D12: Brighton | F12: CCCS Online | H12: Larimer | J12: FRCC Online | L12: Westminster | N12: Total
A13: =all!A445 -> Most Important | B13: =all!B445 -> 61 | C13: =all!C445 -> 0.5 | D13: =all!D445 -> 3 | E13: =all!E445 -> 0.33333333 | F13: =all!F445 -> 97 | G13: =all!G445 -> 0.53888889 | H13: =all!H445 -> 96 | ... O13: =all!O445 -> 0.47960033
A14: =all!A446 -> 2nd Important | B14: =all!B446 -> 38 | C14: =all!C446 -> 0.31147541 | D14: =all!D446 -> 4 | E14: =all!E446 -> 0.44444444 | F14: =all!F446 -> 69 | G14: =all!G446 -> 0.38333333 | H14: =all!H446 -> 77 | ... O14: =all!O446 -> 0.35553705
A15: =all!A447 -> 3rd Important | B15: =all!B447 -> 19 | C15: =all!C447 -> 0.1557377 | D15: =all!D447 -> 2 | E15: =all!E447 -> 0.22222222 | F15: =all!F447 -> 14 | G15: =all!G447 -> 0.077777778 | H15: =all!H447 -> 44 | ... O15: =all!O447 -> 0.1265612
A16: =all!A448 -> Least Important | B16: =all!B448 -> 4 | C16: =all!C448 -> 0.032786885 | D16: =all!D448 -> 0 | E16: =all!E448 -> 0 | F16: =all!F448 -> 0 | G16: =all!G448 -> 0 | H16: =all!H448 -> 10 | ... O16: =all!O448 -> 0.038301415
A17: =all!A449 -> Total | B17: =all!B449 -> 122 | C17: =all!C449 -> 1 | D17: =all!D449 -> 9 | E17: =all!E449 -> 1 | F17: =all!F449 -> 180 | G17: =all!G449 -> 1 | H17: =all!H449 -> 227 | ... O17: =all!O449 -> 1
A18: =all!A450 -> Percent of 1st or 2nd importance | B18: =all!B450 -> 0 | C18: =all!C450 -> 0.81147541 | D18: =all!D450 -> 0 | E18: =all!E450 -> 0.77777778 | F18: =all!F450 -> 0 | G18: =all!G450 -> 0.92222222 | H18: =all!H450 -> 0 | ... O18: =all!O450 -> 0.83513739
A20: =all!A452 -> I learn best in the online environment | B20: Boulder Cty | D20: Brighton | F20: CCCS Online | H20: Larimer | J20: FRCC Online | L20: Westminster | N20: Total
A21: =all!A453 -> Most Important | B21: =all!B453 -> 7 | C21: =all!C453 -> 0.073684211 | D21: =all!D453 -> 2 | E21: =all!E453 -> 0.33333333 | F21: =all!F453 -> 23 | G21: =all!G453 -> 0.1474359 | H21: =all!H453 -> 12 | ... O21: =all!O453 -> 0.11657033
A22: =all!A454 -> 2nd Important | B22: =all!B454 -> 10 | C22: =all!C454 -> 0.10526316 | D22: =all!D454 -> 0 | E22: =all!E454 -> 0 | F22: =all!F454 -> 19 | G22: =all!G454 -> 0.12179487 | H22: =all!H454 -> 28 | ... O22: =all!O454 -> 0.12427746
A23: =all!A455 -> 3rd Important | B23: =all!B455 -> 24 | C23: =all!C455 -> 0.25263158 | D23: =all!D455 -> 0 | E23: =all!E455 -> 0 | F23: =all!F455 -> 66 | G23: =all!G455 -> 0.42307692 | H23: =all!H455 -> 48 | ... O23: =all!O455 -> 0.30732177
A24: =all!A456 -> Least Important | B24: =all!B456 -> 54 | C24: =all!C456 -> 0.56842105 | D24: =all!D456 -> 4 | E24: =all!E456 -> 0.66666667 | F24: =all!F456 -> 48 | G24: =all!G456 -> 0.30769231 | H24: =all!H456 -> 105 | ... O24: =all!O456 -> 0.45183044
A25: =all!A457 -> Total | B25: =all!B457 -> 95 | C25: =all!C457 -> 1 | D25: =all!D457 -> 6 | E25: =all!E457 -> 1 | F25: =all!F457 -> 156 | G25: =all!G457 -> 1 | H25: =all!H457 -> 193 | ... O25: =all!O457 -> 1
A26: =all!A458 -> Percent of 1st or 2nd importance | B26: =all!B458 -> 0 | C26: =all!C458 -> 0.17894737 | D26: =all!D458 -> 0 | E26: =all!E458 -> 0.33333333 | F26: =all!F458 -> 0 | G26: =all!G458 -> 0.26923077 | H26: =all!H458 -> 0 | ... O26: =all!O458 -> 0.24084778
A28: =all!A460 -> I would prefer to take the course on campus but it was not offered when/where I could take it | B28: Boulder Cty | D28: Brighton | F28: CCCS Online | H28: Larimer | J28: FRCC Online | L28: Westminster | N28: Total
A29: =all!A461 -> Most Important | B29: =all!B461 -> 53 | C29: =all!C461 -> 0.51960784 | D29: =all!D461 -> 6 | E29: =all!E461 -> 0.6 | F29: =all!F461 -> 32 | G29: =all!G461 -> 0.27350427 | H29: =all!H461 -> 102 | ... O29: =all!O461 -> 0.41538462
A30: =all!A462 -> 2nd Important | B30: =all!B462 -> 13 | C30: =all!C462 -> 0.12745098 | D30: =all!D462 -> 3 | E30: =all!E462 -> 0.3 | F30: =all!F462 -> 14 | G30: =all!G462 -> 0.11965812 | H30: =all!H462 -> 21 | ... O30: =all!O462 -> 0.12747253
A31: =all!A463 -> 3rd Important | B31: =all!B463 -> 23 | C31: =all!C463 -> 0.2254902 | D31: =all!D463 -> 0 | E31: =all!E463 -> 0 | F31: =all!F463 -> 24 | G31: =all!G463 -> 0.20512821 | H31: =all!H463 -> 32 | ... O31: =all!O463 -> 0.20659341
A32: =all!A464 -> Least Important | B32: =all!B464 -> 13 | C32: =all!C464 -> 0.12745098 | D32: =all!D464 -> 1 | E32: =all!E464 -> 0.1 | F32: =all!F464 -> 47 | G32: =all!G464 -> 0.4017094 | H32: =all!H464 -> 37 | ... O32: =all!O464 -> 0.25054945
A33: =all!A465 -> Total | B33: =all!B465 -> 102 | C33: =all!C465 -> 1 | D33: =all!D465 -> 10 | E33: =all!E465 -> 1 | F33: =all!F465 -> 117 | G33: =all!G465 -> 1 | H33: =all!H465 -> 192 | ... O33: =all!O465 -> 1
A34: =all!A466 -> Percent of 1st or 2nd importance | B34: =all!B466 -> 0 | C34: =all!C466 -> 0.64705882 | D34: =all!D466 -> 0 | E34: =all!E466 -> 0.9 | F34: =all!F466 -> 0 | G34: =all!G466 -> 0.39316239 | H34: =all!H466 -> 0 | ... O34: =all!O466 -> 0.54285714
A36: =all!A468 -> If you are NOT taking an online course, what are your reasons for not doing so in order of impact
A37: =all!A469 -> I prefer to learn with the instructor and classmates in person | B37: Boulder Cty | D37: Brighton | F37: CCCS Online | H37: Larimer | J37: FRCC Online | L37: Westminster | N37: Total
A38: =all!A470 -> Most Important | B38: =all!B470 -> 300 | C38: =all!C470 -> 0.84507042 | D38: =all!D470 -> 22 | E38: =all!E470 -> 0.81481481 | F38: =all!F470 -> 8 | G38: =all!G470 -> 0.47058824 | H38: =all!H470 -> 513 | ... O38: =all!O470 -> 0.82332956
A39: =all!A471 -> 2nd Important | B39: =all!B471 -> 43 | C39: =all!C471 -> 0.12112676 | D39: =all!D471 -> 4 | E39: =all!E471 -> 0.14814815 | F39: =all!F471 -> 4 | G39: =all!G471 -> 0.23529412 | H39: =all!H471 -> 74 | ... O39: =all!O471 -> 0.12344281
A40: =all!A472 -> 3rd Important | B40: =all!B472 -> 9 | C40: =all!C472 -> 0.025352113 | D40: =all!D472 -> 0 | E40: =all!E472 -> 0 | F40: =all!F472 -> 3 | G40: =all!G472 -> 0.17647059 | H40: =all!H472 -> 15 | ... O40: =all!O472 -> 0.024915062
A41: =all!A473 -> Least Important | B41: =all!B473 -> 3 | C41: =all!C473 -> 0.0084507042 | D41: =all!D473 -> 1 | E41: =all!E473 -> 0.037037037 | F41: =all!F473 -> 2 | G41: =all!G473 -> 0.11764706 | H41: =all!H473 -> 15 | ... O41: =all!O473 -> 0.028312571
A42: =all!A474 -> Total | B42: =all!B474 -> 355 | C42: =all!C474 -> 1 | D42: =all!D474 -> 27 | E42: =all!E474 -> 1 | F42: =all!F474 -> 17 | G42: =all!G474 -> 1 | H42: =all!H474 -> 617 | ... O42: =all!O474 -> 1
A43: =all!A475 -> Percent of 1st or 2nd importance | B43: =all!B475 -> 0 | C43: =all!C475 -> 0.96619718 | D43: =all!D475 -> 0 | E43: =all!E475 -> 0.96296296 | F43: =all!F475 -> 0 | G43: =all!G475 -> 0.70588235 | H43: =all!H475 -> 0 | ... O43: =all!O475 -> 0.94677237
A45: =all!A477 -> I do not have reliable computer/internet connection | B45: Boulder Cty | D45: Brighton | F45: CCCS Online | H45: Larimer | J45: FRCC Online | L45: Westminster | N45: Total
A46: =all!A478 -> Most Important | B46: =all!B478 -> 18 | C46: =all!C478 -> 0.10465116 | D46: =all!D478 -> 3 | E46: =all!E478 -> 0.21428571 | F46: =all!F478 -> 1 | G46: =all!G478 -> 0.090909091 | H46: =all!H478 -> 29 | ... O46: =all!O478 -> 0.10631229
A47: =all!A479 -> 2nd Important | B47: =all!B479 -> 16 | C47: =all!C479 -> 0.093023256 | D47: =all!D479 -> 3 | E47: =all!E479 -> 0.21428571 | F47: =all!F479 -> 5 | G47: =all!G479 -> 0.45454545 | H47: =all!H479 -> 42 | ... O47: =all!O479 -> 0.14396456
A48: =all!A480 -> 3rd Important | B48: =all!B480 -> 31 | C48: =all!C480 -> 0.18023256 | D48: =all!D480 -> 2 | E48: =all!E480 -> 0.14285714 | F48: =all!F480 -> 1 | G48: =all!G480 -> 0.090909091 | H48: =all!H480 -> 50 | ... O48: =all!O480 -> 0.13732004
A49: =all!A481 -> Least Important | B49: =all!B481 -> 107 | C49: =all!C481 -> 0.62209302 | D49: =all!D481 -> 6 | E49: =all!E481 -> 0.42857143 | F49: =all!F481 -> 4 | G49: =all!G481 -> 0.36363636 | H49: =all!H481 -> 217 | ... O49: =all!O481 -> 0.6124031
A50: =all!A482 -> Total | B50: =all!B482 -> 172 | C50: =all!C482 -> 1 | D50: =all!D482 -> 14 | E50: =all!E482 -> 1 | F50: =all!F482 -> 11 | G50: =all!G482 -> 1 | H50: =all!H482 -> 338 | ... O50: =all!O482 -> 1
A51: =all!A483 -> Percent of 1st or 2nd importance | B51: =all!B483 -> 0 | C51: =all!C483 -> 0.19767442 | D51: =all!D483 -> 0 | E51: =all!E483 -> 0.42857143 | F51: =all!F483 -> 0 | G51: =all!G483 -> 0.54545455 | H51: =all!H483 -> 0 | ... O51: =all!O483 -> 0.25027685
A53: =all!A485 -> I am not comfortable using online technologies | B53: Boulder Cty | D53: Brighton | F53: CCCS Online | H53: Larimer | J53: FRCC Online | L53: Westminster | N53: Total
A54: =all!A486 -> Most Important | B54: =all!B486 -> 25 | C54: =all!C486 -> 0.12437811 | D54: =all!D486 -> 3 | E54: =all!E486 -> 0.2 | F54: =all!F486 -> 1 | G54: =all!G486 -> 0.076923077 | H54: =all!H486 -> 24 | ... O54: =all!O486 -> 0.099133782
A55: =all!A487 -> 2nd Important | B55: =all!B487 -> 22 | C55: =all!C487 -> 0.10945274 | D55: =all!D487 -> 2 | E55: =all!E487 -> 0.13333333 | F55: =all!F487 -> 4 | G55: =all!G487 -> 0.30769231 | H55: =all!H487 -> 63 | ... O55: =all!O487 -> 0.16746872
A56: =all!A488 -> 3rd Important | B56: =all!B488 -> 51 | C56: =all!C488 -> 0.25373134 | D56: =all!D488 -> 2 | E56: =all!E488 -> 0.13333333 | F56: =all!F488 -> 5 | G56: =all!G488 -> 0.38461538 | H56: =all!H488 -> 93 | ... O56: =all!O488 -> 0.24639076
A57: =all!A489 -> Least Important | B57: =all!B489 -> 103 | C57: =all!C489 -> 0.51243781 | D57: =all!D489 -> 8 | E57: =all!E489 -> 0.53333333 | F57: =all!F489 -> 3 | G57: =all!G489 -> 0.23076923 | H57: =all!H489 -> 195 | ... O57: =all!O489 -> 0.48700674
A58: =all!A490 -> Total | B58: =all!B490 -> 201 | C58: =all!C490 -> 1 | D58: =all!D490 -> 15 | E58: =all!E490 -> 1 | F58: =all!F490 -> 13 | G58: =all!G490 -> 1 | H58: =all!H490 -> 375 | ... O58: =all!O490 -> 1
A59: =all!A491 -> Percent of 1st or 2nd importance | C59: =all!C491 -> 0.23383085 | E59: =all!E491 -> 0.33333333 | G59: =all!G491 -> 0.38461538 | I59: =all!I491 -> 0.232 | K59: =all!K491 -> 0.38709677 | M59: =all!M491 -> 0.29950495 | O59: =all!O491 -> 0.2666025
A61: =all!A493 -> Tuition for online courses is higher | B61: Boulder Cty | D61: Brighton | F61: CCCS Online | H61: Larimer | J61: FRCC Online | L61: Westminster | N61: Total
A62: =all!A494 -> Most Important | B62: =all!B494 -> 85 | C62: =all!C494 -> 0.3256705 | D62: =all!D494 -> 10 | E62: =all!E494 -> 0.58823529 | F62: =all!F494 -> 5 | G62: =all!G494 -> 0.29411765 | H62: =all!H494 -> 125 | ... O62: =all!O494 -> 0.30321135
A63: =all!A495 -> 2nd Important | B63: =all!B495 -> 99 | C63: =all!C495 -> 0.37931034 | D63: =all!D495 -> 2 | E63: =all!E495 -> 0.11764706 | F63: =all!F495 -> 7 | G63: =all!G495 -> 0.41176471 | H63: =all!H495 -> 188 | ... O63: =all!O495 -> 0.36445108
A64: =all!A496 -> 3rd Important | B64: =all!B496 -> 31 | C64: =all!C496 -> 0.11877395 | D64: =all!D496 -> 2 | E64: =all!E496 -> 0.11764706 | F64: =all!F496 -> 2 | G64: =all!G496 -> 0.11764706 | H64: =all!H496 -> 59 | ... O64: =all!O496 -> 0.13144137
A65: =all!A497 -> Least Important | B65: =all!B497 -> 46 | C65: =all!C497 -> 0.17624521 | D65: =all!D497 -> 3 | E65: =all!E497 -> 0.17647059 | F65: =all!F497 -> 3 | G65: =all!G497 -> 0.17647059 | H65: =all!H497 -> 109 | ... O65: =all!O497 -> 0.20089619
A66: =all!A498 -> Total | B66: =all!B498 -> 261 | C66: =all!C498 -> 1 | D66: =all!D498 -> 17 | E66: =all!E498 -> 1 | F66: =all!F498 -> 17 | G66: =all!G498 -> 1 | H66: =all!H498 -> 481 | ... O66: =all!O498 -> 1
A67: =all!A499 -> Percent of 1st or 2nd importance | C67: =all!C499 -> 0.70498084 | E67: =all!E499 -> 0.70588235 | G67: =all!G499 -> 0.70588235 | I67: =all!I499 -> 0.65072765 | K67: =all!K499 -> 0.72 | M67: =all!M499 -> 0.65692008 | O67: =all!O499 -> 0.66766243
A70: =all!A502 -> How Often do you typically use the following technologies?
A71: =all!A503 -> Desire2Learn | B71: Boulder Cty | D71: Brighton | F71: CCCS Online | H71: Larimer | J71: FRCC Online | L71: Westminster | N71: Total
A72: =all!A504 -> Daily | B72: =all!B504 -> 211 | C72: =all!C504 -> 0.47309417 | D72: =all!D504 -> 13 | E72: =all!E504 -> 0.38235294 | F72: =all!F504 -> 120 | G72: =all!G504 -> 0.6779661 | H72: =all!H504 -> 483 | ... O72: =all!O504 -> 0.61235119
A73: =all!A505 -> 2+ days a week | B73: =all!B505 -> 167 | C73: =all!C505 -> 0.37443946 | D73: =all!D505 -> 15 | E73: =all!E505 -> 0.44117647 | F73: =all!F505 -> 47 | G73: =all!G505 -> 0.26553672 | H73: =all!H505 -> 223 | ... O73: =all!O505 -> 0.2983631
A74: =all!A506 -> Once a week | B74: =all!B506 -> 43 | C74: =all!C506 -> 0.096412556 | D74: =all!D506 -> 4 | E74: =all!E506 -> 0.11764706 | F74: =all!F506 -> 4 | G74: =all!G506 -> 0.02259887 | H74: =all!H506 -> 74 | ... O74: =all!O506 -> 0.069940476
A75: =all!A507 -> Monthly | B75: =all!B507 -> 16 | C75: =all!C507 -> 0.035874439 | D75: =all!D507 -> 2 | E75: =all!E507 -> 0.058823529 | F75: =all!F507 -> 1 | G75: =all!G507 -> 0.0056497175 | H75: =all!H507 -> 18 | ... O75: =all!O507 -> 0
A76: =all!A508 -> Never | B76: =all!B508 -> 9 | C76: =all!C508 -> 0.020179372 | D76: =all!D508 -> 0 | E76: =all!E508 -> 0 | F76: =all!F508 -> 5 | G76: =all!G508 -> 0.028248588 | H76: =all!H508 -> 15 | ... O76: =all!O508 -> 0.019345238
A77: =all!A509 -> Total | B77: =all!B509 -> 446 | C77: =all!C509 -> 1 | D77: =all!D509 -> 34 | E77: =all!E509 -> 1 | F77: =all!F509 -> 177 | G77: =all!G509 -> 1 | H77: =all!H509 -> 813 | ... O77: =all!O509 -> 1
A78: =all!A510 -> Once a week or more | C78: =all!C510 -> 0.94394619 | E78: =all!E510 -> 0.94117647 | G78: =all!G510 -> 0.96610169 | I78: =all!I510 -> 0.95940959 | K78: =all!K510 -> 0.97487437 | M78: =all!M510 -> 0.95152198 | O78: =all!O510 -> 0.98065476
A80: =all!A512 -> eWolf | B80: Boulder Cty | D80: Brighton | F80: CCCS Online | H80: Larimer | J80: FRCC Online | L80: Westminster | N80: Total
A81: =all!A513 -> Daily | B81: =all!B513 -> 120 | C81: =all!C513 -> 0.2690583 | D81: =all!D513 -> 12 | E81: =all!E513 -> 0.35294118 | F81: =all!F513 -> 92 | G81: =all!G513 -> 0.51111111 | H81: =all!H513 -> 258 | ... O81: =all!O513 -> 0.42145422
A82: =all!A514 -> 2+ days a week | B82: =all!B514 -> 130 | C82: =all!C514 -> 0.29147982 | D82: =all!D514 -> 7 | E82: =all!E514 -> 0.20588235 | F82: =all!F514 -> 34 | G82: =all!G514 -> 0.18888889 | H82: =all!H514 -> 200 | ... O82: =all!O514 -> 0.30385996
A83: =all!A515 -> Once a week | B83: =all!B515 -> 101 | C83: =all!C515 -> 0.2264574 | D83: =all!D515 -> 5 | E83: =all!E515 -> 0.14705882 | F83: =all!F515 -> 20 | G83: =all!G515 -> 0.11111111 | H83: =all!H515 -> 171 | ... O83: =all!O515 -> 0.24236984
A84: =all!A516 -> Monthly | B84: =all!B516 -> 85 | C84: =all!C516 -> 0.19058296 | D84: =all!D516 -> 8 | E84: =all!E516 -> 0.23529412 | F84: =all!F516 -> 28 | G84: =all!G516 -> 0.15555556 | H84: =all!H516 -> 165 | ... O84: =all!O516 -> 0
A85: =all!A517 -> Never | B85: =all!B517 -> 10 | C85: =all!C517 -> 0.022421525 | D85: =all!D517 -> 2 | E85: =all!E517 -> 0.058823529 | F85: =all!F517 -> 6 | G85: =all!G517 -> 0.033333333 | H85: =all!H517 -> 18 | ... O85: =all!O517 -> 0.032315978
A86: =all!A518 -> Total | B86: =all!B518 -> 446 | C86: =all!C518 -> 1 | D86: =all!D518 -> 34 | E86: =all!E518 -> 1 | F86: =all!F518 -> 180 | G86: =all!G518 -> 1 | H86: =all!H518 -> 812 | ... O86: =all!O518 -> 1
A87: =all!A519 -> Once a week or more | C87: =all!C519 -> 0.78699552 | E87: =all!E519 -> 0.70588235 | G87: =all!G519 -> 0.81111111 | I87: =all!I519 -> 0.77463054 | K87: =all!K519 -> 0.76574307 | M87: =all!M519 -> 0.79411765 | O87: =all!O519 -> 0.96768402
A89: =all!A521 -> Text messaging | B89: Boulder Cty | D89: Brighton | F89: CCCS Online | H89: Larimer | J89: FRCC Online | L89: Westminster | N89: Total
A90: =all!A522 -> Daily | B90: =all!B522 -> 249 | C90: =all!C522 -> 0.58313817 | D90: =all!D522 -> 15 | E90: =all!E522 -> 0.44117647 | F90: =all!F522 -> 107 | G90: =all!G522 -> 0.61494253 | H90: =all!H522 -> 540 | ... O90: =all!O522 -> 0.66026646
A91: =all!A523 -> 2+ days a week | B91: =all!B523 -> 35 | C91: =all!C523 -> 0.081967213 | D91: =all!D523 -> 6 | E91: =all!E523 -> 0.17647059 | F91: =all!F523 -> 15 | G91: =all!G523 -> 0.086206897 | H91: =all!H523 -> 53 | ... O91: =all!O523 -> 0.070924765
A92: =all!A524 -> Once a week | B92: =all!B524 -> 13 | C92: =all!C524 -> 0.030444965 | D92: =all!D524 -> 2 | E92: =all!E524 -> 0.058823529 | F92: =all!F524 -> 5 | G92: =all!G524 -> 0.028735632 | H92: =all!H524 -> 14 | ... O92: =all!O524 -> 0.030956113
A93: =all!A525 -> Monthly | B93: =all!B525 -> 24 | C93: =all!C525 -> 0.056206089 | D93: =all!D525 -> 0 | E93: =all!E525 -> 0 | F93: =all!F525 -> 7 | G93: =all!G525 -> 0.040229885 | H93: =all!H525 -> 41 | ... O93: =all!O525 -> 0
A94: =all!A526 -> Never | B94: =all!B526 -> 106 | C94: =all!C526 -> 0.24824356 | D94: =all!D526 -> 11 | E94: =all!E526 -> 0.32352941 | F94: =all!F526 -> 40 | G94: =all!G526 -> 0.22988506 | H94: =all!H526 -> 155 | ... O94: =all!O526 -> 0.23785266
A95: =all!A527 -> Total | B95: =all!B527 -> 427 | C95: =all!C527 -> 1 | D95: =all!D527 -> 34 | E95: =all!E527 -> 1 | F95: =all!F527 -> 174 | G95: =all!G527 -> 1 | H95: =all!H527 -> 803 | ... O95: =all!O527 -> 1
A96: =all!A528 -> Once a week or more | C96: =all!C528 -> 0.69555035 | E96: =all!E528 -> 0.67647059 | G96: =all!G528 -> 0.72988506 | I96: =all!I528 -> 0.75591532 | K96: =all!K528 -> 0.68041237 | M96: =all!M528 -> 0.7190367 | O96: =all!O528 -> 0.76214734
A98: =all!A530 -> FRCC cccs.edu email | B98: Boulder Cty | D98: Brighton | F98: CCCS Online | H98: Larimer | J98: FRCC Online | L98: Westminster | N98: Total
A99: =all!A531 -> Daily | B99: =all!B531 -> 59 | C99: =all!C531 -> 0.13439636 | D99: =all!D531 -> 9 | E99: =all!E531 -> 0.27272727 | F99: =all!F531 -> 38 | G99: =all!G531 -> 0.2122905 | H99: =all!H531 -> 137 | ... O99: =all!O531 -> 0.20528846
A100: =all!A532 -> 2+ days a week | B100: =all!B532 -> 93 | C100: =all!C532 -> 0.2118451 | D100: =all!D532 -> 5 | E100: =all!E532 -> 0.15151515 | F100: =all!F532 -> 29 | G100: =all!G532 -> 0.16201117 | H100: =all!H532 -> 145 | ... O100: =all!O532 -> 0.23557692
A101: =all!A533 -> Once a week | B101: =all!B533 -> 107 | C101: =all!C533 -> 0.24373576 | D101: =all!D533 -> 6 | E101: =all!E533 -> 0.18181818 | F101: =all!F533 -> 42 | G101: =all!G533 -> 0.23463687 | H101: =all!H533 -> 181 | ... O101: =all!O533 -> 0.31346154
A102: =all!A534 -> Monthly | B102: =all!B534 -> 102 | C102: =all!C534 -> 0.23234624 | D102: =all!D534 -> 7 | E102: =all!E534 -> 0.21212121 | F102: =all!F534 -> 34 | G102: =all!G534 -> 0.18994413 | H102: =all!H534 -> 201 | ... O102: =all!O534 -> 0
A103: =all!A535 -> Never | B103: =all!B535 -> 78 | C103: =all!C535 -> 0.17767654 | D103: =all!D535 -> 6 | E103: =all!E535 -> 0.18181818 | F103: =all!F535 -> 36 | G103: =all!G535 -> 0.20111732 | H103: =all!H535 -> 144 | ... O103: =all!O535 -> 0.24567308
A104: =all!A536 -> Total | B104: =all!B536 -> 439 | C104: =all!C536 -> 1 | D104: =all!D536 -> 33 | E104: =all!E536 -> 1 | F104: =all!F536 -> 179 | G104: =all!G536 -> 1 | H104: =all!H536 -> 808 | ... O104: =all!O536 -> 1
A105: =all!A537 -> Once a week or more | C105: =all!C537 -> 0.58997722 | E105: =all!E537 -> 0.60606061 | G105: =all!G537 -> 0.60893855 | I105: =all!I537 -> 0.5730198 | K105: =all!K537 -> 0.52777778 | M105: =all!M537 -> 0.57906712 | O105: =all!O537 -> 0.75432692
A107: =all!A539 -> Personal Email | B107: Boulder Cty | D107: Brighton | F107: CCCS Online | H107: Larimer | J107: FRCC Online | L107: Westminster | N107: Total
A108: =all!A540 -> Daily | B108: =all!B540 -> 345 | C108: =all!C540 -> 0.79310345 | D108: =all!D540 -> 24 | E108: =all!E540 -> 0.75 | F108: =all!F540 -> 143 | G108: =all!G540 -> 0.8125 | H108: =all!H540 -> 622 | ... O108: =all!O540 -> 0.81273692
A109: =all!A541 -> 2+ days a week | B109: =all!B541 -> 46 | C109: =all!C541 -> 0.10574713 | D109: =all!D541 -> 0 | E109: =all!E541 -> 0 | F109: =all!F541 -> 17 | G109: =all!G541 -> 0.096590909 | H109: =all!H541 -> 89 | ... O109: =all!O541 -> 0.10272934
A110: =all!A542 -> Once a week | B110: =all!B542 -> 22 | C110: =all!C542 -> 0.050574713 | D110: =all!D542 -> 4 | E110: =all!E542 -> 0.125 | F110: =all!F542 -> 6 | G110: =all!G542 -> 0.034090909 | H110: =all!H542 -> 40 | ... O110: =all!O542 -> 0.051554208
A111: =all!A543 -> Monthly | B111: =all!B543 -> 9 | C111: =all!C543 -> 0.020689655 | D111: =all!D543 -> 1 | E111: =all!E543 -> 0.03125 | F111: =all!F543 -> 4 | G111: =all!G543 -> 0.022727273 | H111: =all!H543 -> 25 | ... O111: =all!O543 -> 0
A112: =all!A544 -> Never | B112: =all!B544 -> 13 | C112: =all!C544 -> 0.029885057 | D112: =all!D544 -> 3 | E112: =all!E544 -> 0.09375 | F112: =all!F544 -> 6 | G112: =all!G544 -> 0.034090909 | H112: =all!H544 -> 30 | ... O112: =all!O544 -> 0.03297953
A113: =all!A545 -> Total | B113: =all!B545 -> 435 | C113: =all!C545 -> 1 | D113: =all!D545 -> 32 | E113: =all!E545 -> 1 | F113: =all!F545 -> 176 | G113: =all!G545 -> 1 | H113: =all!H545 -> 806 | ... O113: =all!O545 -> 1
A114: =all!A546 -> Once a week or more | C114: =all!C546 -> 0.94942529 | E114: =all!E546 -> 0.875 | G114: =all!G546 -> 0.94318182 | I114: =all!I546 -> 0.93176179 | K114: =all!K546 -> 0.94923858 | M114: =all!M546 -> 0.93814433 | O114: =all!O546 -> 0.96702047
...
