Workbook

Sheet Sheet1
A1: #4 Awards | B1: MSJC
B2: AY 07-08 | C2: AY 08-09 | D2: AY 09-10 | E2: AY 10-11 | F2: AY 11-12
B3: AA/AS | C3: AA/AS | D3: AA/AS | E3: AA/AS | F3: AA/AS
A4: Total | B4: =VLOOKUP(Sheet2!$A1,'[1]AA&AS GENDER'!$A:$F,HLOOKUP(Sheet1!B$2,'[1]AA&AS GENDER'!$1:$2,2,FALSE),FALSE) -> 1398 | C4: =VLOOKUP(Sheet2!$A1,'[1]AA&AS GENDER'!$A:$F,HLOOKUP(Sheet1!C$2,'[1]AA&AS GENDER'!$1:$2,2,FALSE),FALSE) -> 1527 | D4: =VLOOKUP(Sheet2!$A1,'[1]AA&AS GENDER'!$A:$F,HLOOKUP(Sheet1!D$2,'[1]AA&AS GENDER'!$1:$2,2,FALSE),FALSE) -> 1499 | E4: =VLOOKUP(Sheet2!$A1,'[1]AA&AS GENDER'!$A:$F,HLOOKUP(Sheet1!E$2,'[1]AA&AS GENDER'!$1:$2,2,FALSE),FALSE) -> 1566 | F4: =VLOOKUP(Sheet2!$A1,'[1]AA&AS GENDER'!$A:$F,HLOOKUP(Sheet1!F$2,'[1]AA&AS GENDER'!$1:$2,2,FALSE),FALSE) -> 1568
G5: AY 11-12 Enrollment % | H5: gap analysis = AY Award % - AY Enroll %
A6: Gender | B6: AA/AS | C6: AA/AS | D6: AA/AS | E6: AA/AS | F6: AA/AS | G6: Gender | H6: AA/AS
A7: Female | B7: =(VLOOKUP(Sheet2!$A7,'[1]AA&AS GENDER'!$A:$F,HLOOKUP(Sheet1!B$2,'[1]AA&AS GENDER'!$1:$2,2,FALSE),FALSE))/(B$4) -> 0.67668097 | C7: =(VLOOKUP(Sheet2!$A7,'[1]AA&AS GENDER'!$A:$F,HLOOKUP(Sheet1!C$2,'[1]AA&AS GENDER'!$1:$2,2,FALSE),FALSE))/(C$4) -> 0.67125082 | D7: =(VLOOKUP(Sheet2!$A7,'[1]AA&AS GENDER'!$A:$F,HLOOKUP(Sheet1!D$2,'[1]AA&AS GENDER'!$1:$2,2,FALSE),FALSE))/(D$4) -> 0.65577051 | E7: =(VLOOKUP(Sheet2!$A7,'[1]AA&AS GENDER'!$A:$F,HLOOKUP(Sheet1!E$2,'[1]AA&AS GENDER'!$1:$2,2,FALSE),FALSE))/(E$4) -> 0.64750958 | F7: =(VLOOKUP(Sheet2!$A7,'[1]AA&AS GENDER'!$A:$F,HLOOKUP(Sheet1!F$2,'[1]AA&AS GENDER'!$1:$2,2,FALSE),FALSE))/(F$4) -> 0.61288265 | G7: =[2]Sheet1!$K4 -> 0.56593632 | H7: =F7-G7 -> 0.046946337
A8: Male | B8: =(VLOOKUP(Sheet2!$A8,'[1]AA&AS GENDER'!$A:$F,HLOOKUP(Sheet1!B$2,'[1]AA&AS GENDER'!$1:$2,2,FALSE),FALSE))/(B$4) -> 0.32260372 | C8: =(VLOOKUP(Sheet2!$A8,'[1]AA&AS GENDER'!$A:$F,HLOOKUP(Sheet1!C$2,'[1]AA&AS GENDER'!$1:$2,2,FALSE),FALSE))/(C$4) -> 0.32351015 | D8: =(VLOOKUP(Sheet2!$A8,'[1]AA&AS GENDER'!$A:$F,HLOOKUP(Sheet1!D$2,'[1]AA&AS GENDER'!$1:$2,2,FALSE),FALSE))/(D$4) -> 0.33222148 | E8: =(VLOOKUP(Sheet2!$A8,'[1]AA&AS GENDER'!$A:$F,HLOOKUP(Sheet1!E$2,'[1]AA&AS GENDER'!$1:$2,2,FALSE),FALSE))/(E$4) -> 0.33971903 | F8: =(VLOOKUP(Sheet2!$A8,'[1]AA&AS GENDER'!$A:$F,HLOOKUP(Sheet1!F$2,'[1]AA&AS GENDER'!$1:$2,2,FALSE),FALSE))/(F$4) -> 0.37691327 | G8: =[2]Sheet1!$K5 -> 0.42484898 | H8: =F8-G8 -> -0.047935716
A9: Unknown | B9: =(VLOOKUP(Sheet2!$A9,'[1]AA&AS GENDER'!$A:$F,HLOOKUP(Sheet1!B$2,'[1]AA&AS GENDER'!$1:$2,2,FALSE),FALSE))/(B$4) -> 0.00071530758 | C9: =(VLOOKUP(Sheet2!$A9,'[1]AA&AS GENDER'!$A:$F,HLOOKUP(Sheet1!C$2,'[1]AA&AS GENDER'!$1:$2,2,FALSE),FALSE))/(C$4) -> 0.0052390308 | D9: =(VLOOKUP(Sheet2!$A9,'[1]AA&AS GENDER'!$A:$F,HLOOKUP(Sheet1!D$2,'[1]AA&AS GENDER'!$1:$2,2,FALSE),FALSE))/(D$4) -> 0.012008005 | E9: =(VLOOKUP(Sheet2!$A9,'[1]AA&AS GENDER'!$A:$F,HLOOKUP(Sheet1!E$2,'[1]AA&AS GENDER'!$1:$2,2,FALSE),FALSE))/(E$4) -> 0.012771392 | F9: =(VLOOKUP(Sheet2!$A9,'[1]AA&AS GENDER'!$A:$F,HLOOKUP(Sheet1!F$2,'[1]AA&AS GENDER'!$1:$2,2,FALSE),FALSE))/(F$4) -> 0.010204082 | G9: =[2]Sheet1!$K6 -> 0.0092147026 | H9: =F9-G9 -> 0.00098937906
G11: AY 11-12 Enrollment % | H11: =H5 -> gap analysis = AY Award % - AY Enroll %
A12: Ethnicity | B12: AA/AS | C12: AA/AS | D12: AA/AS | E12: AA/AS | F12: AA/AS | G12: Ethnicity | H12: AA/AS
A13: White | B13: =(VLOOKUP(Sheet2!$A12,'[1]AA&AS races'!$A:$F,HLOOKUP(Sheet1!B$2,'[1]AA&AS races'!$1:$2,2,FALSE),FALSE))/(B$4) -> 0.50786838 | C13: =(VLOOKUP(Sheet2!$A12,'[1]AA&AS races'!$A:$F,HLOOKUP(Sheet1!C$2,'[1]AA&AS races'!$1:$2,2,FALSE),FALSE))/(C$4) -> 0.52521284 | D13: =(VLOOKUP(Sheet2!$A12,'[1]AA&AS races'!$A:$F,HLOOKUP(Sheet1!D$2,'[1]AA&AS races'!$1:$2,2,FALSE),FALSE))/(D$4) -> 0.50166778 | E13: =(VLOOKUP(Sheet2!$A12,'[1]AA&AS races'!$A:$F,HLOOKUP(Sheet1!E$2,'[1]AA&AS races'!$1:$2,2,FALSE),FALSE))/(E$4) -> 0.48595147 | F13: =(VLOOKUP(Sheet2!$A12,'[1]AA&AS races'!$A:$F,HLOOKUP(Sheet1!F$2,'[1]AA&AS races'!$1:$2,2,FALSE),FALSE))/(F$4) -> 0.48596939 | G13: =[2]Sheet1!$K12 -> 0.39961093 | H13: =F13-G13 -> 0.086358453
A14: Hispanic | B14: =(VLOOKUP(Sheet2!$A13,'[1]AA&AS Hispanics'!$A:$F,HLOOKUP(Sheet1!B$2,'[1]AA&AS Hispanics'!$1:$2,2,FALSE),FALSE))/(B$4) -> 0.32260372 | C14: =(VLOOKUP(Sheet2!$A13,'[1]AA&AS Hispanics'!$A:$F,HLOOKUP(Sheet1!C$2,'[1]AA&AS Hispanics'!$1:$2,2,FALSE),FALSE))/(C$4) -> 0.33071382 | D14: =(VLOOKUP(Sheet2!$A13,'[1]AA&AS Hispanics'!$A:$F,HLOOKUP(Sheet1!D$2,'[1]AA&AS Hispanics'!$1:$2,2,FALSE),FALSE))/(D$4) -> 0.34356237 | E14: =(VLOOKUP(Sheet2!$A13,'[1]AA&AS Hispanics'!$A:$F,HLOOKUP(Sheet1!E$2,'[1]AA&AS Hispanics'!$1:$2,2,FALSE),FALSE))/(E$4) -> 0.3614304 | F14: =(VLOOKUP(Sheet2!$A13,'[1]AA&AS Hispanics'!$A:$F,HLOOKUP(Sheet1!F$2,'[1]AA&AS Hispanics'!$1:$2,2,FALSE),FALSE))/(F$4) -> 0.35395408 | G14: =[2]Sheet1!$K13 -> 0.37345142 | H14: =F14-G14 -> -0.019497336
A15: African American | B15: =(VLOOKUP(Sheet2!$A14,'[1]AA&AS races'!$A:$F,HLOOKUP(Sheet1!B$2,'[1]AA&AS races'!$1:$2,2,FALSE),FALSE))/(B$4) -> 0.058655222 | C15: =(VLOOKUP(Sheet2!$A14,'[1]AA&AS races'!$A:$F,HLOOKUP(Sheet1!C$2,'[1]AA&AS races'!$1:$2,2,FALSE),FALSE))/(C$4) -> 0.045841519 | D15: =(VLOOKUP(Sheet2!$A14,'[1]AA&AS races'!$A:$F,HLOOKUP(Sheet1!D$2,'[1]AA&AS races'!$1:$2,2,FALSE),FALSE))/(D$4) -> 0.05203469 | E15: =(VLOOKUP(Sheet2!$A14,'[1]AA&AS races'!$A:$F,HLOOKUP(Sheet1!E$2,'[1]AA&AS races'!$1:$2,2,FALSE),FALSE))/(E$4) -> 0.045338442 | F15: =(VLOOKUP(Sheet2!$A14,'[1]AA&AS races'!$A:$F,HLOOKUP(Sheet1!F$2,'[1]AA&AS races'!$1:$2,2,FALSE),FALSE))/(F$4) -> 0.050382653 | G15: =[2]Sheet1!$K14 -> 0.077147538 | H15: =F15-G15 -> -0.026764885
A16: Asian | B16: =(VLOOKUP(Sheet2!$A15,'[1]AA&AS races'!$A:$F,HLOOKUP(Sheet1!B$2,'[1]AA&AS races'!$1:$2,2,FALSE),FALSE))/(B$4) -> 0.026466381 | C16: =(VLOOKUP(Sheet2!$A15,'[1]AA&AS races'!$A:$F,HLOOKUP(Sheet1!C$2,'[1]AA&AS races'!$1:$2,2,FALSE),FALSE))/(C$4) -> 0.013097577 | D16: =(VLOOKUP(Sheet2!$A15,'[1]AA&AS races'!$A:$F,HLOOKUP(Sheet1!D$2,'[1]AA&AS races'!$1:$2,2,FALSE),FALSE))/(D$4) -> 0.032021348 | E16: =(VLOOKUP(Sheet2!$A15,'[1]AA&AS races'!$A:$F,HLOOKUP(Sheet1!E$2,'[1]AA&AS races'!$1:$2,2,FALSE),FALSE))/(E$4) -> 0.03256705 | F16: =(VLOOKUP(Sheet2!$A15,'[1]AA&AS races'!$A:$F,HLOOKUP(Sheet1!F$2,'[1]AA&AS races'!$1:$2,2,FALSE),FALSE))/(F$4) -> 0.02869898 | G16: =[2]Sheet1!$K15 -> 0.024470155 | H16: =F16-G16 -> 0.004228825
A17: Native American | B17: =(VLOOKUP(Sheet2!$A16,'[1]AA&AS races'!$A:$F,HLOOKUP(Sheet1!B$2,'[1]AA&AS races'!$1:$2,2,FALSE),FALSE))/(B$4) -> 0.011444921 | C17: =(VLOOKUP(Sheet2!$A16,'[1]AA&AS races'!$A:$F,HLOOKUP(Sheet1!C$2,'[1]AA&AS races'!$1:$2,2,FALSE),FALSE))/(C$4) -> 0.013752456 | D17: =(VLOOKUP(Sheet2!$A16,'[1]AA&AS races'!$A:$F,HLOOKUP(Sheet1!D$2,'[1]AA&AS races'!$1:$2,2,FALSE),FALSE))/(D$4) -> 0.0073382255 | E17: =(VLOOKUP(Sheet2!$A16,'[1]AA&AS races'!$A:$F,HLOOKUP(Sheet1!E$2,'[1]AA&AS races'!$1:$2,2,FALSE),FALSE))/(E$4) -> 0.012132822 | F17: =(VLOOKUP(Sheet2!$A16,'[1]AA&AS races'!$A:$F,HLOOKUP(Sheet1!F$2,'[1]AA&AS races'!$1:$2,2,FALSE),FALSE))/(F$4) -> 0.006377551 | G17: =[2]Sheet1!$K16 -> 0.0072181837 | H17: =F17-G17 -> -0.00084063266
A18: Filipino | B18: =(VLOOKUP(Sheet2!$A17,'[1]AA&AS races'!$A:$F,HLOOKUP(Sheet1!B$2,'[1]AA&AS races'!$1:$2,2,FALSE),FALSE))/(B$4) -> 0.0472103 | C18: =(VLOOKUP(Sheet2!$A17,'[1]AA&AS races'!$A:$F,HLOOKUP(Sheet1!C$2,'[1]AA&AS races'!$1:$2,2,FALSE),FALSE))/(C$4) -> 0.047151277 | D18: =(VLOOKUP(Sheet2!$A17,'[1]AA&AS races'!$A:$F,HLOOKUP(Sheet1!D$2,'[1]AA&AS races'!$1:$2,2,FALSE),FALSE))/(D$4) -> 0.043362241 | E18: =(VLOOKUP(Sheet2!$A17,'[1]AA&AS races'!$A:$F,HLOOKUP(Sheet1!E$2,'[1]AA&AS races'!$1:$2,2,FALSE),FALSE))/(E$4) -> 0.03256705 | F18: =(VLOOKUP(Sheet2!$A17,'[1]AA&AS races'!$A:$F,HLOOKUP(Sheet1!F$2,'[1]AA&AS races'!$1:$2,2,FALSE),FALSE))/(F$4) -> 0.051020408 | G18: =[2]Sheet1!$K17 -> 0.030664482 | H18: =F18-G18 -> 0.020355926
A19: Pacific Islander | B19: =(VLOOKUP(Sheet2!$A18,'[1]AA&AS races'!$A:$F,HLOOKUP(Sheet1!B$2,'[1]AA&AS races'!$1:$2,2,FALSE),FALSE))/(B$4) -> 0.0035765379 | C19: =(VLOOKUP(Sheet2!$A18,'[1]AA&AS races'!$A:$F,HLOOKUP(Sheet1!C$2,'[1]AA&AS races'!$1:$2,2,FALSE),FALSE))/(C$4) -> 0.0045841519 | D19: =(VLOOKUP(Sheet2!$A18,'[1]AA&AS races'!$A:$F,HLOOKUP(Sheet1!D$2,'[1]AA&AS races'!$1:$2,2,FALSE),FALSE))/(D$4) -> 0.0080053369 | E19: =(VLOOKUP(Sheet2!$A18,'[1]AA&AS races'!$A:$F,HLOOKUP(Sheet1!E$2,'[1]AA&AS races'!$1:$2,2,FALSE),FALSE))/(E$4) -> 0.0089399745 | F19: =(VLOOKUP(Sheet2!$A18,'[1]AA&AS races'!$A:$F,HLOOKUP(Sheet1!F$2,'[1]AA&AS races'!$1:$2,2,FALSE),FALSE))/(F$4) -> 0.0031887755 | G19: =[2]Sheet1!$K18 -> 0.0046073513 | H19: =F19-G19 -> -0.0014185758
A20: Multi-Race | B20: =(VLOOKUP(Sheet2!$A19,'[1]AA&AS multi race'!$A:$F,HLOOKUP(Sheet1!B$2,'[1]AA&AS multi race'!$1:$2,2,FALSE),FALSE))/(B$4) -> 0.021459227 | C20: =(VLOOKUP(Sheet2!$A19,'[1]AA&AS multi race'!$A:$F,HLOOKUP(Sheet1!C$2,'[1]AA&AS multi race'!$1:$2,2,FALSE),FALSE))/(C$4) -> 0.01702685 | D20: =(VLOOKUP(Sheet2!$A19,'[1]AA&AS multi race'!$A:$F,HLOOKUP(Sheet1!D$2,'[1]AA&AS multi race'!$1:$2,2,FALSE),FALSE))/(D$4) -> 0.011340894 | E20: =(VLOOKUP(Sheet2!$A19,'[1]AA&AS multi race'!$A:$F,HLOOKUP(Sheet1!E$2,'[1]AA&AS multi race'!$1:$2,2,FALSE),FALSE))/(E$4) -> 0.019795658 | F20: =(VLOOKUP(Sheet2!$A19,'[1]AA&AS multi race'!$A:$F,HLOOKUP(Sheet1!F$2,'[1]AA&AS multi race'!$1:$2,2,FALSE),FALSE))/(F$4) -> 0.015306122 | G20: =[2]Sheet1!$K19 -> 0.046483055 | H20: =F20-G20 -> -0.031176933
A21: Unknown | B21: =100%-SUM(B13:B20) -> 0.00071530758 | C21: =100%-SUM(C13:C20) -> 0.0026195154 | D21: =100%-SUM(D13:D20) -> 0.00066711141 | E21: =100%-SUM(E13:E20) -> 0.0012771392 | F21: =100%-SUM(F13:F20) -> 0.0051020408 | G21: =[2]Sheet1!$K20 -> 0.036346882 | H21: =F21-G21 -> -0.031244842
G23: AY 11-12 Enrollment % | H23: =H5 -> gap analysis = AY Award % - AY Enroll % | J23: maybe a better comparison for awards would be to look at the % of students with
A24: Age | B24: AA/AS | C24: AA/AS | D24: AA/AS | E24: AA/AS | F24: AA/AS | G24: Age | H24: AA/AS | J24: 4 or more terms of enrollment as a comparison to awards.
A25: <18 | B25: =(IFERROR(VLOOKUP($A25,'[1]AA&AS AGE'!$A:$F,HLOOKUP(Sheet1!B$2,'[1]AA&AS AGE'!$1:$2,2,FALSE),FALSE),0))/(B$4) -> 0 | C25: =(IFERROR(VLOOKUP($A25,'[1]AA&AS AGE'!$A:$F,HLOOKUP(Sheet1!C$2,'[1]AA&AS AGE'!$1:$2,2,FALSE),FALSE),0))/(C$4) -> 0 | D25: =(IFERROR(VLOOKUP($A25,'[1]AA&AS AGE'!$A:$F,HLOOKUP(Sheet1!D$2,'[1]AA&AS AGE'!$1:$2,2,FALSE),FALSE),0))/(D$4) -> 0 | E25: =(IFERROR(VLOOKUP($A25,'[1]AA&AS AGE'!$A:$F,HLOOKUP(Sheet1!E$2,'[1]AA&AS AGE'!$1:$2,2,FALSE),FALSE),0))/(E$4) -> 0.0012771392 | F25: =(IFERROR(VLOOKUP($A25,'[1]AA&AS AGE'!$A:$F,HLOOKUP(Sheet1!F$2,'[1]AA&AS AGE'!$1:$2,2,FALSE),FALSE),0))/(F$4) -> 0 | G25: =[2]Sheet1!$K25 -> 0.010033787 | H25: =F25-G25 -> -0.010033787 | J25: This would accont for students who have not had time to earn an award yet.
A26: 18 & 19 | B26: =(IFERROR(VLOOKUP($A26,'[1]AA&AS AGE'!$A:$F,HLOOKUP(Sheet1!B$2,'[1]AA&AS AGE'!$1:$2,2,FALSE),FALSE),0))/(B$4) -> 0.015021459 | C26: =(IFERROR(VLOOKUP($A26,'[1]AA&AS AGE'!$A:$F,HLOOKUP(Sheet1!C$2,'[1]AA&AS AGE'!$1:$2,2,FALSE),FALSE),0))/(C$4) -> 0.013097577 | D26: =(IFERROR(VLOOKUP($A26,'[1]AA&AS AGE'!$A:$F,HLOOKUP(Sheet1!D$2,'[1]AA&AS AGE'!$1:$2,2,FALSE),FALSE),0))/(D$4) -> 0.0066711141 | E26: =(IFERROR(VLOOKUP($A26,'[1]AA&AS AGE'!$A:$F,HLOOKUP(Sheet1!E$2,'[1]AA&AS AGE'!$1:$2,2,FALSE),FALSE),0))/(E$4) -> 0.0076628352 | F26: =(IFERROR(VLOOKUP($A26,'[1]AA&AS AGE'!$A:$F,HLOOKUP(Sheet1!F$2,'[1]AA&AS AGE'!$1:$2,2,FALSE),FALSE),0))/(F$4) -> 0.010841837 | G26: =[2]Sheet1!$K26 -> 0.20768916 | H26: =F26-G26 -> -0.19684732 | J26: example would be gap analysis = awards % - students with 4 or more terms %
A27: 20 to 24 | B27: =(IFERROR(VLOOKUP($A27,'[1]AA&AS AGE'!$A:$F,HLOOKUP(Sheet1!B$2,'[1]AA&AS AGE'!$1:$2,2,FALSE),FALSE),0))/(B$4) -> 0.46924177 | C27: =(IFERROR(VLOOKUP($A27,'[1]AA&AS AGE'!$A:$F,HLOOKUP(Sheet1!C$2,'[1]AA&AS AGE'!$1:$2,2,FALSE),FALSE),0))/(C$4) -> 0.49246889 | D27: =(IFERROR(VLOOKUP($A27,'[1]AA&AS AGE'!$A:$F,HLOOKUP(Sheet1!D$2,'[1]AA&AS AGE'!$1:$2,2,FALSE),FALSE),0))/(D$4) -> 0.47698466 | E27: =(IFERROR(VLOOKUP($A27,'[1]AA&AS AGE'!$A:$F,HLOOKUP(Sheet1!E$2,'[1]AA&AS AGE'!$1:$2,2,FALSE),FALSE),0))/(E$4) -> 0.48020434 | F27: =(IFERROR(VLOOKUP($A27,'[1]AA&AS AGE'!$A:$F,HLOOKUP(Sheet1!F$2,'[1]AA&AS AGE'!$1:$2,2,FALSE),FALSE),0))/(F$4) -> 0.50637755 | G27: =[2]Sheet1!$K27 -> 0.38517457 | H27: =F27-G27 -> 0.12120298 | J27: this would remove nearly all the 18 to 20 year olds from the comparison
A28: 25 to 29 | B28: =(IFERROR(VLOOKUP($A28,'[1]AA&AS AGE'!$A:$F,HLOOKUP(Sheet1!B$2,'[1]AA&AS AGE'!$1:$2,2,FALSE),FALSE),0))/(B$4) -> 0.18240343 | C28: =(IFERROR(VLOOKUP($A28,'[1]AA&AS AGE'!$A:$F,HLOOKUP(Sheet1!C$2,'[1]AA&AS AGE'!$1:$2,2,FALSE),FALSE),0))/(C$4) -> 0.16306483 | D28: =(IFERROR(VLOOKUP($A28,'[1]AA&AS AGE'!$A:$F,HLOOKUP(Sheet1!D$2,'[1]AA&AS AGE'!$1:$2,2,FALSE),FALSE),0))/(D$4) -> 0.18812542 | E28: =(IFERROR(VLOOKUP($A28,'[1]AA&AS AGE'!$A:$F,HLOOKUP(Sheet1!E$2,'[1]AA&AS AGE'!$1:$2,2,FALSE),FALSE),0))/(E$4) -> 0.18646232 | F28: =(IFERROR(VLOOKUP($A28,'[1]AA&AS AGE'!$A:$F,HLOOKUP(Sheet1!F$2,'[1]AA&AS AGE'!$1:$2,2,FALSE),FALSE),0))/(F$4) -> 0.18494898 | G28: =[2]Sheet1!$K28 -> 0.13438108 | H28: =F28-G28 -> 0.0505679 | J28: so the gap we see on the 18 & 19 year olds would go away. We see nearly 0%
A29: 30 to 34 | B29: =(IFERROR(VLOOKUP($A29,'[1]AA&AS AGE'!$A:$F,HLOOKUP(Sheet1!B$2,'[1]AA&AS AGE'!$1:$2,2,FALSE),FALSE),0))/(B$4) -> 0.10014306 | C29: =(IFERROR(VLOOKUP($A29,'[1]AA&AS AGE'!$A:$F,HLOOKUP(Sheet1!C$2,'[1]AA&AS AGE'!$1:$2,2,FALSE),FALSE),0))/(C$4) -> 0.10347086 | D29: =(IFERROR(VLOOKUP($A29,'[1]AA&AS AGE'!$A:$F,HLOOKUP(Sheet1!D$2,'[1]AA&AS AGE'!$1:$2,2,FALSE),FALSE),0))/(D$4) -> 0.097398266 | E29: =(IFERROR(VLOOKUP($A29,'[1]AA&AS AGE'!$A:$F,HLOOKUP(Sheet1!E$2,'[1]AA&AS AGE'!$1:$2,2,FALSE),FALSE),0))/(E$4) -> 0.093231162 | F29: =(IFERROR(VLOOKUP($A29,'[1]AA&AS AGE'!$A:$F,HLOOKUP(Sheet1!F$2,'[1]AA&AS AGE'!$1:$2,2,FALSE),FALSE),0))/(F$4) -> 0.091836735 | G29: =[2]Sheet1!$K29 -> 0.078632129 | H29: =F29-G29 -> 0.013204606 | J29: of 18 & 19 year olds with awards, if we remove students with less than 4
A30: 35 to 39 | B30: =(IFERROR(VLOOKUP($A30,'[1]AA&AS AGE'!$A:$F,HLOOKUP(Sheet1!B$2,'[1]AA&AS AGE'!$1:$2,2,FALSE),FALSE),0))/(B$4) -> 0.073676681 | C30: =(IFERROR(VLOOKUP($A30,'[1]AA&AS AGE'!$A:$F,HLOOKUP(Sheet1!C$2,'[1]AA&AS AGE'!$1:$2,2,FALSE),FALSE),0))/(C$4) -> 0.071381794 | D30: =(IFERROR(VLOOKUP($A30,'[1]AA&AS AGE'!$A:$F,HLOOKUP(Sheet1!D$2,'[1]AA&AS AGE'!$1:$2,2,FALSE),FALSE),0))/(D$4) -> 0.067378252 | E30: =(IFERROR(VLOOKUP($A30,'[1]AA&AS AGE'!$A:$F,HLOOKUP(Sheet1!E$2,'[1]AA&AS AGE'!$1:$2,2,FALSE),FALSE),0))/(E$4) -> 0.066411239 | F30: =(IFERROR(VLOOKUP($A30,'[1]AA&AS AGE'!$A:$F,HLOOKUP(Sheet1!F$2,'[1]AA&AS AGE'!$1:$2,2,FALSE),FALSE),0))/(F$4) -> 0.073341837 | G30: =[2]Sheet1!$K30 -> 0.054981059 | H30: =F30-G30 -> 0.018360778 | J30: terms of enrollment from the comparison, we would see nearly 0%
A31: 40 to 49 | B31: =(IFERROR(VLOOKUP($A31,'[1]AA&AS AGE'!$A:$F,HLOOKUP(Sheet1!B$2,'[1]AA&AS AGE'!$1:$2,2,FALSE),FALSE),0))/(B$4) -> 0.11444921 | C31: =(IFERROR(VLOOKUP($A31,'[1]AA&AS AGE'!$A:$F,HLOOKUP(Sheet1!C$2,'[1]AA&AS AGE'!$1:$2,2,FALSE),FALSE),0))/(C$4) -> 0.11329404 | D31: =(IFERROR(VLOOKUP($A31,'[1]AA&AS AGE'!$A:$F,HLOOKUP(Sheet1!D$2,'[1]AA&AS AGE'!$1:$2,2,FALSE),FALSE),0))/(D$4) -> 0.12341561 | E31: =(IFERROR(VLOOKUP($A31,'[1]AA&AS AGE'!$A:$F,HLOOKUP(Sheet1!E$2,'[1]AA&AS AGE'!$1:$2,2,FALSE),FALSE),0))/(E$4) -> 0.1155811 | F31: =(IFERROR(VLOOKUP($A31,'[1]AA&AS AGE'!$A:$F,HLOOKUP(Sheet1!F$2,'[1]AA&AS AGE'!$1:$2,2,FALSE),FALSE),0))/(F$4) -> 0.086734694 | G31: =[2]Sheet1!$K31 -> 0.080526262 | H31: =F31-G31 -> 0.006208432 | J31: for 18 & 19 year olds. See sheet 3 for example
A32: 50 + | B32: =(IFERROR(VLOOKUP($A32,'[1]AA&AS AGE'!$A:$F,HLOOKUP(Sheet1!B$2,'[1]AA&AS AGE'!$1:$2,2,FALSE),FALSE),0))/(B$4) -> 0.045064378 | C32: =(IFERROR(VLOOKUP($A32,'[1]AA&AS AGE'!$A:$F,HLOOKUP(Sheet1!C$2,'[1]AA&AS AGE'!$1:$2,2,FALSE),FALSE),0))/(C$4) -> 0.043222004 | D32: =(IFERROR(VLOOKUP($A32,'[1]AA&AS AGE'!$A:$F,HLOOKUP(Sheet1!D$2,'[1]AA&AS AGE'!$1:$2,2,FALSE),FALSE),0))/(D$4) -> 0.040026684 | E32: =(IFERROR(VLOOKUP($A32,'[1]AA&AS AGE'!$A:$F,HLOOKUP(Sheet1!E$2,'[1]AA&AS AGE'!$1:$2,2,FALSE),FALSE),0))/(E$4) -> 0.04916986 | F32: =(IFERROR(VLOOKUP($A32,'[1]AA&AS AGE'!$A:$F,HLOOKUP(Sheet1!F$2,'[1]AA&AS AGE'!$1:$2,2,FALSE),FALSE),0))/(F$4) -> 0.045918367 | G32: =[2]Sheet1!$K32 -> 0.048479574 | H32: =F32-G32 -> -0.0025612067
A33: Unknown | B33: =(IFERROR(VLOOKUP($A33,'[1]AA&AS AGE'!$A:$F,HLOOKUP(Sheet1!B$2,'[1]AA&AS AGE'!$1:$2,2,FALSE),FALSE),0))/(B$4) -> 0 | C33: =(IFERROR(VLOOKUP($A33,'[1]AA&AS AGE'!$A:$F,HLOOKUP(Sheet1!C$2,'[1]AA&AS AGE'!$1:$2,2,FALSE),FALSE),0))/(C$4) -> 0 | D33: =(IFERROR(VLOOKUP($A33,'[1]AA&AS AGE'!$A:$F,HLOOKUP(Sheet1!D$2,'[1]AA&AS AGE'!$1:$2,2,FALSE),FALSE),0))/(D$4) -> 0 | E33: =(IFERROR(VLOOKUP($A33,'[1]AA&AS AGE'!$A:$F,HLOOKUP(Sheet1!E$2,'[1]AA&AS AGE'!$1:$2,2,FALSE),FALSE),0))/(E$4) -> 0 | F33: =(IFERROR(VLOOKUP($A33,'[1]AA&AS AGE'!$A:$F,HLOOKUP(Sheet1!F$2,'[1]AA&AS AGE'!$1:$2,2,FALSE),FALSE),0))/(F$4) -> 0 | G33: =[2]Sheet1!$K33 -> 0.00010238558 | H33: =F33-G33 -> -0.00010238558
B35: AA/AS | C35: AA/AS | D35: AA/AS | E35: AA/AS | F35: AA/AS
A36: DSPS

Sheet Table
A1: #4 Awards | B1: MSJC AWARDS
A2: Awards | B2: AY 07-08 | C2: AY 08-09 | D2: AY 09-10 | E2: AY 10-11 | F2: AY 11-12
A3: click here for graph | B3: AA/AS | C3: AA/AS | D3: AA/AS | E3: AA/AS | F3: AA/AS
A4: Total | B4: =VLOOKUP(Sheet2!$A1,'[1]AA&AS GENDER'!$A:$F,HLOOKUP(Sheet1!B$2,'[1]AA&AS GENDER'!$1:$2,2,FALSE),FALSE) -> 1398 | C4: =VLOOKUP(Sheet2!$A1,'[1]AA&AS GENDER'!$A:$F,HLOOKUP(Sheet1!C$2,'[1]AA&AS GENDER'!$1:$2,2,FALSE),FALSE) -> 1527 | D4: =VLOOKUP(Sheet2!$A1,'[1]AA&AS GENDER'!$A:$F,HLOOKUP(Sheet1!D$2,'[1]AA&AS GENDER'!$1:$2,2,FALSE),FALSE) -> 1499 | E4: =VLOOKUP(Sheet2!$A1,'[1]AA&AS GENDER'!$A:$F,HLOOKUP(Sheet1!E$2,'[1]AA&AS GENDER'!$1:$2,2,FALSE),FALSE) -> 1566 | F4: =VLOOKUP(Sheet2!$A1,'[1]AA&AS GENDER'!$A:$F,HLOOKUP(Sheet1!F$2,'[1]AA&AS GENDER'!$1:$2,2,FALSE),FALSE) -> 1568
A6: Gender | B6: AA/AS | C6: AA/AS | D6: AA/AS | E6: AA/AS | F6: AA/AS | G6: AY11-12 + 3 terms | H6: AA/AS Gap
A7: Female | B7: =(VLOOKUP(Sheet2!$A7,'[1]AA&AS GENDER'!$A:$F,HLOOKUP(Sheet1!B$2,'[1]AA&AS GENDER'!$1:$2,2,FALSE),FALSE))/(B$4) -> 0.67668097 | C7: =(VLOOKUP(Sheet2!$A7,'[1]AA&AS GENDER'!$A:$F,HLOOKUP(Sheet1!C$2,'[1]AA&AS GENDER'!$1:$2,2,FALSE),FALSE))/(C$4) -> 0.67125082 | D7: =(VLOOKUP(Sheet2!$A7,'[1]AA&AS GENDER'!$A:$F,HLOOKUP(Sheet1!D$2,'[1]AA&AS GENDER'!$1:$2,2,FALSE),FALSE))/(D$4) -> 0.65577051 | E7: =(VLOOKUP(Sheet2!$A7,'[1]AA&AS GENDER'!$A:$F,HLOOKUP(Sheet1!E$2,'[1]AA&AS GENDER'!$1:$2,2,FALSE),FALSE))/(E$4) -> 0.64750958 | F7: =(VLOOKUP(Sheet2!$A7,'[1]AA&AS GENDER'!$A:$F,HLOOKUP(Sheet1!F$2,'[1]AA&AS GENDER'!$1:$2,2,FALSE),FALSE))/(F$4) -> 0.61288265 | G7: 0.59751319 | H7: =F7-G7 -> 0.015369465
A8: Male | B8: =(VLOOKUP(Sheet2!$A8,'[1]AA&AS GENDER'!$A:$F,HLOOKUP(Sheet1!B$2,'[1]AA&AS GENDER'!$1:$2,2,FALSE),FALSE))/(B$4) -> 0.32260372 | C8: =(VLOOKUP(Sheet2!$A8,'[1]AA&AS GENDER'!$A:$F,HLOOKUP(Sheet1!C$2,'[1]AA&AS GENDER'!$1:$2,2,FALSE),FALSE))/(C$4) -> 0.32351015 | D8: =(VLOOKUP(Sheet2!$A8,'[1]AA&AS GENDER'!$A:$F,HLOOKUP(Sheet1!D$2,'[1]AA&AS GENDER'!$1:$2,2,FALSE),FALSE))/(D$4) -> 0.33222148 | E8: =(VLOOKUP(Sheet2!$A8,'[1]AA&AS GENDER'!$A:$F,HLOOKUP(Sheet1!E$2,'[1]AA&AS GENDER'!$1:$2,2,FALSE),FALSE))/(E$4) -> 0.33971903 | F8: =(VLOOKUP(Sheet2!$A8,'[1]AA&AS GENDER'!$A:$F,HLOOKUP(Sheet1!F$2,'[1]AA&AS GENDER'!$1:$2,2,FALSE),FALSE))/(F$4) -> 0.37691327 | G8: 0.39344386 | H8: =F8-G8 -> -0.016530593
A9: Unknown | B9: =(VLOOKUP(Sheet2!$A9,'[1]AA&AS GENDER'!$A:$F,HLOOKUP(Sheet1!B$2,'[1]AA&AS GENDER'!$1:$2,2,FALSE),FALSE))/(B$4) -> 0.00071530758 | C9: =(VLOOKUP(Sheet2!$A9,'[1]AA&AS GENDER'!$A:$F,HLOOKUP(Sheet1!C$2,'[1]AA&AS GENDER'!$1:$2,2,FALSE),FALSE))/(C$4) -> 0.0052390308 | D9: =(VLOOKUP(Sheet2!$A9,'[1]AA&AS GENDER'!$A:$F,HLOOKUP(Sheet1!D$2,'[1]AA&AS GENDER'!$1:$2,2,FALSE),FALSE))/(D$4) -> 0.012008005 | E9: =(VLOOKUP(Sheet2!$A9,'[1]AA&AS GENDER'!$A:$F,HLOOKUP(Sheet1!E$2,'[1]AA&AS GENDER'!$1:$2,2,FALSE),FALSE))/(E$4) -> 0.012771392 | F9: =(VLOOKUP(Sheet2!$A9,'[1]AA&AS GENDER'!$A:$F,HLOOKUP(Sheet1!F$2,'[1]AA&AS GENDER'!$1:$2,2,FALSE),FALSE))/(F$4) -> 0.010204082 | G9: 0.009042954 | H9: =F9-G9 -> 0.0011611276
A10: click here for graph
A12: Ethnicity | B12: AA/AS | C12: AA/AS | D12: AA/AS | E12: AA/AS | F12: AA/AS | G12: =G6 -> AY11-12 + 3 terms | H12: AA/AS Gap
A13: White | B13: =(VLOOKUP(Sheet2!$A12,'[1]AA&AS races'!$A:$F,HLOOKUP(Sheet1!B$2,'[1]AA&AS races'!$1:$2,2,FALSE),FALSE))/(B$4) -> 0.50786838 | C13: =(VLOOKUP(Sheet2!$A12,'[1]AA&AS races'!$A:$F,HLOOKUP(Sheet1!C$2,'[1]AA&AS races'!$1:$2,2,FALSE),FALSE))/(C$4) -> 0.52521284 | D13: =(VLOOKUP(Sheet2!$A12,'[1]AA&AS races'!$A:$F,HLOOKUP(Sheet1!D$2,'[1]AA&AS races'!$1:$2,2,FALSE),FALSE))/(D$4) -> 0.50166778 | E13: =(VLOOKUP(Sheet2!$A12,'[1]AA&AS races'!$A:$F,HLOOKUP(Sheet1!E$2,'[1]AA&AS races'!$1:$2,2,FALSE),FALSE))/(E$4) -> 0.48595147 | F13: =(VLOOKUP(Sheet2!$A12,'[1]AA&AS races'!$A:$F,HLOOKUP(Sheet1!F$2,'[1]AA&AS races'!$1:$2,2,FALSE),FALSE))/(F$4) -> 0.48596939 | G13: 0.41 | H13: =F13-G13 -> 0.075969388
A14: Hispanic | B14: =(VLOOKUP(Sheet2!$A13,'[1]AA&AS Hispanics'!$A:$F,HLOOKUP(Sheet1!B$2,'[1]AA&AS Hispanics'!$1:$2,2,FALSE),FALSE))/(B$4) -> 0.32260372 | C14: =(VLOOKUP(Sheet2!$A13,'[1]AA&AS Hispanics'!$A:$F,HLOOKUP(Sheet1!C$2,'[1]AA&AS Hispanics'!$1:$2,2,FALSE),FALSE))/(C$4) -> 0.33071382 | D14: =(VLOOKUP(Sheet2!$A13,'[1]AA&AS Hispanics'!$A:$F,HLOOKUP(Sheet1!D$2,'[1]AA&AS Hispanics'!$1:$2,2,FALSE),FALSE))/(D$4) -> 0.34356237 | E14: =(VLOOKUP(Sheet2!$A13,'[1]AA&AS Hispanics'!$A:$F,HLOOKUP(Sheet1!E$2,'[1]AA&AS Hispanics'!$1:$2,2,FALSE),FALSE))/(E$4) -> 0.3614304 | F14: =(VLOOKUP(Sheet2!$A13,'[1]AA&AS Hispanics'!$A:$F,HLOOKUP(Sheet1!F$2,'[1]AA&AS Hispanics'!$1:$2,2,FALSE),FALSE))/(F$4) -> 0.35395408 | G14: =[3]hispanic!$E$9 -> 0.35561417 | H14: =F14-G14 -> -0.0016600857
A15: African American | B15: =(VLOOKUP(Sheet2!$A14,'[1]AA&AS races'!$A:$F,HLOOKUP(Sheet1!B$2,'[1]AA&AS races'!$1:$2,2,FALSE),FALSE))/(B$4) -> 0.058655222 | C15: =(VLOOKUP(Sheet2!$A14,'[1]AA&AS races'!$A:$F,HLOOKUP(Sheet1!C$2,'[1]AA&AS races'!$1:$2,2,FALSE),FALSE))/(C$4) -> 0.045841519 | D15: =(VLOOKUP(Sheet2!$A14,'[1]AA&AS races'!$A:$F,HLOOKUP(Sheet1!D$2,'[1]AA&AS races'!$1:$2,2,FALSE),FALSE))/(D$4) -> 0.05203469 | E15: =(VLOOKUP(Sheet2!$A14,'[1]AA&AS races'!$A:$F,HLOOKUP(Sheet1!E$2,'[1]AA&AS races'!$1:$2,2,FALSE),FALSE))/(E$4) -> 0.045338442 | F15: =(VLOOKUP(Sheet2!$A14,'[1]AA&AS races'!$A:$F,HLOOKUP(Sheet1!F$2,'[1]AA&AS races'!$1:$2,2,FALSE),FALSE))/(F$4) -> 0.050382653 | G15: 0.07 | H15: =F15-G15 -> -0.019617347
A16: Asian | B16: =(VLOOKUP(Sheet2!$A15,'[1]AA&AS races'!$A:$F,HLOOKUP(Sheet1!B$2,'[1]AA&AS races'!$1:$2,2,FALSE),FALSE))/(B$4) -> 0.026466381 | C16: =(VLOOKUP(Sheet2!$A15,'[1]AA&AS races'!$A:$F,HLOOKUP(Sheet1!C$2,'[1]AA&AS races'!$1:$2,2,FALSE),FALSE))/(C$4) -> 0.013097577 | D16: =(VLOOKUP(Sheet2!$A15,'[1]AA&AS races'!$A:$F,HLOOKUP(Sheet1!D$2,'[1]AA&AS races'!$1:$2,2,FALSE),FALSE))/(D$4) -> 0.032021348 | E16: =(VLOOKUP(Sheet2!$A15,'[1]AA&AS races'!$A:$F,HLOOKUP(Sheet1!E$2,'[1]AA&AS races'!$1:$2,2,FALSE),FALSE))/(E$4) -> 0.03256705 | F16: =(VLOOKUP(Sheet2!$A15,'[1]AA&AS races'!$A:$F,HLOOKUP(Sheet1!F$2,'[1]AA&AS races'!$1:$2,2,FALSE),FALSE))/(F$4) -> 0.02869898 | G16: 0.03 | H16: =F16-G16 -> -0.0013010204
A17: Native American | B17: =(VLOOKUP(Sheet2!$A16,'[1]AA&AS races'!$A:$F,HLOOKUP(Sheet1!B$2,'[1]AA&AS races'!$1:$2,2,FALSE),FALSE))/(B$4) -> 0.011444921 | C17: =(VLOOKUP(Sheet2!$A16,'[1]AA&AS races'!$A:$F,HLOOKUP(Sheet1!C$2,'[1]AA&AS races'!$1:$2,2,FALSE),FALSE))/(C$4) -> 0.013752456 | D17: =(VLOOKUP(Sheet2!$A16,'[1]AA&AS races'!$A:$F,HLOOKUP(Sheet1!D$2,'[1]AA&AS races'!$1:$2,2,FALSE),FALSE))/(D$4) -> 0.0073382255 | E17: =(VLOOKUP(Sheet2!$A16,'[1]AA&AS races'!$A:$F,HLOOKUP(Sheet1!E$2,'[1]AA&AS races'!$1:$2,2,FALSE),FALSE))/(E$4) -> 0.012132822 | F17: =(VLOOKUP(Sheet2!$A16,'[1]AA&AS races'!$A:$F,HLOOKUP(Sheet1!F$2,'[1]AA&AS races'!$1:$2,2,FALSE),FALSE))/(F$4) -> 0.006377551 | G17: 0.01 | H17: =F17-G17 -> -0.003622449
A18: Filipino | B18: =(VLOOKUP(Sheet2!$A17,'[1]AA&AS races'!$A:$F,HLOOKUP(Sheet1!B$2,'[1]AA&AS races'!$1:$2,2,FALSE),FALSE))/(B$4) -> 0.0472103 | C18: =(VLOOKUP(Sheet2!$A17,'[1]AA&AS races'!$A:$F,HLOOKUP(Sheet1!C$2,'[1]AA&AS races'!$1:$2,2,FALSE),FALSE))/(C$4) -> 0.047151277 | D18: =(VLOOKUP(Sheet2!$A17,'[1]AA&AS races'!$A:$F,HLOOKUP(Sheet1!D$2,'[1]AA&AS races'!$1:$2,2,FALSE),FALSE))/(D$4) -> 0.043362241 | E18: =(VLOOKUP(Sheet2!$A17,'[1]AA&AS races'!$A:$F,HLOOKUP(Sheet1!E$2,'[1]AA&AS races'!$1:$2,2,FALSE),FALSE))/(E$4) -> 0.03256705 | F18: =(VLOOKUP(Sheet2!$A17,'[1]AA&AS races'!$A:$F,HLOOKUP(Sheet1!F$2,'[1]AA&AS races'!$1:$2,2,FALSE),FALSE))/(F$4) -> 0.051020408 | G18: 0.03 | H18: =F18-G18 -> 0.021020408
A19: Pacific Islander | B19: =(VLOOKUP(Sheet2!$A18,'[1]AA&AS races'!$A:$F,HLOOKUP(Sheet1!B$2,'[1]AA&AS races'!$1:$2,2,FALSE),FALSE))/(B$4) -> 0.0035765379 | C19: =(VLOOKUP(Sheet2!$A18,'[1]AA&AS races'!$A:$F,HLOOKUP(Sheet1!C$2,'[1]AA&AS races'!$1:$2,2,FALSE),FALSE))/(C$4) -> 0.0045841519 | D19: =(VLOOKUP(Sheet2!$A18,'[1]AA&AS races'!$A:$F,HLOOKUP(Sheet1!D$2,'[1]AA&AS races'!$1:$2,2,FALSE),FALSE))/(D$4) -> 0.0080053369 | E19: =(VLOOKUP(Sheet2!$A18,'[1]AA&AS races'!$A:$F,HLOOKUP(Sheet1!E$2,'[1]AA&AS races'!$1:$2,2,FALSE),FALSE))/(E$4) -> 0.0089399745 | F19: =(VLOOKUP(Sheet2!$A18,'[1]AA&AS races'!$A:$F,HLOOKUP(Sheet1!F$2,'[1]AA&AS races'!$1:$2,2,FALSE),FALSE))/(F$4) -> 0.0031887755 | G19: 0.01 | H19: =F19-G19 -> -0.0068112245
A20: Multi-Race | B20: =(VLOOKUP(Sheet2!$A19,'[1]AA&AS multi race'!$A:$F,HLOOKUP(Sheet1!B$2,'[1]AA&AS multi race'!$1:$2,2,FALSE),FALSE))/(B$4) -> 0.021459227 | C20: =(VLOOKUP(Sheet2!$A19,'[1]AA&AS multi race'!$A:$F,HLOOKUP(Sheet1!C$2,'[1]AA&AS multi race'!$1:$2,2,FALSE),FALSE))/(C$4) -> 0.01702685 | D20: =(VLOOKUP(Sheet2!$A19,'[1]AA&AS multi race'!$A:$F,HLOOKUP(Sheet1!D$2,'[1]AA&AS multi race'!$1:$2,2,FALSE),FALSE))/(D$4) -> 0.011340894 | E20: =(VLOOKUP(Sheet2!$A19,'[1]AA&AS multi race'!$A:$F,HLOOKUP(Sheet1!E$2,'[1]AA&AS multi race'!$1:$2,2,FALSE),FALSE))/(E$4) -> 0.019795658 | F20: =(VLOOKUP(Sheet2!$A19,'[1]AA&AS multi race'!$A:$F,HLOOKUP(Sheet1!F$2,'[1]AA&AS multi race'!$1:$2,2,FALSE),FALSE))/(F$4) -> 0.015306122 | G20: 0.08 | H20: =F20-G20 -> -0.064693878
A21: Unknown | B21: =100%-SUM(B13:B20) -> 0.00071530758 | C21: =100%-SUM(C13:C20) -> 0.0026195154 | D21: =100%-SUM(D13:D20) -> 0.00066711141 | E21: =100%-SUM(E13:E20) -> 0.0012771392 | F21: =100%-SUM(F13:F20) -> 0.0051020408 | G21: 0.05 | H21: =F21-G21 -> -0.044897959
A22: click here for graph
A24: Age | B24: AA/AS | C24: AA/AS | D24: AA/AS | E24: AA/AS | F24: AA/AS | G24: =G12 -> AY11-12 + 3 terms | H24: AA/AS Gap
A25: <18 | B25: =(IFERROR(VLOOKUP($A25,'[1]AA&AS AGE'!$A:$F,HLOOKUP(Sheet1!B$2,'[1]AA&AS AGE'!$1:$2,2,FALSE),FALSE),0))/(B$4) -> 0 | C25: =(IFERROR(VLOOKUP($A25,'[1]AA&AS AGE'!$A:$F,HLOOKUP(Sheet1!C$2,'[1]AA&AS AGE'!$1:$2,2,FALSE),FALSE),0))/(C$4) -> 0 | D25: =(IFERROR(VLOOKUP($A25,'[1]AA&AS AGE'!$A:$F,HLOOKUP(Sheet1!D$2,'[1]AA&AS AGE'!$1:$2,2,FALSE),FALSE),0))/(D$4) -> 0 | E25: =(IFERROR(VLOOKUP($A25,'[1]AA&AS AGE'!$A:$F,HLOOKUP(Sheet1!E$2,'[1]AA&AS AGE'!$1:$2,2,FALSE),FALSE),0))/(E$4) -> 0.0012771392 | F25: =(IFERROR(VLOOKUP($A25,'[1]AA&AS AGE'!$A:$F,HLOOKUP(Sheet1!F$2,'[1]AA&AS AGE'!$1:$2,2,FALSE),FALSE),0))/(F$4) -> 0 | G25: 0.009118312 | H25: =F25-G25 -> -0.009118312
A26: 18 & 19 | B26: =(IFERROR(VLOOKUP($A26,'[1]AA&AS AGE'!$A:$F,HLOOKUP(Sheet1!B$2,'[1]AA&AS AGE'!$1:$2,2,FALSE),FALSE),0))/(B$4) -> 0.015021459 | C26: =(IFERROR(VLOOKUP($A26,'[1]AA&AS AGE'!$A:$F,HLOOKUP(Sheet1!C$2,'[1]AA&AS AGE'!$1:$2,2,FALSE),FALSE),0))/(C$4) -> 0.013097577 | D26: =(IFERROR(VLOOKUP($A26,'[1]AA&AS AGE'!$A:$F,HLOOKUP(Sheet1!D$2,'[1]AA&AS AGE'!$1:$2,2,FALSE),FALSE),0))/(D$4) -> 0.0066711141 | E26: =(IFERROR(VLOOKUP($A26,'[1]AA&AS AGE'!$A:$F,HLOOKUP(Sheet1!E$2,'[1]AA&AS AGE'!$1:$2,2,FALSE),FALSE),0))/(E$4) -> 0.0076628352 | F26: =(IFERROR(VLOOKUP($A26,'[1]AA&AS AGE'!$A:$F,HLOOKUP(Sheet1!F$2,'[1]AA&AS AGE'!$1:$2,2,FALSE),FALSE),0))/(F$4) -> 0.010841837 | G26: 0.13406179 | H26: =F26-G26 -> -0.12321996
A27: 20 to 24 | B27: =(IFERROR(VLOOKUP($A27,'[1]AA&AS AGE'!$A:$F,HLOOKUP(Sheet1!B$2,'[1]AA&AS AGE'!$1:$2,2,FALSE),FALSE),0))/(B$4) -> 0.46924177 | C27: =(IFERROR(VLOOKUP($A27,'[1]AA&AS AGE'!$A:$F,HLOOKUP(Sheet1!C$2,'[1]AA&AS AGE'!$1:$2,2,FALSE),FALSE),0))/(C$4) -> 0.49246889 | D27: =(IFERROR(VLOOKUP($A27,'[1]AA&AS AGE'!$A:$F,HLOOKUP(Sheet1!D$2,'[1]AA&AS AGE'!$1:$2,2,FALSE),FALSE),0))/(D$4) -> 0.47698466 | E27: =(IFERROR(VLOOKUP($A27,'[1]AA&AS AGE'!$A:$F,HLOOKUP(Sheet1!E$2,'[1]AA&AS AGE'!$1:$2,2,FALSE),FALSE),0))/(E$4) -> 0.48020434 | F27: =(IFERROR(VLOOKUP($A27,'[1]AA&AS AGE'!$A:$F,HLOOKUP(Sheet1!F$2,'[1]AA&AS AGE'!$1:$2,2,FALSE),FALSE),0))/(F$4) -> 0.50637755 | G27: 0.42471741 | H27: =F27-G27 -> 0.081660143
A28: 25 to 29 | B28: =(IFERROR(VLOOKUP($A28,'[1]AA&AS AGE'!$A:$F,HLOOKUP(Sheet1!B$2,'[1]AA&AS AGE'!$1:$2,2,FALSE),FALSE),0))/(B$4) -> 0.18240343 | C28: =(IFERROR(VLOOKUP($A28,'[1]AA&AS AGE'!$A:$F,HLOOKUP(Sheet1!C$2,'[1]AA&AS AGE'!$1:$2,2,FALSE),FALSE),0))/(C$4) -> 0.16306483 | D28: =(IFERROR(VLOOKUP($A28,'[1]AA&AS AGE'!$A:$F,HLOOKUP(Sheet1!D$2,'[1]AA&AS AGE'!$1:$2,2,FALSE),FALSE),0))/(D$4) -> 0.18812542 | E28: =(IFERROR(VLOOKUP($A28,'[1]AA&AS AGE'!$A:$F,HLOOKUP(Sheet1!E$2,'[1]AA&AS AGE'!$1:$2,2,FALSE),FALSE),0))/(E$4) -> 0.18646232 | F28: =(IFERROR(VLOOKUP($A28,'[1]AA&AS AGE'!$A:$F,HLOOKUP(Sheet1!F$2,'[1]AA&AS AGE'!$1:$2,2,FALSE),FALSE),0))/(F$4) -> 0.18494898 | G28: 0.1455162 | H28: =F28-G28 -> 0.039432778
A29: 30 to 34 | B29: =(IFERROR(VLOOKUP($A29,'[1]AA&AS AGE'!$A:$F,HLOOKUP(Sheet1!B$2,'[1]AA&AS AGE'!$1:$2,2,FALSE),FALSE),0))/(B$4) -> 0.10014306 | C29: =(IFERROR(VLOOKUP($A29,'[1]AA&AS AGE'!$A:$F,HLOOKUP(Sheet1!C$2,'[1]AA&AS AGE'!$1:$2,2,FALSE),FALSE),0))/(C$4) -> 0.10347086 | D29: =(IFERROR(VLOOKUP($A29,'[1]AA&AS AGE'!$A:$F,HLOOKUP(Sheet1!D$2,'[1]AA&AS AGE'!$1:$2,2,FALSE),FALSE),0))/(D$4) -> 0.097398266 | E29: =(IFERROR(VLOOKUP($A29,'[1]AA&AS AGE'!$A:$F,HLOOKUP(Sheet1!E$2,'[1]AA&AS AGE'!$1:$2,2,FALSE),FALSE),0))/(E$4) -> 0.093231162 | F29: =(IFERROR(VLOOKUP($A29,'[1]AA&AS AGE'!$A:$F,HLOOKUP(Sheet1!F$2,'[1]AA&AS AGE'!$1:$2,2,FALSE),FALSE),0))/(F$4) -> 0.091836735 | G29: 0.083270535 | H29: =F29-G29 -> 0.0085661997
A30: 35 to 39 | B30: =(IFERROR(VLOOKUP($A30,'[1]AA&AS AGE'!$A:$F,HLOOKUP(Sheet1!B$2,'[1]AA&AS AGE'!$1:$2,2,FALSE),FALSE),0))/(B$4) -> 0.073676681 | C30: =(IFERROR(VLOOKUP($A30,'[1]AA&AS AGE'!$A:$F,HLOOKUP(Sheet1!C$2,'[1]AA&AS AGE'!$1:$2,2,FALSE),FALSE),0))/(C$4) -> 0.071381794 | D30: =(IFERROR(VLOOKUP($A30,'[1]AA&AS AGE'!$A:$F,HLOOKUP(Sheet1!D$2,'[1]AA&AS AGE'!$1:$2,2,FALSE),FALSE),0))/(D$4) -> 0.067378252 | E30: =(IFERROR(VLOOKUP($A30,'[1]AA&AS AGE'!$A:$F,HLOOKUP(Sheet1!E$2,'[1]AA&AS AGE'!$1:$2,2,FALSE),FALSE),0))/(E$4) -> 0.066411239 | F30: =(IFERROR(VLOOKUP($A30,'[1]AA&AS AGE'!$A:$F,HLOOKUP(Sheet1!F$2,'[1]AA&AS AGE'!$1:$2,2,FALSE),FALSE),0))/(F$4) -> 0.073341837 | G30: 0.061115298 | H30: =F30-G30 -> 0.012226539
A31: 40 to 49 | B31: =(IFERROR(VLOOKUP($A31,'[1]AA&AS AGE'!$A:$F,HLOOKUP(Sheet1!B$2,'[1]AA&AS AGE'!$1:$2,2,FALSE),FALSE),0))/(B$4) -> 0.11444921 | C31: =(IFERROR(VLOOKUP($A31,'[1]AA&AS AGE'!$A:$F,HLOOKUP(Sheet1!C$2,'[1]AA&AS AGE'!$1:$2,2,FALSE),FALSE),0))/(C$4) -> 0.11329404 | D31: =(IFERROR(VLOOKUP($A31,'[1]AA&AS AGE'!$A:$F,HLOOKUP(Sheet1!D$2,'[1]AA&AS AGE'!$1:$2,2,FALSE),FALSE),0))/(D$4) -> 0.12341561 | E31: =(IFERROR(VLOOKUP($A31,'[1]AA&AS AGE'!$A:$F,HLOOKUP(Sheet1!E$2,'[1]AA&AS AGE'!$1:$2,2,FALSE),FALSE),0))/(E$4) -> 0.1155811 | F31: =(IFERROR(VLOOKUP($A31,'[1]AA&AS AGE'!$A:$F,HLOOKUP(Sheet1!F$2,'[1]AA&AS AGE'!$1:$2,2,FALSE),FALSE),0))/(F$4) -> 0.086734694 | G31: 0.090052751 | H31: =F31-G31 -> -0.0033180567
A32: 50 + | B32: =(IFERROR(VLOOKUP($A32,'[1]AA&AS AGE'!$A:$F,HLOOKUP(Sheet1!B$2,'[1]AA&AS AGE'!$1:$2,2,FALSE),FALSE),0))/(B$4) -> 0.045064378 | C32: =(IFERROR(VLOOKUP($A32,'[1]AA&AS AGE'!$A:$F,HLOOKUP(Sheet1!C$2,'[1]AA&AS AGE'!$1:$2,2,FALSE),FALSE),0))/(C$4) -> 0.043222004 | D32: =(IFERROR(VLOOKUP($A32,'[1]AA&AS AGE'!$A:$F,HLOOKUP(Sheet1!D$2,'[1]AA&AS AGE'!$1:$2,2,FALSE),FALSE),0))/(D$4) -> 0.040026684 | E32: =(IFERROR(VLOOKUP($A32,'[1]AA&AS AGE'!$A:$F,HLOOKUP(Sheet1!E$2,'[1]AA&AS AGE'!$1:$2,2,FALSE),FALSE),0))/(E$4) -> 0.04916986 | F32: =(IFERROR(VLOOKUP($A32,'[1]AA&AS AGE'!$A:$F,HLOOKUP(Sheet1!F$2,'[1]AA&AS AGE'!$1:$2,2,FALSE),FALSE),0))/(F$4) -> 0.045918367 | G32: 0.051996986 | H32: =F32-G32 -> -0.0060786183
A33: Unknown | B33: =(IFERROR(VLOOKUP($A33,'[1]AA&AS AGE'!$A:$F,HLOOKUP(Sheet1!B$2,'[1]AA&AS AGE'!$1:$2,2,FALSE),FALSE),0))/(B$4) -> 0 | C33: =(IFERROR(VLOOKUP($A33,'[1]AA&AS AGE'!$A:$F,HLOOKUP(Sheet1!C$2,'[1]AA&AS AGE'!$1:$2,2,FALSE),FALSE),0))/(C$4) -> 0 | D33: =(IFERROR(VLOOKUP($A33,'[1]AA&AS AGE'!$A:$F,HLOOKUP(Sheet1!D$2,'[1]AA&AS AGE'!$1:$2,2,FALSE),FALSE),0))/(D$4) -> 0 | E33: =(IFERROR(VLOOKUP($A33,'[1]AA&AS AGE'!$A:$F,HLOOKUP(Sheet1!E$2,'[1]AA&AS AGE'!$1:$2,2,FALSE),FALSE),0))/(E$4) -> 0 | F33: =(IFERROR(VLOOKUP($A33,'[1]AA&AS AGE'!$A:$F,HLOOKUP(Sheet1!F$2,'[1]AA&AS AGE'!$1:$2,2,FALSE),FALSE),0))/(F$4) -> 0 | G33: 0 | H33: =F33-G33 -> 0
A34: click here for graph
B36: AA/AS | C36: AA/AS | D36: AA/AS | E36: AA/AS | F36: AA/AS
A37: DSPS

Sheet Sheet2
A1: Grand Total
A7: F
A8: M
A9: (blank)
A12: W | B12: White
A13: Hispanics | B13: Hispanic
A14: B | B14: African American
A15: A | B15: Asian
A16: N | B16: Native American
A17: F | B17: Filipino
A18: P | B18: Pacific Islander
A19: Multi-Race | B19: Multi-Race
B20: Unknown

Sheet TOTAL AWARDS GRAPH
A1: BACK TO TABLE
AB2: Column Labels
AA3: Values | AB3: AA & AS | AC3: Grand Total
AA4: AY 07-08 | AB4: 1398 | AC4: 1398
AA5: AY 08-09 | AB5: 1527 | AC5: 1527
AA6: AY 09-10 | AB6: 1499 | AC6: 1499
AA7: AY 10-11 | AB7: 1566 | AC7: 1566
AA8: AY 11-12 | AB8: 1568 | AC8: 1568

Sheet GENDER % GRAPH
A1: BACK TO TABLE
AE2: Column Labels
AD3: Values | AE3: Female | AF3: Male | AG3: Unknown | AH3: Grand Total
AD4: AY 07-08 | AE4: 0.67668097 | AF4: 0.32260372 | AG4: 0.00071530758 | AH4: 1
AD5: AY 08-09 | AE5: 0.67125082 | AF5: 0.32351015 | AG5: 0.0052390308 | AH5: 1
AD6: AY 09-10 | AE6: 0.65577051 | AF6: 0.33222148 | AG6: 0.012008005 | AH6: 1
AD7: AY 10-11 | AE7: 0.64750958 | AF7: 0.33971903 | AG7: 0.012771392 | AH7: 1
AD8: AY 11-12 | AE8: 0.61288265 | AF8: 0.37691327 | AG8: 0.010204082 | AH8: 1
AD9: Comparison (Enrolled AY 11-12 + 3 Terms) | AE9: 0.59751319 | AF9: 0.39344386 | AG9: 0.009042954 | AH9: 1

Sheet ETHNICITY % GRAPH
A1: BACK TO TABLE | AE1: Column Labels
AD2: Values | AE2: White | AF2: Hispanic | AG2: African American | AH2: Filipino | AI2: Asian | AJ2: Multi-Race | AK2: Pacific Islander | AL2: Native American | AM2: Unknown | AN2: Grand Total
AD3: AY 09-10 | AE3: 0.50166778 | AF3: 0.34356237 | AG3: 0.05203469 | AH3: 0.043362241 | AI3: 0.032021348 | AJ3: 0.011340894 | AK3: 0.0080053369 | AL3: 0.0073382255 | AM3: 0.00066711141 | AN3: 1
AD4: AY 08-09 | AE4: 0.52521284 | AF4: 0.33071382 | AG4: 0.045841519 | AH4: 0.047151277 | AI4: 0.013097577 | AJ4: 0.01702685 | AK4: 0.0045841519 | AL4: 0.013752456 | AM4: 0.0026195154 | AN4: 1
AD5: AY 07-08 | AE5: 0.50786838 | AF5: 0.32260372 | AG5: 0.058655222 | AH5: 0.0472103 | AI5: 0.026466381 | AJ5: 0.021459227 | AK5: 0.0035765379 | AL5: 0.011444921 | AM5: 0.00071530758 | AN5: 1
AD6: AY 10-11 | AE6: 0.48595147 | AF6: 0.3614304 | AG6: 0.045338442 | AH6: 0.03256705 | AI6: 0.03256705 | AJ6: 0.019795658 | AK6: 0.0089399745 | AL6: 0.012132822 | AM6: 0.0012771392 | AN6: 1
AD7: AY 11-12 | AE7: 0.48596939 | AF7: 0.35395408 | AG7: 0.050382653 | AH7: 0.051020408 | AI7: 0.02869898 | AJ7: 0.015306122 | AK7: 0.0031887755 | AL7: 0.006377551 | AM7: 0.0051020408 | AN7: 1
AD8: Comparison (Enrolled AY 11-12 + 3 Terms) | AE8: 0.41 | AF8: 0.35561417 | AG8: 0.07 | AH8: 0.03 | AI8: 0.03 | AJ8: 0.08 | AK8: 0.01 | AL8: 0.01 | AM8: 0.05 | AN8: 1.0456142

Sheet AGE % GRAPH
A1: BACK TO TABLE | AL1: Column Labels
AK2: Values | AL2: <18 | AM2: 18 & 19 | AN2: 20 to 24 | AO2: 25 to 29 | AP2: 30 to 34 | AQ2: 35 to 39 | AR2: 40 to 49 | AS2: 50 + | AT2: Unknown | AU2: Grand Total
AK3: AY 07-08 | AL3: 0 | AM3: 0.015021459 | AN3: 0.46924177 | AO3: 0.18240343 | AP3: 0.10014306 | AQ3: 0.073676681 | AR3: 0.11444921 | AS3: 0.045064378 | AT3: 0 | AU3: 1
AK4: AY 08-09 | AL4: 0 | AM4: 0.013097577 | AN4: 0.49246889 | AO4: 0.16306483 | AP4: 0.10347086 | AQ4: 0.071381794 | AR4: 0.11329404 | AS4: 0.043222004 | AT4: 0 | AU4: 1
AK5: AY 09-10 | AL5: 0 | AM5: 0.0066711141 | AN5: 0.47698466 | AO5: 0.18812542 | AP5: 0.097398266 | AQ5: 0.067378252 | AR5: 0.12341561 | AS5: 0.040026684 | AT5: 0 | AU5: 1
AK6: AY 10-11 | AL6: 0.0012771392 | AM6: 0.0076628352 | AN6: 0.48020434 | AO6: 0.18646232 | AP6: 0.093231162 | AQ6: 0.066411239 | AR6: 0.1155811 | AS6: 0.04916986 | AT6: 0 | AU6: 1
AK7: AY 11-12 | AL7: 0 | AM7: 0.010841837 | AN7: 0.50637755 | AO7: 0.18494898 | AP7: 0.091836735 | AQ7: 0.073341837 | AR7: 0.086734694 | AS7: 0.045918367 | AT7: 0 | AU7: 1
AK8: Comparison (Enrolled AY 11-12 + 3 Terms) | AL8: 0.009118312 | AM8: 0.13406179 | AN8: 0.42471741 | AO8: 0.1455162 | AP8: 0.083270535 | AQ8: 0.061115298 | AR8: 0.090052751 | AS8: 0.051996986 | AT8: 0 | AU8: 0.99984928
