Workbook

Sheet WithPerformance
A1: Combined Bidder Activity Summary Report - June 2014 (Projects bid opened from July 2012 to June 2014, as of 07/03/2014)
A2: Bid Month-YR | B2: Engineer's Estimate | C2: Low Bid | D2: Low Bid vs. EE | E2: Avg. Number of Bidders | F2: Number of Projects Bid Opened | G2: No. of Projects Under 10% of EE | H2: No. of Projects in ±10% of EE | I2: No. of Projects Over 10% of EE | J2: No. of Projects Within 110% of EE | K2: Percent of Projects Within ±10% of EE
A3: 41105 | B3: 3.243447e+08 | C3: 2.8258512e+08 | D3: =(C3-B3)/B3 -> -0.12875064 | E3: 5.5714286 | F3: 28 | G3: 15 | H3: 9 | I3: 4 | J3: =SUM(G3:H3) -> 24 | K3: =H3/F3 -> 0.32142857
A4: 41132 | B4: 3.7686473e+08 | C4: 3.3098246e+08 | D4: =(C4-B4)/B4 -> -0.12174731 | E4: 5.8 | F4: 25 | G4: 14 | H4: 7 | I4: 4 | J4: =SUM(G4:H4) -> 21 | K4: =H4/F4 -> 0.28
A5: 41163 | B5: 5.1060848e+08 | C5: 4.6529664e+08 | D5: =(C5-B5)/B5 -> -0.088740862 | E5: 5.8823529 | F5: 34 | G5: 16 | H5: 16 | I5: 2 | J5: =SUM(G5:H5) -> 32 | K5: =H5/F5 -> 0.47058824
A6: 41193 | B6: 7.8325299e+08 | C6: 7.0386762e+08 | D6: =(C6-B6)/B6 -> -0.10135343 | E6: 5.5813953 | F6: 44 | G6: 25 | H6: 9 | I6: 9 | J6: =SUM(G6:H6) -> 34 | K6: =H6/F6 -> 0.20454545
A7: 41224 | B7: 2.05996e+08 | C7: 1.8561857e+08 | D7: =(C7-B7)/B7 -> -0.09892151 | E7: 6.1290323 | F7: 31 | G7: 14 | H7: 13 | I7: 4 | J7: =SUM(G7:H7) -> 27 | K7: =H7/F7 -> 0.41935484
A8: 41254 | B8: 94032651 | C8: 87155582 | D8: =(C8-B8)/B8 -> -0.073134904 | E8: 7.5 | F8: 20 | G8: 7 | H8: 9 | I8: 4 | J8: =SUM(G8:H8) -> 16 | K8: =H8/F8 -> 0.45
A9: 41286 | B9: 1.1513854e+08 | C9: 1.0544817e+08 | D9: =(C9-B9)/B9 -> -0.084162669 | E9: 8.1875 | F9: 32 | G9: 15 | H9: 12 | I9: 5 | J9: =SUM(G9:H9) -> 27 | K9: =H9/F9 -> 0.375
A10: 41317 | B10: 63553978 | C10: 60906336 | D10: =(C10-B10)/B10 -> -0.041659724 | E10: 7.4571429 | F10: 35 | G10: 9 | H10: 23 | I10: 4 | J10: =SUM(G10:H10) -> 32 | K10: =H10/F10 -> 0.65714286
A11: Mar-13 | B11: 86258664 | C11: 80216996 | D11: =(C11-B11)/B11 -> -0.070041283 | E11: 6.9353488 | F11: 43 | G11: 17 | H11: 21 | I11: 5 | J11: =SUM(G11:H11) -> 38 | K11: =H11/F11 -> 0.48837209
A12: 41376 | B12: 1.258855e+08 | C12: 122939214 | D12: =(C12-B12)/B12 -> -0.023404492 | E12: 5.4078947 | F12: 76 | G12: 26 | H12: 37 | I12: 13 | J12: =SUM(G12:H12) -> 63 | K12: =H12/F12 -> 0.48684211
A13: 41407 | B13: 1.4854703e+08 | C13: 1.4241549e+08 | D13: =(C13-B13)/B13 -> -0.041276817 | E13: 5.5 | F13: 59 | G13: 20 | H13: 30 | I13: 9 | J13: =SUM(G13:H13) -> 50 | K13: =H13/F13 -> 0.50847458
A14: 41438 | B14: 33084358 | C14: 32859583 | D14: =(C14-B14)/B14 -> -0.0067940187 | E14: 5.13 | F14: 16 | G14: 6 | H14: 8 | I14: 2 | J14: =SUM(G14:H14) -> 14 | K14: =H14/F14 -> 0.5
A15: Jul 12 to Jun 13 | B15: =SUM(B3:B14) -> 2.8675676e+09 | C15: =SUM(C3:C14) -> 2.6002918e+09 | D15: =(C15-B15)/B15 -> -0.093206471 | E15: =(E3*F3+E4*F4+E5*F5+E6*F6+E7*F7+E8*F8+E9*F9+E10*F10+E11*F11+E12*F12+E13*F13+E14*F14)/F15 -> 6.1521025 | F15: =SUM(F3:F14) -> 443 | G15: =SUM(G3:G14) -> 184 | H15: =SUM(H3:H14) -> 194 | I15: =SUM(I3:I14) -> 65 | J15: =SUM(J3:J14) -> 378 | K15: =H15/F15 -> 0.43792325
A16: 41468 | B16: 1.0157865e+08 | C16: 1.0219267e+08 | D16: =(C16-B16)/B16 -> 0.0060447376 | E16: 4.8571429 | F16: 14 | G16: 7 | H16: 3 | I16: 4 | J16: =SUM(G16:H16) -> 10 | K16: =H16/F16 -> 0.21428571
A17: Aug-13 | B17: 67879300 | C17: 61238911 | D17: =(C17-B17)/B17 -> -0.097826422 | E17: 6 | F17: 20 | G17: 9 | H17: 8 | I17: 3 | J17: =SUM(G17:H17) -> 17 | K17: =H17/F17 -> 0.4
A18: Sept-13 | B18: 2.0416582e+08 | C18: 1.7325807e+08 | D18: =(C18-B18)/B18 -> -0.15138554 | E18: 6.8846 | F18: 26 | G18: 18 | H18: 5 | I18: 3 | J18: =SUM(G18:H18) -> 23 | K18: =H18/F18 -> 0.19230769
A19: Oct-13 | B19: 1.6218235e+08 | C19: 1.4643232e+08 | D19: =(C19-B19)/B19 -> -0.097113071 | E19: 5.3103 | F19: 29 | G19: 10 | H19: 16 | I19: 3 | J19: =SUM(G19:H19) -> 26 | K19: =H19/F19 -> 0.55172414
A20: Nov-13 | B20: 1.6550293e+08 | C20: 1.4427748e+08 | D20: =(C20-B20)/B20 -> -0.12824819 | E20: 7.467 | F20: 15 | G20: 8 | H20: 6 | I20: 1 | J20: =SUM(G20:H20) -> 14 | K20: =H20/F20 -> 0.4
A21: 41620 | B21: 1.2441566e+08 | C21: 1.1906056e+08 | D21: =(C21-B21)/B21 -> -0.043042048 | E21: 6.9231 | F21: 13 | G21: 4 | H21: 6 | I21: 3 | J21: =SUM(G21:H21) -> 10 | K21: =H21/F21 -> 0.46153846
A22: Jan-14 | B22: 1.4081343e+08 | C22: 137191609 | D22: =(C22-B22)/B22 -> -0.025720741 | E22: 7.5714286 | F22: 28 | G22: 13 | H22: 9 | I22: 6 | J22: =SUM(G22:H22) -> 22 | K22: =H22/F22 -> 0.32142857
A23: 41684 | B23: 92385807 | C23: 83500057 | D23: =(C23-B23)/B23 -> -0.096180899 | E23: 6.6 | F23: 27 | G23: 10 | H23: 13 | I23: 4 | J23: =SUM(G23:H23) -> 23 | K23: =H23/F23 -> 0.48148148
A24: 41712 | B24: 210853414 | C24: 184251324 | D24: =(C24-B24)/B24 -> -0.1261639 | E24: 6.4 | F24: 56 | G24: 29 | H24: 23 | I24: 4 | J24: =SUM(G24:H24) -> 52 | K24: =H24/F24 -> 0.41071429
A25: * Apr-14 | B25: 231265534 | C25: 205255562 | D25: =(C25-B25)/B25 -> -0.112468 | E25: 5.5 | F25: 62 | G25: 31 | H25: 25 | I25: 6 | J25: =SUM(G25:H25) -> 56 | K25: =H25/F25 -> 0.40322581
A26: * May-14 | B26: 140508630 | C26: 134448039 | D26: =(C26-B26)/B26 -> -0.04313323 | E26: 4.8 | F26: 57 | G26: 31 | H26: 18 | I26: 8 | J26: =SUM(G26:H26) -> 49 | K26: =H26/F26 -> 0.31578947
A27: 41791 | B27: 231614414 | C27: 221633094 | D27: =(C27-B27)/B27 -> -0.043094555 | E27: 5 | F27: 20 | G27: 5 | H27: 12 | I27: 3 | J27: =SUM(G27:H27) -> 17 | K27: =H27/F27 -> 0.6
A28: Jul 13 - Jun 14 | B28: =SUM(B16:B27) -> 1.8731659e+09 | C28: =SUM(C16:C27) -> 1.7127397e+09 | D28: =(C28-B28)/B28 -> -0.085644445 | E28: =(F16*E16+F17*E17+F18*E18+F19*E19+F20*E20+F21*E21+F22*E22+F23*E23+F24*E24+F25*E25+F26*E26+F27*E27)/F28 -> 5.956958 | F28: =SUM(F16:F27) -> 367 | G28: =SUM(G16:G27) -> 175 | H28: =SUM(H16:H27) -> 144 | I28: =SUM(I16:I27) -> 48 | J28: =SUM(J16:J27) -> 319 | K28: =H28/F28 -> 0.39237057
A29: Total | B29: =B15+B28 -> 4.7407336e+09 | C29: =C15+C28 -> 4.3130315e+09 | D29: =(C29-B29)/B29 -> -0.090218551 | E29: =(F28*E28+F15*E15)/F29 -> 6.0636852 | F29: =F15+F28 -> 810 | G29: =G15+G28 -> 359 | H29: =H15+H28 -> 338 | I29: =I15+I28 -> 113 | J29: =J15+J28 -> 697 | K29: =H29/F29 -> 0.41728395
A30: Note: 1) "*", numbers may be different from that in the previous report due to bid rank change(s); 2) Rejected projects are not included in calculations.

Sheet YR 11-12 to 12-13 Combined
A1: =WithPerformance!A1 -> Combined Bidder Activity Summary Report - June 2014 (Projects bid opened from July 2012 to June 2014, as of 07/03/2014)
A2: Bid Month-YR | B2: Engineer's Estimate | C2: Low Bid | D2: Low Bid vs. EE | E2: Avg. Number of Bidders | F2: Number of Projects Bid Opened | G2: No. of Projects Under 10% of EE | H2: No. of Projects in ±10% of EE | I2: No. of Projects Over 10% of EE | J2: No. of Projects Within 110% of EE
A3: =IF(WithPerformance!A3="","",WithPerformance!A3) -> 41105 | B3: =IF(WithPerformance!B3="","",WithPerformance!B3) -> 3.243447e+08 | C3: =IF(WithPerformance!C3="","",WithPerformance!C3) -> 2.8258512e+08 | D3: =IF(WithPerformance!D3="","",WithPerformance!D3) -> -0.12875064 | E3: =IF(WithPerformance!E3="","",WithPerformance!E3) -> 5.5714286 | F3: =IF(WithPerformance!F3="","",WithPerformance!F3) -> 28 | G3: =IF(WithPerformance!G3="","",WithPerformance!G3) -> 15 | H3: =IF(WithPerformance!H3="","",WithPerformance!H3) -> 9 | ... J3: =IF(WithPerformance!J3="","",WithPerformance!J3) -> 24
A4: =IF(WithPerformance!A4="","",WithPerformance!A4) -> 41132 | B4: =IF(WithPerformance!B4="","",WithPerformance!B4) -> 3.7686473e+08 | C4: =IF(WithPerformance!C4="","",WithPerformance!C4) -> 3.3098246e+08 | D4: =IF(WithPerformance!D4="","",WithPerformance!D4) -> -0.12174731 | E4: =IF(WithPerformance!E4="","",WithPerformance!E4) -> 5.8 | F4: =IF(WithPerformance!F4="","",WithPerformance!F4) -> 25 | G4: =IF(WithPerformance!G4="","",WithPerformance!G4) -> 14 | H4: =IF(WithPerformance!H4="","",WithPerformance!H4) -> 7 | ... J4: =IF(WithPerformance!J4="","",WithPerformance!J4) -> 21
A5: =IF(WithPerformance!A5="","",WithPerformance!A5) -> 41163 | B5: =IF(WithPerformance!B5="","",WithPerformance!B5) -> 5.1060848e+08 | C5: =IF(WithPerformance!C5="","",WithPerformance!C5) -> 4.6529664e+08 | D5: =IF(WithPerformance!D5="","",WithPerformance!D5) -> -0.088740862 | E5: =IF(WithPerformance!E5="","",WithPerformance!E5) -> 5.8823529 | F5: =IF(WithPerformance!F5="","",WithPerformance!F5) -> 34 | G5: =IF(WithPerformance!G5="","",WithPerformance!G5) -> 16 | H5: =IF(WithPerformance!H5="","",WithPerformance!H5) -> 16 | ... J5: =IF(WithPerformance!J5="","",WithPerformance!J5) -> 32
A6: =IF(WithPerformance!A6="","",WithPerformance!A6) -> 41193 | B6: =IF(WithPerformance!B6="","",WithPerformance!B6) -> 7.8325299e+08 | C6: =IF(WithPerformance!C6="","",WithPerformance!C6) -> 7.0386762e+08 | D6: =IF(WithPerformance!D6="","",WithPerformance!D6) -> -0.10135343 | E6: =IF(WithPerformance!E6="","",WithPerformance!E6) -> 5.5813953 | F6: =IF(WithPerformance!F6="","",WithPerformance!F6) -> 44 | G6: =IF(WithPerformance!G6="","",WithPerformance!G6) -> 25 | H6: =IF(WithPerformance!H6="","",WithPerformance!H6) -> 9 | ... J6: =IF(WithPerformance!J6="","",WithPerformance!J6) -> 34
A7: =IF(WithPerformance!A7="","",WithPerformance!A7) -> 41224 | B7: =IF(WithPerformance!B7="","",WithPerformance!B7) -> 2.05996e+08 | C7: =IF(WithPerformance!C7="","",WithPerformance!C7) -> 1.8561857e+08 | D7: =IF(WithPerformance!D7="","",WithPerformance!D7) -> -0.09892151 | E7: =IF(WithPerformance!E7="","",WithPerformance!E7) -> 6.1290323 | F7: =IF(WithPerformance!F7="","",WithPerformance!F7) -> 31 | G7: =IF(WithPerformance!G7="","",WithPerformance!G7) -> 14 | H7: =IF(WithPerformance!H7="","",WithPerformance!H7) -> 13 | ... J7: =IF(WithPerformance!J7="","",WithPerformance!J7) -> 27
A8: =IF(WithPerformance!A8="","",WithPerformance!A8) -> 41254 | B8: =IF(WithPerformance!B8="","",WithPerformance!B8) -> 94032651 | C8: =IF(WithPerformance!C8="","",WithPerformance!C8) -> 87155582 | D8: =IF(WithPerformance!D8="","",WithPerformance!D8) -> -0.073134904 | E8: =IF(WithPerformance!E8="","",WithPerformance!E8) -> 7.5 | F8: =IF(WithPerformance!F8="","",WithPerformance!F8) -> 20 | G8: =IF(WithPerformance!G8="","",WithPerformance!G8) -> 7 | H8: =IF(WithPerformance!H8="","",WithPerformance!H8) -> 9 | ... J8: =IF(WithPerformance!J8="","",WithPerformance!J8) -> 16
A9: =IF(WithPerformance!A9="","",WithPerformance!A9) -> 41286 | B9: =IF(WithPerformance!B9="","",WithPerformance!B9) -> 1.1513854e+08 | C9: =IF(WithPerformance!C9="","",WithPerformance!C9) -> 1.0544817e+08 | D9: =IF(WithPerformance!D9="","",WithPerformance!D9) -> -0.084162669 | E9: =IF(WithPerformance!E9="","",WithPerformance!E9) -> 8.1875 | F9: =IF(WithPerformance!F9="","",WithPerformance!F9) -> 32 | G9: =IF(WithPerformance!G9="","",WithPerformance!G9) -> 15 | H9: =IF(WithPerformance!H9="","",WithPerformance!H9) -> 12 | ... J9: =IF(WithPerformance!J9="","",WithPerformance!J9) -> 27
A10: =IF(WithPerformance!A10="","",WithPerformance!A10) -> 41317 | B10: =IF(WithPerformance!B10="","",WithPerformance!B10) -> 63553978 | C10: =IF(WithPerformance!C10="","",WithPerformance!C10) -> 60906336 | D10: =IF(WithPerformance!D10="","",WithPerformance!D10) -> -0.041659724 | E10: =IF(WithPerformance!E10="","",WithPerformance!E10) -> 7.4571429 | F10: =IF(WithPerformance!F10="","",WithPerformance!F10) -> 35 | G10: =IF(WithPerformance!G10="","",WithPerformance!G10) -> 9 | H10: =IF(WithPerformance!H10="","",WithPerformance!H10) -> 23 | ... J10: =IF(WithPerformance!J10="","",WithPerformance!J10) -> 32
A11: =IF(WithPerformance!A11="","",WithPerformance!A11) -> Mar-13 | B11: =IF(WithPerformance!B11="","",WithPerformance!B11) -> 86258664 | C11: =IF(WithPerformance!C11="","",WithPerformance!C11) -> 80216996 | D11: =IF(WithPerformance!D11="","",WithPerformance!D11) -> -0.070041283 | E11: =IF(WithPerformance!E11="","",WithPerformance!E11) -> 6.9353488 | F11: =IF(WithPerformance!F11="","",WithPerformance!F11) -> 43 | G11: =IF(WithPerformance!G11="","",WithPerformance!G11) -> 17 | H11: =IF(WithPerformance!H11="","",WithPerformance!H11) -> 21 | ... J11: =IF(WithPerformance!J11="","",WithPerformance!J11) -> 38
A12: =IF(WithPerformance!A12="","",WithPerformance!A12) -> 41376 | B12: =IF(WithPerformance!B12="","",WithPerformance!B12) -> 1.258855e+08 | C12: =IF(WithPerformance!C12="","",WithPerformance!C12) -> 122939214 | D12: =IF(WithPerformance!D12="","",WithPerformance!D12) -> -0.023404492 | E12: =IF(WithPerformance!E12="","",WithPerformance!E12) -> 5.4078947 | F12: =IF(WithPerformance!F12="","",WithPerformance!F12) -> 76 | G12: =IF(WithPerformance!G12="","",WithPerformance!G12) -> 26 | H12: =IF(WithPerformance!H12="","",WithPerformance!H12) -> 37 | ... J12: =IF(WithPerformance!J12="","",WithPerformance!J12) -> 63
A13: =IF(WithPerformance!A13="","",WithPerformance!A13) -> 41407 | B13: =IF(WithPerformance!B13="","",WithPerformance!B13) -> 1.4854703e+08 | C13: =IF(WithPerformance!C13="","",WithPerformance!C13) -> 1.4241549e+08 | D13: =IF(WithPerformance!D13="","",WithPerformance!D13) -> -0.041276817 | E13: =IF(WithPerformance!E13="","",WithPerformance!E13) -> 5.5 | F13: =IF(WithPerformance!F13="","",WithPerformance!F13) -> 59 | G13: =IF(WithPerformance!G13="","",WithPerformance!G13) -> 20 | H13: =IF(WithPerformance!H13="","",WithPerformance!H13) -> 30 | ... J13: =IF(WithPerformance!J13="","",WithPerformance!J13) -> 50
A14: =IF(WithPerformance!A14="","",WithPerformance!A14) -> 41438 | B14: =IF(WithPerformance!B14="","",WithPerformance!B14) -> 33084358 | C14: =IF(WithPerformance!C14="","",WithPerformance!C14) -> 32859583 | D14: =IF(WithPerformance!D14="","",WithPerformance!D14) -> -0.0067940187 | E14: =IF(WithPerformance!E14="","",WithPerformance!E14) -> 5.13 | F14: =IF(WithPerformance!F14="","",WithPerformance!F14) -> 16 | G14: =IF(WithPerformance!G14="","",WithPerformance!G14) -> 6 | H14: =IF(WithPerformance!H14="","",WithPerformance!H14) -> 8 | ... J14: =IF(WithPerformance!J14="","",WithPerformance!J14) -> 14
A15: Jul 11 to Jun 12 | B15: =SUM(B3:B14) -> 2.8675676e+09 | C15: =SUM(C3:C14) -> 2.6002918e+09 | D15: =(C15-B15)/B15 -> -0.093206471 | E15: =(E3*F3+E4*F4+E5*F5+E6*F6+E7*F7+E8*F8+E9*F9+E10*F10+E11*F11+E12*F12+E13*F13+E14*F14)/F15 -> 6.1521025 | F15: =SUM(F3:F14) -> 443 | G15: =SUM(G3:G14) -> 184 | H15: =SUM(H3:H14) -> 194 | I15: =SUM(I3:I14) -> 65 | J15: =SUM(J3:J14) -> 378
A16: =IF(WithPerformance!A16="","",WithPerformance!A16) -> 41468 | B16: =IF(WithPerformance!B16="","",WithPerformance!B16) -> 1.0157865e+08 | C16: =IF(WithPerformance!C16="","",WithPerformance!C16) -> 1.0219267e+08 | D16: =IF(WithPerformance!D16="","",WithPerformance!D16) -> 0.0060447376 | E16: =IF(WithPerformance!E16="","",WithPerformance!E16) -> 4.8571429 | F16: =IF(WithPerformance!F16="","",WithPerformance!F16) -> 14 | G16: =IF(WithPerformance!G16="","",WithPerformance!G16) -> 7 | H16: =IF(WithPerformance!H16="","",WithPerformance!H16) -> 3 | ... J16: =IF(WithPerformance!J16="","",WithPerformance!J16) -> 10
A17: =IF(WithPerformance!A17="","",WithPerformance!A17) -> Aug-13 | B17: =IF(WithPerformance!B17="","",WithPerformance!B17) -> 67879300 | C17: =IF(WithPerformance!C17="","",WithPerformance!C17) -> 61238911 | D17: =IF(WithPerformance!D17="","",WithPerformance!D17) -> -0.097826422 | E17: =IF(WithPerformance!E17="","",WithPerformance!E17) -> 6 | F17: =IF(WithPerformance!F17="","",WithPerformance!F17) -> 20 | G17: =IF(WithPerformance!G17="","",WithPerformance!G17) -> 9 | H17: =IF(WithPerformance!H17="","",WithPerformance!H17) -> 8 | ... J17: =IF(WithPerformance!J17="","",WithPerformance!J17) -> 17
A18: =IF(WithPerformance!A18="","",WithPerformance!A18) -> Sept-13 | B18: =IF(WithPerformance!B18="","",WithPerformance!B18) -> 2.0416582e+08 | C18: =IF(WithPerformance!C18="","",WithPerformance!C18) -> 1.7325807e+08 | D18: =IF(WithPerformance!D18="","",WithPerformance!D18) -> -0.15138554 | E18: =IF(WithPerformance!E18="","",WithPerformance!E18) -> 6.8846 | F18: =IF(WithPerformance!F18="","",WithPerformance!F18) -> 26 | G18: =IF(WithPerformance!G18="","",WithPerformance!G18) -> 18 | H18: =IF(WithPerformance!H18="","",WithPerformance!H18) -> 5 | ... J18: =IF(WithPerformance!J18="","",WithPerformance!J18) -> 23
A19: =IF(WithPerformance!A19="","",WithPerformance!A19) -> Oct-13 | B19: =IF(WithPerformance!B19="","",WithPerformance!B19) -> 1.6218235e+08 | C19: =IF(WithPerformance!C19="","",WithPerformance!C19) -> 1.4643232e+08 | D19: =IF(WithPerformance!D19="","",WithPerformance!D19) -> -0.097113071 | E19: =IF(WithPerformance!E19="","",WithPerformance!E19) -> 5.3103 | F19: =IF(WithPerformance!F19="","",WithPerformance!F19) -> 29 | G19: =IF(WithPerformance!G19="","",WithPerformance!G19) -> 10 | H19: =IF(WithPerformance!H19="","",WithPerformance!H19) -> 16 | ... J19: =IF(WithPerformance!J19="","",WithPerformance!J19) -> 26
A20: =IF(WithPerformance!A20="","",WithPerformance!A20) -> Nov-13 | B20: =IF(WithPerformance!B20="","",WithPerformance!B20) -> 1.6550293e+08 | C20: =IF(WithPerformance!C20="","",WithPerformance!C20) -> 1.4427748e+08 | D20: =IF(WithPerformance!D20="","",WithPerformance!D20) -> -0.12824819 | E20: =IF(WithPerformance!E20="","",WithPerformance!E20) -> 7.467 | F20: =IF(WithPerformance!F20="","",WithPerformance!F20) -> 15 | G20: =IF(WithPerformance!G20="","",WithPerformance!G20) -> 8 | H20: =IF(WithPerformance!H20="","",WithPerformance!H20) -> 6 | ... J20: =IF(WithPerformance!J20="","",WithPerformance!J20) -> 14
A21: =IF(WithPerformance!A21="","",WithPerformance!A21) -> 41620 | B21: =IF(WithPerformance!B21="","",WithPerformance!B21) -> 1.2441566e+08 | C21: =IF(WithPerformance!C21="","",WithPerformance!C21) -> 1.1906056e+08 | D21: =IF(WithPerformance!D21="","",WithPerformance!D21) -> -0.043042048 | E21: =IF(WithPerformance!E21="","",WithPerformance!E21) -> 6.9231 | F21: =IF(WithPerformance!F21="","",WithPerformance!F21) -> 13 | G21: =IF(WithPerformance!G21="","",WithPerformance!G21) -> 4 | H21: =IF(WithPerformance!H21="","",WithPerformance!H21) -> 6 | ... J21: =IF(WithPerformance!J21="","",WithPerformance!J21) -> 10
A22: =IF(WithPerformance!A22="","",WithPerformance!A22) -> Jan-14 | B22: =IF(WithPerformance!B22="","",WithPerformance!B22) -> 1.4081343e+08 | C22: =IF(WithPerformance!C22="","",WithPerformance!C22) -> 137191609 | D22: =IF(WithPerformance!D22="","",WithPerformance!D22) -> -0.025720741 | E22: =IF(WithPerformance!E22="","",WithPerformance!E22) -> 7.5714286 | F22: =IF(WithPerformance!F22="","",WithPerformance!F22) -> 28 | G22: =IF(WithPerformance!G22="","",WithPerformance!G22) -> 13 | H22: =IF(WithPerformance!H22="","",WithPerformance!H22) -> 9 | ... J22: =IF(WithPerformance!J22="","",WithPerformance!J22) -> 22
A23: =IF(WithPerformance!A23="","",WithPerformance!A23) -> 41684 | B23: =IF(WithPerformance!B23="","",WithPerformance!B23) -> 92385807 | C23: =IF(WithPerformance!C23="","",WithPerformance!C23) -> 83500057 | D23: =IF(WithPerformance!D23="","",WithPerformance!D23) -> -0.096180899 | E23: =IF(WithPerformance!E23="","",WithPerformance!E23) -> 6.6 | F23: =IF(WithPerformance!F23="","",WithPerformance!F23) -> 27 | G23: =IF(WithPerformance!G23="","",WithPerformance!G23) -> 10 | H23: =IF(WithPerformance!H23="","",WithPerformance!H23) -> 13 | ... J23: =IF(WithPerformance!J23="","",WithPerformance!J23) -> 23
A24: =IF(WithPerformance!A24="","",WithPerformance!A24) -> 41712 | B24: =IF(WithPerformance!B24="","",WithPerformance!B24) -> 210853414 | C24: =IF(WithPerformance!C24="","",WithPerformance!C24) -> 184251324 | D24: =IF(WithPerformance!D24="","",WithPerformance!D24) -> -0.1261639 | E24: =IF(WithPerformance!E24="","",WithPerformance!E24) -> 6.4 | F24: =IF(WithPerformance!F24="","",WithPerformance!F24) -> 56 | G24: =IF(WithPerformance!G24="","",WithPerformance!G24) -> 29 | H24: =IF(WithPerformance!H24="","",WithPerformance!H24) -> 23 | ... J24: =IF(WithPerformance!J24="","",WithPerformance!J24) -> 52
A25: =IF(WithPerformance!A25="","",WithPerformance!A25) -> * Apr-14 | B25: =IF(WithPerformance!B25="","",WithPerformance!B25) -> 231265534 | C25: =IF(WithPerformance!C25="","",WithPerformance!C25) -> 205255562 | D25: =IF(WithPerformance!D25="","",WithPerformance!D25) -> -0.112468 | E25: =IF(WithPerformance!E25="","",WithPerformance!E25) -> 5.5 | F25: =IF(WithPerformance!F25="","",WithPerformance!F25) -> 62 | G25: =IF(WithPerformance!G25="","",WithPerformance!G25) -> 31 | H25: =IF(WithPerformance!H25="","",WithPerformance!H25) -> 25 | ... J25: =IF(WithPerformance!J25="","",WithPerformance!J25) -> 56
A26: =IF(WithPerformance!A26="","",WithPerformance!A26) -> * May-14 | B26: =IF(WithPerformance!B26="","",WithPerformance!B26) -> 140508630 | C26: =IF(WithPerformance!C26="","",WithPerformance!C26) -> 134448039 | D26: =IF(WithPerformance!D26="","",WithPerformance!D26) -> -0.04313323 | E26: =IF(WithPerformance!E26="","",WithPerformance!E26) -> 4.8 | F26: =IF(WithPerformance!F26="","",WithPerformance!F26) -> 57 | G26: =IF(WithPerformance!G26="","",WithPerformance!G26) -> 31 | H26: =IF(WithPerformance!H26="","",WithPerformance!H26) -> 18 | ... J26: =IF(WithPerformance!J26="","",WithPerformance!J26) -> 49
A27: =IF(WithPerformance!A27="","",WithPerformance!A27) -> 41791 | B27: =IF(WithPerformance!B27="","",WithPerformance!B27) -> 231614414 | C27: =IF(WithPerformance!C27="","",WithPerformance!C27) -> 221633094 | D27: =IF(WithPerformance!D27="","",WithPerformance!D27) -> -0.043094555 | E27: =IF(WithPerformance!E27="","",WithPerformance!E27) -> 5 | F27: =IF(WithPerformance!F27="","",WithPerformance!F27) -> 20 | G27: =IF(WithPerformance!G27="","",WithPerformance!G27) -> 5 | H27: =IF(WithPerformance!H27="","",WithPerformance!H27) -> 12 | ... J27: =IF(WithPerformance!J27="","",WithPerformance!J27) -> 17
A28: =IF(WithPerformance!A28="","",WithPerformance!A28) -> Jul 13 - Jun 14 | B28: =IF(WithPerformance!B28="","",WithPerformance!B28) -> 1.8731659e+09 | C28: =IF(WithPerformance!C28="","",WithPerformance!C28) -> 1.7127397e+09 | D28: =IF(WithPerformance!D28="","",WithPerformance!D28) -> -0.085644445 | E28: =IF(WithPerformance!E28="","",WithPerformance!E28) -> 5.956958 | F28: =IF(WithPerformance!F28="","",WithPerformance!F28) -> 367 | G28: =IF(WithPerformance!G28="","",WithPerformance!G28) -> 175 | H28: =IF(WithPerformance!H28="","",WithPerformance!H28) -> 144 | ... J28: =IF(WithPerformance!J28="","",WithPerformance!J28) -> 319
A29: Total | B29: =B15+B28 -> 4.7407336e+09 | C29: =C15+C28 -> 4.3130315e+09 | D29: =(C29-B29)/B29 -> -0.090218551 | E29: =(F28*E28+F15*E15)/F29 -> 6.0636852 | F29: =F15+F28 -> 810 | G29: =G15+G28 -> 359 | H29: =H15+H28 -> 338 | I29: =I15+I28 -> 113 | J29: =J15+J28 -> 697
A30: Note: 1) "*", numbers may be different from that in the previous report due to bid rank change(s); 2) Rejected projects are not included in calculations.

Sheet By program
A1: Bid Opening By Program (As of 10/2/2012)
A2: Month | B2: Maintenance | C2: Minor A | D2: SHOPP | E2: STIP | F2: Other | G2: Multiple Programs | H2: Total
A3: 40739 | D3: 12 | E3: 1 | H3: =SUM(B3:G3) -> 13
A4: 40766 | B4: 1 | D4: 18 | E4: 1 | F4: 1 | H4: =SUM(B4:G4) -> 21
A5: 40797 | D5: 16 | E5: 1 | F5: 4 | H5: =SUM(B5:G5) -> 21
A6: 40827 | B6: 1 | C6: 2 | D6: 27 | E6: 2 | F6: 3 | G6: 3 | H6: =SUM(B6:G6) -> 38
A7: 40858 | B7: 6 | C7: 1 | D7: 21 | E7: 2 | F7: 3 | G7: 1 | H7: =SUM(B7:G7) -> 34
A8: 40888 | B8: 6 | D8: 13 | E8: 2 | F8: 2 | G8: 3 | H8: =SUM(B8:G8) -> 26
A9: 40920 | B9: 14 | C9: 3 | D9: 15 | H9: =SUM(B9:G9) -> 32
A10: 40951 | B10: 22 | C10: 5 | D10: 13 | E10: 1 | F10: 6 | H10: =SUM(B10:G10) -> 47
A11: 40980 | B11: 38 | C11: 10 | D11: 13 | E11: 1 | F11: 4 | H11: =SUM(B11:G11) -> 66
A12: 41011 | B12: 63 | C12: 7 | D12: 5 | E12: 1 | F12: 6 | G12: 2 | H12: =SUM(B12:G12) -> 84
A13: 41041 | B13: 49 | C13: 24 | D13: 12 | E13: 2 | F13: 3 | G13: 4 | H13: =SUM(B13:G13) -> 94
A14: 41072 | B14: 1 | D14: 10 | E14: 1 | F14: 3 | H14: =SUM(B14:G14) -> 15
A15: Jul 10 to Jun 11 | B15: =SUM(B3:B14) -> 201 | C15: =SUM(C3:C14) -> 52 | D15: =SUM(D3:D14) -> 175 | E15: =SUM(E3:E14) -> 15 | F15: =SUM(F3:F14) -> 35 | G15: =SUM(G3:G14) -> 13 | H15: =SUM(B15:G15) -> 491
A16: Jul-12 | B16: 1 | D16: 21 | E16: 3 | F16: 3 | H16: =SUM(B16:G16) -> 28
A17: 41133 | D17: 15 | E17: 4 | F17: 4 | G17: 2 | H17: =SUM(B17:G17) -> 25
A18: Sep-12 | B18: 1 | D18: 20 | E18: 4 | F18: 5 | G18: 4 | H18: =SUM(B18:G18) -> 34
A28: Jul 11 to Sep 12 | B28: =SUM(B16:B27) -> 2 | C28: =SUM(C16:C27) -> 0 | D28: =SUM(D16:D27) -> 56 | E28: =SUM(E16:E27) -> 11 | F28: =SUM(F16:F27) -> 12 | G28: =SUM(G16:G27) -> 6 | H28: =SUM(H16:H27) -> 87
A29: Total | B29: =B15+B28 -> 203 | C29: =C15+C28 -> 52 | D29: =D15+D28 -> 231 | E29: =E15+E28 -> 26 | F29: =F15+F28 -> 47 | G29: =G15+G28 -> 19 | H29: =H15+H28 -> 578

Sheet MultiProg
A1: Multiple Programs (As of 10/2/2012)
A2: Month | B2: Other Maintenance | C2: MinorA SHOPP | D2: SHOPP Other | E2: SHOPP STIP | F2: STIP Other | G2: Minor Other | H2: STIP SHOPP Other | I2: Maintenance Minor A | J2: Total
A3: 40739 | J3: =SUM(B3:I3) -> 0
A4: 40766 | J4: 0
A5: 40797 | J5: 0
A6: 40827 | C6: 1 | D6: 1 | F6: 1 | J6: =SUM(B6:I6) -> 3
A7: 40858 | D7: 1 | J7: =SUM(B7:I7) -> 1
A8: 40888 | D8: 1 | F8: 2 | J8: =SUM(B8:I8) -> 3
A9: 40919
A10: 40951
A11: 40980
A12: 41011 | C12: 2 | J12: =SUM(B12:I12) -> 2
A13: 41041 | C13: 3 | D13: 1 | J13: =SUM(B13:I13) -> 4
A14: 41072
A15: Jul 11 to Jun 12 | B15: =SUM(B3:B14) -> 0 | C15: =SUM(C3:C14) -> 6 | D15: =SUM(D3:D14) -> 4 | E15: =SUM(E3:E14) -> 0 | F15: =SUM(F3:F14) -> 3 | G15: =SUM(G3:G14) -> 0 | H15: =SUM(H3:H14) -> 0 | I15: =SUM(I3:I14) -> 0 | J15: =SUM(B15:I15) -> 13
A16: Jul-12
A17: 41133 | D17: 1 | F17: 1 | J17: =SUM(B17:I17) -> 2
A18: Sep-12 | D18: 1 | F18: 3 | J18: =SUM(B18:I18) -> 4
A28: Jul 11 to Sep 12 | B28: =SUM(B16:B27) -> 0 | C28: =SUM(C16:C27) -> 0 | D28: =SUM(D16:D27) -> 2 | E28: =SUM(E16:E27) -> 0 | F28: =SUM(F16:F27) -> 4 | G28: =SUM(G16:G27) -> 0 | H28: =SUM(H16:H27) -> 0 | I28: =SUM(I16:I27) -> 0 | J28: =SUM(J16:J27) -> 6
A29: Total | B29: =B28+B15 -> 0 | C29: =C28+C15 -> 6 | D29: =D28+D15 -> 6 | E29: =E28+E15 -> 0 | F29: =F28+F15 -> 7 | G29: =G28+G15 -> 0 | H29: =H28+H15 -> 0 | I29: =I28+I15 -> 0 | J29: =J28+J15 -> 19

Sheet Rejected Projects
A1: List of Rejected Projects (Sorted by rejection date, for bid opened from July 2011 to Sep 2012, as of 10/2/2012)
A2: No. | B2: Contract # | C2: Bid Opening Date | D2: Bid Rejection Date | E2: Number of Bidders | F2: Engineer's Estimate | G2: Low Bid | H2: Low Bid vs. EE | I2: Program | J2: Bid Rejection Reasons
A3: 1 | B3: 08-334874 | C3: 40752 | D3: 40801 | E3: 5 | F3: 1593949.2 | G3: 1572806.8 | H3: -0.013264224 | I3: Other | J3: Material defect.
A4: 2 | B4: 07-4L2204 | C4: 40801 | D4: 40847 | E4: 7 | F4: 2846627 | G4: 4300643.7 | H4: 0.51078582 | I4: SHOPP | J4: Overrun
A5: 3 | B5: 10-0S1904 | C5: 40828 | D5: 40868 | E5: 2 | F5: 1184275.5 | G5: 1642000 | H5: 0.38650171 | I5: SHOPP | J5: Overrun
A6: 4 | B6: 04-4A8824 | C6: 40835 | D6: 40868 | E6: 2 | F6: 281868 | G6: 244425 | H6: -0.13283878 | I6: SHOPP | J6: Materially unbalanced or nonresponsive bids.
A7: 5 | B7: 04-4A07U4 | C7: 40813 | D7: 40900 | E7: 11 | F7: 56806166 | G7: 37190532 | H7: -0.34530819 | I7: SHOPP | J7: The new conditions in the Incidental Take Permit (ITP) for the project were not addressed clearly in the contract specifications.
A8: 6 | B8: 02-2E2904 | C8: 40877 | D8: 40913 | E8: 4 | F8: 4228636 | G8: 6498609.8 | H8: 0.53680993 | I8: SHOPP | J8: Overrun
A9: 7 | B9: 08-0P9304 | C9: 40857 | D9: 40934 | E9: 3 | F9: 2044150 | G9: 4029900 | H9: 0.97143067 | I9: Maintenance | J9: The first two bidders were nonresponsive and the third one was overrun.
A10: 8 | B10: 11-2M2404 | C10: 40885 | D10: 40940 | E10: 3 | F10: 2528060 | G10: 3017894 | H10: 0.19375885 | I10: Maintenance | J10: All three bidders were nonresponsive.
A11: 9 | B11: 04-2E2604 | C11: 40877 | D11: 40947 | E11: 4 | F11: 976725.32 | G11: 1056460.9 | H11: 0.081635623 | I11: Maintenance | J11: All four bidders did not meet the required DVBE goal.
A12: 10 | B12: 04-0120M4 | C12: 40926 | D12: 40975 | E12: 7 | F12: 42924544 | G12: 28704097 | H12: -0.33128942 | I12: Other | J12: The period of time to award this contract expired before there was a mutual agreement between the bidders and the Department to extend the bids.
A13: 11 | B13: 09-349104 | C13: 40877 | D13: 40975 | E13: 4 | F13: 873765.33 | G13: 929929 | H13: 0.064277751 | I13: Maintenance | J13: All four bidders did not meet the required DVBE goal and have been found to be nonresponsive.
A14: 12 | B14: 04-2E5304 | C14: 40940 | D14: 40980 | E14: 4 | F14: 2697605 | G14: 2951510 | H14: 0.094122379 | I14: Maintenance | J14: The period of time to award this contract expired before there was a mutual agreement between the bidders and the Department to extend the bids.
... A24: 22 | B24: 08-0L9004 | C24: 41046 | D24: 41088 | E24: 4 | F24: 904633.12 | G24: 1298000 | H24: 0.43483581 | I24: Minor A | J24: There were four bidders on this project. The third and fourth bidders were found to be nonresponsive. We did not receive bid extensions in the required timeframe for the 1st and 2nd bidders, so there are no qualified bidders.
A25: 23 | B25: 05-1A9704 | C25: 41073 | D25: 41092 | E25: 7 | F25: 1636640 | G25: 1385592 | H25: =(G25-F25)/F25 -> -0.15339232 | I25: SHOPP | J25: There were seven bids on this project. Caltrans was unable to complete all the administrative requirements necessary to extend the bid. Therefore, there are no eligible bids for the project.
A26: 24 | B26: 08-0L5904 | C26: 41018 | D26: 41114 | E26: 8 | F26: 591556 | G26: 925000 | H26: =(G26-F26)/F26 -> 0.56367275 | I26: Minor A | J26: There were eight bidders on this project. The 1st and 5th bidder were found to be nonresponsive. All other bidders did not return the bid extension requests within the required timeframe. Therefore, there are no qualified bidders.
A27: 25 | B27: 05-0M9704 | C27: 41093 | D27: 41114 | E27: 2 | F27: 1515103 | G27: 2077777 | H27: =(G27-F27)/F27 -> 0.37137673 | I27: SHOPP | J27: Two bids were received for this project. The low bid is 37.14 percent over the Engineer's Estimate and both bids exceed available funding. Subsequent to the bid opening, the district determined there is a more cost effective treatment for the metal beam guardrail. The Department has rejected both bids.
A28: 26 | B28: 11-289604 | C28: 41116 | D28: 41142 | E28: 7 | F28: 642790 | G28: 444242 | H28: =(G28-F28)/F28 -> -0.30888471 | I28: SHOPP | J28: Seven bids were received for this project. The field site conditions for this project changed between when the design was completed and when bid opening took place. Therefore, the current contract documents are obsolete. The Department has decided to reject all bids.
A29: 27 | B29: 04-3A23U4 | C29: 41129 | D29: 41166 | E29: 5 | F29: 25087734 | G29: 29988888 | H29: =(G29-F29)/F29 -> 0.19536058 | I29: STIP | J29: There were five bids received for this contract. Subsequent to the bid opening, it was determined that there was a material defect in the contract documents, which creates a reasonable doubt that an award would result in the lowest ultimate cost to the State. The Department has decided to reject all bids. The scope of the work and the funding will be re-evaluated and the project will be re-advertised at a later date.
A30: 28 | B30: 11-290304 | C30: 41221 | D30: 41262 | J30: There was one bidder for this project. The bidder has been found to be nonresponsive, therefore there are no qualfiied bidders. The plans are being retained in DES-OE for one month. Project BEES will be unlocked at receipt of the DES-CCD memo. If District does not make material changes to the project within one month of bid rejection the plans will be returned for retention in the District and should be submitted as a new PS&E submittal.
