Workbook

Sheet Marks summary
A1: Winter 2012 | B1: TRA1000
A2: Surname | B2: GivenName | C2: StudentNumber | D2: Status | E2: Faculty | F2: Email | G2: TP1 (10) | H2: TP2 (10) | I2: TP3 (10) | J2: ETL1 (20) | K2: ETL2 (20) | L2: Final (30) | M2: Total (100) | N2: Letter
A3: Surname1 | B3: GivenName1 | C3: 12345 | E3: Arts | F3: abcdef@uottawa.ca | G3: =('TP1'!G3/35)*10 -> 6.5714286 | H3: =('TP2'!G3/47)*10 -> 8.2978723 | I3: =('TP3'!G3/22)*10 -> 9.0909091 | J3: =('ETL1'!G3/34)*20 -> 17.647059 | K3: =('ETL2'!G3/50)*20 -> 15.2 | L3: =('Final exam'!G3/36)*30 -> 20.833333 | M3: =SUM(G3:L3) -> 77.640602
A4: Surname2 | B4: GivenName2 | C4: 23456 | E4: Arts | F4: bcdefg@uottawa.ca
A5: Surname3 | B5: GivenName3 | C5: 34567 | E5: Arts | F5: cdefgh@uottawa.ca
A6: Surname4 | B6: GivenName4 | C6: 45678 | E6: Arts | F6: defghi@uottawa.ca
A7: Surname5 | B7: GivenName5 | C7: 56789 | E7: Arts | F7: efghij@uottawa.ca
A9: Average | G9: =AVERAGE(G3:G7) -> 6.5714286

Sheet TP1
A1: Winter 2008 | B1: TRA1000
A2: Surname | B2: GivenName | C2: StudentNumber | D2: Status | E2: Faculty | F2: Email | G2: TP1 (35) | H2: TP1 (10) | I2: %
A3: Surname1 | B3: GivenName1 | C3: 12345 | E3: Arts | F3: abcdef@uottawa.ca | G3: 23 | H3: =(G3/35)*10 -> 6.5714286 | I3: =(G3/35)*100 -> 65.714286
A4: Surname2 | B4: GivenName2 | C4: 23456 | E4: Arts | F4: bcdefg@uottawa.ca
A5: Surname3 | B5: GivenName3 | C5: 34567 | E5: Arts | F5: cdefgh@uottawa.ca
A6: Surname4 | B6: GivenName4 | C6: 45678 | E6: Arts | F6: defghi@uottawa.ca
A7: Surname5 | B7: GivenName5 | C7: 56789 | E7: Arts | F7: efghij@uottawa.ca
A9: Average | H9: =AVERAGE(H3:H7) -> 6.5714286 | I9: =AVERAGE(I3:I7) -> 65.714286

Sheet TP2
A1: Winter 2008 | B1: TRA1000
A2: Surname | B2: GivenName | C2: StudentNumber | D2: Status | E2: Faculty | F2: Email | G2: TP2 (47) | H2: TP2 (10) | I2: %
A3: Surname1 | B3: GivenName1 | C3: 12345 | E3: Arts | F3: abcdef@uottawa.ca | G3: 39 | H3: =(G3/47)*10 -> 8.2978723 | I3: =(G3/47)*100 -> 82.978723
A4: Surname2 | B4: GivenName2 | C4: 23456 | E4: Arts | F4: bcdefg@uottawa.ca
A5: Surname3 | B5: GivenName3 | C5: 34567 | E5: Arts | F5: cdefgh@uottawa.ca
A6: Surname4 | B6: GivenName4 | C6: 45678 | E6: Arts | F6: defghi@uottawa.ca
A7: Surname5 | B7: GivenName5 | C7: 56789 | E7: Arts | F7: efghij@uottawa.ca
A9: Average | H9: =AVERAGE(H3:H7) -> 8.2978723 | I9: =AVERAGE(I3:I7) -> 82.978723

Sheet TP3
A1: Winter 2008 | B1: TRA1000
A2: Surname | B2: GivenName | C2: StudentNumber | D2: Status | E2: Faculty | F2: Email | G2: TP3 (22) | H2: TP3 (10) | I2: %
A3: Surname1 | B3: GivenName1 | C3: 12345 | E3: Arts | F3: abcdef@uottawa.ca | G3: 20 | H3: =(G3/22)*10 -> 9.0909091 | I3: =(G3/22)*100 -> 90.909091
A4: Surname2 | B4: GivenName2 | C4: 23456 | E4: Arts | F4: bcdefg@uottawa.ca
A5: Surname3 | B5: GivenName3 | C5: 34567 | E5: Arts | F5: cdefgh@uottawa.ca
A6: Surname4 | B6: GivenName4 | C6: 45678 | E6: Arts | F6: defghi@uottawa.ca
A7: Surname5 | B7: GivenName5 | C7: 56789 | E7: Arts | F7: efghij@uottawa.ca
A9: Average | H9: =AVERAGE(H3:H7) -> 9.0909091 | I9: =AVERAGE(I3:I7) -> 90.909091

Sheet ETL1
A1: Winter 2008 | B1: TRA1000
A2: Surname | B2: GivenName | C2: StudentNumber | D2: Status | E2: Faculty | F2: Email | G2: ETL1 (34) | H2: ETL1 (20) | I2: %
A3: Surname1 | B3: GivenName1 | C3: 12345 | E3: Arts | F3: abcdef@uottawa.ca | G3: 30 | H3: =(G3/34)*20 -> 17.647059 | I3: =(G3/34)*100 -> 88.235294
A4: Surname2 | B4: GivenName2 | C4: 23456 | E4: Arts | F4: bcdefg@uottawa.ca
A5: Surname3 | B5: GivenName3 | C5: 34567 | E5: Arts | F5: cdefgh@uottawa.ca
A6: Surname4 | B6: GivenName4 | C6: 45678 | E6: Arts | F6: defghi@uottawa.ca
A7: Surname5 | B7: GivenName5 | C7: 56789 | E7: Arts | F7: efghij@uottawa.ca
A9: Average | H9: =AVERAGE(H3:H7) -> 17.647059 | I9: =AVERAGE(I3:I7) -> 88.235294

Sheet ETL2
A1: Winter 2008 | B1: TRA1000
A2: Surname | B2: GivenName | C2: StudentNumber | D2: Status | E2: Faculty | F2: Email | G2: ETL2 (50) | H2: ETL2 (20) | I2: %
A3: Surname1 | B3: GivenName1 | C3: 12345 | E3: Arts | F3: abcdef@uottawa.ca | G3: 38 | H3: =(G3/50)*20 -> 15.2 | I3: =(G3/50)*100 -> 76
A4: Surname2 | B4: GivenName2 | C4: 23456 | E4: Arts | F4: bcdefg@uottawa.ca
A5: Surname3 | B5: GivenName3 | C5: 34567 | E5: Arts | F5: cdefgh@uottawa.ca
A6: Surname4 | B6: GivenName4 | C6: 45678 | E6: Arts | F6: defghi@uottawa.ca
A7: Surname5 | B7: GivenName5 | C7: 56789 | E7: Arts | F7: efghij@uottawa.ca
A9: Average | H9: =AVERAGE(H3:H7) -> 15.2 | I9: =AVERAGE(I3:I7) -> 76

Sheet Final exam
A1: Winter 2008 | B1: TRA1000
A2: Surname | B2: GivenName | C2: StudentNumber | D2: Status | E2: Faculty | F2: Email | G2: Final (36) | H2: Final (30) | I2: %
A3: Surname1 | B3: GivenName1 | C3: 12345 | E3: Arts | F3: abcdef@uottawa.ca | G3: 25 | H3: =(G3/36)*30 -> 20.833333 | I3: =(G3/36)*100 -> 69.444444
A4: Surname2 | B4: GivenName2 | C4: 23456 | E4: Arts | F4: bcdefg@uottawa.ca
A5: Surname3 | B5: GivenName3 | C5: 34567 | E5: Arts | F5: cdefgh@uottawa.ca
A6: Surname4 | B6: GivenName4 | C6: 45678 | E6: Arts | F6: defghi@uottawa.ca
A7: Surname5 | B7: GivenName5 | C7: 56789 | E7: Arts | F7: efghij@uottawa.ca
A9: Average | H9: =AVERAGE(H3:H7) -> 20.833333 | I9: =AVERAGE(I3:I7) -> 69.444444
