Workbook

Sheet Overview
A1: EDRE Program of Study GUIDELINES & PROGRAM OF STUDY
A3: There are 3 sets of "tabs" in this workbook. (1) The first set of tabs are for the EDRE Doctoral Program of Study GUIDELINES and BLANK Program of Study to be completed by the student (both for Ph.D. and M.Ed. programs). (2) There is a list of all EDRE courses (both semesters and quarters) on a tab by itself. (3) The last set of tabs are SAMPLES of both a Ph.D. Program of Study and an M.Ed. Program.
A5: You need to complete the information on either "PhD Page 1" or "MEd Page 1". You may also fill in the COMMENTS box on "PhD Page 2" (everything else from "PhD Page 1" should copy into "PhD Page 2" automatically).
A7: Doctoral students will need to PRINT both "PhD Page 1" and "PhD Page 2". Your doctoral advisory committee will need to sign the "Program Approval Sheet" available on the Patton College Student Affairs web page (http://www.cehs.ohio.edu/resources/DoctoralHandbook.htm). Then it must be submitted to Student Affairs.
A9: Master's students need to print "M.Ed. Page 1" only. Your advisor must sign the form and it must be submitted to the Educational Studies Department Chair and then Patton College Student Affairs (i.e., Ramona Mott). It might actually be better for Master's students to use the Patton College form, which is a form-fillable PDF, available at the following link:
A10: http://www.cehs.ohio.edu/gfx/media/pdf/MastersProgStudyEdStOct2012_000.pdf
A11: on the page:
A12: http://www.cehs.ohio.edu/resources/forms.htm
A13: Even though you cannot edit any of the information on the GUIDELINES and EDRE COURSES pages, you can delete them from the workbook, leaving just the Page 1 and/or Page 2 pages---if you like (right click on the tab to delete it).

Sheet Ph.D. Guidelines
A2: EDRE Doctoral Program of Study GUIDELINES
A4: I. General Information
A5: The Ph.D. program in Educational Research and Evaluation (EDRE) is intended to prepare graduates both for faculty positions and for leadership roles in research organizations. Although the major is intended to allow students the flexibility necessary to develop programs that meet their individual needs and interests, students are encouraged to include both quantitative and qualitative research areas in their programs. Students are required to identify four core areas for their programs, which will serve as areas for comprehensive examination. The Program of Study should be developed in consultation with the student’s advisor and usually will be submitted to the student’s Doctoral Advisory Committee during the third or fourth quarter of coursework.
A7: II. Program Area Expectations
A8: Although students are encouraged to develop programs that will help meet their academic and professional goals, all students majoring in EDRE are typically expected to include at least 60 semester credit hours of courses (i.e., not including dissertation credits) in their Programs of Study. Most of the following courses are expected to be in most students' Programs of Study.
F10: Usually Offered
A11: Semester Course | B11: Qtr | D11: Course Name | F11: Years Offered | H11: Term | J11: Qtr Hrs | L11: Sem Hrs
A12: EDRE 7110 | B12: 711 | D12: Theory and Techniques of Test Development | F12: ODD | H12: Spring | J12: 5 | L12: 4
A13: EDRE 7120 | B13: 712 | D13: Theory and Research in Educational Measurement (IRT) | F13: EVEN | H13: Spring | J13: 5 | L13: 4
A14: EDRE 7200 | B14: 720 | D14: Educational Statistics | F14: all | H14: Fall | J14: 5 | L14: 4
A15: EDRE 7210 | B15: 721 | D15: Regression Analysis in Education | F15: all | H15: Spring | J15: 5 | L15: 4
A16: EDRE 7230 | B16: 723 | D16: Questionnaires and Scale Development in Education | F16: all | H16: Spring | J16: 5 | L16: 4
A17: EDRE 7330 | B17: 733 | D17: Research Design in Education | F17: all | H17: Spring | J17: 5 | L17: 4
A18: EDRE 7500 | B18: 750 | D18: Introduction to Qualitative Research Methods in Education | F18: all | H18: Fall | J18: 4 | L18: 4
A19: EDRE 7510 | B19: 751 | D19: Qualitative Interviewing Methods in Education | F19: all | H19: Spring | J19: 5 | L19: 4
A20: EDRE 7520 | B20: 752 | D20: Ethnographic Methods in Education | F20: ODD | H20: Fall | J20: 5 | L20: 4
A21: EDRE 7600 | B21: 722 | D21: Multivariate Statistical Methods in Education | F21: ODD | H21: Fall | J21: 5 | L21: 4
A22: EDRE 7610 | B22: 731 | D22: Computer Science Applications in EDRE (Monte Carlo / R) | F22: EVEN | H22: Fall | J22: 5 | L22: 4
A23: EDRE 7620 | B23: 724 | D23: Computer Applications in EDRE (HLM) | F23: ODD | H23: Fall | J23: 4 | L23: 4
A24: EDRE 7800 | D24: Program Evaluation in Education | F24: EVEN | H24: Fall | J24: 5 | L24: 4
A25: EDRE 8900 | B25: 793 | D25: Special Topics in EDRE | F25: varies | H25: varies | J25: variable | L25: variable
A27: Note 1: | B27: Students are expected to enroll in the EDRE 6900: Special Topics in in EDRE (Pro-Seminar) course every time it is offered.
A28: Note 2: | B28: Students are encouraged to develop several independent studies (EDRE 7930), special projects (EDRE 7940), and/or practicum/internships/field projects (EDRE 7910) under the supervision of EDRE faculty.
A29: Note 3: | B29: Students are expected to take all EDRE seminars and specialized courses when they are offered: especially any seminars offered as EDRE 8900, but also other special topics courses and opportunities---even if this sometimes requires a student to take the same course number multiple times (permission can be given by faculty for such circumstances).
A30: Note 4: | B30: Students are expected to take both quantitative and qualitative methods courses, particularly as mixed methodology becomes increasingly popular and important in research and evaluation.
A33: III. Scholarly Tools
A34: At least two scholarly tool courses are required. These tool courses usually are advanced quantitative or qualitative methodological courses necessary to fulfill requirements of a dissertation.
A37: IV. Elective Area(s)
A38: Students, working with their advisors, must develop one or two elective areas for the Ph.D. An elective area should be related to the student’s academic or professional goals and must constitute a coherent set of courses that represents either breadth or depth of study in the area. Typically, at least 3 courses are expected in an elective area. Note that methodology courses in other departments may be considered either as parts of core areas that include EDRE courses (e.g., Statistics) or as separate elective areas of specialization (e.g., Health or Psychological Statistics), as appropriate. Note also that elective areas are not required to contain methodology courses.

Sheet PhD Page 1
A2: Name: | G2: PID #:
A3: OHIO Email: | G3: Year Began:
A4: Program: | C4: Educational Research and Evaluation | G4: Degree: | I4: Ph.D.
A5: Advisor: | G5: Major Code: | I5: PH6277
A6: Postal Address:
A7: Course Number | C7: Course Name (use short name & include topics of independent studies) | E7: Instructor | G7: Term & Year (actual year) | I7: Qtr Hrs | K7: Sem Hrs | M7: Grade
A9: Area 1: | C9: Edit or Erase Name for Area 1 | I9: =SUM(I10:I18) -> 0 | K9: =SUM(K10:K18) -> 0
A19: Area 2: | C19: Edit or Erase Name for Area 2 | I19: =SUM(I20:I27) -> 0 | K19: =SUM(K20:K27) -> 0
A28: Area 3: | C28: Edit or Erase Name for Area 3 | I28: =SUM(I29:I34) -> 0 | K28: =SUM(K29:K34) -> 0
A35: Area 4: | C35: Edit or Erase Name for Area 4 | I35: =SUM(I36:I40) -> 0 | K35: =SUM(K36:K40) -> 0
C41: Dissertation (maximum of 10 semester hours for Program) | I41: =SUM(I42:I43) -> 0 | K41: =SUM(K42:K43) -> 10
A42: EDRE 8950 | C42: Dissertation | K42: 10

Sheet PhD Page 2
A2: Name: | C2: ='PhD Page 1'!C2 | F2: PID #: | G2: ='PhD Page 1'!I2
A4: EDRE Doctoral Program of Study SUMMARY PAGE & COMMENTS
A6: Area of Study | F6: Qtr Hrs | H6: Sem Hrs | J6: Total Sem Hrs
A8: Area #1: | C8: ='PhD Page 1'!C9 -> Edit or Erase Name for Area 1 | F8: ='PhD Page 1'!I9 -> 0 | H8: ='PhD Page 1'!K9 -> 0 | J8: =ROUND((F8*2/3)+H8,2) -> 0
A10: Area #2: | C10: ='PhD Page 1'!C19 -> Edit or Erase Name for Area 2 | F10: ='PhD Page 1'!I19 -> 0 | H10: ='PhD Page 1'!K19 -> 0 | J10: =ROUND((F10*2/3)+H10,2) -> 0
A12: Area #3: | C12: ='PhD Page 1'!C28 -> Edit or Erase Name for Area 3 | F12: ='PhD Page 1'!I28 -> 0 | H12: ='PhD Page 1'!K28 -> 0 | J12: =ROUND((F12*2/3)+H12,2) -> 0
A14: Area #4: | C14: ='PhD Page 1'!C35 -> Edit or Erase Name for Area 4 | F14: ='PhD Page 1'!I35 -> 0 | H14: ='PhD Page 1'!K35 -> 0 | J14: =ROUND((F14*2/3)+H14,2) -> 0
C16: ='PhD Page 1'!C41 -> Dissertation (maximum of 10 semester hours for Program) | F16: ='PhD Page 1'!I41 -> 0 | H16: ='PhD Page 1'!K41 -> 10 | J16: =ROUND((F16*2/3)+H16,2) -> 10
C18: Total Credit Hours: | F18: =SUM(F7:F17) -> 0 | H18: =SUM(H7:H17) -> 10 | J18: =SUM(J7:J17) -> 10
C20: Semester Conversion: | F20: =ROUND(F18*2/3,2) -> 0 | G20: + | H20: =ROUND(H18*1,2) -> 10 | I20: = | J20: =ROUND(J18*1,2) -> 10
A22: Comments:

Sheet M.Ed. Guidelines
A2: EDRE Master's Program of Study GUIDELINES
A5: I. General Information
A6: The Master’s program in Educational Research and Evaluation (EDRE) is intended to prepare graduates for more advanced study of quantitative methods and for roles in research organizations. The major is intended to allow students the flexibility necessary to develop programs that meet their individual needs and interests. The program of study should be developed in consultation with the student’s advisor and filed with the College before the completion of 20 credit hours. All Master’s students are required to take EDRE 5010: Introduction to Research Methods (4 credits) early in the program and a Culminating Project for 4 credits (either EDRE 6940: Seminar Paper or EDRE 6950: Thesis or an approved equivalent in another program).
A9: II. Program Area Expectations
A10: A minimum of 30 semester credit hours of courses (i.e., not including Culminating Project credits) beyond the Bachelor’s Degree are expected for the Master’s in Educational Research and Evaluation. In addition to EDRE 5010 and the Culminating Project, students typically are expected to take the following courses, but ultimately should develop a program designed to meet their individual goals.
F12: Usually Offered
A13: Semester Course | B13: Qtr | D13: Course Name | F13: Years Offered | H13: Term | J13: Qtr Hrs | L13: Sem Hrs
A14: EDRE 7200 | B14: 720 | D14: Educational Statistics | F14: all | H14: Fall | J14: 5 | L14: 4
A15: EDRE 7210 | B15: 721 | D15: Regression Analysis in Education | F15: all | H15: Spring | J15: 5 | L15: 4
A16: EDRE 7230 | B16: 723 | D16: Questionnaire and Scale Development | F16: all | H16: Spring | J16: 5 | L16: 4
A17: EDRE 7500 | B17: 750 | D17: Intro to Qualitative Research Methods | F17: all | H17: Fall | J17: 4 | L17: 4
A18: EDRE 7510 | B18: 751 | D18: Qualitative Interviewing | F18: all | H18: Spring | J18: 5 | L18: 4
A19: EDRE 7800 | B19: 724 | D19: Program Evaluation in Education | F19: EVEN | H19: Fall | J19: 5 | L19: 4
A23: Note 1: | B23: Students are expected to enroll in the EDRE 6900: Special Topics in in EDRE (Pro-Seminar) course every time it is offered.
A24: Note 2: | B24: Students are encouraged to develop independent studies (EDRE 6930), practicum/special projects (EDRE 6920), and/or internships (EDRE 7910) related to their specific academic and/or professional goals under the supervision of EDRE faculty.
A25: Note 3: | B25: Students are expected to take both quantitative and qualitative methods courses, particularly as mixed methodology becomes increasingly popular and important in research and evaluation.
A26: Note 4: | B26: Students are encouraged to take additional courses as appropriate to match their specific professional goals. For example, EDRE 7600 or EDRE 7620 should be considered by students who will seek applied positions in research organizations or will apply to doctoral methodology programs. EDRE 7510 or EDRE 7520 should be considered by students who will have a qualitative focus.
A27: Note 5: | B27: Students are expected to take all EDRE seminars and specialized courses when they are offered: especially any seminars offered as EDRE 8900, but also other special topics courses and opportunities---even if this sometimes requires a student to take the same course number multiple times (permission can be given by faculty for such circumstances).
A30: III. Scholarly Tools
A31: At least two scholarly tool courses are required. These tool courses usually are advanced quantitative or qualitative methodological courses necessary to fulfill requirements of a dissertation.
A34: IV. Elective Area(s)
A35: Students, working with their advisors, are able to develop an elective area of specialization outside EDRE. The elective area should be related to the student’s professional or academic goals. Typically, at least 2 courses are expected in an elective area. The Elective Area should not be as large as the Program Expectations area.

Sheet MEd Page 1
A2: Name: | G2: PID #:
A3: OHIO Email: | G3: Year Began:
A4: Postal Address:
A5: Program: | C5: Educational Research and Evaluation | E5: (M.Ed.) | G5: Major Code: | I5: ME6277
G6: Hrs. Required: | I6: 30 + Culminating Project
A7: Student Signature: | G7: Date:
A8: Advisor Name:
A9: Advisor Signature: | G9: Date:
A10: Dept Chair Signature: | G10: Date:
A12: Course Number | C12: Course Name (use short name & include topics of independent studies) | E12: Instructor | G12: Term & Year (actual year) | I12: Qtr Hrs | K12: Sem Hrs | M12: Grade
C14: Program Expectations | I14: =SUM(I15:I24) -> 0 | K14: =SUM(K15:K24) -> 0
C25: Electives | I25: =SUM(I26:I33) -> 0 | K25: =SUM(K26:K33) -> 0
C34: Culminating Project (maximum of 4 credits for Program) | I34: =SUM(I35:I38) -> 0 | K34: =SUM(K35:K38) -> 0
A35: EDRE 6940 | C35: Research in EDRE (Seminar paper)
A36: EDRE 6950 | C36: Thesis
C39: Total Credits (both Quarters and Semesters) | I39: =SUM(I14,I25,I34) -> 0 | K39: =SUM(K14,K25,K34) -> 0
C41: Total Credits (All Converted into Semester Credits) | K41: =(I39*(2/3))+(K39) -> 0

Sheet EDRE Courses
A2: EDRE Doctoral Program of Study COURSES
A4: All EDRE Courses
A6: Semester Courses (2012 and after) | D6: Quarters Courses (until 2012)
A8: Master's Courses (Short Names)
A9: EDRE 5010 | B9: Introduction to Research Methods | D9: EDRE 501: Introduction to Research Methods
D10: EDRE 510: Educational Measurement
A11: EDRE 5900 | B11: Special Topics in EDRE
A13: Master's Special
A14: EDRE 6900 | B14: Special Topics in EDRE (Pro-Seminar)
A15: EDRE 6920 | B15: Special Projects in EDRE (practicum/field project) | D15: EDRE 692: Special Projects in EDRE
A16: EDRE 6930 | B16: Readings in EDRE (independent study) | D16: EDRE 690: Readings in EDRE
A17: EDRE 6940 | B17: Research in EDRE (Seminar Paper) | D17: EDRE 693: Seminar in EDRE
A18: EDRE 6950 | B18: Thesis | D18: EDRE 695: Thesis
A20: Doctoral Courses (Short Names)
A21: EDRE 7110 | B21: Test Development | D21: EDRE 711: Techniques of Test Development
A22: EDRE 7120 | B22: Item Response Theory | D22: EDRE 712: Research in Educational Measurements
A23: EDRE 7200 | B23: Educational Statistics | D23: EDRE 720: Educational Statistics
A24: EDRE 7210 | B24: Regression Analysis in ED | D24: EDRE 721: Regression Analysis in Education
A25: EDRE 7230 | B25: Questionnaire & Scale Develop | D25: EDRE 723: Questionnaires and Nonparametric Statistics in Ed
A26: EDRE 7330 | B26: Research Design in Education | D26: EDRE 733: Research Design in Education
A27: EDRE 7500 | B27: Intro to Qual Research Methods | D27: EDRE 750: Intro to Qualitative Methods in Education
A28: EDRE 7510 | B28: Qualitative Interviewing | D28: EDRE 751: Qualitative Interviewing Methods in Education
A29: EDRE 7520 | B29: Ethnographic Methods in ED | D29: EDRE 752: Ethnographic Methods in Education
A30: EDRE 7600 | B30: Multivariate Stats in ED | D30: EDRE 722: Multivariate Methods in Education
A31: EDRE 7610 | B31: Computer Programming in EDRE (Monte Carlo) | D31: EDRE 731: Computer Science Applications in Education I
D32: EDRE 732: Computer Science Applications in Education II
A33: EDRE 7620 | B33: Computer Applications in EDRE (e.g., HLM) | D33: EDRE 724: Research in Educational Statistics (HLM)
A34: EDRE 7800 | B34: Program Evaluation in ED
A36: Doctoral Special
A37: EDRE 7910 | B37: Advanced Projects in EDRE (internship/special project) | D37: EDRE 792: Special Projects in EDRE II
A38: EDRE 7930 | B38: Advanced Readings in EDRE (independent study) | D38: EDRE 790: Advanced Readings in EDRE
A39: EDRE 7940 | B39: Advanced Research in EDRE (research project)
A40: EDRE 8900 | B40: Special Topics in EDRE | D40: EDRE 793: Advanced Seminar in EDRE
A41: EDRE 8950 | B41: Dissertation | D41: EDRE 895: Dissertation

Sheet Sample PhD 1
A1: Name: | C1: EDRE Student | G1: PID #: | I1: P000000000
A2: OHIO Email: | C2: ab123456@ohio.edu | G2: Year Began: | I2: 2010
A3: Program: | C3: Educational Research and Evaluation | E3: (Ph.D.) | G3: Degree: | I3: Ph.D.
A4: Advisor: | C4: Robert Barcikowski | G4: Major Code: | I4: PH6277
A5: Postal Address: | C5: 1234 Main St., Somewhere, OH 43210
A7: Course Number | C7: Course Name | E7: Academic Year | G7: Term & Year | I7: Qtr Hrs | K7: Sem Hrs | M7: Grade
A9: Area #1 | C9: Statistics & Quantitative Methods | I9: =SUM(I10:I21) -> 25 | K9: =SUM(K10:K21) -> 8
A10: EDRE 722 | C10: Multivariate Methods in Education | E10: 2010-11 | G10: Spring 2011 | I10: 5 | M10: A
A11: EDRE 7610 | C11: Computer Programming in EDRE | E11: 2012-13 | G11: Fall 2012 | K11: 4
A12: EDRE 7620 | C12: Computer Software in EDRE | E12: 2012-13 | G12: Fall 2012 | K12: 4
A13: EDRE 790 | C13: Advanced Reading in EDRE: CFA | E13: 2011-12 | G13: Spring 2012 | I13: 2
A14: EDRE 792 | C14: Special Projects II in EDRE: AMOS | E14: 2011-12 | G14: Spring 2012 | I14: 2
A15: PSY 622 | C15: Intermediate Correlation and Regression | E15: 2011-12 | G15: Summer 2012 | I15: 4 | M15: A
A16: PSY 828 | C16: Multivariate Statistics II | E16: 2011-12 | G16: Spring 2012 | I16: 4 | M16: A
A17: BIOS 670 | C17: Biostatistics I | E17: 2012-11 | G17: Winter 2011 | I17: 4 | M17: A
A18: MATH 550A | C18: Statistical Theory | E18: 2010-11 | G18: Summer 2011 | I18: 4 | M18: A
A22: Area #2 | C22: Research Design, Measurement, & Evaluation | I22: =SUM(I23:I31) -> 17 | K22: =SUM(K23:K31) -> 12
A23: EDRE 723 | C23: Questionnaires & Nonparametric Statistics | E23: 2011-12 | G23: Winter 2012 | I23: 5 | M23: A
A24: EDRE 7330 | C24: Research Design in Education | E24: 2012-13 | G24: Spring 2013 | K24: 4
A25: EDRE 7800 | C25: Program Evaluation | E25: 2012-13 | G25: Fall 2012 | K25: 4
A26: EDRE 7110 | C26: Techniques of Test Development | E26: 2012-13 | G26: Spring 2013 | K26: 4
A27: EDRE 712 | C27: Research in Educational Measurements | E27: 2011-12 | G27: Winter 2012 | I27: 5 | M27: A
A28: EDRE 793 | C28: Advanced Seminar in EDRE: History | E28: 2011-12 | G28: Fall 2011 | I28: 3 | M28: CR
A29: PSY 623 | C29: Design and Analysis of Experiments | E29: 2010-11 | G29: Spring 2011 | I29: 4 | M29: A
A32: Area #3 | C32: Qualitative Methods | I32: =SUM(I33:I38) -> 9 | K32: =SUM(K33:K38) -> 6
A33: EDRE 750 | C33: Introduction to Qualitative Methods | E33: 2011-12 | G33: Fall 2011 | I33: 4 | M33: A
A34: EDRE 751 | C34: Qualitative Interviewing | E34: 2011-12 | G34: Winter 2012 | I34: 5 | M34: A
A35: EDRE 7520 | C35: Ethnographic Methods in Education | E35: 2012-13 | G35: Fall 2012 | K35: 4
A36: EDRE 7930 | C36: Advanced Seminar in EDRE: Coding | E36: 2012-13 | G36: Spring 2013 | K36: 2
A39: Area #4 | C39: Higher Education & Institutional Research | I39: =SUM(I40:I44) -> 12 | K39: =SUM(K40:K44) -> 0
A40: EDHE 778 | C40: Assessment and Evaluation | E40: 2010-11 | G40: Winter 2011 | I40: 4 | M40: A
A41: EDHE 783 | C41: Institutional Research & Self-Study in HE | E41: 2011-12 | G41: Fall 2011 | I41: 4 | M41: A
A42: EDHE 890 | C42: Databases in Higher Education | E42: 2011-12 | G42: Spring 2012 | I42: 4 | M42: A
A45: Area #5 | C45: Dissertation (maximum of 10 semester hours) | I45: =SUM(I46:I47) -> 0 | K45: =SUM(K46:K47) -> 10
A46: EDRE 8950 | C46: Dissertation | K46: 10

Sheet Sample PhD 2
A1: Name: | C1: ='Sample PhD 1'!C1 -> EDRE Student | F1: PID #: | G1: ='Sample PhD 1'!I1 -> P000000000
A3: EDRE Doctoral Program of Study SUMMARY PAGE & COMMENTS
A5: Area of Study | F5: Qtr Hrs | H5: Sem Hrs | J5: Total Sem Hrs
A7: Area #1: | C7: ='Sample PhD 1'!C9 -> Statistics & Quantitative Methods | F7: ='Sample PhD 1'!I9 -> 25 | H7: ='Sample PhD 1'!K9 -> 8 | J7: =ROUND((F7*2/3)+H7,2) -> 24.67
A9: Area #2: | C9: ='Sample PhD 1'!C22 -> Research Design, Measurement, & Evaluation | F9: ='Sample PhD 1'!I22 -> 17 | H9: ='Sample PhD 1'!K22 -> 12 | J9: =ROUND((F9*2/3)+H9,2) -> 23.33
A11: Area #3: | C11: ='Sample PhD 1'!C32 -> Qualitative Methods | F11: ='Sample PhD 1'!I32 -> 9 | H11: ='Sample PhD 1'!K32 -> 6 | J11: =ROUND((F11*2/3)+H11,2) -> 12
A13: Area #4: | C13: ='Sample PhD 1'!C39 -> Higher Education & Institutional Research | F13: ='Sample PhD 1'!I39 -> 12 | H13: ='Sample PhD 1'!K39 -> 0 | J13: =ROUND((F13*2/3)+H13,2) -> 8
C15: ='Sample PhD 1'!C45 -> Dissertation (maximum of 10 semester hours) | F15: ='Sample PhD 1'!I45 -> 0 | H15: ='Sample PhD 1'!K45 -> 10 | J15: =ROUND((F15*2/3)+H15,2) -> 10
C17: Total Credit Hours: | F17: =SUM(F6:F16) -> 63 | H17: =SUM(H6:H16) -> 36 | J17: =SUM(J6:J16) -> 78
C19: Semester Conversion: | F19: =ROUND(F17*2/3,2) -> 42 | G19: + | H19: =ROUND(H17*1,2) -> 36 | I19: = | J19: =F19+H19 -> 78
A21: Comments: | C21: I started the PhD program in the Winter. I was given a waiver for EDRE 720. EDRE 721, EDRE 722, and EDRE 723 were all included in my Program of Study for another degree program, so I was only allowed to include two of these courses in my doctoral Program of Study. Therefore, like EDRE 720, EDRE 721 is not listed as part of the Program of Study.

Sheet Sample MEd
A1: Name: | C1: EDRE Student | G1: PID #: | I1: P000000000
A2: OHIO Email: | C2: ab123456@ohio.edu | G2: Year Began:
A3: Postal Address: | C3: 1234 Main St., Anytown, OH 44444
A4: Program: | C4: Educational Research and Evaluation | E4: (M.Ed.) | G4: Major Code: | I4: ME6277
G5: Hrs. Required: | I5: 30
A6: Student Signature: | G6: Date:
A7: Advisor Name: | C7: George Johanson
A8: Advisor Signature: | G8: Date:
A9: Dept Chair Signature: | G9: Date:
A11: Course Number | C11: Course Name | E11: Academic Year | G11: Term & Year | I11: Qtr Hrs | K11: Sem Hrs | M11: Grade
C13: Program Expectations | I13: =SUM(I14:I24) -> 12 | K13: =SUM(K14:K24) -> 16
A14: EDRE 501 | C14: Intro to Research Methods | E14: 2011-12 | G14: Spring 2012 | I14: 4 | M14: A
A15: EDRE 720 | C15: Educational Statistics | E15: 2011-12 | G15: Summer 2012 | I15: 5 | M15: A-
A16: EDRE 7210 | C16: Regression Analysis | E16: 2012-13 | G16: Spring 2013 | K16: 4
A17: EDRE 7500 | C17: Intro to Qualitative Methods | E17: 2012-13 | G17: Fall 2012 | K17: 4 | M17: A-
A18: EDRE 7230 | C18: Questionnaire Design | E18: 2012-13 | G18: Spring 2013 | K18: 4
A19: EDRE 690 | C19: Readings in EDRE: Classroom Measurement | E19: 2012-13 | G19: Fall 2012 | I19: 3 | M19: A
A20: EDRE 7800 | C20: Program Evaluation in Education | E20: 2012-13 | G20: Fall 2012 | K20: 4 | M20: B+
C25: Electives | I25: =SUM(I26:I34) -> 12 | K25: =SUM(K26:K34) -> 0
A26: MATH 550A | C26: Statistical Theory | E26: 2011-12 | G26: Fall 2011 | I26: 4 | M26: A-
A27: MATH 550B | C27: Statistical Theory | E27: 2011-12 | G27: Winter 2012 | I27: 4 | M27: B+
A28: MATH 550C | C28: Statistical Theory | E28: 2011-12 | G28: Spring 2012 | I28: 4 | M28: A-
C35: Culminating Project (Choose One) | I35: =SUM(I36:I39) -> 0 | K35: =SUM(K36:K39) -> 4
A36: EDRE 6940 | C36: Research in EDRE (Seminar paper) | E36: 2012-13 | G36: Spring 2013 | K36: 4
A37: EDRE 6950 | C37: Thesis
C40: Total Credits (both Quarters and Semesters) | I40: =SUM(I13,I25,I35) -> 24 | K40: =SUM(K13,K25,K35) -> 20
C42: Total Credits (All Converted into Semester Credits) | K42: =(I40*(2/3))+(K40) -> 36
