Workbook

Sheet Page 1
A1: Council on Occupational Education
A3: REIMBURSEMENT POLICY
A5: 1 | B5: SCANNED COPIES OF ORIGINAL RECEIPTS ARE REQUIRED. Attach all scanned receipts for airline travel, car rentals, hotel bills,
B6: and meals. PRINT THIS FILE AND RECEIPTS IN PDF FORMAT and submit via email to: owenc@council.org.
B7: (See item 5 below for individual meals.)
A8: 2 | B8: TRAVEL BY COMMON CARRIER (airplane, train, bus, boat, etc.) will be reimbursed at the NORMAL ECONOMY RATE
B9: or actual cost, whichever is less, plus the necessary expense to and from the place of departure of the common carrier.
A12: 3 | B12: PERSONAL AUTOMOBILE usage, if requested, is authorized at the current IRS-approved rate by the most direct route.
B13: The maximum allowable reimbursement including en route expenses, may not exceed the published tourist airfare
B14: to and from the site of the meeting. | E14: Fill out worksheet below. Totals will be carried to front.
A16: 4 | B16: CAR RENTAL required advance authorization by the Council or institution.
A18: 5 | B18: MEALS- Scan original receipts for all individual and/or group meal expenses.
D19: Fill out worksheet below. Totals will be carried to front.
A21: 6 | B21: NON-REIMBURSABLE EXPENSES include items not directly related to COE business, such as telephone
B22: calls, lodging and meals for family members and guests, movies, entertainment, etc.
B24: PAYMENT OF NON-REIMBURSABLE EXPENSES: If you are authorized to sign the hotel bill on check
B25: out, pay for non-reimbursable expenses at that time and have the hotel deduct this from the final bill sent to
B26: COE. In other cases, non-reimbursable expenses are to be deducted from the total of expenses.
B29: PERSONAL MILEAGE WORKSHEET
B31: Rate per mile | D31: 0.56
B32: DATE
B33: Mileage
B35: TOTAL | C35: =C33*$D$31 -> 0 | D35: =D33*$D$31 -> 0 | E35: =E33*$D$31 -> 0 | F35: =F33*$D$31 -> 0 | G35: =G33*$D$31 -> 0 | H35: =H33*$D$31 -> 0
B36: Note: If mileage is to and from airport, use date of departure with mileage
B37: and date of return with mileage
B39: MEALS WORKSHEET
B41: DATE
B42: BREAKFAST
B43: LUNCH
B44: DINNER
B45: TOTAL | C45: =SUM(C42:C44) -> 0 | D45: =SUM(D42:D44) -> 0 | E45: =SUM(E42:E44) -> 0 | F45: =SUM(F42:F44) -> 0 | G45: =SUM(G42:G44) -> 0 | H45: =SUM(H42:H44) -> 0

Sheet Page 2
A2: Council on Occupational Education
A3: 7840 Roswell Road, Bldg. 300, Suite 325
A4: Atlanta, GA 30350
A6: EXPENSE VOUCHER•FILE WITHIN 14 OF INCURRING EXPENSES
F8: Date Received by COE
A9: Payable to (Name)
A12: Mail to (Address)
A15: City | C15: State | E15: Zip Code
A16: Telephone Number: ( )
A19: Trip From: | E19: To:
C20: City and State | F20: City and State
E21: To:
A22: To:
C23: City and State | F23: City and State
A25: Purpose of Trip:
C26: INCLUDE INSTITUTION NAME IF APPLICABLE
A28: DAILY EXPENSES1 DATE | H28: LINE TOTAL
A29: Plane, Train or Bus₂ | H29: =SUM(B29:G29) -> 0
A30: Personal Auto From Worksheet3 | B30: ='Page 1'!C35 -> 0 | C30: ='Page 1'!D35 -> 0 | D30: ='Page 1'!E35 -> 0 | E30: ='Page 1'!F35 -> 0 | F30: ='Page 1'!G35 -> 0 | G30: ='Page 1'!H35 -> 0 | H30: =SUM(B30:G30) -> 0
A31: Car Rental⁴ | H31: =SUM(B31:G31) -> 0
A32: Taxi, Limousine | H32: =SUM(B32:G32) -> 0
A33: Hotel(room & Meals) | H33: =SUM(B33:G33) -> 0
A34: Meals: Charged to COE | H34: =SUM(B34:G34) -> 0
A35: Meals: From Worksheet⁵ | B35: ='Page 1'!C45 -> 0 | C35: ='Page 1'!D45 -> 0 | D35: ='Page 1'!E45 -> 0 | E35: ='Page 1'!F45 -> 0 | F35: ='Page 1'!G45 -> 0 | G35: ='Page 1'!H45 -> 0 | H35: =SUM(B35:G35) -> 0
A36: Parking Fees | H36: =SUM(B36:G36) -> 0
A37: OTHER: | H37: =SUM(B37:G37) -> 0
A38: Explanatory Notes: | D38: TOTAL OF ALL EXPENSES | H38: =SUM(H29:H37) -> 0
D39: Less Items Charged to COE
D40: Less Advances (If Any)
D41: Less Non-Reimbursable Expenses⁶
D42: Net Amount to be Reimbursed | H42: =H38-SUM(H39:H41) -> 0
A45: Signature | E45: Date
A46: ••••••••••••• | B46: ••••••••• | C46: ••••••••• | D46: (FOR COE USE ONLY) | F46: ••••••••• | G46: ••••••••• | H46: •••••••••
A47: Account | B47: Amount | C47: Account | D47: Amount | E47: Account | F47: Amount
A48: TRAVEL
E49: TOTAL PAID
E50: DATE PAID
A51: Approval Signature: | F51: Date:
