Workbook

Sheet Master Mix Sheet
A1: Ice Cream Production Master Sheet
B6: Gallons
A7: Vanilla Ice Cream
A8: Finished Ice Cream | B8: =WhiteMix!C7 -> 0
A9: Ice Cream Remaining | B9: =WhiteMix!C8 -> 0
A11: Chocolate Ice Cream
A12: Finished Ice Cream | B12: =ChocMix!C7 -> 0
A13: Ice Cream Remaining | B13: =ChocMix!B8 -> 0
A15: No Sugar Ice Cream
A16: Finished Ice Cream | B16: =NSAMix!C7 -> 0
A17: Ice Cream Remaining | B17: =NSAMix!C8 -> 0
A19: Frozen Yogurt Ice Cream
A20: Finished Frozen Yogurt | B20: =FrozenYogurt!C6 -> 0
A21: Frozen Yogurt Remaining | B21: =FrozenYogurt!C7 -> 0
A23: Sherbet
A24: Finished Sherbet | B24: =Sherbet!C6 -> 0
A25: Sherbet Remaining | B25: =Sherbet!C7 -> 0
A40: Notes:

Sheet WhiteMix
A1: Vanilla Ice Cream Mix Production Sheet | F1: Vanilla Ice Cream Mix Production Sheet
A6: White Mix Produced (gal) | C6: 0 | F6: Flavor | G6: Volume | H6: No. of Tubs | I6: Ice Cream (Gal) | J6: Mix Required (Gal)
A7: Finished Ice Cream (gal) | C7: =C6*1.8 -> 0
A8: Ice Cream Remaining (gal) | C8: =C7-(D42+I38) -> 0 | F8: Flavor | G8: 3 gallon | H8: 0 | I8: =H8*3 -> 0 | J8: =SUM(I8:I9)/1.8 -> 0
A9: Mix Remaining (gal) | C9: =C6-(E42+J38) -> 0 | F9: =F8 -> Flavor | G9: 1/2 gallon | H9: 0 | I9: =H9/2 -> 0
A10: Flavor | B10: Volume | C10: No. of Tubs | D10: Ice Cream (Gal) | E10: Mix Required (Gal)
F11: Flavor | G11: 3 gallon | H11: 0 | I11: =H11*3 -> 0 | J11: =SUM(I11:I12)/1.8 -> 0
A12: Vanilla | B12: 3 gallon | C12: 0 | D12: =C12*3 -> 0 | E12: =SUM(D12:D15) -> 0 | F12: flavor | G12: 1/2 gallon | H12: 0 | I12: =H12/2 -> 0
A13: =A12 -> Vanilla | B13: 1/2 gallon | C13: 0 | D13: =C13/2 -> 0
A14: =A12 -> Vanilla | B14: dixie | C14: 0 | D14: =C14/32 -> 0 | F14: Flavor | G14: 3 gallon | H14: 0 | I14: =H14*3 -> 0 | J14: =SUM(I14:I15)/1.8 -> 0
A15: =A12 -> Vanilla | B15: pint | C15: 0 | D15: =C15/8 -> 0 | F15: =F14 -> Flavor | G15: 1/2 gallon | H15: 0 | I15: =H15/2 -> 0
A17: Cookies n Cream | B17: 3 gallon | C17: 0 | D17: =C17*3 -> 0 | E17: =SUM(D17:D20) -> 0 | F17: Flavor 9 | G17: 3 gallon | H17: 0 | I17: =H17*3 -> 0 | J17: =SUM(I17:I18)/1.8 -> 0
A18: =A17 -> Cookies n Cream | B18: 1/2 gallon | C18: 0 | D18: =C18/2 -> 0 | F18: =F17 -> Flavor 9 | G18: 1/2 gallon | H18: 0 | I18: =H18/2 -> 0
A19: =A17 -> Cookies n Cream | B19: dixie | C19: 0 | D19: =C19/32 -> 0
A20: =A17 -> Cookies n Cream | B20: pint | D20: =C20/8 -> 0 | F20: Flavor10 | G20: 3 gallon | I20: =H20*3 -> 0 | J20: =SUM(I20:I21)/1.8 -> 0
F21: =F20 -> Flavor10 | G21: 1/2 gallon | I21: =H21/2 -> 0
A22: Chocolate Chip Cookie Dough | B22: 3 gallon | C22: 0 | D22: =C22*3 -> 0 | E22: =SUM(D22:D25) -> 0
A23: =A22 -> Chocolate Chip Cookie Dough | B23: 1/2 gallon | C23: 0 | D23: =C23/2 -> 0 | F23: Flavor11 | G23: 3 gallon | I23: =H23*3 -> 0 | J23: =SUM(I23:I24)/1.8 -> 0
A24: =A22 -> Chocolate Chip Cookie Dough | B24: dixie | D24: =C24/32 -> 0 | F24: =F23 -> Flavor11 | G24: 1/2 gallon | I24: =H24/2 -> 0
A25: =A22 -> Chocolate Chip Cookie Dough | B25: pint | D25: =C25/8 -> 0
F26: Flavor12 | G26: 3 gallon | I26: =H26*3 -> 0 | J26: =SUM(I26:I27)/1.8 -> 0
A27: Peachy Patrno | B27: 3 gallon | C27: 0 | D27: =C27*3 -> 0 | E27: =SUM(D27:D30) -> 0 | F27: =F26 -> Flavor12 | G27: 1/2 gallon | I27: =H27/2 -> 0
A28: =A27 -> Peachy Patrno | B28: 1/2 gallon | C28: 0 | D28: =C28/2 -> 0
A29: =A27 -> Peachy Patrno | B29: dixie | D29: =C29/32 -> 0 | F29: Flavor13 | G29: 3 gallon | I29: =H29*3 -> 0 | J29: =SUM(I29:I30)/1.8 -> 0
A30: =A27 -> Peachy Patrno | B30: pint | D30: =C30/8 -> 0 | F30: =F29 -> Flavor13 | G30: 1/2 gallon | I30: =H30/2 -> 0
A32: Bittersweet Mint | B32: 3 gallon | C32: 0 | D32: =C32*3 -> 0 | E32: =SUM(D32:D33) -> 0 | F32: Flavor14 | G32: 3 gallon | I32: =H32*3 -> 0 | J32: =SUM(I32:I33)/1.8 -> 0
A33: =A32 -> Bittersweet Mint | B33: 1/2 gallon | C33: 0 | D33: =C33/2 -> 0 | F33: =F32 -> Flavor14 | G33: 1/2 gallon | I33: =H33/2 -> 0
A35: Butter Pecan | B35: 3 gallon | E35: =SUM(D35:D36) -> 0 | F35: Flavor15 | G35: 3 gallon | I35: =H35*3 -> 0 | J35: =SUM(I35:I36)/1.8 -> 0
A36: =A35 -> Butter Pecan | B36: 1/2 gallon | F36: =F35 -> Flavor15 | G36: 1/2 gallon | I36: =H36/2 -> 0
A38: Peanut Butter Swirl | B38: 3 gallon | C38: 0 | D38: =C38/2 -> 0 | E38: =SUM(D38:D39) -> 0 | F38: Total: | I38: =SUM(I8:I36) -> 0 | J38: =SUM(J8:J36) -> 0
A39: =A38 -> Peanut Butter Swirl | B39: 1/2 gallon | D39: =C39/32 -> 0
A40: =A37 | D40: =C40/8 -> 0
A42: Total: | D42: =SUM(D12:D40) -> 0 | E42: =SUM(E12:E40) -> 0
A44: Notes: | F44: Notes:

Sheet ChocMix
A1: Chocolate Ice Cream Mix Production Sheet | F1: Chocolate Ice Cream Mix Production Sheet
A6: Chocolate Mix Produced (gal) | C6: 0 | F6: Flavor | G6: Volume | H6: No. of Tubs | I6: Ice Cream (Gal) | J6: Mix Required (Gal)
A7: Finished Ice Cream (gal) | C7: =C6*1.8 -> 0
A8: Ice Cream Remaining (gal) | C8: =C7-(D42+I38) -> 0 | F8: Flavor6 | G8: 3 gallon | I8: =H8*3 -> 0 | J8: =SUM(I8:I9)/1.8 -> 0
A9: Mix Remaining (gal) | C9: =C6-(E42+J38) -> 0 | F9: =F8 -> Flavor6 | G9: 1/2 gallon | I9: =H9/2 -> 0
A10: Flavor | B10: Volume | C10: No. of Tubs | D10: Ice Cream (Gal) | E10: Mix Required (Gal)
F11: Flavor7 | G11: 3 gallon | I11: =H11*3 -> 0 | J11: =SUM(I11:I12)/1.8 -> 0
A12: Chocolate | B12: 3 gallon | C12: 0 | D12: =C12*3 -> 0 | E12: =SUM(D12:D15)/1.8 -> 0 | F12: =F11 -> Flavor7 | G12: 1/2 gallon | I12: =H12/2 -> 0
A13: =A12 -> Chocolate | B13: 1/2 gallon | C13: 0 | D13: =C13/2 -> 0
A14: =A12 -> Chocolate | B14: dixie | C14: 0 | D14: =C14/32 -> 0 | F14: Flavor8 | G14: 3 gallon | I14: =H14*3 -> 0 | J14: =SUM(I14:I15)/1.8 -> 0
A15: =A12 -> Chocolate | B15: pint | C15: 0 | D15: =C15/8 -> 0 | F15: =F14 -> Flavor8 | G15: 1/2 gallon | I15: =H15/2 -> 0
A17: Death By Chocolate | B17: 3 gallon | C17: 0 | D17: =C17*3 -> 0 | E17: =SUM(D17:D20)/1.8 -> 0 | F17: Flavor9 | G17: 3 gallon | I17: =H17*3 -> 0 | J17: =SUM(I17:I18)/1.8 -> 0
A18: =A17 -> Death By Chocolate | B18: 1/2 gallon | C18: 0 | D18: =C18/2 -> 0 | F18: =F17 -> Flavor9 | G18: 1/2 gallon | I18: =H18/2 -> 0
A19: =A17 -> Death By Chocolate | B19: dixie | D19: =C19/32 -> 0
A20: =A17 -> Death By Chocolate | B20: pint | D20: =C20/8 -> 0 | F20: Flavor10 | G20: 3 gallon | I20: =H20*3 -> 0 | J20: =SUM(I20:I21)/1.8 -> 0
F21: =F20 -> Flavor10 | G21: 1/2 gallon | I21: =H21/2 -> 0
A22: Keeney Beany Chocolate | B22: 3 gallon | C22: 0 | D22: =C22*3 -> 0 | E22: =SUM(D22:D25)/1.8 -> 0
A23: =A22 -> Keeney Beany Chocolate | B23: 1/2 gallon | C23: 0 | D23: =C23/2 -> 0 | F23: Flavor11 | G23: 3 gallon | I23: =H23*3 -> 0 | J23: =SUM(I23:I24)/1.8 -> 0
A24: =A22 -> Keeney Beany Chocolate | B24: dixie | D24: =C24/32 -> 0 | F24: =F23 -> Flavor11 | G24: 1/2 gallon | I24: =H24/2 -> 0
A25: =A22 -> Keeney Beany Chocolate | B25: pint | D25: =C25/8 -> 0
F26: Flavor12 | G26: 3 gallon | I26: =H26*3 -> 0 | J26: =SUM(I26:I27)/1.8 -> 0
A27: Chocolate Chocolate Nut | B27: 3 gallon | C27: 0 | D27: =C27*3 -> 0 | E27: =SUM(D27:D30)/1.8 -> 0 | F27: =F26 -> Flavor12 | G27: 1/2 gallon | I27: =H27/2 -> 0
A28: =A27 -> Chocolate Chocolate Nut | B28: 1/2 gallon | C28: 0 | D28: =C28/2 -> 0
A29: =A27 -> Chocolate Chocolate Nut | B29: dixie | D29: =C29/32 -> 0 | F29: Flavor13 | G29: 3 gallon | I29: =H29*3 -> 0 | J29: =SUM(I29:I30)/1.8 -> 0
A30: =A27 -> Chocolate Chocolate Nut | B30: pint | D30: =C30/8 -> 0 | F30: =F29 -> Flavor13 | G30: 1/2 gallon | I30: =H30/2 -> 0
A32: Peanut Butter Cup | B32: 3 gallon | C32: 0 | D32: =C32*3 -> 0 | E32: =SUM(D32:D35)/1.8 -> 0 | F32: Flavor14 | G32: 3 gallon | I32: =H32*3 -> 0 | J32: =SUM(I32:I33)/1.8 -> 0
A33: =A32 -> Peanut Butter Cup | B33: 1/2 gallon | C33: 0 | D33: =C33/2 -> 0 | F33: =F32 -> Flavor14 | G33: 1/2 gallon | I33: =H33/2 -> 0
A34: =A32 -> Peanut Butter Cup | B34: dixie | D34: =C34/32 -> 0
A35: =A32 -> Peanut Butter Cup | B35: pint | D35: =C35/8 -> 0 | F35: Flavor15 | G35: 3 gallon | I35: =H35*3 -> 0 | J35: =SUM(I35:I36)/1.8 -> 0
F36: =F35 -> Flavor15 | G36: 1/2 gallon | I36: =H36/2 -> 0
A37: German Chocolate Cake | B37: 3 gallon | C37: 0 | D37: =C37*3 -> 0 | E37: =SUM(D37:D40)/1.8 -> 0
A38: =A37 -> German Chocolate Cake | B38: 1/2 gallon | C38: 0 | D38: =C38/2 -> 0 | F38: Total: | I38: =SUM(I8:I36) -> 0 | J38: =SUM(J8:J36) -> 0
A39: =A37 -> German Chocolate Cake | B39: dixie | D39: =C39/32 -> 0
A40: =A37 -> German Chocolate Cake | B40: pint | D40: =C40/8 -> 0
A42: Total: | D42: =SUM(D12:D40) -> 0 | E42: =SUM(E12:E40) -> 0
A44: Notes: | F44: Notes:

Sheet NSAMix
A1: No Sugar Added Mix Production Sheet
A6: NSA Mix Produced (gal) | C6: 0
A7: Finished Ice Cream (gal) | C7: =C6*1.8 -> 0
A8: Ice Cream Remaining (gal) | C8: =C7-(D21) -> 0
A9: Mix Remaining (gal) | C9: =C6-E21 -> 0
A10: Flavor, Volume | B10: Volume | C10: No. of Tubs | D10: Ice Cream (Gal) | E10: Mix Required (Gal)
A12: Vanilla | B12: 3 gallon | D12: =C12*3 -> 0 | E12: =SUM(D12:D13)/1.8 -> 0
A13: =A12 -> Vanilla | B13: 1/2 gallon | D13: =C13/2 -> 0
A15: Chocolate | B15: 3 gallon | D15: =C15*3 -> 0 | E15: =SUM(D15:D16)/1.8 -> 0
A16: =A15 -> Chocolate | B16: 1/2 gallon | D16: =C16/2 -> 0
A18: Strawberry | B18: 3 gallon | D18: =C18*3 -> 0 | E18: =SUM(D18:D19)/1.8 -> 0
A19: =A18 -> Strawberry | B19: 1/2 gallon | D19: =C19/2 -> 0
A21: Total: | D21: =SUM(D12:D19) -> 0 | E21: =SUM(E12:E19) -> 0
A40: Notes:

Sheet FrozenYogurt
A1: Frozen Yogurt Production Sheet
A5: F.Y. Produced (gal) | C5: 0
A6: Finished F.Y. (gal) | C6: =C5*1.8 -> 0
A7: F.Y. Remaining (gal) | C7: =C6-D41 -> 0
A8: Mix Remaining (gal) | C8: =C5-E41 -> 0
A9: Flavor | B9: Volume | C9: No. of Tubs | D9: Froz. Yog. (Gal) | E9: Mix Required (Gal)
A11: Vanilla | B11: 3 gallon | C11: 0 | D11: =C11*3 -> 0 | E11: =SUM(D11:D12)/1.8 -> 0
A12: =A11 -> Vanilla | B12: 1/2 gallon | C12: 0 | D12: =C12/2 -> 0
A14: Strawberry | B14: 3 gallon | C14: 0 | D14: =C14*3 -> 0 | E14: =SUM(D14:D15)/1.8 -> 0
A15: =A14 -> Strawberry | B15: 1/2 gallon | C15: 0 | D15: =C15/2 -> 0
A17: Black Raspberry | B17: 3 gallon | C17: 0 | D17: =C17*3 -> 0 | E17: =SUM(D17:D18)/1.8 -> 0
A18: =A17 -> Black Raspberry | B18: 1/2 gallon | C18: 0 | D18: =C18/2 -> 0
A20: Pina Colada | B20: 3 gallon | C20: 0 | D20: =C20*3 -> 0 | E20: =SUM(D20:D21)/1.8 -> 0
A21: =A20 -> Pina Colada | B21: 1/2 gallon | C21: 0 | D21: =C21/2 -> 0
A23: Flavor5 | B23: 3 gallon | D23: =C23*3 -> 0 | E23: =SUM(C23:C24)/1.8 -> 0
A24: =A23 -> Flavor5 | B24: 1/2 gallon | D24: =C24/2 -> 0
A26: Flavor6 | B26: 3 gallon | D26: =C26*3 -> 0 | E26: =SUM(C26:C27)/1.8 -> 0
A27: =A26 -> Flavor6 | B27: 1/2 gallon | D27: =C27/2 -> 0
A29: Flavor7 | B29: 3 gallon | D29: =C29*3 -> 0 | E29: =SUM(C29:C30)/1.8 -> 0
A30: =A29 -> Flavor7 | B30: 1/2 gallon | D30: =C30/2 -> 0
A32: Flavor8 | B32: 3 gallon | D32: =C32*3 -> 0 | E32: =SUM(C32:C33)/1.8 -> 0
A33: =A32 -> Flavor8 | B33: 1/2 gallon | D33: =C33/2 -> 0
A35: Flavor9 | B35: 3 gallon | D35: =C35*3 -> 0 | E35: =SUM(C35:C36)/1.8 -> 0
A36: =A35 -> Flavor9 | B36: 1/2 gallon | D36: =C36/2 -> 0
A38: Flavor10 | B38: 3 gallon | D38: =C38*3 -> 0 | E38: =SUM(C38:C39)/1.8 -> 0
A39: =A38 -> Flavor10 | B39: 1/2 gallon | D39: =C39/2 -> 0
A41: Total: | D41: =SUM(D11:D39) -> 0 | E41: =SUM(E11:E39) -> 0
A43: Notes:

Sheet Sherbet
A1: Sherbet Production Sheet
A5: Sherbet Produced (gal)
A6: Finished Sherbet (gal) | C6: =C5*1.35 -> 0
A7: Sherbet Remaining (gal) | C7: =C6-(D32) -> 0
A8: Mix Remaining (gal) | C8: =C5-E32 -> 0
A9: Flavor, Volume | B9: Volume | C9: No. of Tubs | D9: Sherbet (Gal) | E9: Mix Required (Gal)
A11: Lemon | B11: 3 gallon | D11: =C11*3 -> 0 | E11: =SUM(D11:D12)/1.35 -> 0
A12: =A11 -> Lemon | B12: quart | D12: =C12/4 -> 0
A14: Lime | B14: 3 gallon | D14: =C14*3 -> 0 | E14: =SUM(D14:D15)/1.35 -> 0
A15: =A14 -> Lime | B15: quart | D15: =C15/4 -> 0
A17: Orange | B17: 3 gallon | D17: =C17*3 -> 0 | E17: =SUM(D17:D18)/1.35 -> 0
A18: =A17 -> Orange | B18: quart | D18: =C18/4 -> 0
A20: Pineapple | B20: 3 gallon | D20: =C20*3 -> 0 | E20: =SUM(D20:D21)/1.35 -> 0
A21: =A20 -> Pineapple | B21: quart | D21: =C21/4 -> 0
A23: Raspberry | B23: 3 gallon | D23: =C23*3 -> 0 | E23: =SUM(D23:D24)/1.35 -> 0
A24: =A23 -> Raspberry | B24: quart | D24: =C24/4 -> 0
A26: Watermelon | B26: 3 gallon | D26: =C26*3 -> 0 | E26: =SUM(D26:D27)/1.35 -> 0
A27: =A26 -> Watermelon | B27: quart | D27: =C27/4 -> 0
A29: Flavor7 | B29: 3 gallon | D29: =C29*3 -> 0 | E29: =SUM(D29:D30)/1.35 -> 0
A30: =A29 -> Flavor7 | B30: quart | D30: =C30/4 -> 0
A32: Total: | D32: =SUM(D11:D30) -> 0 | E32: =SUM(E11:E30) -> 0
A40: Notes:
