Workbook

Sheet All stats
A1: Team | B1: Tourney | C1: Set | D1: PPG | E1: PPB | F1: 15PG
A2: Bellaire | B2: ACF Fall Texas | C2: ACF Fall | D2: 299.5 | E2: 18.06 | F2: n/a
A3: Cinco Ranch | B3: ACF Fall Texas | C3: ACF Fall | D3: 62.5 | E3: 8.06 | F3: n/a
A4: Dorman | B4: ACF Fall UVA | C4: ACF Fall | D4: 330.3 | E4: 23.57 | F4: n/a
A5: Georgetown Day School | B5: ACF Fall UVA | C5: ACF Fall | D5: 282.3 | E5: 19.68 | F5: n/a
A6: Hanover | B6: ACF Fall Yale | C6: ACF Fall | D6: =((172.5*4)+(267.9*7))/11 -> 233.20909 | E6: =(1210+450)/(27+72) -> 16.767677 | F6: n/a
A7: IMSA | B7: ACF Fall NIU | C7: ACF Fall | D7: 399.6 | E7: 23.31 | F7: n/a
A8: Kealing A | B8: ACF Fall Texas | C8: ACF Fall | D8: 271 | E8: 17.7 | F8: n/a
A9: Loyola A | B9: ACF Fall NIU | C9: ACF Fall | D9: 368.3 | E9: 23.58 | F9: n/a
A10: Loyola B | B10: ACF Fall NIU | C10: ACF Fall | D10: 185 | E10: 14.43 | F10: n/a
A11: Macomb | B11: ACF Fall NIU | C11: ACF Fall | D11: 285 | E11: 18.92 | F11: n/a
A12: North Hollywood A | B12: ACF Fall West | C12: ACF Fall | D12: 233 | E12: 16.85 | F12: n/a
A13: North Hollywood B | B13: ACF Fall West | C13: ACF Fall | D13: 73 | E13: 10.49 | F13: n/a
A14: Rancho Bernardo | B14: ACF Fall West | C14: ACF Fall | D14: 224.5 | E14: 16.78 | F14: n/a
A15: Seven Lakes A | B15: ACF Fall Texas | C15: ACF Fall | D15: 425.8 | E15: 24.08 | F15: n/a
A16: Seven Lakes B | B16: ACF Fall Texas | C16: ACF Fall | D16: 37.2 | E16: 5.21 | F16: n/a
A17: St. Anselm's | B17: ACF Fall UVA | C17: ACF Fall | D17: 348.3 | E17: 23 | F17: n/a
A18: St. John's A | B18: ACF Fall Texas | C18: ACF Fall | D18: 169.4 | E18: 13.51 | F18: n/a
... A36: SJS B | B36: Texas ACF Regionals | C36: ACF Regs | D36: 58.8 | E36: 10.4 | F36: n/a
A37: Alpharetta | B37: ATTACK (National) | C37: ATTACK | D37: 278.3 | E37: 17.82 | F37: 1.8888889
A38: Alpharetta B | B38: ATTACK (Varsity) | C38: ATTACK | D38: 187.1 | E38: 12.81 | F38: =2/7 -> 0.28571429
A39: Athens Academy | B39: ATTACK (National) | C39: ATTACK | D39: 287.2 | E39: 19.88 | F39: 2.3333333
A40: Brookwood A | B40: ATTACK (National) | C40: ATTACK | D40: 367.2 | E40: 22.32 | F40: 2.3333333
A41: Brookwood B | B41: ATTACK (Varsity) | C41: ATTACK | D41: 277.1 | E41: 15.47 | F41: =6/7 -> 0.85714286
A42: Chattahoochee A | B42: ATTACK (National) | C42: ATTACK | D42: 307.2 | E42: 20.34 | F42: 2.1111111
A43: Chattahoochee B | B43: ATTACK (National) | C43: ATTACK | D43: 266.1 | E43: 20.53 | F43: 2.3333333
A44: Chattahoochee C | B44: ATTACK (Varsity) | C44: ATTACK | D44: 172.1 | E44: 13.6 | F44: =5/7 -> 0.71428571
A45: Collins Hill | B45: ATTACK (Varsity) | C45: ATTACK | D45: 248.6 | E45: 13.8 | F45: =10/7 -> 1.4285714
A46: Dorman A | B46: ATTACK (National) | C46: ATTACK | D46: 478.9 | E46: 24.91 | F46: 7.3333333
A47: Dorman B | B47: ATTACK (National) | C47: ATTACK | D47: 307.2 | E47: 18.19 | F47: 2.5555556
A48: Dorman C | B48: ATTACK (National) | C48: ATTACK | D48: 193.3 | E48: 16.43 | F48: 1.6666667
A49: East Paulding | B49: ATTACK (Varsity) | C49: ATTACK | D49: 90.8 | E49: 7.67 | F49: =3/6 -> 0.5
A50: Eastside (GA) | B50: ATTACK (Varsity) | C50: ATTACK | D50: 353.3 | E50: 17.28 | F50: =14/9 -> 1.5555556
A51: Grayson | B51: ATTACK (Varsity) | C51: ATTACK | D51: 130 | E51: 10 | F51: 0
A52: GSMST | B52: ATTACK (Varsity) | C52: ATTACK | D52: 326.1 | E52: 16.45 | F52: =21/9 -> 2.3333333
A53: Johns Creek A | B53: ATTACK (Varsity) | C53: ATTACK | D53: 295.6 | E53: 15.19 | F53: =13/9 -> 1.4444444
A54: Johns Creek B | B54: ATTACK (Varsity) | C54: ATTACK | D54: 133 | E54: 11.29 | F54: =1/5 -> 0.2
A55: Kell | B55: ATTACK (Varsity) | C55: ATTACK | D55: 132.9 | E55: 10.68 | F55: =4/7 -> 0.57142857
A56: Marist A | B56: ATTACK (National) | C56: ATTACK | D56: 270 | E56: 20.66 | F56: 2.2222222
A57: Marist B | B57: ATTACK (Varsity) | C57: ATTACK | D57: 265.7 | E57: 13.51 | F57: =10/7 -> 1.4285714
A58: Marist C | B58: ATTACK (Varsity) | C58: ATTACK | D58: 98.3 | E58: 8.12 | F58: =2/6 -> 0.33333333
A59: Milton | B59: ATTACK (Varsity) | C59: ATTACK | D59: 110 | E59: 8.46 | F59: =10/7 -> 1.4285714
A60: Norcross A | B60: ATTACK (National) | C60: ATTACK | D60: 334.4 | E60: 20.53 | F60: 3.1111111
A61: Oak Mountain Academy | B61: ATTACK (Varsity) | C61: ATTACK | D61: 200.8 | E61: 13.6 | F61: =5/6 -> 0.83333333
A62: Prince Avenue | B62: ATTACK (Varsity) | C62: ATTACK | D62: 135 | E62: 10.64 | F62: =1/6 -> 0.16666667
A63: River Ridge | B63: ATTACK (Varsity) | C63: ATTACK | D63: 107 | E63: 8.57 | F63: =3/5 -> 0.6
A64: Roswell A | B64: ATTACK (Varsity) | C64: ATTACK | D64: 255 | E64: 14.83 | F64: =12/9 -> 1.3333333
A65: Roswell B | B65: ATTACK (Varsity) | C65: ATTACK | D65: 144.2 | E65: 9.2 | F65: =4/6 -> 0.66666667
A66: Sequoyah | B66: ATTACK (Varsity) | C66: ATTACK | D66: 40.8 | E66: 7.14 | F66: =1/6 -> 0.16666667
A67: Stephenson | B67: ATTACK (Varsity) | C67: ATTACK | D67: 23.3 | E67: 4.44 | F67: =2/6 -> 0.33333333
A68: Wesleyan | B68: ATTACK (Varsity) | C68: ATTACK | D68: 280.7 | E68: 17.54 | F68: =13/7 -> 1.8571429
A69: Wheeler | B69: ATTACK (Varsity) | C69: ATTACK | D69: 170 | E69: 12.31 | F69: =6/7 -> 0.85714286
A70: Woodland | B70: ATTACK (Varsity) | C70: ATTACK | D70: 126.4 | E70: 10.23 | F70: =3/7 -> 0.42857143
A71: Alma Bryant | B71: Norcross BDAT | C71: BDAT | D71: 153 | E71: 11.11 | F71: n/a
A72: Alpharetta | B72: Norcross BDAT | C72: BDAT | D72: 277.5 | E72: 16.23 | F72: n/a
A73: Athens Academy | B73: Norcross BDAT | C73: BDAT | D73: 394.4 | E73: 20.26 | F73: n/a
A74: Baconton A | B74: Quizcat Open | C74: BDAT | D74: 261.9 | E74: 12.58 | F74: =13/8 -> 1.625
A75: Baconton B | B75: Quizcat Open | C75: BDAT | D75: 145.6 | E75: 9.34 | F75: 1
A76: Baconton C | B76: Quizcat Open | C76: BDAT | D76: 103.1 | E76: 7.87 | F76: 0.5
A77: BHS A | B77: Quizcat Open | C77: BDAT | D77: 391.9 | E77: 17.81 | F77: 3
A78: BHS B | B78: Quizcat Open | C78: BDAT | D78: 56.2 | E78: 5.81 | F78: =2/8 -> 0.25
A79: Blacksburg | B79: Virginia Cav Classic | C79: BDAT | D79: 261.1 | E79: 13.78 | F79: =19/9 -> 2.1111111
A80: BMS A | B80: Quizcat Open | C80: BDAT | D80: 78.8 | E80: 7.24 | F80: =2/8 -> 0.25
A81: BMS B | B81: Quizcat Open | C81: BDAT | D81: 15.6 | E81: 4.44 | F81: 0
A82: Brookwood A | B82: Norcross BDAT | C82: BDAT | D82: 458.8 | E82: 21.37 | F82: n/a
A83: Brookwood B | B83: Norcross BDAT | C83: BDAT | D83: 159.2 | E83: 10.65 | F83: n/a
A84: Brookwood C | B84: Norcross BDAT | C84: BDAT | D84: 77 | E84: 6.82 | F84: n/a
A85: Cave Spring A | B85: Virginia Cav Classic | C85: BDAT | D85: 331.7 | E85: 17.26 | F85: =37/9 -> 4.1111111
A86: Cave Spring B | B86: Virginia Cav Classic | C86: BDAT | D86: 120 | E86: 10.66 | F86: =4/9 -> 0.44444444
A87: Centennial A | B87: Norcross BDAT | C87: BDAT | D87: 655.6 | E87: 25.29 | F87: n/a
A88: Centennial B | B88: Norcross BDAT | C88: BDAT | D88: 122.5 | E88: 9.17 | F88: n/a
A89: Charlottesville | B89: Virginia Cav Classic | C89: BDAT | D89: 145 | E89: 8.7 | F89: =8/9 -> 0.88888889
A90: Chattahoochee | B90: Norcross BDAT | C90: BDAT | D90: 362.9 | E90: 18.31 | F90: n/a
A91: Chattahoochee | B91: Virginia Cav Classic | C91: BDAT | D91: 361.7 | E91: 20.76 | F91: =31/9 -> 3.4444444
A92: Christiansburg | B92: Virginia Cav Classic | C92: BDAT | D92: 415 | E92: 21.39 | F92: =43/9 -> 4.7777778
A93: Clayton A | B93: Missouri S&T Fall | C93: BDAT | D93: 436 | E93: 17.79 | F93: 3.7
A94: Clayton B | B94: Missouri S&T Fall | C94: BDAT | D94: 123.1 | E94: 7.12 | F94: =3/8 -> 0.375
A95: Cosby A | B95: Virginia Cav Classic | C95: BDAT | D95: 93.3 | E95: 8.22 | F95: =12/9 -> 1.3333333
A96: Cosby B | B96: Virginia Cav Classic | C96: BDAT | D96: 68.3 | E96: 6.89 | F96: =5/9 -> 0.55555556
A97: Dixon A | B97: Missouri S&T Fall | C97: BDAT | D97: 106.7 | E97: 8.06 | F97: 0
A98: Dixon B | B98: Missouri S&T Fall | C98: BDAT | D98: 25 | E98: 6 | F98: =1/6 -> 0.16666667
A99: Dixon C | B99: Missouri S&T Fall | C99: BDAT | D99: 10 | E99: 1.67 | F99: 0
A100: Dorman A | B100: Virginia Cav Classic | C100: BDAT | D100: 552.2 | E100: 24.37 | F100: =98/9 -> 10.888889
A101: Dorman B | B101: Virginia Cav Classic | C101: BDAT | D101: 357.8 | E101: 20.78 | F101: =45/9 -> 5
A102: Duluth | B102: Norcross BDAT | C102: BDAT | D102: 196.4 | E102: 11.97 | F102: n/a
A103: Early College Academy | B103: Bonfire of the Manatees | C103: BDAT | D103: 112 | E103: 10 | F103: =2/6 -> 0.33333333
A104: East Chapel Hill A | B104: Bonfire of the Manatees | C104: BDAT | D104: 384 | E104: 20.7 | F104: =27/6 -> 4.5
A105: East Chapel Hill B | B105: Bonfire of the Manatees | C105: BDAT | D105: 99 | E105: 9 | F105: 0
A106: Eastside | B106: Norcross BDAT | C106: BDAT | D106: 339.3 | E106: 16.57 | F106: n/a
A107: Elon School | B107: Bonfire of the Manatees | C107: BDAT | D107: 49 | E107: 6.5 | F107: 0
A108: Enloe A | B108: Bonfire of the Manatees | C108: BDAT | D108: 384 | E108: 20.1 | F108: 4
A109: Enloe B | B109: Bonfire of the Manatees | C109: BDAT | D109: 81 | E109: 5.4 | F109: 0.5
A110: Fordland | B110: Missouri S&T Fall | C110: BDAT | D110: 126.7 | E110: 8.12 | F110: =3/9 -> 0.33333333
A111: Freeman | B111: Virginia Cav Classic | C111: BDAT | D111: 88.9 | E111: 9.07 | F111: =2/9 -> 0.22222222
A112: Fremd A | B112: Niles West BDAT Mirror | C112: BDAT | D112: 206 | E112: 13.26 | F112: 1.1
A113: Fremd B | B113: Niles West BDAT Mirror | C113: BDAT | D113: 43 | E113: 8.08 | F113: 0.2
A114: Fulton | B114: Missouri S&T Fall | C114: BDAT | D114: 147.5 | E114: 9.47 | F114: 0.6
A115: Grayson A | B115: Norcross BDAT | C115: BDAT | D115: 90 | E115: 7.94 | F115: n/a
A116: Grayson B | B116: Norcross BDAT | C116: BDAT | D116: 52 | E116: 8.57 | F116: n/a
A117: Green Hope | B117: Bonfire of the Manatees | C117: BDAT | D117: 318 | E117: 17.8 | F117: =15/6 -> 2.5
...

Sheet All IS Sets
A1: Team | B1: Tourney | C1: Set | D1: PPG | E1: PPB | F1: 15PG
A2: Amherst Central A | B2: Bull Bowl | C2: IS107 | D2: 145.5 | E2: 10 | F2: =8/11 -> 0.72727273
A3: Amherst Central B | B3: Bull Bowl | C3: IS107 | D3: 117 | E3: 8.44 | F3: 1
A4: Arcadia A | B4: UCLA TWAIN | C4: IS107 | D4: 403.5 | E4: 20.95 | F4: 4.6
A5: Arcadia B | B5: UCLA TWAIN | C5: IS107 | D5: 385 | E5: 19.37 | F5: 5.2
A6: Arcadia C | B6: UCLA TWAIN | C6: IS107 | D6: 177.5 | E6: 13.75 | F6: 1.6
A7: Arcadia D | B7: UCLA TWAIN | C7: IS107 | D7: 223.5 | E7: 15.41 | F7: 3.3
A8: Arcadia E | B8: UCLA TWAIN | C8: IS107 | D8: 127.5 | E8: 11.1 | F8: 1.3
A9: Arcadia F | B9: UCLA TWAIN | C9: IS107 | D9: 175.5 | E9: 14.71 | F9: 2.3
A10: Armstrong A | B10: GINVIT | C10: IS107 | D10: 277 | E10: 15.05 | F10: 3
A11: Armstrong B | B11: GINVIT | C11: IS107 | D11: 149.5 | E11: 10.58 | F11: 1.2
A12: Armstrong C | B12: GINVIT | C12: IS107 | D12: 123.5 | E12: 9.53 | F12: 0.6
A13: Armstrong D | B13: GINVIT | C13: IS107 | D13: 98.9 | E13: 6.67 | F13: 0.7
A14: Armstrong E | B14: GINVIT | C14: IS107 | D14: 33.9 | E14: 5 | F14: 0.2
A15: Bellaire A | B15: Texas Kickoff Classic | C15: IS107 | D15: 325 | E15: 19.48 | F15: =32/8 -> 4
A16: Bellaire B | B16: Texas Kickoff Classic | C16: IS107 | D16: 308.8 | E16: 16.32 | F16: =26/8 -> 3.25
A17: Bergen A | B17: PHSAT | C17: IS107 | D17: 315 | E17: 16.11 | F17: 2
A18: Bergen B | B18: PHSAT | C18: IS107 | D18: 160 | E18: 13.57 | F18: =6/8 -> 0.75
A19: Berryhill | B19: Tulsa Fall Challenge | C19: IS107 | D19: 76.7 | E19: 10 | F19: 0
A20: Biotech A | B20: PHSAT | C20: IS107 | D20: 131.2 | E20: 12.83 | F20: =6/8 -> 0.75
A21: Biotech B | B21: PHSAT | C21: IS107 | D21: 36.2 | E21: 8.82 | F21: 0
A22: Biotech C | B22: PHSAT | C22: IS107 | D22: 21.9 | E22: 3.33 | F22: 0.5
A23: Bishop Kelly A | B23: Boise State Treasure Valley Tournament III | C23: IS107 | D23: 170.6 | E23: 13.73 | F23: =11/8 -> 1.375
A24: Bishop Kelly B | B24: Boise State Treasure Valley Tournament III | C24: IS107 | D24: 27.5 | E24: 3.53 | F24: =2/8 -> 0.25
A25: Blair | B25: Maryland Fall HS Tournament | C25: IS107 | D25: 408.8 | E25: 22 | F25: =79/12 -> 6.5833333
A26: Blair A | B26: PHSAT | C26: IS107 | D26: 131.2 | E26: 8.07 | F26: =11/8 -> 1.375
A27: Blair B | B27: PHSAT | C27: IS107 | D27: 75.6 | E27: 7.84 | F27: 0.5
A28: Blair C | B28: PHSAT | C28: IS107 | D28: 56.2 | E28: 5.76 | F28: =2/8 -> 0.25
A29: Brashear | B29: SAGACITY VII | C29: IS107 | D29: 104.7 | E29: 8.39 | F29: =6/11 -> 0.54545455
A30: Broughton | B30: Quaker Bowl | C30: IS107 | D30: 37 | E30: 8 | F30: =4/5 -> 0.8
A31: Caesar Rodney | B31: Maryland Fall HS Tournament | C31: IS107 | D31: 116 | E31: 10.89 | F31: =8/10 -> 0.8
A32: Camp Hill | B32: SAGACITY VII | C32: IS107 | D32: 326.1 | E32: 15.79 | F32: =31/11 -> 2.8181818
A33: Carlisle | B33: Quaker Bowl | C33: IS107 | D33: 126.2 | E33: 9.61 | F33: 1
A34: Carrboro A | B34: Quaker Bowl | C34: IS107 | D34: 178.5 | E34: 11.98 | F34: 1.6
A35: Centennial A | B35: Maryland Fall HS Tournament | C35: IS107 | D35: 186.1 | E35: 13.77 | F35: =20/9 -> 2.2222222
A36: Centennial B | B36: Maryland Fall HS Tournament | C36: IS107 | D36: 146.1 | E36: 12.13 | F36: =10/9 -> 1.1111111
A37: Centennial C | B37: Maryland Fall HS Tournament | C37: IS107 | D37: 90 | E37: 8 | F37: =9/9 -> 1
A38: Centennial D | B38: Maryland Fall HS Tournament | C38: IS107 | D38: 65.6 | E38: 8.28 | F38: =4/9 -> 0.44444444
A39: Central | B39: GINVIT | C39: IS107 | D39: 438.2 | E39: 21.05 | F39: =64/11 -> 5.8181818
A40: Chanhassen Blue | B40: GINVIT | C40: IS107 | D40: 150 | E40: 13.65 | F40: 0.7
A41: Chanhassen Gold | B41: GINVIT | C41: IS107 | D41: 114.5 | E41: 9.18 | F41: 0.6
A42: Chapel Hill | B42: Quaker Bowl | C42: IS107 | D42: 154 | E42: 11.1 | F42: 1.2
A43: Charter B | B43: PHSAT | C43: IS107 | D43: =((186.7*3)+(319.4*8))/11 -> 283.20909 | E43: =(340+1580)/(22+91) -> 16.99115 | F43: 3
A44: Chaska A | B44: GINVIT | C44: IS107 | D44: 332.3 | E44: 19.27 | F44: =40/11 -> 3.6363636
A45: Chaska B | B45: GINVIT | C45: IS107 | D45: 179 | E45: 12.72 | F45: 2.4
A46: Chaska C | B46: GINVIT | C46: IS107 | D46: 159.5 | E46: 10.53 | F46: 1.1
A47: Chaska D | B47: GINVIT | C47: IS107 | D47: 97.2 | E47: 7.69 | F47: 0.4
A48: Chaska E | B48: GINVIT | C48: IS107 | D48: 129 | E48: 10.29 | F48: 0.9
A49: Chaska F | B49: GINVIT | C49: IS107 | D49: 86.5 | E49: 7.4 | F49: 1.1
A50: Cistercian A | B50: Texas Kickoff Classic | C50: IS107 | D50: 395.5 | E50: 21.07 | F50: 5.5
A51: Cistercian B | B51: Texas Kickoff Classic | C51: IS107 | D51: 479.5 | E51: 22.45 | F51: 6.2
A52: Claremore A | B52: Tulsa Fall Challenge | C52: IS107 | D52: 211.7 | E52: 12.5 | F52: 1
A53: Claremore B | B53: Tulsa Fall Challenge | C53: IS107 | D53: 57.5 | E53: 9.5 | F53: 0
A54: Clarence A | B54: Bull Bowl | C54: IS107 | D54: 136.5 | E54: 9.58 | F54: 0.7
A55: Clarence B | B55: Bull Bowl | C55: IS107 | D55: 52.5 | E55: 6 | F55: 0.1
A56: Classen A | B56: Tulsa Fall Challenge | C56: IS107 | D56: 150.8 | E56: 11.19 | F56: =10/7 -> 1.4285714
A57: Classen B | B57: Tulsa Fall Challenge | C57: IS107 | D57: 28.3 | E57: 5.91 | F57: =2/7 -> 0.28571429
A58: Clayton A | B58: Missouri Fall | C58: IS107 | D58: 327 | E58: 17.1 | F58: 2.8
A59: Clayton B | B59: Missouri Fall | C59: IS107 | D59: 284.5 | E59: 14.4 | F59: 1.7
A60: Clements A | B60: Texas Kickoff Classic | C60: IS107 | D60: 190 | E60: 12.41 | F60: =17/7 -> 2.4285714
A61: Clements C | B61: Texas Kickoff Classic | C61: IS107 | D61: 75.7 | E61: 10.19 | F61: =3/7 -> 0.42857143
A62: Colonia | B62: PHSAT | C62: IS107 | D62: 90.6 | E62: 7.38 | F62: =6/8 -> 0.75
A63: Columbia A | B63: DAR High School Opener | C63: IS107 | D63: 65.8 | E63: 10.24 | F63: =3/8 -> 0.375
A64: Columbia Independent School | B64: Missouri Fall | C64: IS107 | D64: 141.5 | E64: 9.3 | F64: 1.3
A65: Cooper A | B65: GINVIT | C65: IS107 | D65: 174.5 | E65: 12.5 | F65: 1
A66: Cooper B | B66: GINVIT | C66: IS107 | D66: 102.5 | E66: 7.46 | F66: 1.6
A67: Culver | B67: Culver Varsity | C67: IS107 | D67: 405.8 | E67: 22.33 | F67: =68/12 -> 5.6666667
A68: Dade County A | B68: DAR High School Opener | C68: IS107 | D68: 49 | E68: 8.57 | F68: 0
A69: DAR A | B69: DAR High School Opener | C69: IS107 | D69: 171 | E69: 13.16 | F69: =2/8 -> 0.25
A70: DCC A | B70: Culver Varsity | C70: IS107 | D70: 462.5 | E70: 24.14 | F70: =89/12 -> 7.4166667
A71: DCC B | B71: Culver Varsity | C71: IS107 | D71: 339.5 | E71: 19.05 | F71: 4.6
A72: Dixon A | B72: Missouri Fall | C72: IS107 | D72: 132 | E72: 11.1 | F72: 0.4
A73: Dixon B | B73: Missouri Fall | C73: IS107 | D73: 39.5 | E73: 2.1 | F73: 0.2
A74: Drummond | B74: Tulsa Fall Challenge | C74: IS107 | D74: 215 | E74: 13.28 | F74: =4/9 -> 0.44444444
A75: East Chapel Hill A | B75: Quaker Bowl | C75: IS107 | D75: 378.6 | E75: 20.15 | F75: =47/11 -> 4.2727273
A76: Eden Prairie A | B76: GINVIT | C76: IS107 | D76: 250 | E76: 16.74 | F76: 2
A77: Eden Prairie B | B77: GINVIT | C77: IS107 | D77: 146 | E77: 10.87 | F77: 0.8
A78: Eden Prairie C | B78: GINVIT | C78: IS107 | D78: 144.5 | E78: 11.52 | F78: 1
A79: Edmond Memorial A | B79: Tulsa Fall Challenge | C79: IS107 | D79: 286.7 | E79: 16.21 | F79: 1.2
A80: Edmond Memorial B | B80: Tulsa Fall Challenge | C80: IS107 | D80: 185.8 | E80: 10.37 | F80: 0.9
A81: Edmond Santa Fe | B81: Tulsa Fall Challenge | C81: IS107 | D81: 172.5 | E81: 11.6 | F81: =13/8 -> 1.625
A82: Elizabeth Seton | B82: Maryland Fall HS Tournament | C82: IS107 | D82: 28.9 | E82: 1.82 | F82: =4/9 -> 0.44444444
A83: Enloe A | B83: Quaker Bowl | C83: IS107 | D83: 365 | E83: 20.31 | F83: =48/11 -> 4.3636364
A84: Enloe B | B84: Quaker Bowl | C84: IS107 | D84: 101.5 | E84: 10.66 | F84: 0.5
A85: Ezell-Harding A | B85: DAR High School Opener | C85: IS107 | D85: 378.1 | E85: 19.4 | F85: =26/8 -> 3.25
A86: Ezell-Hardling B | B86: DAR High School Opener | C86: IS107 | D86: 126 | E86: 12.07 | F86: =7/8 -> 0.875
A87: Freedom | B87: Quaker Bowl | C87: IS107 | D87: 182.2 | E87: 12 | F87: =15/9 -> 1.6666667
A88: Frenchtown | B88: Boise State Treasure Valley Tournament III | C88: IS107 | D88: 314.4 | E88: 17.53 | F88: 3
A89: Gadsden City A | B89: DAR High School Opener | C89: IS107 | D89: 218.1 | E89: 16.15 | F89: =14/8 -> 1.75
A90: GDS A | B90: Maryland Fall HS Tournament | C90: IS107 | D90: 407.9 | E90: 21.76 | F90: =80/12 -> 6.6666667
A91: GDS B | B91: Maryland Fall HS Tournament | C91: IS107 | D91: 96.7 | E91: 10.23 | F91: =7/9 -> 0.77777778
A92: George Ranch | B92: Texas Kickoff Classic | C92: IS107 | D92: 183.1 | E92: 12.31 | F92: =11/8 -> 1.375
A93: Gonzaga | B93: Maryland Fall HS Tournament | C93: IS107 | D93: 266 | E93: 16.08 | F93: =31/10 -> 3.1
A94: Great Neck South A | B94: PHSAT | C94: IS107 | D94: 384.1 | E94: 18.88 | F94: =42/11 -> 3.8181818
A95: Great Neck South B | B95: PHSAT | C95: IS107 | D95: 217.3 | E95: 15 | F95: =23/11 -> 2.0909091
A96: Great Neck South C | B96: PHSAT | C96: IS107 | D96: 49.4 | E96: 4.29 | F96: =1/8 -> 0.125
A97: Green Hope A | B97: Quaker Bowl | C97: IS107 | D97: 280 | E97: 17.65 | F97: =25/12 -> 2.0833333
A98: Grimsley A | B98: Quaker Bowl | C98: IS107 | D98: 131 | E98: 12.59 | F98: =4/5 -> 0.8
A99: Grimsley B | B99: Quaker Bowl | C99: IS107 | D99: 82 | E99: 11.58 | F99: =4/5 -> 0.8
A100: Hallsville | B100: Missouri Fall | C100: IS107 | D100: 166 | E100: 9.9 | F100: 1.2
...

Sheet All sets
A1: Set | B1: All IS Sets | C1: ACF Fall | D1: ACF Regs | E1: ATTACK | F1: BDAT | G1: DAFT | H1: FKT | I1: GSAC | J1: HFT | K1: HT22 | L1: HT23 | M1: IMSANITY2 | N1: IS103A | O1: IS106A | P1: IS107 | Q1: IS108A | R1: IS109 | S1: IS110A | T1: IS111 | U1: IS112A | V1: IS113 | W1: IS114A | X1: IS115 | Y1: LIST | Z1: MN Novice | AA1: OLEFIN | AB1: RAVE | AC1: RMTP | AD1: SCTD1 | AE1: WUHSAC
A2: Stat lines | B2: =COUNT('All IS Sets'!$E$2:$E$1047) -> 1046 | C2: =COUNT('ACF Fall'!$E$2:$E$807) -> 21 | D2: =COUNT('ACF Regs'!$E$2:$E$807) -> 14 | E2: =COUNT(ATTACK!$E$2:$E$807) -> 34 | F2: =COUNT(BDAT!$E$2:$E$807) -> 112 | G2: =COUNT(DAFT!$E$2:$E$807) -> 42 | H2: =COUNT(FKT!$E$2:$E$807) -> 48 | I2: =COUNT(GSAC!$E$2:$E$807) -> 162 | J2: =COUNT(HFT!$E$2:$E$807) -> 115 | K2: =COUNT(HT22!$E$2:$E$807) -> 187 | L2: =COUNT(HT23!$E$2:$E$807) -> 77 | M2: =COUNT(IMSANITY2!$E$2:$E$807) -> 44 | N2: =COUNT(IS103A!$E$2:$E$807) -> 14 | O2: =COUNT(IS106A!$E$2:$E$807) -> 64 | P2: =COUNT(IS107!$E$2:$E$807) -> 255 | Q2: =COUNT(IS108A!$E$2:$E$807) -> 117 | R2: =COUNT(IS109!$E$2:$E$807) -> 415 | S2: =COUNT(IS110A!$E$2:$E$807) -> 152 | T2: =COUNT(IS111!$E$2:$E$783) -> 273 | U2: =COUNT(IS112A!$E$2:$E$783) -> 272 | V2: =COUNT(IS113!$E$2:$E$783) -> 230 | W2: =COUNT(IS114A!$E$2:$E$783) -> 96 | X2: =COUNT(IS115!$E$2:$E$783) -> 90 | Y2: =COUNT(LIST!$E$2:$E$783) -> 51 | Z2: =COUNT('MN Novice'!$E$2:$E$807) -> 30 | AA2: =COUNT(OLEFIN!$E$2:$E$807) -> 73 | AB2: =COUNT(RAVE!$E$2:$E$807) -> 36 | AC2: =COUNT(RMTP!$E$2:$E$807) -> 24 | AD2: =COUNT(SCTD1!$E$2:$E$807) -> 17 | AE2: =COUNT(WUHSAC!$E$2:$E$807) -> 34
A3: Average | B3: =AVERAGE('All IS Sets'!$E$2:$E$1047) -> 11.899635 | C3: =AVERAGE('ACF Fall'!$E$2:$E$807) -> 16.938461 | D3: =AVERAGE('ACF Regs'!$E$2:$E$807) -> 14.693571 | E3: =AVERAGE(ATTACK!$E$2:$E$807) -> 14.248235 | F3: =AVERAGE(BDAT!$E$2:$E$807) -> 11.6875 | G3: =AVERAGE(DAFT!$E$2:$E$807) -> 12.62619 | H3: =AVERAGE(FKT!$E$2:$E$807) -> 14.780833 | I3: =AVERAGE(GSAC!$E$2:$E$807) -> 15.66561 | J3: =AVERAGE(HFT!$E$2:$E$807) -> 12.96678 | K3: =AVERAGE(HT22!$E$2:$E$807) -> 14.560802 | L3: =AVERAGE(HT23!$E$2:$E$807) -> 12.985195 | M3: =AVERAGE(IMSANITY2!$E$2:$E$807) -> 13.709773 | N3: =AVERAGE(IS103A!$E$2:$E$807) -> 16.260714 | O3: =AVERAGE(IS106A!$E$2:$E$807) -> 13.235781 | P3: =AVERAGE(IS107!$E$2:$E$807) -> 12.355327 | Q3: =AVERAGE(IS108A!$E$2:$E$807) -> 15.290256 | R3: =AVERAGE(IS109!$E$2:$E$807) -> 11.017976 | S3: =AVERAGE(IS110A!$E$2:$E$807) -> 14.104671 | T3: =AVERAGE(IS111!$E$2:$E$783) -> 12.838939 | U3: =AVERAGE(IS112A!$E$2:$E$783) -> 15.541728 | V3: =AVERAGE(IS113!$E$2:$E$783) -> 12.819957 | W3: =AVERAGE(IS114A!$E$2:$E$783) -> 13.364167 | X3: =AVERAGE(IS115!$E$2:$E$783) -> 14.188444 | Y3: =AVERAGE(LIST!$E$2:$E$783) -> 18.906275 | Z3: =AVERAGE('MN Novice'!$E$2:$E$807) -> 13.82 | AA3: =AVERAGE(OLEFIN!$E$2:$E$807) -> 14.922347 | AB3: =AVERAGE(RAVE!$E$2:$E$807) -> 16.205833 | AC3: =AVERAGE(RMTP!$E$2:$E$807) -> 15.824167 | AD3: =AVERAGE(SCTD1!$E$2:$E$807) -> 14.147647 | AE3: =AVERAGE(WUHSAC!$E$2:$E$807) -> 13.834118
A4: Median | B4: =MEDIAN('All IS Sets'!$E$2:$E$1047) -> 11.1 | C4: =MEDIAN('ACF Fall'!$E$2:$E$807) -> 16.85 | D4: =MEDIAN('ACF Regs'!$E$2:$E$807) -> 15.07 | E4: =MEDIAN(ATTACK!$E$2:$E$807) -> 13.7 | F4: =MEDIAN(BDAT!$E$2:$E$807) -> 10 | G4: =MEDIAN(DAFT!$E$2:$E$807) -> 11.905 | H4: =MEDIAN(FKT!$E$2:$E$807) -> 14.675 | I4: =MEDIAN(GSAC!$E$2:$E$807) -> 14.94 | J4: =MEDIAN(HFT!$E$2:$E$807) -> 11.32 | K4: =MEDIAN(HT22!$E$2:$E$807) -> 13.79 | L4: =MEDIAN(HT23!$E$2:$E$807) -> 12.95 | M4: =MEDIAN(IMSANITY2!$E$2:$E$807) -> 12.83 | N4: =MEDIAN(IS103A!$E$2:$E$807) -> 16.41 | O4: =MEDIAN(IS106A!$E$2:$E$807) -> 12.205 | P4: =MEDIAN(IS107!$E$2:$E$807) -> 11.52 | Q4: =MEDIAN(IS108A!$E$2:$E$807) -> 15.21 | R4: =MEDIAN(IS109!$E$2:$E$807) -> 10.32 | S4: =MEDIAN(IS110A!$E$2:$E$807) -> 13.485 | T4: =MEDIAN(IS111!$E$2:$E$783) -> 12.1875 | U4: =MEDIAN(IS112A!$E$2:$E$783) -> 15.855 | V4: =MEDIAN(IS113!$E$2:$E$783) -> 12.495 | W4: =MEDIAN(IS114A!$E$2:$E$783) -> 13.43 | X4: =MEDIAN(IS115!$E$2:$E$783) -> 13.49 | Y4: =MEDIAN(LIST!$E$2:$E$783) -> 19.43 | Z4: =MEDIAN('MN Novice'!$E$2:$E$807) -> 14.295 | AA4: =MEDIAN(OLEFIN!$E$2:$E$807) -> 13.72 | AB4: =MEDIAN(RAVE!$E$2:$E$807) -> 16.11 | AC4: =MEDIAN(RMTP!$E$2:$E$807) -> 15.325 | AD4: =MEDIAN(SCTD1!$E$2:$E$807) -> 14.72 | AE4: =MEDIAN(WUHSAC!$E$2:$E$807) -> 13.335
A5: 3rd Quartile | B5: =QUARTILE('All IS Sets'!$E$2:$E$1047,3) -> 15.23 | C5: =QUARTILE('ACF Fall'!$E$2:$E$807,3) -> 22.95 | D5: =QUARTILE('ACF Regs'!$E$2:$E$807,3) -> 15.9425 | E5: =QUARTILE(ATTACK!$E$2:$E$807,3) -> 17.75 | F5: =QUARTILE(BDAT!$E$2:$E$807,3) -> 16.315 | G5: =QUARTILE(DAFT!$E$2:$E$807,3) -> 16.395 | H5: =QUARTILE(FKT!$E$2:$E$807,3) -> 18.1775 | I5: =QUARTILE(GSAC!$E$2:$E$807,3) -> 20.095 | J5: =QUARTILE(HFT!$E$2:$E$807,3) -> 17.948983 | K5: =QUARTILE(HT22!$E$2:$E$807,3) -> 19.013643 | L5: =QUARTILE(HT23!$E$2:$E$807,3) -> 15.47 | M5: =QUARTILE(IMSANITY2!$E$2:$E$807,3) -> 17.1125 | N5: =QUARTILE(IS103A!$E$2:$E$807,3) -> 18.075 | O5: =QUARTILE(IS106A!$E$2:$E$807,3) -> 16.3725 | P5: =QUARTILE(IS107!$E$2:$E$807,3) -> 16.03 | Q5: =QUARTILE(IS108A!$E$2:$E$807,3) -> 18.86 | R5: =QUARTILE(IS109!$E$2:$E$807,3) -> 13.865 | S5: =QUARTILE(IS110A!$E$2:$E$807,3) -> 16.9725 | T5: =QUARTILE(IS111!$E$2:$E$783,3) -> 16.36 | U5: =QUARTILE(IS112A!$E$2:$E$783,3) -> 18.6175 | V5: =QUARTILE(IS113!$E$2:$E$783,3) -> 15.5175 | W5: =QUARTILE(IS114A!$E$2:$E$783,3) -> 16.155 | X5: =QUARTILE(IS115!$E$2:$E$783,3) -> 17.09 | Y5: =QUARTILE(LIST!$E$2:$E$783,3) -> 24.6 | Z5: =QUARTILE('MN Novice'!$E$2:$E$807,3) -> 15.9325 | AA5: =QUARTILE(OLEFIN!$E$2:$E$807,3) -> 18.64 | AB5: =QUARTILE(RAVE!$E$2:$E$807,3) -> 20.07 | AC5: =QUARTILE(RMTP!$E$2:$E$807,3) -> 20.42 | AD5: =QUARTILE(SCTD1!$E$2:$E$807,3) -> 16.63 | AE5: =QUARTILE(WUHSAC!$E$2:$E$807,3) -> 15.85
A6: 1st Quartile | B6: =QUARTILE('All IS Sets'!$E$2:$E$1047,1) -> 8.2725 | C6: =QUARTILE('ACF Fall'!$E$2:$E$807,1) -> 13.51 | D6: =QUARTILE('ACF Regs'!$E$2:$E$807,1) -> 12.575 | E6: =QUARTILE(ATTACK!$E$2:$E$807,1) -> 10.3325 | F6: =QUARTILE(BDAT!$E$2:$E$807,1) -> 7.2325 | G6: =QUARTILE(DAFT!$E$2:$E$807,1) -> 8.8275 | H6: =QUARTILE(FKT!$E$2:$E$807,1) -> 10.3275 | I6: =QUARTILE(GSAC!$E$2:$E$807,1) -> 10.63 | J6: =QUARTILE(HFT!$E$2:$E$807,1) -> 7.8703704 | K6: =QUARTILE(HT22!$E$2:$E$807,1) -> 10.725 | L6: =QUARTILE(HT23!$E$2:$E$807,1) -> 9.43 | M6: =QUARTILE(IMSANITY2!$E$2:$E$807,1) -> 9.7625 | N6: =QUARTILE(IS103A!$E$2:$E$807,1) -> 12.7225 | O6: =QUARTILE(IS106A!$E$2:$E$807,1) -> 10.155 | P6: =QUARTILE(IS107!$E$2:$E$807,1) -> 8.635 | Q6: =QUARTILE(IS108A!$E$2:$E$807,1) -> 12.31 | R6: =QUARTILE(IS109!$E$2:$E$807,1) -> 7.365 | S6: =QUARTILE(IS110A!$E$2:$E$807,1) -> 11.395 | T6: =QUARTILE(IS111!$E$2:$E$783,1) -> 9.29 | U6: =QUARTILE(IS112A!$E$2:$E$783,1) -> 12.6725 | V6: =QUARTILE(IS113!$E$2:$E$783,1) -> 9.5775 | W6: =QUARTILE(IS114A!$E$2:$E$783,1) -> 10 | X6: =QUARTILE(IS115!$E$2:$E$783,1) -> 10.8425 | Y6: =QUARTILE(LIST!$E$2:$E$783,1) -> 14.29 | Z6: =QUARTILE('MN Novice'!$E$2:$E$807,1) -> 11.3925 | AA6: =QUARTILE(OLEFIN!$E$2:$E$807,1) -> 10.47 | AB6: =QUARTILE(RAVE!$E$2:$E$807,1) -> 12.5825 | AC6: =QUARTILE(RMTP!$E$2:$E$807,1) -> 10.205 | AD6: =QUARTILE(SCTD1!$E$2:$E$807,1) -> 11.67 | AE6: =QUARTILE(WUHSAC!$E$2:$E$807,1) -> 11.7425
A7: Standard Deviation | B7: =STDEVP('All IS Sets'!$E$2:$E$1047) -> 4.9266947 | C7: =STDEVP('ACF Fall'!$E$2:$E$807) -> 5.320735 | D7: =STDEVP('ACF Regs'!$E$2:$E$807) -> 2.5715549 | E7: =STDEVP(ATTACK!$E$2:$E$807) -> 4.9206315 | F7: =STDEVP(BDAT!$E$2:$E$807) -> 5.6993403 | G7: =STDEVP(DAFT!$E$2:$E$807) -> 5.2462817 | H7: =STDEVP(FKT!$E$2:$E$807) -> 6.2956277 | I7: =STDEVP(GSAC!$E$2:$E$807) -> 5.9906616 | J7: =STDEVP(HFT!$E$2:$E$807) -> 6.7200255 | K7: =STDEVP(HT22!$E$2:$E$807) -> 5.4129903 | L7: =STDEVP(HT23!$E$2:$E$807) -> 4.9985724 | M7: =STDEVP(IMSANITY2!$E$2:$E$807) -> 5.265221 | N7: =STDEVP(IS103A!$E$2:$E$807) -> 4.676295 | O7: =STDEVP(IS106A!$E$2:$E$807) -> 4.5246156 | P7: =STDEVP(IS107!$E$2:$E$807) -> 4.8886401 | Q7: =STDEVP(IS108A!$E$2:$E$807) -> 4.4008959 | R7: =STDEVP(IS109!$E$2:$E$807) -> 4.8573811 | S7: =STDEVP(IS110A!$E$2:$E$807) -> 4.1103576 | T7: =STDEVP(IS111!$E$2:$E$783) -> 4.9026111 | U7: =STDEVP(IS112A!$E$2:$E$783) -> 4.3516992 | V7: =STDEVP(IS113!$E$2:$E$783) -> 4.7182662 | W7: =STDEVP(IS114A!$E$2:$E$783) -> 4.2225347 | X7: =STDEVP(IS115!$E$2:$E$783) -> 4.6509349 | Y7: =STDEVP(LIST!$E$2:$E$783) -> 5.5416271 | Z7: =STDEVP('MN Novice'!$E$2:$E$807) -> 3.2179611 | AA7: =STDEVP(OLEFIN!$E$2:$E$807) -> 6.0907992 | AB7: =STDEVP(RAVE!$E$2:$E$807) -> 4.7243409 | AC7: =STDEVP(RMTP!$E$2:$E$807) -> 6.1575495 | AD7: =STDEVP(SCTD1!$E$2:$E$807) -> 3.2773241 | AE7: =STDEVP(WUHSAC!$E$2:$E$807) -> 4.3121198
A8: Max | B8: =MAX('All IS Sets'!$E$2:$E$1047) -> 24.85 | C8: =MAX('ACF Fall'!$E$2:$E$807) -> 24.08 | D8: =MAX('ACF Regs'!$E$2:$E$807) -> 19.56 | E8: =MAX(ATTACK!$E$2:$E$807) -> 24.91 | F8: =MAX(BDAT!$E$2:$E$807) -> 25.29 | G8: =MAX(DAFT!$E$2:$E$807) -> 23.28 | H8: =MAX(FKT!$E$2:$E$807) -> 26.91 | I8: =MAX(GSAC!$E$2:$E$807) -> 27.45 | J8: =MAX(HFT!$E$2:$E$807) -> 26.77 | K8: =MAX(HT22!$E$2:$E$807) -> 26.145833 | L8: =MAX(HT23!$E$2:$E$807) -> 25.35 | M8: =MAX(IMSANITY2!$E$2:$E$807) -> 25.97 | N8: =MAX(IS103A!$E$2:$E$807) -> 25.58 | O8: =MAX(IS106A!$E$2:$E$807) -> 24.53 | P8: =MAX(IS107!$E$2:$E$807) -> 24.14 | Q8: =MAX(IS108A!$E$2:$E$807) -> 25.09 | R8: =MAX(IS109!$E$2:$E$807) -> 24.85 | S8: =MAX(IS110A!$E$2:$E$807) -> 22.92 | T8: =MAX(IS111!$E$2:$E$783) -> 24.26 | U8: =MAX(IS112A!$E$2:$E$783) -> 25.38 | V8: =MAX(IS113!$E$2:$E$783) -> 24.86 | W8: =MAX(IS114A!$E$2:$E$783) -> 22.19 | X8: =MAX(IS115!$E$2:$E$783) -> 24.78 | Y8: =MAX(LIST!$E$2:$E$783) -> 27.5 | Z8: =MAX('MN Novice'!$E$2:$E$807) -> 20.27 | AA8: =MAX(OLEFIN!$E$2:$E$807) -> 26.76 | AB8: =MAX(RAVE!$E$2:$E$807) -> 25.07 | AC8: =MAX(RMTP!$E$2:$E$807) -> 25.61 | AD8: =MAX(SCTD1!$E$2:$E$807) -> 19.43 | AE8: =MAX(WUHSAC!$E$2:$E$807) -> 24.15
A9: Min | B9: =MIN('All IS Sets'!$E$2:$E$1047) -> 0 | C9: =MIN('ACF Fall'!$E$2:$E$807) -> 5.21 | D9: =MIN('ACF Regs'!$E$2:$E$807) -> 10.4 | E9: =MIN(ATTACK!$E$2:$E$807) -> 4.44 | F9: =MIN(BDAT!$E$2:$E$807) -> 0.56 | G9: =MIN(DAFT!$E$2:$E$807) -> 0.83 | H9: =MIN(FKT!$E$2:$E$807) -> 2.5 | I9: =MIN(GSAC!$E$2:$E$807) -> 4.44 | J9: =MIN(HFT!$E$2:$E$807) -> 1.58 | K9: =MIN(HT22!$E$2:$E$807) -> 3.33 | L9: =MIN(HT23!$E$2:$E$807) -> 2.86 | M9: =MIN(IMSANITY2!$E$2:$E$807) -> 4.17 | N9: =MIN(IS103A!$E$2:$E$807) -> 8.18 | O9: =MIN(IS106A!$E$2:$E$807) -> 5 | P9: =MIN(IS107!$E$2:$E$807) -> 1.8 | Q9: =MIN(IS108A!$E$2:$E$807) -> 5 | R9: =MIN(IS109!$E$2:$E$807) -> 0 | S9: =MIN(IS110A!$E$2:$E$807) -> 5.68 | T9: =MIN(IS111!$E$2:$E$783) -> 0.83 | U9: =MIN(IS112A!$E$2:$E$783) -> 0 | V9: =MIN(IS113!$E$2:$E$783) -> 2.08 | W9: =MIN(IS114A!$E$2:$E$783) -> 3.33 | X9: =MIN(IS115!$E$2:$E$783) -> 4.84 | Y9: =MIN(LIST!$E$2:$E$783) -> 4.87 | Z9: =MIN('MN Novice'!$E$2:$E$807) -> 6.32 | AA9: =MIN(OLEFIN!$E$2:$E$807) -> 4.35 | AB9: =MIN(RAVE!$E$2:$E$807) -> 4.55 | AC9: =MIN(RMTP!$E$2:$E$807) -> 6.94 | AD9: =MIN(SCTD1!$E$2:$E$807) -> 6.77 | AE9: =MIN(WUHSAC!$E$2:$E$807) -> 5.26

Sheet ACF Fall
A1: Team | B1: Tourney | C1: Set | D1: PPG | E1: PPB | F1: 15PG
A2: Bellaire | B2: ACF Fall Texas | C2: ACF Fall | D2: 299.5 | E2: 18.06 | F2: n/a
A3: Cinco Ranch | B3: ACF Fall Texas | C3: ACF Fall | D3: 62.5 | E3: 8.06 | F3: n/a
A4: Dorman | B4: ACF Fall UVA | C4: ACF Fall | D4: 330.3 | E4: 23.57 | F4: n/a
A5: Georgetown Day School | B5: ACF Fall UVA | C5: ACF Fall | D5: 282.3 | E5: 19.68 | F5: n/a
A6: Hanover | B6: ACF Fall Yale | C6: ACF Fall | D6: =((172.5*4)+(267.9*7))/11 -> 233.20909 | E6: =(1210+450)/(27+72) -> 16.767677 | F6: n/a
A7: IMSA | B7: ACF Fall NIU | C7: ACF Fall | D7: 399.6 | E7: 23.31 | F7: n/a
A8: Kealing A | B8: ACF Fall Texas | C8: ACF Fall | D8: 271 | E8: 17.7 | F8: n/a
A9: Loyola A | B9: ACF Fall NIU | C9: ACF Fall | D9: 368.3 | E9: 23.58 | F9: n/a
A10: Loyola B | B10: ACF Fall NIU | C10: ACF Fall | D10: 185 | E10: 14.43 | F10: n/a
A11: Macomb | B11: ACF Fall NIU | C11: ACF Fall | D11: 285 | E11: 18.92 | F11: n/a
A12: North Hollywood A | B12: ACF Fall West | C12: ACF Fall | D12: 233 | E12: 16.85 | F12: n/a
A13: North Hollywood B | B13: ACF Fall West | C13: ACF Fall | D13: 73 | E13: 10.49 | F13: n/a
A14: Rancho Bernardo | B14: ACF Fall West | C14: ACF Fall | D14: 224.5 | E14: 16.78 | F14: n/a
A15: Seven Lakes A | B15: ACF Fall Texas | C15: ACF Fall | D15: 425.8 | E15: 24.08 | F15: n/a
A16: Seven Lakes B | B16: ACF Fall Texas | C16: ACF Fall | D16: 37.2 | E16: 5.21 | F16: n/a
A17: St. Anselm's | B17: ACF Fall UVA | C17: ACF Fall | D17: 348.3 | E17: 23 | F17: n/a
A18: St. John's A | B18: ACF Fall Texas | C18: ACF Fall | D18: 169.4 | E18: 13.51 | F18: n/a
... A22: Treasure Valley Math & Science | B22: ACF Fall Boise State | C22: ACF Fall | D22: 144 | E22: 13.23 | F22: n/a

Sheet ACF Regs
A1: Team | B1: Tourney | C1: Set | D1: PPG | E1: PPB | F1: 15PG
A2: Bellarmine | B2: Texas ACF Regionals | C2: ACF Regs | D2: 361.8 | E2: 19.56 | F2: n/a
A3: Centennial | B3: Texas ACF Regionals | C3: ACF Regs | D3: 267.9 | E3: 15.83 | F3: n/a
A4: Chattahoochee (GA) | B4: Texas ACF Regionals | C4: ACF Regs | D4: 147.1 | E4: 11.76 | F4: n/a
A5: DCC | B5: Texas ACF Regionals | C5: ACF Regs | D5: 218.9 | E5: 14.62 | F5: n/a
A6: Dorman | B6: Texas ACF Regionals | C6: ACF Regs | D6: 201.5 | E6: 15.22 | F6: n/a
A7: GDS | B7: Texas ACF Regionals | C7: ACF Regs | D7: 185 | E7: 14.92 | F7: n/a
A8: Hunter | B8: Texas ACF Regionals | C8: ACF Regs | D8: 310.7 | E8: 17.65 | F8: n/a
A9: Kealing | B9: Texas ACF Regionals | C9: ACF Regs | D9: 112.5 | E9: 12.44 | F9: n/a
A10: LASA A | B10: Texas ACF Regionals | C10: ACF Regs | D10: 212.9 | E10: 15.98 | F10: n/a
A11: LASA B | B11: Texas ACF Regionals | C11: ACF Regs | D11: 160.7 | E11: 12.98 | F11: n/a
A12: Loyola | B12: Texas ACF Regionals | C12: ACF Regs | D12: 222.9 | E12: 15.42 | F12: n/a
A13: Seven Lakes | B13: Texas ACF Regionals | C13: ACF Regs | D13: 292.1 | E13: 17.72 | F13: n/a
... A15: SJS B | B15: Texas ACF Regionals | C15: ACF Regs | D15: 58.8 | E15: 10.4 | F15: n/a

Sheet ATTACK
A1: Team | B1: Tourney | C1: Set | D1: PPG | E1: PPB | F1: 15PG
A2: Alpharetta | B2: ATTACK (National) | C2: ATTACK | D2: 278.3 | E2: 17.82 | F2: 1.8888889
A3: Alpharetta B | B3: ATTACK (Varsity) | C3: ATTACK | D3: 187.1 | E3: 12.81 | F3: =2/7 -> 0.28571429
A4: Athens Academy | B4: ATTACK (National) | C4: ATTACK | D4: 287.2 | E4: 19.88 | F4: 2.3333333
A5: Brookwood A | B5: ATTACK (National) | C5: ATTACK | D5: 367.2 | E5: 22.32 | F5: 2.3333333
A6: Brookwood B | B6: ATTACK (Varsity) | C6: ATTACK | D6: 277.1 | E6: 15.47 | F6: =6/7 -> 0.85714286
A7: Chattahoochee A | B7: ATTACK (National) | C7: ATTACK | D7: 307.2 | E7: 20.34 | F7: 2.1111111
A8: Chattahoochee B | B8: ATTACK (National) | C8: ATTACK | D8: 266.1 | E8: 20.53 | F8: 2.3333333
A9: Chattahoochee C | B9: ATTACK (Varsity) | C9: ATTACK | D9: 172.1 | E9: 13.6 | F9: =5/7 -> 0.71428571
A10: Collins Hill | B10: ATTACK (Varsity) | C10: ATTACK | D10: 248.6 | E10: 13.8 | F10: =10/7 -> 1.4285714
A11: Dorman A | B11: ATTACK (National) | C11: ATTACK | D11: 478.9 | E11: 24.91 | F11: 7.3333333
A12: Dorman B | B12: ATTACK (National) | C12: ATTACK | D12: 307.2 | E12: 18.19 | F12: 2.5555556
A13: Dorman C | B13: ATTACK (National) | C13: ATTACK | D13: 193.3 | E13: 16.43 | F13: 1.6666667
A14: East Paulding | B14: ATTACK (Varsity) | C14: ATTACK | D14: 90.8 | E14: 7.67 | F14: =3/6 -> 0.5
A15: Eastside (GA) | B15: ATTACK (Varsity) | C15: ATTACK | D15: 353.3 | E15: 17.28 | F15: =14/9 -> 1.5555556
A16: Grayson | B16: ATTACK (Varsity) | C16: ATTACK | D16: 130 | E16: 10 | F16: 0
A17: GSMST | B17: ATTACK (Varsity) | C17: ATTACK | D17: 326.1 | E17: 16.45 | F17: =21/9 -> 2.3333333
A18: Johns Creek A | B18: ATTACK (Varsity) | C18: ATTACK | D18: 295.6 | E18: 15.19 | F18: =13/9 -> 1.4444444
A19: Johns Creek B | B19: ATTACK (Varsity) | C19: ATTACK | D19: 133 | E19: 11.29 | F19: =1/5 -> 0.2
A20: Kell | B20: ATTACK (Varsity) | C20: ATTACK | D20: 132.9 | E20: 10.68 | F20: =4/7 -> 0.57142857
A21: Marist A | B21: ATTACK (National) | C21: ATTACK | D21: 270 | E21: 20.66 | F21: 2.2222222
A22: Marist B | B22: ATTACK (Varsity) | C22: ATTACK | D22: 265.7 | E22: 13.51 | F22: =10/7 -> 1.4285714
A23: Marist C | B23: ATTACK (Varsity) | C23: ATTACK | D23: 98.3 | E23: 8.12 | F23: =2/6 -> 0.33333333
A24: Milton | B24: ATTACK (Varsity) | C24: ATTACK | D24: 110 | E24: 8.46 | F24: =10/7 -> 1.4285714
A25: Norcross A | B25: ATTACK (National) | C25: ATTACK | D25: 334.4 | E25: 20.53 | F25: 3.1111111
A26: Oak Mountain Academy | B26: ATTACK (Varsity) | C26: ATTACK | D26: 200.8 | E26: 13.6 | F26: =5/6 -> 0.83333333
A27: Prince Avenue | B27: ATTACK (Varsity) | C27: ATTACK | D27: 135 | E27: 10.64 | F27: =1/6 -> 0.16666667
A28: River Ridge | B28: ATTACK (Varsity) | C28: ATTACK | D28: 107 | E28: 8.57 | F28: =3/5 -> 0.6
A29: Roswell A | B29: ATTACK (Varsity) | C29: ATTACK | D29: 255 | E29: 14.83 | F29: =12/9 -> 1.3333333
A30: Roswell B | B30: ATTACK (Varsity) | C30: ATTACK | D30: 144.2 | E30: 9.2 | F30: =4/6 -> 0.66666667
A31: Sequoyah | B31: ATTACK (Varsity) | C31: ATTACK | D31: 40.8 | E31: 7.14 | F31: =1/6 -> 0.16666667
A32: Stephenson | B32: ATTACK (Varsity) | C32: ATTACK | D32: 23.3 | E32: 4.44 | F32: =2/6 -> 0.33333333
A33: Wesleyan | B33: ATTACK (Varsity) | C33: ATTACK | D33: 280.7 | E33: 17.54 | F33: =13/7 -> 1.8571429
A34: Wheeler | B34: ATTACK (Varsity) | C34: ATTACK | D34: 170 | E34: 12.31 | F34: =6/7 -> 0.85714286
A35: Woodland | B35: ATTACK (Varsity) | C35: ATTACK | D35: 126.4 | E35: 10.23 | F35: =3/7 -> 0.42857143

Sheet BDAT
A1: Team | B1: Tourney | C1: Set | D1: PPG | E1: PPB | F1: 15PG
A2: Alma Bryant | B2: Norcross BDAT | C2: BDAT | D2: 153 | E2: 11.11 | F2: n/a
A3: Alpharetta | B3: Norcross BDAT | C3: BDAT | D3: 277.5 | E3: 16.23 | F3: n/a
A4: Athens Academy | B4: Norcross BDAT | C4: BDAT | D4: 394.4 | E4: 20.26 | F4: n/a
A5: Baconton A | B5: Quizcat Open | C5: BDAT | D5: 261.9 | E5: 12.58 | F5: =13/8 -> 1.625
A6: Baconton B | B6: Quizcat Open | C6: BDAT | D6: 145.6 | E6: 9.34 | F6: 1
A7: Baconton C | B7: Quizcat Open | C7: BDAT | D7: 103.1 | E7: 7.87 | F7: 0.5
A8: BHS A | B8: Quizcat Open | C8: BDAT | D8: 391.9 | E8: 17.81 | F8: 3
A9: BHS B | B9: Quizcat Open | C9: BDAT | D9: 56.2 | E9: 5.81 | F9: =2/8 -> 0.25
A10: Blacksburg | B10: Virginia Cav Classic | C10: BDAT | D10: 261.1 | E10: 13.78 | F10: =19/9 -> 2.1111111
A11: BMS A | B11: Quizcat Open | C11: BDAT | D11: 78.8 | E11: 7.24 | F11: =2/8 -> 0.25
A12: BMS B | B12: Quizcat Open | C12: BDAT | D12: 15.6 | E12: 4.44 | F12: 0
A13: Brookwood A | B13: Norcross BDAT | C13: BDAT | D13: 458.8 | E13: 21.37 | F13: n/a
A14: Brookwood B | B14: Norcross BDAT | C14: BDAT | D14: 159.2 | E14: 10.65 | F14: n/a
A15: Brookwood C | B15: Norcross BDAT | C15: BDAT | D15: 77 | E15: 6.82 | F15: n/a
A16: Cave Spring A | B16: Virginia Cav Classic | C16: BDAT | D16: 331.7 | E16: 17.26 | F16: =37/9 -> 4.1111111
A17: Cave Spring B | B17: Virginia Cav Classic | C17: BDAT | D17: 120 | E17: 10.66 | F17: =4/9 -> 0.44444444
A18: Centennial A | B18: Norcross BDAT | C18: BDAT | D18: 655.6 | E18: 25.29 | F18: n/a
A19: Centennial B | B19: Norcross BDAT | C19: BDAT | D19: 122.5 | E19: 9.17 | F19: n/a
A20: Charlottesville | B20: Virginia Cav Classic | C20: BDAT | D20: 145 | E20: 8.7 | F20: =8/9 -> 0.88888889
A21: Chattahoochee | B21: Norcross BDAT | C21: BDAT | D21: 362.9 | E21: 18.31 | F21: n/a
A22: Chattahoochee | B22: Virginia Cav Classic | C22: BDAT | D22: 361.7 | E22: 20.76 | F22: =31/9 -> 3.4444444
A23: Christiansburg | B23: Virginia Cav Classic | C23: BDAT | D23: 415 | E23: 21.39 | F23: =43/9 -> 4.7777778
A24: Clayton A | B24: Missouri S&T Fall | C24: BDAT | D24: 436 | E24: 17.79 | F24: 3.7
A25: Clayton B | B25: Missouri S&T Fall | C25: BDAT | D25: 123.1 | E25: 7.12 | F25: =3/8 -> 0.375
A26: Cosby A | B26: Virginia Cav Classic | C26: BDAT | D26: 93.3 | E26: 8.22 | F26: =12/9 -> 1.3333333
A27: Cosby B | B27: Virginia Cav Classic | C27: BDAT | D27: 68.3 | E27: 6.89 | F27: =5/9 -> 0.55555556
A28: Dixon A | B28: Missouri S&T Fall | C28: BDAT | D28: 106.7 | E28: 8.06 | F28: 0
A29: Dixon B | B29: Missouri S&T Fall | C29: BDAT | D29: 25 | E29: 6 | F29: =1/6 -> 0.16666667
A30: Dixon C | B30: Missouri S&T Fall | C30: BDAT | D30: 10 | E30: 1.67 | F30: 0
A31: Dorman A | B31: Virginia Cav Classic | C31: BDAT | D31: 552.2 | E31: 24.37 | F31: =98/9 -> 10.888889
A32: Dorman B | B32: Virginia Cav Classic | C32: BDAT | D32: 357.8 | E32: 20.78 | F32: =45/9 -> 5
A33: Duluth | B33: Norcross BDAT | C33: BDAT | D33: 196.4 | E33: 11.97 | F33: n/a
A34: Early College Academy | B34: Bonfire of the Manatees | C34: BDAT | D34: 112 | E34: 10 | F34: =2/6 -> 0.33333333
A35: East Chapel Hill A | B35: Bonfire of the Manatees | C35: BDAT | D35: 384 | E35: 20.7 | F35: =27/6 -> 4.5
A36: East Chapel Hill B | B36: Bonfire of the Manatees | C36: BDAT | D36: 99 | E36: 9 | F36: 0
A37: Eastside | B37: Norcross BDAT | C37: BDAT | D37: 339.3 | E37: 16.57 | F37: n/a
A38: Elon School | B38: Bonfire of the Manatees | C38: BDAT | D38: 49 | E38: 6.5 | F38: 0
A39: Enloe A | B39: Bonfire of the Manatees | C39: BDAT | D39: 384 | E39: 20.1 | F39: 4
A40: Enloe B | B40: Bonfire of the Manatees | C40: BDAT | D40: 81 | E40: 5.4 | F40: 0.5
A41: Fordland | B41: Missouri S&T Fall | C41: BDAT | D41: 126.7 | E41: 8.12 | F41: =3/9 -> 0.33333333
A42: Freeman | B42: Virginia Cav Classic | C42: BDAT | D42: 88.9 | E42: 9.07 | F42: =2/9 -> 0.22222222
A43: Fremd A | B43: Niles West BDAT Mirror | C43: BDAT | D43: 206 | E43: 13.26 | F43: 1.1
A44: Fremd B | B44: Niles West BDAT Mirror | C44: BDAT | D44: 43 | E44: 8.08 | F44: 0.2
A45: Fulton | B45: Missouri S&T Fall | C45: BDAT | D45: 147.5 | E45: 9.47 | F45: 0.6
A46: Grayson A | B46: Norcross BDAT | C46: BDAT | D46: 90 | E46: 7.94 | F46: n/a
A47: Grayson B | B47: Norcross BDAT | C47: BDAT | D47: 52 | E47: 8.57 | F47: n/a
A48: Green Hope | B48: Bonfire of the Manatees | C48: BDAT | D48: 318 | E48: 17.8 | F48: =15/6 -> 2.5
A49: Guilford A | B49: Bonfire of the Manatees | C49: BDAT | D49: 473 | E49: 20.9 | F49: =28/6 -> 4.6666667
A50: Guilford Maroon | B50: Bonfire of the Manatees | C50: BDAT | D50: 140 | E50: 10.2 | F50: =4/6 -> 0.66666667
A51: Guilford Scarlet | B51: Bonfire of the Manatees | C51: BDAT | D51: 116 | E51: 7.4 | F51: =4/6 -> 0.66666667
A52: Hallsville | B52: Missouri S&T Fall | C52: BDAT | D52: 162 | E52: 11.54 | F52: 0.4
A53: Hancock | B53: Missouri S&T Fall | C53: BDAT | D53: 53.3 | E53: 5 | F53: =2/6 -> 0.33333333
A54: Hothem/Hariharan High A | B54: Virginia Cav Classic | C54: BDAT | D54: 565 | E54: 23.79 | F54: =87/9 -> 9.6666667
A55: Hothem/Hariharan High B | B55: Virginia Cav Classic | C55: BDAT | D55: 220 | E55: 13.24 | F55: =15/9 -> 1.6666667
A56: Houston | B56: Missouri S&T Fall | C56: BDAT | D56: 9.2 | E56: 2 | F56: 0
A57: Howard | B57: Virginia Cav Classic | C57: BDAT | D57: 48.3 | E57: 5.31 | F57: 0
A58: Iberia | B58: Missouri S&T Fall | C58: BDAT | D58: 56.7 | E58: 4.58 | F58: 0
A59: JoCoMiCo | B59: Bonfire of the Manatees | C59: BDAT | D59: 38 | E59: 8.2 | F59: 0
A60: Kickapoo | B60: Missouri S&T Fall | C60: BDAT | D60: 111.9 | E60: 9.36 | F60: =3/8 -> 0.375
A61: Latin | B61: Niles West BDAT Mirror | C61: BDAT | D61: 433 | E61: 20.56 | F61: 6.4
A62: Leon A | B62: Quizcat Open | C62: BDAT | D62: 170 | E62: 9.86 | F62: =9/8 -> 1.125
A63: Leon B | B63: Quizcat Open | C63: BDAT | D63: 98.1 | E63: 6.88 | F63: =1/8 -> 0.125
A64: Loyola A | B64: Niles West BDAT Mirror | C64: BDAT | D64: 485 | E64: 23.53 | F64: 6.7
A65: Loyola B | B65: Niles West BDAT Mirror | C65: BDAT | D65: 255 | E65: 15.95 | F65: 1.9
A66: Loyola C | B66: Niles West BDAT Mirror | C66: BDAT | D66: 177 | E66: 12.82 | F66: 1.3
A67: Machiavelli Academy | B67: Niles West BDAT Mirror | C67: BDAT | D67: 432 | E67: 23.04 | F67: 6.3
A68: Maggie Walker A | B68: Virginia Cav Classic | C68: BDAT | D68: 388.9 | E68: 18.25 | F68: =39/9 -> 4.3333333
A69: Maggie Walker B | B69: Virginia Cav Classic | C69: BDAT | D69: 167.2 | E69: 13.03 | F69: =7/9 -> 0.77777778
A70: Marianna | B70: Quizcat Open | C70: BDAT | D70: 71.2 | E70: 7.21 | F70: =2/8 -> 0.25
A71: Marist A | B71: Norcross BDAT | C71: BDAT | D71: 337.9 | E71: 18.62 | F71: n/a
A72: Marist B | B72: Norcross BDAT | C72: BDAT | D72: 215.8 | E72: 13.52 | F72: n/a
A73: Marist C | B73: Norcross BDAT | C73: BDAT | D73: 87.5 | E73: 8.21 | F73: n/a
A74: Miller | B74: Quizcat Open | C74: BDAT | D74: 45.6 | E74: 6.67 | F74: =2/8 -> 0.25
A75: Monticello | B75: Virginia Cav Classic | C75: BDAT | D75: 65 | E75: 7.94 | F75: =1/9 -> 0.11111111
A76: Mountain View A | B76: Norcross BDAT | C76: BDAT | D76: 82.5 | E76: 6.9 | F76: n/a
A77: Mountain View B | B77: Norcross BDAT | C77: BDAT | D77: 104.2 | E77: 9.06 | F77: n/a
A78: NCSSM A | B78: Bonfire of the Manatees | C78: BDAT | D78: 319 | E78: 18.1 | F78: =16/6 -> 2.6666667
A79: NCSSM B | B79: Bonfire of the Manatees | C79: BDAT | D79: 131 | E79: 12.9 | F79: =4/6 -> 0.66666667
A80: New Haven | B80: Missouri S&T Fall | C80: BDAT | D80: 94.5 | E80: 7.37 | F80: 0.3
A81: New Kent A | B81: Virginia Cav Classic | C81: BDAT | D81: 151.7 | E81: 11.77 | F81: =8/9 -> 0.88888889
A82: New Kent B | B82: Virginia Cav Classic | C82: BDAT | D82: 66.7 | E82: 10 | F82: =2/9 -> 0.22222222
A83: New Trier | B83: Niles West BDAT Mirror | C83: BDAT | D83: 381.5 | E83: 19.92 | F83: 5.5
A84: Niles West A | B84: Niles West BDAT Mirror | C84: BDAT | D84: 105 | E84: 8.62 | F84: 1.1
A85: Niles West B | B85: Niles West BDAT Mirror | C85: BDAT | D85: 28.5 | E85: 6.67 | F85: 0
A86: North Gwinnett A | B86: Norcross BDAT | C86: BDAT | D86: 238.6 | E86: 14.33 | F86: n/a
A87: North Gwinnett B | B87: Norcross BDAT | C87: BDAT | D87: 113.3 | E87: 7.92 | F87: n/a
A88: North Paulding | B88: Norcross BDAT | C88: BDAT | D88: 23.3 | E88: 5.56 | F88: n/a
A89: Pilot Grove | B89: Missouri S&T Fall | C89: BDAT | D89: 214.5 | E89: 13.12 | F89: 0.3
A90: Richmond Senior | B90: Bonfire of the Manatees | C90: BDAT | D90: 94 | E90: 8.7 | F90: 0
A91: Robinson | B91: Virginia Cav Classic | C91: BDAT | D91: 226.1 | E91: 14.46 | F91: =13/9 -> 1.4444444
A92: Rock Bridge | B92: Niles West BDAT Mirror | C92: BDAT | D92: 332 | E92: 17.67 | F92: 3.3
A93: Rolla | B93: Missouri S&T Fall | C93: BDAT | D93: 102.5 | E93: 6.8 | F93: =1/8 -> 0.125
A94: Savannah | B94: Missouri S&T Fall | C94: BDAT | D94: 376.5 | E94: 17.48 | F94: 2.4
A95: Springfield Catholic | B95: Missouri S&T Fall | C95: BDAT | D95: 67.2 | E95: 6.12 | F95: =3/9 -> 0.33333333
A96: St Mary's | B96: Bonfire of the Manatees | C96: BDAT | D96: 67 | E96: 8.2 | F96: =2/6 -> 0.33333333
A97: St. Viator | B97: Niles West BDAT Mirror | C97: BDAT | D97: 159 | E97: 12.39 | F97: 1.3
A98: Stevenson A | B98: Niles West BDAT Mirror | C98: BDAT | D98: 324.5 | E98: 19.53 | F98: 4.8
A99: Stevenson B | B99: Niles West BDAT Mirror | C99: BDAT | D99: 243 | E99: 14.75 | F99: 1.9
A100: Swainsboro | B100: Norcross BDAT | C100: BDAT | D100: 28.3 | E100: 5 | F100: n/a
...

Sheet DAFT
A1: Team | B1: Tourney | C1: Set | D1: PPG | E1: PPB | F1: 15PG
A2: Bate | B2: DAFT | C2: DAFT | D2: 56.7 | E2: 8 | F2: =1/6 -> 0.16666667
A3: Bergen A | B3: St. Joseph's DAFT mirror | C3: DAFT | D3: 197 | E3: 13.78 | F3: 1.8
A4: Bergen B | B4: St. Joseph's DAFT mirror | C4: DAFT | D4: 144 | E4: 10.56 | F4: 1.5
A5: Bergen C | B5: St. Joseph's DAFT mirror | C5: DAFT | D5: 81.5 | E5: 8.54 | F5: 0.5
A6: Charter A | B6: St. Joseph's DAFT mirror | C6: DAFT | D6: 246 | E6: 17.39 | F6: 1.5
A7: Charter B | B7: St. Joseph's DAFT mirror | C7: DAFT | D7: 145.5 | E7: 11.52 | F7: 1.3
A8: Charter C | B8: St. Joseph's DAFT mirror | C8: DAFT | D8: 77 | E8: 6.2 | F8: 0.5
A9: Charter D | B9: St. Joseph's DAFT mirror | C9: DAFT | D9: 44 | E9: 5.81 | F9: 0.3
A10: Danville | B10: DAFT | C10: DAFT | D10: 267.1 | E10: 14.54 | F10: =14/7 -> 2
A11: DCC A | B11: DAFT | C11: DAFT | D11: 567.5 | E11: 22.45 | F11: =54/6 -> 9
A12: DCC B | B12: DAFT | C12: DAFT | D12: 332.9 | E12: 16.94 | F12: =17/7 -> 2.4285714
A13: GDS | B13: St. Joseph's DAFT mirror | C13: DAFT | D13: 430.5 | E13: 21.34 | F13: 6.4
A14: GNS A | B14: St. Joseph's DAFT mirror | C14: DAFT | D14: 177 | E14: 13.99 | F14: 1.7
A15: GNS B | B15: St. Joseph's DAFT mirror | C15: DAFT | D15: 48 | E15: 8 | F15: 0.2
A16: Grayson A | B16: DAFT | C16: DAFT | D16: 329 | E16: 17.75 | F16: =10/5 -> 2
A17: High Tech A | B17: St. Joseph's DAFT mirror | C17: DAFT | D17: 337 | E17: 20.51 | F17: 4.6
A18: High Tech B | B18: St. Joseph's DAFT mirror | C18: DAFT | D18: 173 | E18: 11.84 | F18: 1.9
A19: High Tech C | B19: St. Joseph's DAFT mirror | C19: DAFT | D19: 111.5 | E19: 11.07 | F19: 1.6
A20: Hunter A | B20: St. Joseph's DAFT mirror | C20: DAFT | D20: 476.5 | E20: 22.39 | F20: 7.8
A21: Hunter B | B21: St. Joseph's DAFT mirror | C21: DAFT | D21: 461 | E21: 23.28 | F21: 7.2
A22: Hunter C | B22: St. Joseph's DAFT mirror | C22: DAFT | D22: 349 | E22: 20.23 | F22: 6
A23: Hunter D | B23: St. Joseph's DAFT mirror | C23: DAFT | D23: 99.5 | E23: 9.81 | F23: 0.4
A24: Kellenberg | B24: St. Joseph's DAFT mirror | C24: DAFT | D24: 139 | E24: 11.97 | F24: 1.6
A25: Manual A | B25: DAFT | C25: DAFT | D25: 274.2 | E25: 17.8 | F25: =13/6 -> 2.1666667
A26: Manual B | B26: DAFT | C26: DAFT | D26: 85 | E26: 10.93 | F26: =2/6 -> 0.33333333
A27: Millburn A | B27: St. Joseph's DAFT mirror | C27: DAFT | D27: 216.5 | E27: 13.26 | F27: 2.6
A28: Millburn B | B28: St. Joseph's DAFT mirror | C28: DAFT | D28: 162 | E28: 10.88 | F28: 1.1
A29: Millburn C | B29: St. Joseph's DAFT mirror | C29: DAFT | D29: 93 | E29: 9.79 | F29: 1.3
A30: Piarist A | B30: DAFT | C30: DAFT | D30: 194 | E30: 14.76 | F30: =7/5 -> 1.4
A31: Piarist B | B31: DAFT | C31: DAFT | D31: 68.3 | E31: 10.45 | F31: =1/6 -> 0.16666667
A32: Ridgewood A | B32: St. Joseph's DAFT mirror | C32: DAFT | D32: 155.5 | E32: 12.43 | F32: 1
A33: Ridgewood B | B33: St. Joseph's DAFT mirror | C33: DAFT | D33: 81 | E33: 7.5 | F33: 0.2
A34: Ridgewood C | B34: St. Joseph's DAFT mirror | C34: DAFT | D34: 54 | E34: 5.28 | F34: 0.1
A35: Seton Hall A | B35: St. Joseph's DAFT mirror | C35: DAFT | D35: 120 | E35: 8.75 | F35: 0.5
A36: SJHS Green | B36: St. Joseph's DAFT mirror | C36: DAFT | D36: 189 | E36: 12.26 | F36: 1.7
A37: SJHS White | B37: St. Joseph's DAFT mirror | C37: DAFT | D37: 173 | E37: 13.15 | F37: 1.9
A38: Wissahicken | B38: St. Joseph's DAFT mirror | C38: DAFT | D38: 274.5 | E38: 18.79 | F38: 4
A39: Woodford A | B39: DAFT | C39: DAFT | D39: 162.9 | E39: 13.65 | F39: =9/7 -> 1.2857143
A40: Woodford B | B40: DAFT | C40: DAFT | D40: 97.5 | E40: 9.06 | F40: =3/6 -> 0.5
A41: Woodford C | B41: DAFT | C41: DAFT | D41: 44.3 | E41: 5.45 | F41: =5/7 -> 0.71428571
A42: Woodford D | B42: DAFT | C42: DAFT | D42: 20.8 | E42: 0.83 | F42: 0
A43: Woodford Middle | B43: DAFT | C43: DAFT | D43: 52.5 | E43: 7.37 | F43: =1/6 -> 0.16666667

Sheet FKT
A1: Team | B1: Tourney | C1: Set | D1: PPG | E1: PPB | F1: 15PG
A2: Academic Aves | B2: Centerville FKT | C2: FKT | D2: 504 | E2: 25.91 | F2: n/a
A3: Beachwood Bison | B3: Olmsted Falls FKT | C3: FKT | D3: 405.7 | E3: 21.91 | F3: n/a
A4: Brookville A | B4: Centerville FKT | C4: FKT | D4: 91.4 | E4: 7.76 | F4: n/a
A5: Brookville B | B5: Centerville FKT | C5: FKT | D5: 62.9 | E5: 6.48 | F5: n/a
A6: Brush Varsity A | B6: Olmsted Falls FKT | C6: FKT | D6: 214.3 | E6: 17.78 | F6: n/a
A7: Brush Varsity B | B7: Olmsted Falls FKT | C7: FKT | D7: 142.9 | E7: 10.83 | F7: n/a
A8: Butler A | B8: Centerville FKT | C8: FKT | D8: 201.4 | E8: 13.93 | F8: n/a
A9: Butler B | B9: Centerville FKT | C9: FKT | D9: 65.7 | E9: 6.96 | F9: n/a
A10: Carroll Blue | B10: Centerville FKT | C10: FKT | D10: 254.4 | E10: 17.43 | F10: n/a
A11: Carroll Red | B11: Centerville FKT | C11: FKT | D11: 108.6 | E11: 7.33 | F11: n/a
A12: Centerville A | B12: Centerville FKT | C12: FKT | D12: 197.1 | E12: 16.23 | F12: n/a
A13: Centerville B | B13: Centerville FKT | C13: FKT | D13: 203.8 | E13: 14.41 | F13: n/a
... A49: Waynedale | B49: Olmsted Falls FKT | C49: FKT | D49: 34.3 | E49: 8.46 | F49: n/a

Sheet GSAC
A1: Team | B1: Tourney | C1: Set | D1: PPG | E1: PPB | F1: 15PG
A2: Auburn A | B2: New Trier Varsity Uber Competitive | C2: GSAC | D2: 496 | E2: 26.27 | F2: 8.9
A3: Auburn B | B3: New Trier Varsity Uber Competitive | C3: GSAC | D3: 252 | E3: 20.25 | F3: 3.6
A4: Auburn C | B4: New Trier Varsity Standard | C4: GSAC | D4: 156.5 | E4: 11.76 | F4: 1.1
A5: Barrington | B5: New Trier Varsity Standard | C5: GSAC | D5: 322.7 | E5: 17.64 | F5: =24/11 -> 2.1818182
A6: Beachwood | B6: Glen Gonsalves Memorial Sunday (prelims) | C6: GSAC | D6: 484 | E6: 24.92 | F6: =17/5 -> 3.4
A7: Belvidere North A | B7: New Trier Varsity Uber Competitive | C7: GSAC | D7: 332 | E7: 25.38 | F7: 5
A8: Belvidere North B | B8: New Trier Varsity Standard | C8: GSAC | D8: 126.7 | E8: 8.52 | F8: 1
A9: Belvidere North C | B9: New Trier Varsity Standard | C9: GSAC | D9: 47.5 | E9: 5.29 | F9: 0.2
A10: Branford | B10: UF GSAC | C10: GSAC | D10: 140.6 | E10: 9.32 | F10: n/a
A11: Buffalo Grove A | B11: New Trier Varsity Uber Competitive | C11: GSAC | D11: 345 | E11: 22.95 | F11: 4.9
A12: Buffalo Grove B | B12: New Trier Varsity Standard | C12: GSAC | D12: 102 | E12: 9.06 | F12: 0.2
A13: Caesar Rodney | B13: GSAC | C13: GSAC | D13: 258.04 | E13: 19.772727 | F13: n/a
A14: Carbondale | B14: New Trier Varsity Uber Competitive | C14: GSAC | D14: 350.5 | E14: 24.79 | F14: 6.2
A15: Cave Spring | B15: GSAC | C15: GSAC | D15: 397.5 | E15: 21.640625 | F15: n/a
A16: Centennial | B16: New Trier Varsity Uber Competitive | C16: GSAC | D16: 277 | E16: 20.11 | F16: 4.4
A17: Chaminade A | B17: UF GSAC | C17: GSAC | D17: 83.8 | E17: 10.69 | F17: n/a
A18: Chaminade B | B18: UF GSAC | C18: GSAC | D18: 92.5 | E18: 8.18 | F18: n/a
A19: Chaminade C* | B19: UF GSAC | C19: GSAC | D19: 130.6 | E19: 10.38 | F19: n/a
A20: Chatham A | B20: St. Joseph's GSAC mirror | C20: GSAC | D20: 73 | E20: 7.5 | F20: n/a
A21: Chiles A | B21: UF GSAC | C21: GSAC | D21: 257.9 | E21: 16.79 | F21: n/a
A22: Chiles B* | B22: UF GSAC | C22: GSAC | D22: 168.8 | E22: 13.1 | F22: n/a
A23: CIS A | B23: Mort Walker Invitational | C23: GSAC | D23: 168.5 | E23: 14.17 | F23: n/a
A24: CIS B | B24: Mort Walker Invitational | C24: GSAC | D24: 118 | E24: 7.95 | F24: n/a
A25: Classical Consortium Academy | B25: New Trier Varsity Standard | C25: GSAC | D25: 131.1 | E25: 12.26 | F25: 0.8
A26: Clayton A | B26: Mort Walker Invitational | C26: GSAC | D26: 426.5 | E26: 21.82 | F26: n/a
A27: Clayton B | B27: Mort Walker Invitational | C27: GSAC | D27: 168.9 | E27: 10.13 | F27: n/a
A28: Clayton C | B28: Mort Walker Invitational | C28: GSAC | D28: 199 | E28: 12.95 | F28: n/a
A29: Clover Hill | B29: GSAC | C29: GSAC | D29: 191.04 | E29: 15.833333 | F29: n/a
A30: Cloverleaf | B30: Glen Gonsalves Memorial Sunday (prelims) | C30: GSAC | D30: 308 | E30: 19.11 | F30: =9/5 -> 1.8
A31: Copley 1 | B31: Glen Gonsalves Memorial Sunday (prelims) | C31: GSAC | D31: 412 | E31: 18.5 | F31: =12/5 -> 2.4
A32: Copley 2 | B32: Glen Gonsalves Memorial Sunday (prelims) | C32: GSAC | D32: 172 | E32: 13.67 | F32: =4/5 -> 0.8
A33: Cosby A | B33: GSAC | C33: GSAC | D33: 162 | E33: 12.837838 | F33: n/a
A34: Cosby B | B34: GSAC | C34: GSAC | D34: 116.98 | E34: 10.416667 | F34: n/a
A35: Crete-Monee A | B35: New Trier Varsity Standard | C35: GSAC | D35: 93.1 | E35: 10.39 | F35: 0.3
A36: Crete-Monee B | B36: New Trier Varsity Standard | C36: GSAC | D36: 60.6 | E36: 5.59 | F36: 0.3
A37: Culver Academies A | B37: New Trier Varsity Uber Competitive | C37: GSAC | D37: 346.5 | E37: 22.92 | F37: 5.2
A38: Culver B | B38: New Trier Varsity Standard | C38: GSAC | D38: 115 | E38: 9.02 | F38: 0.5
A39: DeSoto | B39: UF GSAC | C39: GSAC | D39: 240.6 | E39: 14.34 | F39: n/a
A40: Detroit Catholic Central | B40: New Trier Varsity Uber Competitive | C40: GSAC | D40: 513 | E40: 25.49 | F40: 9.7
A41: Dorman | B41: New Trier Varsity Uber Competitive | C41: GSAC | D41: 420 | E41: 25.34 | F41: =102/12 -> 8.5
A42: Eastside A | B42: UF GSAC | C42: GSAC | D42: 195.6 | E42: 14.39 | F42: n/a
A43: Eastside B | B43: UF GSAC | C43: GSAC | D43: 89.4 | E43: 7.8 | F43: n/a
A44: Eastside C* | B44: UF GSAC | C44: GSAC | D44: 137.1 | E44: 13.57 | F44: n/a
A45: Enloe | B45: GSAC | C45: GSAC | D45: 363.02 | E45: 22.787611 | F45: n/a
A46: Fatima | B46: Mort Walker Invitational | C46: GSAC | D46: 105.6 | E46: 9.23 | F46: n/a
A47: Fenton | B47: New Trier Varsity Standard | C47: GSAC | D47: 395.5 | E47: 19.02 | F47: 4.7
A48: Fenwick | B48: New Trier Varsity Standard | C48: GSAC | D48: 230.5 | E48: 14.53 | F48: 2.3
A49: Fulton A | B49: Mort Walker Invitational | C49: GSAC | D49: 183 | E49: 12.84 | F49: n/a
A50: Fulton B | B50: Mort Walker Invitational | C50: GSAC | D50: 24 | E50: 4.44 | F50: n/a
A51: GDS | B51: GSAC | C51: GSAC | D51: 444.48 | E51: 25.511811 | F51: n/a
A52: Guilford | B52: GSAC | C52: GSAC | D52: 370.48 | E52: 23.75 | F52: n/a
A53: Hawken 1 | B53: Glen Gonsalves Memorial Sunday (prelims) | C53: GSAC | D53: 590 | E53: 22.7 | F53: =44/5 -> 8.8
A54: Hawken 2 | B54: Glen Gonsalves Memorial Sunday (prelims) | C54: GSAC | D54: 162 | E54: 14.8 | F54: =2/5 -> 0.4
A55: Helias A | B55: Mort Walker Invitational | C55: GSAC | D55: 324 | E55: 19.78 | F55: n/a
A56: Hickman A | B56: Mort Walker Invitational | C56: GSAC | D56: 217.5 | E56: 14.83 | F56: n/a
A57: Hickman B | B57: Mort Walker Invitational | C57: GSAC | D57: 53 | E57: 4.62 | F57: n/a
A58: High Tech A | B58: St. Joseph's GSAC mirror | C58: GSAC | D58: 440.5 | E58: 25.35 | F58: n/a
A59: High Tech B | B59: St. Joseph's GSAC mirror | C59: GSAC | D59: 274.5 | E59: 18.59 | F59: n/a
A60: High Tech C | B60: St. Joseph's GSAC mirror | C60: GSAC | D60: 236.5 | E60: 17.42 | F60: n/a
A61: House Team | B61: GSAC | C61: GSAC | D61: 230 | E61: 16.166667 | F61: n/a
A62: Hunter A | B62: St. Joseph's GSAC mirror | C62: GSAC | D62: 546 | E62: 26.75 | F62: n/a
A63: Hunter B | B63: St. Joseph's GSAC mirror | C63: GSAC | D63: 440 | E63: 24.85 | F63: n/a
A64: Hunter C | B64: St. Joseph's GSAC mirror | C64: GSAC | D64: 325.5 | E64: 20.93 | F64: n/a
A65: Hunter D | B65: St. Joseph's GSAC mirror | C65: GSAC | D65: 196 | E65: 16.89 | F65: n/a
A66: IMSA A | B66: New Trier Varsity Uber Competitive | C66: GSAC | D66: 547 | E66: 27.26 | F66: 10.3
A67: IMSA B | B67: New Trier Varsity Uber Competitive | C67: GSAC | D67: 341.5 | E67: 23.8 | F67: 4.7
A68: Irvington A | B68: St. Joseph's GSAC mirror | C68: GSAC | D68: 252.5 | E68: 19.22 | F68: n/a
A69: Irvington B | B69: St. Joseph's GSAC mirror | C69: GSAC | D69: 110 | E69: 12.59 | F69: n/a
A70: Irvington C | B70: St. Joseph's GSAC mirror | C70: GSAC | D70: 46.5 | E70: 6.9 | F70: n/a
A71: Ladue A | B71: Mort Walker Invitational | C71: GSAC | D71: 621.4 | E71: 27.45 | F71: n/a
A72: Ladue B | B72: Mort Walker Invitational | C72: GSAC | D72: 265.5 | E72: 15.81 | F72: n/a
A73: Ladue C | B73: Mort Walker Invitational | C73: GSAC | D73: 149.5 | E73: 12.19 | F73: n/a
A74: Latin School | B74: New Trier Varsity Uber Competitive | C74: GSAC | D74: 389.5 | E74: 23.27 | F74: 6.4
A75: Libertyville | B75: New Trier Varsity Uber Competitive | C75: GSAC | D75: 187.5 | E75: 16.5 | F75: 1.9
A76: Lincoln | B76: UF GSAC | C76: GSAC | D76: 75 | E76: 9.33 | F76: n/a
A77: Lisle | B77: New Trier Varsity Standard | C77: GSAC | D77: 187 | E77: 12.47 | F77: 1.2
A78: Loyola Academy A | B78: New Trier Varsity Uber Competitive | C78: GSAC | D78: 408.2 | E78: 24.83 | F78: =81/11 -> 7.3636364
A79: Loyola Academy B | B79: New Trier Varsity Uber Competitive | C79: GSAC | D79: 276.5 | E79: 19.62 | F79: 3.1
A80: Loyola C | B80: New Trier Varsity Standard | C80: GSAC | D80: 246 | E80: 14.69 | F80: 2.2
A81: Maclay | B81: UF GSAC | C81: GSAC | D81: 383.6 | E81: 20.56 | F81: n/a
A82: Maine South A | B82: New Trier Varsity Standard | C82: GSAC | D82: 223.5 | E82: 15.22 | F82: 1.3
A83: Maine South B | B83: New Trier Varsity Standard | C83: GSAC | D83: 70.5 | E83: 7.75 | F83: 0.2
A84: Marian Central Catholic A | B84: New Trier Varsity Standard | C84: GSAC | D84: 288.5 | E84: 15.82 | F84: 2.1
A85: Marian Central Catholic B | B85: New Trier Varsity Standard | C85: GSAC | D85: 57 | E85: 5.79 | F85: 0.4
A86: McHenry | B86: New Trier Varsity Standard | C86: GSAC | D86: 97.1 | E86: 7.69 | F86: 0.6
A87: Millburn A | B87: St. Joseph's GSAC mirror | C87: GSAC | D87: 273.5 | E87: 18.38 | F87: n/a
A88: Millburn B | B88: St. Joseph's GSAC mirror | C88: GSAC | D88: 213 | E88: 15.34 | F88: n/a
A89: Millburn C | B89: St. Joseph's GSAC mirror | C89: GSAC | D89: 126 | E89: 12.46 | F89: n/a
A90: New Kent A | B90: GSAC | C90: GSAC | D90: 248.96 | E90: 17.263158 | F90: n/a
A91: New Kent B | B91: GSAC | C91: GSAC | D91: 98.52 | E91: 10.4 | F91: n/a
A92: New Kent C | B92: GSAC | C92: GSAC | D92: 50.5 | E92: 5 | F92: n/a
A93: New Trier | B93: New Trier Varsity Uber Competitive | C93: GSAC | D93: 384.5 | E93: 24.58 | F93: 4.1
A94: Northmont | B94: New Trier Varsity Uber Competitive | C94: GSAC | D94: 331.5 | E94: 23.11 | F94: 4.9
A95: Oak Hall | B95: UF GSAC | C95: GSAC | D95: 198.8 | E95: 13.38 | F95: n/a
A96: Oak Park-River Forest | B96: New Trier Varsity Standard | C96: GSAC | D96: 338.5 | E96: 16.97 | F96: 3
A97: Oakland Jr. | B97: Mort Walker Invitational | C97: GSAC | D97: 79.5 | E97: 6.53 | F97: n/a
A98: Oakville A | B98: Mort Walker Invitational | C98: GSAC | D98: 295 | E98: 16.03 | F98: n/a
A99: Oakville B | B99: Mort Walker Invitational | C99: GSAC | D99: 103 | E99: 9.82 | F99: n/a
A100: Olmsted Falls 1 | B100: Glen Gonsalves Memorial Sunday (prelims) | C100: GSAC | D100: 536 | E100: 25.16 | F100: =27/5 -> 5.4
...

Sheet HFT
A1: Team | B1: Tourney | C1: Set | D1: PPG | E1: PPB | F1: 15PG
A2: Adair A | B2: Western Kentucky Hilltopper Invitational | C2: HFT | D2: 107 | E2: 9.81 | F2: n/a
A3: Adair B | B3: Western Kentucky Hilltopper Invitational | C3: HFT | D3: 22 | E3: 1.58 | F3: n/a
A4: Adair C | B4: Western Kentucky Hilltopper Invitational | C4: HFT | D4: 27 | E4: 3.5 | F4: n/a
A5: Alpharetta | B5: Georgia Harvard Fall Tournament mirror | C5: HFT | D5: 285 | E5: 17.14 | F5: n/a
A6: Athens Academy | B6: Georgia Harvard Fall Tournament mirror | C6: HFT | D6: 339 | E6: 20.27 | F6: n/a
A7: Auburn A | B7: Harvard Fall at Rockford Auburn | C7: HFT | D7: 516.4 | E7: 25.35 | F7: n/a
A8: Auburn B | B8: Harvard Fall at Rockford Auburn | C8: HFT | D8: 281.7 | E8: 17.72 | F8: n/a
A9: Bainbridge | B9: Georgia Harvard Fall Tournament mirror | C9: HFT | D9: 256 | E9: 16.12 | F9: n/a
A10: Ballard | B10: Western Kentucky Hilltopper Invitational | C10: HFT | D10: 182.7 | E10: 13.93 | F10: n/a
A11: Barren | B11: Western Kentucky Hilltopper Invitational | C11: HFT | D11: 113 | E11: 11.32 | F11: n/a
A12: Belvidere North | B12: Harvard Fall at Rockford Auburn | C12: HFT | D12: 318.3 | E12: 20.23 | F12: n/a
A13: Boylan | B13: Harvard Fall at Rockford Auburn | C13: HFT | D13: 88.3 | E13: 8.61 | F13: n/a
... A116: WW South B | B116: Harvard Fall at Rockford Auburn | C116: HFT | D116: 37.2 | E116: 6.67 | F116: n/a

Sheet HT22
A1: Team | B1: Tourney | C1: Set | D1: PPG | E1: PPB | F1: 15PG
A2: Adair | B2: Danville Fall Tournament | C2: HT22 | D2: 243.36667 | E2: 14.133333 | F2: 2.2222222
A3: Anacostia | B3: STANLEY CUP | C3: HT22 | D3: 36 | E3: 6.36 | F3: =2/5 -> 0.4
A4: Antonian | B4: HoHoHo | C4: HT22 | D4: 237.2 | E4: 17.27 | F4: =31/9 -> 3.4444444
A5: Awty A | B5: HoHoHo | C5: HT22 | D5: 148.1 | E5: 10.55 | F5: =20/8 -> 2.5
A6: Awty B | B6: HoHoHo | C6: HT22 | D6: 82.1 | E6: 8.87 | F6: =5/7 -> 0.71428571
A7: Bellaire A | B7: HoHoHo | C7: HT22 | D7: 307.5 | E7: 20.26 | F7: 5.5
A8: Bellaire B | B8: HoHoHo | C8: HT22 | D8: 132.5 | E8: 10.78 | F8: =14/8 -> 1.75
A9: Bellaire C | B9: HoHoHo | C9: HT22 | D9: 257.2 | E9: 14.84 | F9: =26/9 -> 2.8888889
A10: Belvidere North | B10: Loyburn | C10: HT22 | D10: 406.8 | E10: 22.37 | F10: =73/11 -> 6.6363636
A11: Bethel | B11: OSU Winter War | C11: HT22 | D11: 128 | E11: 10.81 | F11: 0.6
A12: Bethlehem | B12: Danville Fall Tournament | C12: HT22 | D12: 212.8 | E12: 12.941176 | F12: 2.3333333
A13: Bishop's A | B13: Triton Fall | C13: HT22 | D13: 244.4 | E13: 19.79 | F13: =36/9 -> 4
A14: Bishop's B | B14: Triton Fall | C14: HT22 | D14: 117.8 | E14: 12.67 | F14: =15/9 -> 1.6666667
A15: Blair A | B15: STANLEY CUP | C15: HT22 | D15: 469 | E15: 19.51 | F15: =53/5 -> 10.6
A16: Blair B | B16: STANLEY CUP | C16: HT22 | D16: 158 | E16: 14.84 | F16: 2
A17: Buffalo Grove A | B17: Loyburn | C17: HT22 | D17: 469.1 | E17: 20.99 | F17: =84/11 -> 7.6363636
A18: Buffalo Grove B | B18: Loyburn | C18: HT22 | D18: 50.9 | E18: 4.52 | F18: =2/11 -> 0.18181818
A19: Caesar Rodney | B19: STANLEY CUP | C19: HT22 | D19: 256 | E19: 16.3 | F19: =19/5 -> 3.8
A20: Canyon Crest | B20: Triton Fall | C20: HT22 | D20: 351 | E20: 21.76 | F20: 5.3
A21: Carbondale | B21: Loyburn | C21: HT22 | D21: 490 | E21: 24.73 | F21: =98/11 -> 8.9090909
A22: Carlsbad A | B22: Triton Fall | C22: HT22 | D22: 218.3 | E22: 17.04 | F22: =20/9 -> 2.2222222
A23: Carlsbad B | B23: Triton Fall | C23: HT22 | D23: 135 | E23: 13.22 | F23: 1.4
A24: Centennial A | B24: STANLEY CUP | C24: HT22 | D24: 265 | E24: 15.6 | F24: =22/5 -> 4.4
A25: Centennial B | B25: STANLEY CUP | C25: HT22 | D25: 183 | E25: 12.38 | F25: =16/5 -> 3.2
A26: Centralia | B26: Missouri Tiger Bowl | C26: HT22 | D26: 158 | E26: 9.3846154 | F26: 0.6
A27: Chantily A | B27: STANLEY CUP | C27: HT22 | D27: 165 | E27: 11.58 | F27: =8/5 -> 1.6
A28: Chantily B | B28: STANLEY CUP | C28: HT22 | D28: 38 | E28: 9.09 | F28: =1/5 -> 0.2
A29: Chapel Hill | B29: Tar Heel Cup 2011 | C29: HT22 | D29: 168.3 | E29: 14.63 | F29: =14/6 -> 2.3333333
A30: Christian Life | B30: Loyburn | C30: HT22 | D30: 65.5 | E30: 4.52 | F30: =10/11 -> 0.90909091
A31: Cinco Ranch | B31: HoHoHo | C31: HT22 | D31: 60 | E31: 12.37 | F31: =3/7 -> 0.42857143
A32: CIS A | B32: Missouri Tiger Bowl | C32: HT22 | D32: 258 | E32: 14.177215 | F32: 3.1
A33: CIS B | B33: Missouri Tiger Bowl | C33: HT22 | D33: 169 | E33: 9.84375 | F33: 1.4
A34: Cistercian A | B34: HoHoHo | C34: HT22 | D34: 454.6 | E34: 23.64 | F34: =86/12 -> 7.1666667
A35: Cistercian B | B35: HoHoHo | C35: HT22 | D35: 274.4 | E35: 17.47 | F35: =34/9 -> 3.7777778
A36: Columbus Academy | B36: OSU Winter War | C36: HT22 | D36: 224 | E36: 14.6 | F36: 3.3
A37: Columbus Alternative | B37: OSU Winter War | C37: HT22 | D37: 224 | E37: 15.06 | F37: 2.7
A38: Cuba | B38: Missouri Tiger Bowl | C38: HT22 | D38: 239 | E38: 12 | F38: 1.5
A39: Daviess County | B39: Danville Fall Tournament | C39: HT22 | D39: 274.52727 | E39: 18.72093 | F39: 2.7272727
A40: DCC A | B40: OSU Winter War | C40: HT22 | D40: 585.5 | E40: 24.88 | F40: =117/11 -> 10.636364
A41: DCC B | B41: OSU Winter War | C41: HT22 | D41: 463.6 | E41: 21.03 | F41: =78/11 -> 7.0909091
A42: Debakey A | B42: HoHoHo | C42: HT22 | D42: 85.7 | E42: 8.18 | F42: =6/7 -> 0.85714286
A43: Debakey B | B43: HoHoHo | C43: HT22 | D43: 76.4 | E43: 10 | F43: =2/7 -> 0.28571429
A44: Dunbar A | B44: Danville Fall Tournament | C44: HT22 | D44: 576.81818 | E44: 24.458599 | F44: 9.5454545
A45: Dunbar B | B45: Danville Fall Tournament | C45: HT22 | D45: 424.56364 | E45: 21.007752 | F45: 6.3636364
A46: Dunbar C | B46: Danville Fall Tournament | C46: HT22 | D46: 167.23333 | E46: 11.698113 | F46: 1.4444444
A47: East Chapel Hill A | B47: Tar Heel Cup 2011 | C47: HT22 | D47: 397.2 | E47: 20.9 | F47: =45/9 -> 5
A48: East Chapel Hill B | B48: Tar Heel Cup 2011 | C48: HT22 | D48: 74 | E48: 12.94 | F48: 1
A49: Eastlake A | B49: Triton Fall | C49: HT22 | D49: 185.6 | E49: 13.71 | F49: =13/9 -> 1.4444444
A50: Eastlake B | B50: Triton Fall | C50: HT22 | D50: 132.8 | E50: 11.91 | F50: =10/9 -> 1.1111111
A51: EC Guilford A | B51: Tar Heel Cup 2011 | C51: HT22 | D51: 448.3 | E51: 21.49 | F51: =64/9 -> 7.1111111
A52: EC Guilford B | B52: Tar Heel Cup 2011 | C52: HT22 | D52: 189.2 | E52: 14.47 | F52: =9/6 -> 1.5
A53: EC Guilford C | B53: Tar Heel Cup 2011 | C53: HT22 | D53: 107 | E53: 10.37 | F53: =4/5 -> 0.8
A54: El Dorado Springs | B54: Missouri Tiger Bowl | C54: HT22 | D54: 165 | E54: 9.5384615 | F54: 1.7
A55: Elsberry | B55: Missouri Tiger Bowl | C55: HT22 | D55: 144 | E55: 6.1333333 | F55: 0.7
A56: Emery | B56: HoHoHo | C56: HT22 | D56: 170.6 | E56: 11.27 | F56: =15/8 -> 1.875
A57: Enloe A | B57: Tar Heel Cup 2011 | C57: HT22 | D57: 427.5 | E57: 22.4 | F57: =51/8 -> 6.375
A58: Enloe B | B58: Tar Heel Cup 2011 | C58: HT22 | D58: 93.3 | E58: 7.67 | F58: =10/6 -> 1.6666667
A59: Fenton | B59: Loyburn | C59: HT22 | D59: 235.5 | E59: 17.09 | F59: =36/11 -> 3.2727273
A60: Fisher Catholic A | B60: OSU Winter War | C60: HT22 | D60: 274.5 | E60: 16.9 | F60: 3.3
A61: Fisher Catholic B | B61: OSU Winter War | C61: HT22 | D61: 177 | E61: 12.15 | F61: 0.9
A62: Fleming County | B62: Danville Fall Tournament | C62: HT22 | D62: 206.63333 | E62: 11.408451 | F62: 1.1111111
A63: Fort Recovery A | B63: OSU Winter War | C63: HT22 | D63: 130.5 | E63: 10.48 | F63: 0.7
A64: Fort Recovery B | B64: OSU Winter War | C64: HT22 | D64: 32 | E64: 3.33 | F64: 0.5
A65: Francis Parker | B65: Triton Fall | C65: HT22 | D65: 179.5 | E65: 13.8 | F65: 1.7
A66: Fulton | B66: Missouri Tiger Bowl | C66: HT22 | D66: 198.3 | E66: 10.227273 | F66: =20/12 -> 1.6666667
A67: Glasgow | B67: Missouri Tiger Bowl | C67: HT22 | D67: 83 | E67: 6.25 | F67: 0.8
A68: Gonzaga | B68: STANLEY CUP | C68: HT22 | D68: 305 | E68: 20.71 | F68: 4
A69: Hallsville | B69: Missouri Tiger Bowl | C69: HT22 | D69: 165 | E69: 8.2258065 | F69: 1.5
A70: Harmony Blue | B70: HoHoHo | C70: HT22 | D70: 95 | E70: 8.33 | F70: 1
A71: Harmony Red | B71: HoHoHo | C71: HT22 | D71: 200.6 | E71: 13.21 | F71: =19/8 -> 2.375
A72: Helias A | B72: Missouri Tiger Bowl | C72: HT22 | D72: 230 | E72: 12.266667 | F72: 3.3
A73: Helias B | B73: Missouri Tiger Bowl | C73: HT22 | D73: 169 | E73: 10.307692 | F73: 1.4
A74: Hickman | B74: Missouri Tiger Bowl | C74: HT22 | D74: 215 | E74: 12.914798 | F74: 1.2
A75: Howard | B75: STANLEY CUP | C75: HT22 | D75: 149 | E75: 10.86 | F75: =11/5 -> 2.2
A76: IMSA A | B76: Loyburn | C76: HT22 | D76: 566.8 | E76: 26.13 | F76: =113/11 -> 10.272727
A77: IMSA B | B77: Loyburn | C77: HT22 | D77: 510.9 | E77: 23.7 | F77: =80/11 -> 7.2727273
A78: Irvine A | B78: Triton Fall | C78: HT22 | D78: 272.8 | E78: 18.12 | F78: =35/9 -> 3.8888889
A79: Irvine B | B79: Triton Fall | C79: HT22 | D79: 214 | E79: 15.42 | F79: 2.8
A80: Irvine C | B80: Triton Fall | C80: HT22 | D80: 138.9 | E80: 12.82 | F80: =7/9 -> 0.77777778
A81: Kealing | B81: HoHoHo | C81: HT22 | D81: 422.5 | E81: 23.45 | F81: 5.6
A82: Keith Country Day | B82: Loyburn | C82: HT22 | D82: 254.5 | E82: 12.69 | F82: =26/11 -> 2.3636364
A83: Kinkaid A | B83: HoHoHo | C83: HT22 | D83: 243.2 | E83: 16.53 | F83: =36/11 -> 3.2727273
A84: Kinkaid B | B84: HoHoHo | C84: HT22 | D84: 118.6 | E84: 12.43 | F84: 1
A85: La Jolla | B85: Triton Fall | C85: HT22 | D85: 418.3 | E85: 21.64 | F85: =52/9 -> 5.7777778
A86: Ladue A | B86: Missouri Tiger Bowl | C86: HT22 | D86: 696.9 | E86: 26.145833 | F86: =152/13 -> 11.692308
A87: Ladue B | B87: Missouri Tiger Bowl | C87: HT22 | D87: 360 | E87: 17.34375 | F87: =51/12 -> 4.25
A88: Ladue C | B88: Missouri Tiger Bowl | C88: HT22 | D88: 182 | E88: 10 | F88: 0.7
A89: Ladue D | B89: Missouri Tiger Bowl | C89: HT22 | D89: 98 | E89: 5.8333333 | F89: 0.5
A90: LASA B | B90: HoHoHo | C90: HT22 | D90: 378.1 | E90: 22.34 | F90: =73/13 -> 5.6153846
A91: LASA C | B91: HoHoHo | C91: HT22 | D91: 398 | E91: 21.64 | F91: 6.2
A92: Latin A | B92: Loyburn | C92: HT22 | D92: 425.5 | E92: 22.72 | F92: =76/11 -> 6.9090909
A93: Latin B | B93: Loyburn | C93: HT22 | D93: 190.5 | E93: 14.71 | F93: =19/11 -> 1.7272727
A94: Loyola A | B94: Loyburn | C94: HT22 | D94: 530 | E94: 24.86 | F94: =92/11 -> 8.3636364
A95: Loyola B | B95: Loyburn | C95: HT22 | D95: 278.2 | E95: 17.58 | F95: =38/11 -> 3.4545455
A96: Madisonville North Hokins | B96: Danville Fall Tournament | C96: HT22 | D96: 163.33333 | E96: 11.206897 | F96: 1.7777778
A97: Maret | B97: STANLEY CUP | C97: HT22 | D97: 65 | E97: 9.41 | F97: =3/5 -> 0.6
A98: Minford A | B98: OSU Winter War | C98: HT22 | D98: 160 | E98: 10.63 | F98: 1.1
A99: Minford B | B99: OSU Winter War | C99: HT22 | D99: 45.5 | E99: 4.57 | F99: 0.2
A100: Monroe City | B100: Missouri Tiger Bowl | C100: HT22 | D100: 127 | E100: 9.8113208 | F100: 0.9
...

Sheet HT23
A1: Team | B1: Tourney | C1: Set | D1: PPG | E1: PPB | F1: 15PG
A2: Alpharetta | B2: Georgia 5A Regionals | C2: HT23 | D2: 511 | E2: 22.46 | F2: 7
A3: Archer | B3: Georgia 5A Regionals | C3: HT23 | D3: 81 | E3: 8.24 | F3: =3/5 -> 0.6
A4: Brookwood | B4: Georgia 5A Regionals | C4: HT23 | D4: 617 | E4: 23.64 | F4: =45/5 -> 9
A5: Cave Spring | B5: TANKBATTLE | C5: HT23 | D5: 200.5 | E5: 12.12 | F5: 1.9090909
A6: Centennial | B6: Georgia 5A Regionals | C6: HT23 | D6: 177 | E6: 14 | F6: =7/5 -> 1.4
A7: Cherokee | B7: Georgia 5A Regionals | C7: HT23 | D7: 138 | E7: 13.18 | F7: =8/5 -> 1.6
A8: Christiansburg | B8: TANKBATTLE | C8: HT23 | D8: 482.5 | E8: 23.13 | F8: 7.6666667
A9: Collins Hill | B9: Georgia 5A Regionals | C9: HT23 | D9: 261 | E9: 14.77 | F9: =19/5 -> 3.8
A10: Duluth A | B10: Georgia 5A Regionals | C10: HT23 | D10: 293 | E10: 16.46 | F10: =15/5 -> 3
A11: Duluth B | B11: Georgia 5A Regionals | C11: HT23 | D11: 184 | E11: 13.33 | F11: =12/5 -> 2.4
A12: Etowah | B12: Georgia 5A Regionals | C12: HT23 | D12: 402 | E12: 17.87 | F12: =24/5 -> 4.8
A13: Freeman A | B13: TANKBATTLE | C13: HT23 | D13: 186.4 | E13: 14.35 | F13: 1.6363636
A14: Freeman B | B14: TANKBATTLE | C14: HT23 | D14: 57.7 | E14: 9.43 | F14: 0.27272727
A15: Grayson | B15: Georgia 5A Regionals | C15: HT23 | D15: 206 | E15: 12.68 | F15: =10/5 -> 2
A16: House | B16: TANKBATTLE | C16: HT23 | D16: 140 | E16: 10 | F16: 1.2727273
A17: Howard | B17: TANKBATTLE | C17: HT23 | D17: 122.7 | E17: 8.92 | F17: 0.72727273
A18: Lafayette | B18: North Kansas City Varsity Invitational | C18: HT23 | D18: 72.8 | E18: 7 | F18: =4/9 -> 0.44444444
A19: Lee's Summit North | B19: North Kansas City Varsity Invitational | C19: HT23 | D19: 236.1 | E19: 15.24 | F19: 2
A20: Liberty | B20: North Kansas City Varsity Invitational | C20: HT23 | D20: 386.8 | E20: 17.17 | F20: =40/11 -> 3.6363636
A21: Liberty North | B21: North Kansas City Varsity Invitational | C21: HT23 | D21: 166.2 | E21: 12.71 | F21: =14/8 -> 1.75
A22: Lone Jack A | B22: North Kansas City Varsity Invitational | C22: HT23 | D22: 68.8 | E22: 6.76 | F22: =3/8 -> 0.375
A23: Lone Jack B | B23: North Kansas City Varsity Invitational | C23: HT23 | D23: 25 | E23: 4.12 | F23: =3/9 -> 0.33333333
A24: Maggie Walker A | B24: TANKBATTLE | C24: HT23 | D24: 407.7 | E24: 21.8 | F24: 6.6363636
A25: Maggie Walker B | B25: TANKBATTLE | C25: HT23 | D25: 379.1 | E25: 19.47 | F25: 6
A26: Maggie Walker C | B26: TANKBATTLE | C26: HT23 | D26: 229.5 | E26: 16 | F26: 1.4545455
A27: Mountain View | B27: Georgia 5A Regionals | C27: HT23 | D27: 133 | E27: 13.64 | F27: =7/5 -> 1.4
A28: Nandua A | B28: TANKBATTLE | C28: HT23 | D28: 177.3 | E28: 13.95 | F28: 2.2727273
A29: Nandua B | B29: TANKBATTLE | C29: HT23 | D29: 87.7 | E29: 8.8 | F29: 0.81818182
A30: Nandua C | B30: TANKBATTLE | C30: HT23 | D30: 71.4 | E30: 7.07 | F30: 0.72727273
A31: Norcross | B31: Georgia 5A Regionals | C31: HT23 | D31: 560 | E31: 23.75 | F31: =36/5 -> 7.2
A32: North Gwinnett | B32: Georgia 5A Regionals | C32: HT23 | D32: 309 | E32: 15.47 | F32: =21/5 -> 4.2
A33: Oak Grove | B33: North Kansas City Varsity Invitational | C33: HT23 | D33: 163.3 | E33: 10.41 | F33: =8/9 -> 0.88888889
A34: Oak Park | B34: North Kansas City Varsity Invitational | C34: HT23 | D34: 77.5 | E34: 7.84 | F34: 0
A35: Park Hill A | B35: North Kansas City Varsity Invitational | C35: HT23 | D35: 211.9 | E35: 12.43 | F35: =19/9 -> 2.1111111
A36: Park Hill B | B36: North Kansas City Varsity Invitational | C36: HT23 | D36: 132.5 | E36: 11 | F36: =7/8 -> 0.875
A37: Park Hill South | B37: North Kansas City Varsity Invitational | C37: HT23 | D37: 195.6 | E37: 12.69 | F37: 2
A38: Parkview | B38: Georgia 5A Regionals | C38: HT23 | D38: 152 | E38: 8.86 | F38: =8/5 -> 1.6
A39: Quince Orchard | B39: TANKBATTLE | C39: HT23 | D39: 151.4 | E39: 13.96 | F39: 1.5454545
A40: Richard Montgomery | B40: TANKBATTLE | C40: HT23 | D40: 426.4 | E40: 22.98 | F40: 6.5454545
A41: Roswell | B41: Georgia 5A Regionals | C41: HT23 | D41: 294 | E41: 16.82 | F41: =6/5 -> 1.2
A42: Savannah | B42: North Kansas City Varsity Invitational | C42: HT23 | D42: 454.5 | E42: 20.34 | F42: 6
A43: St. Anselm's | B43: TANKBATTLE | C43: HT23 | D43: 580.4 | E43: 25.35 | F43: 9.75
A44: St. Joseph Central | B44: North Kansas City Varsity Invitational | C44: HT23 | D44: 145.6 | E44: 10.7 | F44: =9/8 -> 1.125
A45: St. Joseph Christian | B45: North Kansas City Varsity Invitational | C45: HT23 | D45: 95 | E45: 8.68 | F45: =2/9 -> 0.22222222
A46: St. Pius X | B46: North Kansas City Varsity Invitational | C46: HT23 | D46: 206 | E46: 13.49 | F46: =25/11 -> 2.2727273
A47: Stephenson | B47: Georgia 5A Regionals | C47: HT23 | D47: 23 | E47: 2.86 | F47: =1/5 -> 0.2
A48: Truman | B48: North Kansas City Varsity Invitational | C48: HT23 | D48: 214 | E48: 14 | F48: 2.1
A49: Varina | B49: TANKBATTLE | C49: HT23 | D49: 129.5 | E49: 11.32 | F49: 1.8181818
A50: Walton | B50: Georgia 5A Regionals | C50: HT23 | D50: 261 | E50: 15.26 | F50: =9/5 -> 1.8
A51: William Chrisman | B51: North Kansas City Varsity Invitational | C51: HT23 | D51: 195 | E51: 12.56 | F51: =11/9 -> 1.2222222
A52: Winnetonka A | B52: North Kansas City Varsity Invitational | C52: HT23 | D52: 56.9 | E52: 5.67 | F52: =2/8 -> 0.25
A53: Winnetonka B | B53: North Kansas City Varsity Invitational | C53: HT23 | D53: 65 | E53: 6 | F53: =3/9 -> 0.33333333
A54: Woodstock | B54: Georgia 5A Regionals | C54: HT23 | D54: 291 | E54: 15.92 | F54: =13/5 -> 2.6
A55: Hickman A | B55: Helias Catholic Tournament | C55: HT23 | D55: 295 | E55: 15.42 | F55: =37/12 -> 3.0833333
A56: Helias | B56: Helias Catholic Tournament | C56: HT23 | D56: 394.6 | E56: 20.34 | F56: =67/12 -> 5.5833333
A57: Rock Bridge A | B57: Helias Catholic Tournament | C57: HT23 | D57: 344.2 | E57: 18.21 | F57: =53/12 -> 4.4166667
A58: Rock Bridge B | B58: Helias Catholic Tournament | C58: HT23 | D58: 281.7 | E58: 16.07 | F58: =40/12 -> 3.3333333
A59: Hallsville A | B59: Helias Catholic Tournament | C59: HT23 | D59: 253.6 | E59: 14.4 | F59: =26/11 -> 2.3636364
A60: Richland A | B60: Helias Catholic Tournament | C60: HT23 | D60: 230 | E60: 15.15 | F60: =18/11 -> 1.6363636
A61: Pilot Grove A | B61: Helias Catholic Tournament | C61: HT23 | D61: 228.6 | E61: 15 | F61: =23/11 -> 2.0909091
A62: Fulton A | B62: Helias Catholic Tournament | C62: HT23 | D62: 193.6 | E62: 12.95 | F62: 2
A63: SLUH | B63: Helias Catholic Tournament | C63: HT23 | D63: 313.8 | E63: 15.92 | F63: =25/8 -> 3.125
A64: Hickman B | B64: Helias Catholic Tournament | C64: HT23 | D64: 193.1 | E64: 12.97 | F64: =15/8 -> 1.875
A65: Jefferson City | B65: Helias Catholic Tournament | C65: HT23 | D65: 178.8 | E65: 10.94 | F65: =18/8 -> 2.25
A66: Mexico A | B66: Helias Catholic Tournament | C66: HT23 | D66: 162.5 | E66: 10.66 | F66: 1
A67: Hallsville B | B67: Helias Catholic Tournament | C67: HT23 | D67: 214.4 | E67: 13.47 | F67: =5/8 -> 0.625
A68: Salem B | B68: Helias Catholic Tournament | C68: HT23 | D68: 153.8 | E68: 10 | F68: =14/8 -> 1.75
A69: Salem A | B69: Helias Catholic Tournament | C69: HT23 | D69: 140 | E69: 11.5 | F69: =9/8 -> 1.125
A70: Pilot Grove B | B70: Helias Catholic Tournament | C70: HT23 | D70: 85.6 | E70: 7.84 | F70: =5/8 -> 0.625
A71: Rock Bridge C | B71: Helias Catholic Tournament | C71: HT23 | D71: 164.4 | E71: 9.69 | F71: =11/8 -> 1.375
A72: Marshall B | B72: Helias Catholic Tournament | C72: HT23 | D72: 120 | E72: 8.84 | F72: =6/7 -> 0.85714286
A73: Richland B | B73: Helias Catholic Tournament | C73: HT23 | D73: 108.6 | E73: 10 | F73: =8/7 -> 1.1428571
A74: Rolla | B74: Helias Catholic Tournament | C74: HT23 | D74: 108.1 | E74: 9.52 | F74: =9/8 -> 1.125
A75: Marshall A | B75: Helias Catholic Tournament | C75: HT23 | D75: 74.4 | E75: 6.57 | F75: =3/8 -> 0.375
A76: Smith-Cotton | B76: Helias Catholic Tournament | C76: HT23 | D76: 103.1 | E76: 7.73 | F76: =9/8 -> 1.125
A77: Fulton B | B77: Helias Catholic Tournament | C77: HT23 | D77: 50 | E77: 4.29 | F77: 0
A78: Mexico B | B78: Helias Catholic Tournament | C78: HT23 | D78: 41.2 | E78: 5.71 | F78: 0

Sheet IMSANITY2
A1: Team | B1: Tourney | C1: Set | D1: PPG | E1: PPB | F1: 15PG
A2: Bloomington A | B2: BMI | C2: IMSANITY 2 | D2: 207.8 | E2: 16.34 | F2: n/a
A3: Bloomington B | B3: BMI | C3: IMSANITY 2 | D3: 128.9 | E3: 9.66 | F3: n/a
A4: Carbondale | B4: BMI | C4: IMSANITY 2 | D4: 470.9 | E4: 23.64 | F4: n/a
A5: Champaign Centennial A | B5: BMI | C5: IMSANITY 2 | D5: 297.8 | E5: 20.45 | F5: n/a
A6: Champaign Centennial B | B6: BMI | C6: IMSANITY 2 | D6: 95.7 | E6: 7.18 | F6: n/a
A7: Crete-Monee A | B7: TRIUMVIR | C7: IMSANITY 2 | D7: 35 | E7: 6.32 | F7: n/a
A8: Crete-Monee B | B8: TRIUMVIR | C8: IMSANITY 2 | D8: 51.9 | E8: 6.25 | F8: n/a
A9: Danville A | B9: BMI | C9: IMSANITY 2 | D9: 101.1 | E9: 9.78 | F9: n/a
A10: Danville B | B10: BMI | C10: IMSANITY 2 | D10: 57.1 | E10: 10 | F10: n/a
A11: Dunlap | B11: BMI | C11: IMSANITY 2 | D11: 175.6 | E11: 13.24 | F11: n/a
A12: Fenton | B12: TRIUMVIR | C12: IMSANITY 2 | D12: 217.7 | E12: 17.11 | F12: n/a
A13: Fieldcrest | B13: BMI | C13: IMSANITY 2 | D13: 107.1 | E13: 9.23 | F13: n/a
... A45: WWS B | B45: TRIUMVIR | C45: IMSANITY 2 | D45: 73.5 | E45: 10.61 | F45: n/a

Sheet IS103A
A1: Team | B1: Tourney | C1: Set | D1: PPG | E1: PPB | F1: 15PG
A2: Copley A | B2: South Range Academic Challenge | C2: IS103A | D2: 382.5 | E2: 21.32 | F2: =21/6 -> 3.5
A3: Copley B | B3: South Range Academic Challenge | C3: IS103A | D3: 237.5 | E3: 16.98 | F3: =7/6 -> 1.1666667
A4: East Palestine | B4: South Range Academic Challenge | C4: IS103A | D4: 99.2 | E4: 12.59 | F4: 0
A5: LaBrae | B5: South Range Academic Challenge | C5: IS103A | D5: 145.8 | E5: 16.36 | F5: 1
A6: Lisbon | B6: South Range Academic Challenge | C6: IS103A | D6: 33.3 | E6: 8.18 | F6: =1/6 -> 0.16666667
A7: Lowellville | B7: South Range Academic Challenge | C7: IS103A | D7: 145 | E7: 14.86 | F7: =2/6 -> 0.33333333
A8: Olmsted Falls B | B8: South Range Academic Challenge | C8: IS103A | D8: 278.3 | E8: 17.1 | F8: =7/6 -> 1.1666667
A9: Olmsted Falls C | B9: South Range Academic Challenge | C9: IS103A | D9: 179.2 | E9: 16.46 | F9: 1
A10: Solon A | B10: South Range Academic Challenge | C10: IS103A | D10: 535.8 | E10: 23.55 | F10: =32/6 -> 5.3333333
A11: Solon B | B11: South Range Academic Challenge | C11: IS103A | D11: 235.8 | E11: 18.4 | F11: =12/6 -> 2
A12: Solon C | B12: South Range Academic Challenge | C12: IS103A | D12: 120.8 | E12: 13.12 | F12: =8/6 -> 1.3333333
A13: TCTC | B13: South Range Academic Challenge | C13: IS103A | D13: 54.2 | E13: 11.25 | F13: =1/6 -> 0.16666667
A14: Warren G. Harding | B14: South Range Academic Challenge | C14: IS103A | D14: 535.8 | E14: 25.58 | F14: =40/6 -> 6.6666667
A15: Western Reserve | B15: South Range Academic Challenge | C15: IS103A | D15: 76.7 | E15: 11.9 | F15: =2/6 -> 0.33333333

Sheet IS106A
A1: Team | B1: Tourney | C1: Set | D1: PPG | E1: PPB | F1: 15PG
A2: Alexandria | B2: LSU Tiger Bowl I | C2: IS106A | D2: 65.8 | E2: 13.33 | F2: 0
A3: Burlington A | B3: Pre-Holiday Academic Tournament V | C3: IS106A | D3: 205.6 | E3: 17.97 | F3: 1
A4: Burlington B | B4: Pre-Holiday Academic Tournament V | C4: IS106A | D4: 118.8 | E4: 11.33 | F4: =3/8 -> 0.375
A5: C.E. Byrd | B5: LSU Tiger Bowl I | C5: IS106A | D5: 358.6 | E5: 20.86 | F5: =9/7 -> 1.2857143
A6: Catholic of Pointe Coupee A | B6: LSU Tiger Bowl I | C6: IS106A | D6: 132.9 | E6: 13.75 | F6: =2/7 -> 0.28571429
A7: Catholic of Pointe Coupee B | B7: LSU Tiger Bowl I | C7: IS106A | D7: 58.3 | E7: 11.11 | F7: 0
A8: Champlain Valley A | B8: Pre-Holiday Academic Tournament V | C8: IS106A | D8: 211.2 | E8: 19.15 | F8: =13/8 -> 1.625
A9: Champlain Valley B | B9: Pre-Holiday Academic Tournament V | C9: IS106A | D9: 114.4 | E9: 11.9 | F9: =3/8 -> 0.375
A10: Colebrook A | B10: Pre-Holiday Academic Tournament V | C10: IS106A | D10: 85.6 | E10: 10.29 | F10: =1/8 -> 0.125
A11: Colebrook B | B11: Pre-Holiday Academic Tournament V | C11: IS106A | D11: 46.2 | E11: 5.77 | F11: 0
A12: Colton-Pierrepont A | B12: Pre-Holiday Academic Tournament V | C12: IS106A | D12: 138.1 | E12: 13.06 | F12: =1/8 -> 0.125
A13: Colton-Pierrepont B | B13: Pre-Holiday Academic Tournament V | C13: IS106A | D13: 61.9 | E13: 8.04 | F13: =2/8 -> 0.25
A14: Colton-Pierrepont C | B14: Pre-Holiday Academic Tournament V | C14: IS106A | D14: 33.1 | E14: 9.64 | F14: 0
A15: Dutchtown A | B15: LSU Tiger Bowl I | C15: IS106A | D15: 252.9 | E15: 18.55 | F15: =6/7 -> 0.85714286
A16: Dutchtown B | B16: LSU Tiger Bowl I | C16: IS106A | D16: 146.7 | E16: 19.03 | F16: =3/6 -> 0.5
A17: E.D. White Catholic | B17: LSU Tiger Bowl I | C17: IS106A | D17: 206.7 | E17: 18.44 | F17: 0.5
A18: Emma Willard A | B18: Pre-Holiday Academic Tournament V | C18: IS106A | D18: 121.9 | E18: 12.16 | F18: =2/8 -> 0.25
A19: Essex A | B19: Pre-Holiday Academic Tournament V | C19: IS106A | D19: 206.2 | E19: 18.28 | F19: =9/8 -> 1.125
A20: Essex B (Heavy Medals) | B20: Pre-Holiday Academic Tournament V | C20: IS106A | D20: 80.6 | E20: 11.45 | F20: =3/8 -> 0.375
A21: Essex C (Fab 4.5) | B21: Pre-Holiday Academic Tournament V | C21: IS106A | D21: 128.1 | E21: 13.22 | F21: 0.5
A22: Essex D (Rah Rah Rasputins) | B22: Pre-Holiday Academic Tournament V | C22: IS106A | D22: 115 | E22: 12.44 | F22: =2/8 -> 0.25
A23: Fair Haven A | B23: Pre-Holiday Academic Tournament V | C23: IS106A | D23: 96.2 | E23: 10.95 | F23: =2/8 -> 0.25
A24: Fair Haven B | B24: Pre-Holiday Academic Tournament V | C24: IS106A | D24: 38.1 | E24: 5 | F24: =1/8 -> 0.125
A25: Fair Haven C | B25: Pre-Holiday Academic Tournament V | C25: IS106A | D25: 75 | E25: 7.94 | F25: =1/8 -> 0.125
A26: Gorham A | B26: Pre-Holiday Academic Tournament V | C26: IS106A | D26: 139 | E26: 14.64 | F26: =6/5 -> 1.2
A27: Grand Coteau Sacred Heart | B27: LSU Tiger Bowl I | C27: IS106A | D27: 122.9 | E27: 17.1 | F27: 1
A28: Hanover A | B28: Pre-Holiday Academic Tournament V | C28: IS106A | D28: 435 | E28: 24.53 | F28: =44/8 -> 5.5
A29: Hanover B | B29: Pre-Holiday Academic Tournament V | C29: IS106A | D29: 106.4 | E29: 10.14 | F29: =6/7 -> 0.85714286
A30: Lafayette A | B30: LSU Tiger Bowl I | C30: IS106A | D30: 373.6 | E30: 20.77 | F30: 2
A31: Lafayette B | B31: LSU Tiger Bowl I | C31: IS106A | D31: 200.7 | E31: 16.11 | F31: =5/7 -> 0.71428571
A32: Lusher | B32: LSU Tiger Bowl I | C32: IS106A | D32: 226.4 | E32: 17.88 | F32: =4/7 -> 0.57142857
A33: Middlebury A | B33: Pre-Holiday Academic Tournament V | C33: IS106A | D33: 326.2 | E33: 21.62 | F33: =28/8 -> 3.5
A34: Middlebury B | B34: Pre-Holiday Academic Tournament V | C34: IS106A | D34: 97.5 | E34: 11.76 | F34: =5/8 -> 0.625
A35: Montpelier A | B35: Pre-Holiday Academic Tournament V | C35: IS106A | D35: 90.6 | E35: 13.44 | F35: =2/8 -> 0.25
A36: Montpelier B | B36: Pre-Holiday Academic Tournament V | C36: IS106A | D36: 61.9 | E36: 8.52 | F36: =1/8 -> 0.125
A37: Montpelier C | B37: Pre-Holiday Academic Tournament V | C37: IS106A | D37: 77.5 | E37: 10.16 | F37: =2/8 -> 0.25
A38: Mt. Abraham A | B38: Pre-Holiday Academic Tournament V | C38: IS106A | D38: 243.1 | E38: 19.54 | F38: 1
A39: Mt. Abraham B | B39: Pre-Holiday Academic Tournament V | C39: IS106A | D39: 103.8 | E39: 8.67 | F39: 0
A40: Mt. Abraham C | B40: Pre-Holiday Academic Tournament V | C40: IS106A | D40: 91.9 | E40: 8.59 | F40: =2/8 -> 0.25
A41: Mt. Abraham D | B41: Pre-Holiday Academic Tournament V | C41: IS106A | D41: 67.5 | E41: 9.29 | F41: =1/8 -> 0.125
A42: Mt. Mansfield A | B42: Pre-Holiday Academic Tournament V | C42: IS106A | D42: 178.8 | E42: 17.74 | F42: =6/8 -> 0.75
A43: Mt. Mansfield B | B43: Pre-Holiday Academic Tournament V | C43: IS106A | D43: 105 | E43: 15.45 | F43: =9/8 -> 1.125
A44: North Country A | B44: Pre-Holiday Academic Tournament V | C44: IS106A | D44: 86.2 | E44: 9.32 | F44: 0
A45: Pensacola | B45: LSU Tiger Bowl I | C45: IS106A | D45: 346.4 | E45: 21.64 | F45: =16/7 -> 2.2857143
A46: Queensbury A | B46: Pre-Holiday Academic Tournament V | C46: IS106A | D46: 204.4 | E46: 16.13 | F46: 2
A47: Queensbury B | B47: Pre-Holiday Academic Tournament V | C47: IS106A | D47: 85 | E47: 10.59 | F47: =1/8 -> 0.125
A48: Rice A | B48: Pre-Holiday Academic Tournament V | C48: IS106A | D48: 110.6 | E48: 13.51 | F48: =5/8 -> 0.625
A49: Rice B | B49: Pre-Holiday Academic Tournament V | C49: IS106A | D49: 65.8 | E49: 9.05 | F49: =2/6 -> 0.33333333
A50: Rice C | B50: Pre-Holiday Academic Tournament V | C50: IS106A | D50: 86.2 | E50: 12.19 | F50: 0.5
A51: South Burlington A | B51: Pre-Holiday Academic Tournament V | C51: IS106A | D51: 396.9 | E51: 21.86 | F51: =32/8 -> 4
A52: South Burlington B | B52: Pre-Holiday Academic Tournament V | C52: IS106A | D52: 235 | E52: 15.41 | F52: =12/8 -> 1.5
A53: South Burlington C | B53: Pre-Holiday Academic Tournament V | C53: IS106A | D53: 90 | E53: 10.27 | F53: =3/8 -> 0.375
A54: South Burlington D | B54: Pre-Holiday Academic Tournament V | C54: IS106A | D54: 93.1 | E54: 8.9 | F54: =5/8 -> 0.625
A55: South Burlington E | B55: Pre-Holiday Academic Tournament V | C55: IS106A | D55: 137.5 | E55: 14.89 | F55: =5/8 -> 0.625
A56: South Burlington F | B56: Pre-Holiday Academic Tournament V | C56: IS106A | D56: 133.1 | E56: 13.59 | F56: 1
A57: South Burlington G | B57: Pre-Holiday Academic Tournament V | C57: IS106A | D57: 66.9 | E57: 7.19 | F57: =1/8 -> 0.125
A58: South Burlington H | B58: Pre-Holiday Academic Tournament V | C58: IS106A | D58: 156.9 | E58: 11.64 | F58: 0.5
A59: South Burlington I | B59: Pre-Holiday Academic Tournament V | C59: IS106A | D59: 116.9 | E59: 10.43 | F59: 0
A60: Spaulding | B60: Pre-Holiday Academic Tournament V | C60: IS106A | D60: 146.2 | E60: 14.89 | F60: =3/8 -> 0.375
A61: Ticonderoga A (Mother Russia) | B61: Pre-Holiday Academic Tournament V | C61: IS106A | D61: 105 | E61: 10.75 | F61: =5/8 -> 0.625
A62: Ticonderoga B (Maritime Tropical) | B62: Pre-Holiday Academic Tournament V | C62: IS106A | D62: 99.4 | E62: 12.22 | F62: =3/8 -> 0.375
A63: Winooski A | B63: Pre-Holiday Academic Tournament V | C63: IS106A | D63: 35 | E63: 6.47 | F63: =1/8 -> 0.125
A64: Winooski B | B64: Pre-Holiday Academic Tournament V | C64: IS106A | D64: 25.6 | E64: 6 | F64: 0
A65: Woodstock A | B65: Pre-Holiday Academic Tournament V | C65: IS106A | D65: 95 | E65: 10.54 | F65: 0

Sheet IS107
A1: Team | B1: Tourney | C1: Set | D1: PPG | E1: PPB | F1: 15PG
A2: Amherst Central A | B2: Bull Bowl | C2: IS107 | D2: 145.5 | E2: 10 | F2: =8/11 -> 0.72727273
A3: Amherst Central B | B3: Bull Bowl | C3: IS107 | D3: 117 | E3: 8.44 | F3: 1
A4: Arcadia A | B4: UCLA TWAIN | C4: IS107 | D4: 403.5 | E4: 20.95 | F4: 4.6
A5: Arcadia B | B5: UCLA TWAIN | C5: IS107 | D5: 385 | E5: 19.37 | F5: 5.2
A6: Arcadia C | B6: UCLA TWAIN | C6: IS107 | D6: 177.5 | E6: 13.75 | F6: 1.6
A7: Arcadia D | B7: UCLA TWAIN | C7: IS107 | D7: 223.5 | E7: 15.41 | F7: 3.3
A8: Arcadia E | B8: UCLA TWAIN | C8: IS107 | D8: 127.5 | E8: 11.1 | F8: 1.3
A9: Arcadia F | B9: UCLA TWAIN | C9: IS107 | D9: 175.5 | E9: 14.71 | F9: 2.3
A10: Armstrong A | B10: GINVIT | C10: IS107 | D10: 277 | E10: 15.05 | F10: 3
A11: Armstrong B | B11: GINVIT | C11: IS107 | D11: 149.5 | E11: 10.58 | F11: 1.2
A12: Armstrong C | B12: GINVIT | C12: IS107 | D12: 123.5 | E12: 9.53 | F12: 0.6
A13: Armstrong D | B13: GINVIT | C13: IS107 | D13: 98.9 | E13: 6.67 | F13: 0.7
A14: Armstrong E | B14: GINVIT | C14: IS107 | D14: 33.9 | E14: 5 | F14: 0.2
A15: Bellaire A | B15: Texas Kickoff Classic | C15: IS107 | D15: 325 | E15: 19.48 | F15: =32/8 -> 4
A16: Bellaire B | B16: Texas Kickoff Classic | C16: IS107 | D16: 308.8 | E16: 16.32 | F16: =26/8 -> 3.25
A17: Bergen A | B17: PHSAT | C17: IS107 | D17: 315 | E17: 16.11 | F17: 2
A18: Bergen B | B18: PHSAT | C18: IS107 | D18: 160 | E18: 13.57 | F18: =6/8 -> 0.75
A19: Berryhill | B19: Tulsa Fall Challenge | C19: IS107 | D19: 76.7 | E19: 10 | F19: 0
A20: Biotech A | B20: PHSAT | C20: IS107 | D20: 131.2 | E20: 12.83 | F20: =6/8 -> 0.75
A21: Biotech B | B21: PHSAT | C21: IS107 | D21: 36.2 | E21: 8.82 | F21: 0
A22: Biotech C | B22: PHSAT | C22: IS107 | D22: 21.9 | E22: 3.33 | F22: 0.5
A23: Bishop Kelly A | B23: Boise State Treasure Valley Tournament III | C23: IS107 | D23: 170.6 | E23: 13.73 | F23: =11/8 -> 1.375
A24: Bishop Kelly B | B24: Boise State Treasure Valley Tournament III | C24: IS107 | D24: 27.5 | E24: 3.53 | F24: =2/8 -> 0.25
A25: Blair | B25: Maryland Fall HS Tournament | C25: IS107 | D25: 408.8 | E25: 22 | F25: =79/12 -> 6.5833333
A26: Blair A | B26: PHSAT | C26: IS107 | D26: 131.2 | E26: 8.07 | F26: =11/8 -> 1.375
A27: Blair B | B27: PHSAT | C27: IS107 | D27: 75.6 | E27: 7.84 | F27: 0.5
A28: Blair C | B28: PHSAT | C28: IS107 | D28: 56.2 | E28: 5.76 | F28: =2/8 -> 0.25
A29: Brashear | B29: SAGACITY VII | C29: IS107 | D29: 104.7 | E29: 8.39 | F29: =6/11 -> 0.54545455
A30: Broughton | B30: Quaker Bowl | C30: IS107 | D30: 37 | E30: 8 | F30: =4/5 -> 0.8
A31: Caesar Rodney | B31: Maryland Fall HS Tournament | C31: IS107 | D31: 116 | E31: 10.89 | F31: =8/10 -> 0.8
A32: Camp Hill | B32: SAGACITY VII | C32: IS107 | D32: 326.1 | E32: 15.79 | F32: =31/11 -> 2.8181818
A33: Carlisle | B33: Quaker Bowl | C33: IS107 | D33: 126.2 | E33: 9.61 | F33: 1
A34: Carrboro A | B34: Quaker Bowl | C34: IS107 | D34: 178.5 | E34: 11.98 | F34: 1.6
A35: Centennial A | B35: Maryland Fall HS Tournament | C35: IS107 | D35: 186.1 | E35: 13.77 | F35: =20/9 -> 2.2222222
A36: Centennial B | B36: Maryland Fall HS Tournament | C36: IS107 | D36: 146.1 | E36: 12.13 | F36: =10/9 -> 1.1111111
A37: Centennial C | B37: Maryland Fall HS Tournament | C37: IS107 | D37: 90 | E37: 8 | F37: =9/9 -> 1
A38: Centennial D | B38: Maryland Fall HS Tournament | C38: IS107 | D38: 65.6 | E38: 8.28 | F38: =4/9 -> 0.44444444
A39: Central | B39: GINVIT | C39: IS107 | D39: 438.2 | E39: 21.05 | F39: =64/11 -> 5.8181818
A40: Chanhassen Blue | B40: GINVIT | C40: IS107 | D40: 150 | E40: 13.65 | F40: 0.7
A41: Chanhassen Gold | B41: GINVIT | C41: IS107 | D41: 114.5 | E41: 9.18 | F41: 0.6
A42: Chapel Hill | B42: Quaker Bowl | C42: IS107 | D42: 154 | E42: 11.1 | F42: 1.2
A43: Charter B | B43: PHSAT | C43: IS107 | D43: =((186.7*3)+(319.4*8))/11 -> 283.20909 | E43: =(340+1580)/(22+91) -> 16.99115 | F43: 3
A44: Chaska A | B44: GINVIT | C44: IS107 | D44: 332.3 | E44: 19.27 | F44: =40/11 -> 3.6363636
A45: Chaska B | B45: GINVIT | C45: IS107 | D45: 179 | E45: 12.72 | F45: 2.4
A46: Chaska C | B46: GINVIT | C46: IS107 | D46: 159.5 | E46: 10.53 | F46: 1.1
A47: Chaska D | B47: GINVIT | C47: IS107 | D47: 97.2 | E47: 7.69 | F47: 0.4
A48: Chaska E | B48: GINVIT | C48: IS107 | D48: 129 | E48: 10.29 | F48: 0.9
A49: Chaska F | B49: GINVIT | C49: IS107 | D49: 86.5 | E49: 7.4 | F49: 1.1
A50: Cistercian A | B50: Texas Kickoff Classic | C50: IS107 | D50: 395.5 | E50: 21.07 | F50: 5.5
A51: Cistercian B | B51: Texas Kickoff Classic | C51: IS107 | D51: 479.5 | E51: 22.45 | F51: 6.2
A52: Claremore A | B52: Tulsa Fall Challenge | C52: IS107 | D52: 211.7 | E52: 12.5 | F52: 1
A53: Claremore B | B53: Tulsa Fall Challenge | C53: IS107 | D53: 57.5 | E53: 9.5 | F53: 0
A54: Clarence A | B54: Bull Bowl | C54: IS107 | D54: 136.5 | E54: 9.58 | F54: 0.7
A55: Clarence B | B55: Bull Bowl | C55: IS107 | D55: 52.5 | E55: 6 | F55: 0.1
A56: Classen A | B56: Tulsa Fall Challenge | C56: IS107 | D56: 150.8 | E56: 11.19 | F56: =10/7 -> 1.4285714
A57: Classen B | B57: Tulsa Fall Challenge | C57: IS107 | D57: 28.3 | E57: 5.91 | F57: =2/7 -> 0.28571429
A58: Clayton A | B58: Missouri Fall | C58: IS107 | D58: 327 | E58: 17.1 | F58: 2.8
A59: Clayton B | B59: Missouri Fall | C59: IS107 | D59: 284.5 | E59: 14.4 | F59: 1.7
A60: Clements A | B60: Texas Kickoff Classic | C60: IS107 | D60: 190 | E60: 12.41 | F60: =17/7 -> 2.4285714
A61: Clements C | B61: Texas Kickoff Classic | C61: IS107 | D61: 75.7 | E61: 10.19 | F61: =3/7 -> 0.42857143
A62: Colonia | B62: PHSAT | C62: IS107 | D62: 90.6 | E62: 7.38 | F62: =6/8 -> 0.75
A63: Columbia A | B63: DAR High School Opener | C63: IS107 | D63: 65.8 | E63: 10.24 | F63: =3/8 -> 0.375
A64: Columbia Independent School | B64: Missouri Fall | C64: IS107 | D64: 141.5 | E64: 9.3 | F64: 1.3
A65: Cooper A | B65: GINVIT | C65: IS107 | D65: 174.5 | E65: 12.5 | F65: 1
A66: Cooper B | B66: GINVIT | C66: IS107 | D66: 102.5 | E66: 7.46 | F66: 1.6
A67: Culver | B67: Culver Varsity | C67: IS107 | D67: 405.8 | E67: 22.33 | F67: =68/12 -> 5.6666667
A68: Dade County A | B68: DAR High School Opener | C68: IS107 | D68: 49 | E68: 8.57 | F68: 0
A69: DAR A | B69: DAR High School Opener | C69: IS107 | D69: 171 | E69: 13.16 | F69: =2/8 -> 0.25
A70: DCC A | B70: Culver Varsity | C70: IS107 | D70: 462.5 | E70: 24.14 | F70: =89/12 -> 7.4166667
A71: DCC B | B71: Culver Varsity | C71: IS107 | D71: 339.5 | E71: 19.05 | F71: 4.6
A72: Dixon A | B72: Missouri Fall | C72: IS107 | D72: 132 | E72: 11.1 | F72: 0.4
A73: Dixon B | B73: Missouri Fall | C73: IS107 | D73: 39.5 | E73: 2.1 | F73: 0.2
A74: Drummond | B74: Tulsa Fall Challenge | C74: IS107 | D74: 215 | E74: 13.28 | F74: =4/9 -> 0.44444444
A75: East Chapel Hill A | B75: Quaker Bowl | C75: IS107 | D75: 378.6 | E75: 20.15 | F75: =47/11 -> 4.2727273
A76: Eden Prairie A | B76: GINVIT | C76: IS107 | D76: 250 | E76: 16.74 | F76: 2
A77: Eden Prairie B | B77: GINVIT | C77: IS107 | D77: 146 | E77: 10.87 | F77: 0.8
A78: Eden Prairie C | B78: GINVIT | C78: IS107 | D78: 144.5 | E78: 11.52 | F78: 1
A79: Edmond Memorial A | B79: Tulsa Fall Challenge | C79: IS107 | D79: 286.7 | E79: 16.21 | F79: 1.2
A80: Edmond Memorial B | B80: Tulsa Fall Challenge | C80: IS107 | D80: 185.8 | E80: 10.37 | F80: 0.9
A81: Edmond Santa Fe | B81: Tulsa Fall Challenge | C81: IS107 | D81: 172.5 | E81: 11.6 | F81: =13/8 -> 1.625
A82: Elizabeth Seton | B82: Maryland Fall HS Tournament | C82: IS107 | D82: 28.9 | E82: 1.82 | F82: =4/9 -> 0.44444444
A83: Enloe A | B83: Quaker Bowl | C83: IS107 | D83: 365 | E83: 20.31 | F83: =48/11 -> 4.3636364
A84: Enloe B | B84: Quaker Bowl | C84: IS107 | D84: 101.5 | E84: 10.66 | F84: 0.5
A85: Ezell-Harding A | B85: DAR High School Opener | C85: IS107 | D85: 378.1 | E85: 19.4 | F85: =26/8 -> 3.25
A86: Ezell-Hardling B | B86: DAR High School Opener | C86: IS107 | D86: 126 | E86: 12.07 | F86: =7/8 -> 0.875
A87: Freedom | B87: Quaker Bowl | C87: IS107 | D87: 182.2 | E87: 12 | F87: =15/9 -> 1.6666667
A88: Frenchtown | B88: Boise State Treasure Valley Tournament III | C88: IS107 | D88: 314.4 | E88: 17.53 | F88: 3
A89: Gadsden City A | B89: DAR High School Opener | C89: IS107 | D89: 218.1 | E89: 16.15 | F89: =14/8 -> 1.75
A90: GDS A | B90: Maryland Fall HS Tournament | C90: IS107 | D90: 407.9 | E90: 21.76 | F90: =80/12 -> 6.6666667
A91: GDS B | B91: Maryland Fall HS Tournament | C91: IS107 | D91: 96.7 | E91: 10.23 | F91: =7/9 -> 0.77777778
A92: George Ranch | B92: Texas Kickoff Classic | C92: IS107 | D92: 183.1 | E92: 12.31 | F92: =11/8 -> 1.375
A93: Gonzaga | B93: Maryland Fall HS Tournament | C93: IS107 | D93: 266 | E93: 16.08 | F93: =31/10 -> 3.1
A94: Great Neck South A | B94: PHSAT | C94: IS107 | D94: 384.1 | E94: 18.88 | F94: =42/11 -> 3.8181818
A95: Great Neck South B | B95: PHSAT | C95: IS107 | D95: 217.3 | E95: 15 | F95: =23/11 -> 2.0909091
A96: Great Neck South C | B96: PHSAT | C96: IS107 | D96: 49.4 | E96: 4.29 | F96: =1/8 -> 0.125
A97: Green Hope A | B97: Quaker Bowl | C97: IS107 | D97: 280 | E97: 17.65 | F97: =25/12 -> 2.0833333
A98: Grimsley A | B98: Quaker Bowl | C98: IS107 | D98: 131 | E98: 12.59 | F98: =4/5 -> 0.8
A99: Grimsley B | B99: Quaker Bowl | C99: IS107 | D99: 82 | E99: 11.58 | F99: =4/5 -> 0.8
A100: Hallsville | B100: Missouri Fall | C100: IS107 | D100: 166 | E100: 9.9 | F100: 1.2
...

Sheet IS108A
A1: Team | B1: Tourney | C1: Set | D1: PPG | E1: PPB | F1: 15PG
A2: Altamont | B2: William Rufus King Memorial | C2: IS108A | D2: 264.5 | E2: 18.02 | F2: 3
A3: Athens | B3: SOCIAL | C3: IS108A | D3: 170.3 | E3: 12.59 | F3: =6/8 -> 0.75
A4: Beachwood B | B4: BRAVE Falcon | C4: IS108A | D4: 471.4 | E4: 24.81 | F4: =52/7 -> 7.4285714
A5: Belleville | B5: Wisconsin Fall | C5: IS108A | D5: 240 | E5: 15.31 | F5: 2.1
A6: Blaine A | B6: SOCIAL | C6: IS108A | D6: 74.6 | E6: 7.14 | F6: =2/7 -> 0.28571429
A7: Blue Ridge | B7: Crusader Cup | C7: IS108A | D7: 180 | E7: 15.71 | F7: n/a
A8: Branford | B8: Rickards Brain Bowl | C8: IS108A | D8: 150 | E8: 12.56 | F8: =8/6 -> 1.3333333
A9: Cashion | B9: L.L. Lewis Cup | C9: IS108A | D9: 75.8 | E9: 10.22 | F9: =1/7 -> 0.14285714
A10: Chanhassen A | B10: SOCIAL | C10: IS108A | D10: 174.6 | E10: 13.8 | F10: =3/7 -> 0.42857143
A11: Chanhassen B | B11: SOCIAL | C11: IS108A | D11: 184.7 | E11: 15.31 | F11: =12/8 -> 1.5
A12: Chapman A | B12: Crusader Cup | C12: IS108A | D12: 138.6 | E12: 18.53 | F12: n/a
A13: Charles F. Brush A | B13: BRAVE Falcon | C13: IS108A | D13: 220.1 | E13: 15.4 | F13: =20/6 -> 3.3333333
A14: Charles F. Brush B | B14: BRAVE Falcon | C14: IS108A | D14: 154.2 | E14: 14.13 | F14: =8/6 -> 1.3333333
A15: Chaska A | B15: SOCIAL | C15: IS108A | D15: 373.8 | E15: 21.22 | F15: =53/11 -> 4.8181818
A16: Chaska B | B16: SOCIAL | C16: IS108A | D16: 242.1 | E16: 18.19 | F16: =19/8 -> 2.375
A17: Chaska C | B17: SOCIAL | C17: IS108A | D17: 148.4 | E17: 13.02 | F17: =12/8 -> 1.5
A18: Chaska D | B18: SOCIAL | C18: IS108A | D18: 160.5 | E18: 15.32 | F18: =3/8 -> 0.375
A19: Chaska E | B19: SOCIAL | C19: IS108A | D19: 123 | E19: 13.49 | F19: =12/7 -> 1.7142857
A20: Columbia A | B20: William Rufus King Memorial | C20: IS108A | D20: 118.5 | E20: 10.69 | F20: 0.4
A21: D. W. Daniel | B21: Crusader Cup | C21: IS108A | D21: 257.1 | E21: 19.51 | F21: n/a
A22: Detroit Catholic Central A | B22: BRAVE Falcon | C22: IS108A | D22: 415.5 | E22: 22.65 | F22: =42/7 -> 6
A23: Detroit Catholic Central B | B23: BRAVE Falcon | C23: IS108A | D23: 301.4 | E23: 18.11 | F23: =25/6 -> 4.1666667
A24: Divine Child A | B24: BRAVE Falcon | C24: IS108A | D24: 121.7 | E24: 14.83 | F24: =4/5 -> 0.8
A25: Divine Child B | B25: BRAVE Falcon | C25: IS108A | D25: 96.5 | E25: 11.56 | F25: 1
A26: Dorman C | B26: Crusader Cup | C26: IS108A | D26: 487.1 | E26: 23.11 | F26: n/a
A27: Dorman C | B27: Crusader Cup | C27: IS108A | D27: 244.3 | E27: 15.15 | F27: n/a
A28: Dorman D | B28: Crusader Cup | C28: IS108A | D28: 298.6 | E28: 20.74 | F28: n/a
A29: Dorman D | B29: Crusader Cup | C29: IS108A | D29: 168.6 | E29: 16.82 | F29: n/a
A30: Drummond | B30: L.L. Lewis Cup | C30: IS108A | D30: 259.2 | E30: 13.85 | F30: =15/8 -> 1.875
A31: Eastside A | B31: Rickards Brain Bowl | C31: IS108A | D31: 309.4 | E31: 20.05 | F31: =24/9 -> 2.6666667
A32: Eastside B | B32: Rickards Brain Bowl | C32: IS108A | D32: 217.1 | E32: 16.67 | F32: =8/7 -> 1.1428571
A33: Eastside C | B33: Rickards Brain Bowl | C33: IS108A | D33: 150.8 | E33: 11.83 | F33: =7/6 -> 1.1666667
A34: Eden Prairie A | B34: SOCIAL | C34: IS108A | D34: 331 | E34: 20.05 | F34: =22/9 -> 2.4444444
A35: Eden Prairie B | B35: SOCIAL | C35: IS108A | D35: 177.7 | E35: 15.1 | F35: =2/7 -> 0.28571429
A36: Edmond Memorial | B36: L.L. Lewis Cup | C36: IS108A | D36: 360.8 | E36: 18.92 | F36: =16/9 -> 1.7777778
A37: Edmond Santa Fe | B37: L.L. Lewis Cup | C37: IS108A | D37: 253.3 | E37: 15.86 | F37: =13/7 -> 1.8571429
A38: FSUS | B38: Rickards Brain Bowl | C38: IS108A | D38: 97.5 | E38: 12.31 | F38: =4/6 -> 0.66666667
A39: Greenville | B39: Crusader Cup | C39: IS108A | D39: 170 | E39: 19.02 | F39: n/a
A40: Greenville Technical A | B40: Crusader Cup | C40: IS108A | D40: 304.3 | E40: 21.79 | F40: n/a
A41: Hilldale | B41: L.L. Lewis Cup | C41: IS108A | D41: 163.3 | E41: 12.56 | F41: =7/8 -> 0.875
A42: Hoover A | B42: William Rufus King Memorial | C42: IS108A | D42: 370.5 | E42: 21.39 | F42: 3.3
A43: Hoover B | B43: William Rufus King Memorial | C43: IS108A | D43: 356.5 | E43: 21.31 | F43: 3.4
A44: Hoover C | B44: William Rufus King Memorial | C44: IS108A | D44: 177 | E44: 15.21 | F44: 2.2
A45: Hoover D | B45: William Rufus King Memorial | C45: IS108A | D45: 106 | E45: 11.49 | F45: 0.7
A46: Hoover E | B46: William Rufus King Memorial | C46: IS108A | D46: 131 | E46: 11.11 | F46: 1
A47: Hoover F | B47: William Rufus King Memorial | C47: IS108A | D47: 101.5 | E47: 10.2 | F47: 0.6
A48: Hopkins | B48: SOCIAL | C48: IS108A | D48: 260 | E48: 19.73 | F48: =21/9 -> 2.3333333
A49: Hudson A | B49: SOCIAL | C49: IS108A | D49: 146.9 | E49: 14 | F49: =4/7 -> 0.57142857
A50: Hudson B | B50: SOCIAL | C50: IS108A | D50: 163.6 | E50: 14.12 | F50: =10/7 -> 1.4285714
A51: Indian Springs | B51: William Rufus King Memorial | C51: IS108A | D51: 326.1 | E51: 19.49 | F51: 3
A52: James Island | B52: Crusader Cup | C52: IS108A | D52: 320 | E52: 19.47 | F52: n/a
A53: John F. Kennedy | B53: SOCIAL | C53: IS108A | D53: 152.4 | E53: 12.98 | F53: =9/7 -> 1.2857143
A54: Kingfisher | B54: L.L. Lewis Cup | C54: IS108A | D54: 171.7 | E54: 12.89 | F54: =4/9 -> 0.44444444
A55: Kremlin-Hillsdale | B55: L.L. Lewis Cup | C55: IS108A | D55: 194.2 | E55: 13.1 | F55: =7/8 -> 0.875
A56: La Crosse Logan A | B56: Wisconsin Fall | C56: IS108A | D56: 306.7 | E56: 16.49 | F56: =17/9 -> 1.8888889
A57: La Crosse Logan B | B57: Wisconsin Fall | C57: IS108A | D57: 214.5 | E57: 13.67 | F57: 1.5
A58: La Crosse Logan C | B58: Wisconsin Fall | C58: IS108A | D58: 48.8 | E58: 5 | F58: =1/8 -> 0.125
A59: La Crosse Logan D | B59: Wisconsin Fall | C59: IS108A | D59: 70 | E59: 7.5 | F59: =2/9 -> 0.22222222
A60: LAMP | B60: William Rufus King Memorial | C60: IS108A | D60: 253.5 | E60: 18.86 | F60: 2.1
A61: Lawton Chiles A | B61: Rickards Brain Bowl | C61: IS108A | D61: 267.9 | E61: 17.25 | F61: =14/7 -> 2
A62: Lawton Chiles B | B62: Rickards Brain Bowl | C62: IS108A | D62: 348.3 | E62: 19.52 | F62: =34/9 -> 3.7777778
A63: Lawton Chiles C | B63: Rickards Brain Bowl | C63: IS108A | D63: 140 | E63: 11.15 | F63: =4/6 -> 0.66666667
A64: Leon A | B64: Rickards Brain Bowl | C64: IS108A | D64: 188.6 | E64: 15 | F64: =9/7 -> 1.2857143
A65: Leon B | B65: Rickards Brain Bowl | C65: IS108A | D65: 158.3 | E65: 16.57 | F65: =7/6 -> 1.1666667
A66: Maclay A | B66: Rickards Brain Bowl | C66: IS108A | D66: 401.7 | E66: 19.66 | F66: =46/9 -> 5.1111111
A67: Maclay B | B67: Rickards Brain Bowl | C67: IS108A | D67: 195 | E67: 12.92 | F67: =12/9 -> 1.3333333
A68: Minnetonka A | B68: SOCIAL | C68: IS108A | D68: 246.7 | E68: 16.43 | F68: =24/9 -> 2.6666667
A69: Minnetonka B | B69: SOCIAL | C69: IS108A | D69: 126.5 | E69: 10.47 | F69: 1
A70: Minnetonka C | B70: SOCIAL | C70: IS108A | D70: 135.1 | E70: 11.43 | F70: =2/7 -> 0.28571429
A71: Mounds Park A | B71: SOCIAL | C71: IS108A | D71: 325.3 | E71: 20.23 | F71: =47/11 -> 4.2727273
A72: Mounds Park B | B72: SOCIAL | C72: IS108A | D72: 301.8 | E72: 17 | F72: =28/8 -> 3.5
A73: Mounds Park C | B73: SOCIAL | C73: IS108A | D73: 76.2 | E73: 10 | F73: =3/7 -> 0.42857143
A74: Oak Hall | B74: Rickards Brain Bowl | C74: IS108A | D74: 255.7 | E74: 17.15 | F74: =25/7 -> 3.5714286
A75: Oakbrook | B75: Crusader Cup | C75: IS108A | D75: 230 | E75: 14.77 | F75: n/a
A76: Olmsted Falls A | B76: BRAVE Falcon | C76: IS108A | D76: 451 | E76: 25.09 | F76: =72/8 -> 9
A77: Olmsted Falls B | B77: BRAVE Falcon | C77: IS108A | D77: 259.7 | E77: 18.52 | F77: =23/6 -> 3.8333333
A78: Onalaska A | B78: Wisconsin Fall | C78: IS108A | D78: 123.3 | E78: 11.35 | F78: =4/9 -> 0.44444444
A79: Onalaska B | B79: Wisconsin Fall | C79: IS108A | D79: 123.5 | E79: 10.85 | F79: 0.5
A80: Oshkosh West A | B80: Wisconsin Fall | C80: IS108A | D80: 230.5 | E80: 14.95 | F80: 1.6
A81: Oshkosh West B | B81: Wisconsin Fall | C81: IS108A | D81: 131.1 | E81: 10.91 | F81: =8/9 -> 0.88888889
A82: Oshkosh West C | B82: Wisconsin Fall | C82: IS108A | D82: 61.1 | E82: 5.88 | F82: =2/9 -> 0.22222222
A83: Ottawa Hills A | B83: BRAVE Falcon | C83: IS108A | D83: 220.8 | E83: 16.75 | F83: =19/6 -> 3.1666667
A84: Ottawa Hills B | B84: BRAVE Falcon | C84: IS108A | D84: 70.1 | E84: 6.83 | F84: =5/6 -> 0.83333333
A85: Ponca City | B85: L.L. Lewis Cup | C85: IS108A | D85: 52.5 | E85: 8.82 | F85: 0
A86: Riverside A | B86: Crusader Cup | C86: IS108A | D86: 280 | E86: 21.61 | F86: n/a
A87: Riverside B | B87: Crusader Cup | C87: IS108A | D87: 190 | E87: 18.91 | F87: n/a
A88: Robbinsdale Armstrong A | B88: SOCIAL | C88: IS108A | D88: 277.2 | E88: 19.21 | F88: =21/8 -> 2.625
A89: Robbinsdale Armstrong B | B89: SOCIAL | C89: IS108A | D89: 198.7 | E89: 13.44 | F89: =15/8 -> 1.875
A90: Robbinsdale Armstrong C | B90: SOCIAL | C90: IS108A | D90: 126.8 | E90: 13.17 | F90: =5/7 -> 0.71428571
A91: Sand Creek B | B91: BRAVE Falcon | C91: IS108A | D91: 116.7 | E91: 14.15 | F91: =3/7 -> 0.42857143
A92: Seneca | B92: Crusader Cup | C92: IS108A | D92: 154.3 | E92: 14.55 | F92: n/a
A93: Southside A | B93: Crusader Cup | C93: IS108A | D93: 151.4 | E93: 17.18 | F93: n/a
A94: Southside Christian A | B94: Crusader Cup | C94: IS108A | D94: 207.1 | E94: 16.85 | F94: n/a
A95: St. Andrew's | B95: William Rufus King Memorial | C95: IS108A | D95: 461.5 | E95: 23.11 | F95: 4
A96: St. Thomas Academy A | B96: SOCIAL | C96: IS108A | D96: 400.4 | E96: 21.1 | F96: =42/11 -> 3.8181818
A97: St. Thomas Academy B | B97: SOCIAL | C97: IS108A | D97: 97.4 | E97: 9.47 | F97: =5/7 -> 0.71428571
A98: Stillwater | B98: L.L. Lewis Cup | C98: IS108A | D98: 265.8 | E98: 16.07 | F98: =11/9 -> 1.2222222
A99: Stoughton A | B99: Wisconsin Fall | C99: IS108A | D99: 228 | E99: 15.71 | F99: 1.2
A100: Stoughton B | B100: Wisconsin Fall | C100: IS108A | D100: 120.6 | E100: 10.28 | F100: =3/9 -> 0.33333333
...

Sheet IS109
A1: Team | B1: Tourney | C1: Set | D1: PPG | E1: PPB | F1: 15PG
A2: Alma Bryant | B2: Hoover Invitational | C2: IS109 | D2: 207.9 | E2: 13.02 | F2: =6/7 -> 0.85714286
A3: Altamont | B3: Hoover Invitational | C3: IS109 | D3: 349.4 | E3: 13.15 | F3: =34/8 -> 4.25
A4: Ames A | B4: Matt Cvijanovich Memorial Tournament | C4: IS109 | D4: 285.8 | E4: 17.76 | F4: =35/12 -> 2.9166667
A5: Ames B | B5: Matt Cvijanovich Memorial Tournament | C5: IS109 | D5: 269 | E5: 14.59 | F5: 1.5
A6: Ames C | B6: Matt Cvijanovich Memorial Tournament | C6: IS109 | D6: 162.8 | E6: 10.42 | F6: =13/9 -> 1.4444444
A7: Ames D | B7: Matt Cvijanovich Memorial Tournament | C7: IS109 | D7: 100 | E7: 6.94 | F7: 0.5
A8: Antonian | B8: TQBA Bayou City | C8: IS109 | D8: 193.3 | E8: 13.67 | F8: =19/9 -> 2.1111111
A9: Arab A | B9: Hoover Invitational | C9: IS109 | D9: 135 | E9: 10 | F9: =6/7 -> 0.85714286
A10: Arab B | B10: Hoover Invitational | C10: IS109 | D10: 140.7 | E10: 7.68 | F10: =5/7 -> 0.71428571
A11: Ardsley A | B11: LIFT XI | C11: IS109 | D11: 326 | E11: 20.61 | F11: =39/11 -> 3.5454545
A12: Ardsley B | B12: LIFT XI | C12: IS109 | D12: 73.3 | E12: 7.02 | F12: =3/9 -> 0.33333333
A13: ASFA | B13: Hoover Invitational | C13: IS109 | D13: 232.1 | E13: 13.68 | F13: =19/7 -> 2.7142857
A14: Auburn A | B14: IHSSBCA Kickoff at Wheaton North (Uber) | C14: IS109 | D14: 476.1 | E14: 23.12 | F14: =59/9 -> 6.5555556
A15: Auburn B | B15: IHSSBCA Kickoff at Wheaton North (Uber) | C15: IS109 | D15: 190.6 | E15: 12.9 | F15: =17/9 -> 1.8888889
A16: Auburn C | B16: IHSSBCA Kickoff at Wheaton North (Standard) | C16: IS109 | D16: 132.5 | E16: 5.67 | F16: 0.875
A17: Ballard | B17: Rowdy Raider | C17: IS109 | D17: 252 | E17: 16.08 | F17: 2.3
A18: Beauregard High | B18: Hoover Invitational | C18: IS109 | D18: 39.3 | E18: 3.33 | F18: 0
A19: Beavercreek | B19: Rowdy Raider | C19: IS109 | D19: 134 | E19: 11.08 | F19: 0.8
A20: Belvidere A | B20: IHSSBCA Kickoff at Sterling | C20: IS109 | D20: 111.2 | E20: 6.98 | F20: 0
A21: Belvidere B | B21: IHSSBCA Kickoff at Sterling | C21: IS109 | D21: 78.1 | E21: 3.66 | F21: =1/8 -> 0.125
A22: Belvidere North A | B22: IHSSBCA Kickoff at Sterling | C22: IS109 | D22: 466.7 | E22: 19.07 | F22: =48/9 -> 5.3333333
A23: Belvidere North B | B23: IHSSBCA Kickoff at Sterling | C23: IS109 | D23: 112.5 | E23: 5.2 | F23: =4/8 -> 0.5
A24: Bergen A | B24: LIFT XI | C24: IS109 | D24: 275.7 | E24: 16.22 | F24: =18/7 -> 2.5714286
A25: Bergen B | B25: LIFT XI | C25: IS109 | D25: 199.3 | E25: 12.95 | F25: =8/7 -> 1.1428571
A26: Bettendorf | B26: IHSSBCA Kickoff at Sterling | C26: IS109 | D26: 183.3 | E26: 9.04 | F26: =2/9 -> 0.22222222
A27: Bishop McNamara | B27: IHSSBCA Kickoff at Centennial | C27: IS109 | D27: 220.6 | E27: 11.82 | F27: =7/8 -> 0.875
A28: Bishop Moore | B28: Bishop Moore Catholic Challenge | C28: IS109 | D28: 92.2 | E28: 5.15 | F28: n/a
A29: Bloomington A | B29: IHSSBCA Kickoff at Centennial | C29: IS109 | D29: 300.6 | E29: 12.1 | F29: =18/8 -> 2.25
A30: Bloomington B | B30: IHSSBCA Kickoff at Centennial | C30: IS109 | D30: 143.8 | E30: 8.7 | F30: 1
A31: Bloomington Central Catholic A | B31: IHSSBCA Kickoff at Centennial | C31: IS109 | D31: 238.8 | E31: 11.22 | F31: =10/8 -> 1.25
A32: Bloomington Central Catholic B | B32: IHSSBCA Kickoff at Centennial | C32: IS109 | D32: 193.8 | E32: 9.76 | F32: =7/8 -> 0.875
A33: Blue Ridge | B33: IHSSBCA Kickoff at Centennial | C33: IS109 | D33: 80 | E33: 5.97 | F33: 0
A34: Boone A | B34: Matt Cvijanovich Memorial Tournament | C34: IS109 | D34: 68.1 | E34: 6.76 | F34: =2/8 -> 0.25
A35: Boone B | B35: Matt Cvijanovich Memorial Tournament | C35: IS109 | D35: 28.9 | E35: 1.3 | F35: =1/9 -> 0.11111111
A36: Bradley-Bourbonnais A | B36: IHSSBCA Kickoff at Centennial | C36: IS109 | D36: 257.2 | E36: 12.05 | F36: 2
A37: Bradley-Bourbonnais B | B37: IHSSBCA Kickoff at Centennial | C37: IS109 | D37: 111.2 | E37: 6.2 | F37: =2/8 -> 0.25
A38: Brashear | B38: Mellon Bowl | C38: IS109 | D38: 65.5 | E38: 7.84 | F38: 0.3
A39: Brentwood Academy | B39: Vanderbilt ABC 41 | C39: IS109 | D39: 95 | E39: 5.65 | F39: n/a
A40: Bridgeport A | B40: Mellon Bowl | C40: IS109 | D40: 321 | E40: 15.4 | F40: 2.7
A41: Bridgeport B | B41: Mellon Bowl | C41: IS109 | D41: 85.5 | E41: 5 | F41: =4/11 -> 0.36363636
A42: Bridgeport C | B42: Mellon Bowl | C42: IS109 | D42: 55 | E42: 3.33 | F42: 0
A43: Brindlee Mountain | B43: Hoover Invitational | C43: IS109 | D43: 201.4 | E43: 12.78 | F43: 2
A44: Brookwood A | B44: Hoover Invitational | C44: IS109 | D44: 424.5 | E44: 21.03 | F44: =54/11 -> 4.9090909
A45: Brookwood B | B45: Hoover Invitational | C45: IS109 | D45: 297.5 | E45: 16.4 | F45: =19/8 -> 2.375
A46: Byron | B46: IHSSBCA Kickoff at Sterling | C46: IS109 | D46: 143.1 | E46: 8.08 | F46: =11/8 -> 1.375
A47: Canyon Crest | B47: Triton Winter III | C47: IS109 | D47: 386.5 | E47: 21.62 | F47: 4.5
A48: Carmel A | B48: IHSSBCA Kickoff at Wheaton North (Uber) | C48: IS109 | D48: 314.4 | E48: 17.22 | F48: =30/9 -> 3.3333333
A49: Carmel B | B49: IHSSBCA Kickoff at Wheaton North (Standard) | C49: IS109 | D49: 148.8 | E49: 9.61 | F49: 0.5
A50: Carmel C | B50: IHSSBCA Kickoff at Wheaton North (Standard) | C50: IS109 | D50: 150 | E50: 8.04 | F50: 1.5
A51: Centennial A | B51: IHSSBCA Kickoff at Centennial | C51: IS109 | D51: 432.8 | E51: 20.09 | F51: =41/9 -> 4.5555556
A52: Centennial B | B52: IHSSBCA Kickoff at Centennial | C52: IS109 | D52: 113.8 | E52: 7.33 | F52: =5/8 -> 0.625
A53: Central A | B53: IHSSBCA Kickoff at Centennial | C53: IS109 | D53: 193.3 | E53: 8.68 | F53: =14/9 -> 1.5555556
A54: Central B | B54: IHSSBCA Kickoff at Centennial | C54: IS109 | D54: 101.9 | E54: 5.73 | F54: =2/8 -> 0.25
A55: Chapel Hill A | B55: Duke Annual Fall Tournament | C55: IS109 | D55: 200 | E55: 12.84 | F55: 1.2
A56: Chapel Hill B | B56: Duke Annual Fall Tournament | C56: IS109 | D56: 93.5 | E56: 8.56 | F56: 0.8
A57: Chariton A | B57: Matt Cvijanovich Memorial Tournament | C57: IS109 | D57: 216.3 | E57: 13.91 | F57: 1.1
A58: Chariton B | B58: Matt Cvijanovich Memorial Tournament | C58: IS109 | D58: 23.8 | E58: 8.33 | F58: 0
A59: Charter A | B59: LIFT XI | C59: IS109 | D59: 338.2 | E59: 19.07 | F59: =27/11 -> 2.4545455
A60: Charter B | B60: LIFT XI | C60: IS109 | D60: 303.6 | E60: 18.79 | F60: =21/11 -> 1.9090909
A61: Charter C | B61: LIFT XI | C61: IS109 | D61: 161.5 | E61: 10.49 | F61: 0.9
A62: Charter D | B62: LIFT XI | C62: IS109 | D62: 140.5 | E62: 10.88 | F62: =6/9 -> 0.66666667
A63: Chartiers Valley A | B63: Mellon Bowl | C63: IS109 | D63: 141.5 | E63: 9.59 | F63: 0.2
A64: Chartiers Valleys B | B64: Mellon Bowl | C64: IS109 | D64: 42 | E64: 3.44 | F64: 0.1
A65: Chatham A | B65: LIFT XI | C65: IS109 | D65: 95.7 | E65: 8.46 | F65: =4/7 -> 0.57142857
A66: Chatham B | B66: LIFT XI | C66: IS109 | D66: 46.4 | E66: 4.57 | F66: =1/7 -> 0.14285714
A67: Chelsea | B67: Hoover Invitational | C67: IS109 | D67: 89.3 | E67: 7.57 | F67: =5/7 -> 0.71428571
A68: Chicago Christian A | B68: IHSSBCA Kickoff at Wheaton North (Standard) | C68: IS109 | D68: 253.8 | E68: 14.92 | F68: 1.5
A69: Chicago Christian B | B69: IHSSBCA Kickoff at Wheaton North (Standard) | C69: IS109 | D69: 97.5 | E69: 6.58 | F69: 0.75
A70: Cinco Ranch A | B70: TQBA Bayou City | C70: IS109 | D70: 115 | E70: 8.11 | F70: =5/7 -> 0.71428571
A71: Cinco Ranch B | B71: TQBA Bayou City | C71: IS109 | D71: 107.5 | E71: 7.84 | F71: =1/8 -> 0.125
A72: Cistercian A | B72: Edmond Memorial Bulldog | C72: IS109 | D72: 528 | E72: 22.53 | F72: 7.3
A73: Cistercian B | B73: Edmond Memorial Bulldog | C73: IS109 | D73: 273.9 | E73: 14.95 | F73: =23/9 -> 2.5555556
A74: Colonel By A | B74: Ottawa Quizbowl Tournament VII | C74: IS109 | D74: 184.4 | E74: 13.01 | F74: =10/9 -> 1.1111111
A75: Colonel By B | B75: Ottawa Quizbowl Tournament VII | C75: IS109 | D75: 155.6 | E75: 11.55 | F75: =10/8 -> 1.25
A76: Copley | B76: Rowdy Raider | C76: IS109 | D76: 267 | E76: 17.92 | F76: 1.8
A77: Covenant Christian Academy | B77: Hoover Invitational | C77: IS109 | D77: 132.5 | E77: 9.76 | F77: 1
A78: Crete-Monee A | B78: IHSSBCA Kickoff at Wheaton North (Standard) | C78: IS109 | D78: 73.1 | E78: 6.43 | F78: 0.125
A79: Crete-Monee B | B79: IHSSBCA Kickoff at Wheaton North (Standard) | C79: IS109 | D79: 85.6 | E79: 6.84 | F79: 0.375
A80: Cumberland | B80: IHSSBCA Kickoff at Centennial | C80: IS109 | D80: 196.7 | E80: 8.8 | F80: =14/9 -> 1.5555556
A81: Danville A | B81: IHSSBCA Kickoff at Centennial | C81: IS109 | D81: 195 | E81: 9.7 | F81: =6/8 -> 0.75
A82: Danville A | B82: Rowdy Raider | C82: IS109 | D82: 289 | E82: 18.42 | F82: 2.4
A83: Danville B | B83: IHSSBCA Kickoff at Centennial | C83: IS109 | D83: 60.6 | E83: 4.8 | F83: =1/8 -> 0.125
A84: Danville B | B84: Rowdy Raider | C84: IS109 | D84: 142.5 | E84: 9.86 | F84: 0.6
A85: Dixon | B85: IHSSBCA Kickoff at Sterling | C85: IS109 | D85: 179.4 | E85: 8.59 | F85: =11/9 -> 1.2222222
A86: Drummond | B86: Edmond Memorial Bulldog | C86: IS109 | D86: 141.2 | E86: 12.55 | F86: =7/8 -> 0.875
A87: Dunbar A | B87: Rowdy Raider | C87: IS109 | D87: 469 | E87: 23.12 | F87: 5.1
A88: Dunbar B | B88: Rowdy Raider | C88: IS109 | D88: 289.5 | E88: 15.95 | F88: 1.9
A89: East Chapel Hill A | B89: Duke Annual Fall Tournament | C89: IS109 | D89: 405.5 | E89: 20.62 | F89: 3.9
A90: East Chapel Hill B | B90: Duke Annual Fall Tournament | C90: IS109 | D90: 118 | E90: 10.83 | F90: 1.1
A91: Eastlake | B91: Triton Winter III | C91: IS109 | D91: 160 | E91: 13.91 | F91: =8/9 -> 0.88888889
A92: Eastwood A | B92: TQBA Bayou City | C92: IS109 | D92: 72.5 | E92: 4.38 | F92: =2/6 -> 0.33333333
A93: Eastwood B | B93: TQBA Bayou City | C93: IS109 | D93: 30.8 | E93: 3.12 | F93: =1/6 -> 0.16666667
A94: Edmond Memorial | B94: Edmond Memorial Bulldog | C94: IS109 | D94: 161.4 | E94: 9.73 | F94: =8/7 -> 1.1428571
A95: Edmond Memorial A | B95: Edmond Memorial Bulldog | C95: IS109 | D95: 231.2 | E95: 14.8 | F95: =16/8 -> 2
A96: Edmond Santa Fe | B96: Edmond Memorial Bulldog | C96: IS109 | D96: 110.7 | E96: 10.75 | F96: =6/7 -> 0.85714286
A97: El Capitan A | B97: Triton Winter III | C97: IS109 | D97: 127.9 | E97: 10.22 | F97: =9/7 -> 1.2857143
A98: El Capitan B | B98: Triton Winter III | C98: IS109 | D98: 102.2 | E98: 9.33 | F98: =6/9 -> 0.66666667
A99: Emery/Weiner | B99: TQBA Bayou City | C99: IS109 | D99: 101.7 | E99: 6.05 | F99: =5/6 -> 0.83333333
A100: Enid | B100: Edmond Memorial Bulldog | C100: IS109 | D100: 89.2 | E100: 7.19 | F100: =3/7 -> 0.42857143
...

Sheet IS110A
A1: Team | B1: Tourney | C1: Set | D1: PPG | E1: PPB | F1: 15PG
A2: A.N. Myer | B2: Ridley College Invitational | C2: IS110A | D2: 180.2 | E2: 13.37 | F2: =8/7 -> 1.1428571
A3: Academics Plus | B3: Parkview Invitational | C3: IS110A | D3: 92.7 | E3: 11.25 | F3: =1/7 -> 0.14285714
A4: Anacoco A | B4: Tournament of Righteous Justice | C4: IS110A | D4: 269.5 | E4: 15.7 | F4: =21/11 -> 1.9090909
A5: Anacoco B | B5: Tournament of Righteous Justice | C5: IS110A | D5: 103.6 | E5: 9.91 | F5: =6/11 -> 0.54545455
A6: Ardmore | B6: Columbia Invitational | C6: IS110A | D6: 122.1 | E6: 11.79 | F6: =2/7 -> 0.28571429
A7: Arkansas Math and Science | B7: Parkview Invitational | C7: IS110A | D7: 400 | E7: 20.9 | F7: 3
A8: Ascension | B8: Tournament of Righteous Justice | C8: IS110A | D8: 128.6 | E8: 10 | F8: =7/11 -> 0.63636364
A9: Beamsville | B9: Ridley College Invitational | C9: IS110A | D9: 159.1 | E9: 13.72 | F9: 1
A10: Beavercreek | B10: Tippecanoe | C10: IS110A | D10: 180 | E10: 16.17 | F10: =10/7 -> 1.4285714
A11: Bellarmine B | B11: BAAL Halley | C11: IS110A | D11: 267.1 | E11: 20.27 | F11: 3.2
A12: Benjamin Logan | B12: Tippecanoe | C12: IS110A | D12: 186.4 | E12: 12.81 | F12: =5/7 -> 0.71428571
A13: Beresford | B13: Siouxper Bowl VIII | C13: IS110A | D13: 86.4 | E13: 7.65 | F13: =3/7 -> 0.42857143
A14: Bethel Christian | B14: Tournament of Righteous Justice | C14: IS110A | D14: 45.5 | E14: 7 | F14: =4/11 -> 0.36363636
A15: Brindlee Mountain | B15: Columbia Invitational | C15: IS110A | D15: 280.7 | E15: 19.55 | F15: =18/7 -> 2.5714286
A16: Brookings A | B16: Siouxper Bowl VIII | C16: IS110A | D16: 251 | E16: 15.94 | F16: 1.3
A17: Brookings B | B17: Siouxper Bowl VIII | C17: IS110A | D17: 286 | E17: 16.38 | F17: 2.3
A18: Brooks A | B18: Columbia Invitational | C18: IS110A | D18: 105.7 | E18: 11.76 | F18: =4/7 -> 0.57142857
A19: Brooks B | B19: Columbia Invitational | C19: IS110A | D19: 31.4 | E19: 6.39 | F19: =2/7 -> 0.28571429
A20: C.E. Byrd | B20: Tournament of Righteous Justice | C20: IS110A | D20: 334.6 | E20: 18.97 | F20: =32/12 -> 2.6666667
A21: Celina | B21: Tippecanoe | C21: IS110A | D21: 121.4 | E21: 13.65 | F21: =3/7 -> 0.42857143
A22: Centralia A | B22: Bill Currie Memorial | C22: IS110A | D22: 152.5 | E22: 13.44 | F22: 0.6
A23: Centralia B | B23: Bill Currie Memorial | C23: IS110A | D23: 24 | E23: 7.06 | F23: 0.2
A24: Chapelle A | B24: Tournament of Righteous Justice | C24: IS110A | D24: 125 | E24: 9.71 | F24: =4/11 -> 0.36363636
A25: Chapelle B | B25: Tournament of Righteous Justice | C25: IS110A | D25: 53.6 | E25: 5.68 | F25: =2/11 -> 0.18181818
A26: Cheshire | B26: Yale FAcT | C26: IS110A | D26: 285 | E26: 16.85 | F26: 1
A27: Chester | B27: Siouxper Bowl VIII | C27: IS110A | D27: 112.9 | E27: 10.77 | F27: =4/7 -> 0.57142857
A28: CIS A | B28: Bill Currie Memorial | C28: IS110A | D28: 159.5 | E28: 14.46 | F28: 0.5
A29: CIS B | B29: Bill Currie Memorial | C29: IS110A | D29: 219 | E29: 14.77 | F29: 1.5
A30: Columbia A | B30: Columbia Invitational | C30: IS110A | D30: 210 | E30: 15.25 | F30: 1
A31: Columbia B | B31: Columbia Invitational | C31: IS110A | D31: 102.1 | E31: 8.95 | F31: =3/7 -> 0.42857143
A32: Covenant Christian | B32: Columbia Invitational | C32: IS110A | D32: 236.4 | E32: 18.45 | F32: =9/7 -> 1.2857143
A33: E.O. Smith A | B33: Yale FAcT | C33: IS110A | D33: 468 | E33: 22.36 | F33: 4.5
A34: E.O. Smith B | B34: Yale FAcT | C34: IS110A | D34: 223 | E34: 16.47 | F34: 1.9
A35: East Lawrence | B35: Columbia Invitational | C35: IS110A | D35: 207.9 | E35: 17.55 | F35: =17/7 -> 2.4285714
A36: Elsberry | B36: Bill Currie Memorial | C36: IS110A | D36: 127.8 | E36: 12.8 | F36: 0.7
A37: Episcopal Collegiate A | B37: Parkview Invitational | C37: IS110A | D37: 283.1 | E37: 18.73 | F37: 2
A38: Episcopal Collegiate B | B38: Parkview Invitational | C38: IS110A | D38: 150.8 | E38: 14.49 | F38: =6/7 -> 0.85714286
A39: ESA A | B39: Tournament of Righteous Justice | C39: IS110A | D39: 236.2 | E39: 13.94 | F39: =19/12 -> 1.5833333
A40: ESA B | B40: Tournament of Righteous Justice | C40: IS110A | D40: 143.2 | E40: 11.35 | F40: =6/11 -> 0.54545455
A41: Fisher Catholic | B41: Tippecanoe | C41: IS110A | D41: 299.3 | E41: 18.66 | F41: =25/7 -> 3.5714286
A42: Gadsden City A | B42: Columbia Invitational | C42: IS110A | D42: 338.6 | E42: 21.01 | F42: =24/7 -> 3.4285714
A43: Gadsden City B | B43: Columbia Invitational | C43: IS110A | D43: 100.7 | E43: 12.26 | F43: =8/7 -> 1.1428571
A44: Gadsden City C | B44: Columbia Invitational | C44: IS110A | D44: 181.4 | E44: 13.36 | F44: =10/7 -> 1.4285714
A45: Gadsden City D | B45: Columbia Invitational | C45: IS110A | D45: 85.7 | E45: 10 | F45: =1/7 -> 0.14285714
A46: Gadsden City E | B46: Columbia Invitational | C46: IS110A | D46: 176.4 | E46: 11.75 | F46: 1
A47: Glasgow | B47: Bill Currie Memorial | C47: IS110A | D47: 95.5 | E47: 9.59 | F47: 0.4
A48: Glasgow | B48: Columbia Invitational | C48: IS110A | D48: 335.7 | E48: 19.55 | F48: =17/7 -> 2.4285714
A49: Grace Christian A | B49: Tournament of Righteous Justice | C49: IS110A | D49: 161.8 | E49: 13.25 | F49: =7/11 -> 0.63636364
A50: Grace Christian B | B50: Tournament of Righteous Justice | C50: IS110A | D50: 98.6 | E50: 9.64 | F50: =2/11 -> 0.18181818
A51: Greenville | B51: Tippecanoe | C51: IS110A | D51: 100 | E51: 12.42 | F51: =6/7 -> 0.85714286
A52: Half Hollow Hills West A | B52: Yale FAcT | C52: IS110A | D52: 361 | E52: 20.55 | F52: 1.7
A53: Half Hollow Hills West B | B53: Yale FAcT | C53: IS110A | D53: 193.5 | E53: 12.44 | F53: 0.9
A54: Hallsville A | B54: Bill Currie Memorial | C54: IS110A | D54: 240.5 | E54: 14.74 | F54: 1.1
A55: Hallsville B | B55: Bill Currie Memorial | C55: IS110A | D55: 160.5 | E55: 11.45 | F55: 1.6
A56: Harker | B56: BAAL Halley | C56: IS110A | D56: 367 | E56: 22.62 | F56: 5.6
A57: Harry Ainlay | B57: Alberta Quizbowl Tournament | C57: IS110A | D57: 197.8 | E57: 13.64 | F57: =13/9 -> 1.4444444
A58: Helias A | B58: Bill Currie Memorial | C58: IS110A | D58: 360 | E58: 21.03 | F58: =42/11 -> 3.8181818
A59: Helias B | B59: Bill Currie Memorial | C59: IS110A | D59: 174 | E59: 13.99 | F59: 0.6
A60: Hingham A | B60: Yale FAcT | C60: IS110A | D60: 247.5 | E60: 16.65 | F60: 2.1
A61: Hingham B | B61: Yale FAcT | C61: IS110A | D61: 165 | E61: 12.5 | F61: 1.8
A62: Jesuit A | B62: Tournament of Righteous Justice | C62: IS110A | D62: 358.3 | E62: 18.43 | F62: =40/12 -> 3.3333333
A63: Jesuit B | B63: Tournament of Righteous Justice | C63: IS110A | D63: 238.3 | E63: 15.54 | F63: =15/12 -> 1.25
A64: Juan Diego Catholic | B64: Jayhawks Invitational | C64: IS110A | D64: 148.6 | E64: 12.83 | F64: =4/7 -> 0.57142857
A65: Kenton Ridge | B65: Tippecanoe | C65: IS110A | D65: 155 | E65: 11.8 | F65: =3/7 -> 0.42857143
A66: Lafayette | B66: Tournament of Righteous Justice | C66: IS110A | D66: 145 | E66: 10.12 | F66: =4/11 -> 0.36363636
A67: Laura Secord A | B67: Ridley College Invitational | C67: IS110A | D67: 82.6 | E67: 6.39 | F67: =5/7 -> 0.71428571
A68: Laura Secord B | B68: Ridley College Invitational | C68: IS110A | D68: 111.4 | E68: 8.14 | F68: =4/7 -> 0.57142857
A69: Lawton-Bronson | B69: Siouxper Bowl VIII | C69: IS110A | D69: 115 | E69: 9.79 | F69: 0.5
A70: Lillian Osborne | B70: Alberta Quizbowl Tournament | C70: IS110A | D70: 133.8 | E70: 12.2 | F70: =9/8 -> 1.125
A71: Lincoln County | B71: Columbia Invitational | C71: IS110A | D71: 183.6 | E71: 12.2 | F71: =9/7 -> 1.2857143
A72: Little Rock Central A | B72: Parkview Invitational | C72: IS110A | D72: 308.9 | E72: 17.07 | F72: 2
A73: Little Rock Central B | B73: Parkview Invitational | C73: IS110A | D73: 233.1 | E73: 15.52 | F73: 1
A74: Little Rock Central C | B74: Parkview Invitational | C74: IS110A | D74: 155.7 | E74: 13.11 | F74: 1
A75: Louisville Eastern | B75: Tippecanoe | C75: IS110A | D75: 240.7 | E75: 18.28 | F75: =18/7 -> 2.5714286
A76: Menlo | B76: BAAL Halley | C76: IS110A | D76: 304.7 | E76: 20 | F76: 3.1
A77: Miami East | B77: Tippecanoe | C77: IS110A | D77: 207.1 | E77: 11.97 | F77: =9/7 -> 1.2857143
A78: Miami Valley | B78: Tippecanoe | C78: IS110A | D78: 143.6 | E78: 12.5 | F78: =11/7 -> 1.5714286
A79: Miami Valley CTC | B79: Tippecanoe | C79: IS110A | D79: 78.6 | E79: 7.74 | F79: =2/7 -> 0.28571429
A80: Mills | B80: BAAL Halley | C80: IS110A | D80: 225.8 | E80: 21.54 | F80: 1.7
A81: Monroe City | B81: Bill Currie Memorial | C81: IS110A | D81: 133 | E81: 11.41 | F81: 0.8
A82: Mount Vernon-Enola | B82: Parkview Invitational | C82: IS110A | D82: 106.2 | E82: 9.05 | F82: =2/7 -> 0.28571429
A83: Nathan Hale-Ray | B83: Yale FAcT | C83: IS110A | D83: 120.5 | E83: 15.32 | F83: 0.6
A84: Newtown | B84: Yale FAcT | C84: IS110A | D84: 220 | E84: 17.22 | F84: 0.6
A85: Norfork | B85: Parkview Invitational | C85: IS110A | D85: 149.6 | E85: 12.73 | F85: =6/7 -> 0.85714286
A86: Northmont | B86: Tippecanoe | C86: IS110A | D86: 413.6 | E86: 21.82 | F86: =32/7 -> 4.5714286
A87: Northwestern | B87: Tippecanoe | C87: IS110A | D87: 118.6 | E87: 9.52 | F87: =4/7 -> 0.57142857
A88: Norwich | B88: Yale FAcT | C88: IS110A | D88: 186 | E88: 15 | F88: 1.7
A89: O'Gorman A | B89: Siouxper Bowl VIII | C89: IS110A | D89: 114.3 | E89: 11.32 | F89: =3/7 -> 0.42857143
A90: O'Gorman B | B90: Siouxper Bowl VIII | C90: IS110A | D90: 120 | E90: 12.27 | F90: =5/8 -> 0.625
A91: O'Gorman C | B91: Siouxper Bowl VIII | C91: IS110A | D91: 42.1 | E91: 6.67 | F91: 0
A92: Oakville | B92: Bill Currie Memorial | C92: IS110A | D92: 234.5 | E92: 14.53 | F92: 1.4
A93: Old Saybrook A | B93: Yale FAcT | C93: IS110A | D93: 164.5 | E93: 16.94 | F93: 0.8
A94: Old Saybrook B | B94: Yale FAcT | C94: IS110A | D94: 106 | E94: 10.98 | F94: 0.4
A95: Old Scona A | B95: Alberta Quizbowl Tournament | C95: IS110A | D95: 180.6 | E95: 11.51 | F95: =16/9 -> 1.7777778
A96: Old Scona B | B96: Alberta Quizbowl Tournament | C96: IS110A | D96: 138.8 | E96: 11.6 | F96: =7/8 -> 0.875
A97: Parkview Arts and Science A | B97: Parkview Invitational | C97: IS110A | D97: 303 | E97: 18.38 | F97: =15/7 -> 2.1428571
A98: Parkview Arts and Science B | B98: Parkview Invitational | C98: IS110A | D98: 190.2 | E98: 14.68 | F98: 1
A99: Parkview Arts and Science C | B99: Parkview Invitational | C99: IS110A | D99: 84.8 | E99: 10.71 | F99: =3/7 -> 0.42857143
A100: Pilot Grove | B100: Bill Currie Memorial | C100: IS110A | D100: 287.7 | E100: 18.11 | F100: 2
...

Sheet IS111
A1: Team | B1: Tourney | C1: Set | D1: PPG | E1: PPB | F1: 15PG
A2: Alabama Fine Arts | B2: Convenant Christian Invitational | C2: IS111 | D2: 281.9 | E2: 18.16 | F2: =26/8 -> 3.25
A3: Ann Arbor Skyline | B3: Michigan Autumn Classic | C3: IS111 | D3: 163.3 | E3: 14.25 | F3: 1
A4: Ardmore | B4: Convenant Christian Invitational | C4: IS111 | D4: 17.9 | E4: 0.83 | F4: 0
A5: Armstrong A | B5: SnowCAT | C5: IS111 | D5: 251.7 | E5: 17.86 | F5: 1.4
A6: Austin Harmony A | B6: Winter Rodeo | C6: IS111 | D6: 118.3 | E6: 12.58 | F6: 1
A7: Austin Harmony B | B7: Winter Rodeo | C7: IS111 | D7: 77.5 | E7: 8.08 | F7: =5/6 -> 0.83333333
A8: Avon A | B8: Olmsted Falls Battle Buzz | C8: IS111 | D8: 126 | E8: 10.24 | F8: 0.8
A9: Avon B | B9: Olmsted Falls Battle Buzz | C9: IS111 | D9: 128 | E9: 10.21 | F9: 0.6
A10: Avon JV | B10: Olmsted Falls Battle Buzz | C10: IS111 | D10: 154 | E10: 7.66 | F10: 0.9
A11: Awty A | B11: Winter Rodeo | C11: IS111 | D11: 221.4 | E11: 15 | F11: 2
A12: Awty B | B12: Winter Rodeo | C12: IS111 | D12: 78.3 | E12: 8.21 | F12: =4/6 -> 0.66666667
A13: Awty C | B13: Winter Rodeo | C13: IS111 | D13: 84.2 | E13: 10.38 | F13: 0.5
A14: BASIS A | B14: Arizona State Winter | C14: IS111 | D14: 275 | E14: 14.23 | F14: =10/7 -> 1.4285714
A15: BASIS B | B15: Arizona State Winter | C15: IS111 | D15: 130.7 | E15: 10.1 | F15: =3/7 -> 0.42857143
A16: Beachwood A | B16: Olmsted Falls Battle Buzz | C16: IS111 | D16: 293.4 | E16: 18.22 | F16: =31/11 -> 2.8181818
A17: Beaumont Harmony | B17: Winter Rodeo | C17: IS111 | D17: 13.3 | E17: 1.43 | F17: 0
A18: Bellaire A | B18: Winter Rodeo | C18: IS111 | D18: 372.5 | E18: 20.79 | F18: =28/8 -> 3.5
A19: Bellaire B | B19: Winter Rodeo | C19: IS111 | D19: 245 | E19: 17.92 | F19: =15/7 -> 2.1428571
A20: Belton HS A | B20: Winter Rodeo | C20: IS111 | D20: 64.2 | E20: 10 | F20: =1/6 -> 0.16666667
A21: Belton HS B | B21: Winter Rodeo | C21: IS111 | D21: 86.7 | E21: 9.66 | F21: =2/6 -> 0.33333333
A22: Boaz | B22: Convenant Christian Invitational | C22: IS111 | D22: 114.3 | E22: 10.25 | F22: =1/7 -> 0.14285714
A23: Boaz JV | B23: Convenant Christian Invitational | C23: IS111 | D23: 73.1 | E23: 4.87 | F23: =5/8 -> 0.625
A24: Brighton A | B24: Michigan Autumn Classic | C24: IS111 | D24: 142.1 | E24: 9.8 | F24: =6/8 -> 0.75
A25: Brighton B | B25: Michigan Autumn Classic | C25: IS111 | D25: 125.7 | E25: 10.83 | F25: =6/7 -> 0.85714286
A26: Brindlee Mountain | B26: Convenant Christian Invitational | C26: IS111 | D26: 221.4 | E26: 15 | F26: 2
A27: Carrboro A | B27: EnIAC | C27: IS111 | D27: 305 | E27: 18.13 | F27: 2.2
A28: Carrboro B | B28: EnIAC | C28: IS111 | D28: 111 | E28: 9.62 | F28: 0.7
A29: Cave Spring A | B29: EnIAC | C29: IS111 | D29: 391 | E29: 18.5 | F29: 4.5
A30: Cave Springs B | B30: EnIAC | C30: IS111 | D30: 126.5 | E30: 10.65 | F30: =3/5 -> 0.6
A31: Central | B31: SnowCAT | C31: IS111 | D31: 291 | E31: 17.75 | F31: 2.7
A32: Chanhassen A | B32: SnowCAT | C32: IS111 | D32: 194 | E32: 14.25 | F32: 1
A33: Chanhassen B | B33: SnowCAT | C33: IS111 | D33: 103.9 | E33: 10.85 | F33: 0.8
A34: Charles F. Brush A | B34: Olmsted Falls Battle Buzz | C34: IS111 | D34: 164 | E34: 12.08 | F34: 1.5
A35: Charles F. Brush B | B35: Olmsted Falls Battle Buzz | C35: IS111 | D35: 156.7 | E35: 10.86 | F35: 0.9
A36: Charles F. Brush JV | B36: Olmsted Falls Battle Buzz | C36: IS111 | D36: 104.7 | E36: 6.04 | F36: 0.6
A37: Chaska A | B37: SnowCAT | C37: IS111 | D37: 308.2 | E37: 18.99 | F37: =30/11 -> 2.7272727
A38: Chaska B | B38: SnowCAT | C38: IS111 | D38: 173.5 | E38: 11.57 | F38: 0.9
A39: Chaska C | B39: SnowCAT | C39: IS111 | D39: 80 | E39: 8 | F39: 0.3
A40: Chaska D | B40: SnowCAT | C40: IS111 | D40: 105.6 | E40: 9.06 | F40: 0.9
A41: Chaska E | B41: SnowCAT | C41: IS111 | D41: 114.5 | E41: 8.59 | F41: 1.2
A42: Chaska F | B42: SnowCAT | C42: IS111 | D42: 79.4 | E42: 7.44 | F42: 0.3
A43: Cinco Ranch A | B43: Winter Rodeo | C43: IS111 | D43: 172.1 | E43: 13.37 | F43: =8/7 -> 1.1428571
A44: Cinco Ranch B | B44: Winter Rodeo | C44: IS111 | D44: 132.5 | E44: 11.32 | F44: =5/6 -> 0.83333333
A45: Cistercian A | B45: Winter Rodeo | C45: IS111 | D45: 517.2 | E45: 23.92 | F45: 5.9
A46: Cistercian B | B46: Winter Rodeo | C46: IS111 | D46: 204.2 | E46: 15.96 | F46: =16/6 -> 2.6666667
A47: Collegiate | B47: VCU Winter | C47: IS111 | D47: 299 | E47: 17.783019 | F47: 2.3333333
A48: Columbia | B48: Convenant Christian Invitational | C48: IS111 | D48: 101.4 | E48: 9.72 | F48: 1
A49: Columbia JV | B49: Convenant Christian Invitational | C49: IS111 | D49: 52.5 | E49: 4.33 | F49: 0
A50: Cooper A | B50: SnowCAT | C50: IS111 | D50: 142.2 | E50: 12.13 | F50: 1.1
A51: Cooper B | B51: SnowCAT | C51: IS111 | D51: 128.5 | E51: 10.46 | F51: 1
A52: Copley A | B52: Olmsted Falls Battle Buzz | C52: IS111 | D52: 218 | E52: 17.31 | F52: 1.7
A53: Copley B | B53: Olmsted Falls Battle Buzz | C53: IS111 | D53: 156.7 | E53: 10.32 | F53: 0.2
A54: Copley JV | B54: Olmsted Falls Battle Buzz | C54: IS111 | D54: 158.7 | E54: 9.03 | F54: 0.3
A55: Cosby | B55: VCU Winter | C55: IS111 | D55: 167.02 | E55: 15.538462 | F55: 1.5
A56: Culver A | B56: Michigan Autumn Classic | C56: IS111 | D56: 387.9 | E56: 20.89 | F56: =53/13 -> 4.0769231
A57: Culver B | B57: Michigan Autumn Classic | C57: IS111 | D57: 111.4 | E57: 9.15 | F57: =3/7 -> 0.42857143
A58: Deep Run A | B58: VCU Winter | C58: IS111 | D58: 93.866667 | E58: 7.2 | F58: 1.1666667
A59: Deep Run B | B59: VCU Winter | C59: IS111 | D59: 22.233333 | E59: 3.125 | F59: 0
A60: Desert Vista A | B60: Arizona State Winter | C60: IS111 | D60: 275.7 | E60: 14.94 | F60: 2
A61: Desert Vista B | B61: Arizona State Winter | C61: IS111 | D61: 309.3 | E61: 16.16 | F61: 3
A62: Desert Vista C | B62: Arizona State Winter | C62: IS111 | D62: 135 | E62: 9.79 | F62: =8/7 -> 1.1428571
A63: Detroit Catholic Central A | B63: Michigan Autumn Classic | C63: IS111 | D63: 579.1 | E63: 21.55 | F63: =94/11 -> 8.5454545
A64: Detroit Catholic Central B | B64: Michigan Autumn Classic | C64: IS111 | D64: 348.2 | E64: 19.44 | F64: =45/12 -> 3.75
A65: Detroit Country Day A | B65: Michigan Autumn Classic | C65: IS111 | D65: 485 | E65: 21.47 | F65: =67/12 -> 5.5833333
A66: Detroit Coutry Day B | B66: Michigan Autumn Classic | C66: IS111 | D66: 138.8 | E66: 10.75 | F66: =6/8 -> 0.75
A67: Douglas Freeman | B67: VCU Winter | C67: IS111 | D67: 152.76667 | E67: 12.1875 | F67: 0.5
A68: East Chapel Hill | B68: EnIAC | C68: IS111 | D68: 415 | E68: 22.24 | F68: 4.4
A69: EC of Guilford A | B69: EnIAC | C69: IS111 | D69: 402 | E69: 20.23 | F69: 4.4
A70: EC of Guilford Scarlet | B70: EnIAC | C70: IS111 | D70: 191.5 | E70: 12.21 | F70: 1.3
A71: Eden Prairie A | B71: SnowCAT | C71: IS111 | D71: 204 | E71: 15.37 | F71: 2.4
A72: Ellensburg A | B72: Washington Winter Classic | C72: IS111 | D72: 124 | E72: 11.29 | F72: =8/6 -> 1.3333333
A73: Ellensburg B | B73: Washington Winter Classic | C73: IS111 | D73: 82 | E73: 6.67 | F73: =3/6 -> 0.5
A74: Ellensburg C | B74: Washington Winter Classic | C74: IS111 | D74: 33 | E74: 4.17 | F74: =1/6 -> 0.16666667
A75: Ellensburg D | B75: Washington Winter Classic | C75: IS111 | D75: 63 | E75: 6 | F75: =1/6 -> 0.16666667
A76: Elon School | B76: EnIAC | C76: IS111 | D76: 67.5 | E76: 6.9 | F76: 0.5
A77: Episcopal | B77: Winter Rodeo | C77: IS111 | D77: 61.7 | E77: 6.82 | F77: =1/6 -> 0.16666667
A78: Euclid JV | B78: Olmsted Falls Battle Buzz | C78: IS111 | D78: 53.8 | E78: 5.91 | F78: =2/8 -> 0.25
A79: Farmington | B79: Michigan Autumn Classic | C79: IS111 | D79: 91.7 | E79: 9.29 | F79: =3/7 -> 0.42857143
A80: Gadsden City A | B80: Convenant Christian Invitational | C80: IS111 | D80: 276.9 | E80: 16.14 | F80: =17/8 -> 2.125
A81: Gadsden City B | B81: Convenant Christian Invitational | C81: IS111 | D81: 90 | E81: 7.82 | F81: =4/7 -> 0.57142857
A82: Gadsden City JV A | B82: Convenant Christian Invitational | C82: IS111 | D82: 160.6 | E82: 10.48 | F82: =9/8 -> 1.125
A83: Gadsden City JV B | B83: Convenant Christian Invitational | C83: IS111 | D83: 73.1 | E83: 5.83 | F83: =6/8 -> 0.75
A84: George Ranch | B84: Winter Rodeo | C84: IS111 | D84: 210 | E84: 14.67 | F84: 1
A85: Georgetown Day A | B85: VCU Winter | C85: IS111 | D85: 482.52 | E85: 22.659574 | F85: 7.8333333
A86: Georgetown Day B | B86: VCU Winter | C86: IS111 | D86: 113.5 | E86: 10.169492 | F86: 0.5
A87: Green Hope | B87: EnIAC | C87: IS111 | D87: 321.5 | E87: 18.45 | F87: 2.8
A88: Gross Pointe North B | B88: Michigan Autumn Classic | C88: IS111 | D88: 106.7 | E88: 8 | F88: =6/7 -> 0.85714286
A89: Grosse Pointe North A | B89: Michigan Autumn Classic | C89: IS111 | D89: 198.9 | E89: 12.82 | F89: 1
A90: Guilford Maroon | B90: EnIAC | C90: IS111 | D90: 205 | E90: 17.24 | F90: 1.2
A91: Harvey Firestone A | B91: Olmsted Falls Battle Buzz | C91: IS111 | D91: 260.7 | E91: 14.94 | F91: 1.7
A92: Harvey Firestone JV | B92: Olmsted Falls Battle Buzz | C92: IS111 | D92: 145.3 | E92: 11.83 | F92: 0.2
A93: Hawken School A | B93: Olmsted Falls Battle Buzz | C93: IS111 | D93: 391.3 | E93: 23.35 | F93: =59/12 -> 4.9166667
A94: Hawken School B | B94: Olmsted Falls Battle Buzz | C94: IS111 | D94: 154.5 | E94: 14.06 | F94: 1.1
A95: Hawken School JV | B95: Olmsted Falls Battle Buzz | C95: IS111 | D95: 212 | E95: 10.77 | F95: 0.8
A96: Hickory Ridge A | B96: EnIAC | C96: IS111 | D96: 51.5 | E96: 7.67 | F96: 0.5
A97: Hickory Ridge B | B97: EnIAC | C97: IS111 | D97: 76.5 | E97: 6.12 | F97: 0.3
A98: Holland | B98: Michigan Autumn Classic | C98: IS111 | D98: 207.5 | E98: 17.02 | F98: =12/9 -> 1.3333333
A99: Hoover A | B99: Convenant Christian Invitational | C99: IS111 | D99: 304.3 | E99: 18.38 | F99: =18/7 -> 2.5714286
A100: Hoover B | B100: Convenant Christian Invitational | C100: IS111 | D100: 301.9 | E100: 17.08 | F100: =18/8 -> 2.25
...

Sheet IS112A
A1: Team | B1: Tourney | C1: Set | D1: PPG | E1: PPB | F1: 15PG
A2: Albia A | B2: Drake University Bulldog Bowl | C2: IS112A | D2: 193 | E2: 12.71 | F2: 1.5
A3: Albia B | B3: Drake University Bulldog Bowl | C3: IS112A | D3: 53.9 | E3: 9.23 | F3: 0.1
A4: Alta-Aurelia | B4: Drake University Bulldog Bowl | C4: IS112A | D4: 110.5 | E4: 12.45 | F4: 0.6
A5: Ames A | B5: Drake University Bulldog Bowl | C5: IS112A | D5: 315 | E5: 21.01 | F5: 3.9
A6: Ames B | B6: Drake University Bulldog Bowl | C6: IS112A | D6: 245 | E6: 15 | F6: 1.8
A7: Antioch | B7: IHSSBCA Turnabout at Fenton | C7: IS112A | D7: 248.1 | E7: 16.45 | F7: =11/8 -> 1.375
A8: Arcadia A | B8: Baby Anteater XIII | C8: IS112A | D8: 443.6 | E8: 22.21 | F8: =68/11 -> 6.1818182
A9: Arcadia B | B9: Baby Anteater XIII | C9: IS112A | D9: 365.9 | E9: 20.39 | F9: =56/11 -> 5.0909091
A10: Arcadia C | B10: Baby Anteater XIII | C10: IS112A | D10: 185.9 | E10: 16.1 | F10: =25/11 -> 2.2727273
A11: Arcadia D | B11: Baby Anteater XIII | C11: IS112A | D11: 276.8 | E11: 18.98 | F11: =19/11 -> 1.7272727
A12: Ardsley A | B12: Half Hollow Hills West | C12: IS112A | D12: 497.5 | E12: 25.38 | F12: 8.3
A13: Ardsley B | B13: Half Hollow Hills West | C13: IS112A | D13: 219 | E13: 15.23 | F13: =8/5 -> 1.6
A14: Athens | B14: IHSSBCA Turnabout at Bloomington | C14: IS112A | D14: 255.6 | E14: 14.41 | F14: =15/8 -> 1.875
A15: Barrington A | B15: IHSSBCA Turnabout at Fenton | C15: IS112A | D15: 518.3 | E15: 22.87 | F15: =51/9 -> 5.6666667
A16: Barrington B | B16: IHSSBCA Turnabout at Fenton | C16: IS112A | D16: 317.5 | E16: 20.42 | F16: 2
A17: Bergen Academies A | B17: Half Hollow Hills West | C17: IS112A | D17: 433.5 | E17: 22.25 | F17: 4.8
A18: Bergen Academies B | B18: Half Hollow Hills West | C18: IS112A | D18: 278 | E18: 17.4 | F18: =8/5 -> 1.6
A19: Bishop McDevitt A | B19: Half Hollow Hills West | C19: IS112A | D19: 79 | E19: 14.44 | F19: 0.6
A20: Bishop McNamara | B20: IHSSBCA Turnabout at Bloomington | C20: IS112A | D20: 249.4 | E20: 16.42 | F20: =13/9 -> 1.4444444
A21: Bloomfield A | B21: Half Hollow Hills West | C21: IS112A | D21: 56 | E21: 5.79 | F21: 0.6
A22: Bloomfield B | B22: Half Hollow Hills West | C22: IS112A | D22: 86 | E22: 7.92 | F22: =2/5 -> 0.4
A23: Bloomfield C | B23: Half Hollow Hills West | C23: IS112A | D23: 63 | E23: 11.33 | F23: =1/5 -> 0.2
A24: Bloomington A | B24: IHSSBCA Turnabout at Bloomington | C24: IS112A | D24: 427.8 | E24: 20.45 | F24: 4
A25: Bloomington B | B25: IHSSBCA Turnabout at Bloomington | C25: IS112A | D25: 269.4 | E25: 14.66 | F25: =17/8 -> 2.125
A26: Blue Ridge | B26: IHSSBCA Turnabout at Bloomington | C26: IS112A | D26: 240.6 | E26: 12.91 | F26: =11/8 -> 1.375
A27: Boone A | B27: Drake University Bulldog Bowl | C27: IS112A | D27: 177.5 | E27: 14.11 | F27: 1.2
A28: Boone B | B28: Drake University Bulldog Bowl | C28: IS112A | D28: 48 | E28: 12.73 | F28: 0
A29: Bradley-Bourbonnais A | B29: IHSSBCA Turnabout at Bloomington | C29: IS112A | D29: 384.4 | E29: 19.9 | F29: =34/9 -> 3.7777778
A30: Bradley-Bourbonnais B | B30: IHSSBCA Turnabout at Bloomington | C30: IS112A | D30: 176.2 | E30: 13.08 | F30: =12/8 -> 1.5
A31: Breese Central | B31: IHSSBCA Turnabout at Greenville | C31: IS112A | D31: 258.8 | E31: 17 | F31: 2
A32: Cairo A | B32: IHSSBCA Turnabout at Carbondale | C32: IS112A | D32: 7.5 | E32: 0 | F32: 0
A33: Cairo B | B33: IHSSBCA Turnabout at Carbondale | C33: IS112A | D33: 28.8 | E33: 5 | F33: 0.25
A34: Canyon Crest A | B34: Baby Anteater XIII | C34: IS112A | D34: 405 | E34: 22.12 | F34: =43/11 -> 3.9090909
A35: Canyon Crest B | B35: Baby Anteater XIII | C35: IS112A | D35: 246.8 | E35: 17.27 | F35: =16/11 -> 1.4545455
A36: Capistrano Valley A | B36: Baby Anteater XIII | C36: IS112A | D36: 268.2 | E36: 18.92 | F36: =21/11 -> 1.9090909
A37: Capistrano Valley B | B37: Baby Anteater XIII | C37: IS112A | D37: 162.7 | E37: 13.82 | F37: =18/11 -> 1.6363636
A38: Carlinville | B38: IHSSBCA Turnabout at Greenville | C38: IS112A | D38: 384.4 | E38: 17.94 | F38: =23/8 -> 2.875
A39: Carrollton | B39: IHSSBCA Turnabout at Greenville | C39: IS112A | D39: 215 | E39: 19.32 | F39: 1
A40: Carterville | B40: IHSSBCA Turnabout at Carbondale | C40: IS112A | D40: 297.5 | E40: 14.57 | F40: 1
A41: Central Academy | B41: Drake University Bulldog Bowl | C41: IS112A | D41: 223.5 | E41: 18.38 | F41: 2.3
A42: Champaign Central A | B42: IHSSBCA Turnabout at Bloomington | C42: IS112A | D42: 207.5 | E42: 11.83 | F42: =12/8 -> 1.5
A43: Champaign Central B | B43: IHSSBCA Turnabout at Bloomington | C43: IS112A | D43: 162.5 | E43: 10.8 | F43: =10/8 -> 1.25
A44: Chariton A | B44: Drake University Bulldog Bowl | C44: IS112A | D44: 267.5 | E44: 18.15 | F44: 2.6
A45: Chariton B | B45: Drake University Bulldog Bowl | C45: IS112A | D45: 152.8 | E45: 12.1 | F45: 0.8
A46: Chaska A | B46: Run for the Roses | C46: IS112A | D46: 378.4 | E46: 23.91 | F46: 6.1
A47: Chaska B | B47: Run for the Roses | C47: IS112A | D47: 256.9 | E47: 17.69 | F47: 2.1666667
A48: Chaska C | B48: Run for the Roses | C48: IS112A | D48: 137 | E48: 11.09 | F48: 0.83333333
A49: Chaska D | B49: Run for the Roses | C49: IS112A | D49: 261 | E49: 16.8 | F49: =18/7 -> 2.5714286
A50: Chaska E | B50: Run for the Roses | C50: IS112A | D50: 187 | E50: 17.45 | F50: 1
A51: Chaska F | B51: Run for the Roses | C51: IS112A | D51: 131.2 | E51: 11.97 | F51: 0.83333333
A52: Chicago Christian | B52: IHSSBCA Turnabout at Fenton | C52: IS112A | D52: 383.1 | E52: 19.67 | F52: =27/8 -> 3.375
A53: Cinco Ranch | B53: TQBA Maverick | C53: IS112A | D53: 134.3 | E53: 13.75 | F53: =8/7 -> 1.1428571
A54: Cisne | B54: IHSSBCA Turnabout at Greenville | C54: IS112A | D54: 100.6 | E54: 9.03 | F54: =5/8 -> 0.625
A55: Columbia | B55: IHSSBCA Turnabout at Greenville | C55: IS112A | D55: 290.6 | E55: 16.23 | F55: =15/8 -> 1.875
A56: Culver A | B56: Culver Frosh/Soph | C56: IS112A | D56: 247.7 | E56: 16.14 | F56: =30/11 -> 2.7272727
A57: Culver B | B57: Culver Frosh/Soph | C57: IS112A | D57: 126.8 | E57: 11.48 | F57: =13/11 -> 1.1818182
A58: Danville A | B58: IHSSBCA Turnabout at Bloomington | C58: IS112A | D58: 195.6 | E58: 16.53 | F58: =21/8 -> 2.625
A59: Danville B | B59: IHSSBCA Turnabout at Bloomington | C59: IS112A | D59: 140 | E59: 10.68 | F59: =6/8 -> 0.75
A60: Davenport North | B60: Drake University Bulldog Bowl | C60: IS112A | D60: 154.4 | E60: 12.74 | F60: 0.5
A61: DCC A | B61: Culver Frosh/Soph | C61: IS112A | D61: 348.6 | E61: 21.83 | F61: =25/11 -> 2.2727273
A62: DCC B | B62: Culver Frosh/Soph | C62: IS112A | D62: 250 | E62: 16.86 | F62: =14/11 -> 1.2727273
A63: Deer Park HS A | B63: Half Hollow Hills West | C63: IS112A | D63: 140 | E63: 16.43 | F63: 0.2
A64: Deer Park HS B | B64: Half Hollow Hills West | C64: IS112A | D64: 54 | E64: 8.44 | F64: 0.4
A65: DeLaSalle A | B65: Run for the Roses | C65: IS112A | D65: 172.8 | E65: 15.44 | F65: =6/7 -> 0.85714286
A66: DeLaSalle B | B66: Run for the Roses | C66: IS112A | D66: 188.8 | E66: 17.72 | F66: =16/7 -> 2.2857143
A67: DeLaSalle C | B67: Run for the Roses | C67: IS112A | D67: 116.4 | E67: 14.06 | F67: 0.83333333
A68: Dwight Morrow | B68: Half Hollow Hills West | C68: IS112A | D68: 242 | E68: 16.59 | F68: =13/5 -> 2.6
A69: East Peoria | B69: IHSSBCA Turnabout at Bloomington | C69: IS112A | D69: 203.8 | E69: 15.45 | F69: =12/8 -> 1.5
A70: Eden Prairie A | B70: Run for the Roses | C70: IS112A | D70: 327.1 | E70: 19.52 | F70: =28/8 -> 3.5
A71: Eden Prairie B | B71: Run for the Roses | C71: IS112A | D71: 276.7 | E71: 17.03 | F71: 3.8333333
A72: Edison A | B72: Baby Anteater XIII | C72: IS112A | D72: 144.1 | E72: 12.75 | F72: =10/11 -> 0.90909091
A73: Edison B | B73: Baby Anteater XIII | C73: IS112A | D73: 105.9 | E73: 9.13 | F73: =8/11 -> 0.72727273
A74: Edison HS A | B74: Half Hollow Hills West | C74: IS112A | D74: 167 | E74: 12.78 | F74: =7/5 -> 1.4
A75: Elmwood A | B75: IHSSBCA Turnabout at Bloomington | C75: IS112A | D75: 248.1 | E75: 15.79 | F75: =15/8 -> 1.875
A76: Elmwood B | B76: IHSSBCA Turnabout at Bloomington | C76: IS112A | D76: 291.9 | E76: 10 | F76: =9/8 -> 1.125
A77: Ernestown A | B77: Kingston-Area Tournament | C77: IS112A | D77: 60 | E77: 8.52 | F77: 0
A78: Ernestown B | B78: Kingston-Area Tournament | C78: IS112A | D78: 76.2 | E78: 7.65 | F78: =4/8 -> 0.5
A79: Fairfield | B79: IHSSBCA Turnabout at Carbondale | C79: IS112A | D79: 287.5 | E79: 15.71 | F79: 0.5
A80: Farmingdale A | B80: Half Hollow Hills West | C80: IS112A | D80: 235 | E80: 17.33 | F80: =7/5 -> 1.4
A81: Farmingdale B | B81: Half Hollow Hills West | C81: IS112A | D81: 116 | E81: 10 | F81: 0.4
A82: Fenton A | B82: IHSSBCA Turnabout at Fenton | C82: IS112A | D82: 376.1 | E82: 18.7 | F82: =43/9 -> 4.7777778
A83: Fenton B | B83: IHSSBCA Turnabout at Fenton | C83: IS112A | D83: 118.1 | E83: 10.91 | F83: =3/8 -> 0.375
A84: Galesburg | B84: IHSSBCA Turnabout at Bloomington | C84: IS112A | D84: 135.6 | E84: 9.76 | F84: =13/8 -> 1.625
A85: Georgetown Day A | B85: Half Hollow Hills West | C85: IS112A | D85: 420 | E85: 21.6 | F85: 6.6
A86: Georgetown Day B | B86: Half Hollow Hills West | C86: IS112A | D86: 462.7 | E86: 24.68 | F86: =75/11 -> 6.8181818
A87: Glenbard East A | B87: IHSSBCA Turnabout at Fenton | C87: IS112A | D87: 324.4 | E87: 18.46 | F87: =19/8 -> 2.375
A88: Glenbard East B | B88: IHSSBCA Turnabout at Fenton | C88: IS112A | D88: 131.9 | E88: 13.53 | F88: =5/8 -> 0.625
A89: Glenbard North A | B89: IHSSBCA Turnabout at Fenton | C89: IS112A | D89: 331.9 | E89: 20.42 | F89: =29/8 -> 3.625
A90: Glenbard North B | B90: IHSSBCA Turnabout at Fenton | C90: IS112A | D90: 171.9 | E90: 16.19 | F90: =7/8 -> 0.875
A91: Great Neck North A | B91: Half Hollow Hills West | C91: IS112A | D91: 351 | E91: 19.91 | F91: =21/5 -> 4.2
A92: Great Neck South A | B92: Half Hollow Hills West | C92: IS112A | D92: 446.1 | E92: 23.43 | F92: =58/9 -> 6.4444444
A93: Great Neck South B | B93: Half Hollow Hills West | C93: IS112A | D93: 303 | E93: 21.6 | F93: 3
A94: Great Neck South C | B94: Half Hollow Hills West | C94: IS112A | D94: 149 | E94: 13.75 | F94: 0.6
A95: Great Neck South D | B95: Half Hollow Hills West | C95: IS112A | D95: 139 | E95: 10.91 | F95: 0.2
A96: Great Neck South E | B96: Half Hollow Hills West | C96: IS112A | D96: 51 | E96: 8.57 | F96: =2/5 -> 0.4
A97: Great Neck South F | B97: Half Hollow Hills West | C97: IS112A | D97: 180 | E97: 13.78 | F97: =7/5 -> 1.4
A98: Greenville A | B98: IHSSBCA Turnabout at Greenville | C98: IS112A | D98: 281.2 | E98: 15 | F98: =18/8 -> 2.25
A99: Greenville B | B99: IHSSBCA Turnabout at Greenville | C99: IS112A | D99: 132.5 | E99: 14.83 | F99: =10/8 -> 1.25
A100: Harborfields HS A | B100: Half Hollow Hills West | C100: IS112A | D100: 261 | E100: 17.61 | F100: =14/5 -> 2.8
...

Sheet IS113
A1: Team | B1: Tourney | C1: Set | D1: PPG | E1: PPB | F1: 15PG
A2: A.I. Dupont | B2: Delaware Spring Tournament | C2: IS113 | D2: 36.9 | E2: 5 | F2: =1/8 -> 0.125
A3: Aberdeen | B3: Delaware Spring Tournament | C3: IS113 | D3: 96.9 | E3: 8.45 | F3: =7/8 -> 0.875
A4: Bainbridge A | B4: Maclay Marauder | C4: IS113 | D4: 307.2 | E4: 15.41 | F4: 3.1
A5: Baulding (Burlington/Spaulding) | B5: NAQT Vermont Championship | C5: IS113 | D5: 74.4 | E5: 7.25 | F5: =2/9 -> 0.22222222
A6: Bayside Academy A | B6: Maclay Marauder | C6: IS113 | D6: 82.1 | E6: 8.44 | F6: =1/4 -> 0.25
A7: BFA-Fairfax A | B7: NAQT Vermont Championship | C7: IS113 | D7: 50 | E7: 5.67 | F7: =1/9 -> 0.11111111
A8: BFA-Fairfax B | B8: NAQT Vermont Championship | C8: IS113 | D8: 48.9 | E8: 3.64 | F8: 0
A9: Bloomington A | B9: Springfield Varsity | C9: IS113 | D9: 289.4 | E9: 15 | F9: =17/8 -> 2.125
A10: Bloomington B | B10: Springfield Varsity | C10: IS113 | D10: 141.2 | E10: 8.72 | F10: =4/8 -> 0.5
A11: Brighton A | B11: Rube Goldberg Invitational | C11: IS113 | D11: 195 | E11: 12.65 | F11: 1
A12: Brighton B | B12: Rube Goldberg Invitational | C12: IS113 | D12: 120 | E12: 11.82 | F12: 0.1
A13: Brighton C | B13: Rube Goldberg Invitational | C13: IS113 | D13: 118.5 | E13: 9.33 | F13: 0.6
A14: Brighton D | B14: Rube Goldberg Invitational | C14: IS113 | D14: 84.5 | E14: 7.3 | F14: 0.4
A15: Brookwood School A | B15: Maclay Marauder | C15: IS113 | D15: 112.5 | E15: 11.11 | F15: =3/5 -> 0.6
A16: Buchholz A | B16: Maclay Marauder | C16: IS113 | D16: 161.8 | E16: 11.18 | F16: =4/8 -> 0.5
A17: Burlington A | B17: NAQT Vermont Championship | C17: IS113 | D17: 191.1 | E17: 15.29 | F17: =14/9 -> 1.5555556
A18: C. Milton Wright A | B18: Delaware Spring Tournament | C18: IS113 | D18: 80.6 | E18: 11.61 | F18: =2/8 -> 0.25
A19: C. Milton Wright B | B19: Delaware Spring Tournament | C19: IS113 | D19: 121.9 | E19: 10.1 | F19: =2/8 -> 0.25
A20: Cabrini | B20: Rube Goldberg Invitational | C20: IS113 | D20: 116 | E20: 10.17 | F20: 0.4
A21: Caesar Rodney A | B21: Delaware Spring Tournament | C21: IS113 | D21: 211.1 | E21: 18.18 | F21: =15/9 -> 1.6666667
A22: Carson City-Crystal | B22: Rube Goldberg Invitational | C22: IS113 | D22: 181.4 | E22: 10.49 | F22: 0.6
A23: Cedar Crest A | B23: Delaware Spring Tournament | C23: IS113 | D23: 182.5 | E23: 13.69 | F23: 2
A24: Centennial A | B24: Springfield Varsity | C24: IS113 | D24: 461.1 | E24: 21.42 | F24: =50/9 -> 5.5555556
A25: Centennial B | B25: Springfield Varsity | C25: IS113 | D25: 246.9 | E25: 15 | F25: =3/8 -> 0.375
A26: Centennial C | B26: Springfield Varsity | C26: IS113 | D26: 140 | E26: 8.89 | F26: =14/8 -> 1.75
A27: Champaign Central | B27: Springfield Varsity | C27: IS113 | D27: 226.9 | E27: 12.58 | F27: =20/8 -> 2.5
A28: Champlain Valley A | B28: NAQT Vermont Championship | C28: IS113 | D28: 247.2 | E28: 15.11 | F28: =19/9 -> 2.1111111
A29: Champlain Valley B | B29: NAQT Vermont Championship | C29: IS113 | D29: 101.1 | E29: 8.37 | F29: =3/9 -> 0.33333333
A30: Champlain Valley C | B30: NAQT Vermont Championship | C30: IS113 | D30: 75.6 | E30: 10.42 | F30: =6/9 -> 0.66666667
A31: Charles F. Brush A | B31: Glen Gonsalves Memorial (Varsity) | C31: IS113 | D31: 215.5 | E31: 14.06 | F31: 2
A32: Charles F. Brush B | B32: Glen Gonsalves Memorial (Varsity) | C32: IS113 | D32: 128 | E32: 11.83 | F32: 0.6
A33: Charles F. Brush JV | B33: Glen Gonsalves Memorial (Junior Varsity) | C33: IS113 | D33: 93.3 | E33: 6.67 | F33: =5/9 -> 0.55555556
A34: Collegiate High at NWFSC A | B34: Maclay Marauder | C34: IS113 | D34: 144 | E34: 10.33 | F34: =1/6 -> 0.16666667
A35: Collegiate High at NWFSC B | B35: Maclay Marauder | C35: IS113 | D35: 99.1 | E35: 10.37 | F35: =1/7 -> 0.14285714
A36: Concord A | B36: Delaware Spring Tournament | C36: IS113 | D36: 165.6 | E36: 13.48 | F36: =6/8 -> 0.75
A37: Copley A | B37: Glen Gonsalves Memorial (Varsity) | C37: IS113 | D37: 290.5 | E37: 19.39 | F37: 2.4
A38: Copley B | B38: Glen Gonsalves Memorial (Varsity) | C38: IS113 | D38: 198.5 | E38: 12.91 | F38: 1.8
A39: Copley JV | B39: Glen Gonsalves Memorial (Junior Varsity) | C39: IS113 | D39: 145 | E39: 9.85 | F39: =4/9 -> 0.44444444
A40: Cranbrook Kingswood | B40: Rube Goldberg Invitational | C40: IS113 | D40: 145.5 | E40: 11.27 | F40: 0.5
A41: Detroit Catholic Central A | B41: Rube Goldberg Invitational | C41: IS113 | D41: 405.5 | E41: 20.45 | F41: =41/11 -> 3.7272727
A42: Detroit Catholic Central B | B42: Rube Goldberg Invitational | C42: IS113 | D42: 254.5 | E42: 14.77 | F42: =25/11 -> 2.2727273
A43: Detroit Country Day A | B43: Rube Goldberg Invitational | C43: IS113 | D43: 481.4 | E43: 22.39 | F43: =64/11 -> 5.8181818
A44: Detroit Country Day B | B44: Rube Goldberg Invitational | C44: IS113 | D44: 197 | E44: 12.81 | F44: 0.5
A45: Detroit Country Day C | B45: Rube Goldberg Invitational | C45: IS113 | D45: 139.5 | E45: 11.52 | F45: 0.5
A46: Detroit Country Day D | B46: Rube Goldberg Invitational | C46: IS113 | D46: 65.5 | E46: 7.5 | F46: 0.6
A47: Divine Child A | B47: Rube Goldberg Invitational | C47: IS113 | D47: 131.9 | E47: 8.64 | F47: 1.1
A48: Divine Child B | B48: Rube Goldberg Invitational | C48: IS113 | D48: 84.5 | E48: 10.71 | F48: 0.3
A49: East Lansing | B49: Rube Goldberg Invitational | C49: IS113 | D49: 143.1 | E49: 9.66 | F49: 1
A50: Essex A | B50: NAQT Vermont Championship | C50: IS113 | D50: 204.4 | E50: 16.27 | F50: =17/9 -> 1.8888889
A51: Essex B | B51: NAQT Vermont Championship | C51: IS113 | D51: 176.1 | E51: 13.75 | F51: =12/9 -> 1.3333333
A52: Essex C | B52: NAQT Vermont Championship | C52: IS113 | D52: 62.8 | E52: 6.84 | F52: =3/9 -> 0.33333333
A53: Fair Haven A | B53: NAQT Vermont Championship | C53: IS113 | D53: 110 | E53: 12.56 | F53: =5/9 -> 0.55555556
A54: Fair Haven B | B54: NAQT Vermont Championship | C54: IS113 | D54: 64.4 | E54: 6.22 | F54: 0
A55: Fair Haven C | B55: NAQT Vermont Championship | C55: IS113 | D55: 53.9 | E55: 5.3 | F55: 0
A56: Farmington Hills Mercy | B56: Rube Goldberg Invitational | C56: IS113 | D56: 167 | E56: 11.28 | F56: 0.4
A57: Firestone | B57: Glen Gonsalves Memorial (Varsity) | C57: IS113 | D57: 194 | E57: 13.81 | F57: 1.6
A58: Firestone JV | B58: Glen Gonsalves Memorial (Junior Varsity) | C58: IS113 | D58: 140.6 | E58: 8.97 | F58: =6/9 -> 0.66666667
A59: FSUS | B59: Maclay Marauder | C59: IS113 | D59: 72.3 | E59: 9.41 | F59: =5/7 -> 0.71428571
A60: Geneva A | B60: Glen Gonsalves Memorial (Varsity) | C60: IS113 | D60: 39.4 | E60: 5.2 | F60: =1/9 -> 0.11111111
A61: Geneva B | B61: Glen Gonsalves Memorial (Varsity) | C61: IS113 | D61: 59 | E61: 5.79 | F61: 0.1
A62: Geneva C | B62: Glen Gonsalves Memorial (Varsity) | C62: IS113 | D62: 51.7 | E62: 4.84 | F62: =2/9 -> 0.22222222
A63: Georgetown Day School A | B63: Delaware Spring Tournament | C63: IS113 | D63: 358.1 | E63: 18.88 | F63: =40/8 -> 5
A64: Glenwood A | B64: Springfield Varsity | C64: IS113 | D64: 355 | E64: 17.58 | F64: =18/8 -> 2.25
A65: Glenwood B | B65: Springfield Varsity | C65: IS113 | D65: 218.8 | E65: 13.08 | F65: =6/8 -> 0.75
A66: Grosse Pointe North A | B66: Rube Goldberg Invitational | C66: IS113 | D66: 207.9 | E66: 14.94 | F66: 0.9
A67: Grosse Pointe North B | B67: Rube Goldberg Invitational | C67: IS113 | D67: 165 | E67: 10.62 | F67: 0.8
A68: Hanover A | B68: NAQT Vermont Championship | C68: IS113 | D68: 411.1 | E68: 22.46 | F68: =28/9 -> 3.1111111
A69: Hanover B | B69: NAQT Vermont Championship | C69: IS113 | D69: 137.8 | E69: 13.12 | F69: =10/9 -> 1.1111111
A70: Harry S. Truman | B70: Rube Goldberg Invitational | C70: IS113 | D70: 268 | E70: 16.83 | F70: 1.3
A71: Haverford A | B71: Delaware Spring Tournament | C71: IS113 | D71: 161.9 | E71: 13.6 | F71: =10/8 -> 1.25
A72: Hawken School A | B72: Glen Gonsalves Memorial (Varsity) | C72: IS113 | D72: 430.8 | E72: 21.72 | F72: 5.8
A73: Hawken School B | B73: Glen Gonsalves Memorial (Varsity) | C73: IS113 | D73: 211.5 | E73: 16.67 | F73: 1.7
A74: Henderson A | B74: Delaware Spring Tournament | C74: IS113 | D74: 251.9 | E74: 15.38 | F74: =20/8 -> 2.5
A75: Holt A | B75: Rube Goldberg Invitational | C75: IS113 | D75: 143.5 | E75: 10.79 | F75: 0.3
A76: Holt B | B76: Rube Goldberg Invitational | C76: IS113 | D76: 35 | E76: 5 | F76: 0.2
A77: Hudson A | B77: Glen Gonsalves Memorial (Varsity) | C77: IS113 | D77: 140.5 | E77: 12.95 | F77: 0.7
A78: Hudson B | B78: Glen Gonsalves Memorial (Varsity) | C78: IS113 | D78: 149 | E78: 12.28 | F78: 2.1
A79: Hudson JV A | B79: Glen Gonsalves Memorial (Junior Varsity) | C79: IS113 | D79: 195 | E79: 11.46 | F79: =12/9 -> 1.3333333
A80: Hudson JV B | B80: Glen Gonsalves Memorial (Junior Varsity) | C80: IS113 | D80: 133.9 | E80: 10.93 | F80: =7/9 -> 0.77777778
A81: Ionia A | B81: Rube Goldberg Invitational | C81: IS113 | D81: 70.5 | E81: 7.05 | F81: 0.2
A82: Ionia B | B82: Rube Goldberg Invitational | C82: IS113 | D82: 133.5 | E82: 11.52 | F82: 0.6
A83: Jackson | B83: Rube Goldberg Invitational | C83: IS113 | D83: 135.5 | E83: 8.13 | F83: 0.7
A84: Jacksonville | B84: Springfield Varsity | C84: IS113 | D84: 241.9 | E84: 14.2 | F84: =21/8 -> 2.625
A85: Kalamazoo Christian A | B85: Rube Goldberg Invitational | C85: IS113 | D85: 196.7 | E85: 12.12 | F85: =10/9 -> 1.1111111
A86: Kalamazoo Christian B | B86: Rube Goldberg Invitational | C86: IS113 | D86: 126 | E86: 9.38 | F86: 0.8
A87: Kent City | B87: Rube Goldberg Invitational | C87: IS113 | D87: 193.3 | E87: 13.47 | F87: =13/9 -> 1.4444444
A88: Lansing Homeschoolers | B88: Rube Goldberg Invitational | C88: IS113 | D88: 120.5 | E88: 7.32 | F88: 0.9
A89: Lawton Chiles A | B89: Maclay Marauder | C89: IS113 | D89: 286.6 | E89: 15.35 | F89: =18/8 -> 2.25
A90: Lawton Chiles B | B90: Maclay Marauder | C90: IS113 | D90: 121.5 | E90: 11.67 | F90: =3/7 -> 0.42857143
A91: Leon A | B91: Maclay Marauder | C91: IS113 | D91: 190.2 | E91: 12.8 | F91: =10/8 -> 1.25
A92: Leon B | B92: Maclay Marauder | C92: IS113 | D92: 81.2 | E92: 7.14 | F92: 0
A93: Lincoln | B93: Springfield Varsity | C93: IS113 | D93: 105 | E93: 7.44 | F93: =4/8 -> 0.5
A94: Lincoln | B94: Maclay Marauder | C94: IS113 | D94: 222.8 | E94: 13.29 | F94: =15/9 -> 1.6666667
A95: Litchfield A | B95: Springfield Varsity | C95: IS113 | D95: 307.5 | E95: 15.06 | F95: =12/8 -> 1.5
A96: Litchfield B | B96: Springfield Varsity | C96: IS113 | D96: 78.8 | E96: 8.08 | F96: =2/8 -> 0.25
A97: LSA | B97: Springfield Varsity | C97: IS113 | D97: 187.5 | E97: 10.65 | F97: =10/8 -> 1.25
A98: Lumen Christi A | B98: Rube Goldberg Invitational | C98: IS113 | D98: 128.5 | E98: 10.54 | F98: 0.6
A99: Lumen Christi B | B99: Rube Goldberg Invitational | C99: IS113 | D99: 118 | E99: 9.67 | F99: 0.7
A100: Macomb A | B100: Springfield Varsity | C100: IS113 | D100: 506.1 | E100: 21.61 | F100: =51/9 -> 5.6666667
...

Sheet IS114A
A1: Team | B1: Tourney | C1: Set | D1: PPG | E1: PPB | F1: 15PG
A2: Parkway Central JV | B2: Villa Duchesne Invitational (JV) | C2: IS114A | D2: 331.1 | E2: 18.14 | F2: 3.2
A3: St. Louis Priory JV | B3: Villa Duchesne Invitational (JV) | C3: IS114A | D3: 304 | E3: 17.79 | F3: 3.6
A4: Ladue Horton Watkins JV A | B4: Villa Duchesne Invitational (JV) | C4: IS114A | D4: 257.9 | E4: 13.22 | F4: 1
A5: St. Louis University High JV | B5: Villa Duchesne Invitational (JV) | C5: IS114A | D5: 312.9 | E5: 18.07 | F5: =26/8 -> 3.25
A6: Christian Brothers JV | B6: Villa Duchesne Invitational (JV) | C6: IS114A | D6: 230 | E6: 13.56 | F6: =28/8 -> 3.5
A7: De Smet Jesuit JV | B7: Villa Duchesne Invitational (JV) | C7: IS114A | D7: 148.1 | E7: 11.94 | F7: =11/8 -> 1.375
A8: St. Joseph's JV | B8: Villa Duchesne Invitational (JV) | C8: IS114A | D8: 173.8 | E8: 13.6 | F8: =12/8 -> 1.5
A9: Ladue Horton Watkins JV B | B9: Villa Duchesne Invitational (JV) | C9: IS114A | D9: 237.5 | E9: 14.61 | F9: =11/8 -> 1.375
A10: Parkway South JV | B10: Villa Duchesne Invitational (JV) | C10: IS114A | D10: 75.6 | E10: 6.94 | F10: =2/8 -> 0.25
A11: Pattonville JV | B11: Villa Duchesne Invitational (JV) | C11: IS114A | D11: 80.6 | E11: 8.57 | F11: =1/8 -> 0.125
A12: Villa Duchesne JV | B12: Villa Duchesne Invitational (JV) | C12: IS114A | D12: 72.5 | E12: 7.73 | F12: =3/8 -> 0.375
A13: Webster Groves JV | B13: Villa Duchesne Invitational (JV) | C13: IS114A | D13: 47.9 | E13: 10 | F13: =1/8 -> 0.125
A14: Early College at Guilford | B14: NCASA Central | C14: IS114A | D14: 475.6 | E14: 22.19 | F14: =50/8 -> 6.25
A15: Carrboro | B15: NCASA Central | C15: IS114A | D15: 417.5 | E15: 21.37 | F15: =39/8 -> 4.875
A16: Jordan-Matthews | B16: NCASA Central | C16: IS114A | D16: 226.9 | E16: 14.93 | F16: =12/8 -> 1.5
A17: Chapel Hill | B17: NCASA Central | C17: IS114A | D17: 183.1 | E17: 13.02 | F17: =11/8 -> 1.375
A18: Page | B18: NCASA Central | C18: IS114A | D18: 250.6 | E18: 15.26 | F18: =28/8 -> 3.5
A19: Western Alamance | B19: NCASA Central | C19: IS114A | D19: 160.6 | E19: 13.55 | F19: =13/8 -> 1.625
A20: Southeast Guilford | B20: NCASA Central | C20: IS114A | D20: 86.7 | E20: 7.67 | F20: 0
A21: Southern Guilford | B21: NCASA Central | C21: IS114A | D21: 69.2 | E21: 10 | F21: =2/8 -> 0.25
A22: Lexington | B22: NCASA Central | C22: IS114A | D22: 67.1 | E22: 6.55 | F22: =3/8 -> 0.375
A23: Northwest Guilford | B23: NCASA Central | C23: IS114A | D23: 84 | E23: 8.7 | F23: =3/8 -> 0.375
A24: Ardrey Kell | B24: NCASA West | C24: IS114A | D24: 342.1 | E24: 18.13 | F24: 4
A25: Myers Park | B25: NCASA West | C25: IS114A | D25: 419.3 | E25: 21.1 | F25: =29/7 -> 4.1428571
A26: A. L. Brown | B26: NCASA West | C26: IS114A | D26: 187.4 | E26: 13.89 | F26: =10/7 -> 1.4285714
A27: Thomas Jefferson Classical | B27: NCASA West | C27: IS114A | D27: 224.5 | E27: 15.65 | F27: =8/7 -> 1.1428571
A28: Lincolnton | B28: NCASA West | C28: IS114A | D28: 162.1 | E28: 11.73 | F28: =8/7 -> 1.1428571
A29: Newton-Conover Health Science | B29: NCASA West | C29: IS114A | D29: 163.6 | E29: 15.58 | F29: =16/7 -> 2.2857143
A30: Statesville Christian | B30: NCASA West | C30: IS114A | D30: 115 | E30: 13.14 | F30: =3/7 -> 0.42857143
A31: Simon G. Atkins | B31: NCASA West | C31: IS114A | D31: 107.1 | E31: 11.71 | F31: =3/7 -> 0.42857143
A32: North Kansas City A | B32: Savannah Invitational Large School | C32: IS114A | D32: 473.8 | E32: 21.95 | F32: =47/8 -> 5.875
A33: Smithville | B33: Savannah Invitational Large School | C33: IS114A | D33: 345 | E33: 18.46 | F33: =29/8 -> 3.625
A34: Park Hill South | B34: Savannah Invitational Large School | C34: IS114A | D34: 351.9 | E34: 19.78 | F34: =29/8 -> 3.625
A35: St. Pius X | B35: Savannah Invitational Large School | C35: IS114A | D35: 252.5 | E35: 18.36 | F35: =18/8 -> 2.25
A36: Bishop LeBlond | B36: Savannah Invitational Large School | C36: IS114A | D36: 225 | E36: 13.42 | F36: =10/6 -> 1.6666667
A37: Lee's Summit North | B37: Savannah Invitational Large School | C37: IS114A | D37: 251.7 | E37: 18.94 | F37: =10/6 -> 1.6666667
A38: St. Joseph Central | B38: Savannah Invitational Large School | C38: IS114A | D38: 213.3 | E38: 13.15 | F38: =9/6 -> 1.5
A39: Truman | B39: Savannah Invitational Large School | C39: IS114A | D39: 351.7 | E39: 17.7 | F39: =19/6 -> 3.1666667
A40: Maryville | B40: Savannah Invitational Large School | C40: IS114A | D40: 184 | E40: 15.28 | F40: =6/5 -> 1.2
A41: North Kansas City B | B41: Savannah Invitational Large School | C41: IS114A | D41: 200 | E41: 13.02 | F41: =8/5 -> 1.6
A42: Liberty North B | B42: Savannah Invitational Large School | C42: IS114A | D42: 160 | E42: 10.79 | F42: =4/5 -> 0.8
A43: Lafayette | B43: Savannah Invitational Large School | C43: IS114A | D43: 157 | E43: 11.94 | F43: =3/5 -> 0.6
A44: Benton | B44: Savannah Invitational Large School | C44: IS114A | D44: 133 | E44: 15.56 | F44: =1/5 -> 0.2
A45: Platte County | B45: Savannah Invitational Large School | C45: IS114A | D45: 109 | E45: 8.62 | F45: 1
A46: Chillicothe | B46: Savannah Invitational Large School | C46: IS114A | D46: 84 | E46: 6.8 | F46: =1/5 -> 0.2
A47: Oak Park | B47: Savannah Invitational Large School | C47: IS114A | D47: 127 | E47: 15.4 | F47: =2/5 -> 0.4
A48: Liberty North A | B48: Savannah Invitational Large School | C48: IS114A | D48: 39 | E48: 10 | F48: =1/5 -> 0.2
A49: Van Horn | B49: Savannah Invitational Large School | C49: IS114A | D49: 6 | E49: 5 | F49: 0
A50: Pilot Grove | B50: Savannah Invitational Small School | C50: IS114A | D50: 315 | E50: 16.83 | F50: =14/8 -> 1.75
A51: Mound City | B51: Savannah Invitational Small School | C51: IS114A | D51: 430.6 | E51: 19.38 | F51: =35/8 -> 4.375
A52: Cameron | B52: Savannah Invitational Small School | C52: IS114A | D52: 222.5 | E52: 13.44 | F52: =10/8 -> 1.25
A53: Barstow | B53: Savannah Invitational Small School | C53: IS114A | D53: 269.4 | E53: 16.05 | F53: =14/8 -> 1.75
A54: Bedford | B54: Savannah Invitational Small School | C54: IS114A | D54: 104.2 | E54: 10 | F54: =7/6 -> 1.1666667
A55: Lathrop A | B55: Savannah Invitational Small School | C55: IS114A | D55: 114.2 | E55: 9.17 | F55: =3/6 -> 0.5
A56: North Andrew | B56: Savannah Invitational Small School | C56: IS114A | D56: 130 | E56: 11.62 | F56: =4/6 -> 0.66666667
A57: West Nodaway | B57: Savannah Invitational Small School | C57: IS114A | D57: 113.3 | E57: 10.91 | F57: =5/6 -> 0.83333333
A58: South Holt | B58: Savannah Invitational Small School | C58: IS114A | D58: 82 | E58: 7.83 | F58: =1/6 -> 0.16666667
A59: Lathrop B | B59: Savannah Invitational Small School | C59: IS114A | D59: 60 | E59: 13.08 | F59: =2/6 -> 0.33333333
A60: East Buchanan | B60: Savannah Invitational Small School | C60: IS114A | D60: 66 | E60: 9.41 | F60: =1/6 -> 0.16666667
A61: Tarkio | B61: Savannah Invitational Small School | C61: IS114A | D61: 55 | E61: 4 | F61: =2/6 -> 0.33333333
A62: Stoughton B | B62: Ranger Academic Tournament | C62: IS114A | D62: 365.6 | E62: 18.17 | F62: =24/9 -> 2.6666667
A63: West Salem A | B63: Ranger Academic Tournament | C63: IS114A | D63: 236.7 | E63: 14.4 | F63: =22/9 -> 2.4444444
A64: La Crosse Logan A | B64: Ranger Academic Tournament | C64: IS114A | D64: 315 | E64: 18.07 | F64: 3.2
A65: La Crosse Central | B65: Ranger Academic Tournament | C65: IS114A | D65: 227 | E65: 16.47 | F65: 1.5
A66: La Crosse Logan B | B66: Ranger Academic Tournament | C66: IS114A | D66: 213.3 | E66: 15 | F66: =14/9 -> 1.5555556
A67: Stoughton A | B67: Ranger Academic Tournament | C67: IS114A | D67: 210.6 | E67: 13.38 | F67: =11/9 -> 1.2222222
A68: La Crosse Logan D | B68: Ranger Academic Tournament | C68: IS114A | D68: 203.1 | E68: 14.92 | F68: =10/9 -> 1.1111111
A69: Athens | B69: Ranger Academic Tournament | C69: IS114A | D69: 220 | E69: 16.57 | F69: =14/9 -> 1.5555556
A70: Youth Initiative A | B70: Ranger Academic Tournament | C70: IS114A | D70: 82.9 | E70: 10 | F70: =3/9 -> 0.33333333
A71: West Salem B | B71: Ranger Academic Tournament | C71: IS114A | D71: 91.4 | E71: 10 | F71: =4/9 -> 0.44444444
A72: Regis A | B72: Ranger Academic Tournament | C72: IS114A | D72: 164 | E72: 12.43 | F72: =4/8 -> 0.5
A73: Regis B | B73: Ranger Academic Tournament | C73: IS114A | D73: 123 | E73: 11.79 | F73: =2/8 -> 0.25
A74: Stoughton C | B74: Ranger Academic Tournament | C74: IS114A | D74: 218.8 | E74: 14.71 | F74: =8/9 -> 0.88888889
A75: La Crosse Logan C | B75: Ranger Academic Tournament | C75: IS114A | D75: 105.6 | E75: 10.44 | F75: =5/9 -> 0.55555556
A76: Osseo-Fairchild | B76: Ranger Academic Tournament | C76: IS114A | D76: 78.8 | E76: 8.43 | F76: =2/9 -> 0.22222222
A77: Onalaska | B77: Ranger Academic Tournament | C77: IS114A | D77: 117.5 | E77: 13.17 | F77: =1/9 -> 0.11111111
A78: Stoughton D | B78: Ranger Academic Tournament | C78: IS114A | D78: 65.6 | E78: 10.38 | F78: =2/9 -> 0.22222222
A79: Regis C | B79: Ranger Academic Tournament | C79: IS114A | D79: 57 | E79: 6.11 | F79: =1/9 -> 0.11111111
A80: Helias A | B80: Missouri S&T Spring Large School | C80: IS114A | D80: 507.2 | E80: 22.06 | F80: =56/9 -> 6.2222222
A81: Helias B | B81: Missouri S&T Spring Large School | C81: IS114A | D81: 272.4 | E81: 18.92 | F81: =30/9 -> 3.3333333
A82: Eureka | B82: Missouri S&T Spring Large School | C82: IS114A | D82: 236.1 | E82: 15.68 | F82: =23/9 -> 2.5555556
A83: Salem B | B83: Missouri S&T Spring Large School | C83: IS114A | D83: 138.3 | E83: 13.65 | F83: =15/9 -> 1.6666667
A84: Salem A | B84: Missouri S&T Spring Large School | C84: IS114A | D84: 183.2 | E84: 13.75 | F84: =14/8 -> 1.75
A85: Helias C | B85: Missouri S&T Spring Large School | C85: IS114A | D85: 130.6 | E85: 11.04 | F85: =7/8 -> 0.875
A86: Rolla | B86: Missouri S&T Spring Large School | C86: IS114A | D86: 131.9 | E86: 11.43 | F86: =10/8 -> 1.25
A87: Hallsville A | B87: Missouri S&T Spring Small School | C87: IS114A | D87: 328.5 | E87: 17.42 | F87: 3.2
A88: Louisville Eastern | B88: Missouri S&T Spring Small School | C88: IS114A | D88: 330 | E88: 17.84 | F88: 3.8
A89: Hallsville B | B89: Missouri S&T Spring Small School | C89: IS114A | D89: 241 | E89: 14.79 | F89: 1.5
A90: Cuba | B90: Missouri S&T Spring Small School | C90: IS114A | D90: 229 | E90: 15.91 | F90: 2.3
A91: Houston | B91: Missouri S&T Spring Small School | C91: IS114A | D91: 93 | E91: 9.39 | F91: 0.7
A92: Hancock Place | B92: Missouri S&T Spring Small School | C92: IS114A | D92: 67.5 | E92: 8.65 | F92: 0.5
A93: Fatima-Osage County | B93: Truman Bowl | C93: IS114A | D93: 245.6 | E93: 14.4 | F93: =22/9 -> 2.4444444
A94: Kirksville A | B94: Truman Bowl | C94: IS114A | D94: 292.2 | E94: 18.09 | F94: =12/9 -> 1.3333333
A95: Marceline | B95: Truman Bowl | C95: IS114A | D95: 119.4 | E95: 10.64 | F95: =6/8 -> 0.75
A96: Kirksville B | B96: Truman Bowl | C96: IS114A | D96: 79.4 | E96: 7.3 | F96: =1/8 -> 0.125
A97: Tuscumbia | B97: Truman Bowl | C97: IS114A | D97: 28.8 | E97: 3.33 | F97: 0

Sheet IS115
A1: Team | B1: Tourney | C1: Set | D1: PPG | E1: PPB | F1: 15PG
A2: Auburn A | B2: NAQT Illinois Championship | C2: IS115 | D2: 549.6 | E2: 24.78 | F2: =113/12 -> 9.4166667
A3: IMSA A | B3: NAQT Illinois Championship | C3: IS115 | D3: 512.9 | E3: 23.12 | F3: =118/12 -> 9.8333333
A4: Carbondale | B4: NAQT Illinois Championship | C4: IS115 | D4: 441.8 | E4: 20.46 | F4: =73/11 -> 6.6363636
A5: Loyola Academy A | B5: NAQT Illinois Championship | C5: IS115 | D5: 412.9 | E5: 21.59 | F5: =77/12 -> 6.4166667
A6: IMSA B | B6: NAQT Illinois Championship | C6: IS115 | D6: 362.5 | E6: 23.29 | F6: =65/11 -> 5.9090909
A7: New Trier | B7: NAQT Illinois Championship | C7: IS115 | D7: 445.5 | E7: 22.73 | F7: =69/11 -> 6.2727273
A8: Belvidere North A | B8: NAQT Illinois Championship | C8: IS115 | D8: 380.5 | E8: 20.53 | F8: =56/11 -> 5.0909091
A9: Centennial | B9: NAQT Illinois Championship | C9: IS115 | D9: 350.5 | E9: 20.41 | F9: =53/11 -> 4.8181818
A10: Stevenson | B10: NAQT Illinois Championship | C10: IS115 | D10: 363.2 | E10: 20.78 | F10: =50/11 -> 4.5454545
A11: Loyola Academy B | B11: NAQT Illinois Championship | C11: IS115 | D11: 346.8 | E11: 19.14 | F11: =41/11 -> 3.7272727
A12: Auburn B | B12: NAQT Illinois Championship | C12: IS115 | D12: 327.7 | E12: 18.56 | F12: =41/11 -> 3.7272727
A13: Wheaton North A | B13: NAQT Illinois Championship | C13: IS115 | D13: 281.4 | E13: 16.88 | F13: =33/11 -> 3
A14: Wheaton Warrenville South A | B14: NAQT Illinois Championship | C14: IS115 | D14: 263.6 | E14: 18.04 | F14: =26/11 -> 2.3636364
A15: Maine South A | B15: NAQT Illinois Championship | C15: IS115 | D15: 238.6 | E15: 18.82 | F15: =36/11 -> 3.2727273
A16: St. Ignatius A | B16: NAQT Illinois Championship | C16: IS115 | D16: 191.8 | E16: 16.54 | F16: =21/11 -> 1.9090909
A17: Wauconda | B17: NAQT Illinois Championship | C17: IS115 | D17: 191.4 | E17: 14.82 | F17: =20/11 -> 1.8181818
A18: Wheaton North B | B18: NAQT Illinois Championship | C18: IS115 | D18: 276.4 | E18: 15.81 | F18: =19/11 -> 1.7272727
A19: Fenton | B19: NAQT Illinois Championship | C19: IS115 | D19: 256.8 | E19: 14.6 | F19: =32/11 -> 2.9090909
A20: Maine South B | B20: NAQT Illinois Championship | C20: IS115 | D20: 153.2 | E20: 12.13 | F20: =12/11 -> 1.0909091
A21: Belvidere North B | B21: NAQT Illinois Championship | C21: IS115 | D21: 132.3 | E21: 10.41 | F21: =9/11 -> 0.81818182
A22: St. Ignatius B | B22: NAQT Illinois Championship | C22: IS115 | D22: 118.2 | E22: 10.98 | F22: 1
A23: Wheaton Warrenville South B | B23: NAQT Illinois Championship | C23: IS115 | D23: 100 | E23: 10.71 | F23: =5/11 -> 0.45454545
A24: Greenville | B24: NAQT Illinois Championship | C24: IS115 | D24: 95.9 | E24: 9.82 | F24: =5/11 -> 0.45454545
A25: Wheaton Warrenville South C | B25: NAQT Illinois Championship | C25: IS115 | D25: 72.7 | E25: 7.02 | F25: =2/11 -> 0.18181818
A26: Ladue A | B26: NAQT Missouri Qualifier | C26: IS115 | D26: 544.2 | E26: 23.92 | F26: =111/12 -> 9.25
A27: Helias A | B27: NAQT Missouri Qualifier | C27: IS115 | D27: 368.8 | E27: 19.72 | F27: =45/12 -> 3.75
A28: Savannah A | B28: NAQT Missouri Qualifier | C28: IS115 | D28: 349.2 | E28: 19.82 | F28: =42/12 -> 3.5
A29: North Kansas City A | B29: NAQT Missouri Qualifier | C29: IS115 | D29: 296.2 | E29: 18.68 | F29: =31/12 -> 2.5833333
A30: Oakville | B30: NAQT Missouri Qualifier | C30: IS115 | D30: 306.5 | E30: 15.78 | F30: 2.9
A31: Rock Bridge A | B31: NAQT Missouri Qualifier | C31: IS115 | D31: 255 | E31: 15.64 | F31: 2.8
A32: Hickman A | B32: NAQT Missouri Qualifier | C32: IS115 | D32: 239 | E32: 14.79 | F32: 1.5
A33: Ladue B | B33: NAQT Missouri Qualifier | C33: IS115 | D33: 270 | E33: 16.5 | F33: 2.5
A34: Pilot Grove* | B34: NAQT Missouri Qualifier | C34: IS115 | D34: 246.5 | E34: 14.26 | F34: 1.5
A35: NKC B | B35: NAQT Missouri Qualifier | C35: IS115 | D35: 212 | E35: 14.02 | F35: 1.5
A36: Rock Bridge B | B36: NAQT Missouri Qualifier | C36: IS115 | D36: 180.5 | E36: 12.47 | F36: 1.2
A37: Helias B | B37: NAQT Missouri Qualifier | C37: IS115 | D37: 172.5 | E37: 14.65 | F37: 1.1
A38: De Smet A | B38: NAQT Missouri Qualifier | C38: IS115 | D38: 229.5 | E38: 14.53 | F38: 0.7
A39: Raytown South | B39: NAQT Missouri Qualifier | C39: IS115 | D39: 170.5 | E39: 13.01 | F39: 1
A40: Clayton A | B40: NAQT Missouri Qualifier | C40: IS115 | D40: 145.5 | E40: 10.72 | F40: 1.1
A41: Lutheran | B41: NAQT Missouri Qualifier | C41: IS115 | D41: 186 | E41: 13.85 | F41: 1
... A59: Norman North | B59: NAQT Oklahoma State Championship | C59: IS115 | D59: 244 | E59: 14 | F59: 1.5
A60: Drummond A | B60: NAQT Oklahoma State Championship | C60: IS115 | D60: 191.1 | E60: 13.31 | F60: =8/9 -> 0.88888889
A61: Edmond Memorial A | B61: NAQT Oklahoma State Championship | C61: IS115 | D61: 294.4 | E61: 15.98 | F61: =16/9 -> 1.7777778
A62: Drummond B | B62: NAQT Oklahoma State Championship | C62: IS115 | D62: 170.6 | E62: 13.67 | F62: =2/8 -> 0.25
A63: Enid | B63: NAQT Oklahoma State Championship | C63: IS115 | D63: 138.8 | E63: 12.2 | F63: =6/8 -> 0.75
A64: Stillwater | B64: NAQT Oklahoma State Championship | C64: IS115 | D64: 205.6 | E64: 12.11 | F64: =4/8 -> 0.5
A65: Yukon B | B65: NAQT Oklahoma State Championship | C65: IS115 | D65: 142.5 | E65: 10.91 | F65: 1
A66: Cashion A | B66: NAQT Oklahoma State Championship | C66: IS115 | D66: 67.9 | E66: 8.15 | F66: =3/7 -> 0.42857143
A67: Cashion B | B67: NAQT Oklahoma State Championship | C67: IS115 | D67: 32.2 | E67: 7.14 | F67: =2/7 -> 0.28571429
A68: Edmond Memorial B | B68: NAQT Oklahoma State Championship | C68: IS115 | D68: 97.9 | E68: 7.84 | F68: =9/7 -> 1.2857143
A69: Hilldale | B69: NAQT Oklahoma State Championship | C69: IS115 | D69: 125 | E69: 10 | F69: =12/7 -> 1.7142857
A70: Plainview | B70: NAQT Oklahoma State Championship | C70: IS115 | D70: 155.2 | E70: 11.04 | F70: =4/7 -> 0.57142857
A71: Ponca City | B71: NAQT Oklahoma State Championship | C71: IS115 | D71: 69.2 | E71: 8.52 | F71: =2/7 -> 0.28571429
A72: Spoiler | B72: NAQT Oklahoma State Championship | C72: IS115 | D72: 128.7 | E72: 8 | F72: =4/7 -> 0.57142857
A73: Tahlequah | B73: NAQT Oklahoma State Championship | C73: IS115 | D73: 117.1 | E73: 12.16 | F73: =4/7 -> 0.57142857
A74: Georgetown Day A | B74: Blue Hen Invitational | C74: IS115 | D74: 477.1 | E74: 23.45 | F74: =78/12 -> 6.5
A75: Richard Montgomery | B75: Blue Hen Invitational | C75: IS115 | D75: 414.2 | E75: 23.17 | F75: =69/12 -> 5.75
A76: Wilmington Charter B | B76: Blue Hen Invitational | C76: IS115 | D76: 367.7 | E76: 20 | F76: =34/11 -> 3.0909091
A77: Oakland Mills | B77: Blue Hen Invitational | C77: IS115 | D77: 304.5 | E77: 18.35 | F77: =34/11 -> 3.0909091
A78: Caesar Rodney A | B78: Blue Hen Invitational | C78: IS115 | D78: 226 | E78: 17.16 | F78: 1.8
A79: Wilmington Charter A | B79: Blue Hen Invitational | C79: IS115 | D79: 355.5 | E79: 21.82 | F79: 3.3
A80: Georgetown Day B | B80: Blue Hen Invitational | C80: IS115 | D80: 202.8 | E80: 12.35 | F80: 1.6
A81: Wilmington Charter D | B81: Blue Hen Invitational | C81: IS115 | D81: 243.3 | E81: 15.59 | F81: 2
A82: Caravel | B82: Blue Hen Invitational | C82: IS115 | D82: 193.9 | E82: 15.22 | F82: 1
A83: Concord | B83: Blue Hen Invitational | C83: IS115 | D83: 192.8 | E83: 12.97 | F83: 1.6
A84: Wilmington Charter E | B84: Blue Hen Invitational | C84: IS115 | D84: 160 | E84: 12.66 | F84: 0.3
A85: Wilmington Charter C | B85: Blue Hen Invitational | C85: IS115 | D85: 150 | E85: 13.87 | F85: 0.3
A86: Howard | B86: Blue Hen Invitational | C86: IS115 | D86: 146.5 | E86: 11.39 | F86: 0.6
A87: C. Milton Wright A | B87: Blue Hen Invitational | C87: IS115 | D87: 170.5 | E87: 11.12 | F87: 0.7
A88: Caesar Rodney B | B88: Blue Hen Invitational | C88: IS115 | D88: 108.5 | E88: 8.83 | F88: 0.2
A89: C. Milton Wright B | B89: Blue Hen Invitational | C89: IS115 | D89: 114.5 | E89: 11.45 | F89: 0.1
... A91: C. Milton Wright C | B91: Blue Hen Invitational | C91: IS115 | D91: 57.5 | E91: 6.94 | F91: 0

Sheet LIST
A1: Team | B1: Tourney | C1: Set | D1: PPG | E1: PPB | F1: 15PG
A2: Barrington A | B2: Loyola Ultima (Uber) | C2: LIST | D2: 191.8 | E2: 19.43 | F2: =32/11 -> 2.9090909
A3: Barrington B | B3: Loyola Ultima (Standard) | C3: LIST | D3: 171 | E3: 14.79 | F3: 1.6
A4: Belvidere North A | B4: Loyola Ultima (Uber) | C4: LIST | D4: 355.9 | E4: 26.08 | F4: =60/11 -> 5.4545455
A5: Belvidere North B | B5: Loyola Ultima (Standard) | C5: LIST | D5: 194 | E5: 13.75 | F5: 1.5
A6: Belvidere North C | B6: Loyola Ultima (Standard) | C6: LIST | D6: 54.5 | E6: 4.87 | F6: 0.1
A7: Blair | B7: TJIAT (prelims) | C7: LIST | D7: 471.7 | E7: 23.8 | F7: =40/6 -> 6.6666667
A8: Carbondale A | B8: Loyola Ultima (Uber) | C8: LIST | D8: 410.8 | E8: 25.57 | F8: =90/12 -> 7.5
A9: Carbondale B | B9: Loyola Ultima (Standard) | C9: LIST | D9: 314.1 | E9: 20.09 | F9: =27/11 -> 2.4545455
A10: Chicago Christian | B10: Loyola Ultima (Standard) | C10: LIST | D10: 148 | E10: 13.08 | F10: 0.9
A11: Culver A | B11: Loyola Ultima (Uber) | C11: LIST | D11: 327.3 | E11: 25.15 | F11: =53/11 -> 4.8181818
A12: Culver B | B12: Loyola Ultima (Standard) | C12: LIST | D12: 235 | E12: 16.37 | F12: 1
A13: Culver C | B13: Loyola Ultima (Standard) | C13: LIST | D13: 108.5 | E13: 11.4 | F13: 0.5
A14: DCC A | B14: Loyola Ultima (Uber) | C14: LIST | D14: 482.7 | E14: 26.97 | F14: =110/13 -> 8.4615385
A15: Fenton | B15: Loyola Ultima (Standard) | C15: LIST | D15: 311.4 | E15: 20.09 | F15: =48/11 -> 4.3636364
A16: Fenwick A | B16: Loyola Ultima (Standard) | C16: LIST | D16: 309 | E16: 18.38 | F16: 2.5
A17: Fenwick B | B17: Loyola Ultima (Standard) | C17: LIST | D17: 180 | E17: 15.48 | F17: 1.5
A18: Fenwick C | B18: Loyola Ultima (Standard) | C18: LIST | D18: 111 | E18: 9.76 | F18: 0.8
A19: GDS A | B19: TJIAT (prelims) | C19: LIST | D19: 643.6 | E19: 24.88 | F19: =56/7 -> 8
A20: GDS B | B20: TJIAT (prelims) | C20: LIST | D20: 217.5 | E20: 19.09 | F20: =13/6 -> 2.1666667
A21: GDS C | B21: TJIAT (prelims) | C21: LIST | D21: 175.8 | E21: 17.89 | F21: =13/6 -> 2.1666667
A22: Gonzaga | B22: TJIAT (prelims) | C22: LIST | D22: 306.4 | E22: 21.18 | F22: =27/7 -> 3.8571429
A23: Howard | B23: TJIAT (prelims) | C23: LIST | D23: 103.6 | E23: 11.76 | F23: =6/7 -> 0.85714286
A24: IMSA A | B24: Loyola Ultima (Uber) | C24: LIST | D24: 535 | E24: 27.42 | F24: =125/12 -> 10.416667
A25: IMSA B | B25: Loyola Ultima (Uber) | C25: LIST | D25: 345.5 | E25: 24.8 | F25: =65/11 -> 5.9090909
A26: Latin School | B26: Loyola Ultima (Uber) | C26: LIST | D26: 415 | E26: 25.17 | F26: =82/11 -> 7.4545455
A27: Longfellow | B27: TJIAT (prelims) | C27: LIST | D27: 88.6 | E27: 11.67 | F27: =5/7 -> 0.71428571
A28: Loyola A | B28: Loyola Ultima (Uber) | C28: LIST | D28: 397.3 | E28: 26.95 | F28: =82/11 -> 7.4545455
A29: Loyola Diamond | B29: Loyola Ultima (Standard) | C29: LIST | D29: 345 | E29: 20.53 | F29: 2.3
A30: Loyola Pearl | B30: Loyola Ultima (Standard) | C30: LIST | D30: 325.5 | E30: 19.73 | F30: 3
A31: Loyola Platinum | B31: Loyola Ultima (Standard) | C31: LIST | D31: 334.5 | E31: 18.93 | F31: 2.9
A32: Maine South A | B32: Loyola Ultima (Standard) | C32: LIST | D32: 289.5 | E32: 17.19 | F32: 3.3
A33: Maine South B | B33: Loyola Ultima (Standard) | C33: LIST | D33: 185.5 | E33: 12.68 | F33: 0.9
A34: Maine South C | B34: Loyola Ultima (Standard) | C34: LIST | D34: 78.5 | E34: 11.75 | F34: 0.2
A35: Narwhals | B35: TJIAT (prelims) | C35: LIST | D35: 211.4 | E35: 15.79 | F35: =16/7 -> 2.2857143
A36: New Kent | B36: TJIAT (prelims) | C36: LIST | D36: 383.6 | E36: 21.2 | F36: =29/7 -> 4.1428571
A37: New Trier | B37: Loyola Ultima (Uber) | C37: LIST | D37: 386.8 | E37: 25.54 | F37: =74/11 -> 6.7272727
A38: Quince Orchard | B38: TJIAT (prelims) | C38: LIST | D38: 105.8 | E38: 14.44 | F38: =8/6 -> 1.3333333
A39: RM | B39: TJIAT (prelims) | C39: LIST | D39: 480.7 | E39: 24.47 | F39: =46/7 -> 6.5714286
A40: St. Anselm's A | B40: TJIAT (prelims) | C40: LIST | D40: 588.3 | E40: 27.5 | F40: =58/6 -> 9.6666667
A41: St. Anselm's B | B41: TJIAT (prelims) | C41: LIST | D41: 105 | E41: 11.52 | F41: =10/7 -> 1.4285714
A42: St. Viator A | B42: Loyola Ultima (Standard) | C42: LIST | D42: 295 | E42: 19.4 | F42: 2.5
A43: St. Viator B | B43: Loyola Ultima (Standard) | C43: LIST | D43: 206 | E43: 14.14 | F43: 1.6
A44: Wauconda A | B44: Loyola Ultima (Standard) | C44: LIST | D44: 402.5 | E44: 19.89 | F44: 3.7
A45: Wauconda B | B45: Loyola Ultima (Standard) | C45: LIST | D45: 275 | E45: 15.71 | F45: 1.7
A46: Wheaton Warrenville South A | B46: Loyola Ultima (Uber) | C46: LIST | D46: 243.2 | E46: 21.67 | F46: =22/11 -> 2
A47: Wheaton Warrenville South B | B47: Loyola Ultima (Standard) | C47: LIST | D47: 104 | E47: 11.6 | F47: 1.1
A48: Whitman | B48: TJIAT (prelims) | C48: LIST | D48: 473.3 | E48: 25.79 | F48: =35/6 -> 5.8333333
A49: Whitney Young A | B49: Loyola Ultima (Standard) | C49: LIST | D49: 290 | E49: 20.21 | F49: 1.4
A50: Whitney Young B | B50: Loyola Ultima (Standard) | C50: LIST | D50: 166.5 | E50: 13.12 | F50: 0.7
A51: WJ | B51: TJIAT (prelims) | C51: LIST | D51: 248.3 | E51: 20.82 | F51: =15/6 -> 2.5
A52: Zerg Rush | B52: Loyola Ultima (Uber) | C52: LIST | D52: 300.5 | E52: 24.73 | F52: =52/11 -> 4.7272727

Sheet MN Novice
A1: Team | B1: Tourney | C1: Set | D1: PPG | E1: PPB | F1: 15PG
A2: Bauxite A | B2: Harding Kickoff Tournament | C2: MN Novice | D2: 246.8 | E2: 14.82 | F2: n/a
A3: Bauxite B | B3: Harding Kickoff Tournament | C3: MN Novice | D3: 68.6 | E3: 7.76 | F3: n/a
A4: Bellarmine A | B4: Cal Classic | C4: MN Novice | D4: 299.6 | E4: 18.01 | F4: n/a
A5: Bellarmine B | B5: Cal Classic | C5: MN Novice | D5: 182 | E5: 14.16 | F5: n/a
A6: Benton A | B6: Harding Kickoff Tournament | C6: MN Novice | D6: 298.6 | E6: 16.5 | F6: n/a
A7: Benton B | B7: Harding Kickoff Tournament | C7: MN Novice | D7: 80 | E7: 11.25 | F7: n/a
A8: Castro Valley | B8: Cal Classic | C8: MN Novice | D8: 217 | E8: 17.59 | F8: n/a
A9: Conway A | B9: Harding Kickoff Tournament | C9: MN Novice | D9: 323.2 | E9: 18.18 | F9: n/a
A10: Conway B | B10: Harding Kickoff Tournament | C10: MN Novice | D10: 172.7 | E10: 15.19 | F10: n/a
A11: Conway Christian A | B11: Harding Kickoff Tournament | C11: MN Novice | D11: 91.4 | E11: 11.25 | F11: n/a
A12: Conway Christian B | B12: Harding Kickoff Tournament | C12: MN Novice | D12: 62.1 | E12: 8.75 | F12: n/a
A13: Crystal Springs | B13: Cal Classic | C13: MN Novice | D13: 287.1 | E13: 18.43 | F13: n/a
... A31: White Station B | B31: Harding Kickoff Tournament | C31: MN Novice | D31: 186.8 | E31: 14.89 | F31: n/a

Sheet OLEFIN
A1: Team | B1: Tourney | C1: Set | D1: PPG | E1: PPB | F1: 15PG
A2: Boonville | B2: Rock Bridge Winter invitational | C2: OLEFIN | D2: 111.2 | E2: 7.87 | F2: =4/8 -> 0.5
A3: Caesar Rodney | B3: OLEFIN | C3: OLEFIN | D3: 232.2 | E3: 19.285714 | F3: 1.4444444
A4: Carbondale | B4: UIUC Earlybird | C4: OLEFIN | D4: 466.4 | E4: 25.74 | F4: 8.1818182
A5: Cave Spring A | B5: OLEFIN | C5: OLEFIN | D5: 347.2 | E5: 19.326923 | F5: 3.8888889
A6: Cave Spring B | B6: OLEFIN | C6: OLEFIN | D6: 161.66667 | E6: 14.833333 | F6: 0.77777778
A7: Centennial | B7: OLEFIN | C7: OLEFIN | D7: 241.5 | E7: 16.931818 | F7: 2.1
A8: Champaign Centennial | B8: UIUC Earlybird | C8: OLEFIN | D8: 307.3 | E8: 18.12 | F8: 3.8181818
A9: CIS A | B9: Rock Bridge Winter invitational | C9: OLEFIN | D9: 221.1 | E9: 12.03 | F9: =15/9 -> 1.6666667
A10: CIS B | B10: Rock Bridge Winter invitational | C10: OLEFIN | D10: 110.6 | E10: 8.36 | F10: 1
A11: Clover Hill | B11: OLEFIN | C11: OLEFIN | D11: 198.33333 | E11: 13.533333 | F11: 2.1111111
A12: DCC | B12: OLEFIN | C12: OLEFIN | D12: 470.4 | E12: 25.878378 | F12: 7.25
A13: Fatima A | B13: Rock Bridge Winter invitational | C13: OLEFIN | D13: 72.2 | E13: 7.38 | F13: =2/9 -> 0.22222222
A14: Fatima B | B14: Rock Bridge Winter invitational | C14: OLEFIN | D14: 78.3 | E14: 6.2 | F14: =4/9 -> 0.44444444
A15: Fenton | B15: UIUC Earlybird | C15: OLEFIN | D15: 210.5 | E15: 17.77 | F15: 2.3636364
A16: GDS A | B16: OLEFIN | C16: OLEFIN | D16: 431 | E16: 24.444444 | F16: 6.5
A17: GDS B | B17: OLEFIN | C17: OLEFIN | D17: 98.1 | E17: 10.25 | F17: 0.5
A18: Glasgow | B18: Rock Bridge Winter invitational | C18: OLEFIN | D18: 48.8 | E18: 5.6 | F18: =6/8 -> 0.75
A19: Glenwood A | B19: UIUC Earlybird | C19: OLEFIN | D19: 269.5 | E19: 16.91 | F19: 1.4545455
A20: Glenwood B | B20: UIUC Earlybird | C20: OLEFIN | D20: 146.8 | E20: 14.04 | F20: 0.63636364
A21: Glenwood C | B21: UIUC Earlybird | C21: OLEFIN | D21: 144.1 | E21: 13.64 | F21: 1.3636364
A22: Gonzaga | B22: OLEFIN | C22: OLEFIN | D22: 248.5 | E22: 18.295455 | F22: 2.7
A23: Hallsville A | B23: Rock Bridge Winter invitational | C23: OLEFIN | D23: 247.8 | E23: 13.72 | F23: =16/9 -> 1.7777778
A24: Hallsville B | B24: Rock Bridge Winter invitational | C24: OLEFIN | D24: 168.3 | E24: 12.64 | F24: =8/9 -> 0.88888889
A25: Helias A | B25: Rock Bridge Winter invitational | C25: OLEFIN | D25: 414 | E25: 19.42 | F25: =40/11 -> 3.6363636
A26: Helias B | B26: Rock Bridge Winter invitational | C26: OLEFIN | D26: 218.9 | E26: 13.26 | F26: 1.4
A27: Helias C | B27: Rock Bridge Winter invitational | C27: OLEFIN | D27: 167.2 | E27: 11.48 | F27: =6/9 -> 0.66666667
A28: Hickman A | B28: Rock Bridge Winter invitational | C28: OLEFIN | D28: 178.3 | E28: 11.18 | F28: =11/9 -> 1.2222222
A29: Hickman B | B29: Rock Bridge Winter invitational | C29: OLEFIN | D29: 213.3 | E29: 13.25 | F29: =10/9 -> 1.1111111
A30: Howard | B30: OLEFIN | C30: OLEFIN | D30: 96.428571 | E30: 10.909091 | F30: 0.57142857
A31: Hylton | B31: OLEFIN | C31: OLEFIN | D31: 76.666667 | E31: 6.2962963 | F31: 0.66666667
A32: IMSA | B32: UIUC Earlybird | C32: OLEFIN | D32: 547.7 | E32: 26.6 | F32: 10.181818
A33: Jefferson City | B33: Rock Bridge Winter invitational | C33: OLEFIN | D33: 207.8 | E33: 13.17 | F33: =10/9 -> 1.1111111
A34: Kirksville A | B34: Rock Bridge Winter invitational | C34: OLEFIN | D34: 286.7 | E34: 15.5 | F34: =16/11 -> 1.4545455
A35: Kirksville B | B35: Rock Bridge Winter invitational | C35: OLEFIN | D35: 178.3 | E35: 12.96 | F35: 1
A36: Latin | B36: UIUC Earlybird | C36: OLEFIN | D36: 410.5 | E36: 23.49 | F36: 5.2727273
A37: Longfellow A | B37: OLEFIN | C37: OLEFIN | D37: 216.64444 | E37: 16.266667 | F37: 1.1111111
A38: Longfellow B | B38: OLEFIN | C38: OLEFIN | D38: 99 | E38: 10.978261 | F38: 1.1
A39: Loyola A | B39: UIUC Earlybird | C39: OLEFIN | D39: 490 | E39: 25.42 | F39: 7.9090909
A40: Loyola B | B40: UIUC Earlybird | C40: OLEFIN | D40: 280.9 | E40: 18.64 | F40: 3.1818182
A41: Marshall | B41: OLEFIN | C41: OLEFIN | D41: 322.24444 | E41: 18.814433 | F41: 4.2222222
A42: Marshall A | B42: Rock Bridge Winter invitational | C42: OLEFIN | D42: 93.3 | E42: 11.07 | F42: =2/6 -> 0.33333333
A43: Marshall B | B43: Rock Bridge Winter invitational | C43: OLEFIN | D43: 105.8 | E43: 12 | F43: =2/6 -> 0.33333333
A44: Marshall C | B44: Rock Bridge Winter invitational | C44: OLEFIN | D44: 43.3 | E44: 5.88 | F44: 0
A45: Montgomery County A | B45: Rock Bridge Winter invitational | C45: OLEFIN | D45: 36.1 | E45: 5.45 | F45: 0
A46: Montgomery County B | B46: Rock Bridge Winter invitational | C46: OLEFIN | D46: 50.8 | E46: 4.35 | F46: =1/6 -> 0.16666667
A47: New Trier | B47: UIUC Earlybird | C47: OLEFIN | D47: 346.8 | E47: 23.2 | F47: 4
A48: Normal Community | B48: UIUC Earlybird | C48: OLEFIN | D48: 83.6 | E48: 8.14 | F48: 0.63636364
A49: Oakland | B49: Rock Bridge Winter invitational | C49: OLEFIN | D49: 84.4 | E49: 9.19 | F49: =1/8 -> 0.125
A50: Pilot Grove | B50: Rock Bridge Winter invitational | C50: OLEFIN | D50: 278.2 | E50: 15.04 | F50: =16/11 -> 1.4545455
A51: Richard Montgomery | B51: OLEFIN | C51: OLEFIN | D51: 359.5 | E51: 23.786408 | F51: 5
A52: Robinson | B52: OLEFIN | C52: OLEFIN | D52: 219.44444 | E52: 15.194805 | F52: 2.1111111
A53: Rock Bridge A | B53: UIUC Earlybird | C53: OLEFIN | D53: 415.9 | E53: 23.06 | F53: 4.4545455
A54: Rock Bridge B | B54: UIUC Earlybird | C54: OLEFIN | D54: 243.2 | E54: 16.24 | F54: 2.1818182
A55: Rockford Auburn | B55: UIUC Earlybird | C55: OLEFIN | D55: 504.1 | E55: 26.76 | F55: 8.1818182
A56: Rolling Meadows | B56: UIUC Earlybird | C56: OLEFIN | D56: 185.9 | E56: 13.11 | F56: 1.1818182
A57: Smith-Cotton | B57: Rock Bridge Winter invitational | C57: OLEFIN | D57: 58.9 | E57: 8 | F57: =2/9 -> 0.22222222
A58: Springfield | B58: UIUC Earlybird | C58: OLEFIN | D58: 269.5 | E58: 18.48 | F58: 2.0909091
A59: St. Anselm's | B59: OLEFIN | C59: OLEFIN | D59: 478.15455 | E59: 25.35461 | F59: 6.5454545
A60: St. Ignatius A | B60: UIUC Earlybird | C60: OLEFIN | D60: 239.5 | E60: 17.4 | F60: 1.6363636
A61: St. Ignatius B | B61: UIUC Earlybird | C61: OLEFIN | D61: 86.8 | E61: 7.86 | F61: 0.36363636
A62: St. Joseph's | B62: OLEFIN | C62: OLEFIN | D62: 358 | E62: 23.77451 | F62: 4.9
A63: State College A | B63: OLEFIN | C63: OLEFIN | D63: 283.35556 | E63: 18.444444 | F63: 2.4444444
A64: State College B | B64: OLEFIN | C64: OLEFIN | D64: 228.5 | E64: 17.590361 | F64: 2.1
A65: Tristan Willey | B65: UIUC Earlybird | C65: OLEFIN | D65: 338.2 | E65: 23.36 | F65: 4
A66: Tuscumbia | B66: Rock Bridge Winter invitational | C66: OLEFIN | D66: 163.3 | E66: 10.47 | F66: =5/9 -> 0.55555556
A67: Waynesville | B67: Rock Bridge Winter invitational | C67: OLEFIN | D67: 153.3 | E67: 10.91 | F67: =6/9 -> 0.66666667
A68: West Jr A | B68: Rock Bridge Winter invitational | C68: OLEFIN | D68: 104.4 | E68: 9.02 | F68: =3/9 -> 0.33333333
A69: West Jr B | B69: Rock Bridge Winter invitational | C69: OLEFIN | D69: 111.7 | E69: 9.62 | F69: =5/9 -> 0.55555556
A70: Wheaton North A | B70: UIUC Earlybird | C70: OLEFIN | D70: 197.7 | E70: 15.71 | F70: 1.5454545
A71: Wheaton North B | B71: UIUC Earlybird | C71: OLEFIN | D71: 121.8 | E71: 10.31 | F71: 1.2727273
A72: Whitman | B72: OLEFIN | C72: OLEFIN | D72: 358.33333 | E72: 23.172043 | F72: 5.1111111
A73: Whitney Young A | B73: UIUC Earlybird | C73: OLEFIN | D73: 122.3 | E73: 11.95 | F73: 0.27272727
A74: Whitney Young B | B74: UIUC Earlybird | C74: OLEFIN | D74: 39.1 | E74: 5 | F74: 0.090909091

Sheet RAVE
A1: Team | B1: Tourney | C1: Set | D1: PPG | E1: PPB | F1: 15PG
A2: Aperture Math & Science Academy | B2: RAVE | C2: RAVE | D2: 414.5 | E2: 20.89 | F2: 3.8
A3: Binh Huynh Preparatory Academy | B3: RAVE | C3: RAVE | D3: 336 | E3: 19.9 | F3: 2.3
A4: Guilford | B4: RAVE | C4: RAVE | D4: 125 | E4: 12.61 | F4: 1
A5: IMSA B | B5: RAVE | C5: RAVE | D5: 354.5 | E5: 21.27 | F5: 3.5
A6: IMSA C | B6: RAVE | C6: RAVE | D6: 133.9 | E6: 11.88 | F6: =6/9 -> 0.66666667
A7: Loyola A | B7: RAVE | C7: RAVE | D7: 538.5 | E7: 25.07 | F7: 7
A8: Loyola B | B8: RAVE | C8: RAVE | D8: 275 | E8: 18.48 | F8: 1.6
A9: Macomb | B9: RAVE | C9: RAVE | D9: 406.5 | E9: 20.58 | F9: 2.2
A10: Naperville North B | B10: RAVE | C10: RAVE | D10: 150.7 | E10: 14.1 | F10: =3/7 -> 0.42857143
A11: New Trier | B11: RAVE | C11: RAVE | D11: 424.5 | E11: 21.89 | F11: 4.5
A12: Rolling Meadows A | B12: RAVE | C12: RAVE | D12: 253.1 | E12: 17.57 | F12: =7/8 -> 0.875
A13: Rolling Meadows B | B13: RAVE | C13: RAVE | D13: 47.1 | E13: 6.84 | F13: =2/7 -> 0.28571429
A14: GDS A | B14: SWAGFEST | C14: RAVE | D14: 480 | E14: 22.6 | F14: =47/9 -> 5.2222222
A15: St. Anselm's | B15: SWAGFEST | C15: RAVE | D15: 487.8 | E15: 23.37 | F15: =58/9 -> 6.4444444
A16: Blair | B16: SWAGFEST | C16: RAVE | D16: 408.3 | E16: 20.68 | F16: =44/9 -> 4.8888889
A17: Walt Whitman A | B17: SWAGFEST | C17: RAVE | D17: 454.4 | E17: 24.3 | F17: =41/9 -> 4.5555556
A18: Churchill A | B18: SWAGFEST | C18: RAVE | D18: 245 | E18: 17.97 | F18: =6/9 -> 0.66666667
A19: Caesar Rodney | B19: SWAGFEST | C19: RAVE | D19: 280.6 | E19: 19.47 | F19: =10/9 -> 1.1111111
A20: Centennial A | B20: SWAGFEST | C20: RAVE | D20: 277.5 | E20: 16.51 | F20: =20/9 -> 2.2222222
A21: Monticello Concerto A | B21: SWAGFEST | C21: RAVE | D21: 247.5 | E21: 16.18 | F21: =19/9 -> 2.1111111
A22: Gonzaga B | B22: SWAGFEST | C22: RAVE | D22: 243.8 | E22: 16.04 | F22: =14/9 -> 1.5555556
A23: Bethesda Chevy Chase | B23: SWAGFEST | C23: RAVE | D23: 271.7 | E23: 15.36 | F23: 2
A24: Oakland Mills | B24: SWAGFEST | C24: RAVE | D24: 226.7 | E24: 15.62 | F24: =15/9 -> 1.6666667
A25: Gonzaga A | B25: SWAGFEST | C25: RAVE | D25: 238.9 | E25: 16.54 | F25: =21/9 -> 2.3333333
A26: GDS B | B26: SWAGFEST | C26: RAVE | D26: 212.2 | E26: 13.54 | F26: =12/9 -> 1.3333333
A27: Whitman B | B27: SWAGFEST | C27: RAVE | D27: 191.1 | E27: 17.2 | F27: =9/9 -> 1
A28: Walter Johnson | B28: SWAGFEST | C28: RAVE | D28: 193.8 | E28: 14.7 | F28: =13/9 -> 1.4444444
A29: Quince Orchard | B29: SWAGFEST | C29: RAVE | D29: 146.2 | E29: 12.41 | F29: =11/9 -> 1.2222222
A30: Eleanor Roosevelt High School | B30: SWAGFEST | C30: RAVE | D30: 163.1 | E30: 15.09 | F30: =3/9 -> 0.33333333
A31: Monticello Concerto B | B31: SWAGFEST | C31: RAVE | D31: 138.8 | E31: 10.36 | F31: =9/9 -> 1
A32: Centennial B | B32: SWAGFEST | C32: RAVE | D32: 128.8 | E32: 10.6 | F32: =4/9 -> 0.44444444
A33: Howard | B33: SWAGFEST | C33: RAVE | D33: 115 | E33: 11.78 | F33: =4/9 -> 0.44444444
A34: Spalding A | B34: SWAGFEST | C34: RAVE | D34: 114 | E34: 12.31 | F34: =5/9 -> 0.55555556
A35: Resevoir | B35: SWAGFEST | C35: RAVE | D35: 79 | E35: 12.5 | F35: =2/9 -> 0.22222222
A36: Churchill B | B36: SWAGFEST | C36: RAVE | D36: 64 | E36: 12.65 | F36: =0/9 -> 0
A37: Churchill C | B37: SWAGFEST | C37: RAVE | D37: 20 | E37: 4.55 | F37: =1/9 -> 0.11111111

Sheet RMTP
A1: Team | B1: Tourney | C1: Set | D1: PPG | E1: PPB | F1: 15PG
A2: Auburn A | B2: Huskie Bowl (Uber) | C2: RMTPB | D2: 422 | E2: 25.6 | F2: 8.5
A3: Auburn B | B3: Huskie Bowl (Standard) | C3: RMTPB | D3: 362.3 | E3: 17.81 | F3: =51/11 -> 4.6363636
A4: Belvidere A | B4: Huskie Bowl (Standard) | C4: RMTPB | D4: 81.7 | E4: 8.41 | F4: =2/9 -> 0.22222222
A5: Belvidere B | B5: Huskie Bowl (Standard) | C5: RMTPB | D5: 40.6 | E5: 6.96 | F5: 0
A6: Belvidere North A | B6: Huskie Bowl (Uber) | C6: RMTPB | D6: 296 | E6: 22.91 | F6: 5.1
A7: Belvidere North B | B7: Huskie Bowl (Standard) | C7: RMTPB | D7: 169.4 | E7: 10.32 | F7: =14/9 -> 1.5555556
A8: Carbondale | B8: Huskie Bowl (Uber) | C8: RMTPB | D8: 383.5 | E8: 24.48 | F8: 7.3
A9: Christian Life | B9: Huskie Bowl (Standard) | C9: RMTPB | D9: 65.6 | E9: 6.94 | F9: =2/9 -> 0.22222222
A10: Fenton | B10: Huskie Bowl (Standard) | C10: RMTPB | D10: 355 | E10: 18.07 | F10: =42/11 -> 3.8181818
A11: IMSA A | B11: Huskie Bowl (Uber) | C11: RMTPB | D11: 359.5 | E11: 24.05 | F11: 6.7
A12: IMSA B | B12: Huskie Bowl (Standard) | C12: RMTPB | D12: 227.2 | E12: 15.5 | F12: =15/9 -> 1.6666667
A13: IMSA C | B13: Huskie Bowl (Standard) | C13: RMTPB | D13: 66.7 | E13: 7.22 | F13: =4/9 -> 0.44444444
A14: Keith Country Day | B14: Huskie Bowl (Standard) | C14: RMTPB | D14: 234.4 | E14: 15.3 | F14: 2
A15: Lisle | B15: Huskie Bowl (Standard) | C15: RMTPB | D15: 155 | E15: 9.86 | F15: =10/9 -> 1.1111111
A16: Loyola A | B16: Huskie Bowl (Uber) | C16: RMTPB | D16: 399.5 | E16: 25.61 | F16: 6.6
A17: Loyola B | B17: Huskie Bowl (Standard) | C17: RMTPB | D17: 231.7 | E17: 15.35 | F17: =24/9 -> 2.6666667
A18: Maine South A | B18: Huskie Bowl (Standard) | C18: RMTPB | D18: 285.6 | E18: 19.59 | F18: =28/9 -> 3.1111111
A19: Maine South B | B19: Huskie Bowl (Standard) | C19: RMTPB | D19: 176.7 | E19: 15 | F19: =15/9 -> 1.6666667
A20: New Trier | B20: Huskie Bowl (Uber) | C20: RMTPB | D20: 289.5 | E20: 23.73 | F20: 3.8
A21: Rolling Meadows | B21: Huskie Bowl (Standard) | C21: RMTPB | D21: 317.8 | E21: 18.67 | F21: =27/9 -> 3
A22: Saint Viator A | B22: Huskie Bowl (Standard) | C22: RMTPB | D22: 267.2 | E22: 14.9 | F22: =15/9 -> 1.6666667
A23: Saint Viator B | B23: Huskie Bowl (Standard) | C23: RMTPB | D23: 198.3 | E23: 11.95 | F23: =10/9 -> 1.1111111
A24: UIC College Prep | B24: Huskie Bowl (Standard) | C24: RMTPB | D24: 94.4 | E24: 8.37 | F24: =3/9 -> 0.33333333
A25: Westmont | B25: Huskie Bowl (Standard) | C25: RMTPB | D25: 168.9 | E25: 13.18 | F25: =12/9 -> 1.3333333

Sheet SCTD1
A1: Team | B1: Tourney | C1: Set | D1: PPG | E1: PPB | F1: 15PG
A2: Bellaire (TX) | B2: Texas Invitational | C2: SCT D1 | D2: 167.2 | E2: 11.67 | F2: =20/16 -> 1.25
A3: Bellarmine (CA) | B3: Texas Invitational | C3: SCT D1 | D3: 386.9 | E3: 19.43 | F3: =76/16 -> 4.75
A4: Centennial (GA) | B4: Texas Invitational | C4: SCT D1 | D4: 305.9 | E4: 15.92 | F4: =28/16 -> 1.75
A5: Chattahoochee (GA) | B5: Texas Invitational | C5: SCT D1 | D5: 173.4 | E5: 12.23 | F5: =13/16 -> 0.8125
A6: Cistercian (TX) | B6: Texas Invitational | C6: SCT D1 | D6: 253.1 | E6: 14.72 | F6: =26/16 -> 1.625
A7: Detroit Catholic Central (MI) | B7: Texas Invitational | C7: SCT D1 | D7: 315.6 | E7: 17.08 | F7: =35/16 -> 2.1875
A8: Dorman (SC) | B8: Texas Invitational | C8: SCT D1 | D8: 295 | E8: 16.63 | F8: =47/16 -> 2.9375
