Workbook

Sheet Pages 1-3
A1: Food Safety Programs and Auditing Protocol for the Tomato Supply Chain
A2: Greenhouse - USDA Checklist
A5: AUDITEE INFORMATION
A6: Company Name:
A7: Street Address: | E7: City, State, Zip:
A8: Are multiple sites covered by this audit? | D8: Yes | F8: No | H8: How Many?
A9: Audited Operation Address/GPS:
A11: Company Contact: | E11: Company Contact Title:
A12: Phone Number: | F12: Fax Number:
A13: E-Mail Address:
A14: AUDIT INFORMATION
A15: Date of Audit: | D15: Start Time: | G15: End Time:
A16: Description of Operation:
A17: Does this Operation Field Pack Tomatoes? | E17: Yes | G17: No
A18: Harvest Company Name (If Applicable):
A19: Other Contractors:
A20: Commodities Covered by Audit:
A21: Total Acres Covered by Audit:
A22: Audit Performed By: United States Department of Agriculture, Agricultural Marketing Service
A23: Fruit and Vegetable Program, Specialty Crops Inspection Division
A24: Field Office:
A25: Auditor(s) Name(s): (list lead auditor first)
A27: Auditor(s) Signature(s): (list lead auditor first)
A29: Persons Interviewed:
A31: Auditee Representative Name:
A34: Auditee representative informed of non-conformances during closing meeting? (Yes or No)
A36: Internal Use Only
A37: Audit Received: | D37: Certificate Mailed: | F37: Posted to Website:
A38: Reviewing Official Name:
A39: Reviewing Official Signature:
A40: Date Approved:
A43: AUDITOR COMPLETION INSTRUCTIONS
A45: All questions on the Food Safety Programs and Auditing Protocol for the Fresh Tomato Supply Chain, Greenhouse - USDA Checklist shall be assessed according to the verification instructions outlined in the Commodity Specific Food Safety Guidelines for the Fresh Tomato Supply Chain 2nd Edition - July 2008 and the Food Safety Programs and Auditing Protocol for the Fresh Tomato Supply Chain, 2011 - Greenhouse standard. Auditors shall have a copy of these verification instructions with them when performing audits to verify questions are assessed appropriately. All questions shall be assessed using one of the following:
B47: Compliant (C) - The operation meets the requirements of the Food Safety Programs and Auditing Protocol for the Fresh Tomato Supply Chain, 2011 - Greenhouse standard.
B48: Corrective Action Needed (CAN) - The operation does not meet the requirement(s) of the verification instructions, however the non-conformance is not considered to be an immediate food safety risk.
B49: Immediate Action Required (IAR) - The operation does not meet the requirement(s) of the verification instructions and the non-conformance is considered an imminent food safety risk. An imminent food safety risk is present when produce is grown, processed, packed or held under conditions that promote or cause the produce to become contaminated. Observation of employee practices (personal or hygienic) that jeopardize or may jeopardize the safety of the produce are considered an "IAR". The presence or evidence of rodents, an excessive amount of insects or pests are also considered an "IAR".
B50: Not Applicable (N/A) - The question is not applicable to the operation.
A52: Auditor Comments: The auditor shall document the findings associated with any question answered "CAN" or "IAR" in the auditor comment section of the checklist. Auditors may also document observations associated with any question on the checklist whether or not the question is a non-conformity if the explanation clarifies why a question was answered compliant. The auditor shall write a comment for each question answered "N/A" addressing why the question was answered "N/A".
A54: Tallying the Audit: Once the auditor finishes the audit, the score sheet shall be filled out by recording the number of C, CAN, IAR, and NA's for each section of the audit. The question number of any question answered as CAN or IAR for each section shall be noted in the last column of the score sheet.
A56: USDA ACCEPTANCE CRITERIA
A58: 1. No questions are assessed as an "IAR", Immediate Action Required.
A59: 2. Falsification of records is considered an "IAR".
A60: 3. Questions 1.1 and 13.5 must be assessed as compliant
A61: 4. In each major section (1 through 13) of the audit, at least 80% of the questions not answered as "N/A" must be answered as compliant.
A63: 5. If a major section has less than 5 questions, one "CAN" can be assessed and the section will still meet the minimum acceptance criteria.
A65: If an operation meets the acceptance criteria as outlined above, the operation will receive a certificate stating its conformance to the Commodity Specific Food Safety Guidelines for the Fresh Tomato Supply Chain 2nd Edition - July 2008 and the Food Safety Programs and Auditing Protocol for the Fresh Tomato Supply Chain, 2011 - Greenhouse standard as well as being posted to the USDA website. Corrective action reports will still be supplied to the auditee for all nonconformances.
A70: If an operation fails to meet the acceptance criteria as outlined above, a corrective action report form will be issued for each non conformity noted on the audit. The operation has the opportunity to take measures in order to address the issue and schedule a new audit in order to show compliance to the acceptance criteria.
A75: Additional Information:
A78: For more information about USDA, AMS, FV, SCI Division audit services, please go to www.ams.usda.gov/gapghp, or call 202-720-5021.

Sheet Scoresheet
A1: Audit Summary | C1: Name of Auditee: | F1: ='Pages 1-3'!B6 -> 0
C2: Date of audit: | F2: ='Pages 1-3'!B15 -> 0
A3: Section | B3: Questions | C3: Total # in Section | D3: # of C | E3: #of CAN | F3: # of IAR | G3: # of NA | H3: Question # of any CAN or IAR
A4: 1 | B4: Management Responsibility | C4: 6 | D4: =COUNTIF(Checklist!C5:C10,"✓") -> 0 | E4: =COUNTIF(Checklist!D5:D10,"✓") -> 0 | F4: =COUNTIF(Checklist!E5:E10,"✓") -> 0 | G4: =COUNTIF(Checklist!F5:F10,"✓") -> 0
A5: 2 | B5: Farm History and Assessment | C5: 5 | D5: =COUNTIF(Checklist!C13:C17,"✓") -> 0 | E5: =COUNTIF(Checklist!D13:D17,"✓") -> 0 | F5: =COUNTIF(Checklist!E13:E17,"✓") -> 0 | G5: =COUNTIF(Checklist!F13:F17,"✓") -> 0
A6: 3 | B6: Greenhouse | C6: 3 | D6: =COUNTIF(Checklist!C20:C22,"✓") -> 0 | E6: =COUNTIF(Checklist!D20:D22,"✓") -> 0 | F6: =COUNTIF(Checklist!E20:E22,"✓") -> 0 | G6: =COUNTIF(Checklist!F20:F22,"✓") -> 0
A7: 4 | B7: Soil and Amendments | C7: 3 | D7: =COUNTIF(Checklist!C25:C27,"✓") -> 0 | E7: =COUNTIF(Checklist!D25:D27,"✓") -> 0 | F7: =COUNTIF(Checklist!E25:E27,"✓") -> 0 | G7: =COUNTIF(Checklist!F25:F27,"✓") -> 0
A8: 5 | B8: PreHarvest Agricultural Water | C8: 7 | D8: =COUNTIF(Checklist!C30:C36,"✓") -> 0 | E8: =COUNTIF(Checklist!D30:D36,"✓") -> 0 | F8: =COUNTIF(Checklist!E30:E36,"✓") -> 0 | G8: =COUNTIF(Checklist!F30:F36,"✓") -> 0
A9: 6 | B9: Pest Control and Pesticide Usage | C9: 10 | D9: =COUNTIF(Checklist!C40:C50,"✓") -> 0 | E9: =COUNTIF(Checklist!D40:D50,"✓") -> 0 | F9: =COUNTIF(Checklist!E40:E50,"✓") -> 0 | G9: =COUNTIF(Checklist!F40:F50,"✓") -> 0
A10: 7 | B10: Tomato or Equipment Sanitizing Agents Used During Harvest | C10: 3 | D10: =COUNTIF(Checklist!C53:C55,"✓") -> 0 | E10: =COUNTIF(Checklist!D53:D55,"✓") -> 0 | F10: =COUNTIF(Checklist!E53:E55,"✓") -> 0 | G10: =COUNTIF(Checklist!F53:F55,"✓") -> 0
A11: 8 | B11: Equipment, Containers and Packaging Materials | C11: 6 | D11: =COUNTIF(Checklist!C58:C63,"✓") -> 0 | E11: =COUNTIF(Checklist!D58:D63,"✓") -> 0 | F11: =COUNTIF(Checklist!E58:E63,"✓") -> 0 | G11: =COUNTIF(Checklist!F58:F63,"✓") -> 0
A12: 9 | B12: Cleaning and Washing Procedures | C12: 13 | D12: =COUNTIF(Checklist!C67:C80,"✓") -> 0 | E12: =COUNTIF(Checklist!D67:D80,"✓") -> 0 | F12: =COUNTIF(Checklist!E67:E80,"✓") -> 0 | G12: =COUNTIF(Checklist!F67:F80,"✓") -> 0
A13: 10 | B13: Transportation | C13: 2 | D13: =COUNTIF(Checklist!C83:C84,"✓") -> 0 | E13: =COUNTIF(Checklist!D83:D84,"✓") -> 0 | F13: =COUNTIF(Checklist!E83:E84,"✓") -> 0 | G13: =COUNTIF(Checklist!F83:F84,"✓") -> 0
A14: 11 | B14: Employee Hygiene Policies and Employee Training | C14: 24 | D14: =COUNTIF(Checklist!C88:C113,"✓") -> 0 | E14: =COUNTIF(Checklist!D88:D113,"✓") -> 0 | F14: =COUNTIF(Checklist!E88:E113,"✓") -> 0 | G14: =COUNTIF(Checklist!F88:F113,"✓") -> 0
A15: 12 | B15: Education and Training | C15: 4 | D15: =COUNTIF(Checklist!C116:C119,"✓") -> 0 | E15: =COUNTIF(Checklist!D116:D119,"✓") -> 0 | F15: =COUNTIF(Checklist!E116:E119,"✓") -> 0 | G15: =COUNTIF(Checklist!F116:F119,"✓") -> 0
A16: 13 | B16: Record Keeping and Traceability | C16: 7 | D16: =COUNTIF(Checklist!C123:C131,"✓") -> 0 | E16: =COUNTIF(Checklist!D123:D131,"✓") -> 0 | F16: =COUNTIF(Checklist!E123:E131,"✓") -> 0 | G16: =COUNTIF(Checklist!F123:F131,"✓") -> 0

Sheet Checklist
A1: Name of Auditee: | C1: ='Pages 1-3'!B6 -> 0
A2: Date of Audit: | C2: ='Pages 1-3'!B15 -> 0
A3: Q # | B3: Requirement | C3: C | D3: CAN | E3: IAR | F3: NA | G3: Auditor Comments
A4: 1 | B4: Management Responsibility
A5: 1.1 | B5: Operation has designated an individual responsible for food safety.
A6: 1.2 | B6: Responsible individual has evidence of training in food safety relevant to tomatoes.
A7: 1.3 | B7: Operation has current copies of the Commodity Specific Food Safety Guidelines for the Fresh Tomato Supply Chain, Food Safety Programs and Auditing Protocol for the Fresh Tomato Supply Chain and additional food safety documents as required by state and/or federal regulation.
A8: 1.4 | B8: Operation has procedures for conducting self-audits and conducts self-audits to verify compliance with established internal policies and procedures.
A9: 1.5 | B9: Operation has a written procedure and timelines for implementing and documenting corrective actions.
A10: 1.6 | B10: Operation has a “zero tolerance” policy for controllable practices and conditions that result in immediate food safety risks.
A12: 2 | B12: Farm History and Assessment
A13: 2.1 | B13: An environmental assessment has been conducted, including potential hazards on the property, past property use and adjacent land.
A14: 2.2 | B14: The environmental assessment shall consider domestic animal operations.
A15: 2.3 | B15: Grounds are reasonably free of litter, debris and standing water.
A16: 2.4 | B16: System for removing waste materials from product handling area works efficiently.
... A38: 6 | B38: Produce Containers and Packaging Materials
B39: A. Pest Control in Facility
A40: 6.1 | B40: Operation has a written pest control program, performed by a trained pest control operator. Pest control operators are licensed where required by prevailing regulation or law.
A41: 6.2 | B41: There is a clear area surrounding the facility to deter pest infestation.
A42: 6.3 | B42: There is no evidence of significant pest populations (birds, rodents, insects) reasonably likely to contaminate tomatoes.
A43: 6.4 | B43: There are no bait stations containing toxic baits inside the facility.
A44: 6.5 | B44: Traps do not contain toxic bait and are placed at the interval and location recommended by the pest control operator. Traps must be labeled with a number or other identifier and their locations are documented on a map.
A45: 6.6 | B45: Bug zappers and insect attractant devices, if used, are not placed in a location where product or food handling equipment or food packaging materials may become adulterated.
A46: 6.7 | B46: Operation has a written policy prohibiting domestic animals in the greenhouse.
B47: B. Pesticide Usage
A48: 6.8 | B48: Pesticide chemicals and their use must comply with all requirements of national (e.g., EPA) registration and any federal, state or local regulations.
A49: 6.9 | B49: Equipment used to apply pesticides shall be maintained and calibrated at a frequency sufficient to assure accuracy of delivery.
A50: 6.1 | B50: Water used to mix pesticides meets EPA microbial standards for drinking water; i.e., 40 CFR Part 141.63.
A52: 7 | B52: Tomato or Equipment Sanitizing Agents Used During Harvest
A53: 7.1 | B53: All compounds used to clean or sanitize food contact containers, tools, utensils, equipment or other food contact surfaces are approved for that use by the US EPA, FDA or other prevailing agency. Actual use conforms to label directions.
A54: 7.2 | B54: Chemicals used on product that are not registered pesticides may be permitted for food contact use if allowed under regulations of the FDA or prevailing agency.
A55: 7.3 | B55: All chemicals, cleaning compounds and solvents are stored in a secure and locked location.
A57: 8 | B57: Equipment, Containers and Packaging Materials
A58: 8.1 | B58: Harvest and other food contact implements, buckets and totes are clean and sanitized as necessary according to SOP.
A59: 8.2 | B59: Reusable containers and food contact equipment and utensils shall be constructed of impervious materials that can be easily cleaned and sanitized.
A60: 8.3 | B60: All containers shall be marked for their intended use (finished produce containers, trash containers, etc.).
A61: 8.4 | B61: Operation has a written procedure for inspecting incoming packaging material.
... A65: 9 | B65: Cleaning and Washing Procedures
B66: A. Cleaning Materials Including Cloths
A67: 9.1 | B67: Operation shall have a policy that cloths, towels, or other cleaning materials shall not be used to wipe tomatoes.
B68: B. Product Wash Water Management
A69: 9.2 | B69: Only sanitizers or sanitizer systems registered or approved by EPA or the prevailing regulatory agency for their specific intended use may be used in the dump tank wash water, on the spray line or other food contact purposes.
A70: 9.3 | B70: Wash water sanitizer is used in accordance with operational procedure, manufacturer instructions, and records are kept.
A71: 9.4 | B71: In systems where tomatoes are submerged or dwell in water, water temperature is monitored and controlled. Water temperature should be at least 10ºF above highest measured pulp temperature of tomatoes when entering the water. If operation can demonstrate retention times are never more than two minutes and water submersion does not exceed 1 ft, water temperature shall be controlled to be not be less than highest measured pulp temperature.
A72: 9.5 | B72: Operations utilizing spray systems in place of whole tomato immersion shall design the line so that the entire tomato surface is rinsed.
A73: 9.6 | B73: Re-circulated and reused water is changed at least daily, and records of changes are kept.
A74: 9.7 | B74: If water quality is based upon a chlorine-based sanitizer and Oxidation Reduction Potential (ORP), the process shall be targeted to be at least 800 mV. ORP levels shall not be less than 650 mV, measured at the exit of the product from the water system, unless validation data are available to demonstrate a lower ORP is effective under operating conditions.
A75: 9.8 | B75: If an ORP system is used, an independent measurement is used to verify compliance.
A76: 9.9 | B76: If water quality is based upon an aqueous chlorine dioxide sanitizer, chlorine dioxide levels shall not be less than 1 ppm, measured at the exit of the product from the water system, unless validation data are available to demonstrate a lower level is effective under operating conditions.
A77: 9.1 | B77: If water quality is based upon a peroxyacetic, peracetic or peracid system, levels shall not be less than 30 ppm, measured at the exit of the product from the water system, unless validation data are available to demonstrate a lower level is effective under operating conditions.
A78: 9.11 | B78: If a sanitizer system other than aqueous chlorine dioxide, peracid, or hypochlorous and ORP is used, the system shall be operated and controlled to levels of equivalent efficacy of pathogen cross contamination control in tomato wash systems.
A79: 9.12 | B79: All instruments used to measure temperature, pH, sanitizer levels and or other important devices used to monitor requirements in this section shall be calibrated at a frequency sufficient to assure continuous accuracy.
A80: 9.13 | B80: Instruments, test methods or test strips used to monitor requirements shall be appropriate to their use and sufficiently sensitive to their intended purpose.
... A86: 11 | B86: Employee Hygiene Policies and Employee Training
B87: A. Employee Hygiene Policies and Employee Training
A88: 11.1 | B88: Clean and sanitary toilet facilities are provided for all employees and toilets are made from cleanable materials and are cleaned and sanitized daily or sufficiently often to be maintained in a clean and sanitary manner.
A89: 11.2 | B89: The number of toilet facilities meets state and federal requirements.
A90: 11.3 | B90: Toilets are located within a five minute walk of work areas.
A91: 11.4 | B91: Restrooms should not open directly into greenhouse production areas.
A92: 11.5 | B92: All toilet facilities contain toilet paper.
A93: 11.6 | B93: There is a program for the sanitary disposal of used toilet paper.
A94: 11.7 | B94: Hand washing facilities, with soap, water and disposable hand-drying towels, or air blowers, and refuse containers are provided.
A95: 11.8 | B95: If permanent handwashing facilities are not used, gray water is captured and disposed of away from tomato handling areas.
A96: 11.9 | B96: If portable hand wash water tanks are used, they are cleaned and sanitized and the water is changed periodically.
A97: 11.1 | B97: The source of water used to fill hand washing tanks meets the microbial standard for potable water and is documented.
A98: 11.11 | B98: Toilet and hand washing facilities are inspected by a designated individual at a sufficient frequency during use to assure cleanliness, condition and adequate supplies.
B99: B. First Aid Policies
A100: 11.12 | B100: There is a written policy describing procedures which specify handling/disposition of produce or treatment of food contact surfaces that have come into contact with blood or other bodily fluids.
A101: 11.13 | B101: There is a written policy instructing workers to seek prompt treatment for cuts, abrasions and other injuries and first aid supplies are provided.
B102: C. Habits and Conditions
A103: 11.14 | B103: There is a written Hygiene Practices policy including, but not limited to, policies and procedures on hand washing, toilet use, and requiring handwashing at beginning of shift and prior to returning to production line, for all employees and visitors.
A104: 11.15 | B104: Policies shall require hand washing with soap and potable water at the appropriate time, such as before starting work, after use of toilet facilities, after breaks and when hands may have become contaminated. Policy shall apply to employees, outside contractors, inspectors, and visitors. Compliance is emphasized by management.
A105: 11.16 | B105: There are signs, either in the appropriate language or pictorially, reminding workers to wash their hands after using the toilet.
A106: 11.17 | B106: If gloves are used, there must be a written SOP regarding their use.
A107: 11.18 | B107: Operation shall have a written policy regarding employees’ outer garments.
A108: 11.19 | B108: SOPs establishing the operation’s illness policy provide that workers who show signs of illness (vomiting, jaundice, diarrhea) or open or exposed sores or lesions on their hands are not permitted to perform job duties where they will come in direct contact with raw product or food contact surfaces.
A109: 11.2 | B109: There is a written policy regarding the use of hair restraints.
A110: 11.21 | B110: There is a written policy regarding jewelry, nail polish and false nails in the workplace.
A111: 11.22 | B111: Food and tobacco products are only in designated areas as specified in company SOP.
A112: 11.23 | B112: Drinking water shall be provided in fountains or single use containers. Drinking water containers shall be handled in a manner that prevents them from becoming sources of contamination.
A113: 11.24 | B113: There is a written policy prohibiting the storage and use of personal items outside of designated areas.
A115: 12 | B115: Education and Training
... A121: 13 | B121: Record Keeping and Traceability
B122: A. Greenhouse Packing
A123: 13.1 | B123: Documentation of greenhouse packed tomatoes shall include sufficient information about the growing and harvest of each lot (i.e. greenhouse location and history, grower, personnel/crew involved in the harvesting and packing) as well as the customer receiving the product to allow for the appropriate tracing of product.
A124: 13.2 | B124: Containers shall be accurately labeled with commodity name, greenhouse firm name and information sufficient to allow for source and lot identification.
A125: 13.3 | B125: Documentation maintained for each lot shipped shall include sufficient information about the customer receiving the product to allow for the appropriate tracing of product.
B126: B. Packinghouse Packed Greenhouse Tomatoes
A127: 13.4 | B127: The greenhouse shall maintain supply chain information available to the packinghouse to facilitate accurate traceability; i.e., quantity, greenhouse identification and date of harvest/pack.
B128: C. Other
A129: 13.5 | B129: There are written product tracing and recall procedures.
A130: 13.6 | B130: Operation routinely tests the product tracing procedures.
A131: 13.7 | B131: A successful mock recall test has been performed in the last 12 months.

Sheet CAR Duplication Instructions
A1: DUPLICATION OF CORRECTIVE ACTION TAB INSTRUCTIONS
A3: Any item on any checklist with a checkmark beside the Corrective Action Needed (CAN) box or the Immediate Action Required (IAR) box must be documented using a Corrective Action Report. A separate form is required for each item with either of these entities. If there is more than one form needed, follow the instructions below to duplicate the Corrective Action Report Tab:
B4: 1. Right-click the "Corrective Action Report" Tab at the bottom of Excel.
B6: 2. Click "Move or Copy.
B8: 3. Under the box titled "Before Sheet," select "(move to end)"
B10: 4. Place a check in the box beside "Create a Copy"
B12: 5. Click "Ok"

Sheet Corrective Action Report 
A1: Food Safety Programs and Auditing Protocol
A2: for the Fresh Tomato Supply Chain
A3: Greenhouse Standard
A5: USDA, AMS, Fruit and Vegetable Program | F5: Report #:
A6: Good Agricultural Practice & Good Handling Practices | H6: of
A7: CORRECTIVE ACTION REPORT
A8: Company Name/Farm: | C8: ='Pages 1-3'!B6 -> 0 | F8: Date: | G8: ='Pages 1-3'!B15 -> 0
A10: Lead Auditor:
A12: Crop(s):
A14: Description of Non Conformity:
A24: Notified company staff at time of finding non-conformity: (Yes or No)
A25: Checklist question number and/or section of auditee food safety plan associated with non-conformity:
A26: Corrective Action Proposed and Time Frame for Implementation: (Attach separate sheet if necessary)
A39: Company Representative Signature:
A41: Signature affirms statements concerning Non-Conformity, Corrective Action, and Implementation are correct.
A42: Auditor signature for acceptance of proposed corrective action and timetable for implementation:
A45: Top portion for AUDITOR USE ONLY; bottom portion for Company and Auditor use.
