Workbook
Name Inputall: 'All sites (detail)'!$A$14:$AA$973

Sheet Site reports
A1: LITERACY INCENTIVE AID | F1: LiteracyIncentiveAid
A2: Minnesota Department of Education | F2: 41227
A4: 1 | B4: = District or charter number | C4: Enter the appropriate district and school numbers in the yellow cells.
A5: 3 | B5: = School number | C5: District and charter names and numbers can be found in the Names tab. | J5: Lookup: | K5: =10000*A4+A5 -> 10003
C6: For Minneapolis, enter district = 1.2. | J6: Listed site? | K6: =COUNTIF('All sites (detail)'!A14:A973,'Site reports'!K5) -> 1
C7: Almost every charter school has school number = 10. | J7: Any filters? | K7: =SUMIF('All sites (detail)'!$A$14:$A$973,'Site reports'!K5,'All sites (detail)'!$G$14:$G$973) -> 1
B8: =IF(K6=1,VLOOKUP(10000*$A$4+$A$5,Inputall,4,FALSE),"NOT A LISTED SITE") -> AITKIN PUBLIC SCHOOL DISTRICT
B9: =IF(K6=1,VLOOKUP(10000*$A$4+$A$5,Inputall,6,FALSE),"NOT A LISTED SITE") -> PALISADE ELEMENTARY | C9: FY 2010 | D9: FY 2011 | E9: FY 2012 | F9: Total
B11: MCA Proficiency Counts
A13: 1 | B13: Total grade 3 reading scores | C13: =IF(K7=1,"Filtered",SUMIF('All sites (detail)'!$A$14:$A$973,'Site reports'!$K$5,'All sites (detail)'!H$14:H$973)) -> Filtered | D13: =IF(K7=1,"Filtered",SUMIF('All sites (detail)'!$A$14:$A$973,'Site reports'!$K$5,'All sites (detail)'!J$14:J$973)) -> Filtered | E13: =IF(K7=1,"Filtered",SUMIF('All sites (detail)'!$A$14:$A$973,'Site reports'!$K$5,'All sites (detail)'!L$14:L$973)) -> Filtered | F13: =IF(K7=1,"Filtered",C13+D13+E13) -> Filtered
A14: =A13+1 -> 2 | B14: Total scores in the proficient range | C14: =IF(K7=1,"Filtered",SUMIF('All sites (detail)'!$A$14:$A$973,'Site reports'!$K$5,'All sites (detail)'!I$14:I$973)) -> Filtered | D14: =IF(K7=1,"Filtered",SUMIF('All sites (detail)'!$A$14:$A$973,'Site reports'!$K$5,'All sites (detail)'!K$14:K$973)) -> Filtered | E14: =IF(K7=1,"Filtered",SUMIF('All sites (detail)'!$A$14:$A$973,'Site reports'!$K$5,'All sites (detail)'!M$14:M$973)) -> Filtered | F14: =IF(K7=1,"Filtered",C14+D14+E14) -> Filtered
A15: =A14+1 -> 3 | B15: =+"Proficiency portion = ("&FIXED(A14,0)&")/("&FIXED(A13,0)&") =" -> Proficiency portion = (2)/(1) = | C15: =IF(K7=1,"Filtered",IF(C13=0,0,C14/C13)) -> Filtered | D15: =IF(K7=1,"Filtered",IF(D13=0,0,D14/D13)) -> Filtered | E15: =IF(K7=1,"Filtered",IF(E13=0,0,E14/E13)) -> Filtered | F15: =IF(K7=1,"Filtered",IF(F13=0,0,F14/F13)) -> Filtered
A17: =A15+1 -> 4 | B17: =+"Proficiency allowance = $530 x ("&FIXED(A15,0)&") =" -> Proficiency allowance = $530 x (3) = | C17: n/a | D17: n/a | E17: n/a | F17: =IF(F18=0,0,IF(K7=1,"n/a",ROUND(530*F15,2))) -> n/a
A18: =A17+1 -> 5 | B18: Grade 3 enrollment as of October 2011 | C18: n/a | D18: n/a | E18: n/a | F18: =SUMIF('All sites (detail)'!$A$14:$A$973,'Site reports'!$K$5,'All sites (detail)'!T$14:T$973) -> 7
A19: =A18+1 -> 6 | B19: =+"Proficiency aid = ("&FIXED(A17,0)&") x ("&FIXED(A18,0)&") =" -> Proficiency aid = (4) x (5) = | C19: n/a | D19: n/a | E19: n/a | F19: =IF(K7=1,"n/a",SUMIF('All sites (detail)'!$A$14:$A$973,'Site reports'!$K$5,'All sites (detail)'!X$14:X$973)) -> n/a
B21: Growth Model Results
A23: =A19+1 -> 7 | B23: Total grade 4 reading growth results | C23: =IF(K7=1,"Filtered",SUMIF('All sites (detail)'!$A$14:$A$973,'Site reports'!$K$5,'All sites (detail)'!N$14:N$973)) -> Filtered | D23: =IF(K7=1,"Filtered",SUMIF('All sites (detail)'!$A$14:$A$973,'Site reports'!$K$5,'All sites (detail)'!P$14:P$973)) -> Filtered | E23: =IF(K7=1,"Filtered",SUMIF('All sites (detail)'!$A$14:$A$973,'Site reports'!$K$5,'All sites (detail)'!R$14:R$973)) -> Filtered | F23: =IF(K7=1,"Filtered",C23+D23+E23) -> Filtered
A24: =A23+1 -> 8 | B24: Total with high or medium growth | C24: =IF(K7=1,"Filtered",SUMIF('All sites (detail)'!$A$14:$A$973,'Site reports'!$K$5,'All sites (detail)'!O$14:O$973)) -> Filtered | D24: =IF(K7=1,"Filtered",SUMIF('All sites (detail)'!$A$14:$A$973,'Site reports'!$K$5,'All sites (detail)'!Q$14:Q$973)) -> Filtered | E24: =IF(K7=1,"Filtered",SUMIF('All sites (detail)'!$A$14:$A$973,'Site reports'!$K$5,'All sites (detail)'!S$14:S$973)) -> Filtered | F24: =IF(K7=1,"Filtered",C24+D24+E24) -> Filtered
A25: =A24+1 -> 9 | B25: =+"High/Medium Growth portion = ("&FIXED(A24,0)&")/("&FIXED(A23,0)&") =" -> High/Medium Growth portion = (8)/(7) = | C25: =IF(K7=1,"Filtered",IF(C23=0,0,C24/C23)) -> Filtered | D25: =IF(K7=1,"Filtered",IF(D23=0,0,D24/D23)) -> Filtered | E25: =IF(K7=1,"Filtered",IF(E23=0,0,E24/E23)) -> Filtered | F25: =IF(K7=1,"Filtered",IF(F23=0,0,F24/F23)) -> Filtered
A27: =A25+1 -> 10 | B27: =+"Growth allowance = $530 x ("&FIXED(A25,0)&") =" -> Growth allowance = $530 x (9) = | C27: n/a | D27: n/a | E27: n/a | F27: =IF(F28=0,0,IF(K7=1,"n/a",ROUND(530*F25,2))) -> n/a
A28: =A27+1 -> 11 | B28: Grade 4 enrollment as of October 2011 | C28: n/a | D28: n/a | E28: n/a | F28: =SUMIF('All sites (detail)'!$A$14:$A$973,'Site reports'!$K$5,'All sites (detail)'!U$14:U$973) -> 5
A29: =A28+1 -> 12 | B29: =+"Growth aid = ("&FIXED(A27,0)&") x ("&FIXED(A28,0)&") =" -> Growth aid = (10) x (11) = | C29: n/a | D29: n/a | E29: n/a | F29: =IF(K7=1,"n/a",SUMIF('All sites (detail)'!$A$14:$A$973,'Site reports'!$K$5,'All sites (detail)'!Y$14:Y$973)) -> n/a
A31: =A29+1 -> 13 | B31: =+"Gross literacy incentive aid = ("&FIXED(A19,0)&")+("&FIXED(A29,0)&") =" -> Gross literacy incentive aid = (6)+(12) = | C31: n/a | D31: n/a | E31: n/a | F31: =SUMIF('All sites (detail)'!$A$14:$A$973,'Site reports'!$K$5,'All sites (detail)'!Z$14:Z$973) -> 4975.4
A33: =A31+1 -> 14 | B33: Proration rate (approximate) | C33: n/a | D33: n/a | E33: n/a | F33: 0.95577976
A34: =A33+1 -> 15 | B34: =+"Prorated literacy incentive aid = ("&FIXED(A31,0)&") x ("&FIXED(A33,0)&") =" -> Prorated literacy incentive aid = (13) x (14) = | C34: n/a | D34: n/a | E34: n/a | F34: =ROUND(F31*F33,2) -> 4755.39
A36: Notes:
A38: Literacy incentive aid goes into effect in FY 2013, based on legislation passed in 2011 and amended in 2012.
A39: For FY 2013 only, the state total aid entitlement is capped at $48,585,000.
A41: Aid is based on grade reading 3 proficiency and grade 4 reading growth, based on the prior 3 years'
A42: administrations of the Minnesota Comprehensive Assessment (MCA). The calculation is done separately
A43: for each building.
A45: Test counts are shown as "Filtered" if any of a site's total test counts, as shown in lines 1 and 7, have been
A46: filtered because at least one total is between 1 and 9.
A48: Please direct questions to Bob Porter at either 651-582-8851 or bob.porter@state.mn.us.
A71: 1 | B71: Does Not Meet Standards | C71: =SUMIF(#REF!,'Site reports'!$K$5,#REF!) -> #REF! | D71: =SUMIF(#REF!,'Site reports'!$K$5,#REF!) -> #REF! | E71: =SUMIF(#REF!,'Site reports'!$K$5,#REF!) -> #REF! | F71: =SUM(C71:E71) -> #REF!
A72: =A71+1 -> 2 | B72: Partially Meets Standards | C72: =SUMIF(#REF!,'Site reports'!$K$5,#REF!) -> #REF! | D72: =SUMIF(#REF!,'Site reports'!$K$5,#REF!) -> #REF! | E72: =SUMIF(#REF!,'Site reports'!$K$5,#REF!) -> #REF! | F72: =SUM(C72:E72) -> #REF!
A73: =A72+1 -> 3 | B73: Meets Standards | C73: =SUMIF(#REF!,'Site reports'!$K$5,#REF!) -> #REF! | D73: =SUMIF(#REF!,'Site reports'!$K$5,#REF!) -> #REF! | E73: =SUMIF(#REF!,'Site reports'!$K$5,#REF!) -> #REF! | F73: =SUM(C73:E73) -> #REF!
A74: =A73+1 -> 4 | B74: Exceeds Standards | C74: =SUMIF(#REF!,'Site reports'!$K$5,#REF!) -> #REF! | D74: =SUMIF(#REF!,'Site reports'!$K$5,#REF!) -> #REF! | E74: =SUMIF(#REF!,'Site reports'!$K$5,#REF!) -> #REF! | F74: =SUM(C74:E74) -> #REF!
A77: =A19+1 -> 7 | B77: Low proficiency, high growth | C77: =SUMIF(#REF!,'Site reports'!$K$5,#REF!) -> #REF! | D77: =SUMIF(#REF!,'Site reports'!$K$5,#REF!) -> #REF! | E77: =SUMIF(#REF!,'Site reports'!$K$5,#REF!) -> #REF! | F77: =SUM(C77:E77) -> #REF!
A78: =A77+1 -> 8 | B78: Low proficiency, medium growth | C78: =SUMIF(#REF!,'Site reports'!$K$5,#REF!) -> #REF! | D78: =SUMIF(#REF!,'Site reports'!$K$5,#REF!) -> #REF! | E78: =SUMIF(#REF!,'Site reports'!$K$5,#REF!) -> #REF! | F78: =SUM(C78:E78) -> #REF!
A79: =A78+1 -> 9 | B79: Low proficiency, low growth | C79: =SUMIF(#REF!,'Site reports'!$K$5,#REF!) -> #REF! | D79: =SUMIF(#REF!,'Site reports'!$K$5,#REF!) -> #REF! | E79: =SUMIF(#REF!,'Site reports'!$K$5,#REF!) -> #REF! | F79: =SUM(C79:E79) -> #REF!
A81: =A79+1 -> 10 | B81: High proficiency, high growth | C81: =SUMIF(#REF!,'Site reports'!$K$5,#REF!) -> #REF! | D81: =SUMIF(#REF!,'Site reports'!$K$5,#REF!) -> #REF! | E81: =SUMIF(#REF!,'Site reports'!$K$5,#REF!) -> #REF! | F81: =SUM(C81:E81) -> #REF!
A82: =A81+1 -> 11 | B82: High proficiency, medium growth | C82: =SUMIF(#REF!,'Site reports'!$K$5,#REF!) -> #REF! | D82: =SUMIF(#REF!,'Site reports'!$K$5,#REF!) -> #REF! | E82: =SUMIF(#REF!,'Site reports'!$K$5,#REF!) -> #REF! | F82: =SUM(C82:E82) -> #REF!
A83: =A82+1 -> 12 | B83: High proficiency, low growth | C83: =SUMIF(#REF!,'Site reports'!$K$5,#REF!) -> #REF! | D83: =SUMIF(#REF!,'Site reports'!$K$5,#REF!) -> #REF! | E83: =SUMIF(#REF!,'Site reports'!$K$5,#REF!) -> #REF! | F83: =SUM(C83:E83) -> #REF!

Sheet District totals
A1: ESTIMATED DISTRICT AND CHARTER SCHOOL GROSS REVENUE TOTALS | G1: LiteracyIncentiveAid
A2: FOR FY 2013 LITERACY INCENTIVE AID | G2: 41227
A4: For FY 2013 only, the state total aid entitlement is capped at $48,585,000, requiring a
A5: proration factor that is currently estimated to be about 95.6%.
D7: Gross | E7: Gross | F7: Gross | G7: Prorated
D8: Proficiency | E8: Growth | F8: Combined | G8: Combined
C10: TOTAL | D10: =SUM(D12:D436) -> 25776436 | E10: =SUM(E12:E436) -> 25056404 | F10: =SUM(F12:F436) -> 50832840 | G10: =SUM(G12:G436) -> 48585000
A12: 1 | B12: 1 | C12: AITKIN PUBLIC SCHOOL DISTRICT | D12: 44506.34 | E12: 27820.58 | F12: =D12+E12 -> 72326.92 | G12: 69128.61
A13: 1.2 | B13: 3 | C13: MINNEAPOLIS PUBLIC SCHOOL DIST. | D13: 845442.7 | E13: 1060531.8 | F13: =D13+E13 -> 1905974.5 | G13: 1821691.9
A14: 2 | B14: 1 | C14: HILL CITY PUBLIC SCHOOL DISTRICT | D14: 5840.85 | E14: 8000 | F14: =D14+E14 -> 13840.85 | G14: 13228.8
A15: 4 | B15: 1 | C15: MCGREGOR PUBLIC SCHOOL DISTRICT | D15: 12854.16 | E15: 14707.5 | F15: =D15+E15 -> 27561.66 | G15: 26342.88
A16: 6 | B16: 3 | C16: SOUTH ST. PAUL PUBLIC SCHOOL DIST. | D16: 101601.7 | E16: 100482.67 | F16: =D16+E16 -> 202084.37 | G16: 193148.15
A17: 11 | B17: 1 | C17: ANOKA-HENNEPIN PUBLIC SCHOOL DIST. | D17: 1142008.3 | E17: 1141962.8 | F17: =D17+E17 -> 2283971.1 | G17: 2182973.4
A18: 12 | B18: 1 | C18: CENTENNIAL PUBLIC SCHOOL DISTRICT | D18: 217231.62 | E18: 202646 | F18: =D18+E18 -> 419877.62 | G18: 401310.53
A19: 13 | B19: 1 | C19: COLUMBIA HEIGHTS PUBLIC SCHOOL DIST | D19: 84253.2 | E19: 77298.95 | F19: =D19+E19 -> 161552.15 | G19: 154408.28
A20: 14 | B20: 1 | C20: FRIDLEY PUBLIC SCHOOL DISTRICT | D20: 75163.56 | E20: 87093.96 | F20: =D20+E20 -> 162257.52 | G20: 155082.45
A21: 15 | B21: 1 | C21: ST. FRANCIS PUBLIC SCHOOL DISTRICT | D21: 165388.68 | E21: 155083.46 | F21: =D21+E21 -> 320472.14 | G21: 306300.79
A22: 16 | B22: 1 | C22: SPRING LAKE PARK PUBLIC SCHOOLS | D22: 165114.36 | E22: 154826.5 | F22: =D22+E22 -> 319940.86 | G22: 305793
A23: 22 | B23: 1 | C23: DETROIT LAKES PUBLIC SCHOOL DIST. | D23: 97308.27 | E23: 79426.72 | F23: =D23+E23 -> 176734.99 | G23: 168919.73
... A436: 4202 | B436: 7 | C436: MINNESOTA SCHOOL OF SCIENCE | D436: 7844 | E436: 12366.76 | F436: =D436+E436 -> 20210.76 | G436: 19317.04

Sheet Names
A1: Districts and Schools by Listed by Number | G1: Districts and Schools Listed Alphabetically
A3: 1 | B3: 1 | C3: AITKIN PUBLIC SCHOOL DISTRICT | D3: 2 | E3: RIPPLESIDE ELEMENTARY | G3: 2396 | H3: 1 | I3: A.C.G.C. | J3: 100 | K3: A.C.G.C. NORTH ELEMENTARY
A4: 1 | B4: 1 | C4: AITKIN PUBLIC SCHOOL DISTRICT | D4: 3 | E4: PALISADE ELEMENTARY | G4: 2396 | H4: 1 | I4: A.C.G.C. | J4: 200 | K4: A.C.G.C. SOUTH ELEMENTARY
A5: 1.2 | B5: 3 | C5: MINNEAPOLIS PUBLIC SCHOOL DIST. | D5: 103 | E5: ARMATAGE ELEMENTARY | G5: 4073 | H5: 7 | I5: ACADEMIA CESAR CHAVEZ CHARTER SCH. | J5: 10 | K5: ACADEMIA CESAR CHAVEZ CHARTER SCH.
A6: 1.2 | B6: 3 | C6: MINNEAPOLIS PUBLIC SCHOOL DIST. | D6: 105 | E6: BANCROFT ELEMENTARY | G6: 4197 | H6: 7 | I6: ACADEMY OF NORTH MINNEAPOLIS | J6: 10 | K6: ACADEMY OF NORTH MINNEAPOLIS
A7: 1.2 | B7: 3 | C7: MINNEAPOLIS PUBLIC SCHOOL DIST. | D7: 106 | E7: BARTON OPEN ELEMENTARY | G7: 4018 | H7: 7 | I7: ACHIEVE LANGUAGE ACADEMY | J7: 10 | K7: ACHIEVE LANGUAGE ACADEMY
A8: 1.2 | B8: 3 | C8: MINNEAPOLIS PUBLIC SCHOOL DIST. | D8: 107 | E8: BETHUNE ELEMENTARY | G8: 2854 | H8: 1 | I8: ADA-BORUP PUBLIC SCHOOL DISTRICT | J8: 10 | K8: ADA ELEMENTARY
A9: 1.2 | B9: 3 | C9: MINNEAPOLIS PUBLIC SCHOOL DIST. | D9: 110 | E9: BURROUGHS ELEMENTARY | G9: 4135 | H9: 7 | I9: ADAM ABDULLE ACADEMY | J9: 10 | K9: ADAM ABDULLE ACADEMY
A10: 1.2 | B10: 3 | C10: MINNEAPOLIS PUBLIC SCHOOL DIST. | D10: 121 | E10: LAKE HARRIET UPPER SCHOOL | G10: 511 | H10: 1 | I10: ADRIAN PUBLIC SCHOOL DISTRICT | J10: 10 | K10: ADRIAN ELEMENTARY
A11: 1.2 | B11: 3 | C11: MINNEAPOLIS PUBLIC SCHOOL DIST. | D11: 123 | E11: HALE ELEMENTARY | G11: 1 | H11: 1 | I11: AITKIN PUBLIC SCHOOL DISTRICT | J11: 2 | K11: RIPPLESIDE ELEMENTARY
A12: 1.2 | B12: 3 | C12: MINNEAPOLIS PUBLIC SCHOOL DIST. | D12: 124 | E12: PARK VIEW MONTESSORI ELEMENTARY | G12: 1 | H12: 1 | I12: AITKIN PUBLIC SCHOOL DISTRICT | J12: 3 | K12: PALISADE ELEMENTARY
A13: 1.2 | B13: 3 | C13: MINNEAPOLIS PUBLIC SCHOOL DIST. | D13: 130 | E13: HIAWATHA ELEMENTARY | G13: 745 | H13: 1 | I13: ALBANY PUBLIC SCHOOL DISTRICT | J13: 10 | K13: ALBANY ELEMENTARY
A14: 1.2 | B14: 3 | C14: MINNEAPOLIS PUBLIC SCHOOL DIST. | D14: 134 | E14: LK NOKOMIS COMM-KEEWAYDIN CAMPUS | G14: 745 | H14: 1 | I14: ALBANY PUBLIC SCHOOL DISTRICT | J14: 30 | K14: AVON ELEMENTARY
... A947: 4197 | B947: 7 | C947: ACADEMY OF NORTH MINNEAPOLIS | D947: 10 | E947: ACADEMY OF NORTH MINNEAPOLIS | G947: 2805 | H947: 1 | I947: ZUMBROTA-MAZEPPA SCHOOL DISTRICT | J947: 1 | K947: ZUMBROTA-MAZEPPA ELEMENTARY

Sheet All sites (summary)
A1: FY 2013 LITERACY INCENTIVE REVENUE BY SITE | F1: A site's results are filtered if there are fewer than 10 scores in any year for either
F2: proficiency or growth. If any of a site's results are filtered, then everything in | P2: 48585000
F3: columns A, B, C, D, G, and H is filtered. If you are responsible for a filtered site and you
F4: want the detail, contact Bob Porter at bob.porter@state.mn.us or at 651-582-8851.
G6: A | H6: B | I6: C | J6: D | K6: E | L6: F | M6: G | N6: H | O6: I | P6: J
O8: Gross | P8: Prorated
A9: To see the results for a particular district, click on the | G9: 3 Year | H9: 3 Year | I9: Proficiency | J9: Growth | K9: Oct 11 | L9: Oct 11 | M9: Proficiency | N9: Growth | O9: Combined | P9: Revenue
A10: down arrow in cell A14 then indicate the appropriate | G10: Proficiency | H10: Growth | I10: Allowance | J10: Allowance | K10: Enroll | L10: Enroll | M10: Revenue | N10: Revenue | O10: Revenue | P10: =+"= "&+O6&" x" -> = I x
A11: district number. | F11: Filtered? | G11: Portion | H11: Portion | I11: =+"= $535 X "&+G6 -> = $535 X A | J11: =+"= $535 X "&+H6 -> = $535 X B | K11: Grade 3 | L11: Grade 4 | M11: =+"= "&+I6&" X "&+K6 -> = C X E | N11: =+"= "&+J6&" X "&+L6 -> = D X F | O11: =+"= "&+M6&"+"&+N6 -> = G+H | P11: 0.95577976
C13: TOTAL | G13: n/a | H13: n/a | I13: n/a | J13: n/a | K13: =SUBTOTAL(9,K15:K974) -> 61966 | L13: =SUBTOTAL(9,L15:L974) -> 60492 | M13: n/a | N13: n/a | O13: =SUBTOTAL(9,O15:O974) -> 50832840 | P13: =SUBTOTAL(9,P15:P974) -> 48585000
A15: 1 | B15: 1 | C15: AITKIN PUBLIC SCHOOL DISTRICT | D15: 2 | E15: RIPPLESIDE ELEMENTARY | F15: 0 | G15: 0.76494024 | H15: 0.73214286 | I15: 405.42 | J15: 388.04 | K15: 102 | L15: 67 | M15: 41352.84 | N15: 25998.68 | O15: 67351.52 | P15: =ROUND(O15*P$11,2) -> 64373.22
A16: 1 | B16: 1 | C16: AITKIN PUBLIC SCHOOL DISTRICT | D16: 3 | E16: PALISADE ELEMENTARY | F16: 1 | G16: Filtered | H16: Filtered | I16: Filtered | J16: Filtered | K16: 7 | L16: 5 | M16: Filtered | N16: Filtered | O16: 4975.4 | P16: =ROUND(O16*P$11,2) -> 4755.39
A17: 1.2 | B17: 3 | C17: MINNEAPOLIS PUBLIC SCHOOL DIST. | D17: 103 | E17: ARMATAGE ELEMENTARY | F17: 0 | G17: 0.8377193 | H17: 0.85326087 | I17: 443.99 | J17: 452.23 | K17: 80 | L17: 74 | M17: 35519.2 | N17: 33465.02 | O17: 68984.22 | P17: =ROUND(O17*P$11,2) -> 65933.72
A18: 1.2 | B18: 3 | C18: MINNEAPOLIS PUBLIC SCHOOL DIST. | D18: 105 | E18: BANCROFT ELEMENTARY | F18: 0 | G18: 0.35164835 | H18: 0.68072289 | I18: 186.37 | J18: 360.78 | K18: 55 | L18: 74 | M18: 10250.35 | N18: 26697.72 | O18: 36948.07 | P18: =ROUND(O18*P$11,2) -> 35314.22
A19: 1.2 | B19: 3 | C19: MINNEAPOLIS PUBLIC SCHOOL DIST. | D19: 106 | E19: BARTON OPEN ELEMENTARY | F19: 0 | G19: 0.86307054 | H19: 0.83333333 | I19: 457.43 | J19: 441.67 | K19: 81 | L19: 80 | M19: 37051.83 | N19: 35333.6 | O19: 72385.43 | P19: =ROUND(O19*P$11,2) -> 69184.53
A20: 1.2 | B20: 3 | C20: MINNEAPOLIS PUBLIC SCHOOL DIST. | D20: 107 | E20: BETHUNE ELEMENTARY | F20: 0 | G20: 0.33552632 | H20: 0.62 | I20: 177.83 | J20: 328.6 | K20: 43 | L20: 55 | M20: 7646.69 | N20: 18073 | O20: 25719.69 | P20: =ROUND(O20*P$11,2) -> 24582.36
A21: 1.2 | B21: 3 | C21: MINNEAPOLIS PUBLIC SCHOOL DIST. | D21: 110 | E21: BURROUGHS ELEMENTARY | F21: 0 | G21: 0.86716792 | H21: 0.89014085 | I21: 459.6 | J21: 471.77 | K21: 146 | L21: 125 | M21: 67101.6 | N21: 58971.25 | O21: 126072.85 | P21: =ROUND(O21*P$11,2) -> 120497.88
A22: 1.2 | B22: 3 | C22: MINNEAPOLIS PUBLIC SCHOOL DIST. | D22: 121 | E22: LAKE HARRIET UPPER SCHOOL | F22: 0 | G22: 0.94117647 | H22: 0.8375 | I22: 498.82 | J22: 443.88 | K22: 128 | L22: 111 | M22: 63848.96 | N22: 49270.68 | O22: 113119.64 | P22: =ROUND(O22*P$11,2) -> 108117.46
A23: 1.2 | B23: 3 | C23: MINNEAPOLIS PUBLIC SCHOOL DIST. | D23: 123 | E23: HALE ELEMENTARY | F23: 0 | G23: 0.88390501 | H23: 0.80434783 | I23: 468.47 | J23: 426.3 | K23: 135 | L23: 123 | M23: 63243.45 | N23: 52434.9 | O23: 115678.35 | P23: =ROUND(O23*P$11,2) -> 110563.03
A24: 1.2 | B24: 3 | C24: MINNEAPOLIS PUBLIC SCHOOL DIST. | D24: 124 | E24: PARK VIEW MONTESSORI ELEMENTARY | F24: 1 | G24: Filtered | H24: Filtered | I24: Filtered | J24: Filtered | K24: 0 | L24: 0 | M24: Filtered | N24: Filtered | O24: 0 | P24: =ROUND(O24*P$11,2) -> 0
A25: 1.2 | B25: 3 | C25: MINNEAPOLIS PUBLIC SCHOOL DIST. | D25: 130 | E25: HIAWATHA ELEMENTARY | F25: 0 | G25: 0.55797101 | H25: 0.84745763 | I25: 295.72 | J25: 449.15 | K25: 43 | L25: 51 | M25: 12715.96 | N25: 22906.65 | O25: 35622.61 | P25: =ROUND(O25*P$11,2) -> 34047.37
A26: 1.2 | B26: 3 | C26: MINNEAPOLIS PUBLIC SCHOOL DIST. | D26: 134 | E26: LK NOKOMIS COMM-KEEWAYDIN CAMPUS | F26: 1 | G26: Filtered | H26: Filtered | I26: Filtered | J26: Filtered | K26: 0 | L26: 64 | M26: Filtered | N26: Filtered | O26: 23560.96 | P26: =ROUND(O26*P$11,2) -> 22519.09
A27: 1.2 | B27: 3 | C27: MINNEAPOLIS PUBLIC SCHOOL DIST. | D27: 135 | E27: KENNY ELEMENTARY | F27: 0 | G27: 0.76510067 | H27: 0.72 | I27: 405.5 | J27: 381.6 | K27: 54 | L27: 54 | M27: 21897 | N27: 20606.4 | O27: 42503.4 | P27: =ROUND(O27*P$11,2) -> 40623.89
A28: 1.2 | B28: 3 | C28: MINNEAPOLIS PUBLIC SCHOOL DIST. | D28: 136 | E28: KENWOOD ELEMENTARY | F28: 0 | G28: 0.859375 | H28: 0.82352941 | I28: 455.47 | J28: 436.47 | K28: 79 | L28: 71 | M28: 35982.13 | N28: 30989.37 | O28: 66971.5 | P28: =ROUND(O28*P$11,2) -> 64010
A29: 1.2 | B29: 3 | C29: MINNEAPOLIS PUBLIC SCHOOL DIST. | D29: 139 | E29: LONGFELLOW ELEMENTARY | F29: 1 | G29: Filtered | H29: Filtered | I29: Filtered | J29: Filtered | K29: 0 | L29: 0 | M29: Filtered | N29: Filtered | O29: 0 | P29: =ROUND(O29*P$11,2) -> 0
A30: 1.2 | B30: 3 | C30: MINNEAPOLIS PUBLIC SCHOOL DIST. | D30: 140 | E30: LORING ELEMENTARY | F30: 0 | G30: 0.65128205 | H30: 0.73652695 | I30: 345.18 | J30: 390.36 | K30: 57 | L30: 64 | M30: 19675.26 | N30: 24983.04 | O30: 44658.3 | P30: =ROUND(O30*P$11,2) -> 42683.5
A31: 1.2 | B31: 3 | C31: MINNEAPOLIS PUBLIC SCHOOL DIST. | D31: 144 | E31: LYNDALE ELEMENTARY | F31: 0 | G31: 0.53038674 | H31: 0.78472222 | I31: 281.1 | J31: 415.9 | K31: 65 | L31: 68 | M31: 18271.5 | N31: 28281.2 | O31: 46552.7 | P31: =ROUND(O31*P$11,2) -> 44494.13
A32: 1.2 | B32: 3 | C32: MINNEAPOLIS PUBLIC SCHOOL DIST. | D32: 151 | E32: JENNY LIND ELEMENTARY | F32: 0 | G32: 0.46460177 | H32: 0.75845411 | I32: 246.24 | J32: 401.98 | K32: 78 | L32: 79 | M32: 19206.72 | N32: 31756.42 | O32: 50963.14 | P32: =ROUND(O32*P$11,2) -> 48709.54
A33: 1.2 | B33: 3 | C33: MINNEAPOLIS PUBLIC SCHOOL DIST. | D33: 152 | E33: NORTHROP ELEMENTARY | F33: 0 | G33: 0.51871658 | H33: 0.8255814 | I33: 274.92 | J33: 437.56 | K33: 54 | L33: 57 | M33: 14845.68 | N33: 24940.92 | O33: 39786.6 | P33: =ROUND(O33*P$11,2) -> 38027.23
A34: 1.2 | B34: 3 | C34: MINNEAPOLIS PUBLIC SCHOOL DIST. | D34: 155 | E34: PILLSBURY ELEMENTARY | F34: 0 | G34: 0.51526718 | H34: 0.76525822 | I34: 273.09 | J34: 405.59 | K34: 94 | L34: 87 | M34: 25670.46 | N34: 35286.33 | O34: 60956.79 | P34: =ROUND(O34*P$11,2) -> 58261.27
A35: 1.2 | B35: 3 | C35: MINNEAPOLIS PUBLIC SCHOOL DIST. | D35: 156 | E35: PRATT ELEMENTARY | F35: 0 | G35: 0.49253731 | H35: 0.85185185 | I35: 261.04 | J35: 451.48 | K35: 23 | L35: 22 | M35: 6003.92 | N35: 9932.56 | O35: 15936.48 | P35: =ROUND(O35*P$11,2) -> 15231.77
A36: 1.2 | B36: 3 | C36: MINNEAPOLIS PUBLIC SCHOOL DIST. | D36: 160 | E36: SEWARD ELEMENTARY | F36: 0 | G36: 0.75272727 | H36: 0.76515152 | I36: 398.95 | J36: 405.53 | K36: 92 | L36: 96 | M36: 36703.4 | N36: 38930.88 | O36: 75634.28 | P36: =ROUND(O36*P$11,2) -> 72289.71
A37: 1.2 | B37: 3 | C37: MINNEAPOLIS PUBLIC SCHOOL DIST. | D37: 161 | E37: SHERIDAN ELEMENTARY | F37: 0 | G37: 0.3081761 | H37: 0.68461538 | I37: 163.33 | J37: 362.85 | K37: 55 | L37: 62 | M37: 8983.15 | N37: 22496.7 | O37: 31479.85 | P37: =ROUND(O37*P$11,2) -> 30087.8
A38: 1.2 | B38: 3 | C38: MINNEAPOLIS PUBLIC SCHOOL DIST. | D38: 165 | E38: WAITE PARK ELEMENTARY | F38: 0 | G38: 0.64516129 | H38: 0.7804878 | I38: 341.94 | J38: 413.66 | K38: 69 | L38: 75 | M38: 23593.86 | N38: 31024.5 | O38: 54618.36 | P38: =ROUND(O38*P$11,2) -> 52203.12
A39: 1.2 | B39: 3 | C39: MINNEAPOLIS PUBLIC SCHOOL DIST. | D39: 167 | E39: WENONAH EL. | F39: 1 | G39: Filtered | H39: Filtered | I39: Filtered | J39: Filtered | K39: 68 | L39: 0 | M39: Filtered | N39: Filtered | O39: 26395.56 | P39: =ROUND(O39*P$11,2) -> 25228.34
A40: 1.2 | B40: 3 | C40: MINNEAPOLIS PUBLIC SCHOOL DIST. | D40: 170 | E40: WINDOM OPEN ELEMENTARY | F40: 0 | G40: 0.54054054 | H40: 0.90983607 | I40: 286.49 | J40: 482.21 | K40: 60 | L40: 46 | M40: 17189.4 | N40: 22181.66 | O40: 39371.06 | P40: =ROUND(O40*P$11,2) -> 37630.06
A41: 1.2 | B41: 3 | C41: MINNEAPOLIS PUBLIC SCHOOL DIST. | D41: 175 | E41: RAMSEY FINE ARTS ELEMENTARY | F41: 0 | G41: 0.48648649 | H41: 0.67399267 | I41: 257.84 | J41: 357.22 | K41: 111 | L41: 106 | M41: 28620.24 | N41: 37865.32 | O41: 66485.56 | P41: =ROUND(O41*P$11,2) -> 63545.55
A42: 1.2 | B42: 3 | C42: MINNEAPOLIS PUBLIC SCHOOL DIST. | D42: 179 | E42: JEFFERSON ELEMENTARY | F42: 0 | G42: 0.35795455 | H42: 0.77118644 | I42: 189.72 | J42: 408.73 | K42: 73 | L42: 61 | M42: 13849.56 | N42: 24932.53 | O42: 38782.09 | P42: =ROUND(O42*P$11,2) -> 37067.14
A43: 1.2 | B43: 3 | C43: MINNEAPOLIS PUBLIC SCHOOL DIST. | D43: 180 | E43: DOWLING ELEMENTARY | F43: 0 | G43: 0.87068966 | H43: 0.70909091 | I43: 461.47 | J43: 375.82 | K43: 86 | L43: 83 | M43: 39686.42 | N43: 31193.06 | O43: 70879.48 | P43: =ROUND(O43*P$11,2) -> 67745.17
A44: 1.2 | B44: 3 | C44: MINNEAPOLIS PUBLIC SCHOOL DIST. | D44: 190 | E44: ANDERSEN OPEN ELEMENTARY | F44: 0 | G44: 0.29198966 | H44: 0.73650794 | I44: 154.75 | J44: 390.35 | K44: 120 | L44: 131 | M44: 18570 | N44: 51135.85 | O44: 69705.85 | P44: =ROUND(O44*P$11,2) -> 66623.44
A45: 1.2 | B45: 3 | C45: MINNEAPOLIS PUBLIC SCHOOL DIST. | D45: 193 | E45: SULLIVAN ELEMENTARY | F45: 0 | G45: 0.37195122 | H45: 0.74166667 | I45: 197.13 | J45: 393.08 | K45: 60 | L45: 54 | M45: 11827.8 | N45: 21226.32 | O45: 33054.12 | P45: =ROUND(O45*P$11,2) -> 31592.46
A46: 1.2 | B46: 3 | C46: MINNEAPOLIS PUBLIC SCHOOL DIST. | D46: 210 | E46: PERFORM. ARTS MAGNET-KENWOOD EL. | F46: 1 | G46: Filtered | H46: Filtered | I46: Filtered | J46: Filtered | K46: 0 | L46: 0 | M46: Filtered | N46: Filtered | O46: 0 | P46: =ROUND(O46*P$11,2) -> 0
A47: 1.2 | B47: 3 | C47: MINNEAPOLIS PUBLIC SCHOOL DIST. | D47: 225 | E47: ANISHINABE ACADEMY ELEMENTARY | F47: 0 | G47: 0.30252101 | H47: 0.67647059 | I47: 160.34 | J47: 358.53 | K47: 41 | L47: 40 | M47: 6573.94 | N47: 14341.2 | O47: 20915.14 | P47: =ROUND(O47*P$11,2) -> 19990.27
A48: 1.2 | B48: 3 | C48: MINNEAPOLIS PUBLIC SCHOOL DIST. | D48: 226 | E48: MARCY OPEN ELEMENTARY | F48: 0 | G48: 0.74054054 | H48: 0.70481928 | I48: 392.49 | J48: 373.55 | K48: 66 | L48: 59 | M48: 25904.34 | N48: 22039.45 | O48: 47943.79 | P48: =ROUND(O48*P$11,2) -> 45823.7
A49: 1.2 | B49: 3 | C49: MINNEAPOLIS PUBLIC SCHOOL DIST. | D49: 249 | E49: BRYN MAWR ELEMENTARY | F49: 0 | G49: 0.47643979 | H49: 0.70967742 | I49: 252.51 | J49: 376.13 | K49: 56 | L49: 64 | M49: 14140.56 | N49: 24072.32 | O49: 38212.88 | P49: =ROUND(O49*P$11,2) -> 36523.1
A50: 1.2 | B50: 3 | C50: MINNEAPOLIS PUBLIC SCHOOL DIST. | D50: 256 | E50: GREEN CENTRAL PARK ELEMENTARY | F50: 0 | G50: 0.3125 | H50: 0.6918239 | I50: 165.63 | J50: 366.67 | K50: 56 | L50: 75 | M50: 9275.28 | N50: 27500.25 | O50: 36775.53 | P50: =ROUND(O50*P$11,2) -> 35149.31
A51: 1.2 | B51: 3 | C51: MINNEAPOLIS PUBLIC SCHOOL DIST. | D51: 260 | E51: EMERSON ELEMENTARY | F51: 0 | G51: 0.50828729 | H51: 0.74193548 | I51: 269.39 | J51: 393.23 | K51: 64 | L51: 56 | M51: 17240.96 | N51: 22020.88 | O51: 39261.84 | P51: =ROUND(O51*P$11,2) -> 37525.67
A52: 1.2 | B52: 3 | C52: MINNEAPOLIS PUBLIC SCHOOL DIST. | D52: 282 | E52: LUCY LANEY @ CLEVELAND PARK ELEM. | F52: 0 | G52: 0.34911243 | H52: 0.6618705 | I52: 185.03 | J52: 350.79 | K52: 65 | L52: 66 | M52: 12026.95 | N52: 23152.14 | O52: 35179.09 | P52: =ROUND(O52*P$11,2) -> 33623.46
A53: 1.2 | B53: 3 | C53: MINNEAPOLIS PUBLIC SCHOOL DIST. | D53: 283 | E53: CROSSTOWN EDUCATIONAL CENTER | F53: 1 | G53: Filtered | H53: Filtered | I53: Filtered | J53: Filtered | K53: 0 | L53: 0 | M53: Filtered | N53: Filtered | O53: 0 | P53: =ROUND(O53*P$11,2) -> 0
A54: 1.2 | B54: 3 | C54: MINNEAPOLIS PUBLIC SCHOOL DIST. | D54: 287 | E54: HALL ELEMENTARY | F54: 0 | G54: 0.41860465 | H54: 0.70588235 | I54: 221.86 | J54: 374.12 | K54: 62 | L54: 57 | M54: 13755.32 | N54: 21324.84 | O54: 35080.16 | P54: =ROUND(O54*P$11,2) -> 33528.91
A55: 1.2 | B55: 3 | C55: MINNEAPOLIS PUBLIC SCHOOL DIST. | D55: 288 | E55: NELLIE STONE JOHNSON ELEMENTARY | F55: 0 | G55: 0.40254237 | H55: 0.70108696 | I55: 213.35 | J55: 371.58 | K55: 84 | L55: 86 | M55: 17921.4 | N55: 31955.88 | O55: 49877.28 | P55: =ROUND(O55*P$11,2) -> 47671.69
A56: 1.2 | B56: 3 | C56: MINNEAPOLIS PUBLIC SCHOOL DIST. | D56: 289 | E56: WHITTIER PARK ELEMENTARY | F56: 0 | G56: 0.59507042 | H56: 0.76255708 | I56: 315.39 | J56: 404.16 | K56: 102 | L56: 97 | M56: 32169.78 | N56: 39203.52 | O56: 71373.3 | P56: =ROUND(O56*P$11,2) -> 68217.16
A57: 1.2 | B57: 3 | C57: MINNEAPOLIS PUBLIC SCHOOL DIST. | D57: 290 | E57: CITYVIEW PAM MAGNET | F57: 1 | G57: Filtered | H57: Filtered | I57: Filtered | J57: Filtered | K57: 8 | L57: 7 | M57: Filtered | N57: Filtered | O57: 4000.59 | P57: =ROUND(O57*P$11,2) -> 3823.68
A58: 1.2 | B58: 3 | C58: MINNEAPOLIS PUBLIC SCHOOL DIST. | D58: 291 | E58: HMONG INTERNATIONAL ACADEMY | F58: 0 | G58: 0.22413793 | H58: 0.68831169 | I58: 118.79 | J58: 364.81 | K58: 47 | L58: 34 | M58: 5583.13 | N58: 12403.54 | O58: 17986.67 | P58: =ROUND(O58*P$11,2) -> 17191.3
A59: 1.2 | B59: 3 | C59: MINNEAPOLIS PUBLIC SCHOOL DIST. | D59: 311 | E59: SPAN | F59: 1 | G59: Filtered | H59: Filtered | I59: Filtered | J59: Filtered | K59: 6 | L59: 7 | M59: Filtered | N59: Filtered | O59: 2755.98 | P59: =ROUND(O59*P$11,2) -> 2634.11
A60: 1.2 | B60: 3 | C60: MINNEAPOLIS PUBLIC SCHOOL DIST. | D60: 401 | E60: MPS D/HH | F60: 1 | G60: Filtered | H60: Filtered | I60: Filtered | J60: Filtered | K60: 0 | L60: 1 | M60: Filtered | N60: Filtered | O60: 0 | P60: =ROUND(O60*P$11,2) -> 0
A61: 1.2 | B61: 3 | C61: MINNEAPOLIS PUBLIC SCHOOL DIST. | D61: 405 | E61: URBAN LEAGUE ACADEMY ELEMENTARY | F61: 1 | G61: Filtered | H61: Filtered | I61: Filtered | J61: Filtered | K61: 11 | L61: 8 | M61: Filtered | N61: Filtered | O61: 5690.65 | P61: =ROUND(O61*P$11,2) -> 5439.01
A62: 1.2 | B62: 3 | C62: MINNEAPOLIS PUBLIC SCHOOL DIST. | D62: 418 | E62: TATANKA ACADEMY | F62: 1 | G62: Filtered | H62: Filtered | I62: Filtered | J62: Filtered | K62: 5 | L62: 0 | M62: Filtered | N62: Filtered | O62: 331.25 | P62: =ROUND(O62*P$11,2) -> 316.6
A63: 1.2 | B63: 3 | C63: MINNEAPOLIS PUBLIC SCHOOL DIST. | D63: 625 | E63: RIVER BEND EDUCATIONAL CENTER | F63: 1 | G63: Filtered | H63: Filtered | I63: Filtered | J63: Filtered | K63: 9 | L63: 10 | M63: Filtered | N63: Filtered | O63: 4655.69 | P63: =ROUND(O63*P$11,2) -> 4449.81
A64: 1.2 | B64: 3 | C64: MINNEAPOLIS PUBLIC SCHOOL DIST. | D64: 689 | E64: MPS METRO SJ | F64: 1 | G64: Filtered | H64: Filtered | I64: Filtered | J64: Filtered | K64: 5 | L64: 9 | M64: Filtered | N64: Filtered | O64: 3107.75 | P64: =ROUND(O64*P$11,2) -> 2970.32
A65: 2 | B65: 1 | C65: HILL CITY PUBLIC SCHOOL DISTRICT | D65: 1 | E65: HILL CITY ELEMENTARY | F65: 0 | G65: 0.73469388 | H65: 0.75471698 | I65: 389.39 | J65: 400 | K65: 15 | L65: 20 | M65: 5840.85 | N65: 8000 | O65: 13840.85 | P65: =ROUND(O65*P$11,2) -> 13228.8
A66: 4 | B66: 1 | C66: MCGREGOR PUBLIC SCHOOL DISTRICT | D66: 10 | E66: MCGREGOR ELEMENTARY | F66: 0 | G66: 0.73493976 | H66: 0.75 | I66: 389.52 | J66: 397.5 | K66: 33 | L66: 37 | M66: 12854.16 | N66: 14707.5 | O66: 27561.66 | P66: =ROUND(O66*P$11,2) -> 26342.88
A67: 6 | B67: 3 | C67: SOUTH ST. PAUL PUBLIC SCHOOL DIST. | D67: 735 | E67: LINCOLN CENTER ELEMENTARY | F67: 0 | G67: 0.7125 | H67: 0.80108992 | I67: 377.63 | J67: 424.58 | K67: 149 | L67: 137 | M67: 56266.87 | N67: 58167.46 | O67: 114434.33 | P67: =ROUND(O67*P$11,2) -> 109374.02
A68: 6 | B68: 3 | C68: SOUTH ST. PAUL PUBLIC SCHOOL DIST. | D68: 737 | E68: KAPOSIA EDUCATION CENTER ELEMENTARY | F68: 0 | G68: 0.7994186 | H68: 0.67092652 | I68: 423.69 | J68: 355.59 | K68: 107 | L68: 119 | M68: 45334.83 | N68: 42315.21 | O68: 87650.04 | P68: =ROUND(O68*P$11,2) -> 83774.13
A69: 11 | B69: 1 | C69: ANOKA-HENNEPIN PUBLIC SCHOOL DIST. | D69: 400 | E69: ADAMS ELEMENTARY | F69: 0 | G69: 0.76987448 | H69: 0.78082192 | I69: 408.03 | J69: 413.84 | K69: 80 | L69: 82 | M69: 32642.4 | N69: 33934.88 | O69: 66577.28 | P69: =ROUND(O69*P$11,2) -> 63633.22
A70: 11 | B70: 1 | C70: ANOKA-HENNEPIN PUBLIC SCHOOL DIST. | D70: 401 | E70: CHAMPLIN ELEMENTARY | F70: 1 | G70: Filtered | H70: Filtered | I70: Filtered | J70: Filtered | K70: 0 | L70: 0 | M70: Filtered | N70: Filtered | O70: 0 | P70: =ROUND(O70*P$11,2) -> 0
A71: 11 | B71: 1 | C71: ANOKA-HENNEPIN PUBLIC SCHOOL DIST. | D71: 402 | E71: CROOKED LAKE ELEMENTARY | F71: 0 | G71: 0.88043478 | H71: 0.72222222 | I71: 466.63 | J71: 382.78 | K71: 96 | L71: 74 | M71: 44796.48 | N71: 28325.72 | O71: 73122.2 | P71: =ROUND(O71*P$11,2) -> 69888.72
A72: 11 | B72: 1 | C72: ANOKA-HENNEPIN PUBLIC SCHOOL DIST. | D72: 403 | E72: FRANKLIN ELEMENTARY | F72: 0 | G72: 0.78414097 | H72: 0.77102804 | I72: 415.59 | J72: 408.64 | K72: 77 | L72: 86 | M72: 32000.43 | N72: 35143.04 | O72: 67143.47 | P72: =ROUND(O72*P$11,2) -> 64174.37
A73: 11 | B73: 1 | C73: ANOKA-HENNEPIN PUBLIC SCHOOL DIST. | D73: 404 | E73: HAMILTON ELEMENTARY | F73: 0 | G73: 0.70967742 | H73: 0.71859296 | I73: 376.13 | J73: 380.85 | K73: 60 | L73: 67 | M73: 22567.8 | N73: 25516.95 | O73: 48084.75 | P73: =ROUND(O73*P$11,2) -> 45958.43
A74: 11 | B74: 1 | C74: ANOKA-HENNEPIN PUBLIC SCHOOL DIST. | D74: 405 | E74: HOOVER ELEMENTARY | F74: 0 | G74: 0.74898785 | H74: 0.77777778 | I74: 396.96 | J74: 412.22 | K74: 89 | L74: 87 | M74: 35329.44 | N74: 35863.14 | O74: 71192.58 | P74: =ROUND(O74*P$11,2) -> 68044.43
A75: 11 | B75: 1 | C75: ANOKA-HENNEPIN PUBLIC SCHOOL DIST. | D75: 406 | E75: JEFFERSON ELEMENTARY | F75: 0 | G75: 0.80113636 | H75: 0.76393443 | I75: 424.6 | J75: 404.89 | K75: 121 | L75: 121 | M75: 51376.6 | N75: 48991.69 | O75: 100368.29 | P75: =ROUND(O75*P$11,2) -> 95929.98
A76: 11 | B76: 1 | C76: ANOKA-HENNEPIN PUBLIC SCHOOL DIST. | D76: 407 | E76: JOHNSVILLE ELEMENTARY | F76: 0 | G76: 0.86376812 | H76: 0.752443 | I76: 457.8 | J76: 398.79 | K76: 120 | L76: 110 | M76: 54936 | N76: 43866.9 | O76: 98802.9 | P76: =ROUND(O76*P$11,2) -> 94433.81
A77: 11 | B77: 1 | C77: ANOKA-HENNEPIN PUBLIC SCHOOL DIST. | D77: 408 | E77: LINCOLN ELEMENTARY | F77: 0 | G77: 0.74757282 | H77: 0.75268817 | I77: 396.21 | J77: 398.92 | K77: 64 | L77: 72 | M77: 25357.44 | N77: 28722.24 | O77: 54079.68 | P77: =ROUND(O77*P$11,2) -> 51688.26
A78: 11 | B78: 1 | C78: ANOKA-HENNEPIN PUBLIC SCHOOL DIST. | D78: 409 | E78: L.O. JACOB ELEMENTARY | F78: 1 | G78: Filtered | H78: Filtered | I78: Filtered | J78: Filtered | K78: 0 | L78: 0 | M78: Filtered | N78: Filtered | O78: 0 | P78: =ROUND(O78*P$11,2) -> 0
A79: 11 | B79: 1 | C79: ANOKA-HENNEPIN PUBLIC SCHOOL DIST. | D79: 410 | E79: MADISON ELEMENTARY | F79: 0 | G79: 0.74708171 | H79: 0.88617886 | I79: 395.95 | J79: 469.67 | K79: 95 | L79: 95 | M79: 37615.25 | N79: 44618.65 | O79: 82233.9 | P79: =ROUND(O79*P$11,2) -> 78597.5
A80: 11 | B80: 1 | C80: ANOKA-HENNEPIN PUBLIC SCHOOL DIST. | D80: 411 | E80: MCKINLEY ELEMENTARY | F80: 0 | G80: 0.81979695 | H80: 0.89795918 | I80: 434.49 | J80: 475.92 | K80: 134 | L80: 128 | M80: 58221.66 | N80: 60917.76 | O80: 119139.42 | P80: =ROUND(O80*P$11,2) -> 113871.05
A81: 11 | B81: 1 | C81: ANOKA-HENNEPIN PUBLIC SCHOOL DIST. | D81: 412 | E81: MISSISSIPPI ELEMENTARY | F81: 0 | G81: 0.68085106 | H81: 0.78082192 | I81: 360.85 | J81: 413.84 | K81: 82 | L81: 84 | M81: 29589.7 | N81: 34762.56 | O81: 64352.26 | P81: =ROUND(O81*P$11,2) -> 61506.59
A82: 11 | B82: 1 | C82: ANOKA-HENNEPIN PUBLIC SCHOOL DIST. | D82: 413 | E82: MONROE ELEMENTARY | F82: 0 | G82: 0.80237154 | H82: 0.86238532 | I82: 425.26 | J82: 457.06 | K82: 74 | L82: 89 | M82: 31469.24 | N82: 40678.34 | O82: 72147.58 | P82: =ROUND(O82*P$11,2) -> 68957.2
A83: 11 | B83: 1 | C83: ANOKA-HENNEPIN PUBLIC SCHOOL DIST. | D83: 414 | E83: MORRIS BYE ELEMENTARY | F83: 0 | G83: 0.82868526 | H83: 0.75630252 | I83: 439.2 | J83: 400.84 | K83: 98 | L83: 89 | M83: 43041.6 | N83: 35674.76 | O83: 78716.36 | P83: =ROUND(O83*P$11,2) -> 75235.5
A84: 11 | B84: 1 | C84: ANOKA-HENNEPIN PUBLIC SCHOOL DIST. | D84: 415 | E84: SORTEBERG ELEMENTARY | F84: 1 | G84: Filtered | H84: Filtered | I84: Filtered | J84: Filtered | K84: 0 | L84: 0 | M84: Filtered | N84: Filtered | O84: 0 | P84: =ROUND(O84*P$11,2) -> 0
A85: 11 | B85: 1 | C85: ANOKA-HENNEPIN PUBLIC SCHOOL DIST. | D85: 416 | E85: RIVERVIEW SPECIALTY SCHOOL | F85: 1 | G85: Filtered | H85: Filtered | I85: Filtered | J85: Filtered | K85: 0 | L85: 0 | M85: Filtered | N85: Filtered | O85: 0 | P85: =ROUND(O85*P$11,2) -> 0
A86: 11 | B86: 1 | C86: ANOKA-HENNEPIN PUBLIC SCHOOL DIST. | D86: 417 | E86: SAND CREEK ELEMENTARY | F86: 0 | G86: 0.7994012 | H86: 0.86261981 | I86: 423.68 | J86: 457.19 | K86: 114 | L86: 114 | M86: 48299.52 | N86: 52119.66 | O86: 100419.18 | P86: =ROUND(O86*P$11,2) -> 95978.62
A87: 11 | B87: 1 | C87: ANOKA-HENNEPIN PUBLIC SCHOOL DIST. | D87: 418 | E87: UNIVERSITY ELEMENTARY | F87: 0 | G87: 0.63529412 | H87: 0.77678571 | I87: 336.71 | J87: 411.7 | K87: 86 | L87: 79 | M87: 28957.06 | N87: 32524.3 | O87: 61481.36 | P87: =ROUND(O87*P$11,2) -> 58762.64
A88: 11 | B88: 1 | C88: ANOKA-HENNEPIN PUBLIC SCHOOL DIST. | D88: 419 | E88: WASHINGTON ELEMENTARY | F88: 1 | G88: Filtered | H88: Filtered | I88: Filtered | J88: Filtered | K88: 0 | L88: 0 | M88: Filtered | N88: Filtered | O88: 0 | P88: =ROUND(O88*P$11,2) -> 0
A89: 11 | B89: 1 | C89: ANOKA-HENNEPIN PUBLIC SCHOOL DIST. | D89: 420 | E89: WILSON ELEMENTARY | F89: 0 | G89: 0.75886525 | H89: 0.77935943 | I89: 402.2 | J89: 413.06 | K89: 93 | L89: 94 | M89: 37404.6 | N89: 38827.64 | O89: 76232.24 | P89: =ROUND(O89*P$11,2) -> 72861.23
A90: 11 | B90: 1 | C90: ANOKA-HENNEPIN PUBLIC SCHOOL DIST. | D90: 421 | E90: EVERGREEN PARK ELEMENTARY | F90: 0 | G90: 0.56277056 | H90: 0.80373832 | I90: 298.27 | J90: 425.98 | K90: 83 | L90: 85 | M90: 24756.41 | N90: 36208.3 | O90: 60964.71 | P90: =ROUND(O90*P$11,2) -> 58268.84
A91: 11 | B91: 1 | C91: ANOKA-HENNEPIN PUBLIC SCHOOL DIST. | D91: 422 | E91: EISENHOWER ELEMENTARY | F91: 0 | G91: 0.78277154 | H91: 0.85062241 | I91: 414.87 | J91: 450.83 | K91: 108 | L91: 99 | M91: 44805.96 | N91: 44632.17 | O91: 89438.13 | P91: =ROUND(O91*P$11,2) -> 85483.15
A92: 11 | B92: 1 | C92: ANOKA-HENNEPIN PUBLIC SCHOOL DIST. | D92: 423 | E92: RAMSEY ELEMENTARY | F92: 0 | G92: 0.83892617 | H92: 0.81305115 | I92: 444.63 | J92: 430.92 | K92: 207 | L92: 175 | M92: 92038.41 | N92: 75411 | O92: 167449.41 | P92: =ROUND(O92*P$11,2) -> 160044.76
A93: 11 | B93: 1 | C93: ANOKA-HENNEPIN PUBLIC SCHOOL DIST. | D93: 424 | E93: DAYTON ELEMENTARY | F93: 0 | G93: 0.77112676 | H93: 0.90228013 | I93: 408.7 | J93: 478.21 | K93: 87 | L93: 86 | M93: 35556.9 | N93: 41126.06 | O93: 76682.96 | P93: =ROUND(O93*P$11,2) -> 73292.02
A94: 11 | B94: 1 | C94: ANOKA-HENNEPIN PUBLIC SCHOOL DIST. | D94: 425 | E94: OXBOW CREEK ELEMENTARY | F94: 0 | G94: 0.83510638 | H94: 0.78816794 | I94: 442.61 | J94: 417.73 | K94: 202 | L94: 196 | M94: 89407.22 | N94: 81875.08 | O94: 171282.3 | P94: =ROUND(O94*P$11,2) -> 163708.16
A95: 11 | B95: 1 | C95: ANOKA-HENNEPIN PUBLIC SCHOOL DIST. | D95: 426 | E95: ANDOVER ELEMENTARY | F95: 0 | G95: 0.81311018 | H95: 0.77291961 | I95: 430.95 | J95: 409.65 | K95: 235 | L95: 247 | M95: 101273.25 | N95: 101183.55 | O95: 202456.8 | P95: =ROUND(O95*P$11,2) -> 193504.11
A96: 11 | B96: 1 | C96: ANOKA-HENNEPIN PUBLIC SCHOOL DIST. | D96: 427 | E96: RUM RIVER ELEMENTARY | F96: 0 | G96: 0.84817814 | H96: 0.82128514 | I96: 449.53 | J96: 435.28 | K96: 167 | L96: 171 | M96: 75071.51 | N96: 74432.88 | O96: 149504.39 | P96: =ROUND(O96*P$11,2) -> 142893.27
A97: 11 | B97: 1 | C97: ANOKA-HENNEPIN PUBLIC SCHOOL DIST. | D97: 430 | E97: RUM RIVER ELEMENTARY | F97: 0 | G97: 0.81468531 | H97: 0.90196078 | I97: 431.78 | J97: 478.04 | K97: 148 | L97: 138 | M97: 63903.44 | N97: 65969.52 | O97: 129872.96 | P97: =ROUND(O97*P$11,2) -> 124129.95
A98: 11 | B98: 1 | C98: ANOKA-HENNEPIN PUBLIC SCHOOL DIST. | D98: 440 | E98: ALEXANDRIA HOUSE WOMENS SHELTER | F98: 1 | G98: Filtered | H98: Filtered | I98: Filtered | J98: Filtered | K98: 1 | L98: 1 | M98: Filtered | N98: Filtered | O98: 530 | P98: =ROUND(O98*P$11,2) -> 506.56
A99: 11 | B99: 1 | C99: ANOKA-HENNEPIN PUBLIC SCHOOL DIST. | D99: 467 | E99: BELL CENTER | F99: 1 | G99: Filtered | H99: Filtered | I99: Filtered | J99: Filtered | K99: 6 | L99: 2 | M99: Filtered | N99: Filtered | O99: 1696.02 | P99: =ROUND(O99*P$11,2) -> 1621.02
A100: 12 | B100: 1 | C100: CENTENNIAL PUBLIC SCHOOL DISTRICT | D100: 510 | E100: CENTENNIAL ELEMENTARY | F100: 0 | G100: 0.81434599 | H100: 0.8558952 | I100: 431.6 | J100: 453.62 | K100: 77 | L100: 85 | M100: 33233.2 | N100: 38557.7 | O100: 71790.9 | P100: =ROUND(O100*P$11,2) -> 68616.29
A101: 12 | B101: 1 | C101: CENTENNIAL PUBLIC SCHOOL DISTRICT | D101: 511 | E101: CENTERVILLE ELEMENTARY | F101: 0 | G101: 0.91973244 | H101: 0.88560886 | I101: 487.46 | J101: 469.37 | K101: 108 | L101: 101 | M101: 52645.68 | N101: 47406.37 | O101: 100052.05 | P101: =ROUND(O101*P$11,2) -> 95627.72
A102: 12 | B102: 1 | C102: CENTENNIAL PUBLIC SCHOOL DISTRICT | D102: 512 | E102: GOLDEN LAKE ELEMENTARY | F102: 0 | G102: 0.88481675 | H102: 0.83536585 | I102: 468.95 | J102: 442.74 | K102: 71 | L102: 51 | M102: 33295.45 | N102: 22579.74 | O102: 55875.19 | P102: =ROUND(O102*P$11,2) -> 53404.38
A103: 12 | B103: 1 | C103: CENTENNIAL PUBLIC SCHOOL DISTRICT | D103: 513 | E103: RICE LAKE ELEMENTARY | F103: 0 | G103: 0.875 | H103: 0.8225256 | I103: 463.75 | J103: 435.94 | K103: 97 | L103: 107 | M103: 44983.75 | N103: 46645.58 | O103: 91629.33 | P103: =ROUND(O103*P$11,2) -> 87577.46
A104: 12 | B104: 1 | C104: CENTENNIAL PUBLIC SCHOOL DISTRICT | D104: 515 | E104: BLUE HERON ELEMENTARY | F104: 0 | G104: 0.85588235 | H104: 0.79239766 | I104: 453.62 | J104: 419.97 | K104: 117 | L104: 113 | M104: 53073.54 | N104: 47456.61 | O104: 100530.15 | P104: =ROUND(O104*P$11,2) -> 96084.68
...

Sheet All sites (detail)
A1: Inputs for Site Reports | G1: Results are filtered if there are fewer that 10 results in columns A, C, E, G, I, or K.
G2: If anything is filtered here, then everything is filtered.
G3: If you are responsible for a filtered site and you want the detail, contact Bob Porter at bob.porter@state.mn.us or at 651-582-8851.
H5: A | I5: B | J5: C | K5: D | L5: E | M5: F | N5: G | O5: H | P5: I | Q5: J | R5: K | S5: L | T5: M | U5: N | V5: O | W5: P | X5: Q | Y5: R | Z5: S | AA5: T
AA7: Prorated
H8: FY 2010 | I8: FY 2010 | J8: FY 2011 | K8: FY 2011 | L8: FY 2012 | M8: FY 2012 | N8: FY 2010 | O8: FY 2010 | P8: FY 2011 | Q8: FY 2011 | R8: FY 2012 | S8: FY 2012 | T8: Oct 11 | U8: Oct 11 | X8: Total | Y8: Total | Z8: Gross | AA8: Revenue
H9: MCA | I9: MCA | J9: MCA | K9: MCA | L9: MCA | M9: MCA | N9: Growth | O9: Growth | P9: Growth | Q9: Growth | R9: Growth | S9: Growth | T9: Enroll | U9: Enroll | V9: Proficiency | W9: Growth | X9: Proficiency | Y9: Growth | Z9: Combined | AA9: =+"= "&+Z5&" x" -> = S x
G10: Filtered? | H10: Total | I10: Proficient | J10: Total | K10: Proficient | L10: Total | M10: Proficient | N10: Total | O10: High/Med | P10: Total | Q10: High/Med | R10: Total | S10: High/Med | T10: Grade 3 | U10: Grade 4 | V10: Portion | W10: Portion | X10: Revenue | Y10: Revenue | Z10: Revenue | AA10: 0.95577976
B12: TOTAL | G12: =SUM(G14:G973) -> 101 | H12: n/a | I12: n/a | J12: n/a | K12: n/a | L12: n/a | M12: n/a | N12: n/a | O12: n/a | P12: n/a | Q12: n/a | R12: n/a | S12: n/a | T12: =SUM(T14:T973) -> 61966 | U12: =SUM(U14:U973) -> 60492 | V12: n/a | W12: n/a | X12: =SUM(X14:X973) -> 25556308 | Y12: =SUM(Y14:Y973) -> 24819917 | Z12: =SUM(Z14:Z973) -> 50832840 | AA12: =SUM(AA14:AA973) -> 48585000
A14: 10002 | B14: 1 | C14: 1 | D14: AITKIN PUBLIC SCHOOL DISTRICT | E14: 2 | F14: RIPPLESIDE ELEMENTARY | G14: 0 | H14: 84 | I14: 61 | J14: 69 | K14: 54 | L14: 98 | M14: 77 | N14: 79 | O14: 58 | P14: 82 | Q14: 60 | R14: 63 | S14: 46 | T14: 102 | U14: 67 | V14: 0.76494024 | W14: 0.73214286 | X14: 41352.84 | Y14: 25998.68 | Z14: 67351.52 | AA14: =ROUND(Z14*AA$10,2) -> 64373.22
A15: 10003 | B15: 1 | C15: 1 | D15: AITKIN PUBLIC SCHOOL DISTRICT | E15: 3 | F15: PALISADE ELEMENTARY | G15: 1 | H15: Filtered | I15: Filtered | J15: Filtered | K15: Filtered | L15: Filtered | M15: Filtered | N15: Filtered | O15: Filtered | P15: Filtered | Q15: Filtered | R15: Filtered | S15: Filtered | T15: 7 | U15: 5 | V15: Filtered | W15: Filtered | X15: Filtered | Y15: Filtered | Z15: 4975.4 | AA15: =ROUND(Z15*AA$10,2) -> 4755.39
A16: 12103 | B16: 1.2 | C16: 3 | D16: MINNEAPOLIS PUBLIC SCHOOL DIST. | E16: 103 | F16: ARMATAGE ELEMENTARY | G16: 0 | H16: 74 | I16: 62 | J16: 75 | K16: 61 | L16: 79 | M16: 68 | N16: 68 | O16: 54 | P16: 51 | Q16: 44 | R16: 65 | S16: 59 | T16: 80 | U16: 74 | V16: 0.8377193 | W16: 0.85326087 | X16: 35519.2 | Y16: 33465.02 | Z16: 68984.22 | AA16: =ROUND(Z16*AA$10,2) -> 65933.72
A17: 12105 | B17: 1.2 | C17: 3 | D17: MINNEAPOLIS PUBLIC SCHOOL DIST. | E17: 105 | F17: BANCROFT ELEMENTARY | G17: 0 | H17: 62 | I17: 17 | J17: 63 | K17: 23 | L17: 57 | M17: 24 | N17: 48 | O17: 34 | P17: 66 | Q17: 45 | R17: 52 | S17: 34 | T17: 55 | U17: 74 | V17: 0.35164835 | W17: 0.68072289 | X17: 10250.35 | Y17: 26697.72 | Z17: 36948.07 | AA17: =ROUND(Z17*AA$10,2) -> 35314.22
A18: 12106 | B18: 1.2 | C18: 3 | D18: MINNEAPOLIS PUBLIC SCHOOL DIST. | E18: 106 | F18: BARTON OPEN ELEMENTARY | G18: 0 | H18: 88 | I18: 73 | J18: 73 | K18: 62 | L18: 80 | M18: 73 | N18: 82 | O18: 67 | P18: 82 | Q18: 67 | R18: 70 | S18: 61 | T18: 81 | U18: 80 | V18: 0.86307054 | W18: 0.83333333 | X18: 37051.83 | Y18: 35333.6 | Z18: 72385.43 | AA18: =ROUND(Z18*AA$10,2) -> 69184.53
A19: 12107 | B19: 1.2 | C19: 3 | D19: MINNEAPOLIS PUBLIC SCHOOL DIST. | E19: 107 | F19: BETHUNE ELEMENTARY | G19: 0 | H19: 57 | I19: 18 | J19: 53 | K19: 20 | L19: 42 | M19: 13 | N19: 27 | O19: 17 | P19: 28 | Q19: 20 | R19: 45 | S19: 25 | T19: 43 | U19: 55 | V19: 0.33552632 | W19: 0.62 | X19: 7646.69 | Y19: 18073 | Z19: 25719.69 | AA19: =ROUND(Z19*AA$10,2) -> 24582.36
A20: 12110 | B20: 1.2 | C20: 3 | D20: MINNEAPOLIS PUBLIC SCHOOL DIST. | E20: 110 | F20: BURROUGHS ELEMENTARY | G20: 0 | H20: 128 | I20: 106 | J20: 127 | K20: 108 | L20: 144 | M20: 132 | N20: 121 | O20: 106 | P20: 116 | Q20: 104 | R20: 118 | S20: 106 | T20: 146 | U20: 125 | V20: 0.86716792 | W20: 0.89014085 | X20: 67101.6 | Y20: 58971.25 | Z20: 126072.85 | AA20: =ROUND(Z20*AA$10,2) -> 120497.88
A21: 12121 | B21: 1.2 | C21: 3 | D21: MINNEAPOLIS PUBLIC SCHOOL DIST. | E21: 121 | F21: LAKE HARRIET UPPER SCHOOL | G21: 0 | H21: 103 | I21: 98 | J21: 115 | K21: 105 | L21: 122 | M21: 117 | N21: 115 | O21: 94 | P21: 98 | Q21: 83 | R21: 107 | S21: 91 | T21: 128 | U21: 111 | V21: 0.94117647 | W21: 0.8375 | X21: 63848.96 | Y21: 49270.68 | Z21: 113119.64 | AA21: =ROUND(Z21*AA$10,2) -> 108117.46
A22: 12123 | B22: 1.2 | C22: 3 | D22: MINNEAPOLIS PUBLIC SCHOOL DIST. | E22: 123 | F22: HALE ELEMENTARY | G22: 0 | H22: 124 | I22: 105 | J22: 119 | K22: 106 | L22: 136 | M22: 124 | N22: 130 | O22: 95 | P22: 123 | Q22: 108 | R22: 115 | S22: 93 | T22: 135 | U22: 123 | V22: 0.88390501 | W22: 0.80434783 | X22: 63243.45 | Y22: 52434.9 | Z22: 115678.35 | AA22: =ROUND(Z22*AA$10,2) -> 110563.03
A23: 12124 | B23: 1.2 | C23: 3 | D23: MINNEAPOLIS PUBLIC SCHOOL DIST. | E23: 124 | F23: PARK VIEW MONTESSORI ELEMENTARY | G23: 0 | H23: 0 | I23: 0 | J23: 0 | K23: 0 | L23: 0 | M23: 0 | N23: 22 | O23: 12 | P23: 0 | Q23: 0 | R23: 0 | S23: 0 | T23: 0 | U23: 0 | V23: 0 | W23: 0.54545455 | X23: 0 | Y23: 0 | Z23: 0 | AA23: =ROUND(Z23*AA$10,2) -> 0
A24: 12130 | B24: 1.2 | C24: 3 | D24: MINNEAPOLIS PUBLIC SCHOOL DIST. | E24: 130 | F24: HIAWATHA ELEMENTARY | G24: 0 | H24: 48 | I24: 16 | J24: 50 | K24: 32 | L24: 40 | M24: 29 | N24: 32 | O24: 28 | P24: 41 | Q24: 37 | R24: 45 | S24: 35 | T24: 43 | U24: 51 | V24: 0.55797101 | W24: 0.84745763 | X24: 12715.96 | Y24: 22906.65 | Z24: 35622.61 | AA24: =ROUND(Z24*AA$10,2) -> 34047.37
A25: 12134 | B25: 1.2 | C25: 3 | D25: MINNEAPOLIS PUBLIC SCHOOL DIST. | E25: 134 | F25: LK NOKOMIS COMM-KEEWAYDIN CAMPUS | G25: 0 | H25: 0 | I25: 0 | J25: 0 | K25: 0 | L25: 0 | M25: 0 | N25: 57 | O25: 36 | P25: 52 | Q25: 41 | R25: 58 | S25: 39 | T25: 0 | U25: 64 | V25: 0 | W25: 0.69461078 | X25: 0 | Y25: 23560.96 | Z25: 23560.96 | AA25: =ROUND(Z25*AA$10,2) -> 22519.09
A26: 12135 | B26: 1.2 | C26: 3 | D26: MINNEAPOLIS PUBLIC SCHOOL DIST. | E26: 135 | F26: KENNY ELEMENTARY | G26: 0 | H26: 45 | I26: 33 | J26: 56 | K26: 39 | L26: 48 | M26: 42 | N26: 38 | O26: 20 | P26: 61 | Q26: 49 | R26: 51 | S26: 39 | T26: 54 | U26: 54 | V26: 0.76510067 | W26: 0.72 | X26: 21897 | Y26: 20606.4 | Z26: 42503.4 | AA26: =ROUND(Z26*AA$10,2) -> 40623.89
A27: 12136 | B27: 1.2 | C27: 3 | D27: MINNEAPOLIS PUBLIC SCHOOL DIST. | E27: 136 | F27: KENWOOD ELEMENTARY | G27: 0 | H27: 46 | I27: 37 | J27: 71 | K27: 62 | L27: 75 | M27: 66 | N27: 35 | O27: 29 | P27: 57 | Q27: 47 | R27: 61 | S27: 50 | T27: 79 | U27: 71 | V27: 0.859375 | W27: 0.82352941 | X27: 35982.13 | Y27: 30989.37 | Z27: 66971.5 | AA27: =ROUND(Z27*AA$10,2) -> 64010
... A51: 12282 | B51: 1.2 | C51: 3 | D51: MINNEAPOLIS PUBLIC SCHOOL DIST. | E51: 282 | F51: LUCY LANEY @ CLEVELAND PARK ELEM. | G51: 0 | H51: 58 | I51: 19 | J51: 50 | K51: 18 | L51: 61 | M51: 22 | N51: 38 | O51: 23 | P51: 52 | Q51: 31 | R51: 49 | S51: 38 | T51: 65 | U51: 66 | V51: 0.34911243 | W51: 0.6618705 | X51: 12026.95 | Y51: 23152.14 | Z51: 35179.09 | AA51: =ROUND(Z51*AA$10,2) -> 33623.46
A52: 12283 | B52: 1.2 | C52: 3 | D52: MINNEAPOLIS PUBLIC SCHOOL DIST. | E52: 283 | F52: CROSSTOWN EDUCATIONAL CENTER | G52: 1 | H52: Filtered | I52: Filtered | J52: Filtered | K52: Filtered | L52: Filtered | M52: Filtered | N52: Filtered | O52: Filtered | P52: Filtered | Q52: Filtered | R52: Filtered | S52: Filtered | T52: 0 | U52: 0 | V52: Filtered | W52: Filtered | X52: Filtered | Y52: Filtered | Z52: 0 | AA52: =ROUND(Z52*AA$10,2) -> 0
A53: 12287 | B53: 1.2 | C53: 3 | D53: MINNEAPOLIS PUBLIC SCHOOL DIST. | E53: 287 | F53: HALL ELEMENTARY | G53: 0 | H53: 48 | I53: 15 | J53: 63 | K53: 27 | L53: 61 | M53: 30 | N53: 44 | O53: 20 | P53: 40 | Q53: 35 | R53: 52 | S53: 41 | T53: 62 | U53: 57 | V53: 0.41860465 | W53: 0.70588235 | X53: 13755.32 | Y53: 21324.84 | Z53: 35080.16 | AA53: =ROUND(Z53*AA$10,2) -> 33528.91
A54: 12288 | B54: 1.2 | C54: 3 | D54: MINNEAPOLIS PUBLIC SCHOOL DIST. | E54: 288 | F54: NELLIE STONE JOHNSON ELEMENTARY | G54: 0 | H54: 85 | I54: 21 | J54: 70 | K54: 35 | L54: 81 | M54: 39 | N54: 53 | O54: 38 | P54: 64 | Q54: 49 | R54: 67 | S54: 42 | T54: 84 | U54: 86 | V54: 0.40254237 | W54: 0.70108696 | X54: 17921.4 | Y54: 31955.88 | Z54: 49877.28 | AA54: =ROUND(Z54*AA$10,2) -> 47671.69
A55: 12289 | B55: 1.2 | C55: 3 | D55: MINNEAPOLIS PUBLIC SCHOOL DIST. | E55: 289 | F55: WHITTIER PARK ELEMENTARY | G55: 0 | H55: 93 | I55: 56 | J55: 91 | K55: 55 | L55: 100 | M55: 58 | N55: 50 | O55: 39 | P55: 84 | Q55: 68 | R55: 85 | S55: 60 | T55: 102 | U55: 97 | V55: 0.59507042 | W55: 0.76255708 | X55: 32169.78 | Y55: 39203.52 | Z55: 71373.3 | AA55: =ROUND(Z55*AA$10,2) -> 68217.16
A56: 12290 | B56: 1.2 | C56: 3 | D56: MINNEAPOLIS PUBLIC SCHOOL DIST. | E56: 290 | F56: CITYVIEW PAM MAGNET | G56: 1 | H56: Filtered | I56: Filtered | J56: Filtered | K56: Filtered | L56: Filtered | M56: Filtered | N56: Filtered | O56: Filtered | P56: Filtered | Q56: Filtered | R56: Filtered | S56: Filtered | T56: 8 | U56: 7 | V56: Filtered | W56: Filtered | X56: Filtered | Y56: Filtered | Z56: 4000.59 | AA56: =ROUND(Z56*AA$10,2) -> 3823.68
A57: 12291 | B57: 1.2 | C57: 3 | D57: MINNEAPOLIS PUBLIC SCHOOL DIST. | E57: 291 | F57: HMONG INTERNATIONAL ACADEMY | G57: 0 | H57: 37 | I57: 5 | J57: 33 | K57: 12 | L57: 46 | M57: 9 | N57: 23 | O57: 15 | P57: 31 | Q57: 21 | R57: 23 | S57: 17 | T57: 47 | U57: 34 | V57: 0.22413793 | W57: 0.68831169 | X57: 5583.13 | Y57: 12403.54 | Z57: 17986.67 | AA57: =ROUND(Z57*AA$10,2) -> 17191.3
A58: 12311 | B58: 1.2 | C58: 3 | D58: MINNEAPOLIS PUBLIC SCHOOL DIST. | E58: 311 | F58: SPAN | G58: 1 | H58: Filtered | I58: Filtered | J58: Filtered | K58: Filtered | L58: Filtered | M58: Filtered | N58: Filtered | O58: Filtered | P58: Filtered | Q58: Filtered | R58: Filtered | S58: Filtered | T58: 6 | U58: 7 | V58: Filtered | W58: Filtered | X58: Filtered | Y58: Filtered | Z58: 2755.98 | AA58: =ROUND(Z58*AA$10,2) -> 2634.11
A59: 12401 | B59: 1.2 | C59: 3 | D59: MINNEAPOLIS PUBLIC SCHOOL DIST. | E59: 401 | F59: MPS D/HH | G59: 1 | H59: Filtered | I59: Filtered | J59: Filtered | K59: Filtered | L59: Filtered | M59: Filtered | N59: Filtered | O59: Filtered | P59: Filtered | Q59: Filtered | R59: Filtered | S59: Filtered | T59: 0 | U59: 1 | V59: Filtered | W59: Filtered | X59: Filtered | Y59: Filtered | Z59: 0 | AA59: =ROUND(Z59*AA$10,2) -> 0
A60: 12405 | B60: 1.2 | C60: 3 | D60: MINNEAPOLIS PUBLIC SCHOOL DIST. | E60: 405 | F60: URBAN LEAGUE ACADEMY ELEMENTARY | G60: 1 | H60: Filtered | I60: Filtered | J60: Filtered | K60: Filtered | L60: Filtered | M60: Filtered | N60: Filtered | O60: Filtered | P60: Filtered | Q60: Filtered | R60: Filtered | S60: Filtered | T60: 11 | U60: 8 | V60: Filtered | W60: Filtered | X60: Filtered | Y60: Filtered | Z60: 5690.65 | AA60: =ROUND(Z60*AA$10,2) -> 5439.01
A61: 12418 | B61: 1.2 | C61: 3 | D61: MINNEAPOLIS PUBLIC SCHOOL DIST. | E61: 418 | F61: TATANKA ACADEMY | G61: 1 | H61: Filtered | I61: Filtered | J61: Filtered | K61: Filtered | L61: Filtered | M61: Filtered | N61: Filtered | O61: Filtered | P61: Filtered | Q61: Filtered | R61: Filtered | S61: Filtered | T61: 5 | U61: 0 | V61: Filtered | W61: Filtered | X61: Filtered | Y61: Filtered | Z61: 331.25 | AA61: =ROUND(Z61*AA$10,2) -> 316.6
A62: 12625 | B62: 1.2 | C62: 3 | D62: MINNEAPOLIS PUBLIC SCHOOL DIST. | E62: 625 | F62: RIVER BEND EDUCATIONAL CENTER | G62: 1 | H62: Filtered | I62: Filtered | J62: Filtered | K62: Filtered | L62: Filtered | M62: Filtered | N62: Filtered | O62: Filtered | P62: Filtered | Q62: Filtered | R62: Filtered | S62: Filtered | T62: 9 | U62: 10 | V62: Filtered | W62: Filtered | X62: Filtered | Y62: Filtered | Z62: 4655.69 | AA62: =ROUND(Z62*AA$10,2) -> 4449.81
A63: 12689 | B63: 1.2 | C63: 3 | D63: MINNEAPOLIS PUBLIC SCHOOL DIST. | E63: 689 | F63: MPS METRO SJ | G63: 1 | H63: Filtered | I63: Filtered | J63: Filtered | K63: Filtered | L63: Filtered | M63: Filtered | N63: Filtered | O63: Filtered | P63: Filtered | Q63: Filtered | R63: Filtered | S63: Filtered | T63: 5 | U63: 9 | V63: Filtered | W63: Filtered | X63: Filtered | Y63: Filtered | Z63: 3107.75 | AA63: =ROUND(Z63*AA$10,2) -> 2970.32
A64: 20001 | B64: 2 | C64: 1 | D64: HILL CITY PUBLIC SCHOOL DISTRICT | E64: 1 | F64: HILL CITY ELEMENTARY | G64: 0 | H64: 15 | I64: 13 | J64: 19 | K64: 11 | L64: 15 | M64: 12 | N64: 18 | O64: 14 | P64: 16 | Q64: 13 | R64: 19 | S64: 13 | T64: 15 | U64: 20 | V64: 0.73469388 | W64: 0.75471698 | X64: 5840.85 | Y64: 8000 | Z64: 13840.85 | AA64: =ROUND(Z64*AA$10,2) -> 13228.8
A65: 40010 | B65: 4 | C65: 1 | D65: MCGREGOR PUBLIC SCHOOL DISTRICT | E65: 10 | F65: MCGREGOR ELEMENTARY | G65: 0 | H65: 19 | I65: 14 | J65: 31 | K65: 24 | L65: 33 | M65: 23 | N65: 22 | O65: 16 | P65: 17 | Q65: 14 | R65: 33 | S65: 24 | T65: 33 | U65: 37 | V65: 0.73493976 | W65: 0.75 | X65: 12854.16 | Y65: 14707.5 | Z65: 27561.66 | AA65: =ROUND(Z65*AA$10,2) -> 26342.88
A66: 60735 | B66: 6 | C66: 3 | D66: SOUTH ST. PAUL PUBLIC SCHOOL DIST. | E66: 735 | F66: LINCOLN CENTER ELEMENTARY | G66: 0 | H66: 125 | I66: 82 | J66: 127 | K66: 90 | L66: 148 | M66: 113 | N66: 123 | O66: 98 | P66: 114 | Q66: 91 | R66: 130 | S66: 105 | T66: 149 | U66: 137 | V66: 0.7125 | W66: 0.80108992 | X66: 56266.87 | Y66: 58167.46 | Z66: 114434.33 | AA66: =ROUND(Z66*AA$10,2) -> 109374.02
A67: 60737 | B67: 6 | C67: 3 | D67: SOUTH ST. PAUL PUBLIC SCHOOL DIST. | E67: 737 | F67: KAPOSIA EDUCATION CENTER ELEMENTARY | G67: 0 | H67: 123 | I67: 98 | J67: 118 | K67: 94 | L67: 103 | M67: 83 | N67: 91 | O67: 58 | P67: 111 | Q67: 72 | R67: 111 | S67: 80 | T67: 107 | U67: 119 | V67: 0.7994186 | W67: 0.67092652 | X67: 45334.83 | Y67: 42315.21 | Z67: 87650.04 | AA67: =ROUND(Z67*AA$10,2) -> 83774.13
A68: 110400 | B68: 11 | C68: 1 | D68: ANOKA-HENNEPIN PUBLIC SCHOOL DIST. | E68: 400 | F68: ADAMS ELEMENTARY | G68: 0 | H68: 70 | I68: 54 | J68: 88 | K68: 70 | L68: 81 | M68: 60 | N68: 79 | O68: 49 | P68: 65 | Q68: 60 | R68: 75 | S68: 62 | T68: 80 | U68: 82 | V68: 0.76987448 | W68: 0.78082192 | X68: 32642.4 | Y68: 33934.88 | Z68: 66577.28 | AA68: =ROUND(Z68*AA$10,2) -> 63633.22
A69: 110401 | B69: 11 | C69: 1 | D69: ANOKA-HENNEPIN PUBLIC SCHOOL DIST. | E69: 401 | F69: CHAMPLIN ELEMENTARY | G69: 0 | H69: 0 | I69: 0 | J69: 0 | K69: 0 | L69: 0 | M69: 0 | N69: 60 | O69: 48 | P69: 0 | Q69: 0 | R69: 0 | S69: 0 | T69: 0 | U69: 0 | V69: 0 | W69: 0.8 | X69: 0 | Y69: 0 | Z69: 0 | AA69: =ROUND(Z69*AA$10,2) -> 0
A70: 110402 | B70: 11 | C70: 1 | D70: ANOKA-HENNEPIN PUBLIC SCHOOL DIST. | E70: 402 | F70: CROOKED LAKE ELEMENTARY | G70: 0 | H70: 101 | I70: 89 | J70: 76 | K70: 62 | L70: 99 | M70: 92 | N70: 87 | O70: 61 | P70: 110 | Q70: 83 | R70: 73 | S70: 51 | T70: 96 | U70: 74 | V70: 0.88043478 | W70: 0.72222222 | X70: 44796.48 | Y70: 28325.72 | Z70: 73122.2 | AA70: =ROUND(Z70*AA$10,2) -> 69888.72
A71: 110403 | B71: 11 | C71: 1 | D71: ANOKA-HENNEPIN PUBLIC SCHOOL DIST. | E71: 403 | F71: FRANKLIN ELEMENTARY | G71: 0 | H71: 69 | I71: 59 | J71: 82 | K71: 61 | L71: 76 | M71: 58 | N71: 63 | O71: 38 | P71: 78 | Q71: 67 | R71: 73 | S71: 60 | T71: 77 | U71: 86 | V71: 0.78414097 | W71: 0.77102804 | X71: 32000.43 | Y71: 35143.04 | Z71: 67143.47 | AA71: =ROUND(Z71*AA$10,2) -> 64174.37
A72: 110404 | B72: 11 | C72: 1 | D72: ANOKA-HENNEPIN PUBLIC SCHOOL DIST. | E72: 404 | F72: HAMILTON ELEMENTARY | G72: 0 | H72: 57 | I72: 37 | J72: 75 | K72: 55 | L72: 54 | M72: 40 | N72: 62 | O72: 45 | P72: 74 | Q72: 56 | R72: 63 | S72: 42 | T72: 60 | U72: 67 | V72: 0.70967742 | W72: 0.71859296 | X72: 22567.8 | Y72: 25516.95 | Z72: 48084.75 | AA72: =ROUND(Z72*AA$10,2) -> 45958.43
A73: 110405 | B73: 11 | C73: 1 | D73: ANOKA-HENNEPIN PUBLIC SCHOOL DIST. | E73: 405 | F73: HOOVER ELEMENTARY | G73: 0 | H73: 80 | I73: 57 | J73: 79 | K73: 57 | L73: 88 | M73: 71 | N73: 68 | O73: 49 | P73: 85 | Q73: 63 | R73: 81 | S73: 70 | T73: 89 | U73: 87 | V73: 0.74898785 | W73: 0.77777778 | X73: 35329.44 | Y73: 35863.14 | Z73: 71192.58 | AA73: =ROUND(Z73*AA$10,2) -> 68044.43
A74: 110406 | B74: 11 | C74: 1 | D74: ANOKA-HENNEPIN PUBLIC SCHOOL DIST. | E74: 406 | F74: JEFFERSON ELEMENTARY | G74: 0 | H74: 111 | I74: 85 | J74: 119 | K74: 94 | L74: 122 | M74: 103 | N74: 86 | O74: 72 | P74: 110 | Q74: 82 | R74: 109 | S74: 79 | T74: 121 | U74: 121 | V74: 0.80113636 | W74: 0.76393443 | X74: 51376.6 | Y74: 48991.69 | Z74: 100368.29 | AA74: =ROUND(Z74*AA$10,2) -> 95929.98
A75: 110407 | B75: 11 | C75: 1 | D75: ANOKA-HENNEPIN PUBLIC SCHOOL DIST. | E75: 407 | F75: JOHNSVILLE ELEMENTARY | G75: 0 | H75: 121 | I75: 99 | J75: 102 | K75: 91 | L75: 122 | M75: 108 | N75: 96 | O75: 63 | P75: 102 | Q75: 84 | R75: 109 | S75: 84 | T75: 120 | U75: 110 | V75: 0.86376812 | W75: 0.752443 | X75: 54936 | Y75: 43866.9 | Z75: 98802.9 | AA75: =ROUND(Z75*AA$10,2) -> 94433.81
... A96: 110430 | B96: 11 | C96: 1 | D96: ANOKA-HENNEPIN PUBLIC SCHOOL DIST. | E96: 430 | F96: RUM RIVER ELEMENTARY | G96: 0 | H96: 0 | I96: 0 | J96: 137 | K96: 111 | L96: 149 | M96: 122 | N96: 0 | O96: 0 | P96: 123 | Q96: 110 | R96: 132 | S96: 120 | T96: 148 | U96: 138 | V96: 0.81468531 | W96: 0.90196078 | X96: 63903.44 | Y96: 65969.52 | Z96: 129872.96 | AA96: =ROUND(Z96*AA$10,2) -> 124129.95
A97: 110440 | B97: 11 | C97: 1 | D97: ANOKA-HENNEPIN PUBLIC SCHOOL DIST. | E97: 440 | F97: ALEXANDRIA HOUSE WOMENS SHELTER | G97: 1 | H97: Filtered | I97: Filtered | J97: Filtered | K97: Filtered | L97: Filtered | M97: Filtered | N97: Filtered | O97: Filtered | P97: Filtered | Q97: Filtered | R97: Filtered | S97: Filtered | T97: 1 | U97: 1 | V97: Filtered | W97: Filtered | X97: Filtered | Y97: Filtered | Z97: 530 | AA97: =ROUND(Z97*AA$10,2) -> 506.56
A98: 110467 | B98: 11 | C98: 1 | D98: ANOKA-HENNEPIN PUBLIC SCHOOL DIST. | E98: 467 | F98: BELL CENTER | G98: 1 | H98: Filtered | I98: Filtered | J98: Filtered | K98: Filtered | L98: Filtered | M98: Filtered | N98: Filtered | O98: Filtered | P98: Filtered | Q98: Filtered | R98: Filtered | S98: Filtered | T98: 6 | U98: 2 | V98: Filtered | W98: Filtered | X98: Filtered | Y98: Filtered | Z98: 1696.02 | AA98: =ROUND(Z98*AA$10,2) -> 1621.02
A99: 120510 | B99: 12 | C99: 1 | D99: CENTENNIAL PUBLIC SCHOOL DISTRICT | E99: 510 | F99: CENTENNIAL ELEMENTARY | G99: 0 | H99: 80 | I99: 63 | J99: 81 | K99: 65 | L99: 76 | M99: 65 | N99: 83 | O99: 70 | P99: 68 | Q99: 62 | R99: 78 | S99: 64 | T99: 77 | U99: 85 | V99: 0.81434599 | W99: 0.8558952 | X99: 33233.2 | Y99: 38557.7 | Z99: 71790.9 | AA99: =ROUND(Z99*AA$10,2) -> 68616.29
A100: 120511 | B100: 12 | C100: 1 | D100: CENTENNIAL PUBLIC SCHOOL DISTRICT | E100: 511 | F100: CENTERVILLE ELEMENTARY | G100: 0 | H100: 91 | I100: 85 | J100: 98 | K100: 87 | L100: 110 | M100: 103 | N100: 83 | O100: 69 | P100: 92 | Q100: 81 | R100: 96 | S100: 90 | T100: 108 | U100: 101 | V100: 0.91973244 | W100: 0.88560886 | X100: 52645.68 | Y100: 47406.37 | Z100: 100052.05 | AA100: =ROUND(Z100*AA$10,2) -> 95627.72
A101: 120512 | B101: 12 | C101: 1 | D101: CENTENNIAL PUBLIC SCHOOL DISTRICT | E101: 512 | F101: GOLDEN LAKE ELEMENTARY | G101: 0 | H101: 68 | I101: 56 | J101: 51 | K101: 44 | L101: 72 | M101: 69 | N101: 55 | O101: 42 | P101: 61 | Q101: 55 | R101: 48 | S101: 40 | T101: 71 | U101: 51 | V101: 0.88481675 | W101: 0.83536585 | X101: 33295.45 | Y101: 22579.74 | Z101: 55875.19 | AA101: =ROUND(Z101*AA$10,2) -> 53404.38
A102: 120513 | B102: 12 | C102: 1 | D102: CENTENNIAL PUBLIC SCHOOL DISTRICT | E102: 513 | F102: RICE LAKE ELEMENTARY | G102: 0 | H102: 98 | I102: 80 | J102: 106 | K102: 98 | L102: 92 | M102: 81 | N102: 94 | O102: 73 | P102: 95 | Q102: 81 | R102: 104 | S102: 87 | T102: 97 | U102: 107 | V102: 0.875 | W102: 0.8225256 | X102: 44983.75 | Y102: 46645.58 | Z102: 91629.33 | AA102: =ROUND(Z102*AA$10,2) -> 87577.46
A103: 120515 | B103: 12 | C103: 1 | D103: CENTENNIAL PUBLIC SCHOOL DISTRICT | E103: 515 | F103: BLUE HERON ELEMENTARY | G103: 0 | H103: 120 | I103: 99 | J103: 104 | K103: 94 | L103: 116 | M103: 98 | N103: 117 | O103: 82 | P103: 119 | Q103: 100 | R103: 106 | S103: 89 | T103: 117 | U103: 113 | V103: 0.85588235 | W103: 0.79239766 | X103: 53073.54 | Y103: 47456.61 | Z103: 100530.15 | AA103: =ROUND(Z103*AA$10,2) -> 96084.68
A104: 130515 | B104: 13 | C104: 1 | D104: COLUMBIA HEIGHTS PUBLIC SCHOOL DIST | E104: 515 | F104: HIGHLAND ELEMENTARY | G104: 0 | H104: 57 | I104: 36 | J104: 76 | K104: 53 | L104: 71 | M104: 63 | N104: 55 | O104: 37 | P104: 51 | Q104: 28 | R104: 62 | S104: 50 | T104: 78 | U104: 74 | V104: 0.74509804 | W104: 0.68452381 | X104: 30802.2 | Y104: 26847.2 | Z104: 57649.4 | AA104: =ROUND(Z104*AA$10,2) -> 55100.13
A105: 130517 | B105: 13 | C105: 1 | D105: COLUMBIA HEIGHTS PUBLIC SCHOOL DIST | E105: 517 | F105: NORTH PARK ELEMENTARY | G105: 0 | H105: 83 | I105: 53 | J105: 62 | K105: 42 | L105: 72 | M105: 46 | N105: 46 | O105: 27 | P105: 72 | Q105: 61 | R105: 55 | S105: 37 | T105: 78 | U105: 69 | V105: 0.64976959 | W105: 0.72254335 | X105: 26861.64 | Y105: 26423.55 | Z105: 53285.19 | AA105: =ROUND(Z105*AA$10,2) -> 50928.91
A106: 130520 | B106: 13 | C106: 1 | D106: COLUMBIA HEIGHTS PUBLIC SCHOOL DIST | E106: 520 | F106: VALLEY VIEW ELEMENTARY | G106: 0 | H106: 85 | I106: 60 | J106: 72 | K106: 51 | L106: 68 | M106: 55 | N106: 56 | O106: 41 | P106: 73 | Q106: 43 | R106: 64 | S106: 41 | T106: 68 | U106: 70 | V106: 0.73777778 | W106: 0.64766839 | X106: 26589.36 | Y106: 24028.2 | Z106: 50617.56 | AA106: =ROUND(Z106*AA$10,2) -> 48379.24
A107: 140546 | B107: 14 | C107: 1 | D107: FRIDLEY PUBLIC SCHOOL DISTRICT | E107: 546 | F107: HAYES ELEMENTARY | G107: 0 | H107: 94 | I107: 75 | J107: 97 | K107: 62 | L107: 95 | M107: 73 | N107: 68 | O107: 52 | P107: 97 | Q107: 84 | R107: 84 | S107: 67 | T107: 91 | U107: 100 | V107: 0.73426573 | W107: 0.81526104 | X107: 35413.56 | Y107: 43209 | Z107: 78622.56 | AA107: =ROUND(Z107*AA$10,2) -> 75145.85
A108: 140550 | B108: 14 | C108: 1 | D108: FRIDLEY PUBLIC SCHOOL DISTRICT | E108: 550 | F108: STEVENSON ELEMENTARY | G108: 0 | H108: 97 | I108: 76 | J108: 115 | K108: 70 | L108: 106 | M108: 79 | N108: 74 | O108: 47 | P108: 83 | Q108: 65 | R108: 100 | S108: 78 | T108: 106 | U108: 112 | V108: 0.70754717 | W108: 0.73929961 | X108: 39750 | Y108: 43884.96 | Z108: 83634.96 | AA108: =ROUND(Z108*AA$10,2) -> 79936.6
A109: 150782 | B109: 15 | C109: 1 | D109: ST. FRANCIS PUBLIC SCHOOL DISTRICT | E109: 782 | F109: ST. FRANCIS ELEMENTARY | G109: 0 | H109: 115 | I109: 94 | J109: 115 | K109: 101 | L109: 114 | M109: 96 | N109: 115 | O109: 97 | P109: 105 | Q109: 84 | R109: 114 | S109: 98 | T109: 118 | U109: 118 | V109: 0.84593023 | W109: 0.83532934 | X109: 52904.12 | Y109: 52240.96 | Z109: 105145.08 | AA109: =ROUND(Z109*AA$10,2) -> 100495.54
A110: 150784 | B110: 15 | C110: 1 | D110: ST. FRANCIS PUBLIC SCHOOL DISTRICT | E110: 784 | F110: CEDAR CREEK COMMUNITY SCHOOL | G110: 0 | H110: 142 | I110: 112 | J110: 147 | K110: 116 | L110: 142 | M110: 123 | N110: 146 | O110: 107 | P110: 138 | Q110: 101 | R110: 140 | S110: 110 | T110: 142 | U110: 150 | V110: 0.81438515 | W110: 0.75 | X110: 61290.04 | Y110: 59625 | Z110: 120915.04 | AA110: =ROUND(Z110*AA$10,2) -> 115568.15
... A118: 230010 | B118: 23 | C118: 1 | D118: FRAZEE-VERGAS PUBLIC SCHOOL DIST. | E118: 10 | F118: FRAZEE ELEMENTARY | G118: 0 | H118: 71 | I118: 58 | J118: 67 | K118: 60 | L118: 70 | M118: 61 | N118: 69 | O118: 51 | P118: 63 | Q118: 47 | R118: 68 | S118: 58 | T118: 75 | U118: 73 | V118: 0.86057692 | W118: 0.78 | X118: 34208.25 | Y118: 30178.2 | Z118: 64386.45 | AA118: =ROUND(Z118*AA$10,2) -> 61539.27
A119: 250070 | B119: 25 | C119: 1 | D119: PINE POINT PUBLIC SCHOOL DISTRICT | E119: 70 | F119: PINE POINT ELEMENTARY | G119: 1 | H119: Filtered | I119: Filtered | J119: Filtered | K119: Filtered | L119: Filtered | M119: Filtered | N119: Filtered | O119: Filtered | P119: Filtered | Q119: Filtered | R119: Filtered | S119: Filtered | T119: 9 | U119: 5 | V119: Filtered | W119: Filtered | X119: Filtered | Y119: Filtered | Z119: 4129.33 | AA119: =ROUND(Z119*AA$10,2) -> 3946.73
A120: 310016 | B120: 31 | C120: 1 | D120: BEMIDJI PUBLIC SCHOOL DISTRICT | E120: 16 | F120: NORTHERN ELEMENTARY | G120: 0 | H120: 85 | I120: 64 | J120: 104 | K120: 78 | L120: 96 | M120: 86 | N120: 82 | O120: 60 | P120: 84 | Q120: 55 | R120: 102 | S120: 77 | T120: 93 | U120: 110 | V120: 0.8 | W120: 0.71641791 | X120: 39432 | Y120: 41767 | Z120: 81199 | AA120: =ROUND(Z120*AA$10,2) -> 77608.36
A121: 310040 | B121: 31 | C121: 1 | D121: BEMIDJI PUBLIC SCHOOL DISTRICT | E121: 40 | F121: J.W. SMITH ELEMENTARY | G121: 0 | H121: 51 | I121: 43 | J121: 54 | K121: 46 | L121: 54 | M121: 40 | N121: 39 | O121: 31 | P121: 42 | Q121: 26 | R121: 49 | S121: 37 | T121: 50 | U121: 52 | V121: 0.81132075 | W121: 0.72307692 | X121: 21500 | Y121: 19927.96 | Z121: 41427.96 | AA121: =ROUND(Z121*AA$10,2) -> 39596.01
A122: 310050 | B122: 31 | C122: 1 | D122: BEMIDJI PUBLIC SCHOOL DISTRICT | E122: 50 | F122: CENTRAL ELEMENTARY | G122: 0 | H122: 29 | I122: 17 | J122: 24 | K122: 19 | L122: 23 | M122: 18 | N122: 22 | O122: 18 | P122: 26 | Q122: 19 | R122: 17 | S122: 13 | T122: 23 | U122: 24 | V122: 0.71052632 | W122: 0.76923077 | X122: 8661.34 | Y122: 9784.56 | Z122: 18445.9 | AA122: =ROUND(Z122*AA$10,2) -> 17630.22
A123: 310060 | B123: 31 | C123: 1 | D123: BEMIDJI PUBLIC SCHOOL DISTRICT | E123: 60 | F123: LINCOLN ELEMENTARY | G123: 0 | H123: 84 | I123: 65 | J123: 94 | K123: 70 | L123: 102 | M123: 84 | N123: 83 | O123: 60 | P123: 84 | Q123: 59 | R123: 88 | S123: 67 | T123: 102 | U123: 94 | V123: 0.78214286 | W123: 0.72941176 | X123: 42283.08 | Y123: 36339.46 | Z123: 78622.54 | AA123: =ROUND(Z123*AA$10,2) -> 75145.83
A124: 310080 | B124: 31 | C124: 1 | D124: BEMIDJI PUBLIC SCHOOL DISTRICT | E124: 80 | F124: SOLWAY ELEMENTARY | G124: 0 | H124: 31 | I124: 25 | J124: 32 | K124: 29 | L124: 40 | M124: 31 | N124: 22 | O124: 13 | P124: 28 | Q124: 23 | R124: 32 | S124: 28 | T124: 42 | U124: 34 | V124: 0.82524272 | W124: 0.7804878 | X124: 18369.96 | Y124: 14064.44 | Z124: 32434.4 | AA124: =ROUND(Z124*AA$10,2) -> 31000.14
A125: 310100 | B125: 31 | C125: 1 | D125: BEMIDJI PUBLIC SCHOOL DISTRICT | E125: 100 | F125: HORACE MAY ELEMENTARY | G125: 0 | H125: 74 | I125: 56 | J125: 67 | K125: 47 | L125: 80 | M125: 66 | N125: 62 | O125: 46 | P125: 68 | Q125: 50 | R125: 65 | S125: 53 | T125: 86 | U125: 70 | V125: 0.76470588 | W125: 0.76410256 | X125: 34854.94 | Y125: 28347.9 | Z125: 63202.84 | AA125: =ROUND(Z125*AA$10,2) -> 60408
A126: 320010 | B126: 32 | C126: 1 | D126: BLACKDUCK PUBLIC SCHOOL DISTRICT | E126: 10 | F126: BLACKDUCK ELEMENTARY | G126: 0 | H126: 50 | I126: 47 | J126: 44 | K126: 39 | L126: 44 | M126: 42 | N126: 42 | O126: 33 | P126: 47 | Q126: 35 | R126: 39 | S126: 27 | T126: 42 | U126: 43 | V126: 0.92753623 | W126: 0.7421875 | X126: 20646.78 | Y126: 16914.48 | Z126: 37561.26 | AA126: =ROUND(Z126*AA$10,2) -> 35900.29
A127: 360010 | B127: 36 | C127: 1 | D127: KELLIHER PUBLIC SCHOOL DISTRICT | E127: 10 | F127: KELLIHER ELEMENTARY | G127: 0 | H127: 13 | I127: 6 | J127: 17 | K127: 13 | L127: 18 | M127: 12 | N127: 17 | O127: 9 | P127: 11 | Q127: 10 | R127: 16 | S127: 13 | T127: 18 | U127: 17 | V127: 0.64583333 | W127: 0.72727273 | X127: 6161.22 | Y127: 6552.65 | Z127: 12713.87 | AA127: =ROUND(Z127*AA$10,2) -> 12151.66
A128: 380010 | B128: 38 | C128: 1 | D128: RED LAKE PUBLIC SCHOOL DISTRICT | E128: 10 | F128: RED LAKE ELEMENTARY | G128: 0 | H128: 86 | I128: 49 | J128: 93 | K128: 54 | L128: 105 | M128: 57 | N128: 95 | O128: 70 | P128: 64 | Q128: 39 | R128: 76 | S128: 35 | T128: 106 | U128: 78 | V128: 0.56338028 | W128: 0.61276596 | X128: 31650.54 | Y128: 25332.06 | Z128: 56982.6 | AA128: =ROUND(Z128*AA$10,2) -> 54462.82
A129: 380020 | B129: 38 | C129: 1 | D129: RED LAKE PUBLIC SCHOOL DISTRICT | E129: 20 | F129: PONEMAH ELEMENTARY | G129: 0 | H129: 28 | I129: 8 | J129: 20 | K129: 5 | L129: 26 | M129: 7 | N129: 18 | O129: 16 | P129: 23 | Q129: 15 | R129: 17 | S129: 12 | T129: 27 | U129: 17 | V129: 0.27027027 | W129: 0.74137931 | X129: 3867.48 | Y129: 6679.81 | Z129: 10547.29 | AA129: =ROUND(Z129*AA$10,2) -> 10080.89
A130: 470003 | B130: 47 | C130: 1 | D130: SAUK RAPIDS PUBLIC SCHOOL DISTRICT | E130: 3 | F130: MISSISSIPPI HEIGHTS ELEMENTARY | G130: 0 | H130: 140 | I130: 116 | J130: 116 | K130: 99 | L130: 118 | M130: 98 | N130: 114 | O130: 84 | P130: 131 | Q130: 113 | R130: 114 | S130: 78 | T130: 125 | U130: 125 | V130: 0.8368984 | W130: 0.76601671 | X130: 55445 | Y130: 50748.75 | Z130: 106193.75 | AA130: =ROUND(Z130*AA$10,2) -> 101497.84
A131: 470006 | B131: 47 | C131: 1 | D131: SAUK RAPIDS PUBLIC SCHOOL DISTRICT | E131: 6 | F131: RICE ELEMENTARY | G131: 0 | H131: 38 | I131: 32 | J131: 44 | K131: 37 | L131: 73 | M131: 56 | N131: 49 | O131: 35 | P131: 38 | Q131: 24 | R131: 44 | S131: 30 | T131: 71 | U131: 44 | V131: 0.80645161 | W131: 0.67938931 | X131: 30346.82 | Y131: 15843.52 | Z131: 46190.34 | AA131: =ROUND(Z131*AA$10,2) -> 44147.79
... A145: 770150 | B145: 77 | C145: 1 | D145: MANKATO PUBLIC SCHOOL DISTRICT | E145: 150 | F145: EAGLE LAKE ELEMENTARY | G145: 0 | H145: 54 | I145: 48 | J145: 54 | K145: 47 | L145: 47 | M145: 45 | N145: 41 | O145: 33 | P145: 50 | Q145: 41 | R145: 49 | S145: 45 | T145: 47 | U145: 55 | V145: 0.90322581 | W145: 0.85 | X145: 22499.37 | Y145: 24777.5 | Z145: 47276.87 | AA145: =ROUND(Z145*AA$10,2) -> 45186.28
A146: 770370 | B146: 77 | C146: 1 | D146: MANKATO PUBLIC SCHOOL DISTRICT | E146: 370 | F146: CTSS AT ST. JOHN'S | G146: 1 | H146: Filtered | I146: Filtered | J146: Filtered | K146: Filtered | L146: Filtered | M146: Filtered | N146: Filtered | O146: Filtered | P146: Filtered | Q146: Filtered | R146: Filtered | S146: Filtered | T146: 0 | U146: 0 | V146: Filtered | W146: Filtered | X146: Filtered | Y146: Filtered | Z146: 0 | AA146: =ROUND(Z146*AA$10,2) -> 0
A147: 810010 | B147: 81 | C147: 1 | D147: COMFREY PUBLIC SCHOOL DISTRICT | E147: 10 | F147: COMFREY ELEMENTARY | G147: 1 | H147: Filtered | I147: Filtered | J147: Filtered | K147: Filtered | L147: Filtered | M147: Filtered | N147: Filtered | O147: Filtered | P147: Filtered | Q147: Filtered | R147: Filtered | S147: Filtered | T147: 15 | U147: 11 | V147: Filtered | W147: Filtered | X147: Filtered | Y147: Filtered | Z147: 10312.95 | AA147: =ROUND(Z147*AA$10,2) -> 9856.91
A148: 840010 | B148: 84 | C148: 1 | D148: SLEEPY EYE PUBLIC SCHOOL DISTRICT | E148: 10 | F148: SLEEPY EYE ELEMENTARY | G148: 0 | H148: 35 | I148: 22 | J148: 46 | K148: 40 | L148: 36 | M148: 35 | N148: 50 | O148: 45 | P148: 28 | Q148: 28 | R148: 43 | S148: 36 | T148: 43 | U148: 51 | V148: 0.82905983 | W148: 0.90082645 | X148: 18894.2 | Y148: 24349.44 | Z148: 43243.64 | AA148: =ROUND(Z148*AA$10,2) -> 41331.4
A149: 850002 | B149: 85 | C149: 1 | D149: SPRINGFIELD PUBLIC SCHOOL DISTRICT | E149: 2 | F149: SPRINGFIELD ELEMENTARY | G149: 0 | H149: 34 | I149: 30 | J149: 36 | K149: 32 | L149: 44 | M149: 39 | N149: 41 | O149: 33 | P149: 34 | Q149: 29 | R149: 36 | S149: 33 | T149: 45 | U149: 40 | V149: 0.88596491 | W149: 0.85585586 | X149: 21130.2 | Y149: 18144 | Z149: 39274.2 | AA149: =ROUND(Z149*AA$10,2) -> 37537.49
A150: 880020 | B150: 88 | C150: 1 | D150: NEW ULM PUBLIC SCHOOL DISTRICT | E150: 20 | F150: JEFFERSON ELEMENTARY | G150: 0 | H150: 148 | I150: 107 | J150: 140 | K150: 117 | L150: 140 | M150: 119 | N150: 0 | O150: 0 | P150: 0 | Q150: 0 | R150: 0 | S150: 0 | T150: 143 | U150: 0 | V150: 0.80140187 | W150: 0 | X150: 60737.82 | Y150: 0 | Z150: 60737.82 | AA150: =ROUND(Z150*AA$10,2) -> 58051.98
A151: 880030 | B151: 88 | C151: 1 | D151: NEW ULM PUBLIC SCHOOL DISTRICT | E151: 30 | F151: WASHINGTON ELEMENTARY | G151: 0 | H151: 0 | I151: 0 | J151: 0 | K151: 0 | L151: 0 | M151: 0 | N151: 162 | O151: 118 | P151: 145 | Q151: 100 | R151: 135 | S151: 105 | T151: 0 | U151: 146 | V151: 0 | W151: 0.73076923 | X151: 0 | Y151: 56547.26 | Z151: 56547.26 | AA151: =ROUND(Z151*AA$10,2) -> 54046.73
A152: 910001 | B152: 91 | C152: 1 | D152: BARNUM PUBLIC SCHOOL DISTRICT | E152: 1 | F152: BARNUM ELEMENTARY | G152: 0 | H152: 65 | I152: 55 | J152: 67 | K152: 51 | L152: 66 | M152: 56 | N152: 54 | O152: 44 | P152: 66 | Q152: 48 | R152: 61 | S152: 40 | T152: 66 | U152: 61 | V152: 0.81818182 | W152: 0.72928177 | X152: 28620.24 | Y152: 23577.72 | Z152: 52197.96 | AA152: =ROUND(Z152*AA$10,2) -> 49889.75
A153: 930002 | B153: 93 | C153: 1 | D153: CARLTON PUBLIC SCHOOL DISTRICT | E153: 2 | F153: SOUTH TERRACE ELEMENTARY | G153: 0 | H153: 40 | I153: 32 | J153: 47 | K153: 39 | L153: 39 | M153: 35 | N153: 33 | O153: 19 | P153: 33 | Q153: 29 | R153: 43 | S153: 35 | T153: 41 | U153: 48 | V153: 0.84126984 | W153: 0.76146789 | X153: 18280.67 | Y153: 19371.84 | Z153: 37652.51 | AA153: =ROUND(Z153*AA$10,2) -> 35987.51
A154: 940101 | B154: 94 | C154: 1 | D154: CLOQUET PUBLIC SCHOOL DISTRICT | E154: 101 | F154: CHURCHILL ELEMENTARY | G154: 0 | H154: 71 | I154: 62 | J154: 78 | K154: 77 | L154: 73 | M154: 73 | N154: 77 | O154: 55 | P154: 68 | Q154: 44 | R154: 76 | S154: 61 | T154: 79 | U154: 82 | V154: 0.95495495 | W154: 0.7239819 | X154: 39984.27 | Y154: 31464.22 | Z154: 71448.49 | AA154: =ROUND(Z154*AA$10,2) -> 68289.02
A155: 940105 | B155: 94 | C155: 1 | D155: CLOQUET PUBLIC SCHOOL DISTRICT | E155: 105 | F155: WASHINGTON ELEMENTARY | G155: 0 | H155: 88 | I155: 75 | J155: 100 | K155: 85 | L155: 99 | M155: 82 | N155: 72 | O155: 48 | P155: 86 | Q155: 65 | R155: 98 | S155: 64 | T155: 101 | U155: 107 | V155: 0.84320557 | W155: 0.69140625 | X155: 45136.9 | Y155: 39210.15 | Z155: 84347.05 | AA155: =ROUND(Z155*AA$10,2) -> 80617.2
A156: 940109 | B156: 94 | C156: 1 | D156: CLOQUET PUBLIC SCHOOL DISTRICT | E156: 109 | F156: CAAEP ELEMENTARY | G156: 1 | H156: Filtered | I156: Filtered | J156: Filtered | K156: Filtered | L156: Filtered | M156: Filtered | N156: Filtered | O156: Filtered | P156: Filtered | Q156: Filtered | R156: Filtered | S156: Filtered | T156: 3 | U156: 1 | V156: Filtered | W156: Filtered | X156: Filtered | Y156: Filtered | Z156: 636 | AA156: =ROUND(Z156*AA$10,2) -> 607.88
A157: 950010 | B157: 95 | C157: 1 | D157: CROMWELL-WRIGHT PUBLIC SCHOOLS | E157: 10 | F157: CROMWELL-WRIGHT ELEMENTARY | G157: 0 | H157: 29 | I157: 26 | J157: 21 | K157: 16 | L157: 15 | M157: 14 | N157: 16 | O157: 16 | P157: 27 | Q157: 23 | R157: 20 | S157: 9 | T157: 15 | U157: 22 | V157: 0.86153846 | W157: 0.76190476 | X157: 6849.3 | Y157: 8883.82 | Z157: 15733.12 | AA157: =ROUND(Z157*AA$10,2) -> 15037.4
A158: 970020 | B158: 97 | C158: 1 | D158: MOOSE LAKE PUBLIC SCHOOL DISTRICT | E158: 20 | F158: MOOSE LAKE ELEMENTARY | G158: 0 | H158: 53 | I158: 39 | J158: 48 | K158: 42 | L158: 33 | M158: 25 | N158: 53 | O158: 32 | P158: 51 | Q158: 44 | R158: 44 | S158: 28 | T158: 34 | U158: 48 | V158: 0.79104478 | W158: 0.7027027 | X158: 14254.5 | Y158: 17876.64 | Z158: 32131.14 | AA158: =ROUND(Z158*AA$10,2) -> 30710.29
A159: 990030 | B159: 99 | C159: 1 | D159: ESKO PUBLIC SCHOOL DISTRICT | E159: 30 | F159: WINTERQUIST ELEMENTARY | G159: 0 | H159: 77 | I159: 64 | J159: 85 | K159: 78 | L159: 92 | M159: 87 | N159: 89 | O159: 67 | P159: 80 | Q159: 63 | R159: 81 | S159: 63 | T159: 92 | U159: 85 | V159: 0.9015748 | W159: 0.772 | X159: 43960.36 | Y159: 34778.6 | Z159: 78738.96 | AA159: =ROUND(Z159*AA$10,2) -> 75257.1
A160: 1000001 | B160: 100 | C160: 1 | D160: WRENSHALL PUBLIC SCHOOL DISTRICT | E160: 1 | F160: WRENSHALL ELEMENTARY | G160: 0 | H160: 32 | I160: 26 | J160: 24 | K160: 15 | L160: 21 | M160: 15 | N160: 21 | O160: 19 | P160: 30 | Q160: 24 | R160: 18 | S160: 12 | T160: 26 | U160: 21 | V160: 0.72727273 | W160: 0.79710145 | X160: 10021.7 | Y160: 8871.66 | Z160: 18893.36 | AA160: =ROUND(Z160*AA$10,2) -> 18057.89
A161: 1080040 | B161: 108 | C161: 1 | D161: NORWOOD PUBLIC SCHOOL DISTRICT | E161: 40 | F161: CENTRAL ELEMENTARY | G161: 0 | H161: 66 | I161: 54 | J161: 66 | K161: 48 | L161: 70 | M161: 54 | N161: 72 | O161: 60 | P161: 60 | Q161: 53 | R161: 66 | S161: 59 | T161: 71 | U161: 72 | V161: 0.77227723 | W161: 0.86868687 | X161: 29061.01 | Y161: 33148.8 | Z161: 62209.81 | AA161: =ROUND(Z161*AA$10,2) -> 59458.88
A162: 1100110 | B162: 110 | C162: 1 | D162: WACONIA PUBLIC SCHOOL DISTRICT | E162: 110 | F162: SOUTHVIEW ELEMENTARY | G162: 0 | H162: 144 | I162: 132 | J162: 128 | K162: 120 | L162: 116 | M162: 107 | N162: 97 | O162: 74 | P162: 138 | Q162: 119 | R162: 128 | S162: 108 | T162: 114 | U162: 129 | V162: 0.92525773 | W162: 0.8292011 | X162: 55904.46 | Y162: 56692.92 | Z162: 112597.38 | AA162: =ROUND(Z162*AA$10,2) -> 107618.3
A163: 1100120 | B163: 110 | C163: 1 | D163: WACONIA PUBLIC SCHOOL DISTRICT | E163: 120 | F163: BAYVIEW ELEMENTARY | G163: 0 | H163: 125 | I163: 111 | J163: 142 | K163: 131 | L163: 145 | M163: 136 | N163: 109 | O163: 90 | P163: 126 | Q163: 111 | R163: 136 | S163: 117 | T163: 147 | U163: 141 | V163: 0.91747573 | W163: 0.85714286 | X163: 71480.22 | Y163: 64054.89 | Z163: 135535.11 | AA163: =ROUND(Z163*AA$10,2) -> 129541.72
A164: 1110839 | B164: 111 | C164: 1 | D164: WATERTOWN-MAYER PUBLIC SCHOOL DIST. | E164: 839 | F164: WATERTOWN-MAYER ELEMENTARY | G164: 0 | H164: 106 | I164: 85 | J164: 139 | K164: 109 | L164: 116 | M164: 84 | N164: 133 | O164: 110 | P164: 105 | Q164: 88 | R164: 136 | S164: 105 | T164: 118 | U164: 143 | V164: 0.7700831 | W164: 0.81016043 | X164: 48160.52 | Y164: 61402.77 | Z164: 109563.29 | AA164: =ROUND(Z164*AA$10,2) -> 104718.38
A165: 1120505 | B165: 112 | C165: 1 | D165: CHASKA PUBLIC SCHOOL DISTRICT | E165: 505 | F165: CHASKA ELEMENTARY | G165: 0 | H165: 95 | I165: 85 | J165: 86 | K165: 77 | L165: 82 | M165: 69 | N165: 109 | O165: 83 | P165: 93 | Q165: 60 | R165: 81 | S165: 58 | T165: 83 | U165: 88 | V165: 0.878327 | W165: 0.71024735 | X165: 38637.33 | Y165: 33125.84 | Z165: 71763.17 | AA165: =ROUND(Z165*AA$10,2) -> 68589.79
A166: 1120506 | B166: 112 | C166: 1 | D166: CHASKA PUBLIC SCHOOL DISTRICT | E166: 506 | F166: CHANHASSEN ELEMENTARY | G166: 0 | H166: 103 | I166: 97 | J166: 99 | K166: 89 | L166: 73 | M166: 64 | N166: 105 | O166: 79 | P166: 105 | Q166: 81 | R166: 97 | S166: 79 | T166: 76 | U166: 103 | V166: 0.90909091 | W166: 0.77850163 | X166: 36618.32 | Y166: 42498.83 | Z166: 79117.15 | AA166: =ROUND(Z166*AA$10,2) -> 75618.57
A167: 1120507 | B167: 112 | C167: 1 | D167: CHASKA PUBLIC SCHOOL DISTRICT | E167: 507 | F167: EAST UNION ELEMENTARY | G167: 0 | H167: 32 | I167: 27 | J167: 44 | K167: 41 | L167: 36 | M167: 30 | N167: 33 | O167: 27 | P167: 26 | Q167: 22 | R167: 42 | S167: 31 | T167: 37 | U167: 43 | V167: 0.875 | W167: 0.79207921 | X167: 17158.75 | Y167: 18051.4 | Z167: 35210.15 | AA167: =ROUND(Z167*AA$10,2) -> 33653.15
...

Sheet Statute
A1: 124D.98 Literacy incentive aid, as amended in 2012:
A3: Subdivision 1. Literacy incentive aid.
A5: In fiscal year 2013 and later, a district's literacy incentive aid equals
A6: the sum of the proficiency aid under subdivision 2, and the growth
A7: aid under subdivision 3.
A9: Subd. 2. Proficiency aid.
A11: In fiscal year 2013 and later, the proficiency aid for each school is equal
A12: to the product of the school's proficiency allowance times the number of
A13: third grade pupils at the school on October 1 of the previous fiscal year.
A14: A school's proficiency allowance is equal to the percentage of students
A15: in each building that meet or exceed proficiency on the third grade
A16: reading Minnesota Comprehensive Assessment, averaged across the
... A27: averaged across the previous three test administrations, times $530.
