Workbook

Sheet instruction-districts
B1: Full-Time Equivalents (FTEs) by Position
B2: Licensed and Classified Personnel
B3: FY 2009
B5: Local Education Agencies | C5: INSTRUCTION | K5: SUPPORT
C6: CLASSROOM TEACHERS | I6: Instructional Aides | J6: Instructional Coordinators and Supervisors | K6: Elementary Guidance Counselors | L6: Secondary Guidance Counselors | M6: Librarians and Media Specialists | N6: Library and Media Support Staff
C7: Pre-Kindergarten | E7: Kindergarten | F7: Elementary | G7: Secondary | H7: Special Education
C8: Regular | D8: Special
C9: CACTUS Database | D9: CACTUS Database | E9: CACTUS Database | F9: CACTUS Database | G9: CACTUS Database | H9: CACTUS Database | I9: Classified Personnel Report | J9: CACTUS Database | K9: CACTUS Database | L9: CACTUS Database | M9: CACTUS Database | N9: Classified Personnel Report
B10: DISTRICT
A11: 1 | B11: Alpine | C11: 8 | D11: 16.53 | E11: 105.12 | F11: 1203.71 | G11: 966.72 | H11: 222.86 | I11: 599.19 | J11: ='Licensed FTEs'!K5+'Licensed FTEs'!L5 -> 108.34 | K11: 0 | L11: 66.88 | M11: 18.5 | N11: 57.16
A12: 2 | B12: Beaver | C12: 0.5 | D12: 0 | E12: 3 | F12: 37.45 | G12: 30.28 | H12: 7.35 | I12: 36.02 | J12: ='Licensed FTEs'!K6+'Licensed FTEs'!L6 -> 1.6 | K12: 0 | L12: 2.01 | M12: 0 | N12: 2.86
A13: 3 | B13: Box Elder | C13: 1 | D13: 8 | E13: 24.03 | F13: 168.39 | G13: 220.33 | H13: 44.82 | I13: 213 | J13: ='Licensed FTEs'!K7+'Licensed FTEs'!L7 -> 9.06 | K13: 0.5 | L13: 15 | M13: 5 | N13: 12
A14: 4 | B14: Cache | C14: 0 | D14: 5 | E14: 26.5 | F14: 235.68 | G14: 271.31 | H14: 56.85 | I14: 301.56 | J14: ='Licensed FTEs'!K8+'Licensed FTEs'!L8 -> 33.69 | K14: 0 | L14: 18.88 | M14: 20 | N14: 0
A15: 5 | B15: Carbon | C15: 0 | D15: 2 | E15: 11 | F15: 67.01 | G15: 65.13 | H15: 20.74 | I15: 80.86 | J15: ='Licensed FTEs'!K9+'Licensed FTEs'!L9 -> 16.03 | K15: 1 | L15: 6.24 | M15: 0.83 | N15: 3.43
A16: 6 | B16: Daggett | C16: 0 | D16: 0 | E16: 1 | F16: 4.9 | G16: 6.29 | H16: 0.58 | I16: 5.13 | J16: ='Licensed FTEs'!K10+'Licensed FTEs'!L10 -> 2.96 | K16: 0 | L16: 0 | M16: 0.25 | N16: 0
A17: 7 | B17: Davis | C17: 2.67 | D17: 15.83 | E17: 129.09 | F17: 1204.14 | G17: 1143.09 | H17: 286.5 | I17: 1131.55 | J17: ='Licensed FTEs'!K11+'Licensed FTEs'!L11 -> 158.86 | K17: 37.65 | L17: 87.3 | M17: 17.5 | N17: 60.27
A18: 8 | B18: Duchesne | C18: 0 | D18: 1 | E18: 11.5 | F18: 94.64 | G18: 85.74 | H18: 24.86 | I18: 88.76 | J18: ='Licensed FTEs'!K12+'Licensed FTEs'!L12 -> 2.98 | K18: 0 | L18: 3.85 | M18: 6 | N18: 4.93
A19: 9 | B19: Emery | C19: 0 | D19: 1 | E19: 6.51 | F19: 49 | G19: 50.55 | H19: 12.02 | I19: 35.51 | J19: ='Licensed FTEs'!K13+'Licensed FTEs'!L13 -> 2.67 | K19: 0 | L19: 0.5 | M19: 1.1 | N19: 8.52
A20: 10 | B20: Garfield | C20: 0.5 | D20: 0 | E20: 3.66 | F20: 23.84 | G20: 31.18 | H20: 5.93 | I20: 24.71 | J20: ='Licensed FTEs'!K14+'Licensed FTEs'!L14 -> 4.82 | K20: 0.8 | L20: 1.7 | M20: 0 | N20: 4.49
A21: 11 | B21: Grand | C21: 0 | D21: 1 | E21: 5 | F21: 30.54 | G21: 39.47 | H21: 8.5 | I21: 45.5 | J21: ='Licensed FTEs'!K15+'Licensed FTEs'!L15 -> 2.83 | K21: 0 | L21: 2 | M21: 2 | N21: 0
A22: 12 | B22: Granite | C22: 11 | D22: 26.25 | E22: 142.92 | F22: 1221.27 | G22: 1142.42 | H22: 310.2 | I22: 616.93 | J22: ='Licensed FTEs'!K16+'Licensed FTEs'!L16 -> 278.22 | K22: 1 | L22: 83.18 | M22: 20.58 | N22: 32.97
... A50: 35 | B50: Weber | C50: 0 | D50: 9 | E50: 58.5 | F50: 545.18 | G50: 502.18 | H50: 154.02 | I50: 332.98 | J50: ='Licensed FTEs'!K44+'Licensed FTEs'!L44 -> 44.07 | K50: 16.15 | L50: 38.15 | M50: 12.83 | N50: 27.2
B51: DISTRICT TOTAL | C51: =SUM(C11:C50) -> 43.64 | D51: =SUM(D11:D50) -> 196.25 | E51: =SUM(E11:E50) -> 1094.01 | F51: =SUM(F11:F50) -> 9680.44 | G51: =SUM(G11:G50) -> 9055.62 | H51: =SUM(H11:H50) -> 2350.64 | I51: =SUM(I11:I50) -> 7471.23 | J51: =SUM(J11:J50) -> 1486.34 | ... N51: =SUM(N11:N50) -> 477.36
B52: CHARTER TOTAL | C52: 3.5 | D52: 0 | E52: 54.3 | F52: 583.69 | G52: 506.81 | H52: 85.24 | I52: 461.21 | J52: 39.47 | K52: 4.58 | L52: 22 | M52: 11.97 | N52: 24.5
B53: GRAND TOTAL | C53: =C51+C52 -> 47.14 | D53: =D51+D52 -> 196.25 | E53: =E51+E52 -> 1148.31 | F53: =F51+F52 -> 10264.13 | G53: =G51+G52 -> 9562.43 | H53: =H51+H52 -> 2435.88 | I53: =I51+I52 -> 7932.44 | J53: =J51+J52 -> 1525.81 | ... N53: =N51+N52 -> 501.86
B55: Note: School-Based Specialists were added as a new Educator Category in FY09. They are included with Instructional Coordinators and Supervisors, but some had been counted as Classroom Teachers in previous years.

Sheet instruction-charters
B1: Full-Time Equivalents (FTEs) by Position
B2: Licensed and Classified Personnel
B3: FY 2009
B5: Local Education Agencies | C5: INSTRUCTION | K5: SUPPORT
C6: CLASSROOM TEACHERS | I6: Instructional Aides | J6: Instructional Coordinators and Supervisors | K6: Elementary Guidance Counselors | L6: Secondary Guidance Counselors | M6: Librarians and Media Specialists | N6: Library and Media Support Staff
C7: Pre-Kindergarten | E7: Kindergarten | F7: Elementary | G7: Secondary | H7: Special Education
C8: Regular | D8: Special
C9: CACTUS Database | D9: CACTUS Database | E9: CACTUS Database | F9: CACTUS Database | G9: CACTUS Database | H9: CACTUS Database | I9: Classified Personnel Report | J9: CACTUS Database | K9: CACTUS Database | L9: CACTUS Database | M9: CACTUS Database | N9: Classified Personnel Report
B10: CHARTER SCHOOL
A11: 8B | B11: American Leadership Academy | C11: 2 | D11: 0 | E11: 1 | F11: 26.5 | G11: 37.29 | H11: 6.5 | I11: ='Classified FTEs'!C49 -> 14.73 | J11: ='Licensed FTEs'!K46+'Licensed FTEs'!L46 -> 7.12 | K11: 0.5 | L11: 1 | M11: 0 | N11: ='Classified FTEs'!G49 -> 1
A12: 74 | B12: American Preparatory Academy | C12: 0 | D12: 0 | E12: 1 | F12: 12.6 | G12: 10.47 | H12: 1 | I12: ='Classified FTEs'!C50 -> 14.9 | J12: ='Licensed FTEs'!K47+'Licensed FTEs'!L47 -> 0.5 | K12: 0.13 | L12: 0.09 | M12: 0 | N12: ='Classified FTEs'!G50 -> 0
A13: 83 | B13: AMES | C13: 0 | D13: 0 | E13: 0 | F13: 0 | G13: 19.76 | H13: 0.5 | I13: ='Classified FTEs'!C51 -> 4.13 | J13: ='Licensed FTEs'!K48+'Licensed FTEs'!L48 -> 0.16 | K13: 0 | L13: 1.5 | M13: 0 | N13: ='Classified FTEs'!G51 -> 0
A14: 3B | B14: BSTA | C14: 0 | D14: 0 | E14: 0 | F14: 0 | G14: 13.67 | H14: 1.2 | I14: ='Classified FTEs'!C52 -> 0 | J14: ='Licensed FTEs'!K49+'Licensed FTEs'!L49 -> 0 | K14: 0 | L14: 0 | M14: 0 | N14: ='Classified FTEs'!G52 -> 0
A15: 9D | B15: Canyon Rim Academy | C15: 0 | D15: 0 | E15: 2 | F15: 18 | G15: 0 | H15: 1 | I15: ='Classified FTEs'!C53 -> 8.65 | J15: ='Licensed FTEs'!K50+'Licensed FTEs'!L50 -> 0 | K15: 0 | L15: 0 | M15: 0 | N15: ='Classified FTEs'!G53 -> 0
A16: 84 | B16: CBA Center | C16: 0 | D16: 0 | E16: 0 | F16: 0 | G16: 0 | H16: 0 | I16: ='Classified FTEs'!C54 -> 1.25 | J16: ='Licensed FTEs'!K51+'Licensed FTEs'!L51 -> 0 | K16: 0 | L16: 0 | M16: 0 | N16: ='Classified FTEs'!G54 -> 0
A17: 2D | B17: Channing Hall | C17: 0 | D17: 0 | E17: 2 | F17: 14.7 | G17: 10.04 | H17: 1.1 | I17: ='Classified FTEs'!C55 -> 11.1 | J17: ='Licensed FTEs'!K52+'Licensed FTEs'!L52 -> 1.11 | K17: 0 | L17: 0 | M17: 0 | N17: ='Classified FTEs'!G55 -> 1.47
A18: 87 | B18: City Academy | C18: 0 | D18: 0 | E18: 0 | F18: 0 | G18: 13.71 | H18: 0.11 | I18: ='Classified FTEs'!C56 -> 6.66 | J18: ='Licensed FTEs'!K53+'Licensed FTEs'!L53 -> 2.08 | K18: 0 | L18: 1 | M18: 0 | N18: ='Classified FTEs'!G56 -> 0.69
A19: 3E | B19: C.S. Lewis Academy | C19: 0 | D19: 0 | E19: 2 | F19: 13.75 | G19: 1 | H19: 1.5 | I19: ='Classified FTEs'!C57 -> 3 | J19: ='Licensed FTEs'!K54+'Licensed FTEs'!L54 -> 0.25 | K19: 0 | L19: 0 | M19: 0 | N19: ='Classified FTEs'!G57 -> 0
A20: A3 | B20: DaVinci Academy | C20: 0 | D20: 0 | E20: 0 | F20: 0 | G20: 15.62 | H20: 1.67 | I20: ='Classified FTEs'!C58 -> 2.8 | J20: ='Licensed FTEs'!K55+'Licensed FTEs'!L55 -> 0 | K20: 0 | L20: 1 | M20: 0.5 | N20: ='Classified FTEs'!G58 -> 0
A21: 4E | B21: Dual Immersion Academy | C21: 0 | D21: 0 | E21: 4 | F21: 8 | G21: 0 | H21: 1 | I21: ='Classified FTEs'!C59 -> 7 | J21: ='Licensed FTEs'!K56+'Licensed FTEs'!L56 -> 0 | K21: 0 | L21: 0 | M21: 0 | N21: ='Classified FTEs'!G59 -> 0
A22: A8 | B22: East Hollywood High | C22: 0 | D22: 0 | E22: 0 | F22: 0 | G22: 17.15 | H22: 0 | I22: ='Classified FTEs'!C60 -> 2.5 | J22: ='Licensed FTEs'!K57+'Licensed FTEs'!L57 -> 1.25 | K22: 0 | L22: 1 | M22: 0.13 | N22: ='Classified FTEs'!G60 -> 0.75
A23: 5E | B23: Edith Bowen Lab School | C23: 0 | D23: 0 | E23: 0 | F23: 14.5 | G23: 0 | H23: 1 | I23: ='Classified FTEs'!C61 -> 0.38 | J23: ='Licensed FTEs'!K58+'Licensed FTEs'!L58 -> 0 | K23: 0 | L23: 0 | M23: 2.6 | N23: ='Classified FTEs'!G61 -> 0
A24: 3C | B24: Entheos Academy | C24: 0 | D24: 0 | E24: 1 | F24: 10.22 | G24: 6 | H24: 0.91 | I24: ='Classified FTEs'!C62 -> 6.6 | J24: ='Licensed FTEs'!K59+'Licensed FTEs'!L59 -> 0 | K24: 0 | L24: 0 | M24: 0 | N24: ='Classified FTEs'!G62 -> 0.6
A25: 98 | B25: Fast Forward High | C25: 0 | D25: 0 | E25: 0 | F25: 0 | G25: 13 | H25: 0.9 | I25: ='Classified FTEs'!C63 -> 2.5 | J25: ='Licensed FTEs'!K60+'Licensed FTEs'!L60 -> 0.1 | K25: 0 | L25: 1.1 | M25: 0 | N25: ='Classified FTEs'!G63 -> 0.5
A26: 82 | B26: Freedom Academy | C26: 0 | D26: 0 | E26: 2.5 | F26: 18.51 | G26: 6.46 | H26: 2.5 | I26: ='Classified FTEs'!C64 -> 9.75 | J26: ='Licensed FTEs'!K61+'Licensed FTEs'!L61 -> 1.65 | K26: 0 | L26: 0 | M26: 0 | N26: ='Classified FTEs'!G64 -> 0.5
A27: 7E | B27: Gateway Preparatory Academy | C27: 0 | D27: 0 | E27: 1 | F27: 19.5 | G27: 4.75 | H27: 1 | I27: ='Classified FTEs'!C65 -> 21.75 | J27: ='Licensed FTEs'!K62+'Licensed FTEs'!L62 -> 1.5 | K27: 0 | L27: 0 | M27: 0 | N27: ='Classified FTEs'!G65 -> 1.43
A28: 5D | B28: George Washington Academy | C28: 0 | D28: 0 | E28: 2 | F28: 16.45 | G28: 0.55 | H28: 1 | I28: ='Classified FTEs'!C66 -> 4.95 | J28: ='Licensed FTEs'!K63+'Licensed FTEs'!L63 -> 0.5 | K28: 0 | L28: 0 | M28: 0 | N28: ='Classified FTEs'!G66 -> 0.18
A29: 1E | B29: Guadalupe School | C29: 0 | D29: 0 | E29: 0 | F29: 3 | G29: 0 | H29: 0.39 | I29: ='Classified FTEs'!C67 -> 4.5 | J29: ='Licensed FTEs'!K64+'Licensed FTEs'!L64 -> 0.51 | K29: 0 | L29: 0 | M29: 0 | N29: ='Classified FTEs'!G67 -> 0.5
A30: 2C | B30: Intech Collegiate High | C30: 0 | D30: 0 | E30: 0 | F30: 0 | G30: 6 | H30: 0 | I30: ='Classified FTEs'!C68 -> 1.63 | J30: ='Licensed FTEs'!K65+'Licensed FTEs'!L65 -> 0.59 | K30: 0 | L30: 0.65 | M30: 0 | N30: ='Classified FTEs'!G68 -> 0
A31: A5 | B31: Itineris Early College High | C31: 0 | D31: 0 | E31: 0 | F31: 0 | G31: 10.38 | H31: 0 | I31: ='Classified FTEs'!C69 -> 0 | J31: ='Licensed FTEs'!K66+'Licensed FTEs'!L66 -> 0 | K31: 0 | L31: 2 | M31: 0 | N31: ='Classified FTEs'!G69 -> 0
A32: 93 | B32: John Hancock | C32: 0 | D32: 0 | E32: 0.72 | F32: 8 | G32: 2.33 | H32: 1 | I32: ='Classified FTEs'!C70 -> 5.12 | J32: ='Licensed FTEs'!K67+'Licensed FTEs'!L67 -> 0 | K32: 0 | L32: 0 | M32: 0 | N32: ='Classified FTEs'!G70 -> 0.09
A33: 2E | B33: Karl G. Maeser Prep Academy | C33: 0 | D33: 0 | E33: 0 | F33: 0 | G33: 13.25 | H33: 0.66 | I33: ='Classified FTEs'!C71 -> 0 | J33: ='Licensed FTEs'!K68+'Licensed FTEs'!L68 -> 0.66 | K33: 0 | L33: 0 | M33: 0.5 | N33: ='Classified FTEs'!G71 -> 0
A34: 4C | B34: Lakeview Academy | C34: 0 | D34: 0 | E34: 1 | F34: 22 | G34: 8.64 | H34: 3.29 | I34: ='Classified FTEs'!C72 -> 19.75 | J34: ='Licensed FTEs'!K69+'Licensed FTEs'!L69 -> 1 | K34: 0 | L34: 0.3 | M34: 1 | N34: ='Classified FTEs'!G72 -> 0
A35: 5C | B35: Legacy Prep Academy | C35: 0 | D35: 0 | E35: 0 | F35: 11.31 | G35: 8.13 | H35: 1.17 | I35: ='Classified FTEs'!C73 -> 23.76 | J35: ='Licensed FTEs'!K70+'Licensed FTEs'!L70 -> 0 | K35: 1 | L35: 0 | M35: 0 | N35: ='Classified FTEs'!G73 -> 1
A36: 6C | B36: Liberty Academy | C36: 0 | D36: 0 | E36: 2 | F36: 7.56 | G36: 1 | H36: 0.63 | I36: ='Classified FTEs'!C74 -> 13 | J36: ='Licensed FTEs'!K71+'Licensed FTEs'!L71 -> 0.88 | K36: 0 | L36: 0 | M36: 0 | N36: ='Classified FTEs'!G74 -> 0.88
A37: 2B | B37: Lincoln Academy | C37: 0.5 | D37: 0 | E37: 0.5 | F37: 11 | G37: 6.5 | H37: 2 | I37: ='Classified FTEs'!C75 -> 22.34 | J37: ='Licensed FTEs'!K72+'Licensed FTEs'!L72 -> 0 | K37: 0 | L37: 0.5 | M37: 0 | N37: ='Classified FTEs'!G75 -> 1
A38: 8E | B38: Merit College Prep Academy | C38: 0 | D38: 0 | E38: 0 | F38: 0 | G38: 18.25 | H38: 2 | I38: ='Classified FTEs'!C76 -> 0 | J38: ='Licensed FTEs'!K73+'Licensed FTEs'!L73 -> 0 | K38: 0 | L38: 1 | M38: 0 | N38: ='Classified FTEs'!G76 -> 0
A39: A7 | B39: Moab Community School | C39: 0 | D39: 0 | E39: 0.31 | F39: 3.05 | G39: 0 | H39: 1 | I39: ='Classified FTEs'!C77 -> 1.76 | J39: ='Licensed FTEs'!K74+'Licensed FTEs'!L74 -> 0 | K39: 0 | L39: 0 | M39: 0 | N39: ='Classified FTEs'!G77 -> 0
A40: 7C | B40: Monticello Academy | C40: 0 | D40: 0 | E40: 2.02 | F40: 13.29 | G40: 15.39 | H40: 1.14 | I40: ='Classified FTEs'!C78 -> 6.24 | J40: ='Licensed FTEs'!K75+'Licensed FTEs'!L75 -> 0.15 | K40: 0 | L40: 0.32 | M40: 0 | N40: ='Classified FTEs'!G78 -> 1
A41: 8C | B41: Mountainville Academy | C41: 0 | D41: 0 | E41: 1.5 | F41: 15.63 | G41: 4.04 | H41: 0 | I41: ='Classified FTEs'!C79 -> 12 | J41: ='Licensed FTEs'!K76+'Licensed FTEs'!L76 -> 1 | K41: 0 | L41: 0 | M41: 1 | N41: ='Classified FTEs'!G79 -> 0
A42: 9B | B42: Navigator Pointe Academy | C42: 0 | D42: 0 | E42: 1 | F42: 11.3 | G42: 11.81 | H42: 3 | I42: ='Classified FTEs'!C80 -> 11.94 | J42: ='Licensed FTEs'!K77+'Licensed FTEs'!L77 -> 0.21 | K42: 0.2 | L42: 0.2 | M42: 0 | N42: ='Classified FTEs'!G80 -> 0
A43: 6D | B43: Noah Webster Academy | C43: 0 | D43: 0 | E43: 1 | F43: 15 | G43: 0.75 | H43: 2 | I43: ='Classified FTEs'!C81 -> 10.68 | J43: ='Licensed FTEs'!K78+'Licensed FTEs'!L78 -> 1 | K43: 0 | L43: 0 | M43: 0 | N43: ='Classified FTEs'!G81 -> 1
A44: A6 | B44: North Davis Prep Academy | C44: 0 | D44: 0 | E44: 2 | F44: 16.07 | G44: 9.83 | H44: 2.5 | I44: ='Classified FTEs'!C82 -> 10.43 | J44: ='Licensed FTEs'!K79+'Licensed FTEs'!L79 -> 1.25 | K44: 0.25 | L44: 0.75 | M44: 1 | N44: ='Classified FTEs'!G82 -> 0.23
... A47: 1C | B47: Odyssey | C47: 0 | D47: 0 | E47: 1.02 | F47: 15.11 | G47: 3.22 | H47: 0.01 | I47: ='Classified FTEs'!C85 -> 8.64 | J47: ='Licensed FTEs'!K82+'Licensed FTEs'!L82 -> 1 | K47: 0 | L47: 0 | M47: 0 | N47: ='Classified FTEs'!G85 -> 0.5
A48: 68 | B48: Ogden Prep Academy | C48: 0 | D48: 0 | E48: 0 | F48: 11.69 | G48: 11.91 | H48: 2 | I48: ='Classified FTEs'!C86 -> 13.11 | J48: ='Licensed FTEs'!K83+'Licensed FTEs'!L83 -> 0.41 | K48: 0.5 | L48: 0.5 | M48: 1 | N48: ='Classified FTEs'!G86 -> 1
A49: 8D | B49: Open Classroom | C49: 0 | D49: 0 | E49: 2 | F49: 13 | G49: 1 | H49: 1 | I49: ='Classified FTEs'!C87 -> 4.5 | J49: ='Licensed FTEs'!K84+'Licensed FTEs'!L84 -> 1 | K49: 0.5 | L49: 0 | M49: 0 | N49: ='Classified FTEs'!G87 -> 0
A50: 9C | B50: Paradigm High School | C50: 0 | D50: 0 | E50: 0 | F50: 0 | G50: 21.12 | H50: 1 | I50: ='Classified FTEs'!C88 -> 0 | J50: ='Licensed FTEs'!K85+'Licensed FTEs'!L85 -> 3.65 | K50: 0 | L50: 0 | M50: 0 | N50: ='Classified FTEs'!G88 -> 2
A51: 86 | B51: Pinnacle Canyon Academy | C51: 0 | D51: 0 | E51: 2.11 | F51: 13.26 | G51: 15.04 | H51: 1.17 | I51: ='Classified FTEs'!C89 -> 18.82 | J51: ='Licensed FTEs'!K86+'Licensed FTEs'!L86 -> 1.31 | K51: 0 | L51: 0 | M51: 0.89 | N51: ='Classified FTEs'!G89 -> 0
A52: 9E | B52: Providence Hall | C52: 0 | D52: 0 | E52: 1 | F52: 22.2 | G52: 0 | H52: 1.5 | I52: ='Classified FTEs'!C90 -> 16.53 | J52: ='Licensed FTEs'!K87+'Licensed FTEs'!L87 -> 1 | K52: 1 | L52: 0 | M52: 0 | N52: ='Classified FTEs'!G90 -> 0.87
A53: 1F | B53: Quest Academy | C53: 0 | D53: 0 | E53: 2 | F53: 11.96 | G53: 0 | H53: 1 | I53: ='Classified FTEs'!C91 -> 6.65 | J53: ='Licensed FTEs'!K88+'Licensed FTEs'!L88 -> 0 | K53: 0 | L53: 0 | M53: 0 | N53: ='Classified FTEs'!G91 -> 1
A54: A2 | B54: Ranches Academy | C54: 0 | D54: 0 | E54: 1 | F54: 10.5 | G54: 1 | H54: 0.25 | I54: ='Classified FTEs'!C92 -> 13.19 | J54: ='Licensed FTEs'!K89+'Licensed FTEs'!L89 -> 0 | K54: 0 | L54: 0 | M54: 0 | N54: ='Classified FTEs'!G92 -> 1.86
A55: 7B | B55: Reagan Academy | C55: 0 | D55: 0 | E55: 2 | F55: 18.77 | G55: 6.98 | H55: 3 | I55: ='Classified FTEs'!C93 -> 16.3 | J55: ='Licensed FTEs'!K90+'Licensed FTEs'!L90 -> 0.5 | K55: 0 | L55: 0 | M55: 0 | N55: ='Classified FTEs'!G93 -> 0.5
A56: 1D | B56: Renaissance Academy | C56: 0 | D56: 0 | E56: 2 | F56: 17.69 | G56: 8.98 | H56: 2 | I56: ='Classified FTEs'!C94 -> 9.42 | J56: ='Licensed FTEs'!K91+'Licensed FTEs'!L91 -> 0.3 | K56: 0 | L56: 0 | M56: 0.35 | N56: ='Classified FTEs'!G94 -> 0
A57: 2F | B57: Rockwell Charter High | C57: 0 | D57: 0 | E57: 0 | F57: 0 | G57: 24.06 | H57: 1.44 | I57: ='Classified FTEs'!C95 -> 1.09 | J57: ='Licensed FTEs'!K92+'Licensed FTEs'!L92 -> 0 | K57: 0 | L57: 0 | M57: 0 | N57: ='Classified FTEs'!G95 -> 0.5
A58: 97 | B58: Salt Lake Arts Academy | C58: 0 | D58: 0 | E58: 0 | F58: 2 | G58: 10.32 | H58: 1 | I58: ='Classified FTEs'!C96 -> 2.25 | J58: ='Licensed FTEs'!K93+'Licensed FTEs'!L93 -> 0 | K58: 0 | L58: 0 | M58: 0 | N58: ='Classified FTEs'!G96 -> 0
A59: 4F | B59: Salt Lake Center for Science Ed. | C59: 0 | D59: 0 | E59: 0 | F59: 1 | G59: 6.49 | H59: 1.5 | I59: ='Classified FTEs'!C97 -> 1.38 | J59: ='Licensed FTEs'!K94+'Licensed FTEs'!L94 -> 0.51 | K59: 0 | L59: 0 | M59: 0 | N59: ='Classified FTEs'!G97 -> 0
A60: 7D | B60: Salt Lake School for Perf. Arts | C60: 0 | D60: 0 | E60: 0 | F60: 0 | G60: 3.56 | H60: 0 | I60: ='Classified FTEs'!C98 -> 0.55 | J60: ='Licensed FTEs'!K95+'Licensed FTEs'!L95 -> 0 | K60: 0 | L60: 1 | M60: 0 | N60: ='Classified FTEs'!G98 -> 0
A61: 89 | B61: Soldier Hollow | C61: 1 | D61: 0 | E61: 0 | F61: 6.5 | G61: 0.2 | H61: 1 | I61: ='Classified FTEs'!C99 -> 0 | J61: ='Licensed FTEs'!K96+'Licensed FTEs'!L96 -> 0 | K61: 0 | L61: 0 | M61: 0 | N61: ='Classified FTEs'!G99 -> 0
A62: 3D | B62: Spectrum Academy | C62: 0 | D62: 0 | E62: 0 | F62: 0 | G62: 0 | H62: 11 | I62: ='Classified FTEs'!C100 -> 6 | J62: ='Licensed FTEs'!K97+'Licensed FTEs'!L97 -> 0 | K62: 0 | L62: 0 | M62: 0 | N62: ='Classified FTEs'!G100 -> 0
A63: A9 | B63: SUCCESS Academy | C63: 0 | D63: 0 | E63: 0 | F63: 0 | G63: 4.42 | H63: 0 | I63: ='Classified FTEs'!C101 -> 0.34 | J63: ='Licensed FTEs'!K98+'Licensed FTEs'!L98 -> 0 | K63: 0 | L63: 1 | M63: 0 | N63: ='Classified FTEs'!G101 -> 0
A64: 88 | B64: Success School | C64: 0 | D64: 0 | E64: 0 | F64: 0 | G64: 0 | H64: 0 | I64: ='Classified FTEs'!C102 -> 0 | J64: ='Licensed FTEs'!K99+'Licensed FTEs'!L99 -> 2 | K64: 0 | L64: 0 | M64: 0 | N64: ='Classified FTEs'!G102 -> 0
A65: A4 | B65: Summit Academy | C65: 0 | D65: 0 | E65: 2 | F65: 27.3 | G65: 11.17 | H65: 2.75 | I65: ='Classified FTEs'!C103 -> 18.75 | J65: ='Licensed FTEs'!K100+'Licensed FTEs'!L100 -> 0.54 | K65: 0 | L65: 0.5 | M65: 0 | N65: ='Classified FTEs'!G103 -> 0.5
A66: 4D | B66: Syracuse Arts Academy | C66: 0 | D66: 0 | E66: 2 | F66: 19.11 | G66: 0.18 | H66: 1 | I66: ='Classified FTEs'!C104 -> 4.91 | J66: ='Licensed FTEs'!K101+'Licensed FTEs'!L101 -> 0 | K66: 0 | L66: 0 | M66: 0 | N66: ='Classified FTEs'!G104 -> 0.74
A67: 94 | B67: Thomas Edison North | C67: 0 | D67: 0 | E67: 3 | F67: 19 | G67: 13.55 | H67: 2 | I67: ='Classified FTEs'!C105 -> 15 | J67: ='Licensed FTEs'!K102+'Licensed FTEs'!L102 -> 1 | K67: 0 | L67: 0 | M67: 1 | N67: ='Classified FTEs'!G105 -> 1.5
A68: 95 | B68: Timpanogos Academy | C68: 0 | D68: 0 | E68: 1 | F68: 17.39 | G68: 3 | H68: 1 | I68: ='Classified FTEs'!C106 -> 4 | J68: ='Licensed FTEs'!K103+'Licensed FTEs'!L103 -> 0 | K68: 0 | L68: 0 | M68: 0 | N68: ='Classified FTEs'!G106 -> 0
A69: 90 | B69: Tuacahn High | C69: 0 | D69: 0 | E69: 0 | F69: 0 | G69: 12.84 | H69: 0 | I69: ='Classified FTEs'!C107 -> 0.5 | J69: ='Licensed FTEs'!K104+'Licensed FTEs'!L104 -> 0.34 | K69: 0 | L69: 1 | M69: 1 | N69: ='Classified FTEs'!G107 -> 0
A70: 1B | B70: UCAS | C70: 0 | D70: 0 | E70: 0 | F70: 0 | G70: 9.96 | H70: 0.2 | I70: ='Classified FTEs'!C108 -> 0.31 | J70: ='Licensed FTEs'!K105+'Licensed FTEs'!L105 -> 1.44 | K70: 0 | L70: 2.59 | M70: 0 | N70: ='Classified FTEs'!G108 -> 0
A71: 92 | B71: Uintah River High | C71: 0 | D71: 0 | E71: 0 | F71: 0 | G71: 6.17 | H71: 1 | I71: ='Classified FTEs'!C109 -> 0 | J71: ='Licensed FTEs'!K106+'Licensed FTEs'!L106 -> 0 | K71: 0 | L71: 1 | M71: 0 | N71: ='Classified FTEs'!G109 -> 0
A72: 5F | B72: Utah Virtual Academy | C72: 0 | D72: 0 | E72: 0.12 | F72: 5.38 | G72: 6 | H72: 1 | I72: ='Classified FTEs'!C110 -> 0 | J72: ='Licensed FTEs'!K107+'Licensed FTEs'!L107 -> 0 | K72: 0 | L72: 0 | M72: 0 | N72: ='Classified FTEs'!G110 -> 0
A73: 3F | B73: Venture Academy | C73: 0 | D73: 0 | E73: 0.5 | F73: 11.5 | G73: 7.05 | H73: 1 | I73: ='Classified FTEs'!C111 -> 3.8 | J73: ='Licensed FTEs'!K108+'Licensed FTEs'!L108 -> 0 | K73: 0 | L73: 0 | M73: 0 | N73: ='Classified FTEs'!G111 -> 0
A74: 81 | B74: Walden School of Liberal Arts | C74: 0 | D74: 0 | E74: 0 | F74: 5.14 | G74: 14.1 | H74: 0.25 | I74: ='Classified FTEs'!C112 -> 7.98 | J74: ='Licensed FTEs'!K109+'Licensed FTEs'!L109 -> 0 | K74: 0.25 | L74: 0.25 | M74: 0 | N74: ='Classified FTEs'!G112 -> 0
A75: 4B | B75: Wasatch Peak Academy | C75: 0 | D75: 0 | E75: 1 | F75: 14 | G75: 0 | H75: 1.5 | I75: ='Classified FTEs'!C113 -> 8.73 | J75: ='Licensed FTEs'!K110+'Licensed FTEs'!L110 -> 0 | K75: 0 | L75: 0 | M75: 0 | N75: ='Classified FTEs'!G113 -> 0.4
B76: CHARTER SCHOOL TOTAL | C76: =SUM(C11:C75) -> 3.5 | D76: =SUM(D11:D75) -> 0 | E76: =SUM(E11:E75) -> 54.3 | F76: =SUM(F11:F75) -> 583.69 | G76: =SUM(G11:G75) -> 506.81 | H76: =SUM(H11:H75) -> 85.24 | I76: =SUM(I11:I75) -> 461.21 | J76: =SUM(J11:J75) -> 39.47 | ... N76: =SUM(N11:N75) -> 24.5

Sheet support-districts
B1: Full-Time Equivalents (FTEs) by Position
B2: Licensed and Classified Personnel
B3: FY 2009
B5: Local Education Agencies | C5: SUPPORT | M5: TOTAL FTEs
C6: LEA Administrators | E6: LEA Administrative Support Staff | F6: School Administrators | G6: School Administrative Support Staff | H6: Student Support Services Staff | L6: Other Support Staff
H8: Student Support Services | I8: Student Transportation Supervisors | J8: School Food Services Supervisors | K8: School Nurses
C9: CACTUS Database | D9: Classified Personnel Report | E9: Classified Personnel Report | F9: CACTUS Database | G9: Classified Personnel Report | H9: CACTUS Database | I9: Classified Personnel Report | J9: Classified Personnel Report | K9: Classified Personnel Report | L9: Classified Personnel Report
B10: DISTRICT
A11: 1 | B11: Alpine | C11: 22 | D11: ='Classified FTEs'!H7+'Classified FTEs'!K7 -> 1 | E11: ='Classified FTEs'!I7+'Classified FTEs'!L7+'Classified FTEs'!M7+'Classified FTEs'!N7+'Classified FTEs'!O7 -> 101.12 | F11: 107 | G11: ='Classified FTEs'!E7+'Classified FTEs'!F7+'Classified FTEs'!J7 -> 214.46 | H11: 75.15 | I11: ='Classified FTEs'!V7 -> 4 | J11: ='Classified FTEs'!AD7 -> 5 | K11: ='Classified FTEs'!D7 -> 0 | L11: ='Classified FTEs'!T7+'Classified FTEs'!U7+'Classified FTEs'!W7+'Classified FTEs'!X7+'Classified FTEs'!Y7+'Classified FTEs'!AC7+'Classified FTEs'!AE7+'Classified FTEs'!AF7+'Classified FTEs'!AL7 -> 835.81 | M11: =SUM(C11:L11)+SUM('instruction-districts'!C11:N11) -> 4738.55
A12: 2 | B12: Beaver | C12: 2.75 | D12: ='Classified FTEs'!H8+'Classified FTEs'!K8 -> 0 | E12: ='Classified FTEs'!I8+'Classified FTEs'!L8+'Classified FTEs'!M8+'Classified FTEs'!N8+'Classified FTEs'!O8 -> 2.43 | F12: 2.78 | G12: ='Classified FTEs'!E8+'Classified FTEs'!F8+'Classified FTEs'!J8 -> 5.89 | H12: 0.75 | I12: ='Classified FTEs'!V8 -> 0 | J12: ='Classified FTEs'!AD8 -> 0 | K12: ='Classified FTEs'!D8 -> 0.2 | L12: ='Classified FTEs'!T8+'Classified FTEs'!U8+'Classified FTEs'!W8+'Classified FTEs'!X8+'Classified FTEs'!Y8+'Classified FTEs'!AC8+'Classified FTEs'!AE8+'Classified FTEs'!AF8+'Classified FTEs'!AL8 -> 27.78 | M12: =SUM(C12:L12)+SUM('instruction-districts'!C12:N12) -> 163.65
A13: 3 | B13: Box Elder | C13: 4.5 | D13: ='Classified FTEs'!H9+'Classified FTEs'!K9 -> 5 | E13: ='Classified FTEs'!I9+'Classified FTEs'!L9+'Classified FTEs'!M9+'Classified FTEs'!N9+'Classified FTEs'!O9 -> 7 | F13: 26.3 | G13: ='Classified FTEs'!E9+'Classified FTEs'!F9+'Classified FTEs'!J9 -> 46 | H13: 20.73 | I13: ='Classified FTEs'!V9 -> 1 | J13: ='Classified FTEs'!AD9 -> 1 | K13: ='Classified FTEs'!D9 -> 3 | L13: ='Classified FTEs'!T9+'Classified FTEs'!U9+'Classified FTEs'!W9+'Classified FTEs'!X9+'Classified FTEs'!Y9+'Classified FTEs'!AC9+'Classified FTEs'!AE9+'Classified FTEs'!AF9+'Classified FTEs'!AL9 -> 249 | M13: =SUM(C13:L13)+SUM('instruction-districts'!C13:N13) -> 1084.66
A14: 4 | B14: Cache | C14: 3.33 | D14: ='Classified FTEs'!H10+'Classified FTEs'!K10 -> 1 | E14: ='Classified FTEs'!I10+'Classified FTEs'!L10+'Classified FTEs'!M10+'Classified FTEs'!N10+'Classified FTEs'!O10 -> 18.79 | F14: 27.27 | G14: ='Classified FTEs'!E10+'Classified FTEs'!F10+'Classified FTEs'!J10 -> 36.24 | H14: 33.92 | I14: ='Classified FTEs'!V10 -> 3.66 | J14: ='Classified FTEs'!AD10 -> 23 | K14: ='Classified FTEs'!D10 -> 2.5 | L14: ='Classified FTEs'!T10+'Classified FTEs'!U10+'Classified FTEs'!W10+'Classified FTEs'!X10+'Classified FTEs'!Y10+'Classified FTEs'!AC10+'Classified FTEs'!AE10+'Classified FTEs'!AF10+'Classified FTEs'!AL10 -> 256.37 | M14: =SUM(C14:L14)+SUM('instruction-districts'!C14:N14) -> 1375.55
A15: 5 | B15: Carbon | C15: 6 | D15: ='Classified FTEs'!H11+'Classified FTEs'!K11 -> 3 | E15: ='Classified FTEs'!I11+'Classified FTEs'!L11+'Classified FTEs'!M11+'Classified FTEs'!N11+'Classified FTEs'!O11 -> 16.92 | F15: 11 | G15: ='Classified FTEs'!E11+'Classified FTEs'!F11+'Classified FTEs'!J11 -> 15.52 | H15: 4.5 | I15: ='Classified FTEs'!V11 -> 1 | J15: ='Classified FTEs'!AD11 -> 0.5 | K15: ='Classified FTEs'!D11 -> 0 | L15: ='Classified FTEs'!T11+'Classified FTEs'!U11+'Classified FTEs'!W11+'Classified FTEs'!X11+'Classified FTEs'!Y11+'Classified FTEs'!AC11+'Classified FTEs'!AE11+'Classified FTEs'!AF11+'Classified FTEs'!AL11 -> 66.95 | M15: =SUM(C15:L15)+SUM('instruction-districts'!C15:N15) -> 399.66
A16: 6 | B16: Daggett | C16: 0.88 | D16: ='Classified FTEs'!H12+'Classified FTEs'!K12 -> 0.85 | E16: ='Classified FTEs'!I12+'Classified FTEs'!L12+'Classified FTEs'!M12+'Classified FTEs'!N12+'Classified FTEs'!O12 -> 1 | F16: 0.76 | G16: ='Classified FTEs'!E12+'Classified FTEs'!F12+'Classified FTEs'!J12 -> 1.5 | H16: 0 | I16: ='Classified FTEs'!V12 -> 0 | J16: ='Classified FTEs'!AD12 -> 0 | K16: ='Classified FTEs'!D12 -> 0 | L16: ='Classified FTEs'!T12+'Classified FTEs'!U12+'Classified FTEs'!W12+'Classified FTEs'!X12+'Classified FTEs'!Y12+'Classified FTEs'!AC12+'Classified FTEs'!AE12+'Classified FTEs'!AF12+'Classified FTEs'!AL12 -> 8.7 | M16: =SUM(C16:L16)+SUM('instruction-districts'!C16:N16) -> 34.8
A17: 7 | B17: Davis | C17: 26 | D17: ='Classified FTEs'!H13+'Classified FTEs'!K13 -> 13 | E17: ='Classified FTEs'!I13+'Classified FTEs'!L13+'Classified FTEs'!M13+'Classified FTEs'!N13+'Classified FTEs'!O13 -> 131.21 | F17: 174.52 | G17: ='Classified FTEs'!E13+'Classified FTEs'!F13+'Classified FTEs'!J13 -> 259.27 | H17: 98.69 | I17: ='Classified FTEs'!V13 -> 2 | J17: ='Classified FTEs'!AD13 -> 6.45 | K17: ='Classified FTEs'!D13 -> 0 | L17: ='Classified FTEs'!T13+'Classified FTEs'!U13+'Classified FTEs'!W13+'Classified FTEs'!X13+'Classified FTEs'!Y13+'Classified FTEs'!AC13+'Classified FTEs'!AE13+'Classified FTEs'!AF13+'Classified FTEs'!AL13 -> 1057.92 | M17: =SUM(C17:L17)+SUM('instruction-districts'!C17:N17) -> 6043.51
A18: 8 | B18: Duchesne | C18: 3 | D18: ='Classified FTEs'!H14+'Classified FTEs'!K14 -> 1 | E18: ='Classified FTEs'!I14+'Classified FTEs'!L14+'Classified FTEs'!M14+'Classified FTEs'!N14+'Classified FTEs'!O14 -> 10.5 | F18: 12.65 | G18: ='Classified FTEs'!E14+'Classified FTEs'!F14+'Classified FTEs'!J14 -> 19.73 | H18: 2 | I18: ='Classified FTEs'!V14 -> 1 | J18: ='Classified FTEs'!AD14 -> 1 | K18: ='Classified FTEs'!D14 -> 1 | L18: ='Classified FTEs'!T14+'Classified FTEs'!U14+'Classified FTEs'!W14+'Classified FTEs'!X14+'Classified FTEs'!Y14+'Classified FTEs'!AC14+'Classified FTEs'!AE14+'Classified FTEs'!AF14+'Classified FTEs'!AL14 -> 93.69 | M18: =SUM(C18:L18)+SUM('instruction-districts'!C18:N18) -> 469.83
A19: 9 | B19: Emery | C19: 4 | D19: ='Classified FTEs'!H15+'Classified FTEs'!K15 -> 1 | E19: ='Classified FTEs'!I15+'Classified FTEs'!L15+'Classified FTEs'!M15+'Classified FTEs'!N15+'Classified FTEs'!O15 -> 3 | F19: 9.49 | G19: ='Classified FTEs'!E15+'Classified FTEs'!F15+'Classified FTEs'!J15 -> 11.88 | H19: 2 | I19: ='Classified FTEs'!V15 -> 1 | J19: ='Classified FTEs'!AD15 -> 1 | K19: ='Classified FTEs'!D15 -> 0 | L19: ='Classified FTEs'!T15+'Classified FTEs'!U15+'Classified FTEs'!W15+'Classified FTEs'!X15+'Classified FTEs'!Y15+'Classified FTEs'!AC15+'Classified FTEs'!AE15+'Classified FTEs'!AF15+'Classified FTEs'!AL15 -> 56.95 | M19: =SUM(C19:L19)+SUM('instruction-districts'!C19:N19) -> 257.7
A20: 10 | B20: Garfield | C20: 2.47 | D20: ='Classified FTEs'!H16+'Classified FTEs'!K16 -> 2 | E20: ='Classified FTEs'!I16+'Classified FTEs'!L16+'Classified FTEs'!M16+'Classified FTEs'!N16+'Classified FTEs'!O16 -> 2 | F20: 5.44 | G20: ='Classified FTEs'!E16+'Classified FTEs'!F16+'Classified FTEs'!J16 -> 7 | H20: 1 | I20: ='Classified FTEs'!V16 -> 1 | J20: ='Classified FTEs'!AD16 -> 1 | K20: ='Classified FTEs'!D16 -> 0.5 | L20: ='Classified FTEs'!T16+'Classified FTEs'!U16+'Classified FTEs'!W16+'Classified FTEs'!X16+'Classified FTEs'!Y16+'Classified FTEs'!AC16+'Classified FTEs'!AE16+'Classified FTEs'!AF16+'Classified FTEs'!AL16 -> 20.57 | M20: =SUM(C20:L20)+SUM('instruction-districts'!C20:N20) -> 144.61
A21: 11 | B21: Grand | C21: 1 | D21: ='Classified FTEs'!H17+'Classified FTEs'!K17 -> 1 | E21: ='Classified FTEs'!I17+'Classified FTEs'!L17+'Classified FTEs'!M17+'Classified FTEs'!N17+'Classified FTEs'!O17 -> 4 | F21: 6 | G21: ='Classified FTEs'!E17+'Classified FTEs'!F17+'Classified FTEs'!J17 -> 9 | H21: 2 | I21: ='Classified FTEs'!V17 -> 1 | J21: ='Classified FTEs'!AD17 -> 1 | K21: ='Classified FTEs'!D17 -> 0 | L21: ='Classified FTEs'!T17+'Classified FTEs'!U17+'Classified FTEs'!W17+'Classified FTEs'!X17+'Classified FTEs'!Y17+'Classified FTEs'!AC17+'Classified FTEs'!AE17+'Classified FTEs'!AF17+'Classified FTEs'!AL17 -> 39.5 | M21: =SUM(C21:L21)+SUM('instruction-districts'!C21:N21) -> 201.34
A22: 12 | B22: Granite | C22: 37.71 | D22: ='Classified FTEs'!H18+'Classified FTEs'!K18 -> 1 | E22: ='Classified FTEs'!I18+'Classified FTEs'!L18+'Classified FTEs'!M18+'Classified FTEs'!N18+'Classified FTEs'!O18 -> 102.6 | F22: 136.23 | G22: ='Classified FTEs'!E18+'Classified FTEs'!F18+'Classified FTEs'!J18 -> 306.25 | H22: 146.08 | I22: ='Classified FTEs'!V18 -> 2 | J22: ='Classified FTEs'!AD18 -> 34.56 | K22: ='Classified FTEs'!D18 -> 20.83 | L22: ='Classified FTEs'!T18+'Classified FTEs'!U18+'Classified FTEs'!W18+'Classified FTEs'!X18+'Classified FTEs'!Y18+'Classified FTEs'!AC18+'Classified FTEs'!AE18+'Classified FTEs'!AF18+'Classified FTEs'!AL18 -> 1115.52 | M22: =SUM(C22:L22)+SUM('instruction-districts'!C22:N22) -> 5789.72
... A50: 35 | B50: Weber | C50: 21 | D50: ='Classified FTEs'!H46+'Classified FTEs'!K46 -> 1 | E50: ='Classified FTEs'!I46+'Classified FTEs'!L46+'Classified FTEs'!M46+'Classified FTEs'!N46+'Classified FTEs'!O46 -> 47.7 | F50: 61 | G50: ='Classified FTEs'!E46+'Classified FTEs'!F46+'Classified FTEs'!J46 -> 93.79 | H50: 45.02 | I50: ='Classified FTEs'!V46 -> 2 | J50: ='Classified FTEs'!AD46 -> 3 | K50: ='Classified FTEs'!D46 -> 14.33 | L50: ='Classified FTEs'!T46+'Classified FTEs'!U46+'Classified FTEs'!W46+'Classified FTEs'!X46+'Classified FTEs'!Y46+'Classified FTEs'!AC46+'Classified FTEs'!AE46+'Classified FTEs'!AF46+'Classified FTEs'!AL46 -> 450.41 | M50: =SUM(C50:L50)+SUM('instruction-districts'!C50:N50) -> 2479.51
B51: DISTRICT TOTAL | C51: =SUM(C11:C50) -> 256.21 | D51: =SUM(D11:D50) -> 73.28 | E51: =SUM(E11:E50) -> 774.39 | F51: =SUM(F11:F50) -> 1155.45 | G51: =SUM(G11:G50) -> 2180.58 | H51: =SUM(H11:H50) -> 850.54 | I51: =SUM(I11:I50) -> 43.21 | J51: =SUM(J11:J50) -> 110.13 | ... M51: =SUM(M11:M50) -> 46818.2
B52: CHARTER TOTAL | C52: 12.23 | D52: 39.56 | E52: 33.79 | F52: 66.6 | G52: 124.26 | H52: 8.67 | I52: 0 | J52: 12.19 | K52: 6.12 | L52: 129.57 | M52: 2230.26
B53: GRAND TOTAL | C53: =C51+C52 -> 268.44 | D53: =D51+D52 -> 112.84 | E53: =E51+E52 -> 808.18 | F53: =F51+F52 -> 1222.05 | G53: =G51+G52 -> 2304.84 | H53: =H51+H52 -> 859.21 | I53: =I51+I52 -> 43.21 | J53: =J51+J52 -> 122.32 | ... M53: =M51+M52 -> 49048.46

Sheet support-charters
B1: Full-Time Equivalents (FTEs) by Position
B2: Licensed and Classified Personnel
B3: FY 2009
B5: Local Education Agencies | C5: SUPPORT | M5: TOTAL FTEs
C6: LEA Administrators | E6: LEA Administrative Support Staff | F6: School Administrators | G6: School Administrative Support Staff | H6: Student Support Services Staff | L6: Other Support Staff
H8: Student Support Services | I8: Student Transportation Supervisors | J8: School Food Services Supervisors | K8: School Nurses
C9: CACTUS Database | D9: Classified Personnel Report | E9: Classified Personnel Report | F9: CACTUS Database | G9: Classified Personnel Report | H9: CACTUS Database | I9: Classified Personnel Report | J9: Classified Personnel Report | K9: Classified Personnel Report | L9: Classified Personnel Report
B10: CHARTER SCHOOL
A11: 8B | B11: American Leadership Academy | C11: 0 | D11: ='Classified FTEs'!H49+'Classified FTEs'!K49 -> 0 | E11: ='Classified FTEs'!I49+'Classified FTEs'!L49+'Classified FTEs'!M49+'Classified FTEs'!N49+'Classified FTEs'!O49 -> 0.5 | F11: 0.59 | G11: ='Classified FTEs'!E49+'Classified FTEs'!F49+'Classified FTEs'!J49 -> 9.97 | H11: 0 | I11: ='Classified FTEs'!V49 -> 0 | J11: ='Classified FTEs'!AD49 -> 0.25 | K11: ='Classified FTEs'!D49 -> 0 | L11: ='Classified FTEs'!T49+'Classified FTEs'!U49+'Classified FTEs'!W49+'Classified FTEs'!X49+'Classified FTEs'!Y49+'Classified FTEs'!AC49+'Classified FTEs'!AE49+'Classified FTEs'!AF49+'Classified FTEs'!AL49 -> 3.96 | M11: =SUM(C11:L11)+SUM('instruction-charters'!C11:N11) -> 112.91
A12: 74 | B12: American Preparatory Academy | C12: 0.58 | D12: ='Classified FTEs'!H50+'Classified FTEs'!K50 -> 0 | E12: ='Classified FTEs'!I50+'Classified FTEs'!L50+'Classified FTEs'!M50+'Classified FTEs'!N50+'Classified FTEs'!O50 -> 0 | F12: 1.3 | G12: ='Classified FTEs'!E50+'Classified FTEs'!F50+'Classified FTEs'!J50 -> 12.45 | H12: 0.36 | I12: ='Classified FTEs'!V50 -> 0 | J12: ='Classified FTEs'!AD50 -> 0 | K12: ='Classified FTEs'!D50 -> 0 | L12: ='Classified FTEs'!T50+'Classified FTEs'!U50+'Classified FTEs'!W50+'Classified FTEs'!X50+'Classified FTEs'!Y50+'Classified FTEs'!AC50+'Classified FTEs'!AE50+'Classified FTEs'!AF50+'Classified FTEs'!AL50 -> 1.95 | M12: =SUM(C12:L12)+SUM('instruction-charters'!C12:N12) -> 57.33
A13: 83 | B13: AMES | C13: 0 | D13: ='Classified FTEs'!H51+'Classified FTEs'!K51 -> 1 | E13: ='Classified FTEs'!I51+'Classified FTEs'!L51+'Classified FTEs'!M51+'Classified FTEs'!N51+'Classified FTEs'!O51 -> 0.13 | F13: 2 | G13: ='Classified FTEs'!E51+'Classified FTEs'!F51+'Classified FTEs'!J51 -> 1.5 | H13: 0 | I13: ='Classified FTEs'!V51 -> 0 | J13: ='Classified FTEs'!AD51 -> 0 | K13: ='Classified FTEs'!D51 -> 0 | L13: ='Classified FTEs'!T51+'Classified FTEs'!U51+'Classified FTEs'!W51+'Classified FTEs'!X51+'Classified FTEs'!Y51+'Classified FTEs'!AC51+'Classified FTEs'!AE51+'Classified FTEs'!AF51+'Classified FTEs'!AL51 -> 1.32 | M13: =SUM(C13:L13)+SUM('instruction-charters'!C13:N13) -> 32
A14: 3B | B14: BSTA | C14: 1 | D14: ='Classified FTEs'!H52+'Classified FTEs'!K52 -> 0 | E14: ='Classified FTEs'!I52+'Classified FTEs'!L52+'Classified FTEs'!M52+'Classified FTEs'!N52+'Classified FTEs'!O52 -> 0.1 | F14: 0 | G14: ='Classified FTEs'!E52+'Classified FTEs'!F52+'Classified FTEs'!J52 -> 2 | H14: 0 | I14: ='Classified FTEs'!V52 -> 0 | J14: ='Classified FTEs'!AD52 -> 0 | K14: ='Classified FTEs'!D52 -> 0 | L14: ='Classified FTEs'!T52+'Classified FTEs'!U52+'Classified FTEs'!W52+'Classified FTEs'!X52+'Classified FTEs'!Y52+'Classified FTEs'!AC52+'Classified FTEs'!AE52+'Classified FTEs'!AF52+'Classified FTEs'!AL52 -> 1 | M14: =SUM(C14:L14)+SUM('instruction-charters'!C14:N14) -> 18.97
A15: 9D | B15: Canyon Rim Academy | C15: 0 | D15: ='Classified FTEs'!H53+'Classified FTEs'!K53 -> 3 | E15: ='Classified FTEs'!I53+'Classified FTEs'!L53+'Classified FTEs'!M53+'Classified FTEs'!N53+'Classified FTEs'!O53 -> 0 | F15: 1 | G15: ='Classified FTEs'!E53+'Classified FTEs'!F53+'Classified FTEs'!J53 -> 2.21 | H15: 0.53 | I15: ='Classified FTEs'!V53 -> 0 | J15: ='Classified FTEs'!AD53 -> 0.76 | K15: ='Classified FTEs'!D53 -> 0 | L15: ='Classified FTEs'!T53+'Classified FTEs'!U53+'Classified FTEs'!W53+'Classified FTEs'!X53+'Classified FTEs'!Y53+'Classified FTEs'!AC53+'Classified FTEs'!AE53+'Classified FTEs'!AF53+'Classified FTEs'!AL53 -> 2.78 | M15: =SUM(C15:L15)+SUM('instruction-charters'!C15:N15) -> 39.93
A16: 84 | B16: CBA Center | C16: 0 | D16: ='Classified FTEs'!H54+'Classified FTEs'!K54 -> 0 | E16: ='Classified FTEs'!I54+'Classified FTEs'!L54+'Classified FTEs'!M54+'Classified FTEs'!N54+'Classified FTEs'!O54 -> 0 | F16: 0 | G16: ='Classified FTEs'!E54+'Classified FTEs'!F54+'Classified FTEs'!J54 -> 0 | H16: 0 | I16: ='Classified FTEs'!V54 -> 0 | J16: ='Classified FTEs'!AD54 -> 0 | K16: ='Classified FTEs'!D54 -> 0 | L16: ='Classified FTEs'!T54+'Classified FTEs'!U54+'Classified FTEs'!W54+'Classified FTEs'!X54+'Classified FTEs'!Y54+'Classified FTEs'!AC54+'Classified FTEs'!AE54+'Classified FTEs'!AF54+'Classified FTEs'!AL54 -> 0.78 | M16: =SUM(C16:L16)+SUM('instruction-charters'!C16:N16) -> 2.03
A17: 2D | B17: Channing Hall | C17: 0 | D17: ='Classified FTEs'!H55+'Classified FTEs'!K55 -> 1 | E17: ='Classified FTEs'!I55+'Classified FTEs'!L55+'Classified FTEs'!M55+'Classified FTEs'!N55+'Classified FTEs'!O55 -> 0.42 | F17: 1.11 | G17: ='Classified FTEs'!E55+'Classified FTEs'!F55+'Classified FTEs'!J55 -> 2 | H17: 0.5 | I17: ='Classified FTEs'!V55 -> 0 | J17: ='Classified FTEs'!AD55 -> 0 | K17: ='Classified FTEs'!D55 -> 0 | L17: ='Classified FTEs'!T55+'Classified FTEs'!U55+'Classified FTEs'!W55+'Classified FTEs'!X55+'Classified FTEs'!Y55+'Classified FTEs'!AC55+'Classified FTEs'!AE55+'Classified FTEs'!AF55+'Classified FTEs'!AL55 -> 2.92 | M17: =SUM(C17:L17)+SUM('instruction-charters'!C17:N17) -> 49.47
A18: 87 | B18: City Academy | C18: 0 | D18: ='Classified FTEs'!H56+'Classified FTEs'!K56 -> 0.5 | E18: ='Classified FTEs'!I56+'Classified FTEs'!L56+'Classified FTEs'!M56+'Classified FTEs'!N56+'Classified FTEs'!O56 -> 0.22 | F18: 0.56 | G18: ='Classified FTEs'!E56+'Classified FTEs'!F56+'Classified FTEs'!J56 -> 1 | H18: 0 | I18: ='Classified FTEs'!V56 -> 0 | J18: ='Classified FTEs'!AD56 -> 0 | K18: ='Classified FTEs'!D56 -> 0 | L18: ='Classified FTEs'!T56+'Classified FTEs'!U56+'Classified FTEs'!W56+'Classified FTEs'!X56+'Classified FTEs'!Y56+'Classified FTEs'!AC56+'Classified FTEs'!AE56+'Classified FTEs'!AF56+'Classified FTEs'!AL56 -> 1.97 | M18: =SUM(C18:L18)+SUM('instruction-charters'!C18:N18) -> 28.5
A19: 3E | B19: C.S. Lewis Academy | C19: 0 | D19: ='Classified FTEs'!H57+'Classified FTEs'!K57 -> 0 | E19: ='Classified FTEs'!I57+'Classified FTEs'!L57+'Classified FTEs'!M57+'Classified FTEs'!N57+'Classified FTEs'!O57 -> 0 | F19: 1 | G19: ='Classified FTEs'!E57+'Classified FTEs'!F57+'Classified FTEs'!J57 -> 1 | H19: 0 | I19: ='Classified FTEs'!V57 -> 0 | J19: ='Classified FTEs'!AD57 -> 0 | K19: ='Classified FTEs'!D57 -> 0 | L19: ='Classified FTEs'!T57+'Classified FTEs'!U57+'Classified FTEs'!W57+'Classified FTEs'!X57+'Classified FTEs'!Y57+'Classified FTEs'!AC57+'Classified FTEs'!AE57+'Classified FTEs'!AF57+'Classified FTEs'!AL57 -> 1 | M19: =SUM(C19:L19)+SUM('instruction-charters'!C19:N19) -> 24.5
A20: A3 | B20: DaVinci Academy | C20: 0 | D20: ='Classified FTEs'!H58+'Classified FTEs'!K58 -> 1 | E20: ='Classified FTEs'!I58+'Classified FTEs'!L58+'Classified FTEs'!M58+'Classified FTEs'!N58+'Classified FTEs'!O58 -> 1 | F20: 1.86 | G20: ='Classified FTEs'!E58+'Classified FTEs'!F58+'Classified FTEs'!J58 -> 2 | H20: 0 | I20: ='Classified FTEs'!V58 -> 0 | J20: ='Classified FTEs'!AD58 -> 1 | K20: ='Classified FTEs'!D58 -> 1 | L20: ='Classified FTEs'!T58+'Classified FTEs'!U58+'Classified FTEs'!W58+'Classified FTEs'!X58+'Classified FTEs'!Y58+'Classified FTEs'!AC58+'Classified FTEs'!AE58+'Classified FTEs'!AF58+'Classified FTEs'!AL58 -> 2.3 | M20: =SUM(C20:L20)+SUM('instruction-charters'!C20:N20) -> 31.75
A21: 4E | B21: Dual Immersion Academy | C21: 1 | D21: ='Classified FTEs'!H59+'Classified FTEs'!K59 -> 2 | E21: ='Classified FTEs'!I59+'Classified FTEs'!L59+'Classified FTEs'!M59+'Classified FTEs'!N59+'Classified FTEs'!O59 -> 3 | F21: 0 | G21: ='Classified FTEs'!E59+'Classified FTEs'!F59+'Classified FTEs'!J59 -> 0 | H21: 0 | I21: ='Classified FTEs'!V59 -> 0 | J21: ='Classified FTEs'!AD59 -> 0 | K21: ='Classified FTEs'!D59 -> 0 | L21: ='Classified FTEs'!T59+'Classified FTEs'!U59+'Classified FTEs'!W59+'Classified FTEs'!X59+'Classified FTEs'!Y59+'Classified FTEs'!AC59+'Classified FTEs'!AE59+'Classified FTEs'!AF59+'Classified FTEs'!AL59 -> 6 | M21: =SUM(C21:L21)+SUM('instruction-charters'!C21:N21) -> 32
A22: A8 | B22: East Hollywood High | C22: 0 | D22: ='Classified FTEs'!H60+'Classified FTEs'!K60 -> 1.6 | E22: ='Classified FTEs'!I60+'Classified FTEs'!L60+'Classified FTEs'!M60+'Classified FTEs'!N60+'Classified FTEs'!O60 -> 0 | F22: 0 | G22: ='Classified FTEs'!E60+'Classified FTEs'!F60+'Classified FTEs'!J60 -> 2 | H22: 0 | I22: ='Classified FTEs'!V60 -> 0 | J22: ='Classified FTEs'!AD60 -> 0 | K22: ='Classified FTEs'!D60 -> 0 | L22: ='Classified FTEs'!T60+'Classified FTEs'!U60+'Classified FTEs'!W60+'Classified FTEs'!X60+'Classified FTEs'!Y60+'Classified FTEs'!AC60+'Classified FTEs'!AE60+'Classified FTEs'!AF60+'Classified FTEs'!AL60 -> 2.7 | M22: =SUM(C22:L22)+SUM('instruction-charters'!C22:N22) -> 29.08
A23: 5E | B23: Edith Bowen Lab School | C23: 0 | D23: ='Classified FTEs'!H61+'Classified FTEs'!K61 -> 0 | E23: ='Classified FTEs'!I61+'Classified FTEs'!L61+'Classified FTEs'!M61+'Classified FTEs'!N61+'Classified FTEs'!O61 -> 1 | F23: 1 | G23: ='Classified FTEs'!E61+'Classified FTEs'!F61+'Classified FTEs'!J61 -> 1.78 | H23: 0.54 | I23: ='Classified FTEs'!V61 -> 0 | J23: ='Classified FTEs'!AD61 -> 1 | K23: ='Classified FTEs'!D61 -> 0 | L23: ='Classified FTEs'!T61+'Classified FTEs'!U61+'Classified FTEs'!W61+'Classified FTEs'!X61+'Classified FTEs'!Y61+'Classified FTEs'!AC61+'Classified FTEs'!AE61+'Classified FTEs'!AF61+'Classified FTEs'!AL61 -> 0.5 | M23: =SUM(C23:L23)+SUM('instruction-charters'!C23:N23) -> 24.3
A24: 3C | B24: Entheos Academy | C24: 0 | D24: ='Classified FTEs'!H62+'Classified FTEs'!K62 -> 0 | E24: ='Classified FTEs'!I62+'Classified FTEs'!L62+'Classified FTEs'!M62+'Classified FTEs'!N62+'Classified FTEs'!O62 -> 0.4 | F24: 1 | G24: ='Classified FTEs'!E62+'Classified FTEs'!F62+'Classified FTEs'!J62 -> 1.7 | H24: 0 | I24: ='Classified FTEs'!V62 -> 0 | J24: ='Classified FTEs'!AD62 -> 0 | K24: ='Classified FTEs'!D62 -> 0 | L24: ='Classified FTEs'!T62+'Classified FTEs'!U62+'Classified FTEs'!W62+'Classified FTEs'!X62+'Classified FTEs'!Y62+'Classified FTEs'!AC62+'Classified FTEs'!AE62+'Classified FTEs'!AF62+'Classified FTEs'!AL62 -> 3 | M24: =SUM(C24:L24)+SUM('instruction-charters'!C24:N24) -> 31.43
A25: 98 | B25: Fast Forward High | C25: 0 | D25: ='Classified FTEs'!H63+'Classified FTEs'!K63 -> 1 | E25: ='Classified FTEs'!I63+'Classified FTEs'!L63+'Classified FTEs'!M63+'Classified FTEs'!N63+'Classified FTEs'!O63 -> 2 | F25: 0.9 | G25: ='Classified FTEs'!E63+'Classified FTEs'!F63+'Classified FTEs'!J63 -> 0 | H25: 0 | I25: ='Classified FTEs'!V63 -> 0 | J25: ='Classified FTEs'!AD63 -> 0 | K25: ='Classified FTEs'!D63 -> 0 | L25: ='Classified FTEs'!T63+'Classified FTEs'!U63+'Classified FTEs'!W63+'Classified FTEs'!X63+'Classified FTEs'!Y63+'Classified FTEs'!AC63+'Classified FTEs'!AE63+'Classified FTEs'!AF63+'Classified FTEs'!AL63 -> 1 | M25: =SUM(C25:L25)+SUM('instruction-charters'!C25:N25) -> 23
A26: 82 | B26: Freedom Academy | C26: 0 | D26: ='Classified FTEs'!H64+'Classified FTEs'!K64 -> 1 | E26: ='Classified FTEs'!I64+'Classified FTEs'!L64+'Classified FTEs'!M64+'Classified FTEs'!N64+'Classified FTEs'!O64 -> 0.5 | F26: 2 | G26: ='Classified FTEs'!E64+'Classified FTEs'!F64+'Classified FTEs'!J64 -> 2 | H26: 0.25 | I26: ='Classified FTEs'!V64 -> 0 | J26: ='Classified FTEs'!AD64 -> 0 | K26: ='Classified FTEs'!D64 -> 0 | L26: ='Classified FTEs'!T64+'Classified FTEs'!U64+'Classified FTEs'!W64+'Classified FTEs'!X64+'Classified FTEs'!Y64+'Classified FTEs'!AC64+'Classified FTEs'!AE64+'Classified FTEs'!AF64+'Classified FTEs'!AL64 -> 8.69 | M26: =SUM(C26:L26)+SUM('instruction-charters'!C26:N26) -> 56.31
A27: 7E | B27: Gateway Preparatory Academy | C27: 0 | D27: ='Classified FTEs'!H65+'Classified FTEs'!K65 -> 0 | E27: ='Classified FTEs'!I65+'Classified FTEs'!L65+'Classified FTEs'!M65+'Classified FTEs'!N65+'Classified FTEs'!O65 -> 2 | F27: 1 | G27: ='Classified FTEs'!E65+'Classified FTEs'!F65+'Classified FTEs'!J65 -> 0 | H27: 0 | I27: ='Classified FTEs'!V65 -> 0 | J27: ='Classified FTEs'!AD65 -> 0 | K27: ='Classified FTEs'!D65 -> 0.79 | L27: ='Classified FTEs'!T65+'Classified FTEs'!U65+'Classified FTEs'!W65+'Classified FTEs'!X65+'Classified FTEs'!Y65+'Classified FTEs'!AC65+'Classified FTEs'!AE65+'Classified FTEs'!AF65+'Classified FTEs'!AL65 -> 1.96 | M27: =SUM(C27:L27)+SUM('instruction-charters'!C27:N27) -> 56.68
A28: 5D | B28: George Washington Academy | C28: 0 | D28: ='Classified FTEs'!H66+'Classified FTEs'!K66 -> 0 | E28: ='Classified FTEs'!I66+'Classified FTEs'!L66+'Classified FTEs'!M66+'Classified FTEs'!N66+'Classified FTEs'!O66 -> 1.09 | F28: 1.3 | G28: ='Classified FTEs'!E66+'Classified FTEs'!F66+'Classified FTEs'!J66 -> 0.13 | H28: 0 | I28: ='Classified FTEs'!V66 -> 0 | J28: ='Classified FTEs'!AD66 -> 0 | K28: ='Classified FTEs'!D66 -> 0 | L28: ='Classified FTEs'!T66+'Classified FTEs'!U66+'Classified FTEs'!W66+'Classified FTEs'!X66+'Classified FTEs'!Y66+'Classified FTEs'!AC66+'Classified FTEs'!AE66+'Classified FTEs'!AF66+'Classified FTEs'!AL66 -> 1 | M28: =SUM(C28:L28)+SUM('instruction-charters'!C28:N28) -> 29.15
A29: 1E | B29: Guadalupe School | C29: 0 | D29: ='Classified FTEs'!H67+'Classified FTEs'!K67 -> 0.83 | E29: ='Classified FTEs'!I67+'Classified FTEs'!L67+'Classified FTEs'!M67+'Classified FTEs'!N67+'Classified FTEs'!O67 -> 0.75 | F29: 1 | G29: ='Classified FTEs'!E67+'Classified FTEs'!F67+'Classified FTEs'!J67 -> 1.25 | H29: 0 | I29: ='Classified FTEs'!V67 -> 0 | J29: ='Classified FTEs'!AD67 -> 0 | K29: ='Classified FTEs'!D67 -> 0 | L29: ='Classified FTEs'!T67+'Classified FTEs'!U67+'Classified FTEs'!W67+'Classified FTEs'!X67+'Classified FTEs'!Y67+'Classified FTEs'!AC67+'Classified FTEs'!AE67+'Classified FTEs'!AF67+'Classified FTEs'!AL67 -> 2.88 | M29: =SUM(C29:L29)+SUM('instruction-charters'!C29:N29) -> 15.61
A30: 2C | B30: Intech Collegiate High | C30: 0 | D30: ='Classified FTEs'!H68+'Classified FTEs'!K68 -> 0.3 | E30: ='Classified FTEs'!I68+'Classified FTEs'!L68+'Classified FTEs'!M68+'Classified FTEs'!N68+'Classified FTEs'!O68 -> 0 | F30: 1 | G30: ='Classified FTEs'!E68+'Classified FTEs'!F68+'Classified FTEs'!J68 -> 0.69 | H30: 0 | I30: ='Classified FTEs'!V68 -> 0 | J30: ='Classified FTEs'!AD68 -> 0 | K30: ='Classified FTEs'!D68 -> 0 | L30: ='Classified FTEs'!T68+'Classified FTEs'!U68+'Classified FTEs'!W68+'Classified FTEs'!X68+'Classified FTEs'!Y68+'Classified FTEs'!AC68+'Classified FTEs'!AE68+'Classified FTEs'!AF68+'Classified FTEs'!AL68 -> 1.06 | M30: =SUM(C30:L30)+SUM('instruction-charters'!C30:N30) -> 11.92
A31: A5 | B31: Itineris Early College High | C31: 0 | D31: ='Classified FTEs'!H69+'Classified FTEs'!K69 -> 0 | E31: ='Classified FTEs'!I69+'Classified FTEs'!L69+'Classified FTEs'!M69+'Classified FTEs'!N69+'Classified FTEs'!O69 -> 0 | F31: 1 | G31: ='Classified FTEs'!E69+'Classified FTEs'!F69+'Classified FTEs'!J69 -> 3 | H31: 0 | I31: ='Classified FTEs'!V69 -> 0 | J31: ='Classified FTEs'!AD69 -> 0 | K31: ='Classified FTEs'!D69 -> 0 | L31: ='Classified FTEs'!T69+'Classified FTEs'!U69+'Classified FTEs'!W69+'Classified FTEs'!X69+'Classified FTEs'!Y69+'Classified FTEs'!AC69+'Classified FTEs'!AE69+'Classified FTEs'!AF69+'Classified FTEs'!AL69 -> 0 | M31: =SUM(C31:L31)+SUM('instruction-charters'!C31:N31) -> 16.38
A32: 93 | B32: John Hancock | C32: 0 | D32: ='Classified FTEs'!H70+'Classified FTEs'!K70 -> 1 | E32: ='Classified FTEs'!I70+'Classified FTEs'!L70+'Classified FTEs'!M70+'Classified FTEs'!N70+'Classified FTEs'!O70 -> 0 | F32: 1 | G32: ='Classified FTEs'!E70+'Classified FTEs'!F70+'Classified FTEs'!J70 -> 1 | H32: 0.04 | I32: ='Classified FTEs'!V70 -> 0 | J32: ='Classified FTEs'!AD70 -> 0 | K32: ='Classified FTEs'!D70 -> 0 | L32: ='Classified FTEs'!T70+'Classified FTEs'!U70+'Classified FTEs'!W70+'Classified FTEs'!X70+'Classified FTEs'!Y70+'Classified FTEs'!AC70+'Classified FTEs'!AE70+'Classified FTEs'!AF70+'Classified FTEs'!AL70 -> 0 | M32: =SUM(C32:L32)+SUM('instruction-charters'!C32:N32) -> 20.3
A33: 2E | B33: Karl G. Maeser Prep Academy | C33: 0 | D33: ='Classified FTEs'!H71+'Classified FTEs'!K71 -> 0 | E33: ='Classified FTEs'!I71+'Classified FTEs'!L71+'Classified FTEs'!M71+'Classified FTEs'!N71+'Classified FTEs'!O71 -> 0.85 | F33: 0.9 | G33: ='Classified FTEs'!E71+'Classified FTEs'!F71+'Classified FTEs'!J71 -> 1.8 | H33: 0 | I33: ='Classified FTEs'!V71 -> 0 | J33: ='Classified FTEs'!AD71 -> 0 | K33: ='Classified FTEs'!D71 -> 0 | L33: ='Classified FTEs'!T71+'Classified FTEs'!U71+'Classified FTEs'!W71+'Classified FTEs'!X71+'Classified FTEs'!Y71+'Classified FTEs'!AC71+'Classified FTEs'!AE71+'Classified FTEs'!AF71+'Classified FTEs'!AL71 -> 0 | M33: =SUM(C33:L33)+SUM('instruction-charters'!C33:N33) -> 18.62
A34: 4C | B34: Lakeview Academy | C34: 0 | D34: ='Classified FTEs'!H72+'Classified FTEs'!K72 -> 2 | E34: ='Classified FTEs'!I72+'Classified FTEs'!L72+'Classified FTEs'!M72+'Classified FTEs'!N72+'Classified FTEs'!O72 -> 0 | F34: 2 | G34: ='Classified FTEs'!E72+'Classified FTEs'!F72+'Classified FTEs'!J72 -> 2.5 | H34: 0 | I34: ='Classified FTEs'!V72 -> 0 | J34: ='Classified FTEs'!AD72 -> 0 | K34: ='Classified FTEs'!D72 -> 0 | L34: ='Classified FTEs'!T72+'Classified FTEs'!U72+'Classified FTEs'!W72+'Classified FTEs'!X72+'Classified FTEs'!Y72+'Classified FTEs'!AC72+'Classified FTEs'!AE72+'Classified FTEs'!AF72+'Classified FTEs'!AL72 -> 5 | M34: =SUM(C34:L34)+SUM('instruction-charters'!C34:N34) -> 68.48
A35: 5C | B35: Legacy Prep Academy | C35: 0.14 | D35: ='Classified FTEs'!H73+'Classified FTEs'!K73 -> 4 | E35: ='Classified FTEs'!I73+'Classified FTEs'!L73+'Classified FTEs'!M73+'Classified FTEs'!N73+'Classified FTEs'!O73 -> 4 | F35: 1 | G35: ='Classified FTEs'!E73+'Classified FTEs'!F73+'Classified FTEs'!J73 -> 1 | H35: 0 | I35: ='Classified FTEs'!V73 -> 0 | J35: ='Classified FTEs'!AD73 -> 0 | K35: ='Classified FTEs'!D73 -> 0 | L35: ='Classified FTEs'!T73+'Classified FTEs'!U73+'Classified FTEs'!W73+'Classified FTEs'!X73+'Classified FTEs'!Y73+'Classified FTEs'!AC73+'Classified FTEs'!AE73+'Classified FTEs'!AF73+'Classified FTEs'!AL73 -> 3.4 | M35: =SUM(C35:L35)+SUM('instruction-charters'!C35:N35) -> 59.91
A36: 6C | B36: Liberty Academy | C36: 0 | D36: ='Classified FTEs'!H74+'Classified FTEs'!K74 -> 0.5 | E36: ='Classified FTEs'!I74+'Classified FTEs'!L74+'Classified FTEs'!M74+'Classified FTEs'!N74+'Classified FTEs'!O74 -> 0 | F36: 0.5 | G36: ='Classified FTEs'!E74+'Classified FTEs'!F74+'Classified FTEs'!J74 -> 2 | H36: 0 | I36: ='Classified FTEs'!V74 -> 0 | J36: ='Classified FTEs'!AD74 -> 0 | K36: ='Classified FTEs'!D74 -> 0 | L36: ='Classified FTEs'!T74+'Classified FTEs'!U74+'Classified FTEs'!W74+'Classified FTEs'!X74+'Classified FTEs'!Y74+'Classified FTEs'!AC74+'Classified FTEs'!AE74+'Classified FTEs'!AF74+'Classified FTEs'!AL74 -> 1 | M36: =SUM(C36:L36)+SUM('instruction-charters'!C36:N36) -> 29.95
A37: 2B | B37: Lincoln Academy | C37: 0.5 | D37: ='Classified FTEs'!H75+'Classified FTEs'!K75 -> 1 | E37: ='Classified FTEs'!I75+'Classified FTEs'!L75+'Classified FTEs'!M75+'Classified FTEs'!N75+'Classified FTEs'!O75 -> 1.2 | F37: 1 | G37: ='Classified FTEs'!E75+'Classified FTEs'!F75+'Classified FTEs'!J75 -> 1.9 | H37: 0.44 | I37: ='Classified FTEs'!V75 -> 0 | J37: ='Classified FTEs'!AD75 -> 0 | K37: ='Classified FTEs'!D75 -> 0 | L37: ='Classified FTEs'!T75+'Classified FTEs'!U75+'Classified FTEs'!W75+'Classified FTEs'!X75+'Classified FTEs'!Y75+'Classified FTEs'!AC75+'Classified FTEs'!AE75+'Classified FTEs'!AF75+'Classified FTEs'!AL75 -> 0 | M37: =SUM(C37:L37)+SUM('instruction-charters'!C37:N37) -> 50.38
A38: 8E | B38: Merit College Prep Academy | C38: 0 | D38: ='Classified FTEs'!H76+'Classified FTEs'!K76 -> 0 | E38: ='Classified FTEs'!I76+'Classified FTEs'!L76+'Classified FTEs'!M76+'Classified FTEs'!N76+'Classified FTEs'!O76 -> 0 | F38: 0 | G38: ='Classified FTEs'!E76+'Classified FTEs'!F76+'Classified FTEs'!J76 -> 0 | H38: 0 | I38: ='Classified FTEs'!V76 -> 0 | J38: ='Classified FTEs'!AD76 -> 0 | K38: ='Classified FTEs'!D76 -> 0 | L38: ='Classified FTEs'!T76+'Classified FTEs'!U76+'Classified FTEs'!W76+'Classified FTEs'!X76+'Classified FTEs'!Y76+'Classified FTEs'!AC76+'Classified FTEs'!AE76+'Classified FTEs'!AF76+'Classified FTEs'!AL76 -> 0 | M38: =SUM(C38:L38)+SUM('instruction-charters'!C38:N38) -> 21.25
A39: A7 | B39: Moab Community School | C39: 0 | D39: ='Classified FTEs'!H77+'Classified FTEs'!K77 -> 0 | E39: ='Classified FTEs'!I77+'Classified FTEs'!L77+'Classified FTEs'!M77+'Classified FTEs'!N77+'Classified FTEs'!O77 -> 1.5 | F39: 1 | G39: ='Classified FTEs'!E77+'Classified FTEs'!F77+'Classified FTEs'!J77 -> 0 | H39: 0 | I39: ='Classified FTEs'!V77 -> 0 | J39: ='Classified FTEs'!AD77 -> 0 | K39: ='Classified FTEs'!D77 -> 0 | L39: ='Classified FTEs'!T77+'Classified FTEs'!U77+'Classified FTEs'!W77+'Classified FTEs'!X77+'Classified FTEs'!Y77+'Classified FTEs'!AC77+'Classified FTEs'!AE77+'Classified FTEs'!AF77+'Classified FTEs'!AL77 -> 0.88 | M39: =SUM(C39:L39)+SUM('instruction-charters'!C39:N39) -> 9.5
A40: 7C | B40: Monticello Academy | C40: 0 | D40: ='Classified FTEs'!H78+'Classified FTEs'!K78 -> 1 | E40: ='Classified FTEs'!I78+'Classified FTEs'!L78+'Classified FTEs'!M78+'Classified FTEs'!N78+'Classified FTEs'!O78 -> 0 | F40: 0.32 | G40: ='Classified FTEs'!E78+'Classified FTEs'!F78+'Classified FTEs'!J78 -> 2.9 | H40: 0 | I40: ='Classified FTEs'!V78 -> 0 | J40: ='Classified FTEs'!AD78 -> 1 | K40: ='Classified FTEs'!D78 -> 0 | L40: ='Classified FTEs'!T78+'Classified FTEs'!U78+'Classified FTEs'!W78+'Classified FTEs'!X78+'Classified FTEs'!Y78+'Classified FTEs'!AC78+'Classified FTEs'!AE78+'Classified FTEs'!AF78+'Classified FTEs'!AL78 -> 5.91 | M40: =SUM(C40:L40)+SUM('instruction-charters'!C40:N40) -> 50.68
A41: 8C | B41: Mountainville Academy | C41: 0.36 | D41: ='Classified FTEs'!H79+'Classified FTEs'!K79 -> 0 | E41: ='Classified FTEs'!I79+'Classified FTEs'!L79+'Classified FTEs'!M79+'Classified FTEs'!N79+'Classified FTEs'!O79 -> 1 | F41: 0 | G41: ='Classified FTEs'!E79+'Classified FTEs'!F79+'Classified FTEs'!J79 -> 2.5 | H41: 0 | I41: ='Classified FTEs'!V79 -> 0 | J41: ='Classified FTEs'!AD79 -> 0 | K41: ='Classified FTEs'!D79 -> 0 | L41: ='Classified FTEs'!T79+'Classified FTEs'!U79+'Classified FTEs'!W79+'Classified FTEs'!X79+'Classified FTEs'!Y79+'Classified FTEs'!AC79+'Classified FTEs'!AE79+'Classified FTEs'!AF79+'Classified FTEs'!AL79 -> 3 | M41: =SUM(C41:L41)+SUM('instruction-charters'!C41:N41) -> 42.03
A42: 9B | B42: Navigator Pointe Academy | C42: 0.94 | D42: ='Classified FTEs'!H80+'Classified FTEs'!K80 -> 0 | E42: ='Classified FTEs'!I80+'Classified FTEs'!L80+'Classified FTEs'!M80+'Classified FTEs'!N80+'Classified FTEs'!O80 -> 0 | F42: 1 | G42: ='Classified FTEs'!E80+'Classified FTEs'!F80+'Classified FTEs'!J80 -> 1.74 | H42: 0.4 | I42: ='Classified FTEs'!V80 -> 0 | J42: ='Classified FTEs'!AD80 -> 0 | K42: ='Classified FTEs'!D80 -> 3.18 | L42: ='Classified FTEs'!T80+'Classified FTEs'!U80+'Classified FTEs'!W80+'Classified FTEs'!X80+'Classified FTEs'!Y80+'Classified FTEs'!AC80+'Classified FTEs'!AE80+'Classified FTEs'!AF80+'Classified FTEs'!AL80 -> 1.94 | M42: =SUM(C42:L42)+SUM('instruction-charters'!C42:N42) -> 48.86
A43: 6D | B43: Noah Webster Academy | C43: 0 | D43: ='Classified FTEs'!H81+'Classified FTEs'!K81 -> 0.7 | E43: ='Classified FTEs'!I81+'Classified FTEs'!L81+'Classified FTEs'!M81+'Classified FTEs'!N81+'Classified FTEs'!O81 -> 0 | F43: 1 | G43: ='Classified FTEs'!E81+'Classified FTEs'!F81+'Classified FTEs'!J81 -> 2.6 | H43: 0.31 | I43: ='Classified FTEs'!V81 -> 0 | J43: ='Classified FTEs'!AD81 -> 0.2 | K43: ='Classified FTEs'!D81 -> 0.1 | L43: ='Classified FTEs'!T81+'Classified FTEs'!U81+'Classified FTEs'!W81+'Classified FTEs'!X81+'Classified FTEs'!Y81+'Classified FTEs'!AC81+'Classified FTEs'!AE81+'Classified FTEs'!AF81+'Classified FTEs'!AL81 -> 0 | M43: =SUM(C43:L43)+SUM('instruction-charters'!C43:N43) -> 36.34
A44: A6 | B44: North Davis Prep Academy | C44: 0 | D44: ='Classified FTEs'!H82+'Classified FTEs'!K82 -> 0 | E44: ='Classified FTEs'!I82+'Classified FTEs'!L82+'Classified FTEs'!M82+'Classified FTEs'!N82+'Classified FTEs'!O82 -> 0 | F44: 2 | G44: ='Classified FTEs'!E82+'Classified FTEs'!F82+'Classified FTEs'!J82 -> 3.53 | H44: 0 | I44: ='Classified FTEs'!V82 -> 0 | J44: ='Classified FTEs'!AD82 -> 1 | K44: ='Classified FTEs'!D82 -> 0 | L44: ='Classified FTEs'!T82+'Classified FTEs'!U82+'Classified FTEs'!W82+'Classified FTEs'!X82+'Classified FTEs'!Y82+'Classified FTEs'!AC82+'Classified FTEs'!AE82+'Classified FTEs'!AF82+'Classified FTEs'!AL82 -> 7.28 | M44: =SUM(C44:L44)+SUM('instruction-charters'!C44:N44) -> 58.12
... A47: 1C | B47: Odyssey | C47: 0 | D47: ='Classified FTEs'!H85+'Classified FTEs'!K85 -> 1 | E47: ='Classified FTEs'!I85+'Classified FTEs'!L85+'Classified FTEs'!M85+'Classified FTEs'!N85+'Classified FTEs'!O85 -> 0 | F47: 0 | G47: ='Classified FTEs'!E85+'Classified FTEs'!F85+'Classified FTEs'!J85 -> 2 | H47: 0 | I47: ='Classified FTEs'!V85 -> 0 | J47: ='Classified FTEs'!AD85 -> 0 | K47: ='Classified FTEs'!D85 -> 0 | L47: ='Classified FTEs'!T85+'Classified FTEs'!U85+'Classified FTEs'!W85+'Classified FTEs'!X85+'Classified FTEs'!Y85+'Classified FTEs'!AC85+'Classified FTEs'!AE85+'Classified FTEs'!AF85+'Classified FTEs'!AL85 -> 2.2 | M47: =SUM(C47:L47)+SUM('instruction-charters'!C47:N47) -> 34.7
A48: 68 | B48: Ogden Prep Academy | C48: 1 | D48: ='Classified FTEs'!H86+'Classified FTEs'!K86 -> 0 | E48: ='Classified FTEs'!I86+'Classified FTEs'!L86+'Classified FTEs'!M86+'Classified FTEs'!N86+'Classified FTEs'!O86 -> 0 | F48: 1.8 | G48: ='Classified FTEs'!E86+'Classified FTEs'!F86+'Classified FTEs'!J86 -> 2.67 | H48: 0.18 | I48: ='Classified FTEs'!V86 -> 0 | J48: ='Classified FTEs'!AD86 -> 1 | K48: ='Classified FTEs'!D86 -> 0 | L48: ='Classified FTEs'!T86+'Classified FTEs'!U86+'Classified FTEs'!W86+'Classified FTEs'!X86+'Classified FTEs'!Y86+'Classified FTEs'!AC86+'Classified FTEs'!AE86+'Classified FTEs'!AF86+'Classified FTEs'!AL86 -> 2.39 | M48: =SUM(C48:L48)+SUM('instruction-charters'!C48:N48) -> 51.16
A49: 8D | B49: Open Classroom | C49: 0 | D49: ='Classified FTEs'!H87+'Classified FTEs'!K87 -> 0 | E49: ='Classified FTEs'!I87+'Classified FTEs'!L87+'Classified FTEs'!M87+'Classified FTEs'!N87+'Classified FTEs'!O87 -> 0 | F49: 1 | G49: ='Classified FTEs'!E87+'Classified FTEs'!F87+'Classified FTEs'!J87 -> 1.4 | H49: 0 | I49: ='Classified FTEs'!V87 -> 0 | J49: ='Classified FTEs'!AD87 -> 0 | K49: ='Classified FTEs'!D87 -> 0 | L49: ='Classified FTEs'!T87+'Classified FTEs'!U87+'Classified FTEs'!W87+'Classified FTEs'!X87+'Classified FTEs'!Y87+'Classified FTEs'!AC87+'Classified FTEs'!AE87+'Classified FTEs'!AF87+'Classified FTEs'!AL87 -> 4.95 | M49: =SUM(C49:L49)+SUM('instruction-charters'!C49:N49) -> 30.35
A50: 9C | B50: Paradigm High School | C50: 1.1 | D50: ='Classified FTEs'!H88+'Classified FTEs'!K88 -> 0 | E50: ='Classified FTEs'!I88+'Classified FTEs'!L88+'Classified FTEs'!M88+'Classified FTEs'!N88+'Classified FTEs'!O88 -> 1.67 | F50: 0.9 | G50: ='Classified FTEs'!E88+'Classified FTEs'!F88+'Classified FTEs'!J88 -> 2.33 | H50: 0 | I50: ='Classified FTEs'!V88 -> 0 | J50: ='Classified FTEs'!AD88 -> 0 | K50: ='Classified FTEs'!D88 -> 0 | L50: ='Classified FTEs'!T88+'Classified FTEs'!U88+'Classified FTEs'!W88+'Classified FTEs'!X88+'Classified FTEs'!Y88+'Classified FTEs'!AC88+'Classified FTEs'!AE88+'Classified FTEs'!AF88+'Classified FTEs'!AL88 -> 1 | M50: =SUM(C50:L50)+SUM('instruction-charters'!C50:N50) -> 34.77
A51: 86 | B51: Pinnacle Canyon Academy | C51: 2.1 | D51: ='Classified FTEs'!H89+'Classified FTEs'!K89 -> 1 | E51: ='Classified FTEs'!I89+'Classified FTEs'!L89+'Classified FTEs'!M89+'Classified FTEs'!N89+'Classified FTEs'!O89 -> 0.8 | F51: 1.16 | G51: ='Classified FTEs'!E89+'Classified FTEs'!F89+'Classified FTEs'!J89 -> 1.22 | H51: 1.92 | I51: ='Classified FTEs'!V89 -> 0 | J51: ='Classified FTEs'!AD89 -> 0 | K51: ='Classified FTEs'!D89 -> 0 | L51: ='Classified FTEs'!T89+'Classified FTEs'!U89+'Classified FTEs'!W89+'Classified FTEs'!X89+'Classified FTEs'!Y89+'Classified FTEs'!AC89+'Classified FTEs'!AE89+'Classified FTEs'!AF89+'Classified FTEs'!AL89 -> 7.66 | M51: =SUM(C51:L51)+SUM('instruction-charters'!C51:N51) -> 68.46
A52: 9E | B52: Providence Hall | C52: 0 | D52: ='Classified FTEs'!H90+'Classified FTEs'!K90 -> 0.63 | E52: ='Classified FTEs'!I90+'Classified FTEs'!L90+'Classified FTEs'!M90+'Classified FTEs'!N90+'Classified FTEs'!O90 -> 1.84 | F52: 1 | G52: ='Classified FTEs'!E90+'Classified FTEs'!F90+'Classified FTEs'!J90 -> 0 | H52: 0 | I52: ='Classified FTEs'!V90 -> 0 | J52: ='Classified FTEs'!AD90 -> 0 | K52: ='Classified FTEs'!D90 -> 0 | L52: ='Classified FTEs'!T90+'Classified FTEs'!U90+'Classified FTEs'!W90+'Classified FTEs'!X90+'Classified FTEs'!Y90+'Classified FTEs'!AC90+'Classified FTEs'!AE90+'Classified FTEs'!AF90+'Classified FTEs'!AL90 -> 2.12 | M52: =SUM(C52:L52)+SUM('instruction-charters'!C52:N52) -> 49.69
A53: 1F | B53: Quest Academy | C53: 0 | D53: ='Classified FTEs'!H91+'Classified FTEs'!K91 -> 0 | E53: ='Classified FTEs'!I91+'Classified FTEs'!L91+'Classified FTEs'!M91+'Classified FTEs'!N91+'Classified FTEs'!O91 -> 0 | F53: 1.25 | G53: ='Classified FTEs'!E91+'Classified FTEs'!F91+'Classified FTEs'!J91 -> 2.03 | H53: 0 | I53: ='Classified FTEs'!V91 -> 0 | J53: ='Classified FTEs'!AD91 -> 1 | K53: ='Classified FTEs'!D91 -> 0 | L53: ='Classified FTEs'!T91+'Classified FTEs'!U91+'Classified FTEs'!W91+'Classified FTEs'!X91+'Classified FTEs'!Y91+'Classified FTEs'!AC91+'Classified FTEs'!AE91+'Classified FTEs'!AF91+'Classified FTEs'!AL91 -> 2.28 | M53: =SUM(C53:L53)+SUM('instruction-charters'!C53:N53) -> 29.17
A54: A2 | B54: Ranches Academy | C54: 0 | D54: ='Classified FTEs'!H92+'Classified FTEs'!K92 -> 2 | E54: ='Classified FTEs'!I92+'Classified FTEs'!L92+'Classified FTEs'!M92+'Classified FTEs'!N92+'Classified FTEs'!O92 -> 0 | F54: 0.75 | G54: ='Classified FTEs'!E92+'Classified FTEs'!F92+'Classified FTEs'!J92 -> 1 | H54: 0 | I54: ='Classified FTEs'!V92 -> 0 | J54: ='Classified FTEs'!AD92 -> 0 | K54: ='Classified FTEs'!D92 -> 0 | L54: ='Classified FTEs'!T92+'Classified FTEs'!U92+'Classified FTEs'!W92+'Classified FTEs'!X92+'Classified FTEs'!Y92+'Classified FTEs'!AC92+'Classified FTEs'!AE92+'Classified FTEs'!AF92+'Classified FTEs'!AL92 -> 1 | M54: =SUM(C54:L54)+SUM('instruction-charters'!C54:N54) -> 32.55
A55: 7B | B55: Reagan Academy | C55: 0.01 | D55: ='Classified FTEs'!H93+'Classified FTEs'!K93 -> 0 | E55: ='Classified FTEs'!I93+'Classified FTEs'!L93+'Classified FTEs'!M93+'Classified FTEs'!N93+'Classified FTEs'!O93 -> 1 | F55: 2 | G55: ='Classified FTEs'!E93+'Classified FTEs'!F93+'Classified FTEs'!J93 -> 4 | H55: 0 | I55: ='Classified FTEs'!V93 -> 0 | J55: ='Classified FTEs'!AD93 -> 1 | K55: ='Classified FTEs'!D93 -> 0 | L55: ='Classified FTEs'!T93+'Classified FTEs'!U93+'Classified FTEs'!W93+'Classified FTEs'!X93+'Classified FTEs'!Y93+'Classified FTEs'!AC93+'Classified FTEs'!AE93+'Classified FTEs'!AF93+'Classified FTEs'!AL93 -> 3.5 | M55: =SUM(C55:L55)+SUM('instruction-charters'!C55:N55) -> 59.56
A56: 1D | B56: Renaissance Academy | C56: 0 | D56: ='Classified FTEs'!H94+'Classified FTEs'!K94 -> 1 | E56: ='Classified FTEs'!I94+'Classified FTEs'!L94+'Classified FTEs'!M94+'Classified FTEs'!N94+'Classified FTEs'!O94 -> 0 | F56: 2 | G56: ='Classified FTEs'!E94+'Classified FTEs'!F94+'Classified FTEs'!J94 -> 2.5 | H56: 0 | I56: ='Classified FTEs'!V94 -> 0 | J56: ='Classified FTEs'!AD94 -> 0 | K56: ='Classified FTEs'!D94 -> 0 | L56: ='Classified FTEs'!T94+'Classified FTEs'!U94+'Classified FTEs'!W94+'Classified FTEs'!X94+'Classified FTEs'!Y94+'Classified FTEs'!AC94+'Classified FTEs'!AE94+'Classified FTEs'!AF94+'Classified FTEs'!AL94 -> 1.55 | M56: =SUM(C56:L56)+SUM('instruction-charters'!C56:N56) -> 47.79
A57: 2F | B57: Rockwell Charter High | C57: 0 | D57: ='Classified FTEs'!H95+'Classified FTEs'!K95 -> 1 | E57: ='Classified FTEs'!I95+'Classified FTEs'!L95+'Classified FTEs'!M95+'Classified FTEs'!N95+'Classified FTEs'!O95 -> 0 | F57: 2 | G57: ='Classified FTEs'!E95+'Classified FTEs'!F95+'Classified FTEs'!J95 -> 3 | H57: 0 | I57: ='Classified FTEs'!V95 -> 0 | J57: ='Classified FTEs'!AD95 -> 0 | K57: ='Classified FTEs'!D95 -> 0 | L57: ='Classified FTEs'!T95+'Classified FTEs'!U95+'Classified FTEs'!W95+'Classified FTEs'!X95+'Classified FTEs'!Y95+'Classified FTEs'!AC95+'Classified FTEs'!AE95+'Classified FTEs'!AF95+'Classified FTEs'!AL95 -> 0.78 | M57: =SUM(C57:L57)+SUM('instruction-charters'!C57:N57) -> 33.87
A58: 97 | B58: Salt Lake Arts Academy | C58: 0 | D58: ='Classified FTEs'!H96+'Classified FTEs'!K96 -> 3 | E58: ='Classified FTEs'!I96+'Classified FTEs'!L96+'Classified FTEs'!M96+'Classified FTEs'!N96+'Classified FTEs'!O96 -> 1 | F58: 1 | G58: ='Classified FTEs'!E96+'Classified FTEs'!F96+'Classified FTEs'!J96 -> 0 | H58: 0 | I58: ='Classified FTEs'!V96 -> 0 | J58: ='Classified FTEs'!AD96 -> 0 | K58: ='Classified FTEs'!D96 -> 0 | L58: ='Classified FTEs'!T96+'Classified FTEs'!U96+'Classified FTEs'!W96+'Classified FTEs'!X96+'Classified FTEs'!Y96+'Classified FTEs'!AC96+'Classified FTEs'!AE96+'Classified FTEs'!AF96+'Classified FTEs'!AL96 -> 0 | M58: =SUM(C58:L58)+SUM('instruction-charters'!C58:N58) -> 20.57
A59: 4F | B59: Salt Lake Center for Science Ed. | C59: 1 | D59: ='Classified FTEs'!H97+'Classified FTEs'!K97 -> 0 | E59: ='Classified FTEs'!I97+'Classified FTEs'!L97+'Classified FTEs'!M97+'Classified FTEs'!N97+'Classified FTEs'!O97 -> 0 | F59: 0 | G59: ='Classified FTEs'!E97+'Classified FTEs'!F97+'Classified FTEs'!J97 -> 2.48 | H59: 0 | I59: ='Classified FTEs'!V97 -> 0 | J59: ='Classified FTEs'!AD97 -> 0 | K59: ='Classified FTEs'!D97 -> 0 | L59: ='Classified FTEs'!T97+'Classified FTEs'!U97+'Classified FTEs'!W97+'Classified FTEs'!X97+'Classified FTEs'!Y97+'Classified FTEs'!AC97+'Classified FTEs'!AE97+'Classified FTEs'!AF97+'Classified FTEs'!AL97 -> 2.25 | M59: =SUM(C59:L59)+SUM('instruction-charters'!C59:N59) -> 16.61
A60: 7D | B60: Salt Lake School for Perf. Arts | C60: 0 | D60: ='Classified FTEs'!H98+'Classified FTEs'!K98 -> 0 | E60: ='Classified FTEs'!I98+'Classified FTEs'!L98+'Classified FTEs'!M98+'Classified FTEs'!N98+'Classified FTEs'!O98 -> 1 | F60: 2 | G60: ='Classified FTEs'!E98+'Classified FTEs'!F98+'Classified FTEs'!J98 -> 1 | H60: 0 | I60: ='Classified FTEs'!V98 -> 0 | J60: ='Classified FTEs'!AD98 -> 0 | K60: ='Classified FTEs'!D98 -> 0 | L60: ='Classified FTEs'!T98+'Classified FTEs'!U98+'Classified FTEs'!W98+'Classified FTEs'!X98+'Classified FTEs'!Y98+'Classified FTEs'!AC98+'Classified FTEs'!AE98+'Classified FTEs'!AF98+'Classified FTEs'!AL98 -> 0 | M60: =SUM(C60:L60)+SUM('instruction-charters'!C60:N60) -> 9.11
A61: 89 | B61: Soldier Hollow | C61: 0 | D61: ='Classified FTEs'!H99+'Classified FTEs'!K99 -> 0 | E61: ='Classified FTEs'!I99+'Classified FTEs'!L99+'Classified FTEs'!M99+'Classified FTEs'!N99+'Classified FTEs'!O99 -> 0 | F61: 0.8 | G61: ='Classified FTEs'!E99+'Classified FTEs'!F99+'Classified FTEs'!J99 -> 2 | H61: 0 | I61: ='Classified FTEs'!V99 -> 0 | J61: ='Classified FTEs'!AD99 -> 0 | K61: ='Classified FTEs'!D99 -> 0 | L61: ='Classified FTEs'!T99+'Classified FTEs'!U99+'Classified FTEs'!W99+'Classified FTEs'!X99+'Classified FTEs'!Y99+'Classified FTEs'!AC99+'Classified FTEs'!AE99+'Classified FTEs'!AF99+'Classified FTEs'!AL99 -> 0 | M61: =SUM(C61:L61)+SUM('instruction-charters'!C61:N61) -> 11.5
A62: 3D | B62: Spectrum Academy | C62: 0 | D62: ='Classified FTEs'!H100+'Classified FTEs'!K100 -> 0 | E62: ='Classified FTEs'!I100+'Classified FTEs'!L100+'Classified FTEs'!M100+'Classified FTEs'!N100+'Classified FTEs'!O100 -> 0 | F62: 1.11 | G62: ='Classified FTEs'!E100+'Classified FTEs'!F100+'Classified FTEs'!J100 -> 4.43 | H62: 1.5 | I62: ='Classified FTEs'!V100 -> 0 | J62: ='Classified FTEs'!AD100 -> 0 | K62: ='Classified FTEs'!D100 -> 0 | L62: ='Classified FTEs'!T100+'Classified FTEs'!U100+'Classified FTEs'!W100+'Classified FTEs'!X100+'Classified FTEs'!Y100+'Classified FTEs'!AC100+'Classified FTEs'!AE100+'Classified FTEs'!AF100+'Classified FTEs'!AL100 -> 0.25 | M62: =SUM(C62:L62)+SUM('instruction-charters'!C62:N62) -> 24.29
A63: A9 | B63: SUCCESS Academy | C63: 0 | D63: ='Classified FTEs'!H101+'Classified FTEs'!K101 -> 0 | E63: ='Classified FTEs'!I101+'Classified FTEs'!L101+'Classified FTEs'!M101+'Classified FTEs'!N101+'Classified FTEs'!O101 -> 0 | F63: 1 | G63: ='Classified FTEs'!E101+'Classified FTEs'!F101+'Classified FTEs'!J101 -> 0 | H63: 0 | I63: ='Classified FTEs'!V101 -> 0 | J63: ='Classified FTEs'!AD101 -> 0 | K63: ='Classified FTEs'!D101 -> 0 | L63: ='Classified FTEs'!T101+'Classified FTEs'!U101+'Classified FTEs'!W101+'Classified FTEs'!X101+'Classified FTEs'!Y101+'Classified FTEs'!AC101+'Classified FTEs'!AE101+'Classified FTEs'!AF101+'Classified FTEs'!AL101 -> 0 | M63: =SUM(C63:L63)+SUM('instruction-charters'!C63:N63) -> 6.76
A64: 88 | B64: Success School | C64: 0 | D64: ='Classified FTEs'!H102+'Classified FTEs'!K102 -> 0 | E64: ='Classified FTEs'!I102+'Classified FTEs'!L102+'Classified FTEs'!M102+'Classified FTEs'!N102+'Classified FTEs'!O102 -> 0 | F64: 0 | G64: ='Classified FTEs'!E102+'Classified FTEs'!F102+'Classified FTEs'!J102 -> 0.75 | H64: 0 | I64: ='Classified FTEs'!V102 -> 0 | J64: ='Classified FTEs'!AD102 -> 0 | K64: ='Classified FTEs'!D102 -> 0 | L64: ='Classified FTEs'!T102+'Classified FTEs'!U102+'Classified FTEs'!W102+'Classified FTEs'!X102+'Classified FTEs'!Y102+'Classified FTEs'!AC102+'Classified FTEs'!AE102+'Classified FTEs'!AF102+'Classified FTEs'!AL102 -> 0 | M64: =SUM(C64:L64)+SUM('instruction-charters'!C64:N64) -> 2.75
A65: A4 | B65: Summit Academy | C65: 0 | D65: ='Classified FTEs'!H103+'Classified FTEs'!K103 -> 1.38 | E65: ='Classified FTEs'!I103+'Classified FTEs'!L103+'Classified FTEs'!M103+'Classified FTEs'!N103+'Classified FTEs'!O103 -> 2 | F65: 2 | G65: ='Classified FTEs'!E103+'Classified FTEs'!F103+'Classified FTEs'!J103 -> 2.5 | H65: 1 | I65: ='Classified FTEs'!V103 -> 0 | J65: ='Classified FTEs'!AD103 -> 1 | K65: ='Classified FTEs'!D103 -> 0 | L65: ='Classified FTEs'!T103+'Classified FTEs'!U103+'Classified FTEs'!W103+'Classified FTEs'!X103+'Classified FTEs'!Y103+'Classified FTEs'!AC103+'Classified FTEs'!AE103+'Classified FTEs'!AF103+'Classified FTEs'!AL103 -> 4.63 | M65: =SUM(C65:L65)+SUM('instruction-charters'!C65:N65) -> 78.02
A66: 4D | B66: Syracuse Arts Academy | C66: 0 | D66: ='Classified FTEs'!H104+'Classified FTEs'!K104 -> 0 | E66: ='Classified FTEs'!I104+'Classified FTEs'!L104+'Classified FTEs'!M104+'Classified FTEs'!N104+'Classified FTEs'!O104 -> 0 | F66: 1 | G66: ='Classified FTEs'!E104+'Classified FTEs'!F104+'Classified FTEs'!J104 -> 1.91 | H66: 0 | I66: ='Classified FTEs'!V104 -> 0 | J66: ='Classified FTEs'!AD104 -> 0.46 | K66: ='Classified FTEs'!D104 -> 0 | L66: ='Classified FTEs'!T104+'Classified FTEs'!U104+'Classified FTEs'!W104+'Classified FTEs'!X104+'Classified FTEs'!Y104+'Classified FTEs'!AC104+'Classified FTEs'!AE104+'Classified FTEs'!AF104+'Classified FTEs'!AL104 -> 2.31 | M66: =SUM(C66:L66)+SUM('instruction-charters'!C66:N66) -> 33.62
A67: 94 | B67: Thomas Edison North | C67: 0.5 | D67: ='Classified FTEs'!H105+'Classified FTEs'!K105 -> 0 | E67: ='Classified FTEs'!I105+'Classified FTEs'!L105+'Classified FTEs'!M105+'Classified FTEs'!N105+'Classified FTEs'!O105 -> 0.1 | F67: 2 | G67: ='Classified FTEs'!E105+'Classified FTEs'!F105+'Classified FTEs'!J105 -> 4.2 | H67: 0.5 | I67: ='Classified FTEs'!V105 -> 0 | J67: ='Classified FTEs'!AD105 -> 0 | K67: ='Classified FTEs'!D105 -> 0.5 | L67: ='Classified FTEs'!T105+'Classified FTEs'!U105+'Classified FTEs'!W105+'Classified FTEs'!X105+'Classified FTEs'!Y105+'Classified FTEs'!AC105+'Classified FTEs'!AE105+'Classified FTEs'!AF105+'Classified FTEs'!AL105 -> 5 | M67: =SUM(C67:L67)+SUM('instruction-charters'!C67:N67) -> 68.85
A68: 95 | B68: Timpanogos Academy | C68: 0 | D68: ='Classified FTEs'!H106+'Classified FTEs'!K106 -> 0.75 | E68: ='Classified FTEs'!I106+'Classified FTEs'!L106+'Classified FTEs'!M106+'Classified FTEs'!N106+'Classified FTEs'!O106 -> 1 | F68: 1 | G68: ='Classified FTEs'!E106+'Classified FTEs'!F106+'Classified FTEs'!J106 -> 2 | H68: 0 | I68: ='Classified FTEs'!V106 -> 0 | J68: ='Classified FTEs'!AD106 -> 0 | K68: ='Classified FTEs'!D106 -> 0 | L68: ='Classified FTEs'!T106+'Classified FTEs'!U106+'Classified FTEs'!W106+'Classified FTEs'!X106+'Classified FTEs'!Y106+'Classified FTEs'!AC106+'Classified FTEs'!AE106+'Classified FTEs'!AF106+'Classified FTEs'!AL106 -> 1 | M68: =SUM(C68:L68)+SUM('instruction-charters'!C68:N68) -> 32.14
A69: 90 | B69: Tuacahn High | C69: 0 | D69: ='Classified FTEs'!H107+'Classified FTEs'!K107 -> 1 | E69: ='Classified FTEs'!I107+'Classified FTEs'!L107+'Classified FTEs'!M107+'Classified FTEs'!N107+'Classified FTEs'!O107 -> 0 | F69: 2.46 | G69: ='Classified FTEs'!E107+'Classified FTEs'!F107+'Classified FTEs'!J107 -> 1 | H69: 0 | I69: ='Classified FTEs'!V107 -> 0 | J69: ='Classified FTEs'!AD107 -> 0 | K69: ='Classified FTEs'!D107 -> 0 | L69: ='Classified FTEs'!T107+'Classified FTEs'!U107+'Classified FTEs'!W107+'Classified FTEs'!X107+'Classified FTEs'!Y107+'Classified FTEs'!AC107+'Classified FTEs'!AE107+'Classified FTEs'!AF107+'Classified FTEs'!AL107 -> 0 | M69: =SUM(C69:L69)+SUM('instruction-charters'!C69:N69) -> 20.14
A70: 1B | B70: UCAS | C70: 0 | D70: ='Classified FTEs'!H108+'Classified FTEs'!K108 -> 1.2 | E70: ='Classified FTEs'!I108+'Classified FTEs'!L108+'Classified FTEs'!M108+'Classified FTEs'!N108+'Classified FTEs'!O108 -> 1.32 | F70: 1.29 | G70: ='Classified FTEs'!E108+'Classified FTEs'!F108+'Classified FTEs'!J108 -> 1 | H70: 0 | I70: ='Classified FTEs'!V108 -> 0 | J70: ='Classified FTEs'!AD108 -> 0.75 | K70: ='Classified FTEs'!D108 -> 0 | L70: ='Classified FTEs'!T108+'Classified FTEs'!U108+'Classified FTEs'!W108+'Classified FTEs'!X108+'Classified FTEs'!Y108+'Classified FTEs'!AC108+'Classified FTEs'!AE108+'Classified FTEs'!AF108+'Classified FTEs'!AL108 -> 0 | M70: =SUM(C70:L70)+SUM('instruction-charters'!C70:N70) -> 20.06
A71: 92 | B71: Uintah River High | C71: 0 | D71: ='Classified FTEs'!H109+'Classified FTEs'!K109 -> 0.17 | E71: ='Classified FTEs'!I109+'Classified FTEs'!L109+'Classified FTEs'!M109+'Classified FTEs'!N109+'Classified FTEs'!O109 -> 0 | F71: 1 | G71: ='Classified FTEs'!E109+'Classified FTEs'!F109+'Classified FTEs'!J109 -> 1 | H71: 0 | I71: ='Classified FTEs'!V109 -> 0 | J71: ='Classified FTEs'!AD109 -> 0 | K71: ='Classified FTEs'!D109 -> 0 | L71: ='Classified FTEs'!T109+'Classified FTEs'!U109+'Classified FTEs'!W109+'Classified FTEs'!X109+'Classified FTEs'!Y109+'Classified FTEs'!AC109+'Classified FTEs'!AE109+'Classified FTEs'!AF109+'Classified FTEs'!AL109 -> 0 | M71: =SUM(C71:L71)+SUM('instruction-charters'!C71:N71) -> 10.34
A72: 5F | B72: Utah Virtual Academy | C72: 1 | D72: ='Classified FTEs'!H110+'Classified FTEs'!K110 -> 0 | E72: ='Classified FTEs'!I110+'Classified FTEs'!L110+'Classified FTEs'!M110+'Classified FTEs'!N110+'Classified FTEs'!O110 -> 0 | F72: 1 | G72: ='Classified FTEs'!E110+'Classified FTEs'!F110+'Classified FTEs'!J110 -> 0 | H72: 0 | I72: ='Classified FTEs'!V110 -> 0 | J72: ='Classified FTEs'!AD110 -> 0 | K72: ='Classified FTEs'!D110 -> 0 | L72: ='Classified FTEs'!T110+'Classified FTEs'!U110+'Classified FTEs'!W110+'Classified FTEs'!X110+'Classified FTEs'!Y110+'Classified FTEs'!AC110+'Classified FTEs'!AE110+'Classified FTEs'!AF110+'Classified FTEs'!AL110 -> 0 | M72: =SUM(C72:L72)+SUM('instruction-charters'!C72:N72) -> 14.5
A73: 3F | B73: Venture Academy | C73: 0 | D73: ='Classified FTEs'!H111+'Classified FTEs'!K111 -> 1 | E73: ='Classified FTEs'!I111+'Classified FTEs'!L111+'Classified FTEs'!M111+'Classified FTEs'!N111+'Classified FTEs'!O111 -> 0.4 | F73: 1 | G73: ='Classified FTEs'!E111+'Classified FTEs'!F111+'Classified FTEs'!J111 -> 1.5 | H73: 0 | I73: ='Classified FTEs'!V111 -> 0 | J73: ='Classified FTEs'!AD111 -> 0 | K73: ='Classified FTEs'!D111 -> 0 | L73: ='Classified FTEs'!T111+'Classified FTEs'!U111+'Classified FTEs'!W111+'Classified FTEs'!X111+'Classified FTEs'!Y111+'Classified FTEs'!AC111+'Classified FTEs'!AE111+'Classified FTEs'!AF111+'Classified FTEs'!AL111 -> 0 | M73: =SUM(C73:L73)+SUM('instruction-charters'!C73:N73) -> 27.75
A74: 81 | B74: Walden School of Liberal Arts | C74: 0 | D74: ='Classified FTEs'!H112+'Classified FTEs'!K112 -> 1 | E74: ='Classified FTEs'!I112+'Classified FTEs'!L112+'Classified FTEs'!M112+'Classified FTEs'!N112+'Classified FTEs'!O112 -> 0 | F74: 0.24 | G74: ='Classified FTEs'!E112+'Classified FTEs'!F112+'Classified FTEs'!J112 -> 0.85 | H74: 0 | I74: ='Classified FTEs'!V112 -> 0 | J74: ='Classified FTEs'!AD112 -> 0 | K74: ='Classified FTEs'!D112 -> 0.55 | L74: ='Classified FTEs'!T112+'Classified FTEs'!U112+'Classified FTEs'!W112+'Classified FTEs'!X112+'Classified FTEs'!Y112+'Classified FTEs'!AC112+'Classified FTEs'!AE112+'Classified FTEs'!AF112+'Classified FTEs'!AL112 -> 0.35 | M74: =SUM(C74:L74)+SUM('instruction-charters'!C74:N74) -> 30.96
A75: 4B | B75: Wasatch Peak Academy | C75: 0 | D75: ='Classified FTEs'!H113+'Classified FTEs'!K113 -> 0 | E75: ='Classified FTEs'!I113+'Classified FTEs'!L113+'Classified FTEs'!M113+'Classified FTEs'!N113+'Classified FTEs'!O113 -> 0 | F75: 1 | G75: ='Classified FTEs'!E113+'Classified FTEs'!F113+'Classified FTEs'!J113 -> 1.6 | H75: 0 | I75: ='Classified FTEs'!V113 -> 0 | J75: ='Classified FTEs'!AD113 -> 0.94 | K75: ='Classified FTEs'!D113 -> 0 | L75: ='Classified FTEs'!T113+'Classified FTEs'!U113+'Classified FTEs'!W113+'Classified FTEs'!X113+'Classified FTEs'!Y113+'Classified FTEs'!AC113+'Classified FTEs'!AE113+'Classified FTEs'!AF113+'Classified FTEs'!AL113 -> 1.75 | M75: =SUM(C75:L75)+SUM('instruction-charters'!C75:N75) -> 30.92
B76: CHARTER SCHOOL TOTAL | C76: =SUM(C11:C75) -> 12.23 | D76: =SUM(D11:D75) -> 39.56 | E76: =SUM(E11:E75) -> 33.79 | F76: =SUM(F11:F75) -> 66.6 | G76: =SUM(G11:G75) -> 124.26 | H76: =SUM(H11:H75) -> 8.67 | I76: =SUM(I11:I75) -> 0 | J76: =SUM(J11:J75) -> 12.19 | ... M76: =SUM(M11:M75) -> 2230.26

Sheet Licensed FTEs
E1: CLASSROOM TEACHERS | L1: Instructional Coordinators and Supervisors | M1: Elementary Guidance Counselors | N1: Secondary Guidance Counselors | O1: Librarians and Media Specialists | P1: LEA Administrators | Q1: School Administrators | R1: Student Support Services | S1: TOTAL FTEs
E2: PreKindergarten | G2: Kindergarten | H2: Elementary | I2: Secondary | J2: Special Education | K2: School-Based Specialists
E4: Regular | F4: Special
B5: 1 | C5: ALPINE DISTRICT | E5: 8 | F5: 16.53 | G5: 105.12 | H5: 1203.71 | I5: 966.72 | J5: 222.86 | K5: 60.52 | L5: 47.82 | M5: 0 | N5: 66.88 | O5: 18.5 | P5: 22 | Q5: 107 | R5: 75.15 | S5: 2920.82
B6: 2 | C6: BEAVER DISTRICT | E6: 0.5 | F6: 0 | G6: 3 | H6: 37.45 | I6: 30.28 | J6: 7.35 | K6: 0 | L6: 1.6 | M6: 0 | N6: 2.01 | O6: 0 | P6: 2.75 | Q6: 2.78 | R6: 0.75 | S6: 88.47
B7: 3 | C7: BOX ELDER DISTRICT | E7: 1 | F7: 8 | G7: 24.03 | H7: 168.39 | I7: 220.33 | J7: 44.82 | K7: 5.06 | L7: 4 | M7: 0.5 | N7: 15 | O7: 5 | P7: 4.5 | Q7: 26.3 | R7: 20.73 | S7: 547.66
B8: 4 | C8: CACHE DISTRICT | E8: 0 | F8: 5 | G8: 26.5 | H8: 235.68 | I8: 271.31 | J8: 56.85 | K8: 23.87 | L8: 9.82 | M8: 0 | N8: 18.88 | O8: 20 | P8: 3.33 | Q8: 27.27 | R8: 33.92 | S8: 732.43
B9: 5 | C9: CARBON DISTRICT | E9: 0 | F9: 2 | G9: 11 | H9: 67.01 | I9: 65.13 | J9: 20.74 | K9: 13.55 | L9: 2.48 | M9: 1 | N9: 6.24 | O9: 0.83 | P9: 6 | Q9: 11 | R9: 4.5 | S9: 211.48
B10: 6 | C10: DAGGETT DISTRICT | E10: 0 | F10: 0 | G10: 1 | H10: 4.9 | I10: 6.29 | J10: 0.58 | K10: 2.34 | L10: 0.62 | M10: 0 | N10: 0 | O10: 0.25 | P10: 0.88 | Q10: 0.76 | R10: 0 | S10: 17.62
B11: 7 | C11: DAVIS DISTRICT | E11: 2.67 | F11: 15.83 | G11: 129.09 | H11: 1204.14 | I11: 1143.09 | J11: 286.5 | K11: 99.57 | L11: 59.29 | M11: 37.65 | N11: 87.3 | O11: 17.5 | P11: 26 | Q11: 174.52 | R11: 98.69 | S11: 3381.83
B12: 8 | C12: DUCHESNE DISTRICT | E12: 0 | F12: 1 | G12: 11.5 | H12: 94.64 | I12: 85.74 | J12: 24.86 | K12: 2.48 | L12: 0.5 | M12: 0 | N12: 3.85 | O12: 6 | P12: 3 | Q12: 12.65 | R12: 2 | S12: 248.22
B13: 9 | C13: EMERY DISTRICT | E13: 0 | F13: 1 | G13: 6.51 | H13: 49 | I13: 50.55 | J13: 12.02 | K13: 2.17 | L13: 0.5 | M13: 0 | N13: 0.5 | O13: 1.1 | P13: 4 | Q13: 9.49 | R13: 2 | S13: 138.83
B14: 10 | C14: GARFIELD DISTRICT | E14: 0.5 | F14: 0 | G14: 3.66 | H14: 23.84 | I14: 31.18 | J14: 5.93 | K14: 0.05 | L14: 4.77 | M14: 0.8 | N14: 1.7 | O14: 0 | P14: 2.47 | Q14: 5.44 | R14: 1 | S14: 81.34
B15: 11 | C15: GRAND DISTRICT | E15: 0 | F15: 1 | G15: 5 | H15: 30.54 | I15: 39.47 | J15: 8.5 | K15: 1.08 | L15: 1.75 | M15: 0 | N15: 2 | O15: 2 | P15: 1 | Q15: 6 | R15: 2 | S15: 100.34
B16: 12 | C16: GRANITE DISTRICT | E16: 11 | F16: 26.25 | G16: 142.92 | H16: 1221.27 | I16: 1142.42 | J16: 310.2 | K16: 217.7 | L16: 60.52 | M16: 1 | N16: 83.18 | O16: 20.58 | P16: 37.71 | Q16: 136.23 | R16: 146.08 | S16: 3557.07
... B44: 35 | C44: WEBER DISTRICT | E44: 0 | F44: 9 | G44: 58.5 | H44: 545.18 | I44: 502.18 | J44: 154.02 | K44: 22.78 | L44: 21.29 | M44: 16.15 | N44: 38.15 | O44: 12.83 | P44: 21 | Q44: 61 | R44: 45.02 | S44: 1507.1
A45: Distric Total | E45: 43.64 | F45: 196.25 | G45: 1094.02 | H45: 9680.44 | I45: 9055.59 | J45: 2350.6 | K45: 981.92 | L45: 504.94 | M45: 133.17 | N45: 603.56 | O45: 249.68 | P45: 261.2 | Q45: 1155.44 | R45: 850.55 | S45: 27161.01
B46: 8B | C46: AMERICAN LEADERSHIP ACADEMY | E46: 2 | F46: 0 | G46: 1 | H46: 26.5 | I46: 37.29 | J46: 6.5 | K46: 6.87 | L46: 0.25 | M46: 0.5 | N46: 1 | O46: 0 | P46: 0 | Q46: 0.59 | R46: 0 | S46: 82.5
B47: 74 | C47: AMERICAN PREPARATORY ACADEMY | E47: 0 | F47: 0 | G47: 1 | H47: 12.6 | I47: 10.47 | J47: 1 | K47: 0.5 | L47: 0 | M47: 0.13 | N47: 0.09 | O47: 0 | P47: 0.58 | Q47: 1.3 | R47: 0.36 | S47: 28.03
B48: 83 | C48: ACADEMY FOR MATH ENGINEERING & SCIENCE (AMES) | E48: 0 | F48: 0 | G48: 0 | H48: 0 | I48: 19.76 | J48: 0.5 | K48: 0.16 | L48: 0 | M48: 0 | N48: 1.5 | O48: 0 | P48: 0 | Q48: 2 | R48: 0 | S48: 23.92
B49: 3B | C49: BEEHIVE SCIENCE & TECHNOLOGY ACADEMY (BSTA) | E49: 0 | F49: 0 | G49: 0 | H49: 0 | I49: 13.67 | J49: 1.2 | K49: 0 | L49: 0 | M49: 0 | N49: 0 | O49: 0 | P49: 1 | Q49: 0 | R49: 0 | S49: 15.87
B50: 9D | C50: CANYON RIM ACADEMY | E50: 0 | F50: 0 | G50: 2 | H50: 18 | I50: 0 | J50: 1 | K50: 0 | L50: 0 | M50: 0 | N50: 0 | O50: 0 | P50: 0 | Q50: 1 | R50: 0.53 | S50: 22.53
C51: CBA
B52: 2D | C52: CHANNING HALL | E52: 0 | F52: 0 | G52: 2 | H52: 14.7 | I52: 10.04 | J52: 1.1 | K52: 1.11 | L52: 0 | M52: 0 | N52: 0 | O52: 0 | P52: 0 | Q52: 1.11 | R52: 0.5 | S52: 30.56
B53: 87 | C53: CITY ACADEMY | E53: 0 | F53: 0 | G53: 0 | H53: 0 | I53: 13.71 | J53: 0.11 | K53: 2.08 | L53: 0 | M53: 0 | N53: 1 | O53: 0 | P53: 0 | Q53: 0.56 | R53: 0 | S53: 17.46
B54: 3E | C54: CS LEWIS ACADEMY | E54: 0 | F54: 0 | G54: 2 | H54: 13.75 | I54: 1 | J54: 1.5 | K54: 0.25 | L54: 0 | M54: 0 | N54: 0 | O54: 0 | P54: 0 | Q54: 1 | R54: 0 | S54: 19.5
B55: A3 | C55: DAVINCI ACADEMY | E55: 0 | F55: 0 | G55: 0 | H55: 0 | I55: 15.62 | J55: 1.67 | K55: 0 | L55: 0 | M55: 0 | N55: 1 | O55: 0.5 | P55: 0 | Q55: 1.86 | R55: 0 | S55: 20.65
B56: 4E | C56: DUAL IMMERSION ACADEMY | E56: 0 | F56: 0 | G56: 4 | H56: 8 | I56: 0 | J56: 1 | K56: 0 | L56: 0 | M56: 0 | N56: 0 | O56: 0 | P56: 1 | Q56: 0 | R56: 0 | S56: 14
B57: A8 | C57: EAST HOLLYWOOD HIGH | E57: 0 | F57: 0 | G57: 0 | H57: 0 | I57: 17.15 | J57: 0 | K57: 1.25 | L57: 0 | M57: 0 | N57: 1 | O57: 0.13 | P57: 0 | Q57: 0 | R57: 0 | S57: 19.53
B58: 5E | C58: EDITH BOWEN LABORATORY SCHOOL | E58: 0 | F58: 0 | G58: 0 | H58: 14.5 | I58: 0 | J58: 1 | K58: 0 | L58: 0 | M58: 0 | N58: 0 | O58: 2.6 | P58: 0 | Q58: 1 | R58: 0.54 | S58: 19.63
B59: 3C | C59: ENTHEOS ACADEMY | E59: 0 | F59: 0 | G59: 1 | H59: 10.22 | I59: 6 | J59: 0.91 | K59: 0 | L59: 0 | M59: 0 | N59: 0 | O59: 0 | P59: 0 | Q59: 1 | R59: 0 | S59: 19.13
B60: 98 | C60: FAST FORWARD HIGH | E60: 0 | F60: 0 | G60: 0 | H60: 0 | I60: 13 | J60: 0.9 | K60: 0.1 | L60: 0 | M60: 0 | N60: 1.1 | O60: 0 | P60: 0 | Q60: 0.9 | R60: 0 | S60: 16
B61: 82 | C61: FREEDOM ACADEMY | E61: 0 | F61: 0 | G61: 2.5 | H61: 18.51 | I61: 6.46 | J61: 2.5 | K61: 1.65 | L61: 0 | M61: 0 | N61: 0 | O61: 0 | P61: 0 | Q61: 2 | R61: 0.25 | S61: 33.87
B62: 7E | C62: GATEWAY PREPARATORY ACADEMY | E62: 0 | F62: 0 | G62: 1 | H62: 19.5 | I62: 4.75 | J62: 1 | K62: 1 | L62: 0.5 | M62: 0 | N62: 0 | O62: 0 | P62: 0 | Q62: 1 | R62: 0 | S62: 28.75
B63: 5D | C63: GEORGE WASHINGTON ACADEMY | E63: 0 | F63: 0 | G63: 2 | H63: 16.45 | I63: 0.55 | J63: 1 | K63: 0.5 | L63: 0 | M63: 0 | N63: 0 | O63: 0 | P63: 0 | Q63: 1.3 | R63: 0 | S63: 21.8
B64: 1E | C64: GUADALUPE SCHOOL | E64: 0 | F64: 0 | G64: 0 | H64: 3 | I64: 0 | J64: 0.39 | K64: 0.51 | L64: 0 | M64: 0 | N64: 0 | O64: 0 | P64: 0 | Q64: 1 | R64: 0 | S64: 4.9
B65: 2C | C65: INTECH COLLEGIATE HIGH SCHOOL | E65: 0 | F65: 0 | G65: 0 | H65: 0 | I65: 6 | J65: 0 | K65: 0.59 | L65: 0 | M65: 0 | N65: 0.65 | O65: 0 | P65: 0 | Q65: 1 | R65: 0 | S65: 8.23
B66: A5 | C66: ITINERIS EARLY COLLEGE HIGH | E66: 0 | F66: 0 | G66: 0 | H66: 0 | I66: 10.38 | J66: 0 | K66: 0 | L66: 0 | M66: 0 | N66: 2 | O66: 0 | P66: 0 | Q66: 1 | R66: 0 | S66: 13.38
B67: 93 | C67: JOHN HANCOCK CHARTER SCHOOL | E67: 0 | F67: 0 | G67: 0.72 | H67: 8 | I67: 2.33 | J67: 1 | K67: 0 | L67: 0 | M67: 0 | N67: 0 | O67: 0 | P67: 0 | Q67: 1 | R67: 0.04 | S67: 13.08
B68: 2E | C68: KARL G MAESER PREPARATORY ACADEMY | E68: 0 | F68: 0 | G68: 0 | H68: 0 | I68: 13.25 | J68: 0.66 | K68: 0 | L68: 0.66 | M68: 0 | N68: 0 | O68: 0.5 | P68: 0 | Q68: 0.9 | R68: 0 | S68: 15.97
B69: 4C | C69: LAKEVIEW ACADEMY | E69: 0 | F69: 0 | G69: 1 | H69: 22 | I69: 8.64 | J69: 3.29 | K69: 1 | L69: 0 | M69: 0 | N69: 0.3 | O69: 1 | P69: 0 | Q69: 2 | R69: 0 | S69: 39.22
B70: 5C | C70: LEGACY PREPARATORY ACADEMY | E70: 0 | F70: 0 | G70: 0 | H70: 11.31 | I70: 8.13 | J70: 1.17 | K70: 0 | L70: 0 | M70: 1 | N70: 0 | O70: 0 | P70: 0.14 | Q70: 1 | R70: 0 | S70: 22.75
B71: 6C | C71: LIBERTY ACADEMY | E71: 0 | F71: 0 | G71: 2 | H71: 7.56 | I71: 1 | J71: 0.63 | K71: 0.25 | L71: 0.63 | M71: 0 | N71: 0 | O71: 0 | P71: 0 | Q71: 0.5 | R71: 0 | S71: 12.56
B72: 2B | C72: LINCOLN ACADEMY | E72: 0.5 | F72: 0 | G72: 0.5 | H72: 11 | I72: 6.5 | J72: 2 | K72: 0 | L72: 0 | M72: 0 | N72: 0.5 | O72: 0 | P72: 0.5 | Q72: 1 | R72: 0.44 | S72: 22.94
B73: 8E | C73: MERIT COLLEGE PREPARATORY ACADEMY | E73: 0 | F73: 0 | G73: 0 | H73: 0 | I73: 18.25 | J73: 2 | K73: 0 | L73: 0 | M73: 0 | N73: 1 | O73: 0 | P73: 0 | Q73: 0 | R73: 0 | S73: 21.25
B74: A7 | C74: MOAB COMMUNITY SCHOOL | E74: 0 | F74: 0 | G74: 0.31 | H74: 3.05 | I74: 0 | J74: 1 | K74: 0 | L74: 0 | M74: 0 | N74: 0 | O74: 0 | P74: 0 | Q74: 1 | R74: 0 | S74: 5.36
B75: 7C | C75: MONTICELLO ACADEMY | E75: 0 | F75: 0 | G75: 2.02 | H75: 13.29 | I75: 15.39 | J75: 1.14 | K75: 0.15 | L75: 0 | M75: 0 | N75: 0.32 | O75: 0 | P75: 0 | Q75: 0.32 | R75: 0 | S75: 32.64
B76: 8C | C76: MOUNTAINVILLE ACADEMY | E76: 0 | F76: 0 | G76: 1.5 | H76: 15.63 | I76: 4.04 | J76: 0 | K76: 1 | L76: 0 | M76: 0 | N76: 0 | O76: 1 | P76: 0.36 | Q76: 0 | R76: 0 | S76: 23.53
B77: 9B | C77: NAVIGATOR POINTE ACADEMY | E77: 0 | F77: 0 | G77: 1 | H77: 11.3 | I77: 11.81 | J77: 3 | K77: 0.21 | L77: 0 | M77: 0.2 | N77: 0.2 | O77: 0 | P77: 0.94 | Q77: 1 | R77: 0.4 | S77: 30.06
B78: 6D | C78: NOAH WEBSTER ACADEMY | E78: 0 | F78: 0 | G78: 1 | H78: 15 | I78: 0.75 | J78: 2 | K78: 1 | L78: 0 | M78: 0 | N78: 0 | O78: 0 | P78: 0 | Q78: 1 | R78: 0.31 | S78: 21.06
B79: A6 | C79: NORTH DAVIS PREPARATORY ACADEMY | E79: 0 | F79: 0 | G79: 2 | H79: 16.07 | I79: 9.83 | J79: 2.5 | K79: 1.25 | L79: 0 | M79: 0.25 | N79: 0.75 | O79: 1 | P79: 0 | Q79: 2 | R79: 0 | S79: 35.65
... B82: 1C | C82: ODYSSEY CHARTER SCHOOL | E82: 0 | F82: 0 | G82: 1.02 | H82: 15.11 | I82: 3.22 | J82: 0.01 | K82: 1 | L82: 0 | M82: 0 | N82: 0 | O82: 0 | P82: 0 | Q82: 0 | R82: 0 | S82: 20.35
B83: 68 | C83: OGDEN PREPARATORY ACADEMY | E83: 0 | F83: 0 | G83: 0 | H83: 11.69 | I83: 11.91 | J83: 2 | K83: 0.41 | L83: 0 | M83: 0.5 | N83: 0.5 | O83: 1 | P83: 1 | Q83: 1.8 | R83: 0.18 | S83: 31
B84: 8D | C84: OPEN CLASSROOM | E84: 0 | F84: 0 | G84: 2 | H84: 13 | I84: 1 | J84: 1 | K84: 1 | L84: 0 | M84: 0.5 | N84: 0 | O84: 0 | P84: 0 | Q84: 1 | R84: 0 | S84: 19.5
B85: 9C | C85: PARADIGM HIGH SCHOOL | E85: 0 | F85: 0 | G85: 0 | H85: 0 | I85: 21.12 | J85: 1 | K85: 0.29 | L85: 3.36 | M85: 0 | N85: 0 | O85: 0 | P85: 1.1 | Q85: 0.9 | R85: 0 | S85: 27.77
B86: 86 | C86: PINNACLE CANYON ACADEMY | E86: 0 | F86: 0 | G86: 2.11 | H86: 13.26 | I86: 15.04 | J86: 1.17 | K86: 1.26 | L86: 0.05 | M86: 0 | N86: 0 | O86: 0.89 | P86: 2.1 | Q86: 1.16 | R86: 1.92 | S86: 38.94
B87: 9E | C87: PROVIDENCE HALL | E87: 0 | F87: 0 | G87: 1 | H87: 22.2 | I87: 0 | J87: 1.5 | K87: 1 | L87: 0 | M87: 1 | N87: 0 | O87: 0 | P87: 0 | Q87: 1 | R87: 0 | S87: 27.7
B88: 1F | C88: QUEST ACADEMY | E88: 0 | F88: 0 | G88: 2 | H88: 11.96 | I88: 0 | J88: 1 | K88: 0 | L88: 0 | M88: 0 | N88: 0 | O88: 0 | P88: 0 | Q88: 1.25 | R88: 0 | S88: 16.21
B89: A2 | C89: RANCHES ACADEMY | E89: 0 | F89: 0 | G89: 1 | H89: 10.5 | I89: 1 | J89: 0.25 | K89: 0 | L89: 0 | M89: 0 | N89: 0 | O89: 0 | P89: 0 | Q89: 0.75 | R89: 0 | S89: 13.5
B90: 7B | C90: REAGAN ACADEMY | E90: 0 | F90: 0 | G90: 2 | H90: 18.77 | I90: 6.98 | J90: 3 | K90: 0.5 | L90: 0 | M90: 0 | N90: 0 | O90: 0 | P90: 0.01 | Q90: 2 | R90: 0 | S90: 33.26
B91: 1D | C91: RENAISSANCE ACADEMY | E91: 0 | F91: 0 | G91: 2 | H91: 17.69 | I91: 8.98 | J91: 2 | K91: 0.3 | L91: 0 | M91: 0 | N91: 0 | O91: 0.35 | P91: 0 | Q91: 2 | R91: 0 | S91: 33.32
B92: 2F | C92: ROCKWELL CHARTER HIGH SCHOOL | E92: 0 | F92: 0 | G92: 0 | H92: 0 | I92: 24.06 | J92: 1.44 | K92: 0 | L92: 0 | M92: 0 | N92: 0 | O92: 0 | P92: 0 | Q92: 2 | R92: 0 | S92: 27.5
B93: 97 | C93: SALT LAKE ARTS ACADEMY | E93: 0 | F93: 0 | G93: 0 | H93: 2 | I93: 10.32 | J93: 1 | K93: 0 | L93: 0 | M93: 0 | N93: 0 | O93: 0 | P93: 0 | Q93: 1 | R93: 0 | S93: 14.32
B94: 4F | C94: SALT LAKE CENTER FOR SCIENCE EDUCATION | E94: 0 | F94: 0 | G94: 0 | H94: 1 | I94: 6.49 | J94: 1.5 | K94: 0.51 | L94: 0 | M94: 0 | N94: 0 | O94: 0 | P94: 1 | Q94: 0 | R94: 0 | S94: 10.5
B95: 7D | C95: SALT LAKE SCHOOL FOR THE PERFORMING ARTS | E95: 0 | F95: 0 | G95: 0 | H95: 0 | I95: 3.56 | J95: 0 | K95: 0 | L95: 0 | M95: 0 | N95: 1 | O95: 0 | P95: 0 | Q95: 2 | R95: 0 | S95: 6.56
B96: 89 | C96: SOLDIER HOLLOW CHARTER SCHOOL | E96: 1 | F96: 0 | G96: 0 | H96: 6.5 | I96: 0.2 | J96: 1 | K96: 0 | L96: 0 | M96: 0 | N96: 0 | O96: 0 | P96: 0 | Q96: 0.8 | R96: 0 | S96: 9.5
B97: 3D | C97: SPECTRUM ACADEMY | E97: 0 | F97: 0 | G97: 0 | H97: 0 | I97: 0 | J97: 11 | K97: 0 | L97: 0 | M97: 0 | N97: 0 | O97: 0 | P97: 0 | Q97: 1.11 | R97: 1.5 | S97: 13.61
B98: A9 | C98: SUCCESS ACADEMY | E98: 0 | F98: 0 | G98: 0 | H98: 0 | I98: 4.42 | J98: 0 | K98: 0 | L98: 0 | M98: 0 | N98: 1 | O98: 0 | P98: 0 | Q98: 1 | R98: 0 | S98: 6.42
B99: 88 | C99: SUCCESS SCHOOL | E99: 0 | F99: 0 | G99: 0 | H99: 0 | I99: 0 | J99: 0 | K99: 2 | L99: 0 | M99: 0 | N99: 0 | O99: 0 | P99: 0 | Q99: 0 | R99: 0 | S99: 2
B100: A4 | C100: SUMMIT ACADEMY | E100: 0 | F100: 0 | G100: 2 | H100: 27.3 | I100: 11.17 | J100: 2.75 | K100: 0.54 | L100: 0 | M100: 0 | N100: 0.5 | O100: 0 | P100: 0 | Q100: 2 | R100: 1 | S100: 47.25
B101: 4D | C101: SYRACUSE ARTS ACADEMY | E101: 0 | F101: 0 | G101: 2 | H101: 19.11 | I101: 0.18 | J101: 1 | K101: 0 | L101: 0 | M101: 0 | N101: 0 | O101: 0 | P101: 0 | Q101: 1 | R101: 0 | S101: 23.29
B102: 94 | C102: THOMAS EDISON - NORTH | E102: 0 | F102: 0 | G102: 3 | H102: 19 | I102: 13.55 | J102: 2 | K102: 0 | L102: 1 | M102: 0 | N102: 0 | O102: 1 | P102: 0.5 | Q102: 2 | R102: 0.5 | S102: 42.55
B103: 95 | C103: TIMPANOGOS ACADEMY | E103: 0 | F103: 0 | G103: 1 | H103: 17.39 | I103: 3 | J103: 1 | K103: 0 | L103: 0 | M103: 0 | N103: 0 | O103: 0 | P103: 0 | Q103: 1 | R103: 0 | S103: 23.39
B104: 90 | C104: TUACAHN HIGH SCHOOL FOR THE PERFORMING ARTS | E104: 0 | F104: 0 | G104: 0 | H104: 0 | I104: 12.84 | J104: 0 | K104: 0 | L104: 0.34 | M104: 0 | N104: 1 | O104: 1 | P104: 0 | Q104: 2.46 | R104: 0 | S104: 17.64
B105: 1B | C105: UTAH COUNTY ACADEMY OF SCIENCE (UCAS) | E105: 0 | F105: 0 | G105: 0 | H105: 0 | I105: 9.96 | J105: 0.2 | K105: 1.44 | L105: 0 | M105: 0 | N105: 2.59 | O105: 0 | P105: 0 | Q105: 1.29 | R105: 0 | S105: 15.48
B106: 92 | C106: UINTAH RIVER HIGH | E106: 0 | F106: 0 | G106: 0 | H106: 0 | I106: 6.17 | J106: 1 | K106: 0 | L106: 0 | M106: 0 | N106: 1 | O106: 0 | P106: 0 | Q106: 1 | R106: 0 | S106: 9.17
B107: 5F | C107: UTAH VIRTUAL ACADEMY | E107: 0 | F107: 0 | G107: 0.12 | H107: 5.38 | I107: 6 | J107: 1 | K107: 0 | L107: 0 | M107: 0 | N107: 0 | O107: 0 | P107: 1 | Q107: 1 | R107: 0 | S107: 14.5
B108: 3F | C108: VENTURE ACADEMY | E108: 0 | F108: 0 | G108: 0.5 | H108: 11.5 | I108: 7.05 | J108: 1 | K108: 0 | L108: 0 | M108: 0 | N108: 0 | O108: 0 | P108: 0 | Q108: 1 | R108: 0 | S108: 21.05
B109: 81 | C109: WALDEN SCHOOL OF LIBERAL ARTS | E109: 0 | F109: 0 | G109: 0 | H109: 5.14 | I109: 14.1 | J109: 0.25 | K109: 0 | L109: 0 | M109: 0.25 | N109: 0.25 | O109: 0 | P109: 0 | Q109: 0.24 | R109: 0 | S109: 20.22
B110: 4B | C110: WASATCH PEAK ACADEMY | E110: 0 | F110: 0 | G110: 1 | H110: 14 | I110: 0 | J110: 1.5 | K110: 0 | L110: 0 | M110: 0 | N110: 0 | O110: 0 | P110: 0 | Q110: 1 | R110: 0 | S110: 17.5
A111: Charter School Total | E111: 3.5 | F111: 0 | G111: 54.3 | H111: 583.69 | I111: 506.78 | J111: 85.21 | K111: 32.68 | L111: 6.79 | M111: 4.58 | N111: 22 | O111: 11.97 | P111: 12.24 | Q111: 67.7 | R111: 8.66 | S111: 1400.1
A112: State Total | E112: =E111+E45 -> 47.14 | F112: =F111+F45 -> 196.25 | G112: =G111+G45 -> 1148.32 | H112: =H111+H45 -> 10264.13 | I112: =I111+I45 -> 9562.37 | J112: =J111+J45 -> 2435.81 | K112: =K111+K45 -> 1014.6 | L112: =L111+L45 -> 511.73 | ... S112: =S111+S45 -> 28561.11
B116: 41 | C116: UTAH SCHOOLS FOR DEAF & BLIND | E116: 0 | F116: 17.7 | G116: 0 | H116: 0 | I116: 1 | J116: 103.75 | K116: 9.24 | L116: 17.01 | M116: 0 | N116: 0 | O116: 1 | P116: 2 | Q116: 0 | R116: 8.7 | S116: 160.39
E117: =E112+E116 -> 47.14 | F117: =F112+F116 -> 213.95 | G117: =G112+G116 -> 1148.32 | H117: =H112+H116 -> 10264.13 | I117: =I112+I116 -> 9563.37 | J117: =J112+J116 -> 2539.56 | K117: =K112+K116 -> 1023.84 | L117: =L112+L116 -> 528.74 | ... S117: =S112+S116 -> 28721.5

Sheet Classified FTEs
A1: CLASSIFIED PERSONNEL FTEs
A2: FY 2009
C4: 1000 Instruction | D4: 2000 Support Services | AD4: 3100 School Food Services | AH4: 3300 Community Services | AJ4: 4000 Facilities Acquistion/ Construction | AM4: TOTAL CLASSIFIED PERSONNEL
D5: 2100 Students | F5: 2200 Instructional Staff | H5: 2300 District Gen. Admin. | J5: 2400 Sch. Admin. | K5: 2500 Business | Q5: 2600 Maintenance & Operation | U5: 2700 Student Transportation | AA5: 2900 Other
B6: District | C6: Tchr. Aides & Para- professional | D6: Health Services Personnel | E6: Secretary/ Clerical | F6: Secretary/ Clerical | G6: Media Center Aides | H6: Supv. and Directors | I6: Secretary/ Clerical | J6: Secretary/ Clerical | K6: School Business Admin. | L6: Supv. and Directors | M6: Accounting Personnel | N6: Secretary/ Clerical | O6: Other Personnel | P6: TOTAL BUSINESS | Q6: Secretary/ Clerical | R6: Supervisors | S6: Custodians/ Maintenance | T6: TOTAL M&O | U6: Secretary/ Clerical | V6: Supervisors | W6: Bus Drivers | X6: Mechanics/ Garage Personnel | Y6: Other Personnel | Z6: TOTAL TRANS. | AA6: Supv. and Directors | AB6: Other Personnel | AC6: TOTAL OTHER | AD6: Supv. and Directors | AE6: Secretary/ Clerical | AF6: Food Service Personnel | AG6: TOTAL SCHOOL FOODS | AH6: Secretary/ Clerical | AI6: Other Personnel | AJ6: Building/ Construction | AK6: Supv. and Directors | AL6: TOTAL FACILITY/ CONSTR.
A7: 1 | B7: Alpine | C7: 599.19 | D7: 0 | E7: 25.99 | F7: 22.99 | G7: 57.16 | H7: 0 | I7: 2 | J7: 165.48 | K7: 1 | L7: 7 | M7: 3 | N7: 13.26 | O7: 75.86 | P7: =SUM(K7:O7) -> 100.12 | Q7: 3 | R7: 6 | S7: 325.23 | T7: =SUM(Q7:S7) -> 334.23 | U7: 5.75 | V7: 4 | W7: 176.85 | X7: 6 | Y7: 57.19 | Z7: =SUM(U7:Y7) -> 249.79 | AA7: 0 | AB7: 0 | AC7: =SUM(AA7:AB7) -> 0 | AD7: 5 | AE7: 2 | AF7: 253.79 | AG7: =SUM(AD7:AF7) -> 260.79 | AH7: 0 | AI7: 0 | AJ7: 0 | AK7: 0 | AL7: =SUM(AH7:AK7) -> 0 | AM7: 1817.74
A8: 2 | B8: Beaver | C8: 36.02 | D8: 0.2 | E8: 0 | F8: 0 | G8: 2.86 | H8: 0 | I8: 1.43 | J8: 5.89 | K8: 0 | L8: 0 | M8: 0 | N8: 1 | O8: 0 | P8: =SUM(K8:O8) -> 1 | Q8: 0 | R8: 0 | S8: 12.71 | T8: =SUM(Q8:S8) -> 12.71 | U8: 0.35 | V8: 0 | W8: 5 | X8: 0.49 | Y8: 0 | Z8: =SUM(U8:Y8) -> 5.84 | AA8: 0 | AB8: 0 | AC8: =SUM(AA8:AB8) -> 0 | AD8: 0 | AE8: 0.23 | AF8: 8 | AG8: =SUM(AD8:AF8) -> 8.23 | AH8: 0 | AI8: 0 | AJ8: 0.5 | AK8: 0.5 | AL8: =SUM(AH8:AK8) -> 1 | AM8: 75.18
A9: 3 | B9: Box Elder | C9: 213 | D9: 3 | E9: 4 | F9: 8 | G9: 12 | H9: 5 | I9: 1 | J9: 34 | K9: 0 | L9: 2 | M9: 4 | N9: 0 | O9: 0 | P9: =SUM(K9:O9) -> 6 | Q9: 1 | R9: 16 | S9: 62 | T9: =SUM(Q9:S9) -> 79 | U9: 1 | V9: 1 | W9: 76 | X9: 2 | Y9: 0 | Z9: =SUM(U9:Y9) -> 80 | AA9: 0 | AB9: 0 | AC9: =SUM(AA9:AB9) -> 0 | AD9: 1 | AE9: 1 | AF9: 90 | AG9: =SUM(AD9:AF9) -> 92 | AH9: 0 | AI9: 0 | AJ9: 0 | AK9: 0 | AL9: =SUM(AH9:AK9) -> 0 | AM9: 537
A10: 4 | B10: Cache | C10: 301.56 | D10: 2.5 | E10: 0.39 | F10: 0 | G10: 0 | H10: 0 | I10: 13.93 | J10: 35.85 | K10: 1 | L10: 1 | M10: 1 | N10: 2.86 | O10: 0 | P10: =SUM(K10:O10) -> 5.86 | Q10: 0 | R10: 10.57 | S10: 85.86 | T10: =SUM(Q10:S10) -> 96.43 | U10: 1.71 | V10: 3.66 | W10: 78.98 | X10: 5 | Y10: 1.71 | Z10: =SUM(U10:Y10) -> 91.06 | AA10: 2 | AB10: 17.31 | AC10: =SUM(AA10:AB10) -> 19.31 | AD10: 23 | AE10: 1 | AF10: 50.23 | AG10: =SUM(AD10:AF10) -> 74.23 | AH10: 0 | AI10: 0 | AJ10: 2 | AK10: 0 | AL10: =SUM(AH10:AK10) -> 2 | AM10: 643.12
A11: 5 | B11: Carbon | C11: 80.86 | D11: 0 | E11: 0 | F11: 0 | G11: 3.43 | H11: 2 | I11: 3.62 | J11: 15.52 | K11: 1 | L11: 0 | M11: 3.22 | N11: 2.2 | O11: 7.88 | P11: =SUM(K11:O11) -> 14.3 | Q11: 0.88 | R11: 1 | S11: 29.64 | T11: =SUM(Q11:S11) -> 31.52 | U11: 0.91 | V11: 1 | W11: 13.52 | X11: 4 | Y11: 0 | Z11: =SUM(U11:Y11) -> 19.43 | AA11: 0 | AB11: 0 | AC11: =SUM(AA11:AB11) -> 0 | AD11: 0.5 | AE11: 1.46 | AF11: 15.54 | AG11: =SUM(AD11:AF11) -> 17.5 | AH11: 0 | AI11: 0 | AJ11: 0 | AK11: 0 | AL11: =SUM(AH11:AK11) -> 0 | AM11: 188.18
A12: 6 | B12: Daggett | C12: 5.13 | D12: 0 | E12: 0 | F12: 0 | G12: 0 | H12: 0 | I12: 1 | J12: 1.5 | K12: 0.85 | L12: 0 | M12: 0 | N12: 0 | O12: 0 | P12: =SUM(K12:O12) -> 0.85 | Q12: 0 | R12: 0.5 | S12: 3.44 | T12: =SUM(Q12:S12) -> 3.94 | U12: 0.15 | V12: 0 | W12: 1.73 | X12: 0.5 | Y12: 0 | Z12: =SUM(U12:Y12) -> 2.38 | AA12: 0 | AB12: 0 | AC12: =SUM(AA12:AB12) -> 0 | AD12: 0 | AE12: 0 | AF12: 1.88 | AG12: =SUM(AD12:AF12) -> 1.88 | AH12: 0 | AI12: 0 | AJ12: 0.5 | AK12: 0 | AL12: =SUM(AH12:AK12) -> 0.5 | AM12: 17.18
A13: 7 | B13: Davis | C13: 1131.55 | D13: 0 | E13: 2 | F13: 92.99 | G13: 60.27 | H13: 12 | I13: 3.06 | J13: 164.28 | K13: 1 | L13: 4 | M13: 11 | N13: 36.16 | O13: 76.99 | P13: =SUM(K13:O13) -> 129.15 | Q13: 8.88 | R13: 6 | S13: 497.22 | T13: =SUM(Q13:S13) -> 512.1 | U13: 8.48 | V13: 2 | W13: 147.19 | X13: 12 | Y13: 60.71 | Z13: =SUM(U13:Y13) -> 230.38 | AA13: 4 | AB13: 59.83 | AC13: =SUM(AA13:AB13) -> 63.83 | AD13: 6.45 | AE13: 3.48 | AF13: 236.13 | AG13: =SUM(AD13:AF13) -> 246.06 | AH13: 0 | AI13: 0 | AJ13: 8 | AK13: 6 | AL13: =SUM(AH13:AK13) -> 14 | AM13: 2661.67
A14: 8 | B14: Duchesne | C14: 88.76 | D14: 1 | E14: 0 | F14: 0 | G14: 4.93 | H14: 0 | I14: 1 | J14: 19.73 | K14: 1 | L14: 0 | M14: 3.5 | N14: 3 | O14: 3 | P14: =SUM(K14:O14) -> 10.5 | Q14: 0 | R14: 1 | S14: 39.35 | T14: =SUM(Q14:S14) -> 40.35 | U14: 0.5 | V14: 1 | W14: 19.75 | X14: 3.38 | Y14: 0.25 | Z14: =SUM(U14:Y14) -> 24.88 | AA14: 0 | AB14: 0 | AC14: =SUM(AA14:AB14) -> 0 | AD14: 1 | AE14: 1 | AF14: 24.46 | AG14: =SUM(AD14:AF14) -> 26.46 | AH14: 0 | AI14: 0 | AJ14: 4 | AK14: 0 | AL14: =SUM(AH14:AK14) -> 4 | AM14: 221.61
A15: 9 | B15: Emery | C15: 35.51 | D15: 0 | E15: 0.88 | F15: 0 | G15: 8.52 | H15: 0 | I15: 1 | J15: 11 | K15: 1 | L15: 0 | M15: 2 | N15: 0 | O15: 0 | P15: =SUM(K15:O15) -> 3 | Q15: 1 | R15: 0 | S15: 32.25 | T15: =SUM(Q15:S15) -> 33.25 | U15: 1 | V15: 1 | W15: 8.7 | X15: 1 | Y15: 0 | Z15: =SUM(U15:Y15) -> 11.7 | AA15: 0 | AB15: 0 | AC15: =SUM(AA15:AB15) -> 0 | AD15: 1 | AE15: 0 | AF15: 12 | AG15: =SUM(AD15:AF15) -> 13 | AH15: 0 | AI15: 0 | AJ15: 0 | AK15: 1 | AL15: =SUM(AH15:AK15) -> 1 | AM15: 118.86
A16: 10 | B16: Garfield | C16: 24.71 | D16: 0.5 | E16: 0 | F16: 0 | G16: 4.49 | H16: 1 | I16: 1 | J16: 7 | K16: 1 | L16: 0 | M16: 1 | N16: 0 | O16: 0 | P16: =SUM(K16:O16) -> 2 | Q16: 0 | R16: 0 | S16: 8.93 | T16: =SUM(Q16:S16) -> 8.93 | U16: 0 | V16: 1 | W16: 3.91 | X16: 0 | Y16: 0 | Z16: =SUM(U16:Y16) -> 4.91 | AA16: 0 | AB16: 0 | AC16: =SUM(AA16:AB16) -> 0 | AD16: 1 | AE16: 0 | AF16: 6.52 | AG16: =SUM(AD16:AF16) -> 7.52 | AH16: 0 | AI16: 0.21 | AJ16: 0 | AK16: 1 | AL16: =SUM(AH16:AK16) -> 1.21 | AM16: 63.27
A17: 11 | B17: Grand | C17: 45.5 | D17: 0 | E17: 1 | F17: 0 | G17: 0 | H17: 0 | I17: 2 | J17: 8 | K17: 1 | L17: 1 | M17: 1 | N17: 0 | O17: 0 | P17: =SUM(K17:O17) -> 3 | Q17: 0 | R17: 1 | S17: 14.5 | T17: =SUM(Q17:S17) -> 15.5 | U17: 0 | V17: 1 | W17: 8 | X17: 1 | Y17: 0 | Z17: =SUM(U17:Y17) -> 10 | AA17: 2 | AB17: 1 | AC17: =SUM(AA17:AB17) -> 3 | AD17: 1 | AE17: 0 | AF17: 12 | AG17: =SUM(AD17:AF17) -> 13 | AH17: 0 | AI17: 0 | AJ17: 0 | AK17: 0 | AL17: =SUM(AH17:AK17) -> 0 | AM17: 101
A18: 12 | B18: Granite | C18: 616.93 | D18: 20.83 | E18: 71.37 | F18: 76.92 | G18: 32.97 | H18: 0 | I18: 6.5 | J18: 157.96 | K18: 1 | L18: 7.87 | M18: 2.87 | N18: 33.88 | O18: 51.48 | P18: =SUM(K18:O18) -> 97.1 | Q18: 7.5 | R18: 24.75 | S18: 457.71 | T18: =SUM(Q18:S18) -> 489.96 | U18: 3.5 | V18: 2 | W18: 144.59 | X18: 9 | Y18: 0 | Z18: =SUM(U18:Y18) -> 159.09 | AA18: 0 | AB18: 0 | AC18: =SUM(AA18:AB18) -> 0 | AD18: 34.56 | AE18: 26.58 | AF18: 362.94 | AG18: =SUM(AD18:AF18) -> 424.08 | AH18: 0 | AI18: 0 | AJ18: 77.95 | AK18: 1 | AL18: =SUM(AH18:AK18) -> 78.95 | AM18: 2232.66
... A46: 35 | B46: Weber | C46: 332.98 | D46: 14.33 | E46: 17.78 | F46: 10.01 | G46: 27.2 | H46: 1 | I46: 9.57 | J46: 66 | K46: 0 | L46: 0 | M46: 14.13 | N46: 0 | O46: 24 | P46: =SUM(K46:O46) -> 38.13 | Q46: 2 | R46: 2 | S46: 139.38 | T46: =SUM(Q46:S46) -> 143.38 | U46: 3.5 | V46: 2 | W46: 89.84 | X46: 8 | Y46: 23.62 | Z46: =SUM(U46:Y46) -> 126.96 | AA46: 0 | AB46: 0 | AC46: =SUM(AA46:AB46) -> 0 | AD46: 3 | AE46: 2 | AF46: 176.57 | AG46: =SUM(AD46:AF46) -> 181.57 | AH46: 0 | AI46: 0 | AJ46: 3.5 | AK46: 0 | AL46: =SUM(AH46:AK46) -> 3.5 | AM46: 972.41
B47: DISTRICT TOTAL | C47: =SUM(C7:C46) -> 7471.23 | D47: =SUM(D7:D46) -> 97.27 | E47: =SUM(E7:E46) -> 219.67 | F47: =SUM(F7:F46) -> 434.3 | G47: =SUM(G7:G46) -> 477.36 | H47: =SUM(H7:H46) -> 37.94 | I47: =SUM(I7:I46) -> 120.13 | J47: =SUM(J7:J46) -> 1526.61 | ... AM47: =SUM(AM7:AM46) -> 19662.63
B48: Charter School
A49: 8B | B49: American Leadership Acad | C49: 14.73 | D49: 0 | E49: 1 | F49: 0.47 | G49: 1 | H49: 0 | I49: 0 | J49: 8.5 | K49: 0 | L49: 0 | M49: 0 | N49: 0.5 | O49: 0 | P49: =SUM(K49:O49) -> 0.5 | Q49: 0 | R49: 0 | S49: 2 | T49: =SUM(Q49:S49) -> 2 | U49: 0 | V49: 0 | W49: 1.71 | X49: 0 | Y49: 0 | Z49: =SUM(U49:Y49) -> 1.71 | AA49: 0 | AB49: 0 | AC49: =SUM(AA49:AB49) -> 0 | AD49: 0.25 | AE49: 0 | AF49: 0.25 | AG49: =SUM(AD49:AF49) -> 0.5 | AH49: 0 | AI49: 0 | AJ49: 0 | AK49: 0 | AL49: =SUM(AJ49:AK49) -> 0 | AM49: 30.41
A50: 74 | B50: American Prep Academy | C50: 14.9 | D50: 0 | E50: 0 | F50: 0 | G50: 0 | H50: 0 | I50: 0 | J50: 12.45 | K50: 0 | L50: 0 | M50: 0 | N50: 0 | O50: 0 | P50: =SUM(K50:O50) -> 0 | Q50: 0 | R50: 0 | S50: 1.95 | T50: =SUM(Q50:S50) -> 1.95 | U50: 0 | V50: 0 | W50: 0 | X50: 0 | Y50: 0 | Z50: =SUM(U50:Y50) -> 0 | AA50: 0 | AB50: 0 | AC50: =SUM(AA50:AB50) -> 0 | AD50: 0 | AE50: 0 | AF50: 0 | AG50: =SUM(AD50:AF50) -> 0 | AH50: 0 | AI50: 0 | AJ50: 0 | AK50: 0 | AL50: =SUM(AJ50:AK50) -> 0 | AM50: 29.3
A51: 83 | B51: AMES | C51: 4.13 | D51: 0 | E51: 0.5 | F51: 0 | G51: 0 | H51: 0 | I51: 0 | J51: 1 | K51: 1 | L51: 0 | M51: 0.13 | N51: 0 | O51: 0 | P51: =SUM(K51:O51) -> 1.13 | Q51: 0 | R51: 0 | S51: 0 | T51: =SUM(Q51:S51) -> 0 | U51: 0 | V51: 0 | W51: 0 | X51: 0 | Y51: 0 | Z51: =SUM(U51:Y51) -> 0 | AA51: 0 | AB51: 1.32 | AC51: =SUM(AA51:AB51) -> 1.32 | AD51: 0 | AE51: 0 | AF51: 0 | AG51: =SUM(AD51:AF51) -> 0 | AH51: 0 | AI51: 0 | AJ51: 0 | AK51: 0 | AL51: =SUM(AJ51:AK51) -> 0 | AM51: 8.08
A52: 3B | B52: BSTA | C52: 0 | D52: 0 | E52: 0.6 | F52: 0.4 | G52: 0 | H52: 0 | I52: 0 | J52: 1 | K52: 0 | L52: 0 | M52: 0.1 | N52: 0 | O52: 0 | P52: =SUM(K52:O52) -> 0.1 | Q52: 0 | R52: 0 | S52: 1 | T52: =SUM(Q52:S52) -> 1 | U52: 0 | V52: 0 | W52: 0 | X52: 0 | Y52: 0 | Z52: =SUM(U52:Y52) -> 0 | AA52: 0 | AB52: 0 | AC52: =SUM(AA52:AB52) -> 0 | AD52: 0 | AE52: 0 | AF52: 0 | AG52: =SUM(AD52:AF52) -> 0 | AH52: 0 | AI52: 0 | AJ52: 0 | AK52: 0 | AL52: =SUM(AJ52:AK52) -> 0 | AM52: 3.1
A53: 9D | B53: Canyon Rim Academy | C53: 8.65 | D53: 0 | E53: 0 | F53: 0 | G53: 0 | H53: 2 | I53: 0 | J53: 2.21 | K53: 1 | L53: 0 | M53: 0 | N53: 0 | O53: 0 | P53: =SUM(K53:O53) -> 1 | Q53: 0 | R53: 0 | S53: 1.65 | T53: =SUM(Q53:S53) -> 1.65 | U53: 0 | V53: 0 | W53: 0 | X53: 0 | Y53: 0 | Z53: =SUM(U53:Y53) -> 0 | AA53: 0 | AB53: 0 | AC53: =SUM(AA53:AB53) -> 0 | AD53: 0.76 | AE53: 0.25 | AF53: 0.88 | AG53: =SUM(AD53:AF53) -> 1.89 | AH53: 0 | AI53: 0 | AJ53: 0 | AK53: 0 | AL53: =SUM(AJ53:AK53) -> 0 | AM53: 17.4
A54: 84 | B54: CBA Center | C54: 1.25 | D54: 0 | E54: 0 | F54: 0 | G54: 0 | H54: 0 | I54: 0 | J54: 0 | K54: 0 | L54: 0 | M54: 0 | N54: 0 | O54: 0 | P54: =SUM(K54:O54) -> 0 | Q54: 0 | R54: 0 | S54: 0.31 | T54: =SUM(Q54:S54) -> 0.31 | U54: 0 | V54: 0 | W54: 0.47 | X54: 0 | Y54: 0 | Z54: =SUM(U54:Y54) -> 0.47 | AA54: 0 | AB54: 0 | AC54: =SUM(AA54:AB54) -> 0 | AD54: 0 | AE54: 0 | AF54: 0 | AG54: =SUM(AD54:AF54) -> 0 | AH54: 0 | AI54: 0 | AJ54: 0 | AK54: 0 | AL54: =SUM(AJ54:AK54) -> 0 | AM54: 2.03
A55: 2D | B55: Channing Hall | C55: 11.1 | D55: 0 | E55: 0 | F55: 0 | G55: 1.47 | H55: 0 | I55: 0 | J55: 2 | K55: 1 | L55: 0 | M55: 0.42 | N55: 0 | O55: 0 | P55: =SUM(K55:O55) -> 1.42 | Q55: 0 | R55: 1 | S55: 1.92 | T55: =SUM(Q55:S55) -> 2.92 | U55: 0 | V55: 0 | W55: 0 | X55: 0 | Y55: 0 | Z55: =SUM(U55:Y55) -> 0 | AA55: 0 | AB55: 0 | AC55: =SUM(AA55:AB55) -> 0 | AD55: 0 | AE55: 0 | AF55: 0 | AG55: =SUM(AD55:AF55) -> 0 | AH55: 0 | AI55: 0 | AJ55: 0 | AK55: 0 | AL55: =SUM(AJ55:AK55) -> 0 | AM55: 18.91
A56: 87 | B56: City Academy | C56: 6.66 | D56: 0 | E56: 1 | F56: 0 | G56: 0.69 | H56: 0 | I56: 0 | J56: 0 | K56: 0.5 | L56: 0 | M56: 0 | N56: 0.22 | O56: 0 | P56: =SUM(K56:O56) -> 0.72 | Q56: 0 | R56: 1 | S56: 0.97 | T56: =SUM(Q56:S56) -> 1.97 | U56: 0 | V56: 0 | W56: 0 | X56: 0 | Y56: 0 | Z56: =SUM(U56:Y56) -> 0 | AA56: 0 | AB56: 0 | AC56: =SUM(AA56:AB56) -> 0 | AD56: 0 | AE56: 0 | AF56: 0 | AG56: =SUM(AD56:AF56) -> 0 | AH56: 0.39 | AI56: 1 | AJ56: 0 | AK56: 0 | AL56: =SUM(AJ56:AK56) -> 0 | AM56: 12.43
A57: 3E | B57: CS Lewis Academy | C57: 3 | D57: 0 | E57: 0 | F57: 0 | G57: 0 | H57: 0 | I57: 0 | J57: 1 | K57: 0 | L57: 0 | M57: 0 | N57: 0 | O57: 0 | P57: =SUM(K57:O57) -> 0 | Q57: 0 | R57: 0 | S57: 1 | T57: =SUM(Q57:S57) -> 1 | U57: 0 | V57: 0 | W57: 0 | X57: 0 | Y57: 0 | Z57: =SUM(U57:Y57) -> 0 | AA57: 0 | AB57: 0 | AC57: =SUM(AA57:AB57) -> 0 | AD57: 0 | AE57: 0 | AF57: 0 | AG57: =SUM(AD57:AF57) -> 0 | AH57: 0 | AI57: 0 | AJ57: 0 | AK57: 0 | AL57: =SUM(AJ57:AK57) -> 0 | AM57: 5
A58: A3 | B58: DaVinci Academy | C58: 2.8 | D58: 1 | E58: 0 | F58: 0 | G58: 0 | H58: 0 | I58: 0 | J58: 2 | K58: 1 | L58: 0 | M58: 0 | N58: 0 | O58: 1 | P58: =SUM(K58:O58) -> 2 | Q58: 0 | R58: 0 | S58: 1 | T58: =SUM(Q58:S58) -> 1 | U58: 0 | V58: 0 | W58: 0 | X58: 0 | Y58: 0 | Z58: =SUM(U58:Y58) -> 0 | AA58: 0 | AB58: 0 | AC58: =SUM(AA58:AB58) -> 0 | AD58: 1 | AE58: 0 | AF58: 1.3 | AG58: =SUM(AD58:AF58) -> 2.3 | AH58: 0 | AI58: 0 | AJ58: 0 | AK58: 0 | AL58: =SUM(AJ58:AK58) -> 0 | AM58: 11.1
A59: 4E | B59: Dual Immersion Academy | C59: 7 | D59: 0 | E59: 0 | F59: 0 | G59: 0 | H59: 2 | I59: 2 | J59: 0 | K59: 0 | L59: 0 | M59: 1 | N59: 0 | O59: 0 | P59: =SUM(K59:O59) -> 1 | Q59: 0 | R59: 1 | S59: 2 | T59: =SUM(Q59:S59) -> 3 | U59: 0 | V59: 0 | W59: 0 | X59: 0 | Y59: 0 | Z59: =SUM(U59:Y59) -> 0 | AA59: 0 | AB59: 0 | AC59: =SUM(AA59:AB59) -> 0 | AD59: 0 | AE59: 0 | AF59: 3 | AG59: =SUM(AD59:AF59) -> 3 | AH59: 0 | AI59: 4 | AJ59: 0 | AK59: 0 | AL59: =SUM(AJ59:AK59) -> 0 | AM59: 22
A60: A8 | B60: East Hollywood High School | C60: 2.5 | D60: 0 | E60: 0 | F60: 0 | G60: 0.75 | H60: 1 | I60: 0 | J60: 2 | K60: 0.6 | L60: 0 | M60: 0 | N60: 0 | O60: 0 | P60: =SUM(K60:O60) -> 0.6 | Q60: 0 | R60: 0 | S60: 2 | T60: =SUM(Q60:S60) -> 2 | U60: 0 | V60: 0 | W60: 0 | X60: 0 | Y60: 0 | Z60: =SUM(U60:Y60) -> 0 | AA60: 0 | AB60: 0.5 | AC60: =SUM(AA60:AB60) -> 0.5 | AD60: 0 | AE60: 0 | AF60: 0.2 | AG60: =SUM(AD60:AF60) -> 0.2 | AH60: 0 | AI60: 0 | AJ60: 0 | AK60: 0 | AL60: =SUM(AJ60:AK60) -> 0 | AM60: 9.55
A61: 5E | B61: Edith Bowen Lab School | C61: 0.38 | D61: 0 | E61: 0.78 | F61: 0 | G61: 0 | H61: 0 | I61: 0 | J61: 1 | K61: 0 | L61: 0 | M61: 1 | N61: 0 | O61: 0 | P61: =SUM(K61:O61) -> 1 | Q61: 0 | R61: 0 | S61: 0 | T61: =SUM(Q61:S61) -> 0 | U61: 0 | V61: 0 | W61: 0 | X61: 0 | Y61: 0 | Z61: =SUM(U61:Y61) -> 0 | AA61: 0 | AB61: 0 | AC61: =SUM(AA61:AB61) -> 0 | AD61: 1 | AE61: 0 | AF61: 0.5 | AG61: =SUM(AD61:AF61) -> 1.5 | AH61: 0 | AI61: 0 | AJ61: 0 | AK61: 0 | AL61: =SUM(AJ61:AK61) -> 0 | AM61: 4.66
A62: 3C | B62: Entheos Academy | C62: 6.6 | D62: 0 | E62: 0 | F62: 0 | G62: 0.6 | H62: 0 | I62: 0.1 | J62: 1.7 | K62: 0 | L62: 0 | M62: 0 | N62: 0.3 | O62: 0 | P62: =SUM(K62:O62) -> 0.3 | Q62: 0 | R62: 0 | S62: 1 | T62: =SUM(Q62:S62) -> 1 | U62: 0 | V62: 0 | W62: 0 | X62: 0 | Y62: 0 | Z62: =SUM(U62:Y62) -> 0 | AA62: 0 | AB62: 0 | AC62: =SUM(AA62:AB62) -> 0 | AD62: 0 | AE62: 0.4 | AF62: 1.6 | AG62: =SUM(AD62:AF62) -> 2 | AH62: 0 | AI62: 0 | AJ62: 0 | AK62: 0 | AL62: =SUM(AJ62:AK62) -> 0 | AM62: 12.3
A63: 98 | B63: Fast Forward High School | C63: 2.5 | D63: 0 | E63: 0 | F63: 0 | G63: 0.5 | H63: 0.5 | I63: 1 | J63: 0 | K63: 0.5 | L63: 0 | M63: 0 | N63: 0 | O63: 1 | P63: =SUM(K63:O63) -> 1.5 | Q63: 0 | R63: 0 | S63: 1 | T63: =SUM(Q63:S63) -> 1 | U63: 0 | V63: 0 | W63: 0 | X63: 0 | Y63: 0 | Z63: =SUM(U63:Y63) -> 0 | AA63: 0 | AB63: 0 | AC63: =SUM(AA63:AB63) -> 0 | AD63: 0 | AE63: 0 | AF63: 0 | AG63: =SUM(AD63:AF63) -> 0 | AH63: 0 | AI63: 0 | AJ63: 0 | AK63: 0 | AL63: =SUM(AJ63:AK63) -> 0 | AM63: 7
A64: 82 | B64: Freedom Academy | C64: 9.75 | D64: 0 | E64: 2 | F64: 0 | G64: 0.5 | H64: 0 | I64: 0 | J64: 0 | K64: 1 | L64: 0 | M64: 0 | N64: 0.5 | O64: 0 | P64: =SUM(K64:O64) -> 1.5 | Q64: 0 | R64: 1 | S64: 1 | T64: =SUM(Q64:S64) -> 2 | U64: 0 | V64: 0 | W64: 0 | X64: 0 | Y64: 0 | Z64: =SUM(U64:Y64) -> 0 | AA64: 0 | AB64: 0 | AC64: =SUM(AA64:AB64) -> 0 | AD64: 0 | AE64: 0 | AF64: 6.69 | AG64: =SUM(AD64:AF64) -> 6.69 | AH64: 0 | AI64: 0 | AJ64: 0 | AK64: 0 | AL64: =SUM(AJ64:AK64) -> 0 | AM64: 22.44
A65: 7E | B65: Gateway Prep Academy | C65: 21.75 | D65: 0.79 | E65: 0 | F65: 0 | G65: 1.43 | H65: 0 | I65: 2 | J65: 0 | K65: 0 | L65: 0 | M65: 0 | N65: 0 | O65: 0 | P65: =SUM(K65:O65) -> 0 | Q65: 0 | R65: 0 | S65: 1.96 | T65: =SUM(Q65:S65) -> 1.96 | U65: 0 | V65: 0 | W65: 0 | X65: 0 | Y65: 0 | Z65: =SUM(U65:Y65) -> 0 | AA65: 0 | AB65: 0 | AC65: =SUM(AA65:AB65) -> 0 | AD65: 0 | AE65: 0 | AF65: 0 | AG65: =SUM(AD65:AF65) -> 0 | AH65: 0 | AI65: 0 | AJ65: 0 | AK65: 0 | AL65: =SUM(AJ65:AK65) -> 0 | AM65: 27.93
A66: 5D | B66: George Washington | C66: 4.95 | D66: 0 | E66: 0 | F66: 0.13 | G66: 0.18 | H66: 0 | I66: 0 | J66: 0 | K66: 0 | L66: 0 | M66: 0 | N66: 1.09 | O66: 0 | P66: =SUM(K66:O66) -> 1.09 | Q66: 0 | R66: 0 | S66: 1 | T66: =SUM(Q66:S66) -> 1 | U66: 0 | V66: 0 | W66: 0 | X66: 0 | Y66: 0 | Z66: =SUM(U66:Y66) -> 0 | AA66: 0 | AB66: 0 | AC66: =SUM(AA66:AB66) -> 0 | AD66: 0 | AE66: 0 | AF66: 0 | AG66: =SUM(AD66:AF66) -> 0 | AH66: 0 | AI66: 0 | AJ66: 0 | AK66: 0 | AL66: =SUM(AJ66:AK66) -> 0 | AM66: 7.35
A67: 1E | B67: Guadalupe | C67: 4.5 | D67: 0 | E67: 0.25 | F67: 0 | G67: 0.5 | H67: 0.33 | I67: 0 | J67: 1 | K67: 0.5 | L67: 0 | M67: 0.75 | N67: 0 | O67: 0 | P67: =SUM(K67:O67) -> 1.25 | Q67: 0 | R67: 0 | S67: 0 | T67: =SUM(Q67:S67) -> 0 | U67: 0 | V67: 0 | W67: 1.5 | X67: 0 | Y67: 0 | Z67: =SUM(U67:Y67) -> 1.5 | AA67: 0 | AB67: 0 | AC67: =SUM(AA67:AB67) -> 0 | AD67: 0 | AE67: 0 | AF67: 1.38 | AG67: =SUM(AD67:AF67) -> 1.38 | AH67: 0 | AI67: 0 | AJ67: 0 | AK67: 0 | AL67: =SUM(AJ67:AK67) -> 0 | AM67: 10.71
A68: 2C | B68: Intech | C68: 1.63 | D68: 0 | E68: 0 | F68: 0 | G68: 0 | H68: 0 | I68: 0 | J68: 0.69 | K68: 0.3 | L68: 0 | M68: 0 | N68: 0 | O68: 0 | P68: =SUM(K68:O68) -> 0.3 | Q68: 0 | R68: 0 | S68: 0.75 | T68: =SUM(Q68:S68) -> 0.75 | U68: 0 | V68: 0 | W68: 0 | X68: 0 | Y68: 0 | Z68: =SUM(U68:Y68) -> 0 | AA68: 0 | AB68: 0 | AC68: =SUM(AA68:AB68) -> 0 | AD68: 0 | AE68: 0 | AF68: 0.31 | AG68: =SUM(AD68:AF68) -> 0.31 | AH68: 0 | AI68: 1 | AJ68: 0 | AK68: 0 | AL68: =SUM(AJ68:AK68) -> 0 | AM68: 4.68
A69: A5 | B69: Itineris | C69: 0 | D69: 0 | E69: 0 | F69: 0 | G69: 0 | H69: 0 | I69: 0 | J69: 3 | K69: 0 | L69: 0 | M69: 0 | N69: 0 | O69: 0 | P69: =SUM(K69:O69) -> 0 | Q69: 0 | R69: 0 | S69: 0 | T69: =SUM(Q69:S69) -> 0 | U69: 0 | V69: 0 | W69: 0 | X69: 0 | Y69: 0 | Z69: =SUM(U69:Y69) -> 0 | AA69: 0 | AB69: 0 | AC69: =SUM(AA69:AB69) -> 0 | AD69: 0 | AE69: 0 | AF69: 0 | AG69: =SUM(AD69:AF69) -> 0 | AH69: 0 | AI69: 0 | AJ69: 0 | AK69: 0 | AL69: =SUM(AJ69:AK69) -> 0 | AM69: 3
A70: 93 | B70: John Hancock | C70: 5.12 | D70: 0 | E70: 0 | F70: 0 | G70: 0.09 | H70: 0 | I70: 0 | J70: 1 | K70: 1 | L70: 0 | M70: 0 | N70: 0 | O70: 0 | P70: =SUM(K70:O70) -> 1 | Q70: 0 | R70: 0 | S70: 0 | T70: =SUM(Q70:S70) -> 0 | U70: 0 | V70: 0 | W70: 0 | X70: 0 | Y70: 0 | Z70: =SUM(U70:Y70) -> 0 | AA70: 0 | AB70: 0 | AC70: =SUM(AA70:AB70) -> 0 | AD70: 0 | AE70: 0 | AF70: 0 | AG70: =SUM(AD70:AF70) -> 0 | AH70: 0 | AI70: 0 | AJ70: 0 | AK70: 0 | AL70: =SUM(AJ70:AK70) -> 0 | AM70: 7.21
A71: 2E | B71: Karl G Maeser Prep Academy | C71: 0 | D71: 0 | E71: 0 | F71: 0 | G71: 0 | H71: 0 | I71: 0.2 | J71: 1.8 | K71: 0 | L71: 0 | M71: 0 | N71: 0 | O71: 0.65 | P71: =SUM(K71:O71) -> 0.65 | Q71: 0 | R71: 0 | S71: 0 | T71: =SUM(Q71:S71) -> 0 | U71: 0 | V71: 0 | W71: 0 | X71: 0 | Y71: 0 | Z71: =SUM(U71:Y71) -> 0 | AA71: 0 | AB71: 0 | AC71: =SUM(AA71:AB71) -> 0 | AD71: 0 | AE71: 0 | AF71: 0 | AG71: =SUM(AD71:AF71) -> 0 | AH71: 0 | AI71: 0 | AJ71: 0 | AK71: 0 | AL71: =SUM(AJ71:AK71) -> 0 | AM71: 2.65
A72: 4C | B72: Lakeview Academy | C72: 19.75 | D72: 0 | E72: 0 | F72: 0 | G72: 0 | H72: 2 | I72: 0 | J72: 2.5 | K72: 0 | L72: 0 | M72: 0 | N72: 0 | O72: 0 | P72: =SUM(K72:O72) -> 0 | Q72: 0 | R72: 0 | S72: 3 | T72: =SUM(Q72:S72) -> 3 | U72: 0 | V72: 0 | W72: 0 | X72: 0 | Y72: 0 | Z72: =SUM(U72:Y72) -> 0 | AA72: 0 | AB72: 0 | AC72: =SUM(AA72:AB72) -> 0 | AD72: 0 | AE72: 0 | AF72: 2 | AG72: =SUM(AD72:AF72) -> 2 | AH72: 0 | AI72: 0 | AJ72: 0 | AK72: 0 | AL72: =SUM(AJ72:AK72) -> 0 | AM72: 29.25
A73: 5C | B73: Legacy Prep Academy | C73: 23.76 | D73: 0 | E73: 0 | F73: 0 | G73: 1 | H73: 3 | I73: 1 | J73: 1 | K73: 1 | L73: 2 | M73: 0 | N73: 1 | O73: 0 | P73: =SUM(K73:O73) -> 4 | Q73: 0 | R73: 1 | S73: 2.4 | T73: =SUM(Q73:S73) -> 3.4 | U73: 0 | V73: 0 | W73: 0 | X73: 0 | Y73: 0 | Z73: =SUM(U73:Y73) -> 0 | AA73: 0 | AB73: 0 | AC73: =SUM(AA73:AB73) -> 0 | AD73: 0 | AE73: 0 | AF73: 0 | AG73: =SUM(AD73:AF73) -> 0 | AH73: 0 | AI73: 0 | AJ73: 0 | AK73: 0 | AL73: =SUM(AJ73:AK73) -> 0 | AM73: 37.16
A74: 6C | B74: Liberty Academy | C74: 13 | D74: 0 | E74: 0 | F74: 1 | G74: 0.88 | H74: 0 | I74: 0 | J74: 1 | K74: 0.5 | L74: 0 | M74: 0 | N74: 0 | O74: 0 | P74: =SUM(K74:O74) -> 0.5 | Q74: 0 | R74: 0 | S74: 1 | T74: =SUM(Q74:S74) -> 1 | U74: 0 | V74: 0 | W74: 0 | X74: 0 | Y74: 0 | Z74: =SUM(U74:Y74) -> 0 | AA74: 0 | AB74: 0 | AC74: =SUM(AA74:AB74) -> 0 | AD74: 0 | AE74: 0 | AF74: 0 | AG74: =SUM(AD74:AF74) -> 0 | AH74: 0 | AI74: 0 | AJ74: 0 | AK74: 0 | AL74: =SUM(AJ74:AK74) -> 0 | AM74: 17.38
A75: 2B | B75: Lincoln Academy | C75: 22.34 | D75: 0 | E75: 0 | F75: 0 | G75: 1 | H75: 0 | I75: 0.1 | J75: 1.9 | K75: 1 | L75: 0 | M75: 0.64 | N75: 0 | O75: 0.46 | P75: =SUM(K75:O75) -> 2.1 | Q75: 0 | R75: 0 | S75: 0 | T75: =SUM(Q75:S75) -> 0 | U75: 0 | V75: 0 | W75: 0 | X75: 0 | Y75: 0 | Z75: =SUM(U75:Y75) -> 0 | AA75: 0 | AB75: 0 | AC75: =SUM(AA75:AB75) -> 0 | AD75: 0 | AE75: 0 | AF75: 0 | AG75: =SUM(AD75:AF75) -> 0 | AH75: 0 | AI75: 0 | AJ75: 0 | AK75: 0 | AL75: =SUM(AJ75:AK75) -> 0 | AM75: 27.44
A76: 8E | B76: Merit College Prep Academy | C76: 0 | D76: 0 | E76: 0 | F76: 0 | G76: 0 | H76: 0 | I76: 0 | J76: 0 | K76: 0 | L76: 0 | M76: 0 | N76: 0 | O76: 0 | P76: =SUM(K76:O76) -> 0 | Q76: 0 | R76: 0 | S76: 0 | T76: =SUM(Q76:S76) -> 0 | U76: 0 | V76: 0 | W76: 0 | X76: 0 | Y76: 0 | Z76: =SUM(U76:Y76) -> 0 | AA76: 0 | AB76: 0 | AC76: =SUM(AA76:AB76) -> 0 | AD76: 0 | AE76: 0 | AF76: 0 | AG76: =SUM(AD76:AF76) -> 0 | AH76: 0 | AI76: 0 | AJ76: 0 | AK76: 0 | AL76: =SUM(AJ76:AK76) -> 0 | AM76: 0
A77: A7 | B77: Moab Community School | C77: 1.76 | D77: 0 | E77: 0 | F77: 0 | G77: 0 | H77: 0 | I77: 1 | J77: 0 | K77: 0 | L77: 0 | M77: 0.5 | N77: 0 | O77: 0 | P77: =SUM(K77:O77) -> 0.5 | Q77: 0 | R77: 0 | S77: 0 | T77: =SUM(Q77:S77) -> 0 | U77: 0 | V77: 0 | W77: 0 | X77: 0 | Y77: 0 | Z77: =SUM(U77:Y77) -> 0 | AA77: 0 | AB77: 0 | AC77: =SUM(AA77:AB77) -> 0 | AD77: 0 | AE77: 0 | AF77: 0.88 | AG77: =SUM(AD77:AF77) -> 0.88 | AH77: 0 | AI77: 0 | AJ77: 0 | AK77: 0 | AL77: =SUM(AJ77:AK77) -> 0 | AM77: 4.14
A78: 7C | B78: Monticello Acad | C78: 6.24 | D78: 0 | E78: 0 | F78: 0.9 | G78: 1 | H78: 1 | I78: 0 | J78: 2 | K78: 0 | L78: 0 | M78: 0 | N78: 0 | O78: 0 | P78: =SUM(K78:O78) -> 0 | Q78: 0 | R78: 0.25 | S78: 1.2 | T78: =SUM(Q78:S78) -> 1.45 | U78: 0 | V78: 0 | W78: 0 | X78: 0 | Y78: 0 | Z78: =SUM(U78:Y78) -> 0 | AA78: 0.5 | AB78: 0 | AC78: =SUM(AA78:AB78) -> 0.5 | AD78: 1 | AE78: 0.88 | AF78: 3.08 | AG78: =SUM(AD78:AF78) -> 4.96 | AH78: 0 | AI78: 0 | AJ78: 0 | AK78: 0 | AL78: =SUM(AJ78:AK78) -> 0 | AM78: 18.05
A79: 8C | B79: Mountainville Acad | C79: 12 | D79: 0 | E79: 0 | F79: 0 | G79: 0 | H79: 0 | I79: 0 | J79: 2.5 | K79: 0 | L79: 1 | M79: 0 | N79: 0 | O79: 0 | P79: =SUM(K79:O79) -> 1 | Q79: 0 | R79: 0 | S79: 2.5 | T79: =SUM(Q79:S79) -> 2.5 | U79: 0 | V79: 0 | W79: 0.5 | X79: 0 | Y79: 0 | Z79: =SUM(U79:Y79) -> 0.5 | AA79: 0 | AB79: 0 | AC79: =SUM(AA79:AB79) -> 0 | AD79: 0 | AE79: 0 | AF79: 0 | AG79: =SUM(AD79:AF79) -> 0 | AH79: 0 | AI79: 0 | AJ79: 0 | AK79: 0 | AL79: =SUM(AJ79:AK79) -> 0 | AM79: 18.5
A80: 9B | B80: Navigator Pointe | C80: 11.94 | D80: 3.18 | E80: 0 | F80: 0 | G80: 0 | H80: 0 | I80: 0 | J80: 1.74 | K80: 0 | L80: 0 | M80: 0 | N80: 0 | O80: 0 | P80: =SUM(K80:O80) -> 0 | Q80: 0 | R80: 0 | S80: 1.94 | T80: =SUM(Q80:S80) -> 1.94 | U80: 0 | V80: 0 | W80: 0 | X80: 0 | Y80: 0 | Z80: =SUM(U80:Y80) -> 0 | AA80: 0 | AB80: 0 | AC80: =SUM(AA80:AB80) -> 0 | AD80: 0 | AE80: 0 | AF80: 0 | AG80: =SUM(AD80:AF80) -> 0 | AH80: 0 | AI80: 0 | AJ80: 0 | AK80: 0 | AL80: =SUM(AJ80:AK80) -> 0 | AM80: 18.8
A81: 6D | B81: Noah Webster | C81: 10.68 | D81: 0.1 | E81: 0.71 | F81: 0.89 | G81: 1 | H81: 0 | I81: 0 | J81: 1 | K81: 0.7 | L81: 0 | M81: 0 | N81: 0 | O81: 0 | P81: =SUM(K81:O81) -> 0.7 | Q81: 0 | R81: 0 | S81: 0 | T81: =SUM(Q81:S81) -> 0 | U81: 0 | V81: 0 | W81: 0 | X81: 0 | Y81: 0 | Z81: =SUM(U81:Y81) -> 0 | AA81: 0 | AB81: 0 | AC81: =SUM(AA81:AB81) -> 0 | AD81: 0.2 | AE81: 0 | AF81: 0 | AG81: =SUM(AD81:AF81) -> 0.2 | AH81: 0 | AI81: 0 | AJ81: 0 | AK81: 0 | AL81: =SUM(AJ81:AK81) -> 0 | AM81: 15.28
A82: A6 | B82: North Davis Prep | C82: 10.43 | D82: 0 | E82: 0 | F82: 0 | G82: 0.23 | H82: 0 | I82: 0 | J82: 3.53 | K82: 0 | L82: 0 | M82: 0 | N82: 0 | O82: 0 | P82: =SUM(K82:O82) -> 0 | Q82: 0 | R82: 1 | S82: 2.05 | T82: =SUM(Q82:S82) -> 3.05 | U82: 0 | V82: 0 | W82: 0 | X82: 0 | Y82: 0 | Z82: =SUM(U82:Y82) -> 0 | AA82: 0 | AB82: 1.05 | AC82: =SUM(AA82:AB82) -> 1.05 | AD82: 1 | AE82: 0 | AF82: 3.18 | AG82: =SUM(AD82:AF82) -> 4.18 | AH82: 0 | AI82: 0 | AJ82: 0 | AK82: 0 | AL82: =SUM(AJ82:AK82) -> 0 | AM82: 22.47
... A85: 1C | B85: Odyssey | C85: 8.64 | D85: 0 | E85: 0 | F85: 0 | G85: 0.5 | H85: 0 | I85: 0 | J85: 2 | K85: 1 | L85: 0 | M85: 0 | N85: 0 | O85: 0 | P85: =SUM(K85:O85) -> 1 | Q85: 0 | R85: 0 | S85: 2.2 | T85: =SUM(Q85:S85) -> 2.2 | U85: 0 | V85: 0 | W85: 0 | X85: 0 | Y85: 0 | Z85: =SUM(U85:Y85) -> 0 | AA85: 0 | AB85: 0 | AC85: =SUM(AA85:AB85) -> 0 | AD85: 0 | AE85: 0 | AF85: 0 | AG85: =SUM(AD85:AF85) -> 0 | AH85: 0 | AI85: 0 | AJ85: 0 | AK85: 0 | AL85: =SUM(AJ85:AK85) -> 0 | AM85: 14.34
A86: 68 | B86: Ogden Prep | C86: 13.11 | D86: 0 | E86: 0 | F86: 0 | G86: 1 | H86: 0 | I86: 0 | J86: 2.67 | K86: 0 | L86: 0 | M86: 0 | N86: 0 | O86: 0 | P86: =SUM(K86:O86) -> 0 | Q86: 0 | R86: 0 | S86: 0 | T86: =SUM(Q86:S86) -> 0 | U86: 0 | V86: 0 | W86: 0 | X86: 0 | Y86: 0 | Z86: =SUM(U86:Y86) -> 0 | AA86: 0 | AB86: 0 | AC86: =SUM(AA86:AB86) -> 0 | AD86: 1 | AE86: 0 | AF86: 2.39 | AG86: =SUM(AD86:AF86) -> 3.39 | AH86: 0 | AI86: 0 | AJ86: 0 | AK86: 0 | AL86: =SUM(AJ86:AK86) -> 0 | AM86: 20.17
A87: 8D | B87: Open Classroom | C87: 4.5 | D87: 0 | E87: 0 | F87: 0 | G87: 0 | H87: 0 | I87: 0 | J87: 1.4 | K87: 0 | L87: 0 | M87: 0 | N87: 0 | O87: 0 | P87: =SUM(K87:O87) -> 0 | Q87: 0 | R87: 0 | S87: 2.5 | T87: =SUM(Q87:S87) -> 2.5 | U87: 0 | V87: 0 | W87: 0 | X87: 0 | Y87: 0 | Z87: =SUM(U87:Y87) -> 0 | AA87: 0 | AB87: 0 | AC87: =SUM(AA87:AB87) -> 0 | AD87: 0 | AE87: 0 | AF87: 2.45 | AG87: =SUM(AD87:AF87) -> 2.45 | AH87: 0 | AI87: 0 | AJ87: 0 | AK87: 0 | AL87: =SUM(AJ87:AK87) -> 0 | AM87: 10.85
A88: 9C | B88: Paradigm High School | C88: 0 | D88: 0 | E88: 1 | F88: 0 | G88: 2 | H88: 0 | I88: 1.33 | J88: 1.33 | K88: 0 | L88: 0 | M88: 0 | N88: 0.34 | O88: 0 | P88: =SUM(K88:O88) -> 0.34 | Q88: 0 | R88: 0 | S88: 1 | T88: =SUM(Q88:S88) -> 1 | U88: 0 | V88: 0 | W88: 0 | X88: 0 | Y88: 0 | Z88: =SUM(U88:Y88) -> 0 | AA88: 0 | AB88: 0 | AC88: =SUM(AA88:AB88) -> 0 | AD88: 0 | AE88: 0 | AF88: 0 | AG88: =SUM(AD88:AF88) -> 0 | AH88: 0 | AI88: 0 | AJ88: 0 | AK88: 0 | AL88: =SUM(AJ88:AK88) -> 0 | AM88: 7
A89: 86 | B89: Pinnacle Canyon | C89: 18.82 | D89: 0 | E89: 0 | F89: 1 | G89: 0 | H89: 0 | I89: 0 | J89: 0.22 | K89: 1 | L89: 0 | M89: 0.3 | N89: 0 | O89: 0.5 | P89: =SUM(K89:O89) -> 1.8 | Q89: 0 | R89: 0 | S89: 2.22 | T89: =SUM(Q89:S89) -> 2.22 | U89: 0 | V89: 0 | W89: 0 | X89: 0 | Y89: 0 | Z89: =SUM(U89:Y89) -> 0 | AA89: 0 | AB89: 3.41 | AC89: =SUM(AA89:AB89) -> 3.41 | AD89: 0 | AE89: 1 | AF89: 1.03 | AG89: =SUM(AD89:AF89) -> 2.03 | AH89: 0 | AI89: 1 | AJ89: 0 | AK89: 0 | AL89: =SUM(AJ89:AK89) -> 0 | AM89: 30.5
A90: 9E | B90: Providence Hall | C90: 16.53 | D90: 0 | E90: 0 | F90: 0 | G90: 0.87 | H90: 0.63 | I90: 1.84 | J90: 0 | K90: 0 | L90: 0 | M90: 0 | N90: 0 | O90: 0 | P90: =SUM(K90:O90) -> 0 | Q90: 0 | R90: 0 | S90: 2.12 | T90: =SUM(Q90:S90) -> 2.12 | U90: 0 | V90: 0 | W90: 0 | X90: 0 | Y90: 0 | Z90: =SUM(U90:Y90) -> 0 | AA90: 0 | AB90: 0 | AC90: =SUM(AA90:AB90) -> 0 | AD90: 0 | AE90: 0 | AF90: 0 | AG90: =SUM(AD90:AF90) -> 0 | AH90: 0 | AI90: 0 | AJ90: 0 | AK90: 0 | AL90: =SUM(AJ90:AK90) -> 0 | AM90: 21.99
A91: 1F | B91: Quest Academy | C91: 6.65 | D91: 0 | E91: 0 | F91: 0 | G91: 1 | H91: 0 | I91: 0 | J91: 2.03 | K91: 0 | L91: 0 | M91: 0 | N91: 0 | O91: 0 | P91: =SUM(K91:O91) -> 0 | Q91: 0 | R91: 0 | S91: 1 | T91: =SUM(Q91:S91) -> 1 | U91: 0 | V91: 0 | W91: 0 | X91: 0 | Y91: 0 | Z91: =SUM(U91:Y91) -> 0 | AA91: 0 | AB91: 0 | AC91: =SUM(AA91:AB91) -> 0 | AD91: 1 | AE91: 0 | AF91: 1.28 | AG91: =SUM(AD91:AF91) -> 2.28 | AH91: 0 | AI91: 0 | AJ91: 0 | AK91: 0 | AL91: =SUM(AJ91:AK91) -> 0 | AM91: 12.96
A92: A2 | B92: Ranches | C92: 13.19 | D92: 0 | E92: 0 | F92: 0 | G92: 1.86 | H92: 1 | I92: 0 | J92: 1 | K92: 1 | L92: 0 | M92: 0 | N92: 0 | O92: 0 | P92: =SUM(K92:O92) -> 1 | Q92: 0 | R92: 0 | S92: 1 | T92: =SUM(Q92:S92) -> 1 | U92: 0 | V92: 0 | W92: 0 | X92: 0 | Y92: 0 | Z92: =SUM(U92:Y92) -> 0 | AA92: 0 | AB92: 0 | AC92: =SUM(AA92:AB92) -> 0 | AD92: 0 | AE92: 0 | AF92: 0 | AG92: =SUM(AD92:AF92) -> 0 | AH92: 0 | AI92: 0 | AJ92: 0 | AK92: 0 | AL92: =SUM(AJ92:AK92) -> 0 | AM92: 19.05
A93: 7B | B93: Reagan Acad | C93: 16.3 | D93: 0 | E93: 4 | F93: 0 | G93: 0.5 | H93: 0 | I93: 0 | J93: 0 | K93: 0 | L93: 0 | M93: 1 | N93: 0 | O93: 0 | P93: =SUM(K93:O93) -> 1 | Q93: 0 | R93: 0 | S93: 1 | T93: =SUM(Q93:S93) -> 1 | U93: 0 | V93: 0 | W93: 0 | X93: 0 | Y93: 0 | Z93: =SUM(U93:Y93) -> 0 | AA93: 0 | AB93: 0 | AC93: =SUM(AA93:AB93) -> 0 | AD93: 1 | AE93: 0 | AF93: 2.5 | AG93: =SUM(AD93:AF93) -> 3.5 | AH93: 0 | AI93: 0 | AJ93: 0 | AK93: 0 | AL93: =SUM(AJ93:AK93) -> 0 | AM93: 26.3
A94: 1D | B94: Renaissance Acad | C94: 9.42 | D94: 0 | E94: 0 | F94: 0 | G94: 0 | H94: 0 | I94: 0 | J94: 2.5 | K94: 1 | L94: 0 | M94: 0 | N94: 0 | O94: 0 | P94: =SUM(K94:O94) -> 1 | Q94: 0 | R94: 0 | S94: 1.55 | T94: =SUM(Q94:S94) -> 1.55 | U94: 0 | V94: 0 | W94: 0 | X94: 0 | Y94: 0 | Z94: =SUM(U94:Y94) -> 0 | AA94: 0 | AB94: 0 | AC94: =SUM(AA94:AB94) -> 0 | AD94: 0 | AE94: 0 | AF94: 0 | AG94: =SUM(AD94:AF94) -> 0 | AH94: 0 | AI94: 0 | AJ94: 0 | AK94: 0 | AL94: =SUM(AJ94:AK94) -> 0 | AM94: 14.47
A95: 2F | B95: Rockwell | C95: 1.09 | D95: 0 | E95: 0 | F95: 0 | G95: 0.5 | H95: 0 | I95: 0 | J95: 3 | K95: 1 | L95: 0 | M95: 0 | N95: 0 | O95: 0 | P95: =SUM(K95:O95) -> 1 | Q95: 0 | R95: 0 | S95: 0.78 | T95: =SUM(Q95:S95) -> 0.78 | U95: 0 | V95: 0 | W95: 0 | X95: 0 | Y95: 0 | Z95: =SUM(U95:Y95) -> 0 | AA95: 0 | AB95: 0 | AC95: =SUM(AA95:AB95) -> 0 | AD95: 0 | AE95: 0 | AF95: 0 | AG95: =SUM(AD95:AF95) -> 0 | AH95: 0 | AI95: 0 | AJ95: 0 | AK95: 0 | AL95: =SUM(AJ95:AK95) -> 0 | AM95: 6.37
A96: 97 | B96: Salt Lake Arts Acad | C96: 2.25 | D96: 0 | E96: 0 | F96: 0 | G96: 0 | H96: 3 | I96: 1 | J96: 0 | K96: 0 | L96: 0 | M96: 0 | N96: 0 | O96: 0 | P96: =SUM(K96:O96) -> 0 | Q96: 0 | R96: 0 | S96: 0 | T96: =SUM(Q96:S96) -> 0 | U96: 0 | V96: 0 | W96: 0 | X96: 0 | Y96: 0 | Z96: =SUM(U96:Y96) -> 0 | AA96: 0 | AB96: 0 | AC96: =SUM(AA96:AB96) -> 0 | AD96: 0 | AE96: 0 | AF96: 0 | AG96: =SUM(AD96:AF96) -> 0 | AH96: 0 | AI96: 0 | AJ96: 0 | AK96: 0 | AL96: =SUM(AJ96:AK96) -> 0 | AM96: 6.25
A97: 4F | B97: Salt Lake Center for Science Ed | C97: 1.38 | D97: 0 | E97: 0 | F97: 0 | G97: 0 | H97: 0 | I97: 0 | J97: 2.48 | K97: 0 | L97: 0 | M97: 0 | N97: 0 | O97: 0 | P97: =SUM(K97:O97) -> 0 | Q97: 0 | R97: 0 | S97: 2 | T97: =SUM(Q97:S97) -> 2 | U97: 0 | V97: 0 | W97: 0 | X97: 0 | Y97: 0 | Z97: =SUM(U97:Y97) -> 0 | AA97: 0 | AB97: 0 | AC97: =SUM(AA97:AB97) -> 0 | AD97: 0 | AE97: 0 | AF97: 0.25 | AG97: =SUM(AD97:AF97) -> 0.25 | AH97: 0 | AI97: 0 | AJ97: 0 | AK97: 0 | AL97: =SUM(AJ97:AK97) -> 0 | AM97: 6.11
A98: 7D | B98: Salt Lake School for Perf. Arts | C98: 0.55 | D98: 0 | E98: 0 | F98: 0 | G98: 0 | H98: 0 | I98: 0 | J98: 1 | K98: 0 | L98: 0 | M98: 1 | N98: 0 | O98: 0 | P98: =SUM(K98:O98) -> 1 | Q98: 0 | R98: 0 | S98: 0 | T98: =SUM(Q98:S98) -> 0 | U98: 0 | V98: 0 | W98: 0 | X98: 0 | Y98: 0 | Z98: =SUM(U98:Y98) -> 0 | AA98: 0 | AB98: 0 | AC98: =SUM(AA98:AB98) -> 0 | AD98: 0 | AE98: 0 | AF98: 0 | AG98: =SUM(AD98:AF98) -> 0 | AH98: 0 | AI98: 0 | AJ98: 0 | AK98: 0 | AL98: =SUM(AJ98:AK98) -> 0 | AM98: 2.55
A99: 89 | B99: Soldier Hollow | C99: 0 | D99: 0 | E99: 0 | F99: 0 | G99: 0 | H99: 0 | I99: 0 | J99: 2 | K99: 0 | L99: 0 | M99: 0 | N99: 0 | O99: 0 | P99: =SUM(K99:O99) -> 0 | Q99: 0 | R99: 0 | S99: 0 | T99: =SUM(Q99:S99) -> 0 | U99: 0 | V99: 0 | W99: 0 | X99: 0 | Y99: 0 | Z99: =SUM(U99:Y99) -> 0 | AA99: 0 | AB99: 0 | AC99: =SUM(AA99:AB99) -> 0 | AD99: 0 | AE99: 0 | AF99: 0 | AG99: =SUM(AD99:AF99) -> 0 | AH99: 0 | AI99: 0 | AJ99: 0 | AK99: 0 | AL99: =SUM(AJ99:AK99) -> 0 | AM99: 2
A100: 3D | B100: Spectrum Acad | C100: 6 | D100: 0 | E100: 0.43 | F100: 0 | G100: 0 | H100: 0 | I100: 0 | J100: 4 | K100: 0 | L100: 0 | M100: 0 | N100: 0 | O100: 0 | P100: =SUM(K100:O100) -> 0 | Q100: 0 | R100: 0 | S100: 0.25 | T100: =SUM(Q100:S100) -> 0.25 | U100: 0 | V100: 0 | W100: 0 | X100: 0 | Y100: 0 | Z100: =SUM(U100:Y100) -> 0 | AA100: 0 | AB100: 0 | AC100: =SUM(AA100:AB100) -> 0 | AD100: 0 | AE100: 0 | AF100: 0 | AG100: =SUM(AD100:AF100) -> 0 | AH100: 0 | AI100: 0 | AJ100: 0 | AK100: 0 | AL100: =SUM(AJ100:AK100) -> 0 | AM100: 10.68
A101: A9 | B101: SUCCESS Acad | C101: 0.34 | D101: 0 | E101: 0 | F101: 0 | G101: 0 | H101: 0 | I101: 0 | J101: 0 | K101: 0 | L101: 0 | M101: 0 | N101: 0 | O101: 0 | P101: =SUM(K101:O101) -> 0 | Q101: 0 | R101: 0 | S101: 0 | T101: =SUM(Q101:S101) -> 0 | U101: 0 | V101: 0 | W101: 0 | X101: 0 | Y101: 0 | Z101: =SUM(U101:Y101) -> 0 | AA101: 0 | AB101: 0 | AC101: =SUM(AA101:AB101) -> 0 | AD101: 0 | AE101: 0 | AF101: 0 | AG101: =SUM(AD101:AF101) -> 0 | AH101: 0 | AI101: 0 | AJ101: 0 | AK101: 0 | AL101: =SUM(AJ101:AK101) -> 0 | AM101: 0.34
A102: 88 | B102: Success School | C102: 0 | D102: 0 | E102: 0 | F102: 0.75 | G102: 0 | H102: 0 | I102: 0 | J102: 0 | K102: 0 | L102: 0 | M102: 0 | N102: 0 | O102: 0 | P102: =SUM(K102:O102) -> 0 | Q102: 0 | R102: 0 | S102: 0 | T102: =SUM(Q102:S102) -> 0 | U102: 0 | V102: 0 | W102: 0 | X102: 0 | Y102: 0 | Z102: =SUM(U102:Y102) -> 0 | AA102: 0 | AB102: 0 | AC102: =SUM(AA102:AB102) -> 0 | AD102: 0 | AE102: 0 | AF102: 0 | AG102: =SUM(AD102:AF102) -> 0 | AH102: 0 | AI102: 0 | AJ102: 0 | AK102: 0 | AL102: =SUM(AJ102:AK102) -> 0 | AM102: 0.75
A103: A4 | B103: Summit Acad | C103: 18.75 | D103: 0 | E103: 0 | F103: 0 | G103: 0.5 | H103: 1 | I103: 2 | J103: 2.5 | K103: 0.38 | L103: 0 | M103: 0 | N103: 0 | O103: 0 | P103: =SUM(K103:O103) -> 0.38 | Q103: 0 | R103: 1 | S103: 0 | T103: =SUM(Q103:S103) -> 1 | U103: 0 | V103: 0 | W103: 0 | X103: 0 | Y103: 0 | Z103: =SUM(U103:Y103) -> 0 | AA103: 0 | AB103: 0 | AC103: =SUM(AA103:AB103) -> 0 | AD103: 1 | AE103: 0.25 | AF103: 3.38 | AG103: =SUM(AD103:AF103) -> 4.63 | AH103: 0 | AI103: 0 | AJ103: 0 | AK103: 0 | AL103: =SUM(AJ103:AK103) -> 0 | AM103: 30.76
A104: 4D | B104: Syracuse Arts | C104: 4.91 | D104: 0 | E104: 0 | F104: 0.11 | G104: 0.74 | H104: 0 | I104: 0 | J104: 1.8 | K104: 0 | L104: 0 | M104: 0 | N104: 0 | O104: 0 | P104: =SUM(K104:O104) -> 0 | Q104: 0 | R104: 0 | S104: 0.75 | T104: =SUM(Q104:S104) -> 0.75 | U104: 0 | V104: 0 | W104: 0 | X104: 0 | Y104: 0 | Z104: =SUM(U104:Y104) -> 0 | AA104: 0 | AB104: 0.75 | AC104: =SUM(AA104:AB104) -> 0.75 | AD104: 0.46 | AE104: 0 | AF104: 0.81 | AG104: =SUM(AD104:AF104) -> 1.27 | AH104: 0 | AI104: 0 | AJ104: 0 | AK104: 0 | AL104: =SUM(AJ104:AK104) -> 0 | AM104: 10.33
A105: 94 | B105: Thomas Edison North | C105: 15 | D105: 0.5 | E105: 0.2 | F105: 0 | G105: 1.5 | H105: 0 | I105: 0.1 | J105: 4 | K105: 0 | L105: 0 | M105: 0 | N105: 0 | O105: 0 | P105: =SUM(K105:O105) -> 0 | Q105: 0 | R105: 0 | S105: 5 | T105: =SUM(Q105:S105) -> 5 | U105: 0 | V105: 0 | W105: 0 | X105: 0 | Y105: 0 | Z105: =SUM(U105:Y105) -> 0 | AA105: 0 | AB105: 0 | AC105: =SUM(AA105:AB105) -> 0 | AD105: 0 | AE105: 0 | AF105: 0 | AG105: =SUM(AD105:AF105) -> 0 | AH105: 0 | AI105: 0 | AJ105: 0 | AK105: 0 | AL105: =SUM(AJ105:AK105) -> 0 | AM105: 26.3
A106: 95 | B106: Timpanogos Acad. | C106: 4 | D106: 0 | E106: 0 | F106: 0 | G106: 0 | H106: 0 | I106: 0 | J106: 2 | K106: 0.75 | L106: 0 | M106: 1 | N106: 0 | O106: 0 | P106: =SUM(K106:O106) -> 1.75 | Q106: 0 | R106: 1 | S106: 0 | T106: =SUM(Q106:S106) -> 1 | U106: 0 | V106: 0 | W106: 0 | X106: 0 | Y106: 0 | Z106: =SUM(U106:Y106) -> 0 | AA106: 0 | AB106: 0 | AC106: =SUM(AA106:AB106) -> 0 | AD106: 0 | AE106: 0 | AF106: 0 | AG106: =SUM(AD106:AF106) -> 0 | AH106: 0 | AI106: 0 | AJ106: 0 | AK106: 0 | AL106: =SUM(AJ106:AK106) -> 0 | AM106: 8.75
A107: 90 | B107: Tuacahn High | C107: 0.5 | D107: 0 | E107: 0 | F107: 0 | G107: 0 | H107: 0 | I107: 0 | J107: 1 | K107: 1 | L107: 0 | M107: 0 | N107: 0 | O107: 0 | P107: =SUM(K107:O107) -> 1 | Q107: 0 | R107: 0 | S107: 0 | T107: =SUM(Q107:S107) -> 0 | U107: 0 | V107: 0 | W107: 0 | X107: 0 | Y107: 0 | Z107: =SUM(U107:Y107) -> 0 | AA107: 0 | AB107: 0 | AC107: =SUM(AA107:AB107) -> 0 | AD107: 0 | AE107: 0 | AF107: 0 | AG107: =SUM(AD107:AF107) -> 0 | AH107: 0 | AI107: 0 | AJ107: 0 | AK107: 0 | AL107: =SUM(AJ107:AK107) -> 0 | AM107: 2.5
A108: 1B | B108: UCAS | C108: 0.31 | D108: 0 | E108: 0 | F108: 0 | G108: 0 | H108: 1 | I108: 0.69 | J108: 1 | K108: 0.2 | L108: 0 | M108: 0 | N108: 0.63 | O108: 0 | P108: =SUM(K108:O108) -> 0.83 | Q108: 0 | R108: 0 | S108: 0 | T108: =SUM(Q108:S108) -> 0 | U108: 0 | V108: 0 | W108: 0 | X108: 0 | Y108: 0 | Z108: =SUM(U108:Y108) -> 0 | AA108: 0 | AB108: 0 | AC108: =SUM(AA108:AB108) -> 0 | AD108: 0.75 | AE108: 0 | AF108: 0 | AG108: =SUM(AD108:AF108) -> 0.75 | AH108: 0 | AI108: 0 | AJ108: 0 | AK108: 0 | AL108: =SUM(AJ108:AK108) -> 0 | AM108: 4.58
A109: 92 | B109: Uintah River | C109: 0 | D109: 0 | E109: 0 | F109: 0 | G109: 0 | H109: 0 | I109: 0 | J109: 1 | K109: 0.17 | L109: 0 | M109: 0 | N109: 0 | O109: 0 | P109: =SUM(K109:O109) -> 0.17 | Q109: 0 | R109: 0 | S109: 0 | T109: =SUM(Q109:S109) -> 0 | U109: 0 | V109: 0 | W109: 0 | X109: 0 | Y109: 0 | Z109: =SUM(U109:Y109) -> 0 | AA109: 0 | AB109: 0 | AC109: =SUM(AA109:AB109) -> 0 | AD109: 0 | AE109: 0 | AF109: 0 | AG109: =SUM(AD109:AF109) -> 0 | AH109: 0 | AI109: 0 | AJ109: 0 | AK109: 0 | AL109: =SUM(AJ109:AK109) -> 0 | AM109: 1.17
A110: 5F | B110: Utah Virtual Academy | C110: 0 | D110: 0 | E110: 0 | F110: 0 | G110: 0 | H110: 0 | I110: 0 | J110: 0 | K110: 0 | L110: 0 | M110: 0 | N110: 0 | O110: 0 | P110: =SUM(K110:O110) -> 0 | Q110: 0 | R110: 0 | S110: 0 | T110: =SUM(Q110:S110) -> 0 | U110: 0 | V110: 0 | W110: 0 | X110: 0 | Y110: 0 | Z110: =SUM(U110:Y110) -> 0 | AA110: 0 | AB110: 0 | AC110: =SUM(AA110:AB110) -> 0 | AD110: 0 | AE110: 0 | AF110: 0 | AG110: =SUM(AD110:AF110) -> 0 | AH110: 0 | AI110: 0 | AJ110: 0 | AK110: 0 | AL110: =SUM(AJ110:AK110) -> 0 | AM110: 0
A111: 3F | B111: Venture Academy | C111: 3.8 | D111: 0 | E111: 0 | F111: 0 | G111: 0 | H111: 0 | I111: 0.1 | J111: 1.5 | K111: 1 | L111: 0 | M111: 0 | N111: 0.3 | O111: 0 | P111: =SUM(K111:O111) -> 1.3 | Q111: 0 | R111: 0 | S111: 0 | T111: =SUM(Q111:S111) -> 0 | U111: 0 | V111: 0 | W111: 0 | X111: 0 | Y111: 0 | Z111: =SUM(U111:Y111) -> 0 | AA111: 0 | AB111: 0 | AC111: =SUM(AA111:AB111) -> 0 | AD111: 0 | AE111: 0 | AF111: 0 | AG111: =SUM(AD111:AF111) -> 0 | AH111: 0 | AI111: 0 | AJ111: 0 | AK111: 0 | AL111: =SUM(AJ111:AK111) -> 0 | AM111: 6.7
A112: 81 | B112: Walden | C112: 7.98 | D112: 0.55 | E112: 0.85 | F112: 0 | G112: 0 | H112: 0 | I112: 0 | J112: 0 | K112: 1 | L112: 0 | M112: 0 | N112: 0 | O112: 0 | P112: =SUM(K112:O112) -> 1 | Q112: 0 | R112: 0 | S112: 0 | T112: =SUM(Q112:S112) -> 0 | U112: 0 | V112: 0 | W112: 0 | X112: 0 | Y112: 0 | Z112: =SUM(U112:Y112) -> 0 | AA112: 0 | AB112: 0 | AC112: =SUM(AA112:AB112) -> 0 | AD112: 0 | AE112: 0 | AF112: 0.35 | AG112: =SUM(AD112:AF112) -> 0.35 | AH112: 0 | AI112: 0 | AJ112: 0 | AK112: 0 | AL112: =SUM(AJ112:AK112) -> 0 | AM112: 10.73
A113: 4B | B113: Wasatch Peak | C113: 8.73 | D113: 0 | E113: 0 | F113: 0 | G113: 0.4 | H113: 0 | I113: 0 | J113: 1.6 | K113: 0 | L113: 0 | M113: 0 | N113: 0 | O113: 0 | P113: =SUM(K113:O113) -> 0 | Q113: 0 | R113: 0 | S113: 1 | T113: =SUM(Q113:S113) -> 1 | U113: 0 | V113: 0 | W113: 0 | X113: 0 | Y113: 0 | Z113: =SUM(U113:Y113) -> 0 | AA113: 0 | AB113: 0 | AC113: =SUM(AA113:AB113) -> 0 | AD113: 0.94 | AE113: 0 | AF113: 0.75 | AG113: =SUM(AD113:AF113) -> 1.69 | AH113: 0 | AI113: 0 | AJ113: 0 | AK113: 0 | AL113: =SUM(AJ113:AK113) -> 0 | AM113: 13.42
B114: CHARTER SCHOOL TOTAL | C114: =SUM(C49:C113) -> 461.21 | D114: =SUM(D49:D113) -> 6.12 | E114: =SUM(E49:E113) -> 13.32 | F114: =SUM(F49:F113) -> 5.65 | G114: =SUM(G49:G113) -> 24.5 | H114: =SUM(H49:H113) -> 18.46 | I114: =SUM(I49:I113) -> 14.46 | J114: =SUM(J49:J113) -> 105.29 | ... AM114: =SUM(AM49:AM113) -> 838.59
B115: STATE TOTAL | C115: =C114+C47 -> 7932.44 | D115: =D114+D47 -> 103.39 | E115: =E114+E47 -> 232.99 | F115: =F114+F47 -> 439.95 | G115: =G114+G47 -> 501.86 | H115: =H114+H47 -> 56.4 | I115: =I114+I47 -> 134.59 | J115: =J114+J47 -> 1631.9 | ... AM115: =AM114+AM47 -> 20501.22
