Workbook

Sheet all
A1: Survey of all Currently enrolled students Fall 2013 -- All questions by Primary Campus
A3: Primary Campus | B3: Total | D3: Respondent | F3: % of campus
A4: Boulder County | B4: 2474 | C4: =B4/B10 -> 0.1386072 | D4: 361 | E4: =D4/D10 -> 0.17888999 | F4: =D4/B4 -> 0.14591754
A5: Brighton | B5: 169 | C5: =B5/B10 -> 0.0094683176 | D5: 15 | E5: =D5/D10 -> 0.0074331021 | F5: =D5/B5 -> 0.088757396
A6: CCC Online | B6: 1609 | C6: =B6/B10 -> 0.090145106 | D6: 132 | E6: =D6/D10 -> 0.065411298 | F6: =D6/B6 -> 0.082038533
A7: Larimer | B7: 5555 | C7: =B7/B10 -> 0.31122192 | D7: 560 | E7: =D7/D10 -> 0.27750248 | F7: =D7/B7 -> 0.10081008
A8: FRCC Online | B8: 2384 | C8: =B8/B10 -> 0.13356491 | D8: 254 | E8: =D8/D10 -> 0.1258672 | F8: =D8/B8 -> 0.10654362
A9: Westminster | B9: 5658 | C9: =B9/B10 -> 0.31699255 | D9: 696 | E9: =D9/D10 -> 0.34489594 | F9: =D9/B9 -> 0.12301166
A10: Total | B10: =SUM(B4:B9) -> 17849 | C10: =SUM(C4:C9) -> 1 | D10: =SUM(D4:D9) -> 2018 | E10: =SUM(E4:E9) -> 1 | F10: =D10/B10 -> 0.11305956
A12: Degree | B12: Total | D12: Respondent | F12: % | G12: Boulder Cty | I12: Brighton | K12: CCCS Online | M12: Larimer | O12: FRCC Online | Q12: Westminster
A13: A.A. | B13: 5702 | C13: =B13/B19 -> 0.31945767 | D13: 598 | E13: =D13/D19 -> 0.296333 | F13: =D13/B13 -> 0.10487548 | G13: 109 | H13: =G13/G19 -> 0.30193906 | I13: 2 | J13: =I13/I19 -> 0.13333333 | K13: 40 | L13: =K13/K19 -> 0.3030303 | M13: 171 | N13: =M13/M19 -> 0.30535714 | O13: 75 | P13: =O13/O19 -> 0.29527559 | Q13: 201 | R13: =Q13/Q19 -> 0.2887931
A14: A.A.S. | B14: 4875 | C14: =B14/B19 -> 0.27312454 | D14: 682 | E14: =D14/D19 -> 0.33795837 | F14: =D14/B14 -> 0.13989744 | G14: 92 | H14: =G14/G19 -> 0.25484765 | I14: 5 | J14: =I14/I19 -> 0.33333333 | K14: 42 | L14: =K14/K19 -> 0.31818182 | M14: 192 | N14: =M14/M19 -> 0.34285714 | O14: 101 | P14: =O14/O19 -> 0.3976378 | Q14: 250 | R14: =Q14/Q19 -> 0.3591954
A15: A.G.S. | B15: 978 | C15: =B15/B19 -> 0.054792986 | D15: 93 | E15: =D15/D19 -> 0.046085233 | F15: =D15/B15 -> 0.095092025 | G15: 14 | H15: =G15/G19 -> 0.038781163 | I15: 2 | J15: =I15/I19 -> 0.13333333 | K15: 5 | L15: =K15/K19 -> 0.037878788 | M15: 26 | N15: =M15/M19 -> 0.046428571 | O15: 15 | P15: =O15/O19 -> 0.059055118 | Q15: 31 | R15: =Q15/Q19 -> 0.04454023
A16: A.S. | B16: 3711 | C16: =B16/B19 -> 0.20791081 | D16: 385 | E16: =D16/D19 -> 0.19078295 | F16: =D16/B16 -> 0.10374562 | G16: 70 | H16: =G16/G19 -> 0.19390582 | I16: 4 | J16: =I16/I19 -> 0.26666667 | K16: 32 | L16: =K16/K19 -> 0.24242424 | M16: 101 | N16: =M16/M19 -> 0.18035714 | O16: 32 | P16: =O16/O19 -> 0.12598425 | Q16: 146 | R16: =Q16/Q19 -> 0.20977011
A17: Certificate | B17: 1249 | C17: =B17/B19 -> 0.069975909 | D17: 161 | E17: =D17/D19 -> 0.079781962 | F17: =D17/B17 -> 0.12890312 | G17: 54 | H17: =G17/G19 -> 0.14958449 | I17: 2 | J17: =I17/I19 -> 0.13333333 | K17: 4 | L17: =K17/K19 -> 0.03030303 | M17: 39 | N17: =M17/M19 -> 0.069642857 | O17: 24 | P17: =O17/O19 -> 0.094488189 | Q17: 38 | R17: =Q17/Q19 -> 0.054597701
A18: Undeclared | B18: 1334 | C18: =B18/B19 -> 0.074738081 | D18: 99 | E18: =D18/D19 -> 0.049058474 | F18: =D18/B18 -> 0.074212894 | G18: 22 | H18: =G18/G19 -> 0.060941828 | J18: =I18/I19 -> 0 | K18: 9 | L18: =K18/K19 -> 0.068181818 | M18: 31 | N18: =M18/M19 -> 0.055357143 | O18: 7 | P18: =O18/O19 -> 0.027559055 | Q18: 30 | R18: =Q18/Q19 -> 0.043103448
A19: Total | B19: =SUM(B13:B18) -> 17849 | C19: =SUM(C13:C18) -> 1 | D19: =SUM(D13:D18) -> 2018 | E19: =SUM(E13:E18) -> 1 | F19: =D19/B19 -> 0.11305956 | G19: =SUM(G13:G18) -> 361 | H19: =SUM(H13:H18) -> 1 | I19: =SUM(I13:I18) -> 15 | J19: =SUM(J13:J18) -> 1 | K19: =SUM(K13:K18) -> 132 | L19: =SUM(L13:L18) -> 1 | M19: =SUM(M13:M18) -> 560 | N19: =SUM(N13:N18) -> 1 | ... R19: =SUM(R13:R18) -> 1
A21: Sex | B21: Total | D21: Respondent | F21: % | G21: Boulder Cty | I21: Brighton | K21: CCCS Online | M21: Larimer | O21: FRCC Online | Q21: Westminster
A22: Female | B22: 10082 | C22: =B22/B25 -> 0.56484957 | D22: 1403 | E22: =D22/D25 -> 0.69524281 | F22: =D22/B22 -> 0.1391589 | G22: 270 | H22: =G22/G25 -> 0.74792244 | I22: 12 | J22: =I22/I25 -> 0.8 | K22: 91 | L22: =K22/K25 -> 0.68939394 | M22: 344 | N22: =M22/M25 -> 0.61428571 | O22: 203 | P22: =O22/O25 -> 0.7992126 | Q22: 483 | R22: =Q22/Q25 -> 0.69396552
A23: Male | B23: 7757 | C23: =B23/B25 -> 0.43459017 | D23: 614 | E23: =D23/D25 -> 0.30426165 | F23: =D23/B23 -> 0.079154312 | G23: 91 | H23: =G23/G25 -> 0.25207756 | I23: 3 | J23: =I23/I25 -> 0.2 | K23: 41 | L23: =K23/K25 -> 0.31060606 | M23: 216 | N23: =M23/M25 -> 0.38571429 | O23: 50 | P23: =O23/O25 -> 0.19685039 | Q23: 213 | R23: =Q23/Q25 -> 0.30603448
A24: N | B24: 10 | C24: =B24/B25 -> 0.00056025548 | D24: 1 | E24: =D24/D25 -> 0.00049554014 | F24: =D24/B24 -> 0.1 | H24: =G24/G25 -> 0 | J24: =I24/I25 -> 0 | L24: =K24/K25 -> 0 | N24: =M24/M25 -> 0 | O24: 1 | P24: =O24/O25 -> 0.0039370079 | R24: =Q24/Q25 -> 0
A25: Total | B25: =SUM(B22:B24) -> 17849 | C25: =SUM(C22:C24) -> 1 | D25: =SUM(D22:D24) -> 2018 | E25: =SUM(E22:E24) -> 1 | F25: =D25/B25 -> 0.11305956 | G25: =SUM(G22:G24) -> 361 | H25: =SUM(H22:H24) -> 1 | I25: =SUM(I22:I24) -> 15 | J25: =SUM(J22:J24) -> 1 | K25: =SUM(K22:K24) -> 132 | L25: =SUM(L22:L24) -> 1 | M25: =SUM(M22:M24) -> 560 | N25: =SUM(N22:N24) -> 1 | ... R25: =SUM(R22:R24) -> 1
A27: Note: Students less than 18 years old were omitted from this survey because of uncertainty around confidentiality for underage students.
A28: Age | B28: Total | D28: Respondent | F28: % | G28: Boulder Cty | I28: Brighton | K28: CCCS Online | M28: Larimer | O28: FRCC Online | Q28: Westminster
A29: Less than 18 | C29: =B29/B36 -> 0
A30: 18 to 19 | B30: 3505 | C30: =B30/B36 -> 0.19636954 | D30: 307 | E30: =D30/D36 -> 0.15213082 | F30: =D30/B30 -> 0.087589158 | G30: 68 | H30: =G30/G36 -> 0.18836565 | I30: 2 | J30: =I30/I36 -> 0.13333333 | K30: 4 | L30: =K30/K36 -> 0.03030303 | M30: 92 | N30: =M30/M36 -> 0.16428571 | O30: 10 | P30: =O30/O36 -> 0.039370079 | Q30: 131 | R30: =Q30/Q36 -> 0.18821839
A31: 20 to 21 | B31: 3135 | C31: =B31/B36 -> 0.17564009 | D31: 227 | E31: =D31/D36 -> 0.11248761 | F31: =D31/B31 -> 0.072408293 | G31: 37 | H31: =G31/G36 -> 0.10249307 | I31: 4 | J31: =I31/I36 -> 0.26666667 | K31: 6 | L31: =K31/K36 -> 0.045454545 | M31: 74 | N31: =M31/M36 -> 0.13214286 | O31: 11 | P31: =O31/O36 -> 0.043307087 | Q31: 95 | R31: =Q31/Q36 -> 0.13649425
A32: 22 to 24 | B32: 3036 | C32: =B32/B36 -> 0.17009356 | D32: 237 | E32: =D32/D36 -> 0.11744301 | F32: =D32/B32 -> 0.078063241 | G32: 38 | H32: =G32/G36 -> 0.10526316 | I32: 1 | J32: =I32/I36 -> 0.066666667 | K32: 23 | L32: =K32/K36 -> 0.17424242 | M32: 56 | N32: =M32/M36 -> 0.1 | O32: 37 | P32: =O32/O36 -> 0.14566929 | Q32: 82 | R32: =Q32/Q36 -> 0.11781609
A33: 25 to 30 | B33: 3460 | C33: =B33/B36 -> 0.19384839 | D33: 394 | E33: =D33/D36 -> 0.19524281 | F33: =D33/B33 -> 0.11387283 | G33: 65 | H33: =G33/G36 -> 0.1800554 | I33: 3 | J33: =I33/I36 -> 0.2 | K33: 29 | L33: =K33/K36 -> 0.21969697 | M33: 115 | N33: =M33/M36 -> 0.20535714 | O33: 49 | P33: =O33/O36 -> 0.19291339 | Q33: 133 | R33: =Q33/Q36 -> 0.19109195
A34: 31 to 40 | B34: 2707 | C34: =B34/B36 -> 0.15166116 | D34: 409 | E34: =D34/D36 -> 0.20267592 | F34: =D34/B34 -> 0.15108977 | G34: 62 | H34: =G34/G36 -> 0.17174515 | I34: 3 | J34: =I34/I36 -> 0.2 | K34: 32 | L34: =K34/K36 -> 0.24242424 | M34: 114 | N34: =M34/M36 -> 0.20357143 | O34: 70 | P34: =O34/O36 -> 0.27559055 | Q34: 128 | R34: =Q34/Q36 -> 0.18390805
A35: Over 40 | B35: 2006 | C35: =B35/B36 -> 0.11238725 | D35: 444 | E35: =D35/D36 -> 0.22001982 | F35: =D35/B35 -> 0.22133599 | G35: 91 | H35: =G35/G36 -> 0.25207756 | I35: 2 | J35: =I35/I36 -> 0.13333333 | K35: 38 | L35: =K35/K36 -> 0.28787879 | M35: 109 | N35: =M35/M36 -> 0.19464286 | O35: 77 | P35: =O35/O36 -> 0.30314961 | Q35: 127 | R35: =Q35/Q36 -> 0.18247126
A36: Total | B36: =SUM(B29:B35) -> 17849 | C36: =SUM(C29:C35) -> 1 | D36: =SUM(D29:D35) -> 2018 | E36: =SUM(E29:E35) -> 1 | F36: =D36/B36 -> 0.11305956 | G36: =SUM(G29:G35) -> 361 | H36: =SUM(H29:H35) -> 1 | I36: =SUM(I29:I35) -> 15 | J36: =SUM(J29:J35) -> 1 | K36: =SUM(K29:K35) -> 132 | L36: =SUM(L29:L35) -> 1 | M36: =SUM(M29:M35) -> 560 | N36: =SUM(N29:N35) -> 1 | ... R36: =SUM(R29:R35) -> 1
A37: Median | B37: 24 | D37: 28 | G37: 28 | I37: 27 | K37: 32 | M37: 28 | O37: 32 | Q37: 26
A39: Ethnicity | B39: Total | D39: Respondent | F39: % | G39: Boulder Cty | I39: Brighton | K39: CCCS Online | M39: Larimer | O39: FRCC Online | Q39: Westminster
A40: 2 Or More | B40: 15 | C40: =B40/B48 -> 0.00084038321 | D40: 2 | E40: =D40/D48 -> 0.00099108028 | F40: =D40/B40 -> 0.13333333 | K40: 1 | L40: =K40/K48 -> 0.0075757576 | M40: 1 | N40: =M40/M48 -> 0.0017857143 | P40: =O40/O48 -> 0 | R40: =Q40/Q48 -> 0
A41: American Indian | B41: 366 | C41: =B41/B48 -> 0.02050535 | D41: 43 | E41: =D41/D48 -> 0.021308226 | F41: =D41/B41 -> 0.11748634 | G41: 12 | H41: =G41/G48 -> 0.033240997 | I41: 1 | J41: =I41/I48 -> 0.066666667 | K41: 2 | L41: =K41/K48 -> 0.015151515 | M41: 10 | N41: =M41/M48 -> 0.017857143 | O41: 7 | P41: =O41/O48 -> 0.027559055 | Q41: 11 | R41: =Q41/Q48 -> 0.015804598
A42: Asian | B42: 761 | C42: =B42/B48 -> 0.042635442 | D42: 65 | E42: =D42/D48 -> 0.032210109 | F42: =D42/B42 -> 0.085413929 | G42: 11 | H42: =G42/G48 -> 0.030470914 | J42: =I42/I48 -> 0 | K42: 2 | L42: =K42/K48 -> 0.015151515 | M42: 15 | N42: =M42/M48 -> 0.026785714 | O42: 7 | P42: =O42/O48 -> 0.027559055 | Q42: 30 | R42: =Q42/Q48 -> 0.043103448
A43: Black | B43: 393 | C43: =B43/B48 -> 0.02201804 | D43: 37 | E43: =D43/D48 -> 0.018334985 | F43: =D43/B43 -> 0.094147583 | G43: 10 | H43: =G43/G48 -> 0.027700831 | J43: =I43/I48 -> 0 | K43: 3 | L43: =K43/K48 -> 0.022727273 | M43: 5 | N43: =M43/M48 -> 0.0089285714 | O43: 9 | P43: =O43/O48 -> 0.035433071 | Q43: 10 | R43: =Q43/Q48 -> 0.014367816
A44: Hispanic | B44: 2367 | C44: =B44/B48 -> 0.13261247 | D44: 250 | E44: =D44/D48 -> 0.12388503 | F44: =D44/B44 -> 0.10561893 | G44: 39 | H44: =G44/G48 -> 0.10803324 | I44: 4 | J44: =I44/I48 -> 0.26666667 | K44: 12 | L44: =K44/K48 -> 0.090909091 | M44: 48 | N44: =M44/M48 -> 0.085714286 | O44: 38 | P44: =O44/O48 -> 0.1496063 | Q44: 109 | R44: =Q44/Q48 -> 0.1566092
A45: International | B45: 225 | C45: =B45/B48 -> 0.012605748 | D45: 35 | E45: =D45/D48 -> 0.017343905 | F45: =D45/B45 -> 0.15555556 | G45: 14 | H45: =G45/G48 -> 0.038781163 | I45: 1 | J45: =I45/I48 -> 0.066666667 | K45: 2 | L45: =K45/K48 -> 0.015151515 | M45: 5 | N45: =M45/M48 -> 0.0089285714 | O45: 2 | P45: =O45/O48 -> 0.0078740157 | Q45: 11 | R45: =Q45/Q48 -> 0.015804598
A46: Unknown | B46: 913 | C46: =B46/B48 -> 0.051151325 | D46: 91 | E46: =D46/D48 -> 0.045094153 | F46: =D46/B46 -> 0.099671413 | G46: 18 | H46: =G46/G48 -> 0.049861496 | J46: =I46/I48 -> 0 | K46: 5 | L46: =K46/K48 -> 0.037878788 | M46: 18 | N46: =M46/M48 -> 0.032142857 | O46: 8 | P46: =O46/O48 -> 0.031496063 | Q46: 42 | R46: =Q46/Q48 -> 0.060344828
A47: White | B47: 12809 | C47: =B47/B48 -> 0.71763124 | D47: 1495 | E47: =D47/D48 -> 0.74083251 | F47: =D47/B47 -> 0.11671481 | G47: 257 | H47: =G47/G48 -> 0.71191136 | I47: 9 | J47: =I47/I48 -> 0.6 | K47: 105 | L47: =K47/K48 -> 0.79545455 | M47: 458 | N47: =M47/M48 -> 0.81785714 | O47: 183 | P47: =O47/O48 -> 0.72047244 | Q47: 483 | R47: =Q47/Q48 -> 0.69396552
A48: Total | B48: =SUM(B40:B47) -> 17849 | C48: =SUM(C40:C47) -> 1 | D48: =SUM(D40:D47) -> 2018 | E48: =SUM(E40:E47) -> 1 | F48: =D48/B48 -> 0.11305956 | G48: =SUM(G40:G47) -> 361 | H48: =SUM(H40:H47) -> 1 | I48: =SUM(I40:I47) -> 15 | J48: =SUM(J40:J47) -> 1 | K48: =SUM(K40:K47) -> 132 | L48: =SUM(L40:L47) -> 1 | M48: =SUM(M40:M47) -> 560 | N48: =SUM(N40:N47) -> 1 | ... R48: =SUM(R40:R47) -> 1
A51: What is the MAIN reason you are attending FRCC? | B51: Boulder Cty | D51: Brighton | F51: CCCS Online | H51: Larimer | J51: FRCC Online | L51: Westminster | N51: Total
A52: Earn an Academic Degree (AA, AS, AGS) | B52: 162 | C52: =B52/B60 -> 0.46820809 | D52: 6 | E52: =D52/D60 -> 0.42857143 | F52: 67 | G52: =F52/F60 -> 0.54032258 | H52: 267 | I52: =H52/H60 -> 0.48722628 | J52: 151 | K52: =J52/J60 -> 0.62916667 | L52: 337 | M52: =L52/L60 -> 0.49558824 | N52: =L52+J52+H52+F52+D52+B52 -> 990 | O52: =N52/N60 -> 0.50717213
A53: Earn a Vocational/Technical Degree (AAS) | B53: 23 | C53: =B53/B60 -> 0.066473988 | D53: 4 | E53: =D53/D60 -> 0.28571429 | F53: 11 | G53: =F53/F60 -> 0.088709677 | H53: 71 | I53: =H53/H60 -> 0.12956204 | J53: 22 | K53: =J53/J60 -> 0.091666667 | L53: 83 | M53: =L53/L60 -> 0.12205882 | N53: =L53+J53+H53+F53+D53+B53 -> 214 | O53: =N53/N60 -> 0.10963115
A54: Earn a Vo/Tech Certificate | B54: 38 | C54: =B54/B60 -> 0.10982659 | D54: 1 | E54: =D54/D60 -> 0.071428571 | F54: 4 | G54: =F54/F60 -> 0.032258065 | H54: 31 | I54: =H54/H60 -> 0.056569343 | J54: 14 | K54: =J54/J60 -> 0.058333333 | L54: 34 | M54: =L54/L60 -> 0.05 | N54: =L54+J54+H54+F54+D54+B54 -> 122 | O54: =N54/N60 -> 0.0625
A55: Take a few courses, transfer | B55: 80 | C55: =B55/B60 -> 0.23121387 | E55: =D55/D60 -> 0 | F55: 30 | G55: =F55/F60 -> 0.24193548 | H55: 129 | I55: =H55/H60 -> 0.23540146 | J55: 37 | K55: =J55/J60 -> 0.15416667 | L55: 187 | M55: =L55/L60 -> 0.275 | N55: =L55+J55+H55+F55+D55+B55 -> 463 | O55: =N55/N60 -> 0.23719262
A56: Prepare to enter job market | B56: 14 | C56: =B56/B60 -> 0.040462428 | D56: 1 | E56: =D56/D60 -> 0.071428571 | F56: 5 | G56: =F56/F60 -> 0.040322581 | H56: 18 | I56: =H56/H60 -> 0.032846715 | J56: 8 | K56: =J56/J60 -> 0.033333333 | L56: 12 | M56: =L56/L60 -> 0.017647059 | N56: =L56+J56+H56+F56+D56+B56 -> 58 | O56: =N56/N60 -> 0.029713115
A57: Improve skills for present job | B57: 8 | C57: =B57/B60 -> 0.023121387 | D57: 1 | E57: =D57/D60 -> 0.071428571 | F57: 4 | G57: =F57/F60 -> 0.032258065 | H57: 13 | I57: =H57/H60 -> 0.023722628 | J57: 4 | K57: =J57/J60 -> 0.016666667 | L57: 13 | M57: =L57/L60 -> 0.019117647 | N57: =L57+J57+H57+F57+D57+B57 -> 43 | O57: =N57/N60 -> 0.022028689
A58: Receive financial aid benefits | B58: 1 | C58: =B58/B60 -> 0.0028901734 | E58: =D58/D60 -> 0 | G58: =F58/F60 -> 0 | H58: 4 | I58: =H58/H60 -> 0.0072992701 | K58: =J58/J60 -> 0 | L58: 3 | M58: =L58/L60 -> 0.0044117647 | N58: =L58+J58+H58+F58+D58+B58 -> 8 | O58: =N58/N60 -> 0.0040983607
A59: Personal Interest | B59: 20 | C59: =B59/B60 -> 0.057803468 | D59: 1 | E59: =D59/D60 -> 0.071428571 | F59: 3 | G59: =F59/F60 -> 0.024193548 | H59: 15 | I59: =H59/H60 -> 0.027372263 | J59: 4 | K59: =J59/J60 -> 0.016666667 | L59: 11 | M59: =L59/L60 -> 0.016176471 | N59: =L59+J59+H59+F59+D59+B59 -> 54 | O59: =N59/N60 -> 0.027663934
A60: Total | B60: =SUM(B52:B59) -> 346 | C60: =SUM(C52:C59) -> 1 | D60: =SUM(D52:D59) -> 14 | E60: =SUM(E52:E59) -> 1 | F60: =SUM(F52:F59) -> 124 | G60: =SUM(G52:G59) -> 1 | H60: =SUM(H52:H59) -> 548 | I60: =SUM(I52:I59) -> 1 | ... O60: =SUM(O52:O59) -> 1
A62: Present employment status | B62: Boulder Cty | D62: Brighton | F62: CCCS Online | H62: Larimer | J62: FRCC Online | L62: Westminster | N62: Total
A63: Employed | B63: 228 | C63: =B63/B67 -> 0.63865546 | D63: 12 | E63: =D63/D67 -> 0.8 | F63: 86 | G63: =F63/F67 -> 0.65648855 | H63: 342 | I63: =H63/H67 -> 0.61621622 | J63: 156 | K63: =J63/J67 -> 0.61904762 | L63: 430 | M63: =L63/L67 -> 0.62228654 | N63: =B63+D63+F63+H63+J63+L63 -> 1254 | O63: =N63/N67 -> 0.62668666
A64: Military | B64: 1 | C64: =B64/B67 -> 0.0028011204 | E64: =D64/D67 -> 0 | F64: 2 | G64: =F64/F67 -> 0.015267176 | H64: 4 | I64: =H64/H67 -> 0.0072072072 | K64: =J64/J67 -> 0 | L64: 6 | M64: =L64/L67 -> 0.008683068 | N64: =B64+D64+F64+H64+J64+L64 -> 13 | O64: =N64/N67 -> 0.0064967516
A65: Unemployed Seeking Employment | B65: 54 | C65: =B65/B67 -> 0.1512605 | D65: 2 | E65: =D65/D67 -> 0.13333333 | F65: 25 | G65: =F65/F67 -> 0.19083969 | H65: 100 | I65: =H65/H67 -> 0.18018018 | J65: 49 | K65: =J65/J67 -> 0.19444444 | L65: 122 | M65: =L65/L67 -> 0.17655572 | N65: =B65+D65+F65+H65+J65+L65 -> 352 | O65: =N65/N67 -> 0.17591204
A66: Unemployed NOT seeking employment | B66: 74 | C66: =B66/B67 -> 0.20728291 | D66: 1 | E66: =D66/D67 -> 0.066666667 | F66: 18 | G66: =F66/F67 -> 0.13740458 | H66: 109 | I66: =H66/H67 -> 0.1963964 | J66: 47 | K66: =J66/J67 -> 0.18650794 | L66: 133 | M66: =L66/L67 -> 0.19247467 | N66: =B66+D66+F66+H66+J66+L66 -> 382 | O66: =N66/N67 -> 0.19090455
A67: Total | B67: =SUM(B63:B66) -> 357 | C67: =SUM(C63:C66) -> 1 | D67: =SUM(D63:D66) -> 15 | E67: =SUM(E63:E66) -> 1 | F67: =SUM(F63:F66) -> 131 | G67: =SUM(G63:G66) -> 1 | H67: =SUM(H63:H66) -> 555 | I67: =SUM(I63:I66) -> 1 | ... O67: =SUM(O63:O66) -> 1
A69: If employed, how many hours per week are you working | B69: Boulder Cty | D69: Brighton | F69: CCCS Online | H69: Larimer | J69: FRCC Online | L69: Westminster | N69: Total
A70: 20 or less | B70: 98 | C70: =B70/B73 -> 0.4 | D70: 5 | E70: =D70/D73 -> 0.38461538 | F70: 22 | G70: =F70/F73 -> 0.23913043 | H70: 148 | I70: =H70/H73 -> 0.41456583 | J70: 24 | K70: =J70/J73 -> 0.14371257 | L70: 155 | M70: =L70/L73 -> 0.33549784 | N70: =B70+D70+F70+H70+J70+L70 -> 452 | O70: =N70/N73 -> 0.33832335
A71: 21-39 | B71: 103 | C71: =B71/B73 -> 0.42040816 | D71: 4 | E71: =D71/D73 -> 0.30769231 | F71: 23 | G71: =F71/F73 -> 0.25 | H71: 136 | I71: =H71/H73 -> 0.38095238 | J71: 42 | K71: =J71/J73 -> 0.25149701 | L71: 183 | M71: =L71/L73 -> 0.3961039 | N71: =B71+D71+F71+H71+J71+L71 -> 491 | O71: =N71/N73 -> 0.36751497
A72: 40 or more | B72: 44 | C72: =B72/B73 -> 0.17959184 | D72: 4 | E72: =D72/D73 -> 0.30769231 | F72: 47 | G72: =F72/F73 -> 0.51086957 | H72: 73 | I72: =H72/H73 -> 0.20448179 | J72: 101 | K72: =J72/J73 -> 0.60479042 | L72: 124 | M72: =L72/L73 -> 0.26839827 | N72: =B72+D72+F72+H72+J72+L72 -> 393 | O72: =N72/N73 -> 0.29416168
A73: Total | B73: =SUM(B70:B72) -> 245 | C73: =SUM(C70:C72) -> 1 | D73: =SUM(D70:D72) -> 13 | E73: =SUM(E70:E72) -> 1 | F73: =SUM(F70:F72) -> 92 | G73: =SUM(G70:G72) -> 1 | H73: =SUM(H70:H72) -> 357 | I73: =SUM(I70:I72) -> 1 | ... M73: =SUM(M70:M72) -> 1 | N73: =SUM(N69:N72) -> 1336 | O73: =SUM(O69:O72) -> 1
A75: How many credit hours are you taking this semester? | B75: Boulder Cty | D75: Brighton | F75: CCCS Online | H75: Larimer | J75: FRCC Online | L75: Westminster | N75: Total
A76: 4 or less | B76: 44 | C76: =B76/B79 -> 0.12290503 | D76: 4 | E76: =D76/D79 -> 0.26666667 | F76: 17 | G76: =F76/F79 -> 0.12977099 | H76: 41 | I76: =H76/H79 -> 0.07400722 | J76: 36 | K76: =J76/J79 -> 0.14229249 | L76: 65 | M76: =L76/L79 -> 0.093930636 | N76: =B76+D76+F76+H76+J76+L76 -> 207 | O76: =N76/N79 -> 0.10334498
A77: 5 to 11 | B77: 168 | C77: =B77/B79 -> 0.46927374 | D77: 8 | E77: =D77/D79 -> 0.53333333 | F77: 74 | G77: =F77/F79 -> 0.5648855 | H77: 216 | I77: =H77/H79 -> 0.3898917 | J77: 155 | K77: =J77/J79 -> 0.61264822 | L77: 324 | M77: =L77/L79 -> 0.46820809 | N77: =B77+D77+F77+H77+J77+L77 -> 945 | O77: =N77/N79 -> 0.47179231
A78: 12 or more | B78: 146 | C78: =B78/B79 -> 0.40782123 | D78: 3 | E78: =D78/D79 -> 0.2 | F78: 40 | G78: =F78/F79 -> 0.30534351 | H78: 297 | I78: =H78/H79 -> 0.53610108 | J78: 62 | K78: =J78/J79 -> 0.24505929 | L78: 303 | M78: =L78/L79 -> 0.43786127 | N78: =B78+D78+F78+H78+J78+L78 -> 851 | O78: =N78/N79 -> 0.42486271
A79: Total | B79: =SUM(B76:B78) -> 358 | C79: =SUM(C76:C78) -> 1 | D79: =SUM(D76:D78) -> 15 | E79: =SUM(E76:E78) -> 1 | F79: =SUM(F76:F78) -> 131 | G79: =SUM(G76:G78) -> 1 | H79: =SUM(H76:H78) -> 554 | I79: =SUM(I76:I78) -> 1 | ... O79: =SUM(O76:O78) -> 1
A81: Percent of question Respondents who agree with the following: | B81: Boulder Cty | D81: Brighton | F81: CCCS Online | H81: Larimer | J81: FRCC Online | L81: Westminster | N81: Total
A82: Instructional program is meeting my educational goals | B82: 336 | C82: 0.93854749 | D82: 12 | E82: 0.8 | F82: 113 | G82: 0.86259542 | H82: 524 | I82: 0.94584838 | J82: 229 | K82: 0.90513834 | L82: 647 | M82: 0.93768116 | N82: =B82+D82+F82+H82+J82+L82 -> 1861 | O82: =AVERAGE(C82,E82,G82,I82,K82,M82) -> 0.8983018
A83: The use of technology is helping me learn at FRCC | B83: 321 | C83: 0.89415042 | D83: 15 | E83: 1 | F83: 118 | G83: 0.90076336 | H83: 508 | I83: 0.92531876 | J83: 237 | K83: 0.948 | L83: 627 | M83: 0.91399417 | N83: =B83+D83+F83+H83+J83+L83 -> 1826 | O83: =AVERAGE(C83,E83,G83,I83,K83,M83) -> 0.93037112
A84: The Technology skills I am learning are complete and up-to-date | B84: 314 | C84: 0.89971347 | D84: 14 | E84: 0.93333333 | F84: 112 | G84: 0.86821705 | H84: 498 | I84: 0.91544118 | J84: 230 | K84: 0.92 | L84: 620 | M84: 0.91851852 | N84: =B84+D84+F84+H84+J84+L84 -> 1788 | O84: =AVERAGE(C84,E84,G84,I84,K84,M84) -> 0.90920392
A86: Faculty promote cultural diversity awareness and learning in the classroom | B86: Boulder Cty | D86: Brighton | F86: CCCS Online | H86: Larimer | J86: FRCC Online | L86: Westminster | N86: Total
A87: Not enough | B87: 17 | C87: =B87/B91 -> 0.04735376 | E87: =D87/D91 -> 0 | F87: 9 | G87: =F87/F91 -> 0.069767442 | H87: 45 | I87: =H87/H91 -> 0.082116788 | J87: 16 | K87: =J87/J91 -> 0.064257028 | L87: 50 | M87: =L87/L91 -> 0.073206442 | N87: =B87+D87+F87+H87+J87+L87 -> 137 | O87: =N87/N91 -> 0.069087242
A88: About right amount | B88: 274 | C88: =B88/B91 -> 0.7632312 | D88: 12 | E88: =D88/D91 -> 0.8 | F88: 69 | G88: =F88/F91 -> 0.53488372 | H88: 373 | I88: =H88/H91 -> 0.68065693 | J88: 158 | K88: =J88/J91 -> 0.63453815 | L88: 484 | M88: =L88/L91 -> 0.70863836 | N88: =B88+D88+F88+H88+J88+L88 -> 1370 | O88: =N88/N91 -> 0.69087242
A89: Too much | B89: 11 | C89: =B89/B91 -> 0.030640669 | E89: =D89/D91 -> 0 | F89: 5 | G89: =F89/F91 -> 0.03875969 | H89: 6 | I89: =H89/H91 -> 0.010948905 | J89: 2 | K89: =J89/J91 -> 0.0080321285 | L89: 11 | M89: =L89/L91 -> 0.016105417 | N89: =B89+D89+F89+H89+J89+L89 -> 35 | O89: =N89/N91 -> 0.017650025
A90: Don't know/ don't care | B90: 57 | C90: =B90/B91 -> 0.15877437 | D90: 3 | E90: =D90/D91 -> 0.2 | F90: 46 | G90: =F90/F91 -> 0.35658915 | H90: 124 | I90: =H90/H91 -> 0.22627737 | J90: 73 | K90: =J90/J91 -> 0.29317269 | L90: 138 | M90: =L90/L91 -> 0.20204978 | N90: =B90+D90+F90+H90+J90+L90 -> 441 | O90: =N90/N91 -> 0.22239032
B91: =SUM(B87:B90) -> 359 | C91: =SUM(C87:C90) -> 1 | D91: =SUM(D87:D90) -> 15 | E91: =SUM(E87:E90) -> 1 | F91: =SUM(F87:F90) -> 129 | G91: =SUM(G87:G90) -> 1 | H91: =SUM(H87:H90) -> 548 | I91: =SUM(I87:I90) -> 1 | ... O91: =SUM(O87:O90) -> 1
A93: FRCC student life has programs that promote campus cultural diversity awareness and learning | B93: Boulder Cty | D93: Brighton | F93: CCCS Online | H93: Larimer | J93: FRCC Online | L93: Westminster | N93: Total
A94: Not enough | B94: 29 | C94: =B94/B98 -> 0.081232493 | D94: 1 | E94: =D94/D98 -> 0.066666667 | F94: 11 | G94: =F94/F98 -> 0.085271318 | H94: 44 | I94: =H94/H98 -> 0.081180812 | J94: 15 | K94: =J94/J98 -> 0.060728745 | L94: 48 | M94: =L94/L98 -> 0.070484581 | N94: =B94+D94+F94+H94+J94+L94 -> 148 | O94: =N94/N98 -> 0.075088787
A95: About right amount | B95: 188 | C95: =B95/B98 -> 0.52661064 | D95: 7 | E95: =D95/D98 -> 0.46666667 | F95: 38 | G95: =F95/F98 -> 0.29457364 | H95: 268 | I95: =H95/H98 -> 0.49446494 | J95: 109 | K95: =J95/J98 -> 0.44129555 | L95: 331 | M95: =L95/L98 -> 0.48604993 | N95: =B95+D95+F95+H95+J95+L95 -> 941 | O95: =N95/N98 -> 0.47742263
A96: Too much | B96: 12 | C96: =B96/B98 -> 0.033613445 | E96: =D96/D98 -> 0 | F96: 2 | G96: =F96/F98 -> 0.015503876 | H96: 12 | I96: =H96/H98 -> 0.022140221 | K96: =J96/J98 -> 0 | L96: 10 | M96: =L96/L98 -> 0.014684288 | N96: =B96+D96+F96+H96+J96+L96 -> 36 | O96: =N96/N98 -> 0.01826484
A97: Don't know/ don't care | B97: 128 | C97: =B97/B98 -> 0.35854342 | D97: 7 | E97: =D97/D98 -> 0.46666667 | F97: 78 | G97: =F97/F98 -> 0.60465116 | H97: 218 | I97: =H97/H98 -> 0.40221402 | J97: 123 | K97: =J97/J98 -> 0.49797571 | L97: 292 | M97: =L97/L98 -> 0.4287812 | N97: =B97+D97+F97+H97+J97+L97 -> 846 | O97: =N97/N98 -> 0.42922374
B98: =SUM(B94:B97) -> 357 | C98: =SUM(C94:C97) -> 1 | D98: =SUM(D94:D97) -> 15 | E98: =SUM(E94:E97) -> 1 | F98: =SUM(F94:F97) -> 129 | G98: =SUM(G94:G97) -> 1 | H98: =SUM(H94:H97) -> 542 | I98: =SUM(I94:I97) -> 1 | ... O98: =SUM(O94:O97) -> 1
A100: When do you prefer to take classes: | B100: Boulder Cty | D100: Brighton | F100: CCCS Online | H100: Larimer | J100: FRCC Online | L100: Westminster | N100: Total
A101: Mornings | B101: 259 | C101: =B101/B105 -> 0.4072327 | D101: 9 | E101: =D101/D105 -> 0.32142857 | F101: 52 | G101: =F101/F105 -> 0.2212766 | H101: 371 | I101: =H101/H105 -> 0.40282302 | J101: 105 | K101: =J101/J105 -> 0.23281596 | L101: 443 | M101: =L101/L105 -> 0.38156761 | N101: =B101+D101+F101+H101+J101+L101 -> 1239 | O101: =N101/N105 -> 0.36101399
A102: Afternoons | B102: 224 | C102: =B102/B105 -> 0.35220126 | D102: 11 | E102: =D102/D105 -> 0.39285714 | F102: 53 | G102: =F102/F105 -> 0.22553191 | H102: 333 | I102: =H102/H105 -> 0.36156352 | J102: 103 | K102: =J102/J105 -> 0.22838137 | L102: 399 | M102: =L102/L105 -> 0.34366925 | N102: =B102+D102+F102+H102+J102+L102 -> 1123 | O102: =N102/N105 -> 0.32721445
A103: Evenings | B103: 114 | C103: =B103/B105 -> 0.17924528 | D103: 7 | E103: =D103/D105 -> 0.25 | F103: 84 | G103: =F103/F105 -> 0.35744681 | H103: 174 | I103: =H103/H105 -> 0.18892508 | J103: 159 | K103: =J103/J105 -> 0.35254989 | L103: 259 | M103: =L103/L105 -> 0.22308355 | N103: =B103+D103+F103+H103+J103+L103 -> 797 | O103: =N103/N105 -> 0.23222611
A104: Weekends | B104: 39 | C104: =B104/B105 -> 0.061320755 | D104: 1 | E104: =D104/D105 -> 0.035714286 | F104: 46 | G104: =F104/F105 -> 0.19574468 | H104: 43 | I104: =H104/H105 -> 0.046688382 | J104: 84 | K104: =J104/J105 -> 0.18625277 | L104: 60 | M104: =L104/L105 -> 0.051679587 | N104: =B104+D104+F104+H104+J104+L104 -> 273 | O104: =N104/N105 -> 0.079545455
A105: Total (can choose multiples) | B105: =SUM(B101:B104) -> 636 | C105: =SUM(C101:C104) -> 1 | D105: =SUM(D101:D104) -> 28 | E105: =SUM(E101:E104) -> 1 | F105: =SUM(F101:F104) -> 235 | G105: =SUM(G101:G104) -> 1 | H105: =SUM(H101:H104) -> 921 | I105: =SUM(I101:I104) -> 1 | ... O105: =SUM(O101:O104) -> 1
A107: How would you rate your FRCC experience so far? | B107: Boulder Cty | D107: Brighton | F107: CCCS Online | H107: Larimer | J107: FRCC Online | L107: Westminster | N107: Total
A108: Very Good | B108: 169 | C108: =B108/B112 -> 0.47206704 | D108: 6 | E108: =D108/D112 -> 0.4 | F108: 49 | G108: =F108/F112 -> 0.37984496 | H108: 252 | I108: =H108/H112 -> 0.4606947 | J108: 101 | K108: =J108/J112 -> 0.39920949 | L108: 300 | M108: =L108/L112 -> 0.43668122 | N108: =B108+D108+F108+H108+J108+L108 -> 877 | O108: =N108/N112 -> 0.44092509
A109: Good | B109: 171 | C109: =B109/B112 -> 0.47765363 | D109: 8 | E109: =D109/D112 -> 0.53333333 | F109: 63 | G109: =F109/F112 -> 0.48837209 | H109: 280 | I109: =H109/H112 -> 0.511883 | J109: 133 | K109: =J109/J112 -> 0.5256917 | L109: 358 | M109: =L109/L112 -> 0.52110626 | N109: =B109+D109+F109+H109+J109+L109 -> 1013 | O109: =N109/N112 -> 0.50930116
A110: Poor | B110: 12 | C110: =B110/B112 -> 0.033519553 | D110: 1 | E110: =D110/D112 -> 0.066666667 | F110: 13 | G110: =F110/F112 -> 0.10077519 | H110: 13 | I110: =H110/H112 -> 0.023765996 | J110: 12 | K110: =J110/J112 -> 0.04743083 | L110: 22 | M110: =L110/L112 -> 0.03202329 | N110: =B110+D110+F110+H110+J110+L110 -> 73 | O110: =N110/N112 -> 0.03670186
A111: Very Poor | B111: 6 | C111: =B111/B112 -> 0.016759777 | E111: =D111/D112 -> 0 | F111: 4 | G111: =F111/F112 -> 0.031007752 | H111: 2 | I111: =H111/H112 -> 0.0036563071 | J111: 7 | K111: =J111/J112 -> 0.027667984 | L111: 7 | M111: =L111/L112 -> 0.010189229 | N111: =B111+D111+F111+H111+J111+L111 -> 26 | O111: =N111/N112 -> 0.013071895
A112: Total | B112: =SUM(B108:B111) -> 358 | C112: =SUM(C108:C111) -> 1 | D112: =SUM(D108:D111) -> 15 | E112: =SUM(E108:E111) -> 1 | F112: =SUM(F108:F111) -> 129 | G112: =SUM(G108:G111) -> 1 | H112: =SUM(H108:H111) -> 547 | I112: =SUM(I108:I111) -> 1 | ... O112: =SUM(O108:O111) -> 1
A113: Percent of Good or Very Good | C113: =SUM(C108:C109) -> 0.94972067 | E113: =SUM(E108:E109) -> 0.93333333 | G113: =SUM(G108:G109) -> 0.86821705 | I113: =SUM(I108:I109) -> 0.9725777 | K113: =SUM(K108:K109) -> 0.92490119 | M113: =SUM(M108:M109) -> 0.95778748 | O113: =SUM(O108:O109) -> 0.95022624
A116: EVALUATE FRCC INSTRUCTION
A117: Quality of instruction | B117: Boulder Cty | D117: Brighton | F117: CCCS Online | H117: Larimer | J117: FRCC Online | L117: Westminster | N117: Total
...

Sheet Demographics
A1: Survey of all Currently enrolled students Fall 2013 -- Demographics
A3: Primary Campus | B3: Total | D3: Respondent | F3: % of campus
A4: Boulder County | B4: 2474 | C4: =B4/B10 -> 0.1386072 | D4: 361 | E4: =D4/D10 -> 0.17888999 | F4: =D4/B4 -> 0.14591754
A5: Brighton | B5: 169 | C5: =B5/B10 -> 0.0094683176 | D5: 15 | E5: =D5/D10 -> 0.0074331021 | F5: =D5/B5 -> 0.088757396 | G5: Boulder Students were most likely to respond to survey.
A6: CCC Online | B6: 1609 | C6: =B6/B10 -> 0.090145106 | D6: 132 | E6: =D6/D10 -> 0.065411298 | F6: =D6/B6 -> 0.082038533 | G6: CCCOnline students were least likely to respond to the survey
A7: Larimer | B7: 5555 | C7: =B7/B10 -> 0.31122192 | D7: 560 | E7: =D7/D10 -> 0.27750248 | F7: =D7/B7 -> 0.10081008
A8: FRCC Online | B8: 2384 | C8: =B8/B10 -> 0.13356491 | D8: 254 | E8: =D8/D10 -> 0.1258672 | F8: =D8/B8 -> 0.10654362
A9: Westminster | B9: 5658 | C9: =B9/B10 -> 0.31699255 | D9: 696 | E9: =D9/D10 -> 0.34489594 | F9: =D9/B9 -> 0.12301166
A10: Total | B10: =SUM(B4:B9) -> 17849 | C10: =SUM(C4:C9) -> 1 | D10: =SUM(D4:D9) -> 2018 | E10: =SUM(E4:E9) -> 1 | F10: =D10/B10 -> 0.11305956
A12: Degree | B12: Total | D12: Respondent | F12: % | G12: Boulder Cty | I12: Brighton | K12: CCCS Online | M12: Larimer | O12: FRCC Online | Q12: Westminster
A13: A.A. | B13: 5702 | C13: =B13/B19 -> 0.31945767 | D13: 598 | E13: =D13/D19 -> 0.296333 | F13: =D13/B13 -> 0.10487548 | G13: 109 | H13: =G13/G19 -> 0.30193906 | I13: 2 | J13: =I13/I19 -> 0.13333333 | K13: 40 | L13: =K13/K19 -> 0.3030303 | M13: 171 | N13: =M13/M19 -> 0.30535714 | O13: 75 | P13: =O13/O19 -> 0.29527559 | Q13: 201 | R13: =Q13/Q19 -> 0.2887931
A14: A.A.S. | B14: 4875 | C14: =B14/B19 -> 0.27312454 | D14: 682 | E14: =D14/D19 -> 0.33795837 | F14: =D14/B14 -> 0.13989744 | G14: 92 | H14: =G14/G19 -> 0.25484765 | I14: 5 | J14: =I14/I19 -> 0.33333333 | K14: 42 | L14: =K14/K19 -> 0.31818182 | M14: 192 | N14: =M14/M19 -> 0.34285714 | O14: 101 | P14: =O14/O19 -> 0.3976378 | Q14: 250 | R14: =Q14/Q19 -> 0.3591954
A15: A.G.S. | B15: 978 | C15: =B15/B19 -> 0.054792986 | D15: 93 | E15: =D15/D19 -> 0.046085233 | F15: =D15/B15 -> 0.095092025 | G15: 14 | H15: =G15/G19 -> 0.038781163 | I15: 2 | J15: =I15/I19 -> 0.13333333 | K15: 5 | L15: =K15/K19 -> 0.037878788 | M15: 26 | N15: =M15/M19 -> 0.046428571 | O15: 15 | P15: =O15/O19 -> 0.059055118 | Q15: 31 | R15: =Q15/Q19 -> 0.04454023
A16: A.S. | B16: 3711 | C16: =B16/B19 -> 0.20791081 | D16: 385 | E16: =D16/D19 -> 0.19078295 | F16: =D16/B16 -> 0.10374562 | G16: 70 | H16: =G16/G19 -> 0.19390582 | I16: 4 | J16: =I16/I19 -> 0.26666667 | K16: 32 | L16: =K16/K19 -> 0.24242424 | M16: 101 | N16: =M16/M19 -> 0.18035714 | O16: 32 | P16: =O16/O19 -> 0.12598425 | Q16: 146 | R16: =Q16/Q19 -> 0.20977011
A17: Certificate | B17: 1249 | C17: =B17/B19 -> 0.069975909 | D17: 161 | E17: =D17/D19 -> 0.079781962 | F17: =D17/B17 -> 0.12890312 | G17: 54 | H17: =G17/G19 -> 0.14958449 | I17: 2 | J17: =I17/I19 -> 0.13333333 | K17: 4 | L17: =K17/K19 -> 0.03030303 | M17: 39 | N17: =M17/M19 -> 0.069642857 | O17: 24 | P17: =O17/O19 -> 0.094488189 | Q17: 38 | R17: =Q17/Q19 -> 0.054597701
A18: Undeclared | B18: 1334 | C18: =B18/B19 -> 0.074738081 | D18: 99 | E18: =D18/D19 -> 0.049058474 | F18: =D18/B18 -> 0.074212894 | G18: 22 | H18: =G18/G19 -> 0.060941828 | J18: =I18/I19 -> 0 | K18: 9 | L18: =K18/K19 -> 0.068181818 | M18: 31 | N18: =M18/M19 -> 0.055357143 | O18: 7 | P18: =O18/O19 -> 0.027559055 | Q18: 30 | R18: =Q18/Q19 -> 0.043103448
A19: Total | B19: =SUM(B13:B18) -> 17849 | C19: =SUM(C13:C18) -> 1 | D19: =SUM(D13:D18) -> 2018 | E19: =SUM(E13:E18) -> 1 | F19: =D19/B19 -> 0.11305956 | G19: =SUM(G13:G18) -> 361 | H19: =SUM(H13:H18) -> 1 | I19: =SUM(I13:I18) -> 15 | J19: =SUM(J13:J18) -> 1 | K19: =SUM(K13:K18) -> 132 | L19: =SUM(L13:L18) -> 1 | M19: =SUM(M13:M18) -> 560 | N19: =SUM(N13:N18) -> 1 | ... R19: =SUM(R13:R18) -> 1
A21: Sex | B21: Total | D21: Respondent | F21: % | G21: Boulder Cty | I21: Brighton | K21: CCCS Online | M21: Larimer | O21: FRCC Online | Q21: Westminster | S21: Women have higher response rates, and are more likely to attend the online campuses.
A22: Female | B22: 10082 | C22: =B22/B25 -> 0.56484957 | D22: 1403 | E22: =D22/D25 -> 0.69524281 | F22: =D22/B22 -> 0.1391589 | G22: 270 | H22: =G22/G25 -> 0.74792244 | I22: 12 | J22: =I22/I25 -> 0.8 | K22: 91 | L22: =K22/K25 -> 0.68939394 | M22: 344 | N22: =M22/M25 -> 0.61428571 | O22: 203 | P22: =O22/O25 -> 0.7992126 | Q22: 483 | R22: =Q22/Q25 -> 0.69396552
A23: Male | B23: 7757 | C23: =B23/B25 -> 0.43459017 | D23: 614 | E23: =D23/D25 -> 0.30426165 | F23: =D23/B23 -> 0.079154312 | G23: 91 | H23: =G23/G25 -> 0.25207756 | I23: 3 | J23: =I23/I25 -> 0.2 | K23: 41 | L23: =K23/K25 -> 0.31060606 | M23: 216 | N23: =M23/M25 -> 0.38571429 | O23: 50 | P23: =O23/O25 -> 0.19685039 | Q23: 213 | R23: =Q23/Q25 -> 0.30603448
A24: N | B24: 10 | C24: =B24/B25 -> 0.00056025548 | D24: 1 | E24: =D24/D25 -> 0.00049554014 | F24: =D24/B24 -> 0.1 | H24: =G24/G25 -> 0 | J24: =I24/I25 -> 0 | L24: =K24/K25 -> 0 | N24: =M24/M25 -> 0 | O24: 1 | P24: =O24/O25 -> 0.0039370079 | R24: =Q24/Q25 -> 0
A25: Total | B25: =SUM(B22:B24) -> 17849 | C25: =SUM(C22:C24) -> 1 | D25: =SUM(D22:D24) -> 2018 | E25: =SUM(E22:E24) -> 1 | F25: =D25/B25 -> 0.11305956 | G25: =SUM(G22:G24) -> 361 | H25: =SUM(H22:H24) -> 1 | I25: =SUM(I22:I24) -> 15 | J25: =SUM(J22:J24) -> 1 | K25: =SUM(K22:K24) -> 132 | L25: =SUM(L22:L24) -> 1 | M25: =SUM(M22:M24) -> 560 | N25: =SUM(N22:N24) -> 1 | ... R25: =SUM(R22:R24) -> 1
A27: Note: Students less than 18 years old were omitted from this survey because of uncertainty around confidentiality for underage students.
A28: Age | B28: Total | D28: Respondent | F28: % | G28: Boulder Cty | I28: Brighton | K28: CCCS Online | M28: Larimer | O28: FRCC Online | Q28: Westminster
A29: Less than 18 | C29: =B29/B36 -> 0
A30: 18 to 19 | B30: 3505 | C30: =B30/B36 -> 0.19636954 | D30: 307 | E30: =D30/D36 -> 0.15213082 | F30: =D30/B30 -> 0.087589158 | G30: 68 | H30: =G30/G36 -> 0.18836565 | I30: 2 | J30: =I30/I36 -> 0.13333333 | K30: 4 | L30: =K30/K36 -> 0.03030303 | M30: 92 | N30: =M30/M36 -> 0.16428571 | O30: 10 | P30: =O30/O36 -> 0.039370079 | Q30: 131 | R30: =Q30/Q36 -> 0.18821839 | S30: Respondents are older than the average student.
A31: 20 to 21 | B31: 3135 | C31: =B31/B36 -> 0.17564009 | D31: 227 | E31: =D31/D36 -> 0.11248761 | F31: =D31/B31 -> 0.072408293 | G31: 37 | H31: =G31/G36 -> 0.10249307 | I31: 4 | J31: =I31/I36 -> 0.26666667 | K31: 6 | L31: =K31/K36 -> 0.045454545 | M31: 74 | N31: =M31/M36 -> 0.13214286 | O31: 11 | P31: =O31/O36 -> 0.043307087 | Q31: 95 | R31: =Q31/Q36 -> 0.13649425
A32: 22 to 24 | B32: 3036 | C32: =B32/B36 -> 0.17009356 | D32: 237 | E32: =D32/D36 -> 0.11744301 | F32: =D32/B32 -> 0.078063241 | G32: 38 | H32: =G32/G36 -> 0.10526316 | I32: 1 | J32: =I32/I36 -> 0.066666667 | K32: 23 | L32: =K32/K36 -> 0.17424242 | M32: 56 | N32: =M32/M36 -> 0.1 | O32: 37 | P32: =O32/O36 -> 0.14566929 | Q32: 82 | R32: =Q32/Q36 -> 0.11781609 | S32: Online students are older than Site campus students
A33: 25 to 30 | B33: 3460 | C33: =B33/B36 -> 0.19384839 | D33: 394 | E33: =D33/D36 -> 0.19524281 | F33: =D33/B33 -> 0.11387283 | G33: 65 | H33: =G33/G36 -> 0.1800554 | I33: 3 | J33: =I33/I36 -> 0.2 | K33: 29 | L33: =K33/K36 -> 0.21969697 | M33: 115 | N33: =M33/M36 -> 0.20535714 | O33: 49 | P33: =O33/O36 -> 0.19291339 | Q33: 133 | R33: =Q33/Q36 -> 0.19109195
A34: 31 to 40 | B34: 2707 | C34: =B34/B36 -> 0.15166116 | D34: 409 | E34: =D34/D36 -> 0.20267592 | F34: =D34/B34 -> 0.15108977 | G34: 62 | H34: =G34/G36 -> 0.17174515 | I34: 3 | J34: =I34/I36 -> 0.2 | K34: 32 | L34: =K34/K36 -> 0.24242424 | M34: 114 | N34: =M34/M36 -> 0.20357143 | O34: 70 | P34: =O34/O36 -> 0.27559055 | Q34: 128 | R34: =Q34/Q36 -> 0.18390805
A35: Over 40 | B35: 2006 | C35: =B35/B36 -> 0.11238725 | D35: 444 | E35: =D35/D36 -> 0.22001982 | F35: =D35/B35 -> 0.22133599 | G35: 91 | H35: =G35/G36 -> 0.25207756 | I35: 2 | J35: =I35/I36 -> 0.13333333 | K35: 38 | L35: =K35/K36 -> 0.28787879 | M35: 109 | N35: =M35/M36 -> 0.19464286 | O35: 77 | P35: =O35/O36 -> 0.30314961 | Q35: 127 | R35: =Q35/Q36 -> 0.18247126
A36: Total | B36: =SUM(B29:B35) -> 17849 | C36: =SUM(C29:C35) -> 1 | D36: =SUM(D29:D35) -> 2018 | E36: =SUM(E29:E35) -> 1 | F36: =D36/B36 -> 0.11305956 | G36: =SUM(G29:G35) -> 361 | H36: =SUM(H29:H35) -> 1 | I36: =SUM(I29:I35) -> 15 | J36: =SUM(J29:J35) -> 1 | K36: =SUM(K29:K35) -> 132 | L36: =SUM(L29:L35) -> 1 | M36: =SUM(M29:M35) -> 560 | N36: =SUM(N29:N35) -> 1 | ... R36: =SUM(R29:R35) -> 1
A37: Median | B37: 24 | D37: 28 | G37: 28 | I37: 27 | K37: 32 | M37: 28 | O37: 32 | Q37: 26
A39: Ethnicity | B39: Total | D39: Respondent | F39: % | G39: Boulder Cty | I39: Brighton | K39: CCCS Online | M39: Larimer | O39: FRCC Online | Q39: Westminster | S39: International Students have the highest response rates.
A40: 2 Or More | B40: 15 | C40: =B40/B48 -> 0.00084038321 | D40: 2 | E40: =D40/D48 -> 0.00099108028 | F40: =D40/B40 -> 0.13333333 | K40: 1 | L40: =K40/K48 -> 0.0075757576 | M40: 1 | N40: =M40/M48 -> 0.0017857143 | P40: =O40/O48 -> 0 | R40: =Q40/Q48 -> 0
A41: American Indian | B41: 366 | C41: =B41/B48 -> 0.02050535 | D41: 43 | E41: =D41/D48 -> 0.021308226 | F41: =D41/B41 -> 0.11748634 | G41: 12 | H41: =G41/G48 -> 0.033240997 | I41: 1 | J41: =I41/I48 -> 0.066666667 | K41: 2 | L41: =K41/K48 -> 0.015151515 | M41: 10 | N41: =M41/M48 -> 0.017857143 | O41: 7 | P41: =O41/O48 -> 0.027559055 | Q41: 11 | R41: =Q41/Q48 -> 0.015804598
A42: Asian | B42: 761 | C42: =B42/B48 -> 0.042635442 | D42: 65 | E42: =D42/D48 -> 0.032210109 | F42: =D42/B42 -> 0.085413929 | G42: 11 | H42: =G42/G48 -> 0.030470914 | J42: =I42/I48 -> 0 | K42: 2 | L42: =K42/K48 -> 0.015151515 | M42: 15 | N42: =M42/M48 -> 0.026785714 | O42: 7 | P42: =O42/O48 -> 0.027559055 | Q42: 30 | R42: =Q42/Q48 -> 0.043103448
A43: Black | B43: 393 | C43: =B43/B48 -> 0.02201804 | D43: 37 | E43: =D43/D48 -> 0.018334985 | F43: =D43/B43 -> 0.094147583 | G43: 10 | H43: =G43/G48 -> 0.027700831 | J43: =I43/I48 -> 0 | K43: 3 | L43: =K43/K48 -> 0.022727273 | M43: 5 | N43: =M43/M48 -> 0.0089285714 | O43: 9 | P43: =O43/O48 -> 0.035433071 | Q43: 10 | R43: =Q43/Q48 -> 0.014367816
A44: Hispanic | B44: 2367 | C44: =B44/B48 -> 0.13261247 | D44: 250 | E44: =D44/D48 -> 0.12388503 | F44: =D44/B44 -> 0.10561893 | G44: 39 | H44: =G44/G48 -> 0.10803324 | I44: 4 | J44: =I44/I48 -> 0.26666667 | K44: 12 | L44: =K44/K48 -> 0.090909091 | M44: 48 | N44: =M44/M48 -> 0.085714286 | O44: 38 | P44: =O44/O48 -> 0.1496063 | Q44: 109 | R44: =Q44/Q48 -> 0.1566092 | S44: Highest concentration of Hispancs are at Brighton
A45: International | B45: 225 | C45: =B45/B48 -> 0.012605748 | D45: 35 | E45: =D45/D48 -> 0.017343905 | F45: =D45/B45 -> 0.15555556 | G45: 14 | H45: =G45/G48 -> 0.038781163 | I45: 1 | J45: =I45/I48 -> 0.066666667 | K45: 2 | L45: =K45/K48 -> 0.015151515 | M45: 5 | N45: =M45/M48 -> 0.0089285714 | O45: 2 | P45: =O45/O48 -> 0.0078740157 | Q45: 11 | R45: =Q45/Q48 -> 0.015804598
A46: Unknown | B46: 913 | C46: =B46/B48 -> 0.051151325 | D46: 91 | E46: =D46/D48 -> 0.045094153 | F46: =D46/B46 -> 0.099671413 | G46: 18 | H46: =G46/G48 -> 0.049861496 | J46: =I46/I48 -> 0 | K46: 5 | L46: =K46/K48 -> 0.037878788 | M46: 18 | N46: =M46/M48 -> 0.032142857 | O46: 8 | P46: =O46/O48 -> 0.031496063 | Q46: 42 | R46: =Q46/Q48 -> 0.060344828
A47: White | B47: 12809 | C47: =B47/B48 -> 0.71763124 | D47: 1495 | E47: =D47/D48 -> 0.74083251 | F47: =D47/B47 -> 0.11671481 | G47: 257 | H47: =G47/G48 -> 0.71191136 | I47: 9 | J47: =I47/I48 -> 0.6 | K47: 105 | L47: =K47/K48 -> 0.79545455 | M47: 458 | N47: =M47/M48 -> 0.81785714 | O47: 183 | P47: =O47/O48 -> 0.72047244 | Q47: 483 | R47: =Q47/Q48 -> 0.69396552 | S47: Highest concentration of Whites are at Larimer
A48: Total | B48: =SUM(B40:B47) -> 17849 | C48: =SUM(C40:C47) -> 1 | D48: =SUM(D40:D47) -> 2018 | E48: =SUM(E40:E47) -> 1 | F48: =D48/B48 -> 0.11305956 | G48: =SUM(G40:G47) -> 361 | H48: =SUM(H40:H47) -> 1 | I48: =SUM(I40:I47) -> 15 | J48: =SUM(J40:J47) -> 1 | K48: =SUM(K40:K47) -> 132 | L48: =SUM(L40:L47) -> 1 | M48: =SUM(M40:M47) -> 560 | N48: =SUM(N40:N47) -> 1 | ... R48: =SUM(R40:R47) -> 1

Sheet Obj Emp 
A1: Survey of all Currently enrolled students Fall 2013 -- Objectives and Employment
A3: What is the MAIN reason you are attending FRCC? | B3: Boulder Cty | D3: Brighton | F3: CCCS Online | H3: Larimer | J3: FRCC Online | L3: Westminster | N3: Total | P3: Obtaining transfer credits is the most common goal. Only 3% indicate they are at FRCC for "Personal Interest".
A4: Earn an Academic Degree (AA, AS, AGS) | B4: 162 | C4: =B4/B12 -> 0.46820809 | D4: 6 | E4: =D4/D12 -> 0.42857143 | F4: 67 | G4: =F4/F12 -> 0.54032258 | H4: 267 | I4: =H4/H12 -> 0.48722628 | J4: 151 | K4: =J4/J12 -> 0.62916667 | L4: 337 | M4: =L4/L12 -> 0.49558824 | N4: =L4+J4+H4+F4+D4+B4 -> 990 | O4: =N4/N12 -> 0.50717213
A5: Earn a Vocational/Technical Degree (AAS) | B5: 23 | C5: =B5/B12 -> 0.066473988 | D5: 4 | E5: =D5/D12 -> 0.28571429 | F5: 11 | G5: =F5/F12 -> 0.088709677 | H5: 71 | I5: =H5/H12 -> 0.12956204 | J5: 22 | K5: =J5/J12 -> 0.091666667 | L5: 83 | M5: =L5/L12 -> 0.12205882 | N5: =L5+J5+H5+F5+D5+B5 -> 214 | O5: =N5/N12 -> 0.10963115
A6: Earn a Vo/Tech Certificate | B6: 38 | C6: =B6/B12 -> 0.10982659 | D6: 1 | E6: =D6/D12 -> 0.071428571 | F6: 4 | G6: =F6/F12 -> 0.032258065 | H6: 31 | I6: =H6/H12 -> 0.056569343 | J6: 14 | K6: =J6/J12 -> 0.058333333 | L6: 34 | M6: =L6/L12 -> 0.05 | N6: =L6+J6+H6+F6+D6+B6 -> 122 | O6: =N6/N12 -> 0.0625
A7: Take a few courses, transfer | B7: 80 | C7: =B7/B12 -> 0.23121387 | E7: =D7/D12 -> 0 | F7: 30 | G7: =F7/F12 -> 0.24193548 | H7: 129 | I7: =H7/H12 -> 0.23540146 | J7: 37 | K7: =J7/J12 -> 0.15416667 | L7: 187 | M7: =L7/L12 -> 0.275 | N7: =L7+J7+H7+F7+D7+B7 -> 463 | O7: =N7/N12 -> 0.23719262
A8: Prepare to enter job market | B8: 14 | C8: =B8/B12 -> 0.040462428 | D8: 1 | E8: =D8/D12 -> 0.071428571 | F8: 5 | G8: =F8/F12 -> 0.040322581 | H8: 18 | I8: =H8/H12 -> 0.032846715 | J8: 8 | K8: =J8/J12 -> 0.033333333 | L8: 12 | M8: =L8/L12 -> 0.017647059 | N8: =L8+J8+H8+F8+D8+B8 -> 58 | O8: =N8/N12 -> 0.029713115
A9: Improve skills for present job | B9: 8 | C9: =B9/B12 -> 0.023121387 | D9: 1 | E9: =D9/D12 -> 0.071428571 | F9: 4 | G9: =F9/F12 -> 0.032258065 | H9: 13 | I9: =H9/H12 -> 0.023722628 | J9: 4 | K9: =J9/J12 -> 0.016666667 | L9: 13 | M9: =L9/L12 -> 0.019117647 | N9: =L9+J9+H9+F9+D9+B9 -> 43 | O9: =N9/N12 -> 0.022028689
A10: Receive financial aid benefits | B10: 1 | C10: =B10/B12 -> 0.0028901734 | E10: =D10/D12 -> 0 | G10: =F10/F12 -> 0 | H10: 4 | I10: =H10/H12 -> 0.0072992701 | K10: =J10/J12 -> 0 | L10: 3 | M10: =L10/L12 -> 0.0044117647 | N10: =L10+J10+H10+F10+D10+B10 -> 8 | O10: =N10/N12 -> 0.0040983607
A11: Personal Interest | B11: 20 | C11: =B11/B12 -> 0.057803468 | D11: 1 | E11: =D11/D12 -> 0.071428571 | F11: 3 | G11: =F11/F12 -> 0.024193548 | H11: 15 | I11: =H11/H12 -> 0.027372263 | J11: 4 | K11: =J11/J12 -> 0.016666667 | L11: 11 | M11: =L11/L12 -> 0.016176471 | N11: =L11+J11+H11+F11+D11+B11 -> 54 | O11: =N11/N12 -> 0.027663934
A12: Total | B12: =SUM(B4:B11) -> 346 | C12: =SUM(C4:C11) -> 1 | D12: =SUM(D4:D11) -> 14 | E12: =SUM(E4:E11) -> 1 | F12: =SUM(F4:F11) -> 124 | G12: =SUM(G4:G11) -> 1 | H12: =SUM(H4:H11) -> 548 | I12: =SUM(I4:I11) -> 1 | ... O12: =SUM(O4:O11) -> 1
A14: Present employment status | B14: Boulder Cty | D14: Brighton | F14: CCCS Online | H14: Larimer | J14: FRCC Online | L14: Westminster | N14: Total | P14: 63% of students are Employed.
A15: Employed | B15: 228 | C15: =B15/B19 -> 0.63865546 | D15: 12 | E15: =D15/D19 -> 0.8 | F15: 86 | G15: =F15/F19 -> 0.65648855 | H15: 342 | I15: =H15/H19 -> 0.61621622 | J15: 156 | K15: =J15/J19 -> 0.61904762 | L15: 430 | M15: =L15/L19 -> 0.62228654 | N15: =B15+D15+F15+H15+J15+L15 -> 1254 | O15: =N15/N19 -> 0.62668666
A16: Military | B16: 1 | C16: =B16/B19 -> 0.0028011204 | E16: =D16/D19 -> 0 | F16: 2 | G16: =F16/F19 -> 0.015267176 | H16: 4 | I16: =H16/H19 -> 0.0072072072 | K16: =J16/J19 -> 0 | L16: 6 | M16: =L16/L19 -> 0.008683068 | N16: =B16+D16+F16+H16+J16+L16 -> 13 | O16: =N16/N19 -> 0.0064967516
A17: Unemployed Seeking Employment | B17: 54 | C17: =B17/B19 -> 0.1512605 | D17: 2 | E17: =D17/D19 -> 0.13333333 | F17: 25 | G17: =F17/F19 -> 0.19083969 | H17: 100 | I17: =H17/H19 -> 0.18018018 | J17: 49 | K17: =J17/J19 -> 0.19444444 | L17: 122 | M17: =L17/L19 -> 0.17655572 | N17: =B17+D17+F17+H17+J17+L17 -> 352 | O17: =N17/N19 -> 0.17591204
A18: Unemployed NOT seeking employment | B18: 74 | C18: =B18/B19 -> 0.20728291 | D18: 1 | E18: =D18/D19 -> 0.066666667 | F18: 18 | G18: =F18/F19 -> 0.13740458 | H18: 109 | I18: =H18/H19 -> 0.1963964 | J18: 47 | K18: =J18/J19 -> 0.18650794 | L18: 133 | M18: =L18/L19 -> 0.19247467 | N18: =B18+D18+F18+H18+J18+L18 -> 382 | O18: =N18/N19 -> 0.19090455
A19: Total | B19: =SUM(B15:B18) -> 357 | C19: =SUM(C15:C18) -> 1 | D19: =SUM(D15:D18) -> 15 | E19: =SUM(E15:E18) -> 1 | F19: =SUM(F15:F18) -> 131 | G19: =SUM(G15:G18) -> 1 | H19: =SUM(H15:H18) -> 555 | I19: =SUM(I15:I18) -> 1 | ... O19: =SUM(O15:O18) -> 1
A21: If employed, how many hours per week are you working | B21: Boulder Cty | D21: Brighton | F21: CCCS Online | H21: Larimer | J21: FRCC Online | L21: Westminster | N21: Total | P21: Online students are most likely to be full-time students
A22: 20 or less | B22: 98 | C22: =B22/B25 -> 0.4 | D22: 5 | E22: =D22/D25 -> 0.38461538 | F22: 22 | G22: =F22/F25 -> 0.23913043 | H22: 148 | I22: =H22/H25 -> 0.41456583 | J22: 24 | K22: =J22/J25 -> 0.14371257 | L22: 155 | M22: =L22/L25 -> 0.33549784 | N22: =B22+D22+F22+H22+J22+L22 -> 452 | O22: =N22/N25 -> 0.33832335
A23: 21-39 | B23: 103 | C23: =B23/B25 -> 0.42040816 | D23: 4 | E23: =D23/D25 -> 0.30769231 | F23: 23 | G23: =F23/F25 -> 0.25 | H23: 136 | I23: =H23/H25 -> 0.38095238 | J23: 42 | K23: =J23/J25 -> 0.25149701 | L23: 183 | M23: =L23/L25 -> 0.3961039 | N23: =B23+D23+F23+H23+J23+L23 -> 491 | O23: =N23/N25 -> 0.36751497
A24: 40 or more | B24: 44 | C24: =B24/B25 -> 0.17959184 | D24: 4 | E24: =D24/D25 -> 0.30769231 | F24: 47 | G24: =F24/F25 -> 0.51086957 | H24: 73 | I24: =H24/H25 -> 0.20448179 | J24: 101 | K24: =J24/J25 -> 0.60479042 | L24: 124 | M24: =L24/L25 -> 0.26839827 | N24: =B24+D24+F24+H24+J24+L24 -> 393 | O24: =N24/N25 -> 0.29416168
A25: Total | B25: =SUM(B22:B24) -> 245 | C25: =SUM(C22:C24) -> 1 | D25: =SUM(D22:D24) -> 13 | E25: =SUM(E22:E24) -> 1 | F25: =SUM(F22:F24) -> 92 | G25: =SUM(G22:G24) -> 1 | H25: =SUM(H22:H24) -> 357 | I25: =SUM(I22:I24) -> 1 | ... M25: =SUM(M22:M24) -> 1 | N25: =SUM(N21:N24) -> 1336 | O25: =SUM(O21:O24) -> 1
A27: How many credit hours are you taking this semester? | B27: Boulder Cty | D27: Brighton | F27: CCCS Online | H27: Larimer | J27: FRCC Online | L27: Westminster | N27: Total | P27: Larimer students are most likely to be full-time students
A28: 4 or less | B28: 44 | C28: =B28/B31 -> 0.12290503 | D28: 4 | E28: =D28/D31 -> 0.26666667 | F28: 17 | G28: =F28/F31 -> 0.12977099 | H28: 41 | I28: =H28/H31 -> 0.07400722 | J28: 36 | K28: =J28/J31 -> 0.14229249 | L28: 65 | M28: =L28/L31 -> 0.093930636 | N28: =B28+D28+F28+H28+J28+L28 -> 207 | O28: =N28/N31 -> 0.10334498
A29: 5 to 11 | B29: 168 | C29: =B29/B31 -> 0.46927374 | D29: 8 | E29: =D29/D31 -> 0.53333333 | F29: 74 | G29: =F29/F31 -> 0.5648855 | H29: 216 | I29: =H29/H31 -> 0.3898917 | J29: 155 | K29: =J29/J31 -> 0.61264822 | L29: 324 | M29: =L29/L31 -> 0.46820809 | N29: =B29+D29+F29+H29+J29+L29 -> 945 | O29: =N29/N31 -> 0.47179231
A30: 12 or more | B30: 146 | C30: =B30/B31 -> 0.40782123 | D30: 3 | E30: =D30/D31 -> 0.2 | F30: 40 | G30: =F30/F31 -> 0.30534351 | H30: 297 | I30: =H30/H31 -> 0.53610108 | J30: 62 | K30: =J30/J31 -> 0.24505929 | L30: 303 | M30: =L30/L31 -> 0.43786127 | N30: =B30+D30+F30+H30+J30+L30 -> 851 | O30: =N30/N31 -> 0.42486271
A31: Total | B31: =SUM(B28:B30) -> 358 | C31: =SUM(C28:C30) -> 1 | D31: =SUM(D28:D30) -> 15 | E31: =SUM(E28:E30) -> 1 | F31: =SUM(F28:F30) -> 131 | G31: =SUM(G28:G30) -> 1 | H31: =SUM(H28:H30) -> 554 | I31: =SUM(I28:I30) -> 1 | ... O31: =SUM(O28:O30) -> 1

Sheet Meeting needs
A1: Survey of all Currently enrolled students Fall 2013 -- Meeting Needs
A3: How would you rate your FRCC experience so far? | B3: Boulder Cty | D3: Brighton | F3: CCCS Online | H3: Larimer | J3: FRCC Online | L3: Westminster | N3: Total
A4: Very Good | B4: 169 | C4: =B4/B8 -> 0.47206704 | D4: 6 | E4: =D4/D8 -> 0.4 | F4: 49 | G4: =F4/F8 -> 0.37984496 | H4: 252 | I4: =H4/H8 -> 0.4606947 | J4: 101 | K4: =J4/J8 -> 0.39920949 | L4: 300 | M4: =L4/L8 -> 0.43668122 | N4: =B4+D4+F4+H4+J4+L4 -> 877 | O4: =N4/N8 -> 0.44092509
A5: Good | B5: 171 | C5: =B5/B8 -> 0.47765363 | D5: 8 | E5: =D5/D8 -> 0.53333333 | F5: 63 | G5: =F5/F8 -> 0.48837209 | H5: 280 | I5: =H5/H8 -> 0.511883 | J5: 133 | K5: =J5/J8 -> 0.5256917 | L5: 358 | M5: =L5/L8 -> 0.52110626 | N5: =B5+D5+F5+H5+J5+L5 -> 1013 | O5: =N5/N8 -> 0.50930116
A6: Poor | B6: 12 | C6: =B6/B8 -> 0.033519553 | D6: 1 | E6: =D6/D8 -> 0.066666667 | F6: 13 | G6: =F6/F8 -> 0.10077519 | H6: 13 | I6: =H6/H8 -> 0.023765996 | J6: 12 | K6: =J6/J8 -> 0.04743083 | L6: 22 | M6: =L6/L8 -> 0.03202329 | N6: =B6+D6+F6+H6+J6+L6 -> 73 | O6: =N6/N8 -> 0.03670186
A7: Very Poor | B7: 6 | C7: =B7/B8 -> 0.016759777 | E7: =D7/D8 -> 0 | F7: 4 | G7: =F7/F8 -> 0.031007752 | H7: 2 | I7: =H7/H8 -> 0.0036563071 | J7: 7 | K7: =J7/J8 -> 0.027667984 | L7: 7 | M7: =L7/L8 -> 0.010189229 | N7: =B7+D7+F7+H7+J7+L7 -> 26 | O7: =N7/N8 -> 0.013071895
A8: Total | B8: =SUM(B4:B7) -> 358 | C8: =SUM(C4:C7) -> 1 | D8: =SUM(D4:D7) -> 15 | E8: =SUM(E4:E7) -> 1 | F8: =SUM(F4:F7) -> 129 | G8: =SUM(G4:G7) -> 1 | H8: =SUM(H4:H7) -> 547 | I8: =SUM(I4:I7) -> 1 | ... O8: =SUM(O4:O7) -> 1
A9: Percent of Good or Very Good | C9: =SUM(C4:C5) -> 0.94972067 | E9: =SUM(E4:E5) -> 0.93333333 | G9: =SUM(G4:G5) -> 0.86821705 | I9: =SUM(I4:I5) -> 0.9725777 | K9: =SUM(K4:K5) -> 0.92490119 | M9: =SUM(M4:M5) -> 0.95778748 | O9: =SUM(O4:O5) -> 0.95022624
A11: Percent of question Respondents who agree with the following: | B11: Boulder Cty | D11: Brighton | F11: CCCS Online | H11: Larimer | J11: FRCC Online | L11: Westminster | N11: Total
A12: Instructional program is meeting your educational goals. | B12: 336 | C12: 0.93854749 | D12: 12 | E12: 0.8 | F12: 113 | G12: 0.86259542 | H12: 524 | I12: 0.94584838 | J12: 229 | K12: 0.90513834 | L12: 647 | M12: 0.93768116 | N12: =B12+D12+F12+H12+J12+L12 -> 1861 | O12: =AVERAGE(C12,E12,G12,I12,K12,M12) -> 0.8983018
A13: Is the use of technology helping you learn at FRCC? | B13: 321 | C13: 0.89415042 | D13: 15 | E13: 1 | F13: 118 | G13: 0.90076336 | H13: 508 | I13: 0.92531876 | J13: 237 | K13: 0.948 | L13: 627 | M13: 0.91399417 | N13: =B13+D13+F13+H13+J13+L13 -> 1826 | O13: =AVERAGE(C13,E13,G13,I13,K13,M13) -> 0.93037112
A14: Are the Technology skills you are learning complete and up-to-date? | B14: 314 | C14: 0.89971347 | D14: 14 | E14: 0.93333333 | F14: 112 | G14: 0.86821705 | H14: 498 | I14: 0.91544118 | J14: 230 | K14: 0.92 | L14: 620 | M14: 0.91851852 | N14: =B14+D14+F14+H14+J14+L14 -> 1788 | O14: =AVERAGE(C14,E14,G14,I14,K14,M14) -> 0.90920392
A16: Faculty promote cultural diversity awareness and learning in the classroom | B16: Boulder Cty | D16: Brighton | F16: CCCS Online | H16: Larimer | J16: FRCC Online | L16: Westminster | N16: Total
A17: Not enough | B17: 17 | C17: =B17/B21 -> 0.04735376 | E17: =D17/D21 -> 0 | F17: 9 | G17: =F17/F21 -> 0.069767442 | H17: 45 | I17: =H17/H21 -> 0.082116788 | J17: 16 | K17: =J17/J21 -> 0.064257028 | L17: 50 | M17: =L17/L21 -> 0.073206442 | N17: =B17+D17+F17+H17+J17+L17 -> 137 | O17: =N17/N21 -> 0.069087242
A18: About right amount | B18: 274 | C18: =B18/B21 -> 0.7632312 | D18: 12 | E18: =D18/D21 -> 0.8 | F18: 69 | G18: =F18/F21 -> 0.53488372 | H18: 373 | I18: =H18/H21 -> 0.68065693 | J18: 158 | K18: =J18/J21 -> 0.63453815 | L18: 484 | M18: =L18/L21 -> 0.70863836 | N18: =B18+D18+F18+H18+J18+L18 -> 1370 | O18: =N18/N21 -> 0.69087242
A19: Too much | B19: 11 | C19: =B19/B21 -> 0.030640669 | E19: =D19/D21 -> 0 | F19: 5 | G19: =F19/F21 -> 0.03875969 | H19: 6 | I19: =H19/H21 -> 0.010948905 | J19: 2 | K19: =J19/J21 -> 0.0080321285 | L19: 11 | M19: =L19/L21 -> 0.016105417 | N19: =B19+D19+F19+H19+J19+L19 -> 35 | O19: =N19/N21 -> 0.017650025
A20: Don't know/ don't care | B20: 57 | C20: =B20/B21 -> 0.15877437 | D20: 3 | E20: =D20/D21 -> 0.2 | F20: 46 | G20: =F20/F21 -> 0.35658915 | H20: 124 | I20: =H20/H21 -> 0.22627737 | J20: 73 | K20: =J20/J21 -> 0.29317269 | L20: 138 | M20: =L20/L21 -> 0.20204978 | N20: =B20+D20+F20+H20+J20+L20 -> 441 | O20: =N20/N21 -> 0.22239032
B21: =SUM(B17:B20) -> 359 | C21: =SUM(C17:C20) -> 1 | D21: =SUM(D17:D20) -> 15 | E21: =SUM(E17:E20) -> 1 | F21: =SUM(F17:F20) -> 129 | G21: =SUM(G17:G20) -> 1 | H21: =SUM(H17:H20) -> 548 | I21: =SUM(I17:I20) -> 1 | ... O21: =SUM(O17:O20) -> 1
A23: FRCC student life has programs that promote campus cultural diversity awareness and learning | B23: Boulder Cty | D23: Brighton | F23: CCCS Online | H23: Larimer | J23: FRCC Online | L23: Westminster | N23: Total
A24: Not enough | B24: 29 | C24: =B24/B28 -> 0.081232493 | D24: 1 | E24: =D24/D28 -> 0.066666667 | F24: 11 | G24: =F24/F28 -> 0.085271318 | H24: 44 | I24: =H24/H28 -> 0.081180812 | J24: 15 | K24: =J24/J28 -> 0.060728745 | L24: 48 | M24: =L24/L28 -> 0.070484581 | N24: =B24+D24+F24+H24+J24+L24 -> 148 | O24: =N24/N28 -> 0.075088787
A25: About right amount | B25: 188 | C25: =B25/B28 -> 0.52661064 | D25: 7 | E25: =D25/D28 -> 0.46666667 | F25: 38 | G25: =F25/F28 -> 0.29457364 | H25: 268 | I25: =H25/H28 -> 0.49446494 | J25: 109 | K25: =J25/J28 -> 0.44129555 | L25: 331 | M25: =L25/L28 -> 0.48604993 | N25: =B25+D25+F25+H25+J25+L25 -> 941 | O25: =N25/N28 -> 0.47742263
A26: Too much | B26: 12 | C26: =B26/B28 -> 0.033613445 | E26: =D26/D28 -> 0 | F26: 2 | G26: =F26/F28 -> 0.015503876 | H26: 12 | I26: =H26/H28 -> 0.022140221 | K26: =J26/J28 -> 0 | L26: 10 | M26: =L26/L28 -> 0.014684288 | N26: =B26+D26+F26+H26+J26+L26 -> 36 | O26: =N26/N28 -> 0.01826484
A27: Don't know/ don't care | B27: 128 | C27: =B27/B28 -> 0.35854342 | D27: 7 | E27: =D27/D28 -> 0.46666667 | F27: 78 | G27: =F27/F28 -> 0.60465116 | H27: 218 | I27: =H27/H28 -> 0.40221402 | J27: 123 | K27: =J27/J28 -> 0.49797571 | L27: 292 | M27: =L27/L28 -> 0.4287812 | N27: =B27+D27+F27+H27+J27+L27 -> 846 | O27: =N27/N28 -> 0.42922374
B28: =SUM(B24:B27) -> 357 | C28: =SUM(C24:C27) -> 1 | D28: =SUM(D24:D27) -> 15 | E28: =SUM(E24:E27) -> 1 | F28: =SUM(F24:F27) -> 129 | G28: =SUM(G24:G27) -> 1 | H28: =SUM(H24:H27) -> 542 | I28: =SUM(I24:I27) -> 1 | ... O28: =SUM(O24:O27) -> 1
A30: When do you prefer to take classes: | B30: Boulder Cty | D30: Brighton | F30: CCCS Online | H30: Larimer | J30: FRCC Online | L30: Westminster | N30: Total | P30: Campuses vary on when they prefer to take their courses, with the online students most likely to want evening/weekend classes.
A31: Mornings | B31: 259 | C31: =B31/B35 -> 0.4072327 | D31: 9 | E31: =D31/D35 -> 0.32142857 | F31: 52 | G31: =F31/F35 -> 0.2212766 | H31: 371 | I31: =H31/H35 -> 0.40282302 | J31: 105 | K31: =J31/J35 -> 0.23281596 | L31: 443 | M31: =L31/L35 -> 0.38156761 | N31: =B31+D31+F31+H31+J31+L31 -> 1239 | O31: =N31/N35 -> 0.36101399
A32: Afternoons | B32: 224 | C32: =B32/B35 -> 0.35220126 | D32: 11 | E32: =D32/D35 -> 0.39285714 | F32: 53 | G32: =F32/F35 -> 0.22553191 | H32: 333 | I32: =H32/H35 -> 0.36156352 | J32: 103 | K32: =J32/J35 -> 0.22838137 | L32: 399 | M32: =L32/L35 -> 0.34366925 | N32: =B32+D32+F32+H32+J32+L32 -> 1123 | O32: =N32/N35 -> 0.32721445
A33: Evenings | B33: 114 | C33: =B33/B35 -> 0.17924528 | D33: 7 | E33: =D33/D35 -> 0.25 | F33: 84 | G33: =F33/F35 -> 0.35744681 | H33: 174 | I33: =H33/H35 -> 0.18892508 | J33: 159 | K33: =J33/J35 -> 0.35254989 | L33: 259 | M33: =L33/L35 -> 0.22308355 | N33: =B33+D33+F33+H33+J33+L33 -> 797 | O33: =N33/N35 -> 0.23222611
A34: Weekends | B34: 39 | C34: =B34/B35 -> 0.061320755 | D34: 1 | E34: =D34/D35 -> 0.035714286 | F34: 46 | G34: =F34/F35 -> 0.19574468 | H34: 43 | I34: =H34/H35 -> 0.046688382 | J34: 84 | K34: =J34/J35 -> 0.18625277 | L34: 60 | M34: =L34/L35 -> 0.051679587 | N34: =B34+D34+F34+H34+J34+L34 -> 273 | O34: =N34/N35 -> 0.079545455
A35: Total (can choose multiples) | B35: =SUM(B31:B34) -> 636 | C35: =SUM(C31:C34) -> 1 | D35: =SUM(D31:D34) -> 28 | E35: =SUM(E31:E34) -> 1 | F35: =SUM(F31:F34) -> 235 | G35: =SUM(G31:G34) -> 1 | H35: =SUM(H31:H34) -> 921 | I35: =SUM(I31:I34) -> 1 | ... O35: =SUM(O31:O34) -> 1

Sheet Evaluate Instruction
A1: Survey of all Currently enrolled students Fall 2013 -- Evaluate Instruction
A2: Course Availability had the lowest level of satisfaction.
Q3: Attributes rated at less than 90% satisfaction are highlighted. Course Availability affects all campuses
A4: Quality of instruction | B4: Boulder Cty | D4: Brighton | F4: CCCS Online | H4: Larimer | J4: FRCC Online | L4: Westminster | N4: Total | Q4: EVALUATE FRCC INSTRUCTION | R4: Boulder | S4: Brighton | T4: CCCS Onl | U4: Larimer | V4: FRCC Onl | W4: Westminster | X4: Total
A5: Very good | B5: 176 | C5: =B5/B9 -> 0.5 | D5: 7 | E5: =D5/D9 -> 0.46666667 | F5: 50 | G5: =F5/F9 -> 0.3968254 | H5: 269 | I5: =H5/H9 -> 0.49722736 | J5: 103 | K5: =J5/J9 -> 0.42040816 | L5: 332 | M5: =L5/L9 -> 0.49185185 | N5: =B5+D5+F5+H5+J5+L5 -> 937 | O5: =N5/N9 -> 0.47952917 | Q5: Quality of instruction | R5: =C10 -> 0.94886364 | S5: =E10 -> 0.86666667 | T5: =G10 -> 0.8968254 | U5: =I10 -> 0.97966728 | V5: =K10 -> 0.93877551 | W5: =M10 -> 0.96740741 | X5: =O10 -> 0.95854657
A6: Good | B6: 158 | C6: =B6/B9 -> 0.44886364 | D6: 6 | E6: =D6/D9 -> 0.4 | F6: 63 | G6: =F6/F9 -> 0.5 | H6: 261 | I6: =H6/H9 -> 0.48243993 | J6: 127 | K6: =J6/J9 -> 0.51836735 | L6: 321 | M6: =L6/L9 -> 0.47555556 | N6: =B6+D6+F6+H6+J6+L6 -> 936 | O6: =N6/N9 -> 0.4790174 | Q6: Instructor's knowledge of subject | R6: =C18 -> 0.97727273 | S6: =E18 -> 0.86666667 | T6: =G18 -> 0.944 | U6: =I18 -> 0.98523985 | V6: =K18 -> 0.9755102 | W6: =M18 -> 0.98216939 | X6: =O18 -> 0.97797131
A7: Poor | B7: 14 | C7: =B7/B9 -> 0.039772727 | D7: 1 | E7: =D7/D9 -> 0.066666667 | F7: 9 | G7: =F7/F9 -> 0.071428571 | H7: 11 | I7: =H7/H9 -> 0.020332717 | J7: 12 | K7: =J7/J9 -> 0.048979592 | L7: 17 | M7: =L7/L9 -> 0.025185185 | N7: =B7+D7+F7+H7+J7+L7 -> 64 | O7: =N7/N9 -> 0.032753327 | Q7: Course objectives & requirements made clear | R7: =C26 -> 0.95170455 | S7: =E26 -> 1 | T7: =G26 -> 0.84 | U7: =I26 -> 0.95563771 | V7: =K26 -> 0.90612245 | W7: =M26 -> 0.94510386 | X7: =O26 -> 0.9380123
A8: Very poor | B8: 4 | C8: =B8/B9 -> 0.011363636 | D8: 1 | E8: =D8/D9 -> 0.066666667 | F8: 4 | G8: =F8/F9 -> 0.031746032 | I8: =H8/H9 -> 0 | J8: 3 | K8: =J8/J9 -> 0.012244898 | L8: 5 | M8: =L8/L9 -> 0.0074074074 | N8: =B8+D8+F8+H8+J8+L8 -> 17 | O8: =N8/N9 -> 0.0087001024 | Q8: Course content | R8: =C34 -> 0.96296296 | S8: =E34 -> 1 | T8: =G34 -> 0.86507937 | U8: =I34 -> 0.98518519 | V8: =K34 -> 0.94693878 | W8: =M34 -> 0.97181009 | X8: =O34 -> 0.96412096
A9: Total | B9: =SUM(B5:B8) -> 352 | C9: =SUM(C5:C8) -> 1 | D9: =SUM(D5:D8) -> 15 | E9: =SUM(E5:E8) -> 1 | F9: =SUM(F5:F8) -> 126 | G9: =SUM(G5:G8) -> 1 | H9: =SUM(H5:H8) -> 541 | I9: =SUM(I5:I8) -> 1 | ... M9: =SUM(M5:M8) -> 1 | N9: =SUM(N3:N8) -> 1954 | O9: =SUM(O3:O8) -> 1 | Q9: Instructional methods | R9: =C42 -> 0.9031339 | S9: =E42 -> 0.93333333 | T9: =G42 -> 0.84 | U9: =I42 -> 0.93357934 | V9: =K42 -> 0.89795918 | W9: =M42 -> 0.9346211 | X9: =O42 -> 0.91799077
A10: Percent of Good or Very Good | C10: =SUM(C5:C6) -> 0.94886364 | E10: =SUM(E5:E6) -> 0.86666667 | G10: =SUM(G5:G6) -> 0.8968254 | I10: =SUM(I5:I6) -> 0.97966728 | K10: =SUM(K5:K6) -> 0.93877551 | M10: =SUM(M5:M6) -> 0.96740741 | O10: =SUM(O5:O6) -> 0.95854657 | Q10: Testing and grading | R10: =C50 -> 0.9226361 | S10: =E50 -> 0.93333333 | T10: =G50 -> 0.90322581 | U10: =I50 -> 0.94248609 | V10: =K50 -> 0.91056911 | W10: =M50 -> 0.93768546 | X10: =O50 -> 0.93066256
Q11: Class Size | R11: =C58 -> 0.99430199 | S11: =E58 -> 1 | T11: =G58 -> 0.992 | U11: =I58 -> 0.97592593 | V11: =K58 -> 0.98367347 | W11: =M58 -> 0.98222222 | X11: =O58 -> 0.98359815
A12: Instructor's knowledge of subject(s) | B12: Boulder Cty | D12: Brighton | F12: CCCS Online | H12: Larimer | J12: FRCC Online | L12: Westminster | N12: Total | Q12: Course availability | R12: =C66 -> 0.83954155 | S12: =E66 -> 0.73333333 | T12: =G66 -> 0.84126984 | U12: =I66 -> 0.80961183 | V12: =K66 -> 0.86585366 | W12: =M66 -> 0.81845238 | X12: =O66 -> 0.82657773
A13: Very good | B13: 225 | C13: =B13/B17 -> 0.63920455 | D13: 10 | E13: =D13/D17 -> 0.66666667 | F13: 66 | G13: =F13/F17 -> 0.528 | H13: 354 | I13: =H13/H17 -> 0.65313653 | J13: 139 | K13: =J13/J17 -> 0.56734694 | L13: 434 | M13: =L13/L17 -> 0.6448737 | N13: =B13+D13+F13+H13+J13+L13 -> 1228 | O13: =N13/N17 -> 0.62909836 | Q13: Overall Evaluation of Instruction | R13: =C74 -> 0.96306818 | S13: =E74 -> 0.86666667 | T13: =G74 -> 0.896 | U13: =I74 -> 0.97966728 | V13: =K74 -> 0.9382716 | W13: =M74 -> 0.97481481 | X13: =O74 -> 0.96360841
A14: Good | B14: 119 | C14: =B14/B17 -> 0.33806818 | D14: 3 | E14: =D14/D17 -> 0.2 | F14: 52 | G14: =F14/F17 -> 0.416 | H14: 180 | I14: =H14/H17 -> 0.33210332 | J14: 100 | K14: =J14/J17 -> 0.40816327 | L14: 227 | M14: =L14/L17 -> 0.33729569 | N14: =B14+D14+F14+H14+J14+L14 -> 681 | O14: =N14/N17 -> 0.34887295
A15: Poor | B15: 7 | C15: =B15/B17 -> 0.019886364 | D15: 1 | E15: =D15/D17 -> 0.066666667 | F15: 5 | G15: =F15/F17 -> 0.04 | H15: 6 | I15: =H15/H17 -> 0.011070111 | J15: 4 | K15: =J15/J17 -> 0.016326531 | L15: 10 | M15: =L15/L17 -> 0.014858841 | N15: =B15+D15+F15+H15+J15+L15 -> 33 | O15: =N15/N17 -> 0.016905738
A16: Very poor | B16: 1 | C16: =B16/B17 -> 0.0028409091 | D16: 1 | E16: =D16/D17 -> 0.066666667 | F16: 2 | G16: =F16/F17 -> 0.016 | H16: 2 | I16: =H16/H17 -> 0.0036900369 | J16: 2 | K16: =J16/J17 -> 0.0081632653 | L16: 2 | M16: =L16/L17 -> 0.0029717682 | N16: =B16+D16+F16+H16+J16+L16 -> 10 | O16: =N16/N17 -> 0.0051229508
A17: Total | B17: =SUM(B13:B16) -> 352 | C17: =SUM(C13:C16) -> 1 | D17: =SUM(D13:D16) -> 15 | E17: =SUM(E13:E16) -> 1 | F17: =SUM(F13:F16) -> 125 | G17: =SUM(G13:G16) -> 1 | H17: =SUM(H13:H16) -> 542 | I17: =SUM(I13:I16) -> 1 | ... M17: =SUM(M13:M16) -> 1 | N17: =SUM(N12:N16) -> 1952 | O17: =SUM(O12:O16) -> 1
A18: Percent of Good or Very Good | C18: =SUM(C13:C14) -> 0.97727273 | E18: =SUM(E13:E14) -> 0.86666667 | G18: =SUM(G13:G14) -> 0.944 | I18: =SUM(I13:I14) -> 0.98523985 | K18: =SUM(K13:K14) -> 0.9755102 | M18: =SUM(M13:M14) -> 0.98216939 | O18: =SUM(O13:O14) -> 0.97797131
A20: Course objectives & requirements made clear | B20: Boulder Cty | D20: Brighton | F20: CCCS Online | H20: Larimer | J20: FRCC Online | L20: Westminster | N20: Total
A21: Very good | B21: 165 | C21: =B21/B25 -> 0.46875 | D21: 8 | E21: =D21/D25 -> 0.53333333 | F21: 52 | G21: =F21/F25 -> 0.416 | H21: 272 | I21: =H21/H25 -> 0.50277264 | J21: 106 | K21: =J21/J25 -> 0.43265306 | L21: 327 | M21: =L21/L25 -> 0.4851632 | N21: =B21+D21+F21+H21+J21+L21 -> 930 | O21: =N21/N25 -> 0.47643443
A22: Good | B22: 170 | C22: =B22/B25 -> 0.48295455 | D22: 7 | E22: =D22/D25 -> 0.46666667 | F22: 53 | G22: =F22/F25 -> 0.424 | H22: 245 | I22: =H22/H25 -> 0.45286506 | J22: 116 | K22: =J22/J25 -> 0.47346939 | L22: 310 | M22: =L22/L25 -> 0.45994065 | N22: =B22+D22+F22+H22+J22+L22 -> 901 | O22: =N22/N25 -> 0.46157787
A23: Poor | B23: 14 | C23: =B23/B25 -> 0.039772727 | E23: =D23/D25 -> 0 | F23: 12 | G23: =F23/F25 -> 0.096 | H23: 21 | I23: =H23/H25 -> 0.038817006 | J23: 20 | K23: =J23/J25 -> 0.081632653 | L23: 32 | M23: =L23/L25 -> 0.047477745 | N23: =B23+D23+F23+H23+J23+L23 -> 99 | O23: =N23/N25 -> 0.050717213
A24: Very poor | B24: 3 | C24: =B24/B25 -> 0.0085227273 | E24: =D24/D25 -> 0 | F24: 8 | G24: =F24/F25 -> 0.064 | H24: 3 | I24: =H24/H25 -> 0.0055452865 | J24: 3 | K24: =J24/J25 -> 0.012244898 | L24: 5 | M24: =L24/L25 -> 0.0074183976 | N24: =B24+D24+F24+H24+J24+L24 -> 22 | O24: =N24/N25 -> 0.011270492
A25: Total | B25: =SUM(B21:B24) -> 352 | C25: =SUM(C21:C24) -> 1 | D25: =SUM(D21:D24) -> 15 | E25: =SUM(E21:E24) -> 1 | F25: =SUM(F21:F24) -> 125 | G25: =SUM(G21:G24) -> 1 | H25: =SUM(H21:H24) -> 541 | I25: =SUM(I21:I24) -> 1 | ... M25: =SUM(M21:M24) -> 1 | N25: =SUM(N19:N24) -> 1952 | O25: =SUM(O19:O24) -> 1
A26: Percent of Good or Very Good | C26: =SUM(C21:C22) -> 0.95170455 | E26: =SUM(E21:E22) -> 1 | G26: =SUM(G21:G22) -> 0.84 | I26: =SUM(I21:I22) -> 0.95563771 | K26: =SUM(K21:K22) -> 0.90612245 | M26: =SUM(M21:M22) -> 0.94510386 | O26: =SUM(O21:O22) -> 0.9380123
A28: Content of course(s) | B28: Boulder Cty | D28: Brighton | F28: CCCS Online | H28: Larimer | J28: FRCC Online | L28: Westminster | N28: Total
A29: Very good | B29: 162 | C29: =B29/B33 -> 0.46153846 | D29: 8 | E29: =D29/D33 -> 0.53333333 | F29: 50 | G29: =F29/F33 -> 0.3968254 | H29: 256 | I29: =H29/H33 -> 0.47407407 | J29: 115 | K29: =J29/J33 -> 0.46938776 | L29: 323 | M29: =L29/L33 -> 0.47922849 | N29: =B29+D29+F29+H29+J29+L29 -> 914 | O29: =N29/N33 -> 0.4684777
A30: Good | B30: 176 | C30: =B30/B33 -> 0.5014245 | D30: 7 | E30: =D30/D33 -> 0.46666667 | F30: 59 | G30: =F30/F33 -> 0.46825397 | H30: 276 | I30: =H30/H33 -> 0.51111111 | J30: 117 | K30: =J30/J33 -> 0.47755102 | L30: 332 | M30: =L30/L33 -> 0.4925816 | N30: =B30+D30+F30+H30+J30+L30 -> 967 | O30: =N30/N33 -> 0.49564326
A31: Poor | B31: 10 | C31: =B31/B33 -> 0.028490028 | E31: =D31/D33 -> 0 | F31: 10 | G31: =F31/F33 -> 0.079365079 | H31: 8 | I31: =H31/H33 -> 0.014814815 | J31: 12 | K31: =J31/J33 -> 0.048979592 | L31: 13 | M31: =L31/L33 -> 0.019287834 | N31: =B31+D31+F31+H31+J31+L31 -> 53 | O31: =N31/N33 -> 0.027165556
A32: Very poor | B32: 3 | C32: =B32/B33 -> 0.0085470085 | E32: =D32/D33 -> 0 | F32: 7 | G32: =F32/F33 -> 0.055555556 | I32: =H32/H33 -> 0 | J32: 1 | K32: =J32/J33 -> 0.0040816327 | L32: 6 | M32: =L32/L33 -> 0.0089020772 | N32: =B32+D32+F32+H32+J32+L32 -> 17 | O32: =N32/N33 -> 0.0087134803
A33: Total | B33: =SUM(B29:B32) -> 351 | C33: =SUM(C29:C32) -> 1 | D33: =SUM(D29:D32) -> 15 | E33: =SUM(E29:E32) -> 1 | F33: =SUM(F29:F32) -> 126 | G33: =SUM(G29:G32) -> 1 | H33: =SUM(H29:H32) -> 540 | I33: =SUM(I29:I32) -> 1 | ... M33: =SUM(M29:M32) -> 1 | N33: =SUM(N27:N32) -> 1951 | O33: =SUM(O27:O32) -> 1
A34: Percent of Good or Very Good | C34: =SUM(C29:C30) -> 0.96296296 | E34: =SUM(E29:E30) -> 1 | G34: =SUM(G29:G30) -> 0.86507937 | I34: =SUM(I29:I30) -> 0.98518519 | K34: =SUM(K29:K30) -> 0.94693878 | M34: =SUM(M29:M30) -> 0.97181009 | O34: =SUM(O29:O30) -> 0.96412096
A36: Instructional methods | B36: Boulder Cty | D36: Brighton | F36: CCCS Online | H36: Larimer | J36: FRCC Online | L36: Westminster | N36: Total
A37: Very good | B37: 144 | C37: =B37/B41 -> 0.41025641 | D37: 7 | E37: =D37/D41 -> 0.46666667 | F37: 38 | G37: =F37/F41 -> 0.304 | H37: 217 | I37: =H37/H41 -> 0.400369 | J37: 87 | K37: =J37/J41 -> 0.35510204 | L37: 271 | M37: =L37/L41 -> 0.40267459 | N37: =B37+D37+F37+H37+J37+L37 -> 764 | O37: =N37/N41 -> 0.39159405
A38: Good | B38: 173 | C38: =B38/B41 -> 0.49287749 | D38: 7 | E38: =D38/D41 -> 0.46666667 | F38: 67 | G38: =F38/F41 -> 0.536 | H38: 289 | I38: =H38/H41 -> 0.53321033 | J38: 133 | K38: =J38/J41 -> 0.54285714 | L38: 358 | M38: =L38/L41 -> 0.53194651 | N38: =B38+D38+F38+H38+J38+L38 -> 1027 | O38: =N38/N41 -> 0.52639672
A39: Poor | B39: 26 | C39: =B39/B41 -> 0.074074074 | E39: =D39/D41 -> 0 | F39: 12 | G39: =F39/F41 -> 0.096 | H39: 34 | I39: =H39/H41 -> 0.062730627 | J39: 20 | K39: =J39/J41 -> 0.081632653 | L39: 34 | M39: =L39/L41 -> 0.050520059 | N39: =B39+D39+F39+H39+J39+L39 -> 126 | O39: =N39/N41 -> 0.064582266
A40: Very poor | B40: 8 | C40: =B40/B41 -> 0.022792023 | D40: 1 | E40: =D40/D41 -> 0.066666667 | F40: 8 | G40: =F40/F41 -> 0.064 | H40: 2 | I40: =H40/H41 -> 0.0036900369 | J40: 5 | K40: =J40/J41 -> 0.020408163 | L40: 10 | M40: =L40/L41 -> 0.014858841 | N40: =B40+D40+F40+H40+J40+L40 -> 34 | O40: =N40/N41 -> 0.017426961
A41: Total | B41: =SUM(B37:B40) -> 351 | C41: =SUM(C37:C40) -> 1 | D41: =SUM(D37:D40) -> 15 | E41: =SUM(E37:E40) -> 1 | F41: =SUM(F37:F40) -> 125 | G41: =SUM(G37:G40) -> 1 | H41: =SUM(H37:H40) -> 542 | I41: =SUM(I37:I40) -> 1 | ... M41: =SUM(M37:M40) -> 1 | N41: =SUM(N35:N40) -> 1951 | O41: =SUM(O35:O40) -> 1
A42: Percent of Good or Very Good | C42: =SUM(C37:C38) -> 0.9031339 | E42: =SUM(E37:E38) -> 0.93333333 | G42: =SUM(G37:G38) -> 0.84 | I42: =SUM(I37:I38) -> 0.93357934 | K42: =SUM(K37:K38) -> 0.89795918 | M42: =SUM(M37:M38) -> 0.9346211 | O42: =SUM(O37:O38) -> 0.91799077
A44: Testing and grading | B44: Boulder Cty | D44: Brighton | F44: CCCS Online | H44: Larimer | J44: FRCC Online | L44: Westminster | N44: Total
A45: Very good | B45: 151 | C45: =B45/B49 -> 0.43266476 | D45: 9 | E45: =D45/D49 -> 0.6 | F45: 40 | G45: =F45/F49 -> 0.32258065 | H45: 226 | I45: =H45/H49 -> 0.41929499 | J45: 78 | K45: =J45/J49 -> 0.31707317 | L45: 275 | M45: =L45/L49 -> 0.40801187 | N45: =B45+D45+F45+H45+J45+L45 -> 779 | O45: =N45/N49 -> 0.40010272
A46: Good | B46: 171 | C46: =B46/B49 -> 0.48997135 | D46: 5 | E46: =D46/D49 -> 0.33333333 | F46: 72 | G46: =F46/F49 -> 0.58064516 | H46: 282 | I46: =H46/H49 -> 0.52319109 | J46: 146 | K46: =J46/J49 -> 0.59349593 | L46: 357 | M46: =L46/L49 -> 0.52967359 | N46: =B46+D46+F46+H46+J46+L46 -> 1033 | O46: =N46/N49 -> 0.53055984
A47: Poor | B47: 22 | C47: =B47/B49 -> 0.063037249 | E47: =D47/D49 -> 0 | F47: 7 | G47: =F47/F49 -> 0.056451613 | H47: 28 | I47: =H47/H49 -> 0.051948052 | J47: 20 | K47: =J47/J49 -> 0.081300813 | L47: 37 | M47: =L47/L49 -> 0.054896142 | N47: =B47+D47+F47+H47+J47+L47 -> 114 | O47: =N47/N49 -> 0.058551618
A48: Very poor | B48: 5 | C48: =B48/B49 -> 0.014326648 | D48: 1 | E48: =D48/D49 -> 0.066666667 | F48: 5 | G48: =F48/F49 -> 0.040322581 | H48: 3 | I48: =H48/H49 -> 0.0055658627 | J48: 2 | K48: =J48/J49 -> 0.0081300813 | L48: 5 | M48: =L48/L49 -> 0.0074183976 | N48: =B48+D48+F48+H48+J48+L48 -> 21 | O48: =N48/N49 -> 0.010785824
A49: Total | B49: =SUM(B45:B48) -> 349 | C49: =SUM(C45:C48) -> 1 | D49: =SUM(D45:D48) -> 15 | E49: =SUM(E45:E48) -> 1 | F49: =SUM(F45:F48) -> 124 | G49: =SUM(G45:G48) -> 1 | H49: =SUM(H45:H48) -> 539 | I49: =SUM(I45:I48) -> 1 | ... M49: =SUM(M45:M48) -> 1 | N49: =SUM(N43:N48) -> 1947 | O49: =SUM(O43:O48) -> 1
A50: Percent of Good or Very Good | C50: =SUM(C45:C46) -> 0.9226361 | E50: =SUM(E45:E46) -> 0.93333333 | G50: =SUM(G45:G46) -> 0.90322581 | I50: =SUM(I45:I46) -> 0.94248609 | K50: =SUM(K45:K46) -> 0.91056911 | M50: =SUM(M45:M46) -> 0.93768546 | O50: =SUM(O45:O46) -> 0.93066256
A52: Class size | B52: Boulder Cty | D52: Brighton | F52: CCCS Online | H52: Larimer | J52: FRCC Online | L52: Westminster | N52: Total
A53: Very good | B53: 223 | C53: =B53/B57 -> 0.63532764 | D53: 12 | E53: =D53/D57 -> 0.8 | F53: 60 | G53: =F53/F57 -> 0.48 | H53: 346 | I53: =H53/H57 -> 0.64074074 | J53: 124 | K53: =J53/J57 -> 0.50612245 | L53: 392 | M53: =L53/L57 -> 0.58074074 | N53: =B53+D53+F53+H53+J53+L53 -> 1157 | O53: =N53/N57 -> 0.59302922
A54: Good | B54: 126 | C54: =B54/B57 -> 0.35897436 | D54: 3 | E54: =D54/D57 -> 0.2 | F54: 64 | G54: =F54/F57 -> 0.512 | H54: 181 | I54: =H54/H57 -> 0.33518519 | J54: 117 | K54: =J54/J57 -> 0.47755102 | L54: 271 | M54: =L54/L57 -> 0.40148148 | N54: =B54+D54+F54+H54+J54+L54 -> 762 | O54: =N54/N57 -> 0.39056894
A55: Poor | B55: 2 | C55: =B55/B57 -> 0.0056980057 | E55: =D55/D57 -> 0 | G55: =F55/F57 -> 0 | H55: 9 | I55: =H55/H57 -> 0.016666667 | J55: 3 | K55: =J55/J57 -> 0.012244898 | L55: 10 | M55: =L55/L57 -> 0.014814815 | N55: =B55+D55+F55+H55+J55+L55 -> 24 | O55: =N55/N57 -> 0.012301384
A56: Very poor | C56: =B56/B57 -> 0 | E56: =D56/D57 -> 0 | F56: 1 | G56: =F56/F57 -> 0.008 | H56: 4 | I56: =H56/H57 -> 0.0074074074 | J56: 1 | K56: =J56/J57 -> 0.0040816327 | L56: 2 | M56: =L56/L57 -> 0.002962963 | N56: =B56+D56+F56+H56+J56+L56 -> 8 | O56: =N56/N57 -> 0.0041004613
A57: Total | B57: =SUM(B53:B56) -> 351 | C57: =SUM(C53:C56) -> 1 | D57: =SUM(D53:D56) -> 15 | E57: =SUM(E53:E56) -> 1 | F57: =SUM(F53:F56) -> 125 | G57: =SUM(G53:G56) -> 1 | H57: =SUM(H53:H56) -> 540 | I57: =SUM(I53:I56) -> 1 | ... M57: =SUM(M53:M56) -> 1 | N57: =SUM(N51:N56) -> 1951 | O57: =SUM(O51:O56) -> 1
A58: Percent of Good or Very Good | C58: =SUM(C53:C54) -> 0.99430199 | E58: =SUM(E53:E54) -> 1 | G58: =SUM(G53:G54) -> 0.992 | I58: =SUM(I53:I54) -> 0.97592593 | K58: =SUM(K53:K54) -> 0.98367347 | M58: =SUM(M53:M54) -> 0.98222222 | O58: =SUM(O53:O54) -> 0.98359815
A60: Course availability | B60: Boulder Cty | D60: Brighton | F60: CCCS Online | H60: Larimer | J60: FRCC Online | L60: Westminster | N60: Total
A61: Very good | B61: 106 | C61: =B61/B65 -> 0.30372493 | D61: 6 | E61: =D61/D65 -> 0.4 | F61: 52 | G61: =F61/F65 -> 0.41269841 | H61: 161 | I61: =H61/H65 -> 0.29759704 | J61: 88 | K61: =J61/J65 -> 0.35772358 | L61: 196 | M61: =L61/L65 -> 0.29166667 | N61: =B61+D61+F61+H61+J61+L61 -> 609 | O61: =N61/N65 -> 0.31246793
A62: Good | B62: 187 | C62: =B62/B65 -> 0.53581662 | D62: 5 | E62: =D62/D65 -> 0.33333333 | F62: 54 | G62: =F62/F65 -> 0.42857143 | H62: 277 | I62: =H62/H65 -> 0.51201479 | J62: 125 | K62: =J62/J65 -> 0.50813008 | L62: 354 | M62: =L62/L65 -> 0.52678571 | N62: =B62+D62+F62+H62+J62+L62 -> 1002 | O62: =N62/N65 -> 0.5141098
A63: Poor | B63: 48 | C63: =B63/B65 -> 0.13753582 | D63: 1 | E63: =D63/D65 -> 0.066666667 | F63: 14 | G63: =F63/F65 -> 0.11111111 | H63: 89 | I63: =H63/H65 -> 0.16451017 | J63: 29 | K63: =J63/J65 -> 0.11788618 | L63: 109 | M63: =L63/L65 -> 0.16220238 | N63: =B63+D63+F63+H63+J63+L63 -> 290 | O63: =N63/N65 -> 0.14879425
A64: Very poor | B64: 8 | C64: =B64/B65 -> 0.022922636 | D64: 3 | E64: =D64/D65 -> 0.2 | F64: 6 | G64: =F64/F65 -> 0.047619048 | H64: 14 | I64: =H64/H65 -> 0.025878004 | J64: 4 | K64: =J64/J65 -> 0.016260163 | L64: 13 | M64: =L64/L65 -> 0.019345238 | N64: =B64+D64+F64+H64+J64+L64 -> 48 | O64: =N64/N65 -> 0.024628014
A65: Total | B65: =SUM(B61:B64) -> 349 | C65: =SUM(C61:C64) -> 1 | D65: =SUM(D61:D64) -> 15 | E65: =SUM(E61:E64) -> 1 | F65: =SUM(F61:F64) -> 126 | G65: =SUM(G61:G64) -> 1 | H65: =SUM(H61:H64) -> 541 | I65: =SUM(I61:I64) -> 1 | ... M65: =SUM(M61:M64) -> 1 | N65: =SUM(N59:N64) -> 1949 | O65: =SUM(O59:O64) -> 1
A66: Percent of Good or Very Good | C66: =SUM(C61:C62) -> 0.83954155 | E66: =SUM(E61:E62) -> 0.73333333 | G66: =SUM(G61:G62) -> 0.84126984 | I66: =SUM(I61:I62) -> 0.80961183 | K66: =SUM(K61:K62) -> 0.86585366 | M66: =SUM(M61:M62) -> 0.81845238 | O66: =SUM(O61:O62) -> 0.82657773
A68: Overall Evaluation of Instruction | B68: Boulder Cty | D68: Brighton | F68: CCCS Online | H68: Larimer | J68: FRCC Online | L68: Westminster | N68: Total
A69: Very good | B69: 171 | C69: =B69/B73 -> 0.48579545 | D69: 6 | E69: =D69/D73 -> 0.4 | F69: 48 | G69: =F69/F73 -> 0.384 | H69: 240 | I69: =H69/H73 -> 0.44362292 | J69: 99 | K69: =J69/J73 -> 0.40740741 | L69: 323 | M69: =L69/L73 -> 0.47851852 | N69: =B69+D69+F69+H69+J69+L69 -> 887 | O69: =N69/N73 -> 0.45463865
A70: Good | B70: 168 | C70: =B70/B73 -> 0.47727273 | D70: 7 | E70: =D70/D73 -> 0.46666667 | F70: 64 | G70: =F70/F73 -> 0.512 | H70: 290 | I70: =H70/H73 -> 0.53604436 | J70: 129 | K70: =J70/J73 -> 0.5308642 | L70: 335 | M70: =L70/L73 -> 0.4962963 | N70: =B70+D70+F70+H70+J70+L70 -> 993 | O70: =N70/N73 -> 0.50896976
A71: Poor | B71: 10 | C71: =B71/B73 -> 0.028409091 | D71: 2 | E71: =D71/D73 -> 0.13333333 | F71: 9 | G71: =F71/F73 -> 0.072 | H71: 10 | I71: =H71/H73 -> 0.018484288 | J71: 10 | K71: =J71/J73 -> 0.041152263 | L71: 11 | M71: =L71/L73 -> 0.016296296 | N71: =B71+D71+F71+H71+J71+L71 -> 52 | O71: =N71/N73 -> 0.026652998
A72: Very poor | B72: 3 | C72: =B72/B73 -> 0.0085227273 | E72: =D72/D73 -> 0 | F72: 4 | G72: =F72/F73 -> 0.032 | H72: 1 | I72: =H72/H73 -> 0.0018484288 | J72: 5 | K72: =J72/J73 -> 0.020576132 | L72: 6 | M72: =L72/L73 -> 0.0088888889 | N72: =B72+D72+F72+H72+J72+L72 -> 19 | O72: =N72/N73 -> 0.0097385956
A73: Total | B73: =SUM(B69:B72) -> 352 | C73: =SUM(C69:C72) -> 1 | D73: =SUM(D69:D72) -> 15 | E73: =SUM(E69:E72) -> 1 | F73: =SUM(F69:F72) -> 125 | G73: =SUM(G69:G72) -> 1 | H73: =SUM(H69:H72) -> 541 | I73: =SUM(I69:I72) -> 1 | ... M73: =SUM(M69:M72) -> 1 | N73: =SUM(N67:N72) -> 1951 | O73: =SUM(O67:O72) -> 1
A74: Percent of Good or Very Good | C74: =SUM(C69:C70) -> 0.96306818 | E74: =SUM(E69:E70) -> 0.86666667 | G74: =SUM(G69:G70) -> 0.896 | I74: =SUM(I69:I70) -> 0.97966728 | K74: =SUM(K69:K70) -> 0.9382716 | M74: =SUM(M69:M70) -> 0.97481481 | O74: =SUM(O69:O70) -> 0.96360841

Sheet Pers Grow
A1: Survey of all Currently enrolled students Fall 2013 -- Evaluate Personal Growth
A2: The only question that fell below 90% satisfaction was Math abilities
A4: Ability to organize ideas | B4: Boulder Cty | D4: Brighton | F4: CCCS Online | H4: Larimer | J4: FRCC Online | L4: Westminster | N4: Total | Q4: EVALUATE FRCC INSTRUCTION | R4: Boulder | S4: Brighton | T4: CCCS Online | U4: Larimer | V4: FRCC Online | W4: West minster | X4: Total
A5: Very satisfied | B5: 86 | C5: =B5/B9 -> 0.33076923 | D5: 7 | E5: =D5/D9 -> 0.58333333 | F5: 31 | G5: =F5/F9 -> 0.33695652 | H5: 141 | I5: =H5/H9 -> 0.32867133 | J5: 63 | K5: =J5/J9 -> 0.34615385 | L5: 180 | M5: =L5/L9 -> 0.34351145 | N5: =B5+D5+F5+H5+J5+L5 -> 508 | O5: =N5/N9 -> 0.3388926 | Q5: =A4 -> Ability to organize ideas | R5: =C10 -> 0.92692308 | S5: =E10 -> 1 | T5: =G10 -> 0.90217391 | U5: =I10 -> 0.96270396 | V5: =K10 -> 0.93406593 | W5: =M10 -> 0.94465649 | X5: =O10 -> 0.94329553
A6: Satisfied | B6: 155 | C6: =B6/B9 -> 0.59615385 | D6: 5 | E6: =D6/D9 -> 0.41666667 | F6: 52 | G6: =F6/F9 -> 0.56521739 | H6: 272 | I6: =H6/H9 -> 0.63403263 | J6: 107 | K6: =J6/J9 -> 0.58791209 | L6: 315 | M6: =L6/L9 -> 0.60114504 | N6: =B6+D6+F6+H6+J6+L6 -> 906 | O6: =N6/N9 -> 0.60440294 | Q6: =A12 -> Ability to think critically | R6: =C18 -> 0.95736434 | S6: =E18 -> 1 | T6: =G18 -> 0.91397849 | U6: =I18 -> 0.95591647 | V6: =K18 -> 0.94652406 | W6: =M18 -> 0.95327103 | X6: =O18 -> 0.95181518
A7: Dissatisfied | B7: 17 | C7: =B7/B9 -> 0.065384615 | E7: =D7/D9 -> 0 | F7: 7 | G7: =F7/F9 -> 0.076086957 | H7: 16 | I7: =H7/H9 -> 0.037296037 | J7: 8 | K7: =J7/J9 -> 0.043956044 | L7: 23 | M7: =L7/L9 -> 0.04389313 | N7: =B7+D7+F7+H7+J7+L7 -> 71 | O7: =N7/N9 -> 0.04736491 | Q7: =A20 -> Ability to write with clarity | R7: =C26 -> 0.95510204 | S7: =E26 -> 0.92307692 | T7: =G26 -> 0.91489362 | U7: =I26 -> 0.95774648 | V7: =K26 -> 0.94148936 | W7: =M26 -> 0.94756554 | X7: =O26 -> 0.94866667
A8: Very dissatisfied | B8: 2 | C8: =B8/B9 -> 0.0076923077 | E8: =D8/D9 -> 0 | F8: 2 | G8: =F8/F9 -> 0.02173913 | I8: =H8/H9 -> 0 | J8: 4 | K8: =J8/J9 -> 0.021978022 | L8: 6 | M8: =L8/L9 -> 0.011450382 | N8: =B8+D8+F8+H8+J8+L8 -> 14 | O8: =N8/N9 -> 0.0093395597 | Q8: =A28 -> Ability to speak with clarity | R8: =C34 -> 0.93625498 | S8: =E34 -> 1 | T8: =G34 -> 0.91011236 | U8: =I34 -> 0.93601896 | V8: =K34 -> 0.93854749 | W8: =M34 -> 0.94817658 | X8: =O34 -> 0.93957909
A9: Total | B9: =SUM(B5:B8) -> 260 | C9: =SUM(C5:C8) -> 1 | D9: =SUM(D5:D8) -> 12 | E9: =SUM(E5:E8) -> 1 | F9: =SUM(F5:F8) -> 92 | G9: =SUM(G5:G8) -> 1 | H9: =SUM(H5:H8) -> 429 | I9: =SUM(I5:I8) -> 1 | ... M9: =SUM(M5:M8) -> 1 | N9: =SUM(N3:N8) -> 1499 | O9: =SUM(O3:O8) -> 1 | Q9: =A36 -> Ability and skills in problem solving | R9: =C42 -> 0.9739777 | S9: =E42 -> 1 | T9: =G42 -> 0.9010989 | U9: =I42 -> 0.96270396 | V9: =K42 -> 0.96825397 | W9: =M42 -> 0.95202952 | X9: =O42 -> 0.95819726
A10: Percent of Satisfied or Very Satisfied | C10: =SUM(C5:C6) -> 0.92692308 | E10: =SUM(E5:E6) -> 1 | G10: =SUM(G5:G6) -> 0.90217391 | I10: =SUM(I5:I6) -> 0.96270396 | K10: =SUM(K5:K6) -> 0.93406593 | M10: =SUM(M5:M6) -> 0.94465649 | O10: =SUM(O5:O6) -> 0.94329553 | Q10: =A44 -> Knowledge of methods & problems in the social sciences | R10: =C50 -> 0.94716981 | S10: =E50 -> 1 | T10: =G50 -> 0.91666667 | U10: =I50 -> 0.94654788 | V10: =K50 -> 0.93085106 | W10: =M50 -> 0.94824399 | X10: =O50 -> 0.94390716
Q11: =A52 -> Knowledge of methods & achievements in science | R11: =C58 -> 0.95035461 | S11: =E58 -> 0.90909091 | T11: =G58 -> 0.90816327 | U11: =I58 -> 0.92765957 | V11: =K58 -> 0.91489362 | W11: =M58 -> 0.93189964 | X11: =O58 -> 0.93030492
A12: Ability to think critically | B12: Boulder Cty | D12: Brighton | F12: CCCS Online | H12: Larimer | J12: FRCC Online | L12: Westminster | N12: Total | Q12: =A60 -> Knowledge & skills in mathematics | R12: =C66 -> 0.92 | S12: =E66 -> 0.90909091 | T12: =G66 -> 0.86666667 | U12: =I66 -> 0.88427948 | V12: =K66 -> 0.89417989 | W12: =M66 -> 0.9047619 | X12: =O66 -> 0.89781931
A13: Very satisfied | B13: 106 | C13: =B13/B17 -> 0.41085271 | D13: 5 | E13: =D13/D17 -> 0.45454545 | F13: 34 | G13: =F13/F17 -> 0.3655914 | H13: 162 | I13: =H13/H17 -> 0.37587007 | J13: 71 | K13: =J13/J17 -> 0.37967914 | L13: 206 | M13: =L13/L17 -> 0.38504673 | N13: =B13+D13+F13+H13+J13+L13 -> 584 | O13: =N13/N17 -> 0.38547855 | Q13: =A68 -> Awareness & appreciation of the arts and humanities | R13: =C74 -> 0.95719844 | S13: =E74 -> 1 | T13: =G74 -> 0.94791667 | U13: =I74 -> 0.94651163 | V13: =K74 -> 0.92391304 | W13: =M74 -> 0.9297597 | X13: =O74 -> 0.94013158
A14: Satisfied | B14: 141 | C14: =B14/B17 -> 0.54651163 | D14: 6 | E14: =D14/D17 -> 0.54545455 | F14: 51 | G14: =F14/F17 -> 0.5483871 | H14: 250 | I14: =H14/H17 -> 0.5800464 | J14: 106 | K14: =J14/J17 -> 0.56684492 | L14: 304 | M14: =L14/L17 -> 0.5682243 | N14: =B14+D14+F14+H14+J14+L14 -> 858 | O14: =N14/N17 -> 0.56633663 | Q14: =A76 -> Awareness & understanding of ethics | R14: =C82 -> 0.9379845 | S14: =E82 -> 1 | T14: =G82 -> 0.91397849 | U14: =I82 -> 0.94536817 | V14: =K82 -> 0.93684211 | W14: =M82 -> 0.94296578 | X14: =O82 -> 0.94066667
A15: Dissatisfied | B15: 9 | C15: =B15/B17 -> 0.034883721 | E15: =D15/D17 -> 0 | F15: 8 | G15: =F15/F17 -> 0.086021505 | H15: 17 | I15: =H15/H17 -> 0.039443155 | J15: 7 | K15: =J15/J17 -> 0.037433155 | L15: 21 | M15: =L15/L17 -> 0.039252336 | N15: =B15+D15+F15+H15+J15+L15 -> 62 | O15: =N15/N17 -> 0.040924092
A16: Very dissatisfied | B16: 2 | C16: =B16/B17 -> 0.007751938 | E16: =D16/D17 -> 0 | G16: =F16/F17 -> 0 | H16: 2 | I16: =H16/H17 -> 0.0046403712 | J16: 3 | K16: =J16/J17 -> 0.016042781 | L16: 4 | M16: =L16/L17 -> 0.0074766355 | N16: =B16+D16+F16+H16+J16+L16 -> 11 | O16: =N16/N17 -> 0.0072607261
A17: Total | B17: =SUM(B13:B16) -> 258 | C17: =SUM(C13:C16) -> 1 | D17: =SUM(D13:D16) -> 11 | E17: =SUM(E13:E16) -> 1 | F17: =SUM(F13:F16) -> 93 | G17: =SUM(G13:G16) -> 1 | H17: =SUM(H13:H16) -> 431 | I17: =SUM(I13:I16) -> 1 | ... M17: =SUM(M13:M16) -> 1 | N17: =SUM(N11:N16) -> 1515 | O17: =SUM(O11:O16) -> 1
A18: Percent of Satisfied or Very Satisfied | C18: =SUM(C13:C14) -> 0.95736434 | E18: =SUM(E13:E14) -> 1 | G18: =SUM(G13:G14) -> 0.91397849 | I18: =SUM(I13:I14) -> 0.95591647 | K18: =SUM(K13:K14) -> 0.94652406 | M18: =SUM(M13:M14) -> 0.95327103 | O18: =SUM(O13:O14) -> 0.95181518
A20: Ability to write with clarity | B20: Boulder Cty | D20: Brighton | F20: CCCS Online | H20: Larimer | J20: FRCC Online | L20: Westminster | N20: Total
A21: Very satisfied | B21: 97 | C21: =B21/B25 -> 0.39591837 | D21: 4 | E21: =D21/D25 -> 0.30769231 | F21: 35 | G21: =F21/F25 -> 0.37234043 | H21: 157 | I21: =H21/H25 -> 0.3685446 | J21: 75 | K21: =J21/J25 -> 0.39893617 | L21: 205 | M21: =L21/L25 -> 0.38389513 | N21: =B21+D21+F21+H21+J21+L21 -> 573 | O21: =N21/N25 -> 0.382
A22: Satisfied | B22: 137 | C22: =B22/B25 -> 0.55918367 | D22: 8 | E22: =D22/D25 -> 0.61538462 | F22: 51 | G22: =F22/F25 -> 0.54255319 | H22: 251 | I22: =H22/H25 -> 0.58920188 | J22: 102 | K22: =J22/J25 -> 0.54255319 | L22: 301 | M22: =L22/L25 -> 0.56367041 | N22: =B22+D22+F22+H22+J22+L22 -> 850 | O22: =N22/N25 -> 0.56666667
A23: Dissatisfied | B23: 9 | C23: =B23/B25 -> 0.036734694 | D23: 1 | E23: =D23/D25 -> 0.076923077 | F23: 8 | G23: =F23/F25 -> 0.085106383 | H23: 17 | I23: =H23/H25 -> 0.039906103 | J23: 8 | K23: =J23/J25 -> 0.042553191 | L23: 23 | M23: =L23/L25 -> 0.043071161 | N23: =B23+D23+F23+H23+J23+L23 -> 66 | O23: =N23/N25 -> 0.044
A24: Very dissatisfied | B24: 2 | C24: =B24/B25 -> 0.0081632653 | E24: =D24/D25 -> 0 | G24: =F24/F25 -> 0 | H24: 1 | I24: =H24/H25 -> 0.0023474178 | J24: 3 | K24: =J24/J25 -> 0.015957447 | L24: 5 | M24: =L24/L25 -> 0.0093632959 | N24: =B24+D24+F24+H24+J24+L24 -> 11 | O24: =N24/N25 -> 0.0073333333
A25: Total | B25: =SUM(B21:B24) -> 245 | C25: =SUM(C21:C24) -> 1 | D25: =SUM(D21:D24) -> 13 | E25: =SUM(E21:E24) -> 1 | F25: =SUM(F21:F24) -> 94 | G25: =SUM(G21:G24) -> 1 | H25: =SUM(H21:H24) -> 426 | I25: =SUM(I21:I24) -> 1 | ... M25: =SUM(M21:M24) -> 1 | N25: =SUM(N19:N24) -> 1500 | O25: =SUM(O19:O24) -> 1
A26: Percent of Satisfied or Very Satisfied | C26: =SUM(C21:C22) -> 0.95510204 | E26: =SUM(E21:E22) -> 0.92307692 | G26: =SUM(G21:G22) -> 0.91489362 | I26: =SUM(I21:I22) -> 0.95774648 | K26: =SUM(K21:K22) -> 0.94148936 | M26: =SUM(M21:M22) -> 0.94756554 | O26: =SUM(O21:O22) -> 0.94866667
A28: Ability to speak with clarity | B28: Boulder Cty | D28: Brighton | F28: CCCS Online | H28: Larimer | J28: FRCC Online | L28: Westminster | N28: Total
A29: Very satisfied | B29: 89 | C29: =B29/B33 -> 0.35458167 | D29: 4 | E29: =D29/D33 -> 0.36363636 | F29: 29 | G29: =F29/F33 -> 0.3258427 | H29: 142 | I29: =H29/H33 -> 0.33649289 | J29: 63 | K29: =J29/J33 -> 0.35195531 | L29: 185 | M29: =L29/L33 -> 0.35508637 | N29: =B29+D29+F29+H29+J29+L29 -> 512 | O29: =N29/N33 -> 0.34758995
A30: Satisfied | B30: 146 | C30: =B30/B33 -> 0.58167331 | D30: 7 | E30: =D30/D33 -> 0.63636364 | F30: 52 | G30: =F30/F33 -> 0.58426966 | H30: 253 | I30: =H30/H33 -> 0.59952607 | J30: 105 | K30: =J30/J33 -> 0.58659218 | L30: 309 | M30: =L30/L33 -> 0.59309021 | N30: =B30+D30+F30+H30+J30+L30 -> 872 | O30: =N30/N33 -> 0.59198914
A31: Dissatisfied | B31: 12 | C31: =B31/B33 -> 0.047808765 | E31: =D31/D33 -> 0 | F31: 7 | G31: =F31/F33 -> 0.078651685 | H31: 26 | I31: =H31/H33 -> 0.061611374 | J31: 8 | K31: =J31/J33 -> 0.044692737 | L31: 22 | M31: =L31/L33 -> 0.042226488 | N31: =B31+D31+F31+H31+J31+L31 -> 75 | O31: =N31/N33 -> 0.050916497
A32: Very dissatisfied | B32: 4 | C32: =B32/B33 -> 0.015936255 | E32: =D32/D33 -> 0 | F32: 1 | G32: =F32/F33 -> 0.011235955 | H32: 1 | I32: =H32/H33 -> 0.0023696682 | J32: 3 | K32: =J32/J33 -> 0.016759777 | L32: 5 | M32: =L32/L33 -> 0.009596929 | N32: =B32+D32+F32+H32+J32+L32 -> 14 | O32: =N32/N33 -> 0.0095044128
A33: Total | B33: =SUM(B29:B32) -> 251 | C33: =SUM(C29:C32) -> 1 | D33: =SUM(D29:D32) -> 11 | E33: =SUM(E29:E32) -> 1 | F33: =SUM(F29:F32) -> 89 | G33: =SUM(G29:G32) -> 1 | H33: =SUM(H29:H32) -> 422 | I33: =SUM(I29:I32) -> 1 | ... M33: =SUM(M29:M32) -> 1 | N33: =SUM(N27:N32) -> 1473 | O33: =SUM(O27:O32) -> 1
A34: Percent of Satisfied or Very Satisfied | C34: =SUM(C29:C30) -> 0.93625498 | E34: =SUM(E29:E30) -> 1 | G34: =SUM(G29:G30) -> 0.91011236 | I34: =SUM(I29:I30) -> 0.93601896 | K34: =SUM(K29:K30) -> 0.93854749 | M34: =SUM(M29:M30) -> 0.94817658 | O34: =SUM(O29:O30) -> 0.93957909
A36: Ability and skills in problem solving | B36: Boulder Cty | D36: Brighton | F36: CCCS Online | H36: Larimer | J36: FRCC Online | L36: Westminster | N36: Total
A37: Very satisfied | B37: 95 | C37: =B37/B41 -> 0.35315985 | D37: 5 | E37: =D37/D41 -> 0.45454545 | F37: 36 | G37: =F37/F41 -> 0.3956044 | H37: 151 | I37: =H37/H41 -> 0.35198135 | J37: 71 | K37: =J37/J41 -> 0.37566138 | L37: 207 | M37: =L37/L41 -> 0.38191882 | N37: =B37+D37+F37+H37+J37+L37 -> 565 | O37: =N37/N41 -> 0.36903984
A38: Satisfied | B38: 167 | C38: =B38/B41 -> 0.62081784 | D38: 6 | E38: =D38/D41 -> 0.54545455 | F38: 46 | G38: =F38/F41 -> 0.50549451 | H38: 262 | I38: =H38/H41 -> 0.61072261 | J38: 112 | K38: =J38/J41 -> 0.59259259 | L38: 309 | M38: =L38/L41 -> 0.5701107 | N38: =B38+D38+F38+H38+J38+L38 -> 902 | O38: =N38/N41 -> 0.58915741
A39: Dissatisfied | B39: 4 | C39: =B39/B41 -> 0.014869888 | E39: =D39/D41 -> 0 | F39: 8 | G39: =F39/F41 -> 0.087912088 | H39: 14 | I39: =H39/H41 -> 0.032634033 | J39: 2 | K39: =J39/J41 -> 0.010582011 | L39: 21 | M39: =L39/L41 -> 0.038745387 | N39: =B39+D39+F39+H39+J39+L39 -> 49 | O39: =N39/N41 -> 0.032005225
A40: Very dissatisfied | B40: 3 | C40: =B40/B41 -> 0.011152416 | E40: =D40/D41 -> 0 | F40: 1 | G40: =F40/F41 -> 0.010989011 | H40: 2 | I40: =H40/H41 -> 0.0046620047 | J40: 4 | K40: =J40/J41 -> 0.021164021 | L40: 5 | M40: =L40/L41 -> 0.0092250923 | N40: =B40+D40+F40+H40+J40+L40 -> 15 | O40: =N40/N41 -> 0.009797518
A41: Total | B41: =SUM(B37:B40) -> 269 | C41: =SUM(C37:C40) -> 1 | D41: =SUM(D37:D40) -> 11 | E41: =SUM(E37:E40) -> 1 | F41: =SUM(F37:F40) -> 91 | G41: =SUM(G37:G40) -> 1 | H41: =SUM(H37:H40) -> 429 | I41: =SUM(I37:I40) -> 1 | ... M41: =SUM(M37:M40) -> 1 | N41: =SUM(N35:N40) -> 1531 | O41: =SUM(O35:O40) -> 1
A42: Percent of Satisfied or Very Satisfied | C42: =SUM(C37:C38) -> 0.9739777 | E42: =SUM(E37:E38) -> 1 | G42: =SUM(G37:G38) -> 0.9010989 | I42: =SUM(I37:I38) -> 0.96270396 | K42: =SUM(K37:K38) -> 0.96825397 | M42: =SUM(M37:M38) -> 0.95202952 | O42: =SUM(O37:O38) -> 0.95819726
A44: Knowledge of methods & problems in the social sciences | B44: Boulder Cty | D44: Brighton | F44: CCCS Online | H44: Larimer | J44: FRCC Online | L44: Westminster | N44: Total
A45: Very satisfied | B45: 88 | C45: =B45/B49 -> 0.33207547 | D45: 6 | E45: =D45/D49 -> 0.5 | F45: 33 | G45: =F45/F49 -> 0.34375 | H45: 128 | I45: =H45/H49 -> 0.28507795 | J45: 69 | K45: =J45/J49 -> 0.36702128 | L45: 174 | M45: =L45/L49 -> 0.32162662 | N45: =B45+D45+F45+H45+J45+L45 -> 498 | O45: =N45/N49 -> 0.32108317
A46: Satisfied | B46: 163 | C46: =B46/B49 -> 0.61509434 | D46: 6 | E46: =D46/D49 -> 0.5 | F46: 55 | G46: =F46/F49 -> 0.57291667 | H46: 297 | I46: =H46/H49 -> 0.66146993 | J46: 106 | K46: =J46/J49 -> 0.56382979 | L46: 339 | M46: =L46/L49 -> 0.62661738 | N46: =B46+D46+F46+H46+J46+L46 -> 966 | O46: =N46/N49 -> 0.62282398
A47: Dissatisfied | B47: 10 | C47: =B47/B49 -> 0.037735849 | E47: =D47/D49 -> 0 | F47: 7 | G47: =F47/F49 -> 0.072916667 | H47: 22 | I47: =H47/H49 -> 0.048997773 | J47: 9 | K47: =J47/J49 -> 0.04787234 | L47: 23 | M47: =L47/L49 -> 0.042513863 | N47: =B47+D47+F47+H47+J47+L47 -> 71 | O47: =N47/N49 -> 0.045776918
A48: Very dissatisfied | B48: 4 | C48: =B48/B49 -> 0.01509434 | E48: =D48/D49 -> 0 | F48: 1 | G48: =F48/F49 -> 0.010416667 | H48: 2 | I48: =H48/H49 -> 0.004454343 | J48: 4 | K48: =J48/J49 -> 0.021276596 | L48: 5 | M48: =L48/L49 -> 0.0092421442 | N48: =B48+D48+F48+H48+J48+L48 -> 16 | O48: =N48/N49 -> 0.010315925
A49: Total | B49: =SUM(B45:B48) -> 265 | C49: =SUM(C45:C48) -> 1 | D49: =SUM(D45:D48) -> 12 | E49: =SUM(E45:E48) -> 1 | F49: =SUM(F45:F48) -> 96 | G49: =SUM(G45:G48) -> 1 | H49: =SUM(H45:H48) -> 449 | I49: =SUM(I45:I48) -> 1 | ... M49: =SUM(M45:M48) -> 1 | N49: =SUM(N43:N48) -> 1551 | O49: =SUM(O43:O48) -> 1
A50: Percent of Satisfied or Very Satisfied | C50: =SUM(C45:C46) -> 0.94716981 | E50: =SUM(E45:E46) -> 1 | G50: =SUM(G45:G46) -> 0.91666667 | I50: =SUM(I45:I46) -> 0.94654788 | K50: =SUM(K45:K46) -> 0.93085106 | M50: =SUM(M45:M46) -> 0.94824399 | O50: =SUM(O45:O46) -> 0.94390716
A52: Knowledge of methods & achievements in science | B52: Boulder Cty | D52: Brighton | F52: CCCS Online | H52: Larimer | J52: FRCC Online | L52: Westminster | N52: Total
A53: Very satisfied | B53: 93 | C53: =B53/B57 -> 0.32978723 | D53: 4 | E53: =D53/D57 -> 0.36363636 | F53: 33 | G53: =F53/F57 -> 0.33673469 | H53: 157 | I53: =H53/H57 -> 0.33404255 | J53: 65 | K53: =J53/J57 -> 0.34574468 | L53: 177 | M53: =L53/L57 -> 0.3172043 | N53: =B53+D53+F53+H53+J53+L53 -> 529 | O53: =N53/N57 -> 0.32918482
A54: Satisfied | B54: 175 | C54: =B54/B57 -> 0.62056738 | D54: 6 | E54: =D54/D57 -> 0.54545455 | F54: 56 | G54: =F54/F57 -> 0.57142857 | H54: 279 | I54: =H54/H57 -> 0.59361702 | J54: 107 | K54: =J54/J57 -> 0.56914894 | L54: 343 | M54: =L54/L57 -> 0.61469534 | N54: =B54+D54+F54+H54+J54+L54 -> 966 | O54: =N54/N57 -> 0.6011201
A55: Dissatisfied | B55: 10 | C55: =B55/B57 -> 0.035460993 | D55: 1 | E55: =D55/D57 -> 0.090909091 | F55: 9 | G55: =F55/F57 -> 0.091836735 | H55: 30 | I55: =H55/H57 -> 0.063829787 | J55: 10 | K55: =J55/J57 -> 0.053191489 | L55: 31 | M55: =L55/L57 -> 0.055555556 | N55: =B55+D55+F55+H55+J55+L55 -> 91 | O55: =N55/N57 -> 0.056627256
A56: Very dissatisfied | B56: 4 | C56: =B56/B57 -> 0.014184397 | E56: =D56/D57 -> 0 | G56: =F56/F57 -> 0 | H56: 4 | I56: =H56/H57 -> 0.0085106383 | J56: 6 | K56: =J56/J57 -> 0.031914894 | L56: 7 | M56: =L56/L57 -> 0.012544803 | N56: =B56+D56+F56+H56+J56+L56 -> 21 | O56: =N56/N57 -> 0.013067828
A57: Total | B57: =SUM(B53:B56) -> 282 | C57: =SUM(C53:C56) -> 1 | D57: =SUM(D53:D56) -> 11 | E57: =SUM(E53:E56) -> 1 | F57: =SUM(F53:F56) -> 98 | G57: =SUM(G53:G56) -> 1 | H57: =SUM(H53:H56) -> 470 | I57: =SUM(I53:I56) -> 1 | ... M57: =SUM(M53:M56) -> 1 | N57: =SUM(N51:N56) -> 1607 | O57: =SUM(O51:O56) -> 1
A58: Percent of Satisfied or Very Satisfied | C58: =SUM(C53:C54) -> 0.95035461 | E58: =SUM(E53:E54) -> 0.90909091 | G58: =SUM(G53:G54) -> 0.90816327 | I58: =SUM(I53:I54) -> 0.92765957 | K58: =SUM(K53:K54) -> 0.91489362 | M58: =SUM(M53:M54) -> 0.93189964 | O58: =SUM(O53:O54) -> 0.93030492
A60: Knowledge & skills in mathematics | B60: Boulder Cty | D60: Brighton | F60: CCCS Online | H60: Larimer | J60: FRCC Online | L60: Westminster | N60: Total
A61: Very satisfied | B61: 92 | C61: =B61/B65 -> 0.33454545 | D61: 5 | E61: =D61/D65 -> 0.45454545 | F61: 38 | G61: =F61/F65 -> 0.36190476 | H61: 140 | I61: =H61/H65 -> 0.30567686 | J61: 54 | K61: =J61/J65 -> 0.28571429 | L61: 192 | M61: =L61/L65 -> 0.33862434 | N61: =B61+D61+F61+H61+J61+L61 -> 521 | O61: =N61/N65 -> 0.32461059
A62: Satisfied | B62: 161 | C62: =B62/B65 -> 0.58545455 | D62: 5 | E62: =D62/D65 -> 0.45454545 | F62: 53 | G62: =F62/F65 -> 0.5047619 | H62: 265 | I62: =H62/H65 -> 0.57860262 | J62: 115 | K62: =J62/J65 -> 0.60846561 | L62: 321 | M62: =L62/L65 -> 0.56613757 | N62: =B62+D62+F62+H62+J62+L62 -> 920 | O62: =N62/N65 -> 0.57320872
A63: Dissatisfied | B63: 19 | C63: =B63/B65 -> 0.069090909 | D63: 1 | E63: =D63/D65 -> 0.090909091 | F63: 11 | G63: =F63/F65 -> 0.1047619 | H63: 39 | I63: =H63/H65 -> 0.085152838 | J63: 15 | K63: =J63/J65 -> 0.079365079 | L63: 42 | M63: =L63/L65 -> 0.074074074 | N63: =B63+D63+F63+H63+J63+L63 -> 127 | O63: =N63/N65 -> 0.079127726
A64: Very dissatisfied | B64: 3 | C64: =B64/B65 -> 0.010909091 | E64: =D64/D65 -> 0 | F64: 3 | G64: =F64/F65 -> 0.028571429 | H64: 14 | I64: =H64/H65 -> 0.030567686 | J64: 5 | K64: =J64/J65 -> 0.026455026 | L64: 12 | M64: =L64/L65 -> 0.021164021 | N64: =B64+D64+F64+H64+J64+L64 -> 37 | O64: =N64/N65 -> 0.02305296
A65: Total | B65: =SUM(B61:B64) -> 275 | C65: =SUM(C61:C64) -> 1 | D65: =SUM(D61:D64) -> 11 | E65: =SUM(E61:E64) -> 1 | F65: =SUM(F61:F64) -> 105 | G65: =SUM(G61:G64) -> 1 | H65: =SUM(H61:H64) -> 458 | I65: =SUM(I61:I64) -> 1 | ... M65: =SUM(M61:M64) -> 1 | N65: =SUM(N59:N64) -> 1605 | O65: =SUM(O59:O64) -> 1
A66: Percent of Satisfied or Very Satisfied | C66: =SUM(C61:C62) -> 0.92 | E66: =SUM(E61:E62) -> 0.90909091 | G66: =SUM(G61:G62) -> 0.86666667 | I66: =SUM(I61:I62) -> 0.88427948 | K66: =SUM(K61:K62) -> 0.89417989 | M66: =SUM(M61:M62) -> 0.9047619 | O66: =SUM(O61:O62) -> 0.89781931
A68: Awareness & appreciation of the arts and humanities | B68: Boulder Cty | D68: Brighton | F68: CCCS Online | H68: Larimer | J68: FRCC Online | L68: Westminster | N68: Total
A69: Very satisfied | B69: 98 | C69: =B69/B73 -> 0.38132296 | D69: 4 | E69: =D69/D73 -> 0.33333333 | F69: 31 | G69: =F69/F73 -> 0.32291667 | H69: 124 | I69: =H69/H73 -> 0.28837209 | J69: 63 | K69: =J69/J73 -> 0.3423913 | L69: 194 | M69: =L69/L73 -> 0.35859519 | N69: =B69+D69+F69+H69+J69+L69 -> 514 | O69: =N69/N73 -> 0.33815789
A70: Satisfied | B70: 148 | C70: =B70/B73 -> 0.57587549 | D70: 8 | E70: =D70/D73 -> 0.66666667 | F70: 60 | G70: =F70/F73 -> 0.625 | H70: 283 | I70: =H70/H73 -> 0.65813953 | J70: 107 | K70: =J70/J73 -> 0.58152174 | L70: 309 | M70: =L70/L73 -> 0.57116451 | N70: =B70+D70+F70+H70+J70+L70 -> 915 | O70: =N70/N73 -> 0.60197368
A71: Dissatisfied | B71: 9 | C71: =B71/B73 -> 0.035019455 | E71: =D71/D73 -> 0 | F71: 5 | G71: =F71/F73 -> 0.052083333 | H71: 19 | I71: =H71/H73 -> 0.044186047 | J71: 10 | K71: =J71/J73 -> 0.054347826 | L71: 31 | M71: =L71/L73 -> 0.057301294 | N71: =B71+D71+F71+H71+J71+L71 -> 74 | O71: =N71/N73 -> 0.048684211
A72: Very dissatisfied | B72: 2 | C72: =B72/B73 -> 0.0077821012 | E72: =D72/D73 -> 0 | G72: =F72/F73 -> 0 | H72: 4 | I72: =H72/H73 -> 0.0093023256 | J72: 4 | K72: =J72/J73 -> 0.02173913 | L72: 7 | M72: =L72/L73 -> 0.012939002 | N72: =B72+D72+F72+H72+J72+L72 -> 17 | O72: =N72/N73 -> 0.011184211
A73: Total | B73: =SUM(B69:B72) -> 257 | C73: =SUM(C69:C72) -> 1 | D73: =SUM(D69:D72) -> 12 | E73: =SUM(E69:E72) -> 1 | F73: =SUM(F69:F72) -> 96 | G73: =SUM(G69:G72) -> 1 | H73: =SUM(H69:H72) -> 430 | I73: =SUM(I69:I72) -> 1 | ... M73: =SUM(M69:M72) -> 1 | N73: =SUM(N67:N72) -> 1520 | O73: =SUM(O67:O72) -> 1
A74: Percent of Satisfied or Very Satisfied | C74: =SUM(C69:C70) -> 0.95719844 | E74: =SUM(E69:E70) -> 1 | G74: =SUM(G69:G70) -> 0.94791667 | I74: =SUM(I69:I70) -> 0.94651163 | K74: =SUM(K69:K70) -> 0.92391304 | M74: =SUM(M69:M70) -> 0.9297597 | O74: =SUM(O69:O70) -> 0.94013158
A76: Awareness & understanding of ethics | B76: Boulder Cty | D76: Brighton | F76: CCCS Online | H76: Larimer | J76: FRCC Online | L76: Westminster | N76: Total
A77: Very satisfied | B77: 90 | C77: =B77/B81 -> 0.34883721 | D77: 4 | E77: =D77/D81 -> 0.33333333 | F77: 32 | G77: =F77/F81 -> 0.34408602 | H77: 119 | I77: =H77/H81 -> 0.28266033 | J77: 73 | K77: =J77/J81 -> 0.38421053 | L77: 197 | M77: =L77/L81 -> 0.37452471 | N77: =B77+D77+F77+H77+J77+L77 -> 515 | O77: =N77/N81 -> 0.34333333
A78: Satisfied | B78: 152 | C78: =B78/B81 -> 0.58914729 | D78: 8 | E78: =D78/D81 -> 0.66666667 | F78: 53 | G78: =F78/F81 -> 0.56989247 | H78: 279 | I78: =H78/H81 -> 0.66270784 | J78: 105 | K78: =J78/J81 -> 0.55263158 | L78: 299 | M78: =L78/L81 -> 0.56844106 | N78: =B78+D78+F78+H78+J78+L78 -> 896 | O78: =N78/N81 -> 0.59733333
A79: Dissatisfied | B79: 10 | C79: =B79/B81 -> 0.03875969 | E79: =D79/D81 -> 0 | F79: 7 | G79: =F79/F81 -> 0.075268817 | H79: 18 | I79: =H79/H81 -> 0.042755344 | J79: 8 | K79: =J79/J81 -> 0.042105263 | L79: 21 | M79: =L79/L81 -> 0.039923954 | N79: =B79+D79+F79+H79+J79+L79 -> 64 | O79: =N79/N81 -> 0.042666667
A80: Very dissatisfied | B80: 6 | C80: =B80/B81 -> 0.023255814 | E80: =D80/D81 -> 0 | F80: 1 | G80: =F80/F81 -> 0.010752688 | H80: 5 | I80: =H80/H81 -> 0.011876485 | J80: 4 | K80: =J80/J81 -> 0.021052632 | L80: 9 | M80: =L80/L81 -> 0.017110266 | N80: =B80+D80+F80+H80+J80+L80 -> 25 | O80: =N80/N81 -> 0.016666667
A81: Total | B81: =SUM(B77:B80) -> 258 | C81: =SUM(C77:C80) -> 1 | D81: =SUM(D77:D80) -> 12 | E81: =SUM(E77:E80) -> 1 | F81: =SUM(F77:F80) -> 93 | G81: =SUM(G77:G80) -> 1 | H81: =SUM(H77:H80) -> 421 | I81: =SUM(I77:I80) -> 1 | ... M81: =SUM(M77:M80) -> 1 | N81: =SUM(N75:N80) -> 1500 | O81: =SUM(O75:O80) -> 1
A82: Percent of Satisfied or Very Satisfied | C82: =SUM(C77:C78) -> 0.9379845 | E82: =SUM(E77:E78) -> 1 | G82: =SUM(G77:G78) -> 0.91397849 | I82: =SUM(I77:I78) -> 0.94536817 | K82: =SUM(K77:K78) -> 0.93684211 | M82: =SUM(M77:M78) -> 0.94296578 | O82: =SUM(O77:O78) -> 0.94066667

Sheet Eval Stud Serv
A1: Survey of all Currently enrolled students Fall 2013 -- Evaluate Student and Business services
A2: Course Advising and Career Counseling had the lowest overall ratings
A4: EVALUATE STUDENT SERVICES
A5: Admission/registration procedures | B5: Boulder Cty | D5: Brighton | F5: CCCS Online | H5: Larimer | J5: FRCC Online | L5: Westminster | N5: Total | Q5: Evaluate FRCC Student Services | R5: Boulder | S5: Brighton | T5: CCCS Online | U5: Larimer | V5: FRCC Online | W5: West minster | X5: Total
A6: Very good | B6: 142 | C6: =B6/B10 -> 0.43030303 | D6: 6 | E6: =D6/D10 -> 0.46153846 | F6: 51 | G6: =F6/F10 -> 0.44736842 | H6: 201 | I6: =H6/H10 -> 0.39489194 | J6: 102 | K6: =J6/J10 -> 0.44155844 | L6: 243 | M6: =L6/L10 -> 0.38388626 | N6: =B6+D6+F6+H6+J6+L6 -> 745 | O6: =N6/N10 -> 0.40710383 | Q6: =A5 -> Admission/registration procedures | R6: =C11 -> 0.94242424 | S6: =E11 -> 0.92307692 | T6: =G11 -> 0.87719298 | U6: =I11 -> 0.95088409 | V6: =K11 -> 0.90909091 | W6: =M11 -> 0.93206951 | X6: =O11 -> 0.93278689
A7: Good | B7: 169 | C7: =B7/B10 -> 0.51212121 | D7: 6 | E7: =D7/D10 -> 0.46153846 | F7: 49 | G7: =F7/F10 -> 0.42982456 | H7: 283 | I7: =H7/H10 -> 0.55599214 | J7: 108 | K7: =J7/J10 -> 0.46753247 | L7: 347 | M7: =L7/L10 -> 0.54818325 | N7: =B7+D7+F7+H7+J7+L7 -> 962 | O7: =N7/N10 -> 0.52568306 | Q7: =A13 -> Career counseling | R7: =C19 -> 0.84390244 | S7: =E19 -> 0.66666667 | T7: =G19 -> 0.70666667 | U7: =I19 -> 0.83625731 | V7: =K19 -> 0.82894737 | W7: =M19 -> 0.78763441 | X7: =O19 -> 0.81125541
A8: Poor | B8: 14 | C8: =B8/B10 -> 0.042424242 | E8: =D8/D10 -> 0 | F8: 8 | G8: =F8/F10 -> 0.070175439 | H8: 19 | I8: =H8/H10 -> 0.037328094 | J8: 15 | K8: =J8/J10 -> 0.064935065 | L8: 30 | M8: =L8/L10 -> 0.047393365 | N8: =B8+D8+F8+H8+J8+L8 -> 86 | O8: =N8/N10 -> 0.046994536 | Q8: =A21 -> Course advising | R8: =C27 -> 0.87142857 | S8: =E27 -> 0.84615385 | T8: =G27 -> 0.71428571 | U8: =I27 -> 0.82882883 | V8: =K27 -> 0.77114428 | W8: =M27 -> 0.77819549 | X8: =O27 -> 0.80484694
A9: Very poor | B9: 5 | C9: =B9/B10 -> 0.015151515 | D9: 1 | E9: =D9/D10 -> 0.076923077 | F9: 6 | G9: =F9/F10 -> 0.052631579 | H9: 6 | I9: =H9/H10 -> 0.011787819 | J9: 6 | K9: =J9/J10 -> 0.025974026 | L9: 13 | M9: =L9/L10 -> 0.020537125 | N9: =B9+D9+F9+H9+J9+L9 -> 37 | O9: =N9/N10 -> 0.020218579 | Q9: =A29 -> Financial aid | R9: =C35 -> 0.87148594 | S9: =E35 -> 0.88888889 | T9: =G35 -> 0.85263158 | U9: =I35 -> 0.88619855 | V9: =K35 -> 0.85853659 | W9: =M35 -> 0.8742515 | X9: =O35 -> 0.8736413
A10: Total | B10: =SUM(B6:B9) -> 330 | C10: =SUM(C6:C9) -> 1 | D10: =SUM(D6:D9) -> 13 | E10: =SUM(E6:E9) -> 1 | F10: =SUM(F6:F9) -> 114 | G10: =SUM(G6:G9) -> 1 | H10: =SUM(H6:H9) -> 509 | I10: =SUM(I6:I9) -> 1 | ... M10: =SUM(M6:M9) -> 1 | N10: =SUM(N4:N9) -> 1830 | O10: =SUM(O4:O9) -> 1 | Q10: =A37 -> Veterans' services | R10: =C43 -> 0.875 | T10: =G43 -> 0.95454545 | U10: =I43 -> 0.94690265 | V10: =K43 -> 0.97826087 | W10: =M43 -> 0.91338583 | X10: =O43 -> 0.92761394
A11: Percent of Good or Very Good | C11: =SUM(C6:C7) -> 0.94242424 | E11: =SUM(E6:E7) -> 0.92307692 | G11: =SUM(G6:G7) -> 0.87719298 | I11: =SUM(I6:I7) -> 0.95088409 | K11: =SUM(K6:K7) -> 0.90909091 | M11: =SUM(M6:M7) -> 0.93206951 | O11: =SUM(O6:O7) -> 0.93278689 | Q11: =A45 -> Student Life | R11: =C51 -> 0.92727273 | T11: =G51 -> 0.9 | U11: =I51 -> 0.930131 | V11: =K51 -> 0.91566265 | W11: =M51 -> 0.94528875 | X11: =O51 -> 0.93176471
Q12: =A53 -> Job placement | R12: =C59 -> 0.86153846 | T12: =G59 -> 0.8 | U12: =I59 -> 0.81372549 | V12: =K59 -> 0.84615385 | W12: =M59 -> 0.81746032 | X12: =O59 -> 0.82633053
A13: Career counseling | B13: Boulder Cty | D13: Brighton | F13: CCCS Online | H13: Larimer | J13: FRCC Online | L13: Westminster | N13: Total | Q13: =A61 -> Special services | R13: =C67 -> 0.86666667 | T13: =G67 -> 0.875 | U13: =I67 -> 0.912 | V13: =K67 -> 0.93181818 | W13: =M67 -> 0.91275168 | X13: =O67 -> 0.90375587
A14: Very good | B14: 79 | C14: =B14/B18 -> 0.38536585 | D14: 3 | E14: =D14/D18 -> 0.33333333 | F14: 21 | G14: =F14/F18 -> 0.28 | H14: 120 | I14: =H14/H18 -> 0.35087719 | J14: 62 | K14: =J14/J18 -> 0.40789474 | L14: 127 | M14: =L14/L18 -> 0.34139785 | N14: =B14+D14+F14+H14+J14+L14 -> 412 | O14: =N14/N18 -> 0.35670996 | Q14: =A69 -> Library/Learning resource center | R14: =C75 -> 0.94418605 | S14: =E75 -> 0.875 | T14: =G75 -> 0.97101449 | U14: =I75 -> 0.94890511 | V14: =K75 -> 0.94890511 | W14: =M75 -> 0.96679688 | X14: =O75 -> 0.9556213
A15: Good | B15: 94 | C15: =B15/B18 -> 0.45853659 | D15: 3 | E15: =D15/D18 -> 0.33333333 | F15: 32 | G15: =F15/F18 -> 0.42666667 | H15: 166 | I15: =H15/H18 -> 0.48538012 | J15: 64 | K15: =J15/J18 -> 0.42105263 | L15: 166 | M15: =L15/L18 -> 0.44623656 | N15: =B15+D15+F15+H15+J15+L15 -> 525 | O15: =N15/N18 -> 0.45454545 | Q15: =A77 -> Tutoring services | R15: =C83 -> 0.91216216 | T15: =G83 -> 0.82978723 | U15: =I83 -> 0.87214612 | V15: =K83 -> 0.93333333 | W15: =M83 -> 0.90780142 | X15: =O83 -> 0.89664083
A16: Poor | B16: 25 | C16: =B16/B18 -> 0.12195122 | D16: 3 | E16: =D16/D18 -> 0.33333333 | F16: 14 | G16: =F16/F18 -> 0.18666667 | H16: 52 | I16: =H16/H18 -> 0.15204678 | J16: 18 | K16: =J16/J18 -> 0.11842105 | L16: 60 | M16: =L16/L18 -> 0.16129032 | N16: =B16+D16+F16+H16+J16+L16 -> 172 | O16: =N16/N18 -> 0.14891775 | Q16: =A85 -> Development education/basic skills center | R16: =C91 -> 0.96428571 | S16: =E91 -> 1 | T16: =G91 -> 0.97058824 | U16: =I91 -> 0.93630573 | V16: =K91 -> 0.9516129 | W16: =M91 -> 0.96153846 | X16: =O91 -> 0.95509499
A17: Very poor | B17: 7 | C17: =B17/B18 -> 0.034146341 | E17: =D17/D18 -> 0 | F17: 8 | G17: =F17/F18 -> 0.10666667 | H17: 4 | I17: =H17/H18 -> 0.011695906 | J17: 8 | K17: =J17/J18 -> 0.052631579 | L17: 19 | M17: =L17/L18 -> 0.051075269 | N17: =B17+D17+F17+H17+J17+L17 -> 46 | O17: =N17/N18 -> 0.03982684
A18: Total | B18: =SUM(B14:B17) -> 205 | C18: =SUM(C14:C17) -> 1 | D18: =SUM(D14:D17) -> 9 | E18: =SUM(E14:E17) -> 1 | F18: =SUM(F14:F17) -> 75 | G18: =SUM(G14:G17) -> 1 | H18: =SUM(H14:H17) -> 342 | I18: =SUM(I14:I17) -> 1 | ... M18: =SUM(M14:M17) -> 1 | N18: =SUM(N12:N17) -> 1155 | O18: =SUM(O12:O17) -> 1
A19: Percent of Good or Very Good | C19: =SUM(C14:C15) -> 0.84390244 | E19: =SUM(E14:E15) -> 0.66666667 | G19: =SUM(G14:G15) -> 0.70666667 | I19: =SUM(I14:I15) -> 0.83625731 | K19: =SUM(K14:K15) -> 0.82894737 | M19: =SUM(M14:M15) -> 0.78763441 | O19: =SUM(O14:O15) -> 0.81125541 | Q19: Evaluate FRCC Business Services | R19: Boulder | S19: Brighton | T19: CCCS Online | U19: Larimer | V19: FRCC Online | W19: West minster | X19: Total
Q20: =A95 -> Bookstore | R20: =C101 -> 0.82679739 | S20: =E101 -> 1 | T20: =G101 -> 0.82795699 | U20: =I101 -> 0.83368421 | V20: =K101 -> 0.84931507 | W20: =M101 -> 0.87107438 | X20: =O101 -> 0.84853801
A21: Course advising | B21: Boulder Cty | D21: Brighton | F21: CCCS Online | H21: Larimer | J21: FRCC Online | L21: Westminster | N21: Total | Q21: =A103 -> Cashier | R21: =C109 -> 0.93577982 | S21: =E109 -> 1 | T21: =G109 -> 0.89041096 | U21: =I109 -> 0.94973545 | V21: =K109 -> 0.92405063 | W21: =M109 -> 0.93378995 | X21: =O109 -> 0.93558523
A22: Very good | B22: 117 | C22: =B22/B26 -> 0.41785714 | D22: 4 | E22: =D22/D26 -> 0.30769231 | F22: 26 | G22: =F22/F26 -> 0.26530612 | H22: 131 | I22: =H22/H26 -> 0.29504505 | J22: 67 | K22: =J22/J26 -> 0.33333333 | L22: 170 | M22: =L22/L26 -> 0.31954887 | N22: =B22+D22+F22+H22+J22+L22 -> 515 | O22: =N22/N26 -> 0.32844388 | Q22: =A111 -> Food services | R22: =C117 -> 0.79899497 | T22: =G117 -> 0.84090909 | U22: =I117 -> 0.74566474 | V22: =K117 -> 0.83157895 | W22: =M117 -> 0.76574307 | X22: =O117 -> 0.77449168
A23: Good | B23: 127 | C23: =B23/B26 -> 0.45357143 | D23: 7 | E23: =D23/D26 -> 0.53846154 | F23: 44 | G23: =F23/F26 -> 0.44897959 | H23: 237 | I23: =H23/H26 -> 0.53378378 | J23: 88 | K23: =J23/J26 -> 0.43781095 | L23: 244 | M23: =L23/L26 -> 0.45864662 | N23: =B23+D23+F23+H23+J23+L23 -> 747 | O23: =N23/N26 -> 0.47640306 | Q23: =A119 -> Overall Evaluation of Student Services | R23: =C125 -> 0.93181818 | S23: =E125 -> 1 | T23: =G125 -> 0.86792453 | U23: =I125 -> 0.94897959 | V23: =K125 -> 0.92825112 | W23: =M125 -> 0.93211921 | X23: =O125 -> 0.93291284
A24: Poor | B24: 30 | C24: =B24/B26 -> 0.10714286 | D24: 1 | E24: =D24/D26 -> 0.076923077 | F24: 18 | G24: =F24/F26 -> 0.18367347 | H24: 63 | I24: =H24/H26 -> 0.14189189 | J24: 34 | K24: =J24/J26 -> 0.16915423 | L24: 86 | M24: =L24/L26 -> 0.16165414 | N24: =B24+D24+F24+H24+J24+L24 -> 232 | O24: =N24/N26 -> 0.14795918
A25: Very poor | B25: 6 | C25: =B25/B26 -> 0.021428571 | D25: 1 | E25: =D25/D26 -> 0.076923077 | F25: 10 | G25: =F25/F26 -> 0.10204082 | H25: 13 | I25: =H25/H26 -> 0.029279279 | J25: 12 | K25: =J25/J26 -> 0.059701493 | L25: 32 | M25: =L25/L26 -> 0.060150376 | N25: =B25+D25+F25+H25+J25+L25 -> 74 | O25: =N25/N26 -> 0.047193878
A26: Total | B26: =SUM(B22:B25) -> 280 | C26: =SUM(C22:C25) -> 1 | D26: =SUM(D22:D25) -> 13 | E26: =SUM(E22:E25) -> 1 | F26: =SUM(F22:F25) -> 98 | G26: =SUM(G22:G25) -> 1 | H26: =SUM(H22:H25) -> 444 | I26: =SUM(I22:I25) -> 1 | ... M26: =SUM(M22:M25) -> 1 | N26: =SUM(N20:N25) -> 1568 | O26: =SUM(O20:O25) -> 1
A27: Percent of Good or Very Good | C27: =SUM(C22:C23) -> 0.87142857 | E27: =SUM(E22:E23) -> 0.84615385 | G27: =SUM(G22:G23) -> 0.71428571 | I27: =SUM(I22:I23) -> 0.82882883 | K27: =SUM(K22:K23) -> 0.77114428 | M27: =SUM(M22:M23) -> 0.77819549 | O27: =SUM(O22:O23) -> 0.80484694
A29: Financial aid | B29: Boulder Cty | D29: Brighton | F29: CCCS Online | H29: Larimer | J29: FRCC Online | L29: Westminster | N29: Total
A30: Very good | B30: 97 | C30: =B30/B34 -> 0.38955823 | D30: 3 | E30: =D30/D34 -> 0.33333333 | F30: 39 | G30: =F30/F34 -> 0.41052632 | H30: 150 | I30: =H30/H34 -> 0.36319613 | J30: 90 | K30: =J30/J34 -> 0.43902439 | L30: 191 | M30: =L30/L34 -> 0.38123752 | N30: =B30+D30+F30+H30+J30+L30 -> 570 | O30: =N30/N34 -> 0.38722826
A31: Good | B31: 120 | C31: =B31/B34 -> 0.48192771 | D31: 5 | E31: =D31/D34 -> 0.55555556 | F31: 42 | G31: =F31/F34 -> 0.44210526 | H31: 216 | I31: =H31/H34 -> 0.52300242 | J31: 86 | K31: =J31/J34 -> 0.4195122 | L31: 247 | M31: =L31/L34 -> 0.49301397 | N31: =B31+D31+F31+H31+J31+L31 -> 716 | O31: =N31/N34 -> 0.48641304
A32: Poor | B32: 25 | C32: =B32/B34 -> 0.10040161 | D32: 1 | E32: =D32/D34 -> 0.11111111 | F32: 7 | G32: =F32/F34 -> 0.073684211 | H32: 30 | I32: =H32/H34 -> 0.072639225 | J32: 20 | K32: =J32/J34 -> 0.097560976 | L32: 42 | M32: =L32/L34 -> 0.083832335 | N32: =B32+D32+F32+H32+J32+L32 -> 125 | O32: =N32/N34 -> 0.084918478
A33: Very poor | B33: 7 | C33: =B33/B34 -> 0.02811245 | E33: =D33/D34 -> 0 | F33: 7 | G33: =F33/F34 -> 0.073684211 | H33: 17 | I33: =H33/H34 -> 0.041162228 | J33: 9 | K33: =J33/J34 -> 0.043902439 | L33: 21 | M33: =L33/L34 -> 0.041916168 | N33: =B33+D33+F33+H33+J33+L33 -> 61 | O33: =N33/N34 -> 0.041440217
A34: Total | B34: =SUM(B30:B33) -> 249 | C34: =SUM(C30:C33) -> 1 | D34: =SUM(D30:D33) -> 9 | E34: =SUM(E30:E33) -> 1 | F34: =SUM(F30:F33) -> 95 | G34: =SUM(G30:G33) -> 1 | H34: =SUM(H30:H33) -> 413 | I34: =SUM(I30:I33) -> 1 | ... M34: =SUM(M30:M33) -> 1 | N34: =SUM(N28:N33) -> 1472 | O34: =SUM(O28:O33) -> 1
A35: Percent of Good or Very Good | C35: =SUM(C30:C31) -> 0.87148594 | E35: =SUM(E30:E31) -> 0.88888889 | G35: =SUM(G30:G31) -> 0.85263158 | I35: =SUM(I30:I31) -> 0.88619855 | K35: =SUM(K30:K31) -> 0.85853659 | M35: =SUM(M30:M31) -> 0.8742515 | O35: =SUM(O30:O31) -> 0.8736413
A37: Veterans' services | B37: Boulder Cty | D37: Brighton | F37: CCCS Online | H37: Larimer | J37: FRCC Online | L37: Westminster | N37: Total
A38: Very good | B38: 25 | C38: =B38/B42 -> 0.390625 | D38: 1 | E38: =D38/D42 -> 1 | F38: 9 | G38: =F38/F42 -> 0.40909091 | H38: 50 | I38: =H38/H42 -> 0.44247788 | J38: 19 | K38: =J38/J42 -> 0.41304348 | L38: 53 | M38: =L38/L42 -> 0.41732283 | N38: =B38+D38+F38+H38+J38+L38 -> 157 | O38: =N38/N42 -> 0.42091153
A39: Good | B39: 31 | C39: =B39/B42 -> 0.484375 | E39: =D39/D42 -> 0 | F39: 12 | G39: =F39/F42 -> 0.54545455 | H39: 57 | I39: =H39/H42 -> 0.50442478 | J39: 26 | K39: =J39/J42 -> 0.56521739 | L39: 63 | M39: =L39/L42 -> 0.49606299 | N39: =B39+D39+F39+H39+J39+L39 -> 189 | O39: =N39/N42 -> 0.50670241
A40: Poor | B40: 5 | C40: =B40/B42 -> 0.078125 | E40: =D40/D42 -> 0 | F40: 1 | G40: =F40/F42 -> 0.045454545 | H40: 5 | I40: =H40/H42 -> 0.044247788 | K40: =J40/J42 -> 0 | L40: 8 | M40: =L40/L42 -> 0.062992126 | N40: =B40+D40+F40+H40+J40+L40 -> 19 | O40: =N40/N42 -> 0.050938338
A41: Very poor | B41: 3 | C41: =B41/B42 -> 0.046875 | E41: =D41/D42 -> 0 | G41: =F41/F42 -> 0 | H41: 1 | I41: =H41/H42 -> 0.0088495575 | J41: 1 | K41: =J41/J42 -> 0.02173913 | L41: 3 | M41: =L41/L42 -> 0.023622047 | N41: =B41+D41+F41+H41+J41+L41 -> 8 | O41: =N41/N42 -> 0.021447721
A42: Total | B42: =SUM(B38:B41) -> 64 | C42: =SUM(C38:C41) -> 1 | D42: =SUM(D38:D41) -> 1 | E42: =SUM(E38:E41) -> 1 | F42: =SUM(F38:F41) -> 22 | G42: =SUM(G38:G41) -> 1 | H42: =SUM(H38:H41) -> 113 | I42: =SUM(I38:I41) -> 1 | ... M42: =SUM(M38:M41) -> 1 | N42: =SUM(N36:N41) -> 373 | O42: =SUM(O36:O41) -> 1
A43: Percent of Good or Very Good | C43: =SUM(C38:C39) -> 0.875 | E43: =SUM(E38:E39) -> 1 | G43: =SUM(G38:G39) -> 0.95454545 | I43: =SUM(I38:I39) -> 0.94690265 | K43: =SUM(K38:K39) -> 0.97826087 | M43: =SUM(M38:M39) -> 0.91338583 | O43: =SUM(O38:O39) -> 0.92761394
A45: Student Life | B45: Boulder Cty | D45: Brighton | F45: CCCS Online | H45: Larimer | J45: FRCC Online | L45: Westminster | N45: Total
A46: Very good | B46: 64 | C46: =B46/B50 -> 0.38787879 | D46: 1 | E46: =D46/D50 -> 0.25 | F46: 13 | G46: =F46/F50 -> 0.325 | H46: 77 | I46: =H46/H50 -> 0.33624454 | J46: 32 | K46: =J46/J50 -> 0.38554217 | L46: 129 | M46: =L46/L50 -> 0.39209726 | N46: =B46+D46+F46+H46+J46+L46 -> 316 | O46: =N46/N50 -> 0.37176471
A47: Good | B47: 89 | C47: =B47/B50 -> 0.53939394 | D47: 2 | E47: =D47/D50 -> 0.5 | F47: 23 | G47: =F47/F50 -> 0.575 | H47: 136 | I47: =H47/H50 -> 0.59388646 | J47: 44 | K47: =J47/J50 -> 0.53012048 | L47: 182 | M47: =L47/L50 -> 0.55319149 | N47: =B47+D47+F47+H47+J47+L47 -> 476 | O47: =N47/N50 -> 0.56
A48: Poor | B48: 9 | C48: =B48/B50 -> 0.054545455 | D48: 1 | E48: =D48/D50 -> 0.25 | F48: 3 | G48: =F48/F50 -> 0.075 | H48: 15 | I48: =H48/H50 -> 0.065502183 | J48: 5 | K48: =J48/J50 -> 0.060240964 | L48: 12 | M48: =L48/L50 -> 0.036474164 | N48: =B48+D48+F48+H48+J48+L48 -> 45 | O48: =N48/N50 -> 0.052941176
A49: Very poor | B49: 3 | C49: =B49/B50 -> 0.018181818 | E49: =D49/D50 -> 0 | F49: 1 | G49: =F49/F50 -> 0.025 | H49: 1 | I49: =H49/H50 -> 0.0043668122 | J49: 2 | K49: =J49/J50 -> 0.024096386 | L49: 6 | M49: =L49/L50 -> 0.018237082 | N49: =B49+D49+F49+H49+J49+L49 -> 13 | O49: =N49/N50 -> 0.015294118
A50: Total | B50: =SUM(B46:B49) -> 165 | C50: =SUM(C46:C49) -> 1 | D50: =SUM(D46:D49) -> 4 | E50: =SUM(E46:E49) -> 1 | F50: =SUM(F46:F49) -> 40 | G50: =SUM(G46:G49) -> 1 | H50: =SUM(H46:H49) -> 229 | I50: =SUM(I46:I49) -> 1 | ... M50: =SUM(M46:M49) -> 1 | N50: =SUM(N44:N49) -> 850 | O50: =SUM(O44:O49) -> 1
A51: Percent of Good or Very Good | C51: =SUM(C46:C47) -> 0.92727273 | E51: =SUM(E46:E47) -> 0.75 | G51: =SUM(G46:G47) -> 0.9 | I51: =SUM(I46:I47) -> 0.930131 | K51: =SUM(K46:K47) -> 0.91566265 | M51: =SUM(M46:M47) -> 0.94528875 | O51: =SUM(O46:O47) -> 0.93176471
A53: Job placement | B53: Boulder Cty | D53: Brighton | F53: CCCS Online | H53: Larimer | J53: FRCC Online | L53: Westminster | N53: Total
A54: Very good | B54: 21 | C54: =B54/B58 -> 0.32307692 | F54: 8 | G54: =F54/F58 -> 0.32 | H54: 33 | I54: =H54/H58 -> 0.32352941 | J54: 13 | K54: =J54/J58 -> 0.33333333 | L54: 37 | M54: =L54/L58 -> 0.29365079 | N54: =B54+D54+F54+H54+J54+L54 -> 112 | O54: =N54/N58 -> 0.31372549
A55: Good | B55: 35 | C55: =B55/B58 -> 0.53846154 | F55: 12 | G55: =F55/F58 -> 0.48 | H55: 50 | I55: =H55/H58 -> 0.49019608 | J55: 20 | K55: =J55/J58 -> 0.51282051 | L55: 66 | M55: =L55/L58 -> 0.52380952 | N55: =B55+D55+F55+H55+J55+L55 -> 183 | O55: =N55/N58 -> 0.51260504
A56: Poor | B56: 5 | C56: =B56/B58 -> 0.076923077 | F56: 3 | G56: =F56/F58 -> 0.12 | H56: 14 | I56: =H56/H58 -> 0.1372549 | J56: 4 | K56: =J56/J58 -> 0.1025641 | L56: 16 | M56: =L56/L58 -> 0.12698413 | N56: =B56+D56+F56+H56+J56+L56 -> 42 | O56: =N56/N58 -> 0.11764706
A57: Very poor | B57: 4 | C57: =B57/B58 -> 0.061538462 | F57: 2 | G57: =F57/F58 -> 0.08 | H57: 5 | I57: =H57/H58 -> 0.049019608 | J57: 2 | K57: =J57/J58 -> 0.051282051 | L57: 7 | M57: =L57/L58 -> 0.055555556 | N57: =B57+D57+F57+H57+J57+L57 -> 20 | O57: =N57/N58 -> 0.056022409
A58: Total | B58: =SUM(B54:B57) -> 65 | C58: =SUM(C54:C57) -> 1 | D58: =SUM(D54:D57) -> 0 | F58: =SUM(F54:F57) -> 25 | G58: =SUM(G54:G57) -> 1 | H58: =SUM(H54:H57) -> 102 | I58: =SUM(I54:I57) -> 1 | J58: =SUM(J54:J57) -> 39 | K58: =SUM(K54:K57) -> 1 | L58: =SUM(L54:L57) -> 126 | M58: =SUM(M54:M57) -> 1 | N58: =SUM(N52:N57) -> 357 | O58: =SUM(O52:O57) -> 1
A59: Percent of Good or Very Good | C59: =SUM(C54:C55) -> 0.86153846 | E59: =SUM(E54:E55) -> 0 | G59: =SUM(G54:G55) -> 0.8 | I59: =SUM(I54:I55) -> 0.81372549 | K59: =SUM(K54:K55) -> 0.84615385 | M59: =SUM(M54:M55) -> 0.81746032 | O59: =SUM(O54:O55) -> 0.82633053
A61: Special services | B61: Boulder Cty | D61: Brighton | F61: CCCS Online | H61: Larimer | J61: FRCC Online | L61: Westminster | N61: Total
A62: Very good | B62: 30 | C62: =B62/B66 -> 0.4 | D62: 1 | E62: =D62/D66 -> 1 | F62: 13 | G62: =F62/F66 -> 0.40625 | H62: 53 | I62: =H62/H66 -> 0.424 | J62: 20 | K62: =J62/J66 -> 0.45454545 | L62: 59 | M62: =L62/L66 -> 0.39597315 | N62: =B62+D62+F62+H62+J62+L62 -> 176 | O62: =N62/N66 -> 0.41314554
A63: Good | B63: 35 | C63: =B63/B66 -> 0.46666667 | E63: =D63/D66 -> 0 | F63: 15 | G63: =F63/F66 -> 0.46875 | H63: 61 | I63: =H63/H66 -> 0.488 | J63: 21 | K63: =J63/J66 -> 0.47727273 | L63: 77 | M63: =L63/L66 -> 0.51677852 | N63: =B63+D63+F63+H63+J63+L63 -> 209 | O63: =N63/N66 -> 0.49061033
A64: Poor | B64: 7 | C64: =B64/B66 -> 0.093333333 | E64: =D64/D66 -> 0 | F64: 3 | G64: =F64/F66 -> 0.09375 | H64: 6 | I64: =H64/H66 -> 0.048 | J64: 1 | K64: =J64/J66 -> 0.022727273 | L64: 9 | M64: =L64/L66 -> 0.060402685 | N64: =B64+D64+F64+H64+J64+L64 -> 26 | O64: =N64/N66 -> 0.061032864
A65: Very poor | B65: 3 | C65: =B65/B66 -> 0.04 | E65: =D65/D66 -> 0 | F65: 1 | G65: =F65/F66 -> 0.03125 | H65: 5 | I65: =H65/H66 -> 0.04 | J65: 2 | K65: =J65/J66 -> 0.045454545 | L65: 4 | M65: =L65/L66 -> 0.026845638 | N65: =B65+D65+F65+H65+J65+L65 -> 15 | O65: =N65/N66 -> 0.035211268
A66: Total | B66: =SUM(B62:B65) -> 75 | C66: =SUM(C62:C65) -> 1 | D66: =SUM(D62:D65) -> 1 | E66: =SUM(E62:E65) -> 1 | F66: =SUM(F62:F65) -> 32 | G66: =SUM(G62:G65) -> 1 | H66: =SUM(H62:H65) -> 125 | I66: =SUM(I62:I65) -> 1 | ... M66: =SUM(M62:M65) -> 1 | N66: =SUM(N60:N65) -> 426 | O66: =SUM(O60:O65) -> 1
A67: Percent of Good or Very Good | C67: =SUM(C62:C63) -> 0.86666667 | E67: =SUM(E62:E63) -> 1 | G67: =SUM(G62:G63) -> 0.875 | I67: =SUM(I62:I63) -> 0.912 | K67: =SUM(K62:K63) -> 0.93181818 | M67: =SUM(M62:M63) -> 0.91275168 | O67: =SUM(O62:O63) -> 0.90375587
A69: Library/Learning resource center | B69: Boulder Cty | D69: Brighton | F69: CCCS Online | H69: Larimer | J69: FRCC Online | L69: Westminster | N69: Total
A70: Very good | B70: 103 | C70: =B70/B74 -> 0.47906977 | D70: 3 | E70: =D70/D74 -> 0.375 | F70: 28 | G70: =F70/F74 -> 0.4057971 | H70: 201 | I70: =H70/H74 -> 0.48905109 | J70: 61 | K70: =J70/J74 -> 0.44525547 | L70: 242 | M70: =L70/L74 -> 0.47265625 | N70: =B70+D70+F70+H70+J70+L70 -> 638 | O70: =N70/N74 -> 0.47189349
A71: Good | B71: 100 | C71: =B71/B74 -> 0.46511628 | D71: 4 | E71: =D71/D74 -> 0.5 | F71: 39 | G71: =F71/F74 -> 0.56521739 | H71: 189 | I71: =H71/H74 -> 0.45985401 | J71: 69 | K71: =J71/J74 -> 0.50364964 | L71: 253 | M71: =L71/L74 -> 0.49414062 | N71: =B71+D71+F71+H71+J71+L71 -> 654 | O71: =N71/N74 -> 0.48372781
A72: Poor | B72: 7 | C72: =B72/B74 -> 0.03255814 | D72: 1 | E72: =D72/D74 -> 0.125 | F72: 2 | G72: =F72/F74 -> 0.028985507 | H72: 18 | I72: =H72/H74 -> 0.04379562 | J72: 5 | K72: =J72/J74 -> 0.03649635 | L72: 14 | M72: =L72/L74 -> 0.02734375 | N72: =B72+D72+F72+H72+J72+L72 -> 47 | O72: =N72/N74 -> 0.034763314
A73: Very poor | B73: 5 | C73: =B73/B74 -> 0.023255814 | E73: =D73/D74 -> 0 | G73: =F73/F74 -> 0 | H73: 3 | I73: =H73/H74 -> 0.0072992701 | J73: 2 | K73: =J73/J74 -> 0.01459854 | L73: 3 | M73: =L73/L74 -> 0.005859375 | N73: =B73+D73+F73+H73+J73+L73 -> 13 | O73: =N73/N74 -> 0.0096153846
A74: Total | B74: =SUM(B70:B73) -> 215 | C74: =SUM(C70:C73) -> 1 | D74: =SUM(D70:D73) -> 8 | E74: =SUM(E70:E73) -> 1 | F74: =SUM(F70:F73) -> 69 | G74: =SUM(G70:G73) -> 1 | H74: =SUM(H70:H73) -> 411 | I74: =SUM(I70:I73) -> 1 | ... M74: =SUM(M70:M73) -> 1 | N74: =SUM(N68:N73) -> 1352 | O74: =SUM(O68:O73) -> 1
A75: Percent of Good or Very Good | C75: =SUM(C70:C71) -> 0.94418605 | E75: =SUM(E70:E71) -> 0.875 | G75: =SUM(G70:G71) -> 0.97101449 | I75: =SUM(I70:I71) -> 0.94890511 | K75: =SUM(K70:K71) -> 0.94890511 | M75: =SUM(M70:M71) -> 0.96679688 | O75: =SUM(O70:O71) -> 0.9556213
A77: Tutoring services | B77: Boulder Cty | D77: Brighton | F77: CCCS Online | H77: Larimer | J77: FRCC Online | L77: Westminster | N77: Total
A78: Very good | B78: 56 | C78: =B78/B82 -> 0.37837838 | D78: 1 | E78: =D78/D82 -> 0.33333333 | F78: 21 | G78: =F78/F82 -> 0.44680851 | H78: 74 | I78: =H78/H82 -> 0.33789954 | J78: 31 | K78: =J78/J82 -> 0.41333333 | L78: 106 | M78: =L78/L82 -> 0.37588652 | N78: =B78+D78+F78+H78+J78+L78 -> 289 | O78: =N78/N82 -> 0.37338501
A79: Good | B79: 79 | C79: =B79/B82 -> 0.53378378 | D79: 2 | E79: =D79/D82 -> 0.66666667 | F79: 18 | G79: =F79/F82 -> 0.38297872 | H79: 117 | I79: =H79/H82 -> 0.53424658 | J79: 39 | K79: =J79/J82 -> 0.52 | L79: 150 | M79: =L79/L82 -> 0.53191489 | N79: =B79+D79+F79+H79+J79+L79 -> 405 | O79: =N79/N82 -> 0.52325581
A80: Poor | B80: 9 | C80: =B80/B82 -> 0.060810811 | E80: =D80/D82 -> 0 | F80: 6 | G80: =F80/F82 -> 0.12765957 | H80: 20 | I80: =H80/H82 -> 0.091324201 | J80: 2 | K80: =J80/J82 -> 0.026666667 | L80: 19 | M80: =L80/L82 -> 0.067375887 | N80: =B80+D80+F80+H80+J80+L80 -> 56 | O80: =N80/N82 -> 0.072351421
A81: Very poor | B81: 4 | C81: =B81/B82 -> 0.027027027 | E81: =D81/D82 -> 0 | F81: 2 | G81: =F81/F82 -> 0.042553191 | H81: 8 | I81: =H81/H82 -> 0.03652968 | J81: 3 | K81: =J81/J82 -> 0.04 | L81: 7 | M81: =L81/L82 -> 0.024822695 | N81: =B81+D81+F81+H81+J81+L81 -> 24 | O81: =N81/N82 -> 0.031007752
A82: Total | B82: =SUM(B78:B81) -> 148 | C82: =SUM(C78:C81) -> 1 | D82: =SUM(D78:D81) -> 3 | E82: =SUM(E78:E81) -> 1 | F82: =SUM(F78:F81) -> 47 | G82: =SUM(G78:G81) -> 1 | H82: =SUM(H78:H81) -> 219 | I82: =SUM(I78:I81) -> 1 | ... M82: =SUM(M78:M81) -> 1 | N82: =SUM(N76:N81) -> 774 | O82: =SUM(O76:O81) -> 1
A83: Percent of Good or Very Good | C83: =SUM(C78:C79) -> 0.91216216 | E83: =SUM(E78:E79) -> 1 | G83: =SUM(G78:G79) -> 0.82978723 | I83: =SUM(I78:I79) -> 0.87214612 | K83: =SUM(K78:K79) -> 0.93333333 | M83: =SUM(M78:M79) -> 0.90780142 | O83: =SUM(O78:O79) -> 0.89664083
A85: Development education/basic skills center | B85: Boulder Cty | D85: Brighton | F85: CCCS Online | H85: Larimer | J85: FRCC Online | L85: Westminster | N85: Total
A86: Very good | B86: 45 | C86: =B86/B90 -> 0.40178571 | D86: 3 | E86: =D86/D90 -> 0.5 | F86: 13 | G86: =F86/F90 -> 0.38235294 | H86: 50 | I86: =H86/H90 -> 0.31847134 | J86: 27 | K86: =J86/J90 -> 0.43548387 | L86: 79 | M86: =L86/L90 -> 0.37980769 | N86: =B86+D86+F86+H86+J86+L86 -> 217 | O86: =N86/N90 -> 0.37478411
A87: Good | B87: 63 | C87: =B87/B90 -> 0.5625 | D87: 3 | E87: =D87/D90 -> 0.5 | F87: 20 | G87: =F87/F90 -> 0.58823529 | H87: 97 | I87: =H87/H90 -> 0.61783439 | J87: 32 | K87: =J87/J90 -> 0.51612903 | L87: 121 | M87: =L87/L90 -> 0.58173077 | N87: =B87+D87+F87+H87+J87+L87 -> 336 | O87: =N87/N90 -> 0.58031088
A88: Poor | B88: 4 | C88: =B88/B90 -> 0.035714286 | E88: =D88/D90 -> 0 | G88: =F88/F90 -> 0 | H88: 7 | I88: =H88/H90 -> 0.044585987 | J88: 1 | K88: =J88/J90 -> 0.016129032 | L88: 5 | M88: =L88/L90 -> 0.024038462 | N88: =B88+D88+F88+H88+J88+L88 -> 17 | O88: =N88/N90 -> 0.029360967
A89: Very poor | C89: =B89/B90 -> 0 | E89: =D89/D90 -> 0 | F89: 1 | G89: =F89/F90 -> 0.029411765 | H89: 3 | I89: =H89/H90 -> 0.01910828 | J89: 2 | K89: =J89/J90 -> 0.032258065 | L89: 3 | M89: =L89/L90 -> 0.014423077 | N89: =B89+D89+F89+H89+J89+L89 -> 9 | O89: =N89/N90 -> 0.015544041
A90: Total | B90: =SUM(B86:B89) -> 112 | C90: =SUM(C86:C89) -> 1 | D90: =SUM(D86:D89) -> 6 | E90: =SUM(E86:E89) -> 1 | F90: =SUM(F86:F89) -> 34 | G90: =SUM(G86:G89) -> 1 | H90: =SUM(H86:H89) -> 157 | I90: =SUM(I86:I89) -> 1 | ... M90: =SUM(M86:M89) -> 1 | N90: =SUM(N84:N89) -> 579 | O90: =SUM(O84:O89) -> 1
A91: Percent of Good or Very Good | C91: =SUM(C86:C87) -> 0.96428571 | E91: =SUM(E86:E87) -> 1 | G91: =SUM(G86:G87) -> 0.97058824 | I91: =SUM(I86:I87) -> 0.93630573 | K91: =SUM(K86:K87) -> 0.9516129 | M91: =SUM(M86:M87) -> 0.96153846 | O91: =SUM(O86:O87) -> 0.95509499
A94: EVALUATE BUSINESS SERVICES
A95: Bookstore | B95: Boulder Cty | D95: Brighton | F95: CCCS Online | H95: Larimer | J95: FRCC Online | L95: Westminster | N95: Total
A96: Very good | B96: 95 | C96: =B96/B100 -> 0.31045752 | D96: 6 | E96: =D96/D100 -> 0.5 | F96: 28 | G96: =F96/F100 -> 0.30107527 | H96: 123 | I96: =H96/H100 -> 0.25894737 | J96: 69 | K96: =J96/J100 -> 0.31506849 | L96: 182 | M96: =L96/L100 -> 0.30082645 | N96: =B96+D96+F96+H96+J96+L96 -> 503 | O96: =N96/N100 -> 0.29415205
A97: Good | B97: 158 | C97: =B97/B100 -> 0.51633987 | D97: 6 | E97: =D97/D100 -> 0.5 | F97: 49 | G97: =F97/F100 -> 0.52688172 | H97: 273 | I97: =H97/H100 -> 0.57473684 | J97: 117 | K97: =J97/J100 -> 0.53424658 | L97: 345 | M97: =L97/L100 -> 0.57024793 | N97: =B97+D97+F97+H97+J97+L97 -> 948 | O97: =N97/N100 -> 0.55438596
A98: Poor | B98: 45 | C98: =B98/B100 -> 0.14705882 | E98: =D98/D100 -> 0 | F98: 12 | G98: =F98/F100 -> 0.12903226 | H98: 60 | I98: =H98/H100 -> 0.12631579 | J98: 22 | K98: =J98/J100 -> 0.10045662 | L98: 59 | M98: =L98/L100 -> 0.097520661 | N98: =B98+D98+F98+H98+J98+L98 -> 198 | O98: =N98/N100 -> 0.11578947
A99: Very poor | B99: 8 | C99: =B99/B100 -> 0.026143791 | E99: =D99/D100 -> 0 | F99: 4 | G99: =F99/F100 -> 0.043010753 | H99: 19 | I99: =H99/H100 -> 0.04 | J99: 11 | K99: =J99/J100 -> 0.050228311 | L99: 19 | M99: =L99/L100 -> 0.031404959 | N99: =B99+D99+F99+H99+J99+L99 -> 61 | O99: =N99/N100 -> 0.035672515
A100: Total | B100: =SUM(B96:B99) -> 306 | C100: =SUM(C96:C99) -> 1 | D100: =SUM(D96:D99) -> 12 | E100: =SUM(E96:E99) -> 1 | F100: =SUM(F96:F99) -> 93 | G100: =SUM(G96:G99) -> 1 | H100: =SUM(H96:H99) -> 475 | I100: =SUM(I96:I99) -> 1 | ... M100: =SUM(M96:M99) -> 1 | N100: =SUM(N94:N99) -> 1710 | O100: =SUM(O94:O99) -> 1
A101: Percent of Good or Very Good | C101: =SUM(C96:C97) -> 0.82679739 | E101: =SUM(E96:E97) -> 1 | G101: =SUM(G96:G97) -> 0.82795699 | I101: =SUM(I96:I97) -> 0.83368421 | K101: =SUM(K96:K97) -> 0.84931507 | M101: =SUM(M96:M97) -> 0.87107438 | O101: =SUM(O96:O97) -> 0.84853801
A103: Cashier | B103: Boulder Cty | D103: Brighton | F103: CCCS Online | H103: Larimer | J103: FRCC Online | L103: Westminster | N103: Total
A104: Very good | B104: 74 | C104: =B104/B108 -> 0.33944954 | D104: 5 | E104: =D104/D108 -> 0.625 | F104: 21 | G104: =F104/F108 -> 0.28767123 | H104: 132 | I104: =H104/H108 -> 0.34920635 | J104: 62 | K104: =J104/J108 -> 0.39240506 | L104: 145 | M104: =L104/L108 -> 0.33105023 | N104: =B104+D104+F104+H104+J104+L104 -> 439 | O104: =N104/N108 -> 0.34485467
A105: Good | B105: 130 | C105: =B105/B108 -> 0.59633028 | D105: 3 | E105: =D105/D108 -> 0.375 | F105: 44 | G105: =F105/F108 -> 0.60273973 | H105: 227 | I105: =H105/H108 -> 0.6005291 | J105: 84 | K105: =J105/J108 -> 0.53164557 | L105: 264 | M105: =L105/L108 -> 0.60273973 | N105: =B105+D105+F105+H105+J105+L105 -> 752 | O105: =N105/N108 -> 0.59073056
A106: Poor | B106: 8 | C106: =B106/B108 -> 0.036697248 | E106: =D106/D108 -> 0 | F106: 4 | G106: =F106/F108 -> 0.054794521 | H106: 16 | I106: =H106/H108 -> 0.042328042 | J106: 8 | K106: =J106/J108 -> 0.050632911 | L106: 21 | M106: =L106/L108 -> 0.047945205 | N106: =B106+D106+F106+H106+J106+L106 -> 57 | O106: =N106/N108 -> 0.044776119
A107: Very poor | B107: 6 | C107: =B107/B108 -> 0.027522936 | E107: =D107/D108 -> 0 | F107: 4 | G107: =F107/F108 -> 0.054794521 | H107: 3 | I107: =H107/H108 -> 0.0079365079 | J107: 4 | K107: =J107/J108 -> 0.025316456 | L107: 8 | M107: =L107/L108 -> 0.01826484 | N107: =B107+D107+F107+H107+J107+L107 -> 25 | O107: =N107/N108 -> 0.019638649
A108: Total | B108: =SUM(B104:B107) -> 218 | C108: =SUM(C104:C107) -> 1 | D108: =SUM(D104:D107) -> 8 | E108: =SUM(E104:E107) -> 1 | F108: =SUM(F104:F107) -> 73 | G108: =SUM(G104:G107) -> 1 | H108: =SUM(H104:H107) -> 378 | I108: =SUM(I104:I107) -> 1 | ... M108: =SUM(M104:M107) -> 1 | N108: =SUM(N102:N107) -> 1273 | O108: =SUM(O102:O107) -> 1
A109: Percent of Good or Very Good | C109: =SUM(C104:C105) -> 0.93577982 | E109: =SUM(E104:E105) -> 1 | G109: =SUM(G104:G105) -> 0.89041096 | I109: =SUM(I104:I105) -> 0.94973545 | K109: =SUM(K104:K105) -> 0.92405063 | M109: =SUM(M104:M105) -> 0.93378995 | O109: =SUM(O104:O105) -> 0.93558523
A111: Food services | B111: Boulder Cty | D111: Brighton | F111: CCCS Online | H111: Larimer | J111: FRCC Online | L111: Westminster | N111: Total
A112: Very good | B112: 59 | C112: =B112/B116 -> 0.29648241 | E112: =D112/D116 -> 0 | F112: 13 | G112: =F112/F116 -> 0.29545455 | H112: 84 | I112: =H112/H116 -> 0.24277457 | J112: 29 | K112: =J112/J116 -> 0.30526316 | L112: 106 | M112: =L112/L116 -> 0.26700252 | N112: =B112+D112+F112+H112+J112+L112 -> 291 | O112: =N112/N116 -> 0.2689464
A113: Good | B113: 100 | C113: =B113/B116 -> 0.50251256 | D113: 1 | E113: =D113/D116 -> 1 | F113: 24 | G113: =F113/F116 -> 0.54545455 | H113: 174 | I113: =H113/H116 -> 0.50289017 | J113: 50 | K113: =J113/J116 -> 0.52631579 | L113: 198 | M113: =L113/L116 -> 0.49874055 | N113: =B113+D113+F113+H113+J113+L113 -> 547 | O113: =N113/N116 -> 0.50554529
...

Sheet Reasons at FRCC
A1: Survey of all Currently enrolled students Fall 2013 -- Reasons for choosing FRCC
A3: How did you hear about FRCC (Multiple answers) | B3: Boulder Cty | D3: Brighton | F3: CCCS Onl | H3: Larimer | J3: FRCC Onl | L3: Westminster | N3: Total
A4: =all!A396 -> Class schedule mailed to home or office | B4: =all!B396 -> 20 | C4: =all!C396 -> 0.055401662 | D4: =all!D396 -> 0 | E4: =all!E396 -> 0 | F4: =all!F396 -> 5 | G4: =all!G396 -> 0.037878788 | H4: =all!H396 -> 12 | ... O4: =all!O396 -> 0.046580773
A5: =all!A397 -> Class schedule picked up at other location | B5: =all!B397 -> 16 | C5: =all!C397 -> 0.04432133 | D5: =all!D397 -> 2 | E5: =all!E397 -> 0.13333333 | F5: =all!F397 -> 3 | G5: =all!G397 -> 0.022727273 | H5: =all!H397 -> 14 | ... O5: =all!O397 -> 0.026759167
A6: =all!A398 -> Newspaper articles or advertisements | B6: =all!B398 -> 15 | C6: =all!C398 -> 0.041551247 | D6: =all!D398 -> 1 | E6: =all!E398 -> 0.066666667 | F6: =all!F398 -> 7 | G6: =all!G398 -> 0.053030303 | H6: =all!H398 -> 18 | ... O6: =all!O398 -> 0.039643211
A7: =all!A399 -> Viewbook, catalog, or other brochures | B7: =all!B399 -> 37 | C7: =all!C399 -> 0.10249307 | D7: =all!D399 -> 0 | E7: =all!E399 -> 0 | F7: =all!F399 -> 13 | G7: =all!G399 -> 0.098484848 | H7: =all!H399 -> 33 | ... O7: =all!O399 -> 0.073835481
A8: =all!A400 -> Parents | B8: =all!B400 -> 48 | C8: =all!C400 -> 0.13296399 | D8: =all!D400 -> 1 | E8: =all!E400 -> 0.066666667 | F8: =all!F400 -> 13 | G8: =all!G400 -> 0.098484848 | H8: =all!H400 -> 65 | ... O8: =all!O400 -> 0.12487611
A9: =all!A401 -> High school teacher or counselor | B9: =all!B401 -> 57 | C9: =all!C401 -> 0.15789474 | D9: =all!D401 -> 0 | E9: =all!E401 -> 0 | F9: =all!F401 -> 12 | G9: =all!G401 -> 0.090909091 | H9: =all!H401 -> 88 | ... O9: =all!O401 -> 0.15014866
A10: =all!A402 -> Friend or another FRCC student | B10: =all!B402 -> 124 | C10: =all!C402 -> 0.3434903 | D10: =all!D402 -> 6 | E10: =all!E402 -> 0.4 | F10: =all!F402 -> 40 | G10: =all!G402 -> 0.3030303 | H10: =all!H402 -> 203 | ... O10: =all!O402 -> 0.32507433
A11: =all!A403 -> Visit to high school by FRCC staff | B11: =all!B403 -> 14 | C11: =all!C403 -> 0.038781163 | D11: =all!D403 -> 0 | E11: =all!E403 -> 0 | F11: =all!F403 -> 1 | G11: =all!G403 -> 0.0075757576 | H11: =all!H403 -> 24 | ... O11: =all!O403 -> 0.03716551
A12: =all!A404 -> Sought out closest college | B12: =all!B404 -> 125 | C12: =all!C404 -> 0.34626039 | D12: =all!D404 -> 7 | E12: =all!E404 -> 0.46666667 | F12: =all!F404 -> 46 | G12: =all!G404 -> 0.34848485 | H12: =all!H404 -> 189 | ... O12: =all!O404 -> 0.34539148
A13: =all!A405 -> FRCC web site | B13: =all!B405 -> 96 | C13: =all!C405 -> 0.26592798 | D13: =all!D405 -> 1 | E13: =all!E405 -> 0.066666667 | F13: =all!F405 -> 41 | G13: =all!G405 -> 0.31060606 | H13: =all!H405 -> 132 | ... O13: =all!O405 -> 0.2740337
A16: =all!A408 -> What are the main reasons that you chose or are continuing at FRCC (multiple answers) | B16: Boulder Cty | D16: Brighton | F16: CCCS Onl | H16: Larimer | J16: FRCC Onl | L16: Westminster | N16: Total
A17: =all!A409 -> Quality of instruction | B17: =all!B409 -> 116 | C17: =all!C409 -> 0.32132964 | D17: =all!D409 -> 4 | E17: =all!E409 -> 0.26666667 | F17: =all!F409 -> 21 | G17: =all!G409 -> 0.15909091 | H17: =all!H409 -> 183 | ... O17: =all!O409 -> 0.28444004
A18: =all!A410 -> Close to home or work | B18: =all!B410 -> 245 | C18: =all!C410 -> 0.67867036 | D18: =all!D410 -> 11 | E18: =all!E410 -> 0.73333333 | F18: =all!F410 -> 61 | G18: =all!G410 -> 0.46212121 | H18: =all!H410 -> 322 | ... O18: =all!O410 -> 0.60555005
A19: =all!A411 -> Low cost | B19: =all!B411 -> 255 | C19: =all!C411 -> 0.70637119 | D19: =all!D411 -> 6 | E19: =all!E411 -> 0.4 | F19: =all!F411 -> 68 | G19: =all!G411 -> 0.51515152 | H19: =all!H411 -> 406 | ... O19: =all!O411 -> 0.66947473
A20: =all!A412 -> Courses or programs meet my needs | B20: =all!B412 -> 209 | C20: =all!C412 -> 0.57894737 | D20: =all!D412 -> 9 | E20: =all!E412 -> 0.6 | F20: =all!F412 -> 64 | G20: =all!G412 -> 0.48484848 | H20: =all!H412 -> 343 | ... O20: =all!O412 -> 0.57433102
A21: =all!A413 -> Small classes | B21: =all!B413 -> 183 | C21: =all!C413 -> 0.50692521 | D21: =all!D413 -> 8 | E21: =all!E413 -> 0.53333333 | F21: =all!F413 -> 25 | G21: =all!G413 -> 0.18939394 | H21: =all!H413 -> 292 | ... O21: =all!O413 -> 0.42170466
A22: =all!A414 -> Supportive staff | B22: =all!B414 -> 121 | C22: =all!C414 -> 0.33518006 | D22: =all!D414 -> 5 | E22: =all!E414 -> 0.33333333 | F22: =all!F414 -> 21 | G22: =all!G414 -> 0.15909091 | H22: =all!H414 -> 187 | ... O22: =all!O414 -> 0.27502478
A23: =all!A415 -> Friends or relatives advice | B23: =all!B415 -> 39 | C23: =all!C415 -> 0.10803324 | D23: =all!D415 -> 1 | E23: =all!E415 -> 0.066666667 | F23: =all!F415 -> 8 | G23: =all!G415 -> 0.060606061 | H23: =all!H415 -> 70 | ... O23: =all!O415 -> 0.11347869
A24: =all!A416 -> Admission or registration procedures made FRCC easier to attend | B24: =all!B416 -> 82 | C24: =all!C416 -> 0.22714681 | D24: =all!D416 -> 1 | E24: =all!E416 -> 0.066666667 | F24: =all!F416 -> 22 | G24: =all!G416 -> 0.16666667 | H24: =all!H416 -> 112 | ... O24: =all!O416 -> 0.19772052
A25: =all!A417 -> Convenient parking | B25: =all!B417 -> 29 | C25: =all!C417 -> 0.08033241 | D25: =all!D417 -> 0 | E25: =all!E417 -> 0 | F25: =all!F417 -> 7 | G25: =all!G417 -> 0.053030303 | H25: =all!H417 -> 66 | ... O25: =all!O417 -> 0.097621407
A26: =all!A418 -> Courses offered where or when I can take them | B26: =all!B418 -> 103 | C26: =all!C418 -> 0.28531856 | D26: =all!D418 -> 6 | E26: =all!E418 -> 0.4 | F26: =all!F418 -> 55 | G26: =all!G418 -> 0.41666667 | H26: =all!H418 -> 164 | ... O26: =all!O418 -> 0.32705649
A27: =all!A419 -> I obtained financial aid or scholarship. | B27: =all!B419 -> 95 | C27: =all!C419 -> 0.26315789 | D27: =all!D419 -> 3 | E27: =all!E419 -> 0.2 | F27: =all!F419 -> 30 | G27: =all!G419 -> 0.22727273 | H27: =all!H419 -> 167 | ... O27: =all!O419 -> 0.271556

Sheet Technology Special Questions
A1: Survey of all Currently enrolled students Fall 2013 -- Use of Social Media and Technology
A3: Do you own a smartphone | B3: Boulder Cty | D3: Brighton | F3: CCCS Online | H3: Larimer | J3: FRCC Online | L3: Westminster | N3: Total
A4: Yes | B4: 241 | C4: 0.66759003 | D4: 11 | E4: 0.73333333 | F4: 97 | G4: 0.73484848 | H4: 383 | I4: 0.68392857 | J4: 206 | K4: 0.81102362 | L4: 504 | M4: 0.72413793 | N4: 1442 | O4: 0.71456888
A5: No | B5: 84 | C5: 0.23268698 | D5: 2 | E5: 0.13333333 | F5: 20 | G5: 0.15151515 | H5: 127 | I5: 0.22678571 | J5: 30 | K5: 0.11811024 | L5: 122 | M5: 0.17528736 | N5: 385 | O5: 0.19078295
A6: No, but plan on buying one within the next 6 months | B6: 6 | C6: 0.016620499 | E6: 0 | F6: 1 | G6: 0.0075757576 | H6: 9 | I6: 0.016071429 | J6: 4 | K6: 0.015748031 | L6: 15 | M6: 0.021551724 | N6: 35 | O6: 0.017343905
A8: Do you forward your CCCS email to a personal email such as gmail or MSN? | B8: Boulder Cty | D8: Brighton | F8: CCCS Online | H8: Larimer | J8: FRCC Online | L8: Westminster | N8: Total
A9: Yes | B9: 153 | C9: 0.42382271 | D9: 5 | E9: 0.33333333 | F9: 60 | G9: 0.45454545 | H9: 225 | I9: 0.40178571 | J9: 107 | K9: 0.42125984 | L9: 284 | M9: 0.40804598 | N9: 834 | O9: 0.41328048
A10: No | B10: 178 | C10: 0.49307479 | D10: 8 | E10: 0.53333333 | F10: 57 | G10: 0.43181818 | H10: 294 | I10: 0.525 | J10: 132 | K10: 0.51968504 | L10: 350 | M10: 0.50287356 | N10: 1019 | O10: 0.5049554
A13: How often do you typically use the following technologies? | R13: Technology | S13: Daily | T13: Once a week or more | U13: Never
A14: Desire2Learn | B14: Boulder Cty | D14: Brighton | F14: CCCS Online | H14: Larimer | J14: FRCC Online | L14: Westminster | N14: Total | R14: =A14 -> Desire2Learn | S14: =O19 -> 0.66595289 | T14: =O21 -> 0.9614561 | U14: =O15 -> 0.01391863
A15: Never | B15: 5 | C15: 0.015015015 | D15: 2 | E15: 0.15384615 | F15: 5 | G15: 0.042016807 | H15: 7 | I15: 0.013409962 | J15: 1 | K15: 0.0041666667 | L15: 6 | M15: 0.0093603744 | N15: 26 | O15: 0.01391863 | R15: =A23 -> eWolf | S15: =O28 -> 0.39310716 | T15: =O30 -> 0.87668282 | U15: =O24 -> 0.0053850296
A16: Monthly | B16: 13 | C16: 0.039039039 | E16: 0 | F16: 3 | G16: 0.025210084 | H16: 11 | I16: 0.021072797 | J16: 2 | K16: 0.0083333333 | L16: 17 | M16: 0.026521061 | N16: 46 | O16: 0.024625268 | R16: =A32 -> Touch screen table | S16: =O37 -> 0.28439369 | T16: =O39 -> 0.3839043 | U16: =O33 -> 0.56280587
A17: Once a week | B17: 25 | C17: 0.075075075 | D17: 1 | E17: 0.076923077 | F17: 1 | G17: 0.0084033613 | H17: 37 | I17: 0.070881226 | J17: 1 | K17: 0.0041666667 | L17: 37 | M17: 0.057722309 | N17: 102 | O17: 0.054603854 | R17: =A41 -> eReaders | S17: =O46 -> 0.098583878 | T17: =O48 -> 0.208061 | U17: =O42 -> 0.71623094
A18: 2+ days a week | B18: 92 | C18: 0.27627628 | D18: 3 | E18: 0.23076923 | F18: 22 | G18: 0.18487395 | H18: 118 | I18: 0.22605364 | J18: 30 | K18: 0.125 | L18: 185 | M18: 0.28861154 | N18: 450 | O18: 0.24089936 | R18: =A50 -> Web-based video conferencing tools | S18: =O55 -> 0.09076087 | T18: =O57 -> 0.23804348 | U18: =O51 -> 0.56902174
A19: Daily | B19: 198 | C19: 0.59459459 | D19: 7 | E19: 0.53846154 | F19: 88 | G19: 0.7394958 | H19: 349 | I19: 0.66858238 | J19: 206 | K19: 0.85833333 | L19: 396 | M19: 0.61778471 | N19: 1244 | O19: 0.66595289 | R19: =A59 -> SmartPhone Apps | S19: =O64 -> 0.68692349 | T19: =O66 -> 0.762344 | U19: =O60 -> 0.21269669
A20: Total | B20: 333 | C20: 1 | D20: 13 | E20: 1 | F20: 119 | G20: 1 | H20: 522 | I20: 1 | J20: 240 | K20: 1 | L20: 641 | M20: 1 | N20: 1868 | O20: 1 | R20: =A68 -> Text messaging | S20: =O73 -> 0.83046286 | T20: =O75 -> 0.92949408 | U20: =O69 -> 0.05489774
A21: Once a week or more | C21: 0.94594595 | E21: 0.84615385 | G21: 0.93277311 | I21: 0.96551724 | K21: 0.9875 | M21: 0.96411856 | O21: 0.9614561 | R21: =A77 -> FRCC email | S21: =O82 -> 0.29332616 | T21: =O84 -> 0.78632939 | U21: =O78 -> 0.053821313
R22: =A86 -> Personal Email | S22: =O91 -> 0.81263499 | T22: =O93 -> 0.95680346 | U22: =O87 -> 0.017818575
A23: eWolf | B23: Boulder Cty | D23: Brighton | F23: CCCS Online | H23: Larimer | J23: FRCC Online | L23: Westminster | N23: Total
A24: Never | B24: 2 | C24: 0.0060790274 | E24: 0 | G24: 0 | H24: 5 | I24: 0.0096339114 | J24: 1 | K24: 0.0041666667 | L24: 2 | M24: 0.0031298905 | N24: 10 | O24: 0.0053850296
A25: Monthly | B25: 43 | C25: 0.13069909 | D25: 1 | E25: 0.076923077 | F25: 5 | G25: 0.042735043 | H25: 70 | I25: 0.13487476 | J25: 27 | K25: 0.1125 | L25: 73 | M25: 0.114241 | N25: 219 | O25: 0.11793215 | R25: Technology | S25: Daily | T25: Once a week or more | U25: Never
A26: Once a week | B26: 70 | C26: 0.21276596 | D26: 6 | E26: 0.46153846 | F26: 11 | G26: 0.094017094 | H26: 114 | I26: 0.21965318 | J26: 42 | K26: 0.175 | L26: 152 | M26: 0.23787167 | N26: 395 | O26: 0.21270867 | R26: Text messaging | S26: 0.83046286 | T26: 0.92949408 | U26: 0.05489774
A27: 2+ days a week | B27: 101 | C27: 0.30699088 | D27: 2 | E27: 0.15384615 | F27: 31 | G27: 0.26495726 | H27: 133 | I27: 0.25626204 | J27: 58 | K27: 0.24166667 | L27: 178 | M27: 0.27856025 | N27: 503 | O27: 0.27086699 | R27: Personal Email | S27: 0.81263499 | T27: 0.95680346 | U27: 0.017818575
A28: Daily | B28: 113 | C28: 0.34346505 | D28: 4 | E28: 0.30769231 | F28: 70 | G28: 0.5982906 | H28: 197 | I28: 0.37957611 | J28: 112 | K28: 0.46666667 | L28: 234 | M28: 0.36619718 | N28: 730 | O28: 0.39310716 | R28: SmartPhone Apps | S28: 0.68692349 | T28: 0.762344 | U28: 0.21269669
A29: Total | B29: 329 | C29: 1 | D29: 13 | E29: 1 | F29: 117 | G29: 1 | H29: 519 | I29: 1 | J29: 240 | K29: 1 | L29: 639 | M29: 1 | N29: 1857 | O29: 1 | R29: Desire2Learn | S29: 0.66595289 | T29: 0.9614561 | U29: 0.01391863
A30: Once a week or more | C30: 0.86322188 | E30: 0.92307692 | G30: 0.95726496 | I30: 0.85549133 | K30: 0.88333333 | M30: 0.88262911 | O30: 0.87668282 | R30: eWolf | S30: 0.39310716 | T30: 0.87668282 | U30: 0.0053850296
R31: FRCC email | S31: 0.29332616 | T31: 0.78632939 | U31: 0.053821313
A32: Touch screen table | B32: Boulder Cty | D32: Brighton | F32: CCCS Online | H32: Larimer | J32: FRCC Online | L32: Westminster | N32: Total | R32: Touch screen table | S32: 0.28439369 | T32: 0.3839043 | U32: 0.56280587
A33: Never | B33: 192 | C33: 0.58536585 | D33: 7 | E33: 0.53846154 | F33: 56 | G33: 0.48275862 | H33: 306 | I33: 0.59417476 | J33: 124 | K33: 0.52320675 | L33: 350 | M33: 0.55555556 | N33: 1035 | O33: 0.56280587 | R33: eReaders | S33: 0.098583878 | T33: 0.208061 | U33: 0.71623094
A34: Monthly | B34: 20 | C34: 0.06097561 | D34: 3 | E34: 0.23076923 | F34: 1 | G34: 0.0086206897 | H34: 29 | I34: 0.05631068 | J34: 13 | K34: 0.054852321 | L34: 32 | M34: 0.050793651 | N34: 98 | O34: 0.053289831 | R34: Web-based video conferencing tools | S34: 0.09076087 | T34: 0.23804348 | U34: 0.56902174
A35: Once a week | B35: 9 | C35: 0.027439024 | E35: 0 | F35: 5 | G35: 0.043103448 | H35: 16 | I35: 0.031067961 | J35: 5 | K35: 0.021097046 | L35: 37 | M35: 0.058730159 | N35: 72 | O35: 0.039151713
A36: 2+ days a week | B36: 21 | C36: 0.06402439 | E36: 0 | F36: 11 | G36: 0.094827586 | H36: 25 | I36: 0.048543689 | J36: 16 | K36: 0.067510549 | L36: 38 | M36: 0.06031746 | N36: 111 | O36: 0.060358891
A37: Daily | B37: 86 | C37: 0.26219512 | D37: 3 | E37: 0.23076923 | F37: 43 | G37: 0.37068966 | H37: 139 | I37: 0.26990291 | J37: 79 | K37: 0.33333333 | L37: 173 | M37: 0.27460317 | N37: 523 | O37: 0.28439369
A38: Total | B38: 328 | C38: 1 | D38: 13 | E38: 1 | F38: 116 | G38: 1 | H38: 515 | I38: 1 | J38: 237 | K38: 1 | L38: 630 | M38: 1 | N38: 1839 | O38: 1
A39: Once a week or more | C39: 0.35365854 | E39: 0.23076923 | G39: 0.50862069 | I39: 0.34951456 | K39: 0.42194093 | M39: 0.39365079 | O39: 0.3839043
A41: eReaders | B41: Boulder Cty | D41: Brighton | F41: CCCS Online | H41: Larimer | J41: FRCC Online | L41: Westminster | N41: Total
A42: Never | B42: 243 | C42: 0.74539877 | D42: 10 | E42: 0.76923077 | F42: 71 | G42: 0.6173913 | H42: 374 | I42: 0.73333333 | J42: 140 | K42: 0.58823529 | L42: 477 | M42: 0.75236593 | N42: 1315 | O42: 0.71623094
A43: Monthly | B43: 21 | C43: 0.064417178 | D43: 3 | E43: 0.23076923 | F43: 8 | G43: 0.069565217 | H43: 41 | I43: 0.080392157 | J43: 23 | K43: 0.096638655 | L43: 43 | M43: 0.067823344 | N43: 139 | O43: 0.075708061
A44: Once a week | B44: 12 | C44: 0.036809816 | E44: 0 | F44: 9 | G44: 0.07826087 | H44: 30 | I44: 0.058823529 | J44: 20 | K44: 0.084033613 | L44: 28 | M44: 0.044164038 | N44: 99 | O44: 0.053921569
A45: 2+ days a week | B45: 18 | C45: 0.055214724 | E45: 0 | F45: 8 | G45: 0.069565217 | H45: 26 | I45: 0.050980392 | J45: 17 | K45: 0.071428571 | L45: 33 | M45: 0.052050473 | N45: 102 | O45: 0.055555556
A46: Daily | B46: 32 | C46: 0.098159509 | E46: 0 | F46: 19 | G46: 0.16521739 | H46: 39 | I46: 0.076470588 | J46: 38 | K46: 0.15966387 | L46: 53 | M46: 0.083596215 | N46: 181 | O46: 0.098583878
A47: Total | B47: 326 | C47: 1 | D47: 13 | E47: 1 | F47: 115 | G47: 1 | H47: 510 | I47: 1 | J47: 238 | K47: 1 | L47: 634 | M47: 1 | N47: 1836 | O47: 1
A48: Once a week or more | C48: 0.19018405 | E48: 0 | G48: 0.31304348 | I48: 0.18627451 | K48: 0.31512605 | M48: 0.17981073 | O48: 0.208061
A50: Web-based video conferencing tools | B50: Boulder Cty | D50: Brighton | F50: CCCS Online | H50: Larimer | J50: FRCC Online | L50: Westminster | N50: Total
A51: Never | B51: 176 | C51: 0.5382263 | D51: 9 | E51: 0.69230769 | F51: 54 | G51: 0.47368421 | H51: 295 | I51: 0.57729941 | J51: 131 | K51: 0.55274262 | L51: 382 | M51: 0.59874608 | N51: 1047 | O51: 0.56902174
A52: Monthly | B52: 70 | C52: 0.21406728 | E52: 0 | F52: 20 | G52: 0.1754386 | H52: 111 | I52: 0.21722114 | J52: 43 | K52: 0.1814346 | L52: 111 | M52: 0.17398119 | N52: 355 | O52: 0.19293478
A53: Once a week | B53: 31 | C53: 0.094801223 | D53: 1 | E53: 0.076923077 | F53: 18 | G53: 0.15789474 | H53: 42 | I53: 0.082191781 | J53: 21 | K53: 0.088607595 | L53: 55 | M53: 0.086206897 | N53: 168 | O53: 0.091304348
A54: 2+ days a week | B54: 22 | C54: 0.067278287 | D54: 1 | E54: 0.076923077 | F54: 6 | G54: 0.052631579 | H54: 26 | I54: 0.050880626 | J54: 18 | K54: 0.075949367 | L54: 30 | M54: 0.047021944 | N54: 103 | O54: 0.055978261
A55: Daily | B55: 28 | C55: 0.085626911 | D55: 2 | E55: 0.15384615 | F55: 16 | G55: 0.14035088 | H55: 37 | I55: 0.072407045 | J55: 24 | K55: 0.10126582 | L55: 60 | M55: 0.094043887 | N55: 167 | O55: 0.09076087
A56: Total | B56: 327 | C56: 1 | D56: 13 | E56: 1 | F56: 114 | G56: 1 | H56: 511 | I56: 1 | J56: 237 | K56: 1 | L56: 638 | M56: 1 | N56: 1840 | O56: 1
A57: Once a week or more | C57: 0.24770642 | E57: 0.30769231 | G57: 0.35087719 | I57: 0.20547945 | K57: 0.26582278 | M57: 0.22727273 | O57: 0.23804348
A59: SmartPhone Apps | B59: Boulder Cty | D59: Brighton | F59: CCCS Online | H59: Larimer | J59: FRCC Online | L59: Westminster | N59: Total
A60: Never | B60: 82 | C60: 0.25 | D60: 2 | E60: 0.15384615 | F60: 15 | G60: 0.13274336 | H60: 134 | I60: 0.25918762 | J60: 32 | K60: 0.13445378 | L60: 127 | M60: 0.20031546 | N60: 392 | O60: 0.21269669
A61: Monthly | B61: 11 | C61: 0.033536585 | E61: 0 | F61: 2 | G61: 0.017699115 | H61: 11 | I61: 0.021276596 | J61: 8 | K61: 0.033613445 | L61: 14 | M61: 0.022082019 | N61: 46 | O61: 0.024959305
A62: Once a week | B62: 11 | C62: 0.033536585 | D62: 1 | E62: 0.076923077 | F62: 5 | G62: 0.044247788 | H62: 11 | I62: 0.021276596 | J62: 5 | K62: 0.021008403 | L62: 21 | M62: 0.033123028 | N62: 54 | O62: 0.029300054
A63: 2+ days a week | B63: 22 | C63: 0.067073171 | E63: 0 | F63: 4 | G63: 0.03539823 | H63: 22 | I63: 0.042553191 | J63: 16 | K63: 0.067226891 | L63: 21 | M63: 0.033123028 | N63: 85 | O63: 0.046120456
A64: Daily | B64: 202 | C64: 0.61585366 | D64: 10 | E64: 0.76923077 | F64: 87 | G64: 0.7699115 | H64: 339 | I64: 0.655706 | J64: 177 | K64: 0.74369748 | L64: 451 | M64: 0.71135647 | N64: 1266 | O64: 0.68692349
A65: Total | B65: 328 | C65: 1 | D65: 13 | E65: 1 | F65: 113 | G65: 1 | H65: 517 | I65: 1 | J65: 238 | K65: 1 | L65: 634 | M65: 1 | N65: 1843 | O65: 1
A66: Once a week or more | C66: 0.71646341 | E66: 0.84615385 | G66: 0.84955752 | I66: 0.71953578 | K66: 0.83193277 | M66: 0.77760252 | O66: 0.762344
A68: Text messaging | B68: Boulder Cty | D68: Brighton | F68: CCCS Online | H68: Larimer | J68: FRCC Online | L68: Westminster | N68: Total
A69: Never | B69: 21 | C69: 0.064220183 | E69: 0 | F69: 5 | G69: 0.042016807 | H69: 29 | I69: 0.055769231 | J69: 9 | K69: 0.037656904 | L69: 38 | M69: 0.059375 | N69: 102 | O69: 0.05489774
A70: Monthly | B70: 6 | C70: 0.018348624 | E70: 0 | F70: 2 | G70: 0.016806723 | H70: 7 | I70: 0.013461538 | J70: 5 | K70: 0.020920502 | L70: 9 | M70: 0.0140625 | N70: 29 | O70: 0.015608181
A71: Once a week | B71: 8 | C71: 0.024464832 | E71: 0 | F71: 4 | G71: 0.033613445 | H71: 17 | I71: 0.032692308 | J71: 4 | K71: 0.016736402 | L71: 19 | M71: 0.0296875 | N71: 52 | O71: 0.027987083
A72: 2+ days a week | B72: 27 | C72: 0.082568807 | E72: 0 | F72: 15 | G72: 0.12605042 | H72: 42 | I72: 0.080769231 | J72: 14 | K72: 0.058577406 | L72: 34 | M72: 0.053125 | N72: 132 | O72: 0.071044133
A73: Daily | B73: 265 | C73: 0.81039755 | D73: 13 | E73: 1 | F73: 93 | G73: 0.78151261 | H73: 425 | I73: 0.81730769 | J73: 207 | K73: 0.86610879 | L73: 540 | M73: 0.84375 | N73: 1543 | O73: 0.83046286
A74: Total | B74: 327 | C74: 1 | D74: 13 | E74: 1 | F74: 119 | G74: 1 | H74: 520 | I74: 1 | J74: 239 | K74: 1 | L74: 640 | M74: 1 | N74: 1858 | O74: 1
A75: Once a week or more | C75: 0.91743119 | E75: 1 | G75: 0.94117647 | I75: 0.93076923 | K75: 0.94142259 | M75: 0.9265625 | O75: 0.92949408
A77: FRCC email | B77: Boulder Cty | D77: Brighton | F77: CCCS Online | H77: Larimer | J77: FRCC Online | L77: Westminster | N77: Total
A78: Never | B78: 12 | C78: 0.036585366 | E78: 0 | F78: 10 | G78: 0.084745763 | H78: 30 | I78: 0.058139535 | J78: 13 | K78: 0.054166667 | L78: 35 | M78: 0.054432348 | N78: 100 | O78: 0.053821313
A79: Monthly | B79: 44 | C79: 0.13414634 | D79: 2 | E79: 0.15384615 | F79: 10 | G79: 0.084745763 | H79: 90 | I79: 0.1744186 | J79: 43 | K79: 0.17916667 | L79: 108 | M79: 0.16796267 | N79: 297 | O79: 0.1598493
A80: Once a week | B80: 83 | C80: 0.25304878 | D80: 5 | E80: 0.38461538 | F80: 25 | G80: 0.21186441 | H80: 128 | I80: 0.24806202 | J80: 56 | K80: 0.23333333 | L80: 138 | M80: 0.21461897 | N80: 435 | O80: 0.23412271
A81: 2+ days a week | B81: 99 | C81: 0.30182927 | D81: 3 | E81: 0.23076923 | F81: 26 | G81: 0.22033898 | H81: 125 | I81: 0.24224806 | J81: 61 | K81: 0.25416667 | L81: 167 | M81: 0.25972006 | N81: 481 | O81: 0.25888052
A82: Daily | B82: 90 | C82: 0.27439024 | D82: 3 | E82: 0.23076923 | F82: 47 | G82: 0.39830508 | H82: 143 | I82: 0.27713178 | J82: 67 | K82: 0.27916667 | L82: 195 | M82: 0.30326594 | N82: 545 | O82: 0.29332616
A83: Total | B83: 328 | C83: 1 | D83: 13 | E83: 1 | F83: 118 | G83: 1 | H83: 516 | I83: 1 | J83: 240 | K83: 1 | L83: 643 | M83: 1 | N83: 1858 | O83: 1
A84: Once a week or more | C84: 0.82926829 | E84: 0.84615385 | G84: 0.83050847 | I84: 0.76744186 | K84: 0.76666667 | M84: 0.77760498 | O84: 0.78632939
A86: Personal Email | B86: Boulder Cty | D86: Brighton | F86: CCCS Online | H86: Larimer | J86: FRCC Online | L86: Westminster | N86: Total
A87: Never | B87: 4 | C87: 0.012195122 | E87: 0 | F87: 2 | G87: 0.016666667 | H87: 9 | I87: 0.017374517 | J87: 5 | K87: 0.021186441 | L87: 13 | M87: 0.020408163 | N87: 33 | O87: 0.017818575
A88: Monthly | B88: 10 | C88: 0.030487805 | D88: 1 | E88: 0.076923077 | F88: 1 | G88: 0.0083333333 | H88: 16 | I88: 0.030888031 | J88: 3 | K88: 0.012711864 | L88: 16 | M88: 0.025117739 | N88: 47 | O88: 0.02537797
A89: Once a week | B89: 16 | C89: 0.048780488 | D89: 1 | E89: 0.076923077 | F89: 6 | G89: 0.05 | H89: 20 | I89: 0.038610039 | J89: 5 | K89: 0.021186441 | L89: 37 | M89: 0.058084772 | N89: 85 | O89: 0.045896328
A90: 2+ days a week | B90: 34 | C90: 0.10365854 | E90: 0 | F90: 8 | G90: 0.066666667 | H90: 56 | I90: 0.10810811 | J90: 20 | K90: 0.084745763 | L90: 64 | M90: 0.10047096 | N90: 182 | O90: 0.098272138
A91: Daily | B91: 264 | C91: 0.80487805 | D91: 11 | E91: 0.84615385 | F91: 103 | G91: 0.85833333 | H91: 417 | I91: 0.80501931 | J91: 203 | K91: 0.86016949 | L91: 507 | M91: 0.79591837 | N91: 1505 | O91: 0.81263499
A92: Total | B92: 328 | C92: 1 | D92: 13 | E92: 1 | F92: 120 | G92: 1 | H92: 518 | I92: 1 | J92: 236 | K92: 1 | L92: 637 | M92: 1 | N92: 1852 | O92: 1
A93: Once a week or more | C93: 0.95731707 | E93: 0.92307692 | G93: 0.975 | I93: 0.95173745 | K93: 0.96610169 | M93: 0.9544741 | O93: 0.95680346
A95: How Often do you typically use these social media sites | R95: Social Media Sites | S95: Daily | T95: Once a week or more | U95: Never
A96: Facebook | B96: Boulder Cty | D96: Brighton | F96: CCCS Online | H96: Larimer | J96: FRCC Online | L96: Westminster | N96: Total | R96: =A96 -> Facebook | S96: =O101 -> 0.53175457 | T96: =O103 -> 0.75080732 | U96: =O97 -> 0.17868676
A97: Never | B97: 61 | C97: 0.18541033 | D97: 3 | E97: 0.23076923 | F97: 17 | G97: 0.14655172 | H97: 118 | I97: 0.22692308 | J97: 33 | K97: 0.1375 | L97: 100 | M97: 0.15625 | N97: 332 | O97: 0.17868676 | R97: =A105 -> Pinterest | S97: =O110 -> 0.094124048 | T97: =O112 -> 0.22089227 | U97: =O106 -> 0.6648531
A98: Monthly | B98: 16 | C98: 0.048632219 | D98: 1 | E98: 0.076923077 | F98: 12 | G98: 0.10344828 | H98: 42 | I98: 0.080769231 | J98: 18 | K98: 0.075 | L98: 42 | M98: 0.065625 | N98: 131 | O98: 0.07050592 | R98: =A114 -> Google+ | S98: =O119 -> 0.19073569 | T98: =O121 -> 0.33405995 | U98: =O115 -> 0.55585831
A99: Once a week | B99: 26 | C99: 0.079027356 | D99: 1 | E99: 0.076923077 | F99: 10 | G99: 0.086206897 | H99: 39 | I99: 0.075 | J99: 23 | K99: 0.095833333 | L99: 46 | M99: 0.071875 | N99: 145 | O99: 0.078040904 | R99: =A123 -> YouTube | S99: =O128 -> 0.18726184 | T99: =O130 -> 0.64344039 | U99: =O124 -> 0.11921611
A100: 2+ days a week | B100: 52 | C100: 0.15805471 | D100: 2 | E100: 0.15384615 | F100: 17 | G100: 0.14655172 | H100: 69 | I100: 0.13269231 | J100: 36 | K100: 0.15 | L100: 86 | M100: 0.134375 | N100: 262 | O100: 0.14101184 | R100: =A132 -> Twitter | S100: =O137 -> 0.066120219 | T100: =O139 -> 0.13770492 | U100: =O133 -> 0.7989071
A101: Daily | B101: 174 | C101: 0.52887538 | D101: 6 | E101: 0.46153846 | F101: 60 | G101: 0.51724138 | H101: 252 | I101: 0.48461538 | J101: 130 | K101: 0.54166667 | L101: 366 | M101: 0.571875 | N101: 988 | O101: 0.53175457 | R101: =A141 -> Tumbir | S101: =O146 -> 0.035326087 | T101: =O148 -> 0.074456522 | U101: =O142 -> 0.88913043
A102: Total | B102: 329 | C102: 1 | D102: 13 | E102: 1 | F102: 116 | G102: 1 | H102: 520 | I102: 1 | J102: 240 | K102: 1 | L102: 640 | M102: 1 | N102: 1858 | O102: 1 | R102: =A150 -> Linkedin | S102: =O155 -> 0.01308615 | T102: =O157 -> 0.098146129 | U102: =O151 -> 0.75899673
A103: Once a week or more | C103: 0.76595745 | E103: 0.69230769 | G103: 0.75 | I103: 0.69230769 | K103: 0.7875 | M103: 0.778125 | O103: 0.75080732 | R103: =A159 -> Vine | S103: =O164 -> 0.025627045 | T103: =O166 -> 0.065430752 | U103: =O160 -> 0.91221374
R104: =A168 -> 2nd Life or other virtual worlds | S104: =O173 -> 0.0060175055 | T104: =O175 -> 0.018052516 | U104: =O169 -> 0.97538293
A105: Pinterest | B105: Boulder Cty | D105: Brighton | F105: CCCS Online | H105: Larimer | J105: FRCC Online | L105: Westminster | N105: Total | R105: =A177 -> Massive multi-player online games (World of Warcraft, etc.) | S105: =O182 -> 0.02828619 | T105: =O184 -> 0.077093733 | U105: =O178 -> 0.88463672
A106: Never | B106: 216 | C106: 0.66257669 | D106: 11 | E106: 0.84615385 | F106: 73 | G106: 0.64035088 | H106: 347 | I106: 0.67378641 | J106: 138 | K106: 0.58723404 | L106: 437 | M106: 0.68818898 | N106: 1222 | O106: 0.6648531
A107: Monthly | B107: 40 | C107: 0.12269939 | E107: 0 | F107: 11 | G107: 0.096491228 | H107: 63 | I107: 0.1223301 | J107: 31 | K107: 0.13191489 | L107: 65 | M107: 0.1023622 | N107: 210 | O107: 0.11425462
A108: Once a week | B108: 19 | C108: 0.058282209 | E108: 0 | F108: 5 | G108: 0.043859649 | H108: 28 | I108: 0.054368932 | J108: 16 | K108: 0.068085106 | L108: 41 | M108: 0.064566929 | N108: 109 | O108: 0.059303591
A109: 2+ days a week | B109: 24 | C109: 0.073619632 | E109: 0 | F109: 10 | G109: 0.087719298 | H109: 31 | I109: 0.060194175 | J109: 18 | K109: 0.076595745 | L109: 41 | M109: 0.064566929 | N109: 124 | O109: 0.067464635 | R109: Social Media Sites | S109: Daily | T109: Once a week or more | U109: Never
A110: Daily | B110: 27 | C110: 0.082822086 | D110: 2 | E110: 0.15384615 | F110: 15 | G110: 0.13157895 | H110: 46 | I110: 0.089320388 | J110: 32 | K110: 0.13617021 | L110: 51 | M110: 0.080314961 | N110: 173 | O110: 0.094124048 | R110: Facebook | S110: 0.53175457 | T110: 0.75080732 | U110: 0.17868676
A111: Total | B111: 326 | C111: 1 | D111: 13 | E111: 1 | F111: 114 | G111: 1 | H111: 515 | I111: 1 | J111: 235 | K111: 1 | L111: 635 | M111: 1 | N111: 1838 | O111: 1 | R111: Google+ | S111: 0.19073569 | T111: 0.33405995 | U111: 0.55585831
...
