Workbook

Sheet Summary
A1: Reference Database Statistics Summary
A2: 2009-2010
A4: * usage constrained by limitations on concurrent users
A5: Database Name | B5: Vendor / Platform | C5: COUNTER-compliant? | D5: Sessions | E5: Searches | F5: Searches, prev. yr | G5: % change | H5: Turnaways | I5: Successful full-text article requests | J5: 2009/10 Price | K5: Cost per Search
A6: ABI/INFORM Dateline | B6: ProQuest | C6: Yes | D6: =ProQuest!N9 -> 4422 | E6: =ProQuest!N8 -> 12816 | H6: 0 | I6: N/A | J6: 0 | K6: N/A
A7: ABI/INFORM Global | B7: ProQuest | C7: Yes | D7: =ProQuest!N15 -> 6822 | E7: =ProQuest!N14 -> 21757 | H7: 0 | I7: N/A | J7: =ProQuest!O14 -> 19320 | K7: =ProQuest!P14 -> 0.88799007
A8: ABI/INFORM Trade & Industry | B8: ProQuest | C8: Yes | D8: =ProQuest!N21 -> 3999 | E8: =ProQuest!N20 -> 11821 | H8: 0 | I8: N/A | J8: 0 | K8: N/A
A9: Abstracts in Anthropology | B9: MetaPress | C9: Yes (R3) | D9: N/A | E9: N/A | H9: N/A | I9: =MetaPress!N8 -> 7 | J9: 0 | K9: N/A
A10: Academic Search Complete (statewide database trial) | B10: EBSCOhost | C10: Yes | D10: =EBSCOhost!N8 -> 42231 | E10: =EBSCOhost!N9 -> 147063 | H10: 0 | I10: N/A | J10: 0 | K10: N/A
A11: Academic Search Premier | B11: EBSCOhost | C11: Yes | D11: =EBSCOhost!N14 -> 36892 | E11: =EBSCOhost!N15 -> 98126 | H11: 0 | I11: N/A | J11: =EBSCOhost!O15 -> 20953 | K11: =EBSCOhost!P15 -> 0.21353158
A12: ALA Guide to Reference | B12: ALA Editions | C12: No | D12: ='ALA Guide to Reference'!N8 -> 20 | E12: N/A | H12: N/A | I12: N/A | J12: ='ALA Guide to Reference'!O8 -> 1238 | K12: ='ALA Guide to Reference'!P8 -> 61.9
A13: Alternative Press Index | B13: FirstSearch | C13: Yes | D13: N/A | E13: =FirstSearch!N8 -> 31 | H13: 0 | I13: N/A | J13: N/A | K13: N/A
A14: Alternative Press Index Archive | B14: FirstSearch | C14: Yes | D14: N/A | E14: =FirstSearch!N13 -> 21 | H14: 0 | I14: N/A | J14: N/A | K14: N/A
A15: America History & Life | B15: EBSCOhost | C15: Yes | D15: =EBSCOhost!N20 -> 2097 | E15: =EBSCOhost!N21 -> 8962 | H15: 0 | I15: N/A | J15: =EBSCOhost!O21 -> 7881 | K15: =EBSCOhost!P21 -> 0.8793796
A16: American State Papers, 1789-1838 | B16: Newsbank | C16: Yes (R2) | D16: N/A | E16: =Newsbank!N8 -> 16 | H16: 0 | I16: N/A | J16: 0 | K16: N/A
A17: ARBA Online | B17: Greenwood Press | C17: Yes (R2) | D17: =Greenwood!N9 -> 21 | E17: =Greenwood!N8 -> 7 | H17: 0 | I17: N/A | J17: =Greenwood!O8 -> 338 | K17: =Greenwood!P8 -> 48.285714
A18: Art Abstracts | B18: WilsonWeb | C18: Yes (R2) | D18: =WilsonWeb!N8 -> 540 | E18: =WilsonWeb!N9 -> 1813 | H18: =WilsonWeb!N11 -> N/A | I18: N/A | J18: =WilsonWeb!O9 -> 6291 | K18: =WilsonWeb!P9 -> 3.4699393
A19: Art Index Retrospective* | B19: WilsonWeb | C19: Yes (R2) | D19: =WilsonWeb!N16 -> 137 | E19: =WilsonWeb!N17 -> 403 | H19: =WilsonWeb!N18 -> 0 | I19: N/A | J19: 0 | K19: N/A
A20: ArticleFirst* | B20: FirstSearch | C20: Yes | D20: =FirstSearch!N18 -> 1066 | E20: =FirstSearch!N19 -> 4271 | H20: =FirstSearch!N21 -> 46 | I20: N/A | J20: 0 | K20: N/A
A21: ARTstor | B21: ArtSTOR | C21: No | D21: =ARTstor!N9 -> 4325 | E21: N/A | H21: N/A | I21: N/A | J21: =ARTstor!O8 -> 13102.5 | K21: N/A
A22: ASFA 1 (Biosciences...) | B22: CSA | C22: Yes (R3) | D22: N/A | E22: =CSA!N13 -> 1855 | H22: 0 | I22: N/A | J22: 0 | K22: N/A
A23: ASFA 2 (Ocean Technology...) | B23: CSA | C23: Yes (R3) | D23: N/A | E23: =CSA!N18 -> 797 | H23: 0 | I23: N/A | J23: 0 | K23: N/A
A24: ASFA 3 (Aquatic Pollution...) | B24: CSA | C24: Yes (R3) | D24: N/A | E24: =CSA!N23 -> 1396 | H24: 0 | I24: N/A | J24: 0 | K24: N/A
A25: ASFA Aquaculture Abstracts | B25: CSA | C25: Yes (R3) | D25: N/A | E25: =CSA!N28 -> 1262 | H25: 0 | I25: N/A | J25: 0 | K25: N/A
A26: ASFA Marine Biotechnology Abstracts | B26: CSA | C26: Yes (R3) | D26: N/A | E26: =CSA!N33 -> 1130 | H26: 0 | I26: N/A | J26: 0 | K26: N/A
A27: ASFA: Aquatic Science & Fisheries Abstracts (all) | B27: CSA | C27: Yes (R3) | D27: N/A | E27: =CSA!N8 -> 6387 | H27: 0 | I27: N/A | J27: =CSA!O8 -> 8265 | K27: =CSA!P8 -> 1.2940348
A28: Bacteriology Abstracts (Microbiology B) | B28: CSA | C28: Yes (R3) | D28: N/A | E28: =CSA!N38 -> 175 | H28: N/A | I28: N/A | J28: 0 | K28: N/A
A29: Biography Index Retrospective* | B29: WilsonWeb | C29: Yes (R2) | D29: N/A | E29: N/A | H29: N/A | I29: N/A | J29: =WilsonWeb!O25 -> 5656 | K29: N/A
A30: Biological Abstracts | B30: Ovid | C30: Yes (R3) | D30: =OVID!N9 -> 11 | E30: =OVID!N8 -> 18 | H30: =OVID!N10 -> 0 | I30: N/A | J30: 0 | K30: N/A
A31: Biological & Agricultural Index Plus | B31: WilsonWeb | C31: Yes (R2) | D31: =WilsonWeb!N32 -> 459 | E31: =WilsonWeb!N33 -> 1099 | H31: =WilsonWeb!N34 -> 0 | I31: N/A | J31: =WilsonWeb!O33 -> 3514.5 | K31: =WilsonWeb!P33 -> 3.1979072
A32: BIOSIS Previews | B32: Ovid | C32: Yes | D32: =OVID!N16 -> 2 | E32: =OVID!N15 -> 2 | H32: =OVID!N17 -> 0 | I32: N/A | J32: 0 | K32: N/A
A33: BIOSIS Previews | B33: Web of Science | C33: Yes | D33: =WebofScience!N8 -> 419 | E33: =WebofScience!N9 -> 1420 | H33: 0 | I33: N/A | J33: 0 | K33: N/A
A34: Biotechnology Research Abstracts | B34: CSA | C34: Yes (R3) | D34: N/A | E34: =CSA!N43 -> 205 | H34: 0 | I34: N/A | J34: 0 | K34: N/A
A35: Book Review Digest Retrospective* | B35: WilsonWeb | C35: Yes (R2) | D35: N/A | E35: N/A | H35: N/A | I35: N/A | J35: =WilsonWeb!O41 -> 9292 | K35: N/A
A36: CIAO | B36: CIAO | C36: No | D36: =CIAO!N9 -> 81 | E36: =CIAO!N10 -> 180 | H36: N/A | I36: =CIAO!N8 -> 51 | J36: =CIAO!O8 -> 1035 | K36: N/A
A37: CINAHL | B37: EBSCOhost | C37: Yes | D37: =EBSCOhost!N26 -> 12480 | E37: =EBSCOhost!N27 -> 63680 | H37: 0 | I37: N/A | J37: =EBSCOhost!O27 -> 5870 | K37: =EBSCOhost!P27 -> 0.092179648
A38: Clase and Periodica* | B38: FirstSearch | C38: Yes | D38: =FirstSearch!N26 -> 55 | E38: =FirstSearch!N27 -> 64 | H38: =FirstSearch!N29 -> 0 | I38: N/A | J38: 0 | K38: N/A
A39: Cochrane Library | B39: Wiley InterScience | C39: No | D39: =Cochrane!N8 -> 1746 | E39: =Cochrane!N9 -> 495 | H39: N/A | I39: N/A | J39: =Cochrane!O9 -> 3241 | K39: N/A
A40: ComDisDome | B40: CSA | C40: Yes (R3) | D40: N/A | E40: =CSA!N48 -> 3215 | I40: N/A | J40: =CSA!O48 -> 2730 | K40: =CSA!P48 -> 0.84914463
A41: Communication Abstracts | B41: CSA | C41: Yes (R3) | D41: N/A | E41: =CSA!N53 -> 5507 | H41: 0 | I41: N/A | J41: =CSA!O53 -> 3025 | K41: =CSA!P53 -> 0.54930089
A42: Compendex (EI) | B42: EI | C42: Yes | D42: ='Compendex(EI)'!N8 -> 1297 | E42: ='Compendex(EI)'!N9 -> 6018 | H42: ='Compendex(EI)'!N11 -> 0 | I42: N/A | J42: ='Compendex(EI)'!O9 -> 16877 | K42: ='Compendex(EI)'!P9 -> 2.8044201
A43: Conference Papers Index | B43: CSA | C43: Yes (R3) | D43: N/A | E43: =CSA!N58 -> 139 | I43: N/A | J43: 0 | K43: N/A
A44: CQ Researcher* | B44: CQ | C44: Yes | D44: ='CQ Researcher'!N8 -> 847 | E44: ='CQ Researcher'!N9 -> 1027 | H44: ='CQ Researcher'!N11 -> 0 | I44: ='CQ Researcher'!N10 -> 1381 | J44: ='CQ Researcher'!O9 -> 1694 | K44: ='CQ Researcher'!P9 -> 1.6494645
A45: CrossSearch | B45: Web of Science | C45: Yes | D45: =WebofScience!N14 -> 9198 | E45: =WebofScience!N15 -> 7984 | H45: 0 | I45: N/A | J45: 0 | K45: N/A
A46: CSA (all databases) | B46: CSA | C46: Yes (R3) | D46: =CSA!N208 -> 19990 | E46: =CSA!N209 -> 101321 | H46: 0 | I46: N/A | J46: =CSA!O209 -> 71187.8 | K46: =CSA!P209 -> 0.7025967
A47: Dissertations & Theses | B47: ProQuest | C47: Yes | D47: N/A | E47: =ProQuest!N26 -> 12614 | H47: 0 | I47: N/A | J47: 0 | K47: N/A
A48: Dissertations & Theses @ University of Rhode Island | B48: ProQuest | C48: Yes | D48: =ProQuest!N38 -> 4385 | E48: =ProQuest!N37 -> 12571 | H48: 0 | I48: N/A | J48: 0 | K48: N/A
A49: Dissertations & Theses: A&I | B49: ProQuest | C49: Yes | D49: =ProQuest!N32 -> 4110 | E49: =ProQuest!N31 -> 11834 | H49: 0 | I49: N/A | J49: =ProQuest!O31 -> 6010 | K49: =ProQuest!P31 -> 0.50785871
A50: EBSCOhost (all databases) | B50: EBSCOhost | C50: Yes | D50: =EBSCOhost!N156 -> 13035 | E50: =EBSCOhost!N157 -> 37357 | H50: N/A | I50: N/A | J50: =EBSCOhost!O193 -> 115921 | K50: N/A
A51: Ecology Abstracts | B51: CSA | C51: Yes (R3) | D51: N/A | E51: =CSA!N68 -> 198 | H51: 0 | I51: N/A | J51: 0 | K51: N/A
A52: EconLit | B52: EBSCOhost | C52: Yes | D52: =EBSCOhost!N32 -> 1977 | E52: =EBSCOhost!N33 -> 9011 | H52: 0 | I52: N/A | J52: =EBSCOhost!O33 -> 3255 | K52: =EBSCOhost!P33 -> 0.36122517
A53: Education Full Text | B53: Wilson Web | C53: Yes (R2) | D53: =WilsonWeb!N48 -> 3568 | E53: =WilsonWeb!N49 -> 12786 | H53: =WilsonWeb!N50 -> 151 | I53: N/A | J53: =WilsonWeb!O49 -> 6340.5 | K53: =WilsonWeb!P49 -> 0.49589395
A54: Education Index Retrospective* | B54: WilsonWeb | C54: Yes (R2) | D54: =WilsonWeb!N56 -> 177 | E54: =WilsonWeb!N57 -> 798 | H54: =WilsonWeb!N58 -> 184 | I54: N/A | J54: 0 | K54: N/A
A55: EIS: Digests of Environmental Impact Statements | B55: CSA | C55: Yes (R3) | D55: N/A | E55: =CSA!N63 -> 1207 | H55: 0 | I55: N/A | J55: 0 | K55: N/A
A56: EMBASE.COM | B56: Elsevier | C56: No | D56: =EMBASE!N8 -> 1820 | E56: =EMBASE!N9 -> 6561 | H56: 0 | I56: N/A | J56: =EMBASE!O9 -> 10927 | K56: =EMBASE!P9 -> 1.6654473
A57: Encyclopedia of Ocean Sciences | B57: Elsevier | C57: No | D57: N/A | E57: N/A | H57: 0 | I57: N/A | J57: =Elsevier!O8 -> 727.65 | K57: =Elsevier!P8 -> 14.553
A58: Encyclopedia of Ocean Sciences, 2nd ed. | B58: Elsevier | C58: No | D58: N/A | E58: N/A | H58: 0 | I58: N/A | J58: =Elsevier!O13 -> 2970.75 | K58: =Elsevier!P13 -> 41.841549
A59: EndNote Web | B59: Web of Science | C59: No | D59: =WebofScience!N31 -> 107 | E59: =WebofScience!N36 -> 60 | H59: 0 | I59: N/A | J59: 0 | K59: N/A
A60: Environment Abstracts | B60: CSA | C60: Yes (R3) | D60: N/A | E60: =CSA!N73 -> 1705 | H60: 0 | I60: N/A | J60: =CSA!O73 -> 4900.8 | K60: =CSA!P73 -> 2.8743695
A61: Environmental Engineering Abstracts | B61: CSA | C61: Yes (R3) | D61: N/A | E61: =CSA!N78 -> 156 | H61: 0 | I61: N/A | J61: 0 | K61: N/A
A62: Environmental Sciences and Pollution Management | B62: CSA | C62: Yes (R3) | D62: N/A | E62: =CSA!N83 -> 195 | H62: 0 | I62: N/A | J62: 0 | K62: N/A
A63: ERIC | B63: EBSCOhost | C63: Yes | D63: =EBSCOhost!N13 -> 0 | E63: =EBSCOhost!N14 -> 36892 | I63: N/A | J63: 0 | K63: N/A
A64: ERIC | B64: CSA | C64: Yes (R3) | D64: N/A | E64: =CSA!N88 -> 3468 | H64: 0 | I64: N/A | J64: 0 | K64: N/A
A65: ERIC* | B65: WilsonWeb | C65: Yes (R2) | D65: =WilsonWeb!N64 -> 2392 | E65: =WilsonWeb!N65 -> 9991 | H65: =WilsonWeb!N66 -> 0 | I65: N/A | J65: 0 | K65: N/A
A66: ERIC* | B66: FirstSearch | C66: Yes | D66: =FirstSearch!N34 -> 621 | E66: =FirstSearch!N35 -> 1122 | H66: =FirstSearch!N37 -> 9 | I66: N/A | J66: 0 | K66: N/A
A67: Film & Television Literature Index | B67: EBSCOhost | C67: Yes | D67: =EBSCOhost!N22 -> 0 | E67: =EBSCOhost!N23 -> 0 | H67: 0 | I67: N/A | J67: =EBSCOhost!O45 -> 1404 | K67: =EBSCOhost!P45 -> 0.2025974
A68: FirstSearch (“per-search” block searches) | B68: FirstSearch | C68: Yes | D68: N/A | E68: =FirstSearch!N136 -> 80 | H68: N/A | I68: N/A | J68: N/A | K68: N/A
A69: FirstSearch (all databases) | B69: FirstSearch | C69: Yes | D69: =FirstSearch!N128 -> 8246 | E69: =FirstSearch!N129 -> 25442 | H69: =FirstSearch!N131 -> 940 | I69: N/A | J69: =FirstSearch!O129 -> 9606.4 | K69: =FirstSearch!P129 -> 0.37758038
A70: FSTA Food Science & Technology Abstracts* | B70: EBSCOhost | C70: Yes | D70: =EBSCOhost!N50 -> 1347 | E70: =EBSCOhost!N51 -> 5495 | H70: =EBSCOhost!N33 -> 9011 | I70: N/A | J70: =EBSCOhost!O51 -> 6919 | K70: =EBSCOhost!P51 -> 1.2591447
A71: Funk & Wagnall's New World Encyclopedia | B71: EBSCOhost | C71: Yes | D71: =EBSCOhost!N38 -> 1560 | E71: =EBSCOhost!N39 -> 8708 | H71: 0 | I71: N/A | J71: 0 | K71: N/A
A72: GEOBASE | B72: FirstSearch | C72: Yes | D72: N/A | E72: =FirstSearch!N42 -> 28 | H72: 0 | I72: N/A | J72: N/A | K72: N/A
A73: GeoRef | B73: CSA | C73: Yes (R3) | D73: N/A | E73: =CSA!N93 -> 2291 | H73: 0 | I73: N/A | J73: =CSA!O93 -> 6412 | K73: =CSA!P93 -> 2.7987778
A74: GeoRef in Process | B74: CSA | C74: Yes (R3) | D74: N/A | E74: =CSA!N98 -> 1141 | H74: 0 | I74: N/A | J74: 0 | K74: N/A
A75: GPO Monthly Catalog* | B75: FirstSearch | C75: Yes | D75: =FirstSearch!N47 -> 101 | E75: =FirstSearch!N48 -> 166 | H75: =FirstSearch!N57 -> 0 | I75: N/A | J75: 0 | K75: N/A
A76: GreenFILE | B76: EBSCOhost | C76: Yes | D76: =EBSCOhost!N64 -> 1207 | E76: =EBSCOhost!N65 -> 5862 | H76: 0 | I76: N/A | J76: 0 | K76: N/A
A77: Grove Music Online | B77: Oxford | C77: No | D77: =Oxford!N8 -> 472 | E77: =Oxford!N10 -> 981 | H77: =Oxford!N11 -> 382 | I77: =Oxford!N9 -> 1135 | J77: =Oxford!O10 -> 1597.5 | K77: =Oxford!P10 -> 1.6284404
A78: Health and Safety Science Abstracts | B78: CSA | C78: Yes (R3) | D78: N/A | E78: =CSA!N103 -> 648 | H78: 0 | I78: N/A | J78: 0 | K78: N/A
A79: Health Source: Nursing/Academic Edition (statewide database trial) | B79: EBSCOhost | C79: Yes | D79: =EBSCOhost!N70 -> 4944 | E79: =EBSCOhost!N71 -> 14591 | H79: 0 | I79: N/A | J79: 0 | K79: N/A
A80: Historical Abstracts | B80: EBSCOhost | C80: Yes | D80: =EBSCOhost!N76 -> 1450 | E80: =EBSCOhost!N77 -> 7794 | H80: 0 | I80: N/A | J80: =EBSCOhost!O77 -> 7881 | K80: =EBSCOhost!P77 -> 1.0111624
A81: History Reference Center (statewide database trial) | B81: EBSCOhost | C81: Yes | D81: =EBSCOhost!N82 -> 1665 | E81: =EBSCOhost!N83 -> 7175 | H81: 0 | I81: N/A | J81: 0 | K81: N/A
A82: Humanities & Social Sciences Index Retrospective* | B82: WilsonWeb | C82: Yes (R2) | D82: =WilsonWeb!N72 -> 543 | E82: =WilsonWeb!N73 -> 1519 | H82: =WilsonWeb!N74 -> 0 | I82: N/A | J82: 0 | K82: N/A
A83: ICPSR | B83: ICPSR (Univ. Mich.) | C83: No | D83: N/A | E83: N/A | H83: =ICPSR!N9 -> 1006 | I83: N/A | J83: =ICPSR!O8 -> 8750 | K83: =ICPSR!P9 -> 8.6978131
A84: Industrial and Applied Microbiology Abstracts (Microbiology A) | B84: CSA | C84: Yes (R3) | D84: N/A | E84: =CSA!N108 -> 194 | H84: 0 | I84: N/A | J84: 0 | K84: N/A
A85: INSPEC Current | B85: EBSCOhost | C85: Yes | D85: =EBSCOhost!N88 -> 1309 | E85: =EBSCOhost!N89 -> 6323 | H85: 0 | I85: N/A | J85: =EBSCOhost!O89 -> 31302 | K85: =EBSCOhost!P89 -> 4.9504982
A86: International Pharmaceutical Abstracts | B86: CSA | C86: Yes (R3) | D86: N/A | E86: =CSA!N113 -> 1418 | H86: 0 | I86: N/A | J86: =CSA!O113 -> 3710 | K86: =CSA!P113 -> 2.6163611
A87: Journals@Ovid Full Text | B87: Ovid | C87: Yes (R3) | D87: =OVID!N30 -> 5277 | E87: =OVID!N29 -> 5885 | I87: N/A | J87: 0 | K87: N/A
A88: KCDL Online | B88: KCDL Online | C88: No | D88: N/A | E88: =KCDL!N8 -> 130 | H88: =OVID!N31 -> 0 | I88: N/A | J88: =KCDL!O8 -> 1850 | K88: =KCDL!P8 -> 14.230769
A89: Lexi-Comp Online | B89: Lexi-Comp | C89: No | D89: ='Lexi-Comp'!N8 -> 6690 | E89: ='Lexi-Comp'!N9 -> 14397 | H89: 0 | I89: N/A | J89: 0 | K89: N/A
A90: LexisNexis Academic | B90: LexisNexis | C90: Yes (R3) | D90: =LexisNexis!N8 -> 32513 | E90: =LexisNexis!N9 -> 25057 | H90: 0 | I90: N/A | J90: =LexisNexis!O9 -> 25295.63 | K90: =LexisNexis!P9 -> 1.0095235
A91: LexisNexis Congressional | B91: LexisNexis | C91: Yes (R3) | D91: =LexisNexis!N14 -> 265 | E91: =LexisNexis!N15 -> 821 | H91: 0 | I91: N/A | J91: N/A | K91: N/A
A92: Library Literature & Information Science Retrospective* | B92: WilsonWeb | C92: Yes (R2) | D92: N/A | E92: N/A | H92: N/A | I92: N/A | J92: =WilsonWeb!O81 -> 9292 | K92: N/A
A93: Library, Info Sci & Tech Abstracts (NO full text) | B93: EBSCOhost | C93: Yes | D93: =EBSCOhost!N94 -> 1508 | E93: =EBSCOhost!N95 -> 7456 | H93: 0 | I93: N/A | J93: 0 | K93: N/A
A94: Library, Info Sci & Tech Abstracts w/ full text | B94: EBSCOhost | C94: Yes | D94: =EBSCOhost!N100 -> 5890 | E94: =EBSCOhost!N101 -> 25267 | H94: 0 | I94: N/A | J94: =EBSCOhost!O101 -> 2660 | K94: =EBSCOhost!P101 -> 0.10527566
A95: Literature Resource Center | B95: InfoTrac | C95: Yes | D95: =InfoTrac!N9 -> 3541 | E95: =InfoTrac!N8 -> 6033 | H95: =InfoTrac!N47 -> 0 | I95: N/A | J95: =InfoTrac!O8 -> 1986 | K95: =InfoTrac!P8 -> 0.32918946
A96: Los Angeles Times | B96: ProQuest | C96: Yes | D96: =ProQuest!N44 -> 1504 | E96: =ProQuest!N43 -> 4971 | H96: 0 | I96: N/A | J96: 0 | K96: N/A
A97: MAS Ultra – School edition | B97: EBSCOhost | C97: Yes | D97: =EBSCOhost!N106 -> 1250 | E97: =EBSCOhost!N107 -> 5938 | H97: 0 | I97: N/A | J97: 0 | K97: N/A
A98: MasterFILE Premier (statewide database trial) | B98: EBSCOhost | C98: Yes | D98: =EBSCOhost!N112 -> 3006 | E98: =EBSCOhost!N113 -> 7688 | H98: 0 | I98: N/A | J98: 0 | K98: N/A
A99: MathSciNet | B99: American Mathematical Society | C99: No | D99: =MathSciNet!N8 -> 9131 | E99: =MathSciNet!N9 -> 13611 | H99: 0 | I99: N/A | J99: N/A | K99: N/A
A100: MEDLINE (free) | B100: OVID | C100: Yes (R3) | D100: =OVID!N23 -> 6 | E100: =OVID!N22 -> 8 | H100: =OVID!N24 -> 0 | I100: N/A | J100: 0 | K100: N/A
A101: MEDLINE (free) | B101: EBSCOhost | C101: Yes | D101: =EBSCOhost!N118 -> 1483 | E101: =EBSCOhost!N119 -> 7659 | H101: 0 | I101: N/A | J101: 0 | K101: N/A
...

Sheet ALA Guide to Reference
A1: ALA Guide to Reference
A2: 2009-2010
A4: COUNTER-Compliant?: | B4: No
B6: Jul-2009 | C6: Aug-2009 | D6: Sep-2009 | E6: Oct-2009 | F6: Nov-2009 | G6: Dec-2009 | H6: Jan-2010 | I6: Feb-2010 | J6: Mar-2010 | K6: Apr-2010 | L6: May-2010 | M6: Jun-2010 | N6: Total | O6: 2009-2010 price | P6: Price per unit
A7: ALA Guide to Reference
A8: Logins | B8: 2 | C8: 0 | D8: 3 | E8: 3 | F8: 0 | G8: 0 | H8: 2 | I8: 4 | J8: 4 | K8: 0 | L8: 2 | M8: 0 | N8: =SUM(B8:M8) -> 20 | O8: 1238 | P8: =O8/N8 -> 61.9

Sheet ARTstor
A1: ARTstor
A2: 2009-2010
A4: COUNTER-Compliant?: | B4: No
B6: 39995 | C6: 40026 | D6: 40057 | E6: 40087 | F6: 40118 | G6: 40148 | H6: 40179 | I6: 40210 | J6: 40238 | K6: 40269 | L6: 40299 | M6: 40330 | N6: Total | O6: 2009-2010 Price | P6: Price per unit
A7: ARTstor
A8: Events | B8: 61 | C8: 652 | D8: 16228 | E8: 9213 | F8: 26169 | G8: 23414 | H8: 6426 | I8: 29391 | J8: 21204 | K8: 12044 | L8: 17110 | M8: 2254 | N8: =SUM(B8:M8) -> 164166 | O8: 13102.5 | P8: =O8/N8 -> 0.079812507
A9: Sessions | B9: 8 | C9: 15 | D9: 416 | E9: 574 | F9: 517 | G9: 483 | H9: 83 | I9: 729 | J9: 649 | K9: 413 | L9: 410 | M9: 28 | N9: =SUM(B9:M9) -> 4325 | O9: 13102.5 | P9: =O9/N9 -> 3.0294798
A10: Users | B10: 1 | C10: 3 | D10: 165 | E10: 190 | F10: 176 | G10: n/a | H10: n/a | I10: n/a | J10: n/a | K10: n/a | L10: n/a | M10: n/a | N10: =SUM(B10:M10) -> 535 | O10: 13102.5 | P10: =O10/N10 -> 24.490654
A11: Minutes | B11: 1413 | C11: 2644 | D11: 23186 | E11: 11569 | G11: n/a | H11: n/a | I11: n/a | J11: n/a | K11: n/a | L11: n/a | M11: n/a | N11: =SUM(B11:M11) -> 38812 | O11: 13102.5 | P11: =O11/N11 -> 0.33758889
A12: Registrations | D12: 157 | E12: 45 | F12: 17 | G12: 11 | H12: 3 | I12: 171 | J12: 24 | K12: 5 | L12: 7 | M12: 0 | N12: =SUM(B12:M12) -> 440 | O12: 13102.5 | P12: =O12/N12 -> 29.778409
A15: Events: | B15: Number of events.
A17: Sessions: | B17: Number of sessions.
A19: Users: | B19: Number of unique users who logged in during the time period. All users who did not log in are counted as one additional users. The numbers of monthly users are not additive, i.e. the sum of monthly users is not equal to the total number of unique users for all time.
A21: Minutes: | B21: Total minutes used by all sessions.
A23: Registrations: | B23: Number of new registrations.

Sheet CIAO
A1: CIAO
A2: 2009-2010
A4: COUNTER-Compliant?: | B4: No
B6: 39995 | C6: 40026 | D6: 40057 | E6: 40087 | F6: 40118 | G6: 40148 | H6: 40179 | I6: 40210 | J6: 40238 | K6: 40269 | L6: 40299 | M6: 40330 | N6: Total | O6: 2009-2010 Price | P6: Price per unit
A7: CIAO
A8: No of Visitors | B8: 1 | C8: 6 | D8: 7 | E8: 12 | F8: 8 | G8: 9 | H8: 4 | I8: 2 | J8: 2 | K8: 0 | L8: 0 | M8: 0 | N8: =SUM(B8:M8) -> 51 | O8: 1035 | P8: =O8/N8 -> 20.294118
A9: No of Visits | B9: 2 | C9: 9 | D9: 15 | E9: 13 | F9: 16 | G9: 13 | H9: 9 | I9: 2 | J9: 2 | K9: 0 | L9: 0 | M9: 0 | N9: =SUM(B9:M9) -> 81 | O9: 1035 | P9: =O9/N9 -> 12.777778
A10: No of Views | B10: 6 | C10: 44 | D10: 51 | E10: 25 | F10: 18 | G10: 14 | H10: 16 | I10: 2 | J10: 4 | K10: 0 | L10: 0 | M10: 0 | N10: =SUM(B10:M10) -> 180 | O10: 1035 | P10: =O10/N10 -> 5.75
A11: No of Google Searches | B11: 0 | C11: 0 | D11: 0 | E11: 0 | F11: 0 | G11: 0 | H11: 0 | I11: 0 | J11: 0 | K11: 0 | L11: 0 | M11: 0 | N11: =SUM(B11:M11) -> 0 | O11: 1035 | P11: N/A
A12: Articles Viewed | B12: 6 | C12: 36 | D12: 37 | E12: 16 | F12: 14 | G12: 4 | H12: 9 | I12: 1 | J12: 2 | K12: 0 | L12: 0 | M12: 0 | N12: =SUM(B12:M12) -> 125 | O12: 1035 | P12: =O12/N12 -> 8.28
A13: Average Visit Duration | B13: 9 min 21 sec | C13: 9 min 24 sec | D13: 4 min 51 sec | E13: 35 sec | F13: 21 sec | G13: 10 sec | H13: 1 min 15 sec | I13: n/a | J13: 18 sec | K13: n/a | L13: n/a | M13: n/a | N13: —

Sheet Cochrane
A1: Cochrane Library (Wiley)
A2: 2009-2010
A4: COUNTER-Compliant?: | B4: No
B6: 39995 | C6: 40026 | D6: 40057 | E6: 40087 | F6: 40118 | G6: 40148 | H6: 40179 | I6: 40210 | J6: 40238 | K6: 40269 | L6: 40299 | M6: 40330 | N6: Total | O6: 2009-2010 Price | P6: Price per unit
A7: Cochrane Library
A8: User Sessions | B8: 80 | C8: 30 | D8: 141 | E8: 199 | F8: 278 | G8: 90 | H8: 51 | I8: 200 | J8: 266 | K8: 291 | L8: 46 | M8: 74 | N8: =SUM(B8:M8) -> 1746
A9: Searches (Total) | B9: 19 | C9: 8 | D9: 127 | E9: 66 | F9: 102 | G9: 10 | H9: 8 | I9: 19 | J9: 62 | K9: 60 | L9: 6 | M9: 8 | N9: =SUM(B9:M9) -> 495 | O9: 3241 | P9: =O9/N9 -> 6.5474747
A10: Full-Text (Total) | B10: 33 | C10: 27 | D10: 52 | E10: 145 | F10: 211 | G10: 56 | H10: 28 | I10: 62 | J10: 176 | K10: 215 | L10: 38 | M10: 62 | N10: =SUM(B10:M10) -> 1105 | O10: 3241 | P10: =O10/N10 -> 2.9330317
A11: Access Denied | B11: 0 | C11: 0 | D11: 0 | E11: 0 | F11: 0 | G11: 0 | H11: 0 | I11: 139 | J11: 0 | K11: 0 | L11: 0 | M11: 0 | N11: =SUM(B11:M11) -> 139

Sheet Compendex(EI)
A1: Compendex (Engineering Index)
A2: 2009-2010
A4: COUNTER-Compliant?: | B4: Yes (R2)
B6: 39995 | C6: 40026 | D6: 40057 | E6: 40087 | F6: 40118 | G6: 40148 | H6: 40179 | I6: 40210 | J6: 40238 | K6: 40269 | L6: 40299 | M6: 40330 | N6: Total | O6: 2009-2010 Price | P6: Price per unit
A7: Compendex
A8: Sessions | B8: 55 | C8: 27 | D8: 69 | E8: 91 | F8: 435 | G8: 61 | H8: 19 | I8: 44 | J8: 74 | K8: 67 | L8: 188 | M8: 167 | N8: =SUM(B8:M8) -> 1297
A9: Searches | B9: 163 | C9: 67 | D9: 251 | E9: 385 | F9: 4112 | G9: 243 | H9: 77 | I9: 186 | J9: 228 | K9: 222 | L9: 38 | M9: 46 | N9: =SUM(B9:M9) -> 6018 | O9: 16877 | P9: =O9/N9 -> 2.8044201

Sheet CQ Researcher
A1: CQ Researcher
A2: 2009-2010
A4: COUNTER-compliant? | B4: Yes
B6: 39995 | C6: 40026 | D6: 40057 | E6: 40087 | F6: 40118 | G6: 40148 | H6: 40179 | I6: 40210 | J6: 40238 | K6: 40269 | L6: 40299 | M6: 40330 | N6: Total | O6: 2009-2010 Price | P6: Price per unit
A7: CQ Researcher
A8: Sessions | B8: 40 | C8: 2 | D8: 69 | E8: 139 | F8: 133 | G8: 67 | H8: 11 | I8: 100 | J8: 105 | K8: 145 | L8: 18 | M8: 18 | N8: =SUM(B8:M8) -> 847
A9: Searches | B9: 84 | C9: 3 | D9: 99 | E9: 140 | F9: 176 | G9: 56 | H9: 13 | I9: 98 | J9: 116 | K9: 203 | L9: 11 | M9: 28 | N9: =SUM(B9:M9) -> 1027 | O9: 1694 | P9: =O9/N9 -> 1.6494645
A10: Full Text Downloads | B10: 64 | C10: 3 | D10: 139 | E10: 195 | F10: 233 | G10: 78 | H10: 11 | I10: 195 | J10: 156 | K10: 265 | L10: 17 | M10: 25 | N10: =SUM(B10:M10) -> 1381 | O10: 1694 | P10: =O10/N10 -> 1.2266474
A11: Turnaways | B11: 0 | C11: 0 | D11: 0 | E11: 0 | F11: 0 | G11: 0 | H11: 0 | I11: 0 | J11: 0 | K11: 0 | L11: 0 | M11: 0 | N11: =SUM(B11:M11) -> 0
A13: SIMULTANEOUS USERS: | B13: 10

Sheet CSA
A1: CSA Databases
A2: 2009-2010
A4: COUNTER-Compliant?: | B4: Yes (R3)
B6: 39995 | C6: 40026 | D6: 40057 | E6: 40087 | F6: 40118 | G6: 40148 | H6: 40179 | I6: 40210 | J6: 40238 | K6: 40269 | L6: 40299 | M6: 40330 | N6: Total | O6: 2009-2010 Price | P6: Price per unit
A7: ASFA (all)
A8: Searches | B8: =282+355 -> 637 | C8: =205+173 -> 378 | D8: =299+512 -> 811 | E8: =320+561 -> 881 | F8: =131+444 -> 575 | G8: 648 | H8: 145 | I8: 626 | J8: 636 | K8: 483 | L8: 205 | M8: 362 | N8: =SUM(B8:M8) -> 6387 | O8: 8265 | P8: =O8/N8 -> 1.2940348
B11: 39995 | C11: 40026 | D11: 40057 | E11: 40087 | F11: 40118 | G11: 40148 | H11: 40179 | I11: 40210 | J11: 40238 | K11: 40269 | L11: 40299 | M11: 40330 | N11: Total | O11: 2009-2010 Price | P11: Price per unit
A12: ASFA 1 (Biosciences...)
A13: Searches | B13: =34+57 -> 91 | C13: =18+57 -> 75 | D13: =43+124 -> 167 | E13: =21+206 -> 227 | F13: =7+140 -> 147 | G13: 94 | H13: 40 | I13: 296 | J13: 262 | K13: 279 | L13: 68 | M13: 109 | N13: =SUM(B13:M13) -> 1855 | O13: 0 | P13: N/A
B16: 39995 | C16: 40026 | D16: 40057 | E16: 40087 | F16: 40118 | G16: 40148 | H16: 40179 | I16: 40210 | J16: 40238 | K16: 40269 | L16: 40299 | M16: 40330 | N16: Total | O16: 2009-2010 Price | P16: Price per unit
A17: ASFA 2 (Ocean Technology…)
A18: Searches | B18: 23 | C18: 11 | D18: 61 | E18: 64 | F18: 45 | G18: 37 | H18: 19 | I18: 133 | J18: 122 | K18: 174 | L18: 34 | M18: 74 | N18: =SUM(B18:M18) -> 797 | O18: 0 | P18: N/A
B21: 39995 | C21: 40026 | D21: 40057 | E21: 40087 | F21: 40118 | G21: 40148 | H21: 40179 | I21: 40210 | J21: 40238 | K21: 40269 | L21: 40299 | M21: 40330 | N21: Total | O21: 2009-2010 Price | P21: Price per unit
A22: ASFA 3 (Aquatic Pollution…)
A23: Searches | B23: =34+33 -> 67 | C23: =18+11 -> 29 | D23: =43+91 -> 134 | E23: =21+116 -> 137 | F23: =7+101 -> 108 | G23: 55 | H23: 19 | I23: 210 | J23: 212 | K23: 267 | L23: 67 | M23: 91 | N23: =SUM(B23:M23) -> 1396 | O23: 0 | P23: N/A
B26: 39995 | C26: 40026 | D26: 40057 | E26: 40087 | F26: 40118 | G26: 40148 | H26: 40179 | I26: 40210 | J26: 40238 | K26: 40269 | L26: 40299 | M26: 40330 | N26: Total | O26: 2009-2010 Price | P26: Price per unit
A27: ASFA Aquaculture Abstracts
A28: Searches | B28: =34+31 -> 65 | C28: =18+11 -> 29 | D28: =43+82 -> 125 | E28: =21+115 -> 136 | F28: =7+55 -> 62 | G28: 78 | H28: 22 | I28: 190 | J28: 196 | K28: 220 | L28: 56 | M28: 83 | N28: =SUM(B28:M28) -> 1262 | O28: 0 | P28: N/A
B31: 39995 | C31: 40026 | D31: 40057 | E31: 40087 | F31: 40118 | G31: 40148 | H31: 40179 | I31: 40210 | J31: 40238 | K31: 40269 | L31: 40299 | M31: 40330 | N31: Total | O31: 2009-2010 Price | P31: Price per unit
A32: ASFA Marine Biotechnology Abstracts
A33: Searches | B33: =34+32 -> 66 | C33: =18+11 -> 29 | D33: =43+64 -> 107 | E33: =21+57 -> 78 | F33: =7+47 -> 54 | G33: 57 | H33: 21 | I33: 180 | J33: 181 | K33: 218 | L33: 56 | M33: 83 | N33: =SUM(B33:M33) -> 1130 | O33: 0 | P33: N/A
B36: 39995 | C36: 40026 | D36: 40057 | E36: 40087 | F36: 40118 | G36: 40148 | H36: 40179 | I36: 40210 | J36: 40238 | K36: 40269 | L36: 40299 | M36: 40330 | N36: Total | O36: 2009-2010 Price | P36: Price per unit
A37: Bacteriology Abstracts (Microbiology B)
A38: Searches | B38: 0 | C38: 0 | D38: 10 | E38: 11 | F38: 28 | G38: 44 | H38: 20 | I38: 62 | J38: 0 | K38: 0 | L38: 0 | M38: 0 | N38: =SUM(B38:M38) -> 175 | O38: 0 | P38: N/A
B41: 39995 | C41: 40026 | D41: 40057 | E41: 40087 | F41: 40118 | G41: 40148 | H41: 40179 | I41: 40210 | J41: 40238 | K41: 40269 | L41: 40299 | M41: 40330 | N41: Total | O41: 2009-2010 Price | P41: Price per unit
A42: Biotechnology Research Abstracts
A43: Searches | B43: 0 | C43: 0 | D43: 10 | E43: 39 | F43: 28 | G43: 44 | H43: 21 | I43: 63 | J43: 0 | K43: 0 | L43: 0 | M43: 0 | N43: =SUM(B43:M43) -> 205 | O43: 0 | P43: N/A
B46: 39995 | C46: 40026 | D46: 40057 | E46: 40087 | F46: 40118 | G46: 40148 | H46: 40179 | I46: 40210 | J46: 40238 | K46: 40269 | L46: 40299 | M46: 40330 | N46: Total | O46: 2009-2010 Price | P46: Price per unit
A47: ComDisDome
A48: Searches | B48: =34+178 -> 212 | C48: =18+63 -> 81 | D48: =43+174 -> 217 | E48: =21+333 -> 354 | F48: =7+330 -> 337 | G48: 276 | H48: 29 | I48: 467 | J48: 527 | K48: 527 | L48: 74 | M48: 114 | N48: =SUM(B48:M48) -> 3215 | O48: 2730 | P48: =O48/N48 -> 0.84914463
B51: 39995 | C51: 40026 | D51: 40057 | E51: 40087 | F51: 40118 | G51: 40148 | H51: 40179 | I51: 40210 | J51: 40238 | K51: 40269 | L51: 40299 | M51: 40330 | N51: Total | O51: 2009-2010 Price | P51: Price per unit
A52: Communication Abstracts
A53: Searches | B53: 166 | C53: 83 | D53: 609 | E53: 334 | F53: 495 | G53: 886 | H53: 36 | I53: 605 | J53: 622 | K53: 1168 | L53: 344 | M53: 159 | N53: =SUM(B53:M53) -> 5507 | O53: 3025 | P53: =O53/N53 -> 0.54930089
B56: 39995 | C56: 40026 | D56: 40057 | E56: 40087 | F56: 40118 | G56: 40148 | H56: 40179 | I56: 40210 | J56: 40238 | K56: 40269 | L56: 40299 | M56: 40330 | N56: Total | O56: 2009-2010 Price | P56: Price per unit
A57: Conference Papers Index
A58: Searches | B58: 0 | C58: 0 | D58: 16 | E58: 39 | F58: 29 | G58: 40 | H58: 9 | I58: 6 | J58: 0 | K58: 0 | L58: 0 | M58: 0 | N58: =SUM(B58:M58) -> 139 | P58: =O58/N58 -> 0
B61: 39995 | C61: 40026 | D61: 40057 | E61: 40087 | F61: 40118 | G61: 40148 | H61: 40179 | I61: 40210 | J61: 40238 | K61: 40269 | L61: 40299 | M61: 40330 | N61: Total | O61: 2009-2010 Price | P61: Price per unit
A62: EIS: Digests of Environmental Impact Statements
A63: Searches | B63: =7+4 -> 11 | C63: =18+10 -> 28 | D63: =43+16 -> 59 | E63: =21+39 -> 60 | F63: =115+29 -> 144 | G63: 49 | H63: 27 | I63: 217 | J63: 181 | K63: 287 | L63: 59 | M63: 85 | N63: =SUM(B63:M63) -> 1207 | O63: 0 | P63: N/A
B66: 39995 | C66: 40026 | D66: 40057 | E66: 40087 | F66: 40118 | G66: 40148 | H66: 40179 | I66: 40210 | J66: 40238 | K66: 40269 | L66: 40299 | M66: 40330 | N66: Total | O66: 2009-2010 Price | P66: Price per unit
A67: Ecology Abstracts
A68: Searches | B68: 0 | C68: 0 | D68: 12 | E68: 37 | F68: 28 | G68: 44 | H68: 28 | I68: 49 | J68: 0 | K68: 0 | L68: 0 | M68: 0 | N68: =SUM(B68:M68) -> 198 | O68: 0 | P68: N/A
B71: 39995 | C71: 40026 | D71: 40057 | E71: 40087 | F71: 40118 | G71: 40148 | H71: 40179 | I71: 40210 | J71: 40238 | K71: 40269 | L71: 40299 | M71: 40330 | N71: Total | O71: 2009-2010 Price | P71: Price per unit
A72: Environment Abstracts
A73: Searches | B73: =34+23 -> 57 | C73: =18+10 -> 28 | D73: =43+10 -> 53 | E73: =21+37 -> 58 | F73: =262+30 -> 292 | G73: 108 | H73: 69 | I73: 273 | J73: 235 | K73: 362 | L73: 72 | M73: 98 | N73: =SUM(B73:M73) -> 1705 | O73: 4900.8 | P73: =O73/N73 -> 2.8743695
B76: 39995 | C76: 40026 | D76: 40057 | E76: 40087 | F76: 40118 | G76: 40148 | H76: 40179 | I76: 40210 | J76: 40238 | K76: 40269 | L76: 40299 | M76: 40330 | N76: Total | O76: 2009-2010 Price | P76: Price per unit
A77: Environmental Engineering Abstracts
A78: Searches | B78: 0 | C78: 0 | D78: 7 | E78: 38 | F78: 27 | G78: 25 | H78: 20 | I78: 39 | J78: 0 | K78: 0 | L78: 0 | M78: 0 | N78: =SUM(B78:M78) -> 156 | O78: 0 | P78: N/A
B81: 39995 | C81: 40026 | D81: 40057 | E81: 40087 | F81: 40118 | G81: 40148 | H81: 40179 | I81: 40210 | J81: 40238 | K81: 40269 | L81: 40299 | M81: 40330 | N81: Total | O81: 2009-2010 Price | P81: Price per unit
A82: Environmental Sciences and Pollution Mgmt
A83: Searches | B83: 0 | C83: 0 | D83: 16 | E83: 40 | F83: 30 | G83: 45 | H83: 20 | I83: 44 | J83: 0 | K83: 0 | L83: 0 | M83: 0 | N83: =SUM(B83:M83) -> 195 | O83: 0 | P83: N/A
B86: 39995 | C86: 40026 | D86: 40057 | E86: 40087 | F86: 40118 | G86: 40148 | H86: 40179 | I86: 40210 | J86: 40238 | K86: 40269 | L86: 40299 | M86: 40330 | N86: Total | O86: 2009-2010 Price | P86: Price per unit
A87: ERIC (free)
A88: Searches | B88: 275 | C88: 81 | D88: 247 | E88: 465 | F88: 471 | G88: 393 | H88: 80 | I88: 338 | J88: 379 | K88: 505 | L88: 114 | M88: 120 | N88: =SUM(B88:M88) -> 3468 | O88: 0 | P88: N/A
B91: 39995 | C91: 40026 | D91: 40057 | E91: 40087 | F91: 40118 | G91: 40148 | H91: 40179 | I91: 40210 | J91: 40238 | K91: 40269 | L91: 40299 | M91: 40330 | N91: Total | O91: 2009-2010 Price | P91: Price per unit
A92: GeoRef
A93: Searches | B93: =48+53 -> 101 | C93: =47+29 -> 76 | D93: =63+181 -> 244 | E93: =83+142 -> 225 | F93: =13+100 -> 113 | G93: 142 | H93: 86 | I93: 256 | J93: 332 | K93: 420 | L93: 158 | M93: 138 | N93: =SUM(B93:M93) -> 2291 | O93: 6412 | P93: =O93/N93 -> 2.7987778
B96: 39995 | C96: 40026 | D96: 40057 | E96: 40087 | F96: 40118 | G96: 40148 | H96: 40179 | I96: 40210 | J96: 40238 | K96: 40269 | L96: 40299 | M96: 40330 | N96: Total | O96: 2009-2010 Price | P96: Price per unit
A97: GeoRef in Process
A98: Searches | B98: =34+29 -> 63 | C98: =18+11 -> 29 | D98: =43+68 -> 111 | E98: =21+59 -> 80 | F98: =7+50 -> 57 | G98: 58 | H98: 20 | I98: 178 | J98: 185 | K98: 219 | L98: 56 | M98: 85 | N98: =SUM(B98:M98) -> 1141 | O98: 0 | P98: N/A
B101: 39995 | C101: 40026 | D101: 40057 | E101: 40087 | F101: 40118 | G101: 40148 | H101: 40179 | I101: 40210 | J101: 40238 | K101: 40269 | L101: 40299 | M101: 40330 | N101: Total | O101: 2009-2010 Price | P101: Price per unit
A102: Health and Safety Science Abstracts
A103: Searches | B103: 0 | C103: 7 | D103: 121 | E103: 165 | F103: 148 | G103: 173 | H103: 23 | I103: 11 | J103: 0 | K103: 0 | L103: 0 | M103: 0 | N103: =SUM(B103:M103) -> 648 | O103: 0 | P103: N/A
B106: 39995 | C106: 40026 | D106: 40057 | E106: 40087 | F106: 40118 | G106: 40148 | H106: 40179 | I106: 40210 | J106: 40238 | K106: 40269 | L106: 40299 | M106: 40330 | N106: Total | O106: 2009-2010 Price | P106: Price per unit
A107: Industrial and Applied Microbiology Abstracts (Microbiology A)
A108: Searches | B108: 0 | C108: 0 | D108: 10 | E108: 39 | F108: 28 | G108: 44 | H108: 21 | I108: 52 | J108: 0 | K108: 0 | L108: 0 | M108: 0 | N108: =SUM(B108:M108) -> 194 | O108: 0 | P108: N/A
B111: 39995 | C111: 40026 | D111: 40057 | E111: 40087 | F111: 40118 | G111: 40148 | H111: 40179 | I111: 40210 | J111: 40238 | K111: 40269 | L111: 40299 | M111: 40330 | N111: Total | O111: 2009-2010 Price | P111: Price per unit
A112: International Pharmaceutical Abstracts
A113: Searches | B113: =34+97 -> 131 | C113: =18+17 -> 35 | D113: =43+51 -> 94 | E113: =21+146 -> 167 | F113: =7+146 -> 153 | G113: 78 | H113: 20 | I113: 201 | J113: 312 | K113: 147 | L113: 40 | M113: 40 | N113: =SUM(B113:M113) -> 1418 | O113: 3710 | P113: =O113/N113 -> 2.6163611
B116: 39995 | C116: 40026 | D116: 40057 | E116: 40087 | F116: 40118 | G116: 40148 | H116: 40179 | I116: 40210 | J116: 40238 | K116: 40269 | L116: 40299 | M116: 40330 | N116: Total | O116: 2009-2010 Price | P116: Price per unit
A117: MLA International Bibliography
A118: Searches | B118: 176 | C118: 122 | D118: 224 | E118: 540 | F118: 716 | G118: 719 | H118: 62 | I118: 480 | J118: 385 | K118: 702 | L118: 255 | M118: 119 | N118: =SUM(B118:M118) -> 4500 | O118: 7600 | P118: =O118/N118 -> 1.6888889
B121: 39995 | C121: 40026 | D121: 40057 | E121: 40087 | F121: 40118 | G121: 40148 | H121: 40179 | I121: 40210 | J121: 40238 | K121: 40269 | L121: 40299 | M121: 40330 | N121: Total | O121: 2009-2010 Price | P121: Price per unit
A122: MLA Directory of Periodicals
A123: Searches | B123: 66 | C123: 27 | D123: 61 | E123: 177 | F123: 104 | G123: 186 | H123: 27 | I123: 71 | J123: 136 | K123: 154 | L123: 50 | M123: 28 | N123: =SUM(B123:M123) -> 1087 | O123: 0 | P123: N/A
B126: 39995 | C126: 40026 | D126: 40057 | E126: 40087 | F126: 40118 | G126: 40148 | H126: 40179 | I126: 40210 | J126: 40238 | K126: 40269 | L126: 40299 | M126: 40330 | N126: Total | O126: 2009-2010 Price | P126: Price per unit
A127: Meteorological & Geoastrophysical Abstracts
A128: Searches | B128: =274+30 -> 304 | C128: =205+14 -> 219 | D128: =299+69 -> 368 | E128: =320+66 -> 386 | F128: =131+62 -> 193 | G128: 59 | H128: 26 | I128: 187 | J128: 182 | K128: 220 | L128: 59 | M128: 88 | N128: =SUM(B128:M128) -> 2291 | O128: 4380 | P128: =O128/N128 -> 1.9118289
B131: 39995 | C131: 40026 | D131: 40057 | E131: 40087 | F131: 40118 | G131: 40148 | H131: 40179 | I131: 40210 | J131: 40238 | K131: 40269 | L131: 40299 | M131: 40330 | N131: Total | O131: 2009-2010 Price | P131: Price per unit
A132: Oceanic Abstracts
A133: Searches | B133: =281+34 -> 315 | C133: =205+17 -> 222 | D133: =299+81 -> 380 | E133: =320+118 -> 438 | F133: =131+88 -> 219 | G133: 80 | H133: 33 | I133: 192 | J133: 212 | K133: 343 | L133: 80 | M133: 156 | N133: =SUM(B133:M133) -> 2670 | O133: 0 | P133: N/A
B136: 39995 | C136: 40026 | D136: 40057 | E136: 40087 | F136: 40118 | G136: 40148 | H136: 40179 | I136: 40210 | J136: 40238 | K136: 40269 | L136: 40299 | M136: 40330 | N136: Total | O136: 2009-2010 Price | P136: Price per unit
A137: PAIS International
A138: Searches | B138: 99 | C138: 60 | D138: 211 | E138: 206 | F138: 273 | G138: 200 | H138: 42 | I138: 302 | J138: 293 | K138: 432 | L138: 80 | M138: 136 | N138: =SUM(B138:M138) -> 2334 | O138: 6050 | P138: =O138/N138 -> 2.5921165
B141: 39995 | C141: 40026 | D141: 40057 | E141: 40087 | F141: 40118 | G141: 40148 | H141: 40179 | I141: 40210 | J141: 40238 | K141: 40269 | L141: 40299 | M141: 40330 | N141: Total | O141: 2009-2010 Price | P141: Price per unit
A142: PAIS Archive
A143: Searches | B143: 83 | C143: 58 | D143: 183 | E143: 194 | F143: 198 | G143: 177 | H143: 39 | I143: 296 | J143: 278 | K143: 395 | L143: 66 | M143: 135 | N143: =SUM(B143:M143) -> 2102 | O143: 0 | P143: N/A
B146: 39995 | C146: 40026 | D146: 40057 | E146: 40087 | F146: 40118 | G146: 40148 | H146: 40179 | I146: 40210 | J146: 40238 | K146: 40269 | L146: 40299 | M146: 40330 | N146: Total | O146: 2009-2010 Price | P146: Price per unit
A147: Philosopher's Index
A148: Searches | B148: 77 | C148: 30 | D148: 57 | E148: 140 | F148: 106 | G148: 130 | H148: 29 | I148: 71 | J148: 114 | K148: 161 | L148: 51 | M148: 24 | N148: =SUM(B148:M148) -> 990 | O148: 2800 | P148: =O148/N148 -> 2.8282828
B151: 39995 | C151: 40026 | D151: 40057 | E151: 40087 | F151: 40118 | G151: 40148 | H151: 40179 | I151: 40210 | J151: 40238 | K151: 40269 | L151: 40299 | M151: 40330 | N151: Total | O151: 2009-2010 Price | P151: Price per unit
A152: Physical Education Index
A153: Searches | B153: =34+213 -> 247 | C153: =18+67 -> 85 | D153: =43+214 -> 257 | E153: =21+389 -> 410 | F153: =7+384 -> 391 | G153: 310 | H153: 38 | I153: 462 | J153: 496 | K153: 485 | L153: 83 | M153: 127 | N153: =SUM(B153:M153) -> 3391 | O153: 1060 | P153: =O153/N153 -> 0.31259216
B156: 39995 | C156: 40026 | D156: 40057 | E156: 40087 | F156: 40118 | G156: 40148 | H156: 40179 | I156: 40210 | J156: 40238 | K156: 40269 | L156: 40299 | M156: 40330 | N156: Total | O156: 2009-2010 Price | P156: Price per unit
A157: PILOTS
A158: Searches | B158: 86 | C158: 58 | D158: 142 | E158: 209 | F158: 192 | G158: 173 | H158: 24 | I158: 179 | J158: 208 | K158: 260 | L158: 50 | M158: 59 | N158: =SUM(B158:M158) -> 1640 | O158: 0 | P158: N/A
B161: 39995 | C161: 40026 | D161: 40057 | E161: 40087 | F161: 40118 | G161: 40148 | H161: 40179 | I161: 40210 | J161: 40238 | K161: 40269 | L161: 40299 | M161: 40330 | N161: Total | O161: 2009-2010 Price | P161: Price per unit
A162: Pollution Abstracts
A163: Searches | B163: 0 | C163: 0 | D163: 7 | E163: 36 | F163: 27 | G163: 25 | H163: 22 | I163: 39 | J163: 0 | K163: 0 | L163: 0 | M163: 0 | N163: =SUM(B163:M163) -> 156 | O163: 0 | P163: N/A
B166: 39995 | C166: 40026 | D166: 40057 | E166: 40087 | F166: 40118 | G166: 40148 | H166: 40179 | I166: 40210 | J166: 40238 | K166: 40269 | L166: 40299 | M166: 40330 | N166: Total | O166: 2009-2010 Price | P166: Price per unit
...

Sheet EBSCOhost
A1: EBSCOhost Databases
A2: 2009-2010
A4: COUNTER-Compliant?: | B4: Yes
B6: 39995 | C6: 40026 | D6: 40057 | E6: 40087 | F6: 40118 | G6: 40148 | H6: 40179 | I6: 40210 | J6: 40238 | K6: 40269 | L6: 40299 | M6: 40330 | N6: Total | O6: 2009-2010 Price | P6: Price per unit
A7: Academic Search Complete (statewide database trial)
A8: Sessions | B8: 1739 | C8: 472 | D8: 1942 | E8: 5515 | F8: 5822 | G8: 3360 | H8: 721 | I8: 5065 | J8: 6893 | K8: 7322 | L8: 1676 | M8: 1704 | N8: =SUM(B8:M8) -> 42231
A9: Searches | B9: 6283 | C9: 1738 | D9: 5827 | E9: 20319 | F9: 18168 | G9: 10577 | H9: 1919 | I9: 20656 | J9: 26711 | K9: 23469 | L9: 5666 | M9: 5730 | N9: =SUM(B9:M9) -> 147063 | O9: 0 | P9: N/A
B12: 39995 | C12: 40026 | D12: 40057 | E12: 40087 | F12: 40118 | G12: 40148 | H12: 40179 | I12: 40210 | J12: 40238 | K12: 40269 | L12: 40299 | M12: 40330 | N12: Total | O12: 2009-2010 Price | P12: Price per unit
A13: Academic Search Premier
A14: Sessions | B14: 1951 | C14: 606 | D14: 1895 | E14: 7236 | F14: 6006 | G14: 3339 | H14: 934 | I14: 2751 | J14: 4140 | K14: 5019 | L14: 1517 | M14: 1498 | N14: =SUM(B14:M14) -> 36892
A15: Searches | B15: 6590 | C15: 702 | D15: 4341 | E15: 29174 | F15: 15615 | G15: 7872 | H15: 1240 | I15: 6777 | J15: 10643 | K15: 10549 | L15: 2713 | M15: 1910 | N15: =SUM(B15:M15) -> 98126 | O15: 20953 | P15: =O15/N15 -> 0.21353158
B18: 39995 | C18: 40026 | D18: 40057 | E18: 40087 | F18: 40118 | G18: 40148 | H18: 40179 | I18: 40210 | J18: 40238 | K18: 40269 | L18: 40299 | M18: 40330 | N18: Total | O18: 2009-2010 Price | P18: Price per unit
A19: America History & Life
A20: Sessions | B20: 84 | C20: 22 | D20: 80 | E20: 246 | F20: 266 | G20: 217 | H20: 46 | I20: 203 | J20: 391 | K20: 314 | L20: 131 | M20: 97 | N20: =SUM(B20:M20) -> 2097
A21: Searches | B21: 585 | C21: 69 | D21: 345 | E21: 1105 | F21: 983 | G21: 1160 | H21: 199 | I21: 736 | J21: 1580 | K21: 1259 | L21: 583 | M21: 358 | N21: =SUM(B21:M21) -> 8962 | O21: 7881 | P21: =O21/N21 -> 0.8793796
B24: 39995 | C24: 40026 | D24: 40057 | E24: 40087 | F24: 40118 | G24: 40148 | H24: 40179 | I24: 40210 | J24: 40238 | K24: 40269 | L24: 40299 | M24: 40330 | N24: Total | O24: 2009-2010 Price | P24: Price per unit
A25: CINAHL
A26: Sessions | B26: 420 | C26: 84 | D26: 695 | E26: 1619 | F26: 2251 | G26: 870 | H26: 228 | I26: 1348 | J26: 1834 | K26: 2347 | L26: 436 | M26: 348 | N26: =SUM(B26:M26) -> 12480
A27: Searches | B27: 1995 | C27: 348 | D27: 3581 | E27: 8895 | F27: 12089 | G27: 4221 | H27: 988 | I27: 6126 | J27: 9248 | K27: 12600 | L27: 1996 | M27: 1593 | N27: =SUM(B27:M27) -> 63680 | O27: 5870 | P27: =O27/N27 -> 0.092179648
B30: 39995 | C30: 40026 | D30: 40057 | E30: 40087 | F30: 40118 | G30: 40148 | H30: 40179 | I30: 40210 | J30: 40238 | K30: 40269 | L30: 40299 | M30: 40330 | N30: Total | O30: 2009-2010 Price | P30: Price per unit
A31: EconLit
A32: Sessions | B32: 121 | C32: 43 | D32: 94 | E32: 241 | F32: 285 | G32: 209 | H32: 48 | I32: 135 | J32: 237 | K32: 313 | L32: 173 | M32: 78 | N32: =SUM(B32:M32) -> 1977
A33: Searches | B33: 800 | C33: 186 | D33: 415 | E33: 1096 | F33: 1129 | G33: 1148 | H33: 157 | I33: 575 | J33: 1175 | K33: 1326 | L33: 703 | M33: 301 | N33: =SUM(B33:M33) -> 9011 | O33: 3255 | P33: =O33/N33 -> 0.36122517
B36: 39995 | C36: 40026 | D36: 40057 | E36: 40087 | F36: 40118 | G36: 40148 | H36: 40179 | I36: 40210 | J36: 40238 | K36: 40269 | L36: 40299 | M36: 40330 | N36: Total | O36: 2009-2010 Price | P36: Price per unit
A37: ERIC (free)
A38: Sessions | B38: 69 | C38: 28 | D38: 70 | E38: 218 | F38: 222 | G38: 203 | H38: 38 | I38: 127 | J38: 216 | K38: 241 | L38: 77 | M38: 51 | N38: =SUM(B38:M38) -> 1560
A39: Searches | B39: 486 | C39: 93 | D39: 293 | E39: 1148 | F39: 1108 | G39: 1267 | H39: 195 | I39: 681 | J39: 1379 | K39: 1271 | L39: 522 | M39: 265 | N39: =SUM(B39:M39) -> 8708 | O39: 0 | P39: N/A
B42: 39995 | C42: 40026 | D42: 40057 | E42: 40087 | F42: 40118 | G42: 40148 | H42: 40179 | I42: 40210 | J42: 40238 | K42: 40269 | L42: 40299 | M42: 40330 | N42: Total | O42: 2009-2010 Price | P42: Price per unit
A43: Film & Television Literature Index
A44: Sessions | B44: 70 | C44: 21 | D44: 57 | E44: 178 | F44: 209 | G44: 241 | H44: 35 | I44: 103 | J44: 193 | K44: 242 | L44: 98 | M44: 44 | N44: =SUM(B44:M44) -> 1491
A45: Searches | B45: 476 | C45: 80 | D45: 204 | E45: 740 | F45: 805 | G45: 1146 | H45: 131 | I45: 451 | J45: 1119 | K45: 1022 | L45: 595 | M45: 161 | N45: =SUM(B45:M45) -> 6930 | O45: 1404 | P45: =O45/N45 -> 0.2025974
B48: 39995 | C48: 40026 | D48: 40057 | E48: 40087 | F48: 40118 | G48: 40148 | H48: 40179 | I48: 40210 | J48: 40238 | K48: 40269 | L48: 40299 | M48: 40330 | N48: Total | O48: 2009-2010 Price | P48: Price per unit
A49: FSTA Food Science & Technology Abstracts
A50: Sessions | B50: 53 | C50: 17 | D50: 56 | E50: 197 | F50: 174 | G50: 150 | H50: 37 | I50: 149 | J50: 175 | K50: 225 | L50: 79 | M50: 35 | N50: =SUM(B50:M50) -> 1347
A51: Searches | B51: 342 | C51: 40 | D51: 173 | E51: 679 | F51: 602 | G51: 766 | H51: 118 | I51: 459 | J51: 691 | K51: 991 | L51: 503 | M51: 131 | N51: =SUM(B51:M51) -> 5495 | O51: 6919 | P51: =O51/N51 -> 1.2591447
A52: Simultaneous Users | B52: 1 | C52: 1 | D52: 1 | E52: 1 | F52: 1 | G52: 1 | H52: 1 | I52: 1 | J52: 1 | K52: 1 | L52: 1 | M52: 1
A53: Database Turnaways | B53: 7 | C53: 4 | D53: 6 | E53: 54 | F53: 38 | G53: 27 | H53: 3 | I53: 37 | J53: 55 | K53: 41 | L53: 8 | M53: 2 | N53: =SUM(B53:M53) -> 282
B56: 39995 | C56: 40026 | D56: 40057 | E56: 40087 | F56: 40118 | G56: 40148 | H56: 40179 | I56: 40210 | J56: 40238 | K56: 40269 | L56: 40299 | M56: 40330 | N56: Total | O56: 2009-2010 Price | P56: Price per unit
A57: Funk & Wagnall's New World Encyclopedia (free)
A58: Sessions | B58: 65 | C58: 20 | D58: 70 | E58: 173 | F58: 172 | G58: 170 | H58: 30 | I58: 113 | J58: 171 | K58: 181 | L58: 78 | M58: 61 | N58: =SUM(B58:M58) -> 1304
A59: Searches | B59: 420 | C59: 61 | D59: 251 | E59: 770 | F59: 820 | G59: 939 | H59: 86 | I59: 495 | J59: 929 | K59: 787 | L59: 448 | M59: 257 | N59: =SUM(B59:M59) -> 6263 | O59: 0 | P59: N/A
B62: 39995 | C62: 40026 | D62: 40057 | E62: 40087 | F62: 40118 | G62: 40148 | H62: 40179 | I62: 40210 | J62: 40238 | K62: 40269 | L62: 40299 | M62: 40330 | N62: Total | O62: 2009-2010 Price | P62: Price per unit
A63: GreenFILE (free)
A64: Sessions | B64: 51 | C64: 22 | D64: 43 | E64: 179 | F64: 184 | G64: 158 | H64: 37 | I64: 96 | J64: 142 | K64: 190 | L64: 74 | M64: 31 | N64: =SUM(B64:M64) -> 1207
A65: Searches | B65: 423 | C65: 63 | D65: 177 | E65: 813 | F65: 762 | G65: 891 | H65: 98 | I65: 386 | J65: 820 | K65: 820 | L65: 495 | M65: 114 | N65: =SUM(B65:M65) -> 5862 | O65: 0 | P65: N/A
B68: 39995 | C68: 40026 | D68: 40057 | E68: 40087 | F68: 40118 | G68: 40148 | H68: 40179 | I68: 40210 | J68: 40238 | K68: 40269 | L68: 40299 | M68: 40330 | N68: Total | O68: 2009-2010 Price | P68: Price per unit
A69: Health Source: Nursing/Academic Edition (statewide database trial)
A70: Sessions | B70: 250 | C70: 47 | D70: 269 | E70: 735 | F70: 1052 | G70: 494 | H70: 90 | I70: 385 | J70: 547 | K70: 817 | L70: 159 | M70: 99 | N70: =SUM(B70:M70) -> 4944
A71: Searches | B71: 1066 | C71: 130 | D71: 658 | E71: 1758 | F71: 2965 | G71: 1383 | H71: 158 | I71: 1054 | J71: 1805 | K71: 2536 | L71: 743 | M71: 335 | N71: =SUM(B71:M71) -> 14591 | O71: 0 | P71: N/A
B74: 39995 | C74: 40026 | D74: 40057 | E74: 40087 | F74: 40118 | G74: 40148 | H74: 40179 | I74: 40210 | J74: 40238 | K74: 40269 | L74: 40299 | M74: 40330 | N74: Total | O74: 2009-2010 Price | P74: Price per unit
A75: Historical Abstracts
A76: Sessions | B76: 61 | C76: 19 | D76: 66 | E76: 215 | F76: 182 | G76: 175 | H76: 40 | I76: 159 | J76: 198 | K76: 212 | L76: 85 | M76: 38 | N76: =SUM(B76:M76) -> 1450
A77: Searches | B77: 455 | C77: 60 | D77: 338 | E77: 969 | F77: 796 | G77: 980 | H77: 124 | I77: 623 | J77: 1134 | K77: 911 | L77: 911 | M77: 493 | N77: =SUM(B77:M77) -> 7794 | O77: 7881 | P77: =O77/N77 -> 1.0111624
B80: 39995 | C80: 40026 | D80: 40057 | E80: 40087 | F80: 40118 | G80: 40148 | H80: 40179 | I80: 40210 | J80: 40238 | K80: 40269 | L80: 40299 | M80: 40330 | N80: Total | O80: 2009-2010 Price | P80: Price per unit
A81: History Reference Center (statewide database trial)
A82: Sessions | B82: 72 | C82: 24 | D82: 65 | E82: 236 | F82: 203 | G82: 215 | H82: 46 | I82: 153 | J82: 231 | K82: 269 | L82: 99 | M82: 52 | N82: =SUM(B82:M82) -> 1665
A83: Searches | B83: 479 | C83: 67 | D83: 231 | E83: 962 | F83: 765 | G83: 1041 | H83: 152 | I83: 582 | J83: 1051 | K83: 1101 | L83: 527 | M83: 217 | N83: =SUM(B83:M83) -> 7175 | O83: 0 | P83: N/A
B86: 39995 | C86: 40026 | D86: 40057 | E86: 40087 | F86: 40118 | G86: 40148 | H86: 40179 | I86: 40210 | J86: 40238 | K86: 40269 | L86: 40299 | M86: 40330 | N86: Total | O86: 2009-2010 Price | P86: Price per unit
A87: INSPEC Current
A88: Sessions | B88: 76 | C88: 27 | D88: 48 | E88: 173 | F88: 167 | G88: 145 | H88: 38 | I88: 101 | J88: 197 | K88: 196 | L88: 95 | M88: 46 | N88: =SUM(B88:M88) -> 1309
A89: Searches | B89: 436 | C89: 67 | D89: 174 | E89: 922 | F89: 796 | G89: 884 | H89: 94 | I89: 460 | J89: 1003 | K89: 837 | L89: 496 | M89: 154 | N89: =SUM(B89:M89) -> 6323 | O89: 31302 | P89: =O89/N89 -> 4.9504982
B92: 39995 | C92: 40026 | D92: 40057 | E92: 40087 | F92: 40118 | G92: 40148 | H92: 40179 | I92: 40210 | J92: 40238 | K92: 40269 | L92: 40299 | M92: 40330 | N92: Total | O92: 2009-2010 Price | P92: Price per unit
A93: Library, Info Sci & Tech Abstracts (NO full text) (free)
A94: Sessions | B94: 109 | C94: 21 | D94: 72 | E94: 208 | F94: 206 | G94: 169 | H94: 33 | I94: 129 | J94: 204 | K94: 225 | L94: 81 | M94: 51 | N94: =SUM(B94:M94) -> 1508
A95: Searches | B95: 585 | C95: 66 | D95: 305 | E95: 984 | F95: 884 | G95: 981 | H95: 110 | I95: 535 | J95: 1341 | K95: 999 | L95: 456 | M95: 210 | N95: =SUM(B95:M95) -> 7456 | O95: 0 | P95: N/A
B98: 39995 | C98: 40026 | D98: 40057 | E98: 40087 | F98: 40118 | G98: 40148 | H98: 40179 | I98: 40210 | J98: 40238 | K98: 40269 | L98: 40299 | M98: 40330 | N98: Total | O98: 2009-2010 Price | P98: Price per unit
A99: Library, Info Sci & Tech Abstracts with Full-Text
A100: Sessions | B100: 424 | C100: 49 | D100: 384 | E100: 910 | F100: 791 | G100: 517 | H100: 88 | I100: 581 | J100: 846 | K100: 795 | L100: 227 | M100: 278 | N100: =SUM(B100:M100) -> 5890
A101: Searches | B101: 1910 | C101: 183 | D101: 1629 | E101: 4061 | F101: 3353 | G101: 2310 | H101: 350 | I101: 2445 | J101: 3978 | K101: 3110 | L101: 882 | M101: 1056 | N101: =SUM(B101:M101) -> 25267 | O101: 2660 | P101: =O101/N101 -> 0.10527566
B104: 39995 | C104: 40026 | D104: 40057 | E104: 40087 | F104: 40118 | G104: 40148 | H104: 40179 | I104: 40210 | J104: 40238 | K104: 40269 | L104: 40299 | M104: 40330 | N104: Total | O104: 2009-2010 Price | P104: Price per unit
A105: MAS Ultra - School Edition (free)
A106: Sessions | B106: 55 | C106: 20 | D106: 51 | E106: 161 | F106: 177 | G106: 173 | H106: 37 | I106: 93 | J106: 173 | K106: 189 | L106: 82 | M106: 39 | N106: =SUM(B106:M106) -> 1250
A107: Searches | B107: 422 | C107: 57 | D107: 197 | E107: 744 | F107: 742 | G107: 926 | H107: 129 | I107: 384 | J107: 979 | K107: 793 | L107: 443 | M107: 122 | N107: =SUM(B107:M107) -> 5938 | O107: 0 | P107: N/A
B110: 39995 | C110: 40026 | D110: 40057 | E110: 40087 | F110: 40118 | G110: 40148 | H110: 40179 | I110: 40210 | J110: 40238 | K110: 40269 | L110: 40299 | M110: 40330 | N110: Total | O110: 2009-2010 Price | P110: Price per unit
A111: MasterFILE Premier (statewide database trial)
A112: Sessions | B112: 138 | C112: 53 | D112: 112 | E112: 348 | F112: 409 | G112: 295 | H112: 60 | I112: 214 | J112: 331 | K112: 615 | L112: 220 | M112: 211 | N112: =SUM(B112:M112) -> 3006
A113: Searches | B113: 520 | C113: 173 | D113: 286 | E113: 936 | F113: 1002 | G113: 1040 | H113: 199 | I113: 538 | J113: 1208 | K113: 1079 | L113: 462 | M113: 245 | N113: =SUM(B113:M113) -> 7688 | O113: 0 | P113: N/A
B116: 39995 | C116: 40026 | D116: 40057 | E116: 40087 | F116: 40118 | G116: 40148 | H116: 40179 | I116: 40210 | J116: 40238 | K116: 40269 | L116: 40299 | M116: 40330 | N116: Total | O116: 2009-2010 Price | P116: Price per unit
A117: MEDLINE (free)
A118: Sessions | B118: 68 | C118: 21 | D118: 49 | E118: 198 | F118: 238 | G118: 176 | H118: 34 | I118: 148 | J118: 181 | K118: 247 | L118: 80 | M118: 43 | N118: =SUM(B118:M118) -> 1483
A119: Searches | B119: 451 | C119: 52 | D119: 215 | E119: 1020 | F119: 1162 | G119: 1000 | H119: 113 | I119: 647 | J119: 1043 | K119: 1222 | L119: 548 | M119: 186 | N119: =SUM(B119:M119) -> 7659 | O119: 0 | P119: N/A
B122: 39995 | C122: 40026 | D122: 40057 | E122: 40087 | F122: 40118 | G122: 40148 | H122: 40179 | I122: 40210 | J122: 40238 | K122: 40269 | L122: 40299 | M122: 40330 | N122: Total | O122: 2009-2010 Price | P122: Price per unit
A123: Mental Measurements Yearbook
A124: Sessions | B124: 64 | C124: 23 | D124: 63 | E124: 252 | F124: 328 | G124: 259 | H124: 36 | I124: 99 | J124: 150 | K124: 200 | L124: 80 | M124: 42 | N124: =SUM(B124:M124) -> 1596
A125: Searches | B125: 413 | C125: 56 | D125: 257 | E125: 1428 | F125: 1311 | G125: 1070 | H125: 130 | I125: 398 | J125: 869 | K125: 918 | L125: 504 | M125: 147 | N125: =SUM(B125:M125) -> 7501 | O125: 1806 | P125: =O125/N125 -> 0.2407679
A126: Simultaneous users | B126: 4 | C126: 4 | D126: 4 | E126: 4 | F126: 4 | G126: 4 | H126: 4 | I126: 4 | J126: 4 | K126: 4 | L126: 4 | M126: 4
A127: Database Turnaways | B127: 0 | C127: 0 | D127: 0 | E127: 0 | F127: 0 | G127: 0 | H127: 0 | I127: 0 | J127: 0 | K127: 0 | L127: 0 | M127: 0 | N127: =SUM(B127:M127) -> 0
B130: 39995 | C130: 40026 | D130: 40057 | E130: 40087 | F130: 40118 | G130: 40148 | H130: 40179 | I130: 40210 | J130: 40238 | K130: 40269 | L130: 40299 | M130: 40330 | N130: Total | O130: 2009-2010 Price | P130: Price per unit
A131: Middle Search Plus (statewide database trial)
A132: Sessions | B132: 53 | C132: 21 | D132: 54 | E132: 176 | F132: 149 | G132: 157 | H132: 30 | I132: 93 | J132: 163 | K132: 189 | L132: 70 | M132: 42 | N132: =SUM(B132:M132) -> 1197
A133: Searches | B133: 419 | C133: 64 | D133: 219 | E133: 783 | F133: 702 | G133: 898 | H133: 89 | I133: 364 | J133: 888 | K133: 770 | L133: 426 | M133: 118 | N133: =SUM(B133:M133) -> 5740 | O133: 0 | P133: N/A
B136: 39995 | C136: 40026 | D136: 40057 | E136: 40087 | F136: 40118 | G136: 40148 | H136: 40179 | I136: 40210 | J136: 40238 | K136: 40269 | L136: 40299 | M136: 40330 | N136: Total | O136: 2009-2010 Price | P136: Price per unit
A137: Military & Government Collection (free)
A138: Sessions | B138: 77 | C138: 27 | D138: 55 | E138: 198 | F138: 226 | G138: 198 | H138: 39 | I138: 113 | J138: 232 | K138: 247 | L138: 96 | M138: 38 | N138: =SUM(B138:M138) -> 1546
A139: Searches | B139: 465 | C139: 50 | D139: 189 | E139: 838 | F139: 846 | G139: 1055 | H139: 92 | I139: 471 | J139: 900 | K139: 890 | L139: 527 | M139: 118 | N139: =SUM(B139:M139) -> 6441 | O139: 0 | P139: N/A
B142: 39995 | C142: 40026 | D142: 40057 | E142: 40087 | F142: 40118 | G142: 40148 | H142: 40179 | I142: 40210 | J142: 40238 | K142: 40269 | L142: 40299 | M142: 40330 | N142: Total | O142: 2009-2010 Price | P142: Price per unit
A143: Music Index Online, The
A144: Sessions | B144: 64 | C144: 18 | D144: 44 | E144: 171 | F144: 156 | G144: 152 | H144: 33 | I144: 132 | J144: 175 | K144: 196 | L144: 86 | M144: 33 | N144: =SUM(B144:M144) -> 1260
A145: Searches | B145: 409 | C145: 55 | D145: 186 | E145: 766 | F145: 650 | G145: 887 | H145: 95 | I145: 614 | J145: 898 | K145: 823 | L145: 516 | M145: 120 | N145: =SUM(B145:M145) -> 6019 | O145: 2280 | P145: =O145/N145 -> 0.37880047
B148: 39995 | C148: 40026 | D148: 40057 | E148: 40087 | F148: 40118 | G148: 40148 | H148: 40179 | I148: 40210 | J148: 40238 | K148: 40269 | L148: 40299 | M148: 40330 | N148: Total | O148: 2009-2010 Price | P148: Price per unit
...

Sheet Elsevier
A1: Elsevier
A2: 2009-2010
A4: COUNTER-Compliant?: | B4: No
B6: 39995 | C6: 40026 | D6: 40057 | E6: 40087 | F6: 40118 | G6: 40148 | H6: 40179 | I6: 40210 | J6: 40238 | K6: 40269 | L6: 40299 | M6: 40330 | N6: Total | O6: 2009-2010 Price | P6: Price per unit
A7: Encyclopedia of Ocean Sciences
A8: Requests for full text chapters | B8: 0 | C8: 0 | D8: 13 | E8: 19 | F8: 0 | G8: 0 | H8: 0 | I8: 1 | J8: 0 | K8: 6 | L8: 11 | M8: 0 | N8: =SUM(B8:M8) -> 50 | O8: 727.65 | P8: =O8/N8 -> 14.553
B11: 39995 | C11: 40026 | D11: 40057 | E11: 40087 | F11: 40118 | G11: 40148 | H11: 40179 | I11: 40210 | J11: 40238 | K11: 40269 | L11: 40299 | M11: 40330 | N11: Total | O11: 2009-2010 Price | P11: Price per unit
A12: Encyclopedia of Ocean Sciences, second ed. | O12: One-time purchase.
A13: Requests for full text chapters | B13: 0 | C13: 0 | D13: 6 | E13: 19 | F13: 5 | G13: 6 | H13: 5 | I13: 18 | J13: 2 | K13: 3 | L13: 3 | M13: 4 | N13: =SUM(B13:M13) -> 71 | O13: 2970.75 | P13: =O13/N13 -> 41.841549

Sheet EMBASE
A1: EMBASE
A2: 2009-2010
A4: COUNTER-Compliant?: | B4: No
B6: 39995 | C6: 40026 | D6: 40057 | E6: 40087 | F6: 40118 | G6: 40148 | H6: 40179 | I6: 40210 | J6: 40238 | K6: 40269 | L6: 40299 | M6: 40330 | N6: Total | O6: 2009-2010 Price | P6: Price per unit
A7: EMBASE.com
A8: Sessions | B8: 50 | C8: 46 | D8: 175 | E8: 208 | F8: 161 | G8: 132 | H8: 95 | I8: 250 | J8: 305 | K8: 256 | L8: 50 | M8: 92 | N8: =SUM(B8:M8) -> 1820
A9: Searches | B9: 97 | C9: 159 | D9: 633 | E9: 658 | F9: 535 | G9: 522 | H9: 286 | I9: 1286 | J9: 1139 | K9: 796 | L9: 106 | M9: 344 | N9: =SUM(B9:M9) -> 6561 | O9: 10927 | P9: =O9/N9 -> 1.6654473

Sheet FirstSearch
A1: FirstSearch
A2: 2009-2010
A4: COUNTER-Compliant?: | B4: Yes
B6: 39995 | C6: 40026 | D6: 40057 | E6: 40087 | F6: 40118 | G6: 40148 | H6: 40179 | I6: 40210 | J6: 40238 | K6: 40269 | L6: 40299 | M6: 40330 | N6: Total | O6: 2009-2010 Price | P6: Price per unit
A7: Alternative Press Index
A8: Searches | B8: 1 | C8: 0 | D8: 3 | E8: 0 | F8: 0 | G8: 2 | H8: 0 | I8: 2 | J8: 15 | K8: 8 | L8: 0 | M8: 0 | N8: =SUM(B8:M8) -> 31 | O8: 0 | P8: N/A
B11: 39995 | C11: 40026 | D11: 40057 | E11: 40087 | F11: 40118 | G11: 40148 | H11: 40179 | I11: 40210 | J11: 40238 | K11: 40269 | L11: 40299 | M11: 40330 | N11: Total | O11: 2009-2010 Price | P11: Price per unit
A12: Alternative Press Index Archive
A13: Searches | B13: 0 | C13: 0 | D13: 0 | E13: 0 | F13: 0 | G13: 0 | H13: 0 | I13: 4 | J13: 11 | K13: 6 | L13: 0 | M13: 0 | N13: =SUM(B13:M13) -> 21 | O13: 0 | P13: N/A
B16: 39995 | C16: 40026 | D16: 40057 | E16: 40087 | F16: 40118 | G16: 40148 | H16: 40179 | I16: 40210 | J16: 40238 | K16: 40269 | L16: 40299 | M16: 40330 | N16: Total | O16: 2009-2010 Price | P16: Price per unit
A17: ArticleFirst
A18: Logons | B18: 87 | C18: 41 | D18: 78 | E18: 175 | F18: 150 | G18: 68 | H18: 32 | I18: 96 | J18: 144 | K18: 96 | L18: 39 | M18: 60 | N18: =SUM(B18:M18) -> 1066
A19: Searches | B19: 443 | C19: 302 | D19: 315 | E19: 728 | F19: 240 | G19: 105 | H19: 204 | I19: 323 | J19: 261 | K19: 488 | L19: 352 | M19: 510 | N19: =SUM(B19:M19) -> 4271 | O19: 0 | P19: N/A
A20: User Limit | B20: 2 | C20: 2 | D20: 2 | E20: 2 | F20: 2 | G20: 2 | H20: 2 | I20: 2 | J20: 2 | K20: 2 | L20: 2 | M20: 20
A21: Turnaways | B21: 0 | C21: 0 | D21: 3 | E21: 7 | F21: 23 | G21: 0 | H21: 0 | I21: 1 | J21: 11 | K21: 1 | L21: 0 | M21: 0 | N21: =SUM(B21:M21) -> 46
B24: 39995 | C24: 40026 | D24: 40057 | E24: 40087 | F24: 40118 | G24: 40148 | H24: 40179 | I24: 40210 | J24: 40238 | K24: 40269 | L24: 40299 | M24: 40330 | N24: Total | O24: 2009-2010 Price | P24: Price per unit
A25: Clase and Periodica
A26: Logons | B26: 5 | C26: 3 | D26: 0 | E26: 7 | F26: 9 | G26: 7 | H26: 0 | I26: 4 | J26: 6 | K26: 5 | L26: 7 | M26: 2 | N26: =SUM(B26:M26) -> 55
A27: Searches | B27: 6 | C27: 5 | D27: 0 | E27: 3 | F27: 4 | G27: 19 | H27: 0 | I27: 7 | J27: 4 | K27: 4 | L27: 11 | M27: 1 | N27: =SUM(B27:M27) -> 64 | O27: 0 | P27: N/A
A28: User Limit | B28: 2 | C28: 2 | D28: 0 | E28: 2 | F28: 2 | G28: 2 | H28: 0 | I28: 2 | J28: 2 | K28: 2 | L28: 2 | M28: 2
A29: Turnaways | B29: 0 | C29: 0 | D29: 0 | E29: 0 | F29: 0 | G29: 0 | H29: 0 | I29: 0 | J29: 0 | K29: 0 | L29: 0 | M29: 0 | N29: =SUM(B29:M29) -> 0
B32: 39995 | C32: 40026 | D32: 40057 | E32: 40087 | F32: 40118 | G32: 40148 | H32: 40179 | I32: 40210 | J32: 40238 | K32: 40269 | L32: 40299 | M32: 40330 | N32: Total | O32: 2009-2010 Price | P32: Price per unit
A33: ERIC (free)
A34: Logons | B34: 54 | C34: 6 | D34: 45 | E34: 103 | F34: 100 | G34: 63 | H34: 15 | I34: 56 | J34: 85 | K34: 48 | L34: 17 | M34: 29 | N34: =SUM(B34:M34) -> 621
A35: Searches | B35: 79 | C35: 15 | D35: 120 | E35: 179 | F35: 183 | G35: 90 | H35: 21 | I35: 104 | J35: 194 | K35: 68 | L35: 35 | M35: 34 | N35: =SUM(B35:M35) -> 1122 | O35: 0 | P35: N/A
A36: User Limit | B36: 2 | C36: 2 | D36: 2 | E36: 2 | F36: 2 | G36: 2 | H36: 2 | I36: 2 | J36: 2 | K36: 2 | L36: 2 | M36: 2
A37: Turnaways | B37: 3 | C37: 0 | D37: 0 | E37: 1 | F37: 2 | G37: 0 | H37: 0 | I37: 0 | J37: 3 | K37: 0 | L37: 0 | M37: 0 | N37: =SUM(B37:M37) -> 9
B40: 39995 | C40: 40026 | D40: 40057 | E40: 40087 | F40: 40118 | G40: 40148 | H40: 40179 | I40: 40210 | J40: 40238 | K40: 40269 | L40: 40299 | M40: 40330 | N40: Total | O40: 2009-2010 Price | P40: Price per unit
A41: GEOBASE
A42: Searches | B42: 2 | C42: 1 | D42: 1 | E42: 9 | F42: 1 | G42: 0 | H42: 0 | I42: 0 | J42: 1 | K42: 4 | L42: 0 | M42: 9 | N42: =SUM(B42:M42) -> 28 | O42: 0 | P42: N/A
B45: 39995 | C45: 40026 | D45: 40057 | E45: 40087 | F45: 40118 | G45: 40148 | H45: 40179 | I45: 40210 | J45: 40238 | K45: 40269 | L45: 40299 | M45: 40330 | N45: Total | O45: 2009-2010 Price | P45: Price per unit
A46: GPO Monthly Catalog
A47: Logons | B47: 12 | C47: 1 | D47: 4 | E47: 13 | F47: 17 | G47: 8 | H47: 4 | I47: 7 | J47: 11 | K47: 16 | L47: 7 | M47: 1 | N47: =SUM(B47:M47) -> 101
A48: Searches | B48: 21 | C48: 2 | D48: 5 | E48: 43 | F48: 29 | G48: 11 | H48: 3 | I48: 5 | J48: 14 | K48: 22 | L48: 10 | M48: 1 | N48: =SUM(B48:M48) -> 166 | O48: 0 | P48: N/A
A49: User Limit | B49: 2 | C49: 2 | D49: 2 | E49: 2 | F49: 2 | G49: 2 | H49: 2 | I49: 2 | J49: 2 | K49: 2 | L49: 2 | M49: 2
A50: Turnaways | B50: 2 | C50: 0 | D50: 0 | E50: 0 | F50: 0 | G50: 0 | H50: 0 | I50: 0 | J50: 0 | K50: 0 | L50: 0 | M50: 0 | N50: =SUM(B50:M50) -> 2
B53: 39995 | C53: 40026 | D53: 40057 | E53: 40087 | F53: 40118 | G53: 40148 | H53: 40179 | I53: 40210 | J53: 40238 | K53: 40269 | L53: 40299 | M53: 40330 | N53: Total | O53: 2009-2010 Price | P53: Price per unit
A54: MEDLINE (free)
A55: Logons | B55: 253 | C55: 78 | D55: 201 | E55: 379 | F55: 454 | G55: 171 | H55: 117 | I55: 282 | J55: 352 | K55: 492 | L55: 103 | M55: 112 | N55: =SUM(B55:M55) -> 2994
A56: Searches | B56: 554 | C56: 137 | D56: 387 | E56: 731 | F56: 903 | G56: 413 | H56: 603 | I56: 609 | J56: 687 | K56: 1084 | L56: 416 | M56: 193 | N56: =SUM(B56:M56) -> 6717 | O56: 0 | P56: N/A
A57: User Limit | B57: 2 | C57: 2 | D57: 2 | E57: 2 | F57: 2 | G57: 2 | H57: 2 | I57: 2 | J57: 2 | K57: 2 | L57: 2 | M57: 2
A58: Turnaways | B58: 211 | C58: 19 | D58: 43 | E58: 41 | F58: 47 | G58: 18 | H58: 8 | I58: 24 | J58: 31 | K58: 103 | L58: 0 | M58: 0 | N58: =SUM(B58:M58) -> 545
B61: 39995 | C61: 40026 | D61: 40057 | E61: 40087 | F61: 40118 | G61: 40148 | H61: 40179 | I61: 40210 | J61: 40238 | K61: 40269 | L61: 40299 | M61: 40330 | N61: Total | O61: 2009-2010 Price | P61: Price per unit
A62: OAIster
A63: Logons | B63: 2 | C63: 0 | D63: 0 | E63: 2 | F63: 0 | G63: 2 | H63: 0 | I63: 2 | J63: 2 | K63: 4 | L63: 0 | M63: 0 | N63: =SUM(B63:M63) -> 14
A64: Searches | B64: 1 | C64: 0 | D64: 0 | E64: 2 | F64: 0 | G64: 2 | H64: 0 | I64: 2 | J64: 9 | K64: 4 | L64: 0 | M64: 0 | N64: =SUM(B64:M64) -> 20 | O64: 0 | P64: N/A
A65: User Limit | B65: 2 | C65: 0 | D65: 0 | E65: 2 | F65: 0 | G65: 2 | H65: 0 | I65: 2 | J65: 2 | K65: 2 | L65: 0 | M65: 0
A66: Turnaways | B66: 0 | C66: 0 | D66: 0 | E66: 0 | F66: 0 | G66: 0 | H66: 0 | I66: 0 | J66: 0 | K66: 0 | L66: 0 | M66: 0 | N66: =SUM(B66:M66) -> 0
B69: 39995 | C69: 40026 | D69: 40057 | E69: 40087 | F69: 40118 | G69: 40148 | H69: 40179 | I69: 40210 | J69: 40238 | K69: 40269 | L69: 40299 | M69: 40330 | N69: Total | O69: 2009-2010 Price | P69: Price per unit
A70: OCLC Electronic Books
A71: Logons | B71: 6 | C71: 5 | D71: 4 | E71: 23 | F71: 5 | G71: 6 | H71: 0 | I71: 4 | J71: 16 | K71: 15 | L71: 4 | M71: 4 | N71: =SUM(B71:M71) -> 92
A72: Searches | B72: 6 | C72: 12 | D72: 2 | E72: 19 | F72: 10 | G72: 9 | H72: 0 | I72: 3 | J72: 13 | K72: 11 | L72: 3 | M72: 5 | N72: =SUM(B72:M72) -> 93 | O72: 0 | P72: N/A
A73: User Limit | B73: 2 | C73: 1 | D73: 1 | E73: 2 | F73: 1 | G73: 2 | H73: 0 | I73: 2 | J73: 2 | K73: 2 | L73: 2 | M73: 2
A74: Turnaways | B74: 0 | C74: 0 | D74: 0 | E74: 0 | F74: 0 | G74: 0 | H74: 0 | I74: 0 | J74: 0 | K74: 0 | L74: 0 | M74: 0 | N74: =SUM(B74:M74) -> 0
B77: 39995 | C77: 40026 | D77: 40057 | E77: 40087 | F77: 40118 | G77: 40148 | H77: 40179 | I77: 40210 | J77: 40238 | K77: 40269 | L77: 40299 | M77: 40330 | N77: Total | O77: 2009-2010 Price | P77: Price per unit
A78: OCLC Electronic Collections Online
A79: Logons | B79: 42 | C79: 10 | D79: 21 | E79: 63 | F79: 47 | G79: 14 | H79: 9 | I79: 29 | J79: 44 | K79: 33 | L79: 7 | M79: 33 | N79: =SUM(B79:M79) -> 352
A80: Searches | B80: 49 | C80: 10 | D80: 26 | E80: 97 | F80: 47 | G80: 11 | H80: 12 | I80: 38 | J80: 47 | K80: 41 | L80: 9 | M80: 51 | N80: =SUM(B80:M80) -> 438 | O80: 0 | P80: N/A
A81: User Limit | B81: 2 | C81: 2 | D81: 2 | E81: 2 | F81: 2 | G81: 2 | H81: 2 | I81: 2 | J81: 2 | K81: 2 | L81: 2 | M81: 2
A82: Turnaways | B82: 0 | C82: 0 | D82: 0 | E82: 0 | F82: 0 | G82: 0 | H82: 0 | I82: 0 | J82: 0 | K82: 0 | L82: 0 | M82: 5 | N82: =SUM(B82:M82) -> 5
B85: 39995 | C85: 40026 | D85: 40057 | E85: 40087 | F85: 40118 | G85: 40148 | H85: 40179 | I85: 40210 | J85: 40238 | K85: 40269 | L85: 40299 | M85: 40330 | N85: Total | O85: 2009-2010 Price | P85: Price per unit
A86: PapersFirst
A87: Logons | B87: 6 | C87: 5 | D87: 6 | E87: 10 | F87: 12 | G87: 6 | H87: 0 | I87: 5 | J87: 4 | K87: 5 | L87: 3 | M87: 3 | N87: =SUM(B87:M87) -> 65
A88: Searches | B88: 8 | C88: 6 | D88: 2 | E88: 11 | F88: 24 | G88: 6 | H88: 0 | I88: 13 | J88: 4 | K88: 5 | L88: 6 | M88: 1 | N88: =SUM(B88:M88) -> 86 | O88: 0 | P88: N/A
A89: User Limit | B89: 2 | C89: 2 | D89: 2 | E89: 2 | F89: 2 | G89: 2 | H89: 0 | I89: 2 | J89: 2 | K89: 2 | L89: 2 | M89: 2
A90: Turnaways | B90: 0 | C90: 0 | D90: 0 | E90: 0 | F90: 0 | G90: 0 | H90: 0 | I90: 0 | J90: 0 | K90: 0 | L90: 0 | M90: 0 | N90: =SUM(B90:M90) -> 0
B93: 39995 | C93: 40026 | D93: 40057 | E93: 40087 | F93: 40118 | G93: 40148 | H93: 40179 | I93: 40210 | J93: 40238 | K93: 40269 | L93: 40299 | M93: 40330 | N93: Total | O93: 2009-2010 Price | P93: Price per unit
A94: ProceedingsFirst
A95: Logons | B95: 3 | C95: 2 | D95: 3 | E95: 5 | F95: 4 | G95: 6 | H95: 0 | I95: 0 | J95: 3 | K95: 5 | L95: 3 | M95: 1 | N95: =SUM(B95:M95) -> 35
A96: Searches | B96: 2 | C96: 2 | D96: 3 | E96: 6 | F96: 3 | G96: 18 | H96: 0 | I96: 0 | J96: 2 | K96: 1 | L96: 4 | M96: 1 | N96: =SUM(B96:M96) -> 42 | O96: 0 | P96: N/A
A97: User Limit | B97: 2 | C97: 2 | D97: 2 | E97: 2 | F97: 2 | G97: 2 | H97: 0 | I97: 0 | J97: 2 | K97: 2 | L97: 2 | M97: 2
A98: Turnaways | B98: 0 | C98: 0 | D98: 0 | E98: 0 | F98: 0 | G98: 0 | H98: 0 | I98: 0 | J98: 0 | K98: 0 | L98: 0 | M98: 0 | N98: =SUM(B98:M98) -> 0
B101: 39995 | C101: 40026 | D101: 40057 | E101: 40087 | F101: 40118 | G101: 40148 | H101: 40179 | I101: 40210 | J101: 40238 | K101: 40269 | L101: 40299 | M101: 40330 | N101: Total | O101: 2009-2010 Price | P101: Price per unit
A102: World Almanacs
A103: Logons | B103: 13 | C103: 0 | D103: 3 | E103: 13 | F103: 12 | G103: 15 | H103: 0 | I103: 10 | J103: 10 | K103: 12 | L103: 7 | M103: 41 | N103: =SUM(B103:M103) -> 136
A104: Searches | B104: 8 | C104: 0 | D104: 1 | E104: 18 | F104: 14 | G104: 24 | H104: 0 | I104: 16 | J104: 9 | K104: 20 | L104: 3 | M104: 77 | N104: =SUM(B104:M104) -> 190 | O104: 0 | P104: N/A
A105: User Limit | B105: 2 | C105: 0 | D105: 2 | E105: 2 | F105: 2 | G105: 2 | H105: 0 | I105: 2 | J105: 2 | K105: 2 | L105: 2 | M105: 2
A106: Turnaways | B106: 0 | C106: 0 | D106: 0 | E106: 0 | F106: 0 | G106: 0 | H106: 0 | I106: 0 | J106: 0 | K106: 0 | L106: 0 | M106: 1 | N106: =SUM(B106:M106) -> 1
B109: 39995 | C109: 40026 | D109: 40057 | E109: 40087 | F109: 40118 | G109: 40148 | H109: 40179 | I109: 40210 | J109: 40238 | K109: 40269 | L109: 40299 | M109: 40330 | N109: Total | O109: 2009-2010 Price | P109: Price per unit
A110: WorldCat
A111: Logons | B111: 198 | C111: 158 | D111: 208 | E111: 357 | F111: 285 | G111: 203 | H111: 138 | I111: 271 | J111: 307 | K111: 228 | L111: 126 | M111: 142 | N111: =SUM(B111:M111) -> 2621
A112: Searches | B112: 1458 | C112: 719 | D112: 636 | E112: 2007 | F112: 821 | G112: 625 | H112: 373 | I112: 1122 | J112: 1132 | K112: 1771 | L112: 401 | M112: 1008 | N112: =SUM(B112:M112) -> 12073 | O112: 0 | P112: =O112/N112 -> 0
A113: User Limit | B113: 2 | C113: 2 | D113: 2 | E113: 2 | F113: 2 | G113: 2 | H113: 2 | I113: 2 | J113: 2 | K113: 2 | L113: 2 | M113: 2
A114: Turnaways | B114: 7 | C114: 2 | D114: 24 | E114: 58 | F114: 43 | G114: 18 | H114: 7 | I114: 55 | J114: 78 | K114: 21 | L114: 2 | M114: 16 | N114: =SUM(B114:M114) -> 331
B117: 39995 | C117: 40026 | D117: 40057 | E117: 40087 | F117: 40118 | G117: 40148 | H117: 40179 | I117: 40210 | J117: 40238 | K117: 40269 | L117: 40299 | M117: 40330 | N117: Total | O117: 2009-2010 Price | P117: Price per unit
A118: WorldCat Dissertations & Theses
A119: Logons | B119: 6 | C119: 3 | D119: 6 | E119: 22 | F119: 11 | G119: 5 | H119: 5 | I119: 10 | J119: 8 | K119: 9 | L119: 5 | M119: 4 | N119: =SUM(B119:M119) -> 94
A120: Searches | B120: 6 | C120: 3 | D120: 8 | E120: 38 | F120: 28 | G120: 5 | H120: 4 | I120: 14 | J120: 8 | K120: 18 | L120: 14 | M120: 14 | N120: =SUM(B120:M120) -> 160 | O120: 0 | P120: N/A
A121: User Limit | B121: 2 | C121: 2 | D121: 2 | E121: 2 | F121: 2 | G121: 2 | H121: 2 | I121: 2 | J121: 2 | K121: 2 | L121: 2 | M121: 2
A122: Turnaways | B122: 0 | C122: 0 | D122: 0 | E122: 0 | F122: 0 | G122: 0 | H122: 0 | I122: 0 | J122: 0 | K122: 1 | L122: 0 | M122: 0 | N122: =SUM(B122:M122) -> 1
B126: 39995 | C126: 40026 | D126: 40057 | E126: 40087 | F126: 40118 | G126: 40148 | H126: 40179 | I126: 40210 | J126: 40238 | K126: 40269 | L126: 40299 | M126: 40330 | N126: Total | O126: 2009-2010 Price | P126: Price per unit
A127: TOTAL FirstSearch
A128: Logons | B128: 687 | C128: 312 | D128: 579 | E128: 1172 | F128: 1106 | G128: 574 | H128: 320 | I128: 776 | J128: 992 | K128: 968 | L128: 328 | M128: 432 | N128: =SUM(B128:M128) -> 8246
A129: Searches | B129: 2641 | C129: 1213 | D129: 1505 | E129: 3882 | F129: 2306 | G129: 1338 | H129: 1220 | I129: 2256 | J129: 2384 | K129: 3537 | L129: 1264 | M129: 1896 | N129: =SUM(B129:M129) -> 25442 | O129: 9606.4 | P129: =O129/N129 -> 0.37758038
A130: Max Ports in Use | B130: 2 | C130: 2 | D130: 2 | E130: 2 | F130: 2 | G130: 2 | H130: 2 | I130: 2 | J130: 2 | K130: 2 | L130: 2 | M130: 2
A131: Turnaways | B131: 223 | C131: 21 | D131: 70 | E131: 107 | F131: 115 | G131: 36 | H131: 15 | I131: 80 | J131: 123 | K131: 126 | L131: 2 | M131: 22 | N131: =SUM(B131:M131) -> 940
B134: 39995 | C134: 40026 | D134: 40057 | E134: 40087 | F134: 40118 | G134: 40148 | H134: 40179 | I134: 40210 | J134: 40238 | K134: 40269 | L134: 40299 | M134: 40330 | N134: Total | O134: 2009-2010 Price | P134: Price per unit
A135: TOTAL FirstSearch Block Use
A136: Searches | B136: 3 | C136: 1 | D136: 4 | E136: 9 | F136: 1 | G136: 2 | H136: 0 | I136: 6 | J136: 27 | K136: 18 | L136: 0 | M136: 9 | N136: =SUM(B136:M136) -> 80 | O136: 0 | P136: N/A

Sheet Greenwood
A1: Greenwood Press
A2: 2009-2010
A4: COUNTER-compliant? | B4: Yes (R2)
B6: 39995 | C6: 40026 | D6: 40057 | E6: 40087 | F6: 40118 | G6: 40148 | H6: 40179 | I6: 40210 | J6: 40238 | K6: 40269 | L6: 40299 | M6: 40330 | N6: Total | O6: 2009-2010 Price | P6: Price per unit
A7: ARBA Online
A8: Searches Run | B8: 0 | C8: 0 | D8: 0 | E8: 0 | F8: 1 | G8: 1 | H8: 2 | I8: 0 | J8: 2 | K8: 1 | L8: 0 | M8: 0 | N8: =SUM(B8:M8) -> 7 | O8: 338 | P8: =O8/N8 -> 48.285714
A9: Sessions Run | B9: 2 | C9: 0 | D9: 0 | E9: 1 | F9: 4 | G9: 2 | H9: 1 | I9: 2 | J9: 7 | K9: 1 | L9: 1 | M9: 0 | N9: =SUM(B9:M9) -> 21

Sheet InfoTrac
A1: InfoTRAC
A2: 2009-2010
A4: COUNTER-Compliant?: | B4: Yes
B6: 39995 | C6: 40026 | D6: 40057 | E6: 40087 | F6: 40118 | G6: 40148 | H6: 40179 | I6: 40210 | J6: 40238 | K6: 40269 | L6: 40299 | M6: 40330 | N6: Total | O6: 2009-2010 Price | P6: Price per unit
A7: Literature Resource Center | O7: Access fee only.
A8: Searches Run | B8: 76 | C8: 40 | D8: 255 | E8: 526 | F8: 928 | G8: 1756 | H8: 118 | I8: 445 | J8: 533 | K8: 781 | L8: 388 | M8: 187 | N8: =SUM(B8:M8) -> 6033 | O8: 1986 | P8: =O8/N8 -> 0.32918946
A9: Sessions | B9: 72 | C9: 47 | D9: 147 | E9: 302 | F9: 687 | G9: 859 | H9: 72 | I9: 312 | J9: 283 | K9: 444 | L9: 228 | M9: 88 | N9: =SUM(B9:M9) -> 3541
A10: Turnaways | B10: 0 | C10: 0 | D10: 0 | E10: 0 | F10: 0 | G10: 0 | H10: 0 | I10: 0 | J10: 0 | K10: 0 | L10: 0 | M10: 0 | N10: =SUM(B10:M10) -> 0
A11: Successful Full-Text Article Requests | B11: 20 | C11: 17 | D11: 66 | E11: 156 | F11: 246 | G11: 474 | H11: 53 | I11: 187 | J11: 211 | K11: 229 | L11: 129 | M11: 64 | N11: =SUM(B11:M11) -> 1852 | O11: 1986 | P11: =O11/N11 -> 1.0723542

Sheet ICPSR
A1: ICPSR
A2: 2009-2010
A4: COUNTER-Compliant?: | B4: No
B6: 39995 | C6: 40026 | D6: 40057 | E6: 40087 | F6: 40118 | G6: 40148 | H6: 40179 | I6: 40210 | J6: 40238 | K6: 40269 | L6: 40299 | M6: 40330 | N6: Total | O6: 2009-2010 Price | P6: Price per unit
A7: ICPSR
A8: Unique files downloaded | D8: 64 | E8: 0 | F8: 4 | G8: 31 | H8: 0 | I8: 740 | J8: 63 | K8: 36 | L8: 0 | M8: 0 | N8: =SUM(B8:M8) -> 938 | O8: 8750 | P8: =O8/N8 -> 9.3283582
A9: Total files downloaded | D9: 74 | E9: 0 | F9: 4 | G9: 31 | H9: 0 | I9: 757 | J9: 68 | K9: 72 | L9: 0 | M9: 0 | N9: =SUM(B9:M9) -> 1006 | O9: 8750 | P9: =O9/N9 -> 8.6978131
A10: Members-only files downloaded | D10: 74 | E10: 0 | F10: 4 | G10: 13 | H10: 0 | I10: 757 | J10: 54 | K10: 34 | L10: 0 | M10: 0 | N10: =SUM(B10:M10) -> 936 | O10: 8750 | P10: =O10/N10 -> 9.3482906
A11: Unique datasets downloaded | D11: 38 | E11: 0 | F11: 1 | G11: 11 | H11: 0 | I11: 163 | J11: 10 | K11: 11 | L11: 0 | M11: 0 | N11: =SUM(B11:M11) -> 234 | O11: 8750 | P11: =O11/N11 -> 37.393162
A12: Total datasets downloaded | D12: 40 | E12: 0 | F12: 1 | G12: 11 | H12: 0 | I12: 169 | J12: 10 | K12: 12 | L12: 0 | M12: 0 | N12: =SUM(B12:M12) -> 243 | O12: 8750 | P12: =O12/N12 -> 36.00823
A13: Members-only datasets downloaded | D13: 40 | E13: 0 | F13: 1 | G13: 1 | H13: 0 | I13: 169 | J13: 8 | K13: 4 | L13: 0 | M13: 0 | N13: =SUM(B13:M13) -> 223 | O13: 8750 | P13: =O13/N13 -> 39.237668
A14: Unique studies downloaded | D14: 6 | E14: 0 | F14: 1 | G14: 4 | H14: 0 | I14: 12 | J14: 8 | K14: 7 | L14: 0 | M14: 0 | N14: =SUM(B14:M14) -> 38 | O14: 8750 | P14: =O14/N14 -> 230.26316
A15: Total studies downloaded | D15: 7 | E15: 0 | F15: 1 | G15: 4 | H15: 0 | I15: 16 | J15: 8 | K15: 8 | L15: 0 | M15: 0 | N15: =SUM(B15:M15) -> 44 | O15: 8750 | P15: =O15/N15 -> 198.86364
A16: Members-only studies downloaded | D16: 7 | E16: 0 | F16: 1 | G16: 1 | H16: 0 | I16: 16 | J16: 6 | K16: 4 | L16: 0 | M16: 0 | N16: =SUM(B16:M16) -> 35 | O16: 8750 | P16: =O16/N16 -> 250
A17: Unique users | D17: 2 | E17: 0 | F17: 1 | G17: 2 | H17: 0 | I17: 1 | J17: 6 | K17: 6 | L17: 0 | M17: 0 | N17: =SUM(B17:M17) -> 18 | O17: 8750 | P17: =O17/N17 -> 486.11111
A22: Note: Subscription started November 19, 2009. Price was pro-rated.

Sheet KCDL
A1: KCDL Online
A2: 2009-2010
A4: COUNTER-Compliant? | B4: No
B6: 39995 | C6: 40026 | D6: 40057 | E6: 40087 | F6: 40118 | G6: 40148 | H6: 40179 | I6: 40210 | J6: 40238 | K6: 40269 | L6: 40299 | M6: 40330 | N6: Total | O6: 2009-2010 Price | P6: Price per unit
A7: KCDL Online
A8: Searches | B8: 2 | C8: 1 | D8: 2 | E8: 52 | F8: 20 | G8: 5 | H8: 3 | I8: 26 | J8: 9 | K8: 7 | L8: 1 | M8: 2 | N8: =SUM(B8:M8) -> 130 | O8: 1850 | P8: =O8/N8 -> 14.230769
A9: Web Pages Delivered | B9: 3 | C9: 5 | D9: 9 | E9: 117 | F9: 55 | G9: 14 | H9: 12 | I9: 95 | J9: 27 | K9: 25 | L9: 3 | M9: 5 | N9: =SUM(B9:M9) -> 370
A100: COUNTER com

Sheet Lexi-Comp
A1: Lexi-Comp
A2: 2009-2010
A4: COUNTER-Compliant?: | B4: No
B6: 39995 | C6: 40026 | D6: 40057 | E6: 40087 | F6: 40118 | G6: 40148 | H6: 40179 | I6: 40210 | J6: 40238 | K6: 40269 | L6: 40299 | M6: 40330 | N6: Total | O6: 2009-2010 Price | P6: Price per unit
A7: Lexi-Comp Online
A8: Logins | B8: 119 | C8: 291 | D8: 427 | E8: 574 | F8: 463 | G8: 426 | H8: 476 | I8: 1107 | J8: 950 | K8: 626 | L8: 524 | M8: 707 | N8: =SUM(B8:M8) -> 6690 | O8: 0 | P8: N/A
A9: Searches | B9: 492 | C9: 630 | D9: 802 | E9: 1458 | F9: 946 | G9: 691 | H9: 775 | I9: 2043 | J9: 2030 | K9: 1552 | L9: 1219 | M9: 1759 | N9: =SUM(B9:M9) -> 14397 | O9: 0 | P9: N/A
A10: Documents Retrieved | B10: 614 | C10: 758 | D10: 1131 | E10: 2193 | F10: 1491 | G10: 954 | H10: 1145 | I10: 2319 | J10: 2425 | K10: 1658 | L10: 1684 | M10: 2319 | N10: =SUM(B10:M10) -> 18691 | O10: 0 | P10: N/A

Sheet LexisNexis
A1: LexisNexis
A2: 2009-2010
A4: COUNTER-Compliant?: | B4: Yes
B6: 39995 | C6: 40026 | D6: 40057 | E6: 40087 | F6: 40118 | G6: 40148 | H6: 40179 | I6: 40210 | J6: 40238 | K6: 40269 | L6: 40299 | M6: 40330 | N6: Total | O6: 2009-2010 Price | P6: Price per unit
A7: Academic
A8: Sessions | B8: 1593 | C8: 408 | D8: 1547 | E8: 3973 | F8: 4830 | G8: 2861 | H8: 1309 | I8: 2360 | J8: 5024 | K8: 6066 | L8: 1700 | M8: 842 | N8: =SUM(B8:M8) -> 32513
A9: Searches | B9: 1221 | C9: 285 | D9: 1181 | E9: 3295 | F9: 3719 | G9: 2115 | H9: 760 | I9: 1762 | J9: 4302 | K9: 4314 | L9: 1421 | M9: 682 | N9: =SUM(B9:M9) -> 25057 | O9: 25295.63 | P9: =O9/N9 -> 1.0095235
B12: 39995 | C12: 40026 | D12: 40057 | E12: 40087 | F12: 40118 | G12: 40148 | H12: 40179 | I12: 40210 | J12: 40238 | K12: 40269 | L12: 40299 | M12: 40330 | N12: Total | O12: 2009-2010 Price | P12: Price per unit
A13: Congressional
A14: Sessions | B14: 10 | C14: 8 | D14: 23 | E14: 30 | F14: 28 | G14: 20 | H14: 7 | I14: 13 | J14: 78 | K14: 32 | L14: 9 | M14: 7 | N14: =SUM(B14:M14) -> 265
A15: Searches | B15: 29 | C15: 20 | D15: 49 | E15: 70 | F15: 42 | G15: 100 | H15: 10 | I15: 28 | J15: 292 | K15: 139 | L15: 16 | M15: 26 | N15: =SUM(B15:M15) -> 821 | O15: 7284.14 | P15: =O15/N15 -> 8.8722777

Sheet MathSciNet
A1: MathSciNet
A2: 2009-2010
A4: COUNTER-Compliant?: | B4: No
B6: 39995 | C6: 40026 | D6: 40057 | E6: 40087 | F6: 40118 | G6: 40148 | H6: 40179 | I6: 40210 | J6: 40238 | K6: 40269 | L6: 40299 | M6: 40330 | N6: Total | O6: 2009-2010 Price | P6: Price per unit
A7: MathSciNet
A8: Sessions | B8: 284 | C8: 963 | D8: 600 | E8: 751 | F8: 995 | G8: 1199 | H8: 1065 | I8: 896 | J8: 663 | K8: 791 | L8: 596 | M8: 328 | N8: =SUM(B8:M8) -> 9131
A9: Queries | B9: 575 | C9: 1290 | D9: 913 | E9: 1063 | F9: 1374 | G9: 1582 | H9: 1642 | I9: 1218 | J9: 1203 | K9: 1203 | L9: 974 | M9: 574 | N9: =SUM(B9:M9) -> 13611 | O9: 7751 | P9: =O9/N9 -> 0.56946587

Sheet Mergent
A1: Mergent
A2: 2009-2010
A4: COUNTER-Compliant?: | B4: No
B6: 39995 | C6: 40026 | D6: 40057 | E6: 40087 | F6: 40118 | G6: 40148 | H6: 40179 | I6: 40210 | J6: 40238 | K6: 40269 | L6: 40299 | M6: 40330 | N6: Total | O6: 2009-2010 Price | P6: Price per unit
A7: MergentOnline
A8: Logins | B8: 26 | C8: 5 | D8: 5 | E8: 38 | F8: 665 | G8: 99 | H8: 10 | I8: 144 | J8: 122 | K8: 179 | L8: 46 | M8: 15 | N8: =SUM(B8:M8) -> 1354
A9: Searched | B9: 132 | C9: 43 | D9: 6 | E9: 55 | F9: 3307 | G9: 253 | H9: 31 | I9: 617 | J9: n/a | K9: 273 | L9: 131 | M9: 50 | N9: =SUM(B9:M9) -> 4898 | O9: 15000 | P9: =O9/N9 -> 3.0624745
A10: Companies Viewed | B10: 68 | C10: 9 | D10: 0 | E10: 55 | F10: 939 | G10: 160 | H10: 7 | I10: 653 | J10: 107 | K10: 239 | L10: 74 | M10: 11 | N10: =SUM(B10:M10) -> 2322 | O10: 15000 | P10: =O10/N10 -> 6.4599483
A11: Time in database | B11: 0.30387731 | C11: 0.08943287 | D11: 0.034131944 | E11: 0.24584491 | F11: 6d 23:18:23 | G11: 0.76778935 | H11: 0.086342593 | I11: 1d 02:37:0 | J11: 1d 09:58:3 | K11: 1d 13:42:5 | L11: 0.48851852 | M11: 0.12185185 | N11: —
B14: 39995 | C14: 40026 | D14: 40057 | E14: 40087 | F14: 40118 | G14: 40148 | H14: 40179 | I14: 40210 | J14: 40238 | K14: 40269 | L14: 40299 | M14: 40330 | N14: Total | O14: 2009-2010 Price | P14: Price per unit
A15: Mergent WebReports
A16: Logins | B16: N/A | C16: N/A | D16: N/A | E16: N/A | F16: N/A | G16: N/A | H16: N/A | I16: N/A | J16: N/A | K16: N/A | L16: N/A | M16: N/A | N16: =SUM(B16:M16) -> 0
A17: Searched | B17: N/A | C17: N/A | D17: N/A | E17: N/A | F17: N/A | G17: N/A | H17: N/A | I17: N/A | J17: N/A | K17: N/A | L17: N/A | M17: N/A | N17: =SUM(B17:M17) -> 0 | P17: N/A
A18: Companies Viewed | B18: N/A | C18: N/A | D18: N/A | E18: N/A | F18: N/A | G18: N/A | H18: N/A | I18: N/A | J18: N/A | K18: N/A | L18: N/A | M18: N/A | N18: =SUM(B18:M18) -> 0 | P18: N/A
A19: Time in database | B19: N/A | C19: N/A | D19: N/A | E19: N/A | F19: N/A | G19: N/A | H19: N/A | I19: N/A | J19: N/A | K19: N/A | L19: N/A | M19: N/A | N19: —
A22: Mergent WebReports purchased 4/2010.

Sheet MetaPress
A1: MetaPress
A2: 2009-2010
A4: COUNTER-Compliant?: | B4: Yes (R3)
B6: 39995 | C6: 40026 | D6: 40057 | E6: 40087 | F6: 40118 | G6: 40148 | H6: 40179 | I6: 40210 | J6: 40238 | K6: 40269 | L6: 40299 | M6: 40330 | N6: Total | O6: 2009-2010 Price | P6: Price per unit
A7: Abstracts in Anthropology
A8: Number of Successful Full-Text Article Requests | B8: 0 | C8: 0 | D8: 0 | E8: 0 | F8: 0 | G8: 0 | H8: 1 | I8: 3 | J8: 0 | K8: 0 | L8: 3 | M8: N/A | N8: =SUM(B8:M8) -> 7 | P8: N/A
A10: Note: This subscription allows users to search a database, yet MetaPress usage statistics only measure "article requests," not searches.
A11: Thus these numbers mean nothing. They do NOT mean that the resource was not used.
A12: Canceled for 2009

Sheet netLibrary
A1: NetLibrary
A2: 2009-2010
A4: COUNTER-Compliant?: | B4: No
B6: 39995 | C6: 40026 | D6: 40057 | E6: 40087 | F6: 40118 | G6: 40148 | H6: 40179 | I6: 40210 | J6: 40238 | K6: 40269 | L6: 40299 | M6: 40330 | N6: Total | O6: 2009-2010 Price | P6: Price per unit
A7: NetLibrary
A8: Total Accesses | B8: 44 | C8: 6 | D8: 18 | E8: 44 | F8: 78 | G8: 31 | H8: 40 | I8: 104 | J8: 62 | K8: 131 | L8: 44 | M8: 46 | N8: =SUM(B8:M8) -> 648 | O8: 0 | P8: N/A
A9: Turnaways | B9: 43 | C9: 0 | D9: 5 | E9: 22 | F9: 10 | G9: 0 | H9: 60 | I9: 19 | J9: 2 | K9: 17 | L9: 14 | M9: 23 | N9: =SUM(B9:M9) -> 215
A12: Note: We have 4,478 shared titles

Sheet Newsbank
A1: Newsbank (Readex)
A2: 2009-2010
A4: COUNTER-Compliant?: | B4: Yes (R2)
B6: 39995 | C6: 40026 | D6: 40057 | E6: 40087 | F6: 40118 | G6: 40148 | H6: 40179 | I6: 40210 | J6: 40238 | K6: 40269 | L6: 40299 | M6: 40330 | N6: Total | O6: 2009-2010 Price | P6: Price per unit
A7: American State Papers, 1789-1838 | O7: Access fee only
A8: Searches run | B8: 2 | C8: 0 | D8: 0 | E8: 4 | F8: 0 | G8: 0 | H8: 1 | I8: 0 | J8: 8 | K8: 1 | L8: 0 | M8: 0 | N8: =SUM(B8:M8) -> 16
A9: Sessions | B9: N/A | C9: N/A | D9: N/A | E9: N/A | F9: N/A | G9: N/A | H9: N/A | I9: N/A | J9: N/A | K9: N/A | L9: N/A | M9: N/A | N9: N/A
B12: 39995 | C12: 40026 | D12: 40057 | E12: 40087 | F12: 40118 | G12: 40148 | H12: 40179 | I12: 40210 | J12: 40238 | K12: 40269 | L12: 40299 | M12: 40330 | N12: Total | O12: 2009-2010 Price | P12: Price per unit
A13: Serial Set Maps | O13: Access fee only
A14: Searches run | B14: 1 | C14: 0 | D14: 0 | E14: 5 | F14: 6 | G14: 0 | H14: 1 | I14: 0 | J14: 36 | K14: 5 | L14: 0 | M14: 7 | N14: =SUM(B14:M14) -> 61
A15: Sessions | B15: N/A | C15: N/A | D15: N/A | E15: N/A | F15: N/A | G15: N/A | H15: N/A | I15: N/A | J15: N/A | K15: N/A | L15: N/A | M15: N/A | N15: N/A
B18: 39995 | C18: 40026 | D18: 40057 | E18: 40087 | F18: 40118 | G18: 40148 | H18: 40179 | I18: 40210 | J18: 40238 | K18: 40269 | L18: 40299 | M18: 40330 | N18: Total | O18: 2009-2010 Price | P18: Price per unit
A19: U.S. Congressional Serial Set 1817-1994 | O19: Access fee only
A20: Searches run | B20: 3 | C20: 58 | D20: 51 | E20: 48 | F20: 14 | G20: 12 | H20: 0 | I20: 12 | J20: 89 | K20: 65 | L20: 0 | M20: 2 | N20: =SUM(B20:M20) -> 354
A21: Sessions | B21: N/A | C21: N/A | D21: N/A | E21: N/A | F21: N/A | G21: N/A | H21: N/A | I21: N/A | J21: N/A | K21: N/A | L21: N/A | M21: N/A | N21: N/A
B24: 39995 | C24: 40026 | D24: 40057 | E24: 40087 | F24: 40118 | G24: 40148 | H24: 40179 | I24: 40210 | J24: 40238 | K24: 40269 | L24: 40299 | M24: 40330 | N24: Total | O24: 2009-2010 Price | P24: Price per unit
A25: Total for Service Newsbank | O25: Access fee only
A26: Searches run | B26: 19 | C26: 60 | D26: 52 | E26: 74 | F26: 43 | G26: 12 | H26: 6 | I26: 287 | J26: 133 | K26: 81 | L26: 0 | M26: 19 | N26: =SUM(B26:M26) -> 786
A27: Sessions | B27: 17 | C27: 55 | D27: 28 | E27: 78 | F27: 42 | G27: 30 | H27: 11 | I27: 47 | J27: 93 | K27: 68 | L27: 14 | M27: 18 | N27: =SUM(B27:M27) -> 501

Sheet OVID
A1: OvidSP
A2: 2009-2010
A4: COUNTER-Compliant?: | B4: Yes (R3)
B6: 39995 | C6: 40026 | D6: 40057 | E6: 40087 | F6: 40118 | G6: 40148 | H6: 40179 | I6: 40210 | J6: 40238 | K6: 40269 | L6: 40299 | M6: 40330 | N6: Total | O6: 2009-2010 Price | P6: Price per unit
A7: Biological Abstracts
A8: Total Searches Run | B8: 18 | C8: 0 | D8: 0 | E8: 0 | F8: 0 | G8: 0 | H8: 0 | I8: 0 | J8: 0 | K8: 0 | L8: 0 | M8: 0 | N8: =SUM(B8:M8) -> 18 | O8: N/A | P8: N/A
A9: Total Sessions | B9: 11 | C9: 0 | D9: 0 | E9: 0 | F9: 0 | G9: 0 | H9: 0 | I9: 0 | J9: 0 | K9: 0 | L9: 0 | M9: 0 | N9: =SUM(B9:M9) -> 11
A10: Turnaways | B10: 0 | C10: 0 | D10: 0 | E10: 0 | F10: 0 | G10: 0 | H10: 0 | I10: 0 | J10: 0 | K10: 0 | L10: 0 | M10: 0 | N10: =SUM(B10:M10) -> 0
B13: 39995 | C13: 40026 | D13: 40057 | E13: 40087 | F13: 40118 | G13: 40148 | H13: 40179 | I13: 40210 | J13: 40238 | K13: 40269 | L13: 40299 | M13: 40330 | N13: Total | O13: 2009-2010 Price | P13: Price per unit
A14: BIOSIS Previews
A15: Total Searches Run | B15: 2 | C15: 0 | D15: 0 | E15: 0 | F15: 0 | G15: 0 | H15: 0 | I15: 0 | J15: 0 | K15: 0 | L15: 0 | M15: 0 | N15: =SUM(B15:M15) -> 2 | O15: N/A | P15: N/A
A16: Total Sessions | B16: 2 | C16: 0 | D16: 0 | E16: 0 | F16: 0 | G16: 0 | H16: 0 | I16: 0 | J16: 0 | K16: 0 | L16: 0 | M16: 0 | N16: =SUM(B16:M16) -> 2
A17: Turnaways | B17: 0 | C17: 0 | D17: 0 | E17: 0 | F17: 0 | G17: 0 | H17: 0 | I17: 0 | J17: 0 | K17: 0 | L17: 0 | M17: 0 | N17: =SUM(B17:M17) -> 0
B20: 39995 | C20: 40026 | D20: 40057 | E20: 40087 | F20: 40118 | G20: 40148 | H20: 40179 | I20: 40210 | J20: 40238 | K20: 40269 | L20: 40299 | M20: 40330 | N20: Total | O20: 2009-2010 Price | P20: Price per unit
A21: Ovid MEDLINE (free)
A22: Total Searches Run | B22: 0 | C22: 0 | D22: 0 | E22: 4 | F22: 0 | G22: 0 | H22: 0 | I22: 0 | J22: 3 | K22: 1 | L22: 0 | M22: 0 | N22: =SUM(B22:M22) -> 8 | O22: N/A | P22: N/A
A23: Total Sessions | B23: 0 | C23: 0 | D23: 0 | E23: 1 | F23: 0 | G23: 0 | H23: 0 | I23: 0 | J23: 2 | K23: 3 | L23: 0 | M23: 0 | N23: =SUM(B23:M23) -> 6
A24: Turnaways | B24: 0 | C24: 0 | D24: 0 | E24: 0 | F24: 0 | G24: 0 | H24: 0 | I24: 0 | J24: 0 | K24: 0 | L24: 0 | M24: 0 | N24: =SUM(B24:M24) -> 0
B27: 39995 | C27: 40026 | D27: 40057 | E27: 40087 | F27: 40118 | G27: 40148 | H27: 40179 | I27: 40210 | J27: 40238 | K27: 40269 | L27: 40299 | M27: 40330 | N27: Total | O27: 2009-2010 Price | P27: Price per unit
A28: Journals@Ovid Full Text
A29: Total Searches Run | B29: 153 | C29: 99 | D29: 545 | E29: 541 | F29: 869 | G29: 310 | H29: 192 | I29: 622 | J29: 891 | K29: 1076 | L29: 243 | M29: 344 | N29: =SUM(B29:M29) -> 5885
A30: Total Sessions | B30: 134 | C30: 82 | D30: 556 | E30: 510 | F30: 805 | G30: 298 | H30: 189 | I30: 531 | J30: 760 | K30: 907 | L30: 216 | M30: 289 | N30: =SUM(B30:M30) -> 5277
A31: Turnaways | B31: 0 | C31: 0 | D31: 0 | E31: 0 | F31: 0 | G31: 0 | H31: 0 | I31: 0 | J31: 0 | K31: 0 | L31: 0 | M31: 0 | N31: =SUM(B31:M31) -> 0
B35: 39995 | C35: 40026 | D35: 40057 | E35: 40087 | F35: 40118 | G35: 40148 | H35: 40179 | I35: 40210 | J35: 40238 | K35: 40269 | L35: 40299 | M35: 40330 | N35: Total | O35: 2009-2010 Price | P35: Price per unit
A36: Your Journals@Ovid
A37: Total Searches Run | B37: 3 | C37: 15 | D37: 73 | E37: 53 | F37: 70 | G37: 16 | H37: 25 | I37: 41 | J37: 92 | K37: 27 | L37: 2 | M37: 0 | N37: =SUM(B37:M37) -> 417
A38: Total Sessions | B38: 3 | C38: 11 | D38: 72 | E38: 44 | F38: 60 | G38: 16 | H38: 12 | I38: 40 | J38: 88 | K38: 21 | L38: 2 | M38: 1 | N38: =SUM(B38:M38) -> 370
A39: Turnaways | B39: 0 | C39: 0 | D39: 0 | E39: 0 | F39: 0 | G39: 0 | H39: 0 | I39: 0 | J39: 0 | K39: 0 | L39: 0 | M39: 0 | N39: =SUM(B39:M39) -> 0
B42: 39995 | C42: 40026 | D42: 40057 | E42: 40087 | F42: 40118 | G42: 40148 | H42: 40179 | I42: 40210 | J42: 40238 | K42: 40269 | L42: 40299 | M42: 40330 | N42: Total | O42: 2009-2010 Price | P42: Price per unit
A43: Total for Service Ovid
A44: Total Searches Run | B44: 176 | C44: 114 | D44: 618 | E44: 598 | F44: 939 | G44: 326 | H44: 217 | I44: 633 | J44: 986 | K44: 1104 | L44: 245 | M44: 344 | N44: =SUM(B44:M44) -> 6300 | O44: N/A | P44: N/A
A45: Total Sessions | B45: 150 | C45: 93 | D45: 628 | E45: 555 | F45: 865 | G45: 314 | H45: 197 | I45: 560 | J45: 560 | K45: 812 | L45: 218 | M45: 290 | N45: =SUM(B45:M45) -> 5242
A46: Turnaways | B46: 0 | C46: 0 | D46: 0 | E46: 0 | F46: 0 | G46: 0 | H46: 0 | I46: 0 | J46: 0 | K46: 0 | L46: 0 | M46: 0 | N46: =SUM(B46:M46) -> 0

Sheet Oxford
A1: Oxford
A2: 2009-2010
A4: COUNTER-Compliant?: | B4: No
B6: 39995 | C6: 40026 | D6: 40057 | E6: 40087 | F6: 40118 | G6: 40148 | H6: 40179 | I6: 40210 | J6: 40238 | K6: 40269 | L6: 40299 | M6: 40330 | N6: Total | O6: 2009-2010 Price | P6: Price per unit
A7: Grove Music Online
A8: Session (Logins) | B8: 18 | C8: 7 | D8: 31 | E8: 44 | F8: 27 | G8: 33 | H8: 20 | I8: 57 | J8: 89 | K8: 69 | L8: 29 | M8: 48 | N8: =SUM(B8:M8) -> 472
A9: Full-Content Units Requested | B9: 28 | C9: 15 | D9: 83 | E9: 81 | F9: 74 | G9: 109 | H9: 22 | I9: 162 | J9: 206 | K9: 139 | L9: 92 | M9: 124 | N9: =SUM(B9:M9) -> 1135
A10: Queries (Searches) | B10: 28 | C10: 9 | D10: 48 | E10: 91 | F10: 51 | G10: 64 | H10: 15 | I10: 182 | J10: 163 | K10: 119 | L10: 88 | M10: 123 | N10: =SUM(B10:M10) -> 981 | O10: 1597.5 | P10: =O10/N10 -> 1.6284404
A11: Turnaways | B11: 0 | C11: 0 | D11: 0 | E11: 248 | F11: 0 | G11: 0 | H11: 0 | I11: 117 | J11: 14 | K11: 3 | L11: 0 | M11: 0 | N11: =SUM(B11:M11) -> 382
A13: Oxford English Dictionary
A14: Session (Logins) | B14: 207 | C14: 105 | D14: 505 | E14: 842 | F14: 809 | G14: 625 | H14: 79 | I14: 454 | J14: 941 | K14: 470 | L14: 368 | M14: 221 | N14: =SUM(B14:M14) -> 5626
A15: Full-Content Units Requested | B15: 624 | C15: 264 | D15: 2373 | E15: 3333 | F15: 2475 | G15: 2138 | H15: 268 | I15: 1697 | J15: 3118 | K15: 1361 | L15: 1054 | M15: 677 | N15: =SUM(B15:M15) -> 19382
A16: Queries (Searches) | B16: 708 | C16: 316 | D16: 2668 | E16: 3272 | F16: 2353 | G16: 2252 | H16: 290 | I16: 1930 | J16: 3290 | K16: 1506 | L16: 1224 | M16: 539 | N16: =SUM(B16:M16) -> 20348 | O16: 2968.02 | P16: =O16/N16 -> 0.14586298
A17: Turnaways | B17: 0 | C17: 0 | D17: 0 | E17: 0 | F17: 0 | G17: 0 | H17: 0 | I17: 0 | J17: 0 | K17: 0 | L17: 0 | M17: 0 | N17: =SUM(B17:M17) -> 0

Sheet ProQuest
A1: ProQuest databases
A2: 2009-2010
A4: COUNTER-Compliant?: | B4: Yes
B6: 39995 | C6: 40026 | D6: 40057 | E6: 40087 | F6: 40118 | G6: 40148 | H6: 40179 | I6: 40210 | J6: 40238 | K6: 40269 | L6: 40299 | M6: 40330 | N6: Total | O6: 2009-2010 Price | P6: Price per unit
A7: ABI/INFORM Dateline
A8: Searches | B8: 731 | C8: 308 | D8: 631 | E8: 1795 | F8: 1709 | G8: 1291 | H8: 626 | I8: 1137 | J8: 1496 | K8: 1824 | L8: 705 | M8: 563 | N8: =SUM(B8:M8) -> 12816 | O8: 0 | P8: N/A
A9: Sessions | B9: 201 | C9: 86 | D9: 215 | E9: 544 | F9: 535 | G9: 378 | H9: 212 | I9: 468 | J9: 573 | K9: 711 | L9: 285 | M9: 214 | N9: =SUM(B9:M9) -> 4422
B12: 39995 | C12: 40026 | D12: 40057 | E12: 40087 | F12: 40118 | G12: 40148 | H12: 40179 | I12: 40210 | J12: 40238 | K12: 40269 | L12: 40299 | M12: 40330 | N12: Total | O12: 2009-2010 Price | P12: Price per unit
A13: ABI/INFORM Global
A14: Searches | B14: 1080 | C14: 397 | D14: 1128 | E14: 2641 | F14: 3403 | G14: 2037 | H14: 1199 | I14: 1927 | J14: 2823 | K14: 2643 | L14: 1062 | M14: 1417 | N14: =SUM(B14:M14) -> 21757 | O14: 19320 | P14: =O14/N14 -> 0.88799007
A15: Sessions | B15: 302 | C15: 120 | D15: 328 | E15: 726 | F15: 1002 | G15: 575 | H15: 440 | I15: 772 | J15: 925 | K15: 897 | L15: 327 | M15: 408 | N15: =SUM(B15:M15) -> 6822
B18: 39995 | C18: 40026 | D18: 40057 | E18: 40087 | F18: 40118 | G18: 40148 | H18: 40179 | I18: 40210 | J18: 40238 | K18: 40269 | L18: 40299 | M18: 40330 | N18: Total | O18: 2009-2010 Price | P18: Price per unit
A19: ABI/INFORM Trade & Industry
A20: Searches | B20: 796 | C20: 287 | D20: 639 | E20: 1552 | F20: 1383 | G20: 1217 | H20: 590 | I20: 1132 | J20: 1377 | K20: 1603 | L20: 702 | M20: 543 | N20: =SUM(B20:M20) -> 11821 | O20: 0 | P20: N/A
A21: Sessions | B21: 211 | C21: 86 | D21: 196 | E21: 490 | F21: 485 | G21: 370 | H21: 232 | I21: 438 | J21: 472 | K21: 595 | L21: 220 | M21: 204 | N21: =SUM(B21:M21) -> 3999
B24: 39995 | C24: 40026 | D24: 40057 | E24: 40087 | F24: 40118 | G24: 40148 | H24: 40179 | I24: 40210 | J24: 40238 | K24: 40269 | L24: 40299 | M24: 40330 | N24: Total | O24: 2009-2010 Price | P24: Price per unit
A25: Dissertations & Theses
A26: Searches | B26: 740 | C26: 384 | D26: 841 | E26: 1823 | F26: 1514 | G26: 1281 | H26: 715 | I26: 1150 | J26: 1430 | K26: 1343 | L26: 683 | M26: 710 | N26: =SUM(B26:M26) -> 12614 | O26: 0 | P26: N/A
B29: 39995 | C29: 40026 | D29: 40057 | E29: 40087 | F29: 40118 | G29: 40148 | H29: 40179 | I29: 40210 | J29: 40238 | K29: 40269 | L29: 40299 | M29: 40330 | N29: Total | O29: 2009-2010 Price | P29: Price per unit
A30: Dissertations & Theses: A&I
A31: Searches | B31: 709 | C31: 362 | D31: 776 | E31: 1737 | F31: 1444 | G31: 1246 | H31: 647 | I31: 1016 | J31: 1334 | K31: 1291 | L31: 614 | M31: 658 | N31: =SUM(B31:M31) -> 11834 | O31: 6010 | P31: =O31/N31 -> 0.50785871
A32: Sessions | B32: 215 | C32: 122 | D32: 265 | E32: 551 | F32: 505 | G32: 350 | H32: 216 | I32: 405 | J32: 476 | K32: 542 | L32: 232 | M32: 231 | N32: =SUM(B32:M32) -> 4110
B35: 39995 | C35: 40026 | D35: 40057 | E35: 40087 | F35: 40118 | G35: 40148 | H35: 40179 | I35: 40210 | J35: 40238 | K35: 40269 | L35: 40299 | M35: 40330 | N35: Total | O35: 2009-2010 Price | P35: Price per unit
A36: Dissertations & Theses @ University of Rhode Island / Rhode Island College
A37: Searches | B37: 740 | C37: 384 | D37: 841 | E37: 1822 | F37: 1514 | G37: 1281 | H37: 715 | I37: 1150 | J37: 1430 | K37: 1343 | L37: 682 | M37: 669 | N37: =SUM(B37:M37) -> 12571 | O37: 0 | P37: N/A
A38: Sessions | B38: 226 | C38: 129 | D38: 285 | E38: 595 | F38: 530 | G38: 369 | H38: 238 | I38: 442 | J38: 504 | K38: 567 | L38: 253 | M38: 247 | N38: =SUM(B38:M38) -> 4385
B41: 39995 | C41: 40026 | D41: 40057 | E41: 40087 | F41: 40118 | G41: 40148 | H41: 40179 | I41: 40210 | J41: 40238 | K41: 40269 | L41: 40299 | M41: 40330 | N41: Total | O41: 2009-2010 Price | P41: Price per unit
A42: Los Angeles Times
A43: Searches | B43: 569 | C43: 285 | D43: 470 | E43: 1442 | F43: 1278 | G43: 927 | H43: n/a | I43: n/a | J43: n/a | K43: n/a | L43: n/a | M43: n/a | N43: =SUM(B43:M43) -> 4971 | O43: 0 | P43: N/A
A44: Sessions | B44: 160 | C44: 81 | D44: 148 | E44: 451 | F44: 439 | G44: 225 | H44: n/a | I44: n/a | J44: n/a | K44: n/a | L44: n/a | M44: n/a | N44: =SUM(B44:M44) -> 1504
B47: 39995 | C47: 40026 | D47: 40057 | E47: 40087 | F47: 40118 | G47: 40148 | H47: 40179 | I47: 40210 | J47: 40238 | K47: 40269 | L47: 40299 | M47: 40330 | N47: Total | O47: 2009-2010 Price | P47: Price per unit
A48: ProQuest Historical Newspapers The New York Times (1851-2006)
A49: Searches | B49: 11 | C49: 21 | D49: 0 | E49: n/a | F49: n/a | G49: n/a | H49: n/a | I49: n/a | J49: n/a | K49: n/a | L49: n/a | M49: n/a | N49: =SUM(B49:M49) -> 32 | O49: 0 | P49: N/A
A50: Sessions | B50: 4 | C50: 4 | D50: 0 | E50: n/a | F50: n/a | G50: n/a | H50: n/a | I50: n/a | J50: n/a | K50: n/a | L50: n/a | M50: n/a | N50: =SUM(B50:M50) -> 8
B53: 39995 | C53: 40026 | D53: 40057 | E53: 40087 | F53: 40118 | G53: 40148 | H53: 40179 | I53: 40210 | J53: 40238 | K53: 40269 | L53: 40299 | M53: 40330 | N53: Total | O53: 2009-2010 Price | P53: Price per unit
A54: ProQuest National Newspapers Core
A55: Searches | B55: 699 | C55: 311 | D55: 735 | E55: 1590 | F55: 1605 | G55: 1291 | H55: 725 | I55: 1753 | J55: 1197 | K55: 1478 | L55: 702 | M55: 600 | N55: =SUM(B55:M55) -> 12686 | O55: 3370 | P55: =O55/N55 -> 0.26564717
A56: Sessions | B56: 191 | C56: 87 | D56: 226 | E56: 496 | F56: 560 | G56: 372 | H56: 253 | I56: 523 | J56: 440 | K56: 586 | L56: 211 | M56: 205 | N56: =SUM(B56:M56) -> 4150
B59: 39995 | C59: 40026 | D59: 40057 | E59: 40087 | F59: 40118 | G59: 40148 | H59: 40179 | I59: 40210 | J59: 40238 | K59: 40269 | L59: 40299 | M59: 40330 | N59: Total | O59: 2009-2010 Price | P59: Price per unit
A60: ProQuest Newspapers
A61: Searches | B61: 891 | C61: 403 | D61: 868 | E61: 1737 | F61: 1852 | G61: 1359 | H61: 887 | I61: 1844 | J61: 1510 | K61: 1728 | L61: 867 | M61: 709 | N61: =SUM(B61:M61) -> 14655 | O61: 0 | P61: N/A
B64: 39995 | C64: 40026 | D64: 40057 | E64: 40087 | F64: 40118 | G64: 40148 | H64: 40179 | I64: 40210 | J64: 40238 | K64: 40269 | L64: 40299 | M64: 40330 | N64: Total | O64: 2009-2010 Price | P64: Price per unit
A65: Providence Journal-Bulletin
A66: Searches | B66: 760 | C66: 372 | D66: 694 | E66: 1607 | F66: 1489 | G66: 1208 | H66: 675 | I66: 918 | J66: 1310 | K66: 1462 | L66: 563 | M66: 621 | N66: =SUM(B66:M66) -> 11679 | O66: 1940 | P66: =O66/N66 -> 0.16611011
A67: Sessions | B67: 188 | C67: 106 | D67: 214 | E67: 500 | F67: 505 | G67: 320 | H67: 199 | I67: 339 | J67: 458 | K67: 557 | L67: 196 | M67: 205 | N67: =SUM(B67:M67) -> 3787
B69: 39995 | C69: 40026 | D69: 40057 | E69: 40087 | F69: 40118 | G69: 40148 | H69: 40179 | I69: 40210 | J69: 40238 | K69: 40269 | L69: 40299 | M69: 40330 | N69: Total | O69: 2009-2010 Price | P69: Price per unit
A70: Safari Books Online
A71: Searches | N71: =SUM(B71:M71) -> 0 | O71: 4501 | P71: N/A
A72: Sessions | N72: =SUM(B72:M72) -> 0
B74: 39995 | C74: 40026 | D74: 40057 | E74: 40087 | F74: 40118 | G74: 40148 | H74: 40179 | I74: 40210 | J74: 40238 | K74: 40269 | L74: 40299 | M74: 40330 | N74: Total | O74: 2009-2010 Price | P74: Price per unit
A75: Wall Street Journal
A76: Searches | B76: 573 | C76: 288 | D76: 462 | E76: 1444 | F76: 1314 | G76: 1143 | H76: 513 | I76: 836 | J76: 1026 | K76: 1218 | L76: 586 | M76: 519 | N76: =SUM(B76:M76) -> 9922 | O76: 0 | P76: N/A
A77: Sessions | B77: 161 | C77: 82 | D77: 148 | E77: 451 | F77: 441 | G77: 298 | H77: 166 | I77: 316 | J77: 388 | K77: 506 | L77: 181 | M77: 186 | N77: =SUM(B77:M77) -> 3324

Sheet ReferenceUSA
A1: ReferenceUSA
A2: 2009-2010
A4: COUNTER-Compliant?: | B4: No
B6: 39995 | C6: 40026 | D6: 40057 | E6: 40087 | F6: 40118 | G6: 40148 | H6: 40179 | I6: 40210 | J6: 40238 | K6: 40269 | L6: 40299 | M6: 40330 | N6: Total
A7: U.S. Business
A8: Logins | B8: 32 | C8: 22 | D8: 64 | E8: 151 | F8: 88 | G8: 53 | H8: 47 | I8: 177 | J8: 107 | K8: 96 | L8: 58 | M8: 88 | N8: =SUM(B8:M8) -> 983
A9: # of Searches | B9: 127 | C9: 99 | D9: 62 | E9: 286 | F9: 125 | G9: 86 | H9: 135 | I9: 575 | J9: 274 | K9: 279 | L9: 122 | M9: 1158 | N9: =SUM(B9:M9) -> 3328
A10: # of Result Pages | B10: 471 | C10: 432 | D10: 137 | E10: 1006 | F10: 559 | G10: 140 | H10: 964 | I10: 1960 | J10: 533 | K10: 373 | L10: 189 | M10: 1121 | N10: =SUM(B10:M10) -> 7885
A11: Total Records on Results | B11: 11677 | C11: 10800 | D11: 3425 | E11: 25150 | F11: 13975 | G11: 3500 | H11: 24100 | I11: 49000 | J11: 11771 | K11: 6372 | L11: 3108 | M11: 18964 | N11: =SUM(B11:M11) -> 181842
A12: # of Detail Views | B12: 23 | C12: 19 | D12: 45 | E12: 270 | F12: 65 | G12: 126 | H12: 0 | I12: 439 | J12: 196 | K12: 160 | L12: 95 | M12: 244 | N12: =SUM(B12:M12) -> 1682
A13: Total Detail Records Viewed | B13: 23 | C13: 19 | D13: 45 | E13: 270 | F13: 65 | G13: 126 | H13: 0 | I13: 439 | J13: 196 | K13: 160 | L13: 95 | M13: 244 | N13: =SUM(B13:M13) -> 1682
A14: # of Prints | B14: 10 | C14: 5 | D14: 2 | E14: 52 | F14: 3 | G14: 0 | H14: 0 | I14: 0 | J14: 6 | K14: 0 | L14: 8 | M14: 4 | N14: =SUM(B14:M14) -> 90
A15: Total Records Printed | B15: 24 | C15: 101 | D15: 50 | E15: 1956 | F15: 2395 | G15: 0 | H15: 0 | I15: 0 | J15: 50 | K15: 0 | L15: 9 | M15: 16 | N15: =SUM(B15:M15) -> 4601
A16: # of Downloads | B16: 71 | C16: 69 | D16: 1 | E16: 19 | F16: 31 | G16: 180 | H16: 144 | I16: 176 | J16: 24 | K16: 11 | L16: 17 | M16: 40 | N16: =SUM(B16:M16) -> 783
A17: Total Records Downloaded | B17: 3479 | C17: 3425 | D17: 25 | E17: 471 | F17: 1054 | G17: 0 | H17: 5779 | I17: 7711 | J17: 782 | K17: 223 | L17: 466 | M17: 1690 | N17: =SUM(B17:M17) -> 25105
A18: # of Emails | B18: 0 | C18: 0 | D18: 0 | E18: 0 | F18: 0 | G18: 0 | H18: 0 | I18: 0 | J18: 0 | K18: 0 | L18: 0 | M18: 0 | N18: =SUM(B18:M18) -> 0
A19: Total Records Emailed | B19: 0 | C19: 0 | D19: 0 | E19: 0 | F19: 0 | G19: 0 | H19: 0 | I19: 0 | J19: 0 | K19: 0 | L19: 0 | M19: 0 | N19: =SUM(B19:M19) -> 0
... A21: Total Records Purchased | B21: 0 | C21: 0 | D21: 0 | E21: 0 | F21: 0 | G21: 0 | H21: 0 | I21: 0 | J21: 0 | K21: 0 | L21: 0 | M21: 0 | N21: =SUM(B21:M21) -> 0
B24: 39995 | C24: 40026 | D24: 40057 | E24: 40087 | F24: 40118 | G24: 40148 | H24: 40179 | I24: 40210 | J24: 40238 | K24: 40269 | L24: 40299 | M24: 40330 | N24: Total
A25: U.S. Residential
A26: Logins | B26: 32 | C26: 22 | D26: 64 | E26: 151 | F26: 88 | G26: 53 | H26: 47 | I26: 177 | J26: 107 | K26: 96 | L26: 58 | M26: 88 | N26: =SUM(B26:M26) -> 983
A27: # of Searches | B27: 8 | C27: 14 | D27: 28 | E27: 18 | F27: 20 | G27: 3 | H27: 9 | I27: 20 | J27: 33 | K27: 32 | L27: 157 | M27: 38 | N27: =SUM(B27:M27) -> 380
A28: # of Result Pages | B28: 9 | C28: 18 | D28: 40 | E28: 31 | F28: 31 | G28: 3 | H28: 9 | I28: 39 | J28: 75 | K28: 40 | L28: 207 | M28: 34 | N28: =SUM(B28:M28) -> 536
A29: Total Records on Results | B29: 86 | C29: 227 | D29: 661 | E29: 469 | F29: 547 | G29: 5 | H29: 61 | I29: 975 | J29: 1703 | K29: 735 | L29: 3294 | M29: 244 | N29: =SUM(B29:M29) -> 9007
A30: # of Detail Views | B30: 0 | C30: 0 | D30: 0 | E30: 0 | F30: 0 | G30: 0 | H30: 0 | I30: 8 | J30: 6 | K30: 5 | L30: 103 | M30: 16 | N30: =SUM(B30:M30) -> 138
A31: Total Detail Records Viewed | B31: 0 | C31: 0 | D31: 0 | E31: 0 | F31: 0 | G31: 0 | H31: 0 | I31: 8 | J31: 6 | K31: 5 | L31: 103 | M31: 16 | N31: =SUM(B31:M31) -> 138
A32: # of Prints | B32: 5 | C32: 4 | D32: 6 | E32: 2 | F32: 9 | G32: 1 | H32: 7 | I32: 0 | J32: 0 | K32: 0 | L32: 8 | M32: 2 | N32: =SUM(B32:M32) -> 44
A33: Total Records Printed | B33: 5 | C33: 4 | D33: 6 | E33: 2 | F33: 9 | G33: 1 | H33: 7 | I33: 0 | J33: 0 | K33: 0 | L33: 9 | M33: 5 | N33: =SUM(B33:M33) -> 48
A34: # of Downloads | B34: 0 | C34: 0 | D34: 0 | E34: 0 | F34: 0 | G34: 0 | H34: 0 | I34: 0 | J34: 7 | K34: 0 | L34: 17 | M34: 0 | N34: =SUM(B34:M34) -> 24
A35: Total Records Downloaded | B35: 0 | C35: 0 | D35: 0 | E35: 0 | F35: 0 | G35: 0 | H35: 0 | I35: 0 | J35: 275 | K35: 0 | L35: 466 | M35: 0 | N35: =SUM(B35:M35) -> 741
A36: # of Emails | B36: 0 | C36: 0 | D36: 0 | E36: 0 | F36: 0 | G36: 0 | H36: 0 | I36: 0 | J36: 0 | K36: 0 | L36: 0 | M36: 0 | N36: =SUM(B36:M36) -> 0
A37: Total Records Emailed | B37: 0 | C37: 0 | D37: 0 | E37: 0 | F37: 0 | G37: 0 | H37: 0 | I37: 0 | J37: 0 | K37: 0 | L37: 0 | M37: 0 | N37: =SUM(B37:M37) -> 0
... A39: Total Records Purchased | B39: 0 | C39: 0 | D39: 0 | E39: 0 | F39: 0 | G39: 0 | H39: 0 | I39: 0 | J39: 0 | K39: 0 | L39: 0 | M39: 0 | N39: =SUM(B39:M39) -> 0
B42: 39995 | C42: 40026 | D42: 40057 | E42: 40087 | F42: 40118 | G42: 40148 | H42: 40179 | I42: 40210 | J42: 40238 | K42: 40269 | L42: 40299 | M42: 40330 | N42: Total | O42: 2009-2010 Price | P42: Price per unit
A43: Summary
A44: Logins | B44: =B26 -> 32 | C44: =C26 -> 22 | D44: =D26 -> 64 | E44: =E26 -> 151 | F44: =F26 -> 88 | G44: =G26 -> 53 | H44: =H26 -> 47 | I44: =I26 -> 177 | ... M44: =M26 -> 88 | N44: =SUM(B44:M44) -> 983
A45: # of Searches | B45: =B9+B27 -> 135 | C45: =C9+C27 -> 113 | D45: =D9+D27 -> 90 | E45: =E9+E27 -> 304 | F45: =F9+F27 -> 145 | G45: =G9+G27 -> 89 | H45: =H9+H27 -> 144 | I45: =I9+I27 -> 595 | ... M45: =M9+M27 -> 1196 | N45: =SUM(B45:M45) -> 3708 | P45: =O45/N45 -> 0
A46: # of Result Pages | B46: =B10+B28 -> 480 | C46: =C10+C28 -> 450 | D46: =D10+D28 -> 177 | E46: =E10+E28 -> 1037 | F46: =F10+F28 -> 590 | G46: =G10+G28 -> 143 | H46: =H10+H28 -> 973 | I46: =I10+I28 -> 1999 | ... M46: =M10+M28 -> 1155 | N46: =SUM(B46:M46) -> 8421
A47: Total Records on Results | B47: =B11+B29 -> 11763 | C47: =C11+C29 -> 11027 | D47: =D11+D29 -> 4086 | E47: =E11+E29 -> 25619 | F47: =F11+F29 -> 14522 | G47: =G11+G29 -> 3505 | H47: =H11+H29 -> 24161 | I47: =I11+I29 -> 49975 | ... M47: =M11+M29 -> 19208 | N47: =SUM(B47:M47) -> 190849
A48: # of Detail Views | B48: =B12+B30 -> 23 | C48: =C12+C30 -> 19 | D48: =D12+D30 -> 45 | E48: =E12+E30 -> 270 | F48: =F12+F30 -> 65 | G48: =G12+G30 -> 126 | H48: =H12+H30 -> 0 | I48: =I12+I30 -> 447 | ... M48: =M12+M30 -> 260 | N48: =SUM(B48:M48) -> 1820
A49: Total Detail Records Viewed | B49: =B13+B31 -> 23 | C49: =C13+C31 -> 19 | D49: =D13+D31 -> 45 | E49: =E13+E31 -> 270 | F49: =F13+F31 -> 65 | G49: =G13+G31 -> 126 | H49: =H13+H31 -> 0 | I49: =I13+I31 -> 447 | ... M49: =M13+M31 -> 260 | N49: =SUM(B49:M49) -> 1820
A50: Residential Searches | B50: =B14+B32 -> 15 | C50: =C14+C32 -> 9 | D50: =D14+D32 -> 8 | E50: =E14+E32 -> 54 | F50: =F14+F32 -> 12 | G50: =G14+G32 -> 1 | H50: =H14+H32 -> 7 | I50: =I14+I32 -> 0 | ... M50: =M14+M32 -> 6 | N50: =SUM(B50:M50) -> 134
A51: Total Records Printed | B51: =B15+B33 -> 29 | C51: =C15+C33 -> 105 | D51: =D15+D33 -> 56 | E51: =E15+E33 -> 1958 | F51: =F15+F33 -> 2404 | G51: =G15+G33 -> 1 | H51: =H15+H33 -> 7 | I51: =I15+I33 -> 0 | ... M51: =M15+M33 -> 21 | N51: =SUM(B51:M51) -> 4649
A52: # of Downloads | B52: =B16+B34 -> 71 | C52: =C16+C34 -> 69 | D52: =D16+D34 -> 1 | E52: =E16+E34 -> 19 | F52: =F16+F34 -> 31 | G52: =G16+G34 -> 180 | H52: =H16+H34 -> 144 | I52: =I16+I34 -> 176 | ... M52: =M16+M34 -> 40 | N52: =SUM(B52:M52) -> 807
A53: Total Records Downloaded | B53: =B17+B35 -> 3479 | C53: =C17+C35 -> 3425 | D53: =D17+D35 -> 25 | E53: =E17+E35 -> 471 | F53: =F17+F35 -> 1054 | G53: =G17+G35 -> 0 | H53: =H17+H35 -> 5779 | I53: =I17+I35 -> 7711 | ... M53: =M17+M35 -> 1690 | N53: =SUM(B53:M53) -> 25846
A54: # of Emails | B54: =B18+B36 -> 0 | C54: =C18+C36 -> 0 | D54: =D18+D36 -> 0 | E54: =E18+E36 -> 0 | F54: =F18+F36 -> 0 | G54: =G18+G36 -> 0 | H54: =H18+H36 -> 0 | I54: =I18+I36 -> 0 | ... M54: =M18+M36 -> 0 | N54: =SUM(B54:M54) -> 0
A55: Total Records Emailed | B55: =B19+B37 -> 0 | C55: =C19+C37 -> 0 | D55: =D19+D37 -> 0 | E55: =E19+E37 -> 0 | F55: =F19+F37 -> 0 | G55: =G19+G37 -> 0 | H55: =H19+H37 -> 0 | I55: =I19+I37 -> 0 | ... M55: =M19+M37 -> 0 | N55: =SUM(B55:M55) -> 0
A56: # of Purchases | B56: =B20+B38 -> 0 | C56: =C20+C38 -> 0 | D56: =D20+D38 -> 0 | E56: =E20+E38 -> 0 | F56: =F20+F38 -> 0 | G56: =G20+G38 -> 0 | H56: =H20+H38 -> 0 | I56: =I20+I38 -> 0 | ... M56: =M20+M38 -> 0 | N56: =SUM(B56:M56) -> 0
A57: Total Records Purchased | B57: =B21+B39 -> 0 | C57: =C21+C39 -> 0 | D57: =D21+D39 -> 0 | E57: =E21+E39 -> 0 | F57: =F21+F39 -> 0 | G57: =G21+G39 -> 0 | H57: =H21+H39 -> 0 | I57: =I21+I39 -> 0 | ... M57: =M21+M39 -> 0 | N57: =SUM(B57:M57) -> 0

Sheet RefWorks
A1: RefWorks
A2: 2009-2010
A4: COUNTER-Compliant?: | B4: No
B6: 39995 | C6: 40026 | D6: 40057 | E6: 40087 | F6: 40118 | G6: 40148 | H6: 40179 | I6: 40210 | J6: 40238 | K6: 40269 | L6: 40299 | M6: 40330 | N6: Total | O6: 2009-2010 Price | P6: Price per unit
A7: New Users | B7: 23 | C7: 5 | D7: 33 | E7: 85 | F7: 15 | G7: 15 | H7: 3 | I7: 98 | J7: 56 | K7: 21 | L7: 6 | M7: 9 | N7: =SUM(B7:M7) -> 369 | O7: 14030 | P7: =O7/N7 -> 38.02168
A8: Repeat Users | B8: 27 | C8: 27 | D8: 36 | E8: 64 | F8: 96 | G8: 73 | H8: 35 | I8: 65 | J8: 78 | K8: 80 | L8: 42 | M8: 24 | N8: =SUM(B8:M8) -> 647 | O8: 14030 | P8: =O8/N8 -> 21.684699
A9: Total Monthly Users | B9: 50 | C9: 32 | D9: 69 | E9: 149 | F9: 111 | G9: 88 | H9: 38 | I9: 163 | J9: 134 | K9: 101 | L9: 48 | M9: 33 | N9: =SUM(B9:M9) -> 1016 | O9: 14030 | P9: =O9/N9 -> 13.809055
A10: Total Sessions per month | B10: 198 | C10: 101 | D10: 214 | E10: 592 | F10: 462 | G10: 277 | H10: 206 | I10: 471 | J10: 467 | K10: 402 | L10: 156 | M10: 147 | N10: =SUM(B10:M10) -> 3693 | O10: 14030 | P10: =O10/N10 -> 3.7990793
A11: Average Sessions Per User | B11: 3.96 | C11: 3.16 | D11: 3.91 | E11: 3.97 | F11: 4.16 | G11: 3.15 | H11: 5.42 | I11: 2.89 | J11: 3.49 | K11: 3.98 | L11: 325 | M11: 1.45 | N11: =SUM(B11:M11) -> 364.54 | O11: 14030 | P11: =O11/N11 -> 38.48686
A12: Total Subscriber References added | B12: 509 | C12: 1273 | D12: 1291 | E12: 2485 | F12: 1479 | G12: 869 | H12: 1144 | I12: 3770 | J12: 2067 | K12: 2935 | L12: 500 | M12: 1797 | N12: =SUM(B12:M12) -> 20119 | O12: 14030 | P12: =O12/N12 -> 0.69735076
A13: Average References added per user | B13: 10.18 | C13: 39.78 | D13: 18.71 | E13: 16.68 | F13: 13.32 | G13: 9.88 | H13: 30.11 | I13: 23.13 | J13: 15.43 | K13: 29.06 | L13: 10.42 | M13: 54.45 | N13: =SUM(B13:M13) -> 271.15 | O13: 14030 | P13: =O13/N13 -> 51.742578

Sheet SciFinderScholar
A1: SciFinder Scholar
A2: 2009-2010
A4: COUNTER-Compliant?: | B4: No
B6: 39995 | C6: 40026 | D6: 40057 | E6: 40087 | F6: 40118 | G6: 40148 | H6: 40179 | I6: 40210 | J6: 40238 | K6: 40269 | L6: 40299 | M6: 40330 | N6: Total | O6: 2009-2010 Price | P6: Price per unit
A7: SciFinder Scholar
A8: # Successful | B8: 257 | C8: 190 | D8: 273 | E8: 342 | F8: 257 | G8: 242 | H8: 221 | I8: 290 | J8: 364 | K8: 274 | L8: 215 | M8: 225 | N8: =SUM(B8:M8) -> 3150
A9: Activities | B9: 759 | C9: 480 | D9: 753 | E9: 781 | F9: 631 | G9: 554 | H9: 526 | I9: 692 | J9: 966 | K9: 570 | L9: 503 | M9: 475 | N9: =SUM(B9:M9) -> 7690 | O9: 32670 | P9: =O9/N9 -> 4.2483745
A10: Busy | B10: 60 | C10: 30 | D10: 139 | E10: 145 | F10: 121 | G10: 89 | H10: 42 | I10: 119 | J10: 174 | K10: 72 | L10: 37 | M10: 47 | N10: =SUM(B10:M10) -> 1075
A11: Simultaneous users | B11: 1 | C11: 1 | D11: 1 | E11: 1 | F11: 1 | G11: 1 | H11: 1 | I11: 1 | J11: 1 | K11: 1 | L11: 1 | M11: 1

Sheet WebofScience
A1: Web of Knowledge (Thomson)
A2: 2009-2010
A4: COUNTER-Compliant?: | B4: Yes
B6: 39995 | C6: 40026 | D6: 40057 | E6: 40087 | F6: 40118 | G6: 40148 | H6: 40179 | I6: 40210 | J6: 40238 | K6: 40269 | L6: 40299 | M6: 40330 | N6: Total | O6: 2009-2010 Price | P6: Price per unit
A7: BIOSIS Previews
A8: Sessions | B8: 21 | C8: 12 | D8: 45 | E8: 100 | F8: 64 | G8: 18 | H8: 18 | I8: 34 | J8: 41 | K8: 35 | L8: 12 | M8: 19 | N8: =SUM(B8:M8) -> 419
A9: Queries | B9: 96 | C9: 27 | D9: 101 | E9: 454 | F9: 213 | G9: 152 | H9: 41 | I9: 64 | J9: 85 | K9: 73 | L9: 72 | M9: 42 | N9: =SUM(B9:M9) -> 1420 | O9: 27982.5 | P9: =O9/N9 -> 19.705986
B12: 39995 | C12: 40026 | D12: 40057 | E12: 40087 | F12: 40118 | G12: 40148 | H12: 40179 | I12: 40210 | J12: 40238 | K12: 40269 | L12: 40299 | M12: 40330 | N12: Total
A13: CrossSearch
A14: Sessions | B14: 489 | C14: 463 | D14: 801 | E14: 1052 | F14: 878 | G14: 629 | H14: 719 | I14: 895 | J14: 994 | K14: 1065 | L14: 613 | M14: 600 | N14: =SUM(B14:M14) -> 9198
A15: Queries | B15: 751 | C15: 695 | D15: 744 | E15: 945 | F15: 590 | G15: 737 | H15: 729 | I15: 609 | J15: 847 | K15: 609 | L15: 359 | M15: 369 | N15: =SUM(B15:M15) -> 7984
B18: 39995 | C18: 40026 | D18: 40057 | E18: 40087 | F18: 40118 | G18: 40148 | H18: 40179 | I18: 40210 | J18: 40238 | K18: 40269 | L18: 40299 | M18: 40330 | N18: Total
A19: Web of Knowledge
A20: Sessions | B20: 617 | C20: 603 | D20: 1511 | E20: 1204 | F20: 1539 | G20: 1268 | H20: 1298 | I20: 1739 | J20: 2040 | K20: 1687 | L20: 789 | M20: 785 | N20: =SUM(B20:M20) -> 15080
B23: 39995 | C23: 40026 | D23: 40057 | E23: 40087 | F23: 40118 | G23: 40148 | H23: 40179 | I23: 40210 | J23: 40238 | K23: 40269 | L23: 40299 | M23: 40330 | N23: Total | O23: 2009-2010 Price | P23: Price per unit
A24: Web of Science
A25: Sessions | B25: 411 | C25: 462 | D25: 1232 | E25: 764 | F25: 1276 | G25: 1043 | H25: 1024 | I25: 1456 | J25: 1650 | K25: 1306 | L25: 572 | M25: 556 | N25: =SUM(B25:M25) -> 11752
A26: Queries | B26: 1636 | C26: 1835 | D26: 3414 | E26: 3174 | F26: 3341 | G26: 2546 | H26: 2569 | I26: 3608 | J26: 4186 | K26: 4083 | L26: 2562 | M26: 2057 | N26: =SUM(B26:M26) -> 35011 | O26: 106743 | P26: =O26/N26 -> 3.0488418
B29: 39995 | C29: 40026 | D29: 40057 | E29: 40087 | F29: 40118 | G29: 40148 | H29: 40179 | I29: 40210 | J29: 40238 | K29: 40269 | L29: 40299 | M29: 40330 | N29: Total
A30: EndNote Web
A31: Logins | B31: 0 | C31: 2 | D31: 12 | E31: 17 | F31: 4 | G31: 10 | H31: 5 | I31: 28 | J31: 3 | K31: 5 | L31: 3 | M31: 18 | N31: =SUM(B31:M31) -> 107
A32: New Users | B32: 0 | C32: 0 | D32: 2 | E32: 2 | F32: 0 | G32: 0 | H32: 0 | I32: 2 | J32: 0 | K32: 0 | L32: 0 | M32: 1 | N32: =SUM(B32:M32) -> 7
A33: New References | B33: 0 | C33: 17 | D33: 5 | E33: 1 | F33: 0 | G33: 2 | H33: 0 | I33: 1 | J33: 2 | K33: 0 | L33: 0 | M33: 18 | N33: =SUM(B33:M33) -> 46
A34: Exports | B34: 1 | C34: 2 | D34: 3 | E34: 3 | F34: 0 | G34: 6 | H34: 3 | I34: 4 | J34: 1 | K34: 7 | L34: 3 | M34: 8 | N34: =SUM(B34:M34) -> 41
A35: Imports | B35: 0 | C35: 0 | D35: 11 | E35: 0 | F35: 0 | G35: 6 | H35: 2 | I35: 1 | J35: 1 | K35: 0 | L35: 0 | M35: 4 | N35: =SUM(B35:M35) -> 25
A36: Searches | B36: 0 | C36: 0 | D36: 0 | E36: 12 | F36: 3 | G36: 0 | H36: 0 | I36: 1 | J36: 0 | K36: 0 | L36: 0 | M36: 44 | N36: =SUM(B36:M36) -> 60
A37: Captures | B37: 0 | C37: 0 | D37: 0 | E37: 0 | F37: 0 | G37: 0 | H37: 0 | I37: 0 | J37: 0 | K37: 0 | L37: 0 | M37: 6 | N37: =SUM(B37:M37) -> 6
A38: CWYW Format Bibliography | B38: 0 | C38: 0 | D38: 2 | E38: 0 | F38: 0 | G38: 0 | H38: 0 | I38: 0 | J38: 0 | K38: 0 | L38: 0 | M38: 42 | N38: =SUM(B38:M38) -> 44
A39: CWYW Traveling Library | B39: 0 | C39: 0 | D39: 0 | E39: 0 | F39: 0 | G39: 0 | H39: 0 | I39: 0 | J39: 0 | K39: 0 | L39: 0 | M39: 0 | N39: =SUM(B39:M39) -> 0
A40: Total Pages Served | B40: 1 | C40: 21 | D40: 35 | E40: 35 | F40: 7 | G40: 24 | H40: 10 | I40: 37 | J40: 7 | K40: 12 | L40: 6 | M40: 141 | N40: =SUM(B40:M40) -> 336

Sheet WilsonWeb
A1: WilsonWeb
A2: 2009-2010
A4: COUNTER-compliant: Yes (R2)
B6: 39995 | C6: 40026 | D6: 40057 | E6: 40087 | F6: 40118 | G6: 40148 | H6: 40179 | I6: 40210 | J6: 40238 | K6: 40269 | L6: 40299 | M6: 40330 | N6: Total | O6: 2009-2010 Price | P6: Price per unit
A7: Art Abstracts
A8: Sessions | B8: 15 | C8: 6 | D8: 29 | E8: 84 | F8: 63 | G8: 62 | H8: 6 | I8: 72 | J8: 60 | K8: 107 | L8: 22 | M8: 14 | N8: =SUM(B8:M8) -> 540
A9: Searches | B9: 40 | C9: 17 | D9: 76 | E9: 275 | F9: 194 | G9: 197 | H9: 15 | I9: 261 | J9: 271 | K9: 323 | L9: 63 | M9: 81 | N9: =SUM(B9:M9) -> 1813 | O9: 6291 | P9: =O9/N9 -> 3.4699393
A10: Turnaways | B10: 0 | C10: 0 | D10: 0 | E10: 0 | F10: 0 | G10: 0 | H10: N/A | I10: N/A | J10: N/A | K10: N/A | L10: N/A | M10: N/A | N10: =SUM(B10:M10) -> 0
A11: Simultaneous Users | B11: N/A | C11: N/A | D11: N/A | E11: N/A | F11: N/A | G11: N/A | H11: N/A | I11: N/A | J11: N/A | K11: N/A | L11: N/A | M11: N/A | N11: N/A
B14: 39995 | C14: 40026 | D14: 40057 | E14: 40087 | F14: 40118 | G14: 40148 | H14: 40179 | I14: 40210 | J14: 40238 | K14: 40269 | L14: 40299 | M14: 40330 | N14: Total | O14: 2009-2010 Price | P14: Price per unit
A15: Art Index Retrospective | O15: Access fee only
A16: Sessions | B16: 5 | C16: 5 | D16: 7 | E16: 24 | F16: 17 | G16: 11 | H16: 1 | I16: 19 | J16: 24 | K16: 14 | L16: 2 | M16: 8 | N16: =SUM(B16:M16) -> 137
A17: Searches | B17: 6 | C17: 17 | D17: 23 | E17: 58 | F17: 45 | G17: 40 | H17: 3 | I17: 64 | J17: 89 | K17: 34 | L17: 2 | M17: 22 | N17: =SUM(B17:M17) -> 403 | O17: 258.22 | P17: =O17/N17 -> 0.64074442
A18: Turnaways | B18: 0 | C18: 0 | D18: 0 | E18: 0 | F18: 0 | G18: 0 | H18: N/A | I18: N/A | J18: 0 | K18: 0 | L18: 0 | M18: 0 | N18: =SUM(B18:M18) -> 0
A19: Simultaneous Users | B19: 3 | C19: 3 | D19: 3 | E19: 3 | F19: 3 | G19: 3 | H19: 3 | I19: 3 | J19: 3 | K19: 3 | L19: 3 | M19: 3 | N19: 3
B22: 39995 | C22: 40026 | D22: 40057 | E22: 40087 | F22: 40118 | G22: 40148 | H22: 40179 | I22: 40210 | J22: 40238 | K22: 40269 | L22: 40299 | M22: 40330 | N22: Total | O22: 2009-2010 Price | P22: Price per unit
A23: Biography Index Retrospective | O23: One-time purchase 4/2010
A24: Sessions | B24: N/A | C24: N/A | D24: N/A | E24: N/A | F24: N/A | G24: N/A | H24: N/A | I24: N/A | J24: N/A | K24: N/A | L24: N/A | M24: N/A | N24: =SUM(B24:M24) -> 0
A25: Searches | B25: N/A | C25: N/A | D25: N/A | E25: N/A | F25: N/A | G25: N/A | H25: N/A | I25: N/A | J25: N/A | K25: N/A | L25: N/A | M25: N/A | N25: =SUM(B25:M25) -> 0 | O25: 5656 | P25: =O25/N25 -> #DIV/0!
A26: Turnaways | B26: N/A | C26: N/A | D26: N/A | E26: N/A | F26: N/A | G26: N/A | H26: N/A | I26: N/A | J26: N/A | K26: N/A | L26: N/A | M26: N/A | N26: =SUM(B26:M26) -> 0
A27: Simultaneous Users | B27: 3 | C27: 3 | D27: 3 | E27: 3 | F27: 3 | G27: 3 | H27: 3 | I27: 3 | J27: 3 | K27: 3 | L27: 3 | M27: 3 | N27: 3
B30: 39995 | C30: 40026 | D30: 40057 | E30: 40087 | F30: 40118 | G30: 40148 | H30: 40179 | I30: 40210 | J30: 40238 | K30: 40269 | L30: 40299 | M30: 40330 | N30: Total | O30: 2009-2010 Price | P30: Price per unit
A31: Biological & Agricultural Index Plus
A32: Sessions | B32: 26 | C32: 19 | D32: 34 | E32: 78 | F32: 58 | G32: 32 | H32: 18 | I32: 42 | J32: 48 | K32: 43 | L32: 22 | M32: 39 | N32: =SUM(B32:M32) -> 459
A33: Searches | B33: 65 | C33: 39 | D33: 75 | E33: 192 | F33: 155 | G33: 67 | H33: 35 | I33: 99 | J33: 125 | K33: 113 | L33: 51 | M33: 83 | N33: =SUM(B33:M33) -> 1099 | O33: 3514.5 | P33: =O33/N33 -> 3.1979072
A34: Turnaways | B34: 0 | C34: 0 | D34: 0 | E34: 0 | F34: 0 | G34: 0 | H34: N/A | I34: N/A | J34: 0 | K34: 0 | L34: 0 | M34: 0 | N34: =SUM(B34:M34) -> 0
A35: Simultaneous Users | B35: N/A | C35: N/A | D35: N/A | E35: N/A | F35: N/A | G35: N/A | H35: N/A | I35: N/A | J35: N/A | K35: N/A | L35: N/A | M35: N/A | N35: N/A
B38: 39995 | C38: 40026 | D38: 40057 | E38: 40087 | F38: 40118 | G38: 40148 | H38: 40179 | I38: 40210 | J38: 40238 | K38: 40269 | L38: 40299 | M38: 40330 | N38: Total | O38: 2009-2010 Price | P38: Price per unit
A39: Book Review Digest Retrospective | O39: One-time purchase 4/2010
A40: Sessions | B40: N/A | C40: N/A | D40: N/A | E40: N/A | F40: N/A | G40: N/A | H40: N/A | I40: N/A | J40: N/A | K40: N/A | L40: N/A | M40: N/A | N40: =SUM(B40:M40) -> 0
A41: Searches | B41: N/A | C41: N/A | D41: N/A | E41: N/A | F41: N/A | G41: N/A | H41: N/A | I41: N/A | J41: N/A | K41: N/A | L41: N/A | M41: N/A | N41: =SUM(B41:M41) -> 0 | O41: 9292 | P41: =O41/N41 -> #DIV/0!
A42: Turnaways | B42: N/A | C42: N/A | D42: N/A | E42: N/A | F42: N/A | G42: N/A | H42: N/A | I42: N/A | J42: N/A | K42: N/A | L42: N/A | M42: N/A | N42: =SUM(B42:M42) -> 0
A43: Simultaneous Users | B43: 3 | C43: 3 | D43: 3 | E43: 3 | F43: 3 | G43: 3 | H43: 3 | I43: 3 | J43: 3 | K43: 3 | L43: 3 | M43: 3 | N43: 3
B46: 39995 | C46: 40026 | D46: 40057 | E46: 40087 | F46: 40118 | G46: 40148 | H46: 40179 | I46: 40210 | J46: 40238 | K46: 40269 | L46: 40299 | M46: 40330 | N46: Total | O46: 2009-2010 Price | P46: Price per unit
A47: Education Full Text
A48: Sessions | B48: 225 | C48: 76 | D48: 304 | E48: 461 | F48: 506 | G48: 278 | H48: 86 | I48: 363 | J48: 449 | K48: 467 | L48: 98 | M48: 255 | N48: =SUM(B48:M48) -> 3568
A49: Searches | B49: 760 | C49: 268 | D49: 943 | E49: 1698 | F49: 1729 | G49: 1101 | H49: 241 | I49: 1533 | J49: 1707 | K49: 1516 | L49: 259 | M49: 1031 | N49: =SUM(B49:M49) -> 12786 | O49: 6340.5 | P49: =O49/N49 -> 0.49589395
A50: Turnaways | B50: 0 | C50: 0 | D50: 0 | E50: 0 | F50: 0 | G50: 0 | H50: 0 | I50: 151 | J50: 0 | K50: 0 | L50: 0 | M50: 0 | N50: =SUM(B50:M50) -> 151
A51: Simultaneous Users | B51: N/A | C51: N/A | D51: N/A | E51: N/A | F51: N/A | G51: N/A | H51: N/A | I51: N/A | J51: N/A | K51: N/A | L51: N/A | M51: N/A | N51: N/A
B54: 39995 | C54: 40026 | D54: 40057 | E54: 40087 | F54: 40118 | G54: 40148 | H54: 40179 | I54: 40210 | J54: 40238 | K54: 40269 | L54: 40299 | M54: 40330 | N54: Total | O54: 2009-2010 Price | P54: Price per unit
A55: Education Index Retrospective | O55: Access fee only
A56: Sessions | B56: 5 | C56: 3 | D56: 20 | E56: 36 | F56: 11 | G56: 13 | H56: 3 | I56: 34 | J56: 31 | K56: 15 | L56: 2 | M56: 4 | N56: =SUM(B56:M56) -> 177
A57: Searches | B57: 13 | C57: 13 | D57: 75 | E57: 182 | F57: 24 | G57: 60 | H57: 7 | I57: 154 | J57: 151 | K57: 106 | L57: 2 | M57: 11 | N57: =SUM(B57:M57) -> 798 | O57: 199.5 | P57: =O57/N57 -> 0.25
A58: Turnaways | B58: 0 | C58: 0 | D58: 74 | E58: 66 | F58: 0 | G58: 0 | H58: N/A | I58: N/A | J58: 44 | K58: 0 | L58: 0 | M58: 0 | N58: =SUM(B58:M58) -> 184
A59: Simultaneous Users | B59: 3 | C59: 3 | D59: 3 | E59: 3 | F59: 3 | G59: 3 | H59: 3 | I59: 3 | J59: 3 | K59: 3 | L59: 3 | M59: 3 | N59: 3
B62: 39995 | C62: 40026 | D62: 40057 | E62: 40087 | F62: 40118 | G62: 40148 | H62: 40179 | I62: 40210 | J62: 40238 | K62: 40269 | L62: 40299 | M62: 40330 | N62: Total | O62: 2009-2010 Price | P62: Price per search
A63: ERIC (Free)
A64: Sessions | B64: 155 | C64: 37 | D64: 191 | E64: 301 | F64: 355 | G64: 197 | H64: 46 | I64: 247 | J64: 296 | K64: 336 | L64: 46 | M64: 185 | N64: =SUM(B64:M64) -> 2392
A65: Searches | B65: 616 | C65: 143 | D65: 603 | E65: 1357 | F65: 1317 | G65: 909 | H65: 139 | I65: 1217 | J65: 1420 | K65: 1326 | L65: 155 | M65: 789 | N65: =SUM(B65:M65) -> 9991 | O65: 0 | P65: =O65/N65 -> 0
A66: Turnaways | B66: 0 | C66: 0 | D66: 0 | E66: 0 | F66: 0 | G66: 0 | H66: N/A | I66: N/A | J66: 0 | K66: 0 | L66: 0 | M66: 0 | N66: =SUM(B66:M66) -> 0
A67: Simultaneous Users | B67: 3 | C67: 3 | D67: 3 | E67: 3 | F67: 3 | G67: 3 | H67: 3 | I67: 3 | J67: 3 | K67: 3 | L67: 3 | M67: 3 | N67: 3
B70: 39995 | C70: 40026 | D70: 40057 | E70: 40087 | F70: 40118 | G70: 40148 | H70: 40179 | I70: 40210 | J70: 40238 | K70: 40269 | L70: 40299 | M70: 40330 | N70: Total | O70: 2009-2010 Price | P70: Price per search
A71: Humanities & Social Sciences Retrospective | O71: Access fee only
A72: Sessions | B72: 41 | C72: 8 | D72: 40 | E72: 92 | F72: 63 | G72: 41 | H72: 8 | I72: 50 | J72: 95 | K72: 71 | L72: 17 | M72: 17 | N72: =SUM(B72:M72) -> 543
A73: Searches | B73: 140 | C73: 25 | D73: 120 | E73: 248 | F73: 157 | G73: 115 | H73: 15 | I73: 156 | J73: 265 | K73: 193 | L73: 36 | M73: 49 | N73: =SUM(B73:M73) -> 1519 | O73: 205.5 | P73: =O73/N73 -> 0.13528637
A74: Turnaways | B74: 0 | C74: 0 | D74: 0 | E74: 0 | F74: 0 | G74: 0 | H74: N/A | I74: N/A | J74: 0 | K74: 0 | L74: 0 | M74: 0 | N74: =SUM(B74:M74) -> 0
A75: Simultaneous Users | B75: 3 | C75: 3 | D75: 3 | E75: 3 | F75: 3 | G75: 3 | H75: 3 | I75: 3 | J75: 3 | K75: 3 | L75: 3 | M75: 3 | N75: 3
B78: 39995 | C78: 40026 | D78: 40057 | E78: 40087 | F78: 40118 | G78: 40148 | H78: 40179 | I78: 40210 | J78: 40238 | K78: 40269 | L78: 40299 | M78: 40330 | N78: Total | O78: 2009-2010 Price | P78: Price per unit
A79: Library Literature & Information Science Retrospective | O79: One-time purchase 4/2010
A80: Sessions | B80: N/A | C80: N/A | D80: N/A | E80: N/A | F80: N/A | G80: N/A | H80: N/A | I80: N/A | J80: N/A | K80: N/A | L80: N/A | M80: N/A | N80: =SUM(B80:M80) -> 0
A81: Searches | B81: N/A | C81: N/A | D81: N/A | E81: N/A | F81: N/A | G81: N/A | H81: N/A | I81: N/A | J81: N/A | K81: N/A | L81: N/A | M81: N/A | N81: =SUM(B81:M81) -> 0 | O81: 9292 | P81: =O81/N81 -> #DIV/0!
A82: Turnaways | B82: N/A | C82: N/A | D82: N/A | E82: N/A | F82: N/A | G82: N/A | H82: N/A | I82: N/A | J82: N/A | K82: N/A | L82: N/A | M82: N/A | N82: =SUM(B82:M82) -> 0
A83: Simultaneous Users | B83: 3 | C83: 3 | D83: 3 | E83: 3 | F83: 3 | G83: 3 | H83: 3 | I83: 3 | J83: 3 | K83: 3 | L83: 3 | M83: 3 | N83: 3
B87: 39995 | C87: 40026 | D87: 40057 | E87: 40087 | F87: 40118 | G87: 40148 | H87: 40179 | I87: 40210 | J87: 40238 | K87: 40269 | L87: 40299 | M87: 40330 | N87: Total | O87: 2009-2010 Price | P87: Price per unit
A88: Readers Guide Retrospective | O88: Access fee only
A89: Sessions | B89: 5 | C89: 6 | D89: 8 | E89: 23 | F89: 14 | G89: 24 | H89: 5 | I89: 71 | J89: 55 | K89: 24 | L89: 1 | M89: 4 | N89: =SUM(B89:M89) -> 240
A90: Searches | B90: 13 | C90: 21 | D90: 34 | E90: 51 | F90: 32 | G90: 101 | H90: 17 | I90: 449 | J90: 227 | K90: 87 | L90: 1 | M90: 10 | N90: =SUM(B90:M90) -> 1043 | O90: 326 | P90: =O90/N90 -> 0.31255992
A91: Turnaways | B91: 0 | C91: 0 | D91: 0 | E91: 0 | F91: 0 | G91: 0 | H91: 0 | I91: 17 | J91: 1 | K91: 0 | L91: 0 | M91: 0 | N91: =SUM(B91:M91) -> 18
A92: Simultaneous Users | B92: 4 | C92: 4 | D92: 4 | E92: 4 | F92: 4 | G92: 4 | H92: 4 | I92: 4 | J92: 4 | K92: 4 | L92: 4 | M92: 4 | N92: 4
B95: 39995 | C95: 40026 | D95: 40057 | E95: 40087 | F95: 40118 | G95: 40148 | H95: 40179 | I95: 40210 | J95: 40238 | K95: 40269 | L95: 40299 | M95: 40330 | N95: Total | O95: 2009-2010 Price | P95: Price per unit
A96: Short Story Index Retrospective | O96: One-time purchase 4/2010
A97: Sessions | B97: N/A | C97: N/A | D97: N/A | E97: N/A | F97: N/A | G97: N/A | H97: N/A | I97: N/A | J97: N/A | K97: N/A | L97: N/A | M97: N/A | N97: =SUM(B97:M97) -> 0
A98: Searches | B98: N/A | C98: N/A | D98: N/A | E98: N/A | F98: N/A | G98: N/A | H98: N/A | I98: N/A | J98: N/A | K98: N/A | L98: N/A | M98: N/A | N98: =SUM(B98:M98) -> 0 | O98: 3880 | P98: =O98/N98 -> #DIV/0!
A99: Turnaways | B99: N/A | C99: N/A | D99: N/A | E99: N/A | F99: N/A | G99: N/A | H99: N/A | I99: N/A | J99: N/A | K99: N/A | L99: N/A | M99: N/A | N99: =SUM(B99:M99) -> 0
A100: Simultaneous Users | B100: 3 | C100: 3 | D100: 3 | E100: 3 | F100: 3 | G100: 3 | H100: 3 | I100: 3 | J100: 3 | K100: 3 | L100: 3 | M100: 3 | N100: 3
