Workbook

Sheet Read_Me_First
B1: COSME - Enterprise Europe Network - Consortium Preliminary Work Programme (2015-2016) - Annex 1, 2 & 3
B2: Every Coordinator must use this EXCEL workbook: - to encode their Consortium's PES targets per partner for the 2015-2016 period in Annex 1 of the Preliminary Work Programme ('Encode_PES' sheet); - to encode the hours planned for the 2015-2016 period per partner and per activity in Annex 2 of the Preliminary Work Programme ('Encode_HRS' sheet); - to encode the Consortium's services in the matrix of Annex 3 of the Preliminary Work Programme ('Encode_Services' sheet). Encode one service per line and if needed add lines. For each service indicate the corresponding type of activity in the first column; - to indicate with "X" the services provided by each individual partner in the matrix "Consortium's services" in Annex 3 of the Preliminary Work Programme ('Encode_Services' sheet). Annex 1, 2 & 3 should be attached to the Preliminary Work Programme and submitted as an integral set.
C4: Work Programme duration: | D4: 24m
C5: Enter below your Consortium's ACRONYM
B6: =CHAR(73)&" "&CHAR(232) -> I è | E6: * mandatory
B8: =CHAR(73)&" "&CHAR(232) -> I è | C8: Enter here the highest Partner number in your Consortium > (integer) > | E8: * mandatory
B10: =CHAR(73)&" "&CHAR(232) -> I è | C10: Enter below your partner's name(s)
B12: Partner # | C12: Partner name | D12: Partner acronym
A13: =CONCATENATE("P0",B13) -> P0 | B13: =IF($C13="","","1")
A14: =CONCATENATE("P0",B14) -> P0 | B14: =IF($C14="","","2")
A15: =CONCATENATE("P0",B15) -> P0 | B15: =IF($C15="","","3")
A16: =CONCATENATE("P0",B16) -> P0 | B16: =IF($C16="","","4")
A17: =CONCATENATE("P0",B17) -> P0 | B17: =IF($C17="","","5")
A18: =CONCATENATE("P0",B18) -> P0 | B18: =IF($C18="","","6")
A19: =CONCATENATE("P0",B19) -> P0 | B19: =IF($C19="","","7")
A20: =CONCATENATE("P0",B20) -> P0 | B20: =IF($C20="","","8")
A21: =CONCATENATE("P0",B21) -> P0 | B21: =IF($C21="","","9")
A22: =CONCATENATE("P",B22) -> P | B22: =IF($C22="","","10")
A23: =CONCATENATE("P",B23) -> P | B23: =IF($C23="","","11")
A24: =CONCATENATE("P",B24) -> P | B24: =IF($C24="","","12")
A25: =CONCATENATE("P",B25) -> P | B25: =IF($C25="","","13")
A26: =CONCATENATE("P",B26) -> P | B26: =IF($C26="","","14")
A27: =CONCATENATE("P",B27) -> P | B27: =IF($C27="","","15")
A28: =CONCATENATE("P",B28) -> P | B28: =IF($C28="","","16")
A29: =CONCATENATE("P",B29) -> P | B29: =IF($C29="","","17")
A30: =CONCATENATE("P",B30) -> P | B30: =IF($C30="","","18")
A31: =CONCATENATE("P",B31) -> P | B31: =IF($C31="","","19")
A32: =CONCATENATE("P",B32) -> P | B32: =IF($C32="","","20")
A33: =CONCATENATE("P",B33) -> P | B33: =IF($C33="","","21")
A34: =CONCATENATE("P",B34) -> P | B34: =IF($C34="","","22")
A35: =CONCATENATE("P",B35) -> P | B35: =IF($C35="","","23")
A36: =CONCATENATE("P",B36) -> P | B36: =IF($C36="","","24")
A37: =CONCATENATE("P",B37) -> P | B37: =IF($C37="","","25")

Sheet Encode_PES
A1: Annex 1 - Performance Enhancement System (PES)
C3: nENTRIES> | D3: 16 | E3: 1 | F3: 2 | G3: 3 | H3: 4 | I3: 5 | J3: 6 | K3: 7 | L3: 8 | M3: 9 | N3: 10 | O3: 11 | P3: 12 | Q3: 13 | R3: 14 | S3: 15 | T3: 16 | U3: 17 | V3: 18 | W3: 19 | X3: 20 | Y3: 21 | Z3: 22 | AC3: 23
A4: DI# | B4: DI_LABEL | C4: Consortium value is | D4: =CONCATENATE("Consortium ",Read_Me_First!C6) -> Consortium | E4: =+IF(Read_Me_First!$B13="","",CONCATENATE(Read_Me_First!$A13,"-",Read_Me_First!$D13)) | F4: =+IF(Read_Me_First!$B14="","",CONCATENATE(Read_Me_First!$A14,"-",Read_Me_First!$D14)) | G4: =+IF(Read_Me_First!$B15="","",CONCATENATE(Read_Me_First!$A15,"-",Read_Me_First!$D15)) | H4: =+IF(Read_Me_First!$B16="","",CONCATENATE(Read_Me_First!$A16,"-",Read_Me_First!$D16)) | I4: =+IF(Read_Me_First!$B17="","",CONCATENATE(Read_Me_First!$A17,"-",Read_Me_First!$D17)) | J4: =+IF(Read_Me_First!$B18="","",CONCATENATE(Read_Me_First!$A18,"-",Read_Me_First!$D18)) | K4: =+IF(Read_Me_First!$B19="","",CONCATENATE(Read_Me_First!$A19,"-",Read_Me_First!$D19)) | L4: =+IF(Read_Me_First!$B20="","",CONCATENATE(Read_Me_First!$A20,"-",Read_Me_First!$D20)) | M4: =+IF(Read_Me_First!$B21="","",CONCATENATE(Read_Me_First!$A21,"-",Read_Me_First!$D21)) | N4: =+IF(Read_Me_First!$B22="","",CONCATENATE(Read_Me_First!$A22,"-",Read_Me_First!$D22)) | O4: =+IF(Read_Me_First!$B23="","",CONCATENATE(Read_Me_First!$A23,"-",Read_Me_First!$D23)) | P4: =+IF(Read_Me_First!$B24="","",CONCATENATE(Read_Me_First!$A24,"-",Read_Me_First!$D24)) | Q4: =+IF(Read_Me_First!$B25="","",CONCATENATE(Read_Me_First!$A25,"-",Read_Me_First!$D25)) | R4: =+IF(Read_Me_First!$B26="","",CONCATENATE(Read_Me_First!$A26,"-",Read_Me_First!$D26)) | S4: =+IF(Read_Me_First!$B27="","",CONCATENATE(Read_Me_First!$A27,"-",Read_Me_First!$D27)) | T4: =+IF(Read_Me_First!$B28="","",CONCATENATE(Read_Me_First!$A28,"-",Read_Me_First!$D28)) | U4: =+IF(Read_Me_First!$B29="","",CONCATENATE(Read_Me_First!$A29,"-",Read_Me_First!$D29)) | V4: =+IF(Read_Me_First!$B30="","",CONCATENATE(Read_Me_First!$A30,"-",Read_Me_First!$D30)) | W4: =+IF(Read_Me_First!$B31="","",CONCATENATE(Read_Me_First!$A31,"-",Read_Me_First!$D31)) | X4: =+IF(Read_Me_First!$B32="","",CONCATENATE(Read_Me_First!$A32,"-",Read_Me_First!$D32)) | Y4: =+IF(Read_Me_First!$B33="","",CONCATENATE(Read_Me_First!$A33,"-",Read_Me_First!$D33)) | Z4: =+IF(Read_Me_First!$B34="","",CONCATENATE(Read_Me_First!$A34,"-",Read_Me_First!$D34)) | AA4: =+IF(Read_Me_First!$B35="","",CONCATENATE(Read_Me_First!$A35,"-",Read_Me_First!$D35)) | AB4: =+IF(Read_Me_First!$B36="","",CONCATENATE(Read_Me_First!$A36,"-",Read_Me_First!$D36)) | AC4: =+IF(Read_Me_First!$B37="","",CONCATENATE(Read_Me_First!$A37,"-",Read_Me_First!$D37))
A5: DI01 | B5: # Regional/local events organised | C5: max(P)
A6: DI02 | B6: # Participants in regional/local events | C6: sum(P)
A7: DI03 | B7: # SMEs/clients receiving individual advisory support | C7: sum(P)
A8: DI04 | B8: # Brokerage events/company missions organised | C8: sum(P)
A9: DI05 | B9: # SMEs/clients in brokerage events/company missions | C9: sum(P)
A10: DI06 | B10: # Meetings at brokerage events/company missions | C10: sum(P)
A11: DI07 | B11: # Partnership profiles produced | C11: sum(P)
A12: DI08 | B12: # Expression of interests received | C12: sum(P)
A13: DI09 | B13: # Expression of interests made | C13: sum(P)
A14: DI10 | B14: # Clients in feed-back related actions | C14: sum(P)
A15: DI11 | B15: # Clients mentored | C15: sum(P)
A16: DI12 | B16: # Achievements | C16: sum(P)
... A20: DI16 | B20: # Active contributions to Network activities | C20: sum(P)

Sheet Encode_HRS
B1: Annex 2 - Consortium's hours planned
A3: S# | B3: Val_Type | C3: A_TYPE | D3: ACTIVITY_TYPE | F3: =CONCATENATE("Consortium ",Read_Me_First!C6) -> Consortium | H3: =+IF(Read_Me_First!$B13="","",CONCATENATE(Read_Me_First!$A13,"-",Read_Me_First!$D13)) | I3: =+IF(Read_Me_First!$B14="","",CONCATENATE(Read_Me_First!$A14,"-",Read_Me_First!$D14)) | J3: =+IF(Read_Me_First!$B15="","",CONCATENATE(Read_Me_First!$A15,"-",Read_Me_First!$D15)) | K3: =+IF(Read_Me_First!$B16="","",CONCATENATE(Read_Me_First!$A16,"-",Read_Me_First!$D16)) | L3: =+IF(Read_Me_First!$B17="","",CONCATENATE(Read_Me_First!$A17,"-",Read_Me_First!$D17)) | M3: =+IF(Read_Me_First!$B18="","",CONCATENATE(Read_Me_First!$A18,"-",Read_Me_First!$D18)) | N3: =+IF(Read_Me_First!$B19="","",CONCATENATE(Read_Me_First!$A19,"-",Read_Me_First!$D19)) | O3: =+IF(Read_Me_First!$B20="","",CONCATENATE(Read_Me_First!$A20,"-",Read_Me_First!$D20)) | P3: =+IF(Read_Me_First!$B21="","",CONCATENATE(Read_Me_First!$A21,"-",Read_Me_First!$D21)) | Q3: =+IF(Read_Me_First!$B22="","",CONCATENATE(Read_Me_First!$A22,"-",Read_Me_First!$D22)) | R3: =+IF(Read_Me_First!$B23="","",CONCATENATE(Read_Me_First!$A23,"-",Read_Me_First!$D23)) | S3: =+IF(Read_Me_First!$B24="","",CONCATENATE(Read_Me_First!$A24,"-",Read_Me_First!$D24)) | T3: =+IF(Read_Me_First!$B25="","",CONCATENATE(Read_Me_First!$A25,"-",Read_Me_First!$D25)) | U3: =+IF(Read_Me_First!$B26="","",CONCATENATE(Read_Me_First!$A26,"-",Read_Me_First!$D26)) | V3: =+IF(Read_Me_First!$B27="","",CONCATENATE(Read_Me_First!$A27,"-",Read_Me_First!$D27)) | W3: =+IF(Read_Me_First!$B28="","",CONCATENATE(Read_Me_First!$A28,"-",Read_Me_First!$D28)) | X3: =+IF(Read_Me_First!$B29="","",CONCATENATE(Read_Me_First!$A29,"-",Read_Me_First!$D29)) | Y3: =+IF(Read_Me_First!$B30="","",CONCATENATE(Read_Me_First!$A30,"-",Read_Me_First!$D30)) | Z3: =+IF(Read_Me_First!$B31="","",CONCATENATE(Read_Me_First!$A31,"-",Read_Me_First!$D31)) | AA3: =+IF(Read_Me_First!$B32="","",CONCATENATE(Read_Me_First!$A32,"-",Read_Me_First!$D32)) | AB3: =+IF(Read_Me_First!$B33="","",CONCATENATE(Read_Me_First!$A33,"-",Read_Me_First!$D33)) | AC3: =+IF(Read_Me_First!$B34="","",CONCATENATE(Read_Me_First!$A34,"-",Read_Me_First!$D34)) | AD3: =+IF(Read_Me_First!$B35="","",CONCATENATE(Read_Me_First!$A35,"-",Read_Me_First!$D35)) | AE3: =+IF(Read_Me_First!$B36="","",CONCATENATE(Read_Me_First!$A36,"-",Read_Me_First!$D36)) | AF3: =+IF(Read_Me_First!$B37="","",CONCATENATE(Read_Me_First!$A37,"-",Read_Me_First!$D37))
A4: 1 | B4: HRS | C4: A01 | D4: Advice, support and information activities | E4: sum(P) | F4: =IF(SUM($H4:$AF4)=0,"",SUM($H4:$AF4))
A5: 2 | B5: HRS | C5: A02 | D5: Cross-border partnering activities for business cooperation, technology transfer and innovation | E5: sum(P) | F5: =IF(SUM($H5:$AF5)=0,"",SUM($H5:$AF5))
A6: 3 | B6: HRS | C6: A03 | D6: SME feedback activities | E6: sum(P) | F6: =IF(SUM($H6:$AF6)=0,"",SUM($H6:$AF6))
A7: 4 | B7: HRS | C7: A05 | D7: Promotion of Network services and communication activities | E7: sum(P) | F7: =IF(SUM($H7:$AF7)=0,"",SUM($H7:$AF7))
A8: 5 | B8: HRS | C8: A06 | D8: Network building and reinforcing the Network | E8: sum(P) | F8: =IF(SUM($H8:$AF8)=0,"",SUM($H8:$AF8))
A9: 6 | B9: HRS | C9: A07 | D9: Management activities | E9: sum(P) | F9: =IF(SUM($H9:$AF9)=0,"",SUM($H9:$AF9))
B10: HRS | E10: sum(P) | F10: =IF(SUM($H$10:$AF$10)=0,"",SUM($H$10:$AF$10)) | H10: =IF(SUM(H$4:H$9)=0,"",SUM(H$4:H$9)) | I10: =IF(SUM(I$4:I$9)=0,"",SUM(I$4:I$9)) | J10: =IF(SUM(J$4:J$9)=0,"",SUM(J$4:J$9)) | K10: =IF(SUM(K$4:K$9)=0,"",SUM(K$4:K$9)) | L10: =IF(SUM(L$4:L$9)=0,"",SUM(L$4:L$9)) | M10: =IF(SUM(M$4:M$9)=0,"",SUM(M$4:M$9)) | N10: =IF(SUM(N$4:N$9)=0,"",SUM(N$4:N$9)) | O10: =IF(SUM(O$4:O$9)=0,"",SUM(O$4:O$9)) | ... AF10: =IF(SUM(AF$4:AF$9)=0,"",SUM(AF$4:AF$9))

Sheet Encode_Services
B2: Annex 3 - Consortium's services
A4: S# | B4: A_TYPE | C4: SERVICE_TYPE | E4: =+IF(Read_Me_First!$B13="","",CONCATENATE(Read_Me_First!$A13,"-",Read_Me_First!$D13)) | F4: =+IF(Read_Me_First!$B14="","",CONCATENATE(Read_Me_First!$A14,"-",Read_Me_First!$D14)) | G4: =+IF(Read_Me_First!$B15="","",CONCATENATE(Read_Me_First!$A15,"-",Read_Me_First!$D15)) | H4: =+IF(Read_Me_First!$B16="","",CONCATENATE(Read_Me_First!$A16,"-",Read_Me_First!$D16)) | I4: =+IF(Read_Me_First!$B17="","",CONCATENATE(Read_Me_First!$A17,"-",Read_Me_First!$D17)) | J4: =+IF(Read_Me_First!$B18="","",CONCATENATE(Read_Me_First!$A18,"-",Read_Me_First!$D18)) | K4: =+IF(Read_Me_First!$B19="","",CONCATENATE(Read_Me_First!$A19,"-",Read_Me_First!$D19)) | L4: =+IF(Read_Me_First!$B20="","",CONCATENATE(Read_Me_First!$A20,"-",Read_Me_First!$D20)) | M4: =+IF(Read_Me_First!$B21="","",CONCATENATE(Read_Me_First!$A21,"-",Read_Me_First!$D21)) | N4: =+IF(Read_Me_First!$B22="","",CONCATENATE(Read_Me_First!$A22,"-",Read_Me_First!$D22)) | O4: =+IF(Read_Me_First!$B23="","",CONCATENATE(Read_Me_First!$A23,"-",Read_Me_First!$D23)) | P4: =+IF(Read_Me_First!$B24="","",CONCATENATE(Read_Me_First!$A24,"-",Read_Me_First!$D24)) | Q4: =+IF(Read_Me_First!$B25="","",CONCATENATE(Read_Me_First!$A25,"-",Read_Me_First!$D25)) | R4: =+IF(Read_Me_First!$B26="","",CONCATENATE(Read_Me_First!$A26,"-",Read_Me_First!$D26)) | S4: =+IF(Read_Me_First!$B27="","",CONCATENATE(Read_Me_First!$A27,"-",Read_Me_First!$D27)) | T4: =+IF(Read_Me_First!$B28="","",CONCATENATE(Read_Me_First!$A28,"-",Read_Me_First!$D28)) | U4: =+IF(Read_Me_First!$B29="","",CONCATENATE(Read_Me_First!$A29,"-",Read_Me_First!$D29)) | V4: =+IF(Read_Me_First!$B30="","",CONCATENATE(Read_Me_First!$A30,"-",Read_Me_First!$D30)) | W4: =+IF(Read_Me_First!$B31="","",CONCATENATE(Read_Me_First!$A31,"-",Read_Me_First!$D31)) | X4: =+IF(Read_Me_First!$B32="","",CONCATENATE(Read_Me_First!$A32,"-",Read_Me_First!$D32)) | Y4: =+IF(Read_Me_First!$B33="","",CONCATENATE(Read_Me_First!$A33,"-",Read_Me_First!$D33)) | Z4: =+IF(Read_Me_First!$B34="","",CONCATENATE(Read_Me_First!$A34,"-",Read_Me_First!$D34)) | AA4: =+IF(Read_Me_First!$B35="","",CONCATENATE(Read_Me_First!$A35,"-",Read_Me_First!$D35)) | AB4: =+IF(Read_Me_First!$B36="","",CONCATENATE(Read_Me_First!$A36,"-",Read_Me_First!$D36)) | AC4: =+IF(Read_Me_First!$B37="","",CONCATENATE(Read_Me_First!$A37,"-",Read_Me_First!$D37))
A5: 1 | B5: A01
A6: 2 | B6: A01
A7: 3 | B7: A01 | C7: …
A8: 4 | B8: A02
A10: 5 | B10: A02
A11: 6 | B11: A02 | C11: …
A12: 7 | B12: A03
A13: 8 | B13: A03
A14: 9 | B14: A03 | C14: …
A15: 10 | B15: A05
A16: 11 | B16: A05
A17: 12 | B17: A05 | C17: …
A18: 13 | B18: A06
A19: 14 | B19: A06
A20: 15 | B20: A06 | C20: …
