Workbook
Name County: 'Dropdown Menu'!$B$1:$B$101
Name Flow: 'Dropdown Menu'!$F$1:$F$3
Name Month: 'Dropdown Menu'!$A$1:$A$13
Name Parameters: 'PCS Parameter Codes'!$B$1:$B$76
Name PCS: 'PCS Parameter Codes'!$A$2:$A$76
Name PCSCODE: 'PCS Parameter Codes'!$A$1:$A$76
Name PPI: 'Dropdown Menu'!$D$1:$D$16
Name Sample: 'Dropdown Menu'!$E$1:$E$5
Name SampleType: 'Dropdown Menu'!$E$2:$E$5
Name SamplingType: 'Dropdown Menu'!$E$1:$E$4
Name Year: 'Dropdown Menu'!$C$1:$C$21

Sheet PPI 001
A1: Permit No.: | C1: WQ0028798 | E1: Facility Name: | G1: Booth Mountain Development | L1: County: | M1: Chatham | O1: Month: | R1: Year:
A2: PPI: | C2: 001 | D2: Flow Measuring Point: | K2: Parameter Monitoring Point:
A3: Parameter Code | D3: 50050 | E3: 00310 | F3: 00940 | G3: 50060 | H3: 31616 | I3: 00610 | J3: 00620 | K3: 00400 | L3: 70300 | M3: 00530 | N3: 00076
A4: Day | B4: ORC Arrival Time | C4: ORC Time On Site | D4: Flow | E4: =IF(ISBLANK(E$3), " ", VLOOKUP(E$3,'PCS Parameter Codes'!$A$1:$D$76,2,FALSE)) -> BOD5 | F4: =IF(ISBLANK(F$3), " ", VLOOKUP(F$3,'PCS Parameter Codes'!$A$1:$D$76,2,FALSE)) -> Chloride | G4: =IF(ISBLANK(G$3), " ", VLOOKUP(G$3,'PCS Parameter Codes'!$A$1:$D$76,2,FALSE)) -> Total Residual Chlorine | H4: =IF(ISBLANK(H$3), " ", VLOOKUP(H$3,'PCS Parameter Codes'!$A$1:$D$76,2,FALSE)) -> Fecal Coliform | I4: =IF(ISBLANK(I$3), " ", VLOOKUP(I$3,'PCS Parameter Codes'!$A$1:$D$76,2,FALSE)) -> Ammonia | J4: =IF(ISBLANK(J$3), " ", VLOOKUP(J$3,'PCS Parameter Codes'!$A$1:$D$76,2,FALSE)) -> Nitrate | K4: =IF(ISBLANK(K$3), " ", VLOOKUP(K$3,'PCS Parameter Codes'!$A$1:$D$76,2,FALSE)) -> pH | L4: =IF(ISBLANK(L$3), " ", VLOOKUP(L$3,'PCS Parameter Codes'!$A$1:$D$76,2,FALSE)) -> Total Dissolved Solids | ... S4: =IF(ISBLANK(S$3), " ", VLOOKUP(S$3,'PCS Parameter Codes'!$A$1:$D$76,2,FALSE))
B5: 24-hr | C5: hrs | D5: GPD | E5: =IF(ISBLANK(E$3), " ", VLOOKUP(E$3,'PCS Parameter Codes'!$A$1:$D$76,4,FALSE)) -> mg/L | F5: =IF(ISBLANK(F$3), " ", VLOOKUP(F$3,'PCS Parameter Codes'!$A$1:$D$76,4,FALSE)) -> mg/L | G5: =IF(ISBLANK(G$3), " ", VLOOKUP(G$3,'PCS Parameter Codes'!$A$1:$D$76,4,FALSE)) -> mg/L | H5: =IF(ISBLANK(H$3), " ", VLOOKUP(H$3,'PCS Parameter Codes'!$A$1:$D$76,4,FALSE)) -> #/100 mL | I5: =IF(ISBLANK(I$3), " ", VLOOKUP(I$3,'PCS Parameter Codes'!$A$1:$D$76,4,FALSE)) -> mg/L | J5: =IF(ISBLANK(J$3), " ", VLOOKUP(J$3,'PCS Parameter Codes'!$A$1:$D$76,4,FALSE)) -> mg/L | K5: =IF(ISBLANK(K$3), " ", VLOOKUP(K$3,'PCS Parameter Codes'!$A$1:$D$76,4,FALSE)) -> su | L5: =IF(ISBLANK(L$3), " ", VLOOKUP(L$3,'PCS Parameter Codes'!$A$1:$D$76,4,FALSE)) -> mg/L | ... S5: =IF(ISBLANK(S$3), " ", VLOOKUP(S$3,'PCS Parameter Codes'!$A$1:$D$76,4,FALSE))
A6: 1
A7: 2
A8: 3
A9: 4
A10: 5
A11: 6
A12: 7
A13: 8
A14: 9
A15: 10
A16: 11
A17: 12
... A36: 31
A37: Average: | D37: =IF(ISBLANK($P$1)," ",AVERAGE(D6:D36)) | E37: =IF(ISBLANK($C$1)," ", IF(COUNT(E45:E75)=0, " ", IF(E$4="pH"," ", IF(E$4="Fecal Coliform", GEOMEAN(E76:E106), IF(E$4="Total Coliform", GEOMEAN(E76:E106), AVERAGE(E45:E75)))))) | F37: =IF(ISBLANK($C$1)," ", IF(COUNT(F45:F75)=0, " ", IF(F$4="pH"," ", IF(F$4="Fecal Coliform", GEOMEAN(F76:F106), IF(F$4="Total Coliform", GEOMEAN(F76:F106), AVERAGE(F45:F75)))))) | G37: =IF(ISBLANK($C$1)," ", IF(COUNT(G45:G75)=0, " ", IF(G$4="pH"," ", IF(G$4="Fecal Coliform", GEOMEAN(G76:G106), IF(G$4="Total Coliform", GEOMEAN(G76:G106), AVERAGE(G45:G75)))))) | H37: =IF(ISBLANK($C$1)," ", IF(COUNT(H45:H75)=0, " ", IF(H$4="pH"," ", IF(H$4="Fecal Coliform", GEOMEAN(H76:H106), IF(H$4="Total Coliform", GEOMEAN(H76:H106), AVERAGE(H45:H75)))))) | I37: =IF(ISBLANK($C$1)," ", IF(COUNT(I45:I75)=0, " ", IF(I$4="pH"," ", IF(I$4="Fecal Coliform", GEOMEAN(I76:I106), IF(I$4="Total Coliform", GEOMEAN(I76:I106), AVERAGE(I45:I75)))))) | J37: =IF(ISBLANK($C$1)," ", IF(COUNT(J45:J75)=0, " ", IF(J$4="pH"," ", IF(J$4="Fecal Coliform", GEOMEAN(J76:J106), IF(J$4="Total Coliform", GEOMEAN(J76:J106), AVERAGE(J45:J75)))))) | K37: =IF(ISBLANK($C$1)," ", IF(COUNT(K45:K75)=0, " ", IF(K$4="pH"," ", IF(K$4="Fecal Coliform", GEOMEAN(K76:K106), IF(K$4="Total Coliform", GEOMEAN(K76:K106), AVERAGE(K45:K75)))))) | L37: =IF(ISBLANK($C$1)," ", IF(COUNT(L45:L75)=0, " ", IF(L$4="pH"," ", IF(L$4="Fecal Coliform", GEOMEAN(L76:L106), IF(L$4="Total Coliform", GEOMEAN(L76:L106), AVERAGE(L45:L75)))))) | ... S37: =IF(ISBLANK($C$1)," ", IF(COUNT(S45:S75)=0, " ", IF(S$4="pH"," ", IF(S$4="Fecal Coliform", GEOMEAN(S76:S106), IF(S$4="Total Coliform", GEOMEAN(S76:S106), AVERAGE(S45:S75))))))
A38: Daily Maximum: | D38: =IF(ISBLANK($P$1)," ",MAX(D6:D36)) | E38: =IF(ISBLANK($C$1)," ", IF(COUNT(E45:E75)=0, " ", MAX(E107:E137))) | F38: =IF(ISBLANK($C$1)," ", IF(COUNT(F45:F75)=0, " ", MAX(F107:F137))) | G38: =IF(ISBLANK($C$1)," ", IF(COUNT(G45:G75)=0, " ", MAX(G107:G137))) | H38: =IF(ISBLANK($C$1)," ", IF(COUNT(H45:H75)=0, " ", MAX(H107:H137))) | I38: =IF(ISBLANK($C$1)," ", IF(COUNT(I45:I75)=0, " ", MAX(I107:I137))) | J38: =IF(ISBLANK($C$1)," ", IF(COUNT(J45:J75)=0, " ", MAX(J107:J137))) | K38: =IF(ISBLANK($C$1)," ", IF(COUNT(K45:K75)=0, " ", MAX(K107:K137))) | L38: =IF(ISBLANK($C$1)," ", IF(COUNT(L45:L75)=0, " ", MAX(L107:L137))) | ... S38: =IF(ISBLANK($C$1)," ", IF(COUNT(S45:S75)=0, " ", MAX(S107:S137)))
A39: Daily Minimum: | D39: =IF(ISBLANK($P$1)," ",MIN(D6:D36)) | E39: =IF(ISBLANK($C$1)," ", IF(COUNT(E45:E75)=0, " ", MIN(E107:E137))) | F39: =IF(ISBLANK($C$1)," ", IF(COUNT(F45:F75)=0, " ", MIN(F107:F137))) | G39: =IF(ISBLANK($C$1)," ", IF(COUNT(G45:G75)=0, " ", MIN(G107:G137))) | H39: =IF(ISBLANK($C$1)," ", IF(COUNT(H45:H75)=0, " ", MIN(H107:H137))) | I39: =IF(ISBLANK($C$1)," ", IF(COUNT(I45:I75)=0, " ", MIN(I107:I137))) | J39: =IF(ISBLANK($C$1)," ", IF(COUNT(J45:J75)=0, " ", MIN(J107:J137))) | K39: =IF(ISBLANK($C$1)," ", IF(COUNT(K45:K75)=0, " ", MIN(K107:K137))) | L39: =IF(ISBLANK($C$1)," ", IF(COUNT(L45:L75)=0, " ", MIN(L107:L137))) | ... S39: =IF(ISBLANK($C$1)," ", IF(COUNT(S45:S75)=0, " ", MIN(S107:S137)))
A40: Sampling Type: | D40: Recorder | E40: Composite | F40: Composite | G40: Grab | H40: Grab | I40: Composite | J40: Composite | K40: Grab | L40: Composite | M40: Composite | N40: Recorder
A41: Monthly Avg. Limit: | D41: 10000 | E41: 10 | H41: 14 | I41: 4 | M41: 5
A42: Daily Limit: | E42: 15 | H42: 25 | I42: 6 | K42: 6-9 | M42: 10 | N42: 10
A43: Sample Frequency: | D43: Continuous | E43: 4 x Year | F43: 4 x Year | G43: 5 x Week | H43: 4 x Year | I43: 4 x Year | J43: 4 x Year | K43: 5 x Week | L43: 4 x Year | M43: 4 x Year | N43: Continuous
C45: Average | E45: =IF(ISBLANK(E6), " ",IF(ISTEXT(E6),0,E6)) | F45: =IF(ISBLANK(F6), " ",IF(ISTEXT(F6),0,F6)) | G45: =IF(ISBLANK(G6), " ",IF(ISTEXT(G6),0,G6)) | H45: =IF(ISBLANK(H6), " ",IF(ISTEXT(H6),0,H6)) | I45: =IF(ISBLANK(I6), " ",IF(ISTEXT(I6),0,I6)) | J45: =IF(ISBLANK(J6), " ",IF(ISTEXT(J6),0,J6)) | K45: =IF(ISBLANK(K6), " ",IF(ISTEXT(K6),0,K6)) | L45: =IF(ISBLANK(L6), " ",IF(ISTEXT(L6),0,L6)) | ... S45: =IF(ISBLANK(S6), " ",IF(ISTEXT(S6),0,S6))
E46: =IF(ISBLANK(E7), " ",IF(ISTEXT(E7),0,E7)) | F46: =IF(ISBLANK(F7), " ",IF(ISTEXT(F7),0,F7)) | G46: =IF(ISBLANK(G7), " ",IF(ISTEXT(G7),0,G7)) | H46: =IF(ISBLANK(H7), " ",IF(ISTEXT(H7),0,H7)) | I46: =IF(ISBLANK(I7), " ",IF(ISTEXT(I7),0,I7)) | J46: =IF(ISBLANK(J7), " ",IF(ISTEXT(J7),0,J7)) | K46: =IF(ISBLANK(K7), " ",IF(ISTEXT(K7),0,K7)) | L46: =IF(ISBLANK(L7), " ",IF(ISTEXT(L7),0,L7)) | ... S46: =IF(ISBLANK(S7), " ",IF(ISTEXT(S7),0,S7))
E47: =IF(ISBLANK(E8), " ",IF(ISTEXT(E8),0,E8)) | F47: =IF(ISBLANK(F8), " ",IF(ISTEXT(F8),0,F8)) | G47: =IF(ISBLANK(G8), " ",IF(ISTEXT(G8),0,G8)) | H47: =IF(ISBLANK(H8), " ",IF(ISTEXT(H8),0,H8)) | I47: =IF(ISBLANK(I8), " ",IF(ISTEXT(I8),0,I8)) | J47: =IF(ISBLANK(J8), " ",IF(ISTEXT(J8),0,J8)) | K47: =IF(ISBLANK(K8), " ",IF(ISTEXT(K8),0,K8)) | L47: =IF(ISBLANK(L8), " ",IF(ISTEXT(L8),0,L8)) | ... S47: =IF(ISBLANK(S8), " ",IF(ISTEXT(S8),0,S8))
E48: =IF(ISBLANK(E9), " ",IF(ISTEXT(E9),0,E9)) | F48: =IF(ISBLANK(F9), " ",IF(ISTEXT(F9),0,F9)) | G48: =IF(ISBLANK(G9), " ",IF(ISTEXT(G9),0,G9)) | H48: =IF(ISBLANK(H9), " ",IF(ISTEXT(H9),0,H9)) | I48: =IF(ISBLANK(I9), " ",IF(ISTEXT(I9),0,I9)) | J48: =IF(ISBLANK(J9), " ",IF(ISTEXT(J9),0,J9)) | K48: =IF(ISBLANK(K9), " ",IF(ISTEXT(K9),0,K9)) | L48: =IF(ISBLANK(L9), " ",IF(ISTEXT(L9),0,L9)) | ... S48: =IF(ISBLANK(S9), " ",IF(ISTEXT(S9),0,S9))
E49: =IF(ISBLANK(E10), " ",IF(ISTEXT(E10),0,E10)) | F49: =IF(ISBLANK(F10), " ",IF(ISTEXT(F10),0,F10)) | G49: =IF(ISBLANK(G10), " ",IF(ISTEXT(G10),0,G10)) | H49: =IF(ISBLANK(H10), " ",IF(ISTEXT(H10),0,H10)) | I49: =IF(ISBLANK(I10), " ",IF(ISTEXT(I10),0,I10)) | J49: =IF(ISBLANK(J10), " ",IF(ISTEXT(J10),0,J10)) | K49: =IF(ISBLANK(K10), " ",IF(ISTEXT(K10),0,K10)) | L49: =IF(ISBLANK(L10), " ",IF(ISTEXT(L10),0,L10)) | ... S49: =IF(ISBLANK(S10), " ",IF(ISTEXT(S10),0,S10))
E50: =IF(ISBLANK(E11), " ",IF(ISTEXT(E11),0,E11)) | F50: =IF(ISBLANK(F11), " ",IF(ISTEXT(F11),0,F11)) | G50: =IF(ISBLANK(G11), " ",IF(ISTEXT(G11),0,G11)) | H50: =IF(ISBLANK(H11), " ",IF(ISTEXT(H11),0,H11)) | I50: =IF(ISBLANK(I11), " ",IF(ISTEXT(I11),0,I11)) | J50: =IF(ISBLANK(J11), " ",IF(ISTEXT(J11),0,J11)) | K50: =IF(ISBLANK(K11), " ",IF(ISTEXT(K11),0,K11)) | L50: =IF(ISBLANK(L11), " ",IF(ISTEXT(L11),0,L11)) | ... S50: =IF(ISBLANK(S11), " ",IF(ISTEXT(S11),0,S11))
E51: =IF(ISBLANK(E12), " ",IF(ISTEXT(E12),0,E12)) | F51: =IF(ISBLANK(F12), " ",IF(ISTEXT(F12),0,F12)) | G51: =IF(ISBLANK(G12), " ",IF(ISTEXT(G12),0,G12)) | H51: =IF(ISBLANK(H12), " ",IF(ISTEXT(H12),0,H12)) | I51: =IF(ISBLANK(I12), " ",IF(ISTEXT(I12),0,I12)) | J51: =IF(ISBLANK(J12), " ",IF(ISTEXT(J12),0,J12)) | K51: =IF(ISBLANK(K12), " ",IF(ISTEXT(K12),0,K12)) | L51: =IF(ISBLANK(L12), " ",IF(ISTEXT(L12),0,L12)) | ... S51: =IF(ISBLANK(S12), " ",IF(ISTEXT(S12),0,S12))
E52: =IF(ISBLANK(E13), " ",IF(ISTEXT(E13),0,E13)) | F52: =IF(ISBLANK(F13), " ",IF(ISTEXT(F13),0,F13)) | G52: =IF(ISBLANK(G13), " ",IF(ISTEXT(G13),0,G13)) | H52: =IF(ISBLANK(H13), " ",IF(ISTEXT(H13),0,H13)) | I52: =IF(ISBLANK(I13), " ",IF(ISTEXT(I13),0,I13)) | J52: =IF(ISBLANK(J13), " ",IF(ISTEXT(J13),0,J13)) | K52: =IF(ISBLANK(K13), " ",IF(ISTEXT(K13),0,K13)) | L52: =IF(ISBLANK(L13), " ",IF(ISTEXT(L13),0,L13)) | ... S52: =IF(ISBLANK(S13), " ",IF(ISTEXT(S13),0,S13))
E53: =IF(ISBLANK(E14), " ",IF(ISTEXT(E14),0,E14)) | F53: =IF(ISBLANK(F14), " ",IF(ISTEXT(F14),0,F14)) | G53: =IF(ISBLANK(G14), " ",IF(ISTEXT(G14),0,G14)) | H53: =IF(ISBLANK(H14), " ",IF(ISTEXT(H14),0,H14)) | I53: =IF(ISBLANK(I14), " ",IF(ISTEXT(I14),0,I14)) | J53: =IF(ISBLANK(J14), " ",IF(ISTEXT(J14),0,J14)) | K53: =IF(ISBLANK(K14), " ",IF(ISTEXT(K14),0,K14)) | L53: =IF(ISBLANK(L14), " ",IF(ISTEXT(L14),0,L14)) | ... S53: =IF(ISBLANK(S14), " ",IF(ISTEXT(S14),0,S14))
E54: =IF(ISBLANK(E15), " ",IF(ISTEXT(E15),0,E15)) | F54: =IF(ISBLANK(F15), " ",IF(ISTEXT(F15),0,F15)) | G54: =IF(ISBLANK(G15), " ",IF(ISTEXT(G15),0,G15)) | H54: =IF(ISBLANK(H15), " ",IF(ISTEXT(H15),0,H15)) | I54: =IF(ISBLANK(I15), " ",IF(ISTEXT(I15),0,I15)) | J54: =IF(ISBLANK(J15), " ",IF(ISTEXT(J15),0,J15)) | K54: =IF(ISBLANK(K15), " ",IF(ISTEXT(K15),0,K15)) | L54: =IF(ISBLANK(L15), " ",IF(ISTEXT(L15),0,L15)) | ... S54: =IF(ISBLANK(S15), " ",IF(ISTEXT(S15),0,S15))
E55: =IF(ISBLANK(E16), " ",IF(ISTEXT(E16),0,E16)) | F55: =IF(ISBLANK(F16), " ",IF(ISTEXT(F16),0,F16)) | G55: =IF(ISBLANK(G16), " ",IF(ISTEXT(G16),0,G16)) | H55: =IF(ISBLANK(H16), " ",IF(ISTEXT(H16),0,H16)) | I55: =IF(ISBLANK(I16), " ",IF(ISTEXT(I16),0,I16)) | J55: =IF(ISBLANK(J16), " ",IF(ISTEXT(J16),0,J16)) | K55: =IF(ISBLANK(K16), " ",IF(ISTEXT(K16),0,K16)) | L55: =IF(ISBLANK(L16), " ",IF(ISTEXT(L16),0,L16)) | ... S55: =IF(ISBLANK(S16), " ",IF(ISTEXT(S16),0,S16))
E56: =IF(ISBLANK(E17), " ",IF(ISTEXT(E17),0,E17)) | F56: =IF(ISBLANK(F17), " ",IF(ISTEXT(F17),0,F17)) | G56: =IF(ISBLANK(G17), " ",IF(ISTEXT(G17),0,G17)) | H56: =IF(ISBLANK(H17), " ",IF(ISTEXT(H17),0,H17)) | I56: =IF(ISBLANK(I17), " ",IF(ISTEXT(I17),0,I17)) | J56: =IF(ISBLANK(J17), " ",IF(ISTEXT(J17),0,J17)) | K56: =IF(ISBLANK(K17), " ",IF(ISTEXT(K17),0,K17)) | L56: =IF(ISBLANK(L17), " ",IF(ISTEXT(L17),0,L17)) | ... S56: =IF(ISBLANK(S17), " ",IF(ISTEXT(S17),0,S17))
E57: =IF(ISBLANK(E18), " ",IF(ISTEXT(E18),0,E18)) | F57: =IF(ISBLANK(F18), " ",IF(ISTEXT(F18),0,F18)) | G57: =IF(ISBLANK(G18), " ",IF(ISTEXT(G18),0,G18)) | H57: =IF(ISBLANK(H18), " ",IF(ISTEXT(H18),0,H18)) | I57: =IF(ISBLANK(I18), " ",IF(ISTEXT(I18),0,I18)) | J57: =IF(ISBLANK(J18), " ",IF(ISTEXT(J18),0,J18)) | K57: =IF(ISBLANK(K18), " ",IF(ISTEXT(K18),0,K18)) | L57: =IF(ISBLANK(L18), " ",IF(ISTEXT(L18),0,L18)) | ... S57: =IF(ISBLANK(S18), " ",IF(ISTEXT(S18),0,S18))
... E75: =IF(ISBLANK(E36), " ",IF(ISTEXT(E36),0,E36)) | F75: =IF(ISBLANK(F36), " ",IF(ISTEXT(F36),0,F36)) | G75: =IF(ISBLANK(G36), " ",IF(ISTEXT(G36),0,G36)) | H75: =IF(ISBLANK(H36), " ",IF(ISTEXT(H36),0,H36)) | I75: =IF(ISBLANK(I36), " ",IF(ISTEXT(I36),0,I36)) | J75: =IF(ISBLANK(J36), " ",IF(ISTEXT(J36),0,J36)) | K75: =IF(ISBLANK(K36), " ",IF(ISTEXT(K36),0,K36)) | L75: =IF(ISBLANK(L36), " ",IF(ISTEXT(L36),0,L36)) | ... S75: =IF(ISBLANK(S36), " ",IF(ISTEXT(S36),0,S36))
C76: Geomean | E76: =IF(ISBLANK(E6)," ",IF(ISTEXT(E6),1,E6)) | F76: =IF(ISBLANK(F6)," ",IF(ISTEXT(F6),1,F6)) | G76: =IF(ISBLANK(G6)," ",IF(ISTEXT(G6),1,G6)) | H76: =IF(ISBLANK(H6)," ",IF(ISTEXT(H6),1,H6)) | I76: =IF(ISBLANK(I6)," ",IF(ISTEXT(I6),1,I6)) | J76: =IF(ISBLANK(J6)," ",IF(ISTEXT(J6),1,J6)) | K76: =IF(ISBLANK(K6)," ",IF(ISTEXT(K6),1,K6)) | L76: =IF(ISBLANK(L6)," ",IF(ISTEXT(L6),1,L6)) | ... S76: =IF(ISBLANK(S6)," ",IF(ISTEXT(S6),1,S6))
E77: =IF(ISBLANK(E7)," ",IF(ISTEXT(E7),1,E7)) | F77: =IF(ISBLANK(F7)," ",IF(ISTEXT(F7),1,F7)) | G77: =IF(ISBLANK(G7)," ",IF(ISTEXT(G7),1,G7)) | H77: =IF(ISBLANK(H7)," ",IF(ISTEXT(H7),1,H7)) | I77: =IF(ISBLANK(I7)," ",IF(ISTEXT(I7),1,I7)) | J77: =IF(ISBLANK(J7)," ",IF(ISTEXT(J7),1,J7)) | K77: =IF(ISBLANK(K7)," ",IF(ISTEXT(K7),1,K7)) | L77: =IF(ISBLANK(L7)," ",IF(ISTEXT(L7),1,L7)) | ... S77: =IF(ISBLANK(S7)," ",IF(ISTEXT(S7),1,S7))
E78: =IF(ISBLANK(E8)," ",IF(ISTEXT(E8),1,E8)) | F78: =IF(ISBLANK(F8)," ",IF(ISTEXT(F8),1,F8)) | G78: =IF(ISBLANK(G8)," ",IF(ISTEXT(G8),1,G8)) | H78: =IF(ISBLANK(H8)," ",IF(ISTEXT(H8),1,H8)) | I78: =IF(ISBLANK(I8)," ",IF(ISTEXT(I8),1,I8)) | J78: =IF(ISBLANK(J8)," ",IF(ISTEXT(J8),1,J8)) | K78: =IF(ISBLANK(K8)," ",IF(ISTEXT(K8),1,K8)) | L78: =IF(ISBLANK(L8)," ",IF(ISTEXT(L8),1,L8)) | ... S78: =IF(ISBLANK(S8)," ",IF(ISTEXT(S8),1,S8))
E79: =IF(ISBLANK(E9)," ",IF(ISTEXT(E9),1,E9)) | F79: =IF(ISBLANK(F9)," ",IF(ISTEXT(F9),1,F9)) | G79: =IF(ISBLANK(G9)," ",IF(ISTEXT(G9),1,G9)) | H79: =IF(ISBLANK(H9)," ",IF(ISTEXT(H9),1,H9)) | I79: =IF(ISBLANK(I9)," ",IF(ISTEXT(I9),1,I9)) | J79: =IF(ISBLANK(J9)," ",IF(ISTEXT(J9),1,J9)) | K79: =IF(ISBLANK(K9)," ",IF(ISTEXT(K9),1,K9)) | L79: =IF(ISBLANK(L9)," ",IF(ISTEXT(L9),1,L9)) | ... S79: =IF(ISBLANK(S9)," ",IF(ISTEXT(S9),1,S9))
E80: =IF(ISBLANK(E10)," ",IF(ISTEXT(E10),1,E10)) | F80: =IF(ISBLANK(F10)," ",IF(ISTEXT(F10),1,F10)) | G80: =IF(ISBLANK(G10)," ",IF(ISTEXT(G10),1,G10)) | H80: =IF(ISBLANK(H10)," ",IF(ISTEXT(H10),1,H10)) | I80: =IF(ISBLANK(I10)," ",IF(ISTEXT(I10),1,I10)) | J80: =IF(ISBLANK(J10)," ",IF(ISTEXT(J10),1,J10)) | K80: =IF(ISBLANK(K10)," ",IF(ISTEXT(K10),1,K10)) | L80: =IF(ISBLANK(L10)," ",IF(ISTEXT(L10),1,L10)) | ... S80: =IF(ISBLANK(S10)," ",IF(ISTEXT(S10),1,S10))
E81: =IF(ISBLANK(E11)," ",IF(ISTEXT(E11),1,E11)) | F81: =IF(ISBLANK(F11)," ",IF(ISTEXT(F11),1,F11)) | G81: =IF(ISBLANK(G11)," ",IF(ISTEXT(G11),1,G11)) | H81: =IF(ISBLANK(H11)," ",IF(ISTEXT(H11),1,H11)) | I81: =IF(ISBLANK(I11)," ",IF(ISTEXT(I11),1,I11)) | J81: =IF(ISBLANK(J11)," ",IF(ISTEXT(J11),1,J11)) | K81: =IF(ISBLANK(K11)," ",IF(ISTEXT(K11),1,K11)) | L81: =IF(ISBLANK(L11)," ",IF(ISTEXT(L11),1,L11)) | ... S81: =IF(ISBLANK(S11)," ",IF(ISTEXT(S11),1,S11))
E82: =IF(ISBLANK(E12)," ",IF(ISTEXT(E12),1,E12)) | F82: =IF(ISBLANK(F12)," ",IF(ISTEXT(F12),1,F12)) | G82: =IF(ISBLANK(G12)," ",IF(ISTEXT(G12),1,G12)) | H82: =IF(ISBLANK(H12)," ",IF(ISTEXT(H12),1,H12)) | I82: =IF(ISBLANK(I12)," ",IF(ISTEXT(I12),1,I12)) | J82: =IF(ISBLANK(J12)," ",IF(ISTEXT(J12),1,J12)) | K82: =IF(ISBLANK(K12)," ",IF(ISTEXT(K12),1,K12)) | L82: =IF(ISBLANK(L12)," ",IF(ISTEXT(L12),1,L12)) | ... S82: =IF(ISBLANK(S12)," ",IF(ISTEXT(S12),1,S12))
E83: =IF(ISBLANK(E13)," ",IF(ISTEXT(E13),1,E13)) | F83: =IF(ISBLANK(F13)," ",IF(ISTEXT(F13),1,F13)) | G83: =IF(ISBLANK(G13)," ",IF(ISTEXT(G13),1,G13)) | H83: =IF(ISBLANK(H13)," ",IF(ISTEXT(H13),1,H13)) | I83: =IF(ISBLANK(I13)," ",IF(ISTEXT(I13),1,I13)) | J83: =IF(ISBLANK(J13)," ",IF(ISTEXT(J13),1,J13)) | K83: =IF(ISBLANK(K13)," ",IF(ISTEXT(K13),1,K13)) | L83: =IF(ISBLANK(L13)," ",IF(ISTEXT(L13),1,L13)) | ... S83: =IF(ISBLANK(S13)," ",IF(ISTEXT(S13),1,S13))
E84: =IF(ISBLANK(E14)," ",IF(ISTEXT(E14),1,E14)) | F84: =IF(ISBLANK(F14)," ",IF(ISTEXT(F14),1,F14)) | G84: =IF(ISBLANK(G14)," ",IF(ISTEXT(G14),1,G14)) | H84: =IF(ISBLANK(H14)," ",IF(ISTEXT(H14),1,H14)) | I84: =IF(ISBLANK(I14)," ",IF(ISTEXT(I14),1,I14)) | J84: =IF(ISBLANK(J14)," ",IF(ISTEXT(J14),1,J14)) | K84: =IF(ISBLANK(K14)," ",IF(ISTEXT(K14),1,K14)) | L84: =IF(ISBLANK(L14)," ",IF(ISTEXT(L14),1,L14)) | ... S84: =IF(ISBLANK(S14)," ",IF(ISTEXT(S14),1,S14))
E85: =IF(ISBLANK(E15)," ",IF(ISTEXT(E15),1,E15)) | F85: =IF(ISBLANK(F15)," ",IF(ISTEXT(F15),1,F15)) | G85: =IF(ISBLANK(G15)," ",IF(ISTEXT(G15),1,G15)) | H85: =IF(ISBLANK(H15)," ",IF(ISTEXT(H15),1,H15)) | I85: =IF(ISBLANK(I15)," ",IF(ISTEXT(I15),1,I15)) | J85: =IF(ISBLANK(J15)," ",IF(ISTEXT(J15),1,J15)) | K85: =IF(ISBLANK(K15)," ",IF(ISTEXT(K15),1,K15)) | L85: =IF(ISBLANK(L15)," ",IF(ISTEXT(L15),1,L15)) | ... S85: =IF(ISBLANK(S15)," ",IF(ISTEXT(S15),1,S15))
E86: =IF(ISBLANK(E16)," ",IF(ISTEXT(E16),1,E16)) | F86: =IF(ISBLANK(F16)," ",IF(ISTEXT(F16),1,F16)) | G86: =IF(ISBLANK(G16)," ",IF(ISTEXT(G16),1,G16)) | H86: =IF(ISBLANK(H16)," ",IF(ISTEXT(H16),1,H16)) | I86: =IF(ISBLANK(I16)," ",IF(ISTEXT(I16),1,I16)) | J86: =IF(ISBLANK(J16)," ",IF(ISTEXT(J16),1,J16)) | K86: =IF(ISBLANK(K16)," ",IF(ISTEXT(K16),1,K16)) | L86: =IF(ISBLANK(L16)," ",IF(ISTEXT(L16),1,L16)) | ... S86: =IF(ISBLANK(S16)," ",IF(ISTEXT(S16),1,S16))
E87: =IF(ISBLANK(E17)," ",IF(ISTEXT(E17),1,E17)) | F87: =IF(ISBLANK(F17)," ",IF(ISTEXT(F17),1,F17)) | G87: =IF(ISBLANK(G17)," ",IF(ISTEXT(G17),1,G17)) | H87: =IF(ISBLANK(H17)," ",IF(ISTEXT(H17),1,H17)) | I87: =IF(ISBLANK(I17)," ",IF(ISTEXT(I17),1,I17)) | J87: =IF(ISBLANK(J17)," ",IF(ISTEXT(J17),1,J17)) | K87: =IF(ISBLANK(K17)," ",IF(ISTEXT(K17),1,K17)) | L87: =IF(ISBLANK(L17)," ",IF(ISTEXT(L17),1,L17)) | ... S87: =IF(ISBLANK(S17)," ",IF(ISTEXT(S17),1,S17))
E88: =IF(ISBLANK(E18)," ",IF(ISTEXT(E18),1,E18)) | F88: =IF(ISBLANK(F18)," ",IF(ISTEXT(F18),1,F18)) | G88: =IF(ISBLANK(G18)," ",IF(ISTEXT(G18),1,G18)) | H88: =IF(ISBLANK(H18)," ",IF(ISTEXT(H18),1,H18)) | I88: =IF(ISBLANK(I18)," ",IF(ISTEXT(I18),1,I18)) | J88: =IF(ISBLANK(J18)," ",IF(ISTEXT(J18),1,J18)) | K88: =IF(ISBLANK(K18)," ",IF(ISTEXT(K18),1,K18)) | L88: =IF(ISBLANK(L18)," ",IF(ISTEXT(L18),1,L18)) | ... S88: =IF(ISBLANK(S18)," ",IF(ISTEXT(S18),1,S18))
... E106: =IF(ISBLANK(E36)," ",IF(ISTEXT(E36),1,E36)) | F106: =IF(ISBLANK(F36)," ",IF(ISTEXT(F36),1,F36)) | G106: =IF(ISBLANK(G36)," ",IF(ISTEXT(G36),1,G36)) | H106: =IF(ISBLANK(H36)," ",IF(ISTEXT(H36),1,H36)) | I106: =IF(ISBLANK(I36)," ",IF(ISTEXT(I36),1,I36)) | J106: =IF(ISBLANK(J36)," ",IF(ISTEXT(J36),1,J36)) | K106: =IF(ISBLANK(K36)," ",IF(ISTEXT(K36),1,K36)) | L106: =IF(ISBLANK(L36)," ",IF(ISTEXT(L36),1,L36)) | ... S106: =IF(ISBLANK(S36)," ",IF(ISTEXT(S36),1,S36))
C107: MAX/MIN | E107: =IF(LEFT(E6,1)="<",VALUE(SUBSTITUTE(E6,"<","")), IF(ISBLANK(E6)," ",E6)) | F107: =IF(LEFT(F6,1)="<",VALUE(SUBSTITUTE(F6,"<","")), IF(ISBLANK(F6)," ",F6)) | G107: =IF(LEFT(G6,1)="<",VALUE(SUBSTITUTE(G6,"<","")), IF(ISBLANK(G6)," ",G6)) | H107: =IF(LEFT(H6,1)="<",VALUE(SUBSTITUTE(H6,"<","")), IF(ISBLANK(H6)," ",H6)) | I107: =IF(LEFT(I6,1)="<",VALUE(SUBSTITUTE(I6,"<","")), IF(ISBLANK(I6)," ",I6)) | J107: =IF(LEFT(J6,1)="<",VALUE(SUBSTITUTE(J6,"<","")), IF(ISBLANK(J6)," ",J6)) | K107: =IF(LEFT(K6,1)="<",VALUE(SUBSTITUTE(K6,"<","")), IF(ISBLANK(K6)," ",K6)) | L107: =IF(LEFT(L6,1)="<",VALUE(SUBSTITUTE(L6,"<","")), IF(ISBLANK(L6)," ",L6)) | ... S107: =IF(LEFT(S6,1)="<",VALUE(SUBSTITUTE(S6,"<","")), IF(ISBLANK(S6)," ",S6))
E108: =IF(LEFT(E7,1)="<",VALUE(SUBSTITUTE(E7,"<","")), IF(ISBLANK(E7)," ",E7)) | F108: =IF(LEFT(F7,1)="<",VALUE(SUBSTITUTE(F7,"<","")), IF(ISBLANK(F7)," ",F7)) | G108: =IF(LEFT(G7,1)="<",VALUE(SUBSTITUTE(G7,"<","")), IF(ISBLANK(G7)," ",G7)) | H108: =IF(LEFT(H7,1)="<",VALUE(SUBSTITUTE(H7,"<","")), IF(ISBLANK(H7)," ",H7)) | I108: =IF(LEFT(I7,1)="<",VALUE(SUBSTITUTE(I7,"<","")), IF(ISBLANK(I7)," ",I7)) | J108: =IF(LEFT(J7,1)="<",VALUE(SUBSTITUTE(J7,"<","")), IF(ISBLANK(J7)," ",J7)) | K108: =IF(LEFT(K7,1)="<",VALUE(SUBSTITUTE(K7,"<","")), IF(ISBLANK(K7)," ",K7)) | L108: =IF(LEFT(L7,1)="<",VALUE(SUBSTITUTE(L7,"<","")), IF(ISBLANK(L7)," ",L7)) | ... S108: =IF(LEFT(S7,1)="<",VALUE(SUBSTITUTE(S7,"<","")), IF(ISBLANK(S7)," ",S7))
E109: =IF(LEFT(E8,1)="<",VALUE(SUBSTITUTE(E8,"<","")), IF(ISBLANK(E8)," ",E8)) | F109: =IF(LEFT(F8,1)="<",VALUE(SUBSTITUTE(F8,"<","")), IF(ISBLANK(F8)," ",F8)) | G109: =IF(LEFT(G8,1)="<",VALUE(SUBSTITUTE(G8,"<","")), IF(ISBLANK(G8)," ",G8)) | H109: =IF(LEFT(H8,1)="<",VALUE(SUBSTITUTE(H8,"<","")), IF(ISBLANK(H8)," ",H8)) | I109: =IF(LEFT(I8,1)="<",VALUE(SUBSTITUTE(I8,"<","")), IF(ISBLANK(I8)," ",I8)) | J109: =IF(LEFT(J8,1)="<",VALUE(SUBSTITUTE(J8,"<","")), IF(ISBLANK(J8)," ",J8)) | K109: =IF(LEFT(K8,1)="<",VALUE(SUBSTITUTE(K8,"<","")), IF(ISBLANK(K8)," ",K8)) | L109: =IF(LEFT(L8,1)="<",VALUE(SUBSTITUTE(L8,"<","")), IF(ISBLANK(L8)," ",L8)) | ... S109: =IF(LEFT(S8,1)="<",VALUE(SUBSTITUTE(S8,"<","")), IF(ISBLANK(S8)," ",S8))
E110: =IF(LEFT(E9,1)="<",VALUE(SUBSTITUTE(E9,"<","")), IF(ISBLANK(E9)," ",E9)) | F110: =IF(LEFT(F9,1)="<",VALUE(SUBSTITUTE(F9,"<","")), IF(ISBLANK(F9)," ",F9)) | G110: =IF(LEFT(G9,1)="<",VALUE(SUBSTITUTE(G9,"<","")), IF(ISBLANK(G9)," ",G9)) | H110: =IF(LEFT(H9,1)="<",VALUE(SUBSTITUTE(H9,"<","")), IF(ISBLANK(H9)," ",H9)) | I110: =IF(LEFT(I9,1)="<",VALUE(SUBSTITUTE(I9,"<","")), IF(ISBLANK(I9)," ",I9)) | J110: =IF(LEFT(J9,1)="<",VALUE(SUBSTITUTE(J9,"<","")), IF(ISBLANK(J9)," ",J9)) | K110: =IF(LEFT(K9,1)="<",VALUE(SUBSTITUTE(K9,"<","")), IF(ISBLANK(K9)," ",K9)) | L110: =IF(LEFT(L9,1)="<",VALUE(SUBSTITUTE(L9,"<","")), IF(ISBLANK(L9)," ",L9)) | ... S110: =IF(LEFT(S9,1)="<",VALUE(SUBSTITUTE(S9,"<","")), IF(ISBLANK(S9)," ",S9))
E111: =IF(LEFT(E10,1)="<",VALUE(SUBSTITUTE(E10,"<","")), IF(ISBLANK(E10)," ",E10)) | F111: =IF(LEFT(F10,1)="<",VALUE(SUBSTITUTE(F10,"<","")), IF(ISBLANK(F10)," ",F10)) | G111: =IF(LEFT(G10,1)="<",VALUE(SUBSTITUTE(G10,"<","")), IF(ISBLANK(G10)," ",G10)) | H111: =IF(LEFT(H10,1)="<",VALUE(SUBSTITUTE(H10,"<","")), IF(ISBLANK(H10)," ",H10)) | I111: =IF(LEFT(I10,1)="<",VALUE(SUBSTITUTE(I10,"<","")), IF(ISBLANK(I10)," ",I10)) | J111: =IF(LEFT(J10,1)="<",VALUE(SUBSTITUTE(J10,"<","")), IF(ISBLANK(J10)," ",J10)) | K111: =IF(LEFT(K10,1)="<",VALUE(SUBSTITUTE(K10,"<","")), IF(ISBLANK(K10)," ",K10)) | L111: =IF(LEFT(L10,1)="<",VALUE(SUBSTITUTE(L10,"<","")), IF(ISBLANK(L10)," ",L10)) | ... S111: =IF(LEFT(S10,1)="<",VALUE(SUBSTITUTE(S10,"<","")), IF(ISBLANK(S10)," ",S10))
E112: =IF(LEFT(E11,1)="<",VALUE(SUBSTITUTE(E11,"<","")), IF(ISBLANK(E11)," ",E11)) | F112: =IF(LEFT(F11,1)="<",VALUE(SUBSTITUTE(F11,"<","")), IF(ISBLANK(F11)," ",F11)) | G112: =IF(LEFT(G11,1)="<",VALUE(SUBSTITUTE(G11,"<","")), IF(ISBLANK(G11)," ",G11)) | H112: =IF(LEFT(H11,1)="<",VALUE(SUBSTITUTE(H11,"<","")), IF(ISBLANK(H11)," ",H11)) | I112: =IF(LEFT(I11,1)="<",VALUE(SUBSTITUTE(I11,"<","")), IF(ISBLANK(I11)," ",I11)) | J112: =IF(LEFT(J11,1)="<",VALUE(SUBSTITUTE(J11,"<","")), IF(ISBLANK(J11)," ",J11)) | K112: =IF(LEFT(K11,1)="<",VALUE(SUBSTITUTE(K11,"<","")), IF(ISBLANK(K11)," ",K11)) | L112: =IF(LEFT(L11,1)="<",VALUE(SUBSTITUTE(L11,"<","")), IF(ISBLANK(L11)," ",L11)) | ... S112: =IF(LEFT(S11,1)="<",VALUE(SUBSTITUTE(S11,"<","")), IF(ISBLANK(S11)," ",S11))
E113: =IF(LEFT(E12,1)="<",VALUE(SUBSTITUTE(E12,"<","")), IF(ISBLANK(E12)," ",E12)) | F113: =IF(LEFT(F12,1)="<",VALUE(SUBSTITUTE(F12,"<","")), IF(ISBLANK(F12)," ",F12)) | G113: =IF(LEFT(G12,1)="<",VALUE(SUBSTITUTE(G12,"<","")), IF(ISBLANK(G12)," ",G12)) | H113: =IF(LEFT(H12,1)="<",VALUE(SUBSTITUTE(H12,"<","")), IF(ISBLANK(H12)," ",H12)) | I113: =IF(LEFT(I12,1)="<",VALUE(SUBSTITUTE(I12,"<","")), IF(ISBLANK(I12)," ",I12)) | J113: =IF(LEFT(J12,1)="<",VALUE(SUBSTITUTE(J12,"<","")), IF(ISBLANK(J12)," ",J12)) | K113: =IF(LEFT(K12,1)="<",VALUE(SUBSTITUTE(K12,"<","")), IF(ISBLANK(K12)," ",K12)) | L113: =IF(LEFT(L12,1)="<",VALUE(SUBSTITUTE(L12,"<","")), IF(ISBLANK(L12)," ",L12)) | ... S113: =IF(LEFT(S12,1)="<",VALUE(SUBSTITUTE(S12,"<","")), IF(ISBLANK(S12)," ",S12))
E114: =IF(LEFT(E13,1)="<",VALUE(SUBSTITUTE(E13,"<","")), IF(ISBLANK(E13)," ",E13)) | F114: =IF(LEFT(F13,1)="<",VALUE(SUBSTITUTE(F13,"<","")), IF(ISBLANK(F13)," ",F13)) | G114: =IF(LEFT(G13,1)="<",VALUE(SUBSTITUTE(G13,"<","")), IF(ISBLANK(G13)," ",G13)) | H114: =IF(LEFT(H13,1)="<",VALUE(SUBSTITUTE(H13,"<","")), IF(ISBLANK(H13)," ",H13)) | I114: =IF(LEFT(I13,1)="<",VALUE(SUBSTITUTE(I13,"<","")), IF(ISBLANK(I13)," ",I13)) | J114: =IF(LEFT(J13,1)="<",VALUE(SUBSTITUTE(J13,"<","")), IF(ISBLANK(J13)," ",J13)) | K114: =IF(LEFT(K13,1)="<",VALUE(SUBSTITUTE(K13,"<","")), IF(ISBLANK(K13)," ",K13)) | L114: =IF(LEFT(L13,1)="<",VALUE(SUBSTITUTE(L13,"<","")), IF(ISBLANK(L13)," ",L13)) | ... S114: =IF(LEFT(S13,1)="<",VALUE(SUBSTITUTE(S13,"<","")), IF(ISBLANK(S13)," ",S13))
E115: =IF(LEFT(E14,1)="<",VALUE(SUBSTITUTE(E14,"<","")), IF(ISBLANK(E14)," ",E14)) | F115: =IF(LEFT(F14,1)="<",VALUE(SUBSTITUTE(F14,"<","")), IF(ISBLANK(F14)," ",F14)) | G115: =IF(LEFT(G14,1)="<",VALUE(SUBSTITUTE(G14,"<","")), IF(ISBLANK(G14)," ",G14)) | H115: =IF(LEFT(H14,1)="<",VALUE(SUBSTITUTE(H14,"<","")), IF(ISBLANK(H14)," ",H14)) | I115: =IF(LEFT(I14,1)="<",VALUE(SUBSTITUTE(I14,"<","")), IF(ISBLANK(I14)," ",I14)) | J115: =IF(LEFT(J14,1)="<",VALUE(SUBSTITUTE(J14,"<","")), IF(ISBLANK(J14)," ",J14)) | K115: =IF(LEFT(K14,1)="<",VALUE(SUBSTITUTE(K14,"<","")), IF(ISBLANK(K14)," ",K14)) | L115: =IF(LEFT(L14,1)="<",VALUE(SUBSTITUTE(L14,"<","")), IF(ISBLANK(L14)," ",L14)) | ... S115: =IF(LEFT(S14,1)="<",VALUE(SUBSTITUTE(S14,"<","")), IF(ISBLANK(S14)," ",S14))
E116: =IF(LEFT(E15,1)="<",VALUE(SUBSTITUTE(E15,"<","")), IF(ISBLANK(E15)," ",E15)) | F116: =IF(LEFT(F15,1)="<",VALUE(SUBSTITUTE(F15,"<","")), IF(ISBLANK(F15)," ",F15)) | G116: =IF(LEFT(G15,1)="<",VALUE(SUBSTITUTE(G15,"<","")), IF(ISBLANK(G15)," ",G15)) | H116: =IF(LEFT(H15,1)="<",VALUE(SUBSTITUTE(H15,"<","")), IF(ISBLANK(H15)," ",H15)) | I116: =IF(LEFT(I15,1)="<",VALUE(SUBSTITUTE(I15,"<","")), IF(ISBLANK(I15)," ",I15)) | J116: =IF(LEFT(J15,1)="<",VALUE(SUBSTITUTE(J15,"<","")), IF(ISBLANK(J15)," ",J15)) | K116: =IF(LEFT(K15,1)="<",VALUE(SUBSTITUTE(K15,"<","")), IF(ISBLANK(K15)," ",K15)) | L116: =IF(LEFT(L15,1)="<",VALUE(SUBSTITUTE(L15,"<","")), IF(ISBLANK(L15)," ",L15)) | ... S116: =IF(LEFT(S15,1)="<",VALUE(SUBSTITUTE(S15,"<","")), IF(ISBLANK(S15)," ",S15))
E117: =IF(LEFT(E16,1)="<",VALUE(SUBSTITUTE(E16,"<","")), IF(ISBLANK(E16)," ",E16)) | F117: =IF(LEFT(F16,1)="<",VALUE(SUBSTITUTE(F16,"<","")), IF(ISBLANK(F16)," ",F16)) | G117: =IF(LEFT(G16,1)="<",VALUE(SUBSTITUTE(G16,"<","")), IF(ISBLANK(G16)," ",G16)) | H117: =IF(LEFT(H16,1)="<",VALUE(SUBSTITUTE(H16,"<","")), IF(ISBLANK(H16)," ",H16)) | I117: =IF(LEFT(I16,1)="<",VALUE(SUBSTITUTE(I16,"<","")), IF(ISBLANK(I16)," ",I16)) | J117: =IF(LEFT(J16,1)="<",VALUE(SUBSTITUTE(J16,"<","")), IF(ISBLANK(J16)," ",J16)) | K117: =IF(LEFT(K16,1)="<",VALUE(SUBSTITUTE(K16,"<","")), IF(ISBLANK(K16)," ",K16)) | L117: =IF(LEFT(L16,1)="<",VALUE(SUBSTITUTE(L16,"<","")), IF(ISBLANK(L16)," ",L16)) | ... S117: =IF(LEFT(S16,1)="<",VALUE(SUBSTITUTE(S16,"<","")), IF(ISBLANK(S16)," ",S16))
E118: =IF(LEFT(E17,1)="<",VALUE(SUBSTITUTE(E17,"<","")), IF(ISBLANK(E17)," ",E17)) | F118: =IF(LEFT(F17,1)="<",VALUE(SUBSTITUTE(F17,"<","")), IF(ISBLANK(F17)," ",F17)) | G118: =IF(LEFT(G17,1)="<",VALUE(SUBSTITUTE(G17,"<","")), IF(ISBLANK(G17)," ",G17)) | H118: =IF(LEFT(H17,1)="<",VALUE(SUBSTITUTE(H17,"<","")), IF(ISBLANK(H17)," ",H17)) | I118: =IF(LEFT(I17,1)="<",VALUE(SUBSTITUTE(I17,"<","")), IF(ISBLANK(I17)," ",I17)) | J118: =IF(LEFT(J17,1)="<",VALUE(SUBSTITUTE(J17,"<","")), IF(ISBLANK(J17)," ",J17)) | K118: =IF(LEFT(K17,1)="<",VALUE(SUBSTITUTE(K17,"<","")), IF(ISBLANK(K17)," ",K17)) | L118: =IF(LEFT(L17,1)="<",VALUE(SUBSTITUTE(L17,"<","")), IF(ISBLANK(L17)," ",L17)) | ... S118: =IF(LEFT(S17,1)="<",VALUE(SUBSTITUTE(S17,"<","")), IF(ISBLANK(S17)," ",S17))
E119: =IF(LEFT(E18,1)="<",VALUE(SUBSTITUTE(E18,"<","")), IF(ISBLANK(E18)," ",E18)) | F119: =IF(LEFT(F18,1)="<",VALUE(SUBSTITUTE(F18,"<","")), IF(ISBLANK(F18)," ",F18)) | G119: =IF(LEFT(G18,1)="<",VALUE(SUBSTITUTE(G18,"<","")), IF(ISBLANK(G18)," ",G18)) | H119: =IF(LEFT(H18,1)="<",VALUE(SUBSTITUTE(H18,"<","")), IF(ISBLANK(H18)," ",H18)) | I119: =IF(LEFT(I18,1)="<",VALUE(SUBSTITUTE(I18,"<","")), IF(ISBLANK(I18)," ",I18)) | J119: =IF(LEFT(J18,1)="<",VALUE(SUBSTITUTE(J18,"<","")), IF(ISBLANK(J18)," ",J18)) | K119: =IF(LEFT(K18,1)="<",VALUE(SUBSTITUTE(K18,"<","")), IF(ISBLANK(K18)," ",K18)) | L119: =IF(LEFT(L18,1)="<",VALUE(SUBSTITUTE(L18,"<","")), IF(ISBLANK(L18)," ",L18)) | ... S119: =IF(LEFT(S18,1)="<",VALUE(SUBSTITUTE(S18,"<","")), IF(ISBLANK(S18)," ",S18))
... E137: =IF(LEFT(E36,1)="<",VALUE(SUBSTITUTE(E36,"<","")), IF(ISBLANK(E36)," ",E36)) | F137: =IF(LEFT(F36,1)="<",VALUE(SUBSTITUTE(F36,"<","")), IF(ISBLANK(F36)," ",F36)) | G137: =IF(LEFT(G36,1)="<",VALUE(SUBSTITUTE(G36,"<","")), IF(ISBLANK(G36)," ",G36)) | H137: =IF(LEFT(H36,1)="<",VALUE(SUBSTITUTE(H36,"<","")), IF(ISBLANK(H36)," ",H36)) | I137: =IF(LEFT(I36,1)="<",VALUE(SUBSTITUTE(I36,"<","")), IF(ISBLANK(I36)," ",I36)) | J137: =IF(LEFT(J36,1)="<",VALUE(SUBSTITUTE(J36,"<","")), IF(ISBLANK(J36)," ",J36)) | K137: =IF(LEFT(K36,1)="<",VALUE(SUBSTITUTE(K36,"<","")), IF(ISBLANK(K36)," ",K36)) | L137: =IF(LEFT(L36,1)="<",VALUE(SUBSTITUTE(L36,"<","")), IF(ISBLANK(L36)," ",L36)) | ... S137: =IF(LEFT(S36,1)="<",VALUE(SUBSTITUTE(S36,"<","")), IF(ISBLANK(S36)," ",S36))

Sheet PPI 002
A1: Permit No.: | C1: WQ0028798 | E1: Facility Name: | G1: Booth Mountain Development | L1: County: | M1: Chatham | O1: Month: | R1: Year:
A2: PPI: | C2: 002 | D2: Flow Measuring Point: | K2: Parameter Monitoring Point:
A3: Parameter Code | D3: 50050 | E3: 00310 | F3: 00940 | G3: 50060 | H3: 31616 | I3: 00610 | J3: 00620 | K3: 00400 | L3: 70300 | M3: 00530 | N3: 00076
A4: Day | B4: ORC Arrival Time | C4: ORC Time On Site | D4: Flow | E4: =IF(ISBLANK(E$3), " ", VLOOKUP(E$3,'PCS Parameter Codes'!$A$1:$D$76,2,FALSE)) -> BOD5 | F4: =IF(ISBLANK(F$3), " ", VLOOKUP(F$3,'PCS Parameter Codes'!$A$1:$D$76,2,FALSE)) -> Chloride | G4: =IF(ISBLANK(G$3), " ", VLOOKUP(G$3,'PCS Parameter Codes'!$A$1:$D$76,2,FALSE)) -> Total Residual Chlorine | H4: =IF(ISBLANK(H$3), " ", VLOOKUP(H$3,'PCS Parameter Codes'!$A$1:$D$76,2,FALSE)) -> Fecal Coliform | I4: =IF(ISBLANK(I$3), " ", VLOOKUP(I$3,'PCS Parameter Codes'!$A$1:$D$76,2,FALSE)) -> Ammonia | J4: =IF(ISBLANK(J$3), " ", VLOOKUP(J$3,'PCS Parameter Codes'!$A$1:$D$76,2,FALSE)) -> Nitrate | K4: =IF(ISBLANK(K$3), " ", VLOOKUP(K$3,'PCS Parameter Codes'!$A$1:$D$76,2,FALSE)) -> pH | L4: =IF(ISBLANK(L$3), " ", VLOOKUP(L$3,'PCS Parameter Codes'!$A$1:$D$76,2,FALSE)) -> Total Dissolved Solids | ... S4: =IF(ISBLANK(S$3), " ", VLOOKUP(S$3,'PCS Parameter Codes'!$A$1:$D$76,2,FALSE))
B5: 24-hr | C5: hrs | D5: GPD | E5: =IF(ISBLANK(E$3), " ", VLOOKUP(E$3,'PCS Parameter Codes'!$A$1:$D$76,4,FALSE)) -> mg/L | F5: =IF(ISBLANK(F$3), " ", VLOOKUP(F$3,'PCS Parameter Codes'!$A$1:$D$76,4,FALSE)) -> mg/L | G5: =IF(ISBLANK(G$3), " ", VLOOKUP(G$3,'PCS Parameter Codes'!$A$1:$D$76,4,FALSE)) -> mg/L | H5: =IF(ISBLANK(H$3), " ", VLOOKUP(H$3,'PCS Parameter Codes'!$A$1:$D$76,4,FALSE)) -> #/100 mL | I5: =IF(ISBLANK(I$3), " ", VLOOKUP(I$3,'PCS Parameter Codes'!$A$1:$D$76,4,FALSE)) -> mg/L | J5: =IF(ISBLANK(J$3), " ", VLOOKUP(J$3,'PCS Parameter Codes'!$A$1:$D$76,4,FALSE)) -> mg/L | K5: =IF(ISBLANK(K$3), " ", VLOOKUP(K$3,'PCS Parameter Codes'!$A$1:$D$76,4,FALSE)) -> su | L5: =IF(ISBLANK(L$3), " ", VLOOKUP(L$3,'PCS Parameter Codes'!$A$1:$D$76,4,FALSE)) -> mg/L | ... S5: =IF(ISBLANK(S$3), " ", VLOOKUP(S$3,'PCS Parameter Codes'!$A$1:$D$76,4,FALSE))
A6: 1
A7: 2
A8: 3
A9: 4
A10: 5
A11: 6
A12: 7
A13: 8
A14: 9
A15: 10
A16: 11
A17: 12
... A36: 31
A37: Average: | D37: =IF(ISBLANK($P$1)," ",AVERAGE(D6:D36)) | E37: =IF(ISBLANK($C$1)," ", IF(COUNT(E45:E75)=0, " ", IF(E$4="pH"," ", IF(E$4="Fecal Coliform", GEOMEAN(E76:E106), IF(E$4="Total Coliform", GEOMEAN(E76:E106), AVERAGE(E45:E75)))))) | F37: =IF(ISBLANK($C$1)," ", IF(COUNT(F45:F75)=0, " ", IF(F$4="pH"," ", IF(F$4="Fecal Coliform", GEOMEAN(F76:F106), IF(F$4="Total Coliform", GEOMEAN(F76:F106), AVERAGE(F45:F75)))))) | G37: =IF(ISBLANK($C$1)," ", IF(COUNT(G45:G75)=0, " ", IF(G$4="pH"," ", IF(G$4="Fecal Coliform", GEOMEAN(G76:G106), IF(G$4="Total Coliform", GEOMEAN(G76:G106), AVERAGE(G45:G75)))))) | H37: =IF(ISBLANK($C$1)," ", IF(COUNT(H45:H75)=0, " ", IF(H$4="pH"," ", IF(H$4="Fecal Coliform", GEOMEAN(H76:H106), IF(H$4="Total Coliform", GEOMEAN(H76:H106), AVERAGE(H45:H75)))))) | I37: =IF(ISBLANK($C$1)," ", IF(COUNT(I45:I75)=0, " ", IF(I$4="pH"," ", IF(I$4="Fecal Coliform", GEOMEAN(I76:I106), IF(I$4="Total Coliform", GEOMEAN(I76:I106), AVERAGE(I45:I75)))))) | J37: =IF(ISBLANK($C$1)," ", IF(COUNT(J45:J75)=0, " ", IF(J$4="pH"," ", IF(J$4="Fecal Coliform", GEOMEAN(J76:J106), IF(J$4="Total Coliform", GEOMEAN(J76:J106), AVERAGE(J45:J75)))))) | K37: =IF(ISBLANK($C$1)," ", IF(COUNT(K45:K75)=0, " ", IF(K$4="pH"," ", IF(K$4="Fecal Coliform", GEOMEAN(K76:K106), IF(K$4="Total Coliform", GEOMEAN(K76:K106), AVERAGE(K45:K75)))))) | L37: =IF(ISBLANK($C$1)," ", IF(COUNT(L45:L75)=0, " ", IF(L$4="pH"," ", IF(L$4="Fecal Coliform", GEOMEAN(L76:L106), IF(L$4="Total Coliform", GEOMEAN(L76:L106), AVERAGE(L45:L75)))))) | ... S37: =IF(ISBLANK($C$1)," ", IF(COUNT(S45:S75)=0, " ", IF(S$4="pH"," ", IF(S$4="Fecal Coliform", GEOMEAN(S76:S106), IF(S$4="Total Coliform", GEOMEAN(S76:S106), AVERAGE(S45:S75))))))
A38: Daily Maximum: | D38: =IF(ISBLANK($P$1)," ",MAX(D6:D36)) | E38: =IF(ISBLANK($C$1)," ", IF(COUNT(E45:E75)=0, " ", MAX(E107:E137))) | F38: =IF(ISBLANK($C$1)," ", IF(COUNT(F45:F75)=0, " ", MAX(F107:F137))) | G38: =IF(ISBLANK($C$1)," ", IF(COUNT(G45:G75)=0, " ", MAX(G107:G137))) | H38: =IF(ISBLANK($C$1)," ", IF(COUNT(H45:H75)=0, " ", MAX(H107:H137))) | I38: =IF(ISBLANK($C$1)," ", IF(COUNT(I45:I75)=0, " ", MAX(I107:I137))) | J38: =IF(ISBLANK($C$1)," ", IF(COUNT(J45:J75)=0, " ", MAX(J107:J137))) | K38: =IF(ISBLANK($C$1)," ", IF(COUNT(K45:K75)=0, " ", MAX(K107:K137))) | L38: =IF(ISBLANK($C$1)," ", IF(COUNT(L45:L75)=0, " ", MAX(L107:L137))) | ... S38: =IF(ISBLANK($C$1)," ", IF(COUNT(S45:S75)=0, " ", MAX(S107:S137)))
A39: Daily Minimum: | D39: =IF(ISBLANK($P$1)," ",MIN(D6:D36)) | E39: =IF(ISBLANK($C$1)," ", IF(COUNT(E45:E75)=0, " ", MIN(E107:E137))) | F39: =IF(ISBLANK($C$1)," ", IF(COUNT(F45:F75)=0, " ", MIN(F107:F137))) | G39: =IF(ISBLANK($C$1)," ", IF(COUNT(G45:G75)=0, " ", MIN(G107:G137))) | H39: =IF(ISBLANK($C$1)," ", IF(COUNT(H45:H75)=0, " ", MIN(H107:H137))) | I39: =IF(ISBLANK($C$1)," ", IF(COUNT(I45:I75)=0, " ", MIN(I107:I137))) | J39: =IF(ISBLANK($C$1)," ", IF(COUNT(J45:J75)=0, " ", MIN(J107:J137))) | K39: =IF(ISBLANK($C$1)," ", IF(COUNT(K45:K75)=0, " ", MIN(K107:K137))) | L39: =IF(ISBLANK($C$1)," ", IF(COUNT(L45:L75)=0, " ", MIN(L107:L137))) | ... S39: =IF(ISBLANK($C$1)," ", IF(COUNT(S45:S75)=0, " ", MIN(S107:S137)))
A40: Sampling Type: | D40: Recorder | E40: Composite | F40: Composite | G40: Grab | H40: Grab | I40: Composite | J40: Composite | K40: Grab | L40: Composite | M40: Composite | N40: Recorder
A41: Monthly Avg. Limit: | D41: 20000 | E41: 10 | H41: 14 | I41: 4 | M41: 5
A42: Daily Limit: | E42: 15 | H42: 25 | I42: 6 | K42: 6-9 | M42: 10 | N42: 10
A43: Sample Frequency: | D43: Continuous | E43: Monthly | F43: 4 x Year | G43: 5 x Week | H43: Monthly | I43: Monthly | J43: Monthly | K43: 5 x Week | L43: 4 x Year | M43: Monthly | N43: Continuous
C45: Average | E45: =IF(ISBLANK(E6), " ",IF(ISTEXT(E6),0,E6)) | F45: =IF(ISBLANK(F6), " ",IF(ISTEXT(F6),0,F6)) | G45: =IF(ISBLANK(G6), " ",IF(ISTEXT(G6),0,G6)) | H45: =IF(ISBLANK(H6), " ",IF(ISTEXT(H6),0,H6)) | I45: =IF(ISBLANK(I6), " ",IF(ISTEXT(I6),0,I6)) | J45: =IF(ISBLANK(J6), " ",IF(ISTEXT(J6),0,J6)) | K45: =IF(ISBLANK(K6), " ",IF(ISTEXT(K6),0,K6)) | L45: =IF(ISBLANK(L6), " ",IF(ISTEXT(L6),0,L6)) | ... S45: =IF(ISBLANK(S6), " ",IF(ISTEXT(S6),0,S6))
E46: =IF(ISBLANK(E7), " ",IF(ISTEXT(E7),0,E7)) | F46: =IF(ISBLANK(F7), " ",IF(ISTEXT(F7),0,F7)) | G46: =IF(ISBLANK(G7), " ",IF(ISTEXT(G7),0,G7)) | H46: =IF(ISBLANK(H7), " ",IF(ISTEXT(H7),0,H7)) | I46: =IF(ISBLANK(I7), " ",IF(ISTEXT(I7),0,I7)) | J46: =IF(ISBLANK(J7), " ",IF(ISTEXT(J7),0,J7)) | K46: =IF(ISBLANK(K7), " ",IF(ISTEXT(K7),0,K7)) | L46: =IF(ISBLANK(L7), " ",IF(ISTEXT(L7),0,L7)) | ... S46: =IF(ISBLANK(S7), " ",IF(ISTEXT(S7),0,S7))
E47: =IF(ISBLANK(E8), " ",IF(ISTEXT(E8),0,E8)) | F47: =IF(ISBLANK(F8), " ",IF(ISTEXT(F8),0,F8)) | G47: =IF(ISBLANK(G8), " ",IF(ISTEXT(G8),0,G8)) | H47: =IF(ISBLANK(H8), " ",IF(ISTEXT(H8),0,H8)) | I47: =IF(ISBLANK(I8), " ",IF(ISTEXT(I8),0,I8)) | J47: =IF(ISBLANK(J8), " ",IF(ISTEXT(J8),0,J8)) | K47: =IF(ISBLANK(K8), " ",IF(ISTEXT(K8),0,K8)) | L47: =IF(ISBLANK(L8), " ",IF(ISTEXT(L8),0,L8)) | ... S47: =IF(ISBLANK(S8), " ",IF(ISTEXT(S8),0,S8))
E48: =IF(ISBLANK(E9), " ",IF(ISTEXT(E9),0,E9)) | F48: =IF(ISBLANK(F9), " ",IF(ISTEXT(F9),0,F9)) | G48: =IF(ISBLANK(G9), " ",IF(ISTEXT(G9),0,G9)) | H48: =IF(ISBLANK(H9), " ",IF(ISTEXT(H9),0,H9)) | I48: =IF(ISBLANK(I9), " ",IF(ISTEXT(I9),0,I9)) | J48: =IF(ISBLANK(J9), " ",IF(ISTEXT(J9),0,J9)) | K48: =IF(ISBLANK(K9), " ",IF(ISTEXT(K9),0,K9)) | L48: =IF(ISBLANK(L9), " ",IF(ISTEXT(L9),0,L9)) | ... S48: =IF(ISBLANK(S9), " ",IF(ISTEXT(S9),0,S9))
E49: =IF(ISBLANK(E10), " ",IF(ISTEXT(E10),0,E10)) | F49: =IF(ISBLANK(F10), " ",IF(ISTEXT(F10),0,F10)) | G49: =IF(ISBLANK(G10), " ",IF(ISTEXT(G10),0,G10)) | H49: =IF(ISBLANK(H10), " ",IF(ISTEXT(H10),0,H10)) | I49: =IF(ISBLANK(I10), " ",IF(ISTEXT(I10),0,I10)) | J49: =IF(ISBLANK(J10), " ",IF(ISTEXT(J10),0,J10)) | K49: =IF(ISBLANK(K10), " ",IF(ISTEXT(K10),0,K10)) | L49: =IF(ISBLANK(L10), " ",IF(ISTEXT(L10),0,L10)) | ... S49: =IF(ISBLANK(S10), " ",IF(ISTEXT(S10),0,S10))
E50: =IF(ISBLANK(E11), " ",IF(ISTEXT(E11),0,E11)) | F50: =IF(ISBLANK(F11), " ",IF(ISTEXT(F11),0,F11)) | G50: =IF(ISBLANK(G11), " ",IF(ISTEXT(G11),0,G11)) | H50: =IF(ISBLANK(H11), " ",IF(ISTEXT(H11),0,H11)) | I50: =IF(ISBLANK(I11), " ",IF(ISTEXT(I11),0,I11)) | J50: =IF(ISBLANK(J11), " ",IF(ISTEXT(J11),0,J11)) | K50: =IF(ISBLANK(K11), " ",IF(ISTEXT(K11),0,K11)) | L50: =IF(ISBLANK(L11), " ",IF(ISTEXT(L11),0,L11)) | ... S50: =IF(ISBLANK(S11), " ",IF(ISTEXT(S11),0,S11))
E51: =IF(ISBLANK(E12), " ",IF(ISTEXT(E12),0,E12)) | F51: =IF(ISBLANK(F12), " ",IF(ISTEXT(F12),0,F12)) | G51: =IF(ISBLANK(G12), " ",IF(ISTEXT(G12),0,G12)) | H51: =IF(ISBLANK(H12), " ",IF(ISTEXT(H12),0,H12)) | I51: =IF(ISBLANK(I12), " ",IF(ISTEXT(I12),0,I12)) | J51: =IF(ISBLANK(J12), " ",IF(ISTEXT(J12),0,J12)) | K51: =IF(ISBLANK(K12), " ",IF(ISTEXT(K12),0,K12)) | L51: =IF(ISBLANK(L12), " ",IF(ISTEXT(L12),0,L12)) | ... S51: =IF(ISBLANK(S12), " ",IF(ISTEXT(S12),0,S12))
E52: =IF(ISBLANK(E13), " ",IF(ISTEXT(E13),0,E13)) | F52: =IF(ISBLANK(F13), " ",IF(ISTEXT(F13),0,F13)) | G52: =IF(ISBLANK(G13), " ",IF(ISTEXT(G13),0,G13)) | H52: =IF(ISBLANK(H13), " ",IF(ISTEXT(H13),0,H13)) | I52: =IF(ISBLANK(I13), " ",IF(ISTEXT(I13),0,I13)) | J52: =IF(ISBLANK(J13), " ",IF(ISTEXT(J13),0,J13)) | K52: =IF(ISBLANK(K13), " ",IF(ISTEXT(K13),0,K13)) | L52: =IF(ISBLANK(L13), " ",IF(ISTEXT(L13),0,L13)) | ... S52: =IF(ISBLANK(S13), " ",IF(ISTEXT(S13),0,S13))
E53: =IF(ISBLANK(E14), " ",IF(ISTEXT(E14),0,E14)) | F53: =IF(ISBLANK(F14), " ",IF(ISTEXT(F14),0,F14)) | G53: =IF(ISBLANK(G14), " ",IF(ISTEXT(G14),0,G14)) | H53: =IF(ISBLANK(H14), " ",IF(ISTEXT(H14),0,H14)) | I53: =IF(ISBLANK(I14), " ",IF(ISTEXT(I14),0,I14)) | J53: =IF(ISBLANK(J14), " ",IF(ISTEXT(J14),0,J14)) | K53: =IF(ISBLANK(K14), " ",IF(ISTEXT(K14),0,K14)) | L53: =IF(ISBLANK(L14), " ",IF(ISTEXT(L14),0,L14)) | ... S53: =IF(ISBLANK(S14), " ",IF(ISTEXT(S14),0,S14))
E54: =IF(ISBLANK(E15), " ",IF(ISTEXT(E15),0,E15)) | F54: =IF(ISBLANK(F15), " ",IF(ISTEXT(F15),0,F15)) | G54: =IF(ISBLANK(G15), " ",IF(ISTEXT(G15),0,G15)) | H54: =IF(ISBLANK(H15), " ",IF(ISTEXT(H15),0,H15)) | I54: =IF(ISBLANK(I15), " ",IF(ISTEXT(I15),0,I15)) | J54: =IF(ISBLANK(J15), " ",IF(ISTEXT(J15),0,J15)) | K54: =IF(ISBLANK(K15), " ",IF(ISTEXT(K15),0,K15)) | L54: =IF(ISBLANK(L15), " ",IF(ISTEXT(L15),0,L15)) | ... S54: =IF(ISBLANK(S15), " ",IF(ISTEXT(S15),0,S15))
E55: =IF(ISBLANK(E16), " ",IF(ISTEXT(E16),0,E16)) | F55: =IF(ISBLANK(F16), " ",IF(ISTEXT(F16),0,F16)) | G55: =IF(ISBLANK(G16), " ",IF(ISTEXT(G16),0,G16)) | H55: =IF(ISBLANK(H16), " ",IF(ISTEXT(H16),0,H16)) | I55: =IF(ISBLANK(I16), " ",IF(ISTEXT(I16),0,I16)) | J55: =IF(ISBLANK(J16), " ",IF(ISTEXT(J16),0,J16)) | K55: =IF(ISBLANK(K16), " ",IF(ISTEXT(K16),0,K16)) | L55: =IF(ISBLANK(L16), " ",IF(ISTEXT(L16),0,L16)) | ... S55: =IF(ISBLANK(S16), " ",IF(ISTEXT(S16),0,S16))
E56: =IF(ISBLANK(E17), " ",IF(ISTEXT(E17),0,E17)) | F56: =IF(ISBLANK(F17), " ",IF(ISTEXT(F17),0,F17)) | G56: =IF(ISBLANK(G17), " ",IF(ISTEXT(G17),0,G17)) | H56: =IF(ISBLANK(H17), " ",IF(ISTEXT(H17),0,H17)) | I56: =IF(ISBLANK(I17), " ",IF(ISTEXT(I17),0,I17)) | J56: =IF(ISBLANK(J17), " ",IF(ISTEXT(J17),0,J17)) | K56: =IF(ISBLANK(K17), " ",IF(ISTEXT(K17),0,K17)) | L56: =IF(ISBLANK(L17), " ",IF(ISTEXT(L17),0,L17)) | ... S56: =IF(ISBLANK(S17), " ",IF(ISTEXT(S17),0,S17))
E57: =IF(ISBLANK(E18), " ",IF(ISTEXT(E18),0,E18)) | F57: =IF(ISBLANK(F18), " ",IF(ISTEXT(F18),0,F18)) | G57: =IF(ISBLANK(G18), " ",IF(ISTEXT(G18),0,G18)) | H57: =IF(ISBLANK(H18), " ",IF(ISTEXT(H18),0,H18)) | I57: =IF(ISBLANK(I18), " ",IF(ISTEXT(I18),0,I18)) | J57: =IF(ISBLANK(J18), " ",IF(ISTEXT(J18),0,J18)) | K57: =IF(ISBLANK(K18), " ",IF(ISTEXT(K18),0,K18)) | L57: =IF(ISBLANK(L18), " ",IF(ISTEXT(L18),0,L18)) | ... S57: =IF(ISBLANK(S18), " ",IF(ISTEXT(S18),0,S18))
... E75: =IF(ISBLANK(E36), " ",IF(ISTEXT(E36),0,E36)) | F75: =IF(ISBLANK(F36), " ",IF(ISTEXT(F36),0,F36)) | G75: =IF(ISBLANK(G36), " ",IF(ISTEXT(G36),0,G36)) | H75: =IF(ISBLANK(H36), " ",IF(ISTEXT(H36),0,H36)) | I75: =IF(ISBLANK(I36), " ",IF(ISTEXT(I36),0,I36)) | J75: =IF(ISBLANK(J36), " ",IF(ISTEXT(J36),0,J36)) | K75: =IF(ISBLANK(K36), " ",IF(ISTEXT(K36),0,K36)) | L75: =IF(ISBLANK(L36), " ",IF(ISTEXT(L36),0,L36)) | ... S75: =IF(ISBLANK(S36), " ",IF(ISTEXT(S36),0,S36))
C76: Geomean | E76: =IF(ISBLANK(E6)," ",IF(ISTEXT(E6),1,E6)) | F76: =IF(ISBLANK(F6)," ",IF(ISTEXT(F6),1,F6)) | G76: =IF(ISBLANK(G6)," ",IF(ISTEXT(G6),1,G6)) | H76: =IF(ISBLANK(H6)," ",IF(ISTEXT(H6),1,H6)) | I76: =IF(ISBLANK(I6)," ",IF(ISTEXT(I6),1,I6)) | J76: =IF(ISBLANK(J6)," ",IF(ISTEXT(J6),1,J6)) | K76: =IF(ISBLANK(K6)," ",IF(ISTEXT(K6),1,K6)) | L76: =IF(ISBLANK(L6)," ",IF(ISTEXT(L6),1,L6)) | ... S76: =IF(ISBLANK(S6)," ",IF(ISTEXT(S6),1,S6))
E77: =IF(ISBLANK(E7)," ",IF(ISTEXT(E7),1,E7)) | F77: =IF(ISBLANK(F7)," ",IF(ISTEXT(F7),1,F7)) | G77: =IF(ISBLANK(G7)," ",IF(ISTEXT(G7),1,G7)) | H77: =IF(ISBLANK(H7)," ",IF(ISTEXT(H7),1,H7)) | I77: =IF(ISBLANK(I7)," ",IF(ISTEXT(I7),1,I7)) | J77: =IF(ISBLANK(J7)," ",IF(ISTEXT(J7),1,J7)) | K77: =IF(ISBLANK(K7)," ",IF(ISTEXT(K7),1,K7)) | L77: =IF(ISBLANK(L7)," ",IF(ISTEXT(L7),1,L7)) | ... S77: =IF(ISBLANK(S7)," ",IF(ISTEXT(S7),1,S7))
E78: =IF(ISBLANK(E8)," ",IF(ISTEXT(E8),1,E8)) | F78: =IF(ISBLANK(F8)," ",IF(ISTEXT(F8),1,F8)) | G78: =IF(ISBLANK(G8)," ",IF(ISTEXT(G8),1,G8)) | H78: =IF(ISBLANK(H8)," ",IF(ISTEXT(H8),1,H8)) | I78: =IF(ISBLANK(I8)," ",IF(ISTEXT(I8),1,I8)) | J78: =IF(ISBLANK(J8)," ",IF(ISTEXT(J8),1,J8)) | K78: =IF(ISBLANK(K8)," ",IF(ISTEXT(K8),1,K8)) | L78: =IF(ISBLANK(L8)," ",IF(ISTEXT(L8),1,L8)) | ... S78: =IF(ISBLANK(S8)," ",IF(ISTEXT(S8),1,S8))
E79: =IF(ISBLANK(E9)," ",IF(ISTEXT(E9),1,E9)) | F79: =IF(ISBLANK(F9)," ",IF(ISTEXT(F9),1,F9)) | G79: =IF(ISBLANK(G9)," ",IF(ISTEXT(G9),1,G9)) | H79: =IF(ISBLANK(H9)," ",IF(ISTEXT(H9),1,H9)) | I79: =IF(ISBLANK(I9)," ",IF(ISTEXT(I9),1,I9)) | J79: =IF(ISBLANK(J9)," ",IF(ISTEXT(J9),1,J9)) | K79: =IF(ISBLANK(K9)," ",IF(ISTEXT(K9),1,K9)) | L79: =IF(ISBLANK(L9)," ",IF(ISTEXT(L9),1,L9)) | ... S79: =IF(ISBLANK(S9)," ",IF(ISTEXT(S9),1,S9))
E80: =IF(ISBLANK(E10)," ",IF(ISTEXT(E10),1,E10)) | F80: =IF(ISBLANK(F10)," ",IF(ISTEXT(F10),1,F10)) | G80: =IF(ISBLANK(G10)," ",IF(ISTEXT(G10),1,G10)) | H80: =IF(ISBLANK(H10)," ",IF(ISTEXT(H10),1,H10)) | I80: =IF(ISBLANK(I10)," ",IF(ISTEXT(I10),1,I10)) | J80: =IF(ISBLANK(J10)," ",IF(ISTEXT(J10),1,J10)) | K80: =IF(ISBLANK(K10)," ",IF(ISTEXT(K10),1,K10)) | L80: =IF(ISBLANK(L10)," ",IF(ISTEXT(L10),1,L10)) | ... S80: =IF(ISBLANK(S10)," ",IF(ISTEXT(S10),1,S10))
E81: =IF(ISBLANK(E11)," ",IF(ISTEXT(E11),1,E11)) | F81: =IF(ISBLANK(F11)," ",IF(ISTEXT(F11),1,F11)) | G81: =IF(ISBLANK(G11)," ",IF(ISTEXT(G11),1,G11)) | H81: =IF(ISBLANK(H11)," ",IF(ISTEXT(H11),1,H11)) | I81: =IF(ISBLANK(I11)," ",IF(ISTEXT(I11),1,I11)) | J81: =IF(ISBLANK(J11)," ",IF(ISTEXT(J11),1,J11)) | K81: =IF(ISBLANK(K11)," ",IF(ISTEXT(K11),1,K11)) | L81: =IF(ISBLANK(L11)," ",IF(ISTEXT(L11),1,L11)) | ... S81: =IF(ISBLANK(S11)," ",IF(ISTEXT(S11),1,S11))
E82: =IF(ISBLANK(E12)," ",IF(ISTEXT(E12),1,E12)) | F82: =IF(ISBLANK(F12)," ",IF(ISTEXT(F12),1,F12)) | G82: =IF(ISBLANK(G12)," ",IF(ISTEXT(G12),1,G12)) | H82: =IF(ISBLANK(H12)," ",IF(ISTEXT(H12),1,H12)) | I82: =IF(ISBLANK(I12)," ",IF(ISTEXT(I12),1,I12)) | J82: =IF(ISBLANK(J12)," ",IF(ISTEXT(J12),1,J12)) | K82: =IF(ISBLANK(K12)," ",IF(ISTEXT(K12),1,K12)) | L82: =IF(ISBLANK(L12)," ",IF(ISTEXT(L12),1,L12)) | ... S82: =IF(ISBLANK(S12)," ",IF(ISTEXT(S12),1,S12))
E83: =IF(ISBLANK(E13)," ",IF(ISTEXT(E13),1,E13)) | F83: =IF(ISBLANK(F13)," ",IF(ISTEXT(F13),1,F13)) | G83: =IF(ISBLANK(G13)," ",IF(ISTEXT(G13),1,G13)) | H83: =IF(ISBLANK(H13)," ",IF(ISTEXT(H13),1,H13)) | I83: =IF(ISBLANK(I13)," ",IF(ISTEXT(I13),1,I13)) | J83: =IF(ISBLANK(J13)," ",IF(ISTEXT(J13),1,J13)) | K83: =IF(ISBLANK(K13)," ",IF(ISTEXT(K13),1,K13)) | L83: =IF(ISBLANK(L13)," ",IF(ISTEXT(L13),1,L13)) | ... S83: =IF(ISBLANK(S13)," ",IF(ISTEXT(S13),1,S13))
E84: =IF(ISBLANK(E14)," ",IF(ISTEXT(E14),1,E14)) | F84: =IF(ISBLANK(F14)," ",IF(ISTEXT(F14),1,F14)) | G84: =IF(ISBLANK(G14)," ",IF(ISTEXT(G14),1,G14)) | H84: =IF(ISBLANK(H14)," ",IF(ISTEXT(H14),1,H14)) | I84: =IF(ISBLANK(I14)," ",IF(ISTEXT(I14),1,I14)) | J84: =IF(ISBLANK(J14)," ",IF(ISTEXT(J14),1,J14)) | K84: =IF(ISBLANK(K14)," ",IF(ISTEXT(K14),1,K14)) | L84: =IF(ISBLANK(L14)," ",IF(ISTEXT(L14),1,L14)) | ... S84: =IF(ISBLANK(S14)," ",IF(ISTEXT(S14),1,S14))
E85: =IF(ISBLANK(E15)," ",IF(ISTEXT(E15),1,E15)) | F85: =IF(ISBLANK(F15)," ",IF(ISTEXT(F15),1,F15)) | G85: =IF(ISBLANK(G15)," ",IF(ISTEXT(G15),1,G15)) | H85: =IF(ISBLANK(H15)," ",IF(ISTEXT(H15),1,H15)) | I85: =IF(ISBLANK(I15)," ",IF(ISTEXT(I15),1,I15)) | J85: =IF(ISBLANK(J15)," ",IF(ISTEXT(J15),1,J15)) | K85: =IF(ISBLANK(K15)," ",IF(ISTEXT(K15),1,K15)) | L85: =IF(ISBLANK(L15)," ",IF(ISTEXT(L15),1,L15)) | ... S85: =IF(ISBLANK(S15)," ",IF(ISTEXT(S15),1,S15))
E86: =IF(ISBLANK(E16)," ",IF(ISTEXT(E16),1,E16)) | F86: =IF(ISBLANK(F16)," ",IF(ISTEXT(F16),1,F16)) | G86: =IF(ISBLANK(G16)," ",IF(ISTEXT(G16),1,G16)) | H86: =IF(ISBLANK(H16)," ",IF(ISTEXT(H16),1,H16)) | I86: =IF(ISBLANK(I16)," ",IF(ISTEXT(I16),1,I16)) | J86: =IF(ISBLANK(J16)," ",IF(ISTEXT(J16),1,J16)) | K86: =IF(ISBLANK(K16)," ",IF(ISTEXT(K16),1,K16)) | L86: =IF(ISBLANK(L16)," ",IF(ISTEXT(L16),1,L16)) | ... S86: =IF(ISBLANK(S16)," ",IF(ISTEXT(S16),1,S16))
E87: =IF(ISBLANK(E17)," ",IF(ISTEXT(E17),1,E17)) | F87: =IF(ISBLANK(F17)," ",IF(ISTEXT(F17),1,F17)) | G87: =IF(ISBLANK(G17)," ",IF(ISTEXT(G17),1,G17)) | H87: =IF(ISBLANK(H17)," ",IF(ISTEXT(H17),1,H17)) | I87: =IF(ISBLANK(I17)," ",IF(ISTEXT(I17),1,I17)) | J87: =IF(ISBLANK(J17)," ",IF(ISTEXT(J17),1,J17)) | K87: =IF(ISBLANK(K17)," ",IF(ISTEXT(K17),1,K17)) | L87: =IF(ISBLANK(L17)," ",IF(ISTEXT(L17),1,L17)) | ... S87: =IF(ISBLANK(S17)," ",IF(ISTEXT(S17),1,S17))
E88: =IF(ISBLANK(E18)," ",IF(ISTEXT(E18),1,E18)) | F88: =IF(ISBLANK(F18)," ",IF(ISTEXT(F18),1,F18)) | G88: =IF(ISBLANK(G18)," ",IF(ISTEXT(G18),1,G18)) | H88: =IF(ISBLANK(H18)," ",IF(ISTEXT(H18),1,H18)) | I88: =IF(ISBLANK(I18)," ",IF(ISTEXT(I18),1,I18)) | J88: =IF(ISBLANK(J18)," ",IF(ISTEXT(J18),1,J18)) | K88: =IF(ISBLANK(K18)," ",IF(ISTEXT(K18),1,K18)) | L88: =IF(ISBLANK(L18)," ",IF(ISTEXT(L18),1,L18)) | ... S88: =IF(ISBLANK(S18)," ",IF(ISTEXT(S18),1,S18))
... E106: =IF(ISBLANK(E36)," ",IF(ISTEXT(E36),1,E36)) | F106: =IF(ISBLANK(F36)," ",IF(ISTEXT(F36),1,F36)) | G106: =IF(ISBLANK(G36)," ",IF(ISTEXT(G36),1,G36)) | H106: =IF(ISBLANK(H36)," ",IF(ISTEXT(H36),1,H36)) | I106: =IF(ISBLANK(I36)," ",IF(ISTEXT(I36),1,I36)) | J106: =IF(ISBLANK(J36)," ",IF(ISTEXT(J36),1,J36)) | K106: =IF(ISBLANK(K36)," ",IF(ISTEXT(K36),1,K36)) | L106: =IF(ISBLANK(L36)," ",IF(ISTEXT(L36),1,L36)) | ... S106: =IF(ISBLANK(S36)," ",IF(ISTEXT(S36),1,S36))
C107: MAX/MIN | E107: =IF(LEFT(E6,1)="<",VALUE(SUBSTITUTE(E6,"<","")), IF(ISBLANK(E6)," ",E6)) | F107: =IF(LEFT(F6,1)="<",VALUE(SUBSTITUTE(F6,"<","")), IF(ISBLANK(F6)," ",F6)) | G107: =IF(LEFT(G6,1)="<",VALUE(SUBSTITUTE(G6,"<","")), IF(ISBLANK(G6)," ",G6)) | H107: =IF(LEFT(H6,1)="<",VALUE(SUBSTITUTE(H6,"<","")), IF(ISBLANK(H6)," ",H6)) | I107: =IF(LEFT(I6,1)="<",VALUE(SUBSTITUTE(I6,"<","")), IF(ISBLANK(I6)," ",I6)) | J107: =IF(LEFT(J6,1)="<",VALUE(SUBSTITUTE(J6,"<","")), IF(ISBLANK(J6)," ",J6)) | K107: =IF(LEFT(K6,1)="<",VALUE(SUBSTITUTE(K6,"<","")), IF(ISBLANK(K6)," ",K6)) | L107: =IF(LEFT(L6,1)="<",VALUE(SUBSTITUTE(L6,"<","")), IF(ISBLANK(L6)," ",L6)) | ... S107: =IF(LEFT(S6,1)="<",VALUE(SUBSTITUTE(S6,"<","")), IF(ISBLANK(S6)," ",S6))
E108: =IF(LEFT(E7,1)="<",VALUE(SUBSTITUTE(E7,"<","")), IF(ISBLANK(E7)," ",E7)) | F108: =IF(LEFT(F7,1)="<",VALUE(SUBSTITUTE(F7,"<","")), IF(ISBLANK(F7)," ",F7)) | G108: =IF(LEFT(G7,1)="<",VALUE(SUBSTITUTE(G7,"<","")), IF(ISBLANK(G7)," ",G7)) | H108: =IF(LEFT(H7,1)="<",VALUE(SUBSTITUTE(H7,"<","")), IF(ISBLANK(H7)," ",H7)) | I108: =IF(LEFT(I7,1)="<",VALUE(SUBSTITUTE(I7,"<","")), IF(ISBLANK(I7)," ",I7)) | J108: =IF(LEFT(J7,1)="<",VALUE(SUBSTITUTE(J7,"<","")), IF(ISBLANK(J7)," ",J7)) | K108: =IF(LEFT(K7,1)="<",VALUE(SUBSTITUTE(K7,"<","")), IF(ISBLANK(K7)," ",K7)) | L108: =IF(LEFT(L7,1)="<",VALUE(SUBSTITUTE(L7,"<","")), IF(ISBLANK(L7)," ",L7)) | ... S108: =IF(LEFT(S7,1)="<",VALUE(SUBSTITUTE(S7,"<","")), IF(ISBLANK(S7)," ",S7))
E109: =IF(LEFT(E8,1)="<",VALUE(SUBSTITUTE(E8,"<","")), IF(ISBLANK(E8)," ",E8)) | F109: =IF(LEFT(F8,1)="<",VALUE(SUBSTITUTE(F8,"<","")), IF(ISBLANK(F8)," ",F8)) | G109: =IF(LEFT(G8,1)="<",VALUE(SUBSTITUTE(G8,"<","")), IF(ISBLANK(G8)," ",G8)) | H109: =IF(LEFT(H8,1)="<",VALUE(SUBSTITUTE(H8,"<","")), IF(ISBLANK(H8)," ",H8)) | I109: =IF(LEFT(I8,1)="<",VALUE(SUBSTITUTE(I8,"<","")), IF(ISBLANK(I8)," ",I8)) | J109: =IF(LEFT(J8,1)="<",VALUE(SUBSTITUTE(J8,"<","")), IF(ISBLANK(J8)," ",J8)) | K109: =IF(LEFT(K8,1)="<",VALUE(SUBSTITUTE(K8,"<","")), IF(ISBLANK(K8)," ",K8)) | L109: =IF(LEFT(L8,1)="<",VALUE(SUBSTITUTE(L8,"<","")), IF(ISBLANK(L8)," ",L8)) | ... S109: =IF(LEFT(S8,1)="<",VALUE(SUBSTITUTE(S8,"<","")), IF(ISBLANK(S8)," ",S8))
E110: =IF(LEFT(E9,1)="<",VALUE(SUBSTITUTE(E9,"<","")), IF(ISBLANK(E9)," ",E9)) | F110: =IF(LEFT(F9,1)="<",VALUE(SUBSTITUTE(F9,"<","")), IF(ISBLANK(F9)," ",F9)) | G110: =IF(LEFT(G9,1)="<",VALUE(SUBSTITUTE(G9,"<","")), IF(ISBLANK(G9)," ",G9)) | H110: =IF(LEFT(H9,1)="<",VALUE(SUBSTITUTE(H9,"<","")), IF(ISBLANK(H9)," ",H9)) | I110: =IF(LEFT(I9,1)="<",VALUE(SUBSTITUTE(I9,"<","")), IF(ISBLANK(I9)," ",I9)) | J110: =IF(LEFT(J9,1)="<",VALUE(SUBSTITUTE(J9,"<","")), IF(ISBLANK(J9)," ",J9)) | K110: =IF(LEFT(K9,1)="<",VALUE(SUBSTITUTE(K9,"<","")), IF(ISBLANK(K9)," ",K9)) | L110: =IF(LEFT(L9,1)="<",VALUE(SUBSTITUTE(L9,"<","")), IF(ISBLANK(L9)," ",L9)) | ... S110: =IF(LEFT(S9,1)="<",VALUE(SUBSTITUTE(S9,"<","")), IF(ISBLANK(S9)," ",S9))
E111: =IF(LEFT(E10,1)="<",VALUE(SUBSTITUTE(E10,"<","")), IF(ISBLANK(E10)," ",E10)) | F111: =IF(LEFT(F10,1)="<",VALUE(SUBSTITUTE(F10,"<","")), IF(ISBLANK(F10)," ",F10)) | G111: =IF(LEFT(G10,1)="<",VALUE(SUBSTITUTE(G10,"<","")), IF(ISBLANK(G10)," ",G10)) | H111: =IF(LEFT(H10,1)="<",VALUE(SUBSTITUTE(H10,"<","")), IF(ISBLANK(H10)," ",H10)) | I111: =IF(LEFT(I10,1)="<",VALUE(SUBSTITUTE(I10,"<","")), IF(ISBLANK(I10)," ",I10)) | J111: =IF(LEFT(J10,1)="<",VALUE(SUBSTITUTE(J10,"<","")), IF(ISBLANK(J10)," ",J10)) | K111: =IF(LEFT(K10,1)="<",VALUE(SUBSTITUTE(K10,"<","")), IF(ISBLANK(K10)," ",K10)) | L111: =IF(LEFT(L10,1)="<",VALUE(SUBSTITUTE(L10,"<","")), IF(ISBLANK(L10)," ",L10)) | ... S111: =IF(LEFT(S10,1)="<",VALUE(SUBSTITUTE(S10,"<","")), IF(ISBLANK(S10)," ",S10))
E112: =IF(LEFT(E11,1)="<",VALUE(SUBSTITUTE(E11,"<","")), IF(ISBLANK(E11)," ",E11)) | F112: =IF(LEFT(F11,1)="<",VALUE(SUBSTITUTE(F11,"<","")), IF(ISBLANK(F11)," ",F11)) | G112: =IF(LEFT(G11,1)="<",VALUE(SUBSTITUTE(G11,"<","")), IF(ISBLANK(G11)," ",G11)) | H112: =IF(LEFT(H11,1)="<",VALUE(SUBSTITUTE(H11,"<","")), IF(ISBLANK(H11)," ",H11)) | I112: =IF(LEFT(I11,1)="<",VALUE(SUBSTITUTE(I11,"<","")), IF(ISBLANK(I11)," ",I11)) | J112: =IF(LEFT(J11,1)="<",VALUE(SUBSTITUTE(J11,"<","")), IF(ISBLANK(J11)," ",J11)) | K112: =IF(LEFT(K11,1)="<",VALUE(SUBSTITUTE(K11,"<","")), IF(ISBLANK(K11)," ",K11)) | L112: =IF(LEFT(L11,1)="<",VALUE(SUBSTITUTE(L11,"<","")), IF(ISBLANK(L11)," ",L11)) | ... S112: =IF(LEFT(S11,1)="<",VALUE(SUBSTITUTE(S11,"<","")), IF(ISBLANK(S11)," ",S11))
E113: =IF(LEFT(E12,1)="<",VALUE(SUBSTITUTE(E12,"<","")), IF(ISBLANK(E12)," ",E12)) | F113: =IF(LEFT(F12,1)="<",VALUE(SUBSTITUTE(F12,"<","")), IF(ISBLANK(F12)," ",F12)) | G113: =IF(LEFT(G12,1)="<",VALUE(SUBSTITUTE(G12,"<","")), IF(ISBLANK(G12)," ",G12)) | H113: =IF(LEFT(H12,1)="<",VALUE(SUBSTITUTE(H12,"<","")), IF(ISBLANK(H12)," ",H12)) | I113: =IF(LEFT(I12,1)="<",VALUE(SUBSTITUTE(I12,"<","")), IF(ISBLANK(I12)," ",I12)) | J113: =IF(LEFT(J12,1)="<",VALUE(SUBSTITUTE(J12,"<","")), IF(ISBLANK(J12)," ",J12)) | K113: =IF(LEFT(K12,1)="<",VALUE(SUBSTITUTE(K12,"<","")), IF(ISBLANK(K12)," ",K12)) | L113: =IF(LEFT(L12,1)="<",VALUE(SUBSTITUTE(L12,"<","")), IF(ISBLANK(L12)," ",L12)) | ... S113: =IF(LEFT(S12,1)="<",VALUE(SUBSTITUTE(S12,"<","")), IF(ISBLANK(S12)," ",S12))
E114: =IF(LEFT(E13,1)="<",VALUE(SUBSTITUTE(E13,"<","")), IF(ISBLANK(E13)," ",E13)) | F114: =IF(LEFT(F13,1)="<",VALUE(SUBSTITUTE(F13,"<","")), IF(ISBLANK(F13)," ",F13)) | G114: =IF(LEFT(G13,1)="<",VALUE(SUBSTITUTE(G13,"<","")), IF(ISBLANK(G13)," ",G13)) | H114: =IF(LEFT(H13,1)="<",VALUE(SUBSTITUTE(H13,"<","")), IF(ISBLANK(H13)," ",H13)) | I114: =IF(LEFT(I13,1)="<",VALUE(SUBSTITUTE(I13,"<","")), IF(ISBLANK(I13)," ",I13)) | J114: =IF(LEFT(J13,1)="<",VALUE(SUBSTITUTE(J13,"<","")), IF(ISBLANK(J13)," ",J13)) | K114: =IF(LEFT(K13,1)="<",VALUE(SUBSTITUTE(K13,"<","")), IF(ISBLANK(K13)," ",K13)) | L114: =IF(LEFT(L13,1)="<",VALUE(SUBSTITUTE(L13,"<","")), IF(ISBLANK(L13)," ",L13)) | ... S114: =IF(LEFT(S13,1)="<",VALUE(SUBSTITUTE(S13,"<","")), IF(ISBLANK(S13)," ",S13))
E115: =IF(LEFT(E14,1)="<",VALUE(SUBSTITUTE(E14,"<","")), IF(ISBLANK(E14)," ",E14)) | F115: =IF(LEFT(F14,1)="<",VALUE(SUBSTITUTE(F14,"<","")), IF(ISBLANK(F14)," ",F14)) | G115: =IF(LEFT(G14,1)="<",VALUE(SUBSTITUTE(G14,"<","")), IF(ISBLANK(G14)," ",G14)) | H115: =IF(LEFT(H14,1)="<",VALUE(SUBSTITUTE(H14,"<","")), IF(ISBLANK(H14)," ",H14)) | I115: =IF(LEFT(I14,1)="<",VALUE(SUBSTITUTE(I14,"<","")), IF(ISBLANK(I14)," ",I14)) | J115: =IF(LEFT(J14,1)="<",VALUE(SUBSTITUTE(J14,"<","")), IF(ISBLANK(J14)," ",J14)) | K115: =IF(LEFT(K14,1)="<",VALUE(SUBSTITUTE(K14,"<","")), IF(ISBLANK(K14)," ",K14)) | L115: =IF(LEFT(L14,1)="<",VALUE(SUBSTITUTE(L14,"<","")), IF(ISBLANK(L14)," ",L14)) | ... S115: =IF(LEFT(S14,1)="<",VALUE(SUBSTITUTE(S14,"<","")), IF(ISBLANK(S14)," ",S14))
E116: =IF(LEFT(E15,1)="<",VALUE(SUBSTITUTE(E15,"<","")), IF(ISBLANK(E15)," ",E15)) | F116: =IF(LEFT(F15,1)="<",VALUE(SUBSTITUTE(F15,"<","")), IF(ISBLANK(F15)," ",F15)) | G116: =IF(LEFT(G15,1)="<",VALUE(SUBSTITUTE(G15,"<","")), IF(ISBLANK(G15)," ",G15)) | H116: =IF(LEFT(H15,1)="<",VALUE(SUBSTITUTE(H15,"<","")), IF(ISBLANK(H15)," ",H15)) | I116: =IF(LEFT(I15,1)="<",VALUE(SUBSTITUTE(I15,"<","")), IF(ISBLANK(I15)," ",I15)) | J116: =IF(LEFT(J15,1)="<",VALUE(SUBSTITUTE(J15,"<","")), IF(ISBLANK(J15)," ",J15)) | K116: =IF(LEFT(K15,1)="<",VALUE(SUBSTITUTE(K15,"<","")), IF(ISBLANK(K15)," ",K15)) | L116: =IF(LEFT(L15,1)="<",VALUE(SUBSTITUTE(L15,"<","")), IF(ISBLANK(L15)," ",L15)) | ... S116: =IF(LEFT(S15,1)="<",VALUE(SUBSTITUTE(S15,"<","")), IF(ISBLANK(S15)," ",S15))
E117: =IF(LEFT(E16,1)="<",VALUE(SUBSTITUTE(E16,"<","")), IF(ISBLANK(E16)," ",E16)) | F117: =IF(LEFT(F16,1)="<",VALUE(SUBSTITUTE(F16,"<","")), IF(ISBLANK(F16)," ",F16)) | G117: =IF(LEFT(G16,1)="<",VALUE(SUBSTITUTE(G16,"<","")), IF(ISBLANK(G16)," ",G16)) | H117: =IF(LEFT(H16,1)="<",VALUE(SUBSTITUTE(H16,"<","")), IF(ISBLANK(H16)," ",H16)) | I117: =IF(LEFT(I16,1)="<",VALUE(SUBSTITUTE(I16,"<","")), IF(ISBLANK(I16)," ",I16)) | J117: =IF(LEFT(J16,1)="<",VALUE(SUBSTITUTE(J16,"<","")), IF(ISBLANK(J16)," ",J16)) | K117: =IF(LEFT(K16,1)="<",VALUE(SUBSTITUTE(K16,"<","")), IF(ISBLANK(K16)," ",K16)) | L117: =IF(LEFT(L16,1)="<",VALUE(SUBSTITUTE(L16,"<","")), IF(ISBLANK(L16)," ",L16)) | ... S117: =IF(LEFT(S16,1)="<",VALUE(SUBSTITUTE(S16,"<","")), IF(ISBLANK(S16)," ",S16))
E118: =IF(LEFT(E17,1)="<",VALUE(SUBSTITUTE(E17,"<","")), IF(ISBLANK(E17)," ",E17)) | F118: =IF(LEFT(F17,1)="<",VALUE(SUBSTITUTE(F17,"<","")), IF(ISBLANK(F17)," ",F17)) | G118: =IF(LEFT(G17,1)="<",VALUE(SUBSTITUTE(G17,"<","")), IF(ISBLANK(G17)," ",G17)) | H118: =IF(LEFT(H17,1)="<",VALUE(SUBSTITUTE(H17,"<","")), IF(ISBLANK(H17)," ",H17)) | I118: =IF(LEFT(I17,1)="<",VALUE(SUBSTITUTE(I17,"<","")), IF(ISBLANK(I17)," ",I17)) | J118: =IF(LEFT(J17,1)="<",VALUE(SUBSTITUTE(J17,"<","")), IF(ISBLANK(J17)," ",J17)) | K118: =IF(LEFT(K17,1)="<",VALUE(SUBSTITUTE(K17,"<","")), IF(ISBLANK(K17)," ",K17)) | L118: =IF(LEFT(L17,1)="<",VALUE(SUBSTITUTE(L17,"<","")), IF(ISBLANK(L17)," ",L17)) | ... S118: =IF(LEFT(S17,1)="<",VALUE(SUBSTITUTE(S17,"<","")), IF(ISBLANK(S17)," ",S17))
E119: =IF(LEFT(E18,1)="<",VALUE(SUBSTITUTE(E18,"<","")), IF(ISBLANK(E18)," ",E18)) | F119: =IF(LEFT(F18,1)="<",VALUE(SUBSTITUTE(F18,"<","")), IF(ISBLANK(F18)," ",F18)) | G119: =IF(LEFT(G18,1)="<",VALUE(SUBSTITUTE(G18,"<","")), IF(ISBLANK(G18)," ",G18)) | H119: =IF(LEFT(H18,1)="<",VALUE(SUBSTITUTE(H18,"<","")), IF(ISBLANK(H18)," ",H18)) | I119: =IF(LEFT(I18,1)="<",VALUE(SUBSTITUTE(I18,"<","")), IF(ISBLANK(I18)," ",I18)) | J119: =IF(LEFT(J18,1)="<",VALUE(SUBSTITUTE(J18,"<","")), IF(ISBLANK(J18)," ",J18)) | K119: =IF(LEFT(K18,1)="<",VALUE(SUBSTITUTE(K18,"<","")), IF(ISBLANK(K18)," ",K18)) | L119: =IF(LEFT(L18,1)="<",VALUE(SUBSTITUTE(L18,"<","")), IF(ISBLANK(L18)," ",L18)) | ... S119: =IF(LEFT(S18,1)="<",VALUE(SUBSTITUTE(S18,"<","")), IF(ISBLANK(S18)," ",S18))
... E137: =IF(LEFT(E36,1)="<",VALUE(SUBSTITUTE(E36,"<","")), IF(ISBLANK(E36)," ",E36)) | F137: =IF(LEFT(F36,1)="<",VALUE(SUBSTITUTE(F36,"<","")), IF(ISBLANK(F36)," ",F36)) | G137: =IF(LEFT(G36,1)="<",VALUE(SUBSTITUTE(G36,"<","")), IF(ISBLANK(G36)," ",G36)) | H137: =IF(LEFT(H36,1)="<",VALUE(SUBSTITUTE(H36,"<","")), IF(ISBLANK(H36)," ",H36)) | I137: =IF(LEFT(I36,1)="<",VALUE(SUBSTITUTE(I36,"<","")), IF(ISBLANK(I36)," ",I36)) | J137: =IF(LEFT(J36,1)="<",VALUE(SUBSTITUTE(J36,"<","")), IF(ISBLANK(J36)," ",J36)) | K137: =IF(LEFT(K36,1)="<",VALUE(SUBSTITUTE(K36,"<","")), IF(ISBLANK(K36)," ",K36)) | L137: =IF(LEFT(L36,1)="<",VALUE(SUBSTITUTE(L36,"<","")), IF(ISBLANK(L36)," ",L36)) | ... S137: =IF(LEFT(S36,1)="<",VALUE(SUBSTITUTE(S36,"<","")), IF(ISBLANK(S36)," ",S36))

Sheet PPI 003
A1: Permit No.: | C1: WQ0028798 | E1: Facility Name: | G1: Booth Mountain Development | L1: County: | M1: Chatham | O1: Month: | R1: Year:
A2: PPI: | C2: 003 | D2: Flow Measuring Point: | K2: Parameter Monitoring Point:
A3: Parameter Code | D3: 50050 | E3: 00310 | F3: 00940 | G3: 50060 | H3: 31616 | I3: 00610 | J3: 00620 | K3: 00400 | L3: 70300 | M3: 00530 | N3: 00076
A4: Day | B4: ORC Arrival Time | C4: ORC Time On Site | D4: Flow | E4: =IF(ISBLANK(E$3), " ", VLOOKUP(E$3,'PCS Parameter Codes'!$A$1:$D$76,2,FALSE)) -> BOD5 | F4: =IF(ISBLANK(F$3), " ", VLOOKUP(F$3,'PCS Parameter Codes'!$A$1:$D$76,2,FALSE)) -> Chloride | G4: =IF(ISBLANK(G$3), " ", VLOOKUP(G$3,'PCS Parameter Codes'!$A$1:$D$76,2,FALSE)) -> Total Residual Chlorine | H4: =IF(ISBLANK(H$3), " ", VLOOKUP(H$3,'PCS Parameter Codes'!$A$1:$D$76,2,FALSE)) -> Fecal Coliform | I4: =IF(ISBLANK(I$3), " ", VLOOKUP(I$3,'PCS Parameter Codes'!$A$1:$D$76,2,FALSE)) -> Ammonia | J4: =IF(ISBLANK(J$3), " ", VLOOKUP(J$3,'PCS Parameter Codes'!$A$1:$D$76,2,FALSE)) -> Nitrate | K4: =IF(ISBLANK(K$3), " ", VLOOKUP(K$3,'PCS Parameter Codes'!$A$1:$D$76,2,FALSE)) -> pH | L4: =IF(ISBLANK(L$3), " ", VLOOKUP(L$3,'PCS Parameter Codes'!$A$1:$D$76,2,FALSE)) -> Total Dissolved Solids | ... S4: =IF(ISBLANK(S$3), " ", VLOOKUP(S$3,'PCS Parameter Codes'!$A$1:$D$76,2,FALSE))
B5: 24-hr | C5: hrs | D5: GPD | E5: =IF(ISBLANK(E$3), " ", VLOOKUP(E$3,'PCS Parameter Codes'!$A$1:$D$76,4,FALSE)) -> mg/L | F5: =IF(ISBLANK(F$3), " ", VLOOKUP(F$3,'PCS Parameter Codes'!$A$1:$D$76,4,FALSE)) -> mg/L | G5: =IF(ISBLANK(G$3), " ", VLOOKUP(G$3,'PCS Parameter Codes'!$A$1:$D$76,4,FALSE)) -> mg/L | H5: =IF(ISBLANK(H$3), " ", VLOOKUP(H$3,'PCS Parameter Codes'!$A$1:$D$76,4,FALSE)) -> #/100 mL | I5: =IF(ISBLANK(I$3), " ", VLOOKUP(I$3,'PCS Parameter Codes'!$A$1:$D$76,4,FALSE)) -> mg/L | J5: =IF(ISBLANK(J$3), " ", VLOOKUP(J$3,'PCS Parameter Codes'!$A$1:$D$76,4,FALSE)) -> mg/L | K5: =IF(ISBLANK(K$3), " ", VLOOKUP(K$3,'PCS Parameter Codes'!$A$1:$D$76,4,FALSE)) -> su | L5: =IF(ISBLANK(L$3), " ", VLOOKUP(L$3,'PCS Parameter Codes'!$A$1:$D$76,4,FALSE)) -> mg/L | ... S5: =IF(ISBLANK(S$3), " ", VLOOKUP(S$3,'PCS Parameter Codes'!$A$1:$D$76,4,FALSE))
A6: 1
A7: 2
A8: 3
A9: 4
A10: 5
A11: 6
A12: 7
A13: 8
A14: 9
A15: 10
A16: 11
A17: 12
... A36: 31
A37: Average: | D37: =IF(ISBLANK($P$1)," ",AVERAGE(D6:D36)) | E37: =IF(ISBLANK($C$1)," ", IF(COUNT(E45:E75)=0, " ", IF(E$4="pH"," ", IF(E$4="Fecal Coliform", GEOMEAN(E76:E106), IF(E$4="Total Coliform", GEOMEAN(E76:E106), AVERAGE(E45:E75)))))) | F37: =IF(ISBLANK($C$1)," ", IF(COUNT(F45:F75)=0, " ", IF(F$4="pH"," ", IF(F$4="Fecal Coliform", GEOMEAN(F76:F106), IF(F$4="Total Coliform", GEOMEAN(F76:F106), AVERAGE(F45:F75)))))) | G37: =IF(ISBLANK($C$1)," ", IF(COUNT(G45:G75)=0, " ", IF(G$4="pH"," ", IF(G$4="Fecal Coliform", GEOMEAN(G76:G106), IF(G$4="Total Coliform", GEOMEAN(G76:G106), AVERAGE(G45:G75)))))) | H37: =IF(ISBLANK($C$1)," ", IF(COUNT(H45:H75)=0, " ", IF(H$4="pH"," ", IF(H$4="Fecal Coliform", GEOMEAN(H76:H106), IF(H$4="Total Coliform", GEOMEAN(H76:H106), AVERAGE(H45:H75)))))) | I37: =IF(ISBLANK($C$1)," ", IF(COUNT(I45:I75)=0, " ", IF(I$4="pH"," ", IF(I$4="Fecal Coliform", GEOMEAN(I76:I106), IF(I$4="Total Coliform", GEOMEAN(I76:I106), AVERAGE(I45:I75)))))) | J37: =IF(ISBLANK($C$1)," ", IF(COUNT(J45:J75)=0, " ", IF(J$4="pH"," ", IF(J$4="Fecal Coliform", GEOMEAN(J76:J106), IF(J$4="Total Coliform", GEOMEAN(J76:J106), AVERAGE(J45:J75)))))) | K37: =IF(ISBLANK($C$1)," ", IF(COUNT(K45:K75)=0, " ", IF(K$4="pH"," ", IF(K$4="Fecal Coliform", GEOMEAN(K76:K106), IF(K$4="Total Coliform", GEOMEAN(K76:K106), AVERAGE(K45:K75)))))) | L37: =IF(ISBLANK($C$1)," ", IF(COUNT(L45:L75)=0, " ", IF(L$4="pH"," ", IF(L$4="Fecal Coliform", GEOMEAN(L76:L106), IF(L$4="Total Coliform", GEOMEAN(L76:L106), AVERAGE(L45:L75)))))) | ... S37: =IF(ISBLANK($C$1)," ", IF(COUNT(S45:S75)=0, " ", IF(S$4="pH"," ", IF(S$4="Fecal Coliform", GEOMEAN(S76:S106), IF(S$4="Total Coliform", GEOMEAN(S76:S106), AVERAGE(S45:S75))))))
A38: Daily Maximum: | D38: =IF(ISBLANK($P$1)," ",MAX(D6:D36)) | E38: =IF(ISBLANK($C$1)," ", IF(COUNT(E45:E75)=0, " ", MAX(E107:E137))) | F38: =IF(ISBLANK($C$1)," ", IF(COUNT(F45:F75)=0, " ", MAX(F107:F137))) | G38: =IF(ISBLANK($C$1)," ", IF(COUNT(G45:G75)=0, " ", MAX(G107:G137))) | H38: =IF(ISBLANK($C$1)," ", IF(COUNT(H45:H75)=0, " ", MAX(H107:H137))) | I38: =IF(ISBLANK($C$1)," ", IF(COUNT(I45:I75)=0, " ", MAX(I107:I137))) | J38: =IF(ISBLANK($C$1)," ", IF(COUNT(J45:J75)=0, " ", MAX(J107:J137))) | K38: =IF(ISBLANK($C$1)," ", IF(COUNT(K45:K75)=0, " ", MAX(K107:K137))) | L38: =IF(ISBLANK($C$1)," ", IF(COUNT(L45:L75)=0, " ", MAX(L107:L137))) | ... S38: =IF(ISBLANK($C$1)," ", IF(COUNT(S45:S75)=0, " ", MAX(S107:S137)))
A39: Daily Minimum: | D39: =IF(ISBLANK($P$1)," ",MIN(D6:D36)) | E39: =IF(ISBLANK($C$1)," ", IF(COUNT(E45:E75)=0, " ", MIN(E107:E137))) | F39: =IF(ISBLANK($C$1)," ", IF(COUNT(F45:F75)=0, " ", MIN(F107:F137))) | G39: =IF(ISBLANK($C$1)," ", IF(COUNT(G45:G75)=0, " ", MIN(G107:G137))) | H39: =IF(ISBLANK($C$1)," ", IF(COUNT(H45:H75)=0, " ", MIN(H107:H137))) | I39: =IF(ISBLANK($C$1)," ", IF(COUNT(I45:I75)=0, " ", MIN(I107:I137))) | J39: =IF(ISBLANK($C$1)," ", IF(COUNT(J45:J75)=0, " ", MIN(J107:J137))) | K39: =IF(ISBLANK($C$1)," ", IF(COUNT(K45:K75)=0, " ", MIN(K107:K137))) | L39: =IF(ISBLANK($C$1)," ", IF(COUNT(L45:L75)=0, " ", MIN(L107:L137))) | ... S39: =IF(ISBLANK($C$1)," ", IF(COUNT(S45:S75)=0, " ", MIN(S107:S137)))
A40: Sampling Type: | D40: Recorder | E40: Composite | F40: Composite | G40: Grab | H40: Grab | I40: Composite | J40: Composite | K40: Grab | L40: Composite | M40: Composite | N40: Recorder
A41: Monthly Avg. Limit: | D41: 30000 | E41: 10 | H41: 14 | I41: 4 | M41: 5
A42: Daily Limit: | E42: 15 | H42: 25 | I42: 6 | K42: 6-9 | M42: 10 | N42: 10
A43: Sample Frequency: | D43: Continuous | E43: Monthly | F43: 4 x Year | G43: 5 x Week | H43: Monthly | I43: Monthly | J43: Monthly | K43: 5 x Week | L43: 4 x Year | M43: Monthly | N43: Continuous
C45: Average | E45: =IF(ISBLANK(E6), " ",IF(ISTEXT(E6),0,E6)) | F45: =IF(ISBLANK(F6), " ",IF(ISTEXT(F6),0,F6)) | G45: =IF(ISBLANK(G6), " ",IF(ISTEXT(G6),0,G6)) | H45: =IF(ISBLANK(H6), " ",IF(ISTEXT(H6),0,H6)) | I45: =IF(ISBLANK(I6), " ",IF(ISTEXT(I6),0,I6)) | J45: =IF(ISBLANK(J6), " ",IF(ISTEXT(J6),0,J6)) | K45: =IF(ISBLANK(K6), " ",IF(ISTEXT(K6),0,K6)) | L45: =IF(ISBLANK(L6), " ",IF(ISTEXT(L6),0,L6)) | ... S45: =IF(ISBLANK(S6), " ",IF(ISTEXT(S6),0,S6))
E46: =IF(ISBLANK(E7), " ",IF(ISTEXT(E7),0,E7)) | F46: =IF(ISBLANK(F7), " ",IF(ISTEXT(F7),0,F7)) | G46: =IF(ISBLANK(G7), " ",IF(ISTEXT(G7),0,G7)) | H46: =IF(ISBLANK(H7), " ",IF(ISTEXT(H7),0,H7)) | I46: =IF(ISBLANK(I7), " ",IF(ISTEXT(I7),0,I7)) | J46: =IF(ISBLANK(J7), " ",IF(ISTEXT(J7),0,J7)) | K46: =IF(ISBLANK(K7), " ",IF(ISTEXT(K7),0,K7)) | L46: =IF(ISBLANK(L7), " ",IF(ISTEXT(L7),0,L7)) | ... S46: =IF(ISBLANK(S7), " ",IF(ISTEXT(S7),0,S7))
E47: =IF(ISBLANK(E8), " ",IF(ISTEXT(E8),0,E8)) | F47: =IF(ISBLANK(F8), " ",IF(ISTEXT(F8),0,F8)) | G47: =IF(ISBLANK(G8), " ",IF(ISTEXT(G8),0,G8)) | H47: =IF(ISBLANK(H8), " ",IF(ISTEXT(H8),0,H8)) | I47: =IF(ISBLANK(I8), " ",IF(ISTEXT(I8),0,I8)) | J47: =IF(ISBLANK(J8), " ",IF(ISTEXT(J8),0,J8)) | K47: =IF(ISBLANK(K8), " ",IF(ISTEXT(K8),0,K8)) | L47: =IF(ISBLANK(L8), " ",IF(ISTEXT(L8),0,L8)) | ... S47: =IF(ISBLANK(S8), " ",IF(ISTEXT(S8),0,S8))
E48: =IF(ISBLANK(E9), " ",IF(ISTEXT(E9),0,E9)) | F48: =IF(ISBLANK(F9), " ",IF(ISTEXT(F9),0,F9)) | G48: =IF(ISBLANK(G9), " ",IF(ISTEXT(G9),0,G9)) | H48: =IF(ISBLANK(H9), " ",IF(ISTEXT(H9),0,H9)) | I48: =IF(ISBLANK(I9), " ",IF(ISTEXT(I9),0,I9)) | J48: =IF(ISBLANK(J9), " ",IF(ISTEXT(J9),0,J9)) | K48: =IF(ISBLANK(K9), " ",IF(ISTEXT(K9),0,K9)) | L48: =IF(ISBLANK(L9), " ",IF(ISTEXT(L9),0,L9)) | ... S48: =IF(ISBLANK(S9), " ",IF(ISTEXT(S9),0,S9))
E49: =IF(ISBLANK(E10), " ",IF(ISTEXT(E10),0,E10)) | F49: =IF(ISBLANK(F10), " ",IF(ISTEXT(F10),0,F10)) | G49: =IF(ISBLANK(G10), " ",IF(ISTEXT(G10),0,G10)) | H49: =IF(ISBLANK(H10), " ",IF(ISTEXT(H10),0,H10)) | I49: =IF(ISBLANK(I10), " ",IF(ISTEXT(I10),0,I10)) | J49: =IF(ISBLANK(J10), " ",IF(ISTEXT(J10),0,J10)) | K49: =IF(ISBLANK(K10), " ",IF(ISTEXT(K10),0,K10)) | L49: =IF(ISBLANK(L10), " ",IF(ISTEXT(L10),0,L10)) | ... S49: =IF(ISBLANK(S10), " ",IF(ISTEXT(S10),0,S10))
E50: =IF(ISBLANK(E11), " ",IF(ISTEXT(E11),0,E11)) | F50: =IF(ISBLANK(F11), " ",IF(ISTEXT(F11),0,F11)) | G50: =IF(ISBLANK(G11), " ",IF(ISTEXT(G11),0,G11)) | H50: =IF(ISBLANK(H11), " ",IF(ISTEXT(H11),0,H11)) | I50: =IF(ISBLANK(I11), " ",IF(ISTEXT(I11),0,I11)) | J50: =IF(ISBLANK(J11), " ",IF(ISTEXT(J11),0,J11)) | K50: =IF(ISBLANK(K11), " ",IF(ISTEXT(K11),0,K11)) | L50: =IF(ISBLANK(L11), " ",IF(ISTEXT(L11),0,L11)) | ... S50: =IF(ISBLANK(S11), " ",IF(ISTEXT(S11),0,S11))
E51: =IF(ISBLANK(E12), " ",IF(ISTEXT(E12),0,E12)) | F51: =IF(ISBLANK(F12), " ",IF(ISTEXT(F12),0,F12)) | G51: =IF(ISBLANK(G12), " ",IF(ISTEXT(G12),0,G12)) | H51: =IF(ISBLANK(H12), " ",IF(ISTEXT(H12),0,H12)) | I51: =IF(ISBLANK(I12), " ",IF(ISTEXT(I12),0,I12)) | J51: =IF(ISBLANK(J12), " ",IF(ISTEXT(J12),0,J12)) | K51: =IF(ISBLANK(K12), " ",IF(ISTEXT(K12),0,K12)) | L51: =IF(ISBLANK(L12), " ",IF(ISTEXT(L12),0,L12)) | ... S51: =IF(ISBLANK(S12), " ",IF(ISTEXT(S12),0,S12))
E52: =IF(ISBLANK(E13), " ",IF(ISTEXT(E13),0,E13)) | F52: =IF(ISBLANK(F13), " ",IF(ISTEXT(F13),0,F13)) | G52: =IF(ISBLANK(G13), " ",IF(ISTEXT(G13),0,G13)) | H52: =IF(ISBLANK(H13), " ",IF(ISTEXT(H13),0,H13)) | I52: =IF(ISBLANK(I13), " ",IF(ISTEXT(I13),0,I13)) | J52: =IF(ISBLANK(J13), " ",IF(ISTEXT(J13),0,J13)) | K52: =IF(ISBLANK(K13), " ",IF(ISTEXT(K13),0,K13)) | L52: =IF(ISBLANK(L13), " ",IF(ISTEXT(L13),0,L13)) | ... S52: =IF(ISBLANK(S13), " ",IF(ISTEXT(S13),0,S13))
E53: =IF(ISBLANK(E14), " ",IF(ISTEXT(E14),0,E14)) | F53: =IF(ISBLANK(F14), " ",IF(ISTEXT(F14),0,F14)) | G53: =IF(ISBLANK(G14), " ",IF(ISTEXT(G14),0,G14)) | H53: =IF(ISBLANK(H14), " ",IF(ISTEXT(H14),0,H14)) | I53: =IF(ISBLANK(I14), " ",IF(ISTEXT(I14),0,I14)) | J53: =IF(ISBLANK(J14), " ",IF(ISTEXT(J14),0,J14)) | K53: =IF(ISBLANK(K14), " ",IF(ISTEXT(K14),0,K14)) | L53: =IF(ISBLANK(L14), " ",IF(ISTEXT(L14),0,L14)) | ... S53: =IF(ISBLANK(S14), " ",IF(ISTEXT(S14),0,S14))
E54: =IF(ISBLANK(E15), " ",IF(ISTEXT(E15),0,E15)) | F54: =IF(ISBLANK(F15), " ",IF(ISTEXT(F15),0,F15)) | G54: =IF(ISBLANK(G15), " ",IF(ISTEXT(G15),0,G15)) | H54: =IF(ISBLANK(H15), " ",IF(ISTEXT(H15),0,H15)) | I54: =IF(ISBLANK(I15), " ",IF(ISTEXT(I15),0,I15)) | J54: =IF(ISBLANK(J15), " ",IF(ISTEXT(J15),0,J15)) | K54: =IF(ISBLANK(K15), " ",IF(ISTEXT(K15),0,K15)) | L54: =IF(ISBLANK(L15), " ",IF(ISTEXT(L15),0,L15)) | ... S54: =IF(ISBLANK(S15), " ",IF(ISTEXT(S15),0,S15))
E55: =IF(ISBLANK(E16), " ",IF(ISTEXT(E16),0,E16)) | F55: =IF(ISBLANK(F16), " ",IF(ISTEXT(F16),0,F16)) | G55: =IF(ISBLANK(G16), " ",IF(ISTEXT(G16),0,G16)) | H55: =IF(ISBLANK(H16), " ",IF(ISTEXT(H16),0,H16)) | I55: =IF(ISBLANK(I16), " ",IF(ISTEXT(I16),0,I16)) | J55: =IF(ISBLANK(J16), " ",IF(ISTEXT(J16),0,J16)) | K55: =IF(ISBLANK(K16), " ",IF(ISTEXT(K16),0,K16)) | L55: =IF(ISBLANK(L16), " ",IF(ISTEXT(L16),0,L16)) | ... S55: =IF(ISBLANK(S16), " ",IF(ISTEXT(S16),0,S16))
E56: =IF(ISBLANK(E17), " ",IF(ISTEXT(E17),0,E17)) | F56: =IF(ISBLANK(F17), " ",IF(ISTEXT(F17),0,F17)) | G56: =IF(ISBLANK(G17), " ",IF(ISTEXT(G17),0,G17)) | H56: =IF(ISBLANK(H17), " ",IF(ISTEXT(H17),0,H17)) | I56: =IF(ISBLANK(I17), " ",IF(ISTEXT(I17),0,I17)) | J56: =IF(ISBLANK(J17), " ",IF(ISTEXT(J17),0,J17)) | K56: =IF(ISBLANK(K17), " ",IF(ISTEXT(K17),0,K17)) | L56: =IF(ISBLANK(L17), " ",IF(ISTEXT(L17),0,L17)) | ... S56: =IF(ISBLANK(S17), " ",IF(ISTEXT(S17),0,S17))
E57: =IF(ISBLANK(E18), " ",IF(ISTEXT(E18),0,E18)) | F57: =IF(ISBLANK(F18), " ",IF(ISTEXT(F18),0,F18)) | G57: =IF(ISBLANK(G18), " ",IF(ISTEXT(G18),0,G18)) | H57: =IF(ISBLANK(H18), " ",IF(ISTEXT(H18),0,H18)) | I57: =IF(ISBLANK(I18), " ",IF(ISTEXT(I18),0,I18)) | J57: =IF(ISBLANK(J18), " ",IF(ISTEXT(J18),0,J18)) | K57: =IF(ISBLANK(K18), " ",IF(ISTEXT(K18),0,K18)) | L57: =IF(ISBLANK(L18), " ",IF(ISTEXT(L18),0,L18)) | ... S57: =IF(ISBLANK(S18), " ",IF(ISTEXT(S18),0,S18))
... E75: =IF(ISBLANK(E36), " ",IF(ISTEXT(E36),0,E36)) | F75: =IF(ISBLANK(F36), " ",IF(ISTEXT(F36),0,F36)) | G75: =IF(ISBLANK(G36), " ",IF(ISTEXT(G36),0,G36)) | H75: =IF(ISBLANK(H36), " ",IF(ISTEXT(H36),0,H36)) | I75: =IF(ISBLANK(I36), " ",IF(ISTEXT(I36),0,I36)) | J75: =IF(ISBLANK(J36), " ",IF(ISTEXT(J36),0,J36)) | K75: =IF(ISBLANK(K36), " ",IF(ISTEXT(K36),0,K36)) | L75: =IF(ISBLANK(L36), " ",IF(ISTEXT(L36),0,L36)) | ... S75: =IF(ISBLANK(S36), " ",IF(ISTEXT(S36),0,S36))
C76: Geomean | E76: =IF(ISBLANK(E6)," ",IF(ISTEXT(E6),1,E6)) | F76: =IF(ISBLANK(F6)," ",IF(ISTEXT(F6),1,F6)) | G76: =IF(ISBLANK(G6)," ",IF(ISTEXT(G6),1,G6)) | H76: =IF(ISBLANK(H6)," ",IF(ISTEXT(H6),1,H6)) | I76: =IF(ISBLANK(I6)," ",IF(ISTEXT(I6),1,I6)) | J76: =IF(ISBLANK(J6)," ",IF(ISTEXT(J6),1,J6)) | K76: =IF(ISBLANK(K6)," ",IF(ISTEXT(K6),1,K6)) | L76: =IF(ISBLANK(L6)," ",IF(ISTEXT(L6),1,L6)) | ... S76: =IF(ISBLANK(S6)," ",IF(ISTEXT(S6),1,S6))
E77: =IF(ISBLANK(E7)," ",IF(ISTEXT(E7),1,E7)) | F77: =IF(ISBLANK(F7)," ",IF(ISTEXT(F7),1,F7)) | G77: =IF(ISBLANK(G7)," ",IF(ISTEXT(G7),1,G7)) | H77: =IF(ISBLANK(H7)," ",IF(ISTEXT(H7),1,H7)) | I77: =IF(ISBLANK(I7)," ",IF(ISTEXT(I7),1,I7)) | J77: =IF(ISBLANK(J7)," ",IF(ISTEXT(J7),1,J7)) | K77: =IF(ISBLANK(K7)," ",IF(ISTEXT(K7),1,K7)) | L77: =IF(ISBLANK(L7)," ",IF(ISTEXT(L7),1,L7)) | ... S77: =IF(ISBLANK(S7)," ",IF(ISTEXT(S7),1,S7))
E78: =IF(ISBLANK(E8)," ",IF(ISTEXT(E8),1,E8)) | F78: =IF(ISBLANK(F8)," ",IF(ISTEXT(F8),1,F8)) | G78: =IF(ISBLANK(G8)," ",IF(ISTEXT(G8),1,G8)) | H78: =IF(ISBLANK(H8)," ",IF(ISTEXT(H8),1,H8)) | I78: =IF(ISBLANK(I8)," ",IF(ISTEXT(I8),1,I8)) | J78: =IF(ISBLANK(J8)," ",IF(ISTEXT(J8),1,J8)) | K78: =IF(ISBLANK(K8)," ",IF(ISTEXT(K8),1,K8)) | L78: =IF(ISBLANK(L8)," ",IF(ISTEXT(L8),1,L8)) | ... S78: =IF(ISBLANK(S8)," ",IF(ISTEXT(S8),1,S8))
E79: =IF(ISBLANK(E9)," ",IF(ISTEXT(E9),1,E9)) | F79: =IF(ISBLANK(F9)," ",IF(ISTEXT(F9),1,F9)) | G79: =IF(ISBLANK(G9)," ",IF(ISTEXT(G9),1,G9)) | H79: =IF(ISBLANK(H9)," ",IF(ISTEXT(H9),1,H9)) | I79: =IF(ISBLANK(I9)," ",IF(ISTEXT(I9),1,I9)) | J79: =IF(ISBLANK(J9)," ",IF(ISTEXT(J9),1,J9)) | K79: =IF(ISBLANK(K9)," ",IF(ISTEXT(K9),1,K9)) | L79: =IF(ISBLANK(L9)," ",IF(ISTEXT(L9),1,L9)) | ... S79: =IF(ISBLANK(S9)," ",IF(ISTEXT(S9),1,S9))
E80: =IF(ISBLANK(E10)," ",IF(ISTEXT(E10),1,E10)) | F80: =IF(ISBLANK(F10)," ",IF(ISTEXT(F10),1,F10)) | G80: =IF(ISBLANK(G10)," ",IF(ISTEXT(G10),1,G10)) | H80: =IF(ISBLANK(H10)," ",IF(ISTEXT(H10),1,H10)) | I80: =IF(ISBLANK(I10)," ",IF(ISTEXT(I10),1,I10)) | J80: =IF(ISBLANK(J10)," ",IF(ISTEXT(J10),1,J10)) | K80: =IF(ISBLANK(K10)," ",IF(ISTEXT(K10),1,K10)) | L80: =IF(ISBLANK(L10)," ",IF(ISTEXT(L10),1,L10)) | ... S80: =IF(ISBLANK(S10)," ",IF(ISTEXT(S10),1,S10))
E81: =IF(ISBLANK(E11)," ",IF(ISTEXT(E11),1,E11)) | F81: =IF(ISBLANK(F11)," ",IF(ISTEXT(F11),1,F11)) | G81: =IF(ISBLANK(G11)," ",IF(ISTEXT(G11),1,G11)) | H81: =IF(ISBLANK(H11)," ",IF(ISTEXT(H11),1,H11)) | I81: =IF(ISBLANK(I11)," ",IF(ISTEXT(I11),1,I11)) | J81: =IF(ISBLANK(J11)," ",IF(ISTEXT(J11),1,J11)) | K81: =IF(ISBLANK(K11)," ",IF(ISTEXT(K11),1,K11)) | L81: =IF(ISBLANK(L11)," ",IF(ISTEXT(L11),1,L11)) | ... S81: =IF(ISBLANK(S11)," ",IF(ISTEXT(S11),1,S11))
E82: =IF(ISBLANK(E12)," ",IF(ISTEXT(E12),1,E12)) | F82: =IF(ISBLANK(F12)," ",IF(ISTEXT(F12),1,F12)) | G82: =IF(ISBLANK(G12)," ",IF(ISTEXT(G12),1,G12)) | H82: =IF(ISBLANK(H12)," ",IF(ISTEXT(H12),1,H12)) | I82: =IF(ISBLANK(I12)," ",IF(ISTEXT(I12),1,I12)) | J82: =IF(ISBLANK(J12)," ",IF(ISTEXT(J12),1,J12)) | K82: =IF(ISBLANK(K12)," ",IF(ISTEXT(K12),1,K12)) | L82: =IF(ISBLANK(L12)," ",IF(ISTEXT(L12),1,L12)) | ... S82: =IF(ISBLANK(S12)," ",IF(ISTEXT(S12),1,S12))
E83: =IF(ISBLANK(E13)," ",IF(ISTEXT(E13),1,E13)) | F83: =IF(ISBLANK(F13)," ",IF(ISTEXT(F13),1,F13)) | G83: =IF(ISBLANK(G13)," ",IF(ISTEXT(G13),1,G13)) | H83: =IF(ISBLANK(H13)," ",IF(ISTEXT(H13),1,H13)) | I83: =IF(ISBLANK(I13)," ",IF(ISTEXT(I13),1,I13)) | J83: =IF(ISBLANK(J13)," ",IF(ISTEXT(J13),1,J13)) | K83: =IF(ISBLANK(K13)," ",IF(ISTEXT(K13),1,K13)) | L83: =IF(ISBLANK(L13)," ",IF(ISTEXT(L13),1,L13)) | ... S83: =IF(ISBLANK(S13)," ",IF(ISTEXT(S13),1,S13))
E84: =IF(ISBLANK(E14)," ",IF(ISTEXT(E14),1,E14)) | F84: =IF(ISBLANK(F14)," ",IF(ISTEXT(F14),1,F14)) | G84: =IF(ISBLANK(G14)," ",IF(ISTEXT(G14),1,G14)) | H84: =IF(ISBLANK(H14)," ",IF(ISTEXT(H14),1,H14)) | I84: =IF(ISBLANK(I14)," ",IF(ISTEXT(I14),1,I14)) | J84: =IF(ISBLANK(J14)," ",IF(ISTEXT(J14),1,J14)) | K84: =IF(ISBLANK(K14)," ",IF(ISTEXT(K14),1,K14)) | L84: =IF(ISBLANK(L14)," ",IF(ISTEXT(L14),1,L14)) | ... S84: =IF(ISBLANK(S14)," ",IF(ISTEXT(S14),1,S14))
E85: =IF(ISBLANK(E15)," ",IF(ISTEXT(E15),1,E15)) | F85: =IF(ISBLANK(F15)," ",IF(ISTEXT(F15),1,F15)) | G85: =IF(ISBLANK(G15)," ",IF(ISTEXT(G15),1,G15)) | H85: =IF(ISBLANK(H15)," ",IF(ISTEXT(H15),1,H15)) | I85: =IF(ISBLANK(I15)," ",IF(ISTEXT(I15),1,I15)) | J85: =IF(ISBLANK(J15)," ",IF(ISTEXT(J15),1,J15)) | K85: =IF(ISBLANK(K15)," ",IF(ISTEXT(K15),1,K15)) | L85: =IF(ISBLANK(L15)," ",IF(ISTEXT(L15),1,L15)) | ... S85: =IF(ISBLANK(S15)," ",IF(ISTEXT(S15),1,S15))
E86: =IF(ISBLANK(E16)," ",IF(ISTEXT(E16),1,E16)) | F86: =IF(ISBLANK(F16)," ",IF(ISTEXT(F16),1,F16)) | G86: =IF(ISBLANK(G16)," ",IF(ISTEXT(G16),1,G16)) | H86: =IF(ISBLANK(H16)," ",IF(ISTEXT(H16),1,H16)) | I86: =IF(ISBLANK(I16)," ",IF(ISTEXT(I16),1,I16)) | J86: =IF(ISBLANK(J16)," ",IF(ISTEXT(J16),1,J16)) | K86: =IF(ISBLANK(K16)," ",IF(ISTEXT(K16),1,K16)) | L86: =IF(ISBLANK(L16)," ",IF(ISTEXT(L16),1,L16)) | ... S86: =IF(ISBLANK(S16)," ",IF(ISTEXT(S16),1,S16))
E87: =IF(ISBLANK(E17)," ",IF(ISTEXT(E17),1,E17)) | F87: =IF(ISBLANK(F17)," ",IF(ISTEXT(F17),1,F17)) | G87: =IF(ISBLANK(G17)," ",IF(ISTEXT(G17),1,G17)) | H87: =IF(ISBLANK(H17)," ",IF(ISTEXT(H17),1,H17)) | I87: =IF(ISBLANK(I17)," ",IF(ISTEXT(I17),1,I17)) | J87: =IF(ISBLANK(J17)," ",IF(ISTEXT(J17),1,J17)) | K87: =IF(ISBLANK(K17)," ",IF(ISTEXT(K17),1,K17)) | L87: =IF(ISBLANK(L17)," ",IF(ISTEXT(L17),1,L17)) | ... S87: =IF(ISBLANK(S17)," ",IF(ISTEXT(S17),1,S17))
E88: =IF(ISBLANK(E18)," ",IF(ISTEXT(E18),1,E18)) | F88: =IF(ISBLANK(F18)," ",IF(ISTEXT(F18),1,F18)) | G88: =IF(ISBLANK(G18)," ",IF(ISTEXT(G18),1,G18)) | H88: =IF(ISBLANK(H18)," ",IF(ISTEXT(H18),1,H18)) | I88: =IF(ISBLANK(I18)," ",IF(ISTEXT(I18),1,I18)) | J88: =IF(ISBLANK(J18)," ",IF(ISTEXT(J18),1,J18)) | K88: =IF(ISBLANK(K18)," ",IF(ISTEXT(K18),1,K18)) | L88: =IF(ISBLANK(L18)," ",IF(ISTEXT(L18),1,L18)) | ... S88: =IF(ISBLANK(S18)," ",IF(ISTEXT(S18),1,S18))
... E106: =IF(ISBLANK(E36)," ",IF(ISTEXT(E36),1,E36)) | F106: =IF(ISBLANK(F36)," ",IF(ISTEXT(F36),1,F36)) | G106: =IF(ISBLANK(G36)," ",IF(ISTEXT(G36),1,G36)) | H106: =IF(ISBLANK(H36)," ",IF(ISTEXT(H36),1,H36)) | I106: =IF(ISBLANK(I36)," ",IF(ISTEXT(I36),1,I36)) | J106: =IF(ISBLANK(J36)," ",IF(ISTEXT(J36),1,J36)) | K106: =IF(ISBLANK(K36)," ",IF(ISTEXT(K36),1,K36)) | L106: =IF(ISBLANK(L36)," ",IF(ISTEXT(L36),1,L36)) | ... S106: =IF(ISBLANK(S36)," ",IF(ISTEXT(S36),1,S36))
C107: MAX/MIN | E107: =IF(LEFT(E6,1)="<",VALUE(SUBSTITUTE(E6,"<","")), IF(ISBLANK(E6)," ",E6)) | F107: =IF(LEFT(F6,1)="<",VALUE(SUBSTITUTE(F6,"<","")), IF(ISBLANK(F6)," ",F6)) | G107: =IF(LEFT(G6,1)="<",VALUE(SUBSTITUTE(G6,"<","")), IF(ISBLANK(G6)," ",G6)) | H107: =IF(LEFT(H6,1)="<",VALUE(SUBSTITUTE(H6,"<","")), IF(ISBLANK(H6)," ",H6)) | I107: =IF(LEFT(I6,1)="<",VALUE(SUBSTITUTE(I6,"<","")), IF(ISBLANK(I6)," ",I6)) | J107: =IF(LEFT(J6,1)="<",VALUE(SUBSTITUTE(J6,"<","")), IF(ISBLANK(J6)," ",J6)) | K107: =IF(LEFT(K6,1)="<",VALUE(SUBSTITUTE(K6,"<","")), IF(ISBLANK(K6)," ",K6)) | L107: =IF(LEFT(L6,1)="<",VALUE(SUBSTITUTE(L6,"<","")), IF(ISBLANK(L6)," ",L6)) | ... S107: =IF(LEFT(S6,1)="<",VALUE(SUBSTITUTE(S6,"<","")), IF(ISBLANK(S6)," ",S6))
E108: =IF(LEFT(E7,1)="<",VALUE(SUBSTITUTE(E7,"<","")), IF(ISBLANK(E7)," ",E7)) | F108: =IF(LEFT(F7,1)="<",VALUE(SUBSTITUTE(F7,"<","")), IF(ISBLANK(F7)," ",F7)) | G108: =IF(LEFT(G7,1)="<",VALUE(SUBSTITUTE(G7,"<","")), IF(ISBLANK(G7)," ",G7)) | H108: =IF(LEFT(H7,1)="<",VALUE(SUBSTITUTE(H7,"<","")), IF(ISBLANK(H7)," ",H7)) | I108: =IF(LEFT(I7,1)="<",VALUE(SUBSTITUTE(I7,"<","")), IF(ISBLANK(I7)," ",I7)) | J108: =IF(LEFT(J7,1)="<",VALUE(SUBSTITUTE(J7,"<","")), IF(ISBLANK(J7)," ",J7)) | K108: =IF(LEFT(K7,1)="<",VALUE(SUBSTITUTE(K7,"<","")), IF(ISBLANK(K7)," ",K7)) | L108: =IF(LEFT(L7,1)="<",VALUE(SUBSTITUTE(L7,"<","")), IF(ISBLANK(L7)," ",L7)) | ... S108: =IF(LEFT(S7,1)="<",VALUE(SUBSTITUTE(S7,"<","")), IF(ISBLANK(S7)," ",S7))
E109: =IF(LEFT(E8,1)="<",VALUE(SUBSTITUTE(E8,"<","")), IF(ISBLANK(E8)," ",E8)) | F109: =IF(LEFT(F8,1)="<",VALUE(SUBSTITUTE(F8,"<","")), IF(ISBLANK(F8)," ",F8)) | G109: =IF(LEFT(G8,1)="<",VALUE(SUBSTITUTE(G8,"<","")), IF(ISBLANK(G8)," ",G8)) | H109: =IF(LEFT(H8,1)="<",VALUE(SUBSTITUTE(H8,"<","")), IF(ISBLANK(H8)," ",H8)) | I109: =IF(LEFT(I8,1)="<",VALUE(SUBSTITUTE(I8,"<","")), IF(ISBLANK(I8)," ",I8)) | J109: =IF(LEFT(J8,1)="<",VALUE(SUBSTITUTE(J8,"<","")), IF(ISBLANK(J8)," ",J8)) | K109: =IF(LEFT(K8,1)="<",VALUE(SUBSTITUTE(K8,"<","")), IF(ISBLANK(K8)," ",K8)) | L109: =IF(LEFT(L8,1)="<",VALUE(SUBSTITUTE(L8,"<","")), IF(ISBLANK(L8)," ",L8)) | ... S109: =IF(LEFT(S8,1)="<",VALUE(SUBSTITUTE(S8,"<","")), IF(ISBLANK(S8)," ",S8))
E110: =IF(LEFT(E9,1)="<",VALUE(SUBSTITUTE(E9,"<","")), IF(ISBLANK(E9)," ",E9)) | F110: =IF(LEFT(F9,1)="<",VALUE(SUBSTITUTE(F9,"<","")), IF(ISBLANK(F9)," ",F9)) | G110: =IF(LEFT(G9,1)="<",VALUE(SUBSTITUTE(G9,"<","")), IF(ISBLANK(G9)," ",G9)) | H110: =IF(LEFT(H9,1)="<",VALUE(SUBSTITUTE(H9,"<","")), IF(ISBLANK(H9)," ",H9)) | I110: =IF(LEFT(I9,1)="<",VALUE(SUBSTITUTE(I9,"<","")), IF(ISBLANK(I9)," ",I9)) | J110: =IF(LEFT(J9,1)="<",VALUE(SUBSTITUTE(J9,"<","")), IF(ISBLANK(J9)," ",J9)) | K110: =IF(LEFT(K9,1)="<",VALUE(SUBSTITUTE(K9,"<","")), IF(ISBLANK(K9)," ",K9)) | L110: =IF(LEFT(L9,1)="<",VALUE(SUBSTITUTE(L9,"<","")), IF(ISBLANK(L9)," ",L9)) | ... S110: =IF(LEFT(S9,1)="<",VALUE(SUBSTITUTE(S9,"<","")), IF(ISBLANK(S9)," ",S9))
E111: =IF(LEFT(E10,1)="<",VALUE(SUBSTITUTE(E10,"<","")), IF(ISBLANK(E10)," ",E10)) | F111: =IF(LEFT(F10,1)="<",VALUE(SUBSTITUTE(F10,"<","")), IF(ISBLANK(F10)," ",F10)) | G111: =IF(LEFT(G10,1)="<",VALUE(SUBSTITUTE(G10,"<","")), IF(ISBLANK(G10)," ",G10)) | H111: =IF(LEFT(H10,1)="<",VALUE(SUBSTITUTE(H10,"<","")), IF(ISBLANK(H10)," ",H10)) | I111: =IF(LEFT(I10,1)="<",VALUE(SUBSTITUTE(I10,"<","")), IF(ISBLANK(I10)," ",I10)) | J111: =IF(LEFT(J10,1)="<",VALUE(SUBSTITUTE(J10,"<","")), IF(ISBLANK(J10)," ",J10)) | K111: =IF(LEFT(K10,1)="<",VALUE(SUBSTITUTE(K10,"<","")), IF(ISBLANK(K10)," ",K10)) | L111: =IF(LEFT(L10,1)="<",VALUE(SUBSTITUTE(L10,"<","")), IF(ISBLANK(L10)," ",L10)) | ... S111: =IF(LEFT(S10,1)="<",VALUE(SUBSTITUTE(S10,"<","")), IF(ISBLANK(S10)," ",S10))
E112: =IF(LEFT(E11,1)="<",VALUE(SUBSTITUTE(E11,"<","")), IF(ISBLANK(E11)," ",E11)) | F112: =IF(LEFT(F11,1)="<",VALUE(SUBSTITUTE(F11,"<","")), IF(ISBLANK(F11)," ",F11)) | G112: =IF(LEFT(G11,1)="<",VALUE(SUBSTITUTE(G11,"<","")), IF(ISBLANK(G11)," ",G11)) | H112: =IF(LEFT(H11,1)="<",VALUE(SUBSTITUTE(H11,"<","")), IF(ISBLANK(H11)," ",H11)) | I112: =IF(LEFT(I11,1)="<",VALUE(SUBSTITUTE(I11,"<","")), IF(ISBLANK(I11)," ",I11)) | J112: =IF(LEFT(J11,1)="<",VALUE(SUBSTITUTE(J11,"<","")), IF(ISBLANK(J11)," ",J11)) | K112: =IF(LEFT(K11,1)="<",VALUE(SUBSTITUTE(K11,"<","")), IF(ISBLANK(K11)," ",K11)) | L112: =IF(LEFT(L11,1)="<",VALUE(SUBSTITUTE(L11,"<","")), IF(ISBLANK(L11)," ",L11)) | ... S112: =IF(LEFT(S11,1)="<",VALUE(SUBSTITUTE(S11,"<","")), IF(ISBLANK(S11)," ",S11))
E113: =IF(LEFT(E12,1)="<",VALUE(SUBSTITUTE(E12,"<","")), IF(ISBLANK(E12)," ",E12)) | F113: =IF(LEFT(F12,1)="<",VALUE(SUBSTITUTE(F12,"<","")), IF(ISBLANK(F12)," ",F12)) | G113: =IF(LEFT(G12,1)="<",VALUE(SUBSTITUTE(G12,"<","")), IF(ISBLANK(G12)," ",G12)) | H113: =IF(LEFT(H12,1)="<",VALUE(SUBSTITUTE(H12,"<","")), IF(ISBLANK(H12)," ",H12)) | I113: =IF(LEFT(I12,1)="<",VALUE(SUBSTITUTE(I12,"<","")), IF(ISBLANK(I12)," ",I12)) | J113: =IF(LEFT(J12,1)="<",VALUE(SUBSTITUTE(J12,"<","")), IF(ISBLANK(J12)," ",J12)) | K113: =IF(LEFT(K12,1)="<",VALUE(SUBSTITUTE(K12,"<","")), IF(ISBLANK(K12)," ",K12)) | L113: =IF(LEFT(L12,1)="<",VALUE(SUBSTITUTE(L12,"<","")), IF(ISBLANK(L12)," ",L12)) | ... S113: =IF(LEFT(S12,1)="<",VALUE(SUBSTITUTE(S12,"<","")), IF(ISBLANK(S12)," ",S12))
E114: =IF(LEFT(E13,1)="<",VALUE(SUBSTITUTE(E13,"<","")), IF(ISBLANK(E13)," ",E13)) | F114: =IF(LEFT(F13,1)="<",VALUE(SUBSTITUTE(F13,"<","")), IF(ISBLANK(F13)," ",F13)) | G114: =IF(LEFT(G13,1)="<",VALUE(SUBSTITUTE(G13,"<","")), IF(ISBLANK(G13)," ",G13)) | H114: =IF(LEFT(H13,1)="<",VALUE(SUBSTITUTE(H13,"<","")), IF(ISBLANK(H13)," ",H13)) | I114: =IF(LEFT(I13,1)="<",VALUE(SUBSTITUTE(I13,"<","")), IF(ISBLANK(I13)," ",I13)) | J114: =IF(LEFT(J13,1)="<",VALUE(SUBSTITUTE(J13,"<","")), IF(ISBLANK(J13)," ",J13)) | K114: =IF(LEFT(K13,1)="<",VALUE(SUBSTITUTE(K13,"<","")), IF(ISBLANK(K13)," ",K13)) | L114: =IF(LEFT(L13,1)="<",VALUE(SUBSTITUTE(L13,"<","")), IF(ISBLANK(L13)," ",L13)) | ... S114: =IF(LEFT(S13,1)="<",VALUE(SUBSTITUTE(S13,"<","")), IF(ISBLANK(S13)," ",S13))
E115: =IF(LEFT(E14,1)="<",VALUE(SUBSTITUTE(E14,"<","")), IF(ISBLANK(E14)," ",E14)) | F115: =IF(LEFT(F14,1)="<",VALUE(SUBSTITUTE(F14,"<","")), IF(ISBLANK(F14)," ",F14)) | G115: =IF(LEFT(G14,1)="<",VALUE(SUBSTITUTE(G14,"<","")), IF(ISBLANK(G14)," ",G14)) | H115: =IF(LEFT(H14,1)="<",VALUE(SUBSTITUTE(H14,"<","")), IF(ISBLANK(H14)," ",H14)) | I115: =IF(LEFT(I14,1)="<",VALUE(SUBSTITUTE(I14,"<","")), IF(ISBLANK(I14)," ",I14)) | J115: =IF(LEFT(J14,1)="<",VALUE(SUBSTITUTE(J14,"<","")), IF(ISBLANK(J14)," ",J14)) | K115: =IF(LEFT(K14,1)="<",VALUE(SUBSTITUTE(K14,"<","")), IF(ISBLANK(K14)," ",K14)) | L115: =IF(LEFT(L14,1)="<",VALUE(SUBSTITUTE(L14,"<","")), IF(ISBLANK(L14)," ",L14)) | ... S115: =IF(LEFT(S14,1)="<",VALUE(SUBSTITUTE(S14,"<","")), IF(ISBLANK(S14)," ",S14))
E116: =IF(LEFT(E15,1)="<",VALUE(SUBSTITUTE(E15,"<","")), IF(ISBLANK(E15)," ",E15)) | F116: =IF(LEFT(F15,1)="<",VALUE(SUBSTITUTE(F15,"<","")), IF(ISBLANK(F15)," ",F15)) | G116: =IF(LEFT(G15,1)="<",VALUE(SUBSTITUTE(G15,"<","")), IF(ISBLANK(G15)," ",G15)) | H116: =IF(LEFT(H15,1)="<",VALUE(SUBSTITUTE(H15,"<","")), IF(ISBLANK(H15)," ",H15)) | I116: =IF(LEFT(I15,1)="<",VALUE(SUBSTITUTE(I15,"<","")), IF(ISBLANK(I15)," ",I15)) | J116: =IF(LEFT(J15,1)="<",VALUE(SUBSTITUTE(J15,"<","")), IF(ISBLANK(J15)," ",J15)) | K116: =IF(LEFT(K15,1)="<",VALUE(SUBSTITUTE(K15,"<","")), IF(ISBLANK(K15)," ",K15)) | L116: =IF(LEFT(L15,1)="<",VALUE(SUBSTITUTE(L15,"<","")), IF(ISBLANK(L15)," ",L15)) | ... S116: =IF(LEFT(S15,1)="<",VALUE(SUBSTITUTE(S15,"<","")), IF(ISBLANK(S15)," ",S15))
E117: =IF(LEFT(E16,1)="<",VALUE(SUBSTITUTE(E16,"<","")), IF(ISBLANK(E16)," ",E16)) | F117: =IF(LEFT(F16,1)="<",VALUE(SUBSTITUTE(F16,"<","")), IF(ISBLANK(F16)," ",F16)) | G117: =IF(LEFT(G16,1)="<",VALUE(SUBSTITUTE(G16,"<","")), IF(ISBLANK(G16)," ",G16)) | H117: =IF(LEFT(H16,1)="<",VALUE(SUBSTITUTE(H16,"<","")), IF(ISBLANK(H16)," ",H16)) | I117: =IF(LEFT(I16,1)="<",VALUE(SUBSTITUTE(I16,"<","")), IF(ISBLANK(I16)," ",I16)) | J117: =IF(LEFT(J16,1)="<",VALUE(SUBSTITUTE(J16,"<","")), IF(ISBLANK(J16)," ",J16)) | K117: =IF(LEFT(K16,1)="<",VALUE(SUBSTITUTE(K16,"<","")), IF(ISBLANK(K16)," ",K16)) | L117: =IF(LEFT(L16,1)="<",VALUE(SUBSTITUTE(L16,"<","")), IF(ISBLANK(L16)," ",L16)) | ... S117: =IF(LEFT(S16,1)="<",VALUE(SUBSTITUTE(S16,"<","")), IF(ISBLANK(S16)," ",S16))
E118: =IF(LEFT(E17,1)="<",VALUE(SUBSTITUTE(E17,"<","")), IF(ISBLANK(E17)," ",E17)) | F118: =IF(LEFT(F17,1)="<",VALUE(SUBSTITUTE(F17,"<","")), IF(ISBLANK(F17)," ",F17)) | G118: =IF(LEFT(G17,1)="<",VALUE(SUBSTITUTE(G17,"<","")), IF(ISBLANK(G17)," ",G17)) | H118: =IF(LEFT(H17,1)="<",VALUE(SUBSTITUTE(H17,"<","")), IF(ISBLANK(H17)," ",H17)) | I118: =IF(LEFT(I17,1)="<",VALUE(SUBSTITUTE(I17,"<","")), IF(ISBLANK(I17)," ",I17)) | J118: =IF(LEFT(J17,1)="<",VALUE(SUBSTITUTE(J17,"<","")), IF(ISBLANK(J17)," ",J17)) | K118: =IF(LEFT(K17,1)="<",VALUE(SUBSTITUTE(K17,"<","")), IF(ISBLANK(K17)," ",K17)) | L118: =IF(LEFT(L17,1)="<",VALUE(SUBSTITUTE(L17,"<","")), IF(ISBLANK(L17)," ",L17)) | ... S118: =IF(LEFT(S17,1)="<",VALUE(SUBSTITUTE(S17,"<","")), IF(ISBLANK(S17)," ",S17))
E119: =IF(LEFT(E18,1)="<",VALUE(SUBSTITUTE(E18,"<","")), IF(ISBLANK(E18)," ",E18)) | F119: =IF(LEFT(F18,1)="<",VALUE(SUBSTITUTE(F18,"<","")), IF(ISBLANK(F18)," ",F18)) | G119: =IF(LEFT(G18,1)="<",VALUE(SUBSTITUTE(G18,"<","")), IF(ISBLANK(G18)," ",G18)) | H119: =IF(LEFT(H18,1)="<",VALUE(SUBSTITUTE(H18,"<","")), IF(ISBLANK(H18)," ",H18)) | I119: =IF(LEFT(I18,1)="<",VALUE(SUBSTITUTE(I18,"<","")), IF(ISBLANK(I18)," ",I18)) | J119: =IF(LEFT(J18,1)="<",VALUE(SUBSTITUTE(J18,"<","")), IF(ISBLANK(J18)," ",J18)) | K119: =IF(LEFT(K18,1)="<",VALUE(SUBSTITUTE(K18,"<","")), IF(ISBLANK(K18)," ",K18)) | L119: =IF(LEFT(L18,1)="<",VALUE(SUBSTITUTE(L18,"<","")), IF(ISBLANK(L18)," ",L18)) | ... S119: =IF(LEFT(S18,1)="<",VALUE(SUBSTITUTE(S18,"<","")), IF(ISBLANK(S18)," ",S18))
... E137: =IF(LEFT(E36,1)="<",VALUE(SUBSTITUTE(E36,"<","")), IF(ISBLANK(E36)," ",E36)) | F137: =IF(LEFT(F36,1)="<",VALUE(SUBSTITUTE(F36,"<","")), IF(ISBLANK(F36)," ",F36)) | G137: =IF(LEFT(G36,1)="<",VALUE(SUBSTITUTE(G36,"<","")), IF(ISBLANK(G36)," ",G36)) | H137: =IF(LEFT(H36,1)="<",VALUE(SUBSTITUTE(H36,"<","")), IF(ISBLANK(H36)," ",H36)) | I137: =IF(LEFT(I36,1)="<",VALUE(SUBSTITUTE(I36,"<","")), IF(ISBLANK(I36)," ",I36)) | J137: =IF(LEFT(J36,1)="<",VALUE(SUBSTITUTE(J36,"<","")), IF(ISBLANK(J36)," ",J36)) | K137: =IF(LEFT(K36,1)="<",VALUE(SUBSTITUTE(K36,"<","")), IF(ISBLANK(K36)," ",K36)) | L137: =IF(LEFT(L36,1)="<",VALUE(SUBSTITUTE(L36,"<","")), IF(ISBLANK(L36)," ",L36)) | ... S137: =IF(LEFT(S36,1)="<",VALUE(SUBSTITUTE(S36,"<","")), IF(ISBLANK(S36)," ",S36))

Sheet PPI 004
A1: Permit No.: | C1: WQ0028798 | E1: Facility Name: | G1: Booth Mountain Development | L1: County: | M1: Chatham | O1: Month: | R1: Year:
A2: PPI: | C2: 004 | D2: Flow Measuring Point: | K2: Parameter Monitoring Point:
A3: Parameter Code | D3: 50050 | E3: 00310 | F3: 00940 | G3: 50060 | H3: 31616 | I3: 00610 | J3: 00620 | K3: 00400 | L3: 70300 | M3: 00530 | N3: 00076
A4: Day | B4: ORC Arrival Time | C4: ORC Time On Site | D4: Flow | E4: =IF(ISBLANK(E$3), " ", VLOOKUP(E$3,'PCS Parameter Codes'!$A$1:$D$76,2,FALSE)) -> BOD5 | F4: =IF(ISBLANK(F$3), " ", VLOOKUP(F$3,'PCS Parameter Codes'!$A$1:$D$76,2,FALSE)) -> Chloride | G4: =IF(ISBLANK(G$3), " ", VLOOKUP(G$3,'PCS Parameter Codes'!$A$1:$D$76,2,FALSE)) -> Total Residual Chlorine | H4: =IF(ISBLANK(H$3), " ", VLOOKUP(H$3,'PCS Parameter Codes'!$A$1:$D$76,2,FALSE)) -> Fecal Coliform | I4: =IF(ISBLANK(I$3), " ", VLOOKUP(I$3,'PCS Parameter Codes'!$A$1:$D$76,2,FALSE)) -> Ammonia | J4: =IF(ISBLANK(J$3), " ", VLOOKUP(J$3,'PCS Parameter Codes'!$A$1:$D$76,2,FALSE)) -> Nitrate | K4: =IF(ISBLANK(K$3), " ", VLOOKUP(K$3,'PCS Parameter Codes'!$A$1:$D$76,2,FALSE)) -> pH | L4: =IF(ISBLANK(L$3), " ", VLOOKUP(L$3,'PCS Parameter Codes'!$A$1:$D$76,2,FALSE)) -> Total Dissolved Solids | ... S4: =IF(ISBLANK(S$3), " ", VLOOKUP(S$3,'PCS Parameter Codes'!$A$1:$D$76,2,FALSE))
B5: 24-hr | C5: hrs | D5: GPD | E5: =IF(ISBLANK(E$3), " ", VLOOKUP(E$3,'PCS Parameter Codes'!$A$1:$D$76,4,FALSE)) -> mg/L | F5: =IF(ISBLANK(F$3), " ", VLOOKUP(F$3,'PCS Parameter Codes'!$A$1:$D$76,4,FALSE)) -> mg/L | G5: =IF(ISBLANK(G$3), " ", VLOOKUP(G$3,'PCS Parameter Codes'!$A$1:$D$76,4,FALSE)) -> mg/L | H5: =IF(ISBLANK(H$3), " ", VLOOKUP(H$3,'PCS Parameter Codes'!$A$1:$D$76,4,FALSE)) -> #/100 mL | I5: =IF(ISBLANK(I$3), " ", VLOOKUP(I$3,'PCS Parameter Codes'!$A$1:$D$76,4,FALSE)) -> mg/L | J5: =IF(ISBLANK(J$3), " ", VLOOKUP(J$3,'PCS Parameter Codes'!$A$1:$D$76,4,FALSE)) -> mg/L | K5: =IF(ISBLANK(K$3), " ", VLOOKUP(K$3,'PCS Parameter Codes'!$A$1:$D$76,4,FALSE)) -> su | L5: =IF(ISBLANK(L$3), " ", VLOOKUP(L$3,'PCS Parameter Codes'!$A$1:$D$76,4,FALSE)) -> mg/L | ... S5: =IF(ISBLANK(S$3), " ", VLOOKUP(S$3,'PCS Parameter Codes'!$A$1:$D$76,4,FALSE))
A6: 1
A7: 2
A8: 3
A9: 4
A10: 5
A11: 6
A12: 7
A13: 8
A14: 9
A15: 10
A16: 11
A17: 12
... A36: 31
A37: Average: | D37: =IF(ISBLANK($P$1)," ",AVERAGE(D6:D36)) | E37: =IF(ISBLANK($C$1)," ", IF(COUNT(E45:E75)=0, " ", IF(E$4="pH"," ", IF(E$4="Fecal Coliform", GEOMEAN(E76:E106), IF(E$4="Total Coliform", GEOMEAN(E76:E106), AVERAGE(E45:E75)))))) | F37: =IF(ISBLANK($C$1)," ", IF(COUNT(F45:F75)=0, " ", IF(F$4="pH"," ", IF(F$4="Fecal Coliform", GEOMEAN(F76:F106), IF(F$4="Total Coliform", GEOMEAN(F76:F106), AVERAGE(F45:F75)))))) | G37: =IF(ISBLANK($C$1)," ", IF(COUNT(G45:G75)=0, " ", IF(G$4="pH"," ", IF(G$4="Fecal Coliform", GEOMEAN(G76:G106), IF(G$4="Total Coliform", GEOMEAN(G76:G106), AVERAGE(G45:G75)))))) | H37: =IF(ISBLANK($C$1)," ", IF(COUNT(H45:H75)=0, " ", IF(H$4="pH"," ", IF(H$4="Fecal Coliform", GEOMEAN(H76:H106), IF(H$4="Total Coliform", GEOMEAN(H76:H106), AVERAGE(H45:H75)))))) | I37: =IF(ISBLANK($C$1)," ", IF(COUNT(I45:I75)=0, " ", IF(I$4="pH"," ", IF(I$4="Fecal Coliform", GEOMEAN(I76:I106), IF(I$4="Total Coliform", GEOMEAN(I76:I106), AVERAGE(I45:I75)))))) | J37: =IF(ISBLANK($C$1)," ", IF(COUNT(J45:J75)=0, " ", IF(J$4="pH"," ", IF(J$4="Fecal Coliform", GEOMEAN(J76:J106), IF(J$4="Total Coliform", GEOMEAN(J76:J106), AVERAGE(J45:J75)))))) | K37: =IF(ISBLANK($C$1)," ", IF(COUNT(K45:K75)=0, " ", IF(K$4="pH"," ", IF(K$4="Fecal Coliform", GEOMEAN(K76:K106), IF(K$4="Total Coliform", GEOMEAN(K76:K106), AVERAGE(K45:K75)))))) | L37: =IF(ISBLANK($C$1)," ", IF(COUNT(L45:L75)=0, " ", IF(L$4="pH"," ", IF(L$4="Fecal Coliform", GEOMEAN(L76:L106), IF(L$4="Total Coliform", GEOMEAN(L76:L106), AVERAGE(L45:L75)))))) | ... S37: =IF(ISBLANK($C$1)," ", IF(COUNT(S45:S75)=0, " ", IF(S$4="pH"," ", IF(S$4="Fecal Coliform", GEOMEAN(S76:S106), IF(S$4="Total Coliform", GEOMEAN(S76:S106), AVERAGE(S45:S75))))))
A38: Daily Maximum: | D38: =IF(ISBLANK($P$1)," ",MAX(D6:D36)) | E38: =IF(ISBLANK($C$1)," ", IF(COUNT(E45:E75)=0, " ", MAX(E107:E137))) | F38: =IF(ISBLANK($C$1)," ", IF(COUNT(F45:F75)=0, " ", MAX(F107:F137))) | G38: =IF(ISBLANK($C$1)," ", IF(COUNT(G45:G75)=0, " ", MAX(G107:G137))) | H38: =IF(ISBLANK($C$1)," ", IF(COUNT(H45:H75)=0, " ", MAX(H107:H137))) | I38: =IF(ISBLANK($C$1)," ", IF(COUNT(I45:I75)=0, " ", MAX(I107:I137))) | J38: =IF(ISBLANK($C$1)," ", IF(COUNT(J45:J75)=0, " ", MAX(J107:J137))) | K38: =IF(ISBLANK($C$1)," ", IF(COUNT(K45:K75)=0, " ", MAX(K107:K137))) | L38: =IF(ISBLANK($C$1)," ", IF(COUNT(L45:L75)=0, " ", MAX(L107:L137))) | ... S38: =IF(ISBLANK($C$1)," ", IF(COUNT(S45:S75)=0, " ", MAX(S107:S137)))
A39: Daily Minimum: | D39: =IF(ISBLANK($P$1)," ",MIN(D6:D36)) | E39: =IF(ISBLANK($C$1)," ", IF(COUNT(E45:E75)=0, " ", MIN(E107:E137))) | F39: =IF(ISBLANK($C$1)," ", IF(COUNT(F45:F75)=0, " ", MIN(F107:F137))) | G39: =IF(ISBLANK($C$1)," ", IF(COUNT(G45:G75)=0, " ", MIN(G107:G137))) | H39: =IF(ISBLANK($C$1)," ", IF(COUNT(H45:H75)=0, " ", MIN(H107:H137))) | I39: =IF(ISBLANK($C$1)," ", IF(COUNT(I45:I75)=0, " ", MIN(I107:I137))) | J39: =IF(ISBLANK($C$1)," ", IF(COUNT(J45:J75)=0, " ", MIN(J107:J137))) | K39: =IF(ISBLANK($C$1)," ", IF(COUNT(K45:K75)=0, " ", MIN(K107:K137))) | L39: =IF(ISBLANK($C$1)," ", IF(COUNT(L45:L75)=0, " ", MIN(L107:L137))) | ... S39: =IF(ISBLANK($C$1)," ", IF(COUNT(S45:S75)=0, " ", MIN(S107:S137)))
A40: Sampling Type: | D40: Recorder | E40: Composite | F40: Composite | G40: Grab | H40: Grab | I40: Composite | J40: Composite | K40: Grab | L40: Composite | M40: Composite | N40: Recorder
A41: Monthly Avg. Limit: | D41: 66000 | E41: 10 | H41: 14 | I41: 4 | M41: 5
A42: Daily Limit: | E42: 15 | H42: 25 | I42: 6 | K42: 6-9 | M42: 10 | N42: 10
A43: Sample Frequency: | D43: Continuous | E43: Monthly | F43: 4 x Year | G43: 5 x Week | H43: Monthly | I43: Monthly | J43: Monthly | K43: 5 x Week | L43: 4 x Year | M43: Monthly | N43: Continuous
C45: Average | E45: =IF(ISBLANK(E6), " ",IF(ISTEXT(E6),0,E6)) | F45: =IF(ISBLANK(F6), " ",IF(ISTEXT(F6),0,F6)) | G45: =IF(ISBLANK(G6), " ",IF(ISTEXT(G6),0,G6)) | H45: =IF(ISBLANK(H6), " ",IF(ISTEXT(H6),0,H6)) | I45: =IF(ISBLANK(I6), " ",IF(ISTEXT(I6),0,I6)) | J45: =IF(ISBLANK(J6), " ",IF(ISTEXT(J6),0,J6)) | K45: =IF(ISBLANK(K6), " ",IF(ISTEXT(K6),0,K6)) | L45: =IF(ISBLANK(L6), " ",IF(ISTEXT(L6),0,L6)) | ... S45: =IF(ISBLANK(S6), " ",IF(ISTEXT(S6),0,S6))
E46: =IF(ISBLANK(E7), " ",IF(ISTEXT(E7),0,E7)) | F46: =IF(ISBLANK(F7), " ",IF(ISTEXT(F7),0,F7)) | G46: =IF(ISBLANK(G7), " ",IF(ISTEXT(G7),0,G7)) | H46: =IF(ISBLANK(H7), " ",IF(ISTEXT(H7),0,H7)) | I46: =IF(ISBLANK(I7), " ",IF(ISTEXT(I7),0,I7)) | J46: =IF(ISBLANK(J7), " ",IF(ISTEXT(J7),0,J7)) | K46: =IF(ISBLANK(K7), " ",IF(ISTEXT(K7),0,K7)) | L46: =IF(ISBLANK(L7), " ",IF(ISTEXT(L7),0,L7)) | ... S46: =IF(ISBLANK(S7), " ",IF(ISTEXT(S7),0,S7))
E47: =IF(ISBLANK(E8), " ",IF(ISTEXT(E8),0,E8)) | F47: =IF(ISBLANK(F8), " ",IF(ISTEXT(F8),0,F8)) | G47: =IF(ISBLANK(G8), " ",IF(ISTEXT(G8),0,G8)) | H47: =IF(ISBLANK(H8), " ",IF(ISTEXT(H8),0,H8)) | I47: =IF(ISBLANK(I8), " ",IF(ISTEXT(I8),0,I8)) | J47: =IF(ISBLANK(J8), " ",IF(ISTEXT(J8),0,J8)) | K47: =IF(ISBLANK(K8), " ",IF(ISTEXT(K8),0,K8)) | L47: =IF(ISBLANK(L8), " ",IF(ISTEXT(L8),0,L8)) | ... S47: =IF(ISBLANK(S8), " ",IF(ISTEXT(S8),0,S8))
E48: =IF(ISBLANK(E9), " ",IF(ISTEXT(E9),0,E9)) | F48: =IF(ISBLANK(F9), " ",IF(ISTEXT(F9),0,F9)) | G48: =IF(ISBLANK(G9), " ",IF(ISTEXT(G9),0,G9)) | H48: =IF(ISBLANK(H9), " ",IF(ISTEXT(H9),0,H9)) | I48: =IF(ISBLANK(I9), " ",IF(ISTEXT(I9),0,I9)) | J48: =IF(ISBLANK(J9), " ",IF(ISTEXT(J9),0,J9)) | K48: =IF(ISBLANK(K9), " ",IF(ISTEXT(K9),0,K9)) | L48: =IF(ISBLANK(L9), " ",IF(ISTEXT(L9),0,L9)) | ... S48: =IF(ISBLANK(S9), " ",IF(ISTEXT(S9),0,S9))
E49: =IF(ISBLANK(E10), " ",IF(ISTEXT(E10),0,E10)) | F49: =IF(ISBLANK(F10), " ",IF(ISTEXT(F10),0,F10)) | G49: =IF(ISBLANK(G10), " ",IF(ISTEXT(G10),0,G10)) | H49: =IF(ISBLANK(H10), " ",IF(ISTEXT(H10),0,H10)) | I49: =IF(ISBLANK(I10), " ",IF(ISTEXT(I10),0,I10)) | J49: =IF(ISBLANK(J10), " ",IF(ISTEXT(J10),0,J10)) | K49: =IF(ISBLANK(K10), " ",IF(ISTEXT(K10),0,K10)) | L49: =IF(ISBLANK(L10), " ",IF(ISTEXT(L10),0,L10)) | ... S49: =IF(ISBLANK(S10), " ",IF(ISTEXT(S10),0,S10))
E50: =IF(ISBLANK(E11), " ",IF(ISTEXT(E11),0,E11)) | F50: =IF(ISBLANK(F11), " ",IF(ISTEXT(F11),0,F11)) | G50: =IF(ISBLANK(G11), " ",IF(ISTEXT(G11),0,G11)) | H50: =IF(ISBLANK(H11), " ",IF(ISTEXT(H11),0,H11)) | I50: =IF(ISBLANK(I11), " ",IF(ISTEXT(I11),0,I11)) | J50: =IF(ISBLANK(J11), " ",IF(ISTEXT(J11),0,J11)) | K50: =IF(ISBLANK(K11), " ",IF(ISTEXT(K11),0,K11)) | L50: =IF(ISBLANK(L11), " ",IF(ISTEXT(L11),0,L11)) | ... S50: =IF(ISBLANK(S11), " ",IF(ISTEXT(S11),0,S11))
E51: =IF(ISBLANK(E12), " ",IF(ISTEXT(E12),0,E12)) | F51: =IF(ISBLANK(F12), " ",IF(ISTEXT(F12),0,F12)) | G51: =IF(ISBLANK(G12), " ",IF(ISTEXT(G12),0,G12)) | H51: =IF(ISBLANK(H12), " ",IF(ISTEXT(H12),0,H12)) | I51: =IF(ISBLANK(I12), " ",IF(ISTEXT(I12),0,I12)) | J51: =IF(ISBLANK(J12), " ",IF(ISTEXT(J12),0,J12)) | K51: =IF(ISBLANK(K12), " ",IF(ISTEXT(K12),0,K12)) | L51: =IF(ISBLANK(L12), " ",IF(ISTEXT(L12),0,L12)) | ... S51: =IF(ISBLANK(S12), " ",IF(ISTEXT(S12),0,S12))
E52: =IF(ISBLANK(E13), " ",IF(ISTEXT(E13),0,E13)) | F52: =IF(ISBLANK(F13), " ",IF(ISTEXT(F13),0,F13)) | G52: =IF(ISBLANK(G13), " ",IF(ISTEXT(G13),0,G13)) | H52: =IF(ISBLANK(H13), " ",IF(ISTEXT(H13),0,H13)) | I52: =IF(ISBLANK(I13), " ",IF(ISTEXT(I13),0,I13)) | J52: =IF(ISBLANK(J13), " ",IF(ISTEXT(J13),0,J13)) | K52: =IF(ISBLANK(K13), " ",IF(ISTEXT(K13),0,K13)) | L52: =IF(ISBLANK(L13), " ",IF(ISTEXT(L13),0,L13)) | ... S52: =IF(ISBLANK(S13), " ",IF(ISTEXT(S13),0,S13))
E53: =IF(ISBLANK(E14), " ",IF(ISTEXT(E14),0,E14)) | F53: =IF(ISBLANK(F14), " ",IF(ISTEXT(F14),0,F14)) | G53: =IF(ISBLANK(G14), " ",IF(ISTEXT(G14),0,G14)) | H53: =IF(ISBLANK(H14), " ",IF(ISTEXT(H14),0,H14)) | I53: =IF(ISBLANK(I14), " ",IF(ISTEXT(I14),0,I14)) | J53: =IF(ISBLANK(J14), " ",IF(ISTEXT(J14),0,J14)) | K53: =IF(ISBLANK(K14), " ",IF(ISTEXT(K14),0,K14)) | L53: =IF(ISBLANK(L14), " ",IF(ISTEXT(L14),0,L14)) | ... S53: =IF(ISBLANK(S14), " ",IF(ISTEXT(S14),0,S14))
E54: =IF(ISBLANK(E15), " ",IF(ISTEXT(E15),0,E15)) | F54: =IF(ISBLANK(F15), " ",IF(ISTEXT(F15),0,F15)) | G54: =IF(ISBLANK(G15), " ",IF(ISTEXT(G15),0,G15)) | H54: =IF(ISBLANK(H15), " ",IF(ISTEXT(H15),0,H15)) | I54: =IF(ISBLANK(I15), " ",IF(ISTEXT(I15),0,I15)) | J54: =IF(ISBLANK(J15), " ",IF(ISTEXT(J15),0,J15)) | K54: =IF(ISBLANK(K15), " ",IF(ISTEXT(K15),0,K15)) | L54: =IF(ISBLANK(L15), " ",IF(ISTEXT(L15),0,L15)) | ... S54: =IF(ISBLANK(S15), " ",IF(ISTEXT(S15),0,S15))
E55: =IF(ISBLANK(E16), " ",IF(ISTEXT(E16),0,E16)) | F55: =IF(ISBLANK(F16), " ",IF(ISTEXT(F16),0,F16)) | G55: =IF(ISBLANK(G16), " ",IF(ISTEXT(G16),0,G16)) | H55: =IF(ISBLANK(H16), " ",IF(ISTEXT(H16),0,H16)) | I55: =IF(ISBLANK(I16), " ",IF(ISTEXT(I16),0,I16)) | J55: =IF(ISBLANK(J16), " ",IF(ISTEXT(J16),0,J16)) | K55: =IF(ISBLANK(K16), " ",IF(ISTEXT(K16),0,K16)) | L55: =IF(ISBLANK(L16), " ",IF(ISTEXT(L16),0,L16)) | ... S55: =IF(ISBLANK(S16), " ",IF(ISTEXT(S16),0,S16))
E56: =IF(ISBLANK(E17), " ",IF(ISTEXT(E17),0,E17)) | F56: =IF(ISBLANK(F17), " ",IF(ISTEXT(F17),0,F17)) | G56: =IF(ISBLANK(G17), " ",IF(ISTEXT(G17),0,G17)) | H56: =IF(ISBLANK(H17), " ",IF(ISTEXT(H17),0,H17)) | I56: =IF(ISBLANK(I17), " ",IF(ISTEXT(I17),0,I17)) | J56: =IF(ISBLANK(J17), " ",IF(ISTEXT(J17),0,J17)) | K56: =IF(ISBLANK(K17), " ",IF(ISTEXT(K17),0,K17)) | L56: =IF(ISBLANK(L17), " ",IF(ISTEXT(L17),0,L17)) | ... S56: =IF(ISBLANK(S17), " ",IF(ISTEXT(S17),0,S17))
E57: =IF(ISBLANK(E18), " ",IF(ISTEXT(E18),0,E18)) | F57: =IF(ISBLANK(F18), " ",IF(ISTEXT(F18),0,F18)) | G57: =IF(ISBLANK(G18), " ",IF(ISTEXT(G18),0,G18)) | H57: =IF(ISBLANK(H18), " ",IF(ISTEXT(H18),0,H18)) | I57: =IF(ISBLANK(I18), " ",IF(ISTEXT(I18),0,I18)) | J57: =IF(ISBLANK(J18), " ",IF(ISTEXT(J18),0,J18)) | K57: =IF(ISBLANK(K18), " ",IF(ISTEXT(K18),0,K18)) | L57: =IF(ISBLANK(L18), " ",IF(ISTEXT(L18),0,L18)) | ... S57: =IF(ISBLANK(S18), " ",IF(ISTEXT(S18),0,S18))
... E75: =IF(ISBLANK(E36), " ",IF(ISTEXT(E36),0,E36)) | F75: =IF(ISBLANK(F36), " ",IF(ISTEXT(F36),0,F36)) | G75: =IF(ISBLANK(G36), " ",IF(ISTEXT(G36),0,G36)) | H75: =IF(ISBLANK(H36), " ",IF(ISTEXT(H36),0,H36)) | I75: =IF(ISBLANK(I36), " ",IF(ISTEXT(I36),0,I36)) | J75: =IF(ISBLANK(J36), " ",IF(ISTEXT(J36),0,J36)) | K75: =IF(ISBLANK(K36), " ",IF(ISTEXT(K36),0,K36)) | L75: =IF(ISBLANK(L36), " ",IF(ISTEXT(L36),0,L36)) | ... S75: =IF(ISBLANK(S36), " ",IF(ISTEXT(S36),0,S36))
C76: Geomean | E76: =IF(ISBLANK(E6)," ",IF(ISTEXT(E6),1,E6)) | F76: =IF(ISBLANK(F6)," ",IF(ISTEXT(F6),1,F6)) | G76: =IF(ISBLANK(G6)," ",IF(ISTEXT(G6),1,G6)) | H76: =IF(ISBLANK(H6)," ",IF(ISTEXT(H6),1,H6)) | I76: =IF(ISBLANK(I6)," ",IF(ISTEXT(I6),1,I6)) | J76: =IF(ISBLANK(J6)," ",IF(ISTEXT(J6),1,J6)) | K76: =IF(ISBLANK(K6)," ",IF(ISTEXT(K6),1,K6)) | L76: =IF(ISBLANK(L6)," ",IF(ISTEXT(L6),1,L6)) | ... S76: =IF(ISBLANK(S6)," ",IF(ISTEXT(S6),1,S6))
E77: =IF(ISBLANK(E7)," ",IF(ISTEXT(E7),1,E7)) | F77: =IF(ISBLANK(F7)," ",IF(ISTEXT(F7),1,F7)) | G77: =IF(ISBLANK(G7)," ",IF(ISTEXT(G7),1,G7)) | H77: =IF(ISBLANK(H7)," ",IF(ISTEXT(H7),1,H7)) | I77: =IF(ISBLANK(I7)," ",IF(ISTEXT(I7),1,I7)) | J77: =IF(ISBLANK(J7)," ",IF(ISTEXT(J7),1,J7)) | K77: =IF(ISBLANK(K7)," ",IF(ISTEXT(K7),1,K7)) | L77: =IF(ISBLANK(L7)," ",IF(ISTEXT(L7),1,L7)) | ... S77: =IF(ISBLANK(S7)," ",IF(ISTEXT(S7),1,S7))
E78: =IF(ISBLANK(E8)," ",IF(ISTEXT(E8),1,E8)) | F78: =IF(ISBLANK(F8)," ",IF(ISTEXT(F8),1,F8)) | G78: =IF(ISBLANK(G8)," ",IF(ISTEXT(G8),1,G8)) | H78: =IF(ISBLANK(H8)," ",IF(ISTEXT(H8),1,H8)) | I78: =IF(ISBLANK(I8)," ",IF(ISTEXT(I8),1,I8)) | J78: =IF(ISBLANK(J8)," ",IF(ISTEXT(J8),1,J8)) | K78: =IF(ISBLANK(K8)," ",IF(ISTEXT(K8),1,K8)) | L78: =IF(ISBLANK(L8)," ",IF(ISTEXT(L8),1,L8)) | ... S78: =IF(ISBLANK(S8)," ",IF(ISTEXT(S8),1,S8))
E79: =IF(ISBLANK(E9)," ",IF(ISTEXT(E9),1,E9)) | F79: =IF(ISBLANK(F9)," ",IF(ISTEXT(F9),1,F9)) | G79: =IF(ISBLANK(G9)," ",IF(ISTEXT(G9),1,G9)) | H79: =IF(ISBLANK(H9)," ",IF(ISTEXT(H9),1,H9)) | I79: =IF(ISBLANK(I9)," ",IF(ISTEXT(I9),1,I9)) | J79: =IF(ISBLANK(J9)," ",IF(ISTEXT(J9),1,J9)) | K79: =IF(ISBLANK(K9)," ",IF(ISTEXT(K9),1,K9)) | L79: =IF(ISBLANK(L9)," ",IF(ISTEXT(L9),1,L9)) | ... S79: =IF(ISBLANK(S9)," ",IF(ISTEXT(S9),1,S9))
E80: =IF(ISBLANK(E10)," ",IF(ISTEXT(E10),1,E10)) | F80: =IF(ISBLANK(F10)," ",IF(ISTEXT(F10),1,F10)) | G80: =IF(ISBLANK(G10)," ",IF(ISTEXT(G10),1,G10)) | H80: =IF(ISBLANK(H10)," ",IF(ISTEXT(H10),1,H10)) | I80: =IF(ISBLANK(I10)," ",IF(ISTEXT(I10),1,I10)) | J80: =IF(ISBLANK(J10)," ",IF(ISTEXT(J10),1,J10)) | K80: =IF(ISBLANK(K10)," ",IF(ISTEXT(K10),1,K10)) | L80: =IF(ISBLANK(L10)," ",IF(ISTEXT(L10),1,L10)) | ... S80: =IF(ISBLANK(S10)," ",IF(ISTEXT(S10),1,S10))
E81: =IF(ISBLANK(E11)," ",IF(ISTEXT(E11),1,E11)) | F81: =IF(ISBLANK(F11)," ",IF(ISTEXT(F11),1,F11)) | G81: =IF(ISBLANK(G11)," ",IF(ISTEXT(G11),1,G11)) | H81: =IF(ISBLANK(H11)," ",IF(ISTEXT(H11),1,H11)) | I81: =IF(ISBLANK(I11)," ",IF(ISTEXT(I11),1,I11)) | J81: =IF(ISBLANK(J11)," ",IF(ISTEXT(J11),1,J11)) | K81: =IF(ISBLANK(K11)," ",IF(ISTEXT(K11),1,K11)) | L81: =IF(ISBLANK(L11)," ",IF(ISTEXT(L11),1,L11)) | ... S81: =IF(ISBLANK(S11)," ",IF(ISTEXT(S11),1,S11))
E82: =IF(ISBLANK(E12)," ",IF(ISTEXT(E12),1,E12)) | F82: =IF(ISBLANK(F12)," ",IF(ISTEXT(F12),1,F12)) | G82: =IF(ISBLANK(G12)," ",IF(ISTEXT(G12),1,G12)) | H82: =IF(ISBLANK(H12)," ",IF(ISTEXT(H12),1,H12)) | I82: =IF(ISBLANK(I12)," ",IF(ISTEXT(I12),1,I12)) | J82: =IF(ISBLANK(J12)," ",IF(ISTEXT(J12),1,J12)) | K82: =IF(ISBLANK(K12)," ",IF(ISTEXT(K12),1,K12)) | L82: =IF(ISBLANK(L12)," ",IF(ISTEXT(L12),1,L12)) | ... S82: =IF(ISBLANK(S12)," ",IF(ISTEXT(S12),1,S12))
E83: =IF(ISBLANK(E13)," ",IF(ISTEXT(E13),1,E13)) | F83: =IF(ISBLANK(F13)," ",IF(ISTEXT(F13),1,F13)) | G83: =IF(ISBLANK(G13)," ",IF(ISTEXT(G13),1,G13)) | H83: =IF(ISBLANK(H13)," ",IF(ISTEXT(H13),1,H13)) | I83: =IF(ISBLANK(I13)," ",IF(ISTEXT(I13),1,I13)) | J83: =IF(ISBLANK(J13)," ",IF(ISTEXT(J13),1,J13)) | K83: =IF(ISBLANK(K13)," ",IF(ISTEXT(K13),1,K13)) | L83: =IF(ISBLANK(L13)," ",IF(ISTEXT(L13),1,L13)) | ... S83: =IF(ISBLANK(S13)," ",IF(ISTEXT(S13),1,S13))
E84: =IF(ISBLANK(E14)," ",IF(ISTEXT(E14),1,E14)) | F84: =IF(ISBLANK(F14)," ",IF(ISTEXT(F14),1,F14)) | G84: =IF(ISBLANK(G14)," ",IF(ISTEXT(G14),1,G14)) | H84: =IF(ISBLANK(H14)," ",IF(ISTEXT(H14),1,H14)) | I84: =IF(ISBLANK(I14)," ",IF(ISTEXT(I14),1,I14)) | J84: =IF(ISBLANK(J14)," ",IF(ISTEXT(J14),1,J14)) | K84: =IF(ISBLANK(K14)," ",IF(ISTEXT(K14),1,K14)) | L84: =IF(ISBLANK(L14)," ",IF(ISTEXT(L14),1,L14)) | ... S84: =IF(ISBLANK(S14)," ",IF(ISTEXT(S14),1,S14))
E85: =IF(ISBLANK(E15)," ",IF(ISTEXT(E15),1,E15)) | F85: =IF(ISBLANK(F15)," ",IF(ISTEXT(F15),1,F15)) | G85: =IF(ISBLANK(G15)," ",IF(ISTEXT(G15),1,G15)) | H85: =IF(ISBLANK(H15)," ",IF(ISTEXT(H15),1,H15)) | I85: =IF(ISBLANK(I15)," ",IF(ISTEXT(I15),1,I15)) | J85: =IF(ISBLANK(J15)," ",IF(ISTEXT(J15),1,J15)) | K85: =IF(ISBLANK(K15)," ",IF(ISTEXT(K15),1,K15)) | L85: =IF(ISBLANK(L15)," ",IF(ISTEXT(L15),1,L15)) | ... S85: =IF(ISBLANK(S15)," ",IF(ISTEXT(S15),1,S15))
E86: =IF(ISBLANK(E16)," ",IF(ISTEXT(E16),1,E16)) | F86: =IF(ISBLANK(F16)," ",IF(ISTEXT(F16),1,F16)) | G86: =IF(ISBLANK(G16)," ",IF(ISTEXT(G16),1,G16)) | H86: =IF(ISBLANK(H16)," ",IF(ISTEXT(H16),1,H16)) | I86: =IF(ISBLANK(I16)," ",IF(ISTEXT(I16),1,I16)) | J86: =IF(ISBLANK(J16)," ",IF(ISTEXT(J16),1,J16)) | K86: =IF(ISBLANK(K16)," ",IF(ISTEXT(K16),1,K16)) | L86: =IF(ISBLANK(L16)," ",IF(ISTEXT(L16),1,L16)) | ... S86: =IF(ISBLANK(S16)," ",IF(ISTEXT(S16),1,S16))
E87: =IF(ISBLANK(E17)," ",IF(ISTEXT(E17),1,E17)) | F87: =IF(ISBLANK(F17)," ",IF(ISTEXT(F17),1,F17)) | G87: =IF(ISBLANK(G17)," ",IF(ISTEXT(G17),1,G17)) | H87: =IF(ISBLANK(H17)," ",IF(ISTEXT(H17),1,H17)) | I87: =IF(ISBLANK(I17)," ",IF(ISTEXT(I17),1,I17)) | J87: =IF(ISBLANK(J17)," ",IF(ISTEXT(J17),1,J17)) | K87: =IF(ISBLANK(K17)," ",IF(ISTEXT(K17),1,K17)) | L87: =IF(ISBLANK(L17)," ",IF(ISTEXT(L17),1,L17)) | ... S87: =IF(ISBLANK(S17)," ",IF(ISTEXT(S17),1,S17))
E88: =IF(ISBLANK(E18)," ",IF(ISTEXT(E18),1,E18)) | F88: =IF(ISBLANK(F18)," ",IF(ISTEXT(F18),1,F18)) | G88: =IF(ISBLANK(G18)," ",IF(ISTEXT(G18),1,G18)) | H88: =IF(ISBLANK(H18)," ",IF(ISTEXT(H18),1,H18)) | I88: =IF(ISBLANK(I18)," ",IF(ISTEXT(I18),1,I18)) | J88: =IF(ISBLANK(J18)," ",IF(ISTEXT(J18),1,J18)) | K88: =IF(ISBLANK(K18)," ",IF(ISTEXT(K18),1,K18)) | L88: =IF(ISBLANK(L18)," ",IF(ISTEXT(L18),1,L18)) | ... S88: =IF(ISBLANK(S18)," ",IF(ISTEXT(S18),1,S18))
... E106: =IF(ISBLANK(E36)," ",IF(ISTEXT(E36),1,E36)) | F106: =IF(ISBLANK(F36)," ",IF(ISTEXT(F36),1,F36)) | G106: =IF(ISBLANK(G36)," ",IF(ISTEXT(G36),1,G36)) | H106: =IF(ISBLANK(H36)," ",IF(ISTEXT(H36),1,H36)) | I106: =IF(ISBLANK(I36)," ",IF(ISTEXT(I36),1,I36)) | J106: =IF(ISBLANK(J36)," ",IF(ISTEXT(J36),1,J36)) | K106: =IF(ISBLANK(K36)," ",IF(ISTEXT(K36),1,K36)) | L106: =IF(ISBLANK(L36)," ",IF(ISTEXT(L36),1,L36)) | ... S106: =IF(ISBLANK(S36)," ",IF(ISTEXT(S36),1,S36))
C107: MAX/MIN | E107: =IF(LEFT(E6,1)="<",VALUE(SUBSTITUTE(E6,"<","")), IF(ISBLANK(E6)," ",E6)) | F107: =IF(LEFT(F6,1)="<",VALUE(SUBSTITUTE(F6,"<","")), IF(ISBLANK(F6)," ",F6)) | G107: =IF(LEFT(G6,1)="<",VALUE(SUBSTITUTE(G6,"<","")), IF(ISBLANK(G6)," ",G6)) | H107: =IF(LEFT(H6,1)="<",VALUE(SUBSTITUTE(H6,"<","")), IF(ISBLANK(H6)," ",H6)) | I107: =IF(LEFT(I6,1)="<",VALUE(SUBSTITUTE(I6,"<","")), IF(ISBLANK(I6)," ",I6)) | J107: =IF(LEFT(J6,1)="<",VALUE(SUBSTITUTE(J6,"<","")), IF(ISBLANK(J6)," ",J6)) | K107: =IF(LEFT(K6,1)="<",VALUE(SUBSTITUTE(K6,"<","")), IF(ISBLANK(K6)," ",K6)) | L107: =IF(LEFT(L6,1)="<",VALUE(SUBSTITUTE(L6,"<","")), IF(ISBLANK(L6)," ",L6)) | ... S107: =IF(LEFT(S6,1)="<",VALUE(SUBSTITUTE(S6,"<","")), IF(ISBLANK(S6)," ",S6))
E108: =IF(LEFT(E7,1)="<",VALUE(SUBSTITUTE(E7,"<","")), IF(ISBLANK(E7)," ",E7)) | F108: =IF(LEFT(F7,1)="<",VALUE(SUBSTITUTE(F7,"<","")), IF(ISBLANK(F7)," ",F7)) | G108: =IF(LEFT(G7,1)="<",VALUE(SUBSTITUTE(G7,"<","")), IF(ISBLANK(G7)," ",G7)) | H108: =IF(LEFT(H7,1)="<",VALUE(SUBSTITUTE(H7,"<","")), IF(ISBLANK(H7)," ",H7)) | I108: =IF(LEFT(I7,1)="<",VALUE(SUBSTITUTE(I7,"<","")), IF(ISBLANK(I7)," ",I7)) | J108: =IF(LEFT(J7,1)="<",VALUE(SUBSTITUTE(J7,"<","")), IF(ISBLANK(J7)," ",J7)) | K108: =IF(LEFT(K7,1)="<",VALUE(SUBSTITUTE(K7,"<","")), IF(ISBLANK(K7)," ",K7)) | L108: =IF(LEFT(L7,1)="<",VALUE(SUBSTITUTE(L7,"<","")), IF(ISBLANK(L7)," ",L7)) | ... S108: =IF(LEFT(S7,1)="<",VALUE(SUBSTITUTE(S7,"<","")), IF(ISBLANK(S7)," ",S7))
E109: =IF(LEFT(E8,1)="<",VALUE(SUBSTITUTE(E8,"<","")), IF(ISBLANK(E8)," ",E8)) | F109: =IF(LEFT(F8,1)="<",VALUE(SUBSTITUTE(F8,"<","")), IF(ISBLANK(F8)," ",F8)) | G109: =IF(LEFT(G8,1)="<",VALUE(SUBSTITUTE(G8,"<","")), IF(ISBLANK(G8)," ",G8)) | H109: =IF(LEFT(H8,1)="<",VALUE(SUBSTITUTE(H8,"<","")), IF(ISBLANK(H8)," ",H8)) | I109: =IF(LEFT(I8,1)="<",VALUE(SUBSTITUTE(I8,"<","")), IF(ISBLANK(I8)," ",I8)) | J109: =IF(LEFT(J8,1)="<",VALUE(SUBSTITUTE(J8,"<","")), IF(ISBLANK(J8)," ",J8)) | K109: =IF(LEFT(K8,1)="<",VALUE(SUBSTITUTE(K8,"<","")), IF(ISBLANK(K8)," ",K8)) | L109: =IF(LEFT(L8,1)="<",VALUE(SUBSTITUTE(L8,"<","")), IF(ISBLANK(L8)," ",L8)) | ... S109: =IF(LEFT(S8,1)="<",VALUE(SUBSTITUTE(S8,"<","")), IF(ISBLANK(S8)," ",S8))
E110: =IF(LEFT(E9,1)="<",VALUE(SUBSTITUTE(E9,"<","")), IF(ISBLANK(E9)," ",E9)) | F110: =IF(LEFT(F9,1)="<",VALUE(SUBSTITUTE(F9,"<","")), IF(ISBLANK(F9)," ",F9)) | G110: =IF(LEFT(G9,1)="<",VALUE(SUBSTITUTE(G9,"<","")), IF(ISBLANK(G9)," ",G9)) | H110: =IF(LEFT(H9,1)="<",VALUE(SUBSTITUTE(H9,"<","")), IF(ISBLANK(H9)," ",H9)) | I110: =IF(LEFT(I9,1)="<",VALUE(SUBSTITUTE(I9,"<","")), IF(ISBLANK(I9)," ",I9)) | J110: =IF(LEFT(J9,1)="<",VALUE(SUBSTITUTE(J9,"<","")), IF(ISBLANK(J9)," ",J9)) | K110: =IF(LEFT(K9,1)="<",VALUE(SUBSTITUTE(K9,"<","")), IF(ISBLANK(K9)," ",K9)) | L110: =IF(LEFT(L9,1)="<",VALUE(SUBSTITUTE(L9,"<","")), IF(ISBLANK(L9)," ",L9)) | ... S110: =IF(LEFT(S9,1)="<",VALUE(SUBSTITUTE(S9,"<","")), IF(ISBLANK(S9)," ",S9))
E111: =IF(LEFT(E10,1)="<",VALUE(SUBSTITUTE(E10,"<","")), IF(ISBLANK(E10)," ",E10)) | F111: =IF(LEFT(F10,1)="<",VALUE(SUBSTITUTE(F10,"<","")), IF(ISBLANK(F10)," ",F10)) | G111: =IF(LEFT(G10,1)="<",VALUE(SUBSTITUTE(G10,"<","")), IF(ISBLANK(G10)," ",G10)) | H111: =IF(LEFT(H10,1)="<",VALUE(SUBSTITUTE(H10,"<","")), IF(ISBLANK(H10)," ",H10)) | I111: =IF(LEFT(I10,1)="<",VALUE(SUBSTITUTE(I10,"<","")), IF(ISBLANK(I10)," ",I10)) | J111: =IF(LEFT(J10,1)="<",VALUE(SUBSTITUTE(J10,"<","")), IF(ISBLANK(J10)," ",J10)) | K111: =IF(LEFT(K10,1)="<",VALUE(SUBSTITUTE(K10,"<","")), IF(ISBLANK(K10)," ",K10)) | L111: =IF(LEFT(L10,1)="<",VALUE(SUBSTITUTE(L10,"<","")), IF(ISBLANK(L10)," ",L10)) | ... S111: =IF(LEFT(S10,1)="<",VALUE(SUBSTITUTE(S10,"<","")), IF(ISBLANK(S10)," ",S10))
E112: =IF(LEFT(E11,1)="<",VALUE(SUBSTITUTE(E11,"<","")), IF(ISBLANK(E11)," ",E11)) | F112: =IF(LEFT(F11,1)="<",VALUE(SUBSTITUTE(F11,"<","")), IF(ISBLANK(F11)," ",F11)) | G112: =IF(LEFT(G11,1)="<",VALUE(SUBSTITUTE(G11,"<","")), IF(ISBLANK(G11)," ",G11)) | H112: =IF(LEFT(H11,1)="<",VALUE(SUBSTITUTE(H11,"<","")), IF(ISBLANK(H11)," ",H11)) | I112: =IF(LEFT(I11,1)="<",VALUE(SUBSTITUTE(I11,"<","")), IF(ISBLANK(I11)," ",I11)) | J112: =IF(LEFT(J11,1)="<",VALUE(SUBSTITUTE(J11,"<","")), IF(ISBLANK(J11)," ",J11)) | K112: =IF(LEFT(K11,1)="<",VALUE(SUBSTITUTE(K11,"<","")), IF(ISBLANK(K11)," ",K11)) | L112: =IF(LEFT(L11,1)="<",VALUE(SUBSTITUTE(L11,"<","")), IF(ISBLANK(L11)," ",L11)) | ... S112: =IF(LEFT(S11,1)="<",VALUE(SUBSTITUTE(S11,"<","")), IF(ISBLANK(S11)," ",S11))
E113: =IF(LEFT(E12,1)="<",VALUE(SUBSTITUTE(E12,"<","")), IF(ISBLANK(E12)," ",E12)) | F113: =IF(LEFT(F12,1)="<",VALUE(SUBSTITUTE(F12,"<","")), IF(ISBLANK(F12)," ",F12)) | G113: =IF(LEFT(G12,1)="<",VALUE(SUBSTITUTE(G12,"<","")), IF(ISBLANK(G12)," ",G12)) | H113: =IF(LEFT(H12,1)="<",VALUE(SUBSTITUTE(H12,"<","")), IF(ISBLANK(H12)," ",H12)) | I113: =IF(LEFT(I12,1)="<",VALUE(SUBSTITUTE(I12,"<","")), IF(ISBLANK(I12)," ",I12)) | J113: =IF(LEFT(J12,1)="<",VALUE(SUBSTITUTE(J12,"<","")), IF(ISBLANK(J12)," ",J12)) | K113: =IF(LEFT(K12,1)="<",VALUE(SUBSTITUTE(K12,"<","")), IF(ISBLANK(K12)," ",K12)) | L113: =IF(LEFT(L12,1)="<",VALUE(SUBSTITUTE(L12,"<","")), IF(ISBLANK(L12)," ",L12)) | ... S113: =IF(LEFT(S12,1)="<",VALUE(SUBSTITUTE(S12,"<","")), IF(ISBLANK(S12)," ",S12))
E114: =IF(LEFT(E13,1)="<",VALUE(SUBSTITUTE(E13,"<","")), IF(ISBLANK(E13)," ",E13)) | F114: =IF(LEFT(F13,1)="<",VALUE(SUBSTITUTE(F13,"<","")), IF(ISBLANK(F13)," ",F13)) | G114: =IF(LEFT(G13,1)="<",VALUE(SUBSTITUTE(G13,"<","")), IF(ISBLANK(G13)," ",G13)) | H114: =IF(LEFT(H13,1)="<",VALUE(SUBSTITUTE(H13,"<","")), IF(ISBLANK(H13)," ",H13)) | I114: =IF(LEFT(I13,1)="<",VALUE(SUBSTITUTE(I13,"<","")), IF(ISBLANK(I13)," ",I13)) | J114: =IF(LEFT(J13,1)="<",VALUE(SUBSTITUTE(J13,"<","")), IF(ISBLANK(J13)," ",J13)) | K114: =IF(LEFT(K13,1)="<",VALUE(SUBSTITUTE(K13,"<","")), IF(ISBLANK(K13)," ",K13)) | L114: =IF(LEFT(L13,1)="<",VALUE(SUBSTITUTE(L13,"<","")), IF(ISBLANK(L13)," ",L13)) | ... S114: =IF(LEFT(S13,1)="<",VALUE(SUBSTITUTE(S13,"<","")), IF(ISBLANK(S13)," ",S13))
E115: =IF(LEFT(E14,1)="<",VALUE(SUBSTITUTE(E14,"<","")), IF(ISBLANK(E14)," ",E14)) | F115: =IF(LEFT(F14,1)="<",VALUE(SUBSTITUTE(F14,"<","")), IF(ISBLANK(F14)," ",F14)) | G115: =IF(LEFT(G14,1)="<",VALUE(SUBSTITUTE(G14,"<","")), IF(ISBLANK(G14)," ",G14)) | H115: =IF(LEFT(H14,1)="<",VALUE(SUBSTITUTE(H14,"<","")), IF(ISBLANK(H14)," ",H14)) | I115: =IF(LEFT(I14,1)="<",VALUE(SUBSTITUTE(I14,"<","")), IF(ISBLANK(I14)," ",I14)) | J115: =IF(LEFT(J14,1)="<",VALUE(SUBSTITUTE(J14,"<","")), IF(ISBLANK(J14)," ",J14)) | K115: =IF(LEFT(K14,1)="<",VALUE(SUBSTITUTE(K14,"<","")), IF(ISBLANK(K14)," ",K14)) | L115: =IF(LEFT(L14,1)="<",VALUE(SUBSTITUTE(L14,"<","")), IF(ISBLANK(L14)," ",L14)) | ... S115: =IF(LEFT(S14,1)="<",VALUE(SUBSTITUTE(S14,"<","")), IF(ISBLANK(S14)," ",S14))
E116: =IF(LEFT(E15,1)="<",VALUE(SUBSTITUTE(E15,"<","")), IF(ISBLANK(E15)," ",E15)) | F116: =IF(LEFT(F15,1)="<",VALUE(SUBSTITUTE(F15,"<","")), IF(ISBLANK(F15)," ",F15)) | G116: =IF(LEFT(G15,1)="<",VALUE(SUBSTITUTE(G15,"<","")), IF(ISBLANK(G15)," ",G15)) | H116: =IF(LEFT(H15,1)="<",VALUE(SUBSTITUTE(H15,"<","")), IF(ISBLANK(H15)," ",H15)) | I116: =IF(LEFT(I15,1)="<",VALUE(SUBSTITUTE(I15,"<","")), IF(ISBLANK(I15)," ",I15)) | J116: =IF(LEFT(J15,1)="<",VALUE(SUBSTITUTE(J15,"<","")), IF(ISBLANK(J15)," ",J15)) | K116: =IF(LEFT(K15,1)="<",VALUE(SUBSTITUTE(K15,"<","")), IF(ISBLANK(K15)," ",K15)) | L116: =IF(LEFT(L15,1)="<",VALUE(SUBSTITUTE(L15,"<","")), IF(ISBLANK(L15)," ",L15)) | ... S116: =IF(LEFT(S15,1)="<",VALUE(SUBSTITUTE(S15,"<","")), IF(ISBLANK(S15)," ",S15))
E117: =IF(LEFT(E16,1)="<",VALUE(SUBSTITUTE(E16,"<","")), IF(ISBLANK(E16)," ",E16)) | F117: =IF(LEFT(F16,1)="<",VALUE(SUBSTITUTE(F16,"<","")), IF(ISBLANK(F16)," ",F16)) | G117: =IF(LEFT(G16,1)="<",VALUE(SUBSTITUTE(G16,"<","")), IF(ISBLANK(G16)," ",G16)) | H117: =IF(LEFT(H16,1)="<",VALUE(SUBSTITUTE(H16,"<","")), IF(ISBLANK(H16)," ",H16)) | I117: =IF(LEFT(I16,1)="<",VALUE(SUBSTITUTE(I16,"<","")), IF(ISBLANK(I16)," ",I16)) | J117: =IF(LEFT(J16,1)="<",VALUE(SUBSTITUTE(J16,"<","")), IF(ISBLANK(J16)," ",J16)) | K117: =IF(LEFT(K16,1)="<",VALUE(SUBSTITUTE(K16,"<","")), IF(ISBLANK(K16)," ",K16)) | L117: =IF(LEFT(L16,1)="<",VALUE(SUBSTITUTE(L16,"<","")), IF(ISBLANK(L16)," ",L16)) | ... S117: =IF(LEFT(S16,1)="<",VALUE(SUBSTITUTE(S16,"<","")), IF(ISBLANK(S16)," ",S16))
E118: =IF(LEFT(E17,1)="<",VALUE(SUBSTITUTE(E17,"<","")), IF(ISBLANK(E17)," ",E17)) | F118: =IF(LEFT(F17,1)="<",VALUE(SUBSTITUTE(F17,"<","")), IF(ISBLANK(F17)," ",F17)) | G118: =IF(LEFT(G17,1)="<",VALUE(SUBSTITUTE(G17,"<","")), IF(ISBLANK(G17)," ",G17)) | H118: =IF(LEFT(H17,1)="<",VALUE(SUBSTITUTE(H17,"<","")), IF(ISBLANK(H17)," ",H17)) | I118: =IF(LEFT(I17,1)="<",VALUE(SUBSTITUTE(I17,"<","")), IF(ISBLANK(I17)," ",I17)) | J118: =IF(LEFT(J17,1)="<",VALUE(SUBSTITUTE(J17,"<","")), IF(ISBLANK(J17)," ",J17)) | K118: =IF(LEFT(K17,1)="<",VALUE(SUBSTITUTE(K17,"<","")), IF(ISBLANK(K17)," ",K17)) | L118: =IF(LEFT(L17,1)="<",VALUE(SUBSTITUTE(L17,"<","")), IF(ISBLANK(L17)," ",L17)) | ... S118: =IF(LEFT(S17,1)="<",VALUE(SUBSTITUTE(S17,"<","")), IF(ISBLANK(S17)," ",S17))
E119: =IF(LEFT(E18,1)="<",VALUE(SUBSTITUTE(E18,"<","")), IF(ISBLANK(E18)," ",E18)) | F119: =IF(LEFT(F18,1)="<",VALUE(SUBSTITUTE(F18,"<","")), IF(ISBLANK(F18)," ",F18)) | G119: =IF(LEFT(G18,1)="<",VALUE(SUBSTITUTE(G18,"<","")), IF(ISBLANK(G18)," ",G18)) | H119: =IF(LEFT(H18,1)="<",VALUE(SUBSTITUTE(H18,"<","")), IF(ISBLANK(H18)," ",H18)) | I119: =IF(LEFT(I18,1)="<",VALUE(SUBSTITUTE(I18,"<","")), IF(ISBLANK(I18)," ",I18)) | J119: =IF(LEFT(J18,1)="<",VALUE(SUBSTITUTE(J18,"<","")), IF(ISBLANK(J18)," ",J18)) | K119: =IF(LEFT(K18,1)="<",VALUE(SUBSTITUTE(K18,"<","")), IF(ISBLANK(K18)," ",K18)) | L119: =IF(LEFT(L18,1)="<",VALUE(SUBSTITUTE(L18,"<","")), IF(ISBLANK(L18)," ",L18)) | ... S119: =IF(LEFT(S18,1)="<",VALUE(SUBSTITUTE(S18,"<","")), IF(ISBLANK(S18)," ",S18))
... E137: =IF(LEFT(E36,1)="<",VALUE(SUBSTITUTE(E36,"<","")), IF(ISBLANK(E36)," ",E36)) | F137: =IF(LEFT(F36,1)="<",VALUE(SUBSTITUTE(F36,"<","")), IF(ISBLANK(F36)," ",F36)) | G137: =IF(LEFT(G36,1)="<",VALUE(SUBSTITUTE(G36,"<","")), IF(ISBLANK(G36)," ",G36)) | H137: =IF(LEFT(H36,1)="<",VALUE(SUBSTITUTE(H36,"<","")), IF(ISBLANK(H36)," ",H36)) | I137: =IF(LEFT(I36,1)="<",VALUE(SUBSTITUTE(I36,"<","")), IF(ISBLANK(I36)," ",I36)) | J137: =IF(LEFT(J36,1)="<",VALUE(SUBSTITUTE(J36,"<","")), IF(ISBLANK(J36)," ",J36)) | K137: =IF(LEFT(K36,1)="<",VALUE(SUBSTITUTE(K36,"<","")), IF(ISBLANK(K36)," ",K36)) | L137: =IF(LEFT(L36,1)="<",VALUE(SUBSTITUTE(L36,"<","")), IF(ISBLANK(L36)," ",L36)) | ... S137: =IF(LEFT(S36,1)="<",VALUE(SUBSTITUTE(S36,"<","")), IF(ISBLANK(S36)," ",S36))

Sheet PPI 005
A1: Permit No.: | C1: WQ0028798 | E1: Facility Name: | G1: Booth Mountain Development | L1: County: | M1: Chatham | O1: Month: | R1: Year:
A2: PPI: | C2: 005 | D2: Flow Measuring Point: | K2: Parameter Monitoring Point:
A3: Parameter Code | D3: 31616 | E3: 00600 | F3: 00400 | G3: 00665 | H3: 82546
A4: Day | B4: ORC Arrival Time | C4: ORC Time On Site | D4: =IF(ISBLANK(D$3), " ", VLOOKUP(D$3,'PCS Parameter Codes'!$A$1:$D$76,2,FALSE)) -> Fecal Coliform | E4: =IF(ISBLANK(E$3), " ", VLOOKUP(E$3,'PCS Parameter Codes'!$A$1:$D$76,2,FALSE)) -> Total Nitrogen | F4: =IF(ISBLANK(F$3), " ", VLOOKUP(F$3,'PCS Parameter Codes'!$A$1:$D$76,2,FALSE)) -> pH | G4: =IF(ISBLANK(G$3), " ", VLOOKUP(G$3,'PCS Parameter Codes'!$A$1:$D$76,2,FALSE)) -> Total Phosphorus | H4: =IF(ISBLANK(H$3), " ", VLOOKUP(H$3,'PCS Parameter Codes'!$A$1:$D$76,2,FALSE)) -> Water Level | I4: =IF(ISBLANK(I$3), " ", VLOOKUP(I$3,'PCS Parameter Codes'!$A$1:$D$76,2,FALSE)) | J4: =IF(ISBLANK(J$3), " ", VLOOKUP(J$3,'PCS Parameter Codes'!$A$1:$D$76,2,FALSE)) | K4: =IF(ISBLANK(K$3), " ", VLOOKUP(K$3,'PCS Parameter Codes'!$A$1:$D$76,2,FALSE)) | ... S4: =IF(ISBLANK(S$3), " ", VLOOKUP(S$3,'PCS Parameter Codes'!$A$1:$D$76,2,FALSE))
B5: 24-hr | C5: hrs | D5: =IF(ISBLANK(D$3), " ", VLOOKUP(D$3,'PCS Parameter Codes'!$A$1:$D$76,4,FALSE)) -> #/100 mL | E5: =IF(ISBLANK(E$3), " ", VLOOKUP(E$3,'PCS Parameter Codes'!$A$1:$D$76,4,FALSE)) -> mg/L | F5: =IF(ISBLANK(F$3), " ", VLOOKUP(F$3,'PCS Parameter Codes'!$A$1:$D$76,4,FALSE)) -> su | G5: =IF(ISBLANK(G$3), " ", VLOOKUP(G$3,'PCS Parameter Codes'!$A$1:$D$76,4,FALSE)) -> mg/L | H5: =IF(ISBLANK(H$3), " ", VLOOKUP(H$3,'PCS Parameter Codes'!$A$1:$D$76,4,FALSE)) -> ft | I5: =IF(ISBLANK(I$3), " ", VLOOKUP(I$3,'PCS Parameter Codes'!$A$1:$D$76,4,FALSE)) | J5: =IF(ISBLANK(J$3), " ", VLOOKUP(J$3,'PCS Parameter Codes'!$A$1:$D$76,4,FALSE)) | K5: =IF(ISBLANK(K$3), " ", VLOOKUP(K$3,'PCS Parameter Codes'!$A$1:$D$76,4,FALSE)) | ... S5: =IF(ISBLANK(S$3), " ", VLOOKUP(S$3,'PCS Parameter Codes'!$A$1:$D$76,4,FALSE))
A6: 1
A7: 2
A8: 3
A9: 4
A10: 5
A11: 6
A12: 7
A13: 8
A14: 9
A15: 10
A16: 11
A17: 12
... A36: 31
A37: Average: | D37: =IF(ISBLANK($C$1)," ", IF(COUNT(D45:D75)=0, " ", IF(D$4="pH"," ", IF(D$4="Fecal Coliform", GEOMEAN(D76:D106), IF(D$4="Total Coliform", GEOMEAN(D76:D106), AVERAGE(D45:D75)))))) | E37: =IF(ISBLANK($C$1)," ", IF(COUNT(E45:E75)=0, " ", IF(E$4="pH"," ", IF(E$4="Fecal Coliform", GEOMEAN(E76:E106), IF(E$4="Total Coliform", GEOMEAN(E76:E106), AVERAGE(E45:E75)))))) | F37: =IF(ISBLANK($C$1)," ", IF(COUNT(F45:F75)=0, " ", IF(F$4="pH"," ", IF(F$4="Fecal Coliform", GEOMEAN(F76:F106), IF(F$4="Total Coliform", GEOMEAN(F76:F106), AVERAGE(F45:F75)))))) | G37: =IF(ISBLANK($C$1)," ", IF(COUNT(G45:G75)=0, " ", IF(G$4="pH"," ", IF(G$4="Fecal Coliform", GEOMEAN(G76:G106), IF(G$4="Total Coliform", GEOMEAN(G76:G106), AVERAGE(G45:G75)))))) | H37: =IF(ISBLANK($C$1)," ", IF(COUNT(H45:H75)=0, " ", IF(H$4="pH"," ", IF(H$4="Fecal Coliform", GEOMEAN(H76:H106), IF(H$4="Total Coliform", GEOMEAN(H76:H106), AVERAGE(H45:H75)))))) | I37: =IF(ISBLANK($C$1)," ", IF(COUNT(I45:I75)=0, " ", IF(I$4="pH"," ", IF(I$4="Fecal Coliform", GEOMEAN(I76:I106), IF(I$4="Total Coliform", GEOMEAN(I76:I106), AVERAGE(I45:I75)))))) | J37: =IF(ISBLANK($C$1)," ", IF(COUNT(J45:J75)=0, " ", IF(J$4="pH"," ", IF(J$4="Fecal Coliform", GEOMEAN(J76:J106), IF(J$4="Total Coliform", GEOMEAN(J76:J106), AVERAGE(J45:J75)))))) | K37: =IF(ISBLANK($C$1)," ", IF(COUNT(K45:K75)=0, " ", IF(K$4="pH"," ", IF(K$4="Fecal Coliform", GEOMEAN(K76:K106), IF(K$4="Total Coliform", GEOMEAN(K76:K106), AVERAGE(K45:K75)))))) | ... S37: =IF(ISBLANK($C$1)," ", IF(COUNT(S45:S75)=0, " ", IF(S$4="pH"," ", IF(S$4="Fecal Coliform", GEOMEAN(S76:S106), IF(S$4="Total Coliform", GEOMEAN(S76:S106), AVERAGE(S45:S75))))))
A38: Daily Maximum: | D38: =IF(ISBLANK($C$1)," ", IF(COUNT(D45:D75)=0, " ", MAX(D107:D137))) | E38: =IF(ISBLANK($C$1)," ", IF(COUNT(E45:E75)=0, " ", MAX(E107:E137))) | F38: =IF(ISBLANK($C$1)," ", IF(COUNT(F45:F75)=0, " ", MAX(F107:F137))) | G38: =IF(ISBLANK($C$1)," ", IF(COUNT(G45:G75)=0, " ", MAX(G107:G137))) | H38: =IF(ISBLANK($C$1)," ", IF(COUNT(H45:H75)=0, " ", MAX(H107:H137))) | I38: =IF(ISBLANK($C$1)," ", IF(COUNT(I45:I75)=0, " ", MAX(I107:I137))) | J38: =IF(ISBLANK($C$1)," ", IF(COUNT(J45:J75)=0, " ", MAX(J107:J137))) | K38: =IF(ISBLANK($C$1)," ", IF(COUNT(K45:K75)=0, " ", MAX(K107:K137))) | ... S38: =IF(ISBLANK($C$1)," ", IF(COUNT(S45:S75)=0, " ", MAX(S107:S137)))
A39: Daily Minimum: | D39: =IF(ISBLANK($C$1)," ", IF(COUNT(D45:D75)=0, " ", MIN(D107:D137))) | E39: =IF(ISBLANK($C$1)," ", IF(COUNT(E45:E75)=0, " ", MIN(E107:E137))) | F39: =IF(ISBLANK($C$1)," ", IF(COUNT(F45:F75)=0, " ", MIN(F107:F137))) | G39: =IF(ISBLANK($C$1)," ", IF(COUNT(G45:G75)=0, " ", MIN(G107:G137))) | H39: =IF(ISBLANK($C$1)," ", IF(COUNT(H45:H75)=0, " ", MIN(H107:H137))) | I39: =IF(ISBLANK($C$1)," ", IF(COUNT(I45:I75)=0, " ", MIN(I107:I137))) | J39: =IF(ISBLANK($C$1)," ", IF(COUNT(J45:J75)=0, " ", MIN(J107:J137))) | K39: =IF(ISBLANK($C$1)," ", IF(COUNT(K45:K75)=0, " ", MIN(K107:K137))) | ... S39: =IF(ISBLANK($C$1)," ", IF(COUNT(S45:S75)=0, " ", MIN(S107:S137)))
A40: Sampling Type: | D40: Grab | E40: Grab | F40: Grab | G40: Grab | H40: Grab
A41: Monthly Avg. Limit:
A42: Daily Limit:
A43: Sample Frequency: | D43: 4 x Year | E43: 4 x Year | F43: 4 x Year | G43: 4 x Year | H43: 4 x Year
C45: Average | D45: =IF(ISBLANK(D6), " ",IF(ISTEXT(D6),0,D6)) | E45: =IF(ISBLANK(E6), " ",IF(ISTEXT(E6),0,E6)) | F45: =IF(ISBLANK(F6), " ",IF(ISTEXT(F6),0,F6)) | G45: =IF(ISBLANK(G6), " ",IF(ISTEXT(G6),0,G6)) | H45: =IF(ISBLANK(H6), " ",IF(ISTEXT(H6),0,H6)) | I45: =IF(ISBLANK(I6), " ",IF(ISTEXT(I6),0,I6)) | J45: =IF(ISBLANK(J6), " ",IF(ISTEXT(J6),0,J6)) | K45: =IF(ISBLANK(K6), " ",IF(ISTEXT(K6),0,K6)) | ... S45: =IF(ISBLANK(S6), " ",IF(ISTEXT(S6),0,S6))
D46: =IF(ISBLANK(D7), " ",IF(ISTEXT(D7),0,D7)) | E46: =IF(ISBLANK(E7), " ",IF(ISTEXT(E7),0,E7)) | F46: =IF(ISBLANK(F7), " ",IF(ISTEXT(F7),0,F7)) | G46: =IF(ISBLANK(G7), " ",IF(ISTEXT(G7),0,G7)) | H46: =IF(ISBLANK(H7), " ",IF(ISTEXT(H7),0,H7)) | I46: =IF(ISBLANK(I7), " ",IF(ISTEXT(I7),0,I7)) | J46: =IF(ISBLANK(J7), " ",IF(ISTEXT(J7),0,J7)) | K46: =IF(ISBLANK(K7), " ",IF(ISTEXT(K7),0,K7)) | ... S46: =IF(ISBLANK(S7), " ",IF(ISTEXT(S7),0,S7))
D47: =IF(ISBLANK(D8), " ",IF(ISTEXT(D8),0,D8)) | E47: =IF(ISBLANK(E8), " ",IF(ISTEXT(E8),0,E8)) | F47: =IF(ISBLANK(F8), " ",IF(ISTEXT(F8),0,F8)) | G47: =IF(ISBLANK(G8), " ",IF(ISTEXT(G8),0,G8)) | H47: =IF(ISBLANK(H8), " ",IF(ISTEXT(H8),0,H8)) | I47: =IF(ISBLANK(I8), " ",IF(ISTEXT(I8),0,I8)) | J47: =IF(ISBLANK(J8), " ",IF(ISTEXT(J8),0,J8)) | K47: =IF(ISBLANK(K8), " ",IF(ISTEXT(K8),0,K8)) | ... S47: =IF(ISBLANK(S8), " ",IF(ISTEXT(S8),0,S8))
D48: =IF(ISBLANK(D9), " ",IF(ISTEXT(D9),0,D9)) | E48: =IF(ISBLANK(E9), " ",IF(ISTEXT(E9),0,E9)) | F48: =IF(ISBLANK(F9), " ",IF(ISTEXT(F9),0,F9)) | G48: =IF(ISBLANK(G9), " ",IF(ISTEXT(G9),0,G9)) | H48: =IF(ISBLANK(H9), " ",IF(ISTEXT(H9),0,H9)) | I48: =IF(ISBLANK(I9), " ",IF(ISTEXT(I9),0,I9)) | J48: =IF(ISBLANK(J9), " ",IF(ISTEXT(J9),0,J9)) | K48: =IF(ISBLANK(K9), " ",IF(ISTEXT(K9),0,K9)) | ... S48: =IF(ISBLANK(S9), " ",IF(ISTEXT(S9),0,S9))
D49: =IF(ISBLANK(D10), " ",IF(ISTEXT(D10),0,D10)) | E49: =IF(ISBLANK(E10), " ",IF(ISTEXT(E10),0,E10)) | F49: =IF(ISBLANK(F10), " ",IF(ISTEXT(F10),0,F10)) | G49: =IF(ISBLANK(G10), " ",IF(ISTEXT(G10),0,G10)) | H49: =IF(ISBLANK(H10), " ",IF(ISTEXT(H10),0,H10)) | I49: =IF(ISBLANK(I10), " ",IF(ISTEXT(I10),0,I10)) | J49: =IF(ISBLANK(J10), " ",IF(ISTEXT(J10),0,J10)) | K49: =IF(ISBLANK(K10), " ",IF(ISTEXT(K10),0,K10)) | ... S49: =IF(ISBLANK(S10), " ",IF(ISTEXT(S10),0,S10))
D50: =IF(ISBLANK(D11), " ",IF(ISTEXT(D11),0,D11)) | E50: =IF(ISBLANK(E11), " ",IF(ISTEXT(E11),0,E11)) | F50: =IF(ISBLANK(F11), " ",IF(ISTEXT(F11),0,F11)) | G50: =IF(ISBLANK(G11), " ",IF(ISTEXT(G11),0,G11)) | H50: =IF(ISBLANK(H11), " ",IF(ISTEXT(H11),0,H11)) | I50: =IF(ISBLANK(I11), " ",IF(ISTEXT(I11),0,I11)) | J50: =IF(ISBLANK(J11), " ",IF(ISTEXT(J11),0,J11)) | K50: =IF(ISBLANK(K11), " ",IF(ISTEXT(K11),0,K11)) | ... S50: =IF(ISBLANK(S11), " ",IF(ISTEXT(S11),0,S11))
D51: =IF(ISBLANK(D12), " ",IF(ISTEXT(D12),0,D12)) | E51: =IF(ISBLANK(E12), " ",IF(ISTEXT(E12),0,E12)) | F51: =IF(ISBLANK(F12), " ",IF(ISTEXT(F12),0,F12)) | G51: =IF(ISBLANK(G12), " ",IF(ISTEXT(G12),0,G12)) | H51: =IF(ISBLANK(H12), " ",IF(ISTEXT(H12),0,H12)) | I51: =IF(ISBLANK(I12), " ",IF(ISTEXT(I12),0,I12)) | J51: =IF(ISBLANK(J12), " ",IF(ISTEXT(J12),0,J12)) | K51: =IF(ISBLANK(K12), " ",IF(ISTEXT(K12),0,K12)) | ... S51: =IF(ISBLANK(S12), " ",IF(ISTEXT(S12),0,S12))
D52: =IF(ISBLANK(D13), " ",IF(ISTEXT(D13),0,D13)) | E52: =IF(ISBLANK(E13), " ",IF(ISTEXT(E13),0,E13)) | F52: =IF(ISBLANK(F13), " ",IF(ISTEXT(F13),0,F13)) | G52: =IF(ISBLANK(G13), " ",IF(ISTEXT(G13),0,G13)) | H52: =IF(ISBLANK(H13), " ",IF(ISTEXT(H13),0,H13)) | I52: =IF(ISBLANK(I13), " ",IF(ISTEXT(I13),0,I13)) | J52: =IF(ISBLANK(J13), " ",IF(ISTEXT(J13),0,J13)) | K52: =IF(ISBLANK(K13), " ",IF(ISTEXT(K13),0,K13)) | ... S52: =IF(ISBLANK(S13), " ",IF(ISTEXT(S13),0,S13))
D53: =IF(ISBLANK(D14), " ",IF(ISTEXT(D14),0,D14)) | E53: =IF(ISBLANK(E14), " ",IF(ISTEXT(E14),0,E14)) | F53: =IF(ISBLANK(F14), " ",IF(ISTEXT(F14),0,F14)) | G53: =IF(ISBLANK(G14), " ",IF(ISTEXT(G14),0,G14)) | H53: =IF(ISBLANK(H14), " ",IF(ISTEXT(H14),0,H14)) | I53: =IF(ISBLANK(I14), " ",IF(ISTEXT(I14),0,I14)) | J53: =IF(ISBLANK(J14), " ",IF(ISTEXT(J14),0,J14)) | K53: =IF(ISBLANK(K14), " ",IF(ISTEXT(K14),0,K14)) | ... S53: =IF(ISBLANK(S14), " ",IF(ISTEXT(S14),0,S14))
D54: =IF(ISBLANK(D15), " ",IF(ISTEXT(D15),0,D15)) | E54: =IF(ISBLANK(E15), " ",IF(ISTEXT(E15),0,E15)) | F54: =IF(ISBLANK(F15), " ",IF(ISTEXT(F15),0,F15)) | G54: =IF(ISBLANK(G15), " ",IF(ISTEXT(G15),0,G15)) | H54: =IF(ISBLANK(H15), " ",IF(ISTEXT(H15),0,H15)) | I54: =IF(ISBLANK(I15), " ",IF(ISTEXT(I15),0,I15)) | J54: =IF(ISBLANK(J15), " ",IF(ISTEXT(J15),0,J15)) | K54: =IF(ISBLANK(K15), " ",IF(ISTEXT(K15),0,K15)) | ... S54: =IF(ISBLANK(S15), " ",IF(ISTEXT(S15),0,S15))
D55: =IF(ISBLANK(D16), " ",IF(ISTEXT(D16),0,D16)) | E55: =IF(ISBLANK(E16), " ",IF(ISTEXT(E16),0,E16)) | F55: =IF(ISBLANK(F16), " ",IF(ISTEXT(F16),0,F16)) | G55: =IF(ISBLANK(G16), " ",IF(ISTEXT(G16),0,G16)) | H55: =IF(ISBLANK(H16), " ",IF(ISTEXT(H16),0,H16)) | I55: =IF(ISBLANK(I16), " ",IF(ISTEXT(I16),0,I16)) | J55: =IF(ISBLANK(J16), " ",IF(ISTEXT(J16),0,J16)) | K55: =IF(ISBLANK(K16), " ",IF(ISTEXT(K16),0,K16)) | ... S55: =IF(ISBLANK(S16), " ",IF(ISTEXT(S16),0,S16))
D56: =IF(ISBLANK(D17), " ",IF(ISTEXT(D17),0,D17)) | E56: =IF(ISBLANK(E17), " ",IF(ISTEXT(E17),0,E17)) | F56: =IF(ISBLANK(F17), " ",IF(ISTEXT(F17),0,F17)) | G56: =IF(ISBLANK(G17), " ",IF(ISTEXT(G17),0,G17)) | H56: =IF(ISBLANK(H17), " ",IF(ISTEXT(H17),0,H17)) | I56: =IF(ISBLANK(I17), " ",IF(ISTEXT(I17),0,I17)) | J56: =IF(ISBLANK(J17), " ",IF(ISTEXT(J17),0,J17)) | K56: =IF(ISBLANK(K17), " ",IF(ISTEXT(K17),0,K17)) | ... S56: =IF(ISBLANK(S17), " ",IF(ISTEXT(S17),0,S17))
D57: =IF(ISBLANK(D18), " ",IF(ISTEXT(D18),0,D18)) | E57: =IF(ISBLANK(E18), " ",IF(ISTEXT(E18),0,E18)) | F57: =IF(ISBLANK(F18), " ",IF(ISTEXT(F18),0,F18)) | G57: =IF(ISBLANK(G18), " ",IF(ISTEXT(G18),0,G18)) | H57: =IF(ISBLANK(H18), " ",IF(ISTEXT(H18),0,H18)) | I57: =IF(ISBLANK(I18), " ",IF(ISTEXT(I18),0,I18)) | J57: =IF(ISBLANK(J18), " ",IF(ISTEXT(J18),0,J18)) | K57: =IF(ISBLANK(K18), " ",IF(ISTEXT(K18),0,K18)) | ... S57: =IF(ISBLANK(S18), " ",IF(ISTEXT(S18),0,S18))
... D75: =IF(ISBLANK(D36), " ",IF(ISTEXT(D36),0,D36)) | E75: =IF(ISBLANK(E36), " ",IF(ISTEXT(E36),0,E36)) | F75: =IF(ISBLANK(F36), " ",IF(ISTEXT(F36),0,F36)) | G75: =IF(ISBLANK(G36), " ",IF(ISTEXT(G36),0,G36)) | H75: =IF(ISBLANK(H36), " ",IF(ISTEXT(H36),0,H36)) | I75: =IF(ISBLANK(I36), " ",IF(ISTEXT(I36),0,I36)) | J75: =IF(ISBLANK(J36), " ",IF(ISTEXT(J36),0,J36)) | K75: =IF(ISBLANK(K36), " ",IF(ISTEXT(K36),0,K36)) | ... S75: =IF(ISBLANK(S36), " ",IF(ISTEXT(S36),0,S36))
C76: Geomean | D76: =IF(ISBLANK(D6)," ",IF(ISTEXT(D6),1,D6)) | E76: =IF(ISBLANK(E6)," ",IF(ISTEXT(E6),1,E6)) | F76: =IF(ISBLANK(F6)," ",IF(ISTEXT(F6),1,F6)) | G76: =IF(ISBLANK(G6)," ",IF(ISTEXT(G6),1,G6)) | H76: =IF(ISBLANK(H6)," ",IF(ISTEXT(H6),1,H6)) | I76: =IF(ISBLANK(I6)," ",IF(ISTEXT(I6),1,I6)) | J76: =IF(ISBLANK(J6)," ",IF(ISTEXT(J6),1,J6)) | K76: =IF(ISBLANK(K6)," ",IF(ISTEXT(K6),1,K6)) | ... S76: =IF(ISBLANK(S6)," ",IF(ISTEXT(S6),1,S6))
D77: =IF(ISBLANK(D7)," ",IF(ISTEXT(D7),1,D7)) | E77: =IF(ISBLANK(E7)," ",IF(ISTEXT(E7),1,E7)) | F77: =IF(ISBLANK(F7)," ",IF(ISTEXT(F7),1,F7)) | G77: =IF(ISBLANK(G7)," ",IF(ISTEXT(G7),1,G7)) | H77: =IF(ISBLANK(H7)," ",IF(ISTEXT(H7),1,H7)) | I77: =IF(ISBLANK(I7)," ",IF(ISTEXT(I7),1,I7)) | J77: =IF(ISBLANK(J7)," ",IF(ISTEXT(J7),1,J7)) | K77: =IF(ISBLANK(K7)," ",IF(ISTEXT(K7),1,K7)) | ... S77: =IF(ISBLANK(S7)," ",IF(ISTEXT(S7),1,S7))
D78: =IF(ISBLANK(D8)," ",IF(ISTEXT(D8),1,D8)) | E78: =IF(ISBLANK(E8)," ",IF(ISTEXT(E8),1,E8)) | F78: =IF(ISBLANK(F8)," ",IF(ISTEXT(F8),1,F8)) | G78: =IF(ISBLANK(G8)," ",IF(ISTEXT(G8),1,G8)) | H78: =IF(ISBLANK(H8)," ",IF(ISTEXT(H8),1,H8)) | I78: =IF(ISBLANK(I8)," ",IF(ISTEXT(I8),1,I8)) | J78: =IF(ISBLANK(J8)," ",IF(ISTEXT(J8),1,J8)) | K78: =IF(ISBLANK(K8)," ",IF(ISTEXT(K8),1,K8)) | ... S78: =IF(ISBLANK(S8)," ",IF(ISTEXT(S8),1,S8))
D79: =IF(ISBLANK(D9)," ",IF(ISTEXT(D9),1,D9)) | E79: =IF(ISBLANK(E9)," ",IF(ISTEXT(E9),1,E9)) | F79: =IF(ISBLANK(F9)," ",IF(ISTEXT(F9),1,F9)) | G79: =IF(ISBLANK(G9)," ",IF(ISTEXT(G9),1,G9)) | H79: =IF(ISBLANK(H9)," ",IF(ISTEXT(H9),1,H9)) | I79: =IF(ISBLANK(I9)," ",IF(ISTEXT(I9),1,I9)) | J79: =IF(ISBLANK(J9)," ",IF(ISTEXT(J9),1,J9)) | K79: =IF(ISBLANK(K9)," ",IF(ISTEXT(K9),1,K9)) | ... S79: =IF(ISBLANK(S9)," ",IF(ISTEXT(S9),1,S9))
D80: =IF(ISBLANK(D10)," ",IF(ISTEXT(D10),1,D10)) | E80: =IF(ISBLANK(E10)," ",IF(ISTEXT(E10),1,E10)) | F80: =IF(ISBLANK(F10)," ",IF(ISTEXT(F10),1,F10)) | G80: =IF(ISBLANK(G10)," ",IF(ISTEXT(G10),1,G10)) | H80: =IF(ISBLANK(H10)," ",IF(ISTEXT(H10),1,H10)) | I80: =IF(ISBLANK(I10)," ",IF(ISTEXT(I10),1,I10)) | J80: =IF(ISBLANK(J10)," ",IF(ISTEXT(J10),1,J10)) | K80: =IF(ISBLANK(K10)," ",IF(ISTEXT(K10),1,K10)) | ... S80: =IF(ISBLANK(S10)," ",IF(ISTEXT(S10),1,S10))
D81: =IF(ISBLANK(D11)," ",IF(ISTEXT(D11),1,D11)) | E81: =IF(ISBLANK(E11)," ",IF(ISTEXT(E11),1,E11)) | F81: =IF(ISBLANK(F11)," ",IF(ISTEXT(F11),1,F11)) | G81: =IF(ISBLANK(G11)," ",IF(ISTEXT(G11),1,G11)) | H81: =IF(ISBLANK(H11)," ",IF(ISTEXT(H11),1,H11)) | I81: =IF(ISBLANK(I11)," ",IF(ISTEXT(I11),1,I11)) | J81: =IF(ISBLANK(J11)," ",IF(ISTEXT(J11),1,J11)) | K81: =IF(ISBLANK(K11)," ",IF(ISTEXT(K11),1,K11)) | ... S81: =IF(ISBLANK(S11)," ",IF(ISTEXT(S11),1,S11))
D82: =IF(ISBLANK(D12)," ",IF(ISTEXT(D12),1,D12)) | E82: =IF(ISBLANK(E12)," ",IF(ISTEXT(E12),1,E12)) | F82: =IF(ISBLANK(F12)," ",IF(ISTEXT(F12),1,F12)) | G82: =IF(ISBLANK(G12)," ",IF(ISTEXT(G12),1,G12)) | H82: =IF(ISBLANK(H12)," ",IF(ISTEXT(H12),1,H12)) | I82: =IF(ISBLANK(I12)," ",IF(ISTEXT(I12),1,I12)) | J82: =IF(ISBLANK(J12)," ",IF(ISTEXT(J12),1,J12)) | K82: =IF(ISBLANK(K12)," ",IF(ISTEXT(K12),1,K12)) | ... S82: =IF(ISBLANK(S12)," ",IF(ISTEXT(S12),1,S12))
D83: =IF(ISBLANK(D13)," ",IF(ISTEXT(D13),1,D13)) | E83: =IF(ISBLANK(E13)," ",IF(ISTEXT(E13),1,E13)) | F83: =IF(ISBLANK(F13)," ",IF(ISTEXT(F13),1,F13)) | G83: =IF(ISBLANK(G13)," ",IF(ISTEXT(G13),1,G13)) | H83: =IF(ISBLANK(H13)," ",IF(ISTEXT(H13),1,H13)) | I83: =IF(ISBLANK(I13)," ",IF(ISTEXT(I13),1,I13)) | J83: =IF(ISBLANK(J13)," ",IF(ISTEXT(J13),1,J13)) | K83: =IF(ISBLANK(K13)," ",IF(ISTEXT(K13),1,K13)) | ... S83: =IF(ISBLANK(S13)," ",IF(ISTEXT(S13),1,S13))
D84: =IF(ISBLANK(D14)," ",IF(ISTEXT(D14),1,D14)) | E84: =IF(ISBLANK(E14)," ",IF(ISTEXT(E14),1,E14)) | F84: =IF(ISBLANK(F14)," ",IF(ISTEXT(F14),1,F14)) | G84: =IF(ISBLANK(G14)," ",IF(ISTEXT(G14),1,G14)) | H84: =IF(ISBLANK(H14)," ",IF(ISTEXT(H14),1,H14)) | I84: =IF(ISBLANK(I14)," ",IF(ISTEXT(I14),1,I14)) | J84: =IF(ISBLANK(J14)," ",IF(ISTEXT(J14),1,J14)) | K84: =IF(ISBLANK(K14)," ",IF(ISTEXT(K14),1,K14)) | ... S84: =IF(ISBLANK(S14)," ",IF(ISTEXT(S14),1,S14))
D85: =IF(ISBLANK(D15)," ",IF(ISTEXT(D15),1,D15)) | E85: =IF(ISBLANK(E15)," ",IF(ISTEXT(E15),1,E15)) | F85: =IF(ISBLANK(F15)," ",IF(ISTEXT(F15),1,F15)) | G85: =IF(ISBLANK(G15)," ",IF(ISTEXT(G15),1,G15)) | H85: =IF(ISBLANK(H15)," ",IF(ISTEXT(H15),1,H15)) | I85: =IF(ISBLANK(I15)," ",IF(ISTEXT(I15),1,I15)) | J85: =IF(ISBLANK(J15)," ",IF(ISTEXT(J15),1,J15)) | K85: =IF(ISBLANK(K15)," ",IF(ISTEXT(K15),1,K15)) | ... S85: =IF(ISBLANK(S15)," ",IF(ISTEXT(S15),1,S15))
D86: =IF(ISBLANK(D16)," ",IF(ISTEXT(D16),1,D16)) | E86: =IF(ISBLANK(E16)," ",IF(ISTEXT(E16),1,E16)) | F86: =IF(ISBLANK(F16)," ",IF(ISTEXT(F16),1,F16)) | G86: =IF(ISBLANK(G16)," ",IF(ISTEXT(G16),1,G16)) | H86: =IF(ISBLANK(H16)," ",IF(ISTEXT(H16),1,H16)) | I86: =IF(ISBLANK(I16)," ",IF(ISTEXT(I16),1,I16)) | J86: =IF(ISBLANK(J16)," ",IF(ISTEXT(J16),1,J16)) | K86: =IF(ISBLANK(K16)," ",IF(ISTEXT(K16),1,K16)) | ... S86: =IF(ISBLANK(S16)," ",IF(ISTEXT(S16),1,S16))
D87: =IF(ISBLANK(D17)," ",IF(ISTEXT(D17),1,D17)) | E87: =IF(ISBLANK(E17)," ",IF(ISTEXT(E17),1,E17)) | F87: =IF(ISBLANK(F17)," ",IF(ISTEXT(F17),1,F17)) | G87: =IF(ISBLANK(G17)," ",IF(ISTEXT(G17),1,G17)) | H87: =IF(ISBLANK(H17)," ",IF(ISTEXT(H17),1,H17)) | I87: =IF(ISBLANK(I17)," ",IF(ISTEXT(I17),1,I17)) | J87: =IF(ISBLANK(J17)," ",IF(ISTEXT(J17),1,J17)) | K87: =IF(ISBLANK(K17)," ",IF(ISTEXT(K17),1,K17)) | ... S87: =IF(ISBLANK(S17)," ",IF(ISTEXT(S17),1,S17))
D88: =IF(ISBLANK(D18)," ",IF(ISTEXT(D18),1,D18)) | E88: =IF(ISBLANK(E18)," ",IF(ISTEXT(E18),1,E18)) | F88: =IF(ISBLANK(F18)," ",IF(ISTEXT(F18),1,F18)) | G88: =IF(ISBLANK(G18)," ",IF(ISTEXT(G18),1,G18)) | H88: =IF(ISBLANK(H18)," ",IF(ISTEXT(H18),1,H18)) | I88: =IF(ISBLANK(I18)," ",IF(ISTEXT(I18),1,I18)) | J88: =IF(ISBLANK(J18)," ",IF(ISTEXT(J18),1,J18)) | K88: =IF(ISBLANK(K18)," ",IF(ISTEXT(K18),1,K18)) | ... S88: =IF(ISBLANK(S18)," ",IF(ISTEXT(S18),1,S18))
... D106: =IF(ISBLANK(D36)," ",IF(ISTEXT(D36),1,D36)) | E106: =IF(ISBLANK(E36)," ",IF(ISTEXT(E36),1,E36)) | F106: =IF(ISBLANK(F36)," ",IF(ISTEXT(F36),1,F36)) | G106: =IF(ISBLANK(G36)," ",IF(ISTEXT(G36),1,G36)) | H106: =IF(ISBLANK(H36)," ",IF(ISTEXT(H36),1,H36)) | I106: =IF(ISBLANK(I36)," ",IF(ISTEXT(I36),1,I36)) | J106: =IF(ISBLANK(J36)," ",IF(ISTEXT(J36),1,J36)) | K106: =IF(ISBLANK(K36)," ",IF(ISTEXT(K36),1,K36)) | ... S106: =IF(ISBLANK(S36)," ",IF(ISTEXT(S36),1,S36))
C107: MAX/MIN | D107: =IF(LEFT(D6,1)="<",VALUE(SUBSTITUTE(D6,"<","")), IF(ISBLANK(D6)," ",D6)) | E107: =IF(LEFT(E6,1)="<",VALUE(SUBSTITUTE(E6,"<","")), IF(ISBLANK(E6)," ",E6)) | F107: =IF(LEFT(F6,1)="<",VALUE(SUBSTITUTE(F6,"<","")), IF(ISBLANK(F6)," ",F6)) | G107: =IF(LEFT(G6,1)="<",VALUE(SUBSTITUTE(G6,"<","")), IF(ISBLANK(G6)," ",G6)) | H107: =IF(LEFT(H6,1)="<",VALUE(SUBSTITUTE(H6,"<","")), IF(ISBLANK(H6)," ",H6)) | I107: =IF(LEFT(I6,1)="<",VALUE(SUBSTITUTE(I6,"<","")), IF(ISBLANK(I6)," ",I6)) | J107: =IF(LEFT(J6,1)="<",VALUE(SUBSTITUTE(J6,"<","")), IF(ISBLANK(J6)," ",J6)) | K107: =IF(LEFT(K6,1)="<",VALUE(SUBSTITUTE(K6,"<","")), IF(ISBLANK(K6)," ",K6)) | ... S107: =IF(LEFT(S6,1)="<",VALUE(SUBSTITUTE(S6,"<","")), IF(ISBLANK(S6)," ",S6))
D108: =IF(LEFT(D7,1)="<",VALUE(SUBSTITUTE(D7,"<","")), IF(ISBLANK(D7)," ",D7)) | E108: =IF(LEFT(E7,1)="<",VALUE(SUBSTITUTE(E7,"<","")), IF(ISBLANK(E7)," ",E7)) | F108: =IF(LEFT(F7,1)="<",VALUE(SUBSTITUTE(F7,"<","")), IF(ISBLANK(F7)," ",F7)) | G108: =IF(LEFT(G7,1)="<",VALUE(SUBSTITUTE(G7,"<","")), IF(ISBLANK(G7)," ",G7)) | H108: =IF(LEFT(H7,1)="<",VALUE(SUBSTITUTE(H7,"<","")), IF(ISBLANK(H7)," ",H7)) | I108: =IF(LEFT(I7,1)="<",VALUE(SUBSTITUTE(I7,"<","")), IF(ISBLANK(I7)," ",I7)) | J108: =IF(LEFT(J7,1)="<",VALUE(SUBSTITUTE(J7,"<","")), IF(ISBLANK(J7)," ",J7)) | K108: =IF(LEFT(K7,1)="<",VALUE(SUBSTITUTE(K7,"<","")), IF(ISBLANK(K7)," ",K7)) | ... S108: =IF(LEFT(S7,1)="<",VALUE(SUBSTITUTE(S7,"<","")), IF(ISBLANK(S7)," ",S7))
D109: =IF(LEFT(D8,1)="<",VALUE(SUBSTITUTE(D8,"<","")), IF(ISBLANK(D8)," ",D8)) | E109: =IF(LEFT(E8,1)="<",VALUE(SUBSTITUTE(E8,"<","")), IF(ISBLANK(E8)," ",E8)) | F109: =IF(LEFT(F8,1)="<",VALUE(SUBSTITUTE(F8,"<","")), IF(ISBLANK(F8)," ",F8)) | G109: =IF(LEFT(G8,1)="<",VALUE(SUBSTITUTE(G8,"<","")), IF(ISBLANK(G8)," ",G8)) | H109: =IF(LEFT(H8,1)="<",VALUE(SUBSTITUTE(H8,"<","")), IF(ISBLANK(H8)," ",H8)) | I109: =IF(LEFT(I8,1)="<",VALUE(SUBSTITUTE(I8,"<","")), IF(ISBLANK(I8)," ",I8)) | J109: =IF(LEFT(J8,1)="<",VALUE(SUBSTITUTE(J8,"<","")), IF(ISBLANK(J8)," ",J8)) | K109: =IF(LEFT(K8,1)="<",VALUE(SUBSTITUTE(K8,"<","")), IF(ISBLANK(K8)," ",K8)) | ... S109: =IF(LEFT(S8,1)="<",VALUE(SUBSTITUTE(S8,"<","")), IF(ISBLANK(S8)," ",S8))
D110: =IF(LEFT(D9,1)="<",VALUE(SUBSTITUTE(D9,"<","")), IF(ISBLANK(D9)," ",D9)) | E110: =IF(LEFT(E9,1)="<",VALUE(SUBSTITUTE(E9,"<","")), IF(ISBLANK(E9)," ",E9)) | F110: =IF(LEFT(F9,1)="<",VALUE(SUBSTITUTE(F9,"<","")), IF(ISBLANK(F9)," ",F9)) | G110: =IF(LEFT(G9,1)="<",VALUE(SUBSTITUTE(G9,"<","")), IF(ISBLANK(G9)," ",G9)) | H110: =IF(LEFT(H9,1)="<",VALUE(SUBSTITUTE(H9,"<","")), IF(ISBLANK(H9)," ",H9)) | I110: =IF(LEFT(I9,1)="<",VALUE(SUBSTITUTE(I9,"<","")), IF(ISBLANK(I9)," ",I9)) | J110: =IF(LEFT(J9,1)="<",VALUE(SUBSTITUTE(J9,"<","")), IF(ISBLANK(J9)," ",J9)) | K110: =IF(LEFT(K9,1)="<",VALUE(SUBSTITUTE(K9,"<","")), IF(ISBLANK(K9)," ",K9)) | ... S110: =IF(LEFT(S9,1)="<",VALUE(SUBSTITUTE(S9,"<","")), IF(ISBLANK(S9)," ",S9))
D111: =IF(LEFT(D10,1)="<",VALUE(SUBSTITUTE(D10,"<","")), IF(ISBLANK(D10)," ",D10)) | E111: =IF(LEFT(E10,1)="<",VALUE(SUBSTITUTE(E10,"<","")), IF(ISBLANK(E10)," ",E10)) | F111: =IF(LEFT(F10,1)="<",VALUE(SUBSTITUTE(F10,"<","")), IF(ISBLANK(F10)," ",F10)) | G111: =IF(LEFT(G10,1)="<",VALUE(SUBSTITUTE(G10,"<","")), IF(ISBLANK(G10)," ",G10)) | H111: =IF(LEFT(H10,1)="<",VALUE(SUBSTITUTE(H10,"<","")), IF(ISBLANK(H10)," ",H10)) | I111: =IF(LEFT(I10,1)="<",VALUE(SUBSTITUTE(I10,"<","")), IF(ISBLANK(I10)," ",I10)) | J111: =IF(LEFT(J10,1)="<",VALUE(SUBSTITUTE(J10,"<","")), IF(ISBLANK(J10)," ",J10)) | K111: =IF(LEFT(K10,1)="<",VALUE(SUBSTITUTE(K10,"<","")), IF(ISBLANK(K10)," ",K10)) | ... S111: =IF(LEFT(S10,1)="<",VALUE(SUBSTITUTE(S10,"<","")), IF(ISBLANK(S10)," ",S10))
D112: =IF(LEFT(D11,1)="<",VALUE(SUBSTITUTE(D11,"<","")), IF(ISBLANK(D11)," ",D11)) | E112: =IF(LEFT(E11,1)="<",VALUE(SUBSTITUTE(E11,"<","")), IF(ISBLANK(E11)," ",E11)) | F112: =IF(LEFT(F11,1)="<",VALUE(SUBSTITUTE(F11,"<","")), IF(ISBLANK(F11)," ",F11)) | G112: =IF(LEFT(G11,1)="<",VALUE(SUBSTITUTE(G11,"<","")), IF(ISBLANK(G11)," ",G11)) | H112: =IF(LEFT(H11,1)="<",VALUE(SUBSTITUTE(H11,"<","")), IF(ISBLANK(H11)," ",H11)) | I112: =IF(LEFT(I11,1)="<",VALUE(SUBSTITUTE(I11,"<","")), IF(ISBLANK(I11)," ",I11)) | J112: =IF(LEFT(J11,1)="<",VALUE(SUBSTITUTE(J11,"<","")), IF(ISBLANK(J11)," ",J11)) | K112: =IF(LEFT(K11,1)="<",VALUE(SUBSTITUTE(K11,"<","")), IF(ISBLANK(K11)," ",K11)) | ... S112: =IF(LEFT(S11,1)="<",VALUE(SUBSTITUTE(S11,"<","")), IF(ISBLANK(S11)," ",S11))
D113: =IF(LEFT(D12,1)="<",VALUE(SUBSTITUTE(D12,"<","")), IF(ISBLANK(D12)," ",D12)) | E113: =IF(LEFT(E12,1)="<",VALUE(SUBSTITUTE(E12,"<","")), IF(ISBLANK(E12)," ",E12)) | F113: =IF(LEFT(F12,1)="<",VALUE(SUBSTITUTE(F12,"<","")), IF(ISBLANK(F12)," ",F12)) | G113: =IF(LEFT(G12,1)="<",VALUE(SUBSTITUTE(G12,"<","")), IF(ISBLANK(G12)," ",G12)) | H113: =IF(LEFT(H12,1)="<",VALUE(SUBSTITUTE(H12,"<","")), IF(ISBLANK(H12)," ",H12)) | I113: =IF(LEFT(I12,1)="<",VALUE(SUBSTITUTE(I12,"<","")), IF(ISBLANK(I12)," ",I12)) | J113: =IF(LEFT(J12,1)="<",VALUE(SUBSTITUTE(J12,"<","")), IF(ISBLANK(J12)," ",J12)) | K113: =IF(LEFT(K12,1)="<",VALUE(SUBSTITUTE(K12,"<","")), IF(ISBLANK(K12)," ",K12)) | ... S113: =IF(LEFT(S12,1)="<",VALUE(SUBSTITUTE(S12,"<","")), IF(ISBLANK(S12)," ",S12))
D114: =IF(LEFT(D13,1)="<",VALUE(SUBSTITUTE(D13,"<","")), IF(ISBLANK(D13)," ",D13)) | E114: =IF(LEFT(E13,1)="<",VALUE(SUBSTITUTE(E13,"<","")), IF(ISBLANK(E13)," ",E13)) | F114: =IF(LEFT(F13,1)="<",VALUE(SUBSTITUTE(F13,"<","")), IF(ISBLANK(F13)," ",F13)) | G114: =IF(LEFT(G13,1)="<",VALUE(SUBSTITUTE(G13,"<","")), IF(ISBLANK(G13)," ",G13)) | H114: =IF(LEFT(H13,1)="<",VALUE(SUBSTITUTE(H13,"<","")), IF(ISBLANK(H13)," ",H13)) | I114: =IF(LEFT(I13,1)="<",VALUE(SUBSTITUTE(I13,"<","")), IF(ISBLANK(I13)," ",I13)) | J114: =IF(LEFT(J13,1)="<",VALUE(SUBSTITUTE(J13,"<","")), IF(ISBLANK(J13)," ",J13)) | K114: =IF(LEFT(K13,1)="<",VALUE(SUBSTITUTE(K13,"<","")), IF(ISBLANK(K13)," ",K13)) | ... S114: =IF(LEFT(S13,1)="<",VALUE(SUBSTITUTE(S13,"<","")), IF(ISBLANK(S13)," ",S13))
D115: =IF(LEFT(D14,1)="<",VALUE(SUBSTITUTE(D14,"<","")), IF(ISBLANK(D14)," ",D14)) | E115: =IF(LEFT(E14,1)="<",VALUE(SUBSTITUTE(E14,"<","")), IF(ISBLANK(E14)," ",E14)) | F115: =IF(LEFT(F14,1)="<",VALUE(SUBSTITUTE(F14,"<","")), IF(ISBLANK(F14)," ",F14)) | G115: =IF(LEFT(G14,1)="<",VALUE(SUBSTITUTE(G14,"<","")), IF(ISBLANK(G14)," ",G14)) | H115: =IF(LEFT(H14,1)="<",VALUE(SUBSTITUTE(H14,"<","")), IF(ISBLANK(H14)," ",H14)) | I115: =IF(LEFT(I14,1)="<",VALUE(SUBSTITUTE(I14,"<","")), IF(ISBLANK(I14)," ",I14)) | J115: =IF(LEFT(J14,1)="<",VALUE(SUBSTITUTE(J14,"<","")), IF(ISBLANK(J14)," ",J14)) | K115: =IF(LEFT(K14,1)="<",VALUE(SUBSTITUTE(K14,"<","")), IF(ISBLANK(K14)," ",K14)) | ... S115: =IF(LEFT(S14,1)="<",VALUE(SUBSTITUTE(S14,"<","")), IF(ISBLANK(S14)," ",S14))
D116: =IF(LEFT(D15,1)="<",VALUE(SUBSTITUTE(D15,"<","")), IF(ISBLANK(D15)," ",D15)) | E116: =IF(LEFT(E15,1)="<",VALUE(SUBSTITUTE(E15,"<","")), IF(ISBLANK(E15)," ",E15)) | F116: =IF(LEFT(F15,1)="<",VALUE(SUBSTITUTE(F15,"<","")), IF(ISBLANK(F15)," ",F15)) | G116: =IF(LEFT(G15,1)="<",VALUE(SUBSTITUTE(G15,"<","")), IF(ISBLANK(G15)," ",G15)) | H116: =IF(LEFT(H15,1)="<",VALUE(SUBSTITUTE(H15,"<","")), IF(ISBLANK(H15)," ",H15)) | I116: =IF(LEFT(I15,1)="<",VALUE(SUBSTITUTE(I15,"<","")), IF(ISBLANK(I15)," ",I15)) | J116: =IF(LEFT(J15,1)="<",VALUE(SUBSTITUTE(J15,"<","")), IF(ISBLANK(J15)," ",J15)) | K116: =IF(LEFT(K15,1)="<",VALUE(SUBSTITUTE(K15,"<","")), IF(ISBLANK(K15)," ",K15)) | ... S116: =IF(LEFT(S15,1)="<",VALUE(SUBSTITUTE(S15,"<","")), IF(ISBLANK(S15)," ",S15))
D117: =IF(LEFT(D16,1)="<",VALUE(SUBSTITUTE(D16,"<","")), IF(ISBLANK(D16)," ",D16)) | E117: =IF(LEFT(E16,1)="<",VALUE(SUBSTITUTE(E16,"<","")), IF(ISBLANK(E16)," ",E16)) | F117: =IF(LEFT(F16,1)="<",VALUE(SUBSTITUTE(F16,"<","")), IF(ISBLANK(F16)," ",F16)) | G117: =IF(LEFT(G16,1)="<",VALUE(SUBSTITUTE(G16,"<","")), IF(ISBLANK(G16)," ",G16)) | H117: =IF(LEFT(H16,1)="<",VALUE(SUBSTITUTE(H16,"<","")), IF(ISBLANK(H16)," ",H16)) | I117: =IF(LEFT(I16,1)="<",VALUE(SUBSTITUTE(I16,"<","")), IF(ISBLANK(I16)," ",I16)) | J117: =IF(LEFT(J16,1)="<",VALUE(SUBSTITUTE(J16,"<","")), IF(ISBLANK(J16)," ",J16)) | K117: =IF(LEFT(K16,1)="<",VALUE(SUBSTITUTE(K16,"<","")), IF(ISBLANK(K16)," ",K16)) | ... S117: =IF(LEFT(S16,1)="<",VALUE(SUBSTITUTE(S16,"<","")), IF(ISBLANK(S16)," ",S16))
D118: =IF(LEFT(D17,1)="<",VALUE(SUBSTITUTE(D17,"<","")), IF(ISBLANK(D17)," ",D17)) | E118: =IF(LEFT(E17,1)="<",VALUE(SUBSTITUTE(E17,"<","")), IF(ISBLANK(E17)," ",E17)) | F118: =IF(LEFT(F17,1)="<",VALUE(SUBSTITUTE(F17,"<","")), IF(ISBLANK(F17)," ",F17)) | G118: =IF(LEFT(G17,1)="<",VALUE(SUBSTITUTE(G17,"<","")), IF(ISBLANK(G17)," ",G17)) | H118: =IF(LEFT(H17,1)="<",VALUE(SUBSTITUTE(H17,"<","")), IF(ISBLANK(H17)," ",H17)) | I118: =IF(LEFT(I17,1)="<",VALUE(SUBSTITUTE(I17,"<","")), IF(ISBLANK(I17)," ",I17)) | J118: =IF(LEFT(J17,1)="<",VALUE(SUBSTITUTE(J17,"<","")), IF(ISBLANK(J17)," ",J17)) | K118: =IF(LEFT(K17,1)="<",VALUE(SUBSTITUTE(K17,"<","")), IF(ISBLANK(K17)," ",K17)) | ... S118: =IF(LEFT(S17,1)="<",VALUE(SUBSTITUTE(S17,"<","")), IF(ISBLANK(S17)," ",S17))
D119: =IF(LEFT(D18,1)="<",VALUE(SUBSTITUTE(D18,"<","")), IF(ISBLANK(D18)," ",D18)) | E119: =IF(LEFT(E18,1)="<",VALUE(SUBSTITUTE(E18,"<","")), IF(ISBLANK(E18)," ",E18)) | F119: =IF(LEFT(F18,1)="<",VALUE(SUBSTITUTE(F18,"<","")), IF(ISBLANK(F18)," ",F18)) | G119: =IF(LEFT(G18,1)="<",VALUE(SUBSTITUTE(G18,"<","")), IF(ISBLANK(G18)," ",G18)) | H119: =IF(LEFT(H18,1)="<",VALUE(SUBSTITUTE(H18,"<","")), IF(ISBLANK(H18)," ",H18)) | I119: =IF(LEFT(I18,1)="<",VALUE(SUBSTITUTE(I18,"<","")), IF(ISBLANK(I18)," ",I18)) | J119: =IF(LEFT(J18,1)="<",VALUE(SUBSTITUTE(J18,"<","")), IF(ISBLANK(J18)," ",J18)) | K119: =IF(LEFT(K18,1)="<",VALUE(SUBSTITUTE(K18,"<","")), IF(ISBLANK(K18)," ",K18)) | ... S119: =IF(LEFT(S18,1)="<",VALUE(SUBSTITUTE(S18,"<","")), IF(ISBLANK(S18)," ",S18))
... D137: =IF(LEFT(D36,1)="<",VALUE(SUBSTITUTE(D36,"<","")), IF(ISBLANK(D36)," ",D36)) | E137: =IF(LEFT(E36,1)="<",VALUE(SUBSTITUTE(E36,"<","")), IF(ISBLANK(E36)," ",E36)) | F137: =IF(LEFT(F36,1)="<",VALUE(SUBSTITUTE(F36,"<","")), IF(ISBLANK(F36)," ",F36)) | G137: =IF(LEFT(G36,1)="<",VALUE(SUBSTITUTE(G36,"<","")), IF(ISBLANK(G36)," ",G36)) | H137: =IF(LEFT(H36,1)="<",VALUE(SUBSTITUTE(H36,"<","")), IF(ISBLANK(H36)," ",H36)) | I137: =IF(LEFT(I36,1)="<",VALUE(SUBSTITUTE(I36,"<","")), IF(ISBLANK(I36)," ",I36)) | J137: =IF(LEFT(J36,1)="<",VALUE(SUBSTITUTE(J36,"<","")), IF(ISBLANK(J36)," ",J36)) | K137: =IF(LEFT(K36,1)="<",VALUE(SUBSTITUTE(K36,"<","")), IF(ISBLANK(K36)," ",K36)) | ... S137: =IF(LEFT(S36,1)="<",VALUE(SUBSTITUTE(S36,"<","")), IF(ISBLANK(S36)," ",S36))

Sheet PPI 006
A1: Permit No.: | C1: WQ0028798 | E1: Facility Name: | G1: Booth Mountain Development | L1: County: | M1: Chatham | O1: Month: | R1: Year:
A2: PPI: | C2: 005 | D2: Flow Measuring Point: | K2: Parameter Monitoring Point:
A3: Parameter Code | D3: 31616 | E3: 00600 | F3: 00400 | G3: 00665 | H3: 82546
A4: Day | B4: ORC Arrival Time | C4: ORC Time On Site | D4: =IF(ISBLANK(D$3), " ", VLOOKUP(D$3,'PCS Parameter Codes'!$A$1:$D$76,2,FALSE)) -> Fecal Coliform | E4: =IF(ISBLANK(E$3), " ", VLOOKUP(E$3,'PCS Parameter Codes'!$A$1:$D$76,2,FALSE)) -> Total Nitrogen | F4: =IF(ISBLANK(F$3), " ", VLOOKUP(F$3,'PCS Parameter Codes'!$A$1:$D$76,2,FALSE)) -> pH | G4: =IF(ISBLANK(G$3), " ", VLOOKUP(G$3,'PCS Parameter Codes'!$A$1:$D$76,2,FALSE)) -> Total Phosphorus | H4: =IF(ISBLANK(H$3), " ", VLOOKUP(H$3,'PCS Parameter Codes'!$A$1:$D$76,2,FALSE)) -> Water Level | I4: =IF(ISBLANK(I$3), " ", VLOOKUP(I$3,'PCS Parameter Codes'!$A$1:$D$76,2,FALSE)) | J4: =IF(ISBLANK(J$3), " ", VLOOKUP(J$3,'PCS Parameter Codes'!$A$1:$D$76,2,FALSE)) | K4: =IF(ISBLANK(K$3), " ", VLOOKUP(K$3,'PCS Parameter Codes'!$A$1:$D$76,2,FALSE)) | ... S4: =IF(ISBLANK(S$3), " ", VLOOKUP(S$3,'PCS Parameter Codes'!$A$1:$D$76,2,FALSE))
B5: 24-hr | C5: hrs | D5: =IF(ISBLANK(D$3), " ", VLOOKUP(D$3,'PCS Parameter Codes'!$A$1:$D$76,4,FALSE)) -> #/100 mL | E5: =IF(ISBLANK(E$3), " ", VLOOKUP(E$3,'PCS Parameter Codes'!$A$1:$D$76,4,FALSE)) -> mg/L | F5: =IF(ISBLANK(F$3), " ", VLOOKUP(F$3,'PCS Parameter Codes'!$A$1:$D$76,4,FALSE)) -> su | G5: =IF(ISBLANK(G$3), " ", VLOOKUP(G$3,'PCS Parameter Codes'!$A$1:$D$76,4,FALSE)) -> mg/L | H5: =IF(ISBLANK(H$3), " ", VLOOKUP(H$3,'PCS Parameter Codes'!$A$1:$D$76,4,FALSE)) -> ft | I5: =IF(ISBLANK(I$3), " ", VLOOKUP(I$3,'PCS Parameter Codes'!$A$1:$D$76,4,FALSE)) | J5: =IF(ISBLANK(J$3), " ", VLOOKUP(J$3,'PCS Parameter Codes'!$A$1:$D$76,4,FALSE)) | K5: =IF(ISBLANK(K$3), " ", VLOOKUP(K$3,'PCS Parameter Codes'!$A$1:$D$76,4,FALSE)) | ... S5: =IF(ISBLANK(S$3), " ", VLOOKUP(S$3,'PCS Parameter Codes'!$A$1:$D$76,4,FALSE))
A6: 1
A7: 2
A8: 3
A9: 4
A10: 5
A11: 6
A12: 7
A13: 8
A14: 9
A15: 10
A16: 11
A17: 12
... A36: 31
A37: Average: | D37: =IF(ISBLANK($C$1)," ", IF(COUNT(D45:D75)=0, " ", IF(D$4="pH"," ", IF(D$4="Fecal Coliform", GEOMEAN(D76:D106), IF(D$4="Total Coliform", GEOMEAN(D76:D106), AVERAGE(D45:D75)))))) | E37: =IF(ISBLANK($C$1)," ", IF(COUNT(E45:E75)=0, " ", IF(E$4="pH"," ", IF(E$4="Fecal Coliform", GEOMEAN(E76:E106), IF(E$4="Total Coliform", GEOMEAN(E76:E106), AVERAGE(E45:E75)))))) | F37: =IF(ISBLANK($C$1)," ", IF(COUNT(F45:F75)=0, " ", IF(F$4="pH"," ", IF(F$4="Fecal Coliform", GEOMEAN(F76:F106), IF(F$4="Total Coliform", GEOMEAN(F76:F106), AVERAGE(F45:F75)))))) | G37: =IF(ISBLANK($C$1)," ", IF(COUNT(G45:G75)=0, " ", IF(G$4="pH"," ", IF(G$4="Fecal Coliform", GEOMEAN(G76:G106), IF(G$4="Total Coliform", GEOMEAN(G76:G106), AVERAGE(G45:G75)))))) | H37: =IF(ISBLANK($C$1)," ", IF(COUNT(H45:H75)=0, " ", IF(H$4="pH"," ", IF(H$4="Fecal Coliform", GEOMEAN(H76:H106), IF(H$4="Total Coliform", GEOMEAN(H76:H106), AVERAGE(H45:H75)))))) | I37: =IF(ISBLANK($C$1)," ", IF(COUNT(I45:I75)=0, " ", IF(I$4="pH"," ", IF(I$4="Fecal Coliform", GEOMEAN(I76:I106), IF(I$4="Total Coliform", GEOMEAN(I76:I106), AVERAGE(I45:I75)))))) | J37: =IF(ISBLANK($C$1)," ", IF(COUNT(J45:J75)=0, " ", IF(J$4="pH"," ", IF(J$4="Fecal Coliform", GEOMEAN(J76:J106), IF(J$4="Total Coliform", GEOMEAN(J76:J106), AVERAGE(J45:J75)))))) | K37: =IF(ISBLANK($C$1)," ", IF(COUNT(K45:K75)=0, " ", IF(K$4="pH"," ", IF(K$4="Fecal Coliform", GEOMEAN(K76:K106), IF(K$4="Total Coliform", GEOMEAN(K76:K106), AVERAGE(K45:K75)))))) | ... S37: =IF(ISBLANK($C$1)," ", IF(COUNT(S45:S75)=0, " ", IF(S$4="pH"," ", IF(S$4="Fecal Coliform", GEOMEAN(S76:S106), IF(S$4="Total Coliform", GEOMEAN(S76:S106), AVERAGE(S45:S75))))))
A38: Daily Maximum: | D38: =IF(ISBLANK($C$1)," ", IF(COUNT(D45:D75)=0, " ", MAX(D107:D137))) | E38: =IF(ISBLANK($C$1)," ", IF(COUNT(E45:E75)=0, " ", MAX(E107:E137))) | F38: =IF(ISBLANK($C$1)," ", IF(COUNT(F45:F75)=0, " ", MAX(F107:F137))) | G38: =IF(ISBLANK($C$1)," ", IF(COUNT(G45:G75)=0, " ", MAX(G107:G137))) | H38: =IF(ISBLANK($C$1)," ", IF(COUNT(H45:H75)=0, " ", MAX(H107:H137))) | I38: =IF(ISBLANK($C$1)," ", IF(COUNT(I45:I75)=0, " ", MAX(I107:I137))) | J38: =IF(ISBLANK($C$1)," ", IF(COUNT(J45:J75)=0, " ", MAX(J107:J137))) | K38: =IF(ISBLANK($C$1)," ", IF(COUNT(K45:K75)=0, " ", MAX(K107:K137))) | ... S38: =IF(ISBLANK($C$1)," ", IF(COUNT(S45:S75)=0, " ", MAX(S107:S137)))
A39: Daily Minimum: | D39: =IF(ISBLANK($C$1)," ", IF(COUNT(D45:D75)=0, " ", MIN(D107:D137))) | E39: =IF(ISBLANK($C$1)," ", IF(COUNT(E45:E75)=0, " ", MIN(E107:E137))) | F39: =IF(ISBLANK($C$1)," ", IF(COUNT(F45:F75)=0, " ", MIN(F107:F137))) | G39: =IF(ISBLANK($C$1)," ", IF(COUNT(G45:G75)=0, " ", MIN(G107:G137))) | H39: =IF(ISBLANK($C$1)," ", IF(COUNT(H45:H75)=0, " ", MIN(H107:H137))) | I39: =IF(ISBLANK($C$1)," ", IF(COUNT(I45:I75)=0, " ", MIN(I107:I137))) | J39: =IF(ISBLANK($C$1)," ", IF(COUNT(J45:J75)=0, " ", MIN(J107:J137))) | K39: =IF(ISBLANK($C$1)," ", IF(COUNT(K45:K75)=0, " ", MIN(K107:K137))) | ... S39: =IF(ISBLANK($C$1)," ", IF(COUNT(S45:S75)=0, " ", MIN(S107:S137)))
A40: Sampling Type: | D40: Grab | E40: Grab | F40: Grab | G40: Grab | H40: Grab
A41: Monthly Avg. Limit:
A42: Daily Limit:
A43: Sample Frequency: | D43: 4 x Year | E43: 4 x Year | F43: 4 x Year | G43: 4 x Year | H43: 4 x Year
C45: Average | D45: =IF(ISBLANK(D6), " ",IF(ISTEXT(D6),0,D6)) | E45: =IF(ISBLANK(E6), " ",IF(ISTEXT(E6),0,E6)) | F45: =IF(ISBLANK(F6), " ",IF(ISTEXT(F6),0,F6)) | G45: =IF(ISBLANK(G6), " ",IF(ISTEXT(G6),0,G6)) | H45: =IF(ISBLANK(H6), " ",IF(ISTEXT(H6),0,H6)) | I45: =IF(ISBLANK(I6), " ",IF(ISTEXT(I6),0,I6)) | J45: =IF(ISBLANK(J6), " ",IF(ISTEXT(J6),0,J6)) | K45: =IF(ISBLANK(K6), " ",IF(ISTEXT(K6),0,K6)) | ... S45: =IF(ISBLANK(S6), " ",IF(ISTEXT(S6),0,S6))
D46: =IF(ISBLANK(D7), " ",IF(ISTEXT(D7),0,D7)) | E46: =IF(ISBLANK(E7), " ",IF(ISTEXT(E7),0,E7)) | F46: =IF(ISBLANK(F7), " ",IF(ISTEXT(F7),0,F7)) | G46: =IF(ISBLANK(G7), " ",IF(ISTEXT(G7),0,G7)) | H46: =IF(ISBLANK(H7), " ",IF(ISTEXT(H7),0,H7)) | I46: =IF(ISBLANK(I7), " ",IF(ISTEXT(I7),0,I7)) | J46: =IF(ISBLANK(J7), " ",IF(ISTEXT(J7),0,J7)) | K46: =IF(ISBLANK(K7), " ",IF(ISTEXT(K7),0,K7)) | ... S46: =IF(ISBLANK(S7), " ",IF(ISTEXT(S7),0,S7))
D47: =IF(ISBLANK(D8), " ",IF(ISTEXT(D8),0,D8)) | E47: =IF(ISBLANK(E8), " ",IF(ISTEXT(E8),0,E8)) | F47: =IF(ISBLANK(F8), " ",IF(ISTEXT(F8),0,F8)) | G47: =IF(ISBLANK(G8), " ",IF(ISTEXT(G8),0,G8)) | H47: =IF(ISBLANK(H8), " ",IF(ISTEXT(H8),0,H8)) | I47: =IF(ISBLANK(I8), " ",IF(ISTEXT(I8),0,I8)) | J47: =IF(ISBLANK(J8), " ",IF(ISTEXT(J8),0,J8)) | K47: =IF(ISBLANK(K8), " ",IF(ISTEXT(K8),0,K8)) | ... S47: =IF(ISBLANK(S8), " ",IF(ISTEXT(S8),0,S8))
D48: =IF(ISBLANK(D9), " ",IF(ISTEXT(D9),0,D9)) | E48: =IF(ISBLANK(E9), " ",IF(ISTEXT(E9),0,E9)) | F48: =IF(ISBLANK(F9), " ",IF(ISTEXT(F9),0,F9)) | G48: =IF(ISBLANK(G9), " ",IF(ISTEXT(G9),0,G9)) | H48: =IF(ISBLANK(H9), " ",IF(ISTEXT(H9),0,H9)) | I48: =IF(ISBLANK(I9), " ",IF(ISTEXT(I9),0,I9)) | J48: =IF(ISBLANK(J9), " ",IF(ISTEXT(J9),0,J9)) | K48: =IF(ISBLANK(K9), " ",IF(ISTEXT(K9),0,K9)) | ... S48: =IF(ISBLANK(S9), " ",IF(ISTEXT(S9),0,S9))
D49: =IF(ISBLANK(D10), " ",IF(ISTEXT(D10),0,D10)) | E49: =IF(ISBLANK(E10), " ",IF(ISTEXT(E10),0,E10)) | F49: =IF(ISBLANK(F10), " ",IF(ISTEXT(F10),0,F10)) | G49: =IF(ISBLANK(G10), " ",IF(ISTEXT(G10),0,G10)) | H49: =IF(ISBLANK(H10), " ",IF(ISTEXT(H10),0,H10)) | I49: =IF(ISBLANK(I10), " ",IF(ISTEXT(I10),0,I10)) | J49: =IF(ISBLANK(J10), " ",IF(ISTEXT(J10),0,J10)) | K49: =IF(ISBLANK(K10), " ",IF(ISTEXT(K10),0,K10)) | ... S49: =IF(ISBLANK(S10), " ",IF(ISTEXT(S10),0,S10))
D50: =IF(ISBLANK(D11), " ",IF(ISTEXT(D11),0,D11)) | E50: =IF(ISBLANK(E11), " ",IF(ISTEXT(E11),0,E11)) | F50: =IF(ISBLANK(F11), " ",IF(ISTEXT(F11),0,F11)) | G50: =IF(ISBLANK(G11), " ",IF(ISTEXT(G11),0,G11)) | H50: =IF(ISBLANK(H11), " ",IF(ISTEXT(H11),0,H11)) | I50: =IF(ISBLANK(I11), " ",IF(ISTEXT(I11),0,I11)) | J50: =IF(ISBLANK(J11), " ",IF(ISTEXT(J11),0,J11)) | K50: =IF(ISBLANK(K11), " ",IF(ISTEXT(K11),0,K11)) | ... S50: =IF(ISBLANK(S11), " ",IF(ISTEXT(S11),0,S11))
D51: =IF(ISBLANK(D12), " ",IF(ISTEXT(D12),0,D12)) | E51: =IF(ISBLANK(E12), " ",IF(ISTEXT(E12),0,E12)) | F51: =IF(ISBLANK(F12), " ",IF(ISTEXT(F12),0,F12)) | G51: =IF(ISBLANK(G12), " ",IF(ISTEXT(G12),0,G12)) | H51: =IF(ISBLANK(H12), " ",IF(ISTEXT(H12),0,H12)) | I51: =IF(ISBLANK(I12), " ",IF(ISTEXT(I12),0,I12)) | J51: =IF(ISBLANK(J12), " ",IF(ISTEXT(J12),0,J12)) | K51: =IF(ISBLANK(K12), " ",IF(ISTEXT(K12),0,K12)) | ... S51: =IF(ISBLANK(S12), " ",IF(ISTEXT(S12),0,S12))
D52: =IF(ISBLANK(D13), " ",IF(ISTEXT(D13),0,D13)) | E52: =IF(ISBLANK(E13), " ",IF(ISTEXT(E13),0,E13)) | F52: =IF(ISBLANK(F13), " ",IF(ISTEXT(F13),0,F13)) | G52: =IF(ISBLANK(G13), " ",IF(ISTEXT(G13),0,G13)) | H52: =IF(ISBLANK(H13), " ",IF(ISTEXT(H13),0,H13)) | I52: =IF(ISBLANK(I13), " ",IF(ISTEXT(I13),0,I13)) | J52: =IF(ISBLANK(J13), " ",IF(ISTEXT(J13),0,J13)) | K52: =IF(ISBLANK(K13), " ",IF(ISTEXT(K13),0,K13)) | ... S52: =IF(ISBLANK(S13), " ",IF(ISTEXT(S13),0,S13))
D53: =IF(ISBLANK(D14), " ",IF(ISTEXT(D14),0,D14)) | E53: =IF(ISBLANK(E14), " ",IF(ISTEXT(E14),0,E14)) | F53: =IF(ISBLANK(F14), " ",IF(ISTEXT(F14),0,F14)) | G53: =IF(ISBLANK(G14), " ",IF(ISTEXT(G14),0,G14)) | H53: =IF(ISBLANK(H14), " ",IF(ISTEXT(H14),0,H14)) | I53: =IF(ISBLANK(I14), " ",IF(ISTEXT(I14),0,I14)) | J53: =IF(ISBLANK(J14), " ",IF(ISTEXT(J14),0,J14)) | K53: =IF(ISBLANK(K14), " ",IF(ISTEXT(K14),0,K14)) | ... S53: =IF(ISBLANK(S14), " ",IF(ISTEXT(S14),0,S14))
D54: =IF(ISBLANK(D15), " ",IF(ISTEXT(D15),0,D15)) | E54: =IF(ISBLANK(E15), " ",IF(ISTEXT(E15),0,E15)) | F54: =IF(ISBLANK(F15), " ",IF(ISTEXT(F15),0,F15)) | G54: =IF(ISBLANK(G15), " ",IF(ISTEXT(G15),0,G15)) | H54: =IF(ISBLANK(H15), " ",IF(ISTEXT(H15),0,H15)) | I54: =IF(ISBLANK(I15), " ",IF(ISTEXT(I15),0,I15)) | J54: =IF(ISBLANK(J15), " ",IF(ISTEXT(J15),0,J15)) | K54: =IF(ISBLANK(K15), " ",IF(ISTEXT(K15),0,K15)) | ... S54: =IF(ISBLANK(S15), " ",IF(ISTEXT(S15),0,S15))
D55: =IF(ISBLANK(D16), " ",IF(ISTEXT(D16),0,D16)) | E55: =IF(ISBLANK(E16), " ",IF(ISTEXT(E16),0,E16)) | F55: =IF(ISBLANK(F16), " ",IF(ISTEXT(F16),0,F16)) | G55: =IF(ISBLANK(G16), " ",IF(ISTEXT(G16),0,G16)) | H55: =IF(ISBLANK(H16), " ",IF(ISTEXT(H16),0,H16)) | I55: =IF(ISBLANK(I16), " ",IF(ISTEXT(I16),0,I16)) | J55: =IF(ISBLANK(J16), " ",IF(ISTEXT(J16),0,J16)) | K55: =IF(ISBLANK(K16), " ",IF(ISTEXT(K16),0,K16)) | ... S55: =IF(ISBLANK(S16), " ",IF(ISTEXT(S16),0,S16))
D56: =IF(ISBLANK(D17), " ",IF(ISTEXT(D17),0,D17)) | E56: =IF(ISBLANK(E17), " ",IF(ISTEXT(E17),0,E17)) | F56: =IF(ISBLANK(F17), " ",IF(ISTEXT(F17),0,F17)) | G56: =IF(ISBLANK(G17), " ",IF(ISTEXT(G17),0,G17)) | H56: =IF(ISBLANK(H17), " ",IF(ISTEXT(H17),0,H17)) | I56: =IF(ISBLANK(I17), " ",IF(ISTEXT(I17),0,I17)) | J56: =IF(ISBLANK(J17), " ",IF(ISTEXT(J17),0,J17)) | K56: =IF(ISBLANK(K17), " ",IF(ISTEXT(K17),0,K17)) | ... S56: =IF(ISBLANK(S17), " ",IF(ISTEXT(S17),0,S17))
D57: =IF(ISBLANK(D18), " ",IF(ISTEXT(D18),0,D18)) | E57: =IF(ISBLANK(E18), " ",IF(ISTEXT(E18),0,E18)) | F57: =IF(ISBLANK(F18), " ",IF(ISTEXT(F18),0,F18)) | G57: =IF(ISBLANK(G18), " ",IF(ISTEXT(G18),0,G18)) | H57: =IF(ISBLANK(H18), " ",IF(ISTEXT(H18),0,H18)) | I57: =IF(ISBLANK(I18), " ",IF(ISTEXT(I18),0,I18)) | J57: =IF(ISBLANK(J18), " ",IF(ISTEXT(J18),0,J18)) | K57: =IF(ISBLANK(K18), " ",IF(ISTEXT(K18),0,K18)) | ... S57: =IF(ISBLANK(S18), " ",IF(ISTEXT(S18),0,S18))
... D75: =IF(ISBLANK(D36), " ",IF(ISTEXT(D36),0,D36)) | E75: =IF(ISBLANK(E36), " ",IF(ISTEXT(E36),0,E36)) | F75: =IF(ISBLANK(F36), " ",IF(ISTEXT(F36),0,F36)) | G75: =IF(ISBLANK(G36), " ",IF(ISTEXT(G36),0,G36)) | H75: =IF(ISBLANK(H36), " ",IF(ISTEXT(H36),0,H36)) | I75: =IF(ISBLANK(I36), " ",IF(ISTEXT(I36),0,I36)) | J75: =IF(ISBLANK(J36), " ",IF(ISTEXT(J36),0,J36)) | K75: =IF(ISBLANK(K36), " ",IF(ISTEXT(K36),0,K36)) | ... S75: =IF(ISBLANK(S36), " ",IF(ISTEXT(S36),0,S36))
C76: Geomean | D76: =IF(ISBLANK(D6)," ",IF(ISTEXT(D6),1,D6)) | E76: =IF(ISBLANK(E6)," ",IF(ISTEXT(E6),1,E6)) | F76: =IF(ISBLANK(F6)," ",IF(ISTEXT(F6),1,F6)) | G76: =IF(ISBLANK(G6)," ",IF(ISTEXT(G6),1,G6)) | H76: =IF(ISBLANK(H6)," ",IF(ISTEXT(H6),1,H6)) | I76: =IF(ISBLANK(I6)," ",IF(ISTEXT(I6),1,I6)) | J76: =IF(ISBLANK(J6)," ",IF(ISTEXT(J6),1,J6)) | K76: =IF(ISBLANK(K6)," ",IF(ISTEXT(K6),1,K6)) | ... S76: =IF(ISBLANK(S6)," ",IF(ISTEXT(S6),1,S6))
D77: =IF(ISBLANK(D7)," ",IF(ISTEXT(D7),1,D7)) | E77: =IF(ISBLANK(E7)," ",IF(ISTEXT(E7),1,E7)) | F77: =IF(ISBLANK(F7)," ",IF(ISTEXT(F7),1,F7)) | G77: =IF(ISBLANK(G7)," ",IF(ISTEXT(G7),1,G7)) | H77: =IF(ISBLANK(H7)," ",IF(ISTEXT(H7),1,H7)) | I77: =IF(ISBLANK(I7)," ",IF(ISTEXT(I7),1,I7)) | J77: =IF(ISBLANK(J7)," ",IF(ISTEXT(J7),1,J7)) | K77: =IF(ISBLANK(K7)," ",IF(ISTEXT(K7),1,K7)) | ... S77: =IF(ISBLANK(S7)," ",IF(ISTEXT(S7),1,S7))
D78: =IF(ISBLANK(D8)," ",IF(ISTEXT(D8),1,D8)) | E78: =IF(ISBLANK(E8)," ",IF(ISTEXT(E8),1,E8)) | F78: =IF(ISBLANK(F8)," ",IF(ISTEXT(F8),1,F8)) | G78: =IF(ISBLANK(G8)," ",IF(ISTEXT(G8),1,G8)) | H78: =IF(ISBLANK(H8)," ",IF(ISTEXT(H8),1,H8)) | I78: =IF(ISBLANK(I8)," ",IF(ISTEXT(I8),1,I8)) | J78: =IF(ISBLANK(J8)," ",IF(ISTEXT(J8),1,J8)) | K78: =IF(ISBLANK(K8)," ",IF(ISTEXT(K8),1,K8)) | ... S78: =IF(ISBLANK(S8)," ",IF(ISTEXT(S8),1,S8))
D79: =IF(ISBLANK(D9)," ",IF(ISTEXT(D9),1,D9)) | E79: =IF(ISBLANK(E9)," ",IF(ISTEXT(E9),1,E9)) | F79: =IF(ISBLANK(F9)," ",IF(ISTEXT(F9),1,F9)) | G79: =IF(ISBLANK(G9)," ",IF(ISTEXT(G9),1,G9)) | H79: =IF(ISBLANK(H9)," ",IF(ISTEXT(H9),1,H9)) | I79: =IF(ISBLANK(I9)," ",IF(ISTEXT(I9),1,I9)) | J79: =IF(ISBLANK(J9)," ",IF(ISTEXT(J9),1,J9)) | K79: =IF(ISBLANK(K9)," ",IF(ISTEXT(K9),1,K9)) | ... S79: =IF(ISBLANK(S9)," ",IF(ISTEXT(S9),1,S9))
D80: =IF(ISBLANK(D10)," ",IF(ISTEXT(D10),1,D10)) | E80: =IF(ISBLANK(E10)," ",IF(ISTEXT(E10),1,E10)) | F80: =IF(ISBLANK(F10)," ",IF(ISTEXT(F10),1,F10)) | G80: =IF(ISBLANK(G10)," ",IF(ISTEXT(G10),1,G10)) | H80: =IF(ISBLANK(H10)," ",IF(ISTEXT(H10),1,H10)) | I80: =IF(ISBLANK(I10)," ",IF(ISTEXT(I10),1,I10)) | J80: =IF(ISBLANK(J10)," ",IF(ISTEXT(J10),1,J10)) | K80: =IF(ISBLANK(K10)," ",IF(ISTEXT(K10),1,K10)) | ... S80: =IF(ISBLANK(S10)," ",IF(ISTEXT(S10),1,S10))
D81: =IF(ISBLANK(D11)," ",IF(ISTEXT(D11),1,D11)) | E81: =IF(ISBLANK(E11)," ",IF(ISTEXT(E11),1,E11)) | F81: =IF(ISBLANK(F11)," ",IF(ISTEXT(F11),1,F11)) | G81: =IF(ISBLANK(G11)," ",IF(ISTEXT(G11),1,G11)) | H81: =IF(ISBLANK(H11)," ",IF(ISTEXT(H11),1,H11)) | I81: =IF(ISBLANK(I11)," ",IF(ISTEXT(I11),1,I11)) | J81: =IF(ISBLANK(J11)," ",IF(ISTEXT(J11),1,J11)) | K81: =IF(ISBLANK(K11)," ",IF(ISTEXT(K11),1,K11)) | ... S81: =IF(ISBLANK(S11)," ",IF(ISTEXT(S11),1,S11))
D82: =IF(ISBLANK(D12)," ",IF(ISTEXT(D12),1,D12)) | E82: =IF(ISBLANK(E12)," ",IF(ISTEXT(E12),1,E12)) | F82: =IF(ISBLANK(F12)," ",IF(ISTEXT(F12),1,F12)) | G82: =IF(ISBLANK(G12)," ",IF(ISTEXT(G12),1,G12)) | H82: =IF(ISBLANK(H12)," ",IF(ISTEXT(H12),1,H12)) | I82: =IF(ISBLANK(I12)," ",IF(ISTEXT(I12),1,I12)) | J82: =IF(ISBLANK(J12)," ",IF(ISTEXT(J12),1,J12)) | K82: =IF(ISBLANK(K12)," ",IF(ISTEXT(K12),1,K12)) | ... S82: =IF(ISBLANK(S12)," ",IF(ISTEXT(S12),1,S12))
D83: =IF(ISBLANK(D13)," ",IF(ISTEXT(D13),1,D13)) | E83: =IF(ISBLANK(E13)," ",IF(ISTEXT(E13),1,E13)) | F83: =IF(ISBLANK(F13)," ",IF(ISTEXT(F13),1,F13)) | G83: =IF(ISBLANK(G13)," ",IF(ISTEXT(G13),1,G13)) | H83: =IF(ISBLANK(H13)," ",IF(ISTEXT(H13),1,H13)) | I83: =IF(ISBLANK(I13)," ",IF(ISTEXT(I13),1,I13)) | J83: =IF(ISBLANK(J13)," ",IF(ISTEXT(J13),1,J13)) | K83: =IF(ISBLANK(K13)," ",IF(ISTEXT(K13),1,K13)) | ... S83: =IF(ISBLANK(S13)," ",IF(ISTEXT(S13),1,S13))
D84: =IF(ISBLANK(D14)," ",IF(ISTEXT(D14),1,D14)) | E84: =IF(ISBLANK(E14)," ",IF(ISTEXT(E14),1,E14)) | F84: =IF(ISBLANK(F14)," ",IF(ISTEXT(F14),1,F14)) | G84: =IF(ISBLANK(G14)," ",IF(ISTEXT(G14),1,G14)) | H84: =IF(ISBLANK(H14)," ",IF(ISTEXT(H14),1,H14)) | I84: =IF(ISBLANK(I14)," ",IF(ISTEXT(I14),1,I14)) | J84: =IF(ISBLANK(J14)," ",IF(ISTEXT(J14),1,J14)) | K84: =IF(ISBLANK(K14)," ",IF(ISTEXT(K14),1,K14)) | ... S84: =IF(ISBLANK(S14)," ",IF(ISTEXT(S14),1,S14))
D85: =IF(ISBLANK(D15)," ",IF(ISTEXT(D15),1,D15)) | E85: =IF(ISBLANK(E15)," ",IF(ISTEXT(E15),1,E15)) | F85: =IF(ISBLANK(F15)," ",IF(ISTEXT(F15),1,F15)) | G85: =IF(ISBLANK(G15)," ",IF(ISTEXT(G15),1,G15)) | H85: =IF(ISBLANK(H15)," ",IF(ISTEXT(H15),1,H15)) | I85: =IF(ISBLANK(I15)," ",IF(ISTEXT(I15),1,I15)) | J85: =IF(ISBLANK(J15)," ",IF(ISTEXT(J15),1,J15)) | K85: =IF(ISBLANK(K15)," ",IF(ISTEXT(K15),1,K15)) | ... S85: =IF(ISBLANK(S15)," ",IF(ISTEXT(S15),1,S15))
D86: =IF(ISBLANK(D16)," ",IF(ISTEXT(D16),1,D16)) | E86: =IF(ISBLANK(E16)," ",IF(ISTEXT(E16),1,E16)) | F86: =IF(ISBLANK(F16)," ",IF(ISTEXT(F16),1,F16)) | G86: =IF(ISBLANK(G16)," ",IF(ISTEXT(G16),1,G16)) | H86: =IF(ISBLANK(H16)," ",IF(ISTEXT(H16),1,H16)) | I86: =IF(ISBLANK(I16)," ",IF(ISTEXT(I16),1,I16)) | J86: =IF(ISBLANK(J16)," ",IF(ISTEXT(J16),1,J16)) | K86: =IF(ISBLANK(K16)," ",IF(ISTEXT(K16),1,K16)) | ... S86: =IF(ISBLANK(S16)," ",IF(ISTEXT(S16),1,S16))
D87: =IF(ISBLANK(D17)," ",IF(ISTEXT(D17),1,D17)) | E87: =IF(ISBLANK(E17)," ",IF(ISTEXT(E17),1,E17)) | F87: =IF(ISBLANK(F17)," ",IF(ISTEXT(F17),1,F17)) | G87: =IF(ISBLANK(G17)," ",IF(ISTEXT(G17),1,G17)) | H87: =IF(ISBLANK(H17)," ",IF(ISTEXT(H17),1,H17)) | I87: =IF(ISBLANK(I17)," ",IF(ISTEXT(I17),1,I17)) | J87: =IF(ISBLANK(J17)," ",IF(ISTEXT(J17),1,J17)) | K87: =IF(ISBLANK(K17)," ",IF(ISTEXT(K17),1,K17)) | ... S87: =IF(ISBLANK(S17)," ",IF(ISTEXT(S17),1,S17))
D88: =IF(ISBLANK(D18)," ",IF(ISTEXT(D18),1,D18)) | E88: =IF(ISBLANK(E18)," ",IF(ISTEXT(E18),1,E18)) | F88: =IF(ISBLANK(F18)," ",IF(ISTEXT(F18),1,F18)) | G88: =IF(ISBLANK(G18)," ",IF(ISTEXT(G18),1,G18)) | H88: =IF(ISBLANK(H18)," ",IF(ISTEXT(H18),1,H18)) | I88: =IF(ISBLANK(I18)," ",IF(ISTEXT(I18),1,I18)) | J88: =IF(ISBLANK(J18)," ",IF(ISTEXT(J18),1,J18)) | K88: =IF(ISBLANK(K18)," ",IF(ISTEXT(K18),1,K18)) | ... S88: =IF(ISBLANK(S18)," ",IF(ISTEXT(S18),1,S18))
... D106: =IF(ISBLANK(D36)," ",IF(ISTEXT(D36),1,D36)) | E106: =IF(ISBLANK(E36)," ",IF(ISTEXT(E36),1,E36)) | F106: =IF(ISBLANK(F36)," ",IF(ISTEXT(F36),1,F36)) | G106: =IF(ISBLANK(G36)," ",IF(ISTEXT(G36),1,G36)) | H106: =IF(ISBLANK(H36)," ",IF(ISTEXT(H36),1,H36)) | I106: =IF(ISBLANK(I36)," ",IF(ISTEXT(I36),1,I36)) | J106: =IF(ISBLANK(J36)," ",IF(ISTEXT(J36),1,J36)) | K106: =IF(ISBLANK(K36)," ",IF(ISTEXT(K36),1,K36)) | ... S106: =IF(ISBLANK(S36)," ",IF(ISTEXT(S36),1,S36))
C107: MAX/MIN | D107: =IF(LEFT(D6,1)="<",VALUE(SUBSTITUTE(D6,"<","")), IF(ISBLANK(D6)," ",D6)) | E107: =IF(LEFT(E6,1)="<",VALUE(SUBSTITUTE(E6,"<","")), IF(ISBLANK(E6)," ",E6)) | F107: =IF(LEFT(F6,1)="<",VALUE(SUBSTITUTE(F6,"<","")), IF(ISBLANK(F6)," ",F6)) | G107: =IF(LEFT(G6,1)="<",VALUE(SUBSTITUTE(G6,"<","")), IF(ISBLANK(G6)," ",G6)) | H107: =IF(LEFT(H6,1)="<",VALUE(SUBSTITUTE(H6,"<","")), IF(ISBLANK(H6)," ",H6)) | I107: =IF(LEFT(I6,1)="<",VALUE(SUBSTITUTE(I6,"<","")), IF(ISBLANK(I6)," ",I6)) | J107: =IF(LEFT(J6,1)="<",VALUE(SUBSTITUTE(J6,"<","")), IF(ISBLANK(J6)," ",J6)) | K107: =IF(LEFT(K6,1)="<",VALUE(SUBSTITUTE(K6,"<","")), IF(ISBLANK(K6)," ",K6)) | ... S107: =IF(LEFT(S6,1)="<",VALUE(SUBSTITUTE(S6,"<","")), IF(ISBLANK(S6)," ",S6))
D108: =IF(LEFT(D7,1)="<",VALUE(SUBSTITUTE(D7,"<","")), IF(ISBLANK(D7)," ",D7)) | E108: =IF(LEFT(E7,1)="<",VALUE(SUBSTITUTE(E7,"<","")), IF(ISBLANK(E7)," ",E7)) | F108: =IF(LEFT(F7,1)="<",VALUE(SUBSTITUTE(F7,"<","")), IF(ISBLANK(F7)," ",F7)) | G108: =IF(LEFT(G7,1)="<",VALUE(SUBSTITUTE(G7,"<","")), IF(ISBLANK(G7)," ",G7)) | H108: =IF(LEFT(H7,1)="<",VALUE(SUBSTITUTE(H7,"<","")), IF(ISBLANK(H7)," ",H7)) | I108: =IF(LEFT(I7,1)="<",VALUE(SUBSTITUTE(I7,"<","")), IF(ISBLANK(I7)," ",I7)) | J108: =IF(LEFT(J7,1)="<",VALUE(SUBSTITUTE(J7,"<","")), IF(ISBLANK(J7)," ",J7)) | K108: =IF(LEFT(K7,1)="<",VALUE(SUBSTITUTE(K7,"<","")), IF(ISBLANK(K7)," ",K7)) | ... S108: =IF(LEFT(S7,1)="<",VALUE(SUBSTITUTE(S7,"<","")), IF(ISBLANK(S7)," ",S7))
D109: =IF(LEFT(D8,1)="<",VALUE(SUBSTITUTE(D8,"<","")), IF(ISBLANK(D8)," ",D8)) | E109: =IF(LEFT(E8,1)="<",VALUE(SUBSTITUTE(E8,"<","")), IF(ISBLANK(E8)," ",E8)) | F109: =IF(LEFT(F8,1)="<",VALUE(SUBSTITUTE(F8,"<","")), IF(ISBLANK(F8)," ",F8)) | G109: =IF(LEFT(G8,1)="<",VALUE(SUBSTITUTE(G8,"<","")), IF(ISBLANK(G8)," ",G8)) | H109: =IF(LEFT(H8,1)="<",VALUE(SUBSTITUTE(H8,"<","")), IF(ISBLANK(H8)," ",H8)) | I109: =IF(LEFT(I8,1)="<",VALUE(SUBSTITUTE(I8,"<","")), IF(ISBLANK(I8)," ",I8)) | J109: =IF(LEFT(J8,1)="<",VALUE(SUBSTITUTE(J8,"<","")), IF(ISBLANK(J8)," ",J8)) | K109: =IF(LEFT(K8,1)="<",VALUE(SUBSTITUTE(K8,"<","")), IF(ISBLANK(K8)," ",K8)) | ... S109: =IF(LEFT(S8,1)="<",VALUE(SUBSTITUTE(S8,"<","")), IF(ISBLANK(S8)," ",S8))
D110: =IF(LEFT(D9,1)="<",VALUE(SUBSTITUTE(D9,"<","")), IF(ISBLANK(D9)," ",D9)) | E110: =IF(LEFT(E9,1)="<",VALUE(SUBSTITUTE(E9,"<","")), IF(ISBLANK(E9)," ",E9)) | F110: =IF(LEFT(F9,1)="<",VALUE(SUBSTITUTE(F9,"<","")), IF(ISBLANK(F9)," ",F9)) | G110: =IF(LEFT(G9,1)="<",VALUE(SUBSTITUTE(G9,"<","")), IF(ISBLANK(G9)," ",G9)) | H110: =IF(LEFT(H9,1)="<",VALUE(SUBSTITUTE(H9,"<","")), IF(ISBLANK(H9)," ",H9)) | I110: =IF(LEFT(I9,1)="<",VALUE(SUBSTITUTE(I9,"<","")), IF(ISBLANK(I9)," ",I9)) | J110: =IF(LEFT(J9,1)="<",VALUE(SUBSTITUTE(J9,"<","")), IF(ISBLANK(J9)," ",J9)) | K110: =IF(LEFT(K9,1)="<",VALUE(SUBSTITUTE(K9,"<","")), IF(ISBLANK(K9)," ",K9)) | ... S110: =IF(LEFT(S9,1)="<",VALUE(SUBSTITUTE(S9,"<","")), IF(ISBLANK(S9)," ",S9))
D111: =IF(LEFT(D10,1)="<",VALUE(SUBSTITUTE(D10,"<","")), IF(ISBLANK(D10)," ",D10)) | E111: =IF(LEFT(E10,1)="<",VALUE(SUBSTITUTE(E10,"<","")), IF(ISBLANK(E10)," ",E10)) | F111: =IF(LEFT(F10,1)="<",VALUE(SUBSTITUTE(F10,"<","")), IF(ISBLANK(F10)," ",F10)) | G111: =IF(LEFT(G10,1)="<",VALUE(SUBSTITUTE(G10,"<","")), IF(ISBLANK(G10)," ",G10)) | H111: =IF(LEFT(H10,1)="<",VALUE(SUBSTITUTE(H10,"<","")), IF(ISBLANK(H10)," ",H10)) | I111: =IF(LEFT(I10,1)="<",VALUE(SUBSTITUTE(I10,"<","")), IF(ISBLANK(I10)," ",I10)) | J111: =IF(LEFT(J10,1)="<",VALUE(SUBSTITUTE(J10,"<","")), IF(ISBLANK(J10)," ",J10)) | K111: =IF(LEFT(K10,1)="<",VALUE(SUBSTITUTE(K10,"<","")), IF(ISBLANK(K10)," ",K10)) | ... S111: =IF(LEFT(S10,1)="<",VALUE(SUBSTITUTE(S10,"<","")), IF(ISBLANK(S10)," ",S10))
D112: =IF(LEFT(D11,1)="<",VALUE(SUBSTITUTE(D11,"<","")), IF(ISBLANK(D11)," ",D11)) | E112: =IF(LEFT(E11,1)="<",VALUE(SUBSTITUTE(E11,"<","")), IF(ISBLANK(E11)," ",E11)) | F112: =IF(LEFT(F11,1)="<",VALUE(SUBSTITUTE(F11,"<","")), IF(ISBLANK(F11)," ",F11)) | G112: =IF(LEFT(G11,1)="<",VALUE(SUBSTITUTE(G11,"<","")), IF(ISBLANK(G11)," ",G11)) | H112: =IF(LEFT(H11,1)="<",VALUE(SUBSTITUTE(H11,"<","")), IF(ISBLANK(H11)," ",H11)) | I112: =IF(LEFT(I11,1)="<",VALUE(SUBSTITUTE(I11,"<","")), IF(ISBLANK(I11)," ",I11)) | J112: =IF(LEFT(J11,1)="<",VALUE(SUBSTITUTE(J11,"<","")), IF(ISBLANK(J11)," ",J11)) | K112: =IF(LEFT(K11,1)="<",VALUE(SUBSTITUTE(K11,"<","")), IF(ISBLANK(K11)," ",K11)) | ... S112: =IF(LEFT(S11,1)="<",VALUE(SUBSTITUTE(S11,"<","")), IF(ISBLANK(S11)," ",S11))
D113: =IF(LEFT(D12,1)="<",VALUE(SUBSTITUTE(D12,"<","")), IF(ISBLANK(D12)," ",D12)) | E113: =IF(LEFT(E12,1)="<",VALUE(SUBSTITUTE(E12,"<","")), IF(ISBLANK(E12)," ",E12)) | F113: =IF(LEFT(F12,1)="<",VALUE(SUBSTITUTE(F12,"<","")), IF(ISBLANK(F12)," ",F12)) | G113: =IF(LEFT(G12,1)="<",VALUE(SUBSTITUTE(G12,"<","")), IF(ISBLANK(G12)," ",G12)) | H113: =IF(LEFT(H12,1)="<",VALUE(SUBSTITUTE(H12,"<","")), IF(ISBLANK(H12)," ",H12)) | I113: =IF(LEFT(I12,1)="<",VALUE(SUBSTITUTE(I12,"<","")), IF(ISBLANK(I12)," ",I12)) | J113: =IF(LEFT(J12,1)="<",VALUE(SUBSTITUTE(J12,"<","")), IF(ISBLANK(J12)," ",J12)) | K113: =IF(LEFT(K12,1)="<",VALUE(SUBSTITUTE(K12,"<","")), IF(ISBLANK(K12)," ",K12)) | ... S113: =IF(LEFT(S12,1)="<",VALUE(SUBSTITUTE(S12,"<","")), IF(ISBLANK(S12)," ",S12))
D114: =IF(LEFT(D13,1)="<",VALUE(SUBSTITUTE(D13,"<","")), IF(ISBLANK(D13)," ",D13)) | E114: =IF(LEFT(E13,1)="<",VALUE(SUBSTITUTE(E13,"<","")), IF(ISBLANK(E13)," ",E13)) | F114: =IF(LEFT(F13,1)="<",VALUE(SUBSTITUTE(F13,"<","")), IF(ISBLANK(F13)," ",F13)) | G114: =IF(LEFT(G13,1)="<",VALUE(SUBSTITUTE(G13,"<","")), IF(ISBLANK(G13)," ",G13)) | H114: =IF(LEFT(H13,1)="<",VALUE(SUBSTITUTE(H13,"<","")), IF(ISBLANK(H13)," ",H13)) | I114: =IF(LEFT(I13,1)="<",VALUE(SUBSTITUTE(I13,"<","")), IF(ISBLANK(I13)," ",I13)) | J114: =IF(LEFT(J13,1)="<",VALUE(SUBSTITUTE(J13,"<","")), IF(ISBLANK(J13)," ",J13)) | K114: =IF(LEFT(K13,1)="<",VALUE(SUBSTITUTE(K13,"<","")), IF(ISBLANK(K13)," ",K13)) | ... S114: =IF(LEFT(S13,1)="<",VALUE(SUBSTITUTE(S13,"<","")), IF(ISBLANK(S13)," ",S13))
D115: =IF(LEFT(D14,1)="<",VALUE(SUBSTITUTE(D14,"<","")), IF(ISBLANK(D14)," ",D14)) | E115: =IF(LEFT(E14,1)="<",VALUE(SUBSTITUTE(E14,"<","")), IF(ISBLANK(E14)," ",E14)) | F115: =IF(LEFT(F14,1)="<",VALUE(SUBSTITUTE(F14,"<","")), IF(ISBLANK(F14)," ",F14)) | G115: =IF(LEFT(G14,1)="<",VALUE(SUBSTITUTE(G14,"<","")), IF(ISBLANK(G14)," ",G14)) | H115: =IF(LEFT(H14,1)="<",VALUE(SUBSTITUTE(H14,"<","")), IF(ISBLANK(H14)," ",H14)) | I115: =IF(LEFT(I14,1)="<",VALUE(SUBSTITUTE(I14,"<","")), IF(ISBLANK(I14)," ",I14)) | J115: =IF(LEFT(J14,1)="<",VALUE(SUBSTITUTE(J14,"<","")), IF(ISBLANK(J14)," ",J14)) | K115: =IF(LEFT(K14,1)="<",VALUE(SUBSTITUTE(K14,"<","")), IF(ISBLANK(K14)," ",K14)) | ... S115: =IF(LEFT(S14,1)="<",VALUE(SUBSTITUTE(S14,"<","")), IF(ISBLANK(S14)," ",S14))
D116: =IF(LEFT(D15,1)="<",VALUE(SUBSTITUTE(D15,"<","")), IF(ISBLANK(D15)," ",D15)) | E116: =IF(LEFT(E15,1)="<",VALUE(SUBSTITUTE(E15,"<","")), IF(ISBLANK(E15)," ",E15)) | F116: =IF(LEFT(F15,1)="<",VALUE(SUBSTITUTE(F15,"<","")), IF(ISBLANK(F15)," ",F15)) | G116: =IF(LEFT(G15,1)="<",VALUE(SUBSTITUTE(G15,"<","")), IF(ISBLANK(G15)," ",G15)) | H116: =IF(LEFT(H15,1)="<",VALUE(SUBSTITUTE(H15,"<","")), IF(ISBLANK(H15)," ",H15)) | I116: =IF(LEFT(I15,1)="<",VALUE(SUBSTITUTE(I15,"<","")), IF(ISBLANK(I15)," ",I15)) | J116: =IF(LEFT(J15,1)="<",VALUE(SUBSTITUTE(J15,"<","")), IF(ISBLANK(J15)," ",J15)) | K116: =IF(LEFT(K15,1)="<",VALUE(SUBSTITUTE(K15,"<","")), IF(ISBLANK(K15)," ",K15)) | ... S116: =IF(LEFT(S15,1)="<",VALUE(SUBSTITUTE(S15,"<","")), IF(ISBLANK(S15)," ",S15))
D117: =IF(LEFT(D16,1)="<",VALUE(SUBSTITUTE(D16,"<","")), IF(ISBLANK(D16)," ",D16)) | E117: =IF(LEFT(E16,1)="<",VALUE(SUBSTITUTE(E16,"<","")), IF(ISBLANK(E16)," ",E16)) | F117: =IF(LEFT(F16,1)="<",VALUE(SUBSTITUTE(F16,"<","")), IF(ISBLANK(F16)," ",F16)) | G117: =IF(LEFT(G16,1)="<",VALUE(SUBSTITUTE(G16,"<","")), IF(ISBLANK(G16)," ",G16)) | H117: =IF(LEFT(H16,1)="<",VALUE(SUBSTITUTE(H16,"<","")), IF(ISBLANK(H16)," ",H16)) | I117: =IF(LEFT(I16,1)="<",VALUE(SUBSTITUTE(I16,"<","")), IF(ISBLANK(I16)," ",I16)) | J117: =IF(LEFT(J16,1)="<",VALUE(SUBSTITUTE(J16,"<","")), IF(ISBLANK(J16)," ",J16)) | K117: =IF(LEFT(K16,1)="<",VALUE(SUBSTITUTE(K16,"<","")), IF(ISBLANK(K16)," ",K16)) | ... S117: =IF(LEFT(S16,1)="<",VALUE(SUBSTITUTE(S16,"<","")), IF(ISBLANK(S16)," ",S16))
D118: =IF(LEFT(D17,1)="<",VALUE(SUBSTITUTE(D17,"<","")), IF(ISBLANK(D17)," ",D17)) | E118: =IF(LEFT(E17,1)="<",VALUE(SUBSTITUTE(E17,"<","")), IF(ISBLANK(E17)," ",E17)) | F118: =IF(LEFT(F17,1)="<",VALUE(SUBSTITUTE(F17,"<","")), IF(ISBLANK(F17)," ",F17)) | G118: =IF(LEFT(G17,1)="<",VALUE(SUBSTITUTE(G17,"<","")), IF(ISBLANK(G17)," ",G17)) | H118: =IF(LEFT(H17,1)="<",VALUE(SUBSTITUTE(H17,"<","")), IF(ISBLANK(H17)," ",H17)) | I118: =IF(LEFT(I17,1)="<",VALUE(SUBSTITUTE(I17,"<","")), IF(ISBLANK(I17)," ",I17)) | J118: =IF(LEFT(J17,1)="<",VALUE(SUBSTITUTE(J17,"<","")), IF(ISBLANK(J17)," ",J17)) | K118: =IF(LEFT(K17,1)="<",VALUE(SUBSTITUTE(K17,"<","")), IF(ISBLANK(K17)," ",K17)) | ... S118: =IF(LEFT(S17,1)="<",VALUE(SUBSTITUTE(S17,"<","")), IF(ISBLANK(S17)," ",S17))
D119: =IF(LEFT(D18,1)="<",VALUE(SUBSTITUTE(D18,"<","")), IF(ISBLANK(D18)," ",D18)) | E119: =IF(LEFT(E18,1)="<",VALUE(SUBSTITUTE(E18,"<","")), IF(ISBLANK(E18)," ",E18)) | F119: =IF(LEFT(F18,1)="<",VALUE(SUBSTITUTE(F18,"<","")), IF(ISBLANK(F18)," ",F18)) | G119: =IF(LEFT(G18,1)="<",VALUE(SUBSTITUTE(G18,"<","")), IF(ISBLANK(G18)," ",G18)) | H119: =IF(LEFT(H18,1)="<",VALUE(SUBSTITUTE(H18,"<","")), IF(ISBLANK(H18)," ",H18)) | I119: =IF(LEFT(I18,1)="<",VALUE(SUBSTITUTE(I18,"<","")), IF(ISBLANK(I18)," ",I18)) | J119: =IF(LEFT(J18,1)="<",VALUE(SUBSTITUTE(J18,"<","")), IF(ISBLANK(J18)," ",J18)) | K119: =IF(LEFT(K18,1)="<",VALUE(SUBSTITUTE(K18,"<","")), IF(ISBLANK(K18)," ",K18)) | ... S119: =IF(LEFT(S18,1)="<",VALUE(SUBSTITUTE(S18,"<","")), IF(ISBLANK(S18)," ",S18))
... D137: =IF(LEFT(D36,1)="<",VALUE(SUBSTITUTE(D36,"<","")), IF(ISBLANK(D36)," ",D36)) | E137: =IF(LEFT(E36,1)="<",VALUE(SUBSTITUTE(E36,"<","")), IF(ISBLANK(E36)," ",E36)) | F137: =IF(LEFT(F36,1)="<",VALUE(SUBSTITUTE(F36,"<","")), IF(ISBLANK(F36)," ",F36)) | G137: =IF(LEFT(G36,1)="<",VALUE(SUBSTITUTE(G36,"<","")), IF(ISBLANK(G36)," ",G36)) | H137: =IF(LEFT(H36,1)="<",VALUE(SUBSTITUTE(H36,"<","")), IF(ISBLANK(H36)," ",H36)) | I137: =IF(LEFT(I36,1)="<",VALUE(SUBSTITUTE(I36,"<","")), IF(ISBLANK(I36)," ",I36)) | J137: =IF(LEFT(J36,1)="<",VALUE(SUBSTITUTE(J36,"<","")), IF(ISBLANK(J36)," ",J36)) | K137: =IF(LEFT(K36,1)="<",VALUE(SUBSTITUTE(K36,"<","")), IF(ISBLANK(K36)," ",K36)) | ... S137: =IF(LEFT(S36,1)="<",VALUE(SUBSTITUTE(S36,"<","")), IF(ISBLANK(S36)," ",S36))

Sheet Certification Page
A1: Sampling Person(s) | K1: Certified Laboratories
A2: Name: | K2: Name:
A3: Name: | K3: Name:
A4: Does all monitoring data and sampling frequencies meet the requirements in Attachment A of your permit?
A5: If the facility is non-compliant, please explain in the space below the reason(s) the facility was not in compliance. Provide in your explanation the date(s) of the non-compliance and describe the corrective action(s) taken. Attach additional sheets if necessary.
A8: Operator in Responsible Charge (ORC) Certification | K8: Permittee Certification
A9: ORC: | K9: Permittee:
A10: Certification No.: | K10: Signing Official:
A11: Grade: | E11: Phone Number: | K11: Signing Official's Title:
A12: Has the ORC changed since the previous NDMR? | K12: Phone Number: | P12: Permit Expiration:
A15: Signature | I15: Date | K15: Signature | R15: Date
A16: By this signature, I certify that this report is accurrate and complete to the best of my knowledge. | K16: I certify, under penalty of law, that this document and all attachments were prepared under my direction or supervision in accordance with a system designed to assure that all qualified personnel properly gathered and evaluated the information submitted. Based on my inquiry of the person or persons who manage the system, or those persons directly responsible for gathering the information, the information submitted is, to the best of my knowledge and belief, true, accurate, and complete. I am aware that there are significant penalties for submitting false information, including the possibility of fines and imprisonment for knowing violations.
A18: Mail Original and Two Copies to:
A19: Division of Water Quality
A20: Information Processing Unit
A21: 1617 Mail Service Center
A22: Raleigh, North Carolina 27699-1617

Sheet PCS Parameter Codes
B1: User Friendly Name | C1: Official Parameter Name | D1: DWQ Accepted Units
A2: 00010 | B2: Temperature | C2: Temperature, Water Deg. Centigrade | D2: ºC
A3: 00076 | B3: Turbidity | C3: Turbidity, HCH Turbidimeter | D3: NTU
A4: 00092 | B4: Flow - Maximum | C4: Flow, Maximum Flow Range | D4: GPD
A5: 00094 | B5: Conductivity | C5: Conductivity | D5: µΩ
A6: 00125 | B6: Dichlorobenzene | C6: Dichlorobenzene (Isomers) M/P In Water ug/l | D6: µg/L
A7: 00300 | B7: Dissolved Oxygen | C7: DO, Oxygen, Dissolved | D7: mg/L
A8: 00310 | B8: BOD5 | C8: BOD, 5-Day (20 Deg. C) | D8: mg/L
A9: 00340 | B9: COD | C9: COD, Oxygen Demand, Chem. (High Level) | D9: mg/L
A10: 00400 | B10: pH | C10: pH | D10: su
A11: 00480 | B11: Salinity | C11: Salinity | D11: mg/L
A12: 00515 | B12: Total Filterable Residue | C12: Residue, Tot Fltrble (dried at 105C) | D12: mg/L
A13: 00530 | B13: Total Suspended Solids | C13: Solids, Total Suspended | D13: mg/L
... A48: 31504 | B48: Total Coliform | C48: Coliform, Total MF, Immed,LES Endo Agar | D48: #/100 mL
A49: 31505 | B49: Total Coliform | C49: Coliform, Tot, MPN, Completed, (100 mL) | D49: MPN/100 mL
A50: 31613 | B50: Fecal Coliform | C50: Coliform, Fecal MF, M-FC Agar,44.5C,24hr | D50: #/100 mL
A51: 31616 | B51: Fecal Coliform | C51: Coliform, Fecal MF, M-FC Broth,44.5C | D51: #/100 mL
A52: 32106 | B52: Chloroform | C52: Chloroform | D52: mg/L
A53: 32730 | B53: Phenolics - Recoverable | C53: Phenolics, Total Recoverable | D53: mg/L
A54: 32730 | B54: Phenols | D54: mg/L
A55: 34469 | B55: Pyrene | C55: Pyrene | D55: µg/L
A56: 34694 | B56: Phenol - Single | C56: Phenol, Single Compound | D56: mg/L
A57: 38260 | B57: Surfactants | C57: Surfactants (MBAS) | D57: mg/L
A58: 50050 | B58: Flow | C58: Flow, in conduit or thru treatment plant | D58: GPD
A59: 50060 | B59: Total Residual Chlorine | C59: Chlorine, Total Residual | D59: mg/L
A60: 70295 | B60: Total Dissolved Solids | C60: Solids, Total Dissolved | D60: mg/L
A61: 70300 | B61: Total Dissolved Solids | C61: Solids, Total Dissolved- 180 Deg.C | D61: mg/L
A62: 70318 | B62: % Solids | C62: Solids, Total, Percent | D62: %
A63: 71880 | B63: Formaldehyde | C63: Formaldehyde | D63: mg/L
A64: 71900 | B64: Mercury | C64: Mercury, Total (as Hg) | D64: mg/L
A65: 78732 | B65: Volatile Compounds | C65: Volatile Compounds, (GC/MS) | D65: Yes/No
A66: 80082 | B66: Carbonaceous BOD | C66: BOD, Carbonaceous 05 Day, 20C | D66: mg/L
A67: 81639 | B67: Total Kjeldahl Nitrogen | C67: Nitrogen Kjeldalh, Total (TKN) | D67: lbs/ac
A68: 81688 | B68: Ethylene Glycol | C68: Ethylene glycol | D68: µg/L
A69: 82385 | B69: Nitrogen Oxides | C69: Nitrogen Oxides (as N) | D69: mg/L
A70: 82546 | B70: Water Level | C70: Water level, distance from measuring point | D70: ft
A71: CO310 | B71: BOD5 - Conc. | C71: BOD, 5-Day (20 Deg. C) - Concentration | D71: mg/L
A72: CO530 | B72: TSS - Conc. | C72: Solids, Total Suspended - Concentration | D72: mg/L
A73: CO600 | B73: Total Nitrogen - Conc. | C73: Nitrogen, Total (as N) - Concentration | D73: mg/L
A74: CO610 | B74: Ammonia - Conc. | C74: Nitrogen, Ammonia Total (as N) - Concentration | D74: mg/L
A75: CO665 | B75: Total Phosphorus - Conc. | C75: Phosphorus, Total (as P) - Concentration | D75: mg/L
A76: WQ09 | B76: Plant Available Nitrogen | C76: Plant Available Nitrogen - Loading | D76: mg/L

Sheet Dropdown Menu
A2: January | B2: Alamance | C2: 2011 | D2: 001 | E2: Calculated | F2: Estimate
A3: February | B3: Alexander | C3: =1+C2 -> 2012 | D3: 002 | E3: Composite | F3: Recorder
A4: March | B4: Alleghany | C4: =1+C3 -> 2013 | D4: 003 | E4: Grab
A5: April | B5: Anson | C5: =1+C4 -> 2014 | D5: 004 | E5: Recorder
A6: May | B6: Ashe | C6: =1+C5 -> 2015 | D6: 005
A7: June | B7: Avery | C7: =1+C6 -> 2016 | D7: 006
A8: July | B8: Beaufort | C8: =1+C7 -> 2017 | D8: 007
A9: August | B9: Bertie | C9: =1+C8 -> 2018 | D9: 008
A10: September | B10: Bladen | C10: =1+C9 -> 2019 | D10: 009
A11: October | B11: Brunswick | C11: =1+C10 -> 2020 | D11: 010
A12: November | B12: Buncombe | C12: =1+C11 -> 2021 | D12: 011
A13: December | B13: Burke | C13: =1+C12 -> 2022 | D13: 012
B14: Cabarrus | C14: =1+C13 -> 2023 | D14: 013
B15: Caldwell | C15: =1+C14 -> 2024 | D15: 014
B16: Camden | C16: =1+C15 -> 2025 | D16: 015
B17: Carteret | C17: =1+C16 -> 2026
B18: Caswell | C18: =1+C17 -> 2027
B19: Catawba | C19: =1+C18 -> 2028
B20: Chatham | C20: =1+C19 -> 2029
B21: Cherokee | C21: =1+C20 -> 2030
B22: Chowan
B23: Clay
B24: Cleveland
B25: Columbus
B26: Craven
B27: Cumberland
B28: Currituck
B29: Dare
B30: Davidson
B31: Davie
B32: Duplin
B33: Durham
... B101: Yancey
