Workbook

Sheet Test
A1: School Name Here
A2: Class | B2: First Name | C2: Last Name | D2: LEA Student # | E2: Q1 | F2: Q2 | G2: Q3 | H2: Q4 | I2: Q5 | J2: Q6 | K2: Q7 | L2: Q8 | M2: Q9 | N2: Q10 | O2: Q11 | P2: Q12 | Q2: Q13 | R2: Q14 | S2: Q15 | T2: Q16 | U2: Q17 | V2: Q18 | W2: Q19 | X2: Q20 | Y2: Q21 | Z2: Q22 | AA2: Q23 | AB2: Q24 | AC2: Q25 | AD2: Q26 | AE2: Q27 | AF2: Q28 | AG2: Q29 | AH2: Q30 | AI2: Q31 | AJ2: Q32 | AK2: Q33 | AL2: Q34 | AM2: Q35 | AN2: Q36 | AO2: Q37 | AP2: Q38 | AQ2: Q39 | AR2: Q40 | AS2: Q41 | AT2: Q42 | AU2: Q43 | AV2: Q44 | AW2: Q45 | AX2: Q46 | AY2: Q47 | AZ2: Q48 | BA2: Q49 | BB2: Q50 | BC2: Q51 | BD2: Q52 | BE2: Q53 | BF2: Q54 | BG2: Q55 | BH2: Q56 | BI2: Q57 | BJ2: Q58 | BK2: Q59 | BL2: Q60 | BM2: Q61 | BN2: Q62 | BO2: Q63 | BP2: Q64 | BQ2: Q65 | BR2: Q66 | BS2: Q67 | BT2: Q68 | BU2: Q69
A3: Teacher1
A31: Teacher2
A60: Teacher 3
A89: Teacher 4
A118: Teacher5
A147: Teacher6

Sheet Report
A1: Class | B1: First Name | C1: Last Name | D1: LEA Student # | E1: Literacy Subcategories (Total Possible: 51) | O1: Numeracy Subcategories (Totals Possible: 37) | X1: Literacy % Correct | Y1: Numeracy % Correct | Z1: Total % Correct | AA1: Class Average
E2: A | F2: B | G2: C | H2: D | I2: E | J2: F | K2: G | L2: H | M2: I | N2: J | O2: K | P2: L | Q2: M | R2: N | S2: O | T2: P | U2: Q | V2: R | W2: S
A3: =IF(ISBLANK(Test!A3),"",(Test!A3)) -> Teacher1 | B3: =IF(ISBLANK(Test!B3),"",(Test!B3)) | C3: =IF(ISBLANK(Test!C3),"",(Test!C3)) | D3: =IF(ISBLANK(Test!D3),"",(Test!D3)) | E3: =IF(Filter!$C3="","",(COUNTIF(Filter!E3:H3,"a")+1)) | F3: =IF(Filter!$C3="","",(COUNTIF(Filter!I3:L3,"a")+1)) | G3: =IF(Filter!$C3="","",(COUNTIF(Filter!M3:P3,"a")+1)) | H3: =IF(Filter!$C3="","",(COUNTIF(Filter!Q3:S3,"a")+1)) | I3: =IF(Filter!$C3="","",(COUNTIF(Filter!T3:V3,"a")+1)) | J3: =IF(Filter!$C3="","",(COUNTIF(Filter!W3:Z3,"a")+1)) | K3: =IF(Filter!$C3="","",(COUNTIF(Filter!AA3:AD3,"a")+1)) | L3: =IF(Filter!$C3="","",(COUNTIF(Filter!AE3:AI3,"a")+1)) | M3: =IF(Filter!$C3="","",(COUNTIF(Filter!AJ3:AN3,"a")+1)) | N3: =IF(Filter!$C3="","",(COUNTIF(Filter!AO3:AS3,"a")+1)) | O3: =IF(Filter!$C3="","",(COUNTIF(Filter!AT3:AV3,"a")+1)) | P3: =IF(Filter!$C3="","",(COUNTIF(Filter!AW3:AY3,"a")+1)) | Q3: =IF(Filter!$C3="","",(COUNTIF(Filter!AZ3:BA3,"a")+1)) | R3: =IF(Filter!$C3="","",(COUNTIF(Filter!BB3:BD3,"a")+1)) | S3: =IF(Filter!$C3="","",(COUNTIF(Filter!BE3:BG3,"a")+1)) | T3: =IF(Filter!$C3="","",(COUNTIF(Filter!BH3:BJ3,"a")+1)) | U3: =IF(Filter!$C3="","",(COUNTIF(Filter!BK3:BO3,"a")+1)) | V3: =IF(Filter!$C3="","",(COUNTIF(Filter!BP3:BR3,"a")+1)) | W3: =IF(Filter!$C3="","",(COUNTIF(Filter!BS3:BU3,"a")+1)) | X3: =IF(SUM(E3:N3)=0,"",SUM(E3:N3)/51) | Y3: =IF(SUM(O3:W3)=0,"",SUM(O3:W3)/37) | Z3: =IF(SUM(E3:W3)=0,"",SUM(E3:W3)/88) | AA3: =IF(Z3="","",SUM(Z$3:Z$30)/COUNT(Z$3:Z$30))
A4: =IF(ISBLANK(Test!A4),"",(Test!A4)) | B4: =IF(ISBLANK(Test!B4),"",(Test!B4)) | C4: =IF(ISBLANK(Test!C4),"",(Test!C4)) | D4: =IF(ISBLANK(Test!D4),"",(Test!D4)) | E4: =IF(Filter!$C4="","",(COUNTIF(Filter!E4:H4,"a")+1)) | F4: =IF(Filter!$C4="","",(COUNTIF(Filter!I4:L4,"a")+1)) | G4: =IF(Filter!$C4="","",(COUNTIF(Filter!M4:P4,"a")+1)) | H4: =IF(Filter!$C4="","",(COUNTIF(Filter!Q4:S4,"a")+1)) | I4: =IF(Filter!$C4="","",(COUNTIF(Filter!T4:V4,"a")+1)) | J4: =IF(Filter!$C4="","",(COUNTIF(Filter!W4:Z4,"a")+1)) | K4: =IF(Filter!$C4="","",(COUNTIF(Filter!AA4:AD4,"a")+1)) | L4: =IF(Filter!$C4="","",(COUNTIF(Filter!AE4:AI4,"a")+1)) | M4: =IF(Filter!$C4="","",(COUNTIF(Filter!AJ4:AN4,"a")+1)) | N4: =IF(Filter!$C4="","",(COUNTIF(Filter!AO4:AS4,"a")+1)) | O4: =IF(Filter!$C4="","",(COUNTIF(Filter!AT4:AV4,"a")+1)) | P4: =IF(Filter!$C4="","",(COUNTIF(Filter!AW4:AY4,"a")+1)) | Q4: =IF(Filter!$C4="","",(COUNTIF(Filter!AZ4:BA4,"a")+1)) | R4: =IF(Filter!$C4="","",(COUNTIF(Filter!BB4:BD4,"a")+1)) | S4: =IF(Filter!$C4="","",(COUNTIF(Filter!BE4:BG4,"a")+1)) | T4: =IF(Filter!$C4="","",(COUNTIF(Filter!BH4:BJ4,"a")+1)) | U4: =IF(Filter!$C4="","",(COUNTIF(Filter!BK4:BO4,"a")+1)) | V4: =IF(Filter!$C4="","",(COUNTIF(Filter!BP4:BR4,"a")+1)) | W4: =IF(Filter!$C4="","",(COUNTIF(Filter!BS4:BU4,"a")+1)) | X4: =IF(SUM(E4:N4)=0,"",SUM(E4:N4)/51) | Y4: =IF(SUM(O4:W4)=0,"",SUM(O4:W4)/37) | Z4: =IF(SUM(E4:W4)=0,"",SUM(E4:W4)/88) | AA4: =IF(Z4="","",SUM(Z$3:Z$30)/COUNT(Z$3:Z$30))
A5: =IF(ISBLANK(Test!A5),"",(Test!A5)) | B5: =IF(ISBLANK(Test!B5),"",(Test!B5)) | C5: =IF(ISBLANK(Test!C5),"",(Test!C5)) | D5: =IF(ISBLANK(Test!D5),"",(Test!D5)) | E5: =IF(Filter!$C5="","",(COUNTIF(Filter!E5:H5,"a")+1)) | F5: =IF(Filter!$C5="","",(COUNTIF(Filter!I5:L5,"a")+1)) | G5: =IF(Filter!$C5="","",(COUNTIF(Filter!M5:P5,"a")+1)) | H5: =IF(Filter!$C5="","",(COUNTIF(Filter!Q5:S5,"a")+1)) | I5: =IF(Filter!$C5="","",(COUNTIF(Filter!T5:V5,"a")+1)) | J5: =IF(Filter!$C5="","",(COUNTIF(Filter!W5:Z5,"a")+1)) | K5: =IF(Filter!$C5="","",(COUNTIF(Filter!AA5:AD5,"a")+1)) | L5: =IF(Filter!$C5="","",(COUNTIF(Filter!AE5:AI5,"a")+1)) | M5: =IF(Filter!$C5="","",(COUNTIF(Filter!AJ5:AN5,"a")+1)) | N5: =IF(Filter!$C5="","",(COUNTIF(Filter!AO5:AS5,"a")+1)) | O5: =IF(Filter!$C5="","",(COUNTIF(Filter!AT5:AV5,"a")+1)) | P5: =IF(Filter!$C5="","",(COUNTIF(Filter!AW5:AY5,"a")+1)) | Q5: =IF(Filter!$C5="","",(COUNTIF(Filter!AZ5:BA5,"a")+1)) | R5: =IF(Filter!$C5="","",(COUNTIF(Filter!BB5:BD5,"a")+1)) | S5: =IF(Filter!$C5="","",(COUNTIF(Filter!BE5:BG5,"a")+1)) | T5: =IF(Filter!$C5="","",(COUNTIF(Filter!BH5:BJ5,"a")+1)) | U5: =IF(Filter!$C5="","",(COUNTIF(Filter!BK5:BO5,"a")+1)) | V5: =IF(Filter!$C5="","",(COUNTIF(Filter!BP5:BR5,"a")+1)) | W5: =IF(Filter!$C5="","",(COUNTIF(Filter!BS5:BU5,"a")+1)) | X5: =IF(SUM(E5:N5)=0,"",SUM(E5:N5)/51) | Y5: =IF(SUM(O5:W5)=0,"",SUM(O5:W5)/37) | Z5: =IF(SUM(E5:W5)=0,"",SUM(E5:W5)/88) | AA5: =IF(Z5="","",SUM(Z$3:Z$30)/COUNT(Z$3:Z$30))
A6: =IF(ISBLANK(Test!A6),"",(Test!A6)) | B6: =IF(ISBLANK(Test!B6),"",(Test!B6)) | C6: =IF(ISBLANK(Test!C6),"",(Test!C6)) | D6: =IF(ISBLANK(Test!D6),"",(Test!D6)) | E6: =IF(Filter!$C6="","",(COUNTIF(Filter!E6:H6,"a")+1)) | F6: =IF(Filter!$C6="","",(COUNTIF(Filter!I6:L6,"a")+1)) | G6: =IF(Filter!$C6="","",(COUNTIF(Filter!M6:P6,"a")+1)) | H6: =IF(Filter!$C6="","",(COUNTIF(Filter!Q6:S6,"a")+1)) | I6: =IF(Filter!$C6="","",(COUNTIF(Filter!T6:V6,"a")+1)) | J6: =IF(Filter!$C6="","",(COUNTIF(Filter!W6:Z6,"a")+1)) | K6: =IF(Filter!$C6="","",(COUNTIF(Filter!AA6:AD6,"a")+1)) | L6: =IF(Filter!$C6="","",(COUNTIF(Filter!AE6:AI6,"a")+1)) | M6: =IF(Filter!$C6="","",(COUNTIF(Filter!AJ6:AN6,"a")+1)) | N6: =IF(Filter!$C6="","",(COUNTIF(Filter!AO6:AS6,"a")+1)) | O6: =IF(Filter!$C6="","",(COUNTIF(Filter!AT6:AV6,"a")+1)) | P6: =IF(Filter!$C6="","",(COUNTIF(Filter!AW6:AY6,"a")+1)) | Q6: =IF(Filter!$C6="","",(COUNTIF(Filter!AZ6:BA6,"a")+1)) | R6: =IF(Filter!$C6="","",(COUNTIF(Filter!BB6:BD6,"a")+1)) | S6: =IF(Filter!$C6="","",(COUNTIF(Filter!BE6:BG6,"a")+1)) | T6: =IF(Filter!$C6="","",(COUNTIF(Filter!BH6:BJ6,"a")+1)) | U6: =IF(Filter!$C6="","",(COUNTIF(Filter!BK6:BO6,"a")+1)) | V6: =IF(Filter!$C6="","",(COUNTIF(Filter!BP6:BR6,"a")+1)) | W6: =IF(Filter!$C6="","",(COUNTIF(Filter!BS6:BU6,"a")+1)) | X6: =IF(SUM(E6:N6)=0,"",SUM(E6:N6)/51) | Y6: =IF(SUM(O6:W6)=0,"",SUM(O6:W6)/37) | Z6: =IF(SUM(E6:W6)=0,"",SUM(E6:W6)/88) | AA6: =IF(Z6="","",SUM(Z$3:Z$30)/COUNT(Z$3:Z$30))
A7: =IF(ISBLANK(Test!A7),"",(Test!A7)) | B7: =IF(ISBLANK(Test!B7),"",(Test!B7)) | C7: =IF(ISBLANK(Test!C7),"",(Test!C7)) | D7: =IF(ISBLANK(Test!D7),"",(Test!D7)) | E7: =IF(Filter!$C7="","",(COUNTIF(Filter!E7:H7,"a")+1)) | F7: =IF(Filter!$C7="","",(COUNTIF(Filter!I7:L7,"a")+1)) | G7: =IF(Filter!$C7="","",(COUNTIF(Filter!M7:P7,"a")+1)) | H7: =IF(Filter!$C7="","",(COUNTIF(Filter!Q7:S7,"a")+1)) | I7: =IF(Filter!$C7="","",(COUNTIF(Filter!T7:V7,"a")+1)) | J7: =IF(Filter!$C7="","",(COUNTIF(Filter!W7:Z7,"a")+1)) | K7: =IF(Filter!$C7="","",(COUNTIF(Filter!AA7:AD7,"a")+1)) | L7: =IF(Filter!$C7="","",(COUNTIF(Filter!AE7:AI7,"a")+1)) | M7: =IF(Filter!$C7="","",(COUNTIF(Filter!AJ7:AN7,"a")+1)) | N7: =IF(Filter!$C7="","",(COUNTIF(Filter!AO7:AS7,"a")+1)) | O7: =IF(Filter!$C7="","",(COUNTIF(Filter!AT7:AV7,"a")+1)) | P7: =IF(Filter!$C7="","",(COUNTIF(Filter!AW7:AY7,"a")+1)) | Q7: =IF(Filter!$C7="","",(COUNTIF(Filter!AZ7:BA7,"a")+1)) | R7: =IF(Filter!$C7="","",(COUNTIF(Filter!BB7:BD7,"a")+1)) | S7: =IF(Filter!$C7="","",(COUNTIF(Filter!BE7:BG7,"a")+1)) | T7: =IF(Filter!$C7="","",(COUNTIF(Filter!BH7:BJ7,"a")+1)) | U7: =IF(Filter!$C7="","",(COUNTIF(Filter!BK7:BO7,"a")+1)) | V7: =IF(Filter!$C7="","",(COUNTIF(Filter!BP7:BR7,"a")+1)) | W7: =IF(Filter!$C7="","",(COUNTIF(Filter!BS7:BU7,"a")+1)) | X7: =IF(SUM(E7:N7)=0,"",SUM(E7:N7)/51) | Y7: =IF(SUM(O7:W7)=0,"",SUM(O7:W7)/37) | Z7: =IF(SUM(E7:W7)=0,"",SUM(E7:W7)/88) | AA7: =IF(Z7="","",SUM(Z$3:Z$30)/COUNT(Z$3:Z$30))
A8: =IF(ISBLANK(Test!A8),"",(Test!A8)) | B8: =IF(ISBLANK(Test!B8),"",(Test!B8)) | C8: =IF(ISBLANK(Test!C8),"",(Test!C8)) | D8: =IF(ISBLANK(Test!D8),"",(Test!D8)) | E8: =IF(Filter!$C8="","",(COUNTIF(Filter!E8:H8,"a")+1)) | F8: =IF(Filter!$C8="","",(COUNTIF(Filter!I8:L8,"a")+1)) | G8: =IF(Filter!$C8="","",(COUNTIF(Filter!M8:P8,"a")+1)) | H8: =IF(Filter!$C8="","",(COUNTIF(Filter!Q8:S8,"a")+1)) | I8: =IF(Filter!$C8="","",(COUNTIF(Filter!T8:V8,"a")+1)) | J8: =IF(Filter!$C8="","",(COUNTIF(Filter!W8:Z8,"a")+1)) | K8: =IF(Filter!$C8="","",(COUNTIF(Filter!AA8:AD8,"a")+1)) | L8: =IF(Filter!$C8="","",(COUNTIF(Filter!AE8:AI8,"a")+1)) | M8: =IF(Filter!$C8="","",(COUNTIF(Filter!AJ8:AN8,"a")+1)) | N8: =IF(Filter!$C8="","",(COUNTIF(Filter!AO8:AS8,"a")+1)) | O8: =IF(Filter!$C8="","",(COUNTIF(Filter!AT8:AV8,"a")+1)) | P8: =IF(Filter!$C8="","",(COUNTIF(Filter!AW8:AY8,"a")+1)) | Q8: =IF(Filter!$C8="","",(COUNTIF(Filter!AZ8:BA8,"a")+1)) | R8: =IF(Filter!$C8="","",(COUNTIF(Filter!BB8:BD8,"a")+1)) | S8: =IF(Filter!$C8="","",(COUNTIF(Filter!BE8:BG8,"a")+1)) | T8: =IF(Filter!$C8="","",(COUNTIF(Filter!BH8:BJ8,"a")+1)) | U8: =IF(Filter!$C8="","",(COUNTIF(Filter!BK8:BO8,"a")+1)) | V8: =IF(Filter!$C8="","",(COUNTIF(Filter!BP8:BR8,"a")+1)) | W8: =IF(Filter!$C8="","",(COUNTIF(Filter!BS8:BU8,"a")+1)) | X8: =IF(SUM(E8:N8)=0,"",SUM(E8:N8)/51) | Y8: =IF(SUM(O8:W8)=0,"",SUM(O8:W8)/37) | Z8: =IF(SUM(E8:W8)=0,"",SUM(E8:W8)/88) | AA8: =IF(Z8="","",SUM(Z$3:Z$30)/COUNT(Z$3:Z$30))
A9: =IF(ISBLANK(Test!A9),"",(Test!A9)) | B9: =IF(ISBLANK(Test!B9),"",(Test!B9)) | C9: =IF(ISBLANK(Test!C9),"",(Test!C9)) | D9: =IF(ISBLANK(Test!D9),"",(Test!D9)) | E9: =IF(Filter!$C9="","",(COUNTIF(Filter!E9:H9,"a")+1)) | F9: =IF(Filter!$C9="","",(COUNTIF(Filter!I9:L9,"a")+1)) | G9: =IF(Filter!$C9="","",(COUNTIF(Filter!M9:P9,"a")+1)) | H9: =IF(Filter!$C9="","",(COUNTIF(Filter!Q9:S9,"a")+1)) | I9: =IF(Filter!$C9="","",(COUNTIF(Filter!T9:V9,"a")+1)) | J9: =IF(Filter!$C9="","",(COUNTIF(Filter!W9:Z9,"a")+1)) | K9: =IF(Filter!$C9="","",(COUNTIF(Filter!AA9:AD9,"a")+1)) | L9: =IF(Filter!$C9="","",(COUNTIF(Filter!AE9:AI9,"a")+1)) | M9: =IF(Filter!$C9="","",(COUNTIF(Filter!AJ9:AN9,"a")+1)) | N9: =IF(Filter!$C9="","",(COUNTIF(Filter!AO9:AS9,"a")+1)) | O9: =IF(Filter!$C9="","",(COUNTIF(Filter!AT9:AV9,"a")+1)) | P9: =IF(Filter!$C9="","",(COUNTIF(Filter!AW9:AY9,"a")+1)) | Q9: =IF(Filter!$C9="","",(COUNTIF(Filter!AZ9:BA9,"a")+1)) | R9: =IF(Filter!$C9="","",(COUNTIF(Filter!BB9:BD9,"a")+1)) | S9: =IF(Filter!$C9="","",(COUNTIF(Filter!BE9:BG9,"a")+1)) | T9: =IF(Filter!$C9="","",(COUNTIF(Filter!BH9:BJ9,"a")+1)) | U9: =IF(Filter!$C9="","",(COUNTIF(Filter!BK9:BO9,"a")+1)) | V9: =IF(Filter!$C9="","",(COUNTIF(Filter!BP9:BR9,"a")+1)) | W9: =IF(Filter!$C9="","",(COUNTIF(Filter!BS9:BU9,"a")+1)) | X9: =IF(SUM(E9:N9)=0,"",SUM(E9:N9)/51) | Y9: =IF(SUM(O9:W9)=0,"",SUM(O9:W9)/37) | Z9: =IF(SUM(E9:W9)=0,"",SUM(E9:W9)/88) | AA9: =IF(Z9="","",SUM(Z$3:Z$30)/COUNT(Z$3:Z$30))
A10: =IF(ISBLANK(Test!A10),"",(Test!A10)) | B10: =IF(ISBLANK(Test!B10),"",(Test!B10)) | C10: =IF(ISBLANK(Test!C10),"",(Test!C10)) | D10: =IF(ISBLANK(Test!D10),"",(Test!D10)) | E10: =IF(Filter!$C10="","",(COUNTIF(Filter!E10:H10,"a")+1)) | F10: =IF(Filter!$C10="","",(COUNTIF(Filter!I10:L10,"a")+1)) | G10: =IF(Filter!$C10="","",(COUNTIF(Filter!M10:P10,"a")+1)) | H10: =IF(Filter!$C10="","",(COUNTIF(Filter!Q10:S10,"a")+1)) | I10: =IF(Filter!$C10="","",(COUNTIF(Filter!T10:V10,"a")+1)) | J10: =IF(Filter!$C10="","",(COUNTIF(Filter!W10:Z10,"a")+1)) | K10: =IF(Filter!$C10="","",(COUNTIF(Filter!AA10:AD10,"a")+1)) | L10: =IF(Filter!$C10="","",(COUNTIF(Filter!AE10:AI10,"a")+1)) | M10: =IF(Filter!$C10="","",(COUNTIF(Filter!AJ10:AN10,"a")+1)) | N10: =IF(Filter!$C10="","",(COUNTIF(Filter!AO10:AS10,"a")+1)) | O10: =IF(Filter!$C10="","",(COUNTIF(Filter!AT10:AV10,"a")+1)) | P10: =IF(Filter!$C10="","",(COUNTIF(Filter!AW10:AY10,"a")+1)) | Q10: =IF(Filter!$C10="","",(COUNTIF(Filter!AZ10:BA10,"a")+1)) | R10: =IF(Filter!$C10="","",(COUNTIF(Filter!BB10:BD10,"a")+1)) | S10: =IF(Filter!$C10="","",(COUNTIF(Filter!BE10:BG10,"a")+1)) | T10: =IF(Filter!$C10="","",(COUNTIF(Filter!BH10:BJ10,"a")+1)) | U10: =IF(Filter!$C10="","",(COUNTIF(Filter!BK10:BO10,"a")+1)) | V10: =IF(Filter!$C10="","",(COUNTIF(Filter!BP10:BR10,"a")+1)) | W10: =IF(Filter!$C10="","",(COUNTIF(Filter!BS10:BU10,"a")+1)) | X10: =IF(SUM(E10:N10)=0,"",SUM(E10:N10)/51) | Y10: =IF(SUM(O10:W10)=0,"",SUM(O10:W10)/37) | Z10: =IF(SUM(E10:W10)=0,"",SUM(E10:W10)/88) | AA10: =IF(Z10="","",SUM(Z$3:Z$30)/COUNT(Z$3:Z$30))
A11: =IF(ISBLANK(Test!A11),"",(Test!A11)) | B11: =IF(ISBLANK(Test!B11),"",(Test!B11)) | C11: =IF(ISBLANK(Test!C11),"",(Test!C11)) | D11: =IF(ISBLANK(Test!D11),"",(Test!D11)) | E11: =IF(Filter!$C11="","",(COUNTIF(Filter!E11:H11,"a")+1)) | F11: =IF(Filter!$C11="","",(COUNTIF(Filter!I11:L11,"a")+1)) | G11: =IF(Filter!$C11="","",(COUNTIF(Filter!M11:P11,"a")+1)) | H11: =IF(Filter!$C11="","",(COUNTIF(Filter!Q11:S11,"a")+1)) | I11: =IF(Filter!$C11="","",(COUNTIF(Filter!T11:V11,"a")+1)) | J11: =IF(Filter!$C11="","",(COUNTIF(Filter!W11:Z11,"a")+1)) | K11: =IF(Filter!$C11="","",(COUNTIF(Filter!AA11:AD11,"a")+1)) | L11: =IF(Filter!$C11="","",(COUNTIF(Filter!AE11:AI11,"a")+1)) | M11: =IF(Filter!$C11="","",(COUNTIF(Filter!AJ11:AN11,"a")+1)) | N11: =IF(Filter!$C11="","",(COUNTIF(Filter!AO11:AS11,"a")+1)) | O11: =IF(Filter!$C11="","",(COUNTIF(Filter!AT11:AV11,"a")+1)) | P11: =IF(Filter!$C11="","",(COUNTIF(Filter!AW11:AY11,"a")+1)) | Q11: =IF(Filter!$C11="","",(COUNTIF(Filter!AZ11:BA11,"a")+1)) | R11: =IF(Filter!$C11="","",(COUNTIF(Filter!BB11:BD11,"a")+1)) | S11: =IF(Filter!$C11="","",(COUNTIF(Filter!BE11:BG11,"a")+1)) | T11: =IF(Filter!$C11="","",(COUNTIF(Filter!BH11:BJ11,"a")+1)) | U11: =IF(Filter!$C11="","",(COUNTIF(Filter!BK11:BO11,"a")+1)) | V11: =IF(Filter!$C11="","",(COUNTIF(Filter!BP11:BR11,"a")+1)) | W11: =IF(Filter!$C11="","",(COUNTIF(Filter!BS11:BU11,"a")+1)) | X11: =IF(SUM(E11:N11)=0,"",SUM(E11:N11)/51) | Y11: =IF(SUM(O11:W11)=0,"",SUM(O11:W11)/37) | Z11: =IF(SUM(E11:W11)=0,"",SUM(E11:W11)/88) | AA11: =IF(Z11="","",SUM(Z$3:Z$30)/COUNT(Z$3:Z$30))
A12: =IF(ISBLANK(Test!A12),"",(Test!A12)) | B12: =IF(ISBLANK(Test!B12),"",(Test!B12)) | C12: =IF(ISBLANK(Test!C12),"",(Test!C12)) | D12: =IF(ISBLANK(Test!D12),"",(Test!D12)) | E12: =IF(Filter!$C12="","",(COUNTIF(Filter!E12:H12,"a")+1)) | F12: =IF(Filter!$C12="","",(COUNTIF(Filter!I12:L12,"a")+1)) | G12: =IF(Filter!$C12="","",(COUNTIF(Filter!M12:P12,"a")+1)) | H12: =IF(Filter!$C12="","",(COUNTIF(Filter!Q12:S12,"a")+1)) | I12: =IF(Filter!$C12="","",(COUNTIF(Filter!T12:V12,"a")+1)) | J12: =IF(Filter!$C12="","",(COUNTIF(Filter!W12:Z12,"a")+1)) | K12: =IF(Filter!$C12="","",(COUNTIF(Filter!AA12:AD12,"a")+1)) | L12: =IF(Filter!$C12="","",(COUNTIF(Filter!AE12:AI12,"a")+1)) | M12: =IF(Filter!$C12="","",(COUNTIF(Filter!AJ12:AN12,"a")+1)) | N12: =IF(Filter!$C12="","",(COUNTIF(Filter!AO12:AS12,"a")+1)) | O12: =IF(Filter!$C12="","",(COUNTIF(Filter!AT12:AV12,"a")+1)) | P12: =IF(Filter!$C12="","",(COUNTIF(Filter!AW12:AY12,"a")+1)) | Q12: =IF(Filter!$C12="","",(COUNTIF(Filter!AZ12:BA12,"a")+1)) | R12: =IF(Filter!$C12="","",(COUNTIF(Filter!BB12:BD12,"a")+1)) | S12: =IF(Filter!$C12="","",(COUNTIF(Filter!BE12:BG12,"a")+1)) | T12: =IF(Filter!$C12="","",(COUNTIF(Filter!BH12:BJ12,"a")+1)) | U12: =IF(Filter!$C12="","",(COUNTIF(Filter!BK12:BO12,"a")+1)) | V12: =IF(Filter!$C12="","",(COUNTIF(Filter!BP12:BR12,"a")+1)) | W12: =IF(Filter!$C12="","",(COUNTIF(Filter!BS12:BU12,"a")+1)) | X12: =IF(SUM(E12:N12)=0,"",SUM(E12:N12)/51) | Y12: =IF(SUM(O12:W12)=0,"",SUM(O12:W12)/37) | Z12: =IF(SUM(E12:W12)=0,"",SUM(E12:W12)/88) | AA12: =IF(Z12="","",SUM(Z$3:Z$30)/COUNT(Z$3:Z$30))
A13: =IF(ISBLANK(Test!A13),"",(Test!A13)) | B13: =IF(ISBLANK(Test!B13),"",(Test!B13)) | C13: =IF(ISBLANK(Test!C13),"",(Test!C13)) | D13: =IF(ISBLANK(Test!D13),"",(Test!D13)) | E13: =IF(Filter!$C13="","",(COUNTIF(Filter!E13:H13,"a")+1)) | F13: =IF(Filter!$C13="","",(COUNTIF(Filter!I13:L13,"a")+1)) | G13: =IF(Filter!$C13="","",(COUNTIF(Filter!M13:P13,"a")+1)) | H13: =IF(Filter!$C13="","",(COUNTIF(Filter!Q13:S13,"a")+1)) | I13: =IF(Filter!$C13="","",(COUNTIF(Filter!T13:V13,"a")+1)) | J13: =IF(Filter!$C13="","",(COUNTIF(Filter!W13:Z13,"a")+1)) | K13: =IF(Filter!$C13="","",(COUNTIF(Filter!AA13:AD13,"a")+1)) | L13: =IF(Filter!$C13="","",(COUNTIF(Filter!AE13:AI13,"a")+1)) | M13: =IF(Filter!$C13="","",(COUNTIF(Filter!AJ13:AN13,"a")+1)) | N13: =IF(Filter!$C13="","",(COUNTIF(Filter!AO13:AS13,"a")+1)) | O13: =IF(Filter!$C13="","",(COUNTIF(Filter!AT13:AV13,"a")+1)) | P13: =IF(Filter!$C13="","",(COUNTIF(Filter!AW13:AY13,"a")+1)) | Q13: =IF(Filter!$C13="","",(COUNTIF(Filter!AZ13:BA13,"a")+1)) | R13: =IF(Filter!$C13="","",(COUNTIF(Filter!BB13:BD13,"a")+1)) | S13: =IF(Filter!$C13="","",(COUNTIF(Filter!BE13:BG13,"a")+1)) | T13: =IF(Filter!$C13="","",(COUNTIF(Filter!BH13:BJ13,"a")+1)) | U13: =IF(Filter!$C13="","",(COUNTIF(Filter!BK13:BO13,"a")+1)) | V13: =IF(Filter!$C13="","",(COUNTIF(Filter!BP13:BR13,"a")+1)) | W13: =IF(Filter!$C13="","",(COUNTIF(Filter!BS13:BU13,"a")+1)) | X13: =IF(SUM(E13:N13)=0,"",SUM(E13:N13)/51) | Y13: =IF(SUM(O13:W13)=0,"",SUM(O13:W13)/37) | Z13: =IF(SUM(E13:W13)=0,"",SUM(E13:W13)/88) | AA13: =IF(Z13="","",SUM(Z$3:Z$30)/COUNT(Z$3:Z$30))
A14: =IF(ISBLANK(Test!A14),"",(Test!A14)) | B14: =IF(ISBLANK(Test!B14),"",(Test!B14)) | C14: =IF(ISBLANK(Test!C14),"",(Test!C14)) | D14: =IF(ISBLANK(Test!D14),"",(Test!D14)) | E14: =IF(Filter!$C14="","",(COUNTIF(Filter!E14:H14,"a")+1)) | F14: =IF(Filter!$C14="","",(COUNTIF(Filter!I14:L14,"a")+1)) | G14: =IF(Filter!$C14="","",(COUNTIF(Filter!M14:P14,"a")+1)) | H14: =IF(Filter!$C14="","",(COUNTIF(Filter!Q14:S14,"a")+1)) | I14: =IF(Filter!$C14="","",(COUNTIF(Filter!T14:V14,"a")+1)) | J14: =IF(Filter!$C14="","",(COUNTIF(Filter!W14:Z14,"a")+1)) | K14: =IF(Filter!$C14="","",(COUNTIF(Filter!AA14:AD14,"a")+1)) | L14: =IF(Filter!$C14="","",(COUNTIF(Filter!AE14:AI14,"a")+1)) | M14: =IF(Filter!$C14="","",(COUNTIF(Filter!AJ14:AN14,"a")+1)) | N14: =IF(Filter!$C14="","",(COUNTIF(Filter!AO14:AS14,"a")+1)) | O14: =IF(Filter!$C14="","",(COUNTIF(Filter!AT14:AV14,"a")+1)) | P14: =IF(Filter!$C14="","",(COUNTIF(Filter!AW14:AY14,"a")+1)) | Q14: =IF(Filter!$C14="","",(COUNTIF(Filter!AZ14:BA14,"a")+1)) | R14: =IF(Filter!$C14="","",(COUNTIF(Filter!BB14:BD14,"a")+1)) | S14: =IF(Filter!$C14="","",(COUNTIF(Filter!BE14:BG14,"a")+1)) | T14: =IF(Filter!$C14="","",(COUNTIF(Filter!BH14:BJ14,"a")+1)) | U14: =IF(Filter!$C14="","",(COUNTIF(Filter!BK14:BO14,"a")+1)) | V14: =IF(Filter!$C14="","",(COUNTIF(Filter!BP14:BR14,"a")+1)) | W14: =IF(Filter!$C14="","",(COUNTIF(Filter!BS14:BU14,"a")+1)) | X14: =IF(SUM(E14:N14)=0,"",SUM(E14:N14)/51) | Y14: =IF(SUM(O14:W14)=0,"",SUM(O14:W14)/37) | Z14: =IF(SUM(E14:W14)=0,"",SUM(E14:W14)/88) | AA14: =IF(Z14="","",SUM(Z$3:Z$30)/COUNT(Z$3:Z$30))
... A30: =IF(ISBLANK(Test!A30),"",(Test!A30)) | B30: =IF(ISBLANK(Test!B30),"",(Test!B30)) | C30: =IF(ISBLANK(Test!C30),"",(Test!C30)) | D30: =IF(ISBLANK(Test!D30),"",(Test!D30)) | E30: =IF(Filter!$C30="","",(COUNTIF(Filter!E30:H30,"a")+1)) | F30: =IF(Filter!$C30="","",(COUNTIF(Filter!I30:L30,"a")+1)) | G30: =IF(Filter!$C30="","",(COUNTIF(Filter!M30:P30,"a")+1)) | H30: =IF(Filter!$C30="","",(COUNTIF(Filter!Q30:S30,"a")+1)) | I30: =IF(Filter!$C30="","",(COUNTIF(Filter!T30:V30,"a")+1)) | J30: =IF(Filter!$C30="","",(COUNTIF(Filter!W30:Z30,"a")+1)) | K30: =IF(Filter!$C30="","",(COUNTIF(Filter!AA30:AD30,"a")+1)) | L30: =IF(Filter!$C30="","",(COUNTIF(Filter!AE30:AI30,"a")+1)) | M30: =IF(Filter!$C30="","",(COUNTIF(Filter!AJ30:AN30,"a")+1)) | N30: =IF(Filter!$C30="","",(COUNTIF(Filter!AO30:AS30,"a")+1)) | O30: =IF(Filter!$C30="","",(COUNTIF(Filter!AT30:AV30,"a")+1)) | P30: =IF(Filter!$C30="","",(COUNTIF(Filter!AW30:AY30,"a")+1)) | Q30: =IF(Filter!$C30="","",(COUNTIF(Filter!AZ30:BA30,"a")+1)) | R30: =IF(Filter!$C30="","",(COUNTIF(Filter!BB30:BD30,"a")+1)) | S30: =IF(Filter!$C30="","",(COUNTIF(Filter!BE30:BG30,"a")+1)) | T30: =IF(Filter!$C30="","",(COUNTIF(Filter!BH30:BJ30,"a")+1)) | U30: =IF(Filter!$C30="","",(COUNTIF(Filter!BK30:BO30,"a")+1)) | V30: =IF(Filter!$C30="","",(COUNTIF(Filter!BP30:BR30,"a")+1)) | W30: =IF(Filter!$C30="","",(COUNTIF(Filter!BS30:BU30,"a")+1)) | X30: =IF(SUM(E30:N30)=0,"",SUM(E30:N30)/51) | Y30: =IF(SUM(O30:W30)=0,"",SUM(O30:W30)/37) | Z30: =IF(SUM(E30:W30)=0,"",SUM(E30:W30)/88) | AA30: =IF(Z30="","",SUM(Z$3:Z$30)/COUNT(Z$3:Z$30))
A31: =IF(ISBLANK(Test!A31),"",(Test!A31)) -> Teacher2 | B31: =IF(ISBLANK(Test!B31),"",(Test!B31)) | C31: =IF(ISBLANK(Test!C31),"",(Test!C31)) | D31: =IF(ISBLANK(Test!D31),"",(Test!D31)) | E31: =IF(Filter!$C31="","",(COUNTIF(Filter!E31:H31,"a")+1)) | F31: =IF(Filter!$C31="","",(COUNTIF(Filter!I31:L31,"a")+1)) | G31: =IF(Filter!$C31="","",(COUNTIF(Filter!M31:P31,"a")+1)) | H31: =IF(Filter!$C31="","",(COUNTIF(Filter!Q31:S31,"a")+1)) | I31: =IF(Filter!$C31="","",(COUNTIF(Filter!T31:V31,"a")+1)) | J31: =IF(Filter!$C31="","",(COUNTIF(Filter!W31:Z31,"a")+1)) | K31: =IF(Filter!$C31="","",(COUNTIF(Filter!AA31:AD31,"a")+1)) | L31: =IF(Filter!$C31="","",(COUNTIF(Filter!AE31:AI31,"a")+1)) | M31: =IF(Filter!$C31="","",(COUNTIF(Filter!AJ31:AN31,"a")+1)) | N31: =IF(Filter!$C31="","",(COUNTIF(Filter!AO31:AS31,"a")+1)) | O31: =IF(Filter!$C31="","",(COUNTIF(Filter!AT31:AV31,"a")+1)) | P31: =IF(Filter!$C31="","",(COUNTIF(Filter!AW31:AY31,"a")+1)) | Q31: =IF(Filter!$C31="","",(COUNTIF(Filter!AZ31:BA31,"a")+1)) | R31: =IF(Filter!$C31="","",(COUNTIF(Filter!BB31:BD31,"a")+1)) | S31: =IF(Filter!$C31="","",(COUNTIF(Filter!BE31:BG31,"a")+1)) | T31: =IF(Filter!$C31="","",(COUNTIF(Filter!BH31:BJ31,"a")+1)) | U31: =IF(Filter!$C31="","",(COUNTIF(Filter!BK31:BO31,"a")+1)) | V31: =IF(Filter!$C31="","",(COUNTIF(Filter!BP31:BR31,"a")+1)) | W31: =IF(Filter!$C31="","",(COUNTIF(Filter!BS31:BU31,"a")+1)) | X31: =IF(SUM(E31:N31)=0,"",SUM(E31:N31)/51) | Y31: =IF(SUM(O31:W31)=0,"",SUM(O31:W31)/37) | Z31: =IF(SUM(E31:W31)=0,"",SUM(E31:W31)/88) | AA31: =IF(Z31="","",SUM(Z$31:Z$59)/COUNT(Z$31:Z$59))
A32: =IF(ISBLANK(Test!A32),"",(Test!A32)) | B32: =IF(ISBLANK(Test!B32),"",(Test!B32)) | C32: =IF(ISBLANK(Test!C32),"",(Test!C32)) | D32: =IF(ISBLANK(Test!D32),"",(Test!D32)) | E32: =IF(Filter!$C32="","",(COUNTIF(Filter!E32:H32,"a")+1)) | F32: =IF(Filter!$C32="","",(COUNTIF(Filter!I32:L32,"a")+1)) | G32: =IF(Filter!$C32="","",(COUNTIF(Filter!M32:P32,"a")+1)) | H32: =IF(Filter!$C32="","",(COUNTIF(Filter!Q32:S32,"a")+1)) | I32: =IF(Filter!$C32="","",(COUNTIF(Filter!T32:V32,"a")+1)) | J32: =IF(Filter!$C32="","",(COUNTIF(Filter!W32:Z32,"a")+1)) | K32: =IF(Filter!$C32="","",(COUNTIF(Filter!AA32:AD32,"a")+1)) | L32: =IF(Filter!$C32="","",(COUNTIF(Filter!AE32:AI32,"a")+1)) | M32: =IF(Filter!$C32="","",(COUNTIF(Filter!AJ32:AN32,"a")+1)) | N32: =IF(Filter!$C32="","",(COUNTIF(Filter!AO32:AS32,"a")+1)) | O32: =IF(Filter!$C32="","",(COUNTIF(Filter!AT32:AV32,"a")+1)) | P32: =IF(Filter!$C32="","",(COUNTIF(Filter!AW32:AY32,"a")+1)) | Q32: =IF(Filter!$C32="","",(COUNTIF(Filter!AZ32:BA32,"a")+1)) | R32: =IF(Filter!$C32="","",(COUNTIF(Filter!BB32:BD32,"a")+1)) | S32: =IF(Filter!$C32="","",(COUNTIF(Filter!BE32:BG32,"a")+1)) | T32: =IF(Filter!$C32="","",(COUNTIF(Filter!BH32:BJ32,"a")+1)) | U32: =IF(Filter!$C32="","",(COUNTIF(Filter!BK32:BO32,"a")+1)) | V32: =IF(Filter!$C32="","",(COUNTIF(Filter!BP32:BR32,"a")+1)) | W32: =IF(Filter!$C32="","",(COUNTIF(Filter!BS32:BU32,"a")+1)) | X32: =IF(SUM(E32:N32)=0,"",SUM(E32:N32)/51) | Y32: =IF(SUM(O32:W32)=0,"",SUM(O32:W32)/37) | Z32: =IF(SUM(E32:W32)=0,"",SUM(E32:W32)/88) | AA32: =IF(Z32="","",SUM(Z$31:Z$59)/COUNT(Z$31:Z$59))
A33: =IF(ISBLANK(Test!A33),"",(Test!A33)) | B33: =IF(ISBLANK(Test!B33),"",(Test!B33)) | C33: =IF(ISBLANK(Test!C33),"",(Test!C33)) | D33: =IF(ISBLANK(Test!D33),"",(Test!D33)) | E33: =IF(Filter!$C33="","",(COUNTIF(Filter!E33:H33,"a")+1)) | F33: =IF(Filter!$C33="","",(COUNTIF(Filter!I33:L33,"a")+1)) | G33: =IF(Filter!$C33="","",(COUNTIF(Filter!M33:P33,"a")+1)) | H33: =IF(Filter!$C33="","",(COUNTIF(Filter!Q33:S33,"a")+1)) | I33: =IF(Filter!$C33="","",(COUNTIF(Filter!T33:V33,"a")+1)) | J33: =IF(Filter!$C33="","",(COUNTIF(Filter!W33:Z33,"a")+1)) | K33: =IF(Filter!$C33="","",(COUNTIF(Filter!AA33:AD33,"a")+1)) | L33: =IF(Filter!$C33="","",(COUNTIF(Filter!AE33:AI33,"a")+1)) | M33: =IF(Filter!$C33="","",(COUNTIF(Filter!AJ33:AN33,"a")+1)) | N33: =IF(Filter!$C33="","",(COUNTIF(Filter!AO33:AS33,"a")+1)) | O33: =IF(Filter!$C33="","",(COUNTIF(Filter!AT33:AV33,"a")+1)) | P33: =IF(Filter!$C33="","",(COUNTIF(Filter!AW33:AY33,"a")+1)) | Q33: =IF(Filter!$C33="","",(COUNTIF(Filter!AZ33:BA33,"a")+1)) | R33: =IF(Filter!$C33="","",(COUNTIF(Filter!BB33:BD33,"a")+1)) | S33: =IF(Filter!$C33="","",(COUNTIF(Filter!BE33:BG33,"a")+1)) | T33: =IF(Filter!$C33="","",(COUNTIF(Filter!BH33:BJ33,"a")+1)) | U33: =IF(Filter!$C33="","",(COUNTIF(Filter!BK33:BO33,"a")+1)) | V33: =IF(Filter!$C33="","",(COUNTIF(Filter!BP33:BR33,"a")+1)) | W33: =IF(Filter!$C33="","",(COUNTIF(Filter!BS33:BU33,"a")+1)) | X33: =IF(SUM(E33:N33)=0,"",SUM(E33:N33)/51) | Y33: =IF(SUM(O33:W33)=0,"",SUM(O33:W33)/37) | Z33: =IF(SUM(E33:W33)=0,"",SUM(E33:W33)/88) | AA33: =IF(Z33="","",SUM(Z$31:Z$59)/COUNT(Z$31:Z$59))
A34: =IF(ISBLANK(Test!A34),"",(Test!A34)) | B34: =IF(ISBLANK(Test!B34),"",(Test!B34)) | C34: =IF(ISBLANK(Test!C34),"",(Test!C34)) | D34: =IF(ISBLANK(Test!D34),"",(Test!D34)) | E34: =IF(Filter!$C34="","",(COUNTIF(Filter!E34:H34,"a")+1)) | F34: =IF(Filter!$C34="","",(COUNTIF(Filter!I34:L34,"a")+1)) | G34: =IF(Filter!$C34="","",(COUNTIF(Filter!M34:P34,"a")+1)) | H34: =IF(Filter!$C34="","",(COUNTIF(Filter!Q34:S34,"a")+1)) | I34: =IF(Filter!$C34="","",(COUNTIF(Filter!T34:V34,"a")+1)) | J34: =IF(Filter!$C34="","",(COUNTIF(Filter!W34:Z34,"a")+1)) | K34: =IF(Filter!$C34="","",(COUNTIF(Filter!AA34:AD34,"a")+1)) | L34: =IF(Filter!$C34="","",(COUNTIF(Filter!AE34:AI34,"a")+1)) | M34: =IF(Filter!$C34="","",(COUNTIF(Filter!AJ34:AN34,"a")+1)) | N34: =IF(Filter!$C34="","",(COUNTIF(Filter!AO34:AS34,"a")+1)) | O34: =IF(Filter!$C34="","",(COUNTIF(Filter!AT34:AV34,"a")+1)) | P34: =IF(Filter!$C34="","",(COUNTIF(Filter!AW34:AY34,"a")+1)) | Q34: =IF(Filter!$C34="","",(COUNTIF(Filter!AZ34:BA34,"a")+1)) | R34: =IF(Filter!$C34="","",(COUNTIF(Filter!BB34:BD34,"a")+1)) | S34: =IF(Filter!$C34="","",(COUNTIF(Filter!BE34:BG34,"a")+1)) | T34: =IF(Filter!$C34="","",(COUNTIF(Filter!BH34:BJ34,"a")+1)) | U34: =IF(Filter!$C34="","",(COUNTIF(Filter!BK34:BO34,"a")+1)) | V34: =IF(Filter!$C34="","",(COUNTIF(Filter!BP34:BR34,"a")+1)) | W34: =IF(Filter!$C34="","",(COUNTIF(Filter!BS34:BU34,"a")+1)) | X34: =IF(SUM(E34:N34)=0,"",SUM(E34:N34)/51) | Y34: =IF(SUM(O34:W34)=0,"",SUM(O34:W34)/37) | Z34: =IF(SUM(E34:W34)=0,"",SUM(E34:W34)/88) | AA34: =IF(Z34="","",SUM(Z$31:Z$59)/COUNT(Z$31:Z$59))
A35: =IF(ISBLANK(Test!A35),"",(Test!A35)) | B35: =IF(ISBLANK(Test!B35),"",(Test!B35)) | C35: =IF(ISBLANK(Test!C35),"",(Test!C35)) | D35: =IF(ISBLANK(Test!D35),"",(Test!D35)) | E35: =IF(Filter!$C35="","",(COUNTIF(Filter!E35:H35,"a")+1)) | F35: =IF(Filter!$C35="","",(COUNTIF(Filter!I35:L35,"a")+1)) | G35: =IF(Filter!$C35="","",(COUNTIF(Filter!M35:P35,"a")+1)) | H35: =IF(Filter!$C35="","",(COUNTIF(Filter!Q35:S35,"a")+1)) | I35: =IF(Filter!$C35="","",(COUNTIF(Filter!T35:V35,"a")+1)) | J35: =IF(Filter!$C35="","",(COUNTIF(Filter!W35:Z35,"a")+1)) | K35: =IF(Filter!$C35="","",(COUNTIF(Filter!AA35:AD35,"a")+1)) | L35: =IF(Filter!$C35="","",(COUNTIF(Filter!AE35:AI35,"a")+1)) | M35: =IF(Filter!$C35="","",(COUNTIF(Filter!AJ35:AN35,"a")+1)) | N35: =IF(Filter!$C35="","",(COUNTIF(Filter!AO35:AS35,"a")+1)) | O35: =IF(Filter!$C35="","",(COUNTIF(Filter!AT35:AV35,"a")+1)) | P35: =IF(Filter!$C35="","",(COUNTIF(Filter!AW35:AY35,"a")+1)) | Q35: =IF(Filter!$C35="","",(COUNTIF(Filter!AZ35:BA35,"a")+1)) | R35: =IF(Filter!$C35="","",(COUNTIF(Filter!BB35:BD35,"a")+1)) | S35: =IF(Filter!$C35="","",(COUNTIF(Filter!BE35:BG35,"a")+1)) | T35: =IF(Filter!$C35="","",(COUNTIF(Filter!BH35:BJ35,"a")+1)) | U35: =IF(Filter!$C35="","",(COUNTIF(Filter!BK35:BO35,"a")+1)) | V35: =IF(Filter!$C35="","",(COUNTIF(Filter!BP35:BR35,"a")+1)) | W35: =IF(Filter!$C35="","",(COUNTIF(Filter!BS35:BU35,"a")+1)) | X35: =IF(SUM(E35:N35)=0,"",SUM(E35:N35)/51) | Y35: =IF(SUM(O35:W35)=0,"",SUM(O35:W35)/37) | Z35: =IF(SUM(E35:W35)=0,"",SUM(E35:W35)/88) | AA35: =IF(Z35="","",SUM(Z$31:Z$59)/COUNT(Z$31:Z$59))
A36: =IF(ISBLANK(Test!A36),"",(Test!A36)) | B36: =IF(ISBLANK(Test!B36),"",(Test!B36)) | C36: =IF(ISBLANK(Test!C36),"",(Test!C36)) | D36: =IF(ISBLANK(Test!D36),"",(Test!D36)) | E36: =IF(Filter!$C36="","",(COUNTIF(Filter!E36:H36,"a")+1)) | F36: =IF(Filter!$C36="","",(COUNTIF(Filter!I36:L36,"a")+1)) | G36: =IF(Filter!$C36="","",(COUNTIF(Filter!M36:P36,"a")+1)) | H36: =IF(Filter!$C36="","",(COUNTIF(Filter!Q36:S36,"a")+1)) | I36: =IF(Filter!$C36="","",(COUNTIF(Filter!T36:V36,"a")+1)) | J36: =IF(Filter!$C36="","",(COUNTIF(Filter!W36:Z36,"a")+1)) | K36: =IF(Filter!$C36="","",(COUNTIF(Filter!AA36:AD36,"a")+1)) | L36: =IF(Filter!$C36="","",(COUNTIF(Filter!AE36:AI36,"a")+1)) | M36: =IF(Filter!$C36="","",(COUNTIF(Filter!AJ36:AN36,"a")+1)) | N36: =IF(Filter!$C36="","",(COUNTIF(Filter!AO36:AS36,"a")+1)) | O36: =IF(Filter!$C36="","",(COUNTIF(Filter!AT36:AV36,"a")+1)) | P36: =IF(Filter!$C36="","",(COUNTIF(Filter!AW36:AY36,"a")+1)) | Q36: =IF(Filter!$C36="","",(COUNTIF(Filter!AZ36:BA36,"a")+1)) | R36: =IF(Filter!$C36="","",(COUNTIF(Filter!BB36:BD36,"a")+1)) | S36: =IF(Filter!$C36="","",(COUNTIF(Filter!BE36:BG36,"a")+1)) | T36: =IF(Filter!$C36="","",(COUNTIF(Filter!BH36:BJ36,"a")+1)) | U36: =IF(Filter!$C36="","",(COUNTIF(Filter!BK36:BO36,"a")+1)) | V36: =IF(Filter!$C36="","",(COUNTIF(Filter!BP36:BR36,"a")+1)) | W36: =IF(Filter!$C36="","",(COUNTIF(Filter!BS36:BU36,"a")+1)) | X36: =IF(SUM(E36:N36)=0,"",SUM(E36:N36)/51) | Y36: =IF(SUM(O36:W36)=0,"",SUM(O36:W36)/37) | Z36: =IF(SUM(E36:W36)=0,"",SUM(E36:W36)/88) | AA36: =IF(Z36="","",SUM(Z$31:Z$59)/COUNT(Z$31:Z$59))
A37: =IF(ISBLANK(Test!A37),"",(Test!A37)) | B37: =IF(ISBLANK(Test!B37),"",(Test!B37)) | C37: =IF(ISBLANK(Test!C37),"",(Test!C37)) | D37: =IF(ISBLANK(Test!D37),"",(Test!D37)) | E37: =IF(Filter!$C37="","",(COUNTIF(Filter!E37:H37,"a")+1)) | F37: =IF(Filter!$C37="","",(COUNTIF(Filter!I37:L37,"a")+1)) | G37: =IF(Filter!$C37="","",(COUNTIF(Filter!M37:P37,"a")+1)) | H37: =IF(Filter!$C37="","",(COUNTIF(Filter!Q37:S37,"a")+1)) | I37: =IF(Filter!$C37="","",(COUNTIF(Filter!T37:V37,"a")+1)) | J37: =IF(Filter!$C37="","",(COUNTIF(Filter!W37:Z37,"a")+1)) | K37: =IF(Filter!$C37="","",(COUNTIF(Filter!AA37:AD37,"a")+1)) | L37: =IF(Filter!$C37="","",(COUNTIF(Filter!AE37:AI37,"a")+1)) | M37: =IF(Filter!$C37="","",(COUNTIF(Filter!AJ37:AN37,"a")+1)) | N37: =IF(Filter!$C37="","",(COUNTIF(Filter!AO37:AS37,"a")+1)) | O37: =IF(Filter!$C37="","",(COUNTIF(Filter!AT37:AV37,"a")+1)) | P37: =IF(Filter!$C37="","",(COUNTIF(Filter!AW37:AY37,"a")+1)) | Q37: =IF(Filter!$C37="","",(COUNTIF(Filter!AZ37:BA37,"a")+1)) | R37: =IF(Filter!$C37="","",(COUNTIF(Filter!BB37:BD37,"a")+1)) | S37: =IF(Filter!$C37="","",(COUNTIF(Filter!BE37:BG37,"a")+1)) | T37: =IF(Filter!$C37="","",(COUNTIF(Filter!BH37:BJ37,"a")+1)) | U37: =IF(Filter!$C37="","",(COUNTIF(Filter!BK37:BO37,"a")+1)) | V37: =IF(Filter!$C37="","",(COUNTIF(Filter!BP37:BR37,"a")+1)) | W37: =IF(Filter!$C37="","",(COUNTIF(Filter!BS37:BU37,"a")+1)) | X37: =IF(SUM(E37:N37)=0,"",SUM(E37:N37)/51) | Y37: =IF(SUM(O37:W37)=0,"",SUM(O37:W37)/37) | Z37: =IF(SUM(E37:W37)=0,"",SUM(E37:W37)/88) | AA37: =IF(Z37="","",SUM(Z$31:Z$59)/COUNT(Z$31:Z$59))
A38: =IF(ISBLANK(Test!A38),"",(Test!A38)) | B38: =IF(ISBLANK(Test!B38),"",(Test!B38)) | C38: =IF(ISBLANK(Test!C38),"",(Test!C38)) | D38: =IF(ISBLANK(Test!D38),"",(Test!D38)) | E38: =IF(Filter!$C38="","",(COUNTIF(Filter!E38:H38,"a")+1)) | F38: =IF(Filter!$C38="","",(COUNTIF(Filter!I38:L38,"a")+1)) | G38: =IF(Filter!$C38="","",(COUNTIF(Filter!M38:P38,"a")+1)) | H38: =IF(Filter!$C38="","",(COUNTIF(Filter!Q38:S38,"a")+1)) | I38: =IF(Filter!$C38="","",(COUNTIF(Filter!T38:V38,"a")+1)) | J38: =IF(Filter!$C38="","",(COUNTIF(Filter!W38:Z38,"a")+1)) | K38: =IF(Filter!$C38="","",(COUNTIF(Filter!AA38:AD38,"a")+1)) | L38: =IF(Filter!$C38="","",(COUNTIF(Filter!AE38:AI38,"a")+1)) | M38: =IF(Filter!$C38="","",(COUNTIF(Filter!AJ38:AN38,"a")+1)) | N38: =IF(Filter!$C38="","",(COUNTIF(Filter!AO38:AS38,"a")+1)) | O38: =IF(Filter!$C38="","",(COUNTIF(Filter!AT38:AV38,"a")+1)) | P38: =IF(Filter!$C38="","",(COUNTIF(Filter!AW38:AY38,"a")+1)) | Q38: =IF(Filter!$C38="","",(COUNTIF(Filter!AZ38:BA38,"a")+1)) | R38: =IF(Filter!$C38="","",(COUNTIF(Filter!BB38:BD38,"a")+1)) | S38: =IF(Filter!$C38="","",(COUNTIF(Filter!BE38:BG38,"a")+1)) | T38: =IF(Filter!$C38="","",(COUNTIF(Filter!BH38:BJ38,"a")+1)) | U38: =IF(Filter!$C38="","",(COUNTIF(Filter!BK38:BO38,"a")+1)) | V38: =IF(Filter!$C38="","",(COUNTIF(Filter!BP38:BR38,"a")+1)) | W38: =IF(Filter!$C38="","",(COUNTIF(Filter!BS38:BU38,"a")+1)) | X38: =IF(SUM(E38:N38)=0,"",SUM(E38:N38)/51) | Y38: =IF(SUM(O38:W38)=0,"",SUM(O38:W38)/37) | Z38: =IF(SUM(E38:W38)=0,"",SUM(E38:W38)/88) | AA38: =IF(Z38="","",SUM(Z$31:Z$59)/COUNT(Z$31:Z$59))
A39: =IF(ISBLANK(Test!A39),"",(Test!A39)) | B39: =IF(ISBLANK(Test!B39),"",(Test!B39)) | C39: =IF(ISBLANK(Test!C39),"",(Test!C39)) | D39: =IF(ISBLANK(Test!D39),"",(Test!D39)) | E39: =IF(Filter!$C39="","",(COUNTIF(Filter!E39:H39,"a")+1)) | F39: =IF(Filter!$C39="","",(COUNTIF(Filter!I39:L39,"a")+1)) | G39: =IF(Filter!$C39="","",(COUNTIF(Filter!M39:P39,"a")+1)) | H39: =IF(Filter!$C39="","",(COUNTIF(Filter!Q39:S39,"a")+1)) | I39: =IF(Filter!$C39="","",(COUNTIF(Filter!T39:V39,"a")+1)) | J39: =IF(Filter!$C39="","",(COUNTIF(Filter!W39:Z39,"a")+1)) | K39: =IF(Filter!$C39="","",(COUNTIF(Filter!AA39:AD39,"a")+1)) | L39: =IF(Filter!$C39="","",(COUNTIF(Filter!AE39:AI39,"a")+1)) | M39: =IF(Filter!$C39="","",(COUNTIF(Filter!AJ39:AN39,"a")+1)) | N39: =IF(Filter!$C39="","",(COUNTIF(Filter!AO39:AS39,"a")+1)) | O39: =IF(Filter!$C39="","",(COUNTIF(Filter!AT39:AV39,"a")+1)) | P39: =IF(Filter!$C39="","",(COUNTIF(Filter!AW39:AY39,"a")+1)) | Q39: =IF(Filter!$C39="","",(COUNTIF(Filter!AZ39:BA39,"a")+1)) | R39: =IF(Filter!$C39="","",(COUNTIF(Filter!BB39:BD39,"a")+1)) | S39: =IF(Filter!$C39="","",(COUNTIF(Filter!BE39:BG39,"a")+1)) | T39: =IF(Filter!$C39="","",(COUNTIF(Filter!BH39:BJ39,"a")+1)) | U39: =IF(Filter!$C39="","",(COUNTIF(Filter!BK39:BO39,"a")+1)) | V39: =IF(Filter!$C39="","",(COUNTIF(Filter!BP39:BR39,"a")+1)) | W39: =IF(Filter!$C39="","",(COUNTIF(Filter!BS39:BU39,"a")+1)) | X39: =IF(SUM(E39:N39)=0,"",SUM(E39:N39)/51) | Y39: =IF(SUM(O39:W39)=0,"",SUM(O39:W39)/37) | Z39: =IF(SUM(E39:W39)=0,"",SUM(E39:W39)/88) | AA39: =IF(Z39="","",SUM(Z$31:Z$59)/COUNT(Z$31:Z$59))
A40: =IF(ISBLANK(Test!A40),"",(Test!A40)) | B40: =IF(ISBLANK(Test!B40),"",(Test!B40)) | C40: =IF(ISBLANK(Test!C40),"",(Test!C40)) | D40: =IF(ISBLANK(Test!D40),"",(Test!D40)) | E40: =IF(Filter!$C40="","",(COUNTIF(Filter!E40:H40,"a")+1)) | F40: =IF(Filter!$C40="","",(COUNTIF(Filter!I40:L40,"a")+1)) | G40: =IF(Filter!$C40="","",(COUNTIF(Filter!M40:P40,"a")+1)) | H40: =IF(Filter!$C40="","",(COUNTIF(Filter!Q40:S40,"a")+1)) | I40: =IF(Filter!$C40="","",(COUNTIF(Filter!T40:V40,"a")+1)) | J40: =IF(Filter!$C40="","",(COUNTIF(Filter!W40:Z40,"a")+1)) | K40: =IF(Filter!$C40="","",(COUNTIF(Filter!AA40:AD40,"a")+1)) | L40: =IF(Filter!$C40="","",(COUNTIF(Filter!AE40:AI40,"a")+1)) | M40: =IF(Filter!$C40="","",(COUNTIF(Filter!AJ40:AN40,"a")+1)) | N40: =IF(Filter!$C40="","",(COUNTIF(Filter!AO40:AS40,"a")+1)) | O40: =IF(Filter!$C40="","",(COUNTIF(Filter!AT40:AV40,"a")+1)) | P40: =IF(Filter!$C40="","",(COUNTIF(Filter!AW40:AY40,"a")+1)) | Q40: =IF(Filter!$C40="","",(COUNTIF(Filter!AZ40:BA40,"a")+1)) | R40: =IF(Filter!$C40="","",(COUNTIF(Filter!BB40:BD40,"a")+1)) | S40: =IF(Filter!$C40="","",(COUNTIF(Filter!BE40:BG40,"a")+1)) | T40: =IF(Filter!$C40="","",(COUNTIF(Filter!BH40:BJ40,"a")+1)) | U40: =IF(Filter!$C40="","",(COUNTIF(Filter!BK40:BO40,"a")+1)) | V40: =IF(Filter!$C40="","",(COUNTIF(Filter!BP40:BR40,"a")+1)) | W40: =IF(Filter!$C40="","",(COUNTIF(Filter!BS40:BU40,"a")+1)) | X40: =IF(SUM(E40:N40)=0,"",SUM(E40:N40)/51) | Y40: =IF(SUM(O40:W40)=0,"",SUM(O40:W40)/37) | Z40: =IF(SUM(E40:W40)=0,"",SUM(E40:W40)/88) | AA40: =IF(Z40="","",SUM(Z$31:Z$59)/COUNT(Z$31:Z$59))
A41: =IF(ISBLANK(Test!A41),"",(Test!A41)) | B41: =IF(ISBLANK(Test!B41),"",(Test!B41)) | C41: =IF(ISBLANK(Test!C41),"",(Test!C41)) | D41: =IF(ISBLANK(Test!D41),"",(Test!D41)) | E41: =IF(Filter!$C41="","",(COUNTIF(Filter!E41:H41,"a")+1)) | F41: =IF(Filter!$C41="","",(COUNTIF(Filter!I41:L41,"a")+1)) | G41: =IF(Filter!$C41="","",(COUNTIF(Filter!M41:P41,"a")+1)) | H41: =IF(Filter!$C41="","",(COUNTIF(Filter!Q41:S41,"a")+1)) | I41: =IF(Filter!$C41="","",(COUNTIF(Filter!T41:V41,"a")+1)) | J41: =IF(Filter!$C41="","",(COUNTIF(Filter!W41:Z41,"a")+1)) | K41: =IF(Filter!$C41="","",(COUNTIF(Filter!AA41:AD41,"a")+1)) | L41: =IF(Filter!$C41="","",(COUNTIF(Filter!AE41:AI41,"a")+1)) | M41: =IF(Filter!$C41="","",(COUNTIF(Filter!AJ41:AN41,"a")+1)) | N41: =IF(Filter!$C41="","",(COUNTIF(Filter!AO41:AS41,"a")+1)) | O41: =IF(Filter!$C41="","",(COUNTIF(Filter!AT41:AV41,"a")+1)) | P41: =IF(Filter!$C41="","",(COUNTIF(Filter!AW41:AY41,"a")+1)) | Q41: =IF(Filter!$C41="","",(COUNTIF(Filter!AZ41:BA41,"a")+1)) | R41: =IF(Filter!$C41="","",(COUNTIF(Filter!BB41:BD41,"a")+1)) | S41: =IF(Filter!$C41="","",(COUNTIF(Filter!BE41:BG41,"a")+1)) | T41: =IF(Filter!$C41="","",(COUNTIF(Filter!BH41:BJ41,"a")+1)) | U41: =IF(Filter!$C41="","",(COUNTIF(Filter!BK41:BO41,"a")+1)) | V41: =IF(Filter!$C41="","",(COUNTIF(Filter!BP41:BR41,"a")+1)) | W41: =IF(Filter!$C41="","",(COUNTIF(Filter!BS41:BU41,"a")+1)) | X41: =IF(SUM(E41:N41)=0,"",SUM(E41:N41)/51) | Y41: =IF(SUM(O41:W41)=0,"",SUM(O41:W41)/37) | Z41: =IF(SUM(E41:W41)=0,"",SUM(E41:W41)/88) | AA41: =IF(Z41="","",SUM(Z$31:Z$59)/COUNT(Z$31:Z$59))
A42: =IF(ISBLANK(Test!A42),"",(Test!A42)) | B42: =IF(ISBLANK(Test!B42),"",(Test!B42)) | C42: =IF(ISBLANK(Test!C42),"",(Test!C42)) | D42: =IF(ISBLANK(Test!D42),"",(Test!D42)) | E42: =IF(Filter!$C42="","",(COUNTIF(Filter!E42:H42,"a")+1)) | F42: =IF(Filter!$C42="","",(COUNTIF(Filter!I42:L42,"a")+1)) | G42: =IF(Filter!$C42="","",(COUNTIF(Filter!M42:P42,"a")+1)) | H42: =IF(Filter!$C42="","",(COUNTIF(Filter!Q42:S42,"a")+1)) | I42: =IF(Filter!$C42="","",(COUNTIF(Filter!T42:V42,"a")+1)) | J42: =IF(Filter!$C42="","",(COUNTIF(Filter!W42:Z42,"a")+1)) | K42: =IF(Filter!$C42="","",(COUNTIF(Filter!AA42:AD42,"a")+1)) | L42: =IF(Filter!$C42="","",(COUNTIF(Filter!AE42:AI42,"a")+1)) | M42: =IF(Filter!$C42="","",(COUNTIF(Filter!AJ42:AN42,"a")+1)) | N42: =IF(Filter!$C42="","",(COUNTIF(Filter!AO42:AS42,"a")+1)) | O42: =IF(Filter!$C42="","",(COUNTIF(Filter!AT42:AV42,"a")+1)) | P42: =IF(Filter!$C42="","",(COUNTIF(Filter!AW42:AY42,"a")+1)) | Q42: =IF(Filter!$C42="","",(COUNTIF(Filter!AZ42:BA42,"a")+1)) | R42: =IF(Filter!$C42="","",(COUNTIF(Filter!BB42:BD42,"a")+1)) | S42: =IF(Filter!$C42="","",(COUNTIF(Filter!BE42:BG42,"a")+1)) | T42: =IF(Filter!$C42="","",(COUNTIF(Filter!BH42:BJ42,"a")+1)) | U42: =IF(Filter!$C42="","",(COUNTIF(Filter!BK42:BO42,"a")+1)) | V42: =IF(Filter!$C42="","",(COUNTIF(Filter!BP42:BR42,"a")+1)) | W42: =IF(Filter!$C42="","",(COUNTIF(Filter!BS42:BU42,"a")+1)) | X42: =IF(SUM(E42:N42)=0,"",SUM(E42:N42)/51) | Y42: =IF(SUM(O42:W42)=0,"",SUM(O42:W42)/37) | Z42: =IF(SUM(E42:W42)=0,"",SUM(E42:W42)/88) | AA42: =IF(Z42="","",SUM(Z$31:Z$59)/COUNT(Z$31:Z$59))
... A59: =IF(ISBLANK(Test!A59),"",(Test!A59)) | B59: =IF(ISBLANK(Test!B59),"",(Test!B59)) | C59: =IF(ISBLANK(Test!C59),"",(Test!C59)) | D59: =IF(ISBLANK(Test!D59),"",(Test!D59)) | E59: =IF(Filter!$C59="","",(COUNTIF(Filter!E59:H59,"a")+1)) | F59: =IF(Filter!$C59="","",(COUNTIF(Filter!I59:L59,"a")+1)) | G59: =IF(Filter!$C59="","",(COUNTIF(Filter!M59:P59,"a")+1)) | H59: =IF(Filter!$C59="","",(COUNTIF(Filter!Q59:S59,"a")+1)) | I59: =IF(Filter!$C59="","",(COUNTIF(Filter!T59:V59,"a")+1)) | J59: =IF(Filter!$C59="","",(COUNTIF(Filter!W59:Z59,"a")+1)) | K59: =IF(Filter!$C59="","",(COUNTIF(Filter!AA59:AD59,"a")+1)) | L59: =IF(Filter!$C59="","",(COUNTIF(Filter!AE59:AI59,"a")+1)) | M59: =IF(Filter!$C59="","",(COUNTIF(Filter!AJ59:AN59,"a")+1)) | N59: =IF(Filter!$C59="","",(COUNTIF(Filter!AO59:AS59,"a")+1)) | O59: =IF(Filter!$C59="","",(COUNTIF(Filter!AT59:AV59,"a")+1)) | P59: =IF(Filter!$C59="","",(COUNTIF(Filter!AW59:AY59,"a")+1)) | Q59: =IF(Filter!$C59="","",(COUNTIF(Filter!AZ59:BA59,"a")+1)) | R59: =IF(Filter!$C59="","",(COUNTIF(Filter!BB59:BD59,"a")+1)) | S59: =IF(Filter!$C59="","",(COUNTIF(Filter!BE59:BG59,"a")+1)) | T59: =IF(Filter!$C59="","",(COUNTIF(Filter!BH59:BJ59,"a")+1)) | U59: =IF(Filter!$C59="","",(COUNTIF(Filter!BK59:BO59,"a")+1)) | V59: =IF(Filter!$C59="","",(COUNTIF(Filter!BP59:BR59,"a")+1)) | W59: =IF(Filter!$C59="","",(COUNTIF(Filter!BS59:BU59,"a")+1)) | X59: =IF(SUM(E59:N59)=0,"",SUM(E59:N59)/51) | Y59: =IF(SUM(O59:W59)=0,"",SUM(O59:W59)/37) | Z59: =IF(SUM(E59:W59)=0,"",SUM(E59:W59)/88) | AA59: =IF(Z59="","",SUM(Z$31:Z$59)/COUNT(Z$31:Z$59))
A60: =IF(ISBLANK(Test!A60),"",(Test!A60)) -> Teacher 3 | B60: =IF(ISBLANK(Test!B60),"",(Test!B60)) | C60: =IF(ISBLANK(Test!C60),"",(Test!C60)) | D60: =IF(ISBLANK(Test!D60),"",(Test!D60)) | E60: =IF(Filter!$C60="","",(COUNTIF(Filter!E60:H60,"a")+1)) | F60: =IF(Filter!$C60="","",(COUNTIF(Filter!I60:L60,"a")+1)) | G60: =IF(Filter!$C60="","",(COUNTIF(Filter!M60:P60,"a")+1)) | H60: =IF(Filter!$C60="","",(COUNTIF(Filter!Q60:S60,"a")+1)) | I60: =IF(Filter!$C60="","",(COUNTIF(Filter!T60:V60,"a")+1)) | J60: =IF(Filter!$C60="","",(COUNTIF(Filter!W60:Z60,"a")+1)) | K60: =IF(Filter!$C60="","",(COUNTIF(Filter!AA60:AD60,"a")+1)) | L60: =IF(Filter!$C60="","",(COUNTIF(Filter!AE60:AI60,"a")+1)) | M60: =IF(Filter!$C60="","",(COUNTIF(Filter!AJ60:AN60,"a")+1)) | N60: =IF(Filter!$C60="","",(COUNTIF(Filter!AO60:AS60,"a")+1)) | O60: =IF(Filter!$C60="","",(COUNTIF(Filter!AT60:AV60,"a")+1)) | P60: =IF(Filter!$C60="","",(COUNTIF(Filter!AW60:AY60,"a")+1)) | Q60: =IF(Filter!$C60="","",(COUNTIF(Filter!AZ60:BA60,"a")+1)) | R60: =IF(Filter!$C60="","",(COUNTIF(Filter!BB60:BD60,"a")+1)) | S60: =IF(Filter!$C60="","",(COUNTIF(Filter!BE60:BG60,"a")+1)) | T60: =IF(Filter!$C60="","",(COUNTIF(Filter!BH60:BJ60,"a")+1)) | U60: =IF(Filter!$C60="","",(COUNTIF(Filter!BK60:BO60,"a")+1)) | V60: =IF(Filter!$C60="","",(COUNTIF(Filter!BP60:BR60,"a")+1)) | W60: =IF(Filter!$C60="","",(COUNTIF(Filter!BS60:BU60,"a")+1)) | X60: =IF(SUM(E60:N60)=0,"",SUM(E60:N60)/51) | Y60: =IF(SUM(O60:W60)=0,"",SUM(O60:W60)/37) | Z60: =IF(SUM(E60:W60)=0,"",SUM(E60:W60)/88) | AA60: =IF(Z60="","",SUM(Z$60:Z$88)/COUNT(Z$60:Z$88))
A61: =IF(ISBLANK(Test!A61),"",(Test!A61)) | B61: =IF(ISBLANK(Test!B61),"",(Test!B61)) | C61: =IF(ISBLANK(Test!C61),"",(Test!C61)) | D61: =IF(ISBLANK(Test!D61),"",(Test!D61)) | E61: =IF(Filter!$C61="","",(COUNTIF(Filter!E61:H61,"a")+1)) | F61: =IF(Filter!$C61="","",(COUNTIF(Filter!I61:L61,"a")+1)) | G61: =IF(Filter!$C61="","",(COUNTIF(Filter!M61:P61,"a")+1)) | H61: =IF(Filter!$C61="","",(COUNTIF(Filter!Q61:S61,"a")+1)) | I61: =IF(Filter!$C61="","",(COUNTIF(Filter!T61:V61,"a")+1)) | J61: =IF(Filter!$C61="","",(COUNTIF(Filter!W61:Z61,"a")+1)) | K61: =IF(Filter!$C61="","",(COUNTIF(Filter!AA61:AD61,"a")+1)) | L61: =IF(Filter!$C61="","",(COUNTIF(Filter!AE61:AI61,"a")+1)) | M61: =IF(Filter!$C61="","",(COUNTIF(Filter!AJ61:AN61,"a")+1)) | N61: =IF(Filter!$C61="","",(COUNTIF(Filter!AO61:AS61,"a")+1)) | O61: =IF(Filter!$C61="","",(COUNTIF(Filter!AT61:AV61,"a")+1)) | P61: =IF(Filter!$C61="","",(COUNTIF(Filter!AW61:AY61,"a")+1)) | Q61: =IF(Filter!$C61="","",(COUNTIF(Filter!AZ61:BA61,"a")+1)) | R61: =IF(Filter!$C61="","",(COUNTIF(Filter!BB61:BD61,"a")+1)) | S61: =IF(Filter!$C61="","",(COUNTIF(Filter!BE61:BG61,"a")+1)) | T61: =IF(Filter!$C61="","",(COUNTIF(Filter!BH61:BJ61,"a")+1)) | U61: =IF(Filter!$C61="","",(COUNTIF(Filter!BK61:BO61,"a")+1)) | V61: =IF(Filter!$C61="","",(COUNTIF(Filter!BP61:BR61,"a")+1)) | W61: =IF(Filter!$C61="","",(COUNTIF(Filter!BS61:BU61,"a")+1)) | X61: =IF(SUM(E61:N61)=0,"",SUM(E61:N61)/51) | Y61: =IF(SUM(O61:W61)=0,"",SUM(O61:W61)/37) | Z61: =IF(SUM(E61:W61)=0,"",SUM(E61:W61)/88) | AA61: =IF(Z61="","",SUM(Z$60:Z$88)/COUNT(Z$60:Z$88))
A62: =IF(ISBLANK(Test!A62),"",(Test!A62)) | B62: =IF(ISBLANK(Test!B62),"",(Test!B62)) | C62: =IF(ISBLANK(Test!C62),"",(Test!C62)) | D62: =IF(ISBLANK(Test!D62),"",(Test!D62)) | E62: =IF(Filter!$C62="","",(COUNTIF(Filter!E62:H62,"a")+1)) | F62: =IF(Filter!$C62="","",(COUNTIF(Filter!I62:L62,"a")+1)) | G62: =IF(Filter!$C62="","",(COUNTIF(Filter!M62:P62,"a")+1)) | H62: =IF(Filter!$C62="","",(COUNTIF(Filter!Q62:S62,"a")+1)) | I62: =IF(Filter!$C62="","",(COUNTIF(Filter!T62:V62,"a")+1)) | J62: =IF(Filter!$C62="","",(COUNTIF(Filter!W62:Z62,"a")+1)) | K62: =IF(Filter!$C62="","",(COUNTIF(Filter!AA62:AD62,"a")+1)) | L62: =IF(Filter!$C62="","",(COUNTIF(Filter!AE62:AI62,"a")+1)) | M62: =IF(Filter!$C62="","",(COUNTIF(Filter!AJ62:AN62,"a")+1)) | N62: =IF(Filter!$C62="","",(COUNTIF(Filter!AO62:AS62,"a")+1)) | O62: =IF(Filter!$C62="","",(COUNTIF(Filter!AT62:AV62,"a")+1)) | P62: =IF(Filter!$C62="","",(COUNTIF(Filter!AW62:AY62,"a")+1)) | Q62: =IF(Filter!$C62="","",(COUNTIF(Filter!AZ62:BA62,"a")+1)) | R62: =IF(Filter!$C62="","",(COUNTIF(Filter!BB62:BD62,"a")+1)) | S62: =IF(Filter!$C62="","",(COUNTIF(Filter!BE62:BG62,"a")+1)) | T62: =IF(Filter!$C62="","",(COUNTIF(Filter!BH62:BJ62,"a")+1)) | U62: =IF(Filter!$C62="","",(COUNTIF(Filter!BK62:BO62,"a")+1)) | V62: =IF(Filter!$C62="","",(COUNTIF(Filter!BP62:BR62,"a")+1)) | W62: =IF(Filter!$C62="","",(COUNTIF(Filter!BS62:BU62,"a")+1)) | X62: =IF(SUM(E62:N62)=0,"",SUM(E62:N62)/51) | Y62: =IF(SUM(O62:W62)=0,"",SUM(O62:W62)/37) | Z62: =IF(SUM(E62:W62)=0,"",SUM(E62:W62)/88) | AA62: =IF(Z62="","",SUM(Z$60:Z$88)/COUNT(Z$60:Z$88))
A63: =IF(ISBLANK(Test!A63),"",(Test!A63)) | B63: =IF(ISBLANK(Test!B63),"",(Test!B63)) | C63: =IF(ISBLANK(Test!C63),"",(Test!C63)) | D63: =IF(ISBLANK(Test!D63),"",(Test!D63)) | E63: =IF(Filter!$C63="","",(COUNTIF(Filter!E63:H63,"a")+1)) | F63: =IF(Filter!$C63="","",(COUNTIF(Filter!I63:L63,"a")+1)) | G63: =IF(Filter!$C63="","",(COUNTIF(Filter!M63:P63,"a")+1)) | H63: =IF(Filter!$C63="","",(COUNTIF(Filter!Q63:S63,"a")+1)) | I63: =IF(Filter!$C63="","",(COUNTIF(Filter!T63:V63,"a")+1)) | J63: =IF(Filter!$C63="","",(COUNTIF(Filter!W63:Z63,"a")+1)) | K63: =IF(Filter!$C63="","",(COUNTIF(Filter!AA63:AD63,"a")+1)) | L63: =IF(Filter!$C63="","",(COUNTIF(Filter!AE63:AI63,"a")+1)) | M63: =IF(Filter!$C63="","",(COUNTIF(Filter!AJ63:AN63,"a")+1)) | N63: =IF(Filter!$C63="","",(COUNTIF(Filter!AO63:AS63,"a")+1)) | O63: =IF(Filter!$C63="","",(COUNTIF(Filter!AT63:AV63,"a")+1)) | P63: =IF(Filter!$C63="","",(COUNTIF(Filter!AW63:AY63,"a")+1)) | Q63: =IF(Filter!$C63="","",(COUNTIF(Filter!AZ63:BA63,"a")+1)) | R63: =IF(Filter!$C63="","",(COUNTIF(Filter!BB63:BD63,"a")+1)) | S63: =IF(Filter!$C63="","",(COUNTIF(Filter!BE63:BG63,"a")+1)) | T63: =IF(Filter!$C63="","",(COUNTIF(Filter!BH63:BJ63,"a")+1)) | U63: =IF(Filter!$C63="","",(COUNTIF(Filter!BK63:BO63,"a")+1)) | V63: =IF(Filter!$C63="","",(COUNTIF(Filter!BP63:BR63,"a")+1)) | W63: =IF(Filter!$C63="","",(COUNTIF(Filter!BS63:BU63,"a")+1)) | X63: =IF(SUM(E63:N63)=0,"",SUM(E63:N63)/51) | Y63: =IF(SUM(O63:W63)=0,"",SUM(O63:W63)/37) | Z63: =IF(SUM(E63:W63)=0,"",SUM(E63:W63)/88) | AA63: =IF(Z63="","",SUM(Z$60:Z$88)/COUNT(Z$60:Z$88))
A64: =IF(ISBLANK(Test!A64),"",(Test!A64)) | B64: =IF(ISBLANK(Test!B64),"",(Test!B64)) | C64: =IF(ISBLANK(Test!C64),"",(Test!C64)) | D64: =IF(ISBLANK(Test!D64),"",(Test!D64)) | E64: =IF(Filter!$C64="","",(COUNTIF(Filter!E64:H64,"a")+1)) | F64: =IF(Filter!$C64="","",(COUNTIF(Filter!I64:L64,"a")+1)) | G64: =IF(Filter!$C64="","",(COUNTIF(Filter!M64:P64,"a")+1)) | H64: =IF(Filter!$C64="","",(COUNTIF(Filter!Q64:S64,"a")+1)) | I64: =IF(Filter!$C64="","",(COUNTIF(Filter!T64:V64,"a")+1)) | J64: =IF(Filter!$C64="","",(COUNTIF(Filter!W64:Z64,"a")+1)) | K64: =IF(Filter!$C64="","",(COUNTIF(Filter!AA64:AD64,"a")+1)) | L64: =IF(Filter!$C64="","",(COUNTIF(Filter!AE64:AI64,"a")+1)) | M64: =IF(Filter!$C64="","",(COUNTIF(Filter!AJ64:AN64,"a")+1)) | N64: =IF(Filter!$C64="","",(COUNTIF(Filter!AO64:AS64,"a")+1)) | O64: =IF(Filter!$C64="","",(COUNTIF(Filter!AT64:AV64,"a")+1)) | P64: =IF(Filter!$C64="","",(COUNTIF(Filter!AW64:AY64,"a")+1)) | Q64: =IF(Filter!$C64="","",(COUNTIF(Filter!AZ64:BA64,"a")+1)) | R64: =IF(Filter!$C64="","",(COUNTIF(Filter!BB64:BD64,"a")+1)) | S64: =IF(Filter!$C64="","",(COUNTIF(Filter!BE64:BG64,"a")+1)) | T64: =IF(Filter!$C64="","",(COUNTIF(Filter!BH64:BJ64,"a")+1)) | U64: =IF(Filter!$C64="","",(COUNTIF(Filter!BK64:BO64,"a")+1)) | V64: =IF(Filter!$C64="","",(COUNTIF(Filter!BP64:BR64,"a")+1)) | W64: =IF(Filter!$C64="","",(COUNTIF(Filter!BS64:BU64,"a")+1)) | X64: =IF(SUM(E64:N64)=0,"",SUM(E64:N64)/51) | Y64: =IF(SUM(O64:W64)=0,"",SUM(O64:W64)/37) | Z64: =IF(SUM(E64:W64)=0,"",SUM(E64:W64)/88) | AA64: =IF(Z64="","",SUM(Z$60:Z$88)/COUNT(Z$60:Z$88))
A65: =IF(ISBLANK(Test!A65),"",(Test!A65)) | B65: =IF(ISBLANK(Test!B65),"",(Test!B65)) | C65: =IF(ISBLANK(Test!C65),"",(Test!C65)) | D65: =IF(ISBLANK(Test!D65),"",(Test!D65)) | E65: =IF(Filter!$C65="","",(COUNTIF(Filter!E65:H65,"a")+1)) | F65: =IF(Filter!$C65="","",(COUNTIF(Filter!I65:L65,"a")+1)) | G65: =IF(Filter!$C65="","",(COUNTIF(Filter!M65:P65,"a")+1)) | H65: =IF(Filter!$C65="","",(COUNTIF(Filter!Q65:S65,"a")+1)) | I65: =IF(Filter!$C65="","",(COUNTIF(Filter!T65:V65,"a")+1)) | J65: =IF(Filter!$C65="","",(COUNTIF(Filter!W65:Z65,"a")+1)) | K65: =IF(Filter!$C65="","",(COUNTIF(Filter!AA65:AD65,"a")+1)) | L65: =IF(Filter!$C65="","",(COUNTIF(Filter!AE65:AI65,"a")+1)) | M65: =IF(Filter!$C65="","",(COUNTIF(Filter!AJ65:AN65,"a")+1)) | N65: =IF(Filter!$C65="","",(COUNTIF(Filter!AO65:AS65,"a")+1)) | O65: =IF(Filter!$C65="","",(COUNTIF(Filter!AT65:AV65,"a")+1)) | P65: =IF(Filter!$C65="","",(COUNTIF(Filter!AW65:AY65,"a")+1)) | Q65: =IF(Filter!$C65="","",(COUNTIF(Filter!AZ65:BA65,"a")+1)) | R65: =IF(Filter!$C65="","",(COUNTIF(Filter!BB65:BD65,"a")+1)) | S65: =IF(Filter!$C65="","",(COUNTIF(Filter!BE65:BG65,"a")+1)) | T65: =IF(Filter!$C65="","",(COUNTIF(Filter!BH65:BJ65,"a")+1)) | U65: =IF(Filter!$C65="","",(COUNTIF(Filter!BK65:BO65,"a")+1)) | V65: =IF(Filter!$C65="","",(COUNTIF(Filter!BP65:BR65,"a")+1)) | W65: =IF(Filter!$C65="","",(COUNTIF(Filter!BS65:BU65,"a")+1)) | X65: =IF(SUM(E65:N65)=0,"",SUM(E65:N65)/51) | Y65: =IF(SUM(O65:W65)=0,"",SUM(O65:W65)/37) | Z65: =IF(SUM(E65:W65)=0,"",SUM(E65:W65)/88) | AA65: =IF(Z65="","",SUM(Z$60:Z$88)/COUNT(Z$60:Z$88))
A66: =IF(ISBLANK(Test!A66),"",(Test!A66)) | B66: =IF(ISBLANK(Test!B66),"",(Test!B66)) | C66: =IF(ISBLANK(Test!C66),"",(Test!C66)) | D66: =IF(ISBLANK(Test!D66),"",(Test!D66)) | E66: =IF(Filter!$C66="","",(COUNTIF(Filter!E66:H66,"a")+1)) | F66: =IF(Filter!$C66="","",(COUNTIF(Filter!I66:L66,"a")+1)) | G66: =IF(Filter!$C66="","",(COUNTIF(Filter!M66:P66,"a")+1)) | H66: =IF(Filter!$C66="","",(COUNTIF(Filter!Q66:S66,"a")+1)) | I66: =IF(Filter!$C66="","",(COUNTIF(Filter!T66:V66,"a")+1)) | J66: =IF(Filter!$C66="","",(COUNTIF(Filter!W66:Z66,"a")+1)) | K66: =IF(Filter!$C66="","",(COUNTIF(Filter!AA66:AD66,"a")+1)) | L66: =IF(Filter!$C66="","",(COUNTIF(Filter!AE66:AI66,"a")+1)) | M66: =IF(Filter!$C66="","",(COUNTIF(Filter!AJ66:AN66,"a")+1)) | N66: =IF(Filter!$C66="","",(COUNTIF(Filter!AO66:AS66,"a")+1)) | O66: =IF(Filter!$C66="","",(COUNTIF(Filter!AT66:AV66,"a")+1)) | P66: =IF(Filter!$C66="","",(COUNTIF(Filter!AW66:AY66,"a")+1)) | Q66: =IF(Filter!$C66="","",(COUNTIF(Filter!AZ66:BA66,"a")+1)) | R66: =IF(Filter!$C66="","",(COUNTIF(Filter!BB66:BD66,"a")+1)) | S66: =IF(Filter!$C66="","",(COUNTIF(Filter!BE66:BG66,"a")+1)) | T66: =IF(Filter!$C66="","",(COUNTIF(Filter!BH66:BJ66,"a")+1)) | U66: =IF(Filter!$C66="","",(COUNTIF(Filter!BK66:BO66,"a")+1)) | V66: =IF(Filter!$C66="","",(COUNTIF(Filter!BP66:BR66,"a")+1)) | W66: =IF(Filter!$C66="","",(COUNTIF(Filter!BS66:BU66,"a")+1)) | X66: =IF(SUM(E66:N66)=0,"",SUM(E66:N66)/51) | Y66: =IF(SUM(O66:W66)=0,"",SUM(O66:W66)/37) | Z66: =IF(SUM(E66:W66)=0,"",SUM(E66:W66)/88) | AA66: =IF(Z66="","",SUM(Z$60:Z$88)/COUNT(Z$60:Z$88))
A67: =IF(ISBLANK(Test!A67),"",(Test!A67)) | B67: =IF(ISBLANK(Test!B67),"",(Test!B67)) | C67: =IF(ISBLANK(Test!C67),"",(Test!C67)) | D67: =IF(ISBLANK(Test!D67),"",(Test!D67)) | E67: =IF(Filter!$C67="","",(COUNTIF(Filter!E67:H67,"a")+1)) | F67: =IF(Filter!$C67="","",(COUNTIF(Filter!I67:L67,"a")+1)) | G67: =IF(Filter!$C67="","",(COUNTIF(Filter!M67:P67,"a")+1)) | H67: =IF(Filter!$C67="","",(COUNTIF(Filter!Q67:S67,"a")+1)) | I67: =IF(Filter!$C67="","",(COUNTIF(Filter!T67:V67,"a")+1)) | J67: =IF(Filter!$C67="","",(COUNTIF(Filter!W67:Z67,"a")+1)) | K67: =IF(Filter!$C67="","",(COUNTIF(Filter!AA67:AD67,"a")+1)) | L67: =IF(Filter!$C67="","",(COUNTIF(Filter!AE67:AI67,"a")+1)) | M67: =IF(Filter!$C67="","",(COUNTIF(Filter!AJ67:AN67,"a")+1)) | N67: =IF(Filter!$C67="","",(COUNTIF(Filter!AO67:AS67,"a")+1)) | O67: =IF(Filter!$C67="","",(COUNTIF(Filter!AT67:AV67,"a")+1)) | P67: =IF(Filter!$C67="","",(COUNTIF(Filter!AW67:AY67,"a")+1)) | Q67: =IF(Filter!$C67="","",(COUNTIF(Filter!AZ67:BA67,"a")+1)) | R67: =IF(Filter!$C67="","",(COUNTIF(Filter!BB67:BD67,"a")+1)) | S67: =IF(Filter!$C67="","",(COUNTIF(Filter!BE67:BG67,"a")+1)) | T67: =IF(Filter!$C67="","",(COUNTIF(Filter!BH67:BJ67,"a")+1)) | U67: =IF(Filter!$C67="","",(COUNTIF(Filter!BK67:BO67,"a")+1)) | V67: =IF(Filter!$C67="","",(COUNTIF(Filter!BP67:BR67,"a")+1)) | W67: =IF(Filter!$C67="","",(COUNTIF(Filter!BS67:BU67,"a")+1)) | X67: =IF(SUM(E67:N67)=0,"",SUM(E67:N67)/51) | Y67: =IF(SUM(O67:W67)=0,"",SUM(O67:W67)/37) | Z67: =IF(SUM(E67:W67)=0,"",SUM(E67:W67)/88) | AA67: =IF(Z67="","",SUM(Z$60:Z$88)/COUNT(Z$60:Z$88))
A68: =IF(ISBLANK(Test!A68),"",(Test!A68)) | B68: =IF(ISBLANK(Test!B68),"",(Test!B68)) | C68: =IF(ISBLANK(Test!C68),"",(Test!C68)) | D68: =IF(ISBLANK(Test!D68),"",(Test!D68)) | E68: =IF(Filter!$C68="","",(COUNTIF(Filter!E68:H68,"a")+1)) | F68: =IF(Filter!$C68="","",(COUNTIF(Filter!I68:L68,"a")+1)) | G68: =IF(Filter!$C68="","",(COUNTIF(Filter!M68:P68,"a")+1)) | H68: =IF(Filter!$C68="","",(COUNTIF(Filter!Q68:S68,"a")+1)) | I68: =IF(Filter!$C68="","",(COUNTIF(Filter!T68:V68,"a")+1)) | J68: =IF(Filter!$C68="","",(COUNTIF(Filter!W68:Z68,"a")+1)) | K68: =IF(Filter!$C68="","",(COUNTIF(Filter!AA68:AD68,"a")+1)) | L68: =IF(Filter!$C68="","",(COUNTIF(Filter!AE68:AI68,"a")+1)) | M68: =IF(Filter!$C68="","",(COUNTIF(Filter!AJ68:AN68,"a")+1)) | N68: =IF(Filter!$C68="","",(COUNTIF(Filter!AO68:AS68,"a")+1)) | O68: =IF(Filter!$C68="","",(COUNTIF(Filter!AT68:AV68,"a")+1)) | P68: =IF(Filter!$C68="","",(COUNTIF(Filter!AW68:AY68,"a")+1)) | Q68: =IF(Filter!$C68="","",(COUNTIF(Filter!AZ68:BA68,"a")+1)) | R68: =IF(Filter!$C68="","",(COUNTIF(Filter!BB68:BD68,"a")+1)) | S68: =IF(Filter!$C68="","",(COUNTIF(Filter!BE68:BG68,"a")+1)) | T68: =IF(Filter!$C68="","",(COUNTIF(Filter!BH68:BJ68,"a")+1)) | U68: =IF(Filter!$C68="","",(COUNTIF(Filter!BK68:BO68,"a")+1)) | V68: =IF(Filter!$C68="","",(COUNTIF(Filter!BP68:BR68,"a")+1)) | W68: =IF(Filter!$C68="","",(COUNTIF(Filter!BS68:BU68,"a")+1)) | X68: =IF(SUM(E68:N68)=0,"",SUM(E68:N68)/51) | Y68: =IF(SUM(O68:W68)=0,"",SUM(O68:W68)/37) | Z68: =IF(SUM(E68:W68)=0,"",SUM(E68:W68)/88) | AA68: =IF(Z68="","",SUM(Z$60:Z$88)/COUNT(Z$60:Z$88))
A69: =IF(ISBLANK(Test!A69),"",(Test!A69)) | B69: =IF(ISBLANK(Test!B69),"",(Test!B69)) | C69: =IF(ISBLANK(Test!C69),"",(Test!C69)) | D69: =IF(ISBLANK(Test!D69),"",(Test!D69)) | E69: =IF(Filter!$C69="","",(COUNTIF(Filter!E69:H69,"a")+1)) | F69: =IF(Filter!$C69="","",(COUNTIF(Filter!I69:L69,"a")+1)) | G69: =IF(Filter!$C69="","",(COUNTIF(Filter!M69:P69,"a")+1)) | H69: =IF(Filter!$C69="","",(COUNTIF(Filter!Q69:S69,"a")+1)) | I69: =IF(Filter!$C69="","",(COUNTIF(Filter!T69:V69,"a")+1)) | J69: =IF(Filter!$C69="","",(COUNTIF(Filter!W69:Z69,"a")+1)) | K69: =IF(Filter!$C69="","",(COUNTIF(Filter!AA69:AD69,"a")+1)) | L69: =IF(Filter!$C69="","",(COUNTIF(Filter!AE69:AI69,"a")+1)) | M69: =IF(Filter!$C69="","",(COUNTIF(Filter!AJ69:AN69,"a")+1)) | N69: =IF(Filter!$C69="","",(COUNTIF(Filter!AO69:AS69,"a")+1)) | O69: =IF(Filter!$C69="","",(COUNTIF(Filter!AT69:AV69,"a")+1)) | P69: =IF(Filter!$C69="","",(COUNTIF(Filter!AW69:AY69,"a")+1)) | Q69: =IF(Filter!$C69="","",(COUNTIF(Filter!AZ69:BA69,"a")+1)) | R69: =IF(Filter!$C69="","",(COUNTIF(Filter!BB69:BD69,"a")+1)) | S69: =IF(Filter!$C69="","",(COUNTIF(Filter!BE69:BG69,"a")+1)) | T69: =IF(Filter!$C69="","",(COUNTIF(Filter!BH69:BJ69,"a")+1)) | U69: =IF(Filter!$C69="","",(COUNTIF(Filter!BK69:BO69,"a")+1)) | V69: =IF(Filter!$C69="","",(COUNTIF(Filter!BP69:BR69,"a")+1)) | W69: =IF(Filter!$C69="","",(COUNTIF(Filter!BS69:BU69,"a")+1)) | X69: =IF(SUM(E69:N69)=0,"",SUM(E69:N69)/51) | Y69: =IF(SUM(O69:W69)=0,"",SUM(O69:W69)/37) | Z69: =IF(SUM(E69:W69)=0,"",SUM(E69:W69)/88) | AA69: =IF(Z69="","",SUM(Z$60:Z$88)/COUNT(Z$60:Z$88))
A70: =IF(ISBLANK(Test!A70),"",(Test!A70)) | B70: =IF(ISBLANK(Test!B70),"",(Test!B70)) | C70: =IF(ISBLANK(Test!C70),"",(Test!C70)) | D70: =IF(ISBLANK(Test!D70),"",(Test!D70)) | E70: =IF(Filter!$C70="","",(COUNTIF(Filter!E70:H70,"a")+1)) | F70: =IF(Filter!$C70="","",(COUNTIF(Filter!I70:L70,"a")+1)) | G70: =IF(Filter!$C70="","",(COUNTIF(Filter!M70:P70,"a")+1)) | H70: =IF(Filter!$C70="","",(COUNTIF(Filter!Q70:S70,"a")+1)) | I70: =IF(Filter!$C70="","",(COUNTIF(Filter!T70:V70,"a")+1)) | J70: =IF(Filter!$C70="","",(COUNTIF(Filter!W70:Z70,"a")+1)) | K70: =IF(Filter!$C70="","",(COUNTIF(Filter!AA70:AD70,"a")+1)) | L70: =IF(Filter!$C70="","",(COUNTIF(Filter!AE70:AI70,"a")+1)) | M70: =IF(Filter!$C70="","",(COUNTIF(Filter!AJ70:AN70,"a")+1)) | N70: =IF(Filter!$C70="","",(COUNTIF(Filter!AO70:AS70,"a")+1)) | O70: =IF(Filter!$C70="","",(COUNTIF(Filter!AT70:AV70,"a")+1)) | P70: =IF(Filter!$C70="","",(COUNTIF(Filter!AW70:AY70,"a")+1)) | Q70: =IF(Filter!$C70="","",(COUNTIF(Filter!AZ70:BA70,"a")+1)) | R70: =IF(Filter!$C70="","",(COUNTIF(Filter!BB70:BD70,"a")+1)) | S70: =IF(Filter!$C70="","",(COUNTIF(Filter!BE70:BG70,"a")+1)) | T70: =IF(Filter!$C70="","",(COUNTIF(Filter!BH70:BJ70,"a")+1)) | U70: =IF(Filter!$C70="","",(COUNTIF(Filter!BK70:BO70,"a")+1)) | V70: =IF(Filter!$C70="","",(COUNTIF(Filter!BP70:BR70,"a")+1)) | W70: =IF(Filter!$C70="","",(COUNTIF(Filter!BS70:BU70,"a")+1)) | X70: =IF(SUM(E70:N70)=0,"",SUM(E70:N70)/51) | Y70: =IF(SUM(O70:W70)=0,"",SUM(O70:W70)/37) | Z70: =IF(SUM(E70:W70)=0,"",SUM(E70:W70)/88) | AA70: =IF(Z70="","",SUM(Z$60:Z$88)/COUNT(Z$60:Z$88))
A71: =IF(ISBLANK(Test!A71),"",(Test!A71)) | B71: =IF(ISBLANK(Test!B71),"",(Test!B71)) | C71: =IF(ISBLANK(Test!C71),"",(Test!C71)) | D71: =IF(ISBLANK(Test!D71),"",(Test!D71)) | E71: =IF(Filter!$C71="","",(COUNTIF(Filter!E71:H71,"a")+1)) | F71: =IF(Filter!$C71="","",(COUNTIF(Filter!I71:L71,"a")+1)) | G71: =IF(Filter!$C71="","",(COUNTIF(Filter!M71:P71,"a")+1)) | H71: =IF(Filter!$C71="","",(COUNTIF(Filter!Q71:S71,"a")+1)) | I71: =IF(Filter!$C71="","",(COUNTIF(Filter!T71:V71,"a")+1)) | J71: =IF(Filter!$C71="","",(COUNTIF(Filter!W71:Z71,"a")+1)) | K71: =IF(Filter!$C71="","",(COUNTIF(Filter!AA71:AD71,"a")+1)) | L71: =IF(Filter!$C71="","",(COUNTIF(Filter!AE71:AI71,"a")+1)) | M71: =IF(Filter!$C71="","",(COUNTIF(Filter!AJ71:AN71,"a")+1)) | N71: =IF(Filter!$C71="","",(COUNTIF(Filter!AO71:AS71,"a")+1)) | O71: =IF(Filter!$C71="","",(COUNTIF(Filter!AT71:AV71,"a")+1)) | P71: =IF(Filter!$C71="","",(COUNTIF(Filter!AW71:AY71,"a")+1)) | Q71: =IF(Filter!$C71="","",(COUNTIF(Filter!AZ71:BA71,"a")+1)) | R71: =IF(Filter!$C71="","",(COUNTIF(Filter!BB71:BD71,"a")+1)) | S71: =IF(Filter!$C71="","",(COUNTIF(Filter!BE71:BG71,"a")+1)) | T71: =IF(Filter!$C71="","",(COUNTIF(Filter!BH71:BJ71,"a")+1)) | U71: =IF(Filter!$C71="","",(COUNTIF(Filter!BK71:BO71,"a")+1)) | V71: =IF(Filter!$C71="","",(COUNTIF(Filter!BP71:BR71,"a")+1)) | W71: =IF(Filter!$C71="","",(COUNTIF(Filter!BS71:BU71,"a")+1)) | X71: =IF(SUM(E71:N71)=0,"",SUM(E71:N71)/51) | Y71: =IF(SUM(O71:W71)=0,"",SUM(O71:W71)/37) | Z71: =IF(SUM(E71:W71)=0,"",SUM(E71:W71)/88) | AA71: =IF(Z71="","",SUM(Z$60:Z$88)/COUNT(Z$60:Z$88))
... A88: =IF(ISBLANK(Test!A88),"",(Test!A88)) | B88: =IF(ISBLANK(Test!B88),"",(Test!B88)) | C88: =IF(ISBLANK(Test!C88),"",(Test!C88)) | D88: =IF(ISBLANK(Test!D88),"",(Test!D88)) | E88: =IF(Filter!$C88="","",(COUNTIF(Filter!E88:H88,"a")+1)) | F88: =IF(Filter!$C88="","",(COUNTIF(Filter!I88:L88,"a")+1)) | G88: =IF(Filter!$C88="","",(COUNTIF(Filter!M88:P88,"a")+1)) | H88: =IF(Filter!$C88="","",(COUNTIF(Filter!Q88:S88,"a")+1)) | I88: =IF(Filter!$C88="","",(COUNTIF(Filter!T88:V88,"a")+1)) | J88: =IF(Filter!$C88="","",(COUNTIF(Filter!W88:Z88,"a")+1)) | K88: =IF(Filter!$C88="","",(COUNTIF(Filter!AA88:AD88,"a")+1)) | L88: =IF(Filter!$C88="","",(COUNTIF(Filter!AE88:AI88,"a")+1)) | M88: =IF(Filter!$C88="","",(COUNTIF(Filter!AJ88:AN88,"a")+1)) | N88: =IF(Filter!$C88="","",(COUNTIF(Filter!AO88:AS88,"a")+1)) | O88: =IF(Filter!$C88="","",(COUNTIF(Filter!AT88:AV88,"a")+1)) | P88: =IF(Filter!$C88="","",(COUNTIF(Filter!AW88:AY88,"a")+1)) | Q88: =IF(Filter!$C88="","",(COUNTIF(Filter!AZ88:BA88,"a")+1)) | R88: =IF(Filter!$C88="","",(COUNTIF(Filter!BB88:BD88,"a")+1)) | S88: =IF(Filter!$C88="","",(COUNTIF(Filter!BE88:BG88,"a")+1)) | T88: =IF(Filter!$C88="","",(COUNTIF(Filter!BH88:BJ88,"a")+1)) | U88: =IF(Filter!$C88="","",(COUNTIF(Filter!BK88:BO88,"a")+1)) | V88: =IF(Filter!$C88="","",(COUNTIF(Filter!BP88:BR88,"a")+1)) | W88: =IF(Filter!$C88="","",(COUNTIF(Filter!BS88:BU88,"a")+1)) | X88: =IF(SUM(E88:N88)=0,"",SUM(E88:N88)/51) | Y88: =IF(SUM(O88:W88)=0,"",SUM(O88:W88)/37) | Z88: =IF(SUM(E88:W88)=0,"",SUM(E88:W88)/88) | AA88: =IF(Z88="","",SUM(Z$60:Z$88)/COUNT(Z$60:Z$88))
A89: =IF(ISBLANK(Test!A89),"",(Test!A89)) -> Teacher 4 | B89: =IF(ISBLANK(Test!B89),"",(Test!B89)) | C89: =IF(ISBLANK(Test!C89),"",(Test!C89)) | D89: =IF(ISBLANK(Test!D89),"",(Test!D89)) | E89: =IF(Filter!$C89="","",(COUNTIF(Filter!E89:H89,"a")+1)) | F89: =IF(Filter!$C89="","",(COUNTIF(Filter!I89:L89,"a")+1)) | G89: =IF(Filter!$C89="","",(COUNTIF(Filter!M89:P89,"a")+1)) | H89: =IF(Filter!$C89="","",(COUNTIF(Filter!Q89:S89,"a")+1)) | I89: =IF(Filter!$C89="","",(COUNTIF(Filter!T89:V89,"a")+1)) | J89: =IF(Filter!$C89="","",(COUNTIF(Filter!W89:Z89,"a")+1)) | K89: =IF(Filter!$C89="","",(COUNTIF(Filter!AA89:AD89,"a")+1)) | L89: =IF(Filter!$C89="","",(COUNTIF(Filter!AE89:AI89,"a")+1)) | M89: =IF(Filter!$C89="","",(COUNTIF(Filter!AJ89:AN89,"a")+1)) | N89: =IF(Filter!$C89="","",(COUNTIF(Filter!AO89:AS89,"a")+1)) | O89: =IF(Filter!$C89="","",(COUNTIF(Filter!AT89:AV89,"a")+1)) | P89: =IF(Filter!$C89="","",(COUNTIF(Filter!AW89:AY89,"a")+1)) | Q89: =IF(Filter!$C89="","",(COUNTIF(Filter!AZ89:BA89,"a")+1)) | R89: =IF(Filter!$C89="","",(COUNTIF(Filter!BB89:BD89,"a")+1)) | S89: =IF(Filter!$C89="","",(COUNTIF(Filter!BE89:BG89,"a")+1)) | T89: =IF(Filter!$C89="","",(COUNTIF(Filter!BH89:BJ89,"a")+1)) | U89: =IF(Filter!$C89="","",(COUNTIF(Filter!BK89:BO89,"a")+1)) | V89: =IF(Filter!$C89="","",(COUNTIF(Filter!BP89:BR89,"a")+1)) | W89: =IF(Filter!$C89="","",(COUNTIF(Filter!BS89:BU89,"a")+1)) | X89: =IF(SUM(E89:N89)=0,"",SUM(E89:N89)/51) | Y89: =IF(SUM(O89:W89)=0,"",SUM(O89:W89)/37) | Z89: =IF(SUM(E89:W89)=0,"",SUM(E89:W89)/88) | AA89: =IF(Z89="","",SUM(Z$89:Z$117)/COUNT(Z$89:Z$117))
A90: =IF(ISBLANK(Test!A90),"",(Test!A90)) | B90: =IF(ISBLANK(Test!B90),"",(Test!B90)) | C90: =IF(ISBLANK(Test!C90),"",(Test!C90)) | D90: =IF(ISBLANK(Test!D90),"",(Test!D90)) | E90: =IF(Filter!$C90="","",(COUNTIF(Filter!E90:H90,"a")+1)) | F90: =IF(Filter!$C90="","",(COUNTIF(Filter!I90:L90,"a")+1)) | G90: =IF(Filter!$C90="","",(COUNTIF(Filter!M90:P90,"a")+1)) | H90: =IF(Filter!$C90="","",(COUNTIF(Filter!Q90:S90,"a")+1)) | I90: =IF(Filter!$C90="","",(COUNTIF(Filter!T90:V90,"a")+1)) | J90: =IF(Filter!$C90="","",(COUNTIF(Filter!W90:Z90,"a")+1)) | K90: =IF(Filter!$C90="","",(COUNTIF(Filter!AA90:AD90,"a")+1)) | L90: =IF(Filter!$C90="","",(COUNTIF(Filter!AE90:AI90,"a")+1)) | M90: =IF(Filter!$C90="","",(COUNTIF(Filter!AJ90:AN90,"a")+1)) | N90: =IF(Filter!$C90="","",(COUNTIF(Filter!AO90:AS90,"a")+1)) | O90: =IF(Filter!$C90="","",(COUNTIF(Filter!AT90:AV90,"a")+1)) | P90: =IF(Filter!$C90="","",(COUNTIF(Filter!AW90:AY90,"a")+1)) | Q90: =IF(Filter!$C90="","",(COUNTIF(Filter!AZ90:BA90,"a")+1)) | R90: =IF(Filter!$C90="","",(COUNTIF(Filter!BB90:BD90,"a")+1)) | S90: =IF(Filter!$C90="","",(COUNTIF(Filter!BE90:BG90,"a")+1)) | T90: =IF(Filter!$C90="","",(COUNTIF(Filter!BH90:BJ90,"a")+1)) | U90: =IF(Filter!$C90="","",(COUNTIF(Filter!BK90:BO90,"a")+1)) | V90: =IF(Filter!$C90="","",(COUNTIF(Filter!BP90:BR90,"a")+1)) | W90: =IF(Filter!$C90="","",(COUNTIF(Filter!BS90:BU90,"a")+1)) | X90: =IF(SUM(E90:N90)=0,"",SUM(E90:N90)/51) | Y90: =IF(SUM(O90:W90)=0,"",SUM(O90:W90)/37) | Z90: =IF(SUM(E90:W90)=0,"",SUM(E90:W90)/88) | AA90: =IF(Z90="","",SUM(Z$89:Z$117)/COUNT(Z$89:Z$117))
A91: =IF(ISBLANK(Test!A91),"",(Test!A91)) | B91: =IF(ISBLANK(Test!B91),"",(Test!B91)) | C91: =IF(ISBLANK(Test!C91),"",(Test!C91)) | D91: =IF(ISBLANK(Test!D91),"",(Test!D91)) | E91: =IF(Filter!$C91="","",(COUNTIF(Filter!E91:H91,"a")+1)) | F91: =IF(Filter!$C91="","",(COUNTIF(Filter!I91:L91,"a")+1)) | G91: =IF(Filter!$C91="","",(COUNTIF(Filter!M91:P91,"a")+1)) | H91: =IF(Filter!$C91="","",(COUNTIF(Filter!Q91:S91,"a")+1)) | I91: =IF(Filter!$C91="","",(COUNTIF(Filter!T91:V91,"a")+1)) | J91: =IF(Filter!$C91="","",(COUNTIF(Filter!W91:Z91,"a")+1)) | K91: =IF(Filter!$C91="","",(COUNTIF(Filter!AA91:AD91,"a")+1)) | L91: =IF(Filter!$C91="","",(COUNTIF(Filter!AE91:AI91,"a")+1)) | M91: =IF(Filter!$C91="","",(COUNTIF(Filter!AJ91:AN91,"a")+1)) | N91: =IF(Filter!$C91="","",(COUNTIF(Filter!AO91:AS91,"a")+1)) | O91: =IF(Filter!$C91="","",(COUNTIF(Filter!AT91:AV91,"a")+1)) | P91: =IF(Filter!$C91="","",(COUNTIF(Filter!AW91:AY91,"a")+1)) | Q91: =IF(Filter!$C91="","",(COUNTIF(Filter!AZ91:BA91,"a")+1)) | R91: =IF(Filter!$C91="","",(COUNTIF(Filter!BB91:BD91,"a")+1)) | S91: =IF(Filter!$C91="","",(COUNTIF(Filter!BE91:BG91,"a")+1)) | T91: =IF(Filter!$C91="","",(COUNTIF(Filter!BH91:BJ91,"a")+1)) | U91: =IF(Filter!$C91="","",(COUNTIF(Filter!BK91:BO91,"a")+1)) | V91: =IF(Filter!$C91="","",(COUNTIF(Filter!BP91:BR91,"a")+1)) | W91: =IF(Filter!$C91="","",(COUNTIF(Filter!BS91:BU91,"a")+1)) | X91: =IF(SUM(E91:N91)=0,"",SUM(E91:N91)/51) | Y91: =IF(SUM(O91:W91)=0,"",SUM(O91:W91)/37) | Z91: =IF(SUM(E91:W91)=0,"",SUM(E91:W91)/88) | AA91: =IF(Z91="","",SUM(Z$89:Z$117)/COUNT(Z$89:Z$117))
A92: =IF(ISBLANK(Test!A92),"",(Test!A92)) | B92: =IF(ISBLANK(Test!B92),"",(Test!B92)) | C92: =IF(ISBLANK(Test!C92),"",(Test!C92)) | D92: =IF(ISBLANK(Test!D92),"",(Test!D92)) | E92: =IF(Filter!$C92="","",(COUNTIF(Filter!E92:H92,"a")+1)) | F92: =IF(Filter!$C92="","",(COUNTIF(Filter!I92:L92,"a")+1)) | G92: =IF(Filter!$C92="","",(COUNTIF(Filter!M92:P92,"a")+1)) | H92: =IF(Filter!$C92="","",(COUNTIF(Filter!Q92:S92,"a")+1)) | I92: =IF(Filter!$C92="","",(COUNTIF(Filter!T92:V92,"a")+1)) | J92: =IF(Filter!$C92="","",(COUNTIF(Filter!W92:Z92,"a")+1)) | K92: =IF(Filter!$C92="","",(COUNTIF(Filter!AA92:AD92,"a")+1)) | L92: =IF(Filter!$C92="","",(COUNTIF(Filter!AE92:AI92,"a")+1)) | M92: =IF(Filter!$C92="","",(COUNTIF(Filter!AJ92:AN92,"a")+1)) | N92: =IF(Filter!$C92="","",(COUNTIF(Filter!AO92:AS92,"a")+1)) | O92: =IF(Filter!$C92="","",(COUNTIF(Filter!AT92:AV92,"a")+1)) | P92: =IF(Filter!$C92="","",(COUNTIF(Filter!AW92:AY92,"a")+1)) | Q92: =IF(Filter!$C92="","",(COUNTIF(Filter!AZ92:BA92,"a")+1)) | R92: =IF(Filter!$C92="","",(COUNTIF(Filter!BB92:BD92,"a")+1)) | S92: =IF(Filter!$C92="","",(COUNTIF(Filter!BE92:BG92,"a")+1)) | T92: =IF(Filter!$C92="","",(COUNTIF(Filter!BH92:BJ92,"a")+1)) | U92: =IF(Filter!$C92="","",(COUNTIF(Filter!BK92:BO92,"a")+1)) | V92: =IF(Filter!$C92="","",(COUNTIF(Filter!BP92:BR92,"a")+1)) | W92: =IF(Filter!$C92="","",(COUNTIF(Filter!BS92:BU92,"a")+1)) | X92: =IF(SUM(E92:N92)=0,"",SUM(E92:N92)/51) | Y92: =IF(SUM(O92:W92)=0,"",SUM(O92:W92)/37) | Z92: =IF(SUM(E92:W92)=0,"",SUM(E92:W92)/88) | AA92: =IF(Z92="","",SUM(Z$89:Z$117)/COUNT(Z$89:Z$117))
A93: =IF(ISBLANK(Test!A93),"",(Test!A93)) | B93: =IF(ISBLANK(Test!B93),"",(Test!B93)) | C93: =IF(ISBLANK(Test!C93),"",(Test!C93)) | D93: =IF(ISBLANK(Test!D93),"",(Test!D93)) | E93: =IF(Filter!$C93="","",(COUNTIF(Filter!E93:H93,"a")+1)) | F93: =IF(Filter!$C93="","",(COUNTIF(Filter!I93:L93,"a")+1)) | G93: =IF(Filter!$C93="","",(COUNTIF(Filter!M93:P93,"a")+1)) | H93: =IF(Filter!$C93="","",(COUNTIF(Filter!Q93:S93,"a")+1)) | I93: =IF(Filter!$C93="","",(COUNTIF(Filter!T93:V93,"a")+1)) | J93: =IF(Filter!$C93="","",(COUNTIF(Filter!W93:Z93,"a")+1)) | K93: =IF(Filter!$C93="","",(COUNTIF(Filter!AA93:AD93,"a")+1)) | L93: =IF(Filter!$C93="","",(COUNTIF(Filter!AE93:AI93,"a")+1)) | M93: =IF(Filter!$C93="","",(COUNTIF(Filter!AJ93:AN93,"a")+1)) | N93: =IF(Filter!$C93="","",(COUNTIF(Filter!AO93:AS93,"a")+1)) | O93: =IF(Filter!$C93="","",(COUNTIF(Filter!AT93:AV93,"a")+1)) | P93: =IF(Filter!$C93="","",(COUNTIF(Filter!AW93:AY93,"a")+1)) | Q93: =IF(Filter!$C93="","",(COUNTIF(Filter!AZ93:BA93,"a")+1)) | R93: =IF(Filter!$C93="","",(COUNTIF(Filter!BB93:BD93,"a")+1)) | S93: =IF(Filter!$C93="","",(COUNTIF(Filter!BE93:BG93,"a")+1)) | T93: =IF(Filter!$C93="","",(COUNTIF(Filter!BH93:BJ93,"a")+1)) | U93: =IF(Filter!$C93="","",(COUNTIF(Filter!BK93:BO93,"a")+1)) | V93: =IF(Filter!$C93="","",(COUNTIF(Filter!BP93:BR93,"a")+1)) | W93: =IF(Filter!$C93="","",(COUNTIF(Filter!BS93:BU93,"a")+1)) | X93: =IF(SUM(E93:N93)=0,"",SUM(E93:N93)/51) | Y93: =IF(SUM(O93:W93)=0,"",SUM(O93:W93)/37) | Z93: =IF(SUM(E93:W93)=0,"",SUM(E93:W93)/88) | AA93: =IF(Z93="","",SUM(Z$89:Z$117)/COUNT(Z$89:Z$117))
A94: =IF(ISBLANK(Test!A94),"",(Test!A94)) | B94: =IF(ISBLANK(Test!B94),"",(Test!B94)) | C94: =IF(ISBLANK(Test!C94),"",(Test!C94)) | D94: =IF(ISBLANK(Test!D94),"",(Test!D94)) | E94: =IF(Filter!$C94="","",(COUNTIF(Filter!E94:H94,"a")+1)) | F94: =IF(Filter!$C94="","",(COUNTIF(Filter!I94:L94,"a")+1)) | G94: =IF(Filter!$C94="","",(COUNTIF(Filter!M94:P94,"a")+1)) | H94: =IF(Filter!$C94="","",(COUNTIF(Filter!Q94:S94,"a")+1)) | I94: =IF(Filter!$C94="","",(COUNTIF(Filter!T94:V94,"a")+1)) | J94: =IF(Filter!$C94="","",(COUNTIF(Filter!W94:Z94,"a")+1)) | K94: =IF(Filter!$C94="","",(COUNTIF(Filter!AA94:AD94,"a")+1)) | L94: =IF(Filter!$C94="","",(COUNTIF(Filter!AE94:AI94,"a")+1)) | M94: =IF(Filter!$C94="","",(COUNTIF(Filter!AJ94:AN94,"a")+1)) | N94: =IF(Filter!$C94="","",(COUNTIF(Filter!AO94:AS94,"a")+1)) | O94: =IF(Filter!$C94="","",(COUNTIF(Filter!AT94:AV94,"a")+1)) | P94: =IF(Filter!$C94="","",(COUNTIF(Filter!AW94:AY94,"a")+1)) | Q94: =IF(Filter!$C94="","",(COUNTIF(Filter!AZ94:BA94,"a")+1)) | R94: =IF(Filter!$C94="","",(COUNTIF(Filter!BB94:BD94,"a")+1)) | S94: =IF(Filter!$C94="","",(COUNTIF(Filter!BE94:BG94,"a")+1)) | T94: =IF(Filter!$C94="","",(COUNTIF(Filter!BH94:BJ94,"a")+1)) | U94: =IF(Filter!$C94="","",(COUNTIF(Filter!BK94:BO94,"a")+1)) | V94: =IF(Filter!$C94="","",(COUNTIF(Filter!BP94:BR94,"a")+1)) | W94: =IF(Filter!$C94="","",(COUNTIF(Filter!BS94:BU94,"a")+1)) | X94: =IF(SUM(E94:N94)=0,"",SUM(E94:N94)/51) | Y94: =IF(SUM(O94:W94)=0,"",SUM(O94:W94)/37) | Z94: =IF(SUM(E94:W94)=0,"",SUM(E94:W94)/88) | AA94: =IF(Z94="","",SUM(Z$89:Z$117)/COUNT(Z$89:Z$117))
A95: =IF(ISBLANK(Test!A95),"",(Test!A95)) | B95: =IF(ISBLANK(Test!B95),"",(Test!B95)) | C95: =IF(ISBLANK(Test!C95),"",(Test!C95)) | D95: =IF(ISBLANK(Test!D95),"",(Test!D95)) | E95: =IF(Filter!$C95="","",(COUNTIF(Filter!E95:H95,"a")+1)) | F95: =IF(Filter!$C95="","",(COUNTIF(Filter!I95:L95,"a")+1)) | G95: =IF(Filter!$C95="","",(COUNTIF(Filter!M95:P95,"a")+1)) | H95: =IF(Filter!$C95="","",(COUNTIF(Filter!Q95:S95,"a")+1)) | I95: =IF(Filter!$C95="","",(COUNTIF(Filter!T95:V95,"a")+1)) | J95: =IF(Filter!$C95="","",(COUNTIF(Filter!W95:Z95,"a")+1)) | K95: =IF(Filter!$C95="","",(COUNTIF(Filter!AA95:AD95,"a")+1)) | L95: =IF(Filter!$C95="","",(COUNTIF(Filter!AE95:AI95,"a")+1)) | M95: =IF(Filter!$C95="","",(COUNTIF(Filter!AJ95:AN95,"a")+1)) | N95: =IF(Filter!$C95="","",(COUNTIF(Filter!AO95:AS95,"a")+1)) | O95: =IF(Filter!$C95="","",(COUNTIF(Filter!AT95:AV95,"a")+1)) | P95: =IF(Filter!$C95="","",(COUNTIF(Filter!AW95:AY95,"a")+1)) | Q95: =IF(Filter!$C95="","",(COUNTIF(Filter!AZ95:BA95,"a")+1)) | R95: =IF(Filter!$C95="","",(COUNTIF(Filter!BB95:BD95,"a")+1)) | S95: =IF(Filter!$C95="","",(COUNTIF(Filter!BE95:BG95,"a")+1)) | T95: =IF(Filter!$C95="","",(COUNTIF(Filter!BH95:BJ95,"a")+1)) | U95: =IF(Filter!$C95="","",(COUNTIF(Filter!BK95:BO95,"a")+1)) | V95: =IF(Filter!$C95="","",(COUNTIF(Filter!BP95:BR95,"a")+1)) | W95: =IF(Filter!$C95="","",(COUNTIF(Filter!BS95:BU95,"a")+1)) | X95: =IF(SUM(E95:N95)=0,"",SUM(E95:N95)/51) | Y95: =IF(SUM(O95:W95)=0,"",SUM(O95:W95)/37) | Z95: =IF(SUM(E95:W95)=0,"",SUM(E95:W95)/88) | AA95: =IF(Z95="","",SUM(Z$89:Z$117)/COUNT(Z$89:Z$117))
A96: =IF(ISBLANK(Test!A96),"",(Test!A96)) | B96: =IF(ISBLANK(Test!B96),"",(Test!B96)) | C96: =IF(ISBLANK(Test!C96),"",(Test!C96)) | D96: =IF(ISBLANK(Test!D96),"",(Test!D96)) | E96: =IF(Filter!$C96="","",(COUNTIF(Filter!E96:H96,"a")+1)) | F96: =IF(Filter!$C96="","",(COUNTIF(Filter!I96:L96,"a")+1)) | G96: =IF(Filter!$C96="","",(COUNTIF(Filter!M96:P96,"a")+1)) | H96: =IF(Filter!$C96="","",(COUNTIF(Filter!Q96:S96,"a")+1)) | I96: =IF(Filter!$C96="","",(COUNTIF(Filter!T96:V96,"a")+1)) | J96: =IF(Filter!$C96="","",(COUNTIF(Filter!W96:Z96,"a")+1)) | K96: =IF(Filter!$C96="","",(COUNTIF(Filter!AA96:AD96,"a")+1)) | L96: =IF(Filter!$C96="","",(COUNTIF(Filter!AE96:AI96,"a")+1)) | M96: =IF(Filter!$C96="","",(COUNTIF(Filter!AJ96:AN96,"a")+1)) | N96: =IF(Filter!$C96="","",(COUNTIF(Filter!AO96:AS96,"a")+1)) | O96: =IF(Filter!$C96="","",(COUNTIF(Filter!AT96:AV96,"a")+1)) | P96: =IF(Filter!$C96="","",(COUNTIF(Filter!AW96:AY96,"a")+1)) | Q96: =IF(Filter!$C96="","",(COUNTIF(Filter!AZ96:BA96,"a")+1)) | R96: =IF(Filter!$C96="","",(COUNTIF(Filter!BB96:BD96,"a")+1)) | S96: =IF(Filter!$C96="","",(COUNTIF(Filter!BE96:BG96,"a")+1)) | T96: =IF(Filter!$C96="","",(COUNTIF(Filter!BH96:BJ96,"a")+1)) | U96: =IF(Filter!$C96="","",(COUNTIF(Filter!BK96:BO96,"a")+1)) | V96: =IF(Filter!$C96="","",(COUNTIF(Filter!BP96:BR96,"a")+1)) | W96: =IF(Filter!$C96="","",(COUNTIF(Filter!BS96:BU96,"a")+1)) | X96: =IF(SUM(E96:N96)=0,"",SUM(E96:N96)/51) | Y96: =IF(SUM(O96:W96)=0,"",SUM(O96:W96)/37) | Z96: =IF(SUM(E96:W96)=0,"",SUM(E96:W96)/88) | AA96: =IF(Z96="","",SUM(Z$89:Z$117)/COUNT(Z$89:Z$117))
A97: =IF(ISBLANK(Test!A97),"",(Test!A97)) | B97: =IF(ISBLANK(Test!B97),"",(Test!B97)) | C97: =IF(ISBLANK(Test!C97),"",(Test!C97)) | D97: =IF(ISBLANK(Test!D97),"",(Test!D97)) | E97: =IF(Filter!$C97="","",(COUNTIF(Filter!E97:H97,"a")+1)) | F97: =IF(Filter!$C97="","",(COUNTIF(Filter!I97:L97,"a")+1)) | G97: =IF(Filter!$C97="","",(COUNTIF(Filter!M97:P97,"a")+1)) | H97: =IF(Filter!$C97="","",(COUNTIF(Filter!Q97:S97,"a")+1)) | I97: =IF(Filter!$C97="","",(COUNTIF(Filter!T97:V97,"a")+1)) | J97: =IF(Filter!$C97="","",(COUNTIF(Filter!W97:Z97,"a")+1)) | K97: =IF(Filter!$C97="","",(COUNTIF(Filter!AA97:AD97,"a")+1)) | L97: =IF(Filter!$C97="","",(COUNTIF(Filter!AE97:AI97,"a")+1)) | M97: =IF(Filter!$C97="","",(COUNTIF(Filter!AJ97:AN97,"a")+1)) | N97: =IF(Filter!$C97="","",(COUNTIF(Filter!AO97:AS97,"a")+1)) | O97: =IF(Filter!$C97="","",(COUNTIF(Filter!AT97:AV97,"a")+1)) | P97: =IF(Filter!$C97="","",(COUNTIF(Filter!AW97:AY97,"a")+1)) | Q97: =IF(Filter!$C97="","",(COUNTIF(Filter!AZ97:BA97,"a")+1)) | R97: =IF(Filter!$C97="","",(COUNTIF(Filter!BB97:BD97,"a")+1)) | S97: =IF(Filter!$C97="","",(COUNTIF(Filter!BE97:BG97,"a")+1)) | T97: =IF(Filter!$C97="","",(COUNTIF(Filter!BH97:BJ97,"a")+1)) | U97: =IF(Filter!$C97="","",(COUNTIF(Filter!BK97:BO97,"a")+1)) | V97: =IF(Filter!$C97="","",(COUNTIF(Filter!BP97:BR97,"a")+1)) | W97: =IF(Filter!$C97="","",(COUNTIF(Filter!BS97:BU97,"a")+1)) | X97: =IF(SUM(E97:N97)=0,"",SUM(E97:N97)/51) | Y97: =IF(SUM(O97:W97)=0,"",SUM(O97:W97)/37) | Z97: =IF(SUM(E97:W97)=0,"",SUM(E97:W97)/88) | AA97: =IF(Z97="","",SUM(Z$89:Z$117)/COUNT(Z$89:Z$117))
A98: =IF(ISBLANK(Test!A98),"",(Test!A98)) | B98: =IF(ISBLANK(Test!B98),"",(Test!B98)) | C98: =IF(ISBLANK(Test!C98),"",(Test!C98)) | D98: =IF(ISBLANK(Test!D98),"",(Test!D98)) | E98: =IF(Filter!$C98="","",(COUNTIF(Filter!E98:H98,"a")+1)) | F98: =IF(Filter!$C98="","",(COUNTIF(Filter!I98:L98,"a")+1)) | G98: =IF(Filter!$C98="","",(COUNTIF(Filter!M98:P98,"a")+1)) | H98: =IF(Filter!$C98="","",(COUNTIF(Filter!Q98:S98,"a")+1)) | I98: =IF(Filter!$C98="","",(COUNTIF(Filter!T98:V98,"a")+1)) | J98: =IF(Filter!$C98="","",(COUNTIF(Filter!W98:Z98,"a")+1)) | K98: =IF(Filter!$C98="","",(COUNTIF(Filter!AA98:AD98,"a")+1)) | L98: =IF(Filter!$C98="","",(COUNTIF(Filter!AE98:AI98,"a")+1)) | M98: =IF(Filter!$C98="","",(COUNTIF(Filter!AJ98:AN98,"a")+1)) | N98: =IF(Filter!$C98="","",(COUNTIF(Filter!AO98:AS98,"a")+1)) | O98: =IF(Filter!$C98="","",(COUNTIF(Filter!AT98:AV98,"a")+1)) | P98: =IF(Filter!$C98="","",(COUNTIF(Filter!AW98:AY98,"a")+1)) | Q98: =IF(Filter!$C98="","",(COUNTIF(Filter!AZ98:BA98,"a")+1)) | R98: =IF(Filter!$C98="","",(COUNTIF(Filter!BB98:BD98,"a")+1)) | S98: =IF(Filter!$C98="","",(COUNTIF(Filter!BE98:BG98,"a")+1)) | T98: =IF(Filter!$C98="","",(COUNTIF(Filter!BH98:BJ98,"a")+1)) | U98: =IF(Filter!$C98="","",(COUNTIF(Filter!BK98:BO98,"a")+1)) | V98: =IF(Filter!$C98="","",(COUNTIF(Filter!BP98:BR98,"a")+1)) | W98: =IF(Filter!$C98="","",(COUNTIF(Filter!BS98:BU98,"a")+1)) | X98: =IF(SUM(E98:N98)=0,"",SUM(E98:N98)/51) | Y98: =IF(SUM(O98:W98)=0,"",SUM(O98:W98)/37) | Z98: =IF(SUM(E98:W98)=0,"",SUM(E98:W98)/88) | AA98: =IF(Z98="","",SUM(Z$89:Z$117)/COUNT(Z$89:Z$117))
A99: =IF(ISBLANK(Test!A99),"",(Test!A99)) | B99: =IF(ISBLANK(Test!B99),"",(Test!B99)) | C99: =IF(ISBLANK(Test!C99),"",(Test!C99)) | D99: =IF(ISBLANK(Test!D99),"",(Test!D99)) | E99: =IF(Filter!$C99="","",(COUNTIF(Filter!E99:H99,"a")+1)) | F99: =IF(Filter!$C99="","",(COUNTIF(Filter!I99:L99,"a")+1)) | G99: =IF(Filter!$C99="","",(COUNTIF(Filter!M99:P99,"a")+1)) | H99: =IF(Filter!$C99="","",(COUNTIF(Filter!Q99:S99,"a")+1)) | I99: =IF(Filter!$C99="","",(COUNTIF(Filter!T99:V99,"a")+1)) | J99: =IF(Filter!$C99="","",(COUNTIF(Filter!W99:Z99,"a")+1)) | K99: =IF(Filter!$C99="","",(COUNTIF(Filter!AA99:AD99,"a")+1)) | L99: =IF(Filter!$C99="","",(COUNTIF(Filter!AE99:AI99,"a")+1)) | M99: =IF(Filter!$C99="","",(COUNTIF(Filter!AJ99:AN99,"a")+1)) | N99: =IF(Filter!$C99="","",(COUNTIF(Filter!AO99:AS99,"a")+1)) | O99: =IF(Filter!$C99="","",(COUNTIF(Filter!AT99:AV99,"a")+1)) | P99: =IF(Filter!$C99="","",(COUNTIF(Filter!AW99:AY99,"a")+1)) | Q99: =IF(Filter!$C99="","",(COUNTIF(Filter!AZ99:BA99,"a")+1)) | R99: =IF(Filter!$C99="","",(COUNTIF(Filter!BB99:BD99,"a")+1)) | S99: =IF(Filter!$C99="","",(COUNTIF(Filter!BE99:BG99,"a")+1)) | T99: =IF(Filter!$C99="","",(COUNTIF(Filter!BH99:BJ99,"a")+1)) | U99: =IF(Filter!$C99="","",(COUNTIF(Filter!BK99:BO99,"a")+1)) | V99: =IF(Filter!$C99="","",(COUNTIF(Filter!BP99:BR99,"a")+1)) | W99: =IF(Filter!$C99="","",(COUNTIF(Filter!BS99:BU99,"a")+1)) | X99: =IF(SUM(E99:N99)=0,"",SUM(E99:N99)/51) | Y99: =IF(SUM(O99:W99)=0,"",SUM(O99:W99)/37) | Z99: =IF(SUM(E99:W99)=0,"",SUM(E99:W99)/88) | AA99: =IF(Z99="","",SUM(Z$89:Z$117)/COUNT(Z$89:Z$117))
A100: =IF(ISBLANK(Test!A100),"",(Test!A100)) | B100: =IF(ISBLANK(Test!B100),"",(Test!B100)) | C100: =IF(ISBLANK(Test!C100),"",(Test!C100)) | D100: =IF(ISBLANK(Test!D100),"",(Test!D100)) | E100: =IF(Filter!$C100="","",(COUNTIF(Filter!E100:H100,"a")+1)) | F100: =IF(Filter!$C100="","",(COUNTIF(Filter!I100:L100,"a")+1)) | G100: =IF(Filter!$C100="","",(COUNTIF(Filter!M100:P100,"a")+1)) | H100: =IF(Filter!$C100="","",(COUNTIF(Filter!Q100:S100,"a")+1)) | I100: =IF(Filter!$C100="","",(COUNTIF(Filter!T100:V100,"a")+1)) | J100: =IF(Filter!$C100="","",(COUNTIF(Filter!W100:Z100,"a")+1)) | K100: =IF(Filter!$C100="","",(COUNTIF(Filter!AA100:AD100,"a")+1)) | L100: =IF(Filter!$C100="","",(COUNTIF(Filter!AE100:AI100,"a")+1)) | M100: =IF(Filter!$C100="","",(COUNTIF(Filter!AJ100:AN100,"a")+1)) | N100: =IF(Filter!$C100="","",(COUNTIF(Filter!AO100:AS100,"a")+1)) | O100: =IF(Filter!$C100="","",(COUNTIF(Filter!AT100:AV100,"a")+1)) | P100: =IF(Filter!$C100="","",(COUNTIF(Filter!AW100:AY100,"a")+1)) | Q100: =IF(Filter!$C100="","",(COUNTIF(Filter!AZ100:BA100,"a")+1)) | R100: =IF(Filter!$C100="","",(COUNTIF(Filter!BB100:BD100,"a")+1)) | S100: =IF(Filter!$C100="","",(COUNTIF(Filter!BE100:BG100,"a")+1)) | T100: =IF(Filter!$C100="","",(COUNTIF(Filter!BH100:BJ100,"a")+1)) | U100: =IF(Filter!$C100="","",(COUNTIF(Filter!BK100:BO100,"a")+1)) | V100: =IF(Filter!$C100="","",(COUNTIF(Filter!BP100:BR100,"a")+1)) | W100: =IF(Filter!$C100="","",(COUNTIF(Filter!BS100:BU100,"a")+1)) | X100: =IF(SUM(E100:N100)=0,"",SUM(E100:N100)/51) | Y100: =IF(SUM(O100:W100)=0,"",SUM(O100:W100)/37) | Z100: =IF(SUM(E100:W100)=0,"",SUM(E100:W100)/88) | AA100: =IF(Z100="","",SUM(Z$89:Z$117)/COUNT(Z$89:Z$117))
... A117: =IF(ISBLANK(Test!A117),"",(Test!A117)) | B117: =IF(ISBLANK(Test!B117),"",(Test!B117)) | C117: =IF(ISBLANK(Test!C117),"",(Test!C117)) | D117: =IF(ISBLANK(Test!D117),"",(Test!D117)) | E117: =IF(Filter!$C117="","",(COUNTIF(Filter!E117:H117,"a")+1)) | F117: =IF(Filter!$C117="","",(COUNTIF(Filter!I117:L117,"a")+1)) | G117: =IF(Filter!$C117="","",(COUNTIF(Filter!M117:P117,"a")+1)) | H117: =IF(Filter!$C117="","",(COUNTIF(Filter!Q117:S117,"a")+1)) | I117: =IF(Filter!$C117="","",(COUNTIF(Filter!T117:V117,"a")+1)) | J117: =IF(Filter!$C117="","",(COUNTIF(Filter!W117:Z117,"a")+1)) | K117: =IF(Filter!$C117="","",(COUNTIF(Filter!AA117:AD117,"a")+1)) | L117: =IF(Filter!$C117="","",(COUNTIF(Filter!AE117:AI117,"a")+1)) | M117: =IF(Filter!$C117="","",(COUNTIF(Filter!AJ117:AN117,"a")+1)) | N117: =IF(Filter!$C117="","",(COUNTIF(Filter!AO117:AS117,"a")+1)) | O117: =IF(Filter!$C117="","",(COUNTIF(Filter!AT117:AV117,"a")+1)) | P117: =IF(Filter!$C117="","",(COUNTIF(Filter!AW117:AY117,"a")+1)) | Q117: =IF(Filter!$C117="","",(COUNTIF(Filter!AZ117:BA117,"a")+1)) | R117: =IF(Filter!$C117="","",(COUNTIF(Filter!BB117:BD117,"a")+1)) | S117: =IF(Filter!$C117="","",(COUNTIF(Filter!BE117:BG117,"a")+1)) | T117: =IF(Filter!$C117="","",(COUNTIF(Filter!BH117:BJ117,"a")+1)) | U117: =IF(Filter!$C117="","",(COUNTIF(Filter!BK117:BO117,"a")+1)) | V117: =IF(Filter!$C117="","",(COUNTIF(Filter!BP117:BR117,"a")+1)) | W117: =IF(Filter!$C117="","",(COUNTIF(Filter!BS117:BU117,"a")+1)) | X117: =IF(SUM(E117:N117)=0,"",SUM(E117:N117)/51) | Y117: =IF(SUM(O117:W117)=0,"",SUM(O117:W117)/37) | Z117: =IF(SUM(E117:W117)=0,"",SUM(E117:W117)/88) | AA117: =IF(Z117="","",SUM(Z$89:Z$117)/COUNT(Z$89:Z$117))
A118: =IF(ISBLANK(Test!A118),"",(Test!A118)) -> Teacher5 | B118: =IF(ISBLANK(Test!B118),"",(Test!B118)) | C118: =IF(ISBLANK(Test!C118),"",(Test!C118)) | D118: =IF(ISBLANK(Test!D118),"",(Test!D118)) | E118: =IF(Filter!$C118="","",(COUNTIF(Filter!E118:H118,"a")+1)) | F118: =IF(Filter!$C118="","",(COUNTIF(Filter!I118:L118,"a")+1)) | G118: =IF(Filter!$C118="","",(COUNTIF(Filter!M118:P118,"a")+1)) | H118: =IF(Filter!$C118="","",(COUNTIF(Filter!Q118:S118,"a")+1)) | I118: =IF(Filter!$C118="","",(COUNTIF(Filter!T118:V118,"a")+1)) | J118: =IF(Filter!$C118="","",(COUNTIF(Filter!W118:Z118,"a")+1)) | K118: =IF(Filter!$C118="","",(COUNTIF(Filter!AA118:AD118,"a")+1)) | L118: =IF(Filter!$C118="","",(COUNTIF(Filter!AE118:AI118,"a")+1)) | M118: =IF(Filter!$C118="","",(COUNTIF(Filter!AJ118:AN118,"a")+1)) | N118: =IF(Filter!$C118="","",(COUNTIF(Filter!AO118:AS118,"a")+1)) | O118: =IF(Filter!$C118="","",(COUNTIF(Filter!AT118:AV118,"a")+1)) | P118: =IF(Filter!$C118="","",(COUNTIF(Filter!AW118:AY118,"a")+1)) | Q118: =IF(Filter!$C118="","",(COUNTIF(Filter!AZ118:BA118,"a")+1)) | R118: =IF(Filter!$C118="","",(COUNTIF(Filter!BB118:BD118,"a")+1)) | S118: =IF(Filter!$C118="","",(COUNTIF(Filter!BE118:BG118,"a")+1)) | T118: =IF(Filter!$C118="","",(COUNTIF(Filter!BH118:BJ118,"a")+1)) | U118: =IF(Filter!$C118="","",(COUNTIF(Filter!BK118:BO118,"a")+1)) | V118: =IF(Filter!$C118="","",(COUNTIF(Filter!BP118:BR118,"a")+1)) | W118: =IF(Filter!$C118="","",(COUNTIF(Filter!BS118:BU118,"a")+1)) | X118: =IF(SUM(E118:N118)=0,"",SUM(E118:N118)/51) | Y118: =IF(SUM(O118:W118)=0,"",SUM(O118:W118)/37) | Z118: =IF(SUM(E118:W118)=0,"",SUM(E118:W118)/88) | AA118: =IF(Z118="","",SUM(Z$118:Z$146)/COUNT(Z$118:Z$146))
A119: =IF(ISBLANK(Test!A119),"",(Test!A119)) | B119: =IF(ISBLANK(Test!B119),"",(Test!B119)) | C119: =IF(ISBLANK(Test!C119),"",(Test!C119)) | D119: =IF(ISBLANK(Test!D119),"",(Test!D119)) | E119: =IF(Filter!$C119="","",(COUNTIF(Filter!E119:H119,"a")+1)) | F119: =IF(Filter!$C119="","",(COUNTIF(Filter!I119:L119,"a")+1)) | G119: =IF(Filter!$C119="","",(COUNTIF(Filter!M119:P119,"a")+1)) | H119: =IF(Filter!$C119="","",(COUNTIF(Filter!Q119:S119,"a")+1)) | I119: =IF(Filter!$C119="","",(COUNTIF(Filter!T119:V119,"a")+1)) | J119: =IF(Filter!$C119="","",(COUNTIF(Filter!W119:Z119,"a")+1)) | K119: =IF(Filter!$C119="","",(COUNTIF(Filter!AA119:AD119,"a")+1)) | L119: =IF(Filter!$C119="","",(COUNTIF(Filter!AE119:AI119,"a")+1)) | M119: =IF(Filter!$C119="","",(COUNTIF(Filter!AJ119:AN119,"a")+1)) | N119: =IF(Filter!$C119="","",(COUNTIF(Filter!AO119:AS119,"a")+1)) | O119: =IF(Filter!$C119="","",(COUNTIF(Filter!AT119:AV119,"a")+1)) | P119: =IF(Filter!$C119="","",(COUNTIF(Filter!AW119:AY119,"a")+1)) | Q119: =IF(Filter!$C119="","",(COUNTIF(Filter!AZ119:BA119,"a")+1)) | R119: =IF(Filter!$C119="","",(COUNTIF(Filter!BB119:BD119,"a")+1)) | S119: =IF(Filter!$C119="","",(COUNTIF(Filter!BE119:BG119,"a")+1)) | T119: =IF(Filter!$C119="","",(COUNTIF(Filter!BH119:BJ119,"a")+1)) | U119: =IF(Filter!$C119="","",(COUNTIF(Filter!BK119:BO119,"a")+1)) | V119: =IF(Filter!$C119="","",(COUNTIF(Filter!BP119:BR119,"a")+1)) | W119: =IF(Filter!$C119="","",(COUNTIF(Filter!BS119:BU119,"a")+1)) | X119: =IF(SUM(E119:N119)=0,"",SUM(E119:N119)/51) | Y119: =IF(SUM(O119:W119)=0,"",SUM(O119:W119)/37) | Z119: =IF(SUM(E119:W119)=0,"",SUM(E119:W119)/88) | AA119: =IF(Z119="","",SUM(Z$118:Z$146)/COUNT(Z$118:Z$146))
A120: =IF(ISBLANK(Test!A120),"",(Test!A120)) | B120: =IF(ISBLANK(Test!B120),"",(Test!B120)) | C120: =IF(ISBLANK(Test!C120),"",(Test!C120)) | D120: =IF(ISBLANK(Test!D120),"",(Test!D120)) | E120: =IF(Filter!$C120="","",(COUNTIF(Filter!E120:H120,"a")+1)) | F120: =IF(Filter!$C120="","",(COUNTIF(Filter!I120:L120,"a")+1)) | G120: =IF(Filter!$C120="","",(COUNTIF(Filter!M120:P120,"a")+1)) | H120: =IF(Filter!$C120="","",(COUNTIF(Filter!Q120:S120,"a")+1)) | I120: =IF(Filter!$C120="","",(COUNTIF(Filter!T120:V120,"a")+1)) | J120: =IF(Filter!$C120="","",(COUNTIF(Filter!W120:Z120,"a")+1)) | K120: =IF(Filter!$C120="","",(COUNTIF(Filter!AA120:AD120,"a")+1)) | L120: =IF(Filter!$C120="","",(COUNTIF(Filter!AE120:AI120,"a")+1)) | M120: =IF(Filter!$C120="","",(COUNTIF(Filter!AJ120:AN120,"a")+1)) | N120: =IF(Filter!$C120="","",(COUNTIF(Filter!AO120:AS120,"a")+1)) | O120: =IF(Filter!$C120="","",(COUNTIF(Filter!AT120:AV120,"a")+1)) | P120: =IF(Filter!$C120="","",(COUNTIF(Filter!AW120:AY120,"a")+1)) | Q120: =IF(Filter!$C120="","",(COUNTIF(Filter!AZ120:BA120,"a")+1)) | R120: =IF(Filter!$C120="","",(COUNTIF(Filter!BB120:BD120,"a")+1)) | S120: =IF(Filter!$C120="","",(COUNTIF(Filter!BE120:BG120,"a")+1)) | T120: =IF(Filter!$C120="","",(COUNTIF(Filter!BH120:BJ120,"a")+1)) | U120: =IF(Filter!$C120="","",(COUNTIF(Filter!BK120:BO120,"a")+1)) | V120: =IF(Filter!$C120="","",(COUNTIF(Filter!BP120:BR120,"a")+1)) | W120: =IF(Filter!$C120="","",(COUNTIF(Filter!BS120:BU120,"a")+1)) | X120: =IF(SUM(E120:N120)=0,"",SUM(E120:N120)/51) | Y120: =IF(SUM(O120:W120)=0,"",SUM(O120:W120)/37) | Z120: =IF(SUM(E120:W120)=0,"",SUM(E120:W120)/88) | AA120: =IF(Z120="","",SUM(Z$118:Z$146)/COUNT(Z$118:Z$146))
A121: =IF(ISBLANK(Test!A121),"",(Test!A121)) | B121: =IF(ISBLANK(Test!B121),"",(Test!B121)) | C121: =IF(ISBLANK(Test!C121),"",(Test!C121)) | D121: =IF(ISBLANK(Test!D121),"",(Test!D121)) | E121: =IF(Filter!$C121="","",(COUNTIF(Filter!E121:H121,"a")+1)) | F121: =IF(Filter!$C121="","",(COUNTIF(Filter!I121:L121,"a")+1)) | G121: =IF(Filter!$C121="","",(COUNTIF(Filter!M121:P121,"a")+1)) | H121: =IF(Filter!$C121="","",(COUNTIF(Filter!Q121:S121,"a")+1)) | I121: =IF(Filter!$C121="","",(COUNTIF(Filter!T121:V121,"a")+1)) | J121: =IF(Filter!$C121="","",(COUNTIF(Filter!W121:Z121,"a")+1)) | K121: =IF(Filter!$C121="","",(COUNTIF(Filter!AA121:AD121,"a")+1)) | L121: =IF(Filter!$C121="","",(COUNTIF(Filter!AE121:AI121,"a")+1)) | M121: =IF(Filter!$C121="","",(COUNTIF(Filter!AJ121:AN121,"a")+1)) | N121: =IF(Filter!$C121="","",(COUNTIF(Filter!AO121:AS121,"a")+1)) | O121: =IF(Filter!$C121="","",(COUNTIF(Filter!AT121:AV121,"a")+1)) | P121: =IF(Filter!$C121="","",(COUNTIF(Filter!AW121:AY121,"a")+1)) | Q121: =IF(Filter!$C121="","",(COUNTIF(Filter!AZ121:BA121,"a")+1)) | R121: =IF(Filter!$C121="","",(COUNTIF(Filter!BB121:BD121,"a")+1)) | S121: =IF(Filter!$C121="","",(COUNTIF(Filter!BE121:BG121,"a")+1)) | T121: =IF(Filter!$C121="","",(COUNTIF(Filter!BH121:BJ121,"a")+1)) | U121: =IF(Filter!$C121="","",(COUNTIF(Filter!BK121:BO121,"a")+1)) | V121: =IF(Filter!$C121="","",(COUNTIF(Filter!BP121:BR121,"a")+1)) | W121: =IF(Filter!$C121="","",(COUNTIF(Filter!BS121:BU121,"a")+1)) | X121: =IF(SUM(E121:N121)=0,"",SUM(E121:N121)/51) | Y121: =IF(SUM(O121:W121)=0,"",SUM(O121:W121)/37) | Z121: =IF(SUM(E121:W121)=0,"",SUM(E121:W121)/88) | AA121: =IF(Z121="","",SUM(Z$118:Z$146)/COUNT(Z$118:Z$146))
A122: =IF(ISBLANK(Test!A122),"",(Test!A122)) | B122: =IF(ISBLANK(Test!B122),"",(Test!B122)) | C122: =IF(ISBLANK(Test!C122),"",(Test!C122)) | D122: =IF(ISBLANK(Test!D122),"",(Test!D122)) | E122: =IF(Filter!$C122="","",(COUNTIF(Filter!E122:H122,"a")+1)) | F122: =IF(Filter!$C122="","",(COUNTIF(Filter!I122:L122,"a")+1)) | G122: =IF(Filter!$C122="","",(COUNTIF(Filter!M122:P122,"a")+1)) | H122: =IF(Filter!$C122="","",(COUNTIF(Filter!Q122:S122,"a")+1)) | I122: =IF(Filter!$C122="","",(COUNTIF(Filter!T122:V122,"a")+1)) | J122: =IF(Filter!$C122="","",(COUNTIF(Filter!W122:Z122,"a")+1)) | K122: =IF(Filter!$C122="","",(COUNTIF(Filter!AA122:AD122,"a")+1)) | L122: =IF(Filter!$C122="","",(COUNTIF(Filter!AE122:AI122,"a")+1)) | M122: =IF(Filter!$C122="","",(COUNTIF(Filter!AJ122:AN122,"a")+1)) | N122: =IF(Filter!$C122="","",(COUNTIF(Filter!AO122:AS122,"a")+1)) | O122: =IF(Filter!$C122="","",(COUNTIF(Filter!AT122:AV122,"a")+1)) | P122: =IF(Filter!$C122="","",(COUNTIF(Filter!AW122:AY122,"a")+1)) | Q122: =IF(Filter!$C122="","",(COUNTIF(Filter!AZ122:BA122,"a")+1)) | R122: =IF(Filter!$C122="","",(COUNTIF(Filter!BB122:BD122,"a")+1)) | S122: =IF(Filter!$C122="","",(COUNTIF(Filter!BE122:BG122,"a")+1)) | T122: =IF(Filter!$C122="","",(COUNTIF(Filter!BH122:BJ122,"a")+1)) | U122: =IF(Filter!$C122="","",(COUNTIF(Filter!BK122:BO122,"a")+1)) | V122: =IF(Filter!$C122="","",(COUNTIF(Filter!BP122:BR122,"a")+1)) | W122: =IF(Filter!$C122="","",(COUNTIF(Filter!BS122:BU122,"a")+1)) | X122: =IF(SUM(E122:N122)=0,"",SUM(E122:N122)/51) | Y122: =IF(SUM(O122:W122)=0,"",SUM(O122:W122)/37) | Z122: =IF(SUM(E122:W122)=0,"",SUM(E122:W122)/88) | AA122: =IF(Z122="","",SUM(Z$118:Z$146)/COUNT(Z$118:Z$146))
A123: =IF(ISBLANK(Test!A123),"",(Test!A123)) | B123: =IF(ISBLANK(Test!B123),"",(Test!B123)) | C123: =IF(ISBLANK(Test!C123),"",(Test!C123)) | D123: =IF(ISBLANK(Test!D123),"",(Test!D123)) | E123: =IF(Filter!$C123="","",(COUNTIF(Filter!E123:H123,"a")+1)) | F123: =IF(Filter!$C123="","",(COUNTIF(Filter!I123:L123,"a")+1)) | G123: =IF(Filter!$C123="","",(COUNTIF(Filter!M123:P123,"a")+1)) | H123: =IF(Filter!$C123="","",(COUNTIF(Filter!Q123:S123,"a")+1)) | I123: =IF(Filter!$C123="","",(COUNTIF(Filter!T123:V123,"a")+1)) | J123: =IF(Filter!$C123="","",(COUNTIF(Filter!W123:Z123,"a")+1)) | K123: =IF(Filter!$C123="","",(COUNTIF(Filter!AA123:AD123,"a")+1)) | L123: =IF(Filter!$C123="","",(COUNTIF(Filter!AE123:AI123,"a")+1)) | M123: =IF(Filter!$C123="","",(COUNTIF(Filter!AJ123:AN123,"a")+1)) | N123: =IF(Filter!$C123="","",(COUNTIF(Filter!AO123:AS123,"a")+1)) | O123: =IF(Filter!$C123="","",(COUNTIF(Filter!AT123:AV123,"a")+1)) | P123: =IF(Filter!$C123="","",(COUNTIF(Filter!AW123:AY123,"a")+1)) | Q123: =IF(Filter!$C123="","",(COUNTIF(Filter!AZ123:BA123,"a")+1)) | R123: =IF(Filter!$C123="","",(COUNTIF(Filter!BB123:BD123,"a")+1)) | S123: =IF(Filter!$C123="","",(COUNTIF(Filter!BE123:BG123,"a")+1)) | T123: =IF(Filter!$C123="","",(COUNTIF(Filter!BH123:BJ123,"a")+1)) | U123: =IF(Filter!$C123="","",(COUNTIF(Filter!BK123:BO123,"a")+1)) | V123: =IF(Filter!$C123="","",(COUNTIF(Filter!BP123:BR123,"a")+1)) | W123: =IF(Filter!$C123="","",(COUNTIF(Filter!BS123:BU123,"a")+1)) | X123: =IF(SUM(E123:N123)=0,"",SUM(E123:N123)/51) | Y123: =IF(SUM(O123:W123)=0,"",SUM(O123:W123)/37) | Z123: =IF(SUM(E123:W123)=0,"",SUM(E123:W123)/88) | AA123: =IF(Z123="","",SUM(Z$118:Z$146)/COUNT(Z$118:Z$146))
A124: =IF(ISBLANK(Test!A124),"",(Test!A124)) | B124: =IF(ISBLANK(Test!B124),"",(Test!B124)) | C124: =IF(ISBLANK(Test!C124),"",(Test!C124)) | D124: =IF(ISBLANK(Test!D124),"",(Test!D124)) | E124: =IF(Filter!$C124="","",(COUNTIF(Filter!E124:H124,"a")+1)) | F124: =IF(Filter!$C124="","",(COUNTIF(Filter!I124:L124,"a")+1)) | G124: =IF(Filter!$C124="","",(COUNTIF(Filter!M124:P124,"a")+1)) | H124: =IF(Filter!$C124="","",(COUNTIF(Filter!Q124:S124,"a")+1)) | I124: =IF(Filter!$C124="","",(COUNTIF(Filter!T124:V124,"a")+1)) | J124: =IF(Filter!$C124="","",(COUNTIF(Filter!W124:Z124,"a")+1)) | K124: =IF(Filter!$C124="","",(COUNTIF(Filter!AA124:AD124,"a")+1)) | L124: =IF(Filter!$C124="","",(COUNTIF(Filter!AE124:AI124,"a")+1)) | M124: =IF(Filter!$C124="","",(COUNTIF(Filter!AJ124:AN124,"a")+1)) | N124: =IF(Filter!$C124="","",(COUNTIF(Filter!AO124:AS124,"a")+1)) | O124: =IF(Filter!$C124="","",(COUNTIF(Filter!AT124:AV124,"a")+1)) | P124: =IF(Filter!$C124="","",(COUNTIF(Filter!AW124:AY124,"a")+1)) | Q124: =IF(Filter!$C124="","",(COUNTIF(Filter!AZ124:BA124,"a")+1)) | R124: =IF(Filter!$C124="","",(COUNTIF(Filter!BB124:BD124,"a")+1)) | S124: =IF(Filter!$C124="","",(COUNTIF(Filter!BE124:BG124,"a")+1)) | T124: =IF(Filter!$C124="","",(COUNTIF(Filter!BH124:BJ124,"a")+1)) | U124: =IF(Filter!$C124="","",(COUNTIF(Filter!BK124:BO124,"a")+1)) | V124: =IF(Filter!$C124="","",(COUNTIF(Filter!BP124:BR124,"a")+1)) | W124: =IF(Filter!$C124="","",(COUNTIF(Filter!BS124:BU124,"a")+1)) | X124: =IF(SUM(E124:N124)=0,"",SUM(E124:N124)/51) | Y124: =IF(SUM(O124:W124)=0,"",SUM(O124:W124)/37) | Z124: =IF(SUM(E124:W124)=0,"",SUM(E124:W124)/88) | AA124: =IF(Z124="","",SUM(Z$118:Z$146)/COUNT(Z$118:Z$146))
A125: =IF(ISBLANK(Test!A125),"",(Test!A125)) | B125: =IF(ISBLANK(Test!B125),"",(Test!B125)) | C125: =IF(ISBLANK(Test!C125),"",(Test!C125)) | D125: =IF(ISBLANK(Test!D125),"",(Test!D125)) | E125: =IF(Filter!$C125="","",(COUNTIF(Filter!E125:H125,"a")+1)) | F125: =IF(Filter!$C125="","",(COUNTIF(Filter!I125:L125,"a")+1)) | G125: =IF(Filter!$C125="","",(COUNTIF(Filter!M125:P125,"a")+1)) | H125: =IF(Filter!$C125="","",(COUNTIF(Filter!Q125:S125,"a")+1)) | I125: =IF(Filter!$C125="","",(COUNTIF(Filter!T125:V125,"a")+1)) | J125: =IF(Filter!$C125="","",(COUNTIF(Filter!W125:Z125,"a")+1)) | K125: =IF(Filter!$C125="","",(COUNTIF(Filter!AA125:AD125,"a")+1)) | L125: =IF(Filter!$C125="","",(COUNTIF(Filter!AE125:AI125,"a")+1)) | M125: =IF(Filter!$C125="","",(COUNTIF(Filter!AJ125:AN125,"a")+1)) | N125: =IF(Filter!$C125="","",(COUNTIF(Filter!AO125:AS125,"a")+1)) | O125: =IF(Filter!$C125="","",(COUNTIF(Filter!AT125:AV125,"a")+1)) | P125: =IF(Filter!$C125="","",(COUNTIF(Filter!AW125:AY125,"a")+1)) | Q125: =IF(Filter!$C125="","",(COUNTIF(Filter!AZ125:BA125,"a")+1)) | R125: =IF(Filter!$C125="","",(COUNTIF(Filter!BB125:BD125,"a")+1)) | S125: =IF(Filter!$C125="","",(COUNTIF(Filter!BE125:BG125,"a")+1)) | T125: =IF(Filter!$C125="","",(COUNTIF(Filter!BH125:BJ125,"a")+1)) | U125: =IF(Filter!$C125="","",(COUNTIF(Filter!BK125:BO125,"a")+1)) | V125: =IF(Filter!$C125="","",(COUNTIF(Filter!BP125:BR125,"a")+1)) | W125: =IF(Filter!$C125="","",(COUNTIF(Filter!BS125:BU125,"a")+1)) | X125: =IF(SUM(E125:N125)=0,"",SUM(E125:N125)/51) | Y125: =IF(SUM(O125:W125)=0,"",SUM(O125:W125)/37) | Z125: =IF(SUM(E125:W125)=0,"",SUM(E125:W125)/88) | AA125: =IF(Z125="","",SUM(Z$118:Z$146)/COUNT(Z$118:Z$146))
A126: =IF(ISBLANK(Test!A126),"",(Test!A126)) | B126: =IF(ISBLANK(Test!B126),"",(Test!B126)) | C126: =IF(ISBLANK(Test!C126),"",(Test!C126)) | D126: =IF(ISBLANK(Test!D126),"",(Test!D126)) | E126: =IF(Filter!$C126="","",(COUNTIF(Filter!E126:H126,"a")+1)) | F126: =IF(Filter!$C126="","",(COUNTIF(Filter!I126:L126,"a")+1)) | G126: =IF(Filter!$C126="","",(COUNTIF(Filter!M126:P126,"a")+1)) | H126: =IF(Filter!$C126="","",(COUNTIF(Filter!Q126:S126,"a")+1)) | I126: =IF(Filter!$C126="","",(COUNTIF(Filter!T126:V126,"a")+1)) | J126: =IF(Filter!$C126="","",(COUNTIF(Filter!W126:Z126,"a")+1)) | K126: =IF(Filter!$C126="","",(COUNTIF(Filter!AA126:AD126,"a")+1)) | L126: =IF(Filter!$C126="","",(COUNTIF(Filter!AE126:AI126,"a")+1)) | M126: =IF(Filter!$C126="","",(COUNTIF(Filter!AJ126:AN126,"a")+1)) | N126: =IF(Filter!$C126="","",(COUNTIF(Filter!AO126:AS126,"a")+1)) | O126: =IF(Filter!$C126="","",(COUNTIF(Filter!AT126:AV126,"a")+1)) | P126: =IF(Filter!$C126="","",(COUNTIF(Filter!AW126:AY126,"a")+1)) | Q126: =IF(Filter!$C126="","",(COUNTIF(Filter!AZ126:BA126,"a")+1)) | R126: =IF(Filter!$C126="","",(COUNTIF(Filter!BB126:BD126,"a")+1)) | S126: =IF(Filter!$C126="","",(COUNTIF(Filter!BE126:BG126,"a")+1)) | T126: =IF(Filter!$C126="","",(COUNTIF(Filter!BH126:BJ126,"a")+1)) | U126: =IF(Filter!$C126="","",(COUNTIF(Filter!BK126:BO126,"a")+1)) | V126: =IF(Filter!$C126="","",(COUNTIF(Filter!BP126:BR126,"a")+1)) | W126: =IF(Filter!$C126="","",(COUNTIF(Filter!BS126:BU126,"a")+1)) | X126: =IF(SUM(E126:N126)=0,"",SUM(E126:N126)/51) | Y126: =IF(SUM(O126:W126)=0,"",SUM(O126:W126)/37) | Z126: =IF(SUM(E126:W126)=0,"",SUM(E126:W126)/88) | AA126: =IF(Z126="","",SUM(Z$118:Z$146)/COUNT(Z$118:Z$146))
A127: =IF(ISBLANK(Test!A127),"",(Test!A127)) | B127: =IF(ISBLANK(Test!B127),"",(Test!B127)) | C127: =IF(ISBLANK(Test!C127),"",(Test!C127)) | D127: =IF(ISBLANK(Test!D127),"",(Test!D127)) | E127: =IF(Filter!$C127="","",(COUNTIF(Filter!E127:H127,"a")+1)) | F127: =IF(Filter!$C127="","",(COUNTIF(Filter!I127:L127,"a")+1)) | G127: =IF(Filter!$C127="","",(COUNTIF(Filter!M127:P127,"a")+1)) | H127: =IF(Filter!$C127="","",(COUNTIF(Filter!Q127:S127,"a")+1)) | I127: =IF(Filter!$C127="","",(COUNTIF(Filter!T127:V127,"a")+1)) | J127: =IF(Filter!$C127="","",(COUNTIF(Filter!W127:Z127,"a")+1)) | K127: =IF(Filter!$C127="","",(COUNTIF(Filter!AA127:AD127,"a")+1)) | L127: =IF(Filter!$C127="","",(COUNTIF(Filter!AE127:AI127,"a")+1)) | M127: =IF(Filter!$C127="","",(COUNTIF(Filter!AJ127:AN127,"a")+1)) | N127: =IF(Filter!$C127="","",(COUNTIF(Filter!AO127:AS127,"a")+1)) | O127: =IF(Filter!$C127="","",(COUNTIF(Filter!AT127:AV127,"a")+1)) | P127: =IF(Filter!$C127="","",(COUNTIF(Filter!AW127:AY127,"a")+1)) | Q127: =IF(Filter!$C127="","",(COUNTIF(Filter!AZ127:BA127,"a")+1)) | R127: =IF(Filter!$C127="","",(COUNTIF(Filter!BB127:BD127,"a")+1)) | S127: =IF(Filter!$C127="","",(COUNTIF(Filter!BE127:BG127,"a")+1)) | T127: =IF(Filter!$C127="","",(COUNTIF(Filter!BH127:BJ127,"a")+1)) | U127: =IF(Filter!$C127="","",(COUNTIF(Filter!BK127:BO127,"a")+1)) | V127: =IF(Filter!$C127="","",(COUNTIF(Filter!BP127:BR127,"a")+1)) | W127: =IF(Filter!$C127="","",(COUNTIF(Filter!BS127:BU127,"a")+1)) | X127: =IF(SUM(E127:N127)=0,"",SUM(E127:N127)/51) | Y127: =IF(SUM(O127:W127)=0,"",SUM(O127:W127)/37) | Z127: =IF(SUM(E127:W127)=0,"",SUM(E127:W127)/88) | AA127: =IF(Z127="","",SUM(Z$118:Z$146)/COUNT(Z$118:Z$146))
A128: =IF(ISBLANK(Test!A128),"",(Test!A128)) | B128: =IF(ISBLANK(Test!B128),"",(Test!B128)) | C128: =IF(ISBLANK(Test!C128),"",(Test!C128)) | D128: =IF(ISBLANK(Test!D128),"",(Test!D128)) | E128: =IF(Filter!$C128="","",(COUNTIF(Filter!E128:H128,"a")+1)) | F128: =IF(Filter!$C128="","",(COUNTIF(Filter!I128:L128,"a")+1)) | G128: =IF(Filter!$C128="","",(COUNTIF(Filter!M128:P128,"a")+1)) | H128: =IF(Filter!$C128="","",(COUNTIF(Filter!Q128:S128,"a")+1)) | I128: =IF(Filter!$C128="","",(COUNTIF(Filter!T128:V128,"a")+1)) | J128: =IF(Filter!$C128="","",(COUNTIF(Filter!W128:Z128,"a")+1)) | K128: =IF(Filter!$C128="","",(COUNTIF(Filter!AA128:AD128,"a")+1)) | L128: =IF(Filter!$C128="","",(COUNTIF(Filter!AE128:AI128,"a")+1)) | M128: =IF(Filter!$C128="","",(COUNTIF(Filter!AJ128:AN128,"a")+1)) | N128: =IF(Filter!$C128="","",(COUNTIF(Filter!AO128:AS128,"a")+1)) | O128: =IF(Filter!$C128="","",(COUNTIF(Filter!AT128:AV128,"a")+1)) | P128: =IF(Filter!$C128="","",(COUNTIF(Filter!AW128:AY128,"a")+1)) | Q128: =IF(Filter!$C128="","",(COUNTIF(Filter!AZ128:BA128,"a")+1)) | R128: =IF(Filter!$C128="","",(COUNTIF(Filter!BB128:BD128,"a")+1)) | S128: =IF(Filter!$C128="","",(COUNTIF(Filter!BE128:BG128,"a")+1)) | T128: =IF(Filter!$C128="","",(COUNTIF(Filter!BH128:BJ128,"a")+1)) | U128: =IF(Filter!$C128="","",(COUNTIF(Filter!BK128:BO128,"a")+1)) | V128: =IF(Filter!$C128="","",(COUNTIF(Filter!BP128:BR128,"a")+1)) | W128: =IF(Filter!$C128="","",(COUNTIF(Filter!BS128:BU128,"a")+1)) | X128: =IF(SUM(E128:N128)=0,"",SUM(E128:N128)/51) | Y128: =IF(SUM(O128:W128)=0,"",SUM(O128:W128)/37) | Z128: =IF(SUM(E128:W128)=0,"",SUM(E128:W128)/88) | AA128: =IF(Z128="","",SUM(Z$118:Z$146)/COUNT(Z$118:Z$146))
A129: =IF(ISBLANK(Test!A129),"",(Test!A129)) | B129: =IF(ISBLANK(Test!B129),"",(Test!B129)) | C129: =IF(ISBLANK(Test!C129),"",(Test!C129)) | D129: =IF(ISBLANK(Test!D129),"",(Test!D129)) | E129: =IF(Filter!$C129="","",(COUNTIF(Filter!E129:H129,"a")+1)) | F129: =IF(Filter!$C129="","",(COUNTIF(Filter!I129:L129,"a")+1)) | G129: =IF(Filter!$C129="","",(COUNTIF(Filter!M129:P129,"a")+1)) | H129: =IF(Filter!$C129="","",(COUNTIF(Filter!Q129:S129,"a")+1)) | I129: =IF(Filter!$C129="","",(COUNTIF(Filter!T129:V129,"a")+1)) | J129: =IF(Filter!$C129="","",(COUNTIF(Filter!W129:Z129,"a")+1)) | K129: =IF(Filter!$C129="","",(COUNTIF(Filter!AA129:AD129,"a")+1)) | L129: =IF(Filter!$C129="","",(COUNTIF(Filter!AE129:AI129,"a")+1)) | M129: =IF(Filter!$C129="","",(COUNTIF(Filter!AJ129:AN129,"a")+1)) | N129: =IF(Filter!$C129="","",(COUNTIF(Filter!AO129:AS129,"a")+1)) | O129: =IF(Filter!$C129="","",(COUNTIF(Filter!AT129:AV129,"a")+1)) | P129: =IF(Filter!$C129="","",(COUNTIF(Filter!AW129:AY129,"a")+1)) | Q129: =IF(Filter!$C129="","",(COUNTIF(Filter!AZ129:BA129,"a")+1)) | R129: =IF(Filter!$C129="","",(COUNTIF(Filter!BB129:BD129,"a")+1)) | S129: =IF(Filter!$C129="","",(COUNTIF(Filter!BE129:BG129,"a")+1)) | T129: =IF(Filter!$C129="","",(COUNTIF(Filter!BH129:BJ129,"a")+1)) | U129: =IF(Filter!$C129="","",(COUNTIF(Filter!BK129:BO129,"a")+1)) | V129: =IF(Filter!$C129="","",(COUNTIF(Filter!BP129:BR129,"a")+1)) | W129: =IF(Filter!$C129="","",(COUNTIF(Filter!BS129:BU129,"a")+1)) | X129: =IF(SUM(E129:N129)=0,"",SUM(E129:N129)/51) | Y129: =IF(SUM(O129:W129)=0,"",SUM(O129:W129)/37) | Z129: =IF(SUM(E129:W129)=0,"",SUM(E129:W129)/88) | AA129: =IF(Z129="","",SUM(Z$118:Z$146)/COUNT(Z$118:Z$146))
... A146: =IF(ISBLANK(Test!A146),"",(Test!A146)) | B146: =IF(ISBLANK(Test!B146),"",(Test!B146)) | C146: =IF(ISBLANK(Test!C146),"",(Test!C146)) | D146: =IF(ISBLANK(Test!D146),"",(Test!D146)) | E146: =IF(Filter!$C146="","",(COUNTIF(Filter!E146:H146,"a")+1)) | F146: =IF(Filter!$C146="","",(COUNTIF(Filter!I146:L146,"a")+1)) | G146: =IF(Filter!$C146="","",(COUNTIF(Filter!M146:P146,"a")+1)) | H146: =IF(Filter!$C146="","",(COUNTIF(Filter!Q146:S146,"a")+1)) | I146: =IF(Filter!$C146="","",(COUNTIF(Filter!T146:V146,"a")+1)) | J146: =IF(Filter!$C146="","",(COUNTIF(Filter!W146:Z146,"a")+1)) | K146: =IF(Filter!$C146="","",(COUNTIF(Filter!AA146:AD146,"a")+1)) | L146: =IF(Filter!$C146="","",(COUNTIF(Filter!AE146:AI146,"a")+1)) | M146: =IF(Filter!$C146="","",(COUNTIF(Filter!AJ146:AN146,"a")+1)) | N146: =IF(Filter!$C146="","",(COUNTIF(Filter!AO146:AS146,"a")+1)) | O146: =IF(Filter!$C146="","",(COUNTIF(Filter!AT146:AV146,"a")+1)) | P146: =IF(Filter!$C146="","",(COUNTIF(Filter!AW146:AY146,"a")+1)) | Q146: =IF(Filter!$C146="","",(COUNTIF(Filter!AZ146:BA146,"a")+1)) | R146: =IF(Filter!$C146="","",(COUNTIF(Filter!BB146:BD146,"a")+1)) | S146: =IF(Filter!$C146="","",(COUNTIF(Filter!BE146:BG146,"a")+1)) | T146: =IF(Filter!$C146="","",(COUNTIF(Filter!BH146:BJ146,"a")+1)) | U146: =IF(Filter!$C146="","",(COUNTIF(Filter!BK146:BO146,"a")+1)) | V146: =IF(Filter!$C146="","",(COUNTIF(Filter!BP146:BR146,"a")+1)) | W146: =IF(Filter!$C146="","",(COUNTIF(Filter!BS146:BU146,"a")+1)) | X146: =IF(SUM(E146:N146)=0,"",SUM(E146:N146)/51) | Y146: =IF(SUM(O146:W146)=0,"",SUM(O146:W146)/37) | Z146: =IF(SUM(E146:W146)=0,"",SUM(E146:W146)/88) | AA146: =IF(Z146="","",SUM(Z$118:Z$146)/COUNT(Z$118:Z$146))
A147: =IF(ISBLANK(Test!A147),"",(Test!A147)) -> Teacher6 | B147: =IF(ISBLANK(Test!B147),"",(Test!B147)) | C147: =IF(ISBLANK(Test!C147),"",(Test!C147)) | D147: =IF(ISBLANK(Test!D147),"",(Test!D147)) | E147: =IF(Filter!$C147="","",(COUNTIF(Filter!E147:H147,"a")+1)) | F147: =IF(Filter!$C147="","",(COUNTIF(Filter!I147:L147,"a")+1)) | G147: =IF(Filter!$C147="","",(COUNTIF(Filter!M147:P147,"a")+1)) | H147: =IF(Filter!$C147="","",(COUNTIF(Filter!Q147:S147,"a")+1)) | I147: =IF(Filter!$C147="","",(COUNTIF(Filter!T147:V147,"a")+1)) | J147: =IF(Filter!$C147="","",(COUNTIF(Filter!W147:Z147,"a")+1)) | K147: =IF(Filter!$C147="","",(COUNTIF(Filter!AA147:AD147,"a")+1)) | L147: =IF(Filter!$C147="","",(COUNTIF(Filter!AE147:AI147,"a")+1)) | M147: =IF(Filter!$C147="","",(COUNTIF(Filter!AJ147:AN147,"a")+1)) | N147: =IF(Filter!$C147="","",(COUNTIF(Filter!AO147:AS147,"a")+1)) | O147: =IF(Filter!$C147="","",(COUNTIF(Filter!AT147:AV147,"a")+1)) | P147: =IF(Filter!$C147="","",(COUNTIF(Filter!AW147:AY147,"a")+1)) | Q147: =IF(Filter!$C147="","",(COUNTIF(Filter!AZ147:BA147,"a")+1)) | R147: =IF(Filter!$C147="","",(COUNTIF(Filter!BB147:BD147,"a")+1)) | S147: =IF(Filter!$C147="","",(COUNTIF(Filter!BE147:BG147,"a")+1)) | T147: =IF(Filter!$C147="","",(COUNTIF(Filter!BH147:BJ147,"a")+1)) | U147: =IF(Filter!$C147="","",(COUNTIF(Filter!BK147:BO147,"a")+1)) | V147: =IF(Filter!$C147="","",(COUNTIF(Filter!BP147:BR147,"a")+1)) | W147: =IF(Filter!$C147="","",(COUNTIF(Filter!BS147:BU147,"a")+1)) | X147: =IF(SUM(E147:N147)=0,"",SUM(E147:N147)/51) | Y147: =IF(SUM(O147:W147)=0,"",SUM(O147:W147)/37) | Z147: =IF(SUM(E147:W147)=0,"",SUM(E147:W147)/88) | AA147: =IF(Z147="","",SUM(Z$147:Z$175)/COUNT(Z$147:Z$175))
A148: =IF(ISBLANK(Test!A148),"",(Test!A148)) | B148: =IF(ISBLANK(Test!B148),"",(Test!B148)) | C148: =IF(ISBLANK(Test!C148),"",(Test!C148)) | D148: =IF(ISBLANK(Test!D148),"",(Test!D148)) | E148: =IF(Filter!$C148="","",(COUNTIF(Filter!E148:H148,"a")+1)) | F148: =IF(Filter!$C148="","",(COUNTIF(Filter!I148:L148,"a")+1)) | G148: =IF(Filter!$C148="","",(COUNTIF(Filter!M148:P148,"a")+1)) | H148: =IF(Filter!$C148="","",(COUNTIF(Filter!Q148:S148,"a")+1)) | I148: =IF(Filter!$C148="","",(COUNTIF(Filter!T148:V148,"a")+1)) | J148: =IF(Filter!$C148="","",(COUNTIF(Filter!W148:Z148,"a")+1)) | K148: =IF(Filter!$C148="","",(COUNTIF(Filter!AA148:AD148,"a")+1)) | L148: =IF(Filter!$C148="","",(COUNTIF(Filter!AE148:AI148,"a")+1)) | M148: =IF(Filter!$C148="","",(COUNTIF(Filter!AJ148:AN148,"a")+1)) | N148: =IF(Filter!$C148="","",(COUNTIF(Filter!AO148:AS148,"a")+1)) | O148: =IF(Filter!$C148="","",(COUNTIF(Filter!AT148:AV148,"a")+1)) | P148: =IF(Filter!$C148="","",(COUNTIF(Filter!AW148:AY148,"a")+1)) | Q148: =IF(Filter!$C148="","",(COUNTIF(Filter!AZ148:BA148,"a")+1)) | R148: =IF(Filter!$C148="","",(COUNTIF(Filter!BB148:BD148,"a")+1)) | S148: =IF(Filter!$C148="","",(COUNTIF(Filter!BE148:BG148,"a")+1)) | T148: =IF(Filter!$C148="","",(COUNTIF(Filter!BH148:BJ148,"a")+1)) | U148: =IF(Filter!$C148="","",(COUNTIF(Filter!BK148:BO148,"a")+1)) | V148: =IF(Filter!$C148="","",(COUNTIF(Filter!BP148:BR148,"a")+1)) | W148: =IF(Filter!$C148="","",(COUNTIF(Filter!BS148:BU148,"a")+1)) | X148: =IF(SUM(E148:N148)=0,"",SUM(E148:N148)/51) | Y148: =IF(SUM(O148:W148)=0,"",SUM(O148:W148)/37) | Z148: =IF(SUM(E148:W148)=0,"",SUM(E148:W148)/88) | AA148: =IF(Z148="","",SUM(Z$147:Z$175)/COUNT(Z$147:Z$175))
A149: =IF(ISBLANK(Test!A149),"",(Test!A149)) | B149: =IF(ISBLANK(Test!B149),"",(Test!B149)) | C149: =IF(ISBLANK(Test!C149),"",(Test!C149)) | D149: =IF(ISBLANK(Test!D149),"",(Test!D149)) | E149: =IF(Filter!$C149="","",(COUNTIF(Filter!E149:H149,"a")+1)) | F149: =IF(Filter!$C149="","",(COUNTIF(Filter!I149:L149,"a")+1)) | G149: =IF(Filter!$C149="","",(COUNTIF(Filter!M149:P149,"a")+1)) | H149: =IF(Filter!$C149="","",(COUNTIF(Filter!Q149:S149,"a")+1)) | I149: =IF(Filter!$C149="","",(COUNTIF(Filter!T149:V149,"a")+1)) | J149: =IF(Filter!$C149="","",(COUNTIF(Filter!W149:Z149,"a")+1)) | K149: =IF(Filter!$C149="","",(COUNTIF(Filter!AA149:AD149,"a")+1)) | L149: =IF(Filter!$C149="","",(COUNTIF(Filter!AE149:AI149,"a")+1)) | M149: =IF(Filter!$C149="","",(COUNTIF(Filter!AJ149:AN149,"a")+1)) | N149: =IF(Filter!$C149="","",(COUNTIF(Filter!AO149:AS149,"a")+1)) | O149: =IF(Filter!$C149="","",(COUNTIF(Filter!AT149:AV149,"a")+1)) | P149: =IF(Filter!$C149="","",(COUNTIF(Filter!AW149:AY149,"a")+1)) | Q149: =IF(Filter!$C149="","",(COUNTIF(Filter!AZ149:BA149,"a")+1)) | R149: =IF(Filter!$C149="","",(COUNTIF(Filter!BB149:BD149,"a")+1)) | S149: =IF(Filter!$C149="","",(COUNTIF(Filter!BE149:BG149,"a")+1)) | T149: =IF(Filter!$C149="","",(COUNTIF(Filter!BH149:BJ149,"a")+1)) | U149: =IF(Filter!$C149="","",(COUNTIF(Filter!BK149:BO149,"a")+1)) | V149: =IF(Filter!$C149="","",(COUNTIF(Filter!BP149:BR149,"a")+1)) | W149: =IF(Filter!$C149="","",(COUNTIF(Filter!BS149:BU149,"a")+1)) | X149: =IF(SUM(E149:N149)=0,"",SUM(E149:N149)/51) | Y149: =IF(SUM(O149:W149)=0,"",SUM(O149:W149)/37) | Z149: =IF(SUM(E149:W149)=0,"",SUM(E149:W149)/88) | AA149: =IF(Z149="","",SUM(Z$147:Z$175)/COUNT(Z$147:Z$175))
A150: =IF(ISBLANK(Test!A150),"",(Test!A150)) | B150: =IF(ISBLANK(Test!B150),"",(Test!B150)) | C150: =IF(ISBLANK(Test!C150),"",(Test!C150)) | D150: =IF(ISBLANK(Test!D150),"",(Test!D150)) | E150: =IF(Filter!$C150="","",(COUNTIF(Filter!E150:H150,"a")+1)) | F150: =IF(Filter!$C150="","",(COUNTIF(Filter!I150:L150,"a")+1)) | G150: =IF(Filter!$C150="","",(COUNTIF(Filter!M150:P150,"a")+1)) | H150: =IF(Filter!$C150="","",(COUNTIF(Filter!Q150:S150,"a")+1)) | I150: =IF(Filter!$C150="","",(COUNTIF(Filter!T150:V150,"a")+1)) | J150: =IF(Filter!$C150="","",(COUNTIF(Filter!W150:Z150,"a")+1)) | K150: =IF(Filter!$C150="","",(COUNTIF(Filter!AA150:AD150,"a")+1)) | L150: =IF(Filter!$C150="","",(COUNTIF(Filter!AE150:AI150,"a")+1)) | M150: =IF(Filter!$C150="","",(COUNTIF(Filter!AJ150:AN150,"a")+1)) | N150: =IF(Filter!$C150="","",(COUNTIF(Filter!AO150:AS150,"a")+1)) | O150: =IF(Filter!$C150="","",(COUNTIF(Filter!AT150:AV150,"a")+1)) | P150: =IF(Filter!$C150="","",(COUNTIF(Filter!AW150:AY150,"a")+1)) | Q150: =IF(Filter!$C150="","",(COUNTIF(Filter!AZ150:BA150,"a")+1)) | R150: =IF(Filter!$C150="","",(COUNTIF(Filter!BB150:BD150,"a")+1)) | S150: =IF(Filter!$C150="","",(COUNTIF(Filter!BE150:BG150,"a")+1)) | T150: =IF(Filter!$C150="","",(COUNTIF(Filter!BH150:BJ150,"a")+1)) | U150: =IF(Filter!$C150="","",(COUNTIF(Filter!BK150:BO150,"a")+1)) | V150: =IF(Filter!$C150="","",(COUNTIF(Filter!BP150:BR150,"a")+1)) | W150: =IF(Filter!$C150="","",(COUNTIF(Filter!BS150:BU150,"a")+1)) | X150: =IF(SUM(E150:N150)=0,"",SUM(E150:N150)/51) | Y150: =IF(SUM(O150:W150)=0,"",SUM(O150:W150)/37) | Z150: =IF(SUM(E150:W150)=0,"",SUM(E150:W150)/88) | AA150: =IF(Z150="","",SUM(Z$147:Z$175)/COUNT(Z$147:Z$175))
A151: =IF(ISBLANK(Test!A151),"",(Test!A151)) | B151: =IF(ISBLANK(Test!B151),"",(Test!B151)) | C151: =IF(ISBLANK(Test!C151),"",(Test!C151)) | D151: =IF(ISBLANK(Test!D151),"",(Test!D151)) | E151: =IF(Filter!$C151="","",(COUNTIF(Filter!E151:H151,"a")+1)) | F151: =IF(Filter!$C151="","",(COUNTIF(Filter!I151:L151,"a")+1)) | G151: =IF(Filter!$C151="","",(COUNTIF(Filter!M151:P151,"a")+1)) | H151: =IF(Filter!$C151="","",(COUNTIF(Filter!Q151:S151,"a")+1)) | I151: =IF(Filter!$C151="","",(COUNTIF(Filter!T151:V151,"a")+1)) | J151: =IF(Filter!$C151="","",(COUNTIF(Filter!W151:Z151,"a")+1)) | K151: =IF(Filter!$C151="","",(COUNTIF(Filter!AA151:AD151,"a")+1)) | L151: =IF(Filter!$C151="","",(COUNTIF(Filter!AE151:AI151,"a")+1)) | M151: =IF(Filter!$C151="","",(COUNTIF(Filter!AJ151:AN151,"a")+1)) | N151: =IF(Filter!$C151="","",(COUNTIF(Filter!AO151:AS151,"a")+1)) | O151: =IF(Filter!$C151="","",(COUNTIF(Filter!AT151:AV151,"a")+1)) | P151: =IF(Filter!$C151="","",(COUNTIF(Filter!AW151:AY151,"a")+1)) | Q151: =IF(Filter!$C151="","",(COUNTIF(Filter!AZ151:BA151,"a")+1)) | R151: =IF(Filter!$C151="","",(COUNTIF(Filter!BB151:BD151,"a")+1)) | S151: =IF(Filter!$C151="","",(COUNTIF(Filter!BE151:BG151,"a")+1)) | T151: =IF(Filter!$C151="","",(COUNTIF(Filter!BH151:BJ151,"a")+1)) | U151: =IF(Filter!$C151="","",(COUNTIF(Filter!BK151:BO151,"a")+1)) | V151: =IF(Filter!$C151="","",(COUNTIF(Filter!BP151:BR151,"a")+1)) | W151: =IF(Filter!$C151="","",(COUNTIF(Filter!BS151:BU151,"a")+1)) | X151: =IF(SUM(E151:N151)=0,"",SUM(E151:N151)/51) | Y151: =IF(SUM(O151:W151)=0,"",SUM(O151:W151)/37) | Z151: =IF(SUM(E151:W151)=0,"",SUM(E151:W151)/88) | AA151: =IF(Z151="","",SUM(Z$147:Z$175)/COUNT(Z$147:Z$175))
A152: =IF(ISBLANK(Test!A152),"",(Test!A152)) | B152: =IF(ISBLANK(Test!B152),"",(Test!B152)) | C152: =IF(ISBLANK(Test!C152),"",(Test!C152)) | D152: =IF(ISBLANK(Test!D152),"",(Test!D152)) | E152: =IF(Filter!$C152="","",(COUNTIF(Filter!E152:H152,"a")+1)) | F152: =IF(Filter!$C152="","",(COUNTIF(Filter!I152:L152,"a")+1)) | G152: =IF(Filter!$C152="","",(COUNTIF(Filter!M152:P152,"a")+1)) | H152: =IF(Filter!$C152="","",(COUNTIF(Filter!Q152:S152,"a")+1)) | I152: =IF(Filter!$C152="","",(COUNTIF(Filter!T152:V152,"a")+1)) | J152: =IF(Filter!$C152="","",(COUNTIF(Filter!W152:Z152,"a")+1)) | K152: =IF(Filter!$C152="","",(COUNTIF(Filter!AA152:AD152,"a")+1)) | L152: =IF(Filter!$C152="","",(COUNTIF(Filter!AE152:AI152,"a")+1)) | M152: =IF(Filter!$C152="","",(COUNTIF(Filter!AJ152:AN152,"a")+1)) | N152: =IF(Filter!$C152="","",(COUNTIF(Filter!AO152:AS152,"a")+1)) | O152: =IF(Filter!$C152="","",(COUNTIF(Filter!AT152:AV152,"a")+1)) | P152: =IF(Filter!$C152="","",(COUNTIF(Filter!AW152:AY152,"a")+1)) | Q152: =IF(Filter!$C152="","",(COUNTIF(Filter!AZ152:BA152,"a")+1)) | R152: =IF(Filter!$C152="","",(COUNTIF(Filter!BB152:BD152,"a")+1)) | S152: =IF(Filter!$C152="","",(COUNTIF(Filter!BE152:BG152,"a")+1)) | T152: =IF(Filter!$C152="","",(COUNTIF(Filter!BH152:BJ152,"a")+1)) | U152: =IF(Filter!$C152="","",(COUNTIF(Filter!BK152:BO152,"a")+1)) | V152: =IF(Filter!$C152="","",(COUNTIF(Filter!BP152:BR152,"a")+1)) | W152: =IF(Filter!$C152="","",(COUNTIF(Filter!BS152:BU152,"a")+1)) | X152: =IF(SUM(E152:N152)=0,"",SUM(E152:N152)/51) | Y152: =IF(SUM(O152:W152)=0,"",SUM(O152:W152)/37) | Z152: =IF(SUM(E152:W152)=0,"",SUM(E152:W152)/88) | AA152: =IF(Z152="","",SUM(Z$147:Z$175)/COUNT(Z$147:Z$175))
A153: =IF(ISBLANK(Test!A153),"",(Test!A153)) | B153: =IF(ISBLANK(Test!B153),"",(Test!B153)) | C153: =IF(ISBLANK(Test!C153),"",(Test!C153)) | D153: =IF(ISBLANK(Test!D153),"",(Test!D153)) | E153: =IF(Filter!$C153="","",(COUNTIF(Filter!E153:H153,"a")+1)) | F153: =IF(Filter!$C153="","",(COUNTIF(Filter!I153:L153,"a")+1)) | G153: =IF(Filter!$C153="","",(COUNTIF(Filter!M153:P153,"a")+1)) | H153: =IF(Filter!$C153="","",(COUNTIF(Filter!Q153:S153,"a")+1)) | I153: =IF(Filter!$C153="","",(COUNTIF(Filter!T153:V153,"a")+1)) | J153: =IF(Filter!$C153="","",(COUNTIF(Filter!W153:Z153,"a")+1)) | K153: =IF(Filter!$C153="","",(COUNTIF(Filter!AA153:AD153,"a")+1)) | L153: =IF(Filter!$C153="","",(COUNTIF(Filter!AE153:AI153,"a")+1)) | M153: =IF(Filter!$C153="","",(COUNTIF(Filter!AJ153:AN153,"a")+1)) | N153: =IF(Filter!$C153="","",(COUNTIF(Filter!AO153:AS153,"a")+1)) | O153: =IF(Filter!$C153="","",(COUNTIF(Filter!AT153:AV153,"a")+1)) | P153: =IF(Filter!$C153="","",(COUNTIF(Filter!AW153:AY153,"a")+1)) | Q153: =IF(Filter!$C153="","",(COUNTIF(Filter!AZ153:BA153,"a")+1)) | R153: =IF(Filter!$C153="","",(COUNTIF(Filter!BB153:BD153,"a")+1)) | S153: =IF(Filter!$C153="","",(COUNTIF(Filter!BE153:BG153,"a")+1)) | T153: =IF(Filter!$C153="","",(COUNTIF(Filter!BH153:BJ153,"a")+1)) | U153: =IF(Filter!$C153="","",(COUNTIF(Filter!BK153:BO153,"a")+1)) | V153: =IF(Filter!$C153="","",(COUNTIF(Filter!BP153:BR153,"a")+1)) | W153: =IF(Filter!$C153="","",(COUNTIF(Filter!BS153:BU153,"a")+1)) | X153: =IF(SUM(E153:N153)=0,"",SUM(E153:N153)/51) | Y153: =IF(SUM(O153:W153)=0,"",SUM(O153:W153)/37) | Z153: =IF(SUM(E153:W153)=0,"",SUM(E153:W153)/88) | AA153: =IF(Z153="","",SUM(Z$147:Z$175)/COUNT(Z$147:Z$175))
A154: =IF(ISBLANK(Test!A154),"",(Test!A154)) | B154: =IF(ISBLANK(Test!B154),"",(Test!B154)) | C154: =IF(ISBLANK(Test!C154),"",(Test!C154)) | D154: =IF(ISBLANK(Test!D154),"",(Test!D154)) | E154: =IF(Filter!$C154="","",(COUNTIF(Filter!E154:H154,"a")+1)) | F154: =IF(Filter!$C154="","",(COUNTIF(Filter!I154:L154,"a")+1)) | G154: =IF(Filter!$C154="","",(COUNTIF(Filter!M154:P154,"a")+1)) | H154: =IF(Filter!$C154="","",(COUNTIF(Filter!Q154:S154,"a")+1)) | I154: =IF(Filter!$C154="","",(COUNTIF(Filter!T154:V154,"a")+1)) | J154: =IF(Filter!$C154="","",(COUNTIF(Filter!W154:Z154,"a")+1)) | K154: =IF(Filter!$C154="","",(COUNTIF(Filter!AA154:AD154,"a")+1)) | L154: =IF(Filter!$C154="","",(COUNTIF(Filter!AE154:AI154,"a")+1)) | M154: =IF(Filter!$C154="","",(COUNTIF(Filter!AJ154:AN154,"a")+1)) | N154: =IF(Filter!$C154="","",(COUNTIF(Filter!AO154:AS154,"a")+1)) | O154: =IF(Filter!$C154="","",(COUNTIF(Filter!AT154:AV154,"a")+1)) | P154: =IF(Filter!$C154="","",(COUNTIF(Filter!AW154:AY154,"a")+1)) | Q154: =IF(Filter!$C154="","",(COUNTIF(Filter!AZ154:BA154,"a")+1)) | R154: =IF(Filter!$C154="","",(COUNTIF(Filter!BB154:BD154,"a")+1)) | S154: =IF(Filter!$C154="","",(COUNTIF(Filter!BE154:BG154,"a")+1)) | T154: =IF(Filter!$C154="","",(COUNTIF(Filter!BH154:BJ154,"a")+1)) | U154: =IF(Filter!$C154="","",(COUNTIF(Filter!BK154:BO154,"a")+1)) | V154: =IF(Filter!$C154="","",(COUNTIF(Filter!BP154:BR154,"a")+1)) | W154: =IF(Filter!$C154="","",(COUNTIF(Filter!BS154:BU154,"a")+1)) | X154: =IF(SUM(E154:N154)=0,"",SUM(E154:N154)/51) | Y154: =IF(SUM(O154:W154)=0,"",SUM(O154:W154)/37) | Z154: =IF(SUM(E154:W154)=0,"",SUM(E154:W154)/88) | AA154: =IF(Z154="","",SUM(Z$147:Z$175)/COUNT(Z$147:Z$175))
A155: =IF(ISBLANK(Test!A155),"",(Test!A155)) | B155: =IF(ISBLANK(Test!B155),"",(Test!B155)) | C155: =IF(ISBLANK(Test!C155),"",(Test!C155)) | D155: =IF(ISBLANK(Test!D155),"",(Test!D155)) | E155: =IF(Filter!$C155="","",(COUNTIF(Filter!E155:H155,"a")+1)) | F155: =IF(Filter!$C155="","",(COUNTIF(Filter!I155:L155,"a")+1)) | G155: =IF(Filter!$C155="","",(COUNTIF(Filter!M155:P155,"a")+1)) | H155: =IF(Filter!$C155="","",(COUNTIF(Filter!Q155:S155,"a")+1)) | I155: =IF(Filter!$C155="","",(COUNTIF(Filter!T155:V155,"a")+1)) | J155: =IF(Filter!$C155="","",(COUNTIF(Filter!W155:Z155,"a")+1)) | K155: =IF(Filter!$C155="","",(COUNTIF(Filter!AA155:AD155,"a")+1)) | L155: =IF(Filter!$C155="","",(COUNTIF(Filter!AE155:AI155,"a")+1)) | M155: =IF(Filter!$C155="","",(COUNTIF(Filter!AJ155:AN155,"a")+1)) | N155: =IF(Filter!$C155="","",(COUNTIF(Filter!AO155:AS155,"a")+1)) | O155: =IF(Filter!$C155="","",(COUNTIF(Filter!AT155:AV155,"a")+1)) | P155: =IF(Filter!$C155="","",(COUNTIF(Filter!AW155:AY155,"a")+1)) | Q155: =IF(Filter!$C155="","",(COUNTIF(Filter!AZ155:BA155,"a")+1)) | R155: =IF(Filter!$C155="","",(COUNTIF(Filter!BB155:BD155,"a")+1)) | S155: =IF(Filter!$C155="","",(COUNTIF(Filter!BE155:BG155,"a")+1)) | T155: =IF(Filter!$C155="","",(COUNTIF(Filter!BH155:BJ155,"a")+1)) | U155: =IF(Filter!$C155="","",(COUNTIF(Filter!BK155:BO155,"a")+1)) | V155: =IF(Filter!$C155="","",(COUNTIF(Filter!BP155:BR155,"a")+1)) | W155: =IF(Filter!$C155="","",(COUNTIF(Filter!BS155:BU155,"a")+1)) | X155: =IF(SUM(E155:N155)=0,"",SUM(E155:N155)/51) | Y155: =IF(SUM(O155:W155)=0,"",SUM(O155:W155)/37) | Z155: =IF(SUM(E155:W155)=0,"",SUM(E155:W155)/88) | AA155: =IF(Z155="","",SUM(Z$147:Z$175)/COUNT(Z$147:Z$175))
A156: =IF(ISBLANK(Test!A156),"",(Test!A156)) | B156: =IF(ISBLANK(Test!B156),"",(Test!B156)) | C156: =IF(ISBLANK(Test!C156),"",(Test!C156)) | D156: =IF(ISBLANK(Test!D156),"",(Test!D156)) | E156: =IF(Filter!$C156="","",(COUNTIF(Filter!E156:H156,"a")+1)) | F156: =IF(Filter!$C156="","",(COUNTIF(Filter!I156:L156,"a")+1)) | G156: =IF(Filter!$C156="","",(COUNTIF(Filter!M156:P156,"a")+1)) | H156: =IF(Filter!$C156="","",(COUNTIF(Filter!Q156:S156,"a")+1)) | I156: =IF(Filter!$C156="","",(COUNTIF(Filter!T156:V156,"a")+1)) | J156: =IF(Filter!$C156="","",(COUNTIF(Filter!W156:Z156,"a")+1)) | K156: =IF(Filter!$C156="","",(COUNTIF(Filter!AA156:AD156,"a")+1)) | L156: =IF(Filter!$C156="","",(COUNTIF(Filter!AE156:AI156,"a")+1)) | M156: =IF(Filter!$C156="","",(COUNTIF(Filter!AJ156:AN156,"a")+1)) | N156: =IF(Filter!$C156="","",(COUNTIF(Filter!AO156:AS156,"a")+1)) | O156: =IF(Filter!$C156="","",(COUNTIF(Filter!AT156:AV156,"a")+1)) | P156: =IF(Filter!$C156="","",(COUNTIF(Filter!AW156:AY156,"a")+1)) | Q156: =IF(Filter!$C156="","",(COUNTIF(Filter!AZ156:BA156,"a")+1)) | R156: =IF(Filter!$C156="","",(COUNTIF(Filter!BB156:BD156,"a")+1)) | S156: =IF(Filter!$C156="","",(COUNTIF(Filter!BE156:BG156,"a")+1)) | T156: =IF(Filter!$C156="","",(COUNTIF(Filter!BH156:BJ156,"a")+1)) | U156: =IF(Filter!$C156="","",(COUNTIF(Filter!BK156:BO156,"a")+1)) | V156: =IF(Filter!$C156="","",(COUNTIF(Filter!BP156:BR156,"a")+1)) | W156: =IF(Filter!$C156="","",(COUNTIF(Filter!BS156:BU156,"a")+1)) | X156: =IF(SUM(E156:N156)=0,"",SUM(E156:N156)/51) | Y156: =IF(SUM(O156:W156)=0,"",SUM(O156:W156)/37) | Z156: =IF(SUM(E156:W156)=0,"",SUM(E156:W156)/88) | AA156: =IF(Z156="","",SUM(Z$147:Z$175)/COUNT(Z$147:Z$175))
A157: =IF(ISBLANK(Test!A157),"",(Test!A157)) | B157: =IF(ISBLANK(Test!B157),"",(Test!B157)) | C157: =IF(ISBLANK(Test!C157),"",(Test!C157)) | D157: =IF(ISBLANK(Test!D157),"",(Test!D157)) | E157: =IF(Filter!$C157="","",(COUNTIF(Filter!E157:H157,"a")+1)) | F157: =IF(Filter!$C157="","",(COUNTIF(Filter!I157:L157,"a")+1)) | G157: =IF(Filter!$C157="","",(COUNTIF(Filter!M157:P157,"a")+1)) | H157: =IF(Filter!$C157="","",(COUNTIF(Filter!Q157:S157,"a")+1)) | I157: =IF(Filter!$C157="","",(COUNTIF(Filter!T157:V157,"a")+1)) | J157: =IF(Filter!$C157="","",(COUNTIF(Filter!W157:Z157,"a")+1)) | K157: =IF(Filter!$C157="","",(COUNTIF(Filter!AA157:AD157,"a")+1)) | L157: =IF(Filter!$C157="","",(COUNTIF(Filter!AE157:AI157,"a")+1)) | M157: =IF(Filter!$C157="","",(COUNTIF(Filter!AJ157:AN157,"a")+1)) | N157: =IF(Filter!$C157="","",(COUNTIF(Filter!AO157:AS157,"a")+1)) | O157: =IF(Filter!$C157="","",(COUNTIF(Filter!AT157:AV157,"a")+1)) | P157: =IF(Filter!$C157="","",(COUNTIF(Filter!AW157:AY157,"a")+1)) | Q157: =IF(Filter!$C157="","",(COUNTIF(Filter!AZ157:BA157,"a")+1)) | R157: =IF(Filter!$C157="","",(COUNTIF(Filter!BB157:BD157,"a")+1)) | S157: =IF(Filter!$C157="","",(COUNTIF(Filter!BE157:BG157,"a")+1)) | T157: =IF(Filter!$C157="","",(COUNTIF(Filter!BH157:BJ157,"a")+1)) | U157: =IF(Filter!$C157="","",(COUNTIF(Filter!BK157:BO157,"a")+1)) | V157: =IF(Filter!$C157="","",(COUNTIF(Filter!BP157:BR157,"a")+1)) | W157: =IF(Filter!$C157="","",(COUNTIF(Filter!BS157:BU157,"a")+1)) | X157: =IF(SUM(E157:N157)=0,"",SUM(E157:N157)/51) | Y157: =IF(SUM(O157:W157)=0,"",SUM(O157:W157)/37) | Z157: =IF(SUM(E157:W157)=0,"",SUM(E157:W157)/88) | AA157: =IF(Z157="","",SUM(Z$147:Z$175)/COUNT(Z$147:Z$175))
A158: =IF(ISBLANK(Test!A158),"",(Test!A158)) | B158: =IF(ISBLANK(Test!B158),"",(Test!B158)) | C158: =IF(ISBLANK(Test!C158),"",(Test!C158)) | D158: =IF(ISBLANK(Test!D158),"",(Test!D158)) | E158: =IF(Filter!$C158="","",(COUNTIF(Filter!E158:H158,"a")+1)) | F158: =IF(Filter!$C158="","",(COUNTIF(Filter!I158:L158,"a")+1)) | G158: =IF(Filter!$C158="","",(COUNTIF(Filter!M158:P158,"a")+1)) | H158: =IF(Filter!$C158="","",(COUNTIF(Filter!Q158:S158,"a")+1)) | I158: =IF(Filter!$C158="","",(COUNTIF(Filter!T158:V158,"a")+1)) | J158: =IF(Filter!$C158="","",(COUNTIF(Filter!W158:Z158,"a")+1)) | K158: =IF(Filter!$C158="","",(COUNTIF(Filter!AA158:AD158,"a")+1)) | L158: =IF(Filter!$C158="","",(COUNTIF(Filter!AE158:AI158,"a")+1)) | M158: =IF(Filter!$C158="","",(COUNTIF(Filter!AJ158:AN158,"a")+1)) | N158: =IF(Filter!$C158="","",(COUNTIF(Filter!AO158:AS158,"a")+1)) | O158: =IF(Filter!$C158="","",(COUNTIF(Filter!AT158:AV158,"a")+1)) | P158: =IF(Filter!$C158="","",(COUNTIF(Filter!AW158:AY158,"a")+1)) | Q158: =IF(Filter!$C158="","",(COUNTIF(Filter!AZ158:BA158,"a")+1)) | R158: =IF(Filter!$C158="","",(COUNTIF(Filter!BB158:BD158,"a")+1)) | S158: =IF(Filter!$C158="","",(COUNTIF(Filter!BE158:BG158,"a")+1)) | T158: =IF(Filter!$C158="","",(COUNTIF(Filter!BH158:BJ158,"a")+1)) | U158: =IF(Filter!$C158="","",(COUNTIF(Filter!BK158:BO158,"a")+1)) | V158: =IF(Filter!$C158="","",(COUNTIF(Filter!BP158:BR158,"a")+1)) | W158: =IF(Filter!$C158="","",(COUNTIF(Filter!BS158:BU158,"a")+1)) | X158: =IF(SUM(E158:N158)=0,"",SUM(E158:N158)/51) | Y158: =IF(SUM(O158:W158)=0,"",SUM(O158:W158)/37) | Z158: =IF(SUM(E158:W158)=0,"",SUM(E158:W158)/88) | AA158: =IF(Z158="","",SUM(Z$147:Z$175)/COUNT(Z$147:Z$175))
... A175: =IF(ISBLANK(Test!A175),"",(Test!A175)) | B175: =IF(ISBLANK(Test!B175),"",(Test!B175)) | C175: =IF(ISBLANK(Test!C175),"",(Test!C175)) | D175: =IF(ISBLANK(Test!D175),"",(Test!D175)) | E175: =IF(Filter!$C175="","",(COUNTIF(Filter!E175:H175,"a")+1)) | F175: =IF(Filter!$C175="","",(COUNTIF(Filter!I175:L175,"a")+1)) | G175: =IF(Filter!$C175="","",(COUNTIF(Filter!M175:P175,"a")+1)) | H175: =IF(Filter!$C175="","",(COUNTIF(Filter!Q175:S175,"a")+1)) | I175: =IF(Filter!$C175="","",(COUNTIF(Filter!T175:V175,"a")+1)) | J175: =IF(Filter!$C175="","",(COUNTIF(Filter!W175:Z175,"a")+1)) | K175: =IF(Filter!$C175="","",(COUNTIF(Filter!AA175:AD175,"a")+1)) | L175: =IF(Filter!$C175="","",(COUNTIF(Filter!AE175:AI175,"a")+1)) | M175: =IF(Filter!$C175="","",(COUNTIF(Filter!AJ175:AN175,"a")+1)) | N175: =IF(Filter!$C175="","",(COUNTIF(Filter!AO175:AS175,"a")+1)) | O175: =IF(Filter!$C175="","",(COUNTIF(Filter!AT175:AV175,"a")+1)) | P175: =IF(Filter!$C175="","",(COUNTIF(Filter!AW175:AY175,"a")+1)) | Q175: =IF(Filter!$C175="","",(COUNTIF(Filter!AZ175:BA175,"a")+1)) | R175: =IF(Filter!$C175="","",(COUNTIF(Filter!BB175:BD175,"a")+1)) | S175: =IF(Filter!$C175="","",(COUNTIF(Filter!BE175:BG175,"a")+1)) | T175: =IF(Filter!$C175="","",(COUNTIF(Filter!BH175:BJ175,"a")+1)) | U175: =IF(Filter!$C175="","",(COUNTIF(Filter!BK175:BO175,"a")+1)) | V175: =IF(Filter!$C175="","",(COUNTIF(Filter!BP175:BR175,"a")+1)) | W175: =IF(Filter!$C175="","",(COUNTIF(Filter!BS175:BU175,"a")+1)) | X175: =IF(SUM(E175:N175)=0,"",SUM(E175:N175)/51) | Y175: =IF(SUM(O175:W175)=0,"",SUM(O175:W175)/37) | Z175: =IF(SUM(E175:W175)=0,"",SUM(E175:W175)/88) | AA175: =IF(Z175="","",SUM(Z$147:Z$175)/COUNT(Z$147:Z$175))

Sheet Filter
A1: School Name Here
A2: Class | B2: First Name | C2: Last Name | D2: LEA Student # | E2: Q1 | F2: Q2 | G2: Q3 | H2: Q4 | I2: Q5 | J2: Q6 | K2: Q7 | L2: Q8 | M2: Q9 | N2: Q10 | O2: Q11 | P2: Q12 | Q2: Q13 | R2: Q14 | S2: Q15 | T2: Q16 | U2: Q17 | V2: Q18 | W2: Q19 | X2: Q20 | Y2: Q21 | Z2: Q22 | AA2: Q23 | AB2: Q24 | AC2: Q25 | AD2: Q26 | AE2: Q27 | AF2: Q28 | AG2: Q29 | AH2: Q30 | AI2: Q31 | AJ2: Q32 | AK2: Q33 | AL2: Q34 | AM2: Q35 | AN2: Q36 | AO2: Q37 | AP2: Q38 | AQ2: Q39 | AR2: Q40 | AS2: Q41 | AT2: Q42 | AU2: Q43 | AV2: Q44 | AW2: Q45 | AX2: Q46 | AY2: Q47 | AZ2: Q48 | BA2: Q49 | BB2: Q50 | BC2: Q51 | BD2: Q52 | BE2: Q53 | BF2: Q54 | BG2: Q55 | BH2: Q56 | BI2: Q57 | BJ2: Q58 | BK2: Q59 | BL2: Q60 | BM2: Q61 | BN2: Q62 | BO2: Q63 | BP2: Q64 | BQ2: Q65 | BR2: Q66 | BS2: Q67 | BT2: Q68 | BU2: Q69
A3: =IF(ISBLANK(Test!A3),"",(Test!A3)) -> Teacher1 | B3: =IF(ISBLANK(Test!B3),"",(Test!B3)) | C3: =IF(ISBLANK(Test!C3),"",(Test!C3)) | D3: =IF(ISBLANK(Test!D3),"",(Test!D3)) | E3: =IF(ISBLANK(Test!E3),"",Test!E3) | F3: =IF(Filter!E3="a",Test!F3,"") | G3: =IF(Filter!F3="a",Test!G3,"") | H3: =IF(Filter!G3="a",Test!H3,"") | I3: =IF(ISBLANK(Test!I3),"",Test!I3) | J3: =IF(Filter!I3="a",Test!J3,"") | K3: =IF(Filter!J3="a",Test!K3,"") | L3: =IF(Filter!K3="a",Test!L3,"") | M3: =IF(ISBLANK(Test!M3),"",Test!M3) | N3: =IF(Filter!M3="a",Test!N3,"") | O3: =IF(Filter!N3="a",Test!O3,"") | P3: =IF(Filter!O3="a",Test!P3,"") | Q3: =IF(ISBLANK(Test!Q3),"",Test!Q3) | R3: =IF(Filter!Q3="a",Test!R3,"") | S3: =IF(Filter!R3="a",Test!S3,"") | T3: =IF(ISBLANK(Test!T3),"",Test!T3) | U3: =IF(Filter!T3="a",Test!U3,"") | V3: =IF(Filter!U3="a",Test!V3,"") | W3: =IF(ISBLANK(Test!W3),"",Test!W3) | X3: =IF(Filter!W3="a",Test!X3,"") | Y3: =IF(Filter!X3="a",Test!Y3,"") | Z3: =IF(Filter!Y3="a",Test!Z3,"") | AA3: =IF(ISBLANK(Test!AA3),"",Test!AA3) | AB3: =IF(Filter!AA3="a",Test!AB3,"") | AC3: =IF(Filter!AB3="a",Test!AC3,"") | AD3: =IF(Filter!AC3="a",Test!AD3,"") | AE3: =IF(ISBLANK(Test!AE3),"",Test!AE3) | AF3: =IF(Filter!AE3="a",Test!AF3,"") | AG3: =IF(Filter!AF3="a",Test!AG3,"") | AH3: =IF(Filter!AG3="a",Test!AH3,"") | AI3: =IF(Filter!AH3="a",Test!AI3,"") | AJ3: =IF(ISBLANK(Test!AJ3),"",Test!AJ3) | AK3: =IF(Filter!AJ3="a",Test!AK3,"") | AL3: =IF(Filter!AK3="a",Test!AL3,"") | AM3: =IF(Filter!AL3="a",Test!AM3,"") | AN3: =IF(Filter!AM3="a",Test!AN3,"") | AO3: =IF(ISBLANK(Test!AO3),"",Test!AO3) | AP3: =IF(Filter!AO3="a",Test!AP3,"") | AQ3: =IF(Filter!AP3="a",Test!AQ3,"") | AR3: =IF(Filter!AQ3="a",Test!AR3,"") | AS3: =IF(Filter!AR3="a",Test!AS3,"") | AT3: =IF(ISBLANK(Test!AT3),"",Test!AT3) | AU3: =IF(Filter!AT3="a",Test!AU3,"") | AV3: =IF(Filter!AU3="a",Test!AV3,"") | AW3: =IF(ISBLANK(Test!AW3),"",Test!AW3) | AX3: =IF(Filter!AW3="a",Test!AX3,"") | AY3: =IF(Filter!AX3="a",Test!AY3,"") | AZ3: =IF(ISBLANK(Test!AZ3),"",Test!AZ3) | BA3: =IF(Filter!AZ3="a",Test!BA3,"") | BB3: =IF(ISBLANK(Test!BB3),"",Test!BB3) | BC3: =IF(Filter!BB3="a",Test!BC3,"") | BD3: =IF(Filter!BC3="a",Test!BD3,"") | BE3: =IF(ISBLANK(Test!BE3),"",Test!BE3) | BF3: =IF(Filter!BE3="a",Test!BF3,"") | BG3: =IF(Filter!BF3="a",Test!BG3,"") | BH3: =IF(ISBLANK(Test!BH3),"",Test!BH3) | BI3: =IF(Filter!BH3="a",Test!BI3,"") | BJ3: =IF(Filter!BI3="a",Test!BJ3,"") | BK3: =IF(ISBLANK(Test!BK3),"",Test!BK3) | BL3: =IF(Filter!BK3="a",Test!BL3,"") | BM3: =IF(Filter!BL3="a",Test!BM3,"") | BN3: =IF(Filter!BM3="a",Test!BN3,"") | BO3: =IF(Filter!BN3="a",Test!BO3,"") | BP3: =IF(ISBLANK(Test!BP3),"",Test!BP3) | BQ3: =IF(Filter!BP3="a",Test!BQ3,"") | BR3: =IF(Filter!BQ3="a",Test!BR3,"") | BS3: =IF(ISBLANK(Test!BS3),"",Test!BS3) | BT3: =IF(Filter!BS3="a",Test!BT3,"") | BU3: =IF(Filter!BT3="a",Test!BU3,"")
A4: =IF(ISBLANK(Test!A4),"",(Test!A4)) | B4: =IF(ISBLANK(Test!B4),"",(Test!B4)) | C4: =IF(ISBLANK(Test!C4),"",(Test!C4)) | D4: =IF(ISBLANK(Test!D4),"",(Test!D4)) | E4: =IF(ISBLANK(Test!E4),"",Test!E4) | F4: =IF(Filter!E4="a",Test!F4,"") | G4: =IF(Filter!F4="a",Test!G4,"") | H4: =IF(Filter!G4="a",Test!H4,"") | I4: =IF(ISBLANK(Test!I4),"",Test!I4) | J4: =IF(Filter!I4="a",Test!J4,"") | K4: =IF(Filter!J4="a",Test!K4,"") | L4: =IF(Filter!K4="a",Test!L4,"") | M4: =IF(ISBLANK(Test!M4),"",Test!M4) | N4: =IF(Filter!M4="a",Test!N4,"") | O4: =IF(Filter!N4="a",Test!O4,"") | P4: =IF(Filter!O4="a",Test!P4,"") | Q4: =IF(ISBLANK(Test!Q4),"",Test!Q4) | R4: =IF(Filter!Q4="a",Test!R4,"") | S4: =IF(Filter!R4="a",Test!S4,"") | T4: =IF(ISBLANK(Test!T4),"",Test!T4) | U4: =IF(Filter!T4="a",Test!U4,"") | V4: =IF(Filter!U4="a",Test!V4,"") | W4: =IF(ISBLANK(Test!W4),"",Test!W4) | X4: =IF(Filter!W4="a",Test!X4,"") | Y4: =IF(Filter!X4="a",Test!Y4,"") | Z4: =IF(Filter!Y4="a",Test!Z4,"") | AA4: =IF(ISBLANK(Test!AA4),"",Test!AA4) | AB4: =IF(Filter!AA4="a",Test!AB4,"") | AC4: =IF(Filter!AB4="a",Test!AC4,"") | AD4: =IF(Filter!AC4="a",Test!AD4,"") | AE4: =IF(ISBLANK(Test!AE4),"",Test!AE4) | AF4: =IF(Filter!AE4="a",Test!AF4,"") | AG4: =IF(Filter!AF4="a",Test!AG4,"") | AH4: =IF(Filter!AG4="a",Test!AH4,"") | AI4: =IF(Filter!AH4="a",Test!AI4,"") | AJ4: =IF(ISBLANK(Test!AJ4),"",Test!AJ4) | AK4: =IF(Filter!AJ4="a",Test!AK4,"") | AL4: =IF(Filter!AK4="a",Test!AL4,"") | AM4: =IF(Filter!AL4="a",Test!AM4,"") | AN4: =IF(Filter!AM4="a",Test!AN4,"") | AO4: =IF(ISBLANK(Test!AO4),"",Test!AO4) | AP4: =IF(Filter!AO4="a",Test!AP4,"") | AQ4: =IF(Filter!AP4="a",Test!AQ4,"") | AR4: =IF(Filter!AQ4="a",Test!AR4,"") | AS4: =IF(Filter!AR4="a",Test!AS4,"") | AT4: =IF(ISBLANK(Test!AT4),"",Test!AT4) | AU4: =IF(Filter!AT4="a",Test!AU4,"") | AV4: =IF(Filter!AU4="a",Test!AV4,"") | AW4: =IF(ISBLANK(Test!AW4),"",Test!AW4) | AX4: =IF(Filter!AW4="a",Test!AX4,"") | AY4: =IF(Filter!AX4="a",Test!AY4,"") | AZ4: =IF(ISBLANK(Test!AZ4),"",Test!AZ4) | BA4: =IF(Filter!AZ4="a",Test!BA4,"") | BB4: =IF(ISBLANK(Test!BB4),"",Test!BB4) | BC4: =IF(Filter!BB4="a",Test!BC4,"") | BD4: =IF(Filter!BC4="a",Test!BD4,"") | BE4: =IF(ISBLANK(Test!BE4),"",Test!BE4) | BF4: =IF(Filter!BE4="a",Test!BF4,"") | BG4: =IF(Filter!BF4="a",Test!BG4,"") | BH4: =IF(ISBLANK(Test!BH4),"",Test!BH4) | BI4: =IF(Filter!BH4="a",Test!BI4,"") | BJ4: =IF(Filter!BI4="a",Test!BJ4,"") | BK4: =IF(ISBLANK(Test!BK4),"",Test!BK4) | BL4: =IF(Filter!BK4="a",Test!BL4,"") | BM4: =IF(Filter!BL4="a",Test!BM4,"") | BN4: =IF(Filter!BM4="a",Test!BN4,"") | BO4: =IF(Filter!BN4="a",Test!BO4,"") | BP4: =IF(ISBLANK(Test!BP4),"",Test!BP4) | BQ4: =IF(Filter!BP4="a",Test!BQ4,"") | BR4: =IF(Filter!BQ4="a",Test!BR4,"") | BS4: =IF(ISBLANK(Test!BS4),"",Test!BS4) | BT4: =IF(Filter!BS4="a",Test!BT4,"") | BU4: =IF(Filter!BT4="a",Test!BU4,"")
A5: =IF(ISBLANK(Test!A5),"",(Test!A5)) | B5: =IF(ISBLANK(Test!B5),"",(Test!B5)) | C5: =IF(ISBLANK(Test!C5),"",(Test!C5)) | D5: =IF(ISBLANK(Test!D5),"",(Test!D5)) | E5: =IF(ISBLANK(Test!E5),"",Test!E5) | F5: =IF(Filter!E5="a",Test!F5,"") | G5: =IF(Filter!F5="a",Test!G5,"") | H5: =IF(Filter!G5="a",Test!H5,"") | I5: =IF(ISBLANK(Test!I5),"",Test!I5) | J5: =IF(Filter!I5="a",Test!J5,"") | K5: =IF(Filter!J5="a",Test!K5,"") | L5: =IF(Filter!K5="a",Test!L5,"") | M5: =IF(ISBLANK(Test!M5),"",Test!M5) | N5: =IF(Filter!M5="a",Test!N5,"") | O5: =IF(Filter!N5="a",Test!O5,"") | P5: =IF(Filter!O5="a",Test!P5,"") | Q5: =IF(ISBLANK(Test!Q5),"",Test!Q5) | R5: =IF(Filter!Q5="a",Test!R5,"") | S5: =IF(Filter!R5="a",Test!S5,"") | T5: =IF(ISBLANK(Test!T5),"",Test!T5) | U5: =IF(Filter!T5="a",Test!U5,"") | V5: =IF(Filter!U5="a",Test!V5,"") | W5: =IF(ISBLANK(Test!W5),"",Test!W5) | X5: =IF(Filter!W5="a",Test!X5,"") | Y5: =IF(Filter!X5="a",Test!Y5,"") | Z5: =IF(Filter!Y5="a",Test!Z5,"") | AA5: =IF(ISBLANK(Test!AA5),"",Test!AA5) | AB5: =IF(Filter!AA5="a",Test!AB5,"") | AC5: =IF(Filter!AB5="a",Test!AC5,"") | AD5: =IF(Filter!AC5="a",Test!AD5,"") | AE5: =IF(ISBLANK(Test!AE5),"",Test!AE5) | AF5: =IF(Filter!AE5="a",Test!AF5,"") | AG5: =IF(Filter!AF5="a",Test!AG5,"") | AH5: =IF(Filter!AG5="a",Test!AH5,"") | AI5: =IF(Filter!AH5="a",Test!AI5,"") | AJ5: =IF(ISBLANK(Test!AJ5),"",Test!AJ5) | AK5: =IF(Filter!AJ5="a",Test!AK5,"") | AL5: =IF(Filter!AK5="a",Test!AL5,"") | AM5: =IF(Filter!AL5="a",Test!AM5,"") | AN5: =IF(Filter!AM5="a",Test!AN5,"") | AO5: =IF(ISBLANK(Test!AO5),"",Test!AO5) | AP5: =IF(Filter!AO5="a",Test!AP5,"") | AQ5: =IF(Filter!AP5="a",Test!AQ5,"") | AR5: =IF(Filter!AQ5="a",Test!AR5,"") | AS5: =IF(Filter!AR5="a",Test!AS5,"") | AT5: =IF(ISBLANK(Test!AT5),"",Test!AT5) | AU5: =IF(Filter!AT5="a",Test!AU5,"") | AV5: =IF(Filter!AU5="a",Test!AV5,"") | AW5: =IF(ISBLANK(Test!AW5),"",Test!AW5) | AX5: =IF(Filter!AW5="a",Test!AX5,"") | AY5: =IF(Filter!AX5="a",Test!AY5,"") | AZ5: =IF(ISBLANK(Test!AZ5),"",Test!AZ5) | BA5: =IF(Filter!AZ5="a",Test!BA5,"") | BB5: =IF(ISBLANK(Test!BB5),"",Test!BB5) | BC5: =IF(Filter!BB5="a",Test!BC5,"") | BD5: =IF(Filter!BC5="a",Test!BD5,"") | BE5: =IF(ISBLANK(Test!BE5),"",Test!BE5) | BF5: =IF(Filter!BE5="a",Test!BF5,"") | BG5: =IF(Filter!BF5="a",Test!BG5,"") | BH5: =IF(ISBLANK(Test!BH5),"",Test!BH5) | BI5: =IF(Filter!BH5="a",Test!BI5,"") | BJ5: =IF(Filter!BI5="a",Test!BJ5,"") | BK5: =IF(ISBLANK(Test!BK5),"",Test!BK5) | BL5: =IF(Filter!BK5="a",Test!BL5,"") | BM5: =IF(Filter!BL5="a",Test!BM5,"") | BN5: =IF(Filter!BM5="a",Test!BN5,"") | BO5: =IF(Filter!BN5="a",Test!BO5,"") | BP5: =IF(ISBLANK(Test!BP5),"",Test!BP5) | BQ5: =IF(Filter!BP5="a",Test!BQ5,"") | BR5: =IF(Filter!BQ5="a",Test!BR5,"") | BS5: =IF(ISBLANK(Test!BS5),"",Test!BS5) | BT5: =IF(Filter!BS5="a",Test!BT5,"") | BU5: =IF(Filter!BT5="a",Test!BU5,"")
A6: =IF(ISBLANK(Test!A6),"",(Test!A6)) | B6: =IF(ISBLANK(Test!B6),"",(Test!B6)) | C6: =IF(ISBLANK(Test!C6),"",(Test!C6)) | D6: =IF(ISBLANK(Test!D6),"",(Test!D6)) | E6: =IF(ISBLANK(Test!E6),"",Test!E6) | F6: =IF(Filter!E6="a",Test!F6,"") | G6: =IF(Filter!F6="a",Test!G6,"") | H6: =IF(Filter!G6="a",Test!H6,"") | I6: =IF(ISBLANK(Test!I6),"",Test!I6) | J6: =IF(Filter!I6="a",Test!J6,"") | K6: =IF(Filter!J6="a",Test!K6,"") | L6: =IF(Filter!K6="a",Test!L6,"") | M6: =IF(ISBLANK(Test!M6),"",Test!M6) | N6: =IF(Filter!M6="a",Test!N6,"") | O6: =IF(Filter!N6="a",Test!O6,"") | P6: =IF(Filter!O6="a",Test!P6,"") | Q6: =IF(ISBLANK(Test!Q6),"",Test!Q6) | R6: =IF(Filter!Q6="a",Test!R6,"") | S6: =IF(Filter!R6="a",Test!S6,"") | T6: =IF(ISBLANK(Test!T6),"",Test!T6) | U6: =IF(Filter!T6="a",Test!U6,"") | V6: =IF(Filter!U6="a",Test!V6,"") | W6: =IF(ISBLANK(Test!W6),"",Test!W6) | X6: =IF(Filter!W6="a",Test!X6,"") | Y6: =IF(Filter!X6="a",Test!Y6,"") | Z6: =IF(Filter!Y6="a",Test!Z6,"") | AA6: =IF(ISBLANK(Test!AA6),"",Test!AA6) | AB6: =IF(Filter!AA6="a",Test!AB6,"") | AC6: =IF(Filter!AB6="a",Test!AC6,"") | AD6: =IF(Filter!AC6="a",Test!AD6,"") | AE6: =IF(ISBLANK(Test!AE6),"",Test!AE6) | AF6: =IF(Filter!AE6="a",Test!AF6,"") | AG6: =IF(Filter!AF6="a",Test!AG6,"") | AH6: =IF(Filter!AG6="a",Test!AH6,"") | AI6: =IF(Filter!AH6="a",Test!AI6,"") | AJ6: =IF(ISBLANK(Test!AJ6),"",Test!AJ6) | AK6: =IF(Filter!AJ6="a",Test!AK6,"") | AL6: =IF(Filter!AK6="a",Test!AL6,"") | AM6: =IF(Filter!AL6="a",Test!AM6,"") | AN6: =IF(Filter!AM6="a",Test!AN6,"") | AO6: =IF(ISBLANK(Test!AO6),"",Test!AO6) | AP6: =IF(Filter!AO6="a",Test!AP6,"") | AQ6: =IF(Filter!AP6="a",Test!AQ6,"") | AR6: =IF(Filter!AQ6="a",Test!AR6,"") | AS6: =IF(Filter!AR6="a",Test!AS6,"") | AT6: =IF(ISBLANK(Test!AT6),"",Test!AT6) | AU6: =IF(Filter!AT6="a",Test!AU6,"") | AV6: =IF(Filter!AU6="a",Test!AV6,"") | AW6: =IF(ISBLANK(Test!AW6),"",Test!AW6) | AX6: =IF(Filter!AW6="a",Test!AX6,"") | AY6: =IF(Filter!AX6="a",Test!AY6,"") | AZ6: =IF(ISBLANK(Test!AZ6),"",Test!AZ6) | BA6: =IF(Filter!AZ6="a",Test!BA6,"") | BB6: =IF(ISBLANK(Test!BB6),"",Test!BB6) | BC6: =IF(Filter!BB6="a",Test!BC6,"") | BD6: =IF(Filter!BC6="a",Test!BD6,"") | BE6: =IF(ISBLANK(Test!BE6),"",Test!BE6) | BF6: =IF(Filter!BE6="a",Test!BF6,"") | BG6: =IF(Filter!BF6="a",Test!BG6,"") | BH6: =IF(ISBLANK(Test!BH6),"",Test!BH6) | BI6: =IF(Filter!BH6="a",Test!BI6,"") | BJ6: =IF(Filter!BI6="a",Test!BJ6,"") | BK6: =IF(ISBLANK(Test!BK6),"",Test!BK6) | BL6: =IF(Filter!BK6="a",Test!BL6,"") | BM6: =IF(Filter!BL6="a",Test!BM6,"") | BN6: =IF(Filter!BM6="a",Test!BN6,"") | BO6: =IF(Filter!BN6="a",Test!BO6,"") | BP6: =IF(ISBLANK(Test!BP6),"",Test!BP6) | BQ6: =IF(Filter!BP6="a",Test!BQ6,"") | BR6: =IF(Filter!BQ6="a",Test!BR6,"") | BS6: =IF(ISBLANK(Test!BS6),"",Test!BS6) | BT6: =IF(Filter!BS6="a",Test!BT6,"") | BU6: =IF(Filter!BT6="a",Test!BU6,"")
A7: =IF(ISBLANK(Test!A7),"",(Test!A7)) | B7: =IF(ISBLANK(Test!B7),"",(Test!B7)) | C7: =IF(ISBLANK(Test!C7),"",(Test!C7)) | D7: =IF(ISBLANK(Test!D7),"",(Test!D7)) | E7: =IF(ISBLANK(Test!E7),"",Test!E7) | F7: =IF(Filter!E7="a",Test!F7,"") | G7: =IF(Filter!F7="a",Test!G7,"") | H7: =IF(Filter!G7="a",Test!H7,"") | I7: =IF(ISBLANK(Test!I7),"",Test!I7) | J7: =IF(Filter!I7="a",Test!J7,"") | K7: =IF(Filter!J7="a",Test!K7,"") | L7: =IF(Filter!K7="a",Test!L7,"") | M7: =IF(ISBLANK(Test!M7),"",Test!M7) | N7: =IF(Filter!M7="a",Test!N7,"") | O7: =IF(Filter!N7="a",Test!O7,"") | P7: =IF(Filter!O7="a",Test!P7,"") | Q7: =IF(ISBLANK(Test!Q7),"",Test!Q7) | R7: =IF(Filter!Q7="a",Test!R7,"") | S7: =IF(Filter!R7="a",Test!S7,"") | T7: =IF(ISBLANK(Test!T7),"",Test!T7) | U7: =IF(Filter!T7="a",Test!U7,"") | V7: =IF(Filter!U7="a",Test!V7,"") | W7: =IF(ISBLANK(Test!W7),"",Test!W7) | X7: =IF(Filter!W7="a",Test!X7,"") | Y7: =IF(Filter!X7="a",Test!Y7,"") | Z7: =IF(Filter!Y7="a",Test!Z7,"") | AA7: =IF(ISBLANK(Test!AA7),"",Test!AA7) | AB7: =IF(Filter!AA7="a",Test!AB7,"") | AC7: =IF(Filter!AB7="a",Test!AC7,"") | AD7: =IF(Filter!AC7="a",Test!AD7,"") | AE7: =IF(ISBLANK(Test!AE7),"",Test!AE7) | AF7: =IF(Filter!AE7="a",Test!AF7,"") | AG7: =IF(Filter!AF7="a",Test!AG7,"") | AH7: =IF(Filter!AG7="a",Test!AH7,"") | AI7: =IF(Filter!AH7="a",Test!AI7,"") | AJ7: =IF(ISBLANK(Test!AJ7),"",Test!AJ7) | AK7: =IF(Filter!AJ7="a",Test!AK7,"") | AL7: =IF(Filter!AK7="a",Test!AL7,"") | AM7: =IF(Filter!AL7="a",Test!AM7,"") | AN7: =IF(Filter!AM7="a",Test!AN7,"") | AO7: =IF(ISBLANK(Test!AO7),"",Test!AO7) | AP7: =IF(Filter!AO7="a",Test!AP7,"") | AQ7: =IF(Filter!AP7="a",Test!AQ7,"") | AR7: =IF(Filter!AQ7="a",Test!AR7,"") | AS7: =IF(Filter!AR7="a",Test!AS7,"") | AT7: =IF(ISBLANK(Test!AT7),"",Test!AT7) | AU7: =IF(Filter!AT7="a",Test!AU7,"") | AV7: =IF(Filter!AU7="a",Test!AV7,"") | AW7: =IF(ISBLANK(Test!AW7),"",Test!AW7) | AX7: =IF(Filter!AW7="a",Test!AX7,"") | AY7: =IF(Filter!AX7="a",Test!AY7,"") | AZ7: =IF(ISBLANK(Test!AZ7),"",Test!AZ7) | BA7: =IF(Filter!AZ7="a",Test!BA7,"") | BB7: =IF(ISBLANK(Test!BB7),"",Test!BB7) | BC7: =IF(Filter!BB7="a",Test!BC7,"") | BD7: =IF(Filter!BC7="a",Test!BD7,"") | BE7: =IF(ISBLANK(Test!BE7),"",Test!BE7) | BF7: =IF(Filter!BE7="a",Test!BF7,"") | BG7: =IF(Filter!BF7="a",Test!BG7,"") | BH7: =IF(ISBLANK(Test!BH7),"",Test!BH7) | BI7: =IF(Filter!BH7="a",Test!BI7,"") | BJ7: =IF(Filter!BI7="a",Test!BJ7,"") | BK7: =IF(ISBLANK(Test!BK7),"",Test!BK7) | BL7: =IF(Filter!BK7="a",Test!BL7,"") | BM7: =IF(Filter!BL7="a",Test!BM7,"") | BN7: =IF(Filter!BM7="a",Test!BN7,"") | BO7: =IF(Filter!BN7="a",Test!BO7,"") | BP7: =IF(ISBLANK(Test!BP7),"",Test!BP7) | BQ7: =IF(Filter!BP7="a",Test!BQ7,"") | BR7: =IF(Filter!BQ7="a",Test!BR7,"") | BS7: =IF(ISBLANK(Test!BS7),"",Test!BS7) | BT7: =IF(Filter!BS7="a",Test!BT7,"") | BU7: =IF(Filter!BT7="a",Test!BU7,"")
A8: =IF(ISBLANK(Test!A8),"",(Test!A8)) | B8: =IF(ISBLANK(Test!B8),"",(Test!B8)) | C8: =IF(ISBLANK(Test!C8),"",(Test!C8)) | D8: =IF(ISBLANK(Test!D8),"",(Test!D8)) | E8: =IF(ISBLANK(Test!E8),"",Test!E8) | F8: =IF(Filter!E8="a",Test!F8,"") | G8: =IF(Filter!F8="a",Test!G8,"") | H8: =IF(Filter!G8="a",Test!H8,"") | I8: =IF(ISBLANK(Test!I8),"",Test!I8) | J8: =IF(Filter!I8="a",Test!J8,"") | K8: =IF(Filter!J8="a",Test!K8,"") | L8: =IF(Filter!K8="a",Test!L8,"") | M8: =IF(ISBLANK(Test!M8),"",Test!M8) | N8: =IF(Filter!M8="a",Test!N8,"") | O8: =IF(Filter!N8="a",Test!O8,"") | P8: =IF(Filter!O8="a",Test!P8,"") | Q8: =IF(ISBLANK(Test!Q8),"",Test!Q8) | R8: =IF(Filter!Q8="a",Test!R8,"") | S8: =IF(Filter!R8="a",Test!S8,"") | T8: =IF(ISBLANK(Test!T8),"",Test!T8) | U8: =IF(Filter!T8="a",Test!U8,"") | V8: =IF(Filter!U8="a",Test!V8,"") | W8: =IF(ISBLANK(Test!W8),"",Test!W8) | X8: =IF(Filter!W8="a",Test!X8,"") | Y8: =IF(Filter!X8="a",Test!Y8,"") | Z8: =IF(Filter!Y8="a",Test!Z8,"") | AA8: =IF(ISBLANK(Test!AA8),"",Test!AA8) | AB8: =IF(Filter!AA8="a",Test!AB8,"") | AC8: =IF(Filter!AB8="a",Test!AC8,"") | AD8: =IF(Filter!AC8="a",Test!AD8,"") | AE8: =IF(ISBLANK(Test!AE8),"",Test!AE8) | AF8: =IF(Filter!AE8="a",Test!AF8,"") | AG8: =IF(Filter!AF8="a",Test!AG8,"") | AH8: =IF(Filter!AG8="a",Test!AH8,"") | AI8: =IF(Filter!AH8="a",Test!AI8,"") | AJ8: =IF(ISBLANK(Test!AJ8),"",Test!AJ8) | AK8: =IF(Filter!AJ8="a",Test!AK8,"") | AL8: =IF(Filter!AK8="a",Test!AL8,"") | AM8: =IF(Filter!AL8="a",Test!AM8,"") | AN8: =IF(Filter!AM8="a",Test!AN8,"") | AO8: =IF(ISBLANK(Test!AO8),"",Test!AO8) | AP8: =IF(Filter!AO8="a",Test!AP8,"") | AQ8: =IF(Filter!AP8="a",Test!AQ8,"") | AR8: =IF(Filter!AQ8="a",Test!AR8,"") | AS8: =IF(Filter!AR8="a",Test!AS8,"") | AT8: =IF(ISBLANK(Test!AT8),"",Test!AT8) | AU8: =IF(Filter!AT8="a",Test!AU8,"") | AV8: =IF(Filter!AU8="a",Test!AV8,"") | AW8: =IF(ISBLANK(Test!AW8),"",Test!AW8) | AX8: =IF(Filter!AW8="a",Test!AX8,"") | AY8: =IF(Filter!AX8="a",Test!AY8,"") | AZ8: =IF(ISBLANK(Test!AZ8),"",Test!AZ8) | BA8: =IF(Filter!AZ8="a",Test!BA8,"") | BB8: =IF(ISBLANK(Test!BB8),"",Test!BB8) | BC8: =IF(Filter!BB8="a",Test!BC8,"") | BD8: =IF(Filter!BC8="a",Test!BD8,"") | BE8: =IF(ISBLANK(Test!BE8),"",Test!BE8) | BF8: =IF(Filter!BE8="a",Test!BF8,"") | BG8: =IF(Filter!BF8="a",Test!BG8,"") | BH8: =IF(ISBLANK(Test!BH8),"",Test!BH8) | BI8: =IF(Filter!BH8="a",Test!BI8,"") | BJ8: =IF(Filter!BI8="a",Test!BJ8,"") | BK8: =IF(ISBLANK(Test!BK8),"",Test!BK8) | BL8: =IF(Filter!BK8="a",Test!BL8,"") | BM8: =IF(Filter!BL8="a",Test!BM8,"") | BN8: =IF(Filter!BM8="a",Test!BN8,"") | BO8: =IF(Filter!BN8="a",Test!BO8,"") | BP8: =IF(ISBLANK(Test!BP8),"",Test!BP8) | BQ8: =IF(Filter!BP8="a",Test!BQ8,"") | BR8: =IF(Filter!BQ8="a",Test!BR8,"") | BS8: =IF(ISBLANK(Test!BS8),"",Test!BS8) | BT8: =IF(Filter!BS8="a",Test!BT8,"") | BU8: =IF(Filter!BT8="a",Test!BU8,"")
A9: =IF(ISBLANK(Test!A9),"",(Test!A9)) | B9: =IF(ISBLANK(Test!B9),"",(Test!B9)) | C9: =IF(ISBLANK(Test!C9),"",(Test!C9)) | D9: =IF(ISBLANK(Test!D9),"",(Test!D9)) | E9: =IF(ISBLANK(Test!E9),"",Test!E9) | F9: =IF(Filter!E9="a",Test!F9,"") | G9: =IF(Filter!F9="a",Test!G9,"") | H9: =IF(Filter!G9="a",Test!H9,"") | I9: =IF(ISBLANK(Test!I9),"",Test!I9) | J9: =IF(Filter!I9="a",Test!J9,"") | K9: =IF(Filter!J9="a",Test!K9,"") | L9: =IF(Filter!K9="a",Test!L9,"") | M9: =IF(ISBLANK(Test!M9),"",Test!M9) | N9: =IF(Filter!M9="a",Test!N9,"") | O9: =IF(Filter!N9="a",Test!O9,"") | P9: =IF(Filter!O9="a",Test!P9,"") | Q9: =IF(ISBLANK(Test!Q9),"",Test!Q9) | R9: =IF(Filter!Q9="a",Test!R9,"") | S9: =IF(Filter!R9="a",Test!S9,"") | T9: =IF(ISBLANK(Test!T9),"",Test!T9) | U9: =IF(Filter!T9="a",Test!U9,"") | V9: =IF(Filter!U9="a",Test!V9,"") | W9: =IF(ISBLANK(Test!W9),"",Test!W9) | X9: =IF(Filter!W9="a",Test!X9,"") | Y9: =IF(Filter!X9="a",Test!Y9,"") | Z9: =IF(Filter!Y9="a",Test!Z9,"") | AA9: =IF(ISBLANK(Test!AA9),"",Test!AA9) | AB9: =IF(Filter!AA9="a",Test!AB9,"") | AC9: =IF(Filter!AB9="a",Test!AC9,"") | AD9: =IF(Filter!AC9="a",Test!AD9,"") | AE9: =IF(ISBLANK(Test!AE9),"",Test!AE9) | AF9: =IF(Filter!AE9="a",Test!AF9,"") | AG9: =IF(Filter!AF9="a",Test!AG9,"") | AH9: =IF(Filter!AG9="a",Test!AH9,"") | AI9: =IF(Filter!AH9="a",Test!AI9,"") | AJ9: =IF(ISBLANK(Test!AJ9),"",Test!AJ9) | AK9: =IF(Filter!AJ9="a",Test!AK9,"") | AL9: =IF(Filter!AK9="a",Test!AL9,"") | AM9: =IF(Filter!AL9="a",Test!AM9,"") | AN9: =IF(Filter!AM9="a",Test!AN9,"") | AO9: =IF(ISBLANK(Test!AO9),"",Test!AO9) | AP9: =IF(Filter!AO9="a",Test!AP9,"") | AQ9: =IF(Filter!AP9="a",Test!AQ9,"") | AR9: =IF(Filter!AQ9="a",Test!AR9,"") | AS9: =IF(Filter!AR9="a",Test!AS9,"") | AT9: =IF(ISBLANK(Test!AT9),"",Test!AT9) | AU9: =IF(Filter!AT9="a",Test!AU9,"") | AV9: =IF(Filter!AU9="a",Test!AV9,"") | AW9: =IF(ISBLANK(Test!AW9),"",Test!AW9) | AX9: =IF(Filter!AW9="a",Test!AX9,"") | AY9: =IF(Filter!AX9="a",Test!AY9,"") | AZ9: =IF(ISBLANK(Test!AZ9),"",Test!AZ9) | BA9: =IF(Filter!AZ9="a",Test!BA9,"") | BB9: =IF(ISBLANK(Test!BB9),"",Test!BB9) | BC9: =IF(Filter!BB9="a",Test!BC9,"") | BD9: =IF(Filter!BC9="a",Test!BD9,"") | BE9: =IF(ISBLANK(Test!BE9),"",Test!BE9) | BF9: =IF(Filter!BE9="a",Test!BF9,"") | BG9: =IF(Filter!BF9="a",Test!BG9,"") | BH9: =IF(ISBLANK(Test!BH9),"",Test!BH9) | BI9: =IF(Filter!BH9="a",Test!BI9,"") | BJ9: =IF(Filter!BI9="a",Test!BJ9,"") | BK9: =IF(ISBLANK(Test!BK9),"",Test!BK9) | BL9: =IF(Filter!BK9="a",Test!BL9,"") | BM9: =IF(Filter!BL9="a",Test!BM9,"") | BN9: =IF(Filter!BM9="a",Test!BN9,"") | BO9: =IF(Filter!BN9="a",Test!BO9,"") | BP9: =IF(ISBLANK(Test!BP9),"",Test!BP9) | BQ9: =IF(Filter!BP9="a",Test!BQ9,"") | BR9: =IF(Filter!BQ9="a",Test!BR9,"") | BS9: =IF(ISBLANK(Test!BS9),"",Test!BS9) | BT9: =IF(Filter!BS9="a",Test!BT9,"") | BU9: =IF(Filter!BT9="a",Test!BU9,"")
A10: =IF(ISBLANK(Test!A10),"",(Test!A10)) | B10: =IF(ISBLANK(Test!B10),"",(Test!B10)) | C10: =IF(ISBLANK(Test!C10),"",(Test!C10)) | D10: =IF(ISBLANK(Test!D10),"",(Test!D10)) | E10: =IF(ISBLANK(Test!E10),"",Test!E10) | F10: =IF(Filter!E10="a",Test!F10,"") | G10: =IF(Filter!F10="a",Test!G10,"") | H10: =IF(Filter!G10="a",Test!H10,"") | I10: =IF(ISBLANK(Test!I10),"",Test!I10) | J10: =IF(Filter!I10="a",Test!J10,"") | K10: =IF(Filter!J10="a",Test!K10,"") | L10: =IF(Filter!K10="a",Test!L10,"") | M10: =IF(ISBLANK(Test!M10),"",Test!M10) | N10: =IF(Filter!M10="a",Test!N10,"") | O10: =IF(Filter!N10="a",Test!O10,"") | P10: =IF(Filter!O10="a",Test!P10,"") | Q10: =IF(ISBLANK(Test!Q10),"",Test!Q10) | R10: =IF(Filter!Q10="a",Test!R10,"") | S10: =IF(Filter!R10="a",Test!S10,"") | T10: =IF(ISBLANK(Test!T10),"",Test!T10) | U10: =IF(Filter!T10="a",Test!U10,"") | V10: =IF(Filter!U10="a",Test!V10,"") | W10: =IF(ISBLANK(Test!W10),"",Test!W10) | X10: =IF(Filter!W10="a",Test!X10,"") | Y10: =IF(Filter!X10="a",Test!Y10,"") | Z10: =IF(Filter!Y10="a",Test!Z10,"") | AA10: =IF(ISBLANK(Test!AA10),"",Test!AA10) | AB10: =IF(Filter!AA10="a",Test!AB10,"") | AC10: =IF(Filter!AB10="a",Test!AC10,"") | AD10: =IF(Filter!AC10="a",Test!AD10,"") | AE10: =IF(ISBLANK(Test!AE10),"",Test!AE10) | AF10: =IF(Filter!AE10="a",Test!AF10,"") | AG10: =IF(Filter!AF10="a",Test!AG10,"") | AH10: =IF(Filter!AG10="a",Test!AH10,"") | AI10: =IF(Filter!AH10="a",Test!AI10,"") | AJ10: =IF(ISBLANK(Test!AJ10),"",Test!AJ10) | AK10: =IF(Filter!AJ10="a",Test!AK10,"") | AL10: =IF(Filter!AK10="a",Test!AL10,"") | AM10: =IF(Filter!AL10="a",Test!AM10,"") | AN10: =IF(Filter!AM10="a",Test!AN10,"") | AO10: =IF(ISBLANK(Test!AO10),"",Test!AO10) | AP10: =IF(Filter!AO10="a",Test!AP10,"") | AQ10: =IF(Filter!AP10="a",Test!AQ10,"") | AR10: =IF(Filter!AQ10="a",Test!AR10,"") | AS10: =IF(Filter!AR10="a",Test!AS10,"") | AT10: =IF(ISBLANK(Test!AT10),"",Test!AT10) | AU10: =IF(Filter!AT10="a",Test!AU10,"") | AV10: =IF(Filter!AU10="a",Test!AV10,"") | AW10: =IF(ISBLANK(Test!AW10),"",Test!AW10) | AX10: =IF(Filter!AW10="a",Test!AX10,"") | AY10: =IF(Filter!AX10="a",Test!AY10,"") | AZ10: =IF(ISBLANK(Test!AZ10),"",Test!AZ10) | BA10: =IF(Filter!AZ10="a",Test!BA10,"") | BB10: =IF(ISBLANK(Test!BB10),"",Test!BB10) | BC10: =IF(Filter!BB10="a",Test!BC10,"") | BD10: =IF(Filter!BC10="a",Test!BD10,"") | BE10: =IF(ISBLANK(Test!BE10),"",Test!BE10) | BF10: =IF(Filter!BE10="a",Test!BF10,"") | BG10: =IF(Filter!BF10="a",Test!BG10,"") | BH10: =IF(ISBLANK(Test!BH10),"",Test!BH10) | BI10: =IF(Filter!BH10="a",Test!BI10,"") | BJ10: =IF(Filter!BI10="a",Test!BJ10,"") | BK10: =IF(ISBLANK(Test!BK10),"",Test!BK10) | BL10: =IF(Filter!BK10="a",Test!BL10,"") | BM10: =IF(Filter!BL10="a",Test!BM10,"") | BN10: =IF(Filter!BM10="a",Test!BN10,"") | BO10: =IF(Filter!BN10="a",Test!BO10,"") | BP10: =IF(ISBLANK(Test!BP10),"",Test!BP10) | BQ10: =IF(Filter!BP10="a",Test!BQ10,"") | BR10: =IF(Filter!BQ10="a",Test!BR10,"") | BS10: =IF(ISBLANK(Test!BS10),"",Test!BS10) | BT10: =IF(Filter!BS10="a",Test!BT10,"") | BU10: =IF(Filter!BT10="a",Test!BU10,"")
A11: =IF(ISBLANK(Test!A11),"",(Test!A11)) | B11: =IF(ISBLANK(Test!B11),"",(Test!B11)) | C11: =IF(ISBLANK(Test!C11),"",(Test!C11)) | D11: =IF(ISBLANK(Test!D11),"",(Test!D11)) | E11: =IF(ISBLANK(Test!E11),"",Test!E11) | F11: =IF(Filter!E11="a",Test!F11,"") | G11: =IF(Filter!F11="a",Test!G11,"") | H11: =IF(Filter!G11="a",Test!H11,"") | I11: =IF(ISBLANK(Test!I11),"",Test!I11) | J11: =IF(Filter!I11="a",Test!J11,"") | K11: =IF(Filter!J11="a",Test!K11,"") | L11: =IF(Filter!K11="a",Test!L11,"") | M11: =IF(ISBLANK(Test!M11),"",Test!M11) | N11: =IF(Filter!M11="a",Test!N11,"") | O11: =IF(Filter!N11="a",Test!O11,"") | P11: =IF(Filter!O11="a",Test!P11,"") | Q11: =IF(ISBLANK(Test!Q11),"",Test!Q11) | R11: =IF(Filter!Q11="a",Test!R11,"") | S11: =IF(Filter!R11="a",Test!S11,"") | T11: =IF(ISBLANK(Test!T11),"",Test!T11) | U11: =IF(Filter!T11="a",Test!U11,"") | V11: =IF(Filter!U11="a",Test!V11,"") | W11: =IF(ISBLANK(Test!W11),"",Test!W11) | X11: =IF(Filter!W11="a",Test!X11,"") | Y11: =IF(Filter!X11="a",Test!Y11,"") | Z11: =IF(Filter!Y11="a",Test!Z11,"") | AA11: =IF(ISBLANK(Test!AA11),"",Test!AA11) | AB11: =IF(Filter!AA11="a",Test!AB11,"") | AC11: =IF(Filter!AB11="a",Test!AC11,"") | AD11: =IF(Filter!AC11="a",Test!AD11,"") | AE11: =IF(ISBLANK(Test!AE11),"",Test!AE11) | AF11: =IF(Filter!AE11="a",Test!AF11,"") | AG11: =IF(Filter!AF11="a",Test!AG11,"") | AH11: =IF(Filter!AG11="a",Test!AH11,"") | AI11: =IF(Filter!AH11="a",Test!AI11,"") | AJ11: =IF(ISBLANK(Test!AJ11),"",Test!AJ11) | AK11: =IF(Filter!AJ11="a",Test!AK11,"") | AL11: =IF(Filter!AK11="a",Test!AL11,"") | AM11: =IF(Filter!AL11="a",Test!AM11,"") | AN11: =IF(Filter!AM11="a",Test!AN11,"") | AO11: =IF(ISBLANK(Test!AO11),"",Test!AO11) | AP11: =IF(Filter!AO11="a",Test!AP11,"") | AQ11: =IF(Filter!AP11="a",Test!AQ11,"") | AR11: =IF(Filter!AQ11="a",Test!AR11,"") | AS11: =IF(Filter!AR11="a",Test!AS11,"") | AT11: =IF(ISBLANK(Test!AT11),"",Test!AT11) | AU11: =IF(Filter!AT11="a",Test!AU11,"") | AV11: =IF(Filter!AU11="a",Test!AV11,"") | AW11: =IF(ISBLANK(Test!AW11),"",Test!AW11) | AX11: =IF(Filter!AW11="a",Test!AX11,"") | AY11: =IF(Filter!AX11="a",Test!AY11,"") | AZ11: =IF(ISBLANK(Test!AZ11),"",Test!AZ11) | BA11: =IF(Filter!AZ11="a",Test!BA11,"") | BB11: =IF(ISBLANK(Test!BB11),"",Test!BB11) | BC11: =IF(Filter!BB11="a",Test!BC11,"") | BD11: =IF(Filter!BC11="a",Test!BD11,"") | BE11: =IF(ISBLANK(Test!BE11),"",Test!BE11) | BF11: =IF(Filter!BE11="a",Test!BF11,"") | BG11: =IF(Filter!BF11="a",Test!BG11,"") | BH11: =IF(ISBLANK(Test!BH11),"",Test!BH11) | BI11: =IF(Filter!BH11="a",Test!BI11,"") | BJ11: =IF(Filter!BI11="a",Test!BJ11,"") | BK11: =IF(ISBLANK(Test!BK11),"",Test!BK11) | BL11: =IF(Filter!BK11="a",Test!BL11,"") | BM11: =IF(Filter!BL11="a",Test!BM11,"") | BN11: =IF(Filter!BM11="a",Test!BN11,"") | BO11: =IF(Filter!BN11="a",Test!BO11,"") | BP11: =IF(ISBLANK(Test!BP11),"",Test!BP11) | BQ11: =IF(Filter!BP11="a",Test!BQ11,"") | BR11: =IF(Filter!BQ11="a",Test!BR11,"") | BS11: =IF(ISBLANK(Test!BS11),"",Test!BS11) | BT11: =IF(Filter!BS11="a",Test!BT11,"") | BU11: =IF(Filter!BT11="a",Test!BU11,"")
A12: =IF(ISBLANK(Test!A12),"",(Test!A12)) | B12: =IF(ISBLANK(Test!B12),"",(Test!B12)) | C12: =IF(ISBLANK(Test!C12),"",(Test!C12)) | D12: =IF(ISBLANK(Test!D12),"",(Test!D12)) | E12: =IF(ISBLANK(Test!E12),"",Test!E12) | F12: =IF(Filter!E12="a",Test!F12,"") | G12: =IF(Filter!F12="a",Test!G12,"") | H12: =IF(Filter!G12="a",Test!H12,"") | I12: =IF(ISBLANK(Test!I12),"",Test!I12) | J12: =IF(Filter!I12="a",Test!J12,"") | K12: =IF(Filter!J12="a",Test!K12,"") | L12: =IF(Filter!K12="a",Test!L12,"") | M12: =IF(ISBLANK(Test!M12),"",Test!M12) | N12: =IF(Filter!M12="a",Test!N12,"") | O12: =IF(Filter!N12="a",Test!O12,"") | P12: =IF(Filter!O12="a",Test!P12,"") | Q12: =IF(ISBLANK(Test!Q12),"",Test!Q12) | R12: =IF(Filter!Q12="a",Test!R12,"") | S12: =IF(Filter!R12="a",Test!S12,"") | T12: =IF(ISBLANK(Test!T12),"",Test!T12) | U12: =IF(Filter!T12="a",Test!U12,"") | V12: =IF(Filter!U12="a",Test!V12,"") | W12: =IF(ISBLANK(Test!W12),"",Test!W12) | X12: =IF(Filter!W12="a",Test!X12,"") | Y12: =IF(Filter!X12="a",Test!Y12,"") | Z12: =IF(Filter!Y12="a",Test!Z12,"") | AA12: =IF(ISBLANK(Test!AA12),"",Test!AA12) | AB12: =IF(Filter!AA12="a",Test!AB12,"") | AC12: =IF(Filter!AB12="a",Test!AC12,"") | AD12: =IF(Filter!AC12="a",Test!AD12,"") | AE12: =IF(ISBLANK(Test!AE12),"",Test!AE12) | AF12: =IF(Filter!AE12="a",Test!AF12,"") | AG12: =IF(Filter!AF12="a",Test!AG12,"") | AH12: =IF(Filter!AG12="a",Test!AH12,"") | AI12: =IF(Filter!AH12="a",Test!AI12,"") | AJ12: =IF(ISBLANK(Test!AJ12),"",Test!AJ12) | AK12: =IF(Filter!AJ12="a",Test!AK12,"") | AL12: =IF(Filter!AK12="a",Test!AL12,"") | AM12: =IF(Filter!AL12="a",Test!AM12,"") | AN12: =IF(Filter!AM12="a",Test!AN12,"") | AO12: =IF(ISBLANK(Test!AO12),"",Test!AO12) | AP12: =IF(Filter!AO12="a",Test!AP12,"") | AQ12: =IF(Filter!AP12="a",Test!AQ12,"") | AR12: =IF(Filter!AQ12="a",Test!AR12,"") | AS12: =IF(Filter!AR12="a",Test!AS12,"") | AT12: =IF(ISBLANK(Test!AT12),"",Test!AT12) | AU12: =IF(Filter!AT12="a",Test!AU12,"") | AV12: =IF(Filter!AU12="a",Test!AV12,"") | AW12: =IF(ISBLANK(Test!AW12),"",Test!AW12) | AX12: =IF(Filter!AW12="a",Test!AX12,"") | AY12: =IF(Filter!AX12="a",Test!AY12,"") | AZ12: =IF(ISBLANK(Test!AZ12),"",Test!AZ12) | BA12: =IF(Filter!AZ12="a",Test!BA12,"") | BB12: =IF(ISBLANK(Test!BB12),"",Test!BB12) | BC12: =IF(Filter!BB12="a",Test!BC12,"") | BD12: =IF(Filter!BC12="a",Test!BD12,"") | BE12: =IF(ISBLANK(Test!BE12),"",Test!BE12) | BF12: =IF(Filter!BE12="a",Test!BF12,"") | BG12: =IF(Filter!BF12="a",Test!BG12,"") | BH12: =IF(ISBLANK(Test!BH12),"",Test!BH12) | BI12: =IF(Filter!BH12="a",Test!BI12,"") | BJ12: =IF(Filter!BI12="a",Test!BJ12,"") | BK12: =IF(ISBLANK(Test!BK12),"",Test!BK12) | BL12: =IF(Filter!BK12="a",Test!BL12,"") | BM12: =IF(Filter!BL12="a",Test!BM12,"") | BN12: =IF(Filter!BM12="a",Test!BN12,"") | BO12: =IF(Filter!BN12="a",Test!BO12,"") | BP12: =IF(ISBLANK(Test!BP12),"",Test!BP12) | BQ12: =IF(Filter!BP12="a",Test!BQ12,"") | BR12: =IF(Filter!BQ12="a",Test!BR12,"") | BS12: =IF(ISBLANK(Test!BS12),"",Test!BS12) | BT12: =IF(Filter!BS12="a",Test!BT12,"") | BU12: =IF(Filter!BT12="a",Test!BU12,"")
A13: =IF(ISBLANK(Test!A13),"",(Test!A13)) | B13: =IF(ISBLANK(Test!B13),"",(Test!B13)) | C13: =IF(ISBLANK(Test!C13),"",(Test!C13)) | D13: =IF(ISBLANK(Test!D13),"",(Test!D13)) | E13: =IF(ISBLANK(Test!E13),"",Test!E13) | F13: =IF(Filter!E13="a",Test!F13,"") | G13: =IF(Filter!F13="a",Test!G13,"") | H13: =IF(Filter!G13="a",Test!H13,"") | I13: =IF(ISBLANK(Test!I13),"",Test!I13) | J13: =IF(Filter!I13="a",Test!J13,"") | K13: =IF(Filter!J13="a",Test!K13,"") | L13: =IF(Filter!K13="a",Test!L13,"") | M13: =IF(ISBLANK(Test!M13),"",Test!M13) | N13: =IF(Filter!M13="a",Test!N13,"") | O13: =IF(Filter!N13="a",Test!O13,"") | P13: =IF(Filter!O13="a",Test!P13,"") | Q13: =IF(ISBLANK(Test!Q13),"",Test!Q13) | R13: =IF(Filter!Q13="a",Test!R13,"") | S13: =IF(Filter!R13="a",Test!S13,"") | T13: =IF(ISBLANK(Test!T13),"",Test!T13) | U13: =IF(Filter!T13="a",Test!U13,"") | V13: =IF(Filter!U13="a",Test!V13,"") | W13: =IF(ISBLANK(Test!W13),"",Test!W13) | X13: =IF(Filter!W13="a",Test!X13,"") | Y13: =IF(Filter!X13="a",Test!Y13,"") | Z13: =IF(Filter!Y13="a",Test!Z13,"") | AA13: =IF(ISBLANK(Test!AA13),"",Test!AA13) | AB13: =IF(Filter!AA13="a",Test!AB13,"") | AC13: =IF(Filter!AB13="a",Test!AC13,"") | AD13: =IF(Filter!AC13="a",Test!AD13,"") | AE13: =IF(ISBLANK(Test!AE13),"",Test!AE13) | AF13: =IF(Filter!AE13="a",Test!AF13,"") | AG13: =IF(Filter!AF13="a",Test!AG13,"") | AH13: =IF(Filter!AG13="a",Test!AH13,"") | AI13: =IF(Filter!AH13="a",Test!AI13,"") | AJ13: =IF(ISBLANK(Test!AJ13),"",Test!AJ13) | AK13: =IF(Filter!AJ13="a",Test!AK13,"") | AL13: =IF(Filter!AK13="a",Test!AL13,"") | AM13: =IF(Filter!AL13="a",Test!AM13,"") | AN13: =IF(Filter!AM13="a",Test!AN13,"") | AO13: =IF(ISBLANK(Test!AO13),"",Test!AO13) | AP13: =IF(Filter!AO13="a",Test!AP13,"") | AQ13: =IF(Filter!AP13="a",Test!AQ13,"") | AR13: =IF(Filter!AQ13="a",Test!AR13,"") | AS13: =IF(Filter!AR13="a",Test!AS13,"") | AT13: =IF(ISBLANK(Test!AT13),"",Test!AT13) | AU13: =IF(Filter!AT13="a",Test!AU13,"") | AV13: =IF(Filter!AU13="a",Test!AV13,"") | AW13: =IF(ISBLANK(Test!AW13),"",Test!AW13) | AX13: =IF(Filter!AW13="a",Test!AX13,"") | AY13: =IF(Filter!AX13="a",Test!AY13,"") | AZ13: =IF(ISBLANK(Test!AZ13),"",Test!AZ13) | BA13: =IF(Filter!AZ13="a",Test!BA13,"") | BB13: =IF(ISBLANK(Test!BB13),"",Test!BB13) | BC13: =IF(Filter!BB13="a",Test!BC13,"") | BD13: =IF(Filter!BC13="a",Test!BD13,"") | BE13: =IF(ISBLANK(Test!BE13),"",Test!BE13) | BF13: =IF(Filter!BE13="a",Test!BF13,"") | BG13: =IF(Filter!BF13="a",Test!BG13,"") | BH13: =IF(ISBLANK(Test!BH13),"",Test!BH13) | BI13: =IF(Filter!BH13="a",Test!BI13,"") | BJ13: =IF(Filter!BI13="a",Test!BJ13,"") | BK13: =IF(ISBLANK(Test!BK13),"",Test!BK13) | BL13: =IF(Filter!BK13="a",Test!BL13,"") | BM13: =IF(Filter!BL13="a",Test!BM13,"") | BN13: =IF(Filter!BM13="a",Test!BN13,"") | BO13: =IF(Filter!BN13="a",Test!BO13,"") | BP13: =IF(ISBLANK(Test!BP13),"",Test!BP13) | BQ13: =IF(Filter!BP13="a",Test!BQ13,"") | BR13: =IF(Filter!BQ13="a",Test!BR13,"") | BS13: =IF(ISBLANK(Test!BS13),"",Test!BS13) | BT13: =IF(Filter!BS13="a",Test!BT13,"") | BU13: =IF(Filter!BT13="a",Test!BU13,"")
A14: =IF(ISBLANK(Test!A14),"",(Test!A14)) | B14: =IF(ISBLANK(Test!B14),"",(Test!B14)) | C14: =IF(ISBLANK(Test!C14),"",(Test!C14)) | D14: =IF(ISBLANK(Test!D14),"",(Test!D14)) | E14: =IF(ISBLANK(Test!E14),"",Test!E14) | F14: =IF(Filter!E14="a",Test!F14,"") | G14: =IF(Filter!F14="a",Test!G14,"") | H14: =IF(Filter!G14="a",Test!H14,"") | I14: =IF(ISBLANK(Test!I14),"",Test!I14) | J14: =IF(Filter!I14="a",Test!J14,"") | K14: =IF(Filter!J14="a",Test!K14,"") | L14: =IF(Filter!K14="a",Test!L14,"") | M14: =IF(ISBLANK(Test!M14),"",Test!M14) | N14: =IF(Filter!M14="a",Test!N14,"") | O14: =IF(Filter!N14="a",Test!O14,"") | P14: =IF(Filter!O14="a",Test!P14,"") | Q14: =IF(ISBLANK(Test!Q14),"",Test!Q14) | R14: =IF(Filter!Q14="a",Test!R14,"") | S14: =IF(Filter!R14="a",Test!S14,"") | T14: =IF(ISBLANK(Test!T14),"",Test!T14) | U14: =IF(Filter!T14="a",Test!U14,"") | V14: =IF(Filter!U14="a",Test!V14,"") | W14: =IF(ISBLANK(Test!W14),"",Test!W14) | X14: =IF(Filter!W14="a",Test!X14,"") | Y14: =IF(Filter!X14="a",Test!Y14,"") | Z14: =IF(Filter!Y14="a",Test!Z14,"") | AA14: =IF(ISBLANK(Test!AA14),"",Test!AA14) | AB14: =IF(Filter!AA14="a",Test!AB14,"") | AC14: =IF(Filter!AB14="a",Test!AC14,"") | AD14: =IF(Filter!AC14="a",Test!AD14,"") | AE14: =IF(ISBLANK(Test!AE14),"",Test!AE14) | AF14: =IF(Filter!AE14="a",Test!AF14,"") | AG14: =IF(Filter!AF14="a",Test!AG14,"") | AH14: =IF(Filter!AG14="a",Test!AH14,"") | AI14: =IF(Filter!AH14="a",Test!AI14,"") | AJ14: =IF(ISBLANK(Test!AJ14),"",Test!AJ14) | AK14: =IF(Filter!AJ14="a",Test!AK14,"") | AL14: =IF(Filter!AK14="a",Test!AL14,"") | AM14: =IF(Filter!AL14="a",Test!AM14,"") | AN14: =IF(Filter!AM14="a",Test!AN14,"") | AO14: =IF(ISBLANK(Test!AO14),"",Test!AO14) | AP14: =IF(Filter!AO14="a",Test!AP14,"") | AQ14: =IF(Filter!AP14="a",Test!AQ14,"") | AR14: =IF(Filter!AQ14="a",Test!AR14,"") | AS14: =IF(Filter!AR14="a",Test!AS14,"") | AT14: =IF(ISBLANK(Test!AT14),"",Test!AT14) | AU14: =IF(Filter!AT14="a",Test!AU14,"") | AV14: =IF(Filter!AU14="a",Test!AV14,"") | AW14: =IF(ISBLANK(Test!AW14),"",Test!AW14) | AX14: =IF(Filter!AW14="a",Test!AX14,"") | AY14: =IF(Filter!AX14="a",Test!AY14,"") | AZ14: =IF(ISBLANK(Test!AZ14),"",Test!AZ14) | BA14: =IF(Filter!AZ14="a",Test!BA14,"") | BB14: =IF(ISBLANK(Test!BB14),"",Test!BB14) | BC14: =IF(Filter!BB14="a",Test!BC14,"") | BD14: =IF(Filter!BC14="a",Test!BD14,"") | BE14: =IF(ISBLANK(Test!BE14),"",Test!BE14) | BF14: =IF(Filter!BE14="a",Test!BF14,"") | BG14: =IF(Filter!BF14="a",Test!BG14,"") | BH14: =IF(ISBLANK(Test!BH14),"",Test!BH14) | BI14: =IF(Filter!BH14="a",Test!BI14,"") | BJ14: =IF(Filter!BI14="a",Test!BJ14,"") | BK14: =IF(ISBLANK(Test!BK14),"",Test!BK14) | BL14: =IF(Filter!BK14="a",Test!BL14,"") | BM14: =IF(Filter!BL14="a",Test!BM14,"") | BN14: =IF(Filter!BM14="a",Test!BN14,"") | BO14: =IF(Filter!BN14="a",Test!BO14,"") | BP14: =IF(ISBLANK(Test!BP14),"",Test!BP14) | BQ14: =IF(Filter!BP14="a",Test!BQ14,"") | BR14: =IF(Filter!BQ14="a",Test!BR14,"") | BS14: =IF(ISBLANK(Test!BS14),"",Test!BS14) | BT14: =IF(Filter!BS14="a",Test!BT14,"") | BU14: =IF(Filter!BT14="a",Test!BU14,"")
... A175: =IF(ISBLANK(Test!A175),"",(Test!A175)) | B175: =IF(ISBLANK(Test!B175),"",(Test!B175)) | C175: =IF(ISBLANK(Test!C175),"",(Test!C175)) | D175: =IF(ISBLANK(Test!D175),"",(Test!D175)) | E175: =IF(ISBLANK(Test!E175),"",Test!E175) | F175: =IF(Filter!E175="a",Test!F175,"") | G175: =IF(Filter!F175="a",Test!G175,"") | H175: =IF(Filter!G175="a",Test!H175,"") | I175: =IF(ISBLANK(Test!I175),"",Test!I175) | J175: =IF(Filter!I175="a",Test!J175,"") | K175: =IF(Filter!J175="a",Test!K175,"") | L175: =IF(Filter!K175="a",Test!L175,"") | M175: =IF(ISBLANK(Test!M175),"",Test!M175) | N175: =IF(Filter!M175="a",Test!N175,"") | O175: =IF(Filter!N175="a",Test!O175,"") | P175: =IF(Filter!O175="a",Test!P175,"") | Q175: =IF(ISBLANK(Test!Q175),"",Test!Q175) | R175: =IF(Filter!Q175="a",Test!R175,"") | S175: =IF(Filter!R175="a",Test!S175,"") | T175: =IF(ISBLANK(Test!T175),"",Test!T175) | U175: =IF(Filter!T175="a",Test!U175,"") | V175: =IF(Filter!U175="a",Test!V175,"") | W175: =IF(ISBLANK(Test!W175),"",Test!W175) | X175: =IF(Filter!W175="a",Test!X175,"") | Y175: =IF(Filter!X175="a",Test!Y175,"") | Z175: =IF(Filter!Y175="a",Test!Z175,"") | AA175: =IF(ISBLANK(Test!AA175),"",Test!AA175) | AB175: =IF(Filter!AA175="a",Test!AB175,"") | AC175: =IF(Filter!AB175="a",Test!AC175,"") | AD175: =IF(Filter!AC175="a",Test!AD175,"") | AE175: =IF(ISBLANK(Test!AE175),"",Test!AE175) | AF175: =IF(Filter!AE175="a",Test!AF175,"") | AG175: =IF(Filter!AF175="a",Test!AG175,"") | AH175: =IF(Filter!AG175="a",Test!AH175,"") | AI175: =IF(Filter!AH175="a",Test!AI175,"") | AJ175: =IF(ISBLANK(Test!AJ175),"",Test!AJ175) | AK175: =IF(Filter!AJ175="a",Test!AK175,"") | AL175: =IF(Filter!AK175="a",Test!AL175,"") | AM175: =IF(Filter!AL175="a",Test!AM175,"") | AN175: =IF(Filter!AM175="a",Test!AN175,"") | AO175: =IF(ISBLANK(Test!AO175),"",Test!AO175) | AP175: =IF(Filter!AO175="a",Test!AP175,"") | AQ175: =IF(Filter!AP175="a",Test!AQ175,"") | AR175: =IF(Filter!AQ175="a",Test!AR175,"") | AS175: =IF(Filter!AR175="a",Test!AS175,"") | AT175: =IF(ISBLANK(Test!AT175),"",Test!AT175) | AU175: =IF(Filter!AT175="a",Test!AU175,"") | AV175: =IF(Filter!AU175="a",Test!AV175,"") | AW175: =IF(ISBLANK(Test!AW175),"",Test!AW175) | AX175: =IF(Filter!AW175="a",Test!AX175,"") | AY175: =IF(Filter!AX175="a",Test!AY175,"") | AZ175: =IF(ISBLANK(Test!AZ175),"",Test!AZ175) | BA175: =IF(Filter!AZ175="a",Test!BA175,"") | BB175: =IF(ISBLANK(Test!BB175),"",Test!BB175) | BC175: =IF(Filter!BB175="a",Test!BC175,"") | BD175: =IF(Filter!BC175="a",Test!BD175,"") | BE175: =IF(ISBLANK(Test!BE175),"",Test!BE175) | BF175: =IF(Filter!BE175="a",Test!BF175,"") | BG175: =IF(Filter!BF175="a",Test!BG175,"") | BH175: =IF(ISBLANK(Test!BH175),"",Test!BH175) | BI175: =IF(Filter!BH175="a",Test!BI175,"") | BJ175: =IF(Filter!BI175="a",Test!BJ175,"") | BK175: =IF(ISBLANK(Test!BK175),"",Test!BK175) | BL175: =IF(Filter!BK175="a",Test!BL175,"") | BM175: =IF(Filter!BL175="a",Test!BM175,"") | BN175: =IF(Filter!BM175="a",Test!BN175,"") | BO175: =IF(Filter!BN175="a",Test!BO175,"") | BP175: =IF(ISBLANK(Test!BP175),"",Test!BP175) | BQ175: =IF(Filter!BP175="a",Test!BQ175,"") | BR175: =IF(Filter!BQ175="a",Test!BR175,"") | BS175: =IF(ISBLANK(Test!BS175),"",Test!BS175) | BT175: =IF(Filter!BS175="a",Test!BT175,"") | BU175: =IF(Filter!BT175="a",Test!BU175,"")
E176: =IF(ISBLANK(Test!E176),"",Test!E176) | F176: =IF(Filter!E176="a",Test!F176,"") | G176: =IF(Filter!F176="a",Test!G176,"") | H176: =IF(Filter!G176="a",Test!H176,"") | I176: =IF(ISBLANK(Test!I176),"",Test!I176) | J176: =IF(Filter!I176="a",Test!J176,"") | K176: =IF(Filter!J176="a",Test!K176,"") | L176: =IF(Filter!K176="a",Test!L176,"") | M176: =IF(ISBLANK(Test!M176),"",Test!M176) | N176: =IF(Filter!M176="a",Test!N176,"") | O176: =IF(Filter!N176="a",Test!O176,"") | P176: =IF(Filter!O176="a",Test!P176,"") | Q176: =IF(ISBLANK(Test!Q176),"",Test!Q176) | R176: =IF(Filter!Q176="a",Test!R176,"") | S176: =IF(Filter!R176="a",Test!S176,"") | T176: =IF(ISBLANK(Test!T176),"",Test!T176) | U176: =IF(Filter!T176="a",Test!U176,"") | V176: =IF(Filter!U176="a",Test!V176,"") | W176: =IF(ISBLANK(Test!W176),"",Test!W176) | X176: =IF(Filter!W176="a",Test!X176,"") | Y176: =IF(Filter!X176="a",Test!Y176,"") | Z176: =IF(Filter!Y176="a",Test!Z176,"") | AA176: =IF(ISBLANK(Test!AA176),"",Test!AA176) | AB176: =IF(Filter!AA176="a",Test!AB176,"") | AC176: =IF(Filter!AB176="a",Test!AC176,"") | AD176: =IF(Filter!AC176="a",Test!AD176,"") | AE176: =IF(ISBLANK(Test!AE176),"",Test!AE176) | AF176: =IF(Filter!AE176="a",Test!AF176,"") | AG176: =IF(Filter!AF176="a",Test!AG176,"") | AH176: =IF(Filter!AG176="a",Test!AH176,"") | AI176: =IF(Filter!AH176="a",Test!AI176,"") | AJ176: =IF(ISBLANK(Test!AJ176),"",Test!AJ176) | AK176: =IF(Filter!AJ176="a",Test!AK176,"") | AL176: =IF(Filter!AK176="a",Test!AL176,"") | AM176: =IF(Filter!AL176="a",Test!AM176,"") | AN176: =IF(Filter!AM176="a",Test!AN176,"") | AO176: =IF(ISBLANK(Test!AO176),"",Test!AO176) | AP176: =IF(Filter!AO176="a",Test!AP176,"") | AQ176: =IF(Filter!AP176="a",Test!AQ176,"") | AR176: =IF(Filter!AQ176="a",Test!AR176,"") | AS176: =IF(Filter!AR176="a",Test!AS176,"") | AT176: =IF(ISBLANK(Test!AT176),"",Test!AT176) | AU176: =IF(Filter!AT176="a",Test!AU176,"") | AV176: =IF(Filter!AU176="a",Test!AV176,"") | AW176: =IF(ISBLANK(Test!AW176),"",Test!AW176) | AX176: =IF(Filter!AW176="a",Test!AX176,"") | AY176: =IF(Filter!AX176="a",Test!AY176,"") | AZ176: =IF(ISBLANK(Test!AZ176),"",Test!AZ176) | BA176: =IF(Filter!AZ176="a",Test!BA176,"") | BB176: =IF(ISBLANK(Test!BB176),"",Test!BB176) | BC176: =IF(Filter!BB176="a",Test!BC176,"") | BD176: =IF(Filter!BC176="a",Test!BD176,"") | BE176: =IF(ISBLANK(Test!BE176),"",Test!BE176) | BF176: =IF(Filter!BE176="a",Test!BF176,"") | BG176: =IF(Filter!BF176="a",Test!BG176,"") | BH176: =IF(ISBLANK(Test!BH176),"",Test!BH176) | BI176: =IF(Filter!BH176="a",Test!BI176,"") | BJ176: =IF(Filter!BI176="a",Test!BJ176,"") | BK176: =IF(ISBLANK(Test!BK176),"",Test!BK176) | BL176: =IF(Filter!BK176="a",Test!BL176,"") | BM176: =IF(Filter!BL176="a",Test!BM176,"") | BN176: =IF(Filter!BM176="a",Test!BN176,"") | BO176: =IF(Filter!BN176="a",Test!BO176,"") | BP176: =IF(ISBLANK(Test!BP176),"",Test!BP176) | BQ176: =IF(Filter!BP176="a",Test!BQ176,"") | BR176: =IF(Filter!BQ176="a",Test!BR176,"") | BS176: =IF(ISBLANK(Test!BS176),"",Test!BS176) | BT176: =IF(Filter!BS176="a",Test!BT176,"") | BU176: =IF(Filter!BT176="a",Test!BU176,"")
E177: =IF(ISBLANK(Test!E177),"",Test!E177) | F177: =IF(Filter!E177="a",Test!F177,"") | G177: =IF(Filter!F177="a",Test!G177,"") | H177: =IF(Filter!G177="a",Test!H177,"") | I177: =IF(ISBLANK(Test!I177),"",Test!I177) | J177: =IF(Filter!I177="a",Test!J177,"") | K177: =IF(Filter!J177="a",Test!K177,"") | L177: =IF(Filter!K177="a",Test!L177,"") | M177: =IF(ISBLANK(Test!M177),"",Test!M177) | N177: =IF(Filter!M177="a",Test!N177,"") | O177: =IF(Filter!N177="a",Test!O177,"") | P177: =IF(Filter!O177="a",Test!P177,"") | Q177: =IF(ISBLANK(Test!Q177),"",Test!Q177) | R177: =IF(Filter!Q177="a",Test!R177,"") | S177: =IF(Filter!R177="a",Test!S177,"") | T177: =IF(ISBLANK(Test!T177),"",Test!T177) | U177: =IF(Filter!T177="a",Test!U177,"") | V177: =IF(Filter!U177="a",Test!V177,"") | W177: =IF(ISBLANK(Test!W177),"",Test!W177) | X177: =IF(Filter!W177="a",Test!X177,"") | Y177: =IF(Filter!X177="a",Test!Y177,"") | Z177: =IF(Filter!Y177="a",Test!Z177,"") | AA177: =IF(ISBLANK(Test!AA177),"",Test!AA177) | AB177: =IF(Filter!AA177="a",Test!AB177,"") | AC177: =IF(Filter!AB177="a",Test!AC177,"") | AD177: =IF(Filter!AC177="a",Test!AD177,"") | AE177: =IF(ISBLANK(Test!AE177),"",Test!AE177) | AF177: =IF(Filter!AE177="a",Test!AF177,"") | AG177: =IF(Filter!AF177="a",Test!AG177,"") | AH177: =IF(Filter!AG177="a",Test!AH177,"") | AI177: =IF(Filter!AH177="a",Test!AI177,"") | AJ177: =IF(ISBLANK(Test!AJ177),"",Test!AJ177) | AK177: =IF(Filter!AJ177="a",Test!AK177,"") | AL177: =IF(Filter!AK177="a",Test!AL177,"") | AM177: =IF(Filter!AL177="a",Test!AM177,"") | AN177: =IF(Filter!AM177="a",Test!AN177,"") | AO177: =IF(ISBLANK(Test!AO177),"",Test!AO177) | AP177: =IF(Filter!AO177="a",Test!AP177,"") | AQ177: =IF(Filter!AP177="a",Test!AQ177,"") | AR177: =IF(Filter!AQ177="a",Test!AR177,"") | AS177: =IF(Filter!AR177="a",Test!AS177,"") | AT177: =IF(ISBLANK(Test!AT177),"",Test!AT177) | AU177: =IF(Filter!AT177="a",Test!AU177,"") | AV177: =IF(Filter!AU177="a",Test!AV177,"") | AW177: =IF(ISBLANK(Test!AW177),"",Test!AW177) | AX177: =IF(Filter!AW177="a",Test!AX177,"") | AY177: =IF(Filter!AX177="a",Test!AY177,"") | AZ177: =IF(ISBLANK(Test!AZ177),"",Test!AZ177) | BA177: =IF(Filter!AZ177="a",Test!BA177,"") | BB177: =IF(ISBLANK(Test!BB177),"",Test!BB177) | BC177: =IF(Filter!BB177="a",Test!BC177,"") | BD177: =IF(Filter!BC177="a",Test!BD177,"") | BE177: =IF(ISBLANK(Test!BE177),"",Test!BE177) | BF177: =IF(Filter!BE177="a",Test!BF177,"") | BG177: =IF(Filter!BF177="a",Test!BG177,"") | BH177: =IF(ISBLANK(Test!BH177),"",Test!BH177) | BI177: =IF(Filter!BH177="a",Test!BI177,"") | BJ177: =IF(Filter!BI177="a",Test!BJ177,"") | BK177: =IF(ISBLANK(Test!BK177),"",Test!BK177) | BL177: =IF(Filter!BK177="a",Test!BL177,"") | BM177: =IF(Filter!BL177="a",Test!BM177,"") | BN177: =IF(Filter!BM177="a",Test!BN177,"") | BO177: =IF(Filter!BN177="a",Test!BO177,"") | BP177: =IF(ISBLANK(Test!BP177),"",Test!BP177) | BQ177: =IF(Filter!BP177="a",Test!BQ177,"") | BR177: =IF(Filter!BQ177="a",Test!BR177,"") | BS177: =IF(ISBLANK(Test!BS177),"",Test!BS177) | BT177: =IF(Filter!BS177="a",Test!BT177,"") | BU177: =IF(Filter!BT177="a",Test!BU177,"")
E178: =IF(ISBLANK(Test!E178),"",Test!E178) | F178: =IF(Filter!E178="a",Test!F178,"") | G178: =IF(Filter!F178="a",Test!G178,"") | H178: =IF(Filter!G178="a",Test!H178,"") | I178: =IF(ISBLANK(Test!I178),"",Test!I178) | J178: =IF(Filter!I178="a",Test!J178,"") | K178: =IF(Filter!J178="a",Test!K178,"") | L178: =IF(Filter!K178="a",Test!L178,"") | M178: =IF(ISBLANK(Test!M178),"",Test!M178) | N178: =IF(Filter!M178="a",Test!N178,"") | O178: =IF(Filter!N178="a",Test!O178,"") | P178: =IF(Filter!O178="a",Test!P178,"") | Q178: =IF(ISBLANK(Test!Q178),"",Test!Q178) | R178: =IF(Filter!Q178="a",Test!R178,"") | S178: =IF(Filter!R178="a",Test!S178,"") | T178: =IF(ISBLANK(Test!T178),"",Test!T178) | U178: =IF(Filter!T178="a",Test!U178,"") | V178: =IF(Filter!U178="a",Test!V178,"") | W178: =IF(ISBLANK(Test!W178),"",Test!W178) | X178: =IF(Filter!W178="a",Test!X178,"") | Y178: =IF(Filter!X178="a",Test!Y178,"") | Z178: =IF(Filter!Y178="a",Test!Z178,"") | AA178: =IF(ISBLANK(Test!AA178),"",Test!AA178) | AB178: =IF(Filter!AA178="a",Test!AB178,"") | AC178: =IF(Filter!AB178="a",Test!AC178,"") | AD178: =IF(Filter!AC178="a",Test!AD178,"") | AE178: =IF(ISBLANK(Test!AE178),"",Test!AE178) | AF178: =IF(Filter!AE178="a",Test!AF178,"") | AG178: =IF(Filter!AF178="a",Test!AG178,"") | AH178: =IF(Filter!AG178="a",Test!AH178,"") | AI178: =IF(Filter!AH178="a",Test!AI178,"") | AJ178: =IF(ISBLANK(Test!AJ178),"",Test!AJ178) | AK178: =IF(Filter!AJ178="a",Test!AK178,"") | AL178: =IF(Filter!AK178="a",Test!AL178,"") | AM178: =IF(Filter!AL178="a",Test!AM178,"") | AN178: =IF(Filter!AM178="a",Test!AN178,"") | AO178: =IF(ISBLANK(Test!AO178),"",Test!AO178) | AP178: =IF(Filter!AO178="a",Test!AP178,"") | AQ178: =IF(Filter!AP178="a",Test!AQ178,"") | AR178: =IF(Filter!AQ178="a",Test!AR178,"") | AS178: =IF(Filter!AR178="a",Test!AS178,"") | AT178: =IF(ISBLANK(Test!AT178),"",Test!AT178) | AU178: =IF(Filter!AT178="a",Test!AU178,"") | AV178: =IF(Filter!AU178="a",Test!AV178,"") | AW178: =IF(ISBLANK(Test!AW178),"",Test!AW178) | AX178: =IF(Filter!AW178="a",Test!AX178,"") | AY178: =IF(Filter!AX178="a",Test!AY178,"") | AZ178: =IF(ISBLANK(Test!AZ178),"",Test!AZ178) | BA178: =IF(Filter!AZ178="a",Test!BA178,"") | BB178: =IF(ISBLANK(Test!BB178),"",Test!BB178) | BC178: =IF(Filter!BB178="a",Test!BC178,"") | BD178: =IF(Filter!BC178="a",Test!BD178,"") | BE178: =IF(ISBLANK(Test!BE178),"",Test!BE178) | BF178: =IF(Filter!BE178="a",Test!BF178,"") | BG178: =IF(Filter!BF178="a",Test!BG178,"") | BH178: =IF(ISBLANK(Test!BH178),"",Test!BH178) | BI178: =IF(Filter!BH178="a",Test!BI178,"") | BJ178: =IF(Filter!BI178="a",Test!BJ178,"") | BK178: =IF(ISBLANK(Test!BK178),"",Test!BK178) | BL178: =IF(Filter!BK178="a",Test!BL178,"") | BM178: =IF(Filter!BL178="a",Test!BM178,"") | BN178: =IF(Filter!BM178="a",Test!BN178,"") | BO178: =IF(Filter!BN178="a",Test!BO178,"") | BP178: =IF(ISBLANK(Test!BP178),"",Test!BP178) | BQ178: =IF(Filter!BP178="a",Test!BQ178,"") | BR178: =IF(Filter!BQ178="a",Test!BR178,"") | BS178: =IF(ISBLANK(Test!BS178),"",Test!BS178) | BT178: =IF(Filter!BS178="a",Test!BT178,"") | BU178: =IF(Filter!BT178="a",Test!BU178,"")
E179: =IF(ISBLANK(Test!E179),"",Test!E179) | F179: =IF(Filter!E179="a",Test!F179,"") | G179: =IF(Filter!F179="a",Test!G179,"") | H179: =IF(Filter!G179="a",Test!H179,"") | I179: =IF(ISBLANK(Test!I179),"",Test!I179) | J179: =IF(Filter!I179="a",Test!J179,"") | K179: =IF(Filter!J179="a",Test!K179,"") | L179: =IF(Filter!K179="a",Test!L179,"") | M179: =IF(ISBLANK(Test!M179),"",Test!M179) | N179: =IF(Filter!M179="a",Test!N179,"") | O179: =IF(Filter!N179="a",Test!O179,"") | P179: =IF(Filter!O179="a",Test!P179,"") | Q179: =IF(ISBLANK(Test!Q179),"",Test!Q179) | R179: =IF(Filter!Q179="a",Test!R179,"") | S179: =IF(Filter!R179="a",Test!S179,"") | T179: =IF(ISBLANK(Test!T179),"",Test!T179) | U179: =IF(Filter!T179="a",Test!U179,"") | V179: =IF(Filter!U179="a",Test!V179,"") | W179: =IF(ISBLANK(Test!W179),"",Test!W179) | X179: =IF(Filter!W179="a",Test!X179,"") | Y179: =IF(Filter!X179="a",Test!Y179,"") | Z179: =IF(Filter!Y179="a",Test!Z179,"") | AA179: =IF(ISBLANK(Test!AA179),"",Test!AA179) | AB179: =IF(Filter!AA179="a",Test!AB179,"") | AC179: =IF(Filter!AB179="a",Test!AC179,"") | AD179: =IF(Filter!AC179="a",Test!AD179,"") | AE179: =IF(ISBLANK(Test!AE179),"",Test!AE179) | AF179: =IF(Filter!AE179="a",Test!AF179,"") | AG179: =IF(Filter!AF179="a",Test!AG179,"") | AH179: =IF(Filter!AG179="a",Test!AH179,"") | AI179: =IF(Filter!AH179="a",Test!AI179,"") | AJ179: =IF(ISBLANK(Test!AJ179),"",Test!AJ179) | AK179: =IF(Filter!AJ179="a",Test!AK179,"") | AL179: =IF(Filter!AK179="a",Test!AL179,"") | AM179: =IF(Filter!AL179="a",Test!AM179,"") | AN179: =IF(Filter!AM179="a",Test!AN179,"") | AO179: =IF(ISBLANK(Test!AO179),"",Test!AO179) | AP179: =IF(Filter!AO179="a",Test!AP179,"") | AQ179: =IF(Filter!AP179="a",Test!AQ179,"") | AR179: =IF(Filter!AQ179="a",Test!AR179,"") | AS179: =IF(Filter!AR179="a",Test!AS179,"") | AT179: =IF(ISBLANK(Test!AT179),"",Test!AT179) | AU179: =IF(Filter!AT179="a",Test!AU179,"") | AV179: =IF(Filter!AU179="a",Test!AV179,"") | AW179: =IF(ISBLANK(Test!AW179),"",Test!AW179) | AX179: =IF(Filter!AW179="a",Test!AX179,"") | AY179: =IF(Filter!AX179="a",Test!AY179,"") | AZ179: =IF(ISBLANK(Test!AZ179),"",Test!AZ179) | BA179: =IF(Filter!AZ179="a",Test!BA179,"") | BB179: =IF(ISBLANK(Test!BB179),"",Test!BB179) | BC179: =IF(Filter!BB179="a",Test!BC179,"") | BD179: =IF(Filter!BC179="a",Test!BD179,"") | BE179: =IF(ISBLANK(Test!BE179),"",Test!BE179) | BF179: =IF(Filter!BE179="a",Test!BF179,"") | BG179: =IF(Filter!BF179="a",Test!BG179,"") | BH179: =IF(ISBLANK(Test!BH179),"",Test!BH179) | BI179: =IF(Filter!BH179="a",Test!BI179,"") | BJ179: =IF(Filter!BI179="a",Test!BJ179,"") | BK179: =IF(ISBLANK(Test!BK179),"",Test!BK179) | BL179: =IF(Filter!BK179="a",Test!BL179,"") | BM179: =IF(Filter!BL179="a",Test!BM179,"") | BN179: =IF(Filter!BM179="a",Test!BN179,"") | BO179: =IF(Filter!BN179="a",Test!BO179,"") | BP179: =IF(ISBLANK(Test!BP179),"",Test!BP179) | BQ179: =IF(Filter!BP179="a",Test!BQ179,"") | BR179: =IF(Filter!BQ179="a",Test!BR179,"") | BS179: =IF(ISBLANK(Test!BS179),"",Test!BS179) | BT179: =IF(Filter!BS179="a",Test!BT179,"") | BU179: =IF(Filter!BT179="a",Test!BU179,"")
E180: =IF(ISBLANK(Test!E180),"",Test!E180) | F180: =IF(Filter!E180="a",Test!F180,"") | G180: =IF(Filter!F180="a",Test!G180,"") | H180: =IF(Filter!G180="a",Test!H180,"") | I180: =IF(ISBLANK(Test!I180),"",Test!I180) | J180: =IF(Filter!I180="a",Test!J180,"") | K180: =IF(Filter!J180="a",Test!K180,"") | L180: =IF(Filter!K180="a",Test!L180,"") | M180: =IF(ISBLANK(Test!M180),"",Test!M180) | N180: =IF(Filter!M180="a",Test!N180,"") | O180: =IF(Filter!N180="a",Test!O180,"") | P180: =IF(Filter!O180="a",Test!P180,"") | Q180: =IF(ISBLANK(Test!Q180),"",Test!Q180) | R180: =IF(Filter!Q180="a",Test!R180,"") | S180: =IF(Filter!R180="a",Test!S180,"") | T180: =IF(ISBLANK(Test!T180),"",Test!T180) | U180: =IF(Filter!T180="a",Test!U180,"") | V180: =IF(Filter!U180="a",Test!V180,"") | W180: =IF(ISBLANK(Test!W180),"",Test!W180) | X180: =IF(Filter!W180="a",Test!X180,"") | Y180: =IF(Filter!X180="a",Test!Y180,"") | Z180: =IF(Filter!Y180="a",Test!Z180,"") | AA180: =IF(ISBLANK(Test!AA180),"",Test!AA180) | AB180: =IF(Filter!AA180="a",Test!AB180,"") | AC180: =IF(Filter!AB180="a",Test!AC180,"") | AD180: =IF(Filter!AC180="a",Test!AD180,"") | AE180: =IF(ISBLANK(Test!AE180),"",Test!AE180) | AF180: =IF(Filter!AE180="a",Test!AF180,"") | AG180: =IF(Filter!AF180="a",Test!AG180,"") | AH180: =IF(Filter!AG180="a",Test!AH180,"") | AI180: =IF(Filter!AH180="a",Test!AI180,"") | AJ180: =IF(ISBLANK(Test!AJ180),"",Test!AJ180) | AK180: =IF(Filter!AJ180="a",Test!AK180,"") | AL180: =IF(Filter!AK180="a",Test!AL180,"") | AM180: =IF(Filter!AL180="a",Test!AM180,"") | AN180: =IF(Filter!AM180="a",Test!AN180,"") | AO180: =IF(ISBLANK(Test!AO180),"",Test!AO180) | AP180: =IF(Filter!AO180="a",Test!AP180,"") | AQ180: =IF(Filter!AP180="a",Test!AQ180,"") | AR180: =IF(Filter!AQ180="a",Test!AR180,"") | AS180: =IF(Filter!AR180="a",Test!AS180,"") | AT180: =IF(ISBLANK(Test!AT180),"",Test!AT180) | AU180: =IF(Filter!AT180="a",Test!AU180,"") | AV180: =IF(Filter!AU180="a",Test!AV180,"") | AW180: =IF(ISBLANK(Test!AW180),"",Test!AW180) | AX180: =IF(Filter!AW180="a",Test!AX180,"") | AY180: =IF(Filter!AX180="a",Test!AY180,"") | AZ180: =IF(ISBLANK(Test!AZ180),"",Test!AZ180) | BA180: =IF(Filter!AZ180="a",Test!BA180,"") | BB180: =IF(ISBLANK(Test!BB180),"",Test!BB180) | BC180: =IF(Filter!BB180="a",Test!BC180,"") | BD180: =IF(Filter!BC180="a",Test!BD180,"") | BE180: =IF(ISBLANK(Test!BE180),"",Test!BE180) | BF180: =IF(Filter!BE180="a",Test!BF180,"") | BG180: =IF(Filter!BF180="a",Test!BG180,"") | BH180: =IF(ISBLANK(Test!BH180),"",Test!BH180) | BI180: =IF(Filter!BH180="a",Test!BI180,"") | BJ180: =IF(Filter!BI180="a",Test!BJ180,"") | BK180: =IF(ISBLANK(Test!BK180),"",Test!BK180) | BL180: =IF(Filter!BK180="a",Test!BL180,"") | BM180: =IF(Filter!BL180="a",Test!BM180,"") | BN180: =IF(Filter!BM180="a",Test!BN180,"") | BO180: =IF(Filter!BN180="a",Test!BO180,"") | BP180: =IF(ISBLANK(Test!BP180),"",Test!BP180) | BQ180: =IF(Filter!BP180="a",Test!BQ180,"") | BR180: =IF(Filter!BQ180="a",Test!BR180,"") | BS180: =IF(ISBLANK(Test!BS180),"",Test!BS180) | BT180: =IF(Filter!BS180="a",Test!BT180,"") | BU180: =IF(Filter!BT180="a",Test!BU180,"")
E181: =IF(ISBLANK(Test!E181),"",Test!E181) | F181: =IF(Filter!E181="a",Test!F181,"") | G181: =IF(Filter!F181="a",Test!G181,"") | H181: =IF(Filter!G181="a",Test!H181,"") | I181: =IF(ISBLANK(Test!I181),"",Test!I181) | J181: =IF(Filter!I181="a",Test!J181,"") | K181: =IF(Filter!J181="a",Test!K181,"") | L181: =IF(Filter!K181="a",Test!L181,"") | M181: =IF(ISBLANK(Test!M181),"",Test!M181) | N181: =IF(Filter!M181="a",Test!N181,"") | O181: =IF(Filter!N181="a",Test!O181,"") | P181: =IF(Filter!O181="a",Test!P181,"") | Q181: =IF(ISBLANK(Test!Q181),"",Test!Q181) | R181: =IF(Filter!Q181="a",Test!R181,"") | S181: =IF(Filter!R181="a",Test!S181,"") | T181: =IF(ISBLANK(Test!T181),"",Test!T181) | U181: =IF(Filter!T181="a",Test!U181,"") | V181: =IF(Filter!U181="a",Test!V181,"") | W181: =IF(ISBLANK(Test!W181),"",Test!W181) | X181: =IF(Filter!W181="a",Test!X181,"") | Y181: =IF(Filter!X181="a",Test!Y181,"") | Z181: =IF(Filter!Y181="a",Test!Z181,"") | AA181: =IF(ISBLANK(Test!AA181),"",Test!AA181) | AB181: =IF(Filter!AA181="a",Test!AB181,"") | AC181: =IF(Filter!AB181="a",Test!AC181,"") | AD181: =IF(Filter!AC181="a",Test!AD181,"") | AE181: =IF(ISBLANK(Test!AE181),"",Test!AE181) | AF181: =IF(Filter!AE181="a",Test!AF181,"") | AG181: =IF(Filter!AF181="a",Test!AG181,"") | AH181: =IF(Filter!AG181="a",Test!AH181,"") | AI181: =IF(Filter!AH181="a",Test!AI181,"") | AJ181: =IF(ISBLANK(Test!AJ181),"",Test!AJ181) | AK181: =IF(Filter!AJ181="a",Test!AK181,"") | AL181: =IF(Filter!AK181="a",Test!AL181,"") | AM181: =IF(Filter!AL181="a",Test!AM181,"") | AN181: =IF(Filter!AM181="a",Test!AN181,"") | AO181: =IF(ISBLANK(Test!AO181),"",Test!AO181) | AP181: =IF(Filter!AO181="a",Test!AP181,"") | AQ181: =IF(Filter!AP181="a",Test!AQ181,"") | AR181: =IF(Filter!AQ181="a",Test!AR181,"") | AS181: =IF(Filter!AR181="a",Test!AS181,"") | AT181: =IF(ISBLANK(Test!AT181),"",Test!AT181) | AU181: =IF(Filter!AT181="a",Test!AU181,"") | AV181: =IF(Filter!AU181="a",Test!AV181,"") | AW181: =IF(ISBLANK(Test!AW181),"",Test!AW181) | AX181: =IF(Filter!AW181="a",Test!AX181,"") | AY181: =IF(Filter!AX181="a",Test!AY181,"") | AZ181: =IF(ISBLANK(Test!AZ181),"",Test!AZ181) | BA181: =IF(Filter!AZ181="a",Test!BA181,"") | BB181: =IF(ISBLANK(Test!BB181),"",Test!BB181) | BC181: =IF(Filter!BB181="a",Test!BC181,"") | BD181: =IF(Filter!BC181="a",Test!BD181,"") | BE181: =IF(ISBLANK(Test!BE181),"",Test!BE181) | BF181: =IF(Filter!BE181="a",Test!BF181,"") | BG181: =IF(Filter!BF181="a",Test!BG181,"") | BH181: =IF(ISBLANK(Test!BH181),"",Test!BH181) | BI181: =IF(Filter!BH181="a",Test!BI181,"") | BJ181: =IF(Filter!BI181="a",Test!BJ181,"") | BK181: =IF(ISBLANK(Test!BK181),"",Test!BK181) | BL181: =IF(Filter!BK181="a",Test!BL181,"") | BM181: =IF(Filter!BL181="a",Test!BM181,"") | BN181: =IF(Filter!BM181="a",Test!BN181,"") | BO181: =IF(Filter!BN181="a",Test!BO181,"") | BP181: =IF(ISBLANK(Test!BP181),"",Test!BP181) | BQ181: =IF(Filter!BP181="a",Test!BQ181,"") | BR181: =IF(Filter!BQ181="a",Test!BR181,"") | BS181: =IF(ISBLANK(Test!BS181),"",Test!BS181) | BT181: =IF(Filter!BS181="a",Test!BT181,"") | BU181: =IF(Filter!BT181="a",Test!BU181,"")
E182: =IF(ISBLANK(Test!E182),"",Test!E182) | F182: =IF(Filter!E182="a",Test!F182,"") | G182: =IF(Filter!F182="a",Test!G182,"") | H182: =IF(Filter!G182="a",Test!H182,"") | I182: =IF(ISBLANK(Test!I182),"",Test!I182) | J182: =IF(Filter!I182="a",Test!J182,"") | K182: =IF(Filter!J182="a",Test!K182,"") | L182: =IF(Filter!K182="a",Test!L182,"") | M182: =IF(ISBLANK(Test!M182),"",Test!M182) | N182: =IF(Filter!M182="a",Test!N182,"") | O182: =IF(Filter!N182="a",Test!O182,"") | P182: =IF(Filter!O182="a",Test!P182,"") | Q182: =IF(ISBLANK(Test!Q182),"",Test!Q182) | R182: =IF(Filter!Q182="a",Test!R182,"") | S182: =IF(Filter!R182="a",Test!S182,"") | T182: =IF(ISBLANK(Test!T182),"",Test!T182) | U182: =IF(Filter!T182="a",Test!U182,"") | V182: =IF(Filter!U182="a",Test!V182,"") | W182: =IF(ISBLANK(Test!W182),"",Test!W182) | X182: =IF(Filter!W182="a",Test!X182,"") | Y182: =IF(Filter!X182="a",Test!Y182,"") | Z182: =IF(Filter!Y182="a",Test!Z182,"") | AA182: =IF(ISBLANK(Test!AA182),"",Test!AA182) | AB182: =IF(Filter!AA182="a",Test!AB182,"") | AC182: =IF(Filter!AB182="a",Test!AC182,"") | AD182: =IF(Filter!AC182="a",Test!AD182,"") | AE182: =IF(ISBLANK(Test!AE182),"",Test!AE182) | AF182: =IF(Filter!AE182="a",Test!AF182,"") | AG182: =IF(Filter!AF182="a",Test!AG182,"") | AH182: =IF(Filter!AG182="a",Test!AH182,"") | AI182: =IF(Filter!AH182="a",Test!AI182,"") | AJ182: =IF(ISBLANK(Test!AJ182),"",Test!AJ182) | AK182: =IF(Filter!AJ182="a",Test!AK182,"") | AL182: =IF(Filter!AK182="a",Test!AL182,"") | AM182: =IF(Filter!AL182="a",Test!AM182,"") | AN182: =IF(Filter!AM182="a",Test!AN182,"") | AO182: =IF(ISBLANK(Test!AO182),"",Test!AO182) | AP182: =IF(Filter!AO182="a",Test!AP182,"") | AQ182: =IF(Filter!AP182="a",Test!AQ182,"") | AR182: =IF(Filter!AQ182="a",Test!AR182,"") | AS182: =IF(Filter!AR182="a",Test!AS182,"") | AT182: =IF(ISBLANK(Test!AT182),"",Test!AT182) | AU182: =IF(Filter!AT182="a",Test!AU182,"") | AV182: =IF(Filter!AU182="a",Test!AV182,"") | AW182: =IF(ISBLANK(Test!AW182),"",Test!AW182) | AX182: =IF(Filter!AW182="a",Test!AX182,"") | AY182: =IF(Filter!AX182="a",Test!AY182,"") | AZ182: =IF(ISBLANK(Test!AZ182),"",Test!AZ182) | BA182: =IF(Filter!AZ182="a",Test!BA182,"") | BB182: =IF(ISBLANK(Test!BB182),"",Test!BB182) | BC182: =IF(Filter!BB182="a",Test!BC182,"") | BD182: =IF(Filter!BC182="a",Test!BD182,"") | BE182: =IF(ISBLANK(Test!BE182),"",Test!BE182) | BF182: =IF(Filter!BE182="a",Test!BF182,"") | BG182: =IF(Filter!BF182="a",Test!BG182,"") | BH182: =IF(ISBLANK(Test!BH182),"",Test!BH182) | BI182: =IF(Filter!BH182="a",Test!BI182,"") | BJ182: =IF(Filter!BI182="a",Test!BJ182,"") | BK182: =IF(ISBLANK(Test!BK182),"",Test!BK182) | BL182: =IF(Filter!BK182="a",Test!BL182,"") | BM182: =IF(Filter!BL182="a",Test!BM182,"") | BN182: =IF(Filter!BM182="a",Test!BN182,"") | BO182: =IF(Filter!BN182="a",Test!BO182,"") | BP182: =IF(ISBLANK(Test!BP182),"",Test!BP182) | BQ182: =IF(Filter!BP182="a",Test!BQ182,"") | BR182: =IF(Filter!BQ182="a",Test!BR182,"") | BS182: =IF(ISBLANK(Test!BS182),"",Test!BS182) | BT182: =IF(Filter!BS182="a",Test!BT182,"") | BU182: =IF(Filter!BT182="a",Test!BU182,"")
E183: =IF(ISBLANK(Test!E183),"",Test!E183) | F183: =IF(Filter!E183="a",Test!F183,"") | G183: =IF(Filter!F183="a",Test!G183,"") | H183: =IF(Filter!G183="a",Test!H183,"") | I183: =IF(ISBLANK(Test!I183),"",Test!I183) | J183: =IF(Filter!I183="a",Test!J183,"") | K183: =IF(Filter!J183="a",Test!K183,"") | L183: =IF(Filter!K183="a",Test!L183,"") | M183: =IF(ISBLANK(Test!M183),"",Test!M183) | N183: =IF(Filter!M183="a",Test!N183,"") | O183: =IF(Filter!N183="a",Test!O183,"") | P183: =IF(Filter!O183="a",Test!P183,"") | Q183: =IF(ISBLANK(Test!Q183),"",Test!Q183) | R183: =IF(Filter!Q183="a",Test!R183,"") | S183: =IF(Filter!R183="a",Test!S183,"") | T183: =IF(ISBLANK(Test!T183),"",Test!T183) | U183: =IF(Filter!T183="a",Test!U183,"") | V183: =IF(Filter!U183="a",Test!V183,"") | W183: =IF(ISBLANK(Test!W183),"",Test!W183) | X183: =IF(Filter!W183="a",Test!X183,"") | Y183: =IF(Filter!X183="a",Test!Y183,"") | Z183: =IF(Filter!Y183="a",Test!Z183,"") | AA183: =IF(ISBLANK(Test!AA183),"",Test!AA183) | AB183: =IF(Filter!AA183="a",Test!AB183,"") | AC183: =IF(Filter!AB183="a",Test!AC183,"") | AD183: =IF(Filter!AC183="a",Test!AD183,"") | AE183: =IF(ISBLANK(Test!AE183),"",Test!AE183) | AF183: =IF(Filter!AE183="a",Test!AF183,"") | AG183: =IF(Filter!AF183="a",Test!AG183,"") | AH183: =IF(Filter!AG183="a",Test!AH183,"") | AI183: =IF(Filter!AH183="a",Test!AI183,"") | AJ183: =IF(ISBLANK(Test!AJ183),"",Test!AJ183) | AK183: =IF(Filter!AJ183="a",Test!AK183,"") | AL183: =IF(Filter!AK183="a",Test!AL183,"") | AM183: =IF(Filter!AL183="a",Test!AM183,"") | AN183: =IF(Filter!AM183="a",Test!AN183,"") | AO183: =IF(ISBLANK(Test!AO183),"",Test!AO183) | AP183: =IF(Filter!AO183="a",Test!AP183,"") | AQ183: =IF(Filter!AP183="a",Test!AQ183,"") | AR183: =IF(Filter!AQ183="a",Test!AR183,"") | AS183: =IF(Filter!AR183="a",Test!AS183,"") | AT183: =IF(ISBLANK(Test!AT183),"",Test!AT183) | AU183: =IF(Filter!AT183="a",Test!AU183,"") | AV183: =IF(Filter!AU183="a",Test!AV183,"") | AW183: =IF(ISBLANK(Test!AW183),"",Test!AW183) | AX183: =IF(Filter!AW183="a",Test!AX183,"") | AY183: =IF(Filter!AX183="a",Test!AY183,"") | AZ183: =IF(ISBLANK(Test!AZ183),"",Test!AZ183) | BA183: =IF(Filter!AZ183="a",Test!BA183,"") | BB183: =IF(ISBLANK(Test!BB183),"",Test!BB183) | BC183: =IF(Filter!BB183="a",Test!BC183,"") | BD183: =IF(Filter!BC183="a",Test!BD183,"") | BE183: =IF(ISBLANK(Test!BE183),"",Test!BE183) | BF183: =IF(Filter!BE183="a",Test!BF183,"") | BG183: =IF(Filter!BF183="a",Test!BG183,"") | BH183: =IF(ISBLANK(Test!BH183),"",Test!BH183) | BI183: =IF(Filter!BH183="a",Test!BI183,"") | BJ183: =IF(Filter!BI183="a",Test!BJ183,"") | BK183: =IF(ISBLANK(Test!BK183),"",Test!BK183) | BL183: =IF(Filter!BK183="a",Test!BL183,"") | BM183: =IF(Filter!BL183="a",Test!BM183,"") | BN183: =IF(Filter!BM183="a",Test!BN183,"") | BO183: =IF(Filter!BN183="a",Test!BO183,"") | BP183: =IF(ISBLANK(Test!BP183),"",Test!BP183) | BQ183: =IF(Filter!BP183="a",Test!BQ183,"") | BR183: =IF(Filter!BQ183="a",Test!BR183,"") | BS183: =IF(ISBLANK(Test!BS183),"",Test!BS183) | BT183: =IF(Filter!BS183="a",Test!BT183,"") | BU183: =IF(Filter!BT183="a",Test!BU183,"")
E184: =IF(ISBLANK(Test!E184),"",Test!E184) | F184: =IF(Filter!E184="a",Test!F184,"") | G184: =IF(Filter!F184="a",Test!G184,"") | H184: =IF(Filter!G184="a",Test!H184,"") | I184: =IF(ISBLANK(Test!I184),"",Test!I184) | J184: =IF(Filter!I184="a",Test!J184,"") | K184: =IF(Filter!J184="a",Test!K184,"") | L184: =IF(Filter!K184="a",Test!L184,"") | M184: =IF(ISBLANK(Test!M184),"",Test!M184) | N184: =IF(Filter!M184="a",Test!N184,"") | O184: =IF(Filter!N184="a",Test!O184,"") | P184: =IF(Filter!O184="a",Test!P184,"") | Q184: =IF(ISBLANK(Test!Q184),"",Test!Q184) | R184: =IF(Filter!Q184="a",Test!R184,"") | S184: =IF(Filter!R184="a",Test!S184,"") | T184: =IF(ISBLANK(Test!T184),"",Test!T184) | U184: =IF(Filter!T184="a",Test!U184,"") | V184: =IF(Filter!U184="a",Test!V184,"") | W184: =IF(ISBLANK(Test!W184),"",Test!W184) | X184: =IF(Filter!W184="a",Test!X184,"") | Y184: =IF(Filter!X184="a",Test!Y184,"") | Z184: =IF(Filter!Y184="a",Test!Z184,"") | AA184: =IF(ISBLANK(Test!AA184),"",Test!AA184) | AB184: =IF(Filter!AA184="a",Test!AB184,"") | AC184: =IF(Filter!AB184="a",Test!AC184,"") | AD184: =IF(Filter!AC184="a",Test!AD184,"") | AE184: =IF(ISBLANK(Test!AE184),"",Test!AE184) | AF184: =IF(Filter!AE184="a",Test!AF184,"") | AG184: =IF(Filter!AF184="a",Test!AG184,"") | AH184: =IF(Filter!AG184="a",Test!AH184,"") | AI184: =IF(Filter!AH184="a",Test!AI184,"") | AJ184: =IF(ISBLANK(Test!AJ184),"",Test!AJ184) | AK184: =IF(Filter!AJ184="a",Test!AK184,"") | AL184: =IF(Filter!AK184="a",Test!AL184,"") | AM184: =IF(Filter!AL184="a",Test!AM184,"") | AN184: =IF(Filter!AM184="a",Test!AN184,"") | AO184: =IF(ISBLANK(Test!AO184),"",Test!AO184) | AP184: =IF(Filter!AO184="a",Test!AP184,"") | AQ184: =IF(Filter!AP184="a",Test!AQ184,"") | AR184: =IF(Filter!AQ184="a",Test!AR184,"") | AS184: =IF(Filter!AR184="a",Test!AS184,"") | AT184: =IF(ISBLANK(Test!AT184),"",Test!AT184) | AU184: =IF(Filter!AT184="a",Test!AU184,"") | AV184: =IF(Filter!AU184="a",Test!AV184,"") | AW184: =IF(ISBLANK(Test!AW184),"",Test!AW184) | AX184: =IF(Filter!AW184="a",Test!AX184,"") | AY184: =IF(Filter!AX184="a",Test!AY184,"") | AZ184: =IF(ISBLANK(Test!AZ184),"",Test!AZ184) | BA184: =IF(Filter!AZ184="a",Test!BA184,"") | BB184: =IF(ISBLANK(Test!BB184),"",Test!BB184) | BC184: =IF(Filter!BB184="a",Test!BC184,"") | BD184: =IF(Filter!BC184="a",Test!BD184,"") | BE184: =IF(ISBLANK(Test!BE184),"",Test!BE184) | BF184: =IF(Filter!BE184="a",Test!BF184,"") | BG184: =IF(Filter!BF184="a",Test!BG184,"") | BH184: =IF(ISBLANK(Test!BH184),"",Test!BH184) | BI184: =IF(Filter!BH184="a",Test!BI184,"") | BJ184: =IF(Filter!BI184="a",Test!BJ184,"") | BK184: =IF(ISBLANK(Test!BK184),"",Test!BK184) | BL184: =IF(Filter!BK184="a",Test!BL184,"") | BM184: =IF(Filter!BL184="a",Test!BM184,"") | BN184: =IF(Filter!BM184="a",Test!BN184,"") | BO184: =IF(Filter!BN184="a",Test!BO184,"") | BP184: =IF(ISBLANK(Test!BP184),"",Test!BP184) | BQ184: =IF(Filter!BP184="a",Test!BQ184,"") | BR184: =IF(Filter!BQ184="a",Test!BR184,"") | BS184: =IF(ISBLANK(Test!BS184),"",Test!BS184) | BT184: =IF(Filter!BS184="a",Test!BT184,"") | BU184: =IF(Filter!BT184="a",Test!BU184,"")
E185: =IF(ISBLANK(Test!E185),"",Test!E185) | F185: =IF(Filter!E185="a",Test!F185,"") | G185: =IF(Filter!F185="a",Test!G185,"") | H185: =IF(Filter!G185="a",Test!H185,"") | I185: =IF(ISBLANK(Test!I185),"",Test!I185) | J185: =IF(Filter!I185="a",Test!J185,"") | K185: =IF(Filter!J185="a",Test!K185,"") | L185: =IF(Filter!K185="a",Test!L185,"") | M185: =IF(ISBLANK(Test!M185),"",Test!M185) | N185: =IF(Filter!M185="a",Test!N185,"") | O185: =IF(Filter!N185="a",Test!O185,"") | P185: =IF(Filter!O185="a",Test!P185,"") | Q185: =IF(ISBLANK(Test!Q185),"",Test!Q185) | R185: =IF(Filter!Q185="a",Test!R185,"") | S185: =IF(Filter!R185="a",Test!S185,"") | T185: =IF(ISBLANK(Test!T185),"",Test!T185) | U185: =IF(Filter!T185="a",Test!U185,"") | V185: =IF(Filter!U185="a",Test!V185,"") | W185: =IF(ISBLANK(Test!W185),"",Test!W185) | X185: =IF(Filter!W185="a",Test!X185,"") | Y185: =IF(Filter!X185="a",Test!Y185,"") | Z185: =IF(Filter!Y185="a",Test!Z185,"") | AA185: =IF(ISBLANK(Test!AA185),"",Test!AA185) | AB185: =IF(Filter!AA185="a",Test!AB185,"") | AC185: =IF(Filter!AB185="a",Test!AC185,"") | AD185: =IF(Filter!AC185="a",Test!AD185,"") | AE185: =IF(ISBLANK(Test!AE185),"",Test!AE185) | AF185: =IF(Filter!AE185="a",Test!AF185,"") | AG185: =IF(Filter!AF185="a",Test!AG185,"") | AH185: =IF(Filter!AG185="a",Test!AH185,"") | AI185: =IF(Filter!AH185="a",Test!AI185,"") | AJ185: =IF(ISBLANK(Test!AJ185),"",Test!AJ185) | AK185: =IF(Filter!AJ185="a",Test!AK185,"") | AL185: =IF(Filter!AK185="a",Test!AL185,"") | AM185: =IF(Filter!AL185="a",Test!AM185,"") | AN185: =IF(Filter!AM185="a",Test!AN185,"") | AO185: =IF(ISBLANK(Test!AO185),"",Test!AO185) | AP185: =IF(Filter!AO185="a",Test!AP185,"") | AQ185: =IF(Filter!AP185="a",Test!AQ185,"") | AR185: =IF(Filter!AQ185="a",Test!AR185,"") | AS185: =IF(Filter!AR185="a",Test!AS185,"") | AT185: =IF(ISBLANK(Test!AT185),"",Test!AT185) | AU185: =IF(Filter!AT185="a",Test!AU185,"") | AV185: =IF(Filter!AU185="a",Test!AV185,"") | AW185: =IF(ISBLANK(Test!AW185),"",Test!AW185) | AX185: =IF(Filter!AW185="a",Test!AX185,"") | AY185: =IF(Filter!AX185="a",Test!AY185,"") | AZ185: =IF(ISBLANK(Test!AZ185),"",Test!AZ185) | BA185: =IF(Filter!AZ185="a",Test!BA185,"") | BB185: =IF(ISBLANK(Test!BB185),"",Test!BB185) | BC185: =IF(Filter!BB185="a",Test!BC185,"") | BD185: =IF(Filter!BC185="a",Test!BD185,"") | BE185: =IF(ISBLANK(Test!BE185),"",Test!BE185) | BF185: =IF(Filter!BE185="a",Test!BF185,"") | BG185: =IF(Filter!BF185="a",Test!BG185,"") | BH185: =IF(ISBLANK(Test!BH185),"",Test!BH185) | BI185: =IF(Filter!BH185="a",Test!BI185,"") | BJ185: =IF(Filter!BI185="a",Test!BJ185,"") | BK185: =IF(ISBLANK(Test!BK185),"",Test!BK185) | BL185: =IF(Filter!BK185="a",Test!BL185,"") | BM185: =IF(Filter!BL185="a",Test!BM185,"") | BN185: =IF(Filter!BM185="a",Test!BN185,"") | BO185: =IF(Filter!BN185="a",Test!BO185,"") | BP185: =IF(ISBLANK(Test!BP185),"",Test!BP185) | BQ185: =IF(Filter!BP185="a",Test!BQ185,"") | BR185: =IF(Filter!BQ185="a",Test!BR185,"") | BS185: =IF(ISBLANK(Test!BS185),"",Test!BS185) | BT185: =IF(Filter!BS185="a",Test!BT185,"") | BU185: =IF(Filter!BT185="a",Test!BU185,"")
E186: =IF(ISBLANK(Test!E186),"",Test!E186) | F186: =IF(Filter!E186="a",Test!F186,"") | G186: =IF(Filter!F186="a",Test!G186,"") | H186: =IF(Filter!G186="a",Test!H186,"") | I186: =IF(ISBLANK(Test!I186),"",Test!I186) | J186: =IF(Filter!I186="a",Test!J186,"") | K186: =IF(Filter!J186="a",Test!K186,"") | L186: =IF(Filter!K186="a",Test!L186,"") | M186: =IF(ISBLANK(Test!M186),"",Test!M186) | N186: =IF(Filter!M186="a",Test!N186,"") | O186: =IF(Filter!N186="a",Test!O186,"") | P186: =IF(Filter!O186="a",Test!P186,"") | Q186: =IF(ISBLANK(Test!Q186),"",Test!Q186) | R186: =IF(Filter!Q186="a",Test!R186,"") | S186: =IF(Filter!R186="a",Test!S186,"") | T186: =IF(ISBLANK(Test!T186),"",Test!T186) | U186: =IF(Filter!T186="a",Test!U186,"") | V186: =IF(Filter!U186="a",Test!V186,"") | W186: =IF(ISBLANK(Test!W186),"",Test!W186) | X186: =IF(Filter!W186="a",Test!X186,"") | Y186: =IF(Filter!X186="a",Test!Y186,"") | Z186: =IF(Filter!Y186="a",Test!Z186,"") | AA186: =IF(ISBLANK(Test!AA186),"",Test!AA186) | AB186: =IF(Filter!AA186="a",Test!AB186,"") | AC186: =IF(Filter!AB186="a",Test!AC186,"") | AD186: =IF(Filter!AC186="a",Test!AD186,"") | AE186: =IF(ISBLANK(Test!AE186),"",Test!AE186) | AF186: =IF(Filter!AE186="a",Test!AF186,"") | AG186: =IF(Filter!AF186="a",Test!AG186,"") | AH186: =IF(Filter!AG186="a",Test!AH186,"") | AI186: =IF(Filter!AH186="a",Test!AI186,"") | AJ186: =IF(ISBLANK(Test!AJ186),"",Test!AJ186) | AK186: =IF(Filter!AJ186="a",Test!AK186,"") | AL186: =IF(Filter!AK186="a",Test!AL186,"") | AM186: =IF(Filter!AL186="a",Test!AM186,"") | AN186: =IF(Filter!AM186="a",Test!AN186,"") | AO186: =IF(ISBLANK(Test!AO186),"",Test!AO186) | AP186: =IF(Filter!AO186="a",Test!AP186,"") | AQ186: =IF(Filter!AP186="a",Test!AQ186,"") | AR186: =IF(Filter!AQ186="a",Test!AR186,"") | AS186: =IF(Filter!AR186="a",Test!AS186,"") | AT186: =IF(ISBLANK(Test!AT186),"",Test!AT186) | AU186: =IF(Filter!AT186="a",Test!AU186,"") | AV186: =IF(Filter!AU186="a",Test!AV186,"") | AW186: =IF(ISBLANK(Test!AW186),"",Test!AW186) | AX186: =IF(Filter!AW186="a",Test!AX186,"") | AY186: =IF(Filter!AX186="a",Test!AY186,"") | AZ186: =IF(ISBLANK(Test!AZ186),"",Test!AZ186) | BA186: =IF(Filter!AZ186="a",Test!BA186,"") | BB186: =IF(ISBLANK(Test!BB186),"",Test!BB186) | BC186: =IF(Filter!BB186="a",Test!BC186,"") | BD186: =IF(Filter!BC186="a",Test!BD186,"") | BE186: =IF(ISBLANK(Test!BE186),"",Test!BE186) | BF186: =IF(Filter!BE186="a",Test!BF186,"") | BG186: =IF(Filter!BF186="a",Test!BG186,"") | BH186: =IF(ISBLANK(Test!BH186),"",Test!BH186) | BI186: =IF(Filter!BH186="a",Test!BI186,"") | BJ186: =IF(Filter!BI186="a",Test!BJ186,"") | BK186: =IF(ISBLANK(Test!BK186),"",Test!BK186) | BL186: =IF(Filter!BK186="a",Test!BL186,"") | BM186: =IF(Filter!BL186="a",Test!BM186,"") | BN186: =IF(Filter!BM186="a",Test!BN186,"") | BO186: =IF(Filter!BN186="a",Test!BO186,"") | BP186: =IF(ISBLANK(Test!BP186),"",Test!BP186) | BQ186: =IF(Filter!BP186="a",Test!BQ186,"") | BR186: =IF(Filter!BQ186="a",Test!BR186,"") | BS186: =IF(ISBLANK(Test!BS186),"",Test!BS186) | BT186: =IF(Filter!BS186="a",Test!BT186,"") | BU186: =IF(Filter!BT186="a",Test!BU186,"")
