Workbook

Sheet Design
A1: LAVERS RANCH VINEYARD DESIGN
A4: Field Constraints:
B5: Crop: Wine Grapes
B6: Location: Glenville, Ca
B7: Crop Spacing | D7: 8 | E7: ft by | F7: 6 | G7: ft
B8: Field Size: | C8: 2 separate field
C9: Field A | D9: 13.4 | E9: acres
C10: Field B | D10: 19 | E10: acres
B12: Vineyard row runs NE to SW
B14: Peak Eto Rate = | D14: 0.34 | E14: inches/day
B16: Assuming 40% crop coverage
C17: Kc = | D17: 0.7
B19: Sandy Loam Soil
B21: Irrigation
C22: 24 | D22: hours | E22: 7 | F22: days
A25: 1. Determine Peak ET rate
B27: Peak Eto | C27: =D14 -> 0.34 | D27: inches/day in May from CIMIS Spatial Data
B29: Kc | C29: =D17 -> 0.7
B31: Peak Et = Eto * Kc
B33: Peak ET | C33: =C27*C29 -> 0.238 | D33: inches/day
C34: * Assume 10% increase with drip
B35: Peak ET | C35: =C33*1.1 -> 0.2618 | D35: inches/day
A38: 2. Estimate GPH/vine needed
B42: =C35 -> 0.2618 | C42: inches/day
B43: =C22 -> 24 | C43: hours/day
B44: =E22 -> 7 | C44: days/week
B45: =D7 -> 8 | C45: ft by | D45: =F7 -> 6 | E45: ft Vine spacing
B46: =B45*D45 -> 48 | C46: Sq. ft Vine spacing area
B48: =B42*B46/(96.3*B43) -> 0.0054371755 | C48: GPM/vine (net)
B49: =B48*60 -> 0.32623053 | C49: GPH/vine (net)
B51: * Assuming perfect timing, and no over-irrigation at "driest" point during
C52: peak ET. With drip irrigation, the percent spray loss is zero
B53: * Use DU of 0.8 so that as the systems deteriorates with time, there will be
C54: less chance of under-irrigation on a portion of the field
B55: 0.8 | C55: DU (assumed)
B61: =B49/B55 -> 0.40778816 | C61: GPH/Vine (gross)
A67: 3. Estimate the Number of Emitters/Vine:
A69: Soil Type | D69: Additional Lateral Movement for Drip
D70: Radius (ft)
A71: Coars Sand | D71: 0.5 - 1.5
A72: Fine Sand | D72: 1.0 - 3.0
A73: Loam | D73: 3.0 - 4.5
A74: Heavy Clay | D74: 4.0 - 6.0
B76: *The soil type for the field is a sandy loam so use an additional 3.0 ft
C77: Diameter | D77: 6 | E77: ft
B79: With one emitter/vine on this soil, the wetted volume
B83: Wetted Volume | D83: =(3.14*(D77^2))/4 -> 28.26 | E83: ft2
B88: Vine Spacing | D88: =B46 -> 48 | E88: ft2
B90: % Wetted Volume | D90: =D83/D88*100 -> 58.875 | E90: %
B92: This does not meet the necessary requirement of 60% wetted soil volume.
B93: * 2 Emitters will be used per vine as specified in the picture below
A108: 4.) Examine the Number of Irrigation Blocks Needed:
B109: * First the proper emitter must be selected. The objective is to select an emitter that
B110: operates ata reasonable pressure (generally between 13 - 25 psi) and which provides
B111: the correct application in the selected number of hours.
B113: * Use DNCP12 - Wdpkr PC, 1/2 GPH (#2)
B114: 0.5 | C114: GPH/emitter
B115: Pressure Range from 10-70 psi
B116: 2 | C116: emitter per vine
B117: 18 | C117: inch emitter spacing from center of vine
B119: Field A
C120: =D9 -> 13.4 | D120: acres
C121: =C120*43560 -> 583704 | D121: ft2
C122: =B46 -> 48 | D122: ft2 Vine spacing area
C124: =ROUNDDOWN(C121/C122,0) -> 12160 | D124: Number of Vines
C125: =C124*B116 -> 24320 | D125: Number of Emitters
C127: =C125*B114 -> 12160 | D127: GPH, Field Flow Rate
C128: =ROUNDUP(C127/60,0) -> 203 | D128: GPM, Field Flow Rate
B132: Field B
C133: =D10 -> 19 | D133: acres
C134: =C133*43560 -> 827640 | D134: ft2
C135: =C122 -> 48 | D135: ft2 Vine spacing area
C137: =ROUNDDOWN(C134/C135,0) -> 17242 | D137: Number of Vines
C138: =C137*B116 -> 34484 | D138: Number of Emitters
C140: =C138*B114 -> 17242 | D140: GPH, Field Flow Rate
C141: =ROUNDUP(C140/60,0) -> 288 | D141: GPM, Field Flow Rate
A144: 5.) Design Block Sizes for each field
B147: Field A | F147: Field B
B148: Block 1 | C148: Block 2 | D148: Block 3 | E148: Block 4 | F148: Block 5 | G148: Block 6 | H148: Block 7 | I148: Block 8 | J148: Block 9 | K148: Block 10
A149: Area, ft2 | B149: 141895 | C149: 143113 | D149: 150094 | E149: 142430 | F149: 142743 | G149: 146385 | H149: 141070 | I149: 134502 | J149: 136067 | K149: 126889
A150: Area, acre | B150: =B149/43560 -> 3.257461 | C150: =C149/43560 -> 3.2854224 | D150: =D149/43560 -> 3.4456841 | E150: =E149/43560 -> 3.2697429 | F150: =F149/43560 -> 3.2769284 | G150: =G149/43560 -> 3.3605372 | H150: =H149/43560 -> 3.2385216 | I150: =I149/43560 -> 3.087741 | ... K150: =K149/43560 -> 2.9129706
A151: Vine Spacing Area, ft2 | B151: =$C$122 -> 48 | C151: =$C$122 -> 48 | D151: =$C$122 -> 48 | E151: =$C$122 -> 48 | F151: =$C$122 -> 48 | G151: =$C$122 -> 48 | H151: =$C$122 -> 48 | I151: =$C$122 -> 48 | ... K151: =$C$122 -> 48
A152: Emitters per Vine | B152: =$B$116 -> 2 | C152: =$B$116 -> 2 | D152: =$B$116 -> 2 | E152: =$B$116 -> 2 | F152: =$B$116 -> 2 | G152: =$B$116 -> 2 | H152: =$B$116 -> 2 | I152: =$B$116 -> 2 | ... K152: =$B$116 -> 2
A153: GPH per emitter | B153: =$B$114 -> 0.5 | C153: =$B$114 -> 0.5 | D153: =$B$114 -> 0.5 | E153: =$B$114 -> 0.5 | F153: =$B$114 -> 0.5 | G153: =$B$114 -> 0.5 | H153: =$B$114 -> 0.5 | I153: =$B$114 -> 0.5 | ... K153: =$B$114 -> 0.5
A154: Vines per Block | B154: =ROUNDDOWN(B149/B151,0) -> 2956 | C154: =ROUNDDOWN(C149/C151,0) -> 2981 | D154: =ROUNDDOWN(D149/D151,0) -> 3126 | E154: =ROUNDDOWN(E149/E151,0) -> 2967 | F154: =ROUNDDOWN(F149/F151,0) -> 2973 | G154: =ROUNDDOWN(G149/G151,0) -> 3049 | H154: =ROUNDDOWN(H149/H151,0) -> 2938 | I154: =ROUNDDOWN(I149/I151,0) -> 2802 | ... K154: =ROUNDDOWN(K149/K151,0) -> 2643
A155: GPH per Block | B155: =B154*B153*B152 -> 2956 | C155: =C154*C153*C152 -> 2981 | D155: =D154*D153*D152 -> 3126 | E155: =E154*E153*E152 -> 2967 | F155: =F154*F153*F152 -> 2973 | G155: =G154*G153*G152 -> 3049 | H155: =H154*H153*H152 -> 2938 | I155: =I154*I153*I152 -> 2802 | ... K155: =K154*K153*K152 -> 2643
A156: GPM per Block | B156: =B155/60 -> 49.266667 | C156: =C155/60 -> 49.683333 | D156: =D155/60 -> 52.1 | E156: =E155/60 -> 49.45 | F156: =F155/60 -> 49.55 | G156: =G155/60 -> 50.816667 | H156: =H155/60 -> 48.966667 | I156: =I155/60 -> 46.7 | ... K156: =K155/60 -> 44.05
C157: * 16 ft road seperates each block
B159: Block Layout
A189: 6.) Analysis of Longest Lateral for Hose Sizing
C192: Field B
C193: Block 6
B194: Min. P, PSI | C194: ='Block 6'!B306 -> 10.693775
B195: Max. P, PSI | C195: ='Block 6'!B307 -> 25
B196: Change in P, PSI | C196: ='Block 6'!B308 -> 14.306225
C197: *Values found using 0.72" hose, see block appendix for more details.
B199: * Block 6 has the longest run length with 1531 feet downhill with a change in elevation of 10 feet.
B200: * From the specifications given by Netafim for the WPC 0.5 emitter, it will succesfully supply 0.5 GPH for a range
B201: of pressure from about 5 psi to 50 psi.
B202: *Therefore the pressure through the lateral can not decrease below 5 psi.
...

Sheet Block 1
A1: BLOCK 1
A3: Sub-mainline Sizing and Pressure
B6: 150 | C6: C-value for PVC ID > 5"
B7: 145 | C7: C-value for PVC 1.5" < = ID < = 5"
B8: 140 | C8: C-value for PVC < 1.5"
B9: 10 | C9: feet, Total Elevation Drop
B10: 743.9 | C10: feet, Length of Sub-mainline
B11: =B9/B10 -> 0.013442667 | C11: ft/ft, Change in Elevation
B12: 0.5 | C12: GPH/emitter
B13: =B12/60 -> 0.0083333333 | C13: GPM/emitter
B14: 3.045 | C14: ft, emitter spacing
B17: Chg. Elev = Length * ft/ft (elevation change worst case)
B18: Chg. P = Chg. Elev + Hf
A20: Section A
A21: Row | B21: Row Length ft | C21: GPM per Row | D21: Pressure PSI | E21: Length ft | F21: GPM | G21: Pipe ID, in | H21: Velocity, ft/sec | I21: C-Value | J21: Hf (psi) | K21: Chg. Elev (psi) | L21: Chg. P (psi)
A22: Inlet | B22: 0 | C22: 0 | D22: 25 | E22: 0 | F22: 52.5 | G22: 2.193 | H22: =(F22/448.8)/(3.14*((G22/12)^2)/4) -> 4.4619225 | I22: =IF(G22>5,$B$6,IF(5>=G22>1.5,$B$7,IF(1.5>G22,$B$8,0))) -> 145 | J22: =(1050*((F22/I22)^1.852)*(E22/100)*(G22^-4.87))/2.31 -> 0 | K22: =E22*$B$11 -> 0 | L22: =K22-J22 -> 0
A23: 1 | B23: 22.3 | C23: =(B23/$B$14)*$B$13 -> 0.061029009 | D23: =D22+L22 -> 25 | E23: 15.5 | F23: =F22-C23 -> 52.438971 | G23: 2.193 | H23: =(F23/448.8)/(3.14*((G23/12)^2)/4) -> 4.4567358 | I23: =IF(G23>5,$B$6,IF(5>=G23>1.5,$B$7,IF(1.5>G23,$B$8,0))) -> 145 | J23: =(1050*((F23/I23)^1.852)*(E23/100)*(G23^-4.87))/2.31 -> 0.23388203 | K23: =E23*$B$11 -> 0.20836134 | L23: =K23-J23 -> -0.025520687
A24: =A23+1 -> 2 | B24: 33.5 | C24: =(B24/$B$14)*$B$13 -> 0.09168035 | D24: =D23+L23 -> 24.974479 | E24: 7.7 | F24: =F23-C24 -> 52.347291 | G24: 2.193 | H24: =(F24/448.8)/(3.14*((G24/12)^2)/4) -> 4.4489439 | I24: =IF(G24>5,$B$6,IF(5>=G24>1.5,$B$7,IF(1.5>G24,$B$8,0))) -> 145 | J24: =(1050*((F24/I24)^1.852)*(E24/100)*(G24^-4.87))/2.31 -> 0.11581063 | K24: =E24*$B$11 -> 0.10350854 | L24: =K24-J24 -> -0.012302099
A25: =A24+1 -> 3 | B25: 44.6 | C25: =(B25/$B$14)*$B$13 -> 0.12205802 | D25: =D24+L24 -> 24.962177 | E25: 7.7 | F25: =F24-C25 -> 52.225233 | G25: 2.193 | H25: =(F25/448.8)/(3.14*((G25/12)^2)/4) -> 4.4385703 | I25: =IF(G25>5,$B$6,IF(5>=G25>1.5,$B$7,IF(1.5>G25,$B$8,0))) -> 145 | J25: =(1050*((F25/I25)^1.852)*(E25/100)*(G25^-4.87))/2.31 -> 0.11531103 | K25: =E25*$B$11 -> 0.10350854 | L25: =K25-J25 -> -0.01180249
A26: =A25+1 -> 4 | B26: 55.8 | C26: =(B26/$B$14)*$B$13 -> 0.15270936 | D26: =D25+L25 -> 24.950375 | E26: 7.7 | F26: =F25-C26 -> 52.072523 | G26: 2.193 | H26: =(F26/448.8)/(3.14*((G26/12)^2)/4) -> 4.4255917 | I26: =IF(G26>5,$B$6,IF(5>=G26>1.5,$B$7,IF(1.5>G26,$B$8,0))) -> 145 | J26: =(1050*((F26/I26)^1.852)*(E26/100)*(G26^-4.87))/2.31 -> 0.11468736 | K26: =E26*$B$11 -> 0.10350854 | L26: =K26-J26 -> -0.011178819
A27: =A26+1 -> 5 | B27: 66.9 | C27: =(B27/$B$14)*$B$13 -> 0.18308703 | D27: =D26+L26 -> 24.939196 | E27: 7.7 | F27: =F26-C27 -> 51.889436 | G27: 2.193 | H27: =(F27/448.8)/(3.14*((G27/12)^2)/4) -> 4.4100313 | I27: =IF(G27>5,$B$6,IF(5>=G27>1.5,$B$7,IF(1.5>G27,$B$8,0))) -> 145 | J27: =(1050*((F27/I27)^1.852)*(E27/100)*(G27^-4.87))/2.31 -> 0.11394167 | K27: =E27*$B$11 -> 0.10350854 | L27: =K27-J27 -> -0.010433136
A28: =A27+1 -> 6 | B28: 78.1 | C28: =(B28/$B$14)*$B$13 -> 0.21373837 | D28: =D27+L27 -> 24.928763 | E28: 7.7 | F28: =F27-C28 -> 51.675698 | G28: 2.193 | H28: =(F28/448.8)/(3.14*((G28/12)^2)/4) -> 4.3918659 | I28: =IF(G28>5,$B$6,IF(5>=G28>1.5,$B$7,IF(1.5>G28,$B$8,0))) -> 145 | J28: =(1050*((F28/I28)^1.852)*(E28/100)*(G28^-4.87))/2.31 -> 0.11307398 | K28: =E28*$B$11 -> 0.10350854 | L28: =K28-J28 -> -0.0095654465
A29: =A28+1 -> 7 | B29: 89.2 | C29: =(B29/$B$14)*$B$13 -> 0.24411604 | D29: =D28+L28 -> 24.919197 | E29: 7.7 | F29: =F28-C29 -> 51.431582 | G29: 2.193 | H29: =(F29/448.8)/(3.14*((G29/12)^2)/4) -> 4.3711188 | I29: =IF(G29>5,$B$6,IF(5>=G29>1.5,$B$7,IF(1.5>G29,$B$8,0))) -> 145 | J29: =(1050*((F29/I29)^1.852)*(E29/100)*(G29^-4.87))/2.31 -> 0.11208671 | K29: =E29*$B$11 -> 0.10350854 | L29: =K29-J29 -> -0.0085781705
A30: =A29+1 -> 8 | B30: 100.4 | C30: =(B30/$B$14)*$B$13 -> 0.27476738 | D30: =D29+L29 -> 24.910619 | E30: 7.7 | F30: =F29-C30 -> 51.156814 | G30: 2.193 | H30: =(F30/448.8)/(3.14*((G30/12)^2)/4) -> 4.3477665 | I30: =IF(G30>5,$B$6,IF(5>=G30>1.5,$B$7,IF(1.5>G30,$B$8,0))) -> 145 | J30: =(1050*((F30/I30)^1.852)*(E30/100)*(G30^-4.87))/2.31 -> 0.11098023 | K30: =E30*$B$11 -> 0.10350854 | L30: =K30-J30 -> -0.0074716981
A31: =A30+1 -> 9 | B31: 111.6 | C31: =(B31/$B$14)*$B$13 -> 0.30541872 | D31: =D30+L30 -> 24.903147 | E31: 7.7 | F31: =F30-C31 -> 50.851396 | G31: 2.193 | H31: =(F31/448.8)/(3.14*((G31/12)^2)/4) -> 4.3218093 | I31: =IF(G31>5,$B$6,IF(5>=G31>1.5,$B$7,IF(1.5>G31,$B$8,0))) -> 145 | J31: =(1050*((F31/I31)^1.852)*(E31/100)*(G31^-4.87))/2.31 -> 0.10975626 | K31: =E31*$B$11 -> 0.10350854 | L31: =K31-J31 -> -0.0062477233
A32: =A31+1 -> 10 | B32: 122.7 | C32: =(B32/$B$14)*$B$13 -> 0.33579639 | D32: =D31+L31 -> 24.8969 | E32: 7.7 | F32: =F31-C32 -> 50.515599 | G32: 2.193 | H32: =(F32/448.8)/(3.14*((G32/12)^2)/4) -> 4.2932703 | I32: =IF(G32>5,$B$6,IF(5>=G32>1.5,$B$7,IF(1.5>G32,$B$8,0))) -> 145 | J32: =(1050*((F32/I32)^1.852)*(E32/100)*(G32^-4.87))/2.31 -> 0.10841776 | K32: =E32*$B$11 -> 0.10350854 | L32: =K32-J32 -> -0.0049092195
A33: =A32+1 -> 11 | B33: 133.9 | C33: =(B33/$B$14)*$B$13 -> 0.36644773 | D33: =D32+L32 -> 24.891991 | E33: 7.7 | F33: =F32-C33 -> 50.149152 | G33: 2.193 | H33: =(F33/448.8)/(3.14*((G33/12)^2)/4) -> 4.2621263 | I33: =IF(G33>5,$B$6,IF(5>=G33>1.5,$B$7,IF(1.5>G33,$B$8,0))) -> 145 | J33: =(1050*((F33/I33)^1.852)*(E33/100)*(G33^-4.87))/2.31 -> 0.1069657 | K33: =E33*$B$11 -> 0.10350854 | L33: =K33-J33 -> -0.0034571638
A34: =A33+1 -> 12 | B34: 145 | C34: =(B34/$B$14)*$B$13 -> 0.3968254 | D34: =D33+L33 -> 24.888533 | E34: 7.7 | F34: =F33-C34 -> 49.752326 | G34: 2.193 | H34: =(F34/448.8)/(3.14*((G34/12)^2)/4) -> 4.2284005 | I34: =IF(G34>5,$B$6,IF(5>=G34>1.5,$B$7,IF(1.5>G34,$B$8,0))) -> 145 | J34: =(1050*((F34/I34)^1.852)*(E34/100)*(G34^-4.87))/2.31 -> 0.10540344 | K34: =E34*$B$11 -> 0.10350854 | L34: =K34-J34 -> -0.0018949
A35: =A34+1 -> 13 | B35: 156.2 | C35: =(B35/$B$14)*$B$13 -> 0.42747674 | D35: =D34+L34 -> 24.886638 | E35: 7.7 | F35: =F34-C35 -> 49.324849 | G35: 2.193 | H35: =(F35/448.8)/(3.14*((G35/12)^2)/4) -> 4.1920697 | I35: =IF(G35>5,$B$6,IF(5>=G35>1.5,$B$7,IF(1.5>G35,$B$8,0))) -> 145 | J35: =(1050*((F35/I35)^1.852)*(E35/100)*(G35^-4.87))/2.31 -> 0.10373234 | K35: =E35*$B$11 -> 0.10350854 | L35: =K35-J35 -> -0.00022380309
... A50: =A49+1 -> 28 | B50: 161.2 | C50: =(B50/$B$14)*$B$13 -> 0.44116037 | D50: =D49+L49 -> 25.062059 | E50: 7.7 | F50: =F49-C50 -> 42.562124 | G50: 2.193 | H50: =(F50/448.8)/(3.14*((G50/12)^2)/4) -> 3.6173124 | I50: =IF(G50>5,$B$6,IF(5>=G50>1.5,$B$7,IF(1.5>G50,$B$8,0))) -> 145 | J50: =(1050*((F50/I50)^1.852)*(E50/100)*(G50^-4.87))/2.31 -> 0.078941886 | K50: =E50*$B$11 -> 0.10350854 | L50: =K50-J50 -> 0.02456665
A51: Section B
A52: 29 | B52: 167.7 | C52: =(B52/$B$14)*$B$13 -> 0.4589491 | D52: =D50+L50 -> 25.086626 | E52: 11.2 | F52: =F50-C52 -> 42.103175 | G52: 2.193 | H52: =(F52/448.8)/(3.14*((G52/12)^2)/4) -> 3.5783067 | I52: =IF(G52>5,$B$6,IF(5>=G52>1.5,$B$7,IF(1.5>G52,$B$8,0))) -> 145 | J52: =(1050*((F52/I52)^1.852)*(E52/100)*(G52^-4.87))/2.31 -> 0.11254203 | K52: =E52*$B$11 -> 0.15055787 | L52: =K52-J52 -> 0.038015838
A53: =A52+1 -> 30 | B53: 175.7 | C53: =(B53/$B$14)*$B$13 -> 0.48084291 | D53: =D52+L52 -> 25.124641 | E53: 11.8 | F53: =F52-C53 -> 41.622332 | G53: 2.193 | H53: =(F53/448.8)/(3.14*((G53/12)^2)/4) -> 3.5374404 | I53: =IF(G53>5,$B$6,IF(5>=G53>1.5,$B$7,IF(1.5>G53,$B$8,0))) -> 145 | J53: =(1050*((F53/I53)^1.852)*(E53/100)*(G53^-4.87))/2.31 -> 0.11607539 | K53: =E53*$B$11 -> 0.15862347 | L53: =K53-J53 -> 0.04254808
A54: =A53+1 -> 31 | B54: 183.8 | C54: =(B54/$B$14)*$B$13 -> 0.5030104 | D54: =D53+L53 -> 25.16719 | E54: 11.8 | F54: =F53-C54 -> 41.119321 | G54: 2.193 | H54: =(F54/448.8)/(3.14*((G54/12)^2)/4) -> 3.49469 | I54: =IF(G54>5,$B$6,IF(5>=G54>1.5,$B$7,IF(1.5>G54,$B$8,0))) -> 145 | J54: =(1050*((F54/I54)^1.852)*(E54/100)*(G54^-4.87))/2.31 -> 0.11349082 | K54: =E54*$B$11 -> 0.15862347 | L54: =K54-J54 -> 0.045132653
A55: =A54+1 -> 32 | B55: 191.8 | C55: =(B55/$B$14)*$B$13 -> 0.52490421 | D55: =D54+L54 -> 25.212322 | E55: 11.8 | F55: =F54-C55 -> 40.594417 | G55: 2.193 | H55: =(F55/448.8)/(3.14*((G55/12)^2)/4) -> 3.4500789 | I55: =IF(G55>5,$B$6,IF(5>=G55>1.5,$B$7,IF(1.5>G55,$B$8,0))) -> 145 | J55: =(1050*((F55/I55)^1.852)*(E55/100)*(G55^-4.87))/2.31 -> 0.11082232 | K55: =E55*$B$11 -> 0.15862347 | L55: =K55-J55 -> 0.047801146
A56: =A55+1 -> 33 | B56: 199.9 | C56: =(B56/$B$14)*$B$13 -> 0.5470717 | D56: =D55+L55 -> 25.260123 | E56: 11.8 | F56: =F55-C56 -> 40.047345 | G56: 2.193 | H56: =(F56/448.8)/(3.14*((G56/12)^2)/4) -> 3.4035839 | I56: =IF(G56>5,$B$6,IF(5>=G56>1.5,$B$7,IF(1.5>G56,$B$8,0))) -> 145 | J56: =(1050*((F56/I56)^1.852)*(E56/100)*(G56^-4.87))/2.31 -> 0.10807225 | K56: =E56*$B$11 -> 0.15862347 | L56: =K56-J56 -> 0.050551218
A57: =A56+1 -> 34 | B57: 215.7 | C57: =(B57/$B$14)*$B$13 -> 0.59031199 | D57: =D56+L56 -> 25.310675 | E57: 11.8 | F57: =F56-C57 -> 39.457033 | G57: 2.193 | H57: =(F57/448.8)/(3.14*((G57/12)^2)/4) -> 3.3534138 | I57: =IF(G57>5,$B$6,IF(5>=G57>1.5,$B$7,IF(1.5>G57,$B$8,0))) -> 145 | J57: =(1050*((F57/I57)^1.852)*(E57/100)*(G57^-4.87))/2.31 -> 0.10514051 | K57: =E57*$B$11 -> 0.15862347 | L57: =K57-J57 -> 0.053482958
A58: =A57+1 -> 35 | B58: 233.1 | C58: =(B58/$B$14)*$B$13 -> 0.63793103 | D58: =D57+L57 -> 25.364157 | E58: 11.8 | F58: =F57-C58 -> 38.819102 | G58: 2.193 | H58: =(F58/448.8)/(3.14*((G58/12)^2)/4) -> 3.2991967 | I58: =IF(G58>5,$B$6,IF(5>=G58>1.5,$B$7,IF(1.5>G58,$B$8,0))) -> 145 | J58: =(1050*((F58/I58)^1.852)*(E58/100)*(G58^-4.87))/2.31 -> 0.10201403 | K58: =E58*$B$11 -> 0.15862347 | L58: =K58-J58 -> 0.056609443
A59: =A58+1 -> 36 | B59: 250.4 | C59: =(B59/$B$14)*$B$13 -> 0.68527641 | D59: =D58+L58 -> 25.420767 | E59: 11.8 | F59: =F58-C59 -> 38.133826 | G59: 2.193 | H59: =(F59/448.8)/(3.14*((G59/12)^2)/4) -> 3.2409558 | I59: =IF(G59>5,$B$6,IF(5>=G59>1.5,$B$7,IF(1.5>G59,$B$8,0))) -> 145 | J59: =(1050*((F59/I59)^1.852)*(E59/100)*(G59^-4.87))/2.31 -> 0.098703937 | K59: =E59*$B$11 -> 0.15862347 | L59: =K59-J59 -> 0.059919534
A60: =A59+1 -> 37 | B60: 267.8 | C60: =(B60/$B$14)*$B$13 -> 0.73289546 | D60: =D59+L59 -> 25.480686 | E60: 11.8 | F60: =F59-C60 -> 37.40093 | G60: 2.193 | H60: =(F60/448.8)/(3.14*((G60/12)^2)/4) -> 3.1786677 | I60: =IF(G60>5,$B$6,IF(5>=G60>1.5,$B$7,IF(1.5>G60,$B$8,0))) -> 145 | J60: =(1050*((F60/I60)^1.852)*(E60/100)*(G60^-4.87))/2.31 -> 0.095219494 | K60: =E60*$B$11 -> 0.15862347 | L60: =K60-J60 -> 0.063403977
A61: =A60+1 -> 38 | B61: 285.2 | C61: =(B61/$B$14)*$B$13 -> 0.7805145 | D61: =D60+L60 -> 25.54409 | E61: 11.8 | F61: =F60-C61 -> 36.620416 | G61: 2.193 | H61: =(F61/448.8)/(3.14*((G61/12)^2)/4) -> 3.1123326 | I61: =IF(G61>5,$B$6,IF(5>=G61>1.5,$B$7,IF(1.5>G61,$B$8,0))) -> 145 | J61: =(1050*((F61/I61)^1.852)*(E61/100)*(G61^-4.87))/2.31 -> 0.091572095 | K61: =E61*$B$11 -> 0.15862347 | L61: =K61-J61 -> 0.067051375
A62: =A61+1 -> 39 | B62: 302.5 | C62: =(B62/$B$14)*$B$13 -> 0.82785988 | D62: =D61+L61 -> 25.611142 | E62: 11.8 | F62: =F61-C62 -> 35.792556 | G62: 2.193 | H62: =(F62/448.8)/(3.14*((G62/12)^2)/4) -> 3.0419736 | I62: =IF(G62>5,$B$6,IF(5>=G62>1.5,$B$7,IF(1.5>G62,$B$8,0))) -> 145 | J62: =(1050*((F62/I62)^1.852)*(E62/100)*(G62^-4.87))/2.31 -> 0.087775186 | K62: =E62*$B$11 -> 0.15862347 | L62: =K62-J62 -> 0.070848285
A63: =A62+1 -> 40 | B63: 319.9 | C63: =(B63/$B$14)*$B$13 -> 0.87547893 | D63: =D62+L62 -> 25.68199 | E63: 11.8 | F63: =F62-C63 -> 34.917077 | G63: 2.193 | H63: =(F63/448.8)/(3.14*((G63/12)^2)/4) -> 2.9675675 | I63: =IF(G63>5,$B$6,IF(5>=G63>1.5,$B$7,IF(1.5>G63,$B$8,0))) -> 145 | J63: =(1050*((F63/I63)^1.852)*(E63/100)*(G63^-4.87))/2.31 -> 0.08384049 | K63: =E63*$B$11 -> 0.15862347 | L63: =K63-J63 -> 0.074782981
A64: =A63+1 -> 41 | B64: 337.2 | C64: =(B64/$B$14)*$B$13 -> 0.9228243 | D64: =D63+L63 -> 25.756773 | E64: 11.8 | F64: =F63-C64 -> 33.994253 | G64: 2.193 | H64: =(F64/448.8)/(3.14*((G64/12)^2)/4) -> 2.8891376 | I64: =IF(G64>5,$B$6,IF(5>=G64>1.5,$B$7,IF(1.5>G64,$B$8,0))) -> 145 | J64: =(1050*((F64/I64)^1.852)*(E64/100)*(G64^-4.87))/2.31 -> 0.07978305 | K64: =E64*$B$11 -> 0.15862347 | L64: =K64-J64 -> 0.07884042
A65: Section C
A66: =A64+1 -> 42 | B66: 378.4 | C66: =(B66/$B$14)*$B$13 -> 1.0355774 | D66: =D64+L64 -> 25.835613 | E66: 31.3 | F66: =F64-C66 -> 32.958675 | G66: 1.72 | H66: =(F66/448.8)/(3.14*((G66/12)^2)/4) -> 4.5535787 | I66: =IF(G66>5,$B$6,IF(5>=G66>1.5,$B$7,IF(1.5>G66,$B$8,0))) -> 145 | J66: =(1050*((F66/I66)^1.852)*(E66/100)*(G66^-4.87))/2.31 -> 0.65241593 | K66: =E66*$B$11 -> 0.42075548 | L66: =K66-J66 -> -0.23166045
A67: =A66+1 -> 43 | B67: 428 | C67: =(B67/$B$14)*$B$13 -> 1.1713191 | D67: =D66+L66 -> 25.603953 | E67: 41.9 | F67: =F66-C67 -> 31.787356 | G67: 1.72 | H67: =(F67/448.8)/(3.14*((G67/12)^2)/4) -> 4.3917489 | I67: =IF(G67>5,$B$6,IF(5>=G67>1.5,$B$7,IF(1.5>G67,$B$8,0))) -> 145 | J67: =(1050*((F67/I67)^1.852)*(E67/100)*(G67^-4.87))/2.31 -> 0.81675055 | K67: =E67*$B$11 -> 0.56324775 | L67: =K67-J67 -> -0.2535028
A68: =A67+1 -> 44 | B68: 477.6 | C68: =(B68/$B$14)*$B$13 -> 1.3070608 | D68: =D67+L67 -> 25.35045 | E68: 41.9 | F68: =F67-C68 -> 30.480296 | G68: 1.72 | H68: =(F68/448.8)/(3.14*((G68/12)^2)/4) -> 4.2111651 | I68: =IF(G68>5,$B$6,IF(5>=G68>1.5,$B$7,IF(1.5>G68,$B$8,0))) -> 145 | J68: =(1050*((F68/I68)^1.852)*(E68/100)*(G68^-4.87))/2.31 -> 0.75564494 | K68: =E68*$B$11 -> 0.56324775 | L68: =K68-J68 -> -0.19239719
A69: =A68+1 -> 45 | B69: 527.1 | C69: =(B69/$B$14)*$B$13 -> 1.4425287 | D69: =D68+L68 -> 25.158053 | E69: 41.9 | F69: =F68-C69 -> 29.037767 | G69: 1.72 | H69: =(F69/448.8)/(3.14*((G69/12)^2)/4) -> 4.011865 | I69: =IF(G69>5,$B$6,IF(5>=G69>1.5,$B$7,IF(1.5>G69,$B$8,0))) -> 145 | J69: =(1050*((F69/I69)^1.852)*(E69/100)*(G69^-4.87))/2.31 -> 0.69075198 | K69: =E69*$B$11 -> 0.56324775 | L69: =K69-J69 -> -0.12750423
A70: =A69+1 -> 46 | B70: 576.7 | C70: =(B70/$B$14)*$B$13 -> 1.5782704 | D70: =D69+L69 -> 25.030549 | E70: 41.9 | F70: =F69-C70 -> 27.459496 | G70: 1.72 | H70: =(F70/448.8)/(3.14*((G70/12)^2)/4) -> 3.7938107 | I70: =IF(G70>5,$B$6,IF(5>=G70>1.5,$B$7,IF(1.5>G70,$B$8,0))) -> 145 | J70: =(1050*((F70/I70)^1.852)*(E70/100)*(G70^-4.87))/2.31 -> 0.62283485 | K70: =E70*$B$11 -> 0.56324775 | L70: =K70-J70 -> -0.059587099
A71: Section D
A72: =A70+1 -> 47 | B72: 614.5 | C72: =(B72/$B$14)*$B$13 -> 1.6817187 | D72: =D70+L70 -> 24.970962 | E72: 31.7 | F72: =F70-C72 -> 25.777778 | G72: 1.72 | H72: =(F72/448.8)/(3.14*((G72/12)^2)/4) -> 3.5614641 | I72: =IF(G72>5,$B$6,IF(5>=G72>1.5,$B$7,IF(1.5>G72,$B$8,0))) -> 145 | J72: =(1050*((F72/I72)^1.852)*(E72/100)*(G72^-4.87))/2.31 -> 0.41916607 | K72: =E72*$B$11 -> 0.42613254 | L72: =K72-J72 -> 0.0069664703
A73: =A72+1 -> 48 | B73: 624.9 | C73: =(B73/$B$14)*$B$13 -> 1.7101806 | D73: =D72+L72 -> 24.977928 | E73: 8 | F73: =F72-C73 -> 24.067597 | G73: 1.72 | H73: =(F73/448.8)/(3.14*((G73/12)^2)/4) -> 3.3251851 | I73: =IF(G73>5,$B$6,IF(5>=G73>1.5,$B$7,IF(1.5>G73,$B$8,0))) -> 145 | J73: =(1050*((F73/I73)^1.852)*(E73/100)*(G73^-4.87))/2.31 -> 0.09315446 | K73: =E73*$B$11 -> 0.10754134 | L73: =K73-J73 -> 0.014386876
A74: =A73+1 -> 49 | B74: 635.3 | C74: =(B74/$B$14)*$B$13 -> 1.7386426 | D74: =D73+L73 -> 24.992315 | E74: 8 | F74: =F73-C74 -> 22.328955 | G74: 1.72 | H74: =(F74/448.8)/(3.14*((G74/12)^2)/4) -> 3.0849738 | I74: =IF(G74>5,$B$6,IF(5>=G74>1.5,$B$7,IF(1.5>G74,$B$8,0))) -> 145 | J74: =(1050*((F74/I74)^1.852)*(E74/100)*(G74^-4.87))/2.31 -> 0.081076406 | K74: =E74*$B$11 -> 0.10754134 | L74: =K74-J74 -> 0.02646493
A75: =A74+1 -> 50 | B75: 645.7 | C75: =(B75/$B$14)*$B$13 -> 1.7671045 | D75: =D74+L74 -> 25.01878 | E75: 8 | F75: =F74-C75 -> 20.56185 | G75: 1.72 | H75: =(F75/448.8)/(3.14*((G75/12)^2)/4) -> 2.8408302 | I75: =IF(G75>5,$B$6,IF(5>=G75>1.5,$B$7,IF(1.5>G75,$B$8,0))) -> 145 | J75: =(1050*((F75/I75)^1.852)*(E75/100)*(G75^-4.87))/2.31 -> 0.069595539 | K75: =E75*$B$11 -> 0.10754134 | L75: =K75-J75 -> 0.037945798
A76: =A75+1 -> 51 | B76: 656.1 | C76: =(B76/$B$14)*$B$13 -> 1.7955665 | D76: =D75+L75 -> 25.056726 | E76: 8 | F76: =F75-C76 -> 18.766284 | G76: 1.72 | H76: =(F76/448.8)/(3.14*((G76/12)^2)/4) -> 2.5927543 | I76: =IF(G76>5,$B$6,IF(5>=G76>1.5,$B$7,IF(1.5>G76,$B$8,0))) -> 145 | J76: =(1050*((F76/I76)^1.852)*(E76/100)*(G76^-4.87))/2.31 -> 0.058760677 | K76: =E76*$B$11 -> 0.10754134 | L76: =K76-J76 -> 0.048780659
A77: =A76+1 -> 52 | B77: 666.5 | C77: =(B77/$B$14)*$B$13 -> 1.8240285 | D77: =D76+L76 -> 25.105506 | E77: 8 | F77: =F76-C77 -> 16.942255 | G77: 1.72 | H77: =(F77/448.8)/(3.14*((G77/12)^2)/4) -> 2.3407461 | I77: =IF(G77>5,$B$6,IF(5>=G77>1.5,$B$7,IF(1.5>G77,$B$8,0))) -> 145 | J77: =(1050*((F77/I77)^1.852)*(E77/100)*(G77^-4.87))/2.31 -> 0.048623355 | K77: =E77*$B$11 -> 0.10754134 | L77: =K77-J77 -> 0.058917981
A78: Section E
A79: =A77+1 -> 53 | B79: 665.2 | C79: =(B79/$B$14)*$B$13 -> 1.8204707 | D79: =D77+L77 -> 25.164424 | E79: 8.5 | F79: =F77-C79 -> 15.121784 | G79: 1.72 | H79: =(F79/448.8)/(3.14*((G79/12)^2)/4) -> 2.0892294 | I79: =IF(G79>5,$B$6,IF(5>=G79>1.5,$B$7,IF(1.5>G79,$B$8,0))) -> 145 | J79: =(1050*((F79/I79)^1.852)*(E79/100)*(G79^-4.87))/2.31 -> 0.041854677 | K79: =E79*$B$11 -> 0.11426267 | L79: =K79-J79 -> 0.072407992
A80: =A79+1 -> 54 | B80: 654.6 | C80: =(B80/$B$14)*$B$13 -> 1.7914614 | D80: =D79+L79 -> 25.236832 | E80: 9.2 | F80: =F79-C80 -> 13.330323 | G80: 1.72 | H80: =(F80/448.8)/(3.14*((G80/12)^2)/4) -> 1.8417207 | I80: =IF(G80>5,$B$6,IF(5>=G80>1.5,$B$7,IF(1.5>G80,$B$8,0))) -> 145 | J80: =(1050*((F80/I80)^1.852)*(E80/100)*(G80^-4.87))/2.31 -> 0.03586683 | K80: =E80*$B$11 -> 0.12367254 | L80: =K80-J80 -> 0.087805707
A81: =A80+1 -> 55 | B81: 644 | C81: =(B81/$B$14)*$B$13 -> 1.7624521 | D81: =D80+L80 -> 25.324638 | E81: 9.2 | F81: =F80-C81 -> 11.567871 | G81: 1.72 | H81: =(F81/448.8)/(3.14*((G81/12)^2)/4) -> 1.5982199 | I81: =IF(G81>5,$B$6,IF(5>=G81>1.5,$B$7,IF(1.5>G81,$B$8,0))) -> 145 | J81: =(1050*((F81/I81)^1.852)*(E81/100)*(G81^-4.87))/2.31 -> 0.027582487 | K81: =E81*$B$11 -> 0.12367254 | L81: =K81-J81 -> 0.09609005
A82: =A81+1 -> 56 | B82: 633.4 | C82: =(B82/$B$14)*$B$13 -> 1.7334428 | D82: =D81+L81 -> 25.420728 | E82: 9.2 | F82: =F81-C82 -> 9.834428 | G82: 1.72 | H82: =(F82/448.8)/(3.14*((G82/12)^2)/4) -> 1.358727 | I82: =IF(G82>5,$B$6,IF(5>=G82>1.5,$B$7,IF(1.5>G82,$B$8,0))) -> 145 | J82: =(1050*((F82/I82)^1.852)*(E82/100)*(G82^-4.87))/2.31 -> 0.020420173 | K82: =E82*$B$11 -> 0.12367254 | L82: =K82-J82 -> 0.10325236
A83: =A82+1 -> 57 | B83: 622.7 | C83: =(B83/$B$14)*$B$13 -> 1.7041598 | D83: =D82+L82 -> 25.523981 | E83: 9.2 | F83: =F82-C83 -> 8.1302682 | G83: 1.72 | H83: =(F83/448.8)/(3.14*((G83/12)^2)/4) -> 1.1232798 | I83: =IF(G83>5,$B$6,IF(5>=G83>1.5,$B$7,IF(1.5>G83,$B$8,0))) -> 145 | J83: =(1050*((F83/I83)^1.852)*(E83/100)*(G83^-4.87))/2.31 -> 0.01435497 | K83: =E83*$B$11 -> 0.12367254 | L83: =K83-J83 -> 0.10931757
A84: =A83+1 -> 58 | B84: 612.1 | C84: =(B84/$B$14)*$B$13 -> 1.6751505 | D84: =D83+L83 -> 25.633298 | E84: 9.2 | F84: =F83-C84 -> 6.4551177 | G84: 1.72 | H84: =(F84/448.8)/(3.14*((G84/12)^2)/4) -> 0.89184064 | I84: =IF(G84>5,$B$6,IF(5>=G84>1.5,$B$7,IF(1.5>G84,$B$8,0))) -> 145 | J84: =(1050*((F84/I84)^1.852)*(E84/100)*(G84^-4.87))/2.31 -> 0.0093633354 | K84: =E84*$B$11 -> 0.12367254 | L84: =K84-J84 -> 0.1143092
A85: =A84+1 -> 59 | B85: 601.5 | C85: =(B85/$B$14)*$B$13 -> 1.6461412 | D85: =D84+L84 -> 25.747607 | E85: 9.2 | F85: =F84-C85 -> 4.8089765 | G85: 1.72 | H85: =(F85/448.8)/(3.14*((G85/12)^2)/4) -> 0.66440936 | I85: =IF(G85>5,$B$6,IF(5>=G85>1.5,$B$7,IF(1.5>G85,$B$8,0))) -> 145 | J85: =(1050*((F85/I85)^1.852)*(E85/100)*(G85^-4.87))/2.31 -> 0.0054281218 | K85: =E85*$B$11 -> 0.12367254 | L85: =K85-J85 -> 0.11824441
A86: =A85+1 -> 60 | B86: 590.9 | C86: =(B86/$B$14)*$B$13 -> 1.6171319 | D86: =D85+L85 -> 25.865852 | E86: 9.2 | F86: =F85-C86 -> 3.1918446 | G86: 1.72 | H86: =(F86/448.8)/(3.14*((G86/12)^2)/4) -> 0.44098602 | I86: =IF(G86>5,$B$6,IF(5>=G86>1.5,$B$7,IF(1.5>G86,$B$8,0))) -> 145 | J86: =(1050*((F86/I86)^1.852)*(E86/100)*(G86^-4.87))/2.31 -> 0.0025408168 | K86: =E86*$B$11 -> 0.12367254 | L86: =K86-J86 -> 0.12113172
A87: =A86+1 -> 61 | B87: 580.3 | C87: =(B87/$B$14)*$B$13 -> 1.5881226 | D87: =D86+L86 -> 25.986983 | E87: 9.2 | F87: =F86-C87 -> 1.6037219 | G87: 1.72 | H87: =(F87/448.8)/(3.14*((G87/12)^2)/4) -> 0.22157062 | I87: =IF(G87>5,$B$6,IF(5>=G87>1.5,$B$7,IF(1.5>G87,$B$8,0))) -> 145 | J87: =(1050*((F87/I87)^1.852)*(E87/100)*(G87^-4.87))/2.31 -> 0.00071021054 | K87: =E87*$B$11 -> 0.12367254 | L87: =K87-J87 -> 0.12296233
A88: =A87+1 -> 62 | B88: 569.6 | C88: =(B88/$B$14)*$B$13 -> 1.5588396 | D88: =D87+L87 -> 26.109946 | E88: 9.2 | F88: =F87-C88 -> 0.044882321 | G88: 1.72 | H88: =(F88/448.8)/(3.14*((G88/12)^2)/4) -> 0.0062009524 | I88: =IF(G88>5,$B$6,IF(5>=G88>1.5,$B$7,IF(1.5>G88,$B$8,0))) -> 145 | J88: =(1050*((F88/I88)^1.852)*(E88/100)*(G88^-4.87))/2.31 -> 9.4434685e-07 | K88: =E88*$B$11 -> 0.12367254 | L88: =K88-J88 -> 0.12367159
C90: Min, P | D90: =MIN(D79:D88,D72:D77,D66:D70,D52:D64,D23:D50) -> 24.886415 | E90: PSI
C91: Max, P | D91: =MAX(D79:D88,D72:D77,D66:D70,D52:D64,D23:D50) -> 26.109946 | E91: PSI
C92: Avg. P, PSI | D92: =AVERAGE(D79:D88,D72:D77,D66:D70,D52:D64,D22:D50) -> 25.181362
C93: GPM | D93: =SUM(C23:C88) -> 52.455118
C94: Sub-Mainline Length, ft | D94: =SUM(E79:E88,E72:E77,E66:E70,E52:E64,E22:E50) -> 738.1

Sheet Block 2
A1: Block 2
A3: Sub-mainline Sizing and Pressure
B6: 150 | C6: C-value for PVC ID > 5"
B7: 145 | C7: C-value for PVC 1.5" < = ID < = 5"
B8: 140 | C8: C-value for PVC < 1.5"
B9: 10 | C9: feet, Total Elevation Drop
B10: 352.3 | C10: feet, Length of Sub-mainline
B11: =B9/B10 -> 0.028384899 | C11: ft/ft, Change in Elevation
B12: 0.5 | C12: GPH/emitter
B13: =B12/60 -> 0.0083333333 | C13: GPM/emitter
B14: 3.045 | C14: ft, emitter spacing
B17: Chg. Elev = Length * ft/ft (elevation change worst case)
B18: Chg. P = Chg. Elev + Hf
A21: Section A
A22: Row | B22: Row Length ft | C22: GPM per Row | D22: Pressure PSI | E22: Length ft | F22: GPM | G22: Pipe ID, in | H22: Velocity, ft/sec | I22: C-Value | J22: Hf (psi) | K22: Chg. Elev (psi) | L22: Chg. P (psi)
A23: Inlet | B23: 0 | C23: 0 | D23: 25 | E23: 0 | F23: 48 | G23: 2.193 | H23: =(F23/448.8)/(3.14*((G23/12)^2)/4) -> 4.079472 | I23: =IF(G23>5,$B$6,IF(5>=G23>1.5,$B$7,IF(1.5>G23,$B$8,0))) -> 145 | J23: =(1050*((F23/I23)^1.852)*(E23/100)*(G23^-4.87))/2.31 -> 0 | K23: =E23*$B$11 -> 0 | L23: =K23-J23 -> 0
A24: 1 | B24: 548.4 | C24: =(B24/$B$14)*$B$13 -> 1.500821 | D24: =D23+L23 -> 25 | E24: 1.26 | F24: =F23-C24 -> 46.499179 | G24: 2.193 | H24: =(F24/448.8)/(3.14*((G24/12)^2)/4) -> 3.9519188 | I24: =IF(G24>5,$B$6,IF(5>=G24>1.5,$B$7,IF(1.5>G24,$B$8,0))) -> 145 | J24: =(1050*((F24/I24)^1.852)*(E24/100)*(G24^-4.87))/2.31 -> 0.015217554 | K24: =E24*$B$11 -> 0.035764973 | L24: =K24-J24 -> 0.020547419
A25: =A24+1 -> 2 | B25: 537.8 | C25: =(B25/$B$14)*$B$13 -> 1.4718117 | D25: =D24+L24 -> 25.020547 | E25: 9.2 | F25: =F24-C25 -> 45.027367 | G25: 2.193 | H25: =(F25/448.8)/(3.14*((G25/12)^2)/4) -> 3.826831 | I25: =IF(G25>5,$B$6,IF(5>=G25>1.5,$B$7,IF(1.5>G25,$B$8,0))) -> 145 | J25: =(1050*((F25/I25)^1.852)*(E25/100)*(G25^-4.87))/2.31 -> 0.10468683 | K25: =E25*$B$11 -> 0.26114107 | L25: =K25-J25 -> 0.15645424
A26: =A25+1 -> 3 | B26: 527.2 | C26: =(B26/$B$14)*$B$13 -> 1.4428024 | D26: =D25+L25 -> 25.177002 | E26: 9.2 | F26: =F25-C26 -> 43.584565 | G26: 2.193 | H26: =(F26/448.8)/(3.14*((G26/12)^2)/4) -> 3.7042086 | I26: =IF(G26>5,$B$6,IF(5>=G26>1.5,$B$7,IF(1.5>G26,$B$8,0))) -> 145 | J26: =(1050*((F26/I26)^1.852)*(E26/100)*(G26^-4.87))/2.31 -> 0.098559311 | K26: =E26*$B$11 -> 0.26114107 | L26: =K26-J26 -> 0.16258176
A27: =A26+1 -> 4 | B27: 516.5 | C27: =(B27/$B$14)*$B$13 -> 1.4135194 | D27: =D26+L26 -> 25.339583 | E27: 9.2 | F27: =F26-C27 -> 42.171045 | G27: 2.193 | H27: =(F27/448.8)/(3.14*((G27/12)^2)/4) -> 3.584075 | I27: =IF(G27>5,$B$6,IF(5>=G27>1.5,$B$7,IF(1.5>G27,$B$8,0))) -> 145 | J27: =(1050*((F27/I27)^1.852)*(E27/100)*(G27^-4.87))/2.31 -> 0.092721421 | K27: =E27*$B$11 -> 0.26114107 | L27: =K27-J27 -> 0.16841965
A28: =A27+1 -> 5 | B28: 505.9 | C28: =(B28/$B$14)*$B$13 -> 1.3845101 | D28: =D27+L27 -> 25.508003 | E28: 9.2 | F28: =F27-C28 -> 40.786535 | G28: 2.193 | H28: =(F28/448.8)/(3.14*((G28/12)^2)/4) -> 3.4664069 | I28: =IF(G28>5,$B$6,IF(5>=G28>1.5,$B$7,IF(1.5>G28,$B$8,0))) -> 145 | J28: =(1050*((F28/I28)^1.852)*(E28/100)*(G28^-4.87))/2.31 -> 0.087162687 | K28: =E28*$B$11 -> 0.26114107 | L28: =K28-J28 -> 0.17397839
A29: =A28+1 -> 6 | B29: 495.3 | C29: =(B29/$B$14)*$B$13 -> 1.3555008 | D29: =D28+L28 -> 25.681981 | E29: 9.2 | F29: =F28-C29 -> 39.431034 | G29: 2.193 | H29: =(F29/448.8)/(3.14*((G29/12)^2)/4) -> 3.3512042 | I29: =IF(G29>5,$B$6,IF(5>=G29>1.5,$B$7,IF(1.5>G29,$B$8,0))) -> 145 | J29: =(1050*((F29/I29)^1.852)*(E29/100)*(G29^-4.87))/2.31 -> 0.081873954 | K29: =E29*$B$11 -> 0.26114107 | L29: =K29-J29 -> 0.17926712
A30: =A29+1 -> 7 | B30: 484.7 | C30: =(B30/$B$14)*$B$13 -> 1.3264915 | D30: =D29+L29 -> 25.861249 | E30: 9.2 | F30: =F29-C30 -> 38.104543 | G30: 2.193 | H30: =(F30/448.8)/(3.14*((G30/12)^2)/4) -> 3.238467 | I30: =IF(G30>5,$B$6,IF(5>=G30>1.5,$B$7,IF(1.5>G30,$B$8,0))) -> 145 | J30: =(1050*((F30/I30)^1.852)*(E30/100)*(G30^-4.87))/2.31 -> 0.076846205 | K30: =E30*$B$11 -> 0.26114107 | L30: =K30-J30 -> 0.18429487
A31: =A30+1 -> 8 | B31: 474.1 | C31: =(B31/$B$14)*$B$13 -> 1.2974822 | D31: =D30+L30 -> 26.045543 | E31: 9.2 | F31: =F30-C31 -> 36.807061 | G31: 2.193 | H31: =(F31/448.8)/(3.14*((G31/12)^2)/4) -> 3.1281953 | I31: =IF(G31>5,$B$6,IF(5>=G31>1.5,$B$7,IF(1.5>G31,$B$8,0))) -> 145 | J31: =(1050*((F31/I31)^1.852)*(E31/100)*(G31^-4.87))/2.31 -> 0.072070567 | K31: =E31*$B$11 -> 0.26114107 | L31: =K31-J31 -> 0.18907051
A32: =A31+1 -> 9 | B32: 463.4 | C32: =(B32/$B$14)*$B$13 -> 1.2681992 | D32: =D31+L31 -> 26.234614 | E32: 9.2 | F32: =F31-C32 -> 35.538862 | G32: 2.193 | H32: =(F32/448.8)/(3.14*((G32/12)^2)/4) -> 3.0204123 | I32: =IF(G32>5,$B$6,IF(5>=G32>1.5,$B$7,IF(1.5>G32,$B$8,0))) -> 145 | J32: =(1050*((F32/I32)^1.852)*(E32/100)*(G32^-4.87))/2.31 -> 0.067539272 | K32: =E32*$B$11 -> 0.26114107 | L32: =K32-J32 -> 0.1936018
A33: =A32+1 -> 10 | B33: 452.8 | C33: =(B33/$B$14)*$B$13 -> 1.2391899 | D33: =D32+L32 -> 26.428216 | E33: 9.2 | F33: =F32-C33 -> 34.299672 | G33: 2.193 | H33: =(F33/448.8)/(3.14*((G33/12)^2)/4) -> 2.9150948 | I33: =IF(G33>5,$B$6,IF(5>=G33>1.5,$B$7,IF(1.5>G33,$B$8,0))) -> 145 | J33: =(1050*((F33/I33)^1.852)*(E33/100)*(G33^-4.87))/2.31 -> 0.063242711 | K33: =E33*$B$11 -> 0.26114107 | L33: =K33-J33 -> 0.19789836
A34: =A33+1 -> 11 | B34: 442.2 | C34: =(B34/$B$14)*$B$13 -> 1.2101806 | D34: =D33+L33 -> 26.626114 | E34: 9.2 | F34: =F33-C34 -> 33.089491 | G34: 2.193 | H34: =(F34/448.8)/(3.14*((G34/12)^2)/4) -> 2.8122428 | I34: =IF(G34>5,$B$6,IF(5>=G34>1.5,$B$7,IF(1.5>G34,$B$8,0))) -> 145 | J34: =(1050*((F34/I34)^1.852)*(E34/100)*(G34^-4.87))/2.31 -> 0.059172444 | K34: =E34*$B$11 -> 0.26114107 | L34: =K34-J34 -> 0.20196863
A35: Section B
A36: =A34+1 -> 12 | B36: 438.6 | C36: =(B36/$B$14)*$B$13 -> 1.2003284 | D36: =D34+L34 -> 26.828083 | E36: 9.3 | F36: =F34-C36 -> 31.889163 | G36: 1.72 | H36: =(F36/448.8)/(3.14*((G36/12)^2)/4) -> 4.4058145 | I36: =IF(G36>5,$B$6,IF(5>=G36>1.5,$B$7,IF(1.5>G36,$B$8,0))) -> 145 | J36: =(1050*((F36/I36)^1.852)*(E36/100)*(G36^-4.87))/2.31 -> 0.18236028 | K36: =E36*$B$11 -> 0.26397956 | L36: =K36-J36 -> 0.081619288
A37: =A36+1 -> 13 | B37: 438.1 | C37: =(B37/$B$14)*$B$13 -> 1.19896 | D37: =D36+L36 -> 26.909702 | E37: 9.3 | F37: =F36-C37 -> 30.690203 | G37: 1.72 | H37: =(F37/448.8)/(3.14*((G37/12)^2)/4) -> 4.2401659 | I37: =IF(G37>5,$B$6,IF(5>=G37>1.5,$B$7,IF(1.5>G37,$B$8,0))) -> 145 | J37: =(1050*((F37/I37)^1.852)*(E37/100)*(G37^-4.87))/2.31 -> 0.16986611 | K37: =E37*$B$11 -> 0.26397956 | L37: =K37-J37 -> 0.094113455
A38: =A37+1 -> 14 | B38: 437.5 | C38: =(B38/$B$14)*$B$13 -> 1.197318 | D38: =D37+L37 -> 27.003815 | E38: 9.3 | F38: =F37-C38 -> 29.492885 | G38: 1.72 | H38: =(F38/448.8)/(3.14*((G38/12)^2)/4) -> 4.0747441 | I38: =IF(G38>5,$B$6,IF(5>=G38>1.5,$B$7,IF(1.5>G38,$B$8,0))) -> 145 | J38: =(1050*((F38/I38)^1.852)*(E38/100)*(G38^-4.87))/2.31 -> 0.15779729 | K38: =E38*$B$11 -> 0.26397956 | L38: =K38-J38 -> 0.10618227
A39: =A38+1 -> 15 | B39: 437 | C39: =(B39/$B$14)*$B$13 -> 1.1959496 | D39: =D38+L38 -> 27.109998 | E39: 9.3 | F39: =F38-C39 -> 28.296935 | G39: 1.72 | H39: =(F39/448.8)/(3.14*((G39/12)^2)/4) -> 3.9095114 | I39: =IF(G39>5,$B$6,IF(5>=G39>1.5,$B$7,IF(1.5>G39,$B$8,0))) -> 145 | J39: =(1050*((F39/I39)^1.852)*(E39/100)*(G39^-4.87))/2.31 -> 0.14615193 | K39: =E39*$B$11 -> 0.26397956 | L39: =K39-J39 -> 0.11782763
A40: =A39+1 -> 16 | B40: 436.4 | C40: =(B40/$B$14)*$B$13 -> 1.1943076 | D40: =D39+L39 -> 27.227825 | E40: 9.3 | F40: =F39-C40 -> 27.102627 | G40: 1.72 | H40: =(F40/448.8)/(3.14*((G40/12)^2)/4) -> 3.7445056 | I40: =IF(G40>5,$B$6,IF(5>=G40>1.5,$B$7,IF(1.5>G40,$B$8,0))) -> 145 | J40: =(1050*((F40/I40)^1.852)*(E40/100)*(G40^-4.87))/2.31 -> 0.13493366 | K40: =E40*$B$11 -> 0.26397956 | L40: =K40-J40 -> 0.12904591
A41: =A40+1 -> 17 | B41: 435.9 | C41: =(B41/$B$14)*$B$13 -> 1.1929392 | D41: =D40+L40 -> 27.356871 | E41: 9.3 | F41: =F40-C41 -> 25.909688 | G41: 1.72 | H41: =(F41/448.8)/(3.14*((G41/12)^2)/4) -> 3.5796888 | I41: =IF(G41>5,$B$6,IF(5>=G41>1.5,$B$7,IF(1.5>G41,$B$8,0))) -> 145 | J41: =(1050*((F41/I41)^1.852)*(E41/100)*(G41^-4.87))/2.31 -> 0.12414098 | K41: =E41*$B$11 -> 0.26397956 | L41: =K41-J41 -> 0.13983859
A42: =A41+1 -> 18 | B42: 435.3 | C42: =(B42/$B$14)*$B$13 -> 1.1912972 | D42: =D41+L41 -> 27.49671 | E42: 9.3 | F42: =F41-C42 -> 24.718391 | G42: 1.72 | H42: =(F42/448.8)/(3.14*((G42/12)^2)/4) -> 3.4150989 | I42: =IF(G42>5,$B$6,IF(5>=G42>1.5,$B$7,IF(1.5>G42,$B$8,0))) -> 145 | J42: =(1050*((F42/I42)^1.852)*(E42/100)*(G42^-4.87))/2.31 -> 0.11377755 | K42: =E42*$B$11 -> 0.26397956 | L42: =K42-J42 -> 0.15020201
A43: =A42+1 -> 19 | B43: 434.8 | C43: =(B43/$B$14)*$B$13 -> 1.1899288 | D43: =D42+L42 -> 27.646912 | E43: 9.3 | F43: =F42-C43 -> 23.528462 | G43: 1.72 | H43: =(F43/448.8)/(3.14*((G43/12)^2)/4) -> 3.2506981 | I43: =IF(G43>5,$B$6,IF(5>=G43>1.5,$B$7,IF(1.5>G43,$B$8,0))) -> 145 | J43: =(1050*((F43/I43)^1.852)*(E43/100)*(G43^-4.87))/2.31 -> 0.10384233 | K43: =E43*$B$11 -> 0.26397956 | L43: =K43-J43 -> 0.16013723
A44: =A43+1 -> 20 | B44: 434.2 | C44: =(B44/$B$14)*$B$13 -> 1.1882868 | D44: =D43+L43 -> 27.807049 | E44: 9.3 | F44: =F43-C44 -> 22.340175 | G44: 1.72 | H44: =(F44/448.8)/(3.14*((G44/12)^2)/4) -> 3.0865241 | I44: =IF(G44>5,$B$6,IF(5>=G44>1.5,$B$7,IF(1.5>G44,$B$8,0))) -> 145 | J44: =(1050*((F44/I44)^1.852)*(E44/100)*(G44^-4.87))/2.31 -> 0.094339056 | K44: =E44*$B$11 -> 0.26397956 | L44: =K44-J44 -> 0.16964051
A45: =A44+1 -> 21 | B45: 433.7 | C45: =(B45/$B$14)*$B$13 -> 1.1869184 | D45: =D44+L44 -> 27.97669 | E45: 9.3 | F45: =F44-C45 -> 21.153257 | G45: 1.72 | H45: =(F45/448.8)/(3.14*((G45/12)^2)/4) -> 2.9225391 | I45: =IF(G45>5,$B$6,IF(5>=G45>1.5,$B$7,IF(1.5>G45,$B$8,0))) -> 145 | J45: =(1050*((F45/I45)^1.852)*(E45/100)*(G45^-4.87))/2.31 -> 0.085267168 | K45: =E45*$B$11 -> 0.26397956 | L45: =K45-J45 -> 0.17871239
A46: =A45+1 -> 22 | B46: 433.1 | C46: =(B46/$B$14)*$B$13 -> 1.1852764 | D46: =D45+L45 -> 28.155402 | E46: 9.3 | F46: =F45-C46 -> 19.96798 | G46: 1.72 | H46: =(F46/448.8)/(3.14*((G46/12)^2)/4) -> 2.758781 | I46: =IF(G46>5,$B$6,IF(5>=G46>1.5,$B$7,IF(1.5>G46,$B$8,0))) -> 145 | J46: =(1050*((F46/I46)^1.852)*(E46/100)*(G46^-4.87))/2.31 -> 0.076630563 | K46: =E46*$B$11 -> 0.26397956 | L46: =K46-J46 -> 0.187349
A47: =A46+1 -> 23 | B47: 432.6 | C47: =(B47/$B$14)*$B$13 -> 1.183908 | D47: =D46+L46 -> 28.342751 | E47: 9.3 | F47: =F46-C47 -> 18.784072 | G47: 1.72 | H47: =(F47/448.8)/(3.14*((G47/12)^2)/4) -> 2.595212 | I47: =IF(G47>5,$B$6,IF(5>=G47>1.5,$B$7,IF(1.5>G47,$B$8,0))) -> 145 | J47: =(1050*((F47/I47)^1.852)*(E47/100)*(G47^-4.87))/2.31 -> 0.068429254 | K47: =E47*$B$11 -> 0.26397956 | L47: =K47-J47 -> 0.19555031
A48: =A47+1 -> 24 | B48: 432 | C48: =(B48/$B$14)*$B$13 -> 1.182266 | D48: =D47+L47 -> 28.538301 | E48: 9.3 | F48: =F47-C48 -> 17.601806 | G48: 1.72 | H48: =(F48/448.8)/(3.14*((G48/12)^2)/4) -> 2.4318699 | I48: =IF(G48>5,$B$6,IF(5>=G48>1.5,$B$7,IF(1.5>G48,$B$8,0))) -> 145 | J48: =(1050*((F48/I48)^1.852)*(E48/100)*(G48^-4.87))/2.31 -> 0.060667373 | K48: =E48*$B$11 -> 0.26397956 | L48: =K48-J48 -> 0.20331219
... A63: =A62+1 -> 39 | B63: 423.8 | C63: =(B63/$B$14)*$B$13 -> 1.1598248 | D63: =D62+L62 -> 32.14858 | E63: 9.3 | F63: =F62-C63 -> 0.046524357 | G63: 1.72 | H63: =(F63/448.8)/(3.14*((G63/12)^2)/4) -> 0.0064278165 | I63: =IF(G63>5,$B$6,IF(5>=G63>1.5,$B$7,IF(1.5>G63,$B$8,0))) -> 145 | J63: =(1050*((F63/I63)^1.852)*(E63/100)*(G63^-4.87))/2.31 -> 1.0202985e-06 | K63: =E63*$B$11 -> 0.26397956 | L63: =K63-J63 -> 0.26397854
C65: Min, P | D65: =MIN(D36:D63,D24:D34) -> 25 | E65: PSI
C66: Max, P | D66: =MAX(D36:D63,D24:D34) -> 32.14858 | E66: PSI
C67: Avg. P, PSI | D67: =AVERAGE(D36:D63,D23:D34) -> 28.051718
C68: Total GPM | D68: =SUM(C36:C63,C24:C34) -> 47.953476
C69: Sub-Main Length, ft | D69: =SUM(E36:E63,E24:E34) -> 353.66

Sheet Block 3
A1: Block 3
A3: Sub-mainline Sizing and Pressure
B9: 150 | C9: C-value for PVC ID > 5"
B10: 145 | C10: C-value for PVC 1.5" < = ID < = 5"
B11: 140 | C11: C-value for PVC < 1.5"
B12: 0 | C12: feet, Total Elevation Drop
B13: 813.9 | C13: feet, Length of Sub-mainline
B14: =B12/B13 -> 0 | C14: ft/ft, Change in Elevation
B15: 0.5 | C15: GPH/emitter
B16: =B15/60 -> 0.0083333333 | C16: GPM/emitter
B17: 3.045 | C17: ft, emitter spacing
B20: Chg. Elev = Length * ft/ft (elevation change worst case)
B21: Chg. P = Chg. Elev + Hf
A23: Section A
A24: Row | B24: Row Length ft | C24: GPM per Row | D24: Pressure PSI | E24: Length ft | F24: GPM | G24: Pipe ID, in | H24: Velocity, ft/sec | I24: C-Value | J24: Hf (psi) | K24: Chg. Elev (psi) | L24: Chg. P (psi)
A25: Inlet | B25: 0 | C25: 0 | D25: 25 | E25: 0 | F25: 52.5 | G25: 2.193 | H25: =(F25/448.8)/(3.14*((G25/12)^2)/4) -> 4.4619225 | I25: =IF(G25>5,$B$9,IF(5>=G25>1.5,$B$10,IF(1.5>G25,$B$11,0))) -> 145 | J25: =(1050*((F25/I25)^1.852)*(E25/100)*(G25^-4.87))/2.31 -> 0 | K25: =E25*$B$14 -> 0 | L25: =K25-J25 -> 0
A26: 1 | B26: 422.7 | C26: =(B26/$B$17)*$B$16 -> 1.1568144 | D26: =D25+L25 -> 25 | E26: 2.3 | F26: =F25-C26 -> 51.343186 | G26: 2.193 | H26: =(F26/448.8)/(3.14*((G26/12)^2)/4) -> 4.363606 | I26: =IF(G26>5,$B$9,IF(5>=G26>1.5,$B$10,IF(1.5>G26,$B$11,0))) -> 145 | J26: =(1050*((F26/I26)^1.852)*(E26/100)*(G26^-4.87))/2.31 -> 0.033373953 | K26: =E26*$B$14 -> 0 | L26: =K26-J26 -> -0.033373953
A27: =A26+1 -> 2 | B27: 422.2 | C27: =(B27/$B$17)*$B$16 -> 1.1554461 | D27: =D26+L26 -> 24.966626 | E27: 9.3 | F27: =F26-C27 -> 50.187739 | G27: 2.193 | H27: =(F27/448.8)/(3.14*((G27/12)^2)/4) -> 4.2654058 | I27: =IF(G27>5,$B$9,IF(5>=G27>1.5,$B$10,IF(1.5>G27,$B$11,0))) -> 145 | J27: =(1050*((F27/I27)^1.852)*(E27/100)*(G27^-4.87))/2.31 -> 0.1293765 | K27: =E27*$B$14 -> 0 | L27: =K27-J27 -> -0.1293765
A28: =A27+1 -> 3 | B28: 421.6 | C28: =(B28/$B$17)*$B$16 -> 1.1538041 | D28: =D27+L27 -> 24.83725 | E28: 9.3 | F28: =F27-C28 -> 49.033935 | G28: 2.193 | H28: =(F28/448.8)/(3.14*((G28/12)^2)/4) -> 4.1673452 | I28: =IF(G28>5,$B$9,IF(5>=G28>1.5,$B$10,IF(1.5>G28,$B$11,0))) -> 145 | J28: =(1050*((F28/I28)^1.852)*(E28/100)*(G28^-4.87))/2.31 -> 0.12392205 | K28: =E28*$B$14 -> 0 | L28: =K28-J28 -> -0.12392205
A29: =A28+1 -> 4 | B29: 421.1 | C29: =(B29/$B$17)*$B$16 -> 1.1524357 | D29: =D28+L28 -> 24.713327 | E29: 9.3 | F29: =F28-C29 -> 47.8815 | G29: 2.193 | H29: =(F29/448.8)/(3.14*((G29/12)^2)/4) -> 4.0694008 | I29: =IF(G29>5,$B$9,IF(5>=G29>1.5,$B$10,IF(1.5>G29,$B$11,0))) -> 145 | J29: =(1050*((F29/I29)^1.852)*(E29/100)*(G29^-4.87))/2.31 -> 0.11858213 | K29: =E29*$B$14 -> 0 | L29: =K29-J29 -> -0.11858213
A30: =A29+1 -> 5 | B30: 420.5 | C30: =(B30/$B$17)*$B$16 -> 1.1507937 | D30: =D29+L29 -> 24.594745 | E30: 9.3 | F30: =F29-C30 -> 46.730706 | G30: 2.193 | H30: =(F30/448.8)/(3.14*((G30/12)^2)/4) -> 3.971596 | I30: =IF(G30>5,$B$9,IF(5>=G30>1.5,$B$10,IF(1.5>G30,$B$11,0))) -> 145 | J30: =(1050*((F30/I30)^1.852)*(E30/100)*(G30^-4.87))/2.31 -> 0.11335799 | K30: =E30*$B$14 -> 0 | L30: =K30-J30 -> -0.11335799
A31: =A30+1 -> 6 | B31: 420 | C31: =(B31/$B$17)*$B$16 -> 1.1494253 | D31: =D30+L30 -> 24.481387 | E31: 9.3 | F31: =F30-C31 -> 45.581281 | G31: 2.193 | H31: =(F31/448.8)/(3.14*((G31/12)^2)/4) -> 3.8739075 | I31: =IF(G31>5,$B$9,IF(5>=G31>1.5,$B$10,IF(1.5>G31,$B$11,0))) -> 145 | J31: =(1050*((F31/I31)^1.852)*(E31/100)*(G31^-4.87))/2.31 -> 0.10824834 | K31: =E31*$B$14 -> 0 | L31: =K31-J31 -> -0.10824834
A32: =A31+1 -> 7 | B32: 419.4 | C32: =(B32/$B$17)*$B$16 -> 1.1477833 | D32: =D31+L31 -> 24.373139 | E32: 9.3 | F32: =F31-C32 -> 44.433498 | G32: 2.193 | H32: =(F32/448.8)/(3.14*((G32/12)^2)/4) -> 3.7763586 | I32: =IF(G32>5,$B$9,IF(5>=G32>1.5,$B$10,IF(1.5>G32,$B$11,0))) -> 145 | J32: =(1050*((F32/I32)^1.852)*(E32/100)*(G32^-4.87))/2.31 -> 0.10325437 | K32: =E32*$B$14 -> 0 | L32: =K32-J32 -> -0.10325437
A33: =A32+1 -> 8 | B33: 418.9 | C33: =(B33/$B$17)*$B$16 -> 1.1464149 | D33: =D32+L32 -> 24.269885 | E33: 9.3 | F33: =F32-C33 -> 43.287083 | G33: 2.193 | H33: =(F33/448.8)/(3.14*((G33/12)^2)/4) -> 3.6789259 | I33: =IF(G33>5,$B$9,IF(5>=G33>1.5,$B$10,IF(1.5>G33,$B$11,0))) -> 145 | J33: =(1050*((F33/I33)^1.852)*(E33/100)*(G33^-4.87))/2.31 -> 0.098374875 | K33: =E33*$B$14 -> 0 | L33: =K33-J33 -> -0.098374875
A34: =A33+1 -> 9 | B34: 418.3 | C34: =(B34/$B$17)*$B$16 -> 1.1447729 | D34: =D33+L33 -> 24.17151 | E34: 9.3 | F34: =F33-C34 -> 42.14231 | G34: 2.193 | H34: =(F34/448.8)/(3.14*((G34/12)^2)/4) -> 3.5816328 | I34: =IF(G34>5,$B$9,IF(5>=G34>1.5,$B$10,IF(1.5>G34,$B$11,0))) -> 145 | J34: =(1050*((F34/I34)^1.852)*(E34/100)*(G34^-4.87))/2.31 -> 0.093611014 | K34: =E34*$B$14 -> 0 | L34: =K34-J34 -> -0.093611014
A35: =A34+1 -> 10 | B35: 417.8 | C35: =(B35/$B$17)*$B$16 -> 1.1434045 | D35: =D34+L34 -> 24.077899 | E35: 9.3 | F35: =F34-C35 -> 40.998905 | G35: 2.193 | H35: =(F35/448.8)/(3.14*((G35/12)^2)/4) -> 3.484456 | I35: =IF(G35>5,$B$9,IF(5>=G35>1.5,$B$10,IF(1.5>G35,$B$11,0))) -> 145 | J35: =(1050*((F35/I35)^1.852)*(E35/100)*(G35^-4.87))/2.31 -> 0.088961648 | K35: =E35*$B$14 -> 0 | L35: =K35-J35 -> -0.088961648
A36: =A35+1 -> 11 | B36: 417.2 | C36: =(B36/$B$17)*$B$16 -> 1.1417625 | D36: =D35+L35 -> 23.988937 | E36: 9.3 | F36: =F35-C36 -> 39.857143 | G36: 2.193 | H36: =(F36/448.8)/(3.14*((G36/12)^2)/4) -> 3.3874187 | I36: =IF(G36>5,$B$9,IF(5>=G36>1.5,$B$10,IF(1.5>G36,$B$11,0))) -> 145 | J36: =(1050*((F36/I36)^1.852)*(E36/100)*(G36^-4.87))/2.31 -> 0.084427904 | K36: =E36*$B$14 -> 0 | L36: =K36-J36 -> -0.084427904
A37: =A36+1 -> 12 | B37: 416.7 | C37: =(B37/$B$17)*$B$16 -> 1.1403941 | D37: =D36+L36 -> 23.904509 | E37: 9.3 | F37: =F36-C37 -> 38.716749 | G37: 2.193 | H37: =(F37/448.8)/(3.14*((G37/12)^2)/4) -> 3.2904978 | I37: =IF(G37>5,$B$9,IF(5>=G37>1.5,$B$10,IF(1.5>G37,$B$11,0))) -> 145 | J37: =(1050*((F37/I37)^1.852)*(E37/100)*(G37^-4.87))/2.31 -> 0.080008719 | K37: =E37*$B$14 -> 0 | L37: =K37-J37 -> -0.080008719
A38: =A37+1 -> 13 | B38: 416.1 | C38: =(B38/$B$17)*$B$16 -> 1.1387521 | D38: =D37+L37 -> 23.824501 | E38: 9.3 | F38: =F37-C38 -> 37.577997 | G38: 2.193 | H38: =(F38/448.8)/(3.14*((G38/12)^2)/4) -> 3.1937164 | I38: =IF(G38>5,$B$9,IF(5>=G38>1.5,$B$10,IF(1.5>G38,$B$11,0))) -> 145 | J38: =(1050*((F38/I38)^1.852)*(E38/100)*(G38^-4.87))/2.31 -> 0.075705192 | K38: =E38*$B$14 -> 0 | L38: =K38-J38 -> -0.075705192
A39: Section B
A40: =A38+1 -> 14 | B40: 435.9 | C40: =(B40/$B$17)*$B$16 -> 1.1929392 | D40: =D38+L38 -> 23.748795 | E40: 26.9 | F40: =F38-C40 -> 36.385057 | G40: 1.72 | H40: =(F40/448.8)/(3.14*((G40/12)^2)/4) -> 5.0269684 | I40: =IF(G40>5,$B$9,IF(5>=G40>1.5,$B$10,IF(1.5>G40,$B$11,0))) -> 145 | J40: =(1050*((F40/I40)^1.852)*(E40/100)*(G40^-4.87))/2.31 -> 0.67341384 | K40: =E40*$B$14 -> 0 | L40: =K40-J40 -> -0.67341384
A41: =A40+1 -> 15 | B41: 459.2 | C41: =(B41/$B$17)*$B$16 -> 1.256705 | D41: =D40+L40 -> 23.075381 | E41: 29.9 | F41: =F40-C41 -> 35.128352 | G41: 1.72 | H41: =(F41/448.8)/(3.14*((G41/12)^2)/4) -> 4.8533418 | I41: =IF(G41>5,$B$9,IF(5>=G41>1.5,$B$10,IF(1.5>G41,$B$11,0))) -> 145 | J41: =(1050*((F41/I41)^1.852)*(E41/100)*(G41^-4.87))/2.31 -> 0.70134167 | K41: =E41*$B$14 -> 0 | L41: =K41-J41 -> -0.70134167
A42: =A41+1 -> 16 | B42: 482.4 | C42: =(B42/$B$17)*$B$16 -> 1.320197 | D42: =D41+L41 -> 22.37404 | E42: 29.9 | F42: =F41-C42 -> 33.808155 | G42: 1.72 | H42: =(F42/448.8)/(3.14*((G42/12)^2)/4) -> 4.670943 | I42: =IF(G42>5,$B$9,IF(5>=G42>1.5,$B$10,IF(1.5>G42,$B$11,0))) -> 145 | J42: =(1050*((F42/I42)^1.852)*(E42/100)*(G42^-4.87))/2.31 -> 0.65330985 | K42: =E42*$B$14 -> 0 | L42: =K42-J42 -> -0.65330985
A43: =A42+1 -> 17 | B43: 505.7 | C43: =(B43/$B$17)*$B$16 -> 1.3839628 | D43: =D42+L42 -> 21.72073 | E43: 29.9 | F43: =F42-C43 -> 32.424193 | G43: 1.72 | H43: =(F43/448.8)/(3.14*((G43/12)^2)/4) -> 4.4797344 | I43: =IF(G43>5,$B$9,IF(5>=G43>1.5,$B$10,IF(1.5>G43,$B$11,0))) -> 145 | J43: =(1050*((F43/I43)^1.852)*(E43/100)*(G43^-4.87))/2.31 -> 0.60464593 | K43: =E43*$B$14 -> 0 | L43: =K43-J43 -> -0.60464593
A44: =A43+1 -> 18 | B44: 528.9 | C44: =(B44/$B$17)*$B$16 -> 1.4474548 | D44: =D43+L43 -> 21.116084 | E44: 29.9 | F44: =F43-C44 -> 30.976738 | G44: 1.72 | H44: =(F44/448.8)/(3.14*((G44/12)^2)/4) -> 4.2797537 | I44: =IF(G44>5,$B$9,IF(5>=G44>1.5,$B$10,IF(1.5>G44,$B$11,0))) -> 145 | J44: =(1050*((F44/I44)^1.852)*(E44/100)*(G44^-4.87))/2.31 -> 0.5556093 | K44: =E44*$B$14 -> 0 | L44: =K44-J44 -> -0.5556093
A45: =A44+1 -> 19 | B45: 552.2 | C45: =(B45/$B$17)*$B$16 -> 1.5112206 | D45: =D44+L44 -> 20.560475 | E45: 29.9 | F45: =F44-C45 -> 29.465517 | G45: 1.72 | H45: =(F45/448.8)/(3.14*((G45/12)^2)/4) -> 4.0709631 | I45: =IF(G45>5,$B$9,IF(5>=G45>1.5,$B$10,IF(1.5>G45,$B$11,0))) -> 145 | J45: =(1050*((F45/I45)^1.852)*(E45/100)*(G45^-4.87))/2.31 -> 0.50645526 | K45: =E45*$B$14 -> 0 | L45: =K45-J45 -> -0.50645526
A46: =A45+1 -> 20 | B46: 575.5 | C46: =(B46/$B$17)*$B$16 -> 1.5749863 | D46: =D45+L45 -> 20.054019 | E46: 29.9 | F46: =F45-C46 -> 27.890531 | G46: 1.72 | H46: =(F46/448.8)/(3.14*((G46/12)^2)/4) -> 3.8533626 | I46: =IF(G46>5,$B$9,IF(5>=G46>1.5,$B$10,IF(1.5>G46,$B$11,0))) -> 145 | J46: =(1050*((F46/I46)^1.852)*(E46/100)*(G46^-4.87))/2.31 -> 0.45746449 | K46: =E46*$B$14 -> 0 | L46: =K46-J46 -> -0.45746449
A47: =A46+1 -> 21 | B47: 598.7 | C47: =(B47/$B$17)*$B$16 -> 1.6384784 | D47: =D46+L46 -> 19.596555 | E47: 29.9 | F47: =F46-C47 -> 26.252053 | G47: 1.72 | H47: =(F47/448.8)/(3.14*((G47/12)^2)/4) -> 3.62699 | I47: =IF(G47>5,$B$9,IF(5>=G47>1.5,$B$10,IF(1.5>G47,$B$11,0))) -> 145 | J47: =(1050*((F47/I47)^1.852)*(E47/100)*(G47^-4.87))/2.31 -> 0.40894208 | K47: =E47*$B$14 -> 0 | L47: =K47-J47 -> -0.40894208
A48: Section C
A49: =A47+1 -> 22 | B49: 62.2 | C49: =(B49/$B$17)*$B$16 -> 0.17022441 | D49: =D47+L47 -> 19.187613 | E49: 265.9 | F49: =F47-C49 -> 26.081828 | G49: 1.72 | H49: =(F49/448.8)/(3.14*((G49/12)^2)/4) -> 3.6034718 | I49: =IF(G49>5,$B$9,IF(5>=G49>1.5,$B$10,IF(1.5>G49,$B$11,0))) -> 145 | J49: =(1050*((F49/I49)^1.852)*(E49/100)*(G49^-4.87))/2.31 -> 3.5931604 | K49: =E49*$B$14 -> 0 | L49: =K49-J49 -> -3.5931604
A50: Section D
A51: =A49+1 -> 23 | B51: 92.6 | C51: =(B51/$B$17)*$B$16 -> 0.25342091 | D51: =D49+L49 -> 15.594452 | E51: 23.9 | F51: =F49-C51 -> 25.828407 | G51: 1.72 | H51: =(F51/448.8)/(3.14*((G51/12)^2)/4) -> 3.5684591 | I51: =IF(G51>5,$B$9,IF(5>=G51>1.5,$B$10,IF(1.5>G51,$B$11,0))) -> 145 | J51: =(1050*((F51/I51)^1.852)*(E51/100)*(G51^-4.87))/2.31 -> 0.31717792 | K51: =E51*$B$14 -> 0 | L51: =K51-J51 -> -0.31717792
A52: =A51+1 -> 24 | B52: 103.1 | C52: =(B52/$B$17)*$B$16 -> 0.28215654 | D52: =D51+L51 -> 15.277275 | E52: 7.9 | F52: =F51-C52 -> 25.546251 | G52: 1.72 | H52: =(F52/448.8)/(3.14*((G52/12)^2)/4) -> 3.5294762 | I52: =IF(G52>5,$B$9,IF(5>=G52>1.5,$B$10,IF(1.5>G52,$B$11,0))) -> 145 | J52: =(1050*((F52/I52)^1.852)*(E52/100)*(G52^-4.87))/2.31 -> 0.10272999 | K52: =E52*$B$14 -> 0 | L52: =K52-J52 -> -0.10272999
A53: =A52+1 -> 25 | B53: 113.6 | C53: =(B53/$B$17)*$B$16 -> 0.31089217 | D53: =D52+L52 -> 15.174545 | E53: 7.9 | F53: =F52-C53 -> 25.235359 | G53: 1.72 | H53: =(F53/448.8)/(3.14*((G53/12)^2)/4) -> 3.4865233 | I53: =IF(G53>5,$B$9,IF(5>=G53>1.5,$B$10,IF(1.5>G53,$B$11,0))) -> 145 | J53: =(1050*((F53/I53)^1.852)*(E53/100)*(G53^-4.87))/2.31 -> 0.10042663 | K53: =E53*$B$14 -> 0 | L53: =K53-J53 -> -0.10042663
A54: =A53+1 -> 26 | B54: 124.1 | C54: =(B54/$B$17)*$B$16 -> 0.33962781 | D54: =D53+L53 -> 15.074118 | E54: 7.9 | F54: =F53-C54 -> 24.895731 | G54: 1.72 | H54: =(F54/448.8)/(3.14*((G54/12)^2)/4) -> 3.4396002 | I54: =IF(G54>5,$B$9,IF(5>=G54>1.5,$B$10,IF(1.5>G54,$B$11,0))) -> 145 | J54: =(1050*((F54/I54)^1.852)*(E54/100)*(G54^-4.87))/2.31 -> 0.097937859 | K54: =E54*$B$14 -> 0 | L54: =K54-J54 -> -0.097937859
A55: =A54+1 -> 27 | B55: 134.6 | C55: =(B55/$B$17)*$B$16 -> 0.36836344 | D55: =D54+L54 -> 14.97618 | E55: 7.9 | F55: =F54-C55 -> 24.527367 | G55: 1.72 | H55: =(F55/448.8)/(3.14*((G55/12)^2)/4) -> 3.3887071 | I55: =IF(G55>5,$B$9,IF(5>=G55>1.5,$B$10,IF(1.5>G55,$B$11,0))) -> 145 | J55: =(1050*((F55/I55)^1.852)*(E55/100)*(G55^-4.87))/2.31 -> 0.095271031 | K55: =E55*$B$14 -> 0 | L55: =K55-J55 -> -0.095271031
A56: =A55+1 -> 28 | B56: 145.1 | C56: =(B56/$B$17)*$B$16 -> 0.39709907 | D56: =D55+L55 -> 14.880909 | E56: 7.9 | F56: =F55-C56 -> 24.130268 | G56: 1.72 | H56: =(F56/448.8)/(3.14*((G56/12)^2)/4) -> 3.3338438 | I56: =IF(G56>5,$B$9,IF(5>=G56>1.5,$B$10,IF(1.5>G56,$B$11,0))) -> 145 | J56: =(1050*((F56/I56)^1.852)*(E56/100)*(G56^-4.87))/2.31 -> 0.092434146 | K56: =E56*$B$14 -> 0 | L56: =K56-J56 -> -0.092434146
A57: =A56+1 -> 29 | B57: 155.6 | C57: =(B57/$B$17)*$B$16 -> 0.4258347 | D57: =D56+L56 -> 14.788475 | E57: 7.9 | F57: =F56-C57 -> 23.704433 | G57: 1.72 | H57: =(F57/448.8)/(3.14*((G57/12)^2)/4) -> 3.2750103 | I57: =IF(G57>5,$B$9,IF(5>=G57>1.5,$B$10,IF(1.5>G57,$B$11,0))) -> 145 | J57: =(1050*((F57/I57)^1.852)*(E57/100)*(G57^-4.87))/2.31 -> 0.089435866 | K57: =E57*$B$14 -> 0 | L57: =K57-J57 -> -0.089435866
A58: =A57+1 -> 30 | B58: 166.1 | C58: =(B58/$B$17)*$B$16 -> 0.45457033 | D58: =D57+L57 -> 14.699039 | E58: 7.9 | F58: =F57-C58 -> 23.249863 | G58: 1.72 | H58: =(F58/448.8)/(3.14*((G58/12)^2)/4) -> 3.2122068 | I58: =IF(G58>5,$B$9,IF(5>=G58>1.5,$B$10,IF(1.5>G58,$B$11,0))) -> 145 | J58: =(1050*((F58/I58)^1.852)*(E58/100)*(G58^-4.87))/2.31 -> 0.086285519 | K58: =E58*$B$14 -> 0 | L58: =K58-J58 -> -0.086285519
A59: =A58+1 -> 31 | B59: 176.6 | C59: =(B59/$B$17)*$B$16 -> 0.48330597 | D59: =D58+L58 -> 14.612753 | E59: 7.9 | F59: =F58-C59 -> 22.766557 | G59: 1.72 | H59: =(F59/448.8)/(3.14*((G59/12)^2)/4) -> 3.1454331 | I59: =IF(G59>5,$B$9,IF(5>=G59>1.5,$B$10,IF(1.5>G59,$B$11,0))) -> 145 | J59: =(1050*((F59/I59)^1.852)*(E59/100)*(G59^-4.87))/2.31 -> 0.082993111 | K59: =E59*$B$14 -> 0 | L59: =K59-J59 -> -0.082993111
A60: =A59+1 -> 32 | B60: 187.1 | C60: =(B60/$B$17)*$B$16 -> 0.5120416 | D60: =D59+L59 -> 14.52976 | E60: 7.9 | F60: =F59-C60 -> 22.254516 | G60: 1.72 | H60: =(F60/448.8)/(3.14*((G60/12)^2)/4) -> 3.0746893 | I60: =IF(G60>5,$B$9,IF(5>=G60>1.5,$B$10,IF(1.5>G60,$B$11,0))) -> 145 | J60: =(1050*((F60/I60)^1.852)*(E60/100)*(G60^-4.87))/2.31 -> 0.079569337 | K60: =E60*$B$14 -> 0 | L60: =K60-J60 -> -0.079569337
A61: =A60+1 -> 33 | B61: 197.6 | C61: =(B61/$B$17)*$B$16 -> 0.54077723 | D61: =D60+L60 -> 14.450191 | E61: 7.9 | F61: =F60-C61 -> 21.713738 | G61: 1.72 | H61: =(F61/448.8)/(3.14*((G61/12)^2)/4) -> 2.9999754 | I61: =IF(G61>5,$B$9,IF(5>=G61>1.5,$B$10,IF(1.5>G61,$B$11,0))) -> 145 | J61: =(1050*((F61/I61)^1.852)*(E61/100)*(G61^-4.87))/2.31 -> 0.076025593 | K61: =E61*$B$14 -> 0 | L61: =K61-J61 -> -0.076025593
A62: =A61+1 -> 34 | B62: 208.1 | C62: =(B62/$B$17)*$B$16 -> 0.56951286 | D62: =D61+L61 -> 14.374165 | E62: 7.9 | F62: =F61-C62 -> 21.144226 | G62: 1.72 | H62: =(F62/448.8)/(3.14*((G62/12)^2)/4) -> 2.9212914 | I62: =IF(G62>5,$B$9,IF(5>=G62>1.5,$B$10,IF(1.5>G62,$B$11,0))) -> 145 | J62: =(1050*((F62/I62)^1.852)*(E62/100)*(G62^-4.87))/2.31 -> 0.07237399 | K62: =E62*$B$14 -> 0 | L62: =K62-J62 -> -0.07237399
A63: =A62+1 -> 35 | B63: 218.6 | C63: =(B63/$B$17)*$B$16 -> 0.59824849 | D63: =D62+L62 -> 14.301791 | E63: 7.9 | F63: =F62-C63 -> 20.545977 | G63: 1.72 | H63: =(F63/448.8)/(3.14*((G63/12)^2)/4) -> 2.8386372 | I63: =IF(G63>5,$B$9,IF(5>=G63>1.5,$B$10,IF(1.5>G63,$B$11,0))) -> 145 | J63: =(1050*((F63/I63)^1.852)*(E63/100)*(G63^-4.87))/2.31 -> 0.068627371 | K63: =E63*$B$14 -> 0 | L63: =K63-J63 -> -0.068627371
... A73: =A72+1 -> 45 | B73: 749.3 | C73: =(B73/$B$17)*$B$16 -> 2.0506294 | D73: =D72+L72 -> 14.003126 | E73: 7.8 | F73: =F72-C73 -> 0.029282978 | G73: 1.72 | H73: =(F73/448.8)/(3.14*((G73/12)^2)/4) -> 0.0040457433 | I73: =IF(G73>5,$B$9,IF(5>=G73>1.5,$B$10,IF(1.5>G73,$B$11,0))) -> 145 | J73: =(1050*((F73/I73)^1.852)*(E73/100)*(G73^-4.87))/2.31 -> 3.6304985e-07 | K73: =E73*$B$14 -> 0 | L73: =K73-J73 -> -3.6304985e-07
C75: Min, P | D75: =MIN(D51:D73,D49,D40:D47,D26:D38) -> 14.003126 | E75: PSI
C76: Max, P | D76: =MAX(D51:D73,D49,D40:D47,D26:D38) -> 25 | E76: PSI
C77: Avg. P | D77: =AVERAGE(D40:D67,D25:D36) -> 19.348365
C78: Total GPM | D78: =SUM(C51:C73,C49,C40:C47,C26:C38) -> 52.470717
C79: Sub-mainline Length, ft | D79: =SUM(E51:E73,E49,E40:E47,E26:E38) -> 812.9

Sheet Block 4
A1: Block 4
A3: Sub-mainline Sizing and Pressure
B5: 150 | C5: C-value for PVC ID > 5"
B6: 145 | C6: C-value for PVC 1.5" < = ID < = 5"
B7: 140 | C7: C-value for PVC < 1.5"
B8: 10 | C8: feet, Total Elevation Drop
B9: 352.3 | C9: feet, Length of Sub-mainline
B10: =B8/B9 -> 0.028384899 | C10: ft/ft, Change in Elevation
B11: 0.5 | C11: GPH/emitter
B12: =B11/60 -> 0.0083333333 | C12: GPM/emitter
B13: 3.045 | C13: ft, emitter spacing
B16: Chg. Elev = Length * ft/ft (elevation change worst case)
B17: Chg. P = Chg. Elev + Hf
A20: Section A
A21: Row | B21: Row Length ft | C21: GPM per Row | D21: Pressure PSI | E21: Length ft | F21: GPM | G21: Pipe ID, in | H21: Velocity, ft/sec | I21: C-Value | J21: Hf (psi) | K21: Chg. Elev (psi) | L21: Chg. P (psi)
A22: Inlet | B22: 0 | C22: 0 | D22: 25 | E22: 0 | F22: 49.5 | G22: 2.193 | H22: =(F22/448.8)/(3.14*((G22/12)^2)/4) -> 4.2069555 | I22: =IF(G22>5,$B$5,IF(5>=G22>1.5,$B$6,IF(1.5>G22,$B$7,0))) -> 145 | J22: =(1050*((F22/I22)^1.852)*(E22/100)*(G22^-4.87))/2.31 -> 0 | K22: =E22*$B$10 -> 0 | L22: =K22-J22 -> 0
A23: 1 | B23: 718.8 | C23: =(B23/$B$13)*$B$12 -> 1.9671593 | D23: =D22+L22 -> 25 | E23: 0.6 | F23: =F22-C23 -> 47.532841 | G23: 2.193 | H23: =(F23/448.8)/(3.14*((G23/12)^2)/4) -> 4.0397686 | I23: =IF(G23>5,$B$5,IF(5>=G23>1.5,$B$6,IF(1.5>G23,$B$7,0))) -> 145 | J23: =(1050*((F23/I23)^1.852)*(E23/100)*(G23^-4.87))/2.31 -> 0.0075476083 | K23: =E23*$B$10 -> 0.01703094 | L23: =K23-J23 -> 0.0094833312
A24: =A23+1 -> 2 | B24: 703.5 | C24: =(B24/$B$13)*$B$12 -> 1.9252874 | D24: =D23+L23 -> 25.009483 | E24: 7.8 | F24: =F23-C24 -> 45.607553 | G24: 2.193 | H24: =(F24/448.8)/(3.14*((G24/12)^2)/4) -> 3.8761404 | I24: =IF(G24>5,$B$5,IF(5>=G24>1.5,$B$6,IF(1.5>G24,$B$7,0))) -> 145 | J24: =(1050*((F24/I24)^1.852)*(E24/100)*(G24^-4.87))/2.31 -> 0.090885867 | K24: =E24*$B$10 -> 0.22140221 | L24: =K24-J24 -> 0.13051635
A25: =A24+1 -> 3 | B25: 688.3 | C25: =(B25/$B$13)*$B$12 -> 1.8836891 | D25: =D24+L24 -> 25.14 | E25: 7.8 | F25: =F24-C25 -> 43.723864 | G25: 2.193 | H25: =(F25/448.8)/(3.14*((G25/12)^2)/4) -> 3.7160475 | I25: =IF(G25>5,$B$5,IF(5>=G25>1.5,$B$6,IF(1.5>G25,$B$7,0))) -> 145 | J25: =(1050*((F25/I25)^1.852)*(E25/100)*(G25^-4.87))/2.31 -> 0.084056437 | K25: =E25*$B$10 -> 0.22140221 | L25: =K25-J25 -> 0.13734578
A26: =A25+1 -> 4 | B26: 673 | C26: =(B26/$B$13)*$B$12 -> 1.8418172 | D26: =D25+L25 -> 25.277345 | E26: 7.8 | F26: =F25-C26 -> 41.882047 | G26: 2.193 | H26: =(F26/448.8)/(3.14*((G26/12)^2)/4) -> 3.5595133 | I26: =IF(G26>5,$B$5,IF(5>=G26>1.5,$B$6,IF(1.5>G26,$B$7,0))) -> 145 | J26: =(1050*((F26/I26)^1.852)*(E26/100)*(G26^-4.87))/2.31 -> 0.077616833 | K26: =E26*$B$10 -> 0.22140221 | L26: =K26-J26 -> 0.14378538
A27: =A26+1 -> 5 | B27: 657.7 | C27: =(B27/$B$13)*$B$12 -> 1.7999453 | D27: =D26+L26 -> 25.421131 | E27: 7.8 | F27: =F26-C27 -> 40.082102 | G27: 2.193 | H27: =(F27/448.8)/(3.14*((G27/12)^2)/4) -> 3.4065378 | I27: =IF(G27>5,$B$5,IF(5>=G27>1.5,$B$6,IF(1.5>G27,$B$7,0))) -> 145 | J27: =(1050*((F27/I27)^1.852)*(E27/100)*(G27^-4.87))/2.31 -> 0.071552456 | K27: =E27*$B$10 -> 0.22140221 | L27: =K27-J27 -> 0.14984976
A28: =A27+1 -> 6 | B28: 642.5 | C28: =(B28/$B$13)*$B$12 -> 1.758347 | D28: =D27+L27 -> 25.570981 | E28: 7.8 | F28: =F27-C28 -> 38.323755 | G28: 2.193 | H28: =(F28/448.8)/(3.14*((G28/12)^2)/4) -> 3.2570976 | I28: =IF(G28>5,$B$5,IF(5>=G28>1.5,$B$6,IF(1.5>G28,$B$7,0))) -> 145 | J28: =(1050*((F28/I28)^1.852)*(E28/100)*(G28^-4.87))/2.31 -> 0.065848074 | K28: =E28*$B$10 -> 0.22140221 | L28: =K28-J28 -> 0.15555414
A29: =A28+1 -> 7 | B29: 627.2 | C29: =(B29/$B$13)*$B$12 -> 1.7164751 | D29: =D28+L28 -> 25.726535 | E29: 7.8 | F29: =F28-C29 -> 36.60728 | G29: 2.193 | H29: =(F29/448.8)/(3.14*((G29/12)^2)/4) -> 3.1112161 | I29: =IF(G29>5,$B$5,IF(5>=G29>1.5,$B$6,IF(1.5>G29,$B$7,0))) -> 145 | J29: =(1050*((F29/I29)^1.852)*(E29/100)*(G29^-4.87))/2.31 -> 0.0604905 | K29: =E29*$B$10 -> 0.22140221 | L29: =K29-J29 -> 0.16091171
A30: =A29+1 -> 8 | B30: 611.9 | C30: =(B30/$B$13)*$B$12 -> 1.6746032 | D30: =D29+L29 -> 25.887446 | E30: 7.8 | F30: =F29-C30 -> 34.932677 | G30: 2.193 | H30: =(F30/448.8)/(3.14*((G30/12)^2)/4) -> 2.9688933 | I30: =IF(G30>5,$B$5,IF(5>=G30>1.5,$B$6,IF(1.5>G30,$B$7,0))) -> 145 | J30: =(1050*((F30/I30)^1.852)*(E30/100)*(G30^-4.87))/2.31 -> 0.055465848 | K30: =E30*$B$10 -> 0.22140221 | L30: =K30-J30 -> 0.16593637
A31: =A30+1 -> 9 | B31: 596.7 | C31: =(B31/$B$13)*$B$12 -> 1.6330049 | D31: =D30+L30 -> 26.053383 | E31: 7.8 | F31: =F30-C31 -> 33.299672 | G31: 2.193 | H31: =(F31/448.8)/(3.14*((G31/12)^2)/4) -> 2.8301058 | I31: =IF(G31>5,$B$5,IF(5>=G31>1.5,$B$6,IF(1.5>G31,$B$7,0))) -> 145 | J31: =(1050*((F31/I31)^1.852)*(E31/100)*(G31^-4.87))/2.31 -> 0.050759698 | K31: =E31*$B$10 -> 0.22140221 | L31: =K31-J31 -> 0.17064252
A32: =A31+1 -> 10 | B32: 581.4 | C32: =(B32/$B$13)*$B$12 -> 1.591133 | D32: =D31+L31 -> 26.224025 | E32: 7.8 | F32: =F31-C32 -> 31.708539 | G32: 2.193 | H32: =(F32/448.8)/(3.14*((G32/12)^2)/4) -> 2.694877 | I32: =IF(G32>5,$B$5,IF(5>=G32>1.5,$B$6,IF(1.5>G32,$B$7,0))) -> 145 | J32: =(1050*((F32/I32)^1.852)*(E32/100)*(G32^-4.87))/2.31 -> 0.046359486 | K32: =E32*$B$10 -> 0.22140221 | L32: =K32-J32 -> 0.17504273
A33: =A32+1 -> 11 | B33: 566.1 | C33: =(B33/$B$13)*$B$12 -> 1.5492611 | D33: =D32+L32 -> 26.399068 | E33: 7.8 | F33: =F32-C33 -> 30.159278 | G33: 1.72 | H33: =(F33/448.8)/(3.14*((G33/12)^2)/4) -> 4.1668132 | I33: =IF(G33>5,$B$5,IF(5>=G33>1.5,$B$6,IF(1.5>G33,$B$7,0))) -> 145 | J33: =(1050*((F33/I33)^1.852)*(E33/100)*(G33^-4.87))/2.31 -> 0.13793752 | K33: =E33*$B$10 -> 0.22140221 | L33: =K33-J33 -> 0.083464694
A34: =A33+1 -> 12 | B34: 550.9 | C34: =(B34/$B$13)*$B$12 -> 1.5076628 | D34: =D33+L33 -> 26.482533 | E34: 7.8 | F34: =F33-C34 -> 28.651615 | G34: 1.72 | H34: =(F34/448.8)/(3.14*((G34/12)^2)/4) -> 3.9585141 | I34: =IF(G34>5,$B$5,IF(5>=G34>1.5,$B$6,IF(1.5>G34,$B$7,0))) -> 145 | J34: =(1050*((F34/I34)^1.852)*(E34/100)*(G34^-4.87))/2.31 -> 0.12543969 | K34: =E34*$B$10 -> 0.22140221 | L34: =K34-J34 -> 0.095962521
A35: =A34+1 -> 13 | B35: 535.6 | C35: =(B35/$B$13)*$B$12 -> 1.4657909 | D35: =D34+L34 -> 26.578495 | E35: 7.8 | F35: =F34-C35 -> 27.185824 | G35: 1.72 | H35: =(F35/448.8)/(3.14*((G35/12)^2)/4) -> 3.7560001 | I35: =IF(G35>5,$B$5,IF(5>=G35>1.5,$B$6,IF(1.5>G35,$B$7,0))) -> 145 | J35: =(1050*((F35/I35)^1.852)*(E35/100)*(G35^-4.87))/2.31 -> 0.11381438 | K35: =E35*$B$10 -> 0.22140221 | L35: =K35-J35 -> 0.10758783
... A40: =A39+1 -> 18 | B40: 489.7 | C40: =(B40/$B$13)*$B$12 -> 1.3401752 | D40: =D39+L39 -> 27.217739 | E40: 7.8 | F40: =F39-C40 -> 20.293103 | G40: 1.72 | H40: =(F40/448.8)/(3.14*((G40/12)^2)/4) -> 2.8037001 | I40: =IF(G40>5,$B$5,IF(5>=G40>1.5,$B$6,IF(1.5>G40,$B$7,0))) -> 145 | J40: =(1050*((F40/I40)^1.852)*(E40/100)*(G40^-4.87))/2.31 -> 0.066222292 | K40: =E40*$B$10 -> 0.22140221 | L40: =K40-J40 -> 0.15517992
A41: Section B
A42: =A40+1 -> 19 | B42: 480.5 | C42: =(B42/$B$13)*$B$12 -> 1.3149973 | D42: =D40+L40 -> 27.372918 | E42: 8 | F42: =F40-C42 -> 18.978106 | G42: 1.72 | H42: =(F42/448.8)/(3.14*((G42/12)^2)/4) -> 2.6220198 | I42: =IF(G42>5,$B$5,IF(5>=G42>1.5,$B$6,IF(1.5>G42,$B$7,0))) -> 145 | J42: =(1050*((F42/I42)^1.852)*(E42/100)*(G42^-4.87))/2.31 -> 0.05999493 | K42: =E42*$B$10 -> 0.22707919 | L42: =K42-J42 -> 0.16708426
A43: =A42+1 -> 20 | B43: 471.2 | C43: =(B43/$B$13)*$B$12 -> 1.2895457 | D43: =D42+L42 -> 27.540003 | E43: 8 | F43: =F42-C43 -> 17.68856 | G43: 1.72 | H43: =(F43/448.8)/(3.14*((G43/12)^2)/4) -> 2.4438558 | I43: =IF(G43>5,$B$5,IF(5>=G43>1.5,$B$6,IF(1.5>G43,$B$7,0))) -> 145 | J43: =(1050*((F43/I43)^1.852)*(E43/100)*(G43^-4.87))/2.31 -> 0.052664349 | K43: =E43*$B$10 -> 0.22707919 | L43: =K43-J43 -> 0.17441484
A44: =A43+1 -> 21 | B44: 462 | C44: =(B44/$B$13)*$B$12 -> 1.2643678 | D44: =D43+L43 -> 27.714418 | E44: 8 | F44: =F43-C44 -> 16.424193 | G44: 1.72 | H44: =(F44/448.8)/(3.14*((G44/12)^2)/4) -> 2.2691705 | I44: =IF(G44>5,$B$5,IF(5>=G44>1.5,$B$6,IF(1.5>G44,$B$7,0))) -> 145 | J44: =(1050*((F44/I44)^1.852)*(E44/100)*(G44^-4.87))/2.31 -> 0.045905704 | K44: =E44*$B$10 -> 0.22707919 | L44: =K44-J44 -> 0.18117349
A45: =A44+1 -> 22 | B45: 452.7 | C45: =(B45/$B$13)*$B$12 -> 1.2389163 | D45: =D44+L44 -> 27.895591 | E45: 8 | F45: =F44-C45 -> 15.185276 | G45: 1.72 | H45: =(F45/448.8)/(3.14*((G45/12)^2)/4) -> 2.0980015 | I45: =IF(G45>5,$B$5,IF(5>=G45>1.5,$B$6,IF(1.5>G45,$B$7,0))) -> 145 | J45: =(1050*((F45/I45)^1.852)*(E45/100)*(G45^-4.87))/2.31 -> 0.039699503 | K45: =E45*$B$10 -> 0.22707919 | L45: =K45-J45 -> 0.18737969
A46: =A45+1 -> 23 | B46: 443.4 | C46: =(B46/$B$13)*$B$12 -> 1.2134647 | D46: =D45+L45 -> 28.082971 | E46: 8 | F46: =F45-C46 -> 13.971812 | G46: 1.72 | H46: =(F46/448.8)/(3.14*((G46/12)^2)/4) -> 1.9303489 | I46: =IF(G46>5,$B$5,IF(5>=G46>1.5,$B$6,IF(1.5>G46,$B$7,0))) -> 145 | J46: =(1050*((F46/I46)^1.852)*(E46/100)*(G46^-4.87))/2.31 -> 0.034025011 | K46: =E46*$B$10 -> 0.22707919 | L46: =K46-J46 -> 0.19305418
A47: =A46+1 -> 24 | B47: 434.1 | C47: =(B47/$B$13)*$B$12 -> 1.1880131 | D47: =D46+L46 -> 28.276025 | E47: 8 | F47: =F46-C47 -> 12.783799 | G47: 1.72 | H47: =(F47/448.8)/(3.14*((G47/12)^2)/4) -> 1.7662127 | I47: =IF(G47>5,$B$5,IF(5>=G47>1.5,$B$6,IF(1.5>G47,$B$7,0))) -> 145 | J47: =(1050*((F47/I47)^1.852)*(E47/100)*(G47^-4.87))/2.31 -> 0.028861866 | K47: =E47*$B$10 -> 0.22707919 | L47: =K47-J47 -> 0.19821733
A48: =A47+1 -> 25 | B48: 424.8 | C48: =(B48/$B$13)*$B$12 -> 1.1625616 | D48: =D47+L47 -> 28.474242 | E48: 8 | F48: =F47-C48 -> 11.621237 | G48: 1.72 | H48: =(F48/448.8)/(3.14*((G48/12)^2)/4) -> 1.6055929 | I48: =IF(G48>5,$B$5,IF(5>=G48>1.5,$B$6,IF(1.5>G48,$B$7,0))) -> 145 | J48: =(1050*((F48/I48)^1.852)*(E48/100)*(G48^-4.87))/2.31 -> 0.024190096 | K48: =E48*$B$10 -> 0.22707919 | L48: =K48-J48 -> 0.2028891
A49: =A48+1 -> 26 | B49: 415.6 | C49: =(B49/$B$13)*$B$12 -> 1.1373837 | D49: =D48+L48 -> 28.677131 | E49: 8 | F49: =F48-C49 -> 10.483853 | G49: 1.72 | H49: =(F49/448.8)/(3.14*((G49/12)^2)/4) -> 1.4484517 | I49: =IF(G49>5,$B$5,IF(5>=G49>1.5,$B$6,IF(1.5>G49,$B$7,0))) -> 145 | J49: =(1050*((F49/I49)^1.852)*(E49/100)*(G49^-4.87))/2.31 -> 0.019989181 | K49: =E49*$B$10 -> 0.22707919 | L49: =K49-J49 -> 0.20709001
A50: =A49+1 -> 27 | B50: 406.3 | C50: =(B50/$B$13)*$B$12 -> 1.1119321 | D50: =D49+L49 -> 28.884221 | E50: 8 | F50: =F49-C50 -> 9.3719212 | G50: 1.72 | H50: =(F50/448.8)/(3.14*((G50/12)^2)/4) -> 1.2948269 | I50: =IF(G50>5,$B$5,IF(5>=G50>1.5,$B$6,IF(1.5>G50,$B$7,0))) -> 145 | J50: =(1050*((F50/I50)^1.852)*(E50/100)*(G50^-4.87))/2.31 -> 0.016241153 | K50: =E50*$B$10 -> 0.22707919 | L50: =K50-J50 -> 0.21083804
A51: =A50+1 -> 28 | B51: 397 | C51: =(B51/$B$13)*$B$12 -> 1.0864806 | D51: =D50+L50 -> 29.095059 | E51: 8 | F51: =F50-C51 -> 8.2854406 | G51: 1.72 | H51: =(F51/448.8)/(3.14*((G51/12)^2)/4) -> 1.1447185 | I51: =IF(G51>5,$B$5,IF(5>=G51>1.5,$B$6,IF(1.5>G51,$B$7,0))) -> 145 | J51: =(1050*((F51/I51)^1.852)*(E51/100)*(G51^-4.87))/2.31 -> 0.012927387 | K51: =E51*$B$10 -> 0.22707919 | L51: =K51-J51 -> 0.21415181
A52: =A51+1 -> 29 | B52: 387.7 | C52: =(B52/$B$13)*$B$12 -> 1.061029 | D52: =D51+L51 -> 29.309211 | E52: 8 | F52: =F51-C52 -> 7.2244116 | G52: 1.72 | H52: =(F52/448.8)/(3.14*((G52/12)^2)/4) -> 0.99812647 | I52: =IF(G52>5,$B$5,IF(5>=G52>1.5,$B$6,IF(1.5>G52,$B$7,0))) -> 145 | J52: =(1050*((F52/I52)^1.852)*(E52/100)*(G52^-4.87))/2.31 -> 0.010029804 | K52: =E52*$B$10 -> 0.22707919 | L52: =K52-J52 -> 0.21704939
A53: =A52+1 -> 30 | B53: 378.4 | C53: =(B53/$B$13)*$B$12 -> 1.0355774 | D53: =D52+L52 -> 29.526261 | E53: 8 | F53: =F52-C53 -> 6.1888342 | G53: 1.72 | H53: =(F53/448.8)/(3.14*((G53/12)^2)/4) -> 0.85505084 | I53: =IF(G53>5,$B$5,IF(5>=G53>1.5,$B$6,IF(1.5>G53,$B$7,0))) -> 145 | J53: =(1050*((F53/I53)^1.852)*(E53/100)*(G53^-4.87))/2.31 -> 0.0075309508 | K53: =E53*$B$10 -> 0.22707919 | L53: =K53-J53 -> 0.21954824
A54: =A53+1 -> 31 | B54: 369.2 | C54: =(B54/$B$13)*$B$12 -> 1.0103996 | D54: =D53+L53 -> 29.745809 | E54: 8 | F54: =F53-C54 -> 5.1784346 | G54: 1.72 | H54: =(F54/448.8)/(3.14*((G54/12)^2)/4) -> 0.71545379 | I54: =IF(G54>5,$B$5,IF(5>=G54>1.5,$B$6,IF(1.5>G54,$B$7,0))) -> 145 | J54: =(1050*((F54/I54)^1.852)*(E54/100)*(G54^-4.87))/2.31 -> 0.005413596 | K54: =E54*$B$10 -> 0.22707919 | L54: =K54-J54 -> 0.2216656
A55: =A54+1 -> 32 | B55: 359.9 | C55: =(B55/$B$13)*$B$12 -> 0.984948 | D55: =D54+L54 -> 29.967474 | E55: 8 | F55: =F54-C55 -> 4.1934866 | G55: 1.72 | H55: =(F55/448.8)/(3.14*((G55/12)^2)/4) -> 0.57937313 | I55: =IF(G55>5,$B$5,IF(5>=G55>1.5,$B$6,IF(1.5>G55,$B$7,0))) -> 145 | J55: =(1050*((F55/I55)^1.852)*(E55/100)*(G55^-4.87))/2.31 -> 0.0036626853 | K55: =E55*$B$10 -> 0.22707919 | L55: =K55-J55 -> 0.22341651
A56: Section C
A57: =A55+1 -> 33 | B57: 340.9 | C57: =(B57/$B$13)*$B$12 -> 0.93295019 | D57: =D55+L55 -> 30.190891 | E57: 11.7 | F57: =F55-C57 -> 3.2605364 | G57: 1.72 | H57: =(F57/448.8)/(3.14*((G57/12)^2)/4) -> 0.45047651 | I57: =IF(G57>5,$B$5,IF(5>=G57>1.5,$B$6,IF(1.5>G57,$B$7,0))) -> 145 | J57: =(1050*((F57/I57)^1.852)*(E57/100)*(G57^-4.87))/2.31 -> 0.0033612238 | K57: =E57*$B$10 -> 0.33210332 | L57: =K57-J57 -> 0.3287421
A58: =A57+1 -> 34 | B58: 297.7 | C58: =(B58/$B$13)*$B$12 -> 0.81472359 | D58: =D57+L57 -> 30.519633 | E58: 16.3 | F58: =F57-C58 -> 2.4458128 | G58: 1.72 | H58: =(F58/448.8)/(3.14*((G58/12)^2)/4) -> 0.3379141 | I58: =IF(G58>5,$B$5,IF(5>=G58>1.5,$B$6,IF(1.5>G58,$B$7,0))) -> 145 | J58: =(1050*((F58/I58)^1.852)*(E58/100)*(G58^-4.87))/2.31 -> 0.0027494615 | K58: =E58*$B$10 -> 0.46267386 | L58: =K58-J58 -> 0.4599244
A59: =A58+1 -> 35 | B59: 254.5 | C59: =(B59/$B$13)*$B$12 -> 0.69649699 | D59: =D58+L58 -> 30.979557 | E59: 16.3 | F59: =F58-C59 -> 1.7493158 | G59: 1.72 | H59: =(F59/448.8)/(3.14*((G59/12)^2)/4) -> 0.2416859 | I59: =IF(G59>5,$B$5,IF(5>=G59>1.5,$B$6,IF(1.5>G59,$B$7,0))) -> 145 | J59: =(1050*((F59/I59)^1.852)*(E59/100)*(G59^-4.87))/2.31 -> 0.0014780182 | K59: =E59*$B$10 -> 0.46267386 | L59: =K59-J59 -> 0.46119584
A60: =A59+1 -> 36 | B60: 211.3 | C60: =(B60/$B$13)*$B$12 -> 0.57827039 | D60: =D59+L59 -> 31.440753 | E60: 16.3 | F60: =F59-C60 -> 1.1710454 | G60: 1.72 | H60: =(F60/448.8)/(3.14*((G60/12)^2)/4) -> 0.16179192 | I60: =IF(G60>5,$B$5,IF(5>=G60>1.5,$B$6,IF(1.5>G60,$B$7,0))) -> 145 | J60: =(1050*((F60/I60)^1.852)*(E60/100)*(G60^-4.87))/2.31 -> 0.00070288847 | K60: =E60*$B$10 -> 0.46267386 | L60: =K60-J60 -> 0.46197097
A61: =A60+1 -> 37 | B61: 168.2 | C61: =(B61/$B$13)*$B$12 -> 0.46031746 | D61: =D60+L60 -> 31.902724 | E61: 16.3 | F61: =F60-C61 -> 0.71072797 | G61: 1.72 | H61: =(F61/448.8)/(3.14*((G61/12)^2)/4) -> 0.09819435 | I61: =IF(G61>5,$B$5,IF(5>=G61>1.5,$B$6,IF(1.5>G61,$B$7,0))) -> 145 | J61: =(1050*((F61/I61)^1.852)*(E61/100)*(G61^-4.87))/2.31 -> 0.00027876777 | K61: =E61*$B$10 -> 0.46267386 | L61: =K61-J61 -> 0.46239509
A62: =A61+1 -> 38 | B62: 125 | C62: =(B62/$B$13)*$B$12 -> 0.34209086 | D62: =D61+L61 -> 32.365119 | E62: 16.3 | F62: =F61-C62 -> 0.36863711 | G62: 1.72 | H62: =(F62/448.8)/(3.14*((G62/12)^2)/4) -> 0.050930993 | I62: =IF(G62>5,$B$5,IF(5>=G62>1.5,$B$6,IF(1.5>G62,$B$7,0))) -> 145 | J62: =(1050*((F62/I62)^1.852)*(E62/100)*(G62^-4.87))/2.31 -> 8.2647418e-05 | K62: =E62*$B$10 -> 0.46267386 | L62: =K62-J62 -> 0.46259121
A63: =A62+1 -> 39 | B63: 81.8 | C63: =(B63/$B$13)*$B$12 -> 0.22386426 | D63: =D62+L62 -> 32.827711 | E63: 16.3 | F63: =F62-C63 -> 0.14477285 | G63: 1.72 | H63: =(F63/448.8)/(3.14*((G63/12)^2)/4) -> 0.020001853 | I63: =IF(G63>5,$B$5,IF(5>=G63>1.5,$B$6,IF(1.5>G63,$B$7,0))) -> 145 | J63: =(1050*((F63/I63)^1.852)*(E63/100)*(G63^-4.87))/2.31 -> 1.4637955e-05 | K63: =E63*$B$10 -> 0.46267386 | L63: =K63-J63 -> 0.46265922
A64: =A63+1 -> 40 | B64: 38.6 | C64: =(B64/$B$13)*$B$12 -> 0.10563766 | D64: =D63+L63 -> 33.29037 | E64: 16.3 | F64: =F63-C64 -> 0.039135194 | G64: 1.548 | H64: =(F64/448.8)/(3.14*((G64/12)^2)/4) -> 0.0066752198 | I64: =IF(G64>5,$B$5,IF(5>=G64>1.5,$B$6,IF(1.5>G64,$B$7,0))) -> 145 | J64: =(1050*((F64/I64)^1.852)*(E64/100)*(G64^-4.87))/2.31 -> 2.168512e-06 | K64: =E64*$B$10 -> 0.46267386 | L64: =K64-J64 -> 0.46267169
C66: Min, P | D66: =MIN(D57:D64,D42:D55,D23:D40) -> 25 | E66: PSI
C67: Max, P | D67: =MAX(D57:D64,D42:D55,D23:D40) -> 33.29037 | E67: PSI
C68: Avg. P, PSI | D68: =AVERAGE(D57:D64,D42:D55,D22:D40) -> 28.013674
C69: Total GPM | D69: =SUM(C57:C64,C42:C55,C23:C40) -> 49.460865
C70: Sub-Main Length, ft | D70: =SUM(E57:E64,E42:E55,E23:E40) -> 371

Sheet Block 5
A1: Block 5
A3: Sub-mainline Sizing and Pressure
B5: 150 | C5: C-value for PVC ID > 5"
B6: 145 | C6: C-value for PVC 1.5" < = ID < = 5"
B7: 140 | C7: C-value for PVC < 1.5"
B8: 10 | C8: feet, Total Elevation Drop
B9: 670.3 | C9: feet, Length of Sub-mainline
B10: =B8/B9 -> 0.014918693 | C10: ft/ft, Change in Elevation
B11: 0.5 | C11: GPH/emitter
B12: =B11/60 -> 0.0083333333 | C12: GPM/emitter
B13: 3.045 | C13: ft, emitter spacing
B17: Chg. Elev = Length * ft/ft (elevation change worst case)
B18: Chg. P = Chg. Elev + Hf
A20: Section A
A21: Row | B21: Row Length ft | C21: GPM per Row | D21: Pressure PSI | E21: Length ft | F21: GPM | G21: Pipe ID, in | H21: Velocity, ft/sec | I21: C-Value | J21: Hf (psi) | K21: Chg. Elev (psi) | L21: Chg. P (psi)
A22: Inlet | B22: 0 | C22: 0 | D22: 25 | E22: 0 | F22: 52 | G22: 2.193 | H22: =(F22/448.8)/(3.14*((G22/12)^2)/4) -> 4.419428 | I22: =IF(G22>5,$B$5,IF(5>=G22>1.5,$B$6,IF(1.5>G22,$B$7,0))) -> 145 | J22: =(1050*((F22/I22)^1.852)*(E22/100)*(G22^-4.87))/2.31 -> 0 | K22: =E22*$B$10 -> 0 | L22: =-K22-J22 -> 0
A23: 1 | B23: 17.7 | C23: =(B23/$B$13)*$B$12 -> 0.048440066 | D23: =D22+L22 -> 25 | E23: 19.2 | F23: =F22-C23 -> 51.95156 | G23: 2.193 | H23: =(F23/448.8)/(3.14*((G23/12)^2)/4) -> 4.4153112 | I23: =IF(G23>5,$B$5,IF(5>=G23>1.5,$B$6,IF(1.5>G23,$B$7,0))) -> 145 | J23: =(1050*((F23/I23)^1.852)*(E23/100)*(G23^-4.87))/2.31 -> 0.28474458 | K23: =E23*$B$10 -> 0.28643891 | L23: =-K23-J23 -> -0.57118349
A24: =A23+1 -> 2 | B24: 35.7 | C24: =(B24/$B$13)*$B$12 -> 0.097701149 | D24: =D23+L23 -> 24.428817 | E24: 19.6 | F24: =F23-C24 -> 51.853859 | G24: 2.193 | H24: =(F24/448.8)/(3.14*((G24/12)^2)/4) -> 4.4070076 | I24: =IF(G24>5,$B$5,IF(5>=G24>1.5,$B$6,IF(1.5>G24,$B$7,0))) -> 145 | J24: =(1050*((F24/I24)^1.852)*(E24/100)*(G24^-4.87))/2.31 -> 0.28966517 | K24: =E24*$B$10 -> 0.29240639 | L24: =-K24-J24 -> -0.58207155
A25: =A24+1 -> 3 | B25: 53.7 | C25: =(B25/$B$13)*$B$12 -> 0.14696223 | D25: =D24+L24 -> 23.846745 | E25: 19.6 | F25: =F24-C25 -> 51.706897 | G25: 2.193 | H25: =(F25/448.8)/(3.14*((G25/12)^2)/4) -> 4.3945175 | I25: =IF(G25>5,$B$5,IF(5>=G25>1.5,$B$6,IF(1.5>G25,$B$7,0))) -> 145 | J25: =(1050*((F25/I25)^1.852)*(E25/100)*(G25^-4.87))/2.31 -> 0.28814659 | K25: =E25*$B$10 -> 0.29240639 | L25: =-K25-J25 -> -0.58055298
A26: =A25+1 -> 4 | B26: 71.7 | C26: =(B26/$B$13)*$B$12 -> 0.19622332 | D26: =D25+L25 -> 23.266192 | E26: 19.6 | F26: =F25-C26 -> 51.510673 | G26: 2.193 | H26: =(F26/448.8)/(3.14*((G26/12)^2)/4) -> 4.3778407 | I26: =IF(G26>5,$B$5,IF(5>=G26>1.5,$B$6,IF(1.5>G26,$B$7,0))) -> 145 | J26: =(1050*((F26/I26)^1.852)*(E26/100)*(G26^-4.87))/2.31 -> 0.28612472 | K26: =E26*$B$10 -> 0.29240639 | L26: =-K26-J26 -> -0.5785311
A27: =A26+1 -> 5 | B27: 89.7 | C27: =(B27/$B$13)*$B$12 -> 0.2454844 | D27: =D26+L26 -> 22.687661 | E27: 19.6 | F27: =F26-C27 -> 51.265189 | G27: 2.193 | H27: =(F27/448.8)/(3.14*((G27/12)^2)/4) -> 4.3569772 | I27: =IF(G27>5,$B$5,IF(5>=G27>1.5,$B$6,IF(1.5>G27,$B$7,0))) -> 145 | J27: =(1050*((F27/I27)^1.852)*(E27/100)*(G27^-4.87))/2.31 -> 0.28360449 | K27: =E27*$B$10 -> 0.29240639 | L27: =-K27-J27 -> -0.57601087
A28: =A27+1 -> 6 | B28: 107.7 | C28: =(B28/$B$13)*$B$12 -> 0.29474548 | D28: =D27+L27 -> 22.11165 | E28: 19.6 | F28: =F27-C28 -> 50.970443 | G28: 2.193 | H28: =(F28/448.8)/(3.14*((G28/12)^2)/4) -> 4.3319271 | I28: =IF(G28>5,$B$5,IF(5>=G28>1.5,$B$6,IF(1.5>G28,$B$7,0))) -> 145 | J28: =(1050*((F28/I28)^1.852)*(E28/100)*(G28^-4.87))/2.31 -> 0.28059208 | K28: =E28*$B$10 -> 0.29240639 | L28: =-K28-J28 -> -0.57299847
A29: =A28+1 -> 7 | B29: 125.7 | C29: =(B29/$B$13)*$B$12 -> 0.34400657 | D29: =D28+L28 -> 21.538652 | E29: 19.6 | F29: =F28-C29 -> 50.626437 | G29: 2.193 | H29: =(F29/448.8)/(3.14*((G29/12)^2)/4) -> 4.3026903 | I29: =IF(G29>5,$B$5,IF(5>=G29>1.5,$B$6,IF(1.5>G29,$B$7,0))) -> 145 | J29: =(1050*((F29/I29)^1.852)*(E29/100)*(G29^-4.87))/2.31 -> 0.27709494 | K29: =E29*$B$10 -> 0.29240639 | L29: =-K29-J29 -> -0.56950132
A30: =A29+1 -> 8 | B30: 143.7 | C30: =(B30/$B$13)*$B$12 -> 0.39326765 | D30: =D29+L29 -> 20.96915 | E30: 19.6 | F30: =F29-C30 -> 50.233169 | G30: 2.193 | H30: =(F30/448.8)/(3.14*((G30/12)^2)/4) -> 4.2692669 | I30: =IF(G30>5,$B$5,IF(5>=G30>1.5,$B$6,IF(1.5>G30,$B$7,0))) -> 145 | J30: =(1050*((F30/I30)^1.852)*(E30/100)*(G30^-4.87))/2.31 -> 0.27312174 | K30: =E30*$B$10 -> 0.29240639 | L30: =-K30-J30 -> -0.56552812
A31: =A30+1 -> 9 | B31: 161.7 | C31: =(B31/$B$13)*$B$12 -> 0.44252874 | D31: =D30+L30 -> 20.403622 | E31: 19.6 | F31: =F30-C31 -> 49.79064 | G31: 2.193 | H31: =(F31/448.8)/(3.14*((G31/12)^2)/4) -> 4.2316568 | I31: =IF(G31>5,$B$5,IF(5>=G31>1.5,$B$6,IF(1.5>G31,$B$7,0))) -> 145 | J31: =(1050*((F31/I31)^1.852)*(E31/100)*(G31^-4.87))/2.31 -> 0.26868244 | K31: =E31*$B$10 -> 0.29240639 | L31: =-K31-J31 -> -0.56108882
A32: =A31+1 -> 10 | B32: 179.8 | C32: =(B32/$B$13)*$B$12 -> 0.49206349 | D32: =D31+L31 -> 19.842533 | E32: 19.6 | F32: =F31-C32 -> 49.298577 | G32: 2.193 | H32: =(F32/448.8)/(3.14*((G32/12)^2)/4) -> 4.1898368 | I32: =IF(G32>5,$B$5,IF(5>=G32>1.5,$B$6,IF(1.5>G32,$B$7,0))) -> 145 | J32: =(1050*((F32/I32)^1.852)*(E32/100)*(G32^-4.87))/2.31 -> 0.26378554 | K32: =E32*$B$10 -> 0.29240639 | L32: =-K32-J32 -> -0.55619193
A33: =A32+1 -> 11 | B33: 197.8 | C33: =(B33/$B$13)*$B$12 -> 0.54132458 | D33: =D32+L32 -> 19.286341 | E33: 19.6 | F33: =F32-C33 -> 48.757252 | G33: 2.193 | H33: =(F33/448.8)/(3.14*((G33/12)^2)/4) -> 4.1438302 | I33: =IF(G33>5,$B$5,IF(5>=G33>1.5,$B$6,IF(1.5>G33,$B$7,0))) -> 145 | J33: =(1050*((F33/I33)^1.852)*(E33/100)*(G33^-4.87))/2.31 -> 0.25844632 | K33: =E33*$B$10 -> 0.29240639 | L33: =-K33-J33 -> -0.55085271
A34: Section B
A35: =A33+1 -> 12 | B35: 213.7 | C35: =(B35/$B$13)*$B$12 -> 0.58483853 | D35: =D33+L33 -> 18.735489 | E35: 18.4 | F35: =F33-C35 -> 48.172414 | G35: 2.193 | H35: =(F35/448.8)/(3.14*((G35/12)^2)/4) -> 4.0941253 | I35: =IF(G35>5,$B$5,IF(5>=G35>1.5,$B$6,IF(1.5>G35,$B$7,0))) -> 145 | J35: =(1050*((F35/I35)^1.852)*(E35/100)*(G35^-4.87))/2.31 -> 0.23726087 | K35: =E35*$B$10 -> 0.27450395 | L35: =-K35-J35 -> -0.51176482
A36: =A35+1 -> 13 | B36: 211 | C36: =(B36/$B$13)*$B$12 -> 0.57744937 | D36: =D35+L35 -> 18.223724 | E36: 8.2 | F36: =F35-C36 -> 47.594964 | G36: 2.193 | H36: =(F36/448.8)/(3.14*((G36/12)^2)/4) -> 4.0450485 | I36: =IF(G36>5,$B$5,IF(5>=G36>1.5,$B$6,IF(1.5>G36,$B$7,0))) -> 145 | J36: =(1050*((F36/I36)^1.852)*(E36/100)*(G36^-4.87))/2.31 -> 0.10340046 | K36: =E36*$B$10 -> 0.12233328 | L36: =-K36-J36 -> -0.22573375
A37: =A36+1 -> 14 | B37: 208.4 | C37: =(B37/$B$13)*$B$12 -> 0.57033388 | D37: =D36+L36 -> 17.99799 | E37: 8.2 | F37: =F36-C37 -> 47.024631 | G37: 2.193 | H37: =(F37/448.8)/(3.14*((G37/12)^2)/4) -> 3.9965764 | I37: =IF(G37>5,$B$5,IF(5>=G37>1.5,$B$6,IF(1.5>G37,$B$7,0))) -> 145 | J37: =(1050*((F37/I37)^1.852)*(E37/100)*(G37^-4.87))/2.31 -> 0.10111745 | K37: =E37*$B$10 -> 0.12233328 | L37: =-K37-J37 -> -0.22345074
A38: =A37+1 -> 15 | B38: 205.7 | C38: =(B38/$B$13)*$B$12 -> 0.56294472 | D38: =D37+L37 -> 17.774539 | E38: 8.2 | F38: =F37-C38 -> 46.461686 | G38: 2.193 | H38: =(F38/448.8)/(3.14*((G38/12)^2)/4) -> 3.9487323 | I38: =IF(G38>5,$B$5,IF(5>=G38>1.5,$B$6,IF(1.5>G38,$B$7,0))) -> 145 | J38: =(1050*((F38/I38)^1.852)*(E38/100)*(G38^-4.87))/2.31 -> 0.098887038 | K38: =E38*$B$10 -> 0.12233328 | L38: =-K38-J38 -> -0.22122032
A39: =A38+1 -> 16 | B39: 203 | C39: =(B39/$B$13)*$B$12 -> 0.55555556 | D39: =D38+L38 -> 17.553319 | E39: 8.2 | F39: =F38-C39 -> 45.90613 | G39: 2.193 | H39: =(F39/448.8)/(3.14*((G39/12)^2)/4) -> 3.9015161 | I39: =IF(G39>5,$B$5,IF(5>=G39>1.5,$B$6,IF(1.5>G39,$B$7,0))) -> 145 | J39: =(1050*((F39/I39)^1.852)*(E39/100)*(G39^-4.87))/2.31 -> 0.096708357 | K39: =E39*$B$10 -> 0.12233328 | L39: =-K39-J39 -> -0.21904164
A40: =A39+1 -> 17 | B40: 200.4 | C40: =(B40/$B$13)*$B$12 -> 0.54844007 | D40: =D39+L39 -> 17.334277 | E40: 8.2 | F40: =F39-C40 -> 45.35769 | G40: 2.193 | H40: =(F40/448.8)/(3.14*((G40/12)^2)/4) -> 3.8549048 | I40: =IF(G40>5,$B$5,IF(5>=G40>1.5,$B$6,IF(1.5>G40,$B$7,0))) -> 145 | J40: =(1050*((F40/I40)^1.852)*(E40/100)*(G40^-4.87))/2.31 -> 0.094579501 | K40: =E40*$B$10 -> 0.12233328 | L40: =-K40-J40 -> -0.21691278
A41: =A40+1 -> 18 | B41: 197.7 | C41: =(B41/$B$13)*$B$12 -> 0.5410509 | D41: =D40+L40 -> 17.117365 | E41: 8.2 | F41: =F40-C41 -> 44.816639 | G41: 2.193 | H41: =(F41/448.8)/(3.14*((G41/12)^2)/4) -> 3.8089214 | I41: =IF(G41>5,$B$5,IF(5>=G41>1.5,$B$6,IF(1.5>G41,$B$7,0))) -> 145 | J41: =(1050*((F41/I41)^1.852)*(E41/100)*(G41^-4.87))/2.31 -> 0.092500707 | K41: =E41*$B$10 -> 0.12233328 | L41: =-K41-J41 -> -0.21483399
A42: =A41+1 -> 19 | B42: 195 | C42: =(B42/$B$13)*$B$12 -> 0.53366174 | D42: =D41+L41 -> 16.902531 | E42: 8.2 | F42: =F41-C42 -> 44.282978 | G42: 2.193 | H42: =(F42/448.8)/(3.14*((G42/12)^2)/4) -> 3.763566 | I42: =IF(G42>5,$B$5,IF(5>=G42>1.5,$B$6,IF(1.5>G42,$B$7,0))) -> 145 | J42: =(1050*((F42/I42)^1.852)*(E42/100)*(G42^-4.87))/2.31 -> 0.090471143 | K42: =E42*$B$10 -> 0.12233328 | L42: =-K42-J42 -> -0.21280443
A43: =A42+1 -> 20 | B43: 195.8 | C43: =(B43/$B$13)*$B$12 -> 0.53585112 | D43: =D42+L42 -> 16.689726 | E43: 8.2 | F43: =F42-C43 -> 43.747126 | G43: 2.193 | H43: =(F43/448.8)/(3.14*((G43/12)^2)/4) -> 3.7180246 | I43: =IF(G43>5,$B$5,IF(5>=G43>1.5,$B$6,IF(1.5>G43,$B$7,0))) -> 145 | J43: =(1050*((F43/I43)^1.852)*(E43/100)*(G43^-4.87))/2.31 -> 0.088454112 | K43: =E43*$B$10 -> 0.12233328 | L43: =-K43-J43 -> -0.2107874
A44: =A43+1 -> 21 | B44: 197.5 | C44: =(B44/$B$13)*$B$12 -> 0.54050356 | D44: =D43+L43 -> 16.478939 | E44: 8.2 | F44: =F43-C44 -> 43.206623 | G44: 2.193 | H44: =(F44/448.8)/(3.14*((G44/12)^2)/4) -> 3.6720877 | I44: =IF(G44>5,$B$5,IF(5>=G44>1.5,$B$6,IF(1.5>G44,$B$7,0))) -> 145 | J44: =(1050*((F44/I44)^1.852)*(E44/100)*(G44^-4.87))/2.31 -> 0.086440783 | K44: =E44*$B$10 -> 0.12233328 | L44: =-K44-J44 -> -0.20877407
A45: =A44+1 -> 22 | B45: 199.3 | C45: =(B45/$B$13)*$B$12 -> 0.54542967 | D45: =D44+L44 -> 16.270165 | E45: 8.2 | F45: =F44-C45 -> 42.661193 | G45: 2.193 | H45: =(F45/448.8)/(3.14*((G45/12)^2)/4) -> 3.6257322 | I45: =IF(G45>5,$B$5,IF(5>=G45>1.5,$B$6,IF(1.5>G45,$B$7,0))) -> 145 | J45: =(1050*((F45/I45)^1.852)*(E45/100)*(G45^-4.87))/2.31 -> 0.084430742 | K45: =E45*$B$10 -> 0.12233328 | L45: =-K45-J45 -> -0.20676403
A46: =A45+1 -> 23 | B46: 201 | C46: =(B46/$B$13)*$B$12 -> 0.5500821 | D46: =D45+L45 -> 16.063401 | E46: 8.2 | F46: =F45-C46 -> 42.111111 | G46: 2.193 | H46: =(F46/448.8)/(3.14*((G46/12)^2)/4) -> 3.5789813 | I46: =IF(G46>5,$B$5,IF(5>=G46>1.5,$B$6,IF(1.5>G46,$B$7,0))) -> 145 | J46: =(1050*((F46/I46)^1.852)*(E46/100)*(G46^-4.87))/2.31 -> 0.082425613 | K46: =E46*$B$10 -> 0.12233328 | L46: =-K46-J46 -> -0.2047589
A47: =A46+1 -> 24 | B47: 202.7 | C47: =(B47/$B$13)*$B$12 -> 0.55473454 | D47: =D46+L46 -> 15.858642 | E47: 8.2 | F47: =F46-C47 -> 41.556377 | G47: 2.193 | H47: =(F47/448.8)/(3.14*((G47/12)^2)/4) -> 3.5318349 | I47: =IF(G47>5,$B$5,IF(5>=G47>1.5,$B$6,IF(1.5>G47,$B$7,0))) -> 145 | J47: =(1050*((F47/I47)^1.852)*(E47/100)*(G47^-4.87))/2.31 -> 0.080425999 | K47: =E47*$B$10 -> 0.12233328 | L47: =-K47-J47 -> -0.20275928
... A66: =A65+1 -> 43 | B66: 412.3 | C66: =(B66/$B$13)*$B$12 -> 1.1283525 | D66: =D65+L65 -> 12.372296 | E66: 9.2 | F66: =F65-C66 -> 26.916256 | G66: 2.193 | H66: =(F66/448.8)/(3.14*((G66/12)^2)/4) -> 2.2875857 | I66: =IF(G66>5,$B$5,IF(5>=G66>1.5,$B$6,IF(1.5>G66,$B$7,0))) -> 145 | J66: =(1050*((F66/I66)^1.852)*(E66/100)*(G66^-4.87))/2.31 -> 0.040368314 | K66: =E66*$B$10 -> 0.13725198 | L66: =-K66-J66 -> -0.17762029
A67: Section C
A68: =A65+1 -> 43 | B68: 434 | C68: =(B68/$B$13)*$B$12 -> 1.1877395 | D68: =D65+L65 -> 12.372296 | E68: 10 | F68: =F66-C68 -> 25.728517 | G68: 1.72 | H68: =(F68/448.8)/(3.14*((G68/12)^2)/4) -> 3.5546582 | I68: =IF(G68>5,$B$5,IF(5>=G68>1.5,$B$6,IF(1.5>G68,$B$7,0))) -> 145 | J68: =(1050*((F68/I68)^1.852)*(E68/100)*(G68^-4.87))/2.31 -> 0.13176145 | K68: =E68*$B$10 -> 0.14918693 | L68: =-K68-J68 -> -0.28094838
A69: =A68+1 -> 44 | B69: 462.2 | C69: =(B69/$B$13)*$B$12 -> 1.2649152 | D69: =D68+L68 -> 12.091348 | E69: 12.1 | F69: =F68-C69 -> 24.463602 | G69: 1.72 | H69: =(F69/448.8)/(3.14*((G69/12)^2)/4) -> 3.3798972 | I69: =IF(G69>5,$B$5,IF(5>=G69>1.5,$B$6,IF(1.5>G69,$B$7,0))) -> 145 | J69: =(1050*((F69/I69)^1.852)*(E69/100)*(G69^-4.87))/2.31 -> 0.14521965 | K69: =E69*$B$10 -> 0.18051619 | L69: =-K69-J69 -> -0.32573584
A70: =A69+1 -> 45 | B70: 490.5 | C70: =(B70/$B$13)*$B$12 -> 1.3423645 | D70: =D69+L69 -> 11.765612 | E70: 12.1 | F70: =F69-C70 -> 23.121237 | G70: 1.72 | H70: =(F70/448.8)/(3.14*((G70/12)^2)/4) -> 3.1944358 | I70: =IF(G70>5,$B$5,IF(5>=G70>1.5,$B$6,IF(1.5>G70,$B$7,0))) -> 145 | J70: =(1050*((F70/I70)^1.852)*(E70/100)*(G70^-4.87))/2.31 -> 0.13080794 | K70: =E70*$B$10 -> 0.18051619 | L70: =-K70-J70 -> -0.31132413
A71: =A70+1 -> 46 | B71: 518.7 | C71: =(B71/$B$13)*$B$12 -> 1.4195402 | D71: =D70+L70 -> 11.454288 | E71: 12.1 | F71: =F70-C71 -> 21.701697 | G71: 1.72 | H71: =(F71/448.8)/(3.14*((G71/12)^2)/4) -> 2.9983117 | I71: =IF(G71>5,$B$5,IF(5>=G71>1.5,$B$6,IF(1.5>G71,$B$7,0))) -> 145 | J71: =(1050*((F71/I71)^1.852)*(E71/100)*(G71^-4.87))/2.31 -> 0.1163247 | K71: =E71*$B$10 -> 0.18051619 | L71: =-K71-J71 -> -0.29684088
A72: =A71+1 -> 47 | B72: 546.9 | C72: =(B72/$B$13)*$B$12 -> 1.4967159 | D72: =D71+L71 -> 11.157447 | E72: 12.1 | F72: =F71-C72 -> 20.204981 | G72: 1.72 | H72: =(F72/448.8)/(3.14*((G72/12)^2)/4) -> 2.7915251 | I72: =IF(G72>5,$B$5,IF(5>=G72>1.5,$B$6,IF(1.5>G72,$B$7,0))) -> 145 | J72: =(1050*((F72/I72)^1.852)*(E72/100)*(G72^-4.87))/2.31 -> 0.1019048 | K72: =E72*$B$10 -> 0.18051619 | L72: =-K72-J72 -> -0.28242099
A73: =A72+1 -> 48 | B73: 575.2 | C73: =(B73/$B$13)*$B$12 -> 1.5741653 | D73: =D72+L72 -> 10.875026 | E73: 12.1 | F73: =F72-C73 -> 18.630816 | G73: 1.72 | H73: =(F73/448.8)/(3.14*((G73/12)^2)/4) -> 2.574038 | I73: =IF(G73>5,$B$5,IF(5>=G73>1.5,$B$6,IF(1.5>G73,$B$7,0))) -> 145 | J73: =(1050*((F73/I73)^1.852)*(E73/100)*(G73^-4.87))/2.31 -> 0.087691001 | K73: =E73*$B$10 -> 0.18051619 | L73: =-K73-J73 -> -0.26820719
A74: =A73+1 -> 49 | B74: 603.4 | C74: =(B74/$B$13)*$B$12 -> 1.651341 | D74: =D73+L73 -> 10.606819 | E74: 12.1 | F74: =F73-C74 -> 16.979475 | G74: 1.72 | H74: =(F74/448.8)/(3.14*((G74/12)^2)/4) -> 2.3458884 | I74: =IF(G74>5,$B$5,IF(5>=G74>1.5,$B$6,IF(1.5>G74,$B$7,0))) -> 145 | J74: =(1050*((F74/I74)^1.852)*(E74/100)*(G74^-4.87))/2.31 -> 0.073842317 | K74: =E74*$B$10 -> 0.18051619 | L74: =-K74-J74 -> -0.2543585
A75: =A74+1 -> 50 | B75: 631.7 | C75: =(B75/$B$13)*$B$12 -> 1.7287904 | D75: =D74+L74 -> 10.35246 | E75: 12.1 | F75: =F74-C75 -> 15.250684 | G75: 1.72 | H75: =(F75/448.8)/(3.14*((G75/12)^2)/4) -> 2.1070383 | I75: =IF(G75>5,$B$5,IF(5>=G75>1.5,$B$6,IF(1.5>G75,$B$7,0))) -> 145 | J75: =(1050*((F75/I75)^1.852)*(E75/100)*(G75^-4.87))/2.31 -> 0.060525369 | K75: =E75*$B$10 -> 0.18051619 | L75: =-K75-J75 -> -0.24104156
A76: =A75+1 -> 51 | B76: 660 | C76: =(B76/$B$13)*$B$12 -> 1.8062397 | D76: =D75+L75 -> 10.111419 | E76: 12.1 | F76: =F75-C76 -> 13.444444 | G76: 1.72 | H76: =(F76/448.8)/(3.14*((G76/12)^2)/4) -> 1.8574877 | I76: =IF(G76>5,$B$5,IF(5>=G76>1.5,$B$6,IF(1.5>G76,$B$7,0))) -> 145 | J76: =(1050*((F76/I76)^1.852)*(E76/100)*(G76^-4.87))/2.31 -> 0.04792333 | K76: =E76*$B$10 -> 0.18051619 | L76: =-K76-J76 -> -0.22843952
A77: =A76+1 -> 52 | B77: 688.2 | C77: =(B77/$B$13)*$B$12 -> 1.8834154 | D77: =D76+L76 -> 9.882979 | E77: 12.1 | F77: =F76-C77 -> 11.561029 | G77: 1.72 | H77: =(F77/448.8)/(3.14*((G77/12)^2)/4) -> 1.5972746 | I77: =IF(G77>5,$B$5,IF(5>=G77>1.5,$B$6,IF(1.5>G77,$B$7,0))) -> 145 | J77: =(1050*((F77/I77)^1.852)*(E77/100)*(G77^-4.87))/2.31 -> 0.03623724 | K77: =E77*$B$10 -> 0.18051619 | L77: =-K77-J77 -> -0.21675343
A78: =A77+1 -> 53 | B78: 716.4 | C78: =(B78/$B$13)*$B$12 -> 1.9605911 | D78: =D77+L77 -> 9.6662256 | E78: 12.1 | F78: =F77-C78 -> 9.6004379 | G78: 1.72 | H78: =(F78/448.8)/(3.14*((G78/12)^2)/4) -> 1.3263988 | I78: =IF(G78>5,$B$5,IF(5>=G78>1.5,$B$6,IF(1.5>G78,$B$7,0))) -> 145 | J78: =(1050*((F78/I78)^1.852)*(E78/100)*(G78^-4.87))/2.31 -> 0.025685535 | K78: =E78*$B$10 -> 0.18051619 | L78: =-K78-J78 -> -0.20620172
A79: =A78+1 -> 54 | B79: 744.7 | C79: =(B79/$B$13)*$B$12 -> 2.0380405 | D79: =D78+L78 -> 9.4600239 | E79: 12.1 | F79: =F78-C79 -> 7.5623974 | G79: 1.72 | H79: =(F79/448.8)/(3.14*((G79/12)^2)/4) -> 1.0448227 | I79: =IF(G79>5,$B$5,IF(5>=G79>1.5,$B$6,IF(1.5>G79,$B$7,0))) -> 145 | J79: =(1050*((F79/I79)^1.852)*(E79/100)*(G79^-4.87))/2.31 -> 0.016510605 | K79: =E79*$B$10 -> 0.18051619 | L79: =-K79-J79 -> -0.19702679
A80: =A79+1 -> 55 | B80: 772.9 | C80: =(B80/$B$13)*$B$12 -> 2.1152162 | D80: =D79+L79 -> 9.2629971 | E80: 12.1 | F80: =F79-C80 -> 5.4471812 | G80: 1.72 | H80: =(F80/448.8)/(3.14*((G80/12)^2)/4) -> 0.75258388 | I80: =IF(G80>5,$B$5,IF(5>=G80>1.5,$B$6,IF(1.5>G80,$B$7,0))) -> 145 | J80: =(1050*((F80/I80)^1.852)*(E80/100)*(G80^-4.87))/2.31 -> 0.0089924043 | K80: =E80*$B$10 -> 0.18051619 | L80: =-K80-J80 -> -0.18950859
... A82: =A81+1 -> 57 | B82: 829.4 | C82: =(B82/$B$13)*$B$12 -> 2.2698413 | D82: =D81+L81 -> 8.8895081 | E82: 12.1 | F82: =F81-C82 -> 0.98467433 | G82: 1.72 | H82: =(F82/448.8)/(3.14*((G82/12)^2)/4) -> 0.13604285 | I82: =IF(G82>5,$B$5,IF(5>=G82>1.5,$B$6,IF(1.5>G82,$B$7,0))) -> 145 | J82: =(1050*((F82/I82)^1.852)*(E82/100)*(G82^-4.87))/2.31 -> 0.00037849796 | K82: =E82*$B$10 -> 0.18051619 | L82: =-K82-J82 -> -0.18089468
C85: Min P | D85: =AVERAGE(D68:D82,D35:D66,D22:D33) -> 15.483899 | E85: PSI
C86: Max P | D86: =MAX(D68:D82,D35:D66,D22:D33) -> 25 | E86: PSI
C87: Avg. P, PSI | D87: =AVERAGE(D68:D82,D35:D66,D22:D33) -> 15.483899
C88: Total GPM | D88: =SUM(C68:C82,C35:C66,C23:C33) -> 51.015326
C89: Sub-Main Length, ft | D89: =SUM(E68:E82,E35:E66,E23:E33) -> 668.2

Sheet Block 6
A1: Block 6
A3: Manifold Size and Pressure for the Longest run
C5: =Design!G156 -> 50.816667 | D5: GPM/block
C6: 0.5 | D6: GPH/emitter
C7: 2 | D7: emitter/vine
C8: =Design!G154 -> 3049 | D8: # Vines
C9: =C8*C7 -> 6098 | D9: # of emitters
C10: 0.03 | D10: Manufacturing cv
C11: 138 | D11: C-value for hose
C12: 3 | D12: ft,emitter spacing
C13: =C12+(C12*0.015) -> 3.045 | D13: ft, distance between emitters with 1.5% extra provided for temperature
D14: expansion and contraction of hose.
C17: 15 | D17: Rows
C18: 1530.6 | D18: Ft, Longest Row
C19: 10 | D19: ft, worst case change in Elevation
C20: =C19/C18 -> 0.0065333856 | D20: Ft/Ft, Elevation Change worst case
C21: =ROUNDDOWN(C18/C13,0) -> 502 | D21: Emitter on this line
C22: =(C21*C6)/60 -> 4.1833333 | D22: GPM, Flow Rate Needed on line
C24: 4 | D24: ft/sec
C25: 0.73 | D25: in, ID
C26: =C24*(3.14*((C25/12)^2)/4)*448 -> 5.2058409 | D26: Flow Rate, GPM
A29: Emitter | B29: Point P psi | C29: Elev. Ft | D29: Length ft | E29: GPM | F29: Hose ID, in | G29: Hf (psi) | H29: Chg. Elev (psi) | I29: Chg. P (psi)
A31: 1 | B31: 25 | C31: 3085 | D31: =$C$13 -> 3.045 | E31: =C22 -> 4.1833333 | F31: 0.72 | G31: =(1050*((E31/$C$11)^1.852)*(D31/100)*(F31^-4.87))/2.31 -> 0.10567175 | H31: =(D31*$C$20)/2.31 -> 0.0086121901 | I31: =H31-G31 -> -0.097059562
A32: =A31+1 -> 2 | B32: =B31+I31 -> 24.90294 | C32: =C31-H31*2.31 -> 3084.9801 | D32: =$C$13 -> 3.045 | E32: =E31-($C$6/60) -> 4.175 | F32: 0.72 | G32: =(1050*((E32/$C$11)^1.852)*(D32/100)*(F32^-4.87))/2.31 -> 0.10528223 | H32: =(D32*$C$20)/2.31 -> 0.0086121901 | I32: =H32-G32 -> -0.096670044
A33: =A32+1 -> 3 | B33: =B32+I32 -> 24.80627 | C33: =C32-H32*2.31 -> 3084.9602 | D33: =$C$13 -> 3.045 | E33: =E32-($C$6/60) -> 4.1666667 | F33: 0.72 | G33: =(1050*((E33/$C$11)^1.852)*(D33/100)*(F33^-4.87))/2.31 -> 0.10489338 | H33: =(D33*$C$20)/2.31 -> 0.0086121901 | I33: =H33-G33 -> -0.096281188
A34: =A33+1 -> 4 | B34: =B33+I33 -> 24.709989 | C34: =C33-H33*2.31 -> 3084.9403 | D34: =$C$13 -> 3.045 | E34: =E33-($C$6/60) -> 4.1583333 | F34: 0.72 | G34: =(1050*((E34/$C$11)^1.852)*(D34/100)*(F34^-4.87))/2.31 -> 0.10450518 | H34: =(D34*$C$20)/2.31 -> 0.0086121901 | I34: =H34-G34 -> -0.095892994
A35: =A34+1 -> 5 | B35: =B34+I34 -> 24.614096 | C35: =C34-H34*2.31 -> 3084.9204 | D35: =$C$13 -> 3.045 | E35: =E34-($C$6/60) -> 4.15 | F35: 0.72 | G35: =(1050*((E35/$C$11)^1.852)*(D35/100)*(F35^-4.87))/2.31 -> 0.10411765 | H35: =(D35*$C$20)/2.31 -> 0.0086121901 | I35: =H35-G35 -> -0.095505462
A36: =A35+1 -> 6 | B36: =B35+I35 -> 24.518591 | C36: =C35-H35*2.31 -> 3084.9005 | D36: =$C$13 -> 3.045 | E36: =E35-($C$6/60) -> 4.1416667 | F36: 0.72 | G36: =(1050*((E36/$C$11)^1.852)*(D36/100)*(F36^-4.87))/2.31 -> 0.10373078 | H36: =(D36*$C$20)/2.31 -> 0.0086121901 | I36: =H36-G36 -> -0.095118593
A37: =A36+1 -> 7 | B37: =B36+I36 -> 24.423472 | C37: =C36-H36*2.31 -> 3084.8806 | D37: =$C$13 -> 3.045 | E37: =E36-($C$6/60) -> 4.1333333 | F37: 0.72 | G37: =(1050*((E37/$C$11)^1.852)*(D37/100)*(F37^-4.87))/2.31 -> 0.10334458 | H37: =(D37*$C$20)/2.31 -> 0.0086121901 | I37: =H37-G37 -> -0.094732386
A38: =A37+1 -> 8 | B38: =B37+I37 -> 24.32874 | C38: =C37-H37*2.31 -> 3084.8607 | D38: =$C$13 -> 3.045 | E38: =E37-($C$6/60) -> 4.125 | F38: 0.72 | G38: =(1050*((E38/$C$11)^1.852)*(D38/100)*(F38^-4.87))/2.31 -> 0.10295903 | H38: =(D38*$C$20)/2.31 -> 0.0086121901 | I38: =H38-G38 -> -0.094346842
A39: =A38+1 -> 9 | B39: =B38+I38 -> 24.234393 | C39: =C38-H38*2.31 -> 3084.8408 | D39: =$C$13 -> 3.045 | E39: =E38-($C$6/60) -> 4.1166667 | F39: 0.72 | G39: =(1050*((E39/$C$11)^1.852)*(D39/100)*(F39^-4.87))/2.31 -> 0.10257415 | H39: =(D39*$C$20)/2.31 -> 0.0086121901 | I39: =H39-G39 -> -0.093961961
A40: =A39+1 -> 10 | B40: =B39+I39 -> 24.140431 | C40: =C39-H39*2.31 -> 3084.821 | D40: =$C$13 -> 3.045 | E40: =E39-($C$6/60) -> 4.1083333 | F40: 0.72 | G40: =(1050*((E40/$C$11)^1.852)*(D40/100)*(F40^-4.87))/2.31 -> 0.10218993 | H40: =(D40*$C$20)/2.31 -> 0.0086121901 | I40: =H40-G40 -> -0.093577744
A41: =A40+1 -> 11 | B41: =B40+I40 -> 24.046853 | C41: =C40-H40*2.31 -> 3084.8011 | D41: =$C$13 -> 3.045 | E41: =E40-($C$6/60) -> 4.1 | F41: 0.72 | G41: =(1050*((E41/$C$11)^1.852)*(D41/100)*(F41^-4.87))/2.31 -> 0.10180638 | H41: =(D41*$C$20)/2.31 -> 0.0086121901 | I41: =H41-G41 -> -0.093194189
A42: =A41+1 -> 12 | B42: =B41+I41 -> 23.953659 | C42: =C41-H41*2.31 -> 3084.7812 | D42: =$C$13 -> 3.045 | E42: =E41-($C$6/60) -> 4.0916667 | F42: 0.72 | G42: =(1050*((E42/$C$11)^1.852)*(D42/100)*(F42^-4.87))/2.31 -> 0.10142349 | H42: =(D42*$C$20)/2.31 -> 0.0086121901 | I42: =H42-G42 -> -0.092811299
A43: =A42+1 -> 13 | B43: =B42+I42 -> 23.860848 | C43: =C42-H42*2.31 -> 3084.7613 | D43: =$C$13 -> 3.045 | E43: =E42-($C$6/60) -> 4.0833333 | F43: 0.72 | G43: =(1050*((E43/$C$11)^1.852)*(D43/100)*(F43^-4.87))/2.31 -> 0.10104126 | H43: =(D43*$C$20)/2.31 -> 0.0086121901 | I43: =H43-G43 -> -0.092429072
... A304: =A303+1 -> 274 | B304: =B303+I303 -> 10.693775 | C304: =C303-H303*2.31 -> 3079.5689 | D304: =$C$13 -> 3.045 | E304: =E303-($C$6/60) -> 1.9083333 | F304: 0.72 | G304: =(1050*((E304/$C$11)^1.852)*(D304/100)*(F304^-4.87))/2.31 -> 0.02469852 | H304: =(D304*$C$20)/2.31 -> 0.0086121901 | I304: =H304-G304 -> -0.01608633
A306: Min P | B306: =MIN(B31:B304) -> 10.693775 | C306: psi
A307: Max P | B307: =MAX(B31:B304) -> 25 | C307: psi
A308: Chg. In P | B308: =B307-B306 -> 14.306225 | C308: psi

Sheet Block 7
A1: Block 7
A3: Sub-mainline Sizing and Pressure
B6: 150 | C6: C-value for PVC ID > 5"
B7: 145 | C7: C-value for PVC 1.5" < = ID < = 5"
B8: 140 | C8: C-value for PVC < 1.5"
B9: 0 | C9: feet, Total Elevation Drop
B10: =80.2+117.4+290.3+130.5 -> 618.4 | C10: feet, Length of Sub-mainline
B11: =B9/B10 -> 0 | C11: ft/ft, Change in Elevation
B12: 0.5 | C12: GPH/emitter
B13: =B12/60 -> 0.0083333333 | C13: GPM/emitter
B14: =3.045 -> 3.045 | C14: ft, emitter spacing
B18: Chg. Elev = Length * ft/ft (elevation change worst case)
B19: Chg. P = Chg. Elev + Hf
A22: Section A Uphill
A23: Row | B23: Row Length ft | C23: GPM per Row | D23: Pressure PSI | E23: Length ft | F23: GPM | G23: Pipe ID, in | H23: Velocity, ft/sec | I23: C-Value | J23: Hf (psi) | K23: Chg. Elev (psi) | L23: Chg. P (psi)
A24: Inlet | B24: 0 | C24: 0 | D24: 25 | E24: 0 | F24: 46.3 | G24: 2.193 | H24: =(F24/448.8)/(3.14*((G24/12)^2)/4) -> 3.9349907 | I24: =IF(G24>5,$B$6,IF(5>=G24>1.5,$B$7,IF(1.5>G24,$B$8,0))) -> 145 | J24: =(1050*((F24/I24)^1.852)*(E24/100)*(G24^-4.87))/2.31 -> 0 | K24: =E24*$B$11 -> 0 | L24: =-K24-J24 -> 0
A25: 1 | B25: 361.5 | C25: =(B25/$B$14)*$B$13 -> 0.98932677 | D25: =D24+L24 -> 25 | E25: 2.3 | F25: =F24-C25 -> 45.310673 | G25: 2.193 | H25: =(F25/448.8)/(3.14*((G25/12)^2)/4) -> 3.8509088 | I25: =IF(G25>5,$B$6,IF(5>=G25>1.5,$B$7,IF(1.5>G25,$B$8,0))) -> 145 | J25: =(1050*((F25/I25)^1.852)*(E25/100)*(G25^-4.87))/2.31 -> 0.026477491 | K25: =E25*$B$11 -> 0 | L25: =-K25-J25 -> -0.026477491
A26: =A25+1 -> 2 | B26: 355.4 | C26: =(B26/$B$14)*$B$13 -> 0.97263273 | D26: =D25+L25 -> 24.973523 | E26: 7.7 | F26: =F25-C26 -> 44.338041 | G26: 2.193 | H26: =(F26/448.8)/(3.14*((G26/12)^2)/4) -> 3.7682458 | I26: =IF(G26>5,$B$6,IF(5>=G26>1.5,$B$7,IF(1.5>G26,$B$8,0))) -> 145 | J26: =(1050*((F26/I26)^1.852)*(E26/100)*(G26^-4.87))/2.31 -> 0.08515035 | K26: =E26*$B$11 -> 0 | L26: =-K26-J26 -> -0.08515035
A27: =A26+1 -> 3 | B27: 349.4 | C27: =(B27/$B$14)*$B$13 -> 0.95621237 | D27: =D26+L26 -> 24.888372 | E27: 7.7 | F27: =F26-C27 -> 43.381828 | G27: 2.193 | H27: =(F27/448.8)/(3.14*((G27/12)^2)/4) -> 3.6869782 | I27: =IF(G27>5,$B$6,IF(5>=G27>1.5,$B$7,IF(1.5>G27,$B$8,0))) -> 145 | J27: =(1050*((F27/I27)^1.852)*(E27/100)*(G27^-4.87))/2.31 -> 0.08178064 | K27: =E27*$B$11 -> 0 | L27: =-K27-J27 -> -0.08178064
A28: =A27+1 -> 4 | B28: 343.3 | C28: =(B28/$B$14)*$B$13 -> 0.93951834 | D28: =D27+L27 -> 24.806592 | E28: 7.7 | F28: =F27-C28 -> 42.44231 | G28: 2.193 | H28: =(F28/448.8)/(3.14*((G28/12)^2)/4) -> 3.6071295 | I28: =IF(G28>5,$B$6,IF(5>=G28>1.5,$B$7,IF(1.5>G28,$B$8,0))) -> 145 | J28: =(1050*((F28/I28)^1.852)*(E28/100)*(G28^-4.87))/2.31 -> 0.078530821 | K28: =E28*$B$11 -> 0 | L28: =-K28-J28 -> -0.078530821
A29: =A28+1 -> 5 | B29: 337.2 | C29: =(B29/$B$14)*$B$13 -> 0.9228243 | D29: =D28+L28 -> 24.728061 | E29: 7.7 | F29: =F28-C29 -> 41.519485 | G29: 2.193 | H29: =(F29/448.8)/(3.14*((G29/12)^2)/4) -> 3.5286996 | I29: =IF(G29>5,$B$6,IF(5>=G29>1.5,$B$7,IF(1.5>G29,$B$8,0))) -> 145 | J29: =(1050*((F29/I29)^1.852)*(E29/100)*(G29^-4.87))/2.31 -> 0.075397857 | K29: =E29*$B$11 -> 0 | L29: =-K29-J29 -> -0.075397857
A30: =A29+1 -> 6 | B30: 331.2 | C30: =(B30/$B$14)*$B$13 -> 0.90640394 | D30: =D29+L29 -> 24.652663 | E30: 7.7 | F30: =F29-C30 -> 40.613082 | G30: 2.193 | H30: =(F30/448.8)/(3.14*((G30/12)^2)/4) -> 3.4516652 | I30: =IF(G30>5,$B$6,IF(5>=G30>1.5,$B$7,IF(1.5>G30,$B$8,0))) -> 145 | J30: =(1050*((F30/I30)^1.852)*(E30/100)*(G30^-4.87))/2.31 -> 0.072377853 | K30: =E30*$B$11 -> 0 | L30: =-K30-J30 -> -0.072377853
A31: =A30+1 -> 7 | B31: 325.1 | C31: =(B31/$B$14)*$B$13 -> 0.88970991 | D31: =D30+L30 -> 24.580285 | E31: 7.7 | F31: =F30-C31 -> 39.723372 | G31: 2.193 | H31: =(F31/448.8)/(3.14*((G31/12)^2)/4) -> 3.3760497 | I31: =IF(G31>5,$B$6,IF(5>=G31>1.5,$B$7,IF(1.5>G31,$B$8,0))) -> 145 | J31: =(1050*((F31/I31)^1.852)*(E31/100)*(G31^-4.87))/2.31 -> 0.069468793 | K31: =E31*$B$11 -> 0 | L31: =-K31-J31 -> -0.069468793
A32: =A31+1 -> 8 | B32: 319.1 | C32: =(B32/$B$14)*$B$13 -> 0.87328955 | D32: =D31+L31 -> 24.510816 | E32: 7.7 | F32: =F31-C32 -> 38.850082 | G32: 2.193 | H32: =(F32/448.8)/(3.14*((G32/12)^2)/4) -> 3.3018297 | I32: =IF(G32>5,$B$6,IF(5>=G32>1.5,$B$7,IF(1.5>G32,$B$8,0))) -> 145 | J32: =(1050*((F32/I32)^1.852)*(E32/100)*(G32^-4.87))/2.31 -> 0.066666897 | K32: =E32*$B$11 -> 0 | L32: =-K32-J32 -> -0.066666897
A33: =A32+1 -> 9 | B33: 313 | C33: =(B33/$B$14)*$B$13 -> 0.85659551 | D33: =D32+L32 -> 24.444149 | E33: 7.7 | F33: =F32-C33 -> 37.993487 | G33: 2.193 | H33: =(F33/448.8)/(3.14*((G33/12)^2)/4) -> 3.2290285 | I33: =IF(G33>5,$B$6,IF(5>=G33>1.5,$B$7,IF(1.5>G33,$B$8,0))) -> 145 | J33: =(1050*((F33/I33)^1.852)*(E33/100)*(G33^-4.87))/2.31 -> 0.063970201 | K33: =E33*$B$11 -> 0 | L33: =-K33-J33 -> -0.063970201
A34: =A33+1 -> 10 | B34: 306.9 | C34: =(B34/$B$14)*$B$13 -> 0.83990148 | D34: =D33+L33 -> 24.380179 | E34: 7.7 | F34: =F33-C34 -> 37.153585 | G34: 2.193 | H34: =(F34/448.8)/(3.14*((G34/12)^2)/4) -> 3.1576461 | I34: =IF(G34>5,$B$6,IF(5>=G34>1.5,$B$7,IF(1.5>G34,$B$8,0))) -> 145 | J34: =(1050*((F34/I34)^1.852)*(E34/100)*(G34^-4.87))/2.31 -> 0.061375878 | K34: =E34*$B$11 -> 0 | L34: =-K34-J34 -> -0.061375878
A35: =A34+1 -> 11 | B35: 300.9 | C35: =(B35/$B$14)*$B$13 -> 0.82348112 | D35: =D34+L34 -> 24.318803 | E35: 7.7 | F35: =F34-C35 -> 36.330104 | G35: 2.193 | H35: =(F35/448.8)/(3.14*((G35/12)^2)/4) -> 3.0876592 | I35: =IF(G35>5,$B$6,IF(5>=G35>1.5,$B$7,IF(1.5>G35,$B$8,0))) -> 145 | J35: =(1050*((F35/I35)^1.852)*(E35/100)*(G35^-4.87))/2.31 -> 0.058880323 | K35: =E35*$B$11 -> 0 | L35: =-K35-J35 -> -0.058880323
A36: Section A Downhill
A37: =A35+1 -> 12 | B37: 525.5 | C37: =(B37/$B$14)*$B$13 -> 1.43815 | D37: 25 | E37: 2.3 | F37: 46.3 | G37: 2.193 | H37: =(F37/448.8)/(3.14*((G37/12)^2)/4) -> 3.9349907 | I37: =IF(G37>5,$B$6,IF(5>=G37>1.5,$B$7,IF(1.5>G37,$B$8,0))) -> 145 | J37: =(1050*((F37/I37)^1.852)*(E37/100)*(G37^-4.87))/2.31 -> 0.027558113 | K37: =E37*$B$11 -> 0 | L37: =-K37-J37 -> -0.027558113
A38: =A37+1 -> 13 | B38: 526.2 | C38: =(B38/$B$14)*$B$13 -> 1.4400657 | D38: =D37+L37 -> 24.972442 | E38: 7.7 | F38: =F37-C38 -> 44.859934 | G38: 2.193 | H38: =(F38/448.8)/(3.14*((G38/12)^2)/4) -> 3.812601 | I38: =IF(G38>5,$B$6,IF(5>=G38>1.5,$B$7,IF(1.5>G38,$B$8,0))) -> 145 | J38: =(1050*((F38/I38)^1.852)*(E38/100)*(G38^-4.87))/2.31 -> 0.087015888 | K38: =E38*$B$11 -> 0 | L38: =-K38-J38 -> -0.087015888
A39: =A38+1 -> 14 | B39: 526.5 | C39: =(B39/$B$14)*$B$13 -> 1.4408867 | D39: =D38+L38 -> 24.885426 | E39: 7.7 | F39: =F38-C39 -> 43.419048 | G39: 2.193 | H39: =(F39/448.8)/(3.14*((G39/12)^2)/4) -> 3.6901415 | I39: =IF(G39>5,$B$6,IF(5>=G39>1.5,$B$7,IF(1.5>G39,$B$8,0))) -> 145 | J39: =(1050*((F39/I39)^1.852)*(E39/100)*(G39^-4.87))/2.31 -> 0.081910631 | K39: =E39*$B$11 -> 0 | L39: =-K39-J39 -> -0.081910631
A40: =A39+1 -> 15 | B40: 526.8 | C40: =(B40/$B$14)*$B$13 -> 1.4417077 | D40: =D39+L39 -> 24.803515 | E40: 7.7 | F40: =F39-C40 -> 41.97734 | G40: 2.193 | H40: =(F40/448.8)/(3.14*((G40/12)^2)/4) -> 3.5676122 | I40: =IF(G40>5,$B$6,IF(5>=G40>1.5,$B$7,IF(1.5>G40,$B$8,0))) -> 145 | J40: =(1050*((F40/I40)^1.852)*(E40/100)*(G40^-4.87))/2.31 -> 0.076944926 | K40: =E40*$B$11 -> 0 | L40: =-K40-J40 -> -0.076944926
A41: =A40+1 -> 16 | B41: 527 | C41: =(B41/$B$14)*$B$13 -> 1.4422551 | D41: =D40+L40 -> 24.72657 | E41: 7.7 | F41: =F40-C41 -> 40.535085 | G41: 2.193 | H41: =(F41/448.8)/(3.14*((G41/12)^2)/4) -> 3.4450364 | I41: =IF(G41>5,$B$6,IF(5>=G41>1.5,$B$7,IF(1.5>G41,$B$8,0))) -> 145 | J41: =(1050*((F41/I41)^1.852)*(E41/100)*(G41^-4.87))/2.31 -> 0.072120635 | K41: =E41*$B$11 -> 0 | L41: =-K41-J41 -> -0.072120635
A42: =A41+1 -> 17 | B42: 527.3 | C42: =(B42/$B$14)*$B$13 -> 1.4430761 | D42: =D41+L41 -> 24.65445 | E42: 7.7 | F42: =F41-C42 -> 39.092009 | G42: 2.193 | H42: =(F42/448.8)/(3.14*((G42/12)^2)/4) -> 3.3223908 | I42: =IF(G42>5,$B$6,IF(5>=G42>1.5,$B$7,IF(1.5>G42,$B$8,0))) -> 145 | J42: =(1050*((F42/I42)^1.852)*(E42/100)*(G42^-4.87))/2.31 -> 0.067437789 | K42: =E42*$B$11 -> 0 | L42: =-K42-J42 -> -0.067437789
A43: =A42+1 -> 18 | B43: 527.6 | C43: =(B43/$B$14)*$B$13 -> 1.4438971 | D43: =D42+L42 -> 24.587012 | E43: 7.7 | F43: =F42-C43 -> 37.648112 | G43: 2.193 | H43: =(F43/448.8)/(3.14*((G43/12)^2)/4) -> 3.1996754 | I43: =IF(G43>5,$B$6,IF(5>=G43>1.5,$B$7,IF(1.5>G43,$B$8,0))) -> 145 | J43: =(1050*((F43/I43)^1.852)*(E43/100)*(G43^-4.87))/2.31 -> 0.062897411 | K43: =E43*$B$11 -> 0 | L43: =-K43-J43 -> -0.062897411
A44: =A43+1 -> 19 | B44: 527.9 | C44: =(B44/$B$14)*$B$13 -> 1.4447181 | D44: =D43+L43 -> 24.524115 | E44: 7.7 | F44: =F43-C44 -> 36.203394 | G44: 2.193 | H44: =(F44/448.8)/(3.14*((G44/12)^2)/4) -> 3.0768902 | I44: =IF(G44>5,$B$6,IF(5>=G44>1.5,$B$7,IF(1.5>G44,$B$8,0))) -> 145 | J44: =(1050*((F44/I44)^1.852)*(E44/100)*(G44^-4.87))/2.31 -> 0.058500562 | K44: =E44*$B$11 -> 0 | L44: =-K44-J44 -> -0.058500562
A45: =A44+1 -> 20 | B45: 528.1 | C45: =(B45/$B$14)*$B$13 -> 1.4452655 | D45: =D44+L44 -> 24.465614 | E45: 7.7 | F45: =F44-C45 -> 34.758128 | G45: 2.193 | H45: =(F45/448.8)/(3.14*((G45/12)^2)/4) -> 2.9540586 | I45: =IF(G45>5,$B$6,IF(5>=G45>1.5,$B$7,IF(1.5>G45,$B$8,0))) -> 145 | J45: =(1050*((F45/I45)^1.852)*(E45/100)*(G45^-4.87))/2.31 -> 0.054249131 | K45: =E45*$B$11 -> 0 | L45: =-K45-J45 -> -0.054249131
A46: =A45+1 -> 21 | B46: 528.4 | C46: =(B46/$B$14)*$B$13 -> 1.4460865 | D46: =D45+L45 -> 24.411365 | E46: 7.7 | F46: =F45-C46 -> 33.312042 | G46: 2.193 | H46: =(F46/448.8)/(3.14*((G46/12)^2)/4) -> 2.8311571 | I46: =IF(G46>5,$B$6,IF(5>=G46>1.5,$B$7,IF(1.5>G46,$B$8,0))) -> 145 | J46: =(1050*((F46/I46)^1.852)*(E46/100)*(G46^-4.87))/2.31 -> 0.050143412 | K46: =E46*$B$11 -> 0 | L46: =-K46-J46 -> -0.050143412
A47: =A46+1 -> 22 | B47: 528.7 | C47: =(B47/$B$14)*$B$13 -> 1.4469075 | D47: =D46+L46 -> 24.361222 | E47: 7.7 | F47: =F46-C47 -> 31.865134 | G47: 2.193 | H47: =(F47/448.8)/(3.14*((G47/12)^2)/4) -> 2.7081859 | I47: =IF(G47>5,$B$6,IF(5>=G47>1.5,$B$7,IF(1.5>G47,$B$8,0))) -> 145 | J47: =(1050*((F47/I47)^1.852)*(E47/100)*(G47^-4.87))/2.31 -> 0.046184595 | K47: =E47*$B$11 -> 0 | L47: =-K47-J47 -> -0.046184595
A48: Section B
A49: =A47+1 -> 23 | B49: 286.7 | C49: =(B49/$B$14)*$B$13 -> 0.78461959 | D49: =D47+L47 -> 24.315037 | E49: 11.6 | F49: =F24-((F37-F47)+(F24-F35)) -> 21.895238 | G49: 1.72 | H49: =(F49/448.8)/(3.14*((G49/12)^2)/4) -> 3.0250514 | I49: =IF(G49>5,$B$6,IF(5>=G49>1.5,$B$7,IF(1.5>G49,$B$8,0))) -> 145 | J49: =(1050*((F49/I49)^1.852)*(E49/100)*(G49^-4.87))/2.31 -> 0.11336678 | K49: =E49*$B$11 -> 0 | L49: =-K49-J49 -> -0.11336678
A50: =A49+1 -> 24 | B50: 272 | C50: =(B50/$B$14)*$B$13 -> 0.74438971 | D50: =D49+L49 -> 24.20167 | E50: 11.8 | F50: =F49-C50 -> 21.150848 | G50: 1.72 | H50: =(F50/448.8)/(3.14*((G50/12)^2)/4) -> 2.9222064 | I50: =IF(G50>5,$B$6,IF(5>=G50>1.5,$B$7,IF(1.5>G50,$B$8,0))) -> 145 | J50: =(1050*((F50/I50)^1.852)*(E50/100)*(G50^-4.87))/2.31 -> 0.10816564 | K50: =E50*$B$11 -> 0 | L50: =-K50-J50 -> -0.10816564
A51: =A50+1 -> 25 | B51: 257.3 | C51: =(B51/$B$14)*$B$13 -> 0.70415982 | D51: =D50+L50 -> 24.093504 | E51: 11.8 | F51: =F50-C51 -> 20.446689 | G51: 1.72 | H51: =(F51/448.8)/(3.14*((G51/12)^2)/4) -> 2.8249195 | I51: =IF(G51>5,$B$6,IF(5>=G51>1.5,$B$7,IF(1.5>G51,$B$8,0))) -> 145 | J51: =(1050*((F51/I51)^1.852)*(E51/100)*(G51^-4.87))/2.31 -> 0.10159118 | K51: =E51*$B$11 -> 0 | L51: =-K51-J51 -> -0.10159118
A52: =A51+1 -> 26 | B52: 242.5 | C52: =(B52/$B$14)*$B$13 -> 0.66365627 | D52: =D51+L51 -> 23.991913 | E52: 11.8 | F52: =F51-C52 -> 19.783032 | G52: 1.72 | H52: =(F52/448.8)/(3.14*((G52/12)^2)/4) -> 2.7332286 | I52: =IF(G52>5,$B$6,IF(5>=G52>1.5,$B$7,IF(1.5>G52,$B$8,0))) -> 145 | J52: =(1050*((F52/I52)^1.852)*(E52/100)*(G52^-4.87))/2.31 -> 0.095568909 | K52: =E52*$B$11 -> 0 | L52: =-K52-J52 -> -0.095568909
A53: =A52+1 -> 27 | B53: 227 | C53: =(B53/$B$14)*$B$13 -> 0.621237 | D53: =D52+L52 -> 23.896344 | E53: 11.8 | F53: =F52-C53 -> 19.161795 | G53: 1.72 | H53: =(F53/448.8)/(3.14*((G53/12)^2)/4) -> 2.6473983 | I53: =IF(G53>5,$B$6,IF(5>=G53>1.5,$B$7,IF(1.5>G53,$B$8,0))) -> 145 | J53: =(1050*((F53/I53)^1.852)*(E53/100)*(G53^-4.87))/2.31 -> 0.090085332 | K53: =E53*$B$11 -> 0 | L53: =-K53-J53 -> -0.090085332
A54: =A53+1 -> 28 | B54: 189 | C54: =(B54/$B$14)*$B$13 -> 0.51724138 | D54: =D53+L53 -> 23.806259 | E54: 11.8 | F54: =F53-C54 -> 18.644554 | G54: 1.72 | H54: =(F54/448.8)/(3.14*((G54/12)^2)/4) -> 2.5759361 | I54: =IF(G54>5,$B$6,IF(5>=G54>1.5,$B$7,IF(1.5>G54,$B$8,0))) -> 145 | J54: =(1050*((F54/I54)^1.852)*(E54/100)*(G54^-4.87))/2.31 -> 0.085633668 | K54: =E54*$B$11 -> 0 | L54: =-K54-J54 -> -0.085633668
A55: =A54+1 -> 29 | B55: 151.1 | C55: =(B55/$B$14)*$B$13 -> 0.41351943 | D55: =D54+L54 -> 23.720625 | E55: 11.8 | F55: =F54-C55 -> 18.231034 | G55: 1.72 | H55: =(F55/448.8)/(3.14*((G55/12)^2)/4) -> 2.5188042 | I55: =IF(G55>5,$B$6,IF(5>=G55>1.5,$B$7,IF(1.5>G55,$B$8,0))) -> 145 | J55: =(1050*((F55/I55)^1.852)*(E55/100)*(G55^-4.87))/2.31 -> 0.082149477 | K55: =E55*$B$11 -> 0 | L55: =-K55-J55 -> -0.082149477
A56: =A55+1 -> 30 | B56: 113.1 | C56: =(B56/$B$14)*$B$13 -> 0.30952381 | D56: =D55+L55 -> 23.638476 | E56: 11.8 | F56: =F55-C56 -> 17.921511 | G56: 1.72 | H56: =(F56/448.8)/(3.14*((G56/12)^2)/4) -> 2.4760403 | I56: =IF(G56>5,$B$6,IF(5>=G56>1.5,$B$7,IF(1.5>G56,$B$8,0))) -> 145 | J56: =(1050*((F56/I56)^1.852)*(E56/100)*(G56^-4.87))/2.31 -> 0.07958515 | K56: =E56*$B$11 -> 0 | L56: =-K56-J56 -> -0.07958515
A57: =A56+1 -> 31 | B57: 75.2 | C57: =(B57/$B$14)*$B$13 -> 0.20580186 | D57: =D56+L56 -> 23.558891 | E57: 11.8 | F57: =F56-C57 -> 17.715709 | G57: 1.72 | H57: =(F57/448.8)/(3.14*((G57/12)^2)/4) -> 2.4476067 | I57: =IF(G57>5,$B$6,IF(5>=G57>1.5,$B$7,IF(1.5>G57,$B$8,0))) -> 145 | J57: =(1050*((F57/I57)^1.852)*(E57/100)*(G57^-4.87))/2.31 -> 0.07790086 | K57: =E57*$B$11 -> 0 | L57: =-K57-J57 -> -0.07790086
A58: =A57+1 -> 32 | B58: 37.3 | C58: =(B58/$B$14)*$B$13 -> 0.10207991 | D58: =D57+L57 -> 23.48099 | E58: 11.8 | F58: =F57-C58 -> 17.613629 | G58: 1.72 | H58: =(F58/448.8)/(3.14*((G58/12)^2)/4) -> 2.4335033 | I58: =IF(G58>5,$B$6,IF(5>=G58>1.5,$B$7,IF(1.5>G58,$B$8,0))) -> 145 | J58: =(1050*((F58/I58)^1.852)*(E58/100)*(G58^-4.87))/2.31 -> 0.077071588 | K58: =E58*$B$11 -> 0 | L58: =-K58-J58 -> -0.077071588
A59: Section C
A60: =A58+1 -> 33 | B60: 501.5 | C60: =(B60/$B$14)*$B$13 -> 1.3724685 | D60: 33.7 | E60: 28.7 | F60: 21.9 | G60: 1.72 | H60: =(F60/448.8)/(3.14*((G60/12)^2)/4) -> 3.0257094 | I60: =IF(G60>5,$B$6,IF(5>=G60>1.5,$B$7,IF(1.5>G60,$B$8,0))) -> 145 | J60: =(1050*((F60/I60)^1.852)*(E60/100)*(G60^-4.87))/2.31 -> 0.28059804 | K60: =E60*$B$11 -> 0 | L60: =-K60-J60 -> -0.28059804
A61: =A60+1 -> 34 | B61: 472.4 | C61: =(B61/$B$14)*$B$13 -> 1.2928298 | D61: =D60+L60 -> 33.419402 | E61: 30 | F61: =F60-C61 -> 20.60717 | G61: 1.72 | H61: =(F61/448.8)/(3.14*((G61/12)^2)/4) -> 2.8470917 | I61: =IF(G61>5,$B$6,IF(5>=G61>1.5,$B$7,IF(1.5>G61,$B$8,0))) -> 145 | J61: =(1050*((F61/I61)^1.852)*(E61/100)*(G61^-4.87))/2.31 -> 0.2620496 | K61: =E61*$B$11 -> 0 | L61: =-K61-J61 -> -0.2620496
A62: =A61+1 -> 35 | B62: 443.4 | C62: =(B62/$B$14)*$B$13 -> 1.2134647 | D62: =D61+L61 -> 33.157352 | E62: 30 | F62: =F61-C62 -> 19.393706 | G62: 1.72 | H62: =(F62/448.8)/(3.14*((G62/12)^2)/4) -> 2.6794391 | I62: =IF(G62>5,$B$6,IF(5>=G62>1.5,$B$7,IF(1.5>G62,$B$8,0))) -> 145 | J62: =(1050*((F62/I62)^1.852)*(E62/100)*(G62^-4.87))/2.31 -> 0.23419051 | K62: =E62*$B$11 -> 0 | L62: =-K62-J62 -> -0.23419051
A63: =A62+1 -> 36 | B63: 414.4 | C63: =(B63/$B$14)*$B$13 -> 1.1340996 | D63: =D62+L62 -> 32.923162 | E63: 30 | F63: =F62-C63 -> 18.259606 | G63: 1.72 | H63: =(F63/448.8)/(3.14*((G63/12)^2)/4) -> 2.5227516 | I63: =IF(G63>5,$B$6,IF(5>=G63>1.5,$B$7,IF(1.5>G63,$B$8,0))) -> 145 | J63: =(1050*((F63/I63)^1.852)*(E63/100)*(G63^-4.87))/2.31 -> 0.20946119 | K63: =E63*$B$11 -> 0 | L63: =-K63-J63 -> -0.20946119
A64: =A63+1 -> 37 | B64: 385.4 | C64: =(B64/$B$14)*$B$13 -> 1.0547345 | D64: =D63+L63 -> 32.713701 | E64: 30 | F64: =F63-C64 -> 17.204871 | G64: 1.72 | H64: =(F64/448.8)/(3.14*((G64/12)^2)/4) -> 2.3770292 | I64: =IF(G64>5,$B$6,IF(5>=G64>1.5,$B$7,IF(1.5>G64,$B$8,0))) -> 145 | J64: =(1050*((F64/I64)^1.852)*(E64/100)*(G64^-4.87))/2.31 -> 0.18760653 | K64: =E64*$B$11 -> 0 | L64: =-K64-J64 -> -0.18760653
A65: =A64+1 -> 38 | B65: 356.4 | C65: =(B65/$B$14)*$B$13 -> 0.97536946 | D65: =D64+L64 -> 32.526094 | E65: 30 | F65: =F64-C65 -> 16.229502 | G65: 1.72 | H65: =(F65/448.8)/(3.14*((G65/12)^2)/4) -> 2.242272 | I65: =IF(G65>5,$B$6,IF(5>=G65>1.5,$B$7,IF(1.5>G65,$B$8,0))) -> 145 | J65: =(1050*((F65/I65)^1.852)*(E65/100)*(G65^-4.87))/2.31 -> 0.16838628 | K65: =E65*$B$11 -> 0 | L65: =-K65-J65 -> -0.16838628
A66: =A65+1 -> 39 | B66: 327.4 | C66: =(B66/$B$14)*$B$13 -> 0.89600438 | D66: =D65+L65 -> 32.357708 | E66: 30 | F66: =F65-C66 -> 15.333498 | G66: 1.72 | H66: =(F66/448.8)/(3.14*((G66/12)^2)/4) -> 2.1184798 | I66: =IF(G66>5,$B$6,IF(5>=G66>1.5,$B$7,IF(1.5>G66,$B$8,0))) -> 145 | J66: =(1050*((F66/I66)^1.852)*(E66/100)*(G66^-4.87))/2.31 -> 0.15157551 | K66: =E66*$B$11 -> 0 | L66: =-K66-J66 -> -0.15157551
A67: =A66+1 -> 40 | B67: 298.4 | C67: =(B67/$B$14)*$B$13 -> 0.8166393 | D67: =D66+L66 -> 32.206132 | E67: 30 | F67: =F66-C67 -> 14.516858 | G67: 1.72 | H67: =(F67/448.8)/(3.14*((G67/12)^2)/4) -> 2.0056527 | I67: =IF(G67>5,$B$6,IF(5>=G67>1.5,$B$7,IF(1.5>G67,$B$8,0))) -> 145 | J67: =(1050*((F67/I67)^1.852)*(E67/100)*(G67^-4.87))/2.31 -> 0.13696501 | K67: =E67*$B$11 -> 0 | L67: =-K67-J67 -> -0.13696501
A68: =A67+1 -> 41 | B68: 269.4 | C68: =(B68/$B$14)*$B$13 -> 0.73727422 | D68: =D67+L67 -> 32.069167 | E68: 30 | F68: =F67-C68 -> 13.779584 | G68: 1.72 | H68: =(F68/448.8)/(3.14*((G68/12)^2)/4) -> 1.9037907 | I68: =IF(G68>5,$B$6,IF(5>=G68>1.5,$B$7,IF(1.5>G68,$B$8,0))) -> 145 | J68: =(1050*((F68/I68)^1.852)*(E68/100)*(G68^-4.87))/2.31 -> 0.12436173 | K68: =E68*$B$11 -> 0 | L68: =-K68-J68 -> -0.12436173
A69: Section D
A70: =A68+1 -> 42 | B70: 245.6 | C70: =(B70/$B$14)*$B$13 -> 0.67214012 | D70: =D68+L68 -> 31.944806 | E70: 25.3 | F70: =F68-C70 -> 13.107444 | G70: 1.72 | H70: =(F70/448.8)/(3.14*((G70/12)^2)/4) -> 1.8109277 | I70: =IF(G70>5,$B$6,IF(5>=G70>1.5,$B$7,IF(1.5>G70,$B$8,0))) -> 145 | J70: =(1050*((F70/I70)^1.852)*(E70/100)*(G70^-4.87))/2.31 -> 0.09560137 | K70: =E70*$B$11 -> 0 | L70: =-K70-J70 -> -0.09560137
A71: =A70+1 -> 43 | B71: 235.8 | C71: =(B71/$B$14)*$B$13 -> 0.6453202 | D71: =D70+L70 -> 31.849204 | E71: 12.5 | F71: =F70-C71 -> 12.462124 | G71: 1.72 | H71: =(F71/448.8)/(3.14*((G71/12)^2)/4) -> 1.7217701 | I71: =IF(G71>5,$B$6,IF(5>=G71>1.5,$B$7,IF(1.5>G71,$B$8,0))) -> 145 | J71: =(1050*((F71/I71)^1.852)*(E71/100)*(G71^-4.87))/2.31 -> 0.043017656 | K71: =E71*$B$11 -> 0 | L71: =-K71-J71 -> -0.043017656
A72: =A71+1 -> 44 | B72: 226 | C72: =(B72/$B$14)*$B$13 -> 0.61850027 | D72: =D71+L71 -> 31.806187 | E72: 12.5 | F72: =F71-C72 -> 11.843623 | G72: 1.72 | H72: =(F72/448.8)/(3.14*((G72/12)^2)/4) -> 1.6363179 | I72: =IF(G72>5,$B$6,IF(5>=G72>1.5,$B$7,IF(1.5>G72,$B$8,0))) -> 145 | J72: =(1050*((F72/I72)^1.852)*(E72/100)*(G72^-4.87))/2.31 -> 0.039147472 | K72: =E72*$B$11 -> 0 | L72: =-K72-J72 -> -0.039147472
A73: =A72+1 -> 45 | B73: 216.3 | C73: =(B73/$B$14)*$B$13 -> 0.59195402 | D73: =D72+L72 -> 31.767039 | E73: 12.5 | F73: =F72-C73 -> 11.251669 | G73: 1.72 | H73: =(F73/448.8)/(3.14*((G73/12)^2)/4) -> 1.5545334 | I73: =IF(G73>5,$B$6,IF(5>=G73>1.5,$B$7,IF(1.5>G73,$B$8,0))) -> 145 | J73: =(1050*((F73/I73)^1.852)*(E73/100)*(G73^-4.87))/2.31 -> 0.035601154 | K73: =E73*$B$11 -> 0 | L73: =-K73-J73 -> -0.035601154
A74: =A73+1 -> 46 | B74: 206.5 | C74: =(B74/$B$14)*$B$13 -> 0.5651341 | D74: =D73+L73 -> 31.731438 | E74: 12.5 | F74: =F73-C74 -> 10.686535 | G74: 1.72 | H74: =(F74/448.8)/(3.14*((G74/12)^2)/4) -> 1.4764543 | I74: =IF(G74>5,$B$6,IF(5>=G74>1.5,$B$7,IF(1.5>G74,$B$8,0))) -> 145 | J74: =(1050*((F74/I74)^1.852)*(E74/100)*(G74^-4.87))/2.31 -> 0.032360576 | K74: =E74*$B$11 -> 0 | L74: =-K74-J74 -> -0.032360576
A75: =A74+1 -> 47 | B75: 196.8 | C75: =(B75/$B$14)*$B$13 -> 0.53858785 | D75: =D74+L74 -> 31.699077 | E75: 12.5 | F75: =F74-C75 -> 10.147947 | G75: 1.72 | H75: =(F75/448.8)/(3.14*((G75/12)^2)/4) -> 1.4020429 | I75: =IF(G75>5,$B$6,IF(5>=G75>1.5,$B$7,IF(1.5>G75,$B$8,0))) -> 145 | J75: =(1050*((F75/I75)^1.852)*(E75/100)*(G75^-4.87))/2.31 -> 0.029405103 | K75: =E75*$B$11 -> 0 | L75: =-K75-J75 -> -0.029405103
A76: =A75+1 -> 48 | B76: 187 | C76: =(B76/$B$14)*$B$13 -> 0.51176793 | D76: =D75+L75 -> 31.669672 | E76: 12.5 | F76: =F75-C76 -> 9.6361795 | G76: 1.72 | H76: =(F76/448.8)/(3.14*((G76/12)^2)/4) -> 1.3313369 | I76: =IF(G76>5,$B$6,IF(5>=G76>1.5,$B$7,IF(1.5>G76,$B$8,0))) -> 145 | J76: =(1050*((F76/I76)^1.852)*(E76/100)*(G76^-4.87))/2.31 -> 0.026717886 | K76: =E76*$B$11 -> 0 | L76: =-K76-J76 -> -0.026717886
A77: =A76+1 -> 49 | B77: 177.3 | C77: =(B77/$B$14)*$B$13 -> 0.48522167 | D77: =D76+L76 -> 31.642954 | E77: 12.5 | F77: =F76-C77 -> 9.1509579 | G77: 1.72 | H77: =(F77/448.8)/(3.14*((G77/12)^2)/4) -> 1.2642986 | I77: =IF(G77>5,$B$6,IF(5>=G77>1.5,$B$7,IF(1.5>G77,$B$8,0))) -> 145 | J77: =(1050*((F77/I77)^1.852)*(E77/100)*(G77^-4.87))/2.31 -> 0.024279868 | K77: =E77*$B$11 -> 0 | L77: =-K77-J77 -> -0.024279868
A78: =A77+1 -> 50 | B78: 167.5 | C78: =(B78/$B$14)*$B$13 -> 0.45840175 | D78: =D77+L77 -> 31.618675 | E78: 12.5 | F78: =F77-C78 -> 8.6925561 | G78: 1.72 | H78: =(F78/448.8)/(3.14*((G78/12)^2)/4) -> 1.2009657 | I78: =IF(G78>5,$B$6,IF(5>=G78>1.5,$B$7,IF(1.5>G78,$B$8,0))) -> 145 | J78: =(1050*((F78/I78)^1.852)*(E78/100)*(G78^-4.87))/2.31 -> 0.022075545 | K78: =E78*$B$11 -> 0 | L78: =-K78-J78 -> -0.022075545
A79: =A78+1 -> 51 | B79: 157.8 | C79: =(B79/$B$14)*$B$13 -> 0.4318555 | D79: =D78+L78 -> 31.596599 | E79: 12.5 | F79: =F78-C79 -> 8.2607006 | G79: 1.72 | H79: =(F79/448.8)/(3.14*((G79/12)^2)/4) -> 1.1413004 | I79: =IF(G79>5,$B$6,IF(5>=G79>1.5,$B$7,IF(1.5>G79,$B$8,0))) -> 145 | J79: =(1050*((F79/I79)^1.852)*(E79/100)*(G79^-4.87))/2.31 -> 0.020087483 | K79: =E79*$B$11 -> 0 | L79: =-K79-J79 -> -0.020087483
A80: =A79+1 -> 52 | B80: 148 | C80: =(B80/$B$14)*$B$13 -> 0.40503558 | D80: =D79+L79 -> 31.576511 | E80: 12.5 | F80: =F79-C80 -> 7.855665 | G80: 1.72 | H80: =(F80/448.8)/(3.14*((G80/12)^2)/4) -> 1.0853406 | I80: =IF(G80>5,$B$6,IF(5>=G80>1.5,$B$7,IF(1.5>G80,$B$8,0))) -> 145 | J80: =(1050*((F80/I80)^1.852)*(E80/100)*(G80^-4.87))/2.31 -> 0.018301601 | K80: =E80*$B$11 -> 0 | L80: =-K80-J80 -> -0.018301601
C82: Min P | D82: =AVERAGE(D70:D80,D60:D68,D49:D58,D37:D47,D24:D35) -> 27.365165 | E82: PSI
C83: Max P | D83: =MAX(D70:D80,D60:D68,D49:D58,D37:D47,D24:D35) -> 33.7 | E83: PSI
C84: Avg. P, PSI | D84: =AVERAGE(D70:D80,D60:D68,D49:D58,D37:D47,D24:D35) -> 27.365165 | E84: PSI
C85: Total GPM | D85: =SUM(C70:C80,C60:C68,C49:C58,C37:C47,C25:C35) -> 46.325944
C86: Sub-Main Length, ft | D86: =SUM(E70:E80,E60:E68,E49:E58,E37:E47,E25:E35) -> 695.4

Sheet Block 8
A1: Block 8
A3: Sub-mainline Sizing and Pressure
B5: 150 | C5: C-value for PVC ID > 5"
B6: 145 | C6: C-value for PVC 1.5" < = ID < = 5"
B7: 140 | C7: C-value for PVC < 1.5"
B8: 0 | C8: feet, Total Elevation Drop
B9: 235.5 | C9: feet, Length of Sub-mainline
B10: =B8/B9 -> 0 | C10: ft/ft, Change in Elevation
B11: 0.5 | C11: GPH/emitter
B12: =B11/60 -> 0.0083333333 | C12: GPM/emitter
B13: =3.045 -> 3.045 | C13: ft, emitter spacing
B17: Chg. Elev = Length * ft/ft (elevation change worst case)
B18: Chg. P = Chg. Elev + Hf
A20: Section A Uphill
A21: Row | B21: Row Length ft | C21: GPM per Row | D21: Pressure PSI | E21: Length ft | F21: GPM | G21: Pipe ID, in | H21: Velocity, ft/sec | I21: C-Value | J21: Hf (psi) | K21: Chg. Elev (psi) | L21: Chg. P (psi)
A22: Inlet | B22: 0 | C22: 0 | D22: 25 | E22: 0 | F22: 46.3 | G22: 2.193 | H22: =(F22/448.8)/(3.14*((G22/12)^2)/4) -> 3.9349907 | I22: =IF(G22>5,$B$5,IF(5>=G22>1.5,$B$6,IF(1.5>G22,$B$7,0))) -> 145 | J22: =(1050*((F22/I22)^1.852)*(E22/100)*(G22^-4.87))/2.31 -> 0 | K22: =E22*$B$10 -> 0 | L22: =-K22-J22 -> 0
A23: 1 | B23: 522 | C23: =(B23/$B$13)*$B$12 -> 1.4285714 | D23: =D22+L22 -> 25 | E23: 2.2 | F23: =F22-C23 -> 44.871429 | G23: 2.193 | H23: =(F23/448.8)/(3.14*((G23/12)^2)/4) -> 3.8135779 | I23: =IF(G23>5,$B$5,IF(5>=G23>1.5,$B$6,IF(1.5>G23,$B$7,0))) -> 145 | J23: =(1050*((F23/I23)^1.852)*(E23/100)*(G23^-4.87))/2.31 -> 0.024873481 | K23: =E23*$B$10 -> 0 | L23: =-K23-J23 -> -0.024873481
A24: =A23+1 -> 2 | B24: 522.1 | C24: =(B24/$B$13)*$B$12 -> 1.4288451 | D24: =D23+L23 -> 24.975127 | E24: 7.7 | F24: =F23-C24 -> 43.442583 | G24: 2.193 | H24: =(F24/448.8)/(3.14*((G24/12)^2)/4) -> 3.6921418 | I24: =IF(G24>5,$B$5,IF(5>=G24>1.5,$B$6,IF(1.5>G24,$B$7,0))) -> 145 | J24: =(1050*((F24/I24)^1.852)*(E24/100)*(G24^-4.87))/2.31 -> 0.08199288 | K24: =E24*$B$10 -> 0 | L24: =-K24-J24 -> -0.08199288
A25: =A24+1 -> 3 | B25: 522.2 | C25: =(B25/$B$13)*$B$12 -> 1.4291188 | D25: =D24+L24 -> 24.893134 | E25: 7.7 | F25: =F24-C25 -> 42.013465 | G25: 2.193 | H25: =(F25/448.8)/(3.14*((G25/12)^2)/4) -> 3.5706824 | I25: =IF(G25>5,$B$5,IF(5>=G25>1.5,$B$6,IF(1.5>G25,$B$7,0))) -> 145 | J25: =(1050*((F25/I25)^1.852)*(E25/100)*(G25^-4.87))/2.31 -> 0.077067606 | K25: =E25*$B$10 -> 0 | L25: =-K25-J25 -> -0.077067606
A26: =A25+1 -> 4 | B26: 522.3 | C26: =(B26/$B$13)*$B$12 -> 1.4293924 | D26: =D25+L25 -> 24.816066 | E26: 7.7 | F26: =F25-C26 -> 40.584072 | G26: 2.193 | H26: =(F26/448.8)/(3.14*((G26/12)^2)/4) -> 3.4491998 | I26: =IF(G26>5,$B$5,IF(5>=G26>1.5,$B$6,IF(1.5>G26,$B$7,0))) -> 145 | J26: =(1050*((F26/I26)^1.852)*(E26/100)*(G26^-4.87))/2.31 -> 0.072282136 | K26: =E26*$B$10 -> 0 | L26: =-K26-J26 -> -0.072282136
A27: =A26+1 -> 5 | B27: 522.3 | C27: =(B27/$B$13)*$B$12 -> 1.4293924 | D27: =D26+L26 -> 24.743784 | E27: 7.7 | F27: =F26-C27 -> 39.15468 | G27: 2.193 | H27: =(F27/448.8)/(3.14*((G27/12)^2)/4) -> 3.3277171 | I27: =IF(G27>5,$B$5,IF(5>=G27>1.5,$B$6,IF(1.5>G27,$B$7,0))) -> 145 | J27: =(1050*((F27/I27)^1.852)*(E27/100)*(G27^-4.87))/2.31 -> 0.067638153 | K27: =E27*$B$10 -> 0 | L27: =-K27-J27 -> -0.067638153
A28: =A27+1 -> 6 | B28: 522.4 | C28: =(B28/$B$13)*$B$12 -> 1.4296661 | D28: =D27+L27 -> 24.676146 | E28: 7.7 | F28: =F27-C28 -> 37.725014 | G28: 2.193 | H28: =(F28/448.8)/(3.14*((G28/12)^2)/4) -> 3.2062112 | I28: =IF(G28>5,$B$5,IF(5>=G28>1.5,$B$6,IF(1.5>G28,$B$7,0))) -> 145 | J28: =(1050*((F28/I28)^1.852)*(E28/100)*(G28^-4.87))/2.31 -> 0.063135559 | K28: =E28*$B$10 -> 0 | L28: =-K28-J28 -> -0.063135559
A29: =A28+1 -> 7 | B29: 522.5 | C29: =(B29/$B$13)*$B$12 -> 1.4299398 | D29: =D28+L28 -> 24.61301 | E29: 7.7 | F29: =F28-C29 -> 36.295074 | G29: 2.193 | H29: =(F29/448.8)/(3.14*((G29/12)^2)/4) -> 3.0846821 | I29: =IF(G29>5,$B$5,IF(5>=G29>1.5,$B$6,IF(1.5>G29,$B$7,0))) -> 145 | J29: =(1050*((F29/I29)^1.852)*(E29/100)*(G29^-4.87))/2.31 -> 0.058775222 | K29: =E29*$B$10 -> 0 | L29: =-K29-J29 -> -0.058775222
A30: =A29+1 -> 8 | B30: 522.6 | C30: =(B30/$B$13)*$B$12 -> 1.4302135 | D30: =D29+L29 -> 24.554235 | E30: 7.7 | F30: =F29-C30 -> 34.86486 | G30: 1.72 | H30: =(F30/448.8)/(3.14*((G30/12)^2)/4) -> 4.8169376 | I30: =IF(G30>5,$B$5,IF(5>=G30>1.5,$B$6,IF(1.5>G30,$B$7,0))) -> 145 | J30: =(1050*((F30/I30)^1.852)*(E30/100)*(G30^-4.87))/2.31 -> 0.1781121 | K30: =E30*$B$10 -> 0 | L30: =-K30-J30 -> -0.1781121
A31: =A30+1 -> 9 | B31: 522.7 | C31: =(B31/$B$13)*$B$12 -> 1.4304871 | D31: =D30+L30 -> 24.376123 | E31: 7.7 | F31: =F30-C31 -> 33.434373 | G31: 1.72 | H31: =(F31/448.8)/(3.14*((G31/12)^2)/4) -> 4.6193012 | I31: =IF(G31>5,$B$5,IF(5>=G31>1.5,$B$6,IF(1.5>G31,$B$7,0))) -> 145 | J31: =(1050*((F31/I31)^1.852)*(E31/100)*(G31^-4.87))/2.31 -> 0.16481501 | K31: =E31*$B$10 -> 0 | L31: =-K31-J31 -> -0.16481501
A32: =A31+1 -> 10 | B32: 522.8 | C32: =(B32/$B$13)*$B$12 -> 1.4307608 | D32: =D31+L31 -> 24.211308 | E32: 7.7 | F32: =F31-C32 -> 32.003612 | G32: 1.72 | H32: =(F32/448.8)/(3.14*((G32/12)^2)/4) -> 4.4216269 | I32: =IF(G32>5,$B$5,IF(5>=G32>1.5,$B$6,IF(1.5>G32,$B$7,0))) -> 145 | J32: =(1050*((F32/I32)^1.852)*(E32/100)*(G32^-4.87))/2.31 -> 0.15199158 | K32: =E32*$B$10 -> 0 | L32: =-K32-J32 -> -0.15199158
A33: =A32+1 -> 11 | B33: 522.9 | C33: =(B33/$B$13)*$B$12 -> 1.4310345 | D33: =D32+L32 -> 24.059316 | E33: 7.7 | F33: =F32-C33 -> 30.572578 | G33: 1.72 | H33: =(F33/448.8)/(3.14*((G33/12)^2)/4) -> 4.2239149 | I33: =IF(G33>5,$B$5,IF(5>=G33>1.5,$B$6,IF(1.5>G33,$B$7,0))) -> 145 | J33: =(1050*((F33/I33)^1.852)*(E33/100)*(G33^-4.87))/2.31 -> 0.13964518 | K33: =E33*$B$10 -> 0 | L33: =-K33-J33 -> -0.13964518
A34: =A33+1 -> 12 | B34: 523 | C34: =(B34/$B$13)*$B$12 -> 1.4313082 | D34: =D33+L33 -> 23.919671 | E34: 7.7 | F34: =F33-C34 -> 29.14127 | G34: 1.72 | H34: =(F34/448.8)/(3.14*((G34/12)^2)/4) -> 4.026165 | I34: =IF(G34>5,$B$5,IF(5>=G34>1.5,$B$6,IF(1.5>G34,$B$7,0))) -> 145 | J34: =(1050*((F34/I34)^1.852)*(E34/100)*(G34^-4.87))/2.31 -> 0.12777935 | K34: =E34*$B$10 -> 0 | L34: =-K34-J34 -> -0.12777935
A35: =A34+1 -> 13 | B35: 523.1 | C35: =(B35/$B$13)*$B$12 -> 1.4315818 | D35: =D34+L34 -> 23.791892 | E35: 7.7 | F35: =F34-C35 -> 27.709688 | G35: 1.72 | H35: =(F35/448.8)/(3.14*((G35/12)^2)/4) -> 3.8283773 | I35: =IF(G35>5,$B$5,IF(5>=G35>1.5,$B$6,IF(1.5>G35,$B$7,0))) -> 145 | J35: =(1050*((F35/I35)^1.852)*(E35/100)*(G35^-4.87))/2.31 -> 0.1163978 | K35: =E35*$B$10 -> 0 | L35: =-K35-J35 -> -0.1163978
... A53: =A52+1 -> 31 | B53: 524.8 | C53: =(B53/$B$13)*$B$12 -> 1.4362343 | D53: =D52+L52 -> 22.944478 | E53: 7.7 | F53: =F52-C53 -> 1.8968801 | G53: 1.72 | H53: =(F53/448.8)/(3.14*((G53/12)^2)/4) -> 0.26207342 | I53: =IF(G53>5,$B$5,IF(5>=G53>1.5,$B$6,IF(1.5>G53,$B$7,0))) -> 145 | J53: =(1050*((F53/I53)^1.852)*(E53/100)*(G53^-4.87))/2.31 -> 0.00081118673 | K53: =E53*$B$10 -> 0 | L53: =-K53-J53 -> -0.00081118673
C55: Min P | D55: =MIN(D23:D53) -> 22.944478 | E55: PSI
C56: Max P | D56: =MAX(D23:D53) -> 25 | E56: PSI
C57: Avg. P, PSI | D57: =AVERAGE(D23:D53) -> 23.727902
B58: Total GPM | D58: =SUM(C23:C53) -> 44.40312
B59: Sub-Main Length, ft | D59: =SUM(E23:E53) -> 233.2

Sheet Block 9
A1: Block 9
A3: Sub-mainline Sizing and Pressure
B5: 150 | C5: C-value for PVC ID > 5"
B6: 145 | C6: C-value for PVC 1.5" < = ID < = 5"
B7: 140 | C7: C-value for PVC < 1.5"
B8: 0 | C8: feet, Total Elevation Drop
B9: =234.5+40.7+166.3+295.8 -> 737.3 | C9: feet, Length of Sub-mainline
B10: =B8/B9 -> 0 | C10: ft/ft, Change in Elevation
B11: 0.5 | C11: GPH/emitter
B12: =B11/60 -> 0.0083333333 | C12: GPM/emitter
B13: =3.045 -> 3.045 | C13: ft, emitter spacing
B17: Chg. Elev = Length * ft/ft (elevation change worst case)
B18: Chg. P = Chg. Elev + Hf
A20: Section A
A21: Row | B21: Row Length ft | C21: GPM per Row | D21: Pressure PSI | E21: Length ft | F21: GPM | G21: Pipe ID, in | H21: Velocity, ft/sec | I21: C-Value | J21: Hf (psi) | K21: Chg. Elev (psi) | L21: Chg. P (psi)
A22: Inlet | B22: 0 | C22: 0 | D22: 25 | E22: 0 | F22: 51 | G22: 2.193 | H22: =(F22/448.8)/(3.14*((G22/12)^2)/4) -> 4.334439 | I22: =IF(G22>5,$B$5,IF(5>=G22>1.5,$B$6,IF(1.5>G22,$B$7,0))) -> 145 | J22: =(1050*((F22/I22)^1.852)*(E22/100)*(G22^-4.87))/2.31 -> 0 | K22: =E22*$B$105 -> 0 | L22: =-K22-J22 -> 0
A23: 1 | B23: 179.2 | C23: =(B23/$B$13)*$B$12 -> 0.49042146 | D23: =D22+L22 -> 25 | E23: 2.2 | F23: =F22-C23 -> 50.509579 | G23: 2.193 | H23: =(F23/448.8)/(3.14*((G23/12)^2)/4) -> 4.2927586 | I23: =IF(G23>5,$B$5,IF(5>=G23>1.5,$B$6,IF(1.5>G23,$B$7,0))) -> 145 | J23: =(1050*((F23/I23)^1.852)*(E23/100)*(G23^-4.87))/2.31 -> 0.030969664 | K23: =E23*$B$10 -> 0 | L23: =-K23-J23 -> -0.030969664
A24: =A23+1 -> 2 | B24: 571.3 | C24: =(B24/$B$13)*$B$12 -> 1.5634921 | D24: =D23+L23 -> 24.96903 | E24: 7.7 | F24: =F23-C24 -> 48.946086 | G24: 2.193 | H24: =(F24/448.8)/(3.14*((G24/12)^2)/4) -> 4.159879 | I24: =IF(G24>5,$B$5,IF(5>=G24>1.5,$B$6,IF(1.5>G24,$B$7,0))) -> 145 | J24: =(1050*((F24/I24)^1.852)*(E24/100)*(G24^-4.87))/2.31 -> 0.10226195 | K24: =E24*$B$10 -> 0 | L24: =-K24-J24 -> -0.10226195
A25: =A24+1 -> 3 | B25: 572.3 | C25: =(B25/$B$13)*$B$12 -> 1.5662288 | D25: =D24+L24 -> 24.866768 | E25: 7.7 | F25: =F24-C25 -> 47.379858 | G25: 2.193 | H25: =(F25/448.8)/(3.14*((G25/12)^2)/4) -> 4.0267668 | I25: =IF(G25>5,$B$5,IF(5>=G25>1.5,$B$6,IF(1.5>G25,$B$7,0))) -> 145 | J25: =(1050*((F25/I25)^1.852)*(E25/100)*(G25^-4.87))/2.31 -> 0.096284415 | K25: =E25*$B$10 -> 0 | L25: =-K25-J25 -> -0.096284415
A26: =A25+1 -> 4 | B26: 573.2 | C26: =(B26/$B$13)*$B$12 -> 1.5686918 | D26: =D25+L25 -> 24.770484 | E26: 7.7 | F26: =F25-C26 -> 45.811166 | G26: 2.193 | H26: =(F26/448.8)/(3.14*((G26/12)^2)/4) -> 3.8934452 | I26: =IF(G26>5,$B$5,IF(5>=G26>1.5,$B$6,IF(1.5>G26,$B$7,0))) -> 145 | J26: =(1050*((F26/I26)^1.852)*(E26/100)*(G26^-4.87))/2.31 -> 0.090463898 | K26: =E26*$B$10 -> 0 | L26: =-K26-J26 -> -0.090463898
A27: =A26+1 -> 5 | B27: 574.2 | C27: =(B27/$B$13)*$B$12 -> 1.5714286 | D27: =D26+L26 -> 24.68002 | E27: 7.7 | F27: =F26-C27 -> 44.239737 | G27: 2.193 | H27: =(F27/448.8)/(3.14*((G27/12)^2)/4) -> 3.7598911 | I27: =IF(G27>5,$B$5,IF(5>=G27>1.5,$B$6,IF(1.5>G27,$B$7,0))) -> 145 | J27: =(1050*((F27/I27)^1.852)*(E27/100)*(G27^-4.87))/2.31 -> 0.084801042 | K27: =E27*$B$10 -> 0 | L27: =-K27-J27 -> -0.084801042
A28: =A27+1 -> 6 | B28: 575.2 | C28: =(B28/$B$13)*$B$12 -> 1.5741653 | D28: =D27+L27 -> 24.595219 | E28: 7.7 | F28: =F27-C28 -> 42.665572 | G28: 2.193 | H28: =(F28/448.8)/(3.14*((G28/12)^2)/4) -> 3.6261043 | I28: =IF(G28>5,$B$5,IF(5>=G28>1.5,$B$6,IF(1.5>G28,$B$7,0))) -> 145 | J28: =(1050*((F28/I28)^1.852)*(E28/100)*(G28^-4.87))/2.31 -> 0.079297598 | K28: =E28*$B$10 -> 0 | L28: =-K28-J28 -> -0.079297598
A29: =A28+1 -> 7 | B29: 576.2 | C29: =(B29/$B$13)*$B$12 -> 1.576902 | D29: =D28+L28 -> 24.515921 | E29: 7.7 | F29: =F28-C29 -> 41.08867 | G29: 2.193 | H29: =(F29/448.8)/(3.14*((G29/12)^2)/4) -> 3.492085 | I29: =IF(G29>5,$B$5,IF(5>=G29>1.5,$B$6,IF(1.5>G29,$B$7,0))) -> 145 | J29: =(1050*((F29/I29)^1.852)*(E29/100)*(G29^-4.87))/2.31 -> 0.073955362 | K29: =E29*$B$10 -> 0 | L29: =-K29-J29 -> -0.073955362
A30: =A29+1 -> 8 | B30: 577.2 | C30: =(B30/$B$13)*$B$12 -> 1.5796388 | D30: =D29+L29 -> 24.441966 | E30: 7.7 | F30: =F29-C30 -> 39.509031 | G30: 2.193 | H30: =(F30/448.8)/(3.14*((G30/12)^2)/4) -> 3.3578331 | I30: =IF(G30>5,$B$5,IF(5>=G30>1.5,$B$6,IF(1.5>G30,$B$7,0))) -> 145 | J30: =(1050*((F30/I30)^1.852)*(E30/100)*(G30^-4.87))/2.31 -> 0.068776182 | K30: =E30*$B$10 -> 0 | L30: =-K30-J30 -> -0.068776182
A31: =A30+1 -> 9 | B31: 578.2 | C31: =(B31/$B$13)*$B$12 -> 1.5823755 | D31: =D30+L30 -> 24.37319 | E31: 7.7 | F31: =F30-C31 -> 37.926656 | G31: 2.193 | H31: =(F31/448.8)/(3.14*((G31/12)^2)/4) -> 3.2233486 | I31: =IF(G31>5,$B$5,IF(5>=G31>1.5,$B$6,IF(1.5>G31,$B$7,0))) -> 145 | J31: =(1050*((F31/I31)^1.852)*(E31/100)*(G31^-4.87))/2.31 -> 0.063761962 | K31: =E31*$B$10 -> 0 | L31: =-K31-J31 -> -0.063761962
A32: =A31+1 -> 10 | B32: 579.1 | C32: =(B32/$B$13)*$B$12 -> 1.5848385 | D32: =D31+L31 -> 24.309428 | E32: 7.7 | F32: =F31-C32 -> 36.341817 | G32: 2.193 | H32: =(F32/448.8)/(3.14*((G32/12)^2)/4) -> 3.0886547 | I32: =IF(G32>5,$B$5,IF(5>=G32>1.5,$B$6,IF(1.5>G32,$B$7,0))) -> 145 | J32: =(1050*((F32/I32)^1.852)*(E32/100)*(G32^-4.87))/2.31 -> 0.058915486 | K32: =E32*$B$10 -> 0 | L32: =-K32-J32 -> -0.058915486
A33: =A32+1 -> 11 | B33: 580.1 | C33: =(B33/$B$13)*$B$12 -> 1.5875753 | D33: =D32+L32 -> 24.250512 | E33: 7.7 | F33: =F32-C33 -> 34.754242 | G33: 2.193 | H33: =(F33/448.8)/(3.14*((G33/12)^2)/4) -> 2.9537283 | I33: =IF(G33>5,$B$5,IF(5>=G33>1.5,$B$6,IF(1.5>G33,$B$7,0))) -> 145 | J33: =(1050*((F33/I33)^1.852)*(E33/100)*(G33^-4.87))/2.31 -> 0.054237898 | K33: =E33*$B$10 -> 0 | L33: =-K33-J33 -> -0.054237898
A34: =A33+1 -> 12 | B34: 581.1 | C34: =(B34/$B$13)*$B$12 -> 1.590312 | D34: =D33+L33 -> 24.196275 | E34: 7.7 | F34: =F33-C34 -> 33.16393 | G34: 1.72 | H34: =(F34/448.8)/(3.14*((G34/12)^2)/4) -> 4.5819367 | I34: =IF(G34>5,$B$5,IF(5>=G34>1.5,$B$6,IF(1.5>G34,$B$7,0))) -> 145 | J34: =(1050*((F34/I34)^1.852)*(E34/100)*(G34^-4.87))/2.31 -> 0.16235452 | K34: =E34*$B$10 -> 0 | L34: =-K34-J34 -> -0.16235452
A35: =A34+1 -> 13 | B35: 582.1 | C35: =(B35/$B$13)*$B$12 -> 1.5930487 | D35: =D34+L34 -> 24.03392 | E35: 7.7 | F35: =F34-C35 -> 31.570881 | G35: 1.72 | H35: =(F35/448.8)/(3.14*((G35/12)^2)/4) -> 4.3618407 | I35: =IF(G35>5,$B$5,IF(5>=G35>1.5,$B$6,IF(1.5>G35,$B$7,0))) -> 145 | J35: =(1050*((F35/I35)^1.852)*(E35/100)*(G35^-4.87))/2.31 -> 0.14820742 | K35: =E35*$B$10 -> 0 | L35: =-K35-J35 -> -0.14820742
... A53: =A52+1 -> 31 | B53: 254.4 | C53: =(B53/$B$13)*$B$12 -> 0.69622332 | D53: =D52+L52 -> 22.929551 | E53: 7.7 | F53: =F52-C53 -> 5.8773946 | G53: 1.72 | H53: =(F53/448.8)/(3.14*((G53/12)^2)/4) -> 0.81202228 | I53: =IF(G53>5,$B$5,IF(5>=G53>1.5,$B$6,IF(1.5>G53,$B$7,0))) -> 145 | J53: =(1050*((F53/I53)^1.852)*(E53/100)*(G53^-4.87))/2.31 -> 0.0065875104 | K53: =E53*$B$10 -> 0 | L53: =-K53-J53 -> -0.0065875104
A54: Section B
A55: =A53+1 -> 32 | B55: 319.2 | C55: =(B55/$B$13)*$B$12 -> 0.87356322 | D55: 23 | E55: =166.3+40.7+44.8 -> 251.8 | F55: 51 | G55: 2.193 | H55: =(F55/448.8)/(3.14*((G55/12)^2)/4) -> 4.334439 | I55: =IF(G55>5,$B$5,IF(5>=G55>1.5,$B$6,IF(1.5>G55,$B$7,0))) -> 145 | J55: =(1050*((F55/I55)^1.852)*(E55/100)*(G55^-4.87))/2.31 -> 3.6086215 | K55: =E55*$B$10 -> 0 | L55: =-K55-J55 -> -3.6086215
A56: =A55+1 -> 33 | B56: 234.8 | C56: =(B56/$B$13)*$B$12 -> 0.64258347 | D56: =D55+L55 -> 19.391378 | E56: 83.7 | F56: =F55-C56 -> 50.357417 | G56: 2.193 | H56: =(F56/448.8)/(3.14*((G56/12)^2)/4) -> 4.2798265 | I56: =IF(G56>5,$B$5,IF(5>=G56>1.5,$B$6,IF(1.5>G56,$B$7,0))) -> 145 | J56: =(1050*((F56/I56)^1.852)*(E56/100)*(G56^-4.87))/2.31 -> 1.1716897 | K56: =E56*$B$10 -> 0 | L56: =-K56-J56 -> -1.1716897
A57: =A56+1 -> 34 | B57: 150.4 | C57: =(B57/$B$13)*$B$12 -> 0.41160372 | D57: =D56+L56 -> 18.219689 | E57: 83.7 | F57: =F56-C57 -> 49.945813 | G57: 2.193 | H57: =(F57/448.8)/(3.14*((G57/12)^2)/4) -> 4.2448447 | I57: =IF(G57>5,$B$5,IF(5>=G57>1.5,$B$6,IF(1.5>G57,$B$7,0))) -> 145 | J57: =(1050*((F57/I57)^1.852)*(E57/100)*(G57^-4.87))/2.31 -> 1.1540149 | K57: =E57*$B$10 -> 0 | L57: =-K57-J57 -> -1.1540149
A58: =A57+1 -> 35 | B58: 66.1 | C58: =(B58/$B$13)*$B$12 -> 0.18089765 | D58: =D57+L57 -> 17.065674 | E58: 83.7 | F58: =F57-C58 -> 49.764915 | G58: 2.193 | H58: =(F58/448.8)/(3.14*((G58/12)^2)/4) -> 4.2294704 | I58: =IF(G58>5,$B$5,IF(5>=G58>1.5,$B$6,IF(1.5>G58,$B$7,0))) -> 145 | J58: =(1050*((F58/I58)^1.852)*(E58/100)*(G58^-4.87))/2.31 -> 1.146286 | K58: =E58*$B$10 -> 0 | L58: =-K58-J58 -> -1.146286
C61: Min P | D61: =MIN(D23:D53,D55:D58) -> 17.065674 | E61: PSI
C62: Max P | D62: =MAX(D23:D53,D55:D58) -> 25 | E62: PSI
C63: Avg. P, PSI | D63: =AVERAGE(D23:D53,D55:D58) -> 23.277845
B64: Total GPM | D64: =SUM(C23:C53,C55:C58) -> 47.231253
B65: Sub-Main Length, ft | D65: =SUM(E23:E53,E55:E58) -> 736.1

Sheet Block 10
A1: Block 10
A3: Sub-mainline Sizing and Pressure
B5: 150 | C5: C-value for PVC ID > 5"
B6: 145 | C6: C-value for PVC 1.5" < = ID < = 5"
B7: 140 | C7: C-value for PVC < 1.5"
B8: 5 | C8: feet, Total Elevation Drop
B9: =365.5+105.8+135.1 -> 606.4 | C9: feet, Length of Sub-mainline
B10: =B8/B9 -> 0.0082453826 | C10: ft/ft, Change in Elevation
B11: 0.5 | C11: GPH/emitter
B12: =B11/60 -> 0.0083333333 | C12: GPM/emitter
B13: =3.045 -> 3.045 | C13: ft, emitter spacing
B17: Chg. Elev = Length * ft/ft (elevation change worst case)
B18: Chg. P = Chg. Elev + Hf
A20: Section A Uphill
A21: Row | B21: Row Length ft | C21: GPM per Row | D21: Pressure PSI | E21: Length ft | F21: GPM | G21: Pipe ID, in | H21: Velocity, ft/sec | I21: C-Value | J21: Hf (psi) | K21: Chg. Elev (psi) | L21: Chg. P (psi)
A22: Inlet | B22: 0 | C22: 0 | D22: 25 | E22: 0 | F22: 42.7 | G22: 2.193 | H22: =(F22/448.8)/(3.14*((G22/12)^2)/4) -> 3.6290303 | I22: =IF(G22>5,$B$5,IF(5>=G22>1.5,$B$6,IF(1.5>G22,$B$7,0))) -> 145 | J22: =(1050*((F22/I22)^1.852)*(E22/100)*(G22^-4.87))/2.31 -> 0 | K22: =E22*$B$10 -> 0 | L22: =-K22-J22 -> 0
A23: 1 | B23: 144.7 | C23: =(B23/$B$13)*$B$12 -> 0.39600438 | D23: =D22+L22 -> 25 | E23: 249.6 | F23: =F22-C23 -> 42.303996 | G23: 2.193 | H23: =(F23/448.8)/(3.14*((G23/12)^2)/4) -> 3.5953743 | I23: =IF(G23>5,$B$5,IF(5>=G23>1.5,$B$6,IF(1.5>G23,$B$7,0))) -> 145 | J23: =(1050*((F23/I23)^1.852)*(E23/100)*(G23^-4.87))/2.31 -> 2.5302798 | K23: =E23*$B$10 -> 2.0580475 | L23: =-K23-J23 -> -4.5883273
A24: =A23+1 -> 2 | B24: 135.1 | C24: =(B24/$B$13)*$B$12 -> 0.3697318 | D24: =D23+L23 -> 20.411673 | E24: 7.7 | F24: =F23-C24 -> 41.934264 | G24: 2.193 | H24: =(F24/448.8)/(3.14*((G24/12)^2)/4) -> 3.5639512 | I24: =IF(G24>5,$B$5,IF(5>=G24>1.5,$B$6,IF(1.5>G24,$B$7,0))) -> 145 | J24: =(1050*((F24/I24)^1.852)*(E24/100)*(G24^-4.87))/2.31 -> 0.076798758 | K24: =E24*$B$10 -> 0.063489446 | L24: =-K24-J24 -> -0.1402882
A25: =A24+1 -> 3 | B25: 125.4 | C25: =(B25/$B$13)*$B$12 -> 0.34318555 | D25: =D24+L24 -> 20.271384 | E25: 7.7 | F25: =F24-C25 -> 41.591078 | G25: 2.193 | H25: =(F25/448.8)/(3.14*((G25/12)^2)/4) -> 3.5347842 | I25: =IF(G25>5,$B$5,IF(5>=G25>1.5,$B$6,IF(1.5>G25,$B$7,0))) -> 145 | J25: =(1050*((F25/I25)^1.852)*(E25/100)*(G25^-4.87))/2.31 -> 0.075638812 | K25: =E25*$B$10 -> 0.063489446 | L25: =-K25-J25 -> -0.13912826
A26: =A25+1 -> 4 | B26: 115.8 | C26: =(B26/$B$13)*$B$12 -> 0.31691297 | D26: =D25+L25 -> 20.132256 | E26: 7.7 | F26: =F25-C26 -> 41.274165 | G26: 2.193 | H26: =(F26/448.8)/(3.14*((G26/12)^2)/4) -> 3.5078501 | I26: =IF(G26>5,$B$5,IF(5>=G26>1.5,$B$6,IF(1.5>G26,$B$7,0))) -> 145 | J26: =(1050*((F26/I26)^1.852)*(E26/100)*(G26^-4.87))/2.31 -> 0.074574883 | K26: =E26*$B$10 -> 0.063489446 | L26: =-K26-J26 -> -0.13806433
A27: =A26+1 -> 5 | B27: 106.1 | C27: =(B27/$B$13)*$B$12 -> 0.29036672 | D27: =D26+L26 -> 19.994192 | E27: 7.7 | F27: =F26-C27 -> 40.983799 | G27: 2.193 | H27: =(F27/448.8)/(3.14*((G27/12)^2)/4) -> 3.4831721 | I27: =IF(G27>5,$B$5,IF(5>=G27>1.5,$B$6,IF(1.5>G27,$B$7,0))) -> 145 | J27: =(1050*((F27/I27)^1.852)*(E27/100)*(G27^-4.87))/2.31 -> 0.073606163 | K27: =E27*$B$10 -> 0.063489446 | L27: =-K27-J27 -> -0.13709561
A28: =A27+1 -> 6 | B28: 96.5 | C28: =(B28/$B$13)*$B$12 -> 0.26409414 | D28: =D27+L27 -> 19.857096 | E28: 7.7 | F28: =F27-C28 -> 40.719704 | G28: 2.193 | H28: =(F28/448.8)/(3.14*((G28/12)^2)/4) -> 3.460727 | I28: =IF(G28>5,$B$5,IF(5>=G28>1.5,$B$6,IF(1.5>G28,$B$7,0))) -> 145 | J28: =(1050*((F28/I28)^1.852)*(E28/100)*(G28^-4.87))/2.31 -> 0.072730156 | K28: =E28*$B$10 -> 0.063489446 | L28: =-K28-J28 -> -0.1362196
A29: =A28+1 -> 7 | B29: 86.8 | C29: =(B29/$B$13)*$B$12 -> 0.23754789 | D29: =D28+L28 -> 19.720877 | E29: 7.7 | F29: =F28-C29 -> 40.482157 | G29: 2.193 | H29: =(F29/448.8)/(3.14*((G29/12)^2)/4) -> 3.440538 | I29: =IF(G29>5,$B$5,IF(5>=G29>1.5,$B$6,IF(1.5>G29,$B$7,0))) -> 145 | J29: =(1050*((F29/I29)^1.852)*(E29/100)*(G29^-4.87))/2.31 -> 0.071946327 | K29: =E29*$B$10 -> 0.063489446 | L29: =-K29-J29 -> -0.13543577
A30: =A29+1 -> 8 | B30: 77.2 | C30: =(B30/$B$13)*$B$12 -> 0.21127531 | D30: =D29+L29 -> 19.585441 | E30: 7.7 | F30: =F29-C30 -> 40.270881 | G30: 2.193 | H30: =(F30/448.8)/(3.14*((G30/12)^2)/4) -> 3.422582 | I30: =IF(G30>5,$B$5,IF(5>=G30>1.5,$B$6,IF(1.5>G30,$B$7,0))) -> 145 | J30: =(1050*((F30/I30)^1.852)*(E30/100)*(G30^-4.87))/2.31 -> 0.071252474 | K30: =E30*$B$10 -> 0.063489446 | L30: =-K30-J30 -> -0.13474192
A31: =A30+1 -> 9 | B31: 67.5 | C31: =(B31/$B$13)*$B$12 -> 0.18472906 | D31: =D30+L30 -> 19.450699 | E31: 7.7 | F31: =F30-C31 -> 40.086152 | G31: 2.193 | H31: =(F31/448.8)/(3.14*((G31/12)^2)/4) -> 3.406882 | I31: =IF(G31>5,$B$5,IF(5>=G31>1.5,$B$6,IF(1.5>G31,$B$7,0))) -> 145 | J31: =(1050*((F31/I31)^1.852)*(E31/100)*(G31^-4.87))/2.31 -> 0.070648337 | K31: =E31*$B$10 -> 0.063489446 | L31: =-K31-J31 -> -0.13413778
A32: =A31+1 -> 10 | B32: 57.9 | C32: =(B32/$B$13)*$B$12 -> 0.15845649 | D32: =D31+L31 -> 19.316561 | E32: 7.7 | F32: =F31-C32 -> 39.927696 | G32: 2.193 | H32: =(F32/448.8)/(3.14*((G32/12)^2)/4) -> 3.393415 | I32: =IF(G32>5,$B$5,IF(5>=G32>1.5,$B$6,IF(1.5>G32,$B$7,0))) -> 145 | J32: =(1050*((F32/I32)^1.852)*(E32/100)*(G32^-4.87))/2.31 -> 0.070132008 | K32: =E32*$B$10 -> 0.063489446 | L32: =-K32-J32 -> -0.13362145
A33: =A32+1 -> 11 | B33: 48.2 | C33: =(B33/$B$13)*$B$12 -> 0.13191024 | D33: =D32+L32 -> 19.18294 | E33: 7.7 | F33: =F32-C33 -> 39.795785 | G33: 2.193 | H33: =(F33/448.8)/(3.14*((G33/12)^2)/4) -> 3.382204 | I33: =IF(G33>5,$B$5,IF(5>=G33>1.5,$B$6,IF(1.5>G33,$B$7,0))) -> 145 | J33: =(1050*((F33/I33)^1.852)*(E33/100)*(G33^-4.87))/2.31 -> 0.069703509 | K33: =E33*$B$10 -> 0.063489446 | L33: =-K33-J33 -> -0.13319295
A34: =A33+1 -> 12 | B34: 38.6 | C34: =(B34/$B$13)*$B$12 -> 0.10563766 | D34: =D33+L33 -> 19.049747 | E34: 2.3 | F34: =F33-C34 -> 39.690148 | G34: 2.193 | H34: =(F34/448.8)/(3.14*((G34/12)^2)/4) -> 3.373226 | I34: =IF(G34>5,$B$5,IF(5>=G34>1.5,$B$6,IF(1.5>G34,$B$7,0))) -> 145 | J34: =(1050*((F34/I34)^1.852)*(E34/100)*(G34^-4.87))/2.31 -> 0.020718288 | K34: =E34*$B$10 -> 0.01896438 | L34: =-K34-J34 -> -0.039682668
A35: =A34+1 -> 13 | B35: 28.9 | C35: =(B35/$B$13)*$B$12 -> 0.079091407 | D35: =D34+L34 -> 19.010064 | E35: 7.7 | F35: =F34-C35 -> 39.611056 | G35: 2.193 | H35: =(F35/448.8)/(3.14*((G35/12)^2)/4) -> 3.3665041 | I35: =IF(G35>5,$B$5,IF(5>=G35>1.5,$B$6,IF(1.5>G35,$B$7,0))) -> 145 | J35: =(1050*((F35/I35)^1.852)*(E35/100)*(G35^-4.87))/2.31 -> 0.069105464 | K35: =E35*$B$10 -> 0.063489446 | L35: =-K35-J35 -> -0.13259491
... A37: =A36+1 -> 15 | B37: 9.7 | C37: =(B37/$B$13)*$B$12 -> 0.026546251 | D37: =D36+L36 -> 18.745045 | E37: 7.7 | F37: =F36-C37 -> 39.531691 | G37: 2.193 | H37: =(F37/448.8)/(3.14*((G37/12)^2)/4) -> 3.3597589 | I37: =IF(G37>5,$B$5,IF(5>=G37>1.5,$B$6,IF(1.5>G37,$B$7,0))) -> 145 | J37: =(1050*((F37/I37)^1.852)*(E37/100)*(G37^-4.87))/2.31 -> 0.068849254 | K37: =E37*$B$10 -> 0.063489446 | L37: =-K37-J37 -> -0.1323387
A38: Section A Downhill
A39: =A37+1 -> 16 | B39: 756.1 | C39: =(B39/$B$13)*$B$12 -> 2.0692392 | D39: =25 -> 25 | E39: 249.6 | F39: 42.7 | G39: 2.193 | H39: =(F39/448.8)/(3.14*((G39/12)^2)/4) -> 3.6290303 | I39: =IF(G39>5,$B$5,IF(5>=G39>1.5,$B$6,IF(1.5>G39,$B$7,0))) -> 145 | J39: =(1050*((F39/I39)^1.852)*(E39/100)*(G39^-4.87))/2.31 -> 2.5743207 | K39: =E39*$B$10 -> 2.0580475 | L39: =-K39-J39 -> -4.6323682
A40: =A39+1 -> 17 | B40: 736.6 | C40: =(B40/$B$13)*$B$12 -> 2.015873 | D40: =D39+L39 -> 20.367632 | E40: 7.7 | F40: =F39-C40 -> 40.684127 | G40: 2.193 | H40: =(F40/448.8)/(3.14*((G40/12)^2)/4) -> 3.4577033 | I40: =IF(G40>5,$B$5,IF(5>=G40>1.5,$B$6,IF(1.5>G40,$B$7,0))) -> 145 | J40: =(1050*((F40/I40)^1.852)*(E40/100)*(G40^-4.87))/2.31 -> 0.072612513 | K40: =E40*$B$10 -> 0.063489446 | L40: =-K40-J40 -> -0.13610196
A41: =A40+1 -> 18 | B41: 717.1 | C41: =(B41/$B$13)*$B$12 -> 1.9625068 | D41: =D40+L40 -> 20.23153 | E41: 7.7 | F41: =F40-C41 -> 38.72162 | G41: 2.193 | H41: =(F41/448.8)/(3.14*((G41/12)^2)/4) -> 3.2909118 | I41: =IF(G41>5,$B$5,IF(5>=G41>1.5,$B$6,IF(1.5>G41,$B$7,0))) -> 145 | J41: =(1050*((F41/I41)^1.852)*(E41/100)*(G41^-4.87))/2.31 -> 0.066259215 | K41: =E41*$B$10 -> 0.063489446 | L41: =-K41-J41 -> -0.12974866
A42: =A41+1 -> 19 | B42: 697.6 | C42: =(B42/$B$13)*$B$12 -> 1.9091407 | D42: =D41+L41 -> 20.101781 | E42: 7.7 | F42: =F41-C42 -> 36.812479 | G42: 2.193 | H42: =(F42/448.8)/(3.14*((G42/12)^2)/4) -> 3.1286559 | I42: =IF(G42>5,$B$5,IF(5>=G42>1.5,$B$6,IF(1.5>G42,$B$7,0))) -> 145 | J42: =(1050*((F42/I42)^1.852)*(E42/100)*(G42^-4.87))/2.31 -> 0.060336378 | K42: =E42*$B$10 -> 0.063489446 | L42: =-K42-J42 -> -0.12382582
A43: =A42+1 -> 20 | B43: 678.1 | C43: =(B43/$B$13)*$B$12 -> 1.8557745 | D43: =D42+L42 -> 19.977955 | E43: 7.7 | F43: =F42-C43 -> 34.956705 | G43: 2.193 | H43: =(F43/448.8)/(3.14*((G43/12)^2)/4) -> 2.9709354 | I43: =IF(G43>5,$B$5,IF(5>=G43>1.5,$B$6,IF(1.5>G43,$B$7,0))) -> 145 | J43: =(1050*((F43/I43)^1.852)*(E43/100)*(G43^-4.87))/2.31 -> 0.05482452 | K43: =E43*$B$10 -> 0.063489446 | L43: =-K43-J43 -> -0.11831397
A44: =A43+1 -> 21 | B44: 658.6 | C44: =(B44/$B$13)*$B$12 -> 1.8024083 | D44: =D43+L43 -> 19.859641 | E44: 7.7 | F44: =F43-C44 -> 33.154297 | G44: 2.193 | H44: =(F44/448.8)/(3.14*((G44/12)^2)/4) -> 2.8177505 | I44: =IF(G44>5,$B$5,IF(5>=G44>1.5,$B$6,IF(1.5>G44,$B$7,0))) -> 145 | J44: =(1050*((F44/I44)^1.852)*(E44/100)*(G44^-4.87))/2.31 -> 0.049704546 | K44: =E44*$B$10 -> 0.063489446 | L44: =-K44-J44 -> -0.11319399
A45: =A44+1 -> 22 | B45: 639 | C45: =(B45/$B$13)*$B$12 -> 1.7487685 | D45: =D44+L44 -> 19.746447 | E45: 7.7 | F45: =F44-C45 -> 31.405528 | G45: 2.193 | H45: =(F45/448.8)/(3.14*((G45/12)^2)/4) -> 2.6691245 | I45: =IF(G45>5,$B$5,IF(5>=G45>1.5,$B$6,IF(1.5>G45,$B$7,0))) -> 145 | J45: =(1050*((F45/I45)^1.852)*(E45/100)*(G45^-4.87))/2.31 -> 0.044958485 | K45: =E45*$B$10 -> 0.063489446 | L45: =-K45-J45 -> -0.10844793
A46: =A45+1 -> 23 | B46: 619.5 | C46: =(B46/$B$13)*$B$12 -> 1.6954023 | D46: =D45+L45 -> 19.637999 | E46: 7.7 | F46: =F45-C46 -> 29.710126 | G46: 2.193 | H46: =(F46/448.8)/(3.14*((G46/12)^2)/4) -> 2.5250339 | I46: =IF(G46>5,$B$5,IF(5>=G46>1.5,$B$6,IF(1.5>G46,$B$7,0))) -> 145 | J46: =(1050*((F46/I46)^1.852)*(E46/100)*(G46^-4.87))/2.31 -> 0.040567242 | K46: =E46*$B$10 -> 0.063489446 | L46: =-K46-J46 -> -0.10405669
A47: =A46+1 -> 24 | B47: 600 | C47: =(B47/$B$13)*$B$12 -> 1.6420361 | D47: =D46+L46 -> 19.533943 | E47: 7.7 | F47: =F46-C47 -> 28.06809 | G47: 2.193 | H47: =(F47/448.8)/(3.14*((G47/12)^2)/4) -> 2.3854789 | I47: =IF(G47>5,$B$5,IF(5>=G47>1.5,$B$6,IF(1.5>G47,$B$7,0))) -> 145 | J47: =(1050*((F47/I47)^1.852)*(E47/100)*(G47^-4.87))/2.31 -> 0.036512921 | K47: =E47*$B$10 -> 0.063489446 | L47: =-K47-J47 -> -0.10000237
A48: =A47+1 -> 25 | B48: 580.5 | C48: =(B48/$B$13)*$B$12 -> 1.58867 | D48: =D47+L47 -> 19.43394 | E48: 7.7 | F48: =F47-C48 -> 26.47942 | G48: 2.193 | H48: =(F48/448.8)/(3.14*((G48/12)^2)/4) -> 2.2504594 | I48: =IF(G48>5,$B$5,IF(5>=G48>1.5,$B$6,IF(1.5>G48,$B$7,0))) -> 145 | J48: =(1050*((F48/I48)^1.852)*(E48/100)*(G48^-4.87))/2.31 -> 0.03277803 | K48: =E48*$B$10 -> 0.063489446 | L48: =-K48-J48 -> -0.096267476
A49: =A48+1 -> 26 | B49: 561 | C49: =(B49/$B$13)*$B$12 -> 1.5353038 | D49: =D48+L48 -> 19.337673 | E49: 7.7 | F49: =F48-C49 -> 24.944116 | G49: 2.193 | H49: =(F49/448.8)/(3.14*((G49/12)^2)/4) -> 2.1199755 | I49: =IF(G49>5,$B$5,IF(5>=G49>1.5,$B$6,IF(1.5>G49,$B$7,0))) -> 145 | J49: =(1050*((F49/I49)^1.852)*(E49/100)*(G49^-4.87))/2.31 -> 0.029345487 | K49: =E49*$B$10 -> 0.063489446 | L49: =-K49-J49 -> -0.092834933
A50: =A49+1 -> 27 | B50: 548.9 | C50: =(B50/$B$13)*$B$12 -> 1.5021894 | D50: =D49+L49 -> 19.244838 | E50: 7.7 | F50: =F49-C50 -> 23.441927 | G50: 2.193 | H50: =(F50/448.8)/(3.14*((G50/12)^2)/4) -> 1.9923059 | I50: =IF(G50>5,$B$5,IF(5>=G50>1.5,$B$6,IF(1.5>G50,$B$7,0))) -> 145 | J50: =(1050*((F50/I50)^1.852)*(E50/100)*(G50^-4.87))/2.31 -> 0.026156761 | K50: =E50*$B$10 -> 0.063489446 | L50: =-K50-J50 -> -0.089646207
A51: =A50+1 -> 28 | B51: 541.8 | C51: =(B51/$B$13)*$B$12 -> 1.4827586 | D51: =D50+L50 -> 19.155192 | E51: 7.7 | F51: =F50-C51 -> 21.959168 | G51: 2.193 | H51: =(F51/448.8)/(3.14*((G51/12)^2)/4) -> 1.8662878 | I51: =IF(G51>5,$B$5,IF(5>=G51>1.5,$B$6,IF(1.5>G51,$B$7,0))) -> 145 | J51: =(1050*((F51/I51)^1.852)*(E51/100)*(G51^-4.87))/2.31 -> 0.023175493 | K51: =E51*$B$10 -> 0.063489446 | L51: =-K51-J51 -> -0.086664939
... A54: =A53+1 -> 31 | B54: 520.6 | C54: =(B54/$B$13)*$B$12 -> 1.42474 | D54: =D53+L53 -> 18.903334 | E54: 7.7 | F54: =F53-C54 -> 17.628298 | G54: 2.193 | H54: =(F54/448.8)/(3.14*((G54/12)^2)/4) -> 1.4982114 | I54: =IF(G54>5,$B$5,IF(5>=G54>1.5,$B$6,IF(1.5>G54,$B$7,0))) -> 145 | J54: =(1050*((F54/I54)^1.852)*(E54/100)*(G54^-4.87))/2.31 -> 0.015429007 | K54: =E54*$B$10 -> 0.063489446 | L54: =-K54-J54 -> -0.078918453
A55: Section B | I55: =IF(G55>5,$B$5,IF(5>=G55>1.5,$B$6,IF(1.5>G55,$B$7,0))) -> 145
A56: =A54+1 -> 32 | B56: 503.8 | C56: =(B56/$B$13)*$B$12 -> 1.378763 | D56: =D54+L54 -> 18.824415 | E56: 12.4 | F56: =42.7-((F39-F54)+(F23-F37)) -> 14.855993 | G56: 1.72 | H56: =(F56/448.8)/(3.14*((G56/12)^2)/4) -> 2.0525077 | I56: =IF(G56>5,$B$5,IF(5>=G56>1.5,$B$6,IF(1.5>G56,$B$7,0))) -> 145 | J56: =(1050*((F56/I56)^1.852)*(E56/100)*(G56^-4.87))/2.31 -> 0.059085903 | K56: =E56*$B$10 -> 0.10224274 | L56: =-K56-J56 -> -0.16132865
A57: =A56+1 -> 33 | B57: 487.1 | C57: =(B57/$B$13)*$B$12 -> 1.3330597 | D57: =D56+L56 -> 18.663086 | E57: 12.5 | F57: =F56-C57 -> 13.522934 | G57: 1.72 | H57: =(F57/448.8)/(3.14*((G57/12)^2)/4) -> 1.8683318 | I57: =IF(G57>5,$B$5,IF(5>=G57>1.5,$B$6,IF(1.5>G57,$B$7,0))) -> 145 | J57: =(1050*((F57/I57)^1.852)*(E57/100)*(G57^-4.87))/2.31 -> 0.050044183 | K57: =E57*$B$10 -> 0.10306728 | L57: =-K57-J57 -> -0.15311147
A58: =A57+1 -> 34 | B58: 470.4 | C58: =(B58/$B$13)*$B$12 -> 1.2873563 | D58: =D57+L57 -> 18.509975 | E58: 12.5 | F58: =F57-C58 -> 12.235577 | G58: 1.72 | H58: =(F58/448.8)/(3.14*((G58/12)^2)/4) -> 1.6904704 | I58: =IF(G58>5,$B$5,IF(5>=G58>1.5,$B$6,IF(1.5>G58,$B$7,0))) -> 145 | J58: =(1050*((F58/I58)^1.852)*(E58/100)*(G58^-4.87))/2.31 -> 0.041580602 | K58: =E58*$B$10 -> 0.10306728 | L58: =-K58-J58 -> -0.14464788
A59: =A58+1 -> 35 | B59: 453.6 | C59: =(B59/$B$13)*$B$12 -> 1.2413793 | D59: =D58+L58 -> 18.365327 | E59: 12.5 | F59: =F58-C59 -> 10.994198 | G59: 1.72 | H59: =(F59/448.8)/(3.14*((G59/12)^2)/4) -> 1.5189611 | I59: =IF(G59>5,$B$5,IF(5>=G59>1.5,$B$6,IF(1.5>G59,$B$7,0))) -> 145 | J59: =(1050*((F59/I59)^1.852)*(E59/100)*(G59^-4.87))/2.31 -> 0.034107129 | K59: =E59*$B$10 -> 0.10306728 | L59: =-K59-J59 -> -0.13717441
A60: =A59+1 -> 36 | B60: 436.9 | C60: =(B60/$B$13)*$B$12 -> 1.195676 | D60: =D59+L59 -> 18.228153 | E60: 12.5 | F60: =F59-C60 -> 9.7985222 | G60: 1.72 | H60: =(F60/448.8)/(3.14*((G60/12)^2)/4) -> 1.3537662 | I60: =IF(G60>5,$B$5,IF(5>=G60>1.5,$B$6,IF(1.5>G60,$B$7,0))) -> 145 | J60: =(1050*((F60/I60)^1.852)*(E60/100)*(G60^-4.87))/2.31 -> 0.027557489 | K60: =E60*$B$10 -> 0.10306728 | L60: =-K60-J60 -> -0.13062477
A61: =A60+1 -> 37 | B61: 420.2 | C61: =(B61/$B$13)*$B$12 -> 1.1499726 | D61: =D60+L60 -> 18.097528 | E61: 12.5 | F61: =F60-C61 -> 8.6485495 | G61: 1.72 | H61: =(F61/448.8)/(3.14*((G61/12)^2)/4) -> 1.1948857 | I61: =IF(G61>5,$B$5,IF(5>=G61>1.5,$B$6,IF(1.5>G61,$B$7,0))) -> 145 | J61: =(1050*((F61/I61)^1.852)*(E61/100)*(G61^-4.87))/2.31 -> 0.021869014 | K61: =E61*$B$10 -> 0.10306728 | L61: =-K61-J61 -> -0.1249363
A62: =A61+1 -> 38 | B62: 403.4 | C62: =(B62/$B$13)*$B$12 -> 1.1039956 | D62: =D61+L61 -> 17.972592 | E62: 12.5 | F62: =F61-C62 -> 7.5445539 | G62: 1.72 | H62: =(F62/448.8)/(3.14*((G62/12)^2)/4) -> 1.0423574 | I62: =IF(G62>5,$B$5,IF(5>=G62>1.5,$B$6,IF(1.5>G62,$B$7,0))) -> 145 | J62: =(1050*((F62/I62)^1.852)*(E62/100)*(G62^-4.87))/2.31 -> 0.016981952 | K62: =E62*$B$10 -> 0.10306728 | L62: =-K62-J62 -> -0.12004923
A63: =A62+1 -> 39 | B63: 380.4 | C63: =(B63/$B$13)*$B$12 -> 1.0410509 | D63: =D62+L62 -> 17.852542 | E63: 12.5 | F63: =F62-C63 -> 6.503503 | G63: 1.72 | H63: =(F63/448.8)/(3.14*((G63/12)^2)/4) -> 0.89852557 | I63: =IF(G63>5,$B$5,IF(5>=G63>1.5,$B$6,IF(1.5>G63,$B$7,0))) -> 145 | J63: =(1050*((F63/I63)^1.852)*(E63/100)*(G63^-4.87))/2.31 -> 0.012899092 | K63: =E63*$B$10 -> 0.10306728 | L63: =-K63-J63 -> -0.11596637
A64: Section C | I64: =IF(G64>5,$B$5,IF(5>=G64>1.5,$B$6,IF(1.5>G64,$B$7,0))) -> 145
A65: =A63+1 -> 40 | B65: 325.3 | C65: =(B65/$B$13)*$B$12 -> 0.89025725 | D65: =D63+L63 -> 17.736576 | E65: =6.2+15 -> 21.2 | F65: =F63-C65 -> 5.6132458 | G65: 1.72 | H65: =(F65/448.8)/(3.14*((G65/12)^2)/4) -> 0.77552741 | I65: =IF(G65>5,$B$5,IF(5>=G65>1.5,$B$6,IF(1.5>G65,$B$7,0))) -> 145 | J65: =(1050*((F65/I65)^1.852)*(E65/100)*(G65^-4.87))/2.31 -> 0.016656377 | K65: =E65*$B$10 -> 0.17480211 | L65: =-K65-J65 -> -0.19145849
A66: =A65+1 -> 41 | B66: 260.5 | C66: =(B66/$B$13)*$B$12 -> 0.71291735 | D66: =D65+L65 -> 17.545118 | E66: 30 | F66: =F65-C66 -> 4.9003284 | G66: 1.72 | H66: =(F66/448.8)/(3.14*((G66/12)^2)/4) -> 0.67703057 | I66: =IF(G66>5,$B$5,IF(5>=G66>1.5,$B$6,IF(1.5>G66,$B$7,0))) -> 145 | J66: =(1050*((F66/I66)^1.852)*(E66/100)*(G66^-4.87))/2.31 -> 0.018328146 | K66: =E66*$B$10 -> 0.24736148 | L66: =-K66-J66 -> -0.26568962
A67: =A66+1 -> 42 | B67: 193.7 | C67: =(B67/$B$13)*$B$12 -> 0.530104 | D67: =D66+L66 -> 17.279428 | E67: 30 | F67: =F66-C67 -> 4.3702244 | G67: 1.72 | H67: =(F67/448.8)/(3.14*((G67/12)^2)/4) -> 0.60379127 | I67: =IF(G67>5,$B$5,IF(5>=G67>1.5,$B$6,IF(1.5>G67,$B$7,0))) -> 145 | J67: =(1050*((F67/I67)^1.852)*(E67/100)*(G67^-4.87))/2.31 -> 0.014826356 | K67: =E67*$B$10 -> 0.24736148 | L67: =-K67-J67 -> -0.26218783
A68: =A67+1 -> 43 | B68: 126.3 | C68: =(B68/$B$13)*$B$12 -> 0.3456486 | D68: =D67+L67 -> 17.01724 | E68: 30 | F68: =F67-C68 -> 4.0245758 | G68: 1.72 | H68: =(F68/448.8)/(3.14*((G68/12)^2)/4) -> 0.55603638 | I68: =IF(G68>5,$B$5,IF(5>=G68>1.5,$B$6,IF(1.5>G68,$B$7,0))) -> 145 | J68: =(1050*((F68/I68)^1.852)*(E68/100)*(G68^-4.87))/2.31 -> 0.012728087 | K68: =E68*$B$10 -> 0.24736148 | L68: =-K68-J68 -> -0.26008956
A69: =A68+1 -> 44 | B69: 58.9 | C69: =(B69/$B$13)*$B$12 -> 0.16119321 | D69: =D68+L68 -> 16.757151 | E69: 30 | F69: =F68-C69 -> 3.8633826 | G69: 1.72 | H69: =(F69/448.8)/(3.14*((G69/12)^2)/4) -> 0.53376588 | I69: =IF(G69>5,$B$5,IF(5>=G69>1.5,$B$6,IF(1.5>G69,$B$7,0))) -> 145 | J69: =(1050*((F69/I69)^1.852)*(E69/100)*(G69^-4.87))/2.31 -> 0.011800101 | K69: =E69*$B$10 -> 0.24736148 | L69: =-K69-J69 -> -0.25916158
C71: Min P | D71: =MIN(D65:D69,D56:D63,D39:D54,D22:D37) -> 16.757151 | E71: PSI
C72: Max P | D72: =MAX(D65:D69,D56:D63,D39:D54,D22:D37) -> 25 | E72: PSI
C73: Avg. P, PSI | D73: =AVERAGE(D65:D69,D56:D63,D39:D54,D23:D37) -> 19.319083 | E73: PSI
B74: Total GPM | D74: =SUM(C65:C69,C56:C63,C39:C54,C23:C37) -> 42.680624
B75: Sub-Main Length, ft | D75: =SUM(E65:E69,E56:E63,E39:E54) -> 606.2

Sheet Block 6 Readjustment
A1: Block 6
A3: Lateral Size and Pressure for the Longest run
C5: =Design!G156 -> 50.816667 | D5: GPM/block
C6: 0.5 | D6: GPH/emitter
C7: 2 | D7: emitter/vine
C8: =Design!G154 -> 3049 | D8: # Vines
C9: =C8*C7 -> 6098 | D9: # of emitters
C10: 0.03 | D10: Manufacturing cv
C11: 138 | D11: C-value for hose
C12: 3 | D12: ft,emitter spacing
C13: =C12+(C12*0.015) -> 3.045 | D13: ft, distance between emitters with 1.5% extra provided for temperature
D14: expansion and contraction of hose.
C16: 15 | D16: Rows
C17: 1530.6 | D17: Ft, Longest Row
C18: 10 | D18: ft, worst case change in Elevation
C19: =C18/C17 -> 0.0065333856 | D19: Ft/Ft, Elevation Change worst case
C20: =ROUNDDOWN(C17/C13,0) -> 502 | D20: Emitter on this line
C21: =(C20*C6)/60 -> 4.1833333 | D21: GPM, Flow Rate Needed on line
C26: Chg. Elev = Length * ft/ft (elevation change worst case)
C27: Chg. P = Chg. Elev + Hf
A29: Uphill Section
A30: Emitter | B30: Point P psi | C30: Elev. Ft | D30: Length ft | E30: GPM | F30: Hose ID, in | G30: Hf (psi) | H30: Chg. Elev (psi) | I30: Chg. P (psi)
A32: 1 | B32: 25 | C32: 3083 | D32: =$C$13 -> 3.045 | E32: =C21 -> 4.1833333 | F32: 0.72 | G32: =(1050*((E32/$C$11)^1.852)*(D32/100)*(F32^-4.87))/2.31 -> 0.10567175 | H32: =(D32*$C$19)/2.31 -> 0.0086121901 | I32: =-H32-G32 -> -0.11428394
A33: =A32+1 -> 2 | B33: =B32+I32 -> 24.885716 | C33: =C32+H32*2.31 -> 3083.0199 | D33: =$C$13 -> 3.045 | E33: =E32-($C$6/60) -> 4.175 | F33: 0.72 | G33: =(1050*((E33/$C$11)^1.852)*(D33/100)*(F33^-4.87))/2.31 -> 0.10528223 | H33: =(D33*$C$19)/2.31 -> 0.0086121901 | I33: =-H33-G33 -> -0.11389442
A34: =A33+1 -> 3 | B34: =B33+I33 -> 24.771822 | C34: =C33+H33*2.31 -> 3083.0398 | D34: =$C$13 -> 3.045 | E34: =E33-($C$6/60) -> 4.1666667 | F34: 0.72 | G34: =(1050*((E34/$C$11)^1.852)*(D34/100)*(F34^-4.87))/2.31 -> 0.10489338 | H34: =(D34*$C$19)/2.31 -> 0.0086121901 | I34: =-H34-G34 -> -0.11350557
A35: =A34+1 -> 4 | B35: =B34+I34 -> 24.658316 | C35: =C34+H34*2.31 -> 3083.0597 | D35: =$C$13 -> 3.045 | E35: =E34-($C$6/60) -> 4.1583333 | F35: 0.72 | G35: =(1050*((E35/$C$11)^1.852)*(D35/100)*(F35^-4.87))/2.31 -> 0.10450518 | H35: =(D35*$C$19)/2.31 -> 0.0086121901 | I35: =-H35-G35 -> -0.11311737
A36: =A35+1 -> 5 | B36: =B35+I35 -> 24.545199 | C36: =C35+H35*2.31 -> 3083.0796 | D36: =$C$13 -> 3.045 | E36: =E35-($C$6/60) -> 4.15 | F36: 0.72 | G36: =(1050*((E36/$C$11)^1.852)*(D36/100)*(F36^-4.87))/2.31 -> 0.10411765 | H36: =(D36*$C$19)/2.31 -> 0.0086121901 | I36: =-H36-G36 -> -0.11272984
A37: =A36+1 -> 6 | B37: =B36+I36 -> 24.432469 | C37: =C36+H36*2.31 -> 3083.0995 | D37: =$C$13 -> 3.045 | E37: =E36-($C$6/60) -> 4.1416667 | F37: 0.72 | G37: =(1050*((E37/$C$11)^1.852)*(D37/100)*(F37^-4.87))/2.31 -> 0.10373078 | H37: =(D37*$C$19)/2.31 -> 0.0086121901 | I37: =-H37-G37 -> -0.11234297
A38: =A37+1 -> 7 | B38: =B37+I37 -> 24.320126 | C38: =C37+H37*2.31 -> 3083.1194 | D38: =$C$13 -> 3.045 | E38: =E37-($C$6/60) -> 4.1333333 | F38: 0.72 | G38: =(1050*((E38/$C$11)^1.852)*(D38/100)*(F38^-4.87))/2.31 -> 0.10334458 | H38: =(D38*$C$19)/2.31 -> 0.0086121901 | I38: =-H38-G38 -> -0.11195677
A39: =A38+1 -> 8 | B39: =B38+I38 -> 24.208169 | C39: =C38+H38*2.31 -> 3083.1393 | D39: =$C$13 -> 3.045 | E39: =E38-($C$6/60) -> 4.125 | F39: 0.72 | G39: =(1050*((E39/$C$11)^1.852)*(D39/100)*(F39^-4.87))/2.31 -> 0.10295903 | H39: =(D39*$C$19)/2.31 -> 0.0086121901 | I39: =-H39-G39 -> -0.11157122
A40: =A39+1 -> 9 | B40: =B39+I39 -> 24.096598 | C40: =C39+H39*2.31 -> 3083.1592 | D40: =$C$13 -> 3.045 | E40: =E39-($C$6/60) -> 4.1166667 | F40: 0.72 | G40: =(1050*((E40/$C$11)^1.852)*(D40/100)*(F40^-4.87))/2.31 -> 0.10257415 | H40: =(D40*$C$19)/2.31 -> 0.0086121901 | I40: =-H40-G40 -> -0.11118634
A41: =A40+1 -> 10 | B41: =B40+I40 -> 23.985412 | C41: =C40+H40*2.31 -> 3083.179 | D41: =$C$13 -> 3.045 | E41: =E40-($C$6/60) -> 4.1083333 | F41: 0.72 | G41: =(1050*((E41/$C$11)^1.852)*(D41/100)*(F41^-4.87))/2.31 -> 0.10218993 | H41: =(D41*$C$19)/2.31 -> 0.0086121901 | I41: =-H41-G41 -> -0.11080212
A42: =A41+1 -> 11 | B42: =B41+I41 -> 23.874609 | C42: =C41+H41*2.31 -> 3083.1989 | D42: =$C$13 -> 3.045 | E42: =E41-($C$6/60) -> 4.1 | F42: 0.72 | G42: =(1050*((E42/$C$11)^1.852)*(D42/100)*(F42^-4.87))/2.31 -> 0.10180638 | H42: =(D42*$C$19)/2.31 -> 0.0086121901 | I42: =-H42-G42 -> -0.11041857
A43: =A42+1 -> 12 | B43: =B42+I42 -> 23.764191 | C43: =C42+H42*2.31 -> 3083.2188 | D43: =$C$13 -> 3.045 | E43: =E42-($C$6/60) -> 4.0916667 | F43: 0.72 | G43: =(1050*((E43/$C$11)^1.852)*(D43/100)*(F43^-4.87))/2.31 -> 0.10142349 | H43: =(D43*$C$19)/2.31 -> 0.0086121901 | I43: =-H43-G43 -> -0.11003568
A44: =A43+1 -> 13 | B44: =B43+I43 -> 23.654155 | C44: =C43+H43*2.31 -> 3083.2387 | D44: =$C$13 -> 3.045 | E44: =E43-($C$6/60) -> 4.0833333 | F44: 0.72 | G44: =(1050*((E44/$C$11)^1.852)*(D44/100)*(F44^-4.87))/2.31 -> 0.10104126 | H44: =(D44*$C$19)/2.31 -> 0.0086121901 | I44: =-H44-G44 -> -0.10965345
... A154: =A153+1 -> 123 | B154: =B153+I153 -> 13.735165 | C154: =C153+H153*2.31 -> 3085.4271 | D154: =$C$13 -> 3.045 | E154: =E153-($C$6/60) -> 3.1666667 | F154: 0.72 | G154: =(1050*((E154/$C$11)^1.852)*(D154/100)*(F154^-4.87))/2.31 -> 0.063097891 | H154: =(D154*$C$19)/2.31 -> 0.0086121901 | I154: =-H154-G154 -> -0.071710081
A155: =A154+1 -> 124 | B155: =B154+I154 -> 13.663455 | C155: 3085 | D155: =$C$13 -> 3.045 | E155: =E154-($C$6/60) -> 3.1583333 | F155: 0.72 | G155: =(1050*((E155/$C$11)^1.852)*(D155/100)*(F155^-4.87))/2.31 -> 0.062790717 | H155: =(D155*$C$19)/2.31 -> 0.0086121901 | I155: =-H155-G155 -> -0.071402907
A156: =A155+1 -> 125 | B156: =B155+I155 -> 13.592052 | C156: =C155-H155*2.31 -> 3084.9801 | D156: =$C$13 -> 3.045 | E156: =E155-($C$6/60) -> 3.15 | F156: 0.72 | G156: =(1050*((E156/$C$11)^1.852)*(D156/100)*(F156^-4.87))/2.31 -> 0.062484232 | H156: =(D156*$C$19)/2.31 -> 0.0086121901 | I156: =-H156-G156 -> -0.071096422
A157: =A156+1 -> 126 | B157: =B156+I156 -> 13.520955 | C157: =C156-H156*2.31 -> 3084.9602 | D157: =$C$13 -> 3.045 | E157: =E156-($C$6/60) -> 3.1416667 | F157: 0.72 | G157: =(1050*((E157/$C$11)^1.852)*(D157/100)*(F157^-4.87))/2.31 -> 0.062178437 | H157: =(D157*$C$19)/2.31 -> 0.0086121901 | I157: =-H157-G157 -> -0.070790627
A158: =A157+1 -> 127 | B158: =B157+I157 -> 13.450165 | C158: =C157-H157*2.31 -> 3084.9403 | D158: =$C$13 -> 3.045 | E158: =E157-($C$6/60) -> 3.1333333 | F158: 0.72 | G158: =(1050*((E158/$C$11)^1.852)*(D158/100)*(F158^-4.87))/2.31 -> 0.061873333 | H158: =(D158*$C$19)/2.31 -> 0.0086121901 | I158: =-H158-G158 -> -0.070485523
A159: =A158+1 -> 128 | B159: =B158+I158 -> 13.379679 | C159: =C158-H158*2.31 -> 3084.9204 | D159: =$C$13 -> 3.045 | E159: =E158-($C$6/60) -> 3.125 | F159: 0.72 | G159: =(1050*((E159/$C$11)^1.852)*(D159/100)*(F159^-4.87))/2.31 -> 0.061568919 | H159: =(D159*$C$19)/2.31 -> 0.0086121901 | I159: =-H159-G159 -> -0.070181109
A160: =A159+1 -> 129 | B160: =B159+I159 -> 13.309498 | C160: =C159-H159*2.31 -> 3084.9005 | D160: =$C$13 -> 3.045 | E160: =E159-($C$6/60) -> 3.1166667 | F160: 0.72 | G160: =(1050*((E160/$C$11)^1.852)*(D160/100)*(F160^-4.87))/2.31 -> 0.061265196 | H160: =(D160*$C$19)/2.31 -> 0.0086121901 | I160: =-H160-G160 -> -0.069877387
A161: =A160+1 -> 130 | B161: =B160+I160 -> 13.239621 | C161: =C160-H160*2.31 -> 3084.8806 | D161: =$C$13 -> 3.045 | E161: =E160-($C$6/60) -> 3.1083333 | F161: 0.72 | G161: =(1050*((E161/$C$11)^1.852)*(D161/100)*(F161^-4.87))/2.31 -> 0.060962165 | H161: =(D161*$C$19)/2.31 -> 0.0086121901 | I161: =-H161-G161 -> -0.069574355
A162: =A161+1 -> 131 | B162: =B161+I161 -> 13.170046 | C162: =C161-H161*2.31 -> 3084.8607 | D162: =$C$13 -> 3.045 | E162: =E161-($C$6/60) -> 3.1 | F162: 0.72 | G162: =(1050*((E162/$C$11)^1.852)*(D162/100)*(F162^-4.87))/2.31 -> 0.060659824 | H162: =(D162*$C$19)/2.31 -> 0.0086121901 | I162: =-H162-G162 -> -0.069272014
A163: =A162+1 -> 132 | B163: =B162+I162 -> 13.100774 | C163: =C162-H162*2.31 -> 3084.8408 | D163: =$C$13 -> 3.045 | E163: =E162-($C$6/60) -> 3.0916667 | F163: 0.72 | G163: =(1050*((E163/$C$11)^1.852)*(D163/100)*(F163^-4.87))/2.31 -> 0.060358175 | H163: =(D163*$C$19)/2.31 -> 0.0086121901 | I163: =-H163-G163 -> -0.068970366
A164: =A163+1 -> 133 | B164: =B163+I163 -> 13.031804 | C164: =C163-H163*2.31 -> 3084.821 | D164: =$C$13 -> 3.045 | E164: =E163-($C$6/60) -> 3.0833333 | F164: 0.72 | G164: =(1050*((E164/$C$11)^1.852)*(D164/100)*(F164^-4.87))/2.31 -> 0.060057219 | H164: =(D164*$C$19)/2.31 -> 0.0086121901 | I164: =-H164-G164 -> -0.068669409
A165: =A164+1 -> 134 | B165: =B164+I164 -> 12.963134 | C165: =C164-H164*2.31 -> 3084.8011 | D165: =$C$13 -> 3.045 | E165: =E164-($C$6/60) -> 3.075 | F165: 0.72 | G165: =(1050*((E165/$C$11)^1.852)*(D165/100)*(F165^-4.87))/2.31 -> 0.059756954 | H165: =(D165*$C$19)/2.31 -> 0.0086121901 | I165: =-H165-G165 -> -0.068369144
A166: =A165+1 -> 135 | B166: =B165+I165 -> 12.894765 | C166: =C165-H165*2.31 -> 3084.7812 | D166: =$C$13 -> 3.045 | E166: =E165-($C$6/60) -> 3.0666667 | F166: 0.72 | G166: =(1050*((E166/$C$11)^1.852)*(D166/100)*(F166^-4.87))/2.31 -> 0.059457382 | H166: =(D166*$C$19)/2.31 -> 0.0086121901 | I166: =-H166-G166 -> -0.068069572
A167: =A166+1 -> 136 | B167: =B166+I166 -> 12.826696 | C167: =C166-H166*2.31 -> 3084.7613 | D167: =$C$13 -> 3.045 | E167: =E166-($C$6/60) -> 3.0583333 | F167: 0.72 | G167: =(1050*((E167/$C$11)^1.852)*(D167/100)*(F167^-4.87))/2.31 -> 0.059158503 | H167: =(D167*$C$19)/2.31 -> 0.0086121901 | I167: =-H167-G167 -> -0.067770693
... A228: =A227+1 -> 197 | B228: =B227+I227 -> 9.2132591 | C228: =C227-H227*2.31 -> 3083.5477 | D228: =$C$13 -> 3.045 | E228: =E227-($C$6/60) -> 2.55 | F228: 0.72 | G228: =(1050*((E228/$C$11)^1.852)*(D228/100)*(F228^-4.87))/2.31 -> 0.04224854 | H228: =(D228*$C$19)/2.31 -> 0.0086121901 | I228: =-H228-G228 -> -0.05086073
B230: Min P | C230: =MIN(B32:B228) -> 9.2132591 | D230: psi
B231: Max P | C231: =MAX(B32:B228) -> 25 | D231: psi
B232: Chg. In P | C232: =C231-C230 -> 15.786741 | D232: psi
A234: Downhill Section
A235: Emitter | B235: Point P psi | C235: Elev. Ft | D235: Length ft | E235: GPM | F235: Hose ID, in | G235: Hf (psi) | H235: Chg. Elev (psi) | I235: Chg. P (psi)
A236: =A228+1 -> 198 | B236: 25 | C236: =C228-H228*2.31 -> 3083.5278 | D236: =$C$13 -> 3.045 | E236: =E228-($C$6/60) -> 2.5416667 | F236: 0.72 | G236: =(1050*((E236/$C$11)^1.852)*(D236/100)*(F236^-4.87))/2.31 -> 0.041993196 | H236: =(D236*$C$19)/2.31 -> 0.0086121901 | I236: =H236-G236 -> -0.033381006
A237: =A236+1 -> 199 | B237: =B236+I236 -> 24.966619 | C237: =C236-H236*2.31 -> 3083.5079 | D237: =$C$13 -> 3.045 | E237: =E236-($C$6/60) -> 2.5333333 | F237: 0.72 | G237: =(1050*((E237/$C$11)^1.852)*(D237/100)*(F237^-4.87))/2.31 -> 0.041738564 | H237: =(D237*$C$19)/2.31 -> 0.0086121901 | I237: =H237-G237 -> -0.033126374
A238: =A237+1 -> 200 | B238: =B237+I237 -> 24.933493 | C238: =C237-H237*2.31 -> 3083.488 | D238: =$C$13 -> 3.045 | E238: =E237-($C$6/60) -> 2.525 | F238: 0.72 | G238: =(1050*((E238/$C$11)^1.852)*(D238/100)*(F238^-4.87))/2.31 -> 0.041484644 | H238: =(D238*$C$19)/2.31 -> 0.0086121901 | I238: =H238-G238 -> -0.032872454
A239: =A238+1 -> 201 | B239: =B238+I238 -> 24.90062 | C239: =C238-H238*2.31 -> 3083.4681 | D239: =$C$13 -> 3.045 | E239: =E238-($C$6/60) -> 2.5166667 | F239: 0.72 | G239: =(1050*((E239/$C$11)^1.852)*(D239/100)*(F239^-4.87))/2.31 -> 0.041231438 | H239: =(D239*$C$19)/2.31 -> 0.0086121901 | I239: =H239-G239 -> -0.032619248
A240: =A239+1 -> 202 | B240: =B239+I239 -> 24.868001 | C240: =C239-H239*2.31 -> 3083.4483 | D240: =$C$13 -> 3.045 | E240: =E239-($C$6/60) -> 2.5083333 | F240: 0.72 | G240: =(1050*((E240/$C$11)^1.852)*(D240/100)*(F240^-4.87))/2.31 -> 0.040978945 | H240: =(D240*$C$19)/2.31 -> 0.0086121901 | I240: =H240-G240 -> -0.032366755
A241: =A240+1 -> 203 | B241: =B240+I240 -> 24.835634 | C241: =C240-H240*2.31 -> 3083.4284 | D241: =$C$13 -> 3.045 | E241: =E240-($C$6/60) -> 2.5 | F241: 0.72 | G241: =(1050*((E241/$C$11)^1.852)*(D241/100)*(F241^-4.87))/2.31 -> 0.040727166 | H241: =(D241*$C$19)/2.31 -> 0.0086121901 | I241: =H241-G241 -> -0.032114975
A242: =A241+1 -> 204 | B242: =B241+I241 -> 24.803519 | C242: =C241-H241*2.31 -> 3083.4085 | D242: =$C$13 -> 3.045 | E242: =E241-($C$6/60) -> 2.4916667 | F242: 0.72 | G242: =(1050*((E242/$C$11)^1.852)*(D242/100)*(F242^-4.87))/2.31 -> 0.0404761 | H242: =(D242*$C$19)/2.31 -> 0.0086121901 | I242: =H242-G242 -> -0.03186391
A243: =A242+1 -> 205 | B243: =B242+I242 -> 24.771655 | C243: =C242-H242*2.31 -> 3083.3886 | D243: =$C$13 -> 3.045 | E243: =E242-($C$6/60) -> 2.4833333 | F243: 0.72 | G243: =(1050*((E243/$C$11)^1.852)*(D243/100)*(F243^-4.87))/2.31 -> 0.040225749 | H243: =(D243*$C$19)/2.31 -> 0.0086121901 | I243: =H243-G243 -> -0.031613559
A244: =A243+1 -> 206 | B244: =B243+I243 -> 24.740042 | C244: =C243-H243*2.31 -> 3083.3687 | D244: =$C$13 -> 3.045 | E244: =E243-($C$6/60) -> 2.475 | F244: 0.72 | G244: =(1050*((E244/$C$11)^1.852)*(D244/100)*(F244^-4.87))/2.31 -> 0.039976113 | H244: =(D244*$C$19)/2.31 -> 0.0086121901 | I244: =H244-G244 -> -0.031363923
A245: =A244+1 -> 207 | B245: =B244+I244 -> 24.708678 | C245: =C244-H244*2.31 -> 3083.3488 | D245: =$C$13 -> 3.045 | E245: =E244-($C$6/60) -> 2.4666667 | F245: 0.72 | G245: =(1050*((E245/$C$11)^1.852)*(D245/100)*(F245^-4.87))/2.31 -> 0.039727192 | H245: =(D245*$C$19)/2.31 -> 0.0086121901 | I245: =H245-G245 -> -0.031115002
A246: =A245+1 -> 208 | B246: =B245+I245 -> 24.677563 | C246: =C245-H245*2.31 -> 3083.3289 | D246: =$C$13 -> 3.045 | E246: =E245-($C$6/60) -> 2.4583333 | F246: 0.72 | G246: =(1050*((E246/$C$11)^1.852)*(D246/100)*(F246^-4.87))/2.31 -> 0.039478987 | H246: =(D246*$C$19)/2.31 -> 0.0086121901 | I246: =H246-G246 -> -0.030866797
A247: =A246+1 -> 209 | B247: =B246+I246 -> 24.646696 | C247: =C246-H246*2.31 -> 3083.309 | D247: =$C$13 -> 3.045 | E247: =E246-($C$6/60) -> 2.45 | F247: 0.72 | G247: =(1050*((E247/$C$11)^1.852)*(D247/100)*(F247^-4.87))/2.31 -> 0.039231497 | H247: =(D247*$C$19)/2.31 -> 0.0086121901 | I247: =H247-G247 -> -0.030619307
A248: =A247+1 -> 210 | B248: =B247+I247 -> 24.616077 | C248: =C247-H247*2.31 -> 3083.2891 | D248: =$C$13 -> 3.045 | E248: =E247-($C$6/60) -> 2.4416667 | F248: 0.72 | G248: =(1050*((E248/$C$11)^1.852)*(D248/100)*(F248^-4.87))/2.31 -> 0.038984723 | H248: =(D248*$C$19)/2.31 -> 0.0086121901 | I248: =H248-G248 -> -0.030372533
... A540: =A539+1 -> 502 | B540: =B539+I539 -> 23.106232 | C540: =C539-H539*2.31 -> 3077.48 | D540: =$C$13 -> 3.045 | E540: =E539-($C$6/60) -> 0.0083333333 | F540: 0.72 | G540: =(1050*((E540/$C$11)^1.852)*(D540/100)*(F540^-4.87))/2.31 -> 1.0525812e-06 | H540: =(D540*$C$19)/2.31 -> 0.0086121901 | I540: =H540-G540 -> 0.0086111375
B542: Min P | C542: =MIN(B236:B540) -> 22.394076 | D542: psi
B543: Max P | C543: =MAX(B32:B312) -> 25 | D543: psi
B544: Chg. In P | C544: =C543-C542 -> 2.6059237 | D544: psi
A546: Place Sub-mainline | C546: =SUM(D32:D228) -> 599.865 | D546: feet, from the top of the field
A548: Sub-mainline Sizing and Pressure
B551: 150 | C551: C-value for PVC ID > 5"
B552: 145 | C552: C-value for PVC 1.5" < = ID < = 5"
B553: 140 | C553: C-value for PVC < 1.5"
B554: =C332 -> 3081.618 | C554: GPM
B555: 0 | C555: feet, Total Elevation Drop
B556: =234.5+40.7+166.3+295.8 -> 737.3 | C556: feet, Length of Sub-mainline
B557: =B555/B556 -> 0 | C557: ft/ft, Change in Elevation
B558: 0.5 | C558: GPH/emitter
B559: =B558/60 -> 0.0083333333 | C559: GPM/emitter
B560: =3.045 -> 3.045 | C560: ft, emitter spacing
A562: Section A Uphill
A563: Row | B563: Row Length ft | C563: GPM per Row | D563: Pressure PSI | E563: Length ft | F563: GPM | G563: Pipe ID, in | H563: Velocity, ft/sec | I563: C-Value | J563: Hf (psi) | K563: Chg. Elev (psi) | L563: Chg. P (psi)
A564: Inlet | B564: 0 | C564: 0 | D564: 25 | E564: 0 | F564: 27 | G564: 2.193 | H564: =(F564/448.8)/(3.14*((G564/12)^2)/4) -> 2.294703 | I564: =IF(G564>5,$B$551,IF(5>=G564>1.5,$B$552,IF(1.5>G564,$B$553,0))) -> 145 | J564: =(1050*((F564/I564)^1.852)*(E564/100)*(G564^-4.87))/2.31 -> 0 | K564: =E564*$B$557 -> 0 | L564: =-K564-J564 -> 0
A565: 1 | B565: 600 | C565: =(B565/$B$560)*$B$559 -> 1.6420361 | D565: =D564+L564 -> 25 | E565: 13.2 | F565: =F564-C565 -> 25.357964 | G565: 2.193 | H565: =(F565/448.8)/(3.14*((G565/12)^2)/4) -> 2.155148 | I565: =IF(G565>5,$B$551,IF(5>=G565>1.5,$B$552,IF(1.5>G565,$B$553,0))) -> 145 | J565: =(1050*((F565/I565)^1.852)*(E565/100)*(G565^-4.87))/2.31 -> 0.051863211 | K565: =E565*$B$557 -> 0 | L565: =-K565-J565 -> -0.051863211
A566: =A565+1 -> 2 | B566: 606 | C566: =(B566/$B$560)*$B$559 -> 1.6584565 | D566: =D565+L565 -> 24.948137 | E566: 7.7 | F566: =F565-C566 -> 23.699507 | G566: 2.193 | H566: =(F566/448.8)/(3.14*((G566/12)^2)/4) -> 2.0141975 | I566: =IF(G566>5,$B$551,IF(5>=G566>1.5,$B$552,IF(1.5>G566,$B$553,0))) -> 145 | J566: =(1050*((F566/I566)^1.852)*(E566/100)*(G566^-4.87))/2.31 -> 0.026691537 | K566: =E566*$B$557 -> 0 | L566: =-K566-J566 -> -0.026691537
A567: =A566+1 -> 3 | B567: 612.1 | C567: =(B567/$B$560)*$B$559 -> 1.6751505 | D567: =D566+L566 -> 24.921445 | E567: 7.7 | F567: =F566-C567 -> 22.024357 | G567: 2.193 | H567: =(F567/448.8)/(3.14*((G567/12)^2)/4) -> 1.8718281 | I567: =IF(G567>5,$B$551,IF(5>=G567>1.5,$B$552,IF(1.5>G567,$B$553,0))) -> 145 | J567: =(1050*((F567/I567)^1.852)*(E567/100)*(G567^-4.87))/2.31 -> 0.023303071 | K567: =E567*$B$557 -> 0 | L567: =-K567-J567 -> -0.023303071
A568: =A567+1 -> 4 | B568: 618.1 | C568: =(B568/$B$560)*$B$559 -> 1.6915709 | D568: =D567+L567 -> 24.898142 | E568: 7.7 | F568: =F567-C568 -> 20.332786 | G568: 2.193 | H568: =(F568/448.8)/(3.14*((G568/12)^2)/4) -> 1.7280632 | I568: =IF(G568>5,$B$551,IF(5>=G568>1.5,$B$552,IF(1.5>G568,$B$553,0))) -> 145 | J568: =(1050*((F568/I568)^1.852)*(E568/100)*(G568^-4.87))/2.31 -> 0.020097267 | K568: =E568*$B$557 -> 0 | L568: =-K568-J568 -> -0.020097267
A569: =A568+1 -> 5 | B569: 624.2 | C569: =(B569/$B$560)*$B$559 -> 1.7082649 | D569: =D568+L568 -> 24.878045 | E569: 7.7 | F569: =F568-C569 -> 18.624521 | G569: 2.193 | H569: =(F569/448.8)/(3.14*((G569/12)^2)/4) -> 1.5828794 | I569: =IF(G569>5,$B$551,IF(5>=G569>1.5,$B$552,IF(1.5>G569,$B$553,0))) -> 145 | J569: =(1050*((F569/I569)^1.852)*(E569/100)*(G569^-4.87))/2.31 -> 0.017082601 | K569: =E569*$B$557 -> 0 | L569: =-K569-J569 -> -0.017082601
A570: =A569+1 -> 6 | B570: 630.2 | C570: =(B570/$B$560)*$B$559 -> 1.7246853 | D570: =D569+L569 -> 24.860962 | E570: 7.7 | F570: =F569-C570 -> 16.899836 | G570: 2.193 | H570: =(F570/448.8)/(3.14*((G570/12)^2)/4) -> 1.4363002 | I570: =IF(G570>5,$B$551,IF(5>=G570>1.5,$B$552,IF(1.5>G570,$B$553,0))) -> 145 | J570: =(1050*((F570/I570)^1.852)*(E570/100)*(G570^-4.87))/2.31 -> 0.014269039 | K570: =E570*$B$557 -> 0 | L570: =-K570-J570 -> -0.014269039
A571: =A570+1 -> 7 | B571: 636.3 | C571: =(B571/$B$560)*$B$559 -> 1.7413793 | D571: =D570+L570 -> 24.846693 | E571: 7.7 | F571: =F570-C571 -> 15.158456 | G571: 2.193 | H571: =(F571/448.8)/(3.14*((G571/12)^2)/4) -> 1.2883021 | I571: =IF(G571>5,$B$551,IF(5>=G571>1.5,$B$552,IF(1.5>G571,$B$553,0))) -> 145 | J571: =(1050*((F571/I571)^1.852)*(E571/100)*(G571^-4.87))/2.31 -> 0.011666199 | K571: =E571*$B$557 -> 0 | L571: =-K571-J571 -> -0.011666199
A572: =A571+1 -> 8 | B572: 642.3 | C572: =(B572/$B$560)*$B$559 -> 1.7577997 | D572: =D571+L571 -> 24.835027 | E572: 7.7 | F572: =F571-C572 -> 13.400657 | G572: 2.193 | H572: =(F572/448.8)/(3.14*((G572/12)^2)/4) -> 1.1389084 | I572: =IF(G572>5,$B$551,IF(5>=G572>1.5,$B$552,IF(1.5>G572,$B$553,0))) -> 145 | J572: =(1050*((F572/I572)^1.852)*(E572/100)*(G572^-4.87))/2.31 -> 0.0092852559 | K572: =E572*$B$557 -> 0 | L572: =-K572-J572 -> -0.0092852559
A573: =A572+1 -> 9 | B573: 648.4 | C573: =(B573/$B$560)*$B$559 -> 1.7744937 | D573: =D572+L572 -> 24.825742 | E573: 7.7 | F573: =F572-C573 -> 11.626163 | G573: 2.193 | H573: =(F573/448.8)/(3.14*((G573/12)^2)/4) -> 0.98809599 | I573: =IF(G573>5,$B$551,IF(5>=G573>1.5,$B$552,IF(1.5>G573,$B$553,0))) -> 145 | J573: =(1050*((F573/I573)^1.852)*(E573/100)*(G573^-4.87))/2.31 -> 0.007137475 | K573: =E573*$B$557 -> 0 | L573: =-K573-J573 -> -0.007137475
A574: =A573+1 -> 10 | B574: 654.4 | C574: =(B574/$B$560)*$B$559 -> 1.7909141 | D574: =D573+L573 -> 24.818604 | E574: 7.7 | F574: =F573-C574 -> 9.835249 | G574: 2.193 | H574: =(F574/448.8)/(3.14*((G574/12)^2)/4) -> 0.83588799 | I574: =IF(G574>5,$B$551,IF(5>=G574>1.5,$B$552,IF(1.5>G574,$B$553,0))) -> 145 | J574: =(1050*((F574/I574)^1.852)*(E574/100)*(G574^-4.87))/2.31 -> 0.0052359424 | K574: =E574*$B$557 -> 0 | L574: =-K574-J574 -> -0.0052359424
A575: =A574+1 -> 11 | B575: 651.6 | C575: =(B575/$B$560)*$B$559 -> 1.7832512 | D575: =D574+L574 -> 24.813368 | E575: 7.7 | F575: =F574-C575 -> 8.0519978 | G575: 2.193 | H575: =(F575/448.8)/(3.14*((G575/12)^2)/4) -> 0.68433125 | I575: =IF(G575>5,$B$551,IF(5>=G575>1.5,$B$552,IF(1.5>G575,$B$553,0))) -> 145 | J575: =(1050*((F575/I575)^1.852)*(E575/100)*(G575^-4.87))/2.31 -> 0.003614847 | K575: =E575*$B$557 -> 0 | L575: =-K575-J575 -> -0.003614847
A576: =A575+1 -> 12 | B576: 642.6 | C576: =(B576/$B$560)*$B$559 -> 1.7586207 | D576: =D575+L575 -> 24.809754 | E576: 7.7 | F576: =F575-C576 -> 6.2933771 | G576: 2.193 | H576: =(F576/448.8)/(3.14*((G576/12)^2)/4) -> 0.53486783 | I576: =IF(G576>5,$B$551,IF(5>=G576>1.5,$B$552,IF(1.5>G576,$B$553,0))) -> 145 | J576: =(1050*((F576/I576)^1.852)*(E576/100)*(G576^-4.87))/2.31 -> 0.0022902827 | K576: =E576*$B$557 -> 0 | L576: =-K576-J576 -> -0.0022902827
A577: =A576+1 -> 13 | B577: 633.5 | C577: =(B577/$B$560)*$B$559 -> 1.7337165 | D577: =D576+L576 -> 24.807463 | E577: 7.7 | F577: =F576-C577 -> 4.5596606 | G577: 2.193 | H577: =(F577/448.8)/(3.14*((G577/12)^2)/4) -> 0.387521 | I577: =IF(G577>5,$B$551,IF(5>=G577>1.5,$B$552,IF(1.5>G577,$B$553,0))) -> 145 | J577: =(1050*((F577/I577)^1.852)*(E577/100)*(G577^-4.87))/2.31 -> 0.0012609544 | K577: =E577*$B$557 -> 0 | L577: =-K577-J577 -> -0.0012609544
...

Sheet Hose Diameters
A1: Bowsmith Premium Plus Tubing is fabricated exclusively from a single virgin Linear Low Density Polyethylene (LLDPE) base resin and compounded with a suitable virgin carbon concentrate resin to provide a minimum of 2%carbon black property mixed and dispersed in the finished extrudate. Base resin conforms to the requirements of Specification ASTM D1248 for Type I, Class C, Category 3, Grade P14 tubing, and to ASTM D3350 for PE 213111C.
A3: Size Designation Key
A10: Dimensions
A11: Size Designation* | B11: Outside Diam., (in.) | D11: Wall Thickness, (in.) | F11: Inside Diam. (in.) (Nominal) | G11: ASAE-S435 Pressure Rating, (PSI)
B12: Max. | C12: Min. | D12: Max. | E12: Min.
A13: 625P48 | B13: 0.625 | C13: 0.615 | D13: 0.048 | E13: 0.043 | F13: 0.53 | G13: 66.5
A14: 625P50 | B14: 0.625 | C14: 0.615 | D14: 0.05 | E14: 0.045 | F14: 0.525 | G14: 70.7
A15: 700P48 | B15: 0.7 | C15: 0.69 | D15: 0.048 | E15: 0.043 | F15: 0.605 | G15: 58.8
A16: 700P50 | B16: 0.7 | C16: 0.69 | D16: 0.05 | E16: 0.045 | F16: 0.6 | G16: 62.5
A17: 700P55 | B17: 0.7 | C17: 0.69 | D17: 0.055 | E17: 0.05 | F17: 0.59 | G17: 70
A18: 720P48 | B18: 0.72 | C18: 0.71 | D18: 0.048 | E18: 0.043 | F18: 0.625 | G18: 57
A19: 795P52 | B19: 0.795 | C19: 0.785 | D19: 0.053 | E19: 0.048 | F19: 0.69 | G19: 57.1
A20: 835P52 | B20: 0.835 | C20: 0.825 | D20: 0.053 | E20: 0.048 | F20: 0.73 | G20: 54.7
A21: 935P62 | B21: 0.935 | C21: 0.923 | D21: 0.063 | E21: 0.056 | F21: 0.811 | G21: 57.4
A22: 3/4"-50 | B22: 0.935 | C22: 0.923 | D22: 0.059 | E22: 0.052 | F22: 0.818 | G22: 53.5
A23: 1195P72 | B23: 1.195 | C23: 1.181 | D23: 0.073 | E23: 0.066 | F23: 1.05 | G23: 52.6
A24: 1"-45 | B24: 1.195 | C24: 1.181 | D24: 0.069 | E24: 0.062 | F24: 1.057 | G24: 49.6
