Workbook

Sheet SUMMARY
B31: Table 1: Annual cases of bacterial meningitis and septicaemia by country and type (2011/12)
C32: Meningococcal meningitis & septicaemia | E32: Pneumococcal meningitis | F32: Haemophilus influenzae meningitis | G32: TB meningitis | H32: Other causes | I32: Neonatal Group B Streptococcal septicaemia* | J32: Total
C33: All | D33: MenB
B34: England | C34: ='UK MD'!F44 -> 1178.1 | D34: ='UK MD'!G44 -> 990.89507 | E34: ='UK non-MD'!H37 -> 297.13865 | F34: ='UK non-MD'!C54 -> 7 | G34: ='UK non-MD'!D51 -> 192 | H34: ='UK non-MD'!E54 -> 71 | J34: =SUM(E34:I34)+C34 +C35 -> 1789.4386
B35: Wales | C35: ='UK MD'!$F$45 -> 44.2 | D35: ='UK MD'!$G$45 -> 33.8
B36: Scotland* | C36: ='UK MD'!F47 -> 85 | D36: ='UK MD'!G47 -> 62.115385 | E36: ='UK non-MD'!C83 -> 37 | F36: ='UK non-MD'!D83 -> 5 | G36: ='UK non-MD'!E83 -> 5 | H36: ='UK non-MD'!F83 -> 106 | J36: =SUM(E36:I36)+C36 -> 238
B37: Northern Ireland | C37: ='UK MD'!F46 -> 48 | D37: ='UK MD'!G46 -> 39.771429 | E37: ='UK non-MD'!C66 -> 6 | F37: ='UK non-MD'!D66 -> 0 | G37: ='UK non-MD'!E66 -> 0 | H37: ='UK non-MD'!F66 -> 2 | J37: =SUM(E37:I37)+C37 -> 56
B38: Total UK | C38: =SUM(C34:C37) -> 1355.3 | D38: =SUM(D34:D37) -> 1126.5819 | E38: =SUM(E34:E37) -> 340.13865 | F38: =SUM(F34:F37) -> 12 | G38: =SUM(G34:G37) -> 197 | H38: =SUM(H34:H37) -> 179 | I38: 274 | J38: =SUM(E38:I38)+C38 -> 2357.4386
B39: * Scottish data is for calendar year 2012 because epidemiological data was unavailable
B41: Table 2: Annual cases of bacterial meningitis and septicaemia by country and type to represent the burden of uncontrolled disease
C42: Meningococcal meningitis & septicaemia | E42: Pneumococcal meningitis | F42: Haemophilus influenzae meningitis | G42: TB meningitis | H42: Other causes | I42: Neonatal Group B Streptococcal septicaemia** | J42: Total
C43: All | D43: MenB
B44: England | C44: ='UK MD'!J44 -> 1658.6355 | D44: ='UK MD'!D44 -> 1493.7649 | E44: ='UK non-MD'!H38 -> 358.04633 | F44: ='UK non-MD'!C56 -> 18.5 | G44: ='UK non-MD'!D56 -> 198.77778 | H44: ='UK non-MD'!E56 -> 274 | J44: =SUM(E44:I44)+C44+C45 -> 2579.4777
B45: Wales | C45: ='UK MD'!$J$45 -> 71.518073 | D45: ='UK MD'!$D$45 -> 64.216174
B46: Scotland* | C46: ='UK MD'!C47 -> 147.58333 | D46: ='UK MD'!D47 -> 118.44 | E46: ='UK non-MD'!C85 -> 25.833333 | F46: ='UK non-MD'!D85 -> 3.8333333 | G46: ='UK non-MD'!E85 -> 7.0833333 | H46: ='UK non-MD'!F85 -> 51.166667 | J46: =SUM(E46:I46)+C46 -> 235.5
B47: Northern Ireland | C47: ='UK MD'!C46 -> 97.916667 | D47: ='UK MD'!D46 -> 84.370279 | E47: ='UK non-MD'!C67 -> 2.8333333 | F47: ='UK non-MD'!D67 -> 0.16666667 | G47: ='UK non-MD'!E67 -> 0.71428571 | H47: ='UK non-MD'!F67 -> 32.571429 | J47: =SUM(E47:I47)+C47 -> 134.20238
B48: Total UK | C48: =SUM(C44:C47) -> 1975.6536 | D48: =SUM(D44:D47) -> 1760.7914 | E48: =SUM(E44:E47) -> 386.713 | F48: =SUM(F44:F47) -> 22.5 | G48: =SUM(G44:G47) -> 206.5754 | H48: =SUM(H44:H47) -> 357.7381 | I48: 274 | J48: =SUM(E48:I48)+C48 -> 3223.1801
B49: * Scottish data is for calendar years 2000 - 2012 because epidemiological data was unavailable

Sheet UK MD
B41: Table 1: Cases of meningococcal disease in the UK in 2011/12 and 12 year averages
C42: 12 YEAR AVERAGE | F42: 2011/12 | I42: 12 yr average MenC - 2011/12 MenC | J42: 12 yr average meningo cases reduced to reflect the impact of MenC vaccination
C43: Total Mening | D43: MenB | E43: MenC | F43: Total Mening | G43: MenB | H43: MenC
B44: ENGLAND | C44: =D66 -> 1721.85 | D44: =L66 -> 1493.7649 | E44: =M66 -> 110.01573 | F44: =D65 -> 1178.1 | G44: =L65 -> 990.89507 | H44: =M65 -> 46.801233 | I44: =E44-H44 -> 63.214495 | J44: =C44-I44 -> 1658.6355
B45: WALES | C45: =C82*1.3 -> 77.025 | D45: =J82 -> 64.216174 | E45: =M82 -> 5.5069266 | F45: =C81*1.3 -> 44.2 | G45: =J81 -> 33.8 | H45: =M81 -> 0 | I45: =E45-H45 -> 5.5069266 | J45: =C45-I45 -> 71.518073
B46: NI | C46: =C98 -> 97.916667 | D46: =I98 -> 84.370279 | E46: =K98 -> 3.9914002 | F46: =C97 -> 48 | G46: =I97 -> 39.771429 | H46: =K97 -> 2.7428571 | I46: =E46-H46 -> 1.2485431 | J46: =C46-I46 -> 96.668124
B47: SCOTLAND | C47: =C115 -> 147.58333 | D47: =I115 -> 118.44 | E47: =K115 -> 7.8898945 | F47: =C114 -> 85 | G47: =I114 -> 62.115385 | H47: =K114 -> 3.2692308 | I47: =E47-H47 -> 4.6206638 | J47: =C47-I47 -> 142.96267
B48: TOTAL | C48: =SUM(C44:C47) -> 2044.375 | D48: =SUM(D44:D47) -> 1760.7914 | E48: =SUM(E44:E47) -> 127.40395 | F48: =SUM(F44:F47) -> 1355.3 | G48: =SUM(G44:G47) -> 1126.5819 | H48: =SUM(H44:H47) -> 52.813321 | I48: =SUM(I44:I47) -> 74.590628 | J48: =SUM(J44:J47) -> 1969.7844
B51: Table 2: Cases of meningococal disease in England: HES and Lab confirmed data (2000/01 to 2011/12)
E52: Meningococcal Reference Unit isolates of Neisseria menengitidis
B53: Year | C53: HES Admissions data A39 | D53: Cleaned HES admissions data | E53: All cases | F53: All cases (excl. ungroupable) | G53: Ungroupable cases | H53: MenB | I53: MenC | J53: MenB as a percentage of all cases (excl. Ungroupable) | K53: MenC as a percentage of all cases (excl. Ungroupable) | L53: Total MenB estimate | M53: Total MenC estimate
B54: 00/01 | C54: 3225 | D54: =C54*0.9 -> 2902.5 | E54: 2342 | F54: =E54-G54 -> 2333 | G54: 9 | H54: 1688 | I54: 412 | J54: =H54/F54*100 -> 72.353193 | K54: =I54/F54*100 -> 17.659666 | L54: =D54*(J54/100) -> 2100.0514 | M54: =D54*K54/100 -> 512.5718
B55: 01/02 | C55: 2639 | D55: =C55*0.9 -> 2375.1 | E55: 1854 | F55: =E55-G55 -> 1851 | G55: 3 | H55: 1501 | I55: 210 | J55: =H55/F55*100 -> 81.091302 | K55: =I55/F55*100 -> 11.345219 | L55: =D55*(J55/100) -> 1925.9995 | M55: =D55*K55/100 -> 269.46029
B56: 02/03 | C56: 2133 | D56: =C56*0.9 -> 1919.7 | E56: 1415 | F56: =E56-G56 -> 1413 | G56: 2 | H56: 1210 | I56: 121 | J56: =H56/F56*100 -> 85.633404 | K56: =I56/F56*100 -> 8.5633404 | L56: =D56*(J56/100) -> 1643.9045 | M56: =D56*K56/100 -> 164.39045
B57: 03/04 | C57: 2103 | D57: =C57*0.9 -> 1892.7 | E57: 1438 | F57: =E57-G57 -> 1436 | G57: 2 | H57: 1297 | I57: 64 | J57: =H57/F57*100 -> 90.320334 | K57: =I57/F57*100 -> 4.4568245 | L57: =D57*(J57/100) -> 1709.493 | M57: =D57*K57/100 -> 84.354318
B58: 04/05 | C58: 1874 | D58: =C58*0.9 -> 1686.6 | E58: 1384 | F58: =E58-G58 -> 1384 | G58: 0 | H58: 1274 | I58: 42 | J58: =H58/F58*100 -> 92.052023 | K58: =I58/F58*100 -> 3.0346821 | L58: =D58*(J58/100) -> 1552.5494 | M58: =D58*K58/100 -> 51.182948
B59: 05/06 | C59: 1728 | D59: =C59*0.9 -> 1555.2 | E59: 1226 | F59: =E59-G59 -> 1226 | G59: 0 | H59: 1156 | I59: 30 | J59: =H59/F59*100 -> 94.290375 | K59: =I59/F59*100 -> 2.4469821 | L59: =D59*(J59/100) -> 1466.4039 | M59: =D59*K59/100 -> 38.055465
B60: 06/07 | C60: 1622 | D60: =C60*0.9 -> 1459.8 | E60: 1091 | F60: =E60-G60 -> 1090 | G60: 1 | H60: 991 | I60: 29 | J60: =H60/F60*100 -> 90.917431 | K60: =I60/F60*100 -> 2.6605505 | L60: =D60*(J60/100) -> 1327.2127 | M60: =D60*K60/100 -> 38.838716
B61: 07/08 | C61: 1724 | D61: =C61*0.9 -> 1551.6 | E61: 1190 | F61: =E61-G61 -> 1188 | G61: 2 | H61: 1082 | I61: 29 | J61: =H61/F61*100 -> 91.077441 | K61: =I61/F61*100 -> 2.4410774 | L61: =D61*(J61/100) -> 1413.1576 | M61: =D61*K61/100 -> 37.875758
B62: 08/09 | C62: 1710 | D62: =C62*0.9 -> 1539 | E62: 1109 | F62: =E62-G62 -> 1108 | G62: 1 | H62: 1050 | I62: 13 | J62: =H62/F62*100 -> 94.765343 | K62: =I62/F62*100 -> 1.1732852 | L62: =D62*(J62/100) -> 1458.4386 | M62: =D62*K62/100 -> 18.056859
B63: 09/10 | C63: 1342 | D63: =C63*0.9 -> 1207.8 | E63: 862 | F63: =E63-G63 -> 859 | G63: 3 | H63: 792 | I63: 18 | J63: =H63/F63*100 -> 92.200233 | K63: =I63/F63*100 -> 2.0954598 | L63: =D63*(J63/100) -> 1113.5944 | M63: =D63*K63/100 -> 25.308964
B64: 10/11 | C64: 1549 | D64: =C64*0.9 -> 1394.1 | E64: 1010 | F64: =E64-G64 -> 1005 | G64: 5 | H64: 882 | I64: 24 | J64: =H64/F64*100 -> 87.761194 | K64: =I64/F64*100 -> 2.3880597 | L64: =D64*(J64/100) -> 1223.4788 | M64: =D64*K64/100 -> 33.29194
B65: 11/12 | C65: 1309 | D65: =C65*0.9 -> 1178.1 | E65: 732 | F65: =E65-G65 -> 730 | G65: 2 | H65: 614 | I65: 29 | J65: =H65/F65*100 -> 84.109589 | K65: =I65/F65*100 -> 3.9726027 | L65: =D65*(J65/100) -> 990.89507 | M65: =D65*K65/100 -> 46.801233
B66: Average (past 12 yrs) | C66: =AVERAGE(C54:C65) -> 1913.1667 | D66: =AVERAGE(D54:D65) -> 1721.85 | E66: =AVERAGE(E54:E65) -> 1304.4167 | F66: =AVERAGE(F54:F65) -> 1301.9167 | G66: =AVERAGE(G54:G65) -> 2.5 | H66: =AVERAGE(H54:H65) -> 1128.0833 | I66: =AVERAGE(I54:I65) -> 85.083333 | J66: =AVERAGE(J54:J65) -> 88.047655 | ... M66: =AVERAGE(M54:M65) -> 110.01573
B68: Table 3: Meningococcal Reference Unit isolates of Neisseria menengitidis: Wales (2000/01 to 2011/12)
B69: Year | C69: All cases | D69: All cases (excl. ungroupable) | E69: Ungroupable cases | F69: MenB | G69: MenC | H69: MenB as a percentage of all cases (excl. Ungroupable) | I69: Total MenB estimate | J69: Total MenB estimate with 1.3 uplift | K69: MenC as a percentage of all grouped cases | L69: Total MenC estimate | M69: Total MenC estimate with 1.3 uplift
B70: 00/01 | C70: 104 | D70: =C70-E70 -> 101 | E70: 3 | F70: 74 | G70: 23 | H70: =F70/D70*100 -> 73.267327 | I70: =(E70*(H70/100))+F70 -> 76.19802 | J70: =I70*1.3 -> 99.057426 | K70: =G70/D70*100 -> 22.772277 | L70: =(E70*(K70/100))+G70 -> 23.683168 | M70: =L70*1.3 -> 30.788119
B71: 01/02 | C71: 107 | D71: =C71-E71 -> 107 | E71: 0 | F71: 78 | G71: 13 | H71: =F71/D71*100 -> 72.897196 | I71: =(E71*(H71/100))+F71 -> 78 | J71: =I71*1.3 -> 101.4 | K71: =G71/D71*100 -> 12.149533 | L71: =(E71*(K71/100))+G71 -> 13 | M71: =L71*1.3 -> 16.9
B72: 02/03 | C72: 61 | D72: =C72-E72 -> 60 | E72: 1 | F72: 49 | G72: 6 | H72: =F72/D72*100 -> 81.666667 | I72: =(E72*(H72/100))+F72 -> 49.816667 | J72: =I72*1.3 -> 64.761667 | K72: =G72/D72*100 -> 10 | L72: =(E72*(K72/100))+G72 -> 6.1 | M72: =L72*1.3 -> 7.93
B73: 03/04 | C73: 55 | D73: =C73-E73 -> 55 | E73: 0 | F73: 47 | G73: 3 | H73: =F73/D73*100 -> 85.454545 | I73: =(E73*(H73/100))+F73 -> 47 | J73: =I73*1.3 -> 61.1 | K73: =G73/D73*100 -> 5.4545455 | L73: =(E73*(K73/100))+G73 -> 3 | M73: =L73*1.3 -> 3.9
B74: 04/05 | C74: 57 | D74: =C74-E74 -> 57 | E74: 0 | F74: 54 | G74: 1 | H74: =F74/D74*100 -> 94.736842 | I74: =(E74*(H74/100))+F74 -> 54 | J74: =I74*1.3 -> 70.2 | K74: =G74/D74*100 -> 1.754386 | L74: =(E74*(K74/100))+G74 -> 1 | M74: =L74*1.3 -> 1.3
B75: 05/06 | C75: 53 | D75: =C75-E75 -> 53 | E75: 0 | F75: 52 | G75: 0 | H75: =F75/D75*100 -> 98.113208 | I75: =(E75*(H75/100))+F75 -> 52 | J75: =I75*1.3 -> 67.6 | K75: =G75/D75*100 -> 0 | L75: =(E75*(K75/100))+G75 -> 0 | M75: =L75*1.3 -> 0
B76: 06/07 | C76: 42 | D76: =C76-E76 -> 40 | E76: 2 | F76: 35 | G76: 1 | H76: =F76/D76*100 -> 87.5 | I76: =(E76*(H76/100))+F76 -> 36.75 | J76: =I76*1.3 -> 47.775 | K76: =G76/D76*100 -> 2.5 | L76: =(E76*(K76/100))+G76 -> 1.05 | M76: =L76*1.3 -> 1.365
B77: 07/08 | C77: 53 | D77: =C77-E77 -> 53 | E77: 0 | F77: 47 | G77: 1 | H77: =F77/D77*100 -> 88.679245 | I77: =(E77*(H77/100))+F77 -> 47 | J77: =I77*1.3 -> 61.1 | K77: =G77/D77*100 -> 1.8867925 | L77: =(E77*(K77/100))+G77 -> 1 | M77: =L77*1.3 -> 1.3
B78: 08/09 | C78: 55 | D78: =C78-E78 -> 55 | E78: 0 | F78: 49 | G78: 0 | H78: =F78/D78*100 -> 89.090909 | I78: =(E78*(H78/100))+F78 -> 49 | J78: =I78*1.3 -> 63.7 | K78: =G78/D78*100 -> 0 | L78: =(E78*(K78/100))+G78 -> 0 | M78: =L78*1.3 -> 0
B79: 09/10 | C79: 47 | D79: =C79-E79 -> 47 | E79: 0 | F79: 40 | G79: 0 | H79: =F79/D79*100 -> 85.106383 | I79: =(E79*(H79/100))+F79 -> 40 | J79: =I79*1.3 -> 52 | K79: =G79/D79*100 -> 0 | L79: =(E79*(K79/100))+G79 -> 0 | M79: =L79*1.3 -> 0
B80: 10/11 | C80: 43 | D80: =C80-E80 -> 43 | E80: 0 | F80: 37 | G80: 2 | H80: =F80/D80*100 -> 86.046512 | I80: =(E80*(H80/100))+F80 -> 37 | J80: =I80*1.3 -> 48.1 | K80: =G80/D80*100 -> 4.6511628 | L80: =(E80*(K80/100))+G80 -> 2 | M80: =L80*1.3 -> 2.6
B81: 11/12 | C81: 34 | D81: =C81-E81 -> 34 | E81: 0 | F81: 26 | G81: 0 | H81: =F81/D81*100 -> 76.470588 | I81: =(E81*(H81/100))+F81 -> 26 | J81: =I81*1.3 -> 33.8 | K81: =G81/D81*100 -> 0 | L81: =(E81*(K81/100))+G81 -> 0 | M81: =L81*1.3 -> 0
B82: Average (past 12 yrs) | C82: =AVERAGE(C70:C81) -> 59.25 | D82: =AVERAGE(D70:D81) -> 58.75 | E82: =AVERAGE(E70:E81) -> 0.5 | F82: =AVERAGE(F70:F81) -> 49 | G82: =AVERAGE(G70:G81) -> 4.1666667 | H82: =AVERAGE(H70:H81) -> 84.919118 | I82: =AVERAGE(I70:I81) -> 49.397057 | J82: =AVERAGE(J70:J81) -> 64.216174 | ... M82: =AVERAGE(M70:M81) -> 5.5069266
B84: Table 4: Enhanced surveillance of meningococcal disease in Northern Ireland. Notifications validated with lab confirmed data (2000/01 to 2011/12)
B85: Year | C85: All cases | D85: All grouped cases (A,B,C,W135 & Y) | E85: Ungrouped cases | F85: MenB | G85: MenC | H85: MenB as a percentage of all grouped cases | I85: Total MenB estimate | J85: MenC as a percentage of all grouped cases | K85: Total MenC estimate
B86: 00/01 | C86: =D86+E86 -> 167 | D86: 97 | E86: 70 | F86: 72 | G86: 8 | H86: =F86/D86*100 -> 74.226804 | I86: =(E86*(H86/100))+F86 -> 123.95876 | J86: =G86/D86*100 -> 8.2474227 | K86: =(E86*(J86/100))+G86 -> 13.773196
B87: 01/02 | C87: =D87+E87 -> 137 | D87: 86 | E87: 51 | F87: 69 | G87: 9 | H87: =F87/D87*100 -> 80.232558 | I87: =(E87*(H87/100))+F87 -> 109.9186 | J87: =G87/D87*100 -> 10.465116 | K87: =(E87*(J87/100))+G87 -> 14.337209
B88: 02/03 | C88: =D88+E88 -> 116 | D88: 73 | E88: 43 | F88: 64 | G88: 6 | H88: =F88/D88*100 -> 87.671233 | I88: =(E88*(H88/100))+F88 -> 101.69863 | J88: =G88/D88*100 -> 8.2191781 | K88: =(E88*(J88/100))+G88 -> 9.5342466
B89: 03/04 | C89: =D89+E89 -> 103 | D89: 72 | E89: 31 | F89: 60 | G89: 2 | H89: =F89/D89*100 -> 83.333333 | I89: =(E89*(H89/100))+F89 -> 85.833333 | J89: =G89/D89*100 -> 2.7777778 | K89: =(E89*(J89/100))+G89 -> 2.8611111
B90: 04/05 | C90: =D90+E90 -> 121 | D90: 73 | E90: 48 | F90: 63 | G90: 1 | H90: =F90/D90*100 -> 86.30137 | I90: =(E90*(H90/100))+F90 -> 104.42466 | J90: =G90/D90*100 -> 1.369863 | K90: =(E90*(J90/100))+G90 -> 1.6575342
B91: 05/06 | C91: =D91+E91 -> 84 | D91: 58 | E91: 26 | F91: 57 | G91: 1 | H91: =F91/D91*100 -> 98.275862 | I91: =(E91*(H91/100))+F91 -> 82.551724 | J91: =G91/D91*100 -> 1.7241379 | K91: =(E91*(J91/100))+G91 -> 1.4482759
B92: 06/07 | C92: =D92+E92 -> 109 | D92: 86 | E92: 23 | F92: 78 | G92: 0 | H92: =F92/D92*100 -> 90.697674 | I92: =(E92*(H92/100))+F92 -> 98.860465 | J92: =G92/D92*100 -> 0 | K92: =(E92*(J92/100))+G92 -> 0
B93: 07/08 | C93: =D93+E93 -> 67 | D93: 48 | E93: 19 | F93: 44 | G93: 0 | H93: =F93/D93*100 -> 91.666667 | I93: =(E93*(H93/100))+F93 -> 61.416667 | J93: =G93/D93*100 -> 0 | K93: =(E93*(J93/100))+G93 -> 0
B94: 08/09 | C94: =D94+E94 -> 91 | D94: 59 | E94: 32 | F94: 55 | G94: 1 | H94: =F94/D94*100 -> 93.220339 | I94: =(E94*(H94/100))+F94 -> 84.830508 | J94: =G94/D94*100 -> 1.6949153 | K94: =(E94*(J94/100))+G94 -> 1.5423729
B95: 09/10 | C95: =D95+E95 -> 65 | D95: 40 | E95: 25 | F95: 38 | G95: 0 | H95: =F95/D95*100 -> 95 | I95: =(E95*(H95/100))+F95 -> 61.75 | J95: =G95/D95*100 -> 0 | K95: =(E95*(J95/100))+G95 -> 0
B96: 10/11 | C96: 67 | D96: 42 | E96: 25 | F96: 36 | G96: 0 | H96: =F96/D96*100 -> 85.714286 | I96: =(E96*(H96/100))+F96 -> 57.428571 | J96: =G96/D96*100 -> 0 | K96: =(E96*(J96/100))+G96 -> 0
B97: 11/12 | C97: 48 | D97: 35 | E97: 13 | F97: 29 | G97: 2 | H97: =F97/D97*100 -> 82.857143 | I97: =(E97*(H97/100))+F97 -> 39.771429 | J97: =G97/D97*100 -> 5.7142857 | K97: =(E97*(J97/100))+G97 -> 2.7428571
B98: Average (past 12 yrs) | C98: =AVERAGE(C86:C97) -> 97.916667 | D98: =AVERAGE(D86:D97) -> 64.083333 | E98: =AVERAGE(E86:E97) -> 33.833333 | F98: =AVERAGE(F86:F97) -> 55.416667 | G98: =AVERAGE(G86:G97) -> 2.5 | H98: =AVERAGE(H86:H97) -> 87.433106 | I98: =AVERAGE(I86:I97) -> 84.370279 | J98: =AVERAGE(J86:J97) -> 3.3510581 | K98: =AVERAGE(K86:K97) -> 3.9914002
B100: Table 5: Enhanced surveillance of meningococcal disease in Scotland by calendar year. Notifications validated with lab confirmed data (2000 to 2012)
B101: Year | C101: All cases | D101: All grouped cases (A,B,C,W135 & Y) | E101: Ungrouped cases | F101: MenB | G101: MenC | H101: MenB as a percentage of all grouped cases | I101: Total MenB estimate | J101: MenC as a percentage of all grouped cases | K101: Total MenC estimate
B102: 2000 | C102: =D102+E102 -> 355 | D102: 212 | E102: 143 | F102: 117 | G102: 64 | H102: =F102/D102*100 -> 55.188679 | I102: =(E102*(H102/100)+F102) -> 195.91981 | J102: =G102/D102*100 -> 30.188679 | K102: =(E102*(J102/100))+G102 -> 107.16981
B103: 2001 | C103: =D103+E103 -> 271 | D103: 150 | E103: 121 | F103: 106 | G103: 24 | H103: =F103/D103*100 -> 70.666667 | I103: =(E103*(H103/100)+F103) -> 191.50667 | J103: =G103/D103*100 -> 16 | K103: =(E103*(J103/100))+G103 -> 43.36
B104: 2002 | C104: =D104+E104 -> 195 | D104: 89 | E104: 106 | F104: 61 | G104: 9 | H104: =F104/D104*100 -> 68.539326 | I104: =(E104*(H104/100)+F104) -> 133.65169 | J104: =G104/D104*100 -> 10.11236 | K104: =(E104*(J104/100))+G104 -> 19.719101
B105: 2003 | C105: =D105+E105 -> 155 | D105: 102 | E105: 53 | F105: 86 | G105: 3 | H105: =F105/D105*100 -> 84.313725 | I105: =(E105*(H105/100)+F105) -> 130.68627 | J105: =G105/D105*100 -> 2.9411765 | K105: =(E105*(J105/100))+G105 -> 4.5588235
B106: 2004 | C106: =D106+E106 -> 150 | D106: 90 | E106: 60 | F106: 68 | G106: 5 | H106: =F106/D106*100 -> 75.555556 | I106: =(E106*(H106/100)+F106) -> 113.33333 | J106: =G106/D106*100 -> 5.5555556 | K106: =(E106*(J106/100))+G106 -> 8.3333333
B107: 2005 | C107: =D107+E107 -> 145 | D107: 90 | E107: 55 | F107: 66 | G107: 1 | H107: =F107/D107*100 -> 73.333333 | I107: =(E107*(H107/100)+F107) -> 106.33333 | J107: =G107/D107*100 -> 1.1111111 | K107: =(E107*(J107/100))+G107 -> 1.6111111
B108: 2006 | C108: =D108+E108 -> 144 | D108: 69 | E108: 75 | F108: 61 | G108: 3 | H108: =F108/D108*100 -> 88.405797 | I108: =(E108*(H108/100)+F108) -> 127.30435 | J108: =G108/D108*100 -> 4.3478261 | K108: =(E108*(J108/100))+G108 -> 6.2608696
B109: 2007 | C109: =D109+E109 -> 157 | D109: 83 | E109: 74 | F109: 75 | G109: 4 | H109: =F109/D109*100 -> 90.361446 | I109: =(E109*(H109/100)+F109) -> 141.86747 | J109: =G109/D109*100 -> 4.8192771 | K109: =(E109*(J109/100))+G109 -> 7.5662651
B110: 2008 | C110: =D110+E110 -> 125 | D110: 66 | E110: 59 | F110: 57 | G110: 0 | H110: =F110/D110*100 -> 86.363636 | I110: =(E110*(H110/100)+F110) -> 107.95455 | J110: =G110/D110*100 -> 0 | K110: =(E110*(J110/100))+G110 -> 0
B111: 2009 | C111: =D111+E111 -> 139 | D111: 74 | E111: 65 | F111: 66 | G111: 0 | H111: =F111/D111*100 -> 89.189189 | I111: =(E111*(H111/100)+F111) -> 123.97297 | J111: =G111/D111*100 -> 0 | K111: =(E111*(J111/100))+G111 -> 0
B112: 2010 | C112: 99 | D112: 42 | E112: 57 | F112: 35 | G112: 0 | H112: =F112/D112*100 -> 83.333333 | I112: =(E112*(H112/100)+F112) -> 82.5 | J112: =G112/D112*100 -> 0 | K112: =(E112*(J112/100))+G112 -> 0
B113: 2011 | C113: 106 | D113: 54 | E113: =C113-D113 -> 52 | F113: 51 | G113: 0 | H113: =F113/D113*100 -> 94.444444 | I113: =(E113*(H113/100)+F113) -> 100.11111 | J113: =G113/D113*100 -> 0 | K113: =(E113*(J113/100))+G113 -> 0
B114: 2012 | C114: 85 | D114: 52 | E114: =C114-D114 -> 33 | F114: 38 | G114: 2 | H114: =F114/D114*100 -> 73.076923 | I114: =(E114*(H114/100)+F114) -> 62.115385 | J114: =G114/D114*100 -> 3.8461538 | K114: =(E114*(J114/100))+G114 -> 3.2692308
B115: Average (past 12 yrs) | C115: =AVERAGE(C103:C114) -> 147.58333 | D115: =AVERAGE(D103:D114) -> 80.083333 | E115: =AVERAGE(E103:E114) -> 67.5 | F115: =AVERAGE(F103:F114) -> 64.166667 | G115: =AVERAGE(G103:G114) -> 4.25 | H115: =AVERAGE(H103:H114) -> 81.465281 | I115: 118.44 | J115: =AVERAGE(J103:J114) -> 4.0611216 | K115: =AVERAGE(K103:K114) -> 7.8898945
B118: Year | C118: Laboratory confirmed MenB | D118: Laboratory confirmed MenC | E118: Laboratory confirmed Total
B119: 00/01 | C119: =H54+F70+F86+F102 -> 1951 | D119: =I54+G70+G86+G102 -> 507 | E119: =E54+C70+C86+C102 -> 2968
B120: 01/02 | C120: =H55+F71+F87+F103 -> 1754 | D120: =I55+G71+G87+G103 -> 256 | E120: =E55+C71+C87+C103 -> 2369
B121: 02/03 | C121: =H56+F72+F88+F104 -> 1384 | D121: =I56+G72+G88+G104 -> 142 | E121: =E56+C72+C88+C104 -> 1787
B122: 03/04 | C122: =H57+F73+F89+F105 -> 1490 | D122: =I57+G73+G89+G105 -> 72 | E122: =E57+C73+C89+C105 -> 1751
B123: 04/05 | C123: =H58+F74+F90+F106 -> 1459 | D123: =I58+G74+G90+G106 -> 49 | E123: =E58+C74+C90+C106 -> 1712
B124: 05/06 | C124: =H59+F75+F91+F107 -> 1331 | D124: =I59+G75+G91+G107 -> 32 | E124: =E59+C75+C91+C107 -> 1508
B125: 06/07 | C125: =H60+F76+F92+F108 -> 1165 | D125: =I60+G76+G92+G108 -> 33 | E125: =E60+C76+C92+C108 -> 1386
B126: 07/08 | C126: =H61+F77+F93+F109 -> 1248 | D126: =I61+G77+G93+G109 -> 34 | E126: =E61+C77+C93+C109 -> 1467
B127: 08/09 | C127: =H62+F78+F94+F110 -> 1211 | D127: =I62+G78+G94+G110 -> 14 | E127: =E62+C78+C94+C110 -> 1380
B128: 09/10 | C128: =H63+F79+F95+F111 -> 936 | D128: =I63+G79+G95+G111 -> 18 | E128: =E63+C79+C95+C111 -> 1113
B129: 10/11 | C129: =H64+F80+F96+F112 -> 990 | D129: =I64+G80+G96+G112 -> 26 | E129: =E64+C80+C96+C112 -> 1219
B130: 11/12 | C130: =H65+F81+F97+F113 -> 720 | D130: =I65+G81+G97+G113 -> 31 | E130: =E65+C81+C97+C113 -> 920

Sheet UK non-MD
B30: Table 1: Cases of pneumococcal meningitis in England and Wales: HES and NOIDS data (2007/8 to 2011/12)
E31: Notifications of pneumococcal meningitis by calendar year (2007-2012)
B32: Year | C32: HES Admissions data G001 | D32: Cleaned HES admissions data | E32: England and Wales | F32: England | G32: Uplift required to convert English NOIDS to E&W NOIDS | H32: Cleaned HES admissions data uplifted to include Wales
B33: 2007-08 | C33: 490 | D33: =C33*0.75 -> 367.5 | E33: 173 | F33: 168 | G33: =E33/F33 -> 1.0297619 | H33: =D33*G33 -> 378.4375
B34: 2008-09 | C34: 487 | D34: =C34*0.75 -> 365.25 | E34: 169 | F34: 157 | G34: =E34/F34 -> 1.0764331 | H34: =D34*G34 -> 393.1672
B35: 2009-10 | C35: 460 | D35: =C35*0.75 -> 345 | E35: 186 | F35: 169 | G35: =E35/F35 -> 1.1005917 | H35: =D35*G35 -> 379.70414
B36: 2010-11 | C36: 428 | D36: =C36*0.75 -> 321 | E36: 148 | F36: 139 | G36: =E36/F36 -> 1.0647482 | H36: =D36*G36 -> 341.78417
B37: 2011-12 | C37: 371 | D37: =C37*0.75 -> 278.25 | E37: 57 | F37: ? | G37: =AVERAGE(G33:G36) -> 1.0678837 | H37: =D37*G37 -> 297.13865
B38: Average over past 5 years | C38: =AVERAGE(C33:C37) -> 447.2 | D38: =AVERAGE(D33:D37) -> 335.4 | E38: =AVERAGE(E33:E37) -> 146.6 | F38: =AVERAGE(F33:F37) -> 158.25 | G38: =AVERAGE(G33:G37) -> 1.0678837 | H38: =AVERAGE(H33:H37) -> 358.04633
B40: Table 2: Cases of other bacterial meningitis in England and Wales: NOIDS data (2000 to 2012)
B41: Year | C41: Hi | D41: TB men | E41: Other causes
B42: 2000 | C42: 39 | D42: 94 | E42: 464
B43: 2001 | C43: 74 | D43: 161 | E43: 517
B44: 2002 | C44: 62 | D44: 140 | E44: 361
B45: 2003 | C45: 63 | D45: 150 | E45: 323
B46: 2004 | C46: 45 | D46: 140 | E46: 294
B47: 2005 | C47: 44 | D47: 228 | E47: 315
B48: 2006 | C48: 57 | D48: 252 | E48: 321
B49: 2007 | C49: 32 | D49: 320 | E49: 254
B50: 2008 | C50: 24 | D50: 206 | E50: 260
B51: 2009 | C51: 31 | D51: 192 | E51: 275
B52: 2010 | C52: 12 | D52: ? | E52: 211
B53: 2011 | C53: 5 | D53: ? | E53: 86
B54: 2012 | C54: 7 | D54: ? | E54: 71
B56: Average | C56: =AVERAGE(C49:C55) -> 18.5 | D56: =AVERAGE(D43:D55) -> 198.77778 | E56: =AVERAGE(E43:E55) -> 274
B58: Table 3: Cases of other bacterial meningitis in Northern Ireland sourced from PHA (2006 to 2012)
B59: Year | C59: Pneumococcal meningitis | D59: Hib meningitis | E59: TB meningitis | F59: Other bacterial meningitis
B60: 2006 | C60: 5 | D60: 0 | E60: 0 | F60: 63
B61: 2007 | C61: 1 | D61: 1 | E61: 1 | F61: 39
B62: 2008 | C62: 3 | D62: 0 | E62: 1 | F62: 40
B63: 2009 | C63: 2 | D63: 0 | E63: 0 | F63: 36
B64: 2010 | C64: 2 | D64: 0 | E64: 1 | F64: 45
B65: 2011 | C65: 3 | D65: 0 | E65: 2 | F65: 3
B66: 2012 | C66: 6 | D66: 0 | E66: 0 | F66: 2
B67: Average | C67: =AVERAGE(C61:C66) -> 2.8333333 | D67: =AVERAGE(D61:D66) -> 0.16666667 | E67: =AVERAGE(E60:E66) -> 0.71428571 | F67: =AVERAGE(F60:F66) -> 32.571429
B69: Table 4: Cases of other bacterial meningitis in Scotland sourced from HPS (2000 to 2012)
B70: Year | C70: Cases of Pneumococcal meningitis reported to SPIDER | D70: Haemophilus influenzae CSF isolates (and cases from 2002) | E70: TB Meningitis Cases reported to ESMI* | F70: Other bacterial (CSF Isolates)
B71: 2000 | C71: 32 | D71: 3 | E71: 7 | F71: 23
B72: 2001 | C72: 38 | D72: 4 | E72: 4 | F72: 17
B73: 2002 | C73: 35 | D73: 6 | E73: 7 | F73: 20
B74: 2003 | C74: 27 | D74: 7 | E74: 7 | F74: 20
B75: 2004 | C75: 19 | D75: 6 | E75: 8 | F75: 20
B76: 2005 | C76: 36 | D76: 7 | E76: 3 | F76: 17
B77: 2006 | C77: 37 | D77: 2 | E77: 8 | F77: 45
B78: 2007 | C78: 18 | D78: 6 | E78: 9 | F78: 54
B79: 2008 | C79: 24 | D79: 6 | E79: 11 | F79: 58
B80: 2009 | C80: 25 | D80: 2 | E80: 10 | F80: 81
B81: 2010 | C81: 27 | D81: 2 | E81: 8 | F81: 92
B82: 2011 | C82: 24 | D82: 2 | E82: 5 | F82: 84
B83: 2012 | C83: 37 | D83: 5 | E83: 5 | F83: 106
B85: Average | C85: =AVERAGE(C78:C84) -> 25.833333 | D85: =AVERAGE(D78:D84) -> 3.8333333 | E85: =AVERAGE(E72:E84) -> 7.0833333 | F85: =AVERAGE(F72:F84) -> 51.166667
B87: *Enhanced Surveillance of Mycobacterial Infections
B88: ** Scottish Pneumococcal Invasive Disease Enhanced Reporting

Sheet NOTES
