Workbook

Sheet MASTER data
A1: PETRON
A2: MASTER SUMMARY SHEET
A4: DATE - 21.3.12
A5: S.NO. | C5: ITEM DECRIPTION | E5: DATE | F5: ULTRATECH CEMENT - RAVAN | G5: RELIANCE - SATNA | H5: SEPCO -CHATISGARH CHAMPA | I5: LAFARGE -CHATISGARH
F6: UNIT RATE (RS.) | G6: UNIT RATE (RS.) | H6: UNIT RATE (RS.) | I6: UNIT RATE (RS.)
A7: 1 | B7: LFG | C7: 220AMP CHANGE OVER SWITCH FRONT HANDLE MAKE L &T | E7: 40941 | I7: 2345
A8: 2 | B8: LFG | C8: dd | E8: 40941 | H8: 345
A9: 3 | B9: SEP | C9: sf | E9: 40941 | G9: 654
B10: RIL | C10: f | E10: 40941 | F10: 324
B11: RIL | C11: jhjuh | E11: 40970 | I11: 2355
B12: LFG | C12: klk | E12: 40941 | I12: 3332
B13: UTC

Sheet UTC
A1: PETRON
A2: ULTRA TECH CEMENT -RAVAN
C3: 2011 | AA3: 2012
A4: S.NO. | B4: ITEM DECRIPTION | C4: 40544 | E4: 40576 | G4: 40608 | I4: 40640 | K4: 40672 | M4: 40704 | O4: 40736 | Q4: 40768 | S4: 40800 | U4: 40832 | W4: 40864 | Y4: 40896 | AA4: 40544 | AC4: 40576 | AE4: 40608 | AG4: 40640 | AI4: 40672 | AK4: 40704 | AM4: 40736 | AO4: 40768 | AQ4: 40800 | AS4: 40832 | AU4: 40864 | AW4: 40896
C5: DATE | D5: UNIT RATE (RS.) | E5: DATE | F5: UNIT RATE (RS.) | G5: DATE | H5: UNIT RATE (RS.) | I5: DATE | J5: UNIT RATE (RS.) | K5: DATE | L5: UNIT RATE (RS.) | M5: DATE | N5: UNIT RATE (RS.) | O5: DATE | P5: UNIT RATE (RS.) | Q5: DATE | R5: UNIT RATE (RS.) | S5: DATE | T5: UNIT RATE (RS.) | U5: DATE | V5: UNIT RATE (RS.) | W5: DATE | X5: UNIT RATE (RS.) | Y5: DATE | Z5: UNIT RATE (RS.) | AA5: DATE | AB5: UNIT RATE (RS.) | AC5: DATE | AD5: UNIT RATE (RS.) | AE5: DATE | AF5: UNIT RATE (RS.) | AG5: DATE | AH5: UNIT RATE (RS.) | AI5: DATE | AJ5: UNIT RATE (RS.) | AK5: DATE | AL5: UNIT RATE (RS.) | AM5: DATE | AN5: UNIT RATE (RS.) | AO5: DATE | AP5: UNIT RATE (RS.) | AQ5: DATE | AR5: UNIT RATE (RS.) | AS5: DATE | AT5: UNIT RATE (RS.) | AU5: DATE | AV5: UNIT RATE (RS.) | AW5: DATE | AX5: UNIT RATE (RS.)
A6: 1 | B6: =IF('MASTER data'!B7="UTC",'MASTER data'!C7,0) -> 0 | C6: =IF('MASTER data'!$B7="UTC",IF(MONTH('MASTER data'!$E7)=MONTH(C$4),'MASTER data'!$E7,""),"") | D6: =IF(C6='MASTER data'!$E7,'MASTER data'!$H7,"") | E6: =IF('MASTER data'!$B7="UTC",IF(MONTH('MASTER data'!$E7)=MONTH(E$4),'MASTER data'!$E7,""),"") | F6: =IF(E6='MASTER data'!$E7,'MASTER data'!$H7,"") | G6: =IF('MASTER data'!$B7="UTC",IF(MONTH('MASTER data'!$E7)=MONTH(G$4),'MASTER data'!$E7,""),"") | H6: =IF(G6='MASTER data'!$E7,'MASTER data'!$H7,"") | I6: =IF('MASTER data'!$B7="UTC",IF(MONTH('MASTER data'!$E7)=MONTH(I$4),'MASTER data'!$E7,""),"") | J6: =IF(I6='MASTER data'!$E7,'MASTER data'!$H7,"") | K6: =IF('MASTER data'!$B7="UTC",IF(MONTH('MASTER data'!$E7)=MONTH(K$4),'MASTER data'!$E7,""),"") | L6: =IF(K6='MASTER data'!$E7,'MASTER data'!$H7,"") | M6: =IF('MASTER data'!$B7="UTC",IF(MONTH('MASTER data'!$E7)=MONTH(M$4),'MASTER data'!$E7,""),"") | N6: =IF(M6='MASTER data'!$E7,'MASTER data'!$H7,"") | O6: =IF('MASTER data'!$B7="UTC",IF(MONTH('MASTER data'!$E7)=MONTH(O$4),'MASTER data'!$E7,""),"") | P6: =IF(O6='MASTER data'!$E7,'MASTER data'!$H7,"") | Q6: =IF('MASTER data'!$B7="UTC",IF(MONTH('MASTER data'!$E7)=MONTH(Q$4),'MASTER data'!$E7,""),"") | R6: =IF(Q6='MASTER data'!$E7,'MASTER data'!$H7,"") | S6: =IF('MASTER data'!$B7="UTC",IF(MONTH('MASTER data'!$E7)=MONTH(S$4),'MASTER data'!$E7,""),"") | T6: =IF(S6='MASTER data'!$E7,'MASTER data'!$H7,"") | U6: =IF('MASTER data'!$B7="UTC",IF(MONTH('MASTER data'!$E7)=MONTH(U$4),'MASTER data'!$E7,""),"") | V6: =IF(U6='MASTER data'!$E7,'MASTER data'!$H7,"") | W6: =IF('MASTER data'!$B7="UTC",IF(MONTH('MASTER data'!$E7)=MONTH(W$4),'MASTER data'!$E7,""),"") | X6: =IF(W6='MASTER data'!$E7,'MASTER data'!$H7,"") | Y6: =IF('MASTER data'!$B7="UTC",IF(MONTH('MASTER data'!$E7)=MONTH(Y$4),'MASTER data'!$E7,""),"") | Z6: =IF(Y6='MASTER data'!$E7,'MASTER data'!$H7,"")
C7: =IF('MASTER data'!$B8="UTC",IF(MONTH('MASTER data'!$E8)=MONTH(C$4),'MASTER data'!$E8,""),"") | D7: =IF(C7='MASTER data'!$E8,'MASTER data'!$H8,"") | E7: =IF('MASTER data'!$B8="UTC",IF(MONTH('MASTER data'!$E8)=MONTH(E$4),'MASTER data'!$E8,""),"") | F7: =IF(E7='MASTER data'!$E8,'MASTER data'!$H8,"") | G7: =IF('MASTER data'!$B8="UTC",IF(MONTH('MASTER data'!$E8)=MONTH(G$4),'MASTER data'!$E8,""),"") | H7: =IF(G7='MASTER data'!$E8,'MASTER data'!$H8,"") | I7: =IF('MASTER data'!$B8="UTC",IF(MONTH('MASTER data'!$E8)=MONTH(I$4),'MASTER data'!$E8,""),"") | J7: =IF(I7='MASTER data'!$E8,'MASTER data'!$H8,"") | K7: =IF('MASTER data'!$B8="UTC",IF(MONTH('MASTER data'!$E8)=MONTH(K$4),'MASTER data'!$E8,""),"") | L7: =IF(K7='MASTER data'!$E8,'MASTER data'!$H8,"") | M7: =IF('MASTER data'!$B8="UTC",IF(MONTH('MASTER data'!$E8)=MONTH(M$4),'MASTER data'!$E8,""),"") | N7: =IF(M7='MASTER data'!$E8,'MASTER data'!$H8,"") | O7: =IF('MASTER data'!$B8="UTC",IF(MONTH('MASTER data'!$E8)=MONTH(O$4),'MASTER data'!$E8,""),"") | P7: =IF(O7='MASTER data'!$E8,'MASTER data'!$H8,"") | Q7: =IF('MASTER data'!$B8="UTC",IF(MONTH('MASTER data'!$E8)=MONTH(Q$4),'MASTER data'!$E8,""),"") | R7: =IF(Q7='MASTER data'!$E8,'MASTER data'!$H8,"") | S7: =IF('MASTER data'!$B8="UTC",IF(MONTH('MASTER data'!$E8)=MONTH(S$4),'MASTER data'!$E8,""),"") | T7: =IF(S7='MASTER data'!$E8,'MASTER data'!$H8,"") | U7: =IF('MASTER data'!$B8="UTC",IF(MONTH('MASTER data'!$E8)=MONTH(U$4),'MASTER data'!$E8,""),"") | V7: =IF(U7='MASTER data'!$E8,'MASTER data'!$H8,"") | W7: =IF('MASTER data'!$B8="UTC",IF(MONTH('MASTER data'!$E8)=MONTH(W$4),'MASTER data'!$E8,""),"") | X7: =IF(W7='MASTER data'!$E8,'MASTER data'!$H8,"") | Y7: =IF('MASTER data'!$B8="UTC",IF(MONTH('MASTER data'!$E8)=MONTH(Y$4),'MASTER data'!$E8,""),"") | Z7: =IF(Y7='MASTER data'!$E8,'MASTER data'!$H8,"")
C8: =IF('MASTER data'!$B9="UTC",IF(MONTH('MASTER data'!$E9)=MONTH(C$4),'MASTER data'!$E9,""),"") | D8: =IF(C8='MASTER data'!$E9,'MASTER data'!$H9,"") | E8: =IF('MASTER data'!$B9="UTC",IF(MONTH('MASTER data'!$E9)=MONTH(E$4),'MASTER data'!$E9,""),"") | F8: =IF(E8='MASTER data'!$E9,'MASTER data'!$H9,"") | G8: =IF('MASTER data'!$B9="UTC",IF(MONTH('MASTER data'!$E9)=MONTH(G$4),'MASTER data'!$E9,""),"") | H8: =IF(G8='MASTER data'!$E9,'MASTER data'!$H9,"") | I8: =IF('MASTER data'!$B9="UTC",IF(MONTH('MASTER data'!$E9)=MONTH(I$4),'MASTER data'!$E9,""),"") | J8: =IF(I8='MASTER data'!$E9,'MASTER data'!$H9,"") | K8: =IF('MASTER data'!$B9="UTC",IF(MONTH('MASTER data'!$E9)=MONTH(K$4),'MASTER data'!$E9,""),"") | L8: =IF(K8='MASTER data'!$E9,'MASTER data'!$H9,"") | M8: =IF('MASTER data'!$B9="UTC",IF(MONTH('MASTER data'!$E9)=MONTH(M$4),'MASTER data'!$E9,""),"") | N8: =IF(M8='MASTER data'!$E9,'MASTER data'!$H9,"") | O8: =IF('MASTER data'!$B9="UTC",IF(MONTH('MASTER data'!$E9)=MONTH(O$4),'MASTER data'!$E9,""),"") | P8: =IF(O8='MASTER data'!$E9,'MASTER data'!$H9,"") | Q8: =IF('MASTER data'!$B9="UTC",IF(MONTH('MASTER data'!$E9)=MONTH(Q$4),'MASTER data'!$E9,""),"") | R8: =IF(Q8='MASTER data'!$E9,'MASTER data'!$H9,"") | S8: =IF('MASTER data'!$B9="UTC",IF(MONTH('MASTER data'!$E9)=MONTH(S$4),'MASTER data'!$E9,""),"") | T8: =IF(S8='MASTER data'!$E9,'MASTER data'!$H9,"") | U8: =IF('MASTER data'!$B9="UTC",IF(MONTH('MASTER data'!$E9)=MONTH(U$4),'MASTER data'!$E9,""),"") | V8: =IF(U8='MASTER data'!$E9,'MASTER data'!$H9,"") | W8: =IF('MASTER data'!$B9="UTC",IF(MONTH('MASTER data'!$E9)=MONTH(W$4),'MASTER data'!$E9,""),"") | X8: =IF(W8='MASTER data'!$E9,'MASTER data'!$H9,"") | Y8: =IF('MASTER data'!$B9="UTC",IF(MONTH('MASTER data'!$E9)=MONTH(Y$4),'MASTER data'!$E9,""),"") | Z8: =IF(Y8='MASTER data'!$E9,'MASTER data'!$H9,"")
C9: =IF('MASTER data'!$B10="UTC",IF(MONTH('MASTER data'!$E10)=MONTH(C$4),'MASTER data'!$E10,""),"") | D9: =IF(C9='MASTER data'!$E10,'MASTER data'!$H10,"") | E9: =IF('MASTER data'!$B10="UTC",IF(MONTH('MASTER data'!$E10)=MONTH(E$4),'MASTER data'!$E10,""),"") | F9: =IF(E9='MASTER data'!$E10,'MASTER data'!$H10,"") | G9: =IF('MASTER data'!$B10="UTC",IF(MONTH('MASTER data'!$E10)=MONTH(G$4),'MASTER data'!$E10,""),"") | H9: =IF(G9='MASTER data'!$E10,'MASTER data'!$H10,"") | I9: =IF('MASTER data'!$B10="UTC",IF(MONTH('MASTER data'!$E10)=MONTH(I$4),'MASTER data'!$E10,""),"") | J9: =IF(I9='MASTER data'!$E10,'MASTER data'!$H10,"") | K9: =IF('MASTER data'!$B10="UTC",IF(MONTH('MASTER data'!$E10)=MONTH(K$4),'MASTER data'!$E10,""),"") | L9: =IF(K9='MASTER data'!$E10,'MASTER data'!$H10,"") | M9: =IF('MASTER data'!$B10="UTC",IF(MONTH('MASTER data'!$E10)=MONTH(M$4),'MASTER data'!$E10,""),"") | N9: =IF(M9='MASTER data'!$E10,'MASTER data'!$H10,"") | O9: =IF('MASTER data'!$B10="UTC",IF(MONTH('MASTER data'!$E10)=MONTH(O$4),'MASTER data'!$E10,""),"") | P9: =IF(O9='MASTER data'!$E10,'MASTER data'!$H10,"") | Q9: =IF('MASTER data'!$B10="UTC",IF(MONTH('MASTER data'!$E10)=MONTH(Q$4),'MASTER data'!$E10,""),"") | R9: =IF(Q9='MASTER data'!$E10,'MASTER data'!$H10,"") | S9: =IF('MASTER data'!$B10="UTC",IF(MONTH('MASTER data'!$E10)=MONTH(S$4),'MASTER data'!$E10,""),"") | T9: =IF(S9='MASTER data'!$E10,'MASTER data'!$H10,"") | U9: =IF('MASTER data'!$B10="UTC",IF(MONTH('MASTER data'!$E10)=MONTH(U$4),'MASTER data'!$E10,""),"") | V9: =IF(U9='MASTER data'!$E10,'MASTER data'!$H10,"") | W9: =IF('MASTER data'!$B10="UTC",IF(MONTH('MASTER data'!$E10)=MONTH(W$4),'MASTER data'!$E10,""),"") | X9: =IF(W9='MASTER data'!$E10,'MASTER data'!$H10,"") | Y9: =IF('MASTER data'!$B10="UTC",IF(MONTH('MASTER data'!$E10)=MONTH(Y$4),'MASTER data'!$E10,""),"") | Z9: =IF(Y9='MASTER data'!$E10,'MASTER data'!$H10,"")
C10: =IF('MASTER data'!$B11="UTC",IF(MONTH('MASTER data'!$E11)=MONTH(C$4),'MASTER data'!$E11,""),"") | D10: =IF(C10='MASTER data'!$E11,'MASTER data'!$H11,"") | E10: =IF('MASTER data'!$B11="UTC",IF(MONTH('MASTER data'!$E11)=MONTH(E$4),'MASTER data'!$E11,""),"") | F10: =IF(E10='MASTER data'!$E11,'MASTER data'!$H11,"") | G10: =IF('MASTER data'!$B11="UTC",IF(MONTH('MASTER data'!$E11)=MONTH(G$4),'MASTER data'!$E11,""),"") | H10: =IF(G10='MASTER data'!$E11,'MASTER data'!$H11,"") | I10: =IF('MASTER data'!$B11="UTC",IF(MONTH('MASTER data'!$E11)=MONTH(I$4),'MASTER data'!$E11,""),"") | J10: =IF(I10='MASTER data'!$E11,'MASTER data'!$H11,"") | K10: =IF('MASTER data'!$B11="UTC",IF(MONTH('MASTER data'!$E11)=MONTH(K$4),'MASTER data'!$E11,""),"") | L10: =IF(K10='MASTER data'!$E11,'MASTER data'!$H11,"") | M10: =IF('MASTER data'!$B11="UTC",IF(MONTH('MASTER data'!$E11)=MONTH(M$4),'MASTER data'!$E11,""),"") | N10: =IF(M10='MASTER data'!$E11,'MASTER data'!$H11,"") | O10: =IF('MASTER data'!$B11="UTC",IF(MONTH('MASTER data'!$E11)=MONTH(O$4),'MASTER data'!$E11,""),"") | P10: =IF(O10='MASTER data'!$E11,'MASTER data'!$H11,"") | Q10: =IF('MASTER data'!$B11="UTC",IF(MONTH('MASTER data'!$E11)=MONTH(Q$4),'MASTER data'!$E11,""),"") | R10: =IF(Q10='MASTER data'!$E11,'MASTER data'!$H11,"") | S10: =IF('MASTER data'!$B11="UTC",IF(MONTH('MASTER data'!$E11)=MONTH(S$4),'MASTER data'!$E11,""),"") | T10: =IF(S10='MASTER data'!$E11,'MASTER data'!$H11,"") | U10: =IF('MASTER data'!$B11="UTC",IF(MONTH('MASTER data'!$E11)=MONTH(U$4),'MASTER data'!$E11,""),"") | V10: =IF(U10='MASTER data'!$E11,'MASTER data'!$H11,"") | W10: =IF('MASTER data'!$B11="UTC",IF(MONTH('MASTER data'!$E11)=MONTH(W$4),'MASTER data'!$E11,""),"") | X10: =IF(W10='MASTER data'!$E11,'MASTER data'!$H11,"") | Y10: =IF('MASTER data'!$B11="UTC",IF(MONTH('MASTER data'!$E11)=MONTH(Y$4),'MASTER data'!$E11,""),"") | Z10: =IF(Y10='MASTER data'!$E11,'MASTER data'!$H11,"")
C11: =IF('MASTER data'!$B12="UTC",IF(MONTH('MASTER data'!$E12)=MONTH(C$4),'MASTER data'!$E12,""),"") | D11: =IF(C11='MASTER data'!$E12,'MASTER data'!$H12,"") | E11: =IF('MASTER data'!$B12="UTC",IF(MONTH('MASTER data'!$E12)=MONTH(E$4),'MASTER data'!$E12,""),"") | F11: =IF(E11='MASTER data'!$E12,'MASTER data'!$H12,"") | G11: =IF('MASTER data'!$B12="UTC",IF(MONTH('MASTER data'!$E12)=MONTH(G$4),'MASTER data'!$E12,""),"") | H11: =IF(G11='MASTER data'!$E12,'MASTER data'!$H12,"") | I11: =IF('MASTER data'!$B12="UTC",IF(MONTH('MASTER data'!$E12)=MONTH(I$4),'MASTER data'!$E12,""),"") | J11: =IF(I11='MASTER data'!$E12,'MASTER data'!$H12,"") | K11: =IF('MASTER data'!$B12="UTC",IF(MONTH('MASTER data'!$E12)=MONTH(K$4),'MASTER data'!$E12,""),"") | L11: =IF(K11='MASTER data'!$E12,'MASTER data'!$H12,"") | M11: =IF('MASTER data'!$B12="UTC",IF(MONTH('MASTER data'!$E12)=MONTH(M$4),'MASTER data'!$E12,""),"") | N11: =IF(M11='MASTER data'!$E12,'MASTER data'!$H12,"") | O11: =IF('MASTER data'!$B12="UTC",IF(MONTH('MASTER data'!$E12)=MONTH(O$4),'MASTER data'!$E12,""),"") | P11: =IF(O11='MASTER data'!$E12,'MASTER data'!$H12,"") | Q11: =IF('MASTER data'!$B12="UTC",IF(MONTH('MASTER data'!$E12)=MONTH(Q$4),'MASTER data'!$E12,""),"") | R11: =IF(Q11='MASTER data'!$E12,'MASTER data'!$H12,"") | S11: =IF('MASTER data'!$B12="UTC",IF(MONTH('MASTER data'!$E12)=MONTH(S$4),'MASTER data'!$E12,""),"") | T11: =IF(S11='MASTER data'!$E12,'MASTER data'!$H12,"") | U11: =IF('MASTER data'!$B12="UTC",IF(MONTH('MASTER data'!$E12)=MONTH(U$4),'MASTER data'!$E12,""),"") | V11: =IF(U11='MASTER data'!$E12,'MASTER data'!$H12,"") | W11: =IF('MASTER data'!$B12="UTC",IF(MONTH('MASTER data'!$E12)=MONTH(W$4),'MASTER data'!$E12,""),"") | X11: =IF(W11='MASTER data'!$E12,'MASTER data'!$H12,"") | Y11: =IF('MASTER data'!$B12="UTC",IF(MONTH('MASTER data'!$E12)=MONTH(Y$4),'MASTER data'!$E12,""),"") | Z11: =IF(Y11='MASTER data'!$E12,'MASTER data'!$H12,"")
C12: =IF('MASTER data'!$B13="UTC",IF(MONTH('MASTER data'!$E13)=MONTH(C$4),'MASTER data'!$E13,""),"") -> 0 | D12: =IF(C12='MASTER data'!$E13,'MASTER data'!$H13,"") -> 0 | E12: =IF('MASTER data'!$B13="UTC",IF(MONTH('MASTER data'!$E13)=MONTH(E$4),'MASTER data'!$E13,""),"") | F12: =IF(E12='MASTER data'!$E13,'MASTER data'!$H13,"") -> 0 | G12: =IF('MASTER data'!$B13="UTC",IF(MONTH('MASTER data'!$E13)=MONTH(G$4),'MASTER data'!$E13,""),"") | H12: =IF(G12='MASTER data'!$E13,'MASTER data'!$H13,"") -> 0 | I12: =IF('MASTER data'!$B13="UTC",IF(MONTH('MASTER data'!$E13)=MONTH(I$4),'MASTER data'!$E13,""),"") | J12: =IF(I12='MASTER data'!$E13,'MASTER data'!$H13,"") -> 0 | K12: =IF('MASTER data'!$B13="UTC",IF(MONTH('MASTER data'!$E13)=MONTH(K$4),'MASTER data'!$E13,""),"") | L12: =IF(K12='MASTER data'!$E13,'MASTER data'!$H13,"") -> 0 | M12: =IF('MASTER data'!$B13="UTC",IF(MONTH('MASTER data'!$E13)=MONTH(M$4),'MASTER data'!$E13,""),"") | N12: =IF(M12='MASTER data'!$E13,'MASTER data'!$H13,"") -> 0 | O12: =IF('MASTER data'!$B13="UTC",IF(MONTH('MASTER data'!$E13)=MONTH(O$4),'MASTER data'!$E13,""),"") | P12: =IF(O12='MASTER data'!$E13,'MASTER data'!$H13,"") -> 0 | Q12: =IF('MASTER data'!$B13="UTC",IF(MONTH('MASTER data'!$E13)=MONTH(Q$4),'MASTER data'!$E13,""),"") | R12: =IF(Q12='MASTER data'!$E13,'MASTER data'!$H13,"") -> 0 | S12: =IF('MASTER data'!$B13="UTC",IF(MONTH('MASTER data'!$E13)=MONTH(S$4),'MASTER data'!$E13,""),"") | T12: =IF(S12='MASTER data'!$E13,'MASTER data'!$H13,"") -> 0 | U12: =IF('MASTER data'!$B13="UTC",IF(MONTH('MASTER data'!$E13)=MONTH(U$4),'MASTER data'!$E13,""),"") | V12: =IF(U12='MASTER data'!$E13,'MASTER data'!$H13,"") -> 0 | W12: =IF('MASTER data'!$B13="UTC",IF(MONTH('MASTER data'!$E13)=MONTH(W$4),'MASTER data'!$E13,""),"") | X12: =IF(W12='MASTER data'!$E13,'MASTER data'!$H13,"") -> 0 | Y12: =IF('MASTER data'!$B13="UTC",IF(MONTH('MASTER data'!$E13)=MONTH(Y$4),'MASTER data'!$E13,""),"") | Z12: =IF(Y12='MASTER data'!$E13,'MASTER data'!$H13,"") -> 0
C13: =IF('MASTER data'!$B14="UTC",IF(MONTH('MASTER data'!$E14)=MONTH(C$4),'MASTER data'!$E14,""),"") | D13: =IF(C13='MASTER data'!$E14,'MASTER data'!$H14,"") -> 0 | E13: =IF('MASTER data'!$B14="UTC",IF(MONTH('MASTER data'!$E14)=MONTH(E$4),'MASTER data'!$E14,""),"") | F13: =IF(E13='MASTER data'!$E14,'MASTER data'!$H14,"") -> 0 | G13: =IF('MASTER data'!$B14="UTC",IF(MONTH('MASTER data'!$E14)=MONTH(G$4),'MASTER data'!$E14,""),"") | H13: =IF(G13='MASTER data'!$E14,'MASTER data'!$H14,"") -> 0 | I13: =IF('MASTER data'!$B14="UTC",IF(MONTH('MASTER data'!$E14)=MONTH(I$4),'MASTER data'!$E14,""),"") | J13: =IF(I13='MASTER data'!$E14,'MASTER data'!$H14,"") -> 0 | K13: =IF('MASTER data'!$B14="UTC",IF(MONTH('MASTER data'!$E14)=MONTH(K$4),'MASTER data'!$E14,""),"") | L13: =IF(K13='MASTER data'!$E14,'MASTER data'!$H14,"") -> 0 | M13: =IF('MASTER data'!$B14="UTC",IF(MONTH('MASTER data'!$E14)=MONTH(M$4),'MASTER data'!$E14,""),"") | N13: =IF(M13='MASTER data'!$E14,'MASTER data'!$H14,"") -> 0 | O13: =IF('MASTER data'!$B14="UTC",IF(MONTH('MASTER data'!$E14)=MONTH(O$4),'MASTER data'!$E14,""),"") | P13: =IF(O13='MASTER data'!$E14,'MASTER data'!$H14,"") -> 0 | Q13: =IF('MASTER data'!$B14="UTC",IF(MONTH('MASTER data'!$E14)=MONTH(Q$4),'MASTER data'!$E14,""),"") | R13: =IF(Q13='MASTER data'!$E14,'MASTER data'!$H14,"") -> 0 | S13: =IF('MASTER data'!$B14="UTC",IF(MONTH('MASTER data'!$E14)=MONTH(S$4),'MASTER data'!$E14,""),"") | T13: =IF(S13='MASTER data'!$E14,'MASTER data'!$H14,"") -> 0 | U13: =IF('MASTER data'!$B14="UTC",IF(MONTH('MASTER data'!$E14)=MONTH(U$4),'MASTER data'!$E14,""),"") | V13: =IF(U13='MASTER data'!$E14,'MASTER data'!$H14,"") -> 0 | W13: =IF('MASTER data'!$B14="UTC",IF(MONTH('MASTER data'!$E14)=MONTH(W$4),'MASTER data'!$E14,""),"") | X13: =IF(W13='MASTER data'!$E14,'MASTER data'!$H14,"") -> 0 | Y13: =IF('MASTER data'!$B14="UTC",IF(MONTH('MASTER data'!$E14)=MONTH(Y$4),'MASTER data'!$E14,""),"") | Z13: =IF(Y13='MASTER data'!$E14,'MASTER data'!$H14,"") -> 0
C14: =IF('MASTER data'!$B15="UTC",IF(MONTH('MASTER data'!$E15)=MONTH(C$4),'MASTER data'!$E15,""),"") | D14: =IF(C14='MASTER data'!$E15,'MASTER data'!$H15,"") -> 0 | E14: =IF('MASTER data'!$B15="UTC",IF(MONTH('MASTER data'!$E15)=MONTH(E$4),'MASTER data'!$E15,""),"") | F14: =IF(E14='MASTER data'!$E15,'MASTER data'!$H15,"") -> 0 | G14: =IF('MASTER data'!$B15="UTC",IF(MONTH('MASTER data'!$E15)=MONTH(G$4),'MASTER data'!$E15,""),"") | H14: =IF(G14='MASTER data'!$E15,'MASTER data'!$H15,"") -> 0 | I14: =IF('MASTER data'!$B15="UTC",IF(MONTH('MASTER data'!$E15)=MONTH(I$4),'MASTER data'!$E15,""),"") | J14: =IF(I14='MASTER data'!$E15,'MASTER data'!$H15,"") -> 0 | K14: =IF('MASTER data'!$B15="UTC",IF(MONTH('MASTER data'!$E15)=MONTH(K$4),'MASTER data'!$E15,""),"") | L14: =IF(K14='MASTER data'!$E15,'MASTER data'!$H15,"") -> 0 | M14: =IF('MASTER data'!$B15="UTC",IF(MONTH('MASTER data'!$E15)=MONTH(M$4),'MASTER data'!$E15,""),"") | N14: =IF(M14='MASTER data'!$E15,'MASTER data'!$H15,"") -> 0 | O14: =IF('MASTER data'!$B15="UTC",IF(MONTH('MASTER data'!$E15)=MONTH(O$4),'MASTER data'!$E15,""),"") | P14: =IF(O14='MASTER data'!$E15,'MASTER data'!$H15,"") -> 0 | Q14: =IF('MASTER data'!$B15="UTC",IF(MONTH('MASTER data'!$E15)=MONTH(Q$4),'MASTER data'!$E15,""),"") | R14: =IF(Q14='MASTER data'!$E15,'MASTER data'!$H15,"") -> 0 | S14: =IF('MASTER data'!$B15="UTC",IF(MONTH('MASTER data'!$E15)=MONTH(S$4),'MASTER data'!$E15,""),"") | T14: =IF(S14='MASTER data'!$E15,'MASTER data'!$H15,"") -> 0 | U14: =IF('MASTER data'!$B15="UTC",IF(MONTH('MASTER data'!$E15)=MONTH(U$4),'MASTER data'!$E15,""),"") | V14: =IF(U14='MASTER data'!$E15,'MASTER data'!$H15,"") -> 0 | W14: =IF('MASTER data'!$B15="UTC",IF(MONTH('MASTER data'!$E15)=MONTH(W$4),'MASTER data'!$E15,""),"") | X14: =IF(W14='MASTER data'!$E15,'MASTER data'!$H15,"") -> 0 | Y14: =IF('MASTER data'!$B15="UTC",IF(MONTH('MASTER data'!$E15)=MONTH(Y$4),'MASTER data'!$E15,""),"") | Z14: =IF(Y14='MASTER data'!$E15,'MASTER data'!$H15,"") -> 0
C15: =IF('MASTER data'!$B16="UTC",IF(MONTH('MASTER data'!$E16)=MONTH(C$4),'MASTER data'!$E16,""),"") | D15: =IF(C15='MASTER data'!$E16,'MASTER data'!$H16,"") -> 0 | E15: =IF('MASTER data'!$B16="UTC",IF(MONTH('MASTER data'!$E16)=MONTH(E$4),'MASTER data'!$E16,""),"") | F15: =IF(E15='MASTER data'!$E16,'MASTER data'!$H16,"") -> 0 | G15: =IF('MASTER data'!$B16="UTC",IF(MONTH('MASTER data'!$E16)=MONTH(G$4),'MASTER data'!$E16,""),"") | H15: =IF(G15='MASTER data'!$E16,'MASTER data'!$H16,"") -> 0 | I15: =IF('MASTER data'!$B16="UTC",IF(MONTH('MASTER data'!$E16)=MONTH(I$4),'MASTER data'!$E16,""),"") | J15: =IF(I15='MASTER data'!$E16,'MASTER data'!$H16,"") -> 0 | K15: =IF('MASTER data'!$B16="UTC",IF(MONTH('MASTER data'!$E16)=MONTH(K$4),'MASTER data'!$E16,""),"") | L15: =IF(K15='MASTER data'!$E16,'MASTER data'!$H16,"") -> 0 | M15: =IF('MASTER data'!$B16="UTC",IF(MONTH('MASTER data'!$E16)=MONTH(M$4),'MASTER data'!$E16,""),"") | N15: =IF(M15='MASTER data'!$E16,'MASTER data'!$H16,"") -> 0 | O15: =IF('MASTER data'!$B16="UTC",IF(MONTH('MASTER data'!$E16)=MONTH(O$4),'MASTER data'!$E16,""),"") | P15: =IF(O15='MASTER data'!$E16,'MASTER data'!$H16,"") -> 0 | Q15: =IF('MASTER data'!$B16="UTC",IF(MONTH('MASTER data'!$E16)=MONTH(Q$4),'MASTER data'!$E16,""),"") | R15: =IF(Q15='MASTER data'!$E16,'MASTER data'!$H16,"") -> 0 | S15: =IF('MASTER data'!$B16="UTC",IF(MONTH('MASTER data'!$E16)=MONTH(S$4),'MASTER data'!$E16,""),"") | T15: =IF(S15='MASTER data'!$E16,'MASTER data'!$H16,"") -> 0 | U15: =IF('MASTER data'!$B16="UTC",IF(MONTH('MASTER data'!$E16)=MONTH(U$4),'MASTER data'!$E16,""),"") | V15: =IF(U15='MASTER data'!$E16,'MASTER data'!$H16,"") -> 0 | W15: =IF('MASTER data'!$B16="UTC",IF(MONTH('MASTER data'!$E16)=MONTH(W$4),'MASTER data'!$E16,""),"") | X15: =IF(W15='MASTER data'!$E16,'MASTER data'!$H16,"") -> 0 | Y15: =IF('MASTER data'!$B16="UTC",IF(MONTH('MASTER data'!$E16)=MONTH(Y$4),'MASTER data'!$E16,""),"") | Z15: =IF(Y15='MASTER data'!$E16,'MASTER data'!$H16,"") -> 0
C16: =IF('MASTER data'!$B17="UTC",IF(MONTH('MASTER data'!$E17)=MONTH(C$4),'MASTER data'!$E17,""),"") | D16: =IF(C16='MASTER data'!$E17,'MASTER data'!$H17,"") -> 0 | E16: =IF('MASTER data'!$B17="UTC",IF(MONTH('MASTER data'!$E17)=MONTH(E$4),'MASTER data'!$E17,""),"") | F16: =IF(E16='MASTER data'!$E17,'MASTER data'!$H17,"") -> 0 | G16: =IF('MASTER data'!$B17="UTC",IF(MONTH('MASTER data'!$E17)=MONTH(G$4),'MASTER data'!$E17,""),"") | H16: =IF(G16='MASTER data'!$E17,'MASTER data'!$H17,"") -> 0 | I16: =IF('MASTER data'!$B17="UTC",IF(MONTH('MASTER data'!$E17)=MONTH(I$4),'MASTER data'!$E17,""),"") | J16: =IF(I16='MASTER data'!$E17,'MASTER data'!$H17,"") -> 0 | K16: =IF('MASTER data'!$B17="UTC",IF(MONTH('MASTER data'!$E17)=MONTH(K$4),'MASTER data'!$E17,""),"") | L16: =IF(K16='MASTER data'!$E17,'MASTER data'!$H17,"") -> 0 | M16: =IF('MASTER data'!$B17="UTC",IF(MONTH('MASTER data'!$E17)=MONTH(M$4),'MASTER data'!$E17,""),"") | N16: =IF(M16='MASTER data'!$E17,'MASTER data'!$H17,"") -> 0 | O16: =IF('MASTER data'!$B17="UTC",IF(MONTH('MASTER data'!$E17)=MONTH(O$4),'MASTER data'!$E17,""),"") | P16: =IF(O16='MASTER data'!$E17,'MASTER data'!$H17,"") -> 0 | Q16: =IF('MASTER data'!$B17="UTC",IF(MONTH('MASTER data'!$E17)=MONTH(Q$4),'MASTER data'!$E17,""),"") | R16: =IF(Q16='MASTER data'!$E17,'MASTER data'!$H17,"") -> 0 | S16: =IF('MASTER data'!$B17="UTC",IF(MONTH('MASTER data'!$E17)=MONTH(S$4),'MASTER data'!$E17,""),"") | T16: =IF(S16='MASTER data'!$E17,'MASTER data'!$H17,"") -> 0 | U16: =IF('MASTER data'!$B17="UTC",IF(MONTH('MASTER data'!$E17)=MONTH(U$4),'MASTER data'!$E17,""),"") | V16: =IF(U16='MASTER data'!$E17,'MASTER data'!$H17,"") -> 0 | W16: =IF('MASTER data'!$B17="UTC",IF(MONTH('MASTER data'!$E17)=MONTH(W$4),'MASTER data'!$E17,""),"") | X16: =IF(W16='MASTER data'!$E17,'MASTER data'!$H17,"") -> 0 | Y16: =IF('MASTER data'!$B17="UTC",IF(MONTH('MASTER data'!$E17)=MONTH(Y$4),'MASTER data'!$E17,""),"") | Z16: =IF(Y16='MASTER data'!$E17,'MASTER data'!$H17,"") -> 0
C17: =IF('MASTER data'!$B18="UTC",IF(MONTH('MASTER data'!$E18)=MONTH(C$4),'MASTER data'!$E18,""),"") | D17: =IF(C17='MASTER data'!$E18,'MASTER data'!$H18,"") -> 0 | E17: =IF('MASTER data'!$B18="UTC",IF(MONTH('MASTER data'!$E18)=MONTH(E$4),'MASTER data'!$E18,""),"") | F17: =IF(E17='MASTER data'!$E18,'MASTER data'!$H18,"") -> 0 | G17: =IF('MASTER data'!$B18="UTC",IF(MONTH('MASTER data'!$E18)=MONTH(G$4),'MASTER data'!$E18,""),"") | H17: =IF(G17='MASTER data'!$E18,'MASTER data'!$H18,"") -> 0 | I17: =IF('MASTER data'!$B18="UTC",IF(MONTH('MASTER data'!$E18)=MONTH(I$4),'MASTER data'!$E18,""),"") | J17: =IF(I17='MASTER data'!$E18,'MASTER data'!$H18,"") -> 0 | K17: =IF('MASTER data'!$B18="UTC",IF(MONTH('MASTER data'!$E18)=MONTH(K$4),'MASTER data'!$E18,""),"") | L17: =IF(K17='MASTER data'!$E18,'MASTER data'!$H18,"") -> 0 | M17: =IF('MASTER data'!$B18="UTC",IF(MONTH('MASTER data'!$E18)=MONTH(M$4),'MASTER data'!$E18,""),"") | N17: =IF(M17='MASTER data'!$E18,'MASTER data'!$H18,"") -> 0 | O17: =IF('MASTER data'!$B18="UTC",IF(MONTH('MASTER data'!$E18)=MONTH(O$4),'MASTER data'!$E18,""),"") | P17: =IF(O17='MASTER data'!$E18,'MASTER data'!$H18,"") -> 0 | Q17: =IF('MASTER data'!$B18="UTC",IF(MONTH('MASTER data'!$E18)=MONTH(Q$4),'MASTER data'!$E18,""),"") | R17: =IF(Q17='MASTER data'!$E18,'MASTER data'!$H18,"") -> 0 | S17: =IF('MASTER data'!$B18="UTC",IF(MONTH('MASTER data'!$E18)=MONTH(S$4),'MASTER data'!$E18,""),"") | T17: =IF(S17='MASTER data'!$E18,'MASTER data'!$H18,"") -> 0 | U17: =IF('MASTER data'!$B18="UTC",IF(MONTH('MASTER data'!$E18)=MONTH(U$4),'MASTER data'!$E18,""),"") | V17: =IF(U17='MASTER data'!$E18,'MASTER data'!$H18,"") -> 0 | W17: =IF('MASTER data'!$B18="UTC",IF(MONTH('MASTER data'!$E18)=MONTH(W$4),'MASTER data'!$E18,""),"") | X17: =IF(W17='MASTER data'!$E18,'MASTER data'!$H18,"") -> 0 | Y17: =IF('MASTER data'!$B18="UTC",IF(MONTH('MASTER data'!$E18)=MONTH(Y$4),'MASTER data'!$E18,""),"") | Z17: =IF(Y17='MASTER data'!$E18,'MASTER data'!$H18,"") -> 0
C18: =IF('MASTER data'!$B19="UTC",IF(MONTH('MASTER data'!$E19)=MONTH(C$4),'MASTER data'!$E19,""),"") | D18: =IF(C18='MASTER data'!$E19,'MASTER data'!$H19,"") -> 0 | E18: =IF('MASTER data'!$B19="UTC",IF(MONTH('MASTER data'!$E19)=MONTH(E$4),'MASTER data'!$E19,""),"") | F18: =IF(E18='MASTER data'!$E19,'MASTER data'!$H19,"") -> 0 | G18: =IF('MASTER data'!$B19="UTC",IF(MONTH('MASTER data'!$E19)=MONTH(G$4),'MASTER data'!$E19,""),"") | H18: =IF(G18='MASTER data'!$E19,'MASTER data'!$H19,"") -> 0 | I18: =IF('MASTER data'!$B19="UTC",IF(MONTH('MASTER data'!$E19)=MONTH(I$4),'MASTER data'!$E19,""),"") | J18: =IF(I18='MASTER data'!$E19,'MASTER data'!$H19,"") -> 0 | K18: =IF('MASTER data'!$B19="UTC",IF(MONTH('MASTER data'!$E19)=MONTH(K$4),'MASTER data'!$E19,""),"") | L18: =IF(K18='MASTER data'!$E19,'MASTER data'!$H19,"") -> 0 | M18: =IF('MASTER data'!$B19="UTC",IF(MONTH('MASTER data'!$E19)=MONTH(M$4),'MASTER data'!$E19,""),"") | N18: =IF(M18='MASTER data'!$E19,'MASTER data'!$H19,"") -> 0 | O18: =IF('MASTER data'!$B19="UTC",IF(MONTH('MASTER data'!$E19)=MONTH(O$4),'MASTER data'!$E19,""),"") | P18: =IF(O18='MASTER data'!$E19,'MASTER data'!$H19,"") -> 0 | Q18: =IF('MASTER data'!$B19="UTC",IF(MONTH('MASTER data'!$E19)=MONTH(Q$4),'MASTER data'!$E19,""),"") | R18: =IF(Q18='MASTER data'!$E19,'MASTER data'!$H19,"") -> 0 | S18: =IF('MASTER data'!$B19="UTC",IF(MONTH('MASTER data'!$E19)=MONTH(S$4),'MASTER data'!$E19,""),"") | T18: =IF(S18='MASTER data'!$E19,'MASTER data'!$H19,"") -> 0 | U18: =IF('MASTER data'!$B19="UTC",IF(MONTH('MASTER data'!$E19)=MONTH(U$4),'MASTER data'!$E19,""),"") | V18: =IF(U18='MASTER data'!$E19,'MASTER data'!$H19,"") -> 0 | W18: =IF('MASTER data'!$B19="UTC",IF(MONTH('MASTER data'!$E19)=MONTH(W$4),'MASTER data'!$E19,""),"") | X18: =IF(W18='MASTER data'!$E19,'MASTER data'!$H19,"") -> 0 | Y18: =IF('MASTER data'!$B19="UTC",IF(MONTH('MASTER data'!$E19)=MONTH(Y$4),'MASTER data'!$E19,""),"") | Z18: =IF(Y18='MASTER data'!$E19,'MASTER data'!$H19,"") -> 0
... C37: =IF('MASTER data'!$B38="UTC",IF(MONTH('MASTER data'!$E38)=MONTH(C$4),'MASTER data'!$E38,""),"") | D37: =IF(C37='MASTER data'!$E38,'MASTER data'!$H38,"") -> 0 | E37: =IF('MASTER data'!$B38="UTC",IF(MONTH('MASTER data'!$E38)=MONTH(E$4),'MASTER data'!$E38,""),"") | F37: =IF(E37='MASTER data'!$E38,'MASTER data'!$H38,"") -> 0 | G37: =IF('MASTER data'!$B38="UTC",IF(MONTH('MASTER data'!$E38)=MONTH(G$4),'MASTER data'!$E38,""),"") | H37: =IF(G37='MASTER data'!$E38,'MASTER data'!$H38,"") -> 0 | I37: =IF('MASTER data'!$B38="UTC",IF(MONTH('MASTER data'!$E38)=MONTH(I$4),'MASTER data'!$E38,""),"") | J37: =IF(I37='MASTER data'!$E38,'MASTER data'!$H38,"") -> 0 | K37: =IF('MASTER data'!$B38="UTC",IF(MONTH('MASTER data'!$E38)=MONTH(K$4),'MASTER data'!$E38,""),"") | L37: =IF(K37='MASTER data'!$E38,'MASTER data'!$H38,"") -> 0 | M37: =IF('MASTER data'!$B38="UTC",IF(MONTH('MASTER data'!$E38)=MONTH(M$4),'MASTER data'!$E38,""),"") | N37: =IF(M37='MASTER data'!$E38,'MASTER data'!$H38,"") -> 0 | O37: =IF('MASTER data'!$B38="UTC",IF(MONTH('MASTER data'!$E38)=MONTH(O$4),'MASTER data'!$E38,""),"") | P37: =IF(O37='MASTER data'!$E38,'MASTER data'!$H38,"") -> 0 | Q37: =IF('MASTER data'!$B38="UTC",IF(MONTH('MASTER data'!$E38)=MONTH(Q$4),'MASTER data'!$E38,""),"") | R37: =IF(Q37='MASTER data'!$E38,'MASTER data'!$H38,"") -> 0 | S37: =IF('MASTER data'!$B38="UTC",IF(MONTH('MASTER data'!$E38)=MONTH(S$4),'MASTER data'!$E38,""),"") | T37: =IF(S37='MASTER data'!$E38,'MASTER data'!$H38,"") -> 0 | U37: =IF('MASTER data'!$B38="UTC",IF(MONTH('MASTER data'!$E38)=MONTH(U$4),'MASTER data'!$E38,""),"") | V37: =IF(U37='MASTER data'!$E38,'MASTER data'!$H38,"") -> 0 | W37: =IF('MASTER data'!$B38="UTC",IF(MONTH('MASTER data'!$E38)=MONTH(W$4),'MASTER data'!$E38,""),"") | X37: =IF(W37='MASTER data'!$E38,'MASTER data'!$H38,"") -> 0 | Y37: =IF('MASTER data'!$B38="UTC",IF(MONTH('MASTER data'!$E38)=MONTH(Y$4),'MASTER data'!$E38,""),"") | Z37: =IF(Y37='MASTER data'!$E38,'MASTER data'!$H38,"") -> 0

Sheet RIL
A1: PETRON
A2: RELIANCE INDUSTRIES LIMITED -SATNA
C3: 2011 | AA3: 2012
A4: S.NO. | B4: ITEM DECRIPTION | C4: 40544 | E4: 40576 | G4: 40608 | I4: 40640 | K4: 40672 | M4: 40704 | O4: 40736 | Q4: 40768 | S4: 40800 | U4: 40832 | W4: 40864 | Y4: 40896
C5: DATE | D5: UNIT RATE (RS.) | E5: DATE | F5: UNIT RATE (RS.) | G5: DATE | H5: UNIT RATE (RS.) | I5: DATE | J5: UNIT RATE (RS.) | K5: DATE | L5: UNIT RATE (RS.) | M5: DATE | N5: UNIT RATE (RS.) | O5: DATE | P5: UNIT RATE (RS.) | Q5: DATE | R5: UNIT RATE (RS.) | S5: DATE | T5: UNIT RATE (RS.) | U5: DATE | V5: UNIT RATE (RS.) | W5: DATE | X5: UNIT RATE (RS.) | Y5: DATE | Z5: UNIT RATE (RS.)
A6: 1 | B6: =IF('MASTER data'!B7="rilG",'MASTER data'!C7,0) -> 0 | C6: =IF('MASTER data'!$B7="RIL",IF(MONTH('MASTER data'!$E7)=MONTH(C$4),'MASTER data'!$E7,""),"") | D6: =IF(C6='MASTER data'!$E7,'MASTER data'!$G7,"") | E6: =IF('MASTER data'!$B7="RIL",IF(MONTH('MASTER data'!$E7)=MONTH(E$4),'MASTER data'!$E7,""),"") | F6: =IF(E6='MASTER data'!$E7,'MASTER data'!$G7,"") | G6: =IF('MASTER data'!$B7="RIL",IF(MONTH('MASTER data'!$E7)=MONTH(G$4),'MASTER data'!$E7,""),"") | H6: =IF(G6='MASTER data'!$E7,'MASTER data'!$G7,"") | I6: =IF('MASTER data'!$B7="RIL",IF(MONTH('MASTER data'!$E7)=MONTH(I$4),'MASTER data'!$E7,""),"") | J6: =IF(I6='MASTER data'!$E7,'MASTER data'!$G7,"") | K6: =IF('MASTER data'!$B7="RIL",IF(MONTH('MASTER data'!$E7)=MONTH(K$4),'MASTER data'!$E7,""),"") | L6: =IF(K6='MASTER data'!$E7,'MASTER data'!$G7,"") | M6: =IF('MASTER data'!$B7="RIL",IF(MONTH('MASTER data'!$E7)=MONTH(M$4),'MASTER data'!$E7,""),"") | N6: =IF(M6='MASTER data'!$E7,'MASTER data'!$G7,"") | O6: =IF('MASTER data'!$B7="RIL",IF(MONTH('MASTER data'!$E7)=MONTH(O$4),'MASTER data'!$E7,""),"") | P6: =IF(O6='MASTER data'!$E7,'MASTER data'!$G7,"") | Q6: =IF('MASTER data'!$B7="RIL",IF(MONTH('MASTER data'!$E7)=MONTH(Q$4),'MASTER data'!$E7,""),"") | R6: =IF(Q6='MASTER data'!$E7,'MASTER data'!$G7,"") | S6: =IF('MASTER data'!$B7="RIL",IF(MONTH('MASTER data'!$E7)=MONTH(S$4),'MASTER data'!$E7,""),"") | T6: =IF(S6='MASTER data'!$E7,'MASTER data'!$G7,"") | U6: =IF('MASTER data'!$B7="RIL",IF(MONTH('MASTER data'!$E7)=MONTH(U$4),'MASTER data'!$E7,""),"") | V6: =IF(U6='MASTER data'!$E7,'MASTER data'!$G7,"") | W6: =IF('MASTER data'!$B7="RIL",IF(MONTH('MASTER data'!$E7)=MONTH(W$4),'MASTER data'!$E7,""),"") | X6: =IF(W6='MASTER data'!$E7,'MASTER data'!$G7,"") | Y6: =IF('MASTER data'!$B7="RIL",IF(MONTH('MASTER data'!$E7)=MONTH(Y$4),'MASTER data'!$E7,""),"") | Z6: =IF(Y6='MASTER data'!$E7,'MASTER data'!$G7,"")
C7: =IF('MASTER data'!$B8="RIL",IF(MONTH('MASTER data'!$E8)=MONTH(C$4),'MASTER data'!$E8,""),"") | D7: =IF(C7='MASTER data'!$E8,'MASTER data'!$G8,"") | E7: =IF('MASTER data'!$B8="RIL",IF(MONTH('MASTER data'!$E8)=MONTH(E$4),'MASTER data'!$E8,""),"") | F7: =IF(E7='MASTER data'!$E8,'MASTER data'!$G8,"") | G7: =IF('MASTER data'!$B8="RIL",IF(MONTH('MASTER data'!$E8)=MONTH(G$4),'MASTER data'!$E8,""),"") | H7: =IF(G7='MASTER data'!$E8,'MASTER data'!$G8,"") | I7: =IF('MASTER data'!$B8="RIL",IF(MONTH('MASTER data'!$E8)=MONTH(I$4),'MASTER data'!$E8,""),"") | J7: =IF(I7='MASTER data'!$E8,'MASTER data'!$G8,"") | K7: =IF('MASTER data'!$B8="RIL",IF(MONTH('MASTER data'!$E8)=MONTH(K$4),'MASTER data'!$E8,""),"") | L7: =IF(K7='MASTER data'!$E8,'MASTER data'!$G8,"") | M7: =IF('MASTER data'!$B8="RIL",IF(MONTH('MASTER data'!$E8)=MONTH(M$4),'MASTER data'!$E8,""),"") | N7: =IF(M7='MASTER data'!$E8,'MASTER data'!$G8,"") | O7: =IF('MASTER data'!$B8="RIL",IF(MONTH('MASTER data'!$E8)=MONTH(O$4),'MASTER data'!$E8,""),"") | P7: =IF(O7='MASTER data'!$E8,'MASTER data'!$G8,"") | Q7: =IF('MASTER data'!$B8="RIL",IF(MONTH('MASTER data'!$E8)=MONTH(Q$4),'MASTER data'!$E8,""),"") | R7: =IF(Q7='MASTER data'!$E8,'MASTER data'!$G8,"") | S7: =IF('MASTER data'!$B8="RIL",IF(MONTH('MASTER data'!$E8)=MONTH(S$4),'MASTER data'!$E8,""),"") | T7: =IF(S7='MASTER data'!$E8,'MASTER data'!$G8,"") | U7: =IF('MASTER data'!$B8="RIL",IF(MONTH('MASTER data'!$E8)=MONTH(U$4),'MASTER data'!$E8,""),"") | V7: =IF(U7='MASTER data'!$E8,'MASTER data'!$G8,"") | W7: =IF('MASTER data'!$B8="RIL",IF(MONTH('MASTER data'!$E8)=MONTH(W$4),'MASTER data'!$E8,""),"") | X7: =IF(W7='MASTER data'!$E8,'MASTER data'!$G8,"") | Y7: =IF('MASTER data'!$B8="RIL",IF(MONTH('MASTER data'!$E8)=MONTH(Y$4),'MASTER data'!$E8,""),"") | Z7: =IF(Y7='MASTER data'!$E8,'MASTER data'!$G8,"")
C8: =IF('MASTER data'!$B9="RIL",IF(MONTH('MASTER data'!$E9)=MONTH(C$4),'MASTER data'!$E9,""),"") | D8: =IF(C8='MASTER data'!$E9,'MASTER data'!$G9,"") | E8: =IF('MASTER data'!$B9="RIL",IF(MONTH('MASTER data'!$E9)=MONTH(E$4),'MASTER data'!$E9,""),"") | F8: =IF(E8='MASTER data'!$E9,'MASTER data'!$G9,"") | G8: =IF('MASTER data'!$B9="RIL",IF(MONTH('MASTER data'!$E9)=MONTH(G$4),'MASTER data'!$E9,""),"") | H8: =IF(G8='MASTER data'!$E9,'MASTER data'!$G9,"") | I8: =IF('MASTER data'!$B9="RIL",IF(MONTH('MASTER data'!$E9)=MONTH(I$4),'MASTER data'!$E9,""),"") | J8: =IF(I8='MASTER data'!$E9,'MASTER data'!$G9,"") | K8: =IF('MASTER data'!$B9="RIL",IF(MONTH('MASTER data'!$E9)=MONTH(K$4),'MASTER data'!$E9,""),"") | L8: =IF(K8='MASTER data'!$E9,'MASTER data'!$G9,"") | M8: =IF('MASTER data'!$B9="RIL",IF(MONTH('MASTER data'!$E9)=MONTH(M$4),'MASTER data'!$E9,""),"") | N8: =IF(M8='MASTER data'!$E9,'MASTER data'!$G9,"") | O8: =IF('MASTER data'!$B9="RIL",IF(MONTH('MASTER data'!$E9)=MONTH(O$4),'MASTER data'!$E9,""),"") | P8: =IF(O8='MASTER data'!$E9,'MASTER data'!$G9,"") | Q8: =IF('MASTER data'!$B9="RIL",IF(MONTH('MASTER data'!$E9)=MONTH(Q$4),'MASTER data'!$E9,""),"") | R8: =IF(Q8='MASTER data'!$E9,'MASTER data'!$G9,"") | S8: =IF('MASTER data'!$B9="RIL",IF(MONTH('MASTER data'!$E9)=MONTH(S$4),'MASTER data'!$E9,""),"") | T8: =IF(S8='MASTER data'!$E9,'MASTER data'!$G9,"") | U8: =IF('MASTER data'!$B9="RIL",IF(MONTH('MASTER data'!$E9)=MONTH(U$4),'MASTER data'!$E9,""),"") | V8: =IF(U8='MASTER data'!$E9,'MASTER data'!$G9,"") | W8: =IF('MASTER data'!$B9="RIL",IF(MONTH('MASTER data'!$E9)=MONTH(W$4),'MASTER data'!$E9,""),"") | X8: =IF(W8='MASTER data'!$E9,'MASTER data'!$G9,"") | Y8: =IF('MASTER data'!$B9="RIL",IF(MONTH('MASTER data'!$E9)=MONTH(Y$4),'MASTER data'!$E9,""),"") | Z8: =IF(Y8='MASTER data'!$E9,'MASTER data'!$G9,"")
C9: =IF('MASTER data'!$B10="RIL",IF(MONTH('MASTER data'!$E10)=MONTH(C$4),'MASTER data'!$E10,""),"") | D9: =IF(C9='MASTER data'!$E10,'MASTER data'!$G10,"") | E9: =IF('MASTER data'!$B10="RIL",IF(MONTH('MASTER data'!$E10)=MONTH(E$4),'MASTER data'!$E10,""),"") -> 40941 | F9: =IF(E9='MASTER data'!$E10,'MASTER data'!$G10,"") -> 0 | G9: =IF('MASTER data'!$B10="RIL",IF(MONTH('MASTER data'!$E10)=MONTH(G$4),'MASTER data'!$E10,""),"") | H9: =IF(G9='MASTER data'!$E10,'MASTER data'!$G10,"") | I9: =IF('MASTER data'!$B10="RIL",IF(MONTH('MASTER data'!$E10)=MONTH(I$4),'MASTER data'!$E10,""),"") | J9: =IF(I9='MASTER data'!$E10,'MASTER data'!$G10,"") | K9: =IF('MASTER data'!$B10="RIL",IF(MONTH('MASTER data'!$E10)=MONTH(K$4),'MASTER data'!$E10,""),"") | L9: =IF(K9='MASTER data'!$E10,'MASTER data'!$G10,"") | M9: =IF('MASTER data'!$B10="RIL",IF(MONTH('MASTER data'!$E10)=MONTH(M$4),'MASTER data'!$E10,""),"") | N9: =IF(M9='MASTER data'!$E10,'MASTER data'!$G10,"") | O9: =IF('MASTER data'!$B10="RIL",IF(MONTH('MASTER data'!$E10)=MONTH(O$4),'MASTER data'!$E10,""),"") | P9: =IF(O9='MASTER data'!$E10,'MASTER data'!$G10,"") | Q9: =IF('MASTER data'!$B10="RIL",IF(MONTH('MASTER data'!$E10)=MONTH(Q$4),'MASTER data'!$E10,""),"") | R9: =IF(Q9='MASTER data'!$E10,'MASTER data'!$G10,"") | S9: =IF('MASTER data'!$B10="RIL",IF(MONTH('MASTER data'!$E10)=MONTH(S$4),'MASTER data'!$E10,""),"") | T9: =IF(S9='MASTER data'!$E10,'MASTER data'!$G10,"") | U9: =IF('MASTER data'!$B10="RIL",IF(MONTH('MASTER data'!$E10)=MONTH(U$4),'MASTER data'!$E10,""),"") | V9: =IF(U9='MASTER data'!$E10,'MASTER data'!$G10,"") | W9: =IF('MASTER data'!$B10="RIL",IF(MONTH('MASTER data'!$E10)=MONTH(W$4),'MASTER data'!$E10,""),"") | X9: =IF(W9='MASTER data'!$E10,'MASTER data'!$G10,"") | Y9: =IF('MASTER data'!$B10="RIL",IF(MONTH('MASTER data'!$E10)=MONTH(Y$4),'MASTER data'!$E10,""),"") | Z9: =IF(Y9='MASTER data'!$E10,'MASTER data'!$G10,"")
C10: =IF('MASTER data'!$B11="RIL",IF(MONTH('MASTER data'!$E11)=MONTH(C$4),'MASTER data'!$E11,""),"") | D10: =IF(C10='MASTER data'!$E11,'MASTER data'!$G11,"") | E10: =IF('MASTER data'!$B11="RIL",IF(MONTH('MASTER data'!$E11)=MONTH(E$4),'MASTER data'!$E11,""),"") | F10: =IF(E10='MASTER data'!$E11,'MASTER data'!$G11,"") | G10: =IF('MASTER data'!$B11="RIL",IF(MONTH('MASTER data'!$E11)=MONTH(G$4),'MASTER data'!$E11,""),"") -> 40970 | H10: =IF(G10='MASTER data'!$E11,'MASTER data'!$G11,"") -> 0 | I10: =IF('MASTER data'!$B11="RIL",IF(MONTH('MASTER data'!$E11)=MONTH(I$4),'MASTER data'!$E11,""),"") | J10: =IF(I10='MASTER data'!$E11,'MASTER data'!$G11,"") | K10: =IF('MASTER data'!$B11="RIL",IF(MONTH('MASTER data'!$E11)=MONTH(K$4),'MASTER data'!$E11,""),"") | L10: =IF(K10='MASTER data'!$E11,'MASTER data'!$G11,"") | M10: =IF('MASTER data'!$B11="RIL",IF(MONTH('MASTER data'!$E11)=MONTH(M$4),'MASTER data'!$E11,""),"") | N10: =IF(M10='MASTER data'!$E11,'MASTER data'!$G11,"") | O10: =IF('MASTER data'!$B11="RIL",IF(MONTH('MASTER data'!$E11)=MONTH(O$4),'MASTER data'!$E11,""),"") | P10: =IF(O10='MASTER data'!$E11,'MASTER data'!$G11,"") | Q10: =IF('MASTER data'!$B11="RIL",IF(MONTH('MASTER data'!$E11)=MONTH(Q$4),'MASTER data'!$E11,""),"") | R10: =IF(Q10='MASTER data'!$E11,'MASTER data'!$G11,"") | S10: =IF('MASTER data'!$B11="RIL",IF(MONTH('MASTER data'!$E11)=MONTH(S$4),'MASTER data'!$E11,""),"") | T10: =IF(S10='MASTER data'!$E11,'MASTER data'!$G11,"") | U10: =IF('MASTER data'!$B11="RIL",IF(MONTH('MASTER data'!$E11)=MONTH(U$4),'MASTER data'!$E11,""),"") | V10: =IF(U10='MASTER data'!$E11,'MASTER data'!$G11,"") | W10: =IF('MASTER data'!$B11="RIL",IF(MONTH('MASTER data'!$E11)=MONTH(W$4),'MASTER data'!$E11,""),"") | X10: =IF(W10='MASTER data'!$E11,'MASTER data'!$G11,"") | Y10: =IF('MASTER data'!$B11="RIL",IF(MONTH('MASTER data'!$E11)=MONTH(Y$4),'MASTER data'!$E11,""),"") | Z10: =IF(Y10='MASTER data'!$E11,'MASTER data'!$G11,"")
C11: =IF('MASTER data'!$B12="RIL",IF(MONTH('MASTER data'!$E12)=MONTH(C$4),'MASTER data'!$E12,""),"") | D11: =IF(C11='MASTER data'!$E12,'MASTER data'!$G12,"") | E11: =IF('MASTER data'!$B12="RIL",IF(MONTH('MASTER data'!$E12)=MONTH(E$4),'MASTER data'!$E12,""),"") | F11: =IF(E11='MASTER data'!$E12,'MASTER data'!$G12,"") | G11: =IF('MASTER data'!$B12="RIL",IF(MONTH('MASTER data'!$E12)=MONTH(G$4),'MASTER data'!$E12,""),"") | H11: =IF(G11='MASTER data'!$E12,'MASTER data'!$G12,"") | I11: =IF('MASTER data'!$B12="RIL",IF(MONTH('MASTER data'!$E12)=MONTH(I$4),'MASTER data'!$E12,""),"") | J11: =IF(I11='MASTER data'!$E12,'MASTER data'!$G12,"") | K11: =IF('MASTER data'!$B12="RIL",IF(MONTH('MASTER data'!$E12)=MONTH(K$4),'MASTER data'!$E12,""),"") | L11: =IF(K11='MASTER data'!$E12,'MASTER data'!$G12,"") | M11: =IF('MASTER data'!$B12="RIL",IF(MONTH('MASTER data'!$E12)=MONTH(M$4),'MASTER data'!$E12,""),"") | N11: =IF(M11='MASTER data'!$E12,'MASTER data'!$G12,"") | O11: =IF('MASTER data'!$B12="RIL",IF(MONTH('MASTER data'!$E12)=MONTH(O$4),'MASTER data'!$E12,""),"") | P11: =IF(O11='MASTER data'!$E12,'MASTER data'!$G12,"") | Q11: =IF('MASTER data'!$B12="RIL",IF(MONTH('MASTER data'!$E12)=MONTH(Q$4),'MASTER data'!$E12,""),"") | R11: =IF(Q11='MASTER data'!$E12,'MASTER data'!$G12,"") | S11: =IF('MASTER data'!$B12="RIL",IF(MONTH('MASTER data'!$E12)=MONTH(S$4),'MASTER data'!$E12,""),"") | T11: =IF(S11='MASTER data'!$E12,'MASTER data'!$G12,"") | U11: =IF('MASTER data'!$B12="RIL",IF(MONTH('MASTER data'!$E12)=MONTH(U$4),'MASTER data'!$E12,""),"") | V11: =IF(U11='MASTER data'!$E12,'MASTER data'!$G12,"") | W11: =IF('MASTER data'!$B12="RIL",IF(MONTH('MASTER data'!$E12)=MONTH(W$4),'MASTER data'!$E12,""),"") | X11: =IF(W11='MASTER data'!$E12,'MASTER data'!$G12,"") | Y11: =IF('MASTER data'!$B12="RIL",IF(MONTH('MASTER data'!$E12)=MONTH(Y$4),'MASTER data'!$E12,""),"") | Z11: =IF(Y11='MASTER data'!$E12,'MASTER data'!$G12,"")
C12: =IF('MASTER data'!$B13="RIL",IF(MONTH('MASTER data'!$E13)=MONTH(C$4),'MASTER data'!$E13,""),"") | D12: =IF(C12='MASTER data'!$E13,'MASTER data'!$G13,"") -> 0 | E12: =IF('MASTER data'!$B13="RIL",IF(MONTH('MASTER data'!$E13)=MONTH(E$4),'MASTER data'!$E13,""),"") | F12: =IF(E12='MASTER data'!$E13,'MASTER data'!$G13,"") -> 0 | G12: =IF('MASTER data'!$B13="RIL",IF(MONTH('MASTER data'!$E13)=MONTH(G$4),'MASTER data'!$E13,""),"") | H12: =IF(G12='MASTER data'!$E13,'MASTER data'!$G13,"") -> 0 | I12: =IF('MASTER data'!$B13="RIL",IF(MONTH('MASTER data'!$E13)=MONTH(I$4),'MASTER data'!$E13,""),"") | J12: =IF(I12='MASTER data'!$E13,'MASTER data'!$G13,"") -> 0 | K12: =IF('MASTER data'!$B13="RIL",IF(MONTH('MASTER data'!$E13)=MONTH(K$4),'MASTER data'!$E13,""),"") | L12: =IF(K12='MASTER data'!$E13,'MASTER data'!$G13,"") -> 0 | M12: =IF('MASTER data'!$B13="RIL",IF(MONTH('MASTER data'!$E13)=MONTH(M$4),'MASTER data'!$E13,""),"") | N12: =IF(M12='MASTER data'!$E13,'MASTER data'!$G13,"") -> 0 | O12: =IF('MASTER data'!$B13="RIL",IF(MONTH('MASTER data'!$E13)=MONTH(O$4),'MASTER data'!$E13,""),"") | P12: =IF(O12='MASTER data'!$E13,'MASTER data'!$G13,"") -> 0 | Q12: =IF('MASTER data'!$B13="RIL",IF(MONTH('MASTER data'!$E13)=MONTH(Q$4),'MASTER data'!$E13,""),"") | R12: =IF(Q12='MASTER data'!$E13,'MASTER data'!$G13,"") -> 0 | S12: =IF('MASTER data'!$B13="RIL",IF(MONTH('MASTER data'!$E13)=MONTH(S$4),'MASTER data'!$E13,""),"") | T12: =IF(S12='MASTER data'!$E13,'MASTER data'!$G13,"") -> 0 | U12: =IF('MASTER data'!$B13="RIL",IF(MONTH('MASTER data'!$E13)=MONTH(U$4),'MASTER data'!$E13,""),"") | V12: =IF(U12='MASTER data'!$E13,'MASTER data'!$G13,"") -> 0 | W12: =IF('MASTER data'!$B13="RIL",IF(MONTH('MASTER data'!$E13)=MONTH(W$4),'MASTER data'!$E13,""),"") | X12: =IF(W12='MASTER data'!$E13,'MASTER data'!$G13,"") -> 0 | Y12: =IF('MASTER data'!$B13="RIL",IF(MONTH('MASTER data'!$E13)=MONTH(Y$4),'MASTER data'!$E13,""),"") | Z12: =IF(Y12='MASTER data'!$E13,'MASTER data'!$G13,"") -> 0
C13: =IF('MASTER data'!$B14="RIL",IF(MONTH('MASTER data'!$E14)=MONTH(C$4),'MASTER data'!$E14,""),"") | D13: =IF(C13='MASTER data'!$E14,'MASTER data'!$G14,"") -> 0 | E13: =IF('MASTER data'!$B14="RIL",IF(MONTH('MASTER data'!$E14)=MONTH(E$4),'MASTER data'!$E14,""),"") | F13: =IF(E13='MASTER data'!$E14,'MASTER data'!$G14,"") -> 0 | G13: =IF('MASTER data'!$B14="RIL",IF(MONTH('MASTER data'!$E14)=MONTH(G$4),'MASTER data'!$E14,""),"") | H13: =IF(G13='MASTER data'!$E14,'MASTER data'!$G14,"") -> 0 | I13: =IF('MASTER data'!$B14="RIL",IF(MONTH('MASTER data'!$E14)=MONTH(I$4),'MASTER data'!$E14,""),"") | J13: =IF(I13='MASTER data'!$E14,'MASTER data'!$G14,"") -> 0 | K13: =IF('MASTER data'!$B14="RIL",IF(MONTH('MASTER data'!$E14)=MONTH(K$4),'MASTER data'!$E14,""),"") | L13: =IF(K13='MASTER data'!$E14,'MASTER data'!$G14,"") -> 0 | M13: =IF('MASTER data'!$B14="RIL",IF(MONTH('MASTER data'!$E14)=MONTH(M$4),'MASTER data'!$E14,""),"") | N13: =IF(M13='MASTER data'!$E14,'MASTER data'!$G14,"") -> 0 | O13: =IF('MASTER data'!$B14="RIL",IF(MONTH('MASTER data'!$E14)=MONTH(O$4),'MASTER data'!$E14,""),"") | P13: =IF(O13='MASTER data'!$E14,'MASTER data'!$G14,"") -> 0 | Q13: =IF('MASTER data'!$B14="RIL",IF(MONTH('MASTER data'!$E14)=MONTH(Q$4),'MASTER data'!$E14,""),"") | R13: =IF(Q13='MASTER data'!$E14,'MASTER data'!$G14,"") -> 0 | S13: =IF('MASTER data'!$B14="RIL",IF(MONTH('MASTER data'!$E14)=MONTH(S$4),'MASTER data'!$E14,""),"") | T13: =IF(S13='MASTER data'!$E14,'MASTER data'!$G14,"") -> 0 | U13: =IF('MASTER data'!$B14="RIL",IF(MONTH('MASTER data'!$E14)=MONTH(U$4),'MASTER data'!$E14,""),"") | V13: =IF(U13='MASTER data'!$E14,'MASTER data'!$G14,"") -> 0 | W13: =IF('MASTER data'!$B14="RIL",IF(MONTH('MASTER data'!$E14)=MONTH(W$4),'MASTER data'!$E14,""),"") | X13: =IF(W13='MASTER data'!$E14,'MASTER data'!$G14,"") -> 0 | Y13: =IF('MASTER data'!$B14="RIL",IF(MONTH('MASTER data'!$E14)=MONTH(Y$4),'MASTER data'!$E14,""),"") | Z13: =IF(Y13='MASTER data'!$E14,'MASTER data'!$G14,"") -> 0
C14: =IF('MASTER data'!$B15="RIL",IF(MONTH('MASTER data'!$E15)=MONTH(C$4),'MASTER data'!$E15,""),"") | D14: =IF(C14='MASTER data'!$E15,'MASTER data'!$G15,"") -> 0 | E14: =IF('MASTER data'!$B15="RIL",IF(MONTH('MASTER data'!$E15)=MONTH(E$4),'MASTER data'!$E15,""),"") | F14: =IF(E14='MASTER data'!$E15,'MASTER data'!$G15,"") -> 0 | G14: =IF('MASTER data'!$B15="RIL",IF(MONTH('MASTER data'!$E15)=MONTH(G$4),'MASTER data'!$E15,""),"") | H14: =IF(G14='MASTER data'!$E15,'MASTER data'!$G15,"") -> 0 | I14: =IF('MASTER data'!$B15="RIL",IF(MONTH('MASTER data'!$E15)=MONTH(I$4),'MASTER data'!$E15,""),"") | J14: =IF(I14='MASTER data'!$E15,'MASTER data'!$G15,"") -> 0 | K14: =IF('MASTER data'!$B15="RIL",IF(MONTH('MASTER data'!$E15)=MONTH(K$4),'MASTER data'!$E15,""),"") | L14: =IF(K14='MASTER data'!$E15,'MASTER data'!$G15,"") -> 0 | M14: =IF('MASTER data'!$B15="RIL",IF(MONTH('MASTER data'!$E15)=MONTH(M$4),'MASTER data'!$E15,""),"") | N14: =IF(M14='MASTER data'!$E15,'MASTER data'!$G15,"") -> 0 | O14: =IF('MASTER data'!$B15="RIL",IF(MONTH('MASTER data'!$E15)=MONTH(O$4),'MASTER data'!$E15,""),"") | P14: =IF(O14='MASTER data'!$E15,'MASTER data'!$G15,"") -> 0 | Q14: =IF('MASTER data'!$B15="RIL",IF(MONTH('MASTER data'!$E15)=MONTH(Q$4),'MASTER data'!$E15,""),"") | R14: =IF(Q14='MASTER data'!$E15,'MASTER data'!$G15,"") -> 0 | S14: =IF('MASTER data'!$B15="RIL",IF(MONTH('MASTER data'!$E15)=MONTH(S$4),'MASTER data'!$E15,""),"") | T14: =IF(S14='MASTER data'!$E15,'MASTER data'!$G15,"") -> 0 | U14: =IF('MASTER data'!$B15="RIL",IF(MONTH('MASTER data'!$E15)=MONTH(U$4),'MASTER data'!$E15,""),"") | V14: =IF(U14='MASTER data'!$E15,'MASTER data'!$G15,"") -> 0 | W14: =IF('MASTER data'!$B15="RIL",IF(MONTH('MASTER data'!$E15)=MONTH(W$4),'MASTER data'!$E15,""),"") | X14: =IF(W14='MASTER data'!$E15,'MASTER data'!$G15,"") -> 0 | Y14: =IF('MASTER data'!$B15="RIL",IF(MONTH('MASTER data'!$E15)=MONTH(Y$4),'MASTER data'!$E15,""),"") | Z14: =IF(Y14='MASTER data'!$E15,'MASTER data'!$G15,"") -> 0
C15: =IF('MASTER data'!$B16="RIL",IF(MONTH('MASTER data'!$E16)=MONTH(C$4),'MASTER data'!$E16,""),"") | D15: =IF(C15='MASTER data'!$E16,'MASTER data'!$G16,"") -> 0 | E15: =IF('MASTER data'!$B16="RIL",IF(MONTH('MASTER data'!$E16)=MONTH(E$4),'MASTER data'!$E16,""),"") | F15: =IF(E15='MASTER data'!$E16,'MASTER data'!$G16,"") -> 0 | G15: =IF('MASTER data'!$B16="RIL",IF(MONTH('MASTER data'!$E16)=MONTH(G$4),'MASTER data'!$E16,""),"") | H15: =IF(G15='MASTER data'!$E16,'MASTER data'!$G16,"") -> 0 | I15: =IF('MASTER data'!$B16="RIL",IF(MONTH('MASTER data'!$E16)=MONTH(I$4),'MASTER data'!$E16,""),"") | J15: =IF(I15='MASTER data'!$E16,'MASTER data'!$G16,"") -> 0 | K15: =IF('MASTER data'!$B16="RIL",IF(MONTH('MASTER data'!$E16)=MONTH(K$4),'MASTER data'!$E16,""),"") | L15: =IF(K15='MASTER data'!$E16,'MASTER data'!$G16,"") -> 0 | M15: =IF('MASTER data'!$B16="RIL",IF(MONTH('MASTER data'!$E16)=MONTH(M$4),'MASTER data'!$E16,""),"") | N15: =IF(M15='MASTER data'!$E16,'MASTER data'!$G16,"") -> 0 | O15: =IF('MASTER data'!$B16="RIL",IF(MONTH('MASTER data'!$E16)=MONTH(O$4),'MASTER data'!$E16,""),"") | P15: =IF(O15='MASTER data'!$E16,'MASTER data'!$G16,"") -> 0 | Q15: =IF('MASTER data'!$B16="RIL",IF(MONTH('MASTER data'!$E16)=MONTH(Q$4),'MASTER data'!$E16,""),"") | R15: =IF(Q15='MASTER data'!$E16,'MASTER data'!$G16,"") -> 0 | S15: =IF('MASTER data'!$B16="RIL",IF(MONTH('MASTER data'!$E16)=MONTH(S$4),'MASTER data'!$E16,""),"") | T15: =IF(S15='MASTER data'!$E16,'MASTER data'!$G16,"") -> 0 | U15: =IF('MASTER data'!$B16="RIL",IF(MONTH('MASTER data'!$E16)=MONTH(U$4),'MASTER data'!$E16,""),"") | V15: =IF(U15='MASTER data'!$E16,'MASTER data'!$G16,"") -> 0 | W15: =IF('MASTER data'!$B16="RIL",IF(MONTH('MASTER data'!$E16)=MONTH(W$4),'MASTER data'!$E16,""),"") | X15: =IF(W15='MASTER data'!$E16,'MASTER data'!$G16,"") -> 0 | Y15: =IF('MASTER data'!$B16="RIL",IF(MONTH('MASTER data'!$E16)=MONTH(Y$4),'MASTER data'!$E16,""),"") | Z15: =IF(Y15='MASTER data'!$E16,'MASTER data'!$G16,"") -> 0
C16: =IF('MASTER data'!$B17="RIL",IF(MONTH('MASTER data'!$E17)=MONTH(C$4),'MASTER data'!$E17,""),"") | D16: =IF(C16='MASTER data'!$E17,'MASTER data'!$G17,"") -> 0 | E16: =IF('MASTER data'!$B17="RIL",IF(MONTH('MASTER data'!$E17)=MONTH(E$4),'MASTER data'!$E17,""),"") | F16: =IF(E16='MASTER data'!$E17,'MASTER data'!$G17,"") -> 0 | G16: =IF('MASTER data'!$B17="RIL",IF(MONTH('MASTER data'!$E17)=MONTH(G$4),'MASTER data'!$E17,""),"") | H16: =IF(G16='MASTER data'!$E17,'MASTER data'!$G17,"") -> 0 | I16: =IF('MASTER data'!$B17="RIL",IF(MONTH('MASTER data'!$E17)=MONTH(I$4),'MASTER data'!$E17,""),"") | J16: =IF(I16='MASTER data'!$E17,'MASTER data'!$G17,"") -> 0 | K16: =IF('MASTER data'!$B17="RIL",IF(MONTH('MASTER data'!$E17)=MONTH(K$4),'MASTER data'!$E17,""),"") | L16: =IF(K16='MASTER data'!$E17,'MASTER data'!$G17,"") -> 0 | M16: =IF('MASTER data'!$B17="RIL",IF(MONTH('MASTER data'!$E17)=MONTH(M$4),'MASTER data'!$E17,""),"") | N16: =IF(M16='MASTER data'!$E17,'MASTER data'!$G17,"") -> 0 | O16: =IF('MASTER data'!$B17="RIL",IF(MONTH('MASTER data'!$E17)=MONTH(O$4),'MASTER data'!$E17,""),"") | P16: =IF(O16='MASTER data'!$E17,'MASTER data'!$G17,"") -> 0 | Q16: =IF('MASTER data'!$B17="RIL",IF(MONTH('MASTER data'!$E17)=MONTH(Q$4),'MASTER data'!$E17,""),"") | R16: =IF(Q16='MASTER data'!$E17,'MASTER data'!$G17,"") -> 0 | S16: =IF('MASTER data'!$B17="RIL",IF(MONTH('MASTER data'!$E17)=MONTH(S$4),'MASTER data'!$E17,""),"") | T16: =IF(S16='MASTER data'!$E17,'MASTER data'!$G17,"") -> 0 | U16: =IF('MASTER data'!$B17="RIL",IF(MONTH('MASTER data'!$E17)=MONTH(U$4),'MASTER data'!$E17,""),"") | V16: =IF(U16='MASTER data'!$E17,'MASTER data'!$G17,"") -> 0 | W16: =IF('MASTER data'!$B17="RIL",IF(MONTH('MASTER data'!$E17)=MONTH(W$4),'MASTER data'!$E17,""),"") | X16: =IF(W16='MASTER data'!$E17,'MASTER data'!$G17,"") -> 0 | Y16: =IF('MASTER data'!$B17="RIL",IF(MONTH('MASTER data'!$E17)=MONTH(Y$4),'MASTER data'!$E17,""),"") | Z16: =IF(Y16='MASTER data'!$E17,'MASTER data'!$G17,"") -> 0
C17: =IF('MASTER data'!$B18="RIL",IF(MONTH('MASTER data'!$E18)=MONTH(C$4),'MASTER data'!$E18,""),"") | D17: =IF(C17='MASTER data'!$E18,'MASTER data'!$G18,"") -> 0 | E17: =IF('MASTER data'!$B18="RIL",IF(MONTH('MASTER data'!$E18)=MONTH(E$4),'MASTER data'!$E18,""),"") | F17: =IF(E17='MASTER data'!$E18,'MASTER data'!$G18,"") -> 0 | G17: =IF('MASTER data'!$B18="RIL",IF(MONTH('MASTER data'!$E18)=MONTH(G$4),'MASTER data'!$E18,""),"") | H17: =IF(G17='MASTER data'!$E18,'MASTER data'!$G18,"") -> 0 | I17: =IF('MASTER data'!$B18="RIL",IF(MONTH('MASTER data'!$E18)=MONTH(I$4),'MASTER data'!$E18,""),"") | J17: =IF(I17='MASTER data'!$E18,'MASTER data'!$G18,"") -> 0 | K17: =IF('MASTER data'!$B18="RIL",IF(MONTH('MASTER data'!$E18)=MONTH(K$4),'MASTER data'!$E18,""),"") | L17: =IF(K17='MASTER data'!$E18,'MASTER data'!$G18,"") -> 0 | M17: =IF('MASTER data'!$B18="RIL",IF(MONTH('MASTER data'!$E18)=MONTH(M$4),'MASTER data'!$E18,""),"") | N17: =IF(M17='MASTER data'!$E18,'MASTER data'!$G18,"") -> 0 | O17: =IF('MASTER data'!$B18="RIL",IF(MONTH('MASTER data'!$E18)=MONTH(O$4),'MASTER data'!$E18,""),"") | P17: =IF(O17='MASTER data'!$E18,'MASTER data'!$G18,"") -> 0 | Q17: =IF('MASTER data'!$B18="RIL",IF(MONTH('MASTER data'!$E18)=MONTH(Q$4),'MASTER data'!$E18,""),"") | R17: =IF(Q17='MASTER data'!$E18,'MASTER data'!$G18,"") -> 0 | S17: =IF('MASTER data'!$B18="RIL",IF(MONTH('MASTER data'!$E18)=MONTH(S$4),'MASTER data'!$E18,""),"") | T17: =IF(S17='MASTER data'!$E18,'MASTER data'!$G18,"") -> 0 | U17: =IF('MASTER data'!$B18="RIL",IF(MONTH('MASTER data'!$E18)=MONTH(U$4),'MASTER data'!$E18,""),"") | V17: =IF(U17='MASTER data'!$E18,'MASTER data'!$G18,"") -> 0 | W17: =IF('MASTER data'!$B18="RIL",IF(MONTH('MASTER data'!$E18)=MONTH(W$4),'MASTER data'!$E18,""),"") | X17: =IF(W17='MASTER data'!$E18,'MASTER data'!$G18,"") -> 0 | Y17: =IF('MASTER data'!$B18="RIL",IF(MONTH('MASTER data'!$E18)=MONTH(Y$4),'MASTER data'!$E18,""),"") | Z17: =IF(Y17='MASTER data'!$E18,'MASTER data'!$G18,"") -> 0
C18: =IF('MASTER data'!$B19="RIL",IF(MONTH('MASTER data'!$E19)=MONTH(C$4),'MASTER data'!$E19,""),"") | D18: =IF(C18='MASTER data'!$E19,'MASTER data'!$G19,"") -> 0 | E18: =IF('MASTER data'!$B19="RIL",IF(MONTH('MASTER data'!$E19)=MONTH(E$4),'MASTER data'!$E19,""),"") | F18: =IF(E18='MASTER data'!$E19,'MASTER data'!$G19,"") -> 0 | G18: =IF('MASTER data'!$B19="RIL",IF(MONTH('MASTER data'!$E19)=MONTH(G$4),'MASTER data'!$E19,""),"") | H18: =IF(G18='MASTER data'!$E19,'MASTER data'!$G19,"") -> 0 | I18: =IF('MASTER data'!$B19="RIL",IF(MONTH('MASTER data'!$E19)=MONTH(I$4),'MASTER data'!$E19,""),"") | J18: =IF(I18='MASTER data'!$E19,'MASTER data'!$G19,"") -> 0 | K18: =IF('MASTER data'!$B19="RIL",IF(MONTH('MASTER data'!$E19)=MONTH(K$4),'MASTER data'!$E19,""),"") | L18: =IF(K18='MASTER data'!$E19,'MASTER data'!$G19,"") -> 0 | M18: =IF('MASTER data'!$B19="RIL",IF(MONTH('MASTER data'!$E19)=MONTH(M$4),'MASTER data'!$E19,""),"") | N18: =IF(M18='MASTER data'!$E19,'MASTER data'!$G19,"") -> 0 | O18: =IF('MASTER data'!$B19="RIL",IF(MONTH('MASTER data'!$E19)=MONTH(O$4),'MASTER data'!$E19,""),"") | P18: =IF(O18='MASTER data'!$E19,'MASTER data'!$G19,"") -> 0 | Q18: =IF('MASTER data'!$B19="RIL",IF(MONTH('MASTER data'!$E19)=MONTH(Q$4),'MASTER data'!$E19,""),"") | R18: =IF(Q18='MASTER data'!$E19,'MASTER data'!$G19,"") -> 0 | S18: =IF('MASTER data'!$B19="RIL",IF(MONTH('MASTER data'!$E19)=MONTH(S$4),'MASTER data'!$E19,""),"") | T18: =IF(S18='MASTER data'!$E19,'MASTER data'!$G19,"") -> 0 | U18: =IF('MASTER data'!$B19="RIL",IF(MONTH('MASTER data'!$E19)=MONTH(U$4),'MASTER data'!$E19,""),"") | V18: =IF(U18='MASTER data'!$E19,'MASTER data'!$G19,"") -> 0 | W18: =IF('MASTER data'!$B19="RIL",IF(MONTH('MASTER data'!$E19)=MONTH(W$4),'MASTER data'!$E19,""),"") | X18: =IF(W18='MASTER data'!$E19,'MASTER data'!$G19,"") -> 0 | Y18: =IF('MASTER data'!$B19="RIL",IF(MONTH('MASTER data'!$E19)=MONTH(Y$4),'MASTER data'!$E19,""),"") | Z18: =IF(Y18='MASTER data'!$E19,'MASTER data'!$G19,"") -> 0
... C37: =IF('MASTER data'!$B38="RIL",IF(MONTH('MASTER data'!$E38)=MONTH(C$4),'MASTER data'!$E38,""),"") | D37: =IF(C37='MASTER data'!$E38,'MASTER data'!$G38,"") -> 0 | E37: =IF('MASTER data'!$B38="RIL",IF(MONTH('MASTER data'!$E38)=MONTH(E$4),'MASTER data'!$E38,""),"") | F37: =IF(E37='MASTER data'!$E38,'MASTER data'!$G38,"") -> 0 | G37: =IF('MASTER data'!$B38="RIL",IF(MONTH('MASTER data'!$E38)=MONTH(G$4),'MASTER data'!$E38,""),"") | H37: =IF(G37='MASTER data'!$E38,'MASTER data'!$G38,"") -> 0 | I37: =IF('MASTER data'!$B38="RIL",IF(MONTH('MASTER data'!$E38)=MONTH(I$4),'MASTER data'!$E38,""),"") | J37: =IF(I37='MASTER data'!$E38,'MASTER data'!$G38,"") -> 0 | K37: =IF('MASTER data'!$B38="RIL",IF(MONTH('MASTER data'!$E38)=MONTH(K$4),'MASTER data'!$E38,""),"") | L37: =IF(K37='MASTER data'!$E38,'MASTER data'!$G38,"") -> 0 | M37: =IF('MASTER data'!$B38="RIL",IF(MONTH('MASTER data'!$E38)=MONTH(M$4),'MASTER data'!$E38,""),"") | N37: =IF(M37='MASTER data'!$E38,'MASTER data'!$G38,"") -> 0 | O37: =IF('MASTER data'!$B38="RIL",IF(MONTH('MASTER data'!$E38)=MONTH(O$4),'MASTER data'!$E38,""),"") | P37: =IF(O37='MASTER data'!$E38,'MASTER data'!$G38,"") -> 0 | Q37: =IF('MASTER data'!$B38="RIL",IF(MONTH('MASTER data'!$E38)=MONTH(Q$4),'MASTER data'!$E38,""),"") | R37: =IF(Q37='MASTER data'!$E38,'MASTER data'!$G38,"") -> 0 | S37: =IF('MASTER data'!$B38="RIL",IF(MONTH('MASTER data'!$E38)=MONTH(S$4),'MASTER data'!$E38,""),"") | T37: =IF(S37='MASTER data'!$E38,'MASTER data'!$G38,"") -> 0 | U37: =IF('MASTER data'!$B38="RIL",IF(MONTH('MASTER data'!$E38)=MONTH(U$4),'MASTER data'!$E38,""),"") | V37: =IF(U37='MASTER data'!$E38,'MASTER data'!$G38,"") -> 0 | W37: =IF('MASTER data'!$B38="RIL",IF(MONTH('MASTER data'!$E38)=MONTH(W$4),'MASTER data'!$E38,""),"") | X37: =IF(W37='MASTER data'!$E38,'MASTER data'!$G38,"") -> 0 | Y37: =IF('MASTER data'!$B38="RIL",IF(MONTH('MASTER data'!$E38)=MONTH(Y$4),'MASTER data'!$E38,""),"") | Z37: =IF(Y37='MASTER data'!$E38,'MASTER data'!$G38,"") -> 0

Sheet SEP
A1: PETRON
A2: SEPCO -CHATISHGARH
C3: 2011 | AA3: 2012
A4: S.NO. | B4: ITEM DECRIPTION | C4: 40544 | E4: 40576 | G4: 40608 | I4: 40640 | K4: 40672 | M4: 40704 | O4: 40736 | Q4: 40768 | S4: 40800 | U4: 40832 | W4: 40864 | Y4: 40896
C5: DATE | D5: UNIT RATE (RS.) | E5: DATE | F5: UNIT RATE (RS.) | G5: DATE | H5: UNIT RATE (RS.) | I5: DATE | J5: UNIT RATE (RS.) | K5: DATE | L5: UNIT RATE (RS.) | M5: DATE | N5: UNIT RATE (RS.) | O5: DATE | P5: UNIT RATE (RS.) | Q5: DATE | R5: UNIT RATE (RS.) | S5: DATE | T5: UNIT RATE (RS.) | U5: DATE | V5: UNIT RATE (RS.) | W5: DATE | X5: UNIT RATE (RS.) | Y5: DATE | Z5: UNIT RATE (RS.)
A6: 1 | B6: =IF('MASTER data'!B7="sep",'MASTER data'!C7,0) -> 0 | C6: =IF('MASTER data'!$B7="SEP",IF(MONTH('MASTER data'!$E7)=MONTH(C$4),'MASTER data'!$E7,""),"") | D6: =IF(C6='MASTER data'!$E7,'MASTER data'!$H7,"") | E6: =IF('MASTER data'!$B7="SEP",IF(MONTH('MASTER data'!$E7)=MONTH(E$4),'MASTER data'!$E7,""),"") | F6: =IF(E6='MASTER data'!$E7,'MASTER data'!$H7,"") | G6: =IF('MASTER data'!$B7="SEP",IF(MONTH('MASTER data'!$E7)=MONTH(G$4),'MASTER data'!$E7,""),"") | H6: =IF(G6='MASTER data'!$E7,'MASTER data'!$H7,"") | I6: =IF('MASTER data'!$B7="SEP",IF(MONTH('MASTER data'!$E7)=MONTH(I$4),'MASTER data'!$E7,""),"") | J6: =IF(I6='MASTER data'!$E7,'MASTER data'!$H7,"") | K6: =IF('MASTER data'!$B7="SEP",IF(MONTH('MASTER data'!$E7)=MONTH(K$4),'MASTER data'!$E7,""),"") | L6: =IF(K6='MASTER data'!$E7,'MASTER data'!$H7,"") | M6: =IF('MASTER data'!$B7="SEP",IF(MONTH('MASTER data'!$E7)=MONTH(M$4),'MASTER data'!$E7,""),"") | N6: =IF(M6='MASTER data'!$E7,'MASTER data'!$H7,"") | O6: =IF('MASTER data'!$B7="SEP",IF(MONTH('MASTER data'!$E7)=MONTH(O$4),'MASTER data'!$E7,""),"") | P6: =IF(O6='MASTER data'!$E7,'MASTER data'!$H7,"") | Q6: =IF('MASTER data'!$B7="SEP",IF(MONTH('MASTER data'!$E7)=MONTH(Q$4),'MASTER data'!$E7,""),"") | R6: =IF(Q6='MASTER data'!$E7,'MASTER data'!$H7,"") | S6: =IF('MASTER data'!$B7="SEP",IF(MONTH('MASTER data'!$E7)=MONTH(S$4),'MASTER data'!$E7,""),"") | T6: =IF(S6='MASTER data'!$E7,'MASTER data'!$H7,"") | U6: =IF('MASTER data'!$B7="SEP",IF(MONTH('MASTER data'!$E7)=MONTH(U$4),'MASTER data'!$E7,""),"") | V6: =IF(U6='MASTER data'!$E7,'MASTER data'!$H7,"") | W6: =IF('MASTER data'!$B7="SEP",IF(MONTH('MASTER data'!$E7)=MONTH(W$4),'MASTER data'!$E7,""),"") | X6: =IF(W6='MASTER data'!$E7,'MASTER data'!$H7,"") | Y6: =IF('MASTER data'!$B7="SEP",IF(MONTH('MASTER data'!$E7)=MONTH(Y$4),'MASTER data'!$E7,""),"") | Z6: =IF(Y6='MASTER data'!$E7,'MASTER data'!$H7,"")
B7: =IF('MASTER data'!B8="sep",'MASTER data'!C8,0) -> 0 | C7: =IF('MASTER data'!$B8="SEP",IF(MONTH('MASTER data'!$E8)=MONTH(C$4),'MASTER data'!$E8,""),"") | D7: =IF(C7='MASTER data'!$E8,'MASTER data'!$H8,"") | E7: =IF('MASTER data'!$B8="SEP",IF(MONTH('MASTER data'!$E8)=MONTH(E$4),'MASTER data'!$E8,""),"") | F7: =IF(E7='MASTER data'!$E8,'MASTER data'!$H8,"") | G7: =IF('MASTER data'!$B8="SEP",IF(MONTH('MASTER data'!$E8)=MONTH(G$4),'MASTER data'!$E8,""),"") | H7: =IF(G7='MASTER data'!$E8,'MASTER data'!$H8,"") | I7: =IF('MASTER data'!$B8="SEP",IF(MONTH('MASTER data'!$E8)=MONTH(I$4),'MASTER data'!$E8,""),"") | J7: =IF(I7='MASTER data'!$E8,'MASTER data'!$H8,"") | K7: =IF('MASTER data'!$B8="SEP",IF(MONTH('MASTER data'!$E8)=MONTH(K$4),'MASTER data'!$E8,""),"") | L7: =IF(K7='MASTER data'!$E8,'MASTER data'!$H8,"") | M7: =IF('MASTER data'!$B8="SEP",IF(MONTH('MASTER data'!$E8)=MONTH(M$4),'MASTER data'!$E8,""),"") | N7: =IF(M7='MASTER data'!$E8,'MASTER data'!$H8,"") | O7: =IF('MASTER data'!$B8="SEP",IF(MONTH('MASTER data'!$E8)=MONTH(O$4),'MASTER data'!$E8,""),"") | P7: =IF(O7='MASTER data'!$E8,'MASTER data'!$H8,"") | Q7: =IF('MASTER data'!$B8="SEP",IF(MONTH('MASTER data'!$E8)=MONTH(Q$4),'MASTER data'!$E8,""),"") | R7: =IF(Q7='MASTER data'!$E8,'MASTER data'!$H8,"") | S7: =IF('MASTER data'!$B8="SEP",IF(MONTH('MASTER data'!$E8)=MONTH(S$4),'MASTER data'!$E8,""),"") | T7: =IF(S7='MASTER data'!$E8,'MASTER data'!$H8,"") | U7: =IF('MASTER data'!$B8="SEP",IF(MONTH('MASTER data'!$E8)=MONTH(U$4),'MASTER data'!$E8,""),"") | V7: =IF(U7='MASTER data'!$E8,'MASTER data'!$H8,"") | W7: =IF('MASTER data'!$B8="SEP",IF(MONTH('MASTER data'!$E8)=MONTH(W$4),'MASTER data'!$E8,""),"") | X7: =IF(W7='MASTER data'!$E8,'MASTER data'!$H8,"") | Y7: =IF('MASTER data'!$B8="SEP",IF(MONTH('MASTER data'!$E8)=MONTH(Y$4),'MASTER data'!$E8,""),"") | Z7: =IF(Y7='MASTER data'!$E8,'MASTER data'!$H8,"")
B8: =IF('MASTER data'!B9="sep",'MASTER data'!C9,0) -> sf | C8: =IF('MASTER data'!$B9="SEP",IF(MONTH('MASTER data'!$E9)=MONTH(C$4),'MASTER data'!$E9,""),"") | D8: =IF(C8='MASTER data'!$E9,'MASTER data'!$H9,"") | E8: =IF('MASTER data'!$B9="SEP",IF(MONTH('MASTER data'!$E9)=MONTH(E$4),'MASTER data'!$E9,""),"") -> 40941 | F8: =IF(E8='MASTER data'!$E9,'MASTER data'!$H9,"") -> 0 | G8: =IF('MASTER data'!$B9="SEP",IF(MONTH('MASTER data'!$E9)=MONTH(G$4),'MASTER data'!$E9,""),"") | H8: =IF(G8='MASTER data'!$E9,'MASTER data'!$H9,"") | I8: =IF('MASTER data'!$B9="SEP",IF(MONTH('MASTER data'!$E9)=MONTH(I$4),'MASTER data'!$E9,""),"") | J8: =IF(I8='MASTER data'!$E9,'MASTER data'!$H9,"") | K8: =IF('MASTER data'!$B9="SEP",IF(MONTH('MASTER data'!$E9)=MONTH(K$4),'MASTER data'!$E9,""),"") | L8: =IF(K8='MASTER data'!$E9,'MASTER data'!$H9,"") | M8: =IF('MASTER data'!$B9="SEP",IF(MONTH('MASTER data'!$E9)=MONTH(M$4),'MASTER data'!$E9,""),"") | N8: =IF(M8='MASTER data'!$E9,'MASTER data'!$H9,"") | O8: =IF('MASTER data'!$B9="SEP",IF(MONTH('MASTER data'!$E9)=MONTH(O$4),'MASTER data'!$E9,""),"") | P8: =IF(O8='MASTER data'!$E9,'MASTER data'!$H9,"") | Q8: =IF('MASTER data'!$B9="SEP",IF(MONTH('MASTER data'!$E9)=MONTH(Q$4),'MASTER data'!$E9,""),"") | R8: =IF(Q8='MASTER data'!$E9,'MASTER data'!$H9,"") | S8: =IF('MASTER data'!$B9="SEP",IF(MONTH('MASTER data'!$E9)=MONTH(S$4),'MASTER data'!$E9,""),"") | T8: =IF(S8='MASTER data'!$E9,'MASTER data'!$H9,"") | U8: =IF('MASTER data'!$B9="SEP",IF(MONTH('MASTER data'!$E9)=MONTH(U$4),'MASTER data'!$E9,""),"") | V8: =IF(U8='MASTER data'!$E9,'MASTER data'!$H9,"") | W8: =IF('MASTER data'!$B9="SEP",IF(MONTH('MASTER data'!$E9)=MONTH(W$4),'MASTER data'!$E9,""),"") | X8: =IF(W8='MASTER data'!$E9,'MASTER data'!$H9,"") | Y8: =IF('MASTER data'!$B9="SEP",IF(MONTH('MASTER data'!$E9)=MONTH(Y$4),'MASTER data'!$E9,""),"") | Z8: =IF(Y8='MASTER data'!$E9,'MASTER data'!$H9,"")
B9: =IF('MASTER data'!B10="sep",'MASTER data'!C10,0) -> 0 | C9: =IF('MASTER data'!$B10="SEP",IF(MONTH('MASTER data'!$E10)=MONTH(C$4),'MASTER data'!$E10,""),"") | D9: =IF(C9='MASTER data'!$E10,'MASTER data'!$H10,"") | E9: =IF('MASTER data'!$B10="SEP",IF(MONTH('MASTER data'!$E10)=MONTH(E$4),'MASTER data'!$E10,""),"") | F9: =IF(E9='MASTER data'!$E10,'MASTER data'!$H10,"") | G9: =IF('MASTER data'!$B10="SEP",IF(MONTH('MASTER data'!$E10)=MONTH(G$4),'MASTER data'!$E10,""),"") | H9: =IF(G9='MASTER data'!$E10,'MASTER data'!$H10,"") | I9: =IF('MASTER data'!$B10="SEP",IF(MONTH('MASTER data'!$E10)=MONTH(I$4),'MASTER data'!$E10,""),"") | J9: =IF(I9='MASTER data'!$E10,'MASTER data'!$H10,"") | K9: =IF('MASTER data'!$B10="SEP",IF(MONTH('MASTER data'!$E10)=MONTH(K$4),'MASTER data'!$E10,""),"") | L9: =IF(K9='MASTER data'!$E10,'MASTER data'!$H10,"") | M9: =IF('MASTER data'!$B10="SEP",IF(MONTH('MASTER data'!$E10)=MONTH(M$4),'MASTER data'!$E10,""),"") | N9: =IF(M9='MASTER data'!$E10,'MASTER data'!$H10,"") | O9: =IF('MASTER data'!$B10="SEP",IF(MONTH('MASTER data'!$E10)=MONTH(O$4),'MASTER data'!$E10,""),"") | P9: =IF(O9='MASTER data'!$E10,'MASTER data'!$H10,"") | Q9: =IF('MASTER data'!$B10="SEP",IF(MONTH('MASTER data'!$E10)=MONTH(Q$4),'MASTER data'!$E10,""),"") | R9: =IF(Q9='MASTER data'!$E10,'MASTER data'!$H10,"") | S9: =IF('MASTER data'!$B10="SEP",IF(MONTH('MASTER data'!$E10)=MONTH(S$4),'MASTER data'!$E10,""),"") | T9: =IF(S9='MASTER data'!$E10,'MASTER data'!$H10,"") | U9: =IF('MASTER data'!$B10="SEP",IF(MONTH('MASTER data'!$E10)=MONTH(U$4),'MASTER data'!$E10,""),"") | V9: =IF(U9='MASTER data'!$E10,'MASTER data'!$H10,"") | W9: =IF('MASTER data'!$B10="SEP",IF(MONTH('MASTER data'!$E10)=MONTH(W$4),'MASTER data'!$E10,""),"") | X9: =IF(W9='MASTER data'!$E10,'MASTER data'!$H10,"") | Y9: =IF('MASTER data'!$B10="SEP",IF(MONTH('MASTER data'!$E10)=MONTH(Y$4),'MASTER data'!$E10,""),"") | Z9: =IF(Y9='MASTER data'!$E10,'MASTER data'!$H10,"")
B10: =IF('MASTER data'!B11="sep",'MASTER data'!C11,0) -> 0 | C10: =IF('MASTER data'!$B11="SEP",IF(MONTH('MASTER data'!$E11)=MONTH(C$4),'MASTER data'!$E11,""),"") | D10: =IF(C10='MASTER data'!$E11,'MASTER data'!$H11,"") | E10: =IF('MASTER data'!$B11="SEP",IF(MONTH('MASTER data'!$E11)=MONTH(E$4),'MASTER data'!$E11,""),"") | F10: =IF(E10='MASTER data'!$E11,'MASTER data'!$H11,"") | G10: =IF('MASTER data'!$B11="SEP",IF(MONTH('MASTER data'!$E11)=MONTH(G$4),'MASTER data'!$E11,""),"") | H10: =IF(G10='MASTER data'!$E11,'MASTER data'!$H11,"") | I10: =IF('MASTER data'!$B11="SEP",IF(MONTH('MASTER data'!$E11)=MONTH(I$4),'MASTER data'!$E11,""),"") | J10: =IF(I10='MASTER data'!$E11,'MASTER data'!$H11,"") | K10: =IF('MASTER data'!$B11="SEP",IF(MONTH('MASTER data'!$E11)=MONTH(K$4),'MASTER data'!$E11,""),"") | L10: =IF(K10='MASTER data'!$E11,'MASTER data'!$H11,"") | M10: =IF('MASTER data'!$B11="SEP",IF(MONTH('MASTER data'!$E11)=MONTH(M$4),'MASTER data'!$E11,""),"") | N10: =IF(M10='MASTER data'!$E11,'MASTER data'!$H11,"") | O10: =IF('MASTER data'!$B11="SEP",IF(MONTH('MASTER data'!$E11)=MONTH(O$4),'MASTER data'!$E11,""),"") | P10: =IF(O10='MASTER data'!$E11,'MASTER data'!$H11,"") | Q10: =IF('MASTER data'!$B11="SEP",IF(MONTH('MASTER data'!$E11)=MONTH(Q$4),'MASTER data'!$E11,""),"") | R10: =IF(Q10='MASTER data'!$E11,'MASTER data'!$H11,"") | S10: =IF('MASTER data'!$B11="SEP",IF(MONTH('MASTER data'!$E11)=MONTH(S$4),'MASTER data'!$E11,""),"") | T10: =IF(S10='MASTER data'!$E11,'MASTER data'!$H11,"") | U10: =IF('MASTER data'!$B11="SEP",IF(MONTH('MASTER data'!$E11)=MONTH(U$4),'MASTER data'!$E11,""),"") | V10: =IF(U10='MASTER data'!$E11,'MASTER data'!$H11,"") | W10: =IF('MASTER data'!$B11="SEP",IF(MONTH('MASTER data'!$E11)=MONTH(W$4),'MASTER data'!$E11,""),"") | X10: =IF(W10='MASTER data'!$E11,'MASTER data'!$H11,"") | Y10: =IF('MASTER data'!$B11="SEP",IF(MONTH('MASTER data'!$E11)=MONTH(Y$4),'MASTER data'!$E11,""),"") | Z10: =IF(Y10='MASTER data'!$E11,'MASTER data'!$H11,"")
B11: =IF('MASTER data'!B12="sep",'MASTER data'!C12,0) -> 0 | C11: =IF('MASTER data'!$B12="SEP",IF(MONTH('MASTER data'!$E12)=MONTH(C$4),'MASTER data'!$E12,""),"") | D11: =IF(C11='MASTER data'!$E12,'MASTER data'!$H12,"") | E11: =IF('MASTER data'!$B12="SEP",IF(MONTH('MASTER data'!$E12)=MONTH(E$4),'MASTER data'!$E12,""),"") | F11: =IF(E11='MASTER data'!$E12,'MASTER data'!$H12,"") | G11: =IF('MASTER data'!$B12="SEP",IF(MONTH('MASTER data'!$E12)=MONTH(G$4),'MASTER data'!$E12,""),"") | H11: =IF(G11='MASTER data'!$E12,'MASTER data'!$H12,"") | I11: =IF('MASTER data'!$B12="SEP",IF(MONTH('MASTER data'!$E12)=MONTH(I$4),'MASTER data'!$E12,""),"") | J11: =IF(I11='MASTER data'!$E12,'MASTER data'!$H12,"") | K11: =IF('MASTER data'!$B12="SEP",IF(MONTH('MASTER data'!$E12)=MONTH(K$4),'MASTER data'!$E12,""),"") | L11: =IF(K11='MASTER data'!$E12,'MASTER data'!$H12,"") | M11: =IF('MASTER data'!$B12="SEP",IF(MONTH('MASTER data'!$E12)=MONTH(M$4),'MASTER data'!$E12,""),"") | N11: =IF(M11='MASTER data'!$E12,'MASTER data'!$H12,"") | O11: =IF('MASTER data'!$B12="SEP",IF(MONTH('MASTER data'!$E12)=MONTH(O$4),'MASTER data'!$E12,""),"") | P11: =IF(O11='MASTER data'!$E12,'MASTER data'!$H12,"") | Q11: =IF('MASTER data'!$B12="SEP",IF(MONTH('MASTER data'!$E12)=MONTH(Q$4),'MASTER data'!$E12,""),"") | R11: =IF(Q11='MASTER data'!$E12,'MASTER data'!$H12,"") | S11: =IF('MASTER data'!$B12="SEP",IF(MONTH('MASTER data'!$E12)=MONTH(S$4),'MASTER data'!$E12,""),"") | T11: =IF(S11='MASTER data'!$E12,'MASTER data'!$H12,"") | U11: =IF('MASTER data'!$B12="SEP",IF(MONTH('MASTER data'!$E12)=MONTH(U$4),'MASTER data'!$E12,""),"") | V11: =IF(U11='MASTER data'!$E12,'MASTER data'!$H12,"") | W11: =IF('MASTER data'!$B12="SEP",IF(MONTH('MASTER data'!$E12)=MONTH(W$4),'MASTER data'!$E12,""),"") | X11: =IF(W11='MASTER data'!$E12,'MASTER data'!$H12,"") | Y11: =IF('MASTER data'!$B12="SEP",IF(MONTH('MASTER data'!$E12)=MONTH(Y$4),'MASTER data'!$E12,""),"") | Z11: =IF(Y11='MASTER data'!$E12,'MASTER data'!$H12,"")
B12: =IF('MASTER data'!B13="sep",'MASTER data'!C13,0) -> 0 | C12: =IF('MASTER data'!$B13="SEP",IF(MONTH('MASTER data'!$E13)=MONTH(C$4),'MASTER data'!$E13,""),"") | D12: =IF(C12='MASTER data'!$E13,'MASTER data'!$H13,"") -> 0 | E12: =IF('MASTER data'!$B13="SEP",IF(MONTH('MASTER data'!$E13)=MONTH(E$4),'MASTER data'!$E13,""),"") | F12: =IF(E12='MASTER data'!$E13,'MASTER data'!$H13,"") -> 0 | G12: =IF('MASTER data'!$B13="SEP",IF(MONTH('MASTER data'!$E13)=MONTH(G$4),'MASTER data'!$E13,""),"") | H12: =IF(G12='MASTER data'!$E13,'MASTER data'!$H13,"") -> 0 | I12: =IF('MASTER data'!$B13="SEP",IF(MONTH('MASTER data'!$E13)=MONTH(I$4),'MASTER data'!$E13,""),"") | J12: =IF(I12='MASTER data'!$E13,'MASTER data'!$H13,"") -> 0 | K12: =IF('MASTER data'!$B13="SEP",IF(MONTH('MASTER data'!$E13)=MONTH(K$4),'MASTER data'!$E13,""),"") | L12: =IF(K12='MASTER data'!$E13,'MASTER data'!$H13,"") -> 0 | M12: =IF('MASTER data'!$B13="SEP",IF(MONTH('MASTER data'!$E13)=MONTH(M$4),'MASTER data'!$E13,""),"") | N12: =IF(M12='MASTER data'!$E13,'MASTER data'!$H13,"") -> 0 | O12: =IF('MASTER data'!$B13="SEP",IF(MONTH('MASTER data'!$E13)=MONTH(O$4),'MASTER data'!$E13,""),"") | P12: =IF(O12='MASTER data'!$E13,'MASTER data'!$H13,"") -> 0 | Q12: =IF('MASTER data'!$B13="SEP",IF(MONTH('MASTER data'!$E13)=MONTH(Q$4),'MASTER data'!$E13,""),"") | R12: =IF(Q12='MASTER data'!$E13,'MASTER data'!$H13,"") -> 0 | S12: =IF('MASTER data'!$B13="SEP",IF(MONTH('MASTER data'!$E13)=MONTH(S$4),'MASTER data'!$E13,""),"") | T12: =IF(S12='MASTER data'!$E13,'MASTER data'!$H13,"") -> 0 | U12: =IF('MASTER data'!$B13="SEP",IF(MONTH('MASTER data'!$E13)=MONTH(U$4),'MASTER data'!$E13,""),"") | V12: =IF(U12='MASTER data'!$E13,'MASTER data'!$H13,"") -> 0 | W12: =IF('MASTER data'!$B13="SEP",IF(MONTH('MASTER data'!$E13)=MONTH(W$4),'MASTER data'!$E13,""),"") | X12: =IF(W12='MASTER data'!$E13,'MASTER data'!$H13,"") -> 0 | Y12: =IF('MASTER data'!$B13="SEP",IF(MONTH('MASTER data'!$E13)=MONTH(Y$4),'MASTER data'!$E13,""),"") | Z12: =IF(Y12='MASTER data'!$E13,'MASTER data'!$H13,"") -> 0
B13: =IF('MASTER data'!B14="sep",'MASTER data'!C14,0) -> 0 | C13: =IF('MASTER data'!$B14="SEP",IF(MONTH('MASTER data'!$E14)=MONTH(C$4),'MASTER data'!$E14,""),"") | D13: =IF(C13='MASTER data'!$E14,'MASTER data'!$H14,"") -> 0 | E13: =IF('MASTER data'!$B14="SEP",IF(MONTH('MASTER data'!$E14)=MONTH(E$4),'MASTER data'!$E14,""),"") | F13: =IF(E13='MASTER data'!$E14,'MASTER data'!$H14,"") -> 0 | G13: =IF('MASTER data'!$B14="SEP",IF(MONTH('MASTER data'!$E14)=MONTH(G$4),'MASTER data'!$E14,""),"") | H13: =IF(G13='MASTER data'!$E14,'MASTER data'!$H14,"") -> 0 | I13: =IF('MASTER data'!$B14="SEP",IF(MONTH('MASTER data'!$E14)=MONTH(I$4),'MASTER data'!$E14,""),"") | J13: =IF(I13='MASTER data'!$E14,'MASTER data'!$H14,"") -> 0 | K13: =IF('MASTER data'!$B14="SEP",IF(MONTH('MASTER data'!$E14)=MONTH(K$4),'MASTER data'!$E14,""),"") | L13: =IF(K13='MASTER data'!$E14,'MASTER data'!$H14,"") -> 0 | M13: =IF('MASTER data'!$B14="SEP",IF(MONTH('MASTER data'!$E14)=MONTH(M$4),'MASTER data'!$E14,""),"") | N13: =IF(M13='MASTER data'!$E14,'MASTER data'!$H14,"") -> 0 | O13: =IF('MASTER data'!$B14="SEP",IF(MONTH('MASTER data'!$E14)=MONTH(O$4),'MASTER data'!$E14,""),"") | P13: =IF(O13='MASTER data'!$E14,'MASTER data'!$H14,"") -> 0 | Q13: =IF('MASTER data'!$B14="SEP",IF(MONTH('MASTER data'!$E14)=MONTH(Q$4),'MASTER data'!$E14,""),"") | R13: =IF(Q13='MASTER data'!$E14,'MASTER data'!$H14,"") -> 0 | S13: =IF('MASTER data'!$B14="SEP",IF(MONTH('MASTER data'!$E14)=MONTH(S$4),'MASTER data'!$E14,""),"") | T13: =IF(S13='MASTER data'!$E14,'MASTER data'!$H14,"") -> 0 | U13: =IF('MASTER data'!$B14="SEP",IF(MONTH('MASTER data'!$E14)=MONTH(U$4),'MASTER data'!$E14,""),"") | V13: =IF(U13='MASTER data'!$E14,'MASTER data'!$H14,"") -> 0 | W13: =IF('MASTER data'!$B14="SEP",IF(MONTH('MASTER data'!$E14)=MONTH(W$4),'MASTER data'!$E14,""),"") | X13: =IF(W13='MASTER data'!$E14,'MASTER data'!$H14,"") -> 0 | Y13: =IF('MASTER data'!$B14="SEP",IF(MONTH('MASTER data'!$E14)=MONTH(Y$4),'MASTER data'!$E14,""),"") | Z13: =IF(Y13='MASTER data'!$E14,'MASTER data'!$H14,"") -> 0
B14: =IF('MASTER data'!B15="sep",'MASTER data'!C15,0) -> 0 | C14: =IF('MASTER data'!$B15="SEP",IF(MONTH('MASTER data'!$E15)=MONTH(C$4),'MASTER data'!$E15,""),"") | D14: =IF(C14='MASTER data'!$E15,'MASTER data'!$H15,"") -> 0 | E14: =IF('MASTER data'!$B15="SEP",IF(MONTH('MASTER data'!$E15)=MONTH(E$4),'MASTER data'!$E15,""),"") | F14: =IF(E14='MASTER data'!$E15,'MASTER data'!$H15,"") -> 0 | G14: =IF('MASTER data'!$B15="SEP",IF(MONTH('MASTER data'!$E15)=MONTH(G$4),'MASTER data'!$E15,""),"") | H14: =IF(G14='MASTER data'!$E15,'MASTER data'!$H15,"") -> 0 | I14: =IF('MASTER data'!$B15="SEP",IF(MONTH('MASTER data'!$E15)=MONTH(I$4),'MASTER data'!$E15,""),"") | J14: =IF(I14='MASTER data'!$E15,'MASTER data'!$H15,"") -> 0 | K14: =IF('MASTER data'!$B15="SEP",IF(MONTH('MASTER data'!$E15)=MONTH(K$4),'MASTER data'!$E15,""),"") | L14: =IF(K14='MASTER data'!$E15,'MASTER data'!$H15,"") -> 0 | M14: =IF('MASTER data'!$B15="SEP",IF(MONTH('MASTER data'!$E15)=MONTH(M$4),'MASTER data'!$E15,""),"") | N14: =IF(M14='MASTER data'!$E15,'MASTER data'!$H15,"") -> 0 | O14: =IF('MASTER data'!$B15="SEP",IF(MONTH('MASTER data'!$E15)=MONTH(O$4),'MASTER data'!$E15,""),"") | P14: =IF(O14='MASTER data'!$E15,'MASTER data'!$H15,"") -> 0 | Q14: =IF('MASTER data'!$B15="SEP",IF(MONTH('MASTER data'!$E15)=MONTH(Q$4),'MASTER data'!$E15,""),"") | R14: =IF(Q14='MASTER data'!$E15,'MASTER data'!$H15,"") -> 0 | S14: =IF('MASTER data'!$B15="SEP",IF(MONTH('MASTER data'!$E15)=MONTH(S$4),'MASTER data'!$E15,""),"") | T14: =IF(S14='MASTER data'!$E15,'MASTER data'!$H15,"") -> 0 | U14: =IF('MASTER data'!$B15="SEP",IF(MONTH('MASTER data'!$E15)=MONTH(U$4),'MASTER data'!$E15,""),"") | V14: =IF(U14='MASTER data'!$E15,'MASTER data'!$H15,"") -> 0 | W14: =IF('MASTER data'!$B15="SEP",IF(MONTH('MASTER data'!$E15)=MONTH(W$4),'MASTER data'!$E15,""),"") | X14: =IF(W14='MASTER data'!$E15,'MASTER data'!$H15,"") -> 0 | Y14: =IF('MASTER data'!$B15="SEP",IF(MONTH('MASTER data'!$E15)=MONTH(Y$4),'MASTER data'!$E15,""),"") | Z14: =IF(Y14='MASTER data'!$E15,'MASTER data'!$H15,"") -> 0
B15: =IF('MASTER data'!B16="sep",'MASTER data'!C16,0) -> 0 | C15: =IF('MASTER data'!$B16="SEP",IF(MONTH('MASTER data'!$E16)=MONTH(C$4),'MASTER data'!$E16,""),"") | D15: =IF(C15='MASTER data'!$E16,'MASTER data'!$H16,"") -> 0 | E15: =IF('MASTER data'!$B16="SEP",IF(MONTH('MASTER data'!$E16)=MONTH(E$4),'MASTER data'!$E16,""),"") | F15: =IF(E15='MASTER data'!$E16,'MASTER data'!$H16,"") -> 0 | G15: =IF('MASTER data'!$B16="SEP",IF(MONTH('MASTER data'!$E16)=MONTH(G$4),'MASTER data'!$E16,""),"") | H15: =IF(G15='MASTER data'!$E16,'MASTER data'!$H16,"") -> 0 | I15: =IF('MASTER data'!$B16="SEP",IF(MONTH('MASTER data'!$E16)=MONTH(I$4),'MASTER data'!$E16,""),"") | J15: =IF(I15='MASTER data'!$E16,'MASTER data'!$H16,"") -> 0 | K15: =IF('MASTER data'!$B16="SEP",IF(MONTH('MASTER data'!$E16)=MONTH(K$4),'MASTER data'!$E16,""),"") | L15: =IF(K15='MASTER data'!$E16,'MASTER data'!$H16,"") -> 0 | M15: =IF('MASTER data'!$B16="SEP",IF(MONTH('MASTER data'!$E16)=MONTH(M$4),'MASTER data'!$E16,""),"") | N15: =IF(M15='MASTER data'!$E16,'MASTER data'!$H16,"") -> 0 | O15: =IF('MASTER data'!$B16="SEP",IF(MONTH('MASTER data'!$E16)=MONTH(O$4),'MASTER data'!$E16,""),"") | P15: =IF(O15='MASTER data'!$E16,'MASTER data'!$H16,"") -> 0 | Q15: =IF('MASTER data'!$B16="SEP",IF(MONTH('MASTER data'!$E16)=MONTH(Q$4),'MASTER data'!$E16,""),"") | R15: =IF(Q15='MASTER data'!$E16,'MASTER data'!$H16,"") -> 0 | S15: =IF('MASTER data'!$B16="SEP",IF(MONTH('MASTER data'!$E16)=MONTH(S$4),'MASTER data'!$E16,""),"") | T15: =IF(S15='MASTER data'!$E16,'MASTER data'!$H16,"") -> 0 | U15: =IF('MASTER data'!$B16="SEP",IF(MONTH('MASTER data'!$E16)=MONTH(U$4),'MASTER data'!$E16,""),"") | V15: =IF(U15='MASTER data'!$E16,'MASTER data'!$H16,"") -> 0 | W15: =IF('MASTER data'!$B16="SEP",IF(MONTH('MASTER data'!$E16)=MONTH(W$4),'MASTER data'!$E16,""),"") | X15: =IF(W15='MASTER data'!$E16,'MASTER data'!$H16,"") -> 0 | Y15: =IF('MASTER data'!$B16="SEP",IF(MONTH('MASTER data'!$E16)=MONTH(Y$4),'MASTER data'!$E16,""),"") | Z15: =IF(Y15='MASTER data'!$E16,'MASTER data'!$H16,"") -> 0
B16: =IF('MASTER data'!B17="sep",'MASTER data'!C17,0) -> 0 | C16: =IF('MASTER data'!$B17="SEP",IF(MONTH('MASTER data'!$E17)=MONTH(C$4),'MASTER data'!$E17,""),"") | D16: =IF(C16='MASTER data'!$E17,'MASTER data'!$H17,"") -> 0 | E16: =IF('MASTER data'!$B17="SEP",IF(MONTH('MASTER data'!$E17)=MONTH(E$4),'MASTER data'!$E17,""),"") | F16: =IF(E16='MASTER data'!$E17,'MASTER data'!$H17,"") -> 0 | G16: =IF('MASTER data'!$B17="SEP",IF(MONTH('MASTER data'!$E17)=MONTH(G$4),'MASTER data'!$E17,""),"") | H16: =IF(G16='MASTER data'!$E17,'MASTER data'!$H17,"") -> 0 | I16: =IF('MASTER data'!$B17="SEP",IF(MONTH('MASTER data'!$E17)=MONTH(I$4),'MASTER data'!$E17,""),"") | J16: =IF(I16='MASTER data'!$E17,'MASTER data'!$H17,"") -> 0 | K16: =IF('MASTER data'!$B17="SEP",IF(MONTH('MASTER data'!$E17)=MONTH(K$4),'MASTER data'!$E17,""),"") | L16: =IF(K16='MASTER data'!$E17,'MASTER data'!$H17,"") -> 0 | M16: =IF('MASTER data'!$B17="SEP",IF(MONTH('MASTER data'!$E17)=MONTH(M$4),'MASTER data'!$E17,""),"") | N16: =IF(M16='MASTER data'!$E17,'MASTER data'!$H17,"") -> 0 | O16: =IF('MASTER data'!$B17="SEP",IF(MONTH('MASTER data'!$E17)=MONTH(O$4),'MASTER data'!$E17,""),"") | P16: =IF(O16='MASTER data'!$E17,'MASTER data'!$H17,"") -> 0 | Q16: =IF('MASTER data'!$B17="SEP",IF(MONTH('MASTER data'!$E17)=MONTH(Q$4),'MASTER data'!$E17,""),"") | R16: =IF(Q16='MASTER data'!$E17,'MASTER data'!$H17,"") -> 0 | S16: =IF('MASTER data'!$B17="SEP",IF(MONTH('MASTER data'!$E17)=MONTH(S$4),'MASTER data'!$E17,""),"") | T16: =IF(S16='MASTER data'!$E17,'MASTER data'!$H17,"") -> 0 | U16: =IF('MASTER data'!$B17="SEP",IF(MONTH('MASTER data'!$E17)=MONTH(U$4),'MASTER data'!$E17,""),"") | V16: =IF(U16='MASTER data'!$E17,'MASTER data'!$H17,"") -> 0 | W16: =IF('MASTER data'!$B17="SEP",IF(MONTH('MASTER data'!$E17)=MONTH(W$4),'MASTER data'!$E17,""),"") | X16: =IF(W16='MASTER data'!$E17,'MASTER data'!$H17,"") -> 0 | Y16: =IF('MASTER data'!$B17="SEP",IF(MONTH('MASTER data'!$E17)=MONTH(Y$4),'MASTER data'!$E17,""),"") | Z16: =IF(Y16='MASTER data'!$E17,'MASTER data'!$H17,"") -> 0
B17: =IF('MASTER data'!B18="sep",'MASTER data'!C18,0) -> 0 | C17: =IF('MASTER data'!$B18="SEP",IF(MONTH('MASTER data'!$E18)=MONTH(C$4),'MASTER data'!$E18,""),"") | D17: =IF(C17='MASTER data'!$E18,'MASTER data'!$H18,"") -> 0 | E17: =IF('MASTER data'!$B18="SEP",IF(MONTH('MASTER data'!$E18)=MONTH(E$4),'MASTER data'!$E18,""),"") | F17: =IF(E17='MASTER data'!$E18,'MASTER data'!$H18,"") -> 0 | G17: =IF('MASTER data'!$B18="SEP",IF(MONTH('MASTER data'!$E18)=MONTH(G$4),'MASTER data'!$E18,""),"") | H17: =IF(G17='MASTER data'!$E18,'MASTER data'!$H18,"") -> 0 | I17: =IF('MASTER data'!$B18="SEP",IF(MONTH('MASTER data'!$E18)=MONTH(I$4),'MASTER data'!$E18,""),"") | J17: =IF(I17='MASTER data'!$E18,'MASTER data'!$H18,"") -> 0 | K17: =IF('MASTER data'!$B18="SEP",IF(MONTH('MASTER data'!$E18)=MONTH(K$4),'MASTER data'!$E18,""),"") | L17: =IF(K17='MASTER data'!$E18,'MASTER data'!$H18,"") -> 0 | M17: =IF('MASTER data'!$B18="SEP",IF(MONTH('MASTER data'!$E18)=MONTH(M$4),'MASTER data'!$E18,""),"") | N17: =IF(M17='MASTER data'!$E18,'MASTER data'!$H18,"") -> 0 | O17: =IF('MASTER data'!$B18="SEP",IF(MONTH('MASTER data'!$E18)=MONTH(O$4),'MASTER data'!$E18,""),"") | P17: =IF(O17='MASTER data'!$E18,'MASTER data'!$H18,"") -> 0 | Q17: =IF('MASTER data'!$B18="SEP",IF(MONTH('MASTER data'!$E18)=MONTH(Q$4),'MASTER data'!$E18,""),"") | R17: =IF(Q17='MASTER data'!$E18,'MASTER data'!$H18,"") -> 0 | S17: =IF('MASTER data'!$B18="SEP",IF(MONTH('MASTER data'!$E18)=MONTH(S$4),'MASTER data'!$E18,""),"") | T17: =IF(S17='MASTER data'!$E18,'MASTER data'!$H18,"") -> 0 | U17: =IF('MASTER data'!$B18="SEP",IF(MONTH('MASTER data'!$E18)=MONTH(U$4),'MASTER data'!$E18,""),"") | V17: =IF(U17='MASTER data'!$E18,'MASTER data'!$H18,"") -> 0 | W17: =IF('MASTER data'!$B18="SEP",IF(MONTH('MASTER data'!$E18)=MONTH(W$4),'MASTER data'!$E18,""),"") | X17: =IF(W17='MASTER data'!$E18,'MASTER data'!$H18,"") -> 0 | Y17: =IF('MASTER data'!$B18="SEP",IF(MONTH('MASTER data'!$E18)=MONTH(Y$4),'MASTER data'!$E18,""),"") | Z17: =IF(Y17='MASTER data'!$E18,'MASTER data'!$H18,"") -> 0
B18: =IF('MASTER data'!B19="sep",'MASTER data'!C19,0) -> 0 | C18: =IF('MASTER data'!$B19="SEP",IF(MONTH('MASTER data'!$E19)=MONTH(C$4),'MASTER data'!$E19,""),"") | D18: =IF(C18='MASTER data'!$E19,'MASTER data'!$H19,"") -> 0 | E18: =IF('MASTER data'!$B19="SEP",IF(MONTH('MASTER data'!$E19)=MONTH(E$4),'MASTER data'!$E19,""),"") | F18: =IF(E18='MASTER data'!$E19,'MASTER data'!$H19,"") -> 0 | G18: =IF('MASTER data'!$B19="SEP",IF(MONTH('MASTER data'!$E19)=MONTH(G$4),'MASTER data'!$E19,""),"") | H18: =IF(G18='MASTER data'!$E19,'MASTER data'!$H19,"") -> 0 | I18: =IF('MASTER data'!$B19="SEP",IF(MONTH('MASTER data'!$E19)=MONTH(I$4),'MASTER data'!$E19,""),"") | J18: =IF(I18='MASTER data'!$E19,'MASTER data'!$H19,"") -> 0 | K18: =IF('MASTER data'!$B19="SEP",IF(MONTH('MASTER data'!$E19)=MONTH(K$4),'MASTER data'!$E19,""),"") | L18: =IF(K18='MASTER data'!$E19,'MASTER data'!$H19,"") -> 0 | M18: =IF('MASTER data'!$B19="SEP",IF(MONTH('MASTER data'!$E19)=MONTH(M$4),'MASTER data'!$E19,""),"") | N18: =IF(M18='MASTER data'!$E19,'MASTER data'!$H19,"") -> 0 | O18: =IF('MASTER data'!$B19="SEP",IF(MONTH('MASTER data'!$E19)=MONTH(O$4),'MASTER data'!$E19,""),"") | P18: =IF(O18='MASTER data'!$E19,'MASTER data'!$H19,"") -> 0 | Q18: =IF('MASTER data'!$B19="SEP",IF(MONTH('MASTER data'!$E19)=MONTH(Q$4),'MASTER data'!$E19,""),"") | R18: =IF(Q18='MASTER data'!$E19,'MASTER data'!$H19,"") -> 0 | S18: =IF('MASTER data'!$B19="SEP",IF(MONTH('MASTER data'!$E19)=MONTH(S$4),'MASTER data'!$E19,""),"") | T18: =IF(S18='MASTER data'!$E19,'MASTER data'!$H19,"") -> 0 | U18: =IF('MASTER data'!$B19="SEP",IF(MONTH('MASTER data'!$E19)=MONTH(U$4),'MASTER data'!$E19,""),"") | V18: =IF(U18='MASTER data'!$E19,'MASTER data'!$H19,"") -> 0 | W18: =IF('MASTER data'!$B19="SEP",IF(MONTH('MASTER data'!$E19)=MONTH(W$4),'MASTER data'!$E19,""),"") | X18: =IF(W18='MASTER data'!$E19,'MASTER data'!$H19,"") -> 0 | Y18: =IF('MASTER data'!$B19="SEP",IF(MONTH('MASTER data'!$E19)=MONTH(Y$4),'MASTER data'!$E19,""),"") | Z18: =IF(Y18='MASTER data'!$E19,'MASTER data'!$H19,"") -> 0
... B28: =IF('MASTER data'!B29="sep",'MASTER data'!C29,0) -> 0 | C28: =IF('MASTER data'!$B29="SEP",IF(MONTH('MASTER data'!$E29)=MONTH(C$4),'MASTER data'!$E29,""),"") | D28: =IF(C28='MASTER data'!$E29,'MASTER data'!$H29,"") -> 0 | E28: =IF('MASTER data'!$B29="SEP",IF(MONTH('MASTER data'!$E29)=MONTH(E$4),'MASTER data'!$E29,""),"") | F28: =IF(E28='MASTER data'!$E29,'MASTER data'!$H29,"") -> 0 | G28: =IF('MASTER data'!$B29="SEP",IF(MONTH('MASTER data'!$E29)=MONTH(G$4),'MASTER data'!$E29,""),"") | H28: =IF(G28='MASTER data'!$E29,'MASTER data'!$H29,"") -> 0 | I28: =IF('MASTER data'!$B29="SEP",IF(MONTH('MASTER data'!$E29)=MONTH(I$4),'MASTER data'!$E29,""),"") | J28: =IF(I28='MASTER data'!$E29,'MASTER data'!$H29,"") -> 0 | K28: =IF('MASTER data'!$B29="SEP",IF(MONTH('MASTER data'!$E29)=MONTH(K$4),'MASTER data'!$E29,""),"") | L28: =IF(K28='MASTER data'!$E29,'MASTER data'!$H29,"") -> 0 | M28: =IF('MASTER data'!$B29="SEP",IF(MONTH('MASTER data'!$E29)=MONTH(M$4),'MASTER data'!$E29,""),"") | N28: =IF(M28='MASTER data'!$E29,'MASTER data'!$H29,"") -> 0 | O28: =IF('MASTER data'!$B29="SEP",IF(MONTH('MASTER data'!$E29)=MONTH(O$4),'MASTER data'!$E29,""),"") | P28: =IF(O28='MASTER data'!$E29,'MASTER data'!$H29,"") -> 0 | Q28: =IF('MASTER data'!$B29="SEP",IF(MONTH('MASTER data'!$E29)=MONTH(Q$4),'MASTER data'!$E29,""),"") | R28: =IF(Q28='MASTER data'!$E29,'MASTER data'!$H29,"") -> 0 | S28: =IF('MASTER data'!$B29="SEP",IF(MONTH('MASTER data'!$E29)=MONTH(S$4),'MASTER data'!$E29,""),"") | T28: =IF(S28='MASTER data'!$E29,'MASTER data'!$H29,"") -> 0 | U28: =IF('MASTER data'!$B29="SEP",IF(MONTH('MASTER data'!$E29)=MONTH(U$4),'MASTER data'!$E29,""),"") | V28: =IF(U28='MASTER data'!$E29,'MASTER data'!$H29,"") -> 0 | W28: =IF('MASTER data'!$B29="SEP",IF(MONTH('MASTER data'!$E29)=MONTH(W$4),'MASTER data'!$E29,""),"") | X28: =IF(W28='MASTER data'!$E29,'MASTER data'!$H29,"") -> 0 | Y28: =IF('MASTER data'!$B29="SEP",IF(MONTH('MASTER data'!$E29)=MONTH(Y$4),'MASTER data'!$E29,""),"") | Z28: =IF(Y28='MASTER data'!$E29,'MASTER data'!$H29,"") -> 0
C29: =IF('MASTER data'!$B30="SEP",IF(MONTH('MASTER data'!$E30)=MONTH(C$4),'MASTER data'!$E30,""),"") | D29: =IF(C29='MASTER data'!$E30,'MASTER data'!$H30,"") -> 0 | E29: =IF('MASTER data'!$B30="SEP",IF(MONTH('MASTER data'!$E30)=MONTH(E$4),'MASTER data'!$E30,""),"") | F29: =IF(E29='MASTER data'!$E30,'MASTER data'!$H30,"") -> 0 | G29: =IF('MASTER data'!$B30="SEP",IF(MONTH('MASTER data'!$E30)=MONTH(G$4),'MASTER data'!$E30,""),"") | H29: =IF(G29='MASTER data'!$E30,'MASTER data'!$H30,"") -> 0 | I29: =IF('MASTER data'!$B30="SEP",IF(MONTH('MASTER data'!$E30)=MONTH(I$4),'MASTER data'!$E30,""),"") | J29: =IF(I29='MASTER data'!$E30,'MASTER data'!$H30,"") -> 0 | K29: =IF('MASTER data'!$B30="SEP",IF(MONTH('MASTER data'!$E30)=MONTH(K$4),'MASTER data'!$E30,""),"") | L29: =IF(K29='MASTER data'!$E30,'MASTER data'!$H30,"") -> 0 | M29: =IF('MASTER data'!$B30="SEP",IF(MONTH('MASTER data'!$E30)=MONTH(M$4),'MASTER data'!$E30,""),"") | N29: =IF(M29='MASTER data'!$E30,'MASTER data'!$H30,"") -> 0 | O29: =IF('MASTER data'!$B30="SEP",IF(MONTH('MASTER data'!$E30)=MONTH(O$4),'MASTER data'!$E30,""),"") | P29: =IF(O29='MASTER data'!$E30,'MASTER data'!$H30,"") -> 0 | Q29: =IF('MASTER data'!$B30="SEP",IF(MONTH('MASTER data'!$E30)=MONTH(Q$4),'MASTER data'!$E30,""),"") | R29: =IF(Q29='MASTER data'!$E30,'MASTER data'!$H30,"") -> 0 | S29: =IF('MASTER data'!$B30="SEP",IF(MONTH('MASTER data'!$E30)=MONTH(S$4),'MASTER data'!$E30,""),"") | T29: =IF(S29='MASTER data'!$E30,'MASTER data'!$H30,"") -> 0 | U29: =IF('MASTER data'!$B30="SEP",IF(MONTH('MASTER data'!$E30)=MONTH(U$4),'MASTER data'!$E30,""),"") | V29: =IF(U29='MASTER data'!$E30,'MASTER data'!$H30,"") -> 0 | W29: =IF('MASTER data'!$B30="SEP",IF(MONTH('MASTER data'!$E30)=MONTH(W$4),'MASTER data'!$E30,""),"") | X29: =IF(W29='MASTER data'!$E30,'MASTER data'!$H30,"") -> 0 | Y29: =IF('MASTER data'!$B30="SEP",IF(MONTH('MASTER data'!$E30)=MONTH(Y$4),'MASTER data'!$E30,""),"") | Z29: =IF(Y29='MASTER data'!$E30,'MASTER data'!$H30,"") -> 0
C30: =IF('MASTER data'!$B31="SEP",IF(MONTH('MASTER data'!$E31)=MONTH(C$4),'MASTER data'!$E31,""),"") | D30: =IF(C30='MASTER data'!$E31,'MASTER data'!$H31,"") -> 0 | E30: =IF('MASTER data'!$B31="SEP",IF(MONTH('MASTER data'!$E31)=MONTH(E$4),'MASTER data'!$E31,""),"") | F30: =IF(E30='MASTER data'!$E31,'MASTER data'!$H31,"") -> 0 | G30: =IF('MASTER data'!$B31="SEP",IF(MONTH('MASTER data'!$E31)=MONTH(G$4),'MASTER data'!$E31,""),"") | H30: =IF(G30='MASTER data'!$E31,'MASTER data'!$H31,"") -> 0 | I30: =IF('MASTER data'!$B31="SEP",IF(MONTH('MASTER data'!$E31)=MONTH(I$4),'MASTER data'!$E31,""),"") | J30: =IF(I30='MASTER data'!$E31,'MASTER data'!$H31,"") -> 0 | K30: =IF('MASTER data'!$B31="SEP",IF(MONTH('MASTER data'!$E31)=MONTH(K$4),'MASTER data'!$E31,""),"") | L30: =IF(K30='MASTER data'!$E31,'MASTER data'!$H31,"") -> 0 | M30: =IF('MASTER data'!$B31="SEP",IF(MONTH('MASTER data'!$E31)=MONTH(M$4),'MASTER data'!$E31,""),"") | N30: =IF(M30='MASTER data'!$E31,'MASTER data'!$H31,"") -> 0 | O30: =IF('MASTER data'!$B31="SEP",IF(MONTH('MASTER data'!$E31)=MONTH(O$4),'MASTER data'!$E31,""),"") | P30: =IF(O30='MASTER data'!$E31,'MASTER data'!$H31,"") -> 0 | Q30: =IF('MASTER data'!$B31="SEP",IF(MONTH('MASTER data'!$E31)=MONTH(Q$4),'MASTER data'!$E31,""),"") | R30: =IF(Q30='MASTER data'!$E31,'MASTER data'!$H31,"") -> 0 | S30: =IF('MASTER data'!$B31="SEP",IF(MONTH('MASTER data'!$E31)=MONTH(S$4),'MASTER data'!$E31,""),"") | T30: =IF(S30='MASTER data'!$E31,'MASTER data'!$H31,"") -> 0 | U30: =IF('MASTER data'!$B31="SEP",IF(MONTH('MASTER data'!$E31)=MONTH(U$4),'MASTER data'!$E31,""),"") | V30: =IF(U30='MASTER data'!$E31,'MASTER data'!$H31,"") -> 0 | W30: =IF('MASTER data'!$B31="SEP",IF(MONTH('MASTER data'!$E31)=MONTH(W$4),'MASTER data'!$E31,""),"") | X30: =IF(W30='MASTER data'!$E31,'MASTER data'!$H31,"") -> 0 | Y30: =IF('MASTER data'!$B31="SEP",IF(MONTH('MASTER data'!$E31)=MONTH(Y$4),'MASTER data'!$E31,""),"") | Z30: =IF(Y30='MASTER data'!$E31,'MASTER data'!$H31,"") -> 0
C31: =IF('MASTER data'!$B32="SEP",IF(MONTH('MASTER data'!$E32)=MONTH(C$4),'MASTER data'!$E32,""),"") | D31: =IF(C31='MASTER data'!$E32,'MASTER data'!$H32,"") -> 0 | E31: =IF('MASTER data'!$B32="SEP",IF(MONTH('MASTER data'!$E32)=MONTH(E$4),'MASTER data'!$E32,""),"") | F31: =IF(E31='MASTER data'!$E32,'MASTER data'!$H32,"") -> 0 | G31: =IF('MASTER data'!$B32="SEP",IF(MONTH('MASTER data'!$E32)=MONTH(G$4),'MASTER data'!$E32,""),"") | H31: =IF(G31='MASTER data'!$E32,'MASTER data'!$H32,"") -> 0 | I31: =IF('MASTER data'!$B32="SEP",IF(MONTH('MASTER data'!$E32)=MONTH(I$4),'MASTER data'!$E32,""),"") | J31: =IF(I31='MASTER data'!$E32,'MASTER data'!$H32,"") -> 0 | K31: =IF('MASTER data'!$B32="SEP",IF(MONTH('MASTER data'!$E32)=MONTH(K$4),'MASTER data'!$E32,""),"") | L31: =IF(K31='MASTER data'!$E32,'MASTER data'!$H32,"") -> 0 | M31: =IF('MASTER data'!$B32="SEP",IF(MONTH('MASTER data'!$E32)=MONTH(M$4),'MASTER data'!$E32,""),"") | N31: =IF(M31='MASTER data'!$E32,'MASTER data'!$H32,"") -> 0 | O31: =IF('MASTER data'!$B32="SEP",IF(MONTH('MASTER data'!$E32)=MONTH(O$4),'MASTER data'!$E32,""),"") | P31: =IF(O31='MASTER data'!$E32,'MASTER data'!$H32,"") -> 0 | Q31: =IF('MASTER data'!$B32="SEP",IF(MONTH('MASTER data'!$E32)=MONTH(Q$4),'MASTER data'!$E32,""),"") | R31: =IF(Q31='MASTER data'!$E32,'MASTER data'!$H32,"") -> 0 | S31: =IF('MASTER data'!$B32="SEP",IF(MONTH('MASTER data'!$E32)=MONTH(S$4),'MASTER data'!$E32,""),"") | T31: =IF(S31='MASTER data'!$E32,'MASTER data'!$H32,"") -> 0 | U31: =IF('MASTER data'!$B32="SEP",IF(MONTH('MASTER data'!$E32)=MONTH(U$4),'MASTER data'!$E32,""),"") | V31: =IF(U31='MASTER data'!$E32,'MASTER data'!$H32,"") -> 0 | W31: =IF('MASTER data'!$B32="SEP",IF(MONTH('MASTER data'!$E32)=MONTH(W$4),'MASTER data'!$E32,""),"") | X31: =IF(W31='MASTER data'!$E32,'MASTER data'!$H32,"") -> 0 | Y31: =IF('MASTER data'!$B32="SEP",IF(MONTH('MASTER data'!$E32)=MONTH(Y$4),'MASTER data'!$E32,""),"") | Z31: =IF(Y31='MASTER data'!$E32,'MASTER data'!$H32,"") -> 0
C32: =IF('MASTER data'!$B33="SEP",IF(MONTH('MASTER data'!$E33)=MONTH(C$4),'MASTER data'!$E33,""),"") | D32: =IF(C32='MASTER data'!$E33,'MASTER data'!$H33,"") -> 0 | E32: =IF('MASTER data'!$B33="SEP",IF(MONTH('MASTER data'!$E33)=MONTH(E$4),'MASTER data'!$E33,""),"") | F32: =IF(E32='MASTER data'!$E33,'MASTER data'!$H33,"") -> 0 | G32: =IF('MASTER data'!$B33="SEP",IF(MONTH('MASTER data'!$E33)=MONTH(G$4),'MASTER data'!$E33,""),"") | H32: =IF(G32='MASTER data'!$E33,'MASTER data'!$H33,"") -> 0 | I32: =IF('MASTER data'!$B33="SEP",IF(MONTH('MASTER data'!$E33)=MONTH(I$4),'MASTER data'!$E33,""),"") | J32: =IF(I32='MASTER data'!$E33,'MASTER data'!$H33,"") -> 0 | K32: =IF('MASTER data'!$B33="SEP",IF(MONTH('MASTER data'!$E33)=MONTH(K$4),'MASTER data'!$E33,""),"") | L32: =IF(K32='MASTER data'!$E33,'MASTER data'!$H33,"") -> 0 | M32: =IF('MASTER data'!$B33="SEP",IF(MONTH('MASTER data'!$E33)=MONTH(M$4),'MASTER data'!$E33,""),"") | N32: =IF(M32='MASTER data'!$E33,'MASTER data'!$H33,"") -> 0 | O32: =IF('MASTER data'!$B33="SEP",IF(MONTH('MASTER data'!$E33)=MONTH(O$4),'MASTER data'!$E33,""),"") | P32: =IF(O32='MASTER data'!$E33,'MASTER data'!$H33,"") -> 0 | Q32: =IF('MASTER data'!$B33="SEP",IF(MONTH('MASTER data'!$E33)=MONTH(Q$4),'MASTER data'!$E33,""),"") | R32: =IF(Q32='MASTER data'!$E33,'MASTER data'!$H33,"") -> 0 | S32: =IF('MASTER data'!$B33="SEP",IF(MONTH('MASTER data'!$E33)=MONTH(S$4),'MASTER data'!$E33,""),"") | T32: =IF(S32='MASTER data'!$E33,'MASTER data'!$H33,"") -> 0 | U32: =IF('MASTER data'!$B33="SEP",IF(MONTH('MASTER data'!$E33)=MONTH(U$4),'MASTER data'!$E33,""),"") | V32: =IF(U32='MASTER data'!$E33,'MASTER data'!$H33,"") -> 0 | W32: =IF('MASTER data'!$B33="SEP",IF(MONTH('MASTER data'!$E33)=MONTH(W$4),'MASTER data'!$E33,""),"") | X32: =IF(W32='MASTER data'!$E33,'MASTER data'!$H33,"") -> 0 | Y32: =IF('MASTER data'!$B33="SEP",IF(MONTH('MASTER data'!$E33)=MONTH(Y$4),'MASTER data'!$E33,""),"") | Z32: =IF(Y32='MASTER data'!$E33,'MASTER data'!$H33,"") -> 0
C33: =IF('MASTER data'!$B34="SEP",IF(MONTH('MASTER data'!$E34)=MONTH(C$4),'MASTER data'!$E34,""),"") | D33: =IF(C33='MASTER data'!$E34,'MASTER data'!$H34,"") -> 0 | E33: =IF('MASTER data'!$B34="SEP",IF(MONTH('MASTER data'!$E34)=MONTH(E$4),'MASTER data'!$E34,""),"") | F33: =IF(E33='MASTER data'!$E34,'MASTER data'!$H34,"") -> 0 | G33: =IF('MASTER data'!$B34="SEP",IF(MONTH('MASTER data'!$E34)=MONTH(G$4),'MASTER data'!$E34,""),"") | H33: =IF(G33='MASTER data'!$E34,'MASTER data'!$H34,"") -> 0 | I33: =IF('MASTER data'!$B34="SEP",IF(MONTH('MASTER data'!$E34)=MONTH(I$4),'MASTER data'!$E34,""),"") | J33: =IF(I33='MASTER data'!$E34,'MASTER data'!$H34,"") -> 0 | K33: =IF('MASTER data'!$B34="SEP",IF(MONTH('MASTER data'!$E34)=MONTH(K$4),'MASTER data'!$E34,""),"") | L33: =IF(K33='MASTER data'!$E34,'MASTER data'!$H34,"") -> 0 | M33: =IF('MASTER data'!$B34="SEP",IF(MONTH('MASTER data'!$E34)=MONTH(M$4),'MASTER data'!$E34,""),"") | N33: =IF(M33='MASTER data'!$E34,'MASTER data'!$H34,"") -> 0 | O33: =IF('MASTER data'!$B34="SEP",IF(MONTH('MASTER data'!$E34)=MONTH(O$4),'MASTER data'!$E34,""),"") | P33: =IF(O33='MASTER data'!$E34,'MASTER data'!$H34,"") -> 0 | Q33: =IF('MASTER data'!$B34="SEP",IF(MONTH('MASTER data'!$E34)=MONTH(Q$4),'MASTER data'!$E34,""),"") | R33: =IF(Q33='MASTER data'!$E34,'MASTER data'!$H34,"") -> 0 | S33: =IF('MASTER data'!$B34="SEP",IF(MONTH('MASTER data'!$E34)=MONTH(S$4),'MASTER data'!$E34,""),"") | T33: =IF(S33='MASTER data'!$E34,'MASTER data'!$H34,"") -> 0 | U33: =IF('MASTER data'!$B34="SEP",IF(MONTH('MASTER data'!$E34)=MONTH(U$4),'MASTER data'!$E34,""),"") | V33: =IF(U33='MASTER data'!$E34,'MASTER data'!$H34,"") -> 0 | W33: =IF('MASTER data'!$B34="SEP",IF(MONTH('MASTER data'!$E34)=MONTH(W$4),'MASTER data'!$E34,""),"") | X33: =IF(W33='MASTER data'!$E34,'MASTER data'!$H34,"") -> 0 | Y33: =IF('MASTER data'!$B34="SEP",IF(MONTH('MASTER data'!$E34)=MONTH(Y$4),'MASTER data'!$E34,""),"") | Z33: =IF(Y33='MASTER data'!$E34,'MASTER data'!$H34,"") -> 0
C34: =IF('MASTER data'!$B35="SEP",IF(MONTH('MASTER data'!$E35)=MONTH(C$4),'MASTER data'!$E35,""),"") | D34: =IF(C34='MASTER data'!$E35,'MASTER data'!$H35,"") -> 0 | E34: =IF('MASTER data'!$B35="SEP",IF(MONTH('MASTER data'!$E35)=MONTH(E$4),'MASTER data'!$E35,""),"") | F34: =IF(E34='MASTER data'!$E35,'MASTER data'!$H35,"") -> 0 | G34: =IF('MASTER data'!$B35="SEP",IF(MONTH('MASTER data'!$E35)=MONTH(G$4),'MASTER data'!$E35,""),"") | H34: =IF(G34='MASTER data'!$E35,'MASTER data'!$H35,"") -> 0 | I34: =IF('MASTER data'!$B35="SEP",IF(MONTH('MASTER data'!$E35)=MONTH(I$4),'MASTER data'!$E35,""),"") | J34: =IF(I34='MASTER data'!$E35,'MASTER data'!$H35,"") -> 0 | K34: =IF('MASTER data'!$B35="SEP",IF(MONTH('MASTER data'!$E35)=MONTH(K$4),'MASTER data'!$E35,""),"") | L34: =IF(K34='MASTER data'!$E35,'MASTER data'!$H35,"") -> 0 | M34: =IF('MASTER data'!$B35="SEP",IF(MONTH('MASTER data'!$E35)=MONTH(M$4),'MASTER data'!$E35,""),"") | N34: =IF(M34='MASTER data'!$E35,'MASTER data'!$H35,"") -> 0 | O34: =IF('MASTER data'!$B35="SEP",IF(MONTH('MASTER data'!$E35)=MONTH(O$4),'MASTER data'!$E35,""),"") | P34: =IF(O34='MASTER data'!$E35,'MASTER data'!$H35,"") -> 0 | Q34: =IF('MASTER data'!$B35="SEP",IF(MONTH('MASTER data'!$E35)=MONTH(Q$4),'MASTER data'!$E35,""),"") | R34: =IF(Q34='MASTER data'!$E35,'MASTER data'!$H35,"") -> 0 | S34: =IF('MASTER data'!$B35="SEP",IF(MONTH('MASTER data'!$E35)=MONTH(S$4),'MASTER data'!$E35,""),"") | T34: =IF(S34='MASTER data'!$E35,'MASTER data'!$H35,"") -> 0 | U34: =IF('MASTER data'!$B35="SEP",IF(MONTH('MASTER data'!$E35)=MONTH(U$4),'MASTER data'!$E35,""),"") | V34: =IF(U34='MASTER data'!$E35,'MASTER data'!$H35,"") -> 0 | W34: =IF('MASTER data'!$B35="SEP",IF(MONTH('MASTER data'!$E35)=MONTH(W$4),'MASTER data'!$E35,""),"") | X34: =IF(W34='MASTER data'!$E35,'MASTER data'!$H35,"") -> 0 | Y34: =IF('MASTER data'!$B35="SEP",IF(MONTH('MASTER data'!$E35)=MONTH(Y$4),'MASTER data'!$E35,""),"") | Z34: =IF(Y34='MASTER data'!$E35,'MASTER data'!$H35,"") -> 0
C35: =IF('MASTER data'!$B36="SEP",IF(MONTH('MASTER data'!$E36)=MONTH(C$4),'MASTER data'!$E36,""),"") | D35: =IF(C35='MASTER data'!$E36,'MASTER data'!$H36,"") -> 0 | E35: =IF('MASTER data'!$B36="SEP",IF(MONTH('MASTER data'!$E36)=MONTH(E$4),'MASTER data'!$E36,""),"") | F35: =IF(E35='MASTER data'!$E36,'MASTER data'!$H36,"") -> 0 | G35: =IF('MASTER data'!$B36="SEP",IF(MONTH('MASTER data'!$E36)=MONTH(G$4),'MASTER data'!$E36,""),"") | H35: =IF(G35='MASTER data'!$E36,'MASTER data'!$H36,"") -> 0 | I35: =IF('MASTER data'!$B36="SEP",IF(MONTH('MASTER data'!$E36)=MONTH(I$4),'MASTER data'!$E36,""),"") | J35: =IF(I35='MASTER data'!$E36,'MASTER data'!$H36,"") -> 0 | K35: =IF('MASTER data'!$B36="SEP",IF(MONTH('MASTER data'!$E36)=MONTH(K$4),'MASTER data'!$E36,""),"") | L35: =IF(K35='MASTER data'!$E36,'MASTER data'!$H36,"") -> 0 | M35: =IF('MASTER data'!$B36="SEP",IF(MONTH('MASTER data'!$E36)=MONTH(M$4),'MASTER data'!$E36,""),"") | N35: =IF(M35='MASTER data'!$E36,'MASTER data'!$H36,"") -> 0 | O35: =IF('MASTER data'!$B36="SEP",IF(MONTH('MASTER data'!$E36)=MONTH(O$4),'MASTER data'!$E36,""),"") | P35: =IF(O35='MASTER data'!$E36,'MASTER data'!$H36,"") -> 0 | Q35: =IF('MASTER data'!$B36="SEP",IF(MONTH('MASTER data'!$E36)=MONTH(Q$4),'MASTER data'!$E36,""),"") | R35: =IF(Q35='MASTER data'!$E36,'MASTER data'!$H36,"") -> 0 | S35: =IF('MASTER data'!$B36="SEP",IF(MONTH('MASTER data'!$E36)=MONTH(S$4),'MASTER data'!$E36,""),"") | T35: =IF(S35='MASTER data'!$E36,'MASTER data'!$H36,"") -> 0 | U35: =IF('MASTER data'!$B36="SEP",IF(MONTH('MASTER data'!$E36)=MONTH(U$4),'MASTER data'!$E36,""),"") | V35: =IF(U35='MASTER data'!$E36,'MASTER data'!$H36,"") -> 0 | W35: =IF('MASTER data'!$B36="SEP",IF(MONTH('MASTER data'!$E36)=MONTH(W$4),'MASTER data'!$E36,""),"") | X35: =IF(W35='MASTER data'!$E36,'MASTER data'!$H36,"") -> 0 | Y35: =IF('MASTER data'!$B36="SEP",IF(MONTH('MASTER data'!$E36)=MONTH(Y$4),'MASTER data'!$E36,""),"") | Z35: =IF(Y35='MASTER data'!$E36,'MASTER data'!$H36,"") -> 0
C36: =IF('MASTER data'!$B37="SEP",IF(MONTH('MASTER data'!$E37)=MONTH(C$4),'MASTER data'!$E37,""),"") | D36: =IF(C36='MASTER data'!$E37,'MASTER data'!$H37,"") -> 0 | E36: =IF('MASTER data'!$B37="SEP",IF(MONTH('MASTER data'!$E37)=MONTH(E$4),'MASTER data'!$E37,""),"") | F36: =IF(E36='MASTER data'!$E37,'MASTER data'!$H37,"") -> 0 | G36: =IF('MASTER data'!$B37="SEP",IF(MONTH('MASTER data'!$E37)=MONTH(G$4),'MASTER data'!$E37,""),"") | H36: =IF(G36='MASTER data'!$E37,'MASTER data'!$H37,"") -> 0 | I36: =IF('MASTER data'!$B37="SEP",IF(MONTH('MASTER data'!$E37)=MONTH(I$4),'MASTER data'!$E37,""),"") | J36: =IF(I36='MASTER data'!$E37,'MASTER data'!$H37,"") -> 0 | K36: =IF('MASTER data'!$B37="SEP",IF(MONTH('MASTER data'!$E37)=MONTH(K$4),'MASTER data'!$E37,""),"") | L36: =IF(K36='MASTER data'!$E37,'MASTER data'!$H37,"") -> 0 | M36: =IF('MASTER data'!$B37="SEP",IF(MONTH('MASTER data'!$E37)=MONTH(M$4),'MASTER data'!$E37,""),"") | N36: =IF(M36='MASTER data'!$E37,'MASTER data'!$H37,"") -> 0 | O36: =IF('MASTER data'!$B37="SEP",IF(MONTH('MASTER data'!$E37)=MONTH(O$4),'MASTER data'!$E37,""),"") | P36: =IF(O36='MASTER data'!$E37,'MASTER data'!$H37,"") -> 0 | Q36: =IF('MASTER data'!$B37="SEP",IF(MONTH('MASTER data'!$E37)=MONTH(Q$4),'MASTER data'!$E37,""),"") | R36: =IF(Q36='MASTER data'!$E37,'MASTER data'!$H37,"") -> 0 | S36: =IF('MASTER data'!$B37="SEP",IF(MONTH('MASTER data'!$E37)=MONTH(S$4),'MASTER data'!$E37,""),"") | T36: =IF(S36='MASTER data'!$E37,'MASTER data'!$H37,"") -> 0 | U36: =IF('MASTER data'!$B37="SEP",IF(MONTH('MASTER data'!$E37)=MONTH(U$4),'MASTER data'!$E37,""),"") | V36: =IF(U36='MASTER data'!$E37,'MASTER data'!$H37,"") -> 0 | W36: =IF('MASTER data'!$B37="SEP",IF(MONTH('MASTER data'!$E37)=MONTH(W$4),'MASTER data'!$E37,""),"") | X36: =IF(W36='MASTER data'!$E37,'MASTER data'!$H37,"") -> 0 | Y36: =IF('MASTER data'!$B37="SEP",IF(MONTH('MASTER data'!$E37)=MONTH(Y$4),'MASTER data'!$E37,""),"") | Z36: =IF(Y36='MASTER data'!$E37,'MASTER data'!$H37,"") -> 0
C37: =IF('MASTER data'!$B38="SEP",IF(MONTH('MASTER data'!$E38)=MONTH(C$4),'MASTER data'!$E38,""),"") | D37: =IF(C37='MASTER data'!$E38,'MASTER data'!$H38,"") -> 0 | E37: =IF('MASTER data'!$B38="SEP",IF(MONTH('MASTER data'!$E38)=MONTH(E$4),'MASTER data'!$E38,""),"") | F37: =IF(E37='MASTER data'!$E38,'MASTER data'!$H38,"") -> 0 | G37: =IF('MASTER data'!$B38="SEP",IF(MONTH('MASTER data'!$E38)=MONTH(G$4),'MASTER data'!$E38,""),"") | H37: =IF(G37='MASTER data'!$E38,'MASTER data'!$H38,"") -> 0 | I37: =IF('MASTER data'!$B38="SEP",IF(MONTH('MASTER data'!$E38)=MONTH(I$4),'MASTER data'!$E38,""),"") | J37: =IF(I37='MASTER data'!$E38,'MASTER data'!$H38,"") -> 0 | K37: =IF('MASTER data'!$B38="SEP",IF(MONTH('MASTER data'!$E38)=MONTH(K$4),'MASTER data'!$E38,""),"") | L37: =IF(K37='MASTER data'!$E38,'MASTER data'!$H38,"") -> 0 | M37: =IF('MASTER data'!$B38="SEP",IF(MONTH('MASTER data'!$E38)=MONTH(M$4),'MASTER data'!$E38,""),"") | N37: =IF(M37='MASTER data'!$E38,'MASTER data'!$H38,"") -> 0 | O37: =IF('MASTER data'!$B38="SEP",IF(MONTH('MASTER data'!$E38)=MONTH(O$4),'MASTER data'!$E38,""),"") | P37: =IF(O37='MASTER data'!$E38,'MASTER data'!$H38,"") -> 0 | Q37: =IF('MASTER data'!$B38="SEP",IF(MONTH('MASTER data'!$E38)=MONTH(Q$4),'MASTER data'!$E38,""),"") | R37: =IF(Q37='MASTER data'!$E38,'MASTER data'!$H38,"") -> 0 | S37: =IF('MASTER data'!$B38="SEP",IF(MONTH('MASTER data'!$E38)=MONTH(S$4),'MASTER data'!$E38,""),"") | T37: =IF(S37='MASTER data'!$E38,'MASTER data'!$H38,"") -> 0 | U37: =IF('MASTER data'!$B38="SEP",IF(MONTH('MASTER data'!$E38)=MONTH(U$4),'MASTER data'!$E38,""),"") | V37: =IF(U37='MASTER data'!$E38,'MASTER data'!$H38,"") -> 0 | W37: =IF('MASTER data'!$B38="SEP",IF(MONTH('MASTER data'!$E38)=MONTH(W$4),'MASTER data'!$E38,""),"") | X37: =IF(W37='MASTER data'!$E38,'MASTER data'!$H38,"") -> 0 | Y37: =IF('MASTER data'!$B38="SEP",IF(MONTH('MASTER data'!$E38)=MONTH(Y$4),'MASTER data'!$E38,""),"") | Z37: =IF(Y37='MASTER data'!$E38,'MASTER data'!$H38,"") -> 0

Sheet LFG
A1: PETRON
A2: LAFARGE- CHITORGARH
C3: 2011 | AA3: 2012
A4: S.NO. | B4: ITEM DECRIPTION | C4: 40544 | E4: 40576 | G4: 40608 | I4: 40640 | K4: 40672 | M4: 40704 | O4: 40736 | Q4: 40768 | S4: 40800 | U4: 40832 | W4: 40864 | Y4: 40896
C5: DATE | D5: UNIT RATE (RS.) | E5: DATE | F5: UNIT RATE (RS.) | G5: DATE | H5: UNIT RATE (RS.) | I5: DATE | J5: UNIT RATE (RS.) | K5: DATE | L5: UNIT RATE (RS.) | M5: DATE | N5: UNIT RATE (RS.) | O5: DATE | P5: UNIT RATE (RS.) | Q5: DATE | R5: UNIT RATE (RS.) | S5: DATE | T5: UNIT RATE (RS.) | U5: DATE | V5: UNIT RATE (RS.) | W5: DATE | X5: UNIT RATE (RS.) | Y5: DATE | Z5: UNIT RATE (RS.)
A6: 1 | B6: =IF('MASTER data'!B7="LFG",'MASTER data'!C7,"") -> 220AMP CHANGE OVER SWITCH FRONT HANDLE MAKE L &T | C6: =IF('MASTER data'!$B7="LFG",IF(MONTH('MASTER data'!$E7)=MONTH(C$4),'MASTER data'!$E7,""),"") | D6: =IF(C6='MASTER data'!$E7,'MASTER data'!$I7,"") | E6: =IF('MASTER data'!$B7="LFG",IF(MONTH('MASTER data'!$E7)=MONTH(E$4),'MASTER data'!$E7,""),"") -> 40941 | F6: =IF(E6='MASTER data'!$E7,'MASTER data'!$I7,"") -> 2345 | G6: =IF('MASTER data'!$B7="LFG",IF(MONTH('MASTER data'!$E7)=MONTH(G$4),'MASTER data'!$E7,""),"") | H6: =IF(G6='MASTER data'!$E7,'MASTER data'!$I7,"") | I6: =IF('MASTER data'!$B7="LFG",IF(MONTH('MASTER data'!$E7)=MONTH(I$4),'MASTER data'!$E7,""),"") | J6: =IF(I6='MASTER data'!$E7,'MASTER data'!$I7,"") | K6: =IF('MASTER data'!$B7="LFG",IF(MONTH('MASTER data'!$E7)=MONTH(K$4),'MASTER data'!$E7,""),"") | L6: =IF(K6='MASTER data'!$E7,'MASTER data'!$I7,"") | M6: =IF('MASTER data'!$B7="LFG",IF(MONTH('MASTER data'!$E7)=MONTH(M$4),'MASTER data'!$E7,""),"") | N6: =IF(M6='MASTER data'!$E7,'MASTER data'!$I7,"") | O6: =IF('MASTER data'!$B7="LFG",IF(MONTH('MASTER data'!$E7)=MONTH(O$4),'MASTER data'!$E7,""),"") | P6: =IF(O6='MASTER data'!$E7,'MASTER data'!$I7,"") | Q6: =IF('MASTER data'!$B7="LFG",IF(MONTH('MASTER data'!$E7)=MONTH(Q$4),'MASTER data'!$E7,""),"") | R6: =IF(Q6='MASTER data'!$E7,'MASTER data'!$I7,"") | S6: =IF('MASTER data'!$B7="LFG",IF(MONTH('MASTER data'!$E7)=MONTH(S$4),'MASTER data'!$E7,""),"") | T6: =IF(S6='MASTER data'!$E7,'MASTER data'!$I7,"") | U6: =IF('MASTER data'!$B7="LFG",IF(MONTH('MASTER data'!$E7)=MONTH(U$4),'MASTER data'!$E7,""),"") | V6: =IF(U6='MASTER data'!$E7,'MASTER data'!$I7,"") | W6: =IF('MASTER data'!$B7="LFG",IF(MONTH('MASTER data'!$E7)=MONTH(W$4),'MASTER data'!$E7,""),"") | X6: =IF(W6='MASTER data'!$E7,'MASTER data'!$I7,"") | Y6: =IF('MASTER data'!$B7="LFG",IF(MONTH('MASTER data'!$E7)=MONTH(Y$4),'MASTER data'!$E7,""),"") | Z6: =IF(Y6='MASTER data'!$E7,'MASTER data'!$I7,"")
B7: =IF('MASTER data'!B8="LFG",'MASTER data'!C8,"") -> dd | C7: =IF('MASTER data'!$B8="LFG",IF(MONTH('MASTER data'!$E8)=MONTH(C$4),'MASTER data'!$E8,""),"") | D7: =IF(C7='MASTER data'!$E8,'MASTER data'!$I8,"") | E7: =IF('MASTER data'!$B8="LFG",IF(MONTH('MASTER data'!$E8)=MONTH(E$4),'MASTER data'!$E8,""),"") -> 40941 | F7: =IF(E7='MASTER data'!$E8,'MASTER data'!$I8,"") -> 0 | G7: =IF('MASTER data'!$B8="LFG",IF(MONTH('MASTER data'!$E8)=MONTH(G$4),'MASTER data'!$E8,""),"") | H7: =IF(G7='MASTER data'!$E8,'MASTER data'!$I8,"") | I7: =IF('MASTER data'!$B8="LFG",IF(MONTH('MASTER data'!$E8)=MONTH(I$4),'MASTER data'!$E8,""),"") | J7: =IF(I7='MASTER data'!$E8,'MASTER data'!$I8,"") | K7: =IF('MASTER data'!$B8="LFG",IF(MONTH('MASTER data'!$E8)=MONTH(K$4),'MASTER data'!$E8,""),"") | L7: =IF(K7='MASTER data'!$E8,'MASTER data'!$I8,"") | M7: =IF('MASTER data'!$B8="LFG",IF(MONTH('MASTER data'!$E8)=MONTH(M$4),'MASTER data'!$E8,""),"") | N7: =IF(M7='MASTER data'!$E8,'MASTER data'!$I8,"") | O7: =IF('MASTER data'!$B8="LFG",IF(MONTH('MASTER data'!$E8)=MONTH(O$4),'MASTER data'!$E8,""),"") | P7: =IF(O7='MASTER data'!$E8,'MASTER data'!$I8,"") | Q7: =IF('MASTER data'!$B8="LFG",IF(MONTH('MASTER data'!$E8)=MONTH(Q$4),'MASTER data'!$E8,""),"") | R7: =IF(Q7='MASTER data'!$E8,'MASTER data'!$I8,"") | S7: =IF('MASTER data'!$B8="LFG",IF(MONTH('MASTER data'!$E8)=MONTH(S$4),'MASTER data'!$E8,""),"") | T7: =IF(S7='MASTER data'!$E8,'MASTER data'!$I8,"") | U7: =IF('MASTER data'!$B8="LFG",IF(MONTH('MASTER data'!$E8)=MONTH(U$4),'MASTER data'!$E8,""),"") | V7: =IF(U7='MASTER data'!$E8,'MASTER data'!$I8,"") | W7: =IF('MASTER data'!$B8="LFG",IF(MONTH('MASTER data'!$E8)=MONTH(W$4),'MASTER data'!$E8,""),"") | X7: =IF(W7='MASTER data'!$E8,'MASTER data'!$I8,"") | Y7: =IF('MASTER data'!$B8="LFG",IF(MONTH('MASTER data'!$E8)=MONTH(Y$4),'MASTER data'!$E8,""),"") | Z7: =IF(Y7='MASTER data'!$E8,'MASTER data'!$I8,"")
B8: =IF('MASTER data'!B9="LFG",'MASTER data'!C9,"") | C8: =IF('MASTER data'!$B9="LFG",IF(MONTH('MASTER data'!$E9)=MONTH(C$4),'MASTER data'!$E9,""),"") | D8: =IF(C8='MASTER data'!$E9,'MASTER data'!$I9,"") | E8: =IF('MASTER data'!$B9="LFG",IF(MONTH('MASTER data'!$E9)=MONTH(E$4),'MASTER data'!$E9,""),"") | F8: =IF(E8='MASTER data'!$E9,'MASTER data'!$I9,"") | G8: =IF('MASTER data'!$B9="LFG",IF(MONTH('MASTER data'!$E9)=MONTH(G$4),'MASTER data'!$E9,""),"") | H8: =IF(G8='MASTER data'!$E9,'MASTER data'!$I9,"") | I8: =IF('MASTER data'!$B9="LFG",IF(MONTH('MASTER data'!$E9)=MONTH(I$4),'MASTER data'!$E9,""),"") | J8: =IF(I8='MASTER data'!$E9,'MASTER data'!$I9,"") | K8: =IF('MASTER data'!$B9="LFG",IF(MONTH('MASTER data'!$E9)=MONTH(K$4),'MASTER data'!$E9,""),"") | L8: =IF(K8='MASTER data'!$E9,'MASTER data'!$I9,"") | M8: =IF('MASTER data'!$B9="LFG",IF(MONTH('MASTER data'!$E9)=MONTH(M$4),'MASTER data'!$E9,""),"") | N8: =IF(M8='MASTER data'!$E9,'MASTER data'!$I9,"") | O8: =IF('MASTER data'!$B9="LFG",IF(MONTH('MASTER data'!$E9)=MONTH(O$4),'MASTER data'!$E9,""),"") | P8: =IF(O8='MASTER data'!$E9,'MASTER data'!$I9,"") | Q8: =IF('MASTER data'!$B9="LFG",IF(MONTH('MASTER data'!$E9)=MONTH(Q$4),'MASTER data'!$E9,""),"") | R8: =IF(Q8='MASTER data'!$E9,'MASTER data'!$I9,"") | S8: =IF('MASTER data'!$B9="LFG",IF(MONTH('MASTER data'!$E9)=MONTH(S$4),'MASTER data'!$E9,""),"") | T8: =IF(S8='MASTER data'!$E9,'MASTER data'!$I9,"") | U8: =IF('MASTER data'!$B9="LFG",IF(MONTH('MASTER data'!$E9)=MONTH(U$4),'MASTER data'!$E9,""),"") | V8: =IF(U8='MASTER data'!$E9,'MASTER data'!$I9,"") | W8: =IF('MASTER data'!$B9="LFG",IF(MONTH('MASTER data'!$E9)=MONTH(W$4),'MASTER data'!$E9,""),"") | X8: =IF(W8='MASTER data'!$E9,'MASTER data'!$I9,"") | Y8: =IF('MASTER data'!$B9="LFG",IF(MONTH('MASTER data'!$E9)=MONTH(Y$4),'MASTER data'!$E9,""),"") | Z8: =IF(Y8='MASTER data'!$E9,'MASTER data'!$I9,"")
B9: =IF('MASTER data'!B10="LFG",'MASTER data'!C10,"") | C9: =IF('MASTER data'!$B10="LFG",IF(MONTH('MASTER data'!$E10)=MONTH(C$4),'MASTER data'!$E10,""),"") | D9: =IF(C9='MASTER data'!$E10,'MASTER data'!$I10,"") | E9: =IF('MASTER data'!$B10="LFG",IF(MONTH('MASTER data'!$E10)=MONTH(E$4),'MASTER data'!$E10,""),"") | F9: =IF(E9='MASTER data'!$E10,'MASTER data'!$I10,"") | G9: =IF('MASTER data'!$B10="LFG",IF(MONTH('MASTER data'!$E10)=MONTH(G$4),'MASTER data'!$E10,""),"") | H9: =IF(G9='MASTER data'!$E10,'MASTER data'!$I10,"") | I9: =IF('MASTER data'!$B10="LFG",IF(MONTH('MASTER data'!$E10)=MONTH(I$4),'MASTER data'!$E10,""),"") | J9: =IF(I9='MASTER data'!$E10,'MASTER data'!$I10,"") | K9: =IF('MASTER data'!$B10="LFG",IF(MONTH('MASTER data'!$E10)=MONTH(K$4),'MASTER data'!$E10,""),"") | L9: =IF(K9='MASTER data'!$E10,'MASTER data'!$I10,"") | M9: =IF('MASTER data'!$B10="LFG",IF(MONTH('MASTER data'!$E10)=MONTH(M$4),'MASTER data'!$E10,""),"") | N9: =IF(M9='MASTER data'!$E10,'MASTER data'!$I10,"") | O9: =IF('MASTER data'!$B10="LFG",IF(MONTH('MASTER data'!$E10)=MONTH(O$4),'MASTER data'!$E10,""),"") | P9: =IF(O9='MASTER data'!$E10,'MASTER data'!$I10,"") | Q9: =IF('MASTER data'!$B10="LFG",IF(MONTH('MASTER data'!$E10)=MONTH(Q$4),'MASTER data'!$E10,""),"") | R9: =IF(Q9='MASTER data'!$E10,'MASTER data'!$I10,"") | S9: =IF('MASTER data'!$B10="LFG",IF(MONTH('MASTER data'!$E10)=MONTH(S$4),'MASTER data'!$E10,""),"") | T9: =IF(S9='MASTER data'!$E10,'MASTER data'!$I10,"") | U9: =IF('MASTER data'!$B10="LFG",IF(MONTH('MASTER data'!$E10)=MONTH(U$4),'MASTER data'!$E10,""),"") | V9: =IF(U9='MASTER data'!$E10,'MASTER data'!$I10,"") | W9: =IF('MASTER data'!$B10="LFG",IF(MONTH('MASTER data'!$E10)=MONTH(W$4),'MASTER data'!$E10,""),"") | X9: =IF(W9='MASTER data'!$E10,'MASTER data'!$I10,"") | Y9: =IF('MASTER data'!$B10="LFG",IF(MONTH('MASTER data'!$E10)=MONTH(Y$4),'MASTER data'!$E10,""),"") | Z9: =IF(Y9='MASTER data'!$E10,'MASTER data'!$I10,"")
B10: =IF('MASTER data'!B11="LFG",'MASTER data'!C11,"") | C10: =IF('MASTER data'!$B11="LFG",IF(MONTH('MASTER data'!$E11)=MONTH(C$4),'MASTER data'!$E11,""),"") | D10: =IF(C10='MASTER data'!$E11,'MASTER data'!$I11,"") | E10: =IF('MASTER data'!$B11="LFG",IF(MONTH('MASTER data'!$E11)=MONTH(E$4),'MASTER data'!$E11,""),"") | F10: =IF(E10='MASTER data'!$E11,'MASTER data'!$I11,"") | G10: =IF('MASTER data'!$B11="LFG",IF(MONTH('MASTER data'!$E11)=MONTH(G$4),'MASTER data'!$E11,""),"") | H10: =IF(G10='MASTER data'!$E11,'MASTER data'!$I11,"") | I10: =IF('MASTER data'!$B11="LFG",IF(MONTH('MASTER data'!$E11)=MONTH(I$4),'MASTER data'!$E11,""),"") | J10: =IF(I10='MASTER data'!$E11,'MASTER data'!$I11,"") | K10: =IF('MASTER data'!$B11="LFG",IF(MONTH('MASTER data'!$E11)=MONTH(K$4),'MASTER data'!$E11,""),"") | L10: =IF(K10='MASTER data'!$E11,'MASTER data'!$I11,"") | M10: =IF('MASTER data'!$B11="LFG",IF(MONTH('MASTER data'!$E11)=MONTH(M$4),'MASTER data'!$E11,""),"") | N10: =IF(M10='MASTER data'!$E11,'MASTER data'!$I11,"") | O10: =IF('MASTER data'!$B11="LFG",IF(MONTH('MASTER data'!$E11)=MONTH(O$4),'MASTER data'!$E11,""),"") | P10: =IF(O10='MASTER data'!$E11,'MASTER data'!$I11,"") | Q10: =IF('MASTER data'!$B11="LFG",IF(MONTH('MASTER data'!$E11)=MONTH(Q$4),'MASTER data'!$E11,""),"") | R10: =IF(Q10='MASTER data'!$E11,'MASTER data'!$I11,"") | S10: =IF('MASTER data'!$B11="LFG",IF(MONTH('MASTER data'!$E11)=MONTH(S$4),'MASTER data'!$E11,""),"") | T10: =IF(S10='MASTER data'!$E11,'MASTER data'!$I11,"") | U10: =IF('MASTER data'!$B11="LFG",IF(MONTH('MASTER data'!$E11)=MONTH(U$4),'MASTER data'!$E11,""),"") | V10: =IF(U10='MASTER data'!$E11,'MASTER data'!$I11,"") | W10: =IF('MASTER data'!$B11="LFG",IF(MONTH('MASTER data'!$E11)=MONTH(W$4),'MASTER data'!$E11,""),"") | X10: =IF(W10='MASTER data'!$E11,'MASTER data'!$I11,"") | Y10: =IF('MASTER data'!$B11="LFG",IF(MONTH('MASTER data'!$E11)=MONTH(Y$4),'MASTER data'!$E11,""),"") | Z10: =IF(Y10='MASTER data'!$E11,'MASTER data'!$I11,"")
B11: =IF('MASTER data'!B12="LFG",'MASTER data'!C12,"") -> klk | C11: =IF('MASTER data'!$B12="LFG",IF(MONTH('MASTER data'!$E12)=MONTH(C$4),'MASTER data'!$E12,""),"") | D11: =IF(C11='MASTER data'!$E12,'MASTER data'!$I12,"") | E11: =IF('MASTER data'!$B12="LFG",IF(MONTH('MASTER data'!$E12)=MONTH(E$4),'MASTER data'!$E12,""),"") -> 40941 | F11: =IF(E11='MASTER data'!$E12,'MASTER data'!$I12,"") -> 3332 | G11: =IF('MASTER data'!$B12="LFG",IF(MONTH('MASTER data'!$E12)=MONTH(G$4),'MASTER data'!$E12,""),"") | H11: =IF(G11='MASTER data'!$E12,'MASTER data'!$I12,"") | I11: =IF('MASTER data'!$B12="LFG",IF(MONTH('MASTER data'!$E12)=MONTH(I$4),'MASTER data'!$E12,""),"") | J11: =IF(I11='MASTER data'!$E12,'MASTER data'!$I12,"") | K11: =IF('MASTER data'!$B12="LFG",IF(MONTH('MASTER data'!$E12)=MONTH(K$4),'MASTER data'!$E12,""),"") | L11: =IF(K11='MASTER data'!$E12,'MASTER data'!$I12,"") | M11: =IF('MASTER data'!$B12="LFG",IF(MONTH('MASTER data'!$E12)=MONTH(M$4),'MASTER data'!$E12,""),"") | N11: =IF(M11='MASTER data'!$E12,'MASTER data'!$I12,"") | O11: =IF('MASTER data'!$B12="LFG",IF(MONTH('MASTER data'!$E12)=MONTH(O$4),'MASTER data'!$E12,""),"") | P11: =IF(O11='MASTER data'!$E12,'MASTER data'!$I12,"") | Q11: =IF('MASTER data'!$B12="LFG",IF(MONTH('MASTER data'!$E12)=MONTH(Q$4),'MASTER data'!$E12,""),"") | R11: =IF(Q11='MASTER data'!$E12,'MASTER data'!$I12,"") | S11: =IF('MASTER data'!$B12="LFG",IF(MONTH('MASTER data'!$E12)=MONTH(S$4),'MASTER data'!$E12,""),"") | T11: =IF(S11='MASTER data'!$E12,'MASTER data'!$I12,"") | U11: =IF('MASTER data'!$B12="LFG",IF(MONTH('MASTER data'!$E12)=MONTH(U$4),'MASTER data'!$E12,""),"") | V11: =IF(U11='MASTER data'!$E12,'MASTER data'!$I12,"") | W11: =IF('MASTER data'!$B12="LFG",IF(MONTH('MASTER data'!$E12)=MONTH(W$4),'MASTER data'!$E12,""),"") | X11: =IF(W11='MASTER data'!$E12,'MASTER data'!$I12,"") | Y11: =IF('MASTER data'!$B12="LFG",IF(MONTH('MASTER data'!$E12)=MONTH(Y$4),'MASTER data'!$E12,""),"") | Z11: =IF(Y11='MASTER data'!$E12,'MASTER data'!$I12,"")
B12: =IF('MASTER data'!B13="LFG",'MASTER data'!C13,"") | C12: =IF('MASTER data'!$B13="LFG",IF(MONTH('MASTER data'!$E13)=MONTH(C$4),'MASTER data'!$E13,""),"") | D12: =IF(C12='MASTER data'!$E13,'MASTER data'!$I13,"") -> 0 | E12: =IF('MASTER data'!$B13="LFG",IF(MONTH('MASTER data'!$E13)=MONTH(E$4),'MASTER data'!$E13,""),"") | F12: =IF(E12='MASTER data'!$E13,'MASTER data'!$I13,"") -> 0 | G12: =IF('MASTER data'!$B13="LFG",IF(MONTH('MASTER data'!$E13)=MONTH(G$4),'MASTER data'!$E13,""),"") | H12: =IF(G12='MASTER data'!$E13,'MASTER data'!$I13,"") -> 0 | I12: =IF('MASTER data'!$B13="LFG",IF(MONTH('MASTER data'!$E13)=MONTH(I$4),'MASTER data'!$E13,""),"") | J12: =IF(I12='MASTER data'!$E13,'MASTER data'!$I13,"") -> 0 | K12: =IF('MASTER data'!$B13="LFG",IF(MONTH('MASTER data'!$E13)=MONTH(K$4),'MASTER data'!$E13,""),"") | L12: =IF(K12='MASTER data'!$E13,'MASTER data'!$I13,"") -> 0 | M12: =IF('MASTER data'!$B13="LFG",IF(MONTH('MASTER data'!$E13)=MONTH(M$4),'MASTER data'!$E13,""),"") | N12: =IF(M12='MASTER data'!$E13,'MASTER data'!$I13,"") -> 0 | O12: =IF('MASTER data'!$B13="LFG",IF(MONTH('MASTER data'!$E13)=MONTH(O$4),'MASTER data'!$E13,""),"") | P12: =IF(O12='MASTER data'!$E13,'MASTER data'!$I13,"") -> 0 | Q12: =IF('MASTER data'!$B13="LFG",IF(MONTH('MASTER data'!$E13)=MONTH(Q$4),'MASTER data'!$E13,""),"") | R12: =IF(Q12='MASTER data'!$E13,'MASTER data'!$I13,"") -> 0 | S12: =IF('MASTER data'!$B13="LFG",IF(MONTH('MASTER data'!$E13)=MONTH(S$4),'MASTER data'!$E13,""),"") | T12: =IF(S12='MASTER data'!$E13,'MASTER data'!$I13,"") -> 0 | U12: =IF('MASTER data'!$B13="LFG",IF(MONTH('MASTER data'!$E13)=MONTH(U$4),'MASTER data'!$E13,""),"") | V12: =IF(U12='MASTER data'!$E13,'MASTER data'!$I13,"") -> 0 | W12: =IF('MASTER data'!$B13="LFG",IF(MONTH('MASTER data'!$E13)=MONTH(W$4),'MASTER data'!$E13,""),"") | X12: =IF(W12='MASTER data'!$E13,'MASTER data'!$I13,"") -> 0 | Y12: =IF('MASTER data'!$B13="LFG",IF(MONTH('MASTER data'!$E13)=MONTH(Y$4),'MASTER data'!$E13,""),"") | Z12: =IF(Y12='MASTER data'!$E13,'MASTER data'!$I13,"") -> 0
B13: =IF('MASTER data'!B14="LFG",'MASTER data'!C14,"") | C13: =IF('MASTER data'!$B14="LFG",IF(MONTH('MASTER data'!$E14)=MONTH(C$4),'MASTER data'!$E14,""),"") | D13: =IF(C13='MASTER data'!$E14,'MASTER data'!$I14,"") -> 0 | E13: =IF('MASTER data'!$B14="LFG",IF(MONTH('MASTER data'!$E14)=MONTH(E$4),'MASTER data'!$E14,""),"") | F13: =IF(E13='MASTER data'!$E14,'MASTER data'!$I14,"") -> 0 | G13: =IF('MASTER data'!$B14="LFG",IF(MONTH('MASTER data'!$E14)=MONTH(G$4),'MASTER data'!$E14,""),"") | H13: =IF(G13='MASTER data'!$E14,'MASTER data'!$I14,"") -> 0 | I13: =IF('MASTER data'!$B14="LFG",IF(MONTH('MASTER data'!$E14)=MONTH(I$4),'MASTER data'!$E14,""),"") | J13: =IF(I13='MASTER data'!$E14,'MASTER data'!$I14,"") -> 0 | K13: =IF('MASTER data'!$B14="LFG",IF(MONTH('MASTER data'!$E14)=MONTH(K$4),'MASTER data'!$E14,""),"") | L13: =IF(K13='MASTER data'!$E14,'MASTER data'!$I14,"") -> 0 | M13: =IF('MASTER data'!$B14="LFG",IF(MONTH('MASTER data'!$E14)=MONTH(M$4),'MASTER data'!$E14,""),"") | N13: =IF(M13='MASTER data'!$E14,'MASTER data'!$I14,"") -> 0 | O13: =IF('MASTER data'!$B14="LFG",IF(MONTH('MASTER data'!$E14)=MONTH(O$4),'MASTER data'!$E14,""),"") | P13: =IF(O13='MASTER data'!$E14,'MASTER data'!$I14,"") -> 0 | Q13: =IF('MASTER data'!$B14="LFG",IF(MONTH('MASTER data'!$E14)=MONTH(Q$4),'MASTER data'!$E14,""),"") | R13: =IF(Q13='MASTER data'!$E14,'MASTER data'!$I14,"") -> 0 | S13: =IF('MASTER data'!$B14="LFG",IF(MONTH('MASTER data'!$E14)=MONTH(S$4),'MASTER data'!$E14,""),"") | T13: =IF(S13='MASTER data'!$E14,'MASTER data'!$I14,"") -> 0 | U13: =IF('MASTER data'!$B14="LFG",IF(MONTH('MASTER data'!$E14)=MONTH(U$4),'MASTER data'!$E14,""),"") | V13: =IF(U13='MASTER data'!$E14,'MASTER data'!$I14,"") -> 0 | W13: =IF('MASTER data'!$B14="LFG",IF(MONTH('MASTER data'!$E14)=MONTH(W$4),'MASTER data'!$E14,""),"") | X13: =IF(W13='MASTER data'!$E14,'MASTER data'!$I14,"") -> 0 | Y13: =IF('MASTER data'!$B14="LFG",IF(MONTH('MASTER data'!$E14)=MONTH(Y$4),'MASTER data'!$E14,""),"") | Z13: =IF(Y13='MASTER data'!$E14,'MASTER data'!$I14,"") -> 0
B14: =IF('MASTER data'!B15="LFG",'MASTER data'!C15,"") | C14: =IF('MASTER data'!$B15="LFG",IF(MONTH('MASTER data'!$E15)=MONTH(C$4),'MASTER data'!$E15,""),"") | D14: =IF(C14='MASTER data'!$E15,'MASTER data'!$I15,"") -> 0 | E14: =IF('MASTER data'!$B15="LFG",IF(MONTH('MASTER data'!$E15)=MONTH(E$4),'MASTER data'!$E15,""),"") | F14: =IF(E14='MASTER data'!$E15,'MASTER data'!$I15,"") -> 0 | G14: =IF('MASTER data'!$B15="LFG",IF(MONTH('MASTER data'!$E15)=MONTH(G$4),'MASTER data'!$E15,""),"") | H14: =IF(G14='MASTER data'!$E15,'MASTER data'!$I15,"") -> 0 | I14: =IF('MASTER data'!$B15="LFG",IF(MONTH('MASTER data'!$E15)=MONTH(I$4),'MASTER data'!$E15,""),"") | J14: =IF(I14='MASTER data'!$E15,'MASTER data'!$I15,"") -> 0 | K14: =IF('MASTER data'!$B15="LFG",IF(MONTH('MASTER data'!$E15)=MONTH(K$4),'MASTER data'!$E15,""),"") | L14: =IF(K14='MASTER data'!$E15,'MASTER data'!$I15,"") -> 0 | M14: =IF('MASTER data'!$B15="LFG",IF(MONTH('MASTER data'!$E15)=MONTH(M$4),'MASTER data'!$E15,""),"") | N14: =IF(M14='MASTER data'!$E15,'MASTER data'!$I15,"") -> 0 | O14: =IF('MASTER data'!$B15="LFG",IF(MONTH('MASTER data'!$E15)=MONTH(O$4),'MASTER data'!$E15,""),"") | P14: =IF(O14='MASTER data'!$E15,'MASTER data'!$I15,"") -> 0 | Q14: =IF('MASTER data'!$B15="LFG",IF(MONTH('MASTER data'!$E15)=MONTH(Q$4),'MASTER data'!$E15,""),"") | R14: =IF(Q14='MASTER data'!$E15,'MASTER data'!$I15,"") -> 0 | S14: =IF('MASTER data'!$B15="LFG",IF(MONTH('MASTER data'!$E15)=MONTH(S$4),'MASTER data'!$E15,""),"") | T14: =IF(S14='MASTER data'!$E15,'MASTER data'!$I15,"") -> 0 | U14: =IF('MASTER data'!$B15="LFG",IF(MONTH('MASTER data'!$E15)=MONTH(U$4),'MASTER data'!$E15,""),"") | V14: =IF(U14='MASTER data'!$E15,'MASTER data'!$I15,"") -> 0 | W14: =IF('MASTER data'!$B15="LFG",IF(MONTH('MASTER data'!$E15)=MONTH(W$4),'MASTER data'!$E15,""),"") | X14: =IF(W14='MASTER data'!$E15,'MASTER data'!$I15,"") -> 0 | Y14: =IF('MASTER data'!$B15="LFG",IF(MONTH('MASTER data'!$E15)=MONTH(Y$4),'MASTER data'!$E15,""),"") | Z14: =IF(Y14='MASTER data'!$E15,'MASTER data'!$I15,"") -> 0
C15: =IF('MASTER data'!$B16="LFG",IF(MONTH('MASTER data'!$E16)=MONTH(C$4),'MASTER data'!$E16,""),"") | D15: =IF(C15='MASTER data'!$E16,'MASTER data'!$I16,"") -> 0 | E15: =IF('MASTER data'!$B16="LFG",IF(MONTH('MASTER data'!$E16)=MONTH(E$4),'MASTER data'!$E16,""),"") | F15: =IF(E15='MASTER data'!$E16,'MASTER data'!$I16,"") -> 0 | G15: =IF('MASTER data'!$B16="LFG",IF(MONTH('MASTER data'!$E16)=MONTH(G$4),'MASTER data'!$E16,""),"") | H15: =IF(G15='MASTER data'!$E16,'MASTER data'!$I16,"") -> 0 | I15: =IF('MASTER data'!$B16="LFG",IF(MONTH('MASTER data'!$E16)=MONTH(I$4),'MASTER data'!$E16,""),"") | J15: =IF(I15='MASTER data'!$E16,'MASTER data'!$I16,"") -> 0 | K15: =IF('MASTER data'!$B16="LFG",IF(MONTH('MASTER data'!$E16)=MONTH(K$4),'MASTER data'!$E16,""),"") | L15: =IF(K15='MASTER data'!$E16,'MASTER data'!$I16,"") -> 0 | M15: =IF('MASTER data'!$B16="LFG",IF(MONTH('MASTER data'!$E16)=MONTH(M$4),'MASTER data'!$E16,""),"") | N15: =IF(M15='MASTER data'!$E16,'MASTER data'!$I16,"") -> 0 | O15: =IF('MASTER data'!$B16="LFG",IF(MONTH('MASTER data'!$E16)=MONTH(O$4),'MASTER data'!$E16,""),"") | P15: =IF(O15='MASTER data'!$E16,'MASTER data'!$I16,"") -> 0 | Q15: =IF('MASTER data'!$B16="LFG",IF(MONTH('MASTER data'!$E16)=MONTH(Q$4),'MASTER data'!$E16,""),"") | R15: =IF(Q15='MASTER data'!$E16,'MASTER data'!$I16,"") -> 0 | S15: =IF('MASTER data'!$B16="LFG",IF(MONTH('MASTER data'!$E16)=MONTH(S$4),'MASTER data'!$E16,""),"") | T15: =IF(S15='MASTER data'!$E16,'MASTER data'!$I16,"") -> 0 | U15: =IF('MASTER data'!$B16="LFG",IF(MONTH('MASTER data'!$E16)=MONTH(U$4),'MASTER data'!$E16,""),"") | V15: =IF(U15='MASTER data'!$E16,'MASTER data'!$I16,"") -> 0 | W15: =IF('MASTER data'!$B16="LFG",IF(MONTH('MASTER data'!$E16)=MONTH(W$4),'MASTER data'!$E16,""),"") | X15: =IF(W15='MASTER data'!$E16,'MASTER data'!$I16,"") -> 0 | Y15: =IF('MASTER data'!$B16="LFG",IF(MONTH('MASTER data'!$E16)=MONTH(Y$4),'MASTER data'!$E16,""),"") | Z15: =IF(Y15='MASTER data'!$E16,'MASTER data'!$I16,"") -> 0
C16: =IF('MASTER data'!$B17="LFG",IF(MONTH('MASTER data'!$E17)=MONTH(C$4),'MASTER data'!$E17,""),"") | D16: =IF(C16='MASTER data'!$E17,'MASTER data'!$I17,"") -> 0 | E16: =IF('MASTER data'!$B17="LFG",IF(MONTH('MASTER data'!$E17)=MONTH(E$4),'MASTER data'!$E17,""),"") | F16: =IF(E16='MASTER data'!$E17,'MASTER data'!$I17,"") -> 0 | G16: =IF('MASTER data'!$B17="LFG",IF(MONTH('MASTER data'!$E17)=MONTH(G$4),'MASTER data'!$E17,""),"") | H16: =IF(G16='MASTER data'!$E17,'MASTER data'!$I17,"") -> 0 | I16: =IF('MASTER data'!$B17="LFG",IF(MONTH('MASTER data'!$E17)=MONTH(I$4),'MASTER data'!$E17,""),"") | J16: =IF(I16='MASTER data'!$E17,'MASTER data'!$I17,"") -> 0 | K16: =IF('MASTER data'!$B17="LFG",IF(MONTH('MASTER data'!$E17)=MONTH(K$4),'MASTER data'!$E17,""),"") | L16: =IF(K16='MASTER data'!$E17,'MASTER data'!$I17,"") -> 0 | M16: =IF('MASTER data'!$B17="LFG",IF(MONTH('MASTER data'!$E17)=MONTH(M$4),'MASTER data'!$E17,""),"") | N16: =IF(M16='MASTER data'!$E17,'MASTER data'!$I17,"") -> 0 | O16: =IF('MASTER data'!$B17="LFG",IF(MONTH('MASTER data'!$E17)=MONTH(O$4),'MASTER data'!$E17,""),"") | P16: =IF(O16='MASTER data'!$E17,'MASTER data'!$I17,"") -> 0 | Q16: =IF('MASTER data'!$B17="LFG",IF(MONTH('MASTER data'!$E17)=MONTH(Q$4),'MASTER data'!$E17,""),"") | R16: =IF(Q16='MASTER data'!$E17,'MASTER data'!$I17,"") -> 0 | S16: =IF('MASTER data'!$B17="LFG",IF(MONTH('MASTER data'!$E17)=MONTH(S$4),'MASTER data'!$E17,""),"") | T16: =IF(S16='MASTER data'!$E17,'MASTER data'!$I17,"") -> 0 | U16: =IF('MASTER data'!$B17="LFG",IF(MONTH('MASTER data'!$E17)=MONTH(U$4),'MASTER data'!$E17,""),"") | V16: =IF(U16='MASTER data'!$E17,'MASTER data'!$I17,"") -> 0 | W16: =IF('MASTER data'!$B17="LFG",IF(MONTH('MASTER data'!$E17)=MONTH(W$4),'MASTER data'!$E17,""),"") | X16: =IF(W16='MASTER data'!$E17,'MASTER data'!$I17,"") -> 0 | Y16: =IF('MASTER data'!$B17="LFG",IF(MONTH('MASTER data'!$E17)=MONTH(Y$4),'MASTER data'!$E17,""),"") | Z16: =IF(Y16='MASTER data'!$E17,'MASTER data'!$I17,"") -> 0
C17: =IF('MASTER data'!$B18="LFG",IF(MONTH('MASTER data'!$E18)=MONTH(C$4),'MASTER data'!$E18,""),"") | D17: =IF(C17='MASTER data'!$E18,'MASTER data'!$I18,"") -> 0 | E17: =IF('MASTER data'!$B18="LFG",IF(MONTH('MASTER data'!$E18)=MONTH(E$4),'MASTER data'!$E18,""),"") | F17: =IF(E17='MASTER data'!$E18,'MASTER data'!$I18,"") -> 0 | G17: =IF('MASTER data'!$B18="LFG",IF(MONTH('MASTER data'!$E18)=MONTH(G$4),'MASTER data'!$E18,""),"") | H17: =IF(G17='MASTER data'!$E18,'MASTER data'!$I18,"") -> 0 | I17: =IF('MASTER data'!$B18="LFG",IF(MONTH('MASTER data'!$E18)=MONTH(I$4),'MASTER data'!$E18,""),"") | J17: =IF(I17='MASTER data'!$E18,'MASTER data'!$I18,"") -> 0 | K17: =IF('MASTER data'!$B18="LFG",IF(MONTH('MASTER data'!$E18)=MONTH(K$4),'MASTER data'!$E18,""),"") | L17: =IF(K17='MASTER data'!$E18,'MASTER data'!$I18,"") -> 0 | M17: =IF('MASTER data'!$B18="LFG",IF(MONTH('MASTER data'!$E18)=MONTH(M$4),'MASTER data'!$E18,""),"") | N17: =IF(M17='MASTER data'!$E18,'MASTER data'!$I18,"") -> 0 | O17: =IF('MASTER data'!$B18="LFG",IF(MONTH('MASTER data'!$E18)=MONTH(O$4),'MASTER data'!$E18,""),"") | P17: =IF(O17='MASTER data'!$E18,'MASTER data'!$I18,"") -> 0 | Q17: =IF('MASTER data'!$B18="LFG",IF(MONTH('MASTER data'!$E18)=MONTH(Q$4),'MASTER data'!$E18,""),"") | R17: =IF(Q17='MASTER data'!$E18,'MASTER data'!$I18,"") -> 0 | S17: =IF('MASTER data'!$B18="LFG",IF(MONTH('MASTER data'!$E18)=MONTH(S$4),'MASTER data'!$E18,""),"") | T17: =IF(S17='MASTER data'!$E18,'MASTER data'!$I18,"") -> 0 | U17: =IF('MASTER data'!$B18="LFG",IF(MONTH('MASTER data'!$E18)=MONTH(U$4),'MASTER data'!$E18,""),"") | V17: =IF(U17='MASTER data'!$E18,'MASTER data'!$I18,"") -> 0 | W17: =IF('MASTER data'!$B18="LFG",IF(MONTH('MASTER data'!$E18)=MONTH(W$4),'MASTER data'!$E18,""),"") | X17: =IF(W17='MASTER data'!$E18,'MASTER data'!$I18,"") -> 0 | Y17: =IF('MASTER data'!$B18="LFG",IF(MONTH('MASTER data'!$E18)=MONTH(Y$4),'MASTER data'!$E18,""),"") | Z17: =IF(Y17='MASTER data'!$E18,'MASTER data'!$I18,"") -> 0
C18: =IF('MASTER data'!$B19="LFG",IF(MONTH('MASTER data'!$E19)=MONTH(C$4),'MASTER data'!$E19,""),"") | D18: =IF(C18='MASTER data'!$E19,'MASTER data'!$I19,"") -> 0 | E18: =IF('MASTER data'!$B19="LFG",IF(MONTH('MASTER data'!$E19)=MONTH(E$4),'MASTER data'!$E19,""),"") | F18: =IF(E18='MASTER data'!$E19,'MASTER data'!$I19,"") -> 0 | G18: =IF('MASTER data'!$B19="LFG",IF(MONTH('MASTER data'!$E19)=MONTH(G$4),'MASTER data'!$E19,""),"") | H18: =IF(G18='MASTER data'!$E19,'MASTER data'!$I19,"") -> 0 | I18: =IF('MASTER data'!$B19="LFG",IF(MONTH('MASTER data'!$E19)=MONTH(I$4),'MASTER data'!$E19,""),"") | J18: =IF(I18='MASTER data'!$E19,'MASTER data'!$I19,"") -> 0 | K18: =IF('MASTER data'!$B19="LFG",IF(MONTH('MASTER data'!$E19)=MONTH(K$4),'MASTER data'!$E19,""),"") | L18: =IF(K18='MASTER data'!$E19,'MASTER data'!$I19,"") -> 0 | M18: =IF('MASTER data'!$B19="LFG",IF(MONTH('MASTER data'!$E19)=MONTH(M$4),'MASTER data'!$E19,""),"") | N18: =IF(M18='MASTER data'!$E19,'MASTER data'!$I19,"") -> 0 | O18: =IF('MASTER data'!$B19="LFG",IF(MONTH('MASTER data'!$E19)=MONTH(O$4),'MASTER data'!$E19,""),"") | P18: =IF(O18='MASTER data'!$E19,'MASTER data'!$I19,"") -> 0 | Q18: =IF('MASTER data'!$B19="LFG",IF(MONTH('MASTER data'!$E19)=MONTH(Q$4),'MASTER data'!$E19,""),"") | R18: =IF(Q18='MASTER data'!$E19,'MASTER data'!$I19,"") -> 0 | S18: =IF('MASTER data'!$B19="LFG",IF(MONTH('MASTER data'!$E19)=MONTH(S$4),'MASTER data'!$E19,""),"") | T18: =IF(S18='MASTER data'!$E19,'MASTER data'!$I19,"") -> 0 | U18: =IF('MASTER data'!$B19="LFG",IF(MONTH('MASTER data'!$E19)=MONTH(U$4),'MASTER data'!$E19,""),"") | V18: =IF(U18='MASTER data'!$E19,'MASTER data'!$I19,"") -> 0 | W18: =IF('MASTER data'!$B19="LFG",IF(MONTH('MASTER data'!$E19)=MONTH(W$4),'MASTER data'!$E19,""),"") | X18: =IF(W18='MASTER data'!$E19,'MASTER data'!$I19,"") -> 0 | Y18: =IF('MASTER data'!$B19="LFG",IF(MONTH('MASTER data'!$E19)=MONTH(Y$4),'MASTER data'!$E19,""),"") | Z18: =IF(Y18='MASTER data'!$E19,'MASTER data'!$I19,"") -> 0
C19: =IF('MASTER data'!$B20="LFG",IF(MONTH('MASTER data'!$E20)=MONTH(C$4),'MASTER data'!$E20,""),"") | D19: =IF(C19='MASTER data'!$E20,'MASTER data'!$I20,"") -> 0 | E19: =IF('MASTER data'!$B20="LFG",IF(MONTH('MASTER data'!$E20)=MONTH(E$4),'MASTER data'!$E20,""),"") | F19: =IF(E19='MASTER data'!$E20,'MASTER data'!$I20,"") -> 0 | G19: =IF('MASTER data'!$B20="LFG",IF(MONTH('MASTER data'!$E20)=MONTH(G$4),'MASTER data'!$E20,""),"") | H19: =IF(G19='MASTER data'!$E20,'MASTER data'!$I20,"") -> 0 | I19: =IF('MASTER data'!$B20="LFG",IF(MONTH('MASTER data'!$E20)=MONTH(I$4),'MASTER data'!$E20,""),"") | J19: =IF(I19='MASTER data'!$E20,'MASTER data'!$I20,"") -> 0 | K19: =IF('MASTER data'!$B20="LFG",IF(MONTH('MASTER data'!$E20)=MONTH(K$4),'MASTER data'!$E20,""),"") | L19: =IF(K19='MASTER data'!$E20,'MASTER data'!$I20,"") -> 0 | M19: =IF('MASTER data'!$B20="LFG",IF(MONTH('MASTER data'!$E20)=MONTH(M$4),'MASTER data'!$E20,""),"") | N19: =IF(M19='MASTER data'!$E20,'MASTER data'!$I20,"") -> 0 | O19: =IF('MASTER data'!$B20="LFG",IF(MONTH('MASTER data'!$E20)=MONTH(O$4),'MASTER data'!$E20,""),"") | P19: =IF(O19='MASTER data'!$E20,'MASTER data'!$I20,"") -> 0 | Q19: =IF('MASTER data'!$B20="LFG",IF(MONTH('MASTER data'!$E20)=MONTH(Q$4),'MASTER data'!$E20,""),"") | R19: =IF(Q19='MASTER data'!$E20,'MASTER data'!$I20,"") -> 0 | S19: =IF('MASTER data'!$B20="LFG",IF(MONTH('MASTER data'!$E20)=MONTH(S$4),'MASTER data'!$E20,""),"") | T19: =IF(S19='MASTER data'!$E20,'MASTER data'!$I20,"") -> 0 | U19: =IF('MASTER data'!$B20="LFG",IF(MONTH('MASTER data'!$E20)=MONTH(U$4),'MASTER data'!$E20,""),"") | V19: =IF(U19='MASTER data'!$E20,'MASTER data'!$I20,"") -> 0 | W19: =IF('MASTER data'!$B20="LFG",IF(MONTH('MASTER data'!$E20)=MONTH(W$4),'MASTER data'!$E20,""),"") | X19: =IF(W19='MASTER data'!$E20,'MASTER data'!$I20,"") -> 0 | Y19: =IF('MASTER data'!$B20="LFG",IF(MONTH('MASTER data'!$E20)=MONTH(Y$4),'MASTER data'!$E20,""),"") | Z19: =IF(Y19='MASTER data'!$E20,'MASTER data'!$I20,"") -> 0
C20: =IF('MASTER data'!$B21="LFG",IF(MONTH('MASTER data'!$E21)=MONTH(C$4),'MASTER data'!$E21,""),"") | D20: =IF(C20='MASTER data'!$E21,'MASTER data'!$I21,"") -> 0 | E20: =IF('MASTER data'!$B21="LFG",IF(MONTH('MASTER data'!$E21)=MONTH(E$4),'MASTER data'!$E21,""),"") | F20: =IF(E20='MASTER data'!$E21,'MASTER data'!$I21,"") -> 0 | G20: =IF('MASTER data'!$B21="LFG",IF(MONTH('MASTER data'!$E21)=MONTH(G$4),'MASTER data'!$E21,""),"") | H20: =IF(G20='MASTER data'!$E21,'MASTER data'!$I21,"") -> 0 | I20: =IF('MASTER data'!$B21="LFG",IF(MONTH('MASTER data'!$E21)=MONTH(I$4),'MASTER data'!$E21,""),"") | J20: =IF(I20='MASTER data'!$E21,'MASTER data'!$I21,"") -> 0 | K20: =IF('MASTER data'!$B21="LFG",IF(MONTH('MASTER data'!$E21)=MONTH(K$4),'MASTER data'!$E21,""),"") | L20: =IF(K20='MASTER data'!$E21,'MASTER data'!$I21,"") -> 0 | M20: =IF('MASTER data'!$B21="LFG",IF(MONTH('MASTER data'!$E21)=MONTH(M$4),'MASTER data'!$E21,""),"") | N20: =IF(M20='MASTER data'!$E21,'MASTER data'!$I21,"") -> 0 | O20: =IF('MASTER data'!$B21="LFG",IF(MONTH('MASTER data'!$E21)=MONTH(O$4),'MASTER data'!$E21,""),"") | P20: =IF(O20='MASTER data'!$E21,'MASTER data'!$I21,"") -> 0 | Q20: =IF('MASTER data'!$B21="LFG",IF(MONTH('MASTER data'!$E21)=MONTH(Q$4),'MASTER data'!$E21,""),"") | R20: =IF(Q20='MASTER data'!$E21,'MASTER data'!$I21,"") -> 0 | S20: =IF('MASTER data'!$B21="LFG",IF(MONTH('MASTER data'!$E21)=MONTH(S$4),'MASTER data'!$E21,""),"") | T20: =IF(S20='MASTER data'!$E21,'MASTER data'!$I21,"") -> 0 | U20: =IF('MASTER data'!$B21="LFG",IF(MONTH('MASTER data'!$E21)=MONTH(U$4),'MASTER data'!$E21,""),"") | V20: =IF(U20='MASTER data'!$E21,'MASTER data'!$I21,"") -> 0 | W20: =IF('MASTER data'!$B21="LFG",IF(MONTH('MASTER data'!$E21)=MONTH(W$4),'MASTER data'!$E21,""),"") | X20: =IF(W20='MASTER data'!$E21,'MASTER data'!$I21,"") -> 0 | Y20: =IF('MASTER data'!$B21="LFG",IF(MONTH('MASTER data'!$E21)=MONTH(Y$4),'MASTER data'!$E21,""),"") | Z20: =IF(Y20='MASTER data'!$E21,'MASTER data'!$I21,"") -> 0
C21: =IF('MASTER data'!$B22="LFG",IF(MONTH('MASTER data'!$E22)=MONTH(C$4),'MASTER data'!$E22,""),"") | D21: =IF(C21='MASTER data'!$E22,'MASTER data'!$I22,"") -> 0 | E21: =IF('MASTER data'!$B22="LFG",IF(MONTH('MASTER data'!$E22)=MONTH(E$4),'MASTER data'!$E22,""),"") | F21: =IF(E21='MASTER data'!$E22,'MASTER data'!$I22,"") -> 0 | G21: =IF('MASTER data'!$B22="LFG",IF(MONTH('MASTER data'!$E22)=MONTH(G$4),'MASTER data'!$E22,""),"") | H21: =IF(G21='MASTER data'!$E22,'MASTER data'!$I22,"") -> 0 | I21: =IF('MASTER data'!$B22="LFG",IF(MONTH('MASTER data'!$E22)=MONTH(I$4),'MASTER data'!$E22,""),"") | J21: =IF(I21='MASTER data'!$E22,'MASTER data'!$I22,"") -> 0 | K21: =IF('MASTER data'!$B22="LFG",IF(MONTH('MASTER data'!$E22)=MONTH(K$4),'MASTER data'!$E22,""),"") | L21: =IF(K21='MASTER data'!$E22,'MASTER data'!$I22,"") -> 0 | M21: =IF('MASTER data'!$B22="LFG",IF(MONTH('MASTER data'!$E22)=MONTH(M$4),'MASTER data'!$E22,""),"") | N21: =IF(M21='MASTER data'!$E22,'MASTER data'!$I22,"") -> 0 | O21: =IF('MASTER data'!$B22="LFG",IF(MONTH('MASTER data'!$E22)=MONTH(O$4),'MASTER data'!$E22,""),"") | P21: =IF(O21='MASTER data'!$E22,'MASTER data'!$I22,"") -> 0 | Q21: =IF('MASTER data'!$B22="LFG",IF(MONTH('MASTER data'!$E22)=MONTH(Q$4),'MASTER data'!$E22,""),"") | R21: =IF(Q21='MASTER data'!$E22,'MASTER data'!$I22,"") -> 0 | S21: =IF('MASTER data'!$B22="LFG",IF(MONTH('MASTER data'!$E22)=MONTH(S$4),'MASTER data'!$E22,""),"") | T21: =IF(S21='MASTER data'!$E22,'MASTER data'!$I22,"") -> 0 | U21: =IF('MASTER data'!$B22="LFG",IF(MONTH('MASTER data'!$E22)=MONTH(U$4),'MASTER data'!$E22,""),"") | V21: =IF(U21='MASTER data'!$E22,'MASTER data'!$I22,"") -> 0 | W21: =IF('MASTER data'!$B22="LFG",IF(MONTH('MASTER data'!$E22)=MONTH(W$4),'MASTER data'!$E22,""),"") | X21: =IF(W21='MASTER data'!$E22,'MASTER data'!$I22,"") -> 0 | Y21: =IF('MASTER data'!$B22="LFG",IF(MONTH('MASTER data'!$E22)=MONTH(Y$4),'MASTER data'!$E22,""),"") | Z21: =IF(Y21='MASTER data'!$E22,'MASTER data'!$I22,"") -> 0
C22: =IF('MASTER data'!$B23="LFG",IF(MONTH('MASTER data'!$E23)=MONTH(C$4),'MASTER data'!$E23,""),"") | D22: =IF(C22='MASTER data'!$E23,'MASTER data'!$I23,"") -> 0 | E22: =IF('MASTER data'!$B23="LFG",IF(MONTH('MASTER data'!$E23)=MONTH(E$4),'MASTER data'!$E23,""),"") | F22: =IF(E22='MASTER data'!$E23,'MASTER data'!$I23,"") -> 0 | G22: =IF('MASTER data'!$B23="LFG",IF(MONTH('MASTER data'!$E23)=MONTH(G$4),'MASTER data'!$E23,""),"") | H22: =IF(G22='MASTER data'!$E23,'MASTER data'!$I23,"") -> 0 | I22: =IF('MASTER data'!$B23="LFG",IF(MONTH('MASTER data'!$E23)=MONTH(I$4),'MASTER data'!$E23,""),"") | J22: =IF(I22='MASTER data'!$E23,'MASTER data'!$I23,"") -> 0 | K22: =IF('MASTER data'!$B23="LFG",IF(MONTH('MASTER data'!$E23)=MONTH(K$4),'MASTER data'!$E23,""),"") | L22: =IF(K22='MASTER data'!$E23,'MASTER data'!$I23,"") -> 0 | M22: =IF('MASTER data'!$B23="LFG",IF(MONTH('MASTER data'!$E23)=MONTH(M$4),'MASTER data'!$E23,""),"") | N22: =IF(M22='MASTER data'!$E23,'MASTER data'!$I23,"") -> 0 | O22: =IF('MASTER data'!$B23="LFG",IF(MONTH('MASTER data'!$E23)=MONTH(O$4),'MASTER data'!$E23,""),"") | P22: =IF(O22='MASTER data'!$E23,'MASTER data'!$I23,"") -> 0 | Q22: =IF('MASTER data'!$B23="LFG",IF(MONTH('MASTER data'!$E23)=MONTH(Q$4),'MASTER data'!$E23,""),"") | R22: =IF(Q22='MASTER data'!$E23,'MASTER data'!$I23,"") -> 0 | S22: =IF('MASTER data'!$B23="LFG",IF(MONTH('MASTER data'!$E23)=MONTH(S$4),'MASTER data'!$E23,""),"") | T22: =IF(S22='MASTER data'!$E23,'MASTER data'!$I23,"") -> 0 | U22: =IF('MASTER data'!$B23="LFG",IF(MONTH('MASTER data'!$E23)=MONTH(U$4),'MASTER data'!$E23,""),"") | V22: =IF(U22='MASTER data'!$E23,'MASTER data'!$I23,"") -> 0 | W22: =IF('MASTER data'!$B23="LFG",IF(MONTH('MASTER data'!$E23)=MONTH(W$4),'MASTER data'!$E23,""),"") | X22: =IF(W22='MASTER data'!$E23,'MASTER data'!$I23,"") -> 0 | Y22: =IF('MASTER data'!$B23="LFG",IF(MONTH('MASTER data'!$E23)=MONTH(Y$4),'MASTER data'!$E23,""),"") | Z22: =IF(Y22='MASTER data'!$E23,'MASTER data'!$I23,"") -> 0
C23: =IF('MASTER data'!$B24="LFG",IF(MONTH('MASTER data'!$E24)=MONTH(C$4),'MASTER data'!$E24,""),"") | D23: =IF(C23='MASTER data'!$E24,'MASTER data'!$I24,"") -> 0 | E23: =IF('MASTER data'!$B24="LFG",IF(MONTH('MASTER data'!$E24)=MONTH(E$4),'MASTER data'!$E24,""),"") | F23: =IF(E23='MASTER data'!$E24,'MASTER data'!$I24,"") -> 0 | G23: =IF('MASTER data'!$B24="LFG",IF(MONTH('MASTER data'!$E24)=MONTH(G$4),'MASTER data'!$E24,""),"") | H23: =IF(G23='MASTER data'!$E24,'MASTER data'!$I24,"") -> 0 | I23: =IF('MASTER data'!$B24="LFG",IF(MONTH('MASTER data'!$E24)=MONTH(I$4),'MASTER data'!$E24,""),"") | J23: =IF(I23='MASTER data'!$E24,'MASTER data'!$I24,"") -> 0 | K23: =IF('MASTER data'!$B24="LFG",IF(MONTH('MASTER data'!$E24)=MONTH(K$4),'MASTER data'!$E24,""),"") | L23: =IF(K23='MASTER data'!$E24,'MASTER data'!$I24,"") -> 0 | M23: =IF('MASTER data'!$B24="LFG",IF(MONTH('MASTER data'!$E24)=MONTH(M$4),'MASTER data'!$E24,""),"") | N23: =IF(M23='MASTER data'!$E24,'MASTER data'!$I24,"") -> 0 | O23: =IF('MASTER data'!$B24="LFG",IF(MONTH('MASTER data'!$E24)=MONTH(O$4),'MASTER data'!$E24,""),"") | P23: =IF(O23='MASTER data'!$E24,'MASTER data'!$I24,"") -> 0 | Q23: =IF('MASTER data'!$B24="LFG",IF(MONTH('MASTER data'!$E24)=MONTH(Q$4),'MASTER data'!$E24,""),"") | R23: =IF(Q23='MASTER data'!$E24,'MASTER data'!$I24,"") -> 0 | S23: =IF('MASTER data'!$B24="LFG",IF(MONTH('MASTER data'!$E24)=MONTH(S$4),'MASTER data'!$E24,""),"") | T23: =IF(S23='MASTER data'!$E24,'MASTER data'!$I24,"") -> 0 | U23: =IF('MASTER data'!$B24="LFG",IF(MONTH('MASTER data'!$E24)=MONTH(U$4),'MASTER data'!$E24,""),"") | V23: =IF(U23='MASTER data'!$E24,'MASTER data'!$I24,"") -> 0 | W23: =IF('MASTER data'!$B24="LFG",IF(MONTH('MASTER data'!$E24)=MONTH(W$4),'MASTER data'!$E24,""),"") | X23: =IF(W23='MASTER data'!$E24,'MASTER data'!$I24,"") -> 0 | Y23: =IF('MASTER data'!$B24="LFG",IF(MONTH('MASTER data'!$E24)=MONTH(Y$4),'MASTER data'!$E24,""),"") | Z23: =IF(Y23='MASTER data'!$E24,'MASTER data'!$I24,"") -> 0
C24: =IF('MASTER data'!$B25="LFG",IF(MONTH('MASTER data'!$E25)=MONTH(C$4),'MASTER data'!$E25,""),"") | D24: =IF(C24='MASTER data'!$E25,'MASTER data'!$I25,"") -> 0 | E24: =IF('MASTER data'!$B25="LFG",IF(MONTH('MASTER data'!$E25)=MONTH(E$4),'MASTER data'!$E25,""),"") | F24: =IF(E24='MASTER data'!$E25,'MASTER data'!$I25,"") -> 0 | G24: =IF('MASTER data'!$B25="LFG",IF(MONTH('MASTER data'!$E25)=MONTH(G$4),'MASTER data'!$E25,""),"") | H24: =IF(G24='MASTER data'!$E25,'MASTER data'!$I25,"") -> 0 | I24: =IF('MASTER data'!$B25="LFG",IF(MONTH('MASTER data'!$E25)=MONTH(I$4),'MASTER data'!$E25,""),"") | J24: =IF(I24='MASTER data'!$E25,'MASTER data'!$I25,"") -> 0 | K24: =IF('MASTER data'!$B25="LFG",IF(MONTH('MASTER data'!$E25)=MONTH(K$4),'MASTER data'!$E25,""),"") | L24: =IF(K24='MASTER data'!$E25,'MASTER data'!$I25,"") -> 0 | M24: =IF('MASTER data'!$B25="LFG",IF(MONTH('MASTER data'!$E25)=MONTH(M$4),'MASTER data'!$E25,""),"") | N24: =IF(M24='MASTER data'!$E25,'MASTER data'!$I25,"") -> 0 | O24: =IF('MASTER data'!$B25="LFG",IF(MONTH('MASTER data'!$E25)=MONTH(O$4),'MASTER data'!$E25,""),"") | P24: =IF(O24='MASTER data'!$E25,'MASTER data'!$I25,"") -> 0 | Q24: =IF('MASTER data'!$B25="LFG",IF(MONTH('MASTER data'!$E25)=MONTH(Q$4),'MASTER data'!$E25,""),"") | R24: =IF(Q24='MASTER data'!$E25,'MASTER data'!$I25,"") -> 0 | S24: =IF('MASTER data'!$B25="LFG",IF(MONTH('MASTER data'!$E25)=MONTH(S$4),'MASTER data'!$E25,""),"") | T24: =IF(S24='MASTER data'!$E25,'MASTER data'!$I25,"") -> 0 | U24: =IF('MASTER data'!$B25="LFG",IF(MONTH('MASTER data'!$E25)=MONTH(U$4),'MASTER data'!$E25,""),"") | V24: =IF(U24='MASTER data'!$E25,'MASTER data'!$I25,"") -> 0 | W24: =IF('MASTER data'!$B25="LFG",IF(MONTH('MASTER data'!$E25)=MONTH(W$4),'MASTER data'!$E25,""),"") | X24: =IF(W24='MASTER data'!$E25,'MASTER data'!$I25,"") -> 0 | Y24: =IF('MASTER data'!$B25="LFG",IF(MONTH('MASTER data'!$E25)=MONTH(Y$4),'MASTER data'!$E25,""),"") | Z24: =IF(Y24='MASTER data'!$E25,'MASTER data'!$I25,"") -> 0
C25: =IF('MASTER data'!$B26="LFG",IF(MONTH('MASTER data'!$E26)=MONTH(C$4),'MASTER data'!$E26,""),"") | D25: =IF(C25='MASTER data'!$E26,'MASTER data'!$I26,"") -> 0 | E25: =IF('MASTER data'!$B26="LFG",IF(MONTH('MASTER data'!$E26)=MONTH(E$4),'MASTER data'!$E26,""),"") | F25: =IF(E25='MASTER data'!$E26,'MASTER data'!$I26,"") -> 0 | G25: =IF('MASTER data'!$B26="LFG",IF(MONTH('MASTER data'!$E26)=MONTH(G$4),'MASTER data'!$E26,""),"") | H25: =IF(G25='MASTER data'!$E26,'MASTER data'!$I26,"") -> 0 | I25: =IF('MASTER data'!$B26="LFG",IF(MONTH('MASTER data'!$E26)=MONTH(I$4),'MASTER data'!$E26,""),"") | J25: =IF(I25='MASTER data'!$E26,'MASTER data'!$I26,"") -> 0 | K25: =IF('MASTER data'!$B26="LFG",IF(MONTH('MASTER data'!$E26)=MONTH(K$4),'MASTER data'!$E26,""),"") | L25: =IF(K25='MASTER data'!$E26,'MASTER data'!$I26,"") -> 0 | M25: =IF('MASTER data'!$B26="LFG",IF(MONTH('MASTER data'!$E26)=MONTH(M$4),'MASTER data'!$E26,""),"") | N25: =IF(M25='MASTER data'!$E26,'MASTER data'!$I26,"") -> 0 | O25: =IF('MASTER data'!$B26="LFG",IF(MONTH('MASTER data'!$E26)=MONTH(O$4),'MASTER data'!$E26,""),"") | P25: =IF(O25='MASTER data'!$E26,'MASTER data'!$I26,"") -> 0 | Q25: =IF('MASTER data'!$B26="LFG",IF(MONTH('MASTER data'!$E26)=MONTH(Q$4),'MASTER data'!$E26,""),"") | R25: =IF(Q25='MASTER data'!$E26,'MASTER data'!$I26,"") -> 0 | S25: =IF('MASTER data'!$B26="LFG",IF(MONTH('MASTER data'!$E26)=MONTH(S$4),'MASTER data'!$E26,""),"") | T25: =IF(S25='MASTER data'!$E26,'MASTER data'!$I26,"") -> 0 | U25: =IF('MASTER data'!$B26="LFG",IF(MONTH('MASTER data'!$E26)=MONTH(U$4),'MASTER data'!$E26,""),"") | V25: =IF(U25='MASTER data'!$E26,'MASTER data'!$I26,"") -> 0 | W25: =IF('MASTER data'!$B26="LFG",IF(MONTH('MASTER data'!$E26)=MONTH(W$4),'MASTER data'!$E26,""),"") | X25: =IF(W25='MASTER data'!$E26,'MASTER data'!$I26,"") -> 0 | Y25: =IF('MASTER data'!$B26="LFG",IF(MONTH('MASTER data'!$E26)=MONTH(Y$4),'MASTER data'!$E26,""),"") | Z25: =IF(Y25='MASTER data'!$E26,'MASTER data'!$I26,"") -> 0
C26: =IF('MASTER data'!$B27="LFG",IF(MONTH('MASTER data'!$E27)=MONTH(C$4),'MASTER data'!$E27,""),"") | D26: =IF(C26='MASTER data'!$E27,'MASTER data'!$I27,"") -> 0 | E26: =IF('MASTER data'!$B27="LFG",IF(MONTH('MASTER data'!$E27)=MONTH(E$4),'MASTER data'!$E27,""),"") | F26: =IF(E26='MASTER data'!$E27,'MASTER data'!$I27,"") -> 0 | G26: =IF('MASTER data'!$B27="LFG",IF(MONTH('MASTER data'!$E27)=MONTH(G$4),'MASTER data'!$E27,""),"") | H26: =IF(G26='MASTER data'!$E27,'MASTER data'!$I27,"") -> 0 | I26: =IF('MASTER data'!$B27="LFG",IF(MONTH('MASTER data'!$E27)=MONTH(I$4),'MASTER data'!$E27,""),"") | J26: =IF(I26='MASTER data'!$E27,'MASTER data'!$I27,"") -> 0 | K26: =IF('MASTER data'!$B27="LFG",IF(MONTH('MASTER data'!$E27)=MONTH(K$4),'MASTER data'!$E27,""),"") | L26: =IF(K26='MASTER data'!$E27,'MASTER data'!$I27,"") -> 0 | M26: =IF('MASTER data'!$B27="LFG",IF(MONTH('MASTER data'!$E27)=MONTH(M$4),'MASTER data'!$E27,""),"") | N26: =IF(M26='MASTER data'!$E27,'MASTER data'!$I27,"") -> 0 | O26: =IF('MASTER data'!$B27="LFG",IF(MONTH('MASTER data'!$E27)=MONTH(O$4),'MASTER data'!$E27,""),"") | P26: =IF(O26='MASTER data'!$E27,'MASTER data'!$I27,"") -> 0 | Q26: =IF('MASTER data'!$B27="LFG",IF(MONTH('MASTER data'!$E27)=MONTH(Q$4),'MASTER data'!$E27,""),"") | R26: =IF(Q26='MASTER data'!$E27,'MASTER data'!$I27,"") -> 0 | S26: =IF('MASTER data'!$B27="LFG",IF(MONTH('MASTER data'!$E27)=MONTH(S$4),'MASTER data'!$E27,""),"") | T26: =IF(S26='MASTER data'!$E27,'MASTER data'!$I27,"") -> 0 | U26: =IF('MASTER data'!$B27="LFG",IF(MONTH('MASTER data'!$E27)=MONTH(U$4),'MASTER data'!$E27,""),"") | V26: =IF(U26='MASTER data'!$E27,'MASTER data'!$I27,"") -> 0 | W26: =IF('MASTER data'!$B27="LFG",IF(MONTH('MASTER data'!$E27)=MONTH(W$4),'MASTER data'!$E27,""),"") | X26: =IF(W26='MASTER data'!$E27,'MASTER data'!$I27,"") -> 0 | Y26: =IF('MASTER data'!$B27="LFG",IF(MONTH('MASTER data'!$E27)=MONTH(Y$4),'MASTER data'!$E27,""),"") | Z26: =IF(Y26='MASTER data'!$E27,'MASTER data'!$I27,"") -> 0
... C35: =IF('MASTER data'!$B36="LFG",IF(MONTH('MASTER data'!$E36)=MONTH(C$4),'MASTER data'!$E36,""),"") | D35: =IF(C35='MASTER data'!$E36,'MASTER data'!$I36,"") -> 0 | E35: =IF('MASTER data'!$B36="LFG",IF(MONTH('MASTER data'!$E36)=MONTH(E$4),'MASTER data'!$E36,""),"") | F35: =IF(E35='MASTER data'!$E36,'MASTER data'!$I36,"") -> 0 | G35: =IF('MASTER data'!$B36="LFG",IF(MONTH('MASTER data'!$E36)=MONTH(G$4),'MASTER data'!$E36,""),"") | H35: =IF(G35='MASTER data'!$E36,'MASTER data'!$I36,"") -> 0 | I35: =IF('MASTER data'!$B36="LFG",IF(MONTH('MASTER data'!$E36)=MONTH(I$4),'MASTER data'!$E36,""),"") | J35: =IF(I35='MASTER data'!$E36,'MASTER data'!$I36,"") -> 0 | K35: =IF('MASTER data'!$B36="LFG",IF(MONTH('MASTER data'!$E36)=MONTH(K$4),'MASTER data'!$E36,""),"") | L35: =IF(K35='MASTER data'!$E36,'MASTER data'!$I36,"") -> 0 | M35: =IF('MASTER data'!$B36="LFG",IF(MONTH('MASTER data'!$E36)=MONTH(M$4),'MASTER data'!$E36,""),"") | N35: =IF(M35='MASTER data'!$E36,'MASTER data'!$I36,"") -> 0 | O35: =IF('MASTER data'!$B36="LFG",IF(MONTH('MASTER data'!$E36)=MONTH(O$4),'MASTER data'!$E36,""),"") | P35: =IF(O35='MASTER data'!$E36,'MASTER data'!$I36,"") -> 0 | Q35: =IF('MASTER data'!$B36="LFG",IF(MONTH('MASTER data'!$E36)=MONTH(Q$4),'MASTER data'!$E36,""),"") | R35: =IF(Q35='MASTER data'!$E36,'MASTER data'!$I36,"") -> 0 | S35: =IF('MASTER data'!$B36="LFG",IF(MONTH('MASTER data'!$E36)=MONTH(S$4),'MASTER data'!$E36,""),"") | T35: =IF(S35='MASTER data'!$E36,'MASTER data'!$I36,"") -> 0 | U35: =IF('MASTER data'!$B36="LFG",IF(MONTH('MASTER data'!$E36)=MONTH(U$4),'MASTER data'!$E36,""),"") | V35: =IF(U35='MASTER data'!$E36,'MASTER data'!$I36,"") -> 0 | W35: =IF('MASTER data'!$B36="LFG",IF(MONTH('MASTER data'!$E36)=MONTH(W$4),'MASTER data'!$E36,""),"") | X35: =IF(W35='MASTER data'!$E36,'MASTER data'!$I36,"") -> 0 | Y35: =IF('MASTER data'!$B36="LFG",IF(MONTH('MASTER data'!$E36)=MONTH(Y$4),'MASTER data'!$E36,""),"") | Z35: =IF(Y35='MASTER data'!$E36,'MASTER data'!$I36,"") -> 0
