Workbook

Sheet Dedicated Role - Planner
B1: Dedicated Cache Capacity Planner
B3: Input: Data Requirements | C3: Data Type 1 | E3: Data Type 2 | G3: Data Type 3 | I3: Data Type 4 | K3: Data Type 5 | M3: Data Type 6 | O3: Data Type 7 | Q3: Data Type 8 | S3: Data Type 9 | U3: Data Type 10
B4: Average Object Size (Post-Serialization) | C4: 2560 | D4: Bytes | E4: 0 | F4: Bytes | G4: 0 | H4: Bytes | I4: 0 | J4: Bytes | K4: 0 | L4: Bytes | M4: 0 | N4: Bytes | O4: 0 | P4: Bytes | Q4: 0 | R4: Bytes | S4: 0 | T4: Bytes | U4: 0 | V4: Bytes
B5: Maximum Number of Objects | C5: 100000 | D5: Objects | E5: 0 | F5: Objects | G5: 0 | H5: Objects | I5: 0 | J5: Objects | K5: 0 | L5: Objects | M5: 0 | N5: Objects | O5: 0 | P5: Objects | Q5: 0 | R5: Objects | S5: 0 | T5: Objects | U5: 0 | V5: Objects
B6: High Availability Enabled | C6: No | D6: Yes/No | E6: No | F6: Yes/No | G6: No | H6: Yes/No | I6: No | J6: Yes/No | K6: No | L6: Yes/No | M6: No | N6: Yes/No | O6: No | P6: Yes/No | Q6: No | R6: Yes/No | S6: No | T6: Yes/No | U6: No | V6: Yes/No
B8: Input: Throughput Requirements
B9: Number of Reads/sec | C9: 10000 | D9: ops/sec | E9: 0 | F9: /sec | G9: 0 | H9: /sec | I9: 0 | J9: /sec | K9: 0 | L9: /sec | M9: 0 | N9: /sec | O9: 0 | P9: /sec | Q9: 0 | R9: /sec | S9: 0 | T9: /sec | U9: 0 | V9: /sec
B10: Number of Writes/sec | C10: 500 | D10: ops/sec | E10: 0 | F10: /sec | G10: 0 | H10: /sec | I10: 0 | J10: /sec | K10: 0 | L10: /sec | M10: 0 | N10: /sec | O10: 0 | P10: /sec | Q10: 0 | R10: /sec | S10: 0 | T10: /sec | U10: 0 | V10: /sec
B12: Input: Advanced Options | C12: Value
B13: Cushion for peak load - Data | C13: 20 | D13: % increase
B14: Cushion for peak load - Throughput | C14: 20 | D14: % increase
B15: Preserve Data across Azure Updates | C15: Yes
B16: Upgrade Domain Count | C16: Set by planner
B19: Output: Possible Configurations | C19: VM Size | D19: VM Count | E19: Upgrade Domains | F19: Options | G19: ='Reference Data'!G125 -> <blank> | H19: Message
C20: S | D20: ='Reference Data'!D126 -> 5 | E20: ='Reference Data'!E126 -> 5 | F20: ='Reference Data'!F126 -> Feasible | G20: ='Reference Data'!G126 | H20: ='Reference Data'!H126
C21: M | D21: ='Reference Data'!D127 -> 3 | E21: ='Reference Data'!E127 -> 3 | F21: ='Reference Data'!F127 -> Recommended | G21: ='Reference Data'!G127 | H21: ='Reference Data'!H127
C22: L | D22: ='Reference Data'!D128 -> 2 | E22: ='Reference Data'!E128 -> 2 | F22: ='Reference Data'!F128 -> Feasible | G22: ='Reference Data'!G128 | H22: ='Reference Data'!H128
C23: XL | D23: ='Reference Data'!D129 -> 2 | E23: ='Reference Data'!E129 -> 2 | F23: ='Reference Data'!F129 -> Feasible | G23: ='Reference Data'!G129 | H23: ='Reference Data'!H129
C25: ='Reference Data'!$D$131

Sheet Co-located Role - Planner
B1: Co-located Cache Capacity Planner
B3: Input: Cluster Configuration
B4: VM Size | C4: M | D4: VM
B5: Number of VM Instances | C5: 3 | D5: VM
B6: User Data to be stored in Cache | C6: 1500 | D6: MB
B7: High Availability Enabled | C7: No | D7: Yes/No | E7: =IF(C5 = 1, IF(C7 = "Yes", "HA with 1 Node is Not Supported", ""), "")
B9: Output: Feasiblity & Settings
B10: Is it feasible to host Cache in this cluster | C10: ='Reference Data'!D27 -> Yes | D10: ='Reference Data'!D30 -> Please make sure there is enough network & CPU available to sustain load on cache
B11: Cache Size % (Memory required for Cache) | C11: ='Reference Data'!D28 -> 30 | D11: % per VM

Sheet Reference Data
C2: VM Type | D2: Physical Memory (MB) | E2: Cache Working Set (MB) | F2: Cache Data Size on VM (MB) | L2: VM Network | N2: Static Overhead (MB) | P2: Partitions Count per Cache
F3: No HA (Default 2KB) | G3: With HA (Default 2KB) | H3: No HA (1KB) | I3: With HA (1KB) | J3: No HA (128 byte) | K3: With HA (128 byte) | L3: Mbps | M3: MBps | N3: Without HA | O3: With HA (MB)
C4: XS | D4: 766 | E4: 237 | F4: 115 | G4: 71 | H4: 101 | I4: 63 | J4: 42 | K4: 26 | L4: 5 | M4: =L4/8 -> 0.625 | N4: 110 | O4: 150 | P4: 30
C5: S | D5: 1790 | E5: 1020 | F5: 791 | G5: 711 | H5: 696 | I5: 626 | J5: 288 | K5: 259 | L5: 100 | M5: =L5/8 -> 12.5 | N5: 148 | O5: 228 | P5: =P4*2 -> 60
C6: M | D6: 3583 | E6: 2831 | F6: 2372 | G6: 2227 | H6: 2088 | I6: 1960 | J6: 866 | K6: 813 | L6: 200 | M6: =L6/8 -> 25 | N6: 216 | O6: 376 | P6: =P5*2 -> 120
C7: L | D7: 7230 | E7: 6145 | F7: 5243 | G7: 4956 | H7: 4615 | I7: 4363 | J7: 1914 | K7: 1810 | L7: 400 | M7: =L7/8 -> 50 | N7: 365 | O7: 685 | P7: =P6*2 -> 240
C8: XL | D8: 14398 | E8: 13031 | F8: 11236 | G8: 10681 | H8: 9891 | I8: 9402 | J8: 4103 | K8: 3900 | L8: 800 | M8: =L8/8 -> 100 | N8: 644 | O8: 1284 | P8: =P7*2 -> 480
J9: Unused | K9: Unused
C11: Co-located planner INTERNAL CALCULATIONS BEYOND THIS POINT
C13: Input: Internal Variables
C14: Nodes per UD | D14: 1 | E14: VM
C15: Minimum Cache Size | D15: 2 | E15: MB
C17: Computed: Requirement Calculations
C18: Physical Memory on VM | D18: =VLOOKUP('Co-located Role - Planner'!$C$4, 'Reference Data'!$C$4:'Reference Data'!$O$8, 2, FALSE) -> 3583 | E18: MB
C19: Max Physical Memory available to Cache | D19: =VLOOKUP('Co-located Role - Planner'!$C$4, 'Reference Data'!$C$4:'Reference Data'!$O$8, 3, FALSE) -> 2831 | E19: MB
C21: Number of VMs to consider for storage | D21: =MAX(('Co-located Role - Planner'!C5-$D$14), 1) -> 2 | E21: VMs
C22: User Data to be stored per VM (including copies) | D22: =ROUNDUP(('Co-located Role - Planner'!C6/D21) * IF('Co-located Role - Planner'!$C$7 = "Yes", IF(D21>1, 2, 1), 1), 0) -> 750 | E22: MB
C23: Static Cache Overheads (depends on HA ON/OFF) | D23: =VLOOKUP('Co-located Role - Planner'!$C$4, 'Reference Data'!$C$4:'Reference Data'!$O$8, IF('Co-located Role - Planner'!$C$7="Yes", 13, 12), FALSE) -> 216 | E23: MB
C24: Physical Memory for Cache per VM | D24: =ROUNDUP(D22*1.1 + D23, 0) -> 1041 | E24: MB
C26: Feasibility of hosting Cache (1 or 0) | D26: =IF(D24<=D19, 1, 0) -> 1 | E26: Flag
C27: Is it feasible to host Cache in this cluster | D27: =IF($D$26 = 1, IF($D$22 >= $D$15, "Yes", "No"), "No") -> Yes
C28: Physical Memory % required for Cache | D28: =ROUNDUP(D24*100/D18, 0) -> 30 | E28: % per VM | G28: =ROUNDUP(ROUNDUP(((ROUNDUP(('Co-located Role - Planner'!C6/'Co-located Role - Planner'!C5) * IF('Co-located Role - Planner'!$C$7 = "Yes", IF('Co-located Role - Planner'!C5>1, 2, 1), 1), 0))*1.1 + D23), 0)*100/D18, 0) -> 22 | H28: % per VM (without resiliency)
C29: Physical Memory % available for primary role | D29: =ROUNDUP((D19-D24)*100/D18, 0) -> 50 | E29: % per VM
C30: Message (if any) | D30: =IF($D$26 = 0, $C$33, IF(D22 >= $D$15, $C$34, $C$35)) -> Please make sure there is enough network & CPU available to sustain load on cache
C32: Strings Used
C33: Please consider a different configuration (VM size, VM count) or move to Dedicated Cache
C34: Please make sure there is enough network & CPU available to sustain load on cache
C35: Such a small cache is not supported
C40: Dedicated planner INTERNAL CALCULATIONS BEYOND THIS POINT
C42: Input: Maximum Memory Requirements | D42: Value | E42: Unit
C43: Maximum memory to use per VM | D43: 95 | E43: %
C44: Maximum network to use per VM | D44: 80 | E44: %
C45: Time for data transfer during graceful shtudown | D45: 210 | E45: seconds
C46: Maximum Supported Upgraded Domains | D46: 16 | E46: UDs
C47: HA: Storage Overheads | D47: 2 | E47: times
C48: HA: Throughput Overheads(Network/CPU) | D48: 6 | E48: times
C49: Throughput Write Overhead | D49: =4/3 -> 1.3333333 | E49: times
C50: Default Object Size (bytes) | D50: 2048 | E50: bytes
C51: Default Buffer Size (bytes | D51: 1024 | E51: bytes
C53: Computed: Data Requirements | D53: Value | E53: Unit | F53: Value | G53: Unit | H53: Value | I53: Unit | J53: Value | K53: Unit | L53: Value | M53: Unit | N53: Value | O53: Unit | P53: Value | Q53: Unit | R53: Value | S53: Unit | T53: Value | U53: Unit | V53: Value | W53: Unit
C54: Raw Memory Required (bytes) | D54: ='Dedicated Role - Planner'!C4*'Dedicated Role - Planner'!C5 -> 256000000 | E54: Bytes | F54: ='Dedicated Role - Planner'!E4*'Dedicated Role - Planner'!E5 -> 0 | G54: Bytes | H54: ='Dedicated Role - Planner'!G4*'Dedicated Role - Planner'!G5 -> 0 | I54: Bytes | J54: ='Dedicated Role - Planner'!I4*'Dedicated Role - Planner'!I5 -> 0 | K54: Bytes | L54: ='Dedicated Role - Planner'!K4*'Dedicated Role - Planner'!K5 -> 0 | M54: Bytes | N54: ='Dedicated Role - Planner'!M4*'Dedicated Role - Planner'!M5 -> 0 | O54: Bytes | P54: ='Dedicated Role - Planner'!O4*'Dedicated Role - Planner'!O5 -> 0 | Q54: Bytes | R54: ='Dedicated Role - Planner'!Q4*'Dedicated Role - Planner'!Q5 -> 0 | S54: Bytes | T54: ='Dedicated Role - Planner'!S4*'Dedicated Role - Planner'!S5 -> 0 | U54: Bytes | V54: ='Dedicated Role - Planner'!U4*'Dedicated Role - Planner'!U5 -> 0 | W54: Bytes
C55: Total Object Count (in cluster) | D55: ='Dedicated Role - Planner'!C5+'Dedicated Role - Planner'!E5+'Dedicated Role - Planner'!G5+'Dedicated Role - Planner'!I5+'Dedicated Role - Planner'!K5+'Dedicated Role - Planner'!M5+'Dedicated Role - Planner'!O5+'Dedicated Role - Planner'!Q5+'Dedicated Role - Planner'!S5+'Dedicated Role - Planner'!U5 -> 100000 | E55: Objects
C56: Weighted Average Object Size (bytes) | D56: =IF(D55=0,0,ROUNDUP(SUM(D54:W54)/D55, 0)) -> 2560 | E56: Bytes
C57: Use Default COGS (> 2 KB objects) | D57: =IF($D$56>$D$50, 1, 0) -> 1 | E57: Yes/No
C58: Buffer Size (bytes) | D58: =IF(D57=0, $D$51, $D$51) -> 1024 | E58: Bytes
C60: Adjusted Object Size Rounded to Nearest KB: | D60: =IF('Dedicated Role - Planner'!C4<=0,0,ROUNDUP('Dedicated Role - Planner'!C4/$D$58,0)*$D$58) -> 3072 | F60: =IF('Dedicated Role - Planner'!E4<=0,0,ROUNDUP('Dedicated Role - Planner'!E4/$D$58,0)*$D$58) -> 0 | H60: =IF('Dedicated Role - Planner'!G4<=0,0,ROUNDUP('Dedicated Role - Planner'!G4/$D$58,0)*$D$58) -> 0 | J60: =IF('Dedicated Role - Planner'!I4<=0,0,ROUNDUP('Dedicated Role - Planner'!I4/$D$58,0)*$D$58) -> 0 | L60: =IF('Dedicated Role - Planner'!K4<=0,0,ROUNDUP('Dedicated Role - Planner'!K4/$D$58,0)*$D$58) -> 0 | N60: =IF('Dedicated Role - Planner'!M4<=0,0,ROUNDUP('Dedicated Role - Planner'!M4/$D$58,0)*$D$58) -> 0 | P60: =IF('Dedicated Role - Planner'!O4<=0,0,ROUNDUP('Dedicated Role - Planner'!O4/$D$58,0)*$D$58) -> 0 | R60: =IF('Dedicated Role - Planner'!Q4<=0,0,ROUNDUP('Dedicated Role - Planner'!Q4/$D$58,0)*$D$58) -> 0 | T60: =IF('Dedicated Role - Planner'!S4<=0,0,ROUNDUP('Dedicated Role - Planner'!S4/$D$58,0)*$D$58) -> 0 | V60: =IF('Dedicated Role - Planner'!U4<=0,0,ROUNDUP('Dedicated Role - Planner'!U4/$D$58,0)*$D$58) -> 0
C61: Cache Memory Required (MB) | D61: =IF('Dedicated Role - Planner'!C6="No",'Dedicated Role - Planner'!C5*D60/1024/1024,'Dedicated Role - Planner'!C5*D60/1024/1024*$D$47) -> 292.96875 | E61: MB | F61: =IF('Dedicated Role - Planner'!E6="No",'Dedicated Role - Planner'!E5*F60/1024/1024,'Dedicated Role - Planner'!E5*F60/1024/1024*$D$47) -> 0 | G61: MB | H61: =IF('Dedicated Role - Planner'!G6="No",'Dedicated Role - Planner'!G5*H60/1024/1024,'Dedicated Role - Planner'!G5*H60/1024/1024*$D$47) -> 0 | I61: MB | J61: =IF('Dedicated Role - Planner'!I6="No",'Dedicated Role - Planner'!I5*J60/1024/1024,'Dedicated Role - Planner'!I5*J60/1024/1024*$D$47) -> 0 | K61: MB | L61: =IF('Dedicated Role - Planner'!K6="No",'Dedicated Role - Planner'!K5*L60/1024/1024,'Dedicated Role - Planner'!K5*L60/1024/1024*$D$47) -> 0 | M61: MB | N61: =IF('Dedicated Role - Planner'!M6="No",'Dedicated Role - Planner'!M5*N60/1024/1024,'Dedicated Role - Planner'!M5*N60/1024/1024*$D$47) -> 0 | O61: MB | P61: =IF('Dedicated Role - Planner'!O6="No",'Dedicated Role - Planner'!O5*P60/1024/1024,'Dedicated Role - Planner'!O5*P60/1024/1024*$D$47) -> 0 | Q61: MB | R61: =IF('Dedicated Role - Planner'!Q6="No",'Dedicated Role - Planner'!Q5*R60/1024/1024,'Dedicated Role - Planner'!Q5*R60/1024/1024*$D$47) -> 0 | S61: MB | T61: =IF('Dedicated Role - Planner'!S6="No",'Dedicated Role - Planner'!S5*T60/1024/1024,'Dedicated Role - Planner'!S5*T60/1024/1024*$D$47) -> 0 | U61: MB | V61: =IF('Dedicated Role - Planner'!U6="No",'Dedicated Role - Planner'!U5*V60/1024/1024,'Dedicated Role - Planner'!U5*V60/1024/1024*$D$47) -> 0 | W61: MB
C62: Read Bandwidth Required | D62: =IF('Dedicated Role - Planner'!C4<=0,0,'Dedicated Role - Planner'!C9*(MAX('Dedicated Role - Planner'!C4, $D$50))/1024/1024) -> 24.414062 | E62: MBps | F62: =IF('Dedicated Role - Planner'!E4<=0,0,'Dedicated Role - Planner'!E9*(MAX('Dedicated Role - Planner'!E4, $D$50))/1024/1024) -> 0 | G62: MBps | H62: =IF('Dedicated Role - Planner'!G4<=0,0,'Dedicated Role - Planner'!G9*(MAX('Dedicated Role - Planner'!G4, $D$50))/1024/1024) -> 0 | I62: MBps | J62: =IF('Dedicated Role - Planner'!I4<=0,0,'Dedicated Role - Planner'!I9*(MAX('Dedicated Role - Planner'!I4, $D$50))/1024/1024) -> 0 | K62: MBps | L62: =IF('Dedicated Role - Planner'!K4<=0,0,'Dedicated Role - Planner'!K9*(MAX('Dedicated Role - Planner'!K4, $D$50))/1024/1024) -> 0 | M62: MBps | N62: =IF('Dedicated Role - Planner'!M4<=0,0,'Dedicated Role - Planner'!M9*(MAX('Dedicated Role - Planner'!M4, $D$50))/1024/1024) -> 0 | O62: MBps | P62: =IF('Dedicated Role - Planner'!O4<=0,0,'Dedicated Role - Planner'!O9*(MAX('Dedicated Role - Planner'!O4, $D$50))/1024/1024) -> 0 | Q62: MBps | R62: =IF('Dedicated Role - Planner'!Q4<=0,0,'Dedicated Role - Planner'!Q9*(MAX('Dedicated Role - Planner'!Q4, $D$50))/1024/1024) -> 0 | S62: MBps | T62: =IF('Dedicated Role - Planner'!S4<=0,0,'Dedicated Role - Planner'!S9*(MAX('Dedicated Role - Planner'!S4, $D$50))/1024/1024) -> 0 | U62: MBps | V62: =IF('Dedicated Role - Planner'!U4<=0,0,'Dedicated Role - Planner'!U9*(MAX('Dedicated Role - Planner'!U4, $D$50))/1024/1024) -> 0 | W62: MBps
C63: Write Bandwidth Requited | D63: =IF('Dedicated Role - Planner'!C4<=0,0,IF('Dedicated Role - Planner'!C6="No",('Dedicated Role - Planner'!C10*(MAX('Dedicated Role - Planner'!C4, $D$50))/1024/1024) * $D$49,('Dedicated Role - Planner'!C10*(MAX('Dedicated Role - Planner'!C4, $D$50))/1024/1024)*$D$48*$D$49)) -> 1.6276042 | E63: MBps | F63: =IF('Dedicated Role - Planner'!E4<=0,0,IF('Dedicated Role - Planner'!E6="No",('Dedicated Role - Planner'!E10*(MAX('Dedicated Role - Planner'!E4, $D$50))/1024/1024) * $D$49,('Dedicated Role - Planner'!E10*(MAX('Dedicated Role - Planner'!E4, $D$50))/1024/1024)*$D$48*$D$49)) -> 0 | G63: MBps | H63: =IF('Dedicated Role - Planner'!G4<=0,0,IF('Dedicated Role - Planner'!G6="No",('Dedicated Role - Planner'!G10*(MAX('Dedicated Role - Planner'!G4, $D$50))/1024/1024) * $D$49,('Dedicated Role - Planner'!G10*(MAX('Dedicated Role - Planner'!G4, $D$50))/1024/1024)*$D$48*$D$49)) -> 0 | I63: MBps | J63: =IF('Dedicated Role - Planner'!I4<=0,0,IF('Dedicated Role - Planner'!I6="No",('Dedicated Role - Planner'!I10*(MAX('Dedicated Role - Planner'!I4, $D$50))/1024/1024) * $D$49,('Dedicated Role - Planner'!I10*(MAX('Dedicated Role - Planner'!I4, $D$50))/1024/1024)*$D$48*$D$49)) -> 0 | K63: MBps | L63: =IF('Dedicated Role - Planner'!K4<=0,0,IF('Dedicated Role - Planner'!K6="No",('Dedicated Role - Planner'!K10*(MAX('Dedicated Role - Planner'!K4, $D$50))/1024/1024) * $D$49,('Dedicated Role - Planner'!K10*(MAX('Dedicated Role - Planner'!K4, $D$50))/1024/1024)*$D$48*$D$49)) -> 0 | M63: MBps | N63: =IF('Dedicated Role - Planner'!M4<=0,0,IF('Dedicated Role - Planner'!M6="No",('Dedicated Role - Planner'!M10*(MAX('Dedicated Role - Planner'!M4, $D$50))/1024/1024) * $D$49,('Dedicated Role - Planner'!M10*(MAX('Dedicated Role - Planner'!M4, $D$50))/1024/1024)*$D$48*$D$49)) -> 0 | O63: MBps | P63: =IF('Dedicated Role - Planner'!O4<=0,0,IF('Dedicated Role - Planner'!O6="No",('Dedicated Role - Planner'!O10*(MAX('Dedicated Role - Planner'!O4, $D$50))/1024/1024) * $D$49,('Dedicated Role - Planner'!O10*(MAX('Dedicated Role - Planner'!O4, $D$50))/1024/1024)*$D$48*$D$49)) -> 0 | Q63: MBps | R63: =IF('Dedicated Role - Planner'!Q4<=0,0,IF('Dedicated Role - Planner'!Q6="No",('Dedicated Role - Planner'!Q10*(MAX('Dedicated Role - Planner'!Q4, $D$50))/1024/1024) * $D$49,('Dedicated Role - Planner'!Q10*(MAX('Dedicated Role - Planner'!Q4, $D$50))/1024/1024)*$D$48*$D$49)) -> 0 | S63: MBps | T63: =IF('Dedicated Role - Planner'!S4<=0,0,IF('Dedicated Role - Planner'!S6="No",('Dedicated Role - Planner'!S10*(MAX('Dedicated Role - Planner'!S4, $D$50))/1024/1024) * $D$49,('Dedicated Role - Planner'!S10*(MAX('Dedicated Role - Planner'!S4, $D$50))/1024/1024)*$D$48*$D$49)) -> 0 | U63: MBps | V63: =IF('Dedicated Role - Planner'!U4<=0,0,IF('Dedicated Role - Planner'!U6="No",('Dedicated Role - Planner'!U10*(MAX('Dedicated Role - Planner'!U4, $D$50))/1024/1024) * $D$49,('Dedicated Role - Planner'!U10*(MAX('Dedicated Role - Planner'!U4, $D$50))/1024/1024)*$D$48*$D$49)) -> 0 | W63: MBps
C64: HA State (0 - Off 1 - On) | D64: =IF('Dedicated Role - Planner'!C6="No",0,1) -> 0 | F64: =IF('Dedicated Role - Planner'!E6="No",0,1) -> 0 | H64: =IF('Dedicated Role - Planner'!G6="No",0,1) -> 0 | J64: =IF('Dedicated Role - Planner'!I6="No",0,1) -> 0 | L64: =IF('Dedicated Role - Planner'!K6="No",0,1) -> 0 | N64: =IF('Dedicated Role - Planner'!M6="No",0,1) -> 0 | P64: =IF('Dedicated Role - Planner'!O6="No",0,1) -> 0 | R64: =IF('Dedicated Role - Planner'!Q6="No",0,1) -> 0 | T64: =IF('Dedicated Role - Planner'!S6="No",0,1) -> 0 | V64: =IF('Dedicated Role - Planner'!U6="No",0,1) -> 0
C65: Consider HA for this data type | D65: =D64*D61 -> 0 | F65: =F64*F61 -> 0 | H65: =H64*H61 -> 0 | J65: =J64*J61 -> 0 | L65: =L64*L61 -> 0 | N65: =N64*N61 -> 0 | P65: =P64*P61 -> 0 | R65: =R64*R61 -> 0 | T65: =T64*T61 -> 0 | V65: =V64*V61 -> 0
C67: Computed: Cluster Requirements | D67: Value | E67: Unit
C68: Total Required capacity (MB) | D68: =SUM(D61:W61) * (1 + 'Dedicated Role - Planner'!C13/100) -> 351.5625 | E68: MB
C69: Total Read Bandwidth required | D69: =SUM(D62:W62) -> 24.414062 | E69: MBps
C70: Total Write Bandwidth required | D70: =SUM(D63:W63) -> 1.6276042 | E70: MBps
C71: Total Bandwidth Requirements | D71: =(D70+D69) * (1 + 'Dedicated Role - Planner'!C14/100) -> 31.25 | E71: MBps
C72: HA On (for any cache) | D72: =IF(SUM(D65:W65)>0, 1, 0) -> 0 | E72: Flag
C74: Computed: VMs Requirements | D74: Raw Resource With Buffers
D75: Memory Available per node (MB) | E75: Memory Available per node (MB) | F75: Network Available per node (MBps) | G75: Partitions per Cache
C76: XS | D76: =IF($D$57 = 1, IF($D$72>0, 'Reference Data'!G4, 'Reference Data'!F4), IF($D$72>0, 'Reference Data'!I4, 'Reference Data'!H4)) -> 115 | E76: =ROUNDUP(D76 * $D$43 / 100, 0) -> 110 | F76: ='Reference Data'!M4 * $D$44/100 -> 0.5 | G76: ='Reference Data'!P4 -> 30
C77: S | D77: =IF($D$57 = 1, IF($D$72>0, 'Reference Data'!G5, 'Reference Data'!F5), IF($D$72>0, 'Reference Data'!I5, 'Reference Data'!H5)) -> 791 | E77: =ROUNDUP(D77 * $D$43 / 100, 0) -> 752 | F77: ='Reference Data'!M5 * $D$44/100 -> 10 | G77: ='Reference Data'!P5 -> 60
C78: M | D78: =IF($D$57 = 1, IF($D$72>0, 'Reference Data'!G6, 'Reference Data'!F6), IF($D$72>0, 'Reference Data'!I6, 'Reference Data'!H6)) -> 2372 | E78: =ROUNDUP(D78 * $D$43 / 100, 0) -> 2254 | F78: ='Reference Data'!M6 * $D$44/100 -> 20 | G78: ='Reference Data'!P6 -> 120
C79: L | D79: =IF($D$57 = 1, IF($D$72>0, 'Reference Data'!G7, 'Reference Data'!F7), IF($D$72>0, 'Reference Data'!I7, 'Reference Data'!H7)) -> 5243 | E79: =ROUNDUP(D79 * $D$43 / 100, 0) -> 4981 | F79: ='Reference Data'!M7 * $D$44/100 -> 40 | G79: ='Reference Data'!P7 -> 240
C80: XL | D80: =IF($D$57 = 1, IF($D$72>0, 'Reference Data'!G8, 'Reference Data'!F8), IF($D$72>0, 'Reference Data'!I8, 'Reference Data'!H8)) -> 11236 | E80: =ROUNDUP(D80 * $D$43 / 100, 0) -> 10675 | F80: ='Reference Data'!M8 * $D$44/100 -> 80 | G80: ='Reference Data'!P8 -> 480
C82: Computed: VMs Requirements | D82: Capacity Calculations without data resiliency support
D83: Data that can be stored per partition (MB) | E83: Partitions per node (maximum) | F83: VMs needed based on memory requirements (accurate) | G83: VMs needed based on memory requirements (rounded) | H83: VMs needed based on network requirements (accurate) | I83: VMs needed based on network requirements (rounded) | J83: Number of VMs required to host Cache (no data resiliency) | K83: Recommended VMs to host Cache (no data resiliency) | L83: Recommended Upgrade Domain Count
C84: XS | D84: =$D$68/G76 -> 11.71875 | E84: =FLOOR(E76/D84, 1) -> 9 | F84: =G76/E84 -> 3.3333333 | G84: =ROUNDUP(F84, 0) -> 4 | H84: =$D$71/$F$76 -> 62.5 | I84: =ROUNDUP(H84, 0) -> 63 | J84: =MAX(G84, I84) -> 63 | K84: =IF(J84 = 0, 0, IF(J84 = 1, 2, J84)) -> 63 | L84: =IF(K84>$D$46, $D$46, K84) -> 16
C85: S | D85: =$D$68/G77 -> 5.859375 | E85: =FLOOR(E77/D85, 1) -> 128 | F85: =G77/E85 -> 0.46875 | G85: =ROUNDUP(F85, 0) -> 1 | H85: =$D$71/$F$77 -> 3.125 | I85: =ROUNDUP(H85, 0) -> 4 | J85: =MAX(G85, I85) -> 4 | K85: =IF(J85 = 0, 0, IF(J85 = 1, 2, J85)) -> 4 | L85: =IF(K85>$D$46, $D$46, K85) -> 4
C86: M | D86: =$D$68/G78 -> 2.9296875 | E86: =FLOOR(E78/D86, 1) -> 769 | F86: =G78/E86 -> 0.15604681 | G86: =ROUNDUP(F86, 0) -> 1 | H86: =$D$71/$F$78 -> 1.5625 | I86: =ROUNDUP(H86, 0) -> 2 | J86: =MAX(G86, I86) -> 2 | K86: =IF(J86 = 0, 0, IF(J86 = 1, 2, J86)) -> 2 | L86: =IF(K86>$D$46, $D$46, K86) -> 2
C87: L | D87: =$D$68/G79 -> 1.4648438 | E87: =FLOOR(E79/D87, 1) -> 3400 | F87: =G79/E87 -> 0.070588235 | G87: =ROUNDUP(F87, 0) -> 1 | H87: =$D$71/$F$79 -> 0.78125 | I87: =ROUNDUP(H87, 0) -> 1 | J87: =MAX(G87, I87) -> 1 | K87: =IF(J87 = 0, 0, IF(J87 = 1, 2, J87)) -> 2 | L87: =IF(K87>$D$46, $D$46, K87) -> 2
C88: XL | D88: =$D$68/G80 -> 0.73242188 | E88: =FLOOR(E80/D88, 1) -> 14574 | F88: =G80/E88 -> 0.032935364 | G88: =ROUNDUP(F88, 0) -> 1 | H88: =$D$71/$F$80 -> 0.390625 | I88: =ROUNDUP(H88, 0) -> 1 | J88: =MAX(G88, I88) -> 1 | K88: =IF(J88 = 0, 0, IF(J88 = 1, 2, J88)) -> 2 | L88: =IF(K88>$D$46, $D$46, K88) -> 2
C90: Capacity Calculations with data resiliency support
C92: VM Size | D92: Calculations for resiliency of user data
D93: UDs in deployment based on VM count for memory requirements | E93: Max Nodes per UD (worst case) | F93: VMs needed based on memory requirements with data resiliency (rounded)
C94: XS | D94: =IF('Dedicated Role - Planner'!$C$16 = $C$140, IF(G84>($D$46-2), $D$46, ROUNDUP(G84, 0)), 'Dedicated Role - Planner'!$C$16) -> 4 | E94: =IF(G84 = 0, 0, ROUNDUP(G84/D94, 0)) -> 1 | F94: =G84+E94 -> 5
C95: S | D95: =IF('Dedicated Role - Planner'!$C$16 = $C$140, IF(G85>($D$46-2), $D$46, ROUNDUP(G85, 0)), 'Dedicated Role - Planner'!$C$16) -> 1 | E95: =IF(G85 = 0, 0, ROUNDUP(G85/D95, 0)) -> 1 | F95: =G85+E95 -> 2
C96: M | D96: =IF('Dedicated Role - Planner'!$C$16 = $C$140, IF(G86>($D$46-2), $D$46, ROUNDUP(G86, 0)), 'Dedicated Role - Planner'!$C$16) -> 1 | E96: =IF(G86 = 0, 0, ROUNDUP(G86/D96, 0)) -> 1 | F96: =G86+E96 -> 2
C97: L | D97: =IF('Dedicated Role - Planner'!$C$16 = $C$140, IF(G87>($D$46-2), $D$46, ROUNDUP(G87, 0)), 'Dedicated Role - Planner'!$C$16) -> 1 | E97: =IF(G87 = 0, 0, ROUNDUP(G87/D97, 0)) -> 1 | F97: =G87+E97 -> 2
C98: XL | D98: =IF('Dedicated Role - Planner'!$C$16 = $C$140, IF(G88>($D$46-2), $D$46, ROUNDUP(G88, 0)), 'Dedicated Role - Planner'!$C$16) -> 1 | E98: =IF(G88 = 0, 0, ROUNDUP(G88/D98, 0)) -> 1 | F98: =G88+E98 -> 2
C100: VM Size | D100: Calculations for bandwidth required for graceful shutdown (CPU requirements implicit)
D101: VMs to consider for bandwidth resiliency calculations | E101: UDs in deployment based on VM count for resliency calculations | F101: Max Nodes per UD (worst case) | G101: Data stored per node (MB) | H101: Data to be sent (MB) when 1 UD goes down (worst case) | I101: Data to be received / remaining live box (MB) (worst case) | J101: Network required (MBps) for incoming data | K101: Network required (MBps) for outgoing data
C102: XS | D102: =MAX(I84,F94) -> 63 | E102: =IF('Dedicated Role - Planner'!$C$16 = $C$140, IF(D102>($D$46 - 2), $D$46, ROUNDUP(D102, 0)), 'Dedicated Role - Planner'!$C$16) -> 16 | F102: =IF(D102 = 0, 0, ROUNDUP(D102/E102, 0)) -> 4 | G102: =IF(D102 = 0, 0, $D$68/D102) -> 5.5803571 | H102: =G102*F102 -> 22.321429 | I102: =IF(D102 = 0, 0, IF(D102 = 1, 0, H102/(D102-F102))) -> 0.3783293 | J102: =I102/$D$45 -> 0.0018015681 | K102: =IF($D$72 = 1, 0, IF(D102 = 1, 0, G102/$D$45)) -> 0.026573129
C103: S | D103: =MAX(I85,F95) -> 4 | E103: =IF('Dedicated Role - Planner'!$C$16 = $C$140, IF(D103>($D$46 - 2), $D$46, ROUNDUP(D103, 0)), 'Dedicated Role - Planner'!$C$16) -> 4 | F103: =IF(D103 = 0, 0, ROUNDUP(D103/E103, 0)) -> 1 | G103: =IF(D103 = 0, 0, $D$68/D103) -> 87.890625 | H103: =G103*F103 -> 87.890625 | I103: =IF(D103 = 0, 0, IF(D103 = 1, 0, H103/(D103-F103))) -> 29.296875 | J103: =I103/$D$45 -> 0.13950893 | K103: =IF($D$72 = 1, 0, IF(D103 = 1, 0, G103/$D$45)) -> 0.41852679
C104: M | D104: =MAX(I86,F96) -> 2 | E104: =IF('Dedicated Role - Planner'!$C$16 = $C$140, IF(D104>($D$46 - 2), $D$46, ROUNDUP(D104, 0)), 'Dedicated Role - Planner'!$C$16) -> 2 | F104: =IF(D104 = 0, 0, ROUNDUP(D104/E104, 0)) -> 1 | G104: =IF(D104 = 0, 0, $D$68/D104) -> 175.78125 | H104: =G104*F104 -> 175.78125 | I104: =IF(D104 = 0, 0, IF(D104 = 1, 0, H104/(D104-F104))) -> 175.78125 | J104: =I104/$D$45 -> 0.83705357 | K104: =IF($D$72 = 1, 0, IF(D104 = 1, 0, G104/$D$45)) -> 0.83705357
C105: L | D105: =MAX(I87,F97) -> 2 | E105: =IF('Dedicated Role - Planner'!$C$16 = $C$140, IF(D105>($D$46 - 2), $D$46, ROUNDUP(D105, 0)), 'Dedicated Role - Planner'!$C$16) -> 2 | F105: =IF(D105 = 0, 0, ROUNDUP(D105/E105, 0)) -> 1 | G105: =IF(D105 = 0, 0, $D$68/D105) -> 175.78125 | H105: =G105*F105 -> 175.78125 | I105: =IF(D105 = 0, 0, IF(D105 = 1, 0, H105/(D105-F105))) -> 175.78125 | J105: =I105/$D$45 -> 0.83705357 | K105: =IF($D$72 = 1, 0, IF(D105 = 1, 0, G105/$D$45)) -> 0.83705357
C106: XL | D106: =MAX(I88,F98) -> 2 | E106: =IF('Dedicated Role - Planner'!$C$16 = $C$140, IF(D106>($D$46 - 2), $D$46, ROUNDUP(D106, 0)), 'Dedicated Role - Planner'!$C$16) -> 2 | F106: =IF(D106 = 0, 0, ROUNDUP(D106/E106, 0)) -> 1 | G106: =IF(D106 = 0, 0, $D$68/D106) -> 175.78125 | H106: =G106*F106 -> 175.78125 | I106: =IF(D106 = 0, 0, IF(D106 = 1, 0, H106/(D106-F106))) -> 175.78125 | J106: =I106/$D$45 -> 0.83705357 | K106: =IF($D$72 = 1, 0, IF(D106 = 1, 0, G106/$D$45)) -> 0.83705357
C108: VM Size | D108: Calculations for resiliency of throughput (client load and graceful shutdown) | I108: Capacity recommendations with data resiliency
D109: Additional Network required (Mbps) for graceful shutdown | E109: Network Available (MBps) Buffered VM Capacity - Additional Requirements | F109: VMs needed based on network requirements with data resiliency (accurate) | G109: VMs needed based on network requirements with data resiliency (rounded) | I109: Number of VMs required to host Cache (with data resiliency) | J109: Recommended VMs to host Cache (with data resiliency) | K109: Recommended Upgrade Domain Count
C110: XS | D110: =MIN(K102,J102) -> 0.0018015681 | E110: =F76-D110 -> 0.49819843 | F110: =($D$71/E110) + F102 -> 66.72601 | G110: =ROUNDUP(F110, 0) -> 67 | I110: =MAX(G110,F94) -> 67 | J110: =IF(I110 = 0, 0, IF(I110 = 1, 2, I110)) -> 67 | K110: =IF('Dedicated Role - Planner'!$C$16 = $C$140, IF(J110>$D$46, $D$46, J110), 'Dedicated Role - Planner'!$C$16) -> 16
C111: S | D111: =MAX(K103,J103) -> 0.41852679 | E111: =F77-D111 -> 9.5814732 | F111: =($D$71/E111) + F103 -> 4.2615026 | G111: =ROUNDUP(F111, 0) -> 5 | I111: =MAX(G111,F95) -> 5 | J111: =IF(I111 = 0, 0, IF(I111 = 1, 2, I111)) -> 5 | K111: =IF('Dedicated Role - Planner'!$C$16 = $C$140, IF(J111>$D$46, $D$46, J111), 'Dedicated Role - Planner'!$C$16) -> 5
C112: M | D112: =MAX(K104,J104) -> 0.83705357 | E112: =F78-D112 -> 19.162946 | F112: =($D$71/E112) + F104 -> 2.6307513 | G112: =ROUNDUP(F112, 0) -> 3 | I112: =MAX(G112,F96) -> 3 | J112: =IF(I112 = 0, 0, IF(I112 = 1, 2, I112)) -> 3 | K112: =IF('Dedicated Role - Planner'!$C$16 = $C$140, IF(J112>$D$46, $D$46, J112), 'Dedicated Role - Planner'!$C$16) -> 3
C113: L | D113: =MAX(K105,J105) -> 0.83705357 | E113: =F79-D113 -> 39.162946 | F113: =($D$71/E113) + F105 -> 1.7979481 | G113: =ROUNDUP(F113, 0) -> 2 | I113: =MAX(G113,F97) -> 2 | J113: =IF(I113 = 0, 0, IF(I113 = 1, 2, I113)) -> 2 | K113: =IF('Dedicated Role - Planner'!$C$16 = $C$140, IF(J113>$D$46, $D$46, J113), 'Dedicated Role - Planner'!$C$16) -> 2
C114: XL | D114: =MAX(K106,J106) -> 0.83705357 | E114: =F80-D114 -> 79.162946 | F114: =($D$71/E114) + F106 -> 1.3947554 | G114: =ROUNDUP(F114, 0) -> 2 | I114: =MAX(G114,F98) -> 2 | J114: =IF(I114 = 0, 0, IF(I114 = 1, 2, I114)) -> 2 | K114: =IF('Dedicated Role - Planner'!$C$16 = $C$140, IF(J114>$D$46, $D$46, J114), 'Dedicated Role - Planner'!$C$16) -> 2
C116: VM Size | D116: Feasibility & Recommendation Analysis
D117: Winning VM Count | E117: Winning Upgrade Domain Count | F117: Feasibility | G117: Recommended
C118: XS | D118: =IF('Dedicated Role - Planner'!$C$15 = "No", K84, J110) -> 67 | E118: =IF('Dedicated Role - Planner'!$C$16 = $C$140, IF('Dedicated Role - Planner'!$C$15 = "No", L84, K110), 'Dedicated Role - Planner'!$C$16) -> 16 | F118: 0 | G118: 0
C119: S | D119: =IF('Dedicated Role - Planner'!$C$15 = "No", K85, J111) -> 5 | E119: =IF('Dedicated Role - Planner'!$C$16 = $C$140, IF('Dedicated Role - Planner'!$C$15 = "No", L85, K111), 'Dedicated Role - Planner'!$C$16) -> 5 | F119: =IF(ISERROR(D119), -1, IF(D119>G77, -1, IF(D119>32, 0, 1))) -> 1 | G119: =IF(F119=-1, 0, IF(SUM(G120:G122) = 1, 0, 1)) -> 0
C120: M | D120: =IF('Dedicated Role - Planner'!$C$15 = "No", K86, J112) -> 3 | E120: =IF('Dedicated Role - Planner'!$C$16 = $C$140, IF('Dedicated Role - Planner'!$C$15 = "No", L86, K112), 'Dedicated Role - Planner'!$C$16) -> 3 | F120: =IF(ISERROR(D120), -1, IF(D120>G78, -1, IF(D120>32, 0, 1))) -> 1 | G120: =IF(F120=-1, 0, IF(SUM(G121:G122) = 1, 0, IF(D120>2, 1, 0))) -> 1
C121: L | D121: =IF('Dedicated Role - Planner'!$C$15 = "No", K87, J113) -> 2 | E121: =IF('Dedicated Role - Planner'!$C$16 = $C$140, IF('Dedicated Role - Planner'!$C$15 = "No", L87, K113), 'Dedicated Role - Planner'!$C$16) -> 2 | F121: =IF(ISERROR(D121), -1, IF(D121>G79, -1, IF(D121>32, 0, 1))) -> 1 | G121: =IF(F121=-1, 0, IF(G122 = 1, 0, IF(D121>2, 1, 0))) -> 0
C122: XL | D122: =IF('Dedicated Role - Planner'!$C$15 = "No", K88, J114) -> 2 | E122: =IF('Dedicated Role - Planner'!$C$16 = $C$140, IF('Dedicated Role - Planner'!$C$15 = "No", L88, K114), 'Dedicated Role - Planner'!$C$16) -> 2 | F122: =IF(ISERROR(D122), -1, IF(D122>G80, -1, IF(D122>32, 0, 1))) -> 1 | G122: =IF(F122=-1, 0, IF(D122>2, 1, 0)) -> 0
...
