Workbook

Sheet Volunteer Sign-Up Sheet
A1: 2012 Women of Achievement Luncheon, Registration Form
A2: Atteendees | B2: First Name | C2: Last Name | D2: Street Address | E2: City & State | F2: Zip | G2: Phone Home | H2: Phone Cell | I2: Email | J2: Wheel Chair Y/N | K2: Vegetarian Y/N
A3: Table Leader Name:
A4: Guest 2
A5: Guest 3
A6: Guest 4
A7: Guest 5
A8: Guest 6
A9: Guest 7
A10: Guest 8
A11: Guest 9
A12: Guest 10
A13: YWCA of Spokane, 930 N. Monroe St., Spokane, WA 99201 Phone: 509-789-9306 Fax: 509-326-1597 email: jennik@ywcaspokane.org

Sheet DV-IDENTITY-0
A1: =IF('Volunteer Sign-Up Sheet'!1:1,"AAAAAD7sqwA=",0) -> #VALUE! | B1: =AND('Volunteer Sign-Up Sheet'!A1,"AAAAAD7sqwE=") -> #VALUE! | C1: =AND('Volunteer Sign-Up Sheet'!B1,"AAAAAD7sqwI=") -> #VALUE! | D1: =AND('Volunteer Sign-Up Sheet'!C1,"AAAAAD7sqwM=") -> #VALUE! | E1: =AND('Volunteer Sign-Up Sheet'!D1,"AAAAAD7sqwQ=") -> #VALUE! | F1: =AND('Volunteer Sign-Up Sheet'!E1,"AAAAAD7sqwU=") -> #VALUE! | G1: =AND('Volunteer Sign-Up Sheet'!F1,"AAAAAD7sqwY=") -> #VALUE! | H1: =AND('Volunteer Sign-Up Sheet'!G1,"AAAAAD7sqwc=") -> #VALUE! | I1: =AND('Volunteer Sign-Up Sheet'!H1,"AAAAAD7sqwg=") -> #VALUE! | J1: =AND('Volunteer Sign-Up Sheet'!I1,"AAAAAD7sqwk=") -> #VALUE! | K1: =AND('Volunteer Sign-Up Sheet'!J1,"AAAAAD7sqwo=") -> #VALUE! | L1: =AND('Volunteer Sign-Up Sheet'!K1,"AAAAAD7sqws=") -> #VALUE! | M1: =AND('Volunteer Sign-Up Sheet'!#REF!,"AAAAAD7sqww=") -> #REF! | N1: =IF('Volunteer Sign-Up Sheet'!2:2,"AAAAAD7sqw0=",0) -> 0 | O1: =AND('Volunteer Sign-Up Sheet'!A2,"AAAAAD7sqw4=") -> #VALUE! | P1: =AND('Volunteer Sign-Up Sheet'!B2,"AAAAAD7sqw8=") -> #VALUE! | Q1: =AND('Volunteer Sign-Up Sheet'!C2,"AAAAAD7sqxA=") -> #VALUE! | R1: =AND('Volunteer Sign-Up Sheet'!D2,"AAAAAD7sqxE=") -> #VALUE! | S1: =AND('Volunteer Sign-Up Sheet'!E2,"AAAAAD7sqxI=") -> #VALUE! | T1: =AND('Volunteer Sign-Up Sheet'!F2,"AAAAAD7sqxM=") -> #VALUE! | U1: =AND('Volunteer Sign-Up Sheet'!G2,"AAAAAD7sqxQ=") -> #VALUE! | V1: =AND('Volunteer Sign-Up Sheet'!H2,"AAAAAD7sqxU=") -> #VALUE! | W1: =AND('Volunteer Sign-Up Sheet'!I2,"AAAAAD7sqxY=") -> #VALUE! | X1: =AND('Volunteer Sign-Up Sheet'!J2,"AAAAAD7sqxc=") -> #VALUE! | Y1: =AND('Volunteer Sign-Up Sheet'!K2,"AAAAAD7sqxg=") -> #VALUE! | Z1: =AND('Volunteer Sign-Up Sheet'!#REF!,"AAAAAD7sqxk=") -> #REF! | AA1: =IF('Volunteer Sign-Up Sheet'!#REF!,"AAAAAD7sqxo=",0) -> #REF! | AB1: =AND('Volunteer Sign-Up Sheet'!#REF!,"AAAAAD7sqxs=") -> #REF! | AC1: =AND('Volunteer Sign-Up Sheet'!#REF!,"AAAAAD7sqxw=") -> #REF! | AD1: =AND('Volunteer Sign-Up Sheet'!#REF!,"AAAAAD7sqx0=") -> #REF! | AE1: =AND('Volunteer Sign-Up Sheet'!#REF!,"AAAAAD7sqx4=") -> #REF! | AF1: =AND('Volunteer Sign-Up Sheet'!#REF!,"AAAAAD7sqx8=") -> #REF! | AG1: =AND('Volunteer Sign-Up Sheet'!#REF!,"AAAAAD7sqyA=") -> #REF! | AH1: =AND('Volunteer Sign-Up Sheet'!#REF!,"AAAAAD7sqyE=") -> #REF! | AI1: =AND('Volunteer Sign-Up Sheet'!#REF!,"AAAAAD7sqyI=") -> #REF! | AJ1: =AND('Volunteer Sign-Up Sheet'!#REF!,"AAAAAD7sqyM=") -> #REF! | AK1: =AND('Volunteer Sign-Up Sheet'!#REF!,"AAAAAD7sqyQ=") -> #REF! | AL1: =AND('Volunteer Sign-Up Sheet'!#REF!,"AAAAAD7sqyU=") -> #REF! | AM1: =AND('Volunteer Sign-Up Sheet'!#REF!,"AAAAAD7sqyY=") -> #REF! | AN1: =IF('Volunteer Sign-Up Sheet'!3:3,"AAAAAD7sqyc=",0) -> 0 | AO1: =AND('Volunteer Sign-Up Sheet'!A3,"AAAAAD7sqyg=") -> #VALUE! | AP1: =AND('Volunteer Sign-Up Sheet'!B3,"AAAAAD7sqyk=") -> #VALUE! | AQ1: =AND('Volunteer Sign-Up Sheet'!C3,"AAAAAD7sqyo=") -> #VALUE! | AR1: =AND('Volunteer Sign-Up Sheet'!D3,"AAAAAD7sqys=") -> #VALUE! | AS1: =AND('Volunteer Sign-Up Sheet'!E3,"AAAAAD7sqyw=") -> #VALUE! | AT1: =AND('Volunteer Sign-Up Sheet'!F3,"AAAAAD7sqy0=") -> #VALUE! | AU1: =AND('Volunteer Sign-Up Sheet'!G3,"AAAAAD7sqy4=") -> #VALUE! | AV1: =AND('Volunteer Sign-Up Sheet'!H3,"AAAAAD7sqy8=") -> #VALUE! | AW1: =AND('Volunteer Sign-Up Sheet'!I3,"AAAAAD7sqzA=") -> #VALUE! | AX1: =AND('Volunteer Sign-Up Sheet'!J3,"AAAAAD7sqzE=") -> #VALUE! | AY1: =AND('Volunteer Sign-Up Sheet'!K3,"AAAAAD7sqzI=") -> #VALUE! | AZ1: =AND('Volunteer Sign-Up Sheet'!#REF!,"AAAAAD7sqzM=") -> #REF! | BA1: =IF('Volunteer Sign-Up Sheet'!#REF!,"AAAAAD7sqzQ=",0) -> #REF! | BB1: =AND('Volunteer Sign-Up Sheet'!#REF!,"AAAAAD7sqzU=") -> #REF! | BC1: =AND('Volunteer Sign-Up Sheet'!#REF!,"AAAAAD7sqzY=") -> #REF! | BD1: =AND('Volunteer Sign-Up Sheet'!#REF!,"AAAAAD7sqzc=") -> #REF! | BE1: =AND('Volunteer Sign-Up Sheet'!#REF!,"AAAAAD7sqzg=") -> #REF! | BF1: =AND('Volunteer Sign-Up Sheet'!#REF!,"AAAAAD7sqzk=") -> #REF! | BG1: =AND('Volunteer Sign-Up Sheet'!#REF!,"AAAAAD7sqzo=") -> #REF! | BH1: =AND('Volunteer Sign-Up Sheet'!#REF!,"AAAAAD7sqzs=") -> #REF! | BI1: =AND('Volunteer Sign-Up Sheet'!#REF!,"AAAAAD7sqzw=") -> #REF! | BJ1: =AND('Volunteer Sign-Up Sheet'!#REF!,"AAAAAD7sqz0=") -> #REF! | BK1: =AND('Volunteer Sign-Up Sheet'!#REF!,"AAAAAD7sqz4=") -> #REF! | BL1: =AND('Volunteer Sign-Up Sheet'!#REF!,"AAAAAD7sqz8=") -> #REF! | BM1: =AND('Volunteer Sign-Up Sheet'!#REF!,"AAAAAD7sq0A=") -> #REF! | BN1: =IF('Volunteer Sign-Up Sheet'!4:4,"AAAAAD7sq0E=",0) -> 0 | BO1: =AND('Volunteer Sign-Up Sheet'!A4,"AAAAAD7sq0I=") -> #VALUE! | BP1: =AND('Volunteer Sign-Up Sheet'!B4,"AAAAAD7sq0M=") -> #VALUE! | BQ1: =AND('Volunteer Sign-Up Sheet'!C4,"AAAAAD7sq0Q=") -> #VALUE! | BR1: =AND('Volunteer Sign-Up Sheet'!D4,"AAAAAD7sq0U=") -> #VALUE! | BS1: =AND('Volunteer Sign-Up Sheet'!E4,"AAAAAD7sq0Y=") -> #VALUE! | BT1: =AND('Volunteer Sign-Up Sheet'!F4,"AAAAAD7sq0c=") -> #VALUE! | BU1: =AND('Volunteer Sign-Up Sheet'!G4,"AAAAAD7sq0g=") -> #VALUE! | BV1: =AND('Volunteer Sign-Up Sheet'!H4,"AAAAAD7sq0k=") -> #VALUE! | BW1: =AND('Volunteer Sign-Up Sheet'!I4,"AAAAAD7sq0o=") -> #VALUE! | BX1: =AND('Volunteer Sign-Up Sheet'!J4,"AAAAAD7sq0s=") -> #VALUE! | BY1: =AND('Volunteer Sign-Up Sheet'!K4,"AAAAAD7sq0w=") -> #VALUE! | BZ1: =AND('Volunteer Sign-Up Sheet'!#REF!,"AAAAAD7sq00=") -> #REF! | CA1: =IF('Volunteer Sign-Up Sheet'!#REF!,"AAAAAD7sq04=",0) -> #REF! | CB1: =AND('Volunteer Sign-Up Sheet'!#REF!,"AAAAAD7sq08=") -> #REF! | CC1: =AND('Volunteer Sign-Up Sheet'!#REF!,"AAAAAD7sq1A=") -> #REF! | CD1: =AND('Volunteer Sign-Up Sheet'!#REF!,"AAAAAD7sq1E=") -> #REF! | CE1: =AND('Volunteer Sign-Up Sheet'!#REF!,"AAAAAD7sq1I=") -> #REF! | CF1: =AND('Volunteer Sign-Up Sheet'!#REF!,"AAAAAD7sq1M=") -> #REF! | CG1: =AND('Volunteer Sign-Up Sheet'!#REF!,"AAAAAD7sq1Q=") -> #REF! | CH1: =AND('Volunteer Sign-Up Sheet'!#REF!,"AAAAAD7sq1U=") -> #REF! | CI1: =AND('Volunteer Sign-Up Sheet'!#REF!,"AAAAAD7sq1Y=") -> #REF! | CJ1: =AND('Volunteer Sign-Up Sheet'!#REF!,"AAAAAD7sq1c=") -> #REF! | CK1: =AND('Volunteer Sign-Up Sheet'!#REF!,"AAAAAD7sq1g=") -> #REF! | CL1: =AND('Volunteer Sign-Up Sheet'!#REF!,"AAAAAD7sq1k=") -> #REF! | CM1: =AND('Volunteer Sign-Up Sheet'!#REF!,"AAAAAD7sq1o=") -> #REF! | CN1: =IF('Volunteer Sign-Up Sheet'!5:5,"AAAAAD7sq1s=",0) -> 0 | CO1: =AND('Volunteer Sign-Up Sheet'!A5,"AAAAAD7sq1w=") -> #VALUE! | CP1: =AND('Volunteer Sign-Up Sheet'!B5,"AAAAAD7sq10=") -> #VALUE! | CQ1: =AND('Volunteer Sign-Up Sheet'!C5,"AAAAAD7sq14=") -> #VALUE! | CR1: =AND('Volunteer Sign-Up Sheet'!D5,"AAAAAD7sq18=") -> #VALUE! | CS1: =AND('Volunteer Sign-Up Sheet'!E5,"AAAAAD7sq2A=") -> #VALUE! | CT1: =AND('Volunteer Sign-Up Sheet'!F5,"AAAAAD7sq2E=") -> #VALUE! | CU1: =AND('Volunteer Sign-Up Sheet'!G5,"AAAAAD7sq2I=") -> #VALUE! | CV1: =AND('Volunteer Sign-Up Sheet'!H5,"AAAAAD7sq2M=") -> #VALUE! | CW1: =AND('Volunteer Sign-Up Sheet'!I5,"AAAAAD7sq2Q=") -> #VALUE! | CX1: =AND('Volunteer Sign-Up Sheet'!J5,"AAAAAD7sq2U=") -> #VALUE! | CY1: =AND('Volunteer Sign-Up Sheet'!K5,"AAAAAD7sq2Y=") -> #VALUE! | CZ1: =AND('Volunteer Sign-Up Sheet'!#REF!,"AAAAAD7sq2c=") -> #REF! | DA1: =IF('Volunteer Sign-Up Sheet'!#REF!,"AAAAAD7sq2g=",0) -> #REF! | DB1: =AND('Volunteer Sign-Up Sheet'!#REF!,"AAAAAD7sq2k=") -> #REF! | DC1: =AND('Volunteer Sign-Up Sheet'!#REF!,"AAAAAD7sq2o=") -> #REF! | DD1: =AND('Volunteer Sign-Up Sheet'!#REF!,"AAAAAD7sq2s=") -> #REF! | DE1: =AND('Volunteer Sign-Up Sheet'!#REF!,"AAAAAD7sq2w=") -> #REF! | DF1: =AND('Volunteer Sign-Up Sheet'!#REF!,"AAAAAD7sq20=") -> #REF! | DG1: =AND('Volunteer Sign-Up Sheet'!#REF!,"AAAAAD7sq24=") -> #REF! | DH1: =AND('Volunteer Sign-Up Sheet'!#REF!,"AAAAAD7sq28=") -> #REF! | DI1: =AND('Volunteer Sign-Up Sheet'!#REF!,"AAAAAD7sq3A=") -> #REF! | DJ1: =AND('Volunteer Sign-Up Sheet'!#REF!,"AAAAAD7sq3E=") -> #REF! | DK1: =AND('Volunteer Sign-Up Sheet'!#REF!,"AAAAAD7sq3I=") -> #REF! | DL1: =AND('Volunteer Sign-Up Sheet'!#REF!,"AAAAAD7sq3M=") -> #REF! | DM1: =AND('Volunteer Sign-Up Sheet'!#REF!,"AAAAAD7sq3Q=") -> #REF! | DN1: =IF('Volunteer Sign-Up Sheet'!6:6,"AAAAAD7sq3U=",0) -> 0 | DO1: =AND('Volunteer Sign-Up Sheet'!A6,"AAAAAD7sq3Y=") -> #VALUE! | DP1: =AND('Volunteer Sign-Up Sheet'!B6,"AAAAAD7sq3c=") -> #VALUE! | DQ1: =AND('Volunteer Sign-Up Sheet'!C6,"AAAAAD7sq3g=") -> #VALUE! | DR1: =AND('Volunteer Sign-Up Sheet'!D6,"AAAAAD7sq3k=") -> #VALUE! | DS1: =AND('Volunteer Sign-Up Sheet'!E6,"AAAAAD7sq3o=") -> #VALUE! | DT1: =AND('Volunteer Sign-Up Sheet'!F6,"AAAAAD7sq3s=") -> #VALUE! | DU1: =AND('Volunteer Sign-Up Sheet'!G6,"AAAAAD7sq3w=") -> #VALUE! | DV1: =AND('Volunteer Sign-Up Sheet'!H6,"AAAAAD7sq30=") -> #VALUE! | DW1: =AND('Volunteer Sign-Up Sheet'!I6,"AAAAAD7sq34=") -> #VALUE! | DX1: =AND('Volunteer Sign-Up Sheet'!J6,"AAAAAD7sq38=") -> #VALUE! | DY1: =AND('Volunteer Sign-Up Sheet'!K6,"AAAAAD7sq4A=") -> #VALUE! | DZ1: =AND('Volunteer Sign-Up Sheet'!#REF!,"AAAAAD7sq4E=") -> #REF! | EA1: =IF('Volunteer Sign-Up Sheet'!#REF!,"AAAAAD7sq4I=",0) -> #REF! | EB1: =AND('Volunteer Sign-Up Sheet'!#REF!,"AAAAAD7sq4M=") -> #REF! | EC1: =AND('Volunteer Sign-Up Sheet'!#REF!,"AAAAAD7sq4Q=") -> #REF! | ED1: =AND('Volunteer Sign-Up Sheet'!#REF!,"AAAAAD7sq4U=") -> #REF! | EE1: =AND('Volunteer Sign-Up Sheet'!#REF!,"AAAAAD7sq4Y=") -> #REF! | EF1: =AND('Volunteer Sign-Up Sheet'!#REF!,"AAAAAD7sq4c=") -> #REF! | EG1: =AND('Volunteer Sign-Up Sheet'!#REF!,"AAAAAD7sq4g=") -> #REF! | EH1: =AND('Volunteer Sign-Up Sheet'!#REF!,"AAAAAD7sq4k=") -> #REF! | EI1: =AND('Volunteer Sign-Up Sheet'!#REF!,"AAAAAD7sq4o=") -> #REF! | EJ1: =AND('Volunteer Sign-Up Sheet'!#REF!,"AAAAAD7sq4s=") -> #REF! | EK1: =AND('Volunteer Sign-Up Sheet'!#REF!,"AAAAAD7sq4w=") -> #REF! | EL1: =AND('Volunteer Sign-Up Sheet'!#REF!,"AAAAAD7sq40=") -> #REF! | EM1: =AND('Volunteer Sign-Up Sheet'!#REF!,"AAAAAD7sq44=") -> #REF! | EN1: =IF('Volunteer Sign-Up Sheet'!7:7,"AAAAAD7sq48=",0) -> 0 | EO1: =AND('Volunteer Sign-Up Sheet'!A7,"AAAAAD7sq5A=") -> #VALUE! | EP1: =AND('Volunteer Sign-Up Sheet'!B7,"AAAAAD7sq5E=") -> #VALUE! | EQ1: =AND('Volunteer Sign-Up Sheet'!C7,"AAAAAD7sq5I=") -> #VALUE! | ER1: =AND('Volunteer Sign-Up Sheet'!D7,"AAAAAD7sq5M=") -> #VALUE! | ES1: =AND('Volunteer Sign-Up Sheet'!E7,"AAAAAD7sq5Q=") -> #VALUE! | ET1: =AND('Volunteer Sign-Up Sheet'!F7,"AAAAAD7sq5U=") -> #VALUE! | EU1: =AND('Volunteer Sign-Up Sheet'!G7,"AAAAAD7sq5Y=") -> #VALUE! | EV1: =AND('Volunteer Sign-Up Sheet'!H7,"AAAAAD7sq5c=") -> #VALUE! | EW1: =AND('Volunteer Sign-Up Sheet'!I7,"AAAAAD7sq5g=") -> #VALUE! | EX1: =AND('Volunteer Sign-Up Sheet'!J7,"AAAAAD7sq5k=") -> #VALUE! | EY1: =AND('Volunteer Sign-Up Sheet'!K7,"AAAAAD7sq5o=") -> #VALUE! | EZ1: =AND('Volunteer Sign-Up Sheet'!#REF!,"AAAAAD7sq5s=") -> #REF! | FA1: =IF('Volunteer Sign-Up Sheet'!#REF!,"AAAAAD7sq5w=",0) -> #REF! | FB1: =AND('Volunteer Sign-Up Sheet'!#REF!,"AAAAAD7sq50=") -> #REF! | FC1: =AND('Volunteer Sign-Up Sheet'!#REF!,"AAAAAD7sq54=") -> #REF! | FD1: =AND('Volunteer Sign-Up Sheet'!#REF!,"AAAAAD7sq58=") -> #REF! | FE1: =AND('Volunteer Sign-Up Sheet'!#REF!,"AAAAAD7sq6A=") -> #REF! | FF1: =AND('Volunteer Sign-Up Sheet'!#REF!,"AAAAAD7sq6E=") -> #REF! | FG1: =AND('Volunteer Sign-Up Sheet'!#REF!,"AAAAAD7sq6I=") -> #REF! | FH1: =AND('Volunteer Sign-Up Sheet'!#REF!,"AAAAAD7sq6M=") -> #REF! | FI1: =AND('Volunteer Sign-Up Sheet'!#REF!,"AAAAAD7sq6Q=") -> #REF! | FJ1: =AND('Volunteer Sign-Up Sheet'!#REF!,"AAAAAD7sq6U=") -> #REF! | FK1: =AND('Volunteer Sign-Up Sheet'!#REF!,"AAAAAD7sq6Y=") -> #REF! | FL1: =AND('Volunteer Sign-Up Sheet'!#REF!,"AAAAAD7sq6c=") -> #REF! | FM1: =AND('Volunteer Sign-Up Sheet'!#REF!,"AAAAAD7sq6g=") -> #REF! | FN1: =IF('Volunteer Sign-Up Sheet'!8:8,"AAAAAD7sq6k=",0) -> 0 | FO1: =AND('Volunteer Sign-Up Sheet'!A8,"AAAAAD7sq6o=") -> #VALUE! | FP1: =AND('Volunteer Sign-Up Sheet'!B8,"AAAAAD7sq6s=") -> #VALUE! | FQ1: =AND('Volunteer Sign-Up Sheet'!C8,"AAAAAD7sq6w=") -> #VALUE! | FR1: =AND('Volunteer Sign-Up Sheet'!D8,"AAAAAD7sq60=") -> #VALUE! | FS1: =AND('Volunteer Sign-Up Sheet'!E8,"AAAAAD7sq64=") -> #VALUE! | FT1: =AND('Volunteer Sign-Up Sheet'!F8,"AAAAAD7sq68=") -> #VALUE! | FU1: =AND('Volunteer Sign-Up Sheet'!G8,"AAAAAD7sq7A=") -> #VALUE! | FV1: =AND('Volunteer Sign-Up Sheet'!H8,"AAAAAD7sq7E=") -> #VALUE! | FW1: =AND('Volunteer Sign-Up Sheet'!I8,"AAAAAD7sq7I=") -> #VALUE! | FX1: =AND('Volunteer Sign-Up Sheet'!J8,"AAAAAD7sq7M=") -> #VALUE! | FY1: =AND('Volunteer Sign-Up Sheet'!K8,"AAAAAD7sq7Q=") -> #VALUE! | FZ1: =AND('Volunteer Sign-Up Sheet'!#REF!,"AAAAAD7sq7U=") -> #REF! | GA1: =IF('Volunteer Sign-Up Sheet'!#REF!,"AAAAAD7sq7Y=",0) -> #REF! | GB1: =AND('Volunteer Sign-Up Sheet'!#REF!,"AAAAAD7sq7c=") -> #REF! | GC1: =AND('Volunteer Sign-Up Sheet'!#REF!,"AAAAAD7sq7g=") -> #REF! | GD1: =AND('Volunteer Sign-Up Sheet'!#REF!,"AAAAAD7sq7k=") -> #REF! | GE1: =AND('Volunteer Sign-Up Sheet'!#REF!,"AAAAAD7sq7o=") -> #REF! | GF1: =AND('Volunteer Sign-Up Sheet'!#REF!,"AAAAAD7sq7s=") -> #REF! | GG1: =AND('Volunteer Sign-Up Sheet'!#REF!,"AAAAAD7sq7w=") -> #REF! | GH1: =AND('Volunteer Sign-Up Sheet'!#REF!,"AAAAAD7sq70=") -> #REF! | GI1: =AND('Volunteer Sign-Up Sheet'!#REF!,"AAAAAD7sq74=") -> #REF! | GJ1: =AND('Volunteer Sign-Up Sheet'!#REF!,"AAAAAD7sq78=") -> #REF! | GK1: =AND('Volunteer Sign-Up Sheet'!#REF!,"AAAAAD7sq8A=") -> #REF! | GL1: =AND('Volunteer Sign-Up Sheet'!#REF!,"AAAAAD7sq8E=") -> #REF! | GM1: =AND('Volunteer Sign-Up Sheet'!#REF!,"AAAAAD7sq8I=") -> #REF! | GN1: =IF('Volunteer Sign-Up Sheet'!9:9,"AAAAAD7sq8M=",0) -> 0 | GO1: =AND('Volunteer Sign-Up Sheet'!A9,"AAAAAD7sq8Q=") -> #VALUE! | GP1: =AND('Volunteer Sign-Up Sheet'!B9,"AAAAAD7sq8U=") -> #VALUE! | GQ1: =AND('Volunteer Sign-Up Sheet'!C9,"AAAAAD7sq8Y=") -> #VALUE! | GR1: =AND('Volunteer Sign-Up Sheet'!D9,"AAAAAD7sq8c=") -> #VALUE! | GS1: =AND('Volunteer Sign-Up Sheet'!E9,"AAAAAD7sq8g=") -> #VALUE! | GT1: =AND('Volunteer Sign-Up Sheet'!F9,"AAAAAD7sq8k=") -> #VALUE! | GU1: =AND('Volunteer Sign-Up Sheet'!G9,"AAAAAD7sq8o=") -> #VALUE! | GV1: =AND('Volunteer Sign-Up Sheet'!H9,"AAAAAD7sq8s=") -> #VALUE! | GW1: =AND('Volunteer Sign-Up Sheet'!I9,"AAAAAD7sq8w=") -> #VALUE! | GX1: =AND('Volunteer Sign-Up Sheet'!J9,"AAAAAD7sq80=") -> #VALUE! | GY1: =AND('Volunteer Sign-Up Sheet'!K9,"AAAAAD7sq84=") -> #VALUE! | GZ1: =AND('Volunteer Sign-Up Sheet'!#REF!,"AAAAAD7sq88=") -> #REF! | HA1: =IF('Volunteer Sign-Up Sheet'!#REF!,"AAAAAD7sq9A=",0) -> #REF! | HB1: =AND('Volunteer Sign-Up Sheet'!#REF!,"AAAAAD7sq9E=") -> #REF! | HC1: =AND('Volunteer Sign-Up Sheet'!#REF!,"AAAAAD7sq9I=") -> #REF! | HD1: =AND('Volunteer Sign-Up Sheet'!#REF!,"AAAAAD7sq9M=") -> #REF! | HE1: =AND('Volunteer Sign-Up Sheet'!#REF!,"AAAAAD7sq9Q=") -> #REF! | HF1: =AND('Volunteer Sign-Up Sheet'!#REF!,"AAAAAD7sq9U=") -> #REF! | HG1: =AND('Volunteer Sign-Up Sheet'!#REF!,"AAAAAD7sq9Y=") -> #REF! | HH1: =AND('Volunteer Sign-Up Sheet'!#REF!,"AAAAAD7sq9c=") -> #REF! | HI1: =AND('Volunteer Sign-Up Sheet'!#REF!,"AAAAAD7sq9g=") -> #REF! | HJ1: =AND('Volunteer Sign-Up Sheet'!#REF!,"AAAAAD7sq9k=") -> #REF! | HK1: =AND('Volunteer Sign-Up Sheet'!#REF!,"AAAAAD7sq9o=") -> #REF! | HL1: =AND('Volunteer Sign-Up Sheet'!#REF!,"AAAAAD7sq9s=") -> #REF! | HM1: =AND('Volunteer Sign-Up Sheet'!#REF!,"AAAAAD7sq9w=") -> #REF! | HN1: =IF('Volunteer Sign-Up Sheet'!10:10,"AAAAAD7sq90=",0) -> 0 | HO1: =AND('Volunteer Sign-Up Sheet'!A10,"AAAAAD7sq94=") -> #VALUE! | HP1: =AND('Volunteer Sign-Up Sheet'!B10,"AAAAAD7sq98=") -> #VALUE! | HQ1: =AND('Volunteer Sign-Up Sheet'!C10,"AAAAAD7sq+A=") -> #VALUE! | HR1: =AND('Volunteer Sign-Up Sheet'!D10,"AAAAAD7sq+E=") -> #VALUE! | HS1: =AND('Volunteer Sign-Up Sheet'!E10,"AAAAAD7sq+I=") -> #VALUE! | HT1: =AND('Volunteer Sign-Up Sheet'!F10,"AAAAAD7sq+M=") -> #VALUE! | HU1: =AND('Volunteer Sign-Up Sheet'!G10,"AAAAAD7sq+Q=") -> #VALUE! | HV1: =AND('Volunteer Sign-Up Sheet'!H10,"AAAAAD7sq+U=") -> #VALUE! | HW1: =AND('Volunteer Sign-Up Sheet'!I10,"AAAAAD7sq+Y=") -> #VALUE! | HX1: =AND('Volunteer Sign-Up Sheet'!J10,"AAAAAD7sq+c=") -> #VALUE! | HY1: =AND('Volunteer Sign-Up Sheet'!K10,"AAAAAD7sq+g=") -> #VALUE! | HZ1: =AND('Volunteer Sign-Up Sheet'!#REF!,"AAAAAD7sq+k=") -> #REF! | IA1: =IF('Volunteer Sign-Up Sheet'!#REF!,"AAAAAD7sq+o=",0) -> #REF! | IB1: =AND('Volunteer Sign-Up Sheet'!#REF!,"AAAAAD7sq+s=") -> #REF! | IC1: =AND('Volunteer Sign-Up Sheet'!#REF!,"AAAAAD7sq+w=") -> #REF! | ID1: =AND('Volunteer Sign-Up Sheet'!#REF!,"AAAAAD7sq+0=") -> #REF! | IE1: =AND('Volunteer Sign-Up Sheet'!#REF!,"AAAAAD7sq+4=") -> #REF! | IF1: =AND('Volunteer Sign-Up Sheet'!#REF!,"AAAAAD7sq+8=") -> #REF! | IG1: =AND('Volunteer Sign-Up Sheet'!#REF!,"AAAAAD7sq/A=") -> #REF! | IH1: =AND('Volunteer Sign-Up Sheet'!#REF!,"AAAAAD7sq/E=") -> #REF! | II1: =AND('Volunteer Sign-Up Sheet'!#REF!,"AAAAAD7sq/I=") -> #REF! | IJ1: =AND('Volunteer Sign-Up Sheet'!#REF!,"AAAAAD7sq/M=") -> #REF! | IK1: =AND('Volunteer Sign-Up Sheet'!#REF!,"AAAAAD7sq/Q=") -> #REF! | IL1: =AND('Volunteer Sign-Up Sheet'!#REF!,"AAAAAD7sq/U=") -> #REF! | IM1: =AND('Volunteer Sign-Up Sheet'!#REF!,"AAAAAD7sq/Y=") -> #REF! | IN1: =IF('Volunteer Sign-Up Sheet'!11:11,"AAAAAD7sq/c=",0) -> 0 | IO1: =AND('Volunteer Sign-Up Sheet'!A11,"AAAAAD7sq/g=") -> #VALUE! | IP1: =AND('Volunteer Sign-Up Sheet'!B11,"AAAAAD7sq/k=") -> #VALUE! | IQ1: =AND('Volunteer Sign-Up Sheet'!C11,"AAAAAD7sq/o=") -> #VALUE! | IR1: =AND('Volunteer Sign-Up Sheet'!D11,"AAAAAD7sq/s=") -> #VALUE! | IS1: =AND('Volunteer Sign-Up Sheet'!E11,"AAAAAD7sq/w=") -> #VALUE! | IT1: =AND('Volunteer Sign-Up Sheet'!F11,"AAAAAD7sq/0=") -> #VALUE! | IU1: =AND('Volunteer Sign-Up Sheet'!G11,"AAAAAD7sq/4=") -> #VALUE! | IV1: =AND('Volunteer Sign-Up Sheet'!H11,"AAAAAD7sq/8=") -> #VALUE!
A2: =AND('Volunteer Sign-Up Sheet'!I11,"AAAAABHvmwA=") -> #VALUE! | B2: =AND('Volunteer Sign-Up Sheet'!J11,"AAAAABHvmwE=") -> #VALUE! | C2: =AND('Volunteer Sign-Up Sheet'!K11,"AAAAABHvmwI=") -> #VALUE! | D2: =AND('Volunteer Sign-Up Sheet'!#REF!,"AAAAABHvmwM=") -> #REF! | E2: =IF('Volunteer Sign-Up Sheet'!#REF!,"AAAAABHvmwQ=",0) -> #REF! | F2: =AND('Volunteer Sign-Up Sheet'!#REF!,"AAAAABHvmwU=") -> #REF! | G2: =AND('Volunteer Sign-Up Sheet'!#REF!,"AAAAABHvmwY=") -> #REF! | H2: =AND('Volunteer Sign-Up Sheet'!#REF!,"AAAAABHvmwc=") -> #REF! | I2: =AND('Volunteer Sign-Up Sheet'!#REF!,"AAAAABHvmwg=") -> #REF! | J2: =AND('Volunteer Sign-Up Sheet'!#REF!,"AAAAABHvmwk=") -> #REF! | K2: =AND('Volunteer Sign-Up Sheet'!#REF!,"AAAAABHvmwo=") -> #REF! | L2: =AND('Volunteer Sign-Up Sheet'!#REF!,"AAAAABHvmws=") -> #REF! | M2: =AND('Volunteer Sign-Up Sheet'!#REF!,"AAAAABHvmww=") -> #REF! | N2: =AND('Volunteer Sign-Up Sheet'!#REF!,"AAAAABHvmw0=") -> #REF! | O2: =AND('Volunteer Sign-Up Sheet'!#REF!,"AAAAABHvmw4=") -> #REF! | P2: =AND('Volunteer Sign-Up Sheet'!#REF!,"AAAAABHvmw8=") -> #REF! | Q2: =AND('Volunteer Sign-Up Sheet'!#REF!,"AAAAABHvmxA=") -> #REF! | R2: =IF('Volunteer Sign-Up Sheet'!12:12,"AAAAABHvmxE=",0) -> 0 | S2: =AND('Volunteer Sign-Up Sheet'!A12,"AAAAABHvmxI=") -> #VALUE! | T2: =AND('Volunteer Sign-Up Sheet'!B12,"AAAAABHvmxM=") -> #VALUE! | U2: =AND('Volunteer Sign-Up Sheet'!C12,"AAAAABHvmxQ=") -> #VALUE! | V2: =AND('Volunteer Sign-Up Sheet'!D12,"AAAAABHvmxU=") -> #VALUE! | W2: =AND('Volunteer Sign-Up Sheet'!E12,"AAAAABHvmxY=") -> #VALUE! | X2: =AND('Volunteer Sign-Up Sheet'!F12,"AAAAABHvmxc=") -> #VALUE! | Y2: =AND('Volunteer Sign-Up Sheet'!G12,"AAAAABHvmxg=") -> #VALUE! | Z2: =AND('Volunteer Sign-Up Sheet'!H12,"AAAAABHvmxk=") -> #VALUE! | AA2: =AND('Volunteer Sign-Up Sheet'!I12,"AAAAABHvmxo=") -> #VALUE! | AB2: =AND('Volunteer Sign-Up Sheet'!J12,"AAAAABHvmxs=") -> #VALUE! | AC2: =AND('Volunteer Sign-Up Sheet'!K12,"AAAAABHvmxw=") -> #VALUE! | AD2: =AND('Volunteer Sign-Up Sheet'!#REF!,"AAAAABHvmx0=") -> #REF! | AE2: =IF('Volunteer Sign-Up Sheet'!#REF!,"AAAAABHvmx4=",0) -> #REF! | AF2: =AND('Volunteer Sign-Up Sheet'!#REF!,"AAAAABHvmx8=") -> #REF! | AG2: =AND('Volunteer Sign-Up Sheet'!#REF!,"AAAAABHvmyA=") -> #REF! | AH2: =AND('Volunteer Sign-Up Sheet'!#REF!,"AAAAABHvmyE=") -> #REF! | AI2: =AND('Volunteer Sign-Up Sheet'!#REF!,"AAAAABHvmyI=") -> #REF! | AJ2: =AND('Volunteer Sign-Up Sheet'!#REF!,"AAAAABHvmyM=") -> #REF! | AK2: =AND('Volunteer Sign-Up Sheet'!#REF!,"AAAAABHvmyQ=") -> #REF! | AL2: =AND('Volunteer Sign-Up Sheet'!#REF!,"AAAAABHvmyU=") -> #REF! | AM2: =AND('Volunteer Sign-Up Sheet'!#REF!,"AAAAABHvmyY=") -> #REF! | AN2: =AND('Volunteer Sign-Up Sheet'!#REF!,"AAAAABHvmyc=") -> #REF! | AO2: =AND('Volunteer Sign-Up Sheet'!#REF!,"AAAAABHvmyg=") -> #REF! | AP2: =AND('Volunteer Sign-Up Sheet'!#REF!,"AAAAABHvmyk=") -> #REF! | AQ2: =AND('Volunteer Sign-Up Sheet'!#REF!,"AAAAABHvmyo=") -> #REF! | AR2: =IF('Volunteer Sign-Up Sheet'!13:13,"AAAAABHvmys=",0) -> 0 | AS2: =AND('Volunteer Sign-Up Sheet'!A13,"AAAAABHvmyw=") -> #VALUE! | AT2: =AND('Volunteer Sign-Up Sheet'!B13,"AAAAABHvmy0=") -> #VALUE! | AU2: =AND('Volunteer Sign-Up Sheet'!C13,"AAAAABHvmy4=") -> #VALUE! | AV2: =AND('Volunteer Sign-Up Sheet'!D13,"AAAAABHvmy8=") -> #VALUE! | AW2: =AND('Volunteer Sign-Up Sheet'!E13,"AAAAABHvmzA=") -> #VALUE! | AX2: =AND('Volunteer Sign-Up Sheet'!F13,"AAAAABHvmzE=") -> #VALUE! | AY2: =AND('Volunteer Sign-Up Sheet'!G13,"AAAAABHvmzI=") -> #VALUE! | AZ2: =AND('Volunteer Sign-Up Sheet'!H13,"AAAAABHvmzM=") -> #VALUE! | BA2: =AND('Volunteer Sign-Up Sheet'!I13,"AAAAABHvmzQ=") -> #VALUE! | BB2: =AND('Volunteer Sign-Up Sheet'!J13,"AAAAABHvmzU=") -> #VALUE! | BC2: =AND('Volunteer Sign-Up Sheet'!K13,"AAAAABHvmzY=") -> #VALUE! | BD2: =AND('Volunteer Sign-Up Sheet'!#REF!,"AAAAABHvmzc=") -> #REF! | BE2: =IF('Volunteer Sign-Up Sheet'!A:A,"AAAAABHvmzg=",0) -> #VALUE! | BF2: =IF('Volunteer Sign-Up Sheet'!B:B,"AAAAABHvmzk=",0) -> #VALUE! | BG2: =IF('Volunteer Sign-Up Sheet'!C:C,"AAAAABHvmzo=",0) -> #VALUE! | BH2: =IF('Volunteer Sign-Up Sheet'!D:D,"AAAAABHvmzs=",0) -> #VALUE! | BI2: =IF('Volunteer Sign-Up Sheet'!E:E,"AAAAABHvmzw=",0) -> #VALUE! | BJ2: =IF('Volunteer Sign-Up Sheet'!F:F,"AAAAABHvmz0=",0) -> #VALUE! | BK2: =IF('Volunteer Sign-Up Sheet'!G:G,"AAAAABHvmz4=",0) -> #VALUE! | BL2: =IF('Volunteer Sign-Up Sheet'!H:H,"AAAAABHvmz8=",0) -> #VALUE! | BM2: =IF('Volunteer Sign-Up Sheet'!I:I,"AAAAABHvm0A=",0) -> #VALUE! | BN2: =IF('Volunteer Sign-Up Sheet'!J:J,"AAAAABHvm0E=",0) -> #VALUE! | BO2: =IF('Volunteer Sign-Up Sheet'!K:K,"AAAAABHvm0I=",0) -> #VALUE! | BP2: =IF('Volunteer Sign-Up Sheet'!#REF!,"AAAAABHvm0M=",0) -> #REF! | BQ2: AAAAABHvm0Q=
A3: =IF('Volunteer Sign-Up Sheet'!#REF!,"AAAAAG9v/wA=",0) -> #REF! | B3: =AND('Volunteer Sign-Up Sheet'!#REF!,"AAAAAG9v/wE=") -> #REF! | C3: =AND('Volunteer Sign-Up Sheet'!#REF!,"AAAAAG9v/wI=") -> #REF! | D3: =AND('Volunteer Sign-Up Sheet'!#REF!,"AAAAAG9v/wM=") -> #REF! | E3: =AND('Volunteer Sign-Up Sheet'!#REF!,"AAAAAG9v/wQ=") -> #REF! | F3: =AND('Volunteer Sign-Up Sheet'!#REF!,"AAAAAG9v/wU=") -> #REF! | G3: =AND('Volunteer Sign-Up Sheet'!#REF!,"AAAAAG9v/wY=") -> #REF! | H3: =AND('Volunteer Sign-Up Sheet'!#REF!,"AAAAAG9v/wc=") -> #REF! | I3: =AND('Volunteer Sign-Up Sheet'!#REF!,"AAAAAG9v/wg=") -> #REF! | J3: =AND('Volunteer Sign-Up Sheet'!#REF!,"AAAAAG9v/wk=") -> #REF! | K3: =AND('Volunteer Sign-Up Sheet'!#REF!,"AAAAAG9v/wo=") -> #REF! | L3: =AND('Volunteer Sign-Up Sheet'!#REF!,"AAAAAG9v/ws=") -> #REF!
