Workbook

Sheet ALL
A1: We try to maintain the basic structure of the existing layout with minimum revisions. It is a unified layout for OAA, OGT, AASWD, and OTELA. So the file contains multiple sheets. Pay special attention to the following: 1. Position 32, Assessment Type, we keep the current coding, but OTELA is coded E for English instead of R for regular. 2. For OTELA, Production Performance Level is reported in position 342-244; Production Scaled Score is reported in position 346-348. This is the only revision compared to the layout used in School Year 2010. 3. On the total scaled score columns, besides the current codes of INV, DNA, we add TOG (test out of grade other than accelerated testing) and DNS (answer document was marked as "Do Not Score". 4. For AASWD, starting with Spring 2013, scaled scores will be reported; raw scores will not be reported.
A2: Start | B2: End | C2: Length | D2: Description | E2: Type | F2: OAT | G2: OGT | H2: AASWD | I2: OTELA
A3: 1 | B3: 11 | C3: 11 | D3: STUDENT-NAME-LAST | E3: alpha or blank
A4: 12 | B4: 19 | C4: 8 | D4: STUDENT-NAME-FIRST | E4: alpha or blank
A5: 20 | B5: 20 | C5: 1 | D5: STUDENT-NAME-MI | E5: alpha or blank
A6: 21 | B6: 29 | C6: 9 | D6: District Student ID (DSID) | E6: alphanumeric or blank
A7: 30 | B7: 31 | C7: 2 | D7: Exam Grade | E7: alphanumeric | F7: 03, 04, 05, 06, 07, 08 | G7: GR | H7: 03, 04, 05, 06, 07, 08, GR | I7: K2 (K through 2), 35 (3 through 5), 68 (6 through 8), 92 (9 through 12)
A8: 32 | B8: 32 | C8: 1 | D8: Assessment Type | E8: alpha | F8: R | G8: R | H8: A | I8: E
A9: 33 | B9: 37 | C9: 5 | D9: filler
A10: 38 | B10: 39 | C10: 2 | D10: Birth Month | E10: numeric or blank | F10: 01, 02,..., 12 | G10: Same As OAT | H10: Same As OAT | I10: Same As OAT
A11: 40 | B11: 41 | C11: 2 | D11: Birth Day | E11: numeric or blank | F11: 01, 02,..., 31 | G11: Same As OAT | H11: Same As OAT | I11: Same As OAT
A12: 42 | B12: 45 | C12: 4 | D12: Birth Year | E12: numeric or blank | F12: CCYY Format | G12: Same As OAT | H12: Same As OAT | I12: Same As OAT
A13: 46 | B13: 47 | C13: 2 | D13: Enrolled Grade | E13: numeric or blank | F13: 22=Kindergarten, 01, 02, …. 13=Adult HS, 14=OGT Only, blank=missing/unknown | G13: Same As OAT | H13: Same As OAT | I13: Same As OAT
A14: 48 | B14: 48 | C14: 1 | D14: Gender | E14: alpha or blank | F14: F=Female | G14: Same As OAT | H14: Same As OAT | I14: Same As OAT
F15: M=Male | G15: Same As OAT | H15: Same As OAT | I15: Same As OAT
F16: blank=unknown | G16: Same As OAT | H16: Same As OAT | I16: Same As OAT
A17: 49 | B17: 49 | C17: 1 | D17: Ethnicity | E17: numeric or blank | F17: 1=American Indian | G17: Same As OAT | H17: Same As OAT | I17: Same As OAT
F18: 2=Asian/Pacific Islander | G18: Same As OAT | H18: Same As OAT | I18: Same As OAT
F19: 3=Black/African American | G19: Same As OAT | H19: Same As OAT | I19: Same As OAT
F20: 4=Hispanic | G20: Same As OAT | H20: Same As OAT | I20: Same As OAT
F21: 5=White | G21: Same As OAT | H21: Same As OAT | I21: Same As OAT
F22: 6=Multi-Racial | G22: Same As OAT | H22: Same As OAT | I22: Same As OAT
F23: 7=Other | G23: Same As OAT | H23: Same As OAT | I23: Same As OAT
F24: Blank=Unknown | G24: Same As OAT | H24: Same As OAT | I24: Same As OAT
A25: 50 | B25: 58 | C25: 9 | D25: filler
A26: 59 | B26: 78 | C26: 20 | D26: Attending District Name | E26: alpha
A27: 79 | B27: 84 | C27: 6 | D27: Attending District IRN | E27: numeric
A28: 85 | B28: 104 | C28: 20 | D28: Attending School Name | E28: alpha
A29: 105 | B29: 110 | C29: 6 | D29: Attending School IRN | E29: numeric
A30: 111 | B30: 112 | C30: 2 | D30: Test Month | E30: numeric | F30: MM | G30: Same As OAT | H30: Same As OAT | I30: Same As OAT
A31: 113 | B31: 114 | C31: 2 | D31: Test Day | E31: numeric or blank | F31: DD | G31: Same As OAT | H31: Same As OAT | I31: Same As OAT
A32: 115 | B32: 118 | C32: 4 | D32: Test Year | E32: numeric | F32: CCYY format | G32: Same As OAT | H32: Same As OAT | I32: Same As OAT
A33: 119 | B33: 123 | C33: 5 | D33: Homeroom ID | E33: alphanumeric or blank | H33: Same As OAT | I33: Same As OAT
A34: 124 | B34: 125 | C34: 2 | D34: filler
A35: 126 | B35: 126 | C35: 1 | D35: Migrant Student | E35: alpha or blank | F35: Y=Yes | G35: Same As OAT | H35: Same As OAT | I35: Same As OAT
F36: Blank=Not Indicated | G36: Same As OAT | H36: Same As OAT | I36: Same As OAT
A37: 127 | B37: 127 | C37: 1 | D37: IEP-Writing | E37: alpha or blank | F37: Y=Yes | G37: Same As OAT | H37: Same As OAT | I37: Same As OAT
F38: Blank=Not Indicated | G38: Same As OAT | H38: Same As OAT | I38: Same As OAT
A39: 128 | B39: 128 | C39: 1 | D39: IEP-Reading | E39: alpha or blank | F39: Y=Yes | G39: Same As OAT | H39: Same As OAT | I39: Same As OAT
F40: Blank=Not Indicated | G40: Same As OAT | H40: Same As OAT | I40: Same As OAT
A41: 129 | B41: 129 | C41: 1 | D41: IEP-Mathematics (Listening for OTELA/ELDA) | E41: alpha or blank | F41: Y=Yes | G41: Same As OAT | H41: Same As OAT | I41: Same As OAT
F42: Blank=Not Indicated | G42: Same As OAT | H42: Same As OAT | I42: Same As OAT
A43: 130 | B43: 130 | C43: 1 | D43: IEP-Social Studies (Speaking for OTELA/ELDA) | E43: alpha or blank | F43: Y=Yes | G43: Same As OAT | H43: Same As OAT | I43: Same As OAT
F44: Blank=Not Indicated | G44: Same As OAT | H44: Same As OAT | I44: Same As OAT
A45: 131 | B45: 131 | C45: 1 | D45: IEP-Science | E45: alpha or blank | F45: Y=Yes | G45: Same As OAT | H45: Same As OAT
F46: Blank=Not Indicated | G46: Same As OAT | H46: Same As OAT
A47: 132 | B47: 132 | C47: 1 | D47: LEP Identified | E47: alpha or blank | F47: Y=Yes | G47: Same As OAT | H47: Same As OAT | I47: Same As OAT
F48: Blank=Not Indicated | G48: Same As OAT | H48: Same As OAT | I48: Same As OAT
A49: 133 | B49: 133 | C49: 1 | D49: Eng. Limited Identified | E49: alpha or blank
D50: (Not used)
A51: 134 | B51: 145 | C51: 12 | D51: Record Description | E51: alphanumeric or blank | F51: e.g., SPR08OAT, FAL08OAT | G51: e.g., SPR08OGT, SUM08OGT, FAL08OGT, | H51: e.g, SPR08OATA, SPR08OGTA | I51: e.g., SPR08OTELA
A52: 146 | B52: 147 | C52: 2 | D52: Writing Performance Level | E52: numeric or blank | F52: 11=Advanced | G52: Same As OAT | H52: Same As OAT | I52: 01=Level 1
F53: 12=Accelerated | G53: Same As OAT | H53: Same As OAT | I53: 02=Level 2
F54: 13=Proficient | G54: Same As OAT | H54: Same As OAT | I54: 03=Level 3
F55: 14=Basic | G55: Same As OAT | H55: Same As OAT | I55: 04=Level 4
F56: 15=Limited | G56: Same As OAT | H56: Same As OAT | I56: 05=Level 5
F57: 99=invalidated (INV) | G57: Same As OAT | H57: Same As OAT | I57: Same As OAT
F58: blank=DNA/TOG/DNS/Missing | G58: Same As OAT | H58: Same As OAT | I58: Same As OAT
A59: 148 | B59: 150 | C59: 3 | D59: Writing Scale Score | E59: alphanumeric or blank | F59: Range 000-999 | G59: Same As OAT | H59: OGTSWD: Same as OAT (OGTSWD R/W scores will be the same) | I59: Same As OAT
F60: DNA=Did Not Attempt | G60: Same As OAT | H60: OGTSWD: Same as OAT (OGTSWD R/W scores will be the same) | I60: Same As OAT
F61: TOG=Tested Out of Grade | G61: Same As OAT | H61: Not reported for SWD | I61: Same As OAT
F62: DNS=Do Not Score | G62: Same As OAT | H62: Not reported for SWD | I62: Same As OAT
F63: INV=Invalidated | G63: Same As OAT | H63: OGTSWD: Same as OAT (OGTSWD R/W scores will be the same) | I63: Same As OAT
A64: 151 | B64: 152 | C64: 2 | D64: Condition - Prompt 1 | E64: alphanumeric or blank | F64: (OAT & OGT rule) If Prompt 1 not scored - recorded in left-justified alphanumeric format. Holistic score codes (Based on WA only) A=Blank paper B=Refusal C=Illegible/Foreign language D=Insufficient text E=Off topic or off task F=Erased or crossed out G=Copies of prompt T= Enhanced student responses | G64: Same As OAT | I64: Same As OAT
A65: 153 | B65: 154 | C65: 2 | D65: Condition - Prompt 2 | E65: alphanumeric or blank | F65: (OAT & OGT rule) If Prompt 2 not scored - recorded in left-justified alphanumeric format. Holistic score codes (Based on WA only) A=Blank paper B=Refusal C=Illegible/Foreign language D=Insufficient text E=Off topic or off task F=Erased or crossed out G=Copies of prompt T= Enhanced student responses | G65: Same As OAT | I65: Same As OAT
A66: 155 | B66: 157 | C66: 3 | D66: Writing Content Standard Raw Score 1 ALT: N/A OTELA: N/A OAT: Writing Applications OGT: Writing Applications | E66: numeric | F66: Numeric - 99.9 - implied decimal Ex: 045=4.5; 040=4.0 | G66: Same As OAT | H66: Not reported for SWD
A67: 158 | B67: 158 | C67: 1 | D67: Indicator 1 | E67: alpha | F67: +=higher | G67: Same As OAT | H67: Not reported for SWD
F68: *=at | G68: Same As OAT | H68: Not reported for SWD
F69: -=lower than standard | G69: Same As OAT | H69: Not reported for SWD
A70: 159 | B70: 161 | C70: 3 | D70: Writing Content Standard Raw Score 2 ALT: N/A OTELA: N/A OAT: Writing Conventions OGT: Writing Conventions | E70: numeric | F70: Numeric - 99.9 - implied decimal Ex: 045=4.5; 040=4.0 | G70: Same As OAT | H70: Not reported for SWD
A71: 162 | B71: 162 | C71: 1 | D71: Indicator 2 | E71: alpha | F71: +=higher | G71: Same As OAT | H71: Not reported for SWD
F72: *=at | G72: Same As OAT | H72: Not reported for SWD
F73: -=lower than standard | G73: Same As OAT | H73: Not reported for SWD
A74: 163 | B74: 165 | C74: 3 | D74: Writing Content Standard Raw Score 3 ALT: N/A OTELA: N/A OAT:Writing Processes OGT:Writing Processes | E74: numeric | F74: Numeric - 99.9 - implied decimal Ex: 045=4.5; 040=4.0 | G74: Same As OAT | H74: Not reported for SWD
A75: 166 | B75: 166 | C75: 1 | D75: Indicator 3 | E75: alpha | F75: +=higher | G75: Same As OAT | H75: Not reported for SWD
F76: *=at | G76: Same As OAT | H76: Not reported for SWD
F77: -=lower than standard | G77: Same As OAT | H77: Not reported for SWD
A78: 167 | B78: 169 | C78: 3 | D78: Writing Content Standard Raw score 4 ALT: N/A OTELA: N/A OAT: N/A OGT: N/A | E78: numeric | H78: Not reported for SWD
A79: 170 | B79: 170 | C79: 1 | D79: Indicator 4 | E79: alpha
A82: 171 | B82: 171 | C82: 1 | D82: filler
A83: 172 | B83: 174 | C83: 3 | D83: Writing Total Raw Score | E83: alphanumeric | F83: With implied decimal, all tests other than OGT will end with 0 | G83: Same As OAT | H83: Not reported for SWD | I83: Same As OAT
F84: DNA=Did Not Attempt | G84: Same As OAT | I84: Same As OAT
F85: TOG=Tested Out of Grade | G85: Same As OAT | I85: Same As OAT
F86: DNS=Do Not Score | G86: Same As OAT | I86: Same As OAT
F87: INV=Invalidated | G87: Same As OAT | I87: Same As OAT
A89: 175 | B89: 180 | C89: 6 | D89: filler
A90: 181 | B90: 192 | C90: 12 | D90: filler
A91: 193 | B91: 194 | C91: 2 | D91: Reading Performance Level | E91: numeric or blank | F91: 11=Advanced | G91: Same As OAT | H91: Same As OAT | I91: 01=Level 1
F92: 12=Accelerated | G92: Same As OAT | H92: Same As OAT | I92: 02=Level 2
F93: 13=Proficient | G93: Same As OAT | H93: Same As OAT | I93: 03=Level 3
F94: 14=Basic | G94: Same As OAT | H94: Same As OAT | I94: 04=Level 4
F95: 15=Limited | G95: Same As OAT | H95: Same As OAT | I95: 05=Level 5
F96: 99=invalidated | G96: Same As OAT | H96: Same As OAT | I96: Same As OAT
F97: blank=DNA/TOG/DNS/Missing | G97: Same As OAT | H97: Same As OAT | I97: Same As OAT
A98: 195 | B98: 197 | C98: 3 | D98: Reading Scale Score | E98: alphanumeric or blank | F98: Range 000-999 | G98: Same As OAT | H98: Same As OAT | I98: Same As OAT
F99: DNA=Did Not Attempt | G99: Same As OAT | H99: Same As OAT | I99: Same As OAT
F100: TOG=Tested Out of Grade | G100: Same As OAT | H100: Not reported for SWD | I100: Same As OAT
F101: DNS=Do Not Score | G101: Same As OAT | H101: Not reported for SWD | I101: Same As OAT
F102: INV=Invalidated | G102: Same As OAT | H102: Same As OAT | I102: Same As OAT
A103: 198 | B103: 200 | C103: 3 | D103: Reading Content Standard Raw Score 1 ALT: N/A OTELA: N/A OAT: Acquisition of Vocabulary OGT: Acquisition of Vocabulary | E103: numeric | F103: Numeric - 99.9 - implied decimal Ex: 045=4.5; 040=4.0 | G103: Same As OAT | H103: Not reported for SWD
...

Sheet OAA
A1: Start | B1: End | C1: Length | D1: Description | E1: Type | F1: OAT
A2: 1 | B2: 11 | C2: 11 | D2: STUDENT-NAME-LAST | E2: alpha or blank
A3: 12 | B3: 19 | C3: 8 | D3: STUDENT-NAME-FIRST | E3: alpha or blank
A4: 20 | B4: 20 | C4: 1 | D4: STUDENT-NAME-MI | E4: alpha or blank
A5: 21 | B5: 29 | C5: 9 | D5: District Student ID (DSID) | E5: alphanumeric or blank
A6: 30 | B6: 31 | C6: 2 | D6: Exam Grade | E6: alphanumeric | F6: 03, 04, 05, 06, 07, 08
A7: 32 | B7: 32 | C7: 1 | D7: Assessment Type | E7: alpha | F7: R
A8: 33 | B8: 37 | C8: 5 | D8: filler
A9: 38 | B9: 39 | C9: 2 | D9: Birth Month | E9: numeric or blank | F9: 01, 02,..., 12
A10: 40 | B10: 41 | C10: 2 | D10: Birth Day | E10: numeric or blank | F10: 01, 02,..., 31
A11: 42 | B11: 45 | C11: 4 | D11: Birth Year | E11: numeric or blank | F11: CCYY Format
A12: 46 | B12: 47 | C12: 2 | D12: Enrolled Grade | E12: numeric or blank | F12: 22=Kindergarten, 01, 02, …. 13=Adult HS, 14=OGT Only, blank=missing/unknown
A13: 48 | B13: 48 | C13: 1 | D13: Gender | E13: alpha or blank | F13: F=Female
F14: M=Male
F15: blank=unknown
A16: 49 | B16: 49 | C16: 1 | D16: Ethnicity | E16: numeric or blank | F16: 1=American Indian
F17: 2=Asian/Pacific Islander
F18: 3=Black/African American
F19: 4=Hispanic
F20: 5=White
F21: 6=Multi-Racial
F22: 7=Other
F23: Blank=Unknown
A24: 50 | B24: 58 | C24: 9 | D24: filler
A25: 59 | B25: 78 | C25: 20 | D25: Attending District Name | E25: alpha
A26: 79 | B26: 84 | C26: 6 | D26: Attending District IRN | E26: numeric
A27: 85 | B27: 104 | C27: 20 | D27: Attending School Name | E27: alpha
A28: 105 | B28: 110 | C28: 6 | D28: Attending School IRN | E28: numeric
A29: 111 | B29: 112 | C29: 2 | D29: Test Month | E29: numeric | F29: MM
A30: 113 | B30: 114 | C30: 2 | D30: Test Day | E30: numeric or blank | F30: DD
A31: 115 | B31: 118 | C31: 4 | D31: Test Year | E31: numeric | F31: CCYY format
A32: 119 | B32: 123 | C32: 5 | D32: Homeroom ID | E32: alphanumeric or blank
A33: 124 | B33: 125 | C33: 2 | D33: filler
A34: 126 | B34: 126 | C34: 1 | D34: Migrant Student | E34: alpha or blank | F34: Y=Yes
F35: Blank=Not Indicated
A36: 127 | B36: 127 | C36: 1 | D36: IEP-Writing | E36: alpha or blank | F36: Y=Yes
F37: Blank=Not Indicated
A38: 128 | B38: 128 | C38: 1 | D38: IEP-Reading | E38: alpha or blank | F38: Y=Yes
F39: Blank=Not Indicated
A40: 129 | B40: 129 | C40: 1 | D40: IEP-Mathematics (Listening for OTELA/ELDA) | E40: alpha or blank | F40: Y=Yes
F41: Blank=Not Indicated
A42: 130 | B42: 130 | C42: 1 | D42: IEP-Social Studies (Speaking for OTELA/ELDA) | E42: alpha or blank | F42: Y=Yes
F43: Blank=Not Indicated
A44: 131 | B44: 131 | C44: 1 | D44: IEP-Science | E44: alpha or blank | F44: Y=Yes
F45: Blank=Not Indicated
A46: 132 | B46: 132 | C46: 1 | D46: LEP Identified | E46: alpha or blank | F46: Y=Yes
F47: Blank=Not Indicated
A48: 133 | B48: 133 | C48: 1 | D48: Eng. Limited Identified | E48: alpha or blank
D49: (Not used)
A50: 134 | B50: 145 | C50: 12 | D50: Record Description | E50: alphanumeric or blank | F50: e.g., SPR08OAT, FAL08OAT
A51: 146 | B51: 147 | C51: 2 | D51: Writing Performance Level | E51: numeric or blank | F51: 11=Advanced
F52: 12=Accelerated
F53: 13=Proficient
F54: 14=Basic
F55: 15=Limited
F56: 99=invalidated (INV)
F57: blank=DNA/TOG/DNS/Missing
A58: 148 | B58: 150 | C58: 3 | D58: Writing Scale Score | E58: alphanumeric or blank | F58: Range 000-999
F59: DNA=Did Not Attempt
F60: TOG=Tested Out of Grade
F61: DNS=Do Not Score
F62: INV=Invalidated
A63: 151 | B63: 152 | C63: 2 | D63: Condition - Prompt 1 | E63: alphanumeric or blank | F63: (OAT & OGT rule) If Prompt 1 not scored - recorded in left-justified alphanumeric format. Holistic score codes (Based on WA only) A=Blank paper B=Refusal C=Illegible/Foreign language D=Insufficient text E=Off topic or off task F=Erased or crossed out G=Copies of prompt T= Enhanced student responses
A64: 153 | B64: 154 | C64: 2 | D64: Condition - Prompt 2 | E64: alphanumeric or blank | F64: (OAT & OGT rule) If Prompt 2 not scored - recorded in left-justified alphanumeric format. Holistic score codes (Based on WA only) A=Blank paper B=Refusal C=Illegible/Foreign language D=Insufficient text E=Off topic or off task F=Erased or crossed out G=Copies of prompt T= Enhanced student responses
A65: 155 | B65: 157 | C65: 3 | D65: Writing Content Standard Raw Score 1 ALT: Performance OTELA: N/A OAT: Writing Applications OGT: Writing Applications | E65: numeric | F65: Numeric - 99.9 - implied decimal Ex: 045=4.5; 040=4.0
A66: 158 | B66: 158 | C66: 1 | D66: Indicator 1 | E66: alpha | F66: +=higher
F67: *=at
F68: -=lower than standard
A69: 159 | B69: 161 | C69: 3 | D69: Writing Content Standard Raw Score 2 ALT: Instructional Context OTELA: N/A OAT: Writing Conventions OGT: Writing Conventions | E69: numeric | F69: Numeric - 99.9 - implied decimal Ex: 045=4.5; 040=4.0
A70: 162 | B70: 162 | C70: 1 | D70: Indicator 2 | E70: alpha | F70: +=higher
F71: *=at
F72: -=lower than standard
A73: 163 | B73: 165 | C73: 3 | D73: Writing Content Standard Raw Score 3 ALT: Independence OTELA: N/A OAT:Writing Processes OGT:Writing Processes | E73: numeric | F73: Numeric - 99.9 - implied decimal Ex: 045=4.5; 040=4.0
A74: 166 | B74: 166 | C74: 1 | D74: Indicator 3 | E74: alpha | F74: +=higher
F75: *=at
F76: -=lower than standard
A77: 167 | B77: 169 | C77: 3 | D77: Writing Content Standard Raw score 4 ALT: Settings and Interactions OTELA: N/A OAT: N/A OGT: N/A | E77: numeric
A78: 170 | B78: 170 | C78: 1 | D78: Indicator 4 | E78: alpha
A81: 171 | B81: 171 | C81: 1 | D81: filler
A82: 172 | B82: 174 | C82: 3 | D82: Writing Total Raw Score | E82: alphanumeric | F82: With implied decimal, all tests other than OGT will end with 0
F83: DNA=Did Not Attempt
F84: TOG=Tested Out of Grade
F85: DNS=Do Not Score
F86: INV=Invalidated
A88: 175 | B88: 180 | C88: 6 | D88: filler
A89: 181 | B89: 192 | C89: 12 | D89: filler
A90: 193 | B90: 194 | C90: 2 | D90: Reading Performance Level | E90: numeric or blank | F90: 11=Advanced
F91: 12=Accelerated
F92: 13=Proficient
F93: 14=Basic
F94: 15=Limited
F95: 99=invalidated
F96: blank=DNA/TOG/DNS/Missing
A97: 195 | B97: 197 | C97: 3 | D97: Reading Scale Score | E97: alphanumeric or blank | F97: Range 000-999
F98: DNA=Did Not Attempt
F99: TOG=Tested Out of Grade
F100: DNS=Do Not Score
F101: INV=Invalidated
A102: 198 | B102: 200 | C102: 3 | D102: Reading Content Standard Raw Score 1 ALT: Performance OTELA: N/A OAT: Acquisition of Vocabulary OGT: Acquisition of Vocabulary | E102: numeric | F102: Numeric - 99.9 - implied decimal Ex: 045=4.5; 040=4.0
A103: 201 | B103: 201 | C103: 1 | D103: Indicator 1 | E103: alpha | F103: +=higher
...

Sheet OGT
A1: Start | B1: End | C1: Length | D1: Description | E1: Type | F1: OGT
A2: 1 | B2: 11 | C2: 11 | D2: STUDENT-NAME-LAST | E2: alpha or blank
A3: 12 | B3: 19 | C3: 8 | D3: STUDENT-NAME-FIRST | E3: alpha or blank
A4: 20 | B4: 20 | C4: 1 | D4: STUDENT-NAME-MI | E4: alpha or blank
A5: 21 | B5: 29 | C5: 9 | D5: District Student ID (DSID) | E5: alphanumeric or blank
A6: 30 | B6: 31 | C6: 2 | D6: Exam Grade | E6: alphanumeric | F6: GR
A7: 32 | B7: 32 | C7: 1 | D7: Assessment Type | E7: alpha | F7: R
A8: 33 | B8: 37 | C8: 5 | D8: filler
A9: 38 | B9: 39 | C9: 2 | D9: Birth Month | E9: numeric or blank | F9: =OAA!F9 -> 01, 02,..., 12
A10: 40 | B10: 41 | C10: 2 | D10: Birth Day | E10: numeric or blank | F10: =OAA!F10 -> 01, 02,..., 31
A11: 42 | B11: 45 | C11: 4 | D11: Birth Year | E11: numeric or blank | F11: =OAA!F11 -> CCYY Format
A12: 46 | B12: 47 | C12: 2 | D12: Enrolled Grade | E12: numeric or blank | F12: =OAA!F12 -> 22=Kindergarten, 01, 02, …. 13=Adult HS, 14=OGT Only, blank=missing/unknown
A13: 48 | B13: 48 | C13: 1 | D13: Gender | E13: alpha or blank | F13: =OAA!F13 -> F=Female
F14: =OAA!F14 -> M=Male
F15: =OAA!F15 -> blank=unknown
A16: 49 | B16: 49 | C16: 1 | D16: Ethnicity | E16: numeric or blank | F16: =OAA!F16 -> 1=American Indian
F17: =OAA!F17 -> 2=Asian/Pacific Islander
F18: =OAA!F18 -> 3=Black/African American
F19: =OAA!F19 -> 4=Hispanic
F20: =OAA!F20 -> 5=White
F21: =OAA!F21 -> 6=Multi-Racial
F22: =OAA!F22 -> 7=Other
F23: =OAA!F23 -> Blank=Unknown
A24: 50 | B24: 58 | C24: 9 | D24: filler
A25: 59 | B25: 78 | C25: 20 | D25: Attending District Name | E25: alpha
A26: 79 | B26: 84 | C26: 6 | D26: Attending District IRN | E26: numeric
A27: 85 | B27: 104 | C27: 20 | D27: Attending School Name | E27: alpha
A28: 105 | B28: 110 | C28: 6 | D28: Attending School IRN | E28: numeric
A29: 111 | B29: 112 | C29: 2 | D29: Test Month | E29: numeric | F29: =OAA!F29 -> MM
A30: 113 | B30: 114 | C30: 2 | D30: Test Day | E30: numeric or blank | F30: =OAA!F30 -> DD
A31: 115 | B31: 118 | C31: 4 | D31: Test Year | E31: numeric | F31: =OAA!F31 -> CCYY format
A32: 119 | B32: 123 | C32: 5 | D32: Homeroom ID | E32: alphanumeric or blank
A33: 124 | B33: 125 | C33: 2 | D33: filler
A34: 126 | B34: 126 | C34: 1 | D34: Migrant Student | E34: alpha or blank | F34: =OAA!F34 -> Y=Yes
F35: =OAA!F35 -> Blank=Not Indicated
A36: 127 | B36: 127 | C36: 1 | D36: IEP-Writing | E36: alpha or blank | F36: =OAA!F36 -> Y=Yes
F37: =OAA!F37 -> Blank=Not Indicated
A38: 128 | B38: 128 | C38: 1 | D38: IEP-Reading | E38: alpha or blank | F38: =OAA!F38 -> Y=Yes
F39: =OAA!F39 -> Blank=Not Indicated
A40: 129 | B40: 129 | C40: 1 | D40: IEP-Mathematics (Listening for OTELA/ELDA) | E40: alpha or blank | F40: =OAA!F40 -> Y=Yes
F41: =OAA!F41 -> Blank=Not Indicated
A42: 130 | B42: 130 | C42: 1 | D42: IEP-Social Studies (Speaking for OTELA/ELDA) | E42: alpha or blank | F42: =OAA!F42 -> Y=Yes
F43: =OAA!F43 -> Blank=Not Indicated
A44: 131 | B44: 131 | C44: 1 | D44: IEP-Science | E44: alpha or blank | F44: =OAA!F44 -> Y=Yes
F45: =OAA!F45 -> Blank=Not Indicated
A46: 132 | B46: 132 | C46: 1 | D46: LEP Identified | E46: alpha or blank | F46: =OAA!F46 -> Y=Yes
F47: =OAA!F47 -> Blank=Not Indicated
A48: 133 | B48: 133 | C48: 1 | D48: Eng. Limited Identified | E48: alpha or blank
D49: (Not used)
A50: 134 | B50: 145 | C50: 12 | D50: Record Description | E50: alphanumeric or blank | F50: e.g., SPR08OGT, SUM08OGT, FAL08OGT,
A51: 146 | B51: 147 | C51: 2 | D51: Writing Performance Level | E51: numeric or blank | F51: =OAA!F51 -> 11=Advanced
F52: =OAA!F52 -> 12=Accelerated
F53: =OAA!F53 -> 13=Proficient
F54: =OAA!F54 -> 14=Basic
F55: =OAA!F55 -> 15=Limited
F56: =OAA!F56 -> 99=invalidated (INV)
F57: =OAA!F57 -> blank=DNA/TOG/DNS/Missing
A58: 148 | B58: 150 | C58: 3 | D58: Writing Scale Score | E58: alphanumeric or blank | F58: =OAA!F58 -> Range 000-999
F59: =OAA!F59 -> DNA=Did Not Attempt
F60: =OAA!F60 -> TOG=Tested Out of Grade
F61: =OAA!F61 -> DNS=Do Not Score
F62: =OAA!F62 -> INV=Invalidated
A63: 151 | B63: 152 | C63: 2 | D63: Condition - Prompt 1 | E63: alphanumeric or blank | F63: =OAA!F63 -> (OAT & OGT rule) If Prompt 1 not scored - recorded in left-justified alphanumeric format. Holistic score codes (Based on WA only) A=Blank paper B=Refusal C=Illegible/Foreign language D=Insufficient text E=Off topic or off task F=Erased or crossed out G=Copies of prompt T= Enhanced student responses
A64: 153 | B64: 154 | C64: 2 | D64: Condition - Prompt 2 | E64: alphanumeric or blank | F64: =OAA!F64 -> (OAT & OGT rule) If Prompt 2 not scored - recorded in left-justified alphanumeric format. Holistic score codes (Based on WA only) A=Blank paper B=Refusal C=Illegible/Foreign language D=Insufficient text E=Off topic or off task F=Erased or crossed out G=Copies of prompt T= Enhanced student responses
A65: 155 | B65: 157 | C65: 3 | D65: Writing Content Standard Raw Score 1 ALT: Performance OTELA: N/A OAT: Writing Applications OGT: Writing Applications | E65: numeric | F65: =OAA!F65 -> Numeric - 99.9 - implied decimal Ex: 045=4.5; 040=4.0
A66: 158 | B66: 158 | C66: 1 | D66: Indicator 1 | E66: alpha | F66: =OAA!F66 -> +=higher
F67: =OAA!F67 -> *=at
F68: =OAA!F68 -> -=lower than standard
A69: 159 | B69: 161 | C69: 3 | D69: Writing Content Standard Raw Score 2 ALT: Instructional Context OTELA: N/A OAT: Writing Conventions OGT: Writing Conventions | E69: numeric | F69: =OAA!F69 -> Numeric - 99.9 - implied decimal Ex: 045=4.5; 040=4.0
A70: 162 | B70: 162 | C70: 1 | D70: Indicator 2 | E70: alpha | F70: =OAA!F70 -> +=higher
F71: =OAA!F71 -> *=at
F72: =OAA!F72 -> -=lower than standard
A73: 163 | B73: 165 | C73: 3 | D73: Writing Content Standard Raw Score 3 ALT: Independence OTELA: N/A OAT:Writing Processes OGT:Writing Processes | E73: numeric | F73: =OAA!F73 -> Numeric - 99.9 - implied decimal Ex: 045=4.5; 040=4.0
A74: 166 | B74: 166 | C74: 1 | D74: Indicator 3 | E74: alpha | F74: =OAA!F74 -> +=higher
F75: =OAA!F75 -> *=at
F76: =OAA!F76 -> -=lower than standard
A77: 167 | B77: 169 | C77: 3 | D77: Writing Content Standard Raw score 4 ALT: Settings and Interactions OTELA: N/A OAT: N/A OGT: N/A | E77: numeric
A78: 170 | B78: 170 | C78: 1 | D78: Indicator 4 | E78: alpha
A81: 171 | B81: 171 | C81: 1 | D81: filler
A82: 172 | B82: 174 | C82: 3 | D82: Writing Total Raw Score | E82: alphanumeric | F82: =OAA!F82 -> With implied decimal, all tests other than OGT will end with 0
F83: =OAA!F83 -> DNA=Did Not Attempt
F84: =OAA!F84 -> TOG=Tested Out of Grade
F85: =OAA!F85 -> DNS=Do Not Score
F86: =OAA!F86 -> INV=Invalidated
A88: 175 | B88: 180 | C88: 6 | D88: filler
A89: 181 | B89: 192 | C89: 12 | D89: filler
A90: 193 | B90: 194 | C90: 2 | D90: Reading Performance Level | E90: numeric or blank | F90: =OAA!F90 -> 11=Advanced
F91: =OAA!F91 -> 12=Accelerated
F92: =OAA!F92 -> 13=Proficient
F93: =OAA!F93 -> 14=Basic
F94: =OAA!F94 -> 15=Limited
F95: =OAA!F95 -> 99=invalidated
F96: =OAA!F96 -> blank=DNA/TOG/DNS/Missing
A97: 195 | B97: 197 | C97: 3 | D97: Reading Scale Score | E97: alphanumeric or blank | F97: =OAA!F97 -> Range 000-999
F98: =OAA!F98 -> DNA=Did Not Attempt
F99: =OAA!F99 -> TOG=Tested Out of Grade
F100: =OAA!F100 -> DNS=Do Not Score
F101: =OAA!F101 -> INV=Invalidated
A102: 198 | B102: 200 | C102: 3 | D102: Reading Content Standard Raw Score 1 ALT: Performance OTELA: N/A OAT: Acquisition of Vocabulary OGT: Acquisition of Vocabulary | E102: numeric | F102: =OAA!F102 -> Numeric - 99.9 - implied decimal Ex: 045=4.5; 040=4.0
A103: 201 | B103: 201 | C103: 1 | D103: Indicator 1 | E103: alpha | F103: =OAA!F103 -> +=higher
...

Sheet AASWD
A1: We try to maintain the basic structure of the existing layout with minimum revisions. It is a unified layout for OAA, OGT, AASWD, and OTELA. So the file contains multiple sheets. Pay special attention to the following: 1. For AASWD, starting with Spring 2013, scaled scores will be reported; raw scores will not be reported.
A2: Start | B2: End | C2: Length | D2: Description | E2: Type | F2: AASWD
A3: 1 | B3: 11 | C3: 11 | D3: STUDENT-NAME-LAST | E3: alpha or blank
A4: 12 | B4: 19 | C4: 8 | D4: STUDENT-NAME-FIRST | E4: alpha or blank
A5: 20 | B5: 20 | C5: 1 | D5: STUDENT-NAME-MI | E5: alpha or blank
A6: 21 | B6: 29 | C6: 9 | D6: District Student ID (DSID) | E6: alphanumeric or blank
A7: 30 | B7: 31 | C7: 2 | D7: Exam Grade | E7: alphanumeric | F7: 03, 04, 05, 06, 07, 08, GR
A8: 32 | B8: 32 | C8: 1 | D8: Assessment Type | E8: alpha | F8: A
A9: 33 | B9: 37 | C9: 5 | D9: filler
A10: 38 | B10: 39 | C10: 2 | D10: Birth Month | E10: numeric or blank | F10: =OAA!F9 -> 01, 02,..., 12
A11: 40 | B11: 41 | C11: 2 | D11: Birth Day | E11: numeric or blank | F11: =OAA!F10 -> 01, 02,..., 31
A12: 42 | B12: 45 | C12: 4 | D12: Birth Year | E12: numeric or blank | F12: =OAA!F11 -> CCYY Format
A13: 46 | B13: 47 | C13: 2 | D13: Enrolled Grade | E13: numeric or blank | F13: =OAA!F12 -> 22=Kindergarten, 01, 02, …. 13=Adult HS, 14=OGT Only, blank=missing/unknown
A14: 48 | B14: 48 | C14: 1 | D14: Gender | E14: alpha or blank | F14: =OAA!F13 -> F=Female
F15: =OAA!F14 -> M=Male
F16: =OAA!F15 -> blank=unknown
A17: 49 | B17: 49 | C17: 1 | D17: Ethnicity | E17: numeric or blank | F17: =OAA!F16 -> 1=American Indian
F18: =OAA!F17 -> 2=Asian/Pacific Islander
F19: =OAA!F18 -> 3=Black/African American
F20: =OAA!F19 -> 4=Hispanic
F21: =OAA!F20 -> 5=White
F22: =OAA!F21 -> 6=Multi-Racial
F23: =OAA!F22 -> 7=Other
F24: =OAA!F23 -> Blank=Unknown
A25: 50 | B25: 58 | C25: 9 | D25: filler
A26: 59 | B26: 78 | C26: 20 | D26: Attending District Name | E26: alpha
A27: 79 | B27: 84 | C27: 6 | D27: Attending District IRN | E27: numeric
A28: 85 | B28: 104 | C28: 20 | D28: Attending School Name | E28: alpha
A29: 105 | B29: 110 | C29: 6 | D29: Attending School IRN | E29: numeric
A30: 111 | B30: 112 | C30: 2 | D30: Test Month | E30: numeric | F30: =OAA!F29 -> MM
A31: 113 | B31: 114 | C31: 2 | D31: Test Day | E31: numeric or blank | F31: =OAA!F30 -> DD
A32: 115 | B32: 118 | C32: 4 | D32: Test Year | E32: numeric | F32: =OAA!F31 -> CCYY format
A33: 119 | B33: 123 | C33: 5 | D33: Homeroom ID | E33: alphanumeric or blank
A34: 124 | B34: 125 | C34: 2 | D34: filler
A35: 126 | B35: 126 | C35: 1 | D35: Migrant Student | E35: alpha or blank | F35: =OAA!F34 -> Y=Yes
F36: =OAA!F35 -> Blank=Not Indicated
A37: 127 | B37: 127 | C37: 1 | D37: IEP-Writing | E37: alpha or blank | F37: =OAA!F36 -> Y=Yes
F38: =OAA!F37 -> Blank=Not Indicated
A39: 128 | B39: 128 | C39: 1 | D39: IEP-Reading | E39: alpha or blank | F39: =OAA!F38 -> Y=Yes
F40: =OAA!F39 -> Blank=Not Indicated
A41: 129 | B41: 129 | C41: 1 | D41: IEP-Mathematics | E41: alpha or blank | F41: =OAA!F40 -> Y=Yes
F42: =OAA!F41 -> Blank=Not Indicated
A43: 130 | B43: 130 | C43: 1 | D43: IEP-Social Studies | E43: alpha or blank | F43: =OAA!F42 -> Y=Yes
F44: =OAA!F43 -> Blank=Not Indicated
A45: 131 | B45: 131 | C45: 1 | D45: IEP-Science | E45: alpha or blank | F45: =OAA!F44 -> Y=Yes
F46: =OAA!F45 -> Blank=Not Indicated
A47: 132 | B47: 132 | C47: 1 | D47: LEP Identified | E47: alpha or blank | F47: =OAA!F46 -> Y=Yes
F48: =OAA!F47 -> Blank=Not Indicated
A49: 133 | B49: 133 | C49: 1 | D49: Eng. Limited Identified | E49: alpha or blank
D50: (Not used)
A51: 134 | B51: 145 | C51: 12 | D51: Record Description | E51: alphanumeric or blank | F51: e.g, SPR08OATA, SPR08OGTA
A52: 146 | B52: 147 | C52: 2 | D52: Writing Performance Level | E52: numeric or blank | F52: =OAA!F51 -> 11=Advanced
F53: =OAA!F52 -> 12=Accelerated
F54: =OAA!F53 -> 13=Proficient
F55: =OAA!F54 -> 14=Basic
F56: =OAA!F55 -> 15=Limited
F57: =OAA!F56 -> 99=invalidated (INV)
F58: =OAA!F57 -> blank=DNA/TOG/DNS/Missing
A59: 148 | B59: 150 | C59: 3 | D59: Writing Scale Score | E59: alphanumeric or blank | F59: OGTSWD: Range 000-999
F60: OGTSWD: DNA=Did Not Attempt
F63: OGTSWD: INV=Invalidated
A64: 151 | B64: 152 | C64: 2 | D64: Condition - Prompt 1 | E64: alphanumeric or blank
A65: 153 | B65: 154 | C65: 2 | D65: Condition - Prompt 2 | E65: alphanumeric or blank
A66: 155 | B66: 157 | C66: 3 | D66: Writing Performance Domain Score | E66: alphanumeric or blank | F66: Not reported for SWD
A67: 158 | B67: 158 | C67: 1 | D67: Indicator 1 | E67: alpha or blank | F67: Not reported for SWD
A70: 159 | B70: 161 | C70: 3 | D70: Writing Instructional Context Domain Score | E70: alphanumeric or blank | F70: Not reported for SWD
A71: 162 | B71: 162 | C71: 1 | D71: Indicator 2 | E71: alpha or blank | F71: Not reported for SWD
A74: 163 | B74: 165 | C74: 3 | D74: Writing Independence Domain Score | E74: alphanumeric or blank | F74: Not reported for SWD
A75: 166 | B75: 166 | C75: 1 | D75: Indicator 3 | E75: alpha or blank | F75: Not reported for SWD
A78: 167 | B78: 169 | C78: 3 | D78: Settings and Interactions Domain Score | E78: alphanumeric or blank | F78: Not reported for SWD
A79: 170 | B79: 170 | C79: 1 | D79: Indicator 4 | E79: alpha
A82: 171 | B82: 171 | C82: 1 | D82: filler
A83: 172 | B83: 174 | C83: 3 | D83: Writing Total Raw Score | E83: alphanumeric or blank | F83: Not reported for SWD
A89: 175 | B89: 180 | C89: 6 | D89: filler
A90: 181 | B90: 192 | C90: 12 | D90: filler
A91: 193 | B91: 194 | C91: 2 | D91: Reading Performance Level | E91: numeric or blank | F91: =OAA!F90 -> 11=Advanced
F92: =OAA!F91 -> 12=Accelerated
F93: =OAA!F92 -> 13=Proficient
F94: =OAA!F93 -> 14=Basic
F95: =OAA!F94 -> 15=Limited
F96: =OAA!F95 -> 99=invalidated
F97: =OAA!F96 -> blank=DNA/TOG/DNS/Missing
A98: 195 | B98: 197 | C98: 3 | D98: Reading Scale Score | E98: alphanumeric or blank | F98: Range 000-999
F99: DNA=Did Not Attempt
F102: INV=Invalidated
A103: 198 | B103: 200 | C103: 3 | D103: Reading Performance Domain Score | E103: alphanumeric or blank | F103: Not reported for SWD
A104: 201 | B104: 201 | C104: 1 | D104: Indicator 1 | E104: alpha or blank | F104: Not reported for SWD
A107: 202 | B107: 204 | C107: 3 | D107: Reading Instructional Context Domain Score | E107: alphanumeric or blank | F107: Not reported for SWD
A108: 205 | B108: 205 | C108: 1 | D108: Indicator 2 | E108: alpha or blank | F108: Not reported for SWD
A111: 206 | B111: 208 | C111: 3 | D111: Reading Independence Domain Score | E111: alphanumeric or blank | F111: Not reported for SWD
A112: 209 | B112: 209 | C112: 1 | D112: Indicator 3 | E112: alpha or blank | F112: Not reported for SWD
A115: 210 | B115: 212 | C115: 3 | D115: Settings and Interactions Domain Score | E115: alphanumeric or blank | F115: Not reported for SWD
A116: 213 | B116: 213 | C116: 1 | D116: Indicator 4 | E116: alpha
A119: 214 | B119: 216 | C119: 3 | D119: Reading Content Standard Raw Score 5 ALT: N/A OTELA: N/A OAT: N/A OGT: N/A | E119: alphanumeric or blank
A120: 217 | B120: 217 | C120: 1 | D120: Indicator 5 | E120: alpha or blank
A123: 218 | B123: 218 | C123: 1 | D123: filler
A124: 219 | B124: 221 | C124: 3 | D124: Reading Total Raw Score | E124: alphanumeric or blank | F124: Not reported for SWD
A130: 222 | B130: 228 | C130: 7 | D130: filler
A131: 229 | B131: 240 | C131: 12 | D131: filler
A132: 241 | B132: 242 | C132: 2 | D132: Math Performance Level | E132: numeric or blank | F132: =OAA!F131 -> 11=Advanced
...

Sheet OTELA
A1: We try to maintain the basic structure of the existing layout with minimum revisions. It is a unified layout for OAA, OGT, AASWD, and OTELA. So the file contains multiple sheets. Pay special attention to the following: 1. Position 32, Assessment Type, we keep the current coding, but OTELA is coded E for English instead of R for regular. 2. For OTELA, Production Performance Level is reported in position 342-244; Production Scaled Score is reported in position 346-348. This is the only revision compared to the layout used in School Year 2010.
A2: Start | B2: End | C2: Length | D2: Description | E2: Type | F2: OTELA
A3: 1 | B3: 11 | C3: 11 | D3: STUDENT-NAME-LAST | E3: alpha or blank
A4: 12 | B4: 19 | C4: 8 | D4: STUDENT-NAME-FIRST | E4: alpha or blank
A5: 20 | B5: 20 | C5: 1 | D5: STUDENT-NAME-MI | E5: alpha or blank
A6: 21 | B6: 29 | C6: 9 | D6: District Student ID (DSID) | E6: alphanumeric or blank
A7: 30 | B7: 31 | C7: 2 | D7: Exam Grade | E7: alphanumeric | F7: K2 (K through 2), 35 (3 through 5), 68 (6 through 8), 92 (9 through 12)
A8: 32 | B8: 32 | C8: 1 | D8: Assessment Type | E8: alpha | F8: E
A9: 33 | B9: 37 | C9: 5 | D9: filler
A10: 38 | B10: 39 | C10: 2 | D10: Birth Month | E10: numeric or blank | F10: =OAA!F9 -> 01, 02,..., 12
A11: 40 | B11: 41 | C11: 2 | D11: Birth Day | E11: numeric or blank | F11: =OAA!F10 -> 01, 02,..., 31
A12: 42 | B12: 45 | C12: 4 | D12: Birth Year | E12: numeric or blank | F12: =OAA!F11 -> CCYY Format
A13: 46 | B13: 47 | C13: 2 | D13: Enrolled Grade | E13: numeric or blank | F13: =OAA!F12 -> 22=Kindergarten, 01, 02, …. 13=Adult HS, 14=OGT Only, blank=missing/unknown
A14: 48 | B14: 48 | C14: 1 | D14: Gender | E14: alpha or blank | F14: =OAA!F13 -> F=Female
F15: =OAA!F14 -> M=Male
F16: =OAA!F15 -> blank=unknown
A17: 49 | B17: 49 | C17: 1 | D17: Ethnicity | E17: numeric or blank | F17: =OAA!F16 -> 1=American Indian
F18: =OAA!F17 -> 2=Asian/Pacific Islander
F19: =OAA!F18 -> 3=Black/African American
F20: =OAA!F19 -> 4=Hispanic
F21: =OAA!F20 -> 5=White
F22: =OAA!F21 -> 6=Multi-Racial
F23: =OAA!F22 -> 7=Other
F24: =OAA!F23 -> Blank=Unknown
A25: 50 | B25: 58 | C25: 9 | D25: filler
A26: 59 | B26: 78 | C26: 20 | D26: Attending District Name | E26: alpha
A27: 79 | B27: 84 | C27: 6 | D27: Attending District IRN | E27: numeric
A28: 85 | B28: 104 | C28: 20 | D28: Attending School Name | E28: alpha
A29: 105 | B29: 110 | C29: 6 | D29: Attending School IRN | E29: numeric
A30: 111 | B30: 112 | C30: 2 | D30: Test Month | E30: numeric | F30: =OAA!F29 -> MM
A31: 113 | B31: 114 | C31: 2 | D31: Test Day | E31: numeric or blank | F31: =OAA!F30 -> DD
A32: 115 | B32: 118 | C32: 4 | D32: Test Year | E32: numeric | F32: =OAA!F31 -> CCYY format
A33: 119 | B33: 123 | C33: 5 | D33: Homeroom ID | E33: alphanumeric or blank
A34: 124 | B34: 125 | C34: 2 | D34: filler
A35: 126 | B35: 126 | C35: 1 | D35: Migrant Student | E35: alpha or blank | F35: =OAA!F34 -> Y=Yes
F36: =OAA!F35 -> Blank=Not Indicated
A37: 127 | B37: 127 | C37: 1 | D37: IEP-Writing | E37: alpha or blank | F37: =OAA!F36 -> Y=Yes
F38: =OAA!F37 -> Blank=Not Indicated
A39: 128 | B39: 128 | C39: 1 | D39: IEP-Reading | E39: alpha or blank | F39: =OAA!F38 -> Y=Yes
F40: =OAA!F39 -> Blank=Not Indicated
A41: 129 | B41: 129 | C41: 1 | D41: IEP-Listening | E41: alpha or blank | F41: =OAA!F40 -> Y=Yes
F42: =OAA!F41 -> Blank=Not Indicated
A43: 130 | B43: 130 | C43: 1 | D43: IEP-Speaking | E43: alpha or blank | F43: =OAA!F42 -> Y=Yes
F44: =OAA!F43 -> Blank=Not Indicated
A45: 131 | B45: 131 | C45: 1 | D45: IEP-Science | E45: alpha or blank
A47: 132 | B47: 132 | C47: 1 | D47: LEP Identified | E47: alpha or blank | F47: =OAA!F46 -> Y=Yes
F48: =OAA!F47 -> Blank=Not Indicated
A49: 133 | B49: 133 | C49: 1 | D49: Eng. Limited Identified | E49: alpha or blank
D50: (Not used)
A51: 134 | B51: 145 | C51: 12 | D51: Record Description | E51: alphanumeric or blank | F51: SPR09OTELA
A52: 146 | B52: 147 | C52: 2 | D52: Writing Performance Level | E52: numeric or blank | F52: 01=Level 1
F53: 02=Level 2
F54: 03=Level 3
F55: 04=Level 4
F56: 05=Level 5
F57: =OAA!F56 -> 99=invalidated (INV)
F58: =OAA!F57 -> blank=DNA/TOG/DNS/Missing
A59: 148 | B59: 150 | C59: 3 | D59: Writing Scale Score | E59: alphanumeric or blank | F59: =OAA!F58 -> Range 000-999
F60: =OAA!F59 -> DNA=Did Not Attempt
F61: =OAA!F60 -> TOG=Tested Out of Grade
F62: =OAA!F61 -> DNS=Do Not Score
F63: =OAA!F62 -> INV=Invalidated
A64: 151 | B64: 152 | C64: 2 | D64: Condition - Prompt 1 | E64: alphanumeric or blank | F64: =OAA!F63 -> (OAT & OGT rule) If Prompt 1 not scored - recorded in left-justified alphanumeric format. Holistic score codes (Based on WA only) A=Blank paper B=Refusal C=Illegible/Foreign language D=Insufficient text E=Off topic or off task F=Erased or crossed out G=Copies of prompt T= Enhanced student responses
A65: 153 | B65: 154 | C65: 2 | D65: Condition - Prompt 2 | E65: alphanumeric or blank | F65: =OAA!F64 -> (OAT & OGT rule) If Prompt 2 not scored - recorded in left-justified alphanumeric format. Holistic score codes (Based on WA only) A=Blank paper B=Refusal C=Illegible/Foreign language D=Insufficient text E=Off topic or off task F=Erased or crossed out G=Copies of prompt T= Enhanced student responses
A66: 155 | B66: 157 | C66: 3 | D66: Writing Content Standard Raw Score 1 ALT: Performance OTELA: N/A OAT: Writing Applications OGT: Writing Applications | E66: numeric
A67: 158 | B67: 158 | C67: 1 | D67: Indicator 1 | E67: alpha
A70: 159 | B70: 161 | C70: 3 | D70: Writing Content Standard Raw Score 2 ALT: Instructional Context OTELA: N/A OAT: Writing Conventions OGT: Writing Conventions | E70: numeric
A71: 162 | B71: 162 | C71: 1 | D71: Indicator 2 | E71: alpha
A74: 163 | B74: 165 | C74: 3 | D74: Writing Content Standard Raw Score 3 ALT: Independence OTELA: N/A OAT:Writing Processes OGT:Writing Processes | E74: numeric
A75: 166 | B75: 166 | C75: 1 | D75: Indicator 3 | E75: alpha
A78: 167 | B78: 169 | C78: 3 | D78: Writing Content Standard raw score 4 ALT: Settings and Interactions OTELA: N/A OAT: N/A OGT: N/A | E78: numeric
A79: 170 | B79: 170 | C79: 1 | D79: Indicator 4 | E79: alpha
A82: 171 | B82: 171 | C82: 1 | D82: filler
A83: 172 | B83: 174 | C83: 3 | D83: Writing Total Raw Score | E83: alphanumeric | F83: =OAA!F82 -> With implied decimal, all tests other than OGT will end with 0
F84: =OAA!F83 -> DNA=Did Not Attempt
F85: =OAA!F84 -> TOG=Tested Out of Grade
F86: =OAA!F85 -> DNS=Do Not Score
F87: =OAA!F86 -> INV=Invalidated
A89: 175 | B89: 180 | C89: 6 | D89: filler
A90: 181 | B90: 192 | C90: 12 | D90: filler
A91: 193 | B91: 194 | C91: 2 | D91: Reading Performance Level | E91: numeric or blank | F91: 01=Level 1
F92: 02=Level 2
F93: 03=Level 3
F94: 04=Level 4
F95: 05=Level 5
F96: =OAA!F95 -> 99=invalidated
F97: =OAA!F96 -> blank=DNA/TOG/DNS/Missing
A98: 195 | B98: 197 | C98: 3 | D98: Reading Scale Score | E98: alphanumeric or blank | F98: =OAA!F97 -> Range 000-999
F99: =OAA!F98 -> DNA=Did Not Attempt
F100: =OAA!F99 -> TOG=Tested Out of Grade
F101: =OAA!F100 -> DNS=Do Not Score
F102: =OAA!F101 -> INV=Invalidated
A103: 198 | B103: 200 | C103: 3 | D103: Reading Content Standard Raw Score 1 ALT: Performance OTELA: N/A OAT: Acquisition of Vocabulary OGT: Acquisition of Vocabulary | E103: numeric
A104: 201 | B104: 201 | C104: 1 | D104: Indicator 1 | E104: alpha
A107: 202 | B107: 204 | C107: 3 | D107: Reading Content Standard Raw Score 2 ALT: Instructional Context OTELA: N/A OAT: Reading Process: Concepts of Print, Comprehension Strategies and Self-Monitoring Strategies OGT: Reading Process: Concepts of Print, Comprehension Strategies and Self-Monitoring Strategies | E107: numeric
A108: 205 | B108: 205 | C108: 1 | D108: Indicator 2 | E108: alpha
A111: 206 | B111: 208 | C111: 3 | D111: Reading Content Standard Raw Score 3 ALT: Independence OTELA: N/A OAT: Reading Applications: Informational, Technical and Persuasive Text OGT: Reading Applications: Informational, Technical and Persuasive Text | E111: numeric | F111: N/A
A112: 209 | B112: 209 | C112: 1 | D112: Indicator 3 | E112: alpha
A115: 210 | B115: 212 | C115: 3 | D115: Reading Content Standard Raw Score 4 ALT: Settings and Interactions OTELA: N/A OAT: Reading Applications: Literary Text OGT: Reading Applications: Literary Text | E115: numeric
A116: 213 | B116: 213 | C116: 1 | D116: Indicator 4 | E116: alpha
...
