Workbook

Sheet Denials 2006
A1: MULTNOMAH COUNTY LOAN DENIAL RATES BY INCOME-RACE GROUPINGS : 2006
A2: Home Purchase & Occupation
A5: I. Total Applications
A6: Race/Ethnicity | B6: 0-30% MFI | C6: 31-50% MFI | D6: 51-80% MFI | E6: 81-95% MFI | F6: >95% MFI | G6: Total
A7: American Indian | B7: 1 | C7: 10 | D7: 53 | E7: 32 | F7: 84 | G7: 191
A8: Asian | B8: 6 | C8: 49 | D8: 361 | E8: 245 | F8: 952 | G8: 1720
A9: Blacks | B9: 2 | C9: 39 | D9: 147 | E9: 89 | F9: 268 | G9: 575
A10: Native Hawaiian or Pacific Islander | B10: 2 | C10: 7 | D10: 46 | E10: 18 | F10: 81 | G10: 164
A11: White | B11: 98 | C11: 511 | D11: 2913 | E11: 1921 | F11: 8017 | G11: 14270
A12: Hispanic | B12: 8 | C12: 64 | D12: 389 | E12: 303 | F12: 592 | G12: 1439
A13: Overall Total | B13: 133 | C13: 688 | D13: 3822 | E13: 2467 | F13: 10215 | G13: 18461
A15: II. Total Denials
B16: 0-30% MFI | C16: 31-50% MFI | D16: 51-80% MFI | E16: 81-95% MFI | F16: >95% MFI | G16: Total
A17: American Indian | B17: 1 | C17: 2 | D17: 15 | E17: 7 | F17: 10 | G17: 37
A18: Asian | B18: 3 | C18: 7 | D18: 54 | E18: 31 | F18: 156 | G18: 280
A19: Blacks | B19: 1 | C19: 8 | D19: 27 | E19: 21 | F19: 56 | G19: 117
A20: Native Hawaiian or Pacific Islander | B20: 1 | C20: 4 | D20: 15 | E20: 4 | F20: 12 | G20: 37
A21: White | B21: 9 | C21: 96 | D21: 401 | E21: 246 | F21: 845 | G21: 1704
A22: Hispanic | B22: 3 | C22: 22 | D22: 104 | E22: 65 | F22: 120 | G22: 328
A23: Overall Total | B23: 24 | C23: 139 | D23: 575 | E23: 341 | F23: 1218 | G23: 2468
A25: III. Denial Rates (II/I) * 100
B26: 0-30% MFI | C26: 31-50% MFI | D26: 51-80% MFI | E26: 81-95% MFI | F26: >95% MFI | G26: Total
A27: American Indian | B27: =SUM(B17/B12) -> 0.125 | C27: =SUM(C17/C12) -> 0.03125 | D27: =SUM(D17/D7) -> 0.28301887 | E27: =SUM(E17/E7) -> 0.21875 | F27: =SUM(F17/F7) -> 0.11904762 | G27: =SUM(G17/G7) -> 0.19371728
A28: Asian | B28: =SUM(B18/B8) -> 0.5 | C28: =SUM(C18/C8) -> 0.14285714 | D28: =SUM(D18/D8) -> 0.14958449 | E28: =SUM(E18/E8) -> 0.12653061 | F28: =SUM(F18/F8) -> 0.16386555 | G28: =SUM(G18/G8) -> 0.1627907
A29: Blacks | B29: =SUM(B19/B9) -> 0.5 | C29: =SUM(C19/C9) -> 0.20512821 | D29: =SUM(D19/D9) -> 0.18367347 | E29: =SUM(E19/E9) -> 0.23595506 | F29: =SUM(F19/F9) -> 0.20895522 | G29: =SUM(G19/G9) -> 0.20347826
A30: Native Hawaiian or Pacific Islander | B30: =SUM(B20/B10) -> 0.5 | C30: =SUM(C20/C10) -> 0.57142857 | D30: =SUM(D20/D10) -> 0.32608696 | E30: =SUM(E20/E10) -> 0.22222222 | F30: =SUM(F20/F10) -> 0.14814815 | G30: =SUM(G20/G10) -> 0.22560976
A31: White | B31: =SUM(B21/B11) -> 0.091836735 | C31: =SUM(C21/C11) -> 0.18786693 | D31: =SUM(D21/D11) -> 0.13765877 | E31: =SUM(E21/E11) -> 0.1280583 | F31: =SUM(F21/F11) -> 0.10540102 | G31: =SUM(G21/G11) -> 0.11941135
A32: Hispanic | B32: =SUM(B22/B12) -> 0.375 | C32: =SUM(C22/C12) -> 0.34375 | D32: =SUM(D22/D12) -> 0.26735219 | E32: =SUM(E22/E12) -> 0.21452145 | F32: =SUM(F22/F12) -> 0.2027027 | G32: =SUM(G22/G12) -> 0.22793607
A33: Overall Total | B33: =SUM(B23/B13) -> 0.18045113 | C33: =SUM(C23/C13) -> 0.20203488 | D33: =SUM(D23/D13) -> 0.15044479 | E33: =SUM(E23/E13) -> 0.13822456 | F33: =SUM(F23/F13) -> 0.11923642 | G33: =SUM(G23/G13) -> 0.13368723
A34: Source: HMDA (LAR)
A35: Note: Data reported here is for Multnomah County. These are loans for the purpose of purchasing a home. The loans are for homes that are meant for a primary occupancy of the owner. These are all represented for conventional loans. For ethnic and racial breakout, these are loans originated by households where either the applicant or co-applicant are representative of that group.

Sheet Denials 2007
A1: MULTNOMAH COUNTY LOAN DENIAL RATES BY INCOME-RACE GROUPINGS : 2007
A2: Home Purchase & Occupation
A5: I. Total Applications
A6: Race/Ethnicity | B6: 0-30% MFI | C6: 31-50% MFI | D6: 51-80% MFI | E6: 81-95% MFI | F6: >95% MFI | G6: Total
A7: American Indian | B7: 1 | C7: 10 | D7: 41 | E7: 16 | F7: 83 | G7: 154
A8: Asian | B8: 13 | C8: 42 | D8: 304 | E8: 178 | F8: 903 | G8: 1487
A9: Blacks | B9: 0 | C9: 12 | D9: 99 | E9: 63 | F9: 242 | G9: 429
A10: Native Hawaiian or Pacific Islander | B10: 1 | C10: 1 | D10: 28 | E10: 17 | F10: 80 | G10: 130
A11: White | B11: 82 | C11: 393 | D11: 2411 | E11: 1480 | F11: 8000 | G11: 12847
A12: Hispanic | B12: 4 | C12: 38 | D12: 313 | E12: 209 | F12: 561 | G12: 1157
A13: Overall Total | B13: 103 | C13: 482 | D13: 3105 | E13: 1911 | F13: 10049 | G13: 16339
A15: II. Total Denials
B16: 0-30% MFI | C16: 31-50% MFI | D16: 51-80% MFI | E16: 81-95% MFI | F16: >95% MFI | G16: Total
A17: American Indian | B17: 0 | C17: 1 | D17: 13 | E17: 2 | F17: 17 | G17: 34
A18: Asian | B18: 7 | C18: 13 | D18: 50 | E18: 23 | F18: 155 | G18: 262
A19: Blacks | B19: 0 | C19: 7 | D19: 24 | E19: 9 | F19: 57 | G19: 101
A20: Native Hawaiian or Pacific Islander | B20: 1 | C20: 0 | D20: 7 | E20: 3 | F20: 17 | G20: 26
A21: White | B21: 25 | C21: 106 | D21: 319 | E21: 196 | F21: 989 | G21: 1704
A22: Hispanic | B22: 1 | C22: 12 | D22: 82 | E22: 49 | F22: 138 | G22: 289
A23: Overall Total | B23: 36 | C23: 141 | D23: 463 | E23: 273 | F23: 1374 | G23: 2398
A25: III. Denial Rates (II/I) * 100
B26: 0-30% MFI | C26: 31-50% MFI | D26: 51-80% MFI | E26: 81-95% MFI | F26: >95% MFI | G26: Total
A27: American Indian | B27: =SUM(B17/B7) -> 0 | C27: =SUM(C17/C7) -> 0.1 | D27: =SUM(D17/D7) -> 0.31707317 | E27: =SUM(E17/E7) -> 0.125 | F27: =SUM(F17/F7) -> 0.20481928 | G27: =SUM(G17/G7) -> 0.22077922
A28: Asian | B28: =SUM(B18/B8) -> 0.53846154 | C28: =SUM(C18/C8) -> 0.30952381 | D28: =SUM(D18/D8) -> 0.16447368 | E28: =SUM(E18/E8) -> 0.12921348 | F28: =SUM(F18/F8) -> 0.17165006 | G28: =SUM(G18/G8) -> 0.17619368
A29: Blacks | B29: 0 | C29: =SUM(C19/C9) -> 0.58333333 | D29: =SUM(D19/D9) -> 0.24242424 | E29: =SUM(E19/E9) -> 0.14285714 | F29: =SUM(F19/F9) -> 0.23553719 | G29: =SUM(G19/G9) -> 0.23543124
A30: Native Hawaiian or Pacific Islander | B30: =SUM(B20/B10) -> 1 | C30: =SUM(C20/C10) -> 0 | D30: =SUM(D20/D10) -> 0.25 | E30: =SUM(E20/E10) -> 0.17647059 | F30: =SUM(F20/F10) -> 0.2125 | G30: =SUM(G20/G10) -> 0.2
A31: White | B31: =SUM(B21/B11) -> 0.30487805 | C31: =SUM(C21/C11) -> 0.2697201 | D31: =SUM(D21/D11) -> 0.13231024 | E31: =SUM(E21/E11) -> 0.13243243 | F31: =SUM(F21/F11) -> 0.123625 | G31: =SUM(G21/G11) -> 0.13263797
A32: Hispanic | B32: =SUM(B22/B12) -> 0.25 | C32: =SUM(C22/C12) -> 0.31578947 | D32: =SUM(D22/D12) -> 0.26198083 | E32: =SUM(E22/E12) -> 0.23444976 | F32: =SUM(F22/F12) -> 0.2459893 | G32: =SUM(G22/G12) -> 0.24978392
A33: Overall Total | B33: =SUM(B23/B13) -> 0.34951456 | C33: =SUM(C23/C13) -> 0.29253112 | D33: =SUM(D23/D13) -> 0.14911433 | E33: =SUM(E23/E13) -> 0.14285714 | F33: =SUM(F23/F13) -> 0.13673002 | G33: =SUM(G23/G13) -> 0.14676541
A34: Source: HMDA (LAR)
A35: Note: Data reported here is for Multnomah County. These are loans for the purpose of purchasing a home. The loans are for homes that are meant for a primary occupancy of the owner. These are all represented for conventional loans. For ethnic and racial breakout, these are loans originated by households where either the applicant or co-applicant are representative of that group.

Sheet Denials 2008
A1: MULTNOMAH COUNTY LOAN DENIAL RATES BY INCOME-RACE GROUPINGS : 2008
A2: Home Purchase & Occupation
A5: I. Total Applications
A6: Race/Ethnicity | B6: 0-30% MFI | C6: 31-50% MFI | D6: 51-80% MFI | E6: 81-95% MFI | F6: >95% MFI | G6: Total
A7: American Indian | B7: 1 | C7: 6 | D7: 18 | E7: 12 | F7: 28 | G7: 66
A8: Asian | B8: 12 | C8: 63 | D8: 221 | E8: 95 | F8: 409 | G8: 809
A9: Blacks | B9: 3 | C9: 17 | D9: 45 | E9: 34 | F9: 84 | G9: 184
A10: Native Hawaiian or Pacific Islander | B10: 0 | C10: 2 | D10: 16 | E10: 11 | F10: 48 | G10: 77
A11: White | B11: 64 | C11: 349 | D11: 1614 | E11: 771 | F11: 4145 | G11: 7021
A12: Hispanic | B12: 3 | C12: 33 | D12: 130 | E12: 66 | F12: 190 | G12: 426
A13: Overall Total | B13: 81 | C13: 475 | D13: 2044 | E13: 948 | F13: 5055 | G13: 8725
A15: II. Total Denials
B16: 0-30% MFI | C16: 31-50% MFI | D16: 51-80% MFI | E16: 81-95% MFI | F16: >95% MFI | G16: Total
A17: American Indian | B17: 0 | C17: 5 | D17: 6 | E17: 1 | F17: 5 | G17: 17
A18: Asian | B18: 9 | C18: 16 | D18: 51 | E18: 18 | F18: 61 | G18: 160
A19: Blacks | B19: 2 | C19: 7 | D19: 10 | E19: 9 | F19: 13 | G19: 41
A20: Native Hawaiian or Pacific Islander | B20: 0 | C20: 0 | D20: 5 | E20: 1 | F20: 13 | G20: 19
A21: White | B21: 20 | C21: 83 | D21: 285 | E21: 114 | F21: 515 | G21: 1039
A22: Hispanic | B22: 3 | C22: 11 | D22: 46 | E22: 13 | F22: 40 | G22: 113
A23: Overall Total | B23: 30 | C23: 125 | D23: 385 | E23: 152 | F23: 648 | G23: 1370
A25: III. Denial Rates (II/I) * 100
B26: 0-30% MFI | C26: 31-50% MFI | D26: 51-80% MFI | E26: 81-95% MFI | F26: >95% MFI | G26: Total
A27: American Indian | B27: =B17/B7 -> 0 | C27: 0 | D27: =SUM(D17/D7) -> 0.33333333 | E27: =SUM(E17/E7) -> 0.083333333 | F27: =SUM(F17/F7) -> 0.17857143 | G27: =SUM(G17/G7) -> 0.25757576
A28: Asian | B28: =B18/B8 -> 0.75 | C28: =SUM(C18/C8) -> 0.25396825 | D28: =SUM(D18/D8) -> 0.23076923 | E28: =SUM(E18/E8) -> 0.18947368 | F28: =SUM(F18/F8) -> 0.14914425 | G28: =SUM(G18/G8) -> 0.19777503
A29: Blacks | B29: =B19/B9 -> 0.66666667 | C29: =SUM(C19/C9) -> 0.41176471 | D29: =SUM(D19/D9) -> 0.22222222 | E29: =SUM(E19/E9) -> 0.26470588 | F29: =SUM(F19/F9) -> 0.1547619 | G29: =SUM(G19/G9) -> 0.22282609
A30: Native Hawaiian or Pacific Islander | B30: 0 | C30: =SUM(C20/C10) -> 0 | D30: =SUM(D20/D10) -> 0.3125 | E30: =SUM(E20/E10) -> 0.090909091 | F30: =SUM(F20/F10) -> 0.27083333 | G30: =SUM(G20/G10) -> 0.24675325
A31: White | B31: =B21/B11 -> 0.3125 | C31: =SUM(C21/C11) -> 0.23782235 | D31: =SUM(D21/D11) -> 0.17657993 | E31: =SUM(E21/E11) -> 0.14785992 | F31: =SUM(F21/F11) -> 0.12424608 | G31: =SUM(G21/G11) -> 0.14798462
A32: Hispanic | B32: =B22/B12 -> 1 | C32: =SUM(C22/C12) -> 0.33333333 | D32: =SUM(D22/D12) -> 0.35384615 | E32: =SUM(E22/E12) -> 0.1969697 | F32: =SUM(F22/F12) -> 0.21052632 | G32: =SUM(G22/G12) -> 0.26525822
A33: Overall Total | B33: =B23/B13 -> 0.37037037 | C33: =SUM(C23/C13) -> 0.26315789 | D33: =SUM(D23/D13) -> 0.18835616 | E33: =SUM(E23/E13) -> 0.16033755 | F33: =SUM(F23/F13) -> 0.12818991 | G33: =SUM(G23/G13) -> 0.15702006
A34: Source: HMDA (LAR)
A35: Note: Data reported here is for Multnomah County. These are loans for the purpose of purchasing a home. The loans are for homes that are meant for a primary occupancy of the owner. These are all represented for conventional loans. For ethnic and racial breakout, these are loans originated by households where either the applicant or co-applicant are representative of that group.

Sheet Denials 2009
A1: MULTNOMAH COUNTY LOAN DENIAL RATES BY INCOME-RACE GROUPINGS : 2009
A2: Home Purchase & Occupation
A5: I. Total Applications
A6: Race/Ethnicity | B6: 0-30% MFI | C6: 31-50% MFI | D6: 51-80% MFI | E6: 81-95% MFI | F6: >95% MFI | G6: Total
A7: American Indian | B7: 0 | C7: 4 | D7: 6 | E7: 3 | F7: 16 | G7: 29
A8: Asian | B8: 31 | C8: 108 | D8: 158 | E8: 47 | F8: 207 | G8: 559
A9: Black or African American | B9: 1 | C9: 13 | D9: 29 | E9: 8 | F9: 38 | G9: 90
A10: Native Hawaiian or Pacific Islander | B10: 0 | C10: 6 | D10: 4 | E10: 1 | F10: 8 | G10: 21
A11: White | B11: 45 | C11: 339 | D11: 951 | E11: 412 | F11: 2415 | G11: 4208
A12: Hispanic | B12: 1 | C12: 17 | D12: 54 | E12: 18 | F12: 72 | G12: 163
A13: Overall Total | B13: 83 | C13: 509 | D13: 1241 | E13: 523 | F13: 2967 | G13: 5398
A15: II. Total Denials
B16: 0-30% MFI | C16: 31-50% MFI | D16: 51-80% MFI | E16: 81-95% MFI | F16: >95% MFI | G16: Total
A17: American Indian | B17: 0 | C17: 1 | D17: 0 | E17: 1 | F17: 2 | G17: 4
A18: Asian | B18: 13 | C18: 31 | D18: 32 | E18: 10 | F18: 23 | G18: 109
A19: Black or African American | B19: 0 | C19: 3 | D19: 4 | E19: 2 | F19: 13 | G19: 23
A20: Native Hawaiian or Pacific Islander | B20: 0 | C20: 3 | D20: 0 | E20: 0 | F20: 2 | G20: 6
A21: White | B21: 14 | C21: 63 | D21: 126 | E21: 43 | F21: 243 | G21: 499
A22: Hispanic | B22: 1 | C22: 3 | D22: 13 | E22: 2 | F22: 9 | G22: 29
A23: Overall Total | B23: 28 | C23: 110 | D23: 178 | E23: 61 | F23: 315 | G23: 705
A25: III. Denial Rates (II/I) * 100
B26: 0-30% MFI | C26: 31-50% MFI | D26: 51-80% MFI | E26: 81-95% MFI | F26: >95% MFI | G26: Total
A27: American Indian | B27: 0 | C27: 0 | D27: =SUM(D17/D7) -> 0 | E27: =SUM(E17/E7) -> 0.33333333 | F27: =SUM(F17/F7) -> 0.125 | G27: =SUM(G17/G7) -> 0.13793103
A28: Asian | B28: =SUM(B18/B8) -> 0.41935484 | C28: =SUM(C18/C8) -> 0.28703704 | D28: =SUM(D18/D8) -> 0.20253165 | E28: =SUM(E18/E8) -> 0.21276596 | F28: =SUM(F18/F8) -> 0.11111111 | G28: =SUM(G18/G8) -> 0.19499106
A29: Black or African American | B29: =SUM(B19/B9) -> 0 | C29: =SUM(C19/C9) -> 0.23076923 | D29: =SUM(D19/D9) -> 0.13793103 | E29: =SUM(E19/E9) -> 0.25 | F29: =SUM(F19/F9) -> 0.34210526 | G29: =SUM(G19/G9) -> 0.25555556
A30: Native Hawaiian or Pacific Islander | B30: 0 | C30: =C20/C10 -> 0.5 | D30: =D20/D10 -> 0 | E30: =E20/E10 -> 0 | F30: =F20/F10 -> 0.25 | G30: =G20/G10 -> 0.28571429
A31: White | B31: =SUM(B21/B11) -> 0.31111111 | C31: =SUM(C21/C11) -> 0.18584071 | D31: =SUM(D21/D11) -> 0.13249211 | E31: =SUM(E21/E11) -> 0.10436893 | F31: =SUM(F21/F11) -> 0.10062112 | G31: =SUM(G21/G11) -> 0.11858365
A32: Hispanic | B32: =SUM(B22/B12) -> 1 | C32: =SUM(C22/C12) -> 0.17647059 | D32: =SUM(D22/D12) -> 0.24074074 | E32: =SUM(E22/E12) -> 0.11111111 | F32: =SUM(F22/F12) -> 0.125 | G32: =SUM(G22/G12) -> 0.17791411
A33: Overall Total | B33: =SUM(B23/B13) -> 0.3373494 | C33: =SUM(C23/C13) -> 0.21611002 | D33: =SUM(D23/D13) -> 0.14343272 | E33: =SUM(E23/E13) -> 0.1166348 | F33: =SUM(F23/F13) -> 0.10616785 | G33: =SUM(G23/G13) -> 0.13060393
A34: Source: HMDA (LAR)
A35: Note: Data reported here is for Multnomah County. These are loans for the purpose of purchasing a home. The loans are for homes that are meant for a primary occupancy of the owner. These are all represented for conventional loans. For ethnic and racial breakout, these are loans originated by households where either the applicant or co-applicant are representative of that group.

Sheet Denials 2010
A1: MULTNOMAH COUNTY LOAN DENIAL RATES BY INCOME-RACE GROUPINGS : 2010
A2: Home Purchase & Occupation
A5: I. Total Applications
A6: Race/Ethnicity | B6: 0-30% MFI | C6: 31-50% MFI | D6: 51-80% MFI | E6: 81-95% MFI | F6: >95% MFI | G6: Total
A7: American Indian | B7: 0 | C7: 1 | D7: 8 | E7: 1 | F7: 19 | G7: 30
A8: Asian | B8: 22 | C8: 86 | D8: 104 | E8: 40 | F8: 209 | G8: 466
A9: Black or African American | B9: 0 | C9: 6 | D9: 9 | E9: 3 | F9: 31 | G9: 52
A10: Native Hawaiian or Pacific Islander | B10: 0 | C10: 4 | D10: 6 | E10: 4 | F10: 10 | G10: 24
A11: White | B11: 44 | C11: 301 | D11: 760 | E11: 356 | F11: 2288 | G11: 3777
A12: Hispanic | B12: 1 | C12: 22 | D12: 40 | E12: 14 | F12: 68 | G12: 147
A13: Overall Total | B13: 82 | C13: 457 | D13: 1000 | E13: 464 | F13: 2856 | G13: 4908
A15: II. Total Denials
B16: 0-30% MFI | C16: 31-50% MFI | D16: 51-80% MFI | E16: 81-95% MFI | F16: >95% MFI | G16: Total
A17: American Indian | B17: 0 | C17: 1 | D17: 1 | E17: 1 | F17: 3 | G17: 6
A18: Asian | B18: 6 | C18: 13 | D18: 11 | E18: 0 | F18: 17 | G18: 50
A19: Black or African American | B19: 0 | C19: 0 | D19: 1 | E19: 0 | F19: 3 | G19: 5
A20: Native Hawaiian or Pacific Islander | B20: 0 | C20: 1 | D20: 0 | E20: 0 | F20: 0 | G20: 1
A21: White | B21: 16 | C21: 58 | D21: 83 | E21: 31 | F21: 169 | G21: 362
A22: Hispanic | B22: 0 | C22: 8 | D22: 8 | E22: 6 | F22: 7 | G22: 29
A23: Overall Total | B23: 26 | C23: 84 | D23: 117 | E23: 37 | F23: 222 | G23: 495
A25: III. Denial Rates (II/I) * 100
B26: 0-30% MFI | C26: 31-50% MFI | D26: 51-80% MFI | E26: 81-95% MFI | F26: >95% MFI | G26: Total
A27: American Indian | B27: 0 | C27: =SUM(C17/C7) -> 1 | D27: =SUM(D17/D7) -> 0.125 | E27: =SUM(E17/E7) -> 1 | F27: =SUM(F17/F7) -> 0.15789474 | G27: =SUM(G17/G7) -> 0.2
A28: Asian | B28: =SUM(B18/B8) -> 0.27272727 | C28: =SUM(C18/C8) -> 0.15116279 | D28: =SUM(D18/D8) -> 0.10576923 | E28: =SUM(E18/E8) -> 0 | F28: =SUM(F18/F8) -> 0.081339713 | G28: =SUM(G18/G8) -> 0.10729614
A29: Black or African American | B29: 0 | C29: =SUM(C19/C9) -> 0 | D29: =SUM(D19/D9) -> 0.11111111 | E29: =SUM(E19/E9) -> 0 | F29: =SUM(F19/F9) -> 0.096774194 | G29: =SUM(G19/G9) -> 0.096153846
A30: Native Hawaiian or Pacific Islander | B30: 0 | C30: =C20/C10 -> 0.25 | D30: =D20/D10 -> 0 | E30: =E20/E10 -> 0 | F30: =F20/F10 -> 0 | G30: =G20/G10 -> 0.041666667
A31: White | B31: =SUM(B21/B11) -> 0.36363636 | C31: =SUM(C21/C11) -> 0.19269103 | D31: =SUM(D21/D11) -> 0.10921053 | E31: =SUM(E21/E11) -> 0.087078652 | F31: =SUM(F21/F11) -> 0.073863636 | G31: =SUM(G21/G11) -> 0.095843262
A32: Hispanic | B32: =SUM(B22/B12) -> 0 | C32: =SUM(C22/C12) -> 0.36363636 | D32: =SUM(D22/D12) -> 0.2 | E32: =SUM(E22/E12) -> 0.42857143 | F32: =SUM(F22/F12) -> 0.10294118 | G32: =SUM(G22/G12) -> 0.19727891
A33: Overall Total | B33: =SUM(B23/B13) -> 0.31707317 | C33: =SUM(C23/C13) -> 0.18380744 | D33: =SUM(D23/D13) -> 0.117 | E33: =SUM(E23/E13) -> 0.079741379 | F33: =SUM(F23/F13) -> 0.077731092 | G33: =SUM(G23/G13) -> 0.10085575
A34: Source: HMDA (LAR)
A35: Note: Data reported here is for Multnomah County. These are loans for the purpose of purchasing a home. The loans are for homes that are meant for a primary occupancy of the owner. These are all represented for conventional loans. For ethnic and racial breakout, these are loans originated by households where either the applicant or co-applicant are representative of that group.

Sheet Denials 2011
A1: MULTNOMAH COUNTY LOAN DENIAL RATES BY INCOME-RACE GROUPINGS : 2011
A2: Home Purchase & Occupation
A5: I. Total Applications
A6: Race/Ethnicity | B6: 0-30% MFI | C6: 31-50% MFI | D6: 51-80% MFI | E6: 81-95% MFI | F6: >95% MFI | G6: Total
A7: American Indian | B7: 0 | C7: 2 | D7: 7 | E7: 1 | F7: 14 | G7: 24
A8: Asian | B8: 18 | C8: 87 | D8: 94 | E8: 29 | F8: 179 | G8: 416
A9: Black or African American | B9: 0 | C9: 12 | D9: 13 | E9: 2 | F9: 24 | G9: 51
A10: Native Hawaiian or Pacific Islander | B10: 0 | C10: 1 | D10: 1 | E10: 2 | F10: 10 | G10: 16
A11: White | B11: 53 | C11: 313 | D11: 730 | E11: 342 | F11: 2227 | G11: 3699
A12: Hispanic | B12: 7 | C12: 23 | D12: 33 | E12: 10 | F12: 79 | G12: 155
A13: Overall Total | B13: 87 | C13: 467 | D13: 952 | E13: 420 | F13: 2778 | G13: 4757
A15: II. Total Denials
B16: 0-30% MFI | C16: 31-50% MFI | D16: 51-80% MFI | E16: 81-95% MFI | F16: >95% MFI | G16: Total
A17: American Indian | B17: 0 | C17: 0 | D17: 0 | E17: 0 | F17: 2 | G17: 2
A18: Asian | B18: 6 | C18: 14 | D18: 8 | E18: 3 | F18: 11 | G18: 45
A19: Black or African American | B19: 0 | C19: 4 | D19: 1 | E19: 0 | F19: 2 | G19: 7
A20: Native Hawaiian or Pacific Islander | B20: 0 | C20: 0 | D20: 0 | E20: 1 | F20: 2 | G20: 4
A21: White | B21: 15 | C21: 37 | D21: 63 | E21: 29 | F21: 123 | G21: 270
A22: Hispanic | B22: 4 | C22: 5 | D22: 4 | E22: 2 | F22: 3 | G22: 18
A23: Overall Total | B23: 25 | C23: 62 | D23: 88 | E23: 40 | F23: 164 | G23: 386
A25: III. Denial Rates (II/I) * 100
B26: 0-30% MFI | C26: 31-50% MFI | D26: 51-80% MFI | E26: 81-95% MFI | F26: >95% MFI | G26: Total
A27: American Indian | B27: 0 | C27: =C17/C7 -> 0 | D27: =D17/D7 -> 0 | E27: =E17/E7 -> 0 | F27: =F17/F7 -> 0.14285714 | G27: =G17/G7 -> 0.083333333
A28: Asian | B28: =B18/B8 -> 0.33333333 | C28: =C18/C8 -> 0.16091954 | D28: =D18/D8 -> 0.085106383 | E28: =E18/E8 -> 0.10344828 | F28: =F18/F8 -> 0.061452514 | G28: =G18/G8 -> 0.10817308
A29: Black or African American | B29: 0 | C29: =C19/C9 -> 0.33333333 | D29: =D19/D9 -> 0.076923077 | E29: =E19/E9 -> 0 | F29: =F19/F9 -> 0.083333333 | G29: =G19/G9 -> 0.1372549
A30: Native Hawaiian or Pacific Islander | B30: 0 | C30: =C20/C10 -> 0 | D30: =D20/D10 -> 0 | E30: =E20/E10 -> 0.5 | F30: =F20/F10 -> 0.2 | G30: =G20/G10 -> 0.25
A31: White | B31: =B21/B11 -> 0.28301887 | C31: =C21/C11 -> 0.11821086 | D31: =D21/D11 -> 0.08630137 | E31: =E21/E11 -> 0.084795322 | F31: =F21/F11 -> 0.055231253 | G31: =G21/G11 -> 0.072992701
A32: Hispanic | B32: =B22/B12 -> 0.57142857 | C32: =C22/C12 -> 0.2173913 | D32: =D22/D12 -> 0.12121212 | E32: =E22/E12 -> 0.2 | F32: =F22/F12 -> 0.037974684 | G32: =G22/G12 -> 0.11612903
A33: Overall Total | B33: =B23/B13 -> 0.28735632 | C33: =C23/C13 -> 0.13276231 | D33: =D23/D13 -> 0.092436975 | E33: =E23/E13 -> 0.095238095 | F33: =F23/F13 -> 0.059035277 | G33: =G23/G13 -> 0.081143578
A34: Source: HMDA (LAR)
A35: Note: Data reported here is for Multnomah County. These are loans for the purpose of purchasing a home. The loans are for homes that are meant for a primary occupancy of the owner. These are all represented for conventional loans. For ethnic and racial breakout, these are loans originated by households where either the applicant or co-applicant are representative of that group.

Sheet Denials 2012
A1: MULTNOMAH COUNTY LOAN DENIAL RATES BY INCOME-RACE GROUPINGS : 2012
A2: Home Purchase & Occupation
A5: I. Total Applications
A6: Race/Ethnicity | B6: 0-30% MFI | C6: 31-50% MFI | D6: 51-80% MFI | E6: 81-95% MFI | F6: >95% MFI | G6: Total
A7: American Indian | B7: 2 | C7: 5 | D7: 4 | E7: 5 | F7: 15 | G7: 32
A8: Asian | B8: 15 | C8: 121 | D8: 115 | E8: 41 | F8: 261 | G8: 557
A9: Black or African American | B9: 3 | C9: 18 | D9: 17 | E9: 13 | F9: 43 | G9: 95
A10: Native Hawaiian or Pacific Islander | B10: 1 | C10: 3 | D10: 9 | E10: 4 | F10: 16 | G10: 34
A11: White | B11: 51 | C11: 428 | D11: 957 | E11: 479 | F11: 3021 | G11: 4966
A12: Hispanic | B12: 3 | C12: 27 | D12: 60 | E12: 16 | F12: 107 | G12: 214
A13: Overall Total | B13: 94 | C13: 645 | D13: 1242 | E13: 607 | F13: 3847 | G13: 6484
A15: II. Total Denials
B16: 0-30% MFI | C16: 31-50% MFI | D16: 51-80% MFI | E16: 81-95% MFI | F16: >95% MFI | G16: Total
A17: American Indian | B17: 0 | C17: 1 | D17: 0 | E17: 3 | F17: 1 | G17: 5
A18: Asian | B18: 3 | C18: 19 | D18: 12 | E18: 10 | F18: 20 | G18: 65
A19: Black or African American | B19: 2 | C19: 4 | D19: 3 | E19: 0 | F19: 4 | G19: 14
A20: Native Hawaiian or Pacific Islander | B20: 0 | C20: 0 | D20: 0 | E20: 0 | F20: 2 | G20: 2
A21: White | B21: 11 | C21: 56 | D21: 91 | E21: 31 | F21: 144 | G21: 343
A22: Hispanic | B22: 2 | C22: 4 | D22: 6 | E22: 6 | F22: 5 | G22: 24
A23: Overall Total | B23: 22 | C23: 86 | D23: 115 | E23: 52 | F23: 189 | G23: 479
A25: III. Denial Rates (II/I) * 100
B26: 0-30% MFI | C26: 31-50% MFI | D26: 51-80% MFI | E26: 81-95% MFI | F26: >95% MFI | G26: Total
A27: American Indian | B27: =B17/B7 -> 0 | C27: =C17/C7 -> 0.2 | D27: =D17/D7 -> 0 | E27: =E17/E7 -> 0.6 | F27: =F17/F7 -> 0.066666667 | G27: =G17/G7 -> 0.15625
A28: Asian | B28: =B18/B8 -> 0.2 | C28: =C18/C8 -> 0.15702479 | D28: =D18/D8 -> 0.10434783 | E28: =E18/E8 -> 0.24390244 | F28: =F18/F8 -> 0.076628352 | G28: =G18/G8 -> 0.11669659
A29: Black or African American | B29: =B19/B9 -> 0.66666667 | C29: =C19/C9 -> 0.22222222 | D29: =D19/D9 -> 0.17647059 | E29: =E19/E9 -> 0 | F29: =F19/F9 -> 0.093023256 | G29: =G19/G9 -> 0.14736842
A30: Native Hawaiian or Pacific Islander | B30: =B20/B10 -> 0 | C30: =C20/C10 -> 0 | D30: =D20/D10 -> 0 | E30: =E20/E10 -> 0 | F30: =F20/F10 -> 0.125 | G30: =G20/G10 -> 0.058823529
A31: White | B31: =B21/B11 -> 0.21568627 | C31: =C21/C11 -> 0.13084112 | D31: =D21/D11 -> 0.095088819 | E31: =E21/E11 -> 0.064718163 | F31: =F21/F11 -> 0.047666336 | G31: =G21/G11 -> 0.069069674
A32: Hispanic | B32: =B22/B12 -> 0.66666667 | C32: =C22/C12 -> 0.14814815 | D32: =D22/D12 -> 0.1 | E32: =E22/E12 -> 0.375 | F32: =F22/F12 -> 0.046728972 | G32: =G22/G12 -> 0.11214953
A33: Overall Total | B33: =B23/B13 -> 0.23404255 | C33: =C23/C13 -> 0.13333333 | D33: =D23/D13 -> 0.092592593 | E33: =E23/E13 -> 0.085667216 | F33: =F23/F13 -> 0.049129192 | G33: =G23/G13 -> 0.073874152
A34: Source: HMDA (LAR)
A35: Note: Data reported here is for Multnomah County. These are loans for the purpose of purchasing a home. The loans are for homes that are meant for a primary occupancy of the owner. These are all represented for conventional loans. For ethnic and racial breakout, these are loans originated by households where either the applicant or co-applicant are representative of that group.

Sheet Denial Rate Trend By Race
B1: 2006 | C1: 2007 | D1: 2008 | E1: 2009 | F1: 2010 | G1: 2011 | H1: 2012
A2: American Indian | B2: 0.20064725 | C2: 0.18103448 | D2: 0.22857143 | E2: 0.10714286 | F2: 0.17647059 | G2: ='Denials 2011'!G27 -> 0.083333333 | H2: ='Denials 2012'!G27 -> 0.15625
A3: Asian | B3: 0.15074393 | C3: 0.1480111 | D3: 0.18181818 | E3: 0.18953069 | F3: 0.083 | G3: ='Denials 2011'!G28 -> 0.10817308 | H3: ='Denials 2012'!G28 -> 0.11669659
A4: Black or African American | B4: 0.18120805 | C4: 0.20096463 | D4: 0.16410256 | E4: 0.26136364 | F4: 0.088235294 | G4: ='Denials 2011'!G29 -> 0.1372549 | H4: ='Denials 2012'!G29 -> 0.14736842
A5: Native Hawaiian or Pacific Islander | B5: ='Denials 2006'!G30 -> 0.22560976 | C5: ='Denials 2007'!G30 -> 0.2 | D5: ='Denials 2008'!G30 -> 0.24675325 | E5: ='Denials 2009'!G30 -> 0.28571429 | F5: ='Denials 2010'!G30 -> 0.041666667 | G5: ='Denials 2011'!G30 -> 0.25 | H5: ='Denials 2012'!G30 -> 0.058823529
A6: Hispanic | B6: 0.11009613 | C6: 0.10326747 | D6: 0.11627152 | E6: 0.11812336 | F6: 0.075425292 | G6: ='Denials 2011'!G31 -> 0.072992701 | H6: ='Denials 2012'!G31 -> 0.069069674
A7: White | B7: 0.21918385 | C7: 0.21298405 | D7: 0.21503132 | E7: 0.1746988 | F7: 0.16571429 | G7: ='Denials 2011'!G32 -> 0.11612903 | H7: ='Denials 2012'!G32 -> 0.11214953
A8: Overall Total | B8: 0.11076375 | C8: 0.11175076 | D8: 0.1149024 | E8: 0.13060393 | F8: 0.072012624 | G8: ='Denials 2011'!G33 -> 0.081143578 | H8: ='Denials 2012'!G33 -> 0.073874152

Sheet Denial Rate Trend By Income
B1: 2006 | C1: 2007 | D1: 2008 | E1: 2009 | F1: 2010 | G1: 2011 | H1: 2012
A2: 0-30% MFI | B2: ='Denials 2006'!B$33 -> 0.18045113 | C2: ='Denials 2007'!B$33 -> 0.34951456 | D2: ='Denials 2008'!B$33 -> 0.37037037 | E2: ='Denials 2009'!B$33 -> 0.3373494 | F2: ='Denials 2010'!B$33 -> 0.31707317 | G2: ='Denials 2011'!B$33 -> 0.28735632 | H2: ='Denials 2012'!B$33 -> 0.23404255
A3: 31-50% MFI | B3: ='Denials 2006'!C$33 -> 0.20203488 | C3: ='Denials 2007'!C$33 -> 0.29253112 | D3: ='Denials 2008'!C$33 -> 0.26315789 | E3: ='Denials 2009'!C$33 -> 0.21611002 | F3: ='Denials 2010'!C$33 -> 0.18380744 | G3: ='Denials 2011'!C33 -> 0.13276231 | H3: ='Denials 2012'!C$33 -> 0.13333333
A4: 51-80% MFI | B4: ='Denials 2006'!D$33 -> 0.15044479 | C4: ='Denials 2007'!D$33 -> 0.14911433 | D4: ='Denials 2008'!D$33 -> 0.18835616 | E4: ='Denials 2009'!D$33 -> 0.14343272 | F4: ='Denials 2010'!D$33 -> 0.117 | G4: ='Denials 2011'!D33 -> 0.092436975 | H4: ='Denials 2012'!D$33 -> 0.092592593
A5: 81-95% MFI | B5: ='Denials 2006'!E$33 -> 0.13822456 | C5: ='Denials 2007'!E$33 -> 0.14285714 | D5: ='Denials 2008'!E$33 -> 0.16033755 | E5: ='Denials 2009'!E$33 -> 0.1166348 | F5: ='Denials 2010'!E$33 -> 0.079741379 | G5: ='Denials 2011'!E33 -> 0.095238095 | H5: ='Denials 2012'!E$33 -> 0.085667216
A6: >95% MFI | B6: ='Denials 2006'!F$33 -> 0.11923642 | C6: ='Denials 2007'!F$33 -> 0.13673002 | D6: ='Denials 2008'!F$33 -> 0.12818991 | E6: ='Denials 2009'!F$33 -> 0.10616785 | F6: ='Denials 2010'!F$33 -> 0.077731092 | G6: ='Denials 2011'!F33 -> 0.059035277 | H6: ='Denials 2012'!F$33 -> 0.049129192
