Workbook
Name Print_Area_MI: 'CPI-Jul2011'!$A$3:$E$37

Sheet CPI-Jul2011
A1: Referendum Cap Calculation with Final Inflation Data
A2: FY 2005 - FY 2011
A3: CPI - All Urban Consumers
A4: Series Id: CUUR0000SA0
A5: U.S. All items, 1982-84=100
A7: Source: | B7: U.S. Department of Labor
B8: Bureau of Labor Statistics
B9: http://www.bls.gov/
A11: Downloaded: July 28, 2011
C14: A | D14: B | E14: C | F14: D | G14: E | H14: F | I14: G | J14: H | K14: I | L14: J
K16: Std. Cap | L16: Actual
C17: Calendar | D17: Calendar | E17: Fiscal | F17: Annual | G17: Inflation | H17: Formula | I17: Inflation | J17: Actual | K17: Increase | L17: Inflation
A18: Fiscal | B18: Calendar | C18: First | D18: Second | E18: Year | F18: Projected | G18: Ratio | H18: Allow Based | I18: Based | J18: Std. Cap | K18: over | L18: Ratio
A19: Year | B19: Year | C19: Half | D19: Half | E19: Average | F19: Inflation | G19: Std. Cap | H19: Std. Cap | I19: Std. Cap | J19: Gtr of F or G | K19: FY 2004 | L19: Alt. Cap
A21: 2002 | B21: 2002 | C21: ='BLS-Jul2011'!O14 -> 178.9 | D21: ='BLS-Jul2011'!P14 -> 180.9
A22: 2003 | B22: 2003 | C22: ='BLS-Jul2011'!O15 -> 183.3 | D22: ='BLS-Jul2011'!P15 -> 184.6 | E22: =ROUND((D21+C22)/2,1) -> 182.1
A23: =A22+1 -> 2004 | B23: =B22+1 -> 2004 | C23: ='BLS-Jul2011'!O16 -> 187.6 | D23: ='BLS-Jul2011'!P16 -> 190.2 | E23: =ROUND((D22+C23)/2,1) -> 186.1
A24: =A23+1 -> 2005 | B24: =B23+1 -> 2005 | C24: ='BLS-Jul2011'!O17 -> 193.2 | D24: ='BLS-Jul2011'!P17 -> 197.4 | E24: =ROUND((D23+C24)/2,1) -> 191.7 | F24: =ROUND((E24/E23)-1,4) -> 0.0301 | G24: =ROUND(E24/E$23,4) -> 1.0301 | H24: =ROUND(4601*0.186,2) -> 855.79 | I24: =G24*855.79 -> 881.54928 | J24: =IF(H24>I24,H24,I24) -> 881.54928 | K24: =J24-855.79 -> 25.759279 | L24: =G24 -> 1.0301
A25: =A24+1 -> 2006 | B25: =B24+1 -> 2006 | C25: ='BLS-Jul2011'!O18 -> 200.6 | D25: ='BLS-Jul2011'!P18 -> 202.6 | E25: =ROUND((D24+C25)/2,1) -> 199 | F25: =ROUND((E25/E24)-1,4) -> 0.0381 | G25: =ROUND(E25/E$23,4) -> 1.0693 | H25: =ROUND(4783*0.186,2) -> 889.64 | I25: =G25*855.79 -> 915.09625 | J25: =IF(H25>I25,H25,I25) -> 915.09625 | K25: =J25-855.79 -> 59.306247 | L25: =G25 -> 1.0693
A26: =A25+1 -> 2007 | B26: =B25+1 -> 2007 | C26: ='BLS-Jul2011'!O19 -> 205.709 | D26: ='BLS-Jul2011'!P19 -> 208.976 | E26: =ROUND((D25+C26)/2,1) -> 204.2 | F26: =ROUND((E26/E25)-1,4) -> 0.0261 | G26: =ROUND(E26/E$23,4) -> 1.0973 | H26: =ROUND(4974*0.26,2) -> 1293.24 | I26: =G26*1294 -> 1419.9062 | J26: =IF(H26>I26,H26,I26) -> 1419.9062 | K26: =J26-855.79 -> 564.1162 | L26: =G26 -> 1.0973
A27: =A26+1 -> 2008 | B27: =B26+1 -> 2008 | C27: ='BLS-Jul2011'!O20 -> 214.429 | D27: ='BLS-Jul2011'!P20 -> 216.177 | E27: =ROUND((D26+C27)/2,1) -> 211.7 | F27: =ROUND((E27/E26)-1,4) -> 0.0367 | G27: =ROUND(E27/E$23,4) -> 1.1376 | H27: =ROUND(5074*0.26,2) -> 1319.24 | I27: =G27*1294 -> 1472.0544 | J27: =IF(H27>I27,H27,I27) -> 1472.0544 | K27: =J27-855.79 -> 616.2644 | L27: =G27 -> 1.1376
A28: =A27+1 -> 2009 | B28: =B27+1 -> 2009 | C28: ='BLS-Jul2011'!O21 -> 213.139 | D28: ='BLS-Jul2011'!P21 -> 215.935 | E28: =ROUND((D27+C28)/2,1) -> 214.7 | F28: =ROUND((E28/E27)-1,4) -> 0.0142 | G28: =ROUND(E28/E$23,4) -> 1.1537 | H28: =ROUND(5124*0.26,2) -> 1332.24 | I28: =G28*1294 -> 1492.8878 | J28: =IF(H28>I28,H28,I28) -> 1492.8878 | K28: =J28-855.79 -> 637.0978 | L28: =L$27+(0.25*(5124/5074-1)) -> 1.1400635
A29: =A28+1 -> 2010 | B29: =B28+1 -> 2010 | C29: ='BLS-Jul2011'!O22 -> 217.535 | D29: ='BLS-Jul2011'!P22 -> 218.576 | E29: =ROUND((D28+C29)/2,1) -> 216.7 | F29: =ROUND((E29/E28)-1,4) -> 0.0093 | G29: =ROUND(E29/E$23,4) -> 1.1644 | H29: =ROUND(5124*0.26,2) -> 1332.24 | I29: =G29*1294 -> 1506.7336 | J29: =IF(H29>I29,H29,I29) -> 1506.7336 | K29: =J29-855.79 -> 650.9436 | L29: =L28 -> 1.1400635
A30: =A29+1 -> 2011 | B30: =B29+1 -> 2011 | C30: ='BLS-Jul2011'!O23 -> 223.598 | D30: ='BLS-Jul2011'!P23 -> 0 | E30: =ROUND((D29+C30)/2,1) -> 221.1 | F30: =ROUND((E30/E29)-1,4) -> 0.0203 | G30: =ROUND(E30/E$23,4) -> 1.1881 | H30: =ROUND(5124*0.26,2) -> 1332.24 | I30: =G30*1294 -> 1537.4014 | J30: =IF(H30>I30,H30,I30) -> 1537.4014 | K30: =J30-855.79 -> 681.6114 | L30: =L29 -> 1.1400635
A31: =A30+1 -> 2012 | B31: =B30+1 -> 2012 | C31: ='BLS-Jul2011'!O24 -> 0 | D31: ='BLS-Jul2011'!P24 -> 0 | E31: =ROUND((D30+C31)/2,1) -> 0 | F31: =ROUND((E31/E30)-1,4) -> -1 | G31: =ROUND(E31/E$23,4) -> 0 | H31: =ROUND(5124*0.26,2) -> 1332.24 | I31: =G31*1294 -> 0 | J31: =IF(H31>I31,H31,I31) -> 1332.24 | K31: =J31-855.79 -> 476.45 | L31: =L$27+(0.25*(5174/5074-1)) -> 1.1425271
A32: =A31+1 -> 2013 | B32: =B31+1 -> 2013 | C32: ='BLS-Jul2011'!O25 -> 0 | D32: ='BLS-Jul2011'!P25 -> 0 | E32: =ROUND((D31+C32)/2,1) -> 0 | F32: =ROUND((E32/E31)-1,4) -> #DIV/0! | G32: =ROUND(E32/E$23,4) -> 0 | H32: =ROUND(5124*0.26,2) -> 1332.24 | I32: =G32*1294 -> 0 | J32: =IF(H32>I32,H32,I32) -> 1332.24 | K32: =J32-855.79 -> 476.45 | L32: =L$27+(0.25*(5224/5074-1)) -> 1.1449906
A33: 2014 | B33: 2014 | C33: ='BLS-Jul2011'!O26 -> 0 | D33: ='BLS-Jul2011'!P26 -> 0 | E33: =ROUND((D32+C33)/2,1) -> 0 | F33: =ROUND((E33/E32)-1,4) -> #DIV/0! | G33: =ROUND(E33/E$23,4) -> 0 | H33: =ROUND(5124*0.26,2) -> 1332.24 | I33: =G33*1294 -> 0 | J33: =IF(H33>I33,H33,I33) -> 1332.24 | K33: =J33-855.79 -> 476.45 | L33: =L32 -> 1.1449906
A34: 2015 | B34: 2015 | C34: ='BLS-Jul2011'!O27 -> 0 | D34: ='BLS-Jul2011'!P27 -> 0 | E34: =ROUND((D33+C34)/2,1) -> 0 | F34: =ROUND((E34/E33)-1,4) -> #DIV/0! | G34: =ROUND(E34/E$23,4) -> 0 | H34: =ROUND(5124*0.26,2) -> 1332.24 | I34: =G34*1294 -> 0 | J34: =IF(H34>I34,H34,I34) -> 1332.24 | K34: =J34-855.79 -> 476.45 | L34: =L32 -> 1.1449906
A35: 2016 | B35: 2016 | C35: ='BLS-Jul2011'!O28 -> 0 | D35: ='BLS-Jul2011'!P28 -> 0 | E35: =ROUND((D34+C35)/2,1) -> 0 | F35: =ROUND((E35/E34)-1,4) -> #DIV/0! | G35: =ROUND(E35/E$23,4) -> 0 | H35: =ROUND(5124*0.26,2) -> 1332.24 | I35: =G35*1294 -> 0 | J35: =IF(H35>I35,H35,I35) -> 1332.24 | K35: =J35-855.79 -> 476.45 | L35: =L33 -> 1.1449906

Sheet BLS-Jul2011
A1: Consumer Price Index - All Urban Consumers
A2: Original Data Value
A4: Series Id: | B4: CUUR0000SA0
A5: Not Seasonally Adjusted
A6: Area: | B6: U.S. city average
A7: Item: | B7: All items
A8: Base Period: | B8: 1982-84=100
A9: Years: | B9: 2000 to 2011
A11: Year | B11: Jan | C11: Feb | D11: Mar | E11: Apr | F11: May | G11: Jun | H11: Jul | I11: Aug | J11: Sep | K11: Oct | L11: Nov | M11: Dec | N11: Annual | O11: HALF1 | P11: HALF2
A12: 2000 | B12: 168.8 | C12: 169.8 | D12: 171.2 | E12: 171.3 | F12: 171.5 | G12: 172.4 | H12: 172.8 | I12: 172.8 | J12: 173.7 | K12: 174 | L12: 174.1 | M12: 174 | N12: 172.2 | O12: 170.8 | P12: 173.6
A13: 2001 | B13: 175.1 | C13: 175.8 | D13: 176.2 | E13: 176.9 | F13: 177.7 | G13: 178 | H13: 177.5 | I13: 177.5 | J13: 178.3 | K13: 177.7 | L13: 177.4 | M13: 176.7 | N13: 177.1 | O13: 176.6 | P13: 177.5
A14: 2002 | B14: 177.1 | C14: 177.8 | D14: 178.8 | E14: 179.8 | F14: 179.8 | G14: 179.9 | H14: 180.1 | I14: 180.7 | J14: 181 | K14: 181.3 | L14: 181.3 | M14: 180.9 | N14: 179.9 | O14: 178.9 | P14: 180.9
A15: 2003 | B15: 181.7 | C15: 183.1 | D15: 184.2 | E15: 183.8 | F15: 183.5 | G15: 183.7 | H15: 183.9 | I15: 184.6 | J15: 185.2 | K15: 185 | L15: 184.5 | M15: 184.3 | N15: 184 | O15: 183.3 | P15: 184.6
A16: 2004 | B16: 185.2 | C16: 186.2 | D16: 187.4 | E16: 188 | F16: 189.1 | G16: 189.7 | H16: 189.4 | I16: 189.5 | J16: 189.9 | K16: 190.9 | L16: 191 | M16: 190.3 | N16: 188.9 | O16: 187.6 | P16: 190.2
A17: 2005 | B17: 190.7 | C17: 191.8 | D17: 193.3 | E17: 194.6 | F17: 194.4 | G17: 194.5 | H17: 195.4 | I17: 196.4 | J17: 198.8 | K17: 199.2 | L17: 197.6 | M17: 196.8 | N17: 195.3 | O17: 193.2 | P17: 197.4
A18: 2006 | B18: 198.3 | C18: 198.7 | D18: 199.8 | E18: 201.5 | F18: 202.5 | G18: 202.9 | H18: 203.5 | I18: 203.9 | J18: 202.9 | K18: 201.8 | L18: 201.5 | M18: 201.8 | N18: 201.6 | O18: 200.6 | P18: 202.6
A19: 2007 | B19: 202.416 | C19: 203.499 | D19: 205.352 | E19: 206.686 | F19: 207.949 | G19: 208.352 | H19: 208.299 | I19: 207.917 | J19: 208.49 | K19: 208.936 | L19: 210.177 | M19: 210.036 | N19: 207.342 | O19: 205.709 | P19: 208.976
A20: 2008 | B20: 211.08 | C20: 211.693 | D20: 213.528 | E20: 214.823 | F20: 216.632 | G20: 218.815 | H20: 219.964 | I20: 219.086 | J20: 218.783 | K20: 216.573 | L20: 212.425 | M20: 210.228 | N20: 215.303 | O20: 214.429 | P20: 216.177
A21: 2009 | B21: 211.143 | C21: 212.193 | D21: 212.709 | E21: 213.24 | F21: 213.856 | G21: 215.693 | H21: 215.351 | I21: 215.834 | J21: 215.969 | K21: 216.177 | L21: 216.33 | M21: 215.949 | N21: 214.537 | O21: 213.139 | P21: 215.935
A22: 2010 | B22: 216.687 | C22: 216.741 | D22: 217.631 | E22: 218.009 | F22: 218.178 | G22: 217.965 | H22: 218.011 | I22: 218.312 | J22: 218.439 | K22: 218.711 | L22: 218.803 | M22: 219.179 | N22: 218.056 | O22: 217.535 | P22: 218.576
A23: 2011 | B23: 220.223 | C23: 221.309 | D23: 223.467 | E23: 224.906 | F23: 225.964 | G23: 225.722 | O23: 223.598
A26: Source:
A27: U.S. Department of Labor
A28: Bureau of Labor Statistics
A29: Data extracted on: July 28, 2011 (10:36:05 AM)
