Workbook
Name AdjHigh: 'Adjustment Info'!$A$6
Name AdjLow: 'Adjustment Info'!$A$7
Name AllRacesFemalePop: RegistryInfo!$A$10
Name AllRacesMalePop: RegistryInfo!$A$9
Name AllRacesTotalPop: RegistryInfo!$A$12
Name BlackComplete: Blacks!$P$52
Name BlackFemalePop: RegistryInfo!$A$15
Name BlackMalePop: RegistryInfo!$A$14
Name BlackPop: RegistryInfo!$A$13
Name CaseEnd: 'Adjustment Info'!$B$13
Name CaseStart: 'Adjustment Info'!$A$13
Name CaseYear: RegistryInfo!$A$4
Name IncidenceCases: RegistryInfo!$A$6
Name mortdata: #REF!
Name PercentDups: RegistryInfo!$A$7
Name pops: #REF!
Name PopSexData: 'Pops by Race and Sex'!$1:$1048576
Name RaceSexRegistry: 'Pops by Race and Sex'!$A$8:$A$78
Name RateData: 'SEER US MORT Rates'!$A:$BC
Name RefSiteBF: 'SEER US MORT Rates'!$D$88:$D$106
Name RefSiteBM: 'SEER US MORT Rates'!$D$62:$D$78
Name RefSiteWF: 'SEER US MORT Rates'!$D$34:$D$52
Name RefSiteWM: 'SEER US MORT Rates'!$D$9:$D$25
Name registries: RegistryInfo!$H:$I
Name Registry: RegistryInfo!$A$5
Name Registry_Type: RegistryInfo!$D$5
Name RegMCurrentEnd: 'Adjustment Info'!$B$14
Name RegMCurrentStart: 'Adjustment Info'!$A$14
Name RegMRefEnd: 'Adjustment Info'!$B$15
Name RegMRefStart: 'Adjustment Info'!$A$15
Name seerData: #REF!
Name SEEREnd: 'Adjustment Info'!$B$16
Name SEERStart: 'Adjustment Info'!$A$16
Name summary_pops: RegistryInfo!$K$1:$P$2
Name USMortEnd: 'Adjustment Info'!$B$17
Name USMortStart: 'Adjustment Info'!$A$17
Name WhiteComplete: Whites!$P$52
Name WhiteFemalePop: RegistryInfo!$A$11
Name WhiteMalePop: RegistryInfo!$A$10
Name WhitePop: RegistryInfo!$A$9

Sheet Completeness Report
A1: ='Adjustment Info'!A1 -> Worksheet for Completeness of Case Ascertainment, version 2.2.b
A2: ='Adjustment Info'!A2 -> Alabama, Year of Diagnosis 2010
A4: Interim Completeness Estimates
A5: Adjusted for Reference Mortality
A7: Whites | C7: =IF($A$30=2,"All Races","Blacks") -> Blacks | E7: Race Proportional
A8: Percent | C8: Percent | E8: Percent
A9: Complete | B9: Population | C9: Complete | D9: Population | E9: Complete | F9: Population
A10: =WhiteComplete -> 0 | B10: =WhitePop -> 3401085 | C10: =IF(Registry_Type=2,WhiteComplete,BlackComplete) -> 0 | D10: =IF(Registry_Type=2,AllRacesTotalPop,BlackPop) -> 1283143 | E10: =((A10*B10)+(C10*D10))/F10 -> 0 | F10: =WhitePop+BlackPop -> 4684228
A13: Final Completeness Estimates
A14: Adjusted for Reference Mortality and Duplicate Records
A16: =IncidenceCases -> 0 | B16: ="Total Incidence Cases, "&CaseYear -> Total Incidence Cases, 2010
A17: =PercentDups -> 0 | B17: Percent Duplicate Records
A18: =IF(Registry_Type=4,E10,C10) -> 0 | B18: Race Proportional Completeness, Adjusted for Reference Mortality
A19: =A16-(A16*A17/100) -> 0 | B19: =CaseYear&" Adjusted Total Incidence Cases" -> 2010 Adjusted Total Incidence Cases
A20: =IF(A18=0,0,A16/A18) -> 0 | B20: =CaseYear&" Expected Incidence Cases" -> 2010 Expected Incidence Cases
A22: =IF(A20=0,0,A19/A20) -> 0 | B22: ="Final Completeness Estimate for "&CaseYear&", "&Registry -> Final Completeness Estimate for 2010, Alabama
B23: ="Adjusted for Reference Mortality and Duplicate Records" -> Adjusted for Reference Mortality and Duplicate Records
A30: =Registry_Type -> 4

Sheet RegistryInfo
A1: ='Adjustment Info'!A1 -> Worksheet for Completeness of Case Ascertainment, version 2.2.b | H1: Alabama | I1: 4 | J1: 2010 | K1: 2 | L1: ="Populations for All Races in "&TRIM(Registry)&" for "&CaseYear -> Populations for All Races in Alabama for 2010 | M1: ="Populations for All Races, Males, in "&TRIM(Registry)&" for "&CaseYear -> Populations for All Races, Males, in Alabama for 2010 | N1: ="Populations for All Races, Females, in "&TRIM(Registry)&" for "&CaseYear -> Populations for All Races, Females, in Alabama for 2010
A2: =TRIM('Adjustment Info'!A2) -> Alabama, Year of Diagnosis 2010 | H2: Alaska | I2: 4 | J2: 2009 | K2: 4 | L2: ="Populations for Whites in "&TRIM(Registry)&" for "&CaseYear -> Populations for Whites in Alabama for 2010 | M2: ="Populations for White Males in "&TRIM(Registry)&" for "&CaseYear -> Populations for White Males in Alabama for 2010 | N2: ="Populations for White Females in "&TRIM(Registry)&" for "&CaseYear -> Populations for White Females in Alabama for 2010
H3: Arizona | I3: 4 | J3: 2008
A4: 2010 | B4: Calendar Year for Case Completeness Ascertainment | H4: Arkansas | I4: 4 | J4: 2007
A5: Alabama | B5: Registry Area | D5: =VLOOKUP(Registry,registries,2,FALSE) -> 4 | H5: California | I5: 4 | J5: 2006
B6: ="Total Incidence Cases in "&TRIM(Registry)&" for "&CaseYear -> Total Incidence Cases in Alabama for 2010 | H6: CA - Greater Bay | I6: 4 | J6: 2005
B7: Percent Duplicate Records, per NAACCR Protocol | H7: CA - Greater California | I7: 4 | J7: 2004
H8: CA - Los Angeles | I8: 4 | J8: 2003
A9: =IF(Registry_Type=4,WhiteMalePop+WhiteFemalePop,VLOOKUP(Registry, PopSexData, 6*(CaseYear-1995)+D5, 0)) -> 3401085 | B9: =IF(Registry_Type=4,VLOOKUP($D$5,summary_pops,2,0),VLOOKUP(Registry_Type,summary_pops,3,0)) -> Populations for Whites in Alabama for 2010 | H9: Colorado | I9: 4 | J9: 2002
A10: =IF(Registry_Type=4,VLOOKUP(Registry,PopSexData,6*(CaseYear-1995)+D5,0),VLOOKUP(Registry,PopSexData,6*(CaseYear-1995)+D5+1,0)) -> 1674201 | B10: =IF(Registry_Type=4,VLOOKUP($D$5,summary_pops,3,0),VLOOKUP(Registry_Type,summary_pops,4,0)) -> Populations for White Males in Alabama for 2010 | H10: Connecticut | I10: 4 | J10: 2001
A11: =VLOOKUP(Registry, PopSexData, 6*(CaseYear-1995)+D5+1, 0) -> 1726884 | B11: =VLOOKUP($D$5,summary_pops,4,0) -> Populations for White Females in Alabama for 2010 | H11: Delaware | I11: 4 | J11: 2000
A12: =IF(ISERROR(AllRacesMalePop+AllRacesFemalePop),"No Pop Data Available",AllRacesMalePop+AllRacesFemalePop) -> 5075286 | B12: ="Total Population, All Races, in "&Registry& " for "&CaseYear -> Total Population, All Races, in Alabama for 2010 | H12: Washington, DC | I12: 4 | J12: 1999
A13: =BlackMalePop+BlackFemalePop -> 1283143 | B13: ="Populations for Blacks in "&TRIM(Registry)&" for "&CaseYear -> Populations for Blacks in Alabama for 2010 | H13: Florida | I13: 4 | J13: 1998
A14: =VLOOKUP(Registry, PopSexData, 6*(CaseYear-1995)+(D5+2), 0) -> 598478 | B14: ="Populations for Black Males in "&TRIM(Registry)&" for "&CaseYear -> Populations for Black Males in Alabama for 2010 | H14: Georgia | I14: 4 | J14: 1997
A15: =VLOOKUP(Registry, PopSexData, 6*(CaseYear-1995)+(D5+3), 0) -> 684665 | B15: ="Populations for Black Females in "&TRIM(Registry)&" for "&CaseYear -> Populations for Black Females in Alabama for 2010 | H15: GA - Metropolitan Atlanta | I15: 2 | J15: 1996
H16: Hawaii | I16: 4 | J16: 1995
A17: =WhitePop+BlackPop -> 4684228 | B17: Total Population, Whites and Blacks | H17: Idaho | I17: 4
H18: Illinois | I18: 4
H19: Indiana | I19: 4
H20: Iowa | I20: 4
H21: Kansas | I21: 4
H22: Kentucky | I22: 4
H23: Louisiana | I23: 4
H24: Maine | I24: 4
H25: Maryland | I25: 4
H26: Massachusetts | I26: 4
H27: Michigan | I27: 4
H28: MI - Metropolitan Detroit | I28: 4
H29: Minnesota | I29: 4
... H70: Saskatchewan | I70: 2
H71: Yukon

Sheet Blacks
C1: ='Adjustment Info'!A1 -> Worksheet for Completeness of Case Ascertainment, version 2.2.b
C2: Registry Incidence and Mortality Rates, Blacks
D4: =Registry -> Alabama | G4: SEER (11 Regs) and US Mortality | J4: Unadjusted Results | L4: Mortality Adjustment Terms | O4: Adjusted for Mortality
C5: Black Males | D5: Age-Adjusted Rates (2000 US) | G5: Age-Adjusted Rates (2000 US) | J5: Expected | K5: Unadjusted | L5: Registry | N5: Adj Reg | O5: Expected | P5: Interim
D6: =CaseYear -> 2010 | E6: =RegMCurrentStart&"-"&TEXT(RegMCurrentEnd,"00") -> 2009-2010 | F6: Inc/Mort | G6: =SEERStart&"-"&TEXT(SEEREnd,"00") -> 2006-2010 | H6: =USMortStart&"-"&TEXT(USMortEnd,"00") -> 2006-2010 | I6: Inc/Mort | J6: Incidence | K6: Percent | L6: =RegMRefStart&"-"&TEXT(RegMRefEnd,"00") -> 2006-2010 | M6: Adjust. | N6: =RegMCurrentStart&"-"&TEXT(RegMCurrentEnd,"00") -> 2009-2010 | O6: Incidence | P6: Percent
C7: Cancer Site | D7: Incidence | E7: Mortality | F7: Ratio | G7: Incidence | H7: Mortality | I7: Ratio | J7: Rate | K7: Complete | L7: Mort Rate | M7: Term | N7: Mort Rate | O7: Rate | P7: Complete
A8: Male | B8: Black | C8: Oral Cavity and Pharynx | F8: =IF(E8=0,0,D8/E8) -> 0 | G8: =VLOOKUP(TRIM(A8)&TRIM(B8)&TRIM(C8), RateData, 3*(CaseYear-1995)+5, 0) -> 14.874658 | H8: =VLOOKUP(TRIM(A8)&TRIM(B8)&TRIM(C8), RateData, 3*(CaseYear-1995)+6, 0) -> 5.1800348 | I8: =G8/H8 -> 2.8715363 | J8: =E8*I8 -> 0 | K8: =IF(J8=0,0,(D8/J8*100)) -> 0 | M8: =IF(H8=0,1,IF(L8=0,1,H8/L8)) -> 1 | N8: =IF(M8<=1,(((1-AdjHigh)*E8)+(AdjHigh*M8*E8)),(((1-AdjLow)*E8)+(AdjLow*M8*E8))) -> 0 | O8: =N8*I8 -> 0 | P8: =IF(O8=0,0,D8/O8*100) -> 0
A9: Male | B9: Black | C9: Esophagus | F9: =IF(E9=0,0,D9/E9) -> 0 | G9: =VLOOKUP(TRIM(A9)&TRIM(B9)&TRIM(C9), RateData, 3*(CaseYear-1995)+5, 0) -> 7.418117 | H9: =VLOOKUP(TRIM(A9)&TRIM(B9)&TRIM(C9), RateData, 3*(CaseYear-1995)+6, 0) -> 7.7210963 | I9: =G9/H9 -> 0.96075955 | J9: =E9*I9 -> 0 | K9: =IF(J9=0,0,(D9/J9*100)) -> 0 | M9: =IF(H9=0,1,IF(L9=0,1,H9/L9)) -> 1 | N9: =IF(M9<=1,(((1-AdjHigh)*E9)+(AdjHigh*M9*E9)),(((1-AdjLow)*E9)+(AdjLow*M9*E9))) -> 0 | O9: =N9*I9 -> 0 | P9: =IF(O9=0,0,D9/O9*100) -> 0
A10: Male | B10: Black | C10: Stomach | F10: =IF(E10=0,0,D10/E10) -> 0 | G10: =VLOOKUP(TRIM(A10)&TRIM(B10)&TRIM(C10), RateData, 3*(CaseYear-1995)+5, 0) -> 15.664557 | H10: =VLOOKUP(TRIM(A10)&TRIM(B10)&TRIM(C10), RateData, 3*(CaseYear-1995)+6, 0) -> 9.8378818 | I10: =G10/H10 -> 1.5922693 | J10: =E10*I10 -> 0 | K10: =IF(J10=0,0,(D10/J10*100)) -> 0 | M10: =IF(H10=0,1,IF(L10=0,1,H10/L10)) -> 1 | N10: =IF(M10<=1,(((1-AdjHigh)*E10)+(AdjHigh*M10*E10)),(((1-AdjLow)*E10)+(AdjLow*M10*E10))) -> 0 | O10: =N10*I10 -> 0 | P10: =IF(O10=0,0,D10/O10*100) -> 0
A11: Male | B11: Black | C11: Colon and Rectum | F11: =IF(E11=0,0,D11/E11) -> 0 | G11: =VLOOKUP(TRIM(A11)&TRIM(B11)&TRIM(C11), RateData, 3*(CaseYear-1995)+5, 0) -> 62.572738 | H11: =VLOOKUP(TRIM(A11)&TRIM(B11)&TRIM(C11), RateData, 3*(CaseYear-1995)+6, 0) -> 28.683925 | I11: =G11/H11 -> 2.1814566 | J11: =E11*I11 -> 0 | K11: =IF(J11=0,0,(D11/J11*100)) -> 0 | M11: =IF(H11=0,1,IF(L11=0,1,H11/L11)) -> 1 | N11: =IF(M11<=1,(((1-AdjHigh)*E11)+(AdjHigh*M11*E11)),(((1-AdjLow)*E11)+(AdjLow*M11*E11))) -> 0 | O11: =N11*I11 -> 0 | P11: =IF(O11=0,0,D11/O11*100) -> 0
A12: Male | B12: Black | C12: Liver | F12: =IF(E12=0,0,D12/E12) -> 0 | G12: =VLOOKUP(TRIM(A12)&TRIM(B12)&TRIM(C12), RateData, 3*(CaseYear-1995)+5, 0) -> 16.826308 | H12: =VLOOKUP(TRIM(A12)&TRIM(B12)&TRIM(C12), RateData, 3*(CaseYear-1995)+6, 0) -> 10.432575 | I12: =G12/H12 -> 1.6128623 | J12: =E12*I12 -> 0 | K12: =IF(J12=0,0,(D12/J12*100)) -> 0 | M12: =IF(H12=0,1,IF(L12=0,1,H12/L12)) -> 1 | N12: =IF(M12<=1,(((1-AdjHigh)*E12)+(AdjHigh*M12*E12)),(((1-AdjLow)*E12)+(AdjLow*M12*E12))) -> 0 | O12: =N12*I12 -> 0 | P12: =IF(O12=0,0,D12/O12*100) -> 0
A13: Male | B13: Black | C13: Pancreas | F13: =IF(E13=0,0,D13/E13) -> 0 | G13: =VLOOKUP(TRIM(A13)&TRIM(B13)&TRIM(C13), RateData, 3*(CaseYear-1995)+5, 0) -> 17.958897 | H13: =VLOOKUP(TRIM(A13)&TRIM(B13)&TRIM(C13), RateData, 3*(CaseYear-1995)+6, 0) -> 15.26801 | I13: =G13/H13 -> 1.1762435 | J13: =E13*I13 -> 0 | K13: =IF(J13=0,0,(D13/J13*100)) -> 0 | M13: =IF(H13=0,1,IF(L13=0,1,H13/L13)) -> 1 | N13: =IF(M13<=1,(((1-AdjHigh)*E13)+(AdjHigh*M13*E13)),(((1-AdjLow)*E13)+(AdjLow*M13*E13))) -> 0 | O13: =N13*I13 -> 0 | P13: =IF(O13=0,0,D13/O13*100) -> 0
A14: Male | B14: Black | C14: Lung and Bronchus | F14: =IF(E14=0,0,D14/E14) -> 0 | G14: =VLOOKUP(TRIM(A14)&TRIM(B14)&TRIM(C14), RateData, 3*(CaseYear-1995)+5, 0) -> 92.062273 | H14: =VLOOKUP(TRIM(A14)&TRIM(B14)&TRIM(C14), RateData, 3*(CaseYear-1995)+6, 0) -> 78.484001 | I14: =G14/H14 -> 1.1730069 | J14: =E14*I14 -> 0 | K14: =IF(J14=0,0,(D14/J14*100)) -> 0 | M14: =IF(H14=0,1,IF(L14=0,1,H14/L14)) -> 1 | N14: =IF(M14<=1,(((1-AdjHigh)*E14)+(AdjHigh*M14*E14)),(((1-AdjLow)*E14)+(AdjLow*M14*E14))) -> 0 | O14: =N14*I14 -> 0 | P14: =IF(O14=0,0,D14/O14*100) -> 0
A15: Male | B15: Black | C15: Melanomas of the Skin* | F15: =IF(E15=0,0,D15/E15) -> 0 | G15: =VLOOKUP(TRIM(A15)&TRIM(B15)&TRIM(C15), RateData, 3*(CaseYear-1995)+5, 0) -> 1.2251176 | H15: =VLOOKUP(TRIM(A15)&TRIM(B15)&TRIM(C15), RateData, 3*(CaseYear-1995)+6, 0) -> 0.52085822 | I15: =G15/H15 -> 2.3521134 | J15: =E15*I15 -> 0 | K15: =IF(J15=0,0,(D15/J15*100)) -> 0 | M15: =IF(H15=0,1,IF(L15=0,1,H15/L15)) -> 1 | N15: =IF(M15<=1,(((1-AdjHigh)*E15)+(AdjHigh*M15*E15)),(((1-AdjLow)*E15)+(AdjLow*M15*E15))) -> 0 | O15: =N15*I15 -> 0 | P15: =IF(O15=0,0,D15/O15*100) -> 0
A16: Male | B16: Black | C16: Prostate* | F16: =IF(E16=0,0,D16/E16) -> 0 | G16: =VLOOKUP(TRIM(A16)&TRIM(B16)&TRIM(C16), RateData, 3*(CaseYear-1995)+5, 0) -> 233.04993 | H16: =VLOOKUP(TRIM(A16)&TRIM(B16)&TRIM(C16), RateData, 3*(CaseYear-1995)+6, 0) -> 50.942309 | I16: =G16/H16 -> 4.5747814 | J16: =E16*I16 -> 0 | K16: =IF(J16=0,0,(D16/J16*100)) -> 0 | M16: =IF(H16=0,1,IF(L16=0,1,H16/L16)) -> 1 | N16: =IF(M16<=1,(((1-AdjHigh)*E16)+(AdjHigh*M16*E16)),(((1-AdjLow)*E16)+(AdjLow*M16*E16))) -> 0 | O16: =N16*I16 -> 0 | P16: =IF(O16=0,0,D16/O16*100) -> 0
A17: Male | B17: Black | C17: Bladder (including in situ) | F17: =IF(E17=0,0,D17/E17) -> 0 | G17: =VLOOKUP(TRIM(A17)&TRIM(B17)&TRIM(C17), RateData, 3*(CaseYear-1995)+5, 0) -> 21.775746 | H17: =VLOOKUP(TRIM(A17)&TRIM(B17)&TRIM(C17), RateData, 3*(CaseYear-1995)+6, 0) -> 5.4737353 | I17: =G17/H17 -> 3.9782242 | J17: =E17*I17 -> 0 | K17: =IF(J17=0,0,(D17/J17*100)) -> 0 | M17: =IF(H17=0,1,IF(L17=0,1,H17/L17)) -> 1 | N17: =IF(M17<=1,(((1-AdjHigh)*E17)+(AdjHigh*M17*E17)),(((1-AdjLow)*E17)+(AdjLow*M17*E17))) -> 0 | O17: =N17*I17 -> 0 | P17: =IF(O17=0,0,D17/O17*100) -> 0
A18: Male | B18: Black | C18: Kidney and Renal Pelvis | F18: =IF(E18=0,0,D18/E18) -> 0 | G18: =VLOOKUP(TRIM(A18)&TRIM(B18)&TRIM(C18), RateData, 3*(CaseYear-1995)+5, 0) -> 25.692784 | H18: =VLOOKUP(TRIM(A18)&TRIM(B18)&TRIM(C18), RateData, 3*(CaseYear-1995)+6, 0) -> 5.7201728 | I18: =G18/H18 -> 4.4916098 | J18: =E18*I18 -> 0 | K18: =IF(J18=0,0,(D18/J18*100)) -> 0 | M18: =IF(H18=0,1,IF(L18=0,1,H18/L18)) -> 1 | N18: =IF(M18<=1,(((1-AdjHigh)*E18)+(AdjHigh*M18*E18)),(((1-AdjLow)*E18)+(AdjLow*M18*E18))) -> 0 | O18: =N18*I18 -> 0 | P18: =IF(O18=0,0,D18/O18*100) -> 0
A19: Male | B19: Black | C19: Brain and Other Nervous System | F19: =IF(E19=0,0,D19/E19) -> 0 | G19: =VLOOKUP(TRIM(A19)&TRIM(B19)&TRIM(C19), RateData, 3*(CaseYear-1995)+5, 0) -> 4.3393071 | H19: =VLOOKUP(TRIM(A19)&TRIM(B19)&TRIM(C19), RateData, 3*(CaseYear-1995)+6, 0) -> 2.9802758 | I19: =G19/H19 -> 1.4560086 | J19: =E19*I19 -> 0 | K19: =IF(J19=0,0,(D19/J19*100)) -> 0 | M19: =IF(H19=0,1,IF(L19=0,1,H19/L19)) -> 1 | N19: =IF(M19<=1,(((1-AdjHigh)*E19)+(AdjHigh*M19*E19)),(((1-AdjLow)*E19)+(AdjLow*M19*E19))) -> 0 | O19: =N19*I19 -> 0 | P19: =IF(O19=0,0,D19/O19*100) -> 0
... A23: Male | B23: Black | C23: Leukemias | F23: =IF(E23=0,0,D23/E23) -> 0 | G23: =VLOOKUP(TRIM(A23)&TRIM(B23)&TRIM(C23), RateData, 3*(CaseYear-1995)+5, 0) -> 13.503149 | H23: =VLOOKUP(TRIM(A23)&TRIM(B23)&TRIM(C23), RateData, 3*(CaseYear-1995)+6, 0) -> 8.2149921 | I23: =G23/H23 -> 1.6437202 | J23: =E23*I23 -> 0 | K23: =IF(J23=0,0,(D23/J23*100)) -> 0 | M23: =IF(H23=0,1,IF(L23=0,1,H23/L23)) -> 1 | N23: =IF(M23<=1,(((1-AdjHigh)*E23)+(AdjHigh*M23*E23)),(((1-AdjLow)*E23)+(AdjLow*M23*E23))) -> 0 | O23: =N23*I23 -> 0 | P23: =IF(O23=0,0,D23/O23*100) -> 0
C24: Sum of Rates for Black Males | D24: =SUM(D8:D14)+SUM(D17:D23) -> 0 | J24: =SUM(J8:J14)+SUM(J17:J23) -> 0 | K24: =IF(J24=0,0,(D24/J24*100)) -> 0 | O24: =SUM(O8:O14)+SUM(O17:O23) -> 0 | P24: =IF(O24=0,0,D24/O24*100) -> 0
D27: =Registry -> Alabama | G27: SEER (11 Regs) and US Mortality | J27: Unadjusted Results | L27: Mortality Adjustment Terms | O27: Adjusted for Mortality
C28: Black Females | D28: Age-Adjusted Rates (2000 US) | G28: Age-Adjusted Rates (2000 US) | J28: Expected | K28: Unadjusted | L28: Registry | N28: Adj Reg | O28: Expected | P28: Interim
D29: =CaseYear -> 2010 | E29: =RegMCurrentStart&"-"&TEXT(RegMCurrentEnd,"00") -> 2009-2010 | F29: Inc/Mort | G29: =SEERStart&"-"&TEXT(SEEREnd,"00") -> 2006-2010 | H29: =USMortStart&"-"&TEXT(USMortEnd,"00") -> 2006-2010 | I29: Inc/Mort | J29: Incidence | K29: Percent | L29: =RegMRefStart&"-"&TEXT(RegMRefEnd,"00") -> 2006-2010 | M29: Adjust. | N29: =RegMCurrentStart&"-"&TEXT(RegMCurrentEnd,"00") -> 2009-2010 | O29: Incidence | P29: Percent
C30: Cancer Site | D30: Incidence | E30: Mortality | F30: Ratio | G30: Incidence | H30: Mortality | I30: Ratio | J30: Rate | K30: Complete | L30: Mort Rate | M30: Term | N30: Mort Rate | O30: Rate | P30: Complete
A31: Female | B31: Black | C31: Oral Cavity and Pharynx | F31: =IF(E31=0,0,D31/E31) -> 0 | G31: =VLOOKUP(TRIM(A31)&TRIM(B31)&TRIM(C31), RateData, 3*(CaseYear-1995)+5, 0) -> 5.4865083 | H31: =VLOOKUP(TRIM(A31)&TRIM(B31)&TRIM(C31), RateData, 3*(CaseYear-1995)+6, 0) -> 1.4248003 | I31: =G31/H31 -> 3.850721 | J31: =E31*I31 -> 0 | K31: =IF(J31=0,0,(D31/J31*100)) -> 0 | M31: =IF(H31=0,1,IF(L31=0,1,H31/L31)) -> 1 | N31: =IF(M31<=1,(((1-AdjHigh)*E31)+(AdjHigh*M31*E31)),(((1-AdjLow)*E31)+(AdjLow*M31*E31))) -> 0 | O31: =N31*I31 -> 0 | P31: =IF(O31=0,0,D31/O31*100) -> 0
A32: Female | B32: Black | C32: Esophagus | F32: =IF(E32=0,0,D32/E32) -> 0 | G32: =VLOOKUP(TRIM(A32)&TRIM(B32)&TRIM(C32), RateData, 3*(CaseYear-1995)+5, 0) -> 2.6369319 | H32: =VLOOKUP(TRIM(A32)&TRIM(B32)&TRIM(C32), RateData, 3*(CaseYear-1995)+6, 0) -> 2.1339417 | I32: =G32/H32 -> 1.2357094 | J32: =E32*I32 -> 0 | K32: =IF(J32=0,0,(D32/J32*100)) -> 0 | M32: =IF(H32=0,1,IF(L32=0,1,H32/L32)) -> 1 | N32: =IF(M32<=1,(((1-AdjHigh)*E32)+(AdjHigh*M32*E32)),(((1-AdjLow)*E32)+(AdjLow*M32*E32))) -> 0 | O32: =N32*I32 -> 0 | P32: =IF(O32=0,0,D32/O32*100) -> 0
A33: Female | B33: Black | C33: Stomach | F33: =IF(E33=0,0,D33/E33) -> 0 | G33: =VLOOKUP(TRIM(A33)&TRIM(B33)&TRIM(C33), RateData, 3*(CaseYear-1995)+5, 0) -> 8.5268795 | H33: =VLOOKUP(TRIM(A33)&TRIM(B33)&TRIM(C33), RateData, 3*(CaseYear-1995)+6, 0) -> 4.6579312 | I33: =G33/H33 -> 1.8306151 | J33: =E33*I33 -> 0 | K33: =IF(J33=0,0,(D33/J33*100)) -> 0 | M33: =IF(H33=0,1,IF(L33=0,1,H33/L33)) -> 1 | N33: =IF(M33<=1,(((1-AdjHigh)*E33)+(AdjHigh*M33*E33)),(((1-AdjLow)*E33)+(AdjLow*M33*E33))) -> 0 | O33: =N33*I33 -> 0 | P33: =IF(O33=0,0,D33/O33*100) -> 0
A34: Female | B34: Black | C34: Colon and Rectum | F34: =IF(E34=0,0,D34/E34) -> 0 | G34: =VLOOKUP(TRIM(A34)&TRIM(B34)&TRIM(C34), RateData, 3*(CaseYear-1995)+5, 0) -> 49.90948 | H34: =VLOOKUP(TRIM(A34)&TRIM(B34)&TRIM(C34), RateData, 3*(CaseYear-1995)+6, 0) -> 19.024096 | I34: =G34/H34 -> 2.6234877 | J34: =E34*I34 -> 0 | K34: =IF(J34=0,0,(D34/J34*100)) -> 0 | M34: =IF(H34=0,1,IF(L34=0,1,H34/L34)) -> 1 | N34: =IF(M34<=1,(((1-AdjHigh)*E34)+(AdjHigh*M34*E34)),(((1-AdjLow)*E34)+(AdjLow*M34*E34))) -> 0 | O34: =N34*I34 -> 0 | P34: =IF(O34=0,0,D34/O34*100) -> 0
A35: Female | B35: Black | C35: Liver | F35: =IF(E35=0,0,D35/E35) -> 0 | G35: =VLOOKUP(TRIM(A35)&TRIM(B35)&TRIM(C35), RateData, 3*(CaseYear-1995)+5, 0) -> 4.3669654 | H35: =VLOOKUP(TRIM(A35)&TRIM(B35)&TRIM(C35), RateData, 3*(CaseYear-1995)+6, 0) -> 3.0403811 | I35: =G35/H35 -> 1.4363217 | J35: =E35*I35 -> 0 | K35: =IF(J35=0,0,(D35/J35*100)) -> 0 | M35: =IF(H35=0,1,IF(L35=0,1,H35/L35)) -> 1 | N35: =IF(M35<=1,(((1-AdjHigh)*E35)+(AdjHigh*M35*E35)),(((1-AdjLow)*E35)+(AdjLow*M35*E35))) -> 0 | O35: =N35*I35 -> 0 | P35: =IF(O35=0,0,D35/O35*100) -> 0
A36: Female | B36: Black | C36: Pancreas | F36: =IF(E36=0,0,D36/E36) -> 0 | G36: =VLOOKUP(TRIM(A36)&TRIM(B36)&TRIM(C36), RateData, 3*(CaseYear-1995)+5, 0) -> 14.946438 | H36: =VLOOKUP(TRIM(A36)&TRIM(B36)&TRIM(C36), RateData, 3*(CaseYear-1995)+6, 0) -> 12.476245 | I36: =G36/H36 -> 1.1979917 | J36: =E36*I36 -> 0 | K36: =IF(J36=0,0,(D36/J36*100)) -> 0 | M36: =IF(H36=0,1,IF(L36=0,1,H36/L36)) -> 1 | N36: =IF(M36<=1,(((1-AdjHigh)*E36)+(AdjHigh*M36*E36)),(((1-AdjLow)*E36)+(AdjLow*M36*E36))) -> 0 | O36: =N36*I36 -> 0 | P36: =IF(O36=0,0,D36/O36*100) -> 0
A37: Female | B37: Black | C37: Lung and Bronchus | F37: =IF(E37=0,0,D37/E37) -> 0 | G37: =VLOOKUP(TRIM(A37)&TRIM(B37)&TRIM(C37), RateData, 3*(CaseYear-1995)+5, 0) -> 54.40623 | H37: =VLOOKUP(TRIM(A37)&TRIM(B37)&TRIM(C37), RateData, 3*(CaseYear-1995)+6, 0) -> 37.212903 | I37: =G37/H37 -> 1.4620259 | J37: =E37*I37 -> 0 | K37: =IF(J37=0,0,(D37/J37*100)) -> 0 | M37: =IF(H37=0,1,IF(L37=0,1,H37/L37)) -> 1 | N37: =IF(M37<=1,(((1-AdjHigh)*E37)+(AdjHigh*M37*E37)),(((1-AdjLow)*E37)+(AdjLow*M37*E37))) -> 0 | O37: =N37*I37 -> 0 | P37: =IF(O37=0,0,D37/O37*100) -> 0
A38: Female | B38: Black | C38: Melanomas of the Skin* | F38: =IF(E38=0,0,D38/E38) -> 0 | G38: =VLOOKUP(TRIM(A38)&TRIM(B38)&TRIM(C38), RateData, 3*(CaseYear-1995)+5, 0) -> 0.89533255 | H38: =VLOOKUP(TRIM(A38)&TRIM(B38)&TRIM(C38), RateData, 3*(CaseYear-1995)+6, 0) -> 0.37869984 | I38: =G38/H38 -> 2.3642274 | J38: =E38*I38 -> 0 | K38: =IF(J38=0,0,(D38/J38*100)) -> 0 | M38: =IF(H38=0,1,IF(L38=0,1,H38/L38)) -> 1 | N38: =IF(M38<=1,(((1-AdjHigh)*E38)+(AdjHigh*M38*E38)),(((1-AdjLow)*E38)+(AdjLow*M38*E38))) -> 0 | O38: =N38*I38 -> 0 | P38: =IF(O38=0,0,D38/O38*100) -> 0
A39: Female | B39: Black | C39: Breast* | F39: =IF(E39=0,0,D39/E39) -> 0 | G39: =VLOOKUP(TRIM(A39)&TRIM(B39)&TRIM(C39), RateData, 3*(CaseYear-1995)+5, 0) -> 124.316 | H39: =VLOOKUP(TRIM(A39)&TRIM(B39)&TRIM(C39), RateData, 3*(CaseYear-1995)+6, 0) -> 30.835994 | I39: =G39/H39 -> 4.0315224 | J39: =E39*I39 -> 0 | K39: =IF(J39=0,0,(D39/J39*100)) -> 0 | M39: =IF(H39=0,1,IF(L39=0,1,H39/L39)) -> 1 | N39: =IF(M39<=1,(((1-AdjHigh)*E39)+(AdjHigh*M39*E39)),(((1-AdjLow)*E39)+(AdjLow*M39*E39))) -> 0 | O39: =N39*I39 -> 0 | P39: =IF(O39=0,0,D39/O39*100) -> 0
A40: Female | B40: Black | C40: Cervix | F40: =IF(E40=0,0,D40/E40) -> 0 | G40: =VLOOKUP(TRIM(A40)&TRIM(B40)&TRIM(C40), RateData, 3*(CaseYear-1995)+5, 0) -> 8.3466771 | H40: =VLOOKUP(TRIM(A40)&TRIM(B40)&TRIM(C40), RateData, 3*(CaseYear-1995)+6, 0) -> 4.1509013 | I40: =G40/H40 -> 2.0108108 | J40: =E40*I40 -> 0 | K40: =IF(J40=0,0,(D40/J40*100)) -> 0 | M40: =IF(H40=0,1,IF(L40=0,1,H40/L40)) -> 1 | N40: =IF(M40<=1,(((1-AdjHigh)*E40)+(AdjHigh*M40*E40)),(((1-AdjLow)*E40)+(AdjLow*M40*E40))) -> 0 | O40: =N40*I40 -> 0 | P40: =IF(O40=0,0,D40/O40*100) -> 0
A41: Female | B41: Black | C41: Corpus and Uterus, NOS | F41: =IF(E41=0,0,D41/E41) -> 0 | G41: =VLOOKUP(TRIM(A41)&TRIM(B41)&TRIM(C41), RateData, 3*(CaseYear-1995)+5, 0) -> 23.284969 | H41: =VLOOKUP(TRIM(A41)&TRIM(B41)&TRIM(C41), RateData, 3*(CaseYear-1995)+6, 0) -> 7.3812106 | I41: =G41/H41 -> 3.1546274 | J41: =E41*I41 -> 0 | K41: =IF(J41=0,0,(D41/J41*100)) -> 0 | M41: =IF(H41=0,1,IF(L41=0,1,H41/L41)) -> 1 | N41: =IF(M41<=1,(((1-AdjHigh)*E41)+(AdjHigh*M41*E41)),(((1-AdjLow)*E41)+(AdjLow*M41*E41))) -> 0 | O41: =N41*I41 -> 0 | P41: =IF(O41=0,0,D41/O41*100) -> 0
A42: Female | B42: Black | C42: Ovary | F42: =IF(E42=0,0,D42/E42) -> 0 | G42: =VLOOKUP(TRIM(A42)&TRIM(B42)&TRIM(C42), RateData, 3*(CaseYear-1995)+5, 0) -> 9.8063827 | H42: =VLOOKUP(TRIM(A42)&TRIM(B42)&TRIM(C42), RateData, 3*(CaseYear-1995)+6, 0) -> 6.6815502 | I42: =G42/H42 -> 1.4676808 | J42: =E42*I42 -> 0 | K42: =IF(J42=0,0,(D42/J42*100)) -> 0 | M42: =IF(H42=0,1,IF(L42=0,1,H42/L42)) -> 1 | N42: =IF(M42<=1,(((1-AdjHigh)*E42)+(AdjHigh*M42*E42)),(((1-AdjLow)*E42)+(AdjLow*M42*E42))) -> 0 | O42: =N42*I42 -> 0 | P42: =IF(O42=0,0,D42/O42*100) -> 0
... A49: Female | B49: Black | C49: Leukemias | F49: =IF(E49=0,0,D49/E49) -> 0 | G49: =VLOOKUP(TRIM(A49)&TRIM(B49)&TRIM(C49), RateData, 3*(CaseYear-1995)+5, 0) -> 7.9363909 | H49: =VLOOKUP(TRIM(A49)&TRIM(B49)&TRIM(C49), RateData, 3*(CaseYear-1995)+6, 0) -> 4.7653733 | I49: =G49/H49 -> 1.665429 | J49: =E49*I49 -> 0 | K49: =IF(J49=0,0,(D49/J49*100)) -> 0 | M49: =IF(H49=0,1,IF(L49=0,1,H49/L49)) -> 1 | N49: =IF(M49<=1,(((1-AdjHigh)*E49)+(AdjHigh*M49*E49)),(((1-AdjLow)*E49)+(AdjLow*M49*E49))) -> 0 | O49: =N49*I49 -> 0 | P49: =IF(O49=0,0,D49/O49*100) -> 0
C50: Sum of Rates for Black Females | D50: =SUM(D31:D37)+SUM(D39:D49) -> 0 | J50: =SUM(J31:J37)+SUM(J39:J49) -> 0 | K50: =IF(J50=0,0,(D50/J50*100)) -> 0 | O50: =SUM(O31:O37)+SUM(O39:O49) -> 0 | P50: =IF(O50=0,0,D50/O50*100) -> 0
C52: Sum of Blacks, Gender Weighted | D52: =IF(BlackPop=0,0,((D24*BlackMalePop+D50*BlackFemalePop)/BlackPop)) -> 0 | J52: =IF(BlackPop=0,0,((J24*BlackMalePop+J50*BlackFemalePop)/BlackPop)) -> 0 | K52: =IF(J52=0,0,(D52/J52*100)) -> 0 | O52: =IF(BlackPop=0,0,((O24*BlackMalePop+O50*BlackFemalePop)/BlackPop)) -> 0 | P52: =IF(BlackPop=0,0,((P24*BlackMalePop+P50*BlackFemalePop)/BlackPop)/100) -> 0
C53: Overall Total + Breast + Prostate | D53: =#REF!+D50 -> #REF! | J53: =#REF!+J50 -> #REF! | O53: =#REF!+O50 -> #REF!
C55: Notes:
C56: The cancer rates for Male Prostate (Whites and Blacks) and Melanomas of the Skin (Blacks) are not included in the completeness estimates.
C57: The cancer rates for Female Breast (Whites and Blacks) are not included in the completeness estimates.
C58: To include rates for prostate, melanomas, or breast it is necessary to unprotect the worksheet (go to tools, protection, unprotect worksheet)
C59: Rates are per 100,000 and age-adjusted to the 2000 US Std Population (19 age groups - Census P25-1130) standard.
C60: Sites are based on SEER Site Recode with Kaposi and mesothelioma

Sheet Whites
C1: ='Adjustment Info'!A1 -> Worksheet for Completeness of Case Ascertainment, version 2.2.b
C2: =IF(Registry_Type=4,"Registry Incidence and Mortality Rates, Whites","Registry Incidence and Mortality Rates, All Races") -> Registry Incidence and Mortality Rates, Whites
D4: =Registry -> Alabama | G4: SEER (11 Regs) and US Mortality | J4: Unadjusted Results | L4: Mortality Adjustment Terms | O4: Adjusted for Mortality
C5: =IF(Registry_Type=4,"White Males","All Races, Males") -> White Males | D5: Age-Adjusted Rates (2000 US) | G5: Age-Adjusted Rates (2000 US) | J5: Expected | K5: Unadjusted | L5: Registry | N5: Adj Reg | O5: Expected | P5: Interim
D6: =CaseYear -> 2010 | E6: =RegMCurrentStart&"-"&TEXT(RegMCurrentEnd,"00") -> 2009-2010 | F6: Inc/Mort | G6: =SEERStart&"-"&TEXT(SEEREnd,"00") -> 2006-2010 | H6: =USMortStart&"-"&TEXT(USMortEnd,"00") -> 2006-2010 | I6: Inc/Mort | J6: Incidence | K6: Percent | L6: =RegMRefStart&"-"&TEXT(RegMRefEnd,"00") -> 2006-2010 | M6: Adjust. | N6: =RegMCurrentStart&"-"&TEXT(RegMCurrentEnd,"00") -> 2009-2010 | O6: Incidence | P6: Percent
C7: Cancer Site | D7: Incidence | E7: Mortality | F7: Ratio | G7: Incidence | H7: Mortality | I7: Ratio | J7: Rate | K7: Complete | L7: Mort Rate | M7: Term | N7: Mort Rate | O7: Rate | P7: Complete
A8: Male | B8: White | C8: Oral Cavity and Pharynx | F8: =IF(E8=0,0,D8/E8) -> 0 | G8: =VLOOKUP(TRIM(A8)&TRIM(B8)&TRIM(C8), RateData, 3*(CaseYear-1995)+5, 0) -> 15.871862 | H8: =VLOOKUP(TRIM(A8)&TRIM(B8)&TRIM(C8), RateData, 3*(CaseYear-1995)+6, 0) -> 3.6266047 | I8: =G8/H8 -> 4.3765072 | J8: =E8*I8 -> 0 | K8: =IF(J8=0,0,(D8/J8*100)) -> 0 | M8: =IF(H8=0,1,IF(L8=0,1,H8/L8)) -> 1 | N8: =IF(M8<=1,(((1-AdjHigh)*E8)+(AdjHigh*M8*E8)),(((1-AdjLow)*E8)+(AdjLow*M8*E8))) -> 0 | O8: =N8*I8 -> 0 | P8: =IF(O8=0,0,D8/O8*100) -> 0
A9: Male | B9: White | C9: Esophagus | F9: =IF(E9=0,0,D9/E9) -> 0 | G9: =VLOOKUP(TRIM(A9)&TRIM(B9)&TRIM(C9), RateData, 3*(CaseYear-1995)+5, 0) -> 7.8307691 | H9: =VLOOKUP(TRIM(A9)&TRIM(B9)&TRIM(C9), RateData, 3*(CaseYear-1995)+6, 0) -> 7.8062708 | I9: =G9/H9 -> 1.0031383 | J9: =E9*I9 -> 0 | K9: =IF(J9=0,0,(D9/J9*100)) -> 0 | M9: =IF(H9=0,1,IF(L9=0,1,H9/L9)) -> 1 | N9: =IF(M9<=1,(((1-AdjHigh)*E9)+(AdjHigh*M9*E9)),(((1-AdjLow)*E9)+(AdjLow*M9*E9))) -> 0 | O9: =N9*I9 -> 0 | P9: =IF(O9=0,0,D9/O9*100) -> 0
A10: Male | B10: White | C10: Stomach | F10: =IF(E10=0,0,D10/E10) -> 0 | G10: =VLOOKUP(TRIM(A10)&TRIM(B10)&TRIM(C10), RateData, 3*(CaseYear-1995)+5, 0) -> 9.6045281 | H10: =VLOOKUP(TRIM(A10)&TRIM(B10)&TRIM(C10), RateData, 3*(CaseYear-1995)+6, 0) -> 4.2371547 | I10: =G10/H10 -> 2.26674 | J10: =E10*I10 -> 0 | K10: =IF(J10=0,0,(D10/J10*100)) -> 0 | M10: =IF(H10=0,1,IF(L10=0,1,H10/L10)) -> 1 | N10: =IF(M10<=1,(((1-AdjHigh)*E10)+(AdjHigh*M10*E10)),(((1-AdjLow)*E10)+(AdjLow*M10*E10))) -> 0 | O10: =N10*I10 -> 0 | P10: =IF(O10=0,0,D10/O10*100) -> 0
A11: Male | B11: White | C11: Colon and Rectum | F11: =IF(E11=0,0,D11/E11) -> 0 | G11: =VLOOKUP(TRIM(A11)&TRIM(B11)&TRIM(C11), RateData, 3*(CaseYear-1995)+5, 0) -> 49.313825 | H11: =VLOOKUP(TRIM(A11)&TRIM(B11)&TRIM(C11), RateData, 3*(CaseYear-1995)+6, 0) -> 19.057426 | I11: =G11/H11 -> 2.5876435 | J11: =E11*I11 -> 0 | K11: =IF(J11=0,0,(D11/J11*100)) -> 0 | M11: =IF(H11=0,1,IF(L11=0,1,H11/L11)) -> 1 | N11: =IF(M11<=1,(((1-AdjHigh)*E11)+(AdjHigh*M11*E11)),(((1-AdjLow)*E11)+(AdjLow*M11*E11))) -> 0 | O11: =N11*I11 -> 0 | P11: =IF(O11=0,0,D11/O11*100) -> 0
A12: Male | B12: White | C12: Liver | F12: =IF(E12=0,0,D12/E12) -> 0 | G12: =VLOOKUP(TRIM(A12)&TRIM(B12)&TRIM(C12), RateData, 3*(CaseYear-1995)+5, 0) -> 9.682039 | H12: =VLOOKUP(TRIM(A12)&TRIM(B12)&TRIM(C12), RateData, 3*(CaseYear-1995)+6, 0) -> 6.0915644 | I12: =G12/H12 -> 1.5894175 | J12: =E12*I12 -> 0 | K12: =IF(J12=0,0,(D12/J12*100)) -> 0 | M12: =IF(H12=0,1,IF(L12=0,1,H12/L12)) -> 1 | N12: =IF(M12<=1,(((1-AdjHigh)*E12)+(AdjHigh*M12*E12)),(((1-AdjLow)*E12)+(AdjLow*M12*E12))) -> 0 | O12: =N12*I12 -> 0 | P12: =IF(O12=0,0,D12/O12*100) -> 0
A13: Male | B13: White | C13: Pancreas | F13: =IF(E13=0,0,D13/E13) -> 0 | G13: =VLOOKUP(TRIM(A13)&TRIM(B13)&TRIM(C13), RateData, 3*(CaseYear-1995)+5, 0) -> 13.802945 | H13: =VLOOKUP(TRIM(A13)&TRIM(B13)&TRIM(C13), RateData, 3*(CaseYear-1995)+6, 0) -> 12.457835 | I13: =G13/H13 -> 1.1079731 | J13: =E13*I13 -> 0 | K13: =IF(J13=0,0,(D13/J13*100)) -> 0 | M13: =IF(H13=0,1,IF(L13=0,1,H13/L13)) -> 1 | N13: =IF(M13<=1,(((1-AdjHigh)*E13)+(AdjHigh*M13*E13)),(((1-AdjLow)*E13)+(AdjLow*M13*E13))) -> 0 | O13: =N13*I13 -> 0 | P13: =IF(O13=0,0,D13/O13*100) -> 0
A14: Male | B14: White | C14: Lung and Bronchus | F14: =IF(E14=0,0,D14/E14) -> 0 | G14: =VLOOKUP(TRIM(A14)&TRIM(B14)&TRIM(C14), RateData, 3*(CaseYear-1995)+5, 0) -> 65.827583 | H14: =VLOOKUP(TRIM(A14)&TRIM(B14)&TRIM(C14), RateData, 3*(CaseYear-1995)+6, 0) -> 63.247513 | I14: =G14/H14 -> 1.0407932 | J14: =E14*I14 -> 0 | K14: =IF(J14=0,0,(D14/J14*100)) -> 0 | M14: =IF(H14=0,1,IF(L14=0,1,H14/L14)) -> 1 | N14: =IF(M14<=1,(((1-AdjHigh)*E14)+(AdjHigh*M14*E14)),(((1-AdjLow)*E14)+(AdjLow*M14*E14))) -> 0 | O14: =N14*I14 -> 0 | P14: =IF(O14=0,0,D14/O14*100) -> 0
A15: Male | B15: White | C15: Melanomas of the Skin | F15: =IF(E15=0,0,D15/E15) -> 0 | G15: =VLOOKUP(TRIM(A15)&TRIM(B15)&TRIM(C15), RateData, 3*(CaseYear-1995)+5, 0) -> 32.554522 | H15: =VLOOKUP(TRIM(A15)&TRIM(B15)&TRIM(C15), RateData, 3*(CaseYear-1995)+6, 0) -> 4.6444764 | I15: =G15/H15 -> 7.0092986 | J15: =E15*I15 -> 0 | K15: =IF(J15=0,0,(D15/J15*100)) -> 0 | M15: =IF(H15=0,1,IF(L15=0,1,H15/L15)) -> 1 | N15: =IF(M15<=1,(((1-AdjHigh)*E15)+(AdjHigh*M15*E15)),(((1-AdjLow)*E15)+(AdjLow*M15*E15))) -> 0 | O15: =N15*I15 -> 0 | P15: =IF(O15=0,0,D15/O15*100) -> 0
A16: Male | B16: White | C16: Prostate* | F16: =IF(E16=0,0,D16/E16) -> 0 | G16: =VLOOKUP(TRIM(A16)&TRIM(B16)&TRIM(C16), RateData, 3*(CaseYear-1995)+5, 0) -> 149.58027 | H16: =VLOOKUP(TRIM(A16)&TRIM(B16)&TRIM(C16), RateData, 3*(CaseYear-1995)+6, 0) -> 21.2366 | I16: =G16/H16 -> 7.0435129 | J16: =E16*I16 -> 0 | K16: =IF(J16=0,0,(D16/J16*100)) -> 0 | M16: =IF(H16=0,1,IF(L16=0,1,H16/L16)) -> 1 | N16: =IF(M16<=1,(((1-AdjHigh)*E16)+(AdjHigh*M16*E16)),(((1-AdjLow)*E16)+(AdjLow*M16*E16))) -> 0 | O16: =N16*I16 -> 0 | P16: =IF(O16=0,0,D16/O16*100) -> 0
A17: Male | B17: White | C17: Bladder (including in situ) | F17: =IF(E17=0,0,D17/E17) -> 0 | G17: =VLOOKUP(TRIM(A17)&TRIM(B17)&TRIM(C17), RateData, 3*(CaseYear-1995)+5, 0) -> 39.621135 | H17: =VLOOKUP(TRIM(A17)&TRIM(B17)&TRIM(C17), RateData, 3*(CaseYear-1995)+6, 0) -> 8.0806704 | I17: =G17/H17 -> 4.9031989 | J17: =E17*I17 -> 0 | K17: =IF(J17=0,0,(D17/J17*100)) -> 0 | M17: =IF(H17=0,1,IF(L17=0,1,H17/L17)) -> 1 | N17: =IF(M17<=1,(((1-AdjHigh)*E17)+(AdjHigh*M17*E17)),(((1-AdjLow)*E17)+(AdjLow*M17*E17))) -> 0 | O17: =N17*I17 -> 0 | P17: =IF(O17=0,0,D17/O17*100) -> 0
A18: Male | B18: White | C18: Kidney and Renal Pelvis | F18: =IF(E18=0,0,D18/E18) -> 0 | G18: =VLOOKUP(TRIM(A18)&TRIM(B18)&TRIM(C18), RateData, 3*(CaseYear-1995)+5, 0) -> 20.602593 | H18: =VLOOKUP(TRIM(A18)&TRIM(B18)&TRIM(C18), RateData, 3*(CaseYear-1995)+6, 0) -> 5.8698557 | I18: =G18/H18 -> 3.5098977 | J18: =E18*I18 -> 0 | K18: =IF(J18=0,0,(D18/J18*100)) -> 0 | M18: =IF(H18=0,1,IF(L18=0,1,H18/L18)) -> 1 | N18: =IF(M18<=1,(((1-AdjHigh)*E18)+(AdjHigh*M18*E18)),(((1-AdjLow)*E18)+(AdjLow*M18*E18))) -> 0 | O18: =N18*I18 -> 0 | P18: =IF(O18=0,0,D18/O18*100) -> 0
A19: Male | B19: White | C19: Brain and Other Nervous System | F19: =IF(E19=0,0,D19/E19) -> 0 | G19: =VLOOKUP(TRIM(A19)&TRIM(B19)&TRIM(C19), RateData, 3*(CaseYear-1995)+5, 0) -> 8.4448765 | H19: =VLOOKUP(TRIM(A19)&TRIM(B19)&TRIM(C19), RateData, 3*(CaseYear-1995)+6, 0) -> 5.6117135 | I19: =G19/H19 -> 1.5048659 | J19: =E19*I19 -> 0 | K19: =IF(J19=0,0,(D19/J19*100)) -> 0 | M19: =IF(H19=0,1,IF(L19=0,1,H19/L19)) -> 1 | N19: =IF(M19<=1,(((1-AdjHigh)*E19)+(AdjHigh*M19*E19)),(((1-AdjLow)*E19)+(AdjLow*M19*E19))) -> 0 | O19: =N19*I19 -> 0 | P19: =IF(O19=0,0,D19/O19*100) -> 0
... A23: Male | B23: White | C23: Leukemias | F23: =IF(E23=0,0,D23/E23) -> 0 | G23: =VLOOKUP(TRIM(A23)&TRIM(B23)&TRIM(C23), RateData, 3*(CaseYear-1995)+5, 0) -> 18.102435 | H23: =VLOOKUP(TRIM(A23)&TRIM(B23)&TRIM(C23), RateData, 3*(CaseYear-1995)+6, 0) -> 9.8180022 | I23: =G23/H23 -> 1.8438003 | J23: =E23*I23 -> 0 | K23: =IF(J23=0,0,(D23/J23*100)) -> 0 | M23: =IF(H23=0,1,IF(L23=0,1,H23/L23)) -> 1 | N23: =IF(M23<=1,(((1-AdjHigh)*E23)+(AdjHigh*M23*E23)),(((1-AdjLow)*E23)+(AdjLow*M23*E23))) -> 0 | O23: =N23*I23 -> 0 | P23: =IF(O23=0,0,D23/O23*100) -> 0
C24: =IF(Registry_Type=4,"Sum of Rates for White Males","Sum of Rates for All Races, Males") -> Sum of Rates for White Males | D24: =SUM(D8:D15)+SUM(D17:D23) -> 0 | J24: =SUM(J8:J15)+SUM(J17:J23) -> 0 | K24: =IF(J24=0,0,(D24/J24*100)) -> 0 | O24: =SUM(O8:O15)+SUM(O17:O23) -> 0 | P24: =IF(O24=0,0,D24/O24*100) -> 0
D27: =Registry -> Alabama | G27: SEER (11 Regs) and US Mortality | J27: Unadjusted Results | L27: Mortality Adjustment Terms | O27: Adjusted for Mortality
C28: =IF(Registry_Type=4,"White Females","All Races, Females") -> White Females | D28: Age-Adjusted Rates (2000 US) | G28: Age-Adjusted Rates (2000 US) | J28: Expected | K28: Unadjusted | L28: Registry | N28: Adj Reg | O28: Expected | P28: Interim
D29: =CaseYear -> 2010 | E29: =RegMCurrentStart&"-"&TEXT(RegMCurrentEnd,"00") -> 2009-2010 | F29: Inc/Mort | G29: =SEERStart&"-"&TEXT(SEEREnd,"00") -> 2006-2010 | H29: =USMortStart&"-"&TEXT(USMortEnd,"00") -> 2006-2010 | I29: Inc/Mort | J29: Incidence | K29: Percent | L29: =RegMRefStart&"-"&TEXT(RegMRefEnd,"00") -> 2006-2010 | M29: Adjust. | N29: =RegMCurrentStart&"-"&TEXT(RegMCurrentEnd,"00") -> 2009-2010 | O29: Incidence | P29: Percent
C30: Cancer Site | D30: Incidence | E30: Mortality | F30: Ratio | G30: Incidence | H30: Mortality | I30: Ratio | J30: Rate | K30: Complete | L30: Mort Rate | M30: Term | N30: Mort Rate | O30: Rate | P30: Complete
A31: Female | B31: White | C31: Oral Cavity and Pharynx | F31: =IF(E31=0,0,D31/E31) -> 0 | G31: =VLOOKUP(TRIM(A31)&TRIM(B31)&TRIM(C31), RateData, 3*(CaseYear-1995)+5, 0) -> 6.2092334 | H31: =VLOOKUP(TRIM(A31)&TRIM(B31)&TRIM(C31), RateData, 3*(CaseYear-1995)+6, 0) -> 1.376525 | I31: =G31/H31 -> 4.5108031 | J31: =E31*I31 -> 0 | K31: =IF(J31=0,0,(D31/J31*100)) -> 0 | M31: =IF(H31=0,1,IF(L31=0,1,H31/L31)) -> 1 | N31: =IF(M31<=1,(((1-AdjHigh)*E31)+(AdjHigh*M31*E31)),(((1-AdjLow)*E31)+(AdjLow*M31*E31))) -> 0 | O31: =N31*I31 -> 0 | P31: =IF(O31=0,0,D31/O31*100) -> 0
A32: Female | B32: White | C32: Esophagus | F32: =IF(E32=0,0,D32/E32) -> 0 | G32: =VLOOKUP(TRIM(A32)&TRIM(B32)&TRIM(C32), RateData, 3*(CaseYear-1995)+5, 0) -> 1.814712 | H32: =VLOOKUP(TRIM(A32)&TRIM(B32)&TRIM(C32), RateData, 3*(CaseYear-1995)+6, 0) -> 1.5683463 | I32: =G32/H32 -> 1.1570863 | J32: =E32*I32 -> 0 | K32: =IF(J32=0,0,(D32/J32*100)) -> 0 | M32: =IF(H32=0,1,IF(L32=0,1,H32/L32)) -> 1 | N32: =IF(M32<=1,(((1-AdjHigh)*E32)+(AdjHigh*M32*E32)),(((1-AdjLow)*E32)+(AdjLow*M32*E32))) -> 0 | O32: =N32*I32 -> 0 | P32: =IF(O32=0,0,D32/O32*100) -> 0
A33: Female | B33: White | C33: Stomach | F33: =IF(E33=0,0,D33/E33) -> 0 | G33: =VLOOKUP(TRIM(A33)&TRIM(B33)&TRIM(C33), RateData, 3*(CaseYear-1995)+5, 0) -> 4.6807184 | H33: =VLOOKUP(TRIM(A33)&TRIM(B33)&TRIM(C33), RateData, 3*(CaseYear-1995)+6, 0) -> 2.1989153 | I33: =G33/H33 -> 2.1286488 | J33: =E33*I33 -> 0 | K33: =IF(J33=0,0,(D33/J33*100)) -> 0 | M33: =IF(H33=0,1,IF(L33=0,1,H33/L33)) -> 1 | N33: =IF(M33<=1,(((1-AdjHigh)*E33)+(AdjHigh*M33*E33)),(((1-AdjLow)*E33)+(AdjLow*M33*E33))) -> 0 | O33: =N33*I33 -> 0 | P33: =IF(O33=0,0,D33/O33*100) -> 0
A34: Female | B34: White | C34: Colon and Rectum | F34: =IF(E34=0,0,D34/E34) -> 0 | G34: =VLOOKUP(TRIM(A34)&TRIM(B34)&TRIM(C34), RateData, 3*(CaseYear-1995)+5, 0) -> 37.825965 | H34: =VLOOKUP(TRIM(A34)&TRIM(B34)&TRIM(C34), RateData, 3*(CaseYear-1995)+6, 0) -> 13.413173 | I34: =G34/H34 -> 2.820061 | J34: =E34*I34 -> 0 | K34: =IF(J34=0,0,(D34/J34*100)) -> 0 | M34: =IF(H34=0,1,IF(L34=0,1,H34/L34)) -> 1 | N34: =IF(M34<=1,(((1-AdjHigh)*E34)+(AdjHigh*M34*E34)),(((1-AdjLow)*E34)+(AdjLow*M34*E34))) -> 0 | O34: =N34*I34 -> 0 | P34: =IF(O34=0,0,D34/O34*100) -> 0
A35: Female | B35: White | C35: Liver | F35: =IF(E35=0,0,D35/E35) -> 0 | G35: =VLOOKUP(TRIM(A35)&TRIM(B35)&TRIM(C35), RateData, 3*(CaseYear-1995)+5, 0) -> 2.9304058 | H35: =VLOOKUP(TRIM(A35)&TRIM(B35)&TRIM(C35), RateData, 3*(CaseYear-1995)+6, 0) -> 2.0012562 | I35: =G35/H35 -> 1.4642832 | J35: =E35*I35 -> 0 | K35: =IF(J35=0,0,(D35/J35*100)) -> 0 | M35: =IF(H35=0,1,IF(L35=0,1,H35/L35)) -> 1 | N35: =IF(M35<=1,(((1-AdjHigh)*E35)+(AdjHigh*M35*E35)),(((1-AdjLow)*E35)+(AdjLow*M35*E35))) -> 0 | O35: =N35*I35 -> 0 | P35: =IF(O35=0,0,D35/O35*100) -> 0
A36: Female | B36: White | C36: Pancreas | F36: =IF(E36=0,0,D36/E36) -> 0 | G36: =VLOOKUP(TRIM(A36)&TRIM(B36)&TRIM(C36), RateData, 3*(CaseYear-1995)+5, 0) -> 10.692991 | H36: =VLOOKUP(TRIM(A36)&TRIM(B36)&TRIM(C36), RateData, 3*(CaseYear-1995)+6, 0) -> 9.3659457 | I36: =G36/H36 -> 1.1416883 | J36: =E36*I36 -> 0 | K36: =IF(J36=0,0,(D36/J36*100)) -> 0 | M36: =IF(H36=0,1,IF(L36=0,1,H36/L36)) -> 1 | N36: =IF(M36<=1,(((1-AdjHigh)*E36)+(AdjHigh*M36*E36)),(((1-AdjLow)*E36)+(AdjLow*M36*E36))) -> 0 | O36: =N36*I36 -> 0 | P36: =IF(O36=0,0,D36/O36*100) -> 0
A37: Female | B37: White | C37: Lung and Bronchus | F37: =IF(E37=0,0,D37/E37) -> 0 | G37: =VLOOKUP(TRIM(A37)&TRIM(B37)&TRIM(C37), RateData, 3*(CaseYear-1995)+5, 0) -> 50.088374 | H37: =VLOOKUP(TRIM(A37)&TRIM(B37)&TRIM(C37), RateData, 3*(CaseYear-1995)+6, 0) -> 40.410486 | I37: =G37/H37 -> 1.2394895 | J37: =E37*I37 -> 0 | K37: =IF(J37=0,0,(D37/J37*100)) -> 0 | M37: =IF(H37=0,1,IF(L37=0,1,H37/L37)) -> 1 | N37: =IF(M37<=1,(((1-AdjHigh)*E37)+(AdjHigh*M37*E37)),(((1-AdjLow)*E37)+(AdjLow*M37*E37))) -> 0 | O37: =N37*I37 -> 0 | P37: =IF(O37=0,0,D37/O37*100) -> 0
A38: Female | B38: White | C38: Melanomas of the Skin | F38: =IF(E38=0,0,D38/E38) -> 0 | G38: =VLOOKUP(TRIM(A38)&TRIM(B38)&TRIM(C38), RateData, 3*(CaseYear-1995)+5, 0) -> 20.851025 | H38: =VLOOKUP(TRIM(A38)&TRIM(B38)&TRIM(C38), RateData, 3*(CaseYear-1995)+6, 0) -> 1.9678281 | I38: =G38/H38 -> 10.595959 | J38: =E38*I38 -> 0 | K38: =IF(J38=0,0,(D38/J38*100)) -> 0 | M38: =IF(H38=0,1,IF(L38=0,1,H38/L38)) -> 1 | N38: =IF(M38<=1,(((1-AdjHigh)*E38)+(AdjHigh*M38*E38)),(((1-AdjLow)*E38)+(AdjLow*M38*E38))) -> 0 | O38: =N38*I38 -> 0 | P38: =IF(O38=0,0,D38/O38*100) -> 0
A39: Female | B39: White | C39: Breast* | F39: =IF(E39=0,0,D39/E39) -> 0 | G39: =VLOOKUP(TRIM(A39)&TRIM(B39)&TRIM(C39), RateData, 3*(CaseYear-1995)+5, 0) -> 129.10563 | H39: =VLOOKUP(TRIM(A39)&TRIM(B39)&TRIM(C39), RateData, 3*(CaseYear-1995)+6, 0) -> 22.091872 | I39: =G39/H39 -> 5.8440331 | J39: =E39*I39 -> 0 | K39: =IF(J39=0,0,(D39/J39*100)) -> 0 | M39: =IF(H39=0,1,IF(L39=0,1,H39/L39)) -> 1 | N39: =IF(M39<=1,(((1-AdjHigh)*E39)+(AdjHigh*M39*E39)),(((1-AdjLow)*E39)+(AdjLow*M39*E39))) -> 0 | O39: =N39*I39 -> 0 | P39: =IF(O39=0,0,D39/O39*100) -> 0
A40: Female | B40: White | C40: Cervix | F40: =IF(E40=0,0,D40/E40) -> 0 | G40: =VLOOKUP(TRIM(A40)&TRIM(B40)&TRIM(C40), RateData, 3*(CaseYear-1995)+5, 0) -> 7.4015314 | H40: =VLOOKUP(TRIM(A40)&TRIM(B40)&TRIM(C40), RateData, 3*(CaseYear-1995)+6, 0) -> 2.1520457 | I40: =G40/H40 -> 3.4393003 | J40: =E40*I40 -> 0 | K40: =IF(J40=0,0,(D40/J40*100)) -> 0 | M40: =IF(H40=0,1,IF(L40=0,1,H40/L40)) -> 1 | N40: =IF(M40<=1,(((1-AdjHigh)*E40)+(AdjHigh*M40*E40)),(((1-AdjLow)*E40)+(AdjLow*M40*E40))) -> 0 | O40: =N40*I40 -> 0 | P40: =IF(O40=0,0,D40/O40*100) -> 0
A41: Female | B41: White | C41: Corpus and Uterus, NOS | F41: =IF(E41=0,0,D41/E41) -> 0 | G41: =VLOOKUP(TRIM(A41)&TRIM(B41)&TRIM(C41), RateData, 3*(CaseYear-1995)+5, 0) -> 26.456664 | H41: =VLOOKUP(TRIM(A41)&TRIM(B41)&TRIM(C41), RateData, 3*(CaseYear-1995)+6, 0) -> 3.9729982 | I41: =G41/H41 -> 6.659118 | J41: =E41*I41 -> 0 | K41: =IF(J41=0,0,(D41/J41*100)) -> 0 | M41: =IF(H41=0,1,IF(L41=0,1,H41/L41)) -> 1 | N41: =IF(M41<=1,(((1-AdjHigh)*E41)+(AdjHigh*M41*E41)),(((1-AdjLow)*E41)+(AdjLow*M41*E41))) -> 0 | O41: =N41*I41 -> 0 | P41: =IF(O41=0,0,D41/O41*100) -> 0
A42: Female | B42: White | C42: Ovary | F42: =IF(E42=0,0,D42/E42) -> 0 | G42: =VLOOKUP(TRIM(A42)&TRIM(B42)&TRIM(C42), RateData, 3*(CaseYear-1995)+5, 0) -> 13.523524 | H42: =VLOOKUP(TRIM(A42)&TRIM(B42)&TRIM(C42), RateData, 3*(CaseYear-1995)+6, 0) -> 8.4164912 | I42: =G42/H42 -> 1.6067889 | J42: =E42*I42 -> 0 | K42: =IF(J42=0,0,(D42/J42*100)) -> 0 | M42: =IF(H42=0,1,IF(L42=0,1,H42/L42)) -> 1 | N42: =IF(M42<=1,(((1-AdjHigh)*E42)+(AdjHigh*M42*E42)),(((1-AdjLow)*E42)+(AdjLow*M42*E42))) -> 0 | O42: =N42*I42 -> 0 | P42: =IF(O42=0,0,D42/O42*100) -> 0
... A49: Female | B49: White | C49: Leukemias | F49: =IF(E49=0,0,D49/E49) -> 0 | G49: =VLOOKUP(TRIM(A49)&TRIM(B49)&TRIM(C49), RateData, 3*(CaseYear-1995)+5, 0) -> 10.868481 | H49: =VLOOKUP(TRIM(A49)&TRIM(B49)&TRIM(C49), RateData, 3*(CaseYear-1995)+6, 0) -> 5.4756623 | I49: =G49/H49 -> 1.9848705 | J49: =E49*I49 -> 0 | K49: =IF(J49=0,0,(D49/J49*100)) -> 0 | M49: =IF(H49=0,1,IF(L49=0,1,H49/L49)) -> 1 | N49: =IF(M49<=1,(((1-AdjHigh)*E49)+(AdjHigh*M49*E49)),(((1-AdjLow)*E49)+(AdjLow*M49*E49))) -> 0 | O49: =N49*I49 -> 0 | P49: =IF(O49=0,0,D49/O49*100) -> 0
C50: =IF(Registry_Type=4,"Sum of Rates for White Females","Sum of Rates for All Races, Females") -> Sum of Rates for White Females | D50: =SUM(D31:D49) -> 0 | J50: =SUM(J31:J49) -> 0 | K50: =IF(J50=0,0,(D50/J50*100)) -> 0 | O50: =SUM(O31:O49) -> 0 | P50: =IF(O50=0,0,D50/O50*100) -> 0
C52: =IF(Registry_Type=4,"Sum of Whites, Gender Weighted","Sum of All Races, Gender Weighted") -> Sum of Whites, Gender Weighted | D52: =IF(Registry_Type=4,(D24*WhiteMalePop+D50*WhiteFemalePop)/WhitePop,(D24*AllRacesMalePop+D50*AllRacesFemalePop)/AllRacesTotalPop) -> 0 | J52: =IF(Registry_Type=4,((J24*WhiteMalePop+J50*WhiteFemalePop)/WhitePop),((J24*AllRacesMalePop+J50*AllRacesFemalePop)/AllRacesTotalPop)) -> 0 | K52: =IF(J52=0,0,(D52/J52*100)) -> 0 | O52: =IF(Registry_Type=4,((O24*WhiteMalePop+O50*WhiteFemalePop)/WhitePop),((O24*AllRacesMalePop+O50*AllRacesFemalePop)/AllRacesTotalPop)) -> 0 | P52: =IF(Registry_Type=4,((P24*WhiteMalePop+P50*WhiteFemalePop)/WhitePop)/100,((P24*AllRacesMalePop+P50*AllRacesFemalePop)/AllRacesTotalPop)/100) -> 0
C53: Overall Total + Breast + Prostate | D53: =#REF!+D50 -> #REF! | J53: =#REF!+J50 -> #REF! | O53: =#REF!+O50 -> #REF!
C55: Notes:
C56: The cancer rates for Male Prostate (Whites and Blacks) and Melanomas of the Skin (Blacks) are not included in the completeness estimates.
C57: The cancer rates for Female Breast (Whites and Blacks) are not included in the completeness estimates.
C58: To include rates for prostate, melanomas, or breast it is necessary to unprotect the worksheet (go to tools, protection, unprotect worksheet)
C59: Rates are per 100,000 and age-adjusted to the 2000 US Std Population (19 age groups - Census P25-1130) standard.
C60: Sites are based on SEER Site Recode with Kaposi and mesothelioma

Sheet Instructions
A1: ='Adjustment Info'!A1 -> Worksheet for Completeness of Case Ascertainment, version 2.2.b
A2: Notes and Instructions for the Completeness of Case Ascertainment Estimate Worksheets
A4: Notes:
A5: 1. | B5: The spreadsheet has been loaded with the information from the SEER Incidence and US Mortality cancer databases.
A6: 2. | B6: The SEER and US Mortality rates may be suppressed due to publication schedules.
A7: 3. | B7: Cancer rates throughout the spreadsheet are per 100,000 and are age-adjusted to the 2000 U.S. Standard.
A8: 4. | B8: The cancer rates for Male Prostate (Whites and Blacks) and Melanomas of the Skin (Blacks) are not included
B9: in the completeness estimate computations.
A10: 5. | B10: The areas requiring information from the Registry are highlighted in yellow.
A11: 6. | B11: The Adjustment Terms have been set to .2 and .2, as per the NAACCR Data Evaluation and Publication Committee.
A14: Instructions:
A15: To obtain an estimate of the completeness of case ascertainment for your registry, perform the following steps:
B16: A: Preliminary Steps:
B17: A1. | C17: Calculate the total number (count) of reportable cases for your registry for the reporting year.
B18: A2. | C18: Complete the NAACCR Duplicate Record Protocol on a sample of all reportable cases.
B20: B: Spreadsheet Setup:
C21: Enter the following information on the RegistryInfo worksheet:
B22: B1. | C22: Enter the Reporting Year for case ascertainment.
B23: B2. | C23: Enter the Registry Area from the list provided.
B24: B3. | C24: Enter the Total Number of reportable cases for your registry for the reporting year (from Step A1).
B25: B4. | C25: Enter the Percent of Duplicate Records per 1,000 records, as per the NAACCR protocol (from Step A2).
B27: C: Registry-specific Incidence and Mortality Rates:
B28: C1. | C28: Compute the age-adjusted cancer incidence and cancer mortality rates (adjusted to US Std Population (19 age groups - Census P25-1130) standard) for your registry for:
D29: White Males
D30: White Females
D31: Black Males
D32: Black Females
C33: Note: | D33: Three sets of rates are required for each of the four race/sex groups:
D34: 1. Incidence rates, one year only, for the reporting year
D35: 2. Mortality rates, 2 year average (Current Mortality), for the 2 year period ending in the reporting year*
D36: 3. Mortality rates, 5 year average (Reference Mortality), for the 5 year period ending in the reporting year
D37: When the Reporting Year and Registry Area are entered in the RegistryInfo worksheet, the column headers
D38: throughout the workbook will display the required year ranges.
E39: * For registries with total populations under 500,000 for one year, use the 3 year average mortality rate
E40: for the 3 year period ending in the reporting year.
C42: Note: | D42: For registries with no information on Race, compute the incidence and mortality rates for All Races Combined,
D43: enter this information in the Whites worksheet, and enter zeroes for all values in the Blacks worksheet.
D44: The RegistryInfo and Completeness Report worksheets will report the All Races information in the
D45: White race areas and zeros in the Black race areas.
B46: C2. | C46: Enter the information from step C1 above on these two worksheets:
C47: Whites
D48: Enter the Age-adjusted Incidence rates for your registry for White Males and White Females in column B.
D49: Enter the Age-adjusted Mortality rates (Current) for your registry for White Males and White Females in column C.
D50: Enter the Age-adjusted Mortality rates (Reference) for your registry for White Males and White Females in column J.
C51: Blacks
D52: Enter the Age-adjusted Incidence rates for your registry for Black Males and Black Females in column B.
D53: Enter the Age-adjusted Mortality rates (Current) for your registry for Black Males and Black Females in column C.
D54: Enter the Age-adjusted Mortality rates (Reference) for your registry for Black Males and Black Females in column J.
A58: Results:
A59: The completeness of case ascertainment estimates are displayed on the Completeness Report worksheet.
A61: The first set of numbers on the Completeness Report worksheet shows the completeness estimates adjusted for the
A62: reference mortality. These figures are for:
B63: Whites, as calculated on the Whites and RegistryInfo worksheets
B64: Blacks, as calculated on the Blacks and RegistryInfo worksheets
B65: Race proportional completeness estimates
A67: The second set of numbers on the Completeness Report worksheet show the final completeness estimates results, adjusted for
A68: reference mortality and duplicate records.
A70: For registries with no information on Race, the results for All Races is shown in the area for Whites.
A73: Questions:
A74: Questions regarding this spreadsheet should be directed to the NAACCR Executive Office.
A76: Note:
A77: If you want to save results for each year, do the calculations and then save the spreadsheet
B78: with a new name, e.g., complete99PA.xls

Sheet Documentation
A1: ='Adjustment Info'!A1 -> Worksheet for Completeness of Case Ascertainment, version 2.2.b
A3: Documentation for Worksheet Formulas
B5: Your State/Province/Area | E5: SEER (11 Regs) and US Mortality | H5: Unadjusted Results | J5: Mortality Adjustment Terms | M5: Adjusted for Mortality
A6: Race/Sex | B6: Age-Adjusted Rates (2000 US) | E6: Age-Adjusted Rates (2000 US) | H6: Expected | I6: Unadjusted | J6: Registry | L6: Adj Reg | M6: Expected | N6: Interim
B7: 2001 | C7: 2000-01 | D7: Inc/Mort | E7: 1997-01 | F7: 1997-01 | G7: Inc/Mort | H7: Incidence | I7: Percent | J7: 1997-01 | K7: Adjust. | L7: 2000-01 | M7: Incidence | N7: Percent
A8: Cancer Site | B8: Incidence | C8: Mortality | D8: Ratio | E8: Incidence | F8: Mortality | G8: Ratio | H8: Rate | I8: Complete | J8: Mort Rate | K8: Term | L8: Mort Rate | M8: Rate | N8: Complete
B9: (1) | C9: (2) | D9: (3)=(1)/(2) | E9: (4) | F9: (5) | G9: (6)=(4)/(5) | H9: (7)=(6)*(2) | I9: (8)=[(1)/(7)]*100 | J9: (9) | K9: (10)=(5)/(9) | L9: (11) | M9: (12)=(6)*(11) | N9: (13)=[(1)/(12)]*100
C12: Current Mortality for Your State/Province/Area | J12: Reference Mortality for Your State/Province/Area
B13: Incidence Rates for Your State/Province/Area
A14: Sum of Race, Gender Weighted | N14: (14)
A16: Formula for Column (11) is as follows:
A17: If (10)<=1
A18: then (11)=(1-AdjHigh)*(2) + AdjHigh*(10)*(2)
A19: else (11)=(1-AdjLow)*(2) + AdjLow*(10)*(2)
A20: where AdjHigh and AdjLow are the reference mortality adjustment terms given on the Adjustment Info sheet.
A22: Formula for Cell (14) is as follows:
A23: (14) = ((SumOfRaceMaleCompleteness*RaceMalePop + SumOfRaceFemaleCompleteness*RaceFemalePop)/RacePop)/100
A24: where RaceMalePop and RaceFemalePop are race-specific populations for males and females from the Populations by Race and Sex sheet,
A25: and RacePop is the race-specific population for males and females combined from the Populations by Race sheet.
A27: Interim Completeness Estimates, Adjusted for Reference Mortality
A29: Whites | C29: Blacks | E29: Race Proportional
A30: Percent | C30: Percent | E30: Percent
A31: Complete | B31: Population | C31: Complete | D31: Population | E31: Complete | F31: Population
A32: (A) | B32: (B) | C32: (C) | D32: (D) | E32: (E) | F32: (F)
A34: Data for Columns (A), (B), (C), (D), and (F) are from the Whites, Blacks and RegistryInfo worksheets.
A35: Formula for Column (E) is (E)=[(A)*(B) + (C)*(D)]/(F)
A36: Formula for Column (F) is (B) + (D)
A39: Final Completeness Estimates, Adjusted for Reference Mortality and Duplicates
A41: (AA) | B41: Total Incidence Cases, 2001
A42: (BB) | B42: Percent Duplicate Records
A43: (CC)=(E) | B43: Race Proportional Completeness Estimates, Adjusted for Reference Mortality
A44: (DD) | B44: 2001 Adjusted Total Incidence Cases
A45: (EE)=(AA)/(CC) | B45: 2001 Expected Incidence Cases
A47: (FF)=(DD)/(EE) | B47: Final Completeness Estimate for 2001, Your State/Province/Area,
B48: Adjusted for Reference Mortality and Duplicate Records
A50: Formula for Row (DD) is as follows:
A51: (DD)=(AA) - [(AA)*(BB)]

Sheet Pops by Race and Sex
A1: Worksheet for Completeness of Case Ascertainment, version 2.2.b
A2: State and Provincial Populations, by Race and Sex, 1995 through 2009
A3: Sources: United States: US Census Bureau as of March 2010; Canada: StatCanada as of December 2010
B5: 1995 | C5: 1995 | D5: 1995 | E5: 1995 | F5: 1995 | G5: 1995 | H5: 1996 | I5: 1996 | J5: 1996 | K5: 1996 | L5: 1996 | M5: 1996 | N5: 1997 | O5: 1997 | P5: 1997 | Q5: 1997 | R5: 1997 | S5: 1997 | T5: 1998 | U5: 1998 | V5: 1998 | W5: 1998 | X5: 1998 | Y5: 1998 | Z5: 1999 | AA5: 1999 | AB5: 1999 | AC5: 1999 | AD5: 1999 | AE5: 1999 | AF5: 2000 | AG5: 2000 | AH5: 2000 | AI5: 2000 | AJ5: 2000 | AK5: 2000 | AL5: 2001 | AM5: 2001 | AN5: 2001 | AO5: 2001 | AP5: 2001 | AQ5: 2001 | AR5: 2002 | AS5: 2002 | AT5: 2002 | AU5: 2002 | AV5: 2002 | AW5: 2002 | AX5: 2003 | AY5: 2003 | AZ5: 2003 | BA5: 2003 | BB5: 2003 | BC5: 2003 | BD5: 2004 | BE5: 2004 | BF5: 2004 | BG5: 2004 | BH5: 2004 | BI5: 2004 | BJ5: 2005 | BK5: 2005 | BL5: 2005 | BM5: 2005 | BN5: 2005 | BO5: 2005 | BP5: 2006 | BQ5: 2006 | BR5: 2006 | BS5: 2006 | BT5: 2006 | BU5: 2006 | BV5: 2007 | BW5: 2007 | BX5: 2007 | BY5: 2007 | BZ5: 2007 | CA5: 2007 | CB5: 2008 | CC5: 2008 | CD5: 2008 | CE5: 2008 | CF5: 2008 | CG5: 2008 | CH5: 2009 | CI5: 2009 | CJ5: 2009 | CK5: 2009 | CL5: 2009 | CM5: 2009 | CN5: 2010 | CO5: 2010 | CP5: 2010 | CQ5: 2010 | CR5: 2010 | CS5: 2010
B6: ALL | C6: ALL | D6: White | E6: White | F6: Black | G6: Black | H6: ALL | I6: ALL | J6: White | K6: White | L6: Black | M6: Black | N6: ALL | O6: ALL | P6: White | Q6: White | R6: Black | S6: Black | T6: ALL | U6: ALL | V6: White | W6: White | X6: Black | Y6: Black | Z6: ALL | AA6: ALL | AB6: White | AC6: White | AD6: Black | AE6: Black | AF6: ALL | AG6: ALL | AH6: White | AI6: White | AJ6: Black | AK6: Black | AL6: ALL | AM6: ALL | AN6: White | AO6: White | AP6: Black | AQ6: Black | AR6: ALL | AS6: ALL | AT6: White | AU6: White | AV6: Black | AW6: Black | AX6: ALL | AY6: ALL | AZ6: White | BA6: White | BB6: Black | BC6: Black | BD6: ALL | BE6: ALL | BF6: White | BG6: White | BH6: Black | BI6: Black | BJ6: ALL | BK6: ALL | BL6: White | BM6: White | BN6: Black | BO6: Black | BP6: ALL | BQ6: ALL | BR6: White | BS6: White | BT6: Black | BU6: Black | BV6: ALL | BW6: ALL | BX6: White | BY6: White | BZ6: Black | CA6: Black | CB6: ALL | CC6: ALL | CD6: White | CE6: White | CF6: Black | CG6: Black | CH6: ALL | CI6: ALL | CJ6: White | CK6: White | CL6: Black | CM6: Black | CN6: ALL | CO6: ALL | CP6: White | CQ6: White | CR6: Black | CS6: Black
B7: Male | C7: Female | D7: Male | E7: Female | F7: Male | G7: Female | H7: Male | I7: Female | J7: Male | K7: Female | L7: Male | M7: Female | N7: Male | O7: Female | P7: Male | Q7: Female | R7: Male | S7: Female | T7: Male | U7: Female | V7: Male | W7: Female | X7: Male | Y7: Female | Z7: Male | AA7: Female | AB7: Male | AC7: Female | AD7: Male | AE7: Female | AF7: Male | AG7: Female | AH7: Male | AI7: Female | AJ7: Male | AK7: Female | AL7: Male | AM7: Female | AN7: Male | AO7: Female | AP7: Male | AQ7: Female | AR7: Male | AS7: Female | AT7: Male | AU7: Female | AV7: Male | AW7: Female | AX7: Male | AY7: Female | AZ7: Male | BA7: Female | BB7: Male | BC7: Female | BD7: Male | BE7: Female | BF7: Male | BG7: Female | BH7: Male | BI7: Female | BJ7: Male | BK7: Female | BL7: Male | BM7: Female | BN7: Male | BO7: Female | BP7: Male | BQ7: Female | BR7: Male | BS7: Female | BT7: Male | BU7: Female | BV7: Male | BW7: Female | BX7: Male | BY7: Female | BZ7: Male | CA7: Female | CB7: Male | CC7: Female | CD7: Male | CE7: Female | CF7: Male | CG7: Female | CH7: Male | CI7: Female | CJ7: Male | CK7: Female | CL7: Male | CM7: Female | CN7: Male | CO7: Female | CP7: Male | CQ7: Female | CR7: Male | CS7: Female
A8: Alabama | B8: 2066303 | C8: 2230497 | D8: 1527045 | E8: 1607048 | F8: 515742 | G8: 598291 | H8: 2083879 | I8: 2247223 | J8: 1538349 | K8: 1616610 | L8: 520918 | M8: 604175 | N8: 2103125 | O8: 2264810 | P8: 1549462 | Q8: 1625381 | R8: 528001 | S8: 612119 | T8: 2122835 | U8: 2281866 | V8: 1562991 | W8: 1635049 | X8: 533599 | Y8: 618649 | Z8: 2136882 | AA8: 2293259 | AB8: 1570643 | AC8: 1640665 | AD8: 539198 | AE8: 623475 | AF8: 2149338 | AG8: 2302835 | AH8: 1576095 | AI8: 1643761 | AJ8: 543178 | AK8: 627439 | AL8: 2158138 | AM8: 2309496 | AN8: 1580087 | AO8: 1645541 | AP8: 546578 | AQ8: 630901 | AR8: 2165719 | AS8: 2314370 | AT8: 1583267 | AU8: 1646445 | AV8: 549217 | AW8: 633374 | AX8: 2179422 | AY8: 2324069 | AZ8: 1590946 | BA8: 1650890 | BB8: 553307 | BC8: 636876 | BD8: 2192872 | BE8: 2337857 | BF8: 1598272 | BG8: 1657539 | BH8: 557319 | BI8: 641873 | BJ8: 2211403 | BK8: 2354514 | BL8: 1609163 | BM8: 1666877 | BN8: 562888 | BO8: 647132 | BP8: 2243501 | BQ8: 2385480 | BR8: 1629110 | BS8: 1685050 | BT8: 572880 | BU8: 657654 | BV8: 2265565 | BW8: 2407275 | BX8: 1643115 | BY8: 1697518 | BZ8: 579036 | CA8: 664831 | CB8: 2287949 | CC8: 2430257 | CD8: 1656414 | CE8: 1710122 | CF8: 586075 | CG8: 673102 | CH8: 2309779 | CI8: 2448159 | CJ8: 1669087 | CK8: 1720115 | CL8: 592661 | CM8: 678586 | CN8: 2322488 | CO8: 2462913 | CP8: 1674201 | CQ8: 1726884 | CR8: 598478 | CS8: 684665
A9: Alaska | B9: 315209 | C9: 289203 | D9: 241228 | E9: 215737 | F9: 13063 | G9: 11791 | H9: 316614 | I9: 291955 | J9: 240895 | K9: 216874 | L9: 12972 | M9: 11491 | N9: 318156 | O9: 294812 | P9: 240363 | Q9: 217545 | R9: 13341 | S9: 12011 | T9: 321423 | U9: 298509 | V9: 241625 | W9: 218931 | X9: 13747 | Y9: 12447 | Z9: 323513 | AA9: 301266 | AB9: 242016 | AC9: 220036 | AD9: 13900 | AE9: 12710 | AF9: 324750 | AG9: 303213 | AH9: 241212 | AI9: 219884 | AJ9: 13979 | AK9: 12728 | AL9: 328135 | AM9: 305579 | AN9: 243010 | AO9: 220808 | AP9: 14442 | AQ9: 12905 | AR9: 332704 | AS9: 309633 | AT9: 245728 | AU9: 222980 | AV9: 14871 | AW9: 13286 | AX9: 335380 | AY9: 313034 | AZ9: 246827 | BA9: 224714 | BB9: 14778 | BC9: 13418 | BD9: 341479 | BE9: 317807 | BF9: 250719 | BG9: 227747 | BH9: 15144 | BI9: 13519 | BJ9: 346026 | BK9: 320920 | BL9: 253360 | BM9: 229332 | BN9: 15369 | BO9: 13402 | BP9: 350181 | BQ9: 325121 | BR9: 256051 | BS9: 231903 | BT9: 15466 | BU9: 13612 | BV9: 353162 | BW9: 327138 | BX9: 257707 | BY9: 232706 | BZ9: 15857 | CA9: 13735 | CB9: 358043 | CC9: 329412 | CD9: 260411 | CE9: 233554 | CF9: 16304 | CG9: 13771 | CH9: 361893 | CI9: 337002 | CJ9: 261942 | CK9: 237925 | CL9: 16271 | CM9: 14302 | CN9: 371569 | CO9: 342577 | CP9: 268492 | CQ9: 241296 | CR9: 17207 | CS9: 14538
A10: Arizona | B10: 2200659 | C10: 2231840 | D10: 1957485 | E10: 1984303 | F10: 77955 | G10: 72469 | H10: 2280058 | I10: 2306882 | J10: 2026609 | K10: 2049348 | L10: 81961 | M10: 75907 | N10: 2357403 | O10: 2379587 | P10: 2095145 | Q10: 2112672 | R10: 85452 | S10: 78993 | T10: 2432754 | U10: 2450588 | V10: 2161465 | W10: 2176043 | X10: 89380 | Y10: 82060 | Z10: 2505524 | AA10: 2518299 | AB10: 2225387 | AC10: 2235195 | AD10: 92706 | AE10: 84913 | AF10: 2576007 | AG10: 2584579 | AH10: 2286610 | AI10: 2292305 | AJ10: 96657 | AK10: 88186 | AL10: 2631801 | AM10: 2641676 | AN10: 2331036 | AO10: 2338263 | AP10: 101524 | AQ10: 92677 | AR10: 2692038 | AS10: 2704217 | AT10: 2378350 | AU10: 2387929 | AV10: 106719 | AW10: 97457 | AX10: 2746287 | AY10: 2764077 | AZ10: 2419988 | BA10: 2434530 | BB10: 111521 | BC10: 102472 | BD10: 2816798 | BE10: 2835606 | BF10: 2474943 | BG10: 2490861 | BH10: 118344 | BI10: 108612 | BJ10: 2908266 | BK10: 2930811 | BL10: 2546316 | BM10: 2565676 | BN10: 126665 | BO10: 116409 | BP10: 3003007 | BQ10: 3026134 | BR10: 2617740 | BS10: 2637738 | BT10: 136589 | BU10: 125561 | BV10: 3070683 | BW10: 3096998 | BX10: 2665511 | BY10: 2688894 | BZ10: 145010 | CA10: 133527 | CB10: 3125084 | CC10: 3155278 | CD10: 2701226 | CE10: 2728728 | CF10: 153329 | CG10: 141288 | CH10: 3153246 | CI10: 3189908 | CJ10: 2715119 | CK10: 2748928 | CL10: 160123 | CM10: 147897 | CN10: 3186528 | CO10: 3226630 | CP10: 2736863 | CQ10: 2774090 | CR10: 164874 | CS10: 152472
A11: Arkansas | B11: 1228626 | C11: 1306773 | D11: 1024618 | E11: 1074863 | F11: 189107 | G11: 215520 | H11: 1248406 | I11: 1323703 | J11: 1039552 | K11: 1087518 | L11: 192760 | M11: 218690 | N11: 1263936 | O11: 1337154 | P11: 1051586 | Q11: 1097570 | R11: 195240 | S11: 221051 | T11: 1277869 | U11: 1348420 | V11: 1062455 | W11: 1105664 | X11: 197552 | Y11: 223228 | Z11: 1292415 | AA11: 1359445 | AB11: 1073571 | AC11: 1114373 | AD11: 199799 | AE11: 224639 | AF11: 1307573 | AG11: 1371015 | AH11: 1084495 | AI11: 1122258 | AJ11: 201462 | AK11: 225797 | AL11: 1314726 | AM11: 1376845 | AN11: 1089018 | AO11: 1125638 | AP11: 202944 | AQ11: 226985 | AR11: 1322688 | AS11: 1383239 | AT11: 1094352 | AU11: 1129765 | AV11: 204372 | AW11: 227958 | AX11: 1333293 | AY11: 1391523 | AZ11: 1101895 | BA11: 1135532 | BB11: 205988 | BC11: 229037 | BD11: 1346638 | BE11: 1403048 | BF11: 1111849 | BG11: 1143496 | BH11: 207731 | BI11: 230981 | BJ11: 1362802 | BK11: 1418295 | BL11: 1123888 | BM11: 1155109 | BN11: 209922 | BO11: 232752 | BP11: 1383333 | BQ11: 1438428 | BR11: 1139123 | BS11: 1169326 | BT11: 213691 | BU11: 236691 | BV11: 1397292 | BW11: 1451358 | BX11: 1149772 | BY11: 1179180 | BZ11: 215316 | CA11: 238117 | CB11: 1410334 | CC11: 1464220 | CD11: 1158925 | CE11: 1187921 | CF11: 217674 | CG11: 240701 | CH11: 1421830 | CI11: 1475013 | CJ11: 1166316 | CK11: 1195266 | CL11: 219939 | CM11: 242268 | CN11: 1434619 | CO11: 1486969 | CP11: 1174454 | CQ11: 1202791 | CR11: 222744 | CS11: 245011
A12: California | B12: 15828381 | C12: 15868201 | D12: 12702578 | E12: 12595432 | F12: 1190468 | G12: 1228166 | H12: 15980592 | I12: 16038242 | J12: 12793592 | K12: 12690865 | L12: 1197412 | M12: 1237485 | N12: 16204891 | O12: 16281119 | P12: 12946925 | Q12: 12848152 | R12: 1206551 | S12: 1248857 | T12: 16455412 | U12: 16532263 | V12: 13124408 | W12: 13017282 | X12: 1217671 | Y12: 1260010 | Z12: 16699043 | AA12: 16800161 | AB12: 13289192 | AC12: 13203242 | AD12: 1228282 | AE12: 1274187 | AF12: 16937562 | AG12: 17050415 | AH12: 13444200 | AI12: 13367420 | AJ12: 1238245 | AK12: 1285547 | AL12: 17185235 | AM12: 17294223 | AN12: 13592819 | AO12: 13505365 | AP12: 1251049 | AQ12: 1296780 | AR12: 17373381 | AS12: 17498462 | AT12: 13697250 | AU12: 13611768 | AV12: 1260806 | AW12: 1306520 | AX12: 17543650 | AY12: 17709509 | AZ12: 13786662 | BA12: 13724880 | BB12: 1268907 | BC12: 1316660 | BD12: 17703161 | BE12: 17871415 | BF12: 13866357 | BG12: 13797310 | BH12: 1278594 | BI12: 1324558 | BJ12: 17831713 | BK12: 17996230 | BL12: 13913945 | BM12: 13832450 | BN12: 1286444 | BO12: 1328963 | BP12: 17923731 | BQ12: 18097471 | BR12: 13927575 | BS12: 13846008 | BT12: 1293213 | BU12: 1333724 | BV12: 18035385 | BW12: 18214926 | BX12: 13957514 | BY12: 13874822 | BZ12: 1301121 | CA12: 1338248 | CB12: 18207365 | CC12: 18396972 | CD12: 14035802 | CE12: 13954544 | CF12: 1313789 | CG12: 1348565 | CH12: 18378154 | CI12: 18583075 | CJ12: 14111915 | CK12: 14035595 | CL12: 1328571 | CM12: 1363153 | CN12: 18561458 | CO12: 18776740 | CP12: 14202283 | CQ12: 14127946 | CR12: 1345820 | CS12: 1379530
A13: CA - Greater Bay | B13: 3044170 | C13: 3057113 | D13: 2198846 | E13: 2171723 | F13: 253117 | G13: 263000 | H13: 3082830 | I13: 3096625 | J13: 2216332 | K13: 2186238 | L13: 251964 | M13: 262718 | N13: 3139539 | O13: 3152414 | P13: 2248089 | Q13: 2213283 | R13: 252460 | S13: 263433 | T13: 3191611 | U13: 3200383 | V13: 2278021 | W13: 2236459 | X13: 252084 | Y13: 263321 | Z13: 3227150 | AA13: 3235369 | AB13: 2293360 | AC13: 2251550 | AD13: 250233 | AE13: 262499 | AF13: 3263942 | AG13: 3269486 | AH13: 2307356 | AI13: 2263098 | AJ13: 249419 | AK13: 262298 | AL13: 3289339 | AM13: 3291302 | AN13: 2302267 | AO13: 2254472 | AP13: 247362 | AQ13: 260098 | AR13: 3268835 | AS13: 3277621 | AT13: 2269121 | AU13: 2223655 | AV13: 243661 | AW13: 256267 | AX13: 3254514 | AY13: 3272987 | AZ13: 2243692 | BA13: 2202445 | BB13: 240782 | BC13: 253285 | BD13: 3243705 | BE13: 3268798 | BF13: 2222824 | BG13: 2183293 | BH13: 238032 | BI13: 250707 | BJ13: 3247643 | BK13: 3276690 | BL13: 2211264 | BM13: 2171512 | BN13: 236727 | BO13: 248903 | BP13: 3256538 | BQ13: 3290916 | BR13: 2202194 | BS13: 2164005 | BT13: 236441 | BU13: 248317 | BV13: 3284416 | BW13: 3320999 | BX13: 2207334 | BY13: 2167774 | BZ13: 237207 | CA13: 248656 | CB13: 3331457 | CC13: 3370248 | CD13: 2224714 | CE13: 2184838 | CF13: 239859 | CG13: 250269 | CH13: 3376072 | CI13: 3416603 | CJ13: 2241774 | CK13: 2199898 | CL13: 242919 | CM13: 253456 | CN13: 3410957 | CO13: 3453457 | CP13: 2252683 | CQ13: 2209586 | CR13: 245882 | CS13: 256131
A14: CA - Greater California | B14: 8271379 | C14: 8234905 | D14: 7063943 | E14: 7020680 | F14: 454780 | G14: 421927 | H14: 8371459 | I14: 8340878 | J14: 7129769 | K14: 7088535 | L14: 466432 | M14: 433598 | N14: 8504702 | O14: 8482817 | P14: 7226787 | Q14: 7189313 | R14: 477461 | S14: 445165 | T14: 8652134 | U14: 8629958 | V14: 7336059 | W14: 7295615 | X14: 489877 | Y14: 456970 | Z14: 8804506 | AA14: 8794889 | AB14: 7445677 | AC14: 7417262 | AD14: 503346 | AE14: 471016 | AF14: 8958885 | AG14: 8957473 | AH14: 7554634 | AI14: 7532502 | AJ14: 515759 | AK14: 484518 | AL14: 9139276 | AM14: 9133507 | AN14: 7681770 | AO14: 7651004 | AP14: 529816 | AQ14: 497876 | AR14: 9310647 | AS14: 9308827 | AT14: 7798659 | AU14: 7765330 | AV14: 542500 | AW14: 511380 | AX14: 9468223 | AY14: 9490290 | AZ14: 7901102 | BA14: 7884080 | BB14: 554459 | BC14: 525426 | BD14: 9626841 | BE14: 9641969 | BF14: 8000991 | BG14: 7974575 | BH14: 568811 | BI14: 538650 | BJ14: 9755064 | BK14: 9762173 | BL14: 8072577 | BM14: 8035709 | BN14: 581513 | BO14: 549934 | BP14: 9864395 | BQ14: 9871398 | BR14: 8125478 | BS14: 8085551 | BT14: 594458 | BU14: 562144 | BV14: 9967017 | BW14: 9977520 | BX14: 8175477 | BY14: 8136352 | BZ14: 606499 | CA14: 572800 | CB14: 10075003 | CC14: 10092482 | CD14: 8231253 | CE14: 8194943 | CF14: 618623 | CG14: 584965 | CH14: 10175995 | CI14: 10205159 | CJ14: 8279094 | CK14: 8249840 | CL14: 629368 | CM14: 596594 | CN14: 10306293 | CO14: 10340718 | CP14: 8352761 | CQ14: 8324900 | CR14: 641306 | CS14: 609215
A15: CA - Los Angeles | B15: 4512832 | C15: 4576183 | D15: 3439789 | E15: 3403029 | F15: 482571 | G15: 543239 | H15: 4526303 | I15: 4600739 | J15: 3447491 | K15: 3416092 | L15: 479016 | M15: 541169 | N15: 4560650 | O15: 4645888 | P15: 3472049 | Q15: 3445556 | R15: 476630 | S15: 540259 | T15: 4611667 | U15: 4701922 | V15: 3510328 | W15: 3485208 | X15: 475710 | Y15: 539719 | Z15: 4667387 | AA15: 4769903 | AB15: 3550155 | AC15: 3534430 | AD15: 474703 | AE15: 540672 | AF15: 4714735 | AG15: 4823456 | AH15: 3582210 | AI15: 3571820 | AJ15: 473067 | AK15: 538731 | AL15: 4756620 | AM15: 4869414 | AN15: 3608782 | AO15: 3599889 | AP15: 473871 | AQ15: 538806 | AR15: 4793899 | AS15: 4912014 | AT15: 3629470 | AU15: 3622783 | AV15: 474645 | AW15: 538873 | AX15: 4820913 | AY15: 4946232 | AZ15: 3641868 | BA15: 3638355 | BB15: 473666 | BC15: 537949 | BD15: 4832615 | BE15: 4960648 | BF15: 3642542 | BG15: 3639442 | BH15: 471751 | BI15: 535201 | BJ15: 4829006 | BK15: 4957367 | BL15: 3630104 | BM15: 3625229 | BN15: 468204 | BO15: 530126 | BP15: 4802798 | BQ15: 4935157 | BR15: 3599903 | BS15: 3596452 | BT15: 462314 | BU15: 523263 | BV15: 4783952 | BW15: 4916407 | BX15: 3574703 | BY15: 3570696 | BZ15: 457415 | CA15: 516792 | CB15: 4800905 | CC15: 4934242 | CD15: 3579835 | CE15: 3574763 | CF15: 455307 | CG15: 513331 | CH15: 4826087 | CI15: 4961313 | CJ15: 3591047 | CK15: 3585857 | CL15: 456284 | CM15: 513103 | CN15: 4844208 | CO15: 4982565 | CP15: 3596839 | CQ15: 3593460 | CR15: 458632 | CS15: 514184
A16: Colorado | B16: 1911737 | C16: 1914916 | D16: 1767688 | E16: 1770171 | F16: 83285 | G16: 79274 | H16: 1960500 | I16: 1959472 | J16: 1811015 | K16: 1808880 | L16: 85277 | M16: 81395 | N16: 2012788 | O16: 2005505 | P16: 1856972 | Q16: 1848917 | R16: 87795 | S16: 83511 | T16: 2065913 | U16: 2050726 | V16: 1902138 | W16: 1886832 | X16: 91458 | Y16: 86014 | Z16: 2124660 | AA16: 2101358 | AB16: 1952428 | AC16: 1930473 | AD16: 94708 | AE16: 88362 | AF16: 2179179 | AG16: 2147742 | AH16: 1996137 | AI16: 1967790 | AJ16: 98844 | AK16: 91026 | AL16: 2229982 | AM16: 2195705 | AN16: 2038752 | AO16: 2007381 | AP16: 102249 | AQ16: 94127 | AR16: 2261741 | AS16: 2228665 | AT16: 2064190 | AU16: 2033557 | AV16: 104651 | AW16: 96498 | AX16: 2275518 | AY16: 2253214 | AZ16: 2074461 | BA16: 2053169 | BB16: 105326 | BC16: 97723 | BD16: 2300502 | BE16: 2274511 | BF16: 2092418 | BG16: 2068534 | BH16: 108718 | BI16: 99604 | BJ16: 2323650 | BK16: 2308238 | BL16: 2110882 | BM16: 2095666 | BN16: 109941 | BO16: 101535 | BP16: 2367463 | BQ16: 2352960 | BR16: 2146621 | BS16: 2131843 | BT16: 113775 | BU16: 105035 | BV16: 2407435 | BW16: 2396433 | BX16: 2179296 | BY16: 2167190 | BZ16: 116916 | CA16: 107830 | CB16: 2450670 | CC16: 2439060 | CD16: 2213403 | CE16: 2201124 | CF16: 120954 | CG16: 110838 | CH16: 2491485 | CI16: 2480710 | CJ16: 2244756 | CK16: 2233809 | CL16: 125052 | CM16: 114257 | CN16: 2531802 | CO16: 2515890 | CP16: 2274730 | CQ16: 2259546 | CR16: 129824 | CS16: 117642
A17: Connecticut | B17: 1608911 | C17: 1715233 | D17: 1420040 | E17: 1510081 | F17: 148889 | G17: 164498 | H17: 1614900 | I17: 1721785 | J17: 1421613 | K17: 1511353 | L17: 151534 | M17: 167654 | N17: 1621129 | O17: 1728219 | P17: 1422732 | Q17: 1511865 | R17: 154558 | S17: 170869 | T17: 1628166 | U17: 1737186 | V17: 1423548 | W17: 1514084 | X17: 158799 | Y17: 175029 | Z17: 1639253 | AA17: 1747148 | AB17: 1427459 | AC17: 1517316 | AD17: 162682 | AE17: 179119 | AF17: 1652459 | AG17: 1759318 | AH17: 1433867 | AI17: 1522945 | AJ17: 166129 | AK17: 182925 | AL17: 1663876 | AM17: 1768959 | AN17: 1439050 | AO17: 1526178 | AP17: 169368 | AQ17: 186072 | AR17: 1678249 | AS17: 1780500 | AT17: 1445949 | AU17: 1529990 | AV17: 172984 | AW17: 190038 | AX17: 1690868 | AY17: 1793468 | AZ17: 1451258 | BA17: 1534880 | BB17: 176457 | BC17: 193960 | BD17: 1698016 | BE17: 1798078 | BF17: 1452688 | BG17: 1533567 | BH17: 179197 | BI17: 196678 | BJ17: 1704888 | BK17: 1802068 | BL17: 1453683 | BM17: 1531059 | BN17: 182038 | BO17: 199514 | BP17: 1709785 | BQ17: 1807675 | BR17: 1452267 | BS17: 1529847 | BT17: 185020 | BU17: 203100 | BV17: 1715653 | BW17: 1811617 | BX17: 1451874 | BY17: 1527439 | BZ17: 188372 | CA17: 206268 | CB17: 1724830 | CC17: 1820749 | CD17: 1454712 | CE17: 1529304 | CF17: 191680 | CG17: 209963 | CH17: 1733028 | CI17: 1828779 | CJ17: 1456309 | CK17: 1529535 | CL17: 195522 | CM17: 214375 | CN17: 1740634 | CO17: 1834864 | CP17: 1457834 | CQ17: 1529228 | CR17: 198752 | CS17: 217858
A18: Delaware | B18: 354589 | C18: 375145 | D18: 282726 | E18: 295806 | F18: 64125 | G18: 71047 | H18: 359824 | I18: 381153 | J18: 285583 | K18: 299109 | L18: 66178 | M18: 73341 | N18: 364883 | O18: 386604 | P18: 288106 | Q18: 301250 | R18: 68290 | S18: 76004 | T18: 370353 | U18: 392982 | V18: 290641 | W18: 304676 | X18: 70705 | Y18: 78298 | Z18: 376258 | AA18: 398732 | AB18: 293655 | AC18: 307558 | AD18: 72959 | AE18: 80684 | AF18: 381926 | AG18: 404447 | AH18: 296453 | AI18: 310521 | AJ18: 75017 | AK18: 82943 | AL18: 386350 | AM18: 409349 | AN18: 298155 | AO18: 312287 | AP18: 76965 | AQ18: 85241 | AR18: 391517 | AS18: 414652 | AT18: 300600 | AU18: 314428 | AV18: 79055 | AW18: 87528 | AX18: 397201 | AY18: 420802 | AZ18: 303329 | BA18: 317170 | BB18: 81084 | BC18: 89938 | BD18: 403483 | BE18: 427320 | BF18: 306533 | BG18: 320300 | BH18: 83158 | BI18: 92447 | BJ18: 409923 | BK18: 435227 | BL18: 309321 | BM18: 324077 | BN18: 85890 | BO18: 95590 | BP18: 416502 | BQ18: 442766 | BR18: 312288 | BS18: 327765 | BT18: 88542 | BU18: 98606 | BV18: 422351 | BW18: 449398 | BX18: 314907 | BY18: 330199 | BZ18: 90860 | CA18: 101755 | CB18: 428393 | CC18: 455481 | CD18: 317486 | CE18: 332825 | CF18: 93496 | CG18: 104317 | CH18: 431935 | CI18: 459795 | CJ18: 318480 | CK18: 334125 | CL18: 95280 | CM18: 106495 | CN18: 435955 | CO18: 463837 | CP18: 320212 | CQ18: 335836 | CR18: 97065 | CS18: 108269
A19: Washington, DC | B19: 272609 | C19: 307908 | D19: 92720 | E19: 94241 | F19: 171451 | G19: 203928 | H19: 268368 | I19: 304009 | J19: 93414 | K19: 94174 | L19: 166784 | M19: 200068 | N19: 266993 | O19: 300743 | P19: 94768 | Q19: 94908 | R19: 164193 | S19: 196112 | T19: 265900 | U19: 299330 | V19: 95894 | W19: 95900 | X19: 161869 | Y19: 193436 | Z19: 268416 | AA19: 301797 | AB19: 98977 | AC19: 98382 | AD19: 160821 | AE19: 193200 | AF19: 269403 | AG19: 302643 | AH19: 100130 | AI19: 98857 | AJ19: 160510 | AK19: 192954 | AL19: 270764 | AM19: 303740 | AN19: 103117 | AO19: 101567 | AP19: 158551 | AQ19: 190985 | AR19: 270012 | AS19: 303146 | AT19: 103704 | AU19: 102628 | AV19: 157094 | AW19: 188986 | AX19: 267895 | AY19: 300607 | AZ19: 103760 | BA19: 102745 | BB19: 154702 | BC19: 186049 | BD19: 267470 | BE19: 300284 | BF19: 105620 | BG19: 104632 | BH19: 152025 | BI19: 183272 | BJ19: 267523 | BK19: 299613 | BL19: 108393 | BM19: 107161 | BN19: 149286 | BO19: 180043 | BP19: 269359 | BQ19: 301322 | BR19: 111125 | BS19: 110139 | BT19: 147437 | BU19: 177627 | BV19: 271455 | BW19: 302949 | BX19: 114615 | BY19: 114031 | BZ19: 145989 | CA19: 175505 | CB19: 273971 | CC19: 306265 | CD19: 117737 | CE19: 117683 | CF19: 144700 | CG19: 173692 | CH19: 280400 | CI19: 311828 | CJ19: 123355 | CK19: 123832 | CL19: 144766 | CM19: 173212 | CN19: 285786 | CO19: 319126 | CP19: 127952 | CQ19: 128759 | CR19: 145296 | CS19: 174135
... A78: Yukon | B78: 15685 | C78: 14757 | D78: 0 | E78: 0 | F78: 0 | G78: 0 | H78: 16290 | I78: 15097 | J78: 0 | K78: 0 | L78: 0 | M78: 0 | N78: 16481 | O78: 15316 | P78: 0 | Q78: 0 | R78: 0 | S78: 0 | T78: 16104 | U78: 15045 | V78: 0 | W78: 0 | X78: 0 | Y78: 0 | Z78: 15813 | AA78: 14972 | AB78: 0 | AC78: 0 | AD78: 0 | AE78: 0 | AF78: 15577 | AG78: 14854 | AH78: 0 | AI78: 0 | AJ78: 0 | AK78: 0 | AL78: 15342 | AM78: 14814 | AN78: 0 | AO78: 0 | AP78: 0 | AQ78: 0 | AR78: 15452 | AS78: 14906 | AT78: 0 | AU78: 0 | AV78: 0 | AW78: 0 | AX78: 15760 | AY78: 15203 | AZ78: 0 | BA78: 0 | BB78: 0 | BC78: 0 | BD78: 16047 | BE78: 15426 | BF78: 0 | BG78: 0 | BH78: 0 | BI78: 0 | BJ78: 16277 | BK78: 15627 | BL78: 0 | BM78: 0 | BN78: 0 | BO78: 0 | BP78: 16513 | BQ78: 15763 | BR78: 0 | BS78: 0 | BT78: 0 | BU78: 0 | BV78: 16615 | BW78: 15946 | BX78: 0 | BY78: 0 | BZ78: 0 | CA78: 0 | CB78: 16928 | CC78: 16172 | CD78: 0 | CE78: 0 | CF78: 0 | CG78: 0 | CH78: 17212 | CI78: 16535 | CJ78: 0 | CK78: 0 | CL78: 0 | CM78: 0 | CN78: 17627 | CO78: 17005 | CP78: 0 | CQ78: 0 | CR78: 0 | CS78: 0

Sheet SEER US MORT Rates
B1: Worksheet for Completeness of Case Ascertainment, version 2.2.b
B2: SEER11 Incidence Rates, US Mortality Rates, and Rate Ratios
B3: Sources: Incidence: NCI SEER Program, December 2010 Data Submission; Mortality: NCHS as of April 2011;
B4: Populations: US Census Bureau as of December 2010
E6: SEER11 | F6: US Mort | G6: SEER/US | H6: SEER11 | I6: US Mort | J6: SEER/US | K6: SEER11 | L6: US Mort | M6: SEER/US | N6: SEER11 | O6: US Mort | P6: SEER/US | Q6: SEER11 | R6: US Mort | S6: SEER/US | T6: SEER11 | U6: US Mort | V6: SEER/US | W6: SEER11 | X6: US Mort | Y6: SEER/US | Z6: SEER11 | AA6: US Mort | AB6: SEER/US | AC6: SEER 11 | AD6: US MORT | AE6: SEER/US | AF6: SEER 11 | AG6: US MORT | AH6: SEER/US | AI6: SEER 11 | AJ6: US MORT | AK6: SEER/US | AL6: SEER 11 | AM6: US MORT | AN6: SEER/US | AO6: SEER 11 | AP6: US MORT | AQ6: SEER/US | AR6: SEER 11 | AS6: US MORT | AT6: SEER/US | AU6: SEER 11 | AV6: US MORT | AW6: SEER/US | AX6: SEER 11 | AY6: US MORT | AZ6: SEER/US
E7: 1991-1995 | F7: 1991-1995 | G7: 1991-1995 | H7: 1992-1996 | I7: 1992-1996 | J7: 1992-1996 | K7: 1993-1997 | L7: 1993-1997 | M7: 1993-1997 | N7: 1994-1998 | O7: 1994-1998 | P7: 1994-1998 | Q7: 1995-1999 | R7: 1995-1999 | S7: 1995-1999 | T7: 1996-2000 | U7: 1996-2000 | V7: 1996-2000 | W7: 1997-2001 | X7: 1997-2001 | Y7: 1997-2001 | Z7: 1998-2002 | AA7: 1998-2002 | AB7: 1998-2002 | AC7: 1999-2003 | AD7: 1999-2003 | AE7: 1999-2003 | AF7: 2000-2004 | AG7: 2000-2004 | AH7: 2000-2004 | AI7: 2001-2005 | AJ7: 2001-2005 | AK7: 2001-2005 | AL7: 2002-2006 | AM7: 2002-2006 | AN7: 2002-2006 | AO7: 2003-2007 | AP7: 2003-2007 | AQ7: 2003-2007 | AR7: 2004-2008 | AS7: 2004-2008 | AT7: 2004-2008 | AU7: 2005-2009 | AV7: 2005-2009 | AW7: 2005-2009 | AX7: 2006-2010 | AY7: 2006-2010 | AZ7: 2006-2010
B8: Gender | C8: Race | D8: Cancer | E8: Rate | F8: Rate | G8: Ratio | H8: Rate | I8: Rate | J8: Ratio | K8: Rate | L8: Rate | M8: Ratio | N8: Rate | O8: Rate | P8: Ratio | Q8: Rate | R8: Rate | S8: Ratio | T8: Rate | U8: Rate | V8: Ratio | W8: Rate | X8: Rate | Y8: Ratio | Z8: Rate | AA8: Rate | AB8: Ratio | AC8: RATE | AD8: RATE | AE8: RATIO | AF8: RATE | AG8: RATE | AH8: RATIO | AI8: RATE | AJ8: RATE | AK8: RATIO | AL8: RATE | AM8: RATE | AN8: RATIO | AO8: RATE | AP8: RATE | AQ8: RATIO | AR8: RATE | AS8: RATE | AT8: RATIO | AU8: RATE | AV8: RATE | AW8: RATIO | AX8: RATE | AY8: RATE | AZ8: RATIO
A9: MaleWhiteOral Cavity and Pharynx | B9: Male | C9: White | D9: Oral Cavity and Pharynx | E9: #N/A | F9: 4.6036682 | G9: #N/A | H9: 17.009713 | I9: 4.4771888 | J9: 3.799195 | K9: 16.804384 | L9: 4.3778729 | M9: 3.8384814 | N9: 16.569297 | O9: 4.2845302 | P9: 3.8672378 | Q9: 16.271055 | R9: 4.1629269 | S9: 3.9085613 | T9: 16.123159 | U9: 4.0234417 | V9: 4.0073053 | W9: 15.843995 | X9: 3.9525902 | Y9: 4.0085094 | Z9: 15.687108 | AA9: 3.8919554 | AB9: 4.0306494 | AC9: 15.499741 | AD9: 3.8134143 | AE9: 4.064531 | AF9: 15.590572 | AG9: 3.7943904 | AH9: 4.1088475 | AI9: 15.556792 | AJ9: 3.7667215 | AK9: 4.1300615 | AL9: 15.477927 | AM9: 3.7118277 | AN9: 4.1698938 | AO9: 15.470653 | AP9: 3.6798828 | AQ9: 4.2041156 | AR9: 15.677462 | AS9: 3.6450608 | AT9: 4.3010151 | AU9: 15.8162 | AV9: 3.6064088 | AW9: 4.3855815 | AX9: 15.871862 | AY9: 3.6266047 | AZ9: 4.3765072
A10: MaleWhiteEsophagus | B10: Male | C10: White | D10: Esophagus | E10: #N/A | F10: 6.7232696 | G10: #N/A | H10: 6.9397828 | I10: 6.8468188 | J10: 1.0135777 | K10: 7.0031071 | L10: 6.9454758 | M10: 1.0082977 | N10: 7.1487935 | O10: 7.0863712 | P10: 1.0088088 | Q10: 7.3999281 | R10: 7.189065 | S10: 1.0293311 | T10: 7.5779988 | U10: 7.3017665 | V10: 1.0378309 | W10: 7.7585945 | X10: 7.422058 | Y10: 1.0453428 | Z10: 7.8012427 | AA10: 7.5543088 | AB10: 1.0326878 | AC10: 7.840338 | AD10: 7.6339722 | AE10: 1.0270326 | AF10: 7.9676458 | AG10: 7.6994706 | AH10: 1.0348303 | AI10: 8.016681 | AJ10: 7.8020141 | AK10: 1.0275143 | AL10: 7.8847735 | AM10: 7.8666281 | AN10: 1.0023066 | AO10: 7.9594527 | AP10: 7.8733582 | AQ10: 1.0109349 | AR10: 7.9803439 | AS10: 7.8763644 | AT10: 1.0132015 | AU10: 7.898036 | AV10: 7.8626005 | AW10: 1.0045068 | AX10: 7.8307691 | AY10: 7.8062708 | AZ10: 1.0031383
A11: MaleWhiteStomach | B11: Male | C11: White | D11: Stomach | E11: #N/A | F11: 7.2982841 | G11: #N/A | H11: 12.139038 | I11: 7.0238917 | J11: 1.7282496 | K11: 11.920804 | L11: 6.8268025 | M11: 1.7461768 | N11: 11.669591 | O11: 6.570497 | P11: 1.7760591 | Q11: 11.447554 | R11: 6.3177109 | S11: 1.8119781 | T11: 11.202921 | U11: 6.0680984 | V11: 1.8461997 | W11: 10.885561 | X11: 5.8275845 | Y11: 1.867937 | Z11: 10.718385 | AA11: 5.6228429 | AB11: 1.9062217 | AC11: 10.522959 | AD11: 5.419974 | AE11: 1.9415147 | AF11: 10.358559 | AG11: 5.2452785 | AH11: 1.974835 | AI11: 10.14393 | AJ11: 5.0373593 | AK11: 2.0137397 | AL11: 10.037402 | AM11: 4.8527231 | AN11: 2.0684062 | AO11: 9.9209653 | AP11: 4.6730671 | AQ11: 2.1230094 | AR11: 9.7534831 | AS11: 4.5101304 | AT11: 2.1625723 | AU11: 9.6797568 | AV11: 4.3488582 | AW11: 2.2258157 | AX11: 9.6045281 | AY11: 4.2371547 | AZ11: 2.26674
A12: MaleWhiteColon and Rectum | B12: Male | C12: White | D12: Colon and Rectum | E12: #N/A | F12: 28.289399 | G12: #N/A | H12: 65.626223 | I12: 27.669865 | J12: 2.371758 | K12: 65.005722 | L12: 27.010563 | M12: 2.4066778 | N12: 64.967195 | O12: 26.399945 | P12: 2.4608837 | Q12: 64.741453 | R12: 25.831622 | S12: 2.5062868 | T12: 64.626637 | U12: 25.29609 | V12: 2.5548074 | W12: 63.863289 | X12: 24.802885 | Y12: 2.5748331 | Z12: 62.416995 | AA12: 24.342074 | AB12: 2.564161 | AC12: 60.683501 | AD12: 23.835786 | AE12: 2.5458988 | AF12: 59.020189 | AG12: 23.087654 | AH12: 2.5563528 | AI12: 57.413171 | AJ12: 22.307844 | AK12: 2.5736764 | AL12: 55.601774 | AM12: 21.548402 | AN12: 2.58032 | AO12: 54.16562 | AP12: 20.807493 | AQ12: 2.6031786 | AR12: 52.868631 | AS12: 20.085949 | AT12: 2.6321201 | AU12: 51.192453 | AV12: 19.54502 | AW12: 2.619207 | AX12: 49.313825 | AY12: 19.057426 | AZ12: 2.5876435
A13: MaleWhiteLiver | B13: Male | C13: White | D13: Liver | E13: #N/A | F13: 4.4079743 | G13: #N/A | H13: 5.1313526 | I13: 4.5571633 | J13: 1.1259971 | K13: 5.3706678 | L13: 4.6701089 | M13: 1.1500091 | N13: 5.5922143 | O13: 4.801118 | P13: 1.1647733 | Q13: 5.939219 | R13: 4.8807586 | S13: 1.2168639 | T13: 6.2695072 | U13: 4.9375217 | V13: 1.269768 | W13: 6.3955806 | X13: 5.0147104 | Y13: 1.2753639 | Z13: 6.6227693 | AA13: 5.0967212 | AB13: 1.2994176 | AC13: 6.9081881 | AD13: 5.1723388 | AE13: 1.3356024 | AF13: 7.1906876 | AG13: 5.2659465 | AH13: 1.3655071 | AI13: 7.5553299 | AJ13: 5.4184326 | AK13: 1.3943755 | AL13: 8.0073424 | AM13: 5.5180754 | AN13: 1.4511114 | AO13: 8.5229773 | AP13: 5.6157583 | AQ13: 1.5176895 | AR13: 8.960323 | AS13: 5.7672075 | AT13: 1.5536675 | AU13: 9.4040744 | AV13: 5.9602898 | AW13: 1.5777881 | AX13: 9.682039 | AY13: 6.0915644 | AZ13: 1.5894175
A14: MaleWhitePancreas | B14: Male | C14: White | D14: Pancreas | E14: #N/A | F14: 12.086067 | G14: #N/A | H14: 12.357553 | I14: 11.991775 | J14: 1.0305025 | K14: 12.363452 | L14: 11.940673 | M14: 1.0354066 | N14: 12.511117 | O14: 11.936391 | P14: 1.0481491 | Q14: 12.485959 | R14: 11.952275 | S14: 1.0446512 | T14: 12.532895 | U14: 11.965533 | V14: 1.0474163 | W14: 12.669033 | X14: 12.01921 | Y14: 1.0540654 | Z14: 12.750223 | AA14: 12.041786 | AB14: 1.0588316 | AC14: 12.652995 | AD14: 12.021337 | AE14: 1.0525447 | AF14: 12.826118 | AG14: 12.056417 | AH14: 1.0638416 | AI14: 13.000665 | AJ14: 12.120493 | AK14: 1.0726185 | AL14: 13.208863 | AM14: 12.191317 | AN14: 1.0834648 | AO14: 13.404924 | AP14: 12.265975 | AQ14: 1.0928543 | AR14: 13.683427 | AS14: 12.363665 | AT14: 1.1067452 | AU14: 13.845776 | AV14: 12.388757 | AW14: 1.1176081 | AX14: 13.802945 | AY14: 12.457835 | AZ14: 1.1079731
A15: MaleWhiteLung and Bronchus | B15: Male | C15: White | D15: Lung and Bronchus | E15: #N/A | F15: 85.087187 | G15: #N/A | H15: 86.616017 | I15: 83.773638 | J15: 1.0339293 | K15: 84.595378 | L15: 82.540147 | M15: 1.0248998 | N15: 83.381674 | O15: 81.120269 | P15: 1.0278772 | Q15: 81.88421 | R15: 79.48576 | S15: 1.0301746 | T15: 80.137233 | U15: 78.04721 | V15: 1.026779 | W15: 78.8465 | X15: 76.698829 | Y15: 1.0280014 | Z15: 77.639284 | AA15: 75.31842 | AB15: 1.030814 | AC15: 76.084348 | AD15: 73.882645 | AE15: 1.0298 | AF15: 74.395307 | AG15: 72.682721 | AH15: 1.0235625 | AI15: 73.303452 | AJ15: 71.419547 | AK15: 1.026378 | AL15: 71.751017 | AM15: 69.965176 | AN15: 1.0255247 | AO15: 70.44766 | AP15: 68.33092 | AQ15: 1.0309778 | AR15: 68.761915 | AS15: 66.762025 | AT15: 1.0299555 | AU15: 67.674939 | AV15: 65.080821 | AW15: 1.03986 | AX15: 65.827583 | AY15: 63.247513 | AZ15: 1.0407932
A16: MaleWhiteMelanomas of the Skin | B16: Male | C16: White | D16: Melanomas of the Skin | E16: #N/A | F16: 4.3011125 | G16: #N/A | H16: 22.147769 | I16: 4.341911 | J16: 5.1009265 | K16: 22.98895 | L16: 4.3685428 | M16: 5.262384 | N16: 24.050655 | O16: 4.4224802 | P16: 5.4382731 | Q16: 24.822533 | R16: 4.4221207 | S16: 5.6132645 | T16: 25.681533 | U16: 4.4082127 | V16: 5.8258381 | W16: 26.35109 | X16: 4.3848967 | Y16: 6.009512 | Z16: 26.85935 | AA16: 4.3536042 | AB16: 6.1694515 | AC16: 27.323837 | AD16: 4.3193324 | AE16: 6.3259399 | AF16: 27.993335 | AG16: 4.3616042 | AH16: 6.4181283 | AI16: 28.961625 | AJ16: 4.415549 | AK16: 6.559009 | AL16: 29.66818 | AM16: 4.4668997 | AN16: 6.6417835 | AO16: 30.609059 | AP16: 4.5222121 | AQ16: 6.7686031 | AR16: 31.736499 | AS16: 4.5625432 | AT16: 6.955879 | AU16: 32.391118 | AV16: 4.620439 | AW16: 7.0103983 | AX16: 32.554522 | AY16: 4.6444764 | AZ16: 7.0092986
A17: MaleWhiteBreast | B17: Male | C17: White | D17: Breast | E17: #N/A | F17: 0.31562162 | G17: #N/A | H17: 1.0994637 | I17: 0.32348702 | J17: 3.3987877 | K17: 1.101777 | L17: 0.32373473 | M17: 3.4033328 | N17: 1.1169634 | O17: 0.31872651 | P17: 3.5044571 | Q17: 1.0876564 | R17: 0.31405991 | S17: 3.4632132 | T17: 1.1548659 | U17: 0.31957728 | V17: 3.6137298 | W17: 1.1508219 | X17: 0.322726 | Y17: 3.5659411 | Z17: 1.1614516 | AA17: 0.31894585 | AB17: 3.6415323 | AC17: 1.1773283 | AD17: 0.3176039 | AE17: 3.7069075 | AF17: 1.2035578 | AG17: 0.30948155 | AH17: 3.8889484 | AI17: 1.1875549 | AJ17: 0.29447868 | AK17: 4.0327363 | AL17: 1.1870101 | AM17: 0.28587453 | AN17: 4.1522064 | AO17: 1.1751101 | AP17: 0.28295517 | AQ17: 4.1529903 | AR17: 1.1655394 | AS17: 0.28097572 | AT17: 4.1481855 | AU17: 1.1784545 | AV17: 0.28061812 | AW17: 4.1994955 | AX17: 1.1775959 | AY17: 0.28117659 | AZ17: 4.1881008
A18: MaleWhiteProstate* | B18: Male | C18: White | D18: Prostate* | E18: #N/A | F18: 35.80874 | G18: #N/A | H18: 185.62554 | I18: 35.085777 | J18: 5.2906208 | K18: 172.60137 | L18: 34.073839 | M18: 5.0655101 | N18: 165.60725 | O18: 32.787957 | P18: 5.0508562 | Q18: 166.67514 | R18: 31.447076 | S18: 5.3001792 | T18: 169.37777 | U18: 30.134405 | V18: 5.6207437 | W18: 172.39378 | X18: 28.937512 | Y18: 5.95745 | Z18: 173.76779 | AA18: 27.950589 | AB18: 6.2169636 | AC18: 172.94627 | AD18: 26.972459 | AE18: 6.411958 | AF18: 170.16973 | AG18: 25.996082 | AH18: 6.5459761 | AI18: 164.94233 | AJ18: 25.103132 | AK18: 6.5705878 | AL18: 161.59199 | AM18: 24.174176 | AN18: 6.684488 | AO18: 159.19655 | AP18: 23.359384 | AQ18: 6.8151002 | AR18: 156.49214 | AS18: 22.62409 | AT18: 6.9170576 | AU18: 152.68935 | AV18: 21.88057 | AW18: 6.9783073 | AX18: 149.58027 | AY18: 21.2366 | AZ18: 7.0435129
A19: MaleWhiteBladder (including in situ) | B19: Male | C19: White | D19: Bladder (including in situ) | E19: #N/A | F19: 8.1556164 | G19: #N/A | H19: 39.717241 | I19: 8.142223 | J19: 4.8779358 | K19: 39.575541 | L19: 8.094864 | M19: 4.8889693 | N19: 39.755348 | O19: 8.0389148 | P19: 4.9453625 | Q19: 39.855252 | R19: 8.0033525 | S19: 4.9798196 | T19: 40.251727 | U19: 7.9755639 | V19: 5.0468817 | W19: 40.580142 | X19: 7.9533767 | Y19: 5.1022533 | Z19: 40.48761 | AA19: 7.9626136 | AB19: 5.0847136 | AC19: 40.473735 | AD19: 7.9226538 | AE19: 5.1086084 | AF19: 40.655088 | AG19: 7.9602698 | AH19: 5.1072501 | AI19: 40.676719 | AJ19: 7.987505 | AK19: 5.0925438 | AL19: 40.411383 | AM19: 8.0119748 | AN19: 5.0438729 | AO19: 40.802176 | AP19: 8.0440272 | AQ19: 5.0723568 | AR19: 40.444359 | AS19: 8.0846252 | AT19: 5.0026264 | AU19: 39.891416 | AV19: 8.0707843 | AW19: 4.9426938 | AX19: 39.621135 | AY19: 8.0806704 | AZ19: 4.9031989
A20: MaleWhiteKidney and Renal Pelvis | B20: Male | C20: White | D20: Kidney and Renal Pelvis | E20: #N/A | F20: 6.2568474 | G20: #N/A | H20: 15.157384 | I20: 6.2652717 | J20: 2.41927 | K20: 15.196295 | L20: 6.2451638 | M20: 2.43329 | N20: 15.548119 | O20: 6.2601407 | P20: 2.4836693 | Q20: 15.670858 | R20: 6.1992237 | S20: 2.5278742 | T20: 16.134402 | U20: 6.1950538 | V20: 2.6044006 | W20: 16.468378 | X20: 6.2051413 | Y20: 2.6539892 | Z20: 16.950108 | AA20: 6.2192671 | AB20: 2.7254189 | AC20: 17.324071 | AD20: 6.2070923 | AE20: 2.7910123 | AF20: 17.851223 | AG20: 6.227716 | AH20: 2.8664156 | AI20: 18.241865 | AJ20: 6.1872671 | AK20: 2.9482912 | AL20: 18.679105 | AM20: 6.0934339 | AN20: 3.0654481 | AO20: 19.320583 | AP20: 6.0089142 | AQ20: 3.2153203 | AR20: 19.95278 | AS20: 5.9561091 | AT20: 3.3499688 | AU20: 20.439014 | AV20: 5.9056328 | AW20: 3.4609354 | AX20: 20.602593 | AY20: 5.8698557 | AZ20: 3.5098977
... A25: MaleWhiteLeukemias | B25: Male | C25: White | D25: Leukemias | E25: #N/A | F25: 10.851865 | G25: #N/A | H25: 18.203381 | I25: 10.863595 | J25: 1.6756315 | K25: 18.149736 | L25: 10.809622 | M25: 1.6790352 | N25: 18.284059 | O25: 10.696944 | P25: 1.7092788 | Q25: 18.253542 | R25: 10.633612 | S25: 1.7165891 | T25: 18.091142 | U25: 10.539565 | V25: 1.7164979 | W25: 18.376631 | X25: 10.492769 | Y25: 1.7513615 | Z25: 18.390969 | AA25: 10.452509 | AB25: 1.7594788 | AC25: 18.359858 | AD25: 10.460088 | AE25: 1.7552298 | AF25: 18.41565 | AG25: 10.372253 | AH25: 1.7754725 | AI25: 18.51682 | AJ25: 10.292408 | AK25: 1.7990757 | AL25: 18.211787 | AM25: 10.193494 | AN25: 1.7866088 | AO25: 18.251795 | AP25: 10.073204 | AQ25: 1.8119157 | AR25: 18.218859 | AS25: 9.9651678 | AT25: 1.8282542 | AU25: 18.15172 | AV25: 9.9291573 | AW25: 1.8281229 | AX25: 18.102435 | AY25: 9.8180022 | AZ25: 1.8438003
D27: Rates are per 100,000 and age-adjusted to the 2000 US Std Population (19 age groups - Census P25-1130) standard.
D28: Sites are based on SEER Site Recode with Kaposi and mesothelioma
D29: * The cancer rates for Male Prostate (Whites and Blacks) and Melanomas of the Skin (Blacks) are
D30: not included in the completeness estimates.
E31: SEER11 | F31: US Mort | G31: SEER/US | H31: SEER11 | I31: US Mort | J31: SEER/US | K31: SEER11 | L31: US Mort | M31: SEER/US | N31: SEER11 | O31: US Mort | P31: SEER/US | Q31: SEER11 | R31: US Mort | S31: SEER/US | T31: SEER11 | U31: US Mort | V31: SEER/US | W31: SEER11 | X31: US Mort | Y31: SEER/US | Z31: SEER11 | AA31: US Mort | AB31: SEER/US | AC31: SEER 11 | AD31: US MORT | AE31: SEER/US | AF31: SEER 11 | AG31: US MORT | AH31: SEER/US | AI31: SEER 11 | AJ31: US MORT | AK31: SEER/US | AL31: SEER 11 | AM31: US MORT | AN31: SEER/US | AO31: SEER 11 | AP31: US MORT | AQ31: SEER/US | AR31: SEER 11 | AS31: US MORT | AT31: SEER/US | AU31: SEER 11 | AV31: US MORT | AW31: SEER/US | AX31: SEER 11 | AY31: US MORT | AZ31: SEER/US
E32: 1991-95 | F32: 1991-95 | G32: 1991-95 | H32: 1992-96 | I32: 1992-96 | J32: 1992-96 | K32: 1993-97 | L32: 1993-97 | M32: 1993-97 | N32: 1994-98 | O32: 1994-98 | P32: 1994-98 | Q32: 1995-99 | R32: 1995-99 | S32: 1995-99 | T32: 1996-2000 | U32: 1996-2000 | V32: 1996-2000 | W32: 1997-2001 | X32: 1997-2001 | Y32: 1997-2001 | Z32: 1998-2002 | AA32: 1998-2002 | AB32: 1998-2002 | AC32: 1999-2003 | AD32: 1999-2003 | AE32: 1999-2003 | AF32: 2000-2004 | AG32: 2000-2004 | AH32: 2000-2004 | AI32: 2001-2005 | AJ32: 2001-2005 | AK32: 2002-2006 | AL32: 2002-2006 | AM32: 2002-2006 | AN32: 2002-2006 | AO32: 2003-2007 | AP32: 2003-2007 | AQ32: 2003-2007 | AR32: 2004-2008 | AS32: 2004-2008 | AT32: 2004-2008 | AU32: 2005-2009 | AV32: 2005-2009 | AW32: 2005-2009 | AX32: 2006-2010 | AY32: 2006-2010 | AZ32: 2006-2010
B33: Gender | C33: Race | D33: Cancer | E33: Rate | F33: Rate | G33: Ratio | H33: Rate | I33: Rate | J33: Ratio | K33: Rate | L33: Rate | M33: Ratio | N33: Rate | O33: Rate | P33: Ratio | Q33: Rate | R33: Rate | S33: Ratio | T33: Rate | U33: Rate | V33: Ratio | W33: Rate | X33: Rate | Y33: Ratio | Z33: Rate | AA33: Rate | AB33: Ratio | AC33: RATE | AD33: RATE | AE33: RATIO | AF33: RATE | AG33: RATE | AH33: RATIO | AI33: RATE | AJ33: RATE | AK33: RATIO | AL33: RATE | AM33: RATE | AN33: RATIO | AO33: RATE | AP33: RATE | AQ33: RATIO | AR33: RATE | AS33: RATE | AT33: RATIO | AU33: RATE | AV33: RATE | AW33: RATIO | AX33: RATE | AY33: RATE | AZ33: RATIO
A34: FemaleWhiteOral Cavity and Pharynx | B34: Female | C34: White | D34: Oral Cavity and Pharynx | E34: #N/A | F34: 1.8363978 | G34: #N/A | H34: 6.9843863 | I34: 1.7875422 | J34: 3.9072567 | K34: 6.9875059 | L34: 1.7509097 | M34: 3.9907859 | N34: 6.8875219 | O34: 1.7214837 | P34: 4.0009219 | Q34: 6.769894 | R34: 1.6753439 | S34: 4.0408981 | T34: 6.5887099 | U34: 1.6348955 | V34: 4.0300495 | W34: 6.5470142 | X34: 1.5985716 | Y34: 4.0955403 | Z34: 6.4852826 | AA34: 1.5585714 | AB34: 4.161043 | AC34: 6.2912387 | AD34: 1.5147281 | AE34: 4.1533782 | AF34: 6.2701051 | AG34: 1.499815 | AH34: 4.1805855 | AI34: 6.2325999 | AJ34: 1.4773182 | AK34: 4.2188607 | AL34: 6.1647652 | AM34: 1.4480392 | AN34: 4.2573194 | AO34: 6.0831066 | AP34: 1.4277507 | AQ34: 4.2606223 | AR34: 6.1844729 | AS34: 1.4134661 | AT34: 4.3753953 | AU34: 6.1861771 | AV34: 1.3843219 | AW34: 4.4687418 | AX34: 6.2092334 | AY34: 1.376525 | AZ34: 4.5108031
A35: FemaleWhiteEsophagus | B35: Female | C35: White | D35: Esophagus | E35: #N/A | F35: 1.5731098 | G35: #N/A | H35: 1.9511546 | I35: 1.5946512 | J35: 1.223562 | K35: 1.969547 | L35: 1.5997166 | M35: 1.2311849 | N35: 1.9451791 | O35: 1.6159178 | P35: 1.2037612 | Q35: 1.9912925 | R35: 1.6324537 | S35: 1.2198157 | T35: 1.9659684 | U35: 1.653867 | V35: 1.1887101 | W35: 1.9616255 | X35: 1.6547297 | Y35: 1.1854659 | Z35: 1.9373602 | AA35: 1.6639188 | AB35: 1.1643358 | AC35: 1.9350805 | AD35: 1.663219 | AE35: 1.163455 | AF35: 1.9673552 | AG35: 1.6596884 | AH35: 1.1853762 | AI35: 1.94207 | AJ35: 1.643578 | AK35: 1.181611 | AL35: 1.9481812 | AM35: 1.6352896 | AN35: 1.1913371 | AO35: 1.9487415 | AP35: 1.6157925 | AQ35: 1.2060593 | AR35: 1.9223054 | AS35: 1.587787 | AT35: 1.2106822 | AU35: 1.8475856 | AV35: 1.5689302 | AW35: 1.1776086 | AX35: 1.814712 | AY35: 1.5683463 | AZ35: 1.1570863
A36: FemaleWhiteStomach | B36: Female | C36: White | D36: Stomach | E36: #N/A | F36: 3.3773344 | G36: #N/A | H36: 5.2414279 | I36: 3.2818401 | J36: 1.5971003 | K36: 5.1030652 | L36: 3.1791569 | M36: 1.6051631 | N36: 5.0802365 | O36: 3.0918285 | P36: 1.6431172 | Q36: 5.1735163 | R36: 2.997473 | S36: 1.7259593 | T36: 5.1526698 | U36: 2.9138037 | V36: 1.7683654 | W36: 5.0658949 | X36: 2.8341628 | Y36: 1.7874396 | Z36: 5.0974022 | AA36: 2.7621413 | AB36: 1.8454531 | AC36: 5.0498866 | AD36: 2.6890684 | AE36: 1.8779316 | AF36: 4.9673061 | AG36: 2.6302668 | AH36: 1.888518 | AI36: 4.8971686 | AJ36: 2.5504682 | AK36: 1.9201057 | AL36: 4.9625824 | AM36: 2.4675698 | AN36: 2.0111214 | AO36: 4.8748727 | AP36: 2.4032092 | AQ36: 2.0284845 | AR36: 4.7971583 | AS36: 2.3148308 | AT36: 2.0723581 | AU36: 4.6917878 | AV36: 2.2370237 | AW36: 2.0973348 | AX36: 4.6807184 | AY36: 2.1989153 | AZ36: 2.1286488
A37: FemaleWhiteColon and Rectum | B37: Female | C37: White | D37: Colon and Rectum | E37: #N/A | F37: 19.192111 | G37: #N/A | H37: 46.33407 | I37: 18.819575 | J37: 2.4620147 | K37: 46.237706 | L37: 18.45622 | M37: 2.5052641 | N37: 46.475417 | O37: 18.097194 | P37: 2.5681007 | Q37: 46.536388 | R37: 17.769379 | S37: 2.618909 | T37: 46.528313 | U37: 17.44887 | V37: 2.6665517 | W37: 46.294609 | X37: 17.155834 | Y37: 2.6984762 | Z37: 45.749424 | AA37: 16.864551 | AB37: 2.7127567 | AC37: 44.680142 | AD37: 16.490579 | AE37: 2.7094344 | AF37: 43.61853 | AG37: 16.017525 | AH37: 2.7231754 | AI37: 42.580347 | AJ37: 15.46566 | AK37: 2.7532189 | AL37: 41.745897 | AM37: 15.019093 | AN37: 2.7795217 | AO37: 40.759337 | AP37: 14.57555 | AQ37: 2.7964185 | AR37: 39.944567 | AS37: 14.161137 | AT37: 2.8207176 | AU37: 39.055927 | AV37: 13.757222 | AW37: 2.83894 | AX37: 37.825965 | AY37: 13.413173 | AZ37: 2.820061
A38: FemaleWhiteLiver | B38: Female | C38: White | D38: Liver | E38: #N/A | F38: 1.8681305 | G38: #N/A | H38: 1.6852691 | I38: 1.906979 | J38: 0.88373764 | K38: 1.7957971 | L38: 1.9410164 | M38: 0.92518387 | N38: 1.9236468 | O38: 1.9445232 | P38: 0.98926399 | Q38: 2.0758489 | R38: 1.9490858 | S38: 1.0650372 | T38: 2.164769 | U38: 1.9248082 | V38: 1.1246674 | W38: 2.2497077 | X38: 1.9006077 | Y38: 1.1836781 | Z38: 2.3662339 | AA38: 1.8932957 | AB38: 1.2497963 | AC38: 2.3887323 | AD38: 1.8844365 | AE38: 1.267611 | AF38: 2.3956337 | AG38: 1.8971347 | AH38: 1.2627642 | AI38: 2.5092637 | AJ38: 1.9224548 | AK38: 1.3052394 | AL38: 2.5556704 | AM38: 1.9512059 | AN38: 1.3097902 | AO38: 2.6072478 | AP38: 1.9625228 | AQ38: 1.3285185 | AR38: 2.7497598 | AS38: 1.9775596 | AT38: 1.3904814 | AU38: 2.88002 | AV38: 1.9886879 | AW38: 1.4482011 | AX38: 2.9304058 | AY38: 2.0012562 | AZ38: 1.4642832
A39: FemaleWhitePancreas | B39: Female | C39: White | D39: Pancreas | E39: #N/A | F39: 8.9643175 | G39: #N/A | H39: 9.6754355 | I39: 8.9494473 | J39: 1.081121 | K39: 9.6790408 | L39: 8.9165343 | M39: 1.085516 | N39: 9.7401756 | O39: 8.8747186 | P39: 1.0975194 | Q39: 9.6601402 | R39: 8.8900719 | S39: 1.0866212 | T39: 9.656923 | U39: 8.9045327 | V39: 1.0844952 | W39: 9.6129395 | X39: 8.9362013 | Y39: 1.07573 | Z39: 9.7029341 | AA39: 8.9759905 | AB39: 1.0809876 | AC39: 9.7649574 | AD39: 9.0176673 | AE39: 1.0828696 | AF39: 9.9317668 | AG39: 9.0317053 | AH39: 1.0996558 | AI39: 10.13377 | AJ39: 9.0999911 | AK39: 1.1136022 | AL39: 10.33904 | AM39: 9.1509683 | AN39: 1.1298302 | AO39: 10.401501 | AP39: 9.1991819 | AQ39: 1.1306985 | AR39: 10.492776 | AS39: 9.2884539 | AT39: 1.129658 | AU39: 10.667206 | AV39: 9.3471295 | AW39: 1.141228 | AX39: 10.692991 | AY39: 9.3659457 | AZ39: 1.1416883
A40: FemaleWhiteLung and Bronchus | B40: Female | C40: White | D40: Lung and Bronchus | E40: #N/A | F40: 39.72782 | G40: #N/A | H40: 51.173948 | I40: 40.344495 | J40: 1.2684246 | K40: 51.674042 | L40: 40.802921 | M40: 1.26643 | N40: 52.174294 | O40: 41.136708 | P40: 1.2683148 | Q40: 52.552521 | R40: 41.237928 | S40: 1.2743735 | T40: 52.3693 | U40: 41.466163 | V40: 1.2629406 | W40: 52.051111 | X40: 41.637612 | Y40: 1.2500984 | Z40: 51.7655 | AA40: 41.861308 | AB40: 1.2365954 | AC40: 51.605914 | AD40: 41.9803 | AE40: 1.2292888 | AF40: 51.219912 | AG40: 42.193356 | AH40: 1.2139331 | AI40: 51.443343 | AJ40: 42.114077 | AK40: 1.2215237 | AL40: 51.52697 | AM40: 41.978976 | AN40: 1.227447 | AO40: 51.606028 | AP40: 41.710004 | AQ40: 1.2372578 | AR40: 51.186704 | AS40: 41.32883 | AT40: 1.2385229 | AU40: 51.045016 | AV40: 40.922107 | AW40: 1.2473702 | AX40: 50.088374 | AY40: 40.410486 | AZ40: 1.2394895
A41: FemaleWhiteMelanomas of the Skin | B41: Female | C41: White | D41: Melanomas of the Skin | E41: #N/A | F41: 2.0385276 | G41: #N/A | H41: 14.54094 | I41: 2.0646998 | J41: 7.042641 | K41: 15.150987 | L41: 2.063133 | M41: 7.343679 | N41: 15.827363 | O41: 2.0445096 | P41: 7.7413983 | Q41: 16.473504 | R41: 2.0346966 | S41: 8.0962949 | T41: 16.842632 | U41: 2.0366161 | V41: 8.2699103 | W41: 17.42044 | X41: 2.0070528 | Y41: 8.6796122 | Z41: 17.715708 | AA41: 1.9898667 | AB41: 8.9029622 | AC41: 18.014668 | AD41: 1.9903361 | AE41: 9.0510684 | AF41: 18.438665 | AG41: 1.9839482 | AH41: 9.2939243 | AI41: 19.12645 | AJ41: 1.9912483 | AK41: 9.6052562 | AL41: 19.471262 | AM41: 1.9885873 | AN41: 9.7915049 | AO41: 19.889616 | AP41: 1.9813691 | AQ41: 10.038319 | AR41: 20.51198 | AS41: 1.9660458 | AT41: 10.433114 | AU41: 20.711604 | AV41: 1.9880556 | AW41: 10.41802 | AX41: 20.851025 | AY41: 1.9678281 | AZ41: 10.595959
A42: FemaleWhiteBreast | B42: Female | C42: White | D42: Breast | E42: #N/A | F42: 31.111598 | G42: #N/A | H42: 135.03159 | I42: 30.430741 | J42: 4.4373416 | K42: 136.43994 | L42: 29.658291 | M42: 4.6003979 | N42: 139.08662 | O42: 28.836691 | P42: 4.8232517 | Q42: 141.29109 | R42: 27.916222 | S42: 5.0612541 | T42: 142.14234 | U42: 27.140867 | V42: 5.2372069 | W42: 143.23774 | X42: 26.425014 | Y42: 5.4205361 | Z42: 142.65561 | AA42: 25.911869 | AB42: 5.5054159 | AC42: 139.37909 | AD42: 25.44261 | AE42: 5.4781756 | AF42: 136.11951 | AG42: 25.033117 | AH42: 5.4375775 | AI42: 133.9163 | AJ42: 24.495926 | AK42: 5.4668805 | AL42: 130.84469 | AM42: 24.013663 | AN42: 5.4487602 | AO42: 129.19366 | AP42: 23.490406 | AQ42: 5.499848 | AR42: 129.2943 | AS42: 22.955323 | AT42: 5.632432 | AU42: 129.81044 | AV42: 22.520934 | AW42: 5.7639901 | AX42: 129.10563 | AY42: 22.091872 | AZ42: 5.8440331
A43: FemaleWhiteCervix | B43: Female | C43: White | D43: Cervix | E43: #N/A | F43: 2.9565237 | G43: #N/A | H43: 9.9221836 | I43: 2.927143 | J43: 3.3897161 | K43: 9.6594999 | L43: 2.8772832 | M43: 3.35716 | N43: 9.5094105 | O43: 2.8174835 | P43: 3.3751432 | Q43: 9.3560061 | R43: 2.7312812 | S43: 3.4255008 | T43: 9.2949798 | U43: 2.6621697 | V43: 3.4915054 | W43: 8.9952108 | X43: 2.5746011 | Y43: 3.4938269 | Z43: 8.8071732 | AA43: 2.4790492 | AB43: 3.5526416 | AC43: 8.5266801 | AD43: 2.3976517 | AE43: 3.556263 | AF43: 8.2592825 | AG43: 2.3216737 | AH43: 3.5574691 | AI43: 8.0515174 | AJ43: 2.2700252 | AK43: 3.5468846 | AL43: 7.8974665 | AM43: 2.2266553 | AN43: 3.5467845 | AO43: 7.702097 | AP43: 2.2107522 | AQ43: 3.483926 | AR43: 7.6202299 | AS43: 2.198526 | AT43: 3.4660632 | AU43: 7.5491092 | AV43: 2.1763818 | AW43: 3.4686512 | AX43: 7.4015314 | AY43: 2.1520457 | AZ43: 3.4393003
A44: FemaleWhiteCorpus and Uterus, NOS | B44: Female | C44: White | D44: Corpus and Uterus, NOS | E44: #N/A | F44: 3.9324842 | G44: #N/A | H44: 25.978546 | I44: 3.92279 | J44: 6.6224667 | K44: 26.129938 | L44: 3.8834286 | M44: 6.7285742 | N44: 26.368549 | O44: 3.8734038 | P44: 6.807591 | Q44: 26.431406 | R44: 3.8649313 | S44: 6.8387775 | T44: 26.276364 | U44: 3.8408888 | V44: 6.8412196 | W44: 26.322451 | X44: 3.8571077 | Y44: 6.8244012 | Z44: 25.904643 | AA44: 3.8766799 | AB44: 6.6821722 | AC44: 25.581896 | AD44: 3.8816261 | AE44: 6.5905099 | AF44: 25.39784 | AG44: 3.8856279 | AH44: 6.5363541 | AI44: 25.361354 | AJ44: 3.8895364 | AK44: 6.5204054 | AL44: 25.239411 | AM44: 3.8911725 | AN44: 6.4863254 | AO44: 25.362906 | AP44: 3.8953978 | AQ44: 6.5109926 | AR44: 25.62523 | AS44: 3.9096768 | AT44: 6.5543089 | AU44: 26.059297 | AV44: 3.907786 | AW44: 6.6685579 | AX44: 26.456664 | AY44: 3.9729982 | AZ44: 6.659118
A45: FemaleWhiteOvary | B45: Female | C45: White | D45: Ovary | E45: #N/A | F45: 9.5838544 | G45: #N/A | H45: 15.460028 | I45: 9.4589332 | J45: 1.6344368 | K45: 15.306785 | L45: 9.3598573 | M45: 1.6353652 | N45: 15.119339 | O45: 9.2955224 | P45: 1.6265185 | Q45: 15.133591 | R45: 9.1772348 | S45: 1.6490361 | T45: 15.065573 | U45: 9.1364141 | V45: 1.648959 | W45: 15.117526 | X45: 9.1732909 | Y45: 1.6479938 | Z45: 15.044365 | AA45: 9.2114137 | AB45: 1.6332309 | AC45: 14.894559 | AD45: 9.2443378 | AE45: 1.6112089 | AF45: 14.633781 | AG45: 9.2445099 | AH45: 1.5829699 | AI45: 14.39813 | AJ45: 9.1933393 | AK45: 1.566148 | AL45: 14.055138 | AM45: 9.117815 | AN45: 1.5415028 | AO45: 13.858047 | AP45: 8.9680132 | AQ45: 1.5452751 | AR45: 13.747197 | AS45: 8.784442 | AT45: 1.5649482 | AU45: 13.658765 | AV45: 8.5943504 | AW45: 1.5892725 | AX45: 13.523524 | AY45: 8.4164912 | AZ45: 1.6067889
... A52: FemaleWhiteLeukemias | B52: Female | C52: White | D52: Leukemias | E52: #N/A | F52: 6.1975437 | G52: #N/A | H52: 10.48969 | I52: 6.1380229 | J52: 1.7089688 | K52: 10.619064 | L52: 6.0922851 | M52: 1.7430347 | N52: 10.683089 | O52: 6.0422273 | P52: 1.7680713 | Q52: 10.591808 | R52: 6.0356549 | S52: 1.754873 | T52: 10.609588 | U52: 6.0362979 | V52: 1.7576316 | W52: 10.732437 | X52: 6.0135397 | Y52: 1.784712 | Z52: 10.748791 | AA52: 5.9835553 | AB52: 1.7963886 | AC52: 10.7271 | AD52: 5.9505246 | AE52: 1.8027151 | AF52: 10.913925 | AG52: 5.8609653 | AH52: 1.8621378 | AI52: 10.807085 | AJ52: 5.7772305 | AK52: 1.8706342 | AL52: 10.863293 | AM52: 5.7071643 | AN52: 1.9034484 | AO52: 10.820839 | AP52: 5.6290801 | AQ52: 1.9223103 | AR52: 10.919854 | AS52: 5.5763028 | AT52: 1.9582607 | AU52: 10.814715 | AV52: 5.5290124 | AW52: 1.9559939 | AX52: 10.868481 | AY52: 5.4756623 | AZ52: 1.9848705
D55: Rates are per 100,000 and age-adjusted to the 2000 US Std Population (19 age groups - Census P25-1130) standard.
D56: Sites are based on SEER Site Recode with Kaposi and mesothelioma
D57: * The cancer rates for Male Prostate (Whites and Blacks) and Melanomas of the Skin (Blacks) are
D58: not included in the completeness estimates.
E59: SEER11 | F59: US Mort | G59: SEER/US | H59: SEER11 | I59: US Mort | J59: SEER/US | K59: SEER11 | L59: US Mort | M59: SEER/US | N59: SEER11 | O59: US Mort | P59: SEER/US | Q59: SEER11 | R59: US Mort | S59: SEER/US | T59: SEER11 | U59: US Mort | V59: SEER/US | W59: SEER11 | X59: US Mort | Y59: SEER/US | Z59: SEER11 | AA59: US Mort | AB59: SEER/US | AC59: SEER 11 | AD59: US MORT | AE59: SEER/US | AF59: SEER 11 | AG59: US MORT | AH59: SEER/US | AI59: SEER 11 | AJ59: US MORT | AK59: SEER/US | AL59: SEER 11 | AM59: US MORT | AN59: SEER/US | AO59: SEER 11 | AP59: US MORT | AQ59: SEER/US | AR59: SEER 11 | AS59: US MORT | AT59: SEER/US | AU59: SEER 11 | AV59: US MORT | AW59: SEER/US | AX59: SEER 11 | AY59: US MORT | AZ59: SEER/US
E60: 1991-95 | F60: 1991-95 | G60: 1991-95 | H60: 1992-96 | I60: 1992-96 | J60: 1992-96 | K60: 1993-97 | L60: 1993-97 | M60: 1993-97 | N60: 1994-98 | O60: 1994-98 | P60: 1994-98 | Q60: 1995-99 | R60: 1995-99 | S60: 1995-99 | T60: 1996-2000 | U60: 1996-2000 | V60: 1996-2000 | W60: 1997-2001 | X60: 1997-2001 | Y60: 1997-2001 | Z60: 1998-2002 | AA60: 1998-2002 | AB60: 1998-2002 | AC60: 1999-2003 | AD60: 1999-2003 | AE60: 1999-2003 | AF60: 2000-2004 | AG60: 2000-2004 | AH60: 2000-2004 | AI60: 2001-2005 | AJ60: 2001-2005 | AK60: 2001-2005 | AL60: 2002-2006 | AM60: 2002-2006 | AN60: 2002-2006 | AO60: 2003-2007 | AP60: 2003-2007 | AQ60: 2003-2007 | AR60: 2004-2008 | AS60: 2004-2008 | AT60: 2004-2008 | AU60: 2005-2009 | AV60: 2005-2009 | AW60: 2005-2009 | AX60: 2006-2010 | AY60: 2006-2010 | AZ60: 2006-2010
B61: Gender | C61: Race | D61: Cancer | E61: Rate | F61: Rate | G61: Ratio | H61: Rate | I61: Rate | J61: Ratio | K61: Rate | L61: Rate | M61: Ratio | N61: Rate | O61: Rate | P61: Ratio | Q61: Rate | R61: Rate | S61: Ratio | T61: Rate | U61: Rate | V61: Ratio | W61: Rate | X61: Rate | Y61: Ratio | Z61: Rate | AA61: Rate | AB61: Ratio | AC61: RATE | AD61: RATE | AE61: RATIO | AF61: RATE | AG61: RATE | AH61: RATIO | AI61: RATE | AJ61: RATE | AK61: RATIO | AL61: RATE | AM61: RATE | AN61: RATIO | AO61: RATE | AP61: RATE | AQ61: RATIO | AR61: RATE | AS61: RATE | AT61: RATIO | AU61: RATE | AV61: RATE | AW61: RATIO | AX61: RATE | AY61: RATE | AZ61: RATIO
A62: MaleBlackOral Cavity and Pharynx | B62: Male | C62: Black | D62: Oral Cavity and Pharynx | E62: #N/A | F62: 9.7150608 | G62: #N/A | H62: 23.040115 | I62: 9.4390936 | J62: 2.4409246 | K62: 22.168145 | L62: 9.0557635 | M62: 2.4479598 | N62: 21.895933 | O62: 8.6197602 | P62: 2.5402021 | Q62: 21.052383 | R62: 8.2665179 | S62: 2.5467051 | T62: 20.42642 | U62: 7.8752045 | V62: 2.5937638 | W62: 19.493542 | X62: 7.4634598 | Y62: 2.6118639 | Z62: 19.116955 | AA62: 7.0955102 | AB62: 2.6942326 | AC62: 18.293013 | AD62: 6.8917369 | AE62: 2.6543401 | AF62: 17.627596 | AG62: 6.7680081 | AH62: 2.6045472 | AI62: 16.953025 | AJ62: 6.5981843 | AK62: 2.569347 | AL62: 16.549497 | AM62: 6.3733158 | AN62: 2.5966855 | AO62: 16.227463 | AP62: 6.2330444 | AQ62: 2.603457 | AR62: 15.648417 | AS62: 5.8673146 | AT62: 2.6670493 | AU62: 15.392309 | AV62: 5.5018723 | AW62: 2.7976493 | AX62: 14.874658 | AY62: 5.1800348 | AZ62: 2.8715363
A63: MaleBlackEsophagus | B63: Male | C63: Black | D63: Esophagus | E63: #N/A | F63: 15.448442 | G63: #N/A | H63: 14.853768 | I63: 14.84687 | J63: 1.0004646 | K63: 13.696901 | L63: 14.379752 | M63: 0.95251302 | N63: 12.734336 | O63: 13.628824 | P63: 0.93436798 | Q63: 12.030141 | R63: 12.883788 | S63: 0.9337425 | T63: 11.387919 | U63: 12.183453 | V63: 0.93470374 | W63: 10.641486 | X63: 11.73709 | Y63: 0.90665457 | Z63: 10.359215 | AA63: 11.196862 | AB63: 0.92518915 | AC63: 10.029611 | AD63: 10.688167 | AE63: 0.93838451 | AF63: 9.6272915 | AG63: 10.161902 | AH63: 0.94739068 | AI63: 9.1657719 | AJ63: 9.7256095 | AK63: 0.94243676 | AL63: 8.573343 | AM63: 9.1244374 | AN63: 0.93960237 | AO63: 8.2173909 | AP63: 8.7512385 | AQ63: 0.93899747 | AR63: 7.8869341 | AS63: 8.3555347 | AT63: 0.94391734 | AU63: 7.7084565 | AV63: 7.9928812 | AW63: 0.96441524 | AX63: 7.418117 | AY63: 7.7210963 | AZ63: 0.96075955
A64: MaleBlackStomach | B64: Male | C64: Black | D64: Stomach | E64: #N/A | F64: 15.917888 | G64: #N/A | H64: 21.057591 | I64: 15.426408 | J64: 1.3650353 | K64: 21.312349 | L64: 15.239196 | M64: 1.3985219 | N64: 21.288532 | O64: 14.728409 | P64: 1.4454061 | Q64: 20.039286 | R64: 14.398205 | S64: 1.3917906 | T64: 20.007756 | U64: 13.963612 | V64: 1.4328496 | W64: 19.105923 | X64: 13.358449 | Y64: 1.4302501 | Z64: 17.912099 | AA64: 12.870176 | AB64: 1.3917524 | AC64: 17.539913 | AD64: 12.439046 | AE64: 1.4100689 | AF64: 17.395825 | AG64: 11.968342 | AH64: 1.4534867 | AI64: 17.148856 | AJ64: 11.587095 | AK64: 1.4799961 | AL64: 16.852591 | AM64: 11.156936 | AN64: 1.5105036 | AO64: 17.115773 | AP64: 10.830903 | AQ64: 1.5802721 | AR64: 16.791247 | AS64: 10.529271 | AT64: 1.5947208 | AU64: 16.545879 | AV64: 10.147761 | AW64: 1.6304955 | AX64: 15.664557 | AY64: 9.8378818 | AZ64: 1.5922693
A65: MaleBlackColon and Rectum | B65: Male | C65: Black | D65: Colon and Rectum | E65: #N/A | F65: 35.9584 | G65: #N/A | H65: 73.269813 | I65: 35.690406 | J65: 2.0529274 | K65: 72.968205 | L65: 35.458527 | M65: 2.0578465 | N65: 73.484651 | O65: 35.069934 | P65: 2.0953747 | Q65: 73.569737 | R65: 34.844479 | S65: 2.1113743 | T65: 73.355157 | U65: 34.599026 | V65: 2.1201509 | W65: 73.853623 | X65: 34.3557 | Y65: 2.149676 | Z65: 73.457343 | AA65: 34.088757 | AB65: 2.1548847 | AC65: 73.100899 | AD65: 33.789045 | AE65: 2.1634497 | AF65: 72.940664 | AG65: 32.996359 | AH65: 2.2105671 | AI65: 71.660592 | AJ65: 32.179804 | AK65: 2.2268809 | AL65: 70.329003 | AM65: 31.761936 | AN65: 2.2142543 | AO65: 69.035814 | AP65: 30.883083 | AQ65: 2.2353925 | AR65: 67.037 | AS65: 30.13002 | AT65: 2.2249238 | AU65: 64.596758 | AV65: 29.358768 | AW65: 2.2002544 | AX65: 62.572738 | AY65: 28.683925 | AZ65: 2.1814566
A66: MaleBlackLiver | B66: Male | C66: Black | D66: Liver | E66: #N/A | F66: 7.7868749 | G66: #N/A | H66: 8.5816308 | I66: 7.9811877 | J66: 1.0752323 | K66: 9.0734078 | L66: 7.9843836 | M66: 1.1363943 | N66: 9.0637304 | O66: 8.3502243 | P66: 1.0854475 | Q66: 9.7020068 | R66: 8.3406738 | S66: 1.1632162 | T66: 10.428967 | U66: 8.3803552 | V66: 1.2444541 | W66: 11.055713 | X66: 8.3341076 | Y66: 1.3265623 | Z66: 11.551347 | AA66: 8.5086189 | AB66: 1.3576055 | AC66: 12.275292 | AD66: 8.4924968 | AE66: 1.4454279 | AF66: 12.991639 | AG66: 8.829639 | AH66: 1.471367 | AI66: 13.671089 | AJ66: 9.0772128 | AK66: 1.5060889 | AL66: 13.986126 | AM66: 9.4282211 | AN66: 1.4834321 | AO66: 14.798445 | AP66: 9.6684575 | AQ66: 1.53059 | AR66: 15.772276 | AS66: 9.9561902 | AT66: 1.5841678 | AU66: 16.388076 | AV66: 10.224597 | AW66: 1.602809 | AX66: 16.826308 | AY66: 10.432575 | AZ66: 1.6128623
A67: MaleBlackPancreas | B67: Male | C67: Black | D67: Pancreas | E67: #N/A | F67: 17.22481 | G67: #N/A | H67: 18.905664 | I67: 17.121801 | J67: 1.1041867 | K67: 18.770626 | L67: 16.764278 | M67: 1.11968 | N67: 18.447375 | O67: 16.551755 | P67: 1.1145269 | Q67: 18.289043 | R67: 16.352555 | S67: 1.1184211 | T67: 18.133993 | U67: 16.339928 | V67: 1.1097964 | W67: 17.472752 | X67: 16.048409 | Y67: 1.0887529 | Z67: 16.568869 | AA67: 15.861419 | AB67: 1.0446019 | AC67: 16.627027 | AD67: 15.671972 | AE67: 1.0609403 | AF67: 16.635837 | AG67: 15.488082 | AH67: 1.0741057 | AI67: 16.642746 | AJ67: 15.432282 | AK67: 1.0784371 | AL67: 16.923388 | AM67: 15.381447 | AN67: 1.1002468 | AO67: 17.367163 | AP67: 15.410125 | AQ67: 1.1269968 | AR67: 17.6337 | AS67: 15.322511 | AT67: 1.1508362 | AU67: 17.843012 | AV67: 15.206711 | AW67: 1.1733643 | AX67: 17.958897 | AY67: 15.26801 | AZ67: 1.1762435
A68: MaleBlackLung and Bronchus | B68: Male | C68: Black | D68: Lung and Bronchus | E68: #N/A | F68: 120.15258 | G68: #N/A | H68: 132.25314 | I68: 118.07149 | J68: 1.1201107 | K68: 128.91877 | L68: 115.87667 | M68: 1.1125516 | N68: 127.35921 | O68: 112.97101 | P68: 1.1273619 | Q68: 126.61145 | R68: 109.94478 | S68: 1.1515913 | T68: 121.4364 | U68: 106.87204 | V68: 1.1362785 | W68: 118.01288 | X68: 104.1071 | Y68: 1.1335719 | Z68: 114.54554 | AA68: 101.19923 | AB68: 1.1318816 | AC68: 112.25219 | AD68: 98.327903 | AE68: 1.1416107 | AF68: 108.69705 | AG68: 95.692311 | AH68: 1.1359016 | AI68: 106.19317 | AJ68: 92.891099 | AK68: 1.1432007 | AL68: 103.38881 | AM68: 89.785366 | AN68: 1.1515107 | AO68: 100.42363 | AP68: 87.114719 | AQ68: 1.1527746 | AR68: 97.314949 | AS68: 84.139665 | AT68: 1.1565883 | AU68: 95.863365 | AV68: 81.153151 | AW68: 1.1812649 | AX68: 92.062273 | AY68: 78.484001 | AZ68: 1.1730069
A69: MaleBlackMelanomas of the Skin | B69: Male | C69: Black | D69: Melanomas of the Skin | E69: #N/A | F69: 0.51753764 | G69: #N/A | H69: 1.1594927 | I69: 0.49140665 | J69: 2.3595381 | K69: 1.4308674 | L69: 0.47469246 | M69: 3.0143041 | N69: 1.6141695 | O69: 0.47981839 | P69: 3.364126 | Q69: 1.7576592 | R69: 0.49588955 | S69: 3.5444571 | T69: 1.5255855 | U69: 0.51486823 | V69: 2.96306 | W69: 1.510738 | X69: 0.48012833 | Y69: 3.1465295 | Z69: 1.3882559 | AA69: 0.48214478 | AB69: 2.8793341 | AC69: 1.2821155 | AD69: 0.47783129 | AE69: 2.683197 | AF69: 1.1125235 | AG69: 0.48674979 | AH69: 2.2856169 | AI69: 1.0500152 | AJ69: 0.46698462 | AK69: 2.2485006 | AL69: 1.0061193 | AM69: 0.52125632 | AN69: 1.9301814 | AO69: 1.0279891 | AP69: 0.52737334 | AQ69: 1.9492626 | AR69: 1.1014539 | AS69: 0.52760895 | AT69: 2.0876331 | AU69: 1.1493292 | AV69: 0.52306574 | AW69: 2.197294 | AX69: 1.2251176 | AY69: 0.52085822 | AZ69: 2.3521134
A70: MaleBlackBreast | B70: Male | C70: Black | D70: Breast | E70: #N/A | F70: 0.58835979 | G70: #N/A | H70: 1.6642036 | I70: 0.64497988 | J70: 2.5802412 | K70: 1.9329369 | L70: 0.67935974 | M70: 2.8452332 | N70: 1.7134796 | O70: 0.65699767 | P70: 2.6080451 | Q70: 1.8037392 | R70: 0.67352856 | S70: 2.6780441 | T70: 1.9266634 | U70: 0.64712333 | V70: 2.977274 | W70: 1.8448965 | X70: 0.63373036 | Y70: 2.9111695 | Z70: 1.8145572 | AA70: 0.62898104 | AB70: 2.8849155 | AC70: 1.9657842 | AD70: 0.60940403 | AE70: 3.2257486 | AF70: 1.8251618 | AG70: 0.58290455 | AH70: 3.1311505 | AI70: 1.508238 | AJ70: 0.55436118 | AK70: 2.7206775 | AL70: 1.5045623 | AM70: 0.51787449 | AN70: 2.9052643 | AO70: 1.5682264 | AP70: 0.48588115 | AQ70: 3.2275926 | AR70: 1.528972 | AS70: 0.51413822 | AT70: 2.973854 | AU70: 1.5067047 | AV70: 0.48513376 | AW70: 3.1057512 | AX70: 1.8644635 | AY70: 0.50508042 | AZ70: 3.6914191
A71: MaleBlackProstate* | B71: Male | C71: Black | D71: Prostate* | E71: #N/A | F71: 79.628008 | G71: #N/A | H71: 302.73495 | I71: 79.720595 | J71: 3.7974497 | K71: 294.12256 | L71: 78.588782 | M71: 3.7425515 | N71: 284.09913 | O71: 76.768049 | P71: 3.700747 | Q71: 281.38214 | R71: 74.774029 | S71: 3.7630998 | T71: 283.67863 | U71: 72.891804 | V71: 3.8917767 | W71: 282.70493 | X71: 70.714056 | Y71: 3.9978605 | Z71: 282.45844 | AA71: 68.841115 | AB71: 4.1030486 | AC71: 275.38497 | AD71: 66.357943 | AE71: 4.1499925 | AF71: 267.56184 | AG71: 64.106659 | AH71: 4.1736981 | AI71: 257.32627 | AJ71: 61.732883 | AK71: 4.1683825 | AL71: 250.93282 | AM71: 58.903255 | AN71: 4.260084 | AO71: 245.87196 | AP71: 56.919941 | AQ71: 4.3196102 | AR71: 242.75132 | AS71: 54.618483 | AT71: 4.4444904 | AU71: 238.97164 | AV71: 52.692545 | AW71: 4.5352078 | AX71: 233.04993 | AY71: 50.942309 | AZ71: 4.5747814
A72: MaleBlackBladder (including in situ) | B72: Male | C72: Black | D72: Bladder (including in situ) | E72: #N/A | F72: 6.3415766 | G72: #N/A | H72: 20.176806 | I72: 6.200056 | J72: 3.2542942 | K72: 20.748672 | L72: 6.0468363 | M72: 3.4313269 | N72: 20.280637 | O72: 5.8933607 | P72: 3.4412686 | Q72: 20.769973 | R72: 5.7934248 | S72: 3.5850941 | T72: 20.904112 | U72: 5.7716885 | V72: 3.6218366 | W72: 20.807489 | X72: 5.6256678 | Y72: 3.69867 | Z72: 20.595197 | AA72: 5.5796021 | AB72: 3.6911587 | AC72: 20.967427 | AD72: 5.5861894 | AE72: 3.7534401 | AF72: 21.193558 | AG72: 5.4599171 | AH72: 3.881663 | AI72: 21.699743 | AJ72: 5.5328046 | AK72: 3.9220151 | AL72: 21.801265 | AM72: 5.6604156 | AN72: 3.8515309 | AO72: 22.105938 | AP72: 5.6416089 | AQ72: 3.9183748 | AR72: 22.116317 | AS72: 5.4700639 | AT72: 4.0431552 | AU72: 21.961654 | AV72: 5.5382418 | AW72: 3.9654559 | AX72: 21.775746 | AY72: 5.4737353 | AZ72: 3.9782242
A73: MaleBlackKidney and Renal Pelvis | B73: Male | C73: Black | D73: Kidney and Renal Pelvis | E73: #N/A | F73: 6.2088119 | G73: #N/A | H73: 17.339355 | I73: 6.1226901 | J73: 2.8319831 | K73: 17.858246 | L73: 6.2452965 | M73: 2.8594713 | N73: 18.182668 | O73: 6.2795596 | P73: 2.8955324 | Q73: 18.13585 | R73: 6.2212287 | S73: 2.9151556 | T73: 18.199908 | U73: 6.2264149 | V73: 2.9230157 | W73: 19.535146 | X73: 6.3296298 | Y73: 3.0863015 | Z73: 20.052757 | AA73: 6.1890981 | AB73: 3.2400128 | AC73: 20.364368 | AD73: 6.1580609 | AE73: 3.3069449 | AF73: 20.89948 | AG73: 6.10524 | AH73: 3.4232037 | AI73: 22.104865 | AJ73: 6.0738924 | AK73: 3.6393245 | AL73: 21.661449 | AM73: 5.9695554 | AN73: 3.6286537 | AO73: 22.483916 | AP73: 5.9947286 | AQ73: 3.7506144 | AR73: 24.216788 | AS73: 5.917762 | AT73: 4.0922207 | AU73: 25.322345 | AV73: 5.8993015 | AW73: 4.292431 | AX73: 25.692784 | AY73: 5.7201728 | AZ73: 4.4916098
... A78: MaleBlackLeukemias | B78: Male | C78: Black | D78: Leukemias | E78: #N/A | F78: 9.7036803 | G78: #N/A | H78: 13.488718 | I78: 9.7230063 | J78: 1.3872991 | K78: 13.44349 | L78: 9.6799844 | M78: 1.3887925 | N78: 13.33291 | O78: 9.6015341 | P78: 1.3886229 | Q78: 13.725998 | R78: 9.4330601 | S78: 1.455095 | T78: 13.820588 | U78: 9.2977006 | V78: 1.4864522 | W78: 13.788162 | X78: 9.0440432 | Y78: 1.5245573 | Z78: 13.523438 | AA78: 8.9781633 | AB78: 1.5062589 | AC78: 13.710862 | AD78: 8.7998352 | AE78: 1.5580817 | AF78: 14.282081 | AG78: 8.8351563 | AH78: 1.6165057 | AI78: 13.878355 | AJ78: 8.6369428 | AK78: 1.6068597 | AL78: 13.944181 | AM78: 8.6476328 | AN78: 1.6124854 | AO78: 14.018342 | AP78: 8.4813743 | AQ78: 1.6528385 | AR78: 13.934307 | AS78: 8.5251001 | AT78: 1.6345037 | AU78: 13.4502 | AV78: 8.3675166 | AW78: 1.6074303 | AX78: 13.503149 | AY78: 8.2149921 | AZ78: 1.6437202
D81: Rates are per 100,000 and age-adjusted to the 2000 US Std Population (19 age groups - Census P25-1130) standard.
D82: Sites are based on SEER Site Recode with Kaposi and mesothelioma
D83: * The cancer rates for Male Prostate (Whites and Blacks) and Melanomas of the Skin (Blacks) are
D84: not included in the completeness estimates.
E85: SEER11 | F85: US Mort | G85: SEER/US | H85: SEER11 | I85: US Mort | J85: SEER/US | K85: SEER11 | L85: US Mort | M85: SEER/US | N85: SEER11 | O85: US Mort | P85: SEER/US | Q85: SEER11 | R85: US Mort | S85: SEER/US | T85: SEER11 | U85: US Mort | V85: SEER/US | W85: SEER11 | X85: US Mort | Y85: SEER/US | Z85: SEER11 | AA85: US Mort | AB85: SEER/US | AC85: SEER 11 | AD85: US MORT | AE85: SEER/US | AF85: SEER 11 | AG85: US MORT | AH85: SEER/US | AI85: SEER 11 | AJ85: US MORT | AK85: SEER/US | AL85: SEER 11 | AM85: US MORT | AN85: SEER/US | AO85: SEER 11 | AP85: US MORT | AQ85: SEER/US | AR85: SEER 11 | AS85: US MORT | AT85: SEER/US | AU85: SEER 11 | AV85: US MORT | AW85: SEER/US | AX85: SEER 11 | AY85: US MORT | AZ85: SEER/US
E86: 1991-95 | F86: 1991-95 | G86: 1991-95 | H86: 1992-96 | I86: 1992-96 | J86: 1992-96 | K86: 1993-97 | L86: 1993-97 | M86: 1993-97 | N86: 1994-98 | O86: 1994-98 | P86: 1994-98 | Q86: 1995-99 | R86: 1995-99 | S86: 1995-99 | T86: 1996-2000 | U86: 1996-2000 | V86: 1996-2000 | W86: 1997-2001 | X86: 1997-2001 | Y86: 1997-2001 | Z86: 1998-2002 | AA86: 1998-2002 | AB86: 1998-2002 | AC86: 1999-2003 | AD86: 1999-2003 | AE86: 1999-2003 | AF86: 2000-2004 | AG86: 2000-2004 | AH86: 2000-2004 | AI86: 2001-2005 | AJ86: 2001-2005 | AK86: 2001-2005 | AL86: 2002-2006 | AM86: 2002-2006 | AN86: 2002-2006 | AO86: 2003-2007 | AP86: 2003-2007 | AQ86: 2003-2007 | AR86: 2004-2008 | AS86: 2004-2008 | AT86: 2004-2008 | AU86: 2005-2009 | AV86: 2005-2009 | AW86: 2005-2009 | AX86: 2006-2010 | AY86: 2006-2010 | AZ86: 2006-2010
B87: Gender | C87: Race | D87: Cancer | E87: Rate | F87: Rate | G87: Ratio | H87: Rate | I87: Rate | J87: Ratio | K87: Rate | L87: Rate | M87: Ratio | N87: Rate | O87: Rate | P87: Ratio | Q87: Rate | R87: Rate | S87: Ratio | T87: Rate | U87: Rate | V87: Ratio | W87: Rate | X87: Rate | Y87: Ratio | Z87: Rate | AA87: Rate | AB87: Ratio | AC87: RATE | AD87: RATE | AE87: RATIO | AF87: RATE | AG87: RATE | AH87: RATIO | AI87: RATE | AJ87: RATE | AK87: RATIO | AL87: RATE | AM87: RATE | AN87: RATIO | AO87: RATE | AP87: RATE | AQ87: RATIO | AR87: RATE | AS87: RATE | AT87: RATIO | AU87: RATE | AV87: RATE | AW87: RATIO | AX87: RATE | AY87: RATE | AZ87: RATIO
A88: FemaleBlackOral Cavity and Pharynx | B88: Female | C88: Black | D88: Oral Cavity and Pharynx | E88: #N/A | F88: 2.4736455 | G88: #N/A | H88: 6.8780416 | I88: 2.3466981 | J88: 2.9309444 | K88: 7.0132698 | L88: 2.3205393 | M88: 3.0222586 | N88: 6.8505608 | O88: 2.2506747 | P88: 3.043781 | Q88: 6.6553512 | R88: 2.1990764 | S88: 3.0264301 | T88: 6.427995 | U88: 2.0423106 | V88: 3.147413 | W88: 6.3096472 | X88: 1.9873898 | Y88: 3.1748412 | Z88: 6.1723953 | AA88: 1.8945786 | AB88: 3.2579252 | AC88: 6.1953953 | AD88: 1.80491 | AE88: 3.432523 | AF88: 6.1545622 | AG88: 1.7110714 | AH88: 3.5969056 | AI88: 6.468673 | AJ88: 1.6315608 | AK88: 3.9647147 | AL88: 6.2402715 | AM88: 1.5705412 | AN88: 3.9733255 | AO88: 6.0980967 | AP88: 1.5460323 | AQ88: 3.9443526 | AR88: 5.7813369 | AS88: 1.5079496 | AT88: 3.8339059 | AU88: 5.8632301 | AV88: 1.4260017 | AW88: 4.1116571 | AX88: 5.4865083 | AY88: 1.4248003 | AZ88: 3.850721
A89: FemaleBlackEsophagus | B89: Female | C89: Black | D89: Esophagus | E89: #N/A | F89: 3.9384201 | G89: #N/A | H89: 4.6696927 | I89: 3.8529246 | J89: 1.2119865 | K89: 4.5653827 | L89: 3.7073871 | M89: 1.2314287 | N89: 4.3971188 | O89: 3.6077755 | P89: 1.2187895 | Q89: 4.2597008 | R89: 3.4385939 | S89: 1.2387915 | T89: 4.2280868 | U89: 3.3892234 | V89: 1.247509 | W89: 3.844842 | X89: 3.2484049 | Y89: 1.1836092 | Z89: 3.6397744 | AA89: 3.1543214 | AB89: 1.1539009 | AC89: 3.5694538 | AD89: 3.0234021 | AE89: 1.1806083 | AF89: 3.5334178 | AG89: 2.9817587 | AH89: 1.1850113 | AI89: 3.2097774 | AJ89: 2.7937877 | AK89: 1.1488981 | AL89: 3.2019742 | AM89: 2.6575423 | AN89: 1.2048629 | AO89: 3.0408496 | AP89: 2.5158848 | AQ89: 1.2086601 | AR89: 2.7493733 | AS89: 2.3988395 | AT89: 1.1461264 | AU89: 2.644955 | AV89: 2.2030433 | AW89: 1.2005914 | AX89: 2.6369319 | AY89: 2.1339417 | AZ89: 1.2357094
A90: FemaleBlackStomach | B90: Female | C90: Black | D90: Stomach | E90: #N/A | F90: 7.3022911 | G90: #N/A | H90: 9.5076404 | I90: 7.1537463 | J90: 1.3290436 | K90: 9.8431938 | L90: 6.9470519 | M90: 1.4168879 | N90: 10.247005 | O90: 6.8099455 | P90: 1.5047118 | Q90: 10.308095 | R90: 6.7071417 | S90: 1.5368834 | T90: 10.027873 | U90: 6.5343571 | V90: 1.534638 | W90: 9.9923963 | X90: 6.3436471 | Y90: 1.5751816 | Z90: 9.843022 | AA90: 6.2716725 | AB90: 1.5694413 | AC90: 9.5746776 | AD90: 6.0802915 | AE90: 1.574707 | AF90: 9.013058 | AG90: 5.8418003 | AH90: 1.5428562 | AI90: 8.9180147 | AJ90: 5.5475239 | AK90: 1.6075667 | AL90: 9.0009029 | AM90: 5.3643667 | AN90: 1.677906 | AO90: 8.5460025 | AP90: 5.0756716 | AQ90: 1.6837186 | AR90: 8.2657916 | AS90: 4.9605062 | AT90: 1.6663202 | AU90: 8.4944943 | AV90: 4.7902656 | AW90: 1.7732825 | AX90: 8.5268795 | AY90: 4.6579312 | AZ90: 1.8306151
A91: FemaleBlackColon and Rectum | B91: Female | C91: Black | D91: Colon and Rectum | E91: #N/A | F91: 25.651477 | G91: #N/A | H91: 55.847063 | I91: 25.326136 | J91: 2.2051158 | K91: 56.132443 | L91: 25.198886 | M91: 2.2275764 | N91: 56.304113 | O91: 24.950494 | P91: 2.2566332 | Q91: 56.330479 | R91: 24.915378 | S91: 2.2608719 | T91: 56.994948 | U91: 24.598861 | V91: 2.316975 | W91: 57.365922 | X91: 24.483793 | Y91: 2.3430162 | Z91: 56.967795 | AA91: 24.106351 | AB91: 2.3631861 | AC91: 56.674314 | AD91: 23.729737 | AE91: 2.3883246 | AF91: 55.956722 | AG91: 23.05996 | AH91: 2.426575 | AI91: 55.110048 | AJ91: 22.562449 | AK91: 2.4425561 | AL91: 54.579964 | AM91: 21.77113 | AN91: 2.5069881 | AO91: 53.811323 | AP91: 21.158501 | AQ91: 2.5432484 | AR91: 52.490459 | AS91: 20.360573 | AT91: 2.5780443 | AU91: 51.619413 | AV91: 19.782108 | AW91: 2.6093991 | AX91: 49.90948 | AY91: 19.024096 | AZ91: 2.6234877
A92: FemaleBlackLiver | B92: Female | C92: Black | D92: Liver | E92: #N/A | F92: 3.0789745 | G92: #N/A | H92: 2.8825678 | I92: 3.0967611 | J92: 0.93083313 | K92: 3.0164216 | L92: 3.1571071 | M92: 0.95543846 | N92: 3.1396518 | O92: 3.1423583 | P92: 0.9991387 | Q92: 3.5282985 | R92: 3.1763214 | S92: 1.1108128 | T92: 3.4495909 | U92: 3.0399558 | V92: 1.1347504 | W92: 3.5527367 | X92: 3.0865609 | Y92: 1.151034 | Z92: 3.4245125 | AA92: 3.0071845 | AB92: 1.138777 | AC92: 3.4878133 | AD92: 3.0348113 | AE92: 1.1492686 | AF92: 3.525052 | AG92: 3.0462441 | AH92: 1.1571798 | AI92: 3.8495338 | AJ92: 3.0491411 | AK92: 1.2624977 | AL92: 4.0293436 | AM92: 2.9922458 | AN92: 1.3465951 | AO92: 4.2116861 | AP92: 2.9813369 | AQ92: 1.4126837 | AR92: 4.2476173 | AS92: 2.9414796 | AT92: 1.4440411 | AU92: 4.4610332 | AV92: 2.9687053 | AW92: 1.5026864 | AX92: 4.3669654 | AY92: 3.0403811 | AZ92: 1.4363217
A93: FemaleBlackPancreas | B93: Female | C93: Black | D93: Pancreas | E93: #N/A | F93: 13.090083 | G93: #N/A | H93: 15.549007 | I93: 13.119363 | J93: 1.1851953 | K93: 15.708376 | L93: 13.06626 | M93: 1.2022091 | N93: 15.312682 | O93: 13.020879 | P93: 1.1760099 | Q93: 14.97931 | R93: 12.824593 | S93: 1.1680144 | T93: 14.400977 | U93: 12.851495 | V93: 1.1205682 | W93: 14.063536 | X93: 12.767934 | Y93: 1.1014731 | Z93: 13.893139 | AA93: 12.616641 | AB93: 1.1011757 | AC93: 13.994047 | AD93: 12.512376 | AE93: 1.1184165 | AF93: 14.186152 | AG93: 12.472002 | AH93: 1.1374399 | AI93: 14.892341 | AJ93: 12.427254 | AK93: 1.1983614 | AL93: 15.220433 | AM93: 12.444788 | AN93: 1.2230368 | AO93: 14.982219 | AP93: 12.527368 | AQ93: 1.195959 | AR93: 15.196883 | AS93: 12.538457 | AT93: 1.2120218 | AU93: 15.188092 | AV93: 12.565016 | AW93: 1.2087603 | AX93: 14.946438 | AY93: 12.476245 | AZ93: 1.1979917
A94: FemaleBlackLung and Bronchus | B94: Female | C94: Black | D94: Lung and Bronchus | E94: #N/A | F94: 38.177919 | G94: #N/A | H94: 53.098367 | I94: 38.553382 | J94: 1.3772687 | K94: 52.808856 | L94: 38.965354 | M94: 1.3552772 | N94: 53.627639 | O94: 39.565549 | P94: 1.3554125 | Q94: 54.294708 | R94: 39.833601 | S94: 1.3630379 | T94: 55.264645 | U94: 39.980044 | V94: 1.3823057 | W94: 55.463368 | X94: 39.900377 | Y94: 1.3900462 | Z94: 56.344671 | AA94: 39.853448 | AB94: 1.4137966 | AC94: 55.854408 | AD94: 39.785443 | AE94: 1.4038905 | AF94: 55.765969 | AG94: 39.776538 | AH94: 1.4019815 | AI94: 56.355334 | AJ94: 39.866802 | AK94: 1.4135905 | AL94: 56.881158 | AM94: 39.893461 | AN94: 1.4258266 | AO94: 56.615791 | AP94: 39.465797 | AQ94: 1.4345533 | AR94: 56.279824 | AS94: 38.780269 | AT94: 1.4512489 | AU94: 55.674301 | AV94: 37.96322 | AW94: 1.4665326 | AX94: 54.40623 | AY94: 37.212903 | AZ94: 1.4620259
A95: FemaleBlackMelanomas of the Skin | B95: Female | C95: Black | D95: Melanomas of the Skin | E95: #N/A | F95: 0.48755732 | G95: #N/A | H95: 0.88173231 | I95: 0.45473341 | J95: 1.9390093 | K95: 0.87226307 | L95: 0.48343705 | M95: 1.8042951 | N95: 0.91761835 | O95: 0.47504447 | P95: 1.9316473 | Q95: 0.90850568 | R95: 0.45149636 | S95: 2.0122104 | T95: 0.84032105 | U95: 0.46694853 | V95: 1.799601 | W95: 0.72640723 | X95: 0.47849937 | Y95: 1.5180944 | Z95: 0.8014894 | AA95: 0.42592728 | AB95: 1.8817518 | AC95: 0.75648831 | AD95: 0.40954575 | AE95: 1.84714 | AF95: 0.70516609 | AG95: 0.41977593 | AH95: 1.6798631 | AI95: 0.77667846 | AJ95: 0.40219029 | AK95: 1.9311219 | AL95: 0.84527174 | AM95: 0.38406309 | AN95: 2.2008669 | AO95: 0.87850052 | AP95: 0.40951978 | AQ95: 2.1451968 | AR95: 0.90413691 | AS95: 0.38987217 | AT95: 2.3190599 | AU95: 0.88728464 | AV95: 0.38355961 | AW95: 2.3132901 | AX95: 0.89533255 | AY95: 0.37869984 | AZ95: 2.3642274
A96: FemaleBlackBreast | B96: Female | C96: Black | D96: Breast | E96: #N/A | F96: 37.869284 | G96: #N/A | H96: 121.59316 | I96: 37.638068 | J96: 3.2305899 | K96: 122.29336 | L96: 37.688232 | M96: 3.2448686 | N96: 123.71202 | O96: 37.17113 | P96: 3.3281749 | Q96: 124.27675 | R96: 36.650546 | S96: 3.3908568 | T96: 123.94251 | U96: 35.890985 | V96: 3.4533049 | W96: 122.58079 | X96: 35.373966 | Y96: 3.4652827 | Z96: 122.16464 | AA96: 34.725684 | AB96: 3.517991 | AC96: 121.62637 | AD96: 34.448099 | AE96: 3.5307137 | AF96: 121.38101 | AG96: 33.85943 | AH96: 3.5848511 | AI96: 120.67288 | AJ96: 33.554253 | AK96: 3.5963512 | AL96: 121.91177 | AM96: 32.965976 | AN96: 3.6981089 | AO96: 122.61079 | AP96: 32.403369 | AQ96: 3.7838902 | AR96: 123.10944 | AS96: 31.783733 | AT96: 3.8733473 | AU96: 123.77454 | AV96: 31.348513 | AW96: 3.9483386 | AX96: 124.316 | AY96: 30.835994 | AZ96: 4.0315224
A97: FemaleBlackCervix | B97: Female | C97: Black | D97: Cervix | E97: #N/A | F97: 7.408349 | G97: #N/A | H97: 14.110028 | I97: 7.1087353 | J97: 1.9848859 | K97: 13.942036 | L97: 6.7972769 | M97: 2.0511208 | N97: 13.597465 | O97: 6.4449283 | P97: 2.109793 | Q97: 13.447829 | R97: 6.1751403 | S97: 2.1777366 | T97: 12.647082 | U97: 5.8687343 | V97: 2.1549932 | W97: 12.023432 | X97: 5.5891294 | Y97: 2.1512173 | Z97: 11.370803 | AA97: 5.2962204 | AB97: 2.1469656 | AC97: 10.95553 | AD97: 5.048128 | AE97: 2.1702164 | AF97: 10.315963 | AG97: 4.8644547 | AH97: 2.1206823 | AI97: 9.9782357 | AJ97: 4.6552248 | AK97: 2.1434488 | AL97: 9.4452639 | AM97: 4.5467049 | AN97: 2.0773866 | AO97: 9.1024579 | AP97: 4.4125769 | AQ97: 2.062844 | AR97: 8.867783 | AS97: 4.3150116 | AT97: 2.0551006 | AU97: 8.5183221 | AV97: 4.2466758 | AW97: 2.00588 | AX97: 8.3466771 | AY97: 4.1509013 | AZ97: 2.0108108
A98: FemaleBlackCorpus and Uterus, NOS | B98: Female | C98: Black | D98: Corpus and Uterus, NOS | E98: #N/A | F98: 7.0088286 | G98: #N/A | H98: 17.77321 | I98: 6.9938576 | J98: 2.5412599 | K98: 18.198785 | L98: 6.9423088 | M98: 2.6214313 | N98: 18.309107 | O98: 6.8599245 | P98: 2.6689954 | Q98: 18.397322 | R98: 6.8135012 | S98: 2.7001276 | T98: 18.215816 | U98: 6.9654629 | V98: 2.6151623 | W98: 18.510389 | X98: 6.9266162 | Y98: 2.6723567 | Z98: 19.382647 | AA98: 7.0458986 | AB98: 2.750912 | AC98: 19.758326 | AD98: 7.0850703 | AE98: 2.7887269 | AF98: 20.249319 | AG98: 7.1055043 | AH98: 2.8498074 | AI98: 21.090087 | AJ98: 7.0925198 | AK98: 2.9735676 | AL98: 20.786094 | AM98: 7.1682786 | AN98: 2.899733 | AO98: 20.992877 | AP98: 7.2067534 | AQ98: 2.9129451 | AR98: 21.763741 | AS98: 7.2161346 | AT98: 3.0159833 | AU98: 22.699688 | AV98: 7.3034265 | AW98: 3.1080874 | AX98: 23.284969 | AY98: 7.3812106 | AZ98: 3.1546274
A99: FemaleBlackOvary | B99: Female | C99: Black | D99: Ovary | E99: #N/A | F99: 7.8827484 | G99: #N/A | H99: 10.72363 | I99: 7.6762368 | J99: 1.3969905 | K99: 10.698603 | L99: 7.6353999 | M99: 1.4011843 | N99: 10.535086 | O99: 7.5611397 | P99: 1.3933198 | Q99: 10.361384 | R99: 7.4774023 | S99: 1.385693 | T99: 10.318301 | U99: 7.4286745 | V99: 1.3889828 | W99: 10.324675 | X99: 7.4656661 | Y99: 1.3829543 | Z99: 10.177566 | AA99: 7.3724427 | AB99: 1.3804877 | AC99: 10.361653 | AD99: 7.3897731 | AE99: 1.4021611 | AF99: 10.469235 | AG99: 7.4475985 | AH99: 1.4057196 | AI99: 10.446608 | AJ99: 7.4670418 | AK99: 1.3990289 | AL99: 10.365718 | AM99: 7.3296284 | AN99: 1.4142215 | AO99: 10.71599 | AP99: 7.1496989 | AQ99: 1.498803 | AR99: 10.331575 | AS99: 6.9777526 | AT99: 1.4806451 | AU99: 10.143796 | AV99: 6.8044331 | AW99: 1.4907629 | AX99: 9.8063827 | AY99: 6.6815502 | AZ99: 1.4676808
... A106: FemaleBlackLeukemias | B106: Female | C106: Black | D106: Leukemias | E106: #N/A | F106: 5.6605469 | G106: #N/A | H106: 8.4309189 | I106: 5.6813661 | J106: 1.4839598 | K106: 8.516016 | L106: 5.5982497 | M106: 1.5211926 | N106: 8.0812002 | O106: 5.558772 | P106: 1.4537744 | Q106: 8.1636925 | R106: 5.5361683 | S106: 1.4746106 | T106: 8.4328456 | U106: 5.4819186 | V106: 1.5383019 | W106: 8.5580127 | X106: 5.3886652 | Y106: 1.5881508 | Z106: 8.3778412 | AA106: 5.4058897 | AB106: 1.5497618 | AC106: 8.6690226 | AD106: 5.3549056 | AE106: 1.6188936 | AF106: 8.9607654 | AG106: 5.3482981 | AH106: 1.6754424 | AI106: 8.9118694 | AJ106: 5.2465993 | AK106: 1.6985992 | AL106: 8.7279979 | AM106: 5.1013696 | AN106: 1.7109127 | AO106: 8.6905759 | AP106: 5.0399072 | AQ106: 1.7243524 | AR106: 8.500747 | AS106: 4.9343632 | AT106: 1.7227647 | AU106: 8.0741452 | AV106: 4.8022584 | AW106: 1.6813225 | AX106: 7.9363909 | AY106: 4.7653733 | AZ106: 1.665429
D108: Rates are per 100,000 and age-adjusted to the 2000 US Std Population (19 age groups - Census P25-1130) standard.
D109: Sites are based on SEER Site Recode with Kaposi and mesothelioma
D110: * The cancer rates for Male Prostate (Whites and Blacks) and Melanomas of the Skin (Blacks) are
D111: not included in the completeness estimates.

Sheet Adjustment Info
A1: Worksheet for Completeness of Case Ascertainment, version 2.2.b
A2: =TRIM(Registry)&", Year of Diagnosis "&CaseYear -> Alabama, Year of Diagnosis 2010
A4: Mortality Adjustment Terms
A6: 0.2 | B6: Target Mortality Higher Than Reference Mortality (AdjHigh)
A7: 0.2 | B7: Target Mortality Lower Than Reference Mortality (AdjLow)
A10: Date of last spreadsheet update: June 2008
A12: Start Year | B12: End Year | C12: Types of Rates
A13: =CaseYear -> 2010 | B13: =CaseYear -> 2010 | C13: Registry Case Year
A14: =IF(Registry="Wyoming",CaseYear-2,IF(Registry="Northwest Territory",CaseYear-2,IF(Registry="Prince Edward Island",CaseYear-2,IF(Registry="Yukon",CaseYear-2,CaseYear-1)))) -> 2009 | B14: =CaseYear -> 2010 | C14: Registry Mortality (Current) Years
A15: =CaseYear-4 -> 2006 | B15: =CaseYear -> 2010 | C15: Registry Mortality (Reference) Years
A16: =CaseYear-4 -> 2006 | B16: =CaseYear -> 2010 | C16: SEER11 Incidence Reference Years
A17: =CaseYear-4 -> 2006 | B17: =CaseYear -> 2010 | C17: US Mortality Reference Years
