Workbook

Sheet Instructions
A1: In Motion School Monthly Data
A3: 1. Collect the data from each of your classrooms (preferably you have access to their spreadsheets).
A5: 2. Paste the data from the orange coloured boxes for the appropriate month into the charts found on the tabs below.
A7: 3. Print your school graphs for each month for your data wall--if you wish.
A9: 4. Monitor your month by month results using the graph on the "school monthly graphs" tab which appears after June.
A11: 5. Each month, forward your spreadsheet to the person in your school division responsible for collecting data.

Sheet September
A1: September | C1: Cut and paste data from monthly classroom results in these columns
B2: average
B3: rate
B4: school
B5: 0 min
B6: 1-5 min
B7: 6-10 min
B8: 11-15 min
B9: 16-20 min
B10: 21-25 min
B11: 26-30 min
B12: 31+ min
B13: grade
... B18: number
A20: School Totals | E20: School DPA Summary for | I20: =A1 -> September
A21: average | B21: =AVERAGE(C2:IG2) -> #DIV/0!
A22: rate | B22: =AVERAGE(C3:IG3) -> #DIV/0!
A23: school | B23: =AVERAGE(C4:IG4) -> #DIV/0!
A24: 0 min | B24: =AVERAGE(C5:IG5) -> #DIV/0!
A25: 1-5 min | B25: =AVERAGE(C6:IG6) -> #DIV/0!
A26: 6-10 min | B26: =AVERAGE(C7:IG7) -> #DIV/0!
A27: 11-15 min | B27: =AVERAGE(C8:IG8) -> #DIV/0!
A28: 16-20 min | B28: =AVERAGE(C9:IG9) -> #DIV/0!
A29: 21-25 min | B29: =AVERAGE(C10:IG10) -> #DIV/0!
A30: 26-30 min | B30: =AVERAGE(C11:IG11) -> #DIV/0!
A31: 31+ min | B31: =AVERAGE(C12:IG12) -> #DIV/0!

Sheet October
A1: October | C1: Cut and paste data from monthly classroom results in these columns
B2: average
B3: rate
B4: school
B5: 0 min
B6: 1-5 min
B7: 6-10 min
B8: 11-15 min
B9: 16-20 min
B10: 21-25 min
B11: 26-30 min
B12: 31+ min
B13: grade
... B18: number
A20: School Totals | E20: School DPA Summary for | I20: =A1 -> October
A21: average | B21: =AVERAGE(C2:IG2) -> #DIV/0!
A22: rate | B22: =AVERAGE(C3:IG3) -> #DIV/0!
A23: school | B23: =AVERAGE(C4:IG4) -> #DIV/0!
A24: 0 min | B24: =AVERAGE(C5:IG5) -> #DIV/0!
A25: 1-5 min | B25: =AVERAGE(C6:IG6) -> #DIV/0!
A26: 6-10 min | B26: =AVERAGE(C7:IG7) -> #DIV/0!
A27: 11-15 min | B27: =AVERAGE(C8:IG8) -> #DIV/0!
A28: 16-20 min | B28: =AVERAGE(C9:IG9) -> #DIV/0!
A29: 21-25 min | B29: =AVERAGE(C10:IG10) -> #DIV/0!
A30: 26-30 min | B30: =AVERAGE(C11:IG11) -> #DIV/0!
A31: 31+ min | B31: =AVERAGE(C12:IG12) -> #DIV/0!

Sheet November
A1: November | C1: Cut and paste data from monthly classroom results in these columns
B2: average
B3: rate
B4: school
B5: 0 min
B6: 1-5 min
B7: 6-10 min
B8: 11-15 min
B9: 16-20 min
B10: 21-25 min
B11: 26-30 min
B12: 31+ min
B13: grade
... B18: number
A20: School Totals | E20: School DPA Summary for | I20: =A1 -> November
A21: average | B21: =AVERAGE(C2:IG2) -> #DIV/0!
A22: rate | B22: =AVERAGE(C3:IG3) -> #DIV/0!
A23: school | B23: =AVERAGE(C4:IG4) -> #DIV/0!
A24: 0 min | B24: =AVERAGE(C5:IG5) -> #DIV/0!
A25: 1-5 min | B25: =AVERAGE(C6:IG6) -> #DIV/0!
A26: 6-10 min | B26: =AVERAGE(C7:IG7) -> #DIV/0!
A27: 11-15 min | B27: =AVERAGE(C8:IG8) -> #DIV/0!
A28: 16-20 min | B28: =AVERAGE(C9:IG9) -> #DIV/0!
A29: 21-25 min | B29: =AVERAGE(C10:IG10) -> #DIV/0!
A30: 26-30 min | B30: =AVERAGE(C11:IG11) -> #DIV/0!
A31: 31+ min | B31: =AVERAGE(C12:IG12) -> #DIV/0!

Sheet December
A1: December | C1: Cut and paste data from monthly classroom results in these columns
B2: average
B3: rate
B4: school
B5: 0 min
B6: 1-5 min
B7: 6-10 min
B8: 11-15 min
B9: 16-20 min
B10: 21-25 min
B11: 26-30 min
B12: 31+ min
B13: grade
... B18: number
A20: School Totals | E20: School DPA Summary for | I20: =A1 -> December
A21: average | B21: =AVERAGE(C2:IG2) -> #DIV/0!
A22: rate | B22: =AVERAGE(C3:IG3) -> #DIV/0!
A23: school | B23: =AVERAGE(C4:IG4) -> #DIV/0!
A24: 0 min | B24: =AVERAGE(C5:IG5) -> #DIV/0!
A25: 1-5 min | B25: =AVERAGE(C6:IG6) -> #DIV/0!
A26: 6-10 min | B26: =AVERAGE(C7:IG7) -> #DIV/0!
A27: 11-15 min | B27: =AVERAGE(C8:IG8) -> #DIV/0!
A28: 16-20 min | B28: =AVERAGE(C9:IG9) -> #DIV/0!
A29: 21-25 min | B29: =AVERAGE(C10:IG10) -> #DIV/0!
A30: 26-30 min | B30: =AVERAGE(C11:IG11) -> #DIV/0!
A31: 31+ min | B31: =AVERAGE(C12:IG12) -> #DIV/0!

Sheet January
A1: January | C1: Cut and paste data from monthly classroom results in these columns
B2: average
B3: rate
B4: school
B5: 0 min
B6: 1-5 min
B7: 6-10 min
B8: 11-15 min
B9: 16-20 min
B10: 21-25 min
B11: 26-30 min
B12: 31+ min
B13: grade
... B18: number
A20: School Totals | E20: School DPA Summary for | I20: =A1 -> January
A21: average | B21: =AVERAGE(C2:IG2) -> #DIV/0!
A22: rate | B22: =AVERAGE(C3:IG3) -> #DIV/0!
A23: school | B23: =AVERAGE(C4:IG4) -> #DIV/0!
A24: 0 min | B24: =AVERAGE(C5:IG5) -> #DIV/0!
A25: 1-5 min | B25: =AVERAGE(C6:IG6) -> #DIV/0!
A26: 6-10 min | B26: =AVERAGE(C7:IG7) -> #DIV/0!
A27: 11-15 min | B27: =AVERAGE(C8:IG8) -> #DIV/0!
A28: 16-20 min | B28: =AVERAGE(C9:IG9) -> #DIV/0!
A29: 21-25 min | B29: =AVERAGE(C10:IG10) -> #DIV/0!
A30: 26-30 min | B30: =AVERAGE(C11:IG11) -> #DIV/0!
A31: 31+ min | B31: =AVERAGE(C12:IG12) -> #DIV/0!

Sheet February
A1: February | C1: Cut and paste data from monthly classroom results in these columns
B2: average
B3: rate
B4: school
B5: 0 min
B6: 1-5 min
B7: 6-10 min
B8: 11-15 min
B9: 16-20 min
B10: 21-25 min
B11: 26-30 min
B12: 31+ min
B13: grade
... B18: number
A20: School Totals | E20: School DPA Summary for | I20: =A1 -> February
A21: average | B21: =AVERAGE(C2:IG2) -> #DIV/0!
A22: rate | B22: =AVERAGE(C3:IG3) -> #DIV/0!
A23: school | B23: =AVERAGE(C4:IG4) -> #DIV/0!
A24: 0 min | B24: =AVERAGE(C5:IG5) -> #DIV/0!
A25: 1-5 min | B25: =AVERAGE(C6:IG6) -> #DIV/0!
A26: 6-10 min | B26: =AVERAGE(C7:IG7) -> #DIV/0!
A27: 11-15 min | B27: =AVERAGE(C8:IG8) -> #DIV/0!
A28: 16-20 min | B28: =AVERAGE(C9:IG9) -> #DIV/0!
A29: 21-25 min | B29: =AVERAGE(C10:IG10) -> #DIV/0!
A30: 26-30 min | B30: =AVERAGE(C11:IG11) -> #DIV/0!
A31: 31+ min | B31: =AVERAGE(C12:IG12) -> #DIV/0!

Sheet March
A1: March | C1: Cut and paste data from monthly classroom results in these columns
B2: average
B3: rate
B4: school
B5: 0 min
B6: 1-5 min
B7: 6-10 min
B8: 11-15 min
B9: 16-20 min
B10: 21-25 min
B11: 26-30 min
B12: 31+ min
B13: grade
... B18: number
A20: School Totals | E20: School DPA Summary for | I20: =A1 -> March
A21: average | B21: =AVERAGE(C2:IG2) -> #DIV/0!
A22: rate | B22: =AVERAGE(C3:IG3) -> #DIV/0!
A23: school | B23: =AVERAGE(C4:IG4) -> #DIV/0!
A24: 0 min | B24: =AVERAGE(C5:IG5) -> #DIV/0!
A25: 1-5 min | B25: =AVERAGE(C6:IG6) -> #DIV/0!
A26: 6-10 min | B26: =AVERAGE(C7:IG7) -> #DIV/0!
A27: 11-15 min | B27: =AVERAGE(C8:IG8) -> #DIV/0!
A28: 16-20 min | B28: =AVERAGE(C9:IG9) -> #DIV/0!
A29: 21-25 min | B29: =AVERAGE(C10:IG10) -> #DIV/0!
A30: 26-30 min | B30: =AVERAGE(C11:IG11) -> #DIV/0!
A31: 31+ min | B31: =AVERAGE(C12:IG12) -> #DIV/0!

Sheet April
A1: April | C1: Cut and paste data from monthly classroom results in these columns
B2: average
B3: rate
B4: school
B5: 0 min
B6: 1-5 min
B7: 6-10 min
B8: 11-15 min
B9: 16-20 min
B10: 21-25 min
B11: 26-30 min
B12: 31+ min
B13: grade
... B18: number
A20: School Totals | E20: School DPA Summary for | I20: =A1 -> April
A21: average | B21: =AVERAGE(C2:IG2) -> #DIV/0!
A22: rate | B22: =AVERAGE(C3:IG3) -> #DIV/0!
A23: school | B23: =AVERAGE(C4:IG4) -> #DIV/0!
A24: 0 min | B24: =AVERAGE(C5:IG5) -> #DIV/0!
A25: 1-5 min | B25: =AVERAGE(C6:IG6) -> #DIV/0!
A26: 6-10 min | B26: =AVERAGE(C7:IG7) -> #DIV/0!
A27: 11-15 min | B27: =AVERAGE(C8:IG8) -> #DIV/0!
A28: 16-20 min | B28: =AVERAGE(C9:IG9) -> #DIV/0!
A29: 21-25 min | B29: =AVERAGE(C10:IG10) -> #DIV/0!
A30: 26-30 min | B30: =AVERAGE(C11:IG11) -> #DIV/0!
A31: 31+ min | B31: =AVERAGE(C12:IG12) -> #DIV/0!

Sheet May
A1: May | C1: Cut and paste data from monthly classroom results in these columns
B2: average
B3: rate
B4: school
B5: 0 min
B6: 1-5 min
B7: 6-10 min
B8: 11-15 min
B9: 16-20 min
B10: 21-25 min
B11: 26-30 min
B12: 31+ min
B13: grade
... B18: number
A20: School Totals | E20: School DPA Summary for | I20: =A1 -> May
A21: average | B21: =AVERAGE(C2:IG2) -> #DIV/0!
A22: rate | B22: =AVERAGE(C3:IG3) -> #DIV/0!
A23: school | B23: =AVERAGE(C4:IG4) -> #DIV/0!
A24: 0 min | B24: =AVERAGE(C5:IG5) -> #DIV/0!
A25: 1-5 min | B25: =AVERAGE(C6:IG6) -> #DIV/0!
A26: 6-10 min | B26: =AVERAGE(C7:IG7) -> #DIV/0!
A27: 11-15 min | B27: =AVERAGE(C8:IG8) -> #DIV/0!
A28: 16-20 min | B28: =AVERAGE(C9:IG9) -> #DIV/0!
A29: 21-25 min | B29: =AVERAGE(C10:IG10) -> #DIV/0!
A30: 26-30 min | B30: =AVERAGE(C11:IG11) -> #DIV/0!
A31: 31+ min | B31: =AVERAGE(C12:IG12) -> #DIV/0!

Sheet June
A1: June | C1: Cut and paste data from monthly classroom results in these columns
B2: average
B3: rate
B4: school
B5: 0 min
B6: 1-5 min
B7: 6-10 min
B8: 11-15 min
B9: 16-20 min
B10: 21-25 min
B11: 26-30 min
B12: 31+ min
B13: grade
... B18: number
A20: School Totals | E20: School DPA Summary for | I20: =A1 -> June
A21: average | B21: =AVERAGE(C2:IG2) -> #DIV/0!
A22: rate | B22: =AVERAGE(C3:IG3) -> #DIV/0!
A23: school | B23: =AVERAGE(C4:IG4) -> #DIV/0!
A24: 0 min | B24: =AVERAGE(C5:IG5) -> #DIV/0!
A25: 1-5 min | B25: =AVERAGE(C6:IG6) -> #DIV/0!
A26: 6-10 min | B26: =AVERAGE(C7:IG7) -> #DIV/0!
A27: 11-15 min | B27: =AVERAGE(C8:IG8) -> #DIV/0!
A28: 16-20 min | B28: =AVERAGE(C9:IG9) -> #DIV/0!
A29: 21-25 min | B29: =AVERAGE(C10:IG10) -> #DIV/0!
A30: 26-30 min | B30: =AVERAGE(C11:IG11) -> #DIV/0!
A31: 31+ min | B31: =AVERAGE(C12:IG12) -> #DIV/0!

Sheet School Monthly Graphs
A1: Average Monthly DPA
A2: 1 | B2: September | C2: =September!B21 -> #DIV/0!
A3: 2 | B3: October | C3: =October!B21 -> #DIV/0!
A4: 3 | B4: November | C4: =November!B21 -> #DIV/0!
A5: 4 | B5: December | C5: =December!B21 -> #DIV/0!
A6: 5 | B6: January | C6: =January!B21 -> #DIV/0!
A7: 6 | B7: February | C7: =February!B21 -> #DIV/0!
A8: 7 | B8: March | C8: =March!B21 -> #DIV/0!
A9: 8 | B9: April | C9: =April!B21 -> #DIV/0!
A10: 9 | B10: May | C10: =May!B21 -> #DIV/0!
A11: 10 | B11: June | C11: =June!B21 -> #DIV/0!
