Workbook

Sheet Menu
A1: HOLIDAY CALCULATOR
A3: Menu
B4: Click to select relevant calculator
A6: 1. | B6: Holiday entitlement for a part-time member of staff who works all year
A8: 2. | B8: Holiday entitlement for a part-time member of staff starting part way through the leave year
A10: 3. | B10: Holiday entitlement for a full-time member of staff starting part way through the leave year
A12: 4. | B12: Holiday entitlement for a part-time member of staff who works for a defined number of weeks in a year. All holiday is taken within the contracted working weeks
A14: 5. | B14: Holiday entitlement for a part-time member of staff who works for a defined number of weeks in a year. All holiday is taken outside the contracted working weeks
A15: 6. | B15: Calculating holiday entitlement when the hours of work change during the leave year
A16: 7. | B16: Calculating a leaver's holiday entitlement when they are full-time
A17: 8. | B17: Calculating a leaver's holiday entitlement when they are part-time. Holiday taken within the contracted working weeks.
A18: 9. | B18: Calculating a leaver's holiday entitlement when they are part-time. Holiday taken outside the contracted working weeks.
B22: FOR ANY OTHER ANNUAL LEAVE CALCULATIONS PLEASE SEEK THE ADVICE OF AN HR ADVISOR OR HR ADMINISTRATOR.

Sheet Part-time, full year
B2: PART-TIME STAFF: CALCULATING A FULL YEAR'S LEAVE ENTITLEMENT
B4: Back to menu
F5: C | G5: A | H5: B
B6: This calculator will pro-rata the holiday entitlement for a part-time member of staff who works all year. The first section (a) will calculate the total number of hours holiday to which the part-timer is entitled (including Bank and University Holidays). The second section (b) can then be used to work out how many hours the employee will be able to take as Annual Bookable Leave. Cells shown in orange will be completed by the calculator.
A8: (a) | B8: Grade of employee (pick from list) | F8: =INDEX(Data!$A$6:$D$8,Data!$A$11,2) -> 36.5 | G8: =INDEX(Data!$A$6:$D$9,Data!$A$11,3) -> 37 | H8: =INDEX(Data!$A$6:$D$9,Data!$A$11,4) -> 7.3
B10: Holiday entitlement (fte - shown in days ) | C10: =G8 -> 37
B12: Enter hours the part-timer works per week
B14: Pro-rata entitlement in hours | C14: =(G8*H8*(C12/F8*100)/100) -> 0 | E14: Formula = (A + D x B) x (E / C x 100) / 100
B15: Including all Bank and University Holidays (round up to nearest hour)
A17: (b) | B17: To calculate Annual Bookable Leave entitlement:-
B18: Enter the hours worked on a:-
B19: Monday
B20: Tuesday
B21: Wednesday
B22: Thursday
B23: Friday
B25: Number of Bank & University Holiday year 2013/14 falling on a:-
B26: Monday | C26: 5
B27: Tuesday | C27: 3
B28: Wednesday | C28: 2
B29: Thursday | C29: 1
B30: Friday | C30: 1
B33: Number of hours part-timer will use on Bank & University Holidays | C33: =(C19*C26)+(C20*C27)+(C21*C28)+(C22*C29)+(C23*C30) -> 0
B34: Number of Annual Bookable Leave hours remaining | C34: =C14-C33 -> 0
B36: Back to menu

Sheet Part-time, part year
B2: PART-TIME STAFF: CALCULATING A PART YEAR'S HOLIDAY ENTITLEMENT
B4: This calculator will pro-rata the holiday entitlement for a part-time member of staff starting part-way through a holiday year.
B5: through a holiday year.
B6: Enter part-timer's full year entitlement in hours
B7: (use calculator (1) if not known)
B10: Enter date of start of contract e.g. 1 June 2013 | C10: 41365
B12: Enter end date of holiday year i.e. 31 March 2014 | C12: 41729
B14: Number of days between the these two dates | C14: =C12-C10+1 -> 365
B16: Pro-rata entitlement in hours | C16: =C14/365*C6 -> 0
B22: Back to menu

Sheet Full-time, part year
B2: FULL-TIME STAFF: CALCULATING A NEW STARTER'S HOLIDAY ENTITLEMENT
B5: Grade of employee (pick from list) | F5: =INDEX(Data!$A$6:$D$9,Data!$A$12,2) -> 36.5 | G5: =INDEX(Data!$A$6:$D$9,Data!$A$12,3) -> 37 | H5: =INDEX(Data!$A$6:$D$9,Data!$A$12,4) -> 7.3
B7: Leave entitlement | C7: =G5 -> 37
B9: Enter date of start of new contract e.g. 1 June 2013 | C9: 41365
B11: Enter end date of holiday year e.g. 31 March 2014 | C11: 41729
B13: Number of days between the these two dates | C13: =C11-C9+1 -> 365
B15: Pro-rata entitlement | C15: =C13/365*C7 -> 37 | E15: FORMULA =((A + D) - 8) / 12 x E
B18: Back to menu

Sheet Part-time and part-year 1
B2: PART-TIME, PART-YEAR STAFF: CALCULATING FTE AND HOLIDAY ENTITLEMENT
B3: ALL LEAVE TO BE TAKEN WITHIN THE CONTRACTED WORKING WEEKS
F5: C | G5: A | H5: B
B6: This calculator will pro-rata the holiday entitlement for a part-time member of staff who works for a defined number of weeks in a year. Cells shown in orange will be completed by the calculator.
A8: (a) | B8: Grade of employee (pick from list) | F8: =INDEX(Data!$A$6:$D$9,Data!$A$11,2) -> 36.5 | G8: =INDEX(Data!$A$6:$D$9,Data!$A$11,3) -> 37 | H8: =INDEX(Data!$A$6:$D$9,Data!$A$11,4) -> 7.3
B10: Holiday entitlement (fte - shown in days ) | C10: =G8 -> 37
B12: Enter hours the part-timer works per week
B14: Enter number of weeks worked in the year
B16: Proportion of FTE | C16: =(C12/36.5)*(C14/52.14) -> 0
B18: Pro-rata entitlement in hours | C18: =G8*H8*C16 -> 0 | E18: Formula = (A + D x B) x (E / C x 100) / 100
B19: Including all Bank and University Holidays (round up to nearest hour)
B24: Back to menu

Sheet Part-time and part-year 2
B2: PART-TIME, PART-YEAR STAFF: CALCULATING FTE AND HOLIDAY ENTITLEMENT
B3: ALL LEAVE TO BE TAKEN OUTSIDE OF THE CONTRACTED WORKING WEEKS
F5: C | G5: A | H5: B
B6: This calculator will pro-rata the holiday entitlement for a part-time member of staff who works for a defined number of weeks in the year. Cells shown in orange will be completed by the calculator.
A8: (a) | B8: Grade of employee (pick from list) | F8: =INDEX(Data!$A$6:$D$9,Data!$A$11,2) -> 36.5 | G8: =INDEX(Data!$A$6:$D$9,Data!$A$11,3) -> 37 | H8: =INDEX(Data!$A$6:$D$9,Data!$A$11,4) -> 7.3
B10: Holiday entitlement (fte - shown in days ) | C10: =G8 -> 37
B12: Enter hours the part-timer works per week
B14: Enter number of weeks worked in the year
B16: Proportion of FTE | C16: =(C12/36.5)*(C14/(52.14-G8/5)) -> 0
B18: Pro-rata entitlement in hours | C18: =G8*H8*C16 -> 0 | E18: Formula = (A + D x B) x (E / C x 100) / 100
B19: Including all Bank and University Holidays (round up to nearest hour)
B27: Back to menu

Sheet Hours change during the year
B2: CALCULATOR FOR USE WHEN HOURS CHANGE DURING HOLIDAY YEAR
B4: Enter previous full year holiday entitlement (in hours)
B6: Enter new full year holiday entitlement (in hours)
B9: Enter start date of previous contract during the current year e.g. 1 June 2013 | C9: 41426
B10: Note: This should be the start of the holiday year if in post at that time
B12: Enter end date of previous contract during the holiday year e.g. 30 November | C12: 41608
B13: 2013
B14: Number of days in the current holiday year in previous post | C14: =C12-C9+1 -> 183
B16: Number of days remaining in the holiday year in new post | C16: =365-C14 -> 182
B18: Total holiday entitlement in the year the change occours (hours) | C18: =(C4/365*C14)+(C6/365*C16) -> 0
B19: Round up the nearest hour
B22: Back to menu

Sheet Full-time staff leaver
B2: FULL-TIME STAFF: CALCULATING A LEAVER'S HOLIDAY ENTITLEMENT
B3: Back to menu
B5: Grade of employee (pick from list) | F5: =INDEX(Data!$A$6:$D$9,Data!$A$12,2) -> 36.5 | G5: =INDEX(Data!$A$6:$D$9,Data!$A$12,3) -> 37 | H5: =INDEX(Data!$A$6:$D$9,Data!$A$12,4) -> 7.3
B7: Leave entitlement | C7: =G5 -> 37
B9: Enter start date of current leave year e.g. 1 April 2013
B11: Enter leaving date e.g. 30 June 2013
B13: Number of days between the these two dates | C13: =C11-C9+1 -> 1
B15: Pro-rata entitlement in days | C15: =C13/365*C7 -> 0.10136986 | E15: FORMULA =((A + D) - 8) / 12 x E
B18: Back to menu

Sheet Part-time staff leaver 1
B2: PART-TIME STAFF: CALCULATING A LEAVER'S HOLIDAY ENTITLEMENT
B3: ALL LEAVE NORMALLY TAKEN WITHIN THE CONTRACTED WORKING WEEKS
B4: Back to menu
F5: C | G5: A | H5: B
B6: This calculator will pro-rata the holiday entitlement for a part-time member of staff. The first section (a) will calculate the total number of hours holiday to which the part-timer is entitled (including Bank and University Holidays). The second section (b) can then be used to work out how many hours the employee should have taken as leave up to the leaving date. Cells shown in orange will be completed by the calculator.
A8: (a) | B8: Grade of employee (pick from list) | F8: =INDEX(Data!$A$6:$D$9,Data!$A$11,2) -> 36.5 | G8: =INDEX(Data!$A$6:$D$9,Data!$A$11,3) -> 37 | H8: =INDEX(Data!$A$6:$D$9,Data!$A$11,4) -> 7.3
B10: Holiday entitlement (fte - shown in days ) | C10: =G8 -> 37
B12: Enter hours the part-timer works per week
B14: Enter number of weeks worked in the year
B16: Proportion of FTE | C16: =(C12/36.5)*(C14/(52.14-G8/5)) -> 0
B18: Pro-rata entitlement in hours | C18: =G8*H8*C16 -> 0 | E18: Formula = (A + D x B) x (E / C x 100) / 100
B19: Including all Bank and University Holidays (round up to nearest hour)
A20: (b) | B20: Enter start date of current leave year e.g. 1 April 2013 | C20: 41365
B22: Enter leaving date e.g. 30 June 2013 | C22: 41455
B24: Number of days between the these two dates | C24: =C22-C20+1 -> 91
B26: Pro-rata entitlement at date of leaving in hours | C26: =C24/365*C18 -> 0 | E26: FORMULA =((A + D) - 8) / 12 x E
B27: Back to menu

Sheet Part-time staff leaver 2
B2: PART-TIME STAFF: CALCULATING A LEAVER'S HOLIDAY ENTITLEMENT
B3: ALL LEAVE NORMALLY TAKEN OUTSIDE THE CONTRACTED WORKING WEEKS
B4: Back to menu
F5: C | G5: A | H5: B
B6: This calculator will pro-rata the holiday entitlement for a part-time member of staff. The first section (a) will calculate the total number of hours holiday to which the part-timer is entitled (including Bank and University Holidays). The second section (b) can then be used to work out how many hours the employee is entitled to be paid for in lieu of leave up to the leaving date. Cells shown in orange will be completed by the calculator.
A8: (a) | B8: Grade of employee (pick from list) | F8: =INDEX(Data!$A$6:$D$9,Data!$A$11,2) -> 36.5 | G8: =INDEX(Data!$A$6:$D$9,Data!$A$11,3) -> 37 | H8: =INDEX(Data!$A$6:$D$9,Data!$A$11,4) -> 7.3
B10: Holiday entitlement (fte - shown in days ) | C10: =G8 -> 37
B12: Enter hours the part-timer works per week
B14: Enter number of weeks worked in the year
B16: Proportion of FTE | C16: =(C12/36.5)*(C14/(52.14)) -> 0
B18: Pro-rata entitlement in hours | C18: =G8*H8*C16 -> 0 | E18: Formula = (A + D x B) x (E / C x 100) / 100
B19: Including all Bank and University Holidays (round up to nearest hour)
A20: (b) | B20: Enter start date of current leave year e.g. 1 April 2013 | C20: 41365
B22: Enter leaving date e.g. 30 June 2013 | C22: 41455
B24: Number of days between these two dates | C24: =C22-C20+1 -> 91
B26: Pro-rata entitlement at date of leaving in hours | C26: =C24/365*C18 -> 0 | E26: FORMULA =((A + D) - 8) / 12 x E
B27: Back to menu

Sheet Data
A1: HOLIDAY CALCULATOR
A3: HIDDEN INFORMATION
B4: C | C4: A | D4: B
A5: GRADE | B5: HRS PER WEEK | C5: HOLIDAY | D5: HRS PER DAY
A6: Grade 1-6 | B6: 36.5 | C6: 37 | D6: =B6/5 -> 7.3
A7: Grade 7-10 | B7: 36.5 | C7: 42 | D7: =B7/5 -> 7.3
A8: Professorial | B8: 36.5 | C8: 43 | D8: =B8/5 -> 7.3
A11: 1
A12: 1
A13: 2
A14: 1
