Workbook
Name _KHK61: '375 S.K. EK VE DEĞİŞ G.MEV.'!$A$2
Name _KHK61: '375 S.K. EK VE DEĞİŞ G.MEV. (2'!$A$2
Name bookmark0: '161 S.D.M. TEBLİĞİ'!$A$1
Name bookmark1: '161 S.D.M. TEBLİĞİ'!$A$2
Name bookmark2: '161 S.D.M. TEBLİĞİ'!$A$3
Name bookmark3: '161 S.D.M. TEBLİĞİ'!$A$10
Name bookmark4: '161 S.D.M. TEBLİĞİ'!$A$637
Name bookmark5: '161 S.D.M. TEBLİĞİ'!$B$1168
Name bookmark6: '161 S.D.M. TEBLİĞİ'!$A$1237
Name OLE_LINK11: 'EK GÖSTERGELER '!#REF!
Name OLE_LINK29: 'MAAŞ HAKKINDA '!$A$281
Name OLE_LINK48: 'EK GÖSTERGELER '!#REF!
Name OLE_LINK9: '666 S.K.H.K'!$A$189

Sheet YARDIM ADRESLERİ 
A1: KANUNLAR
A2: Pratik Bilgiler | C2: 1 | D2: http://www.alomaliye.com/pratik_bilgiler_ana.htm
A3: 6245 | B3: S.K. | C3: 2 | D3: http://www.mevzuat.gov.tr/Metin.Aspx?MevzuatKod=1.3.6245&MevzuatIliski=0&sourceXmlSearch=
A4: 657 | B4: S.K. | C4: 3 | D4: http://www.mevzuat.gov.tr/MevzuatMetin/1.5.657.pdf
A5: BUMKO | C5: 4 | D5: http://www.bumko.gov.tr/TR,909/maas-istatistikleri--verileri.html
D6: http://www.memurlar.net/
D7: http://www.memurlar.net/haber/36809/
D8: http://www.memurlar.net/haber/36809/#.UQqB3KP5uZQ

Sheet KATSAYILAR 
A1: MEMUR MAAŞ HESAPLAMALARINDA KULLANILAN KATSAYILAR
A2: Yıl / Ay | B2: Aylık Katsayı | C2: Yan Ödeme Katsayısı | D2: Taban Aylık Katsayısı
A4: 25628 | B4: 7
A5: 25993 | B5: 7
A6: 26359 | B6: 7
A7: 26724 | B7: 7
A8: 27089 | B8: 8 | C8: 4
A9: 27454 | B9: 9 | C9: 4
A10: 27820 | B10: 9 | C10: 4
A11: 28185 | B11: 12 | C11: 4
A12: 28550 | B12: 14 | C12: 4
A13: 28915 | B13: 16 | C13: 6
A14: 29281 | B14: 25 | C14: 6
A15: 29646 | B15: 25 | C15: 6
A16: 30011 | B16: 30 | C16: 8
A17: 30317 | B17: 34 | C17: 9
A18: 30682 | B18: 40 | C18: 11
A19: 30864 | B19: 41 | C19: 12
... A28: 32509 | B28: 128 | C28: 43
A29: 32690 | B29: 205 | C29: 80 | D29: 220
A30: 32874 | B30: 255 | C30: 96 | D30: 280
A31: 33055 | B31: 320 | C31: 120 | D31: 355
A32: 33239 | B32: 352 | C32: 135 | D32: 480
A33: 33420 | B33: 470 | C33: 180 | D33: 640
A34: 33604 | B34: 523 | C34: 202 | D34: 823
A35: 33786 | B35: 651 | C35: 231 | D35: 1137
A36: 33970 | B36: 740 | C36: 255 | D36: 1575
A37: 34151 | B37: 835 | C37: 280 | D37: 1775
A38: 34243 | B38: 940 | C38: 310 | D38: 2000
A39: 34335 | B39: 980 | C39: 320 | D39: 2275
A40: 34425 | B40: 1100 | C40: 360 | D40: 2570
... A92: 41275 | B92: 0.073837 | C92: 0.0234128 | D92: 0.98798
A93: 41456
A94: 41640
A95: 41821

Sheet katsayılar 1
A1: KATSAYILAR VE DEVLET MEMURLARINA SAĞLANAN
A2: SOSYAL YARDIMLAR(*)
A3: =B4 -> (01.01.2013-30.06.2013 döneminde)
A4: Maaş Katsayısı | B4: (01.01.2013-30.06.2013 döneminde) | D4: ='KATSAYILAR '!B95 -> 0
A5: Taban Aylık Katsayısı | D5: ='KATSAYILAR '!D95 -> 0
A6: Yan Ödeme Katsayısı | D6: ='KATSAYILAR '!C95 -> 0
A7: Kıdem Aylığı Göstergesi | C7: 20 | D7: =C7*D4 -> 0
A8: Özel Hizmet Tazminatı Tavanı (8.000 + 1.500) x Maaş Katsayısı ) | C8: 9500 | D8: =C8*D4 -> 0
A9: Aile Yardımı (2.134 x Maaş Katsayısı ) | C9: 2134 | D9: =C9*D4 -> 0
A10: Çocuk Yardımı (250 x Maaş Katsayısı ) | C10: 250 | D10: =C10*D4 -> 0
A11: Doğum Yardımı (2.500 x Maaş Katsayısı) | C11: 2500 | D11: =C11*D4 -> 0
A12: Ölüm Yardımı | B12: Eş ve Çocuğun Ölümü Halinde (8.000 + 1.500) x Maaş Katsayısı | C12: 9500 | D12: =C12*D4 -> 0
B13: Memurun Ölümü Halinde [(8.000 + 1.500) x Maaş Katsayısı] x 2 | C13: 9500 | D13: =(C13*D4)*2 -> 0
A15: KATSAYILAR VE DEVLET MEMURLARINA SAĞLANAN
A16: SOSYAL YARDIMLAR(*)
A17: =B18 -> (01.01.2013-30.06.2013 döneminde)
A18: Maaş Katsayısı | B18: (01.01.2013-30.06.2013 döneminde) | D18: ='KATSAYILAR '!B94 -> 0
A19: Taban Aylık Katsayısı | D19: ='KATSAYILAR '!D94 -> 0
A20: Yan Ödeme Katsayısı | D20: ='KATSAYILAR '!C94 -> 0
A21: Kıdem Aylığı Göstergesi | C21: 20 | D21: =C21*D18 -> 0
A22: Özel Hizmet Tazminatı Tavanı (8.000 + 1.500) x Maaş Katsayısı ) | C22: 9500 | D22: =C22*D18 -> 0
A23: Aile Yardımı (2.134 x Maaş Katsayısı ) | C23: 2134 | D23: =C23*D18 -> 0
A24: Çocuk Yardımı (250 x Maaş Katsayısı ) | C24: 250 | D24: =C24*D18 -> 0
A25: Doğum Yardımı (2.500 x Maaş Katsayısı) | C25: 2500 | D25: =C25*D18 -> 0
A26: Ölüm Yardımı | B26: Eş ve Çocuğun Ölümü Halinde (8.000 + 1.500) x Maaş Katsayısı | C26: 9500 | D26: =C26*D18 -> 0
B27: Memurun Ölümü Halinde [(8.000 + 1.500) x Maaş Katsayısı] x 2 | C27: 9500 | D27: =(C27*D18)*2 -> 0
A29: KATSAYILAR VE DEVLET MEMURLARINA SAĞLANAN
A30: SOSYAL YARDIMLAR(*)
A31: =B32 -> (01.01.2013-30.06.2013 döneminde)
A32: Maaş Katsayısı | B32: (01.01.2013-30.06.2013 döneminde) | D32: ='KATSAYILAR '!B93 -> 0
A33: Taban Aylık Katsayısı | D33: ='KATSAYILAR '!D93 -> 0
A34: Yan Ödeme Katsayısı | D34: ='KATSAYILAR '!C93 -> 0
A35: Kıdem Aylığı Göstergesi | C35: 20 | D35: =C35*D32 -> 0
A36: Özel Hizmet Tazminatı Tavanı (8.000 + 1.500) x Maaş Katsayısı ) | C36: 9500 | D36: =C36*D32 -> 0
A37: Aile Yardımı (2.134 x Maaş Katsayısı ) | C37: 2134 | D37: =C37*D32 -> 0
A38: Çocuk Yardımı (250 x Maaş Katsayısı ) | C38: 250 | D38: =C38*D32 -> 0
A39: Doğum Yardımı (2.500 x Maaş Katsayısı) | C39: 2500 | D39: =C39*D32 -> 0
A40: Ölüm Yardımı | B40: Eş ve Çocuğun Ölümü Halinde (8.000 + 1.500) x Maaş Katsayısı | C40: 9500 | D40: =C40*D32 -> 0
B41: Memurun Ölümü Halinde [(8.000 + 1.500) x Maaş Katsayısı] x 2 | C41: 9500 | D41: =(C41*D32)*2 -> 0
A43: KATSAYILAR VE DEVLET MEMURLARINA SAĞLANAN
A44: SOSYAL YARDIMLAR(*)
A45: =B46 -> (01.01.2013-30.06.2013 döneminde)
A46: Maaş Katsayısı | B46: (01.01.2013-30.06.2013 döneminde) | D46: ='KATSAYILAR '!B92 -> 0.073837
A47: Taban Aylık Katsayısı | D47: ='KATSAYILAR '!D92 -> 0.98798
A48: Yan Ödeme Katsayısı | D48: ='KATSAYILAR '!C92 -> 0.0234128
A49: Kıdem Aylığı Göstergesi | C49: 20 | D49: =C49*D46 -> 1.47674
A50: Özel Hizmet Tazminatı Tavanı (8.000 + 1.500) x Maaş Katsayısı ) | C50: 9500 | D50: =C50*D46 -> 701.4515
A51: Aile Yardımı (2.134 x Maaş Katsayısı ) | C51: 2134 | D51: =C51*D46 -> 157.56816
A52: Çocuk Yardımı (250 x Maaş Katsayısı ) | C52: 250 | D52: =C52*D46 -> 18.45925
A53: Doğum Yardımı (2.500 x Maaş Katsayısı) | C53: 2500 | D53: =C53*D46 -> 184.5925
A54: Ölüm Yardımı | B54: Eş ve Çocuğun Ölümü Halinde (8.000 + 1.500) x Maaş Katsayısı | C54: 9500 | D54: =C54*D46 -> 701.4515
B55: Memurun Ölümü Halinde [(8.000 + 1.500) x Maaş Katsayısı] x 2 | C55: 9500 | D55: =(C55*D46)*2 -> 1402.903
A57: KATSAYILAR VE DEVLET MEMURLARINA SAĞLANAN
A58: SOSYAL YARDIMLAR(*)
A59: =B60 -> (01.07.2012-31.12.2012 döneminde)
A60: Maaş Katsayısı | B60: (01.07.2012-31.12.2012 döneminde) | D60: ='KATSAYILAR '!B91 -> 0.071589
A61: Taban Aylık Katsayısı | D61: ='KATSAYILAR '!D91 -> 0.9579
A62: Yan Ödeme Katsayısı | D62: ='KATSAYILAR '!C91 -> 0.0227
A63: Kıdem Aylığı Göstergesi | C63: 20 | D63: =C63*D60 -> 1.43178
A64: Özel Hizmet Tazminatı Tavanı (8.000 + 1.500) x Maaş Katsayısı ) | C64: 9500 | D64: =C64*D60 -> 680.0955
A65: Aile Yardımı (2.134 x Maaş Katsayısı ) | C65: 2134 | D65: =C65*D60 -> 152.77093
A66: Çocuk Yardımı (250 x Maaş Katsayısı ) | C66: 250 | D66: =C66*D60 -> 17.89725
A67: Doğum Yardımı (2.500 x Maaş Katsayısı) | C67: 2500 | D67: =C67*D60 -> 178.9725
A68: Ölüm Yardımı | B68: Eş ve Çocuğun Ölümü Halinde (8.000 + 1.500) x Maaş Katsayısı | C68: 9500 | D68: =C68*D60 -> 680.0955
B69: Memurun Ölümü Halinde [(8.000 + 1.500) x Maaş Katsayısı] x 2 | C69: 9500 | D69: =(C69*D60)*2 -> 1360.191
A72: KATSAYILAR VE DEVLET MEMURLARINA SAĞLANAN
A73: SOSYAL YARDIMLAR(*)
A74: =B75 -> (01.01.2012-30.06.2012 döneminde)
A75: Maaş Katsayısı | B75: (01.01.2012-30.06.2012 döneminde) | D75: ='KATSAYILAR '!B90 -> 0.068835
A76: Taban Aylık Katsayısı | D76: ='KATSAYILAR '!D90 -> 0.92105
A77: Yan Ödeme Katsayısı | D77: ='KATSAYILAR '!C90 -> 0.021827
A78: Kıdem Aylığı Göstergesi | C78: 20 | D78: =C78*D75 -> 1.3767
A79: Özel Hizmet Tazminatı Tavanı (8.000 + 1.500) x Maaş Katsayısı ) | C79: 9500 | D79: =C79*D75 -> 653.9325
A80: Aile Yardımı (2.134 x Maaş Katsayısı ) | C80: 2134 | D80: =C80*D75 -> 146.89389
A81: Çocuk Yardımı (250 x Maaş Katsayısı ) | C81: 250 | D81: =C81*D75 -> 17.20875
A82: Doğum Yardımı (2.500 x Maaş Katsayısı) | C82: 2500 | D82: =C82*D75 -> 172.0875
A83: Ölüm Yardımı | B83: Eş ve Çocuğun Ölümü Halinde (8.000 + 1.500) x Maaş Katsayısı | C83: 9500 | D83: =C83*D75 -> 653.9325
B84: Memurun Ölümü Halinde [(8.000 + 1.500) x Maaş Katsayısı] x 2 | C84: 9500 | D84: =(C84*D75)*2 -> 1307.865
A87: KATSAYILAR VE DEVLET MEMURLARINA SAĞLANAN
A88: SOSYAL YARDIMLAR(*)
A89: (01.07.2011 - 31.12.2011 Dönemi)
A90: Maaş Katsayısı (01.07.2011-31.12.2011 döneminde) | D90: 0.06446
A91: Taban Aylık Katsayısı (01.07.2011-31.12.2011 döneminde) | D91: 0.86251
A92: Yan Ödeme Katsayısı (01.07.2011-31.12.2011 döneminde) | D92: 0.02044
A93: Kıdem Aylığı Göstergesi | C93: 20 | D93: =C93*D90 -> 1.2892
A94: Özel Hizmet Tazminatı Tavanı (8.000 + 1.500) x Maaş Katsayısı ) (01.07.2011-31.12.2011 döneminde) | C94: 9500 | D94: =C94*D90 -> 612.37
A95: Aile Yardımı (2.134 x Maaş Katsayısı ) (01.01.2011-30.06.2011 döneminde) | C95: 2134 | D95: =C95*D90 -> 137.55764
A96: Çocuk Yardımı (250 x Maaş Katsayısı ) (01.01.2011-30.06.2011 döneminde) | C96: 250 | D96: =C96*D90 -> 16.115
A97: Doğum Yardımı (2.500 x Maaş Katsayısı) (01.01.2011-30.06.2011 döneminde) | C97: 2500 | D97: =C97*D90 -> 161.15
A98: Ölüm Yardımı (01.01.2011-30.06.2011 döneminde) | B98: Eş ve Çocuğun Ölümü Halinde (8.000 + 1.500) x Maaş Katsayısı | C98: 9500 | D98: =C98*D90 -> 612.37
B99: Memurun Ölümü Halinde [(8.000 + 1.500) x Maaş Katsayısı] x 2 | C99: 9500 | D99: =(C99*D90)*2 -> 1224.74
A100: (*) 2011/1241 sayılı Bakanlar Kurulu Kararı ile 01.07.2011 - 30.07.2011 tarihleri arasında geçerli olmak üzere belirlenen katsayılar. (Bkz. 05.01.2011/27806 sayılı Resmi Gazete)
A102: KATSAYILAR VE DEVLET MEMURLARINA SAĞLANAN
A103: SOSYAL YARDIMLAR(*)
A104: (01.01.2011 - 30.06.2011 Dönemi)
A105: Maaş Katsayısı (01.01.2011-30.06.2011 döneminde) | D105: 0.061954
A106: Taban Aylık Katsayısı (01.01.2011-30.06.2011 döneminde) | D106: 0.82656
A107: Yan Ödeme Katsayısı (01.01.2011-30.06.2011 döneminde) | D107: 0.019638
A108: Kıdem Aylığı Göstergesi | C108: 20 | D108: =C108*D105 -> 1.23908
A109: Özel Hizmet Tazminatı Tavanı (8.000 + 1.500) x 0,061954) (01.01.2011-30.06.2011 döneminde) | C109: 9500 | D109: =C109*D105 -> 588.563
...

Sheet E.Y.D.M.AYLIĞI 
A1: EN YÜKSEK DEVLET MEMURU AYLIĞI
A2: Yürürlük Tarihi | B2: Aylık Katsayı | C2: Gösterge | D2: Ek Gösterge | E2: En Yüksek Devlet Memuru Aylığı (TL/YTL)
A4: 1 Mart 1970 | B4: 7 | C4: 1000 | D4: 0 | E4: =(C4+D4)*B4 -> 7000
A5: 1 Aralık 1971 | B5: 7 | C5: 1000 | D5: 200 | E5: =(C5+D5)*B5 -> 8400
A6: 1 Mart 1972 | B6: 7 | C6: 1000 | D6: 200 | E6: =(C6+D6)*B6 -> 8400
A7: 1 Mart 1973 | B7: 7 | C7: 1000 | D7: 200 | E7: =(C7+D7)*B7 -> 8400
A8: 1 Mart 1974 | B8: 8 | C8: 1000 | D8: 200 | E8: =(C8+D8)*B8 -> 9600
A9: 1 Mart 1975 | B9: 9 | C9: 1000 | D9: 200 | E9: =(C9+D9)*B9 -> 10800
A10: 1 Mart 1976 | B10: 9 | C10: 1000 | D10: 200 | E10: =(C10+D10)*B10 -> 10800
A11: 1 Mart 1977 | B11: 12 | C11: 1000 | D11: 200 | E11: =(C11+D11)*B11 -> 14400
A12: 1 Mart 1978 | B12: 14 | C12: 1000 | D12: 200 | E12: =(C12+D12)*B12 -> 16800
A13: 1 Kasım 1978 | B13: 14 | C13: 1200 | D13: 200 | E13: =(C13+D13)*B13 -> 19600
A14: 1 Mart 1979 | B14: 16 | C14: 1200 | D14: 600 | E14: =(C14+D14)*B14 -> 28800
A15: 1 Mart 1980 | B15: 25 | C15: 1200 | D15: 600 | E15: =(C15+D15)*B15 -> 45000
... A90: 1 Temmuz 2012 | B90: 0.071589 | C90: 1500 | D90: 8000 | E90: =(C90+D90)*B90 -> 680.0955
A91: ='KATSAYILAR '!A92 -> 41275 | B91: ='KATSAYILAR '!B92 -> 0.073837 | C91: 1500 | D91: 8000 | E91: =(C91+D91)*B91 -> 701.4515
A92: ='KATSAYILAR '!A93 -> 41456 | B92: ='KATSAYILAR '!B93 -> 0 | C92: 1500 | D92: 8000 | E92: =(C92+D92)*B92 -> 0
A93: ='KATSAYILAR '!A94 -> 41640 | B93: ='KATSAYILAR '!B94 -> 0 | C93: 1500 | D93: 8000 | E93: =(C93+D93)*B93 -> 0
A94: ='KATSAYILAR '!A95 -> 41821 | B94: ='KATSAYILAR '!B95 -> 0 | C94: 1500 | D94: 8000 | E94: =(C94+D94)*B94 -> 0
A95: ='KATSAYILAR '!A96 -> 0 | B95: ='KATSAYILAR '!B96 -> 0 | C95: 1500 | D95: 8000 | E95: =(C95+D95)*B95 -> 0
A96: ='KATSAYILAR '!A97 -> 0 | B96: ='KATSAYILAR '!B97 -> 0 | C96: 1500 | D96: 8000 | E96: =(C96+D96)*B96 -> 0
A97: ='KATSAYILAR '!A98 -> 0 | B97: ='KATSAYILAR '!B98 -> 0 | C97: 1500 | D97: 8000 | E97: =(C97+D97)*B97 -> 0
A98: ='KATSAYILAR '!A99 -> 0 | B98: ='KATSAYILAR '!B99 -> 0 | C98: 1500 | D98: 8000 | E98: =(C98+D98)*B98 -> 0
A99: ='KATSAYILAR '!A100 -> 0 | B99: ='KATSAYILAR '!B100 -> 0 | C99: 1500 | D99: 8000 | E99: =(C99+D99)*B99 -> 0
A100: ='KATSAYILAR '!A101 -> 0 | B100: ='KATSAYILAR '!B101 -> 0 | C100: 1500 | D100: 8000 | E100: =(C100+D100)*B100 -> 0
A101: ='KATSAYILAR '!A102 -> 0 | B101: ='KATSAYILAR '!B102 -> 0 | C101: 1500 | D101: 8000 | E101: =(C101+D101)*B101 -> 0
A102: ='KATSAYILAR '!A103 -> 0 | B102: ='KATSAYILAR '!B103 -> 0 | C102: 1500 | D102: 8000 | E102: =(C102+D102)*B102 -> 0
... A114: ='KATSAYILAR '!A115 -> 0 | B114: ='KATSAYILAR '!B115 -> 0 | C114: 1500 | D114: 8000 | E114: =(C114+D114)*B114 -> 0

Sheet AİLE VE COCUK YARDIMI 
A1: AİLE YARDIMI ÖDENEĞİ | G1: AİLE YARDIMI ÖDENEĞİ
A2: (Eş İçin Yapılan Ödeme) | G2: (Bir Çocuk için Yapılan Ödeme)
A3: Yürürlük Tarihi | B3: Yürürlük Tarihi | C3: Aylık Katsayı | D3: Aylık Katsayı | E3: Gösterge | F3: Tutar (TL/YTL) | G3: GEÇERLİLİK TARİHİ | H3: AYLIK KATSAYI | I3: GÖSTERGE | J3: MİKTAR (TL/YTL)
J4: İlkokul | K4: Orta-Lise | L4: Yüksek Okul | M4: Diğer
G5: 25993 | J5: 10 | K5: 10 | L5: 10 | M5: 10
G6: 1 Mart 1972 | J6: 10 | K6: 10 | L6: 10 | M6: 10
G7: 1 Mart 1973 | J7: 10 | K7: 10 | L7: 10 | M7: 10
G8: 27089 | J8: 25 | K8: 25 | L8: 25 | M8: 25
G9: 27454 | J9: 50 | K9: 50 | L9: 50 | M9: 50
G10: 27820 | J10: 50 | K10: 50 | L10: 50 | M10: 50
G11: 28185 | J11: 50 | K11: 50 | L11: 50 | M11: 50
G12: 28550 | J12: 50 | K12: 50 | L12: 50 | M12: 50
A13: 1 Ekim 1978 | F13: 500 | G13: 28764 | J13: 100 | K13: 200 | L13: 400 | M13: 100
A14: 1 Mart 1979 | F14: 500 | G14: 28915 | J14: 100 | K14: 200 | L14: 400 | M14: 100
A15: 1 Mart 1980 | F15: 500 | G15: 29281 | J15: 100 | K15: 200 | L15: 400 | M15: 100
A16: 1 Mart 1981 | F16: 500 | G16: 29646 | J16: 100 | K16: 200 | L16: 400 | M16: 100
A17: 1 Mart 1982 | F17: 600 | G17: 30011 | J17: 200 | K17: 400 | L17: 600 | M17: 100
A18: 1 Ocak 1983 | F18: 720 | G18: 30317 | J18: 240 | K18: 480 | L18: 720 | M18: 120
A19: 1 Mart 1984 | F19: 900 | G19: 30682 | J19: 300 | K19: 600 | L19: 900 | M19: 150
A20: 30864 | B20: ='KATSAYILAR '!A19 -> 30864 | C20: ='KATSAYILAR '!B19 -> 41 | D20: 41 | E20: 25 | F20: =D20*E20 -> 1025 | G20: 30864 | H20: 41 | I20: 25 | J20: =H20*I20 -> 1025
A21: 31048 | B21: ='KATSAYILAR '!A20 -> 31048 | C21: ='KATSAYILAR '!B20 -> 46 | D21: 46 | E21: =E20 -> 25 | F21: =D21*E21 -> 1150 | G21: 31048 | H21: 46 | I21: 25 | J21: =H21*I21 -> 1150
A22: 31229 | B22: ='KATSAYILAR '!A21 -> 31229 | C22: ='KATSAYILAR '!B21 -> 49 | D22: 49 | E22: =E21 -> 25 | F22: =D22*E22 -> 1225 | G22: 31229 | H22: 49 | I22: 25 | J22: =H22*I22 -> 1225
A23: 01 ocak 1986 | B23: ='KATSAYILAR '!A22 -> 31413 | C23: ='KATSAYILAR '!B22 -> 56 | D23: 56 | E23: =E22 -> 25 | F23: =D23*E23 -> 1400 | G23: 31413 | H23: 56 | I23: 25 | J23: =H23*I23 -> 1400
A24: 31594 | B24: ='KATSAYILAR '!A23 -> 31594 | C24: ='KATSAYILAR '!B23 -> 62 | D24: 62 | E24: =E23 -> 25 | F24: =D24*E24 -> 1550 | G24: 31594 | H24: 62 | I24: 25 | J24: =H24*I24 -> 1550
A25: 31778 | B25: ='KATSAYILAR '!A24 -> 31778 | C25: ='KATSAYILAR '!B24 -> 66 | D25: 66 | E25: =E24 -> 25 | F25: =D25*E25 -> 1650 | G25: 31778 | H25: 66 | I25: 25 | J25: =H25*I25 -> 1650
A26: 31959 | B26: ='KATSAYILAR '!A25 -> 31959 | C26: ='KATSAYILAR '!B25 -> 70 | D26: 70 | E26: =E25 -> 25 | F26: =D26*E26 -> 1750 | G26: 31959 | H26: 70 | I26: 25 | J26: =H26*I26 -> 1750
A27: 32143 | B27: ='KATSAYILAR '!A26 -> 32143 | C27: ='KATSAYILAR '!B26 -> 84 | D27: 84 | E27: =E26 -> 25 | F27: =D27*E27 -> 2100 | G27: 32143 | H27: 84 | I27: 25 | J27: =H27*I27 -> 2100
A28: 32325 | B28: ='KATSAYILAR '!A27 -> 32325 | C28: ='KATSAYILAR '!B27 -> 100 | D28: 100 | E28: =E27 -> 25 | F28: =D28*E28 -> 2500 | G28: 32325 | H28: 100 | I28: 25 | J28: =H28*I28 -> 2500
A29: 32509 | B29: ='KATSAYILAR '!A28 -> 32509 | C29: ='KATSAYILAR '!B28 -> 128 | D29: 128 | E29: =E28 -> 25 | F29: =D29*E29 -> 3200 | G29: 32509 | H29: 128 | I29: 25 | J29: =H29*I29 -> 3200
A30: 32690 | B30: ='KATSAYILAR '!A29 -> 32690 | C30: ='KATSAYILAR '!B29 -> 205 | D30: 205 | E30: 25 | F30: =D30*E30 -> 5125 | G30: 32690 | H30: 205 | I30: 25 | J30: =H30*I30 -> 5125
A31: 32704 | D31: 205 | E31: 250 | F31: =D31*E31 -> 51250 | G31: 32704 | H31: 205 | I31: 50 | J31: =H31*I31 -> 10250
A32: 32874 | B32: ='KATSAYILAR '!A30 -> 32874 | C32: ='KATSAYILAR '!B30 -> 255 | D32: 255 | E32: 250 | F32: =D32*E32 -> 63750 | G32: 32874 | H32: 255 | I32: 50 | J32: =H32*I32 -> 12750
A33: 33055 | B33: ='KATSAYILAR '!A31 -> 33055 | C33: ='KATSAYILAR '!B31 -> 320 | D33: 320 | E33: 250 | F33: =D33*E33 -> 80000 | G33: 33055 | H33: 320 | I33: 50 | J33: =H33*I33 -> 16000
A34: 33239 | B34: ='KATSAYILAR '!A32 -> 33239 | C34: ='KATSAYILAR '!B32 -> 352 | D34: 352 | E34: 250 | F34: =D34*E34 -> 88000 | G34: 33239 | H34: 352 | I34: 50 | J34: =H34*I34 -> 17600
A35: 33420 | B35: ='KATSAYILAR '!A33 -> 33420 | C35: ='KATSAYILAR '!B33 -> 470 | D35: 470 | E35: 250 | F35: =D35*E35 -> 117500 | G35: 33420 | H35: 470 | I35: 50 | J35: =H35*I35 -> 23500
A36: 33434 | D36: 470 | E36: 300 | F36: =D36*E36 -> 141000
A37: 33604 | B37: ='KATSAYILAR '!A34 -> 33604 | C37: ='KATSAYILAR '!B34 -> 523 | D37: 523 | E37: 300 | F37: =D37*E37 -> 156900 | G37: 33604 | H37: 523 | I37: 50 | J37: =H37*I37 -> 26150
A38: 33786 | B38: ='KATSAYILAR '!A35 -> 33786 | C38: ='KATSAYILAR '!B35 -> 651 | D38: 651 | E38: 300 | F38: =D38*E38 -> 195300 | G38: 33786 | H38: 651 | I38: 50 | J38: =H38*I38 -> 32550
A39: 33970 | B39: ='KATSAYILAR '!A36 -> 33970 | C39: ='KATSAYILAR '!B36 -> 740 | D39: 740 | E39: 300 | F39: =D39*E39 -> 222000 | G39: 33970 | H39: 740 | I39: 50 | J39: =H39*I39 -> 37000
A40: 34151 | B40: ='KATSAYILAR '!A37 -> 34151 | C40: ='KATSAYILAR '!B37 -> 835 | D40: 835 | E40: 300 | F40: =D40*E40 -> 250500 | G40: 34151 | H40: 835 | I40: 50 | J40: =H40*I40 -> 41750
A41: 34243 | B41: ='KATSAYILAR '!A38 -> 34243 | C41: ='KATSAYILAR '!B38 -> 940 | D41: 940 | E41: 300 | F41: =D41*E41 -> 282000 | G41: 34243 | H41: 940 | I41: 50 | J41: =H41*I41 -> 47000
A42: 34335 | B42: ='KATSAYILAR '!A39 -> 34335 | C42: ='KATSAYILAR '!B39 -> 980 | D42: 980 | E42: 300 | F42: =D42*E42 -> 294000 | G42: 34335 | H42: 980 | I42: 50 | J42: =H42*I42 -> 49000
A43: 34425 | B43: ='KATSAYILAR '!A40 -> 34425 | C43: ='KATSAYILAR '!B40 -> 1100 | D43: 1100 | E43: 300 | F43: =D43*E43 -> 330000 | G43: 34425 | H43: 1100 | I43: 50 | J43: =H43*I43 -> 55000
B44: ='KATSAYILAR '!A41 -> 34516 | C44: ='KATSAYILAR '!B41 -> 1100
B45: ='KATSAYILAR '!A42 -> 34608 | C45: ='KATSAYILAR '!B42 -> 1100
A46: 34700 | B46: ='KATSAYILAR '!A43 -> 34700 | C46: ='KATSAYILAR '!B43 -> 1140 | D46: 1140 | E46: 300 | F46: =D46*E46 -> 342000 | G46: 34700 | H46: 1140 | I46: 50 | J46: =H46*I46 -> 57000
A47: 34790 | B47: ='KATSAYILAR '!A44 -> 34790 | C47: ='KATSAYILAR '!B44 -> 1225 | D47: 1225 | E47: 300 | F47: =D47*E47 -> 367500 | G47: 34790 | H47: 1225 | I47: 50 | J47: =H47*I47 -> 61250
A48: 35018 | B48: ='KATSAYILAR '!A45 -> 35018 | C48: ='KATSAYILAR '!B45 -> 1695 | D48: 1695 | E48: 300 | F48: =D48*E48 -> 508500 | G48: 35018 | H48: 1695 | I48: 50 | J48: =H48*I48 -> 84750
A49: 35065 | B49: ='KATSAYILAR '!A46 -> 35065 | C49: ='KATSAYILAR '!B46 -> 1695 | D49: 1695 | E49: 300 | F49: =D49*E49 -> 508500 | G49: 35065 | H49: 1695 | I49: 50 | J49: =H49*I49 -> 84750
A50: 35247 | B50: ='KATSAYILAR '!A47 -> 35247 | C50: ='KATSAYILAR '!B47 -> 2550 | D50: 2550 | E50: 300 | F50: =D50*E50 -> 765000 | G50: 35247 | H50: 2550 | I50: 50 | J50: =H50*I50 -> 127500
A51: 35431 | B51: ='KATSAYILAR '!A48 -> 35431 | C51: ='KATSAYILAR '!B48 -> 3315 | D51: 3315 | E51: 700 | F51: =D51*E51 -> 2320500 | G51: 35431 | H51: 3315 | I51: 50 | J51: =H51*I51 -> 165750
A52: 35612 | B52: ='KATSAYILAR '!A49 -> 35612 | C52: ='KATSAYILAR '!B49 -> 4475 | D52: 4475 | E52: 700 | F52: =D52*E52 -> 3132500 | G52: 35612 | H52: 4475 | I52: 50 | J52: =H52*I52 -> 223750
A53: 35796 | B53: ='KATSAYILAR '!A50 -> 35796 | C53: ='KATSAYILAR '!B50 -> 5820 | D53: 5820 | E53: 700 | F53: =D53*E53 -> 4074000 | G53: 35796 | H53: 5820 | I53: 50 | J53: =H53*I53 -> 291000
A54: 35977 | B54: ='KATSAYILAR '!A51 -> 35977 | C54: ='KATSAYILAR '!B51 -> 7030 | D54: 7030 | E54: 700 | F54: =D54*E54 -> 4921000 | G54: 35977 | H54: 7030 | I54: 50 | J54: =H54*I54 -> 351500
A55: 36069 | B55: ='KATSAYILAR '!A52 -> 36069 | C55: ='KATSAYILAR '!B52 -> 7750 | D55: 7750 | E55: 700 | F55: =D55*E55 -> 5425000 | G55: 36069 | H55: 7750 | I55: 50 | J55: =H55*I55 -> 387500
A56: 36161 | B56: ='KATSAYILAR '!A53 -> 36161 | C56: ='KATSAYILAR '!B53 -> 9975 | D56: 9975 | E56: 700 | F56: =D56*E56 -> 6982500 | G56: 36161 | H56: 9975 | I56: 50 | J56: =H56*I56 -> 498750
A57: 36342 | B57: ='KATSAYILAR '!A54 -> 36342 | C57: ='KATSAYILAR '!B54 -> 12000 | D57: 12000 | E57: 700 | F57: =D57*E57 -> 8400000 | G57: 36342 | H57: 12000 | I57: 50 | J57: =H57*I57 -> 600000
... A78: 38169 | B78: ='KATSAYILAR '!A75 -> 38169 | C78: ='KATSAYILAR '!B75 -> 38610 | D78: 38610 | E78: 1250 | F78: =D78*E78 -> 48262500 | G78: 38169 | H78: 38610 | I78: 250 | J78: =H78*I78 -> 9652500
A79: 38353 | B79: ='KATSAYILAR '!A76 -> 38353 | C79: ='KATSAYILAR '!B76 -> 0.0401 | D79: 0.0401 | E79: 1250 | F79: =D79*E79 -> 50.125 | G79: 38353 | H79: 0.0401 | I79: 250 | J79: =H79*I79 -> 10.025 | N79: Not: Çocuk için ödenmekte olan aile yardımı ödeneği, 15/1/2005 tarihinden itibaren (0-6) yaş grubunda yer alan çocuklar için bir kat artırımlı ödenmektedir.
A80: 38534 | B80: ='KATSAYILAR '!A77 -> 38534 | C80: ='KATSAYILAR '!B77 -> 0.0416 | D80: 0.0416 | E80: 1250 | F80: =D80*E80 -> 52 | G80: 38534 | H80: 0.0416 | I80: 250 | J80: =H80*I80 -> 10.4
A81: 38718 | B81: ='KATSAYILAR '!A78 -> 38718 | C81: ='KATSAYILAR '!B78 -> 0.04265 | D81: 0.04265 | E81: 1250 | F81: =D81*E81 -> 53.3125 | G81: 38718 | H81: 0.04265 | I81: 250 | J81: =H81*I81 -> 10.6625
A82: 38732 | D82: 0.04265 | E82: 1500 | F82: =D82*E82 -> 63.975
A83: 38899 | B83: ='KATSAYILAR '!A79 -> 38899 | C83: ='KATSAYILAR '!B79 -> 0.044745 | D83: 0.044745 | E83: 1500 | F83: =D83*E83 -> 67.1175 | G83: 38899 | H83: 0.044745 | I83: 250 | J83: =H83*I83 -> 11.18625
A84: 39083 | B84: ='KATSAYILAR '!A80 -> 39083 | C84: ='KATSAYILAR '!B80 -> 0.046985 | D84: 0.046985 | E84: 1500 | F84: =D84*E84 -> 70.4775 | G84: 39083 | H84: 0.046985 | I84: 250 | J84: =H84*I84 -> 11.74625
A85: 39264 | B85: ='KATSAYILAR '!A81 -> 39264 | C85: ='KATSAYILAR '!B81 -> 0.04835 | D85: 0.04835 | E85: 1500 | F85: =D85*E85 -> 72.525 | G85: 39264 | H85: 0.04835 | I85: 250 | J85: =H85*I85 -> 12.0875
A86: 39448 | B86: ='KATSAYILAR '!A82 -> 39448 | C86: ='KATSAYILAR '!B82 -> 0.049486 | D86: 0.049486 | E86: 1500 | F86: =D86*E86 -> 74.229 | G86: 39448 | H86: 0.049486 | I86: 250 | J86: =H86*I86 -> 12.3715
A87: 39630 | B87: ='KATSAYILAR '!A83 -> 39630 | C87: ='KATSAYILAR '!B83 -> 0.051448 | D87: 0.051448 | E87: 1500 | F87: =D87*E87 -> 77.172 | G87: 39630 | H87: 0.051448 | I87: 250 | J87: =H87*I87 -> 12.862
A88: 39814 | B88: ='KATSAYILAR '!A84 -> 39814 | C88: ='KATSAYILAR '!B84 -> 0.053505 | D88: 0.053505 | E88: 1500 | F88: =D88*E88 -> 80.2575 | G88: 39814 | H88: 0.053505 | I88: 250 | J88: =H88*I88 -> 13.37625
A89: 39995 | B89: ='KATSAYILAR '!A85 -> 39995 | C89: ='KATSAYILAR '!B85 -> 0.05592 | D89: 0.05592 | E89: 1500 | F89: =D89*E89 -> 83.88 | G89: 39995 | H89: 0.05592 | I89: 250 | J89: =H89*I89 -> 13.98
A90: 40179 | B90: ='KATSAYILAR '!A86 -> 40179 | C90: ='KATSAYILAR '!B86 -> 0.057383 | D90: 0.057383 | E90: 1500 | F90: =D90*E90 -> 86.0745 | G90: 40179 | H90: 0.057383 | I90: 250 | J90: =H90*I90 -> 14.34575
A91: 40360 | B91: ='KATSAYILAR '!A87 -> 40360 | C91: ='KATSAYILAR '!B87 -> 0.059445 | D91: 0.059445 | E91: 1500 | F91: =D91*E91 -> 89.1675 | G91: 40360 | H91: 0.059445 | I91: 250 | J91: =H91*I91 -> 14.86125
A92: 40544 | B92: ='KATSAYILAR '!A88 -> 40544 | C92: ='KATSAYILAR '!B88 -> 0.061954 | D92: 0.061954 | E92: 1823 | F92: =D92*E92 -> 112.94214 | G92: 40544 | H92: 0.061954 | I92: 250 | J92: =H92*I92 -> 15.4885
A93: 40725 | B93: ='KATSAYILAR '!A89 -> 40725 | C93: ='KATSAYILAR '!B89 -> 0.06446 | D93: 0.06446 | E93: 2134 | F93: =D93*E93 -> 137.55764 | G93: 40725 | H93: 0.06446 | I93: 250 | J93: =H93*I93 -> 16.115
A94: 40909 | D94: 0.066187 | E94: 2134 | F94: =D94*E94 -> 141.24306 | G94: 40909 | H94: 0.066187 | I94: 250 | J94: =H94*I94 -> 16.54675
A95: 40909 | B95: ='KATSAYILAR '!A90 -> 40909 | C95: ='KATSAYILAR '!B90 -> 0.068835 | D95: 0.068835 | E95: 2134 | F95: =D95*E95 -> 146.89389 | G95: 40909 | H95: 0.068835 | I95: 250 | J95: =H95*I95 -> 17.20875
A96: 41091 | B96: ='KATSAYILAR '!A91 -> 41091 | C96: ='KATSAYILAR '!B91 -> 0.071589 | D96: 0.071589 | E96: 2134 | F96: =D96*E96 -> 152.77093 | G96: 41091 | H96: 0.071589 | I96: 250 | J96: =H96*I96 -> 17.89725
A97: 41275 | B97: ='KATSAYILAR '!A92 -> 41275 | C97: ='KATSAYILAR '!B92 -> 0.073837 | D97: 0.073837 | E97: 2134 | F97: =D97*E97 -> 157.56816 | G97: 41275 | H97: 0.073837 | I97: 250 | J97: =H97*I97 -> 18.45925
B98: ='KATSAYILAR '!A93 -> 41456 | C98: ='KATSAYILAR '!B93 -> 0 | D98: =C98 -> 0 | E98: 2134 | F98: =D98*E98 -> 0 | G98: =C98 -> 0 | H98: =C98 -> 0 | I98: 250 | J98: =H98*I98 -> 0
B99: ='KATSAYILAR '!A94 -> 41640 | C99: ='KATSAYILAR '!B94 -> 0 | D99: =C99 -> 0 | E99: 2134 | F99: =D99*E99 -> 0 | G99: =C99 -> 0 | H99: =C99 -> 0 | I99: 250 | J99: =H99*I99 -> 0
B100: ='KATSAYILAR '!A95 -> 41821 | C100: ='KATSAYILAR '!B95 -> 0 | D100: =C100 -> 0 | E100: 2134 | F100: =D100*E100 -> 0 | G100: =C100 -> 0 | H100: =C100 -> 0 | I100: 250 | J100: =H100*I100 -> 0
B101: ='KATSAYILAR '!A96 -> 0 | C101: ='KATSAYILAR '!B96 -> 0 | D101: =C101 -> 0 | E101: 2134 | F101: =D101*E101 -> 0 | G101: =C101 -> 0 | H101: =C101 -> 0 | I101: 250 | J101: =H101*I101 -> 0
B102: ='KATSAYILAR '!A97 -> 0 | C102: ='KATSAYILAR '!B97 -> 0 | D102: =C102 -> 0 | E102: 2134 | F102: =D102*E102 -> 0 | G102: =C102 -> 0 | H102: =C102 -> 0 | I102: 250 | J102: =H102*I102 -> 0
B103: ='KATSAYILAR '!A98 -> 0 | C103: ='KATSAYILAR '!B98 -> 0 | D103: =C103 -> 0 | E103: 2134 | F103: =D103*E103 -> 0 | G103: =C103 -> 0 | H103: =C103 -> 0 | I103: 250 | J103: =H103*I103 -> 0
B104: ='KATSAYILAR '!A99 -> 0 | C104: ='KATSAYILAR '!B99 -> 0 | D104: =C104 -> 0 | E104: 2134 | F104: =D104*E104 -> 0 | G104: =C104 -> 0 | H104: =C104 -> 0 | I104: 250 | J104: =H104*I104 -> 0
B105: ='KATSAYILAR '!A100 -> 0 | C105: ='KATSAYILAR '!B100 -> 0 | D105: =C105 -> 0 | E105: 2134 | F105: =D105*E105 -> 0 | G105: =C105 -> 0 | H105: =C105 -> 0 | I105: 250 | J105: =H105*I105 -> 0
B106: ='KATSAYILAR '!A101 -> 0 | C106: ='KATSAYILAR '!B101 -> 0 | D106: =C106 -> 0 | E106: 2134 | F106: =D106*E106 -> 0 | G106: =C106 -> 0 | H106: =C106 -> 0 | I106: 250 | J106: =H106*I106 -> 0
B107: ='KATSAYILAR '!A102 -> 0 | C107: ='KATSAYILAR '!B102 -> 0 | D107: =C107 -> 0 | E107: 2134 | F107: =D107*E107 -> 0 | G107: =C107 -> 0 | H107: =C107 -> 0 | I107: 250 | J107: =H107*I107 -> 0
B108: ='KATSAYILAR '!A103 -> 0 | C108: ='KATSAYILAR '!B103 -> 0 | D108: =C108 -> 0 | E108: 2134 | F108: =D108*E108 -> 0 | G108: =C108 -> 0 | H108: =C108 -> 0 | I108: 250 | J108: =H108*I108 -> 0
B109: ='KATSAYILAR '!A104 -> 0 | C109: ='KATSAYILAR '!B104 -> 0 | D109: =C109 -> 0 | E109: 2134 | F109: =D109*E109 -> 0 | G109: =C109 -> 0 | H109: =C109 -> 0 | I109: 250 | J109: =H109*I109 -> 0
... B116: ='KATSAYILAR '!A111 -> 0 | C116: ='KATSAYILAR '!B111 -> 0 | D116: =C116 -> 0 | E116: 2134 | F116: =D116*E116 -> 0 | G116: =C116 -> 0 | H116: =C116 -> 0 | I116: 250 | J116: =H116*I116 -> 0

Sheet sataklık ind
A1: AYLIK SAKATLIK İNDİRİMİ TUTARLARI
A2: ( 01.01.2013 TARİHİNDEN İTİBAREN )
A3: Sakatlık Dereceleri
A4: I. Derece Sakatlar (Çalışma gücünün asgari % 80’ini kaybetmiş olanlar) | B4: 800
A5: II. Derece Sakatlar (Çalışma gücünün asgari % 60’ını kaybetmiş olanlar) | B5: 400
A6: III. Derece Sakatlar (Çalışma gücünün asgari % 40’ını kaybetmiş olanlar) | B6: 190
A8: AYLIK SAKATLIK İNDİRİMİ TUTARLARI
A9: ( 01.01.2012 TARİHİNDEN İTİBAREN )
A10: Sakatlık Dereceleri
A11: I. Derece Sakatlar (Çalışma gücünün asgari % 80’ini kaybetmiş olanlar) | B11: 770
A12: II. Derece Sakatlar (Çalışma gücünün asgari % 60’ını kaybetmiş olanlar) | B12: 380
A13: III. Derece Sakatlar (Çalışma gücünün asgari % 40’ını kaybetmiş olanlar) | B13: 180
A15: AYLIK SAKATLIK İNDİRİMİ TUTARLARI
A16: ( 01.01.2011 TARİHİNDEN İTİBAREN )
A17: Sakatlık Dereceleri
A18: I. Derece Sakatlar (Çalışma gücünün asgari % 80’ini kaybetmiş olanlar) | B18: 700
A19: II. Derece Sakatlar (Çalışma gücünün asgari % 60’ını kaybetmiş olanlar) | B19: 350
A20: III. Derece Sakatlar (Çalışma gücünün asgari % 40’ını kaybetmiş olanlar) | B20: 170
A22: AYLIK SAKATLIK İNDİRİMİ TUTARLARI
A23: ( 01.01.2010 TARİHİNDEN İTİBAREN )
A24: Sakatlık Dereceleri
A25: I. Derece Sakatlar (Çalışma gücünün asgari % 80’ini kaybetmiş olanlar) | B25: 680
A26: II. Derece Sakatlar (Çalışma gücünün asgari % 60’ını kaybetmiş olanlar) | B26: 330
A27: III. Derece Sakatlar (Çalışma gücünün asgari % 40’ını kaybetmiş olanlar) | B27: 160
A29: AYLIK SAKATLIK İNDİRİMİ TUTARLARI
A30: (01.01.2009 - 31.12.2009 TARİHLERİ ARASI)
A31: Sakatlık Dereceleri
A32: I. Derece Sakatlar (Çalışma gücünün asgari % 80’ini kaybetmiş olanlar) | B32: 670
A33: II. Derece Sakatlar (Çalışma gücünün asgari % 60’ını kaybetmiş olanlar) | B33: 330
A34: III. Derece Sakatlar (Çalışma gücünün asgari % 40’ını kaybetmiş olanlar) | B34: 160
A36: AYLIK SAKATLIK İNDİRİMİ TUTARLARI
A37: (01.01.2008 - 31.12.2008 TARİHLERİ ARASI)
A38: Sakatlık Dereceleri
A39: I. Derece Sakatlar (Çalışma gücünün asgari % 80’ini kaybetmiş olanlar) | B39: 600 YTL
A40: II. Derece Sakatlar (Çalışma gücünün asgari % 60’ını kaybetmiş olanlar) | B40: 300 YTL
A41: III. Derece Sakatlar (Çalışma gücünün asgari % 40’ını kaybetmiş olanlar) | B41: 150 YTL
A43: AYLIK SAKATLIK İNDİRİMİ TUTARLARI
A44: (01.01.2007 - 31.12.2007 TARİHLERİ ARASI)
A45: Sakatlık Dereceleri
A46: I. Derece Sakatlar (Çalışma gücünün asgari % 80’ini kaybetmiş olanlar) | B46: 570 YTL
A47: II. Derece Sakatlar (Çalışma gücünün asgari % 60’ını kaybetmiş olanlar) | B47: 280 YTL
A48: III. Derece Sakatlar (Çalışma gücünün asgari % 40’ını kaybetmiş olanlar) | B48: 140 YTL
A50: AYLIK SAKATLIK İNDİRİMİ TUTARLARI
A51: (01.01.2006 - 31.12.2006 TARİHLERİ ARASI)
A52: Sakatlık Dereceleri
A53: I. Derece Sakatlar (Çalışma gücünün asgari % 80’ini kaybetmiş olanlar) | B53: 530 YTL
A54: II. Derece Sakatlar (Çalışma gücünün asgari % 60’ını kaybetmiş olanlar) | B54: 265 YTL
A55: III. Derece Sakatlar (Çalışma gücünün asgari % 40’ını kaybetmiş olanlar) | B55: 133 YTL
A57: AYLIK SAKATLIK İNDİRİMİ TUTARLARI
A58: (01.01.2005 - 31.12.2005 TARİHLERİ ARASI)
A59: Sakatlık Dereceleri
A60: I. Derece Sakatlar (Çalışma gücünün asgari % 80’ini kaybetmiş olanlar) | B60: 480 YTL
A61: II. Derece Sakatlar (Çalışma gücünün asgari % 60’ını kaybetmiş olanlar) | B61: 240 YTL
A62: III. Derece Sakatlar (Çalışma gücünün asgari % 40’ını kaybetmiş olanlar) | B62: 120 YTL
A64: AYLIK SAKATLIK İNDİRİMİ TUTARLARI
A65: (01.01.2004 - 31.12.2004 TARİHLERİ ARASI)
A66: Sakatlık Dereceleri
A67: I. Derece Sakatlar (Çalışma gücünün asgari % 80’ini kaybetmiş olanlar) | B67: 440000000
A68: II. Derece Sakatlar (Çalışma gücünün asgari % 60’ını kaybetmiş olanlar) | B68: 220000000
A69: III. Derece Sakatlar (Çalışma gücünün asgari % 40’ını kaybetmiş olanlar) | B69: 110000000
A71: AYLIK SAKATLIK İNDİRİMİ TUTARLARI
A72: (01.01.2003 - 31.12.2003 TARİHLERİ ARASI)
A73: Sakatlık Dereceleri
A74: I. Derece Sakatlar (Çalışma gücünün asgari % 80’ini kaybetmiş olanlar) | B74: 360000000
A75: II. Derece Sakatlar (Çalışma gücünün asgari % 60’ını kaybetmiş olanlar) | B75: 180000000
A76: III. Derece Sakatlar (Çalışma gücünün asgari % 40’ını kaybetmiş olanlar) | B76: 90000000

Sheet Vergi dilemleri 
A1: 2013 YILI GELİR VERGİSİ TARİFESİ (Ücret Gelirleri İçin)
A2: 10700 | B2: TL'ye kadar | G2: 0.15
A3: 26000 | B3: TL'nin | C3: 10700 | D3: TL'si için | E3: =C3*G2 -> 1605 | F3: TL, fazlası | G3: 0.2
A4: 94000 | B4: TL'nin | C4: 26000 | D4: TL'si için | E4: =((C4-C3)*G3)+E3 -> 4665 | F4: TL, fazlası | G4: 0.27
A5: 94000 | B5: TL'den fazlasının | C5: 94000 | D5: TL'si için | E5: =((C5-C4)*G4)+E4 -> 23025 | F5: TL, fazlası | G5: 0.35
A7: 2012 YILI GELİR VERGİSİ TARİFESİ (Ücret Gelirleri İçin)
A8: 10000 | B8: TL'ye kadar | G8: 0.15
A9: 25000 | B9: TL'nin | C9: 10000 | D9: TL'si için | E9: =C9*G8 -> 1500 | F9: TL, fazlası | G9: 0.2
A10: 88000 | B10: TL'nin | C10: 25000 | D10: TL'si için | E10: =((C10-C9)*G9)+E9 -> 4500 | F10: TL, fazlası | G10: 0.27
A11: 88000 | B11: TL'den fazlasının | C11: 88000 | D11: TL'si için | E11: =((C11-C10)*G10)+E10 -> 21510 | F11: TL, fazlası | G11: 0.35
A12: 0
A14: 2011 YILI GELİR VERGİSİ TARİFESİ (Ücret Gelirleri İçin)
A15: 9400 | B15: TL'ye kadar | G15: 0.15
A16: 23000 | B16: TL'nin | C16: 9400 | D16: TL'si için | E16: =C16*G15 -> 1410 | F16: TL, fazlası | G16: 0.2
A17: 80000 | B17: TL'nin | C17: 23000 | D17: TL'si için | E17: =((C17-C16)*G16)+E16 -> 4130 | F17: TL, fazlası | G17: 0.27
A18: 80000 | B18: TL'den fazlasının | C18: 80000 | D18: TL'si için | E18: =((C18-C17)*G17)+E17 -> 19520 | F18: TL, fazlası | G18: 0.35
A19: oranında vergilendirilir
A21: 2010 YILI GELİR VERGİSİ TARİFESİ (Ücret Gelirleri İçin)
A22: 8800 | B22: TL'ye kadar | G22: 0.15
A23: 22000 | B23: TL'nin | C23: 8800 | D23: TL'si için | E23: =C23*G22 -> 1320 | F23: TL, fazlası | G23: 0.2
A24: 50000 | B24: TL'nin | C24: 22000 | D24: TL'si için | E24: =((C24-C23)*G23)+E23 -> 3960 | F24: TL, fazlası | G24: 0.27
A25: 50000 | B25: liradan fazlasının | C25: 50000 | D25: TL'si için | E25: =((C25-C24)*G24)+E24 -> 11520 | F25: TL, fazlası | G25: 0.35
A26: oranında vergilendirilir
A28: 2009 YILI GELİR VERGİSİ TARİFESİ (Ücretler)
A29: 8700 | B29: TL'ye kadar | G29: 0.15
A30: 22000 | B30: TL'nin | C30: 8700 | D30: TL'si için | E30: 1305 | F30: TL, fazlası | G30: 0.2
A31: 50000 | B31: TL'nin | C31: 22000 | D31: TL'si için | E31: 3965 | F31: TL, fazlası | G31: 0.27
A32: 50000 | B32: liradan fazlasının | C32: 50000 | D32: TL'si için | E32: 11525 | F32: TL, fazlası | G32: 0.35
A33: oranında vergilendirilir
A35: 2008 YILI GELİR VERGİSİ TARİFESİ (Ücretler)
A36: 7800 | B36: YTL'ye kadar | G36: 0.15
A37: 19.800 | B37: YTL'nin | C37: 7.800 | D37: YTL'si için | E37: 1170 | F37: YTL, fazlası | G37: 0.2
A38: 44.700 | B38: YTL'nin | C38: 19.800 | D38: YTL'si için | E38: 3570 | F38: YTL, fazlası | G38: 0.27
A39: 44.700 | B39: liradan fazlasının | C39: 44700 | D39: YTL'si için | E39: 10293 | F39: YTL, fazlası | G39: 0.35
A40: oranında vergilendirilir
A42: 2007 YILI GELİR VERGİSİ TARİFESİ (Ücretler)
A43: 7500 | B43: YTL'ye kadar | G43: 0.15
A44: 19.000 | B44: YTL'nin | C44: 7.500 | D44: YTL'si için | E44: 1125 | F44: YTL, fazlası | G44: 0.2
A45: 43.000 | B45: YTL'nin | C45: 19.000 | D45: YTL'si için | E45: 3425 | F45: YTL, fazlası | G45: 0.27
A46: 43.000 | B46: liradan fazlasının | C46: 43000 | D46: YTL'si için | E46: 9905 | F46: YTL, fazlası | G46: 0.35
A47: oranında vergilendirilir
A49: 2006 YILI GELİR VERGİSİ TARİFESİ (Ücretler)
A50: 7000 | B50: YTL'ye kadar | G50: 0.15
A51: 18.000 | B51: YTL'nin | C51: 7.000 | D51: YTL'si için | E51: 1050 | F51: YTL, fazlası | G51: 0.2
A52: 40.000 | B52: YTL'nin | C52: 18.000 | D52: YTL'si için | E52: 3250 | F52: YTL, fazlası | G52: 0.27
A53: 40.000 | B53: liradan fazlasının | C53: 40000 | D53: YTL'si için | E53: 9190 | F53: YTL, fazlası | G53: 0.35
A54: oranında vergilendirilir
A56: 2005 YILI GELİR VERGİSİ TARİFESİ (Ücretler)
A57: 6600 | B57: YTL'ye kadar | G57: 0.15
A58: 15000 | B58: YTL'nin | C58: 6600 | D58: lirası için | E58: 990 | F58: lira, fazlası | G58: 0.2
A59: 30.000 | B59: YTL'nin | C59: 15000 | D59: lirası için | E59: 2670 | F59: lira, fazlası | G59: 0.25
A60: 78000 | B60: YTL'nin | C60: 30000 | D60: lirası için | E60: 6420 | F60: lira, fazlası | G60: 0.3
A61: 78000 | B61: liradan fazlasının | C61: 78000 | D61: lirası için | E61: 20820 | F61: lira, fazlası | G61: 0.35
A62: oranında vergilendirilir
A64: 2004 YILI GELİR VERGİSİ TARİFESİ (Ücretler)
A65: 6000000000 | B65: liraya kadar | G65: 0.15
A66: 14000000000 | B66: liranın | C66: 6000000000 | D66: lirası için | E66: 900000000 | F66: lira, fazlası | G66: 0.2
A67: 28000000000 | B67: liranın | C67: 14000000000 | D67: lirası için | E67: 2500000000 | F67: lira, fazlası | G67: 0.25
A68: 70000000000 | B68: liranın | C68: 28000000000 | D68: lirası için | E68: 6000000000 | F68: lira, fazlası | G68: 0.3
A69: 140000000000 | B69: liranın | C69: 70000000000 | D69: lirası için | E69: 18600000000 | F69: lira, fazlası | G69: 0.35
A70: 140000000000 | B70: liradan fazlasının | C70: 140000000000 | D70: lirası için | E70: 43100000000 | F70: lira, fazlası | G70: 0.4
A71: oranında vergilendirilir
A73: 2003 YILI GELİR VERGİSİ TARİFESİ (Ücretler) (2002/5000 s. BKK)
A74: 5000000000 | B74: liraya kadar | G74: 0.15
A75: 12000000000 | B75: liranın | C75: 5000000000 | D75: lirası için | E75: 750000000 | F75: lira, fazlası | G75: 0.2
A76: 24000000000 | B76: liranın | C76: 12000000000 | D76: lirası için | E76: 2150000000 | F76: lira, fazlası | G76: 0.25
A77: 60000000000 | B77: liranın | C77: 24000000000 | D77: lirası için | E77: 5150000000 | F77: lira, fazlası | G77: 0.3
A78: 120000000000 | B78: liranın | C78: 60000000000 | D78: lirası için | E78: 15950000000 | F78: lira, fazlası | G78: 0.35
A79: 120000000000 | B79: liradan fazlasının | C79: 120000000000 | D79: lirası için | E79: 36950000000 | F79: lira, fazlası | G79: 0.4
A80: oranında vergilendirilir
A82: 2002 YILI GELİR VERGİSİ TARİFESİ (Ücretler) (2001/3398 s. BKK)
A83: 3800000000 | B83: liraya kadar | G83: 0.15
A84: 9500000000 | B84: liranın | C84: 3800000000 | D84: lirası için | E84: 570000000 | F84: lira, fazlası | G84: 0.2
A85: 19000000000 | B85: liranın | C85: 9500000000 | D85: lirası için | E85: 1710000000 | F85: lira, fazlası | G85: 0.25
A86: 47500000000 | B86: liranın | C86: 19000000000 | D86: lirası için | E86: 4085000000 | F86: lira, fazlası | G86: 0.3
A87: 95000000000 | B87: liranın | C87: 47500000000 | D87: lirası için | E87: 12635000000 | F87: lira, fazlası | G87: 0.35
A88: 95000000000 | B88: liradan fazlasının | C88: 95000000000 | D88: lirası için | E88: 20260000000 | F88: lira, fazlası | G88: 0.4
A89: oranında vergilendirilir
A91: 2001 YILI GELİR VERGİSİ TARİFESİ (Ücretler) (2000/1689 s. BKK)
A92: 2800000000 | B92: liraya kadar | G92: 0.15
A93: 7000000000 | B93: liranın | C93: 2800000000 | D93: lirası için | E93: 420000000 | F93: lira, fazlası | G93: 0.2
A94: 14000000000 | B94: liranın | C94: 7000000000 | D94: lirası için | E94: 1260000000 | F94: lira, fazlası | G94: 0.25
A95: 35000000000 | B95: liranın | C95: 14000000000 | D95: lirası için | E95: 3010000000 | F95: lira, fazlası | G95: 0.3
A96: 70000000000 | B96: liranın | C96: 35000000000 | D96: lirası için | E96: 9310000000 | F96: lira, fazlası | G96: 0.35
A97: 70000000000 | B97: liradan fazlasının | C97: 70000000000 | D97: lirası için | E97: 21560000000 | F97: lira, fazlası | G97: 0.4
A98: oranında vergilendirilir
A100: 2000 YILI GELİR VERGİSİ TARİFESİ (Ücretler) (99/13645 s. BKK)
A101: 2500000000 | B101: liraya kadar | G101: 0.15
A102: 6250000000 | B102: liranın | C102: 2500000000 | D102: lirası için | E102: 375000000 | F102: lira, fazlası | G102: 0.2
A103: 12500000000 | B103: liranın | C103: 6250000000 | D103: lirası için | E103: 1125000000 | F103: lira, fazlası | G103: 0.25
A104: 31250000000 | B104: liranın | C104: 12500000000 | D104: lirası için | E104: 2687500000 | F104: lira, fazlası | G104: 0.3
A105: 62500000000 | B105: liranın | C105: 31250000000 | D105: lirası için | E105: 8312500000 | F105: lira, fazlası | G105: 0.35
A106: 62500000000 | B106: liradan fazlasının | C106: 62500000000 | D106: lirası için | E106: 19250000000 | F106: lira, fazlası | G106: 0.4
A107: oranında vergilendirilir
A109: 1999 YILI GELİR VERGİSİ TARİFESİ (Ücretler) (4369 s. Kanun)
A110: 2000000000 | B110: liraya kadar | G110: 0.15
A111: 5000000000 | B111: liranın | C111: 2000000000 | D111: lirası için | E111: 300000000 | F111: lira, fazlası | G111: 0.2
A112: 10000000000 | B112: liranın | C112: 5000000000 | D112: lirası için | E112: 900000000 | F112: lira, fazlası | G112: 0.25
A113: 25000000000 | B113: liranın | C113: 10000000000 | D113: lirası için | E113: 2150000000 | F113: lira, fazlası | G113: 0.3
A114: 50000000000 | B114: liranın | C114: 25000000000 | D114: lirası için | E114: 6650000000 | F114: lira, fazlası | G114: 0.35
...

Sheet Damga vergisi nisbetleri 
A1: 2013 YILI İÇİN BAZI DAMGA VERGİSİ NİSPETLERİ VE MAKTU TUTARLAR
A2: - Ücretlerde (avans olarak ödenenler dahil) | B2: Binde 7,59
A3: - Resmi Dairelere Verilen Makbuz ve İbra Senetleri (Mal ve hizmet alımlarına ilişkin) | B3: Binde 8,25
A4: - Sözleşmeler, Taahhütnameler ve Temliknameler (Belli parayı ihtiva edenler) | B4: Binde 8,25
A5: - Kira Sözleşmeleri (Sözleşme süresine göre kira bedeli üzerinden) | B5: Binde 1,65
A6: - Kefalet, Teminat ve Rehin Senetleri (Belli parayı ihtiva edenler) | B6: Binde 8,25
A7: - Tahkimname ve Sulhnameler (Belli parayı ihtiva edenler) | B7: Binde 8,25
A8: - Fesihnameler (Belli parayı ihtiva eden bir kağıda taalluk edenler dahil) | B8: Binde 1,65
A9: - İkinci El Araç Satış ve (06.06.2008’den itibaren) Devir Sözleşmeleri | B9: Binde 1,65
A10: - İhale Kararları | B10: Binde 4,95
A11: - Yıllık Gelir Vergisi Beyannamesi | B11: 27.9
A12: - Kurumlar Vergisi Beyannamesi | B12: 37.27
A13: - Muhtasar Beyanname | B13: 18.55
A14: - Katma Değer Vergisi Beyannameleri | B14: 18.55
A15: - Diğer Vergi Beyannameleri (damga vergisi beyannameleri hariç) | B15: 18.55
A16: - Belediye ve İl Özel İdarelerine Verilen Beyannameler | B16: 13.75
A17: - Sosyal Güvenlik Kurumlarına Verilen Sigorta Prim Bildirgeleri | B17: 13.75
A18: - Gümrük İdarelerine Verilen Beyannameler | B18: 37.25
A19: - Bilançolar | B19: 21.55
A20: - Gelir Tabloları | B20: 10.55
A21: - İşletme Hesabı Özetleri | B21: 10.55
A22: (Her bir kağıt için hesaplanacak nispi vergi tutarı, (1) sayılı tabloda yer alan sınırlamalar saklı kalmak üzere 01.01.2011’den itibaren 1.251.383,40 TL’yi aşamaz.)
A25: 2012 YILI İÇİN BAZI DAMGA VERGİSİ NİSPETLERİ VE MAKTU TUTARLAR
A26: - Ücretlerde (avans olarak ödenenler dahil) | B26: Binde 6,60
A27: - Resmi Dairelere Verilen Makbuz ve İbra Senetleri (Mal ve hizmet alımlarına ilişkin) | B27: Binde 8,25
A28: - Sözleşmeler, Taahhütnameler ve Temliknameler (Belli parayı ihtiva edenler) | B28: Binde 8,25
A29: - Kira Sözleşmeleri (Sözleşme süresine göre kira bedeli üzerinden) | B29: Binde 1,65
A30: - Kefalet, Teminat ve Rehin Senetleri (Belli parayı ihtiva edenler) | B30: Binde 8,25
A31: - Tahkimname ve Sulhnameler (Belli parayı ihtiva edenler) | B31: Binde 8,25
A32: - Fesihnameler (Belli parayı ihtiva eden bir kağıda taalluk edenler dahil) | B32: Binde 1,65
A33: - İkinci El Araç Satış ve (06.06.2008’den itibaren) Devir Sözleşmeleri | B33: Binde 1,65
A34: - İhale Kararları | B34: Binde 4,95
A35: - Yıllık Gelir Vergisi Beyannamesi | B35: 27.9
A36: - Kurumlar Vergisi Beyannamesi | B36: 37.27
A37: - Muhtasar Beyanname | B37: 18.55
A38: - Katma Değer Vergisi Beyannameleri | B38: 18.55
A39: - Diğer Vergi Beyannameleri (damga vergisi beyannameleri hariç) | B39: 18.55
A40: - Belediye ve İl Özel İdarelerine Verilen Beyannameler | B40: 13.75
A41: - Sosyal Güvenlik Kurumlarına Verilen Sigorta Prim Bildirgeleri | B41: 13.75
A42: - Gümrük İdarelerine Verilen Beyannameler | B42: 37.25
A43: - Bilançolar | B43: 21.55
A44: - Gelir Tabloları | B44: 10.55
A45: - İşletme Hesabı Özetleri | B45: 10.55
A46: (Her bir kağıt için hesaplanacak nispi vergi tutarı, (1) sayılı tabloda yer alan sınırlamalar saklı kalmak üzere 01.01.2011’den itibaren 1.251.383,40 TL’yi aşamaz.)
A49: 2011 YILI İÇİN BAZI DAMGA VERGİSİ NİSPETLERİ VE MAKTU TUTARLAR
A50: - Ücretlerde (avans olarak ödenenler dahil) | B50: Binde 6,60
A51: - Resmi Dairelere Verilen Makbuz ve İbra Senetleri (Mal ve hizmet alımlarına ilişkin) | B51: Binde 8,25
A52: - Sözleşmeler, Taahhütnameler ve Temliknameler (Belli parayı ihtiva edenler) | B52: Binde 8,25
A53: - Kira Sözleşmeleri (Sözleşme süresine göre kira bedeli üzerinden) | B53: Binde 1,65
A54: - Kefalet, Teminat ve Rehin Senetleri (Belli parayı ihtiva edenler) | B54: Binde 8,25
A55: - Tahkimname ve Sulhnameler (Belli parayı ihtiva edenler) | B55: Binde 8,25
A56: - Fesihnameler (Belli parayı ihtiva eden bir kağıda taalluk edenler dahil) | B56: Binde 1,65
A57: - İkinci El Araç Satış ve (06.06.2008’den itibaren) Devir Sözleşmeleri | B57: Binde 1,65
A58: - İhale Kararları | B58: Binde 4,95
A59: - Yıllık Gelir Vergisi Beyannamesi | B59: 27.9
A60: - Kurumlar Vergisi Beyannamesi | B60: 37.27
A61: - Muhtasar Beyanname | B61: 18.55
A62: - Katma Değer Vergisi Beyannameleri | B62: 18.55
A63: - Diğer Vergi Beyannameleri (damga vergisi beyannameleri hariç) | B63: 18.55
A64: - Belediye ve İl Özel İdarelerine Verilen Beyannameler | B64: 13.75
A65: - Sosyal Güvenlik Kurumlarına Verilen Sigorta Prim Bildirgeleri | B65: 13.75
A66: - Gümrük İdarelerine Verilen Beyannameler | B66: 37.25
A67: - Bilançolar | B67: 21.55
A68: - Gelir Tabloları | B68: 10.55
A69: - İşletme Hesabı Özetleri | B69: 10.55
A70: (Her bir kağıt için hesaplanacak nispi vergi tutarı, (1) sayılı tabloda yer alan sınırlamalar saklı kalmak üzere 01.01.2011’den itibaren 1.251.383,40 TL’yi aşamaz.)
A74: 2010 YILI İÇİN BAZI DAMGA VERGİSİ NİSPETLERİ VE MAKTU TUTARLAR
A75: - Ücretlerde (avans olarak ödenenler dahil) | B75: Binde 6,60
A76: - Resmi Dairelere Verilen Makbuz ve İbra Senetleri (Mal ve hizmet alımlarına ilişkin) | B76: Binde 8,25
A77: - Sözleşmeler, Taahhütnameler ve Temliknameler (Belli parayı ihtiva edenler) | B77: Binde 8,25
A78: - Kira Sözleşmeleri (Sözleşme süresine göre kira bedeli üzerinden) | B78: Binde 1,65
A79: - Kefalet, Teminat ve Rehin Senetleri (Belli parayı ihtiva edenler) | B79: Binde 8,25
A80: - Tahkimname ve Sulhnameler (Belli parayı ihtiva edenler) | B80: Binde 8,25
A81: - Fesihnameler (Belli parayı ihtiva eden bir kağıda taalluk edenler dahil) | B81: Binde 1,65
A82: - İkinci El Araç Satış ve (06.06.2008’den itibaren) Devir Sözleşmeleri | B82: Binde 1,65
A83: - İhale Kararları | B83: Binde 4,95
A84: - Yıllık Gelir Vergisi Beyannamesi | B84: 27.9
A85: - Kurumlar Vergisi Beyannamesi | B85: 37.27
A86: - Muhtasar Beyanname | B86: 18.55
A87: - Katma Değer Vergisi Beyannameleri | B87: 18.55
A88: - Diğer Vergi Beyannameleri (damga vergisi beyannameleri hariç) | B88: 18.55
A89: - Belediye ve İl Özel İdarelerine Verilen Beyannameler | B89: 13.75
A90: - Sosyal Güvenlik Kurumlarına Verilen Sigorta Prim Bildirgeleri | B90: 13.75
A91: - Gümrük İdarelerine Verilen Beyannameler | B91: 37.25
A92: - Bilançolar | B92: 21.55
A93: - Gelir Tabloları | B93: 10.55
A94: - İşletme Hesabı Özetleri | B94: 10.55
A95: (Her bir kağıt için hesaplanacak nispi vergi tutarı, (1) sayılı tabloda yer alan sınırlamalar saklı kalmak üzere 01.01.2010’dan itibaren 1.161.915,90 TL’yi aşamaz.)
A99: 2009 YILI İÇİN BAZI DAMGA VERGİSİ NİSPETLERİ VE MAKTU TUTARLAR
A100: - Ücretlerde (06.06.2008’den itibaren avans olarak ödenenler dahil) | B100: Binde 6
A101: - Resmi Dairelere Verilen Makbuz ve İbra Senetleri (Mal ve hizmet alımlarına ilişkin) | B101: Binde 7,5
A102: - Sözleşmeler, Taahhütnameler ve Temliknameler (Belli parayı ihtiva edenler) | B102: Binde 7,5
A103: - Kira Sözleşmeleri (Sözleşme süresine göre kira bedeli üzerinden) | B103: Binde 1,5
A104: - Kefalet, Teminat ve Rehin Senetleri (Belli parayı ihtiva edenler) | B104: Binde 7,5
A105: - Tahkimname ve Sulhnameler (Belli parayı ihtiva edenler) | B105: Binde 7,5
A106: - Fesihnameler (Belli parayı ihtiva eden bir kağıda taalluk edenler dahil) | B106: Binde 1,5
A107: - İkinci El Araç Satış ve (06.06.2008’den itibaren) Devir Sözleşmeleri | B107: Binde 1,5
A108: - İhale Kararları | B108: Binde 4,5
A109: - Yıllık Gelir Vergisi Beyannamesi | B109: 25,40 TL
A110: - Kurumlar Vergisi Beyannamesi | B110: 33,90 TL
...

Sheet AGİ
A1: 2014 YILI ASGARİ GEÇİM İNDİRİMİ TUTARLARI
A2: Medeni Durum | D2: Aylık (TL) | E2: Medeni Durum | H2: Aylık (TL)
A3: ASGARİ ÜÇRET (01/01/… - 30/06/…. | B3: 0 | D3: 12 | E3: =B3*D3 -> 0 | F3: =((E3*B4%)*15%)/D3 -> 0
A4: Bekâr | B4: 50 | D4: =($F$3/50)*B4 -> 0 | F4: 50
A5: Evli eşi çalışmayan ve çocuksuz | B5: 10 | C5: =B4+B5 -> 60 | D5: =($F$3/50)*C5 -> 0 | E5: Evli eşi çalışan ve çocuksuz | F5: 50 | G5: =F5 -> 50 | H5: =($F$3/$F$24)*G5 -> 0
A6: Evli eşi çalışmayan ve 1 çocuklu | B6: 7.5 | C6: =C5+B6 -> 67.5 | D6: =($F$3/50)*C6 -> 0 | E6: Evli eşi çalışan ve 1 çocuklu | F6: 7,5 | G6: =G5+F6 -> 57.5 | H6: =($F$3/$F$24)*G6 -> 0
A7: Evli eşi çalışmayan ve 2 çocuklu | B7: 7.5 | C7: =C6+B7 -> 75 | D7: =($F$3/50)*C7 -> 0 | E7: Evli eşi çalışan ve 2 çocuklu | F7: 7,5 | G7: =G6+F7 -> 65 | H7: =($F$3/$F$24)*G7 -> 0
A8: Evli eşi çalışmayan ve 3 çocuklu | B8: 5 | C8: =C7+B8 -> 80 | D8: =($F$3/50)*C8 -> 0 | E8: Evli eşi çalışan ve 3 çocuklu | F8: 5 | G8: =G7+F8 -> 70 | H8: =($F$3/$F$24)*G8 -> 0
A9: Evli eşi çalışmayan ve 4 çocuklu | B9: 5 | C9: =C8+B9 -> 85 | D9: =($F$3/50)*C9 -> 0 | E9: Evli eşi çalışan ve 4 çocuklu | F9: 5 | G9: =G8+F9 -> 75 | H9: =($F$3/$F$24)*G9 -> 0
A11: 2013 YILI ASGARİ GEÇİM İNDİRİMİ TUTARLARI
A12: Medeni Durum | D12: Aylık (TL) | E12: Medeni Durum | H12: Aylık (TL)
A13: ASGARİ ÜÇRET (01/01/… - 30/06/…. | B13: 978.6 | D13: 12 | E13: =B13*D13 -> 11743.2 | F13: =((E13*B14%)*15%)/D13 -> 73.395
A14: Bekâr | B14: 50 | D14: =($F$13/50)*B14 -> 73.395 | F14: 50
A15: Evli eşi çalışmayan ve çocuksuz | B15: 10 | C15: =B14+B15 -> 60 | D15: =($F$13/50)*C15 -> 88.074 | E15: Evli eşi çalışan ve çocuksuz | F15: 50 | G15: =F15 -> 50 | H15: =($F$13/$F$24)*G15 -> 73.395
A16: Evli eşi çalışmayan ve 1 çocuklu | B16: 7.5 | C16: =C15+B16 -> 67.5 | D16: =($F$13/50)*C16 -> 99.08325 | E16: Evli eşi çalışan ve 1 çocuklu | F16: 7,5 | G16: =G15+F16 -> 57.5 | H16: =($F$13/$F$24)*G16 -> 84.40425
A17: Evli eşi çalışmayan ve 2 çocuklu | B17: 7.5 | C17: =C16+B17 -> 75 | D17: =($F$13/50)*C17 -> 110.0925 | E17: Evli eşi çalışan ve 2 çocuklu | F17: 7,5 | G17: =G16+F17 -> 65 | H17: =($F$13/$F$24)*G17 -> 95.4135
A18: Evli eşi çalışmayan ve 3 çocuklu | B18: 5 | C18: =C17+B18 -> 80 | D18: =($F$13/50)*C18 -> 117.432 | E18: Evli eşi çalışan ve 3 çocuklu | F18: 5 | G18: =G17+F18 -> 70 | H18: =($F$13/$F$24)*G18 -> 102.753
A19: Evli eşi çalışmayan ve 4 çocuklu | B19: 5 | C19: =C18+B19 -> 85 | D19: =($F$13/50)*C19 -> 124.7715 | E19: Evli eşi çalışan ve 4 çocuklu | F19: 5 | G19: =G18+F19 -> 75 | H19: =($F$13/$F$24)*G19 -> 110.0925
A21: 2012 YILI ASGARİ GEÇİM İNDİRİMİ TUTARLARI
A22: Medeni Durum | D22: Aylık (TL) | E22: Medeni Durum | H22: Aylık (TL)
A23: ASGARİ ÜÇRET (01/01/… - 30/06/…. | B23: 886.5 | D23: 12 | E23: =B23*D23 -> 10638 | F23: =((E23*B24%)*15%)/D23 -> 66.4875
A24: Bekâr | B24: 50 | D24: =($F$23/50)*B24 -> 66.4875 | F24: 50
A25: Evli eşi çalışmayan ve çocuksuz | B25: 10 | C25: =B24+B25 -> 60 | D25: =($F$23/50)*C25 -> 79.785 | E25: Evli eşi çalışan ve çocuksuz | F25: 50 | G25: =F25 -> 50 | H25: =($F$23/$F$24)*G25 -> 66.4875
A26: Evli eşi çalışmayan ve 1 çocuklu | B26: 7.5 | C26: =C25+B26 -> 67.5 | D26: =($F$23/50)*C26 -> 89.758125 | E26: Evli eşi çalışan ve 1 çocuklu | F26: 7,5 | G26: =G25+F26 -> 57.5 | H26: =($F$23/$F$24)*G26 -> 76.460625
A27: Evli eşi çalışmayan ve 2 çocuklu | B27: 7.5 | C27: =C26+B27 -> 75 | D27: =($F$23/50)*C27 -> 99.73125 | E27: Evli eşi çalışan ve 2 çocuklu | F27: 7,5 | G27: =G26+F27 -> 65 | H27: =($F$23/$F$24)*G27 -> 86.43375
A28: Evli eşi çalışmayan ve 3 çocuklu | B28: 5 | C28: =C27+B28 -> 80 | D28: =($F$23/50)*C28 -> 106.38 | E28: Evli eşi çalışan ve 3 çocuklu | F28: 5 | G28: =G27+F28 -> 70 | H28: =($F$23/$F$24)*G28 -> 93.0825
A29: Evli eşi çalışmayan ve 4 çocuklu | B29: 5 | C29: =C28+B29 -> 85 | D29: =($F$23/50)*C29 -> 113.02875 | E29: Evli eşi çalışan ve 4 çocuklu | F29: 5 | G29: =G28+F29 -> 75 | H29: =($F$23/$F$24)*G29 -> 99.73125
A31: 2011 YILI ASGARİ GEÇİM İNDİRİMİ TUTARLARI
A32: Medeni Durum | D32: Aylık (TL) | E32: Medeni Durum | H32: Aylık (TL)
A33: ASGARİ ÜÇRET (01/01/… - 30/06/…. | B33: 796.5 | D33: 12 | E33: =B33*D33 -> 9558 | F33: =((E33*B34%)*15%)/D33 -> 59.7375
A34: Bekâr | B34: 50 | D34: =($F$33/50)*B34 -> 59.7375 | F34: 50
A35: Evli eşi çalışmayan ve çocuksuz | B35: 10 | C35: =B34+B35 -> 60 | D35: =($F$33/50)*C35 -> 71.685 | E35: Evli eşi çalışan ve çocuksuz | F35: 50 | G35: =F35 -> 50 | H35: =($F$33/50)*F35 -> 59.7375
A36: Evli eşi çalışmayan ve 1 çocuklu | B36: 7.5 | C36: =C35+B36 -> 67.5 | D36: =($F$33/50)*C36 -> 80.645625 | E36: Evli eşi çalışan ve 1 çocuklu | F36: 7,5 | G36: =G35+F36 -> 57.5 | H36: =($F$33/50)*G36 -> 68.698125
A37: Evli eşi çalışmayan ve 2 çocuklu | B37: 7.5 | C37: =C36+B37 -> 75 | D37: =($F$33/50)*C37 -> 89.60625 | E37: Evli eşi çalışan ve 2 çocuklu | F37: 7,5 | G37: =G36+F37 -> 65 | H37: =($F$33/50)*G37 -> 77.65875
A38: Evli eşi çalışmayan ve 3 çocuklu | B38: 5 | C38: =C37+B38 -> 80 | D38: =($F$33/50)*C38 -> 95.58 | E38: Evli eşi çalışan ve 3 çocuklu | F38: 5 | G38: =G37+F38 -> 70 | H38: =($F$33/50)*G38 -> 83.6325
A39: Evli eşi çalışmayan ve 4 çocuklu | B39: 5 | C39: =C38+B39 -> 85 | D39: =($F$33/50)*C39 -> 101.55375 | E39: Evli eşi çalışan ve 4 çocuklu | F39: 5 | G39: =G38+F39 -> 75 | H39: =($F$33/50)*G39 -> 89.60625
A41: 2010 YILI ASGARİ GEÇİM İNDİRİMİ TUTARLARI
A42: Medeni Durum | D42: Aylık (TL) | E42: Medeni Durum | H42: Aylık (TL)
A43: Bekâr | D43: 54.68
A44: Evli eşi çalışmayan ve çocuksuz | D44: 65.61 | E44: Evli eşi çalışan ve çocuksuz | H44: 54.68
A45: Evli eşi çalışmayan ve 1 çocuklu | D45: 73.81 | E45: Evli eşi çalışan ve 1 çocuklu | H45: 62.88
A46: Evli eşi çalışmayan ve 2 çocuklu | D46: 82.01 | E46: Evli eşi çalışan ve 2 çocuklu | H46: 71.08
A47: Evli eşi çalışmayan ve 3 çocuklu | D47: 87.48 | E47: Evli eşi çalışan ve 3 çocuklu | H47: 76.55
A48: Evli eşi çalışmayan ve 4 çocuklu | D48: 92.95 | E48: Evli eşi çalışan ve 4 çocuklu | H48: 82.01
A50: 2009 YILI ASGARİ GEÇİM İNDİRİMİ TUTARLARI
A51: Medeni Durum | D51: Aylık (TL) | E51: Medeni Durum | H51: Aylık (TL)
A52: Bekâr | D52: 49.95
A53: Evli eşi çalışmayan ve çocuksuz | D53: 59.94 | E53: Evli eşi çalışan ve çocuksuz | H53: 49.95
A54: Evli eşi çalışmayan ve 1 çocuklu | D54: 67.43 | E54: Evli eşi çalışan ve 1 çocuklu | H54: 57.44
A55: Evli eşi çalışmayan ve 2 çocuklu | D55: 74.93 | E55: Evli eşi çalışan ve 2 çocuklu | H55: 64.94
A56: Evli eşi çalışmayan ve 3 çocuklu | D56: 79.92 | E56: Evli eşi çalışan ve 3 çocuklu | H56: 69.93
A57: Evli eşi çalışmayan ve 4 çocuklu | D57: 84.92 | E57: Evli eşi çalışan ve 4 çocuklu | H57: 74.93
A60: 2008 YILI ASGARİ GEÇİM İNDİRİMİ TUTARLARI
A61: Medeni Durum | D61: Aylık (YTL) | E61: Medeni Durum | H61: Aylık (YTL)
A62: Bekâr | D62: 45.63
A63: Evli eşi çalışmayan ve çocuksuz | D63: 54.76 | E63: Evli eşi çalışan ve çocuksuz | H63: 45.63
A64: Evli eşi çalışmayan ve 1 çocuklu | D64: 61.6 | E64: Evli eşi çalışan ve 1 çocuklu | H64: 52.47
A65: Evli eşi çalışmayan ve 2 çocuklu | D65: 68.45 | E65: Evli eşi çalışan ve 2 çocuklu | H65: 59.32
A66: Evli eşi çalışmayan ve 3 çocuklu | D66: 73.01 | E66: Evli eşi çalışan ve 3 çocuklu | H66: 63.88
A67: Evli eşi çalışmayan ve 4 çocuklu | D67: 77.57 | E67: Evli eşi çalışan ve 4 çocuklu | H67: 68.45

Sheet Sakatıl İnd. İade 
B1: SATAKLIK İNDİRİMİ SONUCU FAZLA KESİLEN GELİR VERGİSİ TABLOSU
C2: Ocak | D2: Şubat | E2: Mart | F2: Nisan | G2: Mayıs | H2: Haziran | I2: Temmuz | J2: Ağustos | K2: Eylül | L2: Ekim | M2: Kasım | N2: Aralık | O2: Toplam
A3: 1 | B3: Aylık G.V.Matrahı | C3: 916.62 | D3: 0 | E3: 0 | F3: 853.09 | G3: 855.96 | H3: 855.96 | I3: 892.7 | J3: 892.7 | K3: 892.7 | L3: 892.7 | M3: 892.7 | N3: 892.7 | O3: =SUM(C3:N3) -> 8837.83
A4: 2 | B4: GELİR VERGİSİ ORANI | C4: 0.15 | D4: 0.15 | E4: 0.15 | F4: 0.15 | G4: 0.15 | H4: 0.15 | I4: 0.15 | J4: 0.15 | K4: 0.15 | L4: 0.15 | M4: 0.15 | N4: 0.15
A5: 3 | B5: Asgari Geçim İndirimi | C5: 99.73 | D5: 0 | E5: 0 | F5: 89.61 | G5: 89.61 | H5: 89.61 | I5: 89.61 | J5: 89.61 | K5: 89.61 | L5: 89.61 | M5: 89.61 | N5: 89.61 | O5: =SUM(C5:N5) -> 906.22
A6: 4 | B6: Ödenen A.G.İ. Miktarı (3) | C6: =C5 -> 99.73 | D6: =D5 -> 0 | E6: =E5 -> 0 | F6: =F5 -> 89.61 | G6: =G5 -> 89.61 | H6: =H5 -> 89.61 | I6: =I5 -> 89.61 | J6: =J5 -> 89.61 | ... N6: =N5 -> 89.61 | O6: =SUM(C6:N6) -> 906.22
A7: 5 | B7: Derece Sakatlık İndirim Miktarı TL | C7: 770 | F7: 700 | G7: 700 | H7: 700 | I7: 700 | J7: 700 | K7: 700 | L7: 700 | M7: 700 | N7: 700 | O7: =SUM(C7:N7) -> 7070
A8: 6 | B8: G.V. (1*2) | C8: =C3*C4 -> 137.493 | D8: =D3*D4 -> 0 | E8: =E3*E4 -> 0 | F8: =F3*F4 -> 127.9635 | G8: =G3*G4 -> 128.394 | H8: =H3*H4 -> 128.394 | I8: =I3*I4 -> 133.905 | J8: =J3*J4 -> 133.905 | ... N8: =N3*N4 -> 133.905 | O8: =SUM(C8:N8) -> 1325.6745
A9: 7 | B9: Kesilen G V (6-4) | C9: =C8-C6 -> 37.763 | D9: =(D8-D5) -> 0 | E9: =(E8-E5) -> 0 | F9: =(F8-F5) -> 38.3535 | G9: =(G8-G5) -> 38.784 | H9: =(H8-H5) -> 38.784 | I9: =(I8-I5) -> 44.295 | J9: =(J8-J5) -> 44.295 | K9: =(K8-K5) -> 44.295 | ... N9: =(N8-N5) -> 44.295 | O9: =SUM(C9:N9) -> 419.4545
A10: 8 | B10: Aylık G.V.Matrahı (1) | C10: =C3 -> 916.62 | D10: =D3 -> 0 | E10: =E3 -> 0 | F10: =F3 -> 853.09 | G10: =G3 -> 855.96 | H10: =H3 -> 855.96 | I10: =I3 -> 892.7 | J10: =J3 -> 892.7 | ... N10: =N3 -> 892.7 | O10: =SUM(C10:N10) -> 8837.83
A11: 9 | B11: Matrah (8-5) | C11: =(C10-C7) -> 146.62 | D11: =(D10-D7) -> 0 | E11: =(E10-E7) -> 0 | F11: =(F10-F7) -> 153.09 | G11: =(G10-G7) -> 155.96 | H11: =(H10-H7) -> 155.96 | I11: =(I10-I7) -> 192.7 | J11: =(J10-J7) -> 192.7 | ... N11: =(N10-N7) -> 192.7 | O11: =SUM(C11:N11) -> 1767.83
A12: 10 | B12: G.V. (9*2) | C12: =C11*C4 -> 21.993 | D12: =D11*D4 -> 0 | E12: =E11*E4 -> 0 | F12: =F11*F4 -> 22.9635 | G12: =G11*G4 -> 23.394 | H12: =H11*H4 -> 23.394 | I12: =I11*I4 -> 28.905 | J12: =J11*J4 -> 28.905 | ... N12: =N11*N4 -> 28.905 | O12: =SUM(C12:N12) -> 265.1745
A13: 11 | B13: Ödenmesi Gereken Agi | C13: =C12 -> 21.993 | D13: =D12 -> 0 | E13: =E12 -> 0 | F13: =F12 -> 22.9635 | G13: =G12 -> 23.394 | H13: =H12 -> 23.394 | I13: =I12 -> 28.905 | J13: =J12 -> 28.905 | ... O13: =O12 -> 265.1745
A14: 12 | B14: Fazla ödenen Agi (4-11) | C14: =C6-C13 -> 77.737 | D14: =D6-D13 -> 0 | E14: =E6-E13 -> 0 | F14: =F6-F13 -> 66.6465 | G14: =G6-G13 -> 66.216 | H14: =H6-H13 -> 66.216 | I14: =I6-I13 -> 60.705 | J14: =J6-J13 -> 60.705 | ... O14: =O6-O13 -> 641.0455
C15: =C8-C12 -> 115.5 | D15: =D8-D12 -> 0 | E15: =E8-E12 -> 0 | F15: =F8-F12 -> 105 | G15: =G8-G12 -> 105 | H15: =H8-H12 -> 105 | I15: =I8-I12 -> 105 | J15: =J8-J12 -> 105 | ... O15: =O8-O12 -> 1060.5
B16: FAZLA KESİLEN VE ÖDENMESİ GEKEN GELİR VERGİSİ | C16: =C15-C14 -> 37.763 | D16: =D15-D14 -> 0 | E16: =E15-E14 -> 0 | F16: =F15-F14 -> 38.3535 | G16: =G15-G14 -> 38.784 | H16: =H15-H14 -> 38.784 | I16: =I15-I14 -> 44.295 | J16: =J15-J14 -> 44.295 | ... O16: =O15-O14 -> 419.4545
C18: =C9-C14 -> -39.974

Sheet agi iade 
C1: =TODAY() -> 41305 | D1: YILI ASGARİ GEÇİM İNDİRİMİ TUTARLARI
A2: Medeni Durum | D2: Aylık (TL) | E2: Medeni Durum | H2: Aylık (TL)
A3: ASGARİ ÜÇRET GİR (01/01/… - 31/02…. | B3: 796.5 | D3: 12 | E3: =B3*D3 -> 9558 | F3: =((E3*B4%)*15%)/D3 -> 59.7375
A4: Bekâr | B4: 50 | D4: =($F$3/50)*B4 -> 59.7375 | F4: 50
A5: Evli eşi çalışmayan ve çocuksuz | B5: 10 | C5: =B4+B5 -> 60 | D5: =($F$3/50)*C5 -> 71.685 | E5: Evli eşi çalışan ve çocuksuz | F5: 50 | G5: =F5 -> 50 | H5: =($F$3/50)*F5 -> 59.7375
A6: Evli eşi çalışmayan ve 1 çocuklu | B6: 7.5 | C6: =C5+B6 -> 67.5 | D6: =($F$3/50)*C6 -> 80.645625 | E6: Evli eşi çalışan ve 1 çocuklu | F6: 7,5 | G6: =G5+F6 -> 57.5 | H6: =($F$3/50)*G6 -> 68.698125
A7: Evli eşi çalışmayan ve 2 çocuklu | B7: 7.5 | C7: =C6+B7 -> 75 | D7: =($F$3/50)*C7 -> 89.60625 | E7: Evli eşi çalışan ve 2 çocuklu | F7: 7,5 | G7: =G6+F7 -> 65 | H7: =($F$3/50)*G7 -> 77.65875
A8: Evli eşi çalışmayan ve 3 çocuklu | B8: 5 | C8: =C7+B8 -> 80 | D8: =($F$3/50)*C8 -> 95.58 | E8: Evli eşi çalışan ve 3 çocuklu | F8: 5 | G8: =G7+F8 -> 70 | H8: =($F$3/50)*G8 -> 83.6325
A9: Evli eşi çalışmayan ve 4 çocuklu | B9: 5 | C9: =C8+B9 -> 85 | D9: =($F$3/50)*C9 -> 101.55375 | E9: Evli eşi çalışan ve 4 çocuklu | F9: 5 | G9: =G8+F9 -> 75 | H9: =($F$3/50)*G9 -> 89.60625
A11: AGİ ÖDEMESİ YAPILACAK | B11: KİŞİNİN ADI VE SOYADI | E11: Halil ibrahim ALACA
A12: aylar | B12: Ödenmesi Gereken | D12: Ödenen | E12: Noksan veya Fazla Ödeme
A13: Ocak | B13: =$D$5 -> 71.685 | D13: =$H$7 -> 77.65875 | E13: =B13-D13 -> -5.97375
A14: Şubat | B14: =$D$5 -> 71.685 | D14: =$H$7 -> 77.65875 | E14: =B14-D14 -> -5.97375
A15: Mart | B15: =$D$5 -> 71.685 | D15: =$H$7 -> 77.65875 | E15: =B15-D15 -> -5.97375
A16: Nisan | B16: =$D$5 -> 71.685 | D16: 0 | E16: =B16-D16 -> 71.685 | G16: H.Kodu | H16: Ek Kod | I16: B | J16: A
A17: Mayıs | B17: =$D$5 -> 71.685 | D17: 0 | E17: =B17-D17 -> 71.685 | G17: 630 | H17: 12,1,1,9 | I17: =B26 -> 412.19375
A18: Haziran | B18: =$D$5 -> 71.685 | D18: 0 | E18: =B18-D18 -> 71.685 | G18: 810 | H18: 1,1,1,3 | I18: =I17 -> 412.19375
A19: Temmuz | B19: =$D$5 -> 71.685 | D19: 0 | E19: =B19-D19 -> 71.685 | G19: 835 | J19: =I17 -> 412.19375
A20: Ağustos | B20: =$D$5 -> 71.685 | D20: 0 | E20: =B20-D20 -> 71.685 | G20: 325 | J20: =I17 -> 412.19375
A21: Eylül | B21: 71.69 | D21: 0 | E21: =B21-D21 -> 71.69
A22: Ekim | B22: 72.69 | D22: 0
A23: Kasım | B23: 73.69 | D23: 0
A24: Aralık | B24: 74.69 | D24: 0
A25: TOPLAMLAR | B25: =SUM(B13:B21) -> 645.17 | D25: =SUM(D13:D21) -> 232.97625 | E25: =SUM(E13:E24) -> 412.19375
A26: Ödenmesi Gereken | B26: =B25-D25 -> 412.19375 | E26: =IF(A27=0," ",A27)
A27: =IF((B26=E25),0,"HATA VAR KONTROL ET") -> 0

Sheet NAKİL BİLDİRİM 
B2: PERSONEL NAKİL BİLDİRİMİ
B3: ADI VE SOYADI
B4: SAYMANLIK KİŞİ NUMARASI
B5: T.C. KİMLİK NUMARASI | E5: 38719013226
B6: VERGİ NUMARASI
B7: SİCİL NUMARASI | D7: KURUM | I7: EMEKLİ | J7: 64227045
B8: MEMURİYET YERİ | D8: ESKİ | I8: YENİ
B9: ÜNVANI | D9: ESKİ | I9: YENİ
B10: DERECE VE KADEMESİ (MÜKTESEP) K.H.A | G10: Göstergesi | H10: Ek Göstergesi | L10: Göstergesi | M10: Ek Göstergesi
D11: ESKİ | E11: 1 | F11: 3 | G11: =IF(ISBLANK($E$5),"",HLOOKUP(F11,$Q$13:$Z$28,E11+1)) -> 1440 | H11: 0 | I11: YENİ | J11: 4 | K11: 1 | L11: =IF(ISBLANK($E$5),"",HLOOKUP(K11,$Q$13:$Z$28,J11+1)) -> 915 | M11: 650 | Q11: MEMUR VE EMEKLİ GÖSTERGE TABLOSU
B12: DERECE VE KADEMESİ (EMEKLİ KESENEĞİ) E.M.A. | D12: ESKİ | E12: 3 | F12: 1 | G12: =IF(ISBLANK($E$5),"",HLOOKUP(F12,$Q$13:$Z$28,E12+1)) -> 1020 | H12: 0 | I12: YENİ | J12: 4 | K12: 1 | L12: =IF(ISBLANK($E$5),"",HLOOKUP(K12,$Q$13:$Z$28,J12+1)) -> 915 | M12: 650 | Q12: DERECELER | R12: K A D E M E L E R
B13: TERFİ TARİHLERİ | C13: K.H.A. | E13: 39744 | R13: 1 | S13: 2 | T13: 3 | U13: 4 | V13: 5 | W13: 6 | X13: 7 | Y13: 8 | Z13: 9
C14: E.M.A. | Q14: 1 | R14: 1320 | S14: 1380 | T14: 1440 | U14: 1500
B15: ATAMA TARİHİ | E15: 40016 | Q15: 2 | R15: 1155 | S15: 1210 | T15: 1265 | U15: 1320 | V15: 1380 | W15: 1440
B16: ÖĞRENİM DURUMU | E16: Lise | Q16: 3 | R16: 1020 | S16: 1065 | T16: 1110 | U16: 1155 | V16: 1210 | W16: 1265 | X16: 1320 | Y16: 1380
B17: YILLIK İZİN DURUMU | E17: 56 GÜN | Q17: 4 | R17: 915 | S17: 950 | T17: 985 | U17: 1020 | V17: 1065 | W17: 1110 | X17: 1155 | Y17: 1210 | Z17: 1265
B18: KIDEM AYLIK ESAS HİZMET SÜRESİ | E18: GÜN | G18: AY | H18: YIL | Q18: 5 | R18: 835 | S18: 865 | T18: 895 | U18: 915 | V18: 950 | W18: 985 | X18: 1020 | Y18: 1065 | Z18: 1110
H19: 19 | Q19: 6 | R19: 760 | S19: 785 | T19: 810 | U19: 835 | V19: 865 | W19: 895 | X19: 915 | Y19: 950 | Z19: 985
B20: TASARRUFU TEŞVİK HESAP NUMARASI | E20: --- | Q20: 7 | R20: 705 | S20: 720 | T20: 740 | U20: 760 | V20: 785 | W20: 810 | X20: 835 | Y20: 865 | Z20: 895
B21: ESKİ MEMURİYETTEN AYRILIŞ TARİHİ | E21: 40037 | Q21: 8 | R21: 660 | S21: 675 | T21: 690 | U21: 705 | V21: 720 | W21: 740 | X21: 760 | Y21: 785 | Z21: 810
B22: YENİ GÖREV YERİNDE AYLIĞA VE EK ÜÇRETE HAK KAZANDIĞI TARİH | E22: 40071 | Q22: 9 | R22: 620 | S22: 630 | T22: 645 | U22: 660 | V22: 675 | W22: 690 | X22: 705 | Y22: 720 | Z22: 740
B23: 15 GÜN İÇİNDE HAREKET ETMEDİĞİ TAKDİRDE GEÇİKME NEDENİ | E23: ---------- | Q23: 10 | R23: 590 | S23: 600 | T23: 610 | U23: 620 | V23: 630 | W23: 645 | X23: 660 | Y23: 675 | Z23: 690
B24: ŞAHSI VE AİLE YOLLUĞUNU ALIP ALMMADIĞI, ALMIŞSA TUTARI | E24: 2.125,82 TL. | H24: Almıştır. | Q24: 11 | R24: 560 | S24: 570 | T24: 580 | U24: 590 | V24: 600 | W24: 610 | X24: 620 | Y24: 630 | Z24: 645
B25: SÜREGELEN GELİR VERGİSİ MATRAH TOPLAMI | E25: =I25+M25 -> 2350.5 | H25: MAAŞA AİT | I25: 2350.5 | L25: DÖNER VS.AİT | M25: 0 | Q25: 12 | R25: 545 | S25: 550 | T25: 555 | U25: 560 | V25: 570 | W25: 580 | X25: 590 | Y25: 600 | Z25: 610
B26: GİYECEK YARDIMI ALIP ALMADIĞI, ALMIŞSA TUTARI | E26: ---------- | Q26: 13 | R26: 530 | S26: 535 | T26: 540 | U26: 545 | V26: 550 | W26: 555 | X26: 560 | Y26: 570 | Z26: 580
B27: BORÇLU İSE BORÇLARINA AİT BİLGİ | E27: 2007/123 Nolu Dosyaya 1.527,97 TL Kişi borcu vardır. | Q27: 14 | R27: 515 | S27: 520 | T27: 525 | U27: 530 | V27: 535 | W27: 540 | X27: 545 | Y27: 550 | Z27: 555
B28: ALMIŞ OLDUĞU RAPORLARININ YIL İÇİNDEKİ TOPLAM SÜRESİ | E28: 2009 Yılında Rapor Almamıştır. | Q28: 15 | R28: 500 | S28: 505 | T28: 510 | U28: 518 | V28: 520 | W28: 525 | X28: 530 | Y28: 535 | Z28: 540
B29: YABANCI DİL TAZMİNATINDAN YARARLANIP YARARLANMADIĞI, YARARLANIYORSA GURUBU | E29: ----------
B30: MEDENİ HALİ | E30: EVLİ, EŞİ ÇALIŞMIYOR 2 ÇOCUKLU
B31: As.Geç.İnd. Durumu | E31: EVLİ, EŞİ ÇALIŞMIYOR 2 ÇOCUKLU
B32: SENDİKA ADI - ÜYE NO | E32: Yok
B35: SENDİKA
B38: Not
C41: MUTEMET | D41: DÜZENLEYEN | H41: PERSONEL BİRİM YETKİLİSİ | K41: MUHASEBE YETKİLİSİ
B43: ADI VE SOYADI | C43: Yelda POLAT | D43: Halil İbrahim ALACA
B44: ÜNVANI | C44: Muhasebe Uzmanı | D44: Muhasebe Şefi
B45: İMZASI
B48: H.İ.ALACA

Sheet EK GÖSTERGELER 
A7: EK GÖSTERGELER
A20: Hazırlamaya Calışan
A21: Halil İbrahim ALACA
A22: MUHASEBE ŞEFİ
A23: BURSA DEFTERDARLIK MUHASEBE MÜDÜRLÜĞÜ
A24: 40851
A57: I SAYILI CETVEL (Ek: 9/4/1990-KHK-418/3 md.; İptal: Ana.Mah.nin 5/2/1992 tarih ve E.1990/22, K.1992/6 sayılı Kararı ile; Yeniden düzenleme: 18/5/1994-KHK-527/3 md.)
A58: HİZMET SINIFLARI İTİBARİYLE UNVAN VEYA AYLIK ALINAN
A59: DERECELERE GÖRE EK GÖSTERGELER
A61: UNVANI | B61: Derece | C61: 1/1/1994’den İtibaren Uygulanacak Ek Göstergeler | D61: 1/1/1995’den İtibaren Uygulanacak Ek Göstergeler
A62: I - GENEL İDARE HİZMETLERİ SINIFI
A63: a) Başbakanlık Müsteşarı, Diyanet İşleri Başkanı (25), Bakan Yardımcısı (28) | B63: 1 | C63: 7000 | D63: 8000
A64: b) Müsteşarlar, (…) (1) | B64: 1 | C64: 6600 | D64: 7600
A65: c)(…)(25) Başbakanlık Teftiş Kurulu Başkanı,Başbakanlık Yüksek Denetleme Kurulu Başkanı, Devlet Personel Başkanı, Afet ve Acil Durum Yönetimi Başkanı, Gelir İdaresi Başkanı, Talim ve Terbiye Kurulu Başkanı, Türk İşbirliği ve Kalkınma İdaresi Başkanı, Sosyal Güvenlik Kurumu Başkanı,(…)(17), Türkiye İstatistik Kurumu Başkanı,Yurtdışı Türkler ve Akraba Topluluklar Başkanı (5)(8)(9)(13)(14)(20)(24)(25) | B65: 1 | C65: 6100 | D65: 7000
A66: d)GAP İdaresi Başkanı, Doğu Anadolu Projesi Bölge Kalkınma İdaresi Başkanı, Konya Ovası Projesi Bölge Kalkınma İdaresi Başkanı,(28) Doğu Karadeniz Projesi Bölge Kalkınma İdaresi Başkanı, Kalkınma Araştırmaları Merkezi Başkanı,(29) Ulaştırma, Denizcilik ve Haberleşme Araştırmaları Merkezi Başkanı(34), Atatürk Kültür, Dil ve Tarih Yüksek Kurumu Başkanı,Toplu Konut İdaresi Başkanı ve (...)11 Kamu Ortaklığı İdaresi Başkanı, Başbakan Başmüşaviri, Başbakanlık Müsteşar Yardımcıları, Diyanet İşleri Başkan Yardımcıları, Din İşleri Yüksek Kurulu Başkanı, Mushafları İnceleme ve Kıraat Kurulu Başkanı, (25)(…)(10) Büyükelçi ve Daimi Temsilci Unvanını kazanmış olanlar, Müsteşar Yardımcıları ve Genel Müdürler, Dışişleri Bakanlığı Stratejik Araştırmalar Merkezi Başkanı,(26)Strateji Geliştirme Başkanları,(16) (…)(2), Yurtdışı Türkler ve Akraba Topluluklar Başkanlığı Başkan Yardımcısı,(24) Gelir İdaresi Başkan Yardımcısı,(18) Sosyal Güvenlik Kurumu Başkan Yardımcısı,(8)Bakanlıklar merkez teşkilatına dahil Kurul Başkanları, Bakanlık Rehberlik ve Teftiş Başkanları, Bakanlık Rehberlik ve Denetim Başkanları, (30) Bakanlık Denetim Hizmetleri Başkanları,(28) Özel Çevre Koruma Kurumu Başkanı, (…)(28)Hazine Müsteşarlığı Bankalar Yeminli Murakıpları Kurulu Başkanı, Hazine Kontrolörleri Kurulu Başkanı, (…)(28) Denizcilik Müsteşarlığı Teftiş Kurulu Başkanı (6) ile Sigorta Denetleme Kurulu Başkanı, Türk Patent Enstitüsü Başkanı,(3) Türkiye Yazma Eserler Başkanı,(27) (…)(28) (…)(31) Milli Savunma Bakanlığı Akaryakıt İkmal ve NATO POL Tesisleri İşletme Başkanı,(4) Sosyal Güvenlik Kurumu Rehberlik ve Teftiş Başkanı, Diyanet İşleri Başkanlığı Rehberlik ve Teftiş Başkanı (17)(25)(27) | B66: 1 | C66: 5500 | D66: 6400
A67: e) (...)(10) Başbakan Müşavirleri, Adalet Bakanlığı Bakanlık Yüksek Müşavirleri (…)(18) Türkiye İstatistik Kurumu Başkan Yardımcıları, Toplu Konut İdaresi Başkan Yardımcıları (13)(15)(22)(23) | B67: 1 | C67: 4500 | D67: 5300
A68: f) (…)(25)Bakanlar Kurulu Sekreteri, Başbakanlık Başkanları, Avrupa Birliği Bakanlığı Başkanları,(21)Atatürk Kültür, Dil ve Tarih Yüksek Kurumu Başkan Yardımcıları ile Atatürk Araştırma Merkezi,Türk Dil Kurumu, Türk Tarih Kurumu ve Atatürk Kültür Merkezi Başkanları, (…)(28)(29),Başbakanlık Özel Kalem Müdürü, Adli Tıp Kurumu Başkanı, Milli Kütüphane Başkanı,(7) (Başbakanlık Yüksek Denetleme Kurulu Üyesi,Yüksek Öğretim Kurulu Genel Sekreteri,Büyük Şehir Belediye Genel Sekreteri (12),Talim ve Terbiye Kurulu Üyesi, Din İşleri Yüksek Kurulu Üyesi,(25)GAP İdaresi Başkan Yardımcısı,(19) Doğu Anadolu Projesi Bölge Kalkınma İdaresi Başkan Yardımcısı, Konya Ovası Projesi Bölge Kalkınma İdaresi Başkan Yardımcısı,(28) Doğu Karadeniz Projesi Bölge Kalkınma İdaresi Başkan Yardımcısı,(29) Türk İşbirliği ve Koordinasyon Ajansı Başkan Yardımcısı(33), Vergi Dairesi Başkanı (Ankara, İstanbul, İzmir) (5)(13)(25)(29) | B68: 1 | C68: 4100 | D68: 4800
A71: (1) "Avrupa Birliği Genel Sekreteri " ibaresi, 27/6/2000 tarihli ve 4587 sayılı Kanun ile cetvele eklenmiş olup, daha sonra 3/6/2011 tarihli ve 643 sayılı KHK’nın 8 inci maddesiyle yürürlükten kaldırılmıştır.
A72: (2) "Avrupa Birliği Genel Sekreter Yardımcıları" ibaresi, 27/6/2000 tarihli ve 4587 sayılı Kanun ile cetvele eklenmiş olup, daha sonra 3/6/2011 tarihli ve 643 sayılı KHK’nın 8 inci maddesiyle yürürlükten kaldırılmıştır.
A73: (3) Bu bölümde 19/6/1994 tarih ve 544 sayılı, 25/3/1997 tarih ve 571 sayılı KHK’ler ve 9/12/1994 tarih ve 4059 Sayılı Kanun ile değiştirilen ya da eklenen unvanlar metne işlenmiştir.544 sayılı KHK ile eklenen "Türk Patent Enstitüsü Başkanı" ibaresi, 6/11/2003 tarihli ve 5000 sayılı Kanun ile Kanunlaşmıştır.
A74: (4) "Milli.S.Bak.Akaryakıt ik.ve NATO POL Tes.iş.Bşk." ibaresi , 6/7/2000 tarihli ve 613 sayılı KHK ile metne eklenmiş olup, sözkonusu KHK, 5/4/2001 tarih ve 4636 sayılı Kanun ile değiştirilmek suretiyle kanunlaştırılmıştır.
A75: (5) Türk İş Bir. Kal.İd.Baş., Başk. Yar. ibareleri; 2/5/2001 tarihli ve 4668 sayılı Kanunla eklenmiştir.
A76: (6) "Denizcilik Müsteşarlığı Teftiş Kurulu Başkanı" ibaresi, 7/2/2002 tarihli ve 4745 sayılı Kanunla eklenmiştir.
A77: (7) "Milli Kütüphane Başkanı" ibaresi, 16/4/2003 tarihli ve 4848 sayılı Kanunun 33 üncü maddesiyle eklenmiştir.
A78: (8) (1/c) bendinde yer alan, "Sosyal Güvenlik Kurumu Başkanı" ve (1/d) bendinde yer alan "Sosyal Güvenlik Kurumu Başkan Yardımcısı" ibareleri, 16/7/2003 tarihli ve 4947 sayılı Kanunun 37 nci maddesiyle eklenmiştir.
A79: (9) “Sosyal Sigortalar Kurumu Başkanı” ibaresi 29/7/2003 tarihli ve 4958 sayılı Kanunun 20 nci maddesiyle eklenmiştir.
A80: (10) 31/7/2003 tarihli ve 4969 sayılı Kanunun 5 inci maddesiyle, (I/e) bendinde yer alan "Devlet Planlama Teşkilatı Genel Sekreteri" ibaresi bu bentten çıkarılarak "Müsteşar Yardımcıları" ibaresinden sonra gelmek üzere (1/d) bendine eklenmiş olup, daha sonra 3/6/2011 tarihli ve 643 sayılı KHK’nın 8 inci maddesiyle yürürlükten kaldırılmıştır.
A81: (11) Bu arada yer alan “Kamu Ortaklığı İdaresi Başkanı”na yapılan atıfların 24/11/1994 tarihli ve 4046 sayılı Kanunun Geçici 7 nci maddesiyle Özelleştirme İdaresi Başkanına yapılmış sayılacağı, ayrıca aynı Kanunun 6 ncı maddesiyle Özelleştirme İdaresi Başkan ve başkan yardımcılarının aylık, ek gösterge,zam ve tazminatları ile statüleri bakımından Başbakanlığa bağlı müsteşarlıkların müsteşar ve müsteşar yardımcıları hakkında uygulanan hükümlere tabi olacakları hükme bağlanmıştır.
A82: (12) Büyükşehir belediye genel sekreteri ile ilgili olarak 10/7/2004 tarihli ve 5216 sayılı Kanunun 22 nci maddesine bakınız.
... A109: (35) 11/10/2011 tarihli ve 663 sayılı KHK’nin 58 inci maddesiyle bölümünün (d) bendine “Müsteşar Yardımcıları ve Genel Müdürler” ibaresinden sonra gelmek üzere “, Türkiye Halk Sağlığı Kurumu Başkanı, Türkiye İlaç ve Tıbbî Cihaz Kurumu Başkanı, Türkiye Kamu Hastaneleri Kurumu Başkanı” ibaresi eklenmiştir.
A111: UNVANI | B111: Derece | C111: 1/1/1994’den İtibaren Uygulanacak Ek Göstergeler | D111: 1/1/1995’den İtibaren Uygulanacak Ek Göstergeler
A112: g) En az üç yıl süreli yükseköğrenim veren fakülte ve yüksekokulları bitirerek mesleğe özel yarışma sınavı ile giren ve belirli süreli meslek içi eğitimden sonra özel bir yeterlik sınavı sonunda (veya yüksek öğrenimli olup,özel kanunların öngördüğü şartları taşıyanlardan en az sekiz yıl mesleki görev yaptıktan sonra yine bu kanunların öngördüğü usule göre seçilerek) atanan Başbakanlık, Bakanlık, Müsteşarlık, Diyanet İşleri Başkanlığı ve Bağımsız Genel Müdürlük ve Büyük Şehir Belediyesiyle Büyük Şehir Belediye sınırları içindeki ilçe Belediyeleri Müfettişleri, Başbakanlık Uzmanları, Kalkınma bakanlığı Planlama Uzmanları,(30)Başbakanlık Yüksek Denetleme Kurulu Uzmanları, Dışişleri Meslek Memurları, Maliye Bakanlığı Vergi Müfettişleri (32) ile Hazine Müsteşarlığı Bankalar Yeminli Murakıpları ve Hazine Kontrolörleri, Hazine Uzmanları (1) Sigorta Denetleme Uzmanları ile Aktüerleri, (…)(30) Dış Ticaret Uzmanları ve Dış Ticaret Uzmanları, (…)(36) Avrupa Birliği İşleri Uzmanları, (…)(32) Çalışma ve Sosyal Güvenlik Bakanlığı İş ve İş Güvenliği Müfettişleri ve Bakanlıkların Merkez Teşkilatına dahil Genel Müdürlükleri Kontrolörleri ve İçişleri Bakanlığı Dernekler Denetçileri ile Sosyal Güvenlik Kurumu Müfettişleri, Sosyal Güvenlik Uzmanları, Milli Savunma Bakanlığı Akaryakıt İkmal ve NATO POL Tesisleri İşletme Başkanlığı Müfettişleri, Türkiye İstatistik Kurumu Uzmanları ile 5018 sayılı Kamu Mali Yönetimi ve Kontrol Kanunu hükümlerine göre atanan İç Denetçiler, Millî Eğitim Uzmanları, Millî Eğitim Denetçileri ve İl Eğitim Denetmenleri, Aile ve Sosyal Politikalar Denetçileri (1)(9)(10)(14)(15)(16)(17) (22)(24)(30)(32)(35) | B112: 1 | C112: 3200 | D112: 3600
B113: 2 | C113: 2600 | D113: 3000
B114: 3 | C114: 1900 | D114: 2200
B115: 4 | C115: 1450 | D115: 1600
B116: 5 | C116: 1100 | D116: 1300
B117: 6 | C117: 950 | D117: 1150
B118: 7 | C118: 850 | D118: 950
B119: 8 | C119: 750 | D119: 850
A125: h) En az 3 yıl süreli yükseköğrenim veren fakülte ve yüksekokulları bitirerek mesleğe özel yarışma sınavı ile giren ve belirli süreli meslek içi eğitimden sonra özel bir yeterlik sınavı sonunda atanan Devlet Personel Uzmanları, Afet ve Acil Durum Yönetimi Uzmanları, (21) Maliye Bakanlığı Devlet Bütçe Uzmanları, Konsolosluk ve İhtisas Memurları,(26)(…)(17), Çalışma Uzmanları, Yurt Dışı İşçi Hizmetleri Uzmanları, İş Sağlığı ve Güvenliği Uzmanları, Çalışma ve Sosyal Güvenlik Eğitim Uzmanları,(7) Mali Suçları Araştırma Uzmanları Devlet Muhasebe Uzmanları, Devlet Gelir Politikaları Uzmanları, (32) Devlet Gelir Uzmanları, Devlet Malları Uzmanları, Gelir Uzmanları, İl İstihdam Uzmanları, (40) Mali Hizmetler Uzmanları,(16) Milli Emlak Uzmanları,Vergi İstihbarat Uzmanları, (…)(38), Bakanlık ve bağlı kuruluşların A.B Uzmanları, İçişleri Bakanlığı Planlama Uzmanları, (…)(5) (…)(31) (…) (13) (…)(12) (…) (11) (…)(17) ,(8) Kültür ve Turizm Uzmanları,(4) Yazma Eser Uzmanları,(28) (…)(39) Vakıf Uzmanları,(18) Tapu ve Kadastro Uzmanları,(27) Diyanet İşleri Uzmanları, Din İşleri Yüksek Kurulu Uzmanları,(25) (…)(30) (...)(2) (…)(39) (…)(30) Yurtdışı Türkler ve Akraba Topluluklar Uzmanları, (23) Ölçme, Seçme ve Yerleştirme Merkezi Uzmanları,(29) (…) (17) , TİKA Uzmanları(37), Sanayi ve Teknoloji Uzmanları, Çevre ve Şehircilik Uzmanları, Orman ve Su İşleri Uzmanları, Gençlik ve Spor Uzmanları, Aile ve Sosyal Politikalar Uzmanları, Gıda, Tarım ve Hayvancılık Uzmanları, Gümrük ve Ticaret Uzmanları, İhracatı Geliştirme Uzmanları,(30) Savunma Sanayii Uzmanları,(33) Basın ve Enformasyon Uzmanları,(34) Yüksek Kurum Uzmanları,(41) (Ek İbare: 19/6/1994-KHK-543) En az üç yıl süreli Yüksek Öğretim veren Fakülte veya Yüksekokulu bitirerek yapılacak sınav sonucunda denetmen yardımcısı kadrolarına atanmış ve en az üç yıl bu kadrolarda çalıştıktan sonra bu süredeki çalışmaları olumlu bulunmak kaydıyla Muhasebe Denetmeni (..) (32) ve Milli Emlak Denetmeni, Ürün Denetmenleri (30) , Defterdarlık Uzmanları (38) , (…)(27) İstihdam Uzmanları, (40) (6) Marka Uzmanı, Patent Uzmanı, kadrosuna atanmış olanlar. (1)(10)(20)(25)(26)(27)(28)(29)(30)(31)(32)(33)(34) (39)(40)(41) | B125: 1 | C125: 1900 | D125: 2200
B126: 2 | C126: 1350 | D126: 1600
B127: 3 | C127: 1000 | D127: 1200
B128: 4 | C128: 900 | D128: 1100
B129: 5 | C129: 800 | D129: 900
B130: 6 | C130: 700 | D130: 800
B131: 7 | C131: 450 | D131: 500
B132: 8 | C132: 400 | D132: 450
A136: (1) Bu bölümde 19/6/1994 tarih ve 543, 544 sayılı ve 6/7/1995 tarih ve 562 sayılı , 9/12/1994 tarih ve 4059 sayılı, 13/11/1996 tarih ve 4208 sayılı, 7/6/2000 tarih ve 4576 sayılı Kanunlar ve 616, 617, 618 ve 619 sayılı KHK'ler ile eklenen Sosyal Sigorta Uzmanları, Başkanlık Müfettişleri, İstihdam ve Meslek Uzmanları, Sosyal Güvenlik Uzmanları, Çalışma Uzmanları, Yurt Dışı İşçi Hizmetleri Uzmanları, İş Sağlığı ve Güvenliği Uzmanları, Bağ-Kur Denetmenleri unvanları, sözkonusu KHK'lerin Anayasa Mahkemesince iptal edilmeleri nedeniyle metinden çıkarılmıştır. 6/7/2000 tarihli ve 613 sayılı KHK ile eklenen ve 5/4/2001 tarihli ve 4636 sayılı, 544 sayılı KHK ile eklenen "Marka Uzmanı","Patent Uzmanı" ibareleri 6/11/2003 tarihli ve 5000 sayılı Kanun ile Kanunlaşmış, değiştirilerek kanunlaşan "Milli Savunma Bakanlığı Akaryakıt İkmal ve NATO POL Tesisleri İşletme Bakanlığı Müfettişleri" ibaresi metne işlenmiştir.
A137: (2) Bu arada yeralan 2/6/1994 tarih ve 536 sayılı KHK ile eklenen unvanlar, Anayasa Mahkemesinin 8/7/1994 tarih ve E.1994/58, K.1994/53 sayılı Kararıyla iptal edildiğinden metinden çıkarılmıştır.
A138: (3) "Teknik Yardım Uzmanları" ibaresi,, 2/5/2001 tarihli ve 4668 sayılı Kanunla getirilmiştir.
A139: (4) "Kültür ve Turizm Uzmanları" ibaresi, 16/4/2003 tarihli ve 4848 sayılı Kanunun 33 üncü maddesiyle eklenmiştir.
A140: (5) "Çevre Uzmanları" ibaresi, 1/5/2003 tarihli ve 4856 sayılı Kanunun 42 inci maddesiyle, "Çevre ve Orman Uzmanları" olarak değiştirilmiş olup, daha sonra bu ibare 3/6/2011 tarihli ve 643 sayılı KHK’nın 8 inci maddesiyle yürürlükten kaldırılmıştır.
A141: (6) "İstihdam ve Meslek Uzmanları" ibaresi, 25/6/2003 tarihli ve 4904 sayılı Kanunun 24 üncü maddesiyle eklenmiş ve metne işlenmiştir
A142: (7) "Sosyal Güvenlik Uzmanları, Çalışma Uzmanları, Yurt Dışı İşçi Hizmetleri Uzmanları, İş Sağlığı ve Güvenliği Uzmanları, Çalışma ve Sosyal Güvenlik Eğitim Uzmanları" ibareleri, 16/7/2003 tarihli ve 4947 sayılı Kanunun 37 nci maddesiyle eklenmiştir.
A143: (8) "Bağ-Kur Denetmenleriı" ibaresi, 24/7/2003 tarihli ve 4956 sayılı Kanunun 46 ncı maddesiyle eklenmiş ve metne işlenmiş, 27/6/2000 tarihli ve 4587 sayılı Kanunun Geçici 2 nci maddesi uyarınca; "A.T." ibaresi, "A.B." olarak değiştirilmiştir.
A144: (9) "Emniyet Genel Müdürlüğü Dernek Denetçisi” ibaresi, 31/7/2003 tarihli ve 4970 sayılı Kanunun 7 nci maddesiyle “İçişleri Bakanlığı Dernekler Denetçileri” olarak değiştirilmiş ve metne işlenmiştir.
A145: (10) “Sosyal Sigortalar Kurumu” ibaresinden sonra gelen “Başkanlık Müfettişleri” ile “Sosyal Sigorta Uzmanları” ibareleri 29/7/2003 tarihli ve 4958 sayılı Kanunun 20 nci maddesiyle eklenmiştir.
A146: (11) "Kadının Statüsü uzmanları" ibaresi, 27/10/2004 tarihli ve 5251 sayılı Kanunun 26 ncı maddesiyle eklenmiş olup, daha sonra bu ibare 3/6/2011 tarihli ve 643 sayılı KHK’nın 8 inci maddesiyle yürürlükten kaldırılmıştır.
A147: (12) "Aile ve Sosyal Araştırma Uzmanları" ibaresi, 10/11/2004 tarihli ve 5256 sayılı Kanunun 27 nci maddesiyle eklenmiş olup, daha sonra bu ibare 3/6/2011 tarihli ve 643 sayılı KHK’nın 8 inci maddesiyle yürürlükten kaldırılmıştır.
... A179: (42) 11/10/2011 663 sayılı KHK’nın 58 inci maddesiyle bu bölümün (g) bendine “Denizcilik Uzmanları” ibaresinden sonra gelmek üzere “, Sağlık Uzmanları ve Sağlık Denetçileri,” ibaresi eklenmiştir.
A181: UNVANI | B181: Derece | C181: 1/1/1994’den İtibaren Uygulanacak Ek Göstergeler | D181: 1/1/1995’den İtibaren Uygulanacak Ek Göstergeler
A182: i) Bu sınıfa dahil olup da yukarıda sayılanlar dışında kalanlardan,
A183: 1. Yükseköğretim görenler, | B183: 1 | C183: 1900 | D183: 2200
B184: 2 | C184: 1350 | D184: 1600
B185: 3 | C185: 900 | D185: 1100
B186: 4 | C186: 700 | D186: 800
A188: 2.Diğerleri, | B188: 1 | C188: 1350 | D188: 1500
B189: 2 | C189: 1000 | D189: 1100
B190: 3 | C190: 750 | D190: 800
B191: 4 | C191: 600 | D191: 650
A194: (1) Bu bölümde 19/6/1994 tarih ve 543, 544 sayılı ve 6/7/1995 tarih ve 562 sayılı , 9/12/1994 tarih ve 4059 sayılı, 13/11/1996 tarih ve 4208 sayılı, 7/6/2000 tarih ve 4576 sayılı Kanunlar ve 616, 617, 618 ve 619 sayılı KHK'ler ile eklenen Sosyal Sigorta Uzmanları, Başkanlık Müfettişleri, İstihdam ve Meslek Uzmanları, Sosyal Güvenlik Uzmanları, Çalışma Uzmanları, Yurt Dışı İşçi Hizmetleri Uzmanları, İş Sağlığı ve Güvenliği Uzmanları, Bağ-Kur Denetmenleri unvanları, sözkonusu KHK'lerin Anayasa Mahkemesince iptal edilmeleri nedeniyle metinden çıkarılmıştır. 6/7/2000 tarihli ve 613 sayılı KHK ile eklenen ve 5/4/2001 tarihli ve 4636 sayılı, 544 sayılı KHK ile eklenen "Marka Uzmanı","Patent Uzmanı" ibareleri 6/11/2003 tarihli ve 5000 sayılı Kanun ile Kanunlaşmış, değiştirilerek kanunlaşan "Milli Savunma Bakanlığı Akaryakıt İkmal ve NATO POL Tesisleri İşletme Bakanlığı Müfettişleri" ibaresi metne işlenmiştir.
A195: (2) Bu arada yeralan 2/6/1994 tarih ve 536 sayılı KHK ile eklenen unvanlar, Anayasa Mahkemesinin 8/7/1994 tarih ve E.1994/58, K.1994/53 sayılı Kararıyla iptal edildiğinden metinden çıkarılmıştır.
A196: (3) "Teknik Yardım Uzmanları" ibaresi,, 2/5/2001 tarihli ve 4668 sayılı Kanunla getirilmiştir.
A197: (4) "Kültür ve Turizm Uzmanları" ibaresi, 16/4/2003 tarihli ve 4848 sayılı Kanunun 33 üncü maddesiyle eklenmiştir.
A198: (5) "Çevre Uzmanları" ibaresi, 1/5/2003 tarihli ve 4856 sayılı Kanunun 42 inci maddesiyle, "Çevre ve Orman Uzmanları" olarak değiştirilmiş olup, daha sonra bu ibare 3/6/2011 tarihli ve 643 sayılı KHK’nın 8 inci maddesiyle yürürlükten kaldırılmıştır.
A199: (6) "İstihdam ve Meslek Uzmanları" ibaresi, 25/6/2003 tarihli ve 4904 sayılı Kanunun 24 üncü maddesiyle eklenmiş ve metne işlenmiştir
A200: (7) "Sosyal Güvenlik Uzmanları, Çalışma Uzmanları, Yurt Dışı İşçi Hizmetleri Uzmanları, İş Sağlığı ve Güvenliği Uzmanları, Çalışma ve Sosyal Güvenlik Eğitim Uzmanları" ibareleri, 16/7/2003 tarihli ve 4947 sayılı Kanunun 37 nci maddesiyle eklenmiştir.
A201: (8) "Bağ-Kur Denetmenleriı" ibaresi, 24/7/2003 tarihli ve 4956 sayılı Kanunun 46 ncı maddesiyle eklenmiş ve metne işlenmiş, 27/6/2000 tarihli ve 4587 sayılı Kanunun Geçici 2 nci maddesi uyarınca; "A.T." ibaresi, "A.B." olarak değiştirilmiştir.
A202: (9) "Emniyet Genel Müdürlüğü Dernek Denetçisi” ibaresi, 31/7/2003 tarihli ve 4970 sayılı Kanunun 7 nci maddesiyle “İçişleri Bakanlığı Dernekler Denetçileri” olarak değiştirilmiş ve metne işlenmiştir.
A203: (10) “Sosyal Sigortalar Kurumu” ibaresinden sonra gelen “Başkanlık Müfettişleri” ile “Sosyal Sigorta Uzmanları” ibareleri 29/7/2003 tarihli ve 4958 sayılı Kanunun 20 nci maddesiyle eklenmiştir.
A204: (11) "Kadının Statüsü uzmanları" ibaresi, 27/10/2004 tarihli ve 5251 sayılı Kanunun 26 ncı maddesiyle eklenmiş olup, daha sonra bu ibare 3/6/2011 tarihli ve 643 sayılı KHK’nın 8 inci maddesiyle yürürlükten kaldırılmıştır.
A205: (12) "Aile ve Sosyal Araştırma Uzmanları" ibaresi, 10/11/2004 tarihli ve 5256 sayılı Kanunun 27 nci maddesiyle eklenmiş olup, daha sonra bu ibare 3/6/2011 tarihli ve 643 sayılı KHK’nın 8 inci maddesiyle yürürlükten kaldırılmıştır.
... A231: (36) 23/8/2011 tarihli ve 653 sayılı KHK’nın 17’nci maddesiyle bu bölümün (g) bendinde yer alan “ve Dış Ticaret Kontrolörleri” ibaresi yürürlükten kaldırılmıştır.
A233: UNVANI | B233: Derece | C233: 1/1/1994’den İtibaren Uygulanacak Ek Göstergeler | D233: 1/1/1995’den İtibaren Uygulanacak Ek Göstergeler
A234: II- TEKNİK HİZMETLER SINIFI
A235: a) Kadroları bu sınıfa dahil olup, en az 4 yıl süreli yükseköğretim veren fakülte veya yüksekokullardan mezun olarak yürürlükteki hükümlere göre Yüksek Mühendis, Mühendis, Yüksek Mimar ve Mimar ile şehir plancısı ve Bölge Plancısı unvanını almış olanlar (1) | B235: 1 | C235: 3200 | D235: 3600
B236: 2 | C236: 2600 | D236: 3000
B237: 3 | C237: 1900 | D237: 2200
B238: 4 | C238: 1450 | D238: 1600
B239: 5 | C239: 1100 | D239: 1300
B240: 6 | C240: 950 | D240: 1150
B241: 7 | C241: 850 | D241: 950
B242: 8 | C242: 750 | D242: 850
A244: b) (Değişik: 1/5/2003-4856/42/d md.) Kadroları bu sınıfa dahil olup, en az 4 yıl süreli yükseköğretim veren fakülte ve yüksekokullardan mezun olarak yürürlükteki hükümlere göre Jeolog, Hidrojeolog, Hidrolog, Jeomorfolog, Jeofizikçi, Fizikçi, Matematikçi, İstatistikçi, Yöneylemci (hareket araştırmacısı), Matematiksel İktisatçı, Ekonomici ve Kimyager unvanını almış olanlarla Teknik Yüksek Öğretmen Okulu mezunları, | B244: 1 | C244: 2600 | D244: 3000
B245: 2 | C245: 1900 | D245: 2200
B246: 3 | C246: 1350 | D246: 1600
B247: 4 | C247: 1300 | D247: 1500
B248: 5 | C248: 1000 | D248: 1200
B249: 6 | C249: 9800 | D249: 1100
B250: 7 | C250: 800 | D250: 900
...

Sheet EK GÖSTERGELER T.S.K 
A1: EK GÖSTERGE CETVELLERİ
A3: I Sayılı Ek Gösterge Cetveli (Ek: 9/4/1990 - KHK - 418/17 md.; İptal: Ana.Mah.'nin 5/2/1992 tarih ve E. 1990/22, K. 1992/6 sayılı Kararı ile; Yeniden düzenleme: 18/5/1994 -KHK - 527/14 md.)
A4: (Subaylar İçin)
A5: 1.1.1994'den 1.1.1995'den İtibaren Uy- İtibaren Uygulanacak Ek gulanacak Ek Göstergeler
A6: UNVANI | O6: DERECE | Q6: Ek Göstergeler
A7: a) Genel Kurmay Başkanı | P7: 1 | Q7: 9000
A8: b) Kuvvet Komutanları ve Jandarma Genel Komutanı (Orgeneral ve Oramiral olmak kaydıyla) | P8: 1 | Q8: 8400
A9: c) Orgeneral-Oramiral | P9: 1 | Q9: 8000
A10: d) Korgeneral-Koramiral | P10: 1 | Q10: 7600
A11: e) Tümgeneral-Tümamiral | P11: 1 | Q11: 7000
A12: f) Tuğgeneral-Tugamiral | P12: 1 | Q12: 6400
A13: g) Kıdemli Albay | P13: 1 | Q13: 5800
A14: h) Albay | P14: 1 | Q14: 4800
A15: j) Diğer Subaylar (Bu Kanunun 109 uncu maddesine göre astsubaylıktan subay olanlar dahil) | P15: 1 | Q15: 3600
P16: 2 | Q16: 3000
P17: 3 | Q17: 2200
P18: 4 | Q18: 1600
P19: 5 | Q19: 1300
P20: 6 | Q20: 1150
P21: 7 | Q21: 950
P22: 8 | Q22: 850
A24: II Sayılı Ek Gösterge Cetveli (Ek: 9/4/1990 - KHK - 418/17 md.; Mülga: 9/8/1993 - KHK - 499/36 md.)
A25: (Astsubaylıktan Subaylığa Geçenler İçin)
A26: III Sayılı Ek Gösterge Cetveli (Ek: 9/4/1990 - KHK - 418/17 md.; İptal: Ana. Mah.'nin 5/2/1992 tarih ve E. 1990/22, K. 1992/6 sayılı Kararı ile; Yeniden düzenleme: 18/5/1994 -KHK - 527/14 md.)
A27: (Astsubaylar İçin)
A28: 1.1.1994'den 1.1.1995'den itibaren itibaren Uygulanacak Uygulanacak
M29: DERECE | O29: Ek Göstergeler | Q29: Ek Göstergeler
M30: 1 | O30: 3200 | Q30: 3600
M31: 2 | O31: 2600 | Q31: 3000
M32: 3 | O32: 1900 | Q32: 2200
M33: 4 | O33: 1450 | Q33: 1600
M34: 5 | O34: 1100 | Q34: 1300
M35: 6 | O35: 950 | Q35: 1150
M36: 7 | O36: 850 | Q36: 950
M37: 8 | O37: 750 | Q37: 850
A52: IV Sayılı Ek Gösterge Cetveli (Ek: 9/4/1990 - KHK - 418/17 md.; İptal Ana. Mah.'nin 5/2/1992 tarih ve E. 1990/22, K. 1992/6 sayılı Kararı ile; Yeniden düzenleme: 18/5/1994 -KHK - 527/14 md.)
A53: (Askeri Hakim ve Savcılar İçin)
A54: 1.1.1994'den 1.1.1995'den itibaren itibaren Uygulanacak Uygulanacak gulanacak Ek gulanacak Ek
A55: UNVANI | M55: DERECE | O55: Ek Göstergeler | Q55: Ek Göstergeler
A56: a) I inci derecede 6 yılını tamamlamış ve askeri yüksek yargı organları üyeliğine seçilme hakkını kaybetmemiş olanlara, | M56: 1 | O56: 5000 | Q56: 5800
A57: b) 1 inci derece aylığını almış, 1 inci sınıfa geçirilmiş ve niteliklerini muhafaza edenlere, | M57: 1 | O57: 4100 | Q57: 4800
A58: c) Diğerlerine, | M58: 1 | O58: 3500 | Q58: 4000
M59: 2 | O59: 3200 | Q59: 3600
M60: 3 | O60: 2600 | Q60: 3000
M61: 4 | O61: 1900 | Q61: 2300
M62: 5 | O62: 1800 | Q62: 2200
M63: 6 | O63: 1450 | Q63: 1600
M64: 7 | O64: 1350 | Q64: 1500
M65: 8 | O65: 1100 | Q65: 1300
M66: 9 | O66: 950 | Q66: 1150
A68: V SAYILI MAKAM TAZMİNATI CETVELİ (Ek: 9/4/1990 - KHK - 418/21 md.; Değişik: 19/12/1996 - KHK - 568/3 md.)
A69: Sıra Tazminat
A70: No Kadro ve Rütbe Ünvanı Göstergeleri
A71: 1) Genelkurmay Başkanı 30.000 | Q71: 30000
A72: 2) Orgeneral veya Oramiral olmak şartıyla; Kuvvet Komutanları ve Jandarma Genel Komutanı 20.000 | Q72: 20000
A73: 3) Orgeneral ve Oramiral 15.000 | Q73: 15000
A74: 4) Korgeneral ve Koramiral 10.000 | Q74: 10000
A75: 5) Tümgeneral ve Tümamiral 8.000 | Q75: 8000
A76: 6) Tuğgeneral ve Tuğamiral 7.000 | Q76: 7000
A77: 7) Kıdemli Albay 4.500 | Q77: 4500
A78: 8) Albay 3.500 | Q78: 3500
A79: 9) Yarbay 2.000 | Q79: 2000
A104: 27/7/1967 TARİHLİ VE 926 SAYILI ANA KANUNA İŞLENEMİYEN HÜKÜMLER
A105: 1 – 31/7/1970 tarihli ve 1323 sayılı Kanunun 18 inci maddesi:
A106: Madde 18 – 926 sayılı Türk Silahlı Kuvvetleri Personel Kanununun mali hükümlerinin yürürlüğe girmesi;
A107: a) 926 sayılı Türk Silahlı Kuvvetleri Personel Kanununun aylık ödemeleri ile ilgili hükümleri "14/7/1965 gün ve 657 sayılı Devlet Memurları Kanununun bazı maddelerinin değiştirilmesi ve bu kanuna bazı maddeler eklenmesine ve bu kanunun kapsamı dışında kalan kamu personelinin aylık ve ücretlerinin dair Kanun’un aylık ödemelerinin yürürlüğü ile ilgili hükümleri ile birlikte ve aynı usul ve esaslara göre uygulanır.
A108: b) Mahrumiyet yeri ödeneği, öğrenim yurtları ve bursları, aile yardımı ödeneği, doğum yardımı ödeneği, ölüm yardımı ödeneği, temsil giderleri ve yakacak yardımına ait hükümleri 657 sayılı Devlet Memurları Kanununun bu konuları düzenleyen hükümleri ile birlikte uygulanır.
A109: c) Öğrenci harçlıkları ile ilgili hükümleri bu maddenin (a) fıkrası esaslarına göre uygulanır.
A110: d) 926 sayılı Türk Silahlı Kuvvetleri Personel Kanununun 153, 158, 176 ve 181 inci maddeleri 1970 mali yılında uygulanamaz.2005 sayılı Kanunun pansiyon ücret indirimi hakkındaki 2 nci maddesi hükmü ile çocuk zammı ödenmesine ilişkin 5049 ve doğum yardımı ödenmesine ilişkin 5504 sayılı Kanun hükümlerinin uygulanmasına 1970 mali yılında da devam olunur.
A111: e) Bu kanunun ders ücretleri ile ilgili hükümleri yayımı tarihinde Ek 2, Ek 5 ve Ek 6 ncı maddelerinin hükümleri 657 sayılı Devlet Memurları Kanunu hükümlerine göre çıkarılacak Genel Kadro Kanununun yürürlüğe girdiği tarihi takibeden aybaşından itibaren uygulanır.
A112: f) Bu maddenin (a) ve (c) fıkrası hükümleri uygulanıncaya kadar bu konuları düzenleyen eski kanunların uygulanmasına devam olunur.
A113: 2) 27/6/1989 tarihli ve 375 sayılı Kanun Hükmünde Kararnamenin Hükmü.
A114: Madde 3 – 657 sayılı Devlet Memurları Kanunu, 926 sayılı Türk Silahlı Kuvvetleri Personel Kanunu, 2914 sayılı Yükseköğretim Personel Kanunu, 2802 sayılı Hakimler ve Savcılar Kanunu ve diğer kanunlar uyarınca ek göstergeden yararlanan personelin ek gösterge rakamları aşağıdaki şekilde değiştirilmiştir.
A115: a) Genelkurmay Başkanı, 4500 | Q115: 4500
A116: b) Orgeneral ve Oramiral olmak kaydıyla Kuvvet Komutanları ve Jandarma Genel Komutanı, | Q116: 4200
A117: c) Orgeneral-Oramiraller, Anayasa Mahkemesi Başkanı, Yargıtay Başkanı, Danıştay Başkanı ve Başbakanlık Müsteşarı, 4000 | Q117: 4000
A118: d) Korgeneral-Koramiraller, Uyuşmazlık Mahkemesi Başkanı, Sayıştay Başkanı, Yargıtay Cumhuriyet Başsavcısı, Danıştay Başsavcısı, 3800 | Q118: 3800
A119: e) (Değişik: 25/1/1990 - KHK - 402/2 md.) Tümgeneral-Tümamiraller, Anayasa Mahkemesi, Yargıtay ve Danıştay Üyeleri, Yargıtay Cumhuriyet Başsavcısı Vekili, Birinci Sınıf Hakim ve Savcılar, Müsteşarlar, Talim Terbiye Kurulu Başkanı, 3500 | Q119: 3500
A120: f) Başbakanlık Müsteşar Yardımcıları. 2600 | Q120: 2600
A121: g) (Ek: 23/10/1989 - KHK - 386/2 md.) Talim ve Terbiye Kurulu Üyesi) 2400 | Q121: 2400
A122: Yukarıda unvan olarak sayılanlar dışında kalan personelin halen uygulanmakta olan ek gösterge rakamları, aşağıda gösterildiği şekilde değiştirilmiştir.
A123: 30.6.1989 itibariyle 15.7.1989 tarihinden uygulanmakta olan itibaren uygulanacak
A124: UNVANI | O124: Ek Göstergeler | Q124: Ek Göstergeler
O125: 3300 | Q125: 3800
O126: 3000 | Q126: 3500
O127: 2700 | Q127: 3200
O128: 2400 | Q128: 2900
O129: 1950 | Q129: 2400
O130: 1800 | Q130: 2150
O131: 1650 | Q131: 2000
O132: 1500 | Q132: 1800
O133: 1200 | Q133: 1500
O134: 900 | Q134: 1100
O135: 600 | Q135: 750
O136: 450 | Q136: 550
... O138: 150 | Q138: 200
A141: 3) 13/3/1969 tarihli ve 1134 sayılı Kanunun geçici maddesi:
A142: Geçici Madde – Bu kanunun şümulüne giripte, yayımı tarihinde sivil sektörde vazife alan müstafi subaylar da bu kanunun getirdiği haklardan istifade ederler.
A143: 4) 12/2/1982 tarihli ve 2596 sayılı Kanunun geçici maddesi:
A144: Geçici Madde – Bu Kanun ile aylık gösterge tablolarında yapılmış olan değişiklik nedeniyle aylıklarda meydana gelecek artışlar hakkında 5434 sayılı Kanunun 14 üncü maddesinin (c) bendi hükmü uygulanmaz.
...

Sheet EK ÖDEME 375 
A1: 16 Ağustos 2008 CUMARTESİ Resmî Gazete | B1: Sayı : 26969 (Mükerrer)
A2: BAKANLAR KURULU KARARI
A3: 375 SAYILI KANUN HÜKMÜNDE KARARNAMENİN EK 3 ÜNCÜ MADDESİ
A4: UYARINCA YAPILACAK EK ÖDEMEYE İLİŞKİN KARAR
A6: Amaç ve kapsam
A7: MADDE 1 – (1) Bu Karar, 375 sayılı Kanun Hükmünde Kararnamenin ek 3 üncü maddesi uyarınca yapılacak ek ödemenin tutarı ile usul ve esaslarını düzenlemektedir.
A8: Dayanak
A9: MADDE 2 – (1) Bu Karar, 375 sayılı Kanun Hükmünde Kararnamenin ek 3 üncü maddesine dayanılarak hazırlanmıştır.
A10: Ek ödeme tutarı
A11: MADDE 3 – (1) Bu Karar uyarınca personele yapılacak ek ödeme, en yüksek Devlet memuru aylığına (ek gösterge dâhil) ekli "Ek Ödeme Cetveli"nde yer alan oranların uygulanması suretiyle hesaplanır.
A12: Ek ödemenin usul ve esasları
A13: MADDE 4 – (1) Ek ödeme, 375 sayılı Kanun Hükmünde Kararnamenin ek 3 üncü maddesi ile bu Kararda belirtilen usul ve esaslar çerçevesinde yapılır.
A14: (2) 17/4/2006 tarihli ve 2006/10344 sayılı Bakanlar Kurulu Kararı ile yürürlüğe konulan Devlet Memurlarına Ödenecek Zam ve Tazminatlara İlişkin Karara ekli (III) sayılı cetvelin "B. Din Hizmetleri Tazminatı" bölümünün (d) sırası (aynı Karara ekli (II) sayılı Özel Hizmet Tazminatı Cetvelinin "(A) Üst Yönetim ve Genel İdare Hizmetleri" bölümünün 6 ncı grubunun 7 nci sırasında, 7 nci grubunun 1 inci sırasında ve 9 uncu grubunun 7 nci sırasında sayılanlar hariç) ile aynı cetvelin "F. Adalet Hizmetleri Tazminatı" bölümünün 2 nci sırasında öngörülen tazminatlardan yararlananlara yapılacak ek ödeme, anılan sıralarda öngörülen tazminat oranı kadar eksik ödenir. Ancak, ödenecek ek ödeme hiçbir şekilde en yüksek Devlet memuru aylığının (ek gösterge dâhil) %28’inden az olamaz.
... A31: 5) Aynı Kararın eki (II) sayılı Cetvele aşağıdaki satır eklenmiştir.
A33: TÜRKİYE ADALET AKADEMİSİ BAŞKANLIĞI | B33: 23/7/2003 tarihli ve 4954 sayılı Kanunun 24. mad.
A35: 6) Aynı Karara, ekli "(III) Sayılı Cetvel" eklenmiştir.
A36: Yürürlük
A37: MADDE 6 – (1) Bu Karar 15/8/2008 tarihinde yürürlüğe girer.
A38: Yürütme
A39: MADDE 7 – (1) Bu Karar hükümlerini Bakanlar Kurulu yürütür.
A41: 12 Ocak 2010 SALI Resmî Gazete | C41: Sayı : 27460
A42: BAKANLAR KURULU KARARI
A43: Karar Sayısı : 2010/7
A44: Ekli “Kamu Personelinin Maaşlarının Hesabına Esas Tutulan Katsayıların Yeniden Tespiti ve İlgili Mevzuatı Uyarınca İstihdam Edilen Sözleşmeli Personelin Ücretlerinin Artırılması, Devlet Memurlarına Ödenecek Zam ve Tazminatlar ile Bazı Kararlarda Değişiklik Yapılmasına İlişkin Karar”ın yürürlüğe konulması; Maliye Bakanlığının 6/1/2010 tarihli ve 42 sayılı yazısı üzerine, 2010 Yılı Merkezi Yönetim Bütçe Kanununun 21 inci, 657 sayılı Devlet Memurları Kanununun 152 nci, 375 sayılı Kanun Hükmünde Kararnamenin ek 3 üncü ve 631 sayılı Kanun Hükmünde Kararnamenin 14 üncü maddeleri ile muhtelif statülerde sözleşmeli personel istihdamına imkân sağlayan mevzuat hükümlerine göre, Bakanlar Kurulu’nca 6/1/2010 tarihinde kararlaştırılmıştır.
A45: KAMU PERSONELİNİN MAAŞLARININ HESABINA ESAS TUTULAN
A46: KATSAYILARIN YENİDEN TESPİTİ VE İLGİLİ MEVZUATI UYARINCA
A47: İSTİHDAM EDİLEN SÖZLEŞMELİ PERSONELİN ÜCRETLERİNİN
A48: ARTIRILMASI, DEVLET MEMURLARINA ÖDENECEK
A49: ZAM VE TAZMİNATLAR İLE BAZI KARARLARDA
A50: DEĞİŞİKLİK YAPILMASINA İLİŞKİN KARAR
A51: Katsayıların belirlenmesi
A52: MADDE 1 – 1/1/2010 tarihinden geçerli olmak üzere, 14/7/1965 tarihli ve 657 sayılı Devlet Memurları Kanununun 154 üncü maddesi uyarınca aylık gösterge tablosunda yer alan rakamlar ile ek gösterge rakamlarının aylık tutarlara çevrilmesinde uygulanacak aylık katsayısı (0,057383), memuriyet taban aylığı göstergesine uygulanacak aylık taban katsayısı (0,76293), iş güçlüğü, iş riski, temininde güçlük ve mali sorumluluk zamlarının aylık tutarlara çevrilmesinde uygulanacak yan ödeme katsayısı ise (0,01819) olarak yeniden belirlenmiştir.
A53: Ücretlerin artırılması
... A72: MADDE 6 – Bu Karar hükümlerini Bakanlar Kurulu yürütür.
A75: 5 Ocak 2011 ÇARŞAMBA Resmî Gazete | B75: Sayı : 27806
A76: BAKANLAR KURULU KARARI
A77: Karar Sayısı : 2011/1241
A78: Ekli "Kamu Personelinin Maaşlarının Hesabına Esas Tutulan Katsayıların Yeniden Tespiti ve İlgili Mevzuatı Uyarınca İstihdam Edilen Sözleşmeli Personelin Ücretlerinin Artırılması, Devlet Memurlarına Ödenecek Zam ve Tazminatlar ile Bazı Kararlarda Değişiklik Yapılmasına İlişkin Karar"ın yürürlüğe konulması; Maliye Bakanlığının 3/1/2011 tarihli ve 1 sayılı yazısı üzerine, 2011 Yılı Merkezi Yönetim Bütçe Kanununun 21 inci maddesi, 657 sayılı Devlet Memurları Kanununun 152 ve 202 nci maddeleri, 375 sayılı Kanun Hükmünde Kararnamenin ek 3 üncü maddesi ve 631 sayılı Kanun Hükmünde Kararnamenin 14 üncü maddeleri ile muhtelif statülerde sözleşmeli personel istihdamına imkân sağlayan mevzuat hükümlerine göre, Bakanlar Kurulu'nca 3/1/2011 tarihinde kararlaştırılmıştır.
A80: KAMU PERSONELİNİN MAAŞLARININ HESABINA ESAS TUTULAN
A81: KATSAYILARIN YENİDEN TESPİTİ VE İLGİLİ MEVZUATI
A82: UYARINCA İSTİHDAM EDİLEN SÖZLEŞMELİ PERSONELİN
A83: ÜCRETLERİNİN ARTIRILMASI, DEVLET MEMURLARINA
A84: ÖDENECEK ZAM VE TAZMİNATLAR İLE BAZI
A85: KARARLARDA DEĞİŞİKLİK
A86: YAPILMASINA İLİŞKİN
A87: KARAR
A88: Katsayıların belirlenmesi
... A112: MADDE 8 – Bu Karar hükümlerini Bakanlar Kurulu yürütür.
A114: EK ÖDEME CETVELİ | B114: ilk şekli | C114: Değişenler | D114: ilave gelen
B116: 2008 | C116: 2010 | D116: 2011
A118: KADRO VE GÖREV UNVANI | B118: ORAN | D118: 14
B119: (%)
A120: A- Aylıklarını 657 sayılı Devlet Memurları Kanununa Göre Alanlar:
A121: 1- Kadroları Genel İdare Hizmetleri Sınıfında yer alan personelden;
A122: a) 17/4/2006 tarihli ve 2006/10344 sayılı Bakanlar Kurulu Kararı ile yürürlüğe konulan Devlet Memurlarına Ödenecek Zam ve Tazminatlara İlişkin Karara ekli (II) sayılı Özel Hizmet Tazminatı Cetvelinin “(A) Üst Yönetim ve Genel İdare Hizmetleri” bölümünün;
A123: - 2 nci grubunda sayılanlar | B123: 62 | D123: =B123+$D$118 -> 76
A124: - 3 üncü grubunda sayılanlar | B124: 61 | D124: =B124+$D$118 -> 75
A125: - 4 üncü grubunda sayılanlar | B125: 58 | D125: =B125+$D$118 -> 72
A126: - - 5 inci grubunda sayılanlardan;
A127: - Makam tazminatından yararlananlar | B127: 41 | D127: =B127+$D$118 -> 55
A128: - Makam tazminatından yararlanmayanlar | B128: 53 | C128: 100 | D128: =C128+$D$118 -> 114
A129: - - 6 ncı grubunda sayılanlardan;
A130: - Makam tazminatından yararlananlar | B130: 39 | D130: =B130+$D$118 -> 53
A131: - Makam tazminatından yararlanmayanlar | B131: 53 | C131: 100 | D131: =C131+$D$118 -> 114
A132: - - 7 nci grubunda sayılanlardan;
A133: - Makam tazminatından yararlananlar | B133: 37 | D133: =B133+$D$118 -> 51
A134: - Makam tazminatından yararlanmayanlar | B134: 53 | C134: 100 | D134: =C134+$D$118 -> 114
A135: - - 8 inci grubunda sayılanlardan;
A136: - Makam tazminatından yararlananlar | B136: 37 | D136: =B136+$D$118 -> 51
A137: - Makam tazminatından yararlanmayanlar | B137: 53 | C137: 100 | D137: =C137+$D$118 -> 114
A138: - 9 uncu grubunda sayılanlar | B138: 53 | C138: 100 | D138: =C138+$D$118 -> 114
A139: - 10 uncu grubunda sayılanlar | B139: 53 | C139: 100 | D139: =C139+$D$118 -> 114
A140: - 11 inci grubunda sayılanlar | B140: 53 | C140: 100 | D140: =C140+$D$118 -> 114
A141: - 12 nci grubunda sayılanlar | B141: 53 | C141: 100 | D141: =C141+$D$118 -> 114
A142: - 13 üncü grubunda sayılanlar | B142: 53 | C142: 100 | D142: =C142+$D$118 -> 114
A143: - 14 üncü grubunda sayılanlar | B143: 53 | C143: 100 | D143: =C143+$D$118 -> 114
A144: - 15 inci grubunda sayılanlar | B144: 53 | C144: 100 | D144: =C144+$D$118 -> 114
A145: - 16 ncı grubunda sayılanlar | B145: 52 | C145: 100 | D145: =C145+$D$118 -> 114
A146: - 17 nci grubunda sayılanlar | B146: 51 | D146: =B146+$D$118 -> 65
A147: b) 17/4/2006 tarihli ve 2006/10344 sayılı Bakanlar Kurulu Kararı ile yürürlüğe konulan Devlet Memurlarına Ödenecek Zam ve Tazminatlara İlişkin Karara ekli (II) sayılı Özel Hizmet Tazminatı Cetvelinin “(B) Denetim Hizmetleri” bölümünün;
A148: - 2/a sırasında sayılanlardan;
A149: - Makam tazminatından yararlananlar | B149: 41 | D149: =B149+$D$118 -> 55
A150: - Makam tazminatından yararlanmayanlar | B150: 53 | C150: 100 | D150: =C150+$D$118 -> 114
A151: - 2/b sırasında sayılanlar | B151: 53 | C151: 100 | D151: =C151+$D$118 -> 114
A152: - 3/a sırasında sayılanlardan;
A153: - Makam tazminatından yararlananlar | B153: 40 | D153: =B153+$D$118 -> 54
A154: - Makam tazminatından yararlanmayanlar | B154: 52 | C154: 100 | D154: =C154+$D$118 -> 114
A155: - 3/b sırasında sayılanlar | B155: 52 | C155: 100 | D155: =C155+$D$118 -> 114
A156: - 4/a sırasında sayılanlardan;
A157: - Makam tazminatından yararlananlar | B157: 38 | D157: =B157+$D$118 -> 52
A158: - Makam tazminatından yararlanmayanlar | B158: 52 | C158: 100 | D158: =C158+$D$118 -> 114
A159: - 4/b sırasında sayılanlar | B159: 53 | C159: 100 | D159: =C159+$D$118 -> 114
A160: - 5/a sırasında sayılanlar | B160: 52 | C160: 100 | D160: =C160+$D$118 -> 114
A161: - 5/b sırasında sayılanlar | B161: 53 | C161: 100 | D161: =C161+$D$118 -> 114
A162: - 6/a sırasında sayılanlardan;
A163: - Makam tazminatından yararlananlar | B163: 38 | D163: =B163+$D$118 -> 52
A164: - Makam tazminatından yararlanmayanlar | B164: 52 | C164: 100 | D164: =C164+$D$118 -> 114
A165: - 6/b sırasında sayılanlar | B165: 53 | C165: 100 | D165: =C165+$D$118 -> 114
A166: - 7/a sırasında sayılanlar | B166: 52 | C166: 100 | D166: =C166+$D$118 -> 114
A167: - 7/b sırasında sayılanlar | B167: 53 | C167: 100 | D167: =C167+$D$118 -> 114
...

Sheet 375 S.K. EK VE DEĞİŞ G.MEV.
A1: 451
A2: 657 SAYILI DEVLET MEMURLARI KANUNU, 926 SAYILI TÜRK SİLAHLI KUVVETLERİ PERSONEL KANUNU, 2802 SAYILI HAKİMLER VE SAVCILAR KANUNU, 2914 SAYILI YÜKSEKÖĞRETİM PERSONEL KANUNU, 5434 SAYILI T.C. EMEKLİ SANDIĞI KANUNU İLE DİĞER BAZI KANUN VE KANUN HÜKMÜNDE KARARNAMELERDE DEĞİŞİKLİK YAPILMASI,DEVLET MEMURLARI VE DİĞER KAMU GÖREVLİLERİNE MEMURİYET TABAN AYLIĞI VE KIDEM AYLIĞI İLE EK TAZMİNAT ÖDENMESİ HAKKINDA KANUN HÜKMÜNDE KARARNAME
A3: Kanun Hük. Kar.nin Tarihi : 27.6.1989 No : 375
A4: Yetki Kanununun Tarihi : 12.3.1986 No : 3268
A5: 9.4.1987 No : 3347
A6: 12.10.1988 No : 3479
A7: 1.6.1989 No : 3569
A8: Yayımlandığı R. G. Tarihi : 30.6.1989 No : Mükerrer 20211
A9: V. Tertip Düsturun Cildi : Sh.:
A10: Madde 1 – (Değişik: 5/7/1991-KHK-433/11 md.; İptal: Ana.Mah'nin 5/5/1992 tarih ve E. 1991/33, K. 1992/32 sayılı Kararı ile; Yeniden düzenleme: 18/5/1994-KHK-527/28 md.)
A11: A) Aylıklarını 657 sayılı Devlet Memurları Kanunu, 926 sayılı Türk Silahlı Kuvvetleri Personel Kanunu, 3269 sayılı Uzman Erbaş Kanunu, 3466 sayılı Uzman Jandarma Kanunu, 2914 sayılı Yükseköğretim Personel Kanunu ve 2802 sayılı Hakimler ve Savcılar Kanununa göre almakta olan personele 1000 gösterge rakamı üzerinden memuriyet taban aylığı ödenir. (1)
A12: Birinci fıkra kapsamına girenlere her bir hizmet yılı için 15 (20) gösterge rakamı karşılığı kıdem aylığı ödenir. Ancak 25 ve daha fazla hizmet yılını dolduranlar için gösterge rakamı 375 (500) olarak uygulanır. (2)
A13: Hizmet yılları itibariyle ödenecek kıdem aylığının tesbitinde kazanılmış hak aylığının hesabında değerlendirilen süreler esas alınır. Memuriyet taban ve kıdem aylığı miktarları, bunların göstergelerine 657 sayılı Devlet Memurları Kanununun 154 üncü maddesine göre tesbit olunan katsayılar uygulanmak suretiyle belirlenir. Memuriyet taban aylığı göstergesi için farklı katsayı tespit edile bilir. Kıdem ve memuriyet taban aylığı göstergelerini üç katına kadar artırmaya Bakanlar Kurulu yetkilidir.
... A44: Madde 3 – 657 sayılı Devlet Memurları Kanunu, 926 sayılı Türk Silahlı Kuvvetleri Personel Kanunu, 2914 sayılı Yükseköğretim Personel Kanunu, 2802 sayılı Hakimler ve Savcılar Kanunu ve diğer kanunlar uyarınca ek göstergeden yararlanan personelin ek gösterge rakamları aşağıdaki şekilde değiştirilmiştir.
B45: a) Genelkurmay Başkanı, | U45: 4500
B46: b) Orgeneral ve Oramiral olmak kaydıyla Kuvvet Komutanları ve Jandarma Genel Komutanı, | U46: 4200
B47: c) Orgeneral-Oramiraller, Anayasa Mahkemesi Başkanı, Yargıtay Başkanı, Danıştay Başkanı ve Başbakanlık Müsteşarı, | U47: 4000
B48: d) Korgeneral-Koramiraller, Uyuşmazlık Mahkemesi Başkanı, Sayıştay Başkanı, Yargıtay Cumhuriyet Başsavcısı, Danıştay Başsavcısı, | U48: 3800
B49: e) (Değişik: 25/1/1990-KHK-402/2 md.) Tümgeneral-Tümamiraller, Anayasa Mahkemesi, Yargıtay ve Danıştay Üyeleri, Yargıtay Cumhuriyet Başsavcısı Vekili, Birinci Sınıf Hakim ve Savcılar, Müsteşarlar, Talim ve Terbiye Kurulu Başkanı, | U49: 3500
B50: f) Başbakanlık Müsteşar yardımcıları, | U50: 2600
B51: g) (Ek: 23/10/1989-KHK-386/2 md.) Talim ve Terbiye Kurulu Üyesi | U51: 2400
A52: Yukarıda unvan olarak sayılanlar dışında kalan personelin halen uygulanmakta olan ek gösterge rakamları, aşağıda gösterildiği şekilde değiştirilmiştir.
A53: 30.6.1989 itibariyle 15.7.1989 tarihinden uygulanmakta olan itibaren uygulanacak
R54: Ek Göstergeler | U54: Ek Göstergeler
R55: 3300 | U55: 3800
R56: 3000 | U56: 3500
R57: 2700 | U57: 3200
R58: 2400 | U58: 2900
A59: 30.6.1989 itibariyle 15.7.1989 tarihinden uygulanmakta olan itibaren uygulanacak
R60: Ek Göstergeler | U60: Ek Göstergeler
R61: l950 | U61: 2400
R62: 1800 | U62: 2150
R63: 1650 | U63: 2000
R64: 1500 | U64: 1800
R65: 1200 | U65: 1500
R66: 900 | U66: 1100
R67: 600 | U67: 750
R68: 450 | U68: 550
R69: 300 | U69: 400
R70: 150 | U70: 200
A71: Madde 4 - 12 – (14/7/1965 tarih ve 657 sayılı Kanunun 36/A - 11, 43/B-k, 68/B-c, 79,146,202,213 üncü maddeden sonra gelen Ek Madde ile Ek 23 üncü maddelerinin değiştirilmesi ile ilgili olup, yerlerine işlenmiştir.)
A72: Madde 13 – (13/3/1981 tarih ve 2424 sayılı Kanunun 1 inci maddesinin değiştirilmesi ile ilgili olup, yerine işlenmiştir.)
A73: Madde 14 – (23/1/1981 tarih ve 2377 sayılı Kanunun 1 inci maddesinin değiştirilmesi ile ilgili olup, yerine işlenmiştir.)
A74: Madde 15 – (10/10/1984 tarih ve 3056 sayılı Kanunun 31 inci maddesinin değiştirilmesi ile ilgili olup, yerine işlenmiştir.)
A75: Madde 16 – (4/11/1981 tarih ve 2547 sayılı Kanunun 58 inci maddesinin değiştirilmesi ile ilgili olup, yerine işlenmiştir.)
A76: Madde 17-18 – (11/10/1983 tarih ve 2914 sayılı Kanunun 11 ve 12. maddelerinin değiştirilmesi ile ilgili olup, yerine işlenmiştir.)
A77: Madde 19 – (24/2/1983 tarih ve 2802 sayılı Kanunun 106 ncı maddesinde değiklik yapılması ile ilgili olup,yerine işlenmiştir.)
A78: Madde 20 – (Mülga: 10/9/1993-KHK-524/13 md.)
A79: Madde 21 – (24/2/1983 tarih ve 2802 Sayılı Kanuna bir Ek Madde eklenmesi ile ilgili olup, yerine işlenmiştir.)
A80: Madde 22 – (13/1/1943 tarih ve 4358 sayılı Kanunun 14 üncü maddesi ile ilgili olup, yerine işlenmiştir.)
A81: Madde 23 - 25 – (27/7/1967 tarih ve 926 sayılı Kanunun 49/f, 137/fıkra 4-c, Ek 17 nci maddelerinin değiştirilmesi ve Ek 5 inci Maddenin yürürlükten kaldırılması ile ilgili olup, yerlerine işlenmiştir.)
A82: Madde 26 – (8/6/1949 tarih ve 5434 sayılı Kanunun 14 üncü maddesinin değiştirilmesi ile ilgili olup, yerine işlenmiştir.)
... A415: EK ÖDEME ORANLARI
A416: Kadro ve Görev Unvanı | U416: Ek Ödeme Oranı (%)
A418: A- Aylıklarını 657 sayılı Devlet Memurları Kanununa Göre Alanlar:
B419: 1- Kadroları Genel İdare Hizmetleri Sınıfında yer alan personel ile Teknik Hizmetler, Sağlık ve Yardımcı Sağlık Hizmetleri ile Avukatlık Hizmetleri sınıflarında bulunan personelden ek ödeme oranları ilgili gruplarında düzenlenmeyen ve kadro unvanları bu bölümde yer alan personel;
C420: a) Ek göstergeleri 7.600 veya daha yüksek tespit edilen kadrolarda bulunanlar | U420: 200
C421: b) Ek göstergeleri 7.000 olarak tespit edilen kadrolarda bulunanlar | U421: 198
C422: c) Genel Müdür ile ek göstergeleri genel müdür düzeyinde veya daha yüksek tespit edilen kadrolarda bulunanlar | U422: 195
C423: ç) Ek göstergeleri 4.800 veya daha yüksek tespit edilen kadrolarda bulunanlar ile (b) sırasında sayılanların yardımcılarından (c) sırasında yer almayanlar | U423: 193
C424: d) Genel müdür yardımcısı, büyükşehir belediyesi bulunan illerin il özel idaresi genel sekreter yardımcısı, diğer illerin il özel idaresi genel sekreteri, büyükşehir belediyesi genel sekreter yardımcısı, ek göstergeleri genel müdür yardımcısı düzeyinde veya daha yüksek tespit edilen I. hukuk müşaviri, başkan yardımcısı ve kurum ve kurul başkanı unvanlı kadrolarda bulunanlar | U424: 190
C425: e) Daire Başkanı, kadrolu yönetim kurulu üyesi, genel sekreter, büyükşehir belediyesi bulunan illerin il özel idaresi I. hukuk müşaviri, büyükşehir belediyesi bulunmayan illerin il özel idaresi genel sekreter yardımcısı, diğer I. hukuk müşaviri, il belediye başkan yardımcısı | U425: 185
C426: f) Bağlı ve ilgili kuruluş il müdürleri, milli emlak dairesi başkanı, yükseköğretim kurumları daire başkanları, bölge müdürü, Atatürk Orman Çiftliği müdürü, büyükşehirlerin merkez ilçelerinin belediye başkan yardımcıları, KİT’lerde başmüdür, kombina, fabrika, müessese ve işletme müdürleri, defterdar yardımcısı, gelir idaresi grup müdürü, il müftü yardımcısı, bakanlık, müsteşarlık, başkanlık ve bağımsız genel müdürlüklerin bölge müdür yardımcısı ve il müdür yardımcısı, (ç), (d) ve (e) sıralarında sayılanların yardımcıları | U426: 180
C427: g) İl nüfus ve vatandaşlık müdürü, il yazı işleri müdürü, il idare kurulu müdürü, il mahalli idare müdürü, il planlama ve koordinasyon müdürü, dernekler il müdürü, il afet ve acil durum müdürü, hukuk müşaviri, fakülte ve yüksekokul sekreteri, basın ve halkla ilişkiler müşaviri, basın müşaviri, müşavir, müdür, şube müdürü, ilçe müftüsü, başkan, daire başkan yardımcısı, kurum sekreteri, merkez sekreteri, enstitü sekreteri, genel sekreter yardımcısı, birlik sekreteri, müze başkanı, KİT’lerde başuzman, diğer belediye başkan yardımcıları ve (f) sırasında sayılanların yardımcıları | U427: 170
C428: ğ) Savunma sekreteri, sayman, müdür yardımcısı ile başkan yardımcısı unvanlı kadrolarda bulunanlar | U428: 165
C429: h) Milli Savunma Bakanlığı ile Türk Silahlı Kuvvetlerinde istisnai memur kadrolarında bulunanlardan ek ödemeleri kadro unvanları itibarıyla bu Cetvelin diğer gruplarında veya bu grubun diğer sıralarında daha yüksek belirlenmemiş olanlar, Sivil Havacılık Genel Müdürlüğünde ilgili mevzuat hükümleri uyarınca teknik denetçi olarak görevlendirilenlerden ek ödemeleri kadro unvanları itibarıyla bu Cetvelin diğer gruplarında veya bu grubun diğer sıralarında daha yüksek belirlenmemiş olanlar | U429: 145
C430: ı) Büyükşehir belediyeleri ile bunlara bağlı genel müdürlüklerin başmüfettiş ve müfettiş kadrolarında bulunanlar, yükseköğretim kurumları ile mahalli idareler ve bu idarelere bağlı genel müdürlüklerde 5018 sayılı Kanun hükümlerine göre iç denetçi kadrolarına atananlardan;
D431: 1) 1-2 dereceden aylık alanlar | U431: 165
D432: 2) 3-4 dereceden aylık alanlar | U432: 163
D433: 3) Diğer derecelerden aylık alanlar | U433: 160
D434: 4) Bunların yardımcıları | U434: 155
A435: Kadro ve Görev Unvanı | U435: Ek Ödeme Oranı (%)
C436: i) Diğer belediyeler ve bunlara bağlı genel müdürlüklerin başmüfettiş ve müfettişlerinden;
D437: 1) 1-2 dereceden aylık alanlar | U437: 155
D438: 2) 3-4 dereceden aylık alanlar | U438: 150
D439: 3) Diğer derecelerden aylık alanlar | U439: 145
D440: 4) Bunların yardımcıları | U440: 140
C441: j) Bakanlık, müsteşarlık, başkanlık, bağımsız genel müdürlük taşra teşkilatları ile yükseköğretim kurumlarında ve mahalli idarelerde özel yarışma sınavı sonucunda mesleğe uzman ve denetmen yardımcısı olarak alınıp belirli süreli meslek içi eğitimden sonra özel bir yeterlik sınavı sonunda uzman ve denetmen unvanlı kadrolara (mevzuatı uyarınca sözkonusu kadrolara atananlar dahil) atananlar ile belediye iktisat müfettişlerinden;
D442: 1) 1-2 dereceden aylık alanlar | U442: 140
D443: 2) 3-4 dereceden aylık alanlar | U443: 135
D444: 3) Diğer derecelerden aylık alanlar | U444: 130
D445: 4) Bunların yardımcıları | U445: 125
C446: k) Raportör, mütercim, tercüman, çözümleyici, programcı, araştırmacı, muhasebeci, muhasip, kontrolör, antrenör, ayniyat saymanı, uzman, danışman, aktüer, araştırmacı, APK uzmanı, talim ve terbiye kurulu uzmanı, eğitim uzmanı, savunma uzmanı, sivil savunma uzmanı ve diğer uzman unvanlı kadrolarda bulunanlar
D447: 1) 1-2 dereceden aylık alanlar | U447: 115
D448: 2) 3-4 dereceden aylık alanlar | U448: 110
D449: 3) Diğer derecelerden aylık alanlar | U449: 100
C450: l) Şef, amir ve yardımcıları, zabıta başkomiseri ve komiseri, itfaiye başçavuşu, itfaiye çavuşu ve onbaşısı kadrolarında bulunanlardan;
D451: 1) 1-2 dereceden aylık alanlar | U451: 115
D452: 2) 3-4 dereceden aylık alanlar | U452: 105
D453: 3) Diğer derecelerden aylık alanlar | U453: 95
C454: m) Genel idare hizmetleri sınıfındaki diğer kadrolarda bulunanlardan;
D455: 1) 1-2 dereceden aylık alanlar | U455: 110
D456: 2) 3-4 dereceden aylık alanlar | U456: 100
D457: 3) 5-7 dereceden aylık alanlar | U457: 90
D458: 4) Diğer derecelerden aylık alanlar | U458: 85
B459: 2- Kadroları Teknik Hizmetler Sınıfında yer alan personel;
C460: a) Başmühendis, başmimar, mühendis, mimar, bölge plancısı ve şehir plancısı kadrolarında bulunanlardan;
D461: 1) 1-2 dereceden aylık alanlar | U461: 150
D462: 2) 3-4 dereceden aylık alanlar | U462: 140
D463: 3) Diğer derecelerden aylık alanlar | U463: 130
...

Sheet 375 S.K. EK VE DEĞİŞ G.MEV. (2
A1: 451
A2: 657 SAYILI DEVLET MEMURLARI KANUNU, 926 SAYILI TÜRK SİLAHLI KUVVETLERİ PERSONEL KANUNU, 2802 SAYILI HAKİMLER VE SAVCILAR KANUNU, 2914 SAYILI YÜKSEKÖĞRETİM PERSONEL KANUNU, 5434 SAYILI T.C. EMEKLİ SANDIĞI KANUNU İLE DİĞER BAZI KANUN VE KANUN HÜKMÜNDE KARARNAMELERDE DEĞİŞİKLİK YAPILMASI,DEVLET MEMURLARI VE DİĞER KAMU GÖREVLİLERİNE MEMURİYET TABAN AYLIĞI VE KIDEM AYLIĞI İLE EK TAZMİNAT ÖDENMESİ HAKKINDA KANUN HÜKMÜNDE KARARNAME
A3: Kanun Hük. Kar.nin Tarihi : 27.6.1989 No : 375
A4: Yetki Kanununun Tarihi : 12.3.1986 No : 3268
A5: 9.4.1987 No : 3347
A6: 12.10.1988 No : 3479
A7: 1.6.1989 No : 3569
A8: Yayımlandığı R. G. Tarihi : 30.6.1989 No : Mükerrer 20211
A9: V. Tertip Düsturun Cildi : Sh.:
A10: Madde 1 – (Değişik: 5/7/1991-KHK-433/11 md.; İptal: Ana.Mah'nin 5/5/1992 tarih ve E. 1991/33, K. 1992/32 sayılı Kararı ile; Yeniden düzenleme: 18/5/1994-KHK-527/28 md.)
A11: A) Aylıklarını 657 sayılı Devlet Memurları Kanunu, 926 sayılı Türk Silahlı Kuvvetleri Personel Kanunu, 3269 sayılı Uzman Erbaş Kanunu, 3466 sayılı Uzman Jandarma Kanunu, 2914 sayılı Yükseköğretim Personel Kanunu ve 2802 sayılı Hakimler ve Savcılar Kanununa göre almakta olan personele 1000 gösterge rakamı üzerinden memuriyet taban aylığı ödenir. (1)
A12: Birinci fıkra kapsamına girenlere her bir hizmet yılı için 15 (20) gösterge rakamı karşılığı kıdem aylığı ödenir. Ancak 25 ve daha fazla hizmet yılını dolduranlar için gösterge rakamı 375 (500) olarak uygulanır. (2)
A13: Hizmet yılları itibariyle ödenecek kıdem aylığının tesbitinde kazanılmış hak aylığının hesabında değerlendirilen süreler esas alınır. Memuriyet taban ve kıdem aylığı miktarları, bunların göstergelerine 657 sayılı Devlet Memurları Kanununun 154 üncü maddesine göre tesbit olunan katsayılar uygulanmak suretiyle belirlenir. Memuriyet taban aylığı göstergesi için farklı katsayı tespit edile bilir. Kıdem ve memuriyet taban aylığı göstergelerini üç katına kadar artırmaya Bakanlar Kurulu yetkilidir.
... A44: Madde 3 – 657 sayılı Devlet Memurları Kanunu, 926 sayılı Türk Silahlı Kuvvetleri Personel Kanunu, 2914 sayılı Yükseköğretim Personel Kanunu, 2802 sayılı Hakimler ve Savcılar Kanunu ve diğer kanunlar uyarınca ek göstergeden yararlanan personelin ek gösterge rakamları aşağıdaki şekilde değiştirilmiştir.
B45: a) Genelkurmay Başkanı, | U45: 4500
B46: b) Orgeneral ve Oramiral olmak kaydıyla Kuvvet Komutanları ve Jandarma Genel Komutanı, | U46: 4200
B47: c) Orgeneral-Oramiraller, Anayasa Mahkemesi Başkanı, Yargıtay Başkanı, Danıştay Başkanı ve Başbakanlık Müsteşarı, | U47: 4000
B48: d) Korgeneral-Koramiraller, Uyuşmazlık Mahkemesi Başkanı, Sayıştay Başkanı, Yargıtay Cumhuriyet Başsavcısı, Danıştay Başsavcısı, | U48: 3800
B49: e) (Değişik: 25/1/1990-KHK-402/2 md.) Tümgeneral-Tümamiraller, Anayasa Mahkemesi, Yargıtay ve Danıştay Üyeleri, Yargıtay Cumhuriyet Başsavcısı Vekili, Birinci Sınıf Hakim ve Savcılar, Müsteşarlar, Talim ve Terbiye Kurulu Başkanı, | U49: 3500
B50: f) Başbakanlık Müsteşar yardımcıları, | U50: 2600
B51: g) (Ek: 23/10/1989-KHK-386/2 md.) Talim ve Terbiye Kurulu Üyesi | U51: 2400
A52: Yukarıda unvan olarak sayılanlar dışında kalan personelin halen uygulanmakta olan ek gösterge rakamları, aşağıda gösterildiği şekilde değiştirilmiştir.
A53: 30.6.1989 itibariyle 15.7.1989 tarihinden uygulanmakta olan itibaren uygulanacak
R54: Ek Göstergeler | U54: Ek Göstergeler
R55: 3300 | U55: 3800
R56: 3000 | U56: 3500
R57: 2700 | U57: 3200
R58: 2400 | U58: 2900
A59: 30.6.1989 itibariyle 15.7.1989 tarihinden uygulanmakta olan itibaren uygulanacak
R60: Ek Göstergeler | U60: Ek Göstergeler
R61: l950 | U61: 2400
R62: 1800 | U62: 2150
R63: 1650 | U63: 2000
R64: 1500 | U64: 1800
R65: 1200 | U65: 1500
R66: 900 | U66: 1100
R67: 600 | U67: 750
R68: 450 | U68: 550
R69: 300 | U69: 400
R70: 150 | U70: 200
A71: Madde 4 - 12 – (14/7/1965 tarih ve 657 sayılı Kanunun 36/A - 11, 43/B-k, 68/B-c, 79,146,202,213 üncü maddeden sonra gelen Ek Madde ile Ek 23 üncü maddelerinin değiştirilmesi ile ilgili olup, yerlerine işlenmiştir.)
A72: Madde 13 – (13/3/1981 tarih ve 2424 sayılı Kanunun 1 inci maddesinin değiştirilmesi ile ilgili olup, yerine işlenmiştir.)
A73: Madde 14 – (23/1/1981 tarih ve 2377 sayılı Kanunun 1 inci maddesinin değiştirilmesi ile ilgili olup, yerine işlenmiştir.)
A74: Madde 15 – (10/10/1984 tarih ve 3056 sayılı Kanunun 31 inci maddesinin değiştirilmesi ile ilgili olup, yerine işlenmiştir.)
A75: Madde 16 – (4/11/1981 tarih ve 2547 sayılı Kanunun 58 inci maddesinin değiştirilmesi ile ilgili olup, yerine işlenmiştir.)
A76: Madde 17-18 – (11/10/1983 tarih ve 2914 sayılı Kanunun 11 ve 12. maddelerinin değiştirilmesi ile ilgili olup, yerine işlenmiştir.)
A77: Madde 19 – (24/2/1983 tarih ve 2802 sayılı Kanunun 106 ncı maddesinde değiklik yapılması ile ilgili olup,yerine işlenmiştir.)
A78: Madde 20 – (Mülga: 10/9/1993-KHK-524/13 md.)
A79: Madde 21 – (24/2/1983 tarih ve 2802 Sayılı Kanuna bir Ek Madde eklenmesi ile ilgili olup, yerine işlenmiştir.)
A80: Madde 22 – (13/1/1943 tarih ve 4358 sayılı Kanunun 14 üncü maddesi ile ilgili olup, yerine işlenmiştir.)
A81: Madde 23 - 25 – (27/7/1967 tarih ve 926 sayılı Kanunun 49/f, 137/fıkra 4-c, Ek 17 nci maddelerinin değiştirilmesi ve Ek 5 inci Maddenin yürürlükten kaldırılması ile ilgili olup, yerlerine işlenmiştir.)
A82: Madde 26 – (8/6/1949 tarih ve 5434 sayılı Kanunun 14 üncü maddesinin değiştirilmesi ile ilgili olup, yerine işlenmiştir.)
... A433: EK ÖDEME ORANLARI
A434: Kadro ve Görev Unvanı | U434: Ek Ödeme Oranı (%)
A436: A- Aylıklarını 657 sayılı Devlet Memurları Kanununa Göre Alanlar:
B437: 1- Kadroları Genel İdare Hizmetleri Sınıfında yer alan personel ile Teknik Hizmetler, Sağlık ve Yardımcı Sağlık Hizmetleri ile Avukatlık Hizmetleri sınıflarında bulunan personelden ek ödeme oranları ilgili gruplarında düzenlenmeyen ve kadro unvanları bu bölümde yer alan personel;
C438: a) Ek göstergeleri 7.600 veya daha yüksek tespit edilen kadrolarda bulunanlar | U438: 200
C439: b) Ek göstergeleri 7.000 olarak tespit edilen kadrolarda bulunanlar | U439: 198
C440: c) Genel Müdür ile ek göstergeleri genel müdür düzeyinde veya daha yüksek tespit edilen kadrolarda bulunanlar | U440: 195
C441: ç) Ek göstergeleri 4.800 veya daha yüksek tespit edilen kadrolarda bulunanlar ile (b) sırasında sayılanların yardımcılarından (c) sırasında yer almayanlar | U441: 193
C442: d) Genel müdür yardımcısı, büyükşehir belediyesi bulunan illerin il özel idaresi genel sekreter yardımcısı, diğer illerin il özel idaresi genel sekreteri, büyükşehir belediyesi genel sekreter yardımcısı, ek göstergeleri genel müdür yardımcısı düzeyinde veya daha yüksek tespit edilen I. hukuk müşaviri, başkan yardımcısı ve kurum ve kurul başkanı unvanlı kadrolarda bulunanlar | U442: 190
C443: e) Daire Başkanı, kadrolu yönetim kurulu üyesi, genel sekreter, büyükşehir belediyesi bulunan illerin il özel idaresi I. hukuk müşaviri, büyükşehir belediyesi bulunmayan illerin il özel idaresi genel sekreter yardımcısı, diğer I. hukuk müşaviri, il belediye başkan yardımcısı | U443: 185
C444: f) Bağlı ve ilgili kuruluş il müdürleri, milli emlak dairesi başkanı, yükseköğretim kurumları daire başkanları, bölge müdürü, Atatürk Orman Çiftliği müdürü, büyükşehirlerin merkez ilçelerinin belediye başkan yardımcıları, KİT’lerde başmüdür, kombina, fabrika, müessese ve işletme müdürleri, defterdar yardımcısı, gelir idaresi grup müdürü, il müftü yardımcısı, bakanlık, müsteşarlık, başkanlık ve bağımsız genel müdürlüklerin bölge müdür yardımcısı ve il müdür yardımcısı, (ç), (d) ve (e) sıralarında sayılanların yardımcıları | U444: 180
C445: g) İl nüfus ve vatandaşlık müdürü, il yazı işleri müdürü, il idare kurulu müdürü, il mahalli idare müdürü, il planlama ve koordinasyon müdürü, dernekler il müdürü, il afet ve acil durum müdürü, hukuk müşaviri, fakülte ve yüksekokul sekreteri, basın ve halkla ilişkiler müşaviri, basın müşaviri, müşavir, müdür, şube müdürü, ilçe müftüsü, başkan, daire başkan yardımcısı, kurum sekreteri, merkez sekreteri, enstitü sekreteri, genel sekreter yardımcısı, birlik sekreteri, müze başkanı, KİT’lerde başuzman, diğer belediye başkan yardımcıları ve (f) sırasında sayılanların yardımcıları | U445: 170
C446: ğ) Savunma sekreteri, sayman, müdür yardımcısı ile başkan yardımcısı unvanlı kadrolarda bulunanlar | U446: 165
C447: h) Milli Savunma Bakanlığı ile Türk Silahlı Kuvvetlerinde istisnai memur kadrolarında bulunanlardan ek ödemeleri kadro unvanları itibarıyla bu Cetvelin diğer gruplarında veya bu grubun diğer sıralarında daha yüksek belirlenmemiş olanlar, Sivil Havacılık Genel Müdürlüğünde ilgili mevzuat hükümleri uyarınca teknik denetçi olarak görevlendirilenlerden ek ödemeleri kadro unvanları itibarıyla bu Cetvelin diğer gruplarında veya bu grubun diğer sıralarında daha yüksek belirlenmemiş olanlar | U447: 145
C448: ı) Büyükşehir belediyeleri ile bunlara bağlı genel müdürlüklerin başmüfettiş ve müfettiş kadrolarında bulunanlar, yükseköğretim kurumları ile mahalli idareler ve bu idarelere bağlı genel müdürlüklerde 5018 sayılı Kanun hükümlerine göre iç denetçi kadrolarına atananlardan;
D449: 1) 1-2 dereceden aylık alanlar | U449: 165
D450: 2) 3-4 dereceden aylık alanlar | U450: 163
D451: 3) Diğer derecelerden aylık alanlar | U451: 160
D452: 4) Bunların yardımcıları | U452: 155
A453: Kadro ve Görev Unvanı | U453: Ek Ödeme Oranı (%)
C454: i) Diğer belediyeler ve bunlara bağlı genel müdürlüklerin başmüfettiş ve müfettişlerinden;
D455: 1) 1-2 dereceden aylık alanlar | U455: 155
D456: 2) 3-4 dereceden aylık alanlar | U456: 150
D457: 3) Diğer derecelerden aylık alanlar | U457: 145
D458: 4) Bunların yardımcıları | U458: 140
C459: j) Bakanlık, müsteşarlık, başkanlık, bağımsız genel müdürlük taşra teşkilatları ile yükseköğretim kurumlarında ve mahalli idarelerde özel yarışma sınavı sonucunda mesleğe uzman ve denetmen yardımcısı olarak alınıp belirli süreli meslek içi eğitimden sonra özel bir yeterlik sınavı sonunda uzman ve denetmen unvanlı kadrolara (mevzuatı uyarınca sözkonusu kadrolara atananlar dahil) atananlar ile belediye iktisat müfettişlerinden;
D460: 1) 1-2 dereceden aylık alanlar | U460: 140
D461: 2) 3-4 dereceden aylık alanlar | U461: 135
D462: 3) Diğer derecelerden aylık alanlar | U462: 130
D463: 4) Bunların yardımcıları | U463: 125
C464: k) Raportör, mütercim, tercüman, çözümleyici, programcı, araştırmacı, muhasebeci, muhasip, kontrolör, antrenör, ayniyat saymanı, uzman, danışman, aktüer, araştırmacı, APK uzmanı, talim ve terbiye kurulu uzmanı, eğitim uzmanı, savunma uzmanı, sivil savunma uzmanı ve diğer uzman unvanlı kadrolarda bulunanlar
D465: 1) 1-2 dereceden aylık alanlar | U465: 115
D466: 2) 3-4 dereceden aylık alanlar | U466: 110
D467: 3) Diğer derecelerden aylık alanlar | U467: 100
C468: l) Şef, amir ve yardımcıları, zabıta başkomiseri ve komiseri, itfaiye başçavuşu, itfaiye çavuşu ve onbaşısı kadrolarında bulunanlardan;
D469: 1) 1-2 dereceden aylık alanlar | U469: 115
D470: 2) 3-4 dereceden aylık alanlar | U470: 105
D471: 3) Diğer derecelerden aylık alanlar | U471: 95
C472: m) Genel idare hizmetleri sınıfındaki diğer kadrolarda bulunanlardan;
D473: 1) 1-2 dereceden aylık alanlar | U473: 110
D474: 2) 3-4 dereceden aylık alanlar | U474: 100
D475: 3) 5-7 dereceden aylık alanlar | U475: 90
D476: 4) Diğer derecelerden aylık alanlar | U476: 85
B477: 2- Kadroları Teknik Hizmetler Sınıfında yer alan personel;
C478: a) Başmühendis, başmimar, mühendis, mimar, bölge plancısı ve şehir plancısı kadrolarında bulunanlardan;
D479: 1) 1-2 dereceden aylık alanlar | U479: 150
D480: 2) 3-4 dereceden aylık alanlar | U480: 140
D481: 3) Diğer derecelerden aylık alanlar | U481: 130
...

Sheet YAN ÖDEME VE ÖZ.HİZ
A1: 5 Mayıs 2006 CUMA - Sayı : 26159
A2: BAKANLAR KURULU KARARI
A3: Karar Sayısı : 2006/10344
A4: Ekli “Devlet Memurlarına Ödenecek Zam ve Tazminatlara İlişkin Karar”ın yürürlüğe konulması; Devlet Personel Başkanlığının görüşüne dayanan Maliye Bakanlığının 10/4/2006 tarihli ve 5760 sayılı yazısı üzerine, 657 sayılı Devlet Memurları Kanununun 152 nci maddesine göre, Bakanlar Kurulu’nca 17/4/2006 tarihinde kararlaştırılmıştır.
A5: DEVLET MEMURLARINA ÖDENECEK ZAM VE TAZMİNATLARA İLİŞKİN KARAR
A7: Kapsam ve dayanak
A8: MADDE 1 - (1) 657 sayılı Devlet Memurları Kanunu ile aynı Kanunun ek geçici 9 uncu maddesi kapsamına giren kurumlardan aylık alanlara, bu Kanunun 152 nci maddesine göre 2006 yılında;
A9: a) Ödenecek “İş Güçlüğü, İş Riski, Temininde Güçlük ve Mali Sorumluluk Zammı”, bu Karara ekli I sayılı Cetvelde,
A10: b) Ödenecek “Özel Hizmet Tazminatı”, bu Karara ekli II sayılı Cetvelde,
A11: c) Ödenecek “Diğer Tazminatlar”, bu Karara ekli III sayılı Cetvelde,
A12: ç) Teknik ve sağlık hizmetler sınıflarına dahil kadrolarda bulunan personele, bazı yörelerde verilecek ek zam ve tazminatların belirlenmesinde esas alınacak yerleşim birimleri “Kalkınmada Öncelikli Yörelerin Dereceleri” başlığı ile, bu Karara ekli IV sayılı Cetvelde,
A13: d) Milli Eğitim Bakanlığına bağlı Mesleki ve Teknik Okul ve Kurumlardan, ilave Eğitim-Öğretim Tazminatı ödenecek olanların listesi, bu Karara ekli V sayılı Cetvelde,
... A148: GENEL İDARE HİZMETLERİ BÖLÜMÜ
A150: S. No | B150: KADRO (GÖREV) UNVANI | H150: İş | J150: İş | L150: Tem. | N150: Mali
H151: Güçlüğü | J151: Riski | L151: Güçlük | N151: Sorum.
H152: Zammı | J152: Zammı | L152: Zammı | N152: Zammı
A153: 1 | B153: Müsteşar:
C154: a) Başbakanlık Müsteşarı...................................... | G154: : | H154: 2000 | J154: - | L154: 2500 | N154: -
C155: b) Diğerleri............................................................ | G155: : | H155: 1800 | J155: - | L155: 2200 | N155: -
A156: 2 | B156: Avrupa Birliği Genel Sekreteri…………………….... | H156: 1800 | J156: - | L156: 2200 | N156: -
A157: 3 | B157: Müsteşar Yardımcısı:
C158: a) Başbakanlık....................................................... | G158: : | H158: 1200 | J158: - | L158: 1600 | N158: -
C159: b) Diğerleri............................................................ | G159: : | H159: 975 | J159: - | L159: 975 | N159: -
A160: 4 | B160: Müşavir:
C161: a) Başbakan Müşaviri............................................ | G161: : | H161: 975 | J161: - | L161: 975 | N161: -
C162: b) Başbakanlık, Bakanlık, Müsteşarlık Müşaviri.. | G162: : | H162: 950 | J162: - | L162: 750 | N162: -
A163: 5 | B163: Kurul Başkanı:
C164: a) Bakanlık ve Müsteşarlık................................... | G164: : | H164: 975 | J164: - | L164: 975 | N164: -
C165: b) Diğerleri............................................................ | G165: : | H165: 800 | J165: - | L165: 900 | N165: -
A166: 6 | B166: Genel Müdür, Strateji Geliştirme Başkanı,
C167: Avrupa Birliği Genel Sekreter Yard………………… | G167: : | H167: 975 | J167: - | L167: 975 | N167: -
A168: 7 | B168: Genel Müdür Yardımcısı, Yüksek Fen Kurulu Üyesi
B169: Kadrolu Yönetim Kurulu Üyesi……………….…….. | G169: : | H169: 800 | J169: - | L169: 900 | N169: -
A170: 8 | B170: Daire Başkanı.............................................................. | G170: : | H170: 800 | J170: - | L170: 900 | N170: -
A171: 9 | B171: Hukuk Müşavirliği:
C172: a) 1. Hukuk Müşaviri............................................ | G172: : | H172: 975 | J172: - | L172: 800 | N172: -
C173: b) Diğerleri............................................................ | G173: : | H173: 800 | J173: - | L173: 750 | N173: -
C174: c) Raportör (Hukuk Fakültesi Mezunu)................ | G174: : | H174: 650 | J174: - | L174: 300 | N174: -
A175: 10 | B175: Avukat......................................................................... | G175: : | H175: 800 | J175: 750 | L175: - | N175: -
A176: 11 | B176: a) Savunma Sekreteri:
C177: - Başbakanlıkta (Merkez Teşkilatı)....................... | G177: : | H177: 800 | J177: - | L177: 900 | N177: -
C178: - Bakanlıklarda...................................................... | G178: : | H178: 800 | J178: - | L178: 800 | N178: -
C179: - Diğer Yerlerde.................................................... | G179: : | H179: 800 | J179: - | L179: 500 | N179: -
B180: b) Savunma Uzmanı, Sivil Savunma Uzmanı............. | G180: : | H180: 650 | J180: - | L180: 450 | N180: -
A181: 12 | B181: Müşavir, Basın ve Halkla İlişkiler Müşaviri............... | G181: : | H181: 725 | J181: - | L181: - | N181: -
A182: 13 | B182: Bölge Başmüdürü, Başmüdür, Bölge Müdürü............ | G182: : | H182: 850 | J182: - | L182: 550 | N182: -
A183: 14 | B183: 13 üncü sırada sayılanların yardımcıları..................... | G183: : | H183: 650 | J183: - | L183: 500 | N183: -
A184: 15 | B184: Fen ve Tetkik Kurulu Başkan ve Üyeleri.................... | G184: : | H184: 650 | J184: - | L184: 500 | N184: -
A185: 16 | B185: Bilgi İşlem:
C186: a) BİM Müdürü, BİM Şube Müdürü..................... | G186: : | H186: 800 | J186: - | L186: 900 | N186: -
C187: b) BİM Müdür Yardımcısı..................................... | G187: : | H187: 750 | J187: - | L187: 800 | N187: -
C188: c) Çözümleyici, Programcı.................................... | G188: : | H188: 750 | J188: - | L188: 650 | N188: -
C189: d) Çözümleyici Yardımcısı, Programcı Yard........ | G189: : | H189: 750 | J189: - | L189: 500 | N189: -
C190: e) Bilgisayar İşletmeni........................................... | G190: : | H190: 750 | J190: - | L190: 250 | N190: -
A191: 17 | B191: Veri Hazırlama ve Kontrol İşletmeni.......................... | G191: : | H191: 750 | J191: - | L191: 250 | N191: -
A192: 18 | B192: Fabrika, Kombina, İşletme:
C193: a) Müdür................................................................ | G193: : | H193: 800 | J193: - | L193: 650 | N193: -
C194: b) Müdür Yardımcısı............................................. | G194: : | H194: 650 | J194: - | L194: 500 | N194: -
A195: 19 | B195: Özel Kalem Müdürü:
C196: a) Başbakanlıkta.................................................... | G196: : | H196: 975 | J196: - | L196: 975 | N196: -
C197: b) Bakanlıklarda (Devlet Bakanlıkları dahil)........ | G197: : | H197: 800 | J197: - | L197: 900 | N197: -
A198: 20 | B198: YÖK Genel Sekreteri.................................................. | G198: : | H198: 975 | J198: - | L198: 975 | N198: -
A199: 21 | B199: Üniversitelerarası Kurul, ÖSYM ve Üniversite Genel
B200: Sekreteri...................................................................... | G200: : | H200: 800 | J200: - | L200: 900 | N200: -
A201: 22 | B201: Fakülte, Yüksekokul, Enstitü Sekreteri, TODAİE
C202: Genel Sekreteri, Türkiye Adalet Akademisi Gen.Sek. | G202: : | H202: 600 | J202: - | L202: 700 | N202: -
A203: 23 | B203: a) 20 ve 21 inci sıralarda sayılanların Yardımcıları.... | G203: : | H203: 800 | J203: - | L203: 900 | N203: -
B204: b) Yüksek Hakem Kurulu Genel Sekreteri................. | G204: : | H204: 800 | J204: - | L204: 700 | N204: -
A205: 24 | B205: a) İl Müdürü, Özel Çevre Koruma Müdürü................ | G205: : | H205: 700 | J205: - | L205: 700 | N205: -
B206: b) Bunların Yardımcıları............................................. | G206: : | H206: 600 | J206: - | L206: 600 | N206: -
A207: 25 | B207: Şube Müdürü, Müdür, APK Uzmanı, Avrupa Birliği Uzmanı
C208: a) Kadro derecesi (1-4) olan.................................. | G208: : | H208: 600 | J208: - | L208: 500 | N208: -
C209: b) Diğerleri............................................................ | G209: : | H209: 550 | J209: - | L209: 400 | N209: -
C210: c) Avrupa Birliği Uzman Yardımcısı.................... | G210: : | H210: 500 | J210: - | L210: 300 | N210: -
A211: 26 | B211: Uzman, Araştırmacı, Aktüer:
C212: a) Kadro derecesi (1-4) olan.................................. | G212: : | H212: 600 | J212: - | L212: 300 | N212: -
C213: b) Diğerleri............................................................ | G213: : | H213: 550 | J213: - | L213: 300 | N213: -
C214: c) Uzman Yardımcısı............................................ | G214: : | H214: 525 | J214: - | L214: 150 | N214: -
A215: 27 | B215: a) Müdür Yardımcısı................................................... | G215: : | H215: 550 | J215: - | L215: 200 | N215: -
B216: b) Şef, Koruma ve Güvenlik Amiri............................. | G216: : | H216: 500 | J216: - | L216: 200 | N216: -
A217: 28 | B217: Kütüphaneci (Fakültelerin Kütüphanecilik bölümün-
B218: den mezun olanlar)...................................................... | G218: : | H218: 500 | J218: - | L218: 400 | N218: -
A219: 29 | B219: Tercüman, Mütercim................................................... | G219: : | H219: 500 | J219: - | L219: 500 | N219: -
A220: 30 | B220: İnfaz ve Koruma Başmemuru..................................... | G220: : | H220: 700 | J220: 600 | L220: 600 | N220: -
A221: 31 | B221: İnfaz ve Koruma Memuru........................................... | G221: : | H221: 600 | J221: 600 | L221: 500 | N221: -
A222: 32 | B222: Her Derece Yargı Organları ve Seçim Kurullarında
C223: Görevli:
C224: a) Müdür:
C225: - Kadro derecesi (1-2) olan.................................... | G225: : | H225: 900 | J225: - | L225: 900 | N225: -
C226: - Kadro derecesi (3-4) olan.................................... | G226: : | H226: 900 | J226: - | L226: 800 | N226: -
C227: - Diğerleri.............................................................. | G227: : | H227: 800 | J227: - | L227: 750 | N227: -
C228: b) Şef, Zabıt Katibi...................................................... | G228: : | H228: 700 | J228: - | L228: 600 | N228: -
A229: 33 | B229: Gişe Memuru (Boğaziçi ve Fatih Sultan Mehmet
B230: Köprüleri ve Otoyollarda)........................................... | G230: : | H230: 500 | J230: 500 | L230: - | N230: 700
A231: 34 | B231: İtfaiye Teşkilatı:
C232: a) Müdür Yardımcısı, Grup Amiri.............................. | G232: : | H232: 500 | J232: - | L232: 200 | N232: -
C233: b) Amir, İtfaiyeci, Başçavuş, Çavuş, Onbaşı, Er,
C234: Operatör, Şoför............................................................ | G234: : | H234: 500 | J234: 200 | L234: - | N234: -
A235: 35 | B235: Veznedar, Tahsildar.................................................... | G235: : | H235: 500 | J235: - | L235: - | N235: 700
A236: 36 | B236: Sayıştay’a hesap vermekle yükümlü:
...

Sheet 666 S.K.H.K
A1: 2 Kasım 2011 ÇARŞAMBA | D1: Resmî Gazete | G1: Sayı : 28103 (Mükerrer)
A2: KANUN HÜKMÜNDE KARARNAME
A3: KAMU GÖREVLİLERİNİN MALİ HAKLARININ DÜZENLENMESİ AMACIYLA
A4: BAZI KANUN VE KANUN HÜKMÜNDE KARARNAMELERDE
A5: DEĞİŞİKLİK YAPILMASINA DAİR KANUN
A6: HÜKMÜNDE KARARNAME
A7: Karar Sayısı: KHK/666
A8: Kamu görevlilerinin bazı mali haklarına ilişkin düzenleme yapılması; 6/4/2011 tarihli ve 6223 sayılı Kanunun verdiği yetkiye dayanılarak, Bakanlar Kurulu’nca 11/10/2011 tarihinde kararlaştırılmıştır.
A9: MADDE 1-27/6/1989 tarihli ve 375 sayılı Kanun Hükmünde Kararnameye aşağıdaki ek maddeler eklenmiştir.
A10: “EK MADDE 9- Aylıklarını 657 sayılı Devlet Memurları Kanunu ile 2914 sayılı Yükseköğretim Personel Kanununa göre almakta olan personele, 399 sayılı Kanun Hükmünde Kararnameye ekli (II) sayılı Cetvele dahil pozisyonlarda istihdam edilen sözleşmeli personele, subay, sözleşmeli subay, astsubay, sözleşmeli astsubay, sözleşmeli subay ve astsubay adayları ile uzman jandarma ve uzman erbaşlara, mali haklar kapsamında yapılan her türlü ödemeler dahil almakta oldukları toplam ödeme tutarı dikkate alınmak suretiyle aynı veya benzer kadro ve görevlerde bulunan personel arasındaki ücret dengesini sağlamak amacıyla, en yüksek Devlet memuru aylığına (ek gösterge dahil), ekli (I) sayılı Cetvelde yer alan kadro ve görev unvanlarına karşılık gelen oranların uygulanması suretiyle hesaplanan tutarda ek ödeme yapılır.
A11: Ek ödemeye hak kazanılmasında ve bu ödemenin yapılmasında aylıklara ilişkin hükümler uygulanır. Bu maddeye göre yapılacak ek ödeme damga vergisi hariç herhangi bir vergiye tabi tutulmaz ve ilgili mevzuatı uyarınca ödenmekte olan zam, tazminat, ödenek, döner sermaye ödemesi, ikramiye, ücret ve her ne ad altında olursa olsun yapılan benzeri ödemelerin hesabında dikkate alınmaz.
A12: Birinci fıkra kapsamına giren personelden; 4/1/1961 tarihli ve 209 sayılı Kanunun 5 inci maddesinin ikinci fıkrası, 4/11/1981 tarihli ve 2547 sayılı Kanunun 58 inci maddesinin (c) ve (f) fıkraları ve 14/4/1982 tarihli ve 2659 sayılı Kanunun 30 uncu maddesi kapsamında döner sermayeden ek ödeme yapılan personele, 27/7/1967 tarihli ve 926 sayılı Kanunun ek 17 nci maddesinin (Ç) fıkrası uyarınca sağlık hizmetleri tazminatı ödenen personele, 27/10/1999 tarihli ve 4458 sayılı Kanunun 221 inci maddesi, 16/5/2006 tarihli ve 5502 sayılı Kanunun 28 inci maddesinin sekizinci fıkrası ve 663 sayılı Kanun Hükmünde Kararnamenin 28 inci maddesinin dördüncü fıkrası uyarınca ödeme yapılan personele, sözkonusu mevzuat hükümlerine göre ödeme yapılmaya devam olunur ve bunlara bu maddeye göre ayrıca ek ödeme yapılmaz. Bu fıkra kapsamında yer alan idarelerin döner sermaye saymanlık hizmetlerini yürüten personele sözkonusu mevzuat uyarınca döner sermaye gelirlerinden herhangi bir ödeme yapılmaz.
A13: Birinci fıkra kapsamına giren personelden; 21/12/1967 tarihli ve 969 sayılı Kanunun 3 üncü maddesinin son fıkrasında öngörülen ödemelerden yararlananlara, birinci fıkraya göre ödeme yapılmaz. Ancak üretimi teşvik primi ödenen personele, ödemenin yapıldığı tarih ile bir sonraki yılda yapılacağı tarih arasındaki dönemde birinci fıkra uyarınca kadro veya pozisyon unvanları için ödenmesi öngörülen ek ödemenin toplam net tutarı, anılan 3 üncü maddeye göre ödenen üretimi teşvik priminin net tutarına ulaştığı tarihten itibaren birinci fıkraya göre ödeme yapılmaya başlanır.
... A410: EK ÖDEME ORANLARI
A412: Kadro ve Görev Unvanı | J412: Ek Ödeme Oranı
J413: (%)
A414: A- Aylıklarını 657 sayılı Devlet Memurları Kanununa Göre Alanlar:
A415: 1- Kadroları Genel İdare Hizmetleri Sınıfında yer alan personel ile Teknik Hizmetler, Sağlık ve Yardımcı Sağlık Hizmetleri ile Avukatlık Hizmetleri sınıflarında bulunan personelden ek ödeme oranları ilgili gruplarında düzenlenmeyen ve kadro unvanları bu bölümde yer alan personel;
A416: a) Ek göstergeleri 7.600 veya daha yüksek tespit edilen kadrolarda bulunanlar | J416: 200
A417: b) Ek göstergeleri 7.000 olarak tespit edilen kadrolarda bulunanlar | J417: 198
A418: c) Genel Müdür ile ek göstergeleri genel müdür düzeyinde veya daha yüksek tespit edilen kadrolarda bulunanlar | J418: 195
A419: ç) Ek göstergeleri 4.800 veya daha yüksek tespit edilen kadrolarda bulunanlar ile (b) sırasında sayılanların yardımcılarından (c) sırasında yer almayanlar | J419: 193
A420: d) Genel müdür yardımcısı, büyükşehir belediyesi bulunan illerin il özel idaresi genel sekreter yardımcısı, diğer illerin il özel idaresi genel sekreteri, büyükşehir belediyesi genel sekreter yardımcısı, ek göstergeleri genel müdür yardımcısı düzeyinde veya daha yüksek tespit edilen I. hukuk müşaviri, başkan yardımcısı ve kurum ve kurul başkanı unvanlı kadrolarda bulunanlar | J420: 190
A421: e) Daire Başkanı, kadrolu yönetim kurulu üyesi, genel sekreter, büyükşehir belediyesi bulunan illerin il özel idaresi I. hukuk müşaviri, büyükşehir belediyesi bulunmayan illerin il özel idaresi genel sekreter yardımcısı, diğer I. hukuk müşaviri, il belediye başkan yardımcısı | J421: 185
A422: f) Bağlı ve ilgili kuruluş il müdürleri, milli emlak dairesi başkanı, yükseköğretim kurumları daire başkanları, bölge müdürü, Atatürk Orman Çiftliği müdürü, büyükşehirlerin merkez ilçelerinin belediye başkan yardımcıları, KİT’lerde başmüdür, kombina, fabrika, müessese ve işletme müdürleri, defterdar yardımcısı, gelir idaresi grup müdürü, il müftü yardımcısı, bakanlık, müsteşarlık, başkanlık ve bağımsız genel müdürlüklerin bölge müdür yardımcısı ve il müdür yardımcısı, (ç), (d) ve (e) sıralarında sayılanların yardımcıları | J422: 180
A423: g) İl nüfus ve vatandaşlık müdürü, il yazı işleri müdürü, il idare kurulu müdürü, il mahalli idare müdürü, il planlama ve koordinasyon müdürü, dernekler il müdürü, il afet ve acil durum müdürü, hukuk müşaviri, fakülte ve yüksekokul sekreteri, basın ve halkla ilişkiler müşaviri, basın müşaviri, müşavir, müdür, şube müdürü, ilçe müftüsü, başkan, daire başkan yardımcısı, kurum sekreteri, merkez sekreteri, enstitü sekreteri, genel sekreter yardımcısı, birlik sekreteri, müze başkanı, KİT’lerde başuzman, diğer belediye başkan yardımcıları ve (f) sırasında sayılanların yardımcıları | J423: 170
A424: ğ) Savunma sekreteri, sayman, müdür yardımcısı ile başkan yardımcısı unvanlı kadrolarda bulunanlar | J424: 165
A425: h) Milli Savunma Bakanlığı ile Türk Silahlı Kuvvetlerinde istisnai memur kadrolarında bulunanlardan ek ödemeleri kadro unvanları itibarıyla bu Cetvelin diğer gruplarında veya bu grubun diğer sıralarında daha yüksek belirlenmemiş olanlar, Sivil Havacılık Genel Müdürlüğünde ilgili mevzuat hükümleri uyarınca teknik denetçi olarak görevlendirilenlerden ek ödemeleri kadro unvanları itibarıyla bu Cetvelin diğer gruplarında veya bu grubun diğer sıralarında daha yüksek belirlenmemiş olanlar | J425: 145
A426: ı) Büyükşehir belediyeleri ile bunlara bağlı genel müdürlüklerin başmüfettiş ve müfettiş kadrolarında bulunanlar, yükseköğretim kurumları ile mahalli idareler ve bu idarelere bağlı genel müdürlüklerde 5018 sayılı Kanun hükümlerine göre iç denetçi kadrolarına atananlardan;
A427: 1) 1-2 dereceden aylık alanlar | J427: 165
A428: 2) 3-4 dereceden aylık alanlar | J428: 163
A429: 3) Diğer derecelerden aylık alanlar | J429: 160
A430: 4) Bunların yardımcıları | J430: 155
A431: i) Diğer belediyeler ve bunlara bağlı genel müdürlüklerin başmüfettiş ve müfettişlerinden;
A432: 1) 1-2 dereceden aylık alanlar | J432: 155
A433: 2) 3-4 dereceden aylık alanlar | J433: 150
A434: 3) Diğer derecelerden aylık alanlar | J434: 145
A435: 4) Bunların yardımcıları | J435: 140
A436: j) Bakanlık, müsteşarlık, başkanlık, bağımsız genel müdürlük taşra teşkilatları ile yükseköğretim kurumlarında ve mahalli idarelerde özel yarışma sınavı sonucunda mesleğe uzman ve denetmen yardımcısı olarak alınıp belirli süreli meslek içi eğitimden sonra özel bir yeterlik sınavı sonunda uzman ve denetmen unvanlı kadrolara (mevzuatı uyarınca sözkonusu kadrolara atananlar dahil) atananlar ile belediye iktisat müfettişlerinden;
A437: 1) 1-2 dereceden aylık alanlar | J437: 140
A438: 2) 3-4 dereceden aylık alanlar | J438: 135
A439: 3) Diğer derecelerden aylık alanlar | J439: 130
A440: 4) Bunların yardımcıları | J440: 125
A441: k) Raportör, mütercim, tercüman, çözümleyici, programcı, araştırmacı, muhasebeci, muhasip, kontrolör, antrenör, ayniyat saymanı, uzman, danışman, aktüer, araştırmacı, APK uzmanı, talim ve terbiye kurulu uzmanı, eğitim uzmanı, savunma uzmanı, sivil savunma uzmanı ve diğer uzman unvanlı kadrolarda bulunanlar
A442: 1) 1-2 dereceden aylık alanlar | J442: 115
A443: 2) 3-4 dereceden aylık alanlar | J443: 110
A444: 3) Diğer derecelerden aylık alanlar | J444: 100
A445: l) Şef, amir ve yardımcıları, zabıta başkomiseri ve komiseri, itfaiye başçavuşu, itfaiye çavuşu ve onbaşısı kadrolarında bulunanlardan;
A446: 1) 1-2 dereceden aylık alanlar | J446: 115
A447: 2) 3-4 dereceden aylık alanlar | J447: 105
A448: 3) Diğer derecelerden aylık alanlar | J448: 95
A449: m) Genel idare hizmetleri sınıfındaki diğer kadrolarda bulunanlardan;
A450: 1) 1-2 dereceden aylık alanlar | J450: 110
A451: 2) 3-4 dereceden aylık alanlar | J451: 100
A452: 3) 5-7 dereceden aylık alanlar | J452: 90
A453: 4) Diğer derecelerden aylık alanlar | J453: 85
A454: 2- Kadroları Teknik Hizmetler Sınıfında yer alan personel;
A455: a) Başmühendis, başmimar, mühendis, mimar, bölge plancısı ve şehir plancısı kadrolarında bulunanlardan;
A456: 1) 1-2 dereceden aylık alanlar | J456: 150
A457: 2) 3-4 dereceden aylık alanlar | J457: 140
A458: 3) Diğer derecelerden aylık alanlar | J458: 130
A459: b) Jeolog, hidrolog, hidrojeolog, jeofizikçi, kimyager, fizikçi, jeomorfolog, arkeolog, matematikçi, istatistikçi ve astronom kadrolarında bulunanlardan;
A460: 1) 1-2 dereceden aylık alanlar | J460: 120
A461: 2) 3-4 dereceden aylık alanlar | J461: 110
A462: 3) Diğer derecelerden aylık alanlar | J462: 100
A463: c) Ek ödeme oranları 1 nolu grupta düzenlenenler hariç, bu sınıfta yer alan diğer kadrolarda bulunanlardan;
A464: 1) 1-2 dereceden aylık alanlar | J464: 110
A465: 2) 3-4 dereceden aylık alanlar | J465: 100
A466: 3) 5-7 dereceden aylık alanlar | J466: 90
A467: 4) Diğer derecelerden aylık alanlar | J467: 85
A468: 3- Kadroları Sağlık Hizmetleri ve Yardımcı Sağlık Hizmetleri Sınıfında yer alan personel;
A469: a) Uzman tabiplerden;
A470: 1) 1-2 dereceden aylık alanlar | J470: 200
A471: 2) 3-4 dereceden aylık alanlar | J471: 190
A472: 3) Diğer derecelerden aylık alanlar | J472: 180
A473: b) Tabipler ve tıpta uzmanlık mevzuatında belirtilen dallarda bu mevzuat hükümlerine göre uzmanlık belgesi alanlardan;
A474: 1) 1-2 dereceden aylık alanlar | J474: 190
A475: 2) 3-4 dereceden aylık alanlar | J475: 180
A476: 3) Diğer derecelerden aylık alanlar | J476: 170
A477: c) Diş tabiplerinden;
A478: 1) 1-2 dereceden aylık alanlar | J478: 185
A479: 2) 3-4 dereceden aylık alanlar | J479: 175
A480: 3) Diğer derecelerden aylık alanlar | J480: 165
A481: ç) Veteriner hekim kadrolarında bulunanlardan;
A482: 1) 1-2 dereceden aylık alanlar | J482: 165
A483: 2) 3-4 dereceden aylık alanlar | J483: 155
A484: 3) Diğer derecelerden aylık alanlar | J484: 145
A485: d) Eczacı kadrolarında bulunanlardan;
A486: 1) 1-2 dereceden aylık alanlar | J486: 140
A487: 2) 3-4 dereceden aylık alanlar | J487: 130
A488: 3) Diğer derecelerden aylık alanlar | J488: 120
A489: e) Ek ödeme oranları 1 nolu grupta düzenlenenler hariç, bu sınıfta yer alan diğer personelden;
A490: 1) 1-2 dereceden aylık alanlar | J490: 115
A491: 2) 3-4 dereceden aylık alanlar | J491: 105
A492: 3) 5-7 dereceden aylık alanlar | J492: 95
A493: 4) Diğer derecelerden aylık alanlar | J493: 90
A494: 4- Kadroları Eğitim ve Öğretim Hizmetleri Sınıfında yer alan personel;
A495: a) Öğretmen kadrosunda (örgün ve yaygın eğitim kurumlarındaki öğretmen unvanlı kadrolardaki yöneticiler dâhil) bulunanlardan;
A496: 1) 1-2 dereceden aylık alanlar | J496: 65
A497: 2) 3-4 dereceden aylık alanlar | J497: 65
...

Sheet 659 S. K.H.K
A1: RESMİ GAZETDEKİ TAM METNİ | Q1: MEVZUAT GOV TR DEKİ İŞLENDİ İBARELİ ŞEKLİ
Q2: GENEL BÜTÇE KAPSAMINDAKİ KAMU İDARELERİ VE ÖZEL BÜTÇELİ İDARELERDE HUKUK HİZMETLERİNİN
Q3: YÜRÜTÜLMESİNE İLİŞKİN KANUN HÜKMÜNDE KARARNAME
A4: KANUN HÜKMÜNDE KARARNAME | Q4: Kanun Hük. Kar. nin Tarihi : 26/9/2011, No : 659
A5: GENEL BÜTÇE KAPSAMINDAKİ KAMU İDARELERİ VE ÖZEL BÜTÇELİ | Q5: Yetki Kanununun Tarihi : 6/4/2011, No : 6223
A6: İDARELERDE HUKUK HİZMETLERİNİN YÜRÜTÜLMESİNE | Q6: Yayımlandığı R.G. Tarihi : 2/11/2011, No : 28103
A7: İLİŞKİN KANUN HÜKMÜNDE KARARNAME | Q7: Yayımlandığı Düstur : Tertip : 5 Cilt : 51
A8: Karar Sayısı: KHK/659
A9: Genel bütçe kapsamındaki kamu idarelerinde ve özel bütçeli idarelerde hukuk hizmetlerinin yürütülmesine ilişkin esasların belirlenmesi ile bazı kanun ve kanun hükmünde kararnamelerde değişiklik yapılması; 6/4/2011 tarihli ve 6223 sayılı Kanunun verdiği yetkiye dayanılarak, Bakanlar Kurulu’nca 26/9/2011 tarihinde kararlaştırılmıştır. | Q9: Genel bütçe kapsamındaki kamu idarelerinde ve özel bütçeli idarelerde hukuk hizmetlerinin yürütülmesine ilişkin esasların belirlenmesi ile bazı kanun ve kanun hükmünde kararnamelerde değişiklik yapılması; 6/4/2011 tarihli ve 6223 sayılı Kanunun verdiği yetkiye dayanılarak, Bakanlar Kurulu’nca 26/9/2011 tarihinde kararlaştırılmıştır.
A10: Amaç ve kapsam | Q10: Amaç ve kapsam
A11: MADDE 1 ‒ (1) Bu Kanun Hükmünde Kararnamenin amacı; genel bütçe kapsamındaki kamu idareleri ve özel bütçeli idarelerin hukuk hizmetlerinin etkili, verimli ve usul ekonomisine uygun şekilde yerine getirilmesine ve bu hizmetlerin yürütülmesinde uygulama birliğinin sağlanmasına yönelik usul ve esasların belirlenmesidir. | Q11: MADDE 1 ‒ (1) Bu Kanun Hükmünde Kararnamenin amacı; genel bütçe kapsamındaki kamu idareleri ve özel bütçeli idarelerin hukuk hizmetlerinin etkili, verimli ve usul ekonomisine uygun şekilde yerine getirilmesine ve bu hizmetlerin yürütülmesinde uygulama birliğinin sağlanmasına yönelik usul ve esasların belirlenmesidir.
A12: Tanımlar | Q12: Tanımlar
A13: MADDE 2 ‒ (1) Bu Kanun Hükmünde Kararnamenin uygulanmasında; | Q13: MADDE 2 ‒ (1) Bu Kanun Hükmünde Kararnamenin uygulanmasında;
A14: a) Hukuk birimi: İdarelerde hukuk hizmetlerini yürüten birimi, | Q14: a) Hukuk birimi: İdarelerde hukuk hizmetlerini yürüten birimi,
A15: b) Hukuk hizmetleri: Muhakemat hizmetleri ile hukuk danışmanlığına ilişkin her türlü iş ve işlemleri, | Q15: b) Hukuk hizmetleri: Muhakemat hizmetleri ile hukuk danışmanlığına ilişkin her türlü iş ve işlemleri,
A16: c) Hukuki uyuşmazlık değerlendirme komisyonu: İdareler bünyesinde, üst yönetici tarafından oluşturulan, hukuk birimi amiri ve hukuki uyuşmazlıkla ilgili birim amirinin bulunduğu en az üç üyeden oluşan komisyonu, | Q16: c) Hukuki uyuşmazlık değerlendirme komisyonu: İdareler bünyesinde, üst yönetici tarafından oluşturulan, hukuk birimi amiri ve hukuki uyuşmazlıkla ilgili birim amirinin bulunduğu en az üç üyeden oluşan komisyonu,
A17: ç) İdare: 10/12/2003 tarihli ve 5018 sayılı Kamu Malî Yönetimi ve Kontrol Kanununa ekli (I) ve (II) sayılı cetvellerde belirtilen kamu idarelerini, | Q17: ç) İdare: 10/12/2003 tarihli ve 5018 sayılı Kamu Malî Yönetimi ve Kontrol Kanununa ekli (I) ve (II) sayılı cetvellerde belirtilen kamu idarelerini,
A18: d) İlgili bakan: İdarelerin bağlı, ilgili veya ilişkili olduğu bakanı, Yükseköğretim Kurulu ile Ölçme, Seçme ve Yerleştirme Merkezi Başkanlığı, üniversiteler ve yüksek teknoloji enstitüleri için Milli Eğitim Bakanını, | Q18: d) İlgili bakan: İdarelerin bağlı, ilgili veya ilişkili olduğu bakanı, Yükseköğretim Kurulu ile Ölçme, Seçme ve Yerleştirme Merkezi Başkanlığı, üniversiteler ve yüksek teknoloji enstitüleri için Milli Eğitim Bakanını,
A19: e) Üst yönetici: Milli Savunma Bakanlığında Bakanı, diğer bakanlıklarda müsteşarı ve kamu idarelerinde en üst yöneticiyi, | Q19: e) Üst yönetici: Milli Savunma Bakanlığında Bakanı, diğer bakanlıklarda müsteşarı ve kamu idarelerinde en üst yöneticiyi,
A20: ifade eder. | Q20: ifade eder.
... A112: MADDE 17 ‒ (1) 14/7/1965 tarihli ve 657 sayılı Devlet Memurları Kanununun; | Q112: MADDE 17 ‒ (1) (14/7/1965 tarihli ve 657 sayılı Devlet Memurları Kanunu ile ilgili olup yerine işlenmiştir.)
A113: a) 36 ncı maddesinin “Ortak Hükümler” bölümünün (A) fıkrasının (11) numaralı bendinde yer alan “Devlet Bütçe Uzman Yardımcıları, Mali Suçları Araştırma Uzman Yardımcıları,”, “Muhasebe ve Milli Emlak Denetmen Yardımcıları”, “Devlet Muhasebe Uzman Yardımcıları, Devlet Gelir Politikaları Uzman Yardımcıları, Devlet Malları Uzman Yardımcıları,”, “Devlet Bütçe Uzmanlığına, Mali Suçları Araştırma Uzmanlığına,”, “Muhasebe ve Milli Emlak Denetmenliğine”, “Devlet Muhasebe Uzmanlığına, Devlet Gelir Politikaları Uzmanlığına,” ve “Devlet Malları Uzmanlığına,” ibareleri yürürlükten kaldırılmış ve aynı bentte yer alan “Milli Emlak Uzman Yardımcıları,” ibaresi “Defterdarlık Uzman Yardımcıları,” ve “Milli Emlak Uzmanlığına,” ibaresi “Defterdarlık Uzmanlığına,” şeklinde değiştirilmiştir.
A114: b) 152 nci maddesinin “II ‒ Tazminatlar” kısmının “(A) Özel Hizmet Tazminatı” bölümünün (h) bendinde yer alan “Devlet Bütçe Uzmanları,” ibaresi “Maliye Uzmanları” şeklinde “Maliye Bakanlığı Muhasebe ve Milli Emlak Denetmenleri” ibaresi “Defterdarlık Uzmanları” şeklinde değiştirilmiş ve aynı bölümün (i) bendinde yer alan “Mali Suçları Araştırma Uzmanları, Devlet Muhasebe Uzmanları, Devlet Gelir Politikaları Uzmanları,”, “Devlet Malları Uzmanları, Maliye Uzmanları” ve “Milli Emlak Uzmanları,” ibareleri yürürlükten kaldırılmıştır.
A115: c) Eki (I) sayılı Ek Gösterge Cetvelinin “I ‒ Genel İdare Hizmetleri Sınıfı” bölümünün (g) bendinin sonuna “, Maliye Uzmanları” ibaresi eklenmiş, aynı bölümün (h) bendinde yer alan “Maliye Uzmanı,” ibaresi yürürlükten kaldırılmış ve aynı bende “Ürün Denetmenleri,” ibaresinden sonra gelmek üzere “Defterdarlık Uzmanları,” ibaresi eklenmiştir.
A116: ç) Eki (IV) sayılı Makam Tazminatı Cetvelinin 8 inci sırasının (b) bendinde yer alan “kazanılmış hak aylıkları birinci derecede” ibaresi “birinci dereceli kadroya atanmış” şeklinde değiştirilmiş ve aynı bende “Kalkınma Bakanlığı Planlama Uzmanları,” ibaresinden sonra gelmek üzere “Maliye Uzmanları,” ibaresi eklenmiştir.
A117: (2) 10/10/1984 tarihli ve 3056 sayılı Başbakanlık Teşkilatı Hakkında Kanun Hükmünde Kararnamenin Değiştirilerek Kabulü Hakkında Kanunun; | Q117: (2) (10/10/1984 tarihli ve 3056 sayılı Başbakanlık Teşkilatı Hakkında Kanun Hükmünde Kararname ile ilgili olup yerine işlenmiştir.)
A118: a) 19 uncu maddesinin birinci fıkrasının (c) bendinde yer alan “Hukuk Müşavirliği” ibaresi “Hukuk Hizmetleri Başkanlığı” şeklinde değiştirilmiştir.
A119: b) 22 nci maddesi başlığı ile birlikte aşağıdaki şekilde değiştirilmiştir.
A120: “Hukuk Hizmetleri Başkanlığı:
A121: MADDE 22 ‒ Hukuk Hizmetleri Başkanlığının görevleri şunlardır:
A122: a) Makamca veya bakanlıklarca sorulan hukuki konular ile hukuki, mali ve cezai sonuçlar doğuracak işlemler ve diğer hukuki uyuşmazlıklar hakkında görüş bildirmek,
A123: b) Başbakanlığın taraf olduğu hukuki uyuşmazlıkların sulh yoluyla halli veya vazgeçme işlemleri ile idarelerin taraf olduğu hukuki uyuşmazlıkların sulh yoluyla halli veya vazgeçme işlemlerinden Bakanlar Kurulu kararı alınması gerekenler hakkında hukuki görüş bildirmek,
A124: c) Başbakanlıkça Danıştay görüşü alınmasına ihtiyaç duyulan konularla ilgili işlemleri yürütmek,
A125: d) Başbakanlığın taraf veya müdahil olduğu, tahkim usulüne tabi olanlar dahil her türlü adli ve idari davalar ile icra işlerini takip ve müdafaa etmek, bunlara dair avukatlık hizmeti alınmasıyla ilgili işleri yürütmek ve bu hizmetleri denetlemek,
A126: e) Ulusal ve uluslararası mahkeme ve tahkim mercilerinde Türkiye Cumhuriyeti Hükümeti ya da idarelerin taraf veya müdahil oldukları her türlü davadan Başbakanlıkça takip edilmesi gerekli görülenleri ve bunlarla ilgili icra işlemlerini davaya taraf idarenin vekili sıfatıyla takip ve müdafaa etmek, birden fazla idarenin taraf olduğu dava ve icra işlemlerinin takibini koordine etmek.
A127: f) Makamca verilen benzeri görevleri yapmak.”
A128: c) Eki “Başbakanlık Merkez Teşkilatı” cetvelinin “Danışma ve Denetim Birimleri” bölümünde yer alan “3.Hukuk Müşavirliği” ibaresi “3.Hukuk Hizmetleri Başkanlığı” şeklinde değiştirilmiştir.
A129: (3) 10/12/2003 tarihli ve 5018 sayılı Kamu Malî Yönetimi ve Kontrol Kanununun;
... A199: (6) 3/6/2011 tarihli ve 641 sayılı Kalkınma Bakanlığının Teşkilat ve Görevleri Hakkında Kanun Hükmünde Kararnamenin 31 inci maddesinin ikinci fıkrasında yer alan “Mayıs ayı sonuna kadar” ibaresi “en geç Eylül ayının ilk haftası sonuna kadar” şeklinde değiştirilmiştir.
A200: Yürürlükten kaldırılan ve uygulanmayacak hükümler ile atıflar | Q200: Yürürlükten kaldırılan ve uygulanmayacak hükümler ile atıflar
A201: MADDE 18 ‒ (1) 2/2/1929 tarihli ve 1389 sayılı Devlet Davalarını İntaç Eden Avukat ve Saireye Verilecek Ücreti Vekâlet Hakkında Kanun yürürlükten kaldırılmıştır. Diğer mevzuatta 1389 sayılı Kanuna yapılan atıflar bu Kanun Hükmünde Kararnameye yapılmış sayılır. | Q201: MADDE 18 ‒ (1) 2/2/1929 tarihli ve 1389 sayılı Devlet Davalarını İntaç Eden Avukat ve Saireye Verilecek Ücreti Vekâlet Hakkında Kanun yürürlükten kaldırılmıştır. Diğer mevzuatta 1389 sayılı Kanuna yapılan atıflar bu Kanun Hükmünde Kararnameye yapılmış sayılır.
A202: (2) 8/1/1943 tarihli ve 4353 sayılı Maliye Vekâleti Başhukuk Müşavirliğinin ve Muhakemat Umum Müdürlüğünün Vazifelerine, Devlet Dâvalarının Takibi Usullerine ve Merkez ve Vilâyetler Kadrolarında Bazı Değişiklikler Yapılmasına Dair Kanun yürürlükten kaldırılmıştır. Diğer mevzuatta 4353 sayılı Kanuna yapılan atıflar ilgisine göre bu Kanun Hükmünde Kararnameye ve 178 sayılı Kanun Hükmünde Kararnameye yapılmış sayılır. | Q202: (2) 8/1/1943 tarihli ve 4353 sayılı Maliye Vekâleti Başhukuk Müşavirliğinin ve Muhakemat Umum Müdürlüğünün Vazifelerine, Devlet Dâvalarının Takibi Usullerine ve Merkez ve Vilâyetler Kadrolarında Bazı Değişiklikler Yapılmasına Dair Kanun yürürlükten kaldırılmıştır. Diğer mevzuatta 4353 sayılı Kanuna yapılan atıflar ilgisine göre bu Kanun Hükmünde Kararnameye ve 178 sayılı Kanun Hükmünde Kararnameye yapılmış sayılır.
A203: (3) 14/7/1965 tarihli ve 657 sayılı Devlet Memurları Kanununun 146 ncı maddesinin üçüncü fıkrası yürürlükten kaldırılmıştır. Diğer mevzuatta vekalet ücretinin ödenmesine ilişkin olarak 657 sayılı Kanunun 146 ncı maddesine yapılan atıflar bu Kanun Hükmünde Kararnameye yapılmış sayılır. | Q203: (3) 14/7/1965 tarihli ve 657 sayılı Devlet Memurları Kanununun 146 ncı maddesinin üçüncü fıkrası yürürlükten kaldırılmıştır. Diğer mevzuatta vekalet ücretinin ödenmesine ilişkin olarak 657 sayılı Kanunun 146 ncı maddesine yapılan atıflar bu Kanun Hükmünde Kararnameye yapılmış sayılır.
A204: (4) İdarelerin hukuk hizmetlerine, uyuşmazlıkların sulh yoluyla halline, avukatlık hizmeti satın alınmasına ve davalarla ilgili vazgeçme yetkilerine dair diğer kanunlarda yer alan hükümlerden bu Kanun Hükmünde Kararname hükümlerine aykırı olanlar uygulanmaz. | Q204: (4) İdarelerin hukuk hizmetlerine, uyuşmazlıkların sulh yoluyla halline, avukatlık hizmeti satın alınmasına ve davalarla ilgili vazgeçme yetkilerine dair diğer kanunlarda yer alan hükümlerden bu Kanun Hükmünde Kararname hükümlerine aykırı olanlar uygulanmaz.
A205: (5) Diğer mevzuatta Başbakanlık Hukuk Müşavirliğine ve Başbakanlık I. Hukuk Müşavirine yapılan atıflar, Başbakanlık Hukuk Hizmetleri Başkanlığına ve Başbakanlık Hukuk Hizmetleri Başkanına yapılmış sayılır. | Q205: (5) Diğer mevzuatta Başbakanlık Hukuk Müşavirliğine ve Başbakanlık I. Hukuk Müşavirine yapılan atıflar, Başbakanlık Hukuk Hizmetleri Başkanlığına ve Başbakanlık Hukuk Hizmetleri Başkanına yapılmış sayılır.
A206: (6) Ekli listede yer alan kadrolar ihdas edilerek 190 sayılı Kanun Hükmünde Kararnamenin eki (I) sayılı cetvelin Başbakanlığa ait bölümüne eklenmiştir. | Q206: (6) Ekli listede yer alan kadrolar ihdas edilerek 190 sayılı Kanun Hükmünde Kararnamenin eki (I) sayılı cetvelin Başbakanlığa ait bölümüne eklenmiştir.
A207: Dosyaların devri | Q207: Dosyaların devri
A208: GEÇİCİ MADDE 1 ‒ (1) Bu Kanun Hükmünde Kararnamenin yayımı tarihinde diğer idarelere ait olan ve Maliye Bakanlığınca takip edilen dava ve icra takiplerine ilişkin derdest dosyalardan ilgili idarece talep edilenler, ilgili idare ile Maliye Bakanlığı tarafından müştereken belirlenen esaslara göre ilgili idarelere devredilir. | Q208: GEÇİCİ MADDE 1 ‒ (1) Bu Kanun Hükmünde Kararnamenin yayımı tarihinde diğer idarelere ait olan ve Maliye Bakanlığınca takip edilen dava ve icra takiplerine ilişkin derdest dosyalardan ilgili idarece talep edilenler, ilgili idare ile Maliye Bakanlığı tarafından müştereken belirlenen esaslara göre ilgili idarelere devredilir.
A209: (2) Bu Kanun Hükmünde Kararname kapsamındaki derdest dosyalar ile özel takip yetkileri çerçevesinde devredilecek derdest dosyaların devirleri, bu Kanun Hükmünde Kararnamenin yayımı tarihinden itibaren bir yıl içinde tamamlanır. Dosya devirleri yapılıncaya kadar bu dosyaların takibiyle ilgili olarak devir öncesi dosyayı takip eden idarece yapılan işlemler, ilgili idaresince yapılmış sayılır. | Q209: (2) Bu Kanun Hükmünde Kararname kapsamındaki derdest dosyalar ile özel takip yetkileri çerçevesinde devredilecek derdest dosyaların devirleri, bu Kanun Hükmünde Kararnamenin yayımı tarihinden itibaren bir yıl içinde tamamlanır. Dosya devirleri yapılıncaya kadar bu dosyaların takibiyle ilgili olarak devir öncesi dosyayı takip eden idarece yapılan işlemler, ilgili idaresince yapılmış sayılır.
A210: (3) Bu Kanun Hükmünde Kararnamenin yayımı tarihinden sonra diğer idarelerle ilgili açılacak dava ve başlayacak icra takipleri, ilgili idarelere dosyalar devredilinceye kadar Maliye Bakanlığı tarafından takip edilir. | Q210: (3) Bu Kanun Hükmünde Kararnamenin yayımı tarihinden sonra diğer idarelerle ilgili açılacak dava ve başlayacak icra takipleri, ilgili idarelere dosyalar devredilinceye kadar Maliye Bakanlığı tarafından takip edilir.
A211: (4) Yukarıdaki fıkralar uyarınca Başbakanlık ve Maliye Bakanlığı tarafından diğer idareleri temsilen takip edilen dava ve icra işlerine ilişkin giderler, devir tarihine kadar Başbakanlık ve Maliye Bakanlığı bütçesinden karşılanır. | Q211: (4) Yukarıdaki fıkralar uyarınca Başbakanlık ve Maliye Bakanlığı tarafından diğer idareleri temsilen takip edilen dava ve icra işlerine ilişkin giderler, devir tarihine kadar Başbakanlık ve Maliye Bakanlığı bütçesinden karşılanır.
... A219: MADDE 20 ‒ Bu Kanun Hükmünde Kararname hükümlerini Bakanlar Kurulu yürütür. | Q219: MADDE 20 ‒ Bu Kanun Hükmünde Kararname hükümlerini Bakanlar Kurulu yürütür.

Sheet 161 S.D.M. TEBLİĞİ
A1: Maliye Bakanlığından:
A2: DEVLET MEMURLARI KANUNU GENEL TEBLİĞİ (SERİ NO: 161)
A3: (666 SAYILI KANUN HÜKMÜNDE KARARNAME HÜKÜMLERİNE İLİŞKİN)
A4: Bilindiği üzere, 2/11/2011 tarihli ve 28103 (Mükerrer) sayılı Resmi Gazetede yayımlanmış olan 666 sayılı Kanun Hükmünde Kararname ile 375 sayılı Kanun Hükmünde Kararnamede vc bazı kanun ve kanun hükmünde kararnamelerde kamu görevlilerinin mali haklarına ilişkin çeşitli düzenlemeler yapılmıştır.
A8: Yapılan düzenlemelere ilişkin olarak uygulama birliğinin sağlanması ve oluşabilecek tereddütlerin giderilmesi amacıyla aşağıdaki açıklamaların yapılması gerekli görülmüştür.
A10: A) 375 sayılı Kanun Hükmünde Kararnamenin Ek 9 uncu Maddesi Uyarınca Yapılacak Ek Ödemeye İlişkin Açıklamalar
A12: 375 sayılı Kanun Hükmünde Kararnamenin ek 3 üncü maddesine göre yapılan genel ek ödeme ile mevzuatı uyarınca yapılmakta olan tüm kurumsal ek ödemeler, ikramiye ödemeleri ve fazla çalışma ücreti gibi çeşitli adlar altında yapılan ilave ödemeler kaldırılmış ve yerine tek bir ek ödeme getirilmiştir.
B16: 1- 375 sayılı Kanun Hükmünde Kararnamenin ek 9 uncu maddesinin birinci fıkrası uyarınca;
B17: a) Aylıklarını 657 sayılı Devlet Memurları Kanununa göre almakta olan personele.
B18: b) Aylıklarını 2914 sayılı Yükseköğretim Personel Kanununa göre almakta olan personele,
B19: c) 399 sayılı Kanun Hükmünde Kararnameye ekli (II) sayılı Cetvele dahil pozisyonlarda istihdam
A20: edilen sözleşmeli personele,
B21: ç) Subay, sözleşmeli subay, astsubay, sözleşmeli astsubay, sözleşmeli subay ve astsubay adayları
A22: ile uzman jandarma ve uzman erbaşlara,
A23: 15/1/2012 tarihinden itibaren yapılacak ek ödeme, en yüksek Devlet memuru aylığına (9500 gösterge rakamı ile memur aylık katsayısının çarpımı sonucu bulunacak tutara), 375 sayılı Kanun Hükmünde Kararnameye ekli (1) sayılı Cetvelde yer alan kadro, görev ve pozisyon unvanlarına karşılık gelen oranların uygulanması suretiyle hesaplanacaktır.
A27: 2- 375 sayılı Kanun Hükmünde Kararnamenin ek 9 uncu maddesinin birinci fıkrası kapsamına giren personelden, anılan maddenin üçüncü ve altıncı fıkraları ile söz konusu Kanun Hükmünde Kararnamenin ek 10 uncu, geçici 12 nci, geçici 14 üncü ve geçici 16 ncı maddelerinde yer alan hükümlere istinaden;
A31: a) 209 sayılı Kanunun 5 inci maddesinin ikinci fıkrası uyarınca döner sermaye gelirlerinden ek ödeme yapılan personel,
A33: b) 375 sayılı Kanun Hükmünde Kararnamenin geçici 17 nci maddesine göre ek ödeme yapılanlar hariç olmak üzere yükseköğretim kurumlarının rektör, rektör yardımcısı, genel sekreter, dekan, dekan yardımcısı, başhekim, başhekim yardımcısı, enstitü ve yüksekokul müdürleri, enstitü ve yüksekokul müdür yardımcıları, tıp ve diş hekimliği fakülteleri ile sağlık uygulama ve araştırma merkezlerinde görev yapan personel,
B38: e) Adli Tıp Kurumu personeli,
A39: ç) 926 sayılı Kanunun ek 17 nci maddesinin (Ç) fıkrası uyarınca sağlık hizmetleri tazminatından yararlanan Türk Silahlı Kuvvetleri personeli,
A41: d) Gümrük ve Ticaret Bakanlığı taşra teşkilatına ait kadro ve pozisyonlarda bulunanlardan 4458 sayılı Kanunun 221 inci maddesi uyarınca fazla çalışma ücretinden yararlanan personel,
A43: e) Sosyal Güvenlik Kurumunun merkez ve taşra teşkilatı kadrolarında bulunup, sağlık harcamalarına esas olan fatura ve reçetelerin incelenmesi işlerinde ve Kurum sağlık kurullarında çalışan sağlık hizmetleri ve yardımcı sağlık hizmetleri sınıfına dahil personel,
B47: f) Türkiye Hudut ve Sahiller Sağlık Genel Müdürlüğü taşra teşkilatında görev yapan tabipler,
A48: g) 375 sayılı Kanun Hükmünde Kararnamenin ek 10 uncu maddesi uyarınca ücret ve tazminat ödenenler ile geçici 12 nci, geçici 14 üncü ve geçici 16 ncı maddeleri uyarınca haklarında 15/1/2012 tarihinden önce yürürlükte bulunan mevzuat hükümleri uygulanacak personel, | T48: Ek Madde 10 – (Ek: 11/10/2011-KHK-666/1 md.)
T49: b) Taşra teşkilatlarına ait kadrolarda bulunup, kadro unvanları ekli (II) sayılı Cetvelde yer alanlardan,
B52: ğ) Bir kadroya açıktan vekil olarak atananlar,
A53: h) 5018 sayılı Kanuna ekli (III) sayılı Cetvelde sayılan düzenleyici ve denetleyici kurumlarda görev yapan personel,
A55: ı) 2547 sayılı Kanunun 36 ncı maddesinin altıncı fıkrası ile 2955 sayılı Kanunun 32 nci maddesinin altıncı fıkrası kapsamında yer alanlar,
A57: hiçbir suretle söz konusu ek 9 uncu maddenin birinci fıkrasında belirtilen ek ödemeden yararlandırılmayacaktır.
A59: 3- Kamu idarelerinin kapsama dahil personelinden 375 sayılı Kanun Hükmünde Kararnamenin ek 9 uncu maddesinin birinci fıkrası uyarınca ek ödeme yapılacakların belirlenmesinde; öncelikle ilgili kamu idaresinin ek 10 uncu madde kapsamına girip girmediği tespit edilccck, kapsama girmesi halinde ilgili personelin kadro ve görev unvanlarının ek 10 uncu madde uyarınca ödeme yapılacakların sayıldığı anılan Kanun Hükmünde Kararnameye ekli (II) ve (III) sayılı Cetvellerde yer alıp almadığına bakılacaktır. Ek 10 uncu madde vc söz konusu Cetveller kapsamında yer almayan personele (I) sayılı Cetvele göre ek ödeme yapılacaktır.
A68: 4- 375 sayılı Kanun Hükmünde Kararnameye ekli (I) sayılı Cetvelde derece esasına göre belirlenmiş olan ek ödeme oranlarının tespitinde, ilgililerin aylık aldıkları derecclcr esas alınacaktır.
A72: 5- Ek ödemeye hak kazanılmasında ve bu ödemenin yapılmasında aylıklara ilişkin hükümler uygulanacak vc bu ödeme damga vergisi hariç herhangi bir vergiye tabi tutulmayacaktır. Bu ödeme, personelin mali haklarına bağlı olarak, ilgili mevzuatı uyarınca ödenmekte olan zam, tazminat, ödenek, döner sermaye payı, ikramiye, ücret ve her nc ad altında olursa olsun yapılan benzeri ödemelerin hesabında dikkate alınmayacaktır.
A78: 6- 375 sayılı Kanun Hükmünde Kararnamenin ek 9 uncu maddesinin birinci fıkrası uyarınca ek ödeme yapılan personelden; kurumlarınca bir kadroya kurum içinden veya kurum dışından vekalet ettirilenlere, vekaletin 657 sayılı Kanunun 86 ncı maddesine istinaden yapılmış ve bu hususun onayda belirtilmiş olması, vekalet görevinin Bakanlar Kurulu kararı veya müşterek karar ile atama yapılması gereken kadrolar için ilgili bakan, diğer kadrolar için asili atamaya yetkili amir tarafından verilmesi, vekalet eden personelin asaleten atanmada aranan tüm şartları (asaleten atanmada sınav şartı aranılan kadrolar için bu sınavlara girebilme hakkının elde edilmiş olması dahil) taşıması kaydıyla vekalet ettikleri kadro için öngörülen ek ödemenin asli kadroları için öngörülen ek ödemeden fazla olması halinde, aradaki fark, ek 9 uncu maddenin beşinci fıkrası uyarınca vekalet görevine başlanıldığı tarihten itibaren ve bu görev fiilen yapıldığı sürece ödenecektir.
A89: Ancak mehil müddeti, yıllık izin, mazeret izni, hastalık ve refakat izni, geçici görev, vekalet, görevden uzaklaştırma, hizmet içi eğitim, seminer ve kurs nedenleriyle görevlerinden ayrılanlara vekalet edenler ile ek 9 uncu maddenin beşinci fıkrasında öngörülen tüm şartları bir arada taşımadıkları için tedviren görevlendirildikleri kabul edilecek olanlara ek ödeme farkı ödenmeyecektir.
A93: Söz konusu ek 9 uncu madde 15/1/2012 tarihinden itibaren yürürlüğe girdiğinden, vekaleten yürütülen görevler için anılan tarihten önceki döneme ilişkin olarak bu maddeye göre ek ödeme farkı ödenmeyecektir.
A96: Örnek 1- Şef kadrosunda bulunan ve 1 inci dereceden aylık alan bir memurun boş şube müdürü kadrosuna vekaleten atanması halinde ilgiliye vekalet nedeniyle yapılacak ek ödeme farkı aşağıdaki şekilde hesaplanacaktır.
A100: 375 sayılı Kanun Hükmünde Kararnameye ekli (T) sayılı cetvelde, 1 inci dereceden aylık alan şef için %\ 15 ve şube müdürü için %170 oranında ek ödeme yapılması öngörülmüştür.
E104: Ek Ödeme | G104: Brüt Ek Ödeme (TL) | L104: Damga Vergisi (TL) | R104: Net Tutar (TL)
E105: Oranı (%)
B106: Şef (Asli kadro) | E106: 115 | F106: 9500x0,06446x115 = 704,23 | L106: 704,23x0,0066 = 4,65 | R106: 699.58
B108: Şube müdürü (Vekalet edilen kadro) | E108: 170 | F108: 9500x0,06446x170 =1.041,02 | L108: 1.041,03x0,0066 = 6,87 | R108: 1034.16
B110: Fark ödemesi | E110: Vekalet edilen kadro ek ödeme tutarı - Asli kadro ek ödeme tutan 1.034,16 - 699,58 | R110: 334.58
A114: Buna göre ilgili personele, asli kadrosu için hesaplanan 699,58 TL net ek ödemeye ilave olarak ayrıca vekaleten atandığı şube müdürü kadrosu için 334,58 TL net ek ödeme farkı, vekalet görevinin fiilen yapılmasını müteakip ödenecektir. Ancak, vekalet nedeniyle bu ödemenin yapılabilmesi için vekalet eden personelin, 375 sayılı Kanun Hükmünde Kararnamenin ek 9 uncu maddesinin beşinci fıkrasındaki şartları taşıması gerekmektedir.
A119: 7- 375 sayılı Kanun Hükmünde Kararnamenin ek 9 uncu maddesine göre yapılacak ek ödemeler anılan maddenin sekizinci fıkrası ve 4458 sayılı Kanunun 221 inci maddesi hükümleri uyarınca;
A122: a) Kültür ve Turizm Bakanlığının, Sağlık Bakanlığının, Türkiye Kamu Hastaneleri Kurumunun ve Meteoroloji Genel Müdürlüğünün merkez teşkilatı personeli ile Ulaştırma, Denizcilik ve Haberleşme Bakanlığı, Türkiye Halk Sağlığı Kurumu, Karayolları Genel Müdürlüğü, Orman Genel Müdürlüğü, Tapu ve Kadastro Genel Müdürlüğü personeli için döner sermaye bütçelerinden,
A126: b) Gümrük ve Ticaret Bakanlığı personeli için Ankara Gümrük Muhasebe Birimi hesabına aktarılan tutarlardan,
B128: karşılanacaktır.
A129: Ek 9 uncu madde uyarınca diğer personele yapılacak ek ödeme ise ilgililerin aylık ve ücretlerinin ödendiği bütçeden yapılacaktır.
A131: 8- 375 sayılı Kanun Hükmünde Kararnamenin ek 9 uncu maddesinin dördüncü fıkrasında yer alan hükme istinaden; Gıda, Tarım ve Hayvancılık Bakanlığının üretimi teşvik priminden yararlanan personeline anılan maddenin birinci fıkrasına göre ek ödeme yapılmayacaktır. Ancak söz konusu personele, üretimi teşvik primi ödemesinin yapıldığı tarih ile bir sonraki yılda bu ödemenin yapılacağı tarih arasındaki dönemde 375 sayılı Kanun Hükmünde Kararnameye ekli (1) sayılı Cetvelde kadro veya pozisyon unvanları için ödenmesi öngörülen ek ödemenin toplam net tutarı, ödenen üretimi teşvik priminin net tutarına ulaştığı tarihten itibaren aylıklara ilişkin hükümler göz önünde bulundurulmak suretiyle ek ödeme yapılmaya başlanacaktır.
A140: Ayrıca, 375 sayılı Kanun Hükmünde Kararnamenin söz konusu personel için bir önceki yıl yapılan üretimi teşvik primi ödemeleriyle kıyas suretiyle ek ödeme yapılmasını öngören ek 3 üncü maddesi 14/1/2012 tarihi itibarıyla yürürlükten kaldırıldığından, bu kapsamdaki personel
A144: 2012 yılında üretimi teşvik priminin ödeneceği tarihe kadar, ek 9 uncu madde uyarınca (I) sayılı Cetvelde kadro ve görev unvanları için öngörülen ek ödemeden yararlandırılacaktır.
A147: liretimi teşvik primi ödemelerinin ayın 15'inden sonraki bir tarihte yapılması halinde peşin olarak ödenmiş olan ek ödemenin, üretimi teşvik primi ödemesinin yapıldığı tarihten sonraya isabet eden kısmı geri alınacaktır.
A149: 666 sayılı Kanun Hükmünde Kararnamenin 5 inci maddesinin (e) fıkrasıyla 969 sayılı Kanunda yapılan düzenlemeye istinaden de Gıda, Tarım ve Hayvancılık Bakanlığı kadro ve pozisyonlarında çalışmayanlara, anılan Kanunun 3 üncü maddesi uyarınca üretimi teşvik primi ödenmeyecektir.
A153: Örnek 2- Gıda, Tarım ve Hayvancılık Bakanlığının mühendis kadrosunda görev yapan vc 1 inci dereccden aylık alan mühendise, 375 sayılı Kanun Hükmünde Kararnamenin ek 9 uncu maddesine göre % 150 oranında ek ödeme yapılması öngörülmüştür. Söz konusu personele 969 sayılı Kanunun 3 üncü maddesinin son fıkrası uyarınca, 15 Şubat 2012 tarihinde üretimi teşvik primi olarak 6.000 TL tutarında ödeme yapılacağı ve bir sonraki teşvik priminin ise 15 Şubat 2013 tarihinde ödeneceği varsayımı altında 15/2/2012 - 14/2/2013 döneminde yapılacak üretimi teşvik primi ve ek ödemelerin hesaplanması ve karşılaştırılması aşağıdaki şekilde yapılacaktır.
B161: Mühendis | E161: Ek Ödeme Oranı (%) / Üretimi Teşvik Primi (TL) | H161: Brüt Ek Ödeme / Üretimi Teşvik Primi (TL) | N161: Gelir Vergisi (TL) Damga Vegisi (TL) | R161: Net Tutar (TL)
B164: 375 sayılı KHK'niıı ck 9 uncu maddesine göre yapılması öngörülen ek ödeme | E164: 150 | H164: 9500x0,06446x1.50 = 918,56 | R164: 912.5
N166: 918,56x0,0066 = 6,06
B169: 969 sayılı Kanunun 3 üncü maddesinin son fikrası uyarınca ödenen üretimi teşvik primi | E169: 6000 (15 Şubat 2012 tarihinde yapılan ödeme) | H169: 6.000.00 | N169: 6.000x0,15 = 900,00 | R169: 5060.4
N172: 6.000x0,0066 = 39,60
B176: 15 Şubat 2012 -14 Şubat 2013 döneminde ilgiliye yapılacak ödemeler
B178: Tarih | D178: Yapılan Ödemelerin net tutan (TL) | H178: Ödemenin Türü | L178: Ek ödemenin teşvik primi ile kıyası (TL) | N178: Kıyaslamada dikkate alınacak kümülatif ek ödeme hesabı | P178: Hesaplamanın açıklaması
B184: 40954 | D184: 5060.4 | H184: Üretimi Teşvik Primi | L184: 912.5 | N184: 912.5 | P184: Prim ödemesinin yapıldığı tarih ile bir sonraki yılda yapılacağı tarih arasındaki dönemde, 375 sayılı KHK'ya göre ödenmesi öngörülen ek ödemenin toplam net tutarı, prim net tutarına ulaşıncaya kadar, ilgiliye ek ödeme yapılmaz. Ek ödemenin toplam net tutarı, ödenen primin net tutarına ulaştığı tarihten itibaren ek ödeme yapılmaya başlanacaktır.
B185: 40983 | H185: - | L185: 912.5 | N185: 1825
B186: 41014 | D186: - | H186: - | L186: 912.5 | N186: 2737.5
B187: 41044 | D187: - | L187: 912.5 | N187: 3650
B188: 41075 | D188: - | L188: 912.5 | N188: 4562.5
B189: 41105 | D189: 414.6 | H189: Kist ek ödeme | L189: 497.9 | N189: 5060.4
B190: 41136 | D190: 912.5 | H190: Ek Ödeme
B191: 41167 | D191: 912.5 | H191: Ek Ödeme
B192: 41197 | D192: 912.5 | H192: Ek Ödeme
B193: 41228 | D193: 912.5 | H193: Ek Ödeme
B194: 41258 | D194: 912.5 | H194: Ek Ödeme
B195: 41289 | D195: 912.5 | H195: Ek Ödeme
A198: Diğer taraftan, bu örnekte yer alan verilere ve ek ödeme tutarına ilişkin rakamlar dikkate alındığında, 15/2/2012 tarihinde 10.950 TL veya daha fazla net tutarda üretimi teşvik primi ödenmiş olması halinde, aynı derecedeki mühendislere, 15/2/2012 - 14/2/2013 döneminde hiçbir şekilde 375 sayılı Kanun Hükmünde Kararnamenin ek 9 uncu maddesi uyarınca ek ödeme yapılmayacaktır.
B202: 9- 666 sayılı Kanun Hükmünde Kararnameyle;
A203: a) 375 sayılı Kanun Hükmünde Kararnameye eklenen ek 12 nci maddenin birinci fıkrasıyla ek ödeme, ikramiye, tazminat, döner sermaye ödemesi, fiilen yapılmayan ders karşılığı ck ders ücreti ödemeleri gibi değişik adlar altında yapılan ödemelere ilişkin yürürlükten kaldırılan hükümler,
A207: b) 209 sayılı Kanunun 5 inci maddesi ve 4458 sayılı Kanunun 221 inci maddesinin değiştirilmeden önceki hükümleri, uyarınca yapılan ödemelerden yararlanmakta iken, 15/1/2012 tarihinden itibaren 375 sayılı Kanun Hükmünde Kararnamenin ek 9 uncu maddesine göre ck ödemeden yararlanmaya başlayan personele, 375 sayılı Kanun Hükmünde Kararnamenin geçici 11 inci maddesinde belirtilen ilgili mevzuat hükümleri uyarınca ikramiyelerin bir aya isabet eden tutarı da dahil olmak üzere 14/1/2012 tarihi itibarıyla hesaplanacak aylık net ödeme tutarının, (I) sayılı Cetvelde kadro ve görev unvanları için ödenmesi öngörülen aylık net ek ödeme tutarından fazla olması halinde aradaki fark, herhangi bir vergi ve kesintiye tabi tutulmaksızın, bu fark giderilinceye kadar ayrıca tazminat olarak ödenecek ve aradaki farkın sona erdiği tarihten itibaren sadece ek 9 uncu maddeye göre ek ödeme yapılacaktır.
A217: İlgililer için 14/1/2012 tarihi itibarıyla söz konusu hükümler uyarınca ve anılan tarih itibarıyla geçerli olan memur aylık katsayısı ile asgari ücret tutarı dikkate alınarak geçici 11 inci maddeye göre hesaplanacak aylık net ödeme tutarı sabit olup hiçbir şekilde değiştirilmeyeccktir.
A221: Fark tazminatı ödemesine, 14/1/2012 tarihi itibarıyla ilgililerin bulundukları kadro ve pozisyonlarda kaldıkları sürece devam edilecek, personelin kendi isteği olmaksızın aynı kurumda yapılan kadro ve pozisyon unvanı değişiklikleri de bu kapsamda değerlendirilecektir. Ancak isteğe bağlı olarak; kadro veya pozisyon unvanında değişiklik olanlar ile başka kurumlara atananlar hakkında fark tazminatı ödemesine son verilecektir.
A226: Örnek 3- Sosyal Güvenlik Kurumunda memur kadrosunda görev yapan ve 5 inci dereceden aylık alan personele, 5502 sayılı Kanunun 28 inci maddesinin 14/1/2012 tarihi itibarıyla yürürlükten kaldırılması öngörülen ikinci fıkrasına göre %95 oranında ek ödeme ve dördüncü fıkrasına göre ikramiye ödemesi yapılmakta iken, 15/1/2012 tarihinden itibaren 375 sayılı Kanun Hükmünde Kararnamenin ek 9 uncu maddesine göre %90 oranında ek ödeme yapılması öngörülmüş bulunmaktadır. Bu personele, 15/1/2012 tarihinde 375 sayılı Kanun Hükmünde Kararnamenin geçici 11 inci maddesi uyarınca ödenecek fark tazminatı aşağıdaki şekilde hesaplanacaktır.
B233: Memur | E233: Ek Ödeme Oranı (%) İkramiye Tutarı (TL) | G233: Brüt Ek Ödeırıe / İkramiye (TL) | M233: Gelir Vergisi (TL) Damga Vegisi (TL) | R233: Net Tutar (TL)
B237: 5502 sayılı Kanunun 28 inci maddesinin kinci fikrasına göre hesaplanan ek ödeme | E237: 95 | G237: 9500x0,06446x0,95 - 581,75 | M237: 581,75x0.0066 = 3,84 | R237: 577.91
B241: 5502 sayılı Kanunun 28 inci maddesinin | E241: 837 (1 0cak-30 1 laziran 2012 dönemi için asgari ücret tutarı) | G241: İkramiyenin bir aya isabet eden tutan (837/6=139,50) | M241: 139,50x0,15 = 20,93 | R241: 117.65
B245: dördüncü fikrasına göre hesaplanan ikramiye | M245: 139,50x0,0066 = 0,92
B249: 375 sayılı KHK'nın ek 9 uncu maddesine göre yapılması öngörülen ek ödeme | E249: 90 | G249: 9500x0,06446x0,90 = 551,13 | M249: 551,13x0,0066 = 3,64 | R249: 547.49
B253: Fark Ödemesi | E253: (5502/28 ek ödeme ve ikramiye toplam net tutarı) - (375/ek 9 ek ödeme net tutarı) (577,91 + 117,65 = 695,56) - 547,49 | R253: 148.07
A257: Buna göre ilgiliye, 15/1/2012 tarihindeki mali ve sosyal haklan ödenirken 148,07 TL tutarındaki fark, herhangi bir vergi ve kesintiye tabi tutulmaksızın tazminat olarak ayrıca ödenecektir. 5502 sayılı Kanunun 28 inci maddesinin yürürlükten kaldırılması öngörülen ikinci ve dördüncü fıkraları uyarınca 14/1/2012 tarihi itibarıyla hesaplanmış olan ikramiye ve ek ödemenin toplam net tutarı olan 695,56 TL sabit olup, bu tutar hiçbir şekilde değiştirilmeyecektir. Yeni ek ödemenin hesaplanmasında memur aylık katsayısındaki artışlar dikkate alınarak hesaplama yapılacak, farkın herhangi bir şekilde kapanması halinde ise fark tazminatı ödenmesine ilişkin uygulamaya son verilecektir.
A265: Örnek 4- Birinci sınıf olup, 1 inci derecenin birinci kademesinden aylık alan kaymakamlara 14/1/2012 tarihi itibarıyla yürürlükten kaldırılması öngörülen hükümlerden, 1700 sayılı Kanunun ek 5 inci maddesine göre %100 oranında ek ödeme yapılmakta ve 5302 sayılı Kanunun 63 üncü maddesine göre ise 12.000 gösterge rakamı üzerinden aylık ödenek verilmekte iken, 15/1/2012 tarihinden itibaren 375 sayılı Kanun Hükmünde Kararnamenin ek 9 uncu maddesine göre %200 oranında ek ödeme yapılması öngörülmüş bulunmaktadır. Bu personele 15/1/2012 tarihinde 375 sayılı Kanun Hükmünde Kararnamenin geçici 11 inci maddesi uyarınca ödenecek fark tazminatı aşağıdaki şekilde hesaplanacaktır.
B274: Birinci Sınıf Kaymakam (1 inci derece 1 inci kademeden aylık alan) | E274: Ek Ödeme Oranı (%) / Ödenek Göstergesi | G274: Brüt Ek Ödeme /Ödenek (TL) | M274: Gelir Vergisi (TL) Damga Vegisi (TL) | R274: Net Tutar (TL)
B278: 1700 sayılı Kanunun ek 5 inci maddesi hükmüne göre hesaplanan ek ödeme | E278: 100 | G278: 9500x0,06446x1 = 612,37 | M278: 612,37x0.0066 = 4,04 | R278: 608.33
B282: 5302 sayılı Kanunun 63 üncü maddesi hükmüne göre hesaplanan ödenek | E282: 12000 | G282: 12.000x0,06446 = 773,52 | M282: 773,52x0,15 = 116,03 | R282: 652.38
M284: 773,52x0,0066 = 5,11
B286: 375 sayılı KHK'nın ek 9 uncu maddesine göre yapılması öngörülen ek ödeme | E286: 200 | G286: 9500x0,06446x2 1.224,74 | R286: 1216.66
M288: 1.224,74x0,0066 = 8,08
B290: Fark Ödemesi | E290: (1700/ek 5 ek ödeme net tutan 15302/ 63 ödenek net tutarı)-(375/ek 9 ek ödeme net tutarı) (608,33 + 652,38 = 1.260,71) - 1.216,66 | R290: 44.05
A294: Buna göre ilgiliye, 15/1/2012 tarihindeki mali ve sosyal hakları ödenirken 44,05 TL tutarındaki fark, herhangi bir vergi ve kesintiye tabi tutulmaksızın tazminat olarak ayrıca ödenecektir. 14/1/2012 tarihi itibarıyla hesaplanan ve fark tazminatı hesabına esas net tutar olan 1.260,71 TL sabit olup bu tutar hiçbir şekilde değiştirilmeyecektir. Yeni ek ödemenin hesaplanmasında memur aylık katsayısmdaki artışlar dikkate alınarak hesaplama yapılacak, farkın herhangi bir şekilde kapanması halinde ise fark tazminatı ödenmesine ilişkin uygulamaya son verilecektir.
A301: Örnek 5- Kaymakam adaylarına, 1700 sayılı Kanunun 14/1/2012 tarihi itibarıyla yürürlükten kaldırılması öngörülen ek 5 inci maddesine göre %145 oranında ek ödeme yapılmakta iken, 15/1/2012 tarihinden itibaren 375 sayılı Kanun Hükmünde Kararnamenin ek 9 uncu maddesine göre de %145 oranında ek ödeme yapılması öngörülmüş bulunmaktadır. Bu personele 15/1/2012 tarihinde 375 sayılı Kanun Hükmünde Kararnamenin geçici 11 inci maddesi uyarınca herhangi bir fark tazminatı ödenmeyecektir.
A307: Örnek 6- Gümrük ve Ticaret Bakanlığı merkez teşkilatının şube müdürü kadrosunda görev yapan personele, 4458 sayılı Kanunun 221 inci maddesinin 666 sayılı Kanun Hükmünde Kararname ile değiştirilmeden önceki hükmüne göre 26.000 gösterge rakamı üzerinden hesaplanan fazla çalışma ücreti, aynı Kanunun 222 nci maddesine göre yapılması öngörülen %155 oranındaki net ek ödeme tutarından mahsup edilerek ödenmekte iken, 15/1/2012 tarihinden itibaren 375 sayılı Kanun Hükmünde Kararnamenin ek 9 uncu maddesine göre %170 oranında ek ödeme yapılması öngörülmüş bulunmaktadır. Bu personele 15/1/2012 tarihinde 375 sayılı Kanun Hükmünde Kararnamenin geçici 11 inci maddesi uyarınca ödcnecck fark tazminatı aşağıdaki şekilde hesaplanacaktır.
B317: Şube Müdürü | E317: Fazla Çalışma Ücreti Göst. / Ek Ödeme Oranı (%) | G317: Brüt Fazla Çalışma Ücreti/ Ek Ödeme (TL) | M317: Gelir Vergisi (TL) Damga Vegisi (TL) | R317: Net Tutar (TL)
B321: 4458 sayılı Kanunun 666 sayılı KIIK ile değiştirilmeden önceki 221 inci maddesi uyarınca ödenen fazla çalışma ücreti | E321: 26000 | G321: 26.000x0,06446 = 1.675,96 | M321: 1.675,96x0,15 = 251,39 1.675,96x0,0066 = 11,06 | R321: 1413.51
...

Sheet MAAŞ HAKKINDA 
A1: KATSAYILAR (Maaş Hesaplamalarında kullanılacak temel veriler şunlardır:)
A2: Maaş Katsayısı | G2: 0.06446
A3: Taban Aylık Katsayısı | G3: 0.86251
A4: Yan Ödeme Katsayısı | G4: 0.02044
A6: FİİLİ HİZMET ZAMMI HESAPLANMASI
A7: 5434 Göre
A8: Maaş+Temel Maaş+Kıdem Aylığı+Ek gösterge+Özel Hizmet Tazminatı=Toplam Matrah
A9: Toplam Matrahın %36 sı bulunur. Gün sayısı ile çarpılır.
A10: 5510 Göre
A11: Maaş+Temel Maaş+Kıdem Aylığı+Ek gösterge+Özel Hizmet Tazminatı=Toplam Matrah
A12: Toplam Matrahın % 11 ve % 7,5 sı bulunur. Gün sayısı ile çarpılır.
A14: YURTDIŞI AYLIĞININ HESAPLANMASI
A16: Net ele geçen tutardan asgari geçim indirimi düşüldükten sonra kalanın %40 kesilir.
A17: %60 kişiye ödenir.
A18: - 230 kesinti kodu girilerek kesilecek olan %40 lık tutar yazılır ya da ülke kodu girilerek kendi otomatik hesaplanır.
A20: SENDİKA HESAPLANMASI
... A43: ARAZİ TAZMİNATI HESAPLANMASI
A45: Şu anda uygulanmakta olan katsayı | K45: =$G$2 -> 0.06446 | O45: 'tir.
A46: En yüksek devlet memuru aylığı ise | K46: 9500 | M46: =$K$45 -> 0.06446 | P46: = | Q46: =K46*M46 -> 612.37 | V46: 'dir.
A48: Mühendislerin ek özel hizmet tazminatı oranı günlük %3, teknikerlerin %2 ve teknisyenlerin ise %1,2'dir. Toplamda ise mühendisler en çok %60, teknikerler en çok %40 ve teknisyenler de en çok %24 ek özel hizmet tazminatı alabilirler. Tüm personelin maksimum oranda alabilmesi için 3 aylık en az 20 gün çıkış yapmaları gerekmektedir.
A49: 3 aylık 20 gün çıkış yapan bir mühendisin eline : | M49: =$Q$46 -> 612.37 | P49: 0.6 | R49: = | S49: =M49*P49 -> 367.422
B50: GÜNLÜK | M50: =$Q$46 -> 612.37 | P50: 0.03 | R50: = | S50: =M50*P50 -> 18.3711
A51: 3 aylık 20 gün çıkış yapan bir teknikerin eline : | M51: =$Q$46 -> 612.37 | P51: 0.4 | R51: = | S51: =M51*P51 -> 244.948
M52: =$Q$46 -> 612.37 | P52: 0.02 | R52: = | S52: =M52*P52 -> 12.2474
A53: 3 aylık 20 gün çıkış yapan bir teknisyenin eline : | M53: =$Q$46 -> 612.37 | P53: 0.24 | R53: = | S53: =M53*P53 -> 146.9688
M54: =$Q$46 -> 612.37 | P54: 0.012 | R54: = | S54: =M54*P54 -> 7.34844 | W54: geçer.
M55: Bu tutarları asla geçemez.
B56: Bu tutarlardan binde 66 oranında damga vergisi kesilir.
A58: HUZUR HAKKI VE BİLİRKİŞİ
A60: Toplantı sayısı önemli değil. | H60: 2000 | J60: * | K60: =$K$45 -> 0.06446 | N60: = | O60: =H60*K60 -> 128.92 | S60: yi geçmeyecek o kadar.
B61: Hakem heyeti başkan ve üyeleri ile raportörlere, huzur hakkı veya huzur ücreti olarak, her ay 2000 gösterge rakamının memur aylık katsayısı ile çarpımı sonucu bulunacak miktarı geçmemek üzere Maliye Bakanlığının uygun görüşü alınarak Bakanlıkça belirlenen miktarlarda ödeme yapılır. Gündemde görüşülecek uyuşmazlık konusu olmadığı için toplantı yapılmayan aylarda ücret tahakkuk ettirilmez.
B62: Hakem heyeti başkan, üye ve raportörlerinin alacakları huzur hakkı ve ücretinin hesaplanmasında, ay içinde yapılan toplantılardan katıldıkları toplantı sayısı dikkate alınır.
A63: VEKALET ÖDEMESİNİN HESAPLANMASI
A65: Vekalet edilen Kadronun 1 kademesi ile varsa ekgöstergesinin, katsayı ile çarpımı sonucu 1/3 ü
A66: Çıkan Sonuçu, ilgili ayın gününe bölünmesi sonucu, fiilen çalışılan gün kadar ödenir.
A67: Ayrıcı 86 ncı maddesine göre vekalet olduğu takdirde ise Özel Hizmet ve Yanödeme kendi kadrosu
A68: arasındaki vakalet edilen kadronun farklarının Çıkan Sonuçu, ilgili ayın gününe bölünmesi sonucu, fiilen çalışılan gün kadar ödenir.
A70: ÖĞRENCİ HARÇLIĞI
A72: (Ek Gösterge+Göstege)* Maaş Katsayısı
A73: Çıkan sonucun %50’sinin %50 öğrenci harçlığı olarak hesap ediliyor.
A74: Bu çıkan brüt tutardan damga vergisi kesilir.
A76: AYLIKLA ÖDÜLLENDİRME
A78: Ödül alan kişinin (Taban Maaş+Ek Gösterge)* Maaş Katsayısı sonucu miktar ödenir.
A79: Gelir Vergisi ( %15; %20; %27 veya %35 ), %,066 damga vergisi kesilir.
... A134: 7 inci derecenin 3 üncü kademesinde yer alan bir memurun gösterge aylığı:
A135: 740 | D135: * | E135: =$K$45 -> 0.06446 | I135: = | J135: =A135*E135 -> 47.7004 | N135: dir.
A137: TABAN AYLIĞI
A138: 2-Taban Aylığı: 27.6.1989 tarihli ve 375 sayılı KHK’nin değişik 1 inci maddesi hükmü uyarınca; “1.000” gösterge rakamının taban aylık katsayısı ile çarpımı sonucunda bulunan miktarı ifade etmektedir.
A139: Taban Aylığı=1000*Taban Aylık Katsayısı
A140: 1000 | D140: * | E140: =$G$3 -> 0.86251 | I140: = | J140: =A140*E140 -> 862.51 | N140: dir.
A142: KIDEM AYLIĞI
A143: 3-Kıdem Aylığı: 27.6.1989 tarihli ve 375 sayılı KHK’nin değişik 1 inci maddesi gereğince taban aylığından yararlanan personele hizmet süresi itibariyle belirlenen kıdem göstergesinin memur aylık katsayısı ile çarpımı sonucu bulunan tutar üzerinden parayı ifade etmektedir. Kıdem göstergesi her hizmet yılı için 20 olarak belirlenmiştir. 25 ve daha fazla hizmet yılını dolduranlar için gösterge rakamı 500 olmak hesaplanır.
A144: Kıdem Aylığı=Hizmet Yılı*20*Maaş Katsayı
A146: 25 | C146: sene hizmeti olan bir memurun kıdem aylığı:
A147: =$A$146 -> 25 | D147: * | E147: 20 | G147: * | H147: =$K$45 -> 0.06446 | L147: = | M147: =A147*E147*H147 -> 32.23 | Q147: dir.
A149: EK GÖSTERGE AYLIĞI
A150: 4-Ek Gösterge Aylığı: 657 sayılı Devlet Memurları Kanununa ekli ek gösterge cetvellerinde hizmet sınıfı, kadro unvanı ve derecesine göre belirtilen gösterge rakamlarının memur aylık katsayısı ile çarpılarak bulunacak miktarı ifade etmektedir. 1995/4625 sayılı Danıştay kararı gereğince, kazanılmış hak aylığına esas dereceler ek gösterge aylığının hesaplamasında kullanılmaktadır.
A152: Ek Gösterge Aylığı=Ek Gösterge Rakamı*Maaş Katsayı
A154: 4 üncü dereceli Yüksek Okul Mezunu bir kadroda görev yapmakta olan V.H.K.İşletmeni ek gösterge aylığı:
A155: 1100 | D155: * | E155: =$K$45 -> 0.06446 | I155: = | J155: =A155*E155 -> 70.906 | N155: dir.
A156: 4 üncü dereceli Lise Mezunu bir kadroda görev yapmakta olan V.H.K.İşletmeni ek gösterge aylığı:
A157: 650 | D157: * | E157: =$K$45 -> 0.06446 | I157: = | J157: =A157*E157 -> 41.899 | N157: dir.
A160: YAN ÖDEMENİN HESAPLANMASI
A162: Yan Ödeme Puanı (İş Güçlüğü + Eleman Tem. Güç.+İş Riski Zammı)* Yan Ödeme Katsayısı
A163: İş Güçlüğü | E163: Tem.Güç. | I163: İş Riski | M163: KATSAYISI | R163: TOPLAM
A164: 750 | E164: + | F164: 1000 | I164: + | J164: 500 | M164: * | N164: =$G$4 -> 0.02044 | R164: = | S164: =(A164+F164+J164)*N164 -> 45.99 | W164: dir.
A166: A-GELİRLER
A168: 1-Gösterge Aylığı (Aylık Tutar): 657 sayılı Kanunun 43 üncü maddesinin (A) bendi uyarınca derece ve kademe esasına göre düzenlenen aylık gösterge tablolarında yer alan gösterge rakamlarının memur aylık katsayısı ile çarpımı sonucu bulunacak miktarı ifade etmektedir. | AA168: MEMUR VE EMEKLİ GÖSTERGE TABLOSU
A169: Gösterge Aylığı= Gösterge Rakamı*Aylık Katsayı | AA169: DERECELER | AB169: K A D E M E L E R
B170: 1 | C170: inci derecenin | G170: 4 | H170: üncü kademesinde yer alan bir memurun gösterge aylığı: | AB170: 1 | AC170: 2 | AD170: 3 | AE170: 4 | AF170: 5 | AG170: 6 | AH170: 7 | AI170: 8 | AJ170: 9
B171: =IF(ISBLANK($G$170),"",HLOOKUP(G170,$AA$170:$AJ$185,B170+1)) -> 1500 | D171: * | E171: =$K$45 -> 0.06446 | H171: = | I171: =B171*E171 -> 96.69 | M171: dir. | AA171: 1 | AB171: 1320 | AC171: 1380 | AD171: 1440 | AE171: 1500
AA172: 2 | AB172: 1155 | AC172: 1210 | AD172: 1265 | AE172: 1320 | AF172: 1380 | AG172: 1440
A173: 2-Taban Aylığı: 27.6.1989 tarihli ve 375 sayılı KHK’nin değişik 1 inci maddesi hükmü uyarınca; “1.000” gösterge rakamının taban aylık katsayısı ile çarpımı sonucunda bulunan miktarı ifade etmektedir. | AA173: 3 | AB173: 1020 | AC173: 1065 | AD173: 1110 | AE173: 1155 | AF173: 1210 | AG173: 1265 | AH173: 1320 | AI173: 1380
AA174: 4 | AB174: 915 | AC174: 950 | AD174: 985 | AE174: 1020 | AF174: 1065 | AG174: 1110 | AH174: 1155 | AI174: 1210 | AJ174: 1265
AA175: 5 | AB175: 835 | AC175: 865 | AD175: 895 | AE175: 915 | AF175: 950 | AG175: 985 | AH175: 1020 | AI175: 1065 | AJ175: 1110
A176: Taban Aylığı=1000*Taban Aylık Katsayısı | AA176: 6 | AB176: 760 | AC176: 785 | AD176: 810 | AE176: 835 | AF176: 865 | AG176: 895 | AH176: 915 | AI176: 950 | AJ176: 985
B177: 1000 | D177: * | E177: =G3 -> 0.86251 | H177: = | I177: =B177*E177 -> 862.51 | M177: dir. | AA177: 7 | AB177: 705 | AC177: 720 | AD177: 740 | AE177: 760 | AF177: 785 | AG177: 810 | AH177: 835 | AI177: 865 | AJ177: 895
AA178: 8 | AB178: 660 | AC178: 675 | AD178: 690 | AE178: 705 | AF178: 720 | AG178: 740 | AH178: 760 | AI178: 785 | AJ178: 810
A179: 3-Kıdem Aylığı: 27.6.1989 tarihli ve 375 sayılı KHK’nin değişik 1 inci maddesi gereğince taban aylığından yararlanan personele hizmet süresi itibariyle belirlenen kıdem göstergesinin memur aylık katsayısı ile çarpımı sonucu bulunan tutar üzerinden parayı ifade etmektedir. Kıdem göstergesi her hizmet yılı için 20 olarak belirlenmiştir. 25 ve daha fazla hizmet yılını dolduranlar için gösterge rakamı 500 olmak hesaplanır. | AA179: 9 | AB179: 620 | AC179: 630 | AD179: 645 | AE179: 660 | AF179: 675 | AG179: 690 | AH179: 705 | AI179: 720 | AJ179: 740
AA180: 10 | AB180: 590 | AC180: 600 | AD180: 610 | AE180: 620 | AF180: 630 | AG180: 645 | AH180: 660 | AI180: 675 | AJ180: 690
AA181: 11 | AB181: 560 | AC181: 570 | AD181: 580 | AE181: 590 | AF181: 600 | AG181: 610 | AH181: 620 | AI181: 630 | AJ181: 645
AA182: 12 | AB182: 545 | AC182: 550 | AD182: 555 | AE182: 560 | AF182: 570 | AG182: 580 | AH182: 590 | AI182: 600 | AJ182: 610
AA183: 13 | AB183: 530 | AC183: 535 | AD183: 540 | AE183: 545 | AF183: 550 | AG183: 555 | AH183: 560 | AI183: 570 | AJ183: 580
A184: Kıdem Aylığı=Hizmet Yılı*20*Aylık Katsayı | AA184: 14 | AB184: 515 | AC184: 520 | AD184: 525 | AE184: 530 | AF184: 535 | AG184: 540 | AH184: 545 | AI184: 550 | AJ184: 555
B185: 25 | C185: sene hizmeti olan bir memurun kıdem aylığı: | AA185: 15 | AB185: 500 | AC185: 505 | AD185: 510 | AE185: 518 | AF185: 520 | AG185: 525 | AH185: 530 | AI185: 535 | AJ185: 540
B186: =B185 -> 25 | C186: * | D186: 20 | E186: * | F186: =$K$45 -> 0.06446 | I186: = | J186: =(B186*D186)*F186 -> 32.23 | N186: dir.
A188: 4-Ek Gösterge Aylığı: 657 sayılı Devlet Memurları Kanununa ekli ek gösterge cetvellerinde hizmet sınıfı, kadro unvanı ve derecesine göre belirtilen gösterge rakamlarının memur aylık katsayısı ile çarpılarak bulunacak miktarı ifade etmektedir. 1995/4625 sayılı Danıştay kararı gereğince, kazanılmış hak aylığına esas dereceler ek gösterge aylığının hesaplamasında kullanılmaktadır. | AA188: EK GÖSTERGEYE AİT TABLODAN BULABİLİRSİZ İLGİLİ PERSONEL AİT EK GÖSTERGE MİKTARLARINI
A193: Ek Gösterge Aylığı=Ek Gösterge Rakamı*Aylık Katsayı
A194: 4 üncü dereceli Yüksek Okul Mezunu bir kadroda görev yapmakta olan V.H.K.İşletmeni ek gösterge aylığı:
A195: 1100 | D195: * | E195: =$K$45 -> 0.06446 | I195: = | J195: =A195*E195 -> 70.906 | N195: dir.
A196: 4 üncü dereceli Lise Mezunu bir kadroda görev yapmakta olan V.H.K.İşletmeni ek gösterge aylığı:
A197: 650 | D197: * | E197: =$K$45 -> 0.06446 | I197: = | J197: =A197*E197 -> 41.899 | N197: dir.
A199: 5-Zam ve Tazminatlar:
A200: a-Zamlar: 657 sayılı Kanunun 152 nci maddesinin verdiği yetkiye dayanarak Bakanlar Kurulunca çıkarılan Yan Ödeme Kararnamelerinde (Sitemizin Mevzuat/BKK bölümünde yer almaktadır) sınıf, unvan, derece, görev yeri vb. niteliklere göre tespit edilen iş güçlüğü, iş riski, temininde güçlük ve mali sorumluluk zammı puanlarının yine Bakanlar Kurulu Kararında belirlenen yan ödeme katsayısı ile çarpılarak hesaplanacak miktarı ifade etmektedir. | AA200: YAN ÖDEME VE ZAMLARA AİT TABLODAN BULABİLİRSİZ İLGİLİ PERSONEL AİT YAN ÖDEME VE ZAM ORANLARININ
A202: Ödenecek Zam Tutarı=Yan Ödeme Puanı (İş Güçlüğü+İş Riski+Temininde Güçlük+Mali Sorumluluk Zamları)*Yan Ödeme Katsayısı
A204: Yan Ödeme Puanı (İş Güçlüğü + Eleman Tem. Güç.+İş Riski Zammı)* Yan Ödeme Katsayısı
A205: İş Güçlüğü | E205: Tem.Güç. | I205: İş Riski | M205: KATSAYISI | R205: TOPLAM
A206: 750 | E206: + | F206: 1000 | I206: + | J206: 500 | M206: * | N206: =$G$4 -> 0.02044 | R206: = | S206: =(A206+F206+J206)*N206 -> 45.99 | W206: dir.
A208: b-Tazminatlar: Görevin önem, sorumluluk ve niteliği, görev yerinin özelliği, hizmet süresi, kadro unvan ve derecesi ve eğitim seviyesi gibi hususlar göz önüne alınarak, bu Kanunda belirtilen en yüksek Devlet memuru aylığının (ek gösterge dahil) brüt tutarının belirli bir oranı şeklinde ödenen tutarı ifade etmektedir.
A212: Görevlerin nitelikleri itibariyle kanunda memurlara ödenmesi öngörülen tazminatlar şunlardır:
...

Sheet MUH.MD.YAYIN TARİHİ 
A1: 29 Temmuz 2007 PAZAR | B1: Resmî Gazete | C1: Sayı : 26597
A2: BAKANLAR KURULU KARARI
A4: Karar Sayısı : 2007/12394
A6: Ekli “Devlet Memurlarına Ödenecek Zam ve Tazminatlara İlişkin Kararda Değişiklik Yapılması Hakkında Karar”ın yürürlüğe konulması; Devlet Personel Başkanlığının görüşüne dayanan Maliye Bakanlığının 18/6/2007 tarihli ve 11755 sayılı yazısı üzerine, 657 sayılı Devlet Memurları Kanununun 152 nci maddesine göre, Bakanlar Kurulu’nca 3/7/2007 tarihinde kararlaştırılmıştır.
A10: Ahmet Necdet SEZER
A12: CUMHURBAŞKANI
A14: Recep Tayyip ERDOĞAN
A16: Başbakan
A18: A. GÜL A. ŞENER M. A. ŞAHİN B. ATALAY
A20: Dışişleri Bak. ve Başb. Yrd. Devlet Bak. ve Başb. Yrd. Devlet Bak. ve Başb. Yrd. Devlet Bakanı
A22: A. BABACAN B. ATALAY N. ÇUBUKÇU K. TÜZMEN
A24: Devlet Bakanı Devlet Bakanı V. Devlet Bakanı Devlet Bakanı
A26: F. KASIRGA M. V.GÖNÜL O. GÜNEŞ K. UNAKITAN
... A58: MADDE 3 – Bu Kararı Bakanlar Kurulu yürütür.

Sheet Sayfa1
