Workbook

Sheet Summary
A1: Consolidated Pricing Spreadsheet for Email as a Service BPA
A2: Summary of Pricing Offered - US | X2: Summary of Pricing Offered - Non-US
A3: Industry Partner | C3: 1a | D3: 1b | E3: 1c | F3: 1d | G3: 2a | H3: 2b | I3: 2c | J3: 2d | K3: 3a | L3: 3b | M3: 3c | N3: 3d | O3: 4a | P3: 4b | Q3: 4c | R3: 4d | S3: 5a | T3: 5b | U3: 5c | V3: 5d | X3: Industry Partner | Y3: 1a | Z3: 1b | AA3: 1c | AB3: 1d | AC3: 2a | AD3: 2b | AE3: 2c | AF3: 2d | AG3: 3a | AH3: 3b | AI3: 3c | AJ3: 3d | AK3: 4a | AL3: 4b | AM3: 4c | AN3: 4d | AO3: 5a | AP3: 5b | AQ3: 5c | AR3: 5d
A4: Accenture Federal Services LLC (G) | C4: =IF(ISBLANK('Base 2-Yr (US)'!E2),"","X") -> X | D4: =IF(ISBLANK('Base 2-Yr (US)'!$E18), "","X") | E4: =IF(ISBLANK('Base 2-Yr (US)'!$E34), "","X") | F4: =IF(ISBLANK('Base 2-Yr (US)'!$E50), "","X") -> X | G4: =IF(ISBLANK('Base 2-Yr (US)'!$E66),"","X") -> X | H4: =IF(ISBLANK('Base 2-Yr (US)'!$E73), "","X") | I4: =IF(ISBLANK('Base 2-Yr (US)'!$E80), "","X") | J4: =IF(ISBLANK('Base 2-Yr (US)'!$E87), "","X") -> X | K4: =IF(ISBLANK('Base 2-Yr (US)'!$E94), "","X") | L4: =IF(ISBLANK('Base 2-Yr (US)'!$E101), "","X") | M4: =IF(ISBLANK('Base 2-Yr (US)'!$E108), "","X") | N4: =IF(ISBLANK('Base 2-Yr (US)'!$E115), "","X") | O4: =IF(ISBLANK('Base 2-Yr (US)'!$E122), "","X") -> X | P4: =IF(ISBLANK('Base 2-Yr (US)'!$E129), "","X") | Q4: =IF(ISBLANK('Base 2-Yr (US)'!$E136), "","X") | R4: =IF(ISBLANK('Base 2-Yr (US)'!$E143), "","X") -> X | S4: =IF(ISBLANK('Base 2-Yr (US)'!$E150), "","X") -> X | T4: =IF(ISBLANK('Base 2-Yr (US)'!$E162), "","X") | U4: =IF(ISBLANK('Base 2-Yr (US)'!$E174), "","X") | V4: =IF(ISBLANK('Base 2-Yr (US)'!$E186), "","X") -> X | X4: Accenture Federal Services LLC (G) | Y4: =IF(ISBLANK('Base 2-Yr (Non-US)'!$E2),"","X") -> X | Z4: =IF(ISBLANK('Base 2-Yr (Non-US)'!$E18), "","X") | AA4: =IF(ISBLANK('Base 2-Yr (Non-US)'!$E34), "","X") | AB4: =IF(ISBLANK('Base 2-Yr (Non-US)'!$E50), "","X") -> X | AC4: =IF(ISBLANK('Base 2-Yr (Non-US)'!$E66),"","X") -> X | AD4: =IF(ISBLANK('Base 2-Yr (Non-US)'!$E73), "","X") | AE4: =IF(ISBLANK('Base 2-Yr (Non-US)'!$E80), "","X") | AF4: =IF(ISBLANK('Base 2-Yr (Non-US)'!$E87), "","X") -> X | AG4: =IF(ISBLANK('Base 2-Yr (Non-US)'!$E94), "","X") | AH4: =IF(ISBLANK('Base 2-Yr (Non-US)'!$E101), "","X") | AI4: =IF(ISBLANK('Base 2-Yr (Non-US)'!$E108), "","X") | AJ4: =IF(ISBLANK('Base 2-Yr (Non-US)'!$E115), "","X") | AK4: =IF(ISBLANK('Base 2-Yr (Non-US)'!$E122), "","X") -> X | AL4: =IF(ISBLANK('Base 2-Yr (Non-US)'!$E129), "","X") | AM4: =IF(ISBLANK('Base 2-Yr (Non-US)'!$E136), "","X") | AN4: =IF(ISBLANK('Base 2-Yr (Non-US)'!$E143), "","X") -> X | AO4: =IF(ISBLANK('Base 2-Yr (Non-US)'!$E150), "","X") -> X | AP4: =IF(ISBLANK('Base 2-Yr (Non-US)'!$E162), "","X") | AQ4: =IF(ISBLANK('Base 2-Yr (Non-US)'!$E174), "","X") | AR4: =IF(ISBLANK('Base 2-Yr (Non-US)'!$E186), "","X") -> X
A5: Accenture Federal Services LLC (365) | C5: =IF((ISBLANK('Base 2-Yr (US)'!F2)),"","X") | D5: =IF(ISBLANK('Base 2-Yr (US)'!$F18), "","X") -> X | E5: =IF(ISBLANK('Base 2-Yr (US)'!$F34), "","X") | F5: =IF(ISBLANK('Base 2-Yr (US)'!$F50), "","X") | G5: =IF((ISBLANK('Base 2-Yr (US)'!$F66)),"","X") | H5: =IF(ISBLANK('Base 2-Yr (US)'!$F73), "","X") -> X | I5: =IF(ISBLANK('Base 2-Yr (US)'!$F80), "","X") | J5: =IF(ISBLANK('Base 2-Yr (US)'!$F87), "","X") | K5: =IF(ISBLANK('Base 2-Yr (US)'!$F94), "","X") | L5: =IF(ISBLANK('Base 2-Yr (US)'!$F101), "","X") | M5: =IF(ISBLANK('Base 2-Yr (US)'!$F108), "","X") | N5: =IF(ISBLANK('Base 2-Yr (US)'!$F115), "","X") | O5: =IF(ISBLANK('Base 2-Yr (US)'!$F122), "","X") | P5: =IF(ISBLANK('Base 2-Yr (US)'!$F129), "","X") -> X | Q5: =IF(ISBLANK('Base 2-Yr (US)'!$F136), "","X") | R5: =IF(ISBLANK('Base 2-Yr (US)'!$F143), "","X") | S5: =IF(ISBLANK('Base 2-Yr (US)'!$F150), "","X") | T5: =IF(ISBLANK('Base 2-Yr (US)'!$F162), "","X") -> X | U5: =IF(ISBLANK('Base 2-Yr (US)'!$F174), "","X") | V5: =IF(ISBLANK('Base 2-Yr (US)'!$F186), "","X") | X5: Accenture Federal Services LLC (365) | Y5: =IF((ISBLANK('Base 2-Yr (Non-US)'!$F2)),"","X") -> X | Z5: =IF(ISBLANK('Base 2-Yr (Non-US)'!$F18), "","X") | AA5: =IF(ISBLANK('Base 2-Yr (Non-US)'!$F34), "","X") | AB5: =IF(ISBLANK('Base 2-Yr (Non-US)'!$F50), "","X") -> X | AC5: =IF((ISBLANK('Base 2-Yr (Non-US)'!$F66)),"","X") | AD5: =IF(ISBLANK('Base 2-Yr (Non-US)'!$F73), "","X") | AE5: =IF(ISBLANK('Base 2-Yr (Non-US)'!$F80), "","X") | AF5: =IF(ISBLANK('Base 2-Yr (Non-US)'!$F87), "","X") -> X | AG5: =IF(ISBLANK('Base 2-Yr (Non-US)'!$F94), "","X") | AH5: =IF(ISBLANK('Base 2-Yr (Non-US)'!$F101), "","X") | AI5: =IF(ISBLANK('Base 2-Yr (Non-US)'!$F108), "","X") | AJ5: =IF(ISBLANK('Base 2-Yr (Non-US)'!$F115), "","X") | AK5: =IF(ISBLANK('Base 2-Yr (Non-US)'!$F122), "","X") -> X | AL5: =IF(ISBLANK('Base 2-Yr (Non-US)'!$F129), "","X") | AM5: =IF(ISBLANK('Base 2-Yr (Non-US)'!$F136), "","X") | AN5: =IF(ISBLANK('Base 2-Yr (Non-US)'!$F143), "","X") -> X | AO5: =IF(ISBLANK('Base 2-Yr (Non-US)'!$F150), "","X") -> X | AP5: =IF(ISBLANK('Base 2-Yr (Non-US)'!$F162), "","X") | AQ5: =IF(ISBLANK('Base 2-Yr (Non-US)'!$F174), "","X") | AR5: =IF(ISBLANK('Base 2-Yr (Non-US)'!$F186), "","X") -> X
A6: Autonomic Resources LLC (EX) | C6: =IF(ISBLANK('Base 2-Yr (US)'!$G2), "","X") -> X | D6: =IF(ISBLANK('Base 2-Yr (US)'!$G18), "","X") -> X | E6: =IF(ISBLANK('Base 2-Yr (US)'!$G34), "","X") | F6: =IF(ISBLANK('Base 2-Yr (US)'!$G50), "","X") | G6: =IF(ISBLANK('Base 2-Yr (US)'!$G66), "","X") | H6: =IF(ISBLANK('Base 2-Yr (US)'!$G73), "","X") | I6: =IF(ISBLANK('Base 2-Yr (US)'!$G80), "","X") | J6: =IF(ISBLANK('Base 2-Yr (US)'!$G87), "","X") | K6: =IF(ISBLANK('Base 2-Yr (US)'!$G94), "","X") -> X | L6: =IF(ISBLANK('Base 2-Yr (US)'!$G101), "","X") -> X | M6: =IF(ISBLANK('Base 2-Yr (US)'!$G108), "","X") | N6: =IF(ISBLANK('Base 2-Yr (US)'!$G115), "","X") | O6: =IF(ISBLANK('Base 2-Yr (US)'!$G122), "","X") -> X | P6: =IF(ISBLANK('Base 2-Yr (US)'!$G129), "","X") -> X | Q6: =IF(ISBLANK('Base 2-Yr (US)'!$G136), "","X") | R6: =IF(ISBLANK('Base 2-Yr (US)'!$G143), "","X") | S6: =IF(ISBLANK('Base 2-Yr (US)'!$G150), "","X") -> X | T6: =IF(ISBLANK('Base 2-Yr (US)'!$G162), "","X") -> X | U6: =IF(ISBLANK('Base 2-Yr (US)'!$G174), "","X") | V6: =IF(ISBLANK('Base 2-Yr (US)'!$G186), "","X") | X6: Autonomic Resources LLC (EX) | Y6: =IF(ISBLANK('Base 2-Yr (Non-US)'!$G2), "","X") | Z6: =IF(ISBLANK('Base 2-Yr (Non-US)'!$G18), "","X") | AA6: =IF(ISBLANK('Base 2-Yr (Non-US)'!$G34), "","X") | AB6: =IF(ISBLANK('Base 2-Yr (Non-US)'!$G50), "","X") | AC6: =IF(ISBLANK('Base 2-Yr (Non-US)'!$G66), "","X") | AD6: =IF(ISBLANK('Base 2-Yr (Non-US)'!$G73), "","X") | AE6: =IF(ISBLANK('Base 2-Yr (Non-US)'!$G80), "","X") | AF6: =IF(ISBLANK('Base 2-Yr (Non-US)'!$G87), "","X") | AG6: =IF(ISBLANK('Base 2-Yr (Non-US)'!$G94), "","X") | AH6: =IF(ISBLANK('Base 2-Yr (Non-US)'!$G101), "","X") | AI6: =IF(ISBLANK('Base 2-Yr (Non-US)'!$G108), "","X") | AJ6: =IF(ISBLANK('Base 2-Yr (Non-US)'!$G115), "","X") | AK6: =IF(ISBLANK('Base 2-Yr (Non-US)'!$G122), "","X") | AL6: =IF(ISBLANK('Base 2-Yr (Non-US)'!$G129), "","X") | AM6: =IF(ISBLANK('Base 2-Yr (Non-US)'!$G136), "","X") | AN6: =IF(ISBLANK('Base 2-Yr (Non-US)'!$G143), "","X") | AO6: =IF(ISBLANK('Base 2-Yr (Non-US)'!$G150), "","X") | AP6: =IF(ISBLANK('Base 2-Yr (Non-US)'!$G162), "","X") | AQ6: =IF(ISBLANK('Base 2-Yr (Non-US)'!$G174), "","X") | AR6: =IF(ISBLANK('Base 2-Yr (Non-US)'!$G186), "","X")
A7: CGI Federal Inc. (Z) | C7: =IF(ISBLANK('Base 2-Yr (US)'!$H2), "","X") -> X | D7: =IF(ISBLANK('Base 2-Yr (US)'!$H18), "","X") -> X | E7: =IF(ISBLANK('Base 2-Yr (US)'!$H34), "","X") | F7: =IF(ISBLANK('Base 2-Yr (US)'!$H50), "","X") | G7: =IF(ISBLANK('Base 2-Yr (US)'!$H66), "","X") -> X | H7: =IF(ISBLANK('Base 2-Yr (US)'!$H73), "","X") -> X | I7: =IF(ISBLANK('Base 2-Yr (US)'!$H80), "","X") | J7: =IF(ISBLANK('Base 2-Yr (US)'!$H87), "","X") | K7: =IF(ISBLANK('Base 2-Yr (US)'!$H94), "","X") -> X | L7: =IF(ISBLANK('Base 2-Yr (US)'!$H101), "","X") -> X | M7: =IF(ISBLANK('Base 2-Yr (US)'!$H108), "","X") | N7: =IF(ISBLANK('Base 2-Yr (US)'!$H115), "","X") | O7: =IF(ISBLANK('Base 2-Yr (US)'!$H122), "","X") -> X | P7: =IF(ISBLANK('Base 2-Yr (US)'!$H129), "","X") -> X | Q7: =IF(ISBLANK('Base 2-Yr (US)'!$H136), "","X") | R7: =IF(ISBLANK('Base 2-Yr (US)'!$H143), "","X") | S7: =IF(ISBLANK('Base 2-Yr (US)'!$H150), "","X") -> X | T7: =IF(ISBLANK('Base 2-Yr (US)'!$H162), "","X") -> X | U7: =IF(ISBLANK('Base 2-Yr (US)'!$H174), "","X") | V7: =IF(ISBLANK('Base 2-Yr (US)'!$H186), "","X") | X7: CGI Federal Inc. (Z) | Y7: =IF(ISBLANK('Base 2-Yr (Non-US)'!$H2), "","X") | Z7: =IF(ISBLANK('Base 2-Yr (Non-US)'!$H18), "","X") | AA7: =IF(ISBLANK('Base 2-Yr (Non-US)'!$H34), "","X") | AB7: =IF(ISBLANK('Base 2-Yr (Non-US)'!$H50), "","X") | AC7: =IF(ISBLANK('Base 2-Yr (Non-US)'!$H66), "","X") | AD7: =IF(ISBLANK('Base 2-Yr (Non-US)'!$H73), "","X") | AE7: =IF(ISBLANK('Base 2-Yr (Non-US)'!$H80), "","X") | AF7: =IF(ISBLANK('Base 2-Yr (Non-US)'!$H87), "","X") | AG7: =IF(ISBLANK('Base 2-Yr (Non-US)'!$H94), "","X") | AH7: =IF(ISBLANK('Base 2-Yr (Non-US)'!$H101), "","X") | AI7: =IF(ISBLANK('Base 2-Yr (Non-US)'!$H108), "","X") | AJ7: =IF(ISBLANK('Base 2-Yr (Non-US)'!$H115), "","X") | AK7: =IF(ISBLANK('Base 2-Yr (Non-US)'!$H122), "","X") | AL7: =IF(ISBLANK('Base 2-Yr (Non-US)'!$H129), "","X") | AM7: =IF(ISBLANK('Base 2-Yr (Non-US)'!$H136), "","X") | AN7: =IF(ISBLANK('Base 2-Yr (Non-US)'!$H143), "","X") | AO7: =IF(ISBLANK('Base 2-Yr (Non-US)'!$H150), "","X") | AP7: =IF(ISBLANK('Base 2-Yr (Non-US)'!$H162), "","X") | AQ7: =IF(ISBLANK('Base 2-Yr (Non-US)'!$H174), "","X") | AR7: =IF(ISBLANK('Base 2-Yr (Non-US)'!$H186), "","X")
A8: Ciracom Inc. (EX) | C8: =IF(ISBLANK('Base 2-Yr (US)'!$I2), "","X") -> X | D8: =IF(ISBLANK('Base 2-Yr (US)'!$I18), "","X") | E8: =IF(ISBLANK('Base 2-Yr (US)'!$I34), "","X") | F8: =IF(ISBLANK('Base 2-Yr (US)'!$I50), "","X") -> X | G8: =IF(ISBLANK('Base 2-Yr (US)'!$I66), "","X") | H8: =IF(ISBLANK('Base 2-Yr (US)'!$I73), "","X") | I8: =IF(ISBLANK('Base 2-Yr (US)'!$I80), "","X") | J8: =IF(ISBLANK('Base 2-Yr (US)'!$I87), "","X") | K8: =IF(ISBLANK('Base 2-Yr (US)'!$I94), "","X") | L8: =IF(ISBLANK('Base 2-Yr (US)'!$I101), "","X") | M8: =IF(ISBLANK('Base 2-Yr (US)'!$I108), "","X") | N8: =IF(ISBLANK('Base 2-Yr (US)'!$I115), "","X") | O8: =IF(ISBLANK('Base 2-Yr (US)'!$I122), "","X") -> X | P8: =IF(ISBLANK('Base 2-Yr (US)'!$I129), "","X") | Q8: =IF(ISBLANK('Base 2-Yr (US)'!$I136), "","X") | R8: =IF(ISBLANK('Base 2-Yr (US)'!$I143), "","X") -> X | S8: =IF(ISBLANK('Base 2-Yr (US)'!$I150), "","X") -> X | T8: =IF(ISBLANK('Base 2-Yr (US)'!$I162), "","X") | U8: =IF(ISBLANK('Base 2-Yr (US)'!$I174), "","X") | V8: =IF(ISBLANK('Base 2-Yr (US)'!$I186), "","X") -> X | X8: Ciracom Inc. (EX) | Y8: =IF(ISBLANK('Base 2-Yr (Non-US)'!$I2), "","X") | Z8: =IF(ISBLANK('Base 2-Yr (Non-US)'!$I18), "","X") | AA8: =IF(ISBLANK('Base 2-Yr (Non-US)'!$I34), "","X") | AB8: =IF(ISBLANK('Base 2-Yr (Non-US)'!$I50), "","X") | AC8: =IF(ISBLANK('Base 2-Yr (Non-US)'!$I66), "","X") | AD8: =IF(ISBLANK('Base 2-Yr (Non-US)'!$I73), "","X") | AE8: =IF(ISBLANK('Base 2-Yr (Non-US)'!$I80), "","X") | AF8: =IF(ISBLANK('Base 2-Yr (Non-US)'!$I87), "","X") | AG8: =IF(ISBLANK('Base 2-Yr (Non-US)'!$I94), "","X") | AH8: =IF(ISBLANK('Base 2-Yr (Non-US)'!$I101), "","X") | AI8: =IF(ISBLANK('Base 2-Yr (Non-US)'!$I108), "","X") | AJ8: =IF(ISBLANK('Base 2-Yr (Non-US)'!$I115), "","X") | AK8: =IF(ISBLANK('Base 2-Yr (Non-US)'!$I122), "","X") | AL8: =IF(ISBLANK('Base 2-Yr (Non-US)'!$I129), "","X") | AM8: =IF(ISBLANK('Base 2-Yr (Non-US)'!$I136), "","X") | AN8: =IF(ISBLANK('Base 2-Yr (Non-US)'!$I143), "","X") | AO8: =IF(ISBLANK('Base 2-Yr (Non-US)'!$I150), "","X") | AP8: =IF(ISBLANK('Base 2-Yr (Non-US)'!$I162), "","X") | AQ8: =IF(ISBLANK('Base 2-Yr (Non-US)'!$I174), "","X") | AR8: =IF(ISBLANK('Base 2-Yr (Non-US)'!$I186), "","X")
A9: Computer Sciences Corporation (G) | C9: =IF(ISBLANK('Base 2-Yr (US)'!$J2), "","X") -> X | D9: =IF(ISBLANK('Base 2-Yr (US)'!$J18), "","X") | E9: =IF(ISBLANK('Base 2-Yr (US)'!$J34), "","X") | F9: =IF(ISBLANK('Base 2-Yr (US)'!$J50), "","X") -> X | G9: =IF(ISBLANK('Base 2-Yr (US)'!$J66), "","X") -> X | H9: =IF(ISBLANK('Base 2-Yr (US)'!$J73), "","X") | I9: =IF(ISBLANK('Base 2-Yr (US)'!$J80), "","X") | J9: =IF(ISBLANK('Base 2-Yr (US)'!$J87), "","X") -> X | K9: =IF(ISBLANK('Base 2-Yr (US)'!$J94), "","X") | L9: =IF(ISBLANK('Base 2-Yr (US)'!$J101), "","X") | M9: =IF(ISBLANK('Base 2-Yr (US)'!$J108), "","X") | N9: =IF(ISBLANK('Base 2-Yr (US)'!$J115), "","X") | O9: =IF(ISBLANK('Base 2-Yr (US)'!$J122), "","X") -> X | P9: =IF(ISBLANK('Base 2-Yr (US)'!$J129), "","X") | Q9: =IF(ISBLANK('Base 2-Yr (US)'!$J136), "","X") | R9: =IF(ISBLANK('Base 2-Yr (US)'!$J143), "","X") -> X | S9: =IF(ISBLANK('Base 2-Yr (US)'!$J150), "","X") -> X | T9: =IF(ISBLANK('Base 2-Yr (US)'!$J162), "","X") | U9: =IF(ISBLANK('Base 2-Yr (US)'!$J174), "","X") | V9: =IF(ISBLANK('Base 2-Yr (US)'!$J186), "","X") -> X | X9: Computer Sciences Corporation (G) | Y9: =IF(ISBLANK('Base 2-Yr (Non-US)'!$J2), "","X") -> X | Z9: =IF(ISBLANK('Base 2-Yr (Non-US)'!$J18), "","X") | AA9: =IF(ISBLANK('Base 2-Yr (Non-US)'!$J34), "","X") | AB9: =IF(ISBLANK('Base 2-Yr (Non-US)'!$J50), "","X") -> X | AC9: =IF(ISBLANK('Base 2-Yr (Non-US)'!$J66), "","X") -> X | AD9: =IF(ISBLANK('Base 2-Yr (Non-US)'!$J73), "","X") | AE9: =IF(ISBLANK('Base 2-Yr (Non-US)'!$J80), "","X") | AF9: =IF(ISBLANK('Base 2-Yr (Non-US)'!$J87), "","X") -> X | AG9: =IF(ISBLANK('Base 2-Yr (Non-US)'!$J94), "","X") | AH9: =IF(ISBLANK('Base 2-Yr (Non-US)'!$J101), "","X") | AI9: =IF(ISBLANK('Base 2-Yr (Non-US)'!$J108), "","X") | AJ9: =IF(ISBLANK('Base 2-Yr (Non-US)'!$J115), "","X") | AK9: =IF(ISBLANK('Base 2-Yr (Non-US)'!$J122), "","X") -> X | AL9: =IF(ISBLANK('Base 2-Yr (Non-US)'!$J129), "","X") | AM9: =IF(ISBLANK('Base 2-Yr (Non-US)'!$J136), "","X") | AN9: =IF(ISBLANK('Base 2-Yr (Non-US)'!$J143), "","X") -> X | AO9: =IF(ISBLANK('Base 2-Yr (Non-US)'!$J150), "","X") -> X | AP9: =IF(ISBLANK('Base 2-Yr (Non-US)'!$J162), "","X") | AQ9: =IF(ISBLANK('Base 2-Yr (Non-US)'!$J174), "","X") | AR9: =IF(ISBLANK('Base 2-Yr (Non-US)'!$J186), "","X") -> X
A10: Computer Sciences Corporation (EX) | C10: =IF(ISBLANK('Base 2-Yr (US)'!$K2), "","X") | D10: =IF(ISBLANK('Base 2-Yr (US)'!$K18), "","X") -> X | E10: =IF(ISBLANK('Base 2-Yr (US)'!$K34), "","X") -> X | F10: =IF(ISBLANK('Base 2-Yr (US)'!$K50), "","X") | G10: =IF(ISBLANK('Base 2-Yr (US)'!$K66), "","X") | H10: =IF(ISBLANK('Base 2-Yr (US)'!$K73), "","X") -> X | I10: =IF(ISBLANK('Base 2-Yr (US)'!$K80), "","X") -> X | J10: =IF(ISBLANK('Base 2-Yr (US)'!$K87), "","X") | K10: =IF(ISBLANK('Base 2-Yr (US)'!$K94), "","X") | L10: =IF(ISBLANK('Base 2-Yr (US)'!$K101), "","X") -> X | M10: =IF(ISBLANK('Base 2-Yr (US)'!$K108), "","X") -> X | N10: =IF(ISBLANK('Base 2-Yr (US)'!$K115), "","X") | O10: =IF(ISBLANK('Base 2-Yr (US)'!$K122), "","X") | P10: =IF(ISBLANK('Base 2-Yr (US)'!$K129), "","X") -> X | Q10: =IF(ISBLANK('Base 2-Yr (US)'!$K136), "","X") -> X | R10: =IF(ISBLANK('Base 2-Yr (US)'!$K143), "","X") | S10: =IF(ISBLANK('Base 2-Yr (US)'!$K150), "","X") | T10: =IF(ISBLANK('Base 2-Yr (US)'!$K162), "","X") -> X | U10: =IF(ISBLANK('Base 2-Yr (US)'!$K174), "","X") -> X | V10: =IF(ISBLANK('Base 2-Yr (US)'!$K186), "","X") | X10: Computer Sciences Corporation (EX) | Y10: =IF(ISBLANK('Base 2-Yr (Non-US)'!$K2), "","X") | Z10: =IF(ISBLANK('Base 2-Yr (Non-US)'!$K18), "","X") | AA10: =IF(ISBLANK('Base 2-Yr (Non-US)'!$K34), "","X") | AB10: =IF(ISBLANK('Base 2-Yr (Non-US)'!$K50), "","X") | AC10: =IF(ISBLANK('Base 2-Yr (Non-US)'!$K66), "","X") | AD10: =IF(ISBLANK('Base 2-Yr (Non-US)'!$K73), "","X") | AE10: =IF(ISBLANK('Base 2-Yr (Non-US)'!$K80), "","X") | AF10: =IF(ISBLANK('Base 2-Yr (Non-US)'!$K87), "","X") | AG10: =IF(ISBLANK('Base 2-Yr (Non-US)'!$K94), "","X") | AH10: =IF(ISBLANK('Base 2-Yr (Non-US)'!$K101), "","X") | AI10: =IF(ISBLANK('Base 2-Yr (Non-US)'!$K108), "","X") | AJ10: =IF(ISBLANK('Base 2-Yr (Non-US)'!$K115), "","X") | AK10: =IF(ISBLANK('Base 2-Yr (Non-US)'!$K122), "","X") | AL10: =IF(ISBLANK('Base 2-Yr (Non-US)'!$K129), "","X") | AM10: =IF(ISBLANK('Base 2-Yr (Non-US)'!$K136), "","X") | AN10: =IF(ISBLANK('Base 2-Yr (Non-US)'!$K143), "","X") | AO10: =IF(ISBLANK('Base 2-Yr (Non-US)'!$K150), "","X") | AP10: =IF(ISBLANK('Base 2-Yr (Non-US)'!$K162), "","X") | AQ10: =IF(ISBLANK('Base 2-Yr (Non-US)'!$K174), "","X") | AR10: =IF(ISBLANK('Base 2-Yr (Non-US)'!$K186), "","X")
A11: Dell Federal Systems L.P. (365) | C11: =IF(ISBLANK('Base 2-Yr (US)'!$L2), "","X") | D11: =IF(ISBLANK('Base 2-Yr (US)'!$L18), "","X") -> X | E11: =IF(ISBLANK('Base 2-Yr (US)'!$L34), "","X") | F11: =IF(ISBLANK('Base 2-Yr (US)'!$L50), "","X") -> X | G11: =IF(ISBLANK('Base 2-Yr (US)'!$L66), "","X") | H11: =IF(ISBLANK('Base 2-Yr (US)'!$L73), "","X") -> X | I11: =IF(ISBLANK('Base 2-Yr (US)'!$L80), "","X") | J11: =IF(ISBLANK('Base 2-Yr (US)'!$L87), "","X") -> X | K11: =IF(ISBLANK('Base 2-Yr (US)'!$L94), "","X") | L11: =IF(ISBLANK('Base 2-Yr (US)'!$L101), "","X") | M11: =IF(ISBLANK('Base 2-Yr (US)'!$L108), "","X") | N11: =IF(ISBLANK('Base 2-Yr (US)'!$L115), "","X") | O11: =IF(ISBLANK('Base 2-Yr (US)'!$L122), "","X") | P11: =IF(ISBLANK('Base 2-Yr (US)'!$L129), "","X") -> X | Q11: =IF(ISBLANK('Base 2-Yr (US)'!$L136), "","X") | R11: =IF(ISBLANK('Base 2-Yr (US)'!$L143), "","X") -> X | S11: =IF(ISBLANK('Base 2-Yr (US)'!$L150), "","X") | T11: =IF(ISBLANK('Base 2-Yr (US)'!$L162), "","X") -> X | U11: =IF(ISBLANK('Base 2-Yr (US)'!$L174), "","X") | V11: =IF(ISBLANK('Base 2-Yr (US)'!$L186), "","X") -> X | X11: Dell Federal Systems L.P. (365) | Y11: =IF(ISBLANK('Base 2-Yr (Non-US)'!$L2), "","X") | Z11: =IF(ISBLANK('Base 2-Yr (Non-US)'!$L18), "","X") -> X | AA11: =IF(ISBLANK('Base 2-Yr (Non-US)'!$L34), "","X") | AB11: =IF(ISBLANK('Base 2-Yr (Non-US)'!$L50), "","X") -> X | AC11: =IF(ISBLANK('Base 2-Yr (Non-US)'!$L66), "","X") | AD11: =IF(ISBLANK('Base 2-Yr (Non-US)'!$L73), "","X") -> X | AE11: =IF(ISBLANK('Base 2-Yr (Non-US)'!$L80), "","X") | AF11: =IF(ISBLANK('Base 2-Yr (Non-US)'!$L87), "","X") -> X | AG11: =IF(ISBLANK('Base 2-Yr (Non-US)'!$L94), "","X") | AH11: =IF(ISBLANK('Base 2-Yr (Non-US)'!$L101), "","X") | AI11: =IF(ISBLANK('Base 2-Yr (Non-US)'!$L108), "","X") | AJ11: =IF(ISBLANK('Base 2-Yr (Non-US)'!$L115), "","X") | AK11: =IF(ISBLANK('Base 2-Yr (Non-US)'!$L122), "","X") | AL11: =IF(ISBLANK('Base 2-Yr (Non-US)'!$L129), "","X") -> X | AM11: =IF(ISBLANK('Base 2-Yr (Non-US)'!$L136), "","X") | AN11: =IF(ISBLANK('Base 2-Yr (Non-US)'!$L143), "","X") -> X | AO11: =IF(ISBLANK('Base 2-Yr (Non-US)'!$L150), "","X") | AP11: =IF(ISBLANK('Base 2-Yr (Non-US)'!$L162), "","X") -> X | AQ11: =IF(ISBLANK('Base 2-Yr (Non-US)'!$L174), "","X") | AR11: =IF(ISBLANK('Base 2-Yr (Non-US)'!$L186), "","X") -> X
A12: DLT Solutions, LLC (G) | C12: =IF(ISBLANK('Base 2-Yr (US)'!$M2), "","X") -> X | D12: =IF(ISBLANK('Base 2-Yr (US)'!$M18), "","X") | E12: =IF(ISBLANK('Base 2-Yr (US)'!$M34), "","X") | F12: =IF(ISBLANK('Base 2-Yr (US)'!$M50), "","X") -> X | G12: =IF(ISBLANK('Base 2-Yr (US)'!$M66), "","X") -> X | H12: =IF(ISBLANK('Base 2-Yr (US)'!$M73), "","X") | I12: =IF(ISBLANK('Base 2-Yr (US)'!$M80), "","X") | J12: =IF(ISBLANK('Base 2-Yr (US)'!$M87), "","X") -> X | K12: =IF(ISBLANK('Base 2-Yr (US)'!$M94), "","X") | L12: =IF(ISBLANK('Base 2-Yr (US)'!$M101), "","X") | M12: =IF(ISBLANK('Base 2-Yr (US)'!$M108), "","X") | N12: =IF(ISBLANK('Base 2-Yr (US)'!$M115), "","X") | O12: =IF(ISBLANK('Base 2-Yr (US)'!$M122), "","X") -> X | P12: =IF(ISBLANK('Base 2-Yr (US)'!$M129), "","X") | Q12: =IF(ISBLANK('Base 2-Yr (US)'!$M136), "","X") | R12: =IF(ISBLANK('Base 2-Yr (US)'!$M143), "","X") -> X | S12: =IF(ISBLANK('Base 2-Yr (US)'!$M150), "","X") -> X | T12: =IF(ISBLANK('Base 2-Yr (US)'!$M162), "","X") | U12: =IF(ISBLANK('Base 2-Yr (US)'!$M174), "","X") | V12: =IF(ISBLANK('Base 2-Yr (US)'!$M186), "","X") -> X | X12: DLT Solutions, LLC (G) | Y12: =IF(ISBLANK('Base 2-Yr (Non-US)'!$M2), "","X") -> X | Z12: =IF(ISBLANK('Base 2-Yr (Non-US)'!$M18), "","X") | AA12: =IF(ISBLANK('Base 2-Yr (Non-US)'!$M34), "","X") | AB12: =IF(ISBLANK('Base 2-Yr (Non-US)'!$M50), "","X") -> X | AC12: =IF(ISBLANK('Base 2-Yr (Non-US)'!$M66), "","X") -> X | AD12: =IF(ISBLANK('Base 2-Yr (Non-US)'!$M73), "","X") | AE12: =IF(ISBLANK('Base 2-Yr (Non-US)'!$M80), "","X") | AF12: =IF(ISBLANK('Base 2-Yr (Non-US)'!$M87), "","X") -> X | AG12: =IF(ISBLANK('Base 2-Yr (Non-US)'!$M94), "","X") | AH12: =IF(ISBLANK('Base 2-Yr (Non-US)'!$M101), "","X") | AI12: =IF(ISBLANK('Base 2-Yr (Non-US)'!$M108), "","X") | AJ12: =IF(ISBLANK('Base 2-Yr (Non-US)'!$M115), "","X") | AK12: =IF(ISBLANK('Base 2-Yr (Non-US)'!$M122), "","X") -> X | AL12: =IF(ISBLANK('Base 2-Yr (Non-US)'!$M129), "","X") | AM12: =IF(ISBLANK('Base 2-Yr (Non-US)'!$M136), "","X") | AN12: =IF(ISBLANK('Base 2-Yr (Non-US)'!$M143), "","X") -> X | AO12: =IF(ISBLANK('Base 2-Yr (Non-US)'!$M150), "","X") -> X | AP12: =IF(ISBLANK('Base 2-Yr (Non-US)'!$M162), "","X") | AQ12: =IF(ISBLANK('Base 2-Yr (Non-US)'!$M174), "","X") | AR12: =IF(ISBLANK('Base 2-Yr (Non-US)'!$M186), "","X") -> X
A13: General Dynamics Information Technology, Inc. (Z) | C13: =IF(ISBLANK('Base 2-Yr (US)'!$N2), "","X") -> X | D13: =IF(ISBLANK('Base 2-Yr (US)'!$N18), "","X") -> X | E13: =IF(ISBLANK('Base 2-Yr (US)'!$N34), "","X") -> X | F13: =IF(ISBLANK('Base 2-Yr (US)'!$N50), "","X") -> X | G13: =IF(ISBLANK('Base 2-Yr (US)'!$N66), "","X") -> X | H13: =IF(ISBLANK('Base 2-Yr (US)'!$N73), "","X") -> X | I13: =IF(ISBLANK('Base 2-Yr (US)'!$N80), "","X") -> X | J13: =IF(ISBLANK('Base 2-Yr (US)'!$N87), "","X") -> X | K13: =IF(ISBLANK('Base 2-Yr (US)'!$N94), "","X") -> X | L13: =IF(ISBLANK('Base 2-Yr (US)'!$N101), "","X") -> X | M13: =IF(ISBLANK('Base 2-Yr (US)'!$N108), "","X") -> X | N13: =IF(ISBLANK('Base 2-Yr (US)'!$N115), "","X") -> X | O13: =IF(ISBLANK('Base 2-Yr (US)'!$N122), "","X") -> X | P13: =IF(ISBLANK('Base 2-Yr (US)'!$N129), "","X") -> X | Q13: =IF(ISBLANK('Base 2-Yr (US)'!$N136), "","X") -> X | R13: =IF(ISBLANK('Base 2-Yr (US)'!$N143), "","X") -> X | S13: =IF(ISBLANK('Base 2-Yr (US)'!$N150), "","X") -> X | T13: =IF(ISBLANK('Base 2-Yr (US)'!$N162), "","X") -> X | U13: =IF(ISBLANK('Base 2-Yr (US)'!$N174), "","X") -> X | V13: =IF(ISBLANK('Base 2-Yr (US)'!$N186), "","X") -> X | X13: General Dynamics Information Technology, Inc. (Z) | Y13: =IF(ISBLANK('Base 2-Yr (Non-US)'!$N2), "","X") | Z13: =IF(ISBLANK('Base 2-Yr (Non-US)'!$N18), "","X") | AA13: =IF(ISBLANK('Base 2-Yr (Non-US)'!$N34), "","X") | AB13: =IF(ISBLANK('Base 2-Yr (Non-US)'!$N50), "","X") | AC13: =IF(ISBLANK('Base 2-Yr (Non-US)'!$N66), "","X") | AD13: =IF(ISBLANK('Base 2-Yr (Non-US)'!$N73), "","X") | AE13: =IF(ISBLANK('Base 2-Yr (Non-US)'!$N80), "","X") | AF13: =IF(ISBLANK('Base 2-Yr (Non-US)'!$N87), "","X") | AG13: =IF(ISBLANK('Base 2-Yr (Non-US)'!$N94), "","X") | AH13: =IF(ISBLANK('Base 2-Yr (Non-US)'!$N101), "","X") | AI13: =IF(ISBLANK('Base 2-Yr (Non-US)'!$N108), "","X") | AJ13: =IF(ISBLANK('Base 2-Yr (Non-US)'!$N115), "","X") | AK13: =IF(ISBLANK('Base 2-Yr (Non-US)'!$N122), "","X") | AL13: =IF(ISBLANK('Base 2-Yr (Non-US)'!$N129), "","X") | AM13: =IF(ISBLANK('Base 2-Yr (Non-US)'!$N136), "","X") | AN13: =IF(ISBLANK('Base 2-Yr (Non-US)'!$N143), "","X") | AO13: =IF(ISBLANK('Base 2-Yr (Non-US)'!$N150), "","X") | AP13: =IF(ISBLANK('Base 2-Yr (Non-US)'!$N162), "","X") | AQ13: =IF(ISBLANK('Base 2-Yr (Non-US)'!$N174), "","X") | AR13: =IF(ISBLANK('Base 2-Yr (Non-US)'!$N186), "","X")
A14: Harris IT Service Corporation (Z) | C14: =IF(ISBLANK('Base 2-Yr (US)'!$O2), "","X") -> X | D14: =IF(ISBLANK('Base 2-Yr (US)'!$O18), "","X") -> X | E14: =IF(ISBLANK('Base 2-Yr (US)'!$O34), "","X") | F14: =IF(ISBLANK('Base 2-Yr (US)'!$O50), "","X") -> X | G14: =IF(ISBLANK('Base 2-Yr (US)'!$O66), "","X") -> X | H14: =IF(ISBLANK('Base 2-Yr (US)'!$O73), "","X") -> X | I14: =IF(ISBLANK('Base 2-Yr (US)'!$O80), "","X") | J14: =IF(ISBLANK('Base 2-Yr (US)'!$O87), "","X") -> X | K14: =IF(ISBLANK('Base 2-Yr (US)'!$O94), "","X") -> X | L14: =IF(ISBLANK('Base 2-Yr (US)'!$O101), "","X") -> X | M14: =IF(ISBLANK('Base 2-Yr (US)'!$O108), "","X") | N14: =IF(ISBLANK('Base 2-Yr (US)'!$O115), "","X") -> X | O14: =IF(ISBLANK('Base 2-Yr (US)'!$O122), "","X") -> X | P14: =IF(ISBLANK('Base 2-Yr (US)'!$O129), "","X") -> X | Q14: =IF(ISBLANK('Base 2-Yr (US)'!$O136), "","X") | R14: =IF(ISBLANK('Base 2-Yr (US)'!$O143), "","X") -> X | S14: =IF(ISBLANK('Base 2-Yr (US)'!$O150), "","X") -> X | T14: =IF(ISBLANK('Base 2-Yr (US)'!$O162), "","X") -> X | U14: =IF(ISBLANK('Base 2-Yr (US)'!$O174), "","X") | V14: =IF(ISBLANK('Base 2-Yr (US)'!$O186), "","X") -> X | X14: Harris IT Service Corporation (Z) | Y14: =IF(ISBLANK('Base 2-Yr (Non-US)'!$O2), "","X") | Z14: =IF(ISBLANK('Base 2-Yr (Non-US)'!$O18), "","X") | AA14: =IF(ISBLANK('Base 2-Yr (Non-US)'!$O34), "","X") | AB14: =IF(ISBLANK('Base 2-Yr (Non-US)'!$O50), "","X") | AC14: =IF(ISBLANK('Base 2-Yr (Non-US)'!$O66), "","X") | AD14: =IF(ISBLANK('Base 2-Yr (Non-US)'!$O73), "","X") | AE14: =IF(ISBLANK('Base 2-Yr (Non-US)'!$O80), "","X") | AF14: =IF(ISBLANK('Base 2-Yr (Non-US)'!$O87), "","X") | AG14: =IF(ISBLANK('Base 2-Yr (Non-US)'!$O94), "","X") | AH14: =IF(ISBLANK('Base 2-Yr (Non-US)'!$O101), "","X") | AI14: =IF(ISBLANK('Base 2-Yr (Non-US)'!$O108), "","X") | AJ14: =IF(ISBLANK('Base 2-Yr (Non-US)'!$O115), "","X") | AK14: =IF(ISBLANK('Base 2-Yr (Non-US)'!$O122), "","X") | AL14: =IF(ISBLANK('Base 2-Yr (Non-US)'!$O129), "","X") | AM14: =IF(ISBLANK('Base 2-Yr (Non-US)'!$O136), "","X") | AN14: =IF(ISBLANK('Base 2-Yr (Non-US)'!$O143), "","X") | AO14: =IF(ISBLANK('Base 2-Yr (Non-US)'!$O150), "","X") | AP14: =IF(ISBLANK('Base 2-Yr (Non-US)'!$O162), "","X") | AQ14: =IF(ISBLANK('Base 2-Yr (Non-US)'!$O174), "","X") | AR14: =IF(ISBLANK('Base 2-Yr (Non-US)'!$O186), "","X")
A15: IBM Global Business Services – U.S. Federal (DOM) | C15: =IF(ISBLANK('Base 2-Yr (US)'!$P2), "","X") -> X | D15: =IF(ISBLANK('Base 2-Yr (US)'!$P18), "","X") -> X | E15: =IF(ISBLANK('Base 2-Yr (US)'!$P34), "","X") -> X | F15: =IF(ISBLANK('Base 2-Yr (US)'!$P50), "","X") | G15: =IF(ISBLANK('Base 2-Yr (US)'!$P66), "","X") -> X | H15: =IF(ISBLANK('Base 2-Yr (US)'!$P73), "","X") -> X | I15: =IF(ISBLANK('Base 2-Yr (US)'!$P80), "","X") -> X | J15: =IF(ISBLANK('Base 2-Yr (US)'!$P87), "","X") | K15: =IF(ISBLANK('Base 2-Yr (US)'!$P94), "","X") -> X | L15: =IF(ISBLANK('Base 2-Yr (US)'!$P101), "","X") -> X | M15: =IF(ISBLANK('Base 2-Yr (US)'!$P108), "","X") -> X | N15: =IF(ISBLANK('Base 2-Yr (US)'!$P115), "","X") | O15: =IF(ISBLANK('Base 2-Yr (US)'!$P122), "","X") -> X | P15: =IF(ISBLANK('Base 2-Yr (US)'!$P129), "","X") -> X | Q15: =IF(ISBLANK('Base 2-Yr (US)'!$P136), "","X") -> X | R15: =IF(ISBLANK('Base 2-Yr (US)'!$P143), "","X") | S15: =IF(ISBLANK('Base 2-Yr (US)'!$P150), "","X") -> X | T15: =IF(ISBLANK('Base 2-Yr (US)'!$P162), "","X") -> X | U15: =IF(ISBLANK('Base 2-Yr (US)'!$P174), "","X") -> X | V15: =IF(ISBLANK('Base 2-Yr (US)'!$P186), "","X") | X15: IBM Global Business Services – U.S. Federal (DOM) | Y15: =IF(ISBLANK('Base 2-Yr (Non-US)'!$P2), "","X") | Z15: =IF(ISBLANK('Base 2-Yr (Non-US)'!$P18), "","X") | AA15: =IF(ISBLANK('Base 2-Yr (Non-US)'!$P34), "","X") | AB15: =IF(ISBLANK('Base 2-Yr (Non-US)'!$P50), "","X") | AC15: =IF(ISBLANK('Base 2-Yr (Non-US)'!$P66), "","X") | AD15: =IF(ISBLANK('Base 2-Yr (Non-US)'!$P73), "","X") | AE15: =IF(ISBLANK('Base 2-Yr (Non-US)'!$P80), "","X") | AF15: =IF(ISBLANK('Base 2-Yr (Non-US)'!$P87), "","X") | AG15: =IF(ISBLANK('Base 2-Yr (Non-US)'!$P94), "","X") | AH15: =IF(ISBLANK('Base 2-Yr (Non-US)'!$P101), "","X") | AI15: =IF(ISBLANK('Base 2-Yr (Non-US)'!$P108), "","X") | AJ15: =IF(ISBLANK('Base 2-Yr (Non-US)'!$P115), "","X") | AK15: =IF(ISBLANK('Base 2-Yr (Non-US)'!$P122), "","X") | AL15: =IF(ISBLANK('Base 2-Yr (Non-US)'!$P129), "","X") | AM15: =IF(ISBLANK('Base 2-Yr (Non-US)'!$P136), "","X") | AN15: =IF(ISBLANK('Base 2-Yr (Non-US)'!$P143), "","X") | AO15: =IF(ISBLANK('Base 2-Yr (Non-US)'!$P150), "","X") | AP15: =IF(ISBLANK('Base 2-Yr (Non-US)'!$P162), "","X") | AQ15: =IF(ISBLANK('Base 2-Yr (Non-US)'!$P174), "","X") | AR15: =IF(ISBLANK('Base 2-Yr (Non-US)'!$P186), "","X")
A16: Lockheed Martin (Z) | C16: =IF(ISBLANK('Base 2-Yr (US)'!$Q2), "","X") -> X | D16: =IF(ISBLANK('Base 2-Yr (US)'!$Q18), "","X") -> X | E16: =IF(ISBLANK('Base 2-Yr (US)'!$Q34), "","X") -> X | F16: =IF(ISBLANK('Base 2-Yr (US)'!$Q50), "","X") -> X | G16: =IF(ISBLANK('Base 2-Yr (US)'!$Q66), "","X") -> X | H16: =IF(ISBLANK('Base 2-Yr (US)'!$Q73), "","X") -> X | I16: =IF(ISBLANK('Base 2-Yr (US)'!$Q80), "","X") -> X | J16: =IF(ISBLANK('Base 2-Yr (US)'!$Q87), "","X") -> X | K16: =IF(ISBLANK('Base 2-Yr (US)'!$Q94), "","X") -> X | L16: =IF(ISBLANK('Base 2-Yr (US)'!$Q101), "","X") -> X | M16: =IF(ISBLANK('Base 2-Yr (US)'!$Q108), "","X") -> X | N16: =IF(ISBLANK('Base 2-Yr (US)'!$Q115), "","X") -> X | O16: =IF(ISBLANK('Base 2-Yr (US)'!$Q122), "","X") -> X | P16: =IF(ISBLANK('Base 2-Yr (US)'!$Q129), "","X") -> X | Q16: =IF(ISBLANK('Base 2-Yr (US)'!$Q136), "","X") -> X | R16: =IF(ISBLANK('Base 2-Yr (US)'!$Q143), "","X") -> X | S16: =IF(ISBLANK('Base 2-Yr (US)'!$Q150), "","X") -> X | T16: =IF(ISBLANK('Base 2-Yr (US)'!$Q162), "","X") -> X | U16: =IF(ISBLANK('Base 2-Yr (US)'!$Q174), "","X") -> X | V16: =IF(ISBLANK('Base 2-Yr (US)'!$Q186), "","X") -> X | X16: Lockheed Martin (Z) | Y16: =IF(ISBLANK('Base 2-Yr (Non-US)'!$Q2), "","X") -> X | Z16: =IF(ISBLANK('Base 2-Yr (Non-US)'!$Q18), "","X") -> X | AA16: =IF(ISBLANK('Base 2-Yr (Non-US)'!$Q34), "","X") | AB16: =IF(ISBLANK('Base 2-Yr (Non-US)'!$Q50), "","X") -> X | AC16: =IF(ISBLANK('Base 2-Yr (Non-US)'!$Q66), "","X") -> X | AD16: =IF(ISBLANK('Base 2-Yr (Non-US)'!$Q73), "","X") -> X | AE16: =IF(ISBLANK('Base 2-Yr (Non-US)'!$Q80), "","X") | AF16: =IF(ISBLANK('Base 2-Yr (Non-US)'!$Q87), "","X") -> X | AG16: =IF(ISBLANK('Base 2-Yr (Non-US)'!$Q94), "","X") -> X | AH16: =IF(ISBLANK('Base 2-Yr (Non-US)'!$Q101), "","X") -> X | AI16: =IF(ISBLANK('Base 2-Yr (Non-US)'!$Q108), "","X") | AJ16: =IF(ISBLANK('Base 2-Yr (Non-US)'!$Q115), "","X") -> X | AK16: =IF(ISBLANK('Base 2-Yr (Non-US)'!$Q122), "","X") -> X | AL16: =IF(ISBLANK('Base 2-Yr (Non-US)'!$Q129), "","X") -> X | AM16: =IF(ISBLANK('Base 2-Yr (Non-US)'!$Q136), "","X") | AN16: =IF(ISBLANK('Base 2-Yr (Non-US)'!$Q143), "","X") -> X | AO16: =IF(ISBLANK('Base 2-Yr (Non-US)'!$Q150), "","X") -> X | AP16: =IF(ISBLANK('Base 2-Yr (Non-US)'!$Q162), "","X") -> X | AQ16: =IF(ISBLANK('Base 2-Yr (Non-US)'!$Q174), "","X") | AR16: =IF(ISBLANK('Base 2-Yr (Non-US)'!$Q186), "","X") -> X
A17: Onix Networking Corp. (G) | C17: =IF(ISBLANK('Base 2-Yr (US)'!$R2), "","X") -> X | D17: =IF(ISBLANK('Base 2-Yr (US)'!$R18), "","X") | E17: =IF(ISBLANK('Base 2-Yr (US)'!$R34), "","X") | F17: =IF(ISBLANK('Base 2-Yr (US)'!$R50), "","X") -> X | G17: =IF(ISBLANK('Base 2-Yr (US)'!$R66), "","X") -> X | H17: =IF(ISBLANK('Base 2-Yr (US)'!$R73), "","X") | I17: =IF(ISBLANK('Base 2-Yr (US)'!$R80), "","X") | J17: =IF(ISBLANK('Base 2-Yr (US)'!$R87), "","X") -> X | K17: =IF(ISBLANK('Base 2-Yr (US)'!$R94), "","X") | L17: =IF(ISBLANK('Base 2-Yr (US)'!$R101), "","X") | M17: =IF(ISBLANK('Base 2-Yr (US)'!$R108), "","X") | N17: =IF(ISBLANK('Base 2-Yr (US)'!$R115), "","X") | O17: =IF(ISBLANK('Base 2-Yr (US)'!$R122), "","X") -> X | P17: =IF(ISBLANK('Base 2-Yr (US)'!$R129), "","X") | Q17: =IF(ISBLANK('Base 2-Yr (US)'!$R136), "","X") | R17: =IF(ISBLANK('Base 2-Yr (US)'!$R143), "","X") -> X | S17: =IF(ISBLANK('Base 2-Yr (US)'!$R150), "","X") -> X | T17: =IF(ISBLANK('Base 2-Yr (US)'!$R162), "","X") | U17: =IF(ISBLANK('Base 2-Yr (US)'!$R174), "","X") | V17: =IF(ISBLANK('Base 2-Yr (US)'!$R186), "","X") -> X | X17: Onix Networking Corp. (G) | Y17: =IF(ISBLANK('Base 2-Yr (Non-US)'!$R2), "","X") -> X | Z17: =IF(ISBLANK('Base 2-Yr (Non-US)'!$R18), "","X") | AA17: =IF(ISBLANK('Base 2-Yr (Non-US)'!$R34), "","X") | AB17: =IF(ISBLANK('Base 2-Yr (Non-US)'!$R50), "","X") -> X | AC17: =IF(ISBLANK('Base 2-Yr (Non-US)'!$R66), "","X") -> X | AD17: =IF(ISBLANK('Base 2-Yr (Non-US)'!$R73), "","X") | AE17: =IF(ISBLANK('Base 2-Yr (Non-US)'!$R80), "","X") | AF17: =IF(ISBLANK('Base 2-Yr (Non-US)'!$R87), "","X") -> X | AG17: =IF(ISBLANK('Base 2-Yr (Non-US)'!$R94), "","X") | AH17: =IF(ISBLANK('Base 2-Yr (Non-US)'!$R101), "","X") | AI17: =IF(ISBLANK('Base 2-Yr (Non-US)'!$R108), "","X") | AJ17: =IF(ISBLANK('Base 2-Yr (Non-US)'!$R115), "","X") | AK17: =IF(ISBLANK('Base 2-Yr (Non-US)'!$R122), "","X") -> X | AL17: =IF(ISBLANK('Base 2-Yr (Non-US)'!$R129), "","X") | AM17: =IF(ISBLANK('Base 2-Yr (Non-US)'!$R136), "","X") | AN17: =IF(ISBLANK('Base 2-Yr (Non-US)'!$R143), "","X") -> X | AO17: =IF(ISBLANK('Base 2-Yr (Non-US)'!$R150), "","X") -> X | AP17: =IF(ISBLANK('Base 2-Yr (Non-US)'!$R162), "","X") | AQ17: =IF(ISBLANK('Base 2-Yr (Non-US)'!$R174), "","X") | AR17: =IF(ISBLANK('Base 2-Yr (Non-US)'!$R186), "","X") -> X
A18: Science Applications International Corporation (G) | C18: =IF(ISBLANK('Base 2-Yr (US)'!$S2), "","X") -> X | D18: =IF(ISBLANK('Base 2-Yr (US)'!$S18), "","X") | E18: =IF(ISBLANK('Base 2-Yr (US)'!$S34), "","X") | F18: =IF(ISBLANK('Base 2-Yr (US)'!$S50), "","X") -> X | G18: =IF(ISBLANK('Base 2-Yr (US)'!$S66), "","X") -> X | H18: =IF(ISBLANK('Base 2-Yr (US)'!$S73), "","X") | I18: =IF(ISBLANK('Base 2-Yr (US)'!$S80), "","X") | J18: =IF(ISBLANK('Base 2-Yr (US)'!$S87), "","X") -> X | K18: =IF(ISBLANK('Base 2-Yr (US)'!$S94), "","X") | L18: =IF(ISBLANK('Base 2-Yr (US)'!$S101), "","X") | M18: =IF(ISBLANK('Base 2-Yr (US)'!$S108), "","X") | N18: =IF(ISBLANK('Base 2-Yr (US)'!$S115), "","X") | O18: =IF(ISBLANK('Base 2-Yr (US)'!$S122), "","X") -> X | P18: =IF(ISBLANK('Base 2-Yr (US)'!$S129), "","X") | Q18: =IF(ISBLANK('Base 2-Yr (US)'!$S136), "","X") | R18: =IF(ISBLANK('Base 2-Yr (US)'!$S143), "","X") -> X | S18: =IF(ISBLANK('Base 2-Yr (US)'!$S150), "","X") -> X | T18: =IF(ISBLANK('Base 2-Yr (US)'!$S162), "","X") | U18: =IF(ISBLANK('Base 2-Yr (US)'!$S174), "","X") | V18: =IF(ISBLANK('Base 2-Yr (US)'!$S186), "","X") -> X | X18: Science Applications International Corporation (G) | Y18: =IF(ISBLANK('Base 2-Yr (Non-US)'!$S2), "","X") -> X | Z18: =IF(ISBLANK('Base 2-Yr (Non-US)'!$S18), "","X") | AA18: =IF(ISBLANK('Base 2-Yr (Non-US)'!$S34), "","X") | AB18: =IF(ISBLANK('Base 2-Yr (Non-US)'!$S50), "","X") -> X | AC18: =IF(ISBLANK('Base 2-Yr (Non-US)'!$S66), "","X") -> X | AD18: =IF(ISBLANK('Base 2-Yr (Non-US)'!$S73), "","X") | AE18: =IF(ISBLANK('Base 2-Yr (Non-US)'!$S80), "","X") | AF18: =IF(ISBLANK('Base 2-Yr (Non-US)'!$S87), "","X") -> X | AG18: =IF(ISBLANK('Base 2-Yr (Non-US)'!$S94), "","X") | AH18: =IF(ISBLANK('Base 2-Yr (Non-US)'!$S101), "","X") | AI18: =IF(ISBLANK('Base 2-Yr (Non-US)'!$S108), "","X") | AJ18: =IF(ISBLANK('Base 2-Yr (Non-US)'!$S115), "","X") | AK18: =IF(ISBLANK('Base 2-Yr (Non-US)'!$S122), "","X") -> X | AL18: =IF(ISBLANK('Base 2-Yr (Non-US)'!$S129), "","X") | AM18: =IF(ISBLANK('Base 2-Yr (Non-US)'!$S136), "","X") | AN18: =IF(ISBLANK('Base 2-Yr (Non-US)'!$S143), "","X") -> X | AO18: =IF(ISBLANK('Base 2-Yr (Non-US)'!$S150), "","X") -> X | AP18: =IF(ISBLANK('Base 2-Yr (Non-US)'!$S162), "","X") | AQ18: =IF(ISBLANK('Base 2-Yr (Non-US)'!$S174), "","X") | AR18: =IF(ISBLANK('Base 2-Yr (Non-US)'!$S186), "","X") -> X
A19: Smartronix, Inc (EX) | C19: =IF(ISBLANK('Base 2-Yr (US)'!$T2), "","X") -> X | D19: =IF(ISBLANK('Base 2-Yr (US)'!$T18), "","X") -> X | E19: =IF(ISBLANK('Base 2-Yr (US)'!$T34), "","X") -> X | F19: =IF(ISBLANK('Base 2-Yr (US)'!$T50), "","X") | G19: =IF(ISBLANK('Base 2-Yr (US)'!$T66), "","X") -> X | H19: =IF(ISBLANK('Base 2-Yr (US)'!$T73), "","X") -> X | I19: =IF(ISBLANK('Base 2-Yr (US)'!$T80), "","X") -> X | J19: =IF(ISBLANK('Base 2-Yr (US)'!$T87), "","X") | K19: =IF(ISBLANK('Base 2-Yr (US)'!$T94), "","X") | L19: =IF(ISBLANK('Base 2-Yr (US)'!$T101), "","X") | M19: =IF(ISBLANK('Base 2-Yr (US)'!$T108), "","X") | N19: =IF(ISBLANK('Base 2-Yr (US)'!$T115), "","X") | O19: =IF(ISBLANK('Base 2-Yr (US)'!$T122), "","X") -> X | P19: =IF(ISBLANK('Base 2-Yr (US)'!$T129), "","X") -> X | Q19: =IF(ISBLANK('Base 2-Yr (US)'!$T136), "","X") -> X | R19: =IF(ISBLANK('Base 2-Yr (US)'!$T143), "","X") | S19: =IF(ISBLANK('Base 2-Yr (US)'!$T150), "","X") -> X | T19: =IF(ISBLANK('Base 2-Yr (US)'!$T162), "","X") -> X | U19: =IF(ISBLANK('Base 2-Yr (US)'!$T174), "","X") -> X | V19: =IF(ISBLANK('Base 2-Yr (US)'!$T186), "","X") | X19: Smartronix, Inc (EX) | Y19: =IF(ISBLANK('Base 2-Yr (Non-US)'!$T2), "","X") | Z19: =IF(ISBLANK('Base 2-Yr (Non-US)'!$T18), "","X") | AA19: =IF(ISBLANK('Base 2-Yr (Non-US)'!$T34), "","X") | AB19: =IF(ISBLANK('Base 2-Yr (Non-US)'!$T50), "","X") | AC19: =IF(ISBLANK('Base 2-Yr (Non-US)'!$T66), "","X") | AD19: =IF(ISBLANK('Base 2-Yr (Non-US)'!$T73), "","X") | AE19: =IF(ISBLANK('Base 2-Yr (Non-US)'!$T80), "","X") | AF19: =IF(ISBLANK('Base 2-Yr (Non-US)'!$T87), "","X") | AG19: =IF(ISBLANK('Base 2-Yr (Non-US)'!$T94), "","X") | AH19: =IF(ISBLANK('Base 2-Yr (Non-US)'!$T101), "","X") | AI19: =IF(ISBLANK('Base 2-Yr (Non-US)'!$T108), "","X") | AJ19: =IF(ISBLANK('Base 2-Yr (Non-US)'!$T115), "","X") | AK19: =IF(ISBLANK('Base 2-Yr (Non-US)'!$T122), "","X") | AL19: =IF(ISBLANK('Base 2-Yr (Non-US)'!$T129), "","X") | AM19: =IF(ISBLANK('Base 2-Yr (Non-US)'!$T136), "","X") | AN19: =IF(ISBLANK('Base 2-Yr (Non-US)'!$T143), "","X") | AO19: =IF(ISBLANK('Base 2-Yr (Non-US)'!$T150), "","X") | AP19: =IF(ISBLANK('Base 2-Yr (Non-US)'!$T162), "","X") | AQ19: =IF(ISBLANK('Base 2-Yr (Non-US)'!$T174), "","X") | AR19: =IF(ISBLANK('Base 2-Yr (Non-US)'!$T186), "","X")
A20: Systems Research and Applications Corporation (G) | C20: =IF(ISBLANK('Base 2-Yr (US)'!$U2), "","X") -> X | D20: =IF(ISBLANK('Base 2-Yr (US)'!$U18), "","X") | E20: =IF(ISBLANK('Base 2-Yr (US)'!$U34), "","X") | F20: =IF(ISBLANK('Base 2-Yr (US)'!$U50), "","X") | G20: =IF(ISBLANK('Base 2-Yr (US)'!$U66), "","X") -> X | H20: =IF(ISBLANK('Base 2-Yr (US)'!$U73), "","X") | I20: =IF(ISBLANK('Base 2-Yr (US)'!$U80), "","X") | J20: =IF(ISBLANK('Base 2-Yr (US)'!$U87), "","X") | K20: =IF(ISBLANK('Base 2-Yr (US)'!$U94), "","X") | L20: =IF(ISBLANK('Base 2-Yr (US)'!$U101), "","X") | M20: =IF(ISBLANK('Base 2-Yr (US)'!$U108), "","X") | N20: =IF(ISBLANK('Base 2-Yr (US)'!$U115), "","X") | O20: =IF(ISBLANK('Base 2-Yr (US)'!$U122), "","X") -> X | P20: =IF(ISBLANK('Base 2-Yr (US)'!$U129), "","X") | Q20: =IF(ISBLANK('Base 2-Yr (US)'!$U136), "","X") | R20: =IF(ISBLANK('Base 2-Yr (US)'!$U143), "","X") | S20: =IF(ISBLANK('Base 2-Yr (US)'!$U150), "","X") -> X | T20: =IF(ISBLANK('Base 2-Yr (US)'!$U162), "","X") | U20: =IF(ISBLANK('Base 2-Yr (US)'!$U174), "","X") | V20: =IF(ISBLANK('Base 2-Yr (US)'!$U186), "","X") | X20: Systems Research and Applications Corporation (G) | Y20: =IF(ISBLANK('Base 2-Yr (Non-US)'!$U2), "","X") | Z20: =IF(ISBLANK('Base 2-Yr (Non-US)'!$U18), "","X") | AA20: =IF(ISBLANK('Base 2-Yr (Non-US)'!$U34), "","X") | AB20: =IF(ISBLANK('Base 2-Yr (Non-US)'!$U50), "","X") | AC20: =IF(ISBLANK('Base 2-Yr (Non-US)'!$U66), "","X") | AD20: =IF(ISBLANK('Base 2-Yr (Non-US)'!$U73), "","X") | AE20: =IF(ISBLANK('Base 2-Yr (Non-US)'!$U80), "","X") | AF20: =IF(ISBLANK('Base 2-Yr (Non-US)'!$U87), "","X") | AG20: =IF(ISBLANK('Base 2-Yr (Non-US)'!$U94), "","X") | AH20: =IF(ISBLANK('Base 2-Yr (Non-US)'!$U101), "","X") | AI20: =IF(ISBLANK('Base 2-Yr (Non-US)'!$U108), "","X") | AJ20: =IF(ISBLANK('Base 2-Yr (Non-US)'!$U115), "","X") | AK20: =IF(ISBLANK('Base 2-Yr (Non-US)'!$U122), "","X") | AL20: =IF(ISBLANK('Base 2-Yr (Non-US)'!$U129), "","X") | AM20: =IF(ISBLANK('Base 2-Yr (Non-US)'!$U136), "","X") | AN20: =IF(ISBLANK('Base 2-Yr (Non-US)'!$U143), "","X") | AO20: =IF(ISBLANK('Base 2-Yr (Non-US)'!$U150), "","X") | AP20: =IF(ISBLANK('Base 2-Yr (Non-US)'!$U162), "","X") | AQ20: =IF(ISBLANK('Base 2-Yr (Non-US)'!$U174), "","X") | AR20: =IF(ISBLANK('Base 2-Yr (Non-US)'!$U186), "","X")
A21: Systems Research and Applications Corporation (365) | C21: =IF(ISBLANK('Base 2-Yr (US)'!$V2), "","X") | D21: =IF(ISBLANK('Base 2-Yr (US)'!$V18), "","X") -> X | E21: =IF(ISBLANK('Base 2-Yr (US)'!$V34), "","X") | F21: =IF(ISBLANK('Base 2-Yr (US)'!$V50), "","X") | G21: =IF(ISBLANK('Base 2-Yr (US)'!$V66), "","X") | H21: =IF(ISBLANK('Base 2-Yr (US)'!$V73), "","X") -> X | I21: =IF(ISBLANK('Base 2-Yr (US)'!$V80), "","X") | J21: =IF(ISBLANK('Base 2-Yr (US)'!$V87), "","X") | K21: =IF(ISBLANK('Base 2-Yr (US)'!$V94), "","X") | L21: =IF(ISBLANK('Base 2-Yr (US)'!$V101), "","X") | M21: =IF(ISBLANK('Base 2-Yr (US)'!$V108), "","X") | N21: =IF(ISBLANK('Base 2-Yr (US)'!$V115), "","X") | O21: =IF(ISBLANK('Base 2-Yr (US)'!$V122), "","X") | P21: =IF(ISBLANK('Base 2-Yr (US)'!$V129), "","X") -> X | Q21: =IF(ISBLANK('Base 2-Yr (US)'!$V136), "","X") | R21: =IF(ISBLANK('Base 2-Yr (US)'!$V143), "","X") | S21: =IF(ISBLANK('Base 2-Yr (US)'!$V150), "","X") | T21: =IF(ISBLANK('Base 2-Yr (US)'!$V162), "","X") -> X | U21: =IF(ISBLANK('Base 2-Yr (US)'!$V174), "","X") | V21: =IF(ISBLANK('Base 2-Yr (US)'!$V186), "","X") | X21: Systems Research and Applications Corporation (365) | Y21: =IF(ISBLANK('Base 2-Yr (Non-US)'!$V2), "","X") -> X | Z21: =IF(ISBLANK('Base 2-Yr (Non-US)'!$V18), "","X") | AA21: =IF(ISBLANK('Base 2-Yr (Non-US)'!$V34), "","X") | AB21: =IF(ISBLANK('Base 2-Yr (Non-US)'!$V50), "","X") -> X | AC21: =IF(ISBLANK('Base 2-Yr (Non-US)'!$V66), "","X") | AD21: =IF(ISBLANK('Base 2-Yr (Non-US)'!$V73), "","X") | AE21: =IF(ISBLANK('Base 2-Yr (Non-US)'!$V80), "","X") | AF21: =IF(ISBLANK('Base 2-Yr (Non-US)'!$V87), "","X") -> X | AG21: =IF(ISBLANK('Base 2-Yr (Non-US)'!$V94), "","X") | AH21: =IF(ISBLANK('Base 2-Yr (Non-US)'!$V101), "","X") | AI21: =IF(ISBLANK('Base 2-Yr (Non-US)'!$V108), "","X") | AJ21: =IF(ISBLANK('Base 2-Yr (Non-US)'!$V115), "","X") | AK21: =IF(ISBLANK('Base 2-Yr (Non-US)'!$V122), "","X") -> X | AL21: =IF(ISBLANK('Base 2-Yr (Non-US)'!$V129), "","X") | AM21: =IF(ISBLANK('Base 2-Yr (Non-US)'!$V136), "","X") | AN21: =IF(ISBLANK('Base 2-Yr (Non-US)'!$V143), "","X") -> X | AO21: =IF(ISBLANK('Base 2-Yr (Non-US)'!$V150), "","X") -> X | AP21: =IF(ISBLANK('Base 2-Yr (Non-US)'!$V162), "","X") | AQ21: =IF(ISBLANK('Base 2-Yr (Non-US)'!$V174), "","X") | AR21: =IF(ISBLANK('Base 2-Yr (Non-US)'!$V186), "","X") -> X
A22: Technosource LLC (365) | C22: =IF(ISBLANK('Base 2-Yr (US)'!$W2), "","X") -> X | D22: =IF(ISBLANK('Base 2-Yr (US)'!$W18), "","X") | E22: =IF(ISBLANK('Base 2-Yr (US)'!$W34), "","X") | F22: =IF(ISBLANK('Base 2-Yr (US)'!$W50), "","X") | G22: =IF(ISBLANK('Base 2-Yr (US)'!$W66), "","X") | H22: =IF(ISBLANK('Base 2-Yr (US)'!$W73), "","X") | I22: =IF(ISBLANK('Base 2-Yr (US)'!$W80), "","X") | J22: =IF(ISBLANK('Base 2-Yr (US)'!$W87), "","X") | K22: =IF(ISBLANK('Base 2-Yr (US)'!$W94), "","X") | L22: =IF(ISBLANK('Base 2-Yr (US)'!$W101), "","X") | M22: =IF(ISBLANK('Base 2-Yr (US)'!$W108), "","X") | N22: =IF(ISBLANK('Base 2-Yr (US)'!$W115), "","X") | O22: =IF(ISBLANK('Base 2-Yr (US)'!$W122), "","X") -> X | P22: =IF(ISBLANK('Base 2-Yr (US)'!$W129), "","X") | Q22: =IF(ISBLANK('Base 2-Yr (US)'!$W136), "","X") | R22: =IF(ISBLANK('Base 2-Yr (US)'!$W143), "","X") | S22: =IF(ISBLANK('Base 2-Yr (US)'!$W150), "","X") -> X | T22: =IF(ISBLANK('Base 2-Yr (US)'!$W162), "","X") | U22: =IF(ISBLANK('Base 2-Yr (US)'!$W174), "","X") | V22: =IF(ISBLANK('Base 2-Yr (US)'!$W186), "","X") | X22: Technosource LLC (365) | Y22: =IF(ISBLANK('Base 2-Yr (Non-US)'!$W2), "","X") | Z22: =IF(ISBLANK('Base 2-Yr (Non-US)'!$W18), "","X") | AA22: =IF(ISBLANK('Base 2-Yr (Non-US)'!$W34), "","X") | AB22: =IF(ISBLANK('Base 2-Yr (Non-US)'!$W50), "","X") | AC22: =IF(ISBLANK('Base 2-Yr (Non-US)'!$W66), "","X") | AD22: =IF(ISBLANK('Base 2-Yr (Non-US)'!$W73), "","X") | AE22: =IF(ISBLANK('Base 2-Yr (Non-US)'!$W80), "","X") | AF22: =IF(ISBLANK('Base 2-Yr (Non-US)'!$W87), "","X") | AG22: =IF(ISBLANK('Base 2-Yr (Non-US)'!$W94), "","X") | AH22: =IF(ISBLANK('Base 2-Yr (Non-US)'!$W101), "","X") | AI22: =IF(ISBLANK('Base 2-Yr (Non-US)'!$W108), "","X") | AJ22: =IF(ISBLANK('Base 2-Yr (Non-US)'!$W115), "","X") | AK22: =IF(ISBLANK('Base 2-Yr (Non-US)'!$W122), "","X") | AL22: =IF(ISBLANK('Base 2-Yr (Non-US)'!$W129), "","X") | AM22: =IF(ISBLANK('Base 2-Yr (Non-US)'!$W136), "","X") | AN22: =IF(ISBLANK('Base 2-Yr (Non-US)'!$W143), "","X") | AO22: =IF(ISBLANK('Base 2-Yr (Non-US)'!$W150), "","X") | AP22: =IF(ISBLANK('Base 2-Yr (Non-US)'!$W162), "","X") | AQ22: =IF(ISBLANK('Base 2-Yr (Non-US)'!$W174), "","X") | AR22: =IF(ISBLANK('Base 2-Yr (Non-US)'!$W186), "","X")
A23: Unisys (365) | C23: =IF(ISBLANK('Base 2-Yr (US)'!$X2), "","X") | D23: =IF(ISBLANK('Base 2-Yr (US)'!$X18), "","X") -> X | E23: =IF(ISBLANK('Base 2-Yr (US)'!$X34), "","X") | F23: =IF(ISBLANK('Base 2-Yr (US)'!$X50), "","X") | G23: =IF(ISBLANK('Base 2-Yr (US)'!$X66), "","X") | H23: =IF(ISBLANK('Base 2-Yr (US)'!$X73), "","X") -> X | I23: =IF(ISBLANK('Base 2-Yr (US)'!$X80), "","X") | J23: =IF(ISBLANK('Base 2-Yr (US)'!$X87), "","X") | K23: =IF(ISBLANK('Base 2-Yr (US)'!$X94), "","X") | L23: =IF(ISBLANK('Base 2-Yr (US)'!$X101), "","X") | M23: =IF(ISBLANK('Base 2-Yr (US)'!$X108), "","X") | N23: =IF(ISBLANK('Base 2-Yr (US)'!$X115), "","X") | O23: =IF(ISBLANK('Base 2-Yr (US)'!$X122), "","X") | P23: =IF(ISBLANK('Base 2-Yr (US)'!$X129), "","X") -> X | Q23: =IF(ISBLANK('Base 2-Yr (US)'!$X136), "","X") | R23: =IF(ISBLANK('Base 2-Yr (US)'!$X143), "","X") | S23: =IF(ISBLANK('Base 2-Yr (US)'!$X150), "","X") | T23: =IF(ISBLANK('Base 2-Yr (US)'!$X162), "","X") -> X | U23: =IF(ISBLANK('Base 2-Yr (US)'!$X174), "","X") | V23: =IF(ISBLANK('Base 2-Yr (US)'!$X186), "","X") | X23: Unisys (365) | Y23: =IF(ISBLANK('Base 2-Yr (Non-US)'!$X2), "","X") | Z23: =IF(ISBLANK('Base 2-Yr (Non-US)'!$X18), "","X") | AA23: =IF(ISBLANK('Base 2-Yr (Non-US)'!$X34), "","X") | AB23: =IF(ISBLANK('Base 2-Yr (Non-US)'!$X50), "","X") -> X | AC23: =IF(ISBLANK('Base 2-Yr (Non-US)'!$X66), "","X") | AD23: =IF(ISBLANK('Base 2-Yr (Non-US)'!$X73), "","X") | AE23: =IF(ISBLANK('Base 2-Yr (Non-US)'!$X80), "","X") | AF23: =IF(ISBLANK('Base 2-Yr (Non-US)'!$X87), "","X") -> X | AG23: =IF(ISBLANK('Base 2-Yr (Non-US)'!$X94), "","X") | AH23: =IF(ISBLANK('Base 2-Yr (Non-US)'!$X101), "","X") | AI23: =IF(ISBLANK('Base 2-Yr (Non-US)'!$X108), "","X") | AJ23: =IF(ISBLANK('Base 2-Yr (Non-US)'!$X115), "","X") | AK23: =IF(ISBLANK('Base 2-Yr (Non-US)'!$X122), "","X") | AL23: =IF(ISBLANK('Base 2-Yr (Non-US)'!$X129), "","X") | AM23: =IF(ISBLANK('Base 2-Yr (Non-US)'!$X136), "","X") | AN23: =IF(ISBLANK('Base 2-Yr (Non-US)'!$X143), "","X") -> X | AO23: =IF(ISBLANK('Base 2-Yr (Non-US)'!$X150), "","X") | AP23: =IF(ISBLANK('Base 2-Yr (Non-US)'!$X162), "","X") | AQ23: =IF(ISBLANK('Base 2-Yr (Non-US)'!$X174), "","X") | AR23: =IF(ISBLANK('Base 2-Yr (Non-US)'!$X186), "","X") -> X
A24: Unisys (G) | C24: =IF(ISBLANK('Base 2-Yr (US)'!$Y$2), "","X") -> X | D24: =IF(ISBLANK('Base 2-Yr (US)'!$Y$18), "","X") | E24: =IF(ISBLANK('Base 2-Yr (US)'!$Y$34), "","X") | F24: =IF(ISBLANK('Base 2-Yr (US)'!$Y$50), "","X") | G24: =IF(ISBLANK('Base 2-Yr (US)'!$Y$66), "","X") -> X | H24: =IF(ISBLANK('Base 2-Yr (US)'!$Y$73), "","X") | I24: =IF(ISBLANK('Base 2-Yr (US)'!$Y$80), "","X") | J24: =IF(ISBLANK('Base 2-Yr (US)'!$Y$87), "","X") | K24: =IF(ISBLANK('Base 2-Yr (US)'!$Y$94), "","X") | L24: =IF(ISBLANK('Base 2-Yr (US)'!$Y$101), "","X") | M24: =IF(ISBLANK('Base 2-Yr (US)'!$Y$108), "","X") | N24: =IF(ISBLANK('Base 2-Yr (US)'!$Y$115), "","X") | O24: =IF(ISBLANK('Base 2-Yr (US)'!$Y$122), "","X") -> X | P24: =IF(ISBLANK('Base 2-Yr (US)'!$Y$129), "","X") | Q24: =IF(ISBLANK('Base 2-Yr (US)'!$Y$136), "","X") | R24: =IF(ISBLANK('Base 2-Yr (US)'!$Y$143), "","X") | S24: =IF(ISBLANK('Base 2-Yr (US)'!$Y$150), "","X") -> X | T24: =IF(ISBLANK('Base 2-Yr (US)'!$Y$162), "","X") | U24: =IF(ISBLANK('Base 2-Yr (US)'!$Y$174), "","X") | V24: =IF(ISBLANK('Base 2-Yr (US)'!$Y$186), "","X") | X24: Unisys (G) | Y24: =IF(ISBLANK('Base 2-Yr (Non-US)'!$Y2), "","X") | Z24: =IF(ISBLANK('Base 2-Yr (Non-US)'!$Y18), "","X") | AA24: =IF(ISBLANK('Base 2-Yr (Non-US)'!$Y34), "","X") | AB24: =IF(ISBLANK('Base 2-Yr (Non-US)'!$Y50), "","X") -> X | AC24: =IF(ISBLANK('Base 2-Yr (Non-US)'!$Y66), "","X") | AD24: =IF(ISBLANK('Base 2-Yr (Non-US)'!$Y73), "","X") | AE24: =IF(ISBLANK('Base 2-Yr (Non-US)'!$Y80), "","X") | AF24: =IF(ISBLANK('Base 2-Yr (Non-US)'!$Y87), "","X") -> X | AG24: =IF(ISBLANK('Base 2-Yr (Non-US)'!$Y94), "","X") | AH24: =IF(ISBLANK('Base 2-Yr (Non-US)'!$Y101), "","X") | AI24: =IF(ISBLANK('Base 2-Yr (Non-US)'!$Y108), "","X") | AJ24: =IF(ISBLANK('Base 2-Yr (Non-US)'!$Y115), "","X") | AK24: =IF(ISBLANK('Base 2-Yr (Non-US)'!$Y122), "","X") | AL24: =IF(ISBLANK('Base 2-Yr (Non-US)'!$Y129), "","X") | AM24: =IF(ISBLANK('Base 2-Yr (Non-US)'!$Y136), "","X") | AN24: =IF(ISBLANK('Base 2-Yr (Non-US)'!$Y143), "","X") -> X | AO24: =IF(ISBLANK('Base 2-Yr (Non-US)'!$Y150), "","X") | AP24: =IF(ISBLANK('Base 2-Yr (Non-US)'!$Y162), "","X") | AQ24: =IF(ISBLANK('Base 2-Yr (Non-US)'!$Y174), "","X") | AR24: =IF(ISBLANK('Base 2-Yr (Non-US)'!$Y186), "","X") -> X
A25: Total | C25: =COUNTIF(C4:C24, "X") -> 16 | D25: =COUNTIF(D4:D24, "X") -> 12 | E25: =COUNTIF(E4:E24, "X") -> 5 | F25: =COUNTIF(F4:F24, "X") -> 10 | G25: =COUNTIF(G4:G24, "X") -> 13 | H25: =COUNTIF(H4:H24, "X") -> 11 | I25: =COUNTIF(I4:I24, "X") -> 5 | J25: =COUNTIF(J4:J24, "X") -> 9 | ... V25: =COUNTIF(V4:V24, "X") -> 10 | X25: Total | Y25: =COUNTIF(Y4:Y24, "X") -> 8 | Z25: =COUNTIF(Z4:Z24, "X") -> 2 | AA25: =COUNTIF(AA4:AA24, "X") -> 0 | AB25: =COUNTIF(AB4:AB24, "X") -> 11 | AC25: =COUNTIF(AC4:AC24, "X") -> 6 | AD25: =COUNTIF(AD4:AD24, "X") -> 2 | AE25: =COUNTIF(AE4:AE24, "X") -> 0 | AF25: =COUNTIF(AF4:AF24, "X") -> 11 | ... AR25: =COUNTIF(AR4:AR24, "X") -> 11
A26: "X" indicates pricing is available for that particular industry partner / sublot combination | X26: "X" indicates pricing is available for that particular industry partner / sublot combination
A28: Abbreviations & Definitions
A29: Term | B29: Definition
A30: 365 | B30: Microsoft 365 solution
A31: DOM | B31: Lotus Domino (IBM) web solution
A32: EX | B32: Microsoft Exchange solution
A33: G | B33: Google solution
A34: Z | B34: Zimbra solution
A35: US | B35: All data centers are in the US
A36: Non-US | B36: Not all data centers are in the US
A37: 1a | B37: Email as a Service, Govt. Community Cloud Delivery Model
A38: 1b | B38: Email as a Service, Private Cloud Delivery Model
A39: 1c | B39: Email as a Service, Secret Enclave Delivery Model
A40: 1d | B40: Email as a Service, Public Cloud Delivery Model
A41: 2a | B41: Office Automation, Govt. Community Cloud Delivery Model
A42: 2b | B42: Office Automation, Private Cloud Delivery Model
... A57: NC | B57: Provided at no cost by the industry partner

Sheet Base 2-Yr (US)
A1: CLIN | B1: Delivery Model | C1: CLIN Description Prices listed are for Base Period of Two (2) Years: US Pricing | D1: Unit of Measure | E1: Accenture Federal Services LLC (G) | F1: Accenture Federal Services LLC (365) | G1: Autonomic Resources LLC (EX) | H1: CGI Federal Inc. (Z) | I1: Ciracom Inc. (EX) | J1: Computer Sciences Corporation (G) | K1: Computer Sciences Corporation (EX) | L1: Dell Federal Systems L.P. (365) | M1: DLT Solutions, LLC (G) | N1: General Dynamics Information Technology, Inc. (Z) | O1: Harris IT Service Corporation (Z) | P1: IBM Global Business Services – U.S. Federal (DOM) | Q1: Lockheed Martin (Z) | R1: Onix Networking Corp. (G) | S1: Science Applications International Corporation (G) | T1: Smartronix, Inc (EX) | U1: Systems Research and Applications Corporation (G) | V1: Systems Research and Applications Corporation (365) | W1: Technosource LLC (365) | X1: Unisys (365) | Y1: Unisys (G)
A2: 0001AA | B2: Govt. Community | C2: Mailbox Tier 1 (<10K Mbox) | D2: per Mailbox per month | E2: 3.68 | G2: 20.48 | H2: 8.45 | I2: 12.51 | J2: 3.74 | M2: 3.59 | N2: 5.09 | O2: 10.79 | P2: 22.61 | Q2: 10.53 | R2: 3.7 | S2: 3.89 | T2: 30.87 | U2: 3.68 | W2: 7.79 | Y2: 4.75
A3: 0001AB | B3: Govt. Community | C3: Mailbox Tier 2 (10K-50K Mbox) | D3: per Mailbox per month | E3: 3.68 | G3: 18.43 | H3: 7.92 | I3: 11.85 | J3: 3.72 | M3: 3.59 | N3: 4.94 | O3: 9.47 | P3: 14.39 | Q3: 6.67 | R3: 3.7 | S3: 3.85 | T3: 22.23 | U3: 3.68 | W3: 7.79 | Y3: 4.75
A4: 0001AC | B4: Govt. Community | C4: Mailbox Tier 3 (>50K Mbox) | D4: per Mailbox per month | E4: 3.68 | G4: 16.38 | H4: 6.99 | I4: 11.57 | J4: 3.68 | M4: 3.59 | N4: 4.49 | O4: 9.03 | P4: 11.3 | Q4: 6.02 | R4: 3.7 | S4: 3.81 | T4: 16.08 | U4: 3.68 | W4: 7.79 | Y4: 4.75
A5: 0001AD | B5: Govt. Community | C5: Additional GB of Mailbox Storage Tier 1 (<10K Mbox) | D5: per GB per month | E5: 0 | G5: 3.6 | H5: 0.84 | I5: 1.66 | J5: 0 | N5: 0.33 | O5: 0.63 | P5: 1.5 | Q5: 0.65 | T5: 0.48 | Y5: 0
A6: 0001AE | B6: Govt. Community | C6: Additional GB of Mailbox Storage Tier 2 (10K-50K Mbox) | D6: per GB per month | E6: 0 | G6: 3.24 | H6: 0.84 | I6: 1.45 | J6: 0 | N6: 0.14 | O6: 0.55 | P6: 1.5 | Q6: 0.65 | T6: 0.29 | Y6: 0
A7: 0001AF | B7: Govt. Community | C7: Additional GB of Mailbox Storage Tier 3 (>50K Mbox) | D7: per GB per month | E7: 0 | G7: 2.88 | H7: 0.84 | I7: 1.38 | J7: 0 | N7: 0.13 | O7: 0.43 | P7: 1.5 | Q7: 0.65 | T7: 0.24 | Y7: 0
A8: 0001AG | B8: Govt. Community | C8: Archiving per Mailbox Tier 1 (<10K Mbox) | D8: per Mailbox per month | E8: 1.38 | G8: 18.9 | H8: 3.74 | I8: 8.02 | J8: 1.85 | M8: 1.35 | N8: 12.61 | O8: 2.78 | P8: 23.6 | Q8: 1.23 | R8: 1.83 | S8: 1.92 | T8: 1.51 | U8: 1.38 | W8: 0 | Y8: 0.78
A9: 0001AH | B9: Govt. Community | C9: Archiving per Mailbox Tier 2 (10K-50K Mbox) | D9: per Mailbox per month | E9: 1.38 | G9: 17.55 | H9: 3.5 | I9: 7.26 | J9: 1.84 | M9: 1.35 | N9: 5.51 | O9: 2.78 | P9: 15.3 | Q9: 1.16 | R9: 1.83 | S9: 1.9 | T9: 1.01 | U9: 1.38 | W9: 0 | Y9: 0.78
A10: 0001AI | B10: Govt. Community | C10: Archiving per Mailbox Tier 3 (>50K Mbox) | D10: per Mailbox per month | E10: 1.38 | G10: 16.2 | H10: 2.91 | I10: 6.9 | J10: 1.82 | M10: 1.35 | N10: 4.54 | O10: 2.78 | P10: 12.09 | Q10: 1.16 | R10: 1.83 | S10: 1.88 | T10: 0.76 | U10: 1.38 | W10: 0 | Y10: 0.78
A11: 0001AJ | B11: Govt. Community | C11: Additional GB of Archiving Storage Tier 1 (<10K Mbox) | D11: per GB per month | E11: 0 | G11: 3.6 | H11: 0.67 | I11: 0 | J11: 0 | M11: 0 | N11: 0.33 | O11: 0.71 | P11: 1.5 | Q11: 0.65 | R11: 0 | T11: 0.22 | U11: 0 | Y11: 0
A12: 0001AK | B12: Govt. Community | C12: Additional GB of Archiving Storage Tier 2 (10K-50K Mbox) | D12: per GB per month | E12: 0 | G12: 3.24 | H12: 0.67 | I12: 0 | J12: 0 | M12: 0 | N12: 0.14 | O12: 0.65 | P12: 1.5 | Q12: 0.65 | R12: 0 | T12: 0.15 | U12: 0 | Y12: 0
A13: 0001AL | B13: Govt. Community | C13: Additional GB of Archiving Storage Tier 3 (>50K Mbox) | D13: per GB per month | E13: 0 | G13: 2.88 | H13: 0.67 | I13: 0 | J13: 0 | M13: 0 | N13: 0.13 | O13: 0.6 | P13: 1.5 | Q13: 0.65 | R13: 0 | T13: 0.1 | U13: 0 | Y13: 0
A14: 0001AM | B14: Govt. Community | C14: Blackberry Enterprise Server per Mailbox Tier 1 (<10K Mbox) | D14: per Mailbox per month | E14: 7.18 | G14: 4 | H14: 14.13 | I14: 9.4 | J14: 14.63 | M14: 7.07 | N14: 4.74 | O14: 5.35 | P14: 14.39 | Q14: 8.71 | R14: 6.66 | S14: 7.13 | T14: 10.08 | U14: 7.182175 | W14: 32.25 | Y14: 13.26
A15: 0001AN | B15: Govt. Community | C15: Blackberry Enterprise Server per Mailbox Tier 2 (10K-50K Mbox) | D15: per Mailbox per month | E15: 6.63 | G15: 2.1 | H15: 13.25 | I15: 8.28 | J15: 14.63 | M15: 6.53 | N15: 4.74 | O15: 5.11 | P15: 12.33 | Q15: 3.69 | R15: 6.11 | S15: 6.58 | T15: 8.56 | U15: 6.6297 | W15: 25.68 | Y15: 9.73
A16: 0001AO | B16: Govt. Community | C16: Blackberry Enterprise Server per Mailbox Tier 3 (>50K Mbox) | D16: per Mailbox per month | E16: 6.08 | G16: 2.1 | H16: 12.14 | I16: 7.09 | J16: 14.63 | M16: 5.98 | N16: 4.74 | O16: 5.11 | P16: 11.3 | Q16: 3.05 | R16: 5.55 | S16: 6.03 | T16: 7.05 | U16: 6.077225 | W16: 19.26 | Y16: 7.73
A18: 0001BA | B18: Private | C18: Mailbox Tier 1 (<10K Mbox) | D18: per Mailbox per month | F18: 20.45 | G18: 22.76 | H18: 12.3 | K18: 17 | L18: 21.56 | N18: 20.5 | O18: 12 | P18: 40.07 | Q18: 11.44 | T18: 35.73 | V18: 20.8 | X18: 22.12
A19: 0001BB | B19: Private | C19: Mailbox Tier 2 (10K-50K Mbox) | D19: per Mailbox per month | F19: 20.45 | G19: 20.49 | H19: 11.53 | K19: 12 | L19: 21.56 | N19: 11.3 | O19: 10.68 | P19: 26.72 | Q19: 7.7 | T19: 23.47 | V19: 20.8 | X19: 22.12
A20: 0001BC | B20: Private | C20: Mailbox Tier 3 (>50K Mbox) | D20: per Mailbox per month | F20: 15.34 | G20: 16.39 | H20: 10.21 | K20: 8 | L20: 16.17 | N20: 6.32 | O20: 10.2 | P20: 19.52 | Q20: 6.41 | T20: 16.34 | V20: 20.8 | X20: 22.12
A21: 0001BD | B21: Private | C21: Additional GB of Mailbox Storage Tier 1 (<10K Mbox) | D21: per GB per month | G21: 3.6 | H21: 1.22 | K21: 2.25 | N21: 0.33 | O21: 0.78 | P21: 1.5 | Q21: 0.87 | T21: 0.53
A22: 0001BE | B22: Private | C22: Additional GB of Mailbox Storage Tier 2 (10K-50K Mbox) | D22: per GB per month | G22: 3.24 | H22: 1.22 | K22: 1.75 | N22: 0.14 | O22: 0.69 | P22: 1.5 | Q22: 0.87 | T22: 0.32
A23: 0001BF | B23: Private | C23: Additional GB of Mailbox Storage Tier 3 (>50K Mbox) | D23: per GB per month | G23: 2.88 | H23: 1.22 | K23: 1.25 | N23: 0.13 | O23: 0.53 | P23: 1.5 | Q23: 0.87 | T23: 0.27
A24: 0001BG | B24: Private | C24: Archiving per Mailbox Tier 1 (<10K Mbox) | D24: per Mailbox per month | F24: 8.64 | G24: 18.9 | H24: 5.45 | K24: 8 | L24: 8.12 | N24: 12.61 | O24: 3.34 | P24: 24.9 | Q24: 1.32 | T24: 3.02 | V24: 8.79 | X24: 9.36
A25: 0001BH | B25: Private | C25: Archiving per Mailbox Tier 2 (10K-50K Mbox) | D25: per Mailbox per month | F25: 8.64 | G25: 17.55 | H25: 5.11 | K25: 6 | L25: 8.12 | N25: 5.51 | O25: 3.34 | P25: 15.56 | Q25: 1.23 | T25: 2.77 | V25: 8.79 | X25: 9.36
A26: 0001BI | B26: Private | C26: Archiving per Mailbox Tier 3 (>50K Mbox) | D26: per Mailbox per month | F26: 6.45 | G26: 16.2 | H26: 4.25 | K26: 4.5 | L26: 6.09 | N26: 4.54 | O26: 3.34 | P26: 12.45 | Q26: 1.25 | T26: 2.52 | V26: 8.79 | X26: 9.36
A27: 0001BJ | B27: Private | C27: Additional GB of Archiving Storage Tier 1 (<10K Mbox) | D27: per GB per month | G27: 3.6 | H27: 0.98 | K27: 2.25 | N27: 0.33 | O27: 0.89 | P27: 1.5 | Q27: 0.87 | T27: 0.24
A28: 0001BK | B28: Private | C28: Additional GB of Archiving Storage Tier 2 (10K-50K Mbox) | D28: per GB per month | G28: 3.24 | H28: 0.98 | K28: 1.75 | N28: 0.14 | O28: 0.81 | P28: 1.5 | Q28: 0.87 | T28: 0.16
A29: 0001BL | B29: Private | C29: Additional GB of Archiving Storage Tier 3 (>50K Mbox) | D29: per GB per month | G29: 2.88 | H29: 0.98 | K29: 1.25 | N29: 0.13 | O29: 0.74 | P29: 1.5 | Q29: 0.87 | T29: 0.11
A30: 0001BM | B30: Private | C30: Blackberry Enterprise Server per Mailbox Tier 1 (<10K Mbox) | D30: per Mailbox per month | F30: 10.88 | G30: 4 | H30: 20.76 | K30: 7 | L30: 10.24 | N30: 4.74 | O30: 5.2 | P30: 17.98 | Q30: 9.37 | T30: 10.08 | V30: 13.94 | X30: 10.23
A31: 0001BN | B31: Private | C31: Blackberry Enterprise Server per Mailbox Tier 2 (10K-50K Mbox) | D31: per Mailbox per month | F31: 10.26 | G31: 2.1 | H31: 19.47 | K31: 6 | L31: 8.59 | N31: 4.74 | O31: 5.17 | P31: 16.44 | Q31: 4.24 | T31: 8.56 | V31: 13.94 | X31: 10.23
A32: 0001BO | B32: Private | C32: Blackberry Enterprise Server per Mailbox Tier 3 (>50K Mbox) | D32: per Mailbox per month | F32: 8.62 | G32: 2.1 | H32: 17.73 | K32: 4.5 | L32: 7.17 | N32: 4.74 | O32: 5.17 | P32: 15.41 | Q32: 3.3 | T32: 7.05 | V32: 13.94 | X32: 10.23
A34: 0001CA | B34: Secret Enclave | C34: Mailbox Tier 1 (<10K Mbox) | D34: per Mailbox per month | K34: 21 | N34: 31.77 | P34: 59.18 | Q34: 16.4 | T34: 118.3
A35: 0001CB | B35: Secret Enclave | C35: Mailbox Tier 2 (10K-50K Mbox) | D35: per Mailbox per month | K35: 15 | N35: 14.08 | P35: 43.87 | Q35: 8.21 | T35: 41.51
A36: 0001CC | B36: Secret Enclave | C36: Mailbox Tier 3 (>50K Mbox) | D36: per Mailbox per month | K36: 9 | N36: 7.75 | P36: 35.72 | Q36: 6.74 | T36: 20.75
A37: 0001CD | B37: Secret Enclave | C37: Additional GB of Mailbox Storage Tier 1 (<10K Mbox) | D37: per GB per month | K37: 2.25 | N37: 0.33 | P37: 1.5 | Q37: 0.65 | T37: 1.44
A38: 0001CE | B38: Secret Enclave | C38: Additional GB of Mailbox Storage Tier 2 (10K-50K Mbox) | D38: per GB per month | K38: 1.75 | N38: 0.14 | P38: 1.5 | Q38: 0.65 | T38: 0.75
A39: 0001CF | B39: Secret Enclave | C39: Additional GB of Mailbox Storage Tier 3 (>50K Mbox) | D39: per GB per month | K39: 1.25 | N39: 0.13 | P39: 1.5 | Q39: 0.65 | T39: 0.35
A40: 0001CG | B40: Secret Enclave | C40: Archiving per Mailbox Tier 1 (<10K Mbox) | D40: per Mailbox per month | K40: 9 | N40: 12.61 | P40: 26.64 | Q40: 1.31 | T40: 3.74
A41: 0001CH | B41: Secret Enclave | C41: Archiving per Mailbox Tier 2 (10K-50K Mbox) | D41: per Mailbox per month | K41: 7 | N41: 5.51 | P41: 17.64 | Q41: 1.27 | T41: 3.42
A42: 0001CI | B42: Secret Enclave | C42: Archiving per Mailbox Tier 3 (>50K Mbox) | D42: per Mailbox per month | K42: 6 | N42: 4.54 | P42: 14.57 | Q42: 1.27 | T42: 3.11
A43: 0001CJ | B43: Secret Enclave | C43: Additional GB of Archiving Storage Tier 1 (<10K Mbox) | D43: per GB per month | K43: 2.25 | N43: 0.33 | P43: 1.5 | Q43: 0.65 | T43: 0.55
A44: 0001CK | B44: Secret Enclave | C44: Additional GB of Archiving Storage Tier 2 (10K-50K Mbox) | D44: per GB per month | K44: 1.75 | N44: 0.14 | P44: 1.5 | Q44: 0.65 | T44: 0.29
A45: 0001CL | B45: Secret Enclave | C45: Additional GB of Archiving Storage Tier 3 (>50K Mbox) | D45: per GB per month | K45: 1.25 | N45: 0.13 | P45: 1.5 | Q45: 0.65 | T45: 0.13
A46: 0001CM | B46: Secret Enclave | C46: Blackberry Enterprise Server per Mailbox Tier 1 (<10K Mbox) | D46: per Mailbox per month
A47: 0001CN | B47: Secret Enclave | C47: Blackberry Enterprise Server per Mailbox Tier 2 (10K-50K Mbox) | D47: per Mailbox per month
A48: 0001CO | B48: Secret Enclave | C48: Blackberry Enterprise Server per Mailbox Tier 3 (>50K Mbox) | D48: per Mailbox per month
A50: 0001DA | B50: Public | C50: Mailbox Tier 1 (<10K Mbox) | D50: per Mailbox per month | E50: 3.68 | I50: 12.51 | J50: 3.74 | L50: 7.18 | M50: 3.59 | N50: 5.09 | O50: 10.51 | Q50: 10.42 | R50: 3.7 | S50: 3.89
A51: 0001DB | B51: Public | C51: Mailbox Tier 2 (10K-50K Mbox) | D51: per Mailbox per month | E51: 3.68 | I51: 11.85 | J51: 3.72 | L51: 7.18 | M51: 3.59 | N51: 4.94 | O51: 9.44 | Q51: 6.6 | R51: 3.7 | S51: 3.85
A52: 0001DC | B52: Public | C52: Mailbox Tier 3 (>50K Mbox) | D52: per Mailbox per month | E52: 3.68 | I52: 11.57 | J52: 3.68 | L52: 7.18 | M52: 3.59 | N52: 4.49 | O52: 8.99 | Q52: 5.95 | R52: 3.7 | S52: 3.81
A53: 0001DD | B53: Public | C53: Additional GB of Mailbox Storage Tier 1 (<10K Mbox) | D53: per GB per month | E53: 0 | I53: 1.66 | J53: 0 | N53: 0.33 | O53: 0.62 | Q53: 0.65
A54: 0001DE | B54: Public | C54: Additional GB of Mailbox Storage Tier 2 (10K-50K Mbox) | D54: per GB per month | E54: 0 | I54: 1.45 | J54: 0 | N54: 0.14 | O54: 0.54 | Q54: 0.65
A55: 0001DF | B55: Public | C55: Additional GB of Mailbox Storage Tier 3 (>50K Mbox) | D55: per GB per month | E55: 0 | I55: 1.38 | J55: 0 | N55: 0.13 | O55: 0.42 | Q55: 0.65
A56: 0001DG | B56: Public | C56: Archiving per Mailbox Tier 1 (<10K Mbox) | D56: per Mailbox per month | E56: 1.38 | I56: 8.02 | J56: 1.85 | L56: 1.79 | M56: 1.35 | N56: 12.61 | O56: 2.66 | Q56: 1.21 | R56: 1.83 | S56: 1.92
A57: 0001DH | B57: Public | C57: Archiving per Mailbox Tier 2 (10K-50K Mbox) | D57: per Mailbox per month | E57: 1.38 | I57: 7.26 | J57: 1.84 | L57: 1.79 | M57: 1.35 | N57: 5.51 | O57: 2.66 | Q57: 1.14 | R57: 1.83 | S57: 1.9
A58: 0001DI | B58: Public | C58: Archiving per Mailbox Tier 3 (>50K Mbox) | D58: per Mailbox per month | E58: 1.38 | I58: 6.9 | J58: 1.82 | L58: 1.79 | M58: 1.35 | N58: 4.54 | O58: 2.66 | Q58: 1.14 | R58: 1.83 | S58: 1.88
A59: 0001DJ | B59: Public | C59: Additional GB of Archiving Storage Tier 1 (<10K Mbox) | D59: per GB per month | E59: 0 | I59: 0 | J59: 0 | M59: 0 | N59: 0.33 | O59: 0.71 | Q59: 0.65 | R59: 0
A60: 0001DK | B60: Public | C60: Additional GB of Archiving Storage Tier 2 (10K-50K Mbox) | D60: per GB per month | E60: 0 | I60: 0 | J60: 0 | M60: 0 | N60: 0.14 | O60: 0.65 | Q60: 0.65 | R60: 0
A61: 0001DL | B61: Public | C61: Additional GB of Archiving Storage Tier 3 (>50K Mbox) | D61: per GB per month | E61: 0 | I61: 0 | J61: 0 | M61: 0 | N61: 0.13 | O61: 0.6 | Q61: 0.65 | R61: 0
A62: 0001DM | B62: Public | C62: Blackberry Enterprise Server per Mailbox Tier 1 (<10K Mbox) | D62: per Mailbox per month | E62: 7.18 | I62: 9.4 | J62: 14.63 | L62: 10.24 | M62: 7.07 | N62: 4.74 | O62: 5.16 | Q62: 8.59 | R62: 6.66 | S62: 7.13
A63: 0001DN | B63: Public | C63: Blackberry Enterprise Server per Mailbox Tier 2 (10K-50K Mbox) | D63: per Mailbox per month | E63: 6.63 | I63: 8.28 | J63: 14.63 | L63: 8.59 | M63: 6.53 | N63: 4.74 | O63: 5.11 | Q63: 3.63 | R63: 6.11 | S63: 6.58
A64: 0001DO | B64: Public | C64: Blackberry Enterprise Server per Mailbox Tier 3 (>50K Mbox) | D64: per Mailbox per month | E64: 6.08 | I64: 7.09 | J64: 14.63 | L64: 7.17 | M64: 5.98 | N64: 4.74 | O64: 5.11 | Q64: 3 | R64: 5.55 | S64: 6.03
A66: 0002AA | B66: Govt. Community | C66: Office Automation SaaS Tier 1 (<10K Users | D66: per User per month | E66: 3.68 | H66: 15.73 | J66: 0 | M66: 3.59 | N66: 5.48 | O66: 5.53 | P66: 20.55 | Q66: 22.11 | R66: 3.7 | S66: 3.89 | T66: 31.1 | U66: 0 | Y66: 0
A67: 0002AB | B67: Govt. Community | C67: Office Automation SaaS Tier 2 (10K-50K Users) | D67: per User per month | E67: 3.68 | H67: 14.75 | J67: 0 | M67: 3.59 | N67: 3.14 | O67: 4.06 | P67: 12.33 | Q67: 20.45 | R67: 3.7 | S67: 3.85 | T67: 25.04 | U67: 0 | Y67: 0
A68: 0002AC | B68: Govt. Community | C68: Office Automation SaaS Tier 3 (>50K Users) | D68: per User per month | E68: 3.68 | H68: 13.07 | J68: 0 | M68: 3.59 | N68: 3.14 | O68: 3.28 | P68: 9.76 | Q68: 19.54 | R68: 3.7 | S68: 3.81 | T68: 23.88 | U68: 0 | Y68: 0
A69: 0002AD | B69: Govt. Community | C69: Additional GB of Office Automation Storage Tier 1 (<10K Users) | D69: per GB per month | H69: 0.84 | J69: 0 | N69: 0.33 | O69: 0.64 | P69: 1.5 | Q69: 0.65 | T69: 0.22 | Y69: 0
A70: 0002AE | B70: Govt. Community | C70: Additional GB of Office Automation Storage Tier 2 (10K-50K Users) | D70: per GB per month | H70: 0.84 | J70: 0 | N70: 0.14 | O70: 0.51 | P70: 1.5 | Q70: 0.65 | T70: 0.15 | Y70: 0
A71: 0002AF | B71: Govt. Community | C71: Additional GB of Office Automation Storage Tier 3 (>50K Users) | D71: per GB per month | H71: 0.84 | J71: 0 | N71: 0.13 | O71: 0.38 | P71: 1.5 | Q71: 0.65 | T71: 0.1 | Y71: 0
A73: 0002BA | B73: Private | C73: Office Automation SaaS Tier 1 (<10K Users | D73: per User per month | F73: 0 | H73: 22.16 | K73: 17 | L73: 0 | N73: 5.48 | O73: 5.98 | P73: 35.96 | Q73: 24.23 | T73: 31.1 | V73: 0 | X73: 0
A74: 0002BB | B74: Private | C74: Office Automation SaaS Tier 2 (10K-50K Users) | D74: per User per month | F74: 0 | H74: 20.77 | K74: 14 | L74: 0 | N74: 3.14 | O74: 4.28 | P74: 18.5 | Q74: 22.6 | T74: 25.04 | V74: 0 | X74: 0
A75: 0002BC | B75: Private | C75: Office Automation SaaS Tier 3 (>50K Users) | D75: per User per month | F75: 0 | H75: 19.09 | K75: 11 | L75: 0 | N75: 3.14 | O75: 3.39 | P75: 14.39 | Q75: 21.5 | T75: 23.88 | V75: 0 | X75: 0
A76: 0002BD | B76: Private | C76: Additional GB of Office Automation Storage Tier 1 (<10K Users) | D76: per GB per month | F76: 2.34 | H76: 1.22 | K76: 2.25 | L76: 2.47 | N76: 0.33 | O76: 0.78 | P76: 1.5 | Q76: 0.87 | T76: 0.24 | V76: 2.38 | X76: 2.52
A77: 0002BE | B77: Private | C77: Additional GB of Office Automation Storage Tier 2 (10K-50K Users) | D77: per GB per month | F77: 2.34 | H77: 1.22 | K77: 1.75 | L77: 2.47 | N77: 0.14 | O77: 0.62 | P77: 1.5 | Q77: 0.87 | T77: 0.16 | V77: 2.38 | X77: 2.52
A78: 0002BF | B78: Private | C78: Additional GB of Office Automation Storage Tier 3 (>50K Users) | D78: per GB per month | F78: 2.34 | H78: 1.22 | K78: 1.25 | L78: 2.47 | N78: 0.13 | O78: 0.47 | P78: 1.5 | Q78: 0.87 | T78: 0.11 | V78: 2.38 | X78: 2.52
A80: 0002CA | B80: Secret Enclave | C80: Office Automation SaaS Tier 1 (<10K Users | D80: per User per month | K80: 19 | N80: 5.48 | P80: 59.19 | Q80: 23.95 | T80: 41.27
A81: 0002CB | B81: Secret Enclave | C81: Office Automation SaaS Tier 2 (10K-50K Users) | D81: per User per month | K81: 16 | N81: 3.14 | P81: 37.76 | Q81: 22.94 | T81: 33.23
A82: 0002CC | B82: Secret Enclave | C82: Office Automation SaaS Tier 3 (>50K Users) | D82: per User per month | K82: 12 | N82: 3.14 | P82: 32.65 | Q82: 21.95 | T82: 31.69
A83: 0002CD | B83: Secret Enclave | C83: Additional GB of Office Automation Storage Tier 1 (<10K Users) | D83: per GB per month | K83: 2.25 | N83: 0.33 | P83: 1.5 | Q83: 0.65 | T83: 0.55
A84: 0002CE | B84: Secret Enclave | C84: Additional GB of Office Automation Storage Tier 2 (10K-50K Users) | D84: per GB per month | K84: 1.75 | N84: 0.14 | P84: 1.5 | Q84: 0.65 | T84: 0.29
A85: 0002CF | B85: Secret Enclave | C85: Additional GB of Office Automation Storage Tier 3 (>50K Users) | D85: per GB per month | K85: 1.25 | N85: 0.13 | P85: 1.5 | Q85: 0.65 | T85: 0.13
A87: 0002DA | B87: Public | C87: Office Automation SaaS Tier 1 (<10K Users | D87: per User per month | E87: 3.68 | J87: 0 | L87: 0 | M87: 3.59 | N87: 5.48 | O87: 5.32 | Q87: 21.72 | R87: 3.7 | S87: 3.89
A88: 0002DB | B88: Public | C88: Office Automation SaaS Tier 2 (10K-50K Users) | D88: per User per month | E88: 3.68 | J88: 0 | L88: 0 | M88: 3.59 | N88: 3.14 | O88: 3.9 | Q88: 20.08 | R88: 3.7 | S88: 3.85
A89: 0002DC | B89: Public | C89: Office Automation SaaS Tier 3 (>50K Users) | D89: per User per month | E89: 3.68 | J89: 0 | L89: 0 | M89: 3.59 | N89: 3.14 | O89: 3.15 | Q89: 19.2 | R89: 3.7 | S89: 3.81
A90: 0002DD | B90: Public | C90: Additional GB of Office Automation Storage Tier 1 (<10K Users) | D90: per GB per month | J90: 0 | L90: 1.77 | N90: 0.33 | O90: 0.62 | Q90: 0.65
A91: 0002DE | B91: Public | C91: Additional GB of Office Automation Storage Tier 2 (10K-50K Users) | D91: per GB per month | J91: 0 | L91: 1.77 | N91: 0.14 | O91: 0.49 | Q91: 0.65
A92: 0002DF | B92: Public | C92: Additional GB of Office Automation Storage Tier 3 (>50K Users) | D92: per GB per month | J92: 0 | L92: 1.77 | N92: 0.13 | O92: 0.37 | Q92: 0.65
A94: 0003AA | B94: Govt. Community | C94: Records Management Tier 1 (<10K users) | D94: per User per month | G94: 11.9 | H94: 50.2 | N94: 11.72 | O94: 12.95 | P94: 26.87 | Q94: 2.15
A95: 0003AB | B95: Govt. Community | C95: Records Management Tier 2 (10K-50K users) | D95: per User per month | G95: 8.4 | H95: 42.84 | N95: 11.72 | O95: 10.96 | P95: 20.75 | Q95: 1.01
A96: 0003AC | B96: Govt. Community | C96: Records Management Tier 3 (>50K users) | D96: per User per month | G96: 7.6 | H96: 37.23 | N96: 11.72 | O96: 9.11 | P96: 16.87 | Q96: 0.99
A97: 0003AD | B97: Govt. Community | C97: Additional GB of Record Management Storage Tier 1 (<10K Users) | D97: per GB per month | G97: 3.6 | H97: 0.84 | N97: 0.33 | O97: 0.64 | P97: 1.5 | Q97: 0.65
A98: 0003AE | B98: Govt. Community | C98: Additional GB of Record Management Storage Tier 2 (10K-50K Users) | D98: per GB per month | G98: 3.24 | H98: 0.84 | N98: 0.14 | O98: 0.51 | P98: 1.5 | Q98: 0.65
A99: 0003AF | B99: Govt. Community | C99: Additional GB of Record Management Storage Tier 3 (>50K Users) | D99: per GB per month | G99: 2.88 | H99: 0.84 | N99: 0.13 | O99: 0.38 | P99: 1.5 | Q99: 0.65
A101: 0003BA | B101: Private | C101: Records Management Tier 1 (<10K users) | D101: per User per month | G101: 11.9 | H101: 73.29 | K101: 39 | N101: 11.72 | O101: 13.85 | P101: 33.51 | Q101: 2.33
A102: 0003BB | B102: Private | C102: Records Management Tier 2 (10K-50K users) | D102: per User per month | G102: 8.4 | H102: 62.54 | K102: 29 | N102: 11.72 | O102: 11.69 | P102: 22.83 | Q102: 1.07
A103: 0003BC | B103: Private | C103: Records Management Tier 3 (>50K users) | D103: per User per month | G103: 7.6 | H103: 54.35 | K103: 22 | N103: 11.72 | O103: 9.52 | P103: 19.17 | Q103: 1.06
A104: 0003BD | B104: Private | C104: Additional GB of Record Management Storage Tier 1 (<10K Users) | D104: per GB per month | G104: 3.6 | H104: 1.22 | K104: 2.25 | N104: 0.33 | O104: 0.78 | P104: 1.5 | Q104: 0.87
A105: 0003BE | B105: Private | C105: Additional GB of Record Management Storage Tier 2 (10K-50K Users) | D105: per GB per month | G105: 3.24 | H105: 1.22 | K105: 1.75 | N105: 0.14 | O105: 0.62 | P105: 1.5 | Q105: 0.87
A106: 0003BF | B106: Private | C106: Additional GB of Record Management Storage Tier 3 (>50K Users) | D106: per GB per month | G106: 2.88 | H106: 1.22 | K106: 1.25 | N106: 0.13 | O106: 0.47 | P106: 1.5 | Q106: 0.87
A108: 0003CA | B108: Secret Enclave | C108: Records Management Tier 1 (<10K users) | D108: per User per month | K108: 40 | N108: 11.72 | P108: 35.38 | Q108: 2.32
A109: 0003CB | B109: Secret Enclave | C109: Records Management Tier 2 (10K-50K users) | D109: per User per month | K109: 30 | N109: 11.72 | P109: 24.9 | Q109: 1.12
A110: 0003CC | B110: Secret Enclave | C110: Records Management Tier 3 (>50K users) | D110: per User per month | K110: 23 | N110: 11.72 | P110: 20.71 | Q110: 1.08
...

Sheet Option Yr 1 (US)
A1: CLIN | B1: Delivery Model | C1: CLIN Description Prices listed are for Option Year 1: US Pricing | D1: Unit of Measure | E1: Accenture Federal Services LLC (G) | F1: Accenture Federal Services LLC (365) | G1: Autonomic Resources LLC (EX) | H1: CGI Federal Inc. (Z) | I1: Ciracom Inc. (EX) | J1: Computer Sciences Corporation (G) | K1: Computer Sciences Corporation (EX) | L1: Dell Federal Systems L.P. (365) | M1: DLT Solutions, LLC (G) | N1: General Dynamics Information Technology, Inc. (Z) | O1: Harris IT Service Corporation (Z) | P1: IBM Global Business Services – U.S. Federal (DOM) | Q1: Lockheed Martin (Z) | R1: Onix Networking Corp. (G) | S1: Science Applications International Corporation (G) | T1: Smartronix, Inc (EX) | U1: Systems Research and Applications Corporation (G) | V1: Systems Research and Applications Corporation (365) | W1: Technosource LLC (365) | X1: Unisys (365) | Y1: Unisys (G)
A2: 1001AA | B2: Govt. Community | C2: Mailbox Tier 1 (<10K Mbox) | D2: per Mailbox per month | E2: 3.86 | G2: 20.48 | H2: 8.23 | I2: 11.98 | J2: 3.74 | M2: 3.77 | N2: 5.26 | O2: 10.79 | P2: 22.61 | Q2: 10.53 | R2: 3.7 | S2: 3.89 | T2: 31.8 | U2: 3.86 | W2: 7.79 | Y2: 4.75
A3: 1001AB | B3: Govt. Community | C3: Mailbox Tier 2 (10K-50K Mbox) | D3: per Mailbox per month | E3: 3.86 | G3: 18.43 | H3: 7.72 | I3: 11.33 | J3: 3.72 | M3: 3.77 | N3: 5.11 | O3: 9.47 | P3: 14.39 | Q3: 6.67 | R3: 3.7 | S3: 3.85 | T3: 22.89 | U3: 3.86 | W3: 7.79 | Y3: 4.75
A4: 1001AC | B4: Govt. Community | C4: Mailbox Tier 3 (>50K Mbox) | D4: per Mailbox per month | E4: 3.86 | G4: 16.38 | H4: 6.82 | I4: 11.06 | J4: 3.68 | M4: 3.77 | N4: 4.64 | O4: 9.03 | P4: 11.3 | Q4: 6.02 | R4: 3.7 | S4: 3.81 | T4: 16.57 | U4: 3.86 | W4: 7.79 | Y4: 4.75
A5: 1001AD | B5: Govt. Community | C5: Additional GB of Mailbox Storage Tier 1 (<10K Mbox) | D5: per GB per month | E5: 0 | G5: 3.6 | H5: 0.82 | I5: 1.63 | J5: 0 | N5: 0.34 | O5: 0.63 | P5: 1.5 | Q5: 0.65 | T5: 0.49 | Y5: 0
A6: 1001AE | B6: Govt. Community | C6: Additional GB of Mailbox Storage Tier 2 (10K-50K Mbox) | D6: per GB per month | E6: 0 | G6: 3.24 | H6: 0.82 | I6: 1.42 | J6: 0 | N6: 0.14 | O6: 0.55 | P6: 1.5 | Q6: 0.65 | T6: 0.3 | Y6: 0
A7: 1001AF | B7: Govt. Community | C7: Additional GB of Mailbox Storage Tier 3 (>50K Mbox) | D7: per GB per month | E7: 0 | G7: 2.88 | H7: 0.82 | I7: 1.36 | J7: 0 | N7: 0.13 | O7: 0.43 | P7: 1.5 | Q7: 0.65 | T7: 0.25 | Y7: 0
A8: 1001AG | B8: Govt. Community | C8: Archiving per Mailbox Tier 1 (<10K Mbox) | D8: per Mailbox per month | E8: 1.45 | G8: 18.9 | H8: 3.64 | I8: 7.86 | J8: 1.85 | M8: 1.42 | N8: 13.05 | O8: 2.78 | P8: 23.6 | Q8: 1.23 | R8: 1.83 | S8: 1.92 | T8: 1.56 | U8: 1.45 | W8: 0 | Y8: 0.79
A9: 1001AH | B9: Govt. Community | C9: Archiving per Mailbox Tier 2 (10K-50K Mbox) | D9: per Mailbox per month | E9: 1.45 | G9: 17.55 | H9: 3.41 | I9: 7.12 | J9: 1.84 | M9: 1.42 | N9: 5.7 | O9: 2.78 | P9: 15.3 | Q9: 1.16 | R9: 1.83 | S9: 1.9 | T9: 1.04 | U9: 1.45 | W9: 0 | Y9: 0.79
A10: 1001AI | B10: Govt. Community | C10: Archiving per Mailbox Tier 3 (>50K Mbox) | D10: per Mailbox per month | E10: 1.45 | G10: 16.2 | H10: 2.84 | I10: 6.77 | J10: 1.82 | M10: 1.42 | N10: 4.7 | O10: 2.78 | P10: 12.09 | Q10: 1.16 | R10: 1.83 | S10: 1.88 | T10: 0.78 | U10: 1.45 | W10: 0 | Y10: 0.79
A11: 1001AJ | B11: Govt. Community | C11: Additional GB of Archiving Storage Tier 1 (<10K Mbox) | D11: per GB per month | E11: 0 | G11: 3.6 | H11: 0.66 | I11: 0 | J11: 0 | M11: 0 | N11: 0.34 | O11: 0.71 | P11: 1.5 | Q11: 0.65 | R11: 0 | T11: 0.23 | U11: 0 | Y11: 0
A12: 1001AK | B12: Govt. Community | C12: Additional GB of Archiving Storage Tier 2 (10K-50K Mbox) | D12: per GB per month | E12: 0 | G12: 3.24 | H12: 0.66 | I12: 0 | J12: 0 | M12: 0 | N12: 0.14 | O12: 0.65 | P12: 1.5 | Q12: 0.65 | R12: 0 | T12: 0.15 | U12: 0 | Y12: 0
A13: 1001AL | B13: Govt. Community | C13: Additional GB of Archiving Storage Tier 3 (>50K Mbox) | D13: per GB per month | E13: 0 | G13: 2.88 | H13: 0.66 | I13: 0 | J13: 0 | M13: 0 | N13: 0.13 | O13: 0.6 | P13: 1.5 | Q13: 0.65 | R13: 0 | T13: 0.11 | U13: 0 | Y13: 0
A14: 1001AM | B14: Govt. Community | C14: Blackberry Enterprise Server per Mailbox Tier 1 (<10K Mbox) | D14: per Mailbox per month | E14: 7.54 | G14: 4 | H14: 13.78 | I14: 9.21 | J14: 14.63 | M14: 7.43 | N14: 4.91 | O14: 5.35 | P14: 14.39 | Q14: 8.71 | R14: 6.86 | S14: 7.13 | T14: 10.38 | U14: 7.54 | W14: 32.25 | Y14: 13.32
A15: 1001AN | B15: Govt. Community | C15: Blackberry Enterprise Server per Mailbox Tier 2 (10K-50K Mbox) | D15: per Mailbox per month | E15: 6.96 | G15: 2.1 | H15: 12.92 | I15: 8.12 | J15: 14.63 | M15: 6.85 | N15: 4.91 | O15: 5.11 | P15: 12.33 | Q15: 3.69 | R15: 6.29 | S15: 6.58 | T15: 8.82 | U15: 6.96 | W15: 25.68 | Y15: 9.75
A16: 1001AO | B16: Govt. Community | C16: Blackberry Enterprise Server per Mailbox Tier 3 (>50K Mbox) | D16: per Mailbox per month | E16: 6.38 | G16: 2.1 | H16: 11.84 | I16: 6.95 | J16: 14.63 | M16: 6.28 | N16: 4.91 | O16: 5.11 | P16: 11.3 | Q16: 3.05 | R16: 5.72 | S16: 6.03 | T16: 7.26 | U16: 6.38 | W16: 19.26 | Y16: 7.73
A18: 1001BA | B18: Private | C18: Mailbox Tier 1 (<10K Mbox) | D18: per Mailbox per month | F18: 20.45 | G18: 22.76 | H18: 11.99 | K18: 17 | L18: 21.56 | N18: 21.22 | O18: 12 | P18: 40.07 | Q18: 11.44 | T18: 36.8 | V18: 20.8 | X18: 22.13
A19: 1001BB | B19: Private | C19: Mailbox Tier 2 (10K-50K Mbox) | D19: per Mailbox per month | F19: 20.45 | G19: 20.49 | H19: 11.25 | K19: 12 | L19: 21.56 | N19: 11.7 | O19: 10.68 | P19: 26.72 | Q19: 7.7 | T19: 24.8 | V19: 20.8 | X19: 22.13
A20: 1001BC | B20: Private | C20: Mailbox Tier 3 (>50K Mbox) | D20: per Mailbox per month | F20: 15.34 | G20: 16.39 | H20: 9.96 | K20: 8 | L20: 16.17 | N20: 6.55 | O20: 10.2 | P20: 19.52 | Q20: 6.41 | T20: 16.83 | V20: 20.8 | X20: 22.13
A21: 1001BD | B21: Private | C21: Additional GB of Mailbox Storage Tier 1 (<10K Mbox) | D21: per GB per month | G21: 3.6 | H21: 1.19 | K21: 2.25 | N21: 0.34 | O21: 0.78 | P21: 1.5 | Q21: 0.87 | T21: 0.54
A22: 1001BE | B22: Private | C22: Additional GB of Mailbox Storage Tier 2 (10K-50K Mbox) | D22: per GB per month | G22: 3.24 | H22: 1.19 | K22: 1.75 | N22: 0.14 | O22: 0.69 | P22: 1.5 | Q22: 0.87 | T22: 0.33
A23: 1001BF | B23: Private | C23: Additional GB of Mailbox Storage Tier 3 (>50K Mbox) | D23: per GB per month | G23: 2.88 | H23: 1.19 | K23: 1.25 | N23: 0.13 | O23: 0.53 | P23: 1.5 | Q23: 0.87 | T23: 0.28
A24: 1001BG | B24: Private | C24: Archiving per Mailbox Tier 1 (<10K Mbox) | D24: per Mailbox per month | F24: 8.64 | G24: 18.9 | H24: 5.31 | K24: 8 | L24: 8.12 | N24: 13.05 | O24: 3.34 | P24: 24.9 | Q24: 1.32 | T24: 3.11 | V24: 8.79 | X24: 9.35
A25: 1001BH | B25: Private | C25: Archiving per Mailbox Tier 2 (10K-50K Mbox) | D25: per Mailbox per month | F25: 8.64 | G25: 17.55 | H25: 4.98 | K25: 6 | L25: 8.12 | N25: 5.7 | O25: 3.34 | P25: 15.56 | Q25: 1.23 | T25: 2.85 | V25: 8.79 | X25: 9.35
A26: 1001BI | B26: Private | C26: Archiving per Mailbox Tier 3 (>50K Mbox) | D26: per Mailbox per month | F26: 6.45 | G26: 16.2 | H26: 4.15 | K26: 4.5 | L26: 6.09 | N26: 4.7 | O26: 3.34 | P26: 12.45 | Q26: 1.25 | T26: 2.59 | V26: 8.79 | X26: 9.35
A27: 1001BJ | B27: Private | C27: Additional GB of Archiving Storage Tier 1 (<10K Mbox) | D27: per GB per month | G27: 3.6 | H27: 0.96 | K27: 2.25 | N27: 0.34 | O27: 0.89 | P27: 1.5 | Q27: 0.87 | T27: 0.25
A28: 1001BK | B28: Private | C28: Additional GB of Archiving Storage Tier 2 (10K-50K Mbox) | D28: per GB per month | G28: 3.24 | H28: 0.96 | K28: 1.75 | N28: 0.14 | O28: 0.81 | P28: 1.5 | Q28: 0.87 | T28: 0.17
A29: 1001BL | B29: Private | C29: Additional GB of Archiving Storage Tier 3 (>50K Mbox) | D29: per GB per month | G29: 2.88 | H29: 0.96 | K29: 1.25 | N29: 0.13 | O29: 0.74 | P29: 1.5 | Q29: 0.87 | T29: 0.12
A30: 1001BM | B30: Private | C30: Blackberry Enterprise Server per Mailbox Tier 1 (<10K Mbox) | D30: per Mailbox per month | G30: 4 | H30: 20.24 | K30: 7 | L30: 10.24 | N30: 4.91 | O30: 5.2 | P30: 17.98 | Q30: 9.37 | T30: 10.38 | V30: 13.94 | X30: 10.24
A31: 1001BN | B31: Private | C31: Blackberry Enterprise Server per Mailbox Tier 2 (10K-50K Mbox) | D31: per Mailbox per month | G31: 2.1 | H31: 18.98 | K31: 6 | L31: 8.59 | N31: 4.91 | O31: 5.17 | P31: 16.44 | Q31: 4.24 | T31: 8.82 | V31: 13.94 | X31: 10.24
A32: 1001BO | B32: Private | C32: Blackberry Enterprise Server per Mailbox Tier 3 (>50K Mbox) | D32: per Mailbox per month | G32: 2.1 | H32: 17.28 | K32: 4.5 | L32: 7.17 | N32: 4.91 | O32: 5.17 | P32: 15.41 | Q32: 3.3 | T32: 7.26 | V32: 13.94 | X32: 10.24
A34: 1001CA | B34: Secret Enclave | C34: Mailbox Tier 1 (<10K Mbox) | D34: per Mailbox per month | K34: 21 | N34: 32.88 | P34: 59.18 | Q34: 16.4 | T34: 121.85
A35: 1001CB | B35: Secret Enclave | C35: Mailbox Tier 2 (10K-50K Mbox) | D35: per Mailbox per month | K35: 15 | N35: 14.57 | P35: 43.87 | Q35: 8.21 | T35: 42.75
A36: 1001CC | B36: Secret Enclave | C36: Mailbox Tier 3 (>50K Mbox) | D36: per Mailbox per month | K36: 9 | N36: 8.03 | P36: 35.72 | Q36: 6.74 | T36: 21.38
A37: 1001CD | B37: Secret Enclave | C37: Additional GB of Mailbox Storage Tier 1 (<10K Mbox) | D37: per GB per month | K37: 2.25 | N37: 0.34 | P37: 1.5 | Q37: 0.65 | T37: 1.49
A38: 1001CE | B38: Secret Enclave | C38: Additional GB of Mailbox Storage Tier 2 (10K-50K Mbox) | D38: per GB per month | K38: 1.75 | N38: 0.14 | P38: 1.5 | Q38: 0.65 | T38: 0.77
A39: 1001CF | B39: Secret Enclave | C39: Additional GB of Mailbox Storage Tier 3 (>50K Mbox) | D39: per GB per month | K39: 1.25 | N39: 0.13 | P39: 1.5 | Q39: 0.65 | T39: 0.36
A40: 1001CG | B40: Secret Enclave | C40: Archiving per Mailbox Tier 1 (<10K Mbox) | D40: per Mailbox per month | K40: 9 | N40: 13.05 | P40: 26.64 | Q40: 1.31 | T40: 3.85
A41: 1001CH | B41: Secret Enclave | C41: Archiving per Mailbox Tier 2 (10K-50K Mbox) | D41: per Mailbox per month | K41: 7 | N41: 5.7 | P41: 17.64 | Q41: 1.27 | T41: 3.53
A42: 1001CI | B42: Secret Enclave | C42: Archiving per Mailbox Tier 3 (>50K Mbox) | D42: per Mailbox per month | K42: 6 | N42: 4.7 | P42: 14.57 | Q42: 1.27 | T42: 3.21
A43: 1001CJ | B43: Secret Enclave | C43: Additional GB of Archiving Storage Tier 1 (<10K Mbox) | D43: per GB per month | K43: 2.25 | N43: 0.34 | P43: 1.5 | Q43: 0.65 | T43: 0.56
A44: 1001CK | B44: Secret Enclave | C44: Additional GB of Archiving Storage Tier 2 (10K-50K Mbox) | D44: per GB per month | K44: 1.75 | N44: 0.14 | P44: 1.5 | Q44: 0.65 | T44: 0.29
A45: 1001CL | B45: Secret Enclave | C45: Additional GB of Archiving Storage Tier 3 (>50K Mbox) | D45: per GB per month | K45: 1.25 | N45: 0.13 | P45: 1.5 | Q45: 0.65 | T45: 0.14
A46: 1001CM | B46: Secret Enclave | C46: Blackberry Enterprise Server per Mailbox Tier 1 (<10K Mbox) | D46: per Mailbox per month
A47: 1001CN | B47: Secret Enclave | C47: Blackberry Enterprise Server per Mailbox Tier 2 (10K-50K Mbox) | D47: per Mailbox per month
A48: 1001CO | B48: Secret Enclave | C48: Blackberry Enterprise Server per Mailbox Tier 3 (>50K Mbox) | D48: per Mailbox per month
A50: 1001DA | B50: Public | C50: Mailbox Tier 1 (<10K Mbox) | D50: per Mailbox per month | E50: 3.86 | I50: 11.98 | J50: 3.74 | L50: 7.18 | M50: 3.77 | N50: 5.26 | O50: 10.51 | Q50: 10.42 | R50: 3.7 | S50: 3.89
A51: 1001DB | B51: Public | C51: Mailbox Tier 2 (10K-50K Mbox) | D51: per Mailbox per month | E51: 3.86 | I51: 11.33 | J51: 3.72 | L51: 7.18 | M51: 3.77 | N51: 5.11 | O51: 9.44 | Q51: 6.6 | R51: 3.7 | S51: 3.85
A52: 1001DC | B52: Public | C52: Mailbox Tier 3 (>50K Mbox) | D52: per Mailbox per month | E52: 3.86 | I52: 11.06 | J52: 3.68 | L52: 7.18 | M52: 3.77 | N52: 4.64 | O52: 8.99 | Q52: 5.95 | R52: 3.7 | S52: 3.81
A53: 1001DD | B53: Public | C53: Additional GB of Mailbox Storage Tier 1 (<10K Mbox) | D53: per GB per month | E53: 0 | I53: 1.63 | J53: 0 | N53: 0.34 | O53: 0.62 | Q53: 0.65
A54: 1001DE | B54: Public | C54: Additional GB of Mailbox Storage Tier 2 (10K-50K Mbox) | D54: per GB per month | E54: 0 | I54: 1.42 | J54: 0 | N54: 0.14 | O54: 0.54 | Q54: 0.65
A55: 1001DF | B55: Public | C55: Additional GB of Mailbox Storage Tier 3 (>50K Mbox) | D55: per GB per month | E55: 0 | I55: 1.36 | J55: 0 | N55: 0.13 | O55: 0.42 | Q55: 0.65
A56: 1001DG | B56: Public | C56: Archiving per Mailbox Tier 1 (<10K Mbox) | D56: per Mailbox per month | E56: 1.45 | I56: 7.86 | J56: 1.85 | L56: 1.79 | M56: 1.42 | N56: 13.05 | O56: 2.66 | Q56: 1.21 | R56: 1.83 | S56: 1.92
A57: 1001DH | B57: Public | C57: Archiving per Mailbox Tier 2 (10K-50K Mbox) | D57: per Mailbox per month | E57: 1.45 | I57: 7.12 | J57: 1.84 | L57: 1.79 | M57: 1.42 | N57: 5.7 | O57: 2.66 | Q57: 1.14 | R57: 1.83 | S57: 1.9
A58: 1001DI | B58: Public | C58: Archiving per Mailbox Tier 3 (>50K Mbox) | D58: per Mailbox per month | E58: 1.45 | I58: 6.77 | J58: 1.82 | L58: 1.79 | M58: 1.42 | N58: 4.7 | O58: 2.66 | Q58: 1.14 | R58: 1.83 | S58: 1.88
A59: 1001DJ | B59: Public | C59: Additional GB of Archiving Storage Tier 1 (<10K Mbox) | D59: per GB per month | E59: 0 | I59: 0 | J59: 0 | M59: 0 | N59: 0.34 | O59: 0.71 | Q59: 0.65 | R59: 0
A60: 1001DK | B60: Public | C60: Additional GB of Archiving Storage Tier 2 (10K-50K Mbox) | D60: per GB per month | E60: 0 | I60: 0 | J60: 0 | M60: 0 | N60: 0.14 | O60: 0.65 | Q60: 0.65 | R60: 0
A61: 1001DL | B61: Public | C61: Additional GB of Archiving Storage Tier 3 (>50K Mbox) | D61: per GB per month | E61: 0 | I61: 0 | J61: 0 | M61: 0 | N61: 0.13 | O61: 0.6 | Q61: 0.65 | R61: 0
A62: 1001DM | B62: Public | C62: Blackberry Enterprise Server per Mailbox Tier 1 (<10K Mbox) | D62: per Mailbox per month | E62: 7.54 | I62: 9.21 | J62: 14.63 | L62: 10.24 | M62: 7.43 | N62: 4.91 | O62: 5.16 | Q62: 8.59 | R62: 6.86 | S62: 7.13
A63: 1001DN | B63: Public | C63: Blackberry Enterprise Server per Mailbox Tier 2 (10K-50K Mbox) | D63: per Mailbox per month | E63: 6.96 | I63: 8.12 | J63: 14.63 | L63: 8.59 | M63: 6.85 | N63: 4.91 | O63: 5.11 | Q63: 3.63 | R63: 6.29 | S63: 6.58
A64: 1001DO | B64: Public | C64: Blackberry Enterprise Server per Mailbox Tier 3 (>50K Mbox) | D64: per Mailbox per month | E64: 6.38 | I64: 6.95 | J64: 14.63 | L64: 7.17 | M64: 6.28 | N64: 4.91 | O64: 5.11 | Q64: 3 | R64: 5.72 | S64: 6.03
A66: 1002AA | B66: Govt. Community | C66: Office Automation SaaS Tier 1 (<10K Users | D66: per User per month | E66: 3.86 | H66: 15.34 | J66: 0 | M66: 3.96 | N66: 5.67 | O66: 5.53 | P66: 20.55 | Q66: 22.11 | R66: 3.7 | S66: 3.89 | T66: 32.03 | U66: 0 | Y66: 0
A67: 1002AB | B67: Govt. Community | C67: Office Automation SaaS Tier 2 (10K-50K Users) | D67: per User per month | E67: 3.86 | H67: 14.38 | J67: 0 | M67: 3.96 | N67: 3.25 | O67: 4.06 | P67: 12.33 | Q67: 20.45 | R67: 3.7 | S67: 3.85 | T67: 25.79 | U67: 0 | Y67: 0
A68: 1002AC | B68: Govt. Community | C68: Office Automation SaaS Tier 3 (>50K Users) | D68: per User per month | E68: 3.86 | H68: 12.75 | J68: 0 | M68: 3.96 | N68: 3.25 | O68: 3.28 | P68: 9.76 | Q68: 19.54 | R68: 3.7 | S68: 3.81 | T68: 24.59 | U68: 0 | Y68: 0
A69: 1002AD | B69: Govt. Community | C69: Additional GB of Office Automation Storage Tier 1 (<10K Users) | D69: per GB per month | H69: 0.82 | J69: 0 | N69: 0.34 | O69: 0.64 | P69: 1.5 | Q69: 0.65 | T69: 0.23 | Y69: 0
A70: 1002AE | B70: Govt. Community | C70: Additional GB of Office Automation Storage Tier 2 (10K-50K Users) | D70: per GB per month | H70: 0.82 | J70: 0 | N70: 0.14 | O70: 0.51 | P70: 1.5 | Q70: 0.65 | T70: 0.15 | Y70: 0
A71: 1002AF | B71: Govt. Community | C71: Additional GB of Office Automation Storage Tier 3 (>50K Users) | D71: per GB per month | H71: 0.82 | J71: 0 | N71: 0.13 | O71: 0.38 | P71: 1.5 | Q71: 0.65 | T71: 0.11 | Y71: 0
A73: 1002BA | B73: Private | C73: Office Automation SaaS Tier 1 (<10K Users | D73: per User per month | F73: 0 | H73: 21.6 | K73: 17 | L73: 0 | N73: 5.67 | O73: 5.98 | P73: 35.96 | Q73: 24.23 | T73: 32.03 | V73: 0 | X73: 0
A74: 1002BB | B74: Private | C74: Office Automation SaaS Tier 2 (10K-50K Users) | D74: per User per month | F74: 0 | H74: 20.25 | K74: 14 | L74: 0 | N74: 3.25 | O74: 4.28 | P74: 18.5 | Q74: 22.6 | T74: 25.79 | V74: 0 | X74: 0
A75: 1002BC | B75: Private | C75: Office Automation SaaS Tier 3 (>50K Users) | D75: per User per month | F75: 0 | H75: 18.61 | K75: 11 | L75: 0 | N75: 3.25 | O75: 3.39 | P75: 14.39 | Q75: 21.5 | T75: 24.59 | V75: 0 | X75: 0
A76: 1002BD | B76: Private | C76: Additional GB of Office Automation Storage Tier 1 (<10K Users) | D76: per GB per month | F76: 2.34 | H76: 1.19 | K76: 2.25 | L76: 2.47 | N76: 0.34 | O76: 0.78 | P76: 1.5 | Q76: 0.87 | T76: 0.25 | V76: 2.38 | X76: 2.52
A77: 1002BE | B77: Private | C77: Additional GB of Office Automation Storage Tier 2 (10K-50K Users) | D77: per GB per month | F77: 2.34 | H77: 1.19 | K77: 1.75 | L77: 2.47 | N77: 0.14 | O77: 0.62 | P77: 1.5 | Q77: 0.87 | T77: 0.17 | V77: 2.38 | X77: 2.52
A78: 1002BF | B78: Private | C78: Additional GB of Office Automation Storage Tier 3 (>50K Users) | D78: per GB per month | F78: 2.34 | H78: 1.19 | K78: 1.25 | L78: 2.47 | N78: 0.13 | O78: 0.47 | P78: 1.5 | Q78: 0.87 | T78: 0.12 | V78: 2.38 | X78: 2.52
A80: 1002CA | B80: Secret Enclave | C80: Office Automation SaaS Tier 1 (<10K Users | D80: per User per month | K80: 19 | N80: 5.67 | P80: 59.19 | Q80: 23.95 | T80: 42.51
A81: 1002CB | B81: Secret Enclave | C81: Office Automation SaaS Tier 2 (10K-50K Users) | D81: per User per month | K81: 16 | N81: 3.25 | P81: 37.76 | Q81: 22.94 | T81: 34.23
A82: 1002CC | B82: Secret Enclave | C82: Office Automation SaaS Tier 3 (>50K Users) | D82: per User per month | K82: 12 | N82: 3.25 | P82: 32.65 | Q82: 21.95 | T82: 32.64
A83: 1002CD | B83: Secret Enclave | C83: Additional GB of Office Automation Storage Tier 1 (<10K Users) | D83: per GB per month | K83: 2.25 | N83: 0.34 | P83: 1.5 | Q83: 0.65 | T83: 0.56
A84: 1002CE | B84: Secret Enclave | C84: Additional GB of Office Automation Storage Tier 2 (10K-50K Users) | D84: per GB per month | K84: 1.75 | N84: 0.14 | P84: 1.5 | Q84: 0.65 | T84: 0.26
A85: 1002CF | B85: Secret Enclave | C85: Additional GB of Office Automation Storage Tier 3 (>50K Users) | D85: per GB per month | K85: 1.25 | N85: 0.13 | P85: 1.5 | Q85: 0.65 | T85: 0.14
A87: 1002DA | B87: Public | C87: Office Automation SaaS Tier 1 (<10K Users | D87: per User per month | E87: 3.86 | J87: 0 | L87: 0 | M87: 3.77 | N87: 5.67 | O87: 5.32 | Q87: 21.72 | R87: 3.7 | S87: 3.89
A88: 1002DB | B88: Public | C88: Office Automation SaaS Tier 2 (10K-50K Users) | D88: per User per month | E88: 3.86 | J88: 0 | L88: 0 | M88: 3.77 | N88: 3.25 | O88: 3.9 | Q88: 20.08 | R88: 3.7 | S88: 3.85
A89: 1002DC | B89: Public | C89: Office Automation SaaS Tier 3 (>50K Users) | D89: per User per month | E89: 3.86 | J89: 0 | L89: 0 | M89: 3.77 | N89: 3.25 | O89: 3.15 | Q89: 19.2 | R89: 3.7 | S89: 3.81
A90: 1002DD | B90: Public | C90: Additional GB of Office Automation Storage Tier 1 (<10K Users) | D90: per GB per month | J90: 0 | L90: 1.77 | N90: 0.34 | O90: 0.62 | Q90: 0.65
A91: 1002DE | B91: Public | C91: Additional GB of Office Automation Storage Tier 2 (10K-50K Users) | D91: per GB per month | J91: 0 | L91: 1.77 | N91: 0.14 | O91: 0.49 | Q91: 0.65
A92: 1002DF | B92: Public | C92: Additional GB of Office Automation Storage Tier 3 (>50K Users) | D92: per GB per month | J92: 0 | L92: 1.77 | N92: 0.13 | O92: 0.37 | Q92: 0.65
A94: 1003AA | B94: Govt. Community | C94: Records Management Tier 1 (<10K users) | D94: per User per month | G94: 11.9 | H94: 50.2 | N94: 12.13 | O94: 12.95 | P94: 26.87 | Q94: 2.15
A95: 1003AB | B95: Govt. Community | C95: Records Management Tier 2 (10K-50K users) | D95: per User per month | G95: 8.4 | H95: 42.84 | N95: 12.13 | O95: 10.96 | P95: 20.75 | Q95: 1.01
A96: 1003AC | B96: Govt. Community | C96: Records Management Tier 3 (>50K users) | D96: per User per month | G96: 7.6 | H96: 37.23 | N96: 12.13 | O96: 9.11 | P96: 16.87 | Q96: 0.99
A97: 1003AD | B97: Govt. Community | C97: Additional GB of Record Management Storage Tier 1 (<10K Users) | D97: per GB per month | G97: 3.6 | H97: 0.84 | N97: 0.34 | O97: 0.64 | P97: 1.5 | Q97: 0.65
A98: 1003AE | B98: Govt. Community | C98: Additional GB of Record Management Storage Tier 2 (10K-50K Users) | D98: per GB per month | G98: 3.24 | H98: 0.84 | N98: 0.14 | O98: 0.51 | P98: 1.5 | Q98: 0.65
A99: 1003AF | B99: Govt. Community | C99: Additional GB of Record Management Storage Tier 3 (>50K Users) | D99: per GB per month | G99: 2.88 | H99: 0.84 | N99: 0.13 | O99: 0.38 | P99: 1.5 | Q99: 0.65
A101: 1003BA | B101: Private | C101: Records Management Tier 1 (<10K users) | D101: per User per month | G101: 11.9 | H101: 73.29 | K101: 39 | N101: 12.13 | O101: 13.85 | P101: 33.51 | Q101: 2.33
A102: 1003BB | B102: Private | C102: Records Management Tier 2 (10K-50K users) | D102: per User per month | G102: 8.4 | H102: 62.54 | K102: 29 | N102: 12.13 | O102: 11.69 | P102: 22.83 | Q102: 1.07
A103: 1003BC | B103: Private | C103: Records Management Tier 3 (>50K users) | D103: per User per month | G103: 7.6 | H103: 54.35 | K103: 22 | N103: 12.13 | O103: 9.52 | P103: 19.17 | Q103: 1.06
A104: 1003BD | B104: Private | C104: Additional GB of Record Management Storage Tier 1 (<10K Users) | D104: per GB per month | G104: 3.6 | H104: 1.22 | K104: 2.25 | N104: 0.34 | O104: 0.78 | P104: 1.5 | Q104: 0.87
A105: 1003BE | B105: Private | C105: Additional GB of Record Management Storage Tier 2 (10K-50K Users) | D105: per GB per month | G105: 3.24 | H105: 1.22 | K105: 1.75 | N105: 0.14 | O105: 0.62 | P105: 1.5 | Q105: 0.87
A106: 1003BF | B106: Private | C106: Additional GB of Record Management Storage Tier 3 (>50K Users) | D106: per GB per month | G106: 2.88 | H106: 1.22 | K106: 1.25 | N106: 0.13 | O106: 0.47 | P106: 1.5 | Q106: 0.87
A108: 1003CA | B108: Secret Enclave | C108: Records Management Tier 1 (<10K users) | D108: per User per month | K108: 40 | N108: 12.13 | P108: 35.38 | Q108: 2.32
A109: 1003CB | B109: Secret Enclave | C109: Records Management Tier 2 (10K-50K users) | D109: per User per month | K109: 30 | N109: 12.13 | P109: 24.9 | Q109: 1.12
A110: 1003CC | B110: Secret Enclave | C110: Records Management Tier 3 (>50K users) | D110: per User per month | K110: 23 | N110: 12.13 | P110: 20.71 | Q110: 1.08
...

Sheet Option Yr 2 (US)
A1: CLIN | B1: Delivery Model | C1: CLIN Description Prices listed are for Option Year 2: US Pricing | D1: Unit of Measure | E1: Accenture Federal Services LLC (G) | F1: Accenture Federal Services LLC (365) | G1: Autonomic Resources LLC (EX) | H1: CGI Federal Inc. (Z) | I1: Ciracom Inc. (EX) | J1: Computer Sciences Corporation (G) | K1: Computer Sciences Corporation (EX) | L1: Dell Federal Systems L.P. (365) | M1: DLT Solutions, LLC (G) | N1: General Dynamics Information Technology, Inc. (Z) | O1: Harris IT Service Corporation (Z) | P1: IBM Global Business Services – U.S. Federal (DOM) | Q1: Lockheed Martin (Z) | R1: Onix Networking Corp. (G) | S1: Science Applications International Corporation (G) | T1: Smartronix, Inc (EX) | U1: Systems Research and Applications Corporation (G) | V1: Systems Research and Applications Corporation (365) | W1: Technosource LLC (365) | X1: Unisys (365) | Y1: Unisys (G)
A2: 2001AA | B2: Govt. Community | C2: Mailbox Tier 1 (<10K Mbox) | D2: per Mailbox per month | E2: 4.05 | G2: 20.48 | H2: 8.03 | I2: 11.78 | J2: 3.74 | M2: 3.96 | N2: 5.45 | O2: 10.79 | P2: 22.61 | Q2: 10.53 | R2: 3.85 | S2: 4.04 | T2: 32.75 | U2: 4.05 | W2: 7.79 | Y2: 4.75
A3: 2001AB | B3: Govt. Community | C3: Mailbox Tier 2 (10K-50K Mbox) | D3: per Mailbox per month | E3: 4.05 | G3: 18.43 | H3: 7.53 | I3: 11.13 | J3: 3.72 | M3: 3.96 | N3: 5.29 | O3: 9.47 | P3: 14.39 | Q3: 6.67 | R3: 3.85 | S3: 4 | T3: 23.58 | U3: 4.05 | W3: 7.79 | Y3: 4.75
A4: 2001AC | B4: Govt. Community | C4: Mailbox Tier 3 (>50K Mbox) | D4: per Mailbox per month | E4: 4.05 | G4: 16.38 | H4: 6.65 | I4: 10.86 | J4: 3.68 | M4: 3.96 | N4: 4.8 | O4: 9.03 | P4: 11.3 | Q4: 6.02 | R4: 3.85 | S4: 3.97 | T4: 17.06 | U4: 4.05 | W4: 7.79 | Y4: 4.75
A5: 2001AD | B5: Govt. Community | C5: Additional GB of Mailbox Storage Tier 1 (<10K Mbox) | D5: per GB per month | E5: 0 | G5: 3.6 | H5: 0.8 | I5: 1.61 | J5: 0 | N5: 0.35 | O5: 0.63 | P5: 1.5 | Q5: 0.65 | T5: 0.51 | Y5: 0
A6: 2001AE | B6: Govt. Community | C6: Additional GB of Mailbox Storage Tier 2 (10K-50K Mbox) | D6: per GB per month | E6: 0 | G6: 3.24 | H6: 0.8 | I6: 1.41 | J6: 0 | N6: 0.14 | O6: 0.55 | P6: 1.5 | Q6: 0.65 | T6: 0.31 | Y6: 0
A7: 2001AF | B7: Govt. Community | C7: Additional GB of Mailbox Storage Tier 3 (>50K Mbox) | D7: per GB per month | E7: 0 | G7: 2.88 | H7: 0.8 | I7: 1.34 | J7: 0 | N7: 0.13 | O7: 0.43 | P7: 1.5 | Q7: 0.65 | T7: 0.26 | Y7: 0
A8: 2001AG | B8: Govt. Community | C8: Archiving per Mailbox Tier 1 (<10K Mbox) | D8: per Mailbox per month | E8: 1.52 | G8: 18.9 | H8: 3.55 | I8: 7.8 | J8: 1.85 | M8: 1.49 | N8: 13.5 | O8: 2.78 | P8: 23.6 | Q8: 1.23 | R8: 1.91 | S8: 2.01 | T8: 1.6 | U8: 1.52 | W8: 0 | Y8: 0.79
A9: 2001AH | B9: Govt. Community | C9: Archiving per Mailbox Tier 2 (10K-50K Mbox) | D9: per Mailbox per month | E9: 1.52 | G9: 17.55 | H9: 3.33 | I9: 7.06 | J9: 1.84 | M9: 1.49 | N9: 5.91 | O9: 2.78 | P9: 15.3 | Q9: 1.16 | R9: 1.91 | S9: 1.99 | T9: 1.07 | U9: 1.52 | W9: 0 | Y9: 0.79
A10: 2001AI | B10: Govt. Community | C10: Archiving per Mailbox Tier 3 (>50K Mbox) | D10: per Mailbox per month | E10: 1.52 | G10: 16.2 | H10: 2.77 | I10: 6.71 | J10: 1.82 | M10: 1.49 | N10: 4.87 | O10: 2.78 | P10: 12.09 | Q10: 1.16 | R10: 1.91 | S10: 1.97 | T10: 0.8 | U10: 1.52 | W10: 0 | Y10: 0.79
A11: 2001AJ | B11: Govt. Community | C11: Additional GB of Archiving Storage Tier 1 (<10K Mbox) | D11: per GB per month | E11: 0 | G11: 3.6 | H11: 0.64 | I11: 0 | J11: 0 | M11: 0 | N11: 0.35 | O11: 0.71 | P11: 1.5 | Q11: 0.65 | R11: 0 | T11: 0.23 | U11: 0 | Y11: 0
A12: 2001AK | B12: Govt. Community | C12: Additional GB of Archiving Storage Tier 2 (10K-50K Mbox) | D12: per GB per month | E12: 0 | G12: 3.24 | H12: 0.64 | I12: 0 | J12: 0 | M12: 0 | N12: 0.14 | O12: 0.65 | P12: 1.5 | Q12: 0.65 | R12: 0 | T12: 0.16 | U12: 0 | Y12: 0
A13: 2001AL | B13: Govt. Community | C13: Additional GB of Archiving Storage Tier 3 (>50K Mbox) | D13: per GB per month | E13: 0 | G13: 2.88 | H13: 0.64 | I13: 0 | J13: 0 | M13: 0 | N13: 0.13 | O13: 0.6 | P13: 1.5 | Q13: 0.65 | R13: 0 | T13: 0.11 | U13: 0 | Y13: 0
A14: 2001AM | B14: Govt. Community | C14: Blackberry Enterprise Server per Mailbox Tier 1 (<10K Mbox) | D14: per Mailbox per month | E14: 7.92 | G14: 4 | H14: 13.44 | I14: 9.14 | J14: 14.63 | M14: 7.8 | N14: 5.08 | O14: 5.35 | P14: 14.39 | Q14: 8.71 | R14: 7.07 | S14: 7.13 | T14: 10.69 | U14: 7.92 | W14: 32.25 | Y14: 13.31
A15: 2001AN | B15: Govt. Community | C15: Blackberry Enterprise Server per Mailbox Tier 2 (10K-50K Mbox) | D15: per Mailbox per month | E15: 7.31 | G15: 2.1 | H15: 12.6 | I15: 8.05 | J15: 14.63 | M15: 7.2 | N15: 5.08 | O15: 5.11 | P15: 12.33 | Q15: 3.69 | R15: 6.48 | S15: 6.58 | T15: 9.09 | U15: 7.31 | W15: 25.68 | Y15: 9.74
A16: 2001AO | B16: Govt. Community | C16: Blackberry Enterprise Server per Mailbox Tier 3 (>50K Mbox) | D16: per Mailbox per month | E16: 6.7 | G16: 2.1 | H16: 11.54 | I16: 6.89 | J16: 14.63 | M16: 6.6 | N16: 5.08 | O16: 5.11 | P16: 11.3 | Q16: 3.05 | R16: 5.89 | S16: 6.03 | T16: 7.48 | U16: 6.7 | W16: 19.26 | Y16: 7.73
A18: 2001BA | B18: Private | C18: Mailbox Tier 1 (<10K Mbox) | D18: per Mailbox per month | F18: 20.45 | G18: 22.76 | H18: 11.7 | K18: 17 | L18: 21.56 | N18: 21.96 | O18: 12 | P18: 40.07 | Q18: 11.44 | T18: 37.9 | V18: 20.8 | X18: 22.11
A19: 2001BB | B19: Private | C19: Mailbox Tier 2 (10K-50K Mbox) | D19: per Mailbox per month | F19: 20.45 | G19: 20.49 | H19: 10.96 | K19: 12 | L19: 21.56 | N19: 12.11 | O19: 10.68 | P19: 26.72 | Q19: 7.7 | T19: 24.9 | V19: 20.8 | X19: 22.11
A20: 2001BC | B20: Private | C20: Mailbox Tier 3 (>50K Mbox) | D20: per Mailbox per month | F20: 15.34 | G20: 16.39 | H20: 9.71 | K20: 8 | L20: 16.17 | N20: 6.77 | O20: 10.2 | P20: 19.52 | Q20: 6.41 | T20: 17.34 | V20: 20.8 | X20: 22.11
A21: 2001BD | B21: Private | C21: Additional GB of Mailbox Storage Tier 1 (<10K Mbox) | D21: per GB per month | G21: 3.6 | H21: 1.16 | K21: 2.25 | N21: 0.35 | O21: 0.78 | P21: 1.5 | Q21: 0.87 | T21: 0.56
A22: 2001BE | B22: Private | C22: Additional GB of Mailbox Storage Tier 2 (10K-50K Mbox) | D22: per GB per month | G22: 3.24 | H22: 1.16 | K22: 1.75 | N22: 0.14 | O22: 0.69 | P22: 1.5 | Q22: 0.87 | T22: 0.34
A23: 2001BF | B23: Private | C23: Additional GB of Mailbox Storage Tier 3 (>50K Mbox) | D23: per GB per month | G23: 2.88 | H23: 1.16 | K23: 1.25 | N23: 0.13 | O23: 0.53 | P23: 1.5 | Q23: 0.87 | T23: 0.29
A24: 2001BG | B24: Private | C24: Archiving per Mailbox Tier 1 (<10K Mbox) | D24: per Mailbox per month | F24: 8.64 | G24: 18.9 | H24: 5.18 | K24: 8 | L24: 8.12 | N24: 13.5 | O24: 3.34 | P24: 24.9 | Q24: 1.32 | T24: 3.21 | V24: 8.79 | X24: 9.35
A25: 2001BH | B25: Private | C25: Archiving per Mailbox Tier 2 (10K-50K Mbox) | D25: per Mailbox per month | F25: 8.64 | G25: 17.55 | H25: 4.85 | K25: 6 | L25: 8.12 | N25: 5.91 | O25: 3.34 | P25: 15.56 | Q25: 1.23 | T25: 2.94 | V25: 8.79 | X25: 9.35
A26: 2001BI | B26: Private | C26: Archiving per Mailbox Tier 3 (>50K Mbox) | D26: per Mailbox per month | F26: 6.45 | G26: 16.2 | H26: 4.04 | K26: 4.5 | L26: 6.09 | N26: 4.87 | O26: 3.34 | P26: 12.45 | Q26: 1.25 | T26: 2.67 | V26: 8.79 | X26: 9.35
A27: 2001BJ | B27: Private | C27: Additional GB of Archiving Storage Tier 1 (<10K Mbox) | D27: per GB per month | G27: 3.6 | H27: 0.93 | K27: 2.25 | N27: 0.35 | O27: 0.89 | P27: 1.5 | Q27: 0.87 | T27: 0.25
A28: 2001BK | B28: Private | C28: Additional GB of Archiving Storage Tier 2 (10K-50K Mbox) | D28: per GB per month | G28: 3.24 | H28: 0.93 | K28: 1.75 | N28: 0.14 | O28: 0.81 | P28: 1.5 | Q28: 0.87 | T28: 0.17
A29: 2001BL | B29: Private | C29: Additional GB of Archiving Storage Tier 3 (>50K Mbox) | D29: per GB per month | G29: 2.88 | H29: 0.93 | K29: 1.25 | N29: 0.13 | O29: 0.74 | P29: 1.5 | Q29: 0.87 | T29: 0.12
A30: 2001BM | B30: Private | C30: Blackberry Enterprise Server per Mailbox Tier 1 (<10K Mbox) | D30: per Mailbox per month | F30: 15.01 | G30: 4 | H30: 19.74 | K30: 7 | L30: 10.24 | N30: 5.08 | O30: 5.2 | P30: 17.98 | Q30: 9.37 | T30: 10.69 | V30: 13.94 | X30: 10.22
A31: 2001BN | B31: Private | C31: Blackberry Enterprise Server per Mailbox Tier 2 (10K-50K Mbox) | D31: per Mailbox per month | F31: 14.39 | G31: 2.1 | H31: 18.5 | K31: 6 | L31: 8.59 | N31: 5.08 | O31: 5.17 | P31: 16.44 | Q31: 4.24 | T31: 9.09 | V31: 13.94 | X31: 10.22
A32: 2001BO | B32: Private | C32: Blackberry Enterprise Server per Mailbox Tier 3 (>50K Mbox) | D32: per Mailbox per month | F32: 12.31 | G32: 2.1 | H32: 16.85 | K32: 4.5 | L32: 7.17 | N32: 5.08 | O32: 5.17 | P32: 15.41 | Q32: 3.3 | T32: 7.48 | V32: 13.94 | X32: 10.22
A34: 2001CA | B34: Secret Enclave | C34: Mailbox Tier 1 (<10K Mbox) | D34: per Mailbox per month | K34: 21 | N34: 34.04 | P34: 59.18 | Q34: 16.4 | T34: 125.51
A35: 2001CB | B35: Secret Enclave | C35: Mailbox Tier 2 (10K-50K Mbox) | D35: per Mailbox per month | K35: 15 | N35: 15.08 | P35: 43.87 | Q35: 8.21 | T35: 44.04
A36: 2001CC | B36: Secret Enclave | C36: Mailbox Tier 3 (>50K Mbox) | D36: per Mailbox per month | K36: 9 | N36: 8.31 | P36: 35.72 | Q36: 6.74 | T36: 22.02
A37: 2001CD | B37: Secret Enclave | C37: Additional GB of Mailbox Storage Tier 1 (<10K Mbox) | D37: per GB per month | K37: 2.25 | N37: 0.35 | P37: 1.5 | Q37: 0.65 | T37: 1.53
A38: 2001CE | B38: Secret Enclave | C38: Additional GB of Mailbox Storage Tier 2 (10K-50K Mbox) | D38: per GB per month | K38: 1.75 | N38: 0.14 | P38: 1.5 | Q38: 0.65 | T38: 0.8
A39: 2001CF | B39: Secret Enclave | C39: Additional GB of Mailbox Storage Tier 3 (>50K Mbox) | D39: per GB per month | K39: 1.25 | N39: 0.13 | P39: 1.5 | Q39: 0.65 | T39: 0.37
A40: 2001CG | B40: Secret Enclave | C40: Archiving per Mailbox Tier 1 (<10K Mbox) | D40: per Mailbox per month | K40: 9 | N40: 13.5 | P40: 26.64 | Q40: 1.31 | T40: 3.96
A41: 2001CH | B41: Secret Enclave | C41: Archiving per Mailbox Tier 2 (10K-50K Mbox) | D41: per Mailbox per month | K41: 7 | N41: 5.91 | P41: 17.64 | Q41: 1.27 | T41: 3.63
A42: 2001CI | B42: Secret Enclave | C42: Archiving per Mailbox Tier 3 (>50K Mbox) | D42: per Mailbox per month | K42: 6 | N42: 4.87 | P42: 14.57 | Q42: 1.27 | T42: 3.3
A43: 2001CJ | B43: Secret Enclave | C43: Additional GB of Archiving Storage Tier 1 (<10K Mbox) | D43: per GB per month | K43: 2.25 | N43: 0.35 | P43: 1.5 | Q43: 0.65 | T43: 0.58
A44: 2001CK | B44: Secret Enclave | C44: Additional GB of Archiving Storage Tier 2 (10K-50K Mbox) | D44: per GB per month | K44: 1.75 | N44: 0.14 | P44: 1.5 | Q44: 0.65 | T44: 0.3
A45: 2001CL | B45: Secret Enclave | C45: Additional GB of Archiving Storage Tier 3 (>50K Mbox) | D45: per GB per month | K45: 1.25 | N45: 0.13 | P45: 1.5 | Q45: 0.65 | T45: 0.14
A46: 2001CM | B46: Secret Enclave | C46: Blackberry Enterprise Server per Mailbox Tier 1 (<10K Mbox) | D46: per Mailbox per month
A47: 2001CN | B47: Secret Enclave | C47: Blackberry Enterprise Server per Mailbox Tier 2 (10K-50K Mbox) | D47: per Mailbox per month
A48: 2001CO | B48: Secret Enclave | C48: Blackberry Enterprise Server per Mailbox Tier 3 (>50K Mbox) | D48: per Mailbox per month
A50: 2001DA | B50: Public | C50: Mailbox Tier 1 (<10K Mbox) | D50: per Mailbox per month | E50: 4.05 | I50: 11.78 | J50: 3.74 | L50: 7.18 | M50: 3.96 | N50: 5.45 | O50: 10.51 | Q50: 10.42 | R50: 3.85 | S50: 4.04
A51: 2001DB | B51: Public | C51: Mailbox Tier 2 (10K-50K Mbox) | D51: per Mailbox per month | E51: 4.05 | I51: 11.13 | J51: 3.72 | L51: 7.18 | M51: 3.96 | N51: 5.29 | O51: 9.44 | Q51: 6.6 | R51: 3.85 | S51: 4
A52: 2001DC | B52: Public | C52: Mailbox Tier 3 (>50K Mbox) | D52: per Mailbox per month | E52: 4.05 | I52: 10.86 | J52: 3.68 | L52: 7.18 | M52: 3.96 | N52: 4.8 | O52: 8.99 | Q52: 5.95 | R52: 3.85 | S52: 3.97
A53: 2001DD | B53: Public | C53: Additional GB of Mailbox Storage Tier 1 (<10K Mbox) | D53: per GB per month | E53: 0 | I53: 1.61 | J53: 0 | N53: 0.35 | O53: 0.62 | Q53: 0.65
A54: 2001DE | B54: Public | C54: Additional GB of Mailbox Storage Tier 2 (10K-50K Mbox) | D54: per GB per month | E54: 0 | I54: 1.41 | J54: 0 | N54: 0.14 | O54: 0.54 | Q54: 0.65
A55: 2001DF | B55: Public | C55: Additional GB of Mailbox Storage Tier 3 (>50K Mbox) | D55: per GB per month | E55: 0 | I55: 1.34 | J55: 0 | N55: 0.13 | O55: 0.42 | Q55: 0.65
A56: 2001DG | B56: Public | C56: Archiving per Mailbox Tier 1 (<10K Mbox) | D56: per Mailbox per month | E56: 1.52 | I56: 7.8 | J56: 1.85 | L56: 1.79 | M56: 1.49 | N56: 13.5 | O56: 2.66 | Q56: 1.21 | R56: 1.91 | S56: 2.01
A57: 2001DH | B57: Public | C57: Archiving per Mailbox Tier 2 (10K-50K Mbox) | D57: per Mailbox per month | E57: 1.52 | I57: 7.06 | J57: 1.84 | L57: 1.79 | M57: 1.49 | N57: 5.91 | O57: 2.66 | Q57: 1.14 | R57: 1.91 | S57: 1.99
A58: 2001DI | B58: Public | C58: Archiving per Mailbox Tier 3 (>50K Mbox) | D58: per Mailbox per month | E58: 1.52 | I58: 6.71 | J58: 1.82 | L58: 1.79 | M58: 1.49 | N58: 4.87 | O58: 2.66 | Q58: 1.14 | R58: 1.91 | S58: 1.97
A59: 2001DJ | B59: Public | C59: Additional GB of Archiving Storage Tier 1 (<10K Mbox) | D59: per GB per month | E59: 0 | I59: 0 | J59: 0 | M59: 0 | N59: 0.35 | O59: 0.71 | Q59: 0.65 | R59: 0
A60: 2001DK | B60: Public | C60: Additional GB of Archiving Storage Tier 2 (10K-50K Mbox) | D60: per GB per month | E60: 0 | I60: 0 | J60: 0 | M60: 0 | N60: 0.14 | O60: 0.65 | Q60: 0.65 | R60: 0
A61: 2001DL | B61: Public | C61: Additional GB of Archiving Storage Tier 3 (>50K Mbox) | D61: per GB per month | E61: 0 | I61: 0 | J61: 0 | M61: 0 | N61: 0.13 | O61: 0.6 | Q61: 0.65 | R61: 0
A62: 2001DM | B62: Public | C62: Blackberry Enterprise Server per Mailbox Tier 1 (<10K Mbox) | D62: per Mailbox per month | E62: 7.92 | I62: 9.14 | J62: 14.63 | L62: 10.24 | M62: 7.8 | N62: 5.08 | O62: 5.16 | Q62: 8.59 | R62: 7.07 | S62: 7.13
A63: 2001DN | B63: Public | C63: Blackberry Enterprise Server per Mailbox Tier 2 (10K-50K Mbox) | D63: per Mailbox per month | E63: 7.31 | I63: 8.05 | J63: 14.63 | L63: 8.59 | M63: 7.2 | N63: 5.08 | O63: 5.11 | Q63: 3.63 | R63: 6.48 | S63: 6.58
A64: 2001DO | B64: Public | C64: Blackberry Enterprise Server per Mailbox Tier 3 (>50K Mbox) | D64: per Mailbox per month | E64: 6.7 | I64: 6.89 | J64: 14.63 | L64: 7.17 | M64: 6.6 | N64: 5.08 | O64: 5.11 | Q64: 3 | R64: 5.89 | S64: 6.03
A66: 2002AA | B66: Govt. Community | C66: Office Automation SaaS Tier 1 (<10K Users | D66: per User per month | E66: 4.05 | H66: 14.95 | J66: 0 | M66: 3.96 | N66: 5.87 | O66: 5.53 | P66: 20.55 | Q66: 22.11 | R66: 3.85 | S66: 4.04 | T66: 32.99 | U66: 0 | Y66: 0
A67: 2002AB | B67: Govt. Community | C67: Office Automation SaaS Tier 2 (10K-50K Users) | D67: per User per month | E67: 4.05 | H67: 14.02 | J67: 0 | M67: 3.96 | N67: 3.37 | O67: 4.06 | P67: 12.33 | Q67: 20.45 | R67: 3.85 | S67: 4 | T67: 26.57 | U67: 0 | Y67: 0
A68: 2002AC | B68: Govt. Community | C68: Office Automation SaaS Tier 3 (>50K Users) | D68: per User per month | E68: 4.05 | H68: 12.43 | J68: 0 | M68: 3.96 | N68: 3.37 | O68: 3.28 | P68: 9.76 | Q68: 19.54 | R68: 3.85 | S68: 3.97 | T68: 25.33 | U68: 0 | Y68: 0
A69: 2002AD | B69: Govt. Community | C69: Additional GB of Office Automation Storage Tier 1 (<10K Users) | D69: per GB per month | H69: 0.8 | J69: 0 | N69: 0.35 | O69: 0.64 | P69: 1.5 | Q69: 0.65 | T69: 0.23 | Y69: 0
A70: 2002AE | B70: Govt. Community | C70: Additional GB of Office Automation Storage Tier 2 (10K-50K Users) | D70: per GB per month | H70: 0.8 | J70: 0 | N70: 0.14 | O70: 0.51 | P70: 1.5 | Q70: 0.65 | T70: 0.16 | Y70: 0
A71: 2002AF | B71: Govt. Community | C71: Additional GB of Office Automation Storage Tier 3 (>50K Users) | D71: per GB per month | H71: 0.8 | J71: 0 | N71: 0.13 | O71: 0.38 | P71: 1.5 | Q71: 0.65 | T71: 0.11 | Y71: 0
A73: 2002BA | B73: Private | C73: Office Automation SaaS Tier 1 (<10K Users | D73: per User per month | F73: 0 | H73: 21.06 | K73: 17 | L73: 0 | N73: 5.87 | O73: 5.98 | P73: 35.96 | Q73: 24.23 | T73: 32.99 | V73: 0 | X73: 0
A74: 2002BB | B74: Private | C74: Office Automation SaaS Tier 2 (10K-50K Users) | D74: per User per month | F74: 0 | H74: 19.75 | K74: 14 | L74: 0 | N74: 3.37 | O74: 4.28 | P74: 18.5 | Q74: 22.6 | T74: 26.57 | V74: 0 | X74: 0
A75: 2002BC | B75: Private | C75: Office Automation SaaS Tier 3 (>50K Users) | D75: per User per month | F75: 0 | H75: 18.14 | K75: 11 | L75: 0 | N75: 3.37 | O75: 3.39 | P75: 14.39 | Q75: 21.5 | T75: 25.33 | V75: 0 | X75: 0
A76: 2002BD | B76: Private | C76: Additional GB of Office Automation Storage Tier 1 (<10K Users) | D76: per GB per month | F76: 2.34 | H76: 1.16 | K76: 2.25 | L76: 2.47 | N76: 0.35 | O76: 0.78 | P76: 1.5 | Q76: 0.87 | T76: 0.25 | V76: 2.38 | X76: 2.52
A77: 2002BE | B77: Private | C77: Additional GB of Office Automation Storage Tier 2 (10K-50K Users) | D77: per GB per month | F77: 2.34 | H77: 1.16 | K77: 1.75 | L77: 2.47 | N77: 0.14 | O77: 0.62 | P77: 1.5 | Q77: 0.87 | T77: 0.17 | V77: 2.38 | X77: 2.52
A78: 2002BF | B78: Private | C78: Additional GB of Office Automation Storage Tier 3 (>50K Users) | D78: per GB per month | F78: 2.34 | H78: 1.16 | K78: 1.25 | L78: 2.47 | N78: 0.13 | O78: 0.47 | P78: 1.5 | Q78: 0.87 | T78: 0.12 | V78: 2.38 | X78: 2.52
A80: 2002CA | B80: Secret Enclave | C80: Office Automation SaaS Tier 1 (<10K Users | D80: per User per month | K80: 19 | N80: 5.87 | P80: 59.19 | Q80: 23.95 | T80: 43.78
A81: 2002CB | B81: Secret Enclave | C81: Office Automation SaaS Tier 2 (10K-50K Users) | D81: per User per month | K81: 16 | N81: 3.37 | P81: 37.76 | Q81: 22.94 | T81: 35.25
A82: 2002CC | B82: Secret Enclave | C82: Office Automation SaaS Tier 3 (>50K Users) | D82: per User per month | K82: 12 | N82: 3.37 | P82: 32.65 | Q82: 21.95 | T82: 33.62
A83: 2002CD | B83: Secret Enclave | C83: Additional GB of Office Automation Storage Tier 1 (<10K Users) | D83: per GB per month | K83: 2.25 | N83: 0.35 | P83: 1.5 | Q83: 0.65 | T83: 0.58
A84: 2002CE | B84: Secret Enclave | C84: Additional GB of Office Automation Storage Tier 2 (10K-50K Users) | D84: per GB per month | K84: 1.75 | N84: 0.14 | P84: 1.5 | Q84: 0.65 | T84: 0.3
A85: 2002CF | B85: Secret Enclave | C85: Additional GB of Office Automation Storage Tier 3 (>50K Users) | D85: per GB per month | K85: 1.25 | N85: 0.13 | P85: 1.5 | Q85: 0.65 | T85: 0.14
A87: 2002DA | B87: Public | C87: Office Automation SaaS Tier 1 (<10K Users | D87: per User per month | E87: 4.05 | J87: 0 | L87: 0 | M87: 3.96 | N87: 5.87 | O87: 5.32 | Q87: 21.72 | R87: 3.85 | S87: 4.04
A88: 2002DB | B88: Public | C88: Office Automation SaaS Tier 2 (10K-50K Users) | D88: per User per month | E88: 4.05 | J88: 0 | L88: 0 | M88: 3.96 | N88: 3.37 | O88: 3.9 | Q88: 20.08 | R88: 3.85 | S88: 4
A89: 2002DC | B89: Public | C89: Office Automation SaaS Tier 3 (>50K Users) | D89: per User per month | E89: 4.05 | J89: 0 | L89: 0 | M89: 3.96 | N89: 3.37 | O89: 3.15 | Q89: 19.2 | R89: 3.85 | S89: 3.97
A90: 2002DD | B90: Public | C90: Additional GB of Office Automation Storage Tier 1 (<10K Users) | D90: per GB per month | J90: 0 | L90: 1.77 | N90: 0.35 | O90: 0.62 | Q90: 0.65
A91: 2002DE | B91: Public | C91: Additional GB of Office Automation Storage Tier 2 (10K-50K Users) | D91: per GB per month | J91: 0 | L91: 1.77 | N91: 0.14 | O91: 0.49 | Q91: 0.65
A92: 2002DF | B92: Public | C92: Additional GB of Office Automation Storage Tier 3 (>50K Users) | D92: per GB per month | J92: 0 | L92: 1.77 | N92: 0.13 | O92: 0.37 | Q92: 0.65
A94: 2003AA | B94: Govt. Community | C94: Records Management Tier 1 (<10K users) | D94: per User per month | G94: 11.9 | H94: 50.2 | N94: 12.56 | O94: 12.95 | P94: 26.87 | Q94: 2.15
A95: 2003AB | B95: Govt. Community | C95: Records Management Tier 2 (10K-50K users) | D95: per User per month | G95: 8.4 | H95: 42.84 | N95: 12.56 | O95: 10.96 | P95: 20.75 | Q95: 1.01
A96: 2003AC | B96: Govt. Community | C96: Records Management Tier 3 (>50K users) | D96: per User per month | G96: 7.6 | H96: 37.23 | N96: 12.56 | O96: 9.11 | P96: 16.87 | Q96: 0.99
A97: 2003AD | B97: Govt. Community | C97: Additional GB of Record Management Storage Tier 1 (<10K Users) | D97: per GB per month | G97: 3.6 | H97: 0.84 | N97: 0.35 | O97: 0.64 | P97: 1.5 | Q97: 0.65
A98: 2003AE | B98: Govt. Community | C98: Additional GB of Record Management Storage Tier 2 (10K-50K Users) | D98: per GB per month | G98: 3.24 | H98: 0.84 | N98: 0.14 | O98: 0.51 | P98: 1.5 | Q98: 0.65
A99: 2003AF | B99: Govt. Community | C99: Additional GB of Record Management Storage Tier 3 (>50K Users) | D99: per GB per month | G99: 2.88 | H99: 0.84 | N99: 0.13 | O99: 0.38 | P99: 1.5 | Q99: 0.65
A101: 2003BA | B101: Private | C101: Records Management Tier 1 (<10K users) | D101: per User per month | G101: 11.9 | H101: 73.29 | K101: 39 | N101: 12.56 | O101: 13.85 | P101: 33.51 | Q101: 2.33
A102: 2003BB | B102: Private | C102: Records Management Tier 2 (10K-50K users) | D102: per User per month | G102: 8.4 | H102: 62.54 | K102: 29 | N102: 12.56 | O102: 11.69 | P102: 22.83 | Q102: 1.07
A103: 2003BC | B103: Private | C103: Records Management Tier 3 (>50K users) | D103: per User per month | G103: 7.6 | H103: 54.35 | K103: 22 | N103: 12.56 | O103: 9.52 | P103: 19.17 | Q103: 1.06
A104: 2003BD | B104: Private | C104: Additional GB of Record Management Storage Tier 1 (<10K Users) | D104: per GB per month | G104: 3.6 | H104: 1.22 | K104: 2.25 | N104: 0.35 | O104: 0.78 | P104: 1.5 | Q104: 0.87
A105: 2003BE | B105: Private | C105: Additional GB of Record Management Storage Tier 2 (10K-50K Users) | D105: per GB per month | G105: 3.24 | H105: 1.22 | K105: 1.75 | N105: 0.14 | O105: 0.62 | P105: 1.5 | Q105: 0.87
A106: 2003BF | B106: Private | C106: Additional GB of Record Management Storage Tier 3 (>50K Users) | D106: per GB per month | G106: 2.88 | H106: 1.22 | K106: 1.25 | N106: 0.13 | O106: 0.47 | P106: 1.5 | Q106: 0.87
A108: 2003CA | B108: Secret Enclave | C108: Records Management Tier 1 (<10K users) | D108: per User per month | K108: 40 | N108: 12.56 | P108: 35.38 | Q108: 2.32
A109: 2003CB | B109: Secret Enclave | C109: Records Management Tier 2 (10K-50K users) | D109: per User per month | K109: 30 | N109: 12.56 | P109: 24.9 | Q109: 1.12
A110: 2003CC | B110: Secret Enclave | C110: Records Management Tier 3 (>50K users) | D110: per User per month | K110: 23 | N110: 12.56 | P110: 20.71 | Q110: 1.08
...

Sheet Option Yr 3 (US)
A1: CLIN | B1: Delivery Model | C1: CLIN Description Prices listed are for Option Year 3: US Pricing | D1: Unit of Measure | E1: Accenture Federal Services LLC (G) | F1: Accenture Federal Services LLC (365) | G1: Autonomic Resources LLC (EX) | H1: CGI Federal Inc. (Z) | I1: Ciracom Inc. (EX) | J1: Computer Sciences Corporation (G) | K1: Computer Sciences Corporation (EX) | L1: Dell Federal Systems L.P. (365) | M1: DLT Solutions, LLC (G) | N1: General Dynamics Information Technology, Inc. (Z) | O1: Harris IT Service Corporation (Z) | P1: IBM Global Business Services – U.S. Federal (DOM) | Q1: Lockheed Martin (Z) | R1: Onix Networking Corp. (G) | S1: Science Applications International Corporation (G) | T1: Smartronix, Inc (EX) | U1: Systems Research and Applications Corporation (G) | V1: Systems Research and Applications Corporation (365) | W1: Technosource LLC (365) | X1: Unisys (365) | Y1: Unisys (G)
A2: 3001AA | B2: Govt. Community | C2: Mailbox Tier 1 (<10K Mbox) | D2: per Mailbox per month | E2: 4.25 | G2: 20.48 | H2: 7.83 | I2: 11.61 | J2: 3.74 | M2: 4.16 | N2: 5.64 | O2: 10.79 | P2: 22.61 | Q2: 10.53 | R2: 3.85 | S2: 4.04 | T2: 33.74 | U2: 4.25 | W2: 7.79 | Y2: 4.75
A3: 3001AB | B3: Govt. Community | C3: Mailbox Tier 2 (10K-50K Mbox) | D3: per Mailbox per month | E3: 4.25 | G3: 18.43 | H3: 7.34 | I3: 10.97 | J3: 3.72 | M3: 4.16 | N3: 5.48 | O3: 9.47 | P3: 14.39 | Q3: 6.67 | R3: 3.85 | S3: 4 | T3: 24.29 | U3: 4.25 | W3: 7.79 | Y3: 4.75
A4: 3001AC | B4: Govt. Community | C4: Mailbox Tier 3 (>50K Mbox) | D4: per Mailbox per month | E4: 4.25 | G4: 16.38 | H4: 6.48 | I4: 10.7 | J4: 3.68 | M4: 4.16 | N4: 4.97 | O4: 9.03 | P4: 11.3 | Q4: 6.02 | R4: 3.85 | S4: 3.97 | T4: 17.58 | U4: 4.25 | W4: 7.79 | Y4: 4.75
A5: 3001AD | B5: Govt. Community | C5: Additional GB of Mailbox Storage Tier 1 (<10K Mbox) | D5: per GB per month | E5: 0 | G5: 3.6 | H5: 0.78 | I5: 1.6 | J5: 0 | N5: 0.36 | O5: 0.63 | P5: 1.5 | Q5: 0.65 | T5: 0.52 | Y5: 0
A6: 3001AE | B6: Govt. Community | C6: Additional GB of Mailbox Storage Tier 2 (10K-50K Mbox) | D6: per GB per month | E6: 0 | G6: 3.24 | H6: 0.78 | I6: 1.4 | J6: 0 | N6: 0.14 | O6: 0.55 | P6: 1.5 | Q6: 0.65 | T6: 0.32 | Y6: 0
A7: 3001AF | B7: Govt. Community | C7: Additional GB of Mailbox Storage Tier 3 (>50K Mbox) | D7: per GB per month | E7: 0 | G7: 2.88 | H7: 0.78 | I7: 1.33 | J7: 0 | N7: 0.13 | O7: 0.43 | P7: 1.5 | Q7: 0.65 | T7: 0.27 | Y7: 0
A8: 3001AG | B8: Govt. Community | C8: Archiving per Mailbox Tier 1 (<10K Mbox) | D8: per Mailbox per month | E8: 1.6 | G8: 18.9 | H8: 3.46 | I8: 7.74 | J8: 1.85 | M8: 1.56 | N8: 13.97 | O8: 2.78 | P8: 23.6 | Q8: 1.23 | R8: 1.91 | S8: 2.01 | T8: 1.65 | U8: 1.6 | W8: 0 | Y8: 0.79
A9: 3001AH | B9: Govt. Community | C9: Archiving per Mailbox Tier 2 (10K-50K Mbox) | D9: per Mailbox per month | E9: 1.6 | G9: 17.55 | H9: 3.25 | I9: 7.01 | J9: 1.84 | M9: 1.56 | N9: 6.11 | O9: 2.78 | P9: 15.3 | Q9: 1.16 | R9: 1.91 | S9: 1.99 | T9: 1.1 | U9: 1.6 | W9: 0 | Y9: 0.79
A10: 3001AI | B10: Govt. Community | C10: Archiving per Mailbox Tier 3 (>50K Mbox) | D10: per Mailbox per month | E10: 1.6 | G10: 16.2 | H10: 2.7 | I10: 6.66 | J10: 1.82 | M10: 1.56 | N10: 5.04 | O10: 2.78 | P10: 12.09 | Q10: 1.16 | R10: 1.91 | S10: 1.97 | T10: 0.83 | U10: 1.6 | W10: 0 | Y10: 0.79
A11: 3001AJ | B11: Govt. Community | C11: Additional GB of Archiving Storage Tier 1 (<10K Mbox) | D11: per GB per month | E11: 0 | G11: 3.6 | H11: 0.62 | I11: 0 | J11: 0 | M11: 0 | N11: 0.36 | O11: 0.71 | P11: 1.5 | Q11: 0.65 | R11: 0 | T11: 0.24 | U11: 0 | Y11: 0
A12: 3001AK | B12: Govt. Community | C12: Additional GB of Archiving Storage Tier 2 (10K-50K Mbox) | D12: per GB per month | E12: 0 | G12: 3.24 | H12: 0.62 | I12: 0 | J12: 0 | M12: 0 | N12: 0.14 | O12: 0.65 | P12: 1.5 | Q12: 0.65 | R12: 0 | T12: 0.16 | U12: 0 | Y12: 0
A13: 3001AL | B13: Govt. Community | C13: Additional GB of Archiving Storage Tier 3 (>50K Mbox) | D13: per GB per month | E13: 0 | G13: 2.88 | H13: 0.62 | I13: 0 | J13: 0 | M13: 0 | N13: 0.13 | O13: 0.6 | P13: 1.5 | Q13: 0.65 | R13: 0 | T13: 0.11 | U13: 0 | Y13: 0
A14: 3001AM | B14: Govt. Community | C14: Blackberry Enterprise Server per Mailbox Tier 1 (<10K Mbox) | D14: per Mailbox per month | E14: 8.31 | G14: 4 | H14: 13.1 | I14: 9.07 | J14: 14.63 | M14: 8.19 | N14: 5.25 | O14: 5.35 | P14: 14.39 | Q14: 8.71 | R14: 7.28 | S14: 7.13 | T14: 11.01 | U14: 8.32 | W14: 32.25 | Y14: 13.3
A15: 3001AN | B15: Govt. Community | C15: Blackberry Enterprise Server per Mailbox Tier 2 (10K-50K Mbox) | D15: per Mailbox per month | E15: 7.67 | G15: 2.1 | H15: 12.28 | I15: 7.99 | J15: 14.63 | M15: 7.56 | N15: 5.25 | O15: 5.11 | P15: 12.33 | Q15: 3.69 | R15: 6.68 | S15: 6.58 | T15: 9.36 | U15: 7.68 | W15: 25.68 | Y15: 9.74
A16: 3001AO | B16: Govt. Community | C16: Blackberry Enterprise Server per Mailbox Tier 3 (>50K Mbox) | D16: per Mailbox per month | E16: 7.04 | G16: 2.1 | H16: 11.25 | I16: 6.84 | J16: 14.63 | M16: 6.93 | N16: 5.25 | O16: 5.11 | P16: 11.3 | Q16: 3.05 | R16: 6.07 | S16: 6.03 | T16: 7.71 | U16: 7.04 | W16: 19.26 | Y16: 7.73
A18: 3001BA | B18: Private | C18: Mailbox Tier 1 (<10K Mbox) | D18: per Mailbox per month | F18: 20.45 | G18: 22.76 | H18: 11.4 | K18: 17 | L18: 21.56 | N18: 24.61 | O18: 12 | P18: 40.07 | Q18: 11.44 | T18: 39.04 | V18: 20.8 | X18: 22.1
A19: 3001BB | B19: Private | C19: Mailbox Tier 2 (10K-50K Mbox) | D19: per Mailbox per month | F19: 20.45 | G19: 20.49 | H19: 10.69 | K19: 12 | L19: 21.56 | N19: 13.46 | O19: 10.68 | P19: 26.72 | Q19: 7.7 | T19: 25.65 | V19: 20.8 | X19: 22.1
A20: 3001BC | B20: Private | C20: Mailbox Tier 3 (>50K Mbox) | D20: per Mailbox per month | F20: 15.34 | G20: 16.39 | H20: 9.46 | K20: 8 | L20: 16.17 | N20: 7.41 | O20: 10.2 | P20: 19.52 | Q20: 6.41 | T20: 17.86 | V20: 20.8 | X20: 22.1
A21: 3001BD | B21: Private | C21: Additional GB of Mailbox Storage Tier 1 (<10K Mbox) | D21: per GB per month | G21: 3.6 | H21: 1.13 | K21: 2.25 | N21: 0.36 | O21: 0.78 | P21: 1.5 | Q21: 0.87 | T21: 0.57
A22: 3001BE | B22: Private | C22: Additional GB of Mailbox Storage Tier 2 (10K-50K Mbox) | D22: per GB per month | G22: 3.24 | H22: 1.13 | K22: 1.75 | N22: 0.14 | O22: 0.69 | P22: 1.5 | Q22: 0.87 | T22: 0.35
A23: 3001BF | B23: Private | C23: Additional GB of Mailbox Storage Tier 3 (>50K Mbox) | D23: per GB per month | G23: 2.88 | H23: 1.13 | K23: 1.25 | N23: 0.13 | O23: 0.53 | P23: 1.5 | Q23: 0.87 | T23: 0.29
A24: 3001BG | B24: Private | C24: Archiving per Mailbox Tier 1 (<10K Mbox) | D24: per Mailbox per month | F24: 8.64 | G24: 18.9 | H24: 5.05 | K24: 8 | L24: 8.12 | N24: 13.97 | O24: 3.34 | P24: 24.9 | Q24: 1.32 | T24: 3.3 | V24: 8.79 | X24: 9.35
A25: 3001BH | B25: Private | C25: Archiving per Mailbox Tier 2 (10K-50K Mbox) | D25: per Mailbox per month | F25: 8.64 | G25: 17.55 | H25: 4.73 | K25: 6 | L25: 8.12 | N25: 6.11 | O25: 3.34 | P25: 15.56 | Q25: 1.23 | T25: 3.03 | V25: 8.79 | X25: 9.35
A26: 3001BI | B26: Private | C26: Archiving per Mailbox Tier 3 (>50K Mbox) | D26: per Mailbox per month | F26: 6.45 | G26: 16.2 | H26: 3.94 | K26: 4.5 | L26: 6.09 | N26: 5.04 | O26: 3.34 | P26: 12.45 | Q26: 1.25 | T26: 2.75 | V26: 8.79 | X26: 9.35
A27: 3001BJ | B27: Private | C27: Additional GB of Archiving Storage Tier 1 (<10K Mbox) | D27: per GB per month | G27: 3.6 | H27: 0.91 | K27: 2.25 | N27: 0.36 | O27: 0.89 | P27: 1.5 | Q27: 0.87 | T27: 0.26
A28: 3001BK | B28: Private | C28: Additional GB of Archiving Storage Tier 2 (10K-50K Mbox) | D28: per GB per month | G28: 3.24 | H28: 0.91 | K28: 1.75 | N28: 0.14 | O28: 0.81 | P28: 1.5 | Q28: 0.87 | T28: 0.18
A29: 3001BL | B29: Private | C29: Additional GB of Archiving Storage Tier 3 (>50K Mbox) | D29: per GB per month | G29: 2.88 | H29: 0.91 | K29: 1.25 | N29: 0.13 | O29: 0.74 | P29: 1.5 | Q29: 0.87 | T29: 0.12
A30: 3001BM | B30: Private | C30: Blackberry Enterprise Server per Mailbox Tier 1 (<10K Mbox) | D30: per Mailbox per month | F30: 15.01 | G30: 4 | H30: 19.24 | K30: 7 | L30: 10.24 | N30: 5.25 | O30: 5.2 | P30: 17.98 | Q30: 9.37 | T30: 11.01 | V30: 13.94 | X30: 10.22
A31: 3001BN | B31: Private | C31: Blackberry Enterprise Server per Mailbox Tier 2 (10K-50K Mbox) | D31: per Mailbox per month | F31: 14.39 | G31: 2.1 | H31: 18.04 | K31: 6 | L31: 8.59 | N31: 5.25 | O31: 5.17 | P31: 16.44 | Q31: 4.24 | T31: 9.36 | V31: 13.94 | X31: 10.22
A32: 3001BO | B32: Private | C32: Blackberry Enterprise Server per Mailbox Tier 3 (>50K Mbox) | D32: per Mailbox per month | F32: 12.31 | G32: 2.1 | H32: 16.43 | K32: 4.5 | L32: 7.17 | N32: 5.25 | O32: 5.17 | P32: 15.41 | Q32: 3.3 | T32: 7.71 | V32: 13.94 | X32: 10.22
A34: 3001CA | B34: Secret Enclave | C34: Mailbox Tier 1 (<10K Mbox) | D34: per Mailbox per month | K34: 21 | N34: 38.44 | P34: 59.18 | Q34: 16.4 | T34: 129.27
A35: 3001CB | B35: Secret Enclave | C35: Mailbox Tier 2 (10K-50K Mbox) | D35: per Mailbox per month | K35: 15 | N35: 16.88 | P35: 43.87 | Q35: 8.21 | T35: 45.36
A36: 3001CC | B36: Secret Enclave | C36: Mailbox Tier 3 (>50K Mbox) | D36: per Mailbox per month | K36: 9 | N36: 9.25 | P36: 35.72 | Q36: 6.74 | T36: 22.68
A37: 3001CD | B37: Secret Enclave | C37: Additional GB of Mailbox Storage Tier 1 (<10K Mbox) | D37: per GB per month | K37: 2.25 | N37: 0.36 | P37: 1.5 | Q37: 0.65 | T37: 1.58
A38: 3001CE | B38: Secret Enclave | C38: Additional GB of Mailbox Storage Tier 2 (10K-50K Mbox) | D38: per GB per month | K38: 1.75 | N38: 0.14 | P38: 1.5 | Q38: 0.65 | T38: 0.82
A39: 3001CF | B39: Secret Enclave | C39: Additional GB of Mailbox Storage Tier 3 (>50K Mbox) | D39: per GB per month | K39: 1.25 | N39: 0.13 | P39: 1.5 | Q39: 0.65 | T39: 0.38
A40: 3001CG | B40: Secret Enclave | C40: Archiving per Mailbox Tier 1 (<10K Mbox) | D40: per Mailbox per month | K40: 9 | N40: 13.97 | P40: 26.64 | Q40: 1.31 | T40: 4.08
A41: 3001CH | B41: Secret Enclave | C41: Archiving per Mailbox Tier 2 (10K-50K Mbox) | D41: per Mailbox per month | K41: 7 | N41: 6.11 | P41: 17.64 | Q41: 1.27 | T41: 3.74
A42: 3001CI | B42: Secret Enclave | C42: Archiving per Mailbox Tier 3 (>50K Mbox) | D42: per Mailbox per month | K42: 6 | N42: 5.04 | P42: 14.57 | Q42: 1.27 | T42: 3.4
A43: 3001CJ | B43: Secret Enclave | C43: Additional GB of Archiving Storage Tier 1 (<10K Mbox) | D43: per GB per month | K43: 2.25 | N43: 0.36 | P43: 1.5 | Q43: 0.65 | T43: 0.6
A44: 3001CK | B44: Secret Enclave | C44: Additional GB of Archiving Storage Tier 2 (10K-50K Mbox) | D44: per GB per month | K44: 1.75 | N44: 0.14 | P44: 1.5 | Q44: 0.65 | T44: 0.31
A45: 3001CL | B45: Secret Enclave | C45: Additional GB of Archiving Storage Tier 3 (>50K Mbox) | D45: per GB per month | K45: 1.25 | N45: 0.13 | P45: 1.5 | Q45: 0.65 | T45: 0.14
A46: 3001CM | B46: Secret Enclave | C46: Blackberry Enterprise Server per Mailbox Tier 1 (<10K Mbox) | D46: per Mailbox per month
A47: 3001CN | B47: Secret Enclave | C47: Blackberry Enterprise Server per Mailbox Tier 2 (10K-50K Mbox) | D47: per Mailbox per month
A48: 3001CO | B48: Secret Enclave | C48: Blackberry Enterprise Server per Mailbox Tier 3 (>50K Mbox) | D48: per Mailbox per month
A50: 3001DA | B50: Public | C50: Mailbox Tier 1 (<10K Mbox) | D50: per Mailbox per month | E50: 4.25 | I50: 11.61 | J50: 3.74 | L50: 7.18 | M50: 4.16 | N50: 5.64 | O50: 10.51 | Q50: 10.42 | R50: 3.85 | S50: 4.04
A51: 3001DB | B51: Public | C51: Mailbox Tier 2 (10K-50K Mbox) | D51: per Mailbox per month | E51: 4.25 | I51: 10.97 | J51: 3.72 | L51: 7.18 | M51: 4.16 | N51: 5.48 | O51: 9.44 | Q51: 6.6 | R51: 3.85 | S51: 4
A52: 3001DC | B52: Public | C52: Mailbox Tier 3 (>50K Mbox) | D52: per Mailbox per month | E52: 4.25 | I52: 10.7 | J52: 3.68 | L52: 7.18 | M52: 4.16 | N52: 4.97 | O52: 8.99 | Q52: 5.95 | R52: 3.85 | S52: 3.97
A53: 3001DD | B53: Public | C53: Additional GB of Mailbox Storage Tier 1 (<10K Mbox) | D53: per GB per month | E53: 0 | I53: 1.6 | J53: 0 | N53: 0.36 | O53: 0.62 | Q53: 0.65
A54: 3001DE | B54: Public | C54: Additional GB of Mailbox Storage Tier 2 (10K-50K Mbox) | D54: per GB per month | E54: 0 | I54: 1.4 | J54: 0 | N54: 0.14 | O54: 0.54 | Q54: 0.65
A55: 3001DF | B55: Public | C55: Additional GB of Mailbox Storage Tier 3 (>50K Mbox) | D55: per GB per month | E55: 0 | I55: 1.33 | J55: 0 | N55: 0.13 | O55: 0.42 | Q55: 0.65
A56: 3001DG | B56: Public | C56: Archiving per Mailbox Tier 1 (<10K Mbox) | D56: per Mailbox per month | E56: 1.6 | I56: 7.74 | J56: 1.85 | L56: 1.79 | M56: 1.56 | N56: 13.97 | O56: 2.66 | Q56: 1.21 | R56: 1.91 | S56: 2.01
A57: 3001DH | B57: Public | C57: Archiving per Mailbox Tier 2 (10K-50K Mbox) | D57: per Mailbox per month | E57: 1.6 | I57: 7.01 | J57: 1.84 | L57: 1.79 | M57: 1.56 | N57: 6.11 | O57: 2.66 | Q57: 1.14 | R57: 1.91 | S57: 1.99
A58: 3001DI | B58: Public | C58: Archiving per Mailbox Tier 3 (>50K Mbox) | D58: per Mailbox per month | E58: 1.6 | I58: 6.66 | J58: 1.82 | L58: 1.79 | M58: 1.56 | N58: 5.04 | O58: 2.66 | Q58: 1.14 | R58: 1.91 | S58: 1.97
A59: 3001DJ | B59: Public | C59: Additional GB of Archiving Storage Tier 1 (<10K Mbox) | D59: per GB per month | E59: 0 | I59: 0 | J59: 0 | M59: 0 | N59: 0.36 | O59: 0.71 | Q59: 0.65 | R59: 0
A60: 3001DK | B60: Public | C60: Additional GB of Archiving Storage Tier 2 (10K-50K Mbox) | D60: per GB per month | E60: 0 | I60: 0 | J60: 0 | M60: 0 | N60: 0.14 | O60: 0.65 | Q60: 0.65 | R60: 0
A61: 3001DL | B61: Public | C61: Additional GB of Archiving Storage Tier 3 (>50K Mbox) | D61: per GB per month | E61: 0 | I61: 0 | J61: 0 | M61: 0 | N61: 0.13 | O61: 0.6 | Q61: 0.65 | R61: 0
A62: 3001DM | B62: Public | C62: Blackberry Enterprise Server per Mailbox Tier 1 (<10K Mbox) | D62: per Mailbox per month | E62: 8.31 | I62: 9.07 | J62: 14.63 | L62: 10.24 | M62: 8.19 | N62: 5.25 | O62: 5.16 | Q62: 8.59 | R62: 7.28 | S62: 7.13
A63: 3001DN | B63: Public | C63: Blackberry Enterprise Server per Mailbox Tier 2 (10K-50K Mbox) | D63: per Mailbox per month | E63: 7.67 | I63: 7.99 | J63: 14.63 | L63: 8.59 | M63: 7.56 | N63: 5.25 | O63: 5.11 | Q63: 3.63 | R63: 6.68 | S63: 6.58
A64: 3001DO | B64: Public | C64: Blackberry Enterprise Server per Mailbox Tier 3 (>50K Mbox) | D64: per Mailbox per month | E64: 7.04 | I64: 6.84 | J64: 14.63 | L64: 7.17 | M64: 6.93 | N64: 5.25 | O64: 5.11 | Q64: 3 | R64: 6.07 | S64: 6.03
A66: 3002AA | B66: Govt. Community | C66: Office Automation SaaS Tier 1 (<10K Users | D66: per User per month | E66: 4.25 | H66: 14.58 | J66: 0 | M66: 4.16 | N66: 6.07 | O66: 5.53 | P66: 20.55 | Q66: 22.11 | R66: 3.85 | S66: 4.04 | T66: 33.98 | U66: 0 | Y66: 0
A67: 3002AB | B67: Govt. Community | C67: Office Automation SaaS Tier 2 (10K-50K Users) | D67: per User per month | E67: 4.25 | H67: 13.67 | J67: 0 | M67: 4.16 | N67: 3.49 | O67: 4.06 | P67: 12.33 | Q67: 20.45 | R67: 3.85 | S67: 4 | T67: 27.36 | U67: 0 | Y67: 0
A68: 3002AC | B68: Govt. Community | C68: Office Automation SaaS Tier 3 (>50K Users) | D68: per User per month | E68: 4.25 | H68: 12.12 | J68: 0 | M68: 4.16 | N68: 3.49 | O68: 3.28 | P68: 9.76 | Q68: 19.54 | R68: 3.85 | S68: 3.97 | T68: 26.09 | U68: 0 | Y68: 0
A69: 3002AD | B69: Govt. Community | C69: Additional GB of Office Automation Storage Tier 1 (<10K Users) | D69: per GB per month | H69: 0.78 | J69: 0 | N69: 0.36 | O69: 0.64 | P69: 1.5 | Q69: 0.65 | T69: 0.24 | Y69: 0
A70: 3002AE | B70: Govt. Community | C70: Additional GB of Office Automation Storage Tier 2 (10K-50K Users) | D70: per GB per month | H70: 0.78 | J70: 0 | N70: 0.14 | O70: 0.51 | P70: 1.5 | Q70: 0.65 | T70: 0.16 | Y70: 0
A71: 3002AF | B71: Govt. Community | C71: Additional GB of Office Automation Storage Tier 3 (>50K Users) | D71: per GB per month | H71: 0.78 | J71: 0 | N71: 0.13 | O71: 0.38 | P71: 1.5 | Q71: 0.65 | T71: 0.11 | Y71: 0
A73: 3002BA | B73: Private | C73: Office Automation SaaS Tier 1 (<10K Users | D73: per User per month | F73: 0 | H73: 20.54 | K73: 17 | L73: 0 | N73: 6.07 | O73: 5.98 | P73: 35.96 | Q73: 24.23 | T73: 33.98 | V73: 0 | X73: 0
A74: 3002BB | B74: Private | C74: Office Automation SaaS Tier 2 (10K-50K Users) | D74: per User per month | F74: 0 | H74: 19.25 | K74: 14 | L74: 0 | N74: 3.49 | O74: 4.28 | P74: 18.5 | Q74: 22.6 | T74: 27.36 | V74: 0 | X74: 0
A75: 3002BC | B75: Private | C75: Office Automation SaaS Tier 3 (>50K Users) | D75: per User per month | F75: 0 | H75: 17.69 | K75: 11 | L75: 0 | N75: 3.49 | O75: 3.39 | P75: 14.39 | Q75: 21.5 | T75: 26.09 | V75: 0 | X75: 0
A76: 3002BD | B76: Private | C76: Additional GB of Office Automation Storage Tier 1 (<10K Users) | D76: per GB per month | F76: 2.34 | H76: 1.13 | K76: 2.25 | L76: 2.47 | N76: 0.36 | O76: 0.78 | P76: 1.5 | Q76: 0.87 | T76: 0.26 | V76: 2.38 | X76: 2.52
A77: 3002BE | B77: Private | C77: Additional GB of Office Automation Storage Tier 2 (10K-50K Users) | D77: per GB per month | F77: 2.34 | H77: 1.13 | K77: 1.75 | L77: 2.47 | N77: 0.14 | O77: 0.62 | P77: 1.5 | Q77: 0.87 | T77: 0.18 | V77: 2.38 | X77: 2.52
A78: 3002BF | B78: Private | C78: Additional GB of Office Automation Storage Tier 3 (>50K Users) | D78: per GB per month | F78: 2.34 | H78: 1.13 | K78: 1.25 | L78: 2.47 | N78: 0.13 | O78: 0.47 | P78: 1.5 | Q78: 0.87 | T78: 0.12 | V78: 2.38 | X78: 2.52
A80: 3002CA | B80: Secret Enclave | C80: Office Automation SaaS Tier 1 (<10K Users | D80: per User per month | K80: 19 | N80: 6.07 | P80: 59.19 | Q80: 23.95
A81: 3002CB | B81: Secret Enclave | C81: Office Automation SaaS Tier 2 (10K-50K Users) | D81: per User per month | K81: 16 | N81: 3.49 | P81: 37.76 | Q81: 22.94
A82: 3002CC | B82: Secret Enclave | C82: Office Automation SaaS Tier 3 (>50K Users) | D82: per User per month | K82: 12 | N82: 3.49 | P82: 32.65 | Q82: 21.95
A83: 3002CD | B83: Secret Enclave | C83: Additional GB of Office Automation Storage Tier 1 (<10K Users) | D83: per GB per month | K83: 2.25 | N83: 0.36 | P83: 1.5 | Q83: 0.65
A84: 3002CE | B84: Secret Enclave | C84: Additional GB of Office Automation Storage Tier 2 (10K-50K Users) | D84: per GB per month | K84: 1.75 | N84: 0.14 | P84: 1.5 | Q84: 0.65
A85: 3002CF | B85: Secret Enclave | C85: Additional GB of Office Automation Storage Tier 3 (>50K Users) | D85: per GB per month | K85: 1.25 | N85: 0.13 | P85: 1.5 | Q85: 0.65
A87: 3002DA | B87: Public | C87: Office Automation SaaS Tier 1 (<10K Users | D87: per User per month | E87: 4.25 | J87: 0 | L87: 0 | M87: 4.16 | N87: 6.07 | O87: 5.32 | Q87: 21.72 | R87: 3.85 | S87: 4.04 | T87: 45.1
A88: 3002DB | B88: Public | C88: Office Automation SaaS Tier 2 (10K-50K Users) | D88: per User per month | E88: 4.25 | J88: 0 | L88: 0 | M88: 4.16 | N88: 3.49 | O88: 3.9 | Q88: 20.08 | R88: 3.85 | S88: 4 | T88: 36.31
A89: 3002DC | B89: Public | C89: Office Automation SaaS Tier 3 (>50K Users) | D89: per User per month | E89: 4.25 | J89: 0 | L89: 0 | M89: 4.16 | N89: 3.49 | O89: 3.15 | Q89: 19.2 | R89: 3.85 | S89: 3.97 | T89: 34.62
A90: 3002DD | B90: Public | C90: Additional GB of Office Automation Storage Tier 1 (<10K Users) | D90: per GB per month | J90: 0 | L90: 1.77 | N90: 0.36 | O90: 0.62 | Q90: 0.65 | T90: 0.6
A91: 3002DE | B91: Public | C91: Additional GB of Office Automation Storage Tier 2 (10K-50K Users) | D91: per GB per month | J91: 0 | L91: 1.77 | N91: 0.14 | O91: 0.49 | Q91: 0.65 | T91: 0.31
A92: 3002DF | B92: Public | C92: Additional GB of Office Automation Storage Tier 3 (>50K Users) | D92: per GB per month | J92: 0 | L92: 1.77 | N92: 0.13 | O92: 0.37 | Q92: 0.65 | T92: 0.14
A94: 3003AA | B94: Govt. Community | C94: Records Management Tier 1 (<10K users) | D94: per User per month | G94: 11.9 | H94: 50.2 | N94: 12.99 | O94: 12.95 | P94: 26.87 | Q94: 2.15
A95: 3003AB | B95: Govt. Community | C95: Records Management Tier 2 (10K-50K users) | D95: per User per month | G95: 8.4 | H95: 42.84 | N95: 12.99 | O95: 10.96 | P95: 20.75 | Q95: 1.01
A96: 3003AC | B96: Govt. Community | C96: Records Management Tier 3 (>50K users) | D96: per User per month | G96: 7.6 | H96: 37.23 | N96: 12.99 | O96: 9.11 | P96: 16.87 | Q96: 0.99
A97: 3003AD | B97: Govt. Community | C97: Additional GB of Record Management Storage Tier 1 (<10K Users) | D97: per GB per month | G97: 3.6 | H97: 0.84 | N97: 0.36 | O97: 0.64 | P97: 1.5 | Q97: 0.65
A98: 3003AE | B98: Govt. Community | C98: Additional GB of Record Management Storage Tier 2 (10K-50K Users) | D98: per GB per month | G98: 3.24 | H98: 0.84 | N98: 0.14 | O98: 0.51 | P98: 1.5 | Q98: 0.65
A99: 3003AF | B99: Govt. Community | C99: Additional GB of Record Management Storage Tier 3 (>50K Users) | D99: per GB per month | G99: 2.88 | H99: 0.84 | N99: 0.13 | O99: 0.38 | P99: 1.5 | Q99: 0.65
A101: 3003BA | B101: Private | C101: Records Management Tier 1 (<10K users) | D101: per User per month | G101: 11.9 | H101: 73.29 | K101: 39 | N101: 12.99 | O101: 13.85 | P101: 33.51 | Q101: 2.33
A102: 3003BB | B102: Private | C102: Records Management Tier 2 (10K-50K users) | D102: per User per month | G102: 8.4 | H102: 62.54 | K102: 29 | N102: 12.99 | O102: 11.69 | P102: 22.83 | Q102: 1.07
A103: 3003BC | B103: Private | C103: Records Management Tier 3 (>50K users) | D103: per User per month | G103: 7.6 | H103: 54.35 | K103: 22 | N103: 12.99 | O103: 9.52 | P103: 19.17 | Q103: 1.06
A104: 3003BD | B104: Private | C104: Additional GB of Record Management Storage Tier 1 (<10K Users) | D104: per GB per month | G104: 3.6 | H104: 1.22 | K104: 2.25 | N104: 0.36 | O104: 0.78 | P104: 1.5 | Q104: 0.87
A105: 3003BE | B105: Private | C105: Additional GB of Record Management Storage Tier 2 (10K-50K Users) | D105: per GB per month | G105: 3.24 | H105: 1.22 | K105: 1.75 | N105: 0.14 | O105: 0.62 | P105: 1.5 | Q105: 0.87
A106: 3003BF | B106: Private | C106: Additional GB of Record Management Storage Tier 3 (>50K Users) | D106: per GB per month | G106: 2.88 | H106: 1.22 | K106: 1.25 | N106: 0.13 | O106: 0.47 | P106: 1.5 | Q106: 0.87
A108: 3003CA | B108: Secret Enclave | C108: Records Management Tier 1 (<10K users) | D108: per User per month | K108: 40 | N108: 12.99 | P108: 35.38 | Q108: 2.32
A109: 3003CB | B109: Secret Enclave | C109: Records Management Tier 2 (10K-50K users) | D109: per User per month | K109: 30 | N109: 12.99 | P109: 24.9 | Q109: 1.12
A110: 3003CC | B110: Secret Enclave | C110: Records Management Tier 3 (>50K users) | D110: per User per month | K110: 23 | N110: 12.99 | P110: 20.71 | Q110: 1.08
...

Sheet Non-US >
A1: Non-US This Sheet is a filler sheet

Sheet Base 2-Yr (Non-US)
A1: CLIN | B1: Delivery Model | C1: CLIN Description Prices listed are for Base Period of Two (2) Years: Non-US Pricing | D1: Unit of Measure | E1: Accenture Federal Services LLC (G) | F1: Accenture Federal Services LLC (365) | G1: Autonomic Resources LLC (EX) | H1: CGI Federal Inc. (Z) | I1: Ciracom Inc. (EX) | J1: Computer Sciences Corporation (G) | K1: Computer Sciences Corporation (EX) | L1: Dell Federal Systems L.P. (365) | M1: DLT Solutions, LLC (G) | N1: General Dynamics Information Technology, Inc. (Z) | O1: Harris IT Service Corporation (Z) | P1: IBM Global Business Services – U.S. Federal (DOM) | Q1: Lockheed Martin (Z) | R1: Onix Networking Corp. (G) | S1: Science Applications International Corporation (G) | T1: Smartronix, Inc (EX) | U1: Systems Research and Applications Corporation (G) | V1: Systems Research and Applications Corporation (365) | W1: Technosource LLC (365) | X1: Unisys (365) | Y1: Unisys (G)
A2: 0001AA | B2: Govt. Community | C2: Mailbox Tier 1 (<10K Mbox) | D2: per Mailbox per month | E2: 3.68 | F2: 7.23 | J2: 3.74 | M2: 3.59 | Q2: 13.3975 | R2: 3.7 | S2: 3.89 | V2: 7.35
A3: 0001AB | B3: Govt. Community | C3: Mailbox Tier 2 (10K-50K Mbox) | D3: per Mailbox per month | E3: 3.68 | F3: 7.23 | J3: 3.72 | M3: 3.59 | Q3: 8.326 | R3: 3.7 | S3: 3.85 | V3: 7.35
A4: 0001AC | B4: Govt. Community | C4: Mailbox Tier 3 (>50K Mbox) | D4: per Mailbox per month | E4: 3.68 | F4: 7.23 | J4: 3.68 | M4: 3.59 | Q4: 7.498 | R4: 3.7 | S4: 3.81 | V4: 7.35
A5: 0001AD | B5: Govt. Community | C5: Additional GB of Mailbox Storage Tier 1 (<10K Mbox) | D5: per GB per month | E5: 0 | J5: 0 | Q5: 0.7935
A6: 0001AE | B6: Govt. Community | C6: Additional GB of Mailbox Storage Tier 2 (10K-50K Mbox) | D6: per GB per month | E6: 0 | J6: 0 | Q6: 0.7935
A7: 0001AF | B7: Govt. Community | C7: Additional GB of Mailbox Storage Tier 3 (>50K Mbox) | D7: per GB per month | E7: 0 | J7: 0 | Q7: 0.7935
A8: 0001AG | B8: Govt. Community | C8: Archiving per Mailbox Tier 1 (<10K Mbox) | D8: per Mailbox per month | E8: 1.38 | F8: 0 | J8: 1.85 | M8: 1.35 | Q8: 1.472 | R8: 1.83 | S8: 1.92 | V8: 0
A9: 0001AH | B9: Govt. Community | C9: Archiving per Mailbox Tier 2 (10K-50K Mbox) | D9: per Mailbox per month | E9: 1.38 | F9: 0 | J9: 1.84 | M9: 1.35 | Q9: 1.38 | R9: 1.83 | S9: 1.9 | V9: 0
A10: 0001AI | B10: Govt. Community | C10: Archiving per Mailbox Tier 3 (>50K Mbox) | D10: per Mailbox per month | E10: 1.38 | F10: 0 | J10: 1.82 | M10: 1.35 | Q10: 1.38 | R10: 1.83 | S10: 1.88 | V10: 0
A11: 0001AJ | B11: Govt. Community | C11: Additional GB of Archiving Storage Tier 1 (<10K Mbox) | D11: per GB per month | E11: 0 | J11: 0 | M11: 0 | Q11: 0.7935 | R11: 0
A12: 0001AK | B12: Govt. Community | C12: Additional GB of Archiving Storage Tier 2 (10K-50K Mbox) | D12: per GB per month | E12: 0 | J12: 0 | M12: 0 | Q12: 0.7935 | R12: 0
A13: 0001AL | B13: Govt. Community | C13: Additional GB of Archiving Storage Tier 3 (>50K Mbox) | D13: per GB per month | E13: 0 | J13: 0 | M13: 0 | Q13: 0.7935 | R13: 0
A14: 0001AM | B14: Govt. Community | C14: Blackberry Enterprise Server per Mailbox Tier 1 (<10K Mbox) | D14: per Mailbox per month | E14: 7.18 | F14: 0 | J14: 14.63 | M14: 7.07 | Q14: 10.396 | R14: 6.66 | S14: 7.13 | V14: 0
A15: 0001AN | B15: Govt. Community | C15: Blackberry Enterprise Server per Mailbox Tier 2 (10K-50K Mbox) | D15: per Mailbox per month | E15: 6.63 | F15: 0 | J15: 14.63 | M15: 6.53 | Q15: 4.37 | R15: 6.11 | S15: 6.58 | V15: 0
A16: 0001AO | B16: Govt. Community | C16: Blackberry Enterprise Server per Mailbox Tier 3 (>50K Mbox) | D16: per Mailbox per month | E16: 6.08 | F16: 0 | J16: 14.63 | M16: 5.98 | Q16: 3.611 | R16: 5.55 | S16: 6.03 | V16: 0
A18: 0001BA | B18: Private | C18: Mailbox Tier 1 (<10K Mbox) | D18: per Mailbox per month | L18: 21.56 | Q18: 14.5705
A19: 0001BB | B19: Private | C19: Mailbox Tier 2 (10K-50K Mbox) | D19: per Mailbox per month | L19: 21.56 | Q19: 9.7865
A20: 0001BC | B20: Private | C20: Mailbox Tier 3 (>50K Mbox) | D20: per Mailbox per month | L20: 16.17 | Q20: 8.004
A21: 0001BD | B21: Private | C21: Additional GB of Mailbox Storage Tier 1 (<10K Mbox) | D21: per GB per month | Q21: 0.97428552
A22: 0001BE | B22: Private | C22: Additional GB of Mailbox Storage Tier 2 (10K-50K Mbox) | D22: per GB per month | Q22: 0.97428552
A23: 0001BF | B23: Private | C23: Additional GB of Mailbox Storage Tier 3 (>50K Mbox) | D23: per GB per month | Q23: 0.97428552
A24: 0001BG | B24: Private | C24: Archiving per Mailbox Tier 1 (<10K Mbox) | D24: per Mailbox per month | L24: 8.12 | Q24: 1.5755
A25: 0001BH | B25: Private | C25: Archiving per Mailbox Tier 2 (10K-50K Mbox) | D25: per Mailbox per month | L25: 8.12 | Q25: 1.4605
A26: 0001BI | B26: Private | C26: Archiving per Mailbox Tier 3 (>50K Mbox) | D26: per Mailbox per month | L26: 6.09 | Q26: 1.4835
A27: 0001BJ | B27: Private | C27: Additional GB of Archiving Storage Tier 1 (<10K Mbox) | D27: per GB per month | Q27: 0.97428552
A28: 0001BK | B28: Private | C28: Additional GB of Archiving Storage Tier 2 (10K-50K Mbox) | D28: per GB per month | Q28: 0.97428552
A29: 0001BL | B29: Private | C29: Additional GB of Archiving Storage Tier 3 (>50K Mbox) | D29: per GB per month | Q29: 0.97428552
A30: 0001BM | B30: Private | C30: Blackberry Enterprise Server per Mailbox Tier 1 (<10K Mbox) | D30: per Mailbox per month | L30: 10.28 | Q30: 11.1895
A31: 0001BN | B31: Private | C31: Blackberry Enterprise Server per Mailbox Tier 2 (10K-50K Mbox) | D31: per Mailbox per month | L31: 8.63 | Q31: 5.037
A32: 0001BO | B32: Private | C32: Blackberry Enterprise Server per Mailbox Tier 3 (>50K Mbox) | D32: per Mailbox per month | L32: 7.2 | Q32: 3.8985
A34: 0001CA | B34: Secret Enclave | C34: Mailbox Tier 1 (<10K Mbox) | D34: per Mailbox per month
A35: 0001CB | B35: Secret Enclave | C35: Mailbox Tier 2 (10K-50K Mbox) | D35: per Mailbox per month
A36: 0001CC | B36: Secret Enclave | C36: Mailbox Tier 3 (>50K Mbox) | D36: per Mailbox per month
A37: 0001CD | B37: Secret Enclave | C37: Additional GB of Mailbox Storage Tier 1 (<10K Mbox) | D37: per GB per month
A38: 0001CE | B38: Secret Enclave | C38: Additional GB of Mailbox Storage Tier 2 (10K-50K Mbox) | D38: per GB per month
A39: 0001CF | B39: Secret Enclave | C39: Additional GB of Mailbox Storage Tier 3 (>50K Mbox) | D39: per GB per month
A40: 0001CG | B40: Secret Enclave | C40: Archiving per Mailbox Tier 1 (<10K Mbox) | D40: per Mailbox per month
A41: 0001CH | B41: Secret Enclave | C41: Archiving per Mailbox Tier 2 (10K-50K Mbox) | D41: per Mailbox per month
A42: 0001CI | B42: Secret Enclave | C42: Archiving per Mailbox Tier 3 (>50K Mbox) | D42: per Mailbox per month
A43: 0001CJ | B43: Secret Enclave | C43: Additional GB of Archiving Storage Tier 1 (<10K Mbox) | D43: per GB per month
A44: 0001CK | B44: Secret Enclave | C44: Additional GB of Archiving Storage Tier 2 (10K-50K Mbox) | D44: per GB per month
A45: 0001CL | B45: Secret Enclave | C45: Additional GB of Archiving Storage Tier 3 (>50K Mbox) | D45: per GB per month
... A48: 0001CO | B48: Secret Enclave | C48: Blackberry Enterprise Server per Mailbox Tier 3 (>50K Mbox) | D48: per Mailbox per month
A50: 0001DA | B50: Public | C50: Mailbox Tier 1 (<10K Mbox) | D50: per Mailbox per month | E50: 3.68 | F50: 6.81 | J50: 3.74 | L50: 7.18 | M50: 3.59 | Q50: 13.248 | R50: 3.7 | S50: 3.89 | V50: 6.93 | X50: 7.36 | Y50: 4.75
A51: 0001DB | B51: Public | C51: Mailbox Tier 2 (10K-50K Mbox) | D51: per Mailbox per month | E51: 3.68 | F51: 6.81 | J51: 3.72 | L51: 7.18 | M51: 3.59 | Q51: 8.234 | R51: 3.7 | S51: 3.85 | V51: 6.93 | X51: 7.36 | Y51: 4.75
A52: 0001DC | B52: Public | C52: Mailbox Tier 3 (>50K Mbox) | D52: per Mailbox per month | E52: 3.68 | F52: 6.81 | J52: 3.68 | L52: 7.18 | M52: 3.59 | Q52: 7.4175 | R52: 3.7 | S52: 3.81 | V52: 6.93 | X52: 7.36 | Y52: 4.75
A53: 0001DD | B53: Public | C53: Additional GB of Mailbox Storage Tier 1 (<10K Mbox) | D53: per GB per month | E53: 0 | J53: 0 | Q53: 0.7935 | Y53: 0
A54: 0001DE | B54: Public | C54: Additional GB of Mailbox Storage Tier 2 (10K-50K Mbox) | D54: per GB per month | E54: 0 | J54: 0 | Q54: 0.7935 | Y54: 0
A55: 0001DF | B55: Public | C55: Additional GB of Mailbox Storage Tier 3 (>50K Mbox) | D55: per GB per month | E55: 0 | J55: 0 | Q55: 0.7935 | Y55: 0
A56: 0001DG | B56: Public | C56: Archiving per Mailbox Tier 1 (<10K Mbox) | D56: per Mailbox per month | E56: 1.38 | F56: 1.7 | J56: 1.85 | L56: 1.79 | M56: 1.35 | Q56: 1.449 | R56: 1.83 | S56: 1.92 | V56: 1.73 | X56: 1.85 | Y56: 0.78
A57: 0001DH | B57: Public | C57: Archiving per Mailbox Tier 2 (10K-50K Mbox) | D57: per Mailbox per month | E57: 1.38 | F57: 1.7 | J57: 1.84 | L57: 1.79 | M57: 1.35 | Q57: 1.357 | R57: 1.83 | S57: 1.9 | V57: 1.73 | X57: 1.85 | Y57: 0.78
A58: 0001DI | B58: Public | C58: Archiving per Mailbox Tier 3 (>50K Mbox) | D58: per Mailbox per month | E58: 1.38 | F58: 1.7 | J58: 1.82 | L58: 1.79 | M58: 1.35 | Q58: 1.357 | R58: 1.83 | S58: 1.88 | V58: 1.73 | X58: 1.85 | Y58: 0.78
A59: 0001DJ | B59: Public | C59: Additional GB of Archiving Storage Tier 1 (<10K Mbox) | D59: per GB per month | E59: 0 | J59: 0 | M59: 0 | Q59: 0.7935 | R59: 0 | Y59: 0
A60: 0001DK | B60: Public | C60: Additional GB of Archiving Storage Tier 2 (10K-50K Mbox) | D60: per GB per month | E60: 0 | J60: 0 | M60: 0 | Q60: 0.7935 | R60: 0 | Y60: 0
A61: 0001DL | B61: Public | C61: Additional GB of Archiving Storage Tier 3 (>50K Mbox) | D61: per GB per month | E61: 0 | J61: 0 | M61: 0 | Q61: 0.7935 | R61: 0 | Y61: 0
A62: 0001DM | B62: Public | C62: Blackberry Enterprise Server per Mailbox Tier 1 (<10K Mbox) | D62: per Mailbox per month | E62: 7.18 | F62: 0 | J62: 14.63 | L62: 5 | M62: 7.07 | Q62: 10.2465 | R62: 6.66 | S62: 7.13 | V62: 0 | X62: 0 | Y62: 13.26
A63: 0001DN | B63: Public | C63: Blackberry Enterprise Server per Mailbox Tier 2 (10K-50K Mbox) | D63: per Mailbox per month | E63: 6.63 | F63: 0 | J63: 14.63 | L63: 5 | M63: 6.53 | Q63: 4.301 | R63: 6.11 | S63: 6.58 | V63: 0 | X63: 0 | Y63: 9.73
A64: 0001DO | B64: Public | C64: Blackberry Enterprise Server per Mailbox Tier 3 (>50K Mbox) | D64: per Mailbox per month | E64: 6.08 | F64: 0 | J64: 14.63 | L64: 4 | M64: 5.98 | Q64: 3.5535 | R64: 5.55 | S64: 6.03 | V64: 0 | X64: 0 | Y64: 7.73
A66: 0002AA | B66: Govt. Community | C66: Office Automation SaaS Tier 1 (<10K Users | D66: per User per month | E66: 3.68 | J66: 0 | M66: 3.59 | Q66: 25.8405 | R66: 3.7 | S66: 3.89
A67: 0002AB | B67: Govt. Community | C67: Office Automation SaaS Tier 2 (10K-50K Users) | D67: per User per month | E67: 3.68 | J67: 0 | M67: 3.59 | Q67: 23.7245 | R67: 3.7 | S67: 3.85
A68: 0002AC | B68: Govt. Community | C68: Office Automation SaaS Tier 3 (>50K Users) | D68: per User per month | E68: 3.68 | J68: 0 | M68: 3.59 | Q68: 22.586 | R68: 3.7 | S68: 3.81
A69: 0002AD | B69: Govt. Community | C69: Additional GB of Office Automation Storage Tier 1 (<10K Users) | D69: per GB per month | J69: 0 | Q69: 0.7935
A70: 0002AE | B70: Govt. Community | C70: Additional GB of Office Automation Storage Tier 2 (10K-50K Users) | D70: per GB per month | J70: 0 | Q70: 0.7935
A71: 0002AF | B71: Govt. Community | C71: Additional GB of Office Automation Storage Tier 3 (>50K Users) | D71: per GB per month | J71: 0 | Q71: 0.7935
A73: 0002BA | B73: Private | C73: Office Automation SaaS Tier 1 (<10K Users | D73: per User per month | L73: 0 | Q73: 28.336
A74: 0002BB | B74: Private | C74: Office Automation SaaS Tier 2 (10K-50K Users) | D74: per User per month | L74: 0 | Q74: 26.243
A75: 0002BC | B75: Private | C75: Office Automation SaaS Tier 3 (>50K Users) | D75: per User per month | L75: 0 | Q75: 24.8515
A76: 0002BD | B76: Private | C76: Additional GB of Office Automation Storage Tier 1 (<10K Users) | D76: per GB per month | L76: 2.47 | Q76: 0.97409889
A77: 0002BE | B77: Private | C77: Additional GB of Office Automation Storage Tier 2 (10K-50K Users) | D77: per GB per month | L77: 2.47 | Q77: 0.97409889
A78: 0002BF | B78: Private | C78: Additional GB of Office Automation Storage Tier 3 (>50K Users) | D78: per GB per month | L78: 2.47 | Q78: 0.97409889
A80: 0002CA | B80: Secret Enclave | C80: Office Automation SaaS Tier 1 (<10K Users | D80: per User per month
A81: 0002CB | B81: Secret Enclave | C81: Office Automation SaaS Tier 2 (10K-50K Users) | D81: per User per month
A82: 0002CC | B82: Secret Enclave | C82: Office Automation SaaS Tier 3 (>50K Users) | D82: per User per month
A83: 0002CD | B83: Secret Enclave | C83: Additional GB of Office Automation Storage Tier 1 (<10K Users) | D83: per GB per month
A84: 0002CE | B84: Secret Enclave | C84: Additional GB of Office Automation Storage Tier 2 (10K-50K Users) | D84: per GB per month
A85: 0002CF | B85: Secret Enclave | C85: Additional GB of Office Automation Storage Tier 3 (>50K Users) | D85: per GB per month
A87: 0002DA | B87: Public | C87: Office Automation SaaS Tier 1 (<10K Users | D87: per User per month | E87: 3.68 | F87: 0 | J87: 0 | L87: 0 | M87: 3.59 | Q87: 25.392 | R87: 3.7 | S87: 3.89 | V87: 0 | X87: 0 | Y87: 0
A88: 0002DB | B88: Public | C88: Office Automation SaaS Tier 2 (10K-50K Users) | D88: per User per month | E88: 3.68 | F88: 0 | J88: 0 | L88: 0 | M88: 3.59 | Q88: 23.299 | R88: 3.7 | S88: 3.85 | V88: 0 | X88: 0 | Y88: 0
A89: 0002DC | B89: Public | C89: Office Automation SaaS Tier 3 (>50K Users) | D89: per User per month | E89: 3.68 | F89: 0 | J89: 0 | L89: 0 | M89: 3.59 | Q89: 22.1835 | R89: 3.7 | S89: 3.81 | V89: 0 | X89: 0 | Y89: 0
A90: 0002DD | B90: Public | C90: Additional GB of Office Automation Storage Tier 1 (<10K Users) | D90: per GB per month | F90: 1.87 | J90: 0 | L90: 1.77 | Q90: 0.7935 | V90: 1.91 | X90: 2.03 | Y90: 0
A91: 0002DE | B91: Public | C91: Additional GB of Office Automation Storage Tier 2 (10K-50K Users) | D91: per GB per month | F91: 1.87 | J91: 0 | L91: 1.77 | Q91: 0.7935 | V91: 1.91 | X91: 2.03 | Y91: 0
A92: 0002DF | B92: Public | C92: Additional GB of Office Automation Storage Tier 3 (>50K Users) | D92: per GB per month | F92: 1.87 | J92: 0 | L92: 1.77 | Q92: 0.7935 | V92: 1.91 | X92: 2.03 | Y92: 0
A94: 0003AA | B94: Govt. Community | C94: Records Management Tier 1 (<10K users) | D94: per User per month | Q94: 2.5185
A95: 0003AB | B95: Govt. Community | C95: Records Management Tier 2 (10K-50K users) | D95: per User per month | Q95: 1.196
A96: 0003AC | B96: Govt. Community | C96: Records Management Tier 3 (>50K users) | D96: per User per month | Q96: 1.173
A97: 0003AD | B97: Govt. Community | C97: Additional GB of Record Management Storage Tier 1 (<10K Users) | D97: per GB per month | Q97: 0.7935
A98: 0003AE | B98: Govt. Community | C98: Additional GB of Record Management Storage Tier 2 (10K-50K Users) | D98: per GB per month | Q98: 0.7935
A99: 0003AF | B99: Govt. Community | C99: Additional GB of Record Management Storage Tier 3 (>50K Users) | D99: per GB per month | Q99: 0.7935
A101: 0003BA | B101: Private | C101: Records Management Tier 1 (<10K users) | D101: per User per month | Q101: 2.7485
A102: 0003BB | B102: Private | C102: Records Management Tier 2 (10K-50K users) | D102: per User per month | Q102: 1.2765
A103: 0003BC | B103: Private | C103: Records Management Tier 3 (>50K users) | D103: per User per month | Q103: 1.2535
A104: 0003BD | B104: Private | C104: Additional GB of Record Management Storage Tier 1 (<10K Users) | D104: per GB per month | Q104: 0.97409889
A105: 0003BE | B105: Private | C105: Additional GB of Record Management Storage Tier 2 (10K-50K Users) | D105: per GB per month | Q105: 0.97409889
A106: 0003BF | B106: Private | C106: Additional GB of Record Management Storage Tier 3 (>50K Users) | D106: per GB per month | Q106: 0.97409889
A108: 0003CA | B108: Secret Enclave | C108: Records Management Tier 1 (<10K users) | D108: per User per month
A109: 0003CB | B109: Secret Enclave | C109: Records Management Tier 2 (10K-50K users) | D109: per User per month
A110: 0003CC | B110: Secret Enclave | C110: Records Management Tier 3 (>50K users) | D110: per User per month
A111: 0003CD | B111: Secret Enclave | C111: Additional GB of Record Management Storage Tier 1 (<10K users) | D111: per GB per month
A112: 0003CE | B112: Secret Enclave | C112: Additional GB of Record Management Storage Tier 2 (10K-50K users) | D112: per GB per month
...

Sheet Option Yr 1 (Non-US)
A1: CLIN | B1: Delivery Model | C1: CLIN Description Prices listed are for Option Year 1: Non-US Pricing | D1: Unit of Measure | E1: Accenture Federal Services LLC (G) | F1: Accenture Federal Services LLC (365) | G1: Autonomic Resources LLC (EX) | H1: CGI Federal Inc. (Z) | I1: Ciracom Inc. (EX) | J1: Computer Sciences Corporation (G) | K1: Computer Sciences Corporation (EX) | L1: Dell Federal Systems L.P. (365) | M1: DLT Solutions, LLC (G) | N1: General Dynamics Information Technology, Inc. (Z) | O1: Harris IT Service Corporation (Z) | P1: IBM Global Business Services – U.S. Federal (DOM) | Q1: Lockheed Martin (Z) | R1: Onix Networking Corp. (G) | S1: Science Applications International Corporation (G) | T1: Smartronix, Inc (EX) | U1: Systems Research and Applications Corporation (G) | V1: Systems Research and Applications Corporation (365) | W1: Technosource LLC (365) | X1: Unisys (365) | Y1: Unisys (G)
A2: 1001AA | B2: Govt. Community | C2: Mailbox Tier 1 (<10K Mbox) | D2: per Mailbox per month | E2: 3.86 | F2: 7.23 | J2: 3.74 | M2: 3.77 | Q2: 13.3975 | R2: 3.7 | S2: 3.89 | V2: 7.35
A3: 1001AB | B3: Govt. Community | C3: Mailbox Tier 2 (10K-50K Mbox) | D3: per Mailbox per month | E3: 3.86 | F3: 7.23 | J3: 3.72 | M3: 3.77 | Q3: 8.326 | R3: 3.7 | S3: 3.85 | V3: 7.35
A4: 1001AC | B4: Govt. Community | C4: Mailbox Tier 3 (>50K Mbox) | D4: per Mailbox per month | E4: 3.86 | F4: 7.23 | J4: 3.68 | M4: 3.77 | Q4: 7.498 | R4: 3.7 | S4: 3.81 | V4: 7.35
A5: 1001AD | B5: Govt. Community | C5: Additional GB of Mailbox Storage Tier 1 (<10K Mbox) | D5: per GB per month | E5: 0 | J5: 0 | Q5: 0.7935
A6: 1001AE | B6: Govt. Community | C6: Additional GB of Mailbox Storage Tier 2 (10K-50K Mbox) | D6: per GB per month | E6: 0 | J6: 0 | Q6: 0.7935
A7: 1001AF | B7: Govt. Community | C7: Additional GB of Mailbox Storage Tier 3 (>50K Mbox) | D7: per GB per month | E7: 0 | J7: 0 | Q7: 0.7935
A8: 1001AG | B8: Govt. Community | C8: Archiving per Mailbox Tier 1 (<10K Mbox) | D8: per Mailbox per month | E8: 1.45 | F8: 0 | J8: 1.85 | M8: 1.42 | Q8: 1.472 | R8: 1.83 | S8: 1.92 | V8: 0
A9: 1001AH | B9: Govt. Community | C9: Archiving per Mailbox Tier 2 (10K-50K Mbox) | D9: per Mailbox per month | E9: 1.45 | F9: 0 | J9: 1.84 | M9: 1.42 | Q9: 1.38 | R9: 1.83 | S9: 1.9 | V9: 0
A10: 1001AI | B10: Govt. Community | C10: Archiving per Mailbox Tier 3 (>50K Mbox) | D10: per Mailbox per month | E10: 1.45 | F10: 0 | J10: 1.82 | M10: 1.42 | Q10: 1.38 | R10: 1.83 | S10: 1.88 | V10: 0
A11: 1001AJ | B11: Govt. Community | C11: Additional GB of Archiving Storage Tier 1 (<10K Mbox) | D11: per GB per month | E11: 0 | J11: 0 | M11: 0 | Q11: 0.7935 | R11: 0
A12: 1001AK | B12: Govt. Community | C12: Additional GB of Archiving Storage Tier 2 (10K-50K Mbox) | D12: per GB per month | E12: 0 | J12: 0 | M12: 0 | Q12: 0.7935 | R12: 0
A13: 1001AL | B13: Govt. Community | C13: Additional GB of Archiving Storage Tier 3 (>50K Mbox) | D13: per GB per month | E13: 0 | J13: 0 | M13: 0 | Q13: 0.7935 | R13: 0
A14: 1001AM | B14: Govt. Community | C14: Blackberry Enterprise Server per Mailbox Tier 1 (<10K Mbox) | D14: per Mailbox per month | E14: 7.54 | F14: 0 | J14: 14.63 | M14: 7.43 | Q14: 10.396 | R14: 6.86 | S14: 7.13 | V14: 0
A15: 1001AN | B15: Govt. Community | C15: Blackberry Enterprise Server per Mailbox Tier 2 (10K-50K Mbox) | D15: per Mailbox per month | E15: 6.96 | F15: 0 | J15: 14.63 | M15: 6.85 | Q15: 4.37 | R15: 6.29 | S15: 6.58 | V15: 0
A16: 1001AO | B16: Govt. Community | C16: Blackberry Enterprise Server per Mailbox Tier 3 (>50K Mbox) | D16: per Mailbox per month | E16: 6.38 | F16: 0 | J16: 14.63 | M16: 6.28 | Q16: 3.611 | R16: 5.72 | S16: 6.03 | V16: 0
A18: 1001BA | B18: Private | C18: Mailbox Tier 1 (<10K Mbox) | D18: per Mailbox per month | L18: 21.56 | Q18: 14.5705
A19: 1001BB | B19: Private | C19: Mailbox Tier 2 (10K-50K Mbox) | D19: per Mailbox per month | L19: 21.56 | Q19: 9.7865
A20: 1001BC | B20: Private | C20: Mailbox Tier 3 (>50K Mbox) | D20: per Mailbox per month | L20: 16.17 | Q20: 8.004
A21: 1001BD | B21: Private | C21: Additional GB of Mailbox Storage Tier 1 (<10K Mbox) | D21: per GB per month | Q21: 0.97428552
A22: 1001BE | B22: Private | C22: Additional GB of Mailbox Storage Tier 2 (10K-50K Mbox) | D22: per GB per month | Q22: 0.97428552
A23: 1001BF | B23: Private | C23: Additional GB of Mailbox Storage Tier 3 (>50K Mbox) | D23: per GB per month | Q23: 0.97428552
A24: 1001BG | B24: Private | C24: Archiving per Mailbox Tier 1 (<10K Mbox) | D24: per Mailbox per month | L24: 8.12 | Q24: 1.5755
A25: 1001BH | B25: Private | C25: Archiving per Mailbox Tier 2 (10K-50K Mbox) | D25: per Mailbox per month | L25: 8.12 | Q25: 1.4605
A26: 1001BI | B26: Private | C26: Archiving per Mailbox Tier 3 (>50K Mbox) | D26: per Mailbox per month | L26: 6.09 | Q26: 1.4835
A27: 1001BJ | B27: Private | C27: Additional GB of Archiving Storage Tier 1 (<10K Mbox) | D27: per GB per month | Q27: 0.97428552
A28: 1001BK | B28: Private | C28: Additional GB of Archiving Storage Tier 2 (10K-50K Mbox) | D28: per GB per month | Q28: 0.97428552
A29: 1001BL | B29: Private | C29: Additional GB of Archiving Storage Tier 3 (>50K Mbox) | D29: per GB per month | Q29: 0.97428552
A30: 1001BM | B30: Private | C30: Blackberry Enterprise Server per Mailbox Tier 1 (<10K Mbox) | D30: per Mailbox per month | L30: 10.28 | Q30: 11.1895
A31: 1001BN | B31: Private | C31: Blackberry Enterprise Server per Mailbox Tier 2 (10K-50K Mbox) | D31: per Mailbox per month | L31: 8.63 | Q31: 5.037
A32: 1001BO | B32: Private | C32: Blackberry Enterprise Server per Mailbox Tier 3 (>50K Mbox) | D32: per Mailbox per month | L32: 7.2 | Q32: 3.8985
A34: 1001CA | B34: Secret Enclave | C34: Mailbox Tier 1 (<10K Mbox) | D34: per Mailbox per month
A35: 1001CB | B35: Secret Enclave | C35: Mailbox Tier 2 (10K-50K Mbox) | D35: per Mailbox per month
A36: 1001CC | B36: Secret Enclave | C36: Mailbox Tier 3 (>50K Mbox) | D36: per Mailbox per month
A37: 1001CD | B37: Secret Enclave | C37: Additional GB of Mailbox Storage Tier 1 (<10K Mbox) | D37: per GB per month
A38: 1001CE | B38: Secret Enclave | C38: Additional GB of Mailbox Storage Tier 2 (10K-50K Mbox) | D38: per GB per month
A39: 1001CF | B39: Secret Enclave | C39: Additional GB of Mailbox Storage Tier 3 (>50K Mbox) | D39: per GB per month
A40: 1001CG | B40: Secret Enclave | C40: Archiving per Mailbox Tier 1 (<10K Mbox) | D40: per Mailbox per month
A41: 1001CH | B41: Secret Enclave | C41: Archiving per Mailbox Tier 2 (10K-50K Mbox) | D41: per Mailbox per month
A42: 1001CI | B42: Secret Enclave | C42: Archiving per Mailbox Tier 3 (>50K Mbox) | D42: per Mailbox per month
A43: 1001CJ | B43: Secret Enclave | C43: Additional GB of Archiving Storage Tier 1 (<10K Mbox) | D43: per GB per month
A44: 1001CK | B44: Secret Enclave | C44: Additional GB of Archiving Storage Tier 2 (10K-50K Mbox) | D44: per GB per month
A45: 1001CL | B45: Secret Enclave | C45: Additional GB of Archiving Storage Tier 3 (>50K Mbox) | D45: per GB per month
... A48: 1001CO | B48: Secret Enclave | C48: Blackberry Enterprise Server per Mailbox Tier 3 (>50K Mbox) | D48: per Mailbox per month
A50: 1001DA | B50: Public | C50: Mailbox Tier 1 (<10K Mbox) | D50: per Mailbox per month | E50: 3.86 | F50: 6.81 | J50: 3.74 | L50: 7.18 | M50: 3.77 | Q50: 13.248 | R50: 3.7 | S50: 3.89 | V50: 6.93 | X50: 7.37 | Y50: 4.75
A51: 1001DB | B51: Public | C51: Mailbox Tier 2 (10K-50K Mbox) | D51: per Mailbox per month | E51: 3.86 | F51: 6.81 | J51: 3.72 | L51: 7.18 | M51: 3.77 | Q51: 8.234 | R51: 3.7 | S51: 3.85 | V51: 6.93 | X51: 7.37 | Y51: 4.75
A52: 1001DC | B52: Public | C52: Mailbox Tier 3 (>50K Mbox) | D52: per Mailbox per month | E52: 3.86 | F52: 6.81 | J52: 3.68 | L52: 7.18 | M52: 3.77 | Q52: 7.4175 | R52: 3.7 | S52: 3.81 | V52: 6.93 | X52: 7.37 | Y52: 4.75
A53: 1001DD | B53: Public | C53: Additional GB of Mailbox Storage Tier 1 (<10K Mbox) | D53: per GB per month | E53: 0 | J53: 0 | Q53: 0.7935 | Y53: 0
A54: 1001DE | B54: Public | C54: Additional GB of Mailbox Storage Tier 2 (10K-50K Mbox) | D54: per GB per month | E54: 0 | J54: 0 | Q54: 0.7935 | Y54: 0
A55: 1001DF | B55: Public | C55: Additional GB of Mailbox Storage Tier 3 (>50K Mbox) | D55: per GB per month | E55: 0 | J55: 0 | Q55: 0.7935 | Y55: 0
A56: 1001DG | B56: Public | C56: Archiving per Mailbox Tier 1 (<10K Mbox) | D56: per Mailbox per month | E56: 1.45 | F56: 1.7 | J56: 1.85 | L56: 1.79 | M56: 1.42 | Q56: 1.449 | R56: 1.83 | S56: 1.92 | V56: 1.73 | X56: 1.85 | Y56: 0.79
A57: 1001DH | B57: Public | C57: Archiving per Mailbox Tier 2 (10K-50K Mbox) | D57: per Mailbox per month | E57: 1.45 | F57: 1.7 | J57: 1.84 | L57: 1.79 | M57: 1.42 | Q57: 1.357 | R57: 1.83 | S57: 1.9 | V57: 1.73 | X57: 1.85 | Y57: 0.79
A58: 1001DI | B58: Public | C58: Archiving per Mailbox Tier 3 (>50K Mbox) | D58: per Mailbox per month | E58: 1.45 | F58: 1.7 | J58: 1.82 | L58: 1.79 | M58: 1.42 | Q58: 1.357 | R58: 1.83 | S58: 1.88 | V58: 1.73 | X58: 1.85 | Y58: 0.79
A59: 1001DJ | B59: Public | C59: Additional GB of Archiving Storage Tier 1 (<10K Mbox) | D59: per GB per month | E59: 0 | J59: 0 | M59: 0 | Q59: 0.7935 | R59: 0 | Y59: 0
A60: 1001DK | B60: Public | C60: Additional GB of Archiving Storage Tier 2 (10K-50K Mbox) | D60: per GB per month | E60: 0 | J60: 0 | M60: 0 | Q60: 0.7935 | R60: 0 | Y60: 0
A61: 1001DL | B61: Public | C61: Additional GB of Archiving Storage Tier 3 (>50K Mbox) | D61: per GB per month | E61: 0 | J61: 0 | M61: 0 | Q61: 0.7935 | R61: 0 | Y61: 0
A62: 1001DM | B62: Public | C62: Blackberry Enterprise Server per Mailbox Tier 1 (<10K Mbox) | D62: per Mailbox per month | E62: 7.54 | F62: 0 | J62: 14.63 | L62: 5 | M62: 7.43 | Q62: 10.2465 | R62: 6.86 | S62: 7.13 | V62: 0 | X62: 0 | Y62: 13.32
A63: 1001DN | B63: Public | C63: Blackberry Enterprise Server per Mailbox Tier 2 (10K-50K Mbox) | D63: per Mailbox per month | E63: 6.96 | F63: 0 | J63: 14.63 | L63: 5 | M63: 6.85 | Q63: 4.301 | R63: 6.29 | S63: 6.58 | V63: 0 | X63: 0 | Y63: 9.75
A64: 1001DO | B64: Public | C64: Blackberry Enterprise Server per Mailbox Tier 3 (>50K Mbox) | D64: per Mailbox per month | E64: 6.38 | F64: 0 | J64: 14.63 | L64: 4 | M64: 6.28 | Q64: 3.5535 | R64: 5.72 | S64: 6.03 | V64: 0 | X64: 0 | Y64: 7.73
A66: 1002AA | B66: Govt. Community | C66: Office Automation SaaS Tier 1 (<10K Users | D66: per User per month | E66: 3.86 | J66: 0 | M66: 3.77 | Q66: 25.8405 | R66: 3.7 | S66: 3.89
A67: 1002AB | B67: Govt. Community | C67: Office Automation SaaS Tier 2 (10K-50K Users) | D67: per User per month | E67: 3.86 | J67: 0 | M67: 3.77 | Q67: 23.7245 | R67: 3.7 | S67: 3.85
A68: 1002AC | B68: Govt. Community | C68: Office Automation SaaS Tier 3 (>50K Users) | D68: per User per month | E68: 3.86 | J68: 0 | M68: 3.77 | Q68: 22.586 | R68: 3.7 | S68: 3.81
A69: 1002AD | B69: Govt. Community | C69: Additional GB of Office Automation Storage Tier 1 (<10K Users) | D69: per GB per month | J69: 0 | Q69: 0.7935
A70: 1002AE | B70: Govt. Community | C70: Additional GB of Office Automation Storage Tier 2 (10K-50K Users) | D70: per GB per month | J70: 0 | Q70: 0.7935
A71: 1002AF | B71: Govt. Community | C71: Additional GB of Office Automation Storage Tier 3 (>50K Users) | D71: per GB per month | J71: 0 | Q71: 0.7935
A73: 1002BA | B73: Private | C73: Office Automation SaaS Tier 1 (<10K Users | D73: per User per month | L73: 0 | Q73: 28.336
A74: 1002BB | B74: Private | C74: Office Automation SaaS Tier 2 (10K-50K Users) | D74: per User per month | L74: 0 | Q74: 26.243
A75: 1002BC | B75: Private | C75: Office Automation SaaS Tier 3 (>50K Users) | D75: per User per month | L75: 0 | Q75: 24.8515
A76: 1002BD | B76: Private | C76: Additional GB of Office Automation Storage Tier 1 (<10K Users) | D76: per GB per month | L76: 2.47 | Q76: 0.97409889
A77: 1002BE | B77: Private | C77: Additional GB of Office Automation Storage Tier 2 (10K-50K Users) | D77: per GB per month | L77: 2.47 | Q77: 0.97409889
A78: 1002BF | B78: Private | C78: Additional GB of Office Automation Storage Tier 3 (>50K Users) | D78: per GB per month | L78: 2.47 | Q78: 0.97409889
A80: 1002CA | B80: Secret Enclave | C80: Office Automation SaaS Tier 1 (<10K Users | D80: per User per month
A81: 1002CB | B81: Secret Enclave | C81: Office Automation SaaS Tier 2 (10K-50K Users) | D81: per User per month
A82: 1002CC | B82: Secret Enclave | C82: Office Automation SaaS Tier 3 (>50K Users) | D82: per User per month
A83: 1002CD | B83: Secret Enclave | C83: Additional GB of Office Automation Storage Tier 1 (<10K Users) | D83: per GB per month
A84: 1002CE | B84: Secret Enclave | C84: Additional GB of Office Automation Storage Tier 2 (10K-50K Users) | D84: per GB per month
A85: 1002CF | B85: Secret Enclave | C85: Additional GB of Office Automation Storage Tier 3 (>50K Users) | D85: per GB per month
A87: 1002DA | B87: Public | C87: Office Automation SaaS Tier 1 (<10K Users | D87: per User per month | E87: 3.86 | F87: 0 | J87: 0 | L87: 0 | M87: 3.77 | Q87: 25.392 | R87: 3.7 | S87: 3.89 | V87: 0 | X87: 0 | Y87: 0
A88: 1002DB | B88: Public | C88: Office Automation SaaS Tier 2 (10K-50K Users) | D88: per User per month | E88: 3.86 | F88: 0 | J88: 0 | L88: 0 | M88: 3.77 | Q88: 23.299 | R88: 3.7 | S88: 3.85 | V88: 0 | X88: 0 | Y88: 0
A89: 1002DC | B89: Public | C89: Office Automation SaaS Tier 3 (>50K Users) | D89: per User per month | E89: 3.86 | F89: 0 | J89: 0 | L89: 0 | M89: 3.77 | Q89: 22.1835 | R89: 3.7 | S89: 3.81 | V89: 0 | X89: 0 | Y89: 0
A90: 1002DD | B90: Public | C90: Additional GB of Office Automation Storage Tier 1 (<10K Users) | D90: per GB per month | F90: 1.87 | J90: 0 | L90: 1.77 | Q90: 0.7935 | V90: 1.91 | X90: 2.04 | Y90: 0
A91: 1002DE | B91: Public | C91: Additional GB of Office Automation Storage Tier 2 (10K-50K Users) | D91: per GB per month | F91: 1.87 | J91: 0 | L91: 1.77 | Q91: 0.7935 | V91: 1.91 | X91: 2.04 | Y91: 0
A92: 1002DF | B92: Public | C92: Additional GB of Office Automation Storage Tier 3 (>50K Users) | D92: per GB per month | F92: 1.87 | J92: 0 | L92: 1.77 | Q92: 0.7935 | V92: 1.91 | X92: 2.04 | Y92: 0
A94: 1003AA | B94: Govt. Community | C94: Records Management Tier 1 (<10K users) | D94: per User per month | Q94: 2.5185
A95: 1003AB | B95: Govt. Community | C95: Records Management Tier 2 (10K-50K users) | D95: per User per month | Q95: 1.196
A96: 1003AC | B96: Govt. Community | C96: Records Management Tier 3 (>50K users) | D96: per User per month | Q96: 1.173
A97: 1003AD | B97: Govt. Community | C97: Additional GB of Record Management Storage Tier 1 (<10K Users) | D97: per GB per month | Q97: 0.7935
A98: 1003AE | B98: Govt. Community | C98: Additional GB of Record Management Storage Tier 2 (10K-50K Users) | D98: per GB per month | Q98: 0.7935
A99: 1003AF | B99: Govt. Community | C99: Additional GB of Record Management Storage Tier 3 (>50K Users) | D99: per GB per month | Q99: 0.7935
A101: 1003BA | B101: Private | C101: Records Management Tier 1 (<10K users) | D101: per User per month | Q101: 2.7485
A102: 1003BB | B102: Private | C102: Records Management Tier 2 (10K-50K users) | D102: per User per month | Q102: 1.2765
A103: 1003BC | B103: Private | C103: Records Management Tier 3 (>50K users) | D103: per User per month | Q103: 1.2535
A104: 1003BD | B104: Private | C104: Additional GB of Record Management Storage Tier 1 (<10K Users) | D104: per GB per month | Q104: 0.97409889
A105: 1003BE | B105: Private | C105: Additional GB of Record Management Storage Tier 2 (10K-50K Users) | D105: per GB per month | Q105: 0.97409889
A106: 1003BF | B106: Private | C106: Additional GB of Record Management Storage Tier 3 (>50K Users) | D106: per GB per month | Q106: 0.97409889
A108: 1003CA | B108: Secret Enclave | C108: Records Management Tier 1 (<10K users) | D108: per User per month
A109: 1003CB | B109: Secret Enclave | C109: Records Management Tier 2 (10K-50K users) | D109: per User per month
A110: 1003CC | B110: Secret Enclave | C110: Records Management Tier 3 (>50K users) | D110: per User per month
A111: 1003CD | B111: Secret Enclave | C111: Additional GB of Record Management Storage Tier 1 (<10K users) | D111: per GB per month
A112: 1003CE | B112: Secret Enclave | C112: Additional GB of Record Management Storage Tier 2 (10K-50K users) | D112: per GB per month
...

Sheet Option Yr 2 (Non-US)
A1: CLIN | B1: Delivery Model | C1: CLIN Description Prices listed are for Option Year 2: Non-US Pricing | D1: Unit of Measure | E1: Accenture Federal Services LLC (G) | F1: Accenture Federal Services LLC (365) | G1: Autonomic Resources LLC (EX) | H1: CGI Federal Inc. (Z) | I1: Ciracom Inc. (EX) | J1: Computer Sciences Corporation (G) | K1: Computer Sciences Corporation (EX) | L1: Dell Federal Systems L.P. (365) | M1: DLT Solutions, LLC (G) | N1: General Dynamics Information Technology, Inc. (Z) | O1: Harris IT Service Corporation (Z) | P1: IBM Global Business Services – U.S. Federal (DOM) | Q1: Lockheed Martin (Z) | R1: Onix Networking Corp. (G) | S1: Science Applications International Corporation (G) | T1: Smartronix, Inc (EX) | U1: Systems Research and Applications Corporation (G) | V1: Systems Research and Applications Corporation (365) | W1: Technosource LLC (365) | X1: Unisys (365) | Y1: Unisys (G)
A2: 2001AA | B2: Govt. Community | C2: Mailbox Tier 1 (<10K Mbox) | D2: per Mailbox per month | E2: 4.05 | F2: 7.23 | J2: 3.74 | M2: 3.96 | Q2: 13.3975 | R2: 3.85 | S2: 4.04 | V2: 7.35
A3: 2001AB | B3: Govt. Community | C3: Mailbox Tier 2 (10K-50K Mbox) | D3: per Mailbox per month | E3: 4.05 | F3: 7.23 | J3: 3.72 | M3: 3.96 | Q3: 8.326 | R3: 3.85 | S3: 4 | V3: 7.35
A4: 2001AC | B4: Govt. Community | C4: Mailbox Tier 3 (>50K Mbox) | D4: per Mailbox per month | E4: 4.05 | F4: 7.23 | J4: 3.68 | M4: 3.96 | Q4: 7.498 | R4: 3.85 | S4: 3.97 | V4: 7.35
A5: 2001AD | B5: Govt. Community | C5: Additional GB of Mailbox Storage Tier 1 (<10K Mbox) | D5: per GB per month | E5: 0 | J5: 0 | Q5: 0.7935
A6: 2001AE | B6: Govt. Community | C6: Additional GB of Mailbox Storage Tier 2 (10K-50K Mbox) | D6: per GB per month | E6: 0 | J6: 0 | Q6: 0.7935
A7: 2001AF | B7: Govt. Community | C7: Additional GB of Mailbox Storage Tier 3 (>50K Mbox) | D7: per GB per month | E7: 0 | J7: 0 | Q7: 0.7935
A8: 2001AG | B8: Govt. Community | C8: Archiving per Mailbox Tier 1 (<10K Mbox) | D8: per Mailbox per month | E8: 1.52 | F8: 0 | J8: 1.85 | M8: 1.49 | Q8: 1.472 | R8: 1.91 | S8: 2.01 | V8: 0
A9: 2001AH | B9: Govt. Community | C9: Archiving per Mailbox Tier 2 (10K-50K Mbox) | D9: per Mailbox per month | E9: 1.52 | F9: 0 | J9: 1.84 | M9: 1.49 | Q9: 1.38 | R9: 1.91 | S9: 1.99 | V9: 0
A10: 2001AI | B10: Govt. Community | C10: Archiving per Mailbox Tier 3 (>50K Mbox) | D10: per Mailbox per month | E10: 1.52 | F10: 0 | J10: 1.82 | M10: 1.49 | Q10: 1.38 | R10: 1.91 | S10: 1.97 | V10: 0
A11: 2001AJ | B11: Govt. Community | C11: Additional GB of Archiving Storage Tier 1 (<10K Mbox) | D11: per GB per month | E11: 0 | J11: 0 | M11: 0 | Q11: 0.7935 | R11: 0
A12: 2001AK | B12: Govt. Community | C12: Additional GB of Archiving Storage Tier 2 (10K-50K Mbox) | D12: per GB per month | E12: 0 | J12: 0 | M12: 0 | Q12: 0.7935 | R12: 0
A13: 2001AL | B13: Govt. Community | C13: Additional GB of Archiving Storage Tier 3 (>50K Mbox) | D13: per GB per month | E13: 0 | J13: 0 | M13: 0 | Q13: 0.7935 | R13: 0
A14: 2001AM | B14: Govt. Community | C14: Blackberry Enterprise Server per Mailbox Tier 1 (<10K Mbox) | D14: per Mailbox per month | E14: 7.92 | F14: 0 | J14: 14.63 | M14: 7.8 | Q14: 10.396 | R14: 7.07 | S14: 7.13 | V14: 0
A15: 2001AN | B15: Govt. Community | C15: Blackberry Enterprise Server per Mailbox Tier 2 (10K-50K Mbox) | D15: per Mailbox per month | E15: 7.31 | F15: 0 | J15: 14.63 | M15: 7.2 | Q15: 4.37 | R15: 6.48 | S15: 6.58 | V15: 0
A16: 2001AO | B16: Govt. Community | C16: Blackberry Enterprise Server per Mailbox Tier 3 (>50K Mbox) | D16: per Mailbox per month | E16: 6.7 | F16: 0 | J16: 14.63 | M16: 6.6 | Q16: 3.611 | R16: 5.89 | S16: 6.03 | V16: 0
A18: 2001BA | B18: Private | C18: Mailbox Tier 1 (<10K Mbox) | D18: per Mailbox per month | L18: 21.56 | Q18: 14.5705
A19: 2001BB | B19: Private | C19: Mailbox Tier 2 (10K-50K Mbox) | D19: per Mailbox per month | L19: 21.56 | Q19: 9.7865
A20: 2001BC | B20: Private | C20: Mailbox Tier 3 (>50K Mbox) | D20: per Mailbox per month | L20: 16.17 | Q20: 8.004
A21: 2001BD | B21: Private | C21: Additional GB of Mailbox Storage Tier 1 (<10K Mbox) | D21: per GB per month | Q21: 0.97428552
A22: 2001BE | B22: Private | C22: Additional GB of Mailbox Storage Tier 2 (10K-50K Mbox) | D22: per GB per month | Q22: 0.97428552
A23: 2001BF | B23: Private | C23: Additional GB of Mailbox Storage Tier 3 (>50K Mbox) | D23: per GB per month | Q23: 0.97428552
A24: 2001BG | B24: Private | C24: Archiving per Mailbox Tier 1 (<10K Mbox) | D24: per Mailbox per month | L24: 8.12 | Q24: 1.5755
A25: 2001BH | B25: Private | C25: Archiving per Mailbox Tier 2 (10K-50K Mbox) | D25: per Mailbox per month | L25: 8.12 | Q25: 1.4605
A26: 2001BI | B26: Private | C26: Archiving per Mailbox Tier 3 (>50K Mbox) | D26: per Mailbox per month | L26: 6.09 | Q26: 1.4835
A27: 2001BJ | B27: Private | C27: Additional GB of Archiving Storage Tier 1 (<10K Mbox) | D27: per GB per month | Q27: 0.97428552
A28: 2001BK | B28: Private | C28: Additional GB of Archiving Storage Tier 2 (10K-50K Mbox) | D28: per GB per month | Q28: 0.97428552
A29: 2001BL | B29: Private | C29: Additional GB of Archiving Storage Tier 3 (>50K Mbox) | D29: per GB per month | Q29: 0.97428552
A30: 2001BM | B30: Private | C30: Blackberry Enterprise Server per Mailbox Tier 1 (<10K Mbox) | D30: per Mailbox per month | L30: 10.28 | Q30: 11.1895
A31: 2001BN | B31: Private | C31: Blackberry Enterprise Server per Mailbox Tier 2 (10K-50K Mbox) | D31: per Mailbox per month | L31: 8.63 | Q31: 5.037
A32: 2001BO | B32: Private | C32: Blackberry Enterprise Server per Mailbox Tier 3 (>50K Mbox) | D32: per Mailbox per month | L32: 7.2 | Q32: 3.8985
A34: 2001CA | B34: Secret Enclave | C34: Mailbox Tier 1 (<10K Mbox) | D34: per Mailbox per month
A35: 2001CB | B35: Secret Enclave | C35: Mailbox Tier 2 (10K-50K Mbox) | D35: per Mailbox per month
A36: 2001CC | B36: Secret Enclave | C36: Mailbox Tier 3 (>50K Mbox) | D36: per Mailbox per month
A37: 2001CD | B37: Secret Enclave | C37: Additional GB of Mailbox Storage Tier 1 (<10K Mbox) | D37: per GB per month
A38: 2001CE | B38: Secret Enclave | C38: Additional GB of Mailbox Storage Tier 2 (10K-50K Mbox) | D38: per GB per month
A39: 2001CF | B39: Secret Enclave | C39: Additional GB of Mailbox Storage Tier 3 (>50K Mbox) | D39: per GB per month
A40: 2001CG | B40: Secret Enclave | C40: Archiving per Mailbox Tier 1 (<10K Mbox) | D40: per Mailbox per month
A41: 2001CH | B41: Secret Enclave | C41: Archiving per Mailbox Tier 2 (10K-50K Mbox) | D41: per Mailbox per month
A42: 2001CI | B42: Secret Enclave | C42: Archiving per Mailbox Tier 3 (>50K Mbox) | D42: per Mailbox per month
A43: 2001CJ | B43: Secret Enclave | C43: Additional GB of Archiving Storage Tier 1 (<10K Mbox) | D43: per GB per month
A44: 2001CK | B44: Secret Enclave | C44: Additional GB of Archiving Storage Tier 2 (10K-50K Mbox) | D44: per GB per month
A45: 2001CL | B45: Secret Enclave | C45: Additional GB of Archiving Storage Tier 3 (>50K Mbox) | D45: per GB per month
... A48: 2001CO | B48: Secret Enclave | C48: Blackberry Enterprise Server per Mailbox Tier 3 (>50K Mbox) | D48: per Mailbox per month
A50: 2001DA | B50: Public | C50: Mailbox Tier 1 (<10K Mbox) | D50: per Mailbox per month | E50: 4.05 | F50: 6.81 | J50: 3.74 | L50: 7.18 | M50: 3.96 | Q50: 13.248 | R50: 3.85 | S50: 4.04 | V50: 6.93 | X50: 7.36 | Y50: 4.75
A51: 2001DB | B51: Public | C51: Mailbox Tier 2 (10K-50K Mbox) | D51: per Mailbox per month | E51: 4.05 | F51: 6.81 | J51: 3.72 | L51: 7.18 | M51: 3.96 | Q51: 8.234 | R51: 3.85 | S51: 4 | V51: 6.93 | X51: 7.36 | Y51: 4.75
A52: 2001DC | B52: Public | C52: Mailbox Tier 3 (>50K Mbox) | D52: per Mailbox per month | E52: 4.05 | F52: 6.81 | J52: 3.68 | L52: 7.18 | M52: 3.96 | Q52: 7.4175 | R52: 3.85 | S52: 3.97 | V52: 6.93 | X52: 7.36 | Y52: 4.75
A53: 2001DD | B53: Public | C53: Additional GB of Mailbox Storage Tier 1 (<10K Mbox) | D53: per GB per month | E53: 0 | J53: 0 | Q53: 0.7935 | Y53: 0
A54: 2001DE | B54: Public | C54: Additional GB of Mailbox Storage Tier 2 (10K-50K Mbox) | D54: per GB per month | E54: 0 | J54: 0 | Q54: 0.7935 | Y54: 0
A55: 2001DF | B55: Public | C55: Additional GB of Mailbox Storage Tier 3 (>50K Mbox) | D55: per GB per month | E55: 0 | J55: 0 | Q55: 0.7935 | Y55: 0
A56: 2001DG | B56: Public | C56: Archiving per Mailbox Tier 1 (<10K Mbox) | D56: per Mailbox per month | E56: 1.52 | F56: 1.7 | J56: 1.85 | L56: 1.79 | M56: 1.49 | Q56: 1.449 | R56: 1.91 | S56: 2.01 | V56: 1.73 | X56: 1.85 | Y56: 0.79
A57: 2001DH | B57: Public | C57: Archiving per Mailbox Tier 2 (10K-50K Mbox) | D57: per Mailbox per month | E57: 1.52 | F57: 1.7 | J57: 1.84 | L57: 1.79 | M57: 1.49 | Q57: 1.357 | R57: 1.91 | S57: 1.99 | V57: 1.73 | X57: 1.85 | Y57: 0.79
A58: 2001DI | B58: Public | C58: Archiving per Mailbox Tier 3 (>50K Mbox) | D58: per Mailbox per month | E58: 1.52 | F58: 1.7 | J58: 1.82 | L58: 1.79 | M58: 1.49 | Q58: 1.357 | R58: 1.91 | S58: 1.97 | V58: 1.73 | X58: 1.85 | Y58: 0.79
A59: 2001DJ | B59: Public | C59: Additional GB of Archiving Storage Tier 1 (<10K Mbox) | D59: per GB per month | E59: 0 | J59: 0 | M59: 0 | Q59: 0.7935 | R59: 0 | Y59: 0
A60: 2001DK | B60: Public | C60: Additional GB of Archiving Storage Tier 2 (10K-50K Mbox) | D60: per GB per month | E60: 0 | J60: 0 | M60: 0 | Q60: 0.7935 | R60: 0 | Y60: 0
A61: 2001DL | B61: Public | C61: Additional GB of Archiving Storage Tier 3 (>50K Mbox) | D61: per GB per month | E61: 0 | J61: 0 | M61: 0 | Q61: 0.7935 | R61: 0 | Y61: 0
A62: 2001DM | B62: Public | C62: Blackberry Enterprise Server per Mailbox Tier 1 (<10K Mbox) | D62: per Mailbox per month | E62: 7.92 | F62: 0 | J62: 14.63 | L62: 5 | M62: 7.8 | Q62: 10.2465 | R62: 7.07 | S62: 7.13 | V62: 0 | X62: 0 | Y62: 13.31
A63: 2001DN | B63: Public | C63: Blackberry Enterprise Server per Mailbox Tier 2 (10K-50K Mbox) | D63: per Mailbox per month | E63: 7.31 | F63: 0 | J63: 14.63 | L63: 5 | M63: 7.2 | Q63: 4.301 | R63: 6.48 | S63: 6.58 | V63: 0 | X63: 0 | Y63: 9.74
A64: 2001DO | B64: Public | C64: Blackberry Enterprise Server per Mailbox Tier 3 (>50K Mbox) | D64: per Mailbox per month | E64: 6.7 | F64: 0 | J64: 14.63 | L64: 4 | M64: 6.6 | Q64: 3.5535 | R64: 5.89 | S64: 6.03 | V64: 0 | X64: 0 | Y64: 7.73
A66: 2002AA | B66: Govt. Community | C66: Office Automation SaaS Tier 1 (<10K Users | D66: per User per month | E66: 4.05 | J66: 0 | M66: 3.96 | Q66: 25.8405 | R66: 3.85 | S66: 4.04
A67: 2002AB | B67: Govt. Community | C67: Office Automation SaaS Tier 2 (10K-50K Users) | D67: per User per month | E67: 4.05 | J67: 0 | M67: 3.96 | Q67: 23.7245 | R67: 3.85 | S67: 4
A68: 2002AC | B68: Govt. Community | C68: Office Automation SaaS Tier 3 (>50K Users) | D68: per User per month | E68: 4.05 | J68: 0 | M68: 3.96 | Q68: 22.586 | R68: 3.85 | S68: 3.97
A69: 2002AD | B69: Govt. Community | C69: Additional GB of Office Automation Storage Tier 1 (<10K Users) | D69: per GB per month | J69: 0 | Q69: 0.7935
A70: 2002AE | B70: Govt. Community | C70: Additional GB of Office Automation Storage Tier 2 (10K-50K Users) | D70: per GB per month | J70: 0 | Q70: 0.7935
A71: 2002AF | B71: Govt. Community | C71: Additional GB of Office Automation Storage Tier 3 (>50K Users) | D71: per GB per month | J71: 0 | Q71: 0.7935
A73: 2002BA | B73: Private | C73: Office Automation SaaS Tier 1 (<10K Users | D73: per User per month | L73: 0 | Q73: 28.336
A74: 2002BB | B74: Private | C74: Office Automation SaaS Tier 2 (10K-50K Users) | D74: per User per month | L74: 0 | Q74: 26.243
A75: 2002BC | B75: Private | C75: Office Automation SaaS Tier 3 (>50K Users) | D75: per User per month | L75: 0 | Q75: 24.8515
A76: 2002BD | B76: Private | C76: Additional GB of Office Automation Storage Tier 1 (<10K Users) | D76: per GB per month | L76: 2.47 | Q76: 0.97409889
A77: 2002BE | B77: Private | C77: Additional GB of Office Automation Storage Tier 2 (10K-50K Users) | D77: per GB per month | L77: 2.47 | Q77: 0.97409889
A78: 2002BF | B78: Private | C78: Additional GB of Office Automation Storage Tier 3 (>50K Users) | D78: per GB per month | L78: 2.47 | Q78: 0.97409889
A80: 2002CA | B80: Secret Enclave | C80: Office Automation SaaS Tier 1 (<10K Users | D80: per User per month
A81: 2002CB | B81: Secret Enclave | C81: Office Automation SaaS Tier 2 (10K-50K Users) | D81: per User per month
A82: 2002CC | B82: Secret Enclave | C82: Office Automation SaaS Tier 3 (>50K Users) | D82: per User per month
A83: 2002CD | B83: Secret Enclave | C83: Additional GB of Office Automation Storage Tier 1 (<10K Users) | D83: per GB per month
A84: 2002CE | B84: Secret Enclave | C84: Additional GB of Office Automation Storage Tier 2 (10K-50K Users) | D84: per GB per month
A85: 2002CF | B85: Secret Enclave | C85: Additional GB of Office Automation Storage Tier 3 (>50K Users) | D85: per GB per month
A87: 2002DA | B87: Public | C87: Office Automation SaaS Tier 1 (<10K Users | D87: per User per month | E87: 4.05 | F87: 0 | J87: 0 | L87: 0 | M87: 3.96 | Q87: 25.392 | R87: 3.85 | S87: 4.04 | V87: 0 | X87: 0 | Y87: 0
A88: 2002DB | B88: Public | C88: Office Automation SaaS Tier 2 (10K-50K Users) | D88: per User per month | E88: 4.05 | F88: 0 | J88: 0 | L88: 0 | M88: 3.96 | Q88: 23.299 | R88: 3.85 | S88: 4 | V88: 0 | X88: 0 | Y88: 0
A89: 2002DC | B89: Public | C89: Office Automation SaaS Tier 3 (>50K Users) | D89: per User per month | E89: 4.05 | F89: 0 | J89: 0 | L89: 0 | M89: 3.96 | Q89: 22.1835 | R89: 3.85 | S89: 3.97 | V89: 0 | X89: 0 | Y89: 0
A90: 2002DD | B90: Public | C90: Additional GB of Office Automation Storage Tier 1 (<10K Users) | D90: per GB per month | F90: 1.87 | J90: 0 | L90: 1.77 | Q90: 0.7935 | V90: 1.91 | X90: 2.03 | Y90: 0
A91: 2002DE | B91: Public | C91: Additional GB of Office Automation Storage Tier 2 (10K-50K Users) | D91: per GB per month | F91: 1.87 | J91: 0 | L91: 1.77 | Q91: 0.7935 | V91: 1.91 | X91: 2.03 | Y91: 0
A92: 2002DF | B92: Public | C92: Additional GB of Office Automation Storage Tier 3 (>50K Users) | D92: per GB per month | F92: 1.87 | J92: 0 | L92: 1.77 | Q92: 0.7935 | V92: 1.91 | X92: 2.03 | Y92: 0
A94: 2003AA | B94: Govt. Community | C94: Records Management Tier 1 (<10K users) | D94: per User per month | Q94: 2.5185
A95: 2003AB | B95: Govt. Community | C95: Records Management Tier 2 (10K-50K users) | D95: per User per month | Q95: 1.196
A96: 2003AC | B96: Govt. Community | C96: Records Management Tier 3 (>50K users) | D96: per User per month | Q96: 1.173
A97: 2003AD | B97: Govt. Community | C97: Additional GB of Record Management Storage Tier 1 (<10K Users) | D97: per GB per month | Q97: 0.7935
A98: 2003AE | B98: Govt. Community | C98: Additional GB of Record Management Storage Tier 2 (10K-50K Users) | D98: per GB per month | Q98: 0.7935
A99: 2003AF | B99: Govt. Community | C99: Additional GB of Record Management Storage Tier 3 (>50K Users) | D99: per GB per month | Q99: 0.7935
A101: 2003BA | B101: Private | C101: Records Management Tier 1 (<10K users) | D101: per User per month | Q101: 2.7485
A102: 2003BB | B102: Private | C102: Records Management Tier 2 (10K-50K users) | D102: per User per month | Q102: 1.2765
A103: 2003BC | B103: Private | C103: Records Management Tier 3 (>50K users) | D103: per User per month | Q103: 1.2535
A104: 2003BD | B104: Private | C104: Additional GB of Record Management Storage Tier 1 (<10K Users) | D104: per GB per month | Q104: 0.97409889
A105: 2003BE | B105: Private | C105: Additional GB of Record Management Storage Tier 2 (10K-50K Users) | D105: per GB per month | Q105: 0.97409889
A106: 2003BF | B106: Private | C106: Additional GB of Record Management Storage Tier 3 (>50K Users) | D106: per GB per month | Q106: 0.97409889
A108: 2003CA | B108: Secret Enclave | C108: Records Management Tier 1 (<10K users) | D108: per User per month
A109: 2003CB | B109: Secret Enclave | C109: Records Management Tier 2 (10K-50K users) | D109: per User per month
A110: 2003CC | B110: Secret Enclave | C110: Records Management Tier 3 (>50K users) | D110: per User per month
A111: 2003CD | B111: Secret Enclave | C111: Additional GB of Record Management Storage Tier 1 (<10K users) | D111: per GB per month
A112: 2003CE | B112: Secret Enclave | C112: Additional GB of Record Management Storage Tier 2 (10K-50K users) | D112: per GB per month
...

Sheet Option Yr 3 (Non-US)
A1: CLIN | B1: Delivery Model | C1: CLIN Description Prices listed are for Option Year 3: Non-US Pricing | D1: Unit of Measure | E1: Accenture Federal Services LLC (G) | F1: Accenture Federal Services LLC (365) | G1: Autonomic Resources LLC (EX) | H1: CGI Federal Inc. (Z) | I1: Ciracom Inc. (EX) | J1: Computer Sciences Corporation (G) | K1: Computer Sciences Corporation (EX) | L1: Dell Federal Systems L.P. (365) | M1: DLT Solutions, LLC (G) | N1: General Dynamics Information Technology, Inc. (Z) | O1: Harris IT Service Corporation (Z) | P1: IBM Global Business Services – U.S. Federal (DOM) | Q1: Lockheed Martin (Z) | R1: Onix Networking Corp. (G) | S1: Science Applications International Corporation (G) | T1: Smartronix, Inc (EX) | U1: Systems Research and Applications Corporation (G) | V1: Systems Research and Applications Corporation (365) | W1: Technosource LLC (365) | X1: Unisys (365) | Y1: Unisys (G)
A2: 3001AA | B2: Govt. Community | C2: Mailbox Tier 1 (<10K Mbox) | D2: per Mailbox per month | E2: 4.25 | F2: 7.23 | J2: 3.74 | M2: 4.16 | Q2: 13.3975 | R2: 3.85 | S2: 4.04 | V2: 7.35
A3: 3001AB | B3: Govt. Community | C3: Mailbox Tier 2 (10K-50K Mbox) | D3: per Mailbox per month | E3: 4.25 | F3: 7.23 | J3: 3.72 | M3: 4.16 | Q3: 8.326 | R3: 3.85 | S3: 4 | V3: 7.35
A4: 3001AC | B4: Govt. Community | C4: Mailbox Tier 3 (>50K Mbox) | D4: per Mailbox per month | E4: 4.25 | F4: 7.23 | J4: 3.68 | M4: 4.16 | Q4: 7.498 | R4: 3.85 | S4: 3.97 | V4: 7.35
A5: 3001AD | B5: Govt. Community | C5: Additional GB of Mailbox Storage Tier 1 (<10K Mbox) | D5: per GB per month | E5: 0 | J5: 0 | Q5: 0.7935
A6: 3001AE | B6: Govt. Community | C6: Additional GB of Mailbox Storage Tier 2 (10K-50K Mbox) | D6: per GB per month | E6: 0 | J6: 0 | Q6: 0.7935
A7: 3001AF | B7: Govt. Community | C7: Additional GB of Mailbox Storage Tier 3 (>50K Mbox) | D7: per GB per month | E7: 0 | J7: 0 | Q7: 0.7935
A8: 3001AG | B8: Govt. Community | C8: Archiving per Mailbox Tier 1 (<10K Mbox) | D8: per Mailbox per month | E8: 1.6 | F8: 0 | J8: 1.85 | M8: 1.56 | Q8: 1.472 | R8: 1.91 | S8: 2.01 | V8: 0
A9: 3001AH | B9: Govt. Community | C9: Archiving per Mailbox Tier 2 (10K-50K Mbox) | D9: per Mailbox per month | E9: 1.6 | F9: 0 | J9: 1.84 | M9: 1.56 | Q9: 1.38 | R9: 1.91 | S9: 1.99 | V9: 0
A10: 3001AI | B10: Govt. Community | C10: Archiving per Mailbox Tier 3 (>50K Mbox) | D10: per Mailbox per month | E10: 1.6 | F10: 0 | J10: 1.82 | M10: 1.56 | Q10: 1.38 | R10: 1.91 | S10: 1.97 | V10: 0
A11: 3001AJ | B11: Govt. Community | C11: Additional GB of Archiving Storage Tier 1 (<10K Mbox) | D11: per GB per month | E11: 0 | J11: 0 | M11: 0 | Q11: 0.7935 | R11: 0
A12: 3001AK | B12: Govt. Community | C12: Additional GB of Archiving Storage Tier 2 (10K-50K Mbox) | D12: per GB per month | E12: 0 | J12: 0 | M12: 0 | Q12: 0.7935 | R12: 0
A13: 3001AL | B13: Govt. Community | C13: Additional GB of Archiving Storage Tier 3 (>50K Mbox) | D13: per GB per month | E13: 0 | J13: 0 | M13: 0 | Q13: 0.7935 | R13: 0
A14: 3001AM | B14: Govt. Community | C14: Blackberry Enterprise Server per Mailbox Tier 1 (<10K Mbox) | D14: per Mailbox per month | E14: 8.31 | F14: 0 | J14: 14.63 | M14: 8.19 | Q14: 10.396 | R14: 7.28 | S14: 7.13 | V14: 0
A15: 3001AN | B15: Govt. Community | C15: Blackberry Enterprise Server per Mailbox Tier 2 (10K-50K Mbox) | D15: per Mailbox per month | E15: 7.67 | F15: 0 | J15: 14.63 | M15: 7.56 | Q15: 4.37 | R15: 6.68 | S15: 6.58 | V15: 0
A16: 3001AO | B16: Govt. Community | C16: Blackberry Enterprise Server per Mailbox Tier 3 (>50K Mbox) | D16: per Mailbox per month | E16: 7.04 | F16: 0 | J16: 14.63 | M16: 6.93 | Q16: 3.611 | R16: 6.07 | S16: 6.03 | V16: 0
A18: 3001BA | B18: Private | C18: Mailbox Tier 1 (<10K Mbox) | D18: per Mailbox per month | L18: 21.56 | Q18: 14.5705
A19: 3001BB | B19: Private | C19: Mailbox Tier 2 (10K-50K Mbox) | D19: per Mailbox per month | L19: 21.56 | Q19: 9.7865
A20: 3001BC | B20: Private | C20: Mailbox Tier 3 (>50K Mbox) | D20: per Mailbox per month | L20: 16.17 | Q20: 8.004
A21: 3001BD | B21: Private | C21: Additional GB of Mailbox Storage Tier 1 (<10K Mbox) | D21: per GB per month | Q21: 0.97428552
A22: 3001BE | B22: Private | C22: Additional GB of Mailbox Storage Tier 2 (10K-50K Mbox) | D22: per GB per month | Q22: 0.97428552
A23: 3001BF | B23: Private | C23: Additional GB of Mailbox Storage Tier 3 (>50K Mbox) | D23: per GB per month | Q23: 0.97428552
A24: 3001BG | B24: Private | C24: Archiving per Mailbox Tier 1 (<10K Mbox) | D24: per Mailbox per month | L24: 8.12 | Q24: 1.5755
A25: 3001BH | B25: Private | C25: Archiving per Mailbox Tier 2 (10K-50K Mbox) | D25: per Mailbox per month | L25: 8.12 | Q25: 1.4605
A26: 3001BI | B26: Private | C26: Archiving per Mailbox Tier 3 (>50K Mbox) | D26: per Mailbox per month | L26: 6.09 | Q26: 1.4835
A27: 3001BJ | B27: Private | C27: Additional GB of Archiving Storage Tier 1 (<10K Mbox) | D27: per GB per month | Q27: 0.97428552
A28: 3001BK | B28: Private | C28: Additional GB of Archiving Storage Tier 2 (10K-50K Mbox) | D28: per GB per month | Q28: 0.97428552
A29: 3001BL | B29: Private | C29: Additional GB of Archiving Storage Tier 3 (>50K Mbox) | D29: per GB per month | Q29: 0.97428552
A30: 3001BM | B30: Private | C30: Blackberry Enterprise Server per Mailbox Tier 1 (<10K Mbox) | D30: per Mailbox per month | L30: 10.28 | Q30: 11.1895
A31: 3001BN | B31: Private | C31: Blackberry Enterprise Server per Mailbox Tier 2 (10K-50K Mbox) | D31: per Mailbox per month | L31: 8.63 | Q31: 5.037
A32: 3001BO | B32: Private | C32: Blackberry Enterprise Server per Mailbox Tier 3 (>50K Mbox) | D32: per Mailbox per month | L32: 7.2 | Q32: 3.8985
A34: 3001CA | B34: Secret Enclave | C34: Mailbox Tier 1 (<10K Mbox) | D34: per Mailbox per month
A35: 3001CB | B35: Secret Enclave | C35: Mailbox Tier 2 (10K-50K Mbox) | D35: per Mailbox per month
A36: 3001CC | B36: Secret Enclave | C36: Mailbox Tier 3 (>50K Mbox) | D36: per Mailbox per month
A37: 3001CD | B37: Secret Enclave | C37: Additional GB of Mailbox Storage Tier 1 (<10K Mbox) | D37: per GB per month
A38: 3001CE | B38: Secret Enclave | C38: Additional GB of Mailbox Storage Tier 2 (10K-50K Mbox) | D38: per GB per month
A39: 3001CF | B39: Secret Enclave | C39: Additional GB of Mailbox Storage Tier 3 (>50K Mbox) | D39: per GB per month
A40: 3001CG | B40: Secret Enclave | C40: Archiving per Mailbox Tier 1 (<10K Mbox) | D40: per Mailbox per month
A41: 3001CH | B41: Secret Enclave | C41: Archiving per Mailbox Tier 2 (10K-50K Mbox) | D41: per Mailbox per month
A42: 3001CI | B42: Secret Enclave | C42: Archiving per Mailbox Tier 3 (>50K Mbox) | D42: per Mailbox per month
A43: 3001CJ | B43: Secret Enclave | C43: Additional GB of Archiving Storage Tier 1 (<10K Mbox) | D43: per GB per month
A44: 3001CK | B44: Secret Enclave | C44: Additional GB of Archiving Storage Tier 2 (10K-50K Mbox) | D44: per GB per month
A45: 3001CL | B45: Secret Enclave | C45: Additional GB of Archiving Storage Tier 3 (>50K Mbox) | D45: per GB per month
... A48: 3001CO | B48: Secret Enclave | C48: Blackberry Enterprise Server per Mailbox Tier 3 (>50K Mbox) | D48: per Mailbox per month
A50: 3001DA | B50: Public | C50: Mailbox Tier 1 (<10K Mbox) | D50: per Mailbox per month | E50: 4.25 | F50: 6.81 | J50: 3.74 | L50: 7.18 | M50: 4.16 | Q50: 13.248 | R50: 3.85 | S50: 4.04 | V50: 6.93 | X50: 7.35 | Y50: 4.75
A51: 3001DB | B51: Public | C51: Mailbox Tier 2 (10K-50K Mbox) | D51: per Mailbox per month | E51: 4.25 | F51: 6.81 | J51: 3.72 | L51: 7.18 | M51: 4.16 | Q51: 8.234 | R51: 3.85 | S51: 4 | V51: 6.93 | X51: 7.35 | Y51: 4.75
A52: 3001DC | B52: Public | C52: Mailbox Tier 3 (>50K Mbox) | D52: per Mailbox per month | E52: 4.25 | F52: 6.81 | J52: 3.68 | L52: 7.18 | M52: 4.16 | Q52: 7.4175 | R52: 3.85 | S52: 3.97 | V52: 6.93 | X52: 7.35 | Y52: 4.75
A53: 3001DD | B53: Public | C53: Additional GB of Mailbox Storage Tier 1 (<10K Mbox) | D53: per GB per month | E53: 0 | J53: 0 | Q53: 0.7935 | Y53: 0
A54: 3001DE | B54: Public | C54: Additional GB of Mailbox Storage Tier 2 (10K-50K Mbox) | D54: per GB per month | E54: 0 | J54: 0 | Q54: 0.7935 | Y54: 0
A55: 3001DF | B55: Public | C55: Additional GB of Mailbox Storage Tier 3 (>50K Mbox) | D55: per GB per month | E55: 0 | J55: 0 | Q55: 0.7935 | Y55: 0
A56: 3001DG | B56: Public | C56: Archiving per Mailbox Tier 1 (<10K Mbox) | D56: per Mailbox per month | E56: 1.6 | F56: 1.7 | J56: 1.85 | L56: 1.79 | M56: 1.56 | Q56: 1.449 | R56: 1.91 | S56: 2.01 | V56: 1.73 | X56: 1.85 | Y56: 0.79
A57: 3001DH | B57: Public | C57: Archiving per Mailbox Tier 2 (10K-50K Mbox) | D57: per Mailbox per month | E57: 1.6 | F57: 1.7 | J57: 1.84 | L57: 1.79 | M57: 1.56 | Q57: 1.357 | R57: 1.91 | S57: 1.99 | V57: 1.73 | X57: 1.85 | Y57: 0.79
A58: 3001DI | B58: Public | C58: Archiving per Mailbox Tier 3 (>50K Mbox) | D58: per Mailbox per month | E58: 1.6 | F58: 1.7 | J58: 1.82 | L58: 1.79 | M58: 1.56 | Q58: 1.357 | R58: 1.91 | S58: 1.97 | V58: 1.73 | X58: 1.85 | Y58: 0.79
A59: 3001DJ | B59: Public | C59: Additional GB of Archiving Storage Tier 1 (<10K Mbox) | D59: per GB per month | E59: 0 | J59: 0 | M59: 0 | Q59: 0.7935 | R59: 0 | Y59: 0
A60: 3001DK | B60: Public | C60: Additional GB of Archiving Storage Tier 2 (10K-50K Mbox) | D60: per GB per month | E60: 0 | J60: 0 | M60: 0 | Q60: 0.7935 | R60: 0 | Y60: 0
A61: 3001DL | B61: Public | C61: Additional GB of Archiving Storage Tier 3 (>50K Mbox) | D61: per GB per month | E61: 0 | J61: 0 | M61: 0 | Q61: 0.7935 | R61: 0 | Y61: 0
A62: 3001DM | B62: Public | C62: Blackberry Enterprise Server per Mailbox Tier 1 (<10K Mbox) | D62: per Mailbox per month | E62: 8.31 | F62: 0 | J62: 14.63 | L62: 5 | M62: 8.19 | Q62: 10.2465 | R62: 7.28 | S62: 7.13 | V62: 0 | X62: 0 | Y62: 13.3
A63: 3001DN | B63: Public | C63: Blackberry Enterprise Server per Mailbox Tier 2 (10K-50K Mbox) | D63: per Mailbox per month | E63: 7.67 | F63: 0 | J63: 14.63 | L63: 5 | M63: 7.56 | Q63: 4.301 | R63: 6.68 | S63: 6.58 | V63: 0 | X63: 0 | Y63: 9.74
A64: 3001DO | B64: Public | C64: Blackberry Enterprise Server per Mailbox Tier 3 (>50K Mbox) | D64: per Mailbox per month | E64: 7.04 | F64: 0 | J64: 14.63 | L64: 4 | M64: 6.93 | Q64: 3.5535 | R64: 6.07 | S64: 6.03 | V64: 0 | X64: 0 | Y64: 7.73
A66: 3002AA | B66: Govt. Community | C66: Office Automation SaaS Tier 1 (<10K Users | D66: per User per month | E66: 4.25 | J66: 0 | M66: 4.16 | Q66: 25.8405 | R66: 3.85 | S66: 4.04
A67: 3002AB | B67: Govt. Community | C67: Office Automation SaaS Tier 2 (10K-50K Users) | D67: per User per month | E67: 4.25 | J67: 0 | M67: 4.16 | Q67: 23.7245 | R67: 3.85 | S67: 4
A68: 3002AC | B68: Govt. Community | C68: Office Automation SaaS Tier 3 (>50K Users) | D68: per User per month | E68: 4.25 | J68: 0 | M68: 4.16 | Q68: 22.586 | R68: 3.85 | S68: 3.97
A69: 3002AD | B69: Govt. Community | C69: Additional GB of Office Automation Storage Tier 1 (<10K Users) | D69: per GB per month | J69: 0 | Q69: 0.7935
A70: 3002AE | B70: Govt. Community | C70: Additional GB of Office Automation Storage Tier 2 (10K-50K Users) | D70: per GB per month | J70: 0 | Q70: 0.7935
A71: 3002AF | B71: Govt. Community | C71: Additional GB of Office Automation Storage Tier 3 (>50K Users) | D71: per GB per month | J71: 0 | Q71: 0.7935
A73: 3002BA | B73: Private | C73: Office Automation SaaS Tier 1 (<10K Users | D73: per User per month | L73: 0 | Q73: 28.336
A74: 3002BB | B74: Private | C74: Office Automation SaaS Tier 2 (10K-50K Users) | D74: per User per month | L74: 0 | Q74: 26.243
A75: 3002BC | B75: Private | C75: Office Automation SaaS Tier 3 (>50K Users) | D75: per User per month | L75: 0 | Q75: 24.8515
A76: 3002BD | B76: Private | C76: Additional GB of Office Automation Storage Tier 1 (<10K Users) | D76: per GB per month | L76: 2.47 | Q76: 0.97409889
A77: 3002BE | B77: Private | C77: Additional GB of Office Automation Storage Tier 2 (10K-50K Users) | D77: per GB per month | L77: 2.47 | Q77: 0.97409889
A78: 3002BF | B78: Private | C78: Additional GB of Office Automation Storage Tier 3 (>50K Users) | D78: per GB per month | L78: 2.47 | Q78: 0.97409889
A80: 3002CA | B80: Secret Enclave | C80: Office Automation SaaS Tier 1 (<10K Users | D80: per User per month
A81: 3002CB | B81: Secret Enclave | C81: Office Automation SaaS Tier 2 (10K-50K Users) | D81: per User per month
