Workbook

Sheet Loans Originated
A1: FHA Loans Originated for Home Purchase & Occupation for Multnomah County: 2006-2012
A2: (By HUD MFI Groups)
A4: Loan Origination for All Households
B6: 0-30% MFI | C6: 31-50% MFI | D6: 51-80% MFI | E6: 81-95% MFI | F6: >95% MFI | G6: Total (All)
A7: 2006 | B7: 1 | C7: 6 | D7: 79 | E7: 48 | F7: 88 | G7: 225
A8: 2007 | B8: 2 | C8: 2 | D8: 62 | E8: 52 | F8: 129 | G8: 248
A9: 2008 | B9: 1 | C9: 23 | D9: 384 | E9: 282 | F9: 770 | G9: 1472
A10: 2009 | B10: 8 | C10: 225 | D10: 1036 | E10: 423 | F10: 1141 | G10: 2860
A11: 2010 | B11: 14 | C11: 267 | D11: 904 | E11: 411 | F11: 1003 | G11: 2632
A12: 2011 | B12: 16 | C12: 278 | D12: 623 | E12: 254 | F12: 628 | G12: 1823
A13: 2012 | B13: 12 | C13: 277 | D13: 663 | E13: 235 | F13: 602 | G13: 1805
A15: Loan Origination for American Indian/Alaskan Native Households
B17: 0-30% MFI | C17: 31-50% MFI | D17: 51-80% MFI | E17: 81-95% MFI | F17: >95% MFI | G17: Total (Native Americans)
A18: 2006 | B18: 0 | C18: 0 | D18: 4 | E18: 2 | F18: 5 | G18: 11
A19: 2007 | B19: 0 | C19: 0 | D19: 0 | E19: 1 | F19: 3 | G19: 4
A20: 2008 | B20: 0 | C20: 0 | D20: 4 | E20: 3 | F20: 9 | G20: 16
A21: 2009 | B21: 0 | C21: 4 | D21: 16 | E21: 3 | F21: 13 | G21: 36
A22: 2010 | B22: 1 | C22: 3 | D22: 12 | E22: 3 | F22: 9 | G22: 28
A23: 2011 | B23: 0 | C23: 4 | D23: 6 | E23: 0 | F23: 9 | G23: 19
A24: 2012 | B24: 2 | C24: 1 | D24: 14 | E24: 5 | F24: 6 | G24: 28
A26: Loan Origination for Asian Households
B28: 0-30% MFI | C28: 31-50% MFI | D28: 51-80% MFI | E28: 81-95% MFI | F28: >95% MFI | G28: Total (Asians)
A29: 2006 | B29: 1 | C29: 1 | D29: 4 | E29: 5 | F29: 4 | G29: 15
A30: 2007 | B30: 0 | C30: 0 | D30: 2 | E30: 4 | F30: 6 | G30: 12
A31: 2008 | B31: 0 | C31: 1 | D31: 15 | E31: 14 | F31: 45 | G31: 76
A32: 2009 | B32: 1 | C32: 10 | D32: 53 | E32: 19 | F32: 50 | G32: 134
A33: 2010 | B33: 2 | C33: 24 | D33: 44 | E33: 20 | F33: 29 | G33: 121
A34: 2011 | B34: 2 | C34: 23 | D34: 37 | E34: 18 | F34: 33 | G34: 113
A35: 2012 | B35: 0 | C35: 16 | D35: 51 | E35: 12 | F35: 33 | G35: 113
A37: Loan Origination for Black or African American Households
B39: 0-30% MFI | C39: 31-50% MFI | D39: 51-80% MFI | E39: 81-95% MFI | F39: >95% MFI | G39: Total (Blacks)
A40: 2006 | B40: 0 | C40: 0 | D40: 3 | E40: 1 | F40: 3 | G40: 7
A41: 2007 | B41: 0 | C41: 0 | D41: 3 | E41: 3 | F41: 5 | G41: 11
A42: 2008 | B42: 0 | C42: 0 | D42: 10 | E42: 12 | F42: 29 | G42: 51
A43: 2009 | B43: 0 | C43: 4 | D43: 28 | E43: 12 | F43: 24 | G43: 68
A44: 2010 | B44: 0 | C44: 8 | D44: 32 | E44: 10 | F44: 19 | G44: 71
A45: 2011 | B45: 0 | C45: 13 | D45: 16 | E45: 5 | F45: 14 | G45: 48
A46: 2012 | B46: 0 | C46: 7 | D46: 19 | E46: 9 | F46: 16 | G46: 52
A48: Loan Origination for Native Hawaiian or Pacific Islander Households
B50: 0-30% MFI | C50: 31-50% MFI | D50: 51-80% MFI | E50: 81-95% MFI | F50: >95% MFI | G50: Total (NHPI)
A51: 2006 | B51: 0 | C51: 0 | D51: 0 | E51: 0 | F51: 0 | G51: 0
A52: 2007 | B52: 0 | C52: 0 | D52: 0 | E52: 1 | F52: 0 | G52: 1
A53: 2008 | B53: 0 | C53: 0 | D53: 7 | E53: 3 | F53: 9 | G53: 19
A54: 2009 | B54: 0 | C54: 2 | D54: 14 | E54: 4 | F54: 10 | G54: 31
A55: 2010 | B55: 0 | C55: 1 | D55: 3 | E55: 0 | F55: 4 | G55: 8
A56: 2011 | B56: 0 | C56: 2 | D56: 6 | E56: 1 | F56: 8 | G56: 17
A57: 2012 | B57: 0 | C57: 2 | D57: 7 | E57: 4 | F57: 4 | G57: 17
A59: Loan Origination for White Households
B61: 0-30% MFI | C61: 31-50% MFI | D61: 51-80% MFI | E61: 81-95% MFI | F61: >95% MFI | G61: Total (White)
A62: 2006 | B62: 0 | C62: 5 | D62: 68 | E62: 45 | F62: 77 | G62: 198
A63: 2007 | B63: 2 | C63: 2 | D63: 56 | E63: 43 | F63: 113 | G63: 217
A64: 2008 | B64: 1 | C64: 19 | D64: 337 | E64: 245 | F64: 664 | G64: 1277
A65: 2009 | B65: 3 | C65: 178 | D65: 863 | E65: 359 | F65: 967 | G65: 2392
A66: 2010 | B66: 9 | C66: 199 | D66: 763 | E66: 348 | F66: 858 | G66: 2202
A67: 2011 | B67: 12 | C67: 209 | D67: 488 | E67: 199 | F67: 515 | G67: 1444
A68: 2012 | B68: 10 | C68: 216 | D68: 515 | E68: 188 | F68: 510 | G68: 1453
A70: Loan Origination for Hispanic Households
B72: 0-30% MFI | C72: 31-50% MFI | D72: 51-80% MFI | E72: 81-95% MFI | F72: >95% MFI | G72: Total (Hispanics)
A73: 2006 | B73: 0 | C73: 2 | D73: 4 | E73: 3 | F73: 5 | G73: 14
A74: 2007 | B74: 0 | C74: 1 | D74: 9 | E74: 6 | F74: 6 | G74: 22
A75: 2008 | B75: 0 | C75: 3 | D75: 37 | E75: 27 | F75: 55 | G75: 122
A76: 2009 | B76: 0 | C76: 19 | D76: 71 | E76: 20 | F76: 46 | G76: 158
A77: 2010 | B77: 2 | C77: 26 | D77: 79 | E77: 20 | F77: 43 | G77: 171
A78: 2011 | B78: 4 | C78: 37 | D78: 44 | E78: 13 | F78: 32 | G78: 132
A79: 2012 | B79: 3 | C79: 39 | D79: 54 | E79: 15 | F79: 24 | G79: 137
A81: Source: HMDA (LAR)
A82: Note: Data reported here is for Multnomah County. These are Federal Housing Administration loans for the purpose of purchasing a home. The loans are for homes that are meant for a primary occupancy of the owner. These are all represented for FHA loans. For ethnic and racial breakout, these are loans originated by households where either the applicant or co-applicant are representative of that group.

Sheet Loan Distribution
A1: Distribution of FHA Loan Originations in Multnomah County
A2: By Income and Race/Ethnicity: 2006-2012
A4: All households | B4: 0-30% MFI | C4: 31-50% MFI | D4: 51-80% MFI | E4: 80-95% MFI | F4: >95% MFI
A5: 2006 | B5: ='Loans Originated'!B7/'Loans Originated'!$G$7 -> 0.0044444444 | C5: ='Loans Originated'!C7/'Loans Originated'!$G$7 -> 0.026666667 | D5: ='Loans Originated'!D7/'Loans Originated'!$G$7 -> 0.35111111 | E5: ='Loans Originated'!E7/'Loans Originated'!$G$7 -> 0.21333333 | F5: ='Loans Originated'!F7/'Loans Originated'!$G$7 -> 0.39111111
A6: 2007 | B6: ='Loans Originated'!B8/'Loans Originated'!$G$8 -> 0.0080645161 | C6: ='Loans Originated'!C8/'Loans Originated'!$G$8 -> 0.0080645161 | D6: ='Loans Originated'!D8/'Loans Originated'!$G$8 -> 0.25 | E6: ='Loans Originated'!E8/'Loans Originated'!$G$8 -> 0.20967742 | F6: ='Loans Originated'!F8/'Loans Originated'!$G$8 -> 0.52016129
A7: 2008 | B7: ='Loans Originated'!B9/'Loans Originated'!$G$9 -> 0.00067934783 | C7: ='Loans Originated'!C9/'Loans Originated'!$G$9 -> 0.015625 | D7: ='Loans Originated'!D9/'Loans Originated'!$G$9 -> 0.26086957 | E7: ='Loans Originated'!E9/'Loans Originated'!$G$9 -> 0.19157609 | F7: ='Loans Originated'!F9/'Loans Originated'!$G$9 -> 0.52309783
A8: 2009 | B8: ='Loans Originated'!B10/'Loans Originated'!$G$10 -> 0.0027972028 | C8: ='Loans Originated'!C10/'Loans Originated'!$G$10 -> 0.078671329 | D8: ='Loans Originated'!D10/'Loans Originated'!$G$10 -> 0.36223776 | E8: ='Loans Originated'!E10/'Loans Originated'!$G$10 -> 0.1479021 | F8: ='Loans Originated'!F10/'Loans Originated'!$G$10 -> 0.39895105
A9: 2010 | B9: ='Loans Originated'!B11/'Loans Originated'!$G$11 -> 0.0053191489 | C9: ='Loans Originated'!C11/'Loans Originated'!$G$11 -> 0.10144377 | D9: ='Loans Originated'!D11/'Loans Originated'!$G$11 -> 0.34346505 | E9: ='Loans Originated'!E11/'Loans Originated'!$G$11 -> 0.15615502 | F9: ='Loans Originated'!F11/'Loans Originated'!$G$11 -> 0.38107903
A10: 2011 | B10: ='Loans Originated'!B12/'Loans Originated'!$G$12 -> 0.0087767416 | C10: ='Loans Originated'!C12/'Loans Originated'!$G$12 -> 0.15249589 | D10: ='Loans Originated'!D12/'Loans Originated'!$G$12 -> 0.34174438 | E10: ='Loans Originated'!E12/'Loans Originated'!$G$12 -> 0.13933077 | F10: ='Loans Originated'!F12/'Loans Originated'!$G$12 -> 0.34448711
A11: 2012 | B11: ='Loans Originated'!B13/'Loans Originated'!$G$13 -> 0.0066481994 | C11: ='Loans Originated'!C13/'Loans Originated'!$G$13 -> 0.1534626 | D11: ='Loans Originated'!D13/'Loans Originated'!$G$13 -> 0.36731302 | E11: ='Loans Originated'!E13/'Loans Originated'!$G$13 -> 0.13019391 | F11: ='Loans Originated'!F13/'Loans Originated'!$G$13 -> 0.33351801
A13: Native American HH | B13: 0-30% MFI | C13: 31-50% MFI | D13: 51-80% MFI | E13: 80-95% MFI | F13: >95% MFI
A14: 2006 | B14: ='Loans Originated'!B18/'Loans Originated'!$G$18 -> 0 | C14: ='Loans Originated'!C18/'Loans Originated'!$G$18 -> 0 | D14: ='Loans Originated'!D18/'Loans Originated'!$G$18 -> 0.36363636 | E14: ='Loans Originated'!E18/'Loans Originated'!$G$18 -> 0.18181818 | F14: ='Loans Originated'!F18/'Loans Originated'!$G$18 -> 0.45454545
A15: 2007 | B15: ='Loans Originated'!B19/'Loans Originated'!$G$19 -> 0 | C15: ='Loans Originated'!C19/'Loans Originated'!$G$19 -> 0 | D15: ='Loans Originated'!D19/'Loans Originated'!$G$19 -> 0 | E15: ='Loans Originated'!E19/'Loans Originated'!$G$19 -> 0.25 | F15: ='Loans Originated'!F19/'Loans Originated'!$G$19 -> 0.75
A16: 2008 | B16: ='Loans Originated'!B20/'Loans Originated'!$G$20 -> 0 | C16: ='Loans Originated'!C20/'Loans Originated'!$G$20 -> 0 | D16: ='Loans Originated'!D20/'Loans Originated'!$G$20 -> 0.25 | E16: ='Loans Originated'!E20/'Loans Originated'!$G$20 -> 0.1875 | F16: ='Loans Originated'!F20/'Loans Originated'!$G$20 -> 0.5625
A17: 2009 | B17: ='Loans Originated'!B21/'Loans Originated'!$G$21 -> 0 | C17: ='Loans Originated'!C21/'Loans Originated'!$G$21 -> 0.11111111 | D17: ='Loans Originated'!D21/'Loans Originated'!$G$21 -> 0.44444444 | E17: ='Loans Originated'!E21/'Loans Originated'!$G$21 -> 0.083333333 | F17: ='Loans Originated'!F21/'Loans Originated'!$G$21 -> 0.36111111
A18: 2010 | B18: ='Loans Originated'!B22/'Loans Originated'!$G$22 -> 0.035714286 | C18: ='Loans Originated'!C22/'Loans Originated'!$G$22 -> 0.10714286 | D18: ='Loans Originated'!D22/'Loans Originated'!$G$22 -> 0.42857143 | E18: ='Loans Originated'!E22/'Loans Originated'!$G$22 -> 0.10714286 | F18: ='Loans Originated'!F22/'Loans Originated'!$G$22 -> 0.32142857
A19: 2011 | B19: ='Loans Originated'!B23/'Loans Originated'!$G$23 -> 0 | C19: ='Loans Originated'!C23/'Loans Originated'!$G$23 -> 0.21052632 | D19: ='Loans Originated'!D23/'Loans Originated'!$G$23 -> 0.31578947 | E19: ='Loans Originated'!E23/'Loans Originated'!$G$23 -> 0 | F19: ='Loans Originated'!F23/'Loans Originated'!$G$23 -> 0.47368421
A20: 2012 | B20: ='Loans Originated'!B24/'Loans Originated'!$G$24 -> 0.071428571 | C20: ='Loans Originated'!C24/'Loans Originated'!$G$24 -> 0.035714286 | D20: ='Loans Originated'!D24/'Loans Originated'!$G$24 -> 0.5 | E20: ='Loans Originated'!E24/'Loans Originated'!$G$24 -> 0.17857143 | F20: ='Loans Originated'!F24/'Loans Originated'!$G$24 -> 0.21428571
A22: Asian Households | B22: 0-30% MFI | C22: 31-50% MFI | D22: 51-80% MFI | E22: 80-95% MFI | F22: >95% MFI
A23: 2006 | B23: ='Loans Originated'!B29/'Loans Originated'!$G$29 -> 0.066666667 | C23: ='Loans Originated'!C29/'Loans Originated'!$G$29 -> 0.066666667 | D23: ='Loans Originated'!D29/'Loans Originated'!$G$29 -> 0.26666667 | E23: ='Loans Originated'!E29/'Loans Originated'!$G$29 -> 0.33333333 | F23: ='Loans Originated'!F29/'Loans Originated'!$G$29 -> 0.26666667
A24: 2007 | B24: ='Loans Originated'!B30/'Loans Originated'!$G$30 -> 0 | C24: ='Loans Originated'!C30/'Loans Originated'!$G$30 -> 0 | D24: ='Loans Originated'!D30/'Loans Originated'!$G$30 -> 0.16666667 | E24: ='Loans Originated'!E30/'Loans Originated'!$G$30 -> 0.33333333 | F24: ='Loans Originated'!F30/'Loans Originated'!$G$30 -> 0.5
A25: 2008 | B25: ='Loans Originated'!B31/'Loans Originated'!$G$31 -> 0 | C25: ='Loans Originated'!C31/'Loans Originated'!$G$31 -> 0.013157895 | D25: ='Loans Originated'!D31/'Loans Originated'!$G$31 -> 0.19736842 | E25: ='Loans Originated'!E31/'Loans Originated'!$G$31 -> 0.18421053 | F25: ='Loans Originated'!F31/'Loans Originated'!$G$31 -> 0.59210526
A26: 2009 | B26: ='Loans Originated'!B32/'Loans Originated'!$G$32 -> 0.0074626866 | C26: ='Loans Originated'!C32/'Loans Originated'!$G$32 -> 0.074626866 | D26: ='Loans Originated'!D32/'Loans Originated'!$G$32 -> 0.39552239 | E26: ='Loans Originated'!E32/'Loans Originated'!$G$32 -> 0.14179104 | F26: ='Loans Originated'!F32/'Loans Originated'!$G$32 -> 0.37313433
A27: 2010 | B27: ='Loans Originated'!B33/'Loans Originated'!$G$33 -> 0.016528926 | C27: ='Loans Originated'!C33/'Loans Originated'!$G$33 -> 0.19834711 | D27: ='Loans Originated'!D33/'Loans Originated'!$G$33 -> 0.36363636 | E27: ='Loans Originated'!E33/'Loans Originated'!$G$33 -> 0.16528926 | F27: ='Loans Originated'!F33/'Loans Originated'!$G$33 -> 0.23966942
A28: 2011 | B28: ='Loans Originated'!B34/'Loans Originated'!$G$34 -> 0.017699115 | C28: ='Loans Originated'!C34/'Loans Originated'!$G$34 -> 0.20353982 | D28: ='Loans Originated'!D34/'Loans Originated'!$G$34 -> 0.32743363 | E28: ='Loans Originated'!E34/'Loans Originated'!$G$34 -> 0.15929204 | F28: ='Loans Originated'!F34/'Loans Originated'!$G$34 -> 0.2920354
A29: 2012 | B29: ='Loans Originated'!B35/'Loans Originated'!$G$35 -> 0 | C29: ='Loans Originated'!C35/'Loans Originated'!$G$35 -> 0.14159292 | D29: ='Loans Originated'!D35/'Loans Originated'!$G$35 -> 0.45132743 | E29: ='Loans Originated'!E35/'Loans Originated'!$G$35 -> 0.10619469 | F29: ='Loans Originated'!F35/'Loans Originated'!$G$35 -> 0.2920354
A31: Black Households | B31: 0-30% MFI | C31: 31-50% MFI | D31: 51-80% MFI | E31: 80-95% MFI | F31: >95% MFI
A32: 2006 | B32: ='Loans Originated'!B40/'Loans Originated'!$G$40 -> 0 | C32: ='Loans Originated'!C40/'Loans Originated'!$G$40 -> 0 | D32: ='Loans Originated'!D40/'Loans Originated'!$G$40 -> 0.42857143 | E32: ='Loans Originated'!E40/'Loans Originated'!$G$40 -> 0.14285714 | F32: ='Loans Originated'!F40/'Loans Originated'!$G$40 -> 0.42857143
A33: 2007 | B33: ='Loans Originated'!B41/'Loans Originated'!$G$41 -> 0 | C33: ='Loans Originated'!C41/'Loans Originated'!$G$41 -> 0 | D33: ='Loans Originated'!D41/'Loans Originated'!$G$41 -> 0.27272727 | E33: ='Loans Originated'!E41/'Loans Originated'!$G$41 -> 0.27272727 | F33: ='Loans Originated'!F41/'Loans Originated'!$G$41 -> 0.45454545
A34: 2008 | B34: ='Loans Originated'!B42/'Loans Originated'!$G$42 -> 0 | C34: ='Loans Originated'!C42/'Loans Originated'!$G$42 -> 0 | D34: ='Loans Originated'!D42/'Loans Originated'!$G$42 -> 0.19607843 | E34: ='Loans Originated'!E42/'Loans Originated'!$G$42 -> 0.23529412 | F34: ='Loans Originated'!F42/'Loans Originated'!$G$42 -> 0.56862745
A35: 2009 | B35: ='Loans Originated'!B43/'Loans Originated'!$G$43 -> 0 | C35: ='Loans Originated'!C43/'Loans Originated'!$G$43 -> 0.058823529 | D35: ='Loans Originated'!D43/'Loans Originated'!$G$43 -> 0.41176471 | E35: ='Loans Originated'!E43/'Loans Originated'!$G$43 -> 0.17647059 | F35: ='Loans Originated'!F43/'Loans Originated'!$G$43 -> 0.35294118
A36: 2010 | B36: ='Loans Originated'!B44/'Loans Originated'!$G$44 -> 0 | C36: ='Loans Originated'!C44/'Loans Originated'!$G$44 -> 0.11267606 | D36: ='Loans Originated'!D44/'Loans Originated'!$G$44 -> 0.45070423 | E36: ='Loans Originated'!E44/'Loans Originated'!$G$44 -> 0.14084507 | F36: ='Loans Originated'!F44/'Loans Originated'!$G$44 -> 0.26760563
A37: 2011 | B37: ='Loans Originated'!B45/'Loans Originated'!$G$45 -> 0 | C37: ='Loans Originated'!C45/'Loans Originated'!$G$45 -> 0.27083333 | D37: ='Loans Originated'!D45/'Loans Originated'!$G$45 -> 0.33333333 | E37: ='Loans Originated'!E45/'Loans Originated'!$G$45 -> 0.10416667 | F37: ='Loans Originated'!F45/'Loans Originated'!$G$45 -> 0.29166667
A38: 2012 | B38: ='Loans Originated'!B46/'Loans Originated'!$G$46 -> 0 | C38: ='Loans Originated'!C46/'Loans Originated'!$G$46 -> 0.13461538 | D38: ='Loans Originated'!D46/'Loans Originated'!$G$46 -> 0.36538462 | E38: ='Loans Originated'!E46/'Loans Originated'!$G$46 -> 0.17307692 | F38: ='Loans Originated'!F46/'Loans Originated'!$G$46 -> 0.30769231
A40: Native Hawaiian or Pacific Islander Households | B40: 0-30% MFI | C40: 31-50% MFI | D40: 51-80% MFI | E40: 80-95% MFI | F40: >95% MFI
A41: 2006 | B41: 0 | C41: 0 | D41: 0 | E41: 0 | F41: 0
A42: 2007 | B42: ='Loans Originated'!B52/'Loans Originated'!$G$52 -> 0 | C42: ='Loans Originated'!C52/'Loans Originated'!$G$52 -> 0 | D42: ='Loans Originated'!D52/'Loans Originated'!$G$52 -> 0 | E42: ='Loans Originated'!E52/'Loans Originated'!$G$52 -> 1 | F42: ='Loans Originated'!F52/'Loans Originated'!$G$52 -> 0
A43: 2008 | B43: ='Loans Originated'!B53/'Loans Originated'!$G$53 -> 0 | C43: ='Loans Originated'!C53/'Loans Originated'!$G$53 -> 0 | D43: ='Loans Originated'!D53/'Loans Originated'!$G$53 -> 0.36842105 | E43: ='Loans Originated'!E53/'Loans Originated'!$G$53 -> 0.15789474 | F43: ='Loans Originated'!F53/'Loans Originated'!$G$53 -> 0.47368421
A44: 2009 | B44: ='Loans Originated'!B54/'Loans Originated'!$G$54 -> 0 | C44: ='Loans Originated'!C54/'Loans Originated'!$G$54 -> 0.064516129 | D44: ='Loans Originated'!D54/'Loans Originated'!$G$54 -> 0.4516129 | E44: ='Loans Originated'!E54/'Loans Originated'!$G$54 -> 0.12903226 | F44: ='Loans Originated'!F54/'Loans Originated'!$G$54 -> 0.32258065
A45: 2010 | B45: ='Loans Originated'!B55/'Loans Originated'!$G$55 -> 0 | C45: ='Loans Originated'!C55/'Loans Originated'!$G$55 -> 0.125 | D45: ='Loans Originated'!D55/'Loans Originated'!$G$55 -> 0.375 | E45: ='Loans Originated'!E55/'Loans Originated'!$G$55 -> 0 | F45: ='Loans Originated'!F55/'Loans Originated'!$G$55 -> 0.5
A46: 2011 | B46: ='Loans Originated'!B56/'Loans Originated'!$G$56 -> 0 | C46: ='Loans Originated'!C56/'Loans Originated'!$G$56 -> 0.11764706 | D46: ='Loans Originated'!D56/'Loans Originated'!$G$56 -> 0.35294118 | E46: ='Loans Originated'!E56/'Loans Originated'!$G$56 -> 0.058823529 | F46: ='Loans Originated'!F56/'Loans Originated'!$G$56 -> 0.47058824
A47: 2012 | B47: ='Loans Originated'!B57/'Loans Originated'!$G$57 -> 0 | C47: ='Loans Originated'!C57/'Loans Originated'!$G$57 -> 0.11764706 | D47: ='Loans Originated'!D57/'Loans Originated'!$G$57 -> 0.41176471 | E47: ='Loans Originated'!E57/'Loans Originated'!$G$57 -> 0.23529412 | F47: ='Loans Originated'!F57/'Loans Originated'!$G$57 -> 0.23529412
A49: Whites Households | B49: 0-30% MFI | C49: 31-50% MFI | D49: 51-80% MFI | E49: 80-95% MFI | F49: >95% MFI
A50: 2006 | B50: ='Loans Originated'!B62/'Loans Originated'!$G$62 -> 0 | C50: ='Loans Originated'!C62/'Loans Originated'!$G$62 -> 0.025252525 | D50: ='Loans Originated'!D62/'Loans Originated'!$G$62 -> 0.34343434 | E50: ='Loans Originated'!E62/'Loans Originated'!$G$62 -> 0.22727273 | F50: ='Loans Originated'!F62/'Loans Originated'!$G$62 -> 0.38888889
A51: 2007 | B51: ='Loans Originated'!B63/'Loans Originated'!$G$63 -> 0.0092165899 | C51: ='Loans Originated'!C63/'Loans Originated'!$G$63 -> 0.0092165899 | D51: ='Loans Originated'!D63/'Loans Originated'!$G$63 -> 0.25806452 | E51: ='Loans Originated'!E63/'Loans Originated'!$G$63 -> 0.19815668 | F51: ='Loans Originated'!F63/'Loans Originated'!$G$63 -> 0.52073733
A52: 2008 | B52: ='Loans Originated'!B64/'Loans Originated'!$G$64 -> 0.00078308536 | C52: ='Loans Originated'!C64/'Loans Originated'!$G$64 -> 0.014878622 | D52: ='Loans Originated'!D64/'Loans Originated'!$G$64 -> 0.26389977 | E52: ='Loans Originated'!E64/'Loans Originated'!$G$64 -> 0.19185591 | F52: ='Loans Originated'!F64/'Loans Originated'!$G$64 -> 0.51996868
A53: 2009 | B53: ='Loans Originated'!B65/'Loans Originated'!$G$65 -> 0.0012541806 | C53: ='Loans Originated'!C65/'Loans Originated'!$G$65 -> 0.074414716 | D53: ='Loans Originated'!D65/'Loans Originated'!$G$65 -> 0.36078595 | E53: ='Loans Originated'!E65/'Loans Originated'!$G$65 -> 0.15008361 | F53: ='Loans Originated'!F65/'Loans Originated'!$G$65 -> 0.40426421
A54: 2010 | B54: ='Loans Originated'!B66/'Loans Originated'!$G$66 -> 0.0040871935 | C54: ='Loans Originated'!C66/'Loans Originated'!$G$66 -> 0.090372389 | D54: ='Loans Originated'!D66/'Loans Originated'!$G$66 -> 0.34650318 | E54: ='Loans Originated'!E66/'Loans Originated'!$G$66 -> 0.15803815 | F54: ='Loans Originated'!F66/'Loans Originated'!$G$66 -> 0.38964578
A55: 2011 | B55: ='Loans Originated'!B67/'Loans Originated'!$G$67 -> 0.0083102493 | C55: ='Loans Originated'!C67/'Loans Originated'!$G$67 -> 0.14473684 | D55: ='Loans Originated'!D67/'Loans Originated'!$G$67 -> 0.33795014 | E55: ='Loans Originated'!E67/'Loans Originated'!$G$67 -> 0.13781163 | F55: ='Loans Originated'!F67/'Loans Originated'!$G$67 -> 0.3566482
A56: 2012 | B56: ='Loans Originated'!B67/'Loans Originated'!$G$67 -> 0.0083102493 | C56: ='Loans Originated'!C67/'Loans Originated'!$G$67 -> 0.14473684 | D56: ='Loans Originated'!D67/'Loans Originated'!$G$67 -> 0.33795014 | E56: ='Loans Originated'!E67/'Loans Originated'!$G$67 -> 0.13781163 | F56: ='Loans Originated'!F67/'Loans Originated'!$G$67 -> 0.3566482
A58: Hispanic Households | B58: 0-30% MFI | C58: 31-50% MFI | D58: 51-80% MFI | E58: 80-95% MFI | F58: >95% MFI
A59: 2006 | B59: ='Loans Originated'!B73/'Loans Originated'!$G$73 -> 0 | C59: ='Loans Originated'!C73/'Loans Originated'!$G$73 -> 0.14285714 | D59: ='Loans Originated'!D73/'Loans Originated'!$G$73 -> 0.28571429 | E59: ='Loans Originated'!E73/'Loans Originated'!$G$73 -> 0.21428571 | F59: ='Loans Originated'!F73/'Loans Originated'!$G$73 -> 0.35714286
A60: 2007 | B60: ='Loans Originated'!B74/'Loans Originated'!$G$74 -> 0 | C60: ='Loans Originated'!C74/'Loans Originated'!$G$74 -> 0.045454545 | D60: ='Loans Originated'!D74/'Loans Originated'!$G$74 -> 0.40909091 | E60: ='Loans Originated'!E74/'Loans Originated'!$G$74 -> 0.27272727 | F60: ='Loans Originated'!F74/'Loans Originated'!$G$74 -> 0.27272727
A61: 2008 | B61: ='Loans Originated'!B75/'Loans Originated'!$G$75 -> 0 | C61: ='Loans Originated'!C75/'Loans Originated'!$G$75 -> 0.024590164 | D61: ='Loans Originated'!D75/'Loans Originated'!$G$75 -> 0.30327869 | E61: ='Loans Originated'!E75/'Loans Originated'!$G$75 -> 0.22131148 | F61: ='Loans Originated'!F75/'Loans Originated'!$G$75 -> 0.45081967
A62: 2009 | B62: ='Loans Originated'!B76/'Loans Originated'!$G$76 -> 0 | C62: ='Loans Originated'!C76/'Loans Originated'!$G$76 -> 0.12025316 | D62: ='Loans Originated'!D76/'Loans Originated'!$G$76 -> 0.44936709 | E62: ='Loans Originated'!E76/'Loans Originated'!$G$76 -> 0.12658228 | F62: ='Loans Originated'!F76/'Loans Originated'!$G$76 -> 0.29113924
A63: 2010 | B63: ='Loans Originated'!B77/'Loans Originated'!$G$77 -> 0.011695906 | C63: ='Loans Originated'!C77/'Loans Originated'!$G$77 -> 0.15204678 | D63: ='Loans Originated'!D77/'Loans Originated'!$G$77 -> 0.4619883 | E63: ='Loans Originated'!E77/'Loans Originated'!$G$77 -> 0.11695906 | F63: ='Loans Originated'!F77/'Loans Originated'!$G$77 -> 0.25146199
A64: 2011 | B64: ='Loans Originated'!B78/'Loans Originated'!$G$78 -> 0.03030303 | C64: ='Loans Originated'!C78/'Loans Originated'!$G$78 -> 0.28030303 | D64: ='Loans Originated'!D78/'Loans Originated'!$G$78 -> 0.33333333 | E64: ='Loans Originated'!E78/'Loans Originated'!$G$78 -> 0.098484848 | F64: ='Loans Originated'!F78/'Loans Originated'!$G$78 -> 0.24242424
A65: 2012 | B65: ='Loans Originated'!B78/'Loans Originated'!$G$78 -> 0.03030303 | C65: ='Loans Originated'!C79/'Loans Originated'!$G$78 -> 0.29545455 | D65: ='Loans Originated'!D79/'Loans Originated'!$G$78 -> 0.40909091 | E65: ='Loans Originated'!E79/'Loans Originated'!$G$78 -> 0.11363636 | F65: ='Loans Originated'!F79/'Loans Originated'!$G$78 -> 0.18181818
A67: Source: HMDA (LAR)
A68: Note: Data reported here is for Multnomah County. These are Federal Housing Administration loans for the purpose of purchasing a home. The loans are for homes that are meant for a primary occupancy of the owner. These are all represented for FH loans. For ethnic and racial breakout, these are loans originated by households where either the applicant or co-applicant are representative of that group.
