Workbook

Sheet Data
B1: Year | C1: Program | D1: Priority Campus | E1: Program Completers | F1: Respondents | G1: Respondents Employed, Related To Training | H1: Median Hourly Wage of Emp., Related To Training | I1: Respondents Employed, Unrelated To Training | J1: Total Employed | K1: Unemployed, Seeking Employment | L1: Unemployed, Not Seeking Employment | M1: Military Full-time | N1: Military Part-Time | O1: Total in Military | P1: Continuing Education (Secondary or Post-Secondary) | Q1: Apprenticeship related to FRCC training | R1: Apprenticeship unrelated to FRCC training | S1: Total in Apprenticeships | T1: Took State Licensing Exam | U1: Passed State Licensing Exam | V1: Instructional Program Met Educational Goals
A2: =C2=C34 -> TRUE | B2: 2013 | C2: Accounting | D2: Boulder County Campus | E2: 7 | F2: 5 | G2: 4 | I2: 0 | J2: 4 | K2: 0 | L2: 1 | M2: 0 | N2: 0 | O2: 0 | P2: 0 | Q2: 0 | R2: 0 | S2: 0 | T2: 0 | U2: 0 | V2: 5 | X2: =T2-F2 -> -5 | Y2: =U2-T2 -> 0
A3: =C3=C35 -> TRUE | B3: 2013 | C3: Accounting | D3: Larimer Campus | E3: 13 | F3: 9 | G3: 3 | I3: 2 | J3: 5 | K3: 0 | L3: 4 | M3: 0 | N3: 0 | O3: 0 | P3: 8 | Q3: 2 | R3: 1 | S3: 3 | T3: 0 | U3: 0 | V3: 9 | X3: =T3-F3 -> -9 | Y3: =U3-T3 -> 0
A4: =C4=C36 -> TRUE | B4: 2013 | C4: Accounting | D4: Online Campus | E4: 36 | F4: 16 | G4: 3 | I4: 5 | J4: 8 | K4: 2 | L4: 2 | M4: 0 | N4: 0 | O4: 0 | P4: 6 | Q4: 1 | R4: 0 | S4: 1 | T4: 0 | U4: 0 | V4: 9 | X4: =T4-F4 -> -16 | Y4: =U4-T4 -> 0
A5: =C5=C37 -> TRUE | B5: 2013 | C5: Accounting | D5: Westminster Campus | E5: 6 | F5: 4 | X5: =T5-F5 -> -4 | Y5: =U5-T5 -> 0
A6: =C6=C38 -> TRUE | B6: 2013 | C6: Automotive Technology | D6: Boulder County Campus | X6: =T6-F6 -> 0 | Y6: =U6-T6 -> 0
A7: =C7=C39 -> TRUE | B7: 2013 | C7: Automotive Technology | D7: Larimer Campus | E7: 32 | F7: 10 | G7: 5 | H7: 14.72 | I7: 2 | J7: 7 | K7: 1 | L7: 2 | M7: 0 | N7: 0 | O7: 0 | P7: 4 | Q7: 0 | R7: 0 | S7: 0 | T7: 2 | U7: 2 | V7: 10 | X7: =T7-F7 -> -8 | Y7: =U7-T7 -> 0
A8: =C8=C40 -> TRUE | B8: 2013 | C8: Automotive Technology | D8: Online Campus | X8: =T8-F8 -> 0 | Y8: =U8-T8 -> 0
A9: =C9=C41 -> TRUE | B9: 2013 | C9: Automotive Technology | D9: Westminster Campus | E9: 77 | F9: 33 | G9: 14 | H9: 12 | I9: 10 | J9: 24 | K9: 5 | L9: 3 | M9: 1 | N9: 0 | O9: 1 | P9: 16 | Q9: 3 | R9: 1 | S9: 4 | T9: 8 | U9: 8 | V9: 32 | X9: =T9-F9 -> -25 | Y9: =U9-T9 -> 0
A10: =C10=C42 -> TRUE | B10: 2013 | C10: Business | D10: Boulder County Campus | E10: 9 | F10: 6 | G10: 2 | I10: 3 | J10: 5 | K10: 0 | L10: 1 | M10: 0 | N10: 1 | O10: 1 | P10: 3 | Q10: 2 | R10: 0 | S10: 2 | T10: 2 | U10: 2 | V10: 6 | X10: =T10-F10 -> -4 | Y10: =U10-T10 -> 0
A11: =C11=C43 -> TRUE | B11: 2013 | C11: Business | D11: Larimer Campus | E11: 28 | F11: 19 | G11: 14 | H11: 14.75 | I11: 5 | J11: 19 | K11: 0 | L11: 0 | M11: 0 | N11: 0 | O11: 0 | P11: 12 | Q11: 2 | R11: 1 | S11: 3 | T11: 3 | U11: 3 | V11: 18 | X11: =T11-F11 -> -16 | Y11: =U11-T11 -> 0
A12: =C12=C44 -> TRUE | B12: 2013 | C12: Business | D12: Online Campus | E12: 55 | F12: 26 | G12: 13 | H12: 16 | I12: 7 | J12: 20 | K12: 3 | L12: 2 | M12: 0 | N12: 0 | O12: 0 | P12: 14 | Q12: 0 | R12: 1 | S12: 1 | T12: 2 | U12: 2 | V12: 25 | X12: =T12-F12 -> -24 | Y12: =U12-T12 -> 0
A13: =C13=C45 -> TRUE | B13: 2013 | C13: Business | D13: Westminster Campus | E13: 16 | F13: 10 | G13: 3 | I13: 1 | J13: 4 | K13: 5 | L13: 1 | M13: 0 | N13: 0 | O13: 0 | P13: 8 | Q13: 3 | R13: 1 | S13: 4 | T13: 1 | U13: 1 | V13: 8 | X13: =T13-F13 -> -9 | Y13: =U13-T13 -> 0
A14: =C14=C46 -> TRUE | B14: 2013 | C14: Computer Information Systems | D14: Boulder County Campus | E14: 31 | F14: 24 | G14: 6 | H14: 13 | I14: 10 | J14: 16 | K14: 5 | L14: 3 | M14: 0 | N14: 0 | O14: 0 | P14: 15 | Q14: 3 | R14: 1 | S14: 4 | T14: 3 | U14: 3 | V14: 18 | X14: =T14-F14 -> -21 | Y14: =U14-T14 -> 0
A15: =C15=C47 -> TRUE | B15: 2013 | C15: Computer Information Systems | D15: Larimer Campus | E15: 53 | F15: 38 | G15: 14 | H15: 17 | I15: 8 | J15: 22 | K15: 5 | L15: 11 | M15: 0 | N15: 0 | O15: 0 | P15: 24 | Q15: 1 | R15: 1 | S15: 2 | T15: 13 | U15: 11 | V15: 36 | X15: =T15-F15 -> -25 | Y15: =U15-T15 -> -2
A16: =C16=C48 -> TRUE | B16: 2013 | C16: Computer Information Systems | D16: Online Campus | E16: 55 | F16: 33 | G16: 17 | H16: 22.41 | I16: 7 | J16: 24 | K16: 8 | L16: 1 | M16: 0 | N16: 0 | O16: 0 | P16: 11 | Q16: 4 | R16: 0 | S16: 4 | T16: 3 | U16: 3 | V16: 29 | X16: =T16-F16 -> -30 | Y16: =U16-T16 -> 0
A17: =C17=C49 -> TRUE | B17: 2013 | C17: Computer Information Systems | D17: Westminster Campus | E17: 30 | F17: 17 | G17: 2 | I17: 5 | J17: 7 | K17: 7 | L17: 3 | M17: 0 | N17: 0 | O17: 0 | P17: 11 | Q17: 0 | R17: 2 | S17: 2 | T17: 4 | U17: 3 | V17: 13 | X17: =T17-F17 -> -13 | Y17: =U17-T17 -> -1
A18: =C18=C50 -> TRUE | B18: 2013 | C18: Emergency Medical Services | D18: Boulder County Campus | E18: 91 | F18: 47 | G18: 10 | H18: 12.43 | I18: 19 | J18: 29 | K18: 10 | L18: 8 | M18: 1 | N18: 1 | O18: 2 | P18: 27 | Q18: 16 | R18: 5 | S18: 21 | T18: 38 | U18: 34 | V18: 46 | X18: =T18-F18 -> -9 | Y18: =U18-T18 -> -4
A19: =C19=C51 -> TRUE | B19: 2013 | C19: Emergency Medical Services | D19: Larimer Campus | E19: 140 | F19: 66 | G19: 28 | H19: 14 | I19: 24 | J19: 52 | K19: 7 | L19: 7 | M19: 1 | N19: 1 | O19: 2 | P19: 36 | Q19: 19 | R19: 2 | S19: 21 | T19: 56 | U19: 53 | V19: 66 | X19: =T19-F19 -> -10 | Y19: =U19-T19 -> -3
A20: =C20=C52 -> TRUE | B20: 2013 | C20: Emergency Medical Services | D20: Online Campus | E20: 21 | F20: 13 | G20: 5 | H20: 13 | I20: 4 | J20: 9 | K20: 0 | L20: 0 | M20: 0 | N20: 0 | O20: 0 | P20: 6 | Q20: 2 | R20: 1 | S20: 3 | T20: 7 | U20: 7 | V20: 8 | X20: =T20-F20 -> -6 | Y20: =U20-T20 -> 0
A21: =C21=C53 -> TRUE | B21: 2013 | C21: Emergency Medical Services | D21: Westminster Campus | E21: 73 | F21: 26 | G21: 11 | H21: 12 | I21: 9 | J21: 20 | K21: 1 | L21: 3 | M21: 1 | N21: 0 | O21: 1 | P21: 14 | Q21: 6 | R21: 1 | S21: 7 | T21: 23 | U21: 23 | V21: 24 | X21: =T21-F21 -> -3 | Y21: =U21-T21 -> 0
A22: =C22=C54 -> TRUE | B22: 2013 | C22: Nurse Aide | D22: Boulder County Campus | E22: 66 | F22: 42 | G22: 16 | H22: 11.75 | I22: 12 | J22: 28 | K22: 7 | L22: 7 | M22: 0 | N22: 1 | O22: 1 | P22: 28 | Q22: 7 | R22: 3 | S22: 10 | T22: 33 | U22: 33 | V22: 41 | X22: =T22-F22 -> -9 | Y22: =U22-T22 -> 0
A23: =C23=C55 -> TRUE | B23: 2013 | C23: Nurse Aide | D23: Larimer Campus | E23: 154 | F23: 96 | G23: 49 | H23: 10.5 | I23: 29 | J23: 78 | K23: 6 | L23: 12 | M23: 0 | N23: 1 | O23: 1 | P23: 67 | Q23: 4 | R23: 17 | S23: 21 | T23: 87 | U23: 86 | V23: 95 | X23: =T23-F23 -> -9 | Y23: =U23-T23 -> -1
A24: =C24=C56 -> TRUE | B24: 2013 | C24: Nurse Aide | D24: Online Campus | E24: 67 | F24: 27 | G24: 8 | H24: 11 | I24: 9 | J24: 17 | K24: 2 | L24: 7 | M24: 0 | N24: 0 | O24: 0 | P24: 20 | Q24: 3 | R24: 0 | S24: 3 | T24: 20 | U24: 20 | V24: 25 | X24: =T24-F24 -> -7 | Y24: =U24-T24 -> 0
A25: =C25=C57 -> TRUE | B25: 2013 | C25: Nurse Aide | D25: Westminster Campus | E25: 135 | F25: 67 | G25: 24 | H25: 12 | I25: 28 | J25: 52 | K25: 7 | L25: 6 | M25: 0 | N25: 0 | O25: 0 | P25: 43 | Q25: 3 | R25: 7 | S25: 10 | T25: 50 | U25: 49 | V25: 61 | X25: =T25-F25 -> -17 | Y25: =U25-T25 -> -1
A26: =C26=C58 -> TRUE | B26: 2013 | C26: Practical Nursing | D26: Boulder County Campus | E26: 19 | F26: 10 | G26: 8 | H26: 19 | I26: 2 | J26: 10 | K26: 0 | L26: 0 | M26: 0 | N26: 0 | O26: 0 | P26: 4 | Q26: 0 | R26: 1 | S26: 1 | T26: 9 | U26: 9 | V26: 9 | X26: =T26-F26 -> -1 | Y26: =U26-T26 -> 0
A27: =C27=C59 -> TRUE | B27: 2013 | C27: Practical Nursing | D27: Larimer Campus | E27: 8 | F27: 6 | G27: 6 | H27: 25 | I27: 0 | J27: 6 | K27: 0 | L27: 0 | M27: 0 | N27: 0 | O27: 0 | P27: 3 | Q27: 0 | R27: 0 | S27: 0 | T27: 6 | U27: 6 | V27: 6 | X27: =T27-F27 -> 0 | Y27: =U27-T27 -> 0
A28: =C28=C60 -> TRUE | B28: 2013 | C28: Practical Nursing | D28: Online Campus | E28: 10 | F28: 6 | G28: 0 | I28: 0 | J28: 0 | K28: 0 | L28: 0 | M28: 0 | N28: 0 | O28: 0 | P28: 0 | Q28: 0 | R28: 0 | S28: 0 | T28: 0 | U28: 0 | V28: 0 | X28: =T28-F28 -> -6 | Y28: =U28-T28 -> 0
A29: =C29=C61 -> TRUE | B29: 2013 | C29: Practical Nursing | D29: Westminster Campus | E29: 10 | F29: 2 | X29: =T29-F29 -> -2 | Y29: =U29-T29 -> 0
A30: =C30=C62 -> TRUE | B30: 2013 | C30: Registered Nursing | D30: Boulder County Campus | E30: 18 | F30: 11 | G30: 10 | H30: 25.5 | I30: 0 | J30: 10 | K30: 1 | L30: 0 | M30: 0 | N30: 0 | O30: 0 | P30: 2 | Q30: 3 | R30: 1 | S30: 4 | T30: 11 | U30: 11 | V30: 10 | X30: =T30-F30 -> 0 | Y30: =U30-T30 -> 0
A31: =C31=C63 -> TRUE | B31: 2013 | C31: Registered Nursing | D31: Larimer Campus | E31: 64 | F31: 59 | G31: 52 | H31: 24.595 | I31: 5 | J31: 57 | K31: 0 | L31: 2 | M31: 0 | N31: 0 | O31: 0 | P31: 20 | Q31: 8 | R31: 4 | S31: 12 | T31: 59 | U31: 59 | V31: 59 | X31: =T31-F31 -> 0 | Y31: =U31-T31 -> 0
A32: =C32=C64 -> TRUE | B32: 2013 | C32: Registered Nursing | D32: Online Campus | E32: 2 | F32: 1 | X32: =T32-F32 -> -1 | Y32: =U32-T32 -> 0
A33: =C33=C65 -> TRUE | B33: 2013 | C33: Registered Nursing | D33: Westminster Campus | E33: 83 | F33: 38 | G33: 31 | I33: 3 | J33: 34 | K33: 1 | L33: 3 | M33: 0 | N33: 0 | O33: 0 | P33: 22 | Q33: 5 | R33: 1 | S33: 6 | T33: 38 | U33: 36 | V33: 37 | X33: =T33-F33 -> 0 | Y33: =U33-T33 -> -2
A34: =C34=C66 -> TRUE | B34: 2012 | C34: Accounting | D34: Boulder County Campus | E34: 12 | F34: 10 | G34: 4 | I34: 1 | J34: 5 | K34: 3 | L34: 2 | O34: 0 | P34: 4 | Q34: 1 | S34: 1 | T34: 2 | U34: 2 | V34: 8 | X34: =T34-F34 -> -8 | Y34: =U34-T34 -> 0
A35: =C35=C67 -> TRUE | B35: 2012 | C35: Accounting | D35: Larimer Campus | E35: 12 | F35: 12 | G35: 3 | I35: 8 | J35: 11 | L35: 1 | O35: 0 | P35: 2 | S35: 0 | T35: 1 | U35: 1 | V35: 12 | X35: =T35-F35 -> -11 | Y35: =U35-T35 -> 0
A36: =C36=C68 -> TRUE | B36: 2012 | C36: Accounting | D36: Online Campus | E36: 55 | F36: 40 | G36: 20 | H36: 18.2 | I36: 13 | J36: 33 | K36: 5 | L36: 2 | O36: 0 | P36: 17 | Q36: 2 | R36: 1 | S36: 3 | T36: 5 | U36: 5 | V36: 38 | X36: =T36-F36 -> -35 | Y36: =U36-T36 -> 0
A37: =C37=C69 -> TRUE | B37: 2012 | C37: Accounting | D37: Westminster Campus | E37: 9 | F37: 5 | G37: 1 | I37: 1 | J37: 2 | K37: 2 | L37: 1 | O37: 0 | P37: 3 | S37: 0 | V37: 3 | X37: =T37-F37 -> -5 | Y37: =U37-T37 -> 0
A38: =C38=C70 -> TRUE | B38: 2012 | C38: Automotive Technology | D38: Boulder County Campus | X38: =T38-F38 -> 0 | Y38: =U38-T38 -> 0
A39: =C39=C71 -> TRUE | B39: 2012 | C39: Automotive Technology | D39: Larimer Campus | E39: 48 | F39: 27 | G39: 16 | I39: 5 | J39: 21 | K39: 2 | L39: 4 | O39: 0 | P39: 6 | R39: 2 | S39: 2 | T39: 12 | U39: 12 | V39: 27 | X39: =T39-F39 -> -15 | Y39: =U39-T39 -> 0
A40: =C40=C72 -> TRUE | B40: 2012 | C40: Automotive Technology | D40: Online Campus | E40: 2 | F40: 2 | X40: =T40-F40 -> -2 | Y40: =U40-T40 -> 0
A41: =C41=C73 -> TRUE | B41: 2012 | C41: Automotive Technology | D41: Westminster Campus | E41: 87 | F41: 50 | G41: 28 | H41: 15.865 | I41: 12 | J41: 40 | K41: 7 | L41: 3 | M41: 0 | N41: 1 | O41: 1 | P41: 16 | Q41: 2 | R41: 3 | S41: 5 | T41: 33 | U41: 30 | V41: 48 | X41: =T41-F41 -> -17 | Y41: =U41-T41 -> -3
A42: =C42=C74 -> TRUE | B42: 2012 | C42: Business | D42: Boulder County Campus | E42: 2 | F42: 2 | X42: =T42-F42 -> -2 | Y42: =U42-T42 -> 0
A43: =C43=C75 -> TRUE | B43: 2012 | C43: Business | D43: Larimer Campus | E43: 21 | F43: 18 | G43: 8 | H43: 12 | I43: 5 | J43: 13 | K43: 3 | L43: 2 | N43: 1 | O43: 1 | P43: 11 | Q43: 5 | S43: 5 | T43: 2 | U43: 2 | V43: 18 | X43: =T43-F43 -> -16 | Y43: =U43-T43 -> 0
A44: =C44=C76 -> TRUE | B44: 2012 | C44: Business | D44: Online Campus | E44: 32 | F44: 29 | G44: 15 | H44: 13.5 | I44: 6 | J44: 21 | K44: 5 | L44: 2 | O44: 0 | P44: 6 | S44: 0 | T44: 12 | U44: 12 | V44: 28 | X44: =T44-F44 -> -17 | Y44: =U44-T44 -> 0
A45: =C45=C77 -> TRUE | B45: 2012 | C45: Business | D45: Westminster Campus | E45: 10 | F45: 6 | G45: 1 | I45: 4 | J45: 5 | K45: 1 | O45: 0 | P45: 3 | S45: 0 | T45: 1 | U45: 1 | V45: 5 | X45: =T45-F45 -> -5 | Y45: =U45-T45 -> 0
A46: =C46=C78 -> TRUE | B46: 2012 | C46: Computer Information Systems | D46: Boulder County Campus | E46: 12 | F46: 10 | G46: 3 | I46: 5 | J46: 8 | K46: 2 | O46: 0 | P46: 7 | Q46: 1 | S46: 1 | V46: 10 | X46: =T46-F46 -> -10 | Y46: =U46-T46 -> 0
A47: =C47=C79 -> TRUE | B47: 2012 | C47: Computer Information Systems | D47: Larimer Campus | E47: 36 | F47: 32 | G47: 18 | H47: 15 | I47: 10 | J47: 28 | K47: 3 | L47: 1 | O47: 0 | P47: 18 | Q47: 5 | S47: 5 | T47: 8 | U47: 6 | V47: 26 | X47: =T47-F47 -> -24 | Y47: =U47-T47 -> -2
A48: =C48=C80 -> TRUE | B48: 2012 | C48: Computer Information Systems | D48: Online Campus | E48: 33 | F48: 18 | G48: 11 | H48: 13.8 | I48: 4 | J48: 15 | K48: 2 | L48: 1 | O48: 0 | P48: 8 | S48: 0 | V48: 16 | X48: =T48-F48 -> -18 | Y48: =U48-T48 -> 0
A49: =C49=C81 -> TRUE | B49: 2012 | C49: Computer Information Systems | D49: Westminster Campus | E49: 39 | F49: 22 | G49: 8 | H49: 11.135 | I49: 6 | J49: 14 | K49: 6 | L49: 2 | M49: 1 | O49: 1 | P49: 15 | Q49: 4 | R49: 1 | S49: 5 | T49: 3 | U49: 3 | V49: 21 | X49: =T49-F49 -> -19 | Y49: =U49-T49 -> 0
A50: =C50=C82 -> TRUE | B50: 2012 | C50: Emergency Medical Services | D50: Boulder County Campus | E50: 116 | F50: 65 | G50: 28 | H50: 13 | I50: 22 | J50: 50 | K50: 5 | L50: 9 | M50: 1 | N50: 1 | O50: 2 | P50: 29 | Q50: 22 | R50: 7 | S50: 29 | T50: 59 | U50: 58 | V50: 64 | X50: =T50-F50 -> -6 | Y50: =U50-T50 -> -1
A51: =C51=C83 -> TRUE | B51: 2012 | C51: Emergency Medical Services | D51: Larimer Campus | E51: 149 | F51: 100 | G51: 30 | H51: 12.88 | I51: 58 | J51: 88 | K51: 7 | L51: 5 | M51: 2 | N51: 2 | O51: 4 | P51: 53 | Q51: 40 | R51: 4 | S51: 44 | T51: 87 | U51: 83 | V51: 97 | X51: =T51-F51 -> -13 | Y51: =U51-T51 -> -4
A52: =C52=C84 -> TRUE | B52: 2012 | C52: Emergency Medical Services | D52: Online Campus | X52: =T52-F52 -> 0 | Y52: =U52-T52 -> 0
A53: =C53=C85 -> TRUE | B53: 2012 | C53: Emergency Medical Services | D53: Westminster Campus | E53: 98 | F53: 50 | G53: 14 | H53: 11 | I53: 22 | J53: 36 | K53: 8 | L53: 6 | N53: 1 | O53: 1 | P53: 30 | Q53: 21 | R53: 2 | S53: 23 | T53: 49 | U53: 46 | V53: 48 | X53: =T53-F53 -> -1 | Y53: =U53-T53 -> -3
A54: =C54=C86 -> TRUE | B54: 2012 | C54: Nurse Aide | D54: Boulder County Campus | E54: 80 | F54: 54 | G54: 30 | H54: 12 | I54: 17 | J54: 47 | K54: 3 | L54: 4 | N54: 1 | O54: 1 | P54: 32 | Q54: 5 | R54: 3 | S54: 8 | T54: 49 | U54: 48 | V54: 54 | X54: =T54-F54 -> -5 | Y54: =U54-T54 -> -1
A55: =C55=C87 -> TRUE | B55: 2012 | C55: Nurse Aide | D55: Larimer Campus | E55: 251 | F55: 143 | G55: 54 | H55: 11 | I55: 43 | J55: 97 | K55: 10 | L55: 35 | N55: 3 | O55: 3 | P55: 95 | Q55: 8 | R55: 10 | S55: 18 | T55: 126 | U55: 126 | V55: 139 | X55: =T55-F55 -> -17 | Y55: =U55-T55 -> 0
A56: =C56=C88 -> TRUE | B56: 2012 | C56: Nurse Aide | D56: Online Campus | E56: 22 | F56: 13 | G56: 2 | I56: 9 | J56: 11 | K56: 1 | O56: 0 | P56: 11 | S56: 0 | T56: 9 | U56: 9 | V56: 11 | X56: =T56-F56 -> -4 | Y56: =U56-T56 -> 0
A57: =C57=C89 -> TRUE | B57: 2012 | C57: Nurse Aide | D57: Westminster Campus | E57: 191 | F57: 112 | G57: 39 | H57: 11.625 | I57: 37 | J57: 76 | K57: 16 | L57: 20 | M57: 0 | N57: 0 | O57: 0 | P57: 87 | Q57: 8 | R57: 4 | S57: 12 | T57: 97 | U57: 95 | V57: 110 | X57: =T57-F57 -> -15 | Y57: =U57-T57 -> -2
A58: =C58=C90 -> TRUE | B58: 2012 | C58: Practical Nursing | D58: Boulder County Campus | E58: 38 | F58: 22 | G58: 15 | H58: 18 | I58: 4 | J58: 19 | K58: 1 | L58: 2 | O58: 0 | P58: 8 | S58: 0 | T58: 19 | U58: 17 | V58: 17 | X58: =T58-F58 -> -3 | Y58: =U58-T58 -> -2
A59: =C59=C91 -> TRUE | B59: 2012 | C59: Practical Nursing | D59: Larimer Campus | E59: 14 | F59: 10 | G59: 10 | H59: 24.6 | J59: 10 | O59: 0 | P59: 5 | R59: 1 | S59: 1 | T59: 10 | U59: 10 | V59: 10 | X59: =T59-F59 -> 0 | Y59: =U59-T59 -> 0
A60: =C60=C92 -> TRUE | B60: 2012 | C60: Practical Nursing | D60: Online Campus | X60: =T60-F60 -> 0 | Y60: =U60-T60 -> 0
A61: =C61=C93 -> TRUE | B61: 2012 | C61: Practical Nursing | D61: Westminster Campus | E61: 11 | F61: 10 | G61: 9 | J61: 9 | L61: 1 | O61: 0 | P61: 3 | Q61: 2 | S61: 2 | T61: 9 | U61: 9 | V61: 9 | X61: =T61-F61 -> -1 | Y61: =U61-T61 -> 0
A62: =C62=C94 -> TRUE | B62: 2012 | C62: Registered Nursing | D62: Boulder County Campus | E62: 20 | F62: 13 | G62: 11 | H62: 25.455 | I62: 1 | J62: 12 | K62: 1 | O62: 0 | P62: 2 | Q62: 1 | S62: 1 | T62: 13 | U62: 13 | V62: 13 | X62: =T62-F62 -> 0 | Y62: =U62-T62 -> 0
A63: =C63=C95 -> TRUE | B63: 2012 | C63: Registered Nursing | D63: Larimer Campus | E63: 75 | F63: 63 | G63: 57 | H63: 23.875 | I63: 3 | J63: 60 | L63: 2 | O63: 0 | P63: 17 | Q63: 4 | R63: 2 | S63: 6 | T63: 61 | U63: 61 | V63: 61 | X63: =T63-F63 -> -2 | Y63: =U63-T63 -> 0
A64: =C64=C96 -> TRUE | B64: 2012 | C64: Registered Nursing | D64: Online Campus | X64: =T64-F64 -> 0 | Y64: =U64-T64 -> 0
A65: =C65=C97 -> TRUE | B65: 2012 | C65: Registered Nursing | D65: Westminster Campus | E65: 81 | F65: 71 | G65: 58 | H65: 25 | I65: 8 | J65: 66 | K65: 2 | L65: 3 | O65: 0 | P65: 23 | Q65: 7 | R65: 1 | S65: 8 | T65: 70 | U65: 70 | V65: 68 | X65: =T65-F65 -> -1 | Y65: =U65-T65 -> 0
A66: =C66=C98 -> TRUE | B66: 2011 | C66: Accounting | D66: Boulder County Campus | E66: 11 | F66: 9 | G66: 4 | I66: 1 | J66: 5 | K66: 2 | L66: 1 | O66: 0 | P66: 2 | Q66: 1 | S66: 1 | V66: 7 | X66: =T66-F66 -> -9 | Y66: =U66-T66 -> 0
A67: =C67=C99 -> TRUE | B67: 2011 | C67: Accounting | D67: Larimer Campus | E67: 20 | F67: 15 | G67: 10 | H67: 13 | I67: 2 | J67: 12 | K67: 0 | L67: 3 | O67: 0 | P67: 4 | Q67: 1 | S67: 1 | T67: 2 | U67: 1 | V67: 13 | X67: =T67-F67 -> -13 | Y67: =U67-T67 -> -1
A68: =C68=C100 -> TRUE | B68: 2011 | C68: Accounting | D68: Online Campus | E68: 32 | F68: 23 | G68: 6 | H68: 18 | I68: 9 | J68: 15 | K68: 5 | L68: 3 | M68: 0 | N68: 0 | O68: 0 | P68: 8 | Q68: 0 | R68: 0 | S68: 0 | T68: 0 | U68: 0 | V68: 22 | X68: =T68-F68 -> -23 | Y68: =U68-T68 -> 0
A69: =C69=C101 -> TRUE | B69: 2011 | C69: Accounting | D69: Westminster Campus | E69: 3 | F69: 2 | X69: =T69-F69 -> -2 | Y69: =U69-T69 -> 0
A70: =C70=C102 -> TRUE | B70: 2011 | C70: Automotive Technology | D70: Boulder County Campus | X70: =T70-F70 -> 0 | Y70: =U70-T70 -> 0
A71: =C71=C103 -> TRUE | B71: 2011 | C71: Automotive Technology | D71: Larimer Campus | E71: 45 | F71: 38 | G71: 26 | H71: 11.13 | I71: 5 | J71: 31 | K71: 4 | L71: 3 | O71: 0 | P71: 23 | Q71: 2 | R71: 1 | S71: 3 | T71: 9 | U71: 9 | V71: 37 | X71: =T71-F71 -> -29 | Y71: =U71-T71 -> 0
A72: =C72=C104 -> TRUE | B72: 2011 | C72: Automotive Technology | D72: Online Campus | E72: 3 | F72: 1 | X72: =T72-F72 -> -1 | Y72: =U72-T72 -> 0
A73: =C73=C105 -> TRUE | B73: 2011 | C73: Automotive Technology | D73: Westminster Campus | E73: 56 | F73: 21 | G73: 8 | H73: 10.13 | I73: 6 | J73: 14 | K73: 5 | L73: 2 | M73: 1 | O73: 1 | P73: 14 | Q73: 0 | R73: 1 | S73: 1 | T73: 4 | U73: 4 | V73: 21 | X73: =T73-F73 -> -17 | Y73: =U73-T73 -> 0
A74: =C74=C106 -> TRUE | B74: 2011 | C74: Business | D74: Boulder County Campus | E74: 22 | F74: 13 | G74: 7 | H74: 15 | I74: 3 | J74: 10 | K74: 1 | L74: 2 | O74: 0 | P74: 6 | Q74: 1 | S74: 1 | V74: 13 | X74: =T74-F74 -> -13 | Y74: =U74-T74 -> 0
A75: =C75=C107 -> TRUE | B75: 2011 | C75: Business | D75: Larimer Campus | E75: 32 | F75: 15 | G75: 8 | H75: 15 | I75: 6 | J75: 14 | K75: 0 | L75: 1 | O75: 0 | P75: 7 | Q75: 3 | S75: 3 | T75: 1 | U75: 1 | V75: 13 | X75: =T75-F75 -> -14 | Y75: =U75-T75 -> 0
A76: =C76=C108 -> TRUE | B76: 2011 | C76: Business | D76: Online Campus | E76: 66 | F76: 37 | G76: 12 | H76: 18 | I76: 8 | J76: 20 | K76: 7 | L76: 10 | M76: 0 | N76: 0 | O76: 0 | P76: 14 | Q76: 2 | R76: 5 | S76: 7 | T76: 5 | U76: 3 | V76: 21 | X76: =T76-F76 -> -32 | Y76: =U76-T76 -> -2
A77: =C77=C109 -> TRUE | B77: 2011 | C77: Business | D77: Westminster Campus | E77: 36 | F77: 20 | G77: 4 | I77: 2 | J77: 6 | K77: 4 | L77: 10 | O77: 0 | P77: 9 | Q77: 0 | R77: 2 | S77: 2 | T77: 6 | U77: 6 | V77: 11 | X77: =T77-F77 -> -14 | Y77: =U77-T77 -> 0
A78: =C78=C110 -> TRUE | B78: 2011 | C78: Computer Information Systems | D78: Boulder County Campus | E78: 17 | F78: 9 | G78: 6 | H78: 15.38 | I78: 1 | J78: 7 | K78: 1 | L78: 1 | O78: 0 | P78: 6 | Q78: 4 | S78: 4 | T78: 5 | U78: 5 | V78: 9 | X78: =T78-F78 -> -4 | Y78: =U78-T78 -> 0
A79: =C79=C111 -> TRUE | B79: 2011 | C79: Computer Information Systems | D79: Larimer Campus | E79: 18 | F79: 14 | G79: 7 | H79: 15.38 | I79: 6 | J79: 13 | K79: 0 | L79: 1 | O79: 0 | P79: 4 | Q79: 1 | R79: 1 | S79: 2 | T79: 2 | U79: 2 | V79: 9 | X79: =T79-F79 -> -12 | Y79: =U79-T79 -> 0
A80: =C80=C112 -> TRUE | B80: 2011 | C80: Computer Information Systems | D80: Online Campus | E80: 21 | F80: 12 | G80: 5 | H80: 20 | I80: 2 | J80: 7 | K80: 0 | L80: 1 | M80: 0 | N80: 0 | O80: 0 | P80: 3 | Q80: 0 | R80: 0 | S80: 0 | T80: 0 | U80: 0 | V80: 7 | X80: =T80-F80 -> -12 | Y80: =U80-T80 -> 0
A81: =C81=C113 -> TRUE | B81: 2011 | C81: Computer Information Systems | D81: Westminster Campus | E81: 28 | F81: 13 | G81: 4 | I81: 3 | J81: 7 | K81: 5 | L81: 1 | O81: 0 | P81: 7 | Q81: 0 | R81: 1 | S81: 1 | T81: 1 | U81: 1 | V81: 11 | X81: =T81-F81 -> -12 | Y81: =U81-T81 -> 0
A82: =C82=C114 -> TRUE | B82: 2011 | C82: Emergency Medical Services | D82: Boulder County Campus | E82: 101 | F82: 67 | G82: 21 | H82: 12 | I82: 29 | J82: 50 | K82: 10 | L82: 7 | O82: 0 | P82: 36 | Q82: 22 | R82: 3 | S82: 25 | T82: 57 | U82: 57 | V82: 64 | X82: =T82-F82 -> -10 | Y82: =U82-T82 -> 0
A83: =C83=C115 -> TRUE | B83: 2011 | C83: Emergency Medical Services | D83: Larimer Campus | E83: 186 | F83: 67 | G83: 21 | H83: 13 | I83: 36 | J83: 57 | K83: 6 | L83: 4 | M83: 1 | N83: 2 | O83: 3 | P83: 37 | Q83: 31 | R83: 8 | S83: 39 | T83: 58 | U83: 56 | V83: 64 | X83: =T83-F83 -> -9 | Y83: =U83-T83 -> -2
A84: =C84=C116 -> TRUE | B84: 2011 | C84: Emergency Medical Services | D84: Online Campus | E84: 6 | F84: 0 | X84: =T84-F84 -> 0 | Y84: =U84-T84 -> 0
A85: =C85=C117 -> TRUE | B85: 2011 | C85: Emergency Medical Services | D85: Westminster Campus | E85: 102 | F85: 51 | G85: 10 | H85: 12 | I85: 26 | J85: 36 | K85: 9 | L85: 6 | M85: 1 | N85: 5 | O85: 6 | P85: 34 | Q85: 10 | R85: 3 | S85: 13 | T85: 45 | U85: 44 | V85: 47 | X85: =T85-F85 -> -6 | Y85: =U85-T85 -> -1
A86: =C86=C118 -> TRUE | B86: 2011 | C86: Nurse Aide | D86: Boulder County Campus | E86: 94 | F86: 53 | G86: 30 | H86: 12.28 | I86: 11 | J86: 41 | K86: 4 | L86: 8 | M86: 1 | O86: 1 | P86: 35 | Q86: 9 | R86: 4 | S86: 13 | T86: 43 | U86: 43 | V86: 50 | X86: =T86-F86 -> -10 | Y86: =U86-T86 -> 0
A87: =C87=C119 -> TRUE | B87: 2011 | C87: Nurse Aide | D87: Larimer Campus | E87: 244 | F87: 114 | G87: 50 | H87: 12.28 | I87: 37 | J87: 87 | K87: 7 | L87: 18 | O87: 0 | P87: 71 | Q87: 6 | R87: 2 | S87: 8 | T87: 104 | U87: 103 | V87: 110 | X87: =T87-F87 -> -10 | Y87: =U87-T87 -> -1
A88: =C88=C120 -> TRUE | B88: 2011 | C88: Nurse Aide | D88: Online Campus | E88: 47 | F88: 23 | G88: 11 | H88: 13 | I88: 7 | J88: 18 | K88: 3 | L88: 2 | M88: 0 | N88: 0 | O88: 0 | P88: 17 | Q88: 3 | R88: 0 | S88: 3 | T88: 21 | U88: 21 | V88: 23 | X88: =T88-F88 -> -2 | Y88: =U88-T88 -> 0
A89: =C89=C121 -> TRUE | B89: 2011 | C89: Nurse Aide | D89: Westminster Campus | E89: 171 | F89: 105 | G89: 55 | H89: 13 | I89: 25 | J89: 80 | K89: 11 | L89: 13 | M89: 0 | N89: 0 | O89: 0 | P89: 53 | Q89: 10 | R89: 8 | S89: 18 | T89: 95 | U89: 93 | V89: 101 | X89: =T89-F89 -> -10 | Y89: =U89-T89 -> -2
A90: =C90=C122 -> TRUE | B90: 2011 | C90: Practical Nursing | D90: Boulder County Campus | E90: 34 | F90: 15 | G90: 11 | H90: 22 | I90: 1 | J90: 12 | K90: 1 | L90: 2 | O90: 0 | P90: 8 | Q90: 1 | S90: 1 | T90: 14 | U90: 14 | V90: 13 | X90: =T90-F90 -> -1 | Y90: =U90-T90 -> 0
A91: =C91=C123 -> TRUE | B91: 2011 | C91: Practical Nursing | D91: Larimer Campus | E91: 17 | F91: 10 | G91: 8 | H91: 22 | I91: 0 | J91: 8 | K91: 1 | L91: 0 | O91: 0 | P91: 0 | Q91: 2 | S91: 2 | T91: 10 | U91: 10 | V91: 9 | X91: =T91-F91 -> 0 | Y91: =U91-T91 -> 0
A92: =C92=C124 -> TRUE | B92: 2011 | C92: Practical Nursing | D92: Online Campus | E92: 6 | F92: 3 | X92: =T92-F92 -> -3 | Y92: =U92-T92 -> 0
A93: =C93=C125 -> TRUE | B93: 2011 | C93: Practical Nursing | D93: Westminster Campus | E93: 7 | F93: 5 | G93: 4 | I93: 1 | J93: 5 | K93: 0 | L93: 0 | O93: 0 | P93: 1 | Q93: 0 | S93: 0 | T93: 5 | U93: 5 | V93: 5 | X93: =T93-F93 -> 0 | Y93: =U93-T93 -> 0
A94: =C94=C126 -> TRUE | B94: 2011 | C94: Registered Nursing | D94: Boulder County Campus | E94: 23 | F94: 12 | G94: 10 | H94: 24.5 | I94: 0 | J94: 10 | K94: 1 | L94: 1 | O94: 0 | P94: 2 | Q94: 2 | S94: 2 | T94: 12 | U94: 11 | V94: 12 | X94: =T94-F94 -> 0 | Y94: =U94-T94 -> -1
A95: =C95=C127 -> TRUE | B95: 2011 | C95: Registered Nursing | D95: Larimer Campus | E95: 79 | F95: 46 | G95: 34 | H95: 24.5 | I95: 4 | J95: 38 | K95: 2 | L95: 1 | M95: 1 | O95: 1 | P95: 8 | Q95: 7 | S95: 7 | T95: 46 | U95: 46 | V95: 39 | X95: =T95-F95 -> 0 | Y95: =U95-T95 -> 0
A96: =C96=C128 -> TRUE | B96: 2011 | C96: Registered Nursing | D96: Online Campus | E96: 4 | F96: 4 | X96: =T96-F96 -> -4 | Y96: =U96-T96 -> 0
A97: =C97=C129 -> TRUE | B97: 2011 | C97: Registered Nursing | D97: Westminster Campus | E97: 74 | F97: 49 | G97: 39 | H97: 24.5 | I97: 4 | J97: 43 | K97: 3 | L97: 2 | O97: 0 | P97: 12 | Q97: 4 | R97: 1 | S97: 5 | T97: 48 | U97: 48 | V97: 48 | X97: =T97-F97 -> -1 | Y97: =U97-T97 -> 0
A98: =C98=C130 -> TRUE | B98: 2010 | C98: Accounting | D98: Boulder County Campus | E98: 5 | F98: 2 | X98: =T98-F98 -> -2 | Y98: =U98-T98 -> 0
A99: =C99=C131 -> TRUE | B99: 2010 | C99: Accounting | D99: Larimer Campus | E99: 11 | F99: 9 | G99: 4 | I99: 3 | J99: 7 | K99: 1 | O99: 0 | P99: 4 | S99: 0 | T99: 4 | U99: 4 | V99: 8 | X99: =T99-F99 -> -5 | Y99: =U99-T99 -> 0
A100: =C100=C132 -> TRUE | B100: 2010 | C100: Accounting | D100: Online Campus | E100: 27 | F100: 24 | G100: 6 | H100: 24.5 | I100: 11 | J100: 17 | K100: 2 | L100: 2 | M100: 0 | N100: 0 | O100: 0 | P100: 15 | Q100: 0 | R100: 0 | S100: 0 | T100: 2 | U100: 2 | V100: 19 | X100: =T100-F100 -> -22 | Y100: =U100-T100 -> 0
...

Sheet Pivot Table
B1: Values
A2: Row Labels | B2: Sum of Program Completers | C2: Sum of Respondents | D2: Sum of Median Hourly Wage of Emp., Related To Training | E2: Sum of Total Employed | F2: Sum of Total in Military | G2: Sum of Continuing Education (Secondary or Post-Secondary) | H2: Sum of Total in Apprenticeships | I2: Sum of Took State Licensing Exam | J2: Sum of Passed State Licensing Exam | K2: Sum of Instructional Program Met Educational Goals
A3: 2013 | B3: 1409 | C3: 767 | D3: 300.655 | E3: 567 | F3: 9 | G3: 424 | H3: 149 | I3: 478 | J3: 464 | K3: 705
A4: Accounting | B4: 62 | C4: 34 | E4: 17 | F4: 0 | G4: 14 | H4: 4 | I4: 0 | J4: 0 | K4: 23
A5: Boulder County Campus | B5: 7 | C5: 5 | E5: 4 | F5: 0 | G5: 0 | H5: 0 | I5: 0 | J5: 0 | K5: 5
A6: Larimer Campus | B6: 13 | C6: 9 | E6: 5 | F6: 0 | G6: 8 | H6: 3 | I6: 0 | J6: 0 | K6: 9
A7: Online Campus | B7: 36 | C7: 16 | E7: 8 | F7: 0 | G7: 6 | H7: 1 | I7: 0 | J7: 0 | K7: 9
A8: Westminster Campus | B8: 6 | C8: 4
A9: Automotive Technology | B9: 109 | C9: 43 | D9: 26.72 | E9: 31 | F9: 1 | G9: 20 | H9: 4 | I9: 10 | J9: 10 | K9: 42
A10: Boulder County Campus
A11: Larimer Campus | B11: 32 | C11: 10 | D11: 14.72 | E11: 7 | F11: 0 | G11: 4 | H11: 0 | I11: 2 | J11: 2 | K11: 10
A12: Online Campus
A13: Westminster Campus | B13: 77 | C13: 33 | D13: 12 | E13: 24 | F13: 1 | G13: 16 | H13: 4 | I13: 8 | J13: 8 | K13: 32
A14: Business | B14: 108 | C14: 61 | D14: 30.75 | E14: 48 | F14: 1 | G14: 37 | H14: 10 | I14: 8 | J14: 8 | K14: 57
A15: Boulder County Campus | B15: 9 | C15: 6 | E15: 5 | F15: 1 | G15: 3 | H15: 2 | I15: 2 | J15: 2 | K15: 6
A16: Larimer Campus | B16: 28 | C16: 19 | D16: 14.75 | E16: 19 | F16: 0 | G16: 12 | H16: 3 | I16: 3 | J16: 3 | K16: 18
A17: Online Campus | B17: 55 | C17: 26 | D17: 16 | E17: 20 | F17: 0 | G17: 14 | H17: 1 | I17: 2 | J17: 2 | K17: 25
A18: Westminster Campus | B18: 16 | C18: 10 | E18: 4 | F18: 0 | G18: 8 | H18: 4 | I18: 1 | J18: 1 | K18: 8
A19: Computer Information Systems | B19: 169 | C19: 112 | D19: 52.41 | E19: 69 | F19: 0 | G19: 61 | H19: 12 | I19: 23 | J19: 20 | K19: 96
A20: Boulder County Campus | B20: 31 | C20: 24 | D20: 13 | E20: 16 | F20: 0 | G20: 15 | H20: 4 | I20: 3 | J20: 3 | K20: 18
A21: Larimer Campus | B21: 53 | C21: 38 | D21: 17 | E21: 22 | F21: 0 | G21: 24 | H21: 2 | I21: 13 | J21: 11 | K21: 36
A22: Online Campus | B22: 55 | C22: 33 | D22: 22.41 | E22: 24 | F22: 0 | G22: 11 | H22: 4 | I22: 3 | J22: 3 | K22: 29
A23: Westminster Campus | B23: 30 | C23: 17 | E23: 7 | F23: 0 | G23: 11 | H23: 2 | I23: 4 | J23: 3 | K23: 13
A24: Emergency Medical Services | B24: 325 | C24: 152 | D24: 51.43 | E24: 110 | F24: 5 | G24: 83 | H24: 52 | I24: 124 | J24: 117 | K24: 144
A25: Boulder County Campus | B25: 91 | C25: 47 | D25: 12.43 | E25: 29 | F25: 2 | G25: 27 | H25: 21 | I25: 38 | J25: 34 | K25: 46
A26: Larimer Campus | B26: 140 | C26: 66 | D26: 14 | E26: 52 | F26: 2 | G26: 36 | H26: 21 | I26: 56 | J26: 53 | K26: 66
A27: Online Campus | B27: 21 | C27: 13 | D27: 13 | E27: 9 | F27: 0 | G27: 6 | H27: 3 | I27: 7 | J27: 7 | K27: 8
A28: Westminster Campus | B28: 73 | C28: 26 | D28: 12 | E28: 20 | F28: 1 | G28: 14 | H28: 7 | I28: 23 | J28: 23 | K28: 24
A29: Nurse Aide | B29: 422 | C29: 232 | D29: 45.25 | E29: 175 | F29: 2 | G29: 158 | H29: 44 | I29: 190 | J29: 188 | K29: 222
A30: Boulder County Campus | B30: 66 | C30: 42 | D30: 11.75 | E30: 28 | F30: 1 | G30: 28 | H30: 10 | I30: 33 | J30: 33 | K30: 41
A31: Larimer Campus | B31: 154 | C31: 96 | D31: 10.5 | E31: 78 | F31: 1 | G31: 67 | H31: 21 | I31: 87 | J31: 86 | K31: 95
A32: Online Campus | B32: 67 | C32: 27 | D32: 11 | E32: 17 | F32: 0 | G32: 20 | H32: 3 | I32: 20 | J32: 20 | K32: 25
A33: Westminster Campus | B33: 135 | C33: 67 | D33: 12 | E33: 52 | F33: 0 | G33: 43 | H33: 10 | I33: 50 | J33: 49 | K33: 61
A34: Practical Nursing | B34: 47 | C34: 24 | D34: 44 | E34: 16 | F34: 0 | G34: 7 | H34: 1 | I34: 15 | J34: 15 | K34: 15
A35: Boulder County Campus | B35: 19 | C35: 10 | D35: 19 | E35: 10 | F35: 0 | G35: 4 | H35: 1 | I35: 9 | J35: 9 | K35: 9
A36: Larimer Campus | B36: 8 | C36: 6 | D36: 25 | E36: 6 | F36: 0 | G36: 3 | H36: 0 | I36: 6 | J36: 6 | K36: 6
A37: Online Campus | B37: 10 | C37: 6 | E37: 0 | F37: 0 | G37: 0 | H37: 0 | I37: 0 | J37: 0 | K37: 0
A38: Westminster Campus | B38: 10 | C38: 2
A39: Registered Nursing | B39: 167 | C39: 109 | D39: 50.095 | E39: 101 | F39: 0 | G39: 44 | H39: 22 | I39: 108 | J39: 106 | K39: 106
A40: Boulder County Campus | B40: 18 | C40: 11 | D40: 25.5 | E40: 10 | F40: 0 | G40: 2 | H40: 4 | I40: 11 | J40: 11 | K40: 10
A41: Larimer Campus | B41: 64 | C41: 59 | D41: 24.595 | E41: 57 | F41: 0 | G41: 20 | H41: 12 | I41: 59 | J41: 59 | K41: 59
A42: Online Campus | B42: 2 | C42: 1
A43: Westminster Campus | B43: 83 | C43: 38 | E43: 34 | F43: 0 | G43: 22 | H43: 6 | I43: 38 | J43: 36 | K43: 37
A44: 2012 | B44: 1556 | C44: 1009 | D44: 287.935 | E44: 797 | F44: 14 | G44: 511 | H44: 179 | I44: 737 | J44: 719 | K44: 961
A45: Accounting | B45: 88 | C45: 67 | D45: 18.2 | E45: 51 | F45: 0 | G45: 26 | H45: 4 | I45: 8 | J45: 8 | K45: 61
A46: Boulder County Campus | B46: 12 | C46: 10 | E46: 5 | F46: 0 | G46: 4 | H46: 1 | I46: 2 | J46: 2 | K46: 8
A47: Larimer Campus | B47: 12 | C47: 12 | E47: 11 | F47: 0 | G47: 2 | H47: 0 | I47: 1 | J47: 1 | K47: 12
A48: Online Campus | B48: 55 | C48: 40 | D48: 18.2 | E48: 33 | F48: 0 | G48: 17 | H48: 3 | I48: 5 | J48: 5 | K48: 38
A49: Westminster Campus | B49: 9 | C49: 5 | E49: 2 | F49: 0 | G49: 3 | H49: 0 | K49: 3
A50: Automotive Technology | B50: 137 | C50: 79 | D50: 15.865 | E50: 61 | F50: 1 | G50: 22 | H50: 7 | I50: 45 | J50: 42 | K50: 75
A51: Boulder County Campus
A52: Larimer Campus | B52: 48 | C52: 27 | E52: 21 | F52: 0 | G52: 6 | H52: 2 | I52: 12 | J52: 12 | K52: 27
A53: Online Campus | B53: 2 | C53: 2
A54: Westminster Campus | B54: 87 | C54: 50 | D54: 15.865 | E54: 40 | F54: 1 | G54: 16 | H54: 5 | I54: 33 | J54: 30 | K54: 48
A55: Business | B55: 65 | C55: 55 | D55: 25.5 | E55: 39 | F55: 1 | G55: 20 | H55: 5 | I55: 15 | J55: 15 | K55: 51
A56: Boulder County Campus | B56: 2 | C56: 2
A57: Larimer Campus | B57: 21 | C57: 18 | D57: 12 | E57: 13 | F57: 1 | G57: 11 | H57: 5 | I57: 2 | J57: 2 | K57: 18
A58: Online Campus | B58: 32 | C58: 29 | D58: 13.5 | E58: 21 | F58: 0 | G58: 6 | H58: 0 | I58: 12 | J58: 12 | K58: 28
A59: Westminster Campus | B59: 10 | C59: 6 | E59: 5 | F59: 0 | G59: 3 | H59: 0 | I59: 1 | J59: 1 | K59: 5
A60: Computer Information Systems | B60: 120 | C60: 82 | D60: 39.935 | E60: 65 | F60: 1 | G60: 48 | H60: 11 | I60: 11 | J60: 9 | K60: 73
A61: Boulder County Campus | B61: 12 | C61: 10 | E61: 8 | F61: 0 | G61: 7 | H61: 1 | K61: 10
A62: Larimer Campus | B62: 36 | C62: 32 | D62: 15 | E62: 28 | F62: 0 | G62: 18 | H62: 5 | I62: 8 | J62: 6 | K62: 26
A63: Online Campus | B63: 33 | C63: 18 | D63: 13.8 | E63: 15 | F63: 0 | G63: 8 | H63: 0 | K63: 16
A64: Westminster Campus | B64: 39 | C64: 22 | D64: 11.135 | E64: 14 | F64: 1 | G64: 15 | H64: 5 | I64: 3 | J64: 3 | K64: 21
A65: Emergency Medical Services | B65: 363 | C65: 215 | D65: 36.88 | E65: 174 | F65: 7 | G65: 112 | H65: 96 | I65: 195 | J65: 187 | K65: 209
A66: Boulder County Campus | B66: 116 | C66: 65 | D66: 13 | E66: 50 | F66: 2 | G66: 29 | H66: 29 | I66: 59 | J66: 58 | K66: 64
A67: Larimer Campus | B67: 149 | C67: 100 | D67: 12.88 | E67: 88 | F67: 4 | G67: 53 | H67: 44 | I67: 87 | J67: 83 | K67: 97
A68: Online Campus
A69: Westminster Campus | B69: 98 | C69: 50 | D69: 11 | E69: 36 | F69: 1 | G69: 30 | H69: 23 | I69: 49 | J69: 46 | K69: 48
A70: Nurse Aide | B70: 544 | C70: 322 | D70: 34.625 | E70: 231 | F70: 4 | G70: 225 | H70: 38 | I70: 281 | J70: 278 | K70: 314
A71: Boulder County Campus | B71: 80 | C71: 54 | D71: 12 | E71: 47 | F71: 1 | G71: 32 | H71: 8 | I71: 49 | J71: 48 | K71: 54
A72: Larimer Campus | B72: 251 | C72: 143 | D72: 11 | E72: 97 | F72: 3 | G72: 95 | H72: 18 | I72: 126 | J72: 126 | K72: 139
A73: Online Campus | B73: 22 | C73: 13 | E73: 11 | F73: 0 | G73: 11 | H73: 0 | I73: 9 | J73: 9 | K73: 11
A74: Westminster Campus | B74: 191 | C74: 112 | D74: 11.625 | E74: 76 | F74: 0 | G74: 87 | H74: 12 | I74: 97 | J74: 95 | K74: 110
A75: Practical Nursing | B75: 63 | C75: 42 | D75: 42.6 | E75: 38 | F75: 0 | G75: 16 | H75: 3 | I75: 38 | J75: 36 | K75: 36
A76: Boulder County Campus | B76: 38 | C76: 22 | D76: 18 | E76: 19 | F76: 0 | G76: 8 | H76: 0 | I76: 19 | J76: 17 | K76: 17
A77: Larimer Campus | B77: 14 | C77: 10 | D77: 24.6 | E77: 10 | F77: 0 | G77: 5 | H77: 1 | I77: 10 | J77: 10 | K77: 10
A78: Online Campus
A79: Westminster Campus | B79: 11 | C79: 10 | E79: 9 | F79: 0 | G79: 3 | H79: 2 | I79: 9 | J79: 9 | K79: 9
A80: Registered Nursing | B80: 176 | C80: 147 | D80: 74.33 | E80: 138 | F80: 0 | G80: 42 | H80: 15 | I80: 144 | J80: 144 | K80: 142
A81: Boulder County Campus | B81: 20 | C81: 13 | D81: 25.455 | E81: 12 | F81: 0 | G81: 2 | H81: 1 | I81: 13 | J81: 13 | K81: 13
A82: Larimer Campus | B82: 75 | C82: 63 | D82: 23.875 | E82: 60 | F82: 0 | G82: 17 | H82: 6 | I82: 61 | J82: 61 | K82: 61
A83: Online Campus
A84: Westminster Campus | B84: 81 | C84: 71 | D84: 25 | E84: 66 | F84: 0 | G84: 23 | H84: 8 | I84: 70 | J84: 70 | K84: 68
A85: 2011 | B85: 1605 | C85: 866 | D85: 356.08 | E85: 646 | F85: 12 | G85: 421 | H85: 162 | I85: 593 | J85: 583 | K85: 779
A86: Accounting | B86: 66 | C86: 49 | D86: 31 | E86: 32 | F86: 0 | G86: 14 | H86: 2 | I86: 2 | J86: 1 | K86: 42
A87: Boulder County Campus | B87: 11 | C87: 9 | E87: 5 | F87: 0 | G87: 2 | H87: 1 | K87: 7
A88: Larimer Campus | B88: 20 | C88: 15 | D88: 13 | E88: 12 | F88: 0 | G88: 4 | H88: 1 | I88: 2 | J88: 1 | K88: 13
A89: Online Campus | B89: 32 | C89: 23 | D89: 18 | E89: 15 | F89: 0 | G89: 8 | H89: 0 | I89: 0 | J89: 0 | K89: 22
A90: Westminster Campus | B90: 3 | C90: 2
A91: Automotive Technology | B91: 104 | C91: 60 | D91: 21.26 | E91: 45 | F91: 1 | G91: 37 | H91: 4 | I91: 13 | J91: 13 | K91: 58
A92: Boulder County Campus
A93: Larimer Campus | B93: 45 | C93: 38 | D93: 11.13 | E93: 31 | F93: 0 | G93: 23 | H93: 3 | I93: 9 | J93: 9 | K93: 37
A94: Online Campus | B94: 3 | C94: 1
A95: Westminster Campus | B95: 56 | C95: 21 | D95: 10.13 | E95: 14 | F95: 1 | G95: 14 | H95: 1 | I95: 4 | J95: 4 | K95: 21
A96: Business | B96: 156 | C96: 85 | D96: 48 | E96: 50 | F96: 0 | G96: 36 | H96: 13 | I96: 12 | J96: 10 | K96: 58
A97: Boulder County Campus | B97: 22 | C97: 13 | D97: 15 | E97: 10 | F97: 0 | G97: 6 | H97: 1 | K97: 13
A98: Larimer Campus | B98: 32 | C98: 15 | D98: 15 | E98: 14 | F98: 0 | G98: 7 | H98: 3 | I98: 1 | J98: 1 | K98: 13
A99: Online Campus | B99: 66 | C99: 37 | D99: 18 | E99: 20 | F99: 0 | G99: 14 | H99: 7 | I99: 5 | J99: 3 | K99: 21
A100: Westminster Campus | B100: 36 | C100: 20 | E100: 6 | F100: 0 | G100: 9 | H100: 2 | I100: 6 | J100: 6 | K100: 11
...

Sheet Options
D12: AVAILABLE PROGRAMS | E12: SELECTED PROGRAM | I12: AVAILABLE YEARS | J12: SELECTED YEAR | N12: AVAILABLE CAMPUSES | O12: SELECTED CAMPUS | T12: CHART DATA
D13: Accounting | E13: 6 | I13: 2007 | J13: 1 | N13: Boulder County Campus | O13: 4 | T13: COMPLETES | U13: RESPONDENTS | V13: RESPONSE RATE | W13: EMPLOYED | X13: EMPLOYED % | Y13: MEDIAN SALARY | Z13: MILITARY | AA13: MILITARY% | AB13: CONTINUING ED | AC13: CONTIN ED % | AD13: APPRENTICESHIPS | AE13: APPRENTICESHIP % | AF13: TOOK STATE LICENSING EXAM | AG13: TOOK EXAM % | AH13: PASSED LICENSING EXAM | AI13: PASSED EXAM % | AJ13: INSTRUCTIONAL GOALS | AK13: INSTRUCTIONALGOALS MET % | AM13: Completers Chart Title
D14: Automotive Technology | E14: =INDEX(D13:D20,E13) -> Nurse Aide | I14: 2008 | J14: =INDEX($I13:$I19,J13) -> 2007 | N14: Larimer Campus | O14: =INDEX(N13:N16,O13) -> Westminster Campus | S14: =I13 -> 2007 | T14: =GETPIVOTDATA("Sum of Program Completers",'Pivot Table'!$A$1,"Year",$S14,"Program",$E$14,"Priority Campus ",$O$14) -> 153 | U14: =GETPIVOTDATA("Sum of Respondents",'Pivot Table'!$A$1,"Year",$S14,"Program",$E$14,"Priority Campus ",$O$14) -> 84 | V14: =IF($T14>4,$U14/$T14) -> 0.54901961 | W14: =GETPIVOTDATA("Sum of Total Employed",'Pivot Table'!$A$1,"Year",$S14,"Program",$E$14,"Priority Campus ",$O$14) -> 65 | X14: =IF($U14>4,$W14/$U14) -> 0.77380952 | Y14: =GETPIVOTDATA("Sum of Median Hourly Wage of Emp., Related To Training",'Pivot Table'!$A$1,"Year",$S14,"Program",$E$14,"Priority Campus ",$O$14) -> 14.7194 | Z14: =GETPIVOTDATA("Sum of Total in Military",'Pivot Table'!$A$1,"Year",$S14,"Program",$E$14,"Priority Campus ",$O$14) -> 0 | AA14: =IF($U14>4,$Z14/$U14) -> 0 | AB14: =GETPIVOTDATA("Sum of Continuing Education (Secondary or Post-Secondary)",'Pivot Table'!$A$1,"Year",$S14,"Program",$E$14,"Priority Campus ",$O$14) -> 57 | AC14: =IF($U14>4,$AB14/$U14) -> 0.67857143 | AD14: =GETPIVOTDATA("Sum of Total in Apprenticeships",'Pivot Table'!$A$1,"Year",$S14,"Program",$E$14,"Priority Campus ",$O$14) -> 0 | AE14: =IF($U14>4,$AD14/$U14) -> 0 | AF14: =GETPIVOTDATA("Sum of Took State Licensing Exam",'Pivot Table'!$A$1,"Year",$S14,"Program",$E$14,"Priority Campus ",$O$14) -> 0 | AG14: =IF($U14>4,$AF14/$U14) -> 0 | AH14: =GETPIVOTDATA("Sum of Passed State Licensing Exam",'Pivot Table'!$A$1,"Year",$S14,"Program",$E$14,"Priority Campus ",$O$14) -> 0 | AI14: =IF($AF14>4,$AH14/$AF14) -> FALSE | AJ14: =GETPIVOTDATA("Sum of Instructional Program Met Educational Goals",'Pivot Table'!$A$1,"Year",$S14,"Program",$E$14,"Priority Campus ",$O$14) -> 80 | AK14: =IF($U14>4,$AJ14/$U14) -> 0.95238095 | AM14: ="Program Completers and Respondents" -> Program Completers and Respondents
D15: Business | I15: 2009 | N15: Online Campus | S15: =I14 -> 2008 | T15: =GETPIVOTDATA("Sum of Program Completers",'Pivot Table'!$A$1,"Year",$S15,"Program",$E$14,"Priority Campus ",$O$14) -> 141 | U15: =GETPIVOTDATA("Sum of Respondents",'Pivot Table'!$A$1,"Year",$S15,"Program",$E$14,"Priority Campus ",$O$14) -> 89 | V15: =IF($T15>4,$U15/$T15) -> 0.63120567 | W15: =GETPIVOTDATA("Sum of Total Employed",'Pivot Table'!$A$1,"Year",$S15,"Program",$E$14,"Priority Campus ",$O$14) -> 82 | X15: =IF($U15>4,$W15/$U15) -> 0.92134831 | Y15: =GETPIVOTDATA("Sum of Median Hourly Wage of Emp., Related To Training",'Pivot Table'!$A$1,"Year",$S15,"Program",$E$14,"Priority Campus ",$O$14) -> 11.860833 | Z15: =GETPIVOTDATA("Sum of Total in Military",'Pivot Table'!$A$1,"Year",$S15,"Program",$E$14,"Priority Campus ",$O$14) -> 0 | AA15: =IF($U15>4,$Z15/$U15) -> 0 | AB15: =GETPIVOTDATA("Sum of Continuing Education (Secondary or Post-Secondary)",'Pivot Table'!$A$1,"Year",$S15,"Program",$E$14,"Priority Campus ",$O$14) -> 26 | AC15: =IF($U15>4,$AB15/$U15) -> 0.29213483 | AD15: =GETPIVOTDATA("Sum of Total in Apprenticeships",'Pivot Table'!$A$1,"Year",$S15,"Program",$E$14,"Priority Campus ",$O$14) -> 12 | AE15: =IF($U15>4,$AD15/$U15) -> 0.13483146 | AF15: =GETPIVOTDATA("Sum of Took State Licensing Exam",'Pivot Table'!$A$1,"Year",$S15,"Program",$E$14,"Priority Campus ",$O$14) -> 61 | AG15: =IF($U15>4,$AF15/$U15) -> 0.68539326 | AH15: =GETPIVOTDATA("Sum of Passed State Licensing Exam",'Pivot Table'!$A$1,"Year",$S15,"Program",$E$14,"Priority Campus ",$O$14) -> 61 | AI15: =IF($AF15>4,$AH15/$AF15) -> 1 | AJ15: =GETPIVOTDATA("Sum of Instructional Program Met Educational Goals",'Pivot Table'!$A$1,"Year",$S15,"Program",$E$14,"Priority Campus ",$O$14) -> 87 | AK15: =IF($U15>4,$AJ15/$U15) -> 0.97752809 | AM15: Response Rate Chart Title
D16: Computer Information Systems | I16: 2010 | N16: Westminster Campus | S16: =I15 -> 2009 | T16: =GETPIVOTDATA("Sum of Program Completers",'Pivot Table'!$A$1,"Year",$S16,"Program",$E$14,"Priority Campus ",$O$14) -> 196 | U16: =GETPIVOTDATA("Sum of Respondents",'Pivot Table'!$A$1,"Year",$S16,"Program",$E$14,"Priority Campus ",$O$14) -> 106 | V16: =IF($T16>4,$U16/$T16) -> 0.54081633 | W16: =GETPIVOTDATA("Sum of Total Employed",'Pivot Table'!$A$1,"Year",$S16,"Program",$E$14,"Priority Campus ",$O$14) -> 82 | X16: =IF($U16>4,$W16/$U16) -> 0.77358491 | Y16: =GETPIVOTDATA("Sum of Median Hourly Wage of Emp., Related To Training",'Pivot Table'!$A$1,"Year",$S16,"Program",$E$14,"Priority Campus ",$O$14) -> 13 | Z16: =GETPIVOTDATA("Sum of Total in Military",'Pivot Table'!$A$1,"Year",$S16,"Program",$E$14,"Priority Campus ",$O$14) -> 0 | AA16: =IF($U16>4,$Z16/$U16) -> 0 | AB16: =GETPIVOTDATA("Sum of Continuing Education (Secondary or Post-Secondary)",'Pivot Table'!$A$1,"Year",$S16,"Program",$E$14,"Priority Campus ",$O$14) -> 65 | AC16: =IF($U16>4,$AB16/$U16) -> 0.61320755 | AD16: =GETPIVOTDATA("Sum of Total in Apprenticeships",'Pivot Table'!$A$1,"Year",$S16,"Program",$E$14,"Priority Campus ",$O$14) -> 17 | AE16: =IF($U16>4,$AD16/$U16) -> 0.16037736 | AF16: =GETPIVOTDATA("Sum of Took State Licensing Exam",'Pivot Table'!$A$1,"Year",$S16,"Program",$E$14,"Priority Campus ",$O$14) -> 94 | AG16: =IF($U16>4,$AF16/$U16) -> 0.88679245 | AH16: =GETPIVOTDATA("Sum of Passed State Licensing Exam",'Pivot Table'!$A$1,"Year",$S16,"Program",$E$14,"Priority Campus ",$O$14) -> 92 | AI16: =IF($AF16>4,$AH16/$AF16) -> 0.9787234 | AJ16: =GETPIVOTDATA("Sum of Instructional Program Met Educational Goals",'Pivot Table'!$A$1,"Year",$S16,"Program",$E$14,"Priority Campus ",$O$14) -> 99 | AK16: =IF($U16>4,$AJ16/$U16) -> 0.93396226 | AM16: ="Program Completers and Response Rate %" -> Program Completers and Response Rate %
D17: Emergency Medical Services | I17: 2011 | S17: =I16 -> 2010 | T17: =GETPIVOTDATA("Sum of Program Completers",'Pivot Table'!$A$1,"Year",$S17,"Program",$E$14,"Priority Campus ",$O$14) -> 148 | U17: =GETPIVOTDATA("Sum of Respondents",'Pivot Table'!$A$1,"Year",$S17,"Program",$E$14,"Priority Campus ",$O$14) -> 97 | V17: =IF($T17>4,$U17/$T17) -> 0.65540541 | W17: =GETPIVOTDATA("Sum of Total Employed",'Pivot Table'!$A$1,"Year",$S17,"Program",$E$14,"Priority Campus ",$O$14) -> 72 | X17: =IF($U17>4,$W17/$U17) -> 0.74226804 | Y17: =GETPIVOTDATA("Sum of Median Hourly Wage of Emp., Related To Training",'Pivot Table'!$A$1,"Year",$S17,"Program",$E$14,"Priority Campus ",$O$14) -> 12 | Z17: =GETPIVOTDATA("Sum of Total in Military",'Pivot Table'!$A$1,"Year",$S17,"Program",$E$14,"Priority Campus ",$O$14) -> 1 | AA17: =IF($U17>4,$Z17/$U17) -> 0.010309278 | AB17: =GETPIVOTDATA("Sum of Continuing Education (Secondary or Post-Secondary)",'Pivot Table'!$A$1,"Year",$S17,"Program",$E$14,"Priority Campus ",$O$14) -> 68 | AC17: =IF($U17>4,$AB17/$U17) -> 0.70103093 | AD17: =GETPIVOTDATA("Sum of Total in Apprenticeships",'Pivot Table'!$A$1,"Year",$S17,"Program",$E$14,"Priority Campus ",$O$14) -> 31 | AE17: =IF($U17>4,$AD17/$U17) -> 0.31958763 | AF17: =GETPIVOTDATA("Sum of Took State Licensing Exam",'Pivot Table'!$A$1,"Year",$S17,"Program",$E$14,"Priority Campus ",$O$14) -> 85 | AG17: =IF($U17>4,$AF17/$U17) -> 0.87628866 | AH17: =GETPIVOTDATA("Sum of Passed State Licensing Exam",'Pivot Table'!$A$1,"Year",$S17,"Program",$E$14,"Priority Campus ",$O$14) -> 85 | AI17: =IF($AF17>4,$AH17/$AF17) -> 1 | AJ17: =GETPIVOTDATA("Sum of Instructional Program Met Educational Goals",'Pivot Table'!$A$1,"Year",$S17,"Program",$E$14,"Priority Campus ",$O$14) -> 94 | AK17: =IF($U17>4,$AJ17/$U17) -> 0.96907216 | AM17: Employed Chart Title
D18: Nurse Aide | I18: 2012 | S18: =I17 -> 2011 | T18: =GETPIVOTDATA("Sum of Program Completers",'Pivot Table'!$A$1,"Year",$S18,"Program",$E$14,"Priority Campus ",$O$14) -> 171 | U18: =GETPIVOTDATA("Sum of Respondents",'Pivot Table'!$A$1,"Year",$S18,"Program",$E$14,"Priority Campus ",$O$14) -> 105 | V18: =IF($T18>4,$U18/$T18) -> 0.61403509 | W18: =GETPIVOTDATA("Sum of Total Employed",'Pivot Table'!$A$1,"Year",$S18,"Program",$E$14,"Priority Campus ",$O$14) -> 80 | X18: =IF($U18>4,$W18/$U18) -> 0.76190476 | Y18: =GETPIVOTDATA("Sum of Median Hourly Wage of Emp., Related To Training",'Pivot Table'!$A$1,"Year",$S18,"Program",$E$14,"Priority Campus ",$O$14) -> 13 | Z18: =GETPIVOTDATA("Sum of Total in Military",'Pivot Table'!$A$1,"Year",$S18,"Program",$E$14,"Priority Campus ",$O$14) -> 0 | AA18: =IF($U18>4,$Z18/$U18) -> 0 | AB18: =GETPIVOTDATA("Sum of Continuing Education (Secondary or Post-Secondary)",'Pivot Table'!$A$1,"Year",$S18,"Program",$E$14,"Priority Campus ",$O$14) -> 53 | AC18: =IF($U18>4,$AB18/$U18) -> 0.5047619 | AD18: =GETPIVOTDATA("Sum of Total in Apprenticeships",'Pivot Table'!$A$1,"Year",$S18,"Program",$E$14,"Priority Campus ",$O$14) -> 18 | AE18: =IF($U18>4,$AD18/$U18) -> 0.17142857 | AF18: =GETPIVOTDATA("Sum of Took State Licensing Exam",'Pivot Table'!$A$1,"Year",$S18,"Program",$E$14,"Priority Campus ",$O$14) -> 95 | AG18: =IF($U18>4,$AF18/$U18) -> 0.9047619 | AH18: =GETPIVOTDATA("Sum of Passed State Licensing Exam",'Pivot Table'!$A$1,"Year",$S18,"Program",$E$14,"Priority Campus ",$O$14) -> 93 | AI18: =IF($AF18>4,$AH18/$AF18) -> 0.97894737 | AJ18: =GETPIVOTDATA("Sum of Instructional Program Met Educational Goals",'Pivot Table'!$A$1,"Year",$S18,"Program",$E$14,"Priority Campus ",$O$14) -> 101 | AK18: =IF($U18>4,$AJ18/$U18) -> 0.96190476 | AM18: ="Total Employed %" -> Total Employed %
D19: Practical Nursing | I19: 2013 | S19: =I18 -> 2012 | T19: =GETPIVOTDATA("Sum of Program Completers",'Pivot Table'!$A$1,"Year",$S19,"Program",$E$14,"Priority Campus ",$O$14) -> 191 | U19: =GETPIVOTDATA("Sum of Respondents",'Pivot Table'!$A$1,"Year",$S19,"Program",$E$14,"Priority Campus ",$O$14) -> 112 | V19: =IF($T19>4,$U19/$T19) -> 0.58638743 | W19: =GETPIVOTDATA("Sum of Total Employed",'Pivot Table'!$A$1,"Year",$S19,"Program",$E$14,"Priority Campus ",$O$14) -> 76 | X19: =IF($U19>4,$W19/$U19) -> 0.67857143 | Y19: =GETPIVOTDATA("Sum of Median Hourly Wage of Emp., Related To Training",'Pivot Table'!$A$1,"Year",$S19,"Program",$E$14,"Priority Campus ",$O$14) -> 11.625 | Z19: =GETPIVOTDATA("Sum of Total in Military",'Pivot Table'!$A$1,"Year",$S19,"Program",$E$14,"Priority Campus ",$O$14) -> 0 | AA19: =IF($U19>4,$Z19/$U19) -> 0 | AB19: =GETPIVOTDATA("Sum of Continuing Education (Secondary or Post-Secondary)",'Pivot Table'!$A$1,"Year",$S19,"Program",$E$14,"Priority Campus ",$O$14) -> 87 | AC19: =IF($U19>4,$AB19/$U19) -> 0.77678571 | AD19: =GETPIVOTDATA("Sum of Total in Apprenticeships",'Pivot Table'!$A$1,"Year",$S19,"Program",$E$14,"Priority Campus ",$O$14) -> 12 | AE19: =IF($U19>4,$AD19/$U19) -> 0.10714286 | AF19: =GETPIVOTDATA("Sum of Took State Licensing Exam",'Pivot Table'!$A$1,"Year",$S19,"Program",$E$14,"Priority Campus ",$O$14) -> 97 | AG19: =IF($U19>4,$AF19/$U19) -> 0.86607143 | AH19: =GETPIVOTDATA("Sum of Passed State Licensing Exam",'Pivot Table'!$A$1,"Year",$S19,"Program",$E$14,"Priority Campus ",$O$14) -> 95 | AI19: =IF($AF19>4,$AH19/$AF19) -> 0.97938144 | AJ19: =GETPIVOTDATA("Sum of Instructional Program Met Educational Goals",'Pivot Table'!$A$1,"Year",$S19,"Program",$E$14,"Priority Campus ",$O$14) -> 110 | AK19: =IF($U19>4,$AJ19/$U19) -> 0.98214286 | AM19: Average Hourly Wage Chart Title
D20: Registered Nursing | S20: =I19 -> 2013 | T20: =GETPIVOTDATA("Sum of Program Completers",'Pivot Table'!$A$1,"Year",$S20,"Program",$E$14,"Priority Campus ",$O$14) -> 135 | U20: =GETPIVOTDATA("Sum of Respondents",'Pivot Table'!$A$1,"Year",$S20,"Program",$E$14,"Priority Campus ",$O$14) -> 67 | V20: =IF($T20>4,$U20/$T20) -> 0.4962963 | W20: =GETPIVOTDATA("Sum of Total Employed",'Pivot Table'!$A$1,"Year",$S20,"Program",$E$14,"Priority Campus ",$O$14) -> 52 | X20: =IF($U20>4,$W20/$U20) -> 0.7761194 | Y20: =GETPIVOTDATA("Sum of Median Hourly Wage of Emp., Related To Training",'Pivot Table'!$A$1,"Year",$S20,"Program",$E$14,"Priority Campus ",$O$14) -> 12 | Z20: =GETPIVOTDATA("Sum of Total in Military",'Pivot Table'!$A$1,"Year",$S20,"Program",$E$14,"Priority Campus ",$O$14) -> 0 | AA20: =IF($U20>4,$Z20/$U20) -> 0 | AB20: =GETPIVOTDATA("Sum of Continuing Education (Secondary or Post-Secondary)",'Pivot Table'!$A$1,"Year",$S20,"Program",$E$14,"Priority Campus ",$O$14) -> 43 | AC20: =IF($U20>4,$AB20/$U20) -> 0.64179104 | AD20: =GETPIVOTDATA("Sum of Total in Apprenticeships",'Pivot Table'!$A$1,"Year",$S20,"Program",$E$14,"Priority Campus ",$O$14) -> 10 | AE20: =IF($U20>4,$AD20/$U20) -> 0.14925373 | AF20: =GETPIVOTDATA("Sum of Took State Licensing Exam",'Pivot Table'!$A$1,"Year",$S20,"Program",$E$14,"Priority Campus ",$O$14) -> 50 | AG20: =IF($U20>4,$AF20/$U20) -> 0.74626866 | AH20: =GETPIVOTDATA("Sum of Passed State Licensing Exam",'Pivot Table'!$A$1,"Year",$S20,"Program",$E$14,"Priority Campus ",$O$14) -> 49 | AI20: =IF($AF20>4,$AH20/$AF20) -> 0.98 | AJ20: =GETPIVOTDATA("Sum of Instructional Program Met Educational Goals",'Pivot Table'!$A$1,"Year",$S20,"Program",$E$14,"Priority Campus ",$O$14) -> 61 | AK20: =IF($U20>4,$AJ20/$U20) -> 0.91044776 | AM20: ="Average Hourly Wage" -> Average Hourly Wage
AM21: Military Chart Title
AM22: ="Military : "&$E$14 -> Military : Nurse Aide
AM23: Continuing Education
AM24: ="Students Continuing their Education %" -> Students Continuing their Education %
AM25: Apprenticeships
AM26: ="Total Apprenticeships %" -> Total Apprenticeships %
AM27: Passed Exam
AM28: ="Passed Exam : "&$E$14 -> Passed Exam : Nurse Aide
AM29: Instructional Goals Met
AM30: ="Program Met Students Instructional Goals" -> Program Met Students Instructional Goals
AM31: State Licensing Exam
AM32: ="State Licensing Exam %" -> State Licensing Exam %

Sheet Introduction
B1: Introduction to the VE-135 Interactive Dashboard by Campus
B25: 1. At any time between October 1st and December 31st of (the preceding year) were you:
B26: Employed in an occupation related to your FRCC training
B27: Employed in an occupation NOT related to your FRCC training
B28: Unemployed and actively seeking employment
B29: Unemployed and NOT actively seeking employment
B31: 2. In order to help future students interested in your program know what they
B32: might expect, what is your hourly wage? (You will not be identified with this
B33: Information!)
B35: 3. Since completing your program last year (or as part of your graduation
B36: requirements), have you taken a state licensing test or an industry certification
B37: test related to your program
... B53: Not currently continuing your education

Sheet Main
D1: =Options!$E$14 -> Nurse Aide | K1: * | L1: =Options!O14 -> Westminster Campus
D31: If less than 5 respondents, no data reported.
D32: A priority campus reflects where the majority of hours are earned per term.
D33: Because the listed priority campus is based on the last term prior to graduation, it may not necessarily reflect where the majority of a degree was earned.
D34: *Priority campus may not actually have the program in existence

Sheet Success
D1: =Options!E14 -> Nurse Aide | K1: * | L1: =Options!O14 -> Westminster Campus
D31: If less than 5 respondents, no data reported.
D32: A priority campus reflects where the majority of hours are earned per term.
D33: Because the listed priority campus is based on the last term prior to graduation, it may not necessarily reflect where the majority of a degree was earned.
D34: *Priority campus may not actually have the program in existence
