Workbook

Sheet Instructions
A1: Worksheet Instructions
A3: Coversheet Tab:
A4: Step 1:
A5: Type in Business Name
A6: Type in Decision maker name | G6: Note: This spread sheet follows the guidance provided in chapeter 10 of the USDA NRCS National Engineering Handbook (NEH) Part 651, Ag Waste Management Field Handbook (AWMFH). It is flow charted on page 10-48, figure 10-33. Step by step instructions follow on pages 10-49 through 10-51. One possible outcome of the process when high nitrogen content wet material is mixed with high C:N material is that the mix will be too wet. The procedure calls for adding dry high C:N material until the ideal moisture is achieved and then possibly adding nitrogen fertilizer to finalize the batch with the proper moisture and C:N. Recommendations to add purchased nitrogen to a compost pile may not be well received by the operator. An alternative technique would be to get the C:N ratio at the 25 to 40 range on a dry weight basis, then dry the batch through the critical moisture range for the composting process to proceed without additional N. If the moisture content is too high to function as a dry litter system, then addition of N after removal from the pen may be unavoidable. Much will depend on the structure of the bulking agent; coarse wood chips will function as dry litter at higher moistures than softer smaller carbon materials. Jeffrey C. Wheaton, PE 12 March 2014
A7: Type in Address
A10: Compost Calculation Tab:
A11: Yellow boxes are input data | E11: Input Data
A12: Blue boxes are caculated for you | E12: Calculated Data
A13: Red boxes are the answers caculated for you | E13: Answer
A15: Step 2:
A16: Put in type of bulking agent
A17: Put in pen size width and length
A18: Put in thickness of bulking agent in pen
A19: Put in lb/ft3 or lb/yd3 for bulking agent
A20: See Reference tab for bulking agent information
A22: Step3:
A23: Put in moisture content % for bulking agent
A24: Put in nitrogen % for bulking agent
A25: Put in C:N Ratio for bulking agent
A26: See Reference tab for bulking agent information
A28: Step4:
... A41: See note at upper right for alternative methods to achieve an effective compost recipe without adding nitrogen (usually purchased).

Sheet Coversheet
B4: Composting Mixture
B6: Prepared for:
B8: Business name:
B9: Decision maker:
B10: Address:
B12: TMK:
B17: Prepared in cooperation with the:
B18: USDA – Natural Resources Conservation Service
B19: Edited by
B20: Resource Engineer David R. Fischer P.E. (Kealakekua S.C.)
B21: and
B22: Water Quality Specialist/Acting Agronomist Adam Reed (PIA State Office)
... B34: Revised 3/14/2014

Sheet Compost Calculation 
A2: Business name: | B2: =Coversheet!E8 -> 0
A3: Decision maker: | B3: =Coversheet!E9 -> 0
A4: Address: | B4: =Coversheet!E10 -> 0
B5: =Coversheet!E11 -> 0
A8: Determine estimated compost mix and composting time
A10: Given:
A11: Step1a:
A12: Bulking Agent:
A13: Pen Size: | C13: 'W x | E13: 'L = | F13: =B13*D13 -> 0 | G13: ft2
A14: amount: | C14: in thick x (1ft÷12in) x | D14: =$F$13 -> 0 | E14: ft2 x (1yd3÷27ft3) = | F14: =($B$14/12)*F$13*(1/27) -> 0 | G14: yd3
B15: =$F$14 -> 0 | C15: yd3 x (27ft3÷1yd3) x | D15: 0 | E15: lb/ft3 = | F15: =($F$14)*(27/1)*('Ref. Tables'!$C$7/1) -> 0 | G15: lbs/pen per day
B16: =$F$14 -> 0 | C16: yd3 x | D16: 0 | E16: lb/yd3 = | F16: =$B$16*$D$16 -> 0 | G16: lbs/pen per day
A17: Note: 12 inches in 1 foot, 27 ft3 in 1 yd3, and __lb/ft3 or _lb/yd3 for bulking agent
A18: See Ref. Tables Tab for bulking agent information
A20: Mwa% = moisture content: | D20: %
A21: % N = | C21: % | D21: C:N Ratio = | F21: :1
A22: See Ref. Tables for bulking agent information
A24: Manure:
A26: Animal Units (AU) = | D26: AU
A27: Mm% = percent moisture: | D27: %
A28: manure production: | D28: lbs/day/AU
A29: nitrogen production: | D29: lbs/day/AU | E29: See note on Instructions Tab for Nitrogen reductions that may occur because of volatilization.
B30: fixed solids: | D30: lbs/day/AU
A31: volatile solids: | D31: lbs/day/AU
A32: confined in building per day: | D32: day
B33: pens per building: | D33: pens/building
B34: hrs/day confined: | D34: hrs/day
A35: As excreted values computed separately. Use USDA NRCS National Engineering Handbook part 651, Ag Waste Management Field Handbook, ASAE Standard D384.1 Dec 93 Manure Production and Characteristics, or actual measurements and analysis (use representative sampling in sufficient numbers to justify extrapolating values, particularly if results are significantly different than book values). ASAE 1993 data includes standard deviation, useful for giving a range for evaluating reasonableness of site specific measurements.
A37: Step 1b: Determine Bulking Agent
A38: See bulking agent data above
A40: Step 2a: Determine the moisture content of the waste
A42: Wwa = wet weight of bulking agent in barn:
A43: amount: | B43: =$B$14 -> 0 | C43: in thick = | D43: =$F$14 -> 0 | E43: cu.yds = | F43: =$F$15 -> 0 | G43: lbs/pen per day
B44: =$F$43 -> 0 | C44: x pen per bld. | D44: =$C$33 -> 0 | E44: pens per bld. | F44: =$B$44*$D$44 -> 0 | G44: lbs/building per day
A46: Wm = wet weight of manure in building:
A47: Total AU *manure production*confined in building = | E47: =$C$26*$C$28*$C$32 -> 0 | F47: lbs per day
A49: Wmwa = wet weight of manure plus bulking agent
A50: Wmwa = Wwa + Wm = | C50: =$F$44+$E$47 -> 0 | D50: lbs per day
A51: determine moisture content of manure plus bulking agent:
A52: See Equation [10-11] p.10-49
A54: Mmwa = (((Wm*Mm%)+(Wwa*Mwa%))÷100))÷(Wmwa) = | E54: =((($E$47*$C$27)+($F$44*$C$20)/100)/($C$50)) -> #DIV/0! | F54: %
A55: where:
A56: Mmwa = % moisture of manure plus bulking agent
A57: Wm = wet weight of manure
A58: Mm% = % moisture content of manure
A59: Wwa = wet weight of bulking agent
A60: Mwa% = % moisture content of bulking agent
A61: Wmwa = weight of manure plus bulking agent
A63: Step 2b: Determine amount of additional bulking agent to added, if any, to the compost mix
A64: that will result in desired final moisture content that is between 40% to 60%
A65: See Equation [10-12] p.10-50
A67: Waa= ((Wmwa)*(Mmwa-Md))÷(Md-Maa) = | D67: =((($B$74)*($B$75-$D$76))/($D$76-$B$76)) -> #DIV/0! | E67: lbs
A68: where:
A69: Waa= Wet weight of additional bulking agent to be added
A70: Wmwa=wet weight of manure plus bulking agent
A71: Mmwa= % moisture content of manure plus bulking agent
A72: Md = desired % moisture of compost mixture (between 40% to 60%)
A73: Maa = %moisture content of additional bulking agent
A74: Wmwa= | C74: lbs per day
A75: Mmwa= | C75: %
A76: Maa= | C76: % Md= | E76: %
A77: Wwa = Wwa + Waa = | B77: =F44+D67 -> #DIV/0! | C77: lbs
A78: For Wmwa & Mmwa input data from calculated data
A79: For Maa & Md adjust as needed
A80: until desired moisture content (between 40% to 60%) is reached
A82: Since compost mix is within the desired moisture content
A83: no amendment is needed.
A85: Step 3: Calculate the C:N Ratio of compost mix
A87: Determine the carbon and nitrogen content of the bulking agent:
A88: Wwa = total weight of bulking agent: | D88: =$B$77 -> #DIV/0! | E88: lbs per day
B89: Wdrywa = Wwa*((100-Mw%)÷100) = | D89: =$D$88*((100-$C$20)/100) -> #DIV/0! | E89: lbs per day
A90: where:
A91: Wwa= wet weight of bulking agent
A92: Mwa% = % moisture content of bulking agent
A93: Wdrywa = dry weight of bulking agent
A94: Note: See Equation [10-18] p.10-50
A96: weight of nitrogen in bulking agent:
A98: Wnwa = ((%N*Wdrywa)÷100) = | D98: =(($B$21*$D$89)/100) -> #DIV/0! | E98: lbs per day
A99: Note: See Equation [10-16a] p.10-50
A101: Wcwa = weight of carbon in bulking agent:
A103: Wcwa = Wnwa * C:N = | C103: =$D$98*$E$21 -> #DIV/0! | D103: lbs per day
A104: Note: See Equation [10-17b] p.10-50
A106: Determine the carbon and nitrogen content in manure:
A108: volume of volatile solids in piggery building:
A109: VS = total AU*volatile solids /day*confined in barn = | E109: =$C$26*$C$31*$C$32 -> 0 | F109: lbs per day
A111: weight of carbon in manure:
A112: Wcm = VS÷1.8 = | C112: =$E$109/1.8 -> 0 | D112: lbs per day
A113: Note: See Equation [10-13b] p.10-50
A115: weight of nitrogen in manure:
A117: Wnm = AU * nitrogen production * time swine in piggery building per day
A118: Wnm = | B118: =$C$26*$C$29*$C$32 -> 0 | C118: lbs per day
A120: C:N Ratio of manure: | C120: Wcm/Wnm = | D120: =$C$112/$B$118 -> #DIV/0!
A122: Determine C:N ratio of manure and bulking agent mixture:
A124: C:N = (Wcm+Wcwa)÷(Wnm+Wnwa) = | D124: =(($C$112+$C$103)/($B$118+$D$98)) -> #DIV/0!
A125: Note: See Equation [10-15] p.10-50
A127: If manure and bulking agent mixture C:N Ratio
A128: is at the desired C:N Ratio 25:1 to 40:1
A129: no amendment needed to achieve C:N Ratio
A131: Step 3b - Determine the amount of commercial nitrogen | E131: See note on the instructions sheet regarding alternatives to adding commercial nitrogen, J. Wheaton 14 Mar 14
A132: to add to bring the C:N ratio to 25:1 to 40:1
...

Sheet Ref. Tables
A1: Table 4–3 Unit weights of common bedding materials 1/
C2: Loose | D2: Chopped
A3: Material | C3: - - - - - -lb/ft3- - - - - -
A4: Legume hay | C4: 4.3 | D4: 6.5
A5: Non legume hay | C5: 4 | D5: 6
A6: Straw | C6: 2.5 | D6: 7
A7: Wood shavings | C7: 9
A8: Sawdust | C8: 12
A9: Soil | C9: 75
A10: Sand | C10: 105
A11: Ground limestone | C11: 95
A12: 1/ Adapted from the 1992 version of the AWMFH
A15: Table 6–6 Plant nutrient uptake by specified crop and removed in the harvested part of the crop (Kilmer 1982; Morrison
A16: 1956; Sanchez 1976; USDA 1985)
B17: Dry wt. Typical | D17: - - Average concentration of nutrients (%) - -
B18: lb/bu | C18: yield/acre | D18: N | E18: P | F18: K
A19: Barley | B19: 48 | C19: 50 bu | D19: 1.82 | E19: 0.34 | F19: 0.43
C20: 1 T. straw | D20: 0.75 | E20: 0.11 | F20: 1.25
A21: Buckwheat | B21: 48 | C21: 30 bu | D21: 1.65 | E21: 0.31 | F21: 0.45
C22: 0.5 T. straw | D22: 0.78 | E22: 0.05 | F22: 2.26
A23: Corn | B23: 56 | C23: 120 bu | D23: 1.61 | E23: 0.28 | F23: 0.4
C24: 4.5 T. stover | D24: 1.11 | E24: 0.2 | F24: 1.34
A25: Oats | B25: 32 | C25: 80 bu | D25: 1.95 | E25: 0.34 | F25: 0.49
C26: 2 T. straw | D26: 0.63 | E26: 0.16 | F26: 1.66
A27: Rice | B27: 45 | C27: 5,500 lb | D27: 1.39 | E27: 0.24 | F27: 0.23
C28: 2.5 T. straw | D28: 0.6 | E28: 0.09 | F28: 1.16
A29: Rye | B29: 56 | C29: 30 bu | D29: 2.08 | E29: 0.26 | F29: 0.49
C30: 1.5 T. straw | D30: 0.5 | E30: 0.12 | F30: 0.69
A31: Sorghum | B31: 56 | C31: 60 bu | D31: 1.67 | E31: 0.36 | F31: 0.42
C32: 3 T. stover | D32: 1.08 | E32: 0.15 | F32: 1.31
A33: Wheat | B33: 60 | C33: 40 bu | D33: 2.08 | E33: 0.62 | F33: 0.52
C34: 1.5 T. straw | D34: 0.67 | E34: 0.07 | F34: 0.97
A35: Pulpwood | C35: 98 cords | D35: 0.12 | E35: 0.02 | F35: 0.06
C36: bark, branches | D36: 0.12 | E36: 0.02 | F36: 0.06
A37: Alfalfa | C37: 4 tons | D37: 2.25 | E37: 0.22 | F37: 1.87
A38: Guineagrass | C38: 10 tons | D38: 1.25 | E38: 0.44 | F38: 1.89
A39: Bermudagrass | C39: 8 tons | D39: 1.88 | E39: 0.19 | F39: 1.4
A40: Orchardgrass | C40: 6 tons | D40: 1.47 | E40: 0.2 | F40: 2.16
A41: Pangolagrass | C41: 10 tons | D41: 1.3 | E41: 0.47 | F41: 1.87
A42: Paragrass | C42: 10.5 tons | D42: 0.82 | E42: 0.39 | F42: 1.59
A43: Red clover | C43: 2.5 tons | D43: 2 | E43: 0.22 | F43: 1.66
A44: Ryegrass | C44: 5 tons | D44: 1.67 | E44: 0.27 | F44: 1.42
A45: Tall fescue | C45: 3.5 tons | D45: 1.97 | E45: 0.2 | F45: 2
A46: Leaves | D46: 0.75 | E46: 0.06 | F46: 0.46
A47: Alfalfa haylage (50% dm) | C47: 10 wet/5 dry | D47: 2.79 | E47: 0.33 | F47: 2.32
A48: Corn silage (35% dm) | C48: 20 wet/7 dry | D48: 1.1 | E48: 0.25 | F48: 1.09
A49: Forage sorghum (30% dm) | C49: 20 wet/6 dry | D49: 1.44 | E49: 0.19 | F49: 1.02
A50: Oat haylage (40% dm) | C50: 10 wet/4 dry | D50: 1.6 | E50: 0.28 | F50: 0.94
A51: Sorghum-sudan (50% dm) | C51: 10 wet/5 dry | D51: 1.36 | E51: 0.16 | F51: 1.45
A52: Sugarcane | C52: 37 tons | D52: 0.16 | E52: 0.04 | F52: 0.37
A53: Bermudagrass | C53: 4 tons | D53: 1.88 | E53: 0.19 | F53: 1.4
A55: Table 10–8 Typical carbon to nitrogen ratios of common composting amendments
A56: Material | C56: C:N ratios
A57: Alfalfa (broom stage) | C57: 20
A58: Alfalfa hay | C58: 15
A59: Bark | C59: 120
A60: Cardboard | C60: 300
A61: Cattle manure (with straw) | C61: 25
A62: Cattle manure (liquid) | C62: 12
A63: Dairy manure | C63: 15
A64: Garden wastes | C64: 40
A65: Grass clippings | C65: 19
A66: Green leaves | C66: 45
A67: Horse manure (peat litter) | C67: 45
A68: Leaves (freshly fallen) | C68: 60
... A82: Wood chips | C82: 200
A83: *For further information on C:N ratios, see AWMFH, chapter 4.
A85: Table 2A–1 Typical characteristics of selected raw materials
A86: Material | B86: Type of value | C86: % N | D86: C:N ratio | E86: Moisture content | F86: Bulk density
C87: (dry weight) | D87: (weight to weight) | E87: % (wet weight) | F87: (lb/yd3)
A88: Fruit wastes | B88: Average | C88: 1.4 | D88: 40 | E88: 80 | F88: —
A89: Vegetable produce | B89: Typical | C89: 2.7 | D89: 19 | E89: 87 | F89: 1585
A90: Vegetable wastes | B90: Typical | C90: 3 | D90: 12 | E90: — | F90: —
A91: Poultry carcasses | B91: Typical | C91: 2.4 | D91: 5 | E91: 65 | F91: —
A92: Broiler litter | B92: Average | C92: 2.7 | D92: 14 | E92: 37 | F92: 864
A93: Cattle Manure | B93: Average | C93: 2.4 | D93: 19 | E93: 81 | F93: 1458
A94: Dairy tiestall | B94: Typical | C94: 2.7 | D94: 18 | E94: 79 | F94: —
A95: Dairy freestall | B95: Typical | C95: 3.7 | D95: 13 | E95: 83 | F95: —
A96: Horse | B96: Average | C96: 1.6 | D96: 30 | E96: 72 | F96: 1379
A97: Laying hens | B97: Average | C97: 8 | D97: 6 | E97: 69 | F97: 1479
A98: Sheep | B98: Average | C98: 2.7 | D98: 16 | E98: 69 | F98: —
A99: Swine | B99: Average | C99: 3.1 | D99: 14 | E99: 80 | F99: —
A100: Turkey litter | B100: Average | C100: 2.6 | D100: 16 | E100: 26 | F100: 783
A101: Garbage (food waste) | B101: Typical | C101: 2.5 | D101: 15 | E101: 69 | F101: —
A102: Paper from domestic refuse | B102: Typical | C102: 0.2 | D102: 140 | E102: 19 | F102: —
A103: Hay—legume | B103: Average | C103: 2.5 | D103: 16 | E103: — | F103: —
A104: Hay—nonlegume | B104: Average | C104: 1.3 | D104: 32 | E104: — | F104: —
A105: Straw—general | B105: Average | C105: 0.7 | D105: 80 | E105: 12 | F105: 227
A106: Bark—hardwoods | B106: Average | C106: 0.241 | D106: 223 | E106: — | F106: —
A107: Bark—softwoods | B107: Average | C107: 0.14 | D107: 496 | E107: — | F107: —
A108: Corrugated cardboard | B108: Typical | C108: 0.1 | D108: 563 | E108: 8 | F108: 259
A109: Lumbermill waste | B109: Typical | C109: 0.13 | D109: 170 | E109: — | F109: —
A110: Newsprint | B110: Typical | C110: 0.1 | D110: 625 | E110: 5.5 | F110: 219
A111: Sawdust | B111: Average | C111: 0.24 | D111: 442 | E111: 39 | F111: 410
A112: Telephone books | B112: Typical | C112: 0.7 | D112: 772 | E112: 6 | F112: 250
A113: Wood chips | B113: Typical | C113: — | D113: — | E113: — | F113: 533
A114: Wood—hardwoods (chips, shavings, and so on) | B114: Average | C114: 0.09 | D114: 560 | E114: — | F114: —
A115: Wood—softwoods (chips, shavings, and so on) | B115: Average | C115: 0.09 | D115: 641 | E115: — | F115: — | I115: University of Guam Soil and Plant Testing Laboratory
A116: Grass clippings | B116: Average | C116: 3.4 | D116: 17 | E116: 82 | F116: — | I116: Date In 01/09/97 | K116: Pete Bautista's Samples
A117: Seaweed | B117: Average | C117: 1.9 | D117: 17 | E117: 53 | F117: — | I117: Date Out: 02/20/97 | K117: Collected at Pago Bay Beach, Guam
...
