Workbook
Name MATCHINST: #REF!
Name MATCHINST: #REF!
Name MATCHINST: #REF!
Name MATCHINST: #REF!
Name MATCHINST: #REF!
Name MATCHINST: #REF!

Sheet Comparisons
B1: Outcomes-Based Funding Comparisons to Instruction and Operations Distribution
F2: Option 1 - As proposed for 2014-2015 Compared to Total I&O | J2: Option 1 - As proposed for 2014-2015 Compared to Undergraduate I&O | N2: Option 2 - Option 1 Weighted by Accountability Group | R2: Option 3 - Option 2 with Graduate Degrees | V2: Option 4 - Option 1 Weighted by Carnegie Classification | Z2: Option 5 - Option 4 with Graduate Degrees
A3: FICE | C3: 2014-2015 Instruction and Operations Percent of Total | D3: 2014-2015 Undergraduate Instruction and Operations Percent of Total | F3: 2014-2015 Proposed Model | G3: Percent Difference From 2014-2015 I&O | H3: Difference (Millions) | J3: 2014-2015 Proposed Model | K3: Percent Difference From 2014-2015 Undergraduate I&O | L3: Difference (Millions) | N3: Option 1 Scaled, Weighted, and Monetized by Accountability Group Percent of Total | O3: Percent Difference From 2014-2015 I&O | P3: Difference (Millions) | R3: Option 2 with Graduate Degrees Percent of Total | S3: Percent Difference From 2014-2015 I&O | T3: Difference (Millions) | V3: Option 1 Scaled, Weighted, and Monetized by SREB Carnegie Classification Percent of Total | W3: Percent Difference From 2014-2015 I&O | X3: Difference (Millions) | Z3: Option 4 with Graduate Degrees Percent of Total | AA3: Percent Difference From 2014-2015 I&O | AB3: Difference (Millions)
A4: 3656 | B4: UTA | C4: 0.055594621 | D4: 0.053941374 | F4: ='Option 1'!C5/'Option 1'!$C$43 -> 0.05743312 | G4: =F4-$C4 -> 0.0018384992 | H4: =G4*'Option 1'!$C$43/1000000 -> 0.4320473 | J4: =F4 -> 0.05743312 | K4: =J4-$D4 -> 0.0034917461 | L4: =K4*'Option 2'!$C$43/1000000 -> 0.82056032 | N4: ='Option 2'!C5/'Option 2'!$C$43 -> 0.068730704 | O4: =N4-$D4 -> 0.01478933 | P4: =O4*'Option 2'!$C$43/1000000 -> 3.4754926 | R4: ='Option 3'!C5/'Option 3'!$C$43 -> 0.069265607 | S4: =R4-$D4 -> 0.015324233 | T4: =S4*'Option 3'!$C$43/1000000 -> 3.6011948 | V4: ='Option 4'!C5/'Option 4'!$C$43 -> 0.05735313 | W4: =V4-$D4 -> 0.0034117557 | X4: =W4*'Option 4'!$C$43/1000000 -> 0.80176258 | Z4: ='Option 5'!C5/'Option 5'!$C$43 -> 0.058402527 | AA4: =Z4-$D4 -> 0.0044611533 | AB4: =AA4*'Option 5'!$C$43/1000000 -> 1.048371
A5: 3658 | B5: UT | C5: 0.1201911 | D5: 0.097535368 | F5: ='Option 1'!C6/'Option 1'!$C$43 -> 0.1074438 | G5: =F5-$C5 -> -0.012747303 | H5: =G5*'Option 1'!$C$43/1000000 -> -2.9956163 | J5: =F5 -> 0.1074438 | K5: =J5-$D5 -> 0.0099084331 | L5: =K5*'Option 2'!$C$43/1000000 -> 2.3284818 | N5: ='Option 2'!C6/'Option 2'!$C$43 -> 0.10417329 | O5: =N5-$D5 -> 0.006637918 | P5: =O5*'Option 2'!$C$43/1000000 -> 1.5599107 | R5: ='Option 3'!C6/'Option 3'!$C$43 -> 0.11732626 | S5: =R5-$D5 -> 0.019790889 | T5: =S5*'Option 3'!$C$43/1000000 -> 4.6508589 | V5: ='Option 4'!C6/'Option 4'!$C$43 -> 0.11095472 | W5: =V5-$D5 -> 0.013419351 | X5: =W5*'Option 4'!$C$43/1000000 -> 3.1535474 | Z5: ='Option 5'!C6/'Option 5'!$C$43 -> 0.12592857 | AA5: =Z5-$D5 -> 0.028393203 | AB5: =AA5*'Option 5'!$C$43/1000000 -> 6.6724027
A6: 9741 | B6: UTD | C6: 0.04471444 | D6: 0.030845131 | F6: ='Option 1'!C7/'Option 1'!$C$43 -> 0.02796093 | G6: =F6-$C6 -> -0.01675351 | H6: =G6*'Option 1'!$C$43/1000000 -> -3.9370748 | J6: =F6 -> 0.02796093 | K6: =J6-$D6 -> -0.0028842008 | L6: =K6*'Option 2'!$C$43/1000000 -> -0.67778718 | N6: ='Option 2'!C7/'Option 2'!$C$43 -> 0.034842871 | O6: =N6-$D6 -> 0.00399774 | P6: =O6*'Option 2'!$C$43/1000000 -> 0.93946891 | R6: ='Option 3'!C7/'Option 3'!$C$43 -> 0.040582548 | S6: =R6-$D6 -> 0.0097374167 | T6: =S6*'Option 3'!$C$43/1000000 -> 2.2882929 | V6: ='Option 4'!C7/'Option 4'!$C$43 -> 0.030295854 | W6: =V6-$D6 -> -0.00054927733 | X6: =W6*'Option 4'!$C$43/1000000 -> -0.12908017 | Z6: ='Option 5'!C7/'Option 5'!$C$43 -> 0.036704219 | AA6: =Z6-$D6 -> 0.0058590882 | AB6: =AA6*'Option 5'!$C$43/1000000 -> 1.3768857
A7: 3661 | B7: UTEP | C7: 0.033143125 | D7: 0.0380679 | F7: ='Option 1'!C8/'Option 1'!$C$43 -> 0.0378017 | G7: =F7-$C7 -> 0.004658575 | H7: =G7*'Option 1'!$C$43/1000000 -> 1.0947651 | J7: =F7 -> 0.0378017 | K7: =J7-$D7 -> -0.00026619948 | L7: =K7*'Option 2'!$C$43/1000000 -> -0.062556878 | N7: ='Option 2'!C8/'Option 2'!$C$43 -> 0.03320388 | O7: =N7-$D7 -> -0.0048640201 | P7: =O7*'Option 2'!$C$43/1000000 -> -1.1430447 | R7: ='Option 3'!C8/'Option 3'!$C$43 -> 0.030961007 | S7: =R7-$D7 -> -0.0071068926 | T7: =S7*'Option 3'!$C$43/1000000 -> -1.6701198 | V7: ='Option 4'!C8/'Option 4'!$C$43 -> 0.035365373 | W7: =V7-$D7 -> -0.0027025267 | X7: =W7*'Option 4'!$C$43/1000000 -> -0.63509378 | Z7: ='Option 5'!C8/'Option 5'!$C$43 -> 0.033231056 | AA7: =Z7-$D7 -> -0.0048368439 | AB7: =AA7*'Option 5'!$C$43/1000000 -> -1.1366583
A8: 3599 | B8: UTPA | C8: 0.027407848 | D8: 0.036041181 | F8: ='Option 1'!C9/'Option 1'!$C$43 -> 0.033414305 | G8: =F8-$C8 -> 0.0060064575 | H8: =G8*'Option 1'!$C$43/1000000 -> 1.4115175 | J8: =F8 -> 0.033414305 | K8: =J8-$D8 -> -0.0026268755 | L8: =K8*'Option 2'!$C$43/1000000 -> -0.61731575 | N8: ='Option 2'!C9/'Option 2'!$C$43 -> 0.027727596 | O8: =N8-$D8 -> -0.0083135849 | P8: =O8*'Option 2'!$C$43/1000000 -> -1.9536924 | R8: ='Option 3'!C9/'Option 3'!$C$43 -> 0.024458088 | S8: =R8-$D8 -> -0.011583093 | T8: =S8*'Option 3'!$C$43/1000000 -> -2.7220268 | V8: ='Option 4'!C9/'Option 4'!$C$43 -> 0.029532596 | W8: =V8-$D8 -> -0.0065085845 | X8: =W8*'Option 4'!$C$43/1000000 -> -1.5295173 | Z8: ='Option 5'!C9/'Option 5'!$C$43 -> 0.026251346 | AA8: =Z8-$D8 -> -0.0097898353 | AB8: =AA8*'Option 5'!$C$43/1000000 -> -2.3006113
A9: 30646 | B9: UTB | C9: 0.0098207333 | D9: 0.013127311 | F9: ='Option 1'!C10/'Option 1'!$C$43 -> 0.011024062 | G9: =F9-$C9 -> 0.0012033289 | H9: =G9*'Option 1'!$C$43/1000000 -> 0.28278228 | J9: =F9 -> 0.011024062 | K9: =J9-$D9 -> -0.0021032491 | L9: =K9*'Option 2'!$C$43/1000000 -> -0.49426354 | N9: ='Option 2'!C10/'Option 2'!$C$43 -> 0.011084062 | O9: =N9-$D9 -> -0.0020432496 | P9: =O9*'Option 2'!$C$43/1000000 -> -0.48016367 | R9: ='Option 3'!C10/'Option 3'!$C$43 -> 0.0098077039 | S9: =R9-$D9 -> -0.0033196073 | T9: =S9*'Option 3'!$C$43/1000000 -> -0.78010772 | V9: ='Option 4'!C10/'Option 4'!$C$43 -> 0.011805608 | W9: =V9-$D9 -> -0.0013217037 | X9: =W9*'Option 4'!$C$43/1000000 -> -0.31060036 | Z9: ='Option 5'!C10/'Option 5'!$C$43 -> 0.010051137 | AA9: =Z9-$D9 -> -0.0030761738 | AB9: =AA9*'Option 5'!$C$43/1000000 -> -0.72290085
A10: 9930 | B10: UTPB | C10: 0.0050772741 | D10: 0.006658598 | F10: ='Option 1'!C11/'Option 1'!$C$43 -> 0.0058857016 | G10: =F10-$C10 -> 0.00080842752 | H10: =G10*'Option 1'!$C$43/1000000 -> 0.18998047 | J10: =F10 -> 0.0058857016 | K10: =J10-$D10 -> -0.00077289639 | L10: =K10*'Option 2'!$C$43/1000000 -> -0.18163065 | N10: ='Option 2'!C11/'Option 2'!$C$43 -> 0.0060194865 | O10: =N10-$D10 -> -0.00063911151 | P10: =O10*'Option 2'!$C$43/1000000 -> -0.15019121 | R10: ='Option 3'!C11/'Option 3'!$C$43 -> 0.0055169267 | S10: =R10-$D10 -> -0.0011416713 | T10: =S10*'Option 3'!$C$43/1000000 -> -0.26829275 | V10: ='Option 4'!C11/'Option 4'!$C$43 -> 0.0064113407 | W10: =V10-$D10 -> -0.0002472573 | X10: =W10*'Option 4'!$C$43/1000000 -> -0.058105464 | Z10: ='Option 5'!C11/'Option 5'!$C$43 -> 0.0055276514 | AA10: =Z10-$D10 -> -0.0011309466 | AB10: =AA10*'Option 5'!$C$43/1000000 -> -0.26577245
A11: 10115 | B11: UTSA | C11: 0.044912894 | D11: 0.051993931 | F11: ='Option 1'!C12/'Option 1'!$C$43 -> 0.050267953 | G11: =F11-$C11 -> 0.0053550593 | H11: =G11*'Option 1'!$C$43/1000000 -> 1.2584389 | J11: =F11 -> 0.050267953 | K11: =J11-$D11 -> -0.0017259779 | L11: =K11*'Option 2'!$C$43/1000000 -> -0.40560481 | N11: ='Option 2'!C12/'Option 2'!$C$43 -> 0.043095631 | O11: =N11-$D11 -> -0.0088983006 | P11: =O11*'Option 2'!$C$43/1000000 -> -2.0911006 | R11: ='Option 3'!C12/'Option 3'!$C$43 -> 0.038576311 | S11: =R11-$D11 -> -0.013417621 | T11: =S11*'Option 3'!$C$43/1000000 -> -3.1531408 | V11: ='Option 4'!C12/'Option 4'!$C$43 -> 0.045901054 | W11: =V11-$D11 -> -0.0060928778 | X11: =W11*'Option 4'!$C$43/1000000 -> -1.4318263 | Z11: ='Option 5'!C12/'Option 5'!$C$43 -> 0.041404711 | AA11: =Z11-$D11 -> -0.010589221 | AB11: =AA11*'Option 5'!$C$43/1000000 -> -2.4884669
A12: 11163 | B12: UTT | C12: 0.010834468 | D12: 0.012069402 | F12: ='Option 1'!C13/'Option 1'!$C$43 -> 0.013484386 | G12: =F12-$C12 -> 0.002649918 | H12: =G12*'Option 1'!$C$43/1000000 -> 0.62273073 | J12: =F12 -> 0.013484386 | K12: =J12-$D12 -> 0.0014149841 | L12: =K12*'Option 2'!$C$43/1000000 -> 0.33252127 | N12: ='Option 2'!C13/'Option 2'!$C$43 -> 0.012763807 | O12: =N12-$D12 -> 0.00069440541 | P12: =O12*'Option 2'!$C$43/1000000 -> 0.16318527 | R12: ='Option 3'!C13/'Option 3'!$C$43 -> 0.012123756 | S12: =R12-$D12 -> 5.4354351e-05 | T12: =S12*'Option 3'!$C$43/1000000 -> 0.012773272 | V12: ='Option 4'!C13/'Option 4'!$C$43 -> 0.0135947 | W12: =V12-$D12 -> 0.0015252988 | X12: =W12*'Option 4'!$C$43/1000000 -> 0.35844522 | Z12: ='Option 5'!C13/'Option 5'!$C$43 -> 0.012257064 | AA12: =Z12-$D12 -> 0.00018766267 | AB12: =AA12*'Option 5'!$C$43/1000000 -> 0.044100727
A13: 3632 | B13: TAMU | C13: 0.12924678 | D13: 0.10514316 | F13: ='Option 1'!C14/'Option 1'!$C$43 -> 0.1086895 | G13: =F13-$C13 -> -0.020557277 | H13: =G13*'Option 1'!$C$43/1000000 -> -4.8309601 | J13: =F13 -> 0.1086895 | K13: =J13-$D13 -> 0.0035463352 | L13: =K13*'Option 2'!$C$43/1000000 -> 0.83338876 | N13: ='Option 2'!C14/'Option 2'!$C$43 -> 0.10482702 | O13: =N13-$D13 -> -0.00031614231 | P13: =O13*'Option 2'!$C$43/1000000 -> -0.074293443 | R13: ='Option 3'!C14/'Option 3'!$C$43 -> 0.10194245 | S13: =R13-$D13 -> -0.0032007146 | T13: =S13*'Option 3'!$C$43/1000000 -> -0.75216794 | V13: ='Option 4'!C14/'Option 4'!$C$43 -> 0.11165101 | W13: =V13-$D13 -> 0.0065078469 | X13: =W13*'Option 4'!$C$43/1000000 -> 1.529344 | Z13: ='Option 5'!C14/'Option 5'!$C$43 -> 0.10941683 | AA13: =Z13-$D13 -> 0.004273665 | AB13: =AA13*'Option 5'!$C$43/1000000 -> 1.0043113
A14: 10298 | B14: TAMUG | C14: 0.0051146603 | D14: 0.0070859753 | F14: ='Option 1'!C15/'Option 1'!$C$43 -> 0.0059921021 | G14: =F14-$C14 -> 0.00087744178 | H14: =G14*'Option 1'!$C$43/1000000 -> 0.20619882 | J14: =F14 -> 0.0059921021 | K14: =J14-$D14 -> -0.0010938731 | L14: =K14*'Option 2'!$C$43/1000000 -> -0.25706019 | N14: ='Option 2'!C15/'Option 2'!$C$43 -> 0.009023132 | O14: =N14-$D14 -> 0.0019371568 | P14: =O14*'Option 2'!$C$43/1000000 -> 0.45523184 | R14: ='Option 3'!C15/'Option 3'!$C$43 -> 0.0072996992 | S14: =R14-$D14 -> 0.0002137239 | T14: =S14*'Option 3'!$C$43/1000000 -> 0.050225117 | V14: ='Option 4'!C15/'Option 4'!$C$43 -> 0.010508201 | W14: =V14-$D14 -> 0.003422226 | X14: =W14*'Option 4'!$C$43/1000000 -> 0.80422311 | Z14: ='Option 5'!C15/'Option 5'!$C$43 -> 0.0091573236 | AA14: =Z14-$D14 -> 0.0020713483 | AB14: =AA14*'Option 5'!$C$43/1000000 -> 0.48676686
A15: 3630 | B15: Prairie View | C15: 0.012996729 | D15: 0.015279411 | F15: ='Option 1'!C16/'Option 1'!$C$43 -> 0.013402905 | G15: =F15-$C15 -> 0.00040617689 | H15: =G15*'Option 1'!$C$43/1000000 -> 0.095451569 | J15: =F15 -> 0.013402905 | K15: =J15-$D15 -> -0.0018765054 | L15: =K15*'Option 2'!$C$43/1000000 -> -0.44097876 | N15: ='Option 2'!C16/'Option 2'!$C$43 -> 0.011525931 | O15: =N15-$D15 -> -0.0037534796 | P15: =O15*'Option 2'!$C$43/1000000 -> -0.88206771 | R15: ='Option 3'!C16/'Option 3'!$C$43 -> 0.011332473 | S15: =R15-$D15 -> -0.0039469378 | T15: =S15*'Option 3'!$C$43/1000000 -> -0.92753039 | V15: ='Option 4'!C16/'Option 4'!$C$43 -> 0.012276242 | W15: =V15-$D15 -> -0.003003169 | X15: =W15*'Option 4'!$C$43/1000000 -> -0.70574471 | Z15: ='Option 5'!C16/'Option 5'!$C$43 -> 0.011777012 | AA15: =Z15-$D15 -> -0.0035023988 | AB15: =AA15*'Option 5'!$C$43/1000000 -> -0.82306372
... A41: 20 | B41: SRRG | C41: 0.0011186188 | D41: 0.0014792799 | F41: ='Option 1'!C42/'Option 1'!$C$43 -> 0.0015991513 | G41: =F41-$C41 -> 0.00048053254 | H41: =G41*'Option 1'!$C$43/1000000 -> 0.11292515 | J41: =F41 -> 0.0015991513 | K41: =J41-$D41 -> 0.00011987141 | L41: =K41*'Option 2'!$C$43/1000000 -> 0.028169781 | N41: ='Option 2'!C42/'Option 2'!$C$43 -> 0.0031780346 | O41: =N41-$D41 -> 0.0016987547 | P41: =O41*'Option 2'!$C$43/1000000 -> 0.39920736 | R41: ='Option 3'!C42/'Option 3'!$C$43 -> 0.0025786324 | S41: =R41-$D41 -> 0.0010993524 | T41: =S41*'Option 3'!$C$43/1000000 -> 0.25834782 | V41: ='Option 4'!C42/'Option 4'!$C$43 -> 0.0033849171 | W41: =V41-$D41 -> 0.0019056372 | X41: =W41*'Option 4'!$C$43/1000000 -> 0.44782475 | Z41: ='Option 5'!C42/'Option 5'!$C$43 -> 0.0027676967 | AA41: =Z41-$D41 -> 0.0012884167 | AB41: =AA41*'Option 5'!$C$43/1000000 -> 0.30277793
B42: Total | C42: =SUM(C4:C41) -> 1 | D42: =SUM(D4:D41) -> 1 | F42: =SUM(F4:F41) -> 1 | G42: =F42-$C42 -> 0 | H42: =SUM(H4:H41) -> 7.0402018e-14 | J42: =SUM(J4:J41) -> 1 | K42: =J42-$D42 -> 0 | L42: =SUM(L4:L41) -> 1.1370072e-13 | N42: ='Option 2'!C43/'Option 2'!$C$43 -> 1 | O42: =N42-$D42 -> 0 | P42: =SUM(P4:P41) -> -1.1934898e-14 | R42: =SUM(R4:R41) -> 1 | S42: =R42-$D42 -> 0 | T42: =SUM(T4:T41) -> 6.7834627e-14 | V42: =SUM(V4:V41) -> 1 | W42: =V42-$D42 -> 0 | X42: =SUM(X4:X41) -> 1.1712853e-14 | Z42: =SUM(Z4:Z41) -> 1 | AA42: =Z42-$D42 -> 0 | AB42: =SUM(AB4:AB41) -> 2.2537527e-14
B44: Total Losses | G44: =SUMIF(H4:H41,"<0") -> -22.19944 | K44: =SUMIF(L4:L41,"<0") -> -8.1746703 | P44: =SUMIF(P4:P41,"<0") -> -16.935703 | S44: =SUMIF(T4:T41,"<0") -> -23.579271 | W44: =SUMIF(X4:X41,"<0") -> -13.340664 | AA44: =SUMIF(AB4:AB41,"<0") -> -18.541714

Sheet Option 1
A1: Option 1 - Outcomes Based Funding (FY 2010 - FY 2012 Averaged) with Total Degrees adjusted by Six-Year Graduation Rate (3-Year Rate for Upper-Levels), Total Degrees per 100 FTSE, Critical Field Degrees (weighted 2), At-Risk Degrees, Retention Metrics of 30, 60, and 90 hours, and Total Degrees adjusted by Cost Based Weights. Funded at 10 percent of undergraduate formula funding.
A3: FICE | B3: Name | C3: Funding | D3: Total Undergraduate Degrees | H3: Undergraduate Critical Field Degrees | I3: Math and Science Teaching Certificates | J3: At-Risk Degrees | K3: Retention Metrics
E4: Adjusted by 6-Year Graduation Rate | F4: per 100 FTSE | G4: Cost Weighted | K4: 30 Hours | L4: 60 Hours | M4: 90 Hours
A5: 3656 | B5: UTA | C5: =C49/$C$87*$C$43 -> 13496783 | D5: =D49/$C$87*$C$43 -> 1841931 | E5: =E49/$C$87*$C$43 -> 954734.24 | F5: =F49/$C$87*$C$43 -> 10866.508 | G5: =G49/$C$87*$C$43 -> 3824283.9 | H5: =H49/$C$87*$C$43 -> 1124197 | I5: =I49/$C$87*$C$43 -> 25694.534 | J5: =J49/$C$87*$C$43 -> 1143773.8 | ... M5: =M49/$C$87*$C$43 -> 654721.19
A6: 3658 | B6: UT | C6: =C50/$C$87*$C$43 -> 25249293 | D6: =D50/$C$87*$C$43 -> 3283883.8 | E6: =E50/$C$87*$C$43 -> 2722339.6 | F6: =F50/$C$87*$C$43 -> 9726.3692 | G6: =G50/$C$87*$C$43 -> 7120450.8 | H6: =H50/$C$87*$C$43 -> 1377471.7 | I6: =I50/$C$87*$C$43 -> 48452.549 | J6: =J50/$C$87*$C$43 -> 1273837.1 | ... M6: =M50/$C$87*$C$43 -> 2584258.3
A7: 9741 | B7: UTD | C7: =C51/$C$87*$C$43 -> 6570818.6 | D7: =D51/$C$87*$C$43 -> 878385.99 | E7: =E51/$C$87*$C$43 -> 617505.35 | F7: =F51/$C$87*$C$43 -> 9848.2598 | G7: =G51/$C$87*$C$43 -> 1872472 | H7: =H51/$C$87*$C$43 -> 309557.95 | I7: =I51/$C$87*$C$43 -> 23492.145 | J7: =J51/$C$87*$C$43 -> 484403.14 | ... M7: =M51/$C$87*$C$43 -> 374895.48
A8: 3661 | B8: UTEP | C8: =C52/$C$87*$C$43 -> 8883399.6 | D8: =D52/$C$87*$C$43 -> 1122117 | E8: =E52/$C$87*$C$43 -> 437625.63 | F8: =F52/$C$87*$C$43 -> 8395.0996 | G8: =G52/$C$87*$C$43 -> 2311802 | H8: =H52/$C$87*$C$43 -> 480854.85 | I8: =I52/$C$87*$C$43 -> 66071.658 | J8: =J52/$C$87*$C$43 -> 904569.94 | ... M8: =M52/$C$87*$C$43 -> 717978.69
A9: 3599 | B9: UTPA | C9: =C53/$C$87*$C$43 -> 7852361.8 | D9: =D53/$C$87*$C$43 -> 947027.1 | E9: =E53/$C$87*$C$43 -> 408168.68 | F9: =F53/$C$87*$C$43 -> 7522.0713 | G9: =G53/$C$87*$C$43 -> 1884571.7 | H9: =H53/$C$87*$C$43 -> 381992.07 | I9: =I53/$C$87*$C$43 -> 20555.627 | J9: =J53/$C$87*$C$43 -> 858319.78 | ... M9: =M53/$C$87*$C$43 -> 711860.94
A10: 30646 | B10: UTB | C10: =C54/$C$87*$C$43 -> 2590654.6 | D10: =D54/$C$87*$C$43 -> 400834.73 | E10: =E54/$C$87*$C$43 -> 230579.41 | F10: =F54/$C$87*$C$43 -> 12649.506 | G10: =G54/$C$87*$C$43 -> 770026.02 | H10: =H54/$C$87*$C$43 -> 91276.772 | I10: =I54/$C$87*$C$43 -> 13459.041 | J10: =J54/$C$87*$C$43 -> 343817.33 | ... M10: =M54/$C$87*$C$43 -> 36951.187
A11: 9930 | B11: UTPB | C11: =C55/$C$87*$C$43 -> 1383139.9 | D11: =D55/$C$87*$C$43 -> 195767.88 | E11: =E55/$C$87*$C$43 -> 86920.937 | F11: =F55/$C$87*$C$43 -> 8488.4369 | G11: =G55/$C$87*$C$43 -> 367621.48 | H11: =H55/$C$87*$C$43 -> 30344.021 | I11: =I55/$C$87*$C$43 -> 7341.2953 | J11: =J55/$C$87*$C$43 -> 146458.84 | ... M11: =M55/$C$87*$C$43 -> 71332.92
A12: 10115 | B12: UTSA | C12: =C56/$C$87*$C$43 -> 11812969 | D12: =D56/$C$87*$C$43 -> 1512184.5 | E12: =E56/$C$87*$C$43 -> 637637.79 | F12: =F56/$C$87*$C$43 -> 7429.7705 | G12: =G56/$C$87*$C$43 -> 3088561.3 | H12: =H56/$C$87*$C$43 -> 287778.78 | I12: =I56/$C$87*$C$43 -> 36461.767 | J12: =J56/$C$87*$C$43 -> 1146588 | ... M12: =M56/$C$87*$C$43 -> 960119.08
A13: 11163 | B13: UTT | C13: =C57/$C$87*$C$43 -> 3168830.6 | D13: =D57/$C$87*$C$43 -> 436807.07 | E13: =E57/$C$87*$C$43 -> 225246.85 | F13: =F57/$C$87*$C$43 -> 10738.752 | G13: =G57/$C$87*$C$43 -> 867249.24 | H13: =H57/$C$87*$C$43 -> 276522.12 | I13: =I57/$C$87*$C$43 -> 10277.813 | J13: =J57/$C$87*$C$43 -> 345897.37 | ... M13: =M57/$C$87*$C$43 -> 142176.42
A14: 3632 | B14: TAMU | C14: =C58/$C$87*$C$43 -> 25542032 | D14: =D58/$C$87*$C$43 -> 3208023.7 | E14: =E58/$C$87*$C$43 -> 2696878.6 | F14: =F58/$C$87*$C$43 -> 9265.4072 | G14: =G58/$C$87*$C$43 -> 7379769.9 | H14: =H58/$C$87*$C$43 -> 1294270.4 | I14: =I58/$C$87*$C$43 -> 92500.321 | J14: =J58/$C$87*$C$43 -> 1366949.2 | ... M14: =M58/$C$87*$C$43 -> 2531890.4
A15: 10298 | B15: TAMUG | C15: =C59/$C$87*$C$43 -> 1408144 | D15: =D59/$C$87*$C$43 -> 151597.75 | E15: =E59/$C$87*$C$43 -> 95102.321 | F15: =F59/$C$87*$C$43 -> 9029.4085 | G15: =G59/$C$87*$C$43 -> 387635.08 | H15: =H59/$C$87*$C$43 -> 41111.254 | I15: =I59/$C$87*$C$43 -> 0 | J15: =J59/$C$87*$C$43 -> 86994.35 | ... M15: =M59/$C$87*$C$43 -> 135446.9
A16: 3630 | B16: Prairie View | C16: =C60/$C$87*$C$43 -> 3149682.8 | D16: =D60/$C$87*$C$43 -> 343694.98 | E16: =E60/$C$87*$C$43 -> 127739.97 | F16: =F60/$C$87*$C$43 -> 5808.3184 | G16: =G60/$C$87*$C$43 -> 760888.56 | H16: =H60/$C$87*$C$43 -> 231740.22 | I16: =I60/$C$87*$C$43 -> 7096.5855 | J16: =J60/$C$87*$C$43 -> 294630.65 | ... M16: =M60/$C$87*$C$43 -> 332315.97
... A42: 20 | B42: SRRG | C42: =C86/$C$87*$C$43 -> 375800.56 | D42: =D86/$C$87*$C$43 -> 59342.137 | E42: =E86/$C$87*$C$43 -> 18854.64 | F42: =F86/$C$87*$C$43 -> 13433.252 | G42: =G86/$C$87*$C$43 -> 102473.47 | H42: =H86/$C$87*$C$43 -> 4649.4871 | I42: =I86/$C$87*$C$43 -> 4160.0674 | J42: =J86/$C$87*$C$43 -> 52857.327 | ... M42: =M86/$C$87*$C$43 -> 1590.614
B43: Total | C43: ='Option 2'!C43 -> 235000000 | D43: =SUM(D5:D42) -> 30999904 | E43: =SUM(E5:E42) -> 18029549 | F43: =SUM(F5:F42) -> 376487.21 | G43: =SUM(G5:G42) -> 63433620 | H43: =SUM(H5:H42) -> 10257258 | I43: =SUM(I5:I42) -> 879731.89 | J43: =SUM(J5:J42) -> 20014390 | K43: =SUM(K5:K42) -> 42032158 | ... M43: =SUM(M5:M42) -> 18692773
C44: 0.1 | D44: Percent of Undergraduate Funding
A45: Points Weighted Three-Year Average
A46: FICE | B46: Name | C46: Total Points | D46: Total Undergraduate Degrees | H46: Undergraduate Critical Field Degrees | I46: Math and Science Teaching Certificates | J46: At-Risk Degrees | K46: Retention Metrics
E47: Adjusted by 6-Year Graduation Rate | F47: per 100 FTSE | G47: Cost Weighted | K47: 30 Hours | L47: 60 Hours | M47: 90 Hours
A48: Weights | D48: 1 | E48: 1 | F48: 1 | G48: 1 | H48: 2 | I48: 2 | J48: 1 | K48: 1 | L48: 1 | M48: 1
A49: =A5 -> 3656 | B49: =B5 -> UTA | C49: =SUM(D49:M49) -> 36769.487 | D49: =D91*D$48 -> 5018 | E49: =D91*E91*E$48 -> 2600.9967 | F49: =IFERROR(D91/F91*100*F$48,0) -> 29.603788 | G49: =G91*G$48 -> 10418.553 | H49: =H91*H$48 -> 3062.6667 | I49: =I91*I$48 -> 70 | J49: =J91*J$48 -> 3116 | K49: =K91*K$48 -> 6836.3333 | L49: =L91*L$48 -> 3833.6667 | M49: =M91*M$48 -> 1783.6667
A50: =A6 -> 3658 | B50: =B6 -> UT | C50: =SUM(D50:M50) -> 68787.025 | D50: =D92*D$48 -> 8946.3333 | E50: =D92*E92*E$48 -> 7416.5103 | F50: =IFERROR(D92/F92*100*F$48,0) -> 26.497692 | G50: =G92*G$48 -> 19398.35 | H50: =H92*H$48 -> 3752.6667 | I50: =I92*I$48 -> 132 | J50: =J92*J$48 -> 3470.3333 | K50: =K92*K$48 -> 9598.3333 | L50: =L92*L$48 -> 9005.6667 | M50: =M92*M$48 -> 7040.3333
A51: =A7 -> 9741 | B51: =B7 -> UTD | C51: =SUM(D51:M51) -> 17900.979 | D51: =D93*D$48 -> 2393 | E51: =D93*E93*E$48 -> 1682.279 | F51: =IFERROR(D93/F93*100*F$48,0) -> 26.829761 | G51: =G93*G$48 -> 5101.2033 | H51: =H93*H$48 -> 843.33333 | I51: =I93*I$48 -> 64 | J51: =J93*J$48 -> 1319.6667 | K51: =K93*K$48 -> 3315 | L51: =L93*L$48 -> 2134.3333 | M51: =M93*M$48 -> 1021.3333
A52: =A8 -> 3661 | B52: =B8 -> UTEP | C52: =SUM(D52:M52) -> 24201.178 | D52: =D94*D$48 -> 3057 | E52: =D94*E94*E$48 -> 1192.23 | F52: =IFERROR(D94/F94*100*F$48,0) -> 22.870895 | G52: =G94*G$48 -> 6298.0767 | H52: =H94*H$48 -> 1310 | I52: =I94*I$48 -> 180 | J52: =J94*J$48 -> 2464.3333 | K52: =K94*K$48 -> 4362.6667 | L52: =L94*L$48 -> 3358 | M52: =M94*M$48 -> 1956
A53: =A9 -> 3599 | B53: =B9 -> UTPA | C53: =SUM(D53:M53) -> 21392.306 | D53: =D95*D$48 -> 2580 | E53: =D95*E95*E$48 -> 1111.98 | F53: =IFERROR(D95/F95*100*F$48,0) -> 20.49249 | G53: =G95*G$48 -> 5134.1667 | H53: =H95*H$48 -> 1040.6667 | I53: =I95*I$48 -> 56 | J53: =J95*J$48 -> 2338.3333 | K53: =K95*K$48 -> 4075.3333 | L53: =L95*L$48 -> 3096 | M53: =M95*M$48 -> 1939.3333
A54: =A10 -> 30646 | B54: =B10 -> UTB | C54: =SUM(D54:M54) -> 7057.7588 | D54: =D96*D$48 -> 1092 | E54: =D96*E96*E$48 -> 628.17092 | F54: =IFERROR(D96/F96*100*F$48,0) -> 34.461236 | G54: =G96*G$48 -> 2097.7933 | H54: =H96*H$48 -> 248.66667 | I54: =I96*I$48 -> 36.666667 | J54: =J96*J$48 -> 936.66667 | K54: =K96*K$48 -> 1326.3333 | L54: =L96*L$48 -> 556.33333 | M54: =M96*M$48 -> 100.66667
A55: =A11 -> 9930 | B55: =B11 -> UTPB | C55: =SUM(D55:M55) -> 3768.1085 | D55: =D97*D$48 -> 533.33333 | E55: =D97*E97*E$48 -> 236.8 | F55: =IFERROR(D97/F97*100*F$48,0) -> 23.125175 | G55: =G97*G$48 -> 1001.5167 | H55: =H97*H$48 -> 82.666667 | I55: =I97*I$48 -> 20 | J55: =J97*J$48 -> 399 | K55: =K97*K$48 -> 785.66667 | L55: =L97*L$48 -> 491.66667 | M55: =M97*M$48 -> 194.33333
A56: =A12 -> 10115 | B56: =B12 -> UTSA | C56: =SUM(D56:M56) -> 32182.247 | D56: =D98*D$48 -> 4119.6667 | E56: =D98*E98*E$48 -> 1737.1261 | F56: =IFERROR(D98/F98*100*F$48,0) -> 20.241034 | G56: =G98*G$48 -> 8414.2133 | H56: =H98*H$48 -> 784 | I56: =I98*I$48 -> 99.333333 | J56: =J98*J$48 -> 3123.6667 | K56: =K98*K$48 -> 6809.6667 | L56: =L98*L$48 -> 4458.6667 | M56: =M98*M$48 -> 2615.6667
A57: =A13 -> 11163 | B57: =B13 -> UTT | C57: =SUM(D57:M57) -> 8632.8924 | D57: =D99*D$48 -> 1190 | E57: =D99*E99*E$48 -> 613.64333 | F57: =IFERROR(D99/F99*100*F$48,0) -> 29.255741 | G57: =G99*G$48 -> 2362.66 | H57: =H99*H$48 -> 753.33333 | I57: =I99*I$48 -> 28 | J57: =J99*J$48 -> 942.33333 | K57: =K99*K$48 -> 1436.3333 | L57: =L99*L$48 -> 890 | M57: =M99*M$48 -> 387.33333
A58: =A14 -> 3632 | B58: =B14 -> TAMU | C58: =SUM(D58:M58) -> 69584.538 | D58: =D100*D$48 -> 8739.6667 | E58: =D100*E100*E$48 -> 7347.1464 | F58: =IFERROR(D100/F100*100*F$48,0) -> 25.241887 | G58: =G100*G$48 -> 20104.817 | H58: =H100*H$48 -> 3526 | I58: =I100*I$48 -> 252 | J58: =J100*J$48 -> 3724 | K58: =K100*K$48 -> 10060.667 | L58: =L100*L$48 -> 8907.3333 | M58: =M100*M$48 -> 6897.6667
A59: =A15 -> 10298 | B59: =B15 -> TAMUG | C59: =SUM(D59:M59) -> 3836.2276 | D59: =D101*D$48*1.5 -> 413 | E59: =D101*E101*E$48*1.5 -> 259.08867 | F59: =IFERROR(D101/F101*100*F$48,0)*1.5 -> 24.598952 | G59: =G101*G$48*1.5 -> 1056.04 | H59: =H101*H$48*1.5 -> 112 | I59: =I101*I$48*1.5 -> 0 | J59: =J101*J$48*1.5 -> 237 | K59: =K101*K$48*1.5 -> 888.5 | L59: =L101*L$48*1.5 -> 477 | M59: =M101*M$48*1.5 -> 369
A60: =A16 -> 3630 | B60: =B16 -> Prairie View | C60: =SUM(D60:M60) -> 8580.7276 | D60: =D102*D$48 -> 936.33333 | E60: =D102*E102*E$48 -> 348.00389 | F60: =IFERROR(D102/F102*100*F$48,0) -> 15.823688 | G60: =G102*G$48 -> 2072.9 | H60: =H102*H$48 -> 631.33333 | I60: =I102*I$48 -> 19.333333 | J60: =J102*J$48 -> 802.66667 | K60: =K102*K$48 -> 1668 | L60: =L102*L$48 -> 1181 | M60: =M102*M$48 -> 905.33333
A61: =A17 -> 3631 | B61: =B17 -> Tarleton | C61: =SUM(D61:M61) -> 11473.106 | D61: =D103*D$48 -> 1545.3333 | E61: =D103*E103*E$48 -> 738.66933 | F61: =IFERROR(D103/F103*100*F$48,0) -> 24.559768 | G61: =G103*G$48 -> 3122.5433 | H61: =H103*H$48 -> 406 | I61: =I103*I$48 -> 95.333333 | J61: =J103*J$48 -> 1195 | K61: =K103*K$48 -> 2154.3333 | L61: =L103*L$48 -> 1328.6667 | M61: =M103*M$48 -> 862.66667
A62: =A18 -> 103631 | B62: =B18 -> TAMUCT | C62: =SUM(D62:M62) -> 2671.9105 | D62: =D104*D$48 -> 460.33333 | E62: =D104*E104*E$48 -> 220.03933 | F62: =IFERROR(D104/F104*100*F$48,0) -> 67.58785 | G62: =G104*G$48 -> 853.61667 | H62: =H104*H$48 -> 81.333333 | I62: =I104*I$48 -> 0 | J62: =J104*J$48 -> 327 | K62: =K104*K$48 -> 495 | L62: =L104*L$48 -> 133 | M62: =M104*M$48 -> 34
A63: =A19 -> 11161 | B63: =B19 -> TAMUCC | C63: =SUM(D63:M63) -> 10983.517 | D63: =D105*D$48 -> 1388.3333 | E63: =D105*E105*E$48 -> 705.27333 | F63: =IFERROR(D105/F105*100*F$48,0) -> 21.376514 | G63: =G105*G$48 -> 2804.2 | H63: =H105*H$48 -> 532.66667 | I63: =I105*I$48 -> 51.333333 | J63: =J105*J$48 -> 1080 | K63: =K105*K$48 -> 2054 | L63: =L105*L$48 -> 1468 | M63: =M105*M$48 -> 878.33333
A64: =A20 -> 3639 | B64: =B20 -> TAMUK | C64: =SUM(D64:M64) -> 6696.7767 | D64: =D106*D$48 -> 761.66667 | E64: =D106*E106*E$48 -> 306.44389 | F64: =IFERROR(D106/F106*100*F$48,0) -> 17.879499 | G64: =G106*G$48 -> 1763.4533 | H64: =H106*H$48 -> 520 | I64: =I106*I$48 -> 33.333333 | J64: =J106*J$48 -> 648.33333 | K64: =K106*K$48 -> 1227.3333 | L64: =L106*L$48 -> 859.66667 | M64: =M106*M$48 -> 558.66667
A65: =A21 -> 103639 | B65: =B21 -> TAMUSA | C65: =SUM(D65:M65) -> 3205.7164 | D65: =D107*D$48 -> 587.66667 | E65: =D107*E107*E$48 -> 236.43789 | F65: =IFERROR(D107/F107*100*F$48,0) -> 41.598502 | G65: =G107*G$48 -> 1026.0133 | H65: =H107*H$48 -> 10 | I65: =I107*I$48 -> 4 | J65: =J107*J$48 -> 490.33333 | K65: =K107*K$48 -> 729.66667 | L65: =L107*L$48 -> 77.333333 | M65: =M107*M$48 -> 2.6666667
A66: =A22 -> 9651 | B66: =B22 -> TAMI | C66: =SUM(D66:M66) -> 6525.9317 | D66: =D108*D$48 -> 789.66667 | E66: =D108*E108*E$48 -> 373.77556 | F66: =IFERROR(D108/F108*100*F$48,0) -> 19.326154 | G66: =G108*G$48 -> 1458.4967 | H66: =H108*H$48 -> 231.33333 | I66: =I108*I$48 -> 44.666667 | J66: =J108*J$48 -> 712.66667 | K66: =K108*K$48 -> 1406.6667 | L66: =L108*L$48 -> 1015.6667 | M66: =M108*M$48 -> 473.66667
A67: =A23 -> 3665 | B67: =B23 -> WTAMU | C67: =SUM(D67:M67) -> 9433.0982 | D67: =D109*D$48 -> 1255.6667 | E67: =D109*E109*E$48 -> 591.00044 | F67: =IFERROR(D109/F109*100*F$48,0) -> 23.187722 | G67: =G109*G$48 -> 2503.5767 | H67: =H109*H$48 -> 383.33333 | I67: =I109*I$48 -> 121.33333 | J67: =J109*J$48 -> 889.33333 | K67: =K109*K$48 -> 1791.6667 | L67: =L109*L$48 -> 1212.6667 | M67: =M109*M$48 -> 661.33333
A68: =A24 -> 3565 | B68: =B24 -> TAMUC | C68: =SUM(D68:M68) -> 9233.7288 | D68: =D110*D$48 -> 1324.3333 | E68: =D110*E110*E$48 -> 582.70667 | F68: =IFERROR(D110/F110*100*F$48,0) -> 28.195435 | G68: =G110*G$48 -> 2501.8267 | H68: =H110*H$48 -> 146 | I68: =I110*I$48 -> 148.66667 | J68: =J110*J$48 -> 1019.3333 | K68: =K110*K$48 -> 1893 | L68: =L110*L$48 -> 1137.3333 | M68: =M110*M$48 -> 452.33333
A69: =A25 -> 29269 | B69: =B25 -> TAMUT | C69: =SUM(D69:M69) -> 2167.0366 | D69: =D111*D$48 -> 345.66667 | E69: =D111*E111*E$48 -> 187.36026 | F69: =IFERROR(D111/F111*100*F$48,0) -> 38.766355 | G69: =G111*G$48 -> 619.91 | H69: =H111*H$48 -> 83.333333 | I69: =I111*I$48 -> 38.666667 | J69: =J111*J$48 -> 239 | K69: =K111*K$48 -> 432.66667 | L69: =L111*L$48 -> 181 | M69: =M111*M$48 -> 0.66666667
A70: =A26 -> 3652 | B70: =B26 -> UH | C70: =SUM(D70:M70) -> 40007.257 | D70: =D112*D$48 -> 5098.6667 | E70: =D112*E112*E$48 -> 2734.5849 | F70: =IFERROR(D112/F112*100*F$48,0) -> 21.42505 | G70: =G112*G$48 -> 10580.247 | H70: =H112*H$48 -> 1474 | I70: =I112*I$48 -> 125.33333 | J70: =J112*J$48 -> 3373 | K70: =K112*K$48 -> 7602.3333 | L70: =L112*L$48 -> 5690.3333 | M70: =M112*M$48 -> 3307.3333
A71: =A27 -> 11711 | B71: =B27 -> UHCL | C71: =SUM(D71:M71) -> 7538.9896 | D71: =D113*D$48 -> 1190.6667 | E71: =D113*E113*E$48 -> 619.34268 | F71: =IFERROR(D113/F113*100*F$48,0) -> 39.693593 | G71: =G113*G$48 -> 2282.9533 | H71: =H113*H$48 -> 213.33333 | I71: =I113*I$48 -> 16.666667 | J71: =J113*J$48 -> 774.33333 | K71: =K113*K$48 -> 1391.3333 | L71: =L113*L$48 -> 953.66667 | M71: =M113*M$48 -> 57
... A86: =A42 -> 20 | B86: =B42 -> SRRG | C86: =SUM(D86:M86) -> 1023.7991 | D86: =D128*D$48 -> 161.66667 | E86: =D128*E128*E$48 -> 51.365977 | F86: =IFERROR(D128/F128*100*F$48,0) -> 36.596408 | G86: =G128*G$48 -> 279.17 | H86: =H128*H$48 -> 12.666667 | I86: =I128*I$48 -> 11.333333 | J86: =J128*J$48 -> 144 | K86: =K128*K$48 -> 230 | L86: =L128*L$48 -> 92.666667 | M86: =M128*M$48 -> 4.3333333
B87: Total | C87: =SUM(C49:C86) -> 640213.99 | D87: =SUM(D49:D86) -> 84453.5 | E87: =SUM(E49:E86) -> 49118.169 | F87: =SUM(F49:F86) -> 1025.6697 | G87: =SUM(G49:G86) -> 172813.15 | H87: =SUM(H49:H86) -> 27944 | I87: =SUM(I49:I86) -> 2396.6667 | J87: =SUM(J49:J86) -> 54525.5 | ... M87: =SUM(M49:M86) -> 50925
A88: Three-Year Average
A89: FICE | B89: Name | D89: Total Undergraduate Degrees | E89: 6-Year Graduation Rate | F89: Undergraduate FTSE | G89: Cost Weighted Degrees | H89: Undergraduate Critical Field Degrees | I89: Math and Science Teaching Certificates | J89: At-Risk Degrees | K89: Hours Completed
K90: 30 Hours | L90: 60 Hours | M90: 90 Hours
A91: =A49 -> 3656 | B91: =B49 -> UTA | D91: =AVERAGE(D133,D175,D217) -> 5018 | E91: =AVERAGE(E133,E175,E217) -> 0.51833333 | F91: =AVERAGE(F133,F175,F217) -> 16950.533 | G91: =AVERAGE(G133,G175,G217) -> 10418.553 | H91: =AVERAGE(H133,H175,H217) -> 1531.3333 | I91: =AVERAGE(I133,I175,I217) -> 35 | J91: =AVERAGE(J133,J175,J217) -> 3116 | K91: =AVERAGE(K133,K175,K217) -> 6836.3333 | ... M91: =AVERAGE(M133,M175,M217) -> 1783.6667
A92: =A50 -> 3658 | B92: =B50 -> UT | D92: =AVERAGE(D134,D176,D218) -> 8946.3333 | E92: =AVERAGE(E134,E176,E218) -> 0.829 | F92: =AVERAGE(F134,F176,F218) -> 33762.689 | G92: =AVERAGE(G134,G176,G218) -> 19398.35 | H92: =AVERAGE(H134,H176,H218) -> 1876.3333 | I92: =AVERAGE(I134,I176,I218) -> 66 | J92: =AVERAGE(J134,J176,J218) -> 3470.3333 | K92: =AVERAGE(K134,K176,K218) -> 9598.3333 | ... M92: =AVERAGE(M134,M176,M218) -> 7040.3333
A93: =A51 -> 9741 | B93: =B51 -> UTD | D93: =AVERAGE(D135,D177,D219) -> 2393 | E93: =AVERAGE(E135,E177,E219) -> 0.703 | F93: =AVERAGE(F135,F177,F219) -> 8919.2 | G93: =AVERAGE(G135,G177,G219) -> 5101.2033 | H93: =AVERAGE(H135,H177,H219) -> 421.66667 | I93: =AVERAGE(I135,I177,I219) -> 32 | J93: =AVERAGE(J135,J177,J219) -> 1319.6667 | K93: =AVERAGE(K135,K177,K219) -> 3315 | ... M93: =AVERAGE(M135,M177,M219) -> 1021.3333
A94: =A52 -> 3661 | B94: =B52 -> UTEP | D94: =AVERAGE(D136,D178,D220) -> 3057 | E94: =AVERAGE(E136,E178,E220) -> 0.39 | F94: =AVERAGE(F136,F178,F220) -> 13366.333 | G94: =AVERAGE(G136,G178,G220) -> 6298.0767 | H94: =AVERAGE(H136,H178,H220) -> 655 | I94: =AVERAGE(I136,I178,I220) -> 90 | J94: =AVERAGE(J136,J178,J220) -> 2464.3333 | K94: =AVERAGE(K136,K178,K220) -> 4362.6667 | ... M94: =AVERAGE(M136,M178,M220) -> 1956
A95: =A53 -> 3599 | B95: =B53 -> UTPA | D95: =AVERAGE(D137,D179,D221) -> 2580 | E95: =AVERAGE(E137,E179,E221) -> 0.431 | F95: =AVERAGE(F137,F179,F221) -> 12589.978 | G95: =AVERAGE(G137,G179,G221) -> 5134.1667 | H95: =AVERAGE(H137,H179,H221) -> 520.33333 | I95: =AVERAGE(I137,I179,I221) -> 28 | J95: =AVERAGE(J137,J179,J221) -> 2338.3333 | K95: =AVERAGE(K137,K179,K221) -> 4075.3333 | ... M95: =AVERAGE(M137,M179,M221) -> 1939.3333
A96: =A54 -> 30646 | B96: =B54 -> UTB | D96: =AVERAGE(D138,D180,D222) -> 1092 | E96: =AVERAGE(E138,E180,E222) -> 0.5752481 | F96: =AVERAGE(F138,F180,F222) -> 3168.7778 | G96: =AVERAGE(G138,G180,G222) -> 2097.7933 | H96: =AVERAGE(H138,H180,H222) -> 124.33333 | I96: =AVERAGE(I138,I180,I222) -> 18.333333 | J96: =AVERAGE(J138,J180,J222) -> 936.66667 | K96: =AVERAGE(K138,K180,K222) -> 1326.3333 | ... M96: =AVERAGE(M138,M180,M222) -> 100.66667
A97: =A55 -> 9930 | B97: =B55 -> UTPB | D97: =AVERAGE(D139,D181,D223) -> 533.33333 | E97: =AVERAGE(E139,E181,E223) -> 0.444 | F97: =AVERAGE(F139,F181,F223) -> 2306.2889 | G97: =AVERAGE(G139,G181,G223) -> 1001.5167 | H97: =AVERAGE(H139,H181,H223) -> 41.333333 | I97: =AVERAGE(I139,I181,I223) -> 10 | J97: =AVERAGE(J139,J181,J223) -> 399 | K97: =AVERAGE(K139,K181,K223) -> 785.66667 | ... M97: =AVERAGE(M139,M181,M223) -> 194.33333
A98: =A56 -> 10115 | B98: =B56 -> UTSA | D98: =AVERAGE(D140,D182,D224) -> 4119.6667 | E98: =AVERAGE(E140,E182,E224) -> 0.42166667 | F98: =AVERAGE(F140,F182,F224) -> 20353.044 | G98: =AVERAGE(G140,G182,G224) -> 8414.2133 | H98: =AVERAGE(H140,H182,H224) -> 392 | I98: =AVERAGE(I140,I182,I224) -> 49.666667 | J98: =AVERAGE(J140,J182,J224) -> 3123.6667 | K98: =AVERAGE(K140,K182,K224) -> 6809.6667 | ... M98: =AVERAGE(M140,M182,M224) -> 2615.6667
A99: =A57 -> 11163 | B99: =B57 -> UTT | D99: =AVERAGE(D141,D183,D225) -> 1190 | E99: =AVERAGE(E141,E183,E225) -> 0.51566667 | F99: =AVERAGE(F141,F183,F225) -> 4067.5778 | G99: =AVERAGE(G141,G183,G225) -> 2362.66 | H99: =AVERAGE(H141,H183,H225) -> 376.66667 | I99: =AVERAGE(I141,I183,I225) -> 14 | J99: =AVERAGE(J141,J183,J225) -> 942.33333 | K99: =AVERAGE(K141,K183,K225) -> 1436.3333 | ... M99: =AVERAGE(M141,M183,M225) -> 387.33333
A100: =A58 -> 3632 | B100: =B58 -> TAMU | D100: =AVERAGE(D142,D184,D226) -> 8739.6667 | E100: =AVERAGE(E142,E184,E226) -> 0.84066667 | F100: =AVERAGE(F142,F184,F226) -> 34623.667 | G100: =AVERAGE(G142,G184,G226) -> 20104.817 | H100: =AVERAGE(H142,H184,H226) -> 1763 | I100: =AVERAGE(I142,I184,I226) -> 126 | J100: =AVERAGE(J142,J184,J226) -> 3724 | K100: =AVERAGE(K142,K184,K226) -> 10060.667 | ... M100: =AVERAGE(M142,M184,M226) -> 6897.6667
A101: =A59 -> 10298 | B101: =B59 -> TAMUG | D101: =AVERAGE(D143,D185,D227) -> 275.33333 | E101: =AVERAGE(E143,E185,E227) -> 0.62733333 | F101: =AVERAGE(F143,F185,F227) -> 1678.9333 | G101: =AVERAGE(G143,G185,G227) -> 704.02667 | H101: =AVERAGE(H143,H185,H227) -> 37.333333 | I101: =AVERAGE(I143,I185,I227) -> 0 | J101: =AVERAGE(J143,J185,J227) -> 158 | K101: =AVERAGE(K143,K185,K227) -> 592.33333 | ... M101: =AVERAGE(M143,M185,M227) -> 246
A102: =A60 -> 3630 | B102: =B60 -> Prairie View | D102: =AVERAGE(D144,D186,D228) -> 936.33333 | E102: =AVERAGE(E144,E186,E228) -> 0.37166667 | F102: =AVERAGE(F144,F186,F228) -> 5917.2889 | G102: =AVERAGE(G144,G186,G228) -> 2072.9 | H102: =AVERAGE(H144,H186,H228) -> 315.66667 | I102: =AVERAGE(I144,I186,I228) -> 9.6666667 | J102: =AVERAGE(J144,J186,J228) -> 802.66667 | K102: =AVERAGE(K144,K186,K228) -> 1668 | ... M102: =AVERAGE(M144,M186,M228) -> 905.33333
... A128: =A86 -> 20 | B128: =B86 -> SRRG | D128: =AVERAGE(D170,D212,D254) -> 161.66667 | E128: =AVERAGE(E170,E212,E254) -> 0.31772769 | F128: =AVERAGE(F170,F212,F254) -> 441.75556 | G128: =AVERAGE(G170,G212,G254) -> 279.17 | H128: =AVERAGE(H170,H212,H254) -> 6.3333333 | I128: =AVERAGE(I170,I212,I254) -> 5.6666667 | J128: =AVERAGE(J170,J212,J254) -> 144 | K128: =AVERAGE(K170,K212,K254) -> 230 | ... M128: =AVERAGE(M170,M212,M254) -> 4.3333333
B129: Total | D129: =SUM(D91:D128) -> 84315.833 | E129: 0.559 | F129: =SUM(F91:F128) -> 350016.33 | G129: =SUM(G91:G128) -> 172461.14 | H129: =SUM(H91:H128) -> 13953.333 | I129: =SUM(I91:I128) -> 1198.3333 | J129: =SUM(J91:J128) -> 54446.5 | K129: =SUM(K91:K128) -> 114212.67 | L129: =SUM(L91:L128) -> 82344.5 | M129: =SUM(M91:M128) -> 50802
A130: Fiscal Year 2012
A131: FICE | B131: Name | D131: Undergraduate Degrees | E131: 6-Year Graduation Rate | F131: Undergraduate FTSE | G131: Cost Weighted Degrees | H131: Undergraduate Critical Field Degrees | I131: Math and Science Teaching Certificates | J131: At-Risk Degrees | K131: Hours Completed
K132: 30 Hours | L132: 60 Hours | M132: 90 Hours
A133: =A91 -> 3656 | B133: =B91 -> UTA | D133: 5773 | E133: 0.555 | F133: 17781.467 | G133: 12087.56 | H133: 2140 | I133: 43 | J133: 3528 | K133: 6893 | L133: 3962 | M133: 1894
A134: =A92 -> 3658 | B134: =B92 -> UT | D134: 8860 | E134: 0.825 | F134: 33841.467 | G134: 19542.68 | H134: 1981 | I134: 83 | J134: 3501 | K134: 9260 | L134: 8373 | M134: 6348
A135: =A93 -> 9741 | B135: =B93 -> UTD | D135: 2510 | E135: 0.719 | F135: 9826.5333 | G135: 5443.87 | H135: 449 | I135: 33 | J135: 1410 | K135: 3522 | L135: 2348 | M135: 1065
A136: =A94 -> 3661 | B136: =B94 -> UTEP | D136: 3132 | E136: 0.412 | F136: 13931.067 | G136: 6456.06 | H136: 643 | I136: 86 | J136: 2590 | K136: 4400 | L136: 3304 | M136: 1986
A137: =A95 -> 3599 | B137: =B95 -> UTPA | D137: 2462 | E137: 0.44 | F137: 12698.333 | G137: 5000.28 | H137: 547 | I137: 19 | J137: 2247 | K137: 3730 | L137: 2862 | M137: 1896
A138: =A96 -> 30646 | B138: =B96 -> UTB | D138: 1149 | E138: 0.52783109 | F138: 3400.5333 | G138: 2236.31 | H138: 133 | I138: 21 | J138: 978 | K138: 1243 | L138: 486 | M138: 99
A139: =A97 -> 9930 | B139: =B97 -> UTPB | D139: 546 | E139: 0.479 | F139: 2343.2667 | G139: 1054.66 | H139: 51 | I139: 7 | J139: 411 | K139: 742 | L139: 535 | M139: 210
A140: =A98 -> 10115 | B140: =B98 -> UTSA | D140: 4243 | E140: 0.431 | F140: 21066.867 | G140: 8736.7 | H140: 407 | I140: 63 | J140: 3204 | K140: 6815 | L140: 4371 | M140: 2560
A141: =A99 -> 11163 | B141: =B99 -> UTT | D141: 1144 | E141: 0.518 | F141: 4086.7333 | G141: 2263.87 | H141: 392 | I141: 23 | J141: 886 | K141: 1409 | L141: 844 | M141: 383
A142: =A100 -> 3632 | B142: =B100 -> TAMU | D142: 9020 | E142: 0.842 | F142: 35116.667 | G142: 21108.19 | H142: 1934 | I142: 137 | J142: 3915 | K142: 10547 | L142: 8924 | M142: 6938
A143: =A101 -> 10298 | B143: =B101 -> TAMUG | D143: 314 | E143: 0.626 | F143: 1769.4667 | G143: 826.34 | H143: 46 | I143: 0 | J143: 186 | K143: 607 | L143: 296 | M143: 263
A144: =A102 -> 3630 | B144: =B102 -> Prairie View | D144: 1026 | E144: 0.403 | F144: 5822.8 | G144: 2288.97 | H144: 373 | I144: 11 | J144: 877 | K144: 1701 | L144: 1132 | M144: 871
A145: =A103 -> 3631 | B145: =B103 -> Tarleton | D145: 1662 | E145: 0.476 | F145: 6766.4 | G145: 3337.24 | H145: 229 | I145: 49 | J145: 1296 | K145: 2227 | L145: 1216 | M145: 845
A146: =A104 -> 103631 | B146: =B104 -> TAMUCT | D146: 469 | E146: =E145 -> 0.476 | F146: 684.13333 | G146: 882.21 | H146: 42 | I146: 0 | J146: 329 | K146: 550 | L146: 119 | M146: 5
A147: =A105 -> 11161 | B147: =B105 -> TAMUCC | D147: 1515 | E147: 0.51 | F147: 6742.2 | G147: 3028.9 | H147: 310 | I147: 23 | J147: 1182 | K147: 1957 | L147: 1470 | M147: 959
A148: =A106 -> 3639 | B148: =B106 -> TAMUK | D148: 855 | E148: 0.392 | F148: 4577.5333 | G148: 1952.62 | H148: 298 | I148: 19 | J148: 742 | K148: 1343 | L148: 910 | M148: 571
A149: =A107 -> 103639 | B149: =B107 -> TAMUSA | D149: 647 | E149: =E148 -> 0.392 | F149: 1673.0667 | G149: 1155.54 | H149: 10 | I149: 4 | J149: 549 | K149: 887 | L149: 190 | M149: 1
A150: =A108 -> 9651 | B150: =B108 -> TAMI | D150: 805 | E150: 0.457 | F150: 4312.1333 | G150: 1498.77 | H150: 142 | I150: 23 | J150: 737 | K150: 1292 | L150: 1039 | M150: 488
A151: =A109 -> 3665 | B151: =B109 -> WTAMU | D151: 1253 | E151: 0.482 | F151: 5523.2 | G151: 2523.98 | H151: 175 | I151: 60 | J151: 902 | K151: 1631 | L151: 1213 | M151: 689
A152: =A110 -> 3565 | B152: =B110 -> TAMUC | D152: 1507 | E152: 0.446 | F152: 5135.2667 | G152: 2861.95 | H152: 89 | I152: 81 | J152: 1172 | K152: 2056 | L152: 1174 | M152: 457
A153: =A111 -> 29269 | B153: =B111 -> TAMUT | D153: 376 | E153: 0.49242424 | F153: 1101.2667 | G153: 680.44 | H153: 47 | I153: 25 | J153: 277 | K153: 484 | L153: 219 | M153: 1
A154: =A112 -> 3652 | B154: =B112 -> UH | D154: 5426 | E154: 0.536 | F154: 24760.4 | G154: 11378.95 | H154: 835 | I154: 60 | J154: 3688 | K154: 7823 | L154: 5667 | M154: 3232
A155: =A113 -> 11711 | B155: =B113 -> UHCL | D155: 1251 | E155: 0.51671733 | F155: 3079.2667 | G155: 2423.7 | H155: 119 | I155: 9 | J155: 839 | K155: 1391 | L155: 1014 | M155: 37
A156: =A114 -> 12826 | B156: =B114 -> UHD | D156: 2351 | E156: 0.174 | F156: 8043.8 | G156: 4292.43 | H156: 134 | I156: 3 | J156: 1694 | K156: 3011 | L156: 1820 | M156: 590
A157: =A115 -> 13231 | B157: =B115 -> UHV | D157: 619 | E157: 0.47520661 | F157: 1685.8667 | G157: 1187.59 | H157: 134 | I157: 9 | J157: 418 | K157: 776 | L157: 334 | M157: 6
A158: =A116 -> 3592 | B158: =B116 -> Midwestern | D158: 1066 | E158: 0.463 | F158: 4147.7333 | G158: 2062.14 | H158: 358 | I158: 15 | J158: 723 | K158: 1310 | L158: 979 | M158: 683
A159: =A117 -> 3594 | B159: =B117 -> UNT | D159: 5843 | E159: 0.568 | F159: 23213.467 | G159: 11338.87 | H159: 368 | I159: 56 | J159: 3771 | K159: 7310 | L159: 5432 | M159: 3116
A160: =A118 -> 113594 | B160: =B118 -> UNTD | D160: 419 | E160: =E159 -> 0.568 | F160: 983.46667 | G160: 742.12 | H160: 14 | I160: 0 | J160: 313 | K160: 469 | L160: 80 | M160: 4
A161: =A119 -> 3624 | B161: =B119 -> SFA | D161: 2011 | E161: 0.553 | F161: 9507.3333 | G161: 3932.94 | H161: 273 | I161: 42 | J161: 1513 | K161: 2605 | L161: 2125 | M161: 1473
A162: =A120 -> 3642 | B162: =B120 -> TSU | D162: 737 | E162: 0.141 | F162: 5767.1333 | G162: 1478.83 | H162: 154 | I162: 5 | J162: 641 | K162: 1349 | L162: 988 | M162: 760
A163: =A121 -> 3644 | B163: =B121 -> TTU | D163: 4941 | E163: 0.736 | F163: 22627.6 | G163: 10741.02 | H163: 839 | I163: 67 | J163: 3071 | K163: 6449 | L163: 5332 | M163: 4048
A164: =A122 -> 3541 | B164: =B122 -> Angelo | D164: 1073 | E164: 0.408 | F164: 4921.3333 | G164: 2141.51 | H164: 304 | I164: 19 | J164: 773 | K164: 1398 | L164: 1022 | M164: 707
A165: =A123 -> 3646 | B165: =B123 -> TWU | D165: 1919 | E165: 0.542 | F165: 6999.5333 | G165: 3704.32 | H165: 571 | I165: 30 | J165: 1326 | K165: 2425 | L165: 1247 | M165: 703
...

Sheet Option 2
A1: Option 2 - Outcomes Based Funding (FY 2010 - FY 2012 Averaged) with Total Degrees adjusted by Six-Year Graduation Rate (3-Year Rate for Upper-Levels), Total Degrees per 100 FTSE, Critical Field Degrees (weighted 2), At-Risk Degrees, Retention Metrics of 30, 60, and 90 hours, and Total Degrees adjusted by Cost Based Weights. Metrics scaled for mathematical comparability, weighted by accountability group, and monetized using SREB salaries by Carnegie classifications. Funded at 10 percent of undergraduate formula funding.
A3: FICE | B3: Name | C3: Funding | D3: Total Undergraduate Degrees | H3: Undergraduate Critical Field Degrees | I3: Math and Science Teaching Certificates | J3: At-Risk Degrees | K3: Retention Metrics
E4: Adjusted by 6-Year Graduation Rate | F4: per 100 FTSE | G4: Cost Weighted | K4: 30 Hours | L4: 60 Hours | M4: 90 Hours
A5: 3656 | B5: UTA | C5: =SUM(D5:M5) -> 16151716 | D5: =D48*$O48*$C$44 -> 3405453.2 | E5: =E48*$O48*$C$44 -> 1176773.3 | F5: =F48*$O48*$C$44 -> 669684.58 | G5: =G48*$O48*$C$44 -> 7070525.3 | H5: =H48*$O48*$C$44 -> 1039235.6 | I5: =I48*$O48*$C$44 -> 23752.663 | J5: =J48*$O48*$C$44 -> 338346.5 | K5: =K48*$O48*$C$44 -> 1082540.8 | ... M5: =M48*$O48*$C$44 -> 564891.11
A6: 3658 | B6: UT | C6: =SUM(D6:M6) -> 24480722 | D6: =D49*$O49*$C$44 -> 4047604.6 | E6: =E49*$O49*$C$44 -> 4194330.2 | F6: =F49*$O49*$C$44 -> 749274.7 | G6: =G49*$O49*$C$44 -> 8776428 | H6: =H49*$O49*$C$44 -> 848912.63 | I6: =I49*$O49*$C$44 -> 29860.491 | J6: =J49*$O49*$C$44 -> 251214.2 | K6: =K49*$O49*$C$44 -> 1519906.5 | ... M6: =M49*$O49*$C$44 -> 2229688.9
A7: 9741 | B7: UTD | C7: =SUM(D7:M7) -> 8188074.7 | D7: =D50*$O50*$C$44 -> 1624003.5 | E7: =E50*$O50*$C$44 -> 761116.31 | F7: =F50*$O50*$C$44 -> 606931.67 | G7: =G50*$O50*$C$44 -> 3461919 | H7: =H50*$O50*$C$44 -> 286163.03 | I7: =I50*$O50*$C$44 -> 21716.72 | J7: =J50*$O50*$C$44 -> 143294.16 | K7: =K50*$O50*$C$44 -> 524933.85 | ... M7: =M50*$O50*$C$44 -> 323458.49
A8: 3661 | B8: UTEP | C8: =SUM(D8:M8) -> 7802911.8 | D8: =D51*$O51*$C$44 -> 1591325.2 | E8: =E51*$O51*$C$44 -> 413744.55 | F8: =F51*$O51*$C$44 -> 396849.1 | G8: =G51*$O51*$C$44 -> 3278471.7 | H8: =H51*$O51*$C$44 -> 340961.08 | I8: =I51*$O51*$C$44 -> 46849.613 | J8: =J51*$O51*$C$44 -> 205249.89 | K8: =K51*$O51*$C$44 -> 529898.05 | ... M8: =M51*$O51*$C$44 -> 475159.19
A9: 3599 | B9: UTPA | C9: =SUM(D9:M9) -> 6515985.1 | D9: =D52*$O52*$C$44 -> 1244914.2 | E9: =E52*$O52*$C$44 -> 268279.01 | F9: =F52*$O52*$C$44 -> 247203.42 | G9: =G52*$O52*$C$44 -> 2477363.2 | H9: =H52*$O52*$C$44 -> 251073.79 | I9: =I52*$O52*$C$44 -> 13510.697 | J9: =J52*$O52*$C$44 -> 180528.65 | K9: =K52*$O52*$C$44 -> 655483.26 | ... M9: =M52*$O52*$C$44 -> 530273.41
A10: 30646 | B10: UTB | C10: =SUM(D10:M10) -> 2604754.5 | D10: =D53*$O53*$C$44 -> 526917.18 | E10: =E53*$O53*$C$44 -> 151554.05 | F10: =F53*$O53*$C$44 -> 415710.11 | G10: =G53*$O53*$C$44 -> 1012237.5 | H10: =H53*$O53*$C$44 -> 59993.928 | I10: =I53*$O53*$C$44 -> 8846.2897 | J10: =J53*$O53*$C$44 -> 72314.397 | K10: =K53*$O53*$C$44 -> 213329.62 | ... M10: =M53*$O53*$C$44 -> 27525.364
A11: 9930 | B11: UTPB | C11: =SUM(D11:M11) -> 1414579.3 | D11: =D54*$O54*$C$44 -> 257346.61 | E11: =E54*$O54*$C$44 -> 57130.947 | F11: =F54*$O54*$C$44 -> 278961.81 | G11: =G54*$O54*$C$44 -> 483256.72 | H11: =H54*$O54*$C$44 -> 19944.362 | I11: =I54*$O54*$C$44 -> 4825.2489 | J11: =J54*$O54*$C$44 -> 30804.389 | K11: =K54*$O54*$C$44 -> 126367.91 | ... M11: =M54*$O54*$C$44 -> 53136.713
A12: 10115 | B12: UTSA | C12: =SUM(D12:M12) -> 10127473 | D12: =D55*$O55*$C$44 -> 2144497.7 | E12: =E55*$O55*$C$44 -> 602842.12 | F12: =F55*$O55*$C$44 -> 351216.53 | G12: =G55*$O55*$C$44 -> 4380029.4 | H12: =H55*$O55*$C$44 -> 204056.09 | I12: =I55*$O55*$C$44 -> 25854.046 | J12: =J55*$O55*$C$44 -> 260164.58 | K12: =K55*$O55*$C$44 -> 827115.46 | ... M12: =M55*$O55*$C$44 -> 635408
A13: 11163 | B13: UTT | C13: =SUM(D13:M13) -> 2999494.6 | D13: =D56*$O56*$C$44 -> 574204.62 | E13: =E56*$O56*$C$44 -> 148049.09 | F13: =F56*$O56*$C$44 -> 352915.58 | G13: =G56*$O56*$C$44 -> 1140042.3 | H13: =H56*$O56*$C$44 -> 181751.04 | I13: =I56*$O56*$C$44 -> 6755.3485 | J13: =J56*$O56*$C$44 -> 72751.886 | K13: =K56*$O56*$C$44 -> 231022.2 | ... M13: =M56*$O56*$C$44 -> 105908.85
A14: 3632 | B14: TAMU | C14: =SUM(D14:M14) -> 24634350 | D14: =D57*$O57*$C$44 -> 3954102 | E14: =E57*$O57*$C$44 -> 4155102.2 | F14: =F57*$O57*$C$44 -> 713764.31 | G14: =G57*$O57*$C$44 -> 9096055.9 | H14: =H57*$O57*$C$44 -> 797637.04 | I14: =I57*$O57*$C$44 -> 57006.391 | J14: =J57*$O57*$C$44 -> 269576.89 | K14: =K57*$O57*$C$44 -> 1593117.5 | ... M14: =M57*$O57*$C$44 -> 2184506
A15: 10298 | B15: TAMUG | C15: =SUM(D15:M15) -> 2120436 | D15: =D58*$O58*$C$44 -> 290033.48 | E15: =E58*$O58*$C$44 -> 90973.835 | F15: =F58*$O58*$C$44 -> 431871.64 | G15: =G58*$O58*$C$44 -> 741614.9 | H15: =H58*$O58*$C$44 -> 39326.573 | I15: =I58*$O58*$C$44 -> 0 | J15: =J58*$O58*$C$44 -> 26629.708 | K15: =K58*$O58*$C$44 -> 207986.07 | ... M15: =M58*$O58*$C$44 -> 146842.62
A16: 3630 | B16: Prairie View | C16: =SUM(D16:M16) -> 2708593.8 | D16: =D59*$O59*$C$44 -> 451804.14 | E16: =E59*$O59*$C$44 -> 83960.269 | F16: =F59*$O59*$C$44 -> 190883.08 | G16: =G59*$O59*$C$44 -> 1000225.8 | H16: =H59*$O59*$C$44 -> 152317.02 | I16: =I59*$O59*$C$44 -> 4664.4073 | J16: =J59*$O59*$C$44 -> 61969.063 | K16: =K59*$O59*$C$44 -> 268283.84 | ... M16: =M59*$O59*$C$44 -> 247545.99
... A42: 20 | B42: SRRG | C42: =SUM(D42:M42) -> 746838.14 | D42: =D85*$O85*$C$44 -> 78618.928 | E42: =E85*$O85*$C$44 -> 12489.705 | F42: =F85*$O85*$C$44 -> 444923.26 | G42: =G85*$O85*$C$44 -> 135761.11 | H42: =H85*$O85*$C$44 -> 3079.9168 | I42: =I85*$O85*$C$44 -> 2755.715 | J42: =J85*$O85*$C$44 -> 11204.413 | K42: =K85*$O85*$C$44 -> 37283.203 | ... M42: =M85*$O85*$C$44 -> 1194.1432
B43: Total | C43: =SUM(C5:C42) -> 235000000 | D43: =SUM(D5:D42) -> 45295282 | E43: =SUM(E5:E42) -> 20226054 | F43: =SUM(F5:F42) -> 15241093 | G43: =SUM(G5:G42) -> 92637820 | H43: =SUM(H5:H42) -> 7454821.4 | I43: =SUM(I5:I42) -> 625871.21 | J43: =SUM(J5:J42) -> 4687317.2 | ... M43: =SUM(M5:M42) -> 14870536
C44: =235000000/P86 -> 0.025080188 | D44: Percent Funded
A45: Points Three-Year Average - Scaled and Weighted
A46: FICE | B46: Name | C46: Total Points | D46: Total Undergraduate Degrees | H46: Undergraduate Critical Field Degrees | I46: Math and Science Teaching Certificates | J46: At-Risk Degrees | K46: Retention Metrics | N46: SREB Carnegie 2011-12 Classification | O46: Texas SREB Carnegie Salaries 2011-2012 | P46: Texas SREB Carnegie Salary Times Total Points
E47: Adjusted by 6-Year Graduation Rate | F47: per 100 FTSE | G47: Cost Weighted | K47: 30 Hours | L47: 60 Hours | M47: 90 Hours
A48: =A5 -> 3656 | B48: =B5 -> UTA | C48: =SUM(D48:M48) -> 7139.9579 | D48: =D90*D140 -> 1505.4 | E48: =E90*E140 -> 520.19933 | F48: =F90*F140 -> 296.03788 | G48: =G90*G140 -> 3125.566 | H48: =H90*H140 -> 459.4 | I48: =I90*I140 -> 10.5 | J48: =J90*J140 -> 149.568 | K48: =K90*K140 -> 478.54333 | ... M48: =M90*M140 -> 249.71333 | N48: 1 | O48: 90197.028 | P48: =O48*C48 -> 6.4400298e+08
A49: =A6 -> 3658 | B49: =B6 -> UT | C49: =SUM(D49:M49) -> 10821.843 | D49: =D91*D141 -> 1789.2667 | E49: =E91*E141 -> 1854.1276 | F49: =F91*F141 -> 331.22115 | G49: =G91*G141 -> 3879.67 | H49: =H91*H141 -> 375.26667 | I49: =I91*I141 -> 13.2 | J49: =J91*J141 -> 111.05067 | K49: =K91*K141 -> 671.88333 | ... M49: =M91*M141 -> 985.64667 | N49: 1 | O49: 90197.028 | P49: =O49*C49 -> 9.7609805e+08
A50: =A7 -> 9741 | B50: =B7 -> UTD | C50: =SUM(D50:M50) -> 3619.5851 | D50: =D92*D142 -> 717.9 | E50: =E92*E142 -> 336.4558 | F50: =F92*F142 -> 268.29761 | G50: =G92*G142 -> 1530.361 | H50: =H92*H142 -> 126.5 | I50: =I92*I142 -> 9.6 | J50: =J92*J142 -> 63.344 | K50: =K92*K142 -> 232.05 | ... M50: =M92*M142 -> 142.98667 | N50: 1 | O50: 90197.028 | P50: =O50*C50 -> 3.2647582e+08
A51: =A8 -> 3661 | B51: =B8 -> UTEP | C51: =SUM(D51:M51) -> 4496.9126 | D51: =D93*D143 -> 917.1 | E51: =E93*E143 -> 238.446 | F51: =F93*F143 -> 228.70895 | G51: =G93*G143 -> 1889.423 | H51: =H93*H143 -> 196.5 | I51: =I93*I143 -> 27 | J51: =J93*J143 -> 118.288 | K51: =K93*K143 -> 305.38667 | ... M51: =M93*M143 -> 273.84 | N51: 2 | O51: 69184.924 | P51: =O51*C51 -> 3.1111856e+08
A52: =A9 -> 3599 | B52: =B9 -> UTPA | C52: =SUM(D52:M52) -> 4051.1807 | D52: =D94*D144 -> 774 | E52: =E94*E144 -> 166.797 | F52: =F94*F144 -> 153.69368 | G52: =G94*G144 -> 1540.25 | H52: =H94*H144 -> 156.1 | I52: =I94*I144 -> 8.4 | J52: =J94*J144 -> 112.24 | K52: =K94*K144 -> 407.53333 | ... M52: =M94*M144 -> 329.68667 | N52: 3 | O52: 64130.952 | P52: =O52*C52 -> 2.5980607e+08
A53: =A10 -> 30646 | B53: =B10 -> UTB | C53: =SUM(D53:M53) -> 1619.4529 | D53: =D95*D145 -> 327.6 | E53: =E95*E145 -> 94.225639 | F53: =F95*F145 -> 258.45927 | G53: =G95*G145 -> 629.338 | H53: =H95*H145 -> 37.3 | I53: =I95*I145 -> 5.5 | J53: =J95*J145 -> 44.96 | K53: =K95*K145 -> 132.63333 | ... M53: =M95*M145 -> 17.113333 | N53: 3 | O53: 64130.952 | P53: =O53*C53 -> 1.0385706e+08
A54: =A11 -> 9930 | B54: =B11 -> UTPB | C54: =SUM(D54:M54) -> 879.48581 | D54: =D96*D146 -> 160 | E54: =E96*E146 -> 35.52 | F54: =F96*F146 -> 173.43881 | G54: =G96*G146 -> 300.455 | H54: =H96*H146 -> 12.4 | I54: =I96*I146 -> 3 | J54: =J96*J146 -> 19.152 | K54: =K96*K146 -> 78.566667 | ... M54: =M96*M146 -> 33.036667 | N54: 3 | O54: 64130.952 | P54: =O54*C54 -> 56402262
A55: =A12 -> 10115 | B55: =B12 -> UTSA | C55: =SUM(D55:M55) -> 5836.5856 | D55: =D97*D147 -> 1235.9 | E55: =E97*E147 -> 347.42522 | F55: =F97*F147 -> 202.41034 | G55: =G97*G147 -> 2524.264 | H55: =H97*H147 -> 117.6 | I55: =I97*I147 -> 14.9 | J55: =J97*J147 -> 149.936 | K55: =K97*K147 -> 476.67667 | ... M55: =M97*M147 -> 366.19333 | N55: 2 | O55: 69184.924 | P55: =O55*C55 -> 4.0380373e+08
A56: =A13 -> 11163 | B56: =B13 -> UTT | C56: =SUM(D56:M56) -> 1864.8746 | D56: =D98*D148 -> 357 | E56: =E98*E148 -> 92.0465 | F56: =F98*F148 -> 219.41805 | G56: =G98*G148 -> 708.798 | H56: =H98*H148 -> 113 | I56: =I98*I148 -> 4.2 | J56: =J98*J148 -> 45.232 | K56: =K98*K148 -> 143.63333 | ... M56: =M98*M148 -> 65.846667 | N56: 3 | O56: 64130.952 | P56: =O56*C56 -> 1.1959618e+08
A57: =A14 -> 3632 | B57: =B14 -> TAMU | C57: =SUM(D57:M57) -> 10889.755 | D57: =D99*D149 -> 1747.9333 | E57: =E99*E149 -> 1836.7866 | F57: =F99*F149 -> 315.52358 | G57: =G99*G149 -> 4020.9633 | H57: =H99*H149 -> 352.6 | I57: =I99*I149 -> 25.2 | J57: =J99*J149 -> 119.168 | K57: =K99*K149 -> 704.24667 | ... M57: =M99*M149 -> 965.67333 | N57: 1 | O57: 90197.028 | P57: =O57*C57 -> 9.8222352e+08
A58: =A15 -> 10298 | B58: =B15 -> TAMUG | C58: =SUM(D58:M58) -> 1358.7502 | D58: =D100*D150 -> 185.85 | E58: =E100*E150 -> 58.29495 | F58: =F100*F150 -> 276.73821 | G58: =G100*G150 -> 475.218 | H58: =H100*H150 -> 25.2 | I58: =I100*I150 -> 0 | J58: =J100*J150 -> 17.064 | K58: =K100*K150 -> 133.275 | ... M58: =M100*M150 -> 94.095 | N58: 6 | O58: 62223.55 | P58: =O58*C58 -> 84546259
A59: =A16 -> 3630 | B59: =B16 -> Prairie View | C59: =SUM(D59:M59) -> 1684.0129 | D59: =D101*D151 -> 280.9 | E59: =E101*E151 -> 52.200583 | F59: =F101*F151 -> 118.67766 | G59: =G101*G151 -> 621.87 | H59: =H101*H151 -> 94.7 | I59: =I101*I151 -> 2.9 | J59: =J101*J151 -> 38.528 | K59: =K101*K151 -> 166.8 | ... M59: =M101*M151 -> 153.90667 | N59: 3 | O59: 64130.952 | P59: =O59*C59 -> 1.0799735e+08
... A74: =A31 -> 3594 | B74: =B31 -> UNT | C74: =SUM(D74:M74) -> 8003.7332 | D74: =D116*D166 -> 1805 | E74: =E116*E166 -> 693.52111 | F74: =F116*F166 -> 258.86945 | G74: =G116*G166 -> 3423.466 | H74: =H116*H166 -> 101 | I74: =I116*I166 -> 13 | J74: =J116*J166 -> 183.36 | K74: =K116*K166 -> 550.52667 | ... M74: =M116*M166 -> 467.18 | N74: 1 | O74: 90197.028 | P74: =O74*C74 -> 7.2191295e+08
A75: =A32 -> 113594 | B75: =B32 -> UNTD | C75: =SUM(D75:M75) -> 764.98868 | D75: =D117*D167 -> 121.05 | E75: =E117*E167 -> 34.953187 | F75: =F117*F167 -> 319.8545 | G75: =G117*G167 -> 211.758 | H75: =H117*H167 -> 3.6 | I75: =I117*I167 -> 0 | J75: =J117*J167 -> 14.808 | K75: =K117*K167 -> 47.8 | ... M75: =M117*M167 -> 1.87 | N75: NR | O75: 62223.55 | P75: =O75*C75 -> 47600312
A76: =A33 -> 3624 | B76: =B33 -> SFA | C76: =SUM(D76:M76) -> 2946.7691 | D76: =D118*D168 -> 576.5 | E76: =E118*E168 -> 159.6905 | F76: =F118*F168 -> 151.93158 | G76: =G118*G168 -> 1116.521 | H76: =H118*H168 -> 74.4 | I76: =I118*I168 -> 13.4 | J76: =J118*J168 -> 70.096 | K76: =K118*K168 -> 276.93333 | ... M76: =M118*M168 -> 237.54667 | N76: 3 | O76: 64130.952 | P76: =O76*C76 -> 1.8897911e+08
A77: =A34 -> 3642 | B77: =B34 -> TSU | C77: =SUM(D77:M77) -> 1315.9214 | D77: =D119*D169 -> 227.5 | E77: =E119*E169 -> 16.342083 | F77: =F119*F169 -> 97.002608 | G77: =G119*G169 -> 446.596 | H77: =H119*H169 -> 40.3 | I77: =I119*I169 -> 0.9 | J77: =J119*J169 -> 31.984 | K77: =K119*K169 -> 163.73333 | ... M77: =M119*M169 -> 144.27333 | N77: 3 | O77: 64130.952 | P77: =O77*C77 -> 84391289
A78: =A35 -> 3644 | B78: =B35 -> TTU | C78: =SUM(D78:M78) -> 7185.6807 | D78: =D120*D170 -> 1402.2 | E78: =E120*E170 -> 684.2736 | F78: =F120*F170 -> 210.61243 | G78: =G120*G170 -> 3038.434 | H78: =H120*H170 -> 218.2 | I78: =I120*I170 -> 17.2 | J78: =J120*J170 -> 133.344 | K78: =K120*K170 -> 453.97333 | ... M78: =M120*M170 -> 552.39333 | N78: 1 | O78: 90197.028 | P78: =O78*C78 -> 6.4812704e+08
A79: =A36 -> 3541 | B79: =B36 -> Angelo | C79: =SUM(D79:M79) -> 1622.1399 | D79: =D121*D171 -> 297.4 | E79: =E121*E171 -> 63.891433 | F79: =F121*F171 -> 152.29276 | G79: =G121*G171 -> 593.205 | H79: =H121*H171 -> 76.3 | I79: =I121*I171 -> 5.8 | J79: =J121*J171 -> 34.704 | K79: =K121*K171 -> 143.86667 | ... M79: =M121*M171 -> 120.30333 | N79: 3 | O79: 64130.952 | P79: =O79*C79 -> 1.0402937e+08
A80: =A37 -> 3646 | B80: =B37 -> TWU | C80: =SUM(D80:M80) -> 2665.809 | D80: =D122*D172 -> 541.8 | E80: =E122*E172 -> 141.8613 | F80: =F122*F172 -> 206.59203 | G80: =G122*G172 -> 1035.653 | H80: =H122*H172 -> 170.8 | I80: =I122*I172 -> 9.5 | J80: =J122*J172 -> 59.856 | K80: =K122*K172 -> 219.6 | ... M80: =M122*M172 -> 112.14333 | N80: 2 | O80: 69184.924 | P80: =O80*C80 -> 1.8443379e+08
A81: =A38 -> 3581 | B81: =B38 -> Lamar | C81: =SUM(D81:M81) -> 2143.4464 | D81: =D123*D173 -> 400.6 | E81: =E123*E173 -> 70.171767 | F81: =F123*F173 -> 137.66197 | G81: =G123*G173 -> 805.47 | H81: =H123*H173 -> 99 | I81: =I123*I173 -> 5.1 | J81: =J123*J173 -> 45.536 | K81: =K123*K173 -> 214.46667 | ... M81: =M123*M173 -> 171.87 | N81: 3 | O81: 64130.952 | P81: =O81*C81 -> 1.3746126e+08
A82: =A39 -> 3606 | B82: =B39 -> SHSU | C82: =SUM(D82:M82) -> 4378.1744 | D82: =D124*D174 -> 923.3 | E82: =E124*E174 -> 270.83467 | F82: =F124*F174 -> 183.56741 | G82: =G124*G174 -> 1751.123 | H82: =H124*H174 -> 50.1 | I82: =I124*I174 -> 18.3 | J82: =J124*J174 -> 106.256 | K82: =K124*K174 -> 389.43333 | ... M82: =M124*M174 -> 299.76667 | N82: 3 | O82: 64130.952 | P82: =O82*C82 -> 2.8077649e+08
A83: =A40 -> 3615 | B83: =B40 -> TXST | C83: =SUM(D83:M83) -> 7484.7405 | D83: =D125*D175 -> 1608.3 | E83: =E125*E175 -> 678.7026 | F83: =F125*F175 -> 234.06892 | G83: =G125*G175 -> 3131.193 | H83: =H125*H175 -> 146.6 | I83: =I125*I175 -> 20 | J83: =J125*J175 -> 176.416 | K83: =K125*K175 -> 522.92333 | ... M83: =M125*M175 -> 464.42667 | N83: 3 | O83: 64130.952 | P83: =O83*C83 -> 4.8000353e+08
A84: =A41 -> 3625 | B84: =B41 -> SRSU | C84: =SUM(D84:M84) -> 391.12272 | D84: =D126*D176 -> 56.8 | E84: =E126*E176 -> 8.5484 | F84: =F126*F176 -> 116.39132 | G84: =G126*G176 -> 118.299 | H84: =H126*H176 -> 3.8 | I84: =I126*I176 -> 1.9 | J84: =J126*J176 -> 7.824 | K84: =K126*K176 -> 30 | ... M84: =M126*M176 -> 22.383333 | N84: 3 | O84: 64130.952 | P84: =O84*C84 -> 25083073
A85: =A42 -> 20 | B85: =B42 -> SRRG | C85: =SUM(D85:M85) -> 460.72429 | D85: =D127*D177 -> 48.5 | E85: =E127*E177 -> 7.7048965 | F85: =F127*F177 -> 274.47306 | G85: =G127*G177 -> 83.751 | H85: =H127*H177 -> 1.9 | I85: =I127*I177 -> 1.7 | J85: =J127*J177 -> 6.912 | K85: =K127*K177 -> 23 | ... M85: =M127*M177 -> 0.73666667 | N85: 5 | O85: 64633.042 | P85: =O85*C85 -> 29778013
B86: Total | C86: =SUM(C48:C85) -> 122378.45 | D86: =SUM(D48:D85) -> 23629.4 | E86: =SUM(E48:E85) -> 9875.0078 | F86: =SUM(F48:F85) -> 8521.7807 | G86: =SUM(G48:G85) -> 48052.035 | H86: =SUM(H48:H85) -> 3836.0667 | I86: =SUM(I48:I85) -> 340.3 | J86: =SUM(J48:J85) -> 2507.8027 | ... M86: =SUM(M48:M85) -> 7631.955 | P86: =SUM(P48:P85) -> 9.3699459e+09
A87: Weights
A88: FICE | B88: Name | C88: Total Weights | D88: Total Undergraduate Degrees | H88: Undergraduate Critical Field Degrees | I88: Math and Science Teaching Certificates | J88: At-Risk Degrees | K88: Retention Metrics | N88: Accountability Group
E89: Adjusted by 6-Year Graduation Rate | F89: per 100 FTSE | G89: Cost Weighted | K89: 30 Hours | L89: 60 Hours | M89: 90 Hours
A90: =A5 -> 3656 | B90: =B5 -> UTA | C90: =D90+E90+F90+K90+L90+M90 -> 1 | D90: =SUMIF($N$131:$N$135,$N90,D$131:D$135) -> 0.3 | E90: =SUMIF($N$131:$N$135,$N90,E$131:E$135) -> 0.2 | F90: =SUMIF($N$131:$N$135,$N90,F$131:F$135) -> 0.2 | G90: =SUMIF($N$131:$N$135,$N90,G$131:G$135) -> 0.3 | H90: =SUMIF($N$131:$N$135,$N90,H$131:H$135) -> 0.3 | I90: =SUMIF($N$131:$N$135,$N90,I$131:I$135) -> 0.3 | J90: =SUMIF($N$131:$N$135,$N90,J$131:J$135) -> 0.12 | K90: =SUMIF($N$131:$N$135,$N90,K$131:K$135) -> 0.07 | ... M90: =SUMIF($N$131:$N$135,$N90,M$131:M$135) -> 0.14 | N90: Emerging
A91: =A6 -> 3658 | B91: =B6 -> UT | C91: =D91+E91+F91+K91+L91+M91 -> 1 | D91: =SUMIF($N$131:$N$135,$N91,D$131:D$135) -> 0.2 | E91: =SUMIF($N$131:$N$135,$N91,E$131:E$135) -> 0.25 | F91: =SUMIF($N$131:$N$135,$N91,F$131:F$135) -> 0.25 | G91: =SUMIF($N$131:$N$135,$N91,G$131:G$135) -> 0.2 | H91: =SUMIF($N$131:$N$135,$N91,H$131:H$135) -> 0.2 | I91: =SUMIF($N$131:$N$135,$N91,I$131:I$135) -> 0.2 | J91: =SUMIF($N$131:$N$135,$N91,J$131:J$135) -> 0.08 | K91: =SUMIF($N$131:$N$135,$N91,K$131:K$135) -> 0.07 | ... M91: =SUMIF($N$131:$N$135,$N91,M$131:M$135) -> 0.14 | N91: Research
A92: =A7 -> 9741 | B92: =B7 -> UTD | C92: =D92+E92+F92+K92+L92+M92 -> 1 | D92: =SUMIF($N$131:$N$135,$N92,D$131:D$135) -> 0.3 | E92: =SUMIF($N$131:$N$135,$N92,E$131:E$135) -> 0.2 | F92: =SUMIF($N$131:$N$135,$N92,F$131:F$135) -> 0.2 | G92: =SUMIF($N$131:$N$135,$N92,G$131:G$135) -> 0.3 | H92: =SUMIF($N$131:$N$135,$N92,H$131:H$135) -> 0.3 | I92: =SUMIF($N$131:$N$135,$N92,I$131:I$135) -> 0.3 | J92: =SUMIF($N$131:$N$135,$N92,J$131:J$135) -> 0.12 | K92: =SUMIF($N$131:$N$135,$N92,K$131:K$135) -> 0.07 | ... M92: =SUMIF($N$131:$N$135,$N92,M$131:M$135) -> 0.14 | N92: Emerging
A93: =A8 -> 3661 | B93: =B8 -> UTEP | C93: =D93+E93+F93+K93+L93+M93 -> 1 | D93: =SUMIF($N$131:$N$135,$N93,D$131:D$135) -> 0.3 | E93: =SUMIF($N$131:$N$135,$N93,E$131:E$135) -> 0.2 | F93: =SUMIF($N$131:$N$135,$N93,F$131:F$135) -> 0.2 | G93: =SUMIF($N$131:$N$135,$N93,G$131:G$135) -> 0.3 | H93: =SUMIF($N$131:$N$135,$N93,H$131:H$135) -> 0.3 | I93: =SUMIF($N$131:$N$135,$N93,I$131:I$135) -> 0.3 | J93: =SUMIF($N$131:$N$135,$N93,J$131:J$135) -> 0.12 | K93: =SUMIF($N$131:$N$135,$N93,K$131:K$135) -> 0.07 | ... M93: =SUMIF($N$131:$N$135,$N93,M$131:M$135) -> 0.14 | N93: Emerging
A94: =A9 -> 3599 | B94: =B9 -> UTPA | C94: =D94+E94+F94+K94+L94+M94 -> 1 | D94: =SUMIF($N$131:$N$135,$N94,D$131:D$135) -> 0.3 | E94: =SUMIF($N$131:$N$135,$N94,E$131:E$135) -> 0.15 | F94: =SUMIF($N$131:$N$135,$N94,F$131:F$135) -> 0.15 | G94: =SUMIF($N$131:$N$135,$N94,G$131:G$135) -> 0.3 | H94: =SUMIF($N$131:$N$135,$N94,H$131:H$135) -> 0.3 | I94: =SUMIF($N$131:$N$135,$N94,I$131:I$135) -> 0.3 | J94: =SUMIF($N$131:$N$135,$N94,J$131:J$135) -> 0.12 | K94: =SUMIF($N$131:$N$135,$N94,K$131:K$135) -> 0.1 | ... M94: =SUMIF($N$131:$N$135,$N94,M$131:M$135) -> 0.17 | N94: Doctoral
A95: =A10 -> 30646 | B95: =B10 -> UTB | C95: =D95+E95+F95+K95+L95+M95 -> 1 | D95: =SUMIF($N$131:$N$135,$N95,D$131:D$135) -> 0.3 | E95: =SUMIF($N$131:$N$135,$N95,E$131:E$135) -> 0.15 | F95: =SUMIF($N$131:$N$135,$N95,F$131:F$135) -> 0.15 | G95: =SUMIF($N$131:$N$135,$N95,G$131:G$135) -> 0.3 | H95: =SUMIF($N$131:$N$135,$N95,H$131:H$135) -> 0.3 | I95: =SUMIF($N$131:$N$135,$N95,I$131:I$135) -> 0.3 | J95: =SUMIF($N$131:$N$135,$N95,J$131:J$135) -> 0.12 | K95: =SUMIF($N$131:$N$135,$N95,K$131:K$135) -> 0.1 | ... M95: =SUMIF($N$131:$N$135,$N95,M$131:M$135) -> 0.17 | N95: Master's
A96: =A11 -> 9930 | B96: =B11 -> UTPB | C96: =D96+E96+F96+K96+L96+M96 -> 1 | D96: =SUMIF($N$131:$N$135,$N96,D$131:D$135) -> 0.3 | E96: =SUMIF($N$131:$N$135,$N96,E$131:E$135) -> 0.15 | F96: =SUMIF($N$131:$N$135,$N96,F$131:F$135) -> 0.15 | G96: =SUMIF($N$131:$N$135,$N96,G$131:G$135) -> 0.3 | H96: =SUMIF($N$131:$N$135,$N96,H$131:H$135) -> 0.3 | I96: =SUMIF($N$131:$N$135,$N96,I$131:I$135) -> 0.3 | J96: =SUMIF($N$131:$N$135,$N96,J$131:J$135) -> 0.12 | K96: =SUMIF($N$131:$N$135,$N96,K$131:K$135) -> 0.1 | ... M96: =SUMIF($N$131:$N$135,$N96,M$131:M$135) -> 0.17 | N96: Master's
A97: =A12 -> 10115 | B97: =B12 -> UTSA | C97: =D97+E97+F97+K97+L97+M97 -> 1 | D97: =SUMIF($N$131:$N$135,$N97,D$131:D$135) -> 0.3 | E97: =SUMIF($N$131:$N$135,$N97,E$131:E$135) -> 0.2 | F97: =SUMIF($N$131:$N$135,$N97,F$131:F$135) -> 0.2 | G97: =SUMIF($N$131:$N$135,$N97,G$131:G$135) -> 0.3 | H97: =SUMIF($N$131:$N$135,$N97,H$131:H$135) -> 0.3 | I97: =SUMIF($N$131:$N$135,$N97,I$131:I$135) -> 0.3 | J97: =SUMIF($N$131:$N$135,$N97,J$131:J$135) -> 0.12 | K97: =SUMIF($N$131:$N$135,$N97,K$131:K$135) -> 0.07 | ... M97: =SUMIF($N$131:$N$135,$N97,M$131:M$135) -> 0.14 | N97: Emerging
A98: =A13 -> 11163 | B98: =B13 -> UTT | C98: =D98+E98+F98+K98+L98+M98 -> 1 | D98: =SUMIF($N$131:$N$135,$N98,D$131:D$135) -> 0.3 | E98: =SUMIF($N$131:$N$135,$N98,E$131:E$135) -> 0.15 | F98: =SUMIF($N$131:$N$135,$N98,F$131:F$135) -> 0.15 | G98: =SUMIF($N$131:$N$135,$N98,G$131:G$135) -> 0.3 | H98: =SUMIF($N$131:$N$135,$N98,H$131:H$135) -> 0.3 | I98: =SUMIF($N$131:$N$135,$N98,I$131:I$135) -> 0.3 | J98: =SUMIF($N$131:$N$135,$N98,J$131:J$135) -> 0.12 | K98: =SUMIF($N$131:$N$135,$N98,K$131:K$135) -> 0.1 | ... M98: =SUMIF($N$131:$N$135,$N98,M$131:M$135) -> 0.17 | N98: Master's
A99: =A14 -> 3632 | B99: =B14 -> TAMU | C99: =D99+E99+F99+K99+L99+M99 -> 1 | D99: =SUMIF($N$131:$N$135,$N99,D$131:D$135) -> 0.2 | E99: =SUMIF($N$131:$N$135,$N99,E$131:E$135) -> 0.25 | F99: =SUMIF($N$131:$N$135,$N99,F$131:F$135) -> 0.25 | G99: =SUMIF($N$131:$N$135,$N99,G$131:G$135) -> 0.2 | H99: =SUMIF($N$131:$N$135,$N99,H$131:H$135) -> 0.2 | I99: =SUMIF($N$131:$N$135,$N99,I$131:I$135) -> 0.2 | J99: =SUMIF($N$131:$N$135,$N99,J$131:J$135) -> 0.08 | K99: =SUMIF($N$131:$N$135,$N99,K$131:K$135) -> 0.07 | ... M99: =SUMIF($N$131:$N$135,$N99,M$131:M$135) -> 0.14 | N99: Research
A100: =A15 -> 10298 | B100: =B15 -> TAMUG | C100: =D100+E100+F100+K100+L100+M100 -> 1.5 | D100: =SUMIF($N$131:$N$135,$N100,D$131:D$135)*1.5 -> 0.45 | E100: =SUMIF($N$131:$N$135,$N100,E$131:E$135)*1.5 -> 0.225 | F100: =SUMIF($N$131:$N$135,$N100,F$131:F$135)*1.5 -> 0.225 | G100: =SUMIF($N$131:$N$135,$N100,G$131:G$135)*1.5 -> 0.45 | H100: =SUMIF($N$131:$N$135,$N100,H$131:H$135)*1.5 -> 0.45 | I100: =SUMIF($N$131:$N$135,$N100,I$131:I$135)*1.5 -> 0.45 | J100: =SUMIF($N$131:$N$135,$N100,J$131:J$135)*1.5 -> 0.18 | K100: =SUMIF($N$131:$N$135,$N100,K$131:K$135)*1.5 -> 0.15 | ... M100: =SUMIF($N$131:$N$135,$N100,M$131:M$135)*1.5 -> 0.255 | N100: Master's
A101: =A16 -> 3630 | B101: =B16 -> Prairie View | C101: =D101+E101+F101+K101+L101+M101 -> 1 | D101: =SUMIF($N$131:$N$135,$N101,D$131:D$135) -> 0.3 | E101: =SUMIF($N$131:$N$135,$N101,E$131:E$135) -> 0.15 | F101: =SUMIF($N$131:$N$135,$N101,F$131:F$135) -> 0.15 | G101: =SUMIF($N$131:$N$135,$N101,G$131:G$135) -> 0.3 | H101: =SUMIF($N$131:$N$135,$N101,H$131:H$135) -> 0.3 | I101: =SUMIF($N$131:$N$135,$N101,I$131:I$135) -> 0.3 | J101: =SUMIF($N$131:$N$135,$N101,J$131:J$135) -> 0.12 | K101: =SUMIF($N$131:$N$135,$N101,K$131:K$135) -> 0.1 | ... M101: =SUMIF($N$131:$N$135,$N101,M$131:M$135) -> 0.17 | N101: Comprehensive
A102: =A17 -> 3631 | B102: =B17 -> Tarleton | C102: =D102+E102+F102+K102+L102+M102 -> 1 | D102: =SUMIF($N$131:$N$135,$N102,D$131:D$135) -> 0.3 | E102: =SUMIF($N$131:$N$135,$N102,E$131:E$135) -> 0.15 | F102: =SUMIF($N$131:$N$135,$N102,F$131:F$135) -> 0.15 | G102: =SUMIF($N$131:$N$135,$N102,G$131:G$135) -> 0.3 | H102: =SUMIF($N$131:$N$135,$N102,H$131:H$135) -> 0.3 | I102: =SUMIF($N$131:$N$135,$N102,I$131:I$135) -> 0.3 | J102: =SUMIF($N$131:$N$135,$N102,J$131:J$135) -> 0.12 | K102: =SUMIF($N$131:$N$135,$N102,K$131:K$135) -> 0.1 | ... M102: =SUMIF($N$131:$N$135,$N102,M$131:M$135) -> 0.17 | N102: Comprehensive
A103: =A18 -> 103631 | B103: =B18 -> TAMUCT | C103: =D103+E103+F103+K103+L103+M103 -> 1 | D103: =SUMIF($N$131:$N$135,$N103,D$131:D$135) -> 0.3 | E103: =SUMIF($N$131:$N$135,$N103,E$131:E$135) -> 0.15 | F103: =SUMIF($N$131:$N$135,$N103,F$131:F$135) -> 0.15 | G103: =SUMIF($N$131:$N$135,$N103,G$131:G$135) -> 0.3 | H103: =SUMIF($N$131:$N$135,$N103,H$131:H$135) -> 0.3 | I103: =SUMIF($N$131:$N$135,$N103,I$131:I$135) -> 0.3 | J103: =SUMIF($N$131:$N$135,$N103,J$131:J$135) -> 0.12 | K103: =SUMIF($N$131:$N$135,$N103,K$131:K$135) -> 0.1 | ... M103: =SUMIF($N$131:$N$135,$N103,M$131:M$135) -> 0.17 | N103: Master's
A104: =A19 -> 11161 | B104: =B19 -> TAMUCC | C104: =D104+E104+F104+K104+L104+M104 -> 1 | D104: =SUMIF($N$131:$N$135,$N104,D$131:D$135) -> 0.3 | E104: =SUMIF($N$131:$N$135,$N104,E$131:E$135) -> 0.15 | F104: =SUMIF($N$131:$N$135,$N104,F$131:F$135) -> 0.15 | G104: =SUMIF($N$131:$N$135,$N104,G$131:G$135) -> 0.3 | H104: =SUMIF($N$131:$N$135,$N104,H$131:H$135) -> 0.3 | I104: =SUMIF($N$131:$N$135,$N104,I$131:I$135) -> 0.3 | J104: =SUMIF($N$131:$N$135,$N104,J$131:J$135) -> 0.12 | K104: =SUMIF($N$131:$N$135,$N104,K$131:K$135) -> 0.1 | ... M104: =SUMIF($N$131:$N$135,$N104,M$131:M$135) -> 0.17 | N104: Doctoral
A105: =A20 -> 3639 | B105: =B20 -> TAMUK | C105: =D105+E105+F105+K105+L105+M105 -> 1 | D105: =SUMIF($N$131:$N$135,$N105,D$131:D$135) -> 0.3 | E105: =SUMIF($N$131:$N$135,$N105,E$131:E$135) -> 0.15 | F105: =SUMIF($N$131:$N$135,$N105,F$131:F$135) -> 0.15 | G105: =SUMIF($N$131:$N$135,$N105,G$131:G$135) -> 0.3 | H105: =SUMIF($N$131:$N$135,$N105,H$131:H$135) -> 0.3 | I105: =SUMIF($N$131:$N$135,$N105,I$131:I$135) -> 0.3 | J105: =SUMIF($N$131:$N$135,$N105,J$131:J$135) -> 0.12 | K105: =SUMIF($N$131:$N$135,$N105,K$131:K$135) -> 0.1 | ... M105: =SUMIF($N$131:$N$135,$N105,M$131:M$135) -> 0.17 | N105: Doctoral
A106: =A21 -> 103639 | B106: =B21 -> TAMUSA | C106: =D106+E106+F106+K106+L106+M106 -> 1 | D106: =SUMIF($N$131:$N$135,$N106,D$131:D$135) -> 0.3 | E106: =SUMIF($N$131:$N$135,$N106,E$131:E$135) -> 0.15 | F106: =SUMIF($N$131:$N$135,$N106,F$131:F$135) -> 0.15 | G106: =SUMIF($N$131:$N$135,$N106,G$131:G$135) -> 0.3 | H106: =SUMIF($N$131:$N$135,$N106,H$131:H$135) -> 0.3 | I106: =SUMIF($N$131:$N$135,$N106,I$131:I$135) -> 0.3 | J106: =SUMIF($N$131:$N$135,$N106,J$131:J$135) -> 0.12 | K106: =SUMIF($N$131:$N$135,$N106,K$131:K$135) -> 0.1 | ... M106: =SUMIF($N$131:$N$135,$N106,M$131:M$135) -> 0.17 | N106: Master's
A107: =A22 -> 9651 | B107: =B22 -> TAMI | C107: =D107+E107+F107+K107+L107+M107 -> 1 | D107: =SUMIF($N$131:$N$135,$N107,D$131:D$135) -> 0.3 | E107: =SUMIF($N$131:$N$135,$N107,E$131:E$135) -> 0.15 | F107: =SUMIF($N$131:$N$135,$N107,F$131:F$135) -> 0.15 | G107: =SUMIF($N$131:$N$135,$N107,G$131:G$135) -> 0.3 | H107: =SUMIF($N$131:$N$135,$N107,H$131:H$135) -> 0.3 | I107: =SUMIF($N$131:$N$135,$N107,I$131:I$135) -> 0.3 | J107: =SUMIF($N$131:$N$135,$N107,J$131:J$135) -> 0.12 | K107: =SUMIF($N$131:$N$135,$N107,K$131:K$135) -> 0.1 | ... M107: =SUMIF($N$131:$N$135,$N107,M$131:M$135) -> 0.17 | N107: Comprehensive
A108: =A23 -> 3665 | B108: =B23 -> WTAMU | C108: =D108+E108+F108+K108+L108+M108 -> 1 | D108: =SUMIF($N$131:$N$135,$N108,D$131:D$135) -> 0.3 | E108: =SUMIF($N$131:$N$135,$N108,E$131:E$135) -> 0.15 | F108: =SUMIF($N$131:$N$135,$N108,F$131:F$135) -> 0.15 | G108: =SUMIF($N$131:$N$135,$N108,G$131:G$135) -> 0.3 | H108: =SUMIF($N$131:$N$135,$N108,H$131:H$135) -> 0.3 | I108: =SUMIF($N$131:$N$135,$N108,I$131:I$135) -> 0.3 | J108: =SUMIF($N$131:$N$135,$N108,J$131:J$135) -> 0.12 | K108: =SUMIF($N$131:$N$135,$N108,K$131:K$135) -> 0.1 | ... M108: =SUMIF($N$131:$N$135,$N108,M$131:M$135) -> 0.17 | N108: Comprehensive
A109: =A24 -> 3565 | B109: =B24 -> TAMUC | C109: =D109+E109+F109+K109+L109+M109 -> 1 | D109: =SUMIF($N$131:$N$135,$N109,D$131:D$135) -> 0.3 | E109: =SUMIF($N$131:$N$135,$N109,E$131:E$135) -> 0.15 | F109: =SUMIF($N$131:$N$135,$N109,F$131:F$135) -> 0.15 | G109: =SUMIF($N$131:$N$135,$N109,G$131:G$135) -> 0.3 | H109: =SUMIF($N$131:$N$135,$N109,H$131:H$135) -> 0.3 | I109: =SUMIF($N$131:$N$135,$N109,I$131:I$135) -> 0.3 | J109: =SUMIF($N$131:$N$135,$N109,J$131:J$135) -> 0.12 | K109: =SUMIF($N$131:$N$135,$N109,K$131:K$135) -> 0.1 | ... M109: =SUMIF($N$131:$N$135,$N109,M$131:M$135) -> 0.17 | N109: Doctoral
A110: =A25 -> 29269 | B110: =B25 -> TAMUT | C110: =D110+E110+F110+K110+L110+M110 -> 1 | D110: =SUMIF($N$131:$N$135,$N110,D$131:D$135) -> 0.3 | E110: =SUMIF($N$131:$N$135,$N110,E$131:E$135) -> 0.15 | F110: =SUMIF($N$131:$N$135,$N110,F$131:F$135) -> 0.15 | G110: =SUMIF($N$131:$N$135,$N110,G$131:G$135) -> 0.3 | H110: =SUMIF($N$131:$N$135,$N110,H$131:H$135) -> 0.3 | I110: =SUMIF($N$131:$N$135,$N110,I$131:I$135) -> 0.3 | J110: =SUMIF($N$131:$N$135,$N110,J$131:J$135) -> 0.12 | K110: =SUMIF($N$131:$N$135,$N110,K$131:K$135) -> 0.1 | ... M110: =SUMIF($N$131:$N$135,$N110,M$131:M$135) -> 0.17 | N110: Master's
A111: =A26 -> 3652 | B111: =B26 -> UH | C111: =D111+E111+F111+K111+L111+M111 -> 1 | D111: =SUMIF($N$131:$N$135,$N111,D$131:D$135) -> 0.3 | E111: =SUMIF($N$131:$N$135,$N111,E$131:E$135) -> 0.2 | F111: =SUMIF($N$131:$N$135,$N111,F$131:F$135) -> 0.2 | G111: =SUMIF($N$131:$N$135,$N111,G$131:G$135) -> 0.3 | H111: =SUMIF($N$131:$N$135,$N111,H$131:H$135) -> 0.3 | I111: =SUMIF($N$131:$N$135,$N111,I$131:I$135) -> 0.3 | J111: =SUMIF($N$131:$N$135,$N111,J$131:J$135) -> 0.12 | K111: =SUMIF($N$131:$N$135,$N111,K$131:K$135) -> 0.07 | ... M111: =SUMIF($N$131:$N$135,$N111,M$131:M$135) -> 0.14 | N111: Emerging
A112: =A27 -> 11711 | B112: =B27 -> UHCL | C112: =D112+E112+F112+K112+L112+M112 -> 1 | D112: =SUMIF($N$131:$N$135,$N112,D$131:D$135) -> 0.3 | E112: =SUMIF($N$131:$N$135,$N112,E$131:E$135) -> 0.15 | F112: =SUMIF($N$131:$N$135,$N112,F$131:F$135) -> 0.15 | G112: =SUMIF($N$131:$N$135,$N112,G$131:G$135) -> 0.3 | H112: =SUMIF($N$131:$N$135,$N112,H$131:H$135) -> 0.3 | I112: =SUMIF($N$131:$N$135,$N112,I$131:I$135) -> 0.3 | J112: =SUMIF($N$131:$N$135,$N112,J$131:J$135) -> 0.12 | K112: =SUMIF($N$131:$N$135,$N112,K$131:K$135) -> 0.1 | ... M112: =SUMIF($N$131:$N$135,$N112,M$131:M$135) -> 0.17 | N112: Master's
... A127: =A42 -> 20 | B127: =B42 -> SRRG | C127: =D127+E127+F127+K127+L127+M127 -> 1 | D127: =SUMIF($N$131:$N$135,$N127,D$131:D$135) -> 0.3 | E127: =SUMIF($N$131:$N$135,$N127,E$131:E$135) -> 0.15 | F127: =SUMIF($N$131:$N$135,$N127,F$131:F$135) -> 0.15 | G127: =SUMIF($N$131:$N$135,$N127,G$131:G$135) -> 0.3 | H127: =SUMIF($N$131:$N$135,$N127,H$131:H$135) -> 0.3 | I127: =SUMIF($N$131:$N$135,$N127,I$131:I$135) -> 0.3 | J127: =SUMIF($N$131:$N$135,$N127,J$131:J$135) -> 0.12 | K127: =SUMIF($N$131:$N$135,$N127,K$131:K$135) -> 0.1 | ... M127: =SUMIF($N$131:$N$135,$N127,M$131:M$135) -> 0.17 | N127: Master's
A128: Weights by Group
C129: Total Weights | D129: Total Undergraduate Degrees | H129: Undergraduate Critical Field Degrees | I129: Math and Science Teaching Certificates | J129: At-Risk Degrees | K129: Retention Metrics | N129: SREB Carnegie 2011-12 Classification
E130: Adjusted by 6-Year Graduation Rate | F130: per 100 FTSE | G130: Cost Weighted | K130: 30 Hours | L130: 60 Hours | M130: 90 Hours
C131: 1 | D131: 0.2 | E131: 0.25 | F131: 0.25 | G131: 0.2 | H131: 0.2 | I131: 0.2 | J131: 0.08 | K131: 0.07 | L131: 0.09 | M131: 0.14 | N131: Research
C132: 1 | D132: 0.3 | E132: 0.2 | F132: 0.2 | G132: 0.3 | H132: 0.3 | I132: 0.3 | J132: 0.12 | K132: 0.07 | L132: 0.09 | M132: 0.14 | N132: Emerging
C133: 1 | D133: 0.3 | E133: 0.15 | F133: 0.15 | G133: 0.3 | H133: 0.3 | I133: 0.3 | J133: 0.12 | K133: 0.1 | L133: 0.13 | M133: 0.17 | N133: Doctoral
C134: 1 | D134: 0.3 | E134: 0.15 | F134: 0.15 | G134: 0.3 | H134: 0.3 | I134: 0.3 | J134: 0.12 | K134: 0.1 | L134: 0.13 | M134: 0.17 | N134: Comprehensive
C135: 1 | D135: 0.3 | E135: 0.15 | F135: 0.15 | G135: 0.3 | H135: 0.3 | I135: 0.3 | J135: 0.12 | K135: 0.1 | L135: 0.13 | M135: 0.17 | N135: Master's
A136: Points Three-Year Average - Scaled
A137: FICE | B137: Name | C137: Total Points | D137: Total Undergraduate Degrees | H137: Undergraduate Critical Field Degrees | I137: Math and Science Teaching Certificates | J137: At-Risk Degrees | K137: Retention Metrics
E138: Adjusted by 6-Year Graduation Rate | F138: per 100 FTSE | G138: Cost Weighted | K138: 30 Hours | L138: 60 Hours | M138: 90 Hours
A139: Scale | D139: 1 | E139: 1 | F139: 50 | G139: 1 | H139: 1 | I139: 1 | J139: 0.4 | K139: 1 | L139: 1 | M139: 1
A140: =A5 -> 3656 | B140: =B5 -> UTA | C140: =SUM(D140:M140) -> 34784.139 | D140: =D182*D$139 -> 5018 | E140: =D182*E182*E$139 -> 2600.9967 | F140: =IFERROR(D182/F182*100*F$139,0) -> 1480.1894 | G140: =G182*G$139 -> 10418.553 | H140: =H182*H$139 -> 1531.3333 | I140: =I182*I$139 -> 35 | J140: =J182*J$139 -> 1246.4 | K140: =K182*K$139 -> 6836.3333 | L140: =L182*L$139 -> 3833.6667 | M140: =M182*M$139 -> 1783.6667
A141: =A6 -> 3658 | B141: =B6 -> UT | C141: =SUM(D141:M141) -> 66060.878 | D141: =D183*D$139 -> 8946.3333 | E141: =D183*E183*E$139 -> 7416.5103 | F141: =IFERROR(D183/F183*100*F$139,0) -> 1324.8846 | G141: =G183*G$139 -> 19398.35 | H141: =H183*H$139 -> 1876.3333 | I141: =I183*I$139 -> 66 | J141: =J183*J$139 -> 1388.1333 | K141: =K183*K$139 -> 9598.3333 | L141: =L183*L$139 -> 9005.6667 | M141: =M183*M$139 -> 7040.3333
A142: =A7 -> 9741 | B142: =B7 -> UTD | C142: =SUM(D142:M142) -> 17970.17 | D142: =D184*D$139 -> 2393 | E142: =D184*E184*E$139 -> 1682.279 | F142: =IFERROR(D184/F184*100*F$139,0) -> 1341.488 | G142: =G184*G$139 -> 5101.2033 | H142: =H184*H$139 -> 421.66667 | I142: =I184*I$139 -> 32 | J142: =J184*J$139 -> 527.86667 | K142: =K184*K$139 -> 3315 | L142: =L184*L$139 -> 2134.3333 | M142: =M184*M$139 -> 1021.3333
A143: =A8 -> 3661 | B143: =B8 -> UTEP | C143: =SUM(D143:M143) -> 23098.251 | D143: =D185*D$139 -> 3057 | E143: =D185*E185*E$139 -> 1192.23 | F143: =IFERROR(D185/F185*100*F$139,0) -> 1143.5447 | G143: =G185*G$139 -> 6298.0767 | H143: =H185*H$139 -> 655 | I143: =I185*I$139 -> 90 | J143: =J185*J$139 -> 985.73333 | K143: =K185*K$139 -> 4362.6667 | L143: =L185*L$139 -> 3358 | M143: =M185*M$139 -> 1956
A144: =A9 -> 3599 | B144: =B9 -> UTPA | C144: =SUM(D144:M144) -> 20445.105 | D144: =D186*D$139 -> 2580 | E144: =D186*E186*E$139 -> 1111.98 | F144: =IFERROR(D186/F186*100*F$139,0) -> 1024.6245 | G144: =G186*G$139 -> 5134.1667 | H144: =H186*H$139 -> 520.33333 | I144: =I186*I$139 -> 28 | J144: =J186*J$139 -> 935.33333 | K144: =K186*K$139 -> 4075.3333 | L144: =L186*L$139 -> 3096 | M144: =M186*M$139 -> 1939.3333
A145: =A10 -> 30646 | B145: =B10 -> UTB | C145: =SUM(D145:M145) -> 8041.6927 | D145: =D187*D$139 -> 1092 | E145: =D187*E187*E$139 -> 628.17092 | F145: =IFERROR(D187/F187*100*F$139,0) -> 1723.0618 | G145: =G187*G$139 -> 2097.7933 | H145: =H187*H$139 -> 124.33333 | I145: =I187*I$139 -> 18.333333 | J145: =J187*J$139 -> 374.66667 | K145: =K187*K$139 -> 1326.3333 | L145: =L187*L$139 -> 556.33333 | M145: =M187*M$139 -> 100.66667
A146: =A11 -> 9930 | B146: =B11 -> UTPB | C146: =SUM(D146:M146) -> 4610.5087 | D146: =D188*D$139 -> 533.33333 | E146: =D188*E188*E$139 -> 236.8 | F146: =IFERROR(D188/F188*100*F$139,0) -> 1156.2587 | G146: =G188*G$139 -> 1001.5167 | H146: =H188*H$139 -> 41.333333 | I146: =I188*I$139 -> 10 | J146: =J188*J$139 -> 159.6 | K146: =K188*K$139 -> 785.66667 | L146: =L188*L$139 -> 491.66667 | M146: =M188*M$139 -> 194.33333
A147: =A12 -> 10115 | B147: =B12 -> UTSA | C147: =SUM(D147:M147) -> 30858.191 | D147: =D189*D$139 -> 4119.6667 | E147: =D189*E189*E$139 -> 1737.1261 | F147: =IFERROR(D189/F189*100*F$139,0) -> 1012.0517 | G147: =G189*G$139 -> 8414.2133 | H147: =H189*H$139 -> 392 | I147: =I189*I$139 -> 49.666667 | J147: =J189*J$139 -> 1249.4667 | K147: =K189*K$139 -> 6809.6667 | L147: =L189*L$139 -> 4458.6667 | M147: =M189*M$139 -> 2615.6667
A148: =A13 -> 11163 | B148: =B13 -> UTT | C148: =SUM(D148:M148) -> 9110.357 | D148: =D190*D$139 -> 1190 | E148: =D190*E190*E$139 -> 613.64333 | F148: =IFERROR(D190/F190*100*F$139,0) -> 1462.787 | G148: =G190*G$139 -> 2362.66 | H148: =H190*H$139 -> 376.66667 | I148: =I190*I$139 -> 14 | J148: =J190*J$139 -> 376.93333 | K148: =K190*K$139 -> 1436.3333 | L148: =L190*L$139 -> 890 | M148: =M190*M$139 -> 387.33333
A149: =A14 -> 3632 | B149: =B14 -> TAMU | C149: =SUM(D149:M149) -> 66697.991 | D149: =D191*D$139 -> 8739.6667 | E149: =D191*E191*E$139 -> 7347.1464 | F149: =IFERROR(D191/F191*100*F$139,0) -> 1262.0943 | G149: =G191*G$139 -> 20104.817 | H149: =H191*H$139 -> 1763 | I149: =I191*I$139 -> 126 | J149: =J191*J$139 -> 1489.6 | K149: =K191*K$139 -> 10060.667 | L149: =L191*L$139 -> 8907.3333 | M149: =M191*M$139 -> 6897.6667
A150: =A15 -> 10298 | B150: =B15 -> TAMUG | C150: =SUM(D150:M150) -> 4843.3763 | D150: =D192*D$139*1.5 -> 413 | E150: =D192*E192*E$139*1.5 -> 259.08867 | F150: =IFERROR(D192/F192*100*F$139,0)*1.5 -> 1229.9476 | G150: =G192*G$139*1.5 -> 1056.04 | H150: =H192*H$139*1.5 -> 56 | I150: =I192*I$139*1.5 -> 0 | J150: =J192*J$139*1.5 -> 94.8 | K150: =K192*K$139*1.5 -> 888.5 | L150: =L192*L$139*1.5 -> 477 | M150: =M192*M$139*1.5 -> 369
A151: =A16 -> 3630 | B151: =B16 -> Prairie View | C151: =SUM(D151:M151) -> 8549.155 | D151: =D193*D$139 -> 936.33333 | E151: =D193*E193*E$139 -> 348.00389 | F151: =IFERROR(D193/F193*100*F$139,0) -> 791.1844 | G151: =G193*G$139 -> 2072.9 | H151: =H193*H$139 -> 315.66667 | I151: =I193*I$139 -> 9.6666667 | J151: =J193*J$139 -> 321.06667 | K151: =K193*K$139 -> 1668 | L151: =L193*L$139 -> 1181 | M151: =M193*M$139 -> 905.33333
A152: =A17 -> 3631 | B152: =B17 -> Tarleton | C152: =SUM(D152:M152) -> 11708.868 | D152: =D194*D$139 -> 1545.3333 | E152: =D194*E194*E$139 -> 738.66933 | F152: =IFERROR(D194/F194*100*F$139,0) -> 1227.9884 | G152: =G194*G$139 -> 3122.5433 | H152: =H194*H$139 -> 203 | I152: =I194*I$139 -> 47.666667 | J152: =J194*J$139 -> 478 | K152: =K194*K$139 -> 2154.3333 | L152: =L194*L$139 -> 1328.6667 | M152: =M194*M$139 -> 862.66667
A153: =A18 -> 103631 | B153: =B18 -> TAMUCT | C153: =SUM(D153:M153) -> 5746.8485 | D153: =D195*D$139 -> 460.33333 | E153: =D195*E195*E$139 -> 220.03933 | F153: =IFERROR(D195/F195*100*F$139,0) -> 3379.3925 | G153: =G195*G$139 -> 853.61667 | H153: =H195*H$139 -> 40.666667 | I153: =I195*I$139 -> 0 | J153: =J195*J$139 -> 130.8 | K153: =K195*K$139 -> 495 | L153: =L195*L$139 -> 133 | M153: =M195*M$139 -> 34
A154: =A19 -> 11161 | B154: =B19 -> TAMUCC | C154: =SUM(D154:M154) -> 11090.966 | D154: =D196*D$139 -> 1388.3333 | E154: =D196*E196*E$139 -> 705.27333 | F154: =IFERROR(D196/F196*100*F$139,0) -> 1068.8257 | G154: =G196*G$139 -> 2804.2 | H154: =H196*H$139 -> 266.33333 | I154: =I196*I$139 -> 25.666667 | J154: =J196*J$139 -> 432 | K154: =K196*K$139 -> 2054 | L154: =L196*L$139 -> 1468 | M154: =M196*M$139 -> 878.33333
...

Sheet Option 3
A1: Option 3 - Outcomes Based Funding (FY 2010 - FY 2012 Averaged) with Total Degrees adjusted by Six-Year Graduation Rate (3-Year Rate for Upper-Levels), Total Degrees per 100 FTSE, Critical Field Degrees (weighted 2), At-Risk Degrees, Retention Metrics of 30, 60, and 90 hours, Total Degrees adjusted by Cost Based Weights, and Total Graduate Degrees. Metrics scaled for mathematical comparability, weighted by accountability group, and monetized using SREB salaries by Carnegie classifications. Funded at 10 percent of undergraduate formula funding.
A3: FICE | B3: Name | C3: Funding | D3: Total Undergraduate Degrees | H3: Master's | I3: Doctoral and Professional Practice | J3: Undergraduate Critical Field Degrees | K3: Math and Science Teaching Certificates | L3: At-Risk Degrees | M3: Retention Metrics
E4: Adjusted by 6-Year Graduation Rate | F4: per 100 FTSE | G4: Cost Weighted | M4: 30 Hours | N4: 60 Hours | O4: 90 Hours
A5: 3656 | B5: UTA | C5: =SUM(D5:O5) -> 16277418 | D5: =D48*$Q48*$C$44 -> 2832096.7 | E5: =E48*$Q48*$C$44 -> 880782.09 | F5: =F48*$Q48*$C$44 -> 501240.29 | G5: =G48*$Q48*$C$44 -> 5880101.8 | H5: =H48*$Q48*$C$44 -> 2843384.5 | I5: =I48*$Q48*$C$44 -> 635124.13 | J5: =J48*$Q48*$C$44 -> 864265.47 | K5: =K48*$Q48*$C$44 -> 19753.564 | ... O5: =O48*$Q48*$C$44 -> 402671.71
A6: 3658 | B6: UT | C6: =SUM(D6:O6) -> 27571670 | D6: =D49*$Q49*$C$44 -> 3029519.5 | E6: =E49*$Q49*$C$44 -> 3348628.9 | F6: =F49*$Q49*$C$44 -> 598198.7 | G6: =G49*$Q49*$C$44 -> 6568912.4 | H6: =H49*$Q49*$C$44 -> 3392721.7 | I6: =I49*$Q49*$C$44 -> 6111940.9 | J6: =J49*$Q49*$C$44 -> 635387.51 | K6: =K49*$Q49*$C$44 -> 22349.747 | ... O6: =O49*$Q49*$C$44 -> 1589390.6
A7: 9741 | B7: UTD | C7: =SUM(D7:O7) -> 9536898.7 | D7: =D50*$Q50*$C$44 -> 1350579.4 | E7: =E50*$Q50*$C$44 -> 569674.4 | F7: =F50*$Q50*$C$44 -> 454271.49 | G7: =G50*$Q50*$C$44 -> 2879055.7 | H7: =H50*$Q50*$C$44 -> 2264322.9 | I7: =I50*$Q50*$C$44 -> 824758.34 | J7: =J50*$Q50*$C$44 -> 237983.42 | K7: =K50*$Q50*$C$44 -> 18060.402 | ... O7: =O50*$Q50*$C$44 -> 230571.13
A8: 3661 | B8: UTEP | C8: =SUM(D8:O8) -> 7275836.7 | D8: =D51*$Q51*$C$44 -> 1323403 | E8: =E51*$Q51*$C$44 -> 309676.3 | F8: =F51*$Q51*$C$44 -> 297030.52 | G8: =G51*$Q51*$C$44 -> 2726494.4 | H8: =H51*$Q51*$C$44 -> 892658.47 | I8: =I51*$Q51*$C$44 -> 243583.49 | J8: =J51*$Q51*$C$44 -> 283555.43 | K8: =K51*$Q51*$C$44 -> 38961.815 | ... O8: =O51*$Q51*$C$44 -> 338708.04
A9: 3599 | B9: UTPA | C9: =SUM(D9:O9) -> 5747650.8 | D9: =D52*$Q52*$C$44 -> 1035315.2 | E9: =E52*$Q52*$C$44 -> 178488.34 | F9: =F52*$Q52*$C$44 -> 164466.57 | G9: =G52*$Q52*$C$44 -> 2060263.9 | H9: =H52*$Q52*$C$44 -> 574105.02 | I9: =I52*$Q52*$C$44 -> 39593.45 | J9: =J52*$Q52*$C$44 -> 208801.94 | K9: =K52*$Q52*$C$44 -> 11235.979 | ... O9: =O52*$Q52*$C$44 -> 435806.17
A10: 30646 | B10: UTB | C10: =SUM(D10:O10) -> 2304810.4 | D10: =D53*$Q53*$C$44 -> 438203.18 | E10: =E53*$Q53*$C$44 -> 100830.22 | F10: =F53*$Q53*$C$44 -> 276575.52 | G10: =G53*$Q53*$C$44 -> 841812.92 | H10: =H53*$Q53*$C$44 -> 228286.56 | I10: =I53*$Q53*$C$44 -> 0 | J10: =J53*$Q53*$C$44 -> 49893.097 | K10: =K53*$Q53*$C$44 -> 7356.891 | ... O10: =O53*$Q53*$C$44 -> 24237.612
A11: 9930 | B11: UTPB | C11: =SUM(D11:O11) -> 1296477.8 | D11: =D54*$Q54*$C$44 -> 214018.65 | E11: =E54*$Q54*$C$44 -> 38009.712 | F11: =F54*$Q54*$C$44 -> 185595.7 | G11: =G54*$Q54*$C$44 -> 401893.58 | H11: =H54*$Q54*$C$44 -> 168361.34 | I11: =I54*$Q54*$C$44 -> 0 | J11: =J54*$Q54*$C$44 -> 16586.445 | K11: =K54*$Q54*$C$44 -> 4012.8496 | ... O11: =O54*$Q54*$C$44 -> 46789.827
A12: 10115 | B12: UTSA | C12: =SUM(D12:O12) -> 9065433 | D12: =D55*$Q55*$C$44 -> 1783441 | E12: =E55*$Q55*$C$44 -> 451210.57 | F12: =F55*$Q55*$C$44 -> 262875.81 | G12: =G55*$Q55*$C$44 -> 3642589.1 | H12: =H55*$Q55*$C$44 -> 890926.83 | I12: =I55*$Q55*$C$44 -> 238965.8 | J12: =J55*$Q55*$C$44 -> 169700.35 | K12: =K55*$Q55*$C$44 -> 21501.15 | ... O12: =O55*$Q55*$C$44 -> 452938.31
A13: 11163 | B13: UTT | C13: =SUM(D13:O13) -> 2849082.6 | D13: =D56*$Q56*$C$44 -> 477529.11 | E13: =E56*$Q56*$C$44 -> 98498.337 | F13: =F56*$Q56*$C$44 -> 234797.78 | G13: =G56*$Q56*$C$44 -> 948099.94 | H13: =H56*$Q56*$C$44 -> 423756.92 | I13: =I56*$Q56*$C$44 -> 0 | J13: =J56*$Q56*$C$44 -> 151150.67 | K13: =K56*$Q56*$C$44 -> 5617.9895 | ... O13: =O56*$Q56*$C$44 -> 93258.626
A14: 3632 | B14: TAMU | C14: =SUM(D14:O14) -> 23956476 | D14: =D57*$Q57*$C$44 -> 2959535.5 | E14: =E57*$Q57*$C$44 -> 3317310.4 | F14: =F57*$Q57*$C$44 -> 569848.26 | G14: =G57*$Q57*$C$44 -> 6808145 | H14: =H57*$Q57*$C$44 -> 2403162.2 | I14: =I57*$Q57*$C$44 -> 3384820.3 | J14: =J57*$Q57*$C$44 -> 597009.15 | K14: =K57*$Q57*$C$44 -> 42667.699 | ... O14: =O57*$Q57*$C$44 -> 1557182.9
A15: 10298 | B15: TAMUG | C15: =SUM(D15:O15) -> 1715429.3 | D15: =D58*$Q58*$C$44 -> 241202.22 | E15: =E58*$Q58*$C$44 -> 60525.677 | F15: =F58*$Q58*$C$44 -> 287327.93 | G15: =G58*$Q58*$C$44 -> 616753.49 | H15: =H58*$Q58*$C$44 -> 25697.089 | I15: =I58*$Q58*$C$44 -> 0 | J15: =J58*$Q58*$C$44 -> 32705.386 | K15: =K58*$Q58*$C$44 -> 0 | ... O15: =O58*$Q58*$C$44 -> 129303.08
A16: 3630 | B16: Prairie View | C16: =SUM(D16:O16) -> 2663131.1 | D16: =D59*$Q59*$C$44 -> 375736.49 | E16: =E59*$Q59*$C$44 -> 55859.491 | F16: =F59*$Q59*$C$44 -> 126996.16 | G16: =G59*$Q59*$C$44 -> 831823.6 | H16: =H59*$Q59*$C$44 -> 409578.19 | I16: =I59*$Q59*$C$44 -> 21401.865 | J16: =J59*$Q59*$C$44 -> 126672.29 | K16: =K59*$Q59*$C$44 -> 3879.088 | ... O16: =O59*$Q59*$C$44 -> 217977.99
... A42: 20 | B42: SRRG | C42: =SUM(D42:O42) -> 605978.6 | D42: =D85*$Q85*$C$44 -> 65382.313 | E42: =E85*$Q85*$C$44 -> 8309.5086 | F42: =F85*$Q85*$C$44 -> 296011.28 | G42: =G85*$Q85*$C$44 -> 112903.8 | H42: =H85*$Q85*$C$44 -> 60394.384 | I42: =I85*$Q85*$C$44 -> 0 | J42: =J85*$Q85*$C$44 -> 2561.369 | K42: =K85*$Q85*$C$44 -> 2291.7512 | ... O42: =O85*$Q85*$C$44 -> 1051.5094
B43: Total | C43: =SUM(C5:C42) -> 2.35e+08 | D43: =SUM(D5:D42) -> 37003726 | E43: =SUM(E5:E42) -> 15266142 | F43: =SUM(F5:F42) -> 10663025 | G43: =SUM(G5:G42) -> 75554586 | H43: =SUM(H5:H42) -> 31176688 | I43: =SUM(I5:I42) -> 20505212 | J43: =SUM(J5:J42) -> 6062763.3 | ... O43: =SUM(O5:O42) -> 11216073
C44: =235000000/R86 -> 0.025029098 | D44: Percent Funded
A45: Points Three-Year Average - Scaled and Weighted
A46: FICE | B46: Name | C46: Total Points | D46: Total Undergraduate Degrees | H46: =H3 -> Master's | I46: =I3 -> Doctoral and Professional Practice | J46: Undergraduate Critical Field Degrees | K46: Math and Science Teaching Certificates | L46: At-Risk Degrees | M46: Retention Metrics | P46: SREB Carnegie 2011-12 Classification | Q46: Texas SREB Carnegie Salaries 2011-2012 | R46: Texas SREB Carnegie Salary Times Total Points
E47: Adjusted by 6-Year Graduation Rate | F47: per 100 FTSE | G47: Cost Weighted | M47: 30 Hours | N47: 60 Hours | O47: 90 Hours
A48: =A5 -> 3656 | B48: =B5 -> UTA | C48: =SUM(D48:O48) -> 7210.2129 | D48: =D90*D140 -> 1254.5 | E48: =E90*E140 -> 390.1495 | F48: =F90*F140 -> 222.02841 | G48: =G90*G140 -> 2604.6383 | H48: =H90*H140 -> 1259.5 | I48: =I90*I140 -> 281.33333 | J48: =J90*J140 -> 382.83333 | K48: =K90*K140 -> 8.75 | ... O48: =O90*O140 -> 178.36667 | P48: 1 | Q48: 90197.028 | R48: =Q48*C48 -> 6.5033977e+08
A49: =A6 -> 3658 | B49: =B6 -> UT | C49: =SUM(D49:O49) -> 12213.093 | D49: =D91*D141 -> 1341.95 | E49: =E91*E141 -> 1483.3021 | F49: =F91*F141 -> 264.97692 | G49: =G91*G141 -> 2909.7525 | H49: =H91*H141 -> 1502.8333 | I49: =I91*I141 -> 2707.3333 | J49: =J91*J141 -> 281.45 | K49: =K91*K141 -> 9.9 | ... O49: =O91*O141 -> 704.03333 | P49: 1 | Q49: 90197.028 | R49: =Q49*C49 -> 1.1015847e+09
A50: =A7 -> 9741 | B50: =B7 -> UTD | C50: =SUM(D50:O50) -> 4224.4459 | D50: =D92*D142 -> 598.25 | E50: =E92*E142 -> 252.34185 | F50: =F92*F142 -> 201.2232 | G50: =G92*G142 -> 1275.3008 | H50: =H92*H142 -> 1003 | I50: =I92*I142 -> 365.33333 | J50: =J92*J142 -> 105.41667 | K50: =K92*K142 -> 8 | ... O50: =O92*O142 -> 102.13333 | P50: 1 | Q50: 90197.028 | R50: =Q50*C50 -> 3.8103246e+08
A51: =A8 -> 3661 | B51: =B8 -> UTEP | C51: =SUM(D51:O51) -> 4201.712 | D51: =D93*D143 -> 764.25 | E51: =E93*E143 -> 178.8345 | F51: =F93*F143 -> 171.53171 | G51: =G93*G143 -> 1574.5192 | H51: =H93*H143 -> 515.5 | I51: =I93*I143 -> 140.66667 | J51: =J93*J143 -> 163.75 | K51: =K93*K143 -> 22.5 | ... O51: =O93*O143 -> 195.6 | P51: 2 | Q51: 69184.924 | R51: =Q51*C51 -> 2.9069513e+08
A52: =A9 -> 3599 | B52: =B9 -> UTPA | C52: =SUM(D52:O52) -> 3580.7788 | D52: =D94*D144 -> 645 | E52: =E94*E144 -> 111.198 | F52: =F94*F144 -> 102.46245 | G52: =G94*G144 -> 1283.5417 | H52: =H94*H144 -> 357.66667 | I52: =I94*I144 -> 24.666667 | J52: =J94*J144 -> 130.08333 | K52: =K94*K144 -> 7 | ... O52: =O94*O144 -> 271.50667 | P52: 3 | Q52: 64130.952 | R52: =Q52*C52 -> 2.2963875e+08
A53: =A10 -> 30646 | B53: =B10 -> UTB | C53: =SUM(D53:O53) -> 1435.8938 | D53: =D95*D145 -> 273 | E53: =E95*E145 -> 62.817092 | F53: =F95*F145 -> 172.30618 | G53: =G95*G145 -> 524.44833 | H53: =H95*H145 -> 142.22222 | I53: =I95*I145 -> 0 | J53: =J95*J145 -> 31.083333 | K53: =K95*K145 -> 4.5833333 | ... O53: =O95*O145 -> 15.1 | P53: 3 | Q53: 64130.952 | R53: =Q53*C53 -> 92085238
A54: =A11 -> 9930 | B54: =B11 -> UTPB | C54: =SUM(D54:O54) -> 807.70393 | D54: =D96*D146 -> 133.33333 | E54: =E96*E146 -> 23.68 | F54: =F96*F146 -> 115.62587 | G54: =G96*G146 -> 250.37917 | H54: =H96*H146 -> 104.88889 | I54: =I96*I146 -> 0 | J54: =J96*J146 -> 10.333333 | K54: =K96*K146 -> 2.5 | ... O54: =O96*O146 -> 29.15 | P54: 3 | Q54: 64130.952 | R54: =Q54*C54 -> 51798822
A55: =A12 -> 10115 | B55: =B12 -> UTSA | C55: =SUM(D55:O55) -> 5235.1833 | D55: =D97*D147 -> 1029.9167 | E55: =E97*E147 -> 260.56892 | F55: =F97*F147 -> 151.80776 | G55: =G97*G147 -> 2103.5533 | H55: =H97*H147 -> 514.5 | I55: =I97*I147 -> 138 | J55: =J97*J147 -> 98 | K55: =K97*K147 -> 12.416667 | ... O55: =O97*O147 -> 261.56667 | P55: 2 | Q55: 69184.924 | R55: =Q55*C55 -> 3.6219576e+08
A56: =A13 -> 11163 | B56: =B13 -> UTT | C56: =SUM(D56:O56) -> 1774.9747 | D56: =D98*D148 -> 297.5 | E56: =E98*E148 -> 61.364333 | F56: =F98*F148 -> 146.2787 | G56: =G98*G148 -> 590.665 | H56: =H98*H148 -> 264 | I56: =I98*I148 -> 0 | J56: =J98*J148 -> 94.166667 | K56: =K98*K148 -> 3.5 | ... O56: =O98*O148 -> 58.1 | P56: 3 | Q56: 64130.952 | R56: =Q56*C56 -> 1.1383082e+08
A57: =A14 -> 3632 | B57: =B14 -> TAMU | C57: =SUM(D57:O57) -> 10611.713 | D57: =D99*D149 -> 1310.95 | E57: =E99*E149 -> 1469.4293 | F57: =F99*F149 -> 252.41887 | G57: =G99*G149 -> 3015.7225 | H57: =H99*H149 -> 1064.5 | I57: =I99*I149 -> 1499.3333 | J57: =J99*J149 -> 264.45 | K57: =K99*K149 -> 18.9 | ... O57: =O99*O149 -> 689.76667 | P57: 1 | Q57: 90197.028 | R57: =Q57*C57 -> 9.57145e+08
A58: =A15 -> 10298 | B58: =B15 -> TAMUG | C58: =SUM(D58:O58) -> 1101.4704 | D58: =D100*D150 -> 154.875 | E58: =E100*E150 -> 38.8633 | F58: =F100*F150 -> 184.49214 | G58: =G100*G150 -> 396.015 | H58: =H100*H150 -> 16.5 | I58: =I100*I150 -> 0 | J58: =J100*J150 -> 21 | K58: =K100*K150 -> 0 | ... O58: =O100*O150 -> 83.025 | P58: 6 | Q58: 62223.55 | R58: =Q58*C58 -> 68537401
A59: =A16 -> 3630 | B59: =B16 -> Prairie View | C59: =SUM(D59:O59) -> 1659.1272 | D59: =D101*D151 -> 234.08333 | E59: =E101*E151 -> 34.800389 | F59: =F101*F151 -> 79.11844 | G59: =G101*G151 -> 518.225 | H59: =H101*H151 -> 255.16667 | I59: =I101*I151 -> 13.333333 | J59: =J101*J151 -> 78.916667 | K59: =K101*K151 -> 2.4166667 | ... O59: =O101*O151 -> 135.8 | P59: 3 | Q59: 64130.952 | R59: =Q59*C59 -> 1.064014e+08
... A74: =A31 -> 3594 | B74: =B31 -> UNT | C74: =SUM(D74:O74) -> 7675.8079 | D74: =D116*D166 -> 1504.1667 | E74: =E116*E166 -> 520.14083 | F74: =F116*F166 -> 194.15208 | G74: =G116*G166 -> 2852.8883 | H74: =H116*H166 -> 915.16667 | I74: =I116*I166 -> 454.66667 | J74: =J116*J166 -> 84.166667 | K74: =K116*K166 -> 10.833333 | ... O74: =O116*O166 -> 333.7 | P74: 1 | Q74: 90197.028 | R74: =Q74*C74 -> 6.9233506e+08
A75: =A32 -> 113594 | B75: =B32 -> UNTD | C75: =SUM(D75:O75) -> 577.68846 | D75: =D117*D167 -> 100.875 | E75: =E117*E167 -> 23.302125 | F75: =F117*F167 -> 213.23633 | G75: =G117*G167 -> 176.465 | H75: =H117*H167 -> 0 | I75: =I117*I167 -> 0 | J75: =J117*J167 -> 3 | K75: =K117*K167 -> 0 | ... O75: =O117*O167 -> 1.65 | P75: NR | Q75: 62223.55 | R75: =Q75*C75 -> 35945827
A76: =A33 -> 3624 | B76: =B33 -> SFA | C76: =SUM(D76:O76) -> 2662.6589 | D76: =D118*D168 -> 480.41667 | E76: =E118*E168 -> 106.46033 | F76: =F118*F168 -> 101.28772 | G76: =G118*G168 -> 930.43417 | H76: =H118*H168 -> 219.33333 | I76: =I118*I168 -> 13 | J76: =J118*J168 -> 62 | K76: =K118*K168 -> 11.166667 | ... O76: =O118*O168 -> 209.6 | P76: 3 | Q76: 64130.952 | R76: =Q76*C76 -> 1.7075885e+08
A77: =A34 -> 3642 | B77: =B34 -> TSU | C77: =SUM(D77:O77) -> 1717.9831 | D77: =D119*D169 -> 189.58333 | E77: =E119*E169 -> 10.894722 | F77: =F119*F169 -> 64.668405 | G77: =G119*G169 -> 372.16333 | H77: =H119*H169 -> 116.66667 | I77: =I119*I169 -> 572.66667 | J77: =J119*J169 -> 33.583333 | K77: =K119*K169 -> 0.75 | ... O77: =O119*O169 -> 118.81333 | P77: 3 | Q77: 64130.952 | R77: =Q77*C77 -> 1.1017589e+08
A78: =A35 -> 3644 | B78: =B35 -> TTU | C78: =SUM(D78:O78) -> 7261.4929 | D78: =D120*D170 -> 1168.5 | E78: =E120*E170 -> 513.2052 | F78: =F120*F170 -> 157.95932 | G78: =G120*G170 -> 2532.0283 | H78: =H120*H170 -> 687.83333 | I78: =I120*I170 -> 924 | J78: =J120*J170 -> 181.83333 | K78: =K120*K170 -> 14.333333 | ... O78: =O120*O170 -> 394.56667 | P78: 1 | Q78: 90197.028 | R78: =Q78*C78 -> 6.5496507e+08
A79: =A36 -> 3541 | B79: =B36 -> Angelo | C79: =SUM(D79:O79) -> 1461.1358 | D79: =D121*D171 -> 247.83333 | E79: =E121*E171 -> 42.594289 | F79: =F121*F171 -> 101.5285 | G79: =G121*G171 -> 494.3375 | H79: =H121*H171 -> 132.22222 | I79: =I121*I171 -> 0 | J79: =J121*J171 -> 63.583333 | K79: =K121*K171 -> 4.8333333 | ... O79: =O121*O171 -> 106.15 | P79: 3 | Q79: 64130.952 | R79: =Q79*C79 -> 93704033
A80: =A37 -> 3646 | B80: =B37 -> TWU | C80: =SUM(D80:O80) -> 3304.3231 | D80: =D122*D172 -> 451.5 | E80: =E122*E172 -> 94.5742 | F80: =F122*F172 -> 137.72802 | G80: =G122*G172 -> 863.04417 | H80: =H122*H172 -> 764 | I80: =I122*I172 -> 440 | J80: =J122*J172 -> 142.33333 | K80: =K122*K172 -> 7.9166667 | ... O80: =O122*O172 -> 92.353333 | P80: 2 | Q80: 69184.924 | R80: =Q80*C80 -> 2.2860934e+08
A81: =A38 -> 3581 | B81: =B38 -> Lamar | C81: =SUM(D81:O81) -> 2917.7142 | D81: =D123*D173 -> 333.83333 | E81: =E123*E173 -> 46.781178 | F81: =F123*F173 -> 91.774646 | G81: =G123*G173 -> 671.225 | H81: =H123*H173 -> 1116.8333 | I81: =I123*I173 -> 30.666667 | J81: =J123*J173 -> 82.5 | K81: =K123*K173 -> 4.25 | ... O81: =O123*O173 -> 151.65 | P81: 3 | Q81: 64130.952 | R81: =Q81*C81 -> 1.8711579e+08
A82: =A39 -> 3606 | B82: =B39 -> SHSU | C82: =SUM(D82:O82) -> 3961.7272 | D82: =D124*D174 -> 769.41667 | E82: =E124*E174 -> 180.55644 | F82: =F124*F174 -> 122.37827 | G82: =G124*G174 -> 1459.2692 | H82: =H124*H174 -> 420.83333 | I82: =I124*I174 -> 86.666667 | J82: =J124*J174 -> 41.75 | K82: =K124*K174 -> 15.25 | ... O82: =O124*O174 -> 246.86667 | P82: 3 | Q82: 64130.952 | R82: =Q82*C82 -> 2.5406934e+08
A83: =A40 -> 3615 | B83: =B40 -> TXST | C83: =SUM(D83:O83) -> 6648.9561 | D83: =D125*D175 -> 1340.25 | E83: =E125*E175 -> 509.02695 | F83: =F125*F175 -> 175.55169 | G83: =G125*G175 -> 2609.3275 | H83: =H125*H175 -> 654.33333 | I83: =I125*I175 -> 109.33333 | J83: =J125*J175 -> 122.16667 | K83: =K125*K175 -> 16.666667 | ... O83: =O125*O175 -> 331.73333 | P83: 3 | Q83: 64130.952 | R83: =Q83*C83 -> 4.2640389e+08
A84: =A41 -> 3625 | B84: =B41 -> SRSU | C84: =SUM(D84:O84) -> 426.35787 | D84: =D126*D176 -> 47.333333 | E84: =E126*E176 -> 5.6989333 | F84: =F126*F176 -> 77.594215 | G84: =G126*G176 -> 98.5825 | H84: =H126*H176 -> 118.88889 | I84: =I126*I176 -> 0 | J84: =J126*J176 -> 3.1666667 | K84: =K126*K176 -> 1.5833333 | ... O84: =O126*O176 -> 19.75 | P84: 3 | Q84: 64130.952 | R84: =Q84*C84 -> 27342736
A85: =A42 -> 20 | B85: =B42 -> SRRG | C85: =SUM(D85:O85) -> 374.59114 | D85: =D127*D177 -> 40.416667 | E85: =E127*E177 -> 5.1365977 | F85: =F127*F177 -> 182.98204 | G85: =G127*G177 -> 69.7925 | H85: =H127*H177 -> 37.333333 | I85: =I127*I177 -> 0 | J85: =J127*J177 -> 1.5833333 | K85: =K127*K177 -> 1.4166667 | ... O85: =O127*O177 -> 0.65 | P85: 5 | Q85: 64633.042 | R85: =Q85*C85 -> 24210965
B86: Total | C86: =SUM(C48:C85) -> 121705.46 | D86: =SUM(D48:D85) -> 19396.4 | E86: =SUM(E48:E85) -> 7412.6222 | F86: =SUM(F48:F85) -> 5926.8578 | G86: =SUM(G48:G85) -> 39384.977 | H86: =SUM(H48:H85) -> 16211.944 | I86: =SUM(I48:I85) -> 9554 | J86: =SUM(J48:J85) -> 3136.0667 | ... O86: =SUM(O48:O85) -> 5834.3217 | R86: =SUM(R48:R85) -> 9.389072e+09
A87: Weights
A88: FICE | B88: Name | C88: Total Weights | D88: Total Undergraduate Degrees | H88: =H3 -> Master's | I88: =I3 -> Doctoral and Professional Practice | J88: Undergraduate Critical Field Degrees | K88: Math and Science Teaching Certificates | L88: At-Risk Degrees | M88: Retention Metrics | P88: Accountability Group
E89: Adjusted by 6-Year Graduation Rate | F89: per 100 FTSE | G89: Cost Weighted | M89: 30 Hours | N89: 60 Hours | O89: 90 Hours
A90: =A5 -> 3656 | B90: =B5 -> UTA | C90: =D90+E90+F90+M90+H90+I90+N90+O90 -> 1 | D90: =SUMIF($P$131:$P$135,$P90,D$131:D$135) -> 0.25 | E90: =SUMIF($P$131:$P$135,$P90,E$131:E$135) -> 0.15 | F90: =SUMIF($P$131:$P$135,$P90,F$131:F$135) -> 0.15 | G90: =SUMIF($P$131:$P$135,$P90,G$131:G$135) -> 0.25 | H90: =SUMIF($P$131:$P$135,$P90,H$131:H$135) -> 0.15 | I90: =SUMIF($P$131:$P$135,$P90,I$131:I$135) -> 0.1 | J90: =SUMIF($P$131:$P$135,$P90,J$131:J$135) -> 0.25 | K90: =SUMIF($P$131:$P$135,$P90,K$131:K$135) -> 0.25 | ... O90: =SUMIF($P$131:$P$135,$P90,O$131:O$135) -> 0.1 | P90: Emerging
A91: =A6 -> 3658 | B91: =B6 -> UT | C91: =D91+E91+F91+M91+H91+I91+N91+O91 -> 1 | D91: =SUMIF($P$131:$P$135,$P91,D$131:D$135) -> 0.15 | E91: =SUMIF($P$131:$P$135,$P91,E$131:E$135) -> 0.2 | F91: =SUMIF($P$131:$P$135,$P91,F$131:F$135) -> 0.2 | G91: =SUMIF($P$131:$P$135,$P91,G$131:G$135) -> 0.15 | H91: =SUMIF($P$131:$P$135,$P91,H$131:H$135) -> 0.15 | I91: =SUMIF($P$131:$P$135,$P91,I$131:I$135) -> 0.1 | J91: =SUMIF($P$131:$P$135,$P91,J$131:J$135) -> 0.15 | K91: =SUMIF($P$131:$P$135,$P91,K$131:K$135) -> 0.15 | ... O91: =SUMIF($P$131:$P$135,$P91,O$131:O$135) -> 0.1 | P91: Research
A92: =A7 -> 9741 | B92: =B7 -> UTD | C92: =D92+E92+F92+M92+H92+I92+N92+O92 -> 1 | D92: =SUMIF($P$131:$P$135,$P92,D$131:D$135) -> 0.25 | E92: =SUMIF($P$131:$P$135,$P92,E$131:E$135) -> 0.15 | F92: =SUMIF($P$131:$P$135,$P92,F$131:F$135) -> 0.15 | G92: =SUMIF($P$131:$P$135,$P92,G$131:G$135) -> 0.25 | H92: =SUMIF($P$131:$P$135,$P92,H$131:H$135) -> 0.15 | I92: =SUMIF($P$131:$P$135,$P92,I$131:I$135) -> 0.1 | J92: =SUMIF($P$131:$P$135,$P92,J$131:J$135) -> 0.25 | K92: =SUMIF($P$131:$P$135,$P92,K$131:K$135) -> 0.25 | ... O92: =SUMIF($P$131:$P$135,$P92,O$131:O$135) -> 0.1 | P92: Emerging
A93: =A8 -> 3661 | B93: =B8 -> UTEP | C93: =D93+E93+F93+M93+H93+I93+N93+O93 -> 1 | D93: =SUMIF($P$131:$P$135,$P93,D$131:D$135) -> 0.25 | E93: =SUMIF($P$131:$P$135,$P93,E$131:E$135) -> 0.15 | F93: =SUMIF($P$131:$P$135,$P93,F$131:F$135) -> 0.15 | G93: =SUMIF($P$131:$P$135,$P93,G$131:G$135) -> 0.25 | H93: =SUMIF($P$131:$P$135,$P93,H$131:H$135) -> 0.15 | I93: =SUMIF($P$131:$P$135,$P93,I$131:I$135) -> 0.1 | J93: =SUMIF($P$131:$P$135,$P93,J$131:J$135) -> 0.25 | K93: =SUMIF($P$131:$P$135,$P93,K$131:K$135) -> 0.25 | ... O93: =SUMIF($P$131:$P$135,$P93,O$131:O$135) -> 0.1 | P93: Emerging
A94: =A9 -> 3599 | B94: =B9 -> UTPA | C94: =D94+E94+F94+M94+H94+I94+N94+O94 -> 1 | D94: =SUMIF($P$131:$P$135,$P94,D$131:D$135) -> 0.25 | E94: =SUMIF($P$131:$P$135,$P94,E$131:E$135) -> 0.1 | F94: =SUMIF($P$131:$P$135,$P94,F$131:F$135) -> 0.1 | G94: =SUMIF($P$131:$P$135,$P94,G$131:G$135) -> 0.25 | H94: =SUMIF($P$131:$P$135,$P94,H$131:H$135) -> 0.15 | I94: =SUMIF($P$131:$P$135,$P94,I$131:I$135) -> 0.1 | J94: =SUMIF($P$131:$P$135,$P94,J$131:J$135) -> 0.25 | K94: =SUMIF($P$131:$P$135,$P94,K$131:K$135) -> 0.25 | ... O94: =SUMIF($P$131:$P$135,$P94,O$131:O$135) -> 0.14 | P94: Doctoral
A95: =A10 -> 30646 | B95: =B10 -> UTB | C95: =D95+E95+F95+M95+H95+I95+N95+O95 -> 1 | D95: =SUMIF($P$131:$P$135,$P95,D$131:D$135) -> 0.25 | E95: =SUMIF($P$131:$P$135,$P95,E$131:E$135) -> 0.1 | F95: =SUMIF($P$131:$P$135,$P95,F$131:F$135) -> 0.1 | G95: =SUMIF($P$131:$P$135,$P95,G$131:G$135) -> 0.25 | H95: =SUMIF($P$131:$P$135,$P95,H$131:H$135) -> 0.2 | I95: =SUMIF($P$131:$P$135,$P95,I$131:I$135) -> 0 | J95: =SUMIF($P$131:$P$135,$P95,J$131:J$135) -> 0.25 | K95: =SUMIF($P$131:$P$135,$P95,K$131:K$135) -> 0.25 | ... O95: =SUMIF($P$131:$P$135,$P95,O$131:O$135) -> 0.15 | P95: Master's
A96: =A11 -> 9930 | B96: =B11 -> UTPB | C96: =D96+E96+F96+M96+H96+I96+N96+O96 -> 1 | D96: =SUMIF($P$131:$P$135,$P96,D$131:D$135) -> 0.25 | E96: =SUMIF($P$131:$P$135,$P96,E$131:E$135) -> 0.1 | F96: =SUMIF($P$131:$P$135,$P96,F$131:F$135) -> 0.1 | G96: =SUMIF($P$131:$P$135,$P96,G$131:G$135) -> 0.25 | H96: =SUMIF($P$131:$P$135,$P96,H$131:H$135) -> 0.2 | I96: =SUMIF($P$131:$P$135,$P96,I$131:I$135) -> 0 | J96: =SUMIF($P$131:$P$135,$P96,J$131:J$135) -> 0.25 | K96: =SUMIF($P$131:$P$135,$P96,K$131:K$135) -> 0.25 | ... O96: =SUMIF($P$131:$P$135,$P96,O$131:O$135) -> 0.15 | P96: Master's
A97: =A12 -> 10115 | B97: =B12 -> UTSA | C97: =D97+E97+F97+M97+H97+I97+N97+O97 -> 1 | D97: =SUMIF($P$131:$P$135,$P97,D$131:D$135) -> 0.25 | E97: =SUMIF($P$131:$P$135,$P97,E$131:E$135) -> 0.15 | F97: =SUMIF($P$131:$P$135,$P97,F$131:F$135) -> 0.15 | G97: =SUMIF($P$131:$P$135,$P97,G$131:G$135) -> 0.25 | H97: =SUMIF($P$131:$P$135,$P97,H$131:H$135) -> 0.15 | I97: =SUMIF($P$131:$P$135,$P97,I$131:I$135) -> 0.1 | J97: =SUMIF($P$131:$P$135,$P97,J$131:J$135) -> 0.25 | K97: =SUMIF($P$131:$P$135,$P97,K$131:K$135) -> 0.25 | ... O97: =SUMIF($P$131:$P$135,$P97,O$131:O$135) -> 0.1 | P97: Emerging
A98: =A13 -> 11163 | B98: =B13 -> UTT | C98: =D98+E98+F98+M98+H98+I98+N98+O98 -> 1 | D98: =SUMIF($P$131:$P$135,$P98,D$131:D$135) -> 0.25 | E98: =SUMIF($P$131:$P$135,$P98,E$131:E$135) -> 0.1 | F98: =SUMIF($P$131:$P$135,$P98,F$131:F$135) -> 0.1 | G98: =SUMIF($P$131:$P$135,$P98,G$131:G$135) -> 0.25 | H98: =SUMIF($P$131:$P$135,$P98,H$131:H$135) -> 0.2 | I98: =SUMIF($P$131:$P$135,$P98,I$131:I$135) -> 0 | J98: =SUMIF($P$131:$P$135,$P98,J$131:J$135) -> 0.25 | K98: =SUMIF($P$131:$P$135,$P98,K$131:K$135) -> 0.25 | ... O98: =SUMIF($P$131:$P$135,$P98,O$131:O$135) -> 0.15 | P98: Master's
A99: =A14 -> 3632 | B99: =B14 -> TAMU | C99: =D99+E99+F99+M99+H99+I99+N99+O99 -> 1 | D99: =SUMIF($P$131:$P$135,$P99,D$131:D$135) -> 0.15 | E99: =SUMIF($P$131:$P$135,$P99,E$131:E$135) -> 0.2 | F99: =SUMIF($P$131:$P$135,$P99,F$131:F$135) -> 0.2 | G99: =SUMIF($P$131:$P$135,$P99,G$131:G$135) -> 0.15 | H99: =SUMIF($P$131:$P$135,$P99,H$131:H$135) -> 0.15 | I99: =SUMIF($P$131:$P$135,$P99,I$131:I$135) -> 0.1 | J99: =SUMIF($P$131:$P$135,$P99,J$131:J$135) -> 0.15 | K99: =SUMIF($P$131:$P$135,$P99,K$131:K$135) -> 0.15 | ... O99: =SUMIF($P$131:$P$135,$P99,O$131:O$135) -> 0.1 | P99: Research
A100: =A15 -> 10298 | B100: =B15 -> TAMUG | C100: =D100+E100+F100+M100+H100+I100+N100+O100 -> 1.5 | D100: =SUMIF($P$131:$P$135,$P100,D$131:D$135)*1.5 -> 0.375 | E100: =SUMIF($P$131:$P$135,$P100,E$131:E$135)*1.5 -> 0.15 | F100: =SUMIF($P$131:$P$135,$P100,F$131:F$135)*1.5 -> 0.15 | G100: =SUMIF($P$131:$P$135,$P100,G$131:G$135)*1.5 -> 0.375 | H100: =SUMIF($P$131:$P$135,$P100,H$131:H$135)*1.5 -> 0.3 | I100: =SUMIF($P$131:$P$135,$P100,I$131:I$135)*1.5 -> 0 | J100: =SUMIF($P$131:$P$135,$P100,J$131:J$135)*1.5 -> 0.375 | K100: =SUMIF($P$131:$P$135,$P100,K$131:K$135)*1.5 -> 0.375 | ... O100: =SUMIF($P$131:$P$135,$P100,O$131:O$135)*1.5 -> 0.225 | P100: Master's
A101: =A16 -> 3630 | B101: =B16 -> Prairie View | C101: =D101+E101+F101+M101+H101+I101+N101+O101 -> 1 | D101: =SUMIF($P$131:$P$135,$P101,D$131:D$135) -> 0.25 | E101: =SUMIF($P$131:$P$135,$P101,E$131:E$135) -> 0.1 | F101: =SUMIF($P$131:$P$135,$P101,F$131:F$135) -> 0.1 | G101: =SUMIF($P$131:$P$135,$P101,G$131:G$135) -> 0.25 | H101: =SUMIF($P$131:$P$135,$P101,H$131:H$135) -> 0.15 | I101: =SUMIF($P$131:$P$135,$P101,I$131:I$135) -> 0.05 | J101: =SUMIF($P$131:$P$135,$P101,J$131:J$135) -> 0.25 | K101: =SUMIF($P$131:$P$135,$P101,K$131:K$135) -> 0.25 | ... O101: =SUMIF($P$131:$P$135,$P101,O$131:O$135) -> 0.15 | P101: Comprehensive
A102: =A17 -> 3631 | B102: =B17 -> Tarleton | C102: =D102+E102+F102+M102+H102+I102+N102+O102 -> 1 | D102: =SUMIF($P$131:$P$135,$P102,D$131:D$135) -> 0.25 | E102: =SUMIF($P$131:$P$135,$P102,E$131:E$135) -> 0.1 | F102: =SUMIF($P$131:$P$135,$P102,F$131:F$135) -> 0.1 | G102: =SUMIF($P$131:$P$135,$P102,G$131:G$135) -> 0.25 | H102: =SUMIF($P$131:$P$135,$P102,H$131:H$135) -> 0.15 | I102: =SUMIF($P$131:$P$135,$P102,I$131:I$135) -> 0.05 | J102: =SUMIF($P$131:$P$135,$P102,J$131:J$135) -> 0.25 | K102: =SUMIF($P$131:$P$135,$P102,K$131:K$135) -> 0.25 | ... O102: =SUMIF($P$131:$P$135,$P102,O$131:O$135) -> 0.15 | P102: Comprehensive
A103: =A18 -> 103631 | B103: =B18 -> TAMUCT | C103: =D103+E103+F103+M103+H103+I103+N103+O103 -> 1 | D103: =SUMIF($P$131:$P$135,$P103,D$131:D$135) -> 0.25 | E103: =SUMIF($P$131:$P$135,$P103,E$131:E$135) -> 0.1 | F103: =SUMIF($P$131:$P$135,$P103,F$131:F$135) -> 0.1 | G103: =SUMIF($P$131:$P$135,$P103,G$131:G$135) -> 0.25 | H103: =SUMIF($P$131:$P$135,$P103,H$131:H$135) -> 0.2 | I103: =SUMIF($P$131:$P$135,$P103,I$131:I$135) -> 0 | J103: =SUMIF($P$131:$P$135,$P103,J$131:J$135) -> 0.25 | K103: =SUMIF($P$131:$P$135,$P103,K$131:K$135) -> 0.25 | ... O103: =SUMIF($P$131:$P$135,$P103,O$131:O$135) -> 0.15 | P103: Master's
A104: =A19 -> 11161 | B104: =B19 -> TAMUCC | C104: =D104+E104+F104+M104+H104+I104+N104+O104 -> 1 | D104: =SUMIF($P$131:$P$135,$P104,D$131:D$135) -> 0.25 | E104: =SUMIF($P$131:$P$135,$P104,E$131:E$135) -> 0.1 | F104: =SUMIF($P$131:$P$135,$P104,F$131:F$135) -> 0.1 | G104: =SUMIF($P$131:$P$135,$P104,G$131:G$135) -> 0.25 | H104: =SUMIF($P$131:$P$135,$P104,H$131:H$135) -> 0.15 | I104: =SUMIF($P$131:$P$135,$P104,I$131:I$135) -> 0.1 | J104: =SUMIF($P$131:$P$135,$P104,J$131:J$135) -> 0.25 | K104: =SUMIF($P$131:$P$135,$P104,K$131:K$135) -> 0.25 | ... O104: =SUMIF($P$131:$P$135,$P104,O$131:O$135) -> 0.14 | P104: Doctoral
A105: =A20 -> 3639 | B105: =B20 -> TAMUK | C105: =D105+E105+F105+M105+H105+I105+N105+O105 -> 1 | D105: =SUMIF($P$131:$P$135,$P105,D$131:D$135) -> 0.25 | E105: =SUMIF($P$131:$P$135,$P105,E$131:E$135) -> 0.1 | F105: =SUMIF($P$131:$P$135,$P105,F$131:F$135) -> 0.1 | G105: =SUMIF($P$131:$P$135,$P105,G$131:G$135) -> 0.25 | H105: =SUMIF($P$131:$P$135,$P105,H$131:H$135) -> 0.15 | I105: =SUMIF($P$131:$P$135,$P105,I$131:I$135) -> 0.1 | J105: =SUMIF($P$131:$P$135,$P105,J$131:J$135) -> 0.25 | K105: =SUMIF($P$131:$P$135,$P105,K$131:K$135) -> 0.25 | ... O105: =SUMIF($P$131:$P$135,$P105,O$131:O$135) -> 0.14 | P105: Doctoral
A106: =A21 -> 103639 | B106: =B21 -> TAMUSA | C106: =D106+E106+F106+M106+H106+I106+N106+O106 -> 1 | D106: =SUMIF($P$131:$P$135,$P106,D$131:D$135) -> 0.25 | E106: =SUMIF($P$131:$P$135,$P106,E$131:E$135) -> 0.1 | F106: =SUMIF($P$131:$P$135,$P106,F$131:F$135) -> 0.1 | G106: =SUMIF($P$131:$P$135,$P106,G$131:G$135) -> 0.25 | H106: =SUMIF($P$131:$P$135,$P106,H$131:H$135) -> 0.2 | I106: =SUMIF($P$131:$P$135,$P106,I$131:I$135) -> 0 | J106: =SUMIF($P$131:$P$135,$P106,J$131:J$135) -> 0.25 | K106: =SUMIF($P$131:$P$135,$P106,K$131:K$135) -> 0.25 | ... O106: =SUMIF($P$131:$P$135,$P106,O$131:O$135) -> 0.15 | P106: Master's
A107: =A22 -> 9651 | B107: =B22 -> TAMI | C107: =D107+E107+F107+M107+H107+I107+N107+O107 -> 1 | D107: =SUMIF($P$131:$P$135,$P107,D$131:D$135) -> 0.25 | E107: =SUMIF($P$131:$P$135,$P107,E$131:E$135) -> 0.1 | F107: =SUMIF($P$131:$P$135,$P107,F$131:F$135) -> 0.1 | G107: =SUMIF($P$131:$P$135,$P107,G$131:G$135) -> 0.25 | H107: =SUMIF($P$131:$P$135,$P107,H$131:H$135) -> 0.15 | I107: =SUMIF($P$131:$P$135,$P107,I$131:I$135) -> 0.05 | J107: =SUMIF($P$131:$P$135,$P107,J$131:J$135) -> 0.25 | K107: =SUMIF($P$131:$P$135,$P107,K$131:K$135) -> 0.25 | ... O107: =SUMIF($P$131:$P$135,$P107,O$131:O$135) -> 0.15 | P107: Comprehensive
A108: =A23 -> 3665 | B108: =B23 -> WTAMU | C108: =D108+E108+F108+M108+H108+I108+N108+O108 -> 1 | D108: =SUMIF($P$131:$P$135,$P108,D$131:D$135) -> 0.25 | E108: =SUMIF($P$131:$P$135,$P108,E$131:E$135) -> 0.1 | F108: =SUMIF($P$131:$P$135,$P108,F$131:F$135) -> 0.1 | G108: =SUMIF($P$131:$P$135,$P108,G$131:G$135) -> 0.25 | H108: =SUMIF($P$131:$P$135,$P108,H$131:H$135) -> 0.15 | I108: =SUMIF($P$131:$P$135,$P108,I$131:I$135) -> 0.05 | J108: =SUMIF($P$131:$P$135,$P108,J$131:J$135) -> 0.25 | K108: =SUMIF($P$131:$P$135,$P108,K$131:K$135) -> 0.25 | ... O108: =SUMIF($P$131:$P$135,$P108,O$131:O$135) -> 0.15 | P108: Comprehensive
A109: =A24 -> 3565 | B109: =B24 -> TAMUC | C109: =D109+E109+F109+M109+H109+I109+N109+O109 -> 1 | D109: =SUMIF($P$131:$P$135,$P109,D$131:D$135) -> 0.25 | E109: =SUMIF($P$131:$P$135,$P109,E$131:E$135) -> 0.1 | F109: =SUMIF($P$131:$P$135,$P109,F$131:F$135) -> 0.1 | G109: =SUMIF($P$131:$P$135,$P109,G$131:G$135) -> 0.25 | H109: =SUMIF($P$131:$P$135,$P109,H$131:H$135) -> 0.15 | I109: =SUMIF($P$131:$P$135,$P109,I$131:I$135) -> 0.1 | J109: =SUMIF($P$131:$P$135,$P109,J$131:J$135) -> 0.25 | K109: =SUMIF($P$131:$P$135,$P109,K$131:K$135) -> 0.25 | ... O109: =SUMIF($P$131:$P$135,$P109,O$131:O$135) -> 0.14 | P109: Doctoral
A110: =A25 -> 29269 | B110: =B25 -> TAMUT | C110: =D110+E110+F110+M110+H110+I110+N110+O110 -> 1 | D110: =SUMIF($P$131:$P$135,$P110,D$131:D$135) -> 0.25 | E110: =SUMIF($P$131:$P$135,$P110,E$131:E$135) -> 0.1 | F110: =SUMIF($P$131:$P$135,$P110,F$131:F$135) -> 0.1 | G110: =SUMIF($P$131:$P$135,$P110,G$131:G$135) -> 0.25 | H110: =SUMIF($P$131:$P$135,$P110,H$131:H$135) -> 0.2 | I110: =SUMIF($P$131:$P$135,$P110,I$131:I$135) -> 0 | J110: =SUMIF($P$131:$P$135,$P110,J$131:J$135) -> 0.25 | K110: =SUMIF($P$131:$P$135,$P110,K$131:K$135) -> 0.25 | ... O110: =SUMIF($P$131:$P$135,$P110,O$131:O$135) -> 0.15 | P110: Master's
A111: =A26 -> 3652 | B111: =B26 -> UH | C111: =D111+E111+F111+M111+H111+I111+N111+O111 -> 1 | D111: =SUMIF($P$131:$P$135,$P111,D$131:D$135) -> 0.25 | E111: =SUMIF($P$131:$P$135,$P111,E$131:E$135) -> 0.15 | F111: =SUMIF($P$131:$P$135,$P111,F$131:F$135) -> 0.15 | G111: =SUMIF($P$131:$P$135,$P111,G$131:G$135) -> 0.25 | H111: =SUMIF($P$131:$P$135,$P111,H$131:H$135) -> 0.15 | I111: =SUMIF($P$131:$P$135,$P111,I$131:I$135) -> 0.1 | J111: =SUMIF($P$131:$P$135,$P111,J$131:J$135) -> 0.25 | K111: =SUMIF($P$131:$P$135,$P111,K$131:K$135) -> 0.25 | ... O111: =SUMIF($P$131:$P$135,$P111,O$131:O$135) -> 0.1 | P111: Emerging
A112: =A27 -> 11711 | B112: =B27 -> UHCL | C112: =D112+E112+F112+M112+H112+I112+N112+O112 -> 1 | D112: =SUMIF($P$131:$P$135,$P112,D$131:D$135) -> 0.25 | E112: =SUMIF($P$131:$P$135,$P112,E$131:E$135) -> 0.1 | F112: =SUMIF($P$131:$P$135,$P112,F$131:F$135) -> 0.1 | G112: =SUMIF($P$131:$P$135,$P112,G$131:G$135) -> 0.25 | H112: =SUMIF($P$131:$P$135,$P112,H$131:H$135) -> 0.2 | I112: =SUMIF($P$131:$P$135,$P112,I$131:I$135) -> 0 | J112: =SUMIF($P$131:$P$135,$P112,J$131:J$135) -> 0.25 | K112: =SUMIF($P$131:$P$135,$P112,K$131:K$135) -> 0.25 | ... O112: =SUMIF($P$131:$P$135,$P112,O$131:O$135) -> 0.15 | P112: Master's
... A127: =A42 -> 20 | B127: =B42 -> SRRG | C127: =D127+E127+F127+M127+H127+I127+N127+O127 -> 1 | D127: =SUMIF($P$131:$P$135,$P127,D$131:D$135) -> 0.25 | E127: =SUMIF($P$131:$P$135,$P127,E$131:E$135) -> 0.1 | F127: =SUMIF($P$131:$P$135,$P127,F$131:F$135) -> 0.1 | G127: =SUMIF($P$131:$P$135,$P127,G$131:G$135) -> 0.25 | H127: =SUMIF($P$131:$P$135,$P127,H$131:H$135) -> 0.2 | I127: =SUMIF($P$131:$P$135,$P127,I$131:I$135) -> 0 | J127: =SUMIF($P$131:$P$135,$P127,J$131:J$135) -> 0.25 | K127: =SUMIF($P$131:$P$135,$P127,K$131:K$135) -> 0.25 | ... O127: =SUMIF($P$131:$P$135,$P127,O$131:O$135) -> 0.15 | P127: Master's
A128: Weights by Group
C129: Total Weights | D129: Total Undergraduate Degrees | H129: Master's | I129: Doctoral and Professional Practice | J129: Undergraduate Critical Field Degrees | K129: Math and Science Teaching Certificates | L129: At-Risk Degrees | M129: Retention Metrics | P129: SREB Carnegie 2011-12 Classification
E130: Adjusted by 6-Year Graduation Rate | F130: per 100 FTSE | G130: Cost Weighted | M130: 30 Hours | N130: 60 Hours | O130: 90 Hours
C131: =D131+E131+F131+M131+H131+I131+N131+O131 -> 1 | D131: 0.15 | E131: 0.2 | F131: 0.2 | G131: =D131 -> 0.15 | H131: 0.15 | I131: 0.1 | J131: =D131 -> 0.15 | K131: =D131 -> 0.15 | L131: =D131*0.4 -> 0.06 | M131: 0.04 | N131: 0.06 | O131: 0.1 | P131: Research
C132: =D132+E132+F132+M132+H132+I132+N132+O132 -> 1 | D132: 0.25 | E132: 0.15 | F132: 0.15 | G132: =D132 -> 0.25 | H132: 0.15 | I132: 0.1 | J132: =D132 -> 0.25 | K132: =D132 -> 0.25 | L132: =D132*0.4 -> 0.1 | M132: 0.04 | N132: 0.06 | O132: 0.1 | P132: Emerging
C133: =D133+E133+F133+M133+H133+I133+N133+O133 -> 1 | D133: 0.25 | E133: 0.1 | F133: 0.1 | G133: =D133 -> 0.25 | H133: 0.15 | I133: 0.1 | J133: =D133 -> 0.25 | K133: =D133 -> 0.25 | L133: =D133*0.4 -> 0.1 | M133: 0.06 | N133: 0.1 | O133: 0.14 | P133: Doctoral
C134: =D134+E134+F134+M134+H134+I134+N134+O134 -> 1 | D134: 0.25 | E134: 0.1 | F134: 0.1 | G134: =D134 -> 0.25 | H134: 0.15 | I134: 0.05 | J134: =D134 -> 0.25 | K134: =D134 -> 0.25 | L134: =D134*0.4 -> 0.1 | M134: 0.08 | N134: 0.12 | O134: 0.15 | P134: Comprehensive
C135: =D135+E135+F135+M135+H135+I135+N135+O135 -> 1 | D135: 0.25 | E135: 0.1 | F135: 0.1 | G135: =D135 -> 0.25 | H135: 0.2 | I135: 0 | J135: =D135 -> 0.25 | K135: =D135 -> 0.25 | L135: =D135*0.4 -> 0.1 | M135: 0.08 | N135: 0.12 | O135: 0.15 | P135: Master's
A136: Points Three-Year Average - Scaled
A137: FICE | B137: Name | C137: Total Points | D137: Total Undergraduate Degrees | H137: =H3 -> Master's | I137: =I3 -> Doctoral and Professional Practice | J137: Undergraduate Critical Field Degrees | K137: Math and Science Teaching Certificates | L137: At-Risk Degrees | M137: Retention Metrics
E138: Adjusted by 6-Year Graduation Rate | F138: per 100 FTSE | G138: Cost Weighted | M138: 30 Hours | N138: 60 Hours | O138: 90 Hours
A139: Scale | D139: 1 | E139: 1 | F139: 50 | G139: 1 | H139: 3.3333333 | I139: 20 | J139: 1 | K139: 1 | L139: 0.4 | M139: 1 | N139: 1 | O139: 1
A140: =A5 -> 3656 | B140: =B5 -> UTA | C140: =SUM(D140:O140) -> 45994.139 | D140: =D182*D$139 -> 5018 | E140: =D182*E182*E$139 -> 2600.9967 | F140: =IFERROR(D182/F182*100*F$139,0) -> 1480.1894 | G140: =G182*G$139 -> 10418.553 | H140: =H182*H$139 -> 8396.6667 | I140: =I182*I$139 -> 2813.3333 | J140: =J182*J$139 -> 1531.3333 | K140: =K182*K$139 -> 35 | L140: =L182*L$139 -> 1246.4 | M140: =M182*M$139 -> 6836.3333 | N140: =N182*N$139 -> 3833.6667 | O140: =O182*O$139 -> 1783.6667
A141: =A6 -> 3658 | B141: =B6 -> UT | C141: =SUM(D141:O141) -> 103153.1 | D141: =D183*D$139 -> 8946.3333 | E141: =D183*E183*E$139 -> 7416.5103 | F141: =IFERROR(D183/F183*100*F$139,0) -> 1324.8846 | G141: =G183*G$139 -> 19398.35 | H141: =H183*H$139 -> 10018.889 | I141: =I183*I$139 -> 27073.333 | J141: =J183*J$139 -> 1876.3333 | K141: =K183*K$139 -> 66 | L141: =L183*L$139 -> 1388.1333 | M141: =M183*M$139 -> 9598.3333 | N141: =N183*N$139 -> 9005.6667 | O141: =O183*O$139 -> 7040.3333
A142: =A7 -> 9741 | B142: =B7 -> UTD | C142: =SUM(D142:O142) -> 28310.17 | D142: =D184*D$139 -> 2393 | E142: =D184*E184*E$139 -> 1682.279 | F142: =IFERROR(D184/F184*100*F$139,0) -> 1341.488 | G142: =G184*G$139 -> 5101.2033 | H142: =H184*H$139 -> 6686.6667 | I142: =I184*I$139 -> 3653.3333 | J142: =J184*J$139 -> 421.66667 | K142: =K184*K$139 -> 32 | L142: =L184*L$139 -> 527.86667 | M142: =M184*M$139 -> 3315 | N142: =N184*N$139 -> 2134.3333 | O142: =O184*O$139 -> 1021.3333
A143: =A8 -> 3661 | B143: =B8 -> UTEP | C143: =SUM(D143:O143) -> 27941.585 | D143: =D185*D$139 -> 3057 | E143: =D185*E185*E$139 -> 1192.23 | F143: =IFERROR(D185/F185*100*F$139,0) -> 1143.5447 | G143: =G185*G$139 -> 6298.0767 | H143: =H185*H$139 -> 3436.6667 | I143: =I185*I$139 -> 1406.6667 | J143: =J185*J$139 -> 655 | K143: =K185*K$139 -> 90 | L143: =L185*L$139 -> 985.73333 | M143: =M185*M$139 -> 4362.6667 | N143: =N185*N$139 -> 3358 | O143: =O185*O$139 -> 1956
A144: =A9 -> 3599 | B144: =B9 -> UTPA | C144: =SUM(D144:O144) -> 23076.216 | D144: =D186*D$139 -> 2580 | E144: =D186*E186*E$139 -> 1111.98 | F144: =IFERROR(D186/F186*100*F$139,0) -> 1024.6245 | G144: =G186*G$139 -> 5134.1667 | H144: =H186*H$139 -> 2384.4444 | I144: =I186*I$139 -> 246.66667 | J144: =J186*J$139 -> 520.33333 | K144: =K186*K$139 -> 28 | L144: =L186*L$139 -> 935.33333 | M144: =M186*M$139 -> 4075.3333 | N144: =N186*N$139 -> 3096 | O144: =O186*O$139 -> 1939.3333
A145: =A10 -> 30646 | B145: =B10 -> UTB | C145: =SUM(D145:O145) -> 8846.1372 | D145: =D187*D$139 -> 1092 | E145: =D187*E187*E$139 -> 628.17092 | F145: =IFERROR(D187/F187*100*F$139,0) -> 1723.0618 | G145: =G187*G$139 -> 2097.7933 | H145: =H187*H$139 -> 711.11111 | I145: =I187*I$139 -> 93.333333 | J145: =J187*J$139 -> 124.33333 | K145: =K187*K$139 -> 18.333333 | L145: =L187*L$139 -> 374.66667 | M145: =M187*M$139 -> 1326.3333 | N145: =N187*N$139 -> 556.33333 | O145: =O187*O$139 -> 100.66667
A146: =A11 -> 9930 | B146: =B11 -> UTPB | C146: =SUM(D146:O146) -> 5134.9532 | D146: =D188*D$139 -> 533.33333 | E146: =D188*E188*E$139 -> 236.8 | F146: =IFERROR(D188/F188*100*F$139,0) -> 1156.2587 | G146: =G188*G$139 -> 1001.5167 | H146: =H188*H$139 -> 524.44444 | I146: =I188*I$139 -> 0 | J146: =J188*J$139 -> 41.333333 | K146: =K188*K$139 -> 10 | L146: =L188*L$139 -> 159.6 | M146: =M188*M$139 -> 785.66667 | N146: =N188*N$139 -> 491.66667 | O146: =O188*O$139 -> 194.33333
A147: =A12 -> 10115 | B147: =B12 -> UTSA | C147: =SUM(D147:O147) -> 35668.191 | D147: =D189*D$139 -> 4119.6667 | E147: =D189*E189*E$139 -> 1737.1261 | F147: =IFERROR(D189/F189*100*F$139,0) -> 1012.0517 | G147: =G189*G$139 -> 8414.2133 | H147: =H189*H$139 -> 3430 | I147: =I189*I$139 -> 1380 | J147: =J189*J$139 -> 392 | K147: =K189*K$139 -> 49.666667 | L147: =L189*L$139 -> 1249.4667 | M147: =M189*M$139 -> 6809.6667 | N147: =N189*N$139 -> 4458.6667 | O147: =O189*O$139 -> 2615.6667
A148: =A13 -> 11163 | B148: =B13 -> UTT | C148: =SUM(D148:O148) -> 10563.69 | D148: =D190*D$139 -> 1190 | E148: =D190*E190*E$139 -> 613.64333 | F148: =IFERROR(D190/F190*100*F$139,0) -> 1462.787 | G148: =G190*G$139 -> 2362.66 | H148: =H190*H$139 -> 1320 | I148: =I190*I$139 -> 133.33333 | J148: =J190*J$139 -> 376.66667 | K148: =K190*K$139 -> 14 | L148: =L190*L$139 -> 376.93333 | M148: =M190*M$139 -> 1436.3333 | N148: =N190*N$139 -> 890 | O148: =O190*O$139 -> 387.33333
A149: =A14 -> 3632 | B149: =B14 -> TAMU | C149: =SUM(D149:O149) -> 88787.991 | D149: =D191*D$139 -> 8739.6667 | E149: =D191*E191*E$139 -> 7347.1464 | F149: =IFERROR(D191/F191*100*F$139,0) -> 1262.0943 | G149: =G191*G$139 -> 20104.817 | H149: =H191*H$139 -> 7096.6667 | I149: =I191*I$139 -> 14993.333 | J149: =J191*J$139 -> 1763 | K149: =K191*K$139 -> 126 | L149: =L191*L$139 -> 1489.6 | M149: =M191*M$139 -> 10060.667 | N149: =N191*N$139 -> 8907.3333 | O149: =O191*O$139 -> 6897.6667
A150: =A15 -> 10298 | B150: =B15 -> TAMUG | C150: =SUM(D150:O150) -> 4918.3763 | D150: =D192*D$139*1.5 -> 413 | E150: =D192*E192*E$139*1.5 -> 259.08867 | F150: =IFERROR(D192/F192*100*F$139,0)*1.5 -> 1229.9476 | G150: =G192*G$139*1.5 -> 1056.04 | H150: =H192*H$139*1.5 -> 55 | I150: =I192*I$139*1.5 -> 20 | J150: =J192*J$139*1.5 -> 56 | K150: =K192*K$139*1.5 -> 0 | L150: =L192*L$139*1.5 -> 94.8 | M150: =M192*M$139*1.5 -> 888.5 | N150: =N192*N$139*1.5 -> 477 | O150: =O192*O$139*1.5 -> 369
A151: =A16 -> 3630 | B151: =B16 -> Prairie View | C151: =SUM(D151:O151) -> 10516.933 | D151: =D193*D$139 -> 936.33333 | E151: =D193*E193*E$139 -> 348.00389 | F151: =IFERROR(D193/F193*100*F$139,0) -> 791.1844 | G151: =G193*G$139 -> 2072.9 | H151: =H193*H$139 -> 1701.1111 | I151: =I193*I$139 -> 266.66667 | J151: =J193*J$139 -> 315.66667 | K151: =K193*K$139 -> 9.6666667 | L151: =L193*L$139 -> 321.06667 | M151: =M193*M$139 -> 1668 | N151: =N193*N$139 -> 1181 | O151: =O193*O$139 -> 905.33333
A152: =A17 -> 3631 | B152: =B17 -> Tarleton | C152: =SUM(D152:O152) -> 13091.09 | D152: =D194*D$139 -> 1545.3333 | E152: =D194*E194*E$139 -> 738.66933 | F152: =IFERROR(D194/F194*100*F$139,0) -> 1227.9884 | G152: =G194*G$139 -> 3122.5433 | H152: =H194*H$139 -> 1188.8889 | I152: =I194*I$139 -> 193.33333 | J152: =J194*J$139 -> 203 | K152: =K194*K$139 -> 47.666667 | L152: =L194*L$139 -> 478 | M152: =M194*M$139 -> 2154.3333 | N152: =N194*N$139 -> 1328.6667 | O152: =O194*O$139 -> 862.66667
A153: =A18 -> 103631 | B153: =B18 -> TAMUCT | C153: =SUM(D153:O153) -> 6467.9596 | D153: =D195*D$139 -> 460.33333 | E153: =D195*E195*E$139 -> 220.03933 | F153: =IFERROR(D195/F195*100*F$139,0) -> 3379.3925 | G153: =G195*G$139 -> 853.61667 | H153: =H195*H$139 -> 721.11111 | I153: =I195*I$139 -> 0 | J153: =J195*J$139 -> 40.666667 | K153: =K195*K$139 -> 0 | L153: =L195*L$139 -> 130.8 | M153: =M195*M$139 -> 495 | N153: =N195*N$139 -> 133 | O153: =O195*O$139 -> 34
A154: =A19 -> 11161 | B154: =B19 -> TAMUCC | C154: =SUM(D154:O154) -> 13295.41 | D154: =D196*D$139 -> 1388.3333 | E154: =D196*E196*E$139 -> 705.27333 | F154: =IFERROR(D196/F196*100*F$139,0) -> 1068.8257 | G154: =G196*G$139 -> 2804.2 | H154: =H196*H$139 -> 1671.1111 | I154: =I196*I$139 -> 533.33333 | J154: =J196*J$139 -> 266.33333 | K154: =K196*K$139 -> 25.666667 | L154: =L196*L$139 -> 432 | M154: =M196*M$139 -> 2054 | N154: =N196*N$139 -> 1468 | O154: =O196*O$139 -> 878.33333
...

Sheet Option 4
A1: Option 4 - Outcomes Based Funding (FY 2010 - FY 2012 Averaged) with Total Degrees adjusted by Six-Year Graduation Rate (3-Year Rate for Upper-Levels), Total Degrees per 100 FTSE, Critical Field Degrees (weighted 2), At-Risk Degrees, Retention Metrics of 30, 60, and 90 hours, and Total Degrees adjusted by Cost Based Weights. Metrics scaled for mathematical comparability, weighted by Carnegie classifications, and monetized using SREB salaries by Carnegie classifications. Funded at 10 percent of undergraduate formula funding.
A3: FICE | B3: Name | C3: Funding | D3: Total Undergraduate Degrees | H3: Undergraduate Critical Field Degrees | I3: Math and Science Teaching Certificates | J3: At-Risk Degrees | K3: Retention Metrics
E4: Adjusted by 6-Year Graduation Rate | F4: per 100 FTSE | G4: Cost Weighted | K4: 30 Hours | L4: 60 Hours | M4: 90 Hours
A5: 3656 | B5: UTA | C5: =SUM(D5:M5) -> 13477985 | D5: =D48*$O48*$C$44 -> 2418093.4 | E5: =E48*$O48*$C$44 -> 1566723 | F5: =F48*$O48*$C$44 -> 891599.31 | G5: =G48*$O48*$C$44 -> 5020533.1 | H5: =H48*$O48*$C$44 -> 737924.88 | I5: =I48*$O48*$C$44 -> 16865.936 | J5: =J48*$O48*$C$44 -> 240248.04 | K5: =K48*$O48*$C$44 -> 1153011.6 | ... M5: =M48*$O48*$C$44 -> 601664.17
A6: 3658 | B6: UT | C6: =SUM(D6:M6) -> 26074359 | D6: =D49*$O49*$C$44 -> 4311094 | E6: =E49*$O49*$C$44 -> 4467371.1 | F6: =F49*$O49*$C$44 -> 798050.7 | G6: =G49*$O49*$C$44 -> 9347752.5 | H6: =H49*$O49*$C$44 -> 904174.82 | I6: =I49*$O49*$C$44 -> 31804.337 | J6: =J49*$O49*$C$44 -> 267567.64 | K6: =K49*$O49*$C$44 -> 1618848.8 | ... M6: =M49*$O49*$C$44 -> 2374836.3
A7: 9741 | B7: UTD | C7: =SUM(D7:M7) -> 7119525.6 | D7: =D50*$O50*$C$44 -> 1153148.2 | E7: =E50*$O50*$C$44 -> 1013329 | F7: =F50*$O50*$C$44 -> 808051.85 | G7: =G50*$O50*$C$44 -> 2458187.8 | H7: =H50*$O50*$C$44 -> 203194.38 | I7: =I50*$O50*$C$44 -> 15420.285 | J7: =J50*$O50*$C$44 -> 101748.18 | K7: =K50*$O50*$C$44 -> 559105.79 | ... M7: =M50*$O50*$C$44 -> 344514.86
A8: 3661 | B8: UTEP | C8: =SUM(D8:M8) -> 8310862.7 | D8: =D51*$O51*$C$44 -> 1694916.7 | E8: =E51*$O51*$C$44 -> 440678.34 | F8: =F51*$O51*$C$44 -> 422683.03 | G8: =G51*$O51*$C$44 -> 3491892.4 | H8: =H51*$O51*$C$44 -> 363156.83 | I8: =I51*$O51*$C$44 -> 49899.412 | J8: =J51*$O51*$C$44 -> 218611.17 | K8: =K51*$O51*$C$44 -> 564393.15 | ... M8: =M51*$O51*$C$44 -> 506090.92
A9: 3599 | B9: UTPA | C9: =SUM(D9:M9) -> 6940160.2 | D9: =D52*$O52*$C$44 -> 1325955.2 | E9: =E52*$O52*$C$44 -> 285743.34 | F9: =F52*$O52*$C$44 -> 263295.77 | G9: =G52*$O52*$C$44 -> 2638633.7 | H9: =H52*$O52*$C$44 -> 267418.09 | I9: =I52*$O52*$C$44 -> 14390.211 | J9: =J52*$O52*$C$44 -> 192280.63 | K9: =K52*$O52*$C$44 -> 698153.66 | ... M9: =M52*$O52*$C$44 -> 564792.95
A10: 30646 | B10: UTB | C10: =SUM(D10:M10) -> 2774317.8 | D10: =D53*$O53*$C$44 -> 561218.23 | E10: =E53*$O53*$C$44 -> 161419.86 | F10: =F53*$O53*$C$44 -> 442771.85 | G10: =G53*$O53*$C$44 -> 1078131.8 | H10: =H53*$O53*$C$44 -> 63899.39 | I10: =I53*$O53*$C$44 -> 9422.1621 | J10: =J53*$O53*$C$44 -> 77021.892 | K10: =K53*$O53*$C$44 -> 227216.87 | ... M10: =M53*$O53*$C$44 -> 29317.2
A11: 9930 | B11: UTPB | C11: =SUM(D11:M11) -> 1506665.1 | D11: =D54*$O54*$C$44 -> 274099.26 | E11: =E54*$O54*$C$44 -> 60850.036 | F11: =F54*$O54*$C$44 -> 297121.56 | G11: =G54*$O54*$C$44 -> 514715.58 | H11: =H54*$O54*$C$44 -> 21242.693 | I11: =I54*$O54*$C$44 -> 5139.3611 | J11: =J54*$O54*$C$44 -> 32809.681 | K11: =K54*$O54*$C$44 -> 134594.16 | ... M11: =M54*$O54*$C$44 -> 56595.787
A12: 10115 | B12: UTSA | C12: =SUM(D12:M12) -> 10786748 | D12: =D55*$O55*$C$44 -> 2284099.4 | E12: =E55*$O55*$C$44 -> 642085.71 | F12: =F55*$O55*$C$44 -> 374079.89 | G12: =G55*$O55*$C$44 -> 4665158.8 | H12: =H55*$O55*$C$44 -> 217339.66 | I12: =I55*$O55*$C$44 -> 27537.083 | J12: =J55*$O55*$C$44 -> 277100.67 | K12: =K55*$O55*$C$44 -> 880958.71 | ... M12: =M55*$O55*$C$44 -> 676771.55
A13: 11163 | B13: UTT | C13: =SUM(D13:M13) -> 3194754.6 | D13: =D56*$O56*$C$44 -> 611583.97 | E13: =E56*$O56*$C$44 -> 157686.73 | F13: =F56*$O56*$C$44 -> 375889.54 | G13: =G56*$O56*$C$44 -> 1214256.3 | H13: =H56*$O56*$C$44 -> 193582.6 | I13: =I56*$O56*$C$44 -> 7195.1056 | J13: =J56*$O56*$C$44 -> 77487.861 | K13: =K56*$O56*$C$44 -> 246061.19 | ... M13: =M56*$O56*$C$44 -> 112803.27
A14: 3632 | B14: TAMU | C14: =SUM(D14:M14) -> 26237988 | D14: =D57*$O57*$C$44 -> 4211504.6 | E14: =E57*$O57*$C$44 -> 4425589.5 | F14: =F57*$O57*$C$44 -> 760228.67 | G14: =G57*$O57*$C$44 -> 9688187.4 | H14: =H57*$O57*$C$44 -> 849561.31 | I14: =I57*$O57*$C$44 -> 60717.371 | J14: =J57*$O57*$C$44 -> 287125.7 | K14: =K57*$O57*$C$44 -> 1696825.6 | ... M14: =M57*$O57*$C$44 -> 2326712.2
A15: 10298 | B15: TAMUG | C15: =SUM(D15:M15) -> 2469427.3 | D15: =D58*$O58*$C$44 -> 360399.63 | E15: =E58*$O58*$C$44 -> 51677.874 | F15: =F58*$O58*$C$44 -> 521316.85 | G15: =G58*$O58*$C$44 -> 921540.98 | H15: =H58*$O58*$C$44 -> 48867.746 | I15: =I58*$O58*$C$44 -> 0 | J15: =J58*$O58*$C$44 -> 33090.445 | K15: =K58*$O58*$C$44 -> 221525.47 | ... M15: =M58*$O58*$C$44 -> 156401.72
A16: 3630 | B16: Prairie View | C16: =SUM(D16:M16) -> 2884916.8 | D16: =D59*$O59*$C$44 -> 481215.51 | E16: =E59*$O59*$C$44 -> 89425.883 | F16: =F59*$O59*$C$44 -> 203309.12 | G16: =G59*$O59*$C$44 -> 1065338.2 | H16: =H59*$O59*$C$44 -> 162232.5 | I16: =I59*$O59*$C$44 -> 4968.0491 | J16: =J59*$O59*$C$44 -> 66003.102 | K16: =K59*$O59*$C$44 -> 285748.48 | ... M16: =M59*$O59*$C$44 -> 263660.65
... A42: 20 | B42: SRRG | C42: =SUM(D42:M42) -> 795455.52 | D42: =D85*$O85*$C$44 -> 83736.833 | E42: =E85*$O85*$C$44 -> 13302.755 | F42: =F85*$O85*$C$44 -> 473886.7 | G42: =G85*$O85*$C$44 -> 144598.83 | H42: =H85*$O85*$C$44 -> 3280.412 | I42: =I85*$O85*$C$44 -> 2935.1055 | J42: =J85*$O85*$C$44 -> 11933.794 | K42: =K85*$O85*$C$44 -> 39710.251 | ... M42: =M85*$O85*$C$44 -> 1271.879
B43: Total | C43: =SUM(C5:C42) -> 235000000 | D43: =SUM(D5:D42) -> 42738983 | E43: =SUM(E5:E42) -> 22942479 | F43: =SUM(F5:F42) -> 17144273 | G43: =SUM(G5:G42) -> 87380238 | H43: =SUM(H5:H42) -> 7043594.9 | I43: =SUM(I5:I42) -> 611116.97 | J43: =SUM(J5:J42) -> 4445892.6 | ... M43: =SUM(M5:M42) -> 15972488
C44: =235000000/P86 -> 0.026712848 | D44: Percent Funded
A45: Points Three-Year Average - Scaled and Weighted
A46: FICE | B46: Name | C46: Total Points | D46: Total Undergraduate Degrees | H46: Undergraduate Critical Field Degrees | I46: Math and Science Teaching Certificates | J46: At-Risk Degrees | K46: Retention Metrics | N46: SREB Carnegie 2011-12 Classification | O46: Texas SREB Carnegie Salaries 2011-2012 | P46: Texas SREB Carnegie Salary Times Total Points
E47: Adjusted by 6-Year Graduation Rate | F47: per 100 FTSE | G47: Cost Weighted | K47: 30 Hours | L47: 60 Hours | M47: 90 Hours
A48: =A5 -> 3656 | B48: =B5 -> UTA | C48: =SUM(D48:M48) -> 5593.8725 | D48: =D90*D141 -> 1003.6 | E48: =E90*E141 -> 650.24917 | F48: =F90*F141 -> 370.04735 | G48: =G90*G141 -> 2083.7107 | H48: =H90*H141 -> 306.26667 | I48: =I90*I141 -> 7 | J48: =J90*J141 -> 99.712 | K48: =K90*K141 -> 478.54333 | ... M48: =M90*M141 -> 249.71333 | N48: 1 | O48: 90197.028 | P48: =O48*C48 -> 5.0455068e+08
A49: =A6 -> 3658 | B49: =B6 -> UT | C49: =SUM(D49:M49) -> 10821.843 | D49: =D91*D142 -> 1789.2667 | E49: =E91*E142 -> 1854.1276 | F49: =F91*F142 -> 331.22115 | G49: =G91*G142 -> 3879.67 | H49: =H91*H142 -> 375.26667 | I49: =I91*I142 -> 13.2 | J49: =J91*J142 -> 111.05067 | K49: =K91*K142 -> 671.88333 | ... M49: =M91*M142 -> 985.64667 | N49: 1 | O49: 90197.028 | P49: =O49*C49 -> 9.7609805e+08
A50: =A7 -> 9741 | B50: =B7 -> UTD | C50: =SUM(D50:M50) -> 2954.8718 | D50: =D92*D143 -> 478.6 | E50: =E92*E143 -> 420.56975 | F50: =F92*F143 -> 335.37201 | G50: =G92*G143 -> 1020.2407 | H50: =H92*H143 -> 84.333333 | I50: =I92*I143 -> 6.4 | J50: =J92*J143 -> 42.229333 | K50: =K92*K143 -> 232.05 | ... M50: =M92*M143 -> 142.98667 | N50: 1 | O50: 90197.028 | P50: =O50*C50 -> 2.6652065e+08
A51: =A8 -> 3661 | B51: =B8 -> UTEP | C51: =SUM(D51:M51) -> 4496.9126 | D51: =D93*D144 -> 917.1 | E51: =E93*E144 -> 238.446 | F51: =F93*F144 -> 228.70895 | G51: =G93*G144 -> 1889.423 | H51: =H93*H144 -> 196.5 | I51: =I93*I144 -> 27 | J51: =J93*J144 -> 118.288 | K51: =K93*K144 -> 305.38667 | ... M51: =M93*M144 -> 273.84 | N51: 2 | O51: 69184.924 | P51: =O51*C51 -> 3.1111856e+08
A52: =A9 -> 3599 | B52: =B9 -> UTPA | C52: =SUM(D52:M52) -> 4051.1807 | D52: =D94*D145 -> 774 | E52: =E94*E145 -> 166.797 | F52: =F94*F145 -> 153.69368 | G52: =G94*G145 -> 1540.25 | H52: =H94*H145 -> 156.1 | I52: =I94*I145 -> 8.4 | J52: =J94*J145 -> 112.24 | K52: =K94*K145 -> 407.53333 | ... M52: =M94*M145 -> 329.68667 | N52: 3 | O52: 64130.952 | P52: =O52*C52 -> 2.5980607e+08
A53: =A10 -> 30646 | B53: =B10 -> UTB | C53: =SUM(D53:M53) -> 1619.4529 | D53: =D95*D146 -> 327.6 | E53: =E95*E146 -> 94.225639 | F53: =F95*F146 -> 258.45927 | G53: =G95*G146 -> 629.338 | H53: =H95*H146 -> 37.3 | I53: =I95*I146 -> 5.5 | J53: =J95*J146 -> 44.96 | K53: =K95*K146 -> 132.63333 | ... M53: =M95*M146 -> 17.113333 | N53: 3 | O53: 64130.952 | P53: =O53*C53 -> 1.0385706e+08
A54: =A11 -> 9930 | B54: =B11 -> UTPB | C54: =SUM(D54:M54) -> 879.48581 | D54: =D96*D147 -> 160 | E54: =E96*E147 -> 35.52 | F54: =F96*F147 -> 173.43881 | G54: =G96*G147 -> 300.455 | H54: =H96*H147 -> 12.4 | I54: =I96*I147 -> 3 | J54: =J96*J147 -> 19.152 | K54: =K96*K147 -> 78.566667 | ... M54: =M96*M147 -> 33.036667 | N54: 3 | O54: 64130.952 | P54: =O54*C54 -> 56402262
A55: =A12 -> 10115 | B55: =B12 -> UTSA | C55: =SUM(D55:M55) -> 5836.5856 | D55: =D97*D148 -> 1235.9 | E55: =E97*E148 -> 347.42522 | F55: =F97*F148 -> 202.41034 | G55: =G97*G148 -> 2524.264 | H55: =H97*H148 -> 117.6 | I55: =I97*I148 -> 14.9 | J55: =J97*J148 -> 149.936 | K55: =K97*K148 -> 476.67667 | ... M55: =M97*M148 -> 366.19333 | N55: 2 | O55: 69184.924 | P55: =O55*C55 -> 4.0380373e+08
A56: =A13 -> 11163 | B56: =B13 -> UTT | C56: =SUM(D56:M56) -> 1864.8746 | D56: =D98*D149 -> 357 | E56: =E98*E149 -> 92.0465 | F56: =F98*F149 -> 219.41805 | G56: =G98*G149 -> 708.798 | H56: =H98*H149 -> 113 | I56: =I98*I149 -> 4.2 | J56: =J98*J149 -> 45.232 | K56: =K98*K149 -> 143.63333 | ... M56: =M98*M149 -> 65.846667 | N56: 3 | O56: 64130.952 | P56: =O56*C56 -> 1.1959618e+08
A57: =A14 -> 3632 | B57: =B14 -> TAMU | C57: =SUM(D57:M57) -> 10889.755 | D57: =D99*D150 -> 1747.9333 | E57: =E99*E150 -> 1836.7866 | F57: =F99*F150 -> 315.52358 | G57: =G99*G150 -> 4020.9633 | H57: =H99*H150 -> 352.6 | I57: =I99*I150 -> 25.2 | J57: =J99*J150 -> 119.168 | K57: =K99*K150 -> 704.24667 | ... M57: =M99*M150 -> 965.67333 | N57: 1 | O57: 90197.028 | P57: =O57*C57 -> 9.8222352e+08
A58: =A15 -> 10298 | B58: =B15 -> TAMUG | C58: =SUM(D58:M58) -> 1485.6663 | D58: =D100*D151 -> 216.825 | E58: =E100*E151 -> 31.09064 | F58: =F100*F151 -> 313.63663 | G58: =G100*G151 -> 554.421 | H58: =H100*H151 -> 29.4 | I58: =I100*I151 -> 0 | J58: =J100*J151 -> 19.908 | K58: =K100*K151 -> 133.275 | ... M58: =M100*M151 -> 94.095 | N58: 6 | O58: 62223.55 | P58: =O58*C58 -> 92443430
A59: =A16 -> 3630 | B59: =B16 -> Prairie View | C59: =SUM(D59:M59) -> 1684.0129 | D59: =D101*D152 -> 280.9 | E59: =E101*E152 -> 52.200583 | F59: =F101*F152 -> 118.67766 | G59: =G101*G152 -> 621.87 | H59: =H101*H152 -> 94.7 | I59: =I101*I152 -> 2.9 | J59: =J101*J152 -> 38.528 | K59: =K101*K152 -> 166.8 | ... M59: =M101*M152 -> 153.90667 | N59: 3 | O59: 64130.952 | P59: =O59*C59 -> 1.0799735e+08
... A74: =A31 -> 3594 | B74: =B31 -> UNT | C74: =SUM(D74:M74) -> 6399.8889 | D74: =D116*D167 -> 1203.3333 | E74: =E116*E167 -> 866.90139 | F74: =F116*F167 -> 323.58681 | G74: =G116*G167 -> 2282.3107 | H74: =H116*H167 -> 67.333333 | I74: =I116*I167 -> 8.6666667 | J74: =J116*J167 -> 122.24 | K74: =K116*K167 -> 550.52667 | ... M74: =M116*M167 -> 467.18 | N74: 1 | O74: 90197.028 | P74: =O74*C74 -> 5.7725095e+08
A75: =A32 -> 113594 | B75: =B32 -> UNTD | C75: =SUM(D75:M75) -> 849.86046 | D75: =D117*D168 -> 141.225 | E75: =E117*E168 -> 18.6417 | F75: =F117*F168 -> 362.50176 | G75: =G117*G168 -> 247.051 | H75: =H117*H168 -> 4.2 | I75: =I117*I168 -> 0 | J75: =J117*J168 -> 17.276 | K75: =K117*K168 -> 47.8 | ... M75: =M117*M168 -> 1.87 | N75: NR | O75: 62223.55 | P75: =O75*C75 -> 52881335
A76: =A33 -> 3624 | B76: =B33 -> SFA | C76: =SUM(D76:M76) -> 2946.7691 | D76: =D118*D169 -> 576.5 | E76: =E118*E169 -> 159.6905 | F76: =F118*F169 -> 151.93158 | G76: =G118*G169 -> 1116.521 | H76: =H118*H169 -> 74.4 | I76: =I118*I169 -> 13.4 | J76: =J118*J169 -> 70.096 | K76: =K118*K169 -> 276.93333 | ... M76: =M118*M169 -> 237.54667 | N76: 3 | O76: 64130.952 | P76: =O76*C76 -> 1.8897911e+08
A77: =A34 -> 3642 | B77: =B34 -> TSU | C77: =SUM(D77:M77) -> 1315.9214 | D77: =D119*D170 -> 227.5 | E77: =E119*E170 -> 16.342083 | F77: =F119*F170 -> 97.002608 | G77: =G119*G170 -> 446.596 | H77: =H119*H170 -> 40.3 | I77: =I119*I170 -> 0.9 | J77: =J119*J170 -> 31.984 | K77: =K119*K170 -> 163.73333 | ... M77: =M119*M170 -> 144.27333 | N77: 3 | O77: 64130.952 | P77: =O77*C77 -> 84391289
A78: =A35 -> 3644 | B78: =B35 -> TTU | C78: =SUM(D78:M78) -> 5806.2762 | D78: =D120*D171 -> 934.8 | E78: =E120*E171 -> 855.342 | F78: =F120*F171 -> 263.26554 | G78: =G120*G171 -> 2025.6227 | H78: =H120*H171 -> 145.46667 | I78: =I120*I171 -> 11.466667 | J78: =J120*J171 -> 88.896 | K78: =K120*K171 -> 453.97333 | ... M78: =M120*M171 -> 552.39333 | N78: 1 | O78: 90197.028 | P78: =O78*C78 -> 5.2370886e+08
A79: =A36 -> 3541 | B79: =B36 -> Angelo | C79: =SUM(D79:M79) -> 1622.1399 | D79: =D121*D172 -> 297.4 | E79: =E121*E172 -> 63.891433 | F79: =F121*F172 -> 152.29276 | G79: =G121*G172 -> 593.205 | H79: =H121*H172 -> 76.3 | I79: =I121*I172 -> 5.8 | J79: =J121*J172 -> 34.704 | K79: =K121*K172 -> 143.86667 | ... M79: =M121*M172 -> 120.30333 | N79: 3 | O79: 64130.952 | P79: =O79*C79 -> 1.0402937e+08
A80: =A37 -> 3646 | B80: =B37 -> TWU | C80: =SUM(D80:M80) -> 2644.5968 | D80: =D122*D173 -> 541.8 | E80: =E122*E173 -> 189.1484 | F80: =F122*F173 -> 275.45604 | G80: =G122*G173 -> 1035.653 | H80: =H122*H173 -> 170.8 | I80: =I122*I173 -> 9.5 | J80: =J122*J173 -> 59.856 | K80: =K122*K173 -> 153.72 | ... M80: =M122*M173 -> 92.353333 | N80: 2 | O80: 69184.924 | P80: =O80*C80 -> 1.8296623e+08
A81: =A38 -> 3581 | B81: =B38 -> Lamar | C81: =SUM(D81:M81) -> 2143.4464 | D81: =D123*D174 -> 400.6 | E81: =E123*E174 -> 70.171767 | F81: =F123*F174 -> 137.66197 | G81: =G123*G174 -> 805.47 | H81: =H123*H174 -> 99 | I81: =I123*I174 -> 5.1 | J81: =J123*J174 -> 45.536 | K81: =K123*K174 -> 214.46667 | ... M81: =M123*M174 -> 171.87 | N81: 3 | O81: 64130.952 | P81: =O81*C81 -> 1.3746126e+08
A82: =A39 -> 3606 | B82: =B39 -> SHSU | C82: =SUM(D82:M82) -> 4378.1744 | D82: =D124*D175 -> 923.3 | E82: =E124*E175 -> 270.83467 | F82: =F124*F175 -> 183.56741 | G82: =G124*G175 -> 1751.123 | H82: =H124*H175 -> 50.1 | I82: =I124*I175 -> 18.3 | J82: =J124*J175 -> 106.256 | K82: =K124*K175 -> 389.43333 | ... M82: =M124*M175 -> 299.76667 | N82: 3 | O82: 64130.952 | P82: =O82*C82 -> 2.8077649e+08
A83: =A40 -> 3615 | B83: =B40 -> TXST | C83: =SUM(D83:M83) -> 7803.3376 | D83: =D125*D176 -> 1608.3 | E83: =E125*E176 -> 509.02695 | F83: =F125*F176 -> 175.55169 | G83: =G125*G176 -> 3131.193 | H83: =H125*H176 -> 146.6 | I83: =I125*I176 -> 20 | J83: =J125*J176 -> 176.416 | K83: =K125*K176 -> 747.03333 | ... M83: =M125*M176 -> 563.94667 | N83: 3 | O83: 64130.952 | P83: =O83*C83 -> 5.0043547e+08
A84: =A41 -> 3625 | B84: =B41 -> SRSU | C84: =SUM(D84:M84) -> 391.12272 | D84: =D126*D177 -> 56.8 | E84: =E126*E177 -> 8.5484 | F84: =F126*F177 -> 116.39132 | G84: =G126*G177 -> 118.299 | H84: =H126*H177 -> 3.8 | I84: =I126*I177 -> 1.9 | J84: =J126*J177 -> 7.824 | K84: =K126*K177 -> 30 | ... M84: =M126*M177 -> 22.383333 | N84: 3 | O84: 64130.952 | P84: =O84*C84 -> 25083073
A85: =A42 -> 20 | B85: =B42 -> SRRG | C85: =SUM(D85:M85) -> 460.72429 | D85: =D127*D178 -> 48.5 | E85: =E127*E178 -> 7.7048965 | F85: =F127*F178 -> 274.47306 | G85: =G127*G178 -> 83.751 | H85: =H127*H178 -> 1.9 | I85: =I127*I178 -> 1.7 | J85: =J127*J178 -> 6.912 | K85: =K127*K178 -> 23 | ... M85: =M127*M178 -> 0.73666667 | N85: 5 | O85: 64633.042 | P85: =O85*C85 -> 29778013
B86: Total | C86: =SUM(C48:C85) -> 116182.04 | D86: =SUM(D48:D85) -> 21360.517 | E86: =SUM(E48:E85) -> 10404.445 | F86: =SUM(F48:F85) -> 8923.6901 | G86: =SUM(G48:G85) -> 43402.564 | H86: =SUM(H48:H85) -> 3465.4667 | I86: =SUM(I48:I85) -> 317.26667 | J86: =SUM(J48:J85) -> 2282.608 | ... M86: =SUM(M48:M85) -> 7711.685 | P86: =SUM(P48:P85) -> 8.7972649e+09
A87: Weights
A88: FICE | B88: Name | C88: Total Weights | D88: Total Undergraduate Degrees | H88: Undergraduate Critical Field Degrees | I88: Math and Science Teaching Certificates | J88: At-Risk Degrees | K88: Retention Metrics | N88: SREB Carnegie 2011-12 Classification
E89: Adjusted by 6-Year Graduation Rate | F89: per 100 FTSE | G89: Cost Weighted | K89: 30 Hours | L89: 60 Hours | M89: 90 Hours
A90: =A5 -> 3656 | B90: =B5 -> UTA | C90: =D90+E90+F90+K90+L90+M90 -> 1 | D90: =SUMIF($N$131:$N$136,$N90,D$131:D$136) -> 0.2 | E90: =SUMIF($N$131:$N$136,$N90,E$131:E$136) -> 0.25 | F90: =SUMIF($N$131:$N$136,$N90,F$131:F$136) -> 0.25 | G90: =SUMIF($N$131:$N$136,$N90,G$131:G$136) -> 0.2 | H90: =SUMIF($N$131:$N$136,$N90,H$131:H$136) -> 0.2 | I90: =SUMIF($N$131:$N$136,$N90,I$131:I$136) -> 0.2 | J90: =SUMIF($N$131:$N$136,$N90,J$131:J$136) -> 0.08 | K90: =SUMIF($N$131:$N$136,$N90,K$131:K$136) -> 0.07 | ... M90: =SUMIF($N$131:$N$136,$N90,M$131:M$136) -> 0.14 | N90: 1
A91: =A6 -> 3658 | B91: =B6 -> UT | C91: =D91+E91+F91+K91+L91+M91 -> 1 | D91: =SUMIF($N$131:$N$136,$N91,D$131:D$136) -> 0.2 | E91: =SUMIF($N$131:$N$136,$N91,E$131:E$136) -> 0.25 | F91: =SUMIF($N$131:$N$136,$N91,F$131:F$136) -> 0.25 | G91: =SUMIF($N$131:$N$136,$N91,G$131:G$136) -> 0.2 | H91: =SUMIF($N$131:$N$136,$N91,H$131:H$136) -> 0.2 | I91: =SUMIF($N$131:$N$136,$N91,I$131:I$136) -> 0.2 | J91: =SUMIF($N$131:$N$136,$N91,J$131:J$136) -> 0.08 | K91: =SUMIF($N$131:$N$136,$N91,K$131:K$136) -> 0.07 | ... M91: =SUMIF($N$131:$N$136,$N91,M$131:M$136) -> 0.14 | N91: 1
A92: =A7 -> 9741 | B92: =B7 -> UTD | C92: =D92+E92+F92+K92+L92+M92 -> 1 | D92: =SUMIF($N$131:$N$136,$N92,D$131:D$136) -> 0.2 | E92: =SUMIF($N$131:$N$136,$N92,E$131:E$136) -> 0.25 | F92: =SUMIF($N$131:$N$136,$N92,F$131:F$136) -> 0.25 | G92: =SUMIF($N$131:$N$136,$N92,G$131:G$136) -> 0.2 | H92: =SUMIF($N$131:$N$136,$N92,H$131:H$136) -> 0.2 | I92: =SUMIF($N$131:$N$136,$N92,I$131:I$136) -> 0.2 | J92: =SUMIF($N$131:$N$136,$N92,J$131:J$136) -> 0.08 | K92: =SUMIF($N$131:$N$136,$N92,K$131:K$136) -> 0.07 | ... M92: =SUMIF($N$131:$N$136,$N92,M$131:M$136) -> 0.14 | N92: 1
A93: =A8 -> 3661 | B93: =B8 -> UTEP | C93: =D93+E93+F93+K93+L93+M93 -> 1 | D93: =SUMIF($N$131:$N$136,$N93,D$131:D$136) -> 0.3 | E93: =SUMIF($N$131:$N$136,$N93,E$131:E$136) -> 0.2 | F93: =SUMIF($N$131:$N$136,$N93,F$131:F$136) -> 0.2 | G93: =SUMIF($N$131:$N$136,$N93,G$131:G$136) -> 0.3 | H93: =SUMIF($N$131:$N$136,$N93,H$131:H$136) -> 0.3 | I93: =SUMIF($N$131:$N$136,$N93,I$131:I$136) -> 0.3 | J93: =SUMIF($N$131:$N$136,$N93,J$131:J$136) -> 0.12 | K93: =SUMIF($N$131:$N$136,$N93,K$131:K$136) -> 0.07 | ... M93: =SUMIF($N$131:$N$136,$N93,M$131:M$136) -> 0.14 | N93: 2
A94: =A9 -> 3599 | B94: =B9 -> UTPA | C94: =D94+E94+F94+K94+L94+M94 -> 1 | D94: =SUMIF($N$131:$N$136,$N94,D$131:D$136) -> 0.3 | E94: =SUMIF($N$131:$N$136,$N94,E$131:E$136) -> 0.15 | F94: =SUMIF($N$131:$N$136,$N94,F$131:F$136) -> 0.15 | G94: =SUMIF($N$131:$N$136,$N94,G$131:G$136) -> 0.3 | H94: =SUMIF($N$131:$N$136,$N94,H$131:H$136) -> 0.3 | I94: =SUMIF($N$131:$N$136,$N94,I$131:I$136) -> 0.3 | J94: =SUMIF($N$131:$N$136,$N94,J$131:J$136) -> 0.12 | K94: =SUMIF($N$131:$N$136,$N94,K$131:K$136) -> 0.1 | ... M94: =SUMIF($N$131:$N$136,$N94,M$131:M$136) -> 0.17 | N94: 3
A95: =A10 -> 30646 | B95: =B10 -> UTB | C95: =D95+E95+F95+K95+L95+M95 -> 1 | D95: =SUMIF($N$131:$N$136,$N95,D$131:D$136) -> 0.3 | E95: =SUMIF($N$131:$N$136,$N95,E$131:E$136) -> 0.15 | F95: =SUMIF($N$131:$N$136,$N95,F$131:F$136) -> 0.15 | G95: =SUMIF($N$131:$N$136,$N95,G$131:G$136) -> 0.3 | H95: =SUMIF($N$131:$N$136,$N95,H$131:H$136) -> 0.3 | I95: =SUMIF($N$131:$N$136,$N95,I$131:I$136) -> 0.3 | J95: =SUMIF($N$131:$N$136,$N95,J$131:J$136) -> 0.12 | K95: =SUMIF($N$131:$N$136,$N95,K$131:K$136) -> 0.1 | ... M95: =SUMIF($N$131:$N$136,$N95,M$131:M$136) -> 0.17 | N95: 3
A96: =A11 -> 9930 | B96: =B11 -> UTPB | C96: =D96+E96+F96+K96+L96+M96 -> 1 | D96: =SUMIF($N$131:$N$136,$N96,D$131:D$136) -> 0.3 | E96: =SUMIF($N$131:$N$136,$N96,E$131:E$136) -> 0.15 | F96: =SUMIF($N$131:$N$136,$N96,F$131:F$136) -> 0.15 | G96: =SUMIF($N$131:$N$136,$N96,G$131:G$136) -> 0.3 | H96: =SUMIF($N$131:$N$136,$N96,H$131:H$136) -> 0.3 | I96: =SUMIF($N$131:$N$136,$N96,I$131:I$136) -> 0.3 | J96: =SUMIF($N$131:$N$136,$N96,J$131:J$136) -> 0.12 | K96: =SUMIF($N$131:$N$136,$N96,K$131:K$136) -> 0.1 | ... M96: =SUMIF($N$131:$N$136,$N96,M$131:M$136) -> 0.17 | N96: 3
A97: =A12 -> 10115 | B97: =B12 -> UTSA | C97: =D97+E97+F97+K97+L97+M97 -> 1 | D97: =SUMIF($N$131:$N$136,$N97,D$131:D$136) -> 0.3 | E97: =SUMIF($N$131:$N$136,$N97,E$131:E$136) -> 0.2 | F97: =SUMIF($N$131:$N$136,$N97,F$131:F$136) -> 0.2 | G97: =SUMIF($N$131:$N$136,$N97,G$131:G$136) -> 0.3 | H97: =SUMIF($N$131:$N$136,$N97,H$131:H$136) -> 0.3 | I97: =SUMIF($N$131:$N$136,$N97,I$131:I$136) -> 0.3 | J97: =SUMIF($N$131:$N$136,$N97,J$131:J$136) -> 0.12 | K97: =SUMIF($N$131:$N$136,$N97,K$131:K$136) -> 0.07 | ... M97: =SUMIF($N$131:$N$136,$N97,M$131:M$136) -> 0.14 | N97: 2
A98: =A13 -> 11163 | B98: =B13 -> UTT | C98: =D98+E98+F98+K98+L98+M98 -> 1 | D98: =SUMIF($N$131:$N$136,$N98,D$131:D$136) -> 0.3 | E98: =SUMIF($N$131:$N$136,$N98,E$131:E$136) -> 0.15 | F98: =SUMIF($N$131:$N$136,$N98,F$131:F$136) -> 0.15 | G98: =SUMIF($N$131:$N$136,$N98,G$131:G$136) -> 0.3 | H98: =SUMIF($N$131:$N$136,$N98,H$131:H$136) -> 0.3 | I98: =SUMIF($N$131:$N$136,$N98,I$131:I$136) -> 0.3 | J98: =SUMIF($N$131:$N$136,$N98,J$131:J$136) -> 0.12 | K98: =SUMIF($N$131:$N$136,$N98,K$131:K$136) -> 0.1 | ... M98: =SUMIF($N$131:$N$136,$N98,M$131:M$136) -> 0.17 | N98: 3
A99: =A14 -> 3632 | B99: =B14 -> TAMU | C99: =D99+E99+F99+K99+L99+M99 -> 1 | D99: =SUMIF($N$131:$N$136,$N99,D$131:D$136) -> 0.2 | E99: =SUMIF($N$131:$N$136,$N99,E$131:E$136) -> 0.25 | F99: =SUMIF($N$131:$N$136,$N99,F$131:F$136) -> 0.25 | G99: =SUMIF($N$131:$N$136,$N99,G$131:G$136) -> 0.2 | H99: =SUMIF($N$131:$N$136,$N99,H$131:H$136) -> 0.2 | I99: =SUMIF($N$131:$N$136,$N99,I$131:I$136) -> 0.2 | J99: =SUMIF($N$131:$N$136,$N99,J$131:J$136) -> 0.08 | K99: =SUMIF($N$131:$N$136,$N99,K$131:K$136) -> 0.07 | ... M99: =SUMIF($N$131:$N$136,$N99,M$131:M$136) -> 0.14 | N99: 1
A100: =A15 -> 10298 | B100: =B15 -> TAMUG | C100: =D100+E100+F100+K100+L100+M100 -> 1.5 | D100: =SUMIF($N$131:$N$136,$N100,D$131:D$136)*1.5 -> 0.525 | E100: =SUMIF($N$131:$N$136,$N100,E$131:E$136)*1.5 -> 0.12 | F100: =SUMIF($N$131:$N$136,$N100,F$131:F$136)*1.5 -> 0.255 | G100: =SUMIF($N$131:$N$136,$N100,G$131:G$136)*1.5 -> 0.525 | H100: =SUMIF($N$131:$N$136,$N100,H$131:H$136)*1.5 -> 0.525 | I100: =SUMIF($N$131:$N$136,$N100,I$131:I$136)*1.5 -> 0.525 | J100: =SUMIF($N$131:$N$136,$N100,J$131:J$136)*1.5 -> 0.21 | K100: =SUMIF($N$131:$N$136,$N100,K$131:K$136)*1.5 -> 0.15 | ... M100: =SUMIF($N$131:$N$136,$N100,M$131:M$136)*1.5 -> 0.255 | N100: 6
A101: =A16 -> 3630 | B101: =B16 -> Prairie View | C101: =D101+E101+F101+K101+L101+M101 -> 1 | D101: =SUMIF($N$131:$N$136,$N101,D$131:D$136) -> 0.3 | E101: =SUMIF($N$131:$N$136,$N101,E$131:E$136) -> 0.15 | F101: =SUMIF($N$131:$N$136,$N101,F$131:F$136) -> 0.15 | G101: =SUMIF($N$131:$N$136,$N101,G$131:G$136) -> 0.3 | H101: =SUMIF($N$131:$N$136,$N101,H$131:H$136) -> 0.3 | I101: =SUMIF($N$131:$N$136,$N101,I$131:I$136) -> 0.3 | J101: =SUMIF($N$131:$N$136,$N101,J$131:J$136) -> 0.12 | K101: =SUMIF($N$131:$N$136,$N101,K$131:K$136) -> 0.1 | ... M101: =SUMIF($N$131:$N$136,$N101,M$131:M$136) -> 0.17 | N101: 3
A102: =A17 -> 3631 | B102: =B17 -> Tarleton | C102: =D102+E102+F102+K102+L102+M102 -> 1 | D102: =SUMIF($N$131:$N$136,$N102,D$131:D$136) -> 0.3 | E102: =SUMIF($N$131:$N$136,$N102,E$131:E$136) -> 0.15 | F102: =SUMIF($N$131:$N$136,$N102,F$131:F$136) -> 0.15 | G102: =SUMIF($N$131:$N$136,$N102,G$131:G$136) -> 0.3 | H102: =SUMIF($N$131:$N$136,$N102,H$131:H$136) -> 0.3 | I102: =SUMIF($N$131:$N$136,$N102,I$131:I$136) -> 0.3 | J102: =SUMIF($N$131:$N$136,$N102,J$131:J$136) -> 0.12 | K102: =SUMIF($N$131:$N$136,$N102,K$131:K$136) -> 0.1 | ... M102: =SUMIF($N$131:$N$136,$N102,M$131:M$136) -> 0.17 | N102: 3
A103: =A18 -> 103631 | B103: =B18 -> TAMUCT | C103: =D103+E103+F103+K103+L103+M103 -> 1 | D103: =SUMIF($N$131:$N$136,$N103,D$131:D$136) -> 0.3 | E103: =SUMIF($N$131:$N$136,$N103,E$131:E$136) -> 0.15 | F103: =SUMIF($N$131:$N$136,$N103,F$131:F$136) -> 0.15 | G103: =SUMIF($N$131:$N$136,$N103,G$131:G$136) -> 0.3 | H103: =SUMIF($N$131:$N$136,$N103,H$131:H$136) -> 0.3 | I103: =SUMIF($N$131:$N$136,$N103,I$131:I$136) -> 0.3 | J103: =SUMIF($N$131:$N$136,$N103,J$131:J$136) -> 0.12 | K103: =SUMIF($N$131:$N$136,$N103,K$131:K$136) -> 0.1 | ... M103: =SUMIF($N$131:$N$136,$N103,M$131:M$136) -> 0.17 | N103: 4
A104: =A19 -> 11161 | B104: =B19 -> TAMUCC | C104: =D104+E104+F104+K104+L104+M104 -> 1 | D104: =SUMIF($N$131:$N$136,$N104,D$131:D$136) -> 0.3 | E104: =SUMIF($N$131:$N$136,$N104,E$131:E$136) -> 0.15 | F104: =SUMIF($N$131:$N$136,$N104,F$131:F$136) -> 0.15 | G104: =SUMIF($N$131:$N$136,$N104,G$131:G$136) -> 0.3 | H104: =SUMIF($N$131:$N$136,$N104,H$131:H$136) -> 0.3 | I104: =SUMIF($N$131:$N$136,$N104,I$131:I$136) -> 0.3 | J104: =SUMIF($N$131:$N$136,$N104,J$131:J$136) -> 0.12 | K104: =SUMIF($N$131:$N$136,$N104,K$131:K$136) -> 0.1 | ... M104: =SUMIF($N$131:$N$136,$N104,M$131:M$136) -> 0.17 | N104: 3
A105: =A20 -> 3639 | B105: =B20 -> TAMUK | C105: =D105+E105+F105+K105+L105+M105 -> 1 | D105: =SUMIF($N$131:$N$136,$N105,D$131:D$136) -> 0.3 | E105: =SUMIF($N$131:$N$136,$N105,E$131:E$136) -> 0.15 | F105: =SUMIF($N$131:$N$136,$N105,F$131:F$136) -> 0.15 | G105: =SUMIF($N$131:$N$136,$N105,G$131:G$136) -> 0.3 | H105: =SUMIF($N$131:$N$136,$N105,H$131:H$136) -> 0.3 | I105: =SUMIF($N$131:$N$136,$N105,I$131:I$136) -> 0.3 | J105: =SUMIF($N$131:$N$136,$N105,J$131:J$136) -> 0.12 | K105: =SUMIF($N$131:$N$136,$N105,K$131:K$136) -> 0.1 | ... M105: =SUMIF($N$131:$N$136,$N105,M$131:M$136) -> 0.17 | N105: 3
A106: =A21 -> 103639 | B106: =B21 -> TAMUSA | C106: =D106+E106+F106+K106+L106+M106 -> 1 | D106: =SUMIF($N$131:$N$136,$N106,D$131:D$136) -> 0.3 | E106: =SUMIF($N$131:$N$136,$N106,E$131:E$136) -> 0.15 | F106: =SUMIF($N$131:$N$136,$N106,F$131:F$136) -> 0.15 | G106: =SUMIF($N$131:$N$136,$N106,G$131:G$136) -> 0.3 | H106: =SUMIF($N$131:$N$136,$N106,H$131:H$136) -> 0.3 | I106: =SUMIF($N$131:$N$136,$N106,I$131:I$136) -> 0.3 | J106: =SUMIF($N$131:$N$136,$N106,J$131:J$136) -> 0.12 | K106: =SUMIF($N$131:$N$136,$N106,K$131:K$136) -> 0.1 | ... M106: =SUMIF($N$131:$N$136,$N106,M$131:M$136) -> 0.17 | N106: 5
A107: =A22 -> 9651 | B107: =B22 -> TAMI | C107: =D107+E107+F107+K107+L107+M107 -> 1 | D107: =SUMIF($N$131:$N$136,$N107,D$131:D$136) -> 0.3 | E107: =SUMIF($N$131:$N$136,$N107,E$131:E$136) -> 0.15 | F107: =SUMIF($N$131:$N$136,$N107,F$131:F$136) -> 0.15 | G107: =SUMIF($N$131:$N$136,$N107,G$131:G$136) -> 0.3 | H107: =SUMIF($N$131:$N$136,$N107,H$131:H$136) -> 0.3 | I107: =SUMIF($N$131:$N$136,$N107,I$131:I$136) -> 0.3 | J107: =SUMIF($N$131:$N$136,$N107,J$131:J$136) -> 0.12 | K107: =SUMIF($N$131:$N$136,$N107,K$131:K$136) -> 0.1 | ... M107: =SUMIF($N$131:$N$136,$N107,M$131:M$136) -> 0.17 | N107: 3
A108: =A23 -> 3665 | B108: =B23 -> WTAMU | C108: =D108+E108+F108+K108+L108+M108 -> 1 | D108: =SUMIF($N$131:$N$136,$N108,D$131:D$136) -> 0.3 | E108: =SUMIF($N$131:$N$136,$N108,E$131:E$136) -> 0.15 | F108: =SUMIF($N$131:$N$136,$N108,F$131:F$136) -> 0.15 | G108: =SUMIF($N$131:$N$136,$N108,G$131:G$136) -> 0.3 | H108: =SUMIF($N$131:$N$136,$N108,H$131:H$136) -> 0.3 | I108: =SUMIF($N$131:$N$136,$N108,I$131:I$136) -> 0.3 | J108: =SUMIF($N$131:$N$136,$N108,J$131:J$136) -> 0.12 | K108: =SUMIF($N$131:$N$136,$N108,K$131:K$136) -> 0.1 | ... M108: =SUMIF($N$131:$N$136,$N108,M$131:M$136) -> 0.17 | N108: 3
A109: =A24 -> 3565 | B109: =B24 -> TAMUC | C109: =D109+E109+F109+K109+L109+M109 -> 1 | D109: =SUMIF($N$131:$N$136,$N109,D$131:D$136) -> 0.3 | E109: =SUMIF($N$131:$N$136,$N109,E$131:E$136) -> 0.15 | F109: =SUMIF($N$131:$N$136,$N109,F$131:F$136) -> 0.15 | G109: =SUMIF($N$131:$N$136,$N109,G$131:G$136) -> 0.3 | H109: =SUMIF($N$131:$N$136,$N109,H$131:H$136) -> 0.3 | I109: =SUMIF($N$131:$N$136,$N109,I$131:I$136) -> 0.3 | J109: =SUMIF($N$131:$N$136,$N109,J$131:J$136) -> 0.12 | K109: =SUMIF($N$131:$N$136,$N109,K$131:K$136) -> 0.1 | ... M109: =SUMIF($N$131:$N$136,$N109,M$131:M$136) -> 0.17 | N109: 3
A110: =A25 -> 29269 | B110: =B25 -> TAMUT | C110: =D110+E110+F110+K110+L110+M110 -> 1 | D110: =SUMIF($N$131:$N$136,$N110,D$131:D$136) -> 0.3 | E110: =SUMIF($N$131:$N$136,$N110,E$131:E$136) -> 0.15 | F110: =SUMIF($N$131:$N$136,$N110,F$131:F$136) -> 0.15 | G110: =SUMIF($N$131:$N$136,$N110,G$131:G$136) -> 0.3 | H110: =SUMIF($N$131:$N$136,$N110,H$131:H$136) -> 0.3 | I110: =SUMIF($N$131:$N$136,$N110,I$131:I$136) -> 0.3 | J110: =SUMIF($N$131:$N$136,$N110,J$131:J$136) -> 0.12 | K110: =SUMIF($N$131:$N$136,$N110,K$131:K$136) -> 0.1 | ... M110: =SUMIF($N$131:$N$136,$N110,M$131:M$136) -> 0.17 | N110: 4
A111: =A26 -> 3652 | B111: =B26 -> UH | C111: =D111+E111+F111+K111+L111+M111 -> 1 | D111: =SUMIF($N$131:$N$136,$N111,D$131:D$136) -> 0.2 | E111: =SUMIF($N$131:$N$136,$N111,E$131:E$136) -> 0.25 | F111: =SUMIF($N$131:$N$136,$N111,F$131:F$136) -> 0.25 | G111: =SUMIF($N$131:$N$136,$N111,G$131:G$136) -> 0.2 | H111: =SUMIF($N$131:$N$136,$N111,H$131:H$136) -> 0.2 | I111: =SUMIF($N$131:$N$136,$N111,I$131:I$136) -> 0.2 | J111: =SUMIF($N$131:$N$136,$N111,J$131:J$136) -> 0.08 | K111: =SUMIF($N$131:$N$136,$N111,K$131:K$136) -> 0.07 | ... M111: =SUMIF($N$131:$N$136,$N111,M$131:M$136) -> 0.14 | N111: 1
A112: =A27 -> 11711 | B112: =B27 -> UHCL | C112: =D112+E112+F112+K112+L112+M112 -> 1 | D112: =SUMIF($N$131:$N$136,$N112,D$131:D$136) -> 0.3 | E112: =SUMIF($N$131:$N$136,$N112,E$131:E$136) -> 0.15 | F112: =SUMIF($N$131:$N$136,$N112,F$131:F$136) -> 0.15 | G112: =SUMIF($N$131:$N$136,$N112,G$131:G$136) -> 0.3 | H112: =SUMIF($N$131:$N$136,$N112,H$131:H$136) -> 0.3 | I112: =SUMIF($N$131:$N$136,$N112,I$131:I$136) -> 0.3 | J112: =SUMIF($N$131:$N$136,$N112,J$131:J$136) -> 0.12 | K112: =SUMIF($N$131:$N$136,$N112,K$131:K$136) -> 0.1 | ... M112: =SUMIF($N$131:$N$136,$N112,M$131:M$136) -> 0.17 | N112: 3
... A127: =A42 -> 20 | B127: =B42 -> SRRG | C127: =D127+E127+F127+K127+L127+M127 -> 1 | D127: =SUMIF($N$131:$N$136,$N127,D$131:D$136) -> 0.3 | E127: =SUMIF($N$131:$N$136,$N127,E$131:E$136) -> 0.15 | F127: =SUMIF($N$131:$N$136,$N127,F$131:F$136) -> 0.15 | G127: =SUMIF($N$131:$N$136,$N127,G$131:G$136) -> 0.3 | H127: =SUMIF($N$131:$N$136,$N127,H$131:H$136) -> 0.3 | I127: =SUMIF($N$131:$N$136,$N127,I$131:I$136) -> 0.3 | J127: =SUMIF($N$131:$N$136,$N127,J$131:J$136) -> 0.12 | K127: =SUMIF($N$131:$N$136,$N127,K$131:K$136) -> 0.1 | ... M127: =SUMIF($N$131:$N$136,$N127,M$131:M$136) -> 0.17 | N127: 5
A128: Weights by Group
C129: Total Weights | D129: Total Undergraduate Degrees | H129: Undergraduate Critical Field Degrees | I129: Math and Science Teaching Certificates | J129: At-Risk Degrees | K129: Retention Metrics | N129: SREB Carnegie 2011-12 Classification
E130: Adjusted by 6-Year Graduation Rate | F130: per 100 FTSE | G130: Cost Weighted | K130: 30 Hours | L130: 60 Hours | M130: 90 Hours
C131: 1 | D131: 0.2 | E131: 0.25 | F131: 0.25 | G131: 0.2 | H131: 0.2 | I131: 0.2 | J131: 0.08 | K131: 0.07 | L131: 0.09 | M131: 0.14 | N131: 1
C132: 1 | D132: 0.3 | E132: 0.2 | F132: 0.2 | G132: 0.3 | H132: 0.3 | I132: 0.3 | J132: 0.12 | K132: 0.07 | L132: 0.09 | M132: 0.14 | N132: 2
C133: 1 | D133: 0.3 | E133: 0.15 | F133: 0.15 | G133: 0.3 | H133: 0.3 | I133: 0.3 | J133: 0.12 | K133: 0.1 | L133: 0.13 | M133: 0.17 | N133: 3
C134: 1 | D134: 0.3 | E134: 0.15 | F134: 0.15 | G134: 0.3 | H134: 0.3 | I134: 0.3 | J134: 0.12 | K134: 0.1 | L134: 0.13 | M134: 0.17 | N134: 4
C135: 1 | D135: 0.3 | E135: 0.15 | F135: 0.15 | G135: 0.3 | H135: 0.3 | I135: 0.3 | J135: 0.12 | K135: 0.1 | L135: 0.13 | M135: 0.17 | N135: 5
C136: 1 | D136: 0.35 | E136: 0.08 | F136: 0.17 | G136: 0.35 | H136: 0.35 | I136: 0.35 | J136: 0.14 | K136: 0.1 | L136: 0.13 | M136: 0.17 | N136: 6
A137: Points Three-Year Average - Scaled
A138: FICE | B138: Name | C138: Total Points | D138: Total Undergraduate Degrees | H138: Undergraduate Critical Field Degrees | I138: Math and Science Teaching Certificates | J138: At-Risk Degrees | K138: Retention Metrics
E139: Adjusted by 6-Year Graduation Rate | F139: per 100 FTSE | G139: Cost Weighted | K139: 30 Hours | L139: 60 Hours | M139: 90 Hours
A140: Scale | D140: 1 | E140: 1 | F140: 50 | G140: 1 | H140: 1 | I140: 1 | J140: 0.4 | K140: 1 | L140: 1 | M140: 1
A141: =A5 -> 3656 | B141: =B5 -> UTA | C141: =SUM(D141:M141) -> 34784.139 | D141: =D183*D$140 -> 5018 | E141: =D183*E183*E$140 -> 2600.9967 | F141: =IFERROR(D183/F183*100*F$140,0) -> 1480.1894 | G141: =G183*G$140 -> 10418.553 | H141: =H183*H$140 -> 1531.3333 | I141: =I183*I$140 -> 35 | J141: =J183*J$140 -> 1246.4 | K141: =K183*K$140 -> 6836.3333 | L141: =L183*L$140 -> 3833.6667 | M141: =M183*M$140 -> 1783.6667
A142: =A6 -> 3658 | B142: =B6 -> UT | C142: =SUM(D142:M142) -> 66060.878 | D142: =D184*D$140 -> 8946.3333 | E142: =D184*E184*E$140 -> 7416.5103 | F142: =IFERROR(D184/F184*100*F$140,0) -> 1324.8846 | G142: =G184*G$140 -> 19398.35 | H142: =H184*H$140 -> 1876.3333 | I142: =I184*I$140 -> 66 | J142: =J184*J$140 -> 1388.1333 | K142: =K184*K$140 -> 9598.3333 | L142: =L184*L$140 -> 9005.6667 | M142: =M184*M$140 -> 7040.3333
A143: =A7 -> 9741 | B143: =B7 -> UTD | C143: =SUM(D143:M143) -> 17970.17 | D143: =D185*D$140 -> 2393 | E143: =D185*E185*E$140 -> 1682.279 | F143: =IFERROR(D185/F185*100*F$140,0) -> 1341.488 | G143: =G185*G$140 -> 5101.2033 | H143: =H185*H$140 -> 421.66667 | I143: =I185*I$140 -> 32 | J143: =J185*J$140 -> 527.86667 | K143: =K185*K$140 -> 3315 | L143: =L185*L$140 -> 2134.3333 | M143: =M185*M$140 -> 1021.3333
A144: =A8 -> 3661 | B144: =B8 -> UTEP | C144: =SUM(D144:M144) -> 23098.251 | D144: =D186*D$140 -> 3057 | E144: =D186*E186*E$140 -> 1192.23 | F144: =IFERROR(D186/F186*100*F$140,0) -> 1143.5447 | G144: =G186*G$140 -> 6298.0767 | H144: =H186*H$140 -> 655 | I144: =I186*I$140 -> 90 | J144: =J186*J$140 -> 985.73333 | K144: =K186*K$140 -> 4362.6667 | L144: =L186*L$140 -> 3358 | M144: =M186*M$140 -> 1956
A145: =A9 -> 3599 | B145: =B9 -> UTPA | C145: =SUM(D145:M145) -> 20445.105 | D145: =D187*D$140 -> 2580 | E145: =D187*E187*E$140 -> 1111.98 | F145: =IFERROR(D187/F187*100*F$140,0) -> 1024.6245 | G145: =G187*G$140 -> 5134.1667 | H145: =H187*H$140 -> 520.33333 | I145: =I187*I$140 -> 28 | J145: =J187*J$140 -> 935.33333 | K145: =K187*K$140 -> 4075.3333 | L145: =L187*L$140 -> 3096 | M145: =M187*M$140 -> 1939.3333
A146: =A10 -> 30646 | B146: =B10 -> UTB | C146: =SUM(D146:M146) -> 8041.6927 | D146: =D188*D$140 -> 1092 | E146: =D188*E188*E$140 -> 628.17092 | F146: =IFERROR(D188/F188*100*F$140,0) -> 1723.0618 | G146: =G188*G$140 -> 2097.7933 | H146: =H188*H$140 -> 124.33333 | I146: =I188*I$140 -> 18.333333 | J146: =J188*J$140 -> 374.66667 | K146: =K188*K$140 -> 1326.3333 | L146: =L188*L$140 -> 556.33333 | M146: =M188*M$140 -> 100.66667
A147: =A11 -> 9930 | B147: =B11 -> UTPB | C147: =SUM(D147:M147) -> 4610.5087 | D147: =D189*D$140 -> 533.33333 | E147: =D189*E189*E$140 -> 236.8 | F147: =IFERROR(D189/F189*100*F$140,0) -> 1156.2587 | G147: =G189*G$140 -> 1001.5167 | H147: =H189*H$140 -> 41.333333 | I147: =I189*I$140 -> 10 | J147: =J189*J$140 -> 159.6 | K147: =K189*K$140 -> 785.66667 | L147: =L189*L$140 -> 491.66667 | M147: =M189*M$140 -> 194.33333
A148: =A12 -> 10115 | B148: =B12 -> UTSA | C148: =SUM(D148:M148) -> 30858.191 | D148: =D190*D$140 -> 4119.6667 | E148: =D190*E190*E$140 -> 1737.1261 | F148: =IFERROR(D190/F190*100*F$140,0) -> 1012.0517 | G148: =G190*G$140 -> 8414.2133 | H148: =H190*H$140 -> 392 | I148: =I190*I$140 -> 49.666667 | J148: =J190*J$140 -> 1249.4667 | K148: =K190*K$140 -> 6809.6667 | L148: =L190*L$140 -> 4458.6667 | M148: =M190*M$140 -> 2615.6667
A149: =A13 -> 11163 | B149: =B13 -> UTT | C149: =SUM(D149:M149) -> 9110.357 | D149: =D191*D$140 -> 1190 | E149: =D191*E191*E$140 -> 613.64333 | F149: =IFERROR(D191/F191*100*F$140,0) -> 1462.787 | G149: =G191*G$140 -> 2362.66 | H149: =H191*H$140 -> 376.66667 | I149: =I191*I$140 -> 14 | J149: =J191*J$140 -> 376.93333 | K149: =K191*K$140 -> 1436.3333 | L149: =L191*L$140 -> 890 | M149: =M191*M$140 -> 387.33333
A150: =A14 -> 3632 | B150: =B14 -> TAMU | C150: =SUM(D150:M150) -> 66697.991 | D150: =D192*D$140 -> 8739.6667 | E150: =D192*E192*E$140 -> 7347.1464 | F150: =IFERROR(D192/F192*100*F$140,0) -> 1262.0943 | G150: =G192*G$140 -> 20104.817 | H150: =H192*H$140 -> 1763 | I150: =I192*I$140 -> 126 | J150: =J192*J$140 -> 1489.6 | K150: =K192*K$140 -> 10060.667 | L150: =L192*L$140 -> 8907.3333 | M150: =M192*M$140 -> 6897.6667
A151: =A15 -> 10298 | B151: =B15 -> TAMUG | C151: =SUM(D151:M151) -> 4843.3763 | D151: =D193*D$140*1.5 -> 413 | E151: =D193*E193*E$140*1.5 -> 259.08867 | F151: =IFERROR(D193/F193*100*F$140,0)*1.5 -> 1229.9476 | G151: =G193*G$140*1.5 -> 1056.04 | H151: =H193*H$140*1.5 -> 56 | I151: =I193*I$140*1.5 -> 0 | J151: =J193*J$140*1.5 -> 94.8 | K151: =K193*K$140*1.5 -> 888.5 | L151: =L193*L$140*1.5 -> 477 | M151: =M193*M$140*1.5 -> 369
A152: =A16 -> 3630 | B152: =B16 -> Prairie View | C152: =SUM(D152:M152) -> 8549.155 | D152: =D194*D$140 -> 936.33333 | E152: =D194*E194*E$140 -> 348.00389 | F152: =IFERROR(D194/F194*100*F$140,0) -> 791.1844 | G152: =G194*G$140 -> 2072.9 | H152: =H194*H$140 -> 315.66667 | I152: =I194*I$140 -> 9.6666667 | J152: =J194*J$140 -> 321.06667 | K152: =K194*K$140 -> 1668 | L152: =L194*L$140 -> 1181 | M152: =M194*M$140 -> 905.33333
A153: =A17 -> 3631 | B153: =B17 -> Tarleton | C153: =SUM(D153:M153) -> 11708.868 | D153: =D195*D$140 -> 1545.3333 | E153: =D195*E195*E$140 -> 738.66933 | F153: =IFERROR(D195/F195*100*F$140,0) -> 1227.9884 | G153: =G195*G$140 -> 3122.5433 | H153: =H195*H$140 -> 203 | I153: =I195*I$140 -> 47.666667 | J153: =J195*J$140 -> 478 | K153: =K195*K$140 -> 2154.3333 | L153: =L195*L$140 -> 1328.6667 | M153: =M195*M$140 -> 862.66667
A154: =A18 -> 103631 | B154: =B18 -> TAMUCT | C154: =SUM(D154:M154) -> 5746.8485 | D154: =D196*D$140 -> 460.33333 | E154: =D196*E196*E$140 -> 220.03933 | F154: =IFERROR(D196/F196*100*F$140,0) -> 3379.3925 | G154: =G196*G$140 -> 853.61667 | H154: =H196*H$140 -> 40.666667 | I154: =I196*I$140 -> 0 | J154: =J196*J$140 -> 130.8 | K154: =K196*K$140 -> 495 | L154: =L196*L$140 -> 133 | M154: =M196*M$140 -> 34
...

Sheet Option 5
A1: Option 3 - Outcomes Based Funding (FY 2010 - FY 2012 Averaged) with Total Degrees adjusted by Six-Year Graduation Rate (3-Year Rate for Upper-Levels), Total Degrees per 100 FTSE, Critical Field Degrees (weighted 2), At-Risk Degrees, Retention Metrics of 30, 60, and 90 hours, Total Degrees adjusted by Cost Based Weights, and Total Graduate Degrees. Metrics scaled for mathematical comparability, weighted by Carnegie classifications, and monetized using SREB salaries by Carnegie classifications. Funded at 10 percent of undergraduate formula funding.
A3: FICE | B3: Name | C3: Funding | D3: Total Undergraduate Degrees | H3: Master's | I3: Doctoral and Professional Practice | J3: Undergraduate Critical Field Degrees | K3: Math and Science Teaching Certificates | L3: At-Risk Degrees | M3: Retention Metrics
E4: Adjusted by 6-Year Graduation Rate | F4: per 100 FTSE | G4: Cost Weighted | M4: 30 Hours | N4: 60 Hours | O4: 90 Hours
A5: 3656 | B5: UTA | C5: =SUM(D5:O5) -> 13724594 | D5: =D48*$Q48*$C$44 -> 1823847 | E5: =E48*$Q48*$C$44 -> 1260480.9 | F5: =F48*$Q48*$C$44 -> 717321.37 | G5: =G48*$Q48*$C$44 -> 3786737.1 | H5: =H48*$Q48*$C$44 -> 3051860.3 | I5: =I48*$Q48*$C$44 -> 681691.17 | J5: =J48*$Q48*$C$44 -> 556579.84 | K5: =K48*$Q48*$C$44 -> 12721.133 | ... O5: =O48*$Q48*$C$44 -> 432195.44
A6: 3658 | B6: UT | C6: =SUM(D6:O6) -> 29593214 | D6: =D49*$Q49*$C$44 -> 3251642.7 | E6: =E49*$Q49*$C$44 -> 3594149 | F6: =F49*$Q49*$C$44 -> 642058.39 | G6: =G49*$Q49*$C$44 -> 7050542.4 | H6: =H49*$Q49*$C$44 -> 3641474.7 | I6: =I49*$Q49*$C$44 -> 6560066 | J6: =J49*$Q49*$C$44 -> 681973.87 | K6: =K49*$Q49*$C$44 -> 23988.422 | ... O6: =O49*$Q49*$C$44 -> 1705924.1
A7: 9741 | B7: UTD | C7: =SUM(D7:O7) -> 8625491.5 | D7: =D50*$Q50*$C$44 -> 869762.02 | E7: =E50*$Q50*$C$44 -> 815256.93 | F7: =F50*$Q50*$C$44 -> 650104.65 | G7: =G50*$Q50*$C$44 -> 1854088.1 | H7: =H50*$Q50*$C$44 -> 2430342.1 | I7: =I50*$Q50*$C$44 -> 885229.3 | J7: =J50*$Q50*$C$44 -> 153259.36 | K7: =K50*$Q50*$C$44 -> 11630.75 | ... O7: =O50*$Q50*$C$44 -> 247476.51
A8: 3661 | B8: UTEP | C8: =SUM(D8:O8) -> 7809298.2 | D8: =D51*$Q51*$C$44 -> 1420434.4 | E8: =E51*$Q51*$C$44 -> 332381.64 | F8: =F51*$Q51*$C$44 -> 318808.68 | G8: =G51*$Q51*$C$44 -> 2926399.9 | H8: =H51*$Q51*$C$44 -> 958107.83 | I8: =I51*$Q51*$C$44 -> 261442.94 | J8: =J51*$Q51*$C$44 -> 304345.6 | K8: =K51*$Q51*$C$44 -> 41818.479 | ... O8: =O51*$Q51*$C$44 -> 363541.98
A9: 3599 | B9: UTPA | C9: =SUM(D9:O9) -> 6169066.2 | D9: =D52*$Q52*$C$44 -> 1111224.1 | E9: =E52*$Q52*$C$44 -> 191575.04 | F9: =F52*$Q52*$C$44 -> 176525.19 | G9: =G52*$Q52*$C$44 -> 2211321.6 | H9: =H52*$Q52*$C$44 -> 616198.17 | I9: =I52*$Q52*$C$44 -> 42496.426 | J9: =J52*$Q52*$C$44 -> 224111.22 | K9: =K52*$Q52*$C$44 -> 12059.797 | ... O9: =O52*$Q52*$C$44 -> 467759.31
A10: 30646 | B10: UTB | C10: =SUM(D10:O10) -> 2362017.3 | D10: =D53*$Q53*$C$44 -> 470332.06 | E10: =E53*$Q53*$C$44 -> 108223.05 | F10: =F53*$Q53*$C$44 -> 296853.93 | G10: =G53*$Q53*$C$44 -> 903534.31 | H10: =H53*$Q53*$C$44 -> 183768.33 | I10: =I53*$Q53*$C$44 -> 16079.729 | J10: =J53*$Q53*$C$44 -> 53551.239 | K10: =K53*$Q53*$C$44 -> 7896.2953 | ... O10: =O53*$Q53*$C$44 -> 24280.39
A11: 9930 | B11: UTPB | C11: =SUM(D11:O11) -> 1298998.1 | D11: =D54*$Q54*$C$44 -> 229710.41 | E11: =E54*$Q54*$C$44 -> 40796.569 | F11: =F54*$Q54*$C$44 -> 199203.5 | G11: =G54*$Q54*$C$44 -> 431360.26 | H11: =H54*$Q54*$C$44 -> 135529.14 | I11: =I54*$Q54*$C$44 -> 0 | J11: =J54*$Q54*$C$44 -> 17802.557 | K11: =K54*$Q54*$C$44 -> 4307.0702 | ... O11: =O54*$Q54*$C$44 -> 46872.409
A12: 10115 | B12: UTSA | C12: =SUM(D12:O12) -> 9730107 | D12: =D55*$Q55*$C$44 -> 1914202.2 | E12: =E55*$Q55*$C$44 -> 484293.15 | F12: =F55*$Q55*$C$44 -> 282149.76 | G12: =G55*$Q55*$C$44 -> 3909662.3 | H12: =H55*$Q55*$C$44 -> 956249.23 | I12: =I55*$Q55*$C$44 -> 256486.67 | J12: =J55*$Q55*$C$44 -> 182142.71 | K12: =K55*$Q55*$C$44 -> 23077.605 | ... O12: =O55*$Q55*$C$44 -> 486147.57
A13: 11163 | B13: UTT | C13: =SUM(D13:O13) -> 2880410.1 | D13: =D56*$Q56*$C$44 -> 512541.35 | E13: =E56*$Q56*$C$44 -> 105720.2 | F13: =F56*$Q56*$C$44 -> 252013.06 | G13: =G56*$Q56*$C$44 -> 1017614.2 | H13: =H56*$Q56*$C$44 -> 341119.96 | I13: =I56*$Q56*$C$44 -> 22971.041 | J13: =J56*$Q56*$C$44 -> 162232.98 | K13: =K56*$Q56*$C$44 -> 6029.8983 | ... O13: =O56*$Q56*$C$44 -> 93423.224
A14: 3632 | B14: TAMU | C14: =SUM(D14:O14) -> 25712955 | D14: =D57*$Q57*$C$44 -> 3176527.4 | E14: =E57*$Q57*$C$44 -> 3560534.3 | F14: =F57*$Q57*$C$44 -> 611629.31 | G14: =G57*$Q57*$C$44 -> 7307315.4 | H14: =H57*$Q57*$C$44 -> 2579361.1 | I14: =I57*$Q57*$C$44 -> 3632994 | J14: =J57*$Q57*$C$44 -> 640781.63 | K14: =K57*$Q57*$C$44 -> 45796.078 | ... O14: =O57*$Q57*$C$44 -> 1671354.9
A15: 10298 | B15: TAMUG | C15: =SUM(D15:O15) -> 2151971 | D15: =D58*$Q58*$C$44 -> 310664.48 | E15: =E58*$Q58*$C$44 -> 32481.698 | F15: =F58*$Q58*$C$44 -> 462592.05 | G15: =G58*$Q58*$C$44 -> 794368.33 | H15: =H58*$Q58*$C$44 -> 20685.892 | I15: =I58*$Q58*$C$44 -> 0 | J15: =J58*$Q58*$C$44 -> 42123.998 | K15: =K58*$Q58*$C$44 -> 0 | ... O15: =O58*$Q58*$C$44 -> 138783.53
A16: 3630 | B16: Prairie View | C16: =SUM(D16:O16) -> 2767597.8 | D16: =D59*$Q59*$C$44 -> 403285.34 | E16: =E59*$Q59*$C$44 -> 59955.087 | F16: =F59*$Q59*$C$44 -> 136307.47 | G16: =G59*$Q59*$C$44 -> 892812.58 | H16: =H59*$Q59*$C$44 -> 439608.3 | I16: =I59*$Q59*$C$44 -> 45942.082 | J16: =J59*$Q59*$C$44 -> 135959.85 | K16: =K59*$Q59*$C$44 -> 4163.5012 | ... O16: =O59*$Q59*$C$44 -> 218362.72
... A42: 20 | B42: SRRG | C42: =SUM(D42:O42) -> 650408.71 | D42: =D85*$Q85*$C$44 -> 70176.119 | E42: =E85*$Q85*$C$44 -> 8918.7584 | F42: =F85*$Q85*$C$44 -> 317714.71 | G42: =G85*$Q85*$C$44 -> 121181.86 | H42: =H85*$Q85*$C$44 -> 64822.476 | I42: =I85*$Q85*$C$44 -> 0 | J42: =J85*$Q85*$C$44 -> 2749.1675 | K42: =K85*$Q85*$C$44 -> 2459.7815 | ... O42: =O85*$Q85*$C$44 -> 1128.6056
B43: Total | C43: =SUM(C5:C42) -> 2.35e+08 | D43: =SUM(D5:D42) -> 34180716 | E43: =SUM(E5:E42) -> 17813921 | F43: =SUM(F5:F42) -> 12560468 | G43: =SUM(G5:G42) -> 69742169 | H43: =SUM(H5:H42) -> 32506936 | I43: =SUM(I5:I42) -> 22226871 | J43: =SUM(J5:J42) -> 5605684.7 | ... O43: =SUM(O5:O42) -> 12087584
C44: =235000000/R86 -> 0.026864221 | D44: Percent Funded
A45: Points Three-Year Average - Scaled and Weighted
A46: FICE | B46: Name | C46: Total Points | D46: Total Undergraduate Degrees | H46: =H3 -> Master's | I46: =I3 -> Doctoral and Professional Practice | J46: Undergraduate Critical Field Degrees | K46: Math and Science Teaching Certificates | L46: At-Risk Degrees | M46: Retention Metrics | P46: SREB Carnegie 2011-12 Classification | Q46: Texas SREB Carnegie Salaries 2011-2012 | R46: Texas SREB Carnegie Salary Times Total Points
E47: Adjusted by 6-Year Graduation Rate | F47: per 100 FTSE | G47: Cost Weighted | M47: 30 Hours | N47: 60 Hours | O47: 90 Hours
A48: =A5 -> 3656 | B48: =B5 -> UTA | C48: =SUM(D48:O48) -> 5664.1275 | D48: =D90*D141 -> 752.7 | E48: =E90*E141 -> 520.19933 | F48: =F90*F141 -> 296.03788 | G48: =G90*G141 -> 1562.783 | H48: =H90*H141 -> 1259.5 | I48: =I90*I141 -> 281.33333 | J48: =J90*J141 -> 229.7 | K48: =K90*K141 -> 5.25 | ... O48: =O90*O141 -> 178.36667 | P48: 1 | Q48: 90197.028 | R48: =Q48*C48 -> 5.1088747e+08
A49: =A6 -> 3658 | B49: =B6 -> UT | C49: =SUM(D49:O49) -> 12213.093 | D49: =D91*D142 -> 1341.95 | E49: =E91*E142 -> 1483.3021 | F49: =F91*F142 -> 264.97692 | G49: =G91*G142 -> 2909.7525 | H49: =H91*H142 -> 1502.8333 | I49: =I91*I142 -> 2707.3333 | J49: =J91*J142 -> 281.45 | K49: =K91*K142 -> 9.9 | ... O49: =O91*O142 -> 704.03333 | P49: 1 | Q49: 90197.028 | R49: =Q49*C49 -> 1.1015847e+09
A50: =A7 -> 9741 | B50: =B7 -> UTD | C50: =SUM(D50:O50) -> 3559.7326 | D50: =D92*D143 -> 358.95 | E50: =E92*E143 -> 336.4558 | F50: =F92*F143 -> 268.29761 | G50: =G92*G143 -> 765.1805 | H50: =H92*H143 -> 1003 | I50: =I92*I143 -> 365.33333 | J50: =J92*J143 -> 63.25 | K50: =K92*K143 -> 4.8 | ... O50: =O92*O143 -> 102.13333 | P50: 1 | Q50: 90197.028 | R50: =Q50*C50 -> 3.210773e+08
A51: =A8 -> 3661 | B51: =B8 -> UTEP | C51: =SUM(D51:O51) -> 4201.712 | D51: =D93*D144 -> 764.25 | E51: =E93*E144 -> 178.8345 | F51: =F93*F144 -> 171.53171 | G51: =G93*G144 -> 1574.5192 | H51: =H93*H144 -> 515.5 | I51: =I93*I144 -> 140.66667 | J51: =J93*J144 -> 163.75 | K51: =K93*K144 -> 22.5 | ... O51: =O93*O144 -> 195.6 | P51: 2 | Q51: 69184.924 | R51: =Q51*C51 -> 2.9069513e+08
A52: =A9 -> 3599 | B52: =B9 -> UTPA | C52: =SUM(D52:O52) -> 3580.7788 | D52: =D94*D145 -> 645 | E52: =E94*E145 -> 111.198 | F52: =F94*F145 -> 102.46245 | G52: =G94*G145 -> 1283.5417 | H52: =H94*H145 -> 357.66667 | I52: =I94*I145 -> 24.666667 | J52: =J94*J145 -> 130.08333 | K52: =K94*K145 -> 7 | ... O52: =O94*O145 -> 271.50667 | P52: 3 | Q52: 64130.952 | R52: =Q52*C52 -> 2.2963875e+08
A53: =A10 -> 30646 | B53: =B10 -> UTB | C53: =SUM(D53:O53) -> 1371.0116 | D53: =D95*D146 -> 273 | E53: =E95*E146 -> 62.817092 | F53: =F95*F146 -> 172.30618 | G53: =G95*G146 -> 524.44833 | H53: =H95*H146 -> 106.66667 | I53: =I95*I146 -> 9.3333333 | J53: =J95*J146 -> 31.083333 | K53: =K95*K146 -> 4.5833333 | ... O53: =O95*O146 -> 14.093333 | P53: 3 | Q53: 64130.952 | R53: =Q53*C53 -> 87924280
A54: =A11 -> 9930 | B54: =B11 -> UTPB | C54: =SUM(D54:O54) -> 753.99171 | D54: =D96*D147 -> 133.33333 | E54: =E96*E147 -> 23.68 | F54: =F96*F147 -> 115.62587 | G54: =G96*G147 -> 250.37917 | H54: =H96*H147 -> 78.666667 | I54: =I96*I147 -> 0 | J54: =J96*J147 -> 10.333333 | K54: =K96*K147 -> 2.5 | ... O54: =O96*O147 -> 27.206667 | P54: 3 | Q54: 64130.952 | R54: =Q54*C54 -> 48354206
A55: =A12 -> 10115 | B55: =B12 -> UTSA | C55: =SUM(D55:O55) -> 5235.1833 | D55: =D97*D148 -> 1029.9167 | E55: =E97*E148 -> 260.56892 | F55: =F97*F148 -> 151.80776 | G55: =G97*G148 -> 2103.5533 | H55: =H97*H148 -> 514.5 | I55: =I97*I148 -> 138 | J55: =J97*J148 -> 98 | K55: =K97*K148 -> 12.416667 | ... O55: =O97*O148 -> 261.56667 | P55: 2 | Q55: 69184.924 | R55: =Q55*C55 -> 3.6219576e+08
A56: =A13 -> 11163 | B56: =B13 -> UTT | C56: =SUM(D56:O56) -> 1671.908 | D56: =D98*D149 -> 297.5 | E56: =E98*E149 -> 61.364333 | F56: =F98*F149 -> 146.2787 | G56: =G98*G149 -> 590.665 | H56: =H98*H149 -> 198 | I56: =I98*I149 -> 13.333333 | J56: =J98*J149 -> 94.166667 | K56: =K98*K149 -> 3.5 | ... O56: =O98*O149 -> 54.226667 | P56: 3 | Q56: 64130.952 | R56: =Q56*C56 -> 1.0722105e+08
A57: =A14 -> 3632 | B57: =B14 -> TAMU | C57: =SUM(D57:O57) -> 10611.713 | D57: =D99*D150 -> 1310.95 | E57: =E99*E150 -> 1469.4293 | F57: =F99*F150 -> 252.41887 | G57: =G99*G150 -> 3015.7225 | H57: =H99*H150 -> 1064.5 | I57: =I99*I150 -> 1499.3333 | J57: =J99*J150 -> 264.45 | K57: =K99*K150 -> 18.9 | ... O57: =O99*O150 -> 689.76667 | P57: 1 | Q57: 90197.028 | R57: =Q57*C57 -> 9.57145e+08
A58: =A15 -> 10298 | B58: =B15 -> TAMUG | C58: =SUM(D58:O58) -> 1287.3819 | D58: =D100*D151 -> 185.85 | E58: =E100*E151 -> 19.43165 | F58: =F100*F151 -> 276.73821 | G58: =G100*G151 -> 475.218 | H58: =H100*H151 -> 12.375 | I58: =I100*I151 -> 0 | J58: =J100*J151 -> 25.2 | K58: =K100*K151 -> 0 | ... O58: =O100*O151 -> 83.025 | P58: 6 | Q58: 62223.55 | R58: =Q58*C58 -> 80105470
A59: =A16 -> 3630 | B59: =B16 -> Prairie View | C59: =SUM(D59:O59) -> 1606.4272 | D59: =D101*D152 -> 234.08333 | E59: =E101*E152 -> 34.800389 | F59: =F101*F152 -> 79.11844 | G59: =G101*G152 -> 518.225 | H59: =H101*H152 -> 255.16667 | I59: =I101*I152 -> 26.666667 | J59: =J101*J152 -> 78.916667 | K59: =K101*K152 -> 2.4166667 | ... O59: =O101*O152 -> 126.74667 | P59: 3 | Q59: 64130.952 | R59: =Q59*C59 -> 1.030217e+08
... A74: =A31 -> 3594 | B74: =B31 -> UNT | C74: =SUM(D74:O74) -> 6071.9636 | D74: =D116*D167 -> 902.5 | E74: =E116*E167 -> 693.52111 | F74: =F116*F167 -> 258.86945 | G74: =G116*G167 -> 1711.733 | H74: =H116*H167 -> 915.16667 | I74: =I116*I167 -> 454.66667 | J74: =J116*J167 -> 50.5 | K74: =K116*K167 -> 6.5 | ... O74: =O116*O167 -> 333.7 | P74: 1 | Q74: 90197.028 | R74: =Q74*C74 -> 5.4767307e+08
A75: =A32 -> 113594 | B75: =B32 -> UNTD | C75: =SUM(D75:O75) -> 731.19156 | D75: =D117*D168 -> 121.05 | E75: =E117*E168 -> 11.651063 | F75: =F117*F168 -> 319.8545 | G75: =G117*G168 -> 211.758 | H75: =H117*H168 -> 0 | I75: =I117*I168 -> 0 | J75: =J117*J168 -> 3.6 | K75: =K117*K168 -> 0 | ... O75: =O117*O168 -> 1.65 | P75: NR | Q75: 62223.55 | R75: =Q75*C75 -> 45497335
A76: =A33 -> 3624 | B76: =B33 -> SFA | C76: =SUM(D76:O76) -> 2564.7989 | D76: =D118*D169 -> 480.41667 | E76: =E118*E169 -> 106.46033 | F76: =F118*F169 -> 101.28772 | G76: =G118*G169 -> 930.43417 | H76: =H118*H169 -> 219.33333 | I76: =I118*I169 -> 26 | J76: =J118*J169 -> 62 | K76: =K118*K169 -> 11.166667 | ... O76: =O118*O169 -> 195.62667 | P76: 3 | Q76: 64130.952 | R76: =Q76*C76 -> 1.6448299e+08
A77: =A34 -> 3642 | B77: =B34 -> TSU | C77: =SUM(D77:O77) -> 1717.9831 | D77: =D119*D170 -> 189.58333 | E77: =E119*E170 -> 10.894722 | F77: =F119*F170 -> 64.668405 | G77: =G119*G170 -> 372.16333 | H77: =H119*H170 -> 116.66667 | I77: =I119*I170 -> 572.66667 | J77: =J119*J170 -> 33.583333 | K77: =K119*K170 -> 0.75 | ... O77: =O119*O170 -> 118.81333 | P77: 3 | Q77: 64130.952 | R77: =Q77*C77 -> 1.1017589e+08
A78: =A35 -> 3644 | B78: =B35 -> TTU | C78: =SUM(D78:O78) -> 5882.0884 | D78: =D120*D171 -> 701.1 | E78: =E120*E171 -> 684.2736 | F78: =F120*F171 -> 210.61243 | G78: =G120*G171 -> 1519.217 | H78: =H120*H171 -> 687.83333 | I78: =I120*I171 -> 924 | J78: =J120*J171 -> 109.1 | K78: =K120*K171 -> 8.6 | ... O78: =O120*O171 -> 394.56667 | P78: 1 | Q78: 90197.028 | R78: =Q78*C78 -> 5.3054689e+08
A79: =A36 -> 3541 | B79: =B36 -> Angelo | C79: =SUM(D79:O79) -> 1384.2236 | D79: =D121*D172 -> 247.83333 | E79: =E121*E172 -> 42.594289 | F79: =F121*F172 -> 101.5285 | G79: =G121*G172 -> 494.3375 | H79: =H121*H172 -> 99.166667 | I79: =I121*I172 -> 12.666667 | J79: =J121*J172 -> 63.583333 | K79: =K121*K172 -> 4.8333333 | ... O79: =O121*O172 -> 99.073333 | P79: 3 | Q79: 64130.952 | R79: =Q79*C79 -> 88771579
A80: =A37 -> 3646 | B80: =B37 -> TWU | C80: =SUM(D80:O80) -> 3298.4742 | D80: =D122*D173 -> 451.5 | E80: =E122*E173 -> 141.8613 | F80: =F122*F173 -> 206.59203 | G80: =G122*G173 -> 863.04417 | H80: =H122*H173 -> 764 | I80: =I122*I173 -> 440 | J80: =J122*J173 -> 142.33333 | K80: =K122*K173 -> 7.9166667 | ... O80: =O122*O173 -> 65.966667 | P80: 2 | Q80: 69184.924 | R80: =Q80*C80 -> 2.2820468e+08
A81: =A38 -> 3581 | B81: =B38 -> Lamar | C81: =SUM(D81:O81) -> 2865.5975 | D81: =D123*D174 -> 333.83333 | E81: =E123*E174 -> 46.781178 | F81: =F123*F174 -> 91.774646 | G81: =G123*G174 -> 671.225 | H81: =H123*H174 -> 1116.8333 | I81: =I123*I174 -> 61.333333 | J81: =J123*J174 -> 82.5 | K81: =K123*K174 -> 4.25 | ... O81: =O123*O174 -> 141.54 | P81: 3 | Q81: 64130.952 | R81: =Q81*C81 -> 1.837735e+08
A82: =A39 -> 3606 | B82: =B39 -> SHSU | C82: =SUM(D82:O82) -> 3961.7272 | D82: =D124*D175 -> 769.41667 | E82: =E124*E175 -> 180.55644 | F82: =F124*F175 -> 122.37827 | G82: =G124*G175 -> 1459.2692 | H82: =H124*H175 -> 420.83333 | I82: =I124*I175 -> 86.666667 | J82: =J124*J175 -> 41.75 | K82: =K124*K175 -> 15.25 | ... O82: =O124*O175 -> 246.86667 | P82: 3 | Q82: 64130.952 | R82: =Q82*C82 -> 2.5406934e+08
A83: =A40 -> 3615 | B83: =B40 -> TXST | C83: =SUM(D83:O83) -> 6926.0233 | D83: =D125*D176 -> 1340.25 | E83: =E125*E176 -> 339.3513 | F83: =F125*F176 -> 117.03446 | G83: =G125*G176 -> 2609.3275 | H83: =H125*H176 -> 654.33333 | I83: =I125*I176 -> 109.33333 | J83: =J125*J176 -> 122.16667 | K83: =K125*K176 -> 16.666667 | ... O83: =O125*O176 -> 464.42667 | P83: 3 | Q83: 64130.952 | R83: =Q83*C83 -> 4.4417247e+08
A84: =A41 -> 3625 | B84: =B41 -> SRSU | C84: =SUM(D84:O84) -> 385.44565 | D84: =D126*D177 -> 47.333333 | E84: =E126*E177 -> 5.6989333 | F84: =F126*F177 -> 77.594215 | G84: =G126*G177 -> 98.5825 | H84: =H126*H177 -> 89.166667 | I84: =I126*I177 -> 0 | J84: =J126*J177 -> 3.1666667 | K84: =K126*K177 -> 1.5833333 | ... O84: =O126*O177 -> 18.433333 | P84: 3 | Q84: 64130.952 | R84: =Q84*C84 -> 24718996
A85: =A42 -> 20 | B85: =B42 -> SRRG | C85: =SUM(D85:O85) -> 374.59114 | D85: =D127*D178 -> 40.416667 | E85: =E127*E178 -> 5.1365977 | F85: =F127*F178 -> 182.98204 | G85: =G127*G178 -> 69.7925 | H85: =H127*H178 -> 37.333333 | I85: =I127*I178 -> 0 | J85: =J127*J178 -> 1.5833333 | K85: =K127*K178 -> 1.4166667 | ... O85: =O127*O178 -> 0.65 | P85: 5 | Q85: 64633.042 | R85: =Q85*C85 -> 24210965
B86: Total | C86: =SUM(C48:C85) -> 114457.73 | D86: =SUM(D48:D85) -> 17127.517 | E86: =SUM(E48:E85) -> 7954.4926 | F86: =SUM(F48:F85) -> 6448.0857 | G86: =SUM(G48:G85) -> 34735.506 | H86: =SUM(H48:H85) -> 15674.431 | I86: =SUM(I48:I85) -> 9680.6667 | J86: =SUM(J48:J85) -> 2765.4667 | ... O86: =SUM(O48:O85) -> 5864.9317 | R86: =SUM(R48:R85) -> 8.7476945e+09
A87: Weights
A88: FICE | B88: Name | C88: Total Weights | D88: Total Undergraduate Degrees | H88: =H3 -> Master's | I88: =I3 -> Doctoral and Professional Practice | J88: Undergraduate Critical Field Degrees | K88: Math and Science Teaching Certificates | L88: At-Risk Degrees | M88: Retention Metrics | P88: SREB Carnegie 2011-12 Classification
E89: Adjusted by 6-Year Graduation Rate | F89: per 100 FTSE | G89: Cost Weighted | M89: 30 Hours | N89: 60 Hours | O89: 90 Hours
A90: =A5 -> 3656 | B90: =B5 -> UTA | C90: =D90+E90+F90+M90+H90+I90+N90+O90 -> 1 | D90: =SUMIF($P$131:$P$136,$P90,D$131:D$136) -> 0.15 | E90: =SUMIF($P$131:$P$136,$P90,E$131:E$136) -> 0.2 | F90: =SUMIF($P$131:$P$136,$P90,F$131:F$136) -> 0.2 | G90: =SUMIF($P$131:$P$136,$P90,G$131:G$136) -> 0.15 | H90: =SUMIF($P$131:$P$136,$P90,H$131:H$136) -> 0.15 | I90: =SUMIF($P$131:$P$136,$P90,I$131:I$136) -> 0.1 | J90: =SUMIF($P$131:$P$136,$P90,J$131:J$136) -> 0.15 | K90: =SUMIF($P$131:$P$136,$P90,K$131:K$136) -> 0.15 | ... O90: =SUMIF($P$131:$P$136,$P90,O$131:O$136) -> 0.1 | P90: 1
A91: =A6 -> 3658 | B91: =B6 -> UT | C91: =D91+E91+F91+M91+H91+I91+N91+O91 -> 1 | D91: =SUMIF($P$131:$P$136,$P91,D$131:D$136) -> 0.15 | E91: =SUMIF($P$131:$P$136,$P91,E$131:E$136) -> 0.2 | F91: =SUMIF($P$131:$P$136,$P91,F$131:F$136) -> 0.2 | G91: =SUMIF($P$131:$P$136,$P91,G$131:G$136) -> 0.15 | H91: =SUMIF($P$131:$P$136,$P91,H$131:H$136) -> 0.15 | I91: =SUMIF($P$131:$P$136,$P91,I$131:I$136) -> 0.1 | J91: =SUMIF($P$131:$P$136,$P91,J$131:J$136) -> 0.15 | K91: =SUMIF($P$131:$P$136,$P91,K$131:K$136) -> 0.15 | ... O91: =SUMIF($P$131:$P$136,$P91,O$131:O$136) -> 0.1 | P91: 1
A92: =A7 -> 9741 | B92: =B7 -> UTD | C92: =D92+E92+F92+M92+H92+I92+N92+O92 -> 1 | D92: =SUMIF($P$131:$P$136,$P92,D$131:D$136) -> 0.15 | E92: =SUMIF($P$131:$P$136,$P92,E$131:E$136) -> 0.2 | F92: =SUMIF($P$131:$P$136,$P92,F$131:F$136) -> 0.2 | G92: =SUMIF($P$131:$P$136,$P92,G$131:G$136) -> 0.15 | H92: =SUMIF($P$131:$P$136,$P92,H$131:H$136) -> 0.15 | I92: =SUMIF($P$131:$P$136,$P92,I$131:I$136) -> 0.1 | J92: =SUMIF($P$131:$P$136,$P92,J$131:J$136) -> 0.15 | K92: =SUMIF($P$131:$P$136,$P92,K$131:K$136) -> 0.15 | ... O92: =SUMIF($P$131:$P$136,$P92,O$131:O$136) -> 0.1 | P92: 1
A93: =A8 -> 3661 | B93: =B8 -> UTEP | C93: =D93+E93+F93+M93+H93+I93+N93+O93 -> 1 | D93: =SUMIF($P$131:$P$136,$P93,D$131:D$136) -> 0.25 | E93: =SUMIF($P$131:$P$136,$P93,E$131:E$136) -> 0.15 | F93: =SUMIF($P$131:$P$136,$P93,F$131:F$136) -> 0.15 | G93: =SUMIF($P$131:$P$136,$P93,G$131:G$136) -> 0.25 | H93: =SUMIF($P$131:$P$136,$P93,H$131:H$136) -> 0.15 | I93: =SUMIF($P$131:$P$136,$P93,I$131:I$136) -> 0.1 | J93: =SUMIF($P$131:$P$136,$P93,J$131:J$136) -> 0.25 | K93: =SUMIF($P$131:$P$136,$P93,K$131:K$136) -> 0.25 | ... O93: =SUMIF($P$131:$P$136,$P93,O$131:O$136) -> 0.1 | P93: 2
A94: =A9 -> 3599 | B94: =B9 -> UTPA | C94: =D94+E94+F94+M94+H94+I94+N94+O94 -> 1 | D94: =SUMIF($P$131:$P$136,$P94,D$131:D$136) -> 0.25 | E94: =SUMIF($P$131:$P$136,$P94,E$131:E$136) -> 0.1 | F94: =SUMIF($P$131:$P$136,$P94,F$131:F$136) -> 0.1 | G94: =SUMIF($P$131:$P$136,$P94,G$131:G$136) -> 0.25 | H94: =SUMIF($P$131:$P$136,$P94,H$131:H$136) -> 0.15 | I94: =SUMIF($P$131:$P$136,$P94,I$131:I$136) -> 0.1 | J94: =SUMIF($P$131:$P$136,$P94,J$131:J$136) -> 0.25 | K94: =SUMIF($P$131:$P$136,$P94,K$131:K$136) -> 0.25 | ... O94: =SUMIF($P$131:$P$136,$P94,O$131:O$136) -> 0.14 | P94: 3
A95: =A10 -> 30646 | B95: =B10 -> UTB | C95: =D95+E95+F95+M95+H95+I95+N95+O95 -> 1 | D95: =SUMIF($P$131:$P$136,$P95,D$131:D$136) -> 0.25 | E95: =SUMIF($P$131:$P$136,$P95,E$131:E$136) -> 0.1 | F95: =SUMIF($P$131:$P$136,$P95,F$131:F$136) -> 0.1 | G95: =SUMIF($P$131:$P$136,$P95,G$131:G$136) -> 0.25 | H95: =SUMIF($P$131:$P$136,$P95,H$131:H$136) -> 0.15 | I95: =SUMIF($P$131:$P$136,$P95,I$131:I$136) -> 0.1 | J95: =SUMIF($P$131:$P$136,$P95,J$131:J$136) -> 0.25 | K95: =SUMIF($P$131:$P$136,$P95,K$131:K$136) -> 0.25 | ... O95: =SUMIF($P$131:$P$136,$P95,O$131:O$136) -> 0.14 | P95: 3
A96: =A11 -> 9930 | B96: =B11 -> UTPB | C96: =D96+E96+F96+M96+H96+I96+N96+O96 -> 1 | D96: =SUMIF($P$131:$P$136,$P96,D$131:D$136) -> 0.25 | E96: =SUMIF($P$131:$P$136,$P96,E$131:E$136) -> 0.1 | F96: =SUMIF($P$131:$P$136,$P96,F$131:F$136) -> 0.1 | G96: =SUMIF($P$131:$P$136,$P96,G$131:G$136) -> 0.25 | H96: =SUMIF($P$131:$P$136,$P96,H$131:H$136) -> 0.15 | I96: =SUMIF($P$131:$P$136,$P96,I$131:I$136) -> 0.1 | J96: =SUMIF($P$131:$P$136,$P96,J$131:J$136) -> 0.25 | K96: =SUMIF($P$131:$P$136,$P96,K$131:K$136) -> 0.25 | ... O96: =SUMIF($P$131:$P$136,$P96,O$131:O$136) -> 0.14 | P96: 3
A97: =A12 -> 10115 | B97: =B12 -> UTSA | C97: =D97+E97+F97+M97+H97+I97+N97+O97 -> 1 | D97: =SUMIF($P$131:$P$136,$P97,D$131:D$136) -> 0.25 | E97: =SUMIF($P$131:$P$136,$P97,E$131:E$136) -> 0.15 | F97: =SUMIF($P$131:$P$136,$P97,F$131:F$136) -> 0.15 | G97: =SUMIF($P$131:$P$136,$P97,G$131:G$136) -> 0.25 | H97: =SUMIF($P$131:$P$136,$P97,H$131:H$136) -> 0.15 | I97: =SUMIF($P$131:$P$136,$P97,I$131:I$136) -> 0.1 | J97: =SUMIF($P$131:$P$136,$P97,J$131:J$136) -> 0.25 | K97: =SUMIF($P$131:$P$136,$P97,K$131:K$136) -> 0.25 | ... O97: =SUMIF($P$131:$P$136,$P97,O$131:O$136) -> 0.1 | P97: 2
A98: =A13 -> 11163 | B98: =B13 -> UTT | C98: =D98+E98+F98+M98+H98+I98+N98+O98 -> 1 | D98: =SUMIF($P$131:$P$136,$P98,D$131:D$136) -> 0.25 | E98: =SUMIF($P$131:$P$136,$P98,E$131:E$136) -> 0.1 | F98: =SUMIF($P$131:$P$136,$P98,F$131:F$136) -> 0.1 | G98: =SUMIF($P$131:$P$136,$P98,G$131:G$136) -> 0.25 | H98: =SUMIF($P$131:$P$136,$P98,H$131:H$136) -> 0.15 | I98: =SUMIF($P$131:$P$136,$P98,I$131:I$136) -> 0.1 | J98: =SUMIF($P$131:$P$136,$P98,J$131:J$136) -> 0.25 | K98: =SUMIF($P$131:$P$136,$P98,K$131:K$136) -> 0.25 | ... O98: =SUMIF($P$131:$P$136,$P98,O$131:O$136) -> 0.14 | P98: 3
A99: =A14 -> 3632 | B99: =B14 -> TAMU | C99: =D99+E99+F99+M99+H99+I99+N99+O99 -> 1 | D99: =SUMIF($P$131:$P$136,$P99,D$131:D$136) -> 0.15 | E99: =SUMIF($P$131:$P$136,$P99,E$131:E$136) -> 0.2 | F99: =SUMIF($P$131:$P$136,$P99,F$131:F$136) -> 0.2 | G99: =SUMIF($P$131:$P$136,$P99,G$131:G$136) -> 0.15 | H99: =SUMIF($P$131:$P$136,$P99,H$131:H$136) -> 0.15 | I99: =SUMIF($P$131:$P$136,$P99,I$131:I$136) -> 0.1 | J99: =SUMIF($P$131:$P$136,$P99,J$131:J$136) -> 0.15 | K99: =SUMIF($P$131:$P$136,$P99,K$131:K$136) -> 0.15 | ... O99: =SUMIF($P$131:$P$136,$P99,O$131:O$136) -> 0.1 | P99: 1
A100: =A15 -> 10298 | B100: =B15 -> TAMUG | C100: =D100+E100+F100+M100+H100+I100+N100+O100 -> 1.5 | D100: =SUMIF($P$131:$P$136,$P100,D$131:D$136)*1.5 -> 0.45 | E100: =SUMIF($P$131:$P$136,$P100,E$131:E$136)*1.5 -> 0.075 | F100: =SUMIF($P$131:$P$136,$P100,F$131:F$136)*1.5 -> 0.225 | G100: =SUMIF($P$131:$P$136,$P100,G$131:G$136)*1.5 -> 0.45 | H100: =SUMIF($P$131:$P$136,$P100,H$131:H$136)*1.5 -> 0.225 | I100: =SUMIF($P$131:$P$136,$P100,I$131:I$136)*1.5 -> 0 | J100: =SUMIF($P$131:$P$136,$P100,J$131:J$136)*1.5 -> 0.45 | K100: =SUMIF($P$131:$P$136,$P100,K$131:K$136)*1.5 -> 0.45 | ... O100: =SUMIF($P$131:$P$136,$P100,O$131:O$136)*1.5 -> 0.225 | P100: 6
A101: =A16 -> 3630 | B101: =B16 -> Prairie View | C101: =D101+E101+F101+M101+H101+I101+N101+O101 -> 1 | D101: =SUMIF($P$131:$P$136,$P101,D$131:D$136) -> 0.25 | E101: =SUMIF($P$131:$P$136,$P101,E$131:E$136) -> 0.1 | F101: =SUMIF($P$131:$P$136,$P101,F$131:F$136) -> 0.1 | G101: =SUMIF($P$131:$P$136,$P101,G$131:G$136) -> 0.25 | H101: =SUMIF($P$131:$P$136,$P101,H$131:H$136) -> 0.15 | I101: =SUMIF($P$131:$P$136,$P101,I$131:I$136) -> 0.1 | J101: =SUMIF($P$131:$P$136,$P101,J$131:J$136) -> 0.25 | K101: =SUMIF($P$131:$P$136,$P101,K$131:K$136) -> 0.25 | ... O101: =SUMIF($P$131:$P$136,$P101,O$131:O$136) -> 0.14 | P101: 3
A102: =A17 -> 3631 | B102: =B17 -> Tarleton | C102: =D102+E102+F102+M102+H102+I102+N102+O102 -> 1 | D102: =SUMIF($P$131:$P$136,$P102,D$131:D$136) -> 0.25 | E102: =SUMIF($P$131:$P$136,$P102,E$131:E$136) -> 0.1 | F102: =SUMIF($P$131:$P$136,$P102,F$131:F$136) -> 0.1 | G102: =SUMIF($P$131:$P$136,$P102,G$131:G$136) -> 0.25 | H102: =SUMIF($P$131:$P$136,$P102,H$131:H$136) -> 0.15 | I102: =SUMIF($P$131:$P$136,$P102,I$131:I$136) -> 0.1 | J102: =SUMIF($P$131:$P$136,$P102,J$131:J$136) -> 0.25 | K102: =SUMIF($P$131:$P$136,$P102,K$131:K$136) -> 0.25 | ... O102: =SUMIF($P$131:$P$136,$P102,O$131:O$136) -> 0.14 | P102: 3
A103: =A18 -> 103631 | B103: =B18 -> TAMUCT | C103: =D103+E103+F103+M103+H103+I103+N103+O103 -> 1 | D103: =SUMIF($P$131:$P$136,$P103,D$131:D$136) -> 0.25 | E103: =SUMIF($P$131:$P$136,$P103,E$131:E$136) -> 0.1 | F103: =SUMIF($P$131:$P$136,$P103,F$131:F$136) -> 0.1 | G103: =SUMIF($P$131:$P$136,$P103,G$131:G$136) -> 0.25 | H103: =SUMIF($P$131:$P$136,$P103,H$131:H$136) -> 0.15 | I103: =SUMIF($P$131:$P$136,$P103,I$131:I$136) -> 0.05 | J103: =SUMIF($P$131:$P$136,$P103,J$131:J$136) -> 0.25 | K103: =SUMIF($P$131:$P$136,$P103,K$131:K$136) -> 0.25 | ... O103: =SUMIF($P$131:$P$136,$P103,O$131:O$136) -> 0.15 | P103: 4
A104: =A19 -> 11161 | B104: =B19 -> TAMUCC | C104: =D104+E104+F104+M104+H104+I104+N104+O104 -> 1 | D104: =SUMIF($P$131:$P$136,$P104,D$131:D$136) -> 0.25 | E104: =SUMIF($P$131:$P$136,$P104,E$131:E$136) -> 0.1 | F104: =SUMIF($P$131:$P$136,$P104,F$131:F$136) -> 0.1 | G104: =SUMIF($P$131:$P$136,$P104,G$131:G$136) -> 0.25 | H104: =SUMIF($P$131:$P$136,$P104,H$131:H$136) -> 0.15 | I104: =SUMIF($P$131:$P$136,$P104,I$131:I$136) -> 0.1 | J104: =SUMIF($P$131:$P$136,$P104,J$131:J$136) -> 0.25 | K104: =SUMIF($P$131:$P$136,$P104,K$131:K$136) -> 0.25 | ... O104: =SUMIF($P$131:$P$136,$P104,O$131:O$136) -> 0.14 | P104: 3
A105: =A20 -> 3639 | B105: =B20 -> TAMUK | C105: =D105+E105+F105+M105+H105+I105+N105+O105 -> 1 | D105: =SUMIF($P$131:$P$136,$P105,D$131:D$136) -> 0.25 | E105: =SUMIF($P$131:$P$136,$P105,E$131:E$136) -> 0.1 | F105: =SUMIF($P$131:$P$136,$P105,F$131:F$136) -> 0.1 | G105: =SUMIF($P$131:$P$136,$P105,G$131:G$136) -> 0.25 | H105: =SUMIF($P$131:$P$136,$P105,H$131:H$136) -> 0.15 | I105: =SUMIF($P$131:$P$136,$P105,I$131:I$136) -> 0.1 | J105: =SUMIF($P$131:$P$136,$P105,J$131:J$136) -> 0.25 | K105: =SUMIF($P$131:$P$136,$P105,K$131:K$136) -> 0.25 | ... O105: =SUMIF($P$131:$P$136,$P105,O$131:O$136) -> 0.14 | P105: 3
A106: =A21 -> 103639 | B106: =B21 -> TAMUSA | C106: =D106+E106+F106+M106+H106+I106+N106+O106 -> 1 | D106: =SUMIF($P$131:$P$136,$P106,D$131:D$136) -> 0.25 | E106: =SUMIF($P$131:$P$136,$P106,E$131:E$136) -> 0.1 | F106: =SUMIF($P$131:$P$136,$P106,F$131:F$136) -> 0.1 | G106: =SUMIF($P$131:$P$136,$P106,G$131:G$136) -> 0.25 | H106: =SUMIF($P$131:$P$136,$P106,H$131:H$136) -> 0.2 | I106: =SUMIF($P$131:$P$136,$P106,I$131:I$136) -> 0 | J106: =SUMIF($P$131:$P$136,$P106,J$131:J$136) -> 0.25 | K106: =SUMIF($P$131:$P$136,$P106,K$131:K$136) -> 0.25 | ... O106: =SUMIF($P$131:$P$136,$P106,O$131:O$136) -> 0.15 | P106: 5
A107: =A22 -> 9651 | B107: =B22 -> TAMI | C107: =D107+E107+F107+M107+H107+I107+N107+O107 -> 1 | D107: =SUMIF($P$131:$P$136,$P107,D$131:D$136) -> 0.25 | E107: =SUMIF($P$131:$P$136,$P107,E$131:E$136) -> 0.1 | F107: =SUMIF($P$131:$P$136,$P107,F$131:F$136) -> 0.1 | G107: =SUMIF($P$131:$P$136,$P107,G$131:G$136) -> 0.25 | H107: =SUMIF($P$131:$P$136,$P107,H$131:H$136) -> 0.15 | I107: =SUMIF($P$131:$P$136,$P107,I$131:I$136) -> 0.1 | J107: =SUMIF($P$131:$P$136,$P107,J$131:J$136) -> 0.25 | K107: =SUMIF($P$131:$P$136,$P107,K$131:K$136) -> 0.25 | ... O107: =SUMIF($P$131:$P$136,$P107,O$131:O$136) -> 0.14 | P107: 3
A108: =A23 -> 3665 | B108: =B23 -> WTAMU | C108: =D108+E108+F108+M108+H108+I108+N108+O108 -> 1 | D108: =SUMIF($P$131:$P$136,$P108,D$131:D$136) -> 0.25 | E108: =SUMIF($P$131:$P$136,$P108,E$131:E$136) -> 0.1 | F108: =SUMIF($P$131:$P$136,$P108,F$131:F$136) -> 0.1 | G108: =SUMIF($P$131:$P$136,$P108,G$131:G$136) -> 0.25 | H108: =SUMIF($P$131:$P$136,$P108,H$131:H$136) -> 0.15 | I108: =SUMIF($P$131:$P$136,$P108,I$131:I$136) -> 0.1 | J108: =SUMIF($P$131:$P$136,$P108,J$131:J$136) -> 0.25 | K108: =SUMIF($P$131:$P$136,$P108,K$131:K$136) -> 0.25 | ... O108: =SUMIF($P$131:$P$136,$P108,O$131:O$136) -> 0.14 | P108: 3
A109: =A24 -> 3565 | B109: =B24 -> TAMUC | C109: =D109+E109+F109+M109+H109+I109+N109+O109 -> 1 | D109: =SUMIF($P$131:$P$136,$P109,D$131:D$136) -> 0.25 | E109: =SUMIF($P$131:$P$136,$P109,E$131:E$136) -> 0.1 | F109: =SUMIF($P$131:$P$136,$P109,F$131:F$136) -> 0.1 | G109: =SUMIF($P$131:$P$136,$P109,G$131:G$136) -> 0.25 | H109: =SUMIF($P$131:$P$136,$P109,H$131:H$136) -> 0.15 | I109: =SUMIF($P$131:$P$136,$P109,I$131:I$136) -> 0.1 | J109: =SUMIF($P$131:$P$136,$P109,J$131:J$136) -> 0.25 | K109: =SUMIF($P$131:$P$136,$P109,K$131:K$136) -> 0.25 | ... O109: =SUMIF($P$131:$P$136,$P109,O$131:O$136) -> 0.14 | P109: 3
A110: =A25 -> 29269 | B110: =B25 -> TAMUT | C110: =D110+E110+F110+M110+H110+I110+N110+O110 -> 1 | D110: =SUMIF($P$131:$P$136,$P110,D$131:D$136) -> 0.25 | E110: =SUMIF($P$131:$P$136,$P110,E$131:E$136) -> 0.1 | F110: =SUMIF($P$131:$P$136,$P110,F$131:F$136) -> 0.1 | G110: =SUMIF($P$131:$P$136,$P110,G$131:G$136) -> 0.25 | H110: =SUMIF($P$131:$P$136,$P110,H$131:H$136) -> 0.15 | I110: =SUMIF($P$131:$P$136,$P110,I$131:I$136) -> 0.05 | J110: =SUMIF($P$131:$P$136,$P110,J$131:J$136) -> 0.25 | K110: =SUMIF($P$131:$P$136,$P110,K$131:K$136) -> 0.25 | ... O110: =SUMIF($P$131:$P$136,$P110,O$131:O$136) -> 0.15 | P110: 4
A111: =A26 -> 3652 | B111: =B26 -> UH | C111: =D111+E111+F111+M111+H111+I111+N111+O111 -> 1 | D111: =SUMIF($P$131:$P$136,$P111,D$131:D$136) -> 0.15 | E111: =SUMIF($P$131:$P$136,$P111,E$131:E$136) -> 0.2 | F111: =SUMIF($P$131:$P$136,$P111,F$131:F$136) -> 0.2 | G111: =SUMIF($P$131:$P$136,$P111,G$131:G$136) -> 0.15 | H111: =SUMIF($P$131:$P$136,$P111,H$131:H$136) -> 0.15 | I111: =SUMIF($P$131:$P$136,$P111,I$131:I$136) -> 0.1 | J111: =SUMIF($P$131:$P$136,$P111,J$131:J$136) -> 0.15 | K111: =SUMIF($P$131:$P$136,$P111,K$131:K$136) -> 0.15 | ... O111: =SUMIF($P$131:$P$136,$P111,O$131:O$136) -> 0.1 | P111: 1
A112: =A27 -> 11711 | B112: =B27 -> UHCL | C112: =D112+E112+F112+M112+H112+I112+N112+O112 -> 1 | D112: =SUMIF($P$131:$P$136,$P112,D$131:D$136) -> 0.25 | E112: =SUMIF($P$131:$P$136,$P112,E$131:E$136) -> 0.1 | F112: =SUMIF($P$131:$P$136,$P112,F$131:F$136) -> 0.1 | G112: =SUMIF($P$131:$P$136,$P112,G$131:G$136) -> 0.25 | H112: =SUMIF($P$131:$P$136,$P112,H$131:H$136) -> 0.15 | I112: =SUMIF($P$131:$P$136,$P112,I$131:I$136) -> 0.1 | J112: =SUMIF($P$131:$P$136,$P112,J$131:J$136) -> 0.25 | K112: =SUMIF($P$131:$P$136,$P112,K$131:K$136) -> 0.25 | ... O112: =SUMIF($P$131:$P$136,$P112,O$131:O$136) -> 0.14 | P112: 3
... A127: =A42 -> 20 | B127: =B42 -> SRRG | C127: =D127+E127+F127+M127+H127+I127+N127+O127 -> 1 | D127: =SUMIF($P$131:$P$136,$P127,D$131:D$136) -> 0.25 | E127: =SUMIF($P$131:$P$136,$P127,E$131:E$136) -> 0.1 | F127: =SUMIF($P$131:$P$136,$P127,F$131:F$136) -> 0.1 | G127: =SUMIF($P$131:$P$136,$P127,G$131:G$136) -> 0.25 | H127: =SUMIF($P$131:$P$136,$P127,H$131:H$136) -> 0.2 | I127: =SUMIF($P$131:$P$136,$P127,I$131:I$136) -> 0 | J127: =SUMIF($P$131:$P$136,$P127,J$131:J$136) -> 0.25 | K127: =SUMIF($P$131:$P$136,$P127,K$131:K$136) -> 0.25 | ... O127: =SUMIF($P$131:$P$136,$P127,O$131:O$136) -> 0.15 | P127: 5
A128: Weights by Group
C129: Total Weights | D129: Total Undergraduate Degrees | H129: Master's | I129: Doctoral and Professional Practice | J129: Undergraduate Critical Field Degrees | K129: Math and Science Teaching Certificates | L129: At-Risk Degrees | M129: Retention Metrics | P129: SREB Carnegie 2011-12 Classification
E130: Adjusted by 6-Year Graduation Rate | F130: per 100 FTSE | G130: Cost Weighted | M130: 30 Hours | N130: 60 Hours | O130: 90 Hours
C131: =D131+E131+F131+M131+H131+I131+N131+O131 -> 1 | D131: 0.15 | E131: 0.2 | F131: 0.2 | G131: =D131 -> 0.15 | H131: 0.15 | I131: 0.1 | J131: =D131 -> 0.15 | K131: =D131 -> 0.15 | L131: =D131*0.4 -> 0.06 | M131: 0.04 | N131: 0.06 | O131: 0.1 | P131: 1
C132: =D132+E132+F132+M132+H132+I132+N132+O132 -> 1 | D132: 0.25 | E132: 0.15 | F132: 0.15 | G132: =D132 -> 0.25 | H132: 0.15 | I132: 0.1 | J132: =D132 -> 0.25 | K132: =D132 -> 0.25 | L132: =D132*0.4 -> 0.1 | M132: 0.04 | N132: 0.06 | O132: 0.1 | P132: 2
C133: =D133+E133+F133+M133+H133+I133+N133+O133 -> 1 | D133: 0.25 | E133: 0.1 | F133: 0.1 | G133: =D133 -> 0.25 | H133: 0.15 | I133: 0.1 | J133: =D133 -> 0.25 | K133: =D133 -> 0.25 | L133: =D133*0.4 -> 0.1 | M133: 0.06 | N133: 0.1 | O133: 0.14 | P133: 3
C134: =D134+E134+F134+M134+H134+I134+N134+O134 -> 1 | D134: 0.25 | E134: 0.1 | F134: 0.1 | G134: =D134 -> 0.25 | H134: 0.15 | I134: 0.05 | J134: =D134 -> 0.25 | K134: =D134 -> 0.25 | L134: =D134*0.4 -> 0.1 | M134: 0.08 | N134: 0.12 | O134: 0.15 | P134: 4
C135: =D135+E135+F135+M135+H135+I135+N135+O135 -> 1 | D135: 0.25 | E135: 0.1 | F135: 0.1 | G135: =D135 -> 0.25 | H135: 0.2 | I135: 0 | J135: =D135 -> 0.25 | K135: =D135 -> 0.25 | L135: =D135*0.4 -> 0.1 | M135: 0.08 | N135: 0.12 | O135: 0.15 | P135: 5
C136: =D136+E136+F136+M136+H136+I136+N136+O136 -> 1 | D136: 0.3 | E136: 0.05 | F136: 0.15 | G136: =D136 -> 0.3 | H136: 0.15 | I136: 0 | J136: =D136 -> 0.3 | K136: =D136 -> 0.3 | L136: =D136*0.4 -> 0.12 | M136: 0.08 | N136: 0.12 | O136: 0.15 | P136: 6
A137: Points Three-Year Average - Scaled
A138: FICE | B138: Name | C138: Total Points | D138: Total Undergraduate Degrees | H138: =H3 -> Master's | I138: =I3 -> Doctoral and Professional Practice | J138: Undergraduate Critical Field Degrees | K138: Math and Science Teaching Certificates | L138: At-Risk Degrees | M138: Retention Metrics
E139: Adjusted by 6-Year Graduation Rate | F139: per 100 FTSE | G139: Cost Weighted | M139: 30 Hours | N139: 60 Hours | O139: 90 Hours
A140: Scale | D140: 1 | E140: 1 | F140: 50 | G140: 1 | H140: 3.3333333 | I140: 20 | J140: 1 | K140: 1 | L140: 0.4 | M140: 1 | N140: 1 | O140: 1
A141: =A5 -> 3656 | B141: =B5 -> UTA | C141: =SUM(D141:O141) -> 45994.139 | D141: =D183*D$140 -> 5018 | E141: =D183*E183*E$140 -> 2600.9967 | F141: =IFERROR(D183/F183*100*F$140,0) -> 1480.1894 | G141: =G183*G$140 -> 10418.553 | H141: =H183*H$140 -> 8396.6667 | I141: =I183*I$140 -> 2813.3333 | J141: =J183*J$140 -> 1531.3333 | K141: =K183*K$140 -> 35 | L141: =L183*L$140 -> 1246.4 | M141: =M183*M$140 -> 6836.3333 | N141: =N183*N$140 -> 3833.6667 | O141: =O183*O$140 -> 1783.6667
A142: =A6 -> 3658 | B142: =B6 -> UT | C142: =SUM(D142:O142) -> 103153.1 | D142: =D184*D$140 -> 8946.3333 | E142: =D184*E184*E$140 -> 7416.5103 | F142: =IFERROR(D184/F184*100*F$140,0) -> 1324.8846 | G142: =G184*G$140 -> 19398.35 | H142: =H184*H$140 -> 10018.889 | I142: =I184*I$140 -> 27073.333 | J142: =J184*J$140 -> 1876.3333 | K142: =K184*K$140 -> 66 | L142: =L184*L$140 -> 1388.1333 | M142: =M184*M$140 -> 9598.3333 | N142: =N184*N$140 -> 9005.6667 | O142: =O184*O$140 -> 7040.3333
A143: =A7 -> 9741 | B143: =B7 -> UTD | C143: =SUM(D143:O143) -> 28310.17 | D143: =D185*D$140 -> 2393 | E143: =D185*E185*E$140 -> 1682.279 | F143: =IFERROR(D185/F185*100*F$140,0) -> 1341.488 | G143: =G185*G$140 -> 5101.2033 | H143: =H185*H$140 -> 6686.6667 | I143: =I185*I$140 -> 3653.3333 | J143: =J185*J$140 -> 421.66667 | K143: =K185*K$140 -> 32 | L143: =L185*L$140 -> 527.86667 | M143: =M185*M$140 -> 3315 | N143: =N185*N$140 -> 2134.3333 | O143: =O185*O$140 -> 1021.3333
A144: =A8 -> 3661 | B144: =B8 -> UTEP | C144: =SUM(D144:O144) -> 27941.585 | D144: =D186*D$140 -> 3057 | E144: =D186*E186*E$140 -> 1192.23 | F144: =IFERROR(D186/F186*100*F$140,0) -> 1143.5447 | G144: =G186*G$140 -> 6298.0767 | H144: =H186*H$140 -> 3436.6667 | I144: =I186*I$140 -> 1406.6667 | J144: =J186*J$140 -> 655 | K144: =K186*K$140 -> 90 | L144: =L186*L$140 -> 985.73333 | M144: =M186*M$140 -> 4362.6667 | N144: =N186*N$140 -> 3358 | O144: =O186*O$140 -> 1956
A145: =A9 -> 3599 | B145: =B9 -> UTPA | C145: =SUM(D145:O145) -> 23076.216 | D145: =D187*D$140 -> 2580 | E145: =D187*E187*E$140 -> 1111.98 | F145: =IFERROR(D187/F187*100*F$140,0) -> 1024.6245 | G145: =G187*G$140 -> 5134.1667 | H145: =H187*H$140 -> 2384.4444 | I145: =I187*I$140 -> 246.66667 | J145: =J187*J$140 -> 520.33333 | K145: =K187*K$140 -> 28 | L145: =L187*L$140 -> 935.33333 | M145: =M187*M$140 -> 4075.3333 | N145: =N187*N$140 -> 3096 | O145: =O187*O$140 -> 1939.3333
A146: =A10 -> 30646 | B146: =B10 -> UTB | C146: =SUM(D146:O146) -> 8846.1372 | D146: =D188*D$140 -> 1092 | E146: =D188*E188*E$140 -> 628.17092 | F146: =IFERROR(D188/F188*100*F$140,0) -> 1723.0618 | G146: =G188*G$140 -> 2097.7933 | H146: =H188*H$140 -> 711.11111 | I146: =I188*I$140 -> 93.333333 | J146: =J188*J$140 -> 124.33333 | K146: =K188*K$140 -> 18.333333 | L146: =L188*L$140 -> 374.66667 | M146: =M188*M$140 -> 1326.3333 | N146: =N188*N$140 -> 556.33333 | O146: =O188*O$140 -> 100.66667
A147: =A11 -> 9930 | B147: =B11 -> UTPB | C147: =SUM(D147:O147) -> 5134.9532 | D147: =D189*D$140 -> 533.33333 | E147: =D189*E189*E$140 -> 236.8 | F147: =IFERROR(D189/F189*100*F$140,0) -> 1156.2587 | G147: =G189*G$140 -> 1001.5167 | H147: =H189*H$140 -> 524.44444 | I147: =I189*I$140 -> 0 | J147: =J189*J$140 -> 41.333333 | K147: =K189*K$140 -> 10 | L147: =L189*L$140 -> 159.6 | M147: =M189*M$140 -> 785.66667 | N147: =N189*N$140 -> 491.66667 | O147: =O189*O$140 -> 194.33333
A148: =A12 -> 10115 | B148: =B12 -> UTSA | C148: =SUM(D148:O148) -> 35668.191 | D148: =D190*D$140 -> 4119.6667 | E148: =D190*E190*E$140 -> 1737.1261 | F148: =IFERROR(D190/F190*100*F$140,0) -> 1012.0517 | G148: =G190*G$140 -> 8414.2133 | H148: =H190*H$140 -> 3430 | I148: =I190*I$140 -> 1380 | J148: =J190*J$140 -> 392 | K148: =K190*K$140 -> 49.666667 | L148: =L190*L$140 -> 1249.4667 | M148: =M190*M$140 -> 6809.6667 | N148: =N190*N$140 -> 4458.6667 | O148: =O190*O$140 -> 2615.6667
A149: =A13 -> 11163 | B149: =B13 -> UTT | C149: =SUM(D149:O149) -> 10563.69 | D149: =D191*D$140 -> 1190 | E149: =D191*E191*E$140 -> 613.64333 | F149: =IFERROR(D191/F191*100*F$140,0) -> 1462.787 | G149: =G191*G$140 -> 2362.66 | H149: =H191*H$140 -> 1320 | I149: =I191*I$140 -> 133.33333 | J149: =J191*J$140 -> 376.66667 | K149: =K191*K$140 -> 14 | L149: =L191*L$140 -> 376.93333 | M149: =M191*M$140 -> 1436.3333 | N149: =N191*N$140 -> 890 | O149: =O191*O$140 -> 387.33333
A150: =A14 -> 3632 | B150: =B14 -> TAMU | C150: =SUM(D150:O150) -> 88787.991 | D150: =D192*D$140 -> 8739.6667 | E150: =D192*E192*E$140 -> 7347.1464 | F150: =IFERROR(D192/F192*100*F$140,0) -> 1262.0943 | G150: =G192*G$140 -> 20104.817 | H150: =H192*H$140 -> 7096.6667 | I150: =I192*I$140 -> 14993.333 | J150: =J192*J$140 -> 1763 | K150: =K192*K$140 -> 126 | L150: =L192*L$140 -> 1489.6 | M150: =M192*M$140 -> 10060.667 | N150: =N192*N$140 -> 8907.3333 | O150: =O192*O$140 -> 6897.6667
A151: =A15 -> 10298 | B151: =B15 -> TAMUG | C151: =SUM(D151:O151) -> 4918.3763 | D151: =D193*D$140*1.5 -> 413 | E151: =D193*E193*E$140*1.5 -> 259.08867 | F151: =IFERROR(D193/F193*100*F$140,0)*1.5 -> 1229.9476 | G151: =G193*G$140*1.5 -> 1056.04 | H151: =H193*H$140*1.5 -> 55 | I151: =I193*I$140*1.5 -> 20 | J151: =J193*J$140*1.5 -> 56 | K151: =K193*K$140*1.5 -> 0 | L151: =L193*L$140*1.5 -> 94.8 | M151: =M193*M$140*1.5 -> 888.5 | N151: =N193*N$140*1.5 -> 477 | O151: =O193*O$140*1.5 -> 369
