Workbook

Sheet instruction-districts
B2: District | C2: INSTRUCTION | K2: SUPPORT
C3: CLASSROOM TEACHERS | I3: Instructional Aides | J3: Instructional Coordinators / Supervisors | K3: Elementary Guidance Counselor | L3: Seccondary Guidance Counselor | M3: Library / Media Specialist | N3: Library / Media Support Staff
C4: Pre-Kindergarten | E4: Kindergarten | F4: Elementary | G4: Secondary | H4: Special Education
C5: Regular Education | D5: Special Education
C6: CACTUS Database | D6: CACTUS Database | E6: CACTUS Database | F6: CACTUS Database | G6: CACTUS Database | H6: CACTUS Database | I6: Classified Personnel Report | J6: CACTUS Database | K6: CACTUS Database | L6: CACTUS Database | M6: CACTUS Database | N6: Classified Personnel Report
A7: 1 | B7: Alpine | C7: 9.7 | D7: 24.43 | E7: 120.64 | F7: 1360.38 | G7: 1038.96 | H7: 266.69 | I7: 907.65 | J7: 140.14 | K7: 0 | L7: 78.76 | M7: 21.74 | N7: 61.25 | O7: =SUM(C7:N7) -> 4030.34
A8: 2 | B8: Beaver | C8: 0.5 | D8: 0 | E8: 2.94 | F8: 35.32 | G8: 30.56 | H8: 6.44 | I8: 33.12 | J8: 1.43 | K8: 0 | L8: 1.87 | M8: 0 | N8: 2.18 | O8: =SUM(C8:N8) -> 114.36
A9: 3 | B9: Box Elder | C9: 1 | D9: 8 | E9: 26.03 | F9: 189.72 | G9: 221.34 | H9: 50.08 | I9: 145 | J9: 17.01 | K9: 2.5 | L9: 12.84 | M9: 4.9 | N9: 7 | O9: =SUM(C9:N9) -> 685.42
A10: 4 | B10: Cache | C10: 0 | D10: 8.38 | E10: 29 | F10: 249.5 | G10: 287.36 | H10: 50.71 | I10: 367.17 | J10: 44.8 | K10: 1.28 | L10: 18.4 | M10: 19.85 | N10: 0 | O10: =SUM(C10:N10) -> 1076.45
A11: 42 | B11: Canyons | C11: 0 | D11: 12 | E11: 63 | F11: 642.91 | G11: 588.56 | H11: 140.13 | I11: 129.98 | J11: 101.8 | K11: 0.5 | L11: 41.68 | M11: 10.88 | N11: 30.31 | O11: =SUM(C11:N11) -> 1761.75
A12: 5 | B12: Carbon | C12: 0 | D12: 2 | E12: 14 | F12: 74.43 | G12: 70.63 | H12: 17.99 | I12: 88.68 | J12: 14.39 | K12: 2.9 | L12: 4.94 | M12: 1 | N12: 4.03 | O12: =SUM(C12:N12) -> 294.99
A13: 6 | B13: Daggett | C13: 0 | D13: 0 | E13: 0.83 | F13: 4.55 | G13: 8.75 | H13: 0.83 | I13: 6.79 | J13: 1.97 | K13: 0 | L13: 0 | M13: 0.03 | N13: 0 | O13: =SUM(C13:N13) -> 23.75
A14: 7 | B14: Davis | C14: 1 | D14: 28.42 | E14: 137.78 | F14: 1300.44 | G14: 1032.55 | H14: 292.25 | I14: 1026 | J14: 206.72 | K14: 34.2 | L14: 83.95 | M14: 20.21 | N14: 51.54 | O14: =SUM(C14:N14) -> 4215.06
A15: 8 | B15: Duchesne | C15: 0 | D15: 3 | E15: 12.5 | F15: 93.17 | G15: 86.32 | H15: 27.45 | I15: 92.18 | J15: 6.31 | K15: 0 | L15: 5 | M15: 5.17 | N15: 4.4 | O15: =SUM(C15:N15) -> 335.5
A16: 9 | B16: Emery | C16: 0 | D16: 1 | E16: 7.5 | F16: 54.64 | G16: 53.46 | H16: 13.17 | I16: 42.76 | J16: 1 | K16: 0 | L16: 0.5 | M16: 1.16 | N16: 8.5 | O16: =SUM(C16:N16) -> 183.69
A17: 10 | B17: Garfield | C17: 0.5 | D17: 0 | E17: 2.74 | F17: 22.72 | G17: 26.47 | H17: 4.4 | I17: 24.03 | J17: 0.13 | K17: 0 | L17: 1.5 | M17: 0 | N17: 0.86 | O17: =SUM(C17:N17) -> 83.35
A18: 11 | B18: Grand | C18: 0 | D18: 1 | E18: 5 | F18: 32 | G18: 35.31 | H18: 8.4 | I18: 29.29 | J18: 1.35 | K18: 0 | L18: 2 | M18: 1 | N18: 2.25 | O18: =SUM(C18:N18) -> 117.6
... A47: 35 | B47: Weber | C47: 0 | D47: 8.81 | E47: 63.01 | F47: 571.76 | G47: 528.18 | H47: 162.08 | I47: 379.66 | J47: 85.64 | K47: 20.8 | L47: 36.66 | M47: 13.83 | N47: 27.7 | O47: =SUM(C47:N47) -> 1898.13
B48: DISTRICT TOTAL | C48: =SUM(C7:C47) -> 30.3 | D48: =SUM(D7:D47) -> 225.87 | E48: =SUM(E7:E47) -> 1196.1 | F48: =SUM(F7:F47) -> 10522.56 | G48: =SUM(G7:G47) -> 9524.06 | H48: =SUM(H7:H47) -> 2447.8 | I48: =SUM(I7:I47) -> 7480.26 | J48: =SUM(J7:J47) -> 1713.89 | ... N48: =SUM(N7:N47) -> 420.35
B49: CHARTER TOTAL | C49: ='instruction-charters'!D89 -> 2 | D49: ='instruction-charters'!E89 -> 0 | E49: ='instruction-charters'!F89 -> 102.23 | F49: ='instruction-charters'!G89 -> 953.17 | G49: ='instruction-charters'!H89 -> 808.49 | H49: ='instruction-charters'!I89 -> 157.07 | I49: ='instruction-charters'!J89 -> 592.35 | J49: ='instruction-charters'!K89 -> 30.64 | ... N49: ='instruction-charters'!O89 -> 14.25
B50: GRAND TOTAL | C50: =SUM(C48:C49) -> 32.3 | D50: =SUM(D48:D49) -> 225.87 | E50: =SUM(E48:E49) -> 1298.33 | F50: =SUM(F48:F49) -> 11475.73 | G50: =SUM(G48:G49) -> 10332.55 | H50: =SUM(H48:H49) -> 2604.87 | I50: =SUM(I48:I49) -> 8072.61 | J50: =SUM(J48:J49) -> 1744.53 | ... N50: =SUM(N48:N49) -> 434.6

Sheet support-districts
B4: District | C4: SUPPORT | M4: TOTAL FTEs
C5: LEA Administrators | E5: LEA Administrative Support Staff | F5: School Administrators | G5: School Administrative Support Staff | H5: Student Support Services Staff
H6: Student Support Services | I6: Student Transportation Supervisors | J6: School Food Services Supervisors | K6: School Nurses | L6: Other Support Staff
C7: CACTUS Database | D7: Classified Personnel Report | E7: Classified Personnel Report | F7: CACTUS Database | G7: Classified Personnel Report | H7: CACTUS Database | I7: Classified Personnel Report | J7: Classified Personnel Report | K7: Classified Personnel Report | L7: Classified Personnel Report
A8: 1 | B8: Alpine | C8: 23 | D8: 1 | E8: 97.46 | F8: 119.29 | G8: 254.25 | H8: 99.45 | I8: 4 | J8: 5 | K8: 0 | L8: 961.54 | M8: =SUM(N8:O8) -> 5595.33 | N8: ='instruction-districts'!O7 -> 4030.34 | O8: =SUM(C8:L8) -> 1564.99
A9: 2 | B9: Beaver | C9: 2.5 | D9: 0 | E9: 0.8 | F9: 4.04 | G9: 7.1 | H9: 1 | I9: 0 | J9: 0 | K9: 0.2 | L9: 24.58 | M9: =SUM(N9:O9) -> 154.58 | N9: ='instruction-districts'!O8 -> 114.36 | O9: =SUM(C9:L9) -> 40.22
A10: 3 | B10: Box Elder | C10: 5 | D10: 1 | E10: 9 | F10: 25.3 | G10: 34 | H10: 22.4 | I10: 1 | J10: 1 | K10: 2 | L10: 228 | M10: =SUM(N10:O10) -> 1014.12 | N10: ='instruction-districts'!O9 -> 685.42 | O10: =SUM(C10:L10) -> 328.7
A11: 4 | B11: Cache | C11: 2.5 | D11: 1 | E11: 5.86 | F11: 32.61 | G11: 54.64 | H11: 34.93 | I11: 3.66 | J11: 25 | K11: 2.5 | L11: 270.89 | M11: =SUM(N11:O11) -> 1510.04 | N11: ='instruction-districts'!O10 -> 1076.45 | O11: =SUM(C11:L11) -> 433.59
A12: 42 | B12: Canyons | C12: 19 | D12: 1.5 | E12: 63 | F12: 83 | G12: 109.1 | H12: 80.7 | I12: 1.25 | J12: 1 | K12: 7 | L12: 451.5 | M12: =SUM(N12:O12) -> 2578.8 | N12: ='instruction-districts'!O11 -> 1761.75 | O12: =SUM(C12:L12) -> 817.05
A13: 5 | B13: Carbon | C13: 4.5 | D13: 1 | E13: 13.51 | F13: 12 | G13: 17.05 | H13: 4 | I13: 0 | J13: 0.5 | K13: 0.62 | L13: 70.03 | M13: =SUM(N13:O13) -> 418.2 | N13: ='instruction-districts'!O12 -> 294.99 | O13: =SUM(C13:L13) -> 123.21
A14: 6 | B14: Daggett | C14: 0.8 | D14: 0.85 | E14: 0.85 | F14: 0.86 | G14: 2.5 | H14: 0 | I14: 0 | J14: 0.13 | K14: 0 | L14: 8.8 | M14: =SUM(N14:O14) -> 38.54 | N14: ='instruction-districts'!O13 -> 23.75 | O14: =SUM(C14:L14) -> 14.79
A15: 7 | B15: Davis | C15: 16 | D15: 1 | E15: 65.91 | F15: 174.98 | G15: 234.36 | H15: 114.6 | I15: 1 | J15: 4 | K15: 15.67 | L15: 1035.37 | M15: =SUM(N15:O15) -> 5877.95 | N15: ='instruction-districts'!O14 -> 4215.06 | O15: =SUM(C15:L15) -> 1662.89
A16: 8 | B16: Duchesne | C16: 0.5 | D16: 1 | E16: 8.5 | F16: 14.25 | G16: 21.23 | H16: 4 | I16: 1 | J16: 1 | K16: 0.5 | L16: 91.03 | M16: =SUM(N16:O16) -> 478.51 | N16: ='instruction-districts'!O15 -> 335.5 | O16: =SUM(C16:L16) -> 143.01
A17: 9 | B17: Emery | C17: 3.5 | D17: 1 | E17: 3 | F17: 10 | G17: 12 | H17: 2 | I17: 1 | J17: 1 | K17: 0 | L17: 54.89 | M17: =SUM(N17:O17) -> 272.08 | N17: ='instruction-districts'!O16 -> 183.69 | O17: =SUM(C17:L17) -> 88.39
A18: 10 | B18: Garfield | C18: 1 | D18: 1 | E18: 5 | F18: 4.2 | G18: 6.2 | H18: 1 | I18: 0 | J18: 0 | K18: 0 | L18: 17.73 | M18: =SUM(N18:O18) -> 119.48 | N18: ='instruction-districts'!O17 -> 83.35 | O18: =SUM(C18:L18) -> 36.13
A19: 11 | B19: Grand | C19: 2 | D19: 0 | E19: 5.25 | F19: 5 | G19: 7 | H19: 2 | I19: 1 | J19: 1 | K19: 0 | L19: 45.61 | M19: =SUM(N19:O19) -> 186.46 | N19: ='instruction-districts'!O18 -> 117.6 | O19: =SUM(C19:L19) -> 68.86
... A48: 35 | B48: Weber | C48: 13 | D48: 0 | E48: 13.94 | F48: 63 | G48: 78.67 | H48: 44.29 | I48: 2 | J48: 3 | K48: 12.65 | L48: 436.67 | M48: =SUM(N48:O48) -> 2565.35 | N48: ='instruction-districts'!O47 -> 1898.13 | O48: =SUM(C48:L48) -> 667.22
B49: DISTRICT TOTAL | C49: =SUM(C8:C48) -> 258.1 | D49: =SUM(D8:D48) -> 42.7 | E49: =SUM(E8:E48) -> 617.4 | F49: =SUM(F8:F48) -> 1220.33 | G49: =SUM(G8:G48) -> 1949.33 | H49: =SUM(H8:H48) -> 955.27 | I49: =SUM(I8:I48) -> 40.46 | J49: =SUM(J8:J48) -> 123.31 | ... M49: =SUM(M8:M48) -> 48651.51
B50: CHARTER TOTAL | C50: ='support-charters'!C88 -> 28.57 | D50: ='support-charters'!D88 -> 15.37 | E50: ='support-charters'!E88 -> 37.7 | F50: ='support-charters'!F88 -> 111.33 | G50: ='support-charters'!G88 -> 147.12 | H50: ='support-charters'!H88 -> 16.58 | I50: ='support-charters'!I88 -> 0 | J50: ='support-charters'!J88 -> 17.34 | ... M50: ='support-charters'!M88 -> 3283.82
B51: GRAND TOTAL | C51: =SUM(C49:C50) -> 286.67 | D51: =SUM(D49:D50) -> 58.07 | E51: =SUM(E49:E50) -> 655.1 | F51: =SUM(F49:F50) -> 1331.66 | G51: =SUM(G49:G50) -> 2096.45 | H51: =SUM(H49:H50) -> 971.85 | I51: =SUM(I49:I50) -> 40.46 | J51: =SUM(J49:J50) -> 140.65 | ... M51: =SUM(M49:M50) -> 51935.33

Sheet instruction-charters
C4: Charter School | D4: INSTRUCTION | L4: SUPPORT
D5: CLASSROOM TEACHERS | J5: Instructional Aides | K5: Instructional Coordinators / Supervisors | L5: Elementary Guidance Counselor | M5: Seccondary Guidance Counselor | N5: Library / Media Specialist | O5: Library / Media Support Staff
D6: Pre-Kindergarten | F6: Kindergarten | G6: Elementary | H6: Secondary | I6: Special Education
D7: Regular Education | E7: Special Education
D8: CACTUS Database | E8: CACTUS Database | F8: CACTUS Database | G8: CACTUS Database | H8: CACTUS Database | I8: CACTUS Database | J8: Classified Personnel Report | K8: CACTUS Database | L8: CACTUS Database | M8: CACTUS Database | N8: CACTUS Database | O8: Classified Personnel Report
B9: 83 | C9: ACADEMY FOR MATH ENGINEERING & SCIENCE (AMES) | D9: 0 | E9: 0 | F9: 0 | G9: 0 | H9: 20.02 | I9: 1 | J9: 2.55 | K9: 0 | L9: 0 | M9: 3 | N9: 0 | O9: 0 | P9: =SUM(D9:O9) -> 26.57
B10: 9G | C10: ALIANZA ACADEMY | D10: 0 | E10: 0 | F10: 2 | G10: 6.4 | H10: 0.6 | I10: 2 | J10: 12 | K10: 0 | L10: 0 | M10: 0 | N10: 0 | O10: 0 | P10: =SUM(D10:O10) -> 23
B11: 8B | C11: AMERICAN LEADERSHIP ACADEMY | D11: 0 | E11: 0 | F11: 3 | G11: 25 | H11: 34.72 | I11: 6.64 | J11: 21 | K11: 2.24 | L11: 0.25 | M11: 2 | N11: 0.6 | O11: 0 | P11: =SUM(D11:O11) -> 95.45
B12: 74 | C12: AMERICAN PREPARATORY ACADEMY | D12: 0 | E12: 0 | F12: 5 | G12: 39.27 | H12: 35.02 | I12: 2.68 | J12: 0 | K12: 0 | L12: 0.85 | M12: 1.35 | N12: 0 | O12: 0 | P12: =SUM(D12:O12) -> 84.17
B13: 1H | C13: BAER CANYON HS FOR SPORTS & MEDICAL SCIENCES | D13: 0 | E13: 0 | F13: 0 | G13: 0 | H13: 0 | I13: 0 | J13: † | K13: 0 | L13: 0 | M13: 0 | N13: 0 | O13: † | P13: =SUM(D13:O13) -> 0
B14: 3G | C14: BEAR RIVER CHARTER SCHOOL | D14: 0 | E14: 0 | F14: 0 | G14: 5.9 | H14: 3.69 | I14: 1 | J14: 3 | K14: 0 | L14: 0 | M14: 0.17 | N14: 0 | O14: 0 | P14: =SUM(D14:O14) -> 13.76
B15: 3B | C15: BEEHIVE SCIENCE & TECHNOLOGY ACADEMY (BSTA) | D15: 0 | E15: 0 | F15: 0 | G15: 0 | H15: 10.82 | I15: 1.28 | J15: 0 | K15: 0 | L15: 0 | M15: 0.5 | N15: 0.11 | O15: 0 | P15: =SUM(D15:O15) -> 12.71
B16: 9D | C16: CANYON RIM ACADEMY | D16: 0 | E16: 0 | F16: 2 | G16: 19 | H16: 0 | I16: 1 | J16: 0 | K16: 0.33 | L16: 0 | M16: 0 | N16: 0 | O16: 0 | P16: =SUM(D16:O16) -> 22.33
B17: 2D | C17: CHANNING HALL | D17: 0 | E17: 0 | F17: 2 | G17: 19.85 | H17: 9.15 | I17: 2.51 | J17: 10.4 | K17: 0 | L17: 0 | M17: 0 | N17: 0 | O17: 1.4 | P17: =SUM(D17:O17) -> 45.31
B18: 87 | C18: CITY ACADEMY | D18: 0 | E18: 0 | F18: 0 | G18: 0 | H18: 14.58 | I18: 0.11 | J18: 0 | K18: 0 | L18: 0 | M18: 0.5 | N18: 0 | O18: 0 | P18: =SUM(D18:O18) -> 15.19
B19: 3E | C19: CS LEWIS ACADEMY | D19: 0 | E19: 0 | F19: 3 | G19: 11.1 | H19: 1 | I19: 1 | J19: 2.5 | K19: 1.2 | L19: 0 | M19: 0 | N19: 0 | O19: 0 | P19: =SUM(D19:O19) -> 19.8
B20: A3 | C20: DAVINCI ACADEMY | D20: 0 | E20: 0 | F20: 0 | G20: 4 | H20: 19.15 | I20: 3 | J20: 1.72 | K20: 0 | L20: 0 | M20: 1 | N20: 0.23 | O20: 0 | P20: =SUM(D20:O20) -> 29.1
B21: 4E | C21: DUAL IMMERSION ACADEMY | D21: 0 | E21: 0 | F21: 4 | G21: 12.64 | H21: 4.28 | I21: 3.13 | J21: 2.55 | K21: 1.06 | L21: 0 | M21: 0 | N21: 0.92 | O21: 0 | P21: =SUM(D21:O21) -> 28.58
B22: 6F | C22: EARLY LIGHT ACADEMY AT DAYBREAK | D22: 0 | E22: 0 | F22: 1.5 | G22: 18.92 | H22: 11.96 | I22: 2 | J22: 14.91 | K22: 0 | L22: 0.5 | M22: 0.5 | N22: 1 | O22: 0 | P22: =SUM(D22:O22) -> 51.29
B23: A8 | C23: EAST HOLLYWOOD HIGH | D23: 0 | E23: 0 | F23: 0 | G23: 0 | H23: 14.23 | I23: 2 | J23: 3 | K23: 0.75 | L23: 0 | M23: 1 | N23: 0 | O23: 1 | P23: =SUM(D23:O23) -> 21.98
B24: 5E | C24: EDITH BOWEN LABORATORY SCHOOL | D24: 0 | E24: 0 | F24: 1.03 | G24: 13.39 | H24: 0 | I24: 1.03 | J24: 0.71 | K24: 1.03 | L24: 0.77 | M24: 0 | N24: 2.6 | O24: 0 | P24: =SUM(D24:O24) -> 20.56
B25: 3H | C25: ENDEAVOR HALL | D25: 0 | E25: 0 | F25: 0 | G25: 13 | H25: 0 | I25: 0 | J25: 5.25 | K25: 0.5 | L25: 0 | M25: 0 | N25: 1 | O25: 0 | P25: =SUM(D25:O25) -> 19.75
B26: 3C | C26: ENTHEOS ACADEMY | D26: 0 | E26: 0 | F26: 1.08 | G26: 14.75 | H26: 8.52 | I26: 2.57 | J26: 5.4 | K26: 0 | L26: 0.5 | M26: 0.5 | N26: 0 | O26: 0.6 | P26: =SUM(D26:O26) -> 33.92
B27: 7F | C27: EXCELSIOR ACADEMY | D27: 0 | E27: 0 | F27: 2 | G27: 17.34 | H27: 7 | I27: 1.16 | J27: 0.75 | K27: 1 | L27: 0 | M27: 0 | N27: 0 | O27: 0.59 | P27: =SUM(D27:O27) -> 29.84
B28: 98 | C28: FAST FORWARD HIGH | D28: 0 | E28: 0 | F28: 0 | G28: 0 | H28: 12.25 | I28: 0.33 | J28: 4 | K28: 0.78 | L28: 0 | M28: 1.08 | N28: 0 | O28: 0 | P28: =SUM(D28:O28) -> 18.44
B29: 82 | C29: FREEDOM ACADEMY | D29: 0 | E29: 0 | F29: 2 | G29: 19.43 | H29: 9.66 | I29: 1.9 | J29: 0.4 | K29: 0.9 | L29: 0 | M29: 0 | N29: 0 | O29: 0 | P29: =SUM(D29:O29) -> 34.29
B30: 7E | C30: GATEWAY PREPARATORY ACADEMY | D30: 0 | E30: 0 | F30: 1.5 | G30: 13.78 | H30: 7.15 | I30: 3.21 | J30: 18.33 | K30: 0 | L30: 0 | M30: 0 | N30: 0.53 | O30: 0.73 | P30: =SUM(D30:O30) -> 45.23
B31: 5D | C31: GEORGE WASHINGTON ACADEMY | D31: 0 | E31: 0 | F31: 5 | G31: 35.22 | H31: 0.5 | I31: 2.1 | J31: 7.48 | K31: 0 | L31: 0.5 | M31: 0 | N31: 1.3 | O31: 0 | P31: =SUM(D31:O31) -> 52.1
B32: 8G | C32: GOOD FOUNDATIONS ACADEMY | D32: 0 | E32: 0 | F32: 2 | G32: 17.34 | H32: 0 | I32: 1 | J32: 3 | K32: 0 | L32: 0 | M32: 0 | N32: 0.67 | O32: 0 | P32: =SUM(D32:O32) -> 24.01
B33: 1E | C33: GUADALUPE SCHOOL | D33: 2 | E33: 0 | F33: 1 | G33: 4.59 | H33: 0 | I33: 0.5 | J33: 6.5 | K33: 0 | L33: 0 | M33: 0 | N33: 0 | O33: 0.5 | P33: =SUM(D33:O33) -> 15.09
B34: 8F | C34: HAWTHORN ACADEMY | D34: 0 | E34: 0 | F34: 2 | G34: 19.5 | H34: 11.78 | I34: 1.5 | J34: 10.11 | K34: 1 | L34: 0 | M34: 1 | N34: 0.45 | O34: 0 | P34: =SUM(D34:O34) -> 47.34
B35: 5H | C35: HIGHMARK CHARTER SCHOOL | D35: 0 | E35: 0 | F35: 0 | G35: 0 | H35: 0 | I35: 0 | J35: † | K35: 0 | L35: 0 | M35: 0 | N35: 0 | O35: † | P35: =SUM(D35:O35) -> 0
B36: 2C | C36: INTECH COLLEGIATE HIGH SCHOOL | D36: 0 | E36: 0 | F36: 0 | G36: 0 | H36: 7.51 | I36: 0 | J36: 0.81 | K36: 0.54 | L36: 0 | M36: 0.75 | N36: 0 | O36: 0 | P36: =SUM(D36:O36) -> 9.61
B37: A5 | C37: ITINERIS EARLY COLLEGE HIGH | D37: 0 | E37: 0 | F37: 0 | G37: 0 | H37: 11.52 | I37: 0 | J37: 0 | K37: 0 | L37: 0 | M37: 2 | N37: 0 | O37: 0 | P37: =SUM(D37:O37) -> 13.52
B38: 93 | C38: JOHN HANCOCK CHARTER SCHOOL | D38: 0 | E38: 0 | F38: 0.72 | G38: 8.34 | H38: 1.38 | I38: 1 | J38: 4.18 | K38: 0 | L38: 0 | M38: 0 | N38: 0 | O38: 0 | P38: =SUM(D38:O38) -> 15.62
B39: 2E | C39: KARL G MAESER PREPARATORY ACADEMY | D39: 0 | E39: 0 | F39: 0 | G39: 0 | H39: 29.72 | I39: 0.5 | J39: ‡ | K39: 1.5 | L39: 0 | M39: 1 | N39: 0.75 | O39: ‡ | P39: =SUM(D39:O39) -> 33.47
B40: 4C | C40: LAKEVIEW ACADEMY | D40: 0 | E40: 0 | F40: 2 | G40: 22.3 | H40: 8.83 | I40: 2.84 | J40: 15 | K40: 0 | L40: 0.25 | M40: 0.25 | N40: 1 | O40: 0 | P40: =SUM(D40:O40) -> 52.47
B41: 5C | C41: LEGACY PREPARATORY ACADEMY | D41: 0 | E41: 0 | F41: 1.5 | G41: 16 | H41: 25.91 | I41: 2.35 | J41: 30.4 | K41: 1.8 | L41: 0.17 | M41: 0.98 | N41: 0 | O41: 0.58 | P41: =SUM(D41:O41) -> 79.69
B42: 6C | C42: LIBERTY ACADEMY | D42: 0 | E42: 0 | F42: 3.6 | G42: 10.4 | H42: 6.2 | I42: 1.45 | J42: 0 | K42: 1 | L42: 0 | M42: 0 | N42: 0 | O42: 0 | P42: =SUM(D42:O42) -> 22.65
B43: 2B | C43: LINCOLN ACADEMY | D43: 0 | E43: 0 | F43: 1 | G43: 15.21 | H43: 12.15 | I43: 3.09 | J43: 22.82 | K43: 0 | L43: 0 | M43: 0.53 | N43: 0 | O43: 0.75 | P43: =SUM(D43:O43) -> 55.55
B44: 4G | C44: MARIA MONTESSORI ACADEMY | D44: 0 | E44: 0 | F44: 1.5 | G44: 16.23 | H44: 0 | I44: 2 | J44: 12.43 | K44: 0 | L44: 0 | M44: 0 | N44: 0 | O44: 0 | P44: =SUM(D44:O44) -> 32.16
B45: 8E | C45: MERIT COLLEGE PREPARATORY ACADEMY | D45: 0 | E45: 0 | F45: 0 | G45: 0 | H45: 17.21 | I45: 1.3 | J45: 0.86 | K45: 0.8 | L45: 0 | M45: 1.7 | N45: 0 | O45: 0 | P45: =SUM(D45:O45) -> 21.87
B46: A7 | C46: MOAB CHARTER SCHOOL | D46: 0 | E46: 0 | F46: 1 | G46: 4 | H46: 0 | I46: 1 | J46: 0.75 | K46: 0 | L46: 0 | M46: 0 | N46: 0 | O46: 0 | P46: =SUM(D46:O46) -> 6.75
B47: 7C | C47: MONTICELLO ACADEMY | D47: 0 | E47: 0 | F47: 2 | G47: 17.85 | H47: 15.02 | I47: 2 | J47: 4.88 | K47: 2 | L47: 0 | M47: 0.5 | N47: 0.99 | O47: 0 | P47: =SUM(D47:O47) -> 45.24
B48: 8C | C48: MOUNTAINVILLE ACADEMY | D48: 0 | E48: 0 | F48: 1.5 | G48: 17.63 | H48: 13.12 | I48: 2 | J48: 13 | K48: 0 | L48: 0 | M48: 1 | N48: 1 | O48: 0 | P48: =SUM(D48:O48) -> 49.25
B49: 9B | C49: NAVIGATOR POINTE ACADEMY | D49: 0 | E49: 0 | F49: 2 | G49: 13.2 | H49: 10.09 | I49: 2.33 | J49: 15.91 | K49: 0 | L49: 0.2 | M49: 0.2 | N49: 0.34 | O49: 0 | P49: =SUM(D49:O49) -> 44.27
B50: A1 | C50: NO UT ACAD FOR MATH ENGINEERING & SCIENCE (NUAMES) | D50: 0 | E50: 0 | F50: 0 | G50: 0 | H50: 15.8 | I50: 1 | J50: 1 | K50: 0 | L50: 0 | M50: 1.25 | N50: 0 | O50: 0 | P50: =SUM(D50:O50) -> 19.05
B51: 6D | C51: NOAH WEBSTER ACADEMY | D51: 0 | E51: 0 | F51: 2 | G51: 19 | H51: 0 | I51: 0 | J51: 26 | K51: 1 | L51: 0 | M51: 0 | N51: 0 | O51: 0 | P51: =SUM(D51:O51) -> 48
... B54: 1C | C54: ODYSSEY CHARTER SCHOOL | D54: 0 | E54: 0 | F54: 3 | G54: 18.13 | H54: 2.01 | I54: 1.5 | J54: 0.87 | K54: 0 | L54: 0 | M54: 0 | N54: 0 | O54: 0.5 | P54: =SUM(D54:O54) -> 26.01
B55: 68 | C55: OGDEN PREPARATORY ACADEMY | D55: 0 | E55: 0 | F55: 2 | G55: 21.5 | H55: 18.9 | I55: 4.75 | J55: 19.97 | K55: 0 | L55: 0.25 | M55: 1.25 | N55: 0.75 | O55: 0.52 | P55: =SUM(D55:O55) -> 69.89
B56: 8D | C56: OPEN CLASSROOM | D56: 0 | E56: 0 | F56: 1.5 | G56: 15.5 | H56: 0 | I56: 1.8 | J56: † | K56: 0 | L56: 0.8 | M56: 0 | N56: 0 | O56: † | P56: =SUM(D56:O56) -> 19.6
B57: 9F | C57: OPEN HIGH SCHOOL OF UTAH | D57: 0 | E57: 0 | F57: 0 | G57: 0 | H57: 16.16 | I57: 0.5 | J57: 0.41 | K57: 1 | L57: 0 | M57: 0.75 | N57: 0 | O57: 0 | P57: =SUM(D57:O57) -> 18.82
B58: 1G | C58: OQUIRRH MOUNTAIN CHARTER SCHOOL | D58: 0 | E58: 0 | F58: 2 | G58: 22.5 | H58: 8.63 | I58: 1.59 | J58: 9.79 | K58: 0.5 | L58: 0.5 | M58: 0.5 | N58: 0.5 | O58: 0 | P58: =SUM(D58:O58) -> 46.51
B59: 9C | C59: PARADIGM HIGH SCHOOL | D59: 0 | E59: 0 | F59: 0 | G59: 0 | H59: 31.08 | I59: 2 | J59: 4 | K59: 0 | L59: 0 | M59: 1 | N59: 1 | O59: 1 | P59: =SUM(D59:O59) -> 40.08
B60: 86 | C60: PINNACLE CANYON ACADEMY | D60: 0 | E60: 0 | F60: 2.11 | G60: 12.67 | H60: 18.24 | I60: 2.29 | J60: 22.5 | K60: 0.54 | L60: 0 | M60: 0 | N60: 1.06 | O60: 0 | P60: =SUM(D60:O60) -> 59.41
B61: 9E | C61: PROVIDENCE HALL | D61: 0 | E61: 0 | F61: 1.5 | G61: 26.86 | H61: 27.53 | I61: 4.01 | J61: 24.71 | K61: 1 | L61: 0.5 | M61: 1 | N61: 1 | O61: 1.5 | P61: =SUM(D61:O61) -> 89.61
B62: 5G | C62: QUAIL RUN PRIMARY SCHOOL | D62: 0 | E62: 0 | F62: 1 | G62: 14.05 | H62: 6.95 | I62: 2 | J62: 11.75 | K62: 0.6 | L62: 0 | M62: 0 | N62: 0.2 | O62: 0 | P62: =SUM(D62:O62) -> 36.55
B63: 1F | C63: QUEST ACADEMY | D63: 0 | E63: 0 | F63: 2 | G63: 24.51 | H63: 5.15 | I63: 2.2 | J63: 8.89 | K63: 0.59 | L63: 0 | M63: 0 | N63: 0.55 | O63: 0.78 | P63: =SUM(D63:O63) -> 44.67
B64: A2 | C64: RANCHES ACADEMY | D64: 0 | E64: 0 | F64: 1 | G64: 13.67 | H64: 0 | I64: 1 | J64: 9 | K64: 0 | L64: 0 | M64: 0 | N64: 0 | O64: 0 | P64: =SUM(D64:O64) -> 24.67
B65: 7B | C65: REAGAN ACADEMY | D65: 0 | E65: 0 | F65: 2 | G65: 24.4 | H65: 7.71 | I65: 3.71 | J65: 9.44 | K65: 0 | L65: 0 | M65: 0 | N65: 1 | O65: 0.5 | P65: =SUM(D65:O65) -> 48.76
B66: 1D | C66: RENAISSANCE ACADEMY | D66: 0 | E66: 0 | F66: 3 | G66: 18.34 | H66: 11.95 | I66: 2 | J66: 8.4 | K66: 0 | L66: 0 | M66: 0 | N66: 1 | O66: 0 | P66: =SUM(D66:O66) -> 44.69
B67: 2F | C67: ROCKWELL CHARTER HIGH SCHOOL | D67: 0 | E67: 0 | F67: 0 | G67: 0 | H67: 15.86 | I67: 0 | J67: 0.85 | K67: 0 | L67: 0 | M67: 1 | N67: 0 | O67: 0 | P67: =SUM(D67:O67) -> 17.71
B68: 97 | C68: SALT LAKE ARTS ACADEMY | D68: 0 | E68: 0 | F68: 0 | G68: 2.1 | H68: 13.06 | I68: 1 | J68: 2 | K68: 0 | L68: 0 | M68: 0 | N68: 0 | O68: 0 | P68: =SUM(D68:O68) -> 18.16
B69: 4F | C69: SALT LAKE CENTER FOR SCIENCE EDUCATION | D69: 0 | E69: 0 | F69: 0 | G69: 2 | H69: 13.27 | I69: 1 | J69: † | K69: 0 | L69: 0 | M69: 0 | N69: 0 | O69: † | P69: =SUM(D69:O69) -> 16.27
B70: 7D | C70: SALT LAKE SCHOOL FOR THE PERFORMING ARTS | D70: 0 | E70: 0 | F70: 0 | G70: 0 | H70: 5.23 | I70: 0.38 | J70: 0.38 | K70: 0 | L70: 0 | M70: 0.8 | N70: 0 | O70: 0 | P70: =SUM(D70:O70) -> 6.79
B71: 89 | C71: SOLDIER HOLLOW CHARTER SCHOOL | D71: 0 | E71: 0 | F71: 2 | G71: 13.5 | H71: 0 | I71: 1 | J71: 0 | K71: 0 | L71: 0 | M71: 0 | N71: 0 | O71: 0 | P71: =SUM(D71:O71) -> 16.5
B72: 3D | C72: SPECTRUM ACADEMY | D72: 0 | E72: 0 | F72: 0 | G72: 2 | H72: 4.97 | I72: 22.14 | J72: 41 | K72: 0 | L72: 0 | M72: 1 | N72: 0 | O72: 1 | P72: =SUM(D72:O72) -> 72.11
B73: A9 | C73: SUCCESS ACADEMY | D73: 0 | E73: 0 | F73: 0 | G73: 0 | H73: 5.5 | I73: 0 | J73: 1 | K73: 0 | L73: 0 | M73: 2.25 | N73: 0 | O73: 0 | P73: =SUM(D73:O73) -> 8.75
B74: A4 | C74: SUMMIT ACADEMY | D74: 0 | E74: 0 | F74: 2.5 | G74: 27.8 | H74: 14.43 | I74: 2.75 | J74: 18.5 | K74: 1.5 | L74: 0 | M74: 0 | N74: 1 | O74: 0 | P74: =SUM(D74:O74) -> 68.48
B75: 7G | C75: SUMMIT ACADEMY HIGH SCHOOL | D75: 0 | E75: 0 | F75: 0 | G75: 0 | H75: 16.63 | I75: 0.87 | J75: 0.87 | K75: 0 | L75: 0 | M75: 1 | N75: 0 | O75: 0 | P75: =SUM(D75:O75) -> 19.37
B76: 4D | C76: SYRACUSE ARTS ACADEMY | D76: 0 | E76: 0 | F76: 3 | G76: 25.34 | H76: 14 | I76: 2.5 | J76: 10.69 | K76: 0 | L76: 0 | M76: 1 | N76: 0.25 | O76: 0.92 | P76: =SUM(D76:O76) -> 57.7
B77: 94 | C77: THOMAS EDISON | D77: 0 | E77: 0 | F77: 3 | G77: 29.55 | H77: 19.04 | I77: 4 | J77: 25.05 | K77: 0 | L77: 0 | M77: 1 | N77: 2 | O77: 0 | P77: =SUM(D77:O77) -> 83.64
B78: 95 | C78: TIMPANOGOS ACADEMY | D78: 0 | E78: 0 | F78: 1 | G78: 16.5 | H78: 4 | I78: 1 | J78: 2 | K78: 0 | L78: 0 | M78: 0 | N78: 0 | O78: 0 | P78: =SUM(D78:O78) -> 24.5
B79: 90 | C79: TUACAHN HIGH SCHOOL FOR THE PERFORMING ARTS | D79: 0 | E79: 0 | F79: 0 | G79: 0 | H79: 15.03 | I79: 0.25 | J79: 2 | K79: 0.5 | L79: 0 | M79: 1.3 | N79: 0.83 | O79: 0 | P79: =SUM(D79:O79) -> 19.91
B80: 92 | C80: UINTAH RIVER HIGH | D80: 0 | E80: 0 | F80: 0 | G80: 0 | H80: 6.17 | I80: 1 | J80: 2 | K80: 0 | L80: 0 | M80: 1 | N80: 0 | O80: 0 | P80: =SUM(D80:O80) -> 10.17
B81: 2H | C81: UTAH CONNECTIONS ACADEMY | D81: 0 | E81: 0 | F81: 0.19 | G81: 2.76 | H81: 3.7 | I81: 1 | J81: 0 | K81: 0 | L81: 0 | M81: 0 | N81: 0 | O81: 0 | P81: =SUM(D81:O81) -> 7.65
B82: 1B | C82: UTAH COUNTY ACADEMY OF SCIENCE (UCAS) | D82: 0 | E82: 0 | F82: 0 | G82: 0 | H82: 11.17 | I82: 0.5 | J82: 1.5 | K82: 0 | L82: 0 | M82: 3.21 | N82: 0 | O82: 0 | P82: =SUM(D82:O82) -> 16.38
B83: 5F | C83: UTAH VIRTUAL ACADEMY | D83: 0 | E83: 0 | F83: 1 | G83: 15.75 | H83: 22.15 | I83: 9.5 | J83: 8 | K83: 2 | L83: 0 | M83: 1 | N83: 0 | O83: 0 | P83: =SUM(D83:O83) -> 59.4
B84: 3F | C84: VENTURE ACADEMY | D84: 0 | E84: 0 | F84: 0.5 | G84: 11.5 | H84: 9 | I84: 2 | J84: 8.7 | K84: 0 | L84: 0 | M84: 0 | N84: 0 | O84: 0 | P84: =SUM(D84:O84) -> 31.7
B85: 2G | C85: VISTA AT ENTRADA SCHOOL OF PERFORMING ARTS AND TECHNOLOGY | D85: 0 | E85: 0 | F85: 1 | G85: 26.13 | H85: 6.2 | I85: 3 | J85: † | K85: 0 | L85: 0.63 | M85: 0 | N85: 1 | O85: † | P85: =SUM(D85:O85) -> 37.96
B86: 81 | C86: WALDEN SCHOOL OF LIBERAL ARTS | D86: 0 | E86: 0 | F86: 2 | G86: 5.46 | H86: 14.7 | I86: 1.5 | J86: 13.92 | K86: 0 | L86: 0 | M86: 0.45 | N86: 0 | O86: 0 | P86: =SUM(D86:O86) -> 38.03
B87: 4B | C87: WASATCH PEAK ACADEMY | D87: 0 | E87: 0 | F87: 1 | G87: 15.6 | H87: 0 | I87: 1 | J87: 11.79 | K87: 0 | L87: 0 | M87: 0 | N87: 0 | O87: 0.45 | P87: =SUM(D87:O87) -> 29.84
B88: 6G | C88: WEILENMANN SCHOOL OF DISCOVERY | D88: 0 | E88: 0 | F88: 2 | G88: 19.15 | H88: 7.93 | I88: 1 | J88: 5 | K88: 0 | L88: 0 | M88: 0 | N88: 0.5 | O88: 0.5 | P88: =SUM(D88:O88) -> 36.08
C89: CHARTER SCHOOL TOTALS | D89: =SUM(D9:D88) -> 2 | E89: =SUM(E9:E88) -> 0 | F89: =SUM(F9:F88) -> 102.23 | G89: =SUM(G9:G88) -> 953.17 | H89: =SUM(H9:H88) -> 808.49 | I89: =SUM(I9:I88) -> 157.07 | J89: =SUM(J9:J88) -> 592.35 | K89: =SUM(K9:K88) -> 30.64 | ... O89: =SUM(O9:O88) -> 14.25
C90: † Data not available because school did not submit a Classified Personnel Report.
C91: ‡ School submitted a Classified Personnel Report but some figures were improbably large.

Sheet support-charters
B4: Local Education Agencies | C4: SUPPORT | M4: TOTAL FTEs
C5: LEA Administrators | E5: LEA Administrative Support Staff | F5: School Administra-tors | G5: School Administrative Support Staff | H5: Student Support Services Staff
H6: Student Support Services | I6: Student Transportation Supervisors | J6: School Food Services Supervisors | K6: School Nurses | L6: Other Support Staff
C7: CACTUS Database | D7: Classified Personnel Report | E7: Classified Personnel Report | F7: CACTUS Database | G7: Classified Personnel Report | H7: CACTUS Database | I7: Classified Personnel Report | J7: Classified Personnel Report | K7: Classified Personnel Report | L7: Classified Personnel Report
A8: 83 | B8: ACADEMY FOR MATH ENGINEERING & SCIENCE (AMES) | C8: 0 | D8: 0.25 | E8: 1.17 | F8: 1 | G8: 1 | H8: 0 | I8: 0 | J8: 0 | K8: 0 | L8: 0 | M8: =SUM(N8:O8) -> 29.99 | N8: ='instruction-charters'!P9 -> 26.57 | O8: =SUM(C8:L8) -> 3.42
A9: 9G | B9: ALIANZA ACADEMY | C9: 1 | D9: 0 | E9: 0 | F9: 0 | G9: 3 | H9: 0 | I9: 0 | J9: 0 | K9: 0 | L9: 2.5 | M9: =SUM(N9:O9) -> 29.5 | N9: ='instruction-charters'!P10 -> 23 | O9: =SUM(C9:L9) -> 6.5
A10: 8B | B10: AMERICAN LEADERSHIP ACADEMY | C10: 1 | D10: 0 | E10: 0 | F10: 3.5 | G10: 10 | H10: 0 | I10: 0 | J10: 0 | K10: 1 | L10: 10 | M10: =SUM(N10:O10) -> 120.95 | N10: ='instruction-charters'!P11 -> 95.45 | O10: =SUM(C10:L10) -> 25.5
A11: 74 | B11: AMERICAN PREPARATORY ACADEMY | C11: 3.1 | D11: 0 | E11: 0 | F11: 7 | G11: 0 | H11: 2.36 | I11: 0 | J11: 0 | K11: 0 | L11: 0 | M11: =SUM(N11:O11) -> 96.63 | N11: ='instruction-charters'!P12 -> 84.17 | O11: =SUM(C11:L11) -> 12.46
A12: 1H | B12: BAER CANYON HS FOR SPORTS & MEDICAL SCIENCES | C12: 0 | D12: † | E12: † | F12: 0.5 | G12: † | H12: 0 | I12: † | J12: † | K12: † | L12: † | M12: =SUM(N12:O12) -> 0.5 | N12: ='instruction-charters'!P13 -> 0 | O12: =SUM(C12:L12) -> 0.5
A13: 3G | B13: BEAR RIVER CHARTER SCHOOL | C13: 1 | D13: 0 | E13: 0.25 | F13: 0 | G13: 1 | H13: 0 | I13: 0 | J13: 0 | K13: 0 | L13: 2.25 | M13: =SUM(N13:O13) -> 18.26 | N13: ='instruction-charters'!P14 -> 13.76 | O13: =SUM(C13:L13) -> 4.5
A14: 3B | B14: BEEHIVE SCIENCE & TECHNOLOGY ACADEMY (BSTA) | C14: 1.8 | D14: 0 | E14: 0 | F14: 0 | G14: 2.09 | H14: 0 | I14: 0 | J14: 0 | K14: 0 | L14: 0 | M14: =SUM(N14:O14) -> 16.6 | N14: ='instruction-charters'!P15 -> 12.71 | O14: =SUM(C14:L14) -> 3.89
A15: 9D | B15: CANYON RIM ACADEMY | C15: 0.67 | D15: 0 | E15: 0 | F15: 1 | G15: 0 | H15: 0.53 | I15: 0 | J15: 0 | K15: 0 | L15: 0 | M15: =SUM(N15:O15) -> 24.53 | N15: ='instruction-charters'!P16 -> 22.33 | O15: =SUM(C15:L15) -> 2.2
A16: 2D | B16: CHANNING HALL | C16: 0 | D16: 1 | E16: 1.5 | F16: 2.25 | G16: 2 | H16: 1 | I16: 0 | J16: 1 | K16: 0 | L16: 3.47 | M16: =SUM(N16:O16) -> 57.53 | N16: ='instruction-charters'!P17 -> 45.31 | O16: =SUM(C16:L16) -> 12.22
A17: 87 | B17: CITY ACADEMY | C17: 1 | D17: 1 | E17: 2 | F17: 0.9 | G17: 1.54 | H17: 0 | I17: 0 | J17: 0 | K17: 0 | L17: 1 | M17: =SUM(N17:O17) -> 22.63 | N17: ='instruction-charters'!P18 -> 15.19 | O17: =SUM(C17:L17) -> 7.44
A18: 3E | B18: C.S. LEWIS ACADEMY | C18: 0.3 | D18: 0 | E18: 0 | F18: 0 | G18: 1 | H18: 0.6 | I18: 0 | J18: 0 | K18: 0 | L18: 3 | M18: =SUM(N18:O18) -> 24.7 | N18: ='instruction-charters'!P19 -> 19.8 | O18: =SUM(C18:L18) -> 4.9
A19: A3 | B19: DAVINCI ACADEMY | C19: 0 | D19: 0 | E19: 0 | F19: 2 | G19: 1.9 | H19: 0 | I19: 0 | J19: 0 | K19: 0 | L19: 3.73 | M19: =SUM(N19:O19) -> 36.73 | N19: ='instruction-charters'!P20 -> 29.1 | O19: =SUM(C19:L19) -> 7.63
A20: 4E | B20: DUAL IMMERSION ACADEMY | C20: 0 | D20: 0 | E20: 1 | F20: 0.17 | G20: 1 | H20: 0 | I20: 0 | J20: 0 | K20: 0 | L20: 2 | M20: =SUM(N20:O20) -> 32.75 | N20: ='instruction-charters'!P21 -> 28.58 | O20: =SUM(C20:L20) -> 4.17
A21: 6F | B21: EARLY LIGHT ACADEMY AT DAYBREAK | C21: 0.5 | D21: 0 | E21: 0 | F21: 1.9 | G21: 2.48 | H21: 0.5 | I21: 0 | J21: 0 | K21: 0 | L21: 0 | M21: =SUM(N21:O21) -> 56.67 | N21: ='instruction-charters'!P22 -> 51.29 | O21: =SUM(C21:L21) -> 5.38
A22: A8 | B22: EAST HOLLYWOOD HIGH | C22: 0 | D22: 0.5 | E22: 0.5 | F22: 0 | G22: 0 | H22: 0 | I22: 0 | J22: 0 | K22: 0 | L22: 1.3 | M22: =SUM(N22:O22) -> 24.28 | N22: ='instruction-charters'!P23 -> 21.98 | O22: =SUM(C22:L22) -> 2.3
A23: 5E | B23: EDITH BOWEN LABORATORY SCHOOL | C23: 0 | D23: 1 | E23: 1 | F23: 1.3 | G23: 1 | H23: 0.51 | I23: 0 | J23: 1 | K23: 0 | L23: 0.22 | M23: =SUM(N23:O23) -> 26.59 | N23: ='instruction-charters'!P24 -> 20.56 | O23: =SUM(C23:L23) -> 6.03
A24: 3H | B24: ENDEAVOR HALL | C24: 0 | D24: 0 | E24: 0 | F24: 0.5 | G24: 1 | H24: 0 | I24: 0 | J24: 0 | K24: 0 | L24: 2 | M24: =SUM(N24:O24) -> 23.25 | N24: ='instruction-charters'!P25 -> 19.75 | O24: =SUM(C24:L24) -> 3.5
A25: 3C | B25: ENTHEOS ACADEMY | C25: 0 | D25: 0 | E25: 0 | F25: 0 | G25: 3 | H25: 0.21 | I25: 0 | J25: 0 | K25: 0 | L25: 3.4 | M25: =SUM(N25:O25) -> 40.53 | N25: ='instruction-charters'!P26 -> 33.92 | O25: =SUM(C25:L25) -> 6.61
A26: 7F | B26: EXCELSIOR ACADEMY | C26: 0 | D26: 0 | E26: 0 | F26: 1.75 | G26: 0.96 | H26: 0 | I26: 0 | J26: 1 | K26: 0 | L26: 0.99 | M26: =SUM(N26:O26) -> 34.54 | N26: ='instruction-charters'!P27 -> 29.84 | O26: =SUM(C26:L26) -> 4.7
A27: 98 | B27: FAST FORWARD HIGH | C27: 0 | D27: 0.5 | E27: 0.5 | F27: 1.17 | G27: 0 | H27: 0 | I27: 0 | J27: 0 | K27: 0 | L27: 1.5 | M27: =SUM(N27:O27) -> 22.11 | N27: ='instruction-charters'!P28 -> 18.44 | O27: =SUM(C27:L27) -> 3.67
A28: 82 | B28: FREEDOM ACADEMY | C28: 0 | D28: 0 | E28: 1.8 | F28: 1.18 | G28: 0 | H28: 0.25 | I28: 0 | J28: 0.8 | K28: 0 | L28: 2.2 | M28: =SUM(N28:O28) -> 40.52 | N28: ='instruction-charters'!P29 -> 34.29 | O28: =SUM(C28:L28) -> 6.23
A29: 7E | B29: GATEWAY PREPARATORY ACADEMY | C29: 1.11 | D29: 0 | E29: 0 | F29: 1 | G29: 2.16 | H29: 0 | I29: 0 | J29: 0 | K29: 0 | L29: 3.37 | M29: =SUM(N29:O29) -> 52.87 | N29: ='instruction-charters'!P30 -> 45.23 | O29: =SUM(C29:L29) -> 7.64
A30: 5D | B30: GEORGE WASHINGTON ACADEMY | C30: 0 | D30: 0 | E30: 0 | F30: 1.5 | G30: 5.26 | H30: 0.75 | I30: 0 | J30: 0 | K30: 0 | L30: 1.38 | M30: =SUM(N30:O30) -> 60.99 | N30: ='instruction-charters'!P31 -> 52.1 | O30: =SUM(C30:L30) -> 8.89
A31: 8G | B31: GOOD FOUNDATIONS ACADEMY | C31: 0 | D31: 0 | E31: 0 | F31: 1 | G31: 1.5 | H31: 0 | I31: 0 | J31: 0 | K31: 0 | L31: 1.25 | M31: =SUM(N31:O31) -> 27.76 | N31: ='instruction-charters'!P32 -> 24.01 | O31: =SUM(C31:L31) -> 3.75
A32: 1E | B32: GUADALUPE SCHOOL | C32: 0 | D32: 0.75 | E32: 1.5 | F32: 1 | G32: 0.8 | H32: 0 | I32: 0 | J32: 0 | K32: 0 | L32: 3.58 | M32: =SUM(N32:O32) -> 22.72 | N32: ='instruction-charters'!P33 -> 15.09 | O32: =SUM(C32:L32) -> 7.63
A33: 8F | B33: HAWTHORN ACADEMY | C33: 0 | D33: 0 | E33: 0 | F33: 1.9 | G33: 1.86 | H33: 0 | I33: 0 | J33: 0 | K33: 0 | L33: 0.25 | M33: =SUM(N33:O33) -> 51.35 | N33: ='instruction-charters'!P34 -> 47.34 | O33: =SUM(C33:L33) -> 4.01
A34: 5H | B34: HIGHMARK CHARTER SCHOOL | C34: 0 | D34: † | E34: † | F34: 1 | G34: † | H34: 0 | I34: † | J34: † | K34: † | L34: † | M34: =SUM(N34:O34) -> 1 | N34: ='instruction-charters'!P35 -> 0 | O34: =SUM(C34:L34) -> 1
A35: 2C | B35: INTECH COLLEGIATE HIGH SCHOOL | C35: 0 | D35: 0 | E35: 0 | F35: 1 | G35: 0.83 | H35: 0 | I35: 0 | J35: 0 | K35: 0 | L35: 0.38 | M35: =SUM(N35:O35) -> 11.82 | N35: ='instruction-charters'!P36 -> 9.61 | O35: =SUM(C35:L35) -> 2.21
A36: A5 | B36: ITINERIS EARLY COLLEGE HIGH | C36: 0 | D36: 0 | E36: 0.5 | F36: 0.95 | G36: 1 | H36: 0 | I36: 0 | J36: 0 | K36: 0 | L36: 0 | M36: =SUM(N36:O36) -> 15.97 | N36: ='instruction-charters'!P37 -> 13.52 | O36: =SUM(C36:L36) -> 2.45
A37: 93 | B37: JOHN HANCOCK CHARTER SCHOOL | C37: 0 | D37: 1 | E37: 1 | F37: 1 | G37: 1 | H37: 0 | I37: 0 | J37: 0 | K37: 0 | L37: 0 | M37: =SUM(N37:O37) -> 19.62 | N37: ='instruction-charters'!P38 -> 15.62 | O37: =SUM(C37:L37) -> 4
A38: 2E | B38: KARL G. MAESER PREPARATORY ACADEMY | C38: 1 | D38: ‡ | E38: ‡ | F38: 1.5 | G38: ‡ | H38: 0 | I38: ‡ | J38: ‡ | K38: ‡ | L38: ‡ | M38: =SUM(N38:O38) -> 35.97 | N38: ='instruction-charters'!P39 -> 33.47 | O38: =SUM(C38:L38) -> 2.5
A39: 4C | B39: LAKEVIEW ACADEMY | C39: 1 | D39: 0 | E39: 0 | F39: 0 | G39: 2 | H39: 0 | I39: 0 | J39: 1 | K39: 0 | L39: 4.6 | M39: =SUM(N39:O39) -> 61.07 | N39: ='instruction-charters'!P40 -> 52.47 | O39: =SUM(C39:L39) -> 8.6
A40: 5C | B40: LEGACY PREPARATORY ACADEMY | C40: 1.4 | D40: 1 | E40: 3 | F40: 2 | G40: 5 | H40: 0 | I40: 0 | J40: 0 | K40: 0 | L40: 10.13 | M40: =SUM(N40:O40) -> 102.22 | N40: ='instruction-charters'!P41 -> 79.69 | O40: =SUM(C40:L40) -> 22.53
A41: 6C | B41: LIBERTY ACADEMY | C41: 0 | D41: 0 | E41: 0 | F41: 1.28 | G41: 0 | H41: 0 | I41: 0 | J41: 0 | K41: 0 | L41: 0 | M41: =SUM(N41:O41) -> 23.93 | N41: ='instruction-charters'!P42 -> 22.65 | O41: =SUM(C41:L41) -> 1.28
A42: 2B | B42: LINCOLN ACADEMY | C42: 0.5 | D42: 0.7 | E42: 1.45 | F42: 1 | G42: 3 | H42: 0.32 | I42: 0 | J42: 0 | K42: 0 | L42: 0.37 | M42: =SUM(N42:O42) -> 62.89 | N42: ='instruction-charters'!P43 -> 55.55 | O42: =SUM(C42:L42) -> 7.34
A43: 4G | B43: MARIA MONTESSORI ACADEMY | C43: 0 | D43: 0 | E43: 0 | F43: 1 | G43: 2.18 | H43: 0 | I43: 0 | J43: 0 | K43: 0 | L43: 0 | M43: =SUM(N43:O43) -> 35.34 | N43: ='instruction-charters'!P44 -> 32.16 | O43: =SUM(C43:L43) -> 3.18
A44: 8E | B44: MERIT COLLEGE PREPARATORY ACADEMY | C44: 0.3 | D44: 0 | E44: 0 | F44: 0.8 | G44: 2.2 | H44: 0 | I44: 0 | J44: 1 | K44: 0 | L44: 1.75 | M44: =SUM(N44:O44) -> 27.92 | N44: ='instruction-charters'!P45 -> 21.87 | O44: =SUM(C44:L44) -> 6.05
A45: A7 | B45: MOAB CHARTER SCHOOL | C45: 0 | D45: 0 | E45: 0 | F45: 1 | G45: 1 | H45: 0 | I45: 0 | J45: 0 | K45: 0 | L45: 0.5 | M45: =SUM(N45:O45) -> 9.25 | N45: ='instruction-charters'!P46 -> 6.75 | O45: =SUM(C45:L45) -> 2.5
A46: 7C | B46: MONTICELLO ACADEMY | C46: 0 | D46: 1 | E46: 1.1 | F46: 0 | G46: 3.5 | H46: 0 | I46: 0 | J46: 1 | K46: 0 | L46: 2.24 | M46: =SUM(N46:O46) -> 54.08 | N46: ='instruction-charters'!P47 -> 45.24 | O46: =SUM(C46:L46) -> 8.84
A47: 8C | B47: MOUNTAINVILLE ACADEMY | C47: 0 | D47: 0 | E47: 0 | F47: 3.22 | G47: 3 | H47: 0 | I47: 0 | J47: 0 | K47: 0 | L47: 5 | M47: =SUM(N47:O47) -> 60.47 | N47: ='instruction-charters'!P48 -> 49.25 | O47: =SUM(C47:L47) -> 11.22
A48: 9B | B48: NAVIGATOR POINTE ACADEMY | C48: 0 | D48: 0 | E48: 0 | F48: 1 | G48: 2.75 | H48: 0.4 | I48: 0 | J48: 0 | K48: 0.14 | L48: 1.91 | M48: =SUM(N48:O48) -> 50.47 | N48: ='instruction-charters'!P49 -> 44.27 | O48: =SUM(C48:L48) -> 6.2
A49: A1 | B49: NO UT ACAD FOR MATH ENGINEERING & SCIENCE (NUAMES) | C49: 0 | D49: 0 | E49: 0 | F49: 3 | G49: 1 | H49: 0 | I49: 0 | J49: 0 | K49: 0 | L49: 1.8 | M49: =SUM(N49:O49) -> 24.85 | N49: ='instruction-charters'!P50 -> 19.05 | O49: =SUM(C49:L49) -> 5.8
A50: 6D | B50: NOAH WEBSTER ACADEMY | C50: 0 | D50: 0 | E50: 0 | F50: 1 | G50: 7 | H50: 0.31 | I50: 0 | J50: 1 | K50: 0 | L50: 7 | M50: =SUM(N50:O50) -> 64.31 | N50: ='instruction-charters'!P51 -> 48 | O50: =SUM(C50:L50) -> 16.31
... A53: 1C | B53: ODYSSEY CHARTER SCHOOL | C53: 0 | D53: 1 | E53: 1 | F53: 0 | G53: 1.55 | H53: 0.89 | I53: 0 | J53: 0 | K53: 0.56 | L53: 0.82 | M53: =SUM(N53:O53) -> 31.83 | N53: ='instruction-charters'!P54 -> 26.01 | O53: =SUM(C53:L53) -> 5.82
A54: 68 | B54: OGDEN PREPARATORY ACADEMY | C54: 1 | D54: 0 | E54: 0 | F54: 2.4 | G54: 4.97 | H54: 0.5 | I54: 0 | J54: 1 | K54: 0.08 | L54: 4.85 | M54: =SUM(N54:O54) -> 84.69 | N54: ='instruction-charters'!P55 -> 69.89 | O54: =SUM(C54:L54) -> 14.8
A55: 8D | B55: OPEN CLASSROOM | C55: 0 | D55: † | E55: † | F55: 1 | G55: † | H55: 0 | I55: † | J55: † | K55: † | L55: † | M55: =SUM(N55:O55) -> 20.6 | N55: ='instruction-charters'!P56 -> 19.6 | O55: =SUM(C55:L55) -> 1
A56: 9F | B56: OPEN HIGH SCHOOL OF UTAH | C56: 0 | D56: 0 | E56: 0 | F56: 1 | G56: 1.5 | H56: 0 | I56: 0 | J56: 0 | K56: 0 | L56: 0 | M56: =SUM(N56:O56) -> 21.32 | N56: ='instruction-charters'!P57 -> 18.82 | O56: =SUM(C56:L56) -> 2.5
A57: 1G | B57: OQUIRRH MOUNTAIN CHARTER SCHOOL | C57: 0 | D57: 0 | E57: 0 | F57: 2 | G57: 2.53 | H57: 0.5 | I57: 0 | J57: 0.46 | K57: 0 | L57: 1.02 | M57: =SUM(N57:O57) -> 53.02 | N57: ='instruction-charters'!P58 -> 46.51 | O57: =SUM(C57:L57) -> 6.51
A58: 9C | B58: PARADIGM HIGH SCHOOL | C58: 1.1 | D58: 0 | E58: 0 | F58: 5.7 | G58: 4 | H58: 0 | I58: 0 | J58: 0 | K58: 0 | L58: 2.5 | M58: =SUM(N58:O58) -> 53.38 | N58: ='instruction-charters'!P59 -> 40.08 | O58: =SUM(C58:L58) -> 13.3
A59: 86 | B59: PINNACLE CANYON ACADEMY | C59: 1.25 | D59: 2 | E59: 2 | F59: 1.8 | G59: 2 | H59: 1.2 | I59: 0 | J59: 1 | K59: 0.1 | L59: 5 | M59: =SUM(N59:O59) -> 75.76 | N59: ='instruction-charters'!P60 -> 59.41 | O59: =SUM(C59:L59) -> 16.35
A60: 9E | B60: PROVIDENCE HALL | C60: 0 | D60: 0 | E60: 2.76 | F60: 2 | G60: 0 | H60: 0 | I60: 0 | J60: 1 | K60: 0.01 | L60: 9.25 | M60: =SUM(N60:O60) -> 104.63 | N60: ='instruction-charters'!P61 -> 89.61 | O60: =SUM(C60:L60) -> 15.02
A61: 5G | B61: QUAIL RUN PRIMARY SCHOOL | C61: 0 | D61: 0 | E61: 0 | F61: 0.8 | G61: 2 | H61: 0 | I61: 0 | J61: 1 | K61: 0 | L61: 9.5 | M61: =SUM(N61:O61) -> 49.85 | N61: ='instruction-charters'!P62 -> 36.55 | O61: =SUM(C61:L61) -> 13.3
A62: 1F | B62: QUEST ACADEMY | C62: 1.5 | D62: 0 | E62: 0 | F62: 0 | G62: 1.83 | H62: 0 | I62: 0 | J62: 0 | K62: 0 | L62: 0.3 | M62: =SUM(N62:O62) -> 48.3 | N62: ='instruction-charters'!P63 -> 44.67 | O62: =SUM(C62:L62) -> 3.63
A63: A2 | B63: RANCHES ACADEMY | C63: 0 | D63: 0 | E63: 0 | F63: 1 | G63: 1 | H63: 0 | I63: 0 | J63: 0 | K63: 0.1 | L63: 2 | M63: =SUM(N63:O63) -> 28.77 | N63: ='instruction-charters'!P64 -> 24.67 | O63: =SUM(C63:L63) -> 4.1
A64: 7B | B64: REAGAN ACADEMY | C64: 0 | D64: 0 | E64: 0 | F64: 2 | G64: 2 | H64: 0 | I64: 0 | J64: 1 | K64: 0.5 | L64: 4.75 | M64: =SUM(N64:O64) -> 59.01 | N64: ='instruction-charters'!P65 -> 48.76 | O64: =SUM(C64:L64) -> 10.25
A65: 1D | B65: RENAISSANCE ACADEMY | C65: 0.5 | D65: 0 | E65: 0 | F65: 1 | G65: 2 | H65: 0 | I65: 0 | J65: 0 | K65: 0 | L65: 5 | M65: =SUM(N65:O65) -> 53.19 | N65: ='instruction-charters'!P66 -> 44.69 | O65: =SUM(C65:L65) -> 8.5
A66: 2F | B66: ROCKWELL CHARTER HIGH SCHOOL | C66: 0.5 | D66: 0 | E66: 0 | F66: 0 | G66: 0.75 | H66: 0 | I66: 0 | J66: 0 | K66: 0 | L66: 2.1 | M66: =SUM(N66:O66) -> 21.06 | N66: ='instruction-charters'!P67 -> 17.71 | O66: =SUM(C66:L66) -> 3.35
A67: 97 | B67: SALT LAKE ARTS ACADEMY | C67: 0 | D67: 0 | E67: 0 | F67: 1 | G67: 1 | H67: 0 | I67: 0 | J67: 0 | K67: 0 | L67: 0 | M67: =SUM(N67:O67) -> 20.16 | N67: ='instruction-charters'!P68 -> 18.16 | O67: =SUM(C67:L67) -> 2
A68: 4F | B68: SALT LAKE CENTER FOR SCIENCE EDUCATION | C68: 1 | D68: † | E68: † | F68: 0 | G68: † | H68: 0 | I68: † | J68: † | K68: † | L68: † | M68: =SUM(N68:O68) -> 17.27 | N68: ='instruction-charters'!P69 -> 16.27 | O68: =SUM(C68:L68) -> 1
A69: 7D | B69: SALT LAKE SCHOOL FOR THE PERFORMING ARTS | C69: 1 | D69: 1 | E69: 1 | F69: 1 | G69: 1 | H69: 0 | I69: 0 | J69: 0 | K69: 0 | L69: 2.13 | M69: =SUM(N69:O69) -> 13.92 | N69: ='instruction-charters'!P70 -> 6.79 | O69: =SUM(C69:L69) -> 7.13
A70: 89 | B70: SOLDIER HOLLOW CHARTER SCHOOL | C70: 0 | D70: 0 | E70: 0 | F70: 1 | G70: 0 | H70: 0.25 | I70: 0 | J70: 0 | K70: 0 | L70: 0 | M70: =SUM(N70:O70) -> 17.75 | N70: ='instruction-charters'!P71 -> 16.5 | O70: =SUM(C70:L70) -> 1.25
A71: 3D | B71: SPECTRUM ACADEMY | C71: 0 | D71: 0 | E71: 1.75 | F71: 2 | G71: 4 | H71: 0 | I71: 0 | J71: 0 | K71: 0 | L71: 1.8 | M71: =SUM(N71:O71) -> 81.66 | N71: ='instruction-charters'!P72 -> 72.11 | O71: =SUM(C71:L71) -> 9.55
A72: A9 | B72: SUCCESS ACADEMY | C72: 0 | D72: 0 | E72: 0 | F72: 1 | G72: 0 | H72: 0 | I72: 0 | J72: 0 | K72: 0 | L72: 0 | M72: =SUM(N72:O72) -> 9.75 | N72: ='instruction-charters'!P73 -> 8.75 | O72: =SUM(C72:L72) -> 1
A73: A4 | B73: SUMMIT ACADEMY | C73: 0 | D73: 0.67 | E73: 3.67 | F73: 3 | G73: 4.5 | H73: 2 | I73: 0 | J73: 1 | K73: 0 | L73: 7.25 | M73: =SUM(N73:O73) -> 90.57 | N73: ='instruction-charters'!P74 -> 68.48 | O73: =SUM(C73:L73) -> 22.09
A74: 7G | B74: SUMMIT ACADEMY HIGH SCHOOL | C74: 0 | D74: 0 | E74: 0 | F74: 1 | G74: 1.3 | H74: 0 | I74: 0 | J74: 0 | K74: 0 | L74: 0 | M74: =SUM(N74:O74) -> 21.67 | N74: ='instruction-charters'!P75 -> 19.37 | O74: =SUM(C74:L74) -> 2.3
A75: 4D | B75: SYRACUSE ARTS ACADEMY | C75: 0 | D75: 0 | E75: 0 | F75: 3 | G75: 2 | H75: 0 | I75: 0 | J75: 0.75 | K75: 0 | L75: 3.54 | M75: =SUM(N75:O75) -> 66.99 | N75: ='instruction-charters'!P76 -> 57.7 | O75: =SUM(C75:L75) -> 9.29
A76: 94 | B76: THOMAS EDISON - NORTH | C76: 0 | D76: 0 | E76: 0 | F76: 3 | G76: 5.1 | H76: 2 | I76: 0 | J76: 0 | K76: 0 | L76: 5.4 | M76: =SUM(N76:O76) -> 99.14 | N76: ='instruction-charters'!P77 -> 83.64 | O76: =SUM(C76:L76) -> 15.5
A77: 95 | B77: TIMPANOGOS ACADEMY | C77: 0 | D77: 0 | E77: 2.25 | F77: 1 | G77: 0 | H77: 0 | I77: 0 | J77: 0 | K77: 0 | L77: 0 | M77: =SUM(N77:O77) -> 27.75 | N77: ='instruction-charters'!P78 -> 24.5 | O77: =SUM(C77:L77) -> 3.25
A78: 90 | B78: TUACAHN HIGH SCHOOL FOR THE PERFORMING ARTS | C78: 0.54 | D78: 1 | E78: 1 | F78: 2.59 | G78: 1 | H78: 0 | I78: 0 | J78: 0 | K78: 0 | L78: 0 | M78: =SUM(N78:O78) -> 26.04 | N78: ='instruction-charters'!P79 -> 19.91 | O78: =SUM(C78:L78) -> 6.13
A79: 92 | B79: UINTAH RIVER HIGH | C79: 0 | D79: 0 | E79: 0 | F79: 1 | G79: 0 | H79: 0 | I79: 0 | J79: 0 | K79: 0 | L79: 0 | M79: =SUM(N79:O79) -> 11.17 | N79: ='instruction-charters'!P80 -> 10.17 | O79: =SUM(C79:L79) -> 1
A80: 2H | B80: UTAH CONNECTIONS ACADEMY | C80: 0 | D80: 0 | E80: 0 | F80: 1 | G80: 1 | H80: 0 | I80: 0 | J80: 0 | K80: 0 | L80: 0 | M80: =SUM(N80:O80) -> 9.65 | N80: ='instruction-charters'!P81 -> 7.65 | O80: =SUM(C80:L80) -> 2
A81: 1B | B81: UTAH COUNTY ACADEMY OF SCIENCE (UCAS) | C81: 0 | D81: 0 | E81: 0 | F81: 1.29 | G81: 1 | H81: 0 | I81: 0 | J81: 0 | K81: 0 | L81: 0.75 | M81: =SUM(N81:O81) -> 19.42 | N81: ='instruction-charters'!P82 -> 16.38 | O81: =SUM(C81:L81) -> 3.04
A82: 5F | B82: UTAH VIRTUAL ACADEMY | C82: 2.25 | D82: 0 | E82: 2 | F82: 2 | G82: 1 | H82: 0 | I82: 0 | J82: 0 | K82: 0 | L82: 0 | M82: =SUM(N82:O82) -> 66.65 | N82: ='instruction-charters'!P83 -> 59.4 | O82: =SUM(C82:L82) -> 7.25
A83: 3F | B83: VENTURE ACADEMY | C83: 0 | D83: 0 | E83: 0 | F83: 2 | G83: 2.2 | H83: 0 | I83: 0 | J83: 0 | K83: 0 | L83: 3.4 | M83: =SUM(N83:O83) -> 39.3 | N83: ='instruction-charters'!P84 -> 31.7 | O83: =SUM(C83:L83) -> 7.6
A84: 2G | B84: VISTA AT ENTRADA SCHOOL OF PERFORMING ARTS AND TECHNOLOGY | C84: 0 | D84: † | E84: † | F84: 1.3 | G84: 0 | H84: 1 | I84: † | J84: † | K84: † | L84: † | M84: =SUM(N84:O84) -> 40.26 | N84: ='instruction-charters'!P85 -> 37.96 | O84: =SUM(C84:L84) -> 2.3
A85: 81 | B85: WALDEN SCHOOL OF LIBERAL ARTS | C85: 0 | D85: 1 | E85: 2 | F85: 1.98 | G85: 1.73 | H85: 0 | I85: 0 | J85: 0 | K85: 0.03 | L85: 1.48 | M85: =SUM(N85:O85) -> 46.25 | N85: ='instruction-charters'!P86 -> 38.03 | O85: =SUM(C85:L85) -> 8.22
A86: 4B | B86: WASATCH PEAK ACADEMY | C86: 0 | D86: 0 | E86: 0 | F86: 1 | G86: 3.75 | H86: 0 | I86: 0 | J86: 0.83 | K86: 0 | L86: 1.27 | M86: =SUM(N86:O86) -> 36.69 | N86: ='instruction-charters'!P87 -> 29.84 | O86: =SUM(C86:L86) -> 6.85
A87: 6G | B87: WEILENMANN SCHOOL OF DISCOVERY | C87: 0 | D87: 0 | E87: 0 | F87: 2.5 | G87: 2.5 | H87: 0 | I87: 0 | J87: 0.5 | K87: 0 | L87: 2 | M87: =SUM(N87:O87) -> 43.58 | N87: ='instruction-charters'!P88 -> 36.08 | O87: =SUM(C87:L87) -> 7.5
B88: TOTAL CHARTERS | C88: =SUM(C8:C87) -> 28.57 | D88: =SUM(D8:D87) -> 15.37 | E88: =SUM(E8:E87) -> 37.7 | F88: =SUM(F8:F87) -> 111.33 | G88: =SUM(G8:G87) -> 147.12 | H88: =SUM(H8:H87) -> 16.58 | I88: =SUM(I8:I87) -> 0 | J88: =SUM(J8:J87) -> 17.34 | ... M88: =SUM(M8:M87) -> 3283.82
B89: † Data not available because school did not submit a Classified Personnel Report.
B90: ‡ School submitted a Classified Personnel Report, but some figures were improbably large.
