Workbook

Sheet INPUT
A1: CONCRETE BATCH PLANT EMISSIONS CALCULATOR - INPUT SCREEN
A2: REVISION A; Issued 01/23/2006
C3: Instructions: Enter emission source / facility data on the "INPUT" tab/screen. The air emission results and summary of input data are viewed / printed on the "OUTPUT" tab/screen. The different tabs are on the bottom of this screen.
C6: This spreadsheet is for your use only and should be used with caution. DENR does not guarantee the accuracy of the information contained. This spreadsheet is subject to continual revision and updating. It is your responsibility to be aware of the most current information available. DENR is not responsible for errors or omissions that may be contained herein.
A11: Directions: Enter and select information in the boxes that are highlighted in blue:
A13: General Facility Information
A14: COMPANY NAME: | F14: Company Name
A15: FACILITY ID NUMBER: | F15: 04/01/12345
A16: PERMIT NUMBER | F16: 01234R00
A17: FACILITY CITY: | F17: City
A18: FACILITY COUNTY: | F18: County
A19: SPREADSHEET PREPARED BY: | F19: Your Name
A21: General Facility Information
A22: MAXIMUM HOURLY THROUGHPUT AT TRUCK LOAD OUT | F22: 1 | G22: (yd3/hour)
A23: IS THE MAXIMUM THROUGHPUT A SYNTHETIC LIMIT? | F23: 1 | G23: (1=No, 2=Yes)
A24: ACTUAL ANNUAL PRODUCTION | F24: 1 | G24: (yd3/year)
A26: Facility Production Information
A27: PERCENT OF ANNUAL LOADOUT THROUGH TRUCK MIX | F27: 100 | G27: (% by volume)
A28: PERCENT OF ANNUAL LOADOUT THROUGH CENTRAL MIX | F28: 0 | G28: (% by volume)
A30: Facility Emissions Control Information
A31: IS THERE A CONTROL DEVICE ON THE TRUCK MIX? | F31: 1 | G31: (1=No, 2=Yes)
A32: IS THERE A CONTROL DEVICE ON THE CENTRAL MIX? | F32: 1 | G32: (1=No, 2=Yes)
A34: Material Composition Information | H34: Typical NC Comp.*
A35: Cement | F35: 410 | G35: lbs | H35: 410 lbs
A36: Supplement | F36: 120 | G36: lbs | H36: 120 lbs
A37: Coarse Aggregate | F37: 1884 | G37: lbs | H37: 1884 lbs
A38: Sand | F38: 1443 | G38: lbs | H38: 1443 lbs
A39: Water | F39: 167 | G39: lbs | H39: 167 lbs
A40: Total | F40: 4024 | G40: lbs | H40: 4024 lbs
A41: * North Carolina typical material composition is based on data from industry contacts. User may enter site-specific data.

Sheet OUTPUT
A1: CONCRETE BATCH PLANT EMISSIONS CALCULATOR - OUTPUT SCREEN
A2: =INPUT!A2 -> REVISION A; Issued 01/23/2006
C3: =INPUT!C6 -> This spreadsheet is for your use only and should be used with caution. DENR does not guarantee the accuracy of the information contained. This spreadsheet is subject to continual revision and updating. It is your responsibility to be aware of the most current information available. DENR is not responsible for errors or omissions that may be contained herein.
A10: SOURCE / FACILITY / USER INPUT SUMMARY (FROM INPUT SCREEN)
A11: General Facility Information
A12: COMPANY NAME: | F12: =INPUT!F14 -> Company Name
A13: FACILITY ID NUMBER: | F13: =INPUT!F15 -> 04/01/12345
A14: PERMIT NUMBER | F14: =INPUT!F16 -> 01234R00
A15: FACILITY CITY: | F15: =INPUT!F17 -> City
A16: FACILITY COUNTY: | F16: =INPUT!F18 -> County
A17: SPREADSHEET PREPARED BY: | F17: =INPUT!F19 -> Your Name
A19: General Facility Information
A20: MAXIMUM HOURLY THROUGHPUT AT TRUCK LOAD OUT | F20: =INPUT!F22 -> 1 | G20: (yd3/hour)
A21: IS THE MAXIMUM THROUGHPUT A SYNTHETIC LIMIT? | F21: =INPUT!F23 -> 1 | G21: (1=No, 2=Yes)
A22: ACTUAL ANNUAL PRODUCTION | F22: =INPUT!F24 -> 1 | G22: (yd3/year)
A24: Facility Production Information
A25: PERCENT OF ANNUAL LOADOUT THROUGH TRUCK MIX | F25: =INPUT!F27 -> 100 | G25: (% by volume)
A26: PERCENT OF ANNUAL LOADOUT THROUGH CENTRAL MIX | F26: =INPUT!F28 -> 0 | G26: (% by volume)
A28: Facility Emissions Control Information
A29: IS THERE A CONTROL DEVICE ON THE TRUCK MIX? | F29: =INPUT!F31 -> 1 | G29: (1=No, 2=Yes)
A30: IS THERE A CONTROL DEVICE ON THE CENTRAL MIX? | F30: =INPUT!F32 -> 1 | G30: (1=No, 2=Yes)
A32: Material Composition Information | H32: Typical NC Comp.*
A33: Cement | F33: =INPUT!F35 -> 410 | G33: lbs | H33: 410 lbs
A34: Supplement | F34: =INPUT!F36 -> 120 | G34: lbs | H34: 120 lbs
A35: Coarse Aggregate | F35: =INPUT!F37 -> 1884 | G35: lbs | H35: 1884 lbs
A36: Sand | F36: =INPUT!F38 -> 1443 | G36: lbs | H36: 1443 lbs
A37: Water | F37: =INPUT!F39 -> 167 | G37: lbs | H37: 167 lbs
A38: Total | F38: =INPUT!F40 -> 4024 | G38: lbs | H38: 4024 lbs
A39: * North Carolina typical material composition is based on data from industry contacts. User may enter site-specific data.
A42: PARTICULATE MATTER EMISSIONS INFORMATION
A43: PARTICULATE EMISSIONS | D43: Expected Actual | G43: Potential Emissions
D44: After Controls/Limit | F44: Before Controls/Limit | H44: After Controls/Limit
A45: Source | C45: Pollutant | D45: lb/hr | E45: tons/yr | F45: lb/hr | G45: tons/yr | H45: lb/hr | I45: tons/yr
A46: truck mix | C46: PM | D46: =INPUT!$F$22*2.012*INPUT!$F$27/100*CHOOSE(INPUT!$F$31,FACTORS!$B$10,FACTORS!$B$11)*(INPUT!$F$35+INPUT!$F$36)/INPUT!$F$40 -> 0.3869 | E46: =INPUT!$F$24*2.012*INPUT!$F$27/100*CHOOSE(INPUT!$F$31,FACTORS!$B$10,FACTORS!$B$11)*(INPUT!$F$35+INPUT!$F$36)/INPUT!$F$40/2000 -> 0.00019345 | F46: =INPUT!$F$22*2.012*INPUT!$F$27/100*FACTORS!$B$10*(INPUT!$F$35+INPUT!$F$36)/INPUT!$F$40 -> 0.3869 | G46: =INPUT!$F$22*2.012*INPUT!$F$27/100*FACTORS!$B$10*(INPUT!$F$35+INPUT!$F$36)/INPUT!$F$40*8760/2000 -> 1.694622 | H46: =CHOOSE(INPUT!$F$23,INPUT!$F$22,FACTORS!$C$44)*2.012*INPUT!$F$27/100*CHOOSE(INPUT!$F$31,FACTORS!$B$10,FACTORS!$B$11)*(INPUT!$F$35+INPUT!$F$36)/INPUT!$F$40 -> 0.3869 | I46: =CHOOSE(INPUT!$F$23,INPUT!$F$22,FACTORS!$C$44)*2.012*INPUT!$F$27/100*CHOOSE(INPUT!$F$31,FACTORS!$B$10,FACTORS!$B$11)*(INPUT!$F$35+INPUT!$F$36)/INPUT!$F$40*8760/2000 -> 1.694622
C47: PM10 | D47: =INPUT!$F$22*2.012*INPUT!$F$27/100*CHOOSE(INPUT!$F$31,FACTORS!$D$10,FACTORS!$D$11)*(INPUT!$F$35+INPUT!$F$36)/INPUT!$F$40 -> 0.110505 | E47: =INPUT!$F$24*2.012*INPUT!$F$27/100*CHOOSE(INPUT!$F$31,FACTORS!$D$10,FACTORS!$D$11)*(INPUT!$F$35+INPUT!$F$36)/INPUT!$F$40/2000 -> 5.52525e-05 | F47: =INPUT!$F$22*2.012*INPUT!$F$27/100*FACTORS!$D$10*(INPUT!$F$35+INPUT!$F$36)/INPUT!$F$40 -> 0.110505 | G47: =INPUT!$F$22*2.012*INPUT!$F$27/100*FACTORS!$D$10*(INPUT!$F$35+INPUT!$F$36)/INPUT!$F$40*8760/2000 -> 0.4840119 | H47: =CHOOSE(INPUT!$F$23,INPUT!$F$22,FACTORS!$C$44)*2.012*INPUT!$F$27/100*CHOOSE(INPUT!$F$31,FACTORS!$D$10,FACTORS!$D$11)*(INPUT!$F$35+INPUT!$F$36)/INPUT!$F$40 -> 0.110505 | I47: =CHOOSE(INPUT!$F$23,INPUT!$F$22,FACTORS!$C$44)*2.012*INPUT!$F$27/100*CHOOSE(INPUT!$F$31,FACTORS!$D$10,FACTORS!$D$11)*(INPUT!$F$35+INPUT!$F$36)/INPUT!$F$40*8760/2000 -> 0.4840119
A48: central mix | C48: PM | D48: =INPUT!$F$22*2.012*INPUT!$F$28/100*CHOOSE(INPUT!$F$32,FACTORS!$B$12,FACTORS!$B$13)*(INPUT!$F$35+INPUT!$F$36)/INPUT!$F$40 -> 0 | E48: =INPUT!$F$24*2.012*INPUT!$F$28/100*CHOOSE(INPUT!$F$32,FACTORS!$B$12,FACTORS!$B$13)*(INPUT!$F$35+INPUT!$F$36)/INPUT!$F$40/2000 -> 0 | F48: =INPUT!$F$22*2.012*INPUT!$F$28/100*FACTORS!$B$12*(INPUT!$F$35+INPUT!$F$36)/INPUT!$F$40 -> 0 | G48: =INPUT!$F$22*2.012*INPUT!$F$28/100*FACTORS!$B$12*(INPUT!$F$35+INPUT!$F$36)/INPUT!$F$40*8760/2000 -> 0 | H48: =CHOOSE(INPUT!$F$23,INPUT!$F$22,FACTORS!$C$44)*2.012*INPUT!$F$28/100*CHOOSE(INPUT!$F$32,FACTORS!$B$12,FACTORS!$B$13)*(INPUT!$F$35+INPUT!$F$36)/INPUT!$F$40 -> 0 | I48: =CHOOSE(INPUT!$F$23,INPUT!$F$22,FACTORS!$C$44)*2.012*INPUT!$F$28/100*CHOOSE(INPUT!$F$32,FACTORS!$B$12,FACTORS!$B$13)*(INPUT!$F$35+INPUT!$F$36)/INPUT!$F$40*8760/2000 -> 0
C49: PM10 | D49: =INPUT!$F$22*2.012*INPUT!$F$28/100*CHOOSE(INPUT!$F$32,FACTORS!$D$12,FACTORS!$D$13)*(INPUT!$F$35+INPUT!$F$36)/INPUT!$F$40 -> 0 | E49: =INPUT!$F$24*2.012*INPUT!$F$28/100*CHOOSE(INPUT!$F$32,FACTORS!$D$12,FACTORS!$D$13)*(INPUT!$F$35+INPUT!$F$36)/INPUT!$F$40/2000 -> 0 | F49: =INPUT!$F$22*2.012*INPUT!$F$28/100*FACTORS!$D$12*(INPUT!$F$35+INPUT!$F$36)/INPUT!$F$40 -> 0 | G49: =INPUT!$F$22*2.012*INPUT!$F$28/100*FACTORS!$D$12*(INPUT!$F$35+INPUT!$F$36)/INPUT!$F$40*8760/2000 -> 0 | H49: =CHOOSE(INPUT!$F$23,INPUT!$F$22,FACTORS!$C$44)*2.012*INPUT!$F$28/100*CHOOSE(INPUT!$F$32,FACTORS!$D$12,FACTORS!$D$13)*(INPUT!$F$35+INPUT!$F$36)/INPUT!$F$40 -> 0 | I49: =CHOOSE(INPUT!$F$23,INPUT!$F$22,FACTORS!$C$44)*2.012*INPUT!$F$28/100*CHOOSE(INPUT!$F$32,FACTORS!$D$12,FACTORS!$D$13)*(INPUT!$F$35+INPUT!$F$36)/INPUT!$F$40*8760/2000 -> 0
A50: cement silo | C50: PM | D50: =INPUT!$F$22*2.012*FACTORS!$B$5*INPUT!$F$35/INPUT!$F$40 -> 0.00020295 | E50: =INPUT!$F$24*2.012*FACTORS!$B$5*INPUT!$F$35/INPUT!$F$40/2000 -> 1.01475e-07 | F50: =INPUT!$F$22*2.012*FACTORS!$B$4*INPUT!$F$35/INPUT!$F$40 -> 0.1476 | G50: =INPUT!$F$22*2.012*FACTORS!$B$4*INPUT!$F$35/INPUT!$F$40*8760/2000 -> 0.646488 | H50: =CHOOSE(INPUT!$F$23,INPUT!$F$22,FACTORS!$C$44)*2.012*FACTORS!$B$5*INPUT!$F$35/INPUT!$F$40 -> 0.00020295 | I50: =CHOOSE(INPUT!$F$23,INPUT!$F$22,FACTORS!$C$44)*2.012*FACTORS!$B$5*INPUT!$F$35/INPUT!$F$40*8760/2000 -> 0.000888921
C51: PM10 | D51: =INPUT!$F$22*2.012*FACTORS!$D$5*INPUT!$F$35/INPUT!$F$40 -> 6.97e-05 | E51: =INPUT!$F$24*2.012*FACTORS!$D$5*INPUT!$F$35/INPUT!$F$40/2000 -> 3.485e-08 | F51: =INPUT!$F$22*2.012*FACTORS!$D$4*INPUT!$F$35/INPUT!$F$40 -> 0.0943 | G51: =INPUT!$F$22*2.012*FACTORS!$D$4*INPUT!$F$35/INPUT!$F$40*8760/2000 -> 0.413034 | H51: =CHOOSE(INPUT!$F$23,INPUT!$F$22,FACTORS!$C$44)*2.012*FACTORS!$D$5*INPUT!$F$35/INPUT!$F$40 -> 6.97e-05 | I51: =CHOOSE(INPUT!$F$23,INPUT!$F$22,FACTORS!$C$44)*2.012*FACTORS!$D$5*INPUT!$F$35/INPUT!$F$40*8760/2000 -> 0.000305286
A52: suppl. Silo | C52: PM | D52: =INPUT!$F$22*2.012*FACTORS!$B$7*INPUT!$F$36/INPUT!$F$40 -> 0.000534 | E52: =INPUT!$F$24*2.012*FACTORS!$B$7*INPUT!$F$36/INPUT!$F$40/2000 -> 2.67e-07 | F52: =INPUT!$F$22*2.012*FACTORS!$B$6*INPUT!$F$36/INPUT!$F$40 -> 0.1884 | G52: =INPUT!$F$22*2.012*FACTORS!$B$6*INPUT!$F$36/INPUT!$F$40*8760/2000 -> 0.825192 | H52: =CHOOSE(INPUT!$F$23,INPUT!$F$22,FACTORS!$C$44)*2.012*FACTORS!$B$7*INPUT!$F$36/INPUT!$F$40 -> 0.000534 | I52: =CHOOSE(INPUT!$F$23,INPUT!$F$22,FACTORS!$C$44)*2.012*FACTORS!$B$7*INPUT!$F$36/INPUT!$F$40*8760/2000 -> 0.00233892
C53: PM10 | D53: =INPUT!$F$22*2.012*FACTORS!$D$7*INPUT!$F$36/INPUT!$F$40 -> 0.000294 | E53: =INPUT!$F$24*2.012*FACTORS!$D$7*INPUT!$F$36/INPUT!$F$40/2000 -> 1.47e-07 | F53: =INPUT!$F$22*2.012*FACTORS!$D$6*INPUT!$F$36/INPUT!$F$40 -> 0.066 | G53: =INPUT!$F$22*2.012*FACTORS!$D$6*INPUT!$F$36/INPUT!$F$40*8760/2000 -> 0.28908 | H53: =CHOOSE(INPUT!$F$23,INPUT!$F$22,FACTORS!$C$44)*2.012*FACTORS!$D$7*INPUT!$F$36/INPUT!$F$40 -> 0.000294 | I53: =CHOOSE(INPUT!$F$23,INPUT!$F$22,FACTORS!$C$44)*2.012*FACTORS!$D$7*INPUT!$F$36/INPUT!$F$40*8760/2000 -> 0.00128772
A54: weigh hopper** | C54: PM | D54: =INPUT!$F$22*2.012*FACTORS!$B$8*(INPUT!$F$37+INPUT!$F$38)/INPUT!$F$40 -> 0.00848385 | E54: =INPUT!$F$24*2.012*FACTORS!$B$8*(INPUT!$F$37+INPUT!$F$38)/INPUT!$F$40/2000 -> 4.241925e-06 | F54: =INPUT!$F$22*2.012*FACTORS!$B$8*(INPUT!$F$37+INPUT!$F$38)/INPUT!$F$40 -> 0.00848385 | G54: =INPUT!$F$22*2.012*FACTORS!$B$8*(INPUT!$F$37+INPUT!$F$38)/INPUT!$F$40*8760/2000 -> 0.037159263 | H54: No Data | I54: No Data
A55: [sand & aggr.] | C55: PM10 | D55: =INPUT!$F$22*2.012*FACTORS!$D$8*(INPUT!$F$37+INPUT!$F$38)/INPUT!$F$40 -> 0.0039924 | E55: =INPUT!$F$24*2.012*FACTORS!$D$8*(INPUT!$F$37+INPUT!$F$38)/INPUT!$F$40/2000 -> 1.9962e-06 | F55: =INPUT!$F$22*2.012*FACTORS!$D$8*(INPUT!$F$37+INPUT!$F$38)/INPUT!$F$40 -> 0.0039924 | G55: =INPUT!$F$22*2.012*FACTORS!$D$8*(INPUT!$F$37+INPUT!$F$38)/INPUT!$F$40*8760/2000 -> 0.017486712 | H55: No Data | I55: No Data
A56: sand & aggr. | C56: PM | D56: =INPUT!$F$22*FACTORS!$B$14 -> 0.0237 | E56: =INPUT!$F$24*FACTORS!$B$14/2000 -> 1.185e-05 | F56: =INPUT!$F$22*FACTORS!$B$14 -> 0.0237 | G56: =INPUT!$F$22*FACTORS!$B$14*8760/2000 -> 0.103806 | H56: =CHOOSE(INPUT!$F$23,INPUT!$F$22,FACTORS!$C$44)*FACTORS!$B$14 -> 0.0237 | I56: =CHOOSE(INPUT!$F$23,INPUT!$F$22,FACTORS!$C$44)*FACTORS!$B$14*8760/2000 -> 0.103806
C57: PM10 | D57: =INPUT!$F$22*FACTORS!$D$14 -> 0.0114 | E57: =INPUT!$F$24*FACTORS!$D$14/2000 -> 5.7e-06 | F57: =INPUT!$F$22*FACTORS!$D$14 -> 0.0114 | G57: =INPUT!$F$22*FACTORS!$D$14*8760/2000 -> 0.049932 | H57: =CHOOSE(INPUT!$F$23,INPUT!$F$22,FACTORS!$C$44)*FACTORS!$D$14 -> 0.0114 | I57: =CHOOSE(INPUT!$F$23,INPUT!$F$22,FACTORS!$C$44)*FACTORS!$D$14*8760/2000 -> 0.049932
A58: TOTAL PM | C58: PM | D58: =D46+D48+D50+D52+D54+D56 -> 0.4198208 | E58: =E46+E48+E50+E52+E54+E56 -> 0.0002099104 | F58: =F46+F48+F50+F52+F54+F56 -> 0.75508385 | G58: =G46+G48+G50+G52+G54+G56 -> 3.3072673 | H58: =H46+H48+H50+H52+F54+H56 -> 0.4198208 | I58: =I46+I48+I50+I52+G54+I56 -> 1.8388151
A59: TOTAL PM10 | C59: PM10 | D59: =D47+D49+D51+D53+D55+D57 -> 0.1262611 | E59: =E47+E49+E51+E53+E55+E57 -> 6.313055e-05 | F59: =F47+F49+F51+F53+F55+F57 -> 0.2861974 | G59: =G47+G49+G51+G53+G55+G57 -> 1.2535446 | H59: =H47+H49+H51+H53+F55+H57 -> 0.1262611 | I59: =I47+I49+I51+I53+G55+I57 -> 0.55302362
A61: Title V Potential | C61: PM10 | G61: =G51+G53+G55 -> 0.71960071
A62: **Actual weigh hopper (sand & aggr) emissions assumed uncontrolled since AP-42 reports "no data" for controlled.
A64: ARSENIC EMISSIONS INFORMATION
A65: ARSENIC EMISSIONS | D65: Actuals w/Controls/Limits | G65: Potentials w/Controls/Limits
E66: Arsenic | H66: Arsenic
A67: Source | C67: Pollutant | D67: Ref. | E67: lb/yr | G67: Ref. | H67: lb/yr
A68: truck mix | C68: Arsenic | D68: (ATC2005) | E68: =INPUT!$F$24*2.012*INPUT!$F$27/100*CHOOSE(INPUT!$F$31,FACTORS!$F$10,FACTORS!$F$11)*(INPUT!$F$35+INPUT!$F$36)/INPUT!$F$40 -> 1.802e-05 | G68: (ATC2005) | H68: =CHOOSE(INPUT!$F$23,INPUT!$F$22,FACTORS!$C$44)*2.012*INPUT!$F$27/100*CHOOSE(INPUT!$F$31,FACTORS!$F$10,FACTORS!$F$11)*(INPUT!$F$35+INPUT!$F$36)/INPUT!$F$40*8760 -> 0.1578552
A69: central mix | C69: Arsenic | D69: (ATC2005) | E69: =INPUT!$F$24*2.012*INPUT!$F$28/100*CHOOSE(INPUT!$F$32,FACTORS!$F$12,FACTORS!$F$13)*(INPUT!$F$35+INPUT!$F$36)/INPUT!$F$40 -> 0 | G69: (ATC2005) | H69: =CHOOSE(INPUT!$F$23,INPUT!$F$22,FACTORS!$C$44)*2.012*INPUT!$F$28/100*CHOOSE(INPUT!$F$32,FACTORS!$F$12,FACTORS!$F$13)*(INPUT!$F$35+INPUT!$F$36)/INPUT!$F$40*8760 -> 0
A70: cement silo | C70: Arsenic | D70: (EPA2001) | E70: =INPUT!$F$24*2.012*FACTORS!$F$5*INPUT!$F$35/INPUT!$F$40 -> 8.692e-10 | G70: (EPA2001) | H70: =CHOOSE(INPUT!$F$23,INPUT!$F$22,FACTORS!$C$44)*2.012*FACTORS!$F$5*INPUT!$F$35/INPUT!$F$40*8760 -> 7.614192e-06
A71: supplement silo | C71: Arsenic | D71: (EPA2001) | E71: =INPUT!$F$24*2.012*FACTORS!$F$7*INPUT!$F$36/INPUT!$F$40 -> 6e-08 | G71: (EPA2001) | H71: =CHOOSE(INPUT!$F$23,INPUT!$F$22,FACTORS!$C$44)*2.012*FACTORS!$F$7*INPUT!$F$36/INPUT!$F$40*8760 -> 0.0005256
A72: TOTAL | C72: Arsenic | E72: =E68+E69+E70+E71 -> 1.8080869e-05 | H72: =H68+H69+H70+H71 -> 0.15838841
D73: (Arsenic TPER: 0.016 lb/yr)
A75: BERYLLIUM EMISSIONS INFORMATION
A76: BERYLLIUM EMISSIONS | D76: Actuals w/Controls/Limits | G76: Potentials w/Controls/Limits
E77: Beryllium | H77: Beryllium
A78: Source | C78: Pollutant | D78: Ref. | E78: lb/yr | G78: Ref. | H78: lb/yr
A79: truck mix | C79: Beryllium | D79: (EPA2001) | E79: =INPUT!$F$24*2.012*INPUT!$F$27/100*CHOOSE(INPUT!$F$31,FACTORS!$B$23,FACTORS!$B$24)*(INPUT!$F$35+INPUT!$F$36)/INPUT!$F$40 -> 6.466e-08 | G79: (EPA2001) | H79: =CHOOSE(INPUT!$F$23,INPUT!$F$22,FACTORS!$C$44)*2.012*INPUT!$F$27/100*CHOOSE(INPUT!$F$31,FACTORS!$B$23,FACTORS!$B$24)*(INPUT!$F$35+INPUT!$F$36)/INPUT!$F$40*8760 -> 0.0005664216
A80: central mix | C80: Beryllium | D80: (No Data) | E80: - | G80: (No Data) | H80: -
A81: cement silo | C81: Beryllium | D81: (EPA2001) | E81: =INPUT!$F$24*2.012*FACTORS!$B$18*INPUT!$F$35/INPUT!$F$40 -> 9.963e-11 | G81: (EPA2001) | H81: =CHOOSE(INPUT!$F$23,INPUT!$F$22,FACTORS!$C$44)*2.012*FACTORS!$B$18*INPUT!$F$35/INPUT!$F$40*8760 -> 8.727588e-07
A82: supplement silo | C82: Beryllium | D82: (EPA2001) | E82: =INPUT!$F$24*2.012*FACTORS!$B$20*INPUT!$F$36/INPUT!$F$40 -> 5.424e-09 | G82: (EPA2001) | H82: =CHOOSE(INPUT!$F$23,INPUT!$F$22,FACTORS!$C$44)*2.012*FACTORS!$B$20*INPUT!$F$36/INPUT!$F$40*8760 -> 4.751424e-05
A83: TOTAL | C83: Beryllium | E83: =E79+E81+E82 -> 7.018363e-08 | H83: =H79+H81+H82 -> 0.0006148086
D84: (Beryllium TPER: 0.28 lb/yr)
A86: CADMIUM EMISSIONS INFORMATION
A87: CADMIUM EMISSIONS | D87: Actuals w/Controls/Limits | G87: Potentials w/Controls/Limits
E88: Cadmium | H88: Cadmium
A89: Source | C89: Pollutant | D89: Ref. | E89: lb/yr | G89: Ref. | H89: lb/yr
A90: truck mix | C90: Cadmium | D90: (EPA2001) | E90: =INPUT!$F$24*2.012*INPUT!$F$27/100*CHOOSE(INPUT!$F$31,FACTORS!$D$23,FACTORS!$D$24)*(INPUT!$F$35+INPUT!$F$36)/INPUT!$F$40 -> 9.063e-09 | G90: (EPA2001) | H90: =CHOOSE(INPUT!$F$23,INPUT!$F$22,FACTORS!$C$44)*2.012*INPUT!$F$27/100*CHOOSE(INPUT!$F$31,FACTORS!$D$23,FACTORS!$D$24)*(INPUT!$F$35+INPUT!$F$36)/INPUT!$F$40*8760 -> 7.939188e-05
A91: central mix | C91: Cadmium | D91: (EPA2001) | E91: =INPUT!$F$24*2.012*INPUT!$F$28/100*CHOOSE(INPUT!$F$32,FACTORS!$D$25,FACTORS!$D$26)*(INPUT!$F$35+INPUT!$F$36)/INPUT!$F$40 -> 0 | G91: (EPA2001) | H91: =CHOOSE(INPUT!$F$23,INPUT!$F$22,FACTORS!$C$44)*2.012*INPUT!$F$28/100*CHOOSE(INPUT!$F$32,FACTORS!$D$25,FACTORS!$D$26)*(INPUT!$F$35+INPUT!$F$36)/INPUT!$F$40*8760 -> 0
A92: cement silo | C92: Cadmium | D92: (EPA2001) | E92: =INPUT!$F$24*2.012*FACTORS!$D$18*INPUT!$F$35/INPUT!$F$40 -> 9.963e-11 | G92: (EPA2001) | H92: =CHOOSE(INPUT!$F$23,INPUT!$F$22,FACTORS!$C$44)*2.012*FACTORS!$D$18*INPUT!$F$35/INPUT!$F$40*8760 -> 8.727588e-07
A93: supplement silo | C93: Cadmium | D93: (EPA2001) | E93: =INPUT!$F$24*2.012*FACTORS!$D$20*INPUT!$F$36/INPUT!$F$40 -> 1.188e-09 | G93: (EPA2001) | H93: =CHOOSE(INPUT!$F$23,INPUT!$F$22,FACTORS!$C$44)*2.012*FACTORS!$D$20*INPUT!$F$36/INPUT!$F$40*8760 -> 1.040688e-05
A94: TOTAL | C94: Cadmium | E94: =E90+E91+E92+E93 -> 1.035063e-08 | H94: =H90+H91+H92+H93 -> 9.0671519e-05
D95: (Cadmium TPER: 0.37 lb/yr)
A97: CHROMIUM EMISSIONS INFORMATION
A98: CHROMIUM EMISSIONS | D98: Actuals w/Controls/Limits | G98: Potentials w/Controls/Limits
E99: Chromium | H99: Chromium
A100: Source | C100: Pollutant | D100: Ref. | E100: lb/yr | G100: Ref. | H100: lb/yr
A101: truck mix | C101: Chromium | D101: (EPA2001) | E101: =INPUT!$F$24*2.012*INPUT!$F$27/100*CHOOSE(INPUT!$F$31,FACTORS!$F$23,FACTORS!$F$24)*(INPUT!$F$35+INPUT!$F$36)/INPUT!$F$40 -> 3.021e-06 | G101: (EPA2001) | H101: =CHOOSE(INPUT!$F$23,INPUT!$F$22,FACTORS!$C$44)*2.012*INPUT!$F$27/100*CHOOSE(INPUT!$F$31,FACTORS!$F$23,FACTORS!$F$24)*(INPUT!$F$35+INPUT!$F$36)/INPUT!$F$40*8760 -> 0.02646396
A102: central mix | C102: Chromium | D102: (EPA2001) | E102: =INPUT!$F$24*2.012*INPUT!$F$28/100*CHOOSE(INPUT!$F$32,FACTORS!$F$25,FACTORS!$F$26)*(INPUT!$F$35+INPUT!$F$36)/INPUT!$F$40 -> 0 | G102: (EPA2001) | H102: =CHOOSE(INPUT!$F$23,INPUT!$F$22,FACTORS!$C$44)*2.012*INPUT!$F$28/100*CHOOSE(INPUT!$F$32,FACTORS!$F$25,FACTORS!$F$26)*(INPUT!$F$35+INPUT!$F$36)/INPUT!$F$40*8760 -> 0
A103: cement silo | C103: Chromium | D103: (EPA2001) | E103: =INPUT!$F$24*2.012*FACTORS!$F$18*INPUT!$F$35/INPUT!$F$40 -> 5.945e-09 | G103: (EPA2001) | H103: =CHOOSE(INPUT!$F$23,INPUT!$F$22,FACTORS!$C$44)*2.012*FACTORS!$F$18*INPUT!$F$35/INPUT!$F$40*8760 -> 5.20782e-05
A104: supplement silo | C104: Chromium | D104: (EPA2001) | E104: =INPUT!$F$24*2.012*FACTORS!$F$20*INPUT!$F$36/INPUT!$F$40 -> 7.32e-08 | G104: (EPA2001) | H104: =CHOOSE(INPUT!$F$23,INPUT!$F$22,FACTORS!$C$44)*2.012*FACTORS!$F$20*INPUT!$F$36/INPUT!$F$40*8760 -> 0.000641232
A105: TOTAL | C105: Chromium | E105: =E101+E102+E103+E104 -> 3.100145e-06 | H105: =H101+H102+H103+H104 -> 0.02715727
D106: (Chromium TPER: 0.013 lb/day)
A108: LEAD EMISSIONS INFORMATION
A109: LEAD EMISSIONS | D109: Actuals w/Controls/Limits | G109: Potentials w/Controls/Limits
E110: Lead | H110: Lead
A111: Source | C111: Pollutant | D111: Ref. | E111: lb/yr | G111: Ref. | H111: lb/yr
A112: truck mix | C112: Lead | D112: (EPA2001) | E112: =INPUT!$F$24*2.012*INPUT!$F$27/100*CHOOSE(INPUT!$F$31,FACTORS!$H$23,FACTORS!$H$24)*(INPUT!$F$35+INPUT!$F$36)/INPUT!$F$40 -> 9.593e-06 | G112: (EPA2001) | H112: =CHOOSE(INPUT!$F$23,INPUT!$F$22,FACTORS!$C$44)*2.012*INPUT!$F$27/100*CHOOSE(INPUT!$F$31,FACTORS!$H$23,FACTORS!$H$24)*(INPUT!$F$35+INPUT!$F$36)/INPUT!$F$40*8760 -> 0.08403468
A113: central mix | C113: Lead | D113: (EPA2001) | E113: =INPUT!$F$24*2.012*INPUT!$F$28/100*CHOOSE(INPUT!$F$32,FACTORS!$H$25,FACTORS!$H$26)*(INPUT!$F$35+INPUT!$F$36)/INPUT!$F$40 -> 0 | G113: (EPA2001) | H113: =CHOOSE(INPUT!$F$23,INPUT!$F$22,FACTORS!$C$44)*2.012*INPUT!$F$28/100*CHOOSE(INPUT!$F$32,FACTORS!$H$25,FACTORS!$H$26)*(INPUT!$F$35+INPUT!$F$36)/INPUT!$F$40*8760 -> 0
A114: cement silo | C114: Lead | D114: (EPA2001) | E114: =INPUT!$F$24*2.012*FACTORS!$H$18*INPUT!$F$35/INPUT!$F$40 -> 2.2345e-09 | G114: (EPA2001) | H114: =CHOOSE(INPUT!$F$23,INPUT!$F$22,FACTORS!$C$44)*2.012*FACTORS!$H$18*INPUT!$F$35/INPUT!$F$40*8760 -> 1.957422e-05
A115: supplement silo | C115: Lead | D115: (EPA2001) | E115: =INPUT!$F$24*2.012*FACTORS!$H$20*INPUT!$F$36/INPUT!$F$40 -> 3.12e-08 | G115: (EPA2001) | H115: =CHOOSE(INPUT!$F$23,INPUT!$F$22,FACTORS!$C$44)*2.012*FACTORS!$H$20*INPUT!$F$36/INPUT!$F$40*8760 -> 0.000273312
A116: TOTAL | C116: Arsenic | E116: =E112+E113+E114+E115 -> 9.6264345e-06 | H116: =H112+H113+H114+H115 -> 0.084327566
A118: MANGANESE EMISSIONS INFORMATION
A119: MANGANESE EMISSIONS | D119: Actuals w/Controls/Limits | G119: Potentials w/Controls/Limits
...

Sheet FACTORS
A1: EMISSION FACTOR SUMMARY FOR READY-MIXED CONCRETE BATCH FACILITIES
A3: Emission Source Description | B3: PM Emission Factors | D3: PM10 Emission Factors | F3: Arsenic Emission Factors | H3: References
A4: Cement Silo without controls | B4: 0.72 | C4: lb/ton cement | D4: 0.46 | E4: lb/ton cement | F4: 1.68e-06 | G4: lb/ton cement | H4: U.S. EPA, Office of Air Quality Planning and Standards. AP-42; Chapter 11.12 (Oct. 2001), Table 11.12-2 (PM/PM10) & Table 11.12-6 (As)
A5: Cement Silo with controls | B5: 0.00099 | C5: lb/ton cement | D5: 0.00034 | E5: lb/ton cement | F5: 4.24e-09 | G5: lb/ton cement | H5: U.S. EPA, Office of Air Quality Planning and Standards. AP-42; Chapter 11.12 (Oct. 2001), Table 11.12-2 (PM/PM10) & Table 11.12-6 (As)
A6: Suppl Silo without controls | B6: 3.14 | C6: lb/ton suppl | D6: 1.1 | E6: lb/ton suppl | F6: No Data | G6: - | H6: U.S. EPA, Office of Air Quality Planning and Standards. AP-42; Chapter 11.12 (Oct. 2001), Table 11.12-2 (PM/PM10)
A7: Suppl Silo with controls | B7: 0.0089 | C7: lb/ton suppl | D7: 0.0049 | E7: lb/ton suppl | F7: 1e-06 | G7: lb/ton suppl | H7: U.S. EPA, Office of Air Quality Planning and Standards. AP-42; Chapter 11.12 (Oct. 2001), Table 11.12-2 (PM/PM10) & Table 11.12-6 (As)
A8: Weigh Hopper without controls | B8: 0.0051 | C8: lb/ton aggr+sand | D8: 0.0024 | E8: lb/ton aggr+sand | F8: No Data | G8: - | H8: U.S. EPA, Office of Air Quality Planning and Standards. AP-42; Chapter 11.12 (Oct. 2001), Table 11.12-2 (PM/PM10)
A9: Weigh Hopper with controls | B9: No Data | C9: - | D9: No Data | E9: - | F9: No Data | G9: - | H9: -
A10: Truck Mix without controls | B10: 1.46 | C10: lb/ton cement+suppl | D10: 0.417 | E10: lb/ton cement+suppl | F10: 6.8e-05 | G10: lb/ton cement+suppl | H10: Memorandum, Emission Factors for Ready-Mixed Concrete Facilities. From Mr. Keith Overcash (NC DAQ, Director) to Section Chiefs/Regional Supervisors. June 8, 2005.
A11: Truck Mix with controls | B11: 0.028 | C11: lb/ton cement+suppl | D11: 0.0105 | E11: lb/ton cement+suppl | F11: 1.59e-06 | G11: lb/ton cement+suppl | H11: Memorandum, Emission Factors for Ready-Mixed Concrete Facilities. From Mr. Keith Overcash (NC DAQ, Director) to Section Chiefs/Regional Supervisors. June 8, 2005.
A12: Central Mix without controls | B12: 0.683 | C12: lb/ton cement+suppl | D12: 0.181 | E12: lb/ton cement+suppl | F12: 2.8e-05 | G12: lb/ton cement+suppl | H12: Memorandum, Emission Factors for Ready-Mixed Concrete Facilities. From Mr. Keith Overcash (NC DAQ, Director) to Section Chiefs/Regional Supervisors. June 8, 2005.
A13: Central Mix with controls | B13: 0.0212 | C13: lb/ton cement+suppl | D13: 0.00577 | E13: lb/ton cement+suppl | F13: 8.85e-07 | G13: lb/ton cement+suppl | H13: Memorandum, Emission Factors for Ready-Mixed Concrete Facilities. From Mr. Keith Overcash (NC DAQ, Director) to Section Chiefs/Regional Supervisors. June 8, 2005.
A14: Sand & Aggr Plant-Wide | B14: 0.0237 | C14: lb/yd3 concrete | D14: 0.0114 | E14: lb/yd3 concrete | F14: No Data | G14: - | H14: U.S. EPA, Office of Air Quality Planning and Standards. AP-42; Chapter 11.12 (Oct. 2001), Table 11.12-3 (PM/PM10)
A16: Emission Source Description | B16: Beryllium Emission Factors | D16: Cadmium Emission Factors | F16: Chromium Emission Factors | H16: Lead Emission Factors | J16: References
A17: Cement Silo without controls | B17: 1.79e-08 | C17: lb/ton cement | D17: 2.34e-07 | E17: lb/ton cement | F17: 2.52e-07 | G17: lb/ton cement | H17: 7.36e-07 | I17: lb/ton cement | J17: U.S. EPA, Office of Air Quality Planning and Standards. AP-42; Chapter 11.12 (Oct. 2001), Table 11.12-6
A18: Cement Silo with controls | B18: 4.86e-10 | C18: lb/ton cement | D18: 4.86e-10 | E18: lb/ton cement | F18: 2.9e-08 | G18: lb/ton cement | H18: 1.09e-08 | I18: lb/ton cement | J18: U.S. EPA, Office of Air Quality Planning and Standards. AP-42; Chapter 11.12 (Oct. 2001), Table 11.12-6
A19: Suppl Silo without controls | B19: No Data | C19: - | D19: No Data | E19: - | F19: No Data | G19: - | H19: No Data | I19: - | J19: U.S. EPA, Office of Air Quality Planning and Standards. AP-42; Chapter 11.12 (Oct. 2001), Table 11.12-6
A20: Suppl Silo with controls | B20: 9.04e-08 | C20: lb/ton suppl | D20: 1.98e-08 | E20: lb/ton suppl | F20: 1.22e-06 | G20: lb/ton suppl | H20: 5.2e-07 | I20: lb/ton suppl | J20: U.S. EPA, Office of Air Quality Planning and Standards. AP-42; Chapter 11.12 (Oct. 2001), Table 11.12-6
A21: Weigh Hopper without controls | B21: No Data | C21: - | D21: No Data | E21: - | F21: No Data | G21: - | H21: No Data | I21: - | J21: -
A22: Weigh Hopper with controls | B22: No Data | C22: - | D22: No Data | E22: - | F22: No Data | G22: - | H22: No Data | I22: - | J22: -
A23: Truck Mix without controls | B23: 2.44e-07 | C23: lb/ton cement+suppl | D23: 3.42e-08 | E23: lb/ton cement+suppl | F23: 1.14e-05 | G23: lb/ton cement+suppl | H23: 3.62e-05 | I23: lb/ton cement+suppl | J23: U.S. EPA, Office of Air Quality Planning and Standards. AP-42; Chapter 11.12 (Oct. 2001), Table 11.12-6
A24: Truck Mix with controls | B24: 1.04e-07 | C24: lb/ton cement+suppl | D24: 9.06e-09 | E24: lb/ton cement+suppl | F24: 4.1e-06 | G24: lb/ton cement+suppl | H24: 1.53e-06 | I24: lb/ton cement+suppl | J24: U.S. EPA, Office of Air Quality Planning and Standards. AP-42; Chapter 11.12 (Oct. 2001), Table 11.12-6
A25: Central Mix without controls | B25: No Data | C25: - | D25: 1.18e-08 | E25: lb/ton cement+suppl | F25: 1.42e-06 | G25: lb/ton cement+suppl | H25: 3.82e-07 | I25: lb/ton cement+suppl | J25: U.S. EPA, Office of Air Quality Planning and Standards. AP-42; Chapter 11.12 (Oct. 2001), Table 11.12-6
A26: Central Mix with controls | B26: No Data | C26: - | D26: 7.1e-10 | E26: lb/ton cement+suppl | F26: 1.27e-07 | G26: lb/ton cement+suppl | H26: 3.66e-08 | I26: lb/ton cement+suppl | J26: U.S. EPA, Office of Air Quality Planning and Standards. AP-42; Chapter 11.12 (Oct. 2001), Table 11.12-6
A27: Sand & Aggr Plant-Wide | B27: No Data | C27: - | D27: No Data | E27: - | F27: No Data | G27: - | H27: No Data | I27: - | J27: -
A30: Emission Source Description | B30: Manganese Emission Factors | D30: Nickel Emission Factors | F30: Phosporous Emission Factors | H30: Selenium Emission Factors | J30: References
A31: Cement Silo without controls | B31: 0.000204 | C31: lb/ton cement | D31: 1.76e-05 | E31: lb/ton cement | F31: 1.18e-05 | G31: lb/ton cement | H31: No Data | I31: - | J31: U.S. EPA, Office of Air Quality Planning and Standards. AP-42; Chapter 11.12 (Oct. 2001), Table 11.12-6
A32: Cement Silo with controls | B32: 1.17e-07 | C32: lb/ton cement | D32: 4.18e-08 | E32: lb/ton cement | F32: No Data | G32: - | H32: No Data | I32: - | J32: U.S. EPA, Office of Air Quality Planning and Standards. AP-42; Chapter 11.12 (Oct. 2001), Table 11.12-6
A33: Suppl Silo without controls | B33: No Data | C33: - | D33: No Data | E33: - | F33: No Data | G33: - | H33: No Data | I33: - | J33: -
A34: Suppl Silo with controls | B34: 2.56e-07 | C34: lb/ton suppl | D34: 2.28e-06 | E34: lb/ton suppl | F34: 3.54e-06 | G34: lb/ton suppl | H34: 7.24e-08 | I34: lb/ton suppl | J34: U.S. EPA, Office of Air Quality Planning and Standards. AP-42; Chapter 11.12 (Oct. 2001), Table 11.12-6
A35: Weigh Hopper without controls | B35: No Data | C35: - | D35: No Data | E35: - | F35: No Data | G35: - | H35: No Data | I35: - | J35: -
A36: Weigh Hopper with controls | B36: No Data | C36: - | D36: No Data | E36: - | F36: No Data | G36: - | H36: No Data | I36: - | J36: -
A37: Truck Mix without controls | B37: 6.12e-05 | C37: lb/ton cement+suppl | D37: 1.19e-05 | E37: lb/ton cement+suppl | F37: 3.84e-05 | G37: lb/ton cement+suppl | H37: 2.62e-06 | I37: lb/ton cement+suppl | J37: U.S. EPA, Office of Air Quality Planning and Standards. AP-42; Chapter 11.12 (Oct. 2001), Table 11.12-6
A38: Truck Mix with controls | B38: 2.08e-05 | C38: lb/ton cement+suppl | D38: 4.78e-06 | E38: lb/ton cement+suppl | F38: 1.23e-05 | G38: lb/ton cement+suppl | H38: 1.13e-07 | I38: lb/ton cement+suppl | J38: U.S. EPA, Office of Air Quality Planning and Standards. AP-42; Chapter 11.12 (Oct. 2001), Table 11.12-6
A39: Central Mix without controls | B39: 6.12e-05 | C39: lb/ton cement+suppl | D39: 3.28e-06 | E39: lb/ton cement+suppl | F39: 2.02e-05 | G39: lb/ton cement+suppl | H39: No Data | I39: - | J39: U.S. EPA, Office of Air Quality Planning and Standards. AP-42; Chapter 11.12 (Oct. 2001), Table 11.12-6
A40: Central Mix with controls | B40: 3.78e-06 | C40: lb/ton cement+suppl | D40: 2.48e-07 | E40: lb/ton cement+suppl | F40: 1.2e-06 | G40: lb/ton cement+suppl | H40: No Data | I40: - | J40: U.S. EPA, Office of Air Quality Planning and Standards. AP-42; Chapter 11.12 (Oct. 2001), Table 11.12-6
A41: Sand & Aggr Plant-Wide | B41: No Data | C41: - | D41: No Data | E41: - | F41: No Data | G41: - | H41: No Data | I41: - | J41: -
A44: Syn Minor Cutoff for typical NC | C44: 138.966 | D44: yd3/hr

Sheet REVISIONS
A1: CONCRETE BATCH PLANT EMISSIONS CALCULATOR - REVISIONS SCREEN
A2: =INPUT!A2 -> REVISION A; Issued 01/23/2006
B6: Version | C6: Date | D6: Author | E6: Revisions
B7: N/A | C7: 37330 | D7: Ken Lumsden, P.E. | E7: Added metals listed in U.S. EPA's AP-42, Table 11.12-6.
B9: Revision A | C9: 38740 | D9: Tom McKinney | E9: Revised emission factors for PM, PM10, and Arsenic based on memorandum from DAQ's Keith Overcash, dated June 8, 2005.
E10: Revised formatting to be consistent with DAQ protocol.
