Workbook
Name MATCHINST: #REF!
Name MATCHINST: #REF!
Name MATCHINST: #REF!
Name MATCHINST: #REF!
Name MATCHINST: #REF!
Name MATCHINST: #REF!
Name MATCHINST: #REF!
Name MATCHINST: #REF!
Name MATCHINST: #REF!

Sheet Comparison to Option 1
B1: Outcomes-Based Funding Comparisons to Option 1 - With Phase-In
F2: Option2 | J2: Option 6 | N2: Option 7 | R2: Option 8 | V2: Option 9 | Z2: Option 10
A3: FICE | D3: Option 1 - As proposed for 2014-2015 | F3: Option 2 - Option 1 Scaled, Weighted, and Monetized by Accountability Group | G3: Difference From Option 1 | H3: Percent | J3: Option 6 - Option 2 without Monetization, At-Risk Weight of 1 | K3: Difference From Option 1 | L3: Percent | N3: Option 7 - Option 6 with Optimal Weights | O3: Difference From Option 1 | P3: Percent | R3: Option 8 - Option 7 with Student Characteristic Adjusted (SAT or GPA) | S3: Difference From Option 1 | T3: Percent | V3: Option 9 - Option 7 with Transfer Grads | W3: Difference From Option 1 | X3: Percent | Z3: Option 10 - Option 7 with Modified Scaling | AA3: Difference From Option 1 | AB3: Percent
A4: 3656 | B4: UTA | D4: ='Option 1'!C5 -> 13496783 | F4: ='Option 2'!C5 -> 16200442 | G4: =F4-$D4 -> 2703658.5 | H4: =G4/$D4 -> 0.20031873 | J4: ='Option 6'!Q5 -> 13517160 | K4: =J4-$D4 -> 20376.659 | L4: =K4/$D4 -> 0.0015097419 | N4: ='Option 7'!Q5 -> 11118077 | O4: =N4-$D4 -> -2378706.6 | P4: =O4/$D4 -> -0.17624248 | R4: ='Option 8'!R5 -> 13294588 | S4: =R4-$D4 -> -202194.89 | T4: =S4/$D4 -> -0.014980969 | V4: ='Option 9'!R5 -> 13624730 | W4: =V4-$D4 -> 127946.55 | X4: =W4/$D4 -> 0.0094797813 | Z4: ='Option 10'!Q5 -> 13587702 | AA4: =Z4-$D4 -> 90918.306 | AB4: =AA4/$D4 -> 0.0067362944
A5: 3658 | B5: UT | D5: ='Option 1'!C6 -> 25249293 | F5: ='Option 2'!C6 -> 24554575 | G5: =F5-$D5 -> -694717.97 | H5: =G5/$D5 -> -0.027514353 | J5: ='Option 6'!Q6 -> 21368342 | K5: =J5-$D5 -> -3880951.5 | L5: =K5/$D5 -> -0.15370535 | N5: ='Option 7'!Q6 -> 25128709 | O5: =N5-$D5 -> -120584.63 | P5: =O5/$D5 -> -0.0047757628 | R5: ='Option 8'!R6 -> 24078647 | S5: =R5-$D5 -> -1170646.5 | T5: =S5/$D5 -> -0.046363536 | V5: ='Option 9'!R6 -> 25267701 | W5: =V5-$D5 -> 18407.867 | X5: =W5/$D5 -> 0.00072904484 | Z5: ='Option 10'!Q6 -> 25281149 | AA5: =Z5-$D5 -> 31855.328 | AB5: =AA5/$D5 -> 0.0012616324
A6: 9741 | B6: UTD | D6: ='Option 1'!C7 -> 6570818.6 | F6: ='Option 2'!C7 -> 8212776.3 | G6: =F6-$D6 -> 1641957.7 | H6: =G6/$D6 -> 0.24988633 | J6: ='Option 6'!Q7 -> 6818134.7 | K6: =J6-$D6 -> 247316.08 | L6: =K6/$D6 -> 0.037638549 | N6: ='Option 7'!Q7 -> 5888056.1 | O6: =N6-$D6 -> -682762.5 | P6: =O6/$D6 -> -0.10390829 | R6: ='Option 8'!R7 -> 6642844.6 | S6: =R6-$D6 -> 72026.011 | T6: =S6/$D6 -> 0.010961497 | V6: ='Option 9'!R7 -> 6904301.7 | W6: =V6-$D6 -> 333483.12 | X6: =W6/$D6 -> 0.050752142 | Z6: ='Option 10'!Q7 -> 6893754.8 | AA6: =Z6-$D6 -> 322936.19 | AB6: =AA6/$D6 -> 0.049147025
A7: 3661 | B7: UTEP | D7: ='Option 1'!C8 -> 8883399.6 | F7: ='Option 2'!C8 -> 7826451.5 | G7: =F7-$D7 -> -1056948.2 | H7: =G7/$D7 -> -0.11898014 | J7: ='Option 6'!Q8 -> 8579739.9 | K7: =J7-$D7 -> -303659.69 | L7: =K7/$D7 -> -0.034182824 | N7: ='Option 7'!Q8 -> 7597492.5 | O7: =N7-$D7 -> -1285907.1 | P7: =O7/$D7 -> -0.14475394 | R7: ='Option 8'!R8 -> 8821676.3 | S7: =R7-$D7 -> -61723.308 | T7: =S7/$D7 -> -0.0069481629 | V7: ='Option 9'!R8 -> 8133051.9 | W7: =V7-$D7 -> -750347.73 | X7: =W7/$D7 -> -0.084466281 | Z7: ='Option 10'!Q8 -> 8144354.9 | AA7: =Z7-$D7 -> -739044.75 | AB7: =AA7/$D7 -> -0.08319391
A8: 3599 | B8: UTPA | D8: ='Option 1'!C9 -> 7852361.8 | F8: ='Option 2'!C9 -> 6535642.4 | G8: =F8-$D8 -> -1316719.4 | H8: =G8/$D8 -> -0.1676845 | J8: ='Option 6'!Q9 -> 7744949.2 | K8: =J8-$D8 -> -107412.55 | L8: =K8/$D8 -> -0.013679011 | N8: ='Option 7'!Q9 -> 7064082.9 | O8: =N8-$D8 -> -788278.83 | P8: =O8/$D8 -> -0.10038748 | R8: ='Option 8'!R9 -> 7749796.1 | S8: =R8-$D8 -> -102565.71 | T8: =S8/$D8 -> -0.013061766 | V8: ='Option 9'!R9 -> 7526727.7 | W8: =V8-$D8 -> -325634.05 | X8: =W8/$D8 -> -0.041469568 | Z8: ='Option 10'!Q9 -> 7513586.6 | AA8: =Z8-$D8 -> -338775.12 | AB8: =AA8/$D8 -> -0.043143086
A9: 30646 | B9: UTB | D9: ='Option 1'!C10 -> 2590654.6 | F9: ='Option 2'!C10 -> 2612612.5 | G9: =F9-$D9 -> 21957.852 | H9: =G9/$D9 -> 0.0084757928 | J9: ='Option 6'!Q10 -> 3096284.9 | K9: =J9-$D9 -> 505630.26 | L9: =K9/$D9 -> 0.19517471 | N9: ='Option 7'!Q10 -> 3765595.4 | O9: =N9-$D9 -> 1174940.8 | P9: =O9/$D9 -> 0.45353047 | R9: ='Option 8'!R10 -> 2825898.7 | S9: =R9-$D9 -> 235244.07 | T9: =S9/$D9 -> 0.090804875 | V9: ='Option 9'!R10 -> 2915926 | W9: =V9-$D9 -> 325271.37 | X9: =W9/$D9 -> 0.12555567 | Z9: ='Option 10'!Q10 -> 2917013.8 | AA9: =Z9-$D9 -> 326359.18 | AB9: =AA9/$D9 -> 0.12597557
A10: 9930 | B10: UTPB | D10: ='Option 1'!C11 -> 1383139.9 | F10: ='Option 2'!C11 -> 1418846.8 | G10: =F10-$D10 -> 35706.926 | H10: =G10/$D10 -> 0.025815846 | J10: ='Option 6'!Q11 -> 1667022.6 | K10: =J10-$D10 -> 283882.77 | L10: =K10/$D10 -> 0.20524516 | N10: ='Option 7'!Q11 -> 2141129.2 | O10: =N10-$D10 -> 757989.31 | P10: =O10/$D10 -> 0.54802072 | R10: ='Option 8'!R11 -> 1452715.6 | S10: =R10-$D10 -> 69575.706 | T10: =S10/$D10 -> 0.050302726 | V10: ='Option 9'!R11 -> 1443317 | W10: =V10-$D10 -> 60177.136 | X10: =W10/$D10 -> 0.043507629 | Z10: ='Option 10'!Q11 -> 1445036 | AA10: =Z10-$D10 -> 61896.134 | AB10: =AA10/$D10 -> 0.044750452
A11: 10115 | B11: UTSA | D11: ='Option 1'!C12 -> 11812969 | F11: ='Option 2'!C12 -> 10158026 | G11: =F11-$D11 -> -1654943.4 | H11: =G11/$D11 -> -0.14009547 | J11: ='Option 6'!Q12 -> 11125839 | K11: =J11-$D11 -> -687130.4 | L11: =K11/$D11 -> -0.058167459 | N11: ='Option 7'!Q12 -> 10655166 | O11: =N11-$D11 -> -1157802.6 | P11: =O11/$D11 -> -0.098011144 | R11: ='Option 8'!R12 -> 12359127 | S11: =R11-$D11 -> 546157.74 | T11: =S11/$D11 -> 0.04623374 | V11: ='Option 9'!R12 -> 11562256 | W11: =V11-$D11 -> -250713.52 | X11: =W11/$D11 -> -0.021223582 | Z11: ='Option 10'!Q12 -> 11568221 | AA11: =Z11-$D11 -> -244747.87 | AB11: =AA11/$D11 -> -0.020718573
A12: 11163 | B12: UTT | D12: ='Option 1'!C13 -> 3168830.6 | F12: ='Option 2'!C13 -> 3008543.5 | G12: =F12-$D12 -> -160287.17 | H12: =G12/$D12 -> -0.050582435 | J12: ='Option 6'!Q13 -> 3547504.1 | K12: =J12-$D12 -> 378673.5 | L12: =K12/$D12 -> 0.11949944 | N12: ='Option 7'!Q13 -> 3610320.1 | O12: =N12-$D12 -> 441489.45 | P12: =O12/$D12 -> 0.13932251 | R12: ='Option 8'!R13 -> 3132120 | S12: =R12-$D12 -> -36710.655 | T12: =S12/$D12 -> -0.011584922 | V12: ='Option 9'!R13 -> 3127819.3 | W12: =V12-$D12 -> -41011.373 | X12: =W12/$D12 -> -0.012942116 | Z12: ='Option 10'!Q13 -> 3128223.8 | AA12: =Z12-$D12 -> -40606.805 | AB12: =AA12/$D12 -> -0.012814445
A13: 3632 | B13: TAMU | D13: ='Option 1'!C14 -> 25542032 | F13: ='Option 2'!C14 -> 24708667 | G13: =F13-$D13 -> -833365.68 | H13: =G13/$D13 -> -0.032627227 | J13: ='Option 6'!Q14 -> 23153423 | K13: =J13-$D13 -> -2388609.6 | L13: =K13/$D13 -> -0.093516819 | N13: ='Option 7'!Q14 -> 24741373 | O13: =N13-$D13 -> -800659.46 | P13: =O13/$D13 -> -0.031346741 | R13: ='Option 8'!R14 -> 24717598 | S13: =R13-$D13 -> -824434.5 | T13: =S13/$D13 -> -0.032277561 | V13: ='Option 9'!R14 -> 25182991 | W13: =V13-$D13 -> -359040.97 | X13: =W13/$D13 -> -0.014056868 | Z13: ='Option 10'!Q14 -> 25181222 | AA13: =Z13-$D13 -> -360810.26 | AB13: =AA13/$D13 -> -0.014126137
A14: 10298 | B14: TAMUG | D14: ='Option 1'!C15 -> 1408144 | F14: ='Option 2'!C15 -> 1417888.6 | G14: =F14-$D14 -> 9744.6158 | H14: =G14/$D14 -> 0.0069201842 | J14: ='Option 6'!Q15 -> 1693974.4 | K14: =J14-$D14 -> 285830.38 | L14: =K14/$D14 -> 0.20298377 | N14: ='Option 7'!Q15 -> 1992543.7 | O14: =N14-$D14 -> 584399.75 | P14: =O14/$D14 -> 0.41501419 | R14: ='Option 8'!R15 -> 1472585.1 | S14: =R14-$D14 -> 64441.103 | T14: =S14/$D14 -> 0.045763148 | V14: ='Option 9'!R15 -> 1345133.7 | W14: =V14-$D14 -> -63010.293 | X14: =W14/$D14 -> -0.044747052 | Z14: ='Option 10'!Q15 -> 1344340.5 | AA14: =Z14-$D14 -> -63803.452 | AB14: =AA14/$D14 -> -0.045310318
A15: 3630 | B15: Prairie View | D15: ='Option 1'!C16 -> 3149682.8 | F15: ='Option 2'!C16 -> 2716765.1 | G15: =F15-$D15 -> -432917.7 | H15: =G15/$D15 -> -0.13744803 | J15: ='Option 6'!Q16 -> 3197075.6 | K15: =J15-$D15 -> 47392.834 | L15: =K15/$D15 -> 0.015046859 | N15: ='Option 7'!Q16 -> 3168391.6 | O15: =N15-$D15 -> 18708.844 | P15: =O15/$D15 -> 0.0059399138 | R15: ='Option 8'!R16 -> 3094010.1 | S15: =R15-$D15 -> -55672.683 | T15: =S15/$D15 -> -0.017675648 | V15: ='Option 9'!R16 -> 2868100.6 | W15: =V15-$D15 -> -281582.14 | X15: =W15/$D15 -> -0.089400158 | Z15: ='Option 10'!Q16 -> 2862344.1 | AA15: =Z15-$D15 -> -287338.7 | AB15: =AA15/$D15 -> -0.091227822
... A41: 20 | B41: SRRG | D41: ='Option 1'!C42 -> 375800.56 | F41: ='Option 2'!C42 -> 749091.19 | G41: =F41-$D41 -> 373290.63 | H41: =G41/$D41 -> 0.99332111 | J41: ='Option 6'!Q42 -> 864687.93 | K41: =J41-$D41 -> 488887.36 | L41: =K41/$D41 -> 1.3009224 | N41: ='Option 7'!Q42 -> 2291934.6 | O41: =N41-$D41 -> 1916134 | P41: =O41/$D41 -> 5.0988056 | R41: ='Option 8'!R42 -> 419625.37 | S41: =R41-$D41 -> 43824.813 | T41: =S41/$D41 -> 0.11661721 | V41: ='Option 9'!R42 -> 414690.37 | W41: =V41-$D41 -> 38889.808 | X41: =W41/$D41 -> 0.10348523 | Z41: ='Option 10'!Q42 -> 422737.52 | AA41: =Z41-$D41 -> 46936.958 | AB41: =AA41/$D41 -> 0.12489858
B42: Total | D42: =SUM(D4:D41) -> 2.35e+08 | F42: ='Option 2'!C43 -> 2.35e+08 | G42: =F42-$D42 -> 0 | H42: =G42/$D42 -> 0 | J42: ='Option 6'!Q43 -> 235000000 | K42: =J42-$D42 -> 0 | L42: =K42/$D42 -> 0 | N42: ='Option 7'!Q43 -> 235000000 | O42: =N42-$D42 -> 0 | P42: =O42/$D42 -> 0 | R42: ='Option 8'!R43 -> 235000000 | S42: =R42-$D42 -> 0 | T42: =S42/$D42 -> 0 | V42: ='Option 9'!R43 -> 235000000 | W42: =V42-$D42 -> 0 | X42: =W42/$D42 -> 0 | Z42: ='Option 10'!Q43 -> 235000000 | AA42: =Z42-$D42 -> 0 | AB42: =AA42/$D42 -> 0

Sheet Comparison to IO
B1: Outcomes-Based Funding Comparisons to Instruction and Operations Distribution - With Phase-In
F2: Option 1 - As proposed for 2014-2015 Compared to Total I&O | J2: Option 1 - As proposed for 2014-2015 Compared to Undergraduate I&O | N2: Option2 | R2: Option 6 | V2: Option 7 | Z2: Option 8 | AD2: Option 9 | AH2: Option 10
A3: FICE | C3: 2014-2015 Instruction and Operations Percent of Total | D3: 2014-2015 Undergraduate Instruction and Operations Percent of Total | F3: 2014-2015 Proposed Model | G3: Percent Difference From 2014-2015 I&O | H3: Difference (Millions) | J3: 2014-2015 Proposed Model | K3: Percent Difference From 2014-2015 Undergraduate I&O | L3: Difference (Millions) | N3: Option 2 - Option 1 Scaled, Weighted, and Monetized by Accountability Group Percent of Total | O3: Percent Difference From 2014-2015 I&O | P3: Difference (Millions) | R3: Option 6 - Option 2 without Monetization, At-Risk Weight of 1 | S3: Percent Difference From 2014-2015 I&O | T3: Difference (Millions) | V3: Option 7 - Option 6 with Optimal Weights | W3: Percent Difference From 2014-2015 I&O | X3: Difference (Millions) | Z3: Option 8 - Option 7 with Student Characteristic Adjusted (SAT or GPA) | AA3: Percent Difference From 2014-2015 I&O | AB3: Difference (Millions) | AD3: Option 9 - Option 7 with Transfer Grads | AE3: Percent Difference From 2014-2015 I&O | AF3: Difference (Millions) | AH3: Option 10 - Option 7 with Modified Weights | AI3: Percent Difference From 2014-2015 I&O | AJ3: Difference (Millions)
A4: 3656 | B4: UTA | C4: 0.055594621 | D4: 0.053941374 | F4: ='Option 1'!C5/'Option 1'!$C$43 -> 0.05743312 | G4: =F4-$C4 -> 0.0018384992 | H4: =G4*'Option 1'!$C$43/1000000 -> 0.4320473 | J4: =F4 -> 0.05743312 | K4: =J4-$D4 -> 0.0034917461 | L4: =K4*'Option 2'!$C$43/1000000 -> 0.82056032 | N4: ='Option 2'!C5/'Option 2'!$C$43 -> 0.06893805 | O4: =N4-$D4 -> 0.014996676 | P4: =O4*'Option 2'!$C$43/1000000 -> 3.5242189 | R4: ='Option 6'!Q5/'Option 6'!$Q$43 -> 0.057519829 | S4: =R4-$D4 -> 0.0035784552 | T4: =S4*'Option 6'!$Q$43/1000000 -> 0.84093698 | V4: ='Option 7'!Q5/'Option 7'!$Q$43 -> 0.047310965 | W4: =V4-$D4 -> -0.0066304095 | X4: =W4*'Option 7'!$Q$43/1000000 -> -1.5581462 | Z4: ='Option 8'!R5/'Option 8'!$R$43 -> 0.056572716 | AA4: =Z4-$D4 -> 0.0026313423 | AB4: =AA4*'Option 8'!$R$43/1000000 -> 0.61836543 | AD4: ='Option 9'!R5/'Option 9'!$R$43 -> 0.057977574 | AE4: =AD4-$D4 -> 0.0040361995 | AF4: =AE4*'Option 9'!$R$43/1000000 -> 0.94850688 | AH4: ='Option 10'!Q5/'Option 10'!$Q$43 -> 0.057820007 | AI4: =AH4-$D4 -> 0.0038786325 | AJ4: =AI4*'Option 10'!$Q$43/1000000 -> 0.91147863
A5: 3658 | B5: UT | C5: 0.1201911 | D5: 0.097535368 | F5: ='Option 1'!C6/'Option 1'!$C$43 -> 0.1074438 | G5: =F5-$C5 -> -0.012747303 | H5: =G5*'Option 1'!$C$43/1000000 -> -2.9956163 | J5: =F5 -> 0.1074438 | K5: =J5-$D5 -> 0.0099084331 | L5: =K5*'Option 2'!$C$43/1000000 -> 2.3284818 | N5: ='Option 2'!C6/'Option 2'!$C$43 -> 0.10448755 | O5: =N5-$D5 -> 0.0069521864 | P5: =O5*'Option 2'!$C$43/1000000 -> 1.6337638 | R5: ='Option 6'!Q6/'Option 6'!$Q$43 -> 0.090929114 | S5: =R5-$D5 -> -0.0066062541 | T5: =S5*'Option 6'!$Q$43/1000000 -> -1.5524697 | V5: ='Option 7'!Q6/'Option 7'!$Q$43 -> 0.10693067 | W5: =V5-$D5 -> 0.0093953069 | X5: =W5*'Option 7'!$Q$43/1000000 -> 2.2078971 | Z5: ='Option 8'!R6/'Option 8'!$R$43 -> 0.10246233 | AA5: =Z5-$D5 -> 0.0049269585 | AB5: =AA5*'Option 8'!$R$43/1000000 -> 1.1578352 | AD5: ='Option 9'!R6/'Option 9'!$R$43 -> 0.10752213 | AE5: =AD5-$D5 -> 0.0099867644 | AF5: =AE5*'Option 9'!$R$43/1000000 -> 2.3468896 | AH5: ='Option 10'!Q6/'Option 10'!$Q$43 -> 0.10757936 | AI5: =AH5-$D5 -> 0.010043988 | AJ5: =AI5*'Option 10'!$Q$43/1000000 -> 2.3603371
A6: 9741 | B6: UTD | C6: 0.04471444 | D6: 0.030845131 | F6: ='Option 1'!C7/'Option 1'!$C$43 -> 0.02796093 | G6: =F6-$C6 -> -0.01675351 | H6: =G6*'Option 1'!$C$43/1000000 -> -3.9370748 | J6: =F6 -> 0.02796093 | K6: =J6-$D6 -> -0.0028842008 | L6: =K6*'Option 2'!$C$43/1000000 -> -0.67778718 | N6: ='Option 2'!C7/'Option 2'!$C$43 -> 0.034947984 | O6: =N6-$D6 -> 0.0041028535 | P6: =O6*'Option 2'!$C$43/1000000 -> 0.96417056 | R6: ='Option 6'!Q7/'Option 6'!$Q$43 -> 0.029013339 | S6: =R6-$D6 -> -0.0018317919 | T6: =S6*'Option 6'!$Q$43/1000000 -> -0.4304711 | V6: ='Option 7'!Q7/'Option 7'!$Q$43 -> 0.025055558 | W6: =V6-$D6 -> -0.0057895731 | X6: =W6*'Option 7'!$Q$43/1000000 -> -1.3605497 | Z6: ='Option 8'!R7/'Option 8'!$R$43 -> 0.028267424 | AA6: =Z6-$D6 -> -0.0025777071 | AB6: =AA6*'Option 8'!$R$43/1000000 -> -0.60576117 | AD6: ='Option 9'!R7/'Option 9'!$R$43 -> 0.029380007 | AE6: =AD6-$D6 -> -0.0014651237 | AF6: =AE6*'Option 9'!$R$43/1000000 -> -0.34430406 | AH6: ='Option 10'!Q7/'Option 10'!$Q$43 -> 0.029335127 | AI6: =AH6-$D6 -> -0.0015100042 | AJ6: =AI6*'Option 10'!$Q$43/1000000 -> -0.35485099
A7: 3661 | B7: UTEP | C7: 0.033143125 | D7: 0.0380679 | F7: ='Option 1'!C8/'Option 1'!$C$43 -> 0.0378017 | G7: =F7-$C7 -> 0.004658575 | H7: =G7*'Option 1'!$C$43/1000000 -> 1.0947651 | J7: =F7 -> 0.0378017 | K7: =J7-$D7 -> -0.00026619948 | L7: =K7*'Option 2'!$C$43/1000000 -> -0.062556878 | N7: ='Option 2'!C8/'Option 2'!$C$43 -> 0.033304049 | O7: =N7-$D7 -> -0.0047638512 | P7: =O7*'Option 2'!$C$43/1000000 -> -1.119505 | R7: ='Option 6'!Q8/'Option 6'!$Q$43 -> 0.036509532 | S7: =R7-$D7 -> -0.0015583684 | T7: =S7*'Option 6'!$Q$43/1000000 -> -0.36621656 | V7: ='Option 7'!Q8/'Option 7'!$Q$43 -> 0.032329755 | W7: =V7-$D7 -> -0.0057381445 | X7: =W7*'Option 7'!$Q$43/1000000 -> -1.348464 | Z7: ='Option 8'!R8/'Option 8'!$R$43 -> 0.037539048 | AA7: =Z7-$D7 -> -0.00052885185 | AB7: =AA7*'Option 8'!$R$43/1000000 -> -0.12428019 | AD7: ='Option 9'!R8/'Option 9'!$R$43 -> 0.034608731 | AE7: =AD7-$D7 -> -0.0034591686 | AF7: =AE7*'Option 9'!$R$43/1000000 -> -0.81290461 | AH7: ='Option 10'!Q8/'Option 10'!$Q$43 -> 0.034656829 | AI7: =AH7-$D7 -> -0.0034110708 | AJ7: =AI7*'Option 10'!$Q$43/1000000 -> -0.80160163
A8: 3599 | B8: UTPA | C8: 0.027407848 | D8: 0.036041181 | F8: ='Option 1'!C9/'Option 1'!$C$43 -> 0.033414305 | G8: =F8-$C8 -> 0.0060064575 | H8: =G8*'Option 1'!$C$43/1000000 -> 1.4115175 | J8: =F8 -> 0.033414305 | K8: =J8-$D8 -> -0.0026268755 | L8: =K8*'Option 2'!$C$43/1000000 -> -0.61731575 | N8: ='Option 2'!C9/'Option 2'!$C$43 -> 0.027811244 | O8: =N8-$D8 -> -0.0082299367 | P8: =O8*'Option 2'!$C$43/1000000 -> -1.9340351 | R8: ='Option 6'!Q9/'Option 6'!$Q$43 -> 0.032957231 | S8: =R8-$D8 -> -0.0030839502 | T8: =S8*'Option 6'!$Q$43/1000000 -> -0.72472829 | V8: ='Option 7'!Q9/'Option 7'!$Q$43 -> 0.030059927 | W8: =V8-$D8 -> -0.0059812535 | X8: =W8*'Option 7'!$Q$43/1000000 -> -1.4055946 | Z8: ='Option 8'!R9/'Option 8'!$R$43 -> 0.032977856 | AA8: =Z8-$D8 -> -0.0030633253 | AB8: =AA8*'Option 8'!$R$43/1000000 -> -0.71988146 | AD8: ='Option 9'!R9/'Option 9'!$R$43 -> 0.032028629 | AE8: =AD8-$D8 -> -0.0040125523 | AF8: =AE8*'Option 9'!$R$43/1000000 -> -0.9429498 | AH8: ='Option 10'!Q9/'Option 10'!$Q$43 -> 0.031972709 | AI8: =AH8-$D8 -> -0.0040684718 | AJ8: =AI8*'Option 10'!$Q$43/1000000 -> -0.95609087
A9: 30646 | B9: UTB | C9: 0.0098207333 | D9: 0.013127311 | F9: ='Option 1'!C10/'Option 1'!$C$43 -> 0.011024062 | G9: =F9-$C9 -> 0.0012033289 | H9: =G9*'Option 1'!$C$43/1000000 -> 0.28278228 | J9: =F9 -> 0.011024062 | K9: =J9-$D9 -> -0.0021032491 | L9: =K9*'Option 2'!$C$43/1000000 -> -0.49426354 | N9: ='Option 2'!C10/'Option 2'!$C$43 -> 0.0111175 | O9: =N9-$D9 -> -0.0020098114 | P9: =O9*'Option 2'!$C$43/1000000 -> -0.47230568 | R9: ='Option 6'!Q10/'Option 6'!$Q$43 -> 0.01317568 | S9: =R9-$D9 -> 4.8369039e-05 | T9: =S9*'Option 6'!$Q$43/1000000 -> 0.011366724 | V9: ='Option 7'!Q10/'Option 7'!$Q$43 -> 0.01602381 | W9: =V9-$D9 -> 0.002896499 | X9: =W9*'Option 7'!$Q$43/1000000 -> 0.68067727 | Z9: ='Option 8'!R10/'Option 8'!$R$43 -> 0.012025101 | AA9: =Z9-$D9 -> -0.0011022105 | AB9: =AA9*'Option 8'!$R$43/1000000 -> -0.25901947 | AD9: ='Option 9'!R10/'Option 9'!$R$43 -> 0.012408196 | AE9: =AD9-$D9 -> -0.00071911561 | AF9: =AE9*'Option 9'!$R$43/1000000 -> -0.16899217 | AH9: ='Option 10'!Q10/'Option 10'!$Q$43 -> 0.012412825 | AI9: =AH9-$D9 -> -0.0007144866 | AJ9: =AI9*'Option 10'!$Q$43/1000000 -> -0.16790435
A10: 9930 | B10: UTPB | C10: 0.0050772741 | D10: 0.006658598 | F10: ='Option 1'!C11/'Option 1'!$C$43 -> 0.0058857016 | G10: =F10-$C10 -> 0.00080842752 | H10: =G10*'Option 1'!$C$43/1000000 -> 0.18998047 | J10: =F10 -> 0.0058857016 | K10: =J10-$D10 -> -0.00077289639 | L10: =K10*'Option 2'!$C$43/1000000 -> -0.18163065 | N10: ='Option 2'!C11/'Option 2'!$C$43 -> 0.006037646 | O10: =N10-$D10 -> -0.00062095202 | P10: =O10*'Option 2'!$C$43/1000000 -> -0.14592372 | R10: ='Option 6'!Q11/'Option 6'!$Q$43 -> 0.0070937134 | S10: =R10-$D10 -> 0.00043511538 | T10: =S10*'Option 6'!$Q$43/1000000 -> 0.10225211 | V10: ='Option 7'!Q11/'Option 7'!$Q$43 -> 0.009111188 | W10: =V10-$D10 -> 0.00245259 | X10: =W10*'Option 7'!$Q$43/1000000 -> 0.57635865 | Z10: ='Option 8'!R11/'Option 8'!$R$43 -> 0.0061817684 | AA10: =Z10-$D10 -> -0.00047682955 | AB10: =AA10*'Option 8'!$R$43/1000000 -> -0.11205495 | AD10: ='Option 9'!R11/'Option 9'!$R$43 -> 0.0061417745 | AE10: =AD10-$D10 -> -0.00051682347 | AF10: =AE10*'Option 9'!$R$43/1000000 -> -0.12145351 | AH10: ='Option 10'!Q11/'Option 10'!$Q$43 -> 0.0061490894 | AI10: =AH10-$D10 -> -0.00050950858 | AJ10: =AI10*'Option 10'!$Q$43/1000000 -> -0.11973452
A11: 10115 | B11: UTSA | C11: 0.044912894 | D11: 0.051993931 | F11: ='Option 1'!C12/'Option 1'!$C$43 -> 0.050267953 | G11: =F11-$C11 -> 0.0053550593 | H11: =G11*'Option 1'!$C$43/1000000 -> 1.2584389 | J11: =F11 -> 0.050267953 | K11: =J11-$D11 -> -0.0017259779 | L11: =K11*'Option 2'!$C$43/1000000 -> -0.40560481 | N11: ='Option 2'!C12/'Option 2'!$C$43 -> 0.043225641 | O11: =N11-$D11 -> -0.0087682904 | P11: =O11*'Option 2'!$C$43/1000000 -> -2.0605482 | R11: ='Option 6'!Q12/'Option 6'!$Q$43 -> 0.047343994 | S11: =R11-$D11 -> -0.0046499371 | T11: =S11*'Option 6'!$Q$43/1000000 -> -1.0927352 | V11: ='Option 7'!Q12/'Option 7'!$Q$43 -> 0.045341134 | W11: =V11-$D11 -> -0.0066527975 | X11: =W11*'Option 7'!$Q$43/1000000 -> -1.5634074 | Z11: ='Option 8'!R12/'Option 8'!$R$43 -> 0.052592029 | AA11: =Z11-$D11 -> 0.00059809756 | AB11: =AA11*'Option 8'!$R$43/1000000 -> 0.14055293 | AD11: ='Option 9'!R12/'Option 9'!$R$43 -> 0.049201087 | AE11: =AD11-$D11 -> -0.002792844 | AF11: =AE11*'Option 9'!$R$43/1000000 -> -0.65631833 | AH11: ='Option 10'!Q12/'Option 10'!$Q$43 -> 0.049226473 | AI11: =AH11-$D11 -> -0.0027674582 | AJ11: =AI11*'Option 10'!$Q$43/1000000 -> -0.65035268
A12: 11163 | B12: UTT | C12: 0.010834468 | D12: 0.012069402 | F12: ='Option 1'!C13/'Option 1'!$C$43 -> 0.013484386 | G12: =F12-$C12 -> 0.002649918 | H12: =G12*'Option 1'!$C$43/1000000 -> 0.62273073 | J12: =F12 -> 0.013484386 | K12: =J12-$D12 -> 0.0014149841 | L12: =K12*'Option 2'!$C$43/1000000 -> 0.33252127 | N12: ='Option 2'!C13/'Option 2'!$C$43 -> 0.012802313 | O12: =N12-$D12 -> 0.00073291106 | P12: =O12*'Option 2'!$C$43/1000000 -> 0.1722341 | R12: ='Option 6'!Q13/'Option 6'!$Q$43 -> 0.015095762 | S12: =R12-$D12 -> 0.0030263607 | T12: =S12*'Option 6'!$Q$43/1000000 -> 0.71119477 | V12: ='Option 7'!Q13/'Option 7'!$Q$43 -> 0.015363064 | W12: =V12-$D12 -> 0.0032936627 | X12: =W12*'Option 7'!$Q$43/1000000 -> 0.77401073 | Z12: ='Option 8'!R13/'Option 8'!$R$43 -> 0.01332817 | AA12: =Z12-$D12 -> 0.0012587686 | AB12: =AA12*'Option 8'!$R$43/1000000 -> 0.29581062 | AD12: ='Option 9'!R13/'Option 9'!$R$43 -> 0.013309869 | AE12: =AD12-$D12 -> 0.0012404677 | AF12: =AE12*'Option 9'!$R$43/1000000 -> 0.2915099 | AH12: ='Option 10'!Q13/'Option 10'!$Q$43 -> 0.013311591 | AI12: =AH12-$D12 -> 0.0012421892 | AJ12: =AI12*'Option 10'!$Q$43/1000000 -> 0.29191447
A13: 3632 | B13: TAMU | C13: 0.12924678 | D13: 0.10514316 | F13: ='Option 1'!C14/'Option 1'!$C$43 -> 0.1086895 | G13: =F13-$C13 -> -0.020557277 | H13: =G13*'Option 1'!$C$43/1000000 -> -4.8309601 | J13: =F13 -> 0.1086895 | K13: =J13-$D13 -> 0.0035463352 | L13: =K13*'Option 2'!$C$43/1000000 -> 0.83338876 | N13: ='Option 2'!C14/'Option 2'!$C$43 -> 0.10514326 | O13: =N13-$D13 -> 9.8200533e-08 | P13: =O13*'Option 2'!$C$43/1000000 -> 2.3077125e-05 | R13: ='Option 6'!Q14/'Option 6'!$Q$43 -> 0.098525203 | S13: =R13-$D13 -> -0.0066179611 | T13: =S13*'Option 6'!$Q$43/1000000 -> -1.5552209 | V13: ='Option 7'!Q14/'Option 7'!$Q$43 -> 0.10528244 | W13: =V13-$D13 -> 0.0001392736 | X13: =W13*'Option 7'!$Q$43/1000000 -> 0.032729297 | Z13: ='Option 8'!R14/'Option 8'!$R$43 -> 0.10518127 | AA13: =Z13-$D13 -> 3.8103251e-05 | AB13: =AA13*'Option 8'!$R$43/1000000 -> 0.008954264 | AD13: ='Option 9'!R14/'Option 9'!$R$43 -> 0.10716167 | AE13: =AD13-$D13 -> 0.0020185012 | AF13: =AE13*'Option 9'!$R$43/1000000 -> 0.47434779 | AH13: ='Option 10'!Q14/'Option 10'!$Q$43 -> 0.10715414 | AI13: =AH13-$D13 -> 0.0020109723 | AJ13: =AI13*'Option 10'!$Q$43/1000000 -> 0.4725785
A14: 10298 | B14: TAMUG | C14: 0.0051146603 | D14: 0.0070859753 | F14: ='Option 1'!C15/'Option 1'!$C$43 -> 0.0059921021 | G14: =F14-$C14 -> 0.00087744178 | H14: =G14*'Option 1'!$C$43/1000000 -> 0.20619882 | J14: =F14 -> 0.0059921021 | K14: =J14-$D14 -> -0.0010938731 | L14: =K14*'Option 2'!$C$43/1000000 -> -0.25706019 | N14: ='Option 2'!C15/'Option 2'!$C$43 -> 0.0060335686 | O14: =N14-$D14 -> -0.0010524067 | P14: =O14*'Option 2'!$C$43/1000000 -> -0.24731557 | R14: ='Option 6'!Q15/'Option 6'!$Q$43 -> 0.0072084016 | S14: =R14-$D14 -> 0.00012242635 | T14: =S14*'Option 6'!$Q$43/1000000 -> 0.028770191 | V14: ='Option 7'!Q15/'Option 7'!$Q$43 -> 0.0084789096 | W14: =V14-$D14 -> 0.0013929343 | X14: =W14*'Option 7'!$Q$43/1000000 -> 0.32733956 | Z14: ='Option 8'!R15/'Option 8'!$R$43 -> 0.0062663196 | AA14: =Z14-$D14 -> -0.00081965567 | AB14: =AA14*'Option 8'!$R$43/1000000 -> -0.19261908 | AD14: ='Option 9'!R15/'Option 9'!$R$43 -> 0.0057239732 | AE14: =AD14-$D14 -> -0.001362002 | AF14: =AE14*'Option 9'!$R$43/1000000 -> -0.32007048 | AH14: ='Option 10'!Q15/'Option 10'!$Q$43 -> 0.0057205981 | AI14: =AH14-$D14 -> -0.0013653772 | AJ14: =AI14*'Option 10'!$Q$43/1000000 -> -0.32086364
A15: 3630 | B15: Prairie View | C15: 0.012996729 | D15: 0.015279411 | F15: ='Option 1'!C16/'Option 1'!$C$43 -> 0.013402905 | G15: =F15-$C15 -> 0.00040617689 | H15: =G15*'Option 1'!$C$43/1000000 -> 0.095451569 | J15: =F15 -> 0.013402905 | K15: =J15-$D15 -> -0.0018765054 | L15: =K15*'Option 2'!$C$43/1000000 -> -0.44097876 | N15: ='Option 2'!C16/'Option 2'!$C$43 -> 0.011560702 | O15: =N15-$D15 -> -0.0037187084 | P15: =O15*'Option 2'!$C$43/1000000 -> -0.87389646 | R15: ='Option 6'!Q16/'Option 6'!$Q$43 -> 0.013604577 | S15: =R15-$D15 -> -0.0016748337 | T15: =S15*'Option 6'!$Q$43/1000000 -> -0.39358593 | V15: ='Option 7'!Q16/'Option 7'!$Q$43 -> 0.013482518 | W15: =V15-$D15 -> -0.0017968933 | X15: =W15*'Option 7'!$Q$43/1000000 -> -0.42226992 | Z15: ='Option 8'!R16/'Option 8'!$R$43 -> 0.013166 | AA15: =Z15-$D15 -> -0.0021134104 | AB15: =AA15*'Option 8'!$R$43/1000000 -> -0.49665144 | AD15: ='Option 9'!R16/'Option 9'!$R$43 -> 0.012204684 | AE15: =AD15-$D15 -> -0.0030747272 | AF15: =AE15*'Option 9'!$R$43/1000000 -> -0.7225609 | AH15: ='Option 10'!Q16/'Option 10'!$Q$43 -> 0.012180188 | AI15: =AH15-$D15 -> -0.0030992232 | AJ15: =AI15*'Option 10'!$Q$43/1000000 -> -0.72831746
... A41: 20 | B41: SRRG | C41: 0.0011186188 | D41: 0.0014792799 | F41: ='Option 1'!C42/'Option 1'!$C$43 -> 0.0015991513 | G41: =F41-$C41 -> 0.00048053254 | H41: =G41*'Option 1'!$C$43/1000000 -> 0.11292515 | J41: =F41 -> 0.0015991513 | K41: =J41-$D41 -> 0.00011987141 | L41: =K41*'Option 2'!$C$43/1000000 -> 0.028169781 | N41: ='Option 2'!C42/'Option 2'!$C$43 -> 0.0031876221 | O41: =N41-$D41 -> 0.0017083422 | P41: =O41*'Option 2'!$C$43/1000000 -> 0.40146041 | R41: ='Option 6'!Q42/'Option 6'!$Q$43 -> 0.0036795231 | S41: =R41-$D41 -> 0.0022002432 | T41: =S41*'Option 6'!$Q$43/1000000 -> 0.51705715 | V41: ='Option 7'!Q42/'Option 7'!$Q$43 -> 0.009752913 | W41: =V41-$D41 -> 0.0082736331 | X41: =W41*'Option 7'!$Q$43/1000000 -> 1.9443038 | Z41: ='Option 8'!R42/'Option 8'!$R$43 -> 0.0017856399 | AA41: =Z41-$D41 -> 0.00030635998 | AB41: =AA41*'Option 8'!$R$43/1000000 -> 0.071994595 | AD41: ='Option 9'!R42/'Option 9'!$R$43 -> 0.0017646399 | AE41: =AD41-$D41 -> 0.00028535995 | AF41: =AE41*'Option 9'!$R$43/1000000 -> 0.067059589 | AH41: ='Option 10'!Q42/'Option 10'!$Q$43 -> 0.0017988831 | AI41: =AH41-$D41 -> 0.00031960315 | AJ41: =AI41*'Option 10'!$Q$43/1000000 -> 0.075106739
B42: Total | C42: =SUM(C4:C41) -> 1 | D42: =SUM(D4:D41) -> 1 | F42: =SUM(F4:F41) -> 1 | G42: =F42-$C42 -> 0 | H42: =SUM(H4:H41) -> 7.170653e-14 | J42: =SUM(J4:J41) -> 1 | K42: =J42-$D42 -> 0 | L42: =SUM(L4:L41) -> 1.1392276e-13 | N42: ='Option 2'!C43/'Option 2'!$C$43 -> 1 | O42: =N42-$D42 -> 0 | P42: =SUM(P4:P41) -> -4.7961635e-14 | R42: =SUM(R4:R41) -> 1 | S42: =R42-$D42 -> 0 | T42: =SUM(T4:T41) -> 8.5043084e-14 | V42: =SUM(V4:V41) -> 1 | W42: =V42-$D42 -> 0 | X42: =SUM(X4:X41) -> 4.8183679e-14 | Z42: =SUM(Z4:Z41) -> 1 | AA42: =Z42-$D42 -> 0 | AB42: =SUM(AB4:AB41) -> 6.9402817e-14 | AD42: =SUM(AD4:AD41) -> 1 | AE42: =AD42-$D42 -> 0 | AF42: =SUM(AF4:AF41) -> -5.281886e-14 | AH42: =SUM(AH4:AH41) -> 1 | AI42: =AH42-$D42 -> 0 | AJ42: =SUM(AJ4:AJ41) -> 2.0095037e-14
B44: Total Losses | H44: =SUMIF(H4:H41,"<0") -> -22.19944 | L44: =SUMIF(L4:L41,"<0") -> -8.1746703 | P44: =SUMIF(P4:P41,"<0") -> -16.848984 | T44: =SUMIF(T4:T41,"<0") -> -11.069811 | X44: =SUMIF(X4:X41,"<0") -> -21.004629 | AB44: =SUMIF(AB4:AB41,"<0") -> -7.464013 | AF44: =SUMIF(AF4:AF41,"<0") -> -10.435244 | AJ44: =SUMIF(AJ4:AJ41,"<0") -> -10.453903

Sheet Option 1
A1: Option 1 - Outcomes Based Funding (FY 2010 - FY 2012 Averaged) with Total Degrees adjusted by Six-Year Graduation Rate (3-Year Rate for Upper-Levels), Total Degrees per 100 FTSE, Critical Field Degrees (weighted 2), At-Risk Degrees, Retention Metrics of 30, 60, and 90 hours, and Total Degrees adjusted by Cost Based Weights. Funded at 10 percent of undergraduate formula funding.
A3: FICE | B3: Name | C3: Funding | D3: Total Undergraduate Degrees | H3: Undergraduate Critical Field Degrees | I3: Math and Science Teaching Certificates | J3: At-Risk Degrees | K3: Retention Metrics
E4: Adjusted by 6-Year Graduation Rate | F4: per 100 FTSE | G4: Cost Weighted | K4: 30 Hours | L4: 60 Hours | M4: 90 Hours
A5: 3656 | B5: UTA | C5: =C49/$C$87*$C$43 -> 13496783 | D5: =D49/$C$87*$C$43 -> 1841931 | E5: =E49/$C$87*$C$43 -> 954734.24 | F5: =F49/$C$87*$C$43 -> 10866.508 | G5: =G49/$C$87*$C$43 -> 3824283.9 | H5: =H49/$C$87*$C$43 -> 1124197 | I5: =I49/$C$87*$C$43 -> 25694.534 | J5: =J49/$C$87*$C$43 -> 1143773.8 | ... M5: =M49/$C$87*$C$43 -> 654721.19
A6: 3658 | B6: UT | C6: =C50/$C$87*$C$43 -> 25249293 | D6: =D50/$C$87*$C$43 -> 3283883.8 | E6: =E50/$C$87*$C$43 -> 2722339.6 | F6: =F50/$C$87*$C$43 -> 9726.3692 | G6: =G50/$C$87*$C$43 -> 7120450.8 | H6: =H50/$C$87*$C$43 -> 1377471.7 | I6: =I50/$C$87*$C$43 -> 48452.549 | J6: =J50/$C$87*$C$43 -> 1273837.1 | ... M6: =M50/$C$87*$C$43 -> 2584258.3
A7: 9741 | B7: UTD | C7: =C51/$C$87*$C$43 -> 6570818.6 | D7: =D51/$C$87*$C$43 -> 878385.99 | E7: =E51/$C$87*$C$43 -> 617505.35 | F7: =F51/$C$87*$C$43 -> 9848.2598 | G7: =G51/$C$87*$C$43 -> 1872472 | H7: =H51/$C$87*$C$43 -> 309557.95 | I7: =I51/$C$87*$C$43 -> 23492.145 | J7: =J51/$C$87*$C$43 -> 484403.14 | ... M7: =M51/$C$87*$C$43 -> 374895.48
A8: 3661 | B8: UTEP | C8: =C52/$C$87*$C$43 -> 8883399.6 | D8: =D52/$C$87*$C$43 -> 1122117 | E8: =E52/$C$87*$C$43 -> 437625.63 | F8: =F52/$C$87*$C$43 -> 8395.0996 | G8: =G52/$C$87*$C$43 -> 2311802 | H8: =H52/$C$87*$C$43 -> 480854.85 | I8: =I52/$C$87*$C$43 -> 66071.658 | J8: =J52/$C$87*$C$43 -> 904569.94 | ... M8: =M52/$C$87*$C$43 -> 717978.69
A9: 3599 | B9: UTPA | C9: =C53/$C$87*$C$43 -> 7852361.8 | D9: =D53/$C$87*$C$43 -> 947027.1 | E9: =E53/$C$87*$C$43 -> 408168.68 | F9: =F53/$C$87*$C$43 -> 7522.0713 | G9: =G53/$C$87*$C$43 -> 1884571.7 | H9: =H53/$C$87*$C$43 -> 381992.07 | I9: =I53/$C$87*$C$43 -> 20555.627 | J9: =J53/$C$87*$C$43 -> 858319.78 | ... M9: =M53/$C$87*$C$43 -> 711860.94
A10: 30646 | B10: UTB | C10: =C54/$C$87*$C$43 -> 2590654.6 | D10: =D54/$C$87*$C$43 -> 400834.73 | E10: =E54/$C$87*$C$43 -> 230579.41 | F10: =F54/$C$87*$C$43 -> 12649.506 | G10: =G54/$C$87*$C$43 -> 770026.02 | H10: =H54/$C$87*$C$43 -> 91276.772 | I10: =I54/$C$87*$C$43 -> 13459.041 | J10: =J54/$C$87*$C$43 -> 343817.33 | ... M10: =M54/$C$87*$C$43 -> 36951.187
A11: 9930 | B11: UTPB | C11: =C55/$C$87*$C$43 -> 1383139.9 | D11: =D55/$C$87*$C$43 -> 195767.88 | E11: =E55/$C$87*$C$43 -> 86920.937 | F11: =F55/$C$87*$C$43 -> 8488.4369 | G11: =G55/$C$87*$C$43 -> 367621.48 | H11: =H55/$C$87*$C$43 -> 30344.021 | I11: =I55/$C$87*$C$43 -> 7341.2953 | J11: =J55/$C$87*$C$43 -> 146458.84 | ... M11: =M55/$C$87*$C$43 -> 71332.92
A12: 10115 | B12: UTSA | C12: =C56/$C$87*$C$43 -> 11812969 | D12: =D56/$C$87*$C$43 -> 1512184.5 | E12: =E56/$C$87*$C$43 -> 637637.79 | F12: =F56/$C$87*$C$43 -> 7429.7705 | G12: =G56/$C$87*$C$43 -> 3088561.3 | H12: =H56/$C$87*$C$43 -> 287778.78 | I12: =I56/$C$87*$C$43 -> 36461.767 | J12: =J56/$C$87*$C$43 -> 1146588 | ... M12: =M56/$C$87*$C$43 -> 960119.08
A13: 11163 | B13: UTT | C13: =C57/$C$87*$C$43 -> 3168830.6 | D13: =D57/$C$87*$C$43 -> 436807.07 | E13: =E57/$C$87*$C$43 -> 225246.85 | F13: =F57/$C$87*$C$43 -> 10738.752 | G13: =G57/$C$87*$C$43 -> 867249.24 | H13: =H57/$C$87*$C$43 -> 276522.12 | I13: =I57/$C$87*$C$43 -> 10277.813 | J13: =J57/$C$87*$C$43 -> 345897.37 | ... M13: =M57/$C$87*$C$43 -> 142176.42
A14: 3632 | B14: TAMU | C14: =C58/$C$87*$C$43 -> 25542032 | D14: =D58/$C$87*$C$43 -> 3208023.7 | E14: =E58/$C$87*$C$43 -> 2696878.6 | F14: =F58/$C$87*$C$43 -> 9265.4072 | G14: =G58/$C$87*$C$43 -> 7379769.9 | H14: =H58/$C$87*$C$43 -> 1294270.4 | I14: =I58/$C$87*$C$43 -> 92500.321 | J14: =J58/$C$87*$C$43 -> 1366949.2 | ... M14: =M58/$C$87*$C$43 -> 2531890.4
A15: 10298 | B15: TAMUG | C15: =C59/$C$87*$C$43 -> 1408144 | D15: =D59/$C$87*$C$43 -> 151597.75 | E15: =E59/$C$87*$C$43 -> 95102.321 | F15: =F59/$C$87*$C$43 -> 9029.4085 | G15: =G59/$C$87*$C$43 -> 387635.08 | H15: =H59/$C$87*$C$43 -> 41111.254 | I15: =I59/$C$87*$C$43 -> 0 | J15: =J59/$C$87*$C$43 -> 86994.35 | ... M15: =M59/$C$87*$C$43 -> 135446.9
A16: 3630 | B16: Prairie View | C16: =C60/$C$87*$C$43 -> 3149682.8 | D16: =D60/$C$87*$C$43 -> 343694.98 | E16: =E60/$C$87*$C$43 -> 127739.97 | F16: =F60/$C$87*$C$43 -> 5808.3184 | G16: =G60/$C$87*$C$43 -> 760888.56 | H16: =H60/$C$87*$C$43 -> 231740.22 | I16: =I60/$C$87*$C$43 -> 7096.5855 | J16: =J60/$C$87*$C$43 -> 294630.65 | ... M16: =M60/$C$87*$C$43 -> 332315.97
... A42: 20 | B42: SRRG | C42: =C86/$C$87*$C$43 -> 375800.56 | D42: =D86/$C$87*$C$43 -> 59342.137 | E42: =E86/$C$87*$C$43 -> 18854.64 | F42: =F86/$C$87*$C$43 -> 13433.252 | G42: =G86/$C$87*$C$43 -> 102473.47 | H42: =H86/$C$87*$C$43 -> 4649.4871 | I42: =I86/$C$87*$C$43 -> 4160.0674 | J42: =J86/$C$87*$C$43 -> 52857.327 | ... M42: =M86/$C$87*$C$43 -> 1590.614
B43: Total | C43: ='Option 2'!C43 -> 2.35e+08 | D43: =SUM(D5:D42) -> 30999904 | E43: =SUM(E5:E42) -> 18029549 | F43: =SUM(F5:F42) -> 376487.21 | G43: =SUM(G5:G42) -> 63433620 | H43: =SUM(H5:H42) -> 10257258 | I43: =SUM(I5:I42) -> 879731.89 | J43: =SUM(J5:J42) -> 20014390 | K43: =SUM(K5:K42) -> 42032158 | ... M43: =SUM(M5:M42) -> 18692773
C44: 0.1 | D44: Percent of Undergraduate Funding
A45: Points Weighted Three-Year Average
A46: FICE | B46: Name | C46: Total Points | D46: Total Undergraduate Degrees | H46: Undergraduate Critical Field Degrees | I46: Math and Science Teaching Certificates | J46: At-Risk Degrees | K46: Retention Metrics
E47: Adjusted by 6-Year Graduation Rate | F47: per 100 FTSE | G47: Cost Weighted | K47: 30 Hours | L47: 60 Hours | M47: 90 Hours
A48: Weights | D48: 1 | E48: 1 | F48: 1 | G48: 1 | H48: 2 | I48: 2 | J48: 1 | K48: 1 | L48: 1 | M48: 1
A49: =A5 -> 3656 | B49: =B5 -> UTA | C49: =SUM(D49:M49) -> 36769.487 | D49: =D91*D$48 -> 5018 | E49: =D91*E91*E$48 -> 2600.9967 | F49: =IFERROR(D91/F91*100*F$48,0) -> 29.603788 | G49: =G91*G$48 -> 10418.553 | H49: =H91*H$48 -> 3062.6667 | I49: =I91*I$48 -> 70 | J49: =J91*J$48 -> 3116 | K49: =K91*K$48 -> 6836.3333 | L49: =L91*L$48 -> 3833.6667 | M49: =M91*M$48 -> 1783.6667
A50: =A6 -> 3658 | B50: =B6 -> UT | C50: =SUM(D50:M50) -> 68787.025 | D50: =D92*D$48 -> 8946.3333 | E50: =D92*E92*E$48 -> 7416.5103 | F50: =IFERROR(D92/F92*100*F$48,0) -> 26.497692 | G50: =G92*G$48 -> 19398.35 | H50: =H92*H$48 -> 3752.6667 | I50: =I92*I$48 -> 132 | J50: =J92*J$48 -> 3470.3333 | K50: =K92*K$48 -> 9598.3333 | L50: =L92*L$48 -> 9005.6667 | M50: =M92*M$48 -> 7040.3333
A51: =A7 -> 9741 | B51: =B7 -> UTD | C51: =SUM(D51:M51) -> 17900.979 | D51: =D93*D$48 -> 2393 | E51: =D93*E93*E$48 -> 1682.279 | F51: =IFERROR(D93/F93*100*F$48,0) -> 26.829761 | G51: =G93*G$48 -> 5101.2033 | H51: =H93*H$48 -> 843.33333 | I51: =I93*I$48 -> 64 | J51: =J93*J$48 -> 1319.6667 | K51: =K93*K$48 -> 3315 | L51: =L93*L$48 -> 2134.3333 | M51: =M93*M$48 -> 1021.3333
A52: =A8 -> 3661 | B52: =B8 -> UTEP | C52: =SUM(D52:M52) -> 24201.178 | D52: =D94*D$48 -> 3057 | E52: =D94*E94*E$48 -> 1192.23 | F52: =IFERROR(D94/F94*100*F$48,0) -> 22.870895 | G52: =G94*G$48 -> 6298.0767 | H52: =H94*H$48 -> 1310 | I52: =I94*I$48 -> 180 | J52: =J94*J$48 -> 2464.3333 | K52: =K94*K$48 -> 4362.6667 | L52: =L94*L$48 -> 3358 | M52: =M94*M$48 -> 1956
A53: =A9 -> 3599 | B53: =B9 -> UTPA | C53: =SUM(D53:M53) -> 21392.306 | D53: =D95*D$48 -> 2580 | E53: =D95*E95*E$48 -> 1111.98 | F53: =IFERROR(D95/F95*100*F$48,0) -> 20.49249 | G53: =G95*G$48 -> 5134.1667 | H53: =H95*H$48 -> 1040.6667 | I53: =I95*I$48 -> 56 | J53: =J95*J$48 -> 2338.3333 | K53: =K95*K$48 -> 4075.3333 | L53: =L95*L$48 -> 3096 | M53: =M95*M$48 -> 1939.3333
A54: =A10 -> 30646 | B54: =B10 -> UTB | C54: =SUM(D54:M54) -> 7057.7588 | D54: =D96*D$48 -> 1092 | E54: =D96*E96*E$48 -> 628.17092 | F54: =IFERROR(D96/F96*100*F$48,0) -> 34.461236 | G54: =G96*G$48 -> 2097.7933 | H54: =H96*H$48 -> 248.66667 | I54: =I96*I$48 -> 36.666667 | J54: =J96*J$48 -> 936.66667 | K54: =K96*K$48 -> 1326.3333 | L54: =L96*L$48 -> 556.33333 | M54: =M96*M$48 -> 100.66667
A55: =A11 -> 9930 | B55: =B11 -> UTPB | C55: =SUM(D55:M55) -> 3768.1085 | D55: =D97*D$48 -> 533.33333 | E55: =D97*E97*E$48 -> 236.8 | F55: =IFERROR(D97/F97*100*F$48,0) -> 23.125175 | G55: =G97*G$48 -> 1001.5167 | H55: =H97*H$48 -> 82.666667 | I55: =I97*I$48 -> 20 | J55: =J97*J$48 -> 399 | K55: =K97*K$48 -> 785.66667 | L55: =L97*L$48 -> 491.66667 | M55: =M97*M$48 -> 194.33333
A56: =A12 -> 10115 | B56: =B12 -> UTSA | C56: =SUM(D56:M56) -> 32182.247 | D56: =D98*D$48 -> 4119.6667 | E56: =D98*E98*E$48 -> 1737.1261 | F56: =IFERROR(D98/F98*100*F$48,0) -> 20.241034 | G56: =G98*G$48 -> 8414.2133 | H56: =H98*H$48 -> 784 | I56: =I98*I$48 -> 99.333333 | J56: =J98*J$48 -> 3123.6667 | K56: =K98*K$48 -> 6809.6667 | L56: =L98*L$48 -> 4458.6667 | M56: =M98*M$48 -> 2615.6667
A57: =A13 -> 11163 | B57: =B13 -> UTT | C57: =SUM(D57:M57) -> 8632.8924 | D57: =D99*D$48 -> 1190 | E57: =D99*E99*E$48 -> 613.64333 | F57: =IFERROR(D99/F99*100*F$48,0) -> 29.255741 | G57: =G99*G$48 -> 2362.66 | H57: =H99*H$48 -> 753.33333 | I57: =I99*I$48 -> 28 | J57: =J99*J$48 -> 942.33333 | K57: =K99*K$48 -> 1436.3333 | L57: =L99*L$48 -> 890 | M57: =M99*M$48 -> 387.33333
A58: =A14 -> 3632 | B58: =B14 -> TAMU | C58: =SUM(D58:M58) -> 69584.538 | D58: =D100*D$48 -> 8739.6667 | E58: =D100*E100*E$48 -> 7347.1464 | F58: =IFERROR(D100/F100*100*F$48,0) -> 25.241887 | G58: =G100*G$48 -> 20104.817 | H58: =H100*H$48 -> 3526 | I58: =I100*I$48 -> 252 | J58: =J100*J$48 -> 3724 | K58: =K100*K$48 -> 10060.667 | L58: =L100*L$48 -> 8907.3333 | M58: =M100*M$48 -> 6897.6667
A59: =A15 -> 10298 | B59: =B15 -> TAMUG | C59: =SUM(D59:M59) -> 3836.2276 | D59: =D101*D$48*1.5 -> 413 | E59: =D101*E101*E$48*1.5 -> 259.08867 | F59: =IFERROR(D101/F101*100*F$48,0)*1.5 -> 24.598952 | G59: =G101*G$48*1.5 -> 1056.04 | H59: =H101*H$48*1.5 -> 112 | I59: =I101*I$48*1.5 -> 0 | J59: =J101*J$48*1.5 -> 237 | K59: =K101*K$48*1.5 -> 888.5 | L59: =L101*L$48*1.5 -> 477 | M59: =M101*M$48*1.5 -> 369
A60: =A16 -> 3630 | B60: =B16 -> Prairie View | C60: =SUM(D60:M60) -> 8580.7276 | D60: =D102*D$48 -> 936.33333 | E60: =D102*E102*E$48 -> 348.00389 | F60: =IFERROR(D102/F102*100*F$48,0) -> 15.823688 | G60: =G102*G$48 -> 2072.9 | H60: =H102*H$48 -> 631.33333 | I60: =I102*I$48 -> 19.333333 | J60: =J102*J$48 -> 802.66667 | K60: =K102*K$48 -> 1668 | L60: =L102*L$48 -> 1181 | M60: =M102*M$48 -> 905.33333
A61: =A17 -> 3631 | B61: =B17 -> Tarleton | C61: =SUM(D61:M61) -> 11473.106 | D61: =D103*D$48 -> 1545.3333 | E61: =D103*E103*E$48 -> 738.66933 | F61: =IFERROR(D103/F103*100*F$48,0) -> 24.559768 | G61: =G103*G$48 -> 3122.5433 | H61: =H103*H$48 -> 406 | I61: =I103*I$48 -> 95.333333 | J61: =J103*J$48 -> 1195 | K61: =K103*K$48 -> 2154.3333 | L61: =L103*L$48 -> 1328.6667 | M61: =M103*M$48 -> 862.66667
A62: =A18 -> 103631 | B62: =B18 -> TAMUCT | C62: =SUM(D62:M62) -> 2671.9105 | D62: =D104*D$48 -> 460.33333 | E62: =D104*E104*E$48 -> 220.03933 | F62: =IFERROR(D104/F104*100*F$48,0) -> 67.58785 | G62: =G104*G$48 -> 853.61667 | H62: =H104*H$48 -> 81.333333 | I62: =I104*I$48 -> 0 | J62: =J104*J$48 -> 327 | K62: =K104*K$48 -> 495 | L62: =L104*L$48 -> 133 | M62: =M104*M$48 -> 34
A63: =A19 -> 11161 | B63: =B19 -> TAMUCC | C63: =SUM(D63:M63) -> 10983.517 | D63: =D105*D$48 -> 1388.3333 | E63: =D105*E105*E$48 -> 705.27333 | F63: =IFERROR(D105/F105*100*F$48,0) -> 21.376514 | G63: =G105*G$48 -> 2804.2 | H63: =H105*H$48 -> 532.66667 | I63: =I105*I$48 -> 51.333333 | J63: =J105*J$48 -> 1080 | K63: =K105*K$48 -> 2054 | L63: =L105*L$48 -> 1468 | M63: =M105*M$48 -> 878.33333
A64: =A20 -> 3639 | B64: =B20 -> TAMUK | C64: =SUM(D64:M64) -> 6696.7767 | D64: =D106*D$48 -> 761.66667 | E64: =D106*E106*E$48 -> 306.44389 | F64: =IFERROR(D106/F106*100*F$48,0) -> 17.879499 | G64: =G106*G$48 -> 1763.4533 | H64: =H106*H$48 -> 520 | I64: =I106*I$48 -> 33.333333 | J64: =J106*J$48 -> 648.33333 | K64: =K106*K$48 -> 1227.3333 | L64: =L106*L$48 -> 859.66667 | M64: =M106*M$48 -> 558.66667
A65: =A21 -> 103639 | B65: =B21 -> TAMUSA | C65: =SUM(D65:M65) -> 3205.7164 | D65: =D107*D$48 -> 587.66667 | E65: =D107*E107*E$48 -> 236.43789 | F65: =IFERROR(D107/F107*100*F$48,0) -> 41.598502 | G65: =G107*G$48 -> 1026.0133 | H65: =H107*H$48 -> 10 | I65: =I107*I$48 -> 4 | J65: =J107*J$48 -> 490.33333 | K65: =K107*K$48 -> 729.66667 | L65: =L107*L$48 -> 77.333333 | M65: =M107*M$48 -> 2.6666667
A66: =A22 -> 9651 | B66: =B22 -> TAMI | C66: =SUM(D66:M66) -> 6525.9317 | D66: =D108*D$48 -> 789.66667 | E66: =D108*E108*E$48 -> 373.77556 | F66: =IFERROR(D108/F108*100*F$48,0) -> 19.326154 | G66: =G108*G$48 -> 1458.4967 | H66: =H108*H$48 -> 231.33333 | I66: =I108*I$48 -> 44.666667 | J66: =J108*J$48 -> 712.66667 | K66: =K108*K$48 -> 1406.6667 | L66: =L108*L$48 -> 1015.6667 | M66: =M108*M$48 -> 473.66667
A67: =A23 -> 3665 | B67: =B23 -> WTAMU | C67: =SUM(D67:M67) -> 9433.0982 | D67: =D109*D$48 -> 1255.6667 | E67: =D109*E109*E$48 -> 591.00044 | F67: =IFERROR(D109/F109*100*F$48,0) -> 23.187722 | G67: =G109*G$48 -> 2503.5767 | H67: =H109*H$48 -> 383.33333 | I67: =I109*I$48 -> 121.33333 | J67: =J109*J$48 -> 889.33333 | K67: =K109*K$48 -> 1791.6667 | L67: =L109*L$48 -> 1212.6667 | M67: =M109*M$48 -> 661.33333
A68: =A24 -> 3565 | B68: =B24 -> TAMUC | C68: =SUM(D68:M68) -> 9233.7288 | D68: =D110*D$48 -> 1324.3333 | E68: =D110*E110*E$48 -> 582.70667 | F68: =IFERROR(D110/F110*100*F$48,0) -> 28.195435 | G68: =G110*G$48 -> 2501.8267 | H68: =H110*H$48 -> 146 | I68: =I110*I$48 -> 148.66667 | J68: =J110*J$48 -> 1019.3333 | K68: =K110*K$48 -> 1893 | L68: =L110*L$48 -> 1137.3333 | M68: =M110*M$48 -> 452.33333
A69: =A25 -> 29269 | B69: =B25 -> TAMUT | C69: =SUM(D69:M69) -> 2167.0366 | D69: =D111*D$48 -> 345.66667 | E69: =D111*E111*E$48 -> 187.36026 | F69: =IFERROR(D111/F111*100*F$48,0) -> 38.766355 | G69: =G111*G$48 -> 619.91 | H69: =H111*H$48 -> 83.333333 | I69: =I111*I$48 -> 38.666667 | J69: =J111*J$48 -> 239 | K69: =K111*K$48 -> 432.66667 | L69: =L111*L$48 -> 181 | M69: =M111*M$48 -> 0.66666667
A70: =A26 -> 3652 | B70: =B26 -> UH | C70: =SUM(D70:M70) -> 40007.257 | D70: =D112*D$48 -> 5098.6667 | E70: =D112*E112*E$48 -> 2734.5849 | F70: =IFERROR(D112/F112*100*F$48,0) -> 21.42505 | G70: =G112*G$48 -> 10580.247 | H70: =H112*H$48 -> 1474 | I70: =I112*I$48 -> 125.33333 | J70: =J112*J$48 -> 3373 | K70: =K112*K$48 -> 7602.3333 | L70: =L112*L$48 -> 5690.3333 | M70: =M112*M$48 -> 3307.3333
A71: =A27 -> 11711 | B71: =B27 -> UHCL | C71: =SUM(D71:M71) -> 7538.9896 | D71: =D113*D$48 -> 1190.6667 | E71: =D113*E113*E$48 -> 619.34268 | F71: =IFERROR(D113/F113*100*F$48,0) -> 39.693593 | G71: =G113*G$48 -> 2282.9533 | H71: =H113*H$48 -> 213.33333 | I71: =I113*I$48 -> 16.666667 | J71: =J113*J$48 -> 774.33333 | K71: =K113*K$48 -> 1391.3333 | L71: =L113*L$48 -> 953.66667 | M71: =M113*M$48 -> 57
... A86: =A42 -> 20 | B86: =B42 -> SRRG | C86: =SUM(D86:M86) -> 1023.7991 | D86: =D128*D$48 -> 161.66667 | E86: =D128*E128*E$48 -> 51.365977 | F86: =IFERROR(D128/F128*100*F$48,0) -> 36.596408 | G86: =G128*G$48 -> 279.17 | H86: =H128*H$48 -> 12.666667 | I86: =I128*I$48 -> 11.333333 | J86: =J128*J$48 -> 144 | K86: =K128*K$48 -> 230 | L86: =L128*L$48 -> 92.666667 | M86: =M128*M$48 -> 4.3333333
B87: Total | C87: =SUM(C49:C86) -> 640213.99 | D87: =SUM(D49:D86) -> 84453.5 | E87: =SUM(E49:E86) -> 49118.169 | F87: =SUM(F49:F86) -> 1025.6697 | G87: =SUM(G49:G86) -> 172813.15 | H87: =SUM(H49:H86) -> 27944 | I87: =SUM(I49:I86) -> 2396.6667 | J87: =SUM(J49:J86) -> 54525.5 | ... M87: =SUM(M49:M86) -> 50925
A88: Three-Year Average
A89: FICE | B89: Name | D89: Total Undergraduate Degrees | E89: 6-Year Graduation Rate | F89: Undergraduate FTSE | G89: Cost Weighted Degrees | H89: Undergraduate Critical Field Degrees | I89: Math and Science Teaching Certificates | J89: At-Risk Degrees | K89: Hours Completed
K90: 30 Hours | L90: 60 Hours | M90: 90 Hours
A91: =A49 -> 3656 | B91: =B49 -> UTA | D91: =AVERAGE(D133,D175,D217) -> 5018 | E91: =AVERAGE(E133,E175,E217) -> 0.51833333 | F91: =AVERAGE(F133,F175,F217) -> 16950.533 | G91: =AVERAGE(G133,G175,G217) -> 10418.553 | H91: =AVERAGE(H133,H175,H217) -> 1531.3333 | I91: =AVERAGE(I133,I175,I217) -> 35 | J91: =AVERAGE(J133,J175,J217) -> 3116 | K91: =AVERAGE(K133,K175,K217) -> 6836.3333 | ... M91: =AVERAGE(M133,M175,M217) -> 1783.6667
A92: =A50 -> 3658 | B92: =B50 -> UT | D92: =AVERAGE(D134,D176,D218) -> 8946.3333 | E92: =AVERAGE(E134,E176,E218) -> 0.829 | F92: =AVERAGE(F134,F176,F218) -> 33762.689 | G92: =AVERAGE(G134,G176,G218) -> 19398.35 | H92: =AVERAGE(H134,H176,H218) -> 1876.3333 | I92: =AVERAGE(I134,I176,I218) -> 66 | J92: =AVERAGE(J134,J176,J218) -> 3470.3333 | K92: =AVERAGE(K134,K176,K218) -> 9598.3333 | ... M92: =AVERAGE(M134,M176,M218) -> 7040.3333
A93: =A51 -> 9741 | B93: =B51 -> UTD | D93: =AVERAGE(D135,D177,D219) -> 2393 | E93: =AVERAGE(E135,E177,E219) -> 0.703 | F93: =AVERAGE(F135,F177,F219) -> 8919.2 | G93: =AVERAGE(G135,G177,G219) -> 5101.2033 | H93: =AVERAGE(H135,H177,H219) -> 421.66667 | I93: =AVERAGE(I135,I177,I219) -> 32 | J93: =AVERAGE(J135,J177,J219) -> 1319.6667 | K93: =AVERAGE(K135,K177,K219) -> 3315 | ... M93: =AVERAGE(M135,M177,M219) -> 1021.3333
A94: =A52 -> 3661 | B94: =B52 -> UTEP | D94: =AVERAGE(D136,D178,D220) -> 3057 | E94: =AVERAGE(E136,E178,E220) -> 0.39 | F94: =AVERAGE(F136,F178,F220) -> 13366.333 | G94: =AVERAGE(G136,G178,G220) -> 6298.0767 | H94: =AVERAGE(H136,H178,H220) -> 655 | I94: =AVERAGE(I136,I178,I220) -> 90 | J94: =AVERAGE(J136,J178,J220) -> 2464.3333 | K94: =AVERAGE(K136,K178,K220) -> 4362.6667 | ... M94: =AVERAGE(M136,M178,M220) -> 1956
A95: =A53 -> 3599 | B95: =B53 -> UTPA | D95: =AVERAGE(D137,D179,D221) -> 2580 | E95: =AVERAGE(E137,E179,E221) -> 0.431 | F95: =AVERAGE(F137,F179,F221) -> 12589.978 | G95: =AVERAGE(G137,G179,G221) -> 5134.1667 | H95: =AVERAGE(H137,H179,H221) -> 520.33333 | I95: =AVERAGE(I137,I179,I221) -> 28 | J95: =AVERAGE(J137,J179,J221) -> 2338.3333 | K95: =AVERAGE(K137,K179,K221) -> 4075.3333 | ... M95: =AVERAGE(M137,M179,M221) -> 1939.3333
A96: =A54 -> 30646 | B96: =B54 -> UTB | D96: =AVERAGE(D138,D180,D222) -> 1092 | E96: =AVERAGE(E138,E180,E222) -> 0.5752481 | F96: =AVERAGE(F138,F180,F222) -> 3168.7778 | G96: =AVERAGE(G138,G180,G222) -> 2097.7933 | H96: =AVERAGE(H138,H180,H222) -> 124.33333 | I96: =AVERAGE(I138,I180,I222) -> 18.333333 | J96: =AVERAGE(J138,J180,J222) -> 936.66667 | K96: =AVERAGE(K138,K180,K222) -> 1326.3333 | ... M96: =AVERAGE(M138,M180,M222) -> 100.66667
A97: =A55 -> 9930 | B97: =B55 -> UTPB | D97: =AVERAGE(D139,D181,D223) -> 533.33333 | E97: =AVERAGE(E139,E181,E223) -> 0.444 | F97: =AVERAGE(F139,F181,F223) -> 2306.2889 | G97: =AVERAGE(G139,G181,G223) -> 1001.5167 | H97: =AVERAGE(H139,H181,H223) -> 41.333333 | I97: =AVERAGE(I139,I181,I223) -> 10 | J97: =AVERAGE(J139,J181,J223) -> 399 | K97: =AVERAGE(K139,K181,K223) -> 785.66667 | ... M97: =AVERAGE(M139,M181,M223) -> 194.33333
A98: =A56 -> 10115 | B98: =B56 -> UTSA | D98: =AVERAGE(D140,D182,D224) -> 4119.6667 | E98: =AVERAGE(E140,E182,E224) -> 0.42166667 | F98: =AVERAGE(F140,F182,F224) -> 20353.044 | G98: =AVERAGE(G140,G182,G224) -> 8414.2133 | H98: =AVERAGE(H140,H182,H224) -> 392 | I98: =AVERAGE(I140,I182,I224) -> 49.666667 | J98: =AVERAGE(J140,J182,J224) -> 3123.6667 | K98: =AVERAGE(K140,K182,K224) -> 6809.6667 | ... M98: =AVERAGE(M140,M182,M224) -> 2615.6667
A99: =A57 -> 11163 | B99: =B57 -> UTT | D99: =AVERAGE(D141,D183,D225) -> 1190 | E99: =AVERAGE(E141,E183,E225) -> 0.51566667 | F99: =AVERAGE(F141,F183,F225) -> 4067.5778 | G99: =AVERAGE(G141,G183,G225) -> 2362.66 | H99: =AVERAGE(H141,H183,H225) -> 376.66667 | I99: =AVERAGE(I141,I183,I225) -> 14 | J99: =AVERAGE(J141,J183,J225) -> 942.33333 | K99: =AVERAGE(K141,K183,K225) -> 1436.3333 | ... M99: =AVERAGE(M141,M183,M225) -> 387.33333
A100: =A58 -> 3632 | B100: =B58 -> TAMU | D100: =AVERAGE(D142,D184,D226) -> 8739.6667 | E100: =AVERAGE(E142,E184,E226) -> 0.84066667 | F100: =AVERAGE(F142,F184,F226) -> 34623.667 | G100: =AVERAGE(G142,G184,G226) -> 20104.817 | H100: =AVERAGE(H142,H184,H226) -> 1763 | I100: =AVERAGE(I142,I184,I226) -> 126 | J100: =AVERAGE(J142,J184,J226) -> 3724 | K100: =AVERAGE(K142,K184,K226) -> 10060.667 | ... M100: =AVERAGE(M142,M184,M226) -> 6897.6667
A101: =A59 -> 10298 | B101: =B59 -> TAMUG | D101: =AVERAGE(D143,D185,D227) -> 275.33333 | E101: =AVERAGE(E143,E185,E227) -> 0.62733333 | F101: =AVERAGE(F143,F185,F227) -> 1678.9333 | G101: =AVERAGE(G143,G185,G227) -> 704.02667 | H101: =AVERAGE(H143,H185,H227) -> 37.333333 | I101: =AVERAGE(I143,I185,I227) -> 0 | J101: =AVERAGE(J143,J185,J227) -> 158 | K101: =AVERAGE(K143,K185,K227) -> 592.33333 | ... M101: =AVERAGE(M143,M185,M227) -> 246
A102: =A60 -> 3630 | B102: =B60 -> Prairie View | D102: =AVERAGE(D144,D186,D228) -> 936.33333 | E102: =AVERAGE(E144,E186,E228) -> 0.37166667 | F102: =AVERAGE(F144,F186,F228) -> 5917.2889 | G102: =AVERAGE(G144,G186,G228) -> 2072.9 | H102: =AVERAGE(H144,H186,H228) -> 315.66667 | I102: =AVERAGE(I144,I186,I228) -> 9.6666667 | J102: =AVERAGE(J144,J186,J228) -> 802.66667 | K102: =AVERAGE(K144,K186,K228) -> 1668 | ... M102: =AVERAGE(M144,M186,M228) -> 905.33333
... A128: =A86 -> 20 | B128: =B86 -> SRRG | D128: =AVERAGE(D170,D212,D254) -> 161.66667 | E128: =AVERAGE(E170,E212,E254) -> 0.31772769 | F128: =AVERAGE(F170,F212,F254) -> 441.75556 | G128: =AVERAGE(G170,G212,G254) -> 279.17 | H128: =AVERAGE(H170,H212,H254) -> 6.3333333 | I128: =AVERAGE(I170,I212,I254) -> 5.6666667 | J128: =AVERAGE(J170,J212,J254) -> 144 | K128: =AVERAGE(K170,K212,K254) -> 230 | ... M128: =AVERAGE(M170,M212,M254) -> 4.3333333
B129: Total | D129: =SUM(D91:D128) -> 84315.833 | E129: 0.559 | F129: =SUM(F91:F128) -> 350016.33 | G129: =SUM(G91:G128) -> 172461.14 | H129: =SUM(H91:H128) -> 13953.333 | I129: =SUM(I91:I128) -> 1198.3333 | J129: =SUM(J91:J128) -> 54446.5 | K129: =SUM(K91:K128) -> 114212.67 | L129: =SUM(L91:L128) -> 82344.5 | M129: =SUM(M91:M128) -> 50802
A130: Fiscal Year 2012
A131: FICE | B131: Name | D131: Undergraduate Degrees | E131: 6-Year Graduation Rate | F131: Undergraduate FTSE | G131: Cost Weighted Degrees | H131: Undergraduate Critical Field Degrees | I131: Math and Science Teaching Certificates | J131: At-Risk Degrees | K131: Hours Completed
K132: 30 Hours | L132: 60 Hours | M132: 90 Hours
A133: =A91 -> 3656 | B133: =B91 -> UTA | D133: 5773 | E133: 0.555 | F133: 17781.467 | G133: 12087.56 | H133: 2140 | I133: 43 | J133: 3528 | K133: 6893 | L133: 3962 | M133: 1894
A134: =A92 -> 3658 | B134: =B92 -> UT | D134: 8860 | E134: 0.825 | F134: 33841.467 | G134: 19542.68 | H134: 1981 | I134: 83 | J134: 3501 | K134: 9260 | L134: 8373 | M134: 6348
A135: =A93 -> 9741 | B135: =B93 -> UTD | D135: 2510 | E135: 0.719 | F135: 9826.5333 | G135: 5443.87 | H135: 449 | I135: 33 | J135: 1410 | K135: 3522 | L135: 2348 | M135: 1065
A136: =A94 -> 3661 | B136: =B94 -> UTEP | D136: 3132 | E136: 0.412 | F136: 13931.067 | G136: 6456.06 | H136: 643 | I136: 86 | J136: 2590 | K136: 4400 | L136: 3304 | M136: 1986
A137: =A95 -> 3599 | B137: =B95 -> UTPA | D137: 2462 | E137: 0.44 | F137: 12698.333 | G137: 5000.28 | H137: 547 | I137: 19 | J137: 2247 | K137: 3730 | L137: 2862 | M137: 1896
A138: =A96 -> 30646 | B138: =B96 -> UTB | D138: 1149 | E138: 0.52783109 | F138: 3400.5333 | G138: 2236.31 | H138: 133 | I138: 21 | J138: 978 | K138: 1243 | L138: 486 | M138: 99
A139: =A97 -> 9930 | B139: =B97 -> UTPB | D139: 546 | E139: 0.479 | F139: 2343.2667 | G139: 1054.66 | H139: 51 | I139: 7 | J139: 411 | K139: 742 | L139: 535 | M139: 210
A140: =A98 -> 10115 | B140: =B98 -> UTSA | D140: 4243 | E140: 0.431 | F140: 21066.867 | G140: 8736.7 | H140: 407 | I140: 63 | J140: 3204 | K140: 6815 | L140: 4371 | M140: 2560
A141: =A99 -> 11163 | B141: =B99 -> UTT | D141: 1144 | E141: 0.518 | F141: 4086.7333 | G141: 2263.87 | H141: 392 | I141: 23 | J141: 886 | K141: 1409 | L141: 844 | M141: 383
A142: =A100 -> 3632 | B142: =B100 -> TAMU | D142: 9020 | E142: 0.842 | F142: 35116.667 | G142: 21108.19 | H142: 1934 | I142: 137 | J142: 3915 | K142: 10547 | L142: 8924 | M142: 6938
A143: =A101 -> 10298 | B143: =B101 -> TAMUG | D143: 314 | E143: 0.626 | F143: 1769.4667 | G143: 826.34 | H143: 46 | I143: 0 | J143: 186 | K143: 607 | L143: 296 | M143: 263
A144: =A102 -> 3630 | B144: =B102 -> Prairie View | D144: 1026 | E144: 0.403 | F144: 5822.8 | G144: 2288.97 | H144: 373 | I144: 11 | J144: 877 | K144: 1701 | L144: 1132 | M144: 871
A145: =A103 -> 3631 | B145: =B103 -> Tarleton | D145: 1662 | E145: 0.476 | F145: 6766.4 | G145: 3337.24 | H145: 229 | I145: 49 | J145: 1296 | K145: 2227 | L145: 1216 | M145: 845
A146: =A104 -> 103631 | B146: =B104 -> TAMUCT | D146: 469 | E146: =E145 -> 0.476 | F146: 684.13333 | G146: 882.21 | H146: 42 | I146: 0 | J146: 329 | K146: 550 | L146: 119 | M146: 5
A147: =A105 -> 11161 | B147: =B105 -> TAMUCC | D147: 1515 | E147: 0.51 | F147: 6742.2 | G147: 3028.9 | H147: 310 | I147: 23 | J147: 1182 | K147: 1957 | L147: 1470 | M147: 959
A148: =A106 -> 3639 | B148: =B106 -> TAMUK | D148: 855 | E148: 0.392 | F148: 4577.5333 | G148: 1952.62 | H148: 298 | I148: 19 | J148: 742 | K148: 1343 | L148: 910 | M148: 571
A149: =A107 -> 103639 | B149: =B107 -> TAMUSA | D149: 647 | E149: =E148 -> 0.392 | F149: 1673.0667 | G149: 1155.54 | H149: 10 | I149: 4 | J149: 549 | K149: 887 | L149: 190 | M149: 1
A150: =A108 -> 9651 | B150: =B108 -> TAMI | D150: 805 | E150: 0.457 | F150: 4312.1333 | G150: 1498.77 | H150: 142 | I150: 23 | J150: 737 | K150: 1292 | L150: 1039 | M150: 488
A151: =A109 -> 3665 | B151: =B109 -> WTAMU | D151: 1253 | E151: 0.482 | F151: 5523.2 | G151: 2523.98 | H151: 175 | I151: 60 | J151: 902 | K151: 1631 | L151: 1213 | M151: 689
A152: =A110 -> 3565 | B152: =B110 -> TAMUC | D152: 1507 | E152: 0.446 | F152: 5135.2667 | G152: 2861.95 | H152: 89 | I152: 81 | J152: 1172 | K152: 2056 | L152: 1174 | M152: 457
A153: =A111 -> 29269 | B153: =B111 -> TAMUT | D153: 376 | E153: 0.49242424 | F153: 1101.2667 | G153: 680.44 | H153: 47 | I153: 25 | J153: 277 | K153: 484 | L153: 219 | M153: 1
A154: =A112 -> 3652 | B154: =B112 -> UH | D154: 5426 | E154: 0.536 | F154: 24760.4 | G154: 11378.95 | H154: 835 | I154: 60 | J154: 3688 | K154: 7823 | L154: 5667 | M154: 3232
A155: =A113 -> 11711 | B155: =B113 -> UHCL | D155: 1251 | E155: 0.51671733 | F155: 3079.2667 | G155: 2423.7 | H155: 119 | I155: 9 | J155: 839 | K155: 1391 | L155: 1014 | M155: 37
A156: =A114 -> 12826 | B156: =B114 -> UHD | D156: 2351 | E156: 0.174 | F156: 8043.8 | G156: 4292.43 | H156: 134 | I156: 3 | J156: 1694 | K156: 3011 | L156: 1820 | M156: 590
A157: =A115 -> 13231 | B157: =B115 -> UHV | D157: 619 | E157: 0.47520661 | F157: 1685.8667 | G157: 1187.59 | H157: 134 | I157: 9 | J157: 418 | K157: 776 | L157: 334 | M157: 6
A158: =A116 -> 3592 | B158: =B116 -> Midwestern | D158: 1066 | E158: 0.463 | F158: 4147.7333 | G158: 2062.14 | H158: 358 | I158: 15 | J158: 723 | K158: 1310 | L158: 979 | M158: 683
A159: =A117 -> 3594 | B159: =B117 -> UNT | D159: 5843 | E159: 0.568 | F159: 23213.467 | G159: 11338.87 | H159: 368 | I159: 56 | J159: 3771 | K159: 7310 | L159: 5432 | M159: 3116
A160: =A118 -> 113594 | B160: =B118 -> UNTD | D160: 419 | E160: =E159 -> 0.568 | F160: 983.46667 | G160: 742.12 | H160: 14 | I160: 0 | J160: 313 | K160: 469 | L160: 80 | M160: 4
A161: =A119 -> 3624 | B161: =B119 -> SFA | D161: 2011 | E161: 0.553 | F161: 9507.3333 | G161: 3932.94 | H161: 273 | I161: 42 | J161: 1513 | K161: 2605 | L161: 2125 | M161: 1473
A162: =A120 -> 3642 | B162: =B120 -> TSU | D162: 737 | E162: 0.141 | F162: 5767.1333 | G162: 1478.83 | H162: 154 | I162: 5 | J162: 641 | K162: 1349 | L162: 988 | M162: 760
A163: =A121 -> 3644 | B163: =B121 -> TTU | D163: 4941 | E163: 0.736 | F163: 22627.6 | G163: 10741.02 | H163: 839 | I163: 67 | J163: 3071 | K163: 6449 | L163: 5332 | M163: 4048
A164: =A122 -> 3541 | B164: =B122 -> Angelo | D164: 1073 | E164: 0.408 | F164: 4921.3333 | G164: 2141.51 | H164: 304 | I164: 19 | J164: 773 | K164: 1398 | L164: 1022 | M164: 707
A165: =A123 -> 3646 | B165: =B123 -> TWU | D165: 1919 | E165: 0.542 | F165: 6999.5333 | G165: 3704.32 | H165: 571 | I165: 30 | J165: 1326 | K165: 2425 | L165: 1247 | M165: 703
...

Sheet Option 2
A1: Option 2 - Outcomes Based Funding (FY 2010 - FY 2012 Averaged) with Total Degrees adjusted by Six-Year Graduation Rate (3-Year Rate for Upper-Levels), Total Degrees per 100 FTSE, Critical Field Degrees, At-Risk Degrees, Retention Metrics of 30, 60, and 90 hours, and Total Degrees adjusted by Cost Based Weights. Metrics scaled for mathematical comparability, weighted by accountability group, and monetized using SREB salaries by Carnegie classifications. Funded at 10 percent of undergraduate formula funding.
A3: FICE | B3: Name | C3: Funding | D3: Total Undergraduate Degrees | H3: Undergraduate Critical Field Degrees | I3: Math and Science Teaching Certificates | J3: At-Risk Degrees | K3: Retention Metrics
E4: Adjusted by 6-Year Graduation Rate | F4: per 100 FTSE | G4: Cost Weighted | K4: 30 Hours | L4: 60 Hours | M4: 90 Hours
A5: 3656 | B5: UTA | C5: =SUM(D5:M5) -> 16200442 | D5: =D48*$O48*$C$44 -> 3415726.7 | E5: =E48*$O48*$C$44 -> 1180323.4 | F5: =F48*$O48*$C$44 -> 671704.87 | G5: =G48*$O48*$C$44 -> 7091855.6 | H5: =H48*$O48*$C$44 -> 1042370.7 | I5: =I48*$O48*$C$44 -> 23824.32 | J5: =J48*$O48*$C$44 -> 339367.22 | K5: =K48*$O48*$C$44 -> 1085806.6 | ... M5: =M48*$O48*$C$44 -> 566595.26
A6: 3658 | B6: UT | C6: =SUM(D6:M6) -> 24554575 | D6: =D49*$O49*$C$44 -> 4059815.3 | E6: =E49*$O49*$C$44 -> 4206983.6 | F6: =F49*$O49*$C$44 -> 751535.1 | G6: =G49*$O49*$C$44 -> 8802904.6 | H6: =H49*$O49*$C$44 -> 851473.62 | I6: =I49*$O49*$C$44 -> 29950.573 | J6: =J49*$O49*$C$44 -> 251972.05 | K6: =K49*$O49*$C$44 -> 1524491.7 | ... M6: =M49*$O49*$C$44 -> 2236415.4
A7: 9741 | B7: UTD | C7: =SUM(D7:M7) -> 8212776.3 | D7: =D50*$O50*$C$44 -> 1628902.8 | E7: =E50*$O50*$C$44 -> 763412.43 | F7: =F50*$O50*$C$44 -> 608762.66 | G7: =G50*$O50*$C$44 -> 3472362.8 | H7: =H50*$O50*$C$44 -> 287026.33 | I7: =I50*$O50*$C$44 -> 21782.235 | J7: =J50*$O50*$C$44 -> 143726.45 | K7: =K50*$O50*$C$44 -> 526517.46 | ... M7: =M50*$O50*$C$44 -> 324434.29
A8: 3661 | B8: UTEP | C8: =SUM(D8:M8) -> 7826451.5 | D8: =D51*$O51*$C$44 -> 1596125.9 | E8: =E51*$O51*$C$44 -> 414992.73 | F8: =F51*$O51*$C$44 -> 398046.31 | G8: =G51*$O51*$C$44 -> 3288362.2 | H8: =H51*$O51*$C$44 -> 341989.68 | I8: =I51*$O51*$C$44 -> 46990.949 | J8: =J51*$O51*$C$44 -> 205869.09 | K8: =K51*$O51*$C$44 -> 531496.64 | ... M8: =M51*$O51*$C$44 -> 476592.64
A9: 3599 | B9: UTPA | C9: =SUM(D9:M9) -> 6535642.4 | D9: =D52*$O52*$C$44 -> 1248669.9 | E9: =E52*$O52*$C$44 -> 269088.35 | F9: =F52*$O52*$C$44 -> 247949.18 | G9: =G52*$O52*$C$44 -> 2484836.9 | H9: =H52*$O52*$C$44 -> 251831.22 | I9: =I52*$O52*$C$44 -> 13551.456 | J9: =J52*$O52*$C$44 -> 181073.26 | K9: =K52*$O52*$C$44 -> 657460.71 | ... M9: =M52*$O52*$C$44 -> 531873.13
A10: 30646 | B10: UTB | C10: =SUM(D10:M10) -> 2612612.5 | D10: =D53*$O53*$C$44 -> 528506.78 | E10: =E53*$O53*$C$44 -> 152011.26 | F10: =F53*$O53*$C$44 -> 416964.22 | G10: =G53*$O53*$C$44 -> 1015291.2 | H10: =H53*$O53*$C$44 -> 60174.917 | I10: =I53*$O53*$C$44 -> 8872.977 | J10: =J53*$O53*$C$44 -> 72532.554 | K10: =K53*$O53*$C$44 -> 213973.19 | ... M10: =M53*$O53*$C$44 -> 27608.402
A11: 9930 | B11: UTPB | C11: =SUM(D11:M11) -> 1418846.8 | D11: =D54*$O54*$C$44 -> 258122.97 | E11: =E54*$O54*$C$44 -> 57303.299 | F11: =F54*$O54*$C$44 -> 279803.38 | G11: =G54*$O54*$C$44 -> 484714.6 | H11: =H54*$O54*$C$44 -> 20004.53 | I11: =I54*$O54*$C$44 -> 4839.8057 | J11: =J54*$O54*$C$44 -> 30897.319 | K11: =K54*$O54*$C$44 -> 126749.13 | ... M11: =M54*$O54*$C$44 -> 53297.015
A12: 10115 | B12: UTSA | C12: =SUM(D12:M12) -> 10158026 | D12: =D55*$O55*$C$44 -> 2150967.2 | E12: =E55*$O55*$C$44 -> 604660.77 | F12: =F55*$O55*$C$44 -> 352276.07 | G12: =G55*$O55*$C$44 -> 4393243 | H12: =H55*$O55*$C$44 -> 204671.69 | I12: =I55*$O55*$C$44 -> 25932.042 | J12: =J55*$O55*$C$44 -> 260949.44 | K12: =K55*$O55*$C$44 -> 829610.69 | ... M12: =M55*$O55*$C$44 -> 637324.89
A13: 11163 | B13: UTT | C13: =SUM(D13:M13) -> 3008543.5 | D13: =D56*$O56*$C$44 -> 575936.87 | E13: =E56*$O56*$C$44 -> 148495.72 | F13: =F56*$O56*$C$44 -> 353980.25 | G13: =G56*$O56*$C$44 -> 1143481.5 | H13: =H56*$O56*$C$44 -> 182299.35 | I13: =I56*$O56*$C$44 -> 6775.7279 | J13: =J56*$O56*$C$44 -> 72971.363 | K13: =K56*$O56*$C$44 -> 231719.14 | ... M13: =M56*$O56*$C$44 -> 106228.36
A14: 3632 | B14: TAMU | C14: =SUM(D14:M14) -> 24708667 | D14: =D57*$O57*$C$44 -> 3966030.7 | E14: =E57*$O57*$C$44 -> 4167637.3 | F14: =F57*$O57*$C$44 -> 715917.59 | G14: =G57*$O57*$C$44 -> 9123496.7 | H14: =H57*$O57*$C$44 -> 800043.34 | I14: =I57*$O57*$C$44 -> 57178.367 | J14: =J57*$O57*$C$44 -> 270390.14 | K14: =K57*$O57*$C$44 -> 1597923.6 | ... M14: =M57*$O57*$C$44 -> 2191096.2
A15: 10298 | B15: TAMUG | C15: =SUM(D15:M15) -> 1417888.6 | D15: =D58*$O58*$C$44 -> 193938.96 | E15: =E58*$O58*$C$44 -> 60832.189 | F15: =F58*$O58*$C$44 -> 288783 | G15: =G58*$O58*$C$44 -> 495901.46 | H15: =H58*$O58*$C$44 -> 26296.809 | I15: =I58*$O58*$C$44 -> 0 | J15: =J58*$O58*$C$44 -> 17806.696 | K15: =K58*$O58*$C$44 -> 139075.68 | ... M15: =M58*$O58*$C$44 -> 98190.406
A16: 3630 | B16: Prairie View | C16: =SUM(D16:M16) -> 2716765.1 | D16: =D59*$O59*$C$44 -> 453167.14 | E16: =E59*$O59*$C$44 -> 84213.56 | F16: =F59*$O59*$C$44 -> 191458.94 | G16: =G59*$O59*$C$44 -> 1003243.3 | H16: =H59*$O59*$C$44 -> 152776.53 | I16: =I59*$O59*$C$44 -> 4678.4788 | J16: =J59*$O59*$C$44 -> 62156.011 | K16: =K59*$O59*$C$44 -> 269093.19 | ... M16: =M59*$O59*$C$44 -> 248292.79
... A42: 20 | B42: SRRG | C42: =SUM(D42:M42) -> 749091.19 | D42: =D85*$O85*$C$44 -> 78856.104 | E42: =E85*$O85*$C$44 -> 12527.384 | F42: =F85*$O85*$C$44 -> 446265.49 | G42: =G85*$O85*$C$44 -> 136170.67 | H42: =H85*$O85*$C$44 -> 3089.2082 | I42: =I85*$O85*$C$44 -> 2764.0284 | J42: =J85*$O85*$C$44 -> 11238.214 | K42: =K85*$O85*$C$44 -> 37395.678 | ... M42: =M85*$O85*$C$44 -> 1197.7456
B43: Total | C43: =SUM(C5:C42) -> 2.35e+08 | D43: =SUM(D5:D42) -> 45334958 | E43: =SUM(E5:E42) -> 20256656 | F43: =SUM(F5:F42) -> 15142681 | G43: =SUM(G5:G42) -> 92669338 | H43: =SUM(H5:H42) -> 7464162.6 | I43: =SUM(I5:I42) -> 627759.33 | J43: =SUM(J5:J42) -> 4692554.5 | ... M43: =SUM(M5:M42) -> 14866302
C44: =235000000/P86 -> 0.025155849 | D44: Percent Funded
A45: Points Three-Year Average - Scaled and Weighted
A46: FICE | B46: Name | C46: Total Points | D46: Total Undergraduate Degrees | H46: Undergraduate Critical Field Degrees | I46: Math and Science Teaching Certificates | J46: At-Risk Degrees | K46: Retention Metrics | N46: SREB Carnegie 2011-12 Classification | O46: Texas SREB Carnegie Salaries 2011-2012 | P46: Texas SREB Carnegie Salary Times Total Points
E47: Adjusted by 6-Year Graduation Rate | F47: per 100 FTSE | G47: Cost Weighted | K47: 30 Hours | L47: 60 Hours | M47: 90 Hours
A48: =A5 -> 3656 | B48: =B5 -> UTA | C48: =SUM(D48:M48) -> 7139.9579 | D48: =D90*D140 -> 1505.4 | E48: =E90*E140 -> 520.19933 | F48: =F90*F140 -> 296.03788 | G48: =G90*G140 -> 3125.566 | H48: =H90*H140 -> 459.4 | I48: =I90*I140 -> 10.5 | J48: =J90*J140 -> 149.568 | K48: =K90*K140 -> 478.54333 | ... M48: =M90*M140 -> 249.71333 | N48: 1 | O48: 90197.028 | P48: =O48*C48 -> 6.4400298e+08
A49: =A6 -> 3658 | B49: =B6 -> UT | C49: =SUM(D49:M49) -> 10821.843 | D49: =D91*D141 -> 1789.2667 | E49: =E91*E141 -> 1854.1276 | F49: =F91*F141 -> 331.22115 | G49: =G91*G141 -> 3879.67 | H49: =H91*H141 -> 375.26667 | I49: =I91*I141 -> 13.2 | J49: =J91*J141 -> 111.05067 | K49: =K91*K141 -> 671.88333 | ... M49: =M91*M141 -> 985.64667 | N49: 1 | O49: 90197.028 | P49: =O49*C49 -> 9.7609805e+08
A50: =A7 -> 9741 | B50: =B7 -> UTD | C50: =SUM(D50:M50) -> 3619.5851 | D50: =D92*D142 -> 717.9 | E50: =E92*E142 -> 336.4558 | F50: =F92*F142 -> 268.29761 | G50: =G92*G142 -> 1530.361 | H50: =H92*H142 -> 126.5 | I50: =I92*I142 -> 9.6 | J50: =J92*J142 -> 63.344 | K50: =K92*K142 -> 232.05 | ... M50: =M92*M142 -> 142.98667 | N50: 1 | O50: 90197.028 | P50: =O50*C50 -> 3.2647582e+08
A51: =A8 -> 3661 | B51: =B8 -> UTEP | C51: =SUM(D51:M51) -> 4496.9126 | D51: =D93*D143 -> 917.1 | E51: =E93*E143 -> 238.446 | F51: =F93*F143 -> 228.70895 | G51: =G93*G143 -> 1889.423 | H51: =H93*H143 -> 196.5 | I51: =I93*I143 -> 27 | J51: =J93*J143 -> 118.288 | K51: =K93*K143 -> 305.38667 | ... M51: =M93*M143 -> 273.84 | N51: 2 | O51: 69184.924 | P51: =O51*C51 -> 3.1111856e+08
A52: =A9 -> 3599 | B52: =B9 -> UTPA | C52: =SUM(D52:M52) -> 4051.1807 | D52: =D94*D144 -> 774 | E52: =E94*E144 -> 166.797 | F52: =F94*F144 -> 153.69368 | G52: =G94*G144 -> 1540.25 | H52: =H94*H144 -> 156.1 | I52: =I94*I144 -> 8.4 | J52: =J94*J144 -> 112.24 | K52: =K94*K144 -> 407.53333 | ... M52: =M94*M144 -> 329.68667 | N52: 3 | O52: 64130.952 | P52: =O52*C52 -> 2.5980607e+08
A53: =A10 -> 30646 | B53: =B10 -> UTB | C53: =SUM(D53:M53) -> 1619.4529 | D53: =D95*D145 -> 327.6 | E53: =E95*E145 -> 94.225639 | F53: =F95*F145 -> 258.45927 | G53: =G95*G145 -> 629.338 | H53: =H95*H145 -> 37.3 | I53: =I95*I145 -> 5.5 | J53: =J95*J145 -> 44.96 | K53: =K95*K145 -> 132.63333 | ... M53: =M95*M145 -> 17.113333 | N53: 3 | O53: 64130.952 | P53: =O53*C53 -> 1.0385706e+08
A54: =A11 -> 9930 | B54: =B11 -> UTPB | C54: =SUM(D54:M54) -> 879.48581 | D54: =D96*D146 -> 160 | E54: =E96*E146 -> 35.52 | F54: =F96*F146 -> 173.43881 | G54: =G96*G146 -> 300.455 | H54: =H96*H146 -> 12.4 | I54: =I96*I146 -> 3 | J54: =J96*J146 -> 19.152 | K54: =K96*K146 -> 78.566667 | ... M54: =M96*M146 -> 33.036667 | N54: 3 | O54: 64130.952 | P54: =O54*C54 -> 56402262
A55: =A12 -> 10115 | B55: =B12 -> UTSA | C55: =SUM(D55:M55) -> 5836.5856 | D55: =D97*D147 -> 1235.9 | E55: =E97*E147 -> 347.42522 | F55: =F97*F147 -> 202.41034 | G55: =G97*G147 -> 2524.264 | H55: =H97*H147 -> 117.6 | I55: =I97*I147 -> 14.9 | J55: =J97*J147 -> 149.936 | K55: =K97*K147 -> 476.67667 | ... M55: =M97*M147 -> 366.19333 | N55: 2 | O55: 69184.924 | P55: =O55*C55 -> 4.0380373e+08
A56: =A13 -> 11163 | B56: =B13 -> UTT | C56: =SUM(D56:M56) -> 1864.8746 | D56: =D98*D148 -> 357 | E56: =E98*E148 -> 92.0465 | F56: =F98*F148 -> 219.41805 | G56: =G98*G148 -> 708.798 | H56: =H98*H148 -> 113 | I56: =I98*I148 -> 4.2 | J56: =J98*J148 -> 45.232 | K56: =K98*K148 -> 143.63333 | ... M56: =M98*M148 -> 65.846667 | N56: 3 | O56: 64130.952 | P56: =O56*C56 -> 1.1959618e+08
A57: =A14 -> 3632 | B57: =B14 -> TAMU | C57: =SUM(D57:M57) -> 10889.755 | D57: =D99*D149 -> 1747.9333 | E57: =E99*E149 -> 1836.7866 | F57: =F99*F149 -> 315.52358 | G57: =G99*G149 -> 4020.9633 | H57: =H99*H149 -> 352.6 | I57: =I99*I149 -> 25.2 | J57: =J99*J149 -> 119.168 | K57: =K99*K149 -> 704.24667 | ... M57: =M99*M149 -> 965.67333 | N57: 1 | O57: 90197.028 | P57: =O57*C57 -> 9.8222352e+08
A58: =A15 -> 10298 | B58: =B15 -> TAMUG | C58: =SUM(D58:M58) -> 905.83344 | D58: =D100*D150 -> 123.9 | E58: =E100*E150 -> 38.8633 | F58: =F100*F150 -> 184.49214 | G58: =G100*G150 -> 316.812 | H58: =H100*H150 -> 16.8 | I58: =I100*I150 -> 0 | J58: =J100*J150 -> 11.376 | K58: =K100*K150 -> 88.85 | ... M58: =M100*M150 -> 62.73 | N58: 6 | O58: 62223.55 | P58: =O58*C58 -> 56364172
A59: =A16 -> 3630 | B59: =B16 -> Prairie View | C59: =SUM(D59:M59) -> 1684.0129 | D59: =D101*D151 -> 280.9 | E59: =E101*E151 -> 52.200583 | F59: =F101*F151 -> 118.67766 | G59: =G101*G151 -> 621.87 | H59: =H101*H151 -> 94.7 | I59: =I101*I151 -> 2.9 | J59: =J101*J151 -> 38.528 | K59: =K101*K151 -> 166.8 | ... M59: =M101*M151 -> 153.90667 | N59: 3 | O59: 64130.952 | P59: =O59*C59 -> 1.0799735e+08
... A74: =A31 -> 3594 | B74: =B31 -> UNT | C74: =SUM(D74:M74) -> 8003.7332 | D74: =D116*D166 -> 1805 | E74: =E116*E166 -> 693.52111 | F74: =F116*F166 -> 258.86945 | G74: =G116*G166 -> 3423.466 | H74: =H116*H166 -> 101 | I74: =I116*I166 -> 13 | J74: =J116*J166 -> 183.36 | K74: =K116*K166 -> 550.52667 | ... M74: =M116*M166 -> 467.18 | N74: 1 | O74: 90197.028 | P74: =O74*C74 -> 7.2191295e+08
A75: =A32 -> 113594 | B75: =B32 -> UNTD | C75: =SUM(D75:M75) -> 764.98868 | D75: =D117*D167 -> 121.05 | E75: =E117*E167 -> 34.953187 | F75: =F117*F167 -> 319.8545 | G75: =G117*G167 -> 211.758 | H75: =H117*H167 -> 3.6 | I75: =I117*I167 -> 0 | J75: =J117*J167 -> 14.808 | K75: =K117*K167 -> 47.8 | ... M75: =M117*M167 -> 1.87 | N75: NR | O75: 62223.55 | P75: =O75*C75 -> 47600312
A76: =A33 -> 3624 | B76: =B33 -> SFA | C76: =SUM(D76:M76) -> 2946.7691 | D76: =D118*D168 -> 576.5 | E76: =E118*E168 -> 159.6905 | F76: =F118*F168 -> 151.93158 | G76: =G118*G168 -> 1116.521 | H76: =H118*H168 -> 74.4 | I76: =I118*I168 -> 13.4 | J76: =J118*J168 -> 70.096 | K76: =K118*K168 -> 276.93333 | ... M76: =M118*M168 -> 237.54667 | N76: 3 | O76: 64130.952 | P76: =O76*C76 -> 1.8897911e+08
A77: =A34 -> 3642 | B77: =B34 -> TSU | C77: =SUM(D77:M77) -> 1315.9214 | D77: =D119*D169 -> 227.5 | E77: =E119*E169 -> 16.342083 | F77: =F119*F169 -> 97.002608 | G77: =G119*G169 -> 446.596 | H77: =H119*H169 -> 40.3 | I77: =I119*I169 -> 0.9 | J77: =J119*J169 -> 31.984 | K77: =K119*K169 -> 163.73333 | ... M77: =M119*M169 -> 144.27333 | N77: 3 | O77: 64130.952 | P77: =O77*C77 -> 84391289
A78: =A35 -> 3644 | B78: =B35 -> TTU | C78: =SUM(D78:M78) -> 7185.6807 | D78: =D120*D170 -> 1402.2 | E78: =E120*E170 -> 684.2736 | F78: =F120*F170 -> 210.61243 | G78: =G120*G170 -> 3038.434 | H78: =H120*H170 -> 218.2 | I78: =I120*I170 -> 17.2 | J78: =J120*J170 -> 133.344 | K78: =K120*K170 -> 453.97333 | ... M78: =M120*M170 -> 552.39333 | N78: 1 | O78: 90197.028 | P78: =O78*C78 -> 6.4812704e+08
A79: =A36 -> 3541 | B79: =B36 -> Angelo | C79: =SUM(D79:M79) -> 1622.1399 | D79: =D121*D171 -> 297.4 | E79: =E121*E171 -> 63.891433 | F79: =F121*F171 -> 152.29276 | G79: =G121*G171 -> 593.205 | H79: =H121*H171 -> 76.3 | I79: =I121*I171 -> 5.8 | J79: =J121*J171 -> 34.704 | K79: =K121*K171 -> 143.86667 | ... M79: =M121*M171 -> 120.30333 | N79: 3 | O79: 64130.952 | P79: =O79*C79 -> 1.0402937e+08
A80: =A37 -> 3646 | B80: =B37 -> TWU | C80: =SUM(D80:M80) -> 2665.809 | D80: =D122*D172 -> 541.8 | E80: =E122*E172 -> 141.8613 | F80: =F122*F172 -> 206.59203 | G80: =G122*G172 -> 1035.653 | H80: =H122*H172 -> 170.8 | I80: =I122*I172 -> 9.5 | J80: =J122*J172 -> 59.856 | K80: =K122*K172 -> 219.6 | ... M80: =M122*M172 -> 112.14333 | N80: 2 | O80: 69184.924 | P80: =O80*C80 -> 1.8443379e+08
A81: =A38 -> 3581 | B81: =B38 -> Lamar | C81: =SUM(D81:M81) -> 2143.4464 | D81: =D123*D173 -> 400.6 | E81: =E123*E173 -> 70.171767 | F81: =F123*F173 -> 137.66197 | G81: =G123*G173 -> 805.47 | H81: =H123*H173 -> 99 | I81: =I123*I173 -> 5.1 | J81: =J123*J173 -> 45.536 | K81: =K123*K173 -> 214.46667 | ... M81: =M123*M173 -> 171.87 | N81: 3 | O81: 64130.952 | P81: =O81*C81 -> 1.3746126e+08
A82: =A39 -> 3606 | B82: =B39 -> SHSU | C82: =SUM(D82:M82) -> 4378.1744 | D82: =D124*D174 -> 923.3 | E82: =E124*E174 -> 270.83467 | F82: =F124*F174 -> 183.56741 | G82: =G124*G174 -> 1751.123 | H82: =H124*H174 -> 50.1 | I82: =I124*I174 -> 18.3 | J82: =J124*J174 -> 106.256 | K82: =K124*K174 -> 389.43333 | ... M82: =M124*M174 -> 299.76667 | N82: 3 | O82: 64130.952 | P82: =O82*C82 -> 2.8077649e+08
A83: =A40 -> 3615 | B83: =B40 -> TXST | C83: =SUM(D83:M83) -> 7484.7405 | D83: =D125*D175 -> 1608.3 | E83: =E125*E175 -> 678.7026 | F83: =F125*F175 -> 234.06892 | G83: =G125*G175 -> 3131.193 | H83: =H125*H175 -> 146.6 | I83: =I125*I175 -> 20 | J83: =J125*J175 -> 176.416 | K83: =K125*K175 -> 522.92333 | ... M83: =M125*M175 -> 464.42667 | N83: 3 | O83: 64130.952 | P83: =O83*C83 -> 4.8000353e+08
A84: =A41 -> 3625 | B84: =B41 -> SRSU | C84: =SUM(D84:M84) -> 391.12272 | D84: =D126*D176 -> 56.8 | E84: =E126*E176 -> 8.5484 | F84: =F126*F176 -> 116.39132 | G84: =G126*G176 -> 118.299 | H84: =H126*H176 -> 3.8 | I84: =I126*I176 -> 1.9 | J84: =J126*J176 -> 7.824 | K84: =K126*K176 -> 30 | ... M84: =M126*M176 -> 22.383333 | N84: 3 | O84: 64130.952 | P84: =O84*C84 -> 25083073
A85: =A42 -> 20 | B85: =B42 -> SRRG | C85: =SUM(D85:M85) -> 460.72429 | D85: =D127*D177 -> 48.5 | E85: =E127*E177 -> 7.7048965 | F85: =F127*F177 -> 274.47306 | G85: =G127*G177 -> 83.751 | H85: =H127*H177 -> 1.9 | I85: =I127*I177 -> 1.7 | J85: =J127*J177 -> 6.912 | K85: =K127*K177 -> 23 | ... M85: =M127*M177 -> 0.73666667 | N85: 5 | O85: 64633.042 | P85: =O85*C85 -> 29778013
B86: Total | C86: =SUM(C48:C85) -> 121925.53 | D86: =SUM(D48:D85) -> 23567.45 | E86: =SUM(E48:E85) -> 9855.5762 | F86: =SUM(F48:F85) -> 8429.5346 | G86: =SUM(G48:G85) -> 47893.629 | H86: =SUM(H48:H85) -> 3827.6667 | I86: =SUM(I48:I85) -> 340.3 | J86: =SUM(J48:J85) -> 2502.1147 | ... M86: =SUM(M48:M85) -> 7600.59 | P86: =SUM(P48:P85) -> 9.3417638e+09
A87: Weights
A88: FICE | B88: Name | C88: Total Weights | D88: Total Undergraduate Degrees | H88: Undergraduate Critical Field Degrees | I88: Math and Science Teaching Certificates | J88: At-Risk Degrees | K88: Retention Metrics | N88: Accountability Group
E89: Adjusted by 6-Year Graduation Rate | F89: per 100 FTSE | G89: Cost Weighted | K89: 30 Hours | L89: 60 Hours | M89: 90 Hours
A90: =A5 -> 3656 | B90: =B5 -> UTA | C90: =D90+E90+F90+K90+L90+M90 -> 1 | D90: =SUMIF($N$131:$N$135,$N90,D$131:D$135) -> 0.3 | E90: =SUMIF($N$131:$N$135,$N90,E$131:E$135) -> 0.2 | F90: =SUMIF($N$131:$N$135,$N90,F$131:F$135) -> 0.2 | G90: =SUMIF($N$131:$N$135,$N90,G$131:G$135) -> 0.3 | H90: =SUMIF($N$131:$N$135,$N90,H$131:H$135) -> 0.3 | I90: =SUMIF($N$131:$N$135,$N90,I$131:I$135) -> 0.3 | J90: =SUMIF($N$131:$N$135,$N90,J$131:J$135) -> 0.12 | K90: =SUMIF($N$131:$N$135,$N90,K$131:K$135) -> 0.07 | ... M90: =SUMIF($N$131:$N$135,$N90,M$131:M$135) -> 0.14 | N90: Emerging
A91: =A6 -> 3658 | B91: =B6 -> UT | C91: =D91+E91+F91+K91+L91+M91 -> 1 | D91: =SUMIF($N$131:$N$135,$N91,D$131:D$135) -> 0.2 | E91: =SUMIF($N$131:$N$135,$N91,E$131:E$135) -> 0.25 | F91: =SUMIF($N$131:$N$135,$N91,F$131:F$135) -> 0.25 | G91: =SUMIF($N$131:$N$135,$N91,G$131:G$135) -> 0.2 | H91: =SUMIF($N$131:$N$135,$N91,H$131:H$135) -> 0.2 | I91: =SUMIF($N$131:$N$135,$N91,I$131:I$135) -> 0.2 | J91: =SUMIF($N$131:$N$135,$N91,J$131:J$135) -> 0.08 | K91: =SUMIF($N$131:$N$135,$N91,K$131:K$135) -> 0.07 | ... M91: =SUMIF($N$131:$N$135,$N91,M$131:M$135) -> 0.14 | N91: Research
A92: =A7 -> 9741 | B92: =B7 -> UTD | C92: =D92+E92+F92+K92+L92+M92 -> 1 | D92: =SUMIF($N$131:$N$135,$N92,D$131:D$135) -> 0.3 | E92: =SUMIF($N$131:$N$135,$N92,E$131:E$135) -> 0.2 | F92: =SUMIF($N$131:$N$135,$N92,F$131:F$135) -> 0.2 | G92: =SUMIF($N$131:$N$135,$N92,G$131:G$135) -> 0.3 | H92: =SUMIF($N$131:$N$135,$N92,H$131:H$135) -> 0.3 | I92: =SUMIF($N$131:$N$135,$N92,I$131:I$135) -> 0.3 | J92: =SUMIF($N$131:$N$135,$N92,J$131:J$135) -> 0.12 | K92: =SUMIF($N$131:$N$135,$N92,K$131:K$135) -> 0.07 | ... M92: =SUMIF($N$131:$N$135,$N92,M$131:M$135) -> 0.14 | N92: Emerging
A93: =A8 -> 3661 | B93: =B8 -> UTEP | C93: =D93+E93+F93+K93+L93+M93 -> 1 | D93: =SUMIF($N$131:$N$135,$N93,D$131:D$135) -> 0.3 | E93: =SUMIF($N$131:$N$135,$N93,E$131:E$135) -> 0.2 | F93: =SUMIF($N$131:$N$135,$N93,F$131:F$135) -> 0.2 | G93: =SUMIF($N$131:$N$135,$N93,G$131:G$135) -> 0.3 | H93: =SUMIF($N$131:$N$135,$N93,H$131:H$135) -> 0.3 | I93: =SUMIF($N$131:$N$135,$N93,I$131:I$135) -> 0.3 | J93: =SUMIF($N$131:$N$135,$N93,J$131:J$135) -> 0.12 | K93: =SUMIF($N$131:$N$135,$N93,K$131:K$135) -> 0.07 | ... M93: =SUMIF($N$131:$N$135,$N93,M$131:M$135) -> 0.14 | N93: Emerging
A94: =A9 -> 3599 | B94: =B9 -> UTPA | C94: =D94+E94+F94+K94+L94+M94 -> 1 | D94: =SUMIF($N$131:$N$135,$N94,D$131:D$135) -> 0.3 | E94: =SUMIF($N$131:$N$135,$N94,E$131:E$135) -> 0.15 | F94: =SUMIF($N$131:$N$135,$N94,F$131:F$135) -> 0.15 | G94: =SUMIF($N$131:$N$135,$N94,G$131:G$135) -> 0.3 | H94: =SUMIF($N$131:$N$135,$N94,H$131:H$135) -> 0.3 | I94: =SUMIF($N$131:$N$135,$N94,I$131:I$135) -> 0.3 | J94: =SUMIF($N$131:$N$135,$N94,J$131:J$135) -> 0.12 | K94: =SUMIF($N$131:$N$135,$N94,K$131:K$135) -> 0.1 | ... M94: =SUMIF($N$131:$N$135,$N94,M$131:M$135) -> 0.17 | N94: Doctoral
A95: =A10 -> 30646 | B95: =B10 -> UTB | C95: =D95+E95+F95+K95+L95+M95 -> 1 | D95: =SUMIF($N$131:$N$135,$N95,D$131:D$135) -> 0.3 | E95: =SUMIF($N$131:$N$135,$N95,E$131:E$135) -> 0.15 | F95: =SUMIF($N$131:$N$135,$N95,F$131:F$135) -> 0.15 | G95: =SUMIF($N$131:$N$135,$N95,G$131:G$135) -> 0.3 | H95: =SUMIF($N$131:$N$135,$N95,H$131:H$135) -> 0.3 | I95: =SUMIF($N$131:$N$135,$N95,I$131:I$135) -> 0.3 | J95: =SUMIF($N$131:$N$135,$N95,J$131:J$135) -> 0.12 | K95: =SUMIF($N$131:$N$135,$N95,K$131:K$135) -> 0.1 | ... M95: =SUMIF($N$131:$N$135,$N95,M$131:M$135) -> 0.17 | N95: Master's
A96: =A11 -> 9930 | B96: =B11 -> UTPB | C96: =D96+E96+F96+K96+L96+M96 -> 1 | D96: =SUMIF($N$131:$N$135,$N96,D$131:D$135) -> 0.3 | E96: =SUMIF($N$131:$N$135,$N96,E$131:E$135) -> 0.15 | F96: =SUMIF($N$131:$N$135,$N96,F$131:F$135) -> 0.15 | G96: =SUMIF($N$131:$N$135,$N96,G$131:G$135) -> 0.3 | H96: =SUMIF($N$131:$N$135,$N96,H$131:H$135) -> 0.3 | I96: =SUMIF($N$131:$N$135,$N96,I$131:I$135) -> 0.3 | J96: =SUMIF($N$131:$N$135,$N96,J$131:J$135) -> 0.12 | K96: =SUMIF($N$131:$N$135,$N96,K$131:K$135) -> 0.1 | ... M96: =SUMIF($N$131:$N$135,$N96,M$131:M$135) -> 0.17 | N96: Master's
A97: =A12 -> 10115 | B97: =B12 -> UTSA | C97: =D97+E97+F97+K97+L97+M97 -> 1 | D97: =SUMIF($N$131:$N$135,$N97,D$131:D$135) -> 0.3 | E97: =SUMIF($N$131:$N$135,$N97,E$131:E$135) -> 0.2 | F97: =SUMIF($N$131:$N$135,$N97,F$131:F$135) -> 0.2 | G97: =SUMIF($N$131:$N$135,$N97,G$131:G$135) -> 0.3 | H97: =SUMIF($N$131:$N$135,$N97,H$131:H$135) -> 0.3 | I97: =SUMIF($N$131:$N$135,$N97,I$131:I$135) -> 0.3 | J97: =SUMIF($N$131:$N$135,$N97,J$131:J$135) -> 0.12 | K97: =SUMIF($N$131:$N$135,$N97,K$131:K$135) -> 0.07 | ... M97: =SUMIF($N$131:$N$135,$N97,M$131:M$135) -> 0.14 | N97: Emerging
A98: =A13 -> 11163 | B98: =B13 -> UTT | C98: =D98+E98+F98+K98+L98+M98 -> 1 | D98: =SUMIF($N$131:$N$135,$N98,D$131:D$135) -> 0.3 | E98: =SUMIF($N$131:$N$135,$N98,E$131:E$135) -> 0.15 | F98: =SUMIF($N$131:$N$135,$N98,F$131:F$135) -> 0.15 | G98: =SUMIF($N$131:$N$135,$N98,G$131:G$135) -> 0.3 | H98: =SUMIF($N$131:$N$135,$N98,H$131:H$135) -> 0.3 | I98: =SUMIF($N$131:$N$135,$N98,I$131:I$135) -> 0.3 | J98: =SUMIF($N$131:$N$135,$N98,J$131:J$135) -> 0.12 | K98: =SUMIF($N$131:$N$135,$N98,K$131:K$135) -> 0.1 | ... M98: =SUMIF($N$131:$N$135,$N98,M$131:M$135) -> 0.17 | N98: Master's
A99: =A14 -> 3632 | B99: =B14 -> TAMU | C99: =D99+E99+F99+K99+L99+M99 -> 1 | D99: =SUMIF($N$131:$N$135,$N99,D$131:D$135) -> 0.2 | E99: =SUMIF($N$131:$N$135,$N99,E$131:E$135) -> 0.25 | F99: =SUMIF($N$131:$N$135,$N99,F$131:F$135) -> 0.25 | G99: =SUMIF($N$131:$N$135,$N99,G$131:G$135) -> 0.2 | H99: =SUMIF($N$131:$N$135,$N99,H$131:H$135) -> 0.2 | I99: =SUMIF($N$131:$N$135,$N99,I$131:I$135) -> 0.2 | J99: =SUMIF($N$131:$N$135,$N99,J$131:J$135) -> 0.08 | K99: =SUMIF($N$131:$N$135,$N99,K$131:K$135) -> 0.07 | ... M99: =SUMIF($N$131:$N$135,$N99,M$131:M$135) -> 0.14 | N99: Research
A100: =A15 -> 10298 | B100: =B15 -> TAMUG | C100: =D100+E100+F100+K100+L100+M100 -> 1.5 | D100: =SUMIF($N$131:$N$135,$N100,D$131:D$135)*1.5 -> 0.45 | E100: =SUMIF($N$131:$N$135,$N100,E$131:E$135)*1.5 -> 0.225 | F100: =SUMIF($N$131:$N$135,$N100,F$131:F$135)*1.5 -> 0.225 | G100: =SUMIF($N$131:$N$135,$N100,G$131:G$135)*1.5 -> 0.45 | H100: =SUMIF($N$131:$N$135,$N100,H$131:H$135)*1.5 -> 0.45 | I100: =SUMIF($N$131:$N$135,$N100,I$131:I$135)*1.5 -> 0.45 | J100: =SUMIF($N$131:$N$135,$N100,J$131:J$135)*1.5 -> 0.18 | K100: =SUMIF($N$131:$N$135,$N100,K$131:K$135)*1.5 -> 0.15 | ... M100: =SUMIF($N$131:$N$135,$N100,M$131:M$135)*1.5 -> 0.255 | N100: Master's
A101: =A16 -> 3630 | B101: =B16 -> Prairie View | C101: =D101+E101+F101+K101+L101+M101 -> 1 | D101: =SUMIF($N$131:$N$135,$N101,D$131:D$135) -> 0.3 | E101: =SUMIF($N$131:$N$135,$N101,E$131:E$135) -> 0.15 | F101: =SUMIF($N$131:$N$135,$N101,F$131:F$135) -> 0.15 | G101: =SUMIF($N$131:$N$135,$N101,G$131:G$135) -> 0.3 | H101: =SUMIF($N$131:$N$135,$N101,H$131:H$135) -> 0.3 | I101: =SUMIF($N$131:$N$135,$N101,I$131:I$135) -> 0.3 | J101: =SUMIF($N$131:$N$135,$N101,J$131:J$135) -> 0.12 | K101: =SUMIF($N$131:$N$135,$N101,K$131:K$135) -> 0.1 | ... M101: =SUMIF($N$131:$N$135,$N101,M$131:M$135) -> 0.17 | N101: Comprehensive
A102: =A17 -> 3631 | B102: =B17 -> Tarleton | C102: =D102+E102+F102+K102+L102+M102 -> 1 | D102: =SUMIF($N$131:$N$135,$N102,D$131:D$135) -> 0.3 | E102: =SUMIF($N$131:$N$135,$N102,E$131:E$135) -> 0.15 | F102: =SUMIF($N$131:$N$135,$N102,F$131:F$135) -> 0.15 | G102: =SUMIF($N$131:$N$135,$N102,G$131:G$135) -> 0.3 | H102: =SUMIF($N$131:$N$135,$N102,H$131:H$135) -> 0.3 | I102: =SUMIF($N$131:$N$135,$N102,I$131:I$135) -> 0.3 | J102: =SUMIF($N$131:$N$135,$N102,J$131:J$135) -> 0.12 | K102: =SUMIF($N$131:$N$135,$N102,K$131:K$135) -> 0.1 | ... M102: =SUMIF($N$131:$N$135,$N102,M$131:M$135) -> 0.17 | N102: Comprehensive
A103: =A18 -> 103631 | B103: =B18 -> TAMUCT | C103: =D103+E103+F103+K103+L103+M103 -> 1 | D103: =SUMIF($N$131:$N$135,$N103,D$131:D$135) -> 0.3 | E103: =SUMIF($N$131:$N$135,$N103,E$131:E$135) -> 0.15 | F103: =SUMIF($N$131:$N$135,$N103,F$131:F$135) -> 0.15 | G103: =SUMIF($N$131:$N$135,$N103,G$131:G$135) -> 0.3 | H103: =SUMIF($N$131:$N$135,$N103,H$131:H$135) -> 0.3 | I103: =SUMIF($N$131:$N$135,$N103,I$131:I$135) -> 0.3 | J103: =SUMIF($N$131:$N$135,$N103,J$131:J$135) -> 0.12 | K103: =SUMIF($N$131:$N$135,$N103,K$131:K$135) -> 0.1 | ... M103: =SUMIF($N$131:$N$135,$N103,M$131:M$135) -> 0.17 | N103: Master's
A104: =A19 -> 11161 | B104: =B19 -> TAMUCC | C104: =D104+E104+F104+K104+L104+M104 -> 1 | D104: =SUMIF($N$131:$N$135,$N104,D$131:D$135) -> 0.3 | E104: =SUMIF($N$131:$N$135,$N104,E$131:E$135) -> 0.15 | F104: =SUMIF($N$131:$N$135,$N104,F$131:F$135) -> 0.15 | G104: =SUMIF($N$131:$N$135,$N104,G$131:G$135) -> 0.3 | H104: =SUMIF($N$131:$N$135,$N104,H$131:H$135) -> 0.3 | I104: =SUMIF($N$131:$N$135,$N104,I$131:I$135) -> 0.3 | J104: =SUMIF($N$131:$N$135,$N104,J$131:J$135) -> 0.12 | K104: =SUMIF($N$131:$N$135,$N104,K$131:K$135) -> 0.1 | ... M104: =SUMIF($N$131:$N$135,$N104,M$131:M$135) -> 0.17 | N104: Doctoral
A105: =A20 -> 3639 | B105: =B20 -> TAMUK | C105: =D105+E105+F105+K105+L105+M105 -> 1 | D105: =SUMIF($N$131:$N$135,$N105,D$131:D$135) -> 0.3 | E105: =SUMIF($N$131:$N$135,$N105,E$131:E$135) -> 0.15 | F105: =SUMIF($N$131:$N$135,$N105,F$131:F$135) -> 0.15 | G105: =SUMIF($N$131:$N$135,$N105,G$131:G$135) -> 0.3 | H105: =SUMIF($N$131:$N$135,$N105,H$131:H$135) -> 0.3 | I105: =SUMIF($N$131:$N$135,$N105,I$131:I$135) -> 0.3 | J105: =SUMIF($N$131:$N$135,$N105,J$131:J$135) -> 0.12 | K105: =SUMIF($N$131:$N$135,$N105,K$131:K$135) -> 0.1 | ... M105: =SUMIF($N$131:$N$135,$N105,M$131:M$135) -> 0.17 | N105: Doctoral
A106: =A21 -> 103639 | B106: =B21 -> TAMUSA | C106: =D106+E106+F106+K106+L106+M106 -> 1 | D106: =SUMIF($N$131:$N$135,$N106,D$131:D$135) -> 0.3 | E106: =SUMIF($N$131:$N$135,$N106,E$131:E$135) -> 0.15 | F106: =SUMIF($N$131:$N$135,$N106,F$131:F$135) -> 0.15 | G106: =SUMIF($N$131:$N$135,$N106,G$131:G$135) -> 0.3 | H106: =SUMIF($N$131:$N$135,$N106,H$131:H$135) -> 0.3 | I106: =SUMIF($N$131:$N$135,$N106,I$131:I$135) -> 0.3 | J106: =SUMIF($N$131:$N$135,$N106,J$131:J$135) -> 0.12 | K106: =SUMIF($N$131:$N$135,$N106,K$131:K$135) -> 0.1 | ... M106: =SUMIF($N$131:$N$135,$N106,M$131:M$135) -> 0.17 | N106: Master's
A107: =A22 -> 9651 | B107: =B22 -> TAMI | C107: =D107+E107+F107+K107+L107+M107 -> 1 | D107: =SUMIF($N$131:$N$135,$N107,D$131:D$135) -> 0.3 | E107: =SUMIF($N$131:$N$135,$N107,E$131:E$135) -> 0.15 | F107: =SUMIF($N$131:$N$135,$N107,F$131:F$135) -> 0.15 | G107: =SUMIF($N$131:$N$135,$N107,G$131:G$135) -> 0.3 | H107: =SUMIF($N$131:$N$135,$N107,H$131:H$135) -> 0.3 | I107: =SUMIF($N$131:$N$135,$N107,I$131:I$135) -> 0.3 | J107: =SUMIF($N$131:$N$135,$N107,J$131:J$135) -> 0.12 | K107: =SUMIF($N$131:$N$135,$N107,K$131:K$135) -> 0.1 | ... M107: =SUMIF($N$131:$N$135,$N107,M$131:M$135) -> 0.17 | N107: Comprehensive
A108: =A23 -> 3665 | B108: =B23 -> WTAMU | C108: =D108+E108+F108+K108+L108+M108 -> 1 | D108: =SUMIF($N$131:$N$135,$N108,D$131:D$135) -> 0.3 | E108: =SUMIF($N$131:$N$135,$N108,E$131:E$135) -> 0.15 | F108: =SUMIF($N$131:$N$135,$N108,F$131:F$135) -> 0.15 | G108: =SUMIF($N$131:$N$135,$N108,G$131:G$135) -> 0.3 | H108: =SUMIF($N$131:$N$135,$N108,H$131:H$135) -> 0.3 | I108: =SUMIF($N$131:$N$135,$N108,I$131:I$135) -> 0.3 | J108: =SUMIF($N$131:$N$135,$N108,J$131:J$135) -> 0.12 | K108: =SUMIF($N$131:$N$135,$N108,K$131:K$135) -> 0.1 | ... M108: =SUMIF($N$131:$N$135,$N108,M$131:M$135) -> 0.17 | N108: Comprehensive
A109: =A24 -> 3565 | B109: =B24 -> TAMUC | C109: =D109+E109+F109+K109+L109+M109 -> 1 | D109: =SUMIF($N$131:$N$135,$N109,D$131:D$135) -> 0.3 | E109: =SUMIF($N$131:$N$135,$N109,E$131:E$135) -> 0.15 | F109: =SUMIF($N$131:$N$135,$N109,F$131:F$135) -> 0.15 | G109: =SUMIF($N$131:$N$135,$N109,G$131:G$135) -> 0.3 | H109: =SUMIF($N$131:$N$135,$N109,H$131:H$135) -> 0.3 | I109: =SUMIF($N$131:$N$135,$N109,I$131:I$135) -> 0.3 | J109: =SUMIF($N$131:$N$135,$N109,J$131:J$135) -> 0.12 | K109: =SUMIF($N$131:$N$135,$N109,K$131:K$135) -> 0.1 | ... M109: =SUMIF($N$131:$N$135,$N109,M$131:M$135) -> 0.17 | N109: Doctoral
A110: =A25 -> 29269 | B110: =B25 -> TAMUT | C110: =D110+E110+F110+K110+L110+M110 -> 1 | D110: =SUMIF($N$131:$N$135,$N110,D$131:D$135) -> 0.3 | E110: =SUMIF($N$131:$N$135,$N110,E$131:E$135) -> 0.15 | F110: =SUMIF($N$131:$N$135,$N110,F$131:F$135) -> 0.15 | G110: =SUMIF($N$131:$N$135,$N110,G$131:G$135) -> 0.3 | H110: =SUMIF($N$131:$N$135,$N110,H$131:H$135) -> 0.3 | I110: =SUMIF($N$131:$N$135,$N110,I$131:I$135) -> 0.3 | J110: =SUMIF($N$131:$N$135,$N110,J$131:J$135) -> 0.12 | K110: =SUMIF($N$131:$N$135,$N110,K$131:K$135) -> 0.1 | ... M110: =SUMIF($N$131:$N$135,$N110,M$131:M$135) -> 0.17 | N110: Master's
A111: =A26 -> 3652 | B111: =B26 -> UH | C111: =D111+E111+F111+K111+L111+M111 -> 1 | D111: =SUMIF($N$131:$N$135,$N111,D$131:D$135) -> 0.3 | E111: =SUMIF($N$131:$N$135,$N111,E$131:E$135) -> 0.2 | F111: =SUMIF($N$131:$N$135,$N111,F$131:F$135) -> 0.2 | G111: =SUMIF($N$131:$N$135,$N111,G$131:G$135) -> 0.3 | H111: =SUMIF($N$131:$N$135,$N111,H$131:H$135) -> 0.3 | I111: =SUMIF($N$131:$N$135,$N111,I$131:I$135) -> 0.3 | J111: =SUMIF($N$131:$N$135,$N111,J$131:J$135) -> 0.12 | K111: =SUMIF($N$131:$N$135,$N111,K$131:K$135) -> 0.07 | ... M111: =SUMIF($N$131:$N$135,$N111,M$131:M$135) -> 0.14 | N111: Emerging
A112: =A27 -> 11711 | B112: =B27 -> UHCL | C112: =D112+E112+F112+K112+L112+M112 -> 1 | D112: =SUMIF($N$131:$N$135,$N112,D$131:D$135) -> 0.3 | E112: =SUMIF($N$131:$N$135,$N112,E$131:E$135) -> 0.15 | F112: =SUMIF($N$131:$N$135,$N112,F$131:F$135) -> 0.15 | G112: =SUMIF($N$131:$N$135,$N112,G$131:G$135) -> 0.3 | H112: =SUMIF($N$131:$N$135,$N112,H$131:H$135) -> 0.3 | I112: =SUMIF($N$131:$N$135,$N112,I$131:I$135) -> 0.3 | J112: =SUMIF($N$131:$N$135,$N112,J$131:J$135) -> 0.12 | K112: =SUMIF($N$131:$N$135,$N112,K$131:K$135) -> 0.1 | ... M112: =SUMIF($N$131:$N$135,$N112,M$131:M$135) -> 0.17 | N112: Master's
... A127: =A42 -> 20 | B127: =B42 -> SRRG | C127: =D127+E127+F127+K127+L127+M127 -> 1 | D127: =SUMIF($N$131:$N$135,$N127,D$131:D$135) -> 0.3 | E127: =SUMIF($N$131:$N$135,$N127,E$131:E$135) -> 0.15 | F127: =SUMIF($N$131:$N$135,$N127,F$131:F$135) -> 0.15 | G127: =SUMIF($N$131:$N$135,$N127,G$131:G$135) -> 0.3 | H127: =SUMIF($N$131:$N$135,$N127,H$131:H$135) -> 0.3 | I127: =SUMIF($N$131:$N$135,$N127,I$131:I$135) -> 0.3 | J127: =SUMIF($N$131:$N$135,$N127,J$131:J$135) -> 0.12 | K127: =SUMIF($N$131:$N$135,$N127,K$131:K$135) -> 0.1 | ... M127: =SUMIF($N$131:$N$135,$N127,M$131:M$135) -> 0.17 | N127: Master's
A128: Weights by Group
C129: Total Weights | D129: Total Undergraduate Degrees | H129: Undergraduate Critical Field Degrees | I129: Math and Science Teaching Certificates | J129: At-Risk Degrees | K129: Retention Metrics | N129: SREB Carnegie 2011-12 Classification
E130: Adjusted by 6-Year Graduation Rate | F130: per 100 FTSE | G130: Cost Weighted | K130: 30 Hours | L130: 60 Hours | M130: 90 Hours
C131: 1 | D131: 0.2 | E131: 0.25 | F131: 0.25 | G131: 0.2 | H131: 0.2 | I131: 0.2 | J131: 0.08 | K131: 0.07 | L131: 0.09 | M131: 0.14 | N131: Research
C132: 1 | D132: 0.3 | E132: 0.2 | F132: 0.2 | G132: 0.3 | H132: 0.3 | I132: 0.3 | J132: 0.12 | K132: 0.07 | L132: 0.09 | M132: 0.14 | N132: Emerging
C133: 1 | D133: 0.3 | E133: 0.15 | F133: 0.15 | G133: 0.3 | H133: 0.3 | I133: 0.3 | J133: 0.12 | K133: 0.1 | L133: 0.13 | M133: 0.17 | N133: Doctoral
C134: 1 | D134: 0.3 | E134: 0.15 | F134: 0.15 | G134: 0.3 | H134: 0.3 | I134: 0.3 | J134: 0.12 | K134: 0.1 | L134: 0.13 | M134: 0.17 | N134: Comprehensive
C135: 1 | D135: 0.3 | E135: 0.15 | F135: 0.15 | G135: 0.3 | H135: 0.3 | I135: 0.3 | J135: 0.12 | K135: 0.1 | L135: 0.13 | M135: 0.17 | N135: Master's
A136: Points Three-Year Average - Scaled
A137: FICE | B137: Name | C137: Total Points | D137: Total Undergraduate Degrees | H137: Undergraduate Critical Field Degrees | I137: Math and Science Teaching Certificates | J137: At-Risk Degrees | K137: Retention Metrics
E138: Adjusted by 6-Year Graduation Rate | F138: per 100 FTSE | G138: Cost Weighted | K138: 30 Hours | L138: 60 Hours | M138: 90 Hours
A139: Scale | D139: 1 | E139: 1 | F139: 50 | G139: 1 | H139: 1 | I139: 1 | J139: 0.4 | K139: 1 | L139: 1 | M139: 1
A140: =A5 -> 3656 | B140: =B5 -> UTA | C140: =SUM(D140:M140) -> 34784.139 | D140: =D182*D$139 -> 5018 | E140: =D182*E182*E$139 -> 2600.9967 | F140: =IFERROR(D182/F182*100*F$139,0) -> 1480.1894 | G140: =G182*G$139 -> 10418.553 | H140: =H182*H$139 -> 1531.3333 | I140: =I182*I$139 -> 35 | J140: =J182*J$139 -> 1246.4 | K140: =K182*K$139 -> 6836.3333 | L140: =L182*L$139 -> 3833.6667 | M140: =M182*M$139 -> 1783.6667
A141: =A6 -> 3658 | B141: =B6 -> UT | C141: =SUM(D141:M141) -> 66060.878 | D141: =D183*D$139 -> 8946.3333 | E141: =D183*E183*E$139 -> 7416.5103 | F141: =IFERROR(D183/F183*100*F$139,0) -> 1324.8846 | G141: =G183*G$139 -> 19398.35 | H141: =H183*H$139 -> 1876.3333 | I141: =I183*I$139 -> 66 | J141: =J183*J$139 -> 1388.1333 | K141: =K183*K$139 -> 9598.3333 | L141: =L183*L$139 -> 9005.6667 | M141: =M183*M$139 -> 7040.3333
A142: =A7 -> 9741 | B142: =B7 -> UTD | C142: =SUM(D142:M142) -> 17970.17 | D142: =D184*D$139 -> 2393 | E142: =D184*E184*E$139 -> 1682.279 | F142: =IFERROR(D184/F184*100*F$139,0) -> 1341.488 | G142: =G184*G$139 -> 5101.2033 | H142: =H184*H$139 -> 421.66667 | I142: =I184*I$139 -> 32 | J142: =J184*J$139 -> 527.86667 | K142: =K184*K$139 -> 3315 | L142: =L184*L$139 -> 2134.3333 | M142: =M184*M$139 -> 1021.3333
A143: =A8 -> 3661 | B143: =B8 -> UTEP | C143: =SUM(D143:M143) -> 23098.251 | D143: =D185*D$139 -> 3057 | E143: =D185*E185*E$139 -> 1192.23 | F143: =IFERROR(D185/F185*100*F$139,0) -> 1143.5447 | G143: =G185*G$139 -> 6298.0767 | H143: =H185*H$139 -> 655 | I143: =I185*I$139 -> 90 | J143: =J185*J$139 -> 985.73333 | K143: =K185*K$139 -> 4362.6667 | L143: =L185*L$139 -> 3358 | M143: =M185*M$139 -> 1956
A144: =A9 -> 3599 | B144: =B9 -> UTPA | C144: =SUM(D144:M144) -> 20445.105 | D144: =D186*D$139 -> 2580 | E144: =D186*E186*E$139 -> 1111.98 | F144: =IFERROR(D186/F186*100*F$139,0) -> 1024.6245 | G144: =G186*G$139 -> 5134.1667 | H144: =H186*H$139 -> 520.33333 | I144: =I186*I$139 -> 28 | J144: =J186*J$139 -> 935.33333 | K144: =K186*K$139 -> 4075.3333 | L144: =L186*L$139 -> 3096 | M144: =M186*M$139 -> 1939.3333
A145: =A10 -> 30646 | B145: =B10 -> UTB | C145: =SUM(D145:M145) -> 8041.6927 | D145: =D187*D$139 -> 1092 | E145: =D187*E187*E$139 -> 628.17092 | F145: =IFERROR(D187/F187*100*F$139,0) -> 1723.0618 | G145: =G187*G$139 -> 2097.7933 | H145: =H187*H$139 -> 124.33333 | I145: =I187*I$139 -> 18.333333 | J145: =J187*J$139 -> 374.66667 | K145: =K187*K$139 -> 1326.3333 | L145: =L187*L$139 -> 556.33333 | M145: =M187*M$139 -> 100.66667
A146: =A11 -> 9930 | B146: =B11 -> UTPB | C146: =SUM(D146:M146) -> 4610.5087 | D146: =D188*D$139 -> 533.33333 | E146: =D188*E188*E$139 -> 236.8 | F146: =IFERROR(D188/F188*100*F$139,0) -> 1156.2587 | G146: =G188*G$139 -> 1001.5167 | H146: =H188*H$139 -> 41.333333 | I146: =I188*I$139 -> 10 | J146: =J188*J$139 -> 159.6 | K146: =K188*K$139 -> 785.66667 | L146: =L188*L$139 -> 491.66667 | M146: =M188*M$139 -> 194.33333
A147: =A12 -> 10115 | B147: =B12 -> UTSA | C147: =SUM(D147:M147) -> 30858.191 | D147: =D189*D$139 -> 4119.6667 | E147: =D189*E189*E$139 -> 1737.1261 | F147: =IFERROR(D189/F189*100*F$139,0) -> 1012.0517 | G147: =G189*G$139 -> 8414.2133 | H147: =H189*H$139 -> 392 | I147: =I189*I$139 -> 49.666667 | J147: =J189*J$139 -> 1249.4667 | K147: =K189*K$139 -> 6809.6667 | L147: =L189*L$139 -> 4458.6667 | M147: =M189*M$139 -> 2615.6667
A148: =A13 -> 11163 | B148: =B13 -> UTT | C148: =SUM(D148:M148) -> 9110.357 | D148: =D190*D$139 -> 1190 | E148: =D190*E190*E$139 -> 613.64333 | F148: =IFERROR(D190/F190*100*F$139,0) -> 1462.787 | G148: =G190*G$139 -> 2362.66 | H148: =H190*H$139 -> 376.66667 | I148: =I190*I$139 -> 14 | J148: =J190*J$139 -> 376.93333 | K148: =K190*K$139 -> 1436.3333 | L148: =L190*L$139 -> 890 | M148: =M190*M$139 -> 387.33333
A149: =A14 -> 3632 | B149: =B14 -> TAMU | C149: =SUM(D149:M149) -> 66697.991 | D149: =D191*D$139 -> 8739.6667 | E149: =D191*E191*E$139 -> 7347.1464 | F149: =IFERROR(D191/F191*100*F$139,0) -> 1262.0943 | G149: =G191*G$139 -> 20104.817 | H149: =H191*H$139 -> 1763 | I149: =I191*I$139 -> 126 | J149: =J191*J$139 -> 1489.6 | K149: =K191*K$139 -> 10060.667 | L149: =L191*L$139 -> 8907.3333 | M149: =M191*M$139 -> 6897.6667
A150: =A15 -> 10298 | B150: =B15 -> TAMUG | C150: =SUM(D150:M150) -> 3228.9175 | D150: =D192*D$139 -> 275.33333 | E150: =D192*E192*E$139 -> 172.72578 | F150: =IFERROR(D192/F192*100*F$139,0) -> 819.96506 | G150: =G192*G$139 -> 704.02667 | H150: =H192*H$139 -> 37.333333 | I150: =I192*I$139 -> 0 | J150: =J192*J$139 -> 63.2 | K150: =K192*K$139 -> 592.33333 | L150: =L192*L$139 -> 318 | M150: =M192*M$139 -> 246
A151: =A16 -> 3630 | B151: =B16 -> Prairie View | C151: =SUM(D151:M151) -> 8549.155 | D151: =D193*D$139 -> 936.33333 | E151: =D193*E193*E$139 -> 348.00389 | F151: =IFERROR(D193/F193*100*F$139,0) -> 791.1844 | G151: =G193*G$139 -> 2072.9 | H151: =H193*H$139 -> 315.66667 | I151: =I193*I$139 -> 9.6666667 | J151: =J193*J$139 -> 321.06667 | K151: =K193*K$139 -> 1668 | L151: =L193*L$139 -> 1181 | M151: =M193*M$139 -> 905.33333
... A177: =A42 -> 20 | B177: =B42 -> SRRG | C177: =SUM(D177:M177) -> 2718.6231 | D177: =D219*D$139 -> 161.66667 | E177: =D219*E219*E$139 -> 51.365977 | F177: =IFERROR(D219/F219*100*F$139,0) -> 1829.8204 | G177: =G219*G$139 -> 279.17 | H177: =H219*H$139 -> 6.3333333 | I177: =I219*I$139 -> 5.6666667 | J177: =J219*J$139 -> 57.6 | K177: =K219*K$139 -> 230 | L177: =L219*L$139 -> 92.666667 | M177: =M219*M$139 -> 4.3333333
B178: Total | C178: =SUM(C140:C177) -> 640971.71 | D178: =SUM(D140:D177) -> 84315.833 | E178: =SUM(E140:E177) -> 49031.806 | F178: =SUM(F140:F177) -> 50873.502 | G178: =SUM(G140:G177) -> 172461.14 | H178: =SUM(H140:H177) -> 13953.333 | I178: =SUM(I140:I177) -> 1198.3333 | J178: =SUM(J140:J177) -> 21778.6 | ... M178: =SUM(M140:M177) -> 50802
A179: Three-Year Average
...

Sheet Option 6
A1: Option 6 - Outcomes Based Funding (FY 2010 - FY 2012 Averaged) with Total Degrees adjusted by Six-Year Graduation Rate (3-Year Rate for Upper-Levels), Total Degrees per 100 FTSE, Critical Field Degrees, At-Risk Degrees, Retention Metrics of 30, 60, and 90 hours, and Total Degrees adjusted by Cost Based Weights. Metrics scaled for mathematical comparability and weighted by accountability group. Funded at 10 percent of undergraduate formula funding.
A3: FICE | B3: Name | C3: Funding | D3: Total Undergraduate Degrees | H3: Undergraduate Critical Field Degrees | I3: Math and Science Teaching Certificates | J3: At-Risk Degrees | K3: Retention Metrics | O3: Phase-In Adjustment
E4: Adjusted by 6-Year Graduation Rate | F4: per 100 FTSE | G4: Cost Weighted | K4: 30 Hours | L4: 60 Hours | M4: 90 Hours | O4: 2014-2015 Undergraduate Instruction and Operations Percent of Total | P4: Phase-In Set-Asides | Q4: Funding After Set-Asides
A5: 3656 | B5: UTA | C5: =SUM(D5:M5) -> 13517160 | D5: =D48/$C$86*$C$43 -> 2763155.4 | E5: =E48/$C$86*$C$43 -> 954823.69 | F5: =F48/$C$86*$C$43 -> 543376.29 | G5: =G48/$C$86*$C$43 -> 5736963.3 | H5: =H48/$C$86*$C$43 -> 843226.77 | I5: =I48/$C$86*$C$43 -> 19272.706 | J5: =J48/$C$86*$C$43 -> 686328.59 | K5: =K48/$C$86*$C$43 -> 878364.28 | ... M5: =M48/$C$86*$C$43 -> 458347.78 | O5: 0.053941374 | P5: =MIN(0,C48/$C$86-O5+$P$44)*-1*$Q$43 -> 0 | Q5: =C5+P5 -> 13517160
A6: 3658 | B6: UT | C6: =SUM(D6:M6) -> 20169196 | D6: =D49/$C$86*$C$43 -> 3284191.5 | E6: =E49/$C$86*$C$43 -> 3403243.4 | F6: =F49/$C$86*$C$43 -> 607955.03 | G6: =G49/$C$86*$C$43 -> 7121118 | H6: =H49/$C$86*$C$43 -> 688800.39 | I6: =I49/$C$86*$C$43 -> 24228.545 | J6: =J49/$C$86*$C$43 -> 509582.58 | K6: =K49/$C$86*$C$43 -> 1233239 | ... M6: =M49/$C$86*$C$43 -> 1809150.3 | O6: 0.097535368 | P6: =MIN(0,C49/$C$86-O6+$P$44)*-1*$Q$43 -> 1199145.3 | Q6: =C6+P6 -> 21368342
A7: 9741 | B7: UTD | C7: =SUM(D7:M7) -> 6818134.7 | D7: =D50/$C$86*$C$43 -> 1317702.4 | E7: =E50/$C$86*$C$43 -> 617563.21 | F7: =F50/$C$86*$C$43 -> 492459.13 | G7: =G50/$C$86*$C$43 -> 2808971.2 | H7: =H50/$C$86*$C$43 -> 232190.22 | I7: =I50/$C$86*$C$43 -> 17620.76 | J7: =J50/$C$86*$C$43 -> 290669.12 | K7: =K50/$C$86*$C$43 -> 425926.8 | ... M7: =M50/$C$86*$C$43 -> 262451.43 | O7: 0.030845131 | P7: =MIN(0,C50/$C$86-O7+$P$44)*-1*$Q$43 -> 0 | Q7: =C7+P7 -> 6818134.7
A8: 3661 | B8: UTEP | C8: =SUM(D8:M8) -> 8579739.9 | D8: =D51/$C$86*$C$43 -> 1683333.2 | E8: =E51/$C$86*$C$43 -> 437666.63 | F8: =F51/$C$86*$C$43 -> 419794.31 | G8: =G51/$C$86*$C$43 -> 3468028 | H8: =H51/$C$86*$C$43 -> 360674.93 | I8: =I51/$C$86*$C$43 -> 49558.387 | J8: =J51/$C$86*$C$43 -> 542792.82 | K8: =K51/$C$86*$C$43 -> 560535.95 | ... M8: =M51/$C$86*$C$43 -> 502632.17 | O8: 0.0380679 | P8: =MIN(0,C51/$C$86-O8+$P$44)*-1*$Q$43 -> 0 | Q8: =C8+P8 -> 8579739.9
A9: 3599 | B9: UTPA | C9: =SUM(D9:M9) -> 7744949.2 | D9: =D52/$C$86*$C$43 -> 1420673.8 | E9: =E52/$C$86*$C$43 -> 306155.19 | F9: =F52/$C$86*$C$43 -> 282104.1 | G9: =G52/$C$86*$C$43 -> 2827122.4 | H9: =H52/$C$86*$C$43 -> 286520.9 | I9: =I52/$C$86*$C$43 -> 15418.165 | J9: =J52/$C$86*$C$43 -> 515040.12 | K9: =K52/$C$86*$C$43 -> 748025.72 | ... M9: =M52/$C$86*$C$43 -> 605138.49 | O9: 0.036041181 | P9: =MIN(0,C52/$C$86-O9+$P$44)*-1*$Q$43 -> 0 | Q9: =C9+P9 -> 7744949.2
A10: 30646 | B10: UTB | C10: =SUM(D10:M10) -> 3096284.9 | D10: =D53/$C$86*$C$43 -> 601308.43 | E10: =E53/$C$86*$C$43 -> 172950.76 | F10: =F53/$C$86*$C$43 -> 474400.91 | G10: =G53/$C$86*$C$43 -> 1155147.3 | H10: =H53/$C$86*$C$43 -> 68463.994 | I10: =I53/$C$86*$C$43 -> 10095.227 | J10: =J53/$C$86*$C$43 -> 206309.73 | K10: =K53/$C$86*$C$43 -> 243447.93 | ... M10: =M53/$C$86*$C$43 -> 31411.452 | O10: 0.013127311 | P10: =MIN(0,C53/$C$86-O10+$P$44)*-1*$Q$43 -> 0 | Q10: =C10+P10 -> 3096284.9
A11: 9930 | B11: UTPB | C11: =SUM(D11:M11) -> 1667022.6 | D11: =D54/$C$86*$C$43 -> 293679.33 | E11: =E54/$C$86*$C$43 -> 65196.811 | F11: =F54/$C$86*$C$43 -> 318346.21 | G11: =G54/$C$86*$C$43 -> 551483.89 | H11: =H54/$C$86*$C$43 -> 22760.148 | I11: =I54/$C$86*$C$43 -> 5506.4874 | J11: =J54/$C$86*$C$43 -> 87883.539 | K11: =K54/$C$86*$C$43 -> 144208.79 | ... M11: =M54/$C$86*$C$43 -> 60638.663 | O11: 0.006658598 | P11: =MIN(0,C54/$C$86-O11+$P$44)*-1*$Q$43 -> 0 | Q11: =C11+P11 -> 1667022.6
A12: 10115 | B12: UTSA | C12: =SUM(D12:M12) -> 11125839 | D12: =D55/$C$86*$C$43 -> 2268489.3 | E12: =E55/$C$86*$C$43 -> 637697.54 | F12: =F55/$C$86*$C$43 -> 371523.33 | G12: =G55/$C$86*$C$43 -> 4633276 | H12: =H55/$C$86*$C$43 -> 215854.31 | I12: =I55/$C$86*$C$43 -> 27348.887 | J12: =J55/$C$86*$C$43 -> 688017.25 | K12: =K55/$C$86*$C$43 -> 874938.02 | ... M12: =M55/$C$86*$C$43 -> 672146.33 | O12: 0.051993931 | P12: =MIN(0,C55/$C$86-O12+$P$44)*-1*$Q$43 -> 0 | Q12: =C12+P12 -> 11125839
A13: 11163 | B13: UTT | C13: =SUM(D13:M13) -> 3547504.1 | D13: =D56/$C$86*$C$43 -> 655272 | E13: =E56/$C$86*$C$43 -> 168950.96 | F13: =F56/$C$86*$C$43 -> 402740.92 | G13: =G56/$C$86*$C$43 -> 1300995.8 | H13: =H56/$C$86*$C$43 -> 207411.03 | I13: =I56/$C$86*$C$43 -> 7709.0824 | J13: =J56/$C$86*$C$43 -> 207557.87 | K13: =K56/$C$86*$C$43 -> 263638.38 | ... M13: =M56/$C$86*$C$43 -> 120861.28 | O13: 0.012069402 | P13: =MIN(0,C56/$C$86-O13+$P$44)*-1*$Q$43 -> 0 | Q13: =C13+P13 -> 3547504.1
A14: 3632 | B14: TAMU | C14: =SUM(D14:M14) -> 20316198 | D14: =D57/$C$86*$C$43 -> 3208324.3 | E14: =E57/$C$86*$C$43 -> 3371414.1 | F14: =F57/$C$86*$C$43 -> 579142.21 | G14: =G57/$C$86*$C$43 -> 7380461.3 | H14: =H57/$C$86*$C$43 -> 647195.82 | I14: =I57/$C$86*$C$43 -> 46254.494 | J14: =J57/$C$86*$C$43 -> 546830.91 | K14: =K57/$C$86*$C$43 -> 1292641.8 | ... M14: =M57/$C$86*$C$43 -> 1772489.4 | O14: 0.10514316 | P14: =MIN(0,C57/$C$86-O14+$P$44)*-1*$Q$43 -> 2837224.8 | Q14: =C14+P14 -> 23153423
A15: 10298 | B15: TAMUG | C15: =SUM(D15:M15) -> 1693974.4 | D15: =D58/$C$86*$C$43 -> 227417.93 | E15: =E58/$C$86*$C$43 -> 71333.424 | F15: =F58/$C$86*$C$43 -> 338634.55 | G15: =G58/$C$86*$C$43 -> 581507.1 | H15: =H58/$C$86*$C$43 -> 30836.33 | I15: =I58/$C$86*$C$43 -> 0 | J15: =J58/$C$86*$C$43 -> 52201.501 | K15: =K58/$C$86*$C$43 -> 163083.8 | ... M15: =M58/$C$86*$C$43 -> 115140.65 | O15: 0.0070859753 | P15: =MIN(0,C58/$C$86-O15+$P$44)*-1*$Q$43 -> 0 | Q15: =C15+P15 -> 1693974.4
A16: 3630 | B16: Prairie View | C16: =SUM(D16:M16) -> 3197075.6 | D16: =D59/$C$86*$C$43 -> 515590.77 | E16: =E59/$C$86*$C$43 -> 95813.952 | F16: =F59/$C$86*$C$43 -> 217832.35 | G16: =G59/$C$86*$C$43 -> 1141439.8 | H16: =H59/$C$86*$C$43 -> 173821.45 | I16: =I59/$C$86*$C$43 -> 5322.9378 | J16: =J59/$C$86*$C$43 -> 176794.96 | K16: =K59/$C$86*$C$43 -> 306160.7 | ... M16: =M59/$C$86*$C$43 -> 282495.04 | O16: 0.015279411 | P16: =MIN(0,C59/$C$86-O16+$P$44)*-1*$Q$43 -> 0 | Q16: =C16+P16 -> 3197075.6
... A42: 20 | B42: SRRG | C42: =SUM(D42:M42) -> 864687.93 | D42: =D85/$C$86*$C$43 -> 89021.547 | E42: =E85/$C$86*$C$43 -> 14142.305 | F42: =F85/$C$86*$C$43 -> 503794.15 | G42: =G85/$C$86*$C$43 -> 153724.61 | H42: =H85/$C$86*$C$43 -> 3487.442 | I42: =I85/$C$86*$C$43 -> 3120.3429 | J42: =J85/$C$86*$C$43 -> 31717.368 | K42: =K85/$C$86*$C$43 -> 42216.404 | ... M42: =M85/$C$86*$C$43 -> 1352.1486 | O42: 0.0014792799 | P42: =MIN(0,C85/$C$86-O42+$P$44)*-1*$Q$43 -> 0 | Q42: =C42+P42 -> 864687.93
B43: Total | C43: =Q43-P43 -> 2.3068274e+08 | D43: =SUM(D5:D42) -> 43257956 | E43: =SUM(E5:E42) -> 18089869 | F43: =SUM(F5:F42) -> 15472375 | G43: =SUM(G5:G42) -> 87908556 | H43: =SUM(H5:H42) -> 7025666.1 | I43: =SUM(I5:I42) -> 624619.22 | J43: =SUM(J5:J42) -> 11481552 | K43: =SUM(K5:K42) -> 17141188 | ... M43: =SUM(M5:M42) -> 13950851 | O43: =SUM(O5:O42) -> 1 | P43: =SUM(P5:P42) -> 4317264 | Q43: 235000000
O44: Threshold | P44: 0.005
A45: Points Three-Year Average - Scaled and Weighted
A46: FICE | B46: Name | C46: Total Points | D46: Total Undergraduate Degrees | H46: Undergraduate Critical Field Degrees | I46: Math and Science Teaching Certificates | J46: At-Risk Degrees | K46: Retention Metrics
E47: Adjusted by 6-Year Graduation Rate | F47: per 100 FTSE | G47: Cost Weighted | K47: 30 Hours | L47: 60 Hours | M47: 90 Hours
A48: =A5 -> 3656 | B48: =B5 -> UTA | C48: =SUM(D48:M48) -> 7364.3099 | D48: =D90*D140 -> 1505.4 | E48: =E90*E140 -> 520.19933 | F48: =F90*F140 -> 296.03788 | G48: =G90*G140 -> 3125.566 | H48: =H90*H140 -> 459.4 | I48: =I90*I140 -> 10.5 | J48: =J90*J140 -> 373.92 | K48: =K90*K140 -> 478.54333 | ... M48: =M90*M140 -> 249.71333
A49: =A6 -> 3658 | B49: =B6 -> UT | C49: =SUM(D49:M49) -> 10988.419 | D49: =D91*D141 -> 1789.2667 | E49: =E91*E141 -> 1854.1276 | F49: =F91*F141 -> 331.22115 | G49: =G91*G141 -> 3879.67 | H49: =H91*H141 -> 375.26667 | I49: =I91*I141 -> 13.2 | J49: =J91*J141 -> 277.62667 | K49: =K91*K141 -> 671.88333 | ... M49: =M91*M141 -> 985.64667
A50: =A7 -> 9741 | B50: =B7 -> UTD | C50: =SUM(D50:M50) -> 3714.6011 | D50: =D92*D142 -> 717.9 | E50: =E92*E142 -> 336.4558 | F50: =F92*F142 -> 268.29761 | G50: =G92*G142 -> 1530.361 | H50: =H92*H142 -> 126.5 | I50: =I92*I142 -> 9.6 | J50: =J92*J142 -> 158.36 | K50: =K92*K142 -> 232.05 | ... M50: =M92*M142 -> 142.98667
A51: =A8 -> 3661 | B51: =B8 -> UTEP | C51: =SUM(D51:M51) -> 4674.3446 | D51: =D93*D143 -> 917.1 | E51: =E93*E143 -> 238.446 | F51: =F93*F143 -> 228.70895 | G51: =G93*G143 -> 1889.423 | H51: =H93*H143 -> 196.5 | I51: =I93*I143 -> 27 | J51: =J93*J143 -> 295.72 | K51: =K93*K143 -> 305.38667 | ... M51: =M93*M143 -> 273.84
A52: =A9 -> 3599 | B52: =B9 -> UTPA | C52: =SUM(D52:M52) -> 4219.5407 | D52: =D94*D144 -> 774 | E52: =E94*E144 -> 166.797 | F52: =F94*F144 -> 153.69368 | G52: =G94*G144 -> 1540.25 | H52: =H94*H144 -> 156.1 | I52: =I94*I144 -> 8.4 | J52: =J94*J144 -> 280.6 | K52: =K94*K144 -> 407.53333 | ... M52: =M94*M144 -> 329.68667
A53: =A10 -> 30646 | B53: =B10 -> UTB | C53: =SUM(D53:M53) -> 1686.8929 | D53: =D95*D145 -> 327.6 | E53: =E95*E145 -> 94.225639 | F53: =F95*F145 -> 258.45927 | G53: =G95*G145 -> 629.338 | H53: =H95*H145 -> 37.3 | I53: =I95*I145 -> 5.5 | J53: =J95*J145 -> 112.4 | K53: =K95*K145 -> 132.63333 | ... M53: =M95*M145 -> 17.113333
A54: =A11 -> 9930 | B54: =B11 -> UTPB | C54: =SUM(D54:M54) -> 908.21381 | D54: =D96*D146 -> 160 | E54: =E96*E146 -> 35.52 | F54: =F96*F146 -> 173.43881 | G54: =G96*G146 -> 300.455 | H54: =H96*H146 -> 12.4 | I54: =I96*I146 -> 3 | J54: =J96*J146 -> 47.88 | K54: =K96*K146 -> 78.566667 | ... M54: =M96*M146 -> 33.036667
A55: =A12 -> 10115 | B55: =B12 -> UTSA | C55: =SUM(D55:M55) -> 6061.4896 | D55: =D97*D147 -> 1235.9 | E55: =E97*E147 -> 347.42522 | F55: =F97*F147 -> 202.41034 | G55: =G97*G147 -> 2524.264 | H55: =H97*H147 -> 117.6 | I55: =I97*I147 -> 14.9 | J55: =J97*J147 -> 374.84 | K55: =K97*K147 -> 476.67667 | ... M55: =M97*M147 -> 366.19333
A56: =A13 -> 11163 | B56: =B13 -> UTT | C56: =SUM(D56:M56) -> 1932.7226 | D56: =D98*D148 -> 357 | E56: =E98*E148 -> 92.0465 | F56: =F98*F148 -> 219.41805 | G56: =G98*G148 -> 708.798 | H56: =H98*H148 -> 113 | I56: =I98*I148 -> 4.2 | J56: =J98*J148 -> 113.08 | K56: =K98*K148 -> 143.63333 | ... M56: =M98*M148 -> 65.846667
A57: =A14 -> 3632 | B57: =B14 -> TAMU | C57: =SUM(D57:M57) -> 11068.507 | D57: =D99*D149 -> 1747.9333 | E57: =E99*E149 -> 1836.7866 | F57: =F99*F149 -> 315.52358 | G57: =G99*G149 -> 4020.9633 | H57: =H99*H149 -> 352.6 | I57: =I99*I149 -> 25.2 | J57: =J99*J149 -> 297.92 | K57: =K99*K149 -> 704.24667 | ... M57: =M99*M149 -> 965.67333
A58: =A15 -> 10298 | B58: =B15 -> TAMUG | C58: =SUM(D58:M58) -> 922.89744 | D58: =D100*D150 -> 123.9 | E58: =E100*E150 -> 38.8633 | F58: =F100*F150 -> 184.49214 | G58: =G100*G150 -> 316.812 | H58: =H100*H150 -> 16.8 | I58: =I100*I150 -> 0 | J58: =J100*J150 -> 28.44 | K58: =K100*K150 -> 88.85 | ... M58: =M100*M150 -> 62.73
A59: =A16 -> 3630 | B59: =B16 -> Prairie View | C59: =SUM(D59:M59) -> 1741.8049 | D59: =D101*D151 -> 280.9 | E59: =E101*E151 -> 52.200583 | F59: =F101*F151 -> 118.67766 | G59: =G101*G151 -> 621.87 | H59: =H101*H151 -> 94.7 | I59: =I101*I151 -> 2.9 | J59: =J101*J151 -> 96.32 | K59: =K101*K151 -> 166.8 | ... M59: =M101*M151 -> 153.90667
... A85: =A42 -> 20 | B85: =B42 -> SRRG | C85: =SUM(D85:M85) -> 471.09229 | D85: =D127*D177 -> 48.5 | E85: =E127*E177 -> 7.7048965 | F85: =F127*F177 -> 274.47306 | G85: =G127*G177 -> 83.751 | H85: =H127*H177 -> 1.9 | I85: =I127*I177 -> 1.7 | J85: =J127*J177 -> 17.28 | K85: =K127*K177 -> 23 | ... M85: =M127*M177 -> 0.73666667
B86: Total | C86: =SUM(C48:C85) -> 125678.71 | D86: =SUM(D48:D85) -> 23567.45 | E86: =SUM(E48:E85) -> 9855.5762 | F86: =SUM(F48:F85) -> 8429.5346 | G86: =SUM(G48:G85) -> 47893.629 | H86: =SUM(H48:H85) -> 3827.6667 | I86: =SUM(I48:I85) -> 340.3 | J86: =SUM(J48:J85) -> 6255.2867 | ... M86: =SUM(M48:M85) -> 7600.59
A87: Weights
A88: FICE | B88: Name | C88: Total Weights | D88: Total Undergraduate Degrees | H88: Undergraduate Critical Field Degrees | I88: Math and Science Teaching Certificates | J88: At-Risk Degrees | K88: Retention Metrics | N88: Accountability Group
E89: Adjusted by 6-Year Graduation Rate | F89: per 100 FTSE | G89: Cost Weighted | K89: 30 Hours | L89: 60 Hours | M89: 90 Hours
A90: =A5 -> 3656 | B90: =B5 -> UTA | C90: =D90+E90+F90+K90+L90+M90 -> 1 | D90: =SUMIF($N$131:$N$135,$N90,D$131:D$135) -> 0.3 | E90: =SUMIF($N$131:$N$135,$N90,E$131:E$135) -> 0.2 | F90: =SUMIF($N$131:$N$135,$N90,F$131:F$135) -> 0.2 | G90: =SUMIF($N$131:$N$135,$N90,G$131:G$135) -> 0.3 | H90: =SUMIF($N$131:$N$135,$N90,H$131:H$135) -> 0.3 | I90: =SUMIF($N$131:$N$135,$N90,I$131:I$135) -> 0.3 | J90: =SUMIF($N$131:$N$135,$N90,J$131:J$135) -> 0.12 | K90: =SUMIF($N$131:$N$135,$N90,K$131:K$135) -> 0.07 | ... M90: =SUMIF($N$131:$N$135,$N90,M$131:M$135) -> 0.14 | N90: Emerging
A91: =A6 -> 3658 | B91: =B6 -> UT | C91: =D91+E91+F91+K91+L91+M91 -> 1 | D91: =SUMIF($N$131:$N$135,$N91,D$131:D$135) -> 0.2 | E91: =SUMIF($N$131:$N$135,$N91,E$131:E$135) -> 0.25 | F91: =SUMIF($N$131:$N$135,$N91,F$131:F$135) -> 0.25 | G91: =SUMIF($N$131:$N$135,$N91,G$131:G$135) -> 0.2 | H91: =SUMIF($N$131:$N$135,$N91,H$131:H$135) -> 0.2 | I91: =SUMIF($N$131:$N$135,$N91,I$131:I$135) -> 0.2 | J91: =SUMIF($N$131:$N$135,$N91,J$131:J$135) -> 0.08 | K91: =SUMIF($N$131:$N$135,$N91,K$131:K$135) -> 0.07 | ... M91: =SUMIF($N$131:$N$135,$N91,M$131:M$135) -> 0.14 | N91: Research
A92: =A7 -> 9741 | B92: =B7 -> UTD | C92: =D92+E92+F92+K92+L92+M92 -> 1 | D92: =SUMIF($N$131:$N$135,$N92,D$131:D$135) -> 0.3 | E92: =SUMIF($N$131:$N$135,$N92,E$131:E$135) -> 0.2 | F92: =SUMIF($N$131:$N$135,$N92,F$131:F$135) -> 0.2 | G92: =SUMIF($N$131:$N$135,$N92,G$131:G$135) -> 0.3 | H92: =SUMIF($N$131:$N$135,$N92,H$131:H$135) -> 0.3 | I92: =SUMIF($N$131:$N$135,$N92,I$131:I$135) -> 0.3 | J92: =SUMIF($N$131:$N$135,$N92,J$131:J$135) -> 0.12 | K92: =SUMIF($N$131:$N$135,$N92,K$131:K$135) -> 0.07 | ... M92: =SUMIF($N$131:$N$135,$N92,M$131:M$135) -> 0.14 | N92: Emerging
A93: =A8 -> 3661 | B93: =B8 -> UTEP | C93: =D93+E93+F93+K93+L93+M93 -> 1 | D93: =SUMIF($N$131:$N$135,$N93,D$131:D$135) -> 0.3 | E93: =SUMIF($N$131:$N$135,$N93,E$131:E$135) -> 0.2 | F93: =SUMIF($N$131:$N$135,$N93,F$131:F$135) -> 0.2 | G93: =SUMIF($N$131:$N$135,$N93,G$131:G$135) -> 0.3 | H93: =SUMIF($N$131:$N$135,$N93,H$131:H$135) -> 0.3 | I93: =SUMIF($N$131:$N$135,$N93,I$131:I$135) -> 0.3 | J93: =SUMIF($N$131:$N$135,$N93,J$131:J$135) -> 0.12 | K93: =SUMIF($N$131:$N$135,$N93,K$131:K$135) -> 0.07 | ... M93: =SUMIF($N$131:$N$135,$N93,M$131:M$135) -> 0.14 | N93: Emerging
A94: =A9 -> 3599 | B94: =B9 -> UTPA | C94: =D94+E94+F94+K94+L94+M94 -> 1 | D94: =SUMIF($N$131:$N$135,$N94,D$131:D$135) -> 0.3 | E94: =SUMIF($N$131:$N$135,$N94,E$131:E$135) -> 0.15 | F94: =SUMIF($N$131:$N$135,$N94,F$131:F$135) -> 0.15 | G94: =SUMIF($N$131:$N$135,$N94,G$131:G$135) -> 0.3 | H94: =SUMIF($N$131:$N$135,$N94,H$131:H$135) -> 0.3 | I94: =SUMIF($N$131:$N$135,$N94,I$131:I$135) -> 0.3 | J94: =SUMIF($N$131:$N$135,$N94,J$131:J$135) -> 0.12 | K94: =SUMIF($N$131:$N$135,$N94,K$131:K$135) -> 0.1 | ... M94: =SUMIF($N$131:$N$135,$N94,M$131:M$135) -> 0.17 | N94: Doctoral
A95: =A10 -> 30646 | B95: =B10 -> UTB | C95: =D95+E95+F95+K95+L95+M95 -> 1 | D95: =SUMIF($N$131:$N$135,$N95,D$131:D$135) -> 0.3 | E95: =SUMIF($N$131:$N$135,$N95,E$131:E$135) -> 0.15 | F95: =SUMIF($N$131:$N$135,$N95,F$131:F$135) -> 0.15 | G95: =SUMIF($N$131:$N$135,$N95,G$131:G$135) -> 0.3 | H95: =SUMIF($N$131:$N$135,$N95,H$131:H$135) -> 0.3 | I95: =SUMIF($N$131:$N$135,$N95,I$131:I$135) -> 0.3 | J95: =SUMIF($N$131:$N$135,$N95,J$131:J$135) -> 0.12 | K95: =SUMIF($N$131:$N$135,$N95,K$131:K$135) -> 0.1 | ... M95: =SUMIF($N$131:$N$135,$N95,M$131:M$135) -> 0.17 | N95: Master's
A96: =A11 -> 9930 | B96: =B11 -> UTPB | C96: =D96+E96+F96+K96+L96+M96 -> 1 | D96: =SUMIF($N$131:$N$135,$N96,D$131:D$135) -> 0.3 | E96: =SUMIF($N$131:$N$135,$N96,E$131:E$135) -> 0.15 | F96: =SUMIF($N$131:$N$135,$N96,F$131:F$135) -> 0.15 | G96: =SUMIF($N$131:$N$135,$N96,G$131:G$135) -> 0.3 | H96: =SUMIF($N$131:$N$135,$N96,H$131:H$135) -> 0.3 | I96: =SUMIF($N$131:$N$135,$N96,I$131:I$135) -> 0.3 | J96: =SUMIF($N$131:$N$135,$N96,J$131:J$135) -> 0.12 | K96: =SUMIF($N$131:$N$135,$N96,K$131:K$135) -> 0.1 | ... M96: =SUMIF($N$131:$N$135,$N96,M$131:M$135) -> 0.17 | N96: Master's
A97: =A12 -> 10115 | B97: =B12 -> UTSA | C97: =D97+E97+F97+K97+L97+M97 -> 1 | D97: =SUMIF($N$131:$N$135,$N97,D$131:D$135) -> 0.3 | E97: =SUMIF($N$131:$N$135,$N97,E$131:E$135) -> 0.2 | F97: =SUMIF($N$131:$N$135,$N97,F$131:F$135) -> 0.2 | G97: =SUMIF($N$131:$N$135,$N97,G$131:G$135) -> 0.3 | H97: =SUMIF($N$131:$N$135,$N97,H$131:H$135) -> 0.3 | I97: =SUMIF($N$131:$N$135,$N97,I$131:I$135) -> 0.3 | J97: =SUMIF($N$131:$N$135,$N97,J$131:J$135) -> 0.12 | K97: =SUMIF($N$131:$N$135,$N97,K$131:K$135) -> 0.07 | ... M97: =SUMIF($N$131:$N$135,$N97,M$131:M$135) -> 0.14 | N97: Emerging
A98: =A13 -> 11163 | B98: =B13 -> UTT | C98: =D98+E98+F98+K98+L98+M98 -> 1 | D98: =SUMIF($N$131:$N$135,$N98,D$131:D$135) -> 0.3 | E98: =SUMIF($N$131:$N$135,$N98,E$131:E$135) -> 0.15 | F98: =SUMIF($N$131:$N$135,$N98,F$131:F$135) -> 0.15 | G98: =SUMIF($N$131:$N$135,$N98,G$131:G$135) -> 0.3 | H98: =SUMIF($N$131:$N$135,$N98,H$131:H$135) -> 0.3 | I98: =SUMIF($N$131:$N$135,$N98,I$131:I$135) -> 0.3 | J98: =SUMIF($N$131:$N$135,$N98,J$131:J$135) -> 0.12 | K98: =SUMIF($N$131:$N$135,$N98,K$131:K$135) -> 0.1 | ... M98: =SUMIF($N$131:$N$135,$N98,M$131:M$135) -> 0.17 | N98: Master's
A99: =A14 -> 3632 | B99: =B14 -> TAMU | C99: =D99+E99+F99+K99+L99+M99 -> 1 | D99: =SUMIF($N$131:$N$135,$N99,D$131:D$135) -> 0.2 | E99: =SUMIF($N$131:$N$135,$N99,E$131:E$135) -> 0.25 | F99: =SUMIF($N$131:$N$135,$N99,F$131:F$135) -> 0.25 | G99: =SUMIF($N$131:$N$135,$N99,G$131:G$135) -> 0.2 | H99: =SUMIF($N$131:$N$135,$N99,H$131:H$135) -> 0.2 | I99: =SUMIF($N$131:$N$135,$N99,I$131:I$135) -> 0.2 | J99: =SUMIF($N$131:$N$135,$N99,J$131:J$135) -> 0.08 | K99: =SUMIF($N$131:$N$135,$N99,K$131:K$135) -> 0.07 | ... M99: =SUMIF($N$131:$N$135,$N99,M$131:M$135) -> 0.14 | N99: Research
A100: =A15 -> 10298 | B100: =B15 -> TAMUG | C100: =D100+E100+F100+K100+L100+M100 -> 1.5 | D100: =SUMIF($N$131:$N$135,$N100,D$131:D$135)*1.5 -> 0.45 | E100: =SUMIF($N$131:$N$135,$N100,E$131:E$135)*1.5 -> 0.225 | F100: =SUMIF($N$131:$N$135,$N100,F$131:F$135)*1.5 -> 0.225 | G100: =SUMIF($N$131:$N$135,$N100,G$131:G$135)*1.5 -> 0.45 | H100: =SUMIF($N$131:$N$135,$N100,H$131:H$135)*1.5 -> 0.45 | I100: =SUMIF($N$131:$N$135,$N100,I$131:I$135)*1.5 -> 0.45 | J100: =SUMIF($N$131:$N$135,$N100,J$131:J$135)*1.5 -> 0.18 | K100: =SUMIF($N$131:$N$135,$N100,K$131:K$135)*1.5 -> 0.15 | ... M100: =SUMIF($N$131:$N$135,$N100,M$131:M$135)*1.5 -> 0.255 | N100: Master's
A101: =A16 -> 3630 | B101: =B16 -> Prairie View | C101: =D101+E101+F101+K101+L101+M101 -> 1 | D101: =SUMIF($N$131:$N$135,$N101,D$131:D$135) -> 0.3 | E101: =SUMIF($N$131:$N$135,$N101,E$131:E$135) -> 0.15 | F101: =SUMIF($N$131:$N$135,$N101,F$131:F$135) -> 0.15 | G101: =SUMIF($N$131:$N$135,$N101,G$131:G$135) -> 0.3 | H101: =SUMIF($N$131:$N$135,$N101,H$131:H$135) -> 0.3 | I101: =SUMIF($N$131:$N$135,$N101,I$131:I$135) -> 0.3 | J101: =SUMIF($N$131:$N$135,$N101,J$131:J$135) -> 0.12 | K101: =SUMIF($N$131:$N$135,$N101,K$131:K$135) -> 0.1 | ... M101: =SUMIF($N$131:$N$135,$N101,M$131:M$135) -> 0.17 | N101: Comprehensive
A102: =A17 -> 3631 | B102: =B17 -> Tarleton | C102: =D102+E102+F102+K102+L102+M102 -> 1 | D102: =SUMIF($N$131:$N$135,$N102,D$131:D$135) -> 0.3 | E102: =SUMIF($N$131:$N$135,$N102,E$131:E$135) -> 0.15 | F102: =SUMIF($N$131:$N$135,$N102,F$131:F$135) -> 0.15 | G102: =SUMIF($N$131:$N$135,$N102,G$131:G$135) -> 0.3 | H102: =SUMIF($N$131:$N$135,$N102,H$131:H$135) -> 0.3 | I102: =SUMIF($N$131:$N$135,$N102,I$131:I$135) -> 0.3 | J102: =SUMIF($N$131:$N$135,$N102,J$131:J$135) -> 0.12 | K102: =SUMIF($N$131:$N$135,$N102,K$131:K$135) -> 0.1 | ... M102: =SUMIF($N$131:$N$135,$N102,M$131:M$135) -> 0.17 | N102: Comprehensive
A103: =A18 -> 103631 | B103: =B18 -> TAMUCT | C103: =D103+E103+F103+K103+L103+M103 -> 1 | D103: =SUMIF($N$131:$N$135,$N103,D$131:D$135) -> 0.3 | E103: =SUMIF($N$131:$N$135,$N103,E$131:E$135) -> 0.15 | F103: =SUMIF($N$131:$N$135,$N103,F$131:F$135) -> 0.15 | G103: =SUMIF($N$131:$N$135,$N103,G$131:G$135) -> 0.3 | H103: =SUMIF($N$131:$N$135,$N103,H$131:H$135) -> 0.3 | I103: =SUMIF($N$131:$N$135,$N103,I$131:I$135) -> 0.3 | J103: =SUMIF($N$131:$N$135,$N103,J$131:J$135) -> 0.12 | K103: =SUMIF($N$131:$N$135,$N103,K$131:K$135) -> 0.1 | ... M103: =SUMIF($N$131:$N$135,$N103,M$131:M$135) -> 0.17 | N103: Master's
A104: =A19 -> 11161 | B104: =B19 -> TAMUCC | C104: =D104+E104+F104+K104+L104+M104 -> 1 | D104: =SUMIF($N$131:$N$135,$N104,D$131:D$135) -> 0.3 | E104: =SUMIF($N$131:$N$135,$N104,E$131:E$135) -> 0.15 | F104: =SUMIF($N$131:$N$135,$N104,F$131:F$135) -> 0.15 | G104: =SUMIF($N$131:$N$135,$N104,G$131:G$135) -> 0.3 | H104: =SUMIF($N$131:$N$135,$N104,H$131:H$135) -> 0.3 | I104: =SUMIF($N$131:$N$135,$N104,I$131:I$135) -> 0.3 | J104: =SUMIF($N$131:$N$135,$N104,J$131:J$135) -> 0.12 | K104: =SUMIF($N$131:$N$135,$N104,K$131:K$135) -> 0.1 | ... M104: =SUMIF($N$131:$N$135,$N104,M$131:M$135) -> 0.17 | N104: Doctoral
A105: =A20 -> 3639 | B105: =B20 -> TAMUK | C105: =D105+E105+F105+K105+L105+M105 -> 1 | D105: =SUMIF($N$131:$N$135,$N105,D$131:D$135) -> 0.3 | E105: =SUMIF($N$131:$N$135,$N105,E$131:E$135) -> 0.15 | F105: =SUMIF($N$131:$N$135,$N105,F$131:F$135) -> 0.15 | G105: =SUMIF($N$131:$N$135,$N105,G$131:G$135) -> 0.3 | H105: =SUMIF($N$131:$N$135,$N105,H$131:H$135) -> 0.3 | I105: =SUMIF($N$131:$N$135,$N105,I$131:I$135) -> 0.3 | J105: =SUMIF($N$131:$N$135,$N105,J$131:J$135) -> 0.12 | K105: =SUMIF($N$131:$N$135,$N105,K$131:K$135) -> 0.1 | ... M105: =SUMIF($N$131:$N$135,$N105,M$131:M$135) -> 0.17 | N105: Doctoral
A106: =A21 -> 103639 | B106: =B21 -> TAMUSA | C106: =D106+E106+F106+K106+L106+M106 -> 1 | D106: =SUMIF($N$131:$N$135,$N106,D$131:D$135) -> 0.3 | E106: =SUMIF($N$131:$N$135,$N106,E$131:E$135) -> 0.15 | F106: =SUMIF($N$131:$N$135,$N106,F$131:F$135) -> 0.15 | G106: =SUMIF($N$131:$N$135,$N106,G$131:G$135) -> 0.3 | H106: =SUMIF($N$131:$N$135,$N106,H$131:H$135) -> 0.3 | I106: =SUMIF($N$131:$N$135,$N106,I$131:I$135) -> 0.3 | J106: =SUMIF($N$131:$N$135,$N106,J$131:J$135) -> 0.12 | K106: =SUMIF($N$131:$N$135,$N106,K$131:K$135) -> 0.1 | ... M106: =SUMIF($N$131:$N$135,$N106,M$131:M$135) -> 0.17 | N106: Master's
A107: =A22 -> 9651 | B107: =B22 -> TAMI | C107: =D107+E107+F107+K107+L107+M107 -> 1 | D107: =SUMIF($N$131:$N$135,$N107,D$131:D$135) -> 0.3 | E107: =SUMIF($N$131:$N$135,$N107,E$131:E$135) -> 0.15 | F107: =SUMIF($N$131:$N$135,$N107,F$131:F$135) -> 0.15 | G107: =SUMIF($N$131:$N$135,$N107,G$131:G$135) -> 0.3 | H107: =SUMIF($N$131:$N$135,$N107,H$131:H$135) -> 0.3 | I107: =SUMIF($N$131:$N$135,$N107,I$131:I$135) -> 0.3 | J107: =SUMIF($N$131:$N$135,$N107,J$131:J$135) -> 0.12 | K107: =SUMIF($N$131:$N$135,$N107,K$131:K$135) -> 0.1 | ... M107: =SUMIF($N$131:$N$135,$N107,M$131:M$135) -> 0.17 | N107: Comprehensive
A108: =A23 -> 3665 | B108: =B23 -> WTAMU | C108: =D108+E108+F108+K108+L108+M108 -> 1 | D108: =SUMIF($N$131:$N$135,$N108,D$131:D$135) -> 0.3 | E108: =SUMIF($N$131:$N$135,$N108,E$131:E$135) -> 0.15 | F108: =SUMIF($N$131:$N$135,$N108,F$131:F$135) -> 0.15 | G108: =SUMIF($N$131:$N$135,$N108,G$131:G$135) -> 0.3 | H108: =SUMIF($N$131:$N$135,$N108,H$131:H$135) -> 0.3 | I108: =SUMIF($N$131:$N$135,$N108,I$131:I$135) -> 0.3 | J108: =SUMIF($N$131:$N$135,$N108,J$131:J$135) -> 0.12 | K108: =SUMIF($N$131:$N$135,$N108,K$131:K$135) -> 0.1 | ... M108: =SUMIF($N$131:$N$135,$N108,M$131:M$135) -> 0.17 | N108: Comprehensive
A109: =A24 -> 3565 | B109: =B24 -> TAMUC | C109: =D109+E109+F109+K109+L109+M109 -> 1 | D109: =SUMIF($N$131:$N$135,$N109,D$131:D$135) -> 0.3 | E109: =SUMIF($N$131:$N$135,$N109,E$131:E$135) -> 0.15 | F109: =SUMIF($N$131:$N$135,$N109,F$131:F$135) -> 0.15 | G109: =SUMIF($N$131:$N$135,$N109,G$131:G$135) -> 0.3 | H109: =SUMIF($N$131:$N$135,$N109,H$131:H$135) -> 0.3 | I109: =SUMIF($N$131:$N$135,$N109,I$131:I$135) -> 0.3 | J109: =SUMIF($N$131:$N$135,$N109,J$131:J$135) -> 0.12 | K109: =SUMIF($N$131:$N$135,$N109,K$131:K$135) -> 0.1 | ... M109: =SUMIF($N$131:$N$135,$N109,M$131:M$135) -> 0.17 | N109: Doctoral
A110: =A25 -> 29269 | B110: =B25 -> TAMUT | C110: =D110+E110+F110+K110+L110+M110 -> 1 | D110: =SUMIF($N$131:$N$135,$N110,D$131:D$135) -> 0.3 | E110: =SUMIF($N$131:$N$135,$N110,E$131:E$135) -> 0.15 | F110: =SUMIF($N$131:$N$135,$N110,F$131:F$135) -> 0.15 | G110: =SUMIF($N$131:$N$135,$N110,G$131:G$135) -> 0.3 | H110: =SUMIF($N$131:$N$135,$N110,H$131:H$135) -> 0.3 | I110: =SUMIF($N$131:$N$135,$N110,I$131:I$135) -> 0.3 | J110: =SUMIF($N$131:$N$135,$N110,J$131:J$135) -> 0.12 | K110: =SUMIF($N$131:$N$135,$N110,K$131:K$135) -> 0.1 | ... M110: =SUMIF($N$131:$N$135,$N110,M$131:M$135) -> 0.17 | N110: Master's
A111: =A26 -> 3652 | B111: =B26 -> UH | C111: =D111+E111+F111+K111+L111+M111 -> 1 | D111: =SUMIF($N$131:$N$135,$N111,D$131:D$135) -> 0.3 | E111: =SUMIF($N$131:$N$135,$N111,E$131:E$135) -> 0.2 | F111: =SUMIF($N$131:$N$135,$N111,F$131:F$135) -> 0.2 | G111: =SUMIF($N$131:$N$135,$N111,G$131:G$135) -> 0.3 | H111: =SUMIF($N$131:$N$135,$N111,H$131:H$135) -> 0.3 | I111: =SUMIF($N$131:$N$135,$N111,I$131:I$135) -> 0.3 | J111: =SUMIF($N$131:$N$135,$N111,J$131:J$135) -> 0.12 | K111: =SUMIF($N$131:$N$135,$N111,K$131:K$135) -> 0.07 | ... M111: =SUMIF($N$131:$N$135,$N111,M$131:M$135) -> 0.14 | N111: Emerging
A112: =A27 -> 11711 | B112: =B27 -> UHCL | C112: =D112+E112+F112+K112+L112+M112 -> 1 | D112: =SUMIF($N$131:$N$135,$N112,D$131:D$135) -> 0.3 | E112: =SUMIF($N$131:$N$135,$N112,E$131:E$135) -> 0.15 | F112: =SUMIF($N$131:$N$135,$N112,F$131:F$135) -> 0.15 | G112: =SUMIF($N$131:$N$135,$N112,G$131:G$135) -> 0.3 | H112: =SUMIF($N$131:$N$135,$N112,H$131:H$135) -> 0.3 | I112: =SUMIF($N$131:$N$135,$N112,I$131:I$135) -> 0.3 | J112: =SUMIF($N$131:$N$135,$N112,J$131:J$135) -> 0.12 | K112: =SUMIF($N$131:$N$135,$N112,K$131:K$135) -> 0.1 | ... M112: =SUMIF($N$131:$N$135,$N112,M$131:M$135) -> 0.17 | N112: Master's
... A127: =A42 -> 20 | B127: =B42 -> SRRG | C127: =D127+E127+F127+K127+L127+M127 -> 1 | D127: =SUMIF($N$131:$N$135,$N127,D$131:D$135) -> 0.3 | E127: =SUMIF($N$131:$N$135,$N127,E$131:E$135) -> 0.15 | F127: =SUMIF($N$131:$N$135,$N127,F$131:F$135) -> 0.15 | G127: =SUMIF($N$131:$N$135,$N127,G$131:G$135) -> 0.3 | H127: =SUMIF($N$131:$N$135,$N127,H$131:H$135) -> 0.3 | I127: =SUMIF($N$131:$N$135,$N127,I$131:I$135) -> 0.3 | J127: =SUMIF($N$131:$N$135,$N127,J$131:J$135) -> 0.12 | K127: =SUMIF($N$131:$N$135,$N127,K$131:K$135) -> 0.1 | ... M127: =SUMIF($N$131:$N$135,$N127,M$131:M$135) -> 0.17 | N127: Master's
A128: Weights by Group
C129: Total Weights | D129: Total Undergraduate Degrees | H129: Undergraduate Critical Field Degrees | I129: Math and Science Teaching Certificates | J129: At-Risk Degrees | K129: Retention Metrics | N129: Accountability Group
E130: Adjusted by 6-Year Graduation Rate | F130: per 100 FTSE | G130: Cost Weighted | K130: 30 Hours | L130: 60 Hours | M130: 90 Hours
C131: 1 | D131: 0.2 | E131: 0.25 | F131: 0.25 | G131: 0.2 | H131: 0.2 | I131: 0.2 | J131: 0.08 | K131: 0.07 | L131: 0.09 | M131: 0.14 | N131: Research
C132: 1 | D132: 0.3 | E132: 0.2 | F132: 0.2 | G132: 0.3 | H132: 0.3 | I132: 0.3 | J132: 0.12 | K132: 0.07 | L132: 0.09 | M132: 0.14 | N132: Emerging
C133: 1 | D133: 0.3 | E133: 0.15 | F133: 0.15 | G133: 0.3 | H133: 0.3 | I133: 0.3 | J133: 0.12 | K133: 0.1 | L133: 0.13 | M133: 0.17 | N133: Doctoral
C134: 1 | D134: 0.3 | E134: 0.15 | F134: 0.15 | G134: 0.3 | H134: 0.3 | I134: 0.3 | J134: 0.12 | K134: 0.1 | L134: 0.13 | M134: 0.17 | N134: Comprehensive
C135: 1 | D135: 0.3 | E135: 0.15 | F135: 0.15 | G135: 0.3 | H135: 0.3 | I135: 0.3 | J135: 0.12 | K135: 0.1 | L135: 0.13 | M135: 0.17 | N135: Master's
A136: Points Three-Year Average - Scaled
A137: FICE | B137: Name | C137: Total Points | D137: Total Undergraduate Degrees | H137: Undergraduate Critical Field Degrees | I137: Math and Science Teaching Certificates | J137: At-Risk Degrees | K137: Retention Metrics
E138: Adjusted by 6-Year Graduation Rate | F138: per 100 FTSE | G138: Cost Weighted | K138: 30 Hours | L138: 60 Hours | M138: 90 Hours
A139: Scale | D139: 1 | E139: 1 | F139: 50 | G139: 1 | H139: 1 | I139: 1 | J139: 1 | K139: 1 | L139: 1 | M139: 1
A140: =A5 -> 3656 | B140: =B5 -> UTA | C140: =SUM(D140:M140) -> 36653.739 | D140: =D182*D$139 -> 5018 | E140: =D182*E182*E$139 -> 2600.9967 | F140: =IFERROR(D182/F182*100*F$139,0) -> 1480.1894 | G140: =G182*G$139 -> 10418.553 | H140: =H182*H$139 -> 1531.3333 | I140: =I182*I$139 -> 35 | J140: =J182*J$139 -> 3116 | K140: =K182*K$139 -> 6836.3333 | L140: =L182*L$139 -> 3833.6667 | M140: =M182*M$139 -> 1783.6667
A141: =A6 -> 3658 | B141: =B6 -> UT | C141: =SUM(D141:M141) -> 68143.078 | D141: =D183*D$139 -> 8946.3333 | E141: =D183*E183*E$139 -> 7416.5103 | F141: =IFERROR(D183/F183*100*F$139,0) -> 1324.8846 | G141: =G183*G$139 -> 19398.35 | H141: =H183*H$139 -> 1876.3333 | I141: =I183*I$139 -> 66 | J141: =J183*J$139 -> 3470.3333 | K141: =K183*K$139 -> 9598.3333 | L141: =L183*L$139 -> 9005.6667 | M141: =M183*M$139 -> 7040.3333
A142: =A7 -> 9741 | B142: =B7 -> UTD | C142: =SUM(D142:M142) -> 18761.97 | D142: =D184*D$139 -> 2393 | E142: =D184*E184*E$139 -> 1682.279 | F142: =IFERROR(D184/F184*100*F$139,0) -> 1341.488 | G142: =G184*G$139 -> 5101.2033 | H142: =H184*H$139 -> 421.66667 | I142: =I184*I$139 -> 32 | J142: =J184*J$139 -> 1319.6667 | K142: =K184*K$139 -> 3315 | L142: =L184*L$139 -> 2134.3333 | M142: =M184*M$139 -> 1021.3333
A143: =A8 -> 3661 | B143: =B8 -> UTEP | C143: =SUM(D143:M143) -> 24576.851 | D143: =D185*D$139 -> 3057 | E143: =D185*E185*E$139 -> 1192.23 | F143: =IFERROR(D185/F185*100*F$139,0) -> 1143.5447 | G143: =G185*G$139 -> 6298.0767 | H143: =H185*H$139 -> 655 | I143: =I185*I$139 -> 90 | J143: =J185*J$139 -> 2464.3333 | K143: =K185*K$139 -> 4362.6667 | L143: =L185*L$139 -> 3358 | M143: =M185*M$139 -> 1956
A144: =A9 -> 3599 | B144: =B9 -> UTPA | C144: =SUM(D144:M144) -> 21848.105 | D144: =D186*D$139 -> 2580 | E144: =D186*E186*E$139 -> 1111.98 | F144: =IFERROR(D186/F186*100*F$139,0) -> 1024.6245 | G144: =G186*G$139 -> 5134.1667 | H144: =H186*H$139 -> 520.33333 | I144: =I186*I$139 -> 28 | J144: =J186*J$139 -> 2338.3333 | K144: =K186*K$139 -> 4075.3333 | L144: =L186*L$139 -> 3096 | M144: =M186*M$139 -> 1939.3333
A145: =A10 -> 30646 | B145: =B10 -> UTB | C145: =SUM(D145:M145) -> 8603.6927 | D145: =D187*D$139 -> 1092 | E145: =D187*E187*E$139 -> 628.17092 | F145: =IFERROR(D187/F187*100*F$139,0) -> 1723.0618 | G145: =G187*G$139 -> 2097.7933 | H145: =H187*H$139 -> 124.33333 | I145: =I187*I$139 -> 18.333333 | J145: =J187*J$139 -> 936.66667 | K145: =K187*K$139 -> 1326.3333 | L145: =L187*L$139 -> 556.33333 | M145: =M187*M$139 -> 100.66667
A146: =A11 -> 9930 | B146: =B11 -> UTPB | C146: =SUM(D146:M146) -> 4849.9087 | D146: =D188*D$139 -> 533.33333 | E146: =D188*E188*E$139 -> 236.8 | F146: =IFERROR(D188/F188*100*F$139,0) -> 1156.2587 | G146: =G188*G$139 -> 1001.5167 | H146: =H188*H$139 -> 41.333333 | I146: =I188*I$139 -> 10 | J146: =J188*J$139 -> 399 | K146: =K188*K$139 -> 785.66667 | L146: =L188*L$139 -> 491.66667 | M146: =M188*M$139 -> 194.33333
A147: =A12 -> 10115 | B147: =B12 -> UTSA | C147: =SUM(D147:M147) -> 32732.391 | D147: =D189*D$139 -> 4119.6667 | E147: =D189*E189*E$139 -> 1737.1261 | F147: =IFERROR(D189/F189*100*F$139,0) -> 1012.0517 | G147: =G189*G$139 -> 8414.2133 | H147: =H189*H$139 -> 392 | I147: =I189*I$139 -> 49.666667 | J147: =J189*J$139 -> 3123.6667 | K147: =K189*K$139 -> 6809.6667 | L147: =L189*L$139 -> 4458.6667 | M147: =M189*M$139 -> 2615.6667
A148: =A13 -> 11163 | B148: =B13 -> UTT | C148: =SUM(D148:M148) -> 9675.757 | D148: =D190*D$139 -> 1190 | E148: =D190*E190*E$139 -> 613.64333 | F148: =IFERROR(D190/F190*100*F$139,0) -> 1462.787 | G148: =G190*G$139 -> 2362.66 | H148: =H190*H$139 -> 376.66667 | I148: =I190*I$139 -> 14 | J148: =J190*J$139 -> 942.33333 | K148: =K190*K$139 -> 1436.3333 | L148: =L190*L$139 -> 890 | M148: =M190*M$139 -> 387.33333
A149: =A14 -> 3632 | B149: =B14 -> TAMU | C149: =SUM(D149:M149) -> 68932.391 | D149: =D191*D$139 -> 8739.6667 | E149: =D191*E191*E$139 -> 7347.1464 | F149: =IFERROR(D191/F191*100*F$139,0) -> 1262.0943 | G149: =G191*G$139 -> 20104.817 | H149: =H191*H$139 -> 1763 | I149: =I191*I$139 -> 126 | J149: =J191*J$139 -> 3724 | K149: =K191*K$139 -> 10060.667 | L149: =L191*L$139 -> 8907.3333 | M149: =M191*M$139 -> 6897.6667
A150: =A15 -> 10298 | B150: =B15 -> TAMUG | C150: =SUM(D150:M150) -> 3323.7175 | D150: =D192*D$139 -> 275.33333 | E150: =D192*E192*E$139 -> 172.72578 | F150: =IFERROR(D192/F192*100*F$139,0) -> 819.96506 | G150: =G192*G$139 -> 704.02667 | H150: =H192*H$139 -> 37.333333 | I150: =I192*I$139 -> 0 | J150: =J192*J$139 -> 158 | K150: =K192*K$139 -> 592.33333 | L150: =L192*L$139 -> 318 | M150: =M192*M$139 -> 246
A151: =A16 -> 3630 | B151: =B16 -> Prairie View | C151: =SUM(D151:M151) -> 9030.755 | D151: =D193*D$139 -> 936.33333 | E151: =D193*E193*E$139 -> 348.00389 | F151: =IFERROR(D193/F193*100*F$139,0) -> 791.1844 | G151: =G193*G$139 -> 2072.9 | H151: =H193*H$139 -> 315.66667 | I151: =I193*I$139 -> 9.6666667 | J151: =J193*J$139 -> 802.66667 | K151: =K193*K$139 -> 1668 | L151: =L193*L$139 -> 1181 | M151: =M193*M$139 -> 905.33333
... A177: =A42 -> 20 | B177: =B42 -> SRRG | C177: =SUM(D177:M177) -> 2805.0231 | D177: =D219*D$139 -> 161.66667 | E177: =D219*E219*E$139 -> 51.365977 | F177: =IFERROR(D219/F219*100*F$139,0) -> 1829.8204 | G177: =G219*G$139 -> 279.17 | H177: =H219*H$139 -> 6.3333333 | I177: =I219*I$139 -> 5.6666667 | J177: =J219*J$139 -> 144 | K177: =K219*K$139 -> 230 | L177: =L219*L$139 -> 92.666667 | M177: =M219*M$139 -> 4.3333333
B178: Total | C178: =SUM(C140:C177) -> 673639.61 | D178: =SUM(D140:D177) -> 84315.833 | E178: =SUM(E140:E177) -> 49031.806 | F178: =SUM(F140:F177) -> 50873.502 | G178: =SUM(G140:G177) -> 172461.14 | H178: =SUM(H140:H177) -> 13953.333 | I178: =SUM(I140:I177) -> 1198.3333 | J178: =SUM(J140:J177) -> 54446.5 | ... M178: =SUM(M140:M177) -> 50802
A179: Three-Year Average
A180: FICE | B180: Name | D180: Total Undergraduate Degrees | E180: 6-Year Graduation Rate | F180: Undergraduate FTSE | G180: Cost Weighted Degrees | H180: Undergraduate Critical Field Degrees | I180: Math and Science Teaching Certificates | J180: At-Risk Degrees | K180: Hours Completed
K181: 30 Hours | L181: 60 Hours | M181: 90 Hours
A182: =A140 -> 3656 | B182: =B140 -> UTA | D182: =AVERAGE(D224,D266,D308) -> 5018 | E182: =AVERAGE(E224,E266,E308) -> 0.51833333 | F182: =AVERAGE(F224,F266,F308) -> 16950.533 | G182: =AVERAGE(G224,G266,G308) -> 10418.553 | H182: =AVERAGE(H224,H266,H308) -> 1531.3333 | I182: =AVERAGE(I224,I266,I308) -> 35 | J182: =AVERAGE(J224,J266,J308) -> 3116 | K182: =AVERAGE(K224,K266,K308) -> 6836.3333 | ... M182: =AVERAGE(M224,M266,M308) -> 1783.6667
A183: =A141 -> 3658 | B183: =B141 -> UT | D183: =AVERAGE(D225,D267,D309) -> 8946.3333 | E183: =AVERAGE(E225,E267,E309) -> 0.829 | F183: =AVERAGE(F225,F267,F309) -> 33762.689 | G183: =AVERAGE(G225,G267,G309) -> 19398.35 | H183: =AVERAGE(H225,H267,H309) -> 1876.3333 | I183: =AVERAGE(I225,I267,I309) -> 66 | J183: =AVERAGE(J225,J267,J309) -> 3470.3333 | K183: =AVERAGE(K225,K267,K309) -> 9598.3333 | ... M183: =AVERAGE(M225,M267,M309) -> 7040.3333
A184: =A142 -> 9741 | B184: =B142 -> UTD | D184: =AVERAGE(D226,D268,D310) -> 2393 | E184: =AVERAGE(E226,E268,E310) -> 0.703 | F184: =AVERAGE(F226,F268,F310) -> 8919.2 | G184: =AVERAGE(G226,G268,G310) -> 5101.2033 | H184: =AVERAGE(H226,H268,H310) -> 421.66667 | I184: =AVERAGE(I226,I268,I310) -> 32 | J184: =AVERAGE(J226,J268,J310) -> 1319.6667 | K184: =AVERAGE(K226,K268,K310) -> 3315 | ... M184: =AVERAGE(M226,M268,M310) -> 1021.3333
A185: =A143 -> 3661 | B185: =B143 -> UTEP | D185: =AVERAGE(D227,D269,D311) -> 3057 | E185: =AVERAGE(E227,E269,E311) -> 0.39 | F185: =AVERAGE(F227,F269,F311) -> 13366.333 | G185: =AVERAGE(G227,G269,G311) -> 6298.0767 | H185: =AVERAGE(H227,H269,H311) -> 655 | I185: =AVERAGE(I227,I269,I311) -> 90 | J185: =AVERAGE(J227,J269,J311) -> 2464.3333 | K185: =AVERAGE(K227,K269,K311) -> 4362.6667 | ... M185: =AVERAGE(M227,M269,M311) -> 1956
A186: =A144 -> 3599 | B186: =B144 -> UTPA | D186: =AVERAGE(D228,D270,D312) -> 2580 | E186: =AVERAGE(E228,E270,E312) -> 0.431 | F186: =AVERAGE(F228,F270,F312) -> 12589.978 | G186: =AVERAGE(G228,G270,G312) -> 5134.1667 | H186: =AVERAGE(H228,H270,H312) -> 520.33333 | I186: =AVERAGE(I228,I270,I312) -> 28 | J186: =AVERAGE(J228,J270,J312) -> 2338.3333 | K186: =AVERAGE(K228,K270,K312) -> 4075.3333 | ... M186: =AVERAGE(M228,M270,M312) -> 1939.3333
A187: =A145 -> 30646 | B187: =B145 -> UTB | D187: =AVERAGE(D229,D271,D313) -> 1092 | E187: =AVERAGE(E229,E271,E313) -> 0.5752481 | F187: =AVERAGE(F229,F271,F313) -> 3168.7778 | G187: =AVERAGE(G229,G271,G313) -> 2097.7933 | H187: =AVERAGE(H229,H271,H313) -> 124.33333 | I187: =AVERAGE(I229,I271,I313) -> 18.333333 | J187: =AVERAGE(J229,J271,J313) -> 936.66667 | K187: =AVERAGE(K229,K271,K313) -> 1326.3333 | ... M187: =AVERAGE(M229,M271,M313) -> 100.66667
A188: =A146 -> 9930 | B188: =B146 -> UTPB | D188: =AVERAGE(D230,D272,D314) -> 533.33333 | E188: =AVERAGE(E230,E272,E314) -> 0.444 | F188: =AVERAGE(F230,F272,F314) -> 2306.2889 | G188: =AVERAGE(G230,G272,G314) -> 1001.5167 | H188: =AVERAGE(H230,H272,H314) -> 41.333333 | I188: =AVERAGE(I230,I272,I314) -> 10 | J188: =AVERAGE(J230,J272,J314) -> 399 | K188: =AVERAGE(K230,K272,K314) -> 785.66667 | ... M188: =AVERAGE(M230,M272,M314) -> 194.33333
A189: =A147 -> 10115 | B189: =B147 -> UTSA | D189: =AVERAGE(D231,D273,D315) -> 4119.6667 | E189: =AVERAGE(E231,E273,E315) -> 0.42166667 | F189: =AVERAGE(F231,F273,F315) -> 20353.044 | G189: =AVERAGE(G231,G273,G315) -> 8414.2133 | H189: =AVERAGE(H231,H273,H315) -> 392 | I189: =AVERAGE(I231,I273,I315) -> 49.666667 | J189: =AVERAGE(J231,J273,J315) -> 3123.6667 | K189: =AVERAGE(K231,K273,K315) -> 6809.6667 | ... M189: =AVERAGE(M231,M273,M315) -> 2615.6667
A190: =A148 -> 11163 | B190: =B148 -> UTT | D190: =AVERAGE(D232,D274,D316) -> 1190 | E190: =AVERAGE(E232,E274,E316) -> 0.51566667 | F190: =AVERAGE(F232,F274,F316) -> 4067.5778 | G190: =AVERAGE(G232,G274,G316) -> 2362.66 | H190: =AVERAGE(H232,H274,H316) -> 376.66667 | I190: =AVERAGE(I232,I274,I316) -> 14 | J190: =AVERAGE(J232,J274,J316) -> 942.33333 | K190: =AVERAGE(K232,K274,K316) -> 1436.3333 | ... M190: =AVERAGE(M232,M274,M316) -> 387.33333
...

Sheet Option 7
A1: Option 7 - Outcomes Based Funding (FY 2010 - FY 2012 Averaged) with Total Degrees adjusted by Six-Year Graduation Rate (3-Year Rate for Upper-Levels), Total Degrees per 100 FTSE, Critical Field Degrees, At-Risk Degrees, Retention Metrics of 30, 60, and 90 hours, and Total Degrees adjusted by Cost Based Weights. Metrics evenly scaled for mathematical comparability and weighted by accountability group - Optimized. Funded at 10 percent of undergraduate formula funding.
A3: FICE | B3: Name | C3: Funding | D3: Total Undergraduate Degrees | H3: Undergraduate Critical Field Degrees | I3: Math and Science Teaching Certificates | J3: At-Risk Degrees | K3: Retention Metrics | O3: Phase-In Adjustment
E4: Adjusted by 6-Year Graduation Rate | F4: per 100 FTSE | G4: Cost Weighted | K4: 30 Hours | L4: 60 Hours | M4: 90 Hours | O4: 2014-2015 Undergraduate Instruction and Operations Percent of Total | P4: Phase-In Set-Asides | Q4: Funding After Set-Asides
A5: 3656 | B5: UTA | C5: =SUM(D5:M5) -> 10220592 | D5: =D48/$C$86*$C$43 -> 554192.87 | E5: =E48/$C$86*$C$43 -> 98794.17 | F5: =F48/$C$86*$C$43 -> 54186.995 | G5: =G48/$C$86*$C$43 -> 112508.56 | H5: =H48/$C$86*$C$43 -> 188225.62 | I5: =I48/$C$86*$C$43 -> 4302.0658 | J5: =J48/$C$86*$C$43 -> 3197555.9 | K5: =K48/$C$86*$C$43 -> 3344256.8 | ... M5: =M48/$C$86*$C$43 -> 65388.639 | O5: 0.053941374 | P5: =MIN(0,C48/$C$86-O5+$P$44)*-1*$Q$43 -> 897484.95 | Q5: =C5+P5 -> 11118077
A6: 3658 | B6: UT | C6: =SUM(D6:M6) -> 25128709 | D6: =D49/$C$86*$C$43 -> 197608.38 | E6: =E49/$C$86*$C$43 -> 8451083.3 | F6: =F49/$C$86*$C$43 -> 48501.573 | G6: =G49/$C$86*$C$43 -> 1047400.9 | H6: =H49/$C$86*$C$43 -> 6918950.9 | I6: =I49/$C$86*$C$43 -> 243374.01 | J6: =J49/$C$86*$C$43 -> 118705.44 | K6: =K49/$C$86*$C$43 -> 156513.2 | ... M6: =M49/$C$86*$C$43 -> 7742889.8 | O6: 0.097535368 | P6: =MIN(0,C49/$C$86-O6+$P$44)*-1*$Q$43 -> 0 | Q6: =C6+P6 -> 25128709
A7: 9741 | B7: UTD | C7: =SUM(D7:M7) -> 4949617.9 | D7: =D50/$C$86*$C$43 -> 264285.28 | E7: =E50/$C$86*$C$43 -> 63898.335 | F7: =F50/$C$86*$C$43 -> 49109.394 | G7: =G50/$C$86*$C$43 -> 55087.212 | H7: =H50/$C$86*$C$43 -> 51829.65 | I7: =I50/$C$86*$C$43 -> 3933.3173 | J7: =J50/$C$86*$C$43 -> 1354206.7 | K7: =K50/$C$86*$C$43 -> 1621660.5 | ... M7: =M50/$C$86*$C$43 -> 37441.747 | O7: 0.030845131 | P7: =MIN(0,C50/$C$86-O7+$P$44)*-1*$Q$43 -> 938438.17 | Q7: =C7+P7 -> 5888056.1
A8: 3661 | B8: UTEP | C8: =SUM(D8:M8) -> 7597492.5 | D8: =D51/$C$86*$C$43 -> 337618.1 | E8: =E51/$C$86*$C$43 -> 45284.707 | F8: =F51/$C$86*$C$43 -> 41863.056 | G8: =G51/$C$86*$C$43 -> 68012.087 | H8: =H51/$C$86*$C$43 -> 80510.088 | I8: =I51/$C$86*$C$43 -> 11062.455 | J8: =J51/$C$86*$C$43 -> 2528833 | K8: =K51/$C$86*$C$43 -> 2134167.1 | ... M8: =M51/$C$86*$C$43 -> 71706.323 | O8: 0.0380679 | P8: =MIN(0,C51/$C$86-O8+$P$44)*-1*$Q$43 -> 0 | Q8: =C8+P8 -> 7597492.5
A9: 3599 | B9: UTPA | C9: =SUM(D9:M9) -> 6151210.3 | D9: =D52/$C$86*$C$43 -> 56987.549 | E9: =E52/$C$86*$C$43 -> 42236.556 | F9: =F52/$C$86*$C$43 -> 1125288.2 | G9: =G52/$C$86*$C$43 -> 55443.179 | H9: =H52/$C$86*$C$43 -> 319786.89 | I9: =I52/$C$86*$C$43 -> 17208.263 | J9: =J52/$C$86*$C$43 -> 2399535.2 | K9: =K52/$C$86*$C$43 -> 1993606.9 | ... M9: =M52/$C$86*$C$43 -> 71095.328 | O9: 0.036041181 | P9: =MIN(0,C52/$C$86-O9+$P$44)*-1*$Q$43 -> 912872.67 | Q9: =C9+P9 -> 7064082.9
A10: 30646 | B10: UTB | C10: =SUM(D10:M10) -> 3765595.4 | D10: =D53/$C$86*$C$43 -> 723609.34 | E10: =E53/$C$86*$C$43 -> 23859.94 | F10: =F53/$C$86*$C$43 -> 1892343.1 | G10: =G53/$C$86*$C$43 -> 22653.789 | H10: =H53/$C$86*$C$43 -> 15282.577 | I10: =I53/$C$86*$C$43 -> 2253.463 | J10: =J53/$C$86*$C$43 -> 961182.3 | K10: =K53/$C$86*$C$43 -> 108137.87 | ... M10: =M53/$C$86*$C$43 -> 3690.4072 | O10: 0.013127311 | P10: =MIN(0,C53/$C$86-O10+$P$44)*-1*$Q$43 -> 0 | Q10: =C10+P10 -> 3765595.4
A11: 9930 | B11: UTPB | C11: =SUM(D11:M11) -> 2141129.2 | D11: =D54/$C$86*$C$43 -> 353411.16 | E11: =E54/$C$86*$C$43 -> 8994.4211 | F11: =F54/$C$86*$C$43 -> 1269854.8 | G11: =G54/$C$86*$C$43 -> 10815.244 | H11: =H54/$C$86*$C$43 -> 5080.5348 | I11: =I54/$C$86*$C$43 -> 1229.1617 | J11: =J54/$C$86*$C$43 -> 409443.13 | K11: =K54/$C$86*$C$43 -> 64056.539 | ... M11: =M54/$C$86*$C$43 -> 7124.1967 | O11: 0.006658598 | P11: =MIN(0,C54/$C$86-O11+$P$44)*-1*$Q$43 -> 0 | Q11: =C11+P11 -> 2141129.2
A12: 10115 | B12: UTSA | C12: =SUM(D12:M12) -> 10360936 | D12: =D55/$C$86*$C$43 -> 454980.05 | E12: =E55/$C$86*$C$43 -> 65981.604 | F12: =F55/$C$86*$C$43 -> 37049.34 | G12: =G55/$C$86*$C$43 -> 90863.963 | H12: =H55/$C$86*$C$43 -> 48183.137 | I12: =I55/$C$86*$C$43 -> 6104.8362 | J12: =J55/$C$86*$C$43 -> 3205423.2 | K12: =K55/$C$86*$C$43 -> 3331211.8 | ... M12: =M55/$C$86*$C$43 -> 95889.488 | O12: 0.051993931 | P12: =MIN(0,C55/$C$86-O12+$P$44)*-1*$Q$43 -> 294230.37 | Q12: =C12+P12 -> 10655166
A13: 11163 | B13: UTT | C13: =SUM(D13:M13) -> 3610320.1 | D13: =D56/$C$86*$C$43 -> 788548.64 | E13: =E56/$C$86*$C$43 -> 23308.136 | F13: =F56/$C$86*$C$43 -> 1606497.8 | G13: =G56/$C$86*$C$43 -> 25514.049 | H13: =H56/$C$86*$C$43 -> 46298.422 | I13: =I56/$C$86*$C$43 -> 1720.8263 | J13: =J56/$C$86*$C$43 -> 966997.28 | K13: =K56/$C$86*$C$43 -> 117106.33 | ... M13: =M56/$C$86*$C$43 -> 14199.514 | O13: 0.012069402 | P13: =MIN(0,C56/$C$86-O13+$P$44)*-1*$Q$43 -> 0 | Q13: =C13+P13 -> 3610320.1
A14: 3632 | B14: TAMU | C14: =SUM(D14:M14) -> 24741373 | D14: =D57/$C$86*$C$43 -> 193043.48 | E14: =E57/$C$86*$C$43 -> 8372043.4 | F14: =F57/$C$86*$C$43 -> 46202.938 | G14: =G57/$C$86*$C$43 -> 1085546.1 | H14: =H57/$C$86*$C$43 -> 6501036 | I14: =I57/$C$86*$C$43 -> 464623.1 | J14: =J57/$C$86*$C$43 -> 127382.31 | K14: =K57/$C$86*$C$43 -> 164052.14 | ... M14: =M57/$C$86*$C$43 -> 7585986.4 | O14: 0.10514316 | P14: =MIN(0,C57/$C$86-O14+$P$44)*-1*$Q$43 -> 0 | Q14: =C14+P14 -> 24741373
A15: 10298 | B15: TAMUG | C15: =SUM(D15:M15) -> 1992543.7 | D15: =D58/$C$86*$C$43 -> 273672.76 | E15: =E58/$C$86*$C$43 -> 9841.016 | F15: =F58/$C$86*$C$43 -> 1350783.1 | G15: =G58/$C$86*$C$43 -> 11404.035 | H15: =H58/$C$86*$C$43 -> 6883.3053 | I15: =I58/$C$86*$C$43 -> 0 | J15: =J58/$C$86*$C$43 -> 243203.06 | K15: =K58/$C$86*$C$43 -> 72440.689 | ... M15: =M58/$C$86*$C$43 -> 13527.42 | O15: 0.0070859753 | P15: =MIN(0,C58/$C$86-O15+$P$44)*-1*$Q$43 -> 0 | Q15: =C15+P15 -> 1992543.7
A16: 3630 | B16: Prairie View | C16: =SUM(D16:M16) -> 3168391.6 | D16: =D59/$C$86*$C$43 -> 20681.915 | E16: =E59/$C$86*$C$43 -> 13218.3 | F16: =F59/$C$86*$C$43 -> 868913.9 | G16: =G59/$C$86*$C$43 -> 22384.97 | H16: =H59/$C$86*$C$43 -> 1164016.1 | I16: =I59/$C$86*$C$43 -> 35645.688 | J16: =J59/$C$86*$C$43 -> 823675.08 | K16: =K59/$C$86*$C$43 -> 27198.89 | ... M16: =M59/$C$86*$C$43 -> 165946.12 | O16: 0.015279411 | P16: =MIN(0,C59/$C$86-O16+$P$44)*-1*$Q$43 -> 0 | Q16: =C16+P16 -> 3168391.6
... A42: 20 | B42: SRRG | C42: =SUM(D42:M42) -> 2291934.6 | D42: =D85/$C$86*$C$43 -> 107127.76 | E42: =E85/$C$86*$C$43 -> 1951.044 | F42: =F85/$C$86*$C$43 -> 2009590.2 | G42: =G85/$C$86*$C$43 -> 3014.7195 | H42: =H85/$C$86*$C$43 -> 778.46905 | I42: =I85/$C$86*$C$43 -> 696.52494 | J42: =J85/$C$86*$C$43 -> 147768.95 | K42: =K85/$C$86*$C$43 -> 18752.232 | ... M42: =M85/$C$86*$C$43 -> 158.85859 | O42: 0.0014792799 | P42: =MIN(0,C85/$C$86-O42+$P$44)*-1*$Q$43 -> 0 | Q42: =C42+P42 -> 2291934.6
B43: Total | C43: =Q43-P43 -> 2.2650871e+08 | D43: =SUM(D5:D42) -> 12420885 | E43: =SUM(E5:E42) -> 18128021 | F43: =SUM(F5:F42) -> 43419462 | G43: =SUM(G5:G42) -> 3572543.7 | H43: =SUM(H5:H42) -> 20673270 | I43: =SUM(I5:I42) -> 1669898 | J43: =SUM(J5:J42) -> 48816066 | K43: =SUM(K5:K42) -> 34883411 | ... M43: =SUM(M5:M42) -> 17463654 | O43: =SUM(O5:O42) -> 1 | P43: =SUM(P5:P42) -> 8491285.5 | Q43: 235000000
O44: Threshold | P44: 0.005
A45: Points Three-Year Average - Scaled and Weighted
A46: FICE | B46: Name | C46: Total Points | D46: Total Undergraduate Degrees | H46: Undergraduate Critical Field Degrees | I46: Math and Science Teaching Certificates | J46: At-Risk Degrees | K46: Retention Metrics | N46: Accountability Group
E47: Adjusted by 6-Year Graduation Rate | F47: per 100 FTSE | G47: Cost Weighted | K47: 30 Hours | L47: 60 Hours | M47: 90 Hours
A48: =A5 -> 3656 | B48: =B5 -> UTA | C48: =SUM(D48:M48) -> 9464.5045 | D48: =D90*D156 -> 513.19543 | E48: =E90*E156 -> 91.485688 | F48: =F90*F156 -> 50.178412 | G48: =G90*G156 -> 104.18553 | H48: =H90*H156 -> 174.30128 | I48: =I90*I156 -> 3.9838125 | J48: =J90*J156 -> 2961.0108 | K48: =K90*K156 -> 3096.8592 | ... M48: =M90*M156 -> 60.551393 | N48: Emerging
A49: =A6 -> 3658 | B49: =B6 -> UT | C49: =SUM(D49:M49) -> 23269.766 | D49: =D91*D157 -> 182.98993 | E49: =E91*E157 -> 7825.8987 | F49: =F91*F157 -> 44.91358 | G49: =G91*G157 -> 969.9175 | H49: =H91*H157 -> 6407.1087 | I49: =I91*I157 -> 225.36996 | J49: =J91*J157 -> 109.92399 | K49: =K91*K157 -> 144.93484 | ... M49: =M91*M157 -> 7170.0951 | N49: Research
A50: =A7 -> 9741 | B50: =B7 -> UTD | C50: =SUM(D50:M50) -> 4583.4608 | D50: =D92*D158 -> 244.73429 | E50: =E92*E158 -> 59.171338 | F50: =F92*F158 -> 45.476436 | G50: =G92*G158 -> 51.012033 | H50: =H92*H158 -> 47.995455 | I50: =I92*I158 -> 3.6423429 | J50: =J92*J158 -> 1254.0267 | K50: =K92*K158 -> 1501.6951 | ... M50: =M92*M158 -> 34.671925 | N50: Emerging
A51: =A8 -> 3661 | B51: =B8 -> UTEP | C51: =SUM(D51:M51) -> 7035.4539 | D51: =D93*D159 -> 312.64217 | E51: =E93*E159 -> 41.934687 | F51: =F93*F159 -> 38.766159 | G51: =G93*G159 -> 62.980767 | H51: =H93*H159 -> 74.554205 | I51: =I93*I159 -> 10.244089 | J51: =J93*J159 -> 2341.7579 | K51: =K93*K159 -> 1976.2882 | ... M51: =M93*M159 -> 66.401714 | N51: Emerging
A52: =A9 -> 3599 | B52: =B9 -> UTPA | C52: =SUM(D52:M52) -> 5696.1631 | D52: =D94*D160 -> 52.77179 | E52: =E94*E160 -> 39.112028 | F52: =F94*F160 -> 1042.0429 | G52: =G94*G160 -> 51.341667 | H52: =H94*H160 -> 296.13006 | I52: =I94*I160 -> 15.93525 | J52: =J94*J160 -> 2222.0251 | K52: =K94*K160 -> 1846.1261 | ... M52: =M94*M160 -> 65.835919 | N52: Doctoral
A53: =A10 -> 30646 | B53: =B10 -> UTB | C53: =SUM(D53:M53) -> 3487.0285 | D53: =D95*D161 -> 670.079 | E53: =E95*E161 -> 22.094857 | F53: =F95*F161 -> 1752.3535 | G53: =G95*G161 -> 20.977933 | H53: =H95*H161 -> 14.15202 | I53: =I95*I161 -> 2.0867589 | J53: =J95*J161 -> 890.07705 | K53: =K95*K161 -> 100.13817 | ... M53: =M95*M161 -> 3.4174025 | N53: Master's
A54: =A11 -> 9930 | B54: =B11 -> UTPB | C54: =SUM(D54:M54) -> 1982.7352 | D54: =D96*D162 -> 327.26691 | E54: =E96*E162 -> 8.3290422 | F54: =F96*F162 -> 1175.9149 | G54: =G96*G162 -> 10.015167 | H54: =H96*H162 -> 4.7046929 | I54: =I96*I162 -> 1.1382321 | J54: =J96*J162 -> 379.15382 | K54: =K96*K162 -> 59.317838 | ... M54: =M96*M162 -> 6.597171 | N54: Master's
A55: =A12 -> 10115 | B55: =B12 -> UTSA | C55: =SUM(D55:M55) -> 9594.4666 | D55: =D97*D163 -> 421.32206 | E55: =E97*E163 -> 61.100493 | F55: =F97*F163 -> 34.308546 | G55: =G97*G163 -> 84.142133 | H55: =H97*H163 -> 44.6187 | I55: =I97*I163 -> 5.6532196 | J55: =J97*J163 -> 2968.2961 | K55: =K97*K163 -> 3084.7792 | ... M55: =M97*M163 -> 88.795885 | N55: Emerging
A56: =A13 -> 11163 | B56: =B13 -> UTT | C56: =SUM(D56:M56) -> 3343.24 | D56: =D98*D164 -> 730.2143 | E56: =E98*E164 -> 21.583873 | F56: =F98*F164 -> 1487.6541 | G56: =G98*G164 -> 23.6266 | H56: =H98*H164 -> 42.873411 | I56: =I98*I164 -> 1.593525 | J56: =J98*J164 -> 895.46186 | K56: =K98*K164 -> 108.44318 | ... M56: =M98*M164 -> 13.149078 | N56: Master's
A57: =A14 -> 3632 | B57: =B14 -> TAMU | C57: =SUM(D57:M57) -> 22911.084 | D57: =D99*D165 -> 178.76273 | E57: =E99*E165 -> 7752.706 | F57: =F99*F165 -> 42.78499 | G57: =G99*G165 -> 1005.2408 | H57: =H99*H165 -> 6020.1098 | I57: =I99*I165 -> 430.25175 | J57: =J99*J165 -> 117.95897 | K57: =K99*K165 -> 151.91608 | ... M57: =M99*M165 -> 7024.799 | N57: Research
A58: =A15 -> 10298 | B58: =B15 -> TAMUG | C58: =SUM(D58:M58) -> 1845.1416 | D58: =D100*D166 -> 253.42731 | E58: =E100*E166 -> 9.1130086 | F58: =F100*F166 -> 1250.8565 | G58: =G100*G166 -> 10.5604 | H58: =H100*H166 -> 6.3741 | I58: =I100*I166 -> 0 | J58: =J100*J166 -> 225.21167 | K58: =K100*K166 -> 67.081755 | ... M58: =M100*M166 -> 12.526704 | N58: Master's
A59: =A16 -> 3630 | B59: =B16 -> Prairie View | C59: =SUM(D59:M59) -> 2934.004 | D59: =D101*D167 -> 19.151932 | E59: =E101*E167 -> 12.240452 | F59: =F101*F167 -> 804.63439 | G59: =G101*G167 -> 20.729 | H59: =H101*H167 -> 1077.9058 | I59: =I101*I167 -> 33.008732 | J59: =J101*J167 -> 762.74219 | K59: =K101*K167 -> 25.186802 | ... M59: =M101*M167 -> 153.66995 | N59: Comprehensive
... A85: =A42 -> 20 | B85: =B42 -> SRRG | C85: =SUM(D85:M85) -> 2122.3845 | D85: =D127*D193 -> 99.202783 | E85: =E127*E193 -> 1.8067119 | F85: =F127*F193 -> 1860.927 | G85: =G127*G193 -> 2.7917 | H85: =H127*H193 -> 0.72088036 | I85: =I127*I193 -> 0.64499821 | J85: =J127*J193 -> 136.83747 | K85: =K127*K193 -> 17.365001 | ... M85: =M127*M193 -> 0.14710673 | N85: Master's
B86: Total | C86: =SUM(C48:C85) -> 209752.31 | D86: =SUM(D48:D85) -> 11502.027 | E86: =SUM(E48:E85) -> 16786.967 | F86: =SUM(F48:F85) -> 40207.427 | G86: =SUM(G48:G85) -> 3308.2582 | H86: =SUM(H48:H85) -> 19143.926 | I86: =SUM(I48:I85) -> 1546.3642 | J86: =SUM(J48:J85) -> 45204.807 | ... M86: =SUM(M48:M85) -> 16171.748
A87: Weights
A88: FICE | B88: Name | C88: Total Weights | D88: Total Undergraduate Degrees | H88: Undergraduate Critical Field Degrees | I88: Math and Science Teaching Certificates | J88: At-Risk Degrees | K88: Retention Metrics | N88: Accountability Group
E89: Adjusted by 6-Year Graduation Rate | F89: per 100 FTSE | G89: Cost Weighted | K89: 30 Hours | L89: 60 Hours | M89: 90 Hours
A90: =A5 -> 3656 | B90: =B5 -> UTA | C90: =D90+E90+F90+K90+L90+M90 -> 0.68 | D90: =SUMIF($N$131:$N$135,$N90,D$131:D$135) -> 0.05 | E90: =SUMIF($N$131:$N$135,$N90,E$131:E$135) -> 0.01 | F90: =SUMIF($N$131:$N$135,$N90,F$131:F$135) -> 0.01 | G90: =SUMIF($N$131:$N$135,$N90,G$131:G$135) -> 0.01 | H90: =SUMIF($N$131:$N$135,$N90,H$131:H$135) -> 0.01 | I90: =SUMIF($N$131:$N$135,$N90,I$131:I$135) -> 0.01 | J90: =SUMIF($N$131:$N$135,$N90,J$131:J$135) -> 0.3 | K90: =SUMIF($N$131:$N$135,$N90,K$131:K$135) -> 0.3 | ... M90: =SUMIF($N$131:$N$135,$N90,M$131:M$135) -> 0.01 | N90: Emerging
A91: =A6 -> 3658 | B91: =B6 -> UT | C91: =D91+E91+F91+K91+L91+M91 -> 0.64 | D91: =SUMIF($N$131:$N$135,$N91,D$131:D$135) -> 0.01 | E91: =SUMIF($N$131:$N$135,$N91,E$131:E$135) -> 0.3 | F91: =SUMIF($N$131:$N$135,$N91,F$131:F$135) -> 0.01 | G91: =SUMIF($N$131:$N$135,$N91,G$131:G$135) -> 0.05 | H91: =SUMIF($N$131:$N$135,$N91,H$131:H$135) -> 0.3 | I91: =SUMIF($N$131:$N$135,$N91,I$131:I$135) -> 0.3 | J91: =SUMIF($N$131:$N$135,$N91,J$131:J$135) -> 0.01 | K91: =SUMIF($N$131:$N$135,$N91,K$131:K$135) -> 0.01 | ... M91: =SUMIF($N$131:$N$135,$N91,M$131:M$135) -> 0.3 | N91: Research
A92: =A7 -> 9741 | B92: =B7 -> UTD | C92: =D92+E92+F92+K92+L92+M92 -> 0.68 | D92: =SUMIF($N$131:$N$135,$N92,D$131:D$135) -> 0.05 | E92: =SUMIF($N$131:$N$135,$N92,E$131:E$135) -> 0.01 | F92: =SUMIF($N$131:$N$135,$N92,F$131:F$135) -> 0.01 | G92: =SUMIF($N$131:$N$135,$N92,G$131:G$135) -> 0.01 | H92: =SUMIF($N$131:$N$135,$N92,H$131:H$135) -> 0.01 | I92: =SUMIF($N$131:$N$135,$N92,I$131:I$135) -> 0.01 | J92: =SUMIF($N$131:$N$135,$N92,J$131:J$135) -> 0.3 | K92: =SUMIF($N$131:$N$135,$N92,K$131:K$135) -> 0.3 | ... M92: =SUMIF($N$131:$N$135,$N92,M$131:M$135) -> 0.01 | N92: Emerging
A93: =A8 -> 3661 | B93: =B8 -> UTEP | C93: =D93+E93+F93+K93+L93+M93 -> 0.68 | D93: =SUMIF($N$131:$N$135,$N93,D$131:D$135) -> 0.05 | E93: =SUMIF($N$131:$N$135,$N93,E$131:E$135) -> 0.01 | F93: =SUMIF($N$131:$N$135,$N93,F$131:F$135) -> 0.01 | G93: =SUMIF($N$131:$N$135,$N93,G$131:G$135) -> 0.01 | H93: =SUMIF($N$131:$N$135,$N93,H$131:H$135) -> 0.01 | I93: =SUMIF($N$131:$N$135,$N93,I$131:I$135) -> 0.01 | J93: =SUMIF($N$131:$N$135,$N93,J$131:J$135) -> 0.3 | K93: =SUMIF($N$131:$N$135,$N93,K$131:K$135) -> 0.3 | ... M93: =SUMIF($N$131:$N$135,$N93,M$131:M$135) -> 0.01 | N93: Emerging
A94: =A9 -> 3599 | B94: =B9 -> UTPA | C94: =D94+E94+F94+K94+L94+M94 -> 0.64 | D94: =SUMIF($N$131:$N$135,$N94,D$131:D$135) -> 0.01 | E94: =SUMIF($N$131:$N$135,$N94,E$131:E$135) -> 0.01 | F94: =SUMIF($N$131:$N$135,$N94,F$131:F$135) -> 0.3 | G94: =SUMIF($N$131:$N$135,$N94,G$131:G$135) -> 0.01 | H94: =SUMIF($N$131:$N$135,$N94,H$131:H$135) -> 0.05 | I94: =SUMIF($N$131:$N$135,$N94,I$131:I$135) -> 0.05 | J94: =SUMIF($N$131:$N$135,$N94,J$131:J$135) -> 0.3 | K94: =SUMIF($N$131:$N$135,$N94,K$131:K$135) -> 0.3 | ... M94: =SUMIF($N$131:$N$135,$N94,M$131:M$135) -> 0.01 | N94: Doctoral
A95: =A10 -> 30646 | B95: =B10 -> UTB | C95: =D95+E95+F95+K95+L95+M95 -> 0.68 | D95: =SUMIF($N$131:$N$135,$N95,D$131:D$135) -> 0.3 | E95: =SUMIF($N$131:$N$135,$N95,E$131:E$135) -> 0.01 | F95: =SUMIF($N$131:$N$135,$N95,F$131:F$135) -> 0.3 | G95: =SUMIF($N$131:$N$135,$N95,G$131:G$135) -> 0.01 | H95: =SUMIF($N$131:$N$135,$N95,H$131:H$135) -> 0.01 | I95: =SUMIF($N$131:$N$135,$N95,I$131:I$135) -> 0.01 | J95: =SUMIF($N$131:$N$135,$N95,J$131:J$135) -> 0.3 | K95: =SUMIF($N$131:$N$135,$N95,K$131:K$135) -> 0.05 | ... M95: =SUMIF($N$131:$N$135,$N95,M$131:M$135) -> 0.01 | N95: Master's
A96: =A11 -> 9930 | B96: =B11 -> UTPB | C96: =D96+E96+F96+K96+L96+M96 -> 0.68 | D96: =SUMIF($N$131:$N$135,$N96,D$131:D$135) -> 0.3 | E96: =SUMIF($N$131:$N$135,$N96,E$131:E$135) -> 0.01 | F96: =SUMIF($N$131:$N$135,$N96,F$131:F$135) -> 0.3 | G96: =SUMIF($N$131:$N$135,$N96,G$131:G$135) -> 0.01 | H96: =SUMIF($N$131:$N$135,$N96,H$131:H$135) -> 0.01 | I96: =SUMIF($N$131:$N$135,$N96,I$131:I$135) -> 0.01 | J96: =SUMIF($N$131:$N$135,$N96,J$131:J$135) -> 0.3 | K96: =SUMIF($N$131:$N$135,$N96,K$131:K$135) -> 0.05 | ... M96: =SUMIF($N$131:$N$135,$N96,M$131:M$135) -> 0.01 | N96: Master's
A97: =A12 -> 10115 | B97: =B12 -> UTSA | C97: =D97+E97+F97+K97+L97+M97 -> 0.68 | D97: =SUMIF($N$131:$N$135,$N97,D$131:D$135) -> 0.05 | E97: =SUMIF($N$131:$N$135,$N97,E$131:E$135) -> 0.01 | F97: =SUMIF($N$131:$N$135,$N97,F$131:F$135) -> 0.01 | G97: =SUMIF($N$131:$N$135,$N97,G$131:G$135) -> 0.01 | H97: =SUMIF($N$131:$N$135,$N97,H$131:H$135) -> 0.01 | I97: =SUMIF($N$131:$N$135,$N97,I$131:I$135) -> 0.01 | J97: =SUMIF($N$131:$N$135,$N97,J$131:J$135) -> 0.3 | K97: =SUMIF($N$131:$N$135,$N97,K$131:K$135) -> 0.3 | ... M97: =SUMIF($N$131:$N$135,$N97,M$131:M$135) -> 0.01 | N97: Emerging
A98: =A13 -> 11163 | B98: =B13 -> UTT | C98: =D98+E98+F98+K98+L98+M98 -> 0.68 | D98: =SUMIF($N$131:$N$135,$N98,D$131:D$135) -> 0.3 | E98: =SUMIF($N$131:$N$135,$N98,E$131:E$135) -> 0.01 | F98: =SUMIF($N$131:$N$135,$N98,F$131:F$135) -> 0.3 | G98: =SUMIF($N$131:$N$135,$N98,G$131:G$135) -> 0.01 | H98: =SUMIF($N$131:$N$135,$N98,H$131:H$135) -> 0.01 | I98: =SUMIF($N$131:$N$135,$N98,I$131:I$135) -> 0.01 | J98: =SUMIF($N$131:$N$135,$N98,J$131:J$135) -> 0.3 | K98: =SUMIF($N$131:$N$135,$N98,K$131:K$135) -> 0.05 | ... M98: =SUMIF($N$131:$N$135,$N98,M$131:M$135) -> 0.01 | N98: Master's
A99: =A14 -> 3632 | B99: =B14 -> TAMU | C99: =D99+E99+F99+K99+L99+M99 -> 0.64 | D99: =SUMIF($N$131:$N$135,$N99,D$131:D$135) -> 0.01 | E99: =SUMIF($N$131:$N$135,$N99,E$131:E$135) -> 0.3 | F99: =SUMIF($N$131:$N$135,$N99,F$131:F$135) -> 0.01 | G99: =SUMIF($N$131:$N$135,$N99,G$131:G$135) -> 0.05 | H99: =SUMIF($N$131:$N$135,$N99,H$131:H$135) -> 0.3 | I99: =SUMIF($N$131:$N$135,$N99,I$131:I$135) -> 0.3 | J99: =SUMIF($N$131:$N$135,$N99,J$131:J$135) -> 0.01 | K99: =SUMIF($N$131:$N$135,$N99,K$131:K$135) -> 0.01 | ... M99: =SUMIF($N$131:$N$135,$N99,M$131:M$135) -> 0.3 | N99: Research
A100: =A15 -> 10298 | B100: =B15 -> TAMUG | C100: =D100+E100+F100+K100+L100+M100 -> 1.02 | D100: =SUMIF($N$131:$N$135,$N100,D$131:D$135)*1.5 -> 0.45 | E100: =SUMIF($N$131:$N$135,$N100,E$131:E$135)*1.5 -> 0.015 | F100: =SUMIF($N$131:$N$135,$N100,F$131:F$135)*1.5 -> 0.45 | G100: =SUMIF($N$131:$N$135,$N100,G$131:G$135)*1.5 -> 0.015 | H100: =SUMIF($N$131:$N$135,$N100,H$131:H$135)*1.5 -> 0.015 | I100: =SUMIF($N$131:$N$135,$N100,I$131:I$135)*1.5 -> 0.015 | J100: =SUMIF($N$131:$N$135,$N100,J$131:J$135)*1.5 -> 0.45 | K100: =SUMIF($N$131:$N$135,$N100,K$131:K$135)*1.5 -> 0.075 | ... M100: =SUMIF($N$131:$N$135,$N100,M$131:M$135)*1.5 -> 0.015 | N100: Master's
A101: =A16 -> 3630 | B101: =B16 -> Prairie View | C101: =D101+E101+F101+K101+L101+M101 -> 0.39 | D101: =SUMIF($N$131:$N$135,$N101,D$131:D$135) -> 0.01 | E101: =SUMIF($N$131:$N$135,$N101,E$131:E$135) -> 0.01 | F101: =SUMIF($N$131:$N$135,$N101,F$131:F$135) -> 0.3 | G101: =SUMIF($N$131:$N$135,$N101,G$131:G$135) -> 0.01 | H101: =SUMIF($N$131:$N$135,$N101,H$131:H$135) -> 0.3 | I101: =SUMIF($N$131:$N$135,$N101,I$131:I$135) -> 0.3 | J101: =SUMIF($N$131:$N$135,$N101,J$131:J$135) -> 0.3 | K101: =SUMIF($N$131:$N$135,$N101,K$131:K$135) -> 0.01 | ... M101: =SUMIF($N$131:$N$135,$N101,M$131:M$135) -> 0.05 | N101: Comprehensive
A102: =A17 -> 3631 | B102: =B17 -> Tarleton | C102: =D102+E102+F102+K102+L102+M102 -> 0.39 | D102: =SUMIF($N$131:$N$135,$N102,D$131:D$135) -> 0.01 | E102: =SUMIF($N$131:$N$135,$N102,E$131:E$135) -> 0.01 | F102: =SUMIF($N$131:$N$135,$N102,F$131:F$135) -> 0.3 | G102: =SUMIF($N$131:$N$135,$N102,G$131:G$135) -> 0.01 | H102: =SUMIF($N$131:$N$135,$N102,H$131:H$135) -> 0.3 | I102: =SUMIF($N$131:$N$135,$N102,I$131:I$135) -> 0.3 | J102: =SUMIF($N$131:$N$135,$N102,J$131:J$135) -> 0.3 | K102: =SUMIF($N$131:$N$135,$N102,K$131:K$135) -> 0.01 | ... M102: =SUMIF($N$131:$N$135,$N102,M$131:M$135) -> 0.05 | N102: Comprehensive
A103: =A18 -> 103631 | B103: =B18 -> TAMUCT | C103: =D103+E103+F103+K103+L103+M103 -> 0.68 | D103: =SUMIF($N$131:$N$135,$N103,D$131:D$135) -> 0.3 | E103: =SUMIF($N$131:$N$135,$N103,E$131:E$135) -> 0.01 | F103: =SUMIF($N$131:$N$135,$N103,F$131:F$135) -> 0.3 | G103: =SUMIF($N$131:$N$135,$N103,G$131:G$135) -> 0.01 | H103: =SUMIF($N$131:$N$135,$N103,H$131:H$135) -> 0.01 | I103: =SUMIF($N$131:$N$135,$N103,I$131:I$135) -> 0.01 | J103: =SUMIF($N$131:$N$135,$N103,J$131:J$135) -> 0.3 | K103: =SUMIF($N$131:$N$135,$N103,K$131:K$135) -> 0.05 | ... M103: =SUMIF($N$131:$N$135,$N103,M$131:M$135) -> 0.01 | N103: Master's
A104: =A19 -> 11161 | B104: =B19 -> TAMUCC | C104: =D104+E104+F104+K104+L104+M104 -> 0.64 | D104: =SUMIF($N$131:$N$135,$N104,D$131:D$135) -> 0.01 | E104: =SUMIF($N$131:$N$135,$N104,E$131:E$135) -> 0.01 | F104: =SUMIF($N$131:$N$135,$N104,F$131:F$135) -> 0.3 | G104: =SUMIF($N$131:$N$135,$N104,G$131:G$135) -> 0.01 | H104: =SUMIF($N$131:$N$135,$N104,H$131:H$135) -> 0.05 | I104: =SUMIF($N$131:$N$135,$N104,I$131:I$135) -> 0.05 | J104: =SUMIF($N$131:$N$135,$N104,J$131:J$135) -> 0.3 | K104: =SUMIF($N$131:$N$135,$N104,K$131:K$135) -> 0.3 | ... M104: =SUMIF($N$131:$N$135,$N104,M$131:M$135) -> 0.01 | N104: Doctoral
A105: =A20 -> 3639 | B105: =B20 -> TAMUK | C105: =D105+E105+F105+K105+L105+M105 -> 0.64 | D105: =SUMIF($N$131:$N$135,$N105,D$131:D$135) -> 0.01 | E105: =SUMIF($N$131:$N$135,$N105,E$131:E$135) -> 0.01 | F105: =SUMIF($N$131:$N$135,$N105,F$131:F$135) -> 0.3 | G105: =SUMIF($N$131:$N$135,$N105,G$131:G$135) -> 0.01 | H105: =SUMIF($N$131:$N$135,$N105,H$131:H$135) -> 0.05 | I105: =SUMIF($N$131:$N$135,$N105,I$131:I$135) -> 0.05 | J105: =SUMIF($N$131:$N$135,$N105,J$131:J$135) -> 0.3 | K105: =SUMIF($N$131:$N$135,$N105,K$131:K$135) -> 0.3 | ... M105: =SUMIF($N$131:$N$135,$N105,M$131:M$135) -> 0.01 | N105: Doctoral
A106: =A21 -> 103639 | B106: =B21 -> TAMUSA | C106: =D106+E106+F106+K106+L106+M106 -> 0.68 | D106: =SUMIF($N$131:$N$135,$N106,D$131:D$135) -> 0.3 | E106: =SUMIF($N$131:$N$135,$N106,E$131:E$135) -> 0.01 | F106: =SUMIF($N$131:$N$135,$N106,F$131:F$135) -> 0.3 | G106: =SUMIF($N$131:$N$135,$N106,G$131:G$135) -> 0.01 | H106: =SUMIF($N$131:$N$135,$N106,H$131:H$135) -> 0.01 | I106: =SUMIF($N$131:$N$135,$N106,I$131:I$135) -> 0.01 | J106: =SUMIF($N$131:$N$135,$N106,J$131:J$135) -> 0.3 | K106: =SUMIF($N$131:$N$135,$N106,K$131:K$135) -> 0.05 | ... M106: =SUMIF($N$131:$N$135,$N106,M$131:M$135) -> 0.01 | N106: Master's
A107: =A22 -> 9651 | B107: =B22 -> TAMI | C107: =D107+E107+F107+K107+L107+M107 -> 0.39 | D107: =SUMIF($N$131:$N$135,$N107,D$131:D$135) -> 0.01 | E107: =SUMIF($N$131:$N$135,$N107,E$131:E$135) -> 0.01 | F107: =SUMIF($N$131:$N$135,$N107,F$131:F$135) -> 0.3 | G107: =SUMIF($N$131:$N$135,$N107,G$131:G$135) -> 0.01 | H107: =SUMIF($N$131:$N$135,$N107,H$131:H$135) -> 0.3 | I107: =SUMIF($N$131:$N$135,$N107,I$131:I$135) -> 0.3 | J107: =SUMIF($N$131:$N$135,$N107,J$131:J$135) -> 0.3 | K107: =SUMIF($N$131:$N$135,$N107,K$131:K$135) -> 0.01 | ... M107: =SUMIF($N$131:$N$135,$N107,M$131:M$135) -> 0.05 | N107: Comprehensive
A108: =A23 -> 3665 | B108: =B23 -> WTAMU | C108: =D108+E108+F108+K108+L108+M108 -> 0.39 | D108: =SUMIF($N$131:$N$135,$N108,D$131:D$135) -> 0.01 | E108: =SUMIF($N$131:$N$135,$N108,E$131:E$135) -> 0.01 | F108: =SUMIF($N$131:$N$135,$N108,F$131:F$135) -> 0.3 | G108: =SUMIF($N$131:$N$135,$N108,G$131:G$135) -> 0.01 | H108: =SUMIF($N$131:$N$135,$N108,H$131:H$135) -> 0.3 | I108: =SUMIF($N$131:$N$135,$N108,I$131:I$135) -> 0.3 | J108: =SUMIF($N$131:$N$135,$N108,J$131:J$135) -> 0.3 | K108: =SUMIF($N$131:$N$135,$N108,K$131:K$135) -> 0.01 | ... M108: =SUMIF($N$131:$N$135,$N108,M$131:M$135) -> 0.05 | N108: Comprehensive
A109: =A24 -> 3565 | B109: =B24 -> TAMUC | C109: =D109+E109+F109+K109+L109+M109 -> 0.64 | D109: =SUMIF($N$131:$N$135,$N109,D$131:D$135) -> 0.01 | E109: =SUMIF($N$131:$N$135,$N109,E$131:E$135) -> 0.01 | F109: =SUMIF($N$131:$N$135,$N109,F$131:F$135) -> 0.3 | G109: =SUMIF($N$131:$N$135,$N109,G$131:G$135) -> 0.01 | H109: =SUMIF($N$131:$N$135,$N109,H$131:H$135) -> 0.05 | I109: =SUMIF($N$131:$N$135,$N109,I$131:I$135) -> 0.05 | J109: =SUMIF($N$131:$N$135,$N109,J$131:J$135) -> 0.3 | K109: =SUMIF($N$131:$N$135,$N109,K$131:K$135) -> 0.3 | ... M109: =SUMIF($N$131:$N$135,$N109,M$131:M$135) -> 0.01 | N109: Doctoral
A110: =A25 -> 29269 | B110: =B25 -> TAMUT | C110: =D110+E110+F110+K110+L110+M110 -> 0.68 | D110: =SUMIF($N$131:$N$135,$N110,D$131:D$135) -> 0.3 | E110: =SUMIF($N$131:$N$135,$N110,E$131:E$135) -> 0.01 | F110: =SUMIF($N$131:$N$135,$N110,F$131:F$135) -> 0.3 | G110: =SUMIF($N$131:$N$135,$N110,G$131:G$135) -> 0.01 | H110: =SUMIF($N$131:$N$135,$N110,H$131:H$135) -> 0.01 | I110: =SUMIF($N$131:$N$135,$N110,I$131:I$135) -> 0.01 | J110: =SUMIF($N$131:$N$135,$N110,J$131:J$135) -> 0.3 | K110: =SUMIF($N$131:$N$135,$N110,K$131:K$135) -> 0.05 | ... M110: =SUMIF($N$131:$N$135,$N110,M$131:M$135) -> 0.01 | N110: Master's
A111: =A26 -> 3652 | B111: =B26 -> UH | C111: =D111+E111+F111+K111+L111+M111 -> 0.68 | D111: =SUMIF($N$131:$N$135,$N111,D$131:D$135) -> 0.05 | E111: =SUMIF($N$131:$N$135,$N111,E$131:E$135) -> 0.01 | F111: =SUMIF($N$131:$N$135,$N111,F$131:F$135) -> 0.01 | G111: =SUMIF($N$131:$N$135,$N111,G$131:G$135) -> 0.01 | H111: =SUMIF($N$131:$N$135,$N111,H$131:H$135) -> 0.01 | I111: =SUMIF($N$131:$N$135,$N111,I$131:I$135) -> 0.01 | J111: =SUMIF($N$131:$N$135,$N111,J$131:J$135) -> 0.3 | K111: =SUMIF($N$131:$N$135,$N111,K$131:K$135) -> 0.3 | ... M111: =SUMIF($N$131:$N$135,$N111,M$131:M$135) -> 0.01 | N111: Emerging
A112: =A27 -> 11711 | B112: =B27 -> UHCL | C112: =D112+E112+F112+K112+L112+M112 -> 0.68 | D112: =SUMIF($N$131:$N$135,$N112,D$131:D$135) -> 0.3 | E112: =SUMIF($N$131:$N$135,$N112,E$131:E$135) -> 0.01 | F112: =SUMIF($N$131:$N$135,$N112,F$131:F$135) -> 0.3 | G112: =SUMIF($N$131:$N$135,$N112,G$131:G$135) -> 0.01 | H112: =SUMIF($N$131:$N$135,$N112,H$131:H$135) -> 0.01 | I112: =SUMIF($N$131:$N$135,$N112,I$131:I$135) -> 0.01 | J112: =SUMIF($N$131:$N$135,$N112,J$131:J$135) -> 0.3 | K112: =SUMIF($N$131:$N$135,$N112,K$131:K$135) -> 0.05 | ... M112: =SUMIF($N$131:$N$135,$N112,M$131:M$135) -> 0.01 | N112: Master's
... A127: =A42 -> 20 | B127: =B42 -> SRRG | C127: =D127+E127+F127+K127+L127+M127 -> 0.68 | D127: =SUMIF($N$131:$N$135,$N127,D$131:D$135) -> 0.3 | E127: =SUMIF($N$131:$N$135,$N127,E$131:E$135) -> 0.01 | F127: =SUMIF($N$131:$N$135,$N127,F$131:F$135) -> 0.3 | G127: =SUMIF($N$131:$N$135,$N127,G$131:G$135) -> 0.01 | H127: =SUMIF($N$131:$N$135,$N127,H$131:H$135) -> 0.01 | I127: =SUMIF($N$131:$N$135,$N127,I$131:I$135) -> 0.01 | J127: =SUMIF($N$131:$N$135,$N127,J$131:J$135) -> 0.3 | K127: =SUMIF($N$131:$N$135,$N127,K$131:K$135) -> 0.05 | ... M127: =SUMIF($N$131:$N$135,$N127,M$131:M$135) -> 0.01 | N127: Master's
A128: Weights by Group
C129: Total Weights | D129: Total Undergraduate Degrees | H129: Undergraduate Critical Field Degrees | I129: Math and Science Teaching Certificates | J129: At-Risk Degrees | K129: Retention Metrics | N129: Accountability Group
E130: Adjusted by 6-Year Graduation Rate | F130: per 100 FTSE | G130: Cost Weighted | K130: 30 Hours | L130: 60 Hours | M130: 90 Hours
C131: =SUM(D131:M131)-I131 -> 1 | D131: =HLOOKUP(D143,$D$149:$L$150,2,0) -> 0.01 | E131: =HLOOKUP(E143,$D$149:$L$150,2,0) -> 0.3 | F131: =HLOOKUP(F143,$D$149:$L$150,2,0) -> 0.01 | G131: =HLOOKUP(G143,$D$149:$L$150,2,0) -> 0.05 | H131: =HLOOKUP(H143,$D$149:$L$150,2,0) -> 0.3 | I131: =H131 -> 0.3 | J131: =HLOOKUP(J143,$D$149:$L$150,2,0) -> 0.01 | K131: =HLOOKUP(K143,$D$149:$L$150,2,0) -> 0.01 | L131: =HLOOKUP(L143,$D$149:$L$150,2,0) -> 0.01 | M131: =HLOOKUP(M143,$D$149:$L$150,2,0) -> 0.3 | N131: Research
C132: =SUM(D132:M132)-I132 -> 1 | D132: =HLOOKUP(D144,$D$149:$L$150,2,0) -> 0.05 | E132: =HLOOKUP(E144,$D$149:$L$150,2,0) -> 0.01 | F132: =HLOOKUP(F144,$D$149:$L$150,2,0) -> 0.01 | G132: =HLOOKUP(G144,$D$149:$L$150,2,0) -> 0.01 | H132: =HLOOKUP(H144,$D$149:$L$150,2,0) -> 0.01 | I132: =H132 -> 0.01 | J132: =HLOOKUP(J144,$D$149:$L$150,2,0) -> 0.3 | K132: =HLOOKUP(K144,$D$149:$L$150,2,0) -> 0.3 | L132: =HLOOKUP(L144,$D$149:$L$150,2,0) -> 0.3 | M132: =HLOOKUP(M144,$D$149:$L$150,2,0) -> 0.01 | N132: Emerging
C133: =SUM(D133:M133)-I133 -> 1 | D133: =HLOOKUP(D145,$D$149:$L$150,2,0) -> 0.01 | E133: =HLOOKUP(E145,$D$149:$L$150,2,0) -> 0.01 | F133: =HLOOKUP(F145,$D$149:$L$150,2,0) -> 0.3 | G133: =HLOOKUP(G145,$D$149:$L$150,2,0) -> 0.01 | H133: =HLOOKUP(H145,$D$149:$L$150,2,0) -> 0.05 | I133: =H133 -> 0.05 | J133: =HLOOKUP(J145,$D$149:$L$150,2,0) -> 0.3 | K133: =HLOOKUP(K145,$D$149:$L$150,2,0) -> 0.3 | L133: =HLOOKUP(L145,$D$149:$L$150,2,0) -> 0.01 | M133: =HLOOKUP(M145,$D$149:$L$150,2,0) -> 0.01 | N133: Doctoral
C134: =SUM(D134:M134)-I134 -> 1 | D134: =HLOOKUP(D146,$D$149:$L$150,2,0) -> 0.01 | E134: =HLOOKUP(E146,$D$149:$L$150,2,0) -> 0.01 | F134: =HLOOKUP(F146,$D$149:$L$150,2,0) -> 0.3 | G134: =HLOOKUP(G146,$D$149:$L$150,2,0) -> 0.01 | H134: =HLOOKUP(H146,$D$149:$L$150,2,0) -> 0.3 | I134: =H134 -> 0.3 | J134: =HLOOKUP(J146,$D$149:$L$150,2,0) -> 0.3 | K134: =HLOOKUP(K146,$D$149:$L$150,2,0) -> 0.01 | L134: =HLOOKUP(L146,$D$149:$L$150,2,0) -> 0.01 | M134: =HLOOKUP(M146,$D$149:$L$150,2,0) -> 0.05 | N134: Comprehensive
C135: =SUM(D135:M135)-I135 -> 1 | D135: =HLOOKUP(D147,$D$149:$L$150,2,0) -> 0.3 | E135: =HLOOKUP(E147,$D$149:$L$150,2,0) -> 0.01 | F135: =HLOOKUP(F147,$D$149:$L$150,2,0) -> 0.3 | G135: =HLOOKUP(G147,$D$149:$L$150,2,0) -> 0.01 | H135: =HLOOKUP(H147,$D$149:$L$150,2,0) -> 0.01 | I135: =H135 -> 0.01 | J135: =HLOOKUP(J147,$D$149:$L$150,2,0) -> 0.3 | K135: =HLOOKUP(K147,$D$149:$L$150,2,0) -> 0.05 | L135: =HLOOKUP(L147,$D$149:$L$150,2,0) -> 0.01 | M135: =HLOOKUP(M147,$D$149:$L$150,2,0) -> 0.01 | N135: Master's
A136: Total Average Scaled Points per Institution By Group
D137: =SUMIF($N$156:$N$193,$N137,D$156:D$193)/COUNTIF($N$156:$N$193,$N137) -> 18087.633 | E137: =SUMIF($N$156:$N$193,$N137,E$156:E$193)/COUNTIF($N$156:$N$193,$N137) -> 25964.341 | F137: =SUMIF($N$156:$N$193,$N137,F$156:F$193)/COUNTIF($N$156:$N$193,$N137) -> 4384.9285 | G137: =SUMIF($N$156:$N$193,$N137,G$156:G$193)/COUNTIF($N$156:$N$193,$N137) -> 19751.583 | H137: =(SUMIF($N$156:$N$193,$N137,H$156:H$193)+SUMIF($N$156:$N$193,$N137,I$156:I$193))/COUNTIF($N$156:$N$193,$N137) -> 21804.734 | J137: =SUMIF($N$156:$N$193,$N137,J$156:J$193)/COUNTIF($N$156:$N$193,$N137) -> 11394.148 | K137: =SUMIF($N$156:$N$193,$N137,K$156:K$193)/COUNTIF($N$156:$N$193,$N137) -> 14842.546 | L137: =SUMIF($N$156:$N$193,$N137,L$156:L$193)/COUNTIF($N$156:$N$193,$N137) -> 18758.365 | M137: =SUMIF($N$156:$N$193,$N137,M$156:M$193)/COUNTIF($N$156:$N$193,$N137) -> 23658.157 | N137: Research
D138: =SUMIF($N$156:$N$193,$N138,D$156:D$193)/COUNTIF($N$156:$N$193,$N138) -> 9137.3945 | E138: =SUMIF($N$156:$N$193,$N138,E$156:E$193)/COUNTIF($N$156:$N$193,$N138) -> 8894.3228 | F138: =SUMIF($N$156:$N$193,$N138,F$156:F$193)/COUNTIF($N$156:$N$193,$N138) -> 4053.7105 | G138: =SUMIF($N$156:$N$193,$N138,G$156:G$193)/COUNTIF($N$156:$N$193,$N138) -> 9098.6587 | H138: =(SUMIF($N$156:$N$193,$N138,H$156:H$193)+SUMIF($N$156:$N$193,$N138,I$156:I$193))/COUNTIF($N$156:$N$193,$N138) -> 8147.3708 | J138: =SUMIF($N$156:$N$193,$N138,J$156:J$193)/COUNTIF($N$156:$N$193,$N138) -> 9371.9412 | K138: =SUMIF($N$156:$N$193,$N138,K$156:K$193)/COUNTIF($N$156:$N$193,$N138) -> 9578.3712 | L138: =SUMIF($N$156:$N$193,$N138,L$156:L$193)/COUNTIF($N$156:$N$193,$N138) -> 9418.1032 | M138: =SUMIF($N$156:$N$193,$N138,M$156:M$193)/COUNTIF($N$156:$N$193,$N138) -> 9031.7874 | N138: Emerging
D139: =SUMIF($N$156:$N$193,$N139,D$156:D$193)/COUNTIF($N$156:$N$193,$N139) -> 3417.699 | E139: =SUMIF($N$156:$N$193,$N139,E$156:E$193)/COUNTIF($N$156:$N$193,$N139) -> 2797.1118 | F139: =SUMIF($N$156:$N$193,$N139,F$156:F$193)/COUNTIF($N$156:$N$193,$N139) -> 3702.3364 | G139: =SUMIF($N$156:$N$193,$N139,G$156:G$193)/COUNTIF($N$156:$N$193,$N139) -> 3283.079 | H139: =(SUMIF($N$156:$N$193,$N139,H$156:H$193)+SUMIF($N$156:$N$193,$N139,I$156:I$193))/COUNTIF($N$156:$N$193,$N139) -> 3627.1664 | J139: =SUMIF($N$156:$N$193,$N139,J$156:J$193)/COUNTIF($N$156:$N$193,$N139) -> 4168.9273 | K139: =SUMIF($N$156:$N$193,$N139,K$156:K$193)/COUNTIF($N$156:$N$193,$N139) -> 3662.2536 | L139: =SUMIF($N$156:$N$193,$N139,L$156:L$193)/COUNTIF($N$156:$N$193,$N139) -> 3575.9142 | M139: =SUMIF($N$156:$N$193,$N139,M$156:M$193)/COUNTIF($N$156:$N$193,$N139) -> 3443.4291 | N139: Doctoral
D140: =SUMIF($N$156:$N$193,$N140,D$156:D$193)/COUNTIF($N$156:$N$193,$N140) -> 2653.5892 | E140: =SUMIF($N$156:$N$193,$N140,E$156:E$193)/COUNTIF($N$156:$N$193,$N140) -> 2100.9401 | F140: =SUMIF($N$156:$N$193,$N140,F$156:F$193)/COUNTIF($N$156:$N$193,$N140) -> 3432.6514 | G140: =SUMIF($N$156:$N$193,$N140,G$156:G$193)/COUNTIF($N$156:$N$193,$N140) -> 2594.0256 | H140: =(SUMIF($N$156:$N$193,$N140,H$156:H$193)+SUMIF($N$156:$N$193,$N140,I$156:I$193))/COUNTIF($N$156:$N$193,$N140) -> 3046.668 | J140: =SUMIF($N$156:$N$193,$N140,J$156:J$193)/COUNTIF($N$156:$N$193,$N140) -> 3172.1093 | K140: =SUMIF($N$156:$N$193,$N140,K$156:K$193)/COUNTIF($N$156:$N$193,$N140) -> 3003.558 | L140: =SUMIF($N$156:$N$193,$N140,L$156:L$193)/COUNTIF($N$156:$N$193,$N140) -> 2897.9316 | M140: =SUMIF($N$156:$N$193,$N140,M$156:M$193)/COUNTIF($N$156:$N$193,$N140) -> 3005.1264 | N140: Comprehensive
D141: =SUMIF($N$156:$N$193,$N141,D$156:D$193)/COUNTIF($N$156:$N$193,$N141) -> 1556.086 | E141: =SUMIF($N$156:$N$193,$N141,E$156:E$193)/COUNTIF($N$156:$N$193,$N141) -> 1146.1634 | F141: =SUMIF($N$156:$N$193,$N141,F$156:F$193)/COUNTIF($N$156:$N$193,$N141) -> 5649.9557 | G141: =SUMIF($N$156:$N$193,$N141,G$156:G$193)/COUNTIF($N$156:$N$193,$N141) -> 1441.5331 | H141: =(SUMIF($N$156:$N$193,$N141,H$156:H$193)+SUMIF($N$156:$N$193,$N141,I$156:I$193))/COUNTIF($N$156:$N$193,$N141) -> 1333.5022 | J141: =SUMIF($N$156:$N$193,$N141,J$156:J$193)/COUNTIF($N$156:$N$193,$N141) -> 1765.4779 | K141: =SUMIF($N$156:$N$193,$N141,K$156:K$193)/COUNTIF($N$156:$N$193,$N141) -> 1499.4637 | L141: =SUMIF($N$156:$N$193,$N141,L$156:L$193)/COUNTIF($N$156:$N$193,$N141) -> 1145.373 | M141: =SUMIF($N$156:$N$193,$N141,M$156:M$193)/COUNTIF($N$156:$N$193,$N141) -> 717.05101 | N141: Master's
A142: Rank of Total Average Scaled Points per Institution By Group
D143: =RANK(D137,$D137:$M137) -> 6 | E143: =RANK(E137,$D137:$M137) -> 1 | F143: =RANK(F137,$D137:$M137) -> 9 | G143: =RANK(G137,$D137:$M137) -> 4 | H143: =RANK(H137,$D137:$M137) -> 3 | J143: =RANK(J137,$D137:$M137) -> 8 | K143: =RANK(K137,$D137:$M137) -> 7 | L143: =RANK(L137,$D137:$M137) -> 5 | M143: =RANK(M137,$D137:$M137) -> 2
D144: =RANK(D138,$D138:$M138) -> 4 | E144: =RANK(E138,$D138:$M138) -> 7 | F144: =RANK(F138,$D138:$M138) -> 9 | G144: =RANK(G138,$D138:$M138) -> 5 | H144: =RANK(H138,$D138:$M138) -> 8 | J144: =RANK(J138,$D138:$M138) -> 3 | K144: =RANK(K138,$D138:$M138) -> 1 | L144: =RANK(L138,$D138:$M138) -> 2 | M144: =RANK(M138,$D138:$M138) -> 6
D145: =RANK(D139,$D139:$M139) -> 7 | E145: =RANK(E139,$D139:$M139) -> 9 | F145: =RANK(F139,$D139:$M139) -> 2 | G145: =RANK(G139,$D139:$M139) -> 8 | H145: =RANK(H139,$D139:$M139) -> 4 | J145: =RANK(J139,$D139:$M139) -> 1 | K145: =RANK(K139,$D139:$M139) -> 3 | L145: =RANK(L139,$D139:$M139) -> 5 | M145: =RANK(M139,$D139:$M139) -> 6
D146: =RANK(D140,$D140:$M140) -> 7 | E146: =RANK(E140,$D140:$M140) -> 9 | F146: =RANK(F140,$D140:$M140) -> 1 | G146: =RANK(G140,$D140:$M140) -> 8 | H146: =RANK(H140,$D140:$M140) -> 3 | J146: =RANK(J140,$D140:$M140) -> 2 | K146: =RANK(K140,$D140:$M140) -> 5 | L146: =RANK(L140,$D140:$M140) -> 6 | M146: =RANK(M140,$D140:$M140) -> 4
D147: =RANK(D141,$D141:$M141) -> 3 | E147: =RANK(E141,$D141:$M141) -> 7 | F147: =RANK(F141,$D141:$M141) -> 1 | G147: =RANK(G141,$D141:$M141) -> 5 | H147: =RANK(H141,$D141:$M141) -> 6 | J147: =RANK(J141,$D141:$M141) -> 2 | K147: =RANK(K141,$D141:$M141) -> 4 | L147: =RANK(L141,$D141:$M141) -> 8 | M147: =RANK(M141,$D141:$M141) -> 9
A148: Weights per Rank
D149: 1 | E149: 2 | F149: 3 | G149: 4 | H149: 5 | I149: 6 | J149: 7 | K149: 8 | L149: 9 | M149: Total
D150: 0.3 | E150: 0.3 | F150: 0.3 | G150: 0.05 | H150: 0.01 | I150: 0.01 | J150: 0.01 | K150: 0.01 | L150: 0.01 | M150: =SUM(D150:L150) -> 1
A152: Points Three-Year Average - Scaled
A153: FICE | B153: Name | C153: Total Points | D153: Total Undergraduate Degrees | H153: Undergraduate Critical Field Degrees | I153: Math and Science Teaching Certificates | J153: At-Risk Degrees | K153: Retention Metrics | N153: Accountability Group
E154: Adjusted by 6-Year Graduation Rate | F154: per 100 FTSE | G154: Cost Weighted | K154: 30 Hours | L154: 60 Hours | M154: 90 Hours
A155: Scale | D155: =MAX($D$236:$M$236)/D236 -> 2.0454182 | E155: =MAX($D$236:$M$236)/E236 -> 3.517332 | F155: =MAX($D$236:$M$236)/F236 -> 169.49997 | G155: =MAX($D$236:$M$236)/G236 -> 1 | H155: =MAX($D$236:$M$236)/(H236+I236) -> 11.382321 | I155: =H155 -> 11.382321 | J155: =MAX($D$236:$M$236)/J236 -> 3.167534 | K155: =MAX($D$236:$M$236)/K236 -> 1.5100001 | L155: =MAX($D$236:$M$236)/L236 -> 2.0943857 | M155: =MAX($D$236:$M$236)/M236 -> 3.3947707
A156: =A5 -> 3656 | B156: =B5 -> UTA | C156: =SUM(D156:M156) -> 86954.597 | D156: =D198*D$155 -> 10263.909 | E156: =E198*E$155 -> 9148.5688 | F156: =F198*F$155 -> 5017.8412 | G156: =G198*G$155 -> 10418.553 | H156: =H198*H$155 -> 17430.128 | I156: =I198*I$155 -> 398.38125 | J156: =J198*J$155 -> 9870.0359 | K156: =K198*K$155 -> 10322.864 | ... M156: =M198*M$155 -> 6055.1393 | N156: Emerging
A157: =A6 -> 3658 | B157: =B6 -> UT | C157: =SUM(D157:M157) -> 158630.83 | D157: =D199*D$155 -> 18298.993 | E157: =E199*E$155 -> 26086.329 | F157: =F199*F$155 -> 4491.358 | G157: =G199*G$155 -> 19398.35 | H157: =H199*H$155 -> 21357.029 | I157: =I199*I$155 -> 751.23321 | J157: =J199*J$155 -> 10992.399 | K157: =K199*K$155 -> 14493.484 | ... M157: =M199*M$155 -> 23900.317 | N157: Research
A158: =A7 -> 9741 | B158: =B7 -> UTD | C158: =SUM(D158:M158) -> 42747.495 | D158: =D200*D$155 -> 4894.6858 | E158: =E200*E$155 -> 5917.1338 | F158: =F200*F$155 -> 4547.6436 | G158: =G200*G$155 -> 5101.2033 | H158: =H200*H$155 -> 4799.5455 | I158: =I200*I$155 -> 364.23429 | J158: =J200*J$155 -> 4180.089 | K158: =K200*K$155 -> 5005.6504 | ... M158: =M200*M$155 -> 3467.1925 | N158: Emerging
A159: =A8 -> 3661 | B159: =B8 -> UTEP | C159: =SUM(D159:M159) -> 57167.439 | D159: =D201*D$155 -> 6252.8434 | E159: =E201*E$155 -> 4193.4687 | F159: =F201*F$155 -> 3876.6159 | G159: =G201*G$155 -> 6298.0767 | H159: =H201*H$155 -> 7455.4205 | I159: =I201*I$155 -> 1024.4089 | J159: =J201*J$155 -> 7805.8596 | K159: =K201*K$155 -> 6587.6272 | ... M159: =M201*M$155 -> 6640.1714 | N159: Emerging
A160: =A9 -> 3599 | B160: =B9 -> UTPA | C160: =SUM(D160:M160) -> 50665.645 | D160: =D202*D$155 -> 5277.179 | E160: =E202*E$155 -> 3911.2028 | F160: =F202*F$155 -> 3473.4765 | G160: =G202*G$155 -> 5134.1667 | H160: =H202*H$155 -> 5922.6012 | I160: =I202*I$155 -> 318.705 | J160: =J202*J$155 -> 7406.7503 | K160: =K202*K$155 -> 6153.7538 | ... M160: =M202*M$155 -> 6583.5919 | N160: Doctoral
A161: =A10 -> 30646 | B161: =B10 -> UTB | C161: =SUM(D161:M161) -> 20482.536 | D161: =D203*D$155 -> 2233.5967 | E161: =E203*E$155 -> 2209.4857 | F161: =F203*F$155 -> 5841.1785 | G161: =G203*G$155 -> 2097.7933 | H161: =H203*H$155 -> 1415.202 | I161: =I203*I$155 -> 208.67589 | J161: =J203*J$155 -> 2966.9235 | K161: =K203*K$155 -> 2002.7635 | ... M161: =M203*M$155 -> 341.74025 | N161: Master's
A162: =A11 -> 9930 | B162: =B11 -> UTPB | C162: =SUM(D162:M162) -> 11568.979 | D162: =D204*D$155 -> 1090.8897 | E162: =E204*E$155 -> 832.90422 | F162: =F204*F$155 -> 3919.7164 | G162: =G204*G$155 -> 1001.5167 | H162: =H204*H$155 -> 470.46929 | I162: =I204*I$155 -> 113.82321 | J162: =J204*J$155 -> 1263.8461 | K162: =K204*K$155 -> 1186.3568 | ... M162: =M204*M$155 -> 659.7171 | N162: Master's
A163: =A12 -> 10115 | B163: =B12 -> UTSA | C163: =SUM(D163:M163) -> 69803.424 | D163: =D205*D$155 -> 8426.4412 | E163: =E205*E$155 -> 6110.0493 | F163: =F205*F$155 -> 3430.8546 | G163: =G205*G$155 -> 8414.2133 | H163: =H205*H$155 -> 4461.87 | I163: =I205*I$155 -> 565.32196 | J163: =J205*J$155 -> 9894.3204 | K163: =K205*K$155 -> 10282.597 | ... M163: =M205*M$155 -> 8879.5885 | N163: Emerging
A164: =A13 -> 11163 | B164: =B13 -> UTT | C164: =SUM(D164:M164) -> 24693.283 | D164: =D206*D$155 -> 2434.0477 | E164: =E206*E$155 -> 2158.3873 | F164: =F206*F$155 -> 4958.8471 | G164: =G206*G$155 -> 2362.66 | H164: =H206*H$155 -> 4287.3411 | I164: =I206*I$155 -> 159.3525 | J164: =J206*J$155 -> 2984.8729 | K164: =K206*K$155 -> 2168.8635 | ... M164: =M206*M$155 -> 1314.9078 | N164: Master's
A165: =A14 -> 3632 | B165: =B14 -> TAMU | C165: =SUM(D165:M165) -> 158662.04 | D165: =D207*D$155 -> 17876.273 | E165: =E207*E$155 -> 25842.353 | F165: =F207*F$155 -> 4278.499 | G165: =G207*G$155 -> 20104.817 | H165: =H207*H$155 -> 20067.033 | I165: =I207*I$155 -> 1434.1725 | J165: =J207*J$155 -> 11795.897 | K165: =K207*K$155 -> 15191.608 | ... M165: =M207*M$155 -> 23415.997 | N165: Research
A166: =A15 -> 10298 | B166: =B15 -> TAMUG | C166: =SUM(D166:M166) -> 7975.3754 | D166: =D208*D$155 -> 563.17181 | E166: =E208*E$155 -> 607.53391 | F166: =F208*F$155 -> 2779.681 | G166: =G208*G$155 -> 704.02667 | H166: =H208*H$155 -> 424.94 | I166: =I208*I$155 -> 0 | J166: =J208*J$155 -> 500.47037 | K166: =K208*K$155 -> 894.4234 | ... M166: =M208*M$155 -> 835.11359 | N166: Master's
...

Sheet Option 8
A1: Option 8 - Outcomes Based Funding (FY 2010 - FY 2012 Averaged) with Total Degrees adjusted by Six-Year Graduation Rate (3-Year Rate for Upper-Levels), Total Degrees per 100 FTSE, Critical Field Degrees, At-Risk Degrees, Student Characteristic Adjusted Graduates, Retention Metrics of 30, 60, and 90 hours, and Total Degrees adjusted by Cost Based Weights. Metrics evenly scaled for mathematical comparability and weighted by accountability group - Optimized. Funded at 10 percent of undergraduate formula funding.
A3: FICE | B3: Name | C3: Funding | D3: Total Undergraduate Degrees | H3: Undergraduate Critical Field Degrees | I3: Math and Science Teaching Certificates | J3: Student Characteristic Adjusted Graduates | K3: At-Risk Degrees | L3: Retention Metrics | P3: Phase-In Adjustment
E4: Adjusted by 6-Year Graduation Rate | F4: per 100 FTSE | G4: Cost Weighted | L4: 30 Hours | M4: 60 Hours | N4: 90 Hours | P4: 2014-2015 Undergraduate Instruction and Operations Percent of Total | Q4: Phase-In Set-Asides | R4: Funding After Set-Asides
A5: 3656 | B5: UTA | C5: =SUM(D5:N5) -> 13294588 | D5: =D48/$C$86*$C$43 -> 304284.08 | E5: =E48/$C$86*$C$43 -> 52573.526 | F5: =F48/$C$86*$C$43 -> 598.3766 | G5: =G48/$C$86*$C$43 -> 6317656.2 | H5: =H48/$C$86*$C$43 -> 30952.594 | I5: =I48/$C$86*$C$43 -> 707.44936 | J5: =J48/$C$86*$C$43 -> 18650.274 | K5: =K48/$C$86*$C$43 -> 62983.206 | ... N5: =N48/$C$86*$C$43 -> 36052.967 | P5: 0.053941374 | Q5: =MIN(0,C48/$C$86-P5+$Q$44)*-1*$R$43 -> 0 | R5: =C5+Q5 -> 13294588
A6: 3658 | B6: UT | C6: =SUM(D6:N6) -> 24078647 | D6: =D49/$C$86*$C$43 -> 542492.38 | E6: =E49/$C$86*$C$43 -> 149908.73 | F6: =F49/$C$86*$C$43 -> 535.59358 | G6: =G49/$C$86*$C$43 -> 11762872 | H6: =H49/$C$86*$C$43 -> 37926.023 | I6: =I49/$C$86*$C$43 -> 1334.0474 | J6: =J49/$C$86*$C$43 -> 89938.265 | K6: =K49/$C$86*$C$43 -> 70145.288 | ... N6: =N49/$C$86*$C$43 -> 142305.12 | P6: 0.097535368 | Q6: =MIN(0,C49/$C$86-P6+$Q$44)*-1*$R$43 -> 0 | R6: =C6+Q6 -> 24078647
A7: 9741 | B7: UTD | C7: =SUM(D7:N7) -> 6642844.6 | D7: =D50/$C$86*$C$43 -> 145107.97 | E7: =E50/$C$86*$C$43 -> 34003.634 | F7: =F50/$C$86*$C$43 -> 542.30562 | G7: =G50/$C$86*$C$43 -> 3093294 | H7: =H50/$C$86*$C$43 -> 8523.0804 | I7: =I50/$C$86*$C$43 -> 646.81084 | J7: =J50/$C$86*$C$43 -> 9013.6514 | K7: =K50/$C$86*$C$43 -> 26674.21 | ... N7: =N50/$C$86*$C$43 -> 20644.046 | P7: 0.030845131 | Q7: =MIN(0,C50/$C$86-P7+$Q$44)*-1*$R$43 -> 0 | R7: =C7+Q7 -> 6642844.6
A8: 3661 | B8: UTEP | C8: =SUM(D8:N8) -> 8821676.3 | D8: =D51/$C$86*$C$43 -> 185371.94 | E8: =E51/$C$86*$C$43 -> 24098.353 | F8: =F51/$C$86*$C$43 -> 462.2857 | G8: =G51/$C$86*$C$43 -> 3819060.3 | H8: =H51/$C$86*$C$43 -> 13239.409 | I8: =I51/$C$86*$C$43 -> 1819.1555 | J8: =J51/$C$86*$C$43 -> 6579.6939 | K8: =K51/$C$86*$C$43 -> 49811.172 | ... N8: =N51/$C$86*$C$43 -> 39536.313 | P8: 0.0380679 | Q8: =MIN(0,C51/$C$86-P8+$Q$44)*-1*$R$43 -> 0 | R8: =C8+Q8 -> 8821676.3
A9: 3599 | B9: UTPA | C9: =SUM(D9:N9) -> 7749796.1 | D9: =D52/$C$86*$C$43 -> 156447.37 | E9: =E52/$C$86*$C$43 -> 22476.272 | F9: =F52/$C$86*$C$43 -> 414.21141 | G9: =G52/$C$86*$C$43 -> 3113282.5 | H9: =H52/$C$86*$C$43 -> 10517.414 | I9: =I52/$C$86*$C$43 -> 565.95949 | J9: =J52/$C$86*$C$43 -> 11038.399 | K9: =K52/$C$86*$C$43 -> 47264.355 | ... N9: =N52/$C$86*$C$43 -> 39199.432 | P9: 0.036041181 | Q9: =MIN(0,C52/$C$86-P9+$Q$44)*-1*$R$43 -> 0 | R9: =C9+Q9 -> 7749796.1
A10: 30646 | B10: UTB | C10: =SUM(D10:N10) -> 2825898.7 | D10: =D53/$C$86*$C$43 -> 662172.6 | E10: =E53/$C$86*$C$43 -> 12697.118 | F10: =F53/$C$86*$C$43 -> 696.55942 | G10: =G53/$C$86*$C$43 -> 1272070.8 | H10: =H53/$C$86*$C$43 -> 2513.1296 | I10: =I53/$C$86*$C$43 -> 370.56871 | J10: =J53/$C$86*$C$43 -> 1031.1725 | K10: =K53/$C$86*$C$43 -> 56798.077 | ... N10: =N53/$C$86*$C$43 -> 2034.7591 | P10: 0.013127311 | Q10: =MIN(0,C53/$C$86-P10+$Q$44)*-1*$R$43 -> 0 | R10: =C10+Q10 -> 2825898.7
A11: 9930 | B11: UTPB | C11: =SUM(D11:N11) -> 1452715.6 | D11: =D54/$C$86*$C$43 -> 323405.42 | E11: =E54/$C$86*$C$43 -> 4786.4002 | F11: =F54/$C$86*$C$43 -> 467.42543 | G11: =G54/$C$86*$C$43 -> 607304.85 | H11: =H54/$C$86*$C$43 -> 835.464 | I11: =I54/$C$86*$C$43 -> 202.12839 | J11: =J54/$C$86*$C$43 -> 1236.5055 | K11: =K54/$C$86*$C$43 -> 24194.768 | ... N11: =N54/$C$86*$C$43 -> 3928.0283 | P11: 0.006658598 | Q11: =MIN(0,C54/$C$86-P11+$Q$44)*-1*$R$43 -> 0 | R11: =C11+Q11 -> 1452715.6
A12: 10115 | B12: UTSA | C12: =SUM(D12:N12) -> 12359127 | D12: =D55/$C$86*$C$43 -> 249810.47 | E12: =E55/$C$86*$C$43 -> 35112.25 | F12: =F55/$C$86*$C$43 -> 409.12876 | G12: =G55/$C$86*$C$43 -> 5102254.1 | H12: =H55/$C$86*$C$43 -> 7923.4328 | I12: =I55/$C$86*$C$43 -> 1003.9043 | J12: =J55/$C$86*$C$43 -> 13655.099 | K12: =K55/$C$86*$C$43 -> 63138.171 | ... N12: =N55/$C$86*$C$43 -> 52870.049 | P12: 0.051993931 | Q12: =MIN(0,C55/$C$86-P12+$Q$44)*-1*$R$43 -> 0 | R12: =C12+Q12 -> 12359127
A13: 11163 | B13: UTT | C13: =SUM(D13:N13) -> 3132120 | D13: =D56/$C$86*$C$43 -> 721598.35 | E13: =E56/$C$86*$C$43 -> 12403.474 | F13: =F56/$C$86*$C$43 -> 591.34157 | G13: =G56/$C$86*$C$43 -> 1432682 | H13: =H56/$C$86*$C$43 -> 7613.5026 | I13: =I56/$C$86*$C$43 -> 282.97974 | J13: =J56/$C$86*$C$43 -> 3016.9215 | K13: =K56/$C$86*$C$43 -> 57141.695 | ... N13: =N56/$C$86*$C$43 -> 7829.1062 | P13: 0.012069402 | Q13: =MIN(0,C56/$C$86-P13+$Q$44)*-1*$R$43 -> 0 | R13: =C13+Q13 -> 3132120
A14: 3632 | B14: TAMU | C14: =SUM(D14:N14) -> 24717598 | D14: =D57/$C$86*$C$43 -> 529960.42 | E14: =E57/$C$86*$C$43 -> 148506.69 | F14: =F57/$C$86*$C$43 -> 510.21018 | G14: =G57/$C$86*$C$43 -> 12191263 | H14: =H57/$C$86*$C$43 -> 35635.235 | I14: =I57/$C$86*$C$43 -> 2546.8177 | J14: =J57/$C$86*$C$43 -> 92568.126 | K14: =K57/$C$86*$C$43 -> 75272.612 | ... N14: =N57/$C$86*$C$43 -> 139421.42 | P14: 0.10514316 | Q14: =MIN(0,C57/$C$86-P14+$Q$44)*-1*$R$43 -> 0 | R14: =C14+Q14 -> 24717598
A15: 10298 | B15: TAMUG | C15: =SUM(D15:N15) -> 1472585.1 | D15: =D58/$C$86*$C$43 -> 250437.07 | E15: =E58/$C$86*$C$43 -> 5236.9175 | F15: =F58/$C$86*$C$43 -> 497.21465 | G15: =G58/$C$86*$C$43 -> 640366.99 | H15: =H58/$C$86*$C$43 -> 1131.919 | I15: =I58/$C$86*$C$43 -> 0 | J15: =J58/$C$86*$C$43 -> 4670.3802 | K15: =K58/$C$86*$C$43 -> 14371.328 | ... N15: =N58/$C$86*$C$43 -> 7458.5375 | P15: 0.0070859753 | Q15: =MIN(0,C58/$C$86-P15+$Q$44)*-1*$R$43 -> 0 | R15: =C15+Q15 -> 1472585.1
A16: 3630 | B16: Prairie View | C16: =SUM(D16:N16) -> 3094010.1 | D16: =D59/$C$86*$C$43 -> 56777.864 | E16: =E59/$C$86*$C$43 -> 7034.1465 | F16: =F59/$C$86*$C$43 -> 319.84166 | G16: =G59/$C$86*$C$43 -> 1256975.8 | H16: =H59/$C$86*$C$43 -> 6380.5194 | I16: =I59/$C$86*$C$43 -> 195.39078 | J16: =J59/$C$86*$C$43 -> 4211.6582 | K16: =K59/$C$86*$C$43 -> 16224.172 | ... N16: =N59/$C$86*$C$43 -> 18299.357 | P16: 0.015279411 | Q16: =MIN(0,C59/$C$86-P16+$Q$44)*-1*$R$43 -> 0 | R16: =C16+Q16 -> 3094010.1
... A42: 20 | B42: SRRG | C42: =SUM(D42:N42) -> 419625.37 | D42: =D85/$C$86*$C$43 -> 98032.268 | E42: =E85/$C$86*$C$43 -> 1038.2522 | F42: =F85/$C$86*$C$43 -> 739.7173 | G42: =G85/$C$86*$C$43 -> 169284.55 | H42: =H85/$C$86*$C$43 -> 128.01465 | I42: =I85/$C$86*$C$43 -> 114.53942 | J42: =J85/$C$86*$C$43 -> 126.85665 | K42: =K85/$C$86*$C$43 -> 8731.9464 | ... N42: =N85/$C$86*$C$43 -> 87.588968 | P42: 0.0014792799 | Q42: =MIN(0,C85/$C$86-P42+$Q$44)*-1*$R$43 -> 0 | R42: =C42+Q42 -> 419625.37
B43: Total | C43: =R43-Q43 -> 235000000 | D43: =SUM(D5:D42) -> 11424054 | E43: =SUM(E5:E42) -> 992817.63 | F43: =SUM(F5:F42) -> 20731.696 | G43: =SUM(G5:G42) -> 1.0479133e+08 | H43: =SUM(H5:H42) -> 282413.78 | I43: =SUM(I5:I42) -> 24221.719 | J43: =SUM(J5:J42) -> 428117 | K43: =SUM(K5:K42) -> 1443287.6 | ... N43: =SUM(N5:N42) -> 1029338.8 | P43: =SUM(P5:P42) -> 1 | Q43: =SUM(Q5:Q42) -> 0 | R43: 235000000
P44: Threshold | Q44: 0.005
A45: Points Three-Year Average - Scaled and Weighted
A46: FICE | B46: Name | C46: Total Points | D46: Total Undergraduate Degrees | H46: Undergraduate Critical Field Degrees | I46: Math and Science Teaching Certificates | J46: Student Characteristic Adjusted Graduates | K46: At-Risk Degrees | L46: Retention Metrics | O46: Accountability Group
E47: Adjusted by 6-Year Graduation Rate | F47: per 100 FTSE | G47: Cost Weighted | L47: 30 Hours | M47: 60 Hours | N47: 90 Hours
A48: =A5 -> 3656 | B48: =B5 -> UTA | C48: =SUM(D48:N48) -> 6577.2989 | D48: =D90*D156 -> 150.54 | E48: =E90*E156 -> 26.009967 | F48: =F90*F156 -> 0.29603788 | G48: =G90*G156 -> 3125.566 | H48: =H90*H156 -> 15.313333 | I48: =I90*I156 -> 0.35 | J48: =J90*J156 -> 9.2269444 | K48: =K90*K156 -> 31.16 | ... N48: =N90*N156 -> 17.836667 | O48: Emerging
A49: =A6 -> 3658 | B49: =B6 -> UT | C49: =SUM(D49:N49) -> 11912.551 | D49: =D91*D157 -> 268.39 | E49: =E91*E157 -> 74.165103 | F49: =F91*F157 -> 0.26497692 | G49: =G91*G157 -> 5819.505 | H49: =H91*H157 -> 18.763333 | I49: =I91*I157 -> 0.66 | J49: =J91*J157 -> 44.495613 | K49: =K91*K157 -> 34.703333 | ... N49: =N91*N157 -> 70.403333 | O49: Research
A50: =A7 -> 9741 | B50: =B7 -> UTD | C50: =SUM(D50:N50) -> 3286.4481 | D50: =D92*D158 -> 71.79 | E50: =E92*E158 -> 16.82279 | F50: =F92*F158 -> 0.26829761 | G50: =G92*G158 -> 1530.361 | H50: =H92*H158 -> 4.2166667 | I50: =I92*I158 -> 0.32 | J50: =J92*J158 -> 4.4593693 | K50: =K92*K158 -> 13.196667 | ... N50: =N92*N158 -> 10.213333 | O50: Emerging
A51: =A8 -> 3661 | B51: =B8 -> UTEP | C51: =SUM(D51:N51) -> 4364.3925 | D51: =D93*D159 -> 91.71 | E51: =E93*E159 -> 11.9223 | F51: =F93*F159 -> 0.22870895 | G51: =G93*G159 -> 1889.423 | H51: =H93*H159 -> 6.55 | I51: =I93*I159 -> 0.9 | J51: =J93*J159 -> 3.2552052 | K51: =K93*K159 -> 24.643333 | ... N51: =N93*N159 -> 19.56 | O51: Emerging
A52: =A9 -> 3599 | B52: =B9 -> UTPA | C52: =SUM(D52:N52) -> 3834.0958 | D52: =D94*D160 -> 77.4 | E52: =E94*E160 -> 11.1198 | F52: =F94*F160 -> 0.2049249 | G52: =G94*G160 -> 1540.25 | H52: =H94*H160 -> 5.2033333 | I52: =I94*I160 -> 0.28 | J52: =J94*J160 -> 5.4610831 | K52: =K94*K160 -> 23.383333 | ... N52: =N94*N160 -> 19.393333 | O52: Doctoral
A53: =A10 -> 30646 | B53: =B10 -> UTB | C53: =SUM(D53:N53) -> 1398.0711 | D53: =D95*D161 -> 327.6 | E53: =E95*E161 -> 6.2817092 | F53: =F95*F161 -> 0.34461236 | G53: =G95*G161 -> 629.338 | H53: =H95*H161 -> 1.2433333 | I53: =I95*I161 -> 0.18333333 | J53: =J95*J161 -> 0.51015718 | K53: =K95*K161 -> 28.1 | ... N53: =N95*N161 -> 1.0066667 | O53: Master's
A54: =A11 -> 9930 | B54: =B11 -> UTPB | C54: =SUM(D54:N54) -> 718.70933 | D54: =D96*D162 -> 160 | E54: =E96*E162 -> 2.368 | F54: =F96*F162 -> 0.23125175 | G54: =G96*G162 -> 300.455 | H54: =H96*H162 -> 0.41333333 | I54: =I96*I162 -> 0.1 | J54: =J96*J162 -> 0.61174264 | K54: =K96*K162 -> 11.97 | ... N54: =N96*N162 -> 1.9433333 | O54: Master's
A55: =A12 -> 10115 | B55: =B12 -> UTSA | C55: =SUM(D55:N55) -> 6114.4933 | D55: =D97*D163 -> 123.59 | E55: =E97*E163 -> 17.371261 | F55: =F97*F163 -> 0.20241034 | G55: =G97*G163 -> 2524.264 | H55: =H97*H163 -> 3.92 | I55: =I97*I163 -> 0.49666667 | J55: =J97*J163 -> 6.7556563 | K55: =K97*K163 -> 31.236667 | ... N55: =N97*N163 -> 26.156667 | O55: Emerging
A56: =A13 -> 11163 | B56: =B13 -> UTT | C56: =SUM(D56:N56) -> 1549.5696 | D56: =D98*D164 -> 357 | E56: =E98*E164 -> 6.1364333 | F56: =F98*F164 -> 0.29255741 | G56: =G98*G164 -> 708.798 | H56: =H98*H164 -> 3.7666667 | I56: =I98*I164 -> 0.14 | J56: =J98*J164 -> 1.4925768 | K56: =K98*K164 -> 28.27 | ... N56: =N98*N164 -> 3.8733333 | O56: Master's
A57: =A14 -> 3632 | B57: =B14 -> TAMU | C57: =SUM(D57:N57) -> 12228.662 | D57: =D99*D165 -> 262.19 | E57: =E99*E165 -> 73.471464 | F57: =F99*F165 -> 0.25241887 | G57: =G99*G165 -> 6031.445 | H57: =H99*H165 -> 17.63 | I57: =I99*I165 -> 1.26 | J57: =J99*J165 -> 45.796697 | K57: =K99*K165 -> 37.24 | ... N57: =N99*N165 -> 68.976667 | O57: Research
A58: =A15 -> 10298 | B58: =B15 -> TAMUG | C58: =SUM(D58:N58) -> 728.53948 | D58: =D100*D166 -> 123.9 | E58: =E100*E166 -> 2.5908867 | F58: =F100*F166 -> 0.24598952 | G58: =G100*G166 -> 316.812 | H58: =H100*H166 -> 0.56 | I58: =I100*I166 -> 0 | J58: =J100*J166 -> 2.3106008 | K58: =K100*K166 -> 7.11 | ... N58: =N100*N166 -> 3.69 | O58: Master's
A59: =A16 -> 3630 | B59: =B16 -> Prairie View | C59: =SUM(D59:N59) -> 1530.7153 | D59: =D101*D167 -> 28.09 | E59: =E101*E167 -> 3.4800389 | F59: =F101*F167 -> 0.15823688 | G59: =G101*G167 -> 621.87 | H59: =H101*H167 -> 3.1566667 | I59: =I101*I167 -> 0.096666667 | J59: =J101*J167 -> 2.083655 | K59: =K101*K167 -> 8.0266667 | ... N59: =N101*N167 -> 9.0533333 | O59: Comprehensive
... A85: =A42 -> 20 | B85: =B42 -> SRRG | C85: =SUM(D85:N85) -> 207.60338 | D85: =D127*D193 -> 48.5 | E85: =E127*E193 -> 0.51365977 | F85: =F127*F193 -> 0.36596408 | G85: =G127*G193 -> 83.751 | H85: =H127*H193 -> 0.063333333 | I85: =I127*I193 -> 0.056666667 | J85: =J127*J193 -> 0.062760433 | K85: =K127*K193 -> 4.32 | ... N85: =N127*N193 -> 0.043333333 | O85: Master's
B86: Total | C86: =SUM(C48:C85) -> 116262.74 | D86: =SUM(D48:D85) -> 5651.88 | E86: =SUM(E48:E85) -> 491.18169 | F86: =SUM(F48:F85) -> 10.256697 | G86: =SUM(G48:G85) -> 51843.946 | H86: =SUM(H48:H85) -> 139.72 | I86: =SUM(I48:I85) -> 11.983333 | J86: =SUM(J48:J85) -> 211.80449 | ... N86: =SUM(N48:N85) -> 509.25
A87: Weights
A88: FICE | B88: Name | C88: Total Weights | D88: Total Undergraduate Degrees | H88: Undergraduate Critical Field Degrees | I88: Math and Science Teaching Certificates | J88: Student Characteristic Adjusted Graduates | K88: At-Risk Degrees | L88: Retention Metrics | O88: Accountability Group
E89: Adjusted by 6-Year Graduation Rate | F89: per 100 FTSE | G89: Cost Weighted | L89: 30 Hours | M89: 60 Hours | N89: 90 Hours
A90: =A5 -> 3656 | B90: =B5 -> UTA | C90: =D90+E90+F90+L90+M90+N90 -> 0.66 | D90: =SUMIF($O$131:$O$135,$O90,D$131:D$135) -> 0.03 | E90: =SUMIF($O$131:$O$135,$O90,E$131:E$135) -> 0.01 | F90: =SUMIF($O$131:$O$135,$O90,F$131:F$135) -> 0.01 | G90: =SUMIF($O$131:$O$135,$O90,G$131:G$135) -> 0.3 | H90: =SUMIF($O$131:$O$135,$O90,H$131:H$135) -> 0.01 | I90: =SUMIF($O$131:$O$135,$O90,I$131:I$135) -> 0.01 | J90: =SUMIF($O$131:$O$135,$O90,J$131:J$135) -> 0.01 | K90: =SUMIF($O$131:$O$135,$O90,K$131:K$135) -> 0.01 | ... N90: =SUMIF($O$131:$O$135,$O90,N$131:N$135) -> 0.01 | O90: Emerging
A91: =A6 -> 3658 | B91: =B6 -> UT | C91: =D91+E91+F91+L91+M91+N91 -> 0.66 | D91: =SUMIF($O$131:$O$135,$O91,D$131:D$135) -> 0.03 | E91: =SUMIF($O$131:$O$135,$O91,E$131:E$135) -> 0.01 | F91: =SUMIF($O$131:$O$135,$O91,F$131:F$135) -> 0.01 | G91: =SUMIF($O$131:$O$135,$O91,G$131:G$135) -> 0.3 | H91: =SUMIF($O$131:$O$135,$O91,H$131:H$135) -> 0.01 | I91: =SUMIF($O$131:$O$135,$O91,I$131:I$135) -> 0.01 | J91: =SUMIF($O$131:$O$135,$O91,J$131:J$135) -> 0.01 | K91: =SUMIF($O$131:$O$135,$O91,K$131:K$135) -> 0.01 | ... N91: =SUMIF($O$131:$O$135,$O91,N$131:N$135) -> 0.01 | O91: Research
A92: =A7 -> 9741 | B92: =B7 -> UTD | C92: =D92+E92+F92+L92+M92+N92 -> 0.66 | D92: =SUMIF($O$131:$O$135,$O92,D$131:D$135) -> 0.03 | E92: =SUMIF($O$131:$O$135,$O92,E$131:E$135) -> 0.01 | F92: =SUMIF($O$131:$O$135,$O92,F$131:F$135) -> 0.01 | G92: =SUMIF($O$131:$O$135,$O92,G$131:G$135) -> 0.3 | H92: =SUMIF($O$131:$O$135,$O92,H$131:H$135) -> 0.01 | I92: =SUMIF($O$131:$O$135,$O92,I$131:I$135) -> 0.01 | J92: =SUMIF($O$131:$O$135,$O92,J$131:J$135) -> 0.01 | K92: =SUMIF($O$131:$O$135,$O92,K$131:K$135) -> 0.01 | ... N92: =SUMIF($O$131:$O$135,$O92,N$131:N$135) -> 0.01 | O92: Emerging
A93: =A8 -> 3661 | B93: =B8 -> UTEP | C93: =D93+E93+F93+L93+M93+N93 -> 0.66 | D93: =SUMIF($O$131:$O$135,$O93,D$131:D$135) -> 0.03 | E93: =SUMIF($O$131:$O$135,$O93,E$131:E$135) -> 0.01 | F93: =SUMIF($O$131:$O$135,$O93,F$131:F$135) -> 0.01 | G93: =SUMIF($O$131:$O$135,$O93,G$131:G$135) -> 0.3 | H93: =SUMIF($O$131:$O$135,$O93,H$131:H$135) -> 0.01 | I93: =SUMIF($O$131:$O$135,$O93,I$131:I$135) -> 0.01 | J93: =SUMIF($O$131:$O$135,$O93,J$131:J$135) -> 0.01 | K93: =SUMIF($O$131:$O$135,$O93,K$131:K$135) -> 0.01 | ... N93: =SUMIF($O$131:$O$135,$O93,N$131:N$135) -> 0.01 | O93: Emerging
A94: =A9 -> 3599 | B94: =B9 -> UTPA | C94: =D94+E94+F94+L94+M94+N94 -> 0.66 | D94: =SUMIF($O$131:$O$135,$O94,D$131:D$135) -> 0.03 | E94: =SUMIF($O$131:$O$135,$O94,E$131:E$135) -> 0.01 | F94: =SUMIF($O$131:$O$135,$O94,F$131:F$135) -> 0.01 | G94: =SUMIF($O$131:$O$135,$O94,G$131:G$135) -> 0.3 | H94: =SUMIF($O$131:$O$135,$O94,H$131:H$135) -> 0.01 | I94: =SUMIF($O$131:$O$135,$O94,I$131:I$135) -> 0.01 | J94: =SUMIF($O$131:$O$135,$O94,J$131:J$135) -> 0.01 | K94: =SUMIF($O$131:$O$135,$O94,K$131:K$135) -> 0.01 | ... N94: =SUMIF($O$131:$O$135,$O94,N$131:N$135) -> 0.01 | O94: Doctoral
A95: =A10 -> 30646 | B95: =B10 -> UTB | C95: =D95+E95+F95+L95+M95+N95 -> 0.64 | D95: =SUMIF($O$131:$O$135,$O95,D$131:D$135) -> 0.3 | E95: =SUMIF($O$131:$O$135,$O95,E$131:E$135) -> 0.01 | F95: =SUMIF($O$131:$O$135,$O95,F$131:F$135) -> 0.01 | G95: =SUMIF($O$131:$O$135,$O95,G$131:G$135) -> 0.3 | H95: =SUMIF($O$131:$O$135,$O95,H$131:H$135) -> 0.01 | I95: =SUMIF($O$131:$O$135,$O95,I$131:I$135) -> 0.01 | J95: =SUMIF($O$131:$O$135,$O95,J$131:J$135) -> 0.01 | K95: =SUMIF($O$131:$O$135,$O95,K$131:K$135) -> 0.03 | ... N95: =SUMIF($O$131:$O$135,$O95,N$131:N$135) -> 0.01 | O95: Master's
A96: =A11 -> 9930 | B96: =B11 -> UTPB | C96: =D96+E96+F96+L96+M96+N96 -> 0.64 | D96: =SUMIF($O$131:$O$135,$O96,D$131:D$135) -> 0.3 | E96: =SUMIF($O$131:$O$135,$O96,E$131:E$135) -> 0.01 | F96: =SUMIF($O$131:$O$135,$O96,F$131:F$135) -> 0.01 | G96: =SUMIF($O$131:$O$135,$O96,G$131:G$135) -> 0.3 | H96: =SUMIF($O$131:$O$135,$O96,H$131:H$135) -> 0.01 | I96: =SUMIF($O$131:$O$135,$O96,I$131:I$135) -> 0.01 | J96: =SUMIF($O$131:$O$135,$O96,J$131:J$135) -> 0.01 | K96: =SUMIF($O$131:$O$135,$O96,K$131:K$135) -> 0.03 | ... N96: =SUMIF($O$131:$O$135,$O96,N$131:N$135) -> 0.01 | O96: Master's
A97: =A12 -> 10115 | B97: =B12 -> UTSA | C97: =D97+E97+F97+L97+M97+N97 -> 0.66 | D97: =SUMIF($O$131:$O$135,$O97,D$131:D$135) -> 0.03 | E97: =SUMIF($O$131:$O$135,$O97,E$131:E$135) -> 0.01 | F97: =SUMIF($O$131:$O$135,$O97,F$131:F$135) -> 0.01 | G97: =SUMIF($O$131:$O$135,$O97,G$131:G$135) -> 0.3 | H97: =SUMIF($O$131:$O$135,$O97,H$131:H$135) -> 0.01 | I97: =SUMIF($O$131:$O$135,$O97,I$131:I$135) -> 0.01 | J97: =SUMIF($O$131:$O$135,$O97,J$131:J$135) -> 0.01 | K97: =SUMIF($O$131:$O$135,$O97,K$131:K$135) -> 0.01 | ... N97: =SUMIF($O$131:$O$135,$O97,N$131:N$135) -> 0.01 | O97: Emerging
A98: =A13 -> 11163 | B98: =B13 -> UTT | C98: =D98+E98+F98+L98+M98+N98 -> 0.64 | D98: =SUMIF($O$131:$O$135,$O98,D$131:D$135) -> 0.3 | E98: =SUMIF($O$131:$O$135,$O98,E$131:E$135) -> 0.01 | F98: =SUMIF($O$131:$O$135,$O98,F$131:F$135) -> 0.01 | G98: =SUMIF($O$131:$O$135,$O98,G$131:G$135) -> 0.3 | H98: =SUMIF($O$131:$O$135,$O98,H$131:H$135) -> 0.01 | I98: =SUMIF($O$131:$O$135,$O98,I$131:I$135) -> 0.01 | J98: =SUMIF($O$131:$O$135,$O98,J$131:J$135) -> 0.01 | K98: =SUMIF($O$131:$O$135,$O98,K$131:K$135) -> 0.03 | ... N98: =SUMIF($O$131:$O$135,$O98,N$131:N$135) -> 0.01 | O98: Master's
A99: =A14 -> 3632 | B99: =B14 -> TAMU | C99: =D99+E99+F99+L99+M99+N99 -> 0.66 | D99: =SUMIF($O$131:$O$135,$O99,D$131:D$135) -> 0.03 | E99: =SUMIF($O$131:$O$135,$O99,E$131:E$135) -> 0.01 | F99: =SUMIF($O$131:$O$135,$O99,F$131:F$135) -> 0.01 | G99: =SUMIF($O$131:$O$135,$O99,G$131:G$135) -> 0.3 | H99: =SUMIF($O$131:$O$135,$O99,H$131:H$135) -> 0.01 | I99: =SUMIF($O$131:$O$135,$O99,I$131:I$135) -> 0.01 | J99: =SUMIF($O$131:$O$135,$O99,J$131:J$135) -> 0.01 | K99: =SUMIF($O$131:$O$135,$O99,K$131:K$135) -> 0.01 | ... N99: =SUMIF($O$131:$O$135,$O99,N$131:N$135) -> 0.01 | O99: Research
A100: =A15 -> 10298 | B100: =B15 -> TAMUG | C100: =D100+E100+F100+L100+M100+N100 -> 0.96 | D100: =SUMIF($O$131:$O$135,$O100,D$131:D$135)*1.5 -> 0.45 | E100: =SUMIF($O$131:$O$135,$O100,E$131:E$135)*1.5 -> 0.015 | F100: =SUMIF($O$131:$O$135,$O100,F$131:F$135)*1.5 -> 0.015 | G100: =SUMIF($O$131:$O$135,$O100,G$131:G$135)*1.5 -> 0.45 | H100: =SUMIF($O$131:$O$135,$O100,H$131:H$135)*1.5 -> 0.015 | I100: =SUMIF($O$131:$O$135,$O100,I$131:I$135)*1.5 -> 0.015 | J100: =SUMIF($O$131:$O$135,$O100,J$131:J$135)*1.5 -> 0.015 | K100: =SUMIF($O$131:$O$135,$O100,K$131:K$135)*1.5 -> 0.045 | ... N100: =SUMIF($O$131:$O$135,$O100,N$131:N$135)*1.5 -> 0.015 | O100: Master's
A101: =A16 -> 3630 | B101: =B16 -> Prairie View | C101: =D101+E101+F101+L101+M101+N101 -> 0.66 | D101: =SUMIF($O$131:$O$135,$O101,D$131:D$135) -> 0.03 | E101: =SUMIF($O$131:$O$135,$O101,E$131:E$135) -> 0.01 | F101: =SUMIF($O$131:$O$135,$O101,F$131:F$135) -> 0.01 | G101: =SUMIF($O$131:$O$135,$O101,G$131:G$135) -> 0.3 | H101: =SUMIF($O$131:$O$135,$O101,H$131:H$135) -> 0.01 | I101: =SUMIF($O$131:$O$135,$O101,I$131:I$135) -> 0.01 | J101: =SUMIF($O$131:$O$135,$O101,J$131:J$135) -> 0.01 | K101: =SUMIF($O$131:$O$135,$O101,K$131:K$135) -> 0.01 | ... N101: =SUMIF($O$131:$O$135,$O101,N$131:N$135) -> 0.01 | O101: Comprehensive
A102: =A17 -> 3631 | B102: =B17 -> Tarleton | C102: =D102+E102+F102+L102+M102+N102 -> 0.66 | D102: =SUMIF($O$131:$O$135,$O102,D$131:D$135) -> 0.03 | E102: =SUMIF($O$131:$O$135,$O102,E$131:E$135) -> 0.01 | F102: =SUMIF($O$131:$O$135,$O102,F$131:F$135) -> 0.01 | G102: =SUMIF($O$131:$O$135,$O102,G$131:G$135) -> 0.3 | H102: =SUMIF($O$131:$O$135,$O102,H$131:H$135) -> 0.01 | I102: =SUMIF($O$131:$O$135,$O102,I$131:I$135) -> 0.01 | J102: =SUMIF($O$131:$O$135,$O102,J$131:J$135) -> 0.01 | K102: =SUMIF($O$131:$O$135,$O102,K$131:K$135) -> 0.01 | ... N102: =SUMIF($O$131:$O$135,$O102,N$131:N$135) -> 0.01 | O102: Comprehensive
A103: =A18 -> 103631 | B103: =B18 -> TAMUCT | C103: =D103+E103+F103+L103+M103+N103 -> 0.64 | D103: =SUMIF($O$131:$O$135,$O103,D$131:D$135) -> 0.3 | E103: =SUMIF($O$131:$O$135,$O103,E$131:E$135) -> 0.01 | F103: =SUMIF($O$131:$O$135,$O103,F$131:F$135) -> 0.01 | G103: =SUMIF($O$131:$O$135,$O103,G$131:G$135) -> 0.3 | H103: =SUMIF($O$131:$O$135,$O103,H$131:H$135) -> 0.01 | I103: =SUMIF($O$131:$O$135,$O103,I$131:I$135) -> 0.01 | J103: =SUMIF($O$131:$O$135,$O103,J$131:J$135) -> 0.01 | K103: =SUMIF($O$131:$O$135,$O103,K$131:K$135) -> 0.03 | ... N103: =SUMIF($O$131:$O$135,$O103,N$131:N$135) -> 0.01 | O103: Master's
A104: =A19 -> 11161 | B104: =B19 -> TAMUCC | C104: =D104+E104+F104+L104+M104+N104 -> 0.66 | D104: =SUMIF($O$131:$O$135,$O104,D$131:D$135) -> 0.03 | E104: =SUMIF($O$131:$O$135,$O104,E$131:E$135) -> 0.01 | F104: =SUMIF($O$131:$O$135,$O104,F$131:F$135) -> 0.01 | G104: =SUMIF($O$131:$O$135,$O104,G$131:G$135) -> 0.3 | H104: =SUMIF($O$131:$O$135,$O104,H$131:H$135) -> 0.01 | I104: =SUMIF($O$131:$O$135,$O104,I$131:I$135) -> 0.01 | J104: =SUMIF($O$131:$O$135,$O104,J$131:J$135) -> 0.01 | K104: =SUMIF($O$131:$O$135,$O104,K$131:K$135) -> 0.01 | ... N104: =SUMIF($O$131:$O$135,$O104,N$131:N$135) -> 0.01 | O104: Doctoral
A105: =A20 -> 3639 | B105: =B20 -> TAMUK | C105: =D105+E105+F105+L105+M105+N105 -> 0.66 | D105: =SUMIF($O$131:$O$135,$O105,D$131:D$135) -> 0.03 | E105: =SUMIF($O$131:$O$135,$O105,E$131:E$135) -> 0.01 | F105: =SUMIF($O$131:$O$135,$O105,F$131:F$135) -> 0.01 | G105: =SUMIF($O$131:$O$135,$O105,G$131:G$135) -> 0.3 | H105: =SUMIF($O$131:$O$135,$O105,H$131:H$135) -> 0.01 | I105: =SUMIF($O$131:$O$135,$O105,I$131:I$135) -> 0.01 | J105: =SUMIF($O$131:$O$135,$O105,J$131:J$135) -> 0.01 | K105: =SUMIF($O$131:$O$135,$O105,K$131:K$135) -> 0.01 | ... N105: =SUMIF($O$131:$O$135,$O105,N$131:N$135) -> 0.01 | O105: Doctoral
A106: =A21 -> 103639 | B106: =B21 -> TAMUSA | C106: =D106+E106+F106+L106+M106+N106 -> 0.64 | D106: =SUMIF($O$131:$O$135,$O106,D$131:D$135) -> 0.3 | E106: =SUMIF($O$131:$O$135,$O106,E$131:E$135) -> 0.01 | F106: =SUMIF($O$131:$O$135,$O106,F$131:F$135) -> 0.01 | G106: =SUMIF($O$131:$O$135,$O106,G$131:G$135) -> 0.3 | H106: =SUMIF($O$131:$O$135,$O106,H$131:H$135) -> 0.01 | I106: =SUMIF($O$131:$O$135,$O106,I$131:I$135) -> 0.01 | J106: =SUMIF($O$131:$O$135,$O106,J$131:J$135) -> 0.01 | K106: =SUMIF($O$131:$O$135,$O106,K$131:K$135) -> 0.03 | ... N106: =SUMIF($O$131:$O$135,$O106,N$131:N$135) -> 0.01 | O106: Master's
A107: =A22 -> 9651 | B107: =B22 -> TAMI | C107: =D107+E107+F107+L107+M107+N107 -> 0.66 | D107: =SUMIF($O$131:$O$135,$O107,D$131:D$135) -> 0.03 | E107: =SUMIF($O$131:$O$135,$O107,E$131:E$135) -> 0.01 | F107: =SUMIF($O$131:$O$135,$O107,F$131:F$135) -> 0.01 | G107: =SUMIF($O$131:$O$135,$O107,G$131:G$135) -> 0.3 | H107: =SUMIF($O$131:$O$135,$O107,H$131:H$135) -> 0.01 | I107: =SUMIF($O$131:$O$135,$O107,I$131:I$135) -> 0.01 | J107: =SUMIF($O$131:$O$135,$O107,J$131:J$135) -> 0.01 | K107: =SUMIF($O$131:$O$135,$O107,K$131:K$135) -> 0.01 | ... N107: =SUMIF($O$131:$O$135,$O107,N$131:N$135) -> 0.01 | O107: Comprehensive
