Workbook

Sheet Definitions
A1: Project Log - Level 3 Projects
A3: The project workbook allows project managers, team members, sponsors, and stakeholders to easily track and monitor project activities. Any of these worksheets can easily be broken out into separate documents.
A5: Suggested Sheets for All Projects
A6: Charter Lite | B6: The Project Charter Lite sheet can be used as a charter for small projects or a summarization of a full charter for larger projects.
A7: Project Directory | B7: The Project Directory is a sheet to be used to capture information about people that will participate in the project.
A8: Communication Plan | B8: The Communication Plan sheet allows you to detail your communication plan: how you are going to communicate, whom you will be communicating with, how often, in what format, etc.
A9: Schedule | B9: The schedule sheet contains a list of activities to be worked in order to fulfill the need expressed in the charter. Included in this sheet are Planned Start, Planned Finish, Actual Start, Actual Finish dates and a Responsibility field to designate who is responsible for making sure the work is completed for that activity.
A10: Risks | B10: The Risk Management Matrix sheet allows you to identify, qualify, quantify, and prioritize risks (events that might happen; the uncertainty of a project), create mitigation and contingency plans, and assign risks owners.
A11: Action Items | B11: The Action Items sheet allows you to track and monitor action items assigned to team members. Action items are tasks that must be done but are too insignificant from a time perspective to track in your project schedule.
A12: Issues | B12: The Issues Log sheet allows you to identify and monitor project issues (unplanned events that have happened).
A13: Decisions | B13: The Decision Log sheet allows you to track all major decisions made during the course of the project.
A14: Changes | B14: The Changes Log sheet allows you to track the changes that have been approved for the project.
A15: Parking Lot | B15: The Parking Lot Log sheet allows you to track things to be discussed at a later date.
A16: Quality | B16: The Quality Log sheet allows you to track quality metrics for your project. This is an optional tab and can be used at the project manager's discretion.

Sheet Charter Lite
A1: Project | C1: Sponsor
A2: Project Manager | C2: Date Updated
A3: Background
A4: Business need and business benefits
A5: Objectives
A6: Scope | B6: In Scope | C6: Out of Scope
A10: Deliverables | B10: Deliverables | C10: Due Date
A14: Key Considerations | B14: Assumptions & Constraints
A19: Success criteria | B19: 1 -
B20: 2 -
B21: 3 -
A22: Signatures | B22: Signature
A23: Sponsor
B24: Printed name
B26: Date
A28: Project Manager
B30: Signature
B32: Printed name
B34: Date

Sheet Project Directory
A1: Project | B1: ='Charter Lite'!B1 -> 0 | C1: Sponsor | D1: ='Charter Lite'!D1 -> 0
A2: Project Manager | B2: ='Charter Lite'!B2 -> 0 | C2: Date Updated | D2: ='Charter Lite'!D2 -> 0
A5: Name | B5: Role | C5: Agency | D5: Phone | E5: Email

Sheet Communications Plan
A1: Project | C1: ='Charter Lite'!B1 -> 0 | D1: Sponsor | E1: ='Charter Lite'!D1 -> 0
A2: Project manager | C2: ='Charter Lite'!B2 -> 0 | D2: Updated | E2: ='Charter Lite'!D2 -> 0
A4: ID | B4: Communication | C4: Description | D4: Frequency | E4: Format | F4: Owner | G4: Recipient/ Attendees
A5: 1 | B5: What type of communication is this? | C5: What is the description of the contents/purpose of this communication? | D5: How often? | E5: Email, Report | F5: Who sends? | G5: Who gets?

Sheet Schedule
A1: Project Name | C1: ='Charter Lite'!B1 -> 0 | E1: Sponsor | G1: ='Charter Lite'!D1 -> 0
A2: Project Manager | C2: ='Charter Lite'!B2 -> 0 | E2: Date Updated | G2: ='Charter Lite'!D2 -> 0
A4: ID | B4: Name | C4: Planned Start | D4: Planned Finish | E4: Actual Start | F4: Actual Finish | G4: Responsibility
A5: 1
A6: =A5+1 -> 2
A7: =A6+1 -> 3
A8: =A7+1 -> 4
A9: =A8+1 -> 5
A10: =A9+1 -> 6
A11: =A10+1 -> 7
A12: =A11+1 -> 8
A13: =A12+1 -> 9
A14: =A13+1 -> 10
A15: =A14+1 -> 11
A16: =A15+1 -> 12
A17: =A16+1 -> 13
... A34: =A33+1 -> 30

Sheet Risks
A1: Project Name | C1: ='Charter Lite'!B1 -> 0 | D1: Sponsor | E1: ='Charter Lite'!D1 -> 0
A2: Project Manager | C2: ='Charter Lite'!B2 -> 0 | D2: Date Updated | E2: ='Charter Lite'!D2 -> 0
A4: ID | B4: Description | C4: Date Opened | D4: Mitigation | E4: Risk Owner | F4: Notes | G4: Area
A5: 1
A6: 2
A7: 3
A8: 4
A9: 5
A10: 6
A11: 7
A12: 8
A13: 9
A14: 10
A15: 11
A16: 12
... A20: 16
C23: Area | D23: Count
C24: Scope | D24: =COUNTIF(F5:F798, "Scope") -> 0
C25: Schedule | D25: =COUNTIF(F5:F908,"Schedule") -> 0
C26: Budget | D26: =COUNTIF(F5:F901,"Budget") -> 0
C27: Technology | D27: =COUNTIF(F5:F895,"Technology") -> 0

Sheet Action Items
A1: Project Name | C1: ='Charter Lite'!B1 -> 0 | E1: Sponsor | G1: ='Charter Lite'!D1 -> 0
A2: Project Manager | C2: ='Charter Lite'!B2 -> 0 | E2: Date Updated | G2: ='Charter Lite'!D2 -> 0
A4: ID | B4: Description | C4: Assigned To | D4: Date Opened | E4: Due Date | F4: Date Closed | G4: Status | H4: Notes
A5: 1
A6: 2
A7: 3
A8: 4
A9: 5
A10: 6
A11: 7
A12: 8
A13: 9
A14: 10
A15: 11
A16: 12
... A28: 24

Sheet Issues
A1: Project Name | C1: ='Charter Lite'!B1 -> 0 | E1: Sponsor | G1: ='Charter Lite'!D1 -> 0
A2: Project Manager | C2: ='Charter Lite'!B2 -> 0 | E2: Date Updated | G2: ='Charter Lite'!D2 -> 0
A4: ID | B4: Description | C4: Assigned To | D4: Date Opened | E4: Due Date | F4: Date Closed | G4: Status | H4: Notes
A5: 1
A6: 2
A7: 3
A8: 4
A9: 5
A10: 6
A11: 7
A12: 8
A13: 9
A14: 10
A15: 11
A16: 12
... A28: 24

Sheet Decisions
A1: Project Name | C1: ='Charter Lite'!B1 -> 0 | D1: Sponsor | E1: ='Charter Lite'!D1 -> 0
A2: Project Manager | C2: ='Charter Lite'!B2 -> 0 | D2: Date Updated | E2: ='Charter Lite'!D2 -> 0
A4: ID | B4: Decision Made | C4: Made by | D4: Date Made | E4: Notes
A5: 1
A6: 2
A7: 3
A8: 4
A9: 5
A10: 6
A11: 7
A12: 8
A13: 9

Sheet Changes
A1: Project Name | C1: ='Charter Lite'!B1 -> 0 | E1: Sponsor | G1: ='Charter Lite'!D1 -> 0
A2: Project Manager | C2: ='Charter Lite'!B2 -> 0 | E2: Date Updated | G2: ='Charter Lite'!D2 -> 0
A5: ID | B5: Description | C5: Priority (L/M/H) | D5: Date Reported | E5: Requested By | F5: Status | G5: Assigned To | H5: Date Closed | I5: Resolution/Comments

Sheet Parking Lot
A1: Project Name | C1: ='Charter Lite'!B1 -> 0 | E1: Sponsor | G1: ='Charter Lite'!D1 -> 0
A2: Project Manager | C2: ='Charter Lite'!B2 -> 0 | E2: Date Updated | G2: ='Charter Lite'!D2 -> 0
A6: ID | B6: Description | C6: Requestor | D6: Date Opened | E6: Date Closed | F6: Notes | G6: Status
A7: 1
A8: 2
A9: 3
E30: Status | F30: Count
E31: Closed | F31: =COUNTIF(G7:G826,"Closed") -> 0
E32: On-Hold | F32: =COUNTIF(G7:G798,"On-Hold") -> 0

Sheet Quality (Optional)
A1: Project Name | C1: ='Charter Lite'!B1 -> 0 | H1: Sponsor | J1: ='Charter Lite'!D1 -> 0
A2: Project Manager | C2: ='Charter Lite'!B2 -> 0 | H2: Date Updated | J2: ='Charter Lite'!D2 -> 0
A4: Software Defects | B4: Months
B5: 1 | C5: 2 | D5: 3 | E5: 4 | F5: 5 | G5: 6 | H5: 7 | I5: 8 | J5: 9 | K5: 10 | L5: 11 | M5: 12
A6: System Test
A7: Severity High
A8: High - Open
A9: High - Closed
A10: High - Total
A12: Severity Medium
A13: Medium - Open
A14: Medium - Closed
A15: Medium - Total
A17: Severity Low
A18: Low - Open
A19: Low - Closed
A20: Low - Total
A22: Total Open | B22: =B8+B13+B18 -> 0 | C22: =C8+C13+C18 -> 0 | D22: =D8+D13+D18 -> 0 | E22: =E8+E13+E18 -> 0 | F22: =F8+F13+F18 -> 0 | G22: =G8+G13+G18 -> 0 | H22: =H8+H13+H18 -> 0 | I22: =I8+I13+I18 -> 0 | ... M22: =M8+M13+M18 -> 0
A23: Total Closed | B23: =B9+B14+B19 -> 0 | C23: =C9+C14+C19 -> 0 | D23: =D9+D14+D19 -> 0 | E23: =E9+E14+E19 -> 0 | F23: =F9+F14+F19 -> 0 | G23: =G9+G14+G19 -> 0 | H23: =H9+H14+H19 -> 0 | I23: =I9+I14+I19 -> 0 | ... M23: =M9+M14+M19 -> 0
A24: Total Defects | B24: =B10+B15+B20 -> 0 | C24: =C10+C15+C20 -> 0 | D24: =D10+D15+D20 -> 0 | E24: =E10+E15+E20 -> 0 | F24: =F10+F15+F20 -> 0 | G24: =G10+G15+G20 -> 0 | H24: =H10+H15+H20 -> 0 | I24: =I10+I15+I20 -> 0 | ... M24: =M10+M15+M20 -> 0
A26: Acceptance Test
A27: Severity High
A28: High - Open
A29: High - Closed
A30: High - Total
A32: Severity Medium
A33: Medium - Open
A34: Medium - Closed
A35: Medium - Total
A37: Severity Low
A38: Low - Open
A39: Low - Closed
A40: Low - Total
A42: Total Open | B42: =B28+B33+B38 -> 0 | C42: =C28+C33+C38 -> 0 | D42: =D28+D33+D38 -> 0 | E42: =E28+E33+E38 -> 0 | F42: =F28+F33+F38 -> 0 | G42: =G28+G33+G38 -> 0 | H42: =H28+H33+H38 -> 0 | I42: =I28+I33+I38 -> 0 | ... M42: =M28+M33+M38 -> 0
A43: Total Closed | B43: =B29+B34+B39 -> 0 | C43: =C29+C34+C39 -> 0 | D43: =D29+D34+D39 -> 0 | E43: =E29+E34+E39 -> 0 | F43: =F29+F34+F39 -> 0 | G43: =G29+G34+G39 -> 0 | H43: =H29+H34+H39 -> 0 | I43: =I29+I34+I39 -> 0 | ... M43: =M29+M34+M39 -> 0
A44: Total Defects | B44: =B30+B35+B40 -> 0 | C44: =C30+C35+C40 -> 0 | D44: =D30+D35+D40 -> 0 | E44: =E30+E35+E40 -> 0 | F44: =F30+F35+F40 -> 0 | G44: =G30+G35+G40 -> 0 | H44: =H30+H35+H40 -> 0 | I44: =I30+I35+I40 -> 0 | ... M44: =M30+M35+M40 -> 0
