Workbook
Name Input: Bioretention!$C$11:$C$13,Bioretention!$C$16,Bioretention!$C$20,Bioretention!$C$25,Bioretention!$C$34:$C$36,Bioretention!$C$39,Bioretention!$C$43,Bioretention!$C$48
Name Input: 'Buffer Strip'!$C$9
Name Input: 'Detention Pond'!$C$9,'Detention Pond'!$C$13:$C$16
Name Input: 'Detention Vault'!$C$10:$C$12,'Detention Vault'!$C$23:$C$24
Name Input: 'Infiltration Basin'!$C$9:$C$10,'Infiltration Basin'!$C$15:$C$16,'Infiltration Basin'!$C$18
Name Input: 'Media Filter'!$C$10:$C$13,'Media Filter'!$C$17,'Media Filter'!$C$24,'Media Filter'!$C$27,'Media Filter'!$C$35:$C$36
Name Input: 'Permeable Pavement'!$C$10:$C$12,'Permeable Pavement'!$C$15,'Permeable Pavement'!$C$21:$C$22,'Permeable Pavement'!$C$27
Name Input: 'Swales-Flow'!$C$10:$C$13,'Swales-Flow'!$C$22:$C$23,'Swales-Flow'!$C$30
Name Input: 'Swales-Volume'!$C$10:$C$14,'Swales-Volume'!$C$17,'Swales-Volume'!$C$25,'Swales-Volume'!$C$31:$C$32
Name Input: VRF!$C$10,VRF!$C$16,VRF!$C$20,VRF!$C$26,VRF!$C$39,VRF!$C$41
Name Input: 'Wet Ponds_Wetlands'!$C$9,'Wet Ponds_Wetlands'!$C$12,'Wet Ponds_Wetlands'!$C$17:$C$18,'Wet Ponds_Wetlands'!$C$20:$C$22

Sheet Readme
A1: Introduction to the Non-Potable Water Calculator
B3: PURPOSE OF THE CALCULATOR TOOL
B4: The SFPUC has developed this tool to estimate a building's onsite:
B5: A) Non-potable water demands
B6: B) Onsite supplies that can be generated through collection and reuse of rainwater, stormwater, graywater, blackwater, and/or foundation drainage
B8: This calculator is designed primarily for the following new building types which make up the majority of projected future development in the San Francisco Planning Department's Pipeline Report: ● Multi-family residential ● Mixed Use (e.g. residential uses and multiple commercial uses are present within a building) ● Typical urban commercial uses (e.g. office, retail, services, restaurants and hotels)
B14: This calculator may also be applied in other building uses not listed above; however buildings with unique water use profiles (e.g. significantly high water demands or specific water quality requirements for end uses) should conduct an independent water accounting analysis.
B17: Note that this calculator is meant for water budget accounting purposes only and should not be used as a design or optimization tool.
B19: The NP Calculator is intended to help generate initial estimates. The Users should verify the assumptions provided when generating specific
B20: project demands and update assumptions as appropriate.
B22: The NP Calculator will be updated as more user feedback is collected. A future version of the tool will allow for the inclusion of hotel guest demands
B23: along with the typical commercial demand assumptions and calculations.
B25: HOW TO USE THE CALCULATOR TOOL
... B33: This calculator is laid out in seven (8) worksheets. The worksheets are summarized below:
B35: Worksheet No. | C35: Description
B36: Step 1 | C36: Enter Project Information
B37: Step 2 | C37: Calculate Indoor Water Demand (Indoor Fixtures and Fittings)
B38: Step 3 | C38: Calculate Indoor Non-Potable Supply (Graywater, Blackwater, Foundation Drainage)
B39: Step 4 | C39: Calculate Outdoor Water Demand (Landscape Irrigation, Outdoor Water Features)
B40: Step 5 | C40: Calculate Outdoor Water Supply (Rainwater and Stormwater Harvesting)
B41: Step 6 | C41: Summary of Building Potential
B42: Step 7 | C42: Define Project Non-Potable Demands and Supplies
B43: Step 8 | C43: Printable Summary of Building Information, Site Demands, and Site Supplies
B45: CALCULATOR USE ASSUMPTIONS
B47: 1. It is assumed that the main users of this calculator will be designated project team members (e.g. project engineer or manager) and SFPUC review staff with basic knowledge of Microsoft Excel.
B49: 2. The level of detail required for building information inputs into the calculator assumes that the project is at a schematic or design development phase.
B51: 3. The estimated level of effort for a user to enter information in this calculator is approximately 4 to 6 hours, depending on the complexity of the project. Note that this estimate does not include the time taken to consolidate relevant building information, or conduct external analysis of other specified demands or supplies not included in the default calculations provided in the calculator.
B55: >>> Click on the next tab "1. Building Information" to begin

Sheet 1. Building Information
A1: NON-POTABLE WATER CALCULATOR
A2: Step 1 of 7: Enter Project Information
B4: Instructions: | G4: LEGEND:
B5: This page includes general project information, building use description, site coverage and project location. Please fill in all user input fields in Sections A, B, C and D of this page before proceeding to the next page. Instructions for user input for each section are noted below in red italics. | G5: User Input
G6: Default Value
G7: Autogenerated Value
B9: A. GENERAL INFORMATION
B10: User Input Instructions:
B11: Enter general project information below.
B13: Project Name: | C13: ABC Building | E13: <-- Name of Project
B15: Project Address: | E15: <--Address of Project
B19: Block Lot(s): | E19: <--4-digit assessor block + 3-digit assessor's lot number
B21: Project Date: | D21: Estimated project construction date
B23: Project Contact: | E23: <--Name
E24: <--Contact No.
E25: <--E-mail Address
B27: Total Lot Size (ft2) | D27: <--Total area of lot/parcel
B29: Total Building Size (gross square footage/GSF) | D29: <--Total gross square footage of building
B31: No. of Building Operation Days in a Year | D31: <--No. of days the building is operational (typically 365 days for residential, 250-260 days for 5-day work week facilities)
B33: B. BUILDING USE
B34: User Input Instructions:
B35: Select building use type based on the definitions provided in Table 1.
B37: Land Use: | C37: Select One Land Use | D37: <--Select from dropdown menu - see definitions in Table 1
B39: Table 1. Land Use Categories (Source: SF Planning Department Pipeline Report Development Profile)
B40: Select One Land Use | C40: DEFINITION
B41: CIE | C41: CIE - Cultural, Institutional, Educational includes educational services, social services, museums, zoos, and membership organizations.
B42: MED | C42: MED - Medical includes health services offices and hospitals and laboratories throughout the City.
B43: MIPS | C43: MIPS - Largely any activity where information is the chief commodity that is processed (managerial, information, professional, business services, multi-media).
B44: PDF | C44: PDF - Production, Distribution and Repair includes automobile and other repair services throughout the City, plus construction, transportation, communications, utilities, agriculture mining, manufacturing, wholesale trade, and motion picture production distribution, and services located outside of the downtown, transbay, and Northeast Districts. Does not include undeveloped or vacant land area used for PDR activities such as construction yards or open storage areas.
B45: Retail/Ent | C45: Retail/Ent - Retail includes retail trade, amusement and recreation services, and personal services throughout the City.
B46: Visitor/Hotel | C46: Visitor (or Hotel) includes hotels and other lodging located throughout the City.
B47: Mixres | C47: Mixres (when both commercial and residential uses are proposed).
B48: Mixed | C48: Mixed (when no residential use present and when multiple commercial uses are proposed and not one is dominating (>80% of commercial square feet).
B49: Resident | C49: Resident is used to denote any residential project where there is no commercial component.
B52: COMMERCIAL
B53: User Input Instructions:
B54: Provide a breakdown of project square footage based on the space types within the building. Projects must utilize the default gross square footage (GSF) occupancy counts provided in Columns D and E in the table below. Where the provided space types are not applicable, please indicate the space type or types in your building and the associated occupancy counts. Gross Area (GSF) = Net Usable Area + Structural Space
B56: Source: LEED Reference Guide for Green Building Design and Construction, 2009 Edition. Core & Shell Appendix 1 - Default Occupancy Counts.
B58: COMMERCIAL USE BREAKDOWN | F58: COMMERCIAL USE OCCUPANCY
B60: A | C60: B | E60: C | G60: D | I60: E | K60: F | L60: G
B61: Space Type | C61: Description | E61: Gross Area (GSF) | G61: GSF per occupant | I61: GSF per occupant | K61: No. of Full-Time Equivalents (FTE) | L61: No. of Transient FTEs
B62: Space Type | C62: Describe Space Type | E62: Enter GSF where applicable | G62: FTE | I62: Transient FTE | K62: Calculated based on data in Columns E and F
B63: General Office | E63: 1 | F63: / | G63: 250 | H63: / | I63: 0 | K63: =E63/G63 -> 0.004 | L63: 0
B64: Retail, general | F64: / | G64: 550 | H64: / | I64: 130 | K64: =E64/G64 -> 0 | L64: =E64/I64 -> 0
B65: Service (e.g. financial, auto) | F65: / | G65: 600 | H65: / | I65: 130 | K65: =E65/G65 -> 0 | L65: =E65/I65 -> 0
B66: Restaurant | F66: / | G66: 435 | H66: / | I66: 95 | K66: =E66/G66 -> 0 | L66: =E66/I66 -> 0
B67: Grocery store | F67: / | G67: 550 | H67: / | I67: 115 | K67: =E67/G67 -> 0 | L67: =E67/I67 -> 0
B68: Medical office | F68: / | G68: 225 | H68: / | I68: 330 | K68: =E68/G68 -> 0 | L68: =E68/I68 -> 0
B69: R&D or laboratory | F69: / | G69: 400 | H69: / | I69: 0 | K69: =E69/G69 -> 0 | L69: 0
B70: Warehouse, distribution | F70: / | G70: 2500 | H70: / | I70: 0 | K70: =E70/G70 -> 0 | L70: 0
B71: Warehouse, storage | F71: / | G71: 20000 | H71: / | I71: 0 | K71: =E71/G71 -> 0 | L71: 0
B72: Hotel | F72: / | G72: 1500 | H72: / | I72: 700 | K72: =E72/G72 -> 0 | L72: =E72/I72 -> 0
B73: Educational, daycare | F73: / | G73: 630 | H73: / | I73: 105 | K73: =E73/G73 -> 0 | L73: =E73/I73 -> 0
B74: Educational, K-12 | F74: / | G74: 1300 | H74: / | I74: 140 | K74: =E74/G74 -> 0 | L74: =E74/I74 -> 0
B75: Educational, postsecondary | F75: / | G75: 2100 | H75: / | I75: 150 | K75: =E75/G75 -> 0 | L75: =E75/I75 -> 0
B76: Other <Please Specify> | F76: / | H76: / | K76: =E76/G76 -> #DIV/0! | L76: =E76/I76 -> #DIV/0!
B77: Other <Please Specify> | F77: / | H77: / | K77: =E77/G77 -> #DIV/0! | L77: =E77/I77 -> #DIV/0!
B78: Other <Please Specify> | F78: / | H78: / | K78: =E78/G78 -> #DIV/0! | L78: =E78/I78 -> #DIV/0!
B79: TOTAL | E79: =SUM(E63:E78) -> 1 | K79: =SUM(K63:K75) -> 0.004 | L79: =SUM(L63:L75) -> 0
E80: =IF(E79<>C29,"!!!Gross Area Square Footage Values do not summ to the Total Building Size in Cell C29; Please update C29 or cells above","") -> !!!Gross Area Square Footage Values do not summ to the Total Building Size in Cell C29; Please update C29 or cells above
B82: RESIDENTIAL (For Projects Designated as Mixres or Resident)
B83: User Input Instructions:
B84: For projects that are residential or include residential units, please provide the number of residential units below. The default type of residential unit assumed is multi-family residential.
B86: Residential type: | D86: Multi-family | E86: Default assumed as multi-family housing.
B88: Persons per Household Unit: | D88: 2.01 | E88: Default assumed from 2011 Retail Demand Model Update - Household and Persons per Household Projections.
B90: No. of residential units: | D90: 1 | E90: <--Enter the number of residential units in the project.
B92: No. of residential occupants: | D92: =D88*D90 -> 2.01 | E92: Total number of residential occupants in the project based on default persons per household unit.
B95: C. SITE COVERAGE
B96: User Input Instructions:
B97: Enter the site's proposed areas of impervious and landscaped surfaces.
B99: Impervious Surfaces - Above Grade | C99: Proposed (ft2)
B100: Roof (Conventional) | C100: 1 | D100: <--Enter information here
B101: Other <Please Specify> | C101: 0 | D101: <--Other areas may include roof decks, balconies that are above ground level.
B102: Total | C102: =SUM(C100:C101) -> 1
B104: Impervious Surfaces - At or Below Grade | C104: Proposed (ft2)
B105: Pavement (Conventional) | C105: 1 | D105: <--Enter information here
B106: Other <Please Specify> | C106: 0 | D106: <--Other areas may include paved roads or right-of-way, etc.
B107: Other <Please Specify> | C107: 0 | D107: <--Other areas may include paved roads or right-of-way, etc.
B108: Total | C108: =SUM(C105:C107) -> 1
B110: Landscaped Area | C110: Proposed (ft2)
B111: Turfgrass | C111: 1 | D111: <--Enter turfgrass information here
B112: Landscaped Area | C112: 0 | D112: <--Enter landscaped area information here
B113: Green Roof | C113: 0 | D113: <--Enter green roof information here
B114: Other <Please Specify> | C114: 0 | D114: <--Enter information here
B115: Total | C115: =SUM(C111:C114) -> 1
B118: D. SITE LOCATION
B119: User Input Instructions:
B120: Select from the dropdown menu whether the project is located on the Westside or Eastside of San Francisco based on the map shown below.
B122: Site Location relative to Evapotranspiration Zone | C122: Eastern SF | D122: <--Select from dropdown menu whether the site is located in western or eastern San Francisco. | M122: Select Zone
M123: Eastern SF
M124: Western SF
B169: >>> Please proceed on to Step 2: Calculate Indoor Water Demand

Sheet 2. Indoor Water Demand
A1: NON-POTABLE WATER CALCULATOR
A2: Step 2 of 7: Calculate Indoor Water Demand (Indoor Fixtures and Fittings)
B4: Project Name: | G4: LEGEND:
B5: ='1. Building Information'!$C$13 -> ABC Building | G5: User Input
G6: Linked from User Input
B7: Instructions: | G7: Default Value
B8: Annual indoor water demand is calculated based on water demand from domestic fixtures and fittings, using assumed usage rates based on the building uses and occupancy profiles entered in Step 1. User input is required in Section D at the end of this page. | G8: Autogenerated Value
B13: A. COMMERCIAL WATER DEMAND (No user input needed - auto-calculated from Step 1 inputs)
B15: Total Water Demand (gpd) = (Flow Rate x Duration x Ave Daily Use x No. of FTEs) + (Flow Rate x Duration x Ave Daily Use (Transient FTE) x No. of Transient FTEs)
B17: Fixture Type | C17: Flow Rate | D17: Unit | E17: Duration(7) | F17: Unit | G17: Ave Daily Use (7) | H17: No. of FTEs | I17: Ave Daily Use (Transient) (6)(7) | J17: No. of Transient FTEs | K17: Total Water Demand (gpd) | L17: Allowable End Use for Non-Potable? | N17: Total Potable Demand (gpd) | O17: Total Potential Non-Potable Demand (gpd)
B18: Showerhead (1)(2)(7)(8) | C18: 2 | D18: gpm | E18: 5 | F18: min | G18: 0.65 | H18: ='1. Building Information'!K72+0.5%*'1. Building Information'!K63 -> 2e-05 | I18: 0 | J18: ='1. Building Information'!L72+0.5%*'1. Building Information'!L63 -> 0 | K18: =(C18*E18*G18*H18)+(C18*E18*I18*J18) -> 0.00013 | L18: No | N18: =IF(L18="No",K18,0) -> 0.00013 | O18: =IF(L18="No",0,K18) -> 0
B19: Lavatory Faucet (2) | C19: 0.4 | D19: gpm | E19: 0.25 | F19: min | G19: 3 | H19: ='1. Building Information'!K79 -> 0.004 | I19: 0.5 | J19: ='1. Building Information'!L79 -> 0 | K19: =(C19*E19*G19*H19)+(C19*E19*I19*J19) -> 0.0012 | L19: No | N19: =IF(L19="No",K19,0) -> 0.0012 | O19: =IF(L19="No",0,K19) -> 0
B20: Urinals (2)(3) | C20: 0.5 | D20: gpf | E20: 1 | F20: flush | G20: 1.74 | H20: ='1. Building Information'!K79*0.5 -> 0.002 | I20: 0.4 | J20: ='1. Building Information'!L79*0.5 -> 0 | K20: =(C20*E20*G20*H20)+(C20*E20*I20*J20) -> 0.00174 | L20: Yes | N20: =IF(L20="No",K20,0) -> 0 | O20: =IF(L20="No",0,K20) -> 0.00174
B21: Toilet (Water Closet) (2)(3) | C21: 1.28 | D21: gpf | E21: 1 | F21: flush | G21: 1.74 | H21: ='1. Building Information'!K79 -> 0.004 | I21: 0.5 | J21: ='1. Building Information'!L79 -> 0 | K21: =(C21*E21*G21*H21)+(C21*E21*I21*J21) -> 0.0089088 | L21: Yes | N21: =IF(L21="No",K21,0) -> 0 | O21: =IF(L21="No",0,K21) -> 0.0089088
B22: Kitchen Faucet (2)(4) | C22: 1.8 | D22: gpm | E22: =15/60 -> 0.25 | F22: min | G22: 1 | H22: ='1. Building Information'!K63+'1. Building Information'!K67+'1. Building Information'!K68+'1. Building Information'!K69+'1. Building Information'!K73+'1. Building Information'!K74+'1. Building Information'!K75 -> 0.004 | I22: 0 | J22: ='1. Building Information'!L63+'1. Building Information'!L67+'1. Building Information'!L68+'1. Building Information'!L69+'1. Building Information'!L73+'1. Building Information'!L74+'1. Building Information'!L75 -> 0 | K22: =(C22*E22*G22*H22)+(C22*E22*I22*J22) -> 0.0018 | L22: No | N22: =IF(L22="No",K22,0) -> 0.0018 | O22: =IF(L22="No",0,K22) -> 0
B23: Low Flow Sprayer - Restaurants (5) | C23: 82.51 | D23: gal/emp/day | E23: 1 | F23: - | G23: 1 | H23: ='1. Building Information'!K66 -> 0 | I23: 0 | J23: ='1. Building Information'!L66 -> 0 | K23: =(C23*E23*G23*H23)+(C23*E23*I23*J23) -> 0 | L23: No | N23: =IF(L23="No",K23,0) -> 0 | O23: =IF(L23="No",0,K23) -> 0
B24: TOTAL | K24: =SUM(K18:K23) -> 0.0137788 | N24: =SUM(N18:N23) -> 0.00313 | O24: =SUM(O18:O23) -> 0.0106488
B26: Notes: | J26: Key
B27: (1) Applied to 0.5% of FTEs in Hotel and General Office uses. | J27: gpm: gallons per minute
B28: (2) Flow rate based on maximum flow rate prescribed by 2011 SF Green Building Requirements for the Prescriptive Approach (Table 13C.5.303.2.3). | J28: gpf: gallons per flush
B29: (3) Durations and Ave Daily Use (FTE) from 2011 SFPUC Water Demand Conservation Model (Retail Model for Non-Residential). | J29: gal/emp/day: gallons per employee per day
B30: (4) Applied to General Office, Grocery Store, Medical Office, R&D or Laboratory, and Educational Facilities.
B31: (5) From 2011 SFPUC Water Demand Conservation Model (Retail Model for Non-Residential), Estimated Usage for Nonresidential Low-Flow Sprayers in Restaurants.
B32: (6) From LEED 2009 Water Use Reduction Additional Guidance (Revision 3). Updated July 14, 2011. Table 1. Non-residential Default Fixture Usage Rates
B33: (7) Hotel property developers may need to manually increase the default values of Duration and Average Daily Use for showerheads to account for transients (hotel guests).
B34: A future version of the NP Calculator will enable for separation of hotel information.
B35: (8) Ave. Daily Use value from 2011 SFPUC Water Demand Conservation Model.
B37: B. MULTI-FAMILY RESIDENTIAL WATER DEMAND (No user input needed - auto-calculated from Step 1 inputs)
B39: Total Water Demand (gpd) = Flow Rate x Duration x Ave Daily Use x No. of Occupants
B41: Fixture Type (Daily Use) | C41: Flow Rate | D41: Unit | E41: Duration (4) | F41: Unit | G41: Ave Daily Use (4) | H41: No. of occupants | I41: Total Water Demand (gpd) | J41: Allowable End Use for Non-Potable? | N41: Total Potable Demand (gpd) | O41: Total Potential Non-Potable Demand (gpd)
B42: Showerhead (1) | C42: 2 | D42: gpm | E42: 8.2 | F42: min | G42: 0.65 | H42: ='1. Building Information'!$D$92 -> 2.01 | I42: =C42*E42*G42*H42 -> 21.4266 | J42: No | N42: =IF(J42="No",I42,0) -> 21.4266 | O42: =IF(J42="No",0,I42) -> 0
B43: Bathroom Faucet (2) | C43: 1.3 | D43: gpm | E43: 1.5 | F43: min | G43: 1 | H43: ='1. Building Information'!$D$92 -> 2.01 | I43: =C43*E43*G43*H43 -> 3.9195 | J43: No | N43: =IF(J43="No",I43,0) -> 3.9195 | O43: =IF(J43="No",0,I43) -> 0
B44: Bath (2) | C44: 25 | D44: gal/bath | E44: 1 | F44: bath | G44: 0.1 | H44: ='1. Building Information'!$D$92 -> 2.01 | I44: =C44*E44*G44*H44 -> 5.025 | J44: No | N44: =IF(J44="No",I44,0) -> 5.025 | O44: =IF(J44="No",0,I44) -> 0
B45: Washing Machine (3) | C45: 36.9 | D45: gal/cycle | E45: 1 | G45: 0.31 | H45: ='1. Building Information'!$D$92 -> 2.01 | I45: =C45*E45*G45*H45 -> 22.99239 | J45: No | N45: =IF(J45="No",I45,0) -> 22.99239 | O45: =IF(J45="No",0,I45) -> 0
B46: Toilet (Water Closet) (1) | C46: 1.28 | D46: gpf | E46: 1 | F46: flush | G46: 4.75 | H46: ='1. Building Information'!$D$92 -> 2.01 | I46: =C46*E46*G46*H46 -> 12.2208 | J46: Yes | N46: =IF(J46="No",I46,0) -> 0 | O46: =IF(J46="No",0,I46) -> 12.2208
B47: Kitchen Faucet (1) | C47: 1.8 | D47: gpm | E47: 7.82 | F47: min | G47: 1 | H47: ='1. Building Information'!$D$92 -> 2.01 | I47: =C47*E47*G47*H47 -> 28.29276 | J47: No | N47: =IF(J47="No",I47,0) -> 28.29276 | O47: =IF(J47="No",0,I47) -> 0
B48: Dishwasher (3) | C48: 11.15 | D48: gal/cycle | E48: 1 | G48: 0.04 | H48: ='1. Building Information'!$D$92 -> 2.01 | I48: =C48*E48*G48*H48 -> 0.89646 | J48: No | N48: =IF(J48="No",I48,0) -> 0.89646 | O48: =IF(J48="No",0,I48) -> 0
B49: TOTAL | I49: =SUM(I42:I48) -> 94.77351 | N49: =SUM(N42:N48) -> 82.55271 | O49: =SUM(O42:O48) -> 12.2208
B51: Notes: | J51: Key
B52: (1) Flow rate based on maximum flow rate prescribed by 2011 SF Green Building Requirements (Table 13C.5.303.2.3). | J52: gpm: gallons per minute
B53: (2) Flow rate from SFPUC 2011 Urban Water Management Plan (UWMP) Retail Demand Model for New Multi-Family Residential Water Use. | J53: gal/bath: gallons per bath
B54: (3) Flow rate based on 2010 rate used in the 2010 UWMP Conservation Model. | J54: gal/cycle: gallons per washing cycle
B55: (4) Flow rate from SFPUC 2010 Urban Water Management Plan (UWMP) Retail Demand Model for New Multi-Family Residential Water Use. | J55: gpf: gallons per flush
B56: Ave Daily Use for faucets are represented by total average usage per person per day (min/person/day)
B58: C. HVAC/COOLING DEMAND (No user input needed, average cooling demand is auto-calculated from building gross square footage area provided in Step 1)
B60: Building Gross Square Footage from Step 1: | C60: ='1. Building Information'!C29 -> 0 | D60: GSF
B62: Month | C62: City Temperature (°F)(1) | D62: Estimated Use (gpd/ft2)(2) | E62: Ave. Daily Demand (gpd) | F62: Monthly Demand (gal/mth)
B63: January | C63: 51.04 | D63: 0.014135956 | E63: =$C$60*D63 -> 0 | F63: =E63*31 -> 0 | H63: Key
B64: February | C64: 53.87 | D64: 0.016593085 | E64: =$C$60*D64 -> 0 | F64: =E64*28 -> 0 | H64: gpd/ft2: gallons per day per square foot
B65: March | C65: 55.21 | D65: 0.017756531 | E65: =$C$60*D65 -> 0 | F65: =E65*31 -> 0 | H65: GSF: gross square feet
B66: April | C66: 56.25 | D66: 0.018659504 | E66: =$C$60*D66 -> 0 | F66: =E66*30 -> 0 | H66: gpd: gallons per day
B67: May | C67: 57.53 | D67: 0.019770855 | E67: =$C$60*D67 -> 0 | F67: =E67*31 -> 0 | H67: gal/mth: gallons per month
B68: June | C68: 59.49 | D68: 0.021472612 | E68: =$C$60*D68 -> 0 | F68: =E68*30 -> 0 | H68: gpy: gallons per year
B69: July | C69: 59.77 | D69: 0.021715721 | E69: =$C$60*D69 -> 0 | F69: =E69*31 -> 0
B70: August | C70: 60.61 | D70: 0.022445045 | E70: =$C$60*D70 -> 0 | F70: =E70*31 -> 0
B71: September | C71: 62.68 | D71: 0.024242309 | E71: =$C$60*D71 -> 0 | F71: =E71*30 -> 0
B72: October | C72: 61.78 | D72: 0.02346089 | E72: =$C$60*D72 -> 0 | F72: =E72*31 -> 0
B73: November | C73: 57.38 | D73: 0.019640619 | E73: =$C$60*D73 -> 0 | F73: =E73*30 -> 0
B74: December | C74: 52.03 | D74: 0.014995517 | E74: =$C$60*D74 -> 0 | F74: =E74*31 -> 0
B75: Average | C75: =AVERAGE(C63:C74) -> 57.303333 | D75: =AVERAGE(D63:D74) -> 0.019574054 | E75: =AVERAGE(E63:E74) -> 0
B77: Notes:
B78: (1) Forecasted temperature for 2010-2035 based on historical average. Source: Potable Offset Investigation NPI Data Workbook, 2011.
B79: (2) Estimated cooling demand for 2010-2035 based on forecasted temperature. Source: Potable Offset Investigation NPI Data Workbook, 2011.
B81: Annual Cooling Demand (gpy): | C81: =SUM(F63:F74) -> 0
B83: D. OTHER INDOOR DEMANDS THAT CAN BE MET WITH NON-POTABLE SUPPLIES
B84: User Input Instructions:
B85: Please include other indoor demands in your building if applicable.
B87: Indoor Decorative Water Feature:
B88: E.g. indoor fountains with no contact | C88: 100 | D88: gpd | E88: <--Enter the total daily demand in gallons per day for all indoor decorative water features in the building
C89: 250 | D89: no. of days | E89: <--Enter the number of days in a year the decorative water features will be operational
C90: =C88*C89 -> 25000 | D90: gpy
B92: Commercial Laundry:
B93: I.e. commercial laundry facilities that are operated by designated staff and are not available for general public use | C93: 17 | D93: gal/load | E93: <--Typical water use is 17 gals/wash load
C94: 2 | D94: loads/day | E94: <--Enter estimated number of loads per day
C95: =C93*C94 -> 34 | D95: gpd
C96: 52 | D96: no. of days | E96: <--Enter estimated number of days in a year that laundry facilties will be used
C97: =C95*C96 -> 1768 | D97: gpy
B99: Other Non-Potable Demand:
B100: <Please specify here> | C100: 0 | D100: gpd | E100: <--Enter estimated daily demand associated with use
C101: 0 | D101: no. of days | E101: <--Enter the number of days the demand will be applicable within a year
C102: =C100*C101 -> 0 | D102: gpy
B105: >>> Please proceed on to Step 3: Calculate Indoor Non-Potable Supply

Sheet 3. Indoor Nonpotable Supply
A1: NON-POTABLE WATER CALCULATOR
A2: Step 3 of 7: Calculate Indoor Non-Potable Supply (Graywater, Blackwater, Foundation Drainage)
B4: Project Name: | G4: LEGEND:
B5: ='1. Building Information'!$C$13 -> ABC Building | G5: User Input
G6: Linked from User Input
B7: Instructions: | G7: Default Value
B8: Annual indoor water supply is calculated based on supply from collection of graywater, blackwater collection and other sources including foundation drainage. User input is required in Section D at the end of this page. | G8: Autogenerated Value
B12: A. COMMERCIAL (No user input needed - auto-calculated from Step 2)
C14: Graywater Supply (gpd) | D14: % Graywater Supply Available (1) | E14: Graywater Available for Reuse (gpd) | F14: Blackwater Supply (gpd) | G14: % Blackwater Supply Available (1) | H14: Blackwater Available for Reuse (gpd) | J14: Key
B15: Fixture Type (Daily Use) | J15: gpd: gallons per day
B16: Showerhead | C16: ='2. Indoor Water Demand'!K18 -> 0.00013 | D16: 0.9 | E16: =C16*D16 -> 0.000117 | F16: N/A | G16: N/A | H16: N/A
B17: Lavatory Faucet | C17: ='2. Indoor Water Demand'!K19 -> 0.0012 | D17: 0.9 | E17: =C17*D17 -> 0.00108 | F17: N/A | G17: N/A | H17: N/A
B18: Commercial Laundry | C18: ='2. Indoor Water Demand'!C95 -> 34 | D18: 0.9 | E18: =C18*D18 -> 30.6 | F18: N/A | G18: N/A | H18: N/A
B19: Urinals | C19: N/A | D19: N/A | E19: N/A | F19: ='2. Indoor Water Demand'!K20 -> 0.00174 | G19: 0.9 | H19: =F19*G19 -> 0.001566
B20: Toilet (Water Closet) | C20: N/A | D20: N/A | E20: N/A | F20: ='2. Indoor Water Demand'!K21 -> 0.0089088 | G20: 0.9 | H20: =F20*G20 -> 0.00801792
B21: Kitchen Faucet | C21: N/A | D21: N/A | E21: N/A | F21: ='2. Indoor Water Demand'!K22 -> 0.0018 | G21: 0.9 | H21: =F21*G21 -> 0.00162
B22: Low Flow Sprayer - Restaurants | C22: N/A | D22: N/A | E22: N/A | F22: ='2. Indoor Water Demand'!K23 -> 0 | G22: 0.9 | H22: =F22*G22 -> 0
B23: TOTAL | C23: =SUM(C16:C22) -> 34.00133 | E23: =SUM(E16:E22) -> 30.601197 | F23: =SUM(F16:F22) -> 0.0124488 | H23: =SUM(H16:H22) -> 0.01120392
B25: Notes:
B26: (1) Graywater and blackwater supply availability are estimated assuming a 10% treatment loss.
B28: B. MULTI-FAMILY RESIDENTIAL (No user input needed - auto-calculated from Step 2)
C30: Graywater Supply (gpd) | D30: % Graywater Supply Available (1) | E30: Graywater Available for Reuse (gpd) | F30: Blackwater Supply (gpd) | G30: % Blackwater Supply Available (1) | H30: Blackwater Available for Reuse (gpd) | J30: Key
B31: Fixture Type (Daily Use) | J31: gpd: gallons per day
B32: Showerhead | C32: ='2. Indoor Water Demand'!I42 -> 21.4266 | D32: 0.9 | E32: =C32*D32 -> 19.28394 | F32: N/A | G32: N/A | H32: N/A
B33: Bathroom Faucet | C33: ='2. Indoor Water Demand'!I43 -> 3.9195 | D33: 0.9 | E33: =C33*D33 -> 3.52755 | F33: N/A | G33: N/A | H33: N/A
B34: Bath | C34: ='2. Indoor Water Demand'!I44 -> 5.025 | D34: 0.9 | E34: =C34*D34 -> 4.5225 | F34: N/A | G34: N/A | H34: N/A
B35: Washing Machine | C35: ='2. Indoor Water Demand'!I45 -> 22.99239 | D35: 0.9 | E35: =C35*D35 -> 20.693151 | F35: N/A | G35: N/A | H35: N/A
B36: Toilet (Water Closet) | C36: N/A | D36: N/A | E36: N/A | F36: ='2. Indoor Water Demand'!I46 -> 12.2208 | G36: 0.9 | H36: =F36*G36 -> 10.99872
B37: Kitchen Faucet | C37: N/A | D37: N/A | E37: N/A | F37: ='2. Indoor Water Demand'!I47 -> 28.29276 | G37: 0.9 | H37: =F37*G37 -> 25.463484
B38: Dishwasher | C38: N/A | D38: N/A | E38: N/A | F38: ='2. Indoor Water Demand'!I48 -> 0.89646 | G38: 0.9 | H38: =F38*G38 -> 0.806814
B39: TOTAL | C39: =SUM(C32:C38) -> 53.36349 | E39: =SUM(E32:E38) -> 48.027141 | F39: =SUM(F32:F38) -> 41.41002 | H39: =SUM(H32:H38) -> 37.269018
B41: Notes:
B42: (1) Graywater and blackwater supply availability are estimated assuming a 10% treatment loss.
B44: C. COOLING TOWER DISCHARGE (No user input needed - auto-calculated from Step 2)
B46: Month | C46: Cooling Demand (gpd) from Step 2. | D46: Cooling Demand (gal/mth) from Step 2. | E46: Treatment Recovery Rate (1) (%) | F46: Estimated Cooling Tower Discharge (gpd) (2) | G46: Estimated Cooling Tower Discharge (gal/mth)
B47: January | C47: ='2. Indoor Water Demand'!E63 -> 0 | D47: ='2. Indoor Water Demand'!F63 -> 0 | E47: 0.9 | F47: =C47*E47 -> 0 | G47: =D47*E47 -> 0
B48: February | C48: ='2. Indoor Water Demand'!E64 -> 0 | D48: ='2. Indoor Water Demand'!F64 -> 0 | E48: 0.9 | F48: =C48*E48 -> 0 | G48: =D48*E48 -> 0
B49: March | C49: ='2. Indoor Water Demand'!E65 -> 0 | D49: ='2. Indoor Water Demand'!F65 -> 0 | E49: 0.9 | F49: =C49*E49 -> 0 | G49: =D49*E49 -> 0
B50: April | C50: ='2. Indoor Water Demand'!E66 -> 0 | D50: ='2. Indoor Water Demand'!F66 -> 0 | E50: 0.9 | F50: =C50*E50 -> 0 | G50: =D50*E50 -> 0
B51: May | C51: ='2. Indoor Water Demand'!E67 -> 0 | D51: ='2. Indoor Water Demand'!F67 -> 0 | E51: 0.9 | F51: =C51*E51 -> 0 | G51: =D51*E51 -> 0
B52: June | C52: ='2. Indoor Water Demand'!E68 -> 0 | D52: ='2. Indoor Water Demand'!F68 -> 0 | E52: 0.9 | F52: =C52*E52 -> 0 | G52: =D52*E52 -> 0
B53: July | C53: ='2. Indoor Water Demand'!E69 -> 0 | D53: ='2. Indoor Water Demand'!F69 -> 0 | E53: 0.9 | F53: =C53*E53 -> 0 | G53: =D53*E53 -> 0
B54: August | C54: ='2. Indoor Water Demand'!E70 -> 0 | D54: ='2. Indoor Water Demand'!F70 -> 0 | E54: 0.9 | F54: =C54*E54 -> 0 | G54: =D54*E54 -> 0
B55: September | C55: ='2. Indoor Water Demand'!E71 -> 0 | D55: ='2. Indoor Water Demand'!F71 -> 0 | E55: 0.9 | F55: =C55*E55 -> 0 | G55: =D55*E55 -> 0
B56: October | C56: ='2. Indoor Water Demand'!E72 -> 0 | D56: ='2. Indoor Water Demand'!F72 -> 0 | E56: 0.9 | F56: =C56*E56 -> 0 | G56: =D56*E56 -> 0
B57: November | C57: ='2. Indoor Water Demand'!E73 -> 0 | D57: ='2. Indoor Water Demand'!F73 -> 0 | E57: 0.9 | F57: =C57*E57 -> 0 | G57: =D57*E57 -> 0
B58: December | C58: ='2. Indoor Water Demand'!E74 -> 0 | D58: ='2. Indoor Water Demand'!F74 -> 0 | E58: 0.9 | F58: =C58*E58 -> 0 | G58: =D58*E58 -> 0
B59: Average | C59: =AVERAGE(C47:C58) -> 0 | D59: N/A | E59: N/A | F59: =AVERAGE(F47:F58) -> 0 | G59: N/A
B60: Total | C60: N/A | D60: =SUM(D47:D58) -> 0 | E60: N/A | F60: N/A | G60: =SUM(G47:G58) -> 0
B62: Notes:
B63: (1) Default treatment recovery rate: 90%
B64: (2) Default assumes cooling tower discharge as blackwater supply.
B66: D. OTHER SUPPLIES
B67: Instructions:
B68: Please specify other graywater/blackwater/foundation drainage supplies that are available onsite.
B70: Other Reusable Supplies | C70: Estimated Supply (gpd) | D70: No. of days within a year supply is available | E70: Estimated Supply (gpy) | F70: Type (Select from dropdown menu)
B71: Swimming Pool Water | E71: =C71*D71 -> 0 | F71: Graywater | G71: <--Enter information for swimming pool water here
B72: Foundation Drainage (to be provided by a licensed engineer) | C72: 1000 | D72: 365 | E72: =C72*D72 -> 365000 | F72: Foundation Drainage | G72: <--Enter information for foundation drainage here | K72: Select One
B73: Other <Please specify> | E73: =C73*D73 -> 0 | F73: Select One | G73: <--Enter information for other supplies here | K73: Graywater
B74: Other <Please specify> | E74: =C74*D74 -> 0 | F74: Select One | G74: <--Enter information for other supplies here | K74: Blackwater
B75: Other <Please specify> | E75: =C75*D75 -> 0 | F75: Select One | G75: <--Enter information for other supplies here
B77: Note: Water from swimming pools, garden and greenhouse sinks, water softener backflush, and floor drains may not be suitable for irrigation.
B79: >>> Please proceed on to Step 4: Calculate Outdoor Water Demand
B82: Domestic Fixtures | C82: Available Graywater (gpd) | D82: Available Blackwater (gpd) | E82: Available Foundation Drainage (gpd) | F82: Available Graywater (gpy) | G82: Available Blackwater (gpy) | H82: Available Foundation Drainage (gpy)
B83: Showerhead | C83: =E16+E32 -> 19.284057 | D83: 0 | E83: 0 | F83: =C83*'1. Building Information'!$C$31 -> 0 | G83: =D83*'1. Building Information'!$C$31 -> 0 | H83: =E83*'1. Building Information'!$C$31 -> 0
B84: Bathroom/Lavatory Faucets | C84: =E17+E33 -> 3.52863 | D84: 0 | E84: 0 | F84: =C84*'1. Building Information'!$C$31 -> 0 | G84: =D84*'1. Building Information'!$C$31 -> 0 | H84: =E84*'1. Building Information'!$C$31 -> 0
B85: Bath | C85: =E34 -> 4.5225 | D85: 0 | E85: 0 | F85: =C85*'1. Building Information'!$C$31 -> 0 | G85: =D85*'1. Building Information'!$C$31 -> 0 | H85: =E85*'1. Building Information'!$C$31 -> 0
B86: Washing Machine | C86: =E18+E35 -> 51.293151 | D86: 0 | E86: 0 | F86: =C86*'1. Building Information'!$C$31 -> 0 | G86: =D86*'1. Building Information'!$C$31 -> 0 | H86: =E86*'1. Building Information'!$C$31 -> 0
B87: Toilets and Urinals | C87: 0 | D87: =H19+H20+H36 -> 11.008304 | E87: 0 | F87: =C87*'1. Building Information'!$C$31 -> 0 | G87: =D87*'1. Building Information'!$C$31 -> 0 | H87: =E87*'1. Building Information'!$C$31 -> 0
B88: Kitchen Faucets | C88: 0 | D88: =H21+H37 -> 25.465104 | E88: 0 | F88: =C88*'1. Building Information'!$C$31 -> 0 | G88: =D88*'1. Building Information'!$C$31 -> 0 | H88: =E88*'1. Building Information'!$C$31 -> 0
B89: Low Flow Sprayer - Restaurants | C89: 0 | D89: =H22 -> 0 | E89: 0 | F89: =C89*'1. Building Information'!$C$31 -> 0 | G89: =D89*'1. Building Information'!$C$31 -> 0 | H89: =E89*'1. Building Information'!$C$31 -> 0
B90: Dishwasher | C90: 0 | D90: =H38 -> 0.806814 | E90: 0 | F90: =C90*'1. Building Information'!$C$31 -> 0 | G90: =D90*'1. Building Information'!$C$31 -> 0 | H90: =E90*'1. Building Information'!$C$31 -> 0
B91: Swimming Pool Water | C91: =C71 -> 0 | D91: 0 | E91: 0 | F91: =E71 -> 0 | G91: =D91*'1. Building Information'!$C$31 -> 0 | H91: =E91*'1. Building Information'!$C$31 -> 0
B92: Foundation Drainage | C92: 0 | D92: 0 | E92: =C72 -> 1000 | F92: =E72 -> 365000 | G92: =D92*'1. Building Information'!$C$31 -> 0 | H92: =E92*'1. Building Information'!$C$31 -> 0
B93: =B73 -> Other <Please specify> | C93: =IF(F73="Graywater",C73,0) -> 0 | D93: =IF(F73="Blackwater",C73,0) -> 0 | E93: 0 | F93: =IF(F73="Graywater",E73,0) -> 0 | G93: =IF(F73="Blackwater",E73,0) -> 0 | H93: =IF(F75="Foundation Drainage",E75,0) -> 0
B94: =B74 -> Other <Please specify> | C94: =IF(F74="Graywater",C74,0) -> 0 | D94: =IF(F74="Blackwater",C74,0) -> 0 | E94: 0 | F94: =IF(F74="Graywater",E74,0) -> 0 | G94: =IF(F74="Blackwater",E74,0) -> 0 | H94: =IF(F76="Foundation Drainage",E76,0) -> 0
B95: =B75 -> Other <Please specify> | C95: =IF(F75="Graywater",C75,0) -> 0 | D95: =IF(F75="Blackwater",C75,0) -> 0 | E95: 0 | F95: =IF(F75="Graywater",E75,0) -> 0 | G95: =IF(F75="Blackwater",E75,0) -> 0 | H95: =IF(F77="Foundation Drainage",E77,0) -> 0
B96: Total | C96: =SUM(C83:C95) -> 78.628338 | D96: =SUM(D83:D95) -> 37.280222 | E96: =SUM(E83:E95) -> 1000 | F96: =SUM(F83:F95) -> 365000 | G96: =SUM(G83:G95) -> 0 | H96: =SUM(H83:H95) -> 0

Sheet 4. Outdoor Water Demand
A1: NON-POTABLE WATER CALCULATOR
A2: Step 4 of 7: Calculate Outdoor Water Demand (Landscape Irrigation, Outdoor Water Features)
B4: Project Name: | F4: LEGEND:
B5: ='1. Building Information'!$C$13 -> ABC Building | F5: User Input
F6: Linked from User Input
B7: Instructions: | F7: Default Value
B8: Annual outdoor water demand is calculated based on landscape irrigation demand and demand associated with other outdoor features such as decorative fountains. User input is required in Sections A and B. This step also includes information on compliance with the City's landscape irrigation ordinance in Section C. | F8: Autogenerated Value
B13: A. LANDSCAPE IRRIGATION DEMAND
B14: User Input Instructions:
B15: Default irrigation factors are provided in the cells below; refine default values as appropriate
B17: ='1. Building Information'!B111 -> Turfgrass | C17: ='1. Building Information'!$C$111 -> 1 | D17: ft2 | I17: Definitions - For more guidance, refer to: | L17: The Guide to Estimating Water Needs of Landscape Plantings in CA
B18: Crop Coefficient - Kc | C18: 0.7 | D18: [Refine as appropriate] Cool season grasses = 0.8, Warm season grasses = 0.6 | I18: Crop Coefficient (KC):
B19: ='1. Building Information'!B112 -> Landscaped Area | C19: ='1. Building Information'!$C$112 -> 0 | D19: ft2 | I19: Water loss from turfgrass or a crop.
B20: Species Factor - ks | C20: 0.5 | D20: [Refine as appropriate] <0.1 for very low, 0.1-0.3 for low, 0.4-0.6 for medium, 0.7-0.9 for high
B21: Density Factor - kd | C21: 1 | D21: [Refine as appropriate] 0.5-0.9 for low, 1 for average, 1.1-1.3 for high. | I21: Landscape Coefficient (KL):
B22: Microclimate Factor - kmc | C22: 1 | D22: [Refine as appropriate] 0.5-0.9 for low, 1 for average, 1.1-1.4 for high. | I22: Water loss from landscape plantings based on species, density and microclimate factors.
B23: Landscape Coefficient - KL | C23: =C20*C21*C22 -> 0.5 | D23: KL = ks*kd*kmc
B24: ='1. Building Information'!$B$113 -> Green Roof | C24: ='1. Building Information'!$C$113 -> 0 | D24: ft2 | I24: Species Factor (ks):
B25: Species Factor - ks | C25: 0.1 | D25: [Refine as appropriate] <0.1 for very low, 0.1-0.3 for low, 0.4-0.6 for medium, 0.7-0.9 for high. | I25: Used to account for differences in species' water needs. Refer to Pg. 12 of the Guide to Estimating Water Needs of Landscape Plantings in CA to determine species factors.
B26: Density Factor - kd | C26: 1 | D26: [Refine as appropriate] 0.5-0.9 for low, 1 for average, 1.1-1.3 for high.
B27: Microclimate Factor - kmc | C27: 1.2 | D27: [Refine as appropriate] 0.5-0.9 for low, 1 for average, 1.1-1.4 for high.
B28: Landscape Coefficient - KL | C28: =C25*C26*C27 -> 0.12 | D28: KL = ks*kd*kmc | I28: Density Factor (kd):
B29: ='1. Building Information'!$B$114 -> Other <Please Specify> | C29: ='1. Building Information'!C114 -> 0 | D29: ft2 | I29: Used to account for differences in vegetation density among landscape plantings. Refer to Pg. 18 of the Guide to Estimating Water Needs of Landscape Plantings in CA on how to determine density factors.
B30: Species Factor - ks | C30: 0 | D30: [Refine as appropriate] <0.1 for very low, 0.1-0.3 for low, 0.4-0.6 for medium, 0.7-0.9 for high.
B31: Density Factor - kd | C31: 0 | D31: [Refine as appropriate] 0.5-0.9 for low, 1 for average, 1.1-1.3 for high.
B32: Microclimate Factor - kmc | C32: 0 | D32: [Refine as appropriate] 0.5-0.9 for low, 1 for average, 1.1-1.4 for high.
B33: Landscape Coefficient - KL | C33: =C30*C31*C32 -> 0 | D33: KL = ks*kd*kmc | I33: Microclimate Factor (kmc):
B34: Total Irrigation Area | C34: =SUM(C19,C17,C24,C29) -> 1 | D34: ft2 | I34: Used to account for differences in microclimate in every landscape. An "average" microclimate condition is equivalent to reference evapotranspiration conditions. This microclimate is not substantially affected by nearby buildings, structures, pavements, slopes or reflective surfaces.
B35: Average Coefficient | C35: =IF(C34>0,(C17*C18+C19*C23+C24*C28+C29*C33)/C34,0) -> 0.7
B36: Irrigation Efficiency | C36: 0.9 | D36: [Refine as appropriate] Estimated efficiencies are 0.70 to 0.85 for spray, 0.9 for drip, 0.95 for subsurface drip.
B37: Site Location (ET0 Zone) | C37: ='1. Building Information'!$C$122 -> Eastern SF
B40: Month | C40: Ave. Monthly Rainfall | D40: Reference Evapotranspiration | E40: Actual Evapotranspiration | F40: Irrigation Demand | I40: % of Annual
C41: in/month | D41: ET0 | E41: ETL | F41: ft3/month | G41: gal/mo | H41: gpd | K41: Month | L41: (in/unit area) | M41: days/mo
B42: January | C42: 4.5616 | D42: =IF($C$37="Western SF",'Climate Data'!D27,'Climate Data'!D8) -> 1.24 | E42: =D42*$C$35 -> 0.868 | F42: =(L42/12)*$C$34 -> 0 | K42: January | L42: =IF(E42-C42>0, (E42-C42)/$C$36,0) -> 0 | M42: 31
B43: February | C43: 3.845 | D43: =IF($C$37="Western SF",'Climate Data'!D28,'Climate Data'!D9) -> 1.68 | E43: =D43*$C$35 -> 1.176 | F43: =(L43/12)*$C$34 -> 0 | K43: February | L43: =IF(E43-C43>0, (E43-C43)/$C$36,0) -> 0 | M43: 28
B44: March | C44: 2.9074 | D44: =IF($C$37="Western SF",'Climate Data'!D29,'Climate Data'!D10) -> 3.1 | E44: =D44*$C$35 -> 2.17 | F44: =(L44/12)*$C$34 -> 0 | K44: March | L44: =IF(E44-C44>0, (E44-C44)/$C$36,0) -> 0 | M44: 31
B45: April | C45: 1.4120619 | D45: =IF($C$37="Western SF",'Climate Data'!D30,'Climate Data'!D11) -> 3.9 | E45: =D45*$C$35 -> 2.73 | F45: =(L45/12)*$C$34 -> 0.12203131 | G45: =(F45*7.48) -> 0.9127942 | H45: =(G45)/M45 -> 0.030426473 | I45: =G45/$G$54 -> 0.076883136 | K45: April | L45: =IF(E45-C45>0, (E45-C45)/$C$36,0) -> 1.4643757 | M45: 30
B46: May | C46: 0.62825581 | D46: =IF($C$37="Western SF",'Climate Data'!D31,'Climate Data'!D12) -> 4.65 | E46: =D46*$C$35 -> 3.255 | F46: =(L46/12)*$C$34 -> 0.24321705 | G46: =(F46*7.48) -> 1.8192636 | H46: =(G46)/M46 -> 0.058685921 | I46: =G46/$G$54 -> 0.15323354 | K46: May | L46: =IF(E46-C46>0, (E46-C46)/$C$36,0) -> 2.9186047 | M46: 31
B47: June | C47: 0.22030303 | D47: =IF($C$37="Western SF",'Climate Data'!D32,'Climate Data'!D13) -> 5.1 | E47: =D47*$C$35 -> 3.57 | F47: =(L47/12)*$C$34 -> 0.31015713 | G47: =(F47*7.48) -> 2.3199753 | H47: =(G47)/M47 -> 0.07733251 | I47: =G47/$G$54 -> 0.19540766 | K47: June | L47: =IF(E47-C47>0, (E47-C47)/$C$36,0) -> 3.7218855 | M47: 30
B48: July | C48: 0.049722222 | D48: =IF($C$37="Western SF",'Climate Data'!D33,'Climate Data'!D14) -> 4.96 | E48: =D48*$C$35 -> 3.472 | F48: =(L48/12)*$C$34 -> 0.31687757 | G48: =(F48*7.48) -> 2.3702442 | H48: =(G48)/M48 -> 0.076459492 | I48: =G48/$G$54 -> 0.19964173 | K48: July | L48: =IF(E48-C48>0, (E48-C48)/$C$36,0) -> 3.8025309 | M48: 31
B49: August | C49: 0.1076087 | D49: =IF($C$37="Western SF",'Climate Data'!D34,'Climate Data'!D15) -> 4.65 | E49: =D49*$C$35 -> 3.255 | F49: =(L49/12)*$C$34 -> 0.29142512 | G49: =(F49*7.48) -> 2.1798599 | H49: =(G49)/M49 -> 0.070318061 | I49: =G49/$G$54 -> 0.18360597 | K49: August | L49: =IF(E49-C49>0, (E49-C49)/$C$36,0) -> 3.4971014 | M49: 31
B50: September | C50: 0.3703125 | D50: =IF($C$37="Western SF",'Climate Data'!D35,'Climate Data'!D16) -> 3.9 | E50: =D50*$C$35 -> 2.73 | F50: =(L50/12)*$C$34 -> 0.21848958 | G50: =(F50*7.48) -> 1.6343021 | H50: =(G50)/M50 -> 0.054476736 | I50: =G50/$G$54 -> 0.13765454 | K50: September | L50: =IF(E50-C50>0, (E50-C50)/$C$36,0) -> 2.621875 | M50: 30
B51: October | C51: 1.0346392 | D51: =IF($C$37="Western SF",'Climate Data'!D36,'Climate Data'!D17) -> 2.79 | E51: =D51*$C$35 -> 1.953 | F51: =(L51/12)*$C$34 -> 0.08503341 | G51: =(F51*7.48) -> 0.6360499 | H51: =(G51)/M51 -> 0.020517739 | I51: =G51/$G$54 -> 0.053573425 | K51: October | L51: =IF(E51-C51>0, (E51-C51)/$C$36,0) -> 1.0204009 | M51: 31
B52: November | C52: 2.6849485 | D52: =IF($C$37="Western SF",'Climate Data'!D37,'Climate Data'!D18) -> 1.8 | E52: =D52*$C$35 -> 1.26 | F52: =(L52/12)*$C$34 -> 0 | K52: November | L52: =IF(E52-C52>0, (E52-C52)/$C$36,0) -> 0 | M52: 30
B53: December | C53: 4.0832323 | D53: =IF($C$37="Western SF",'Climate Data'!D38,'Climate Data'!D19) -> 1.24 | E53: =D53*$C$35 -> 0.868 | F53: =(L53/12)*$C$34 -> 0 | K53: December | L53: =IF(E53-C53>0, (E53-C53)/$C$36,0) -> 0 | M53: 31
B54: TOTAL | C54: =SUM(C42:C53) -> 21.905084 | D54: =SUM(D42:D53) -> 39.01 | E54: =SUM(E42:E53) -> 27.307 | F54: =SUM(F42:F53) -> 1.5872312 | G54: =SUM(G42:G53) -> 11.872489 | L54: =SUM(L42:L53) -> 19.046774 | M54: =SUM(M42:M53) -> 365
B57: B. OTHER OUTDOOR DEMANDS THAT CAN BE MET WITH NON-POTABLE SUPPLIES
B58: User Input Instructions:
B59: Please specify other non-potable demands associated with outdoor water use below.
D61: Estimated Value | E61: Unit
B63: Outdoor Decorative Water Feature: | D63: 100 | E63: gpd
B64: E.g. outdoor fountains with no contact | D64: 250 | E64: no. of days
D65: =D63*D64 -> 25000 | E65: gpy
B67: Other Non-Potable Demand
B68: <Please specify here> | D68: 0 | E68: gpd
D69: 0 | E69: no. of days
D70: =D68*D69 -> 0 | E70: gpy
B73: C. COMPLIANCE WITH STATE'S MAXIMUM APPLIED WATER ALLOWANCE - for projects that include 1,000 ft2 or more of new or modified landscape
B74: (No user input needed - auto-calculated from inputs in Step 1)
B76: Average ET0 of San Francisco provided by State | D76: 35.1 | E76: ETo (inches/year)
B78: Total Landscape Area | D78: =C34 -> 1 | E78: LA (ft2)
B79: (All planting areas, turf areas, and water features, such as fountains, including areas in the public right of way for which the owner is responsible. Landscape area does not include building footprints, unless the footprint includes planted areas such as a living roof. Landscape area does not include pervious or non-pervious hardscapes such as patios, walkways or driveways.
B83: Special Landscape Area (SLA) | D83: ='1. Building Information'!C111 -> 1 | E83: SLA (ft2)
B84: (SLA means an area of the landscape dedicated solely to edible plants, areas irrigated with recycled water, water features using recycled water and areas dedicated to active play such as parks, sports fields, golf courses, and where turf provides a playing surface)
B87: Maximum Applied Water Allowance (MAWA)
B88: (A MAWA is also referred to as a water budget. It is the number of gallons per year which is allowed to maintain a landscape in San Francisco, given the climatic conditions)
B90: MAWA = (ET0) x (0.62) x [(0.7 x LA)+(0.3 x SLA)] | D90: =$D$76*0.62*(0.7*D78+0.3*D83) -> 21.762 | E90: gpy | F90: This is the maximum amount of water per year allowed for landscape irrigation for this project.
F91: Note: Landscape areas irrigated with nonpotable supplies may have a MAWA that exceeds those for landscapes irrigated with potable water by 20%
B92: Compliance Check
B93: Estimated Total Outdoor Water Use | D93: =G54+D65+D70 -> 25011.872 | E93: gpy | F93: This is the estimated amount of water use associated with landscaping irrigation and water features in this project
B95: Is the project compliant? | D95: =IF(D93<D90, "Yes", "No") -> No
B97: The project's estimated outdoor water use exceeds MAWA by: | D97: =IF(D93<D90,"N/A",(D93-D90)) -> 24990.11 | E97: gpy
B100: Click here to access the San Francisco Efficient Irrigation Ordinance website
B103: >>> Please proceed on to Step 5: Calculate Outdoor Water Supply

Sheet 5. Outdoor Water Supply
A1: NON-POTABLE WATER CALCULATOR
A2: Step 5 of 7: Calculate Outdoor Water Supply (Rainwater and Stormwater Harvesting)
B4: Project Name: | F4: LEGEND:
B5: ='1. Building Information'!$C$13 -> ABC Building | F5: User Input
F6: Linked from User Input
B7: Instructions: | F7: Default Value
B8: Annual outdoor water supply is calculated based on the amount of rainwater and/or stormwater captured. User input is required in Sections A and B. | F8: Autogenerated Value
B11: A. RAINWATER SUPPLY (Runoff harvested above grade, e.g. rooftops)
B12: User Input Instructions:
B13: Default Rainwater Supply coefficients are entered below; refine default coefficients as appropriate
B15: ='1. Building Information'!B100 -> Roof (Conventional) | C15: ='1. Building Information'!C100 -> 1 | D15: ft2
B16: Roof Runoff Coefficient | C16: 0.85 | D16: [Refine as appropriate] Conventional roof runoff coefficient = 0.85
B17: ='1. Building Information'!B101 -> Other <Please Specify> | C17: ='1. Building Information'!C101 -> 0 | D17: ft2
B18: Runoff Coefficient | C18: 0.7 | D18: [Refine as appropriate]
B19: Total Above Grade Capture Area | C19: =C15+C17 -> 1 | D19: ft2
B20: Average Runoff Coefficient | C20: =IF(C19>0,(C15*C16+C17*C18)/C19,0) -> 0.85
B22: Rainfall Capture Factor | C22: 0.8 | D22: [Refine as appropriate]
B24: Month | C24: Ave. Monthly Rainfall | D24: Days in Month | E24: Total Rainwater Supply (with Rainfall Capture Factor Applied)
C25: in/mth | E25: gal/month | F25: gpd
B26: January | C26: ='Climate Data'!C8 -> 4.5616 | D26: 31 | E26: =((C26/12)*$C$19*$C$20)*7.48*$C$22 -> 1.9335102 | F26: =E26/D26 -> 0.062371296
B27: February | C27: ='Climate Data'!C9 -> 3.845 | D27: 28 | E27: =((C27/12)*$C$19*$C$20)*7.48*$C$22 -> 1.6297673 | F27: =E27/D27 -> 0.058205976
B28: March | C28: ='Climate Data'!C10 -> 2.9074 | D28: 31 | E28: =((C28/12)*$C$19*$C$20)*7.48*$C$22 -> 1.2323499 | F28: =E28/D28 -> 0.039753224
B29: April | C29: ='Climate Data'!C11 -> 1.4120619 | D29: 30 | E29: =((C29/12)*$C$19*$C$20)*7.48*$C$22 -> 0.59852595 | F29: =E29/D29 -> 0.019950865
B30: May | C30: ='Climate Data'!C12 -> 0.62825581 | D30: 31 | E30: =((C30/12)*$C$19*$C$20)*7.48*$C$22 -> 0.2662967 | F30: =E30/D30 -> 0.0085902161
B31: June | C31: ='Climate Data'!C13 -> 0.22030303 | D31: 30 | E31: =((C31/12)*$C$19*$C$20)*7.48*$C$22 -> 0.093379111 | F31: =E31/D31 -> 0.003112637
B32: July | C32: ='Climate Data'!C14 -> 0.049722222 | D32: 31 | E32: =((C32/12)*$C$19*$C$20)*7.48*$C$22 -> 0.021075593 | F32: =E32/D32 -> 0.00067985783
B33: August | C33: ='Climate Data'!C15 -> 0.1076087 | D33: 31 | E33: =((C33/12)*$C$19*$C$20)*7.48*$C$22 -> 0.045611739 | F33: =E33/D33 -> 0.0014713464
B34: September | C34: ='Climate Data'!C16 -> 0.3703125 | D34: 30 | E34: =((C34/12)*$C$19*$C$20)*7.48*$C$22 -> 0.15696312 | F34: =E34/D34 -> 0.0052321042
B35: October | C35: ='Climate Data'!C17 -> 1.0346392 | D35: 31 | E35: =((C35/12)*$C$19*$C$20)*7.48*$C$22 -> 0.43854906 | F35: =E35/D35 -> 0.014146744
B36: November | C36: ='Climate Data'!C18 -> 2.6849485 | D36: 30 | E36: =((C36/12)*$C$19*$C$20)*7.48*$C$22 -> 1.1380602 | F36: =E36/D36 -> 0.037935338
B37: December | C37: ='Climate Data'!C19 -> 4.0832323 | D37: 31 | E37: =((C37/12)*$C$19*$C$20)*7.48*$C$22 -> 1.7307461 | F37: =E37/D37 -> 0.055830519
B38: TOTAL | C38: =SUM(C26:C37) -> 21.905084 | D38: =SUM(D26:D37) -> 365 | E38: =SUM(E26:E37) -> 9.284835
B40: TOTAL RAINWATER SUPPLY | C40: =E38 -> 9.284835 | D40: gpy
B42: B. STORMWATER SUPPLY (Runoff harvested at or below grade, e.g. paved plazas, sidewalks or roads)
B43: User Input Instructions:
B44: Default Stormwater Supply coefficients are entered below; refine default coefficients as appropriate
B46: ='1. Building Information'!B105 -> Pavement (Conventional) | C46: ='1. Building Information'!C105 -> 1 | D46: ft2
B47: Runoff Coefficient | C47: 0.9 | D47: [Refine as appropriate] Typical impervious surface runoff coefficient = 0.90
B48: ='1. Building Information'!B106 -> Other <Please Specify> | C48: ='1. Building Information'!C106 -> 0 | D48: ft2
B49: Runoff Coefficient | C49: 0.8 | D49: [Refine as appropriate]
B50: ='1. Building Information'!B107 -> Other <Please Specify> | C50: ='1. Building Information'!C107 -> 0 | D50: ft2
B51: Runoff Coefficient | C51: 0.7 | D51: [Refine as appropriate]
B52: Total At or Below Grade Capture Area | C52: =C46+C48+C50 -> 1 | D52: ft2
B53: Average Runoff Coefficient | C53: =IF(C52>0,(C46*C47+C48*C49+C50*C51)/C52,0) -> 0.9
B55: Rainfall Capture Factor | C55: 0.8 | D55: [Refine as appropriate]
B57: Month | C57: Ave. Monthly Rainfall | D57: Days in Month | E57: Total Stormwater Supply (with Rainfall Capture Factor Applied)
C58: in/mth | E58: gal/month | F58: gpd
B59: January | C59: ='Climate Data'!C8 -> 4.5616 | D59: 31 | E59: =((C59/12)*$C$52*$C$53)*7.48*$C$55 -> 2.0472461 | F59: =E59/D59 -> 0.066040196
B60: February | C60: ='Climate Data'!C9 -> 3.845 | D60: 28 | E60: =((C60/12)*$C$52*$C$53)*7.48*$C$55 -> 1.725636 | F60: =E60/D60 -> 0.061629857
B61: March | C61: ='Climate Data'!C10 -> 2.9074 | D61: 31 | E61: =((C61/12)*$C$52*$C$53)*7.48*$C$55 -> 1.3048411 | F61: =E61/D61 -> 0.042091649
B62: April | C62: ='Climate Data'!C11 -> 1.4120619 | D62: 30 | E62: =((C62/12)*$C$52*$C$53)*7.48*$C$55 -> 0.63373336 | F62: =E62/D62 -> 0.021124445
B63: May | C63: ='Climate Data'!C12 -> 0.62825581 | D63: 31 | E63: =((C63/12)*$C$52*$C$53)*7.48*$C$55 -> 0.28196121 | F63: =E63/D63 -> 0.0090955229
B64: June | C64: ='Climate Data'!C13 -> 0.22030303 | D64: 30 | E64: =((C64/12)*$C$52*$C$53)*7.48*$C$55 -> 0.098872 | F64: =E64/D64 -> 0.0032957333
B65: July | C65: ='Climate Data'!C14 -> 0.049722222 | D65: 31 | E65: =((C65/12)*$C$52*$C$53)*7.48*$C$55 -> 0.022315333 | F65: =E65/D65 -> 0.00071984946
B66: August | C66: ='Climate Data'!C15 -> 0.1076087 | D66: 31 | E66: =((C66/12)*$C$52*$C$53)*7.48*$C$55 -> 0.048294783 | F66: =E66/D66 -> 0.0015578962
B67: September | C67: ='Climate Data'!C16 -> 0.3703125 | D67: 30 | E67: =((C67/12)*$C$52*$C$53)*7.48*$C$55 -> 0.16619625 | F67: =E67/D67 -> 0.005539875
B68: October | C68: ='Climate Data'!C17 -> 1.0346392 | D68: 31 | E68: =((C68/12)*$C$52*$C$53)*7.48*$C$55 -> 0.46434606 | F68: =E68/D68 -> 0.014978905
B69: November | C69: ='Climate Data'!C18 -> 2.6849485 | D69: 30 | E69: =((C69/12)*$C$52*$C$53)*7.48*$C$55 -> 1.2050049 | F69: =E69/D69 -> 0.040166829
B70: December | C70: ='Climate Data'!C19 -> 4.0832323 | D70: 31 | E70: =((C70/12)*$C$52*$C$53)*7.48*$C$55 -> 1.8325547 | F70: =E70/D70 -> 0.059114667
B71: TOTAL | C71: =SUM(C59:C70) -> 21.905084 | D71: =SUM(D59:D70) -> 365 | E71: =SUM(E59:E70) -> 9.8310017
B73: TOTAL STORMWATER SUPPLY | C73: =E71 -> 9.8310017 | D73: gpy
B76: >>> Please proceed on to Step 6: Summary of Building Potential

Sheet 1. WQv and WQf
A1: WATER QUALITY VOLUME AND WATER QUALITY FLOW RATE CALCULATOR
A2: This work sheet calculates the Water Quality Flow Rates or Water Quality Volumes for each drainage management area on your site.
A4: CALCULATOR
A5: Step 1 | C5: Total Site Area | E5: square feet
A6: Step 2 | C6: # of DMAs
A8: Step 3 | C8: Step 4 | E8: Step 5 | I8: Step 6 | K8: Step 7 | M8: Step 8 | T8: Step 9 | U8: Step 10
D9: Area Impervious (all in square feet) | J9: Area Pervious (all in square feet)
A10: Drainage Management Areas | C10: Drainage Management Area (square feet) | D10: TOTAL | E10: Standard Roof | F10: Asphalt | G10: Concrete | H10: Brick/Pavers | I10: Other | J10: TOTAL | K10: Permeable Pavementa | L10: Vegetated Roofb | M10: Gravelc | N10: Landscaping | O10: Grass Pavers/Turf Blocks | P10: Lawns/grass, sandy soil, slope<2% | Q10: Lawns/grass, sandy soil, slope>7% | R10: Lawns/grass, heavy soil, slope<2% | S10: Lawns/grass, heavy soil, slope>7% | T10: Other | U10: Total Area Check
A12: A | D12: =SUM(E12:I12) -> 0 | J12: =SUM(K12:T12) -> 0 | U12: =IF(J12+D12=C12,"Okay","Check Areas!") -> Okay
A13: B | D13: =SUM(E13:I13) -> 0 | J13: =SUM(K13:T13) -> 0 | U13: =IF(J13+D13=C13,"Okay","Check Areas!") -> Okay
A14: C | D14: =SUM(E14:I14) -> 0 | J14: =SUM(K14:T14) -> 0 | U14: =IF(J14+D14=C14,"Okay","Check Areas!") -> Okay
A15: D | D15: =SUM(E15:I15) -> 0 | J15: =SUM(K15:T15) -> 0 | U15: =IF(J15+D15=C15,"Okay","Check Areas!") -> Okay
A16: E | D16: =SUM(E16:I16) -> 0 | J16: =SUM(K16:T16) -> 0 | U16: =IF(J16+D16=C16,"Okay","Check Areas!") -> Okay
A17: F | D17: =SUM(E17:I17) -> 0 | J17: =SUM(K17:T17) -> 0 | U17: =IF(J17+D17=C17,"Okay","Check Areas!") -> Okay
A18: G | D18: =SUM(E18:I18) -> 0 | J18: =SUM(K18:T18) -> 0 | U18: =IF(J18+D18=C18,"Okay","Check Areas!") -> Okay
A19: H | D19: =SUM(E19:I19) -> 0 | J19: =SUM(K19:T19) -> 0 | U19: =IF(J19+D19=C19,"Okay","Check Areas!") -> Okay
A20: I | D20: =SUM(E20:I20) -> 0 | J20: =SUM(K20:T20) -> 0 | U20: =IF(J20+D20=C20,"Okay","Check Areas!") -> Okay | AD20: Comp | AE20: Unit Basin Storage - inches
A21: J | D21: =SUM(E21:I21) -> 0 | J21: =SUM(K21:T21) -> 0 | U21: =IF(J21+D21=C21,"Okay","Check Areas!") -> Okay | AD21: C' | AE21: 24 hr drawdown | AG21: 48 hr drawdown
B22: Total | C22: =SUM(C12:C21) -> 0 | AD22: Factor | AE22: 0.8 | AF22: 0.9 | AG22: 0.8 | AH22: 0.9
B23: Total Area Check | C23: =IF(C22=D5,"Okay","Check Total and DMA Areas!") -> Okay | E23: Impervious Runoff Coefficients | M23: Pervious Runoff Coefficients | AD23: 0.05 | AE23: 0.025 | AF23: 0.04 | AG23: 0.04 | AH23: 0.055
B24: Number of DMAs Check | C24: =IF(COUNTA(C12:C21)=D6,"Okay","Check Number of DMAs!") -> Okay | E24: Standard Roof | H24: 0.85 | M24: Permeable Pavement a | Q24: NA | AD24: 0.1 | AE24: 0.06 | AF24: 0.075 | AG24: 0.075 | AH24: 0.105
E25: Asphalt | H25: 0.8 | M25: Vegetated Roof b | Q25: NA | AD25: 0.15 | AE25: 0.085 | AF25: 0.12 | AG25: 0.11 | AH25: 0.15
E26: Concrete | H26: 0.9 | M26: Gravel c | Q26: 0.25 | AD26: 0.2 | AE26: 0.11 | AF26: 0.1525 | AG26: 0.1475 | AH26: 0.2
E27: Brick/Pavers | H27: 0.75 | M27: Landscaping | Q27: 0.2 | AD27: 0.25 | AE27: 0.135 | AF27: 0.19 | AG27: 0.185 | AH27: 0.2525
E28: Other | I28: Step 6 | M28: Grass Pavers/Turf Blocks | Q28: 0.35 | AD28: 0.3 | AE28: 0.1625 | AF28: 0.23 | AG28: 0.2275 | AH28: 0.305
M29: Lawns/grass, sandy soil, slope<2% | Q29: 0.08 | AD29: 0.35 | AE29: 0.19 | AF29: 0.26 | AG29: 0.26 | AH29: 0.3575
C30: Step 11 | M30: Lawns/grass, sandy soil, slope>7% | Q30: 0.17 | AD30: 0.4 | AE30: 0.215 | AF30: 0.3 | AG30: 0.2975 | AH30: 0.4075
A31: Drainage Management Area | C31: Composite Runoff Coefficient | M31: Lawns/grass, heavy soil, slope<2% | Q31: 0.15 | AD31: 0.45 | AE31: 0.24 | AF31: 0.325 | AG31: 0.3325 | AH31: 0.46
A32: A | B32: =B12 -> 0 | D32: =(E12*$H$24+F12*$H$25+G12*$H$26+H12*$H$27+I12*$H$28+K12*0+L12*0+M12*$Q$26+N12*$Q$27+O12*$Q$28+P12*$Q$29+Q12*$Q$30+R12*$Q$31+S12*$Q$32+T12*$Q$33)/(J12+D12) -> #DIV/0! | M32: Lawns/grass, heavy soil, slope>7% | Q32: 0.3 | AD32: 0.5 | AE32: 0.27 | AF32: 0.375 | AG32: 0.37 | AH32: 0.51
A33: B | B33: =B13 -> 0 | D33: =(E13*$H$24+F13*$H$25+G13*$H$26+H13*$H$27+I13*$H$28+K13*0+L13*0+M13*$Q$26+N13*$Q$27+O13*$Q$28+P13*$Q$29+Q13*$Q$30+R13*$Q$31+S13*$Q$32+T13*$Q$33)/(J13+D13) -> #DIV/0! | M33: Other | R33: Step 9 | AD33: 0.55 | AE33: 0.3 | AF33: 0.42 | AG33: 0.4075 | AH33: 0.5605
A34: C | B34: =B14 -> 0 | D34: =(E14*$H$24+F14*$H$25+G14*$H$26+H14*$H$27+I14*$H$28+K14*0+L14*0+M14*$Q$26+N14*$Q$27+O14*$Q$28+P14*$Q$29+Q14*$Q$30+R14*$Q$31+S14*$Q$32+T14*$Q$33)/(J14+D14) -> #DIV/0! | AD34: 0.6 | AE34: 0.325 | AF34: 0.4525 | AG34: 0.44 | AH34: 0.615
A35: D | B35: =B15 -> 0 | D35: =(E15*$H$24+F15*$H$25+G15*$H$26+H15*$H$27+I15*$H$28+K15*0+L15*0+M15*$Q$26+N15*$Q$27+O15*$Q$28+P15*$Q$29+Q15*$Q$30+R15*$Q$31+S15*$Q$32+T15*$Q$33)/(J15+D15) -> #DIV/0! | H35: Chose Jurisdiction for WQv Performance Measure | R35: Step 12 | AD35: 0.65 | AE35: 0.35 | AF35: 0.495 | AG35: 0.48 | AH35: 0.665
A36: E | B36: =B16 -> 0 | D36: =(E16*$H$24+F16*$H$25+G16*$H$26+H16*$H$27+I16*$H$28+K16*0+L16*0+M16*$Q$26+N16*$Q$27+O16*$Q$28+P16*$Q$29+Q16*$Q$30+R16*$Q$31+S16*$Q$32+T16*$Q$33)/(J16+D16) -> #DIV/0! | H36: 1. | I36: Port of San Francisco jurisdiction: 48 hour, 80% capture. Enter "1" in Step 12. | AD36: 0.7 | AE36: 0.38 | AF36: 0.53 | AG36: 0.515 | AH36: 0.72
A37: F | B37: =B17 -> 0 | D37: =(E17*$H$24+F17*$H$25+G17*$H$26+H17*$H$27+I17*$H$28+K17*0+L17*0+M17*$Q$26+N17*$Q$27+O17*$Q$28+P17*$Q$29+Q17*$Q$30+R17*$Q$31+S17*$Q$32+T17*$Q$33)/(J17+D17) -> #DIV/0! | H37: 2. | I37: SFPUC jurisdiction: 0.75 inch rainfall depth. Enter "2" in Step 12. | AD37: 0.75 | AE37: 0.41 | AF37: 0.565 | AG37: 0.5525 | AH37: 0.77
A38: G | B38: =B18 -> 0 | D38: =(E18*$H$24+F18*$H$25+G18*$H$26+H18*$H$27+I18*$H$28+K18*0+L18*0+M18*$Q$26+N18*$Q$27+O18*$Q$28+P18*$Q$29+Q18*$Q$30+R18*$Q$31+S18*$Q$32+T18*$Q$33)/(J18+D18) -> #DIV/0! | AD38: 0.8 | AE38: 0.43 | AF38: 0.605 | AG38: 0.59 | AH38: 0.82
A39: H | B39: =B19 -> 0 | D39: =(E19*$H$24+F19*$H$25+G19*$H$26+H19*$H$27+I19*$H$28+K19*0+L19*0+M19*$Q$26+N19*$Q$27+O19*$Q$28+P19*$Q$29+Q19*$Q$30+R19*$Q$31+S19*$Q$32+T19*$Q$33)/(J19+D19) -> #DIV/0! | H39: WQf Performance Measure | AD39: 0.85 | AE39: 0.465 | AF39: 0.645 | AG39: 0.625 | AH39: 0.87
A40: I | B40: =B20 -> 0 | D40: =(E20*$H$24+F20*$H$25+G20*$H$26+H20*$H$27+I20*$H$28+K20*0+L20*0+M20*$Q$26+N20*$Q$27+O20*$Q$28+P20*$Q$29+Q20*$Q$30+R20*$Q$31+S20*$Q$32+T20*$Q$33)/(J20+D20) -> #DIV/0! | H40: Design Rainfall Intensity (in/hr) | Q40: 0.2 | AD40: 0.9 | AE40: 0.49 | AF40: 0.685 | AG40: 0.66 | AH40: 0.92
A41: J | B41: =B21 -> 0 | D41: =(E21*$H$24+F21*$H$25+G21*$H$26+H21*$H$27+I21*$H$28+K21*0+L21*0+M21*$Q$26+N21*$Q$27+O21*$Q$28+P21*$Q$29+Q21*$Q$30+R21*$Q$31+S21*$Q$32+T21*$Q$33)/(J21+D21) -> #DIV/0! | H41: Note: For both the Port of San Francisco and the SFPUC, the WQf performance measure is based on a 0.2 in/hr rainfall intensity. | AD41: 0.95 | AE41: 0.515 | AF41: 0.72 | AG41: 0.695 | AH41: 0.97
AD42: 1 | AE42: 0.54 | AF42: 0.755 | AG42: 0.735 | AH42: 1.025
C43: Step 13 | F43: Step 14 | J43: Step 15
A44: Drainage Management Area | C44: Water Quality Flow Rate | F44: Water Quality Volume | J44: DMA | K44: Area | L44: Drainage area constraints table
C45: cubic feet/sec | F45: cubic feet | K45: acres | L45: BMP | O45: min | P45: max | Q45: BMP | T45: min | U45: max
A46: A | B46: =B32 -> 0 | D46: =D32*$Q$40*((C12)/43560) -> #DIV/0! | G46: =IF($Q$35=1,((D32/1.3583)/12)*(C12), IF($Q$35=2,(D32*C12*0.75/12),"ERROR")) -> ERROR | J46: A | K46: =C12/43560 -> 0 | L46: Detention pond | O46: 5 ac* | Q46: Bioretention | U46: 1 ac **
A47: B | B47: =B33 -> 0 | D47: =D33*$Q$40*((C13)/43560) -> #DIV/0! | G47: =IF($Q$35=1,((D33/1.3583)/12)*(C13), IF($Q$35=2,(D33*C13*0.75/12),"ERROR")) -> ERROR | J47: B | K47: =C13/43560 -> 0 | L47: Wet pond | O47: 5 ac | Q47: Media filter | U47: 5 ac
A48: C | B48: =B34 -> 0 | D48: =D34*$Q$40*((C14)/43560) -> #DIV/0! | G48: =IF($Q$35=1,((D34/1.3583)/12)*(C14), IF($Q$35=2,(D34*C14*0.75/12),"ERROR")) -> ERROR | J48: C | K48: =C14/43560 -> 0 | L48: Dry well | P48: 0.25 ac | Q48: Water quality inlet | U48: 1 ac
A49: D | B49: =B35 -> 0 | D49: =D35*$Q$40*((C15)/43560) -> #DIV/0! | G49: =IF($Q$35=1,((D35/1.3583)/12)*(C15), IF($Q$35=2,(D35*C15*0.75/12),"ERROR")) -> ERROR | J49: D | K49: =C15/43560 -> 0 | L49: Infiltration basin | P49: 10 ac | Q49: Vegetated rock filter | T49: no contraints
A50: E | B50: =B36 -> 0 | D50: =D36*$Q$40*((C16)/43560) -> #DIV/0! | G50: =IF($Q$35=1,((D36/1.3583)/12)*(C16), IF($Q$35=2,(D36*C16*0.75/12),"ERROR")) -> ERROR | J50: E | K50: =C16/43560 -> 0 | L50: Infiltration trench | P50: 5 ac | Q50: Permeable pavement | T50: no contraints
A51: F | B51: =B37 -> 0 | D51: =D37*$Q$40*((C17)/43560) -> #DIV/0! | G51: =IF($Q$35=1,((D37/1.3583)/12)*(C17), IF($Q$35=2,(D37*C17*0.75/12),"ERROR")) -> ERROR | J51: F | K51: =C17/43560 -> 0 | L51: Vegetated swale | P51: 5 ac | Q51: Swirl separator | T51: no contraints
A52: G | B52: =B38 -> 0 | D52: =D38*$Q$40*((C18)/43560) -> #DIV/0! | G52: =IF($Q$35=1,((D38/1.3583)/12)*(C18), IF($Q$35=2,(D38*C18*0.75/12),"ERROR")) -> ERROR | J52: G | K52: =C18/43560 -> 0 | L52: Vegetated buffer strip | P52: 2(Astrip) | Q52: Drain insert | T52: no contraints
A53: H | B53: =B39 -> 0 | D53: =D39*$Q$40*((C19)/43560) -> #DIV/0! | G53: =IF($Q$35=1,((D39/1.3583)/12)*(C19), IF($Q$35=2,(D39*C19*0.75/12),"ERROR")) -> ERROR | J53: H | K53: =C19/43560 -> 0 | L53: Constructed wetland | O53: 5 ac | Q53: Vegetated roof | T53: no contraints
A54: I | B54: =B40 -> 0 | D54: =D40*$Q$40*((C20)/43560) -> #DIV/0! | G54: =IF($Q$35=1,((D40/1.3583)/12)*(C20), IF($Q$35=2,(D40*C20*0.75/12),"ERROR")) -> ERROR | J54: I | K54: =C20/43560 -> 0 | L54: Detention vault | P54: 10 ac | Q54: Rainwater harvesting | T54: no contraints
A55: J | B55: =B41 -> 0 | D55: =D41*$Q$40*((C21)/43560) -> #DIV/0! | G55: =IF($Q$35=1,((D41/1.3583)/12)*(C21), IF($Q$35=2,(D41*C21*0.75/12),"ERROR")) -> ERROR | J55: J | K55: =C21/43560 -> 0 | L55: * Or minimum orifice diameter of 1 inch | Q55: ** Multiple cells can be used to treat larger areas
A57: INSTRUCTIONS
A58: Step
A59: 1 | B59: Enter the total square footage of your site. Areas are entered in units of square feet. Note: 1 acre = 43,560 square feet.
A60: 2 | B60: Divide your entire site into discrete drainage management areas (DMAs) and enter the number of DMAs. A DMA is a portion of your site that drains to a common location.
A61: 3 | B61: Name each DMA and enter one name per row in the cells adjacent to "A", "B", "C", etc.
A62: 4 | B62: Enter the square footage of each DMA.
A63: 5 | B63: Identify the different impervious land surfaces for each DMA and enter their square footage. If a permeable pavement area (i.e., pervious concrete, porous asphalt, or permeable paver) will receive run-on from adjacent surfaces, then the entire paved area (including the area planned for permeable pavement) should be entered as an impervious surface. The required size of the permeable pavement facility can then be calculated using the permeable pavement sizer.
A64: 6 | B64: Use the "other" column for impervious land surfaces not described. Enter the square footage of the "other surface" in the table. Below, in the Impervious Runoff Coefficients Table, enter a runoff coefficient, C, for the "other" impervious surface.
A65: 7 | B65: Identify any existing permeable pavement or vegetated roofs on your site that are designed according to SDG requirements and do not receive runoff from adjacent surfaces. Enter their areas. See "Notes" section (a and b) at bottom of worksheet for additional description of permeable pavement and vegetated roofs.
A66: 8 | B66: Identify additional pervious land surfaces for each DMA and enter their areas. See "Notes" section (c) at bottom of worksheet for a description of whether to categorize gravel as permeable pavement or pervious area.
A67: 9 | B67: Use the "other" column, column T, for pervious land surfaces not described. Enter the square footage of the "other surface" in the table. Below, in the Pervious Runoff Coefficients Table, enter a runoff coefficient, C, for the "other" pervious surface .
A68: 10 | B68: Check column U is "okay". If not, adjust areas accordingly.
A69: 11 | B69: Composite runoff coefficients for each DMA are calculated and displayed here.
A70: 12 | B70: Choose jurisdication for performance measure. Projects in the Port of SF jurisdiction should select "1". Projects in SFPUC jurisdiction should select "2".
... A73: 15 | B73: Use DMA areas and drainage area constraints table to determine which BMPs are possible for which DMAs.
A75: NEXT STEPS
B76: Use the BMP sizing calculators to help you size and design each treatment control measure.
B77: For flow-based measures, the treatment control measure must be sized such that it accommodates the Water Quality Flow Rate for each DMA.
B78: For volume-based measures, the treatment control measure must be sized such that it accommodates the Water Quality Volume for each DMA.
A80: NOTES
A81: a | B81: Permeable pavement includes permeable pavers, porous asphalt, and pervious concrete designed according to SDG requirements. If runoff from adjacent impervious surfaces is draining to the permeable pavement, then the total paved area (including the area planned for permeable pavement) should be entered as impervious area in Step 5. The portion of this total paved area that must be converted to permeable pavement to meet the SDG treatment requirements can then be calculated using the Permeable Pavement calculator.
A82: b | B82: Vegetated roofs should be designed in accordance with the SDG to capture the WQv from the roof DMA.
A83: c | B83: Gravel surfaces can be considered a permeable pavement system if designed in accordance with the storage layer requirements outlined in the permeable pavement sizer and fact sheet. The gravel should be an open graded crushed washed AASHTO No. 8 stone or larger. The system should be designed to completely capture the WQv and either infiltrate it or detain it over a 48 hour period.
A85: DEFINITIONS
B86: Water Quality Volume Equation: | C86: WQv = C x A x d/12
B87: Water Quality Flow Equation: | C87: WQf = C x i x A/43560
B89: Where: | C89: WQf = water quality flow (cubic feet per second)
C90: WQv = water quality volume (cubic feet)
C91: C = runoff coefficient
C92: i = design rainfall intensity (in/hr) | S92: Last updated: 11/23/10
C93: A = drainage area (square feet)
C94: d = design depth of rainfall (inches)

Sheet Infiltration Trench_Dry Well
A1: INFILTRATION TRENCH/DRY WELL CALCULATOR
A2: These calculators size an infiltration trench or drywell to treat the Water Quality Volume (WQv), or calculate the volume of water treated given user entered available dimensions.
A8: CALCULATOR
A9: Infiltration Trench/Dry Well Calculator - by Water Quality Volume
A10: 1 | B10: Water Quality Volume - WQv | E10: cubic feet
A11: 2 | B11: Porosity - n | C11: 0.35 | E11: recommend 0.35 for coarse aggregate
A12: 3 | B12: Infiltration Rate - f | E12: inches/hour (generally require f ≥0.5"/hr)
B13: Safety Factor | C13: 2 | E13: recommend 2
B14: Fill time - T | C14: 2 | E14: hours (1 to 2 hours, recommend 2)
B15: Max Drain Time - t | C15: 48 | E15: hours (recommend 48)
A16: 4 | B16: Depth to GW/Bedrock | E16: feet
A18: 5 | B18: Max Allowable Depth - dmax | C18: =IF(C12/C13*C15/12/C11<C16-4,ROUND(C12/C13*C15/12/C11,1),ROUND(C16-4,1)) -> -4 | E18: feet
B19: Design Trench Depth - d | E19: feet (between 3 to 8 feet)
B20: Check Depth | C20: =IF(AND(C19<=C18, C19<=8),"Okay","Error, reduce depth") -> Error, reduce depth
A22: 6 | B22: Base Area Calculator | C22: =$C$10/(($C$11*$C$19)+(($C$12/C13*$C$14)/12)) -> #DIV/0! | E22: square feet
A23: 7 | B23: Width of Trench | E23: feet (should be less than 25 feet)
A25: 8 | B25: Dimension Calculator
B26: Depth | C26: =C19 -> 0 | E26: feet
B27: Width | C27: =C23 -> 0 | E27: feet
B28: Length | C28: =C22/C23 -> #DIV/0! | E28: feet
B29: Dry Well Diameter | C29: =((C22/PI())^0.5)*2 -> #DIV/0! | E29: feet
B30: Estimated Drainage Area | C30: =C10/0.9/(0.75/12) -> 0 | E30: sf
B31: BMP Area/Drainage Area | C31: =C22/C30 -> #DIV/0!
A33: Infiltration Trench/Dry Well Calculator - by Available Dimensions
A34: 9 | B34: Available Length (or Diameter for Dry Well) | E34: feet
A35: 10 | B35: Available Width | E35: feet (should be less than 25 feet)
A36: 11 | B36: Porosity - n | E36: recommend 0.35
A37: 12 | B37: Infiltration Rate - f | E37: inches/hour (generally require f ≥0.5"/hr)
B38: Safety Factor | C38: 2 | E38: recommend 2
B39: Fill Time - T | C39: 2 | E39: hours (1 to 2 hours, recommend 2)
B40: Max Drain Time - t | C40: 48 | E40: hours (recommend 48)
A41: 13 | B41: Depth to GW/Bedrock | E41: feet
A43: 14 | B43: Max Allowable Depth - dmax | C43: =IF(C37/C38*C40/12/C36<C41-4,ROUND(C37/C38*C40/12/C36,1),ROUND(C41-4,1)) -> #DIV/0! | E43: feet
B44: Design Trench Depth - d | E44: feet (between 3 to 8 feet)
B45: Check Depth | C45: =IF(AND(C44<=C43, C44<=8),"Okay","Error, reduce depth") -> #DIV/0!
A47: 15 | B47: Treated Volume - Infiltration Trench | C47: =$C$34*$C$35*(($C$36*$C$44)+($C$37/C38*$C$39/12)) -> 0 | E47: cubic feet
B48: Treated Volume - Dry Well | C48: =PI()*((C34/2)^2)*(($C$36*$C$44)+($C$37/2*$C$39/12)) -> 0 | E48: cubic feet
A50: INSTRUCTIONS
A51: Use either steps 1 through 8 to determine the required size of your trench. Or use steps 9 through 15 to check what volume of water is treated given the available dimensions of your trench.
A53: To Determine The Required Size of the Infiltration Trench/Dry Well
A54: Step
A55: 1 | B55: Enter the Water Quality Volume (WQv) for the drainage management area (DMA). The WQv is calculated in Step 14 of the Water Quality Volume and Water Quality Flow Rate Calculator.
A56: 2 | B56: Adjust the porosity of the trench/dry well backfill material if necessary. Recommend using a default value of 0.35. For a dry well without backfill use 1.
A57: 3 | B57: Enter the infiltration rate of the underlying soils. This should be determined by geotechnical testing or, for conceptual studies, soil infiltration maps. A safety factor of 2 will be applied to the infiltration rate to account for the inherent uncertainties in rate measurement and the decrease in infiltration rate over time. The default value for fill time is 2 hours. The default drain time is 48 hours. These values should not be changed unless explanation is provided by user.
A58: 4 | B58: Enter the lesser value of the depth to groundwater and depth to bedrock at the site. The bottom of the trench should be at least 4' from bedrock and the high groundwater table.
A59: 5 | B59: The maximum allowable depth of the trench/drywell is calculated here. In the next row, enter a design trench depth less than or equal to the max allowable depth.
A60: 6 | B60: The trench/dry well surface area calculator determines the base surface area of the trench/dry well that is required to treat the design WQv.
A61: 7 | B61: To calculate actual trench dimensions, enter a desired width for the trench. Generally this will be between 3 and 8 feet, and not exceed 25 feet.
A62: 8 | B62: The required dimensions for your WQv trench or dry well are determined here.
A64: To Determine the Volume of Water Treated by Available Dimensions
A65: 9 | B65: Enter the design length of your trench. For a Dry Well enter the design diameter, and skip Step 11.
A66: 10 | B66: Enter the design width of your trench.
A67: 11 | B67: Adjust the porosity of the trench backfill material if necessary. Recommend using a default value of 0.35. For a dry well without backfill use 1.
A68: 12 | B68: Enter the infiltration rate of the underlying soils. This should be determined by geotechnical testing or, for conceptual studies, soil infiltration maps.
B69: A safety factor of two will be applied in the calculations to account for the decrease in infiltration rate over time due to accumulation of solids in the trench.
B70: The default value for fill time is 2 hours. The default drain time is 48 hours. These values should not be changed unless explanation is provided by user.
A71: 13 | B71: Enter the lesser value of the depth to groundwater and depth to bedrock at the site. The bottom of the trench should be at least 4' from bedrock and the high groundwater table.
A72: 14 | B72: The maximum allowable depth of the trench/drywell is calculated here. In the next row, enter a design trench depth less than or equal to the max allowable depth.
A73: 15 | B73: The volume of water treated by your trench or dry well design is shown here. If this volume is less than the required WQv then additional treatments will likely be required.
A75: DEFINITIONS
B76: Water Quality Volume (WQv) | C76: The runoff volume to be managed by the stormwater BMP such that treatment requirements are met. The WQv is calculated by the Water Quality Volume and Water Quality Flow Rate Calculator.
B77: Porosity (n) | C77: Volume of void space to total volume. This is expressed as a ratio, e.g. 0.35 means that one cubic foot of gravel contains 0.35 cubic feet of empty space.
B78: Infiltration Rate (f) | C78: The rate of water entry into the soil, generally expressed as inches/hour, and determined by geotechnical tests or estimated from soil maps. It equals the hydraulic conductivity of the soil times the hydraulic gradient.
B79: Fill Time (T) | C79: The time taken for the trench/ dry well to fill with runoff. Use recommended values or calculate iteratively with runoff hydrographs and trench volumes.
B80: Drain Time (t) | C80: The time for the trench/dry well to drain the water quality volume.
B81: Depth (d) | C81: The depth of the trench/dry well from the surface of the gravel backfill material.
B82: Length | C82: The longitudinal length of the trench.
B83: Width | C83: The width of the trench.
B84: Base Area | C84: The area of the base of the trench or dry well.

Sheet Infiltration Basin
A1: INFILTRATION BASIN CALCULATOR
A2: This calculator sizes an infiltration basin to treat the Water Quality Volume (WQv).
A7: CALCULATOR
A8: Infiltration Basin Calculator - by Water Quality Volume
A9: 1 | B9: Water Quality Volume - WQv | E9: cubic feet
A10: 2 | B10: Infiltration rate - f | E10: inches/hour (generally require f>0.5"/hr)
A11: 3 | B11: Safety Factor | C11: 2 | E11: recommend 2
A12: 4 | B12: Max drawdown time - t | C12: 48 | E12: hours (recommend between 24 and 48 hours)
A13: 5 | B13: Base Area Calculator | C13: =C9/(C12*C10/2/12) -> #DIV/0! | E13: square feet
A15: 6 | B15: Side Slope | E15: feet/feet (ratio of horizontal to vertical, for example, 3 for 3H:1V)
A16: 7 | B16: Width of Basin Bottom | E16: feet
A17: 8 | B17: Length of Basin Bottom | C17: =C13/C16 -> #DIV/0! | E17: feet
A18: 9 | B18: Depth at WQv - d | E18: feet (generally between 1 and 3 feet, recommend 2 feet)
A19: 10 | B19: Width of Basin at WQv Depth | C19: =C16+C15*C18*2 -> 0 | E19: feet
B20: Length of Basin at WQv Depth | C20: =C17+C15*C18*2 -> #DIV/0! | E20: feet
A21: 11 | B21: Storage Volume | C21: =C18*(C16*C17+C19*C20+SQRT(C16*C17*C19*C20))/3 -> #DIV/0! | E21: cubic feet (adjust depth in Step 9 until storage volume is greater than WQv)
A22: 12 | B22: Check of Volume | C22: =IF(C21>C9,"Okay", "Error, increase depth") -> #DIV/0!
B23: Est. Impervious DMA | C23: =C9/(0.75/12)/0.9 -> 0 | E23: ft2
B24: Sizing Ratio (BMP/DMA) | C24: =C20*C19/C23 -> #DIV/0!
A26: INSTRUCTIONS
A27: Follow the steps below to determine the required size of your basin.
A29: Step
A30: 1 | B30: Enter the Water Quality Volume (WQv) for the DMA. The WQv is calculated in Step 14 of the Water Quality Volume and Water Quality Flow Rate Calculator.
A31: 2 | B31: Enter the infiltration rate of the underlying soils. This should be determined by geotechnical testing or, for conceptual studies, soil infiltration maps.
A32: 3 | B32: A recommended safety factor of 2 will be applied to the infiltration rate to account for the inherent uncertainties in rate measurement and the decrease in infiltration rate over time.
A33: 4 | B33: The recommended maximum drawdown time for the infiltration basin is 48 hours.
A34: 5 | B34: The minimum base area of the infiltration basin is calculated here based on infiltrating the entire WQv within the maximum drawdown time.
A35: 6 | B35: Enter the side slope of the basin. The slope of earthen side walls should be no steeper than 3:1 (i.e., at least 3 feet horizontal for each 1 foot vertical). Enter 0 for vertical sidewalls.
A36: 7 | B36: Enter the width of the basin bottom.
A37: 8 | B37: The length of the basin bottom is calculated based on the base area and width.
A38: 9 | B38: Enter the design water depth of the infiltration basin (i.e., the water depth when the basin has completely captured the WQv event). Depths are typically between 1 and 3 feet. This depth DOES NOT include freeboard, which is typically 1 foot above the design depth (freeboard should be added in actual design).
A39: 10 | B39: The width and length of the basin at the design water depth (i.e., WQv depth) are calculated here.
A40: 11 | B40: The storage volume in the basin is calculated here. If the volume is less than the WQv entered in Step 1, increase the basin depth.
A41: 12 | B41: This step checks that the storage volume is greater than the WQv entered in Step 1.
A43: DEFINITIONS
B44: Water Quality Volume (WQv) | C44: The runoff volume to be managed by the stormwater BMP such that treatment requirements are met. The WQv is calculated by the Water Quality Volume and Water Quality Flow Rate Calculator.
B45: Infiltration Rate (f) | C45: The rate of water entry into the soil, generally expressed as inches/hour, and determined by geotechnical tests or estimated from soil maps. It equals the hydraulic conductivity of the soil times the hydraulic gradient.
B46: Drain Time (t) | C46: The time for the storage area to drain the water quality volume.
B47: Depth at WQv (d) | C47: The depth of the basin from the design water level to the invert of the basin. Does not include freeboard.
B48: Freeboard | C48: The vertical distance between the maximum design water depth and the top of the basin embankments.

Sheet Permeable Pavement
A1: PERMEABLE PAVEMENT CALCULATOR
A2: These calculators size the area of permeable pavement to treat the Water Quality Volume (WQv). The calculator can be used for underdrained installations or infiltration installations.
A8: CALCULATOR
A9: Permeable Pavement Calculator - by Water Quality Volume
A10: 1 | B10: Water Quality Volume - WQv | E10: cubic feet
A11: 2 | B11: Drainage Management Area | E11: square feet (include the area planned for permeable pavement)
A12: 3 | B12: Permeable Pavement (PP) Type | E12: select pavement type
A13: 4 | B13: PP Area as % of Total Drainage Area | C13: =IF(C12="Permeable Pavers", 40%,40%) -> 0.4 | E13: min allowable is 40%, i.e., 1 part permeable pavement to 1.5 parts impermeable paved drainage area
A14: 5 | B14: Minimum PP Area | C14: =C11*C13 -> 0 | E14: square feet
A15: 6 | B15: Infiltration Rate of In Situ Soils - f | E15: inches/hour (enter 0 if system will be lined due to subsurface constraints)
B16: Safety Factor | C16: 2 | E16: recommend 2 to account for decline over time and uncertainty in measurement
A17: 7 | B17: Underdrains Required | C17: =IF(C15/C16<0.25,"Yes", "No") -> Yes | E17: required if f ≤ 0.5 inches/hour
A18: 8 | B18: Porosity of Storage Media - n | C18: 0.35 | E18: recommend 0.35
B19: Fill Time - T | C19: 2 | E19: hours (generally 2)
A21: 9 | B21: Depth of Bedding Layer | E21: inches (generally 2")
B22: Depth of Transition Layer | E22: inches (generally 3 to 4")
B23: Depth Needed to Store WQv | C23: =(C$10-C$15/C$16/12*C$14*C$19)/(C$14*C$18)*12 -> #DIV/0! | E23: inches
A24: 10 | B24: Minimum Depth of Storage Layer | C24: =MAX((C$10-C$15/C$16/12*C$14*C$19)/(C$14*C$18)*12,6) -> #DIV/0! | E24: inches (as needed to store the WQv, minimum of 6")
A26: 11 | B26: Time Needed to Infiltrate WQV (no underdrain) | C26: =IF(C17="No",C10/(C15/C16/12)/C14,"N/A") -> N/A | E26: hours (if greater than 48 hours, install underdrains)
A27: 12 | B27: Drain Time (for underdrained systems) - t | E27: hours (24 to 48, recommend 48)
A28: 13 | B28: Ave. Discharge Rate for Drain Time | C28: =IF(C17="No", "N/A",(C10/(C27*60*60))*7.48*60) -> #DIV/0! | E28: gpm (use orifice or other means to control discharge rate)
B29: Estimated Drainage Area | C29: =C10/0.9/(0.75/12) -> 0 | E29: ft2
B30: Sizing Ratio (BMP Area/Drainage Area) | C30: =C14/C29 -> #DIV/0!
A32: INSTRUCTIONS
A33: Use steps 1 through 13 to determine the required area and drain rate for permeable pavement.
A35: Step
A36: 1 | B36: Enter the Water Quality Volume (WQv) for the drainage management area (DMA). The WQv is calculated in Step 14 of the Water Quality Volume and Water Quality Flow Rate Calculator.
A37: 2 | B37: Enter the square footage of the DMA draining to the Permeable Pavement (PP). The DMA includes the area planned for PP. Only impervious surfaces should drain to PP.
A38: 3 | B38: Select the type of PP system: permeable pavers, pervious concrete, or porous asphalt.
A39: 4 | B39: The allowable PP area as a percent of the total drainage area is given here. To reduce pollutant loadings and extend the expected life of the system, the area of the permeable pavement system must be 40% or more of the total drainage area (i.e., 1 part permeable pavement facility area to 1.5 parts impervious paved drainage area). To allow run-on to permeable pavers, they must have 20% or more of their surface area open. See the PP fact sheet for more information regarding design requirements.
A40: 5 | B40: The minimum PP area required is calculated here.
A41: 6 | B41: Enter the infiltration rate of the underlying soils. This should be determined by geotechnical testing or, for conceptual studies, soil infiltration maps. If the PP is going to be underdrained and lined to prevent infiltration, then use 0. A default safety factor of two will be applied to the infiltration rate to account for soils compaction and clogging, as well as the inherent uncertainty in rate measurement.
A42: 7 | B42: The need for underdrains is determined based on the infiltration rate. If other constraints require underdrains, such as high groundwater or bedrock, set the infiltration rate in Step 6 to 0. See the PP fact sheet for infiltration constraints.
A43: 8 | B43: The default porosity of the media and the fill time have been entered. Adjusting these values is not recommended.
A44: 9 | B44: Enter the depths of the subsurface media layers. Layers include the bedding layer, transition (i.e., base) layer, and storage (i.e., subbase) layer. Recommend using a 2" deep bedding layer and a 3 or 4" deep transition layer. The required depth of the underlying storage layer is calculated in Step 10. See the Permeable Pavement fact sheet for more information on the media layers.
A45: 10 | B45: The required depth of the storage layer is calculated here. The depth is as needed to store the WQv, with a minimum depth of 6".
A46: 11 | B46: If the system is not underdrained, the time to infiltrate the WQv is calculated here.
A47: 12 | B47: For underdrained systems, specify the desired drain time. For the full benefit of pollutant reduction through detention, 48 hours is recommended.
A48: 13 | B48: The average rate at which the underdrain system must drain the media layers is calculated here. During design, outlet controls must be sized accordingly to achieve the desired WQv drain time.
A50: DEFINITIONS
B51: Water Quality Volume (WQv) | C51: The runoff volume to be managed by the stormwater BMP such that treatment requirements are met. The WQv is calculated by the Water Quality Volume and Water Quality Flow Rate Calculator.
B52: Infiltration Rate (f) | C52: The rate of water entry into the soil, generally expressed as inches/hour, and determined by geotechnical tests or estimated from soil maps. It equals the hydraulic conductivity of the soil times the hydraulic gradient.
B53: Porosity (n) | C53: Volume of void space to total volume. This is expressed as a ratio, e.g. 0.35 means that one cubic foot of gravel contains 0.35 cubic feet of empty space.
B54: Fill Time (T) | C54: The time taken for the subsurface media to fill with runoff.
B55: Bedding Layer | C55: The layer that the permeable pavement is laid on, also called choker or setting layer. Consists of AASHTO No. 8 stone. (Note: Bedding layers are typically No. 57 stone for asphalt and concrete; however, the size has been reduced in this application to improve filtering performance of the system).
B56: Transition Layer | C56: The layer located beneath the bedding layer which serves as a transition to the storage layer. It is also known as the base layer, is typically 3 to 4" deep, and consists of AASHTO No. 57 stone.
B57: Storage Layer | C57: The layer above the native soil subgrade that distributes loads and stores the runoff. It is also called the subbase or reservoir layer and consists of AASHTO No. 3 stone (i.e., 0.5 to 2.5" diameter crushed aggregate).
B58: Drain Time (t) | C58: The time for the storage area to drain the water quality volume.

Sheet Detention Pond
A1: DETENTION POND CALCULATOR
A2: This calculator sizes volumetrically a detention pond such that it treats the Water Quality Volume (WQv).
A7: CALCULATOR
A8: Detention Pond Calculator - by Water Quality Volume
A9: 1 | B9: Water Quality Volume - WQv | E9: cubic feet
A10: 2 | B10: Forebay Volume Calculator | C10: =C9*0.1 -> 0 | E10: cubic feet
A12: 3 | B12: Dimensions Calculator
A13: 4 | B13: Depth at WQv - d | E13: feet (generally between 2 and 5 feet, recommend 3 feet)
A14: 5 | B14: Pond Length to Width Ratio (L/W) | E14: generally between 2 and 4
A15: 6 | B15: Pond Side Slope | E15: feet/feet (ratio of horizontal to vertical, for example, 3 for 3H:1V)
A16: 7 | B16: Width of Pond Bottom | E16: feet (adjust width until storage volume in Step 10 is greater than WQv)
A17: 8 | B17: Length of Pond Bottom | C17: =C16*C14 -> 0 | E17: feet
A18: 9 | B18: Width of Pond at WQv Depth | C18: =C16+C15*C13*2 -> 0 | E18: feet
B19: Length of Pond at WQv Depth | C19: =C17+C15*C13*2 -> 0 | E19: feet
A20: 10 | B20: Storage Volume | C20: =C13*(C16*C17+C18*C19+SQRT(C16*C17*C18*C19))/3 -> 0 | E20: cubic feet (must be greater than WQv)
A21: 11 | B21: Check of Volume | C21: =IF(C20>C9,"Okay", "Error, increase pond width or depth") -> Error, increase pond width or depth
A23: 12 | B23: Drain time - t | C23: 48 | E23: hours (recommend 48 hours)
B24: Surface Area at Mid Elevation | C24: =(C16+C15*C13)*(C17+C15*C13) -> 0 | E24: square feet
B25: Orifice Area | C25: =(2*C24*(C13)^0.5)/(3600*0.66*C23*(2*32.2)^0.5) -> 0 | E25: square feet
A26: 13 | B26: Approx. Orifice Diameter for Drain Time | C26: =12*(4*C25/PI())^0.5 -> 0 | E26: inches (refine outlet control sizing and configuration during design)
A27: 14 | B27: Flow Rate thru Orifice | C27: =449*0.66*C25*(2*32.2*C13)^0.5 -> 0 | E27: gpm (flow rate when basin is at WQv depth)
B28: Est. Impervious DMA | C28: =C9/(0.75/12)/0.9 -> 0 | E28: ft2
B29: Sizing Ratio (BMP/DMA) | C29: =C19*C18/C28 -> #DIV/0!
B30: DP + Forebay | C30: =((C19*C18)+C10/1.5)/C28 -> #DIV/0!
A32: INSTRUCTIONS
A33: Follow the steps below to determine the required size of your detention pond.
A35: Step
A36: 1 | B36: Enter the Water Quality Volume (WQv) for the DMA. The WQv is calculated in Step 14 of the Water Quality Volume and Water Quality Flow Rate Calculator.
A37: 2 | B37: The required volume for the forebay is shown here (typically 10 to 25% of the WQv).
A38: 3 | B38: Use the following steps of the Dimensions Calculator to determine the configuration of the detention pond.
A39: 4 | B39: Enter the design water depth of the detention pond (i.e., the water depth when the basin has completely captured the WQv event). Depths are typically between 2 and 5 feet. This depth DOES NOT include freeboard, which is typically 1 foot above the maximum design depth (freeboard should be added in actual design).
A40: 5 | B40: Enter the length to width ratio of the detention pond. A ratio between 2 and 4 is recommended.
A41: 6 | B41: Enter the side slope of the pond. The slope of earthen side walls should be no steeper than 3:1 (i.e., at least 3 feet horizontal for each 1 foot vertical). Enter 0 for vertical hardscaped sidewalls.
A42: 7 | B42: Enter the width of the pond bottom at the invert of the detention pond.
A43: 8 | B43: The length of the pond bottom is calculated here.
A44: 9 | B44: The width and length of the pond at the design water depth (i.e., WQv depth) are calculated here.
A45: 10 | B45: The storage volume in the pond is calculated here. Adjust the basin depth and/or width (entered in Steps 4 and 7, respectively) until the volume is greater than or equal to the WQv entered in Step 1.
A46: 11 | B46: This step checks that the storage volume is greater than the WQv entered in Step1. If the volume is less than the WQv, increase the pond width or depth.
A47: 12 | B47: The recommended design drain time for the basin is 48 hours.
... A49: 14 | B49: The estimated flow rate through the orifice when the water level is at the WQv depth is calculated here.
A51: DEFINITIONS
B52: Water Quality Volume (WQv) | C52: The runoff volume to be managed by the stormwater BMP such that treatment requirements are met. The WQv is calculated by the Water Quality Volume and Water Quality Flow Rate Calculator.
B53: Freeboard | C53: The vertical distance between the maximum design water depth and the top of the basin embankments.
B54: Orifice | C54: An orifice is a flow restrictor. It drains the pond slowly to improve water treatment through settling of pollutants.
B55: Weir | C55: A weir is a designed overflow facility, and is often the crest of the pond/wetland spillway.
B56: Spillway | C56: A spillway is a structure to provide the control release of extreme flows, in the event the capacity of the pond/wetland is overwhelmed.
B57: Drain Time (t) | C57: The time for the storage area to drain the water quality volume.
B58: Depth at WQv (d) | C58: The depth of the basin from the design water level to the invert of the basin. Does not include freeboard.

Sheet Detention Vault
A1: DETENTION VAULT CALCULATOR
A2: These calculators size a detention vault to treat the Water Quality Volume (WQv), or calculate the volume of water treated given user entered available dimensions.
A8: CALCULATOR
A9: Detention Vault Calculator - by Water Quality Volume
A10: 1 | B10: Water Quality Volume - WQv | E10: cubic feet
A11: 2 | B11: Available Live Storage Depth | E11: feet (typically between 3 and 7 ft)
A12: 3 | B12: Length to Width Ratio (L/W) | E12: typically between 2 and 4
A14: 4 | B14: Length | C14: =C15*C12 -> #DIV/0! | E14: feet
B15: Width | C15: =(C10/C11/C12)^0.5 -> #DIV/0! | E15: feet
A17: 5 | B17: Drain Time | C17: 48 | E17: hrs (recommend 48 hrs)
A18: 6 | B18: Ave. Discharge Rate for Drain Time | C18: =C10/C17/3600*449 -> 0 | E18: gpm
B19: Estimated Imp. Drainage Area | C19: =C10/(0.75/12)/0.9 -> 0 | E19: ft2
B20: Sizing Ratio (BMP/DMA) | C20: =C14*C15/C19 -> #DIV/0!
A22: Detention Vault Calculator - by Available Area
A23: 7 | B23: Available Base Area | E23: square feet
A24: 8 | B24: Design Live Storage Depth | E24: feet
A25: 9 | B25: Treated Volume | C25: =$C$23*$C$24 -> 0 | E25: cubic feet
A27: INSTRUCTIONS
A28: Use either steps 1 through 6 to determine the required dimensions of the vault. Or use steps 7 through 9 to check what volume of water is treated given the available area for a vault.
A30: Step
A31: To Determine The Required Dimensions for the Vault
A32: 1 | B32: Enter the Water Quality Volume (WQv) for the drainage management area (DMA). The WQv is calculated in Step 14 of the Water Quality Volume and Water Quality Flow Rate Calculator.
A33: 2 | B33: Enter the proposed live storage depth of the vault. This is typically between 3 to 7 feet not including freeboard. This depth also does not include the depth of the permanent wet pool. It is recommended that the wet pool depth be greater than 3 feet.
A34: 3 | B34: Enter the proposed length to width ratio of the vault. A ratio > 2:1 is preferred. A 2:1 ratio should be entered as "2", a 3:1 as "3", etc.
A35: 4 | B35: The length and width of the vault are calculated.
A36: 5 | B36: Enter the drawdown time for the vault (48 hrs is recommended).
A37: 6 | B37: The average discharge rate from the vault to obtain the desired drain time is calculated. During design, outlet controls must be sized accordingly to achieve the desired WQv drain time.
A39: To Determine the Volume of Water Treated by an Available Area
A40: 7 | B40: Enter the available area to install the vault (base area).
A41: 8 | B41: Enter the proposed live storage depth of the vault. Generally 5 feet not including freeboard.
A42: 9 | B42: The volume of water treated by the proposed detention vault is shown here. If this volume is less than the required WQv then additional treatments will likely be required.
A44: DEFINITIONS
B45: Water Quality Volume (WQv) | C45: The runoff volume to be managed by the stormwater BMP such that treatment requirements are met. The WQv is calculated by the Water Quality Volume and Water Quality Flow Rate Calculator.
B46: Live Storage Depth | C46: The depth of water storage in the vault. Does not include freeboard or depth of permanent pool.
B47: Length | C47: The longitudinal length of the vault
B48: Width | C48: The width of the vault
B49: Base Area | C49: The area of the base of the vault
B50: Drain Time (t) | C50: The time for the storage area to drain the water quality volume.

Sheet Wet Ponds_Wetlands
A1: WET POND/WETLAND CALCULATOR
A2: This calculator sizes the components of a wet pond or wetland such that it treats the Water Quality Volume (WQv).
A7: CALCULATOR
A8: Wet Ponds and Wetlands Calculator - by Water Quality Volume
A9: 1 | B9: Water Quality Volume - WQv | E9: cubic feet
A11: 2 | B11: Forebay volume calculator (min size) | C11: =C14*0.1 -> 0 | E11: cubic feet
A12: 3 | B12: Wet Pond or Wetland
A13: 4 | B13: Permanent pool volume calculator | C13: =IF(C12="Wet Pond", $C$9*2, C9) -> 0 | E13: cubic feet
A14: 5 | B14: Live storage volume calculator | C14: =$C$9 -> 0 | E14: cubic feet
A16: 6 | B16: Dimensions Calculator
A17: 7 | B17: Permanent Pool Depth | E17: feet (typically 1.5 to 2 feet average depth for wetlands, 4 to 6 feet for wet pond)
A18: 8 | B18: Live Storage Volume Depth | E18: feet (typically 1 to 2 feet for wetlands, 1 to 3 feet for wet pond)
A19: 9 | B19: Total Depth at WQv - d | C19: =C18+C17 -> 0 | E19: feet
A20: 10 | B20: Basin Length to Width Ratio (L/W) | E20: generally between 2 and 4
A21: 11 | B21: Basin Side Slope | E21: feet/feet (ratio of horizontal to vertical, for example, 3 for 3H:1V)
A22: 12 | B22: Width of Basin Bottom | E22: feet
A23: 13 | B23: Length of Basin Bottom | C23: =C22*C20 -> 0 | E23: feet
A24: 14 | B24: Width of Basin at Permanent Pool Depth | C24: =C22+C21*C17*2 -> 0 | E24: feet
B25: Length of Basin at Permanent Pool Depth | C25: =C23+C21*C17*2 -> 0 | E25: feet
B26: Width of Basin at WQv Depth | C26: =C22+C21*C19*2 -> 0 | E26: feet
B27: Length of Basin at WQv Depth | C27: =C23+C21*C19*2 -> 0 | E27: feet
A28: 15 | B28: Permanent Pool Volume | C28: =C17*(C22*C23+C24*C25+SQRT(C22*C23*C24*C25))/3 -> 0 | E28: cubic feet (must be greater than 2x WQv for wet ponds, greater than 1x for wetlands)
B29: Live Storage Volume | C29: =C19*(C22*C23+C26*C27+SQRT(C22*C23*C26*C27))/3-C28 -> 0 | E29: cubic feet (must be greater than WQv)
A30: 16 | B30: Check of Permanent Pool Volume | C30: =IF(C28>C13,"Okay", "Error, increase pond width or depth") -> Error, increase pond width or depth
B31: Check of Live Storage Volume | C31: =IF(C29>C14,"Okay", "Error, increase pond width or depth") -> Error, increase pond width or depth
A33: 17 | B33: Drain time for WQv - t | C33: 48 | E33: hours (between 24-28, recommend 48 hours)
B34: Surface Area at Mid Elevation | C34: =(C24+C18*C21)*(C25+C18*C21) -> 0 | E34: square feet
B35: Orifice Area | C35: =(2*C34*(C18)^0.5)/(3600*0.66*C33*(2*32.2)^0.5) -> 0 | E35: square feet
A36: 18 | B36: Approx. Orifice Diameter for Drain Time | C36: =12*(4*C35/PI())^0.5 -> 0 | E36: inches (refine outlet control sizing and configuration during design)
A37: 19 | B37: Flow Rate thru Orifice | C37: =449*0.66*C35*(2*32.2*C18)^0.5 -> 0 | E37: gpm (flow rate when basin is at WQv depth)
B38: Est. Impervious DMA | C38: =C9/(0.75/12)/0.9 -> 0 | E38: ft2
B39: Sizing Ratio (BMP/DMA) | C39: =C26*C27/C38 -> #DIV/0!
B40: DP + Forebay | C40: =((C26*C27)+C11/1.5)/C38 -> #DIV/0!
A42: INSTRUCTIONS
A43: Follow the steps below to determine the required size of your wet pond/wetland.
A45: Step
A46: 1 | B46: Enter the Water Quality Volume (WQv) for the DMA. The WQv is calculated in Step 14 of the Water Quality Volume and Water Quality Flow Rate Calculator.
A47: 2 | B47: The required volume for the forebay is shown here (typically 10 to 25% of the WQv).
A48: 3 | B48: Select whether you are designing a wet pond or wetland.
A49: 4 | B49: The required permanent pool volume is calculated here. The permanent pool should be equal to the WQv for wetlands and two times the WQv for wet ponds.
A50: 5 | B50: The required live storage volume is calculated here. This is typically equal to the WQv.
A51: 6 | B51: Use the following steps of the Dimensions Calculator to determine the basin configuration.
A52: 7 | B52: Enter the depth of the permanent pool. Wetlands include shallower areas (0 to 18 inch depth) for increased plant growth as well as deeper micropools (up to 4 feet depth). Enter the average depth of the wetlands' permanent pool. There is typically a 1.5 to 2 feet average depth for wetlands, 4 to 6 feet for wet ponds.
A53: 8 | B53: Enter the live storage depth (i.e., the water depth above the permanent pool used to captured the WQv event). Depths are typically 1 to 2 feet for wetlands and 1 to 3 feet for wet ponds. This depth DOES NOT include freeboard, which is typically 1 foot above the maximum design depth (freeboard should be added in actual design).
A54: 9 | B54: The total depth of the basin at the WQv level is calculated here.
A55: 10 | B55: Enter the length to width ratio of the basin. A ratio between 2 and 4 is recommended.
A56: 11 | B56: Enter the side slope of the basin. The slope of earthen side walls should be no steeper than 3:1 (i.e., at least 3 feet horizontal for each 1 foot vertical). Enter 0 for vertical hardscaped sidewalls.
A57: 12 | B57: Enter the width of the pond bottom at the invert of the basin.
... A64: 19 | B64: The step calculates the estimated flow rate through the orifice when the water level is at the WQv depth.
A66: DEFINITIONS
B67: Water Quality Volume (WQv) | C67: The runoff volume to be managed by the stormwater BMP such that treatment requirements are met. The WQv is calculated by the Water Quality Volume and Water Quality Flow Rate Calculator.
B68: Live Storage Volume | C68: The temporary ponding area above the permanent pool that stores the WQv volume.
B69: Permanent Pool Volume | C69: The volume of water that is permanently in the wet pond/wetland.
B70: Forebay Volume | C70: A sediment forebay should be used to isolate gross sediments as they enter the facility and to simplify sediment removal.
B71: Permanent Pool Depth | C71: The depth from the invert of the basin to the top of the permanent pool water level. This depth may vary in wetlands; for the purposes of the planning level calculations, the average permanent pool depth can be entered here.
B72: Live Storage Volume Depth | C72: Depth from the top of the permanent pool to the top of the live storage area.
B73: Depth at WQv (d) | C73: The depth of the basin from the top of the live storage volume to the invert of the basin. Does not include freeboard.
B74: Freeboard | C74: The vertical distance between the maximum design water depth and the top of the basin embankments.
B75: Orifice | C75: An orifice is a flow restrictor. It drains the pond slowly to improve water treatment through settling of pollutants.
B76: Drain Time (t) | C76: The time for the storage area to drain the water quality volume.

Sheet Swales-Flow
A1: VEGETATED SWALE CALCULATOR (flow-based)
A2: This calculator sizes a vegetated swale to treat the Water Quality Flow Rate (WQf).
A8: CALCULATOR
A9: Vegetated Swales Calculator - by Water Quality Flow Rate
A10: 1 | B10: Water Quality Flow Rate - WQf | D10: cubic feet per second
A11: 2 | B11: Swale Base Width | D11: feet (between 2 to 10 feet)
A12: 3 | B12: Swale Side Slope (Horizontal/Vertical) | D12: 3:1 or flatter (enter ratio of horizontal to vertical, for example, 3 for 3H:1V)
A13: 4 | B13: Swale Slope | D13: % (2% recommended, use check dams to keep slope less than 5%)
A14: 5 | B14: Manning's n for Low Flow | C14: 0.25 | D14: 0.2 - 0.3 for water quality depth, recommend 0.25
A16: 6 | B16: Depth at WQf | C16: =12*VLOOKUP($C$10,$U$80:$V$150,2) -> 12 | D16: inches (increase swale width if depth greater than 4")
A17: 7 | B17: Velocity at WQf | C17: =VLOOKUP($C$10,$U$80:$W$150,3) -> #DIV/0! | D17: ft/sec (decrease slope if velocity greater than 1 ft/s)
B18: Underlying Infiltration Rate - f | C18: 2 | D18: in/hr (enter 0 if system lined)
A19: 8 | B19: Required Residence Time | C19: 9 | D19: min (use 18 min for continuous inflow swale)
A20: 9 | B20: Required Swale Length | C20: =MAX(C19*60*C17,100) -> #DIV/0! | D20: feet (minimum length is 100 feet)
A22: 10 | B22: Offline or Online
A23: 11 | B23: Max Design Depth for Conveyance | D23: =IF(C22="Online","feet (for online systems, enter depth used to convey storms larger than the WQ event)","feet (for offline systems, enter WQf depth from Step 6 in feet)") -> feet (for offline systems, enter WQf depth from Step 6 in feet)
A24: 12 | B24: Freeboard | C24: =IF(C22="Online",0.5,0.25) -> 0.25 | D24: feet, recommend 0.5 ft for online, 0.25 ft for offline
B25: Total Swale Depth | C25: =C23+C24 -> 0.25 | D25: feet
A26: 13 | B26: Top Swale Width | C26: =C11+C12*C25*2 -> 0 | D26: feet
A27: 14 | B27: Total Swale Area | C27: =C26*C20 -> #DIV/0! | D27: square feet
B28: Area at Max Depth | C28: =C11*C23+C23^2*C12 -> 0 | D28: ft2
B29: Wetted Perimeter at Max Depth | C29: =C11+2*C23*(1+C12^2)^(0.5) -> 0 | D29: ft
A30: 15 | B30: Manning's n for High Flow | D30: recommend 0.035 - 0.045 for vegetated channel under high flows
B31: Velocity at Max Design Depth | C31: =IF(C22="Online",1.49/C30*(C28/C29)^(2/3)*(C13/100)^0.5,"N/A") -> N/A | D31: ft/sec
A32: 16 | B32: Swale Capacity at Max Design Depth | C32: =IF($C$22="Online",$C$31*$C$28,"N/A") -> N/A | D32: cubic feet per second
B33: Estimated Swale Drainage Area | C33: =C10/0.9/0.2 -> 0 | D33: acres
B34: Swale Area/Drainage Area | C34: =C27/(C33*43560) -> #DIV/0!
A36: INSTRUCTIONS
A37: Use the steps below to determine the swale dimensions and length such that the WQf is met by the proposed design.
A39: Step
A40: 1 | B40: Enter the Water Quality Flow Rate (WQf) for the drainage management area (DMA). The WQf is calculated in Step 13 of the Water Quality Volume and Water Quality Flow Rate Calculator.
A41: 2 | B41: Enter the proposed base width of your swale. The sizer assumes the swale is trapezoidal. Base width should be between 2 to 10 feet.
A42: 3 | B42: Enter the side slope of the swale. The side slope should be no steeper than 3:1 (i.e., at least 3 feet horizontal for each 1 foot vertical).
A43: 4 | B43: Enter the longitudinal slope of the swale. The maximum slope for swale design is 5%, and 2% is preferred. Consider using a meandering design, terraces, or check dams to create a satisfactory slope. Enter the percentage as a whole number; for example, for 2%, enter 2 rather than 0.02.
A44: 5 | B44: Enter the Manning's n runoff coefficient. At the water quality depth, an n value between 0.2 and 0.3 is typical. The Manning's equation is an open channel flow equation used for drainage design.
A45: 6 | B45: The flow depth during the water quality event is calculated. The depth should be less than or equal to 4 inches, or 0.33 feet. If it's greater, increase the swale base width.
A46: 7 | B46: The velocity in the swale during the water quality event is calculated here. The velocity should be less than 1 ft/s.
A47: 8 | B47: To provide adequate treatment of the WQf, the recommended residence time in the swale is 9 minutes. If flow enters the swale continuously along its length rather than at the upstream end, entering an 18 minute residence time is recommended.
A48: 9 | B48: The swale length needed to provide the required residence time is calculated here.
A49: 10 | B49: Select whether the swale is designed as an online or offline BMP. The system is "online" if flows greater than the WQf are also directed to the swale. For "offline" swale systems, only flows less than or equal to the WQf are directed to the swale.
A50: 11 | B50: Enter the maximum design depth for the swale. For online systems, the depth is greater than the WQf depth in order to convey runoff from storms larger than the water quality event. For offline systems, enter the design depth from Step 6, divided by 12 to convert the depth to feet.
A51: 12 | B51: A freeboard of 0.50 ft for online systems and 0.25 ft for offline systems is recommended. This freeboard is added to the design depth to calculate the total depth of the swale.
... A55: 16 | B55: For online systems, the estimated flow rate at the maximum design depth is calculated. This is the maximum capacity of the swale.
A57: DEFINITIONS
B58: Water Quality Flow Rate (WQf) | C58: The required flow rate to be managed by the stormwater BMP such that the treatment requirements are met. The WQf is calculated by the Water Quality Volume and Water Quality Flow Rate Calculator.
B59: Infiltration Rate (f) | C59: The rate of water entry into the soil, generally expressed as inches/hour, and determined by geotechnical tests or estimated from soil maps. It equals the hydraulic conductivity of the soil times the hydraulic gradient.
B60: Swale Base Width | C60: The width of the bottom of the swale, when the swale is a trapezoidal shape.
B61: Swale Side Slope | C61: The slope of the sides of the swale, generally expressed as a ratio. The recommended steepest slope is 3:1.
B62: Swale Slope | C62: The longitudinal slope of the swale, this is calculated from your DMA contour survey or similar.
B63: Manning's n | C63: The Manning's roughness coefficient for the swale. Note: at depths less than the vegetation height (e.g., at the WQf depth), the Manning's n is significantly greater than at flooding depths.
B64: Depth at WQf | C64: The design depth of flow in the swale. Note for maximum effectiveness swales should flow with no deeper than 2/3 the height of grass in the swale, or, generally, at a flow depth of 4".
B65: Residence Time | C65: For adequate treatment a swale must provide at least 9 minutes residence time. Residence time is the amount of time that water is present in the swale (i.e. the time taken for water to travel from the start of the swale to the end).
B66: Swale Length | C66: The length of the swale needed to provide sufficient residence time for water treatment.
B67: Max Design Depth | C67: For online system, the depth used to convey storm events larger than the WQf. It equals the total swale depth minus the freeboard depth.
B68: Total Swale Depth | C68: Equals the maximum design conveyance depth plus the freeboard
B69: Swale Width | C69: The overall width of the swale, including base and side slopes, calculated at the total swale depth.
B70: Swale Area | C70: The length of the swale, multiplied by the overall swale width. This describes what area of the site will be occupied by the treatment swale.
B71: Swale Capacity | C71: This is the maximum flow rate that can be conveyed by the swale. | W71: Manning's Equation - Trapezoidal Channel : V = (R^0.67)*(S^0.5)/n
W72: WQF: Manning's 0.02 < "n" < 0.04
V74: b (ft) | W74: z (side slope) | X74: n | Y74: S (ft / ft)
P75: f | Q75: t | V75: =C11 -> 0 | W75: =C12 -> 0 | X75: =C14 -> 0.25 | Y75: =C13/100 -> 0
P76: 0 | Q76: 9
P77: 0.25 | Q77: 9 | U77: Q = WQF | V77: y = Depth | W77: Velocity | X77: A | Y77: P | Z77: R
P78: 0.5 | Q78: 8 | U78: (ft^3 / sec) | V78: (ft) | W78: (ft/s) | X78: (ft2) | Y78: (ft) | Z78: (ft)
P79: =P78+0.25 -> 0.75 | Q79: 8
P80: 1 | Q80: 7 | U80: =(1.49/X$75)*X80*(Z80^0.667)*(Y$75^0.5) -> 0 | V80: 0.01 | W80: =U80/X80 -> #DIV/0! | X80: =V$75*(V80)+(W$75*(V80)^2) -> 0 | Y80: =V$75+2*(V80)*(1+(W$75^2))^0.5 -> 0.02 | Z80: =X80/Y80 -> 0
P81: 1.5 | Q81: 7 | U81: =(1.49/X$75)*X81*(Z81^0.667)*(Y$75^0.5) -> 0 | V81: =V80+0.01 -> 0.02 | W81: =U81/X81 -> #DIV/0! | X81: =V$75*(V81)+(W$75*(V81)^2) -> 0 | Y81: =V$75+2*(V81)*(1+(W$75^2))^0.5 -> 0.04 | Z81: =X81/Y81 -> 0
P82: 2 | Q82: 6 | U82: =(1.49/X$75)*X82*(Z82^0.667)*(Y$75^0.5) -> 0 | V82: =V81+0.01 -> 0.03 | W82: =U82/X82 -> #DIV/0! | X82: =V$75*(V82)+(W$75*(V82)^2) -> 0 | Y82: =V$75+2*(V82)*(1+(W$75^2))^0.5 -> 0.06 | Z82: =X82/Y82 -> 0
P83: 2.5 | Q83: 6 | U83: =(1.49/X$75)*X83*(Z83^0.667)*(Y$75^0.5) -> 0 | V83: =V82+0.01 -> 0.04 | W83: =U83/X83 -> #DIV/0! | X83: =V$75*(V83)+(W$75*(V83)^2) -> 0 | Y83: =V$75+2*(V83)*(1+(W$75^2))^0.5 -> 0.08 | Z83: =X83/Y83 -> 0
P84: 3 | Q84: 5 | U84: =(1.49/X$75)*X84*(Z84^0.667)*(Y$75^0.5) -> 0 | V84: =V83+0.01 -> 0.05 | W84: =U84/X84 -> #DIV/0! | X84: =V$75*(V84)+(W$75*(V84)^2) -> 0 | Y84: =V$75+2*(V84)*(1+(W$75^2))^0.5 -> 0.1 | Z84: =X84/Y84 -> 0
P85: 10 | Q85: 5 | U85: =(1.49/X$75)*X85*(Z85^0.667)*(Y$75^0.5) -> 0 | V85: =V84+0.01 -> 0.06 | W85: =U85/X85 -> #DIV/0! | X85: =V$75*(V85)+(W$75*(V85)^2) -> 0 | Y85: =V$75+2*(V85)*(1+(W$75^2))^0.5 -> 0.12 | Z85: =X85/Y85 -> 0
U86: =(1.49/X$75)*X86*(Z86^0.667)*(Y$75^0.5) -> 0 | V86: =V85+0.01 -> 0.07 | W86: =U86/X86 -> #DIV/0! | X86: =V$75*(V86)+(W$75*(V86)^2) -> 0 | Y86: =V$75+2*(V86)*(1+(W$75^2))^0.5 -> 0.14 | Z86: =X86/Y86 -> 0
U87: =(1.49/X$75)*X87*(Z87^0.667)*(Y$75^0.5) -> 0 | V87: =V86+0.01 -> 0.08 | W87: =U87/X87 -> #DIV/0! | X87: =V$75*(V87)+(W$75*(V87)^2) -> 0 | Y87: =V$75+2*(V87)*(1+(W$75^2))^0.5 -> 0.16 | Z87: =X87/Y87 -> 0
U88: =(1.49/X$75)*X88*(Z88^0.667)*(Y$75^0.5) -> 0 | V88: =V87+0.01 -> 0.09 | W88: =U88/X88 -> #DIV/0! | X88: =V$75*(V88)+(W$75*(V88)^2) -> 0 | Y88: =V$75+2*(V88)*(1+(W$75^2))^0.5 -> 0.18 | Z88: =X88/Y88 -> 0
U89: =(1.49/X$75)*X89*(Z89^0.667)*(Y$75^0.5) -> 0 | V89: =V88+0.01 -> 0.1 | W89: =U89/X89 -> #DIV/0! | X89: =V$75*(V89)+(W$75*(V89)^2) -> 0 | Y89: =V$75+2*(V89)*(1+(W$75^2))^0.5 -> 0.2 | Z89: =X89/Y89 -> 0
U90: =(1.49/X$75)*X90*(Z90^0.667)*(Y$75^0.5) -> 0 | V90: =V89+0.01 -> 0.11 | W90: =U90/X90 -> #DIV/0! | X90: =V$75*(V90)+(W$75*(V90)^2) -> 0 | Y90: =V$75+2*(V90)*(1+(W$75^2))^0.5 -> 0.22 | Z90: =X90/Y90 -> 0
U91: =(1.49/X$75)*X91*(Z91^0.667)*(Y$75^0.5) -> 0 | V91: =V90+0.01 -> 0.12 | W91: =U91/X91 -> #DIV/0! | X91: =V$75*(V91)+(W$75*(V91)^2) -> 0 | Y91: =V$75+2*(V91)*(1+(W$75^2))^0.5 -> 0.24 | Z91: =X91/Y91 -> 0
U92: =(1.49/X$75)*X92*(Z92^0.667)*(Y$75^0.5) -> 0 | V92: =V91+0.01 -> 0.13 | W92: =U92/X92 -> #DIV/0! | X92: =V$75*(V92)+(W$75*(V92)^2) -> 0 | Y92: =V$75+2*(V92)*(1+(W$75^2))^0.5 -> 0.26 | Z92: =X92/Y92 -> 0
U93: =(1.49/X$75)*X93*(Z93^0.667)*(Y$75^0.5) -> 0 | V93: =V92+0.01 -> 0.14 | W93: =U93/X93 -> #DIV/0! | X93: =V$75*(V93)+(W$75*(V93)^2) -> 0 | Y93: =V$75+2*(V93)*(1+(W$75^2))^0.5 -> 0.28 | Z93: =X93/Y93 -> 0
U94: =(1.49/X$75)*X94*(Z94^0.667)*(Y$75^0.5) -> 0 | V94: =V93+0.01 -> 0.15 | W94: =U94/X94 -> #DIV/0! | X94: =V$75*(V94)+(W$75*(V94)^2) -> 0 | Y94: =V$75+2*(V94)*(1+(W$75^2))^0.5 -> 0.3 | Z94: =X94/Y94 -> 0
U95: =(1.49/X$75)*X95*(Z95^0.667)*(Y$75^0.5) -> 0 | V95: =V94+0.01 -> 0.16 | W95: =U95/X95 -> #DIV/0! | X95: =V$75*(V95)+(W$75*(V95)^2) -> 0 | Y95: =V$75+2*(V95)*(1+(W$75^2))^0.5 -> 0.32 | Z95: =X95/Y95 -> 0
U96: =(1.49/X$75)*X96*(Z96^0.667)*(Y$75^0.5) -> 0 | V96: =V95+0.01 -> 0.17 | W96: =U96/X96 -> #DIV/0! | X96: =V$75*(V96)+(W$75*(V96)^2) -> 0 | Y96: =V$75+2*(V96)*(1+(W$75^2))^0.5 -> 0.34 | Z96: =X96/Y96 -> 0
U97: =(1.49/X$75)*X97*(Z97^0.667)*(Y$75^0.5) -> 0 | V97: =V96+0.01 -> 0.18 | W97: =U97/X97 -> #DIV/0! | X97: =V$75*(V97)+(W$75*(V97)^2) -> 0 | Y97: =V$75+2*(V97)*(1+(W$75^2))^0.5 -> 0.36 | Z97: =X97/Y97 -> 0
... U149: =(1.49/X$75)*X149*(Z149^0.667)*(Y$75^0.5) -> 0 | V149: =V148+0.01 -> 0.7 | W149: =U149/X149 -> #DIV/0! | X149: =V$75*(V149)+(W$75*(V149)^2) -> 0 | Y149: =V$75+2*(V149)*(1+(W$75^2))^0.5 -> 1.4 | Z149: =X149/Y149 -> 0
U150: =(1.49/X$75)*X150*(Z150^0.667)*(Y$75^0.5) -> 0 | V150: 1 | W150: =U150/X150 -> #DIV/0! | X150: =V$75*(V150)+(W$75*(V150)^2) -> 0 | Y150: =V$75+2*(V150)*(1+(W$75^2))^0.5 -> 2 | Z150: =X150/Y150 -> 0
U151: =(1.49/X$75)*X151*(Z151^0.667)*(Y$75^0.5) -> 0 | V151: =V150+0.25 -> 1.25 | W151: =U151/X151 -> #DIV/0! | X151: =V$75*(V151)+(W$75*(V151)^2) -> 0 | Y151: =V$75+2*(V151)*(1+(W$75^2))^0.5 -> 2.5 | Z151: =X151/Y151 -> 0
U152: =(1.49/X$75)*X152*(Z152^0.667)*(Y$75^0.5) -> 0 | V152: =V151+0.25 -> 1.5 | W152: =U152/X152 -> #DIV/0! | X152: =V$75*(V152)+(W$75*(V152)^2) -> 0 | Y152: =V$75+2*(V152)*(1+(W$75^2))^0.5 -> 3 | Z152: =X152/Y152 -> 0
U153: =(1.49/X$75)*X153*(Z153^0.667)*(Y$75^0.5) -> 0 | V153: =V152+0.25 -> 1.75 | W153: =U153/X153 -> #DIV/0! | X153: =V$75*(V153)+(W$75*(V153)^2) -> 0 | Y153: =V$75+2*(V153)*(1+(W$75^2))^0.5 -> 3.5 | Z153: =X153/Y153 -> 0
U154: =(1.49/X$75)*X154*(Z154^0.667)*(Y$75^0.5) -> 0 | V154: =V153+0.25 -> 2 | W154: =U154/X154 -> #DIV/0! | X154: =V$75*(V154)+(W$75*(V154)^2) -> 0 | Y154: =V$75+2*(V154)*(1+(W$75^2))^0.5 -> 4 | Z154: =X154/Y154 -> 0
U155: =(1.49/X$75)*X155*(Z155^0.667)*(Y$75^0.5) -> 0 | V155: =V154+0.25 -> 2.25 | W155: =U155/X155 -> #DIV/0! | X155: =V$75*(V155)+(W$75*(V155)^2) -> 0 | Y155: =V$75+2*(V155)*(1+(W$75^2))^0.5 -> 4.5 | Z155: =X155/Y155 -> 0

Sheet Swales-Volume
A1: VEGETATED SWALE CALCULATOR (volume-based)
A2: This calculator sizes a vegetated swales or sloped bioretention systems designed to treat the Water Quality Volume (WQv).
A8: CALCULATOR
A9: Vegetated Swales Calculator - by Water Quality Volume
A10: 1 | B10: Water Quality Volume - WQv | E10: cubic feet | O10: =0.9*0.75/12*1*43560 -> 2450.25
A11: 2 | B11: Swale Base Width | E11: feet (between 2 to 10 feet)
A12: 3 | B12: Swale Side Slope (Horizontal/Vertical) | E12: 3:1 or flatter (enter ratio of horizontal to vertical, for example, 3 for 3H:1V)
A13: 4 | B13: Swale Slope | E13: (2% recommended, use check dams to keep slope less than 5%)
A14: 5 | B14: Ponding Depth above Swale - Pd | E14: feet (recommend 0.5 to 1 ft, depth should be equal to check dam height)
A15: 6 | B15: Check Dam Spacing | C15: =C14/C13 -> #DIV/0! | E15: feet (horizontal spacing between check dams)
B16: Swale Average Cross-Sectional Area | C16: =(C14/2)*C11+C12*(C14/2)^2 -> 0 | E16: square feet
A17: 7 | B17: Depth of Bioretention Soil Mix - d | E17: feet (recommend >1.5 ft)
A18: 8 | B18: Porosity of Bioretention Soil Mix - n | C18: 0.35 | E18: recommend 0.35
B19: Hydraulic Conductivity of Bioretention Soil Mix - k | C19: 5 | E19: in/hr (recommend 5)
B20: Infiltration Rate Factor of Safety | C20: 2 | E20: recommend 2
A21: 9 | B21: Fill Time - T | C21: 2 | E21: hours (0-2 hours, recommend 2)
B23: Depth of Water Percolated into Filter | C23: =C21*C19/12*(C17+C14/4)/C17 -> #DIV/0! | E23: ft
A24: 10 | B24: Length of Swale | C24: =C10/(C16+C23*C11) -> #DIV/0! | E24: feet (horizontal length of swale)
A25: 11 | B25: Freeboard Above WQ Depth | E25: feet (recommend at least 0.2 ft of freeboard between ponding depth and overflow elevation)
A26: 12 | B26: Top Width of Swale | C26: =2*(C14+C25)*C12+C11 -> 0 | E26: feet
A27: 13 | B27: Swale Area | C27: =C24*C26 -> #DIV/0! | E27: square feet
B28: Area Draining to Bioretention | C28: =C10/0.9/(0.75/12) -> 0 | E28: square feet
B29: Sizing Ratio (Swale Area/Drainage Area) | C29: =C27/C28 -> #DIV/0! | E29: includes area of side slopes, typically 10 - 15%
A31: 14 | B31: Infiltration Rate - f | E31: in/hr (use underdrains if f < 0.5 in/hr)
A32: 15 | B32: Underdrains Required? | E32: Select yes if f < 0.5 or other infiltration constraints apply
A33: 16 | B33: Time Needed to Infiltrate WQv (no underdrain) | C33: =IF(C32="Yes","N/A",C$10/(C$24*(C$11+C$12*C$14)*C$31/C$20/12)) -> #DIV/0! | E33: hours (if greater than 48 hours, install underdrains)
B34: Time to Drain WQv Storage Area | C34: =C$10*C$17/(C$11*C$24*C$19/12*(C$17+C$14/4)) -> #DIV/0! | E34: hours (drains ponding depth and portion of planting soil storing WQv)
B35: Desired Drawdown Time - t | C35: 24 | E35: hours (generally 12 to 48)
B36: Discharge Rate for Desired Drain Time | C36: =IF(AND(C32="No",C33<=48), "N/A",(C10/(C35*60*60))*7.48*60) -> #DIV/0! | E36: gpm (use orifice or other means to control discharge rate)
B37: Estimated Imp. Drainage Area | C37: =C10/(0.75/12)/0.9 -> 0 | E37: ft2
B38: Sizing Ratio (BMP/DMA) | C38: =C27/C37 -> #DIV/0!
A40: INSTRUCTIONS
A41: Use the steps below to determine the swale dimensions and length such that the WQv is met by the proposed design.
A43: Step
A44: 1 | B44: Enter the Water Quality Volume (WQv) for the drainage management area (DMA). The WQv is calculated in Step 14 of the Water Quality Volume and Water Quality Flow Rate Calculator.
A45: 2 | B45: Enter the proposed base width of your swale. The sizer assumes the swale is trapezoidal. Base width should be between 2 to 10 feet.
A46: 3 | B46: Enter the side slope of the swale. The slope of earthen side walls should be no steeper than 3:1 (i.e., at least 3 feet horizontal for each 1 foot vertical). Enter 0 for vertical sidewalls.
A47: 4 | B47: Enter the longitudinal slope of the swale. The maximum slope for swale design is 5%, and 2% is preferred. Consider using a meandering design, terraces, or check dams to create a satisfactory slope.
A48: 5 | B48: Enter the ponding depth above the swale. This is typically 6 to 12 inches. The depth should be equal to the check dam height.
A49: 6 | B49: The spacing between check dams is calculated here based on the swale slope and check dam height.
A50: 7 | B50: Enter the depth of the bioretention soil mix. This should be greater than 1.5 ft and is generally between 1.5 and 2.5 ft.
A51: 8 | B51: The default porosity and design hydraulic conductivity of the bioretention soil mix are entered here. The conductivity is based on the bioretention media recommendations provided in the Bioretention Fact Sheet.
A52: 9 | B52: The default value for fill time for swales is 2 hours.
A53: 10 | B53: The length of the swale need to capture the WQv is calculated here.
A54: 11 | B54: Enter the freeboard above the water quality depth. A freeboard of at least 2" is recommended.
A55: 12 | B55: The overall top width of the swale is calculated here for site layout purposes.
... A59: 16 | B59: For non-underdrained systems, the time needed to infiltrate the WQv is calculated here. If the drain time is greater than 48 hrs, underdrains should be installed.
A61: DEFINITIONS
B62: Water Quality Volume (WQv) | C62: The runoff volume to be managed by the stormwater BMP such that treatment requirements are met. The WQv is calculated by the Water Quality Volume and Water Quality Flow Rate Calculator.
B63: Infiltration Rate (f) | C63: The rate of water entry into the soil, generally expressed as inches/hour, and determined by geotechnical tests or estimated from soil maps. It equals the hydraulic conductivity of the soil times the hydraulic gradient.
B64: Swale Base Width | C64: The width of the bottom of the swale, when the swale is a trapezoidal shape.
B65: Swale Side Slope | C65: The slope of the sides of the swale, generally expressed as a ratio. The recommended steepest slope is 3:1.
B66: Swale Slope | C66: The longitudinal slope of the swale, this is calculated from your DMA contour survey or similar.
B67: Ponding Depth (Pd) | C67: The depth above the swale surface where runoff is ponded temporarily before filtering through the media.
B68: Depth of Engineered Soil (d) | C68: The depth of the engineered soil beneath the swale.
B69: Hydraulic Conductivity (k) | C69: Measure of the ease in which water moves through a porous media, generally expressed as inches/hour.
B70: Porosity (n) | C70: Volume of void space to total volume. This is expressed as a ratio, e.g. 0.35 means that one cubic foot of gravel contains 0.35 cubic feet of empty space.
B71: Fill Time (T) | C71: The time taken for the water quality storm to fill the swale system.
B72: Swale Length | C72: The length of the swale needed to capture the WQv.
B73: Swale Area | C73: The length of the swale, multiplied by the overall swale width. This describes what area of the site will be occupied by the treatment swale.
... B75: Drain Time (t) | C75: The time for the storage area to drain the water quality volume.
X76: Manning's Equation - Trapezoidal Channel : V = (R^0.67)*(S^0.5)/n
X77: WQF: Manning's 0.02 < "n" < 0.04
W79: b (ft) | X79: z (side slope) | Y79: n | Z79: S (ft / ft)
W80: =C11 -> 0 | X80: =C12 -> 0 | Y80: =C16 -> 0 | Z80: =C13/100 -> 0
V82: Q = WQF | W82: y = Depth | X82: Velocity | Y82: A | Z82: P | AA82: R
V83: (ft^3 / sec) | W83: (ft) | X83: (ft/s) | Y83: (ft2) | Z83: (ft) | AA83: (ft)
V85: =(1.49/Y$80)*Y85*(AA85^0.667)*(Z$80^0.5) -> #DIV/0! | W85: 0.01 | X85: =V85/Y85 -> #DIV/0! | Y85: =W$80*(W85)+(X$80*(W85)^2) -> 0 | Z85: =W$80+2*(W85)*(1+(X$80^2))^0.5 -> 0.02 | AA85: =Y85/Z85 -> 0
V86: =(1.49/Y$80)*Y86*(AA86^0.667)*(Z$80^0.5) -> #DIV/0! | W86: =W85+0.01 -> 0.02 | X86: =V86/Y86 -> #DIV/0! | Y86: =W$80*(W86)+(X$80*(W86)^2) -> 0 | Z86: =W$80+2*(W86)*(1+(X$80^2))^0.5 -> 0.04 | AA86: =Y86/Z86 -> 0
V87: =(1.49/Y$80)*Y87*(AA87^0.667)*(Z$80^0.5) -> #DIV/0! | W87: =W86+0.01 -> 0.03 | X87: =V87/Y87 -> #DIV/0! | Y87: =W$80*(W87)+(X$80*(W87)^2) -> 0 | Z87: =W$80+2*(W87)*(1+(X$80^2))^0.5 -> 0.06 | AA87: =Y87/Z87 -> 0
V88: =(1.49/Y$80)*Y88*(AA88^0.667)*(Z$80^0.5) -> #DIV/0! | W88: =W87+0.01 -> 0.04 | X88: =V88/Y88 -> #DIV/0! | Y88: =W$80*(W88)+(X$80*(W88)^2) -> 0 | Z88: =W$80+2*(W88)*(1+(X$80^2))^0.5 -> 0.08 | AA88: =Y88/Z88 -> 0
V89: =(1.49/Y$80)*Y89*(AA89^0.667)*(Z$80^0.5) -> #DIV/0! | W89: =W88+0.01 -> 0.05 | X89: =V89/Y89 -> #DIV/0! | Y89: =W$80*(W89)+(X$80*(W89)^2) -> 0 | Z89: =W$80+2*(W89)*(1+(X$80^2))^0.5 -> 0.1 | AA89: =Y89/Z89 -> 0
V90: =(1.49/Y$80)*Y90*(AA90^0.667)*(Z$80^0.5) -> #DIV/0! | W90: =W89+0.01 -> 0.06 | X90: =V90/Y90 -> #DIV/0! | Y90: =W$80*(W90)+(X$80*(W90)^2) -> 0 | Z90: =W$80+2*(W90)*(1+(X$80^2))^0.5 -> 0.12 | AA90: =Y90/Z90 -> 0
V91: =(1.49/Y$80)*Y91*(AA91^0.667)*(Z$80^0.5) -> #DIV/0! | W91: =W90+0.01 -> 0.07 | X91: =V91/Y91 -> #DIV/0! | Y91: =W$80*(W91)+(X$80*(W91)^2) -> 0 | Z91: =W$80+2*(W91)*(1+(X$80^2))^0.5 -> 0.14 | AA91: =Y91/Z91 -> 0
V92: =(1.49/Y$80)*Y92*(AA92^0.667)*(Z$80^0.5) -> #DIV/0! | W92: =W91+0.01 -> 0.08 | X92: =V92/Y92 -> #DIV/0! | Y92: =W$80*(W92)+(X$80*(W92)^2) -> 0 | Z92: =W$80+2*(W92)*(1+(X$80^2))^0.5 -> 0.16 | AA92: =Y92/Z92 -> 0
V93: =(1.49/Y$80)*Y93*(AA93^0.667)*(Z$80^0.5) -> #DIV/0! | W93: =W92+0.01 -> 0.09 | X93: =V93/Y93 -> #DIV/0! | Y93: =W$80*(W93)+(X$80*(W93)^2) -> 0 | Z93: =W$80+2*(W93)*(1+(X$80^2))^0.5 -> 0.18 | AA93: =Y93/Z93 -> 0
V94: =(1.49/Y$80)*Y94*(AA94^0.667)*(Z$80^0.5) -> #DIV/0! | W94: =W93+0.01 -> 0.1 | X94: =V94/Y94 -> #DIV/0! | Y94: =W$80*(W94)+(X$80*(W94)^2) -> 0 | Z94: =W$80+2*(W94)*(1+(X$80^2))^0.5 -> 0.2 | AA94: =Y94/Z94 -> 0
V95: =(1.49/Y$80)*Y95*(AA95^0.667)*(Z$80^0.5) -> #DIV/0! | W95: =W94+0.01 -> 0.11 | X95: =V95/Y95 -> #DIV/0! | Y95: =W$80*(W95)+(X$80*(W95)^2) -> 0 | Z95: =W$80+2*(W95)*(1+(X$80^2))^0.5 -> 0.22 | AA95: =Y95/Z95 -> 0
V96: =(1.49/Y$80)*Y96*(AA96^0.667)*(Z$80^0.5) -> #DIV/0! | W96: =W95+0.01 -> 0.12 | X96: =V96/Y96 -> #DIV/0! | Y96: =W$80*(W96)+(X$80*(W96)^2) -> 0 | Z96: =W$80+2*(W96)*(1+(X$80^2))^0.5 -> 0.24 | AA96: =Y96/Z96 -> 0
V97: =(1.49/Y$80)*Y97*(AA97^0.667)*(Z$80^0.5) -> #DIV/0! | W97: =W96+0.01 -> 0.13 | X97: =V97/Y97 -> #DIV/0! | Y97: =W$80*(W97)+(X$80*(W97)^2) -> 0 | Z97: =W$80+2*(W97)*(1+(X$80^2))^0.5 -> 0.26 | AA97: =Y97/Z97 -> 0
... V154: =(1.49/Y$80)*Y154*(AA154^0.667)*(Z$80^0.5) -> #DIV/0! | W154: =W153+0.01 -> 0.7 | X154: =V154/Y154 -> #DIV/0! | Y154: =W$80*(W154)+(X$80*(W154)^2) -> 0 | Z154: =W$80+2*(W154)*(1+(X$80^2))^0.5 -> 1.4 | AA154: =Y154/Z154 -> 0
V155: =(1.49/Y$80)*Y155*(AA155^0.667)*(Z$80^0.5) -> #DIV/0! | W155: 1 | X155: =V155/Y155 -> #DIV/0! | Y155: =W$80*(W155)+(X$80*(W155)^2) -> 0 | Z155: =W$80+2*(W155)*(1+(X$80^2))^0.5 -> 2 | AA155: =Y155/Z155 -> 0
V156: =(1.49/Y$80)*Y156*(AA156^0.667)*(Z$80^0.5) -> #DIV/0! | W156: =W155+0.25 -> 1.25 | X156: =V156/Y156 -> #DIV/0! | Y156: =W$80*(W156)+(X$80*(W156)^2) -> 0 | Z156: =W$80+2*(W156)*(1+(X$80^2))^0.5 -> 2.5 | AA156: =Y156/Z156 -> 0
V157: =(1.49/Y$80)*Y157*(AA157^0.667)*(Z$80^0.5) -> #DIV/0! | W157: =W156+0.25 -> 1.5 | X157: =V157/Y157 -> #DIV/0! | Y157: =W$80*(W157)+(X$80*(W157)^2) -> 0 | Z157: =W$80+2*(W157)*(1+(X$80^2))^0.5 -> 3 | AA157: =Y157/Z157 -> 0
V158: =(1.49/Y$80)*Y158*(AA158^0.667)*(Z$80^0.5) -> #DIV/0! | W158: =W157+0.25 -> 1.75 | X158: =V158/Y158 -> #DIV/0! | Y158: =W$80*(W158)+(X$80*(W158)^2) -> 0 | Z158: =W$80+2*(W158)*(1+(X$80^2))^0.5 -> 3.5 | AA158: =Y158/Z158 -> 0
V159: =(1.49/Y$80)*Y159*(AA159^0.667)*(Z$80^0.5) -> #DIV/0! | W159: =W158+0.25 -> 2 | X159: =V159/Y159 -> #DIV/0! | Y159: =W$80*(W159)+(X$80*(W159)^2) -> 0 | Z159: =W$80+2*(W159)*(1+(X$80^2))^0.5 -> 4 | AA159: =Y159/Z159 -> 0
V160: =(1.49/Y$80)*Y160*(AA160^0.667)*(Z$80^0.5) -> #DIV/0! | W160: =W159+0.25 -> 2.25 | X160: =V160/Y160 -> #DIV/0! | Y160: =W$80*(W160)+(X$80*(W160)^2) -> 0 | Z160: =W$80+2*(W160)*(1+(X$80^2))^0.5 -> 4.5 | AA160: =Y160/Z160 -> 0

Sheet Buffer Strip
A1: VEGETATED BUFFER STRIP CALCULATOR
A2: This calculator determines the minimum width for a vegetated buffer strip based on the width of the Drainage Management Area (DMA).
A7: CALCULATOR
A8: Vegetated Buffer Strips - by DMA width
A9: 1 | B9: Width of contributing DMA | E9: feet
A10: 2 | B10: Is the DMA width < 60 feet? | C10: =IF(C9<60,"Yes", "No") -> Yes
A12: 3 | B12: Minimum VBS Width | C12: =IF(C10="No", "VBS not suitable unless combined with other measure",IF(C9/2<15,15,C9/2)) -> 15 | E12: feet
A14: INSTRUCTIONS
A15: Use steps 1 through 3 to determine the minimum width of the vegetated buffer strip to meet the treatment design requirements.
A17: Step
A18: 1 | B18: Enter the width of the contributing DMA, where width is measured in the direction of runoff from the DMA. The vegetated buffer strip (VBS) is located parallel to the DMA and should extend the full length of the DMA. For instance, for a crowned roadway, the DMA width would be the distance from the centerline of the road to the edge of pavement where the VBS begins.
A19: 2 | B19: If the DMA width is greater than 60 feet, an additional treatment BMP must be used in conjunction with the VBS.
A20: 3 | B20: The minimum VBS width is calculated here, where width is measured in the direction of runoff. The VBS width should be greater than or equal to half the DMA width and should be no less than 15 feet.
A22: DEFINITIONS
B23: DMA Width | C23: Width of the DMA in the direction of flow. The width extends from the upstream edge of the DMA to the boundary with the VBS.
B24: VBS Width | C24: Width of the vegetated buffer strip in the direction of flow. The width extends from the boundary with the DMA to the downstream edge of the VBS.

Sheet VRF
A1: VEGETATED ROCK FILTER CALCULATOR
A2: These calculators determine the vegetated rock filter (VRF) dimensions needed to treat the Water Quality Volume (WQv) or Water Quality Flow Rate (WQf).
A8: CALCULATOR
A9: Vegetated Rock Filter Calculator - by Water Quality Volume
A10: 1 | B10: Water Quality Volume - WQv | E10: cubic feet
A11: 2 | B11: % of WQv stored in Forebay | C11: 0.1 | E11: % of total WQv stored by forebay (usually 10-20%)
A12: 3 | B12: % of WQv stored in VRF | C12: =1-C11 -> 0.9 | E12: % of total WQv stored in VRF
A13: 4 | B13: Volume of Forebay | C13: =C11*C10 -> 0 | E13: cubic feet
B14: Volume in VRF | C14: =C12*C10 -> 0 | E14: cubic feet
A16: 5 | B16: Depth of Forebay | E16: feet, typically 1 to 3 feet
A17: 6 | B17: Depth of Permanent Pool Gravel | C17: 2.5 | E17: feet, typically 1.5 to 3.5 feet, recommend 2.5 feet
A18: 7 | B18: Depth of Gravel above Permanent Pool in VRF | C18: 0.5 | E18: feet, typically 0.25 to 0.75 feet, recommend 0.5 feet
A19: 8 | B19: Total Depth of Gravel - d | C19: =C17+C18 -> 3 | E19: feet, typically 2 to 4 feet, recommend 3 feet
A20: 9 | B20: Max Ponding Depth Above VRF - Pd | E20: feet, typically 0.5 to 2 feet
A21: 10 | B21: Total WQv Storage Depth in VRF | C21: =C20+C18 -> 0.5 | E21: feet, sum of the ponding depth and the depth of gravel above permanent pool
A23: 11 | B23: Porosity of Gravel - n | C23: 0.35 | E23: typically 0.3 to 0.4, recommend 0.35
A24: 12 | B24: Surface Area needed for Forebay | C24: =C13/C16 -> #DIV/0! | E24: square feet
B25: Surface Area needed for VRF | C25: =C14/(C18*C23+C20) -> 0 | E25: square feet
A26: 13 | B26: Width | E26: feet
A27: 14 | B27: Length | C27: =C25/C26 -> #DIV/0! | E27: feet
A28: 15 | B28: Length to Width Ratio | C28: =C27/C26 -> #DIV/0!
A30: 16 | B30: Hydraulic Conductivity of Gravel - k | C30: 2000 | E30: ft/day
A31: 17 | B31: Flow Rate through Filter | C31: =(C19*C26)*(C30/86400)*(C21/2)/C27 -> #DIV/0! | E31: cubic feet per second
A32: 18 | B32: Calculated WQv Drain Time - t | C32: =C10/C31/3600 -> #DIV/0! | E32: hrs, must be between 12 and 48 hrs. If t <12, decrease width or provide outlet control.
B33: Impervious DA | C33: =C10/0.9/0.75*12 -> 0 | E33: sf | H33: Impervious Drainage Area | I33: =C39/0.9/0.2 -> 0 | K33: acres
B34: % of DA | C34: =(C24+C25)/C33 -> #DIV/0! | H34: Impervious Drainage Area | I34: =I33*43560 -> 0 | K34: sf
H35: Percent of DA | I35: =C48/I34 -> #DIV/0!
H36: Length to Width Ratio | I36: =C41/C47 -> #DIV/0!
A38: Vegetated Rock Filter Calculator - by Water Quality Flow Rate
A39: 19 | B39: Water Quality Flow Rate - WQf | E39: cubic feet/second
A40: 20 | B40: Hydraulic Conductivity of Gravel - k | C40: 2000 | E40: ft/day
A41: 21 | B41: Length of VRF | E41: feet (adjust length until residence time in Step 28 is greater than 12 hours)
A42: 22 | B42: Depth of Permanent Pool Gravel | C42: 2.5 | E42: feet, typically 1.5 to 3.5 feet, recommend 2.5 feet
A43: 23 | B43: Depth of Gravel above Permanent Pool in VRF | C43: 0.5 | E43: feet, typically 0.25 to 0.75 feet, recommend 0.5 feet
A44: 24 | B44: Total Depth of Gravel - d | C44: =C43+C42 -> 3 | E44: feet, typically 2 to 4 feet, recommend 3 feet
A46: 25 | B46: Cross-sectional Area Required | C46: =(C39*86400)/(C40*C43/C41) -> #DIV/0! | E46: square feet
B47: Width Required | C47: =C46/C44 -> #DIV/0! | E47: feet
A48: 26 | B48: Surface Area | C48: =C47*C41 -> #DIV/0! | E48: square feet
A50: 27 | B50: Velocity through Filter | C50: =(C46)*(C40/86400)*C43/C41/C46 -> #DIV/0! | E50: feet per second
A51: 28 | B51: Residence Time | C51: =C41/(C50)/3600 -> #DIV/0! | E51: hrs, must be between 12 and 48 hrs. If t <12, increase length or provide outlet control.
A53: INSTRUCTIONS
A54: For volume-based sizing, use steps 1-18 to determine the required dimensions of the VRF. Volume-based VRFs provide a storage area above the filter to capture the WQv, and the filter area is sized to drain the WQv within the desired drain time.
A55: For flow-based sizing, use steps 19 - 28. The cross-sectional area of flow-based VRFs are sized to convey the WQf, and the length of the VRF is sized to provide the desired residence time.
A57: Step
A58: To Determine the Required Dimensions for Volume-based VRFs (i.e., those capturing the WQv).
A59: 1 | B59: Enter the Water Quality volume (WQv) for the DMA. The WQv is calculated in Step 14 of the Water Quality Volume and Water Quality Flow Rate Calculator.
A60: 2 | B60: Enter the percent of the WQv to be stored by the pretreatment forebay, typically between 10% - 20%, recommend 10%.
A61: 3 | B61: The percent of the WQv to be stored by the VRF is calculated as 100% - Forebay Storage %.
A62: 4 | B62: The forebay and VRF storage volumes are calculated based on their percentages and the total WQv.
A63: 5 | B63: Enter the storage depth in the forebay, typically between 1 and 3 feet.
A64: 6 | B64: Enter the depth of the permanent pool gravel. This is the depth from the bottom of the VRF to the permanent pool level.
A65: 7 | B65: Enter the depth of the gravel above the permanent pool level. This is the portion of the gravel that drains (i.e., the gravel depth above the outlet weir or standpipe).
A66: 8 | B66: The total depth of the gravel is calculated. It is equal to the sum of depths entered in Steps 6 and 7.
A67: 9 | B67: Enter the depth of ponding above the filter bed. A highly impermeable wetland soil layer should be provided at the surface of the VRF to prevent short-circuiting of the ponded runoff. A perforated riser is used to convey the ponded water through the impermeable soil layer to the underlying rock filter media.
A68: 10 | B68: The total storage depth is calculated. The depth is equal to the sum of the ponding depth and the gravel depth above the permanent pool.
A69: 11 | B69: Enter the porosity of the gravel. A default value of 0.35 is recommended.
A70: 12 | B70: The required surface area of the forebay and VRF are calculated here.
... A76: 18 | B76: The drawdown time for the WQv is calculated here. If the drawdown time is less than 12 hours, decrease the VRF width or provide an outlet flow control device.
A78: To Determine the Required Dimensions for Flow-based VRFs (i.e., those sized to convey the WQf).
A79: 19 | B79: Enter the Water Quality Flow Rate (WQf) for the drainage management area (DMA). The WQf is calculated in Step 13 of the Water Quality Volume and Water Quality Flow Rate Calculator.
A80: 20 | B80: Enter the design hydraulic conductivity of the gravel. A default value of 2000 ft/day is recommended.
A81: 21 | B81: Enter the length of the VRF.
A82: 22 | B82: Enter the depth of the permanent pool gravel. This is the depth from the bottom of the VRF to the permanent pool level.
A83: 23 | B83: Enter the depth of the gravel above the permanent pool level. This is the portion of the gravel that drains (i.e., the gravel depth above the outlet weir or standpipe).
A84: 24 | B84: The total depth of the gravel is calculated. It is equal to the sum of depths entered in Steps 22 and 23.
A85: 25 | B85: The required cross-sectional area and width of the VRF are calculated here.
A86: 26 | B86: The surface area of the VRF is calculated here.
A87: 27 | B87: The velocity through the filter is calculated here. Runoff flows horizontally from the upstream end to the downstream end of the VRF.
A88: 28 | B88: The residence time for the WQf is calculated here. If the residence time is less than 12 hours, increase the VRF length or provide an outlet flow control device.
A90: DEFINITIONS
B91: Water Quality Volume (WQv) | C91: The runoff volume to be managed by the stormwater BMP such that treatment requirements are met. The WQv is calculated by the Water Quality Volume and Water Quality Flow Rate Calculator.
B92: Water Quality Flow Rate (WQf) | C92: The required flow rate to be managed by the stormwater BMP such that the treatment requirements are met. The WQf is calculated by the Water Quality Volume and Water Quality Flow Rate Calculator.
B93: Depth of Forebay | C93: The depth of water that can be stored in the forebay.
B94: Depth of Permanent Pool | C94: The depth of the filter that does not drain, controlled by a weir or standpipe at the downstream end of the filter.
B95: Depth of Gravel (d) | C95: The depth of the VRF from the surface of the gravel to the base of the filter.
B96: Ponding Depth (Pd) | C96: The depth above the filter surface where runoff is ponded temporarily before filtering through the media.
B97: Porosity (n) | C97: Volume of void space to total volume. This is expressed as a ratio, e.g. 0.35 means that one cubic foot of gravel contains 0.35 cubic feet of empty space.
B98: Length | C98: The longitudinal length of the VRF.
B99: Width | C99: The width of the VRF.
B100: Hydraulic Conductivity (k) | C100: The rate at which water flows through the gravel bed, in this case, horizontally.
B101: Flow Rate through Filter | C101: Horizontal rate of flow through the cross-sectional area of the filter. Cross-sectional area is calculated as width x depth. Flow is in the longitudinal direction.
B102: Drawdown Time (t) | C102: The time for the storage area to drain the water quality volume.
B103: Residence time | C103: The time for runoff to travel from the upstream end of the VRF to the downstream end.

Sheet Bioretention
A1: BIORETENTION CALCULATOR
A2: These calculators size the area of rain garden or flow-through planter to treat the Water Quality Volume (WQv), or calculate the volume of water treated given user entered available dimensions.
A3: For sloped systems, use the volume-based Swale calculator.
A9: CALCULATOR
A10: Bioretention Calculator - by Water Quality Volume
A11: 1 | B11: Water Quality Volume - WQv | E11: cubic feet
A12: 2 | B12: Site Meets Infiltration Constraints?
A13: 3 | B13: Underlying Infiltration Rate - f | E13: inches/hour (generally require f ≥ 0.5"/hr)
A14: 4 | B14: Underdrains Required? | C14: =IF(OR(C12="No",C13<0.5),"Yes",IF(AND(C12="Yes",C13>=0.5),"No"," ")) -> Yes
A16: 5 | B16: Depth of Bioretention Soil Mix - d | E16: feet (recommend >1.5 ft)
A17: 6 | B17: Porosity of Bioretention Soil Mix - n | C17: 0.35 | E17: recommend 0.35
B18: Hydraulic Conductivity of Bioretention Soil Mix - k | C18: 4 | E18: in/hr (recommend 4)
B19: Factor of Safety | C19: 2 | E19: recommend 2 (applied to underlying infiltration rate)
A20: 7 | B20: Max Ponding Depth above Filter - Pd | E20: feet (recommend 0.5 to 1 ft)
A21: 8 | B21: Fill Time - T | C21: 1 | E21: hours (0-2 hours, recommend 1)
B23: Depth of Water Stored in Filter | C23: =C21*C18/12*(C16+C20/2)/C16 -> #DIV/0! | E23: ft
A24: 9 | B24: Area Calculator | C24: =$C$11/(C20+C23) -> #DIV/0! | E24: square feet
A25: 10 | B25: Area Draining to Bioretention | E25: square feet
A26: 11 | B26: Sizing Ratio (Bioretention Area/Drainage Area) | C26: =C24/C25 -> #DIV/0! | E26: typically between 4 to 7% of the impervious drainage area
A28: 12 | B28: Time Needed to Infiltrate WQv (no underdrain) | C28: =IF(C14="Yes","N/A",C11/(C24*C13/C19/12)) -> N/A | E28: hours (if greater than 48 hours, install underdrains)
B29: Time to Drain WQv Storage Area | C29: =C$11*C$16/(C$24*C$18/12*(C$16+C$20/2)) -> #DIV/0! | E29: hours (drains Pd and portion of planting soil storing WQv) | G29: Hide | H29: Time to Drain WQv Storage Area | I29: =C47*C$39/(C34*C$41/12*(C$39+C$43/2)) -> #DIV/0! | K29: hours
B30: Drain Time - t | C30: 12 | E30: hours (generally 12 to 48) | G30: Hide | H30: Drain Time - t | I30: 12 | K30: hours (generally 12 to 48)
B31: Ave. Discharge Rate for Desired Drain Time | C31: =IF(AND(C14="No",C28<=48), "N/A",(C11/(C30*60*60))*7.48*60) -> 0 | E31: gpm (use orifice or other means to control discharge rate) | G31: Hide | H31: Ave. Discharge Rate for Desired Drain Time | I31: =IF(AND(C37="No",C51<=48), "N/A",(C47/(I30*60*60))*7.48*60) -> #DIV/0! | K31: gpm (use orifice or other means to control rate)
A33: Bioretention Calculator - by Available Area
A34: 13 | B34: Available Area | E34: square feet
A35: 14 | B35: Site Meets Infiltration Constraints?
A36: 15 | B36: Underlying Infiltration rate - f | E36: inches/hour (generally require f ≥0.5"/hr)
A37: 16 | B37: Underdrains Required? | C37: =IF(OR(C35="No",C36<0.5),"Yes",IF(AND(C35="Yes",C36>=0.5),"No"," ")) -> Yes
A39: 17 | B39: Depth of Bioretention Soil Mix - d | E39: feet (generally 0.5 to 1)
A40: 18 | B40: Porosity of Bioretention Soil Mix - n | C40: 0.35 | E40: recommend 0.35
B41: Hydraulic Conductivity of Bioretention Soil Mix - k | C41: 4 | E41: in/hr (recommend 5)
B42: Factor of Safety | C42: 2 | E42: recommend 2
A43: 19 | B43: Max Ponding Depth above Filter - Pd | E43: feet (recommend 0.5 to 1 ft)
A44: 20 | B44: Fill Time - T | C44: 1 | E44: hours (0-2 hours, recommend 1)
A47: 21 | B47: Treated Volume | C47: =C34*(C43+C41/12*C44*(C39+C43/2)/C39) -> #DIV/0! | E47: cubic feet
A48: 22 | B48: Area Draining to Bioretention | E48: square feet
A49: 23 | B49: Sizing Ratio (Bioretention Area/Drainage Area) | C49: =C34/C48 -> #DIV/0! | E49: typically between 4 to 7% of the impervious drainage area
A51: 24 | B51: Time Needed to Drain WQv | C51: =IF(C37="Yes",C47*C$39/(C34*C$41/12*(C$39+C$43/2)),C47/(C34*C36/C42/12)) -> #DIV/0! | E51: hours (if greater than 48 hours, install underdrains)
A53: INSTRUCTIONS
A54: Use either steps 1 through 12 to determine the required area of bioretention. Or use steps 13 through 24 to check what volume of water is treated given the available area for bioretention.
A56: Step
A57: To Determine The Required Area for Bioretention Facility
A58: 1 | B58: Enter the Water Quality Volume (WQv) for the drainage management area (DMA). The WQv is calculated in Step 14 of the Water Quality Volume and Water Quality Flow Rate Calculator.
A59: 2 | B59: Select Yes or No for whether the site meets all the infiltration constraints listed in the SDG. These include setbacks from buildings, depth to groundwater, site slope, etc.
A60: 3 | B60: Enter the infiltration rate of the underlying soils. This should be determined by geotechnical testing or, for conceptual studies, soil infiltration maps.
A61: 4 | B61: The need for underdrains is determined based on entries in Steps 2 and 3.
A62: 5 | B62: Enter the depth of the bioretention soil mix. This should be greater than 1.5 ft and is generally between 1.5 and 2.5 ft.
A63: 6 | B63: The default porosity and hydraulic conductivity of the bioretention soil mix are entered here. The conductivity is based on the media recommendations provided in the Bioretention Fact Sheet. Changing these default values is not recommended.
A64: 7 | B64: Enter the max ponding depth above the filter. This is typically 6 to 12 inches. It is recommended that the ponding depth be at least 2" below the bioretention overflow elevation.
A65: 8 | B65: The default value for fill time is 1 hour. Changing this value is not recommended.
A66: 9 | B66: The required area to treat the WQv is determined here.
A67: 10 | B67: Enter the square footage of the area draining to the bioretention system (see Water Quality Volume and Water Quality Flow Rate Calculator for area).
A68: 11 | B68: The ratio of the bioretention area to the DMA is calculated here as a check of the sizing. The percentage is typically between 4% to 7%.
A69: 12 | B69: For non-underdrained systems, the time needed to infiltrate the WQv is calculated here. If the drain time is greater than 48 hrs, underdrains should be installed.
A71: To Determine the Volume of Water Treated by Available Area
A72: 13 | B72: Enter the available area for the bioretention system here.
A73: 14 | B73: Select Yes or No for whether the site meets all the infiltration constraints listed in the SDG. These include setbacks from buildings, depth to groundwater, site slope, etc.
A74: 15 | B74: Enter the infiltration rate of the underlying soils. This should be determined by geotechnical testing or, for conceptual studies, soil infiltration maps.
A75: 16 | B75: The need for underdrains is determined here based on entries in Steps 2 and 3.
A76: 17 | B76: Enter the depth of the bioretention soil mix. This should be greater than 1.5 ft and is generally between 1.5 and 2.5 ft.
A77: 18 | B77: The default porosity and hydraulic conductivity of the bioretention soil mix are entered here. Changing these values is not recommended.
A78: 19 | B78: Enter the max ponding depth above the filter. This is typically 6 to 12 inches. It is recommended that the max ponding depth be at least 2" below the bioretention overflow elevation.
A79: 20 | B79: The default value for fill time is 1 hour. Changing this value is not recommended.
A80: 21 | B80: The volume of water treated by the bioretention system is shown here. If this volume is less than the required WQv then additional treatments will likely be required.
A81: 22 | B81: Enter the square footage of the area draining to the bioretention system (see Water Quality Volume and Water Quality Flow Rate Calculator for area).
A82: 23 | B82: The ratio of the bioretention area to the DMA is calculated here as a check of the sizing. The bioretention area is typically between 4 to 7% of the impervious drainage area.
A83: 24 | B83: For non-underdrained systems, the time needed to infiltrate the WQv is calculated here. If the drain time is greater than 48 hrs, underdrains should be installed.
A85: DEFINITIONS
B86: Water Quality Volume (WQv) | C86: The runoff volume to be managed by the stormwater BMP such that treatment requirements are met. The WQv is calculated by the Water Quality Volume and Water Quality Flow Rate Calculator.
B87: Infiltration Rate (f) | C87: The rate of water entry into the soil, generally expressed as inches/hour, and determined by geotechnical tests or estimated from soil maps. It equals the hydraulic conductivity of the soil times the hydraulic gradient.
B88: Porosity (n) | C88: Volume of void space to total volume. This is expressed as a ratio, e.g. 0.35 means that one cubic foot of gravel contains 0.35 cubic feet of empty space.
B89: Fill Time (T) | C89: The time taken for water quality storm to fill the bioretention system.
B90: Ponding Depth (Pd) | C90: The depth above the bioretention surface where runoff is ponded temporarily before filtering through the media.
B91: Depth of Engineered Soil (d) | C91: The depth of the engineered bioretention soil.
B92: Hydraulic Conductivity (k) | C92: Measure of the ease in which water moves through a porous media, generally expressed as inches/hour.
B93: Drain Time (t) | C93: The time for the storage area to drain the water quality volume.

Sheet Media Filter
A1: MEDIA FILTER CALCULATOR
A2: These calculators size the area of the media filter system needed to treat the Water Quality Volume (WQv) or the Water Quality Flow Rate (WQf).
A8: CALCULATOR
A9: Media Filter Calculator - by Water Quality Volume
A10: 1 | B10: Water Quality Volume - WQv | E10: cubic feet
A11: 2 | B11: Sedimentation Chamber for Pretreatment? | E11: pretreatment is highly recommended
A12: 3 | B12: Desired WQv Drawdown Time | E12: hours (recommend 24 to 48)
A13: 4 | B13: Depth of Filter Media - d | E13: feet (recommend 1.5 ft)
A14: 5 | B14: Porosity of Filter Media - n | C14: 0.35 | E14: recommend 0.35
B15: Hydraulic Conductivity of Filter Media - k | C15: 2 | E15: in/hr (recommend design value of 2 for sand, 1 if no pretreatment)
B16: Factor of Safety | C16: 1 | E16: recommend 2
A17: 6 | B17: Max Ponding Depth above Filter - Pd | E17: feet (typically 0.5 to 2 ft)
A18: 7 | B18: Fill Time - T | C18: 1 | E18: hours (0-2 hours, recommend 1)
A20: 8 | B20: Minimum Filter Area Calculator | C20: =IF(C11="Yes",C10/C12*C13/(C15/C16/12)/(C17/2+C13),C10/(C21+C17)) -> #DIV/0! | E20: square feet
B21: Depth of Water Stored in Filter | C21: =C18*C15/C16/12*(C13+C17/2)/C13 -> #DIV/0! | E21: ft
A22: 9 | B22: Volume Stored in Filter Chamber | C22: =C20*(C17+C21) -> #DIV/0! | E22: cubic feet
B23: Required Storage Volume in Sed Chamber | C23: =C10-C22 -> #DIV/0! | E23: cubic feet (Sedimentation chamber must store remaining WQv)
A24: 10 | B24: Sed Chamber - Live Volume Storage Depth | E24: feet (typically 1 to 3 feet)
A25: 11 | B25: Sed Chamber - Area Calculator | C25: =C23/C24 -> #DIV/0! | E25: square feet
A27: 12 | B27: Area Draining to Filter | E27: square feet
A28: 13 | B28: Sizing Ratio (BMP Area/Drainage Area) | C28: =(C25+C20)/C27 -> #DIV/0! | E28: typically 3 to 6% of the impervious drainage area
B29: Sizing Ratio (Filter Area/Drainage Area) | C29: =C20/C27 -> #DIV/0!
A31: 14 | B31: Calculated WQv Drain Time | C31: =C$10*C13/(C20*C15/C16/12*(C13+C17/2)) -> #DIV/0! | E31: hours (if less than desired drawdown time, install outlet control)
A32: 15 | B32: Ave. Discharge Rate for Desired Drain Time | C32: =C10/(C12*60*60)*7.48*60 -> #DIV/0! | E32: gpm (discharge rate through underdrain system)
A34: Media Filter Calculator - by Water Quality Flow Rate
A35: 16 | B35: Water Quality Flow - WQf | E35: cubic feet per second (cfs)
A36: 17 | B36: Treatment Capacity of Media | E36: gpm/ft2 (capacity should be provided by manufacturer)
A37: 18 | B37: Minimum Filter Area | C37: =C35/C36*7.48*60 -> #DIV/0! | E37: square feet
A39: INSTRUCTIONS
A40: For volume-based sizing, use steps 1 through 15 to determine the required area of the media filter system. Volume-based filters provide a storage area to capture the WQv, and the filter area is sized to drain the WQv within the desired drain time.
A41: Filters sized using a flow-based approach are typically proprietary filters. It is recommended that the manufacturer's instructions be used to size these systems. However, a simplified calculator has also been provided in steps 16 through 18 for added guidance.
A43: Step
A44: To Determine The Required Area for Volume-Based Media Filters
A45: 1 | B45: Enter the Water Quality Volume (WQv) for the drainage management area (DMA). The WQv is calculated in Step 14 of the Water Quality Volume and Water Quality Flow Rate Calculator.
A46: 2 | B46: Select Yes or No for whether a sedimentation chamber is included in the design. Pretreatment is highly recommended for media filters.
A47: 3 | B47: Enter the desired drain time for the system. Recommended drain time is between 24 to 48 hours.
A48: 4 | B48: Enter the depth of the filter media. This is typically between 1.5 and 2 feet.
A49: 5 | B49: The default porosity and the design hydraulic conductivity of the filter media are entered here. The conductivity is based on using sand media. Unless another media is used, changing these default values is not recommended.
A50: 6 | B50: Enter the max ponding depth above the filter. This is typically 6 to 18 inches. At least 2" of freeboard should be provided between the max ponding depth and the overflow elevation.
A51: 7 | B51: The default value for fill time is 1 hour. Changing this value is not recommended.
A52: 8 | B52: The minimum filter area required to drain the WQv within the desired drain time is calculated here.
A53: 9 | B53: The amount of the WQv stored in the filter chamber is calculated. The remaining WQv must be stored in the sedimentation chamber.
A54: 10 | B54: Enter the depth of the live storage volume in the sedimentation chamber. This is typically 1 to 3 feet.
A55: 11 | B55: The required sedimentation chamber area needed to store the remainder of the WQv is calculated here.
A56: 12 | B56: Enter the square footage of the area draining to the media filter system (see Water Quality Volume and Water Quality Flow Rate Calculator for area).
... A59: 15 | B59: For underdrained systems, the average discharge rate is calculated here based on the desired drain time.
A61: To Determine The Required Area for Flow-Based Media Filters
A62: 16 | B62: Enter the Water Quality Flow Rate (WQf) for the drainage management area. The WQf is calculated in Step 13 of the Water Quality Volume and Water Quality Flow Rate Calculator.
A63: 17 | B63: Enter the treatment capacity of the filter media. The capacity is typically provided by the manufacturer in gpm/ft2. A capacity around 1 gpm/ft2 is typical of zeolite/perlite/granular activated carbon (ZPG) filters.
A64: 18 | B64: The minimum filter area is calculated here. Pretreatment should also be provided. Use the manufacturer's instructions to determine if other factors (e.g., expected sediment loading) will require an increased filter area.
A66: DEFINITIONS
B67: Water Quality Volume (WQv) | C67: The runoff volume to be managed by the stormwater BMP such that treatment requirements are met. The WQv is calculated by the Water Quality Volume and Water Quality Flow Rate Calculator.
B68: Water Quality Flow Rate (WQf) | C68: The required flow rate to be managed by the stormwater BMP such that the treatment requirements are met. The WQf is calculated by the Water Quality Volume and Water Quality Flow Rate Calculator.
B69: Infiltration Rate (f) | C69: The rate of water entry into the soil, generally expressed as inches/hour, and determined by geotechnical tests or estimated from soil maps. It equals the hydraulic conductivity of the soil times the hydraulic gradient.
B70: Porosity (n) | C70: Volume of void space to total volume. This is expressed as a ratio, e.g. 0.35 means that one cubic foot of gravel contains 0.35 cubic feet of empty space.
B71: Fill Time (T) | C71: The time taken for water quality storm to fill the media filter storage area.
B72: Ponding Depth (Pd) | C72: The depth above the filter surface where runoff is ponded temporarily before filtering through the media.
B73: Depth of Engineered Soil (d) | C73: The depth of the filter media.
B74: Hydraulic Conductivity (k) | C74: Measure of the ease in which water moves through a porous media, generally expressed as inches/hour.
B75: Drain Time (t) | C75: The time for the storage area to drain the water quality volume.

Sheet Backup

Sheet 6. Building Potential Summary
A1: NON-POTABLE WATER CALCULATOR
A2: Step 6 of 7: Summary of Building Potential
B4: Project Name: | F4: LEGEND:
B5: ='1. Building Information'!$C$13 -> ABC Building | F5: User Input
F6: Linked from User Input
B7: Instructions: | F7: Default Value
B8: An accounting of total demand and onsite supplies for the project are summarized below. No user input is needed for this step. | F8: Autogenerated Value
B11: A. TOTAL DEMAND (No user input needed - auto-calculated)
B12: Red font below in Domestic Fixtures sections indicates supplies that will be used towards non-potable demands
F13: Average Monthly Demand (gal/mth)
B14: Demand Types | C14: Ave Daily Water Demand (gpd) | D14: Annual Water Demand (gpy) | E14: Allowable Non-Potable Demand (gpy) | F14: January | G14: February | H14: March | I14: April | J14: May | K14: June | L14: July | M14: August | N14: September | O14: October | P14: November | Q14: December
B15: DOMESTIC FIXTURES - Commercial
B16: Showerhead | C16: ='2. Indoor Water Demand'!K18 -> 0.00013 | D16: =C16*'1. Building Information'!$C$31 -> 0 | E16: =IF('2. Indoor Water Demand'!L18="Yes",'6. Building Potential Summary'!D16,0) -> 0 | F16: =$D16/12 -> 0 | G16: =$D16/12 -> 0 | H16: =$D16/12 -> 0 | I16: =$D16/12 -> 0 | J16: =$D16/12 -> 0 | K16: =$D16/12 -> 0 | L16: =$D16/12 -> 0 | M16: =$D16/12 -> 0 | ... Q16: =$D16/12 -> 0 | S16: =IF('2. Indoor Water Demand'!L18="yes",1,"")
B17: Lavatory Faucet | C17: ='2. Indoor Water Demand'!K19 -> 0.0012 | D17: =C17*'1. Building Information'!$C$31 -> 0 | E17: =IF('2. Indoor Water Demand'!L19="Yes",'6. Building Potential Summary'!D17,0) -> 0 | F17: =$D17/12 -> 0 | G17: =$D17/12 -> 0 | H17: =$D17/12 -> 0 | I17: =$D17/12 -> 0 | J17: =$D17/12 -> 0 | K17: =$D17/12 -> 0 | L17: =$D17/12 -> 0 | M17: =$D17/12 -> 0 | ... Q17: =$D17/12 -> 0 | S17: =IF('2. Indoor Water Demand'!L19="yes",1,"")
B18: Urinals | C18: ='2. Indoor Water Demand'!K20 -> 0.00174 | D18: =C18*'1. Building Information'!$C$31 -> 0 | E18: =IF('2. Indoor Water Demand'!L20="Yes",'6. Building Potential Summary'!D18,0) -> 0 | F18: =$D18/12 -> 0 | G18: =$D18/12 -> 0 | H18: =$D18/12 -> 0 | I18: =$D18/12 -> 0 | J18: =$D18/12 -> 0 | K18: =$D18/12 -> 0 | L18: =$D18/12 -> 0 | M18: =$D18/12 -> 0 | ... Q18: =$D18/12 -> 0 | S18: =IF('2. Indoor Water Demand'!L20="yes",1,"") -> 1
B19: Toilet (Water Closet) | C19: ='2. Indoor Water Demand'!K21 -> 0.0089088 | D19: =C19*'1. Building Information'!$C$31 -> 0 | E19: =IF('2. Indoor Water Demand'!L21="Yes",'6. Building Potential Summary'!D19,0) -> 0 | F19: =$D19/12 -> 0 | G19: =$D19/12 -> 0 | H19: =$D19/12 -> 0 | I19: =$D19/12 -> 0 | J19: =$D19/12 -> 0 | K19: =$D19/12 -> 0 | L19: =$D19/12 -> 0 | M19: =$D19/12 -> 0 | ... Q19: =$D19/12 -> 0 | S19: =IF('2. Indoor Water Demand'!L21="yes",1,"") -> 1
B20: Kitchen Faucet | C20: ='2. Indoor Water Demand'!K22 -> 0.0018 | D20: =C20*'1. Building Information'!$C$31 -> 0 | E20: =IF('2. Indoor Water Demand'!L22="Yes",'6. Building Potential Summary'!D20,0) -> 0 | F20: =$D20/12 -> 0 | G20: =$D20/12 -> 0 | H20: =$D20/12 -> 0 | I20: =$D20/12 -> 0 | J20: =$D20/12 -> 0 | K20: =$D20/12 -> 0 | L20: =$D20/12 -> 0 | M20: =$D20/12 -> 0 | ... Q20: =$D20/12 -> 0 | S20: =IF('2. Indoor Water Demand'!L22="yes",1,"")
B21: Low Flow Sprayer - Restaurants | C21: ='2. Indoor Water Demand'!K23 -> 0 | D21: =C21*'1. Building Information'!$C$31 -> 0 | E21: =IF('2. Indoor Water Demand'!L23="Yes",'6. Building Potential Summary'!D21,0) -> 0 | F21: =$D21/12 -> 0 | G21: =$D21/12 -> 0 | H21: =$D21/12 -> 0 | I21: =$D21/12 -> 0 | J21: =$D21/12 -> 0 | K21: =$D21/12 -> 0 | L21: =$D21/12 -> 0 | M21: =$D21/12 -> 0 | ... Q21: =$D21/12 -> 0 | S21: =IF('2. Indoor Water Demand'!L23="yes",1,"")
B22: SUBTOTAL | C22: =SUM(C16:C21) -> 0.0137788 | D22: =SUM(D16:D21) -> 0 | E22: =SUM(E16:E21) -> 0 | F22: =SUM(F16:F21) -> 0 | G22: =SUM(G16:G21) -> 0 | H22: =SUM(H16:H21) -> 0 | I22: =SUM(I16:I21) -> 0 | J22: =SUM(J16:J21) -> 0 | ... Q22: =SUM(Q16:Q21) -> 0
B23: DOMESTIC FIXTURES - Multi-Family Residential
B24: Showerhead | C24: ='2. Indoor Water Demand'!I42 -> 21.4266 | D24: =C24*'1. Building Information'!$C$31 -> 0 | E24: =IF('2. Indoor Water Demand'!J42="Yes",'6. Building Potential Summary'!D24,0) -> 0 | F24: =$D24/12 -> 0 | G24: =$D24/12 -> 0 | H24: =$D24/12 -> 0 | I24: =$D24/12 -> 0 | J24: =$D24/12 -> 0 | K24: =$D24/12 -> 0 | L24: =$D24/12 -> 0 | M24: =$D24/12 -> 0 | ... Q24: =$D24/12 -> 0 | S24: =IF('2. Indoor Water Demand'!J42="yes",1,"")
B25: Bathroom Faucet | C25: ='2. Indoor Water Demand'!I43 -> 3.9195 | D25: =C25*'1. Building Information'!$C$31 -> 0 | E25: =IF('2. Indoor Water Demand'!J43="Yes",'6. Building Potential Summary'!D25,0) -> 0 | F25: =$D25/12 -> 0 | G25: =$D25/12 -> 0 | H25: =$D25/12 -> 0 | I25: =$D25/12 -> 0 | J25: =$D25/12 -> 0 | K25: =$D25/12 -> 0 | L25: =$D25/12 -> 0 | M25: =$D25/12 -> 0 | ... Q25: =$D25/12 -> 0 | S25: =IF('2. Indoor Water Demand'!J43="yes",1,"")
B26: Bath | C26: ='2. Indoor Water Demand'!I44 -> 5.025 | D26: =C26*'1. Building Information'!$C$31 -> 0 | E26: =IF('2. Indoor Water Demand'!J44="Yes",'6. Building Potential Summary'!D26,0) -> 0 | F26: =$D26/12 -> 0 | G26: =$D26/12 -> 0 | H26: =$D26/12 -> 0 | I26: =$D26/12 -> 0 | J26: =$D26/12 -> 0 | K26: =$D26/12 -> 0 | L26: =$D26/12 -> 0 | M26: =$D26/12 -> 0 | ... Q26: =$D26/12 -> 0 | S26: =IF('2. Indoor Water Demand'!J44="yes",1,"")
B27: Washing Machine | C27: ='2. Indoor Water Demand'!I45 -> 22.99239 | D27: =C27*'1. Building Information'!$C$31 -> 0 | E27: =IF('2. Indoor Water Demand'!J45="Yes",'6. Building Potential Summary'!D27,0) -> 0 | F27: =$D27/12 -> 0 | G27: =$D27/12 -> 0 | H27: =$D27/12 -> 0 | I27: =$D27/12 -> 0 | J27: =$D27/12 -> 0 | K27: =$D27/12 -> 0 | L27: =$D27/12 -> 0 | M27: =$D27/12 -> 0 | ... Q27: =$D27/12 -> 0 | S27: =IF('2. Indoor Water Demand'!J45="yes",1,"")
B28: Toilet (Water Closet) | C28: ='2. Indoor Water Demand'!I46 -> 12.2208 | D28: =C28*'1. Building Information'!$C$31 -> 0 | E28: =IF('2. Indoor Water Demand'!J46="Yes",'6. Building Potential Summary'!D28,0) -> 0 | F28: =$D28/12 -> 0 | G28: =$D28/12 -> 0 | H28: =$D28/12 -> 0 | I28: =$D28/12 -> 0 | J28: =$D28/12 -> 0 | K28: =$D28/12 -> 0 | L28: =$D28/12 -> 0 | M28: =$D28/12 -> 0 | ... Q28: =$D28/12 -> 0 | S28: =IF('2. Indoor Water Demand'!J46="yes",1,"") -> 1
B29: Kitchen Faucet | C29: ='2. Indoor Water Demand'!I47 -> 28.29276 | D29: =C29*'1. Building Information'!$C$31 -> 0 | E29: =IF('2. Indoor Water Demand'!J47="Yes",'6. Building Potential Summary'!D29,0) -> 0 | F29: =$D29/12 -> 0 | G29: =$D29/12 -> 0 | H29: =$D29/12 -> 0 | I29: =$D29/12 -> 0 | J29: =$D29/12 -> 0 | K29: =$D29/12 -> 0 | L29: =$D29/12 -> 0 | M29: =$D29/12 -> 0 | ... Q29: =$D29/12 -> 0 | S29: =IF('2. Indoor Water Demand'!J47="yes",1,"")
B30: Dishwasher | C30: ='2. Indoor Water Demand'!I48 -> 0.89646 | D30: =C30*'1. Building Information'!$C$31 -> 0 | E30: =IF('2. Indoor Water Demand'!J48="Yes",'6. Building Potential Summary'!D30,0) -> 0 | F30: =$D30/12 -> 0 | G30: =$D30/12 -> 0 | H30: =$D30/12 -> 0 | I30: =$D30/12 -> 0 | J30: =$D30/12 -> 0 | K30: =$D30/12 -> 0 | L30: =$D30/12 -> 0 | M30: =$D30/12 -> 0 | ... Q30: =$D30/12 -> 0 | S30: =IF('2. Indoor Water Demand'!J48="yes",1,"")
B31: SUBTOTAL | C31: =SUM(C24:C30) -> 94.77351 | D31: =SUM(D24:D30) -> 0 | E31: =SUM(E24:E30) -> 0 | F31: =SUM(F24:F30) -> 0 | G31: =SUM(G24:G30) -> 0 | H31: =SUM(H24:H30) -> 0 | I31: =SUM(I24:I30) -> 0 | J31: =SUM(J24:J30) -> 0 | ... Q31: =SUM(Q24:Q30) -> 0
B32: HVAC/COOLING
B33: Conventional Cooling | C33: ='2. Indoor Water Demand'!E75 -> 0 | D33: ='2. Indoor Water Demand'!C81 -> 0 | E33: =D33 -> 0 | F33: ='2. Indoor Water Demand'!F63 -> 0 | G33: ='2. Indoor Water Demand'!F64 -> 0 | H33: ='2. Indoor Water Demand'!F65 -> 0 | I33: ='2. Indoor Water Demand'!F66 -> 0 | J33: ='2. Indoor Water Demand'!F67 -> 0 | K33: ='2. Indoor Water Demand'!F68 -> 0 | L33: ='2. Indoor Water Demand'!F69 -> 0 | M33: ='2. Indoor Water Demand'!F70 -> 0 | N33: ='2. Indoor Water Demand'!F71 -> 0 | O33: ='2. Indoor Water Demand'!F72 -> 0 | P33: ='2. Indoor Water Demand'!F73 -> 0 | Q33: ='2. Indoor Water Demand'!F74 -> 0
B34: SUBTOTAL | C34: =C33 -> 0 | D34: =SUM(D33) -> 0 | E34: =SUM(E33) -> 0 | F34: =SUM(F33) -> 0 | G34: =SUM(G33) -> 0 | H34: =SUM(H33) -> 0 | I34: =SUM(I33) -> 0 | J34: =SUM(J33) -> 0 | K34: =SUM(K33) -> 0 | ... Q34: =SUM(Q33) -> 0
B35: OTHER INDOOR DEMANDS THAT CAN BE MET WITH NON-POTABLE SUPPLIES
B36: Indoor Decorative Water Feature | C36: ='2. Indoor Water Demand'!C88 -> 100 | D36: ='2. Indoor Water Demand'!C90 -> 25000 | E36: =D36 -> 25000 | F36: =$D36/12 -> 2083.3333 | G36: =$D36/12 -> 2083.3333 | H36: =$D36/12 -> 2083.3333 | I36: =$D36/12 -> 2083.3333 | J36: =$D36/12 -> 2083.3333 | K36: =$D36/12 -> 2083.3333 | L36: =$D36/12 -> 2083.3333 | M36: =$D36/12 -> 2083.3333 | ... Q36: =$D36/12 -> 2083.3333
B37: Commercial Laundry | C37: ='2. Indoor Water Demand'!C95 -> 34 | D37: ='2. Indoor Water Demand'!C97 -> 1768 | E37: =D37 -> 1768 | F37: =$D37/12 -> 147.33333 | G37: =$D37/12 -> 147.33333 | H37: =$D37/12 -> 147.33333 | I37: =$D37/12 -> 147.33333 | J37: =$D37/12 -> 147.33333 | K37: =$D37/12 -> 147.33333 | L37: =$D37/12 -> 147.33333 | M37: =$D37/12 -> 147.33333 | ... Q37: =$D37/12 -> 147.33333
B38: ='2. Indoor Water Demand'!B100 -> <Please specify here> | C38: ='2. Indoor Water Demand'!C100 -> 0 | D38: ='2. Indoor Water Demand'!C102 -> 0 | E38: =D38 -> 0 | F38: =$D38/12 -> 0 | G38: =$D38/12 -> 0 | H38: =$D38/12 -> 0 | I38: =$D38/12 -> 0 | J38: =$D38/12 -> 0 | K38: =$D38/12 -> 0 | L38: =$D38/12 -> 0 | M38: =$D38/12 -> 0 | ... Q38: =$D38/12 -> 0
B39: SUBTOTAL | C39: =SUM(C36:C38) -> 134 | D39: =SUM(D36:D38) -> 26768 | E39: =SUM(E36:E38) -> 26768 | F39: =SUM(F36:F38) -> 2230.6667 | G39: =SUM(G36:G38) -> 2230.6667 | H39: =SUM(H36:H38) -> 2230.6667 | I39: =SUM(I36:I38) -> 2230.6667 | J39: =SUM(J36:J38) -> 2230.6667 | ... Q39: =SUM(Q36:Q38) -> 2230.6667
B40: OUTDOOR DEMANDS
B41: Landscape Irrigation | C41: N/A | D41: ='4. Outdoor Water Demand'!G54 -> 11.872489 | E41: =D41 -> 11.872489 | F41: ='4. Outdoor Water Demand'!$G42 -> 0 | G41: ='4. Outdoor Water Demand'!$G43 -> 0 | H41: ='4. Outdoor Water Demand'!$G44 -> 0 | I41: ='4. Outdoor Water Demand'!$G45 -> 0.9127942 | J41: ='4. Outdoor Water Demand'!$G46 -> 1.8192636 | K41: ='4. Outdoor Water Demand'!$G47 -> 2.3199753 | L41: ='4. Outdoor Water Demand'!$G48 -> 2.3702442 | M41: ='4. Outdoor Water Demand'!$G49 -> 2.1798599 | N41: ='4. Outdoor Water Demand'!$G50 -> 1.6343021 | O41: ='4. Outdoor Water Demand'!$G51 -> 0.6360499 | P41: ='4. Outdoor Water Demand'!$G52 -> 0 | Q41: ='4. Outdoor Water Demand'!$G53 -> 0
B42: Decorative Water Feature | C42: ='4. Outdoor Water Demand'!D63 -> 100 | D42: ='4. Outdoor Water Demand'!D65 -> 25000 | E42: =D42 -> 25000 | F42: =$D42/12 -> 2083.3333 | G42: =$D42/12 -> 2083.3333 | H42: =$D42/12 -> 2083.3333 | I42: =$D42/12 -> 2083.3333 | J42: =$D42/12 -> 2083.3333 | K42: =$D42/12 -> 2083.3333 | L42: =$D42/12 -> 2083.3333 | M42: =$D42/12 -> 2083.3333 | ... Q42: =$D42/12 -> 2083.3333
B43: ='4. Outdoor Water Demand'!B68 -> <Please specify here> | C43: ='4. Outdoor Water Demand'!D68 -> 0 | D43: ='4. Outdoor Water Demand'!D70 -> 0 | E43: =D43 -> 0 | F43: =$D43/12 -> 0 | G43: =$D43/12 -> 0 | H43: =$D43/12 -> 0 | I43: =$D43/12 -> 0 | J43: =$D43/12 -> 0 | K43: =$D43/12 -> 0 | L43: =$D43/12 -> 0 | M43: =$D43/12 -> 0 | ... Q43: =$D43/12 -> 0
B44: SUBTOTAL | C44: =SUM(C41:C43) -> 100 | D44: =SUM(D41:D43) -> 25011.872 | E44: =SUM(E41:E43) -> 25011.872 | F44: =SUM(F41:F43) -> 2083.3333 | G44: =SUM(G41:G43) -> 2083.3333 | H44: =SUM(H41:H43) -> 2083.3333 | I44: =SUM(I41:I43) -> 2084.2461 | J44: =SUM(J41:J43) -> 2085.1526 | ... Q44: =SUM(Q41:Q43) -> 2083.3333
B45: GRAND TOTAL | C45: =C22+C31+C34+C39+C44 -> 328.78729 | D45: =D22+D31+D34+D39+D44 -> 51779.872 | E45: =E22+E31+E34+E39+E44 -> 51779.872 | F45: =ROUNDUP(F22+F31+F34+F39+F44,-2) -> 4400 | G45: =ROUNDUP(G22+G31+G34+G39+G44,-2) -> 4400 | H45: =ROUNDUP(H22+H31+H34+H39+H44,-2) -> 4400 | I45: =ROUNDUP(I22+I31+I34+I39+I44,-2) -> 4400 | J45: =ROUNDUP(J22+J31+J34+J39+J44,-2) -> 4400 | K45: =ROUNDUP(K22+K31+K34+K39+K44,-2) -> 4400 | L45: =ROUNDUP(L22+L31+L34+L39+L44,-2) -> 4400 | M45: =ROUNDUP(M22+M31+M34+M39+M44,-2) -> 4400 | ... Q45: =ROUNDUP(Q22+Q31+Q34+Q39+Q44,-2) -> 4400
B48: Project Total Annual Water Demand (gpy) | C48: =D45 -> 51779.872
D49: % of Total Water Demand
B50: Project Potential Non-Potable Demand (gpy) | C50: =E45 -> 51779.872 | D50: =C50/C48 -> 1
B52: Total Annual Toilet/Urinal Flushing Demand (gpy) | C52: =E18+E19+E28 -> 0 | D52: =C52/C48 -> 0
B54: Total Annual Irrigation Demand (gpy) | C54: =E41 -> 11.872489 | D54: =C54/C48 -> 0.00022928773
B57: TOTAL ONSITE SUPPLIES (No user input needed - auto-calculated)
B58: The table below is an accounting of the total potential onsite supply available; the values do not represent the final supplies that will be used for the project
F59: Average Monthly Demand (gal/mth)
B60: Supply Types | C60: Ave Daily Supply (gpd) | D60: Annual Supply (gpy) | F60: January | G60: February | H60: March | I60: April | J60: May | K60: June | L60: July | M60: August | N60: September | O60: October | P60: November | Q60: December
B61: Graywater | C61: ='3. Indoor Nonpotable Supply'!C96 -> 78.628338 | D61: ='3. Indoor Nonpotable Supply'!F96 -> 365000 | F61: =$D61/12 -> 30416.667 | G61: =$D61/12 -> 30416.667 | H61: =$D61/12 -> 30416.667 | I61: =$D61/12 -> 30416.667 | J61: =$D61/12 -> 30416.667 | K61: =$D61/12 -> 30416.667 | L61: =$D61/12 -> 30416.667 | M61: =$D61/12 -> 30416.667 | ... Q61: =$D61/12 -> 30416.667
B62: Blackwater | C62: ='3. Indoor Nonpotable Supply'!D96 -> 37.280222 | D62: ='3. Indoor Nonpotable Supply'!G96 -> 0 | F62: =$D62/12 -> 0 | G62: =$D62/12 -> 0 | H62: =$D62/12 -> 0 | I62: =$D62/12 -> 0 | J62: =$D62/12 -> 0 | K62: =$D62/12 -> 0 | L62: =$D62/12 -> 0 | M62: =$D62/12 -> 0 | ... Q62: =$D62/12 -> 0
B63: Foundation Drainage | C63: ='3. Indoor Nonpotable Supply'!E96 -> 1000 | D63: ='3. Indoor Nonpotable Supply'!H96 -> 0 | F63: =$D63/12 -> 0 | G63: =$D63/12 -> 0 | H63: =$D63/12 -> 0 | I63: =$D63/12 -> 0 | J63: =$D63/12 -> 0 | K63: =$D63/12 -> 0 | L63: =$D63/12 -> 0 | M63: =$D63/12 -> 0 | ... Q63: =$D63/12 -> 0
B64: Rainwater | C64: N/A | D64: ='5. Outdoor Water Supply'!C40 -> 9.284835 | F64: ='5. Outdoor Water Supply'!$E26 -> 1.9335102 | G64: ='5. Outdoor Water Supply'!$E27 -> 1.6297673 | H64: ='5. Outdoor Water Supply'!$E28 -> 1.2323499 | I64: ='5. Outdoor Water Supply'!$E29 -> 0.59852595 | J64: ='5. Outdoor Water Supply'!$E30 -> 0.2662967 | K64: ='5. Outdoor Water Supply'!$E31 -> 0.093379111 | L64: ='5. Outdoor Water Supply'!$E32 -> 0.021075593 | M64: ='5. Outdoor Water Supply'!$E33 -> 0.045611739 | N64: ='5. Outdoor Water Supply'!$E34 -> 0.15696312 | O64: ='5. Outdoor Water Supply'!$E35 -> 0.43854906 | P64: ='5. Outdoor Water Supply'!$E36 -> 1.1380602 | Q64: ='5. Outdoor Water Supply'!$E37 -> 1.7307461
B65: Stormwater | C65: N/A | D65: ='5. Outdoor Water Supply'!C73 -> 9.8310017 | F65: ='5. Outdoor Water Supply'!$E59 -> 2.0472461 | G65: ='5. Outdoor Water Supply'!$E60 -> 1.725636 | H65: ='5. Outdoor Water Supply'!$E61 -> 1.3048411 | I65: ='5. Outdoor Water Supply'!$E62 -> 0.63373336 | J65: ='5. Outdoor Water Supply'!$E63 -> 0.28196121 | K65: ='5. Outdoor Water Supply'!$E64 -> 0.098872 | L65: ='5. Outdoor Water Supply'!$E65 -> 0.022315333 | M65: ='5. Outdoor Water Supply'!$E66 -> 0.048294783 | N65: ='5. Outdoor Water Supply'!$E67 -> 0.16619625 | O65: ='5. Outdoor Water Supply'!$E68 -> 0.46434606 | P65: ='5. Outdoor Water Supply'!$E69 -> 1.2050049 | Q65: ='5. Outdoor Water Supply'!$E70 -> 1.8325547
B66: TOTAL | D66: =SUM(D61:D65) -> 365019.12 | F66: =SUM(F61:F65) -> 30420.647 | G66: =SUM(G61:G65) -> 30420.022 | H66: =SUM(H61:H65) -> 30419.204 | I66: =SUM(I61:I65) -> 30417.899 | J66: =SUM(J61:J65) -> 30417.215 | K66: =SUM(K61:K65) -> 30416.859 | L66: =SUM(L61:L65) -> 30416.71 | M66: =SUM(M61:M65) -> 30416.761 | ... Q66: =SUM(Q61:Q65) -> 30420.23
B68: Total Annual Graywater Supply (gpy) | C68: =D61 -> 365000
B70: Total Annual Blackwater Supply (gpy) | C70: =D62 -> 0
B72: Total Annual Foundation Drainage Supply (gpy) | C72: =D63 -> 0
B74: Total Annual Rainwater Supply (gpy) | C74: =D64 -> 9.284835
B76: Total Annual Stormwater Supply (gpy) | C76: =D65 -> 9.8310017
B79: >>> Please proceed on to Step 7: Project Definition

Sheet 7. Project Definition
A1: NON-POTABLE WATER CALCULATOR
A2: Step 7 of 7: Define Project Non-Potable Demands and Supplies
B4: Instructions: | F4: LEGEND:
B5: Project non-potable demands are defined and the types of supplies used to meet these demands are identified. User input is requred in Sections A and B. | F5: User Input | J5: Select Yes/No
F6: Linked from User Input | J6: Yes
F7: Default Value | J7: No
F8: Autogenerated Value
B10: A. DEFINITION OF NON-POTABLE DEMANDS
B11: User Input Instructions:
B12: Select "Yes" from the dropdown menu for the demands that are planned to be met with onsite supplies.
F13: Monthly Demand (gal/mth)
B14: Demands that can be met with Non-Potable Supplies | C14: Will non-potable supplies be used to meet this demand? | D14: Ave. Daily Non-Potable Demand (gpd) | E14: Annual Non-Potable Demand (gpy) | F14: January | G14: February | H14: March | I14: April | J14: May | K14: June | L14: July | M14: August | N14: September | O14: October | P14: November | Q14: December
B15: Indoor Uses - Commercial
B16: Urinals | C16: Yes | D16: =IF($C$16="Yes",'6. Building Potential Summary'!C18,0) -> 0.00174 | E16: =IF($C$16="Yes",'6. Building Potential Summary'!D18,0) -> 0 | F16: =IF($C$16="Yes",'6. Building Potential Summary'!F18,0) -> 0 | G16: =IF($C$16="Yes",'6. Building Potential Summary'!G18,0) -> 0 | H16: =IF($C$16="Yes",'6. Building Potential Summary'!H18,0) -> 0 | I16: =IF($C$16="Yes",'6. Building Potential Summary'!I18,0) -> 0 | J16: =IF($C$16="Yes",'6. Building Potential Summary'!J18,0) -> 0 | K16: =IF($C$16="Yes",'6. Building Potential Summary'!K18,0) -> 0 | L16: =IF($C$16="Yes",'6. Building Potential Summary'!L18,0) -> 0 | M16: =IF($C$16="Yes",'6. Building Potential Summary'!M18,0) -> 0 | ... Q16: =IF($C$16="Yes",'6. Building Potential Summary'!Q18,0) -> 0
B17: Toilet (Water Closet) | C17: Yes | D17: =IF($C$17="Yes",'6. Building Potential Summary'!C19,0) -> 0.0089088 | E17: =IF($C$17="Yes",'6. Building Potential Summary'!D19,0) -> 0 | F17: =IF($C$17="Yes",'6. Building Potential Summary'!F19,0) -> 0 | G17: =IF($C$17="Yes",'6. Building Potential Summary'!G19,0) -> 0 | H17: =IF($C$17="Yes",'6. Building Potential Summary'!H19,0) -> 0 | I17: =IF($C$17="Yes",'6. Building Potential Summary'!I19,0) -> 0 | J17: =IF($C$17="Yes",'6. Building Potential Summary'!J19,0) -> 0 | K17: =IF($C$17="Yes",'6. Building Potential Summary'!K19,0) -> 0 | L17: =IF($C$17="Yes",'6. Building Potential Summary'!L19,0) -> 0 | M17: =IF($C$17="Yes",'6. Building Potential Summary'!M19,0) -> 0 | ... Q17: =IF($C$17="Yes",'6. Building Potential Summary'!Q19,0) -> 0
B18: Indoor Uses - Multi-Family Residential
B19: Toilet (Water Closet) | C19: Yes | D19: =IF($C$19="Yes",'6. Building Potential Summary'!C28,0) -> 12.2208 | E19: =IF($C$19="Yes",'6. Building Potential Summary'!D28,0) -> 0 | F19: =IF($C$19="Yes",'6. Building Potential Summary'!F28,0) -> 0 | G19: =IF($C$19="Yes",'6. Building Potential Summary'!G28,0) -> 0 | H19: =IF($C$19="Yes",'6. Building Potential Summary'!H28,0) -> 0 | I19: =IF($C$19="Yes",'6. Building Potential Summary'!I28,0) -> 0 | J19: =IF($C$19="Yes",'6. Building Potential Summary'!J28,0) -> 0 | K19: =IF($C$19="Yes",'6. Building Potential Summary'!K28,0) -> 0 | L19: =IF($C$19="Yes",'6. Building Potential Summary'!L28,0) -> 0 | M19: =IF($C$19="Yes",'6. Building Potential Summary'!M28,0) -> 0 | ... Q19: =IF($C$19="Yes",'6. Building Potential Summary'!Q28,0) -> 0
B20: HVAC/Cooling
B21: Conventional Cooling | C21: Yes | D21: =IF($C$21="Yes",'6. Building Potential Summary'!C33,0) -> 0 | E21: =IF($C$21="Yes",'6. Building Potential Summary'!D33,0) -> 0 | F21: =IF($C$21="Yes",'6. Building Potential Summary'!F33,0) -> 0 | G21: =IF($C$21="Yes",'6. Building Potential Summary'!G33,0) -> 0 | H21: =IF($C$21="Yes",'6. Building Potential Summary'!H33,0) -> 0 | I21: =IF($C$21="Yes",'6. Building Potential Summary'!I33,0) -> 0 | J21: =IF($C$21="Yes",'6. Building Potential Summary'!J33,0) -> 0 | K21: =IF($C$21="Yes",'6. Building Potential Summary'!K33,0) -> 0 | L21: =IF($C$21="Yes",'6. Building Potential Summary'!L33,0) -> 0 | M21: =IF($C$21="Yes",'6. Building Potential Summary'!M33,0) -> 0 | ... Q21: =IF($C$21="Yes",'6. Building Potential Summary'!Q33,0) -> 0
B22: Other Indoor Demands
B23: Indoor Decorative Water Feature | C23: Yes | D23: =IF($C$23="Yes",'6. Building Potential Summary'!C36,0) -> 100 | E23: =IF($C$23="Yes",'6. Building Potential Summary'!D36,0) -> 25000 | F23: =IF($C$23="Yes",'6. Building Potential Summary'!F36,0) -> 2083.3333 | G23: =IF($C$23="Yes",'6. Building Potential Summary'!G36,0) -> 2083.3333 | H23: =IF($C$23="Yes",'6. Building Potential Summary'!H36,0) -> 2083.3333 | I23: =IF($C$23="Yes",'6. Building Potential Summary'!I36,0) -> 2083.3333 | J23: =IF($C$23="Yes",'6. Building Potential Summary'!J36,0) -> 2083.3333 | K23: =IF($C$23="Yes",'6. Building Potential Summary'!K36,0) -> 2083.3333 | L23: =IF($C$23="Yes",'6. Building Potential Summary'!L36,0) -> 2083.3333 | M23: =IF($C$23="Yes",'6. Building Potential Summary'!M36,0) -> 2083.3333 | ... Q23: =IF($C$23="Yes",'6. Building Potential Summary'!Q36,0) -> 2083.3333
B24: Commercial Laundry | C24: Yes | D24: =IF($C$24="Yes",'6. Building Potential Summary'!C37,0) -> 34 | E24: =IF($C$24="Yes",'6. Building Potential Summary'!D37,0) -> 1768 | F24: =IF($C$24="Yes",'6. Building Potential Summary'!F37,0) -> 147.33333 | G24: =IF($C$24="Yes",'6. Building Potential Summary'!G37,0) -> 147.33333 | H24: =IF($C$24="Yes",'6. Building Potential Summary'!H37,0) -> 147.33333 | I24: =IF($C$24="Yes",'6. Building Potential Summary'!I37,0) -> 147.33333 | J24: =IF($C$24="Yes",'6. Building Potential Summary'!J37,0) -> 147.33333 | K24: =IF($C$24="Yes",'6. Building Potential Summary'!K37,0) -> 147.33333 | L24: =IF($C$24="Yes",'6. Building Potential Summary'!L37,0) -> 147.33333 | M24: =IF($C$24="Yes",'6. Building Potential Summary'!M37,0) -> 147.33333 | ... Q24: =IF($C$24="Yes",'6. Building Potential Summary'!Q37,0) -> 147.33333
B25: ='2. Indoor Water Demand'!B100 -> <Please specify here> | C25: Yes | D25: =IF($C$25="Yes",'6. Building Potential Summary'!C38,0) -> 0 | E25: =IF($C$25="Yes",'6. Building Potential Summary'!D38,0) -> 0 | F25: =IF($C$25="Yes",'6. Building Potential Summary'!F38,0) -> 0 | G25: =IF($C$25="Yes",'6. Building Potential Summary'!G38,0) -> 0 | H25: =IF($C$25="Yes",'6. Building Potential Summary'!H38,0) -> 0 | I25: =IF($C$25="Yes",'6. Building Potential Summary'!I38,0) -> 0 | J25: =IF($C$25="Yes",'6. Building Potential Summary'!J38,0) -> 0 | K25: =IF($C$25="Yes",'6. Building Potential Summary'!K38,0) -> 0 | L25: =IF($C$25="Yes",'6. Building Potential Summary'!L38,0) -> 0 | M25: =IF($C$25="Yes",'6. Building Potential Summary'!M38,0) -> 0 | ... Q25: =IF($C$25="Yes",'6. Building Potential Summary'!Q38,0) -> 0
B26: INDOOR SUBTOTAL | D26: =SUM(D16:D25) -> 146.23145 | E26: =SUM(E16:E25) -> 26768 | F26: =SUM(F16:F25) -> 2230.6667 | G26: =SUM(G16:G25) -> 2230.6667 | H26: =SUM(H16:H25) -> 2230.6667 | I26: =SUM(I16:I25) -> 2230.6667 | J26: =SUM(J16:J25) -> 2230.6667 | K26: =SUM(K16:K25) -> 2230.6667 | ... Q26: =SUM(Q16:Q25) -> 2230.6667
B27: Outdoor Demands
B28: Landscape Irrigation | C28: Yes | D28: =IF($C$28="Yes",'6. Building Potential Summary'!C41,0) -> N/A | E28: =IF($C$28="Yes",'6. Building Potential Summary'!D41,0) -> 11.872489 | F28: =IF($C$28="Yes",'6. Building Potential Summary'!F41,0) -> 0 | G28: =IF($C$28="Yes",'6. Building Potential Summary'!G41,0) -> 0 | H28: =IF($C$28="Yes",'6. Building Potential Summary'!H41,0) -> 0 | I28: =IF($C$28="Yes",'6. Building Potential Summary'!I41,0) -> 0.9127942 | J28: =IF($C$28="Yes",'6. Building Potential Summary'!J41,0) -> 1.8192636 | K28: =IF($C$28="Yes",'6. Building Potential Summary'!K41,0) -> 2.3199753 | L28: =IF($C$28="Yes",'6. Building Potential Summary'!L41,0) -> 2.3702442 | M28: =IF($C$28="Yes",'6. Building Potential Summary'!M41,0) -> 2.1798599 | ... Q28: =IF($C$28="Yes",'6. Building Potential Summary'!Q41,0) -> 0
B29: Decorative Water Feature | C29: No | D29: =IF($C$29="Yes",'6. Building Potential Summary'!C42,0) -> 0 | E29: =IF($C$29="Yes",'6. Building Potential Summary'!D42,0) -> 0 | F29: =IF($C$29="Yes",'6. Building Potential Summary'!F42,0) -> 0 | G29: =IF($C$29="Yes",'6. Building Potential Summary'!G42,0) -> 0 | H29: =IF($C$29="Yes",'6. Building Potential Summary'!H42,0) -> 0 | I29: =IF($C$29="Yes",'6. Building Potential Summary'!I42,0) -> 0 | J29: =IF($C$29="Yes",'6. Building Potential Summary'!J42,0) -> 0 | K29: =IF($C$29="Yes",'6. Building Potential Summary'!K42,0) -> 0 | L29: =IF($C$29="Yes",'6. Building Potential Summary'!L42,0) -> 0 | M29: =IF($C$29="Yes",'6. Building Potential Summary'!M42,0) -> 0 | ... Q29: =IF($C$29="Yes",'6. Building Potential Summary'!Q42,0) -> 0
B30: ='4. Outdoor Water Demand'!B68 -> <Please specify here> | C30: Yes | D30: =IF($C$30="Yes",'6. Building Potential Summary'!C43,0) -> 0 | E30: =IF($C$30="Yes",'6. Building Potential Summary'!D43,0) -> 0 | F30: =IF($C$30="Yes",'6. Building Potential Summary'!F43,0) -> 0 | G30: =IF($C$30="Yes",'6. Building Potential Summary'!G43,0) -> 0 | H30: =IF($C$30="Yes",'6. Building Potential Summary'!H43,0) -> 0 | I30: =IF($C$30="Yes",'6. Building Potential Summary'!I43,0) -> 0 | J30: =IF($C$30="Yes",'6. Building Potential Summary'!J43,0) -> 0 | K30: =IF($C$30="Yes",'6. Building Potential Summary'!K43,0) -> 0 | L30: =IF($C$30="Yes",'6. Building Potential Summary'!L43,0) -> 0 | M30: =IF($C$30="Yes",'6. Building Potential Summary'!M43,0) -> 0 | ... Q30: =IF($C$30="Yes",'6. Building Potential Summary'!Q43,0) -> 0
B31: OUTDOOR SUBTOTAL | D31: =SUM(D28:D30) -> 0 | E31: =SUM(E28:E30) -> 11.872489 | F31: =SUM(F28:F30) -> 0 | G31: =SUM(G28:G30) -> 0 | H31: =SUM(H28:H30) -> 0 | I31: =SUM(I28:I30) -> 0.9127942 | J31: =SUM(J28:J30) -> 1.8192636 | K31: =SUM(K28:K30) -> 2.3199753 | ... Q31: =SUM(Q28:Q30) -> 0
B32: GRAND TOTAL | D32: =D26+D31 -> 146.23145 | E32: =ROUNDUP(E26+E31,-2) -> 26800 | F32: =ROUNDUP(F26+F31,-2) -> 2300 | G32: =ROUNDUP(G26+G31,-2) -> 2300 | H32: =ROUNDUP(H26+H31,-2) -> 2300 | I32: =ROUNDUP(I26+I31,-2) -> 2300 | J32: =ROUNDUP(J26+J31,-2) -> 2300 | K32: =ROUNDUP(K26+K31,-2) -> 2300 | L32: =ROUNDUP(L26+L31,-2) -> 2300 | ... Q32: =ROUNDUP(Q26+Q31,-2) -> 2300
B35: B. DEFINITION OF ONSITE SUPPLIES TO BE USED
B36: User Input Instructions:
B37: Select "Yes" from the dropdown menu for the supplies that are planned for onsite reuse.
B38: If Blackwater (composed of graywater and blackwater) is a potential on-site supply, select "Yes" for both Graywater and Blackwater supplies | F38: Monthly Supply (gal/mth)
B39: Supply Types | C39: Will this supply be reused onsite? | D39: Ave Daily Supply (gpd) | E39: Annual Supply (gpy) | F39: January | G39: February | H39: March | I39: April | J39: May | K39: June | L39: July | M39: August | N39: September | O39: October | P39: November | Q39: December
B40: Graywater | C40: Yes | D40: =IF($C40="Yes",'6. Building Potential Summary'!C61,0) -> 78.628338 | E40: =IF($C40="Yes",'6. Building Potential Summary'!D61,0) -> 365000 | F40: =IF($C40="Yes",'6. Building Potential Summary'!F61,0) -> 30416.667 | G40: =IF($C40="Yes",'6. Building Potential Summary'!G61,0) -> 30416.667 | H40: =IF($C40="Yes",'6. Building Potential Summary'!H61,0) -> 30416.667 | I40: =IF($C40="Yes",'6. Building Potential Summary'!I61,0) -> 30416.667 | J40: =IF($C40="Yes",'6. Building Potential Summary'!J61,0) -> 30416.667 | K40: =IF($C40="Yes",'6. Building Potential Summary'!K61,0) -> 30416.667 | L40: =IF($C40="Yes",'6. Building Potential Summary'!L61,0) -> 30416.667 | M40: =IF($C40="Yes",'6. Building Potential Summary'!M61,0) -> 30416.667 | ... Q40: =IF($C40="Yes",'6. Building Potential Summary'!Q61,0) -> 30416.667
B41: Blackwater | C41: No | D41: =IF($C41="Yes",'6. Building Potential Summary'!C62,0) -> 0 | E41: =IF($C41="Yes",'6. Building Potential Summary'!D62,0) -> 0 | F41: =IF($C41="Yes",'6. Building Potential Summary'!F62,0) -> 0 | G41: =IF($C41="Yes",'6. Building Potential Summary'!G62,0) -> 0 | H41: =IF($C41="Yes",'6. Building Potential Summary'!H62,0) -> 0 | I41: =IF($C41="Yes",'6. Building Potential Summary'!I62,0) -> 0 | J41: =IF($C41="Yes",'6. Building Potential Summary'!J62,0) -> 0 | K41: =IF($C41="Yes",'6. Building Potential Summary'!K62,0) -> 0 | L41: =IF($C41="Yes",'6. Building Potential Summary'!L62,0) -> 0 | M41: =IF($C41="Yes",'6. Building Potential Summary'!M62,0) -> 0 | ... Q41: =IF($C41="Yes",'6. Building Potential Summary'!Q62,0) -> 0
B42: Foundation Drainage | C42: Yes | D42: =IF($C42="Yes",'6. Building Potential Summary'!C63,0) -> 1000 | E42: =IF($C42="Yes",'6. Building Potential Summary'!D63,0) -> 0 | F42: =IF($C42="Yes",'6. Building Potential Summary'!F63,0) -> 0 | G42: =IF($C42="Yes",'6. Building Potential Summary'!G63,0) -> 0 | H42: =IF($C42="Yes",'6. Building Potential Summary'!H63,0) -> 0 | I42: =IF($C42="Yes",'6. Building Potential Summary'!I63,0) -> 0 | J42: =IF($C42="Yes",'6. Building Potential Summary'!J63,0) -> 0 | K42: =IF($C42="Yes",'6. Building Potential Summary'!K63,0) -> 0 | L42: =IF($C42="Yes",'6. Building Potential Summary'!L63,0) -> 0 | M42: =IF($C42="Yes",'6. Building Potential Summary'!M63,0) -> 0 | ... Q42: =IF($C42="Yes",'6. Building Potential Summary'!Q63,0) -> 0
B44: User Input Instructions:
B45: Select "Yes" in the table below if project plans to harvest rainwater or stormwater for reuse, and enter separate cistern sizes for rainwater and stormwater storage.
B46: Detailed cistern capture calculations are located in the "Rainwater" and "Stormwater" backup data tabs for reference.
F47: Monthly Supply (gal/mth)
B48: Supply Types | C48: Will this supply be reused onsite? | D48: Indicate Proposed Cistern Size (gallons) | E48: Annual Supply (gpy) | F48: January | G48: February | H48: March | I48: April | J48: May | K48: June | L48: July | M48: August | N48: September | O48: October | P48: November | Q48: December
B49: Rainwater | C49: Yes | D49: 10000 | E49: =SUM(F49:Q49) -> 9.284835 | F49: =IF($C49="Yes",Rainwater!$M20,0) -> 1.9335102 | G49: =IF($C49="Yes",Rainwater!$M21,0) -> 1.6297673 | H49: =IF($C49="Yes",Rainwater!$M22,0) -> 1.2323499 | I49: =IF($C49="Yes",Rainwater!$M23,0) -> 0.59852595 | J49: =IF($C49="Yes",Rainwater!$M24,0) -> 0.2662967 | K49: =IF($C49="Yes",Rainwater!$M25,0) -> 0.093379111 | L49: =IF($C49="Yes",Rainwater!$M26,0) -> 0.021075593 | M49: =IF($C49="Yes",Rainwater!$M27,0) -> 0.045611739 | N49: =IF($C49="Yes",Rainwater!$M16,0) -> 0.15696312 | O49: =IF($C49="Yes",Rainwater!$M17,0) -> 0.43854906 | P49: =IF($C49="Yes",Rainwater!$M18,0) -> 1.1380602 | Q49: =IF($C49="Yes",Rainwater!$M19,0) -> 1.7307461
B50: Stormwater | C50: Yes | D50: 10000 | E50: =SUM(F50:Q50) -> 9.284835 | F50: =IF($C50="Yes",Stormwater!$M20,0) -> 1.9335102 | G50: =IF($C50="Yes",Stormwater!$M21,0) -> 1.6297673 | H50: =IF($C50="Yes",Stormwater!$M22,0) -> 1.2323499 | I50: =IF($C50="Yes",Stormwater!$M23,0) -> 0.59852595 | J50: =IF($C50="Yes",Stormwater!$M24,0) -> 0.2662967 | K50: =IF($C50="Yes",Stormwater!$M25,0) -> 0.093379111 | L50: =IF($C50="Yes",Stormwater!$M26,0) -> 0.021075593 | M50: =IF($C50="Yes",Stormwater!$M27,0) -> 0.045611739 | N50: =IF($C50="Yes",Stormwater!$M16,0) -> 0.15696312 | O50: =IF($C50="Yes",Stormwater!$M17,0) -> 0.43854906 | P50: =IF($C50="Yes",Stormwater!$M18,0) -> 1.1380602 | Q50: =IF($C50="Yes",Stormwater!$M19,0) -> 1.7307461
B53: COMPARISON OF NON-POTABLE DEMANDS TO SUPPLIES
U55: % of project's Nonpotable Demand being met by Onsite Supplies
B56: Non-Potable Demands Proposed for Project (gpy) | C56: =IF(SUM(E40,E41,E42,E49,E50)>E32,E32,SUM(E40,E41,E42,E49,E50)) -> 26800 | U56: =C56/'6. Building Potential Summary'!$C$50 -> 0.51757563
B57: % of Project's Total Water Demand Being Offset with On-Site Supplies | C57: =C56/'6. Building Potential Summary'!$C$48 -> 0.51757563
B58: Make-Up Water (gpy) | C58: =SUM(F78:Q78) -> 25000 | D58: Make-up water is constituted of the difference between selected Non-Potable Demands proposed for the project and Total Potential Non-Potable Demands
B61: Type | C61: Supply | D61: Demand | F61: January | G61: February | H61: March | I61: April | J61: May | K61: June | L61: July | M61: August | N61: September | O61: October | P61: November | Q61: December
B62: Foundation Drainage | C62: =E42 -> 0 | F62: =F42 -> 0 | G62: =G42 -> 0 | H62: =H42 -> 0 | I62: =I42 -> 0 | J62: =J42 -> 0 | K62: =K42 -> 0 | L62: =L42 -> 0 | M62: =M42 -> 0 | ... Q62: =Q42 -> 0
B63: Graywater | C63: =E40 -> 365000 | F63: =F40 -> 30416.667 | G63: =G40 -> 30416.667 | H63: =H40 -> 30416.667 | I63: =I40 -> 30416.667 | J63: =J40 -> 30416.667 | K63: =K40 -> 30416.667 | L63: =L40 -> 30416.667 | M63: =M40 -> 30416.667 | ... Q63: =Q40 -> 30416.667
B64: Rainwater | C64: =E49 -> 9.284835 | F64: =F49 -> 1.9335102 | G64: =G49 -> 1.6297673 | H64: =H49 -> 1.2323499 | I64: =I49 -> 0.59852595 | J64: =J49 -> 0.2662967 | K64: =K49 -> 0.093379111 | L64: =L49 -> 0.021075593 | M64: =M49 -> 0.045611739 | ... Q64: =Q49 -> 1.7307461
B65: Stormwater | C65: =E50 -> 9.284835 | F65: =F50 -> 1.9335102 | G65: =G50 -> 1.6297673 | H65: =H50 -> 1.2323499 | I65: =I50 -> 0.59852595 | J65: =J50 -> 0.2662967 | K65: =K50 -> 0.093379111 | L65: =L50 -> 0.021075593 | M65: =M50 -> 0.045611739 | ... Q65: =Q50 -> 1.7307461
B66: Blackwater | C66: =E41 -> 0 | F66: =F41 -> 0 | G66: =G41 -> 0 | H66: =H41 -> 0 | I66: =I41 -> 0 | J66: =J41 -> 0 | K66: =K41 -> 0 | L66: =L41 -> 0 | M66: =M41 -> 0 | ... Q66: =Q41 -> 0
B67: Toilet/Urinal Flushing | D67: =SUM(E16,E17,E19) -> 0 | F67: =F16+F17+F19 -> 0 | G67: =G16+G17+G19 -> 0 | H67: =H16+H17+H19 -> 0 | I67: =I16+I17+I19 -> 0 | J67: =J16+J17+J19 -> 0 | K67: =K16+K17+K19 -> 0 | L67: =L16+L17+L19 -> 0 | M67: =M16+M17+M19 -> 0 | ... Q67: =Q16+Q17+Q19 -> 0
B68: Landscape Irrigation | D68: =E28 -> 11.872489 | F68: =F28 -> 0 | G68: =G28 -> 0 | H68: =H28 -> 0 | I68: =I28 -> 0.9127942 | J68: =J28 -> 1.8192636 | K68: =K28 -> 2.3199753 | L68: =L28 -> 2.3702442 | M68: =M28 -> 2.1798599 | ... Q68: =Q28 -> 0
B69: HVAC/Cooling | D69: =E21 -> 0 | F69: =F21 -> 0 | G69: =G21 -> 0 | H69: =H21 -> 0 | I69: =I21 -> 0 | J69: =J21 -> 0 | K69: =K21 -> 0 | L69: =L21 -> 0 | M69: =M21 -> 0 | ... Q69: =Q21 -> 0
B70: Decorative Water Feature | D70: =SUM(E23,E29) -> 25000 | F70: =F23+F29 -> 2083.3333 | G70: =G23+G29 -> 2083.3333 | H70: =H23+H29 -> 2083.3333 | I70: =I23+I29 -> 2083.3333 | J70: =J23+J29 -> 2083.3333 | K70: =K23+K29 -> 2083.3333 | L70: =L23+L29 -> 2083.3333 | M70: =M23+M29 -> 2083.3333 | ... Q70: =Q23+Q29 -> 2083.3333
B71: Commercial Laundry | D71: =E24 -> 1768 | F71: =F24 -> 147.33333 | G71: =G24 -> 147.33333 | H71: =H24 -> 147.33333 | I71: =I24 -> 147.33333 | J71: =J24 -> 147.33333 | K71: =K24 -> 147.33333 | L71: =L24 -> 147.33333 | M71: =M24 -> 147.33333 | ... Q71: =Q24 -> 147.33333
B72: Other | D72: =SUM(E25,E30) -> 0 | F72: =F25+F30 -> 0 | G72: =G25+G30 -> 0 | H72: =H25+H30 -> 0 | I72: =I25+I30 -> 0 | J72: =J25+J30 -> 0 | K72: =K25+K30 -> 0 | L72: =L25+L30 -> 0 | M72: =M25+M30 -> 0 | ... Q72: =Q25+Q30 -> 0
B74: Type | C74: Supply | D74: Demand | F74: January | G74: February | H74: March | I74: April | J74: May | K74: June | L74: July | M74: August | N74: September | O74: October | P74: November | Q74: December
B75: Selected Supply By Month | F75: =SUM(F62:F66) -> 30420.534 | G75: =SUM(G62:G66) -> 30419.926 | H75: =SUM(H62:H66) -> 30419.131 | I75: =SUM(I62:I66) -> 30417.864 | J75: =SUM(J62:J66) -> 30417.199 | K75: =SUM(K62:K66) -> 30416.853 | L75: =SUM(L62:L66) -> 30416.709 | M75: =SUM(M62:M66) -> 30416.758 | ... Q75: =SUM(Q62:Q66) -> 30420.128
B76: Selected Demand By Month | F76: =SUM(F67:F72) -> 2230.6667 | G76: =SUM(G67:G72) -> 2230.6667 | H76: =SUM(H67:H72) -> 2230.6667 | I76: =SUM(I67:I72) -> 2231.5795 | J76: =SUM(J67:J72) -> 2232.4859 | K76: =SUM(K67:K72) -> 2232.9866 | L76: =SUM(L67:L72) -> 2233.0369 | M76: =SUM(M67:M72) -> 2232.8465 | ... Q76: =SUM(Q67:Q72) -> 2230.6667
B77: Total Potential Non-Potable Demand | F77: =(('6. Building Potential Summary'!$E$22+'6. Building Potential Summary'!$E$31)/12)+'6. Building Potential Summary'!F34+'6. Building Potential Summary'!F39+'6. Building Potential Summary'!F44 -> 4314 | G77: =(('6. Building Potential Summary'!$E$22+'6. Building Potential Summary'!$E$31)/12)+'6. Building Potential Summary'!G34+'6. Building Potential Summary'!G39+'6. Building Potential Summary'!G44 -> 4314 | H77: =(('6. Building Potential Summary'!$E$22+'6. Building Potential Summary'!$E$31)/12)+'6. Building Potential Summary'!H34+'6. Building Potential Summary'!H39+'6. Building Potential Summary'!H44 -> 4314 | I77: =(('6. Building Potential Summary'!$E$22+'6. Building Potential Summary'!$E$31)/12)+'6. Building Potential Summary'!I34+'6. Building Potential Summary'!I39+'6. Building Potential Summary'!I44 -> 4314.9128 | J77: =(('6. Building Potential Summary'!$E$22+'6. Building Potential Summary'!$E$31)/12)+'6. Building Potential Summary'!J34+'6. Building Potential Summary'!J39+'6. Building Potential Summary'!J44 -> 4315.8193 | K77: =(('6. Building Potential Summary'!$E$22+'6. Building Potential Summary'!$E$31)/12)+'6. Building Potential Summary'!K34+'6. Building Potential Summary'!K39+'6. Building Potential Summary'!K44 -> 4316.32 | L77: =(('6. Building Potential Summary'!$E$22+'6. Building Potential Summary'!$E$31)/12)+'6. Building Potential Summary'!L34+'6. Building Potential Summary'!L39+'6. Building Potential Summary'!L44 -> 4316.3702 | M77: =(('6. Building Potential Summary'!$E$22+'6. Building Potential Summary'!$E$31)/12)+'6. Building Potential Summary'!M34+'6. Building Potential Summary'!M39+'6. Building Potential Summary'!M44 -> 4316.1799 | ... Q77: =(('6. Building Potential Summary'!$E$22+'6. Building Potential Summary'!$E$31)/12)+'6. Building Potential Summary'!Q34+'6. Building Potential Summary'!Q39+'6. Building Potential Summary'!Q44 -> 4314
B78: Make-Up Water (Difference between Potential Non-Potable Demand and Selected Non-Potable Demand) | F78: =IF(F77-F76>0,F77-F76,0) -> 2083.3333 | G78: =IF(G77-G76>0,G77-G76,0) -> 2083.3333 | H78: =IF(H77-H76>0,H77-H76,0) -> 2083.3333 | I78: =IF(I77-I76>0,I77-I76,0) -> 2083.3333 | J78: =IF(J77-J76>0,J77-J76,0) -> 2083.3333 | K78: =IF(K77-K76>0,K77-K76,0) -> 2083.3333 | L78: =IF(L77-L76>0,L77-L76,0) -> 2083.3333 | M78: =IF(M77-M76>0,M77-M76,0) -> 2083.3333 | ... Q78: =IF(Q77-Q76>0,Q77-Q76,0) -> 2083.3333
B79: Available Unused On-Site Supply | F79: =IF(F75-F76<0,0,F75-F76) -> 28189.867 | G79: =IF(G75-G76<0,0,G75-G76) -> 28189.26 | H79: =IF(H75-H76<0,0,H75-H76) -> 28188.465 | I79: =IF(I75-I76<0,0,I75-I76) -> 28186.284 | J79: =IF(J75-J76<0,0,J75-J76) -> 28184.713 | K79: =IF(K75-K76<0,0,K75-K76) -> 28183.867 | L79: =IF(L75-L76<0,0,L75-L76) -> 28183.672 | M79: =IF(M75-M76<0,0,M75-M76) -> 28183.911 | ... Q79: =IF(Q75-Q76<0,0,Q75-Q76) -> 28189.461
B201: >>> End of Analysis

Sheet 8. Printable Project Summary
A1: NON-POTABLE WATER CALCULATOR
A2: Project Summary Sheet
A4: 1. Project Location and Contact Information
B6: Project Name: | C6: =IF('1. Building Information'!C13=0,"",'1. Building Information'!C13) -> ABC Building | F6: update | K6: Project Date: | L6: =IF('1. Building Information'!C21=0,"",'1. Building Information'!C21) | O6: update
B7: Project Address: | C7: =IF('1. Building Information'!C15:D15=0,"",'1. Building Information'!C15:D15) | F7: update | K7: Project Contact: | L7: =IF('1. Building Information'!C23=0,"Contact Name Missing",'1. Building Information'!C23) -> Contact Name Missing | O7: update
C8: =IF('1. Building Information'!C16:D16=0,"",'1. Building Information'!C16:D16) | L8: =IF('1. Building Information'!C24=0,"Phone Number Missing",'1. Building Information'!C24) -> Phone Number Missing
C9: =IF('1. Building Information'!C17:D17=0,"",'1. Building Information'!C17:D17) | L9: =IF('1. Building Information'!C25=0,"E-mail Missing",'1. Building Information'!C25) -> E-mail Missing
B10: Assessor's Block & Lot No. / APN: | C10: ='1. Building Information'!C19:D19 -> 0 | F10: update
A13: 2. Building Information Summary
B15: Building Type: | C15: ='1. Building Information'!C37 -> Select One Land Use | F15: update | I15: Impervious Surface Above Grade: | L15: ='1. Building Information'!C102 -> 1 | M15: ft2 | O15: update
B16: Total Building Size (gross square footage or GSF): | C16: ='1. Building Information'!C29 -> 0 | D16: ft2 | F16: update | I16: Impervious Surface Below Grade: | L16: ='1. Building Information'!C108 -> 1 | M16: ft2 | O16: update
B17: Total Lot Size (ft2): | C17: ='1. Building Information'!C27 -> 0 | D17: ft2 | F17: update | I17: Landscaped Area: | L17: ='1. Building Information'!C115 -> 1 | M17: ft2 | O17: update
B18: Number of Residential Units: | C18: ='1. Building Information'!D90 -> 1 | D18: residential units | F18: update | I18: Site Location (Zone): | L18: ='1. Building Information'!C122 -> Eastern SF | O18: update
I19: Compliant with State's Maximum Applied Water Allowance? | L19: ='4. Outdoor Water Demand'!D95 -> No | O19: source
A22: 3. Summary of Nonpotable Demands and Supplies for the Project
B24: Alternate Water Sources Estimates | I24: Non-Potable Applications Estimates
B25: On-site Alternate Water Source Supplies | C25: Water Quantity (gpy) | D25: Notes | G25: Update Links | I25: On-Site Non-potable Application Demands | L25: Water Quantity (gpy) | M25: Notes | O25: Update Links
B26: Rainwater: | C26: ='7. Project Definition'!E49 -> 9.284835 | D26: =IF(AND(C26=0,'6. Building Potential Summary'!C74>0),"Rainwater available but currently not selected for reuse", IF(AND('8. Printable Project Summary'!C26=0,'6. Building Potential Summary'!C74=0),"No Rainwater Supply Available or No Available Cistern for Storage","")) | G26: update | I26: Toilets/Urinals: | L26: =SUM('7. Project Definition'!E16:E17,'7. Project Definition'!E19) -> 0 | M26: =IF(AND(L26=0,SUM('6. Building Potential Summary'!D28)>0),"Demand exists but non-potable will not provide supply","") | O26: update
B27: Stormwater: | C27: ='7. Project Definition'!E50 -> 9.284835 | D27: =IF(AND(C27=0,'6. Building Potential Summary'!C76>0),"Stormwater available but currently not selected for reuse", IF(AND('8. Printable Project Summary'!C27=0,'6. Building Potential Summary'!C76=0),"No Stormwater Supply Available or No Available Cistern for Storage","")) | G27: update | I27: Irrigation: | L27: ='7. Project Definition'!E28 -> 11.872489 | M27: =IF(AND(L27=0,'6. Building Potential Summary'!D41>0),"Demand exists but non-potable will not provide supply","") | O27: update
B28: Graywater: | C28: ='7. Project Definition'!E40 -> 365000 | D28: =IF(AND(C28=0,'6. Building Potential Summary'!C68>0),"Graywater available but currently not selected for reuse", IF(AND('8. Printable Project Summary'!C28=0,'6. Building Potential Summary'!C68=0),"No Graywater Supply Available","")) | G28: update | I28: Decorative Fountains: | L28: ='7. Project Definition'!E29+'7. Project Definition'!E23 -> 25000 | M28: =IF(AND(L28=0,OR('6. Building Potential Summary'!D42>0,'6. Building Potential Summary'!D36>0)),"Demand exists but non-potable will not provide supply","") | O28: update
B29: Foundation Drainage: | C29: ='7. Project Definition'!E42 -> 0 | D29: =IF(AND(C29=0,'6. Building Potential Summary'!C72>0),"Foundation Drainage supply available but currently not selected for reuse", IF(AND('8. Printable Project Summary'!C29=0,'6. Building Potential Summary'!C72=0),"No Foundation Drainage supply available","")) -> No Foundation Drainage supply available | G29: update | I29: Cooling Tower: | L29: ='7. Project Definition'!E21 -> 0 | M29: =IF(AND(L29=0,'6. Building Potential Summary'!D33>0),"Demand exists but non-potable will not provide supply","") | O29: update
B30: Blackwater: | C30: ='7. Project Definition'!E41 -> 0 | D30: =IF(AND(C30=0,'6. Building Potential Summary'!C70>0),"Blackwater supply available but currently not selected for reuse", IF(AND('8. Printable Project Summary'!C30=0,'6. Building Potential Summary'!C70=0),"No Blackwater supply available","")) -> No Blackwater supply available | G30: update | I30: Other | L30: =SUM('7. Project Definition'!E24,'7. Project Definition'!E25,'7. Project Definition'!E30) -> 1768 | M30: =IF(AND(L30=0,('7. Project Definition'!E25+'7. Project Definition'!E30)>0),"Demand exists but non-potable will not provide supply","") | O30: update
B31: TOTAL1: | C31: =SUM(C26:C30) -> 365018.57 | I31: Total: | L31: =SUM(L26:L30) -> 26779.872
B32: 1 If there are other sources not listed in the Sources Estimates table, those sources need to be manually included in this summary or other document
B35: Make-up Water Requirements
B36: Month | C36: Make-up Water Required (gal)
B37: January | C37: ='7. Project Definition'!F78 -> 2083.3333
B38: February | C38: ='7. Project Definition'!G78 -> 2083.3333
B39: March | C39: ='7. Project Definition'!H78 -> 2083.3333
B40: April | C40: ='7. Project Definition'!I78 -> 2083.3333
B41: May | C41: ='7. Project Definition'!J78 -> 2083.3333
B42: June | C42: ='7. Project Definition'!K78 -> 2083.3333
B43: July | C43: ='7. Project Definition'!L78 -> 2083.3333
B44: August | C44: ='7. Project Definition'!M78 -> 2083.3333
B45: September | C45: ='7. Project Definition'!N78 -> 2083.3333
B46: October | C46: ='7. Project Definition'!O78 -> 2083.3333
B47: November | C47: ='7. Project Definition'!P78 -> 2083.3333
B48: December | C48: ='7. Project Definition'!Q78 -> 2083.3333
B49: Total | C49: =SUM(C37:C48) -> 25000
A52: 4. Additional Site Information
B54: Comparison of Supplies to Demands
D55: Quantity (gpy) | E55: % of Total Water Demand
B56: Demands Met by Non-Potable Supply for Project | D56: ='7. Project Definition'!C56 -> 26800 | E56: ='7. Project Definition'!C57 -> 0.51757563

Sheet Calculator Backup
A1: NON-POTABLE WATER CALCULATOR
