Workbook

Sheet Committee
A1: Committee | B1: Reference | C1: PI | D1: Institution | E1: Project Title | F1: Requested £k
A2: =VLOOKUP(B2,'Do NOT Delete'!$A$2:$B$456,2,FALSE) -> Research Committee A | B2: BB/J016373/1 | C2: Andonovic, Ivan | D2: University of Strathclyde | E2: Sub-acute ruminal acidosis: a multidisciplinary approach to understand and prevent a multifactorial disease | F2: 225
A3: =VLOOKUP(B3,'Do NOT Delete'!$A$2:$B$456,2,FALSE) -> Research Committee A | B3: BB/J016446/1 | C3: Bateson, Melissa | D3: Newcastle University | E3: Early-life adversity and adult cognition: the starling as an experimental model. | F3: 340
A4: =VLOOKUP(B4,'Do NOT Delete'!$A$2:$B$456,2,FALSE) -> Research Committee A | B4: BB/J018163/1 | C4: Barrett, Brendan T | D4: University of Bradford | E4: Linking Perception to Action in Sport: Does superior visual perception explain why good players make it look easy? | F4: 433
A5: =VLOOKUP(B5,'Do NOT Delete'!$A$2:$B$456,2,FALSE) -> Research Committee A | B5: BB/J017744/1 | C5: Bechtold, David Alexander | D5: The University of Manchester | E5: Biological resonance: matching internal timing to environmental fluctuations | F5: 508
A6: =VLOOKUP(B6,'Do NOT Delete'!$A$2:$B$456,2,FALSE) -> Research Committee A | B6: BB/J015660/1 | C6: Bellamy, Tomas Cynric | D6: University of Nottingham | E6: Ectopic transmission in the cerebellar cortex | F6: 408
A7: =VLOOKUP(B7,'Do NOT Delete'!$A$2:$B$456,2,FALSE) -> Research Committee A | B7: BB/J018872/1 | C7: Bennett, Simon James | D7: Liverpool John Moores University | E7: Linking Perception to Action in Sport: Does superior visual perception explain why good players make it look easy? | F7: 21
A8: =VLOOKUP(B8,'Do NOT Delete'!$A$2:$B$456,2,FALSE) -> Research Committee A | B8: BB/J016837/1 | C8: Fife, Mark Stewart | D8: Institute For Animal Health | E8: Role of AKT1 & SIVA1 in resistance to avian salmonellosis | F8: 103
A9: =VLOOKUP(B9,'Do NOT Delete'!$A$2:$B$456,2,FALSE) -> Research Committee A | B9: BB/J018422/1 | C9: Glazewski, Stanislaw | D9: Keele University | E9: The role of astrocytes in experience-dependent plasticity | F9: 329
A10: =VLOOKUP(B10,'Do NOT Delete'!$A$2:$B$456,2,FALSE) -> Research Committee A | B10: BB/J015911/1 | C10: Gray, Stuart Robert | D10: University of Aberdeen | E10: Overcoming the blunted response to resistance exercise with fish oil to maximise the maintenance of muscle mass in older people | F10: 310
A11: =VLOOKUP(B11,'Do NOT Delete'!$A$2:$B$456,2,FALSE) -> Research Committee A | B11: BB/J017248/1 | C11: Grey, Michael James | D11: University of Birmingham | E11: Identifying the behavioural and biological mechanisms underpinning elite performance in aiming tasks | F11: 301
A12: =VLOOKUP(B12,'Do NOT Delete'!$A$2:$B$456,2,FALSE) -> Research Committee A | B12: BB/J016365/1 | C12: Harris, Julie | D12: University of St Andrews | E12: Linking Perception to Action in Sport: Does superior visual perception explain why good players make it look easy? | F12: 35
A13: =VLOOKUP(B13,'Do NOT Delete'!$A$2:$B$456,2,FALSE) -> Research Committee A | B13: BB/J01835X/1 | C13: Hedwig, Berthold | D13: University of Cambridge | E13: RESUBMISSION: Neural processing underlying auditory pattern recognition in an insect brain | F13: 307
... A150: =VLOOKUP(B150,'Do NOT Delete'!$A$2:$B$456,2,FALSE) -> Research Committee D | B150: BB/J017345/1 | C150: Young, Mark Thomas | D150: Cardiff University | E150: The P2X7 Interactome: Protein interactions in the P2X7 C-terminus and their role in inflammatory signalling | F150: 338

Sheet P.I. Surname
A1: Committee | B1: Reference | C1: PI | D1: Institution | E1: Priject Title | F1: Requested £k
A2: =VLOOKUP(B2,'Do NOT Delete'!$A$2:$B$456,2,FALSE) -> Research Committee A | B2: BB/J016373/1 | C2: Andonovic, Ivan | D2: University of Strathclyde | E2: Sub-acute ruminal acidosis: a multidisciplinary approach to understand and prevent a multifactorial disease | F2: 225
A3: =VLOOKUP(B3,'Do NOT Delete'!$A$2:$B$456,2,FALSE) -> Research Committee B | B3: BB/J014796/1 | C3: Arnold, Dawn | D3: University of the West of England | E3: Understanding how plant antimicrobial "hot zones" can accelerate pathogen evolution | F3: 248
A4: =VLOOKUP(B4,'Do NOT Delete'!$A$2:$B$456,2,FALSE) -> Research Committee D | B4: BB/J017094/1 | C4: Ayscough, Kathryn Rachel | D4: University of Sheffield | E4: Defining factors that ensure unidirectionality of endocytosis | F4: 469
A6: =VLOOKUP(B6,'Do NOT Delete'!$A$2:$B$456,2,FALSE) -> Research Committee C | B6: BB/J017450/1 | C6: Bakal, Chris | D6: Institute of Cancer Research | E6: Combining Genomics and Phosphoproteomics to Identify Kinase-Substrate Networks that Promote Mitochondrial Homeostasis | F6: 644
A7: =VLOOKUP(B7,'Do NOT Delete'!$A$2:$B$456,2,FALSE) -> Research Committee A | B7: BB/J018163/1 | C7: Barrett, Brendan T | D7: University of Bradford | E7: Linking Perception to Action in Sport: Does superior visual perception explain why good players make it look easy? | F7: 433
A8: =VLOOKUP(B8,'Do NOT Delete'!$A$2:$B$456,2,FALSE) -> Research Committee A | B8: BB/J016446/1 | C8: Bateson, Melissa | D8: Newcastle University | E8: Early-life adversity and adult cognition: the starling as an experimental model. | F8: 340
A9: =VLOOKUP(B9,'Do NOT Delete'!$A$2:$B$456,2,FALSE) -> Research Committee C | B9: BB/J018554/1 | C9: Baxter, Jonathan | D9: University of Sussex | E9: How does Condensin mediate topological change during mitosis? | F9: 465
A10: =VLOOKUP(B10,'Do NOT Delete'!$A$2:$B$456,2,FALSE) -> Research Committee B | B10: BB/J015806/1 | C10: Baylis, Matthew | D10: University of Liverpool | E10: Improving projections for the future of bluetongue and its vectors under scenarios of climate and environmental change | F10: 870
A11: =VLOOKUP(B11,'Do NOT Delete'!$A$2:$B$456,2,FALSE) -> Research Committee A | B11: BB/J017744/1 | C11: Bechtold, David Alexander | D11: The University of Manchester | E11: Biological resonance: matching internal timing to environmental fluctuations | F11: 508
A12: =VLOOKUP(B12,'Do NOT Delete'!$A$2:$B$456,2,FALSE) -> Research Committee A | B12: BB/J015660/1 | C12: Bellamy, Tomas Cynric | D12: University of Nottingham | E12: Ectopic transmission in the cerebellar cortex | F12: 408
A13: =VLOOKUP(B13,'Do NOT Delete'!$A$2:$B$456,2,FALSE) -> Research Committee A | B13: BB/J018872/1 | C13: Bennett, Simon James | D13: Liverpool John Moores University | E13: Linking Perception to Action in Sport: Does superior visual perception explain why good players make it look easy? | F13: 21
A14: =VLOOKUP(B14,'Do NOT Delete'!$A$2:$B$456,2,FALSE) -> Research Committee D | B14: BB/J018082/1 | C14: Benesch, Justin LP | D14: University of Oxford | E14: Quaternary Structure and Dynamics of Polydisperse Molecular Chaperone Complexes | F14: 287
... A169: =VLOOKUP(B169,'Do NOT Delete'!$A$2:$B$456,2,FALSE) -> Research Committee D | B169: BB/J017345/1 | C169: Young, Mark Thomas | D169: Cardiff University | E169: The P2X7 Interactome: Protein interactions in the P2X7 C-terminus and their role in inflammatory signalling | F169: 338

Sheet Organisation
A1: Committee | B1: Reference | C1: PI | D1: Institution | E1: Priject Title | F1: Requested £k
A2: =VLOOKUP(B2,'Do NOT Delete'!$A$2:$B$456,2,FALSE) -> Research Committee A | B2: BB/J017809/1 | C2: Parri, Harri Rheinallt | D2: Aston University | E2: The role of astrocytes in experience dependent plasticity | F2: 318
A3: =VLOOKUP(B3,'Do NOT Delete'!$A$2:$B$456,2,FALSE) -> Research Committee D | B3: BB/J017345/1 | C3: Young, Mark Thomas | D3: Cardiff University | E3: The P2X7 Interactome: Protein interactions in the P2X7 C-terminus and their role in inflammatory signalling | F3: 338
A4: =VLOOKUP(B4,'Do NOT Delete'!$A$2:$B$456,2,FALSE) -> Research Committee A | B4: BB/J015156/1 | C4: John, Rosalind | D4: Cardiff University | E4: Achieving a successful pregnancy: Epigenetic regulation of fetal-maternal signaling | F4: 385
A5: =VLOOKUP(B5,'Do NOT Delete'!$A$2:$B$456,2,FALSE) -> Research Committee A | B5: BB/J016756/1 | C5: Isles, Anthony Roger | D5: Cardiff University | E5: Diverse serotonin 2C receptor mediated behaviours resulting from snoRNA regulated post-transcriptional modification | F5: 369
A6: =VLOOKUP(B6,'Do NOT Delete'!$A$2:$B$456,2,FALSE) -> Research Committee B | B6: BB/J017787/1 | C6: Robinson, Nigel John | D6: Durham University | E6: Metal-sensing in Salmonella: A model for targeting a network that differentiates metals | F6: 603
A7: =VLOOKUP(B7,'Do NOT Delete'!$A$2:$B$456,2,FALSE) -> Research Committee C | B7: BB/J017299/1 | C7: Kersey, Paul Julian | D7: EMBL - European Bioinformatics Institute | E7: Genetic mapping of vector competence in Culicoides sonorensis. | F7: 174
A8: =VLOOKUP(B8,'Do NOT Delete'!$A$2:$B$456,2,FALSE) -> Research Committee C | B8: BB/J01589X/1 | C8: Enright, Anton James | D8: EMBL - European Bioinformatics Institute | E8: Computational prediction and analysis of long non-coding RNAs | F8: 343
A9: =VLOOKUP(B9,'Do NOT Delete'!$A$2:$B$456,2,FALSE) -> Research Committee C | B9: BB/J015490/1 | C9: Painter, Kevin | D9: Heriot-Watt University | E9: An integrated experimental and theoretical approach to understanding corneal epithelial maintenance | F9: 55
A10: =VLOOKUP(B10,'Do NOT Delete'!$A$2:$B$456,2,FALSE) -> Research Committee C | B10: BB/J017124/1 | C10: Painter, Kevin | D10: Heriot-Watt University | E10: Parameterisation of developmental networks to understand periodic patterning | F10: 42
A11: =VLOOKUP(B11,'Do NOT Delete'!$A$2:$B$456,2,FALSE) -> Research Committee D | B11: BB/J015253/1 | C11: Nixon, Peter J | D11: Imperial College London | E11: Spatial dynamics of electron transport | F11: 60
A12: =VLOOKUP(B12,'Do NOT Delete'!$A$2:$B$456,2,FALSE) -> Research Committee D | B12: BB/J015873/1 | C12: Rutter, Guy Allen | D12: Imperial College London | E12: Role of mitochondrial calcium transport in the regulation of insulin secretion | F12: 459
A13: =VLOOKUP(B13,'Do NOT Delete'!$A$2:$B$456,2,FALSE) -> Research Committee C | B13: BB/J016799/1 | C13: Matthews, Stephen | D13: Imperial College London | E13: Mechanism of poly-SUMO chain recognition by the ubiquitin ligase RNF4 | F13: 334
... A147: =VLOOKUP(B147,'Do NOT Delete'!$A$2:$B$456,2,FALSE) -> Research Committee A | B147: BB/J015369/1 | C147: Richardson, Magnus | D147: University of Warwick | E147: Negative-feedback control of neocortical activity by the neuromodulator adenosine | F147: 717

Sheet Ref Number
A1: Committee | B1: Reference | D1: Institution | E1: Priject Title | F1: Requested £k
A2: =VLOOKUP(B2,'Do NOT Delete'!$A$2:$B$456,2,FALSE) -> Research Committee B | B2: BB/J007188/1 | C2: Moore, Graham | D2: John Innes Centre | E2: Effect of chromatin modification on meiosis: wheat, a model for polyploid crops | F2: 356
A3: =VLOOKUP(B3,'Do NOT Delete'!$A$2:$B$456,2,FALSE) -> Research Committee B | B3: BB/J009334/1 | C3: Caccamo, Mario Jose | D3: The Genome Analysis Centre | E3: Effect of Chromatin modification on meiosis:wheat, a model for polyploid crops | F3: 215
A4: =VLOOKUP(B4,'Do NOT Delete'!$A$2:$B$456,2,FALSE) -> Research Committee A | B4: BB/J014419/1 | C4: Stevenson, Philip | D4: University of Cambridge | E4: Comprehensive mapping of rhadinovirus dissemination and persistence | F4: 500
A5: =VLOOKUP(B5,'Do NOT Delete'!$A$2:$B$456,2,FALSE) -> Research Committee A | B5: BB/J014672/1 | C5: Mabbott, Neil Andrew | D5: University of Edinburgh | E5: Determining the role of M cells in TSE agent neuroinvasion from the intestine | F5: 367
A6: =VLOOKUP(B6,'Do NOT Delete'!$A$2:$B$456,2,FALSE) -> Research Committee D | B6: BB/J014699/1 | C6: McArdle, Craig Alexander | D6: University of Bristol | E6: Decoding gonadotropin-releasing hormone (GnRH) pulse frequency | F6: 627
A7: =VLOOKUP(B7,'Do NOT Delete'!$A$2:$B$456,2,FALSE) -> Research Committee C | B7: BB/J01477X/1 | C7: Wickstead, William James | D7: University of Nottingham | E7: Chromosome segregation machinery in a basal eukaryotic system | F7: 331
A8: =VLOOKUP(B8,'Do NOT Delete'!$A$2:$B$456,2,FALSE) -> Research Committee B | B8: BB/J014753/1 | C8: Goulson, David | D8: University of Stirling | E8: An integrated model for predicting bumblebee population success and pollination services in agro-ecosystems | F8: 301
A9: =VLOOKUP(B9,'Do NOT Delete'!$A$2:$B$456,2,FALSE) -> Research Committee B | B9: BB/J014796/1 | C9: Arnold, Dawn | D9: University of the West of England | E9: Understanding how plant antimicrobial "hot zones" can accelerate pathogen evolution | F9: 248
A10: =VLOOKUP(B10,'Do NOT Delete'!$A$2:$B$456,2,FALSE) -> Research Committee C | B10: BB/J014826/1 | C10: McGlynn, Peter | D10: University of Aberdeen | E10: Recombination and the clearance of replicative blocks - to bypass or not to bypass? | F10: 306
A11: =VLOOKUP(B11,'Do NOT Delete'!$A$2:$B$456,2,FALSE) -> Research Committee C | B11: BB/J014834/1 | C11: Whitmarsh, Alan John | D11: The University of Manchester | E11: A novel ageing-related pathway regulating ROS homeostasis. | F11: 479
A12: =VLOOKUP(B12,'Do NOT Delete'!$A$2:$B$456,2,FALSE) -> Research Committee B | B12: BB/J014850/1 | C12: Stevens, Mark Paul | D12: University of Edinburgh | E12: The Type III secretion system 'translocation stop' activity of EspZ. | F12: 47
A13: =VLOOKUP(B13,'Do NOT Delete'!$A$2:$B$456,2,FALSE) -> Research Committee B | B13: BB/J014869/1 | C13: Waugh, Robbie | D13: Scottish Crop Research Institute | E13: Regulation of (1,3;1,4)-beta-glucan synthesis in the grasses | F13: 376
... A146: =VLOOKUP(B146,'Do NOT Delete'!$A$2:$B$456,2,FALSE) -> Research Committee B | B146: BB/J018961/1 | C146: May, Sean Tobias | D146: University of Nottingham | E146: The Arabidopsis.info germplasm service (NASC: V) | F146: 785

Sheet Do NOT Delete
A1: Grant Reference | B1: Routing Classification
A2: BB/J011304/1 | B2: Research Committee A
A3: BB/J011312/1 | B3: Research Committee C
A4: BB/J012637/1 | B4: Research Committee D
A5: BB/J013153/1 | B5: Research Committee D
A6: BB/J013900/1 | B6: Research Committee D
A7: BB/J014060/1 | B7: Research Committee A
A8: BB/J014397/1 | B8: Research Committee C
A9: BB/J014419/1 | B9: Research Committee A
A10: BB/J014435/1 | B10: Research Committee D
A11: BB/J014583/1 | B11: Research Committee D
A12: BB/J014591/1 | B12: Research Committee D
... A270: BB/J017191/1 | B270: Research Committee A
A271: BB/J017205/1
A272: BB/J017213/1 | B272: Research Committee B
A273: BB/J017221/1 | B273: Research Committee A
A274: BB/J01723X/1 | B274: Research Committee D
A275: BB/J017248/1 | B275: Research Committee A
A276: BB/J017256/1 | B276: Research Committee B
A277: BB/J017264/1 | B277: Research Committee A
A278: BB/J017272/1 | B278: Research Committee C
A279: BB/J017280/1 | B279: Research Committee A
A280: BB/J017299/1 | B280: Research Committee C
A281: BB/J017302/1 | B281: Research Committee D
A282: BB/J017310/1 | B282: Research Committee D
A283: BB/J017329/1 | B283: Research Committee B
... A456: BB/J007188/1 | B456: Research Committee B
