Workbook

Sheet mRNA data actual expression val
A1: probeid | B1: geneid | C1: Cs | D1: Cn | E1: Cb | F1: Cm | G1: Vs | H1: Vn | I1: Vb | J1: Vm | L1: deaf.loci | M1: Matisse module 7
A2: LECT1 | B2: 16840 | C2: =2^mRNA.data.anova.results_filtere!C2 -> 2005.8528 | D2: =2^mRNA.data.anova.results_filtere!D2 -> 120.25891 | E2: =2^mRNA.data.anova.results_filtere!E2 -> 108.3834 | F2: =2^mRNA.data.anova.results_filtere!F2 -> 106.89125 | G2: =2^mRNA.data.anova.results_filtere!G2 -> 1226.2182 | H2: =2^mRNA.data.anova.results_filtere!H2 -> 106.89125 | I2: =2^mRNA.data.anova.results_filtere!I2 -> 97.00586 | J2: =2^mRNA.data.anova.results_filtere!J2 -> 137.187 | L2: AUNA1
A3: THSD1 | B3: 56229 | C3: =2^mRNA.data.anova.results_filtere!C3 -> 111.43047 | D3: =2^mRNA.data.anova.results_filtere!D3 -> 117.78402 | E3: =2^mRNA.data.anova.results_filtere!E3 -> 709.17605 | F3: =2^mRNA.data.anova.results_filtere!F3 -> 105.41965 | G3: =2^mRNA.data.anova.results_filtere!G3 -> 129.78681 | H3: =2^mRNA.data.anova.results_filtere!H3 -> 116.16245 | I3: =2^mRNA.data.anova.results_filtere!I3 -> 714.10876 | J3: =2^mRNA.data.anova.results_filtere!J3 -> 134.36374 | L3: AUNA1
A4: DIAP3 | B4: 56419 | C4: =2^mRNA.data.anova.results_filtere!C4 -> 106.1529 | D4: =2^mRNA.data.anova.results_filtere!D4 -> 202.25058 | E4: =2^mRNA.data.anova.results_filtere!E4 -> 117.78402 | F4: =2^mRNA.data.anova.results_filtere!F4 -> 101.12529 | G4: =2^mRNA.data.anova.results_filtere!G4 -> 107.63474 | H4: =2^mRNA.data.anova.results_filtere!H4 -> 170.07178 | I4: =2^mRNA.data.anova.results_filtere!I4 -> 117.78402 | J4: =2^mRNA.data.anova.results_filtere!J4 -> 93.701485 | L4: AUNA1
A5: TRIM13 | B5: 66597 | C5: =2^mRNA.data.anova.results_filtere!C5 -> 117.78402 | D5: =2^mRNA.data.anova.results_filtere!D5 -> 218.27453 | E5: =2^mRNA.data.anova.results_filtere!E5 -> 104.69146 | F5: =2^mRNA.data.anova.results_filtere!F5 -> 99.04416 | G5: =2^mRNA.data.anova.results_filtere!G5 -> 112.20553 | H5: =2^mRNA.data.anova.results_filtere!H5 -> 227.54373 | I5: =2^mRNA.data.anova.results_filtere!I5 -> 107.63474 | J5: =2^mRNA.data.anova.results_filtere!J5 -> 104.69146 | L5: AUNA1
A6: P2RY5 | B6: 67168 | C6: =2^mRNA.data.anova.results_filtere!C6 -> 167.73036 | D6: =2^mRNA.data.anova.results_filtere!D6 -> 140.06959 | E6: =2^mRNA.data.anova.results_filtere!E6 -> 533.74247 | F6: =2^mRNA.data.anova.results_filtere!F6 -> 240.51782 | G6: =2^mRNA.data.anova.results_filtere!G6 -> 265.02782 | H6: =2^mRNA.data.anova.results_filtere!H6 -> 136.23938 | I6: =2^mRNA.data.anova.results_filtere!I6 -> 661.68465 | J6: =2^mRNA.data.anova.results_filtere!J6 -> 280.13919 | L6: AUNA1
A7: CAB39L | B7: 69008 | C7: =2^mRNA.data.anova.results_filtere!C7 -> 826.00116 | D7: =2^mRNA.data.anova.results_filtere!D7 -> 657.11406 | E7: =2^mRNA.data.anova.results_filtere!E7 -> 340.14357 | F7: =2^mRNA.data.anova.results_filtere!F7 -> 337.79403 | G7: =2^mRNA.data.anova.results_filtere!G7 -> 643.59085 | H7: =2^mRNA.data.anova.results_filtere!H7 -> 754.82584 | I7: =2^mRNA.data.anova.results_filtere!I7 -> 337.79403 | J7: =2^mRNA.data.anova.results_filtere!J7 -> 312.99591 | L7: AUNA1
A8: CKAP2 | B8: 80986 | C8: =2^mRNA.data.anova.results_filtere!C8 -> 85.627364 | D8: =2^mRNA.data.anova.results_filtere!D8 -> 232.3249 | E8: =2^mRNA.data.anova.results_filtere!E8 -> 308.6868 | F8: =2^mRNA.data.anova.results_filtere!F8 -> 147.03339 | G8: =2^mRNA.data.anova.results_filtere!G8 -> 103.96831 | H8: =2^mRNA.data.anova.results_filtere!H8 -> 235.56804 | I8: =2^mRNA.data.anova.results_filtere!I8 -> 172.4459 | J8: =2^mRNA.data.anova.results_filtere!J8 -> 118.60327 | L8: AUNA1
A9: PCDH17 | B9: 219228 | C9: =2^mRNA.data.anova.results_filtere!C9 -> 430.53896 | D9: =2^mRNA.data.anova.results_filtere!D9 -> 445.72189 | E9: =2^mRNA.data.anova.results_filtere!E9 -> 1698.4464 | F9: =2^mRNA.data.anova.results_filtere!F9 -> 537.45494 | G9: =2^mRNA.data.anova.results_filtere!G9 -> 515.56124 | H9: =2^mRNA.data.anova.results_filtere!H9 -> 484.38152 | I9: =2^mRNA.data.anova.results_filtere!I9 -> 1770.5722 | J9: =2^mRNA.data.anova.results_filtere!J9 -> 315.17297 | L9: AUNA1
A10: PCDH20 | B10: 219257 | C10: =2^mRNA.data.anova.results_filtere!C10 -> 123.63985 | D10: =2^mRNA.data.anova.results_filtere!D10 -> 92.411469 | E10: =2^mRNA.data.anova.results_filtere!E10 -> 88.647006 | F10: =2^mRNA.data.anova.results_filtere!F10 -> 87.426576 | G10: =2^mRNA.data.anova.results_filtere!G10 -> 424.61161 | H10: =2^mRNA.data.anova.results_filtere!H10 -> 148.05609 | I10: =2^mRNA.data.anova.results_filtere!I10 -> 91.773136 | J10: =2^mRNA.data.anova.results_filtere!J10 -> 88.034676 | L10: AUNA1
A11: BMX | B11: 12169 | C11: =2^mRNA.data.anova.results_filtere!C11 -> 96.335792 | D11: =2^mRNA.data.anova.results_filtere!D11 -> 94.35323 | E11: =2^mRNA.data.anova.results_filtere!E11 -> 156.49796 | F11: =2^mRNA.data.anova.results_filtere!F11 -> 93.701485 | G11: =2^mRNA.data.anova.results_filtere!G11 -> 98.360012 | H11: =2^mRNA.data.anova.results_filtere!H11 -> 95.009509 | I11: =2^mRNA.data.anova.results_filtere!I11 -> 230.72012 | J11: =2^mRNA.data.anova.results_filtere!J11 -> 93.054241 | L11: DFN6
A12: GPM6B | B12: 14758 | C12: =2^mRNA.data.anova.results_filtere!C12 -> 584.07102 | D12: =2^mRNA.data.anova.results_filtere!D12 -> 1595.7291 | E12: =2^mRNA.data.anova.results_filtere!E12 -> 298.1718 | F12: =2^mRNA.data.anova.results_filtere!F12 -> 955.42578 | G12: =2^mRNA.data.anova.results_filtere!G12 -> 448.82213 | H12: =2^mRNA.data.anova.results_filtere!H12 -> 1488.8679 | I12: =2^mRNA.data.anova.results_filtere!I12 -> 296.11218 | J12: =2^mRNA.data.anova.results_filtere!J12 -> 1089.9151 | L12: DFN6
A13: RAI2 | B13: 24004 | C13: =2^mRNA.data.anova.results_filtere!C13 -> 237.20654 | D13: =2^mRNA.data.anova.results_filtere!D13 -> 233.94085 | E13: =2^mRNA.data.anova.results_filtere!E13 -> 91.773136 | F13: =2^mRNA.data.anova.results_filtere!F13 -> 430.53896 | G13: =2^mRNA.data.anova.results_filtere!G13 -> 149.0859 | H13: =2^mRNA.data.anova.results_filtere!H13 -> 191.3407 | I13: =2^mRNA.data.anova.results_filtere!I13 -> 113.77186 | J13: =2^mRNA.data.anova.results_filtere!J13 -> 809.0023 | L13: DFN6
... A33: PTPRG | B33: 19270 | C33: =2^mRNA.data.anova.results_filtere!C33 -> 203.65734 | D33: =2^mRNA.data.anova.results_filtere!D33 -> 190.01902 | E33: =2^mRNA.data.anova.results_filtere!E33 -> 410.14778 | F33: =2^mRNA.data.anova.results_filtere!F33 -> 177.29401 | G33: =2^mRNA.data.anova.results_filtere!G33 -> 176.06935 | H33: =2^mRNA.data.anova.results_filtere!H33 -> 149.0859 | I33: =2^mRNA.data.anova.results_filtere!I33 -> 413.00058 | J33: =2^mRNA.data.anova.results_filtere!J33 -> 187.40297 | L33: DFNA18
A34: ROBO1 | B34: 19876 | C34: =2^mRNA.data.anova.results_filtere!C34 -> 792.35328 | D34: =2^mRNA.data.anova.results_filtere!D34 -> 190.01902 | E34: =2^mRNA.data.anova.results_filtere!E34 -> 630.34594 | F34: =2^mRNA.data.anova.results_filtere!F34 -> 1152.0599 | G34: =2^mRNA.data.anova.results_filtere!G34 -> 770.68633 | H34: =2^mRNA.data.anova.results_filtere!H34 -> 166.57176 | I34: =2^mRNA.data.anova.results_filtere!I34 -> 298.1718 | J34: =2^mRNA.data.anova.results_filtere!J34 -> 770.68633 | L34: DFNA18 | M34: Yes
A35: SEMA3B | B35: 20347 | C35: =2^mRNA.data.anova.results_filtere!C35 -> 182.27843 | D35: =2^mRNA.data.anova.results_filtere!D35 -> 380.03803 | E35: =2^mRNA.data.anova.results_filtere!E35 -> 108.3834 | F35: =2^mRNA.data.anova.results_filtere!F35 -> 99.733066 | G35: =2^mRNA.data.anova.results_filtere!G35 -> 213.78251 | H35: =2^mRNA.data.anova.results_filtere!H35 -> 442.64306 | I35: =2^mRNA.data.anova.results_filtere!I35 -> 108.3834 | J35: =2^mRNA.data.anova.results_filtere!J35 -> 100.42676 | L35: DFNA18
A36: SEMA3F | B36: 20350 | C36: =2^mRNA.data.anova.results_filtere!C36 -> 427.56501 | D36: =2^mRNA.data.anova.results_filtere!D36 -> 112.20553 | E36: =2^mRNA.data.anova.results_filtere!E36 -> 268.72747 | F36: =2^mRNA.data.anova.results_filtere!F36 -> 233.94085 | G36: =2^mRNA.data.anova.results_filtere!G36 -> 256 | H36: =2^mRNA.data.anova.results_filtere!H36 -> 111.43047 | I36: =2^mRNA.data.anova.results_filtere!I36 -> 213.78251 | J36: =2^mRNA.data.anova.results_filtere!J36 -> 304.43702 | L36: DFNA18
A37: SEMA5B | B37: 20357 | C37: =2^mRNA.data.anova.results_filtere!C37 -> 630.34594 | D37: =2^mRNA.data.anova.results_filtere!D37 -> 724.07734 | E37: =2^mRNA.data.anova.results_filtere!E37 -> 102.53694 | F37: =2^mRNA.data.anova.results_filtere!F37 -> 330.84232 | G37: =2^mRNA.data.anova.results_filtere!G37 -> 272.47877 | H37: =2^mRNA.data.anova.results_filtere!H37 -> 630.34594 | I37: =2^mRNA.data.anova.results_filtere!I37 -> 100.42676 | J37: =2^mRNA.data.anova.results_filtere!J37 -> 227.54373 | L37: DFNA18
A38: TRF | B38: 22041 | C38: =2^mRNA.data.anova.results_filtere!C38 -> 97.680589 | D38: =2^mRNA.data.anova.results_filtere!D38 -> 167.73036 | E38: =2^mRNA.data.anova.results_filtere!E38 -> 786.88009 | F38: =2^mRNA.data.anova.results_filtere!F38 -> 167.73036 | G38: =2^mRNA.data.anova.results_filtere!G38 -> 121.93766 | H38: =2^mRNA.data.anova.results_filtere!H38 -> 257.78062 | I38: =2^mRNA.data.anova.results_filtere!I38 -> 504.95114 | J38: =2^mRNA.data.anova.results_filtere!J38 -> 608.87404 | L38: DFNA18
A39: WNT5A | B39: 22418 | C39: =2^mRNA.data.anova.results_filtere!C39 -> 809.0023 | D39: =2^mRNA.data.anova.results_filtere!D39 -> 139.10206 | E39: =2^mRNA.data.anova.results_filtere!E39 -> 98.360012 | F39: =2^mRNA.data.anova.results_filtere!F39 -> 634.73034 | G39: =2^mRNA.data.anova.results_filtere!G39 -> 352.13871 | H39: =2^mRNA.data.anova.results_filtere!H39 -> 163.14376 | I39: =2^mRNA.data.anova.results_filtere!I39 -> 155.41695 | J39: =2^mRNA.data.anova.results_filtere!J39 -> 1305.1501 | L39: DFNA18
A40: FAIM | B40: 23873 | C40: =2^mRNA.data.anova.results_filtere!C40 -> 410.14778 | D40: =2^mRNA.data.anova.results_filtere!D40 -> 364.55685 | E40: =2^mRNA.data.anova.results_filtere!E40 -> 526.39428 | F40: =2^mRNA.data.anova.results_filtere!F40 -> 265.02782 | G40: =2^mRNA.data.anova.results_filtere!G40 -> 377.41292 | H40: =2^mRNA.data.anova.results_filtere!H40 -> 335.46071 | I40: =2^mRNA.data.anova.results_filtere!I40 -> 504.95114 | J40: =2^mRNA.data.anova.results_filtere!J40 -> 290.01827 | L40: DFNA18
A41: NEK4 | B41: 23955 | C41: =2^mRNA.data.anova.results_filtere!C41 -> 458.25284 | D41: =2^mRNA.data.anova.results_filtere!D41 -> 512 | E41: =2^mRNA.data.anova.results_filtere!E41 -> 165.42116 | F41: =2^mRNA.data.anova.results_filtere!F41 -> 413.00058 | G41: =2^mRNA.data.anova.results_filtere!G41 -> 592.22435 | H41: =2^mRNA.data.anova.results_filtere!H41 -> 584.07102 | I41: =2^mRNA.data.anova.results_filtere!I41 -> 245.57161 | J41: =2^mRNA.data.anova.results_filtere!J41 -> 442.64306 | L41: DFNA18
A42: TWF2 | B42: 23999 | C42: =2^mRNA.data.anova.results_filtere!C42 -> 154.3434 | D42: =2^mRNA.data.anova.results_filtere!D42 -> 172.4459 | E42: =2^mRNA.data.anova.results_filtere!E42 -> 306.55455 | F42: =2^mRNA.data.anova.results_filtere!F42 -> 157.58648 | G42: =2^mRNA.data.anova.results_filtere!G42 -> 274.37401 | H42: =2^mRNA.data.anova.results_filtere!H42 -> 142.02489 | I42: =2^mRNA.data.anova.results_filtere!I42 -> 347.29071 | J42: =2^mRNA.data.anova.results_filtere!J42 -> 167.73036 | L42: DFNA18
A43: SLCO2A1 | B43: 24059 | C43: =2^mRNA.data.anova.results_filtere!C43 -> 90.509668 | D43: =2^mRNA.data.anova.results_filtere!D43 -> 92.411469 | E43: =2^mRNA.data.anova.results_filtere!E43 -> 245.57161 | F43: =2^mRNA.data.anova.results_filtere!F43 -> 92.411469 | G43: =2^mRNA.data.anova.results_filtere!G43 -> 243.87533 | H43: =2^mRNA.data.anova.results_filtere!H43 -> 93.701485 | I43: =2^mRNA.data.anova.results_filtere!I43 -> 369.64587 | J43: =2^mRNA.data.anova.results_filtere!J43 -> 121.93766 | L43: DFNA18
A44: IL17RB | B44: 50905 | C44: =2^mRNA.data.anova.results_filtere!C44 -> 132.51391 | D44: =2^mRNA.data.anova.results_filtere!D44 -> 98.360012 | E44: =2^mRNA.data.anova.results_filtere!E44 -> 86.822677 | F44: =2^mRNA.data.anova.results_filtere!F44 -> 95.009509 | G44: =2^mRNA.data.anova.results_filtere!G44 -> 177.29401 | H44: =2^mRNA.data.anova.results_filtere!H44 -> 91.139213 | I44: =2^mRNA.data.anova.results_filtere!I44 -> 93.701485 | J44: =2^mRNA.data.anova.results_filtere!J44 -> 93.054241 | L44: DFNA18
A45: ST3GAL6 | B45: 54613 | C45: =2^mRNA.data.anova.results_filtere!C45 -> 106.89125 | D45: =2^mRNA.data.anova.results_filtere!D45 -> 98.360012 | E45: =2^mRNA.data.anova.results_filtere!E45 -> 477.71289 | F45: =2^mRNA.data.anova.results_filtere!F45 -> 118.60327 | G45: =2^mRNA.data.anova.results_filtere!G45 -> 101.82867 | H45: =2^mRNA.data.anova.results_filtere!H45 -> 95.009509 | I45: =2^mRNA.data.anova.results_filtere!I45 -> 455.08745 | J45: =2^mRNA.data.anova.results_filtere!J45 -> 119.42822 | L45: DFNA18
A46: PDZRN3 | B46: 55983 | C46: =2^mRNA.data.anova.results_filtere!C46 -> 165.42116 | D46: =2^mRNA.data.anova.results_filtere!D46 -> 680.28714 | E46: =2^mRNA.data.anova.results_filtere!E46 -> 112.98598 | F46: =2^mRNA.data.anova.results_filtere!F46 -> 380.03803 | G46: =2^mRNA.data.anova.results_filtere!G46 -> 259.57363 | H46: =2^mRNA.data.anova.results_filtere!H46 -> 519.14725 | I46: =2^mRNA.data.anova.results_filtere!I46 -> 109.89638 | J46: =2^mRNA.data.anova.results_filtere!J46 -> 544.95753 | L46: DFNA18
... A80: ROBO2 | B80: 268902 | C80: =2^mRNA.data.anova.results_filtere!C80 -> 225.97197 | D80: =2^mRNA.data.anova.results_filtere!D80 -> 103.96831 | E80: =2^mRNA.data.anova.results_filtere!E80 -> 95.670352 | F80: =2^mRNA.data.anova.results_filtere!F80 -> 268.72747 | G80: =2^mRNA.data.anova.results_filtere!G80 -> 104.69146 | H80: =2^mRNA.data.anova.results_filtere!H80 -> 99.04416 | I80: =2^mRNA.data.anova.results_filtere!I80 -> 97.680589 | J80: =2^mRNA.data.anova.results_filtere!J80 -> 165.42116 | L80: DFNA18
A81: EPHB1 | B81: 270190 | C81: =2^mRNA.data.anova.results_filtere!C81 -> 625.99182 | D81: =2^mRNA.data.anova.results_filtere!D81 -> 564.17542 | E81: =2^mRNA.data.anova.results_filtere!E81 -> 474.41309 | F81: =2^mRNA.data.anova.results_filtere!F81 -> 200.85353 | G81: =2^mRNA.data.anova.results_filtere!G81 -> 968.76303 | H81: =2^mRNA.data.anova.results_filtere!H81 -> 533.74247 | I81: =2^mRNA.data.anova.results_filtere!I81 -> 294.06678 | J81: =2^mRNA.data.anova.results_filtere!J81 -> 203.65734 | L81: DFNA18 | M81: Yes
A82: FLNB | B82: 286940 | C82: =2^mRNA.data.anova.results_filtere!C82 -> 1398.8252 | D82: =2^mRNA.data.anova.results_filtere!D82 -> 948.82618 | E82: =2^mRNA.data.anova.results_filtere!E82 -> 1488.8679 | F82: =2^mRNA.data.anova.results_filtere!F82 -> 404.50115 | G82: =2^mRNA.data.anova.results_filtere!G82 -> 1287.1817 | H82: =2^mRNA.data.anova.results_filtere!H82 -> 803.41412 | I82: =2^mRNA.data.anova.results_filtere!I82 -> 1584.7066 | J82: =2^mRNA.data.anova.results_filtere!J82 -> 315.17297 | L82: DFNA18
A83: PARP14 | B83: 547253 | C83: =2^mRNA.data.anova.results_filtere!C83 -> 99.04416 | D83: =2^mRNA.data.anova.results_filtere!D83 -> 145.00914 | E83: =2^mRNA.data.anova.results_filtere!E83 -> 248.99967 | F83: =2^mRNA.data.anova.results_filtere!F83 -> 89.263595 | G83: =2^mRNA.data.anova.results_filtere!G83 -> 97.680589 | H83: =2^mRNA.data.anova.results_filtere!H83 -> 225.97197 | I83: =2^mRNA.data.anova.results_filtere!I83 -> 270.59662 | J83: =2^mRNA.data.anova.results_filtere!J83 -> 94.35323 | L83: DFNA18
A84: EDN1 | B84: 13614 | C84: =2^mRNA.data.anova.results_filtere!C84 -> 116.16245 | D84: =2^mRNA.data.anova.results_filtere!D84 -> 99.04416 | E84: =2^mRNA.data.anova.results_filtere!E84 -> 274.37401 | F84: =2^mRNA.data.anova.results_filtere!F84 -> 89.263595 | G84: =2^mRNA.data.anova.results_filtere!G84 -> 114.56321 | H84: =2^mRNA.data.anova.results_filtere!H84 -> 136.23938 | I84: =2^mRNA.data.anova.results_filtere!I84 -> 398.93226 | J84: =2^mRNA.data.anova.results_filtere!J84 -> 86.822677 | L84: DFNA21
A85: ID4 | B85: 15904 | C85: =2^mRNA.data.anova.results_filtere!C85 -> 424.61161 | D85: =2^mRNA.data.anova.results_filtere!D85 -> 464.64981 | E85: =2^mRNA.data.anova.results_filtere!E85 -> 118.60327 | F85: =2^mRNA.data.anova.results_filtere!F85 -> 104.69146 | G85: =2^mRNA.data.anova.results_filtere!G85 -> 519.14725 | H85: =2^mRNA.data.anova.results_filtere!H85 -> 359.53789 | I85: =2^mRNA.data.anova.results_filtere!I85 -> 122.78581 | J85: =2^mRNA.data.anova.results_filtere!J85 -> 110.66077 | L85: DFNA21
A86: ATXN1 | B86: 20238 | C86: =2^mRNA.data.anova.results_filtere!C86 -> 464.64981 | D86: =2^mRNA.data.anova.results_filtere!D86 -> 168.89701 | E86: =2^mRNA.data.anova.results_filtere!E86 -> 424.61161 | F86: =2^mRNA.data.anova.results_filtere!F86 -> 319.57262 | G86: =2^mRNA.data.anova.results_filtere!G86 -> 448.82213 | H86: =2^mRNA.data.anova.results_filtere!H86 -> 152.21851 | I86: =2^mRNA.data.anova.results_filtere!I86 -> 448.82213 | J86: =2^mRNA.data.anova.results_filtere!J86 -> 302.33412 | L86: DFNA21
A87: MBOAT1 | B87: 218121 | C87: =2^mRNA.data.anova.results_filtere!C87 -> 136.23938 | D87: =2^mRNA.data.anova.results_filtere!D87 -> 182.27843 | E87: =2^mRNA.data.anova.results_filtere!E87 -> 103.25015 | F87: =2^mRNA.data.anova.results_filtere!F87 -> 96.335792 | G87: =2^mRNA.data.anova.results_filtere!G87 -> 192.67158 | H87: =2^mRNA.data.anova.results_filtere!H87 -> 227.54373 | I87: =2^mRNA.data.anova.results_filtere!I87 -> 114.56321 | J87: =2^mRNA.data.anova.results_filtere!J87 -> 115.36006 | L87: DFNA21
A88: OTX2 | B88: 18424 | C88: =2^mRNA.data.anova.results_filtere!C88 -> 372.21696 | D88: =2^mRNA.data.anova.results_filtere!D88 -> 93.054241 | E88: =2^mRNA.data.anova.results_filtere!E88 -> 95.009509 | F88: =2^mRNA.data.anova.results_filtere!F88 -> 93.054241 | G88: =2^mRNA.data.anova.results_filtere!G88 -> 396.17664 | H88: =2^mRNA.data.anova.results_filtere!H88 -> 89.263595 | I88: =2^mRNA.data.anova.results_filtere!I88 -> 97.00586 | J88: =2^mRNA.data.anova.results_filtere!J88 -> 86.822677 | L88: DFNA23
A89: PRKCH | B89: 18755 | C89: =2^mRNA.data.anova.results_filtere!C89 -> 163.14376 | D89: =2^mRNA.data.anova.results_filtere!D89 -> 99.733066 | E89: =2^mRNA.data.anova.results_filtere!E89 -> 552.56486 | F89: =2^mRNA.data.anova.results_filtere!F89 -> 111.43047 | G89: =2^mRNA.data.anova.results_filtere!G89 -> 122.78581 | H89: =2^mRNA.data.anova.results_filtere!H89 -> 102.53694 | I89: =2^mRNA.data.anova.results_filtere!I89 -> 584.07102 | J89: =2^mRNA.data.anova.results_filtere!J89 -> 102.53694 | L89: DFNA23
A90: SIX1 | B90: 20471 | C90: =2^mRNA.data.anova.results_filtere!C90 -> 1067.4849 | D90: =2^mRNA.data.anova.results_filtere!D90 -> 144.00749 | E90: =2^mRNA.data.anova.results_filtere!E90 -> 97.00586 | F90: =2^mRNA.data.anova.results_filtere!F90 -> 734.18509 | G90: =2^mRNA.data.anova.results_filtere!G90 -> 704.27741 | H90: =2^mRNA.data.anova.results_filtere!H90 -> 116.97043 | I90: =2^mRNA.data.anova.results_filtere!I90 -> 95.670352 | J90: =2^mRNA.data.anova.results_filtere!J90 -> 458.25284 | L90: DFNA23
A91: 3632451O06RIK | B91: 67419 | C91: =2^mRNA.data.anova.results_filtere!C91 -> 136.23938 | D91: =2^mRNA.data.anova.results_filtere!D91 -> 166.57176 | E91: =2^mRNA.data.anova.results_filtere!E91 -> 97.680589 | F91: =2^mRNA.data.anova.results_filtere!F91 -> 259.57363 | G91: =2^mRNA.data.anova.results_filtere!G91 -> 181.01934 | H91: =2^mRNA.data.anova.results_filtere!H91 -> 216.7668 | I91: =2^mRNA.data.anova.results_filtere!I91 -> 97.00586 | J91: =2^mRNA.data.anova.results_filtere!J91 -> 471.13608 | L91: DFNA23
A92: RHOJ | B92: 80837 | C92: =2^mRNA.data.anova.results_filtere!C92 -> 144.00749 | D92: =2^mRNA.data.anova.results_filtere!D92 -> 487.75065 | E92: =2^mRNA.data.anova.results_filtere!E92 -> 1595.7291 | F92: =2^mRNA.data.anova.results_filtere!F92 -> 982.28646 | G92: =2^mRNA.data.anova.results_filtere!G92 -> 143.01275 | H92: =2^mRNA.data.anova.results_filtere!H92 -> 494.5594 | I92: =2^mRNA.data.anova.results_filtere!I92 -> 1389.1628 | J92: =2^mRNA.data.anova.results_filtere!J92 -> 1002.9264 | L92: DFNA23
A93: SGPP1 | B93: 81535 | C93: =2^mRNA.data.anova.results_filtere!C93 -> 1031.1225 | D93: =2^mRNA.data.anova.results_filtere!D93 -> 809.0023 | E93: =2^mRNA.data.anova.results_filtere!E93 -> 357.05438 | F93: =2^mRNA.data.anova.results_filtere!F93 -> 879.17101 | G93: =2^mRNA.data.anova.results_filtere!G93 -> 1016.9267 | H93: =2^mRNA.data.anova.results_filtere!H93 -> 625.99182 | I93: =2^mRNA.data.anova.results_filtere!I93 -> 455.08745 | J93: =2^mRNA.data.anova.results_filtere!J93 -> 1184.4487 | L93: DFNA23
... A103: FES | B103: 14159 | C103: =2^mRNA.data.anova.results_filtere!C103 -> 96.335792 | D103: =2^mRNA.data.anova.results_filtere!D103 -> 100.42676 | E103: =2^mRNA.data.anova.results_filtere!E103 -> 181.01934 | F103: =2^mRNA.data.anova.results_filtere!F103 -> 116.97043 | G103: =2^mRNA.data.anova.results_filtere!G103 -> 94.35323 | H103: =2^mRNA.data.anova.results_filtere!H103 -> 103.96831 | I103: =2^mRNA.data.anova.results_filtere!I103 -> 247.2797 | J103: =2^mRNA.data.anova.results_filtere!J103 -> 105.41965 | L103: DFNA30
A104: ANPEP | B104: 16790 | C104: =2^mRNA.data.anova.results_filtere!C104 -> 221.32153 | D104: =2^mRNA.data.anova.results_filtere!D104 -> 116.16245 | E104: =2^mRNA.data.anova.results_filtere!E104 -> 95.670352 | F104: =2^mRNA.data.anova.results_filtere!F104 -> 173.64535 | G104: =2^mRNA.data.anova.results_filtere!G104 -> 494.5594 | H104: =2^mRNA.data.anova.results_filtere!H104 -> 131.59857 | I104: =2^mRNA.data.anova.results_filtere!I104 -> 95.009509 | J104: =2^mRNA.data.anova.results_filtere!J104 -> 183.54627 | L104: DFNA30 | M104: Yes
A105: MFGE8 | B105: 17304 | C105: =2^mRNA.data.anova.results_filtere!C105 -> 879.17101 | D105: =2^mRNA.data.anova.results_filtere!D105 -> 617.37361 | E105: =2^mRNA.data.anova.results_filtere!E105 -> 2817.1096 | F105: =2^mRNA.data.anova.results_filtere!F105 -> 1152.0599 | G105: =2^mRNA.data.anova.results_filtere!G105 -> 1323.3693 | H105: =2^mRNA.data.anova.results_filtere!H105 -> 873.09813 | I105: =2^mRNA.data.anova.results_filtere!I105 -> 3444.3117 | J105: =2^mRNA.data.anova.results_filtere!J105 -> 1052.7886 | L105: DFNA30
A106: NTRK3 | B106: 18213 | C106: =2^mRNA.data.anova.results_filtere!C106 -> 101.12529 | D106: =2^mRNA.data.anova.results_filtere!D106 -> 145.00914 | E106: =2^mRNA.data.anova.results_filtere!E106 -> 103.96831 | F106: =2^mRNA.data.anova.results_filtere!F106 -> 238.85645 | G106: =2^mRNA.data.anova.results_filtere!G106 -> 160.89771 | H106: =2^mRNA.data.anova.results_filtere!H106 -> 270.59662 | I106: =2^mRNA.data.anova.results_filtere!I106 -> 131.59857 | J106: =2^mRNA.data.anova.results_filtere!J106 -> 369.64587 | L106: DFNA30
A107: PEX11A | B107: 18631 | C107: =2^mRNA.data.anova.results_filtere!C107 -> 290.01827 | D107: =2^mRNA.data.anova.results_filtere!D107 -> 215.26948 | E107: =2^mRNA.data.anova.results_filtere!E107 -> 97.680589 | F107: =2^mRNA.data.anova.results_filtere!F107 -> 221.32153 | G107: =2^mRNA.data.anova.results_filtere!G107 -> 257.78062 | H107: =2^mRNA.data.anova.results_filtere!H107 -> 233.94085 | I107: =2^mRNA.data.anova.results_filtere!I107 -> 108.3834 | J107: =2^mRNA.data.anova.results_filtere!J107 -> 245.57161 | L107: DFNA30
A108: RLBP1 | B108: 19771 | C108: =2^mRNA.data.anova.results_filtere!C108 -> 501.46319 | D108: =2^mRNA.data.anova.results_filtere!D108 -> 166.57176 | E108: =2^mRNA.data.anova.results_filtere!E108 -> 107.63474 | F108: =2^mRNA.data.anova.results_filtere!F108 -> 97.00586 | G108: =2^mRNA.data.anova.results_filtere!G108 -> 580.03655 | H108: =2^mRNA.data.anova.results_filtere!H108 -> 107.63474 | I108: =2^mRNA.data.anova.results_filtere!I108 -> 106.1529 | J108: =2^mRNA.data.anova.results_filtere!J108 -> 96.335792 | L108: DFNA30
A109: SEMA4B | B109: 20352 | C109: =2^mRNA.data.anova.results_filtere!C109 -> 861.07793 | D109: =2^mRNA.data.anova.results_filtere!D109 -> 729.1137 | E109: =2^mRNA.data.anova.results_filtere!E109 -> 222.86094 | F109: =2^mRNA.data.anova.results_filtere!F109 -> 820.29555 | G109: =2^mRNA.data.anova.results_filtere!G109 -> 1176.2671 | H109: =2^mRNA.data.anova.results_filtere!H109 -> 639.14524 | I109: =2^mRNA.data.anova.results_filtere!I109 -> 221.32153 | J109: =2^mRNA.data.anova.results_filtere!J109 -> 680.28714 | L109: DFNA30
A110: ST8SIA2 | B110: 20450 | C110: =2^mRNA.data.anova.results_filtere!C110 -> 165.42116 | D110: =2^mRNA.data.anova.results_filtere!D110 -> 129.78681 | E110: =2^mRNA.data.anova.results_filtere!E110 -> 97.680589 | F110: =2^mRNA.data.anova.results_filtere!F110 -> 150.12287 | G110: =2^mRNA.data.anova.results_filtere!G110 -> 300.24575 | H110: =2^mRNA.data.anova.results_filtere!H110 -> 99.04416 | I110: =2^mRNA.data.anova.results_filtere!I110 -> 91.773136 | J110: =2^mRNA.data.anova.results_filtere!J110 -> 138.14121 | L110: DFNA30
A111: IQGAP1 | B111: 29875 | C111: =2^mRNA.data.anova.results_filtere!C111 -> 266.87123 | D111: =2^mRNA.data.anova.results_filtere!D111 -> 215.26948 | E111: =2^mRNA.data.anova.results_filtere!E111 -> 385.34317 | F111: =2^mRNA.data.anova.results_filtere!F111 -> 290.01827 | G111: =2^mRNA.data.anova.results_filtere!G111 -> 224.41106 | H111: =2^mRNA.data.anova.results_filtere!H111 -> 265.02782 | I111: =2^mRNA.data.anova.results_filtere!I111 -> 430.53896 | J111: =2^mRNA.data.anova.results_filtere!J111 -> 298.1718 | L111: DFNA30
A112: ABHD2 | B112: 54608 | C112: =2^mRNA.data.anova.results_filtere!C112 -> 625.99182 | D112: =2^mRNA.data.anova.results_filtere!D112 -> 354.58802 | E112: =2^mRNA.data.anova.results_filtere!E112 -> 1192.6872 | F112: =2^mRNA.data.anova.results_filtere!F112 -> 613.1091 | G112: =2^mRNA.data.anova.results_filtere!G112 -> 749.61188 | H112: =2^mRNA.data.anova.results_filtere!H112 -> 415.87323 | I112: =2^mRNA.data.anova.results_filtere!I112 -> 1251.9836 | J112: =2^mRNA.data.anova.results_filtere!J112 -> 867.0672 | L112: DFNA30
A113: SV2B | B113: 64176 | C113: =2^mRNA.data.anova.results_filtere!C113 -> 304.43702 | D113: =2^mRNA.data.anova.results_filtere!D113 -> 202.25058 | E113: =2^mRNA.data.anova.results_filtere!E113 -> 91.139213 | F113: =2^mRNA.data.anova.results_filtere!F113 -> 109.89638 | G113: =2^mRNA.data.anova.results_filtere!G113 -> 112.98598 | H113: =2^mRNA.data.anova.results_filtere!H113 -> 150.12287 | I113: =2^mRNA.data.anova.results_filtere!I113 -> 94.35323 | J113: =2^mRNA.data.anova.results_filtere!J113 -> 104.69146 | L113: DFNA30
A114: HAPLN3 | B114: 67666 | C114: =2^mRNA.data.anova.results_filtere!C114 -> 99.733066 | D114: =2^mRNA.data.anova.results_filtere!D114 -> 99.733066 | E114: =2^mRNA.data.anova.results_filtere!E114 -> 195.36118 | F114: =2^mRNA.data.anova.results_filtere!F114 -> 98.360012 | G114: =2^mRNA.data.anova.results_filtere!G114 -> 96.335792 | H114: =2^mRNA.data.anova.results_filtere!H114 -> 104.69146 | I114: =2^mRNA.data.anova.results_filtere!I114 -> 152.21851 | J114: =2^mRNA.data.anova.results_filtere!J114 -> 104.69146 | L114: DFNA30
A115: MRPS11 | B115: 67994 | C115: =2^mRNA.data.anova.results_filtere!C115 -> 146.01776 | D115: =2^mRNA.data.anova.results_filtere!D115 -> 171.25473 | E115: =2^mRNA.data.anova.results_filtere!E115 -> 263.19714 | F115: =2^mRNA.data.anova.results_filtere!F115 -> 139.10206 | G115: =2^mRNA.data.anova.results_filtere!G115 -> 147.03339 | H115: =2^mRNA.data.anova.results_filtere!H115 -> 159.78631 | I115: =2^mRNA.data.anova.results_filtere!I115 -> 247.2797 | J115: =2^mRNA.data.anova.results_filtere!J115 -> 130.68955 | L115: DFNA30
A116: SLCO3A1 | B116: 108116 | C116: =2^mRNA.data.anova.results_filtere!C116 -> 205.07389 | D116: =2^mRNA.data.anova.results_filtere!D116 -> 248.99967 | E116: =2^mRNA.data.anova.results_filtere!E116 -> 117.78402 | F116: =2^mRNA.data.anova.results_filtere!F116 -> 143.01275 | G116: =2^mRNA.data.anova.results_filtere!G116 -> 268.72747 | H116: =2^mRNA.data.anova.results_filtere!H116 -> 188.70646 | I116: =2^mRNA.data.anova.results_filtere!I116 -> 121.09538 | J116: =2^mRNA.data.anova.results_filtere!J116 -> 150.12287 | L116: DFNA30
... A143: FHL2 | B143: 14200 | C143: =2^mRNA.data.anova.results_filtere!C143 -> 143.01275 | D143: =2^mRNA.data.anova.results_filtere!D143 -> 114.56321 | E143: =2^mRNA.data.anova.results_filtere!E143 -> 116.16245 | F143: =2^mRNA.data.anova.results_filtere!F143 -> 284.04978 | G143: =2^mRNA.data.anova.results_filtere!G143 -> 156.49796 | H143: =2^mRNA.data.anova.results_filtere!H143 -> 110.66077 | I143: =2^mRNA.data.anova.results_filtere!I143 -> 105.41965 | J143: =2^mRNA.data.anova.results_filtere!J143 -> 159.78631 | L143: DFNA43
A144: GAD1 | B144: 14415 | C144: =2^mRNA.data.anova.results_filtere!C144 -> 212.3058 | D144: =2^mRNA.data.anova.results_filtere!D144 -> 91.139213 | E144: =2^mRNA.data.anova.results_filtere!E144 -> 94.35323 | F144: =2^mRNA.data.anova.results_filtere!F144 -> 88.647006 | G144: =2^mRNA.data.anova.results_filtere!G144 -> 206.50029 | H144: =2^mRNA.data.anova.results_filtere!H144 -> 91.139213 | I144: =2^mRNA.data.anova.results_filtere!I144 -> 92.411469 | J144: =2^mRNA.data.anova.results_filtere!J144 -> 97.00586 | L144: DFNA43 | M144: Yes
A145: GALNT3 | B145: 14425 | C145: =2^mRNA.data.anova.results_filtere!C145 -> 178.52719 | D145: =2^mRNA.data.anova.results_filtere!D145 -> 124.49983 | E145: =2^mRNA.data.anova.results_filtere!E145 -> 97.00586 | F145: =2^mRNA.data.anova.results_filtere!F145 -> 89.263595 | G145: =2^mRNA.data.anova.results_filtere!G145 -> 344.8918 | H145: =2^mRNA.data.anova.results_filtere!H145 -> 142.02489 | I145: =2^mRNA.data.anova.results_filtere!I145 -> 93.054241 | J145: =2^mRNA.data.anova.results_filtere!J145 -> 98.360012 | L145: DFNA43
A146: GPD2 | B146: 14571 | C146: =2^mRNA.data.anova.results_filtere!C146 -> 792.35328 | D146: =2^mRNA.data.anova.results_filtere!D146 -> 404.50115 | E146: =2^mRNA.data.anova.results_filtere!E146 -> 367.09254 | F146: =2^mRNA.data.anova.results_filtere!F146 -> 232.3249 | G146: =2^mRNA.data.anova.results_filtere!G146 -> 639.14524 | H146: =2^mRNA.data.anova.results_filtere!H146 -> 477.71289 | I146: =2^mRNA.data.anova.results_filtere!I146 -> 404.50115 | J146: =2^mRNA.data.anova.results_filtere!J146 -> 290.01827 | L146: DFNA43
A147: LRP2 | B147: 14725 | C147: =2^mRNA.data.anova.results_filtere!C147 -> 448.82213 | D147: =2^mRNA.data.anova.results_filtere!D147 -> 93.054241 | E147: =2^mRNA.data.anova.results_filtere!E147 -> 94.35323 | F147: =2^mRNA.data.anova.results_filtere!F147 -> 89.884472 | G147: =2^mRNA.data.anova.results_filtere!G147 -> 242.19076 | H147: =2^mRNA.data.anova.results_filtere!H147 -> 93.054241 | I147: =2^mRNA.data.anova.results_filtere!I147 -> 91.773136 | J147: =2^mRNA.data.anova.results_filtere!J147 -> 89.263595 | L147: DFNA43
A148: IL1R1 | B148: 16177 | C148: =2^mRNA.data.anova.results_filtere!C148 -> 278.20412 | D148: =2^mRNA.data.anova.results_filtere!D148 -> 131.59857 | E148: =2^mRNA.data.anova.results_filtere!E148 -> 263.19714 | F148: =2^mRNA.data.anova.results_filtere!F148 -> 114.56321 | G148: =2^mRNA.data.anova.results_filtere!G148 -> 110.66077 | H148: =2^mRNA.data.anova.results_filtere!H148 -> 134.36374 | I148: =2^mRNA.data.anova.results_filtere!I148 -> 247.2797 | J148: =2^mRNA.data.anova.results_filtere!J148 -> 101.12529 | L148: DFNA43
A149: ITGB6 | B149: 16420 | C149: =2^mRNA.data.anova.results_filtere!C149 -> 533.74247 | D149: =2^mRNA.data.anova.results_filtere!D149 -> 92.411469 | E149: =2^mRNA.data.anova.results_filtere!E149 -> 98.360012 | F149: =2^mRNA.data.anova.results_filtere!F149 -> 90.509668 | G149: =2^mRNA.data.anova.results_filtere!G149 -> 111.43047 | H149: =2^mRNA.data.anova.results_filtere!H149 -> 90.509668 | I149: =2^mRNA.data.anova.results_filtere!I149 -> 93.054241 | J149: =2^mRNA.data.anova.results_filtere!J149 -> 91.773136 | L149: DFNA43
A150: MAL | B150: 17153 | C150: =2^mRNA.data.anova.results_filtere!C150 -> 588.13356 | D150: =2^mRNA.data.anova.results_filtere!D150 -> 942.27215 | E150: =2^mRNA.data.anova.results_filtere!E150 -> 342.50945 | F150: =2^mRNA.data.anova.results_filtere!F150 -> 100.42676 | G150: =2^mRNA.data.anova.results_filtere!G150 -> 630.34594 | H150: =2^mRNA.data.anova.results_filtere!H150 -> 1360.5743 | I150: =2^mRNA.data.anova.results_filtere!I150 -> 413.00058 | J150: =2^mRNA.data.anova.results_filtere!J150 -> 124.49983 | L150: DFNA43
A151: MCM6 | B151: 17219 | C151: =2^mRNA.data.anova.results_filtere!C151 -> 439.5855 | D151: =2^mRNA.data.anova.results_filtere!D151 -> 831.74645 | E151: =2^mRNA.data.anova.results_filtere!E151 -> 922.88047 | F151: =2^mRNA.data.anova.results_filtere!F151 -> 734.18509 | G151: =2^mRNA.data.anova.results_filtere!G151 -> 530.05564 | H151: =2^mRNA.data.anova.results_filtere!H151 -> 820.29555 | I151: =2^mRNA.data.anova.results_filtere!I151 -> 776.04688 | J151: =2^mRNA.data.anova.results_filtere!J151 -> 657.11406 | L151: DFNA43
A152: PTPN18 | B152: 19253 | C152: =2^mRNA.data.anova.results_filtere!C152 -> 95.009509 | D152: =2^mRNA.data.anova.results_filtere!D152 -> 96.335792 | E152: =2^mRNA.data.anova.results_filtere!E152 -> 203.65734 | F152: =2^mRNA.data.anova.results_filtere!F152 -> 97.00586 | G152: =2^mRNA.data.anova.results_filtere!G152 -> 95.009509 | H152: =2^mRNA.data.anova.results_filtere!H152 -> 102.53694 | I152: =2^mRNA.data.anova.results_filtere!I152 -> 153.27727 | J152: =2^mRNA.data.anova.results_filtere!J152 -> 99.733066 | L152: DFNA43
A153: ST3GAL5 | B153: 20454 | C153: =2^mRNA.data.anova.results_filtere!C153 -> 885.28612 | D153: =2^mRNA.data.anova.results_filtere!D153 -> 955.42578 | E153: =2^mRNA.data.anova.results_filtere!E153 -> 867.0672 | F153: =2^mRNA.data.anova.results_filtere!F153 -> 276.28243 | G153: =2^mRNA.data.anova.results_filtere!G153 -> 1964.5729 | H153: =2^mRNA.data.anova.results_filtere!H153 -> 1060.1113 | I153: =2^mRNA.data.anova.results_filtere!I153 -> 879.17101 | J153: =2^mRNA.data.anova.results_filtere!J153 -> 315.17297 | L153: DFNA43
A154: VAMP8 | B154: 22320 | C154: =2^mRNA.data.anova.results_filtere!C154 -> 541.19324 | D154: =2^mRNA.data.anova.results_filtere!D154 -> 266.87123 | E154: =2^mRNA.data.anova.results_filtere!E154 -> 410.14778 | F154: =2^mRNA.data.anova.results_filtere!F154 -> 261.3791 | G154: =2^mRNA.data.anova.results_filtere!G154 -> 604.66824 | H154: =2^mRNA.data.anova.results_filtere!H154 -> 292.03551 | I154: =2^mRNA.data.anova.results_filtere!I154 -> 491.14323 | J154: =2^mRNA.data.anova.results_filtere!J154 -> 333.14351 | L154: DFNA43
A155: ZEB2 | B155: 24136 | C155: =2^mRNA.data.anova.results_filtere!C155 -> 100.42676 | D155: =2^mRNA.data.anova.results_filtere!D155 -> 2304.1198 | E155: =2^mRNA.data.anova.results_filtere!E155 -> 286.02551 | F155: =2^mRNA.data.anova.results_filtere!F155 -> 1038.2945 | G155: =2^mRNA.data.anova.results_filtere!G155 -> 179.76894 | H155: =2^mRNA.data.anova.results_filtere!H155 -> 2610.3002 | I155: =2^mRNA.data.anova.results_filtere!I155 -> 319.57262 | J155: =2^mRNA.data.anova.results_filtere!J155 -> 556.40825 | L155: DFNA43
A156: B3GALT1 | B156: 26877 | C156: =2^mRNA.data.anova.results_filtere!C156 -> 109.13727 | D156: =2^mRNA.data.anova.results_filtere!D156 -> 126.23779 | E156: =2^mRNA.data.anova.results_filtere!E156 -> 91.773136 | F156: =2^mRNA.data.anova.results_filtere!F156 -> 328.55703 | G156: =2^mRNA.data.anova.results_filtere!G156 -> 133.43562 | H156: =2^mRNA.data.anova.results_filtere!H156 -> 117.78402 | I156: =2^mRNA.data.anova.results_filtere!I156 -> 89.263595 | J156: =2^mRNA.data.anova.results_filtere!J156 -> 266.87123 | L156: DFNA43
... A186: LIMS2 | B186: 225341 | C186: =2^mRNA.data.anova.results_filtere!C186 -> 132.51391 | D186: =2^mRNA.data.anova.results_filtere!D186 -> 167.73036 | E186: =2^mRNA.data.anova.results_filtere!E186 -> 203.65734 | F186: =2^mRNA.data.anova.results_filtere!F186 -> 123.63985 | G186: =2^mRNA.data.anova.results_filtere!G186 -> 111.43047 | H186: =2^mRNA.data.anova.results_filtere!H186 -> 219.79275 | I186: =2^mRNA.data.anova.results_filtere!I186 -> 250.7316 | J186: =2^mRNA.data.anova.results_filtere!J186 -> 129.78681 | L186: DFNA43
A187: PKP4 | B187: 227937 | C187: =2^mRNA.data.anova.results_filtere!C187 -> 1478.5835 | D187: =2^mRNA.data.anova.results_filtere!D187 -> 227.54373 | E187: =2^mRNA.data.anova.results_filtere!E187 -> 576.02994 | F187: =2^mRNA.data.anova.results_filtere!F187 -> 292.03551 | G187: =2^mRNA.data.anova.results_filtere!G187 -> 657.11406 | H187: =2^mRNA.data.anova.results_filtere!H187 -> 192.67158 | I187: =2^mRNA.data.anova.results_filtere!I187 -> 630.34594 | J187: =2^mRNA.data.anova.results_filtere!J187 -> 415.87323 | L187: DFNA43 | M187: Yes
A188: XIRP2 | B188: 241431 | C188: =2^mRNA.data.anova.results_filtere!C188 -> 101.82867 | D188: =2^mRNA.data.anova.results_filtere!D188 -> 89.263595 | E188: =2^mRNA.data.anova.results_filtere!E188 -> 95.009509 | F188: =2^mRNA.data.anova.results_filtere!F188 -> 86.222949 | G188: =2^mRNA.data.anova.results_filtere!G188 -> 243.87533 | H188: =2^mRNA.data.anova.results_filtere!H188 -> 88.034676 | I188: =2^mRNA.data.anova.results_filtere!I188 -> 93.701485 | J188: =2^mRNA.data.anova.results_filtere!J188 -> 89.263595 | L188: DFNA43
A189: LASS6 | B189: 241447 | C189: =2^mRNA.data.anova.results_filtere!C189 -> 321.79542 | D189: =2^mRNA.data.anova.results_filtere!D189 -> 141.04385 | E189: =2^mRNA.data.anova.results_filtere!E189 -> 152.21851 | F189: =2^mRNA.data.anova.results_filtere!F189 -> 286.02551 | G189: =2^mRNA.data.anova.results_filtere!G189 -> 385.34317 | H189: =2^mRNA.data.anova.results_filtere!H189 -> 135.29831 | I189: =2^mRNA.data.anova.results_filtere!I189 -> 139.10206 | J189: =2^mRNA.data.anova.results_filtere!J189 -> 286.02551 | L189: DFNA43
A190: COBLL1 | B190: 319876 | C190: =2^mRNA.data.anova.results_filtere!C190 -> 121.93766 | D190: =2^mRNA.data.anova.results_filtere!D190 -> 108.3834 | E190: =2^mRNA.data.anova.results_filtere!E190 -> 317.36517 | F190: =2^mRNA.data.anova.results_filtere!F190 -> 116.97043 | G190: =2^mRNA.data.anova.results_filtere!G190 -> 195.36118 | H190: =2^mRNA.data.anova.results_filtere!H190 -> 105.41965 | I190: =2^mRNA.data.anova.results_filtere!I190 -> 324.03369 | J190: =2^mRNA.data.anova.results_filtere!J190 -> 103.96831 | L190: DFNA43
A191: LYPD6 | B191: 320343 | C191: =2^mRNA.data.anova.results_filtere!C191 -> 259.57363 | D191: =2^mRNA.data.anova.results_filtere!D191 -> 147.03339 | E191: =2^mRNA.data.anova.results_filtere!E191 -> 101.82867 | F191: =2^mRNA.data.anova.results_filtere!F191 -> 494.5594 | G191: =2^mRNA.data.anova.results_filtere!G191 -> 131.59857 | H191: =2^mRNA.data.anova.results_filtere!H191 -> 240.51782 | I191: =2^mRNA.data.anova.results_filtere!I191 -> 103.25015 | J191: =2^mRNA.data.anova.results_filtere!J191 -> 719.07578 | L191: DFNA43
A192: NOSTRIN | B192: 329416 | C192: =2^mRNA.data.anova.results_filtere!C192 -> 93.054241 | D192: =2^mRNA.data.anova.results_filtere!D192 -> 97.00586 | E192: =2^mRNA.data.anova.results_filtere!E192 -> 205.07389 | F192: =2^mRNA.data.anova.results_filtere!F192 -> 92.411469 | G192: =2^mRNA.data.anova.results_filtere!G192 -> 89.884472 | H192: =2^mRNA.data.anova.results_filtere!H192 -> 98.360012 | I192: =2^mRNA.data.anova.results_filtere!I192 -> 194.01172 | J192: =2^mRNA.data.anova.results_filtere!J192 -> 91.139213 | L192: DFNA43
A193: LONRF2 | B193: 381338 | C193: =2^mRNA.data.anova.results_filtere!C193 -> 128.89031 | D193: =2^mRNA.data.anova.results_filtere!D193 -> 178.52719 | E193: =2^mRNA.data.anova.results_filtere!E193 -> 99.04416 | F193: =2^mRNA.data.anova.results_filtere!F193 -> 213.78251 | G193: =2^mRNA.data.anova.results_filtere!G193 -> 130.68955 | H193: =2^mRNA.data.anova.results_filtere!H193 -> 183.54627 | I193: =2^mRNA.data.anova.results_filtere!I193 -> 101.82867 | J193: =2^mRNA.data.anova.results_filtere!J193 -> 181.01934 | L193: DFNA43
A194: SH3GL2 | B194: 20404 | C194: =2^mRNA.data.anova.results_filtere!C194 -> 170.07178 | D194: =2^mRNA.data.anova.results_filtere!D194 -> 129.78681 | E194: =2^mRNA.data.anova.results_filtere!E194 -> 95.009509 | F194: =2^mRNA.data.anova.results_filtere!F194 -> 120.25891 | G194: =2^mRNA.data.anova.results_filtere!G194 -> 222.86094 | H194: =2^mRNA.data.anova.results_filtere!H194 -> 104.69146 | I194: =2^mRNA.data.anova.results_filtere!I194 -> 92.411469 | J194: =2^mRNA.data.anova.results_filtere!J194 -> 106.89125 | L194: DFNA47
A195: ZDHHC21 | B195: 68268 | C195: =2^mRNA.data.anova.results_filtere!C195 -> 484.38152 | D195: =2^mRNA.data.anova.results_filtere!D195 -> 302.33412 | E195: =2^mRNA.data.anova.results_filtere!E195 -> 184.82294 | F195: =2^mRNA.data.anova.results_filtere!F195 -> 324.03369 | G195: =2^mRNA.data.anova.results_filtere!G195 -> 407.31468 | H195: =2^mRNA.data.anova.results_filtere!H195 -> 284.04978 | I195: =2^mRNA.data.anova.results_filtere!I195 -> 207.93661 | J195: =2^mRNA.data.anova.results_filtere!J195 -> 270.59662 | L195: DFNA47
A196: MLLT3 | B196: 70122 | C196: =2^mRNA.data.anova.results_filtere!C196 -> 276.28243 | D196: =2^mRNA.data.anova.results_filtere!D196 -> 210.8393 | E196: =2^mRNA.data.anova.results_filtere!E196 -> 229.12642 | F196: =2^mRNA.data.anova.results_filtere!F196 -> 501.46319 | G196: =2^mRNA.data.anova.results_filtere!G196 -> 292.03551 | H196: =2^mRNA.data.anova.results_filtere!H196 -> 216.7668 | I196: =2^mRNA.data.anova.results_filtere!I196 -> 248.99967 | J196: =2^mRNA.data.anova.results_filtere!J196 -> 661.68465 | L196: DFNA47
A197: ADAMTSL1 | B197: 77739 | C197: =2^mRNA.data.anova.results_filtere!C197 -> 205.07389 | D197: =2^mRNA.data.anova.results_filtere!D197 -> 89.263595 | E197: =2^mRNA.data.anova.results_filtere!E197 -> 108.3834 | F197: =2^mRNA.data.anova.results_filtere!F197 -> 191.3407 | G197: =2^mRNA.data.anova.results_filtere!G197 -> 206.50029 | H197: =2^mRNA.data.anova.results_filtere!H197 -> 96.335792 | I197: =2^mRNA.data.anova.results_filtere!I197 -> 111.43047 | J197: =2^mRNA.data.anova.results_filtere!J197 -> 107.63474 | L197: DFNA47
A198: PSIP1 | B198: 101739 | C198: =2^mRNA.data.anova.results_filtere!C198 -> 413.00058 | D198: =2^mRNA.data.anova.results_filtere!D198 -> 445.72189 | E198: =2^mRNA.data.anova.results_filtere!E198 -> 233.94085 | F198: =2^mRNA.data.anova.results_filtere!F198 -> 427.56501 | G198: =2^mRNA.data.anova.results_filtere!G198 -> 328.55703 | H198: =2^mRNA.data.anova.results_filtere!H198 -> 359.53789 | I198: =2^mRNA.data.anova.results_filtere!I198 -> 215.26948 | J198: =2^mRNA.data.anova.results_filtere!J198 -> 436.54906 | L198: DFNA47
A199: ASAH3L | B199: 230379 | C199: =2^mRNA.data.anova.results_filtere!C199 -> 621.66778 | D199: =2^mRNA.data.anova.results_filtere!D199 -> 230.72012 | E199: =2^mRNA.data.anova.results_filtere!E199 -> 2759.1344 | F199: =2^mRNA.data.anova.results_filtere!F199 -> 321.79542 | G199: =2^mRNA.data.anova.results_filtere!G199 -> 484.38152 | H199: =2^mRNA.data.anova.results_filtere!H199 -> 382.68141 | I199: =2^mRNA.data.anova.results_filtere!I199 -> 4904.8728 | J199: =2^mRNA.data.anova.results_filtere!J199 -> 302.33412 | L199: DFNA47
A200: BNC2 | B200: 242509 | C200: =2^mRNA.data.anova.results_filtere!C200 -> 97.680589 | D200: =2^mRNA.data.anova.results_filtere!D200 -> 235.56804 | E200: =2^mRNA.data.anova.results_filtere!E200 -> 95.670352 | F200: =2^mRNA.data.anova.results_filtere!F200 -> 167.73036 | G200: =2^mRNA.data.anova.results_filtere!G200 -> 129.78681 | H200: =2^mRNA.data.anova.results_filtere!H200 -> 177.29401 | I200: =2^mRNA.data.anova.results_filtere!I200 -> 93.054241 | J200: =2^mRNA.data.anova.results_filtere!J200 -> 592.22435 | L200: DFNA47
A201: FOXG1 | B201: 15228 | C201: =2^mRNA.data.anova.results_filtere!C201 -> 1640.5911 | D201: =2^mRNA.data.anova.results_filtere!D201 -> 143.01275 | E201: =2^mRNA.data.anova.results_filtere!E201 -> 96.335792 | F201: =2^mRNA.data.anova.results_filtere!F201 -> 144.00749 | G201: =2^mRNA.data.anova.results_filtere!G201 -> 233.94085 | H201: =2^mRNA.data.anova.results_filtere!H201 -> 88.034676 | I201: =2^mRNA.data.anova.results_filtere!I201 -> 88.034676 | J201: =2^mRNA.data.anova.results_filtere!J201 -> 90.509668 | L201: DFNA53 | M201: Yes
A202: IRF9 | B202: 16391 | C202: =2^mRNA.data.anova.results_filtere!C202 -> 177.29401 | D202: =2^mRNA.data.anova.results_filtere!D202 -> 152.21851 | E202: =2^mRNA.data.anova.results_filtere!E202 -> 333.14351 | F202: =2^mRNA.data.anova.results_filtere!F202 -> 156.49796 | G202: =2^mRNA.data.anova.results_filtere!G202 -> 159.78631 | H202: =2^mRNA.data.anova.results_filtere!H202 -> 155.41695 | I202: =2^mRNA.data.anova.results_filtere!I202 -> 359.53789 | J202: =2^mRNA.data.anova.results_filtere!J202 -> 229.12642 | L202: DFNA53
A203: NFATC4 | B203: 73181 | C203: =2^mRNA.data.anova.results_filtere!C203 -> 2977.7357 | D203: =2^mRNA.data.anova.results_filtere!D203 -> 1640.5911 | E203: =2^mRNA.data.anova.results_filtere!E203 -> 922.88047 | F203: =2^mRNA.data.anova.results_filtere!F203 -> 3743.0536 | G203: =2^mRNA.data.anova.results_filtere!G203 -> 2778.3257 | H203: =2^mRNA.data.anova.results_filtere!H203 -> 1884.5443 | I203: =2^mRNA.data.anova.results_filtere!I203 -> 1082.3865 | J203: =2^mRNA.data.anova.results_filtere!J203 -> 2977.7357 | L203: DFNA53
A204: ADCY4 | B204: 104110 | C204: =2^mRNA.data.anova.results_filtere!C204 -> 92.411469 | D204: =2^mRNA.data.anova.results_filtere!D204 -> 106.1529 | E204: =2^mRNA.data.anova.results_filtere!E204 -> 657.11406 | F204: =2^mRNA.data.anova.results_filtere!F204 -> 342.50945 | G204: =2^mRNA.data.anova.results_filtere!G204 -> 91.773136 | H204: =2^mRNA.data.anova.results_filtere!H204 -> 107.63474 | I204: =2^mRNA.data.anova.results_filtere!I204 -> 809.0023 | J204: =2^mRNA.data.anova.results_filtere!J204 -> 261.3791 | L204: DFNA53
A205: 2310014G06RIK | B205: 654795 | C205: =2^mRNA.data.anova.results_filtere!C205 -> 436.54906 | D205: =2^mRNA.data.anova.results_filtere!D205 -> 164.27851 | E205: =2^mRNA.data.anova.results_filtere!E205 -> 232.3249 | F205: =2^mRNA.data.anova.results_filtere!F205 -> 282.08771 | G205: =2^mRNA.data.anova.results_filtere!G205 -> 380.03803 | H205: =2^mRNA.data.anova.results_filtere!H205 -> 136.23938 | I205: =2^mRNA.data.anova.results_filtere!I205 -> 232.3249 | J205: =2^mRNA.data.anova.results_filtere!J205 -> 292.03551 | L205: DFNA53
A206: ANXA6 | B206: 11749 | C206: =2^mRNA.data.anova.results_filtere!C206 -> 205.07389 | D206: =2^mRNA.data.anova.results_filtere!D206 -> 196.72002 | E206: =2^mRNA.data.anova.results_filtere!E206 -> 398.93226 | F206: =2^mRNA.data.anova.results_filtere!F206 -> 261.3791 | G206: =2^mRNA.data.anova.results_filtere!G206 -> 227.54373 | H206: =2^mRNA.data.anova.results_filtere!H206 -> 212.3058 | I206: =2^mRNA.data.anova.results_filtere!I206 -> 401.70706 | J206: =2^mRNA.data.anova.results_filtere!J206 -> 242.19076 | L206: DFNA54
A207: ATOX1 | B207: 11927 | C207: =2^mRNA.data.anova.results_filtere!C207 -> 1296.1348 | D207: =2^mRNA.data.anova.results_filtere!D207 -> 803.41412 | E207: =2^mRNA.data.anova.results_filtere!E207 -> 1710.2601 | F207: =2^mRNA.data.anova.results_filtere!F207 -> 744.43393 | G207: =2^mRNA.data.anova.results_filtere!G207 -> 1152.0599 | H207: =2^mRNA.data.anova.results_filtere!H207 -> 719.07578 | I207: =2^mRNA.data.anova.results_filtere!I207 -> 1820.3498 | J207: =2^mRNA.data.anova.results_filtere!J207 -> 739.29175 | L207: DFNA54
A208: GM2A | B208: 14667 | C208: =2^mRNA.data.anova.results_filtere!C208 -> 2210.2594 | D208: =2^mRNA.data.anova.results_filtere!D208 -> 1341.8428 | E208: =2^mRNA.data.anova.results_filtere!E208 -> 867.0672 | F208: =2^mRNA.data.anova.results_filtere!F208 -> 1089.9151 | G208: =2^mRNA.data.anova.results_filtere!G208 -> 3147.5204 | H208: =2^mRNA.data.anova.results_filtere!H208 -> 1722.1559 | I208: =2^mRNA.data.anova.results_filtere!I208 -> 855.13003 | J208: =2^mRNA.data.anova.results_filtere!J208 -> 1370.0378 | L208: DFNA54
A209: GPX3 | B209: 14778 | C209: =2^mRNA.data.anova.results_filtere!C209 -> 153.27727 | D209: =2^mRNA.data.anova.results_filtere!D209 -> 98.360012 | E209: =2^mRNA.data.anova.results_filtere!E209 -> 135.29831 | F209: =2^mRNA.data.anova.results_filtere!F209 -> 100.42676 | G209: =2^mRNA.data.anova.results_filtere!G209 -> 680.28714 | H209: =2^mRNA.data.anova.results_filtere!H209 -> 126.23779 | I209: =2^mRNA.data.anova.results_filtere!I209 -> 120.25891 | J209: =2^mRNA.data.anova.results_filtere!J209 -> 148.05609 | L209: DFNA54
A210: PDGFRB | B210: 18596 | C210: =2^mRNA.data.anova.results_filtere!C210 -> 90.509668 | D210: =2^mRNA.data.anova.results_filtere!D210 -> 126.23779 | E210: =2^mRNA.data.anova.results_filtere!E210 -> 93.701485 | F210: =2^mRNA.data.anova.results_filtere!F210 -> 195.36118 | G210: =2^mRNA.data.anova.results_filtere!G210 -> 93.701485 | H210: =2^mRNA.data.anova.results_filtere!H210 -> 154.3434 | I210: =2^mRNA.data.anova.results_filtere!I210 -> 92.411469 | J210: =2^mRNA.data.anova.results_filtere!J210 -> 190.01902 | L210: DFNA54
A211: SPARC | B211: 20692 | C211: =2^mRNA.data.anova.results_filtere!C211 -> 3350.1268 | D211: =2^mRNA.data.anova.results_filtere!D211 -> 2916.4548 | E211: =2^mRNA.data.anova.results_filtere!E211 -> 4705.0685 | F211: =2^mRNA.data.anova.results_filtere!F211 -> 2194.9921 | G211: =2^mRNA.data.anova.results_filtere!G211 -> 4011.7055 | H211: =2^mRNA.data.anova.results_filtere!H211 -> 3516.684 | I211: =2^mRNA.data.anova.results_filtere!I211 -> 5007.9346 | J211: =2^mRNA.data.anova.results_filtere!J211 -> 2896.3094 | L211: DFNA54
A212: DPYSL3 | B212: 22240 | C212: =2^mRNA.data.anova.results_filtere!C212 -> 141.04385 | D212: =2^mRNA.data.anova.results_filtere!D212 -> 216.7668 | E212: =2^mRNA.data.anova.results_filtere!E212 -> 113.77186 | F212: =2^mRNA.data.anova.results_filtere!F212 -> 415.87323 | G212: =2^mRNA.data.anova.results_filtere!G212 -> 210.8393 | H212: =2^mRNA.data.anova.results_filtere!H212 -> 188.70646 | I212: =2^mRNA.data.anova.results_filtere!I212 -> 125.3658 | J212: =2^mRNA.data.anova.results_filtere!J212 -> 215.26948 | L212: DFNA54
A213: SPINK5 | B213: 72432 | C213: =2^mRNA.data.anova.results_filtere!C213 -> 290.01827 | D213: =2^mRNA.data.anova.results_filtere!D213 -> 86.822677 | E213: =2^mRNA.data.anova.results_filtere!E213 -> 82.710581 | F213: =2^mRNA.data.anova.results_filtere!F213 -> 83.285879 | G213: =2^mRNA.data.anova.results_filtere!G213 -> 86.822677 | H213: =2^mRNA.data.anova.results_filtere!H213 -> 87.426576 | I213: =2^mRNA.data.anova.results_filtere!I213 -> 91.773136 | J213: =2^mRNA.data.anova.results_filtere!J213 -> 88.647006 | L213: DFNA54
... A218: RNASEH2A | B218: 69724 | C218: =2^mRNA.data.anova.results_filtere!C218 -> 166.57176 | D218: =2^mRNA.data.anova.results_filtere!D218 -> 306.55455 | E218: =2^mRNA.data.anova.results_filtere!E218 -> 256 | F218: =2^mRNA.data.anova.results_filtere!F218 -> 210.8393 | G218: =2^mRNA.data.anova.results_filtere!G218 -> 195.36118 | H218: =2^mRNA.data.anova.results_filtere!H218 -> 333.14351 | I218: =2^mRNA.data.anova.results_filtere!I218 -> 237.20654 | J218: =2^mRNA.data.anova.results_filtere!J218 -> 187.40297 | L218: DFNA57
A219: ATP1B1 | B219: 11931 | C219: =2^mRNA.data.anova.results_filtere!C219 -> 3373.4288 | D219: =2^mRNA.data.anova.results_filtere!D219 -> 1200.983 | E219: =2^mRNA.data.anova.results_filtere!E219 -> 212.3058 | F219: =2^mRNA.data.anova.results_filtere!F219 -> 556.40825 | G219: =2^mRNA.data.anova.results_filtere!G219 -> 2336.2841 | H219: =2^mRNA.data.anova.results_filtere!H219 -> 781.44471 | I219: =2^mRNA.data.anova.results_filtere!I219 -> 349.70631 | J219: =2^mRNA.data.anova.results_filtere!J219 -> 955.42578 | L219: DFNA7 | M219: Yes
A220: PRRX1 | B220: 18933 | C220: =2^mRNA.data.anova.results_filtere!C220 -> 93.054241 | D220: =2^mRNA.data.anova.results_filtere!D220 -> 103.25015 | E220: =2^mRNA.data.anova.results_filtere!E220 -> 95.670352 | F220: =2^mRNA.data.anova.results_filtere!F220 -> 300.24575 | G220: =2^mRNA.data.anova.results_filtere!G220 -> 95.009509 | H220: =2^mRNA.data.anova.results_filtere!H220 -> 148.05609 | I220: =2^mRNA.data.anova.results_filtere!I220 -> 101.82867 | J220: =2^mRNA.data.anova.results_filtere!J220 -> 461.44024 | L220: DFNA7
...

Sheet Differentially exp in M7
A1: probeid | B1: geneid | C1: Cs | D1: Cn | E1: Cb | F1: Cm | G1: Vs | H1: Vn | I1: Vb | J1: Vm | L1: deaf.loci | M1: Matisse module 7
A2: ROBO1 | B2: 19876 | C2: =2^mRNA.data.anova.results_filtere!C34 -> 792.35328 | D2: =2^mRNA.data.anova.results_filtere!D34 -> 190.01902 | E2: =2^mRNA.data.anova.results_filtere!E34 -> 630.34594 | F2: =2^mRNA.data.anova.results_filtere!F34 -> 1152.0599 | G2: =2^mRNA.data.anova.results_filtere!G34 -> 770.68633 | H2: =2^mRNA.data.anova.results_filtere!H34 -> 166.57176 | I2: =2^mRNA.data.anova.results_filtere!I34 -> 298.1718 | J2: =2^mRNA.data.anova.results_filtere!J34 -> 770.68633 | L2: DFNA18 | M2: Yes
A3: EPHB1 | B3: 270190 | C3: =2^mRNA.data.anova.results_filtere!C81 -> 625.99182 | D3: =2^mRNA.data.anova.results_filtere!D81 -> 564.17542 | E3: =2^mRNA.data.anova.results_filtere!E81 -> 474.41309 | F3: =2^mRNA.data.anova.results_filtere!F81 -> 200.85353 | G3: =2^mRNA.data.anova.results_filtere!G81 -> 968.76303 | H3: =2^mRNA.data.anova.results_filtere!H81 -> 533.74247 | I3: =2^mRNA.data.anova.results_filtere!I81 -> 294.06678 | J3: =2^mRNA.data.anova.results_filtere!J81 -> 203.65734 | L3: DFNA18 | M3: Yes
A4: ANPEP | B4: 16790 | C4: =2^mRNA.data.anova.results_filtere!C104 -> 221.32153 | D4: =2^mRNA.data.anova.results_filtere!D104 -> 116.16245 | E4: =2^mRNA.data.anova.results_filtere!E104 -> 95.670352 | F4: =2^mRNA.data.anova.results_filtere!F104 -> 173.64535 | G4: =2^mRNA.data.anova.results_filtere!G104 -> 494.5594 | H4: =2^mRNA.data.anova.results_filtere!H104 -> 131.59857 | I4: =2^mRNA.data.anova.results_filtere!I104 -> 95.009509 | J4: =2^mRNA.data.anova.results_filtere!J104 -> 183.54627 | L4: DFNA30 | M4: Yes
A5: GAD1 | B5: 14415 | C5: =2^mRNA.data.anova.results_filtere!C144 -> 212.3058 | D5: =2^mRNA.data.anova.results_filtere!D144 -> 91.139213 | E5: =2^mRNA.data.anova.results_filtere!E144 -> 94.35323 | F5: =2^mRNA.data.anova.results_filtere!F144 -> 88.647006 | G5: =2^mRNA.data.anova.results_filtere!G144 -> 206.50029 | H5: =2^mRNA.data.anova.results_filtere!H144 -> 91.139213 | I5: =2^mRNA.data.anova.results_filtere!I144 -> 92.411469 | J5: =2^mRNA.data.anova.results_filtere!J144 -> 97.00586 | L5: DFNA43 | M5: Yes
A6: PKP4 | B6: 227937 | C6: =2^mRNA.data.anova.results_filtere!C187 -> 1478.5835 | D6: =2^mRNA.data.anova.results_filtere!D187 -> 227.54373 | E6: =2^mRNA.data.anova.results_filtere!E187 -> 576.02994 | F6: =2^mRNA.data.anova.results_filtere!F187 -> 292.03551 | G6: =2^mRNA.data.anova.results_filtere!G187 -> 657.11406 | H6: =2^mRNA.data.anova.results_filtere!H187 -> 192.67158 | I6: =2^mRNA.data.anova.results_filtere!I187 -> 630.34594 | J6: =2^mRNA.data.anova.results_filtere!J187 -> 415.87323 | L6: DFNA43 | M6: Yes
A7: FOXG1 | B7: 15228 | C7: =2^mRNA.data.anova.results_filtere!C201 -> 1640.5911 | D7: =2^mRNA.data.anova.results_filtere!D201 -> 143.01275 | E7: =2^mRNA.data.anova.results_filtere!E201 -> 96.335792 | F7: =2^mRNA.data.anova.results_filtere!F201 -> 144.00749 | G7: =2^mRNA.data.anova.results_filtere!G201 -> 233.94085 | H7: =2^mRNA.data.anova.results_filtere!H201 -> 88.034676 | I7: =2^mRNA.data.anova.results_filtere!I201 -> 88.034676 | J7: =2^mRNA.data.anova.results_filtere!J201 -> 90.509668 | L7: DFNA53 | M7: Yes
A8: ATP1B1 | B8: 11931 | C8: =2^mRNA.data.anova.results_filtere!C219 -> 3373.4288 | D8: =2^mRNA.data.anova.results_filtere!D219 -> 1200.983 | E8: =2^mRNA.data.anova.results_filtere!E219 -> 212.3058 | F8: =2^mRNA.data.anova.results_filtere!F219 -> 556.40825 | G8: =2^mRNA.data.anova.results_filtere!G219 -> 2336.2841 | H8: =2^mRNA.data.anova.results_filtere!H219 -> 781.44471 | I8: =2^mRNA.data.anova.results_filtere!I219 -> 349.70631 | J8: =2^mRNA.data.anova.results_filtere!J219 -> 955.42578 | L8: DFNA7 | M8: Yes
A9: NME7 | B9: 171567 | C9: =2^mRNA.data.anova.results_filtere!C232 -> 1910.8516 | D9: =2^mRNA.data.anova.results_filtere!D232 -> 885.28612 | E9: =2^mRNA.data.anova.results_filtere!E232 -> 247.2797 | F9: =2^mRNA.data.anova.results_filtere!F232 -> 501.46319 | G9: =2^mRNA.data.anova.results_filtere!G232 -> 1341.8428 | H9: =2^mRNA.data.anova.results_filtere!H232 -> 724.07734 | I9: =2^mRNA.data.anova.results_filtere!I232 -> 317.36517 | J9: =2^mRNA.data.anova.results_filtere!J232 -> 729.1137 | L9: DFNA7 | M9: Yes
A10: PFN2 | B10: 18645 | C10: =2^mRNA.data.anova.results_filtere!C243 -> 942.27215 | D10: =2^mRNA.data.anova.results_filtere!D243 -> 652.57504 | E10: =2^mRNA.data.anova.results_filtere!E243 -> 319.57262 | F10: =2^mRNA.data.anova.results_filtere!F243 -> 873.09813 | G10: =2^mRNA.data.anova.results_filtere!G243 -> 837.53171 | H10: =2^mRNA.data.anova.results_filtere!H243 -> 522.75821 | I10: =2^mRNA.data.anova.results_filtere!I243 -> 344.8918 | J10: =2^mRNA.data.anova.results_filtere!J243 -> 1031.1225 | L10: DFNB15 | M10: Yes
A11: SMARCA5 | B11: 93762 | C11: =2^mRNA.data.anova.results_filtere!C270 -> 1573.7602 | D11: =2^mRNA.data.anova.results_filtere!D270 -> 1722.1559 | E11: =2^mRNA.data.anova.results_filtere!E270 -> 879.17101 | F11: =2^mRNA.data.anova.results_filtere!F270 -> 1663.4929 | G11: =2^mRNA.data.anova.results_filtere!G270 -> 1652.0023 | H11: =2^mRNA.data.anova.results_filtere!H270 -> 1541.3727 | I11: =2^mRNA.data.anova.results_filtere!I270 -> 826.00116 | J11: =2^mRNA.data.anova.results_filtere!J270 -> 1269.4607 | L11: DFNB26 | M11: Yes
A12: EPB4.1L3 | B12: 13823 | C12: =2^mRNA.data.anova.results_filtere!C316 -> 427.56501 | D12: =2^mRNA.data.anova.results_filtere!D316 -> 494.5594 | E12: =2^mRNA.data.anova.results_filtere!E316 -> 103.96831 | F12: =2^mRNA.data.anova.results_filtere!F316 -> 377.41292 | G12: =2^mRNA.data.anova.results_filtere!G316 -> 240.51782 | H12: =2^mRNA.data.anova.results_filtere!H316 -> 467.8817 | I12: =2^mRNA.data.anova.results_filtere!I316 -> 101.82867 | J12: =2^mRNA.data.anova.results_filtere!J316 -> 515.56124 | L12: DFNB46 | M12: Yes
A13: RCN2 | B13: 26611 | C13: =2^mRNA.data.anova.results_filtere!C332 -> 436.54906 | D13: =2^mRNA.data.anova.results_filtere!D332 -> 280.13919 | E13: =2^mRNA.data.anova.results_filtere!E332 -> 210.8393 | F13: =2^mRNA.data.anova.results_filtere!F332 -> 410.14778 | G13: =2^mRNA.data.anova.results_filtere!G332 -> 364.55685 | H13: =2^mRNA.data.anova.results_filtere!H332 -> 227.54373 | I13: =2^mRNA.data.anova.results_filtere!I332 -> 213.78251 | J13: =2^mRNA.data.anova.results_filtere!J332 -> 410.14778 | L13: DFNB48 | M13: Yes
A14: BBS4 | B14: 102774 | C14: =2^mRNA.data.anova.results_filtere!C339 -> 580.03655 | D14: =2^mRNA.data.anova.results_filtere!D339 -> 344.8918 | E14: =2^mRNA.data.anova.results_filtere!E339 -> 233.94085 | F14: =2^mRNA.data.anova.results_filtere!F339 -> 533.74247 | G14: =2^mRNA.data.anova.results_filtere!G339 -> 526.39428 | H14: =2^mRNA.data.anova.results_filtere!H339 -> 328.55703 | I14: =2^mRNA.data.anova.results_filtere!I339 -> 192.67158 | J14: =2^mRNA.data.anova.results_filtere!J339 -> 625.99182 | L14: DFNB48 | M14: Yes
A15: GRIP1 | B15: 74053 | C15: =2^mRNA.data.anova.results_filtere!C381 -> 194.01172 | D15: =2^mRNA.data.anova.results_filtere!D381 -> 140.06959 | E15: =2^mRNA.data.anova.results_filtere!E381 -> 106.1529 | F15: =2^mRNA.data.anova.results_filtere!F381 -> 324.03369 | G15: =2^mRNA.data.anova.results_filtere!G381 -> 218.27453 | H15: =2^mRNA.data.anova.results_filtere!H381 -> 130.68955 | I15: =2^mRNA.data.anova.results_filtere!I381 -> 96.335792 | J15: =2^mRNA.data.anova.results_filtere!J381 -> 261.3791 | L15: DFNB74 | M15: Yes
A17: LECT1 | B17: 16840 | C17: =2^mRNA.data.anova.results_filtere!C2 -> 2005.8528 | D17: =2^mRNA.data.anova.results_filtere!D2 -> 120.25891 | E17: =2^mRNA.data.anova.results_filtere!E2 -> 108.3834 | F17: =2^mRNA.data.anova.results_filtere!F2 -> 106.89125 | G17: =2^mRNA.data.anova.results_filtere!G2 -> 1226.2182 | H17: =2^mRNA.data.anova.results_filtere!H2 -> 106.89125 | I17: =2^mRNA.data.anova.results_filtere!I2 -> 97.00586 | J17: =2^mRNA.data.anova.results_filtere!J2 -> 137.187 | L17: AUNA1 | M17: No
A18: THSD1 | B18: 56229 | C18: =2^mRNA.data.anova.results_filtere!C3 -> 111.43047 | D18: =2^mRNA.data.anova.results_filtere!D3 -> 117.78402 | E18: =2^mRNA.data.anova.results_filtere!E3 -> 709.17605 | F18: =2^mRNA.data.anova.results_filtere!F3 -> 105.41965 | G18: =2^mRNA.data.anova.results_filtere!G3 -> 129.78681 | H18: =2^mRNA.data.anova.results_filtere!H3 -> 116.16245 | I18: =2^mRNA.data.anova.results_filtere!I3 -> 714.10876 | J18: =2^mRNA.data.anova.results_filtere!J3 -> 134.36374 | L18: AUNA1 | M18: No
A19: DIAP3 | B19: 56419 | C19: =2^mRNA.data.anova.results_filtere!C4 -> 106.1529 | D19: =2^mRNA.data.anova.results_filtere!D4 -> 202.25058 | E19: =2^mRNA.data.anova.results_filtere!E4 -> 117.78402 | F19: =2^mRNA.data.anova.results_filtere!F4 -> 101.12529 | G19: =2^mRNA.data.anova.results_filtere!G4 -> 107.63474 | H19: =2^mRNA.data.anova.results_filtere!H4 -> 170.07178 | I19: =2^mRNA.data.anova.results_filtere!I4 -> 117.78402 | J19: =2^mRNA.data.anova.results_filtere!J4 -> 93.701485 | L19: AUNA1 | M19: No
A20: TRIM13 | B20: 66597 | C20: =2^mRNA.data.anova.results_filtere!C5 -> 117.78402 | D20: =2^mRNA.data.anova.results_filtere!D5 -> 218.27453 | E20: =2^mRNA.data.anova.results_filtere!E5 -> 104.69146 | F20: =2^mRNA.data.anova.results_filtere!F5 -> 99.04416 | G20: =2^mRNA.data.anova.results_filtere!G5 -> 112.20553 | H20: =2^mRNA.data.anova.results_filtere!H5 -> 227.54373 | I20: =2^mRNA.data.anova.results_filtere!I5 -> 107.63474 | J20: =2^mRNA.data.anova.results_filtere!J5 -> 104.69146 | L20: AUNA1 | M20: No
A21: P2RY5 | B21: 67168 | C21: =2^mRNA.data.anova.results_filtere!C6 -> 167.73036 | D21: =2^mRNA.data.anova.results_filtere!D6 -> 140.06959 | E21: =2^mRNA.data.anova.results_filtere!E6 -> 533.74247 | F21: =2^mRNA.data.anova.results_filtere!F6 -> 240.51782 | G21: =2^mRNA.data.anova.results_filtere!G6 -> 265.02782 | H21: =2^mRNA.data.anova.results_filtere!H6 -> 136.23938 | I21: =2^mRNA.data.anova.results_filtere!I6 -> 661.68465 | J21: =2^mRNA.data.anova.results_filtere!J6 -> 280.13919 | L21: AUNA1 | M21: No
A22: CAB39L | B22: 69008 | C22: =2^mRNA.data.anova.results_filtere!C7 -> 826.00116 | D22: =2^mRNA.data.anova.results_filtere!D7 -> 657.11406 | E22: =2^mRNA.data.anova.results_filtere!E7 -> 340.14357 | F22: =2^mRNA.data.anova.results_filtere!F7 -> 337.79403 | G22: =2^mRNA.data.anova.results_filtere!G7 -> 643.59085 | H22: =2^mRNA.data.anova.results_filtere!H7 -> 754.82584 | I22: =2^mRNA.data.anova.results_filtere!I7 -> 337.79403 | J22: =2^mRNA.data.anova.results_filtere!J7 -> 312.99591 | L22: AUNA1 | M22: No
A23: CKAP2 | B23: 80986 | C23: =2^mRNA.data.anova.results_filtere!C8 -> 85.627364 | D23: =2^mRNA.data.anova.results_filtere!D8 -> 232.3249 | E23: =2^mRNA.data.anova.results_filtere!E8 -> 308.6868 | F23: =2^mRNA.data.anova.results_filtere!F8 -> 147.03339 | G23: =2^mRNA.data.anova.results_filtere!G8 -> 103.96831 | H23: =2^mRNA.data.anova.results_filtere!H8 -> 235.56804 | I23: =2^mRNA.data.anova.results_filtere!I8 -> 172.4459 | J23: =2^mRNA.data.anova.results_filtere!J8 -> 118.60327 | L23: AUNA1 | M23: No
A24: PCDH17 | B24: 219228 | C24: =2^mRNA.data.anova.results_filtere!C9 -> 430.53896 | D24: =2^mRNA.data.anova.results_filtere!D9 -> 445.72189 | E24: =2^mRNA.data.anova.results_filtere!E9 -> 1698.4464 | F24: =2^mRNA.data.anova.results_filtere!F9 -> 537.45494 | G24: =2^mRNA.data.anova.results_filtere!G9 -> 515.56124 | H24: =2^mRNA.data.anova.results_filtere!H9 -> 484.38152 | I24: =2^mRNA.data.anova.results_filtere!I9 -> 1770.5722 | J24: =2^mRNA.data.anova.results_filtere!J9 -> 315.17297 | L24: AUNA1 | M24: No
A25: PCDH20 | B25: 219257 | C25: =2^mRNA.data.anova.results_filtere!C10 -> 123.63985 | D25: =2^mRNA.data.anova.results_filtere!D10 -> 92.411469 | E25: =2^mRNA.data.anova.results_filtere!E10 -> 88.647006 | F25: =2^mRNA.data.anova.results_filtere!F10 -> 87.426576 | G25: =2^mRNA.data.anova.results_filtere!G10 -> 424.61161 | H25: =2^mRNA.data.anova.results_filtere!H10 -> 148.05609 | I25: =2^mRNA.data.anova.results_filtere!I10 -> 91.773136 | J25: =2^mRNA.data.anova.results_filtere!J10 -> 88.034676 | L25: AUNA1 | M25: No
A26: BMX | B26: 12169 | C26: =2^mRNA.data.anova.results_filtere!C11 -> 96.335792 | D26: =2^mRNA.data.anova.results_filtere!D11 -> 94.35323 | E26: =2^mRNA.data.anova.results_filtere!E11 -> 156.49796 | F26: =2^mRNA.data.anova.results_filtere!F11 -> 93.701485 | G26: =2^mRNA.data.anova.results_filtere!G11 -> 98.360012 | H26: =2^mRNA.data.anova.results_filtere!H11 -> 95.009509 | I26: =2^mRNA.data.anova.results_filtere!I11 -> 230.72012 | J26: =2^mRNA.data.anova.results_filtere!J11 -> 93.054241 | L26: DFN6 | M26: No
A27: GPM6B | B27: 14758 | C27: =2^mRNA.data.anova.results_filtere!C12 -> 584.07102 | D27: =2^mRNA.data.anova.results_filtere!D12 -> 1595.7291 | E27: =2^mRNA.data.anova.results_filtere!E12 -> 298.1718 | F27: =2^mRNA.data.anova.results_filtere!F12 -> 955.42578 | G27: =2^mRNA.data.anova.results_filtere!G12 -> 448.82213 | H27: =2^mRNA.data.anova.results_filtere!H12 -> 1488.8679 | I27: =2^mRNA.data.anova.results_filtere!I12 -> 296.11218 | J27: =2^mRNA.data.anova.results_filtere!J12 -> 1089.9151 | L27: DFN6 | M27: No
A28: RAI2 | B28: 24004 | C28: =2^mRNA.data.anova.results_filtere!C13 -> 237.20654 | D28: =2^mRNA.data.anova.results_filtere!D13 -> 233.94085 | E28: =2^mRNA.data.anova.results_filtere!E13 -> 91.773136 | F28: =2^mRNA.data.anova.results_filtere!F13 -> 430.53896 | G28: =2^mRNA.data.anova.results_filtere!G13 -> 149.0859 | H28: =2^mRNA.data.anova.results_filtere!H13 -> 191.3407 | I28: =2^mRNA.data.anova.results_filtere!I13 -> 113.77186 | J28: =2^mRNA.data.anova.results_filtere!J13 -> 809.0023 | L28: DFN6 | M28: No
... A48: PTPRG | B48: 19270 | C48: =2^mRNA.data.anova.results_filtere!C33 -> 203.65734 | D48: =2^mRNA.data.anova.results_filtere!D33 -> 190.01902 | E48: =2^mRNA.data.anova.results_filtere!E33 -> 410.14778 | F48: =2^mRNA.data.anova.results_filtere!F33 -> 177.29401 | G48: =2^mRNA.data.anova.results_filtere!G33 -> 176.06935 | H48: =2^mRNA.data.anova.results_filtere!H33 -> 149.0859 | I48: =2^mRNA.data.anova.results_filtere!I33 -> 413.00058 | J48: =2^mRNA.data.anova.results_filtere!J33 -> 187.40297 | L48: DFNA18 | M48: No
A49: SEMA3B | B49: 20347 | C49: =2^mRNA.data.anova.results_filtere!C35 -> 182.27843 | D49: =2^mRNA.data.anova.results_filtere!D35 -> 380.03803 | E49: =2^mRNA.data.anova.results_filtere!E35 -> 108.3834 | F49: =2^mRNA.data.anova.results_filtere!F35 -> 99.733066 | G49: =2^mRNA.data.anova.results_filtere!G35 -> 213.78251 | H49: =2^mRNA.data.anova.results_filtere!H35 -> 442.64306 | I49: =2^mRNA.data.anova.results_filtere!I35 -> 108.3834 | J49: =2^mRNA.data.anova.results_filtere!J35 -> 100.42676 | L49: DFNA18 | M49: No
A50: SEMA3F | B50: 20350 | C50: =2^mRNA.data.anova.results_filtere!C36 -> 427.56501 | D50: =2^mRNA.data.anova.results_filtere!D36 -> 112.20553 | E50: =2^mRNA.data.anova.results_filtere!E36 -> 268.72747 | F50: =2^mRNA.data.anova.results_filtere!F36 -> 233.94085 | G50: =2^mRNA.data.anova.results_filtere!G36 -> 256 | H50: =2^mRNA.data.anova.results_filtere!H36 -> 111.43047 | I50: =2^mRNA.data.anova.results_filtere!I36 -> 213.78251 | J50: =2^mRNA.data.anova.results_filtere!J36 -> 304.43702 | L50: DFNA18 | M50: No
A51: SEMA5B | B51: 20357 | C51: =2^mRNA.data.anova.results_filtere!C37 -> 630.34594 | D51: =2^mRNA.data.anova.results_filtere!D37 -> 724.07734 | E51: =2^mRNA.data.anova.results_filtere!E37 -> 102.53694 | F51: =2^mRNA.data.anova.results_filtere!F37 -> 330.84232 | G51: =2^mRNA.data.anova.results_filtere!G37 -> 272.47877 | H51: =2^mRNA.data.anova.results_filtere!H37 -> 630.34594 | I51: =2^mRNA.data.anova.results_filtere!I37 -> 100.42676 | J51: =2^mRNA.data.anova.results_filtere!J37 -> 227.54373 | L51: DFNA18 | M51: No
A52: TRF | B52: 22041 | C52: =2^mRNA.data.anova.results_filtere!C38 -> 97.680589 | D52: =2^mRNA.data.anova.results_filtere!D38 -> 167.73036 | E52: =2^mRNA.data.anova.results_filtere!E38 -> 786.88009 | F52: =2^mRNA.data.anova.results_filtere!F38 -> 167.73036 | G52: =2^mRNA.data.anova.results_filtere!G38 -> 121.93766 | H52: =2^mRNA.data.anova.results_filtere!H38 -> 257.78062 | I52: =2^mRNA.data.anova.results_filtere!I38 -> 504.95114 | J52: =2^mRNA.data.anova.results_filtere!J38 -> 608.87404 | L52: DFNA18 | M52: No
A53: WNT5A | B53: 22418 | C53: =2^mRNA.data.anova.results_filtere!C39 -> 809.0023 | D53: =2^mRNA.data.anova.results_filtere!D39 -> 139.10206 | E53: =2^mRNA.data.anova.results_filtere!E39 -> 98.360012 | F53: =2^mRNA.data.anova.results_filtere!F39 -> 634.73034 | G53: =2^mRNA.data.anova.results_filtere!G39 -> 352.13871 | H53: =2^mRNA.data.anova.results_filtere!H39 -> 163.14376 | I53: =2^mRNA.data.anova.results_filtere!I39 -> 155.41695 | J53: =2^mRNA.data.anova.results_filtere!J39 -> 1305.1501 | L53: DFNA18 | M53: No
A54: FAIM | B54: 23873 | C54: =2^mRNA.data.anova.results_filtere!C40 -> 410.14778 | D54: =2^mRNA.data.anova.results_filtere!D40 -> 364.55685 | E54: =2^mRNA.data.anova.results_filtere!E40 -> 526.39428 | F54: =2^mRNA.data.anova.results_filtere!F40 -> 265.02782 | G54: =2^mRNA.data.anova.results_filtere!G40 -> 377.41292 | H54: =2^mRNA.data.anova.results_filtere!H40 -> 335.46071 | I54: =2^mRNA.data.anova.results_filtere!I40 -> 504.95114 | J54: =2^mRNA.data.anova.results_filtere!J40 -> 290.01827 | L54: DFNA18 | M54: No
A55: NEK4 | B55: 23955 | C55: =2^mRNA.data.anova.results_filtere!C41 -> 458.25284 | D55: =2^mRNA.data.anova.results_filtere!D41 -> 512 | E55: =2^mRNA.data.anova.results_filtere!E41 -> 165.42116 | F55: =2^mRNA.data.anova.results_filtere!F41 -> 413.00058 | G55: =2^mRNA.data.anova.results_filtere!G41 -> 592.22435 | H55: =2^mRNA.data.anova.results_filtere!H41 -> 584.07102 | I55: =2^mRNA.data.anova.results_filtere!I41 -> 245.57161 | J55: =2^mRNA.data.anova.results_filtere!J41 -> 442.64306 | L55: DFNA18 | M55: No
A56: TWF2 | B56: 23999 | C56: =2^mRNA.data.anova.results_filtere!C42 -> 154.3434 | D56: =2^mRNA.data.anova.results_filtere!D42 -> 172.4459 | E56: =2^mRNA.data.anova.results_filtere!E42 -> 306.55455 | F56: =2^mRNA.data.anova.results_filtere!F42 -> 157.58648 | G56: =2^mRNA.data.anova.results_filtere!G42 -> 274.37401 | H56: =2^mRNA.data.anova.results_filtere!H42 -> 142.02489 | I56: =2^mRNA.data.anova.results_filtere!I42 -> 347.29071 | J56: =2^mRNA.data.anova.results_filtere!J42 -> 167.73036 | L56: DFNA18 | M56: No
A57: SLCO2A1 | B57: 24059 | C57: =2^mRNA.data.anova.results_filtere!C43 -> 90.509668 | D57: =2^mRNA.data.anova.results_filtere!D43 -> 92.411469 | E57: =2^mRNA.data.anova.results_filtere!E43 -> 245.57161 | F57: =2^mRNA.data.anova.results_filtere!F43 -> 92.411469 | G57: =2^mRNA.data.anova.results_filtere!G43 -> 243.87533 | H57: =2^mRNA.data.anova.results_filtere!H43 -> 93.701485 | I57: =2^mRNA.data.anova.results_filtere!I43 -> 369.64587 | J57: =2^mRNA.data.anova.results_filtere!J43 -> 121.93766 | L57: DFNA18 | M57: No
A58: IL17RB | B58: 50905 | C58: =2^mRNA.data.anova.results_filtere!C44 -> 132.51391 | D58: =2^mRNA.data.anova.results_filtere!D44 -> 98.360012 | E58: =2^mRNA.data.anova.results_filtere!E44 -> 86.822677 | F58: =2^mRNA.data.anova.results_filtere!F44 -> 95.009509 | G58: =2^mRNA.data.anova.results_filtere!G44 -> 177.29401 | H58: =2^mRNA.data.anova.results_filtere!H44 -> 91.139213 | I58: =2^mRNA.data.anova.results_filtere!I44 -> 93.701485 | J58: =2^mRNA.data.anova.results_filtere!J44 -> 93.054241 | L58: DFNA18 | M58: No
A59: ST3GAL6 | B59: 54613 | C59: =2^mRNA.data.anova.results_filtere!C45 -> 106.89125 | D59: =2^mRNA.data.anova.results_filtere!D45 -> 98.360012 | E59: =2^mRNA.data.anova.results_filtere!E45 -> 477.71289 | F59: =2^mRNA.data.anova.results_filtere!F45 -> 118.60327 | G59: =2^mRNA.data.anova.results_filtere!G45 -> 101.82867 | H59: =2^mRNA.data.anova.results_filtere!H45 -> 95.009509 | I59: =2^mRNA.data.anova.results_filtere!I45 -> 455.08745 | J59: =2^mRNA.data.anova.results_filtere!J45 -> 119.42822 | L59: DFNA18 | M59: No
A60: PDZRN3 | B60: 55983 | C60: =2^mRNA.data.anova.results_filtere!C46 -> 165.42116 | D60: =2^mRNA.data.anova.results_filtere!D46 -> 680.28714 | E60: =2^mRNA.data.anova.results_filtere!E46 -> 112.98598 | F60: =2^mRNA.data.anova.results_filtere!F46 -> 380.03803 | G60: =2^mRNA.data.anova.results_filtere!G46 -> 259.57363 | H60: =2^mRNA.data.anova.results_filtere!H46 -> 519.14725 | I60: =2^mRNA.data.anova.results_filtere!I46 -> 109.89638 | J60: =2^mRNA.data.anova.results_filtere!J46 -> 544.95753 | L60: DFNA18 | M60: No
... A94: ROBO2 | B94: 268902 | C94: =2^mRNA.data.anova.results_filtere!C80 -> 225.97197 | D94: =2^mRNA.data.anova.results_filtere!D80 -> 103.96831 | E94: =2^mRNA.data.anova.results_filtere!E80 -> 95.670352 | F94: =2^mRNA.data.anova.results_filtere!F80 -> 268.72747 | G94: =2^mRNA.data.anova.results_filtere!G80 -> 104.69146 | H94: =2^mRNA.data.anova.results_filtere!H80 -> 99.04416 | I94: =2^mRNA.data.anova.results_filtere!I80 -> 97.680589 | J94: =2^mRNA.data.anova.results_filtere!J80 -> 165.42116 | L94: DFNA18 | M94: No
A95: FLNB | B95: 286940 | C95: =2^mRNA.data.anova.results_filtere!C82 -> 1398.8252 | D95: =2^mRNA.data.anova.results_filtere!D82 -> 948.82618 | E95: =2^mRNA.data.anova.results_filtere!E82 -> 1488.8679 | F95: =2^mRNA.data.anova.results_filtere!F82 -> 404.50115 | G95: =2^mRNA.data.anova.results_filtere!G82 -> 1287.1817 | H95: =2^mRNA.data.anova.results_filtere!H82 -> 803.41412 | I95: =2^mRNA.data.anova.results_filtere!I82 -> 1584.7066 | J95: =2^mRNA.data.anova.results_filtere!J82 -> 315.17297 | L95: DFNA18 | M95: No
A96: PARP14 | B96: 547253 | C96: =2^mRNA.data.anova.results_filtere!C83 -> 99.04416 | D96: =2^mRNA.data.anova.results_filtere!D83 -> 145.00914 | E96: =2^mRNA.data.anova.results_filtere!E83 -> 248.99967 | F96: =2^mRNA.data.anova.results_filtere!F83 -> 89.263595 | G96: =2^mRNA.data.anova.results_filtere!G83 -> 97.680589 | H96: =2^mRNA.data.anova.results_filtere!H83 -> 225.97197 | I96: =2^mRNA.data.anova.results_filtere!I83 -> 270.59662 | J96: =2^mRNA.data.anova.results_filtere!J83 -> 94.35323 | L96: DFNA18 | M96: No
A97: EDN1 | B97: 13614 | C97: =2^mRNA.data.anova.results_filtere!C84 -> 116.16245 | D97: =2^mRNA.data.anova.results_filtere!D84 -> 99.04416 | E97: =2^mRNA.data.anova.results_filtere!E84 -> 274.37401 | F97: =2^mRNA.data.anova.results_filtere!F84 -> 89.263595 | G97: =2^mRNA.data.anova.results_filtere!G84 -> 114.56321 | H97: =2^mRNA.data.anova.results_filtere!H84 -> 136.23938 | I97: =2^mRNA.data.anova.results_filtere!I84 -> 398.93226 | J97: =2^mRNA.data.anova.results_filtere!J84 -> 86.822677 | L97: DFNA21 | M97: No
A98: ID4 | B98: 15904 | C98: =2^mRNA.data.anova.results_filtere!C85 -> 424.61161 | D98: =2^mRNA.data.anova.results_filtere!D85 -> 464.64981 | E98: =2^mRNA.data.anova.results_filtere!E85 -> 118.60327 | F98: =2^mRNA.data.anova.results_filtere!F85 -> 104.69146 | G98: =2^mRNA.data.anova.results_filtere!G85 -> 519.14725 | H98: =2^mRNA.data.anova.results_filtere!H85 -> 359.53789 | I98: =2^mRNA.data.anova.results_filtere!I85 -> 122.78581 | J98: =2^mRNA.data.anova.results_filtere!J85 -> 110.66077 | L98: DFNA21 | M98: No
A99: ATXN1 | B99: 20238 | C99: =2^mRNA.data.anova.results_filtere!C86 -> 464.64981 | D99: =2^mRNA.data.anova.results_filtere!D86 -> 168.89701 | E99: =2^mRNA.data.anova.results_filtere!E86 -> 424.61161 | F99: =2^mRNA.data.anova.results_filtere!F86 -> 319.57262 | G99: =2^mRNA.data.anova.results_filtere!G86 -> 448.82213 | H99: =2^mRNA.data.anova.results_filtere!H86 -> 152.21851 | I99: =2^mRNA.data.anova.results_filtere!I86 -> 448.82213 | J99: =2^mRNA.data.anova.results_filtere!J86 -> 302.33412 | L99: DFNA21 | M99: No
A100: MBOAT1 | B100: 218121 | C100: =2^mRNA.data.anova.results_filtere!C87 -> 136.23938 | D100: =2^mRNA.data.anova.results_filtere!D87 -> 182.27843 | E100: =2^mRNA.data.anova.results_filtere!E87 -> 103.25015 | F100: =2^mRNA.data.anova.results_filtere!F87 -> 96.335792 | G100: =2^mRNA.data.anova.results_filtere!G87 -> 192.67158 | H100: =2^mRNA.data.anova.results_filtere!H87 -> 227.54373 | I100: =2^mRNA.data.anova.results_filtere!I87 -> 114.56321 | J100: =2^mRNA.data.anova.results_filtere!J87 -> 115.36006 | L100: DFNA21 | M100: No
A101: OTX2 | B101: 18424 | C101: =2^mRNA.data.anova.results_filtere!C88 -> 372.21696 | D101: =2^mRNA.data.anova.results_filtere!D88 -> 93.054241 | E101: =2^mRNA.data.anova.results_filtere!E88 -> 95.009509 | F101: =2^mRNA.data.anova.results_filtere!F88 -> 93.054241 | G101: =2^mRNA.data.anova.results_filtere!G88 -> 396.17664 | H101: =2^mRNA.data.anova.results_filtere!H88 -> 89.263595 | I101: =2^mRNA.data.anova.results_filtere!I88 -> 97.00586 | J101: =2^mRNA.data.anova.results_filtere!J88 -> 86.822677 | L101: DFNA23 | M101: No
A102: PRKCH | B102: 18755 | C102: =2^mRNA.data.anova.results_filtere!C89 -> 163.14376 | D102: =2^mRNA.data.anova.results_filtere!D89 -> 99.733066 | E102: =2^mRNA.data.anova.results_filtere!E89 -> 552.56486 | F102: =2^mRNA.data.anova.results_filtere!F89 -> 111.43047 | G102: =2^mRNA.data.anova.results_filtere!G89 -> 122.78581 | H102: =2^mRNA.data.anova.results_filtere!H89 -> 102.53694 | I102: =2^mRNA.data.anova.results_filtere!I89 -> 584.07102 | J102: =2^mRNA.data.anova.results_filtere!J89 -> 102.53694 | L102: DFNA23 | M102: No
A103: SIX1 | B103: 20471 | C103: =2^mRNA.data.anova.results_filtere!C90 -> 1067.4849 | D103: =2^mRNA.data.anova.results_filtere!D90 -> 144.00749 | E103: =2^mRNA.data.anova.results_filtere!E90 -> 97.00586 | F103: =2^mRNA.data.anova.results_filtere!F90 -> 734.18509 | G103: =2^mRNA.data.anova.results_filtere!G90 -> 704.27741 | H103: =2^mRNA.data.anova.results_filtere!H90 -> 116.97043 | I103: =2^mRNA.data.anova.results_filtere!I90 -> 95.670352 | J103: =2^mRNA.data.anova.results_filtere!J90 -> 458.25284 | L103: DFNA23 | M103: No
A104: 3632451O06RIK | B104: 67419 | C104: =2^mRNA.data.anova.results_filtere!C91 -> 136.23938 | D104: =2^mRNA.data.anova.results_filtere!D91 -> 166.57176 | E104: =2^mRNA.data.anova.results_filtere!E91 -> 97.680589 | F104: =2^mRNA.data.anova.results_filtere!F91 -> 259.57363 | G104: =2^mRNA.data.anova.results_filtere!G91 -> 181.01934 | H104: =2^mRNA.data.anova.results_filtere!H91 -> 216.7668 | I104: =2^mRNA.data.anova.results_filtere!I91 -> 97.00586 | J104: =2^mRNA.data.anova.results_filtere!J91 -> 471.13608 | L104: DFNA23 | M104: No
A105: RHOJ | B105: 80837 | C105: =2^mRNA.data.anova.results_filtere!C92 -> 144.00749 | D105: =2^mRNA.data.anova.results_filtere!D92 -> 487.75065 | E105: =2^mRNA.data.anova.results_filtere!E92 -> 1595.7291 | F105: =2^mRNA.data.anova.results_filtere!F92 -> 982.28646 | G105: =2^mRNA.data.anova.results_filtere!G92 -> 143.01275 | H105: =2^mRNA.data.anova.results_filtere!H92 -> 494.5594 | I105: =2^mRNA.data.anova.results_filtere!I92 -> 1389.1628 | J105: =2^mRNA.data.anova.results_filtere!J92 -> 1002.9264 | L105: DFNA23 | M105: No
A106: SGPP1 | B106: 81535 | C106: =2^mRNA.data.anova.results_filtere!C93 -> 1031.1225 | D106: =2^mRNA.data.anova.results_filtere!D93 -> 809.0023 | E106: =2^mRNA.data.anova.results_filtere!E93 -> 357.05438 | F106: =2^mRNA.data.anova.results_filtere!F93 -> 879.17101 | G106: =2^mRNA.data.anova.results_filtere!G93 -> 1016.9267 | H106: =2^mRNA.data.anova.results_filtere!H93 -> 625.99182 | I106: =2^mRNA.data.anova.results_filtere!I93 -> 455.08745 | J106: =2^mRNA.data.anova.results_filtere!J93 -> 1184.4487 | L106: DFNA23 | M106: No
... A116: FES | B116: 14159 | C116: =2^mRNA.data.anova.results_filtere!C103 -> 96.335792 | D116: =2^mRNA.data.anova.results_filtere!D103 -> 100.42676 | E116: =2^mRNA.data.anova.results_filtere!E103 -> 181.01934 | F116: =2^mRNA.data.anova.results_filtere!F103 -> 116.97043 | G116: =2^mRNA.data.anova.results_filtere!G103 -> 94.35323 | H116: =2^mRNA.data.anova.results_filtere!H103 -> 103.96831 | I116: =2^mRNA.data.anova.results_filtere!I103 -> 247.2797 | J116: =2^mRNA.data.anova.results_filtere!J103 -> 105.41965 | L116: DFNA30 | M116: No
A117: MFGE8 | B117: 17304 | C117: =2^mRNA.data.anova.results_filtere!C105 -> 879.17101 | D117: =2^mRNA.data.anova.results_filtere!D105 -> 617.37361 | E117: =2^mRNA.data.anova.results_filtere!E105 -> 2817.1096 | F117: =2^mRNA.data.anova.results_filtere!F105 -> 1152.0599 | G117: =2^mRNA.data.anova.results_filtere!G105 -> 1323.3693 | H117: =2^mRNA.data.anova.results_filtere!H105 -> 873.09813 | I117: =2^mRNA.data.anova.results_filtere!I105 -> 3444.3117 | J117: =2^mRNA.data.anova.results_filtere!J105 -> 1052.7886 | L117: DFNA30 | M117: No
A118: NTRK3 | B118: 18213 | C118: =2^mRNA.data.anova.results_filtere!C106 -> 101.12529 | D118: =2^mRNA.data.anova.results_filtere!D106 -> 145.00914 | E118: =2^mRNA.data.anova.results_filtere!E106 -> 103.96831 | F118: =2^mRNA.data.anova.results_filtere!F106 -> 238.85645 | G118: =2^mRNA.data.anova.results_filtere!G106 -> 160.89771 | H118: =2^mRNA.data.anova.results_filtere!H106 -> 270.59662 | I118: =2^mRNA.data.anova.results_filtere!I106 -> 131.59857 | J118: =2^mRNA.data.anova.results_filtere!J106 -> 369.64587 | L118: DFNA30 | M118: No
A119: PEX11A | B119: 18631 | C119: =2^mRNA.data.anova.results_filtere!C107 -> 290.01827 | D119: =2^mRNA.data.anova.results_filtere!D107 -> 215.26948 | E119: =2^mRNA.data.anova.results_filtere!E107 -> 97.680589 | F119: =2^mRNA.data.anova.results_filtere!F107 -> 221.32153 | G119: =2^mRNA.data.anova.results_filtere!G107 -> 257.78062 | H119: =2^mRNA.data.anova.results_filtere!H107 -> 233.94085 | I119: =2^mRNA.data.anova.results_filtere!I107 -> 108.3834 | J119: =2^mRNA.data.anova.results_filtere!J107 -> 245.57161 | L119: DFNA30 | M119: No
A120: RLBP1 | B120: 19771 | C120: =2^mRNA.data.anova.results_filtere!C108 -> 501.46319 | D120: =2^mRNA.data.anova.results_filtere!D108 -> 166.57176 | E120: =2^mRNA.data.anova.results_filtere!E108 -> 107.63474 | F120: =2^mRNA.data.anova.results_filtere!F108 -> 97.00586 | G120: =2^mRNA.data.anova.results_filtere!G108 -> 580.03655 | H120: =2^mRNA.data.anova.results_filtere!H108 -> 107.63474 | I120: =2^mRNA.data.anova.results_filtere!I108 -> 106.1529 | J120: =2^mRNA.data.anova.results_filtere!J108 -> 96.335792 | L120: DFNA30 | M120: No
A121: SEMA4B | B121: 20352 | C121: =2^mRNA.data.anova.results_filtere!C109 -> 861.07793 | D121: =2^mRNA.data.anova.results_filtere!D109 -> 729.1137 | E121: =2^mRNA.data.anova.results_filtere!E109 -> 222.86094 | F121: =2^mRNA.data.anova.results_filtere!F109 -> 820.29555 | G121: =2^mRNA.data.anova.results_filtere!G109 -> 1176.2671 | H121: =2^mRNA.data.anova.results_filtere!H109 -> 639.14524 | I121: =2^mRNA.data.anova.results_filtere!I109 -> 221.32153 | J121: =2^mRNA.data.anova.results_filtere!J109 -> 680.28714 | L121: DFNA30 | M121: No
A122: ST8SIA2 | B122: 20450 | C122: =2^mRNA.data.anova.results_filtere!C110 -> 165.42116 | D122: =2^mRNA.data.anova.results_filtere!D110 -> 129.78681 | E122: =2^mRNA.data.anova.results_filtere!E110 -> 97.680589 | F122: =2^mRNA.data.anova.results_filtere!F110 -> 150.12287 | G122: =2^mRNA.data.anova.results_filtere!G110 -> 300.24575 | H122: =2^mRNA.data.anova.results_filtere!H110 -> 99.04416 | I122: =2^mRNA.data.anova.results_filtere!I110 -> 91.773136 | J122: =2^mRNA.data.anova.results_filtere!J110 -> 138.14121 | L122: DFNA30 | M122: No
A123: IQGAP1 | B123: 29875 | C123: =2^mRNA.data.anova.results_filtere!C111 -> 266.87123 | D123: =2^mRNA.data.anova.results_filtere!D111 -> 215.26948 | E123: =2^mRNA.data.anova.results_filtere!E111 -> 385.34317 | F123: =2^mRNA.data.anova.results_filtere!F111 -> 290.01827 | G123: =2^mRNA.data.anova.results_filtere!G111 -> 224.41106 | H123: =2^mRNA.data.anova.results_filtere!H111 -> 265.02782 | I123: =2^mRNA.data.anova.results_filtere!I111 -> 430.53896 | J123: =2^mRNA.data.anova.results_filtere!J111 -> 298.1718 | L123: DFNA30 | M123: No
A124: ABHD2 | B124: 54608 | C124: =2^mRNA.data.anova.results_filtere!C112 -> 625.99182 | D124: =2^mRNA.data.anova.results_filtere!D112 -> 354.58802 | E124: =2^mRNA.data.anova.results_filtere!E112 -> 1192.6872 | F124: =2^mRNA.data.anova.results_filtere!F112 -> 613.1091 | G124: =2^mRNA.data.anova.results_filtere!G112 -> 749.61188 | H124: =2^mRNA.data.anova.results_filtere!H112 -> 415.87323 | I124: =2^mRNA.data.anova.results_filtere!I112 -> 1251.9836 | J124: =2^mRNA.data.anova.results_filtere!J112 -> 867.0672 | L124: DFNA30 | M124: No
A125: SV2B | B125: 64176 | C125: =2^mRNA.data.anova.results_filtere!C113 -> 304.43702 | D125: =2^mRNA.data.anova.results_filtere!D113 -> 202.25058 | E125: =2^mRNA.data.anova.results_filtere!E113 -> 91.139213 | F125: =2^mRNA.data.anova.results_filtere!F113 -> 109.89638 | G125: =2^mRNA.data.anova.results_filtere!G113 -> 112.98598 | H125: =2^mRNA.data.anova.results_filtere!H113 -> 150.12287 | I125: =2^mRNA.data.anova.results_filtere!I113 -> 94.35323 | J125: =2^mRNA.data.anova.results_filtere!J113 -> 104.69146 | L125: DFNA30 | M125: No
A126: HAPLN3 | B126: 67666 | C126: =2^mRNA.data.anova.results_filtere!C114 -> 99.733066 | D126: =2^mRNA.data.anova.results_filtere!D114 -> 99.733066 | E126: =2^mRNA.data.anova.results_filtere!E114 -> 195.36118 | F126: =2^mRNA.data.anova.results_filtere!F114 -> 98.360012 | G126: =2^mRNA.data.anova.results_filtere!G114 -> 96.335792 | H126: =2^mRNA.data.anova.results_filtere!H114 -> 104.69146 | I126: =2^mRNA.data.anova.results_filtere!I114 -> 152.21851 | J126: =2^mRNA.data.anova.results_filtere!J114 -> 104.69146 | L126: DFNA30 | M126: No
A127: MRPS11 | B127: 67994 | C127: =2^mRNA.data.anova.results_filtere!C115 -> 146.01776 | D127: =2^mRNA.data.anova.results_filtere!D115 -> 171.25473 | E127: =2^mRNA.data.anova.results_filtere!E115 -> 263.19714 | F127: =2^mRNA.data.anova.results_filtere!F115 -> 139.10206 | G127: =2^mRNA.data.anova.results_filtere!G115 -> 147.03339 | H127: =2^mRNA.data.anova.results_filtere!H115 -> 159.78631 | I127: =2^mRNA.data.anova.results_filtere!I115 -> 247.2797 | J127: =2^mRNA.data.anova.results_filtere!J115 -> 130.68955 | L127: DFNA30 | M127: No
A128: SLCO3A1 | B128: 108116 | C128: =2^mRNA.data.anova.results_filtere!C116 -> 205.07389 | D128: =2^mRNA.data.anova.results_filtere!D116 -> 248.99967 | E128: =2^mRNA.data.anova.results_filtere!E116 -> 117.78402 | F128: =2^mRNA.data.anova.results_filtere!F116 -> 143.01275 | G128: =2^mRNA.data.anova.results_filtere!G116 -> 268.72747 | H128: =2^mRNA.data.anova.results_filtere!H116 -> 188.70646 | I128: =2^mRNA.data.anova.results_filtere!I116 -> 121.09538 | J128: =2^mRNA.data.anova.results_filtere!J116 -> 150.12287 | L128: DFNA30 | M128: No
... A155: FHL2 | B155: 14200 | C155: =2^mRNA.data.anova.results_filtere!C143 -> 143.01275 | D155: =2^mRNA.data.anova.results_filtere!D143 -> 114.56321 | E155: =2^mRNA.data.anova.results_filtere!E143 -> 116.16245 | F155: =2^mRNA.data.anova.results_filtere!F143 -> 284.04978 | G155: =2^mRNA.data.anova.results_filtere!G143 -> 156.49796 | H155: =2^mRNA.data.anova.results_filtere!H143 -> 110.66077 | I155: =2^mRNA.data.anova.results_filtere!I143 -> 105.41965 | J155: =2^mRNA.data.anova.results_filtere!J143 -> 159.78631 | L155: DFNA43 | M155: No
A156: GALNT3 | B156: 14425 | C156: =2^mRNA.data.anova.results_filtere!C145 -> 178.52719 | D156: =2^mRNA.data.anova.results_filtere!D145 -> 124.49983 | E156: =2^mRNA.data.anova.results_filtere!E145 -> 97.00586 | F156: =2^mRNA.data.anova.results_filtere!F145 -> 89.263595 | G156: =2^mRNA.data.anova.results_filtere!G145 -> 344.8918 | H156: =2^mRNA.data.anova.results_filtere!H145 -> 142.02489 | I156: =2^mRNA.data.anova.results_filtere!I145 -> 93.054241 | J156: =2^mRNA.data.anova.results_filtere!J145 -> 98.360012 | L156: DFNA43 | M156: No
A157: GPD2 | B157: 14571 | C157: =2^mRNA.data.anova.results_filtere!C146 -> 792.35328 | D157: =2^mRNA.data.anova.results_filtere!D146 -> 404.50115 | E157: =2^mRNA.data.anova.results_filtere!E146 -> 367.09254 | F157: =2^mRNA.data.anova.results_filtere!F146 -> 232.3249 | G157: =2^mRNA.data.anova.results_filtere!G146 -> 639.14524 | H157: =2^mRNA.data.anova.results_filtere!H146 -> 477.71289 | I157: =2^mRNA.data.anova.results_filtere!I146 -> 404.50115 | J157: =2^mRNA.data.anova.results_filtere!J146 -> 290.01827 | L157: DFNA43 | M157: No
A158: LRP2 | B158: 14725 | C158: =2^mRNA.data.anova.results_filtere!C147 -> 448.82213 | D158: =2^mRNA.data.anova.results_filtere!D147 -> 93.054241 | E158: =2^mRNA.data.anova.results_filtere!E147 -> 94.35323 | F158: =2^mRNA.data.anova.results_filtere!F147 -> 89.884472 | G158: =2^mRNA.data.anova.results_filtere!G147 -> 242.19076 | H158: =2^mRNA.data.anova.results_filtere!H147 -> 93.054241 | I158: =2^mRNA.data.anova.results_filtere!I147 -> 91.773136 | J158: =2^mRNA.data.anova.results_filtere!J147 -> 89.263595 | L158: DFNA43 | M158: No
A159: IL1R1 | B159: 16177 | C159: =2^mRNA.data.anova.results_filtere!C148 -> 278.20412 | D159: =2^mRNA.data.anova.results_filtere!D148 -> 131.59857 | E159: =2^mRNA.data.anova.results_filtere!E148 -> 263.19714 | F159: =2^mRNA.data.anova.results_filtere!F148 -> 114.56321 | G159: =2^mRNA.data.anova.results_filtere!G148 -> 110.66077 | H159: =2^mRNA.data.anova.results_filtere!H148 -> 134.36374 | I159: =2^mRNA.data.anova.results_filtere!I148 -> 247.2797 | J159: =2^mRNA.data.anova.results_filtere!J148 -> 101.12529 | L159: DFNA43 | M159: No
A160: ITGB6 | B160: 16420 | C160: =2^mRNA.data.anova.results_filtere!C149 -> 533.74247 | D160: =2^mRNA.data.anova.results_filtere!D149 -> 92.411469 | E160: =2^mRNA.data.anova.results_filtere!E149 -> 98.360012 | F160: =2^mRNA.data.anova.results_filtere!F149 -> 90.509668 | G160: =2^mRNA.data.anova.results_filtere!G149 -> 111.43047 | H160: =2^mRNA.data.anova.results_filtere!H149 -> 90.509668 | I160: =2^mRNA.data.anova.results_filtere!I149 -> 93.054241 | J160: =2^mRNA.data.anova.results_filtere!J149 -> 91.773136 | L160: DFNA43 | M160: No
A161: MAL | B161: 17153 | C161: =2^mRNA.data.anova.results_filtere!C150 -> 588.13356 | D161: =2^mRNA.data.anova.results_filtere!D150 -> 942.27215 | E161: =2^mRNA.data.anova.results_filtere!E150 -> 342.50945 | F161: =2^mRNA.data.anova.results_filtere!F150 -> 100.42676 | G161: =2^mRNA.data.anova.results_filtere!G150 -> 630.34594 | H161: =2^mRNA.data.anova.results_filtere!H150 -> 1360.5743 | I161: =2^mRNA.data.anova.results_filtere!I150 -> 413.00058 | J161: =2^mRNA.data.anova.results_filtere!J150 -> 124.49983 | L161: DFNA43 | M161: No
A162: MCM6 | B162: 17219 | C162: =2^mRNA.data.anova.results_filtere!C151 -> 439.5855 | D162: =2^mRNA.data.anova.results_filtere!D151 -> 831.74645 | E162: =2^mRNA.data.anova.results_filtere!E151 -> 922.88047 | F162: =2^mRNA.data.anova.results_filtere!F151 -> 734.18509 | G162: =2^mRNA.data.anova.results_filtere!G151 -> 530.05564 | H162: =2^mRNA.data.anova.results_filtere!H151 -> 820.29555 | I162: =2^mRNA.data.anova.results_filtere!I151 -> 776.04688 | J162: =2^mRNA.data.anova.results_filtere!J151 -> 657.11406 | L162: DFNA43 | M162: No
A163: PTPN18 | B163: 19253 | C163: =2^mRNA.data.anova.results_filtere!C152 -> 95.009509 | D163: =2^mRNA.data.anova.results_filtere!D152 -> 96.335792 | E163: =2^mRNA.data.anova.results_filtere!E152 -> 203.65734 | F163: =2^mRNA.data.anova.results_filtere!F152 -> 97.00586 | G163: =2^mRNA.data.anova.results_filtere!G152 -> 95.009509 | H163: =2^mRNA.data.anova.results_filtere!H152 -> 102.53694 | I163: =2^mRNA.data.anova.results_filtere!I152 -> 153.27727 | J163: =2^mRNA.data.anova.results_filtere!J152 -> 99.733066 | L163: DFNA43 | M163: No
A164: ST3GAL5 | B164: 20454 | C164: =2^mRNA.data.anova.results_filtere!C153 -> 885.28612 | D164: =2^mRNA.data.anova.results_filtere!D153 -> 955.42578 | E164: =2^mRNA.data.anova.results_filtere!E153 -> 867.0672 | F164: =2^mRNA.data.anova.results_filtere!F153 -> 276.28243 | G164: =2^mRNA.data.anova.results_filtere!G153 -> 1964.5729 | H164: =2^mRNA.data.anova.results_filtere!H153 -> 1060.1113 | I164: =2^mRNA.data.anova.results_filtere!I153 -> 879.17101 | J164: =2^mRNA.data.anova.results_filtere!J153 -> 315.17297 | L164: DFNA43 | M164: No
A165: VAMP8 | B165: 22320 | C165: =2^mRNA.data.anova.results_filtere!C154 -> 541.19324 | D165: =2^mRNA.data.anova.results_filtere!D154 -> 266.87123 | E165: =2^mRNA.data.anova.results_filtere!E154 -> 410.14778 | F165: =2^mRNA.data.anova.results_filtere!F154 -> 261.3791 | G165: =2^mRNA.data.anova.results_filtere!G154 -> 604.66824 | H165: =2^mRNA.data.anova.results_filtere!H154 -> 292.03551 | I165: =2^mRNA.data.anova.results_filtere!I154 -> 491.14323 | J165: =2^mRNA.data.anova.results_filtere!J154 -> 333.14351 | L165: DFNA43 | M165: No
A166: ZEB2 | B166: 24136 | C166: =2^mRNA.data.anova.results_filtere!C155 -> 100.42676 | D166: =2^mRNA.data.anova.results_filtere!D155 -> 2304.1198 | E166: =2^mRNA.data.anova.results_filtere!E155 -> 286.02551 | F166: =2^mRNA.data.anova.results_filtere!F155 -> 1038.2945 | G166: =2^mRNA.data.anova.results_filtere!G155 -> 179.76894 | H166: =2^mRNA.data.anova.results_filtere!H155 -> 2610.3002 | I166: =2^mRNA.data.anova.results_filtere!I155 -> 319.57262 | J166: =2^mRNA.data.anova.results_filtere!J155 -> 556.40825 | L166: DFNA43 | M166: No
A167: B3GALT1 | B167: 26877 | C167: =2^mRNA.data.anova.results_filtere!C156 -> 109.13727 | D167: =2^mRNA.data.anova.results_filtere!D156 -> 126.23779 | E167: =2^mRNA.data.anova.results_filtere!E156 -> 91.773136 | F167: =2^mRNA.data.anova.results_filtere!F156 -> 328.55703 | G167: =2^mRNA.data.anova.results_filtere!G156 -> 133.43562 | H167: =2^mRNA.data.anova.results_filtere!H156 -> 117.78402 | I167: =2^mRNA.data.anova.results_filtere!I156 -> 89.263595 | J167: =2^mRNA.data.anova.results_filtere!J156 -> 266.87123 | L167: DFNA43 | M167: No
... A197: LIMS2 | B197: 225341 | C197: =2^mRNA.data.anova.results_filtere!C186 -> 132.51391 | D197: =2^mRNA.data.anova.results_filtere!D186 -> 167.73036 | E197: =2^mRNA.data.anova.results_filtere!E186 -> 203.65734 | F197: =2^mRNA.data.anova.results_filtere!F186 -> 123.63985 | G197: =2^mRNA.data.anova.results_filtere!G186 -> 111.43047 | H197: =2^mRNA.data.anova.results_filtere!H186 -> 219.79275 | I197: =2^mRNA.data.anova.results_filtere!I186 -> 250.7316 | J197: =2^mRNA.data.anova.results_filtere!J186 -> 129.78681 | L197: DFNA43 | M197: No
A198: XIRP2 | B198: 241431 | C198: =2^mRNA.data.anova.results_filtere!C188 -> 101.82867 | D198: =2^mRNA.data.anova.results_filtere!D188 -> 89.263595 | E198: =2^mRNA.data.anova.results_filtere!E188 -> 95.009509 | F198: =2^mRNA.data.anova.results_filtere!F188 -> 86.222949 | G198: =2^mRNA.data.anova.results_filtere!G188 -> 243.87533 | H198: =2^mRNA.data.anova.results_filtere!H188 -> 88.034676 | I198: =2^mRNA.data.anova.results_filtere!I188 -> 93.701485 | J198: =2^mRNA.data.anova.results_filtere!J188 -> 89.263595 | L198: DFNA43 | M198: No
A199: LASS6 | B199: 241447 | C199: =2^mRNA.data.anova.results_filtere!C189 -> 321.79542 | D199: =2^mRNA.data.anova.results_filtere!D189 -> 141.04385 | E199: =2^mRNA.data.anova.results_filtere!E189 -> 152.21851 | F199: =2^mRNA.data.anova.results_filtere!F189 -> 286.02551 | G199: =2^mRNA.data.anova.results_filtere!G189 -> 385.34317 | H199: =2^mRNA.data.anova.results_filtere!H189 -> 135.29831 | I199: =2^mRNA.data.anova.results_filtere!I189 -> 139.10206 | J199: =2^mRNA.data.anova.results_filtere!J189 -> 286.02551 | L199: DFNA43 | M199: No
A200: COBLL1 | B200: 319876 | C200: =2^mRNA.data.anova.results_filtere!C190 -> 121.93766 | D200: =2^mRNA.data.anova.results_filtere!D190 -> 108.3834 | E200: =2^mRNA.data.anova.results_filtere!E190 -> 317.36517 | F200: =2^mRNA.data.anova.results_filtere!F190 -> 116.97043 | G200: =2^mRNA.data.anova.results_filtere!G190 -> 195.36118 | H200: =2^mRNA.data.anova.results_filtere!H190 -> 105.41965 | I200: =2^mRNA.data.anova.results_filtere!I190 -> 324.03369 | J200: =2^mRNA.data.anova.results_filtere!J190 -> 103.96831 | L200: DFNA43 | M200: No
A201: LYPD6 | B201: 320343 | C201: =2^mRNA.data.anova.results_filtere!C191 -> 259.57363 | D201: =2^mRNA.data.anova.results_filtere!D191 -> 147.03339 | E201: =2^mRNA.data.anova.results_filtere!E191 -> 101.82867 | F201: =2^mRNA.data.anova.results_filtere!F191 -> 494.5594 | G201: =2^mRNA.data.anova.results_filtere!G191 -> 131.59857 | H201: =2^mRNA.data.anova.results_filtere!H191 -> 240.51782 | I201: =2^mRNA.data.anova.results_filtere!I191 -> 103.25015 | J201: =2^mRNA.data.anova.results_filtere!J191 -> 719.07578 | L201: DFNA43 | M201: No
A202: NOSTRIN | B202: 329416 | C202: =2^mRNA.data.anova.results_filtere!C192 -> 93.054241 | D202: =2^mRNA.data.anova.results_filtere!D192 -> 97.00586 | E202: =2^mRNA.data.anova.results_filtere!E192 -> 205.07389 | F202: =2^mRNA.data.anova.results_filtere!F192 -> 92.411469 | G202: =2^mRNA.data.anova.results_filtere!G192 -> 89.884472 | H202: =2^mRNA.data.anova.results_filtere!H192 -> 98.360012 | I202: =2^mRNA.data.anova.results_filtere!I192 -> 194.01172 | J202: =2^mRNA.data.anova.results_filtere!J192 -> 91.139213 | L202: DFNA43 | M202: No
A203: LONRF2 | B203: 381338 | C203: =2^mRNA.data.anova.results_filtere!C193 -> 128.89031 | D203: =2^mRNA.data.anova.results_filtere!D193 -> 178.52719 | E203: =2^mRNA.data.anova.results_filtere!E193 -> 99.04416 | F203: =2^mRNA.data.anova.results_filtere!F193 -> 213.78251 | G203: =2^mRNA.data.anova.results_filtere!G193 -> 130.68955 | H203: =2^mRNA.data.anova.results_filtere!H193 -> 183.54627 | I203: =2^mRNA.data.anova.results_filtere!I193 -> 101.82867 | J203: =2^mRNA.data.anova.results_filtere!J193 -> 181.01934 | L203: DFNA43 | M203: No
A204: SH3GL2 | B204: 20404 | C204: =2^mRNA.data.anova.results_filtere!C194 -> 170.07178 | D204: =2^mRNA.data.anova.results_filtere!D194 -> 129.78681 | E204: =2^mRNA.data.anova.results_filtere!E194 -> 95.009509 | F204: =2^mRNA.data.anova.results_filtere!F194 -> 120.25891 | G204: =2^mRNA.data.anova.results_filtere!G194 -> 222.86094 | H204: =2^mRNA.data.anova.results_filtere!H194 -> 104.69146 | I204: =2^mRNA.data.anova.results_filtere!I194 -> 92.411469 | J204: =2^mRNA.data.anova.results_filtere!J194 -> 106.89125 | L204: DFNA47 | M204: No
A205: ZDHHC21 | B205: 68268 | C205: =2^mRNA.data.anova.results_filtere!C195 -> 484.38152 | D205: =2^mRNA.data.anova.results_filtere!D195 -> 302.33412 | E205: =2^mRNA.data.anova.results_filtere!E195 -> 184.82294 | F205: =2^mRNA.data.anova.results_filtere!F195 -> 324.03369 | G205: =2^mRNA.data.anova.results_filtere!G195 -> 407.31468 | H205: =2^mRNA.data.anova.results_filtere!H195 -> 284.04978 | I205: =2^mRNA.data.anova.results_filtere!I195 -> 207.93661 | J205: =2^mRNA.data.anova.results_filtere!J195 -> 270.59662 | L205: DFNA47 | M205: No
A206: MLLT3 | B206: 70122 | C206: =2^mRNA.data.anova.results_filtere!C196 -> 276.28243 | D206: =2^mRNA.data.anova.results_filtere!D196 -> 210.8393 | E206: =2^mRNA.data.anova.results_filtere!E196 -> 229.12642 | F206: =2^mRNA.data.anova.results_filtere!F196 -> 501.46319 | G206: =2^mRNA.data.anova.results_filtere!G196 -> 292.03551 | H206: =2^mRNA.data.anova.results_filtere!H196 -> 216.7668 | I206: =2^mRNA.data.anova.results_filtere!I196 -> 248.99967 | J206: =2^mRNA.data.anova.results_filtere!J196 -> 661.68465 | L206: DFNA47 | M206: No
A207: ADAMTSL1 | B207: 77739 | C207: =2^mRNA.data.anova.results_filtere!C197 -> 205.07389 | D207: =2^mRNA.data.anova.results_filtere!D197 -> 89.263595 | E207: =2^mRNA.data.anova.results_filtere!E197 -> 108.3834 | F207: =2^mRNA.data.anova.results_filtere!F197 -> 191.3407 | G207: =2^mRNA.data.anova.results_filtere!G197 -> 206.50029 | H207: =2^mRNA.data.anova.results_filtere!H197 -> 96.335792 | I207: =2^mRNA.data.anova.results_filtere!I197 -> 111.43047 | J207: =2^mRNA.data.anova.results_filtere!J197 -> 107.63474 | L207: DFNA47 | M207: No
A208: PSIP1 | B208: 101739 | C208: =2^mRNA.data.anova.results_filtere!C198 -> 413.00058 | D208: =2^mRNA.data.anova.results_filtere!D198 -> 445.72189 | E208: =2^mRNA.data.anova.results_filtere!E198 -> 233.94085 | F208: =2^mRNA.data.anova.results_filtere!F198 -> 427.56501 | G208: =2^mRNA.data.anova.results_filtere!G198 -> 328.55703 | H208: =2^mRNA.data.anova.results_filtere!H198 -> 359.53789 | I208: =2^mRNA.data.anova.results_filtere!I198 -> 215.26948 | J208: =2^mRNA.data.anova.results_filtere!J198 -> 436.54906 | L208: DFNA47 | M208: No
A209: ASAH3L | B209: 230379 | C209: =2^mRNA.data.anova.results_filtere!C199 -> 621.66778 | D209: =2^mRNA.data.anova.results_filtere!D199 -> 230.72012 | E209: =2^mRNA.data.anova.results_filtere!E199 -> 2759.1344 | F209: =2^mRNA.data.anova.results_filtere!F199 -> 321.79542 | G209: =2^mRNA.data.anova.results_filtere!G199 -> 484.38152 | H209: =2^mRNA.data.anova.results_filtere!H199 -> 382.68141 | I209: =2^mRNA.data.anova.results_filtere!I199 -> 4904.8728 | J209: =2^mRNA.data.anova.results_filtere!J199 -> 302.33412 | L209: DFNA47 | M209: No
A210: BNC2 | B210: 242509 | C210: =2^mRNA.data.anova.results_filtere!C200 -> 97.680589 | D210: =2^mRNA.data.anova.results_filtere!D200 -> 235.56804 | E210: =2^mRNA.data.anova.results_filtere!E200 -> 95.670352 | F210: =2^mRNA.data.anova.results_filtere!F200 -> 167.73036 | G210: =2^mRNA.data.anova.results_filtere!G200 -> 129.78681 | H210: =2^mRNA.data.anova.results_filtere!H200 -> 177.29401 | I210: =2^mRNA.data.anova.results_filtere!I200 -> 93.054241 | J210: =2^mRNA.data.anova.results_filtere!J200 -> 592.22435 | L210: DFNA47 | M210: No
A211: IRF9 | B211: 16391 | C211: =2^mRNA.data.anova.results_filtere!C202 -> 177.29401 | D211: =2^mRNA.data.anova.results_filtere!D202 -> 152.21851 | E211: =2^mRNA.data.anova.results_filtere!E202 -> 333.14351 | F211: =2^mRNA.data.anova.results_filtere!F202 -> 156.49796 | G211: =2^mRNA.data.anova.results_filtere!G202 -> 159.78631 | H211: =2^mRNA.data.anova.results_filtere!H202 -> 155.41695 | I211: =2^mRNA.data.anova.results_filtere!I202 -> 359.53789 | J211: =2^mRNA.data.anova.results_filtere!J202 -> 229.12642 | L211: DFNA53 | M211: No
A212: NFATC4 | B212: 73181 | C212: =2^mRNA.data.anova.results_filtere!C203 -> 2977.7357 | D212: =2^mRNA.data.anova.results_filtere!D203 -> 1640.5911 | E212: =2^mRNA.data.anova.results_filtere!E203 -> 922.88047 | F212: =2^mRNA.data.anova.results_filtere!F203 -> 3743.0536 | G212: =2^mRNA.data.anova.results_filtere!G203 -> 2778.3257 | H212: =2^mRNA.data.anova.results_filtere!H203 -> 1884.5443 | I212: =2^mRNA.data.anova.results_filtere!I203 -> 1082.3865 | J212: =2^mRNA.data.anova.results_filtere!J203 -> 2977.7357 | L212: DFNA53 | M212: No
A213: ADCY4 | B213: 104110 | C213: =2^mRNA.data.anova.results_filtere!C204 -> 92.411469 | D213: =2^mRNA.data.anova.results_filtere!D204 -> 106.1529 | E213: =2^mRNA.data.anova.results_filtere!E204 -> 657.11406 | F213: =2^mRNA.data.anova.results_filtere!F204 -> 342.50945 | G213: =2^mRNA.data.anova.results_filtere!G204 -> 91.773136 | H213: =2^mRNA.data.anova.results_filtere!H204 -> 107.63474 | I213: =2^mRNA.data.anova.results_filtere!I204 -> 809.0023 | J213: =2^mRNA.data.anova.results_filtere!J204 -> 261.3791 | L213: DFNA53 | M213: No
A214: 2310014G06RIK | B214: 654795 | C214: =2^mRNA.data.anova.results_filtere!C205 -> 436.54906 | D214: =2^mRNA.data.anova.results_filtere!D205 -> 164.27851 | E214: =2^mRNA.data.anova.results_filtere!E205 -> 232.3249 | F214: =2^mRNA.data.anova.results_filtere!F205 -> 282.08771 | G214: =2^mRNA.data.anova.results_filtere!G205 -> 380.03803 | H214: =2^mRNA.data.anova.results_filtere!H205 -> 136.23938 | I214: =2^mRNA.data.anova.results_filtere!I205 -> 232.3249 | J214: =2^mRNA.data.anova.results_filtere!J205 -> 292.03551 | L214: DFNA53 | M214: No
A215: ANXA6 | B215: 11749 | C215: =2^mRNA.data.anova.results_filtere!C206 -> 205.07389 | D215: =2^mRNA.data.anova.results_filtere!D206 -> 196.72002 | E215: =2^mRNA.data.anova.results_filtere!E206 -> 398.93226 | F215: =2^mRNA.data.anova.results_filtere!F206 -> 261.3791 | G215: =2^mRNA.data.anova.results_filtere!G206 -> 227.54373 | H215: =2^mRNA.data.anova.results_filtere!H206 -> 212.3058 | I215: =2^mRNA.data.anova.results_filtere!I206 -> 401.70706 | J215: =2^mRNA.data.anova.results_filtere!J206 -> 242.19076 | L215: DFNA54 | M215: No
A216: ATOX1 | B216: 11927 | C216: =2^mRNA.data.anova.results_filtere!C207 -> 1296.1348 | D216: =2^mRNA.data.anova.results_filtere!D207 -> 803.41412 | E216: =2^mRNA.data.anova.results_filtere!E207 -> 1710.2601 | F216: =2^mRNA.data.anova.results_filtere!F207 -> 744.43393 | G216: =2^mRNA.data.anova.results_filtere!G207 -> 1152.0599 | H216: =2^mRNA.data.anova.results_filtere!H207 -> 719.07578 | I216: =2^mRNA.data.anova.results_filtere!I207 -> 1820.3498 | J216: =2^mRNA.data.anova.results_filtere!J207 -> 739.29175 | L216: DFNA54 | M216: No
A217: GM2A | B217: 14667 | C217: =2^mRNA.data.anova.results_filtere!C208 -> 2210.2594 | D217: =2^mRNA.data.anova.results_filtere!D208 -> 1341.8428 | E217: =2^mRNA.data.anova.results_filtere!E208 -> 867.0672 | F217: =2^mRNA.data.anova.results_filtere!F208 -> 1089.9151 | G217: =2^mRNA.data.anova.results_filtere!G208 -> 3147.5204 | H217: =2^mRNA.data.anova.results_filtere!H208 -> 1722.1559 | I217: =2^mRNA.data.anova.results_filtere!I208 -> 855.13003 | J217: =2^mRNA.data.anova.results_filtere!J208 -> 1370.0378 | L217: DFNA54 | M217: No
...

Sheet mRNA.data.anova.results_filtere
A1: probeid | B1: geneid | C1: Cs | D1: Cn | E1: Cb | F1: Cm | G1: Vs | H1: Vn | I1: Vb | J1: Vm | L1: deaf.loci
A2: LECT1 | B2: 16840 | C2: 10.97 | D2: 6.91 | E2: 6.76 | F2: 6.74 | G2: 10.26 | H2: 6.74 | I2: 6.6 | J2: 7.1 | L2: AUNA1
A3: THSD1 | B3: 56229 | C3: 6.8 | D3: 6.88 | E3: 9.47 | F3: 6.72 | G3: 7.02 | H3: 6.86 | I3: 9.48 | J3: 7.07 | L3: AUNA1
A4: DIAP3 | B4: 56419 | C4: 6.73 | D4: 7.66 | E4: 6.88 | F4: 6.66 | G4: 6.75 | H4: 7.41 | I4: 6.88 | J4: 6.55 | L4: AUNA1
A5: TRIM13 | B5: 66597 | C5: 6.88 | D5: 7.77 | E5: 6.71 | F5: 6.63 | G5: 6.81 | H5: 7.83 | I5: 6.75 | J5: 6.71 | L5: AUNA1
A6: P2RY5 | B6: 67168 | C6: 7.39 | D6: 7.13 | E6: 9.06 | F6: 7.91 | G6: 8.05 | H6: 7.09 | I6: 9.37 | J6: 8.13 | L6: AUNA1
A7: CAB39L | B7: 69008 | C7: 9.69 | D7: 9.36 | E7: 8.41 | F7: 8.4 | G7: 9.33 | H7: 9.56 | I7: 8.4 | J7: 8.29 | L7: AUNA1
A8: CKAP2 | B8: 80986 | C8: 6.42 | D8: 7.86 | E8: 8.27 | F8: 7.2 | G8: 6.7 | H8: 7.88 | I8: 7.43 | J8: 6.89 | L8: AUNA1
A9: PCDH17 | B9: 219228 | C9: 8.75 | D9: 8.8 | E9: 10.73 | F9: 9.07 | G9: 9.01 | H9: 8.92 | I9: 10.79 | J9: 8.3 | L9: AUNA1
A10: PCDH20 | B10: 219257 | C10: 6.95 | D10: 6.53 | E10: 6.47 | F10: 6.45 | G10: 8.73 | H10: 7.21 | I10: 6.52 | J10: 6.46 | L10: AUNA1
A11: BMX | B11: 12169 | C11: 6.59 | D11: 6.56 | E11: 7.29 | F11: 6.55 | G11: 6.62 | H11: 6.57 | I11: 7.85 | J11: 6.54 | L11: DFN6
A12: GPM6B | B12: 14758 | C12: 9.19 | D12: 10.64 | E12: 8.22 | F12: 9.9 | G12: 8.81 | H12: 10.54 | I12: 8.21 | J12: 10.09 | L12: DFN6
A13: RAI2 | B13: 24004 | C13: 7.89 | D13: 7.87 | E13: 6.52 | F13: 8.75 | G13: 7.22 | H13: 7.58 | I13: 6.83 | J13: 9.66 | L13: DFN6
... A385: D8ERTD82E | B385: 244418 | C385: 7.37 | D385: 7.78 | E385: 7.63 | F385: 6.89 | G385: 7.46 | H385: 8.09 | I385: 7.73 | J385: 6.83 | L385: DFNM2
