Workbook
Name _Toc443301354: 'SF Residential - COS'!#REF!
Name _Toc443301354: 'SF Residential - Linear'!#REF!
Name Print_Area_MI: 'SF Residential - COS'!#REF!
Name Print_Area_MI: 'SF Residential - Linear'!#REF!

Sheet Totals
A1: Totals Worksheet
A3: Potential Contractor's Proposed Annual Solid Waste Collection Fee Revenue
A4: Base Proposal | C4: Key Service Enhancements Proposals | H4: Total Proposal | J4: New Service Options Proposals
B5: Annual Revenue for Solid Waste Collection & Other Services | C5: Annual Revenue Increase/(Decrease) for Key Service Enhancements | H5: Total | J5: Annual Revenue Increase/(Decrease)
C6: Saturday | D6: Single-family | E6: Multifamily On-Call | H6: Annual Revenue | K6: Organics | L6: In-City Customer
C7: Collection | D7: Additional | E7: Small Appliance, | F7: On-Line Account | G7: 6 Days a Week | H7: for Base Proposal | J7: Unlimited | K7: Recycling - | L7: Service
C8: for Friday | D8: Recyclables | E8: Electronics, | F8: Management & | G8: Staffed | H8: & Key | J8: Commercial | K8: 1 96 Gallon | L8: Opportunities
C9: Single-family | D9: Where | E9: & Textiles | F9: Electronic | G9: Call Center | H9: Enhancements | J9: Recycling | K9: Cart/Week | L9: per Contract
C10: Misses | D10: Feasible | E10: Recycling | F10: Billing | H10: Proposals | K10: Limit | L10: Section 3.3.2.1
A11: SF Residential - COS Rates | B11: ='SF Residential - COS'!F44 -> 0 | C11: ='SF Residential - COS'!N44 -> 0 | D11: ='SF Residential - COS'!O44 -> 0 | E11: Not Applicable | F11: ='SF Residential - COS'!P44 -> 0 | G11: ='SF Residential - COS'!Q44 -> 0 | H11: =SUM(B11:G11) -> 0 | J11: Not Applicable | K11: Not Applicable | L11: ='SF Residential - COS'!S44 -> 0
A12: Commercial/Multifamily Cart/Container | B12: =Commercial!F157 -> 0 | C12: Not Applicable | D12: Not Applicable | E12: =Commercial!K157 -> 0 | F12: =Commercial!L157 -> 0 | G12: =Commercial!M157 -> 0 | H12: =SUM(B12:G12) -> 0 | J12: =Commercial!P157 -> 0 | K12: =Commercial!Q157 -> 0 | L12: =Commercial!R157 -> 0
A13: Commercial/Multifamily Drop-box | B13: ='Drop-box'!D76 -> 0 | C13: Not Applicable | D13: Not Applicable | E13: ='Drop-box'!I76 -> 0 | F13: ='Drop-box'!J76 -> 0 | G13: ='Drop-box'!K76 -> 0 | H13: =SUM(B13:G13) -> 0 | J13: ='Drop-box'!N76 -> 0 | K13: ='Drop-box'!O76 -> 0 | L13: ='Drop-box'!P76 -> 0
A14: Proposal Total | B14: =SUM(B11:B13) -> 0 | C14: =SUM(C11:C13) -> 0 | D14: =SUM(D11:D13) -> 0 | E14: =SUM(E11:E13) -> 0 | F14: =SUM(F11:F13) -> 0 | G14: =SUM(G11:G13) -> 0 | H14: =SUM(H11:H13) -> 0 | J14: =SUM(J11:J13) -> 0 | K14: =SUM(K11:K13) -> 0 | L14: =SUM(L11:L13) -> 0
A15: Note: Green shaded cell shows proponent's total revenue for proposal cost scoring comparison.
A18: Residential Linear Rates Structure Proposal | C18: Key Service Enhancements Proposals for Residential Linear Rates Structure | H18: Total Proposal | J18: New Service Options Proposals for Residential Linear Rates Structure
A19: SF Residential - Linear Rates | B19: ='SF Residential - Linear'!F44 -> 0 | C19: ='SF Residential - Linear'!K44 -> 0 | D19: ='SF Residential - Linear'!L44 -> 0 | E19: Not Applicable | F19: ='SF Residential - Linear'!M44 -> 0 | G19: ='SF Residential - Linear'!N44 -> 0 | H19: =SUM(B19:G19) -> 0 | J19: Not Applicable | K19: Not Applicable | L19: ='SF Residential - Linear'!P44 -> 0

Sheet Drop-box
A1: Drop-box Worksheet
A3: CITY OF BELLEVUE
A4: Garbage and Organics Service Fees
A5: yellow is a contractor modifiable field | I5: Fee/Haul Increase/(Decrease) for Key Service Enhancements | N5: Fee/Haul Increase/(Decrease) for New Service Options
I6: Multifamily On-Call | O6: Organics | P6: In-City Customer
I7: Small Appliance, | J7: On-Line Account | N7: Unlimited | O7: Recycling - | P7: Service
I8: Electronics, | J8: Management & | K8: 6 Days a Week | N8: Commercial | O8: 1 96 Gallon | P8: Opportunities
A9: COMMERCIAL/MULTIFAMILY SERVICES | D9: Proposed | I9: & Textiles | J9: Electronic | K9: Staffed | N9: Recycling | O9: Cart/Week | P9: per Contract
A10: Noncompacted Permanent Service | B10: # of Customers | C10: Hauls/Month | D10: Fee/Haul | I10: Recycling | J10: Billing | K10: Call Center | O10: Limit | P10: Section 3.3.2.1
A11: 1 10 Cu. Yd. Container | B11: 1 | C11: =1*2 -> 2 | D11: 0 | I11: 0 | J11: 0 | K11: 0 | N11: 0 | O11: 0 | P11: 0
A12: 1 12 Cu. Yd. Container | B12: 4 | C12: =11*2 -> 22 | D12: 0 | I12: 0 | J12: 0 | K12: 0 | N12: 0 | O12: 0 | P12: 0
A13: 1 15 Cu. Yd. Container | B13: 3 | C13: =3*2 -> 6 | D13: 0 | I13: 0 | J13: 0 | K13: 0 | N13: 0 | O13: 0 | P13: 0
A14: 1 20 Cu. Yd. Container | B14: 3 | C14: =3*2 -> 6 | D14: 0 | I14: 0 | J14: 0 | K14: 0 | N14: 0 | O14: 0 | P14: 0
A15: 1 25 Cu. Yd. Container | B15: =24+6+1+1 -> 32 | C15: =24*2+6*(52/12)+1*3*(52/12)+1*5*(52/12) -> 108.66667 | D15: 0 | I15: 0 | J15: 0 | K15: 0 | N15: 0 | O15: 0 | P15: 0
A16: 1 30 Cu. Yd. Container | B16: 1 | C16: =1*2 -> 2 | D16: 0 | I16: 0 | J16: 0 | K16: 0 | N16: 0 | O16: 0 | P16: 0
A17: 1 35 Cu. Yd. Container | B17: 1 | C17: 1 | D17: 0 | I17: 0 | J17: 0 | K17: 0 | N17: 0 | O17: 0 | P17: 0
A18: 1 40 Cu. Yd. Container | B18: =7+1 -> 8 | C18: =7*2+1*(52/12) -> 18.333333 | D18: 0 | I18: 0 | J18: 0 | K18: 0 | N18: 0 | O18: 0 | P18: 0
A19: Noncompacted Permanent Vactor/Street Sweeping Wastes Service
A20: 1 12 Cu. Yd. Container | B20: 1 | C20: 25.9 | D20: 0 | I20: 0 | J20: 0 | K20: 0 | N20: 0 | O20: 0 | P20: 0
A21: Compacted Permanent Service
A22: 1 10 Cu. Yd. Container | B22: 1 | C22: =1*22 -> 22 | D22: 0 | I22: 0 | J22: 0 | K22: 0 | N22: 0 | O22: 0 | P22: 0
A23: 1 15 Cu. Yd. Container | B23: =2+3+1 -> 6 | C23: =2*(52/48)+3*(26/12)+1*(52/12) -> 13 | D23: 0 | I23: 0 | J23: 0 | K23: 0 | N23: 0 | O23: 0 | P23: 0
A24: 1 20 Cu. Yd. Container | B24: =11+2+5+13 -> 31 | C24: =11*2+2*(52/48)+5*(26/12)+13*(52/12) -> 91.333333 | D24: 0 | I24: 0 | J24: 0 | K24: 0 | N24: 0 | O24: 0 | P24: 0
A25: 1 25 Cu. Yd. Container | B25: =8+8+1+3+11+3+1 -> 35 | C25: =8*2+8*(26/12)+1*(52/36)+3*(52/48)+11*(52/12)+3*2*(52/12)+1*3*(52/12) -> 124.69444 | D25: 0 | I25: 0 | J25: 0 | K25: 0 | N25: 0 | O25: 0 | P25: 0
A26: 1 30 Cu. Yd. Container | B26: =16+1+4+6+7+1 -> 35 | C26: =16*2+1*(52/36)+4*(52/48)+6*(26/12)+7*(52/12)+1*6*(52/12) -> 107.11111 | D26: 0 | I26: 0 | J26: 0 | K26: 0 | N26: 0 | O26: 0 | P26: 0
A27: 1 40 Cu. Yd. Container | B27: =5+1 -> 6 | C27: =5*2+1*3*(52/12) -> 23 | D27: 0 | I27: 0 | J27: 0 | K27: 0 | N27: 0 | O27: 0 | P27: 0
A28: Permanent Drop-box Rental | C28: # Containers | D28: Monthly Rental Fee
A29: 1 10 Cu. Yd. Container | B29: 1 | C29: 1 | D29: 0
A30: 1 12 Cu. Yd. Container | B30: 5 | C30: 21 | D30: 0
A31: 1 15 Cu. Yd. Container | B31: 3 | C31: 3 | D31: 0
A32: 1 20 Cu. Yd. Container | B32: 3 | C32: 3 | D32: 0
A33: 1 25 Cu. Yd. Container | B33: 32 | C33: 32 | D33: 0
A34: 1 30 Cu. Yd. Container | B34: 1 | C34: 1 | D34: 0
A35: 1 35 Cu. Yd. Container | B35: 1 | C35: 1 | D35: 0
A36: 1 40 Cu. Yd. Container | B36: 8 | C36: 8 | D36: 0
A37: Subtotal: Annual Revenue for Collection Services | D37: =12*SUMPRODUCT($C$11:$C$27*D11:D27)+12*SUMPRODUCT(C29:C36*D29:D36) -> 0 | E37: Annual Revenue Increase/(Decrease) | I37: =12*SUMPRODUCT($C$11:$C$27*I11:I27) -> 0 | J37: =12*SUMPRODUCT($C$11:$C$27*J11:J27) -> 0 | K37: =12*SUMPRODUCT($C$11:$C$27*K11:K27) -> 0 | N37: =12*SUMPRODUCT($C$11:$C$27*N11:N27) -> 0 | O37: =12*SUMPRODUCT($C$11:$C$27*O11:O27) -> 0 | P37: =12*SUMPRODUCT($C$11:$C$27*P11:P27) -> 0
F39: WUTC Fee
F40: for Other
A41: Organics Drop-box Haul | C41: Hauls/Month | D41: Fee/Haul | F41: Services
A42: 1 10 Cu. Yd. Non-compacted Container | B42: 1 | C42: 1 | D42: 0
A43: 1 10 Cu. Yd. Compacted Container | B43: 1 | C43: 1 | D43: 0
A44: 1 20 Cu. Yd. Non-compacted Container | B44: 10 | C44: 21 | D44: 0
A45: 1 20 Cu. Yd. Compacted Container | B45: 1 | C45: 1 | D45: 0
A46: Temporary Drop-box | C46: # Containers | D46: Monthly Rental Fee
A47: 1 10 Cu. Yd. Daily Rental | B47: 1 | C47: 1 | D47: 0 | F47: 2.25
A48: 1 12 Cu. Yd. Daily Rental | B48: 1 | C48: 1 | D48: 0 | F48: 2.35
A49: 1 15 Cu. Yd. Daily Rental | B49: 3 | C49: 3 | D49: 0 | F49: 2.45
A50: 1 20 Cu. Yd. Daily Rental | B50: 9 | C50: 9 | D50: 0
A51: 1 25 Cu. Yd. Daily Rental | B51: 18 | C51: 34 | D51: 0
A52: 1 30 Cu. Yd. Daily Rental | B52: 3 | C52: 8 | D52: 0
A53: 1 40 Cu. Yd. Daily Rental | B53: 2 | C53: 6 | D53: 0
A54: 1 10 Cu. Yd. Monthly Rental | B54: 1 | C54: 1 | D54: 0 | F54: 67.5
A55: 1 12 Cu. Yd. Monthly Rental | B55: 1 | C55: 1 | D55: 0 | F55: 70.5
A56: 1 15 Cu. Yd. Monthly Rental | B56: 1 | C56: 1 | D56: 0
A57: 1 20 Cu. Yd. Monthly Rental | B57: 1 | C57: 1 | D57: 0
A58: 1 25 Cu. Yd. Monthly Rental | B58: 1 | C58: 1 | D58: 0
A59: 1 30 Cu. Yd. Monthly Rental | B59: 1 | C59: 1 | D59: 0
A60: 1 40 Cu. Yd. Monthly Rental | B60: 1 | C60: 1 | D60: 0
C61: Hauls/Month | D61: Fee/Haul
A62: 1 10 Cu. Yd. Haul Fee | B62: 1 | C62: 1 | D62: 0 | F62: 121.41
A63: 1 12 Cu. Yd. Haul Fee | B63: 1 | C63: 1 | D63: 0 | F63: 121.41
A64: 1 15 Cu. Yd. Haul Fee | B64: 3 | C64: 6 | D64: 0 | F64: 121.41
A65: 1 20 Cu. Yd. Haul Fee | B65: 9 | C65: 9 | D65: 0 | F65: 121.41
A66: 1 25 Cu. Yd. Haul Fee | B66: 18 | C66: 34 | D66: 0 | F66: 121.41
A67: 1 30 Cu. Yd. Haul Fee | B67: 3 | C67: 8 | D67: 0 | F67: 121.41
A68: 1 40 Cu. Yd. Haul Fee | B68: 2 | C68: 6 | D68: 0 | F68: 121.41
C69: Deliveries/Month | D69: Fee/Delivery
A70: Delivery (all sizes) Fee | B70: 25 | C70: 25 | D70: 0 | F70: 61.99
A71: Additional Services: | C71: Yards/Month | D71: Fee/Yard
A72: Pressure Washing (per yard) | B72: 1 | C72: 1 | D72: 0 | F72: 2.1
A73: Steam Cleaning (per yard) | B73: 1 | C73: 1 | D73: 0 | F73: 1.81
A74: Subtotal: Annual Revenue for Other Services | D74: =12*SUMPRODUCT(C42:C45*D42:D45)+12*SUMPRODUCT(C47:C60*D47:D60)+12*SUMPRODUCT(C62:C68*D62:D68)+12*C70*D70+12*SUMPRODUCT(C72:C73*D72:D73) -> 0
A76: Total Annual Commercial/Multifamily Drop-box Revenue | D76: =D37+D74 -> 0 | E76: Annual Revenue Increase/(Decrease) | I76: =I37 -> 0 | J76: =J37 -> 0 | K76: =K37 -> 0 | N76: =N37 -> 0 | O76: =O37 -> 0 | P76: =P37 -> 0
D77: Base Proposal Total | I77: Key Service Enhancements Totals | N77: New Service Options Totals
A78: Notes:
A79: 1. Only yellow shaded cells on this sheet are modifiable.
A80: 2. King County garbage tip fee for 2013-2014 as approved by King County Council is $120.17 per ton.
A81: 3. Customer, haul trip and container counts for basic services are based on Allied-Republic December 2012 Bellevue Report,
A82: except that -- 2 hauls per month is assumed for permanent on-call customers, and where demand for service was zero
A83: in December, a line item demand of 1 is assumed.
A84: 4. Haul trip, container counts and item counts for other services are based on Allied-Republic average counts where available,
A85: except that -- where actual demand for other services is unknown, a line item demand of 1 is assumed.
A86: 5. Proposed per haul service fees include on-site limited recycling collection for Commercial Customers and unlimited
A87: recycling collection for Multifamily Complex Customers at no additional charge.
A88: 6. WUTC Fee is the average fee charged by Sno-King and Eastside Disposal in unincorporated King County areas adjacent
A89: to Bellevue; no fee is shown for services that are not listed on current WUTC tariffs for these companies.

Sheet Commercial
A1: Commercial/Multifamily Worksheet
A3: CITY OF BELLEVUE
A4: Garbage and Organics Service Fees
A5: yellow is a contractor modifiable field | K5: Service Fee Increase/(Decrease) for Key Service Enhancements | P5: Service Fee Increase/(Decrease) for New Service Options
K6: Multifamily On-Call | Q6: Organics | R6: In-City Customer
F7: Proposed | K7: Small Appliance, | L7: On-Line Account | P7: Unlimited | Q7: Recycling - | R7: Service
D8: Proposed | E8: Proposed | F8: Total | K8: Electronics, | L8: Management & | M8: 6 Days a Week | P8: Commercial | Q8: 1 96 Gallon | R8: Opportunities
A9: COMMERCIAL/MULTIFAMILY SERVICES | D9: Disposal | E9: Collection | F9: Service | K9: & Textiles | L9: Electronic | M9: Staffed | P9: Recycling | Q9: Cart/Week | R9: per Contract
A10: Monthly Rates | B10: # of Customers | C10: # of Containers | D10: Fee | E10: Fee | F10: Fee | K10: Recycling | L10: Billing | M10: Call Center | Q10: Limit | R10: Section 3.3.2.1
A11: 1 32 Gal Can (first can) | B11: 26 | C11: 26 | D11: 0 | E11: 0 | F11: =ROUND(D11+E11,2) -> 0 | K11: 0 | L11: 0 | M11: 0 | P11: 0 | Q11: 0 | R11: 0
A12: each additional can | B12: 29 | C12: 429 | D12: 0 | E12: 0 | F12: =ROUND(D12+E12,2) -> 0 | K12: 0 | L12: 0 | M12: 0 | P12: 0 | Q12: 0 | R12: 0
A13: 1 32 Gal Cart (first cart) | B13: 14 | C13: 14 | D13: 0 | E13: 0 | F13: =ROUND(D13+E13,2) -> 0 | K13: 0 | L13: 0 | M13: 0 | P13: 0 | Q13: 0 | R13: 0
A14: each additional cart | B14: 14 | C14: 166 | D14: 0 | E14: 0 | F14: =ROUND(D14+E14,2) -> 0 | K14: 0 | L14: 0 | M14: 0 | P14: 0 | Q14: 0 | R14: 0
A15: 1 45 Gal Cart (first cart) | B15: 1 | C15: 1 | D15: 0 | E15: 0 | F15: =ROUND(D15+E15,2) -> 0 | K15: 0 | L15: 0 | M15: 0 | P15: 0 | Q15: 0 | R15: 0
A16: each additional cart | B16: 1 | C16: 1 | D16: 0 | E16: 0 | F16: =ROUND(D16+E16,2) -> 0 | K16: 0 | L16: 0 | M16: 0 | P16: 0 | Q16: 0 | R16: 0
A17: 1 64 Gal Cart (first cart) | B17: 62 | C17: 62 | D17: 0 | E17: 0 | F17: =ROUND(D17+E17,2) -> 0 | K17: 0 | L17: 0 | M17: 0 | P17: 0 | Q17: 0 | R17: 0
A18: each additional cart | B18: 62 | C18: 124 | D18: 0 | E18: 0 | F18: =ROUND(D18+E18,2) -> 0 | K18: 0 | L18: 0 | M18: 0 | P18: 0 | Q18: 0 | R18: 0
A19: 1 96 Gal Cart (first cart) | B19: 248 | C19: 248 | D19: 0 | E19: 0 | F19: =ROUND(D19+E19,2) -> 0 | K19: 0 | L19: 0 | M19: 0 | P19: 0 | Q19: 0 | R19: 0
A20: each additional cart | B20: 248 | C20: 261 | D20: 0 | E20: 0 | F20: =ROUND(D20+E20,2) -> 0 | K20: 0 | L20: 0 | M20: 0 | P20: 0 | Q20: 0 | R20: 0
C21: Extras/Month | F21: Fee/Extra
A22: Extra 32 Gal can/bag or overweight (each/pickup) | B22: 0 | C22: 163 | D22: 0 | E22: 0 | F22: =ROUND(D22+E22,2) -> 0
A23: Extra Uncompacted Cu Yard or overweight (each/pickup) | B23: 0 | C23: 190 | D23: 0 | E23: 0 | F23: =ROUND(D23+E23,2) -> 0
A24: 1 Yard
A25: 1 yard (on call, per pickup) | B25: 6 | C25: 6 | D25: 0 | E25: 0 | F25: =ROUND(D25+E25,2) -> 0 | K25: 0 | L25: 0 | M25: 0 | P25: 0 | Q25: 0 | R25: 0
A26: 1 pickup weekly (per container) | B26: 46 | C26: 46 | D26: 0 | E26: 0 | F26: =ROUND(D26+E26,2) -> 0 | K26: 0 | L26: 0 | M26: 0 | P26: 0 | Q26: 0 | R26: 0
A27: 2 pickups weekly (per container) | B27: 1 | C27: 2 | D27: 0 | E27: 0 | F27: =ROUND(D27+E27,2) -> 0 | K27: 0 | L27: 0 | M27: 0 | P27: 0 | Q27: 0 | R27: 0
A28: 3 pickups weekly (per container) | B28: 1 | C28: 1 | D28: 0 | E28: 0 | F28: =ROUND(D28+E28,2) -> 0 | K28: 0 | L28: 0 | M28: 0 | P28: 0 | Q28: 0 | R28: 0
A29: 4 pickups weekly (per container) | B29: 1 | C29: 1 | D29: 0 | E29: 0 | F29: =ROUND(D29+E29,2) -> 0 | K29: 0 | L29: 0 | M29: 0 | P29: 0 | Q29: 0 | R29: 0
A30: 5 pickups weekly (per container) | B30: 1 | C30: 1 | D30: 0 | E30: 0 | F30: =ROUND(D30+E30,2) -> 0 | K30: 0 | L30: 0 | M30: 0 | P30: 0 | Q30: 0 | R30: 0
A31: 6 pickups weekly (per container) | B31: 1 | C31: 1 | D31: 0 | E31: 0 | F31: =ROUND(D31+E31,2) -> 0 | K31: 0 | L31: 0 | M31: 0 | P31: 0 | Q31: 0 | R31: 0
A32: 1.25 Yard
A33: 1.25 yard (on call, per pickup) | B33: 5 | C33: 5 | D33: 0 | E33: 0 | F33: =ROUND(D33+E33,2) -> 0 | K33: 0 | L33: 0 | M33: 0 | P33: 0 | Q33: 0 | R33: 0
A34: 1 pickup weekly (per container) | B34: 82 | C34: 85 | D34: 0 | E34: 0 | F34: =ROUND(D34+E34,2) -> 0 | K34: 0 | L34: 0 | M34: 0 | P34: 0 | Q34: 0 | R34: 0
A35: 2 pickups weekly (per container) | B35: 7 | C35: 8 | D35: 0 | E35: 0 | F35: =ROUND(D35+E35,2) -> 0 | K35: 0 | L35: 0 | M35: 0 | P35: 0 | Q35: 0 | R35: 0
A36: 3 pickups weekly (per container) | B36: 1 | C36: 1 | D36: 0 | E36: 0 | F36: =ROUND(D36+E36,2) -> 0 | K36: 0 | L36: 0 | M36: 0 | P36: 0 | Q36: 0 | R36: 0
A37: 4 pickups weekly (per container) | B37: 1 | C37: 1 | D37: 0 | E37: 0 | F37: =ROUND(D37+E37,2) -> 0 | K37: 0 | L37: 0 | M37: 0 | P37: 0 | Q37: 0 | R37: 0
A38: 5 pickups weekly (per container) | B38: 1 | C38: 1 | D38: 0 | E38: 0 | F38: =ROUND(D38+E38,2) -> 0 | K38: 0 | L38: 0 | M38: 0 | P38: 0 | Q38: 0 | R38: 0
A39: 6 pickups weekly (per container) | B39: 1 | C39: 1 | D39: 0 | E39: 0 | F39: =ROUND(D39+E39,2) -> 0 | K39: 0 | L39: 0 | M39: 0 | P39: 0 | Q39: 0 | R39: 0
A40: 2 Yard
A41: 2 yard (on call, per pickup) | B41: 7 | C41: 7 | D41: 0 | E41: 0 | F41: =ROUND(D41+E41,2) -> 0 | K41: 0 | L41: 0 | M41: 0 | P41: 0 | Q41: 0 | R41: 0
A42: 1 pickup weekly (per container) | B42: 177 | C42: 198 | D42: 0 | E42: 0 | F42: =ROUND(D42+E42,2) -> 0 | K42: 0 | L42: 0 | M42: 0 | P42: 0 | Q42: 0 | R42: 0
A43: 2 pickups weekly (per container) | B43: 45 | C43: 54 | D43: 0 | E43: 0 | F43: =ROUND(D43+E43,2) -> 0 | K43: 0 | L43: 0 | M43: 0 | P43: 0 | Q43: 0 | R43: 0
A44: 3 pickups weekly (per container) | B44: 16 | C44: 23 | D44: 0 | E44: 0 | F44: =ROUND(D44+E44,2) -> 0 | K44: 0 | L44: 0 | M44: 0 | P44: 0 | Q44: 0 | R44: 0
A45: 4 pickups weekly (per container) | B45: 2 | C45: 2 | D45: 0 | E45: 0 | F45: =ROUND(D45+E45,2) -> 0 | K45: 0 | L45: 0 | M45: 0 | P45: 0 | Q45: 0 | R45: 0
A46: 5 pickups weekly (per container) | B46: 1 | C46: 1 | D46: 0 | E46: 0 | F46: =ROUND(D46+E46,2) -> 0 | K46: 0 | L46: 0 | M46: 0 | P46: 0 | Q46: 0 | R46: 0
A47: 6 pickups weekly (per container) | B47: 1 | C47: 1 | D47: 0 | E47: 0 | F47: =ROUND(D47+E47,2) -> 0 | K47: 0 | L47: 0 | M47: 0 | P47: 0 | Q47: 0 | R47: 0
A48: 3 Yard
A49: 3 yard (on call, per pickup) | B49: 3 | C49: 3 | D49: 0 | E49: 0 | F49: =ROUND(D49+E49,2) -> 0 | K49: 0 | L49: 0 | M49: 0 | P49: 0 | Q49: 0 | R49: 0
A50: 1 pickup weekly (per container) | B50: 166 | C50: 218 | D50: 0 | E50: 0 | F50: =ROUND(D50+E50,2) -> 0 | K50: 0 | L50: 0 | M50: 0 | P50: 0 | Q50: 0 | R50: 0
A51: 2 pickups weekly (per container) | B51: 55 | C51: 77 | D51: 0 | E51: 0 | F51: =ROUND(D51+E51,2) -> 0 | K51: 0 | L51: 0 | M51: 0 | P51: 0 | Q51: 0 | R51: 0
A52: 3 pickups weekly (per container) | B52: 11 | C52: 13 | D52: 0 | E52: 0 | F52: =ROUND(D52+E52,2) -> 0 | K52: 0 | L52: 0 | M52: 0 | P52: 0 | Q52: 0 | R52: 0
A53: 4 pickups weekly (per container) | B53: 2 | C53: 2 | D53: 0 | E53: 0 | F53: =ROUND(D53+E53,2) -> 0 | K53: 0 | L53: 0 | M53: 0 | P53: 0 | Q53: 0 | R53: 0
A54: 5 pickups weekly (per container) | B54: 2 | C54: 3 | D54: 0 | E54: 0 | F54: =ROUND(D54+E54,2) -> 0 | K54: 0 | L54: 0 | M54: 0 | P54: 0 | Q54: 0 | R54: 0
A55: 6 pickups weekly (per container) | B55: 1 | C55: 1 | D55: 0 | E55: 0 | F55: =ROUND(D55+E55,2) -> 0 | K55: 0 | L55: 0 | M55: 0 | P55: 0 | Q55: 0 | R55: 0
A56: 4 Yard
A57: 4 yard (on call, per pickup) | B57: 10 | C57: 10 | D57: 0 | E57: 0 | F57: =ROUND(D57+E57,2) -> 0 | K57: 0 | L57: 0 | M57: 0 | P57: 0 | Q57: 0 | R57: 0
A58: 1 pickup weekly (per container) | B58: 214 | C58: 291 | D58: 0 | E58: 0 | F58: =ROUND(D58+E58,2) -> 0 | K58: 0 | L58: 0 | M58: 0 | P58: 0 | Q58: 0 | R58: 0
A59: 2 pickups weekly (per container) | B59: 113 | C59: 140 | D59: 0 | E59: 0 | F59: =ROUND(D59+E59,2) -> 0 | K59: 0 | L59: 0 | M59: 0 | P59: 0 | Q59: 0 | R59: 0
A60: 3 pickups weekly (per container) | B60: 40 | C60: 49 | D60: 0 | E60: 0 | F60: =ROUND(D60+E60,2) -> 0 | K60: 0 | L60: 0 | M60: 0 | P60: 0 | Q60: 0 | R60: 0
A61: 4 pickups weekly (per container) | B61: 8 | C61: 8 | D61: 0 | E61: 0 | F61: =ROUND(D61+E61,2) -> 0 | K61: 0 | L61: 0 | M61: 0 | P61: 0 | Q61: 0 | R61: 0
A62: 5 pickups weekly (per container) | B62: 3 | C62: 3 | D62: 0 | E62: 0 | F62: =ROUND(D62+E62,2) -> 0 | K62: 0 | L62: 0 | M62: 0 | P62: 0 | Q62: 0 | R62: 0
A63: 6 pickups weekly (per container) | B63: 3 | C63: 3 | D63: 0 | E63: 0 | F63: =ROUND(D63+E63,2) -> 0 | K63: 0 | L63: 0 | M63: 0 | P63: 0 | Q63: 0 | R63: 0
A64: 6 Yard
A65: 6 yard (on call, per pickup) | B65: 5 | C65: 5 | D65: 0 | E65: 0 | F65: =ROUND(D65+E65,2) -> 0 | K65: 0 | L65: 0 | M65: 0 | P65: 0 | Q65: 0 | R65: 0
A66: 1 pickup weekly (per container) | B66: 168 | C66: 188 | D66: 0 | E66: 0 | F66: =ROUND(D66+E66,2) -> 0 | K66: 0 | L66: 0 | M66: 0 | P66: 0 | Q66: 0 | R66: 0
A67: 2 pickups weekly (per container) | B67: 78 | C67: 106 | D67: 0 | E67: 0 | F67: =ROUND(D67+E67,2) -> 0 | K67: 0 | L67: 0 | M67: 0 | P67: 0 | Q67: 0 | R67: 0
A68: 3 pickups weekly (per container) | B68: 25 | C68: 29 | D68: 0 | E68: 0 | F68: =ROUND(D68+E68,2) -> 0 | K68: 0 | L68: 0 | M68: 0 | P68: 0 | Q68: 0 | R68: 0
A69: 4 pickups weekly (per container) | B69: 3 | C69: 4 | D69: 0 | E69: 0 | F69: =ROUND(D69+E69,2) -> 0 | K69: 0 | L69: 0 | M69: 0 | P69: 0 | Q69: 0 | R69: 0
A70: 5 pickups weekly (per container) | B70: 1 | C70: 1 | D70: 0 | E70: 0 | F70: =ROUND(D70+E70,2) -> 0 | K70: 0 | L70: 0 | M70: 0 | P70: 0 | Q70: 0 | R70: 0
A71: 6 pickups weekly (per container) | B71: 1 | C71: 1 | D71: 0 | E71: 0 | F71: =ROUND(D71+E71,2) -> 0 | K71: 0 | L71: 0 | M71: 0 | P71: 0 | Q71: 0 | R71: 0
A72: 8 Yard
A73: 8 yard (on call, per pickup) | B73: 7 | C73: 7 | D73: 0 | E73: 0 | F73: =ROUND(D73+E73,2) -> 0 | K73: 0 | L73: 0 | M73: 0 | P73: 0 | Q73: 0 | R73: 0
A74: 1 pickup weekly (per container) | B74: 85 | C74: 97 | D74: 0 | E74: 0 | F74: =ROUND(D74+E74,2) -> 0 | K74: 0 | L74: 0 | M74: 0 | P74: 0 | Q74: 0 | R74: 0
A75: 2 pickups weekly (per container) | B75: 63 | C75: 69 | D75: 0 | E75: 0 | F75: =ROUND(D75+E75,2) -> 0 | K75: 0 | L75: 0 | M75: 0 | P75: 0 | Q75: 0 | R75: 0
A76: 3 pickups weekly (per container) | B76: 28 | C76: 29 | D76: 0 | E76: 0 | F76: =ROUND(D76+E76,2) -> 0 | K76: 0 | L76: 0 | M76: 0 | P76: 0 | Q76: 0 | R76: 0
A77: 4 pickups weekly (per container) | B77: 4 | C77: 4 | D77: 0 | E77: 0 | F77: =ROUND(D77+E77,2) -> 0 | K77: 0 | L77: 0 | M77: 0 | P77: 0 | Q77: 0 | R77: 0
A78: 5 pickups weekly (per container) | B78: 6 | C78: 6 | D78: 0 | E78: 0 | F78: =ROUND(D78+E78,2) -> 0 | K78: 0 | L78: 0 | M78: 0 | P78: 0 | Q78: 0 | R78: 0
A79: 6 pickups weekly (per container) | B79: 1 | C79: 1 | D79: 0 | E79: 0 | F79: =ROUND(D79+E79,2) -> 0 | K79: 0 | L79: 0 | M79: 0 | P79: 0 | Q79: 0 | R79: 0
A80: Compacted Containers:
A81: 1 pickup weekly 1 Cu Yard (per container) | B81: 1 | C81: 1 | D81: 0 | E81: 0 | F81: =ROUND(D81+E81,2) -> 0 | K81: 0 | L81: 0 | M81: 0 | P81: 0 | Q81: 0 | R81: 0
A82: 1 pickup weekly 1.5 Cu Yard (per container) | B82: 1 | C82: 1 | D82: 0 | E82: 0 | F82: =ROUND(D82+E82,2) -> 0 | K82: 0 | L82: 0 | M82: 0 | P82: 0 | Q82: 0 | R82: 0
A83: 2 yard (on call, per pickup) | B83: 1 | C83: 1 | D83: 0 | E83: 0 | F83: =ROUND(D83+E83,2) -> 0 | K83: 0 | L83: 0 | M83: 0 | P83: 0 | Q83: 0 | R83: 0
A84: Every Other week 2 Cu Yard (per container) | B84: 2 | C84: 3 | D84: 0 | E84: 0 | F84: =ROUND(D84+E84,2) -> 0 | K84: 0 | L84: 0 | M84: 0 | P84: 0 | Q84: 0 | R84: 0
A85: 1 pickup weekly 2 Cu Yard (per container) | B85: 4 | C85: 10 | D85: 0 | E85: 0 | F85: =ROUND(D85+E85,2) -> 0 | K85: 0 | L85: 0 | M85: 0 | P85: 0 | Q85: 0 | R85: 0
A86: 2 pickups weekly 2 Cu Yard (per container) | B86: 11 | C86: 21 | D86: 0 | E86: 0 | F86: =ROUND(D86+E86,2) -> 0 | K86: 0 | L86: 0 | M86: 0 | P86: 0 | Q86: 0 | R86: 0
A87: 3 pickups weekly 2 Cu Yard (per container) | B87: 2 | C87: 3 | D87: 0 | E87: 0 | F87: =ROUND(D87+E87,2) -> 0 | K87: 0 | L87: 0 | M87: 0 | P87: 0 | Q87: 0 | R87: 0
A88: 4 pickups weekly 2 Cu Yard (per container) | B88: 1 | C88: 1 | D88: 0 | E88: 0 | F88: =ROUND(D88+E88,2) -> 0 | K88: 0 | L88: 0 | M88: 0 | P88: 0 | Q88: 0 | R88: 0
A89: 6 pickups weekly 2 Cu Yard (per container) | B89: 1 | C89: 2 | D89: 0 | E89: 0 | F89: =ROUND(D89+E89,2) -> 0 | K89: 0 | L89: 0 | M89: 0 | P89: 0 | Q89: 0 | R89: 0
A90: 1 pickup weekly 3 Cu Yard (per container) | B90: 6 | C90: 7 | D90: 0 | E90: 0 | F90: =ROUND(D90+E90,2) -> 0 | K90: 0 | L90: 0 | M90: 0 | P90: 0 | Q90: 0 | R90: 0
A91: 2 pickups weekly 3 Cu Yard (per container) | B91: 3 | C91: 5 | D91: 0 | E91: 0 | F91: =ROUND(D91+E91,2) -> 0 | K91: 0 | L91: 0 | M91: 0 | P91: 0 | Q91: 0 | R91: 0
A92: 4 yard (on call, per pickup) | B92: 1 | C92: 4 | D92: 0 | E92: 0 | F92: =ROUND(D92+E92,2) -> 0 | K92: 0 | L92: 0 | M92: 0 | P92: 0 | Q92: 0 | R92: 0
... A98: 2 pickups weekly 6 Cu Yard (per container) | B98: 4 | C98: 4 | D98: 0 | E98: 0 | F98: =ROUND(D98+E98,2) -> 0 | K98: 0 | L98: 0 | M98: 0 | P98: 0 | Q98: 0 | R98: 0
A99: Subtotal: Annual Revenue for Collection Services | F99: =12*SUMPRODUCT($C$11:$C$20*F11:F20)+12*SUMPRODUCT($C$22:$C$23*F22:F23)+12*SUMPRODUCT($C$25:$C$98*F25:F98) -> 0 | G99: Annual Revenue Increase/(Decrease) | K99: =12*SUMPRODUCT($C$11:$C$20*K11:K20)+12*SUMPRODUCT($C$25:$C$98*K25:K98) -> 0 | L99: =12*SUMPRODUCT($C$11:$C$20*L11:L20)+12*SUMPRODUCT($C$25:$C$98*L25:L98) -> 0 | M99: =12*SUMPRODUCT($C$11:$C$20*M11:M20)+12*SUMPRODUCT($C$25:$C$98*M25:M98) -> 0 | P99: =12*SUMPRODUCT($C$11:$C$20*P11:P20)+12*SUMPRODUCT($C$25:$C$98*P25:P98) -> 0 | Q99: =12*SUMPRODUCT($C$11:$C$20*Q11:Q20)+12*SUMPRODUCT($C$25:$C$98*Q25:Q98) -> 0 | R99: =12*SUMPRODUCT($C$11:$C$20*R11:R20)+12*SUMPRODUCT($C$25:$C$98*R25:R98) -> 0
H101: WUTC Fee
H102: for Other
A103: Organics Collection | B103: # of Customers | C103: # of Containers | F103: Monthly Service Fee | H103: Services
A104: 1-96 Gal Cart, (on call, per pickup) | B104: 1 | C104: 1 | D104: 0 | E104: 0 | F104: =ROUND(D104+E104,2) -> 0
A105: 1-96 Gal Cart, weekly collection | B105: 146 | C105: 252 | D105: 0 | E105: 0 | F105: =ROUND(D105+E105,2) -> 0
A106: 1-1 Cu Yard, weekly collection | B106: 1 | C106: 1 | D106: 0 | E106: 0 | F106: =ROUND(D106+E106,2) -> 0
A107: 1-2 Cu Yard, weekly collection | B107: 1 | C107: 1 | D107: 0 | E107: 0 | F107: =ROUND(D107+E107,2) -> 0
...

Sheet SF Residential - COS
A1: Single-family Residential -- Cost-of-Service Rates Worksheet
A3: CITY OF BELLEVUE | B3: Single-family Cost-of-Service
A4: Garbage Service Fees
A5: yellow is a contractor modifiable field | J5: For | N5: Service Fee Increase/(Decrease) for Key Service Enhancements | S5: Service Fee Increase/(Decrease) for New Service Option
C6: City | J6: Informational | O6: Collect | S6: In-City Customer
C7: Estimated | F7: Proposed | J7: Purposes: | N7: Saturday | O7: Additional | P7: On-Line Account | S7: Service
B8: Current | C8: Container | D8: Proposed | E8: Proposed | F8: Total | J8: Proposed | N8: Collection | O8: Recyclables | P8: Management & | Q8: 6 Days a Week | S8: Opportunities
A9: RESIDENTIAL SERVICES | B9: Container | C9: Count for | D9: Disposal | E9: Collection | F9: Service | J9: Container | N9: for Friday | O9: Where | P9: Electronic | Q9: Staffed | S9: per Contract
A10: Monthly Rates for Weekly Service, except where noted | B10: Count | C10: Scoring1 | D10: Fee | E10: Fee | F10: Fee | J10: Count2 | N10: Misses | O10: Feasible | P10: Billing | Q10: Call Center | S10: Section 3.3.2.1
A11: 1 10 Gallon Micro-Can | C11: 600 | D11: 0 | E11: 0 | F11: =ROUND(D11+E11,2) -> 0 | J11: 0 | N11: 0 | O11: 0 | P11: 0 | Q11: 0 | S11: 0
A12: 1 20 Gallon Cart | B12: 6046 | C12: 5446 | D12: 0 | E12: 0 | F12: =ROUND(D12+E12,2) -> 0 | J12: 0 | N12: 0 | O12: 0 | P12: 0 | Q12: 0 | S12: 0
A13: 1 32 Gallon Cart | B13: =13361+471+184*2+6*3+1*4 -> 14222 | C13: 14222 | D13: 0 | E13: 0 | F13: =ROUND(D13+E13,2) -> 0 | J13: =29176-SUM(J14:J16)-J11-J12 -> 29176 | N13: 0 | O13: 0 | P13: 0 | Q13: 0 | S13: 0
A14: 1 45 Gallon Cart | C14: 1262 | D14: 0 | E14: 0 | F14: =ROUND(D14+E14,2) -> 0 | J14: 0 | N14: 0 | O14: 0 | P14: 0 | Q14: 0 | S14: 0
A15: 1 64 Gallon Cart | B15: 6424 | C15: 5162 | D15: 0 | E15: 0 | F15: =ROUND(D15+E15,2) -> 0 | J15: 0 | N15: 0 | O15: 0 | P15: 0 | Q15: 0 | S15: 0
A16: 1 96 Gallon Cart | B16: 2484 | C16: 2484 | D16: 0 | E16: 0 | F16: =ROUND(D16+E16,2) -> 0 | J16: 0 | N16: 0 | O16: 0 | P16: 0 | Q16: 0 | S16: 0
A17: Owner-used garbage can surcharge (per can per month) | B17: =471+2*184+6*3+1*4 -> 861 | C17: 861 | D17: - | E17: 0 | F17: =ROUND(D17+E17,2) -> 0 | J17: 861
B18: Extras/Month | C18: Extras/Month | F18: Fee/Extra | J18: Extras/Month
A19: 1 32 gallon equivalent "extra" or overweight, per item | B19: 1778 | C19: 1778 | D19: 0 | E19: 0 | F19: =ROUND(D19+E19,2) -> 0 | J19: 1778
A20: Subtotal: Annual Revenue for Collection Services | F20: =12*SUMPRODUCT($C$11:$C$17*F11:F17)+12*C19*F19 -> 0 | K20: Annual Revenue Increase/(Decrease) | N20: =12*SUMPRODUCT($C$11:$C$17*N11:N17) -> 0 | O20: =12*SUMPRODUCT($C$11:$C$17*O11:O17) -> 0 | P20: =12*SUMPRODUCT($C$11:$C$17*P11:P17) -> 0 | Q20: =12*SUMPRODUCT($C$11:$C$17*Q11:Q17) -> 0 | S20: =12*SUMPRODUCT($C$11:$C$17*S11:S17) -> 0
H22: WUTC Fee
H23: for Other
A24: Extra Organics Service: | B24: Items/Month | C24: Items/Month | F24: Fee/Item | H24: Services | J24: Items/Month
A25: Extra Can/Bag/Bundle >6 units per week, per unit | B25: =1248/12 -> 104 | C25: 104 | E25: 0 | F25: =ROUND(D25+E25,2) -> 0 | H25: 2.86 | J25: =1248/12 -> 104
A26: Extra 96 Gallon Organics Cart rental, per month | B26: 1579 | C26: 1579 | E26: 0 | F26: =ROUND(D26+E26,2) -> 0 | H26: 1.6 | J26: 1579
A27: Recycling Only/Organics Only Weekly Services:
A28: Recycling Only | B28: 63 | C28: 63 | E28: 0 | F28: =ROUND(D28+E28,2) -> 0 | H28: 10.2 | J28: 63
A29: Organics Only | B29: 87 | C29: 87 | D29: 0 | E29: 0 | F29: =ROUND(D29+E29,2) -> 0 | H29: 9.6 | J29: 87
A30: Recycling & Organics Only | B30: 1 | C30: 1 | D30: 0 | E30: 0 | F30: =ROUND(D30+E30,2) -> 0 | J30: 1
A31: Miscellaneous Fees per item:
A32: Return Trip | B32: =156/12 -> 13 | C32: =156/12 -> 13 | E32: 0 | F32: =ROUND(D32+E32,2) -> 0 | H32: 5.73 | J32: =156/12 -> 13
A33: Drive-in - monthly fee | B33: 21 | C33: 21 | E33: 0 | F33: =ROUND(D33+E33,2) -> 0 | H33: 5.25 | J33: 21
A34: Carryout (each 25') - monthly fee | B34: 31 | C34: 31 | E34: 0 | F34: =ROUND(D34+E34,2) -> 0 | H34: 0.55 | J34: 31
A35: Bear-Proof Cart Surcharge (per cart per month) | B35: 1 | C35: 1 | E35: 0 | F35: =ROUND(D35+E35,2) -> 0 | J35: 1
A36: Pressure Washing (per yard) | B36: 1 | C36: 1 | E36: 0 | F36: =ROUND(D36+E36,2) -> 0 | H36: 2.1 | J36: 1
A37: Steam Cleaning (per yard) | B37: 1 | C37: 1 | E37: 0 | F37: =ROUND(D37+E37,2) -> 0 | H37: 1.51 | J37: 1
A38: Redelivery Fee (carts) | B38: =226/12 -> 18.833333 | C38: =226/12 -> 18.833333 | E38: 0 | F38: =ROUND(D38+E38,2) -> 0 | H38: 16.7 | J38: =226/12 -> 18.833333
A39: Bulky Waste Collection:
A40: On Call - per item per pickup | B40: 1 | C40: 1 | E40: 0 | F40: =ROUND(D40+E40,2) -> 0 | J40: 1
A41: Quarterly Bulky Waste Pickup - per item, four or fewer items | B41: 1 | C41: 1 | E41: 0 | F41: =ROUND(D41+E41,2) -> 0 | J41: 1
A42: Subtotal: Annual Revenue for Other Services | F42: =12*SUMPRODUCT(C25:C41*F25:F41) -> 0
A44: Total Annual Residential Single-family Revenue | F44: =F20+F42 -> 0 | K44: Annual Revenue Increase/(Decrease) | N44: =N20 -> 0 | O44: =O20 -> 0 | P44: =P20 -> 0 | Q44: =Q20 -> 0 | S44: =S20 -> 0
F45: Base Proposal Total | N45: Key Service Enhancements Totals | S45: New Service Option Total
A47: Footnotes:
A48: 1Estimated container counts are for scoring and comparison purposes only. Counts are based on review of container size
A49: distributions in neighboring jurisdictions. These count estimates have not been statistically validated.
A50: 2Proponent estimates of container counts for informational purposes only; these estimates will not be used in scoring of proposals.
A51: General Notes:
A52: 1. Only yellow shaded cells on this sheet are modifiable.
A53: 2. King County garbage tip fee for 2013-2014 as approved by King County Council is $120.17 per ton.
A54: 3. Current container counts for basic services are based on Allied-Republic December 2012 Bellevue Report; container count for cans
A55: is included in 32-gallon cart count.
A56: 4. Item counts for other services are based on Allied-Republic average counts where available, except that --
A57: where actual demand for other services is unknown a line item demand of 1 is assumed.
A58: 5. Proposed garbage service fees include weekly curbside recycling at no additional charge.
... A61: to Bellevue; no fee is shown for services that are not listed on current WUTC tariffs for these companies.

Sheet SF Residential - Linear
A1: Single-family Residential -- Linear Rates Worksheet
A3: CITY OF BELLEVUE | B3: Single-family Linear
A4: Garbage Service Fees
A5: yellow is a contractor modifiable field | K5: Service Fee Increase/(Decrease) for Key Service Enhancements | P5: Service Fee Increase/(Decrease) for New Service Option
L6: Collect | P6: In-City Customer
F7: Proposed | K7: Saturday | L7: Additional | M7: On-Line Account | P7: Service
B8: Current | C8: Proposed | D8: Proposed | E8: Proposed | F8: Total | K8: Collection | L8: Recyclables | M8: Management & | N8: 6 Days a Week | P8: Opportunities
A9: RESIDENTIAL SERVICES | B9: Container | C9: Container | D9: Disposal | E9: Collection | F9: Service | K9: for Friday | L9: Where | M9: Electronic | N9: Staffed | P9: per Contract
A10: Monthly Rates for Weekly Service, except where noted | B10: Count | C10: Count | D10: Fee | E10: Fee | F10: Fee | K10: Misses | L10: Feasible | M10: Billing | N10: Call Center | P10: Section 3.3.2.1
A11: 1 10 Gallon Micro-Can | C11: 0 | D11: =(10/32)*D13 -> 0 | E11: =(10/32)*E13 -> 0 | F11: =ROUND(D11+E11,2) -> 0 | K11: =(10/32)*K13 -> 0 | L11: =(10/32)*L13 -> 0 | M11: =(10/32)*M13 -> 0 | N11: =(10/32)*N13 -> 0 | P11: =(10/32)*P13 -> 0
A12: 1 20 Gallon Cart | B12: 6046 | C12: 0 | D12: =(20/32)*D13 -> 0 | E12: =(20/32)*E13 -> 0 | F12: =ROUND(D12+E12,2) -> 0 | K12: =(20/32)*K13 -> 0 | L12: =(20/32)*L13 -> 0 | M12: =(20/32)*M13 -> 0 | N12: =(20/32)*N13 -> 0 | P12: =(20/32)*P13 -> 0
A13: 1 32 Gallon Cart | B13: =13361+471+184*2+6*3+1*4 -> 14222 | C13: =29176-SUM(C14:C16)-C11-C12 -> 29176 | D13: 0 | E13: 0 | F13: =ROUND(D13+E13,2) -> 0 | K13: 0 | L13: 0 | M13: 0 | N13: 0 | P13: 0
A14: 1 45 Gallon Cart | C14: 0 | D14: =(45/32)*D13 -> 0 | E14: =(45/32)*E13 -> 0 | F14: =ROUND(D14+E14,2) -> 0 | K14: =(45/32)*K13 -> 0 | L14: =(45/32)*L13 -> 0 | M14: =(45/32)*M13 -> 0 | N14: =(45/32)*N13 -> 0 | P14: =(45/32)*P13 -> 0
A15: 1 64 Gallon Cart | B15: 6424 | C15: 0 | D15: =(64/32)*D13 -> 0 | E15: =(64/32)*E13 -> 0 | F15: =ROUND(D15+E15,2) -> 0 | K15: =(64/32)*K13 -> 0 | L15: =(64/32)*L13 -> 0 | M15: =(64/32)*M13 -> 0 | N15: =(64/32)*N13 -> 0 | P15: =(64/32)*P13 -> 0
A16: 1 96 Gallon Cart | B16: 2484 | C16: 0 | D16: =(96/32)*D13 -> 0 | E16: =(96/32)*E13 -> 0 | F16: =ROUND(D16+E16,2) -> 0 | K16: =(96/32)*K13 -> 0 | L16: =(96/32)*L13 -> 0 | M16: =(96/32)*M13 -> 0 | N16: =(96/32)*N13 -> 0 | P16: =(96/32)*P13 -> 0
A17: Owner-used garbage can surcharge (per can per month) | B17: =471+2*184+6*3+1*4 -> 861 | C17: 861 | D17: - | E17: 0 | F17: =ROUND(D17+E17,2) -> 0
B18: Extras/Month | C18: Extras/Month | F18: Fee/Extra
A19: 1 32 gallon equivalent "extra" or overweight, per item | B19: 1778 | C19: 1778 | D19: =D13/(52/12) -> 0 | E19: 0 | F19: =ROUND(D19+E19,2) -> 0
A20: Subtotal: Annual Revenue for Collection Services | F20: =12*SUMPRODUCT($C$11:$C$17*F11:F17)+12*C19*F19 -> 0 | G20: Annual Revenue Increase/(Decrease) | K20: =12*SUMPRODUCT($C$11:$C$17*K11:K17) -> 0 | L20: =12*SUMPRODUCT($C$11:$C$17*L11:L17) -> 0 | M20: =12*SUMPRODUCT($C$11:$C$17*M11:M17) -> 0 | N20: =12*SUMPRODUCT($C$11:$C$17*N11:N17) -> 0 | P20: =12*SUMPRODUCT($C$11:$C$17*P11:P17) -> 0
H22: WUTC Fee
H23: for Other
A24: Extra Organics Service: | B24: Items/Month | C24: Items/Month | F24: Fee/Item | H24: Services
A25: Extra Can/Bag/Bundle >6 units per week, per unit | B25: =1248/12 -> 104 | C25: =1248/12 -> 104 | E25: 0 | F25: =ROUND(D25+E25,2) -> 0 | H25: 2.86
A26: Extra 96 Gallon Organics Cart rental, per month | B26: 1579 | C26: 1579 | E26: 0 | F26: =ROUND(D26+E26,2) -> 0 | H26: 1.6
A27: Recycling Only/Organics Only Weekly Services:
A28: Recycling Only | B28: 63 | C28: 63 | E28: 0 | F28: =ROUND(D28+E28,2) -> 0 | H28: 10.2
A29: Organics Only | B29: 87 | C29: 87 | D29: 0 | E29: 0 | F29: =ROUND(D29+E29,2) -> 0 | H29: 9.6
A30: Recycling & Organics Only | B30: 1 | C30: 1 | D30: 0 | E30: 0 | F30: =ROUND(D30+E30,2) -> 0
A31: Miscellaneous Fees per item:
A32: Return Trip | B32: =156/12 -> 13 | C32: =156/12 -> 13 | E32: 0 | F32: =ROUND(D32+E32,2) -> 0 | H32: 5.73
A33: Drive-in - monthly fee | B33: 21 | C33: 21 | E33: 0 | F33: =ROUND(D33+E33,2) -> 0 | H33: 5.25
A34: Carryout (each 25') - monthly fee | B34: 31 | C34: 31 | E34: 0 | F34: =ROUND(D34+E34,2) -> 0 | H34: 0.55
A35: Bear-Proof Cart Surcharge (per cart per month) | B35: 1 | C35: 1 | E35: 0 | F35: =ROUND(D35+E35,2) -> 0
A36: Pressure Washing (per yard) | B36: 1 | C36: 1 | E36: 0 | F36: =ROUND(D36+E36,2) -> 0 | H36: 2.1
A37: Steam Cleaning (per yard) | B37: 1 | C37: 1 | E37: 0 | F37: =ROUND(D37+E37,2) -> 0 | H37: 1.51
A38: Redelivery Fee (carts) | B38: =226/12 -> 18.833333 | C38: =226/12 -> 18.833333 | E38: 0 | F38: =ROUND(D38+E38,2) -> 0 | H38: 16.7
A39: Bulky Waste Collection:
A40: On Call - per item per pickup | B40: 1 | C40: 1 | E40: 0 | F40: =ROUND(D40+E40,2) -> 0
A41: Quarterly Bulky Waste Pickup - per item, four or fewer items | B41: 1 | C41: 1 | E41: 0 | F41: =ROUND(D41+E41,2) -> 0
A42: Subtotal: Annual Revenue for Other Services | F42: =12*SUMPRODUCT(C25:C41*F25:F41) -> 0
A44: Total Annual Residential Single-family Revenue | F44: =F20+F42 -> 0 | G44: Annual Revenue Increase/(Decrease) | K44: =K20 -> 0 | L44: =L20 -> 0 | M44: =M20 -> 0 | N44: =N20 -> 0 | P44: =P20 -> 0
F45: Linear Proposal Total | K45: Key Service Enhancements Totals | P45: New Service Option Total
A46: SPECIAL NOTE - TOTAL ANNUAL SINGLE-FAMILY REVENUE FOR LINEAR RATES SHOULD BE EQUAL TO OR LESS THAN THE TOTAL ANNUAL SINGLE-FAMILY REVENUE FOR COST-OF-SERVICE RATES. IF NOT, THEN PROPONENT NEEDS TO EXPLAIN IN DETAIL WHY.
A48: Notes:
A49: 1. Only yellow shaded cells on this sheet are modifiable.
A50: 2. King County garbage tip fee for 2013-2014 as approved by King County Council is $120.17 per ton.
A51: 3. Current container counts for basic services are based on Allied-Republic December 2012 Bellevue Report; container count for cans
A52: is included in 32-gallon cart count.
A53: 4. Item counts for other services are based on Allied-Republic average counts where available, except that --
A54: where actual demand for other services is unknown a line item demand of 1 is assumed.
A55: 5. Proposed garbage service fees include weekly curbside recycling at no additional charge.
A56: 6. Proposed garbage service fees include weekly curbside collection of organics at no additional charge.
A57: 7. WUTC Fee is the average fee charged by Sno-King and Eastside Disposal in unincorporated King County areas adjacent
A58: to Bellevue; no fee is shown for services that are not listed on current WUTC tariffs for these companies.
