Workbook

Sheet Overview
A1: WEST BRANCH MARINA HISTORICAL DATA
A3: Category
A4: of Revenue | B4: 2000 | C4: 2001 | D4: 2002 | E4: 2003 | F4: 2004 | G4: 2005 | H4: 2006 | I4: 2007 | J4: 2008 | K4: 2009 | L4: 2010 | M4: 2011 | N4: 2012
A5: Rental - Boats & Motors | B5: ='2000'!N5 -> 89169.35 | C5: ='2001'!N5 -> 71468.91 | D5: ='2002'!N5 -> 120198.25 | E5: ='2003'!N5 -> 80880.25 | F5: ='2004'!N5 -> 82271.1 | G5: ='2005'!N5 -> 134183.25 | H5: ='2006'!N5 -> 123654.25 | I5: ='2007'!N5 -> 144991.46 | J5: ='2008'!N5 -> 133455.8 | K5: ='2009'!N5 -> 129053.76 | L5: ='2010'!N5 -> 156419.01 | M5: ='2011'!N5 -> 158752.9 | N5: ='2012'!N5 -> 133456.26
A6: Marine Equipment Sales | B6: ='2000'!N6 -> 12988.85 | C6: ='2001'!N6 -> 11370.6 | D6: ='2002'!N6 -> 17059.73 | E6: ='2003'!N6 -> 10400.37 | F6: ='2004'!N6 -> 9810.36 | G6: ='2005'!N6 -> 10551.06 | H6: ='2006'!N6 -> 9994.5 | I6: ='2007'!N6 -> 11010.62 | J6: ='2008'!N6 -> 14928.97 | K6: ='2009'!N6 -> 13275.37 | L6: ='2010'!N6 -> 14951.01 | M6: ='2011'!N6 -> 19869.49 | N6: ='2012'!N6 -> 13555.54
A7: Bait and Tackle | B7: ='2000'!N7 -> 3982.42 | C7: ='2001'!N7 -> 3815.02 | D7: ='2002'!N7 -> 4948.19 | E7: ='2003'!N7 -> 3535.01 | F7: ='2004'!N7 -> 2713.75 | G7: ='2005'!N7 -> 3481.64 | H7: ='2006'!N7 -> 4587.27 | I7: ='2007'!N7 -> 4723.29 | J7: ='2008'!N7 -> 3775.72 | K7: ='2009'!N7 -> 4665.61 | L7: ='2010'!N7 -> 3035.97 | M7: ='2011'!N7 -> 2470.64 | N7: ='2012'!N7 -> 2291.83
A8: Gasoline and Oil | B8: ='2000'!N8 -> 31519.56 | C8: ='2001'!N8 -> 28839.83 | D8: ='2002'!N8 -> 50581.72 | E8: ='2003'!N8 -> 27503.31 | F8: ='2004'!N8 -> 34049.52 | G8: ='2005'!N8 -> 49023.44 | H8: ='2006'!N8 -> 50083.16 | I8: ='2007'!N8 -> 57283.76 | J8: ='2008'!N8 -> 50095.66 | K8: ='2009'!N8 -> 40362.05 | L8: ='2010'!N8 -> 61436.24 | M8: ='2011'!N8 -> 74985.56 | N8: ='2012'!N8 -> 66118.53
A9: Food and Beverage | B9: ='2000'!N9 -> 23757.49 | C9: ='2001'!N9 -> 18335.16 | D9: ='2002'!N9 -> 25879.85 | E9: ='2003'!N9 -> 18648.1 | F9: ='2004'!N9 -> 22182.34 | G9: ='2005'!N9 -> 26763.96 | H9: ='2006'!N9 -> 26248.25 | I9: ='2007'!N9 -> 26180.85 | J9: ='2008'!N9 -> 26595.46 | K9: ='2009'!N9 -> 28303.89 | L9: ='2010'!N9 -> 27271.16 | M9: ='2011'!N9 -> 30071.29 | N9: ='2012'!N9 -> 28586.34
A10: Vending | B10: ='2000'!N10 -> 1553.93 | C10: ='2001'!N10 -> 2300.1 | D10: ='2002'!N10 -> 2444 | E10: ='2003'!N10 -> 854 | F10: ='2004'!N10 -> 1446 | G10: ='2005'!N10 -> 1290 | H10: ='2006'!N10 -> 906 | I10: ='2007'!N10 -> 444 | J10: ='2008'!N10 -> 810 | K10: ='2009'!N10 -> 861 | L10: ='2010'!N10 -> 605 | M10: ='2011'!N10 -> 402 | N10: ='2012'!N10 -> 510
A11: Transient Dockage | B11: ='2000'!N11 -> 1345 | C11: ='2001'!N11 -> 1220 | D11: ='2002'!N11 -> 1400 | E11: ='2003'!N11 -> 610 | F11: ='2004'!N11 -> 1620 | G11: ='2005'!N11 -> 1815 | H11: ='2006'!N11 -> 715 | I11: ='2007'!N11 -> 615 | J11: ='2008'!N11 -> 495 | K11: ='2009'!N11 -> 545 | L11: ='2010'!N11 -> 350 | M11: ='2011'!N11 -> 535 | N11: ='2012'!N11 -> 420
A12: Souvenirs and Sundries | B12: ='2000'!N12 -> 49.44 | C12: ='2001'!N12 -> 59.02 | D12: ='2002'!N12 -> 48.48 | E12: ='2003'!N12 -> 0 | F12: ='2004'!N12 -> 0 | G12: ='2005'!N12 -> 0 | H12: ='2006'!N12 -> 0 | I12: ='2007'!N12 -> 0 | J12: ='2008'!N12 -> 0 | K12: ='2009'!N12 -> 0 | L12: ='2010'!N12 -> 0 | M12: ='2011'!N12 -> 0 | N12: ='2012'!N12 -> 0
A13: All Other Receipts | B13: ='2000'!N13 -> 509.8 | C13: ='2001'!N13 -> 0 | D13: ='2002'!N13 -> 1201.35 | E13: ='2003'!N13 -> 605.92 | F13: ='2004'!N13 -> 307.49 | G13: ='2005'!N13 -> 433.08 | H13: ='2006'!N13 -> 755.77 | I13: ='2007'!N13 -> 1150.41 | J13: ='2008'!N13 -> 633.89 | K13: ='2009'!N13 -> 648.53 | L13: ='2010'!N13 -> 695.06 | M13: ='2011'!N13 -> 1946.3 | N13: ='2012'!N13 -> 4848.31
A14: Totals | B14: ='2000'!N14 -> 164875.84 | C14: ='2001'!N14 -> 137408.64 | D14: ='2002'!N14 -> 223761.57 | E14: ='2003'!N14 -> 143036.96 | F14: ='2004'!N14 -> 154400.56 | G14: ='2005'!N14 -> 227541.43 | H14: ='2006'!N14 -> 216944.2 | I14: ='2007'!N14 -> 246399.39 | J14: ='2008'!N14 -> 230790.5 | K14: ='2009'!N14 -> 217715.21 | L14: ='2010'!N14 -> 264763.45 | M14: ='2011'!N14 -> 289033.18 | N14: ='2012'!N14 -> 249786.81
A16: Commissions Paid | B16: ='2000'!O14 -> 13452.42 | C16: ='2001'!O14 -> 11012.75 | D16: ='2002'!O14 -> 13300.18 | E16: ='2003'!O14 -> 12769.54 | F16: ='2004'!O14 -> 13810.33 | G16: ='2005'!O14 -> 8476.42 | H16: ='2006'!O14 -> 18917.11 | I16: ='2007'!O14 -> 21496.28 | J16: ='2008'!O14 -> 20150.24 | K16: ='2009'!O14 -> 19524.06 | L16: ='2010'!O14 -> 22902.51 | M16: ='2011'!O14 -> 24244.12 | N16: ='2012'!O14 -> 20800.5

Sheet Graphs

Sheet 2012
A1: WEST BRANCH MARINA HISTORICAL DATA - 2012
A3: Category | N3: Total | O3: Commission | P3: %
A4: of Revenue | B4: Jan. | C4: Feb. | D4: March | E4: Apr. | F4: May | G4: Jun. | H4: Jul. | I4: Aug. | J4: Sept. | K4: Oct. | L4: Nov. | M4: Dec. | N4: Receipts | O4: Paid | P4: Paid
A5: Rental - Boats & Motors | B5: 0 | C5: 0 | D5: 0 | E5: 0 | F5: 14250.96 | G5: 35457.2 | H5: 48524 | I5: 30072.1 | J5: 5152 | K5: 0 | L5: 0 | M5: 0 | N5: 133456.26 | O5: 14680.19 | P5: 0.11
A6: Marine Equipment Sales | B6: 0 | C6: 0 | D6: 0 | E6: 0 | F6: 2570.87 | G6: 4951.01 | H6: 4582.37 | I6: 1214.02 | J6: 237.27 | K6: 0 | L6: 0 | M6: 0 | N6: 13555.54 | O6: 948.89 | P6: 0.07
A7: Bait and Tackle | B7: 0 | C7: 0 | D7: 0 | E7: 0 | F7: 572.77 | G7: 768.39 | H7: 594.12 | I7: 309.64 | J7: 46.91 | K7: 0 | L7: 0 | M7: 0 | N7: 2291.83 | O7: 252.09 | P7: 0.11
A8: Gasoline and Oil | B8: 0 | C8: 0 | D8: 0 | E8: 0 | F8: 8862.28 | G8: 17828.5 | H8: 25838.6 | I8: 12114.85 | J8: 1474.3 | K8: 0 | L8: 0 | M8: 0 | N8: 66118.53 | O8: 1983.57 | P8: 0.03
A9: Food and Beverage | B9: 0 | C9: 0 | D9: 0 | E9: 0 | F9: 4610.85 | G9: 9180.03 | H9: 9038.99 | I9: 4555.92 | J9: 1200.55 | K9: 0 | L9: 0 | M9: 0 | N9: 28586.34 | O9: 2286.9 | P9: 0.08
A10: Vending | B10: 0 | C10: 0 | D10: 0 | E10: 0 | F10: 60 | G10: 150 | H10: 140 | I10: 110 | J10: 50 | K10: 0 | L10: 0 | M10: 0 | N10: 510 | O10: 51 | P10: 0.1
A11: Transient Dockage | B11: 0 | C11: 0 | D11: 0 | E11: 0 | F11: 60 | G11: 135 | H11: 150 | I11: 75 | J11: 0 | K11: 0 | L11: 0 | M11: 0 | N11: 420 | O11: 210 | P11: 0.5
A12: Souvenirs and Sundries | B12: 0 | C12: 0 | D12: 0 | E12: 0 | F12: 0 | G12: 0 | H12: 0 | I12: 0 | J12: 0 | K12: 0 | L12: 0 | M12: 0 | N12: 0 | O12: 0 | P12: 0.12
A13: All Other Receipts | B13: 0 | C13: 0 | D13: 0 | E13: 0 | F13: 175.53 | G13: 801.04 | H13: 2398.96 | I13: 1120.61 | J13: 352.17 | K13: 0 | L13: 0 | M13: 0 | N13: 4848.31 | O13: 387.86 | P13: 0.08
B14: 0 | C14: 0 | D14: 0 | E14: 0 | F14: 31163.26 | G14: 69271.17 | H14: 91267.04 | I14: 49572.14 | J14: 8513.2 | K14: 0 | L14: 0 | M14: 0 | N14: 249786.81 | O14: 20800.5

Sheet 2011
A1: WEST BRANCH MARINA HISTORICAL DATA - 2011
A3: Category | N3: Total | O3: Commission | P3: %
A4: of Revenue | B4: Jan. | C4: Feb. | D4: March | E4: Apr. | F4: May | G4: Jun. | H4: Jul. | I4: Aug. | J4: Sept. | K4: Oct. | L4: Nov. | M4: Dec. | N4: Receipts | O4: Paid | P4: Paid
A5: Rental - Boats & Motors | B5: 0 | C5: 0 | D5: 0 | E5: 0 | F5: 9477 | G5: 22733.15 | H5: 68359.25 | I5: 45975 | J5: 12208.5 | K5: 0 | L5: 0 | M5: 0 | N5: 158752.9 | O5: 17462.83 | P5: 0.11
A6: Marine Equipment Sales | B6: 0 | C6: 0 | D6: 0 | E6: 0 | F6: 2058.59 | G6: 5060.06 | H6: 7280.05 | I6: 4692.2 | J6: 778.59 | K6: 0 | L6: 0 | M6: 0 | N6: 19869.49 | O6: 1390.85 | P6: 0.07
A7: Bait and Tackle | B7: 0 | C7: 0 | D7: 0 | E7: 0 | F7: 269.62 | G7: 816.67 | H7: 835.57 | I7: 345 | J7: 203.78 | K7: 0 | L7: 0 | M7: 0 | N7: 2470.64 | O7: 271.77 | P7: 0.11
A8: Gasoline and Oil | B8: 0 | C8: 0 | D8: 0 | E8: 0 | F8: 4984.76 | G8: 11127.67 | H8: 30761.77 | I8: 22481.19 | J8: 5630.17 | K8: 0 | L8: 0 | M8: 0 | N8: 74985.56 | O8: 2249.57 | P8: 0.03
A9: Food and Beverage | B9: 0 | C9: 0 | D9: 0 | E9: 0 | F9: 2641.27 | G9: 6700.92 | H9: 12083.58 | I9: 7409.91 | J9: 1235.61 | K9: 0 | L9: 0 | M9: 0 | N9: 30071.29 | O9: 2405.7 | P9: 0.08
A10: Vending | B10: 0 | C10: 0 | D10: 0 | E10: 0 | F10: 40 | G10: 35 | H10: 192 | I10: 100 | J10: 35 | K10: 0 | L10: 0 | M10: 0 | N10: 402 | O10: 40.2 | P10: 0.1
A11: Transient Dockage | B11: 0 | C11: 0 | D11: 0 | E11: 0 | F11: 15 | G11: 180 | H11: 235 | I11: 105 | J11: 0 | K11: 0 | L11: 0 | M11: 0 | N11: 535 | O11: 267.5 | P11: 0.5
A12: Souvenirs and Sundries | B12: 0 | C12: 0 | D12: 0 | E12: 0 | F12: 0 | G12: 0 | H12: 0 | I12: 0 | J12: 0 | K12: 0 | L12: 0 | M12: 0 | N12: 0 | O12: 0 | P12: 0.12
A13: All Other Receipts | B13: 0 | C13: 0 | D13: 0 | E13: 0 | F13: 108.8 | G13: 317.24 | H13: 799.71 | I13: 660.89 | J13: 59.66 | K13: 0 | L13: 0 | M13: 0 | N13: 1946.3 | O13: 155.7 | P13: 0.08
B14: 0 | C14: 0 | D14: 0 | E14: 0 | F14: 19595.04 | G14: 46970.71 | H14: 120546.93 | I14: 81769.19 | J14: 20151.31 | K14: 0 | L14: 0 | M14: 0 | N14: 289033.18 | O14: 24244.12

Sheet 2010
A1: WEST BRANCH MARINA HISTORICAL DATA - 2010
A3: Category | N3: Total | O3: Commission | P3: %
A4: of Revenue | B4: Jan. | C4: Feb. | D4: March | E4: Apr. | F4: May | G4: Jun. | H4: Jul. | I4: Aug. | J4: Sept. | K4: Oct. | L4: Nov. | M4: Dec. | N4: Receipts | O4: Paid | P4: Paid
A5: Rental - Boats & Motors | B5: 0 | C5: 0 | D5: 0 | E5: 0 | F5: 12321.25 | G5: 24101.1 | H5: 60655.66 | I5: 49423.25 | J5: 9917.75 | K5: 0 | L5: 0 | M5: 0 | N5: 156419.01 | O5: 17206.09 | P5: 0.11
A6: Marine Equipment Sales | B6: 0 | C6: 0 | D6: 0 | E6: 0 | F6: 3315.25 | G6: 2920.62 | H6: 4961.93 | I6: 3111.98 | J6: 641.23 | K6: 0 | L6: 0 | M6: 0 | N6: 14951.01 | O6: 1046.58 | P6: 0.07
A7: Bait and Tackle | B7: 0 | C7: 0 | D7: 0 | E7: 0 | F7: 413.48 | G7: 718.95 | H7: 902.18 | I7: 804.09 | J7: 197.27 | K7: 0 | L7: 0 | M7: 0 | N7: 3035.97 | O7: 333.95 | P7: 0.11
A8: Gasoline and Oil | B8: 0 | C8: 0 | D8: 0 | E8: 0 | F8: 4782.42 | G8: 8752.07 | H8: 23642.25 | I8: 21880.05 | J8: 2379.45 | K8: 0 | L8: 0 | M8: 0 | N8: 61436.24 | O8: 1843.08 | P8: 0.03
A9: Food and Beverage | B9: 0 | C9: 0 | D9: 0 | E9: 0 | F9: 2191.99 | G9: 5112.27 | H9: 10660.82 | I9: 8331.25 | J9: 974.83 | K9: 0 | L9: 0 | M9: 0 | N9: 27271.16 | O9: 2181.7 | P9: 0.08
A10: Vending | B10: 0 | C10: 0 | D10: 0 | E10: 0 | F10: 80 | G10: 140 | H10: 220 | I10: 165 | J10: 0 | K10: 0 | L10: 0 | M10: 0 | N10: 605 | O10: 60.5 | P10: 0.1
A11: Transient Dockage | B11: 0 | C11: 0 | D11: 0 | E11: 0 | F11: 30 | G11: 15 | H11: 185 | I11: 120 | J11: 0 | K11: 0 | L11: 0 | M11: 0 | N11: 350 | O11: 175 | P11: 0.5
A12: Souvenirs and Sundries | B12: 0 | C12: 0 | D12: 0 | E12: 0 | F12: 0 | G12: 0 | H12: 0 | I12: 0 | J12: 0 | K12: 0 | L12: 0 | M12: 0 | N12: 0 | O12: 0 | P12: 0.12
A13: All Other Receipts | B13: 0 | C13: 0 | D13: 0 | E13: 0 | F13: 104.14 | G13: 120.21 | H13: 287.49 | I13: 169.11 | J13: 14.11 | K13: 0 | L13: 0 | M13: 0 | N13: 695.06 | O13: 55.61 | P13: 0.08
A14: Totals | B14: 0 | C14: 0 | D14: 0 | E14: 0 | F14: 23238.53 | G14: 41880.22 | H14: 101515.33 | I14: 84004.73 | J14: 14124.64 | K14: 0 | L14: 0 | M14: 0 | N14: 264763.45 | O14: 22902.51

Sheet 2009
A1: WEST BRANCH MARINA HISTORICAL DATA - 2009
A3: Category | N3: Total | O3: Commission | P3: %
A4: of Revenue | B4: Jan. | C4: Feb. | D4: March | E4: Apr. | F4: May | G4: Jun. | H4: Jul. | I4: Aug. | J4: Sept. | K4: Oct. | L4: Nov. | M4: Dec. | N4: Receipts | O4: Paid | P4: Paid
A5: Rental - Boats & Motors | B5: 0 | C5: 0 | D5: 0 | E5: 0 | F5: 11413.5 | G5: 20673.51 | H5: 37022 | I5: 45182 | J5: 14762.75 | K5: 0 | L5: 0 | M5: 0 | N5: 129053.76 | O5: 14195.92 | P5: 0.11
A6: Marine Equipment Sales | B6: 0 | C6: 0 | D6: 0 | E6: 0 | F6: 2245.16 | G6: 3136.47 | H6: 3836.6 | I6: 2840.94 | J6: 1216.2 | K6: 0 | L6: 0 | M6: 0 | N6: 13275.37 | O6: 929.27 | P6: 0.07
A7: Bait and Tackle | B7: 0 | C7: 0 | D7: 0 | E7: 0 | F7: 694.32 | G7: 1112.58 | H7: 1523.25 | I7: 788.57 | J7: 546.89 | K7: 0 | L7: 0 | M7: 0 | N7: 4665.61 | O7: 513.22 | P7: 0.11
A8: Gasoline and Oil | B8: 0 | C8: 0 | D8: 0 | E8: 0 | F8: 2526.42 | G8: 7814.78 | H8: 13579.3 | I8: 10977.59 | J8: 5463.96 | K8: 0 | L8: 0 | M8: 0 | N8: 40362.05 | O8: 1210.86 | P8: 0.03
A9: Food and Beverage | B9: 0 | C9: 0 | D9: 0 | E9: 0 | F9: 2475.1 | G9: 6784.28 | H9: 9930.59 | I9: 7235.48 | J9: 1878.44 | K9: 0 | L9: 0 | M9: 0 | N9: 28303.89 | O9: 2264.32 | P9: 0.08
A10: Vending | B10: 0 | C10: 0 | D10: 0 | E10: 0 | F10: 89 | G10: 267 | H10: 210 | I10: 210 | J10: 85 | K10: 0 | L10: 0 | M10: 0 | N10: 861 | O10: 86.1 | P10: 0.1
A11: Transient Dockage | B11: 0 | C11: 0 | D11: 0 | E11: 0 | F11: 0 | G11: 105 | H11: 210 | I11: 105 | J11: 125 | K11: 0 | L11: 0 | M11: 0 | N11: 545 | O11: 272.5 | P11: 0.5
A12: Souvenirs and Sundries | B12: 0 | C12: 0 | D12: 0 | E12: 0 | F12: 0 | G12: 0 | H12: 0 | I12: 0 | J12: 0 | K12: 0 | L12: 0 | M12: 0 | N12: 0 | O12: 0 | P12: 0.12
A13: All Other Receipts | B13: 0 | C13: 0 | D13: 0 | E13: 0 | F13: 57.76 | G13: 171.31 | H13: 283.65 | I13: 93.03 | J13: 42.78 | K13: 0 | L13: 0 | M13: 0 | N13: 648.53 | O13: 51.87 | P13: 0.08
A14: Totals | B14: 0 | C14: 0 | D14: 0 | E14: 0 | F14: 19501.26 | G14: 40064.93 | H14: 66595.39 | I14: 67432.61 | J14: 24121.02 | K14: 0 | L14: 0 | M14: 0 | N14: 217715.21 | O14: 19524.06

Sheet 2008
A1: WEST BRANCH MARINA HISTORICAL DATA - 2008
A3: Category | N3: Total | O3: Commission | P3: %
A4: of Revenue | B4: Jan. | C4: Feb. | D4: March | E4: Apr. | F4: May | G4: Jun. | H4: Jul. | I4: Aug. | J4: Sept. | K4: Oct. | L4: Nov. | M4: Dec. | N4: Receipts | O4: Paid | P4: Paid
A5: Rental - Boats & Motors | B5: 0 | C5: 0 | D5: 0 | E5: 0 | F5: 5842.5 | G5: 23216.35 | H5: 45888.45 | I5: 50752.75 | J5: 7755.75 | K5: 0 | L5: 0 | M5: 0 | N5: 133455.8 | O5: 14680.14 | P5: 0.11
A6: Marine Equipment Sales | B6: 0 | C6: 0 | D6: 0 | E6: 0 | F6: 654.76 | G6: 4505.24 | H6: 4495.52 | I6: 4261.66 | J6: 1011.79 | K6: 0 | L6: 0 | M6: 0 | N6: 14928.97 | O6: 1045.04 | P6: 0.07
A7: Bait and Tackle | B7: 0 | C7: 0 | D7: 0 | E7: 0 | F7: 318.88 | G7: 807.68 | H7: 1108.85 | I7: 1139.71 | J7: 400.6 | K7: 0 | L7: 0 | M7: 0 | N7: 3775.72 | O7: 415.33 | P7: 0.11
A8: Gasoline and Oil | B8: 0 | C8: 0 | D8: 0 | E8: 0 | F8: 2050.88 | G8: 11645.17 | H8: 15362.99 | I8: 17313.38 | J8: 3723.24 | K8: 0 | L8: 0 | M8: 0 | N8: 50095.66 | O8: 1502.88 | P8: 0.03
A9: Food and Beverage | B9: 0 | C9: 0 | D9: 0 | E9: 0 | F9: 584.3 | G9: 6787.72 | H9: 7712.84 | I9: 9857.46 | J9: 1653.14 | K9: 0 | L9: 0 | M9: 0 | N9: 26595.46 | O9: 2127.64 | P9: 0.08
A10: Vending | B10: 0 | C10: 0 | D10: 0 | E10: 0 | F10: 0 | G10: 215 | H10: 285 | I10: 210 | J10: 100 | K10: 0 | L10: 0 | M10: 0 | N10: 810 | O10: 81 | P10: 0.1
A11: Transient Dockage | B11: 0 | C11: 0 | D11: 0 | E11: 0 | F11: 0 | G11: 105 | H11: 195 | I11: 135 | J11: 60 | K11: 0 | L11: 0 | M11: 0 | N11: 495 | O11: 247.5 | P11: 0.5
A12: Souvenirs and Sundries | B12: 0 | C12: 0 | D12: 0 | E12: 0 | F12: 0 | G12: 0 | H12: 0 | I12: 0 | J12: 0 | K12: 0 | L12: 0 | M12: 0 | N12: 0 | O12: 0 | P12: 0.12
A13: All Other Receipts | B13: 0 | C13: 0 | D13: 0 | E13: 0 | F13: 13.75 | G13: 175.77 | H13: 205.74 | I13: 238.63 | J13: 0 | K13: 0 | L13: 0 | M13: 0 | N13: 633.89 | O13: 50.71 | P13: 0.08
A14: Totals | B14: 0 | C14: 0 | D14: 0 | E14: 0 | F14: 9465.07 | G14: 47457.93 | H14: 75254.39 | I14: 83908.59 | J14: 14704.52 | K14: 0 | L14: 0 | M14: 0 | N14: 230790.5 | O14: 20150.24

Sheet 2007
A1: WEST BRANCH MARINA HISTORICAL DATA - 2007
A3: Category | N3: Total | O3: Commission | P3: %
A4: of Revenue | B4: Jan. | C4: Feb. | D4: March | E4: Apr. | F4: May | G4: Jun. | H4: Jul. | I4: Aug. | J4: Sept. | K4: Oct. | L4: Nov. | M4: Dec. | N4: Receipts | O4: Paid | P4: Paid
A5: Rental - Boats & Motors | B5: 0 | C5: 0 | D5: 0 | E5: 0 | F5: 9627.96 | G5: 31558 | H5: 50314 | I5: 37877.25 | J5: 15614.25 | K5: 0 | L5: 0 | M5: 0 | N5: 144991.46 | O5: 15949.07 | P5: 0.11
A6: Marine Equipment Sales | B6: 0 | C6: 0 | D6: 0 | E6: 0 | F6: 900.89 | G6: 4219.1 | H6: 3396.17 | I6: 1512.88 | J6: 981.58 | K6: 0 | L6: 0 | M6: 0 | N6: 11010.62 | O6: 770.74 | P6: 0.07
A7: Bait and Tackle | B7: 0 | C7: 0 | D7: 0 | E7: 0 | F7: 579.93 | G7: 1241.97 | H7: 1719.44 | I7: 846 | J7: 335.95 | K7: 0 | L7: 0 | M7: 0 | N7: 4723.29 | O7: 519.56 | P7: 0.11
A8: Gasoline and Oil | B8: 0 | C8: 0 | D8: 0 | E8: 0 | F8: 3628.92 | G8: 12404.42 | H8: 20292.33 | I8: 15747.68 | J8: 5210.41 | K8: 0 | L8: 0 | M8: 0 | N8: 57283.76 | O8: 1718.51 | P8: 0.03
A9: Food and Beverage | B9: 0 | C9: 0 | D9: 0 | E9: 0 | F9: 3156.61 | G9: 5338.11 | H9: 9636.38 | I9: 6449.22 | J9: 1600.53 | K9: 0 | L9: 0 | M9: 0 | N9: 26180.85 | O9: 2094.47 | P9: 0.08
A10: Vending | B10: 0 | C10: 0 | D10: 0 | E10: 0 | F10: 0 | G10: 105 | H10: 220 | I10: 119 | J10: 0 | K10: 0 | L10: 0 | M10: 0 | N10: 444 | O10: 44.4 | P10: 0.1
A11: Transient Dockage | B11: 0 | C11: 0 | D11: 0 | E11: 0 | F11: 0 | G11: 195 | H11: 270 | I11: 60 | J11: 90 | K11: 0 | L11: 0 | M11: 0 | N11: 615 | O11: 307.5 | P11: 0.5
A12: Souvenirs and Sundries | B12: 0 | C12: 0 | D12: 0 | E12: 0 | F12: 0 | G12: 0 | H12: 0 | I12: 0 | J12: 0 | K12: 0 | L12: 0 | M12: 0 | N12: 0 | O12: 0 | P12: 0.12
A13: All Other Receipts | B13: 0 | C13: 0 | D13: 0 | E13: 0 | F13: 0 | G13: 310.22 | H13: 443.54 | I13: 305.88 | J13: 90.77 | K13: 0 | L13: 0 | M13: 0 | N13: 1150.41 | O13: 92.03 | P13: 0.08
A14: Totals | B14: 0 | C14: 0 | D14: 0 | E14: 0 | F14: 17894.31 | G14: 55371.82 | H14: 86291.86 | I14: 62917.91 | J14: 23923.49 | K14: 0 | L14: 0 | M14: 0 | N14: 246399.39 | O14: 21496.28

Sheet 2006
A1: WEST BRANCH MARINA HISTORICAL DATA - 2006
A3: Category | N3: Total | O3: Commission | P3: %
A4: of Revenue | B4: Jan. | C4: Feb. | D4: March | E4: Apr. | F4: May | G4: Jun. | H4: Jul. | I4: Aug. | J4: Sept. | K4: Oct. | L4: Nov. | M4: Dec. | N4: Receipts | O4: Paid | P4: Paid
A5: Rental - Boats & Motors | B5: 0 | C5: 0 | D5: 0 | E5: 0 | F5: 8906.25 | G5: 17484 | H5: 47729.5 | I5: 43827.5 | J5: 5707 | K5: 0 | L5: 0 | M5: 0 | N5: 123654.25 | O5: 13601.98 | P5: 0.11
A6: Marine Equipment Sales | B6: 0 | C6: 0 | D6: 0 | E6: 0 | F6: 590.69 | G6: 2542.51 | H6: 4457.96 | I6: 2360.59 | J6: 42.75 | K6: 0 | L6: 0 | M6: 0 | N6: 9994.5 | O6: 699.62 | P6: 0.07
A7: Bait and Tackle | B7: 0 | C7: 0 | D7: 0 | E7: 0 | F7: 523.49 | G7: 915.49 | H7: 1437.41 | I7: 1584.48 | J7: 126.4 | K7: 0 | L7: 0 | M7: 0 | N7: 4587.27 | O7: 504.59 | P7: 0.11
A8: Gasoline and Oil | B8: 0 | C8: 0 | D8: 0 | E8: 0 | F8: 2710.2 | G8: 8472.06 | H8: 21530.22 | I8: 16341.81 | J8: 1028.87 | K8: 0 | L8: 0 | M8: 0 | N8: 50083.16 | O8: 1502.5 | P8: 0.03
A9: Food and Beverage | B9: 0 | C9: 0 | D9: 0 | E9: 0 | F9: 1366.59 | G9: 6339.01 | H9: 9964.35 | I9: 7068.99 | J9: 1509.31 | K9: 0 | L9: 0 | M9: 0 | N9: 26248.25 | O9: 2099.86 | P9: 0.08
A10: Vending | B10: 0 | C10: 0 | D10: 0 | E10: 0 | F10: 194 | G10: 180 | H10: 257 | I10: 175 | J10: 100 | K10: 0 | L10: 0 | M10: 0 | N10: 906 | O10: 90.6 | P10: 0.1
A11: Transient Dockage | B11: 0 | C11: 0 | D11: 0 | E11: 0 | F11: 15 | G11: 105 | H11: 345 | I11: 250 | J11: 0 | K11: 0 | L11: 0 | M11: 0 | N11: 715 | O11: 357.5 | P11: 0.5
A12: Souvenirs and Sundries | B12: 0 | C12: 0 | D12: 0 | E12: 0 | F12: 0 | G12: 0 | H12: 0 | I12: 0 | J12: 0 | K12: 0 | L12: 0 | M12: 0 | N12: 0 | O12: 0 | P12: 0.12
A13: All Other Receipts | B13: 0 | C13: 0 | D13: 0 | E13: 0 | F13: 0 | G13: 43.76 | H13: 436.33 | I13: 275.68 | J13: 0 | K13: 0 | L13: 0 | M13: 0 | N13: 755.77 | O13: 60.46 | P13: 0.08
A14: Totals | B14: 0 | C14: 0 | D14: 0 | E14: 0 | F14: 14306.22 | G14: 36081.83 | H14: 86157.77 | I14: 71884.05 | J14: 8514.33 | K14: 0 | L14: 0 | M14: 0 | N14: 216944.2 | O14: 18917.11

Sheet 2005
A1: WEST BRANCH MARINA HISTORICAL DATA - 2005
A3: Category | N3: Total | O3: Commission | P3: %
A4: of Revenue | B4: Jan. | C4: Feb. | D4: March | E4: Apr. | F4: May | G4: Jun. | H4: Jul. | I4: Aug. | J4: Sept. | K4: Oct. | L4: Nov. | M4: Dec. | N4: Receipts | O4: Paid | P4: Paid
A5: Rental - Boats & Motors | B5: 0 | C5: 0 | D5: 0 | E5: 0 | F5: 5315.5 | G5: 25190 | H5: 57261.5 | I5: 36657 | J5: 9759.25 | K5: 0 | L5: 0 | M5: 0 | N5: 134183.25 | O5: 7380.08 | P5: 0.055
A6: Marine Equipment Sales | B6: 0 | C6: 0 | D6: 0 | E6: 0 | F6: 415.04 | G6: 3342.39 | H6: 4972.38 | I6: 1429.21 | J6: 392.04 | K6: 0 | L6: 0 | M6: 0 | N6: 10551.06 | O6: 369.28 | P6: 0.035
A7: Bait and Tackle | B7: 0 | C7: 0 | D7: 0 | E7: 0 | F7: 309.45 | G7: 1176.97 | H7: 1225.78 | I7: 523.04 | J7: 246.4 | K7: 0 | L7: 0 | M7: 0 | N7: 3481.64 | O7: 191.49 | P7: 0.055
A8: Gasoline and Oil | B8: 0 | C8: 0 | D8: 0 | E8: 0 | F8: 1192.64 | G8: 9343.9 | H8: 19812.18 | I8: 12916.97 | J8: 5757.75 | K8: 0 | L8: 0 | M8: 0 | N8: 49023.44 | O8: 0 | P8: 0
A9: Food and Beverage | B9: 0 | C9: 0 | D9: 0 | E9: 0 | F9: 1305.4 | G9: 7723.54 | H9: 11118.84 | I9: 5314.59 | J9: 1301.59 | K9: 0 | L9: 0 | M9: 0 | N9: 26763.96 | O9: 0 | P9: 0
A10: Vending | B10: 0 | C10: 0 | D10: 0 | E10: 0 | F10: 0 | G10: 390 | H10: 530 | I10: 320 | J10: 50 | K10: 0 | L10: 0 | M10: 0 | N10: 1290 | O10: 64.5 | P10: 0.05
A11: Transient Dockage | B11: 0 | C11: 0 | D11: 0 | E11: 0 | F11: 0 | G11: 795 | H11: 750 | I11: 210 | J11: 60 | K11: 0 | L11: 0 | M11: 0 | N11: 1815 | O11: 453.75 | P11: 0.25
A12: Souvenirs and Sundries | B12: 0 | C12: 0 | D12: 0 | E12: 0 | F12: 0 | G12: 0 | H12: 0 | I12: 0 | J12: 0 | K12: 0 | L12: 0 | M12: 0 | N12: 0 | O12: 0 | P12: 0.06
A13: All Other Receipts | B13: 0 | C13: 0 | D13: 0 | E13: 0 | F13: 63.04 | G13: 46.52 | H13: 181.11 | I13: 142.41 | J13: 0 | K13: 0 | L13: 0 | M13: 0 | N13: 433.08 | O13: 17.32 | P13: 0.04
A14: Totals | B14: 0 | C14: 0 | D14: 0 | E14: 0 | F14: 8601.07 | G14: 48008.32 | H14: 95851.79 | I14: 57513.22 | J14: 17567.03 | K14: 0 | L14: 0 | M14: 0 | N14: 227541.43 | O14: 8476.42

Sheet 2004
A1: WEST BRANCH MARINA HISTORICAL DATA - 2004
A3: Category | N3: Total | O3: Commission | P3: %
A4: of Revenue | B4: Jan. | C4: Feb. | D4: March | E4: Apr. | F4: May | G4: Jun. | H4: Jul. | I4: Aug. | J4: Sept. | K4: Oct. | L4: Nov. | M4: Dec. | N4: Receipts | O4: Paid | P4: Paid
A5: Rental - Boats & Motors | B5: 0 | C5: 0 | D5: 0 | E5: 664 | F5: 5804.5 | G5: 9681 | H5: 26103.6 | I5: 25671.5 | J5: 14346.5 | K5: 0 | L5: 0 | M5: 0 | N5: 82271.1 | O5: 9049.84 | P5: 0.11
A6: Marine Equipment Sales | B6: 0 | C6: 0 | D6: 0 | E6: 173.8 | F6: 541.12 | G6: 2363.82 | H6: 3763.63 | I6: 1686.55 | J6: 1281.44 | K6: 0 | L6: 0 | M6: 0 | N6: 9810.36 | O6: 686.73 | P6: 0.07
A7: Bait and Tackle | B7: 0 | C7: 0 | D7: 0 | E7: 59.33 | F7: 380.19 | G7: 464.02 | H7: 824.86 | I7: 563.24 | J7: 422.11 | K7: 0 | L7: 0 | M7: 0 | N7: 2713.75 | O7: 298.51 | P7: 0.11
A8: Gasoline and Oil | B8: 0 | C8: 0 | D8: 0 | E8: 221.72 | F8: 2081.64 | G8: 4546.18 | H8: 11237.75 | I8: 9532.83 | J8: 6429.4 | K8: 0 | L8: 0 | M8: 0 | N8: 34049.52 | O8: 1021.48 | P8: 0.03
A9: Food and Beverage | B9: 0 | C9: 0 | D9: 0 | E9: 307.34 | F9: 2196.51 | G9: 3806.65 | H9: 7108.03 | I9: 5742.64 | J9: 3021.17 | K9: 0 | L9: 0 | M9: 0 | N9: 22182.34 | O9: 1774.58 | P9: 0.08
A10: Vending | B10: 0 | C10: 0 | D10: 0 | E10: 28 | F10: 230 | G10: 288 | H10: 300 | I10: 320 | J10: 280 | K10: 0 | L10: 0 | M10: 0 | N10: 1446 | O10: 144.6 | P10: 0.1
A11: Transient Dockage | B11: 0 | C11: 0 | D11: 0 | E11: 0 | F11: 60 | G11: 415 | H11: 855 | I11: 110 | J11: 180 | K11: 0 | L11: 0 | M11: 0 | N11: 1620 | O11: 810 | P11: 0.5
A12: Souvenirs and Sundries | B12: 0 | C12: 0 | D12: 0 | E12: 0 | F12: 0 | G12: 0 | H12: 0 | I12: 0 | J12: 0 | K12: 0 | L12: 0 | M12: 0 | N12: 0 | O12: 0 | P12: 0.12
A13: All Other Receipts | B13: 0 | C13: 0 | D13: 0 | E13: 0 | F13: 19.22 | G13: 0 | H13: 100.43 | I13: 128.81 | J13: 59.03 | K13: 0 | L13: 0 | M13: 0 | N13: 307.49 | O13: 24.59 | P13: 0.08
A14: Totals | B14: 0 | C14: 0 | D14: 0 | E14: 1454.19 | F14: 11313.18 | G14: 21564.67 | H14: 50293.3 | I14: 43755.57 | J14: 26019.65 | K14: 0 | L14: 0 | M14: 0 | N14: 154400.56 | O14: 13810.33

Sheet 2003
A1: WEST BRANCH MARINA HISTORICAL DATA - 2003
A3: Category | N3: Total | O3: Commission | P3: %
A4: of Revenue | B4: Jan. | C4: Feb. | D4: March | E4: Apr. | F4: May | G4: Jun. | H4: Jul. | I4: Aug. | J4: Sept. | K4: Oct. | L4: Nov. | M4: Dec. | N4: Receipts | O4: Paid | P4: Paid
A5: Rental - Boats & Motors | B5: 0 | C5: 0 | D5: 0 | E5: 0 | F5: 2846.5 | G5: 11812.5 | H5: 33992.75 | I5: 27459.5 | J5: 4769 | K5: 0 | L5: 0 | M5: 0 | N5: 80880.25 | O5: 8896.84 | P5: 0.11
A6: Marine Equipment Sales | B6: 0 | C6: 0 | D6: 0 | E6: 0 | F6: 767.26 | G6: 3019.88 | H6: 3902.52 | I6: 2624.53 | J6: 86.18 | K6: 0 | L6: 0 | M6: 0 | N6: 10400.37 | O6: 728.03 | P6: 0.07
A7: Bait and Tackle | B7: 0 | C7: 0 | D7: 0 | E7: 0 | F7: 629.11 | G7: 926.36 | H7: 1279.28 | I7: 535.55 | J7: 164.71 | K7: 0 | L7: 0 | M7: 0 | N7: 3535.01 | O7: 388.85 | P7: 0.11
A8: Gasoline and Oil | B8: 0 | C8: 0 | D8: 0 | E8: 0 | F8: 972.03 | G8: 5235.69 | H8: 10157.37 | I8: 8274.57 | J8: 2863.65 | K8: 0 | L8: 0 | M8: 0 | N8: 27503.31 | O8: 825.1 | P8: 0.03
A9: Food and Beverage | B9: 0 | C9: 0 | D9: 0 | E9: 0 | F9: 1674.92 | G9: 4920.52 | H9: 5897.48 | I9: 4591.5 | J9: 1563.68 | K9: 0 | L9: 0 | M9: 0 | N9: 18648.1 | O9: 1491.84 | P9: 0.08
A10: Vending | B10: 0 | C10: 0 | D10: 0 | E10: 0 | F10: 40 | G10: 149 | H10: 305 | I10: 246 | J10: 114 | K10: 0 | L10: 0 | M10: 0 | N10: 854 | O10: 85.4 | P10: 0.1
A11: Transient Dockage | B11: 0 | C11: 0 | D11: 0 | E11: 0 | F11: 10 | G11: 150 | H11: 140 | I11: 260 | J11: 50 | K11: 0 | L11: 0 | M11: 0 | N11: 610 | O11: 305 | P11: 0.5
A12: Souvenirs and Sundries | B12: 0 | C12: 0 | D12: 0 | E12: 0 | F12: 0 | G12: 0 | H12: 0 | I12: 0 | J12: 0 | K12: 0 | L12: 0 | M12: 0 | N12: 0 | O12: 0 | P12: 0.12
A13: All Other Receipts | B13: 0 | C13: 0 | D13: 0 | E13: 0 | F13: 21.45 | G13: 148.86 | H13: 244.71 | I13: 158.9 | J13: 32 | K13: 0 | L13: 0 | M13: 0 | N13: 605.92 | O13: 48.48 | P13: 0.08
A14: Totals | B14: 0 | C14: 0 | D14: 0 | E14: 0 | F14: 6961.27 | G14: 26362.81 | H14: 55919.11 | I14: 44150.55 | J14: 9643.22 | K14: 0 | L14: 0 | M14: 0 | N14: 143036.96 | O14: 12769.54

Sheet 2002
A1: WEST BRANCH MARINA HISTORICAL DATA - 2002
A3: Category | N3: Total | O3: Commission | P3: %
A4: of Revenue | B4: Jan. | C4: Feb. | D4: March | E4: Apr. | F4: May | G4: Jun. | H4: Jul. | I4: Aug. | J4: Sept. | K4: Oct. | L4: Nov. | M4: Dec. | N4: Receipts | O4: Paid | P4: Paid
A5: Rental - Boats & Motors | B5: 0 | C5: 0 | D5: 0 | E5: 0 | F5: 4696.25 | G5: 24668 | H5: 44496 | I5: 33358 | J5: 12575 | K5: 405 | L5: 0 | M5: 0 | N5: 120198.25 | O5: 9615.86 | P5: 0.08
A6: Marine Equipment Sales | B6: 0 | C6: 0 | D6: 0 | E6: 0 | F6: 843.11 | G6: 4861.54 | H6: 6522.52 | I6: 3355.86 | J6: 1476.7 | K6: 0 | L6: 0 | M6: 0 | N6: 17059.73 | O6: 767.68 | P6: 0.045
A7: Bait and Tackle | B7: 0 | C7: 0 | D7: 0 | E7: 0 | F7: 681.46 | G7: 1381.12 | H7: 1533.78 | I7: 906.68 | J7: 445.15 | K7: 0 | L7: 0 | M7: 0 | N7: 4948.19 | O7: 321.62 | P7: 0.065
A8: Gas and Oil | B8: 0 | C8: 0 | D8: 0 | E8: 0 | F8: 1723.47 | G8: 10705.87 | H8: 18036.96 | I8: 12350.84 | J8: 7686.73 | K8: 77.85 | L8: 0 | M8: 0 | N8: 50581.72 | O8: 0 | P8: 0
A9: Food and Beverage | B9: 0 | C9: 0 | D9: 0 | E9: 0 | F9: 1857.98 | G9: 7366.22 | H9: 8254.09 | I9: 5823.1 | J9: 2220.66 | K9: 357.8 | L9: 0 | M9: 0 | N9: 25879.85 | O9: 1682.19 | P9: 0.065
A10: Vending Machines | B10: 0 | C10: 0 | D10: 0 | E10: 0 | F10: 147 | G10: 1038 | H10: 842 | I10: 316 | J10: 71 | K10: 30 | L10: 0 | M10: 0 | N10: 2444 | O10: 158.87 | P10: 0.065
A11: Transient Dockage | B11: 0 | C11: 0 | D11: 0 | E11: 0 | F11: 40 | G11: 340 | H11: 670 | I11: 260 | J11: 90 | K11: 0 | L11: 0 | M11: 0 | N11: 1400 | O11: 672 | P11: 0.48
A12: Souvenirs and Sundries | B12: 0 | C12: 0 | D12: 0 | E12: 0 | F12: 0 | G12: 48.48 | H12: 0 | I12: 0 | J12: 0 | K12: 0 | L12: 0 | M12: 0 | N12: 48.48 | O12: 3.88 | P12: 0.08
A13: All Other Receipts | B13: 0 | C13: 0 | D13: 0 | E13: 0 | F13: 67.98 | G13: 363.15 | H13: 514.73 | I13: 170.37 | J13: 85.12 | K13: 0 | L13: 0 | M13: 0 | N13: 1201.35 | O13: 78.08 | P13: 0.065
A14: Totals | B14: 0 | C14: 0 | D14: 0 | E14: 0 | F14: 10057.25 | G14: 50772.38 | H14: 80870.08 | I14: 56540.85 | J14: 24650.36 | K14: 870.65 | L14: 0 | M14: 0 | N14: 223761.57 | O14: 13300.18

Sheet 2001
A1: WEST BRANCH MARINA HISTORICAL DATA - 2001
A3: Category | N3: Total | O3: Commission | P3: %
A4: of Revenue | B4: Jan. | C4: Feb. | D4: March | E4: Apr. | F4: May | G4: Jun. | H4: Jul. | I4: Aug. | J4: Sept. | K4: Oct. | L4: Nov. | M4: Dec. | N4: Receipts | O4: Paid | P4: Paid
A5: Rental - Boats & Motors | B5: 0 | C5: 0 | D5: 0 | E5: 0 | F5: 3287.5 | G5: 14418.25 | H5: 28756.75 | I5: 20623.91 | J5: 4382.5 | K5: 0 | L5: 0 | M5: 0 | N5: 71468.91 | O5: 7146.9 | P5: 0.1
A6: Marine Equipment Sales | B6: 0 | C6: 0 | D6: 0 | E6: 0 | F6: 929.59 | G6: 4401.15 | H6: 3958.03 | I6: 1821.43 | J6: 260.4 | K6: 0 | L6: 0 | M6: 0 | N6: 11370.6 | O6: 739.08 | P6: 0.065
A7: Bait and Tackle | B7: 0 | C7: 0 | D7: 0 | E7: 0 | F7: 577.73 | G7: 803.03 | H7: 1432.86 | I7: 826.58 | J7: 174.82 | K7: 0 | L7: 0 | M7: 0 | N7: 3815.02 | O7: 324.28 | P7: 0.085
A8: Gas and Oil | B8: 0 | C8: 0 | D8: 0 | E8: 0 | F8: 1406.92 | G8: 6576.33 | H8: 9834.73 | I8: 6730.48 | J8: 4291.37 | K8: 0 | L8: 0 | M8: 0 | N8: 28839.83 | O8: 432.59 | P8: 0.015
A9: Food and Beverage | B9: 0 | C9: 0 | D9: 0 | E9: 0 | F9: 2040.31 | G9: 5426.93 | H9: 6900.7 | I9: 3292.83 | J9: 674.39 | K9: 0 | L9: 0 | M9: 0 | N9: 18335.16 | O9: 1558.49 | P9: 0.085
A10: Vending Machines | B10: 0 | C10: 0 | D10: 0 | E10: 0 | F10: 85 | G10: 584.75 | H10: 921.49 | I10: 574.36 | J10: 134.5 | K10: 0 | L10: 0 | M10: 0 | N10: 2300.1 | O10: 195.51 | P10: 0.085
A11: Transient Dockage | B11: 0 | C11: 0 | D11: 0 | E11: 0 | F11: 50 | G11: 380 | H11: 560 | I11: 220 | J11: 10 | K11: 0 | L11: 0 | M11: 0 | N11: 1220 | O11: 610 | P11: 0.5
A12: Souvenirs and Sundries | B12: 0 | C12: 0 | D12: 0 | E12: 0 | F12: 0 | G12: 0 | H12: 0 | I12: 59.02 | J12: 0 | K12: 0 | L12: 0 | M12: 0 | N12: 59.02 | O12: 5.9 | P12: 0.1
A13: All Other Receipts | B13: 0 | C13: 0 | D13: 0 | E13: 0 | F13: 0 | G13: 0 | H13: 0 | I13: 0 | J13: 0 | K13: 0 | L13: 0 | M13: 0 | N13: 0 | O13: 0 | P13: 0.1
A14: Totals | B14: 0 | C14: 0 | D14: 0 | E14: 0 | F14: 8377.05 | G14: 32590.44 | H14: 52364.56 | I14: 34148.61 | J14: 9927.98 | K14: 0 | L14: 0 | M14: 0 | N14: 137408.64 | O14: 11012.75

Sheet 2000
A1: WEST BRANCH MARINA HISTORICAL DATA - 2000
A3: Category | N3: Total | O3: Commission | P3: %
A4: of Revenue | B4: Jan. | C4: Feb. | D4: March | E4: Apr. | F4: May | G4: Jun. | H4: Jul. | I4: Aug. | J4: Sept. | K4: Oct. | L4: Nov. | M4: Dec. | N4: Receipts | O4: Paid | P4: Paid
A5: Rental - Boats & Motors | B5: 0 | C5: 0 | D5: 0 | E5: 0 | F5: 3388 | G5: 14760 | H5: 31058.5 | I5: 30636.1 | J5: 9326.75 | K5: 0 | L5: 0 | M5: 0 | N5: 89169.35 | O5: 8916.94 | P5: 0.1
A6: Marine Equipment Sales | B6: 0 | C6: 0 | D6: 0 | E6: 0 | F6: 519.56 | G6: 3777.4 | H6: 4751.95 | I6: 3070.17 | J6: 869.77 | K6: 0 | L6: 0 | M6: 0 | N6: 12988.85 | O6: 844.28 | P6: 0.065
A7: Bait and Tackle | B7: 0 | C7: 0 | D7: 0 | E7: 0 | F7: 491.51 | G7: 790.09 | H7: 1268.83 | I7: 1110.32 | J7: 321.67 | K7: 0 | L7: 0 | M7: 0 | N7: 3982.42 | O7: 338.51 | P7: 0.085
A8: Gas and Oil | B8: 0 | C8: 0 | D8: 0 | E8: 0 | F8: 572.54 | G8: 6396.42 | H8: 11969.83 | I8: 9442.54 | J8: 3138.23 | K8: 0 | L8: 0 | M8: 0 | N8: 31519.56 | O8: 472.8 | P8: 0.015
A9: Food and Beverage | B9: 0 | C9: 0 | D9: 0 | E9: 0 | F9: 1729.18 | G9: 6118.26 | H9: 7553.68 | I9: 6035.02 | J9: 2321.35 | K9: 0 | L9: 0 | M9: 0 | N9: 23757.49 | O9: 2019.38 | P9: 0.085
A10: Vending Machines | B10: 0 | C10: 0 | D10: 0 | E10: 0 | F10: 58 | G10: 421.38 | H10: 539.38 | I10: 433.9 | J10: 101.27 | K10: 0 | L10: 0 | M10: 0 | N10: 1553.93 | O10: 132.09 | P10: 0.085
A11: Transient Dockage | B11: 0 | C11: 0 | D11: 0 | E11: 0 | F11: 10 | G11: 290 | H11: 390 | I11: 510 | J11: 145 | K11: 0 | L11: 0 | M11: 0 | N11: 1345 | O11: 672.5 | P11: 0.5
A12: Souvenirs and Sundries | B12: 0 | C12: 0 | D12: 0 | E12: 0 | F12: 0 | G12: 1.54 | H12: 0 | I12: 46.16 | J12: 1.74 | K12: 0 | L12: 0 | M12: 0 | N12: 49.44 | O12: 4.94 | P12: 0.1
A13: All Other Receipts | B13: 0 | C13: 0 | D13: 0 | E13: 0 | F13: 124.39 | G13: 280.71 | H13: 0 | I13: 0 | J13: 104.7 | K13: 0 | L13: 0 | M13: 0 | N13: 509.8 | O13: 50.98 | P13: 0.1
A14: Totals | B14: 0 | C14: 0 | D14: 0 | E14: 0 | F14: 6893.18 | G14: 32835.8 | H14: 57532.17 | I14: 51284.21 | J14: 16330.48 | K14: 0 | L14: 0 | M14: 0 | N14: 164875.84 | O14: 13452.42
