Workbook
Name County: [1]Design!$C$5
Name Designer: [1]Design!$K$4
Name Landuser: [1]Design!$D$4
Name Location: '[1]IN-ENG-57L'!$F$22
Name OLE_LINK9: 'Con Spec CMP '!$C$39
Name Range: '[1]IN-ENG-57L'!$R$22
Name Section: '[1]IN-ENG-57L'!$N$22
Name Township: '[1]IN-ENG-57L'!$P$22
Name UseLength: [1]Defaults!#REF!

Sheet IN-ENG-27 1(2)
R2: =(AN5-F6)*R6 -> 0 | U2: ft. | AB2: ft. | AI2: =(AN5-AU16)*AH6 -> 0 | AL2: ft.
BG9: =F6-E15 -> 0
Y10: ft.
AE14: ft.
C32: ESTIMATE OF MATERIALS
AH34: LOCATION OF BORINGS | AO34: DEPTH FEET | AS34: UNIFIED SOIL CLASSIFICATION
C35: Excavation | Y35: Cu. Yds
C36: Earth Fill | Y36: Cu. Yds
C37: Pipe | F37: =AD11 -> 0 | H37: inch diameter | Q37: C.M.
D38: metal thickness 0.06" (16 ga.) | Y38: Lin. Ft.
C39: Riser | H39: inch diameter | Q39: C.M.
D40: metal thickness 0.06" (16 ga.) C.M. | Y40: Lin. Ft.
C41: Tile stub | I41: inch diameter | U41: 2-0 | Y41: Lin. Ft.
C42: Animal guard | K42: inch diameter | Y42: Each
C43: Baffle plate | Y43: Each
A44: DRAWING NO. IN-ENG-27.XLS 1(2),(REV. 3/04) | C44: Trash Rack | Y44: Each
C45: Antiseep collar | Y45: Each
C46: Concrete | Y46: Cu. Yds
C47: Seeding and mulching | Y47: Acres
C48: Rip Rap | Y48: Tons
Q53: CORRUGATED METAL PIPE DROP STRUCTURE | AX53: Date
AL54: Designed | AX54: =TODAY() -> 41289
Q56: Landuser | AL56: Drawn | BA56: of
Q58: Location | AL58: Checked
X60: County SWCD, INDIANA | AL60: Approved | BA60: Sheet
Q62: Section | Z62: T | AE62: R | AL62: Title

Sheet IN-ENG-27 2(2)
AD6: DIA. OF RISER IN INCHES | AQ6: 18" | AS6: 21" | AU6: 24" | AY6: 30"
AD7: CONCRETE, CU.YD. | AQ7: 0.68 | AS7: 0.78 | AU7: 0.89 | AY7: 1.12
AD9: INLET PROPORTIONS (MIN.) | AQ9: ANTIVORTEX BAFFLE
AD10: PIPE DIA. CONDUIT | AJ10: RISER DIA. | AQ10: LENGTH FEET
AD12: 8 TO 12 | AJ12: 18 | AQ12: 3-6
AD13: 15 | AJ13: 24 | AQ13: 4-0
AD14: 18 | AJ14: 24 | AQ14: 4-0
AD15: 21 AND 24 | AJ15: 30 | AQ15: 4-6
AE32: DIMENSIONS (FEET)
AK33: 2 | AP33: =AK35+1 -> 1
AK34: 4 | AP34: =AK35+AK33+0.5 -> 2.5
AF35: =AF33+2 -> 2 | AK35: ='IN-ENG-27 1(2)'!BG9 -> 0 | AP35: =AF33+2 -> 2
AE36: MATERIAL ITEMS | AT36: QUANTITY REQUIRED
AE38: 2 1/2" X 2 1/2" X 1/4" ANGLE X 4-0 | AT38: 2
AE39: X C.M. SHEET | AT39: 1
AE40: 1/2" x 1 1/4" MACHINE BOLTS | AT40: 12
A41: DRAWING NO. IN-ENG-27.XLS 2(2), (REV. 3/04) | AE41: 1/2" STEEL SPLIT LOCKWASHERS | AT41: 12
AE42: 1/2" NUTS | AT42: 12
Q50: CORRUGATED METAL PIPE DROP STRUCTURE | AO50: =IF(ISBLANK('IN-ENG-27 1(2)'!AO53),"",'IN-ENG-27 1(2)'!AO53) | AX50: Date
AL51: Designed | AO51: =IF(ISBLANK('IN-ENG-27 1(2)'!AO54)," ",'IN-ENG-27 1(2)'!AO54) | AX51: =TODAY() -> 41289 | BA51: =IF(ISBLANK('IN-ENG-27 1(2)'!BA54),"",'IN-ENG-27 1(2)'!BA54)
Q53: Landuser | V53: =IF(ISBLANK('IN-ENG-27 1(2)'!V56),"",'IN-ENG-27 1(2)'!V56) | AL53: Drawn | AO53: =IF(ISBLANK('IN-ENG-27 1(2)'!AO56)," ",'IN-ENG-27 1(2)'!AO56) | BA53: of
Q55: Location | V55: =IF(ISBLANK('IN-ENG-27 1(2)'!V58),"",'IN-ENG-27 1(2)'!V58) | AL55: Checked | BA55: =IF(ISBLANK('IN-ENG-27 1(2)'!BA58),"",'IN-ENG-27 1(2)'!BA58+1)
Q57: =IF(ISBLANK('IN-ENG-27 1(2)'!Q60),"",'IN-ENG-27 1(2)'!Q60) | X57: County SWCD, INDIANA | AL57: Approved | BA57: Sheet
Q59: Section | U59: =IF(ISBLANK('IN-ENG-27 1(2)'!U62),"",'IN-ENG-27 1(2)'!U62) | Z59: T | AA59: =IF(ISBLANK('IN-ENG-27 1(2)'!AA62),"",'IN-ENG-27 1(2)'!AA62) | AE59: R | AF59: =IF(ISBLANK('IN-ENG-27 1(2)'!AF62),"",'IN-ENG-27 1(2)'!AF62) | AL59: Title

Sheet Con Spec CMP 
A42: DRAWING NO. CONSTRUCTION SPECIFICATION CORRUGATED METAL PIPE.XLS (REV. 3/04) | BC42: DRAWING NO. CONSTRUCTION SPECIFICATION CORRUGATED METAL PIPE.XLS (REV. 10/03)
Q51: CONSTRUCTION SPECIFICATION CORRUGATED METAL PIPE | AO51: =IF(ISBLANK('IN-ENG-27 1(2)'!AO54)," ",'IN-ENG-27 1(2)'!AO54) | AX51: Date | BS51: CONSTRUCTION SPECIFICATION CORRUGATED METAL PIPE | CQ51: =IF(ISBLANK('IN-ENG-27 1(2)'!AO54)," ",'IN-ENG-27 1(2)'!AO54) | CZ51: Date
AL52: Designed | AX52: =TODAY() -> 41289 | CN52: Designed | CZ52: =TODAY() -> 41289 | DC52: =IF(ISBLANK(BA52)," ",BA52)
Q54: Landuser | V54: =IF(ISBLANK('IN-ENG-27 1(2)'!V56),"",'IN-ENG-27 1(2)'!V56) | AL54: Drawn | BA54: of | BS54: Landuser | BX54: =IF(ISBLANK(V54),"",V54) | CN54: Drawn | DC54: of
Q56: Location | V56: =IF(ISBLANK('IN-ENG-27 1(2)'!V58),"",'IN-ENG-27 1(2)'!V58) | AL56: Checked | BS56: Location | BX56: =IF(ISBLANK(V56),"",V56) | CN56: Checked | DC56: =IF(ISBLANK(BA56)," ",BA56+1)
Q58: =IF(ISBLANK('IN-ENG-27 1(2)'!Q60),"",'IN-ENG-27 1(2)'!Q60) | X58: County SWCD, INDIANA | AL58: Approved | BA58: Sheet | BS58: =IF(ISBLANK(Q58),"",Q58) | BZ58: County SWCD, INDIANA | CN58: Approved | DC58: Sheet
Q60: Section | U60: =IF(ISBLANK('IN-ENG-27 1(2)'!U62),"",'IN-ENG-27 1(2)'!U62) | Z60: T | AA60: =IF(ISBLANK('IN-ENG-27 1(2)'!AA62),"",'IN-ENG-27 1(2)'!AA62) | AE60: R | AF60: =IF(ISBLANK('IN-ENG-27 1(2)'!AF62),"",'IN-ENG-27 1(2)'!AF62) | AL60: Title | BS60: Section | BW60: =IF(ISBLANK(U60),"",U60) | CB60: T | CC60: =IF(ISBLANK(AA60),"",AA60) | CG60: R | CH60: =IF(ISBLANK(AF60),"",AF60) | CN60: Title
