Workbook

Sheet January 2012 - Data
A1: Meter Read On: | B1: 41305
A2: Department | B2: General Ledger | C2: GL Description | D2: Building | E2: Room | F2: Model | G2: Device Type | H2: Ricoh Tag | I2: Total BW Click Count | J2: Total Color Click Count | K2: BW Click Charge | L2: Color Click Charge | M2: Device Total Click Charge | N2: Serial Number | O2: IP Address | P2: CPC BW | Q2: CPC Color | R2: Prev BW Click Count | S2: Current BW Click Count | T2: Prev Color Click Count | U2: Current Color Click Count
A3: Academic Advising | B3: 10_07_205_90300_5521 | C3: Academic Advising | D3: Shell Hall | E3: 301 | F3: AF SPC242DN | G3: =VLOOKUP(F3,Tables!D$9:E$17,2,FALSE) -> PTR | H3: 17099684 | I3: =SUM(S3-R3) -> 653 | J3: =SUM(U3-T3) -> 6 | K3: =SUM(I3*$P3) -> 17.1086 | L3: =SUM(J3*$Q3) -> 0.708 | M3: =K3+L3 -> 17.8166 | N3: T202P700442 | O3: 144.75.180.103 | P3: =IF(G3="MFP",Tables!B$2,Tables!B$5) -> 0.0262 | Q3: =IF(G3="MFP",Tables!B$3,Tables!B$6) -> 0.118 | R3: 1269 | S3: 1922 | T3: 320 | U3: 326
A4: Academic Advising Total | M4: =SUBTOTAL(9,M3:M3) -> 17.8166 | BC4: =SUBTOTAL(9,BC3:BC3) -> 0
A5: Admissions | B5: 10_03_054_01100_5521 | C5: Admissions | D5: 307 Letcher | E5: 204 | F5: AF MPC3502 | G5: =VLOOKUP(F5,Tables!D$9:E$17,2,FALSE) -> MFP | H5: 17099493 | I5: =SUM(S5-R5) -> 5305 | J5: =SUM(U5-T5) -> 1727 | K5: =SUM(I5*$P5) -> 109.8135 | L5: =SUM(J5*$Q5) -> 150.249 | M5: =K5+L5 -> 260.0625 | N5: W502L600872 | O5: 144.75.215.48 | P5: =IF(G5="MFP",Tables!B$2,Tables!B$5) -> 0.0207 | Q5: =IF(G5="MFP",Tables!B$3,Tables!B$6) -> 0.087 | R5: 22152 | S5: 27457 | T5: 9277 | U5: 11004
A6: Admissions | B6: 10_03_054_01100_5521 | C6: Admissions | D6: 309 Letcher | E6: 201 | F6: AF SP4310N | G6: =VLOOKUP(F6,Tables!D$9:E$17,2,FALSE) -> PTR | H6: 17099780 | I6: =SUM(S6-R6) -> 86 | J6: =SUM(U6-T6) -> 0 | K6: =SUM(I6*$P6) -> 2.2532 | L6: =SUM(J6*$Q6) -> 0 | M6: =K6+L6 -> 2.2532 | N6: T1128911219 | O6: 144.75.215.43 | P6: =IF(G6="MFP",Tables!B$2,Tables!B$5) -> 0.0262 | Q6: =IF(G6="MFP",Tables!B$3,Tables!B$6) -> 0.118 | R6: 313 | S6: 399 | T6: 0 | U6: 0
A7: Admissions | B7: 10_03_054_01100_5521 | C7: Admissions | D7: 309 Letcher | E7: 201 | F7: AF SP4310N | G7: =VLOOKUP(F7,Tables!D$9:E$17,2,FALSE) -> PTR | H7: 17099512 | I7: =SUM(S7-R7) -> 0 | J7: =SUM(U7-T7) -> 0 | K7: =SUM(I7*$P7) -> 0 | L7: =SUM(J7*$Q7) -> 0 | M7: =K7+L7 -> 0 | N7: T1129010877 | O7: 144.75.186.30 | P7: =IF(G7="MFP",Tables!B$2,Tables!B$5) -> 0.0262 | Q7: =IF(G7="MFP",Tables!B$3,Tables!B$6) -> 0.118 | R7: 48 | S7: 48 | T7: 0 | U7: 0
A8: Admissions | B8: 10_03_054_01100_5521 | C8: Admissions | D8: 309 Letcher | E8: 207 | F8: AF SP4310N | G8: =VLOOKUP(F8,Tables!D$9:E$17,2,FALSE) -> PTR | H8: 17099440 | I8: =SUM(S8-R8) -> 0 | J8: =SUM(U8-T8) -> 0 | K8: =SUM(I8*$P8) -> 0 | L8: =SUM(J8*$Q8) -> 0 | M8: =K8+L8 -> 0 | N8: T1129010899 | O8: 144.75.178.24 | P8: =IF(G8="MFP",Tables!B$2,Tables!B$5) -> 0.0262 | Q8: =IF(G8="MFP",Tables!B$3,Tables!B$6) -> 0.118 | R8: 471 | S8: 471 | T8: 0 | U8: 0
A9: Admissions | B9: 10_03_054_01100_5521 | C9: Admissions | D9: 309 Letcher | E9: 301 | F9: AF SPC242DN | G9: =VLOOKUP(F9,Tables!D$9:E$17,2,FALSE) -> PTR | H9: 17099522 | I9: =SUM(S9-R9) -> 0 | J9: =SUM(U9-T9) -> 0 | K9: =SUM(I9*$P9) -> 0 | L9: =SUM(J9*$Q9) -> 0 | M9: =K9+L9 -> 0 | N9: T202P700447 | O9: 144.75.186.28 | P9: =IF(G9="MFP",Tables!B$2,Tables!B$5) -> 0.0262 | Q9: =IF(G9="MFP",Tables!B$3,Tables!B$6) -> 0.118 | R9: 716 | S9: 716 | T9: 141 | U9: 141
A10: Admissions | B10: 10_03_054_01100_5521 | C10: Admissions | D10: 309 Letcher | E10: 302 | F10: AF SPC242DN | G10: =VLOOKUP(F10,Tables!D$9:E$17,2,FALSE) -> PTR | H10: 17099423 | I10: =SUM(S10-R10) -> 43 | J10: =SUM(U10-T10) -> 17 | K10: =SUM(I10*$P10) -> 1.1266 | L10: =SUM(J10*$Q10) -> 2.006 | M10: =K10+L10 -> 3.1326 | N10: T202P700463 | O10: 144.75.186.29 | P10: =IF(G10="MFP",Tables!B$2,Tables!B$5) -> 0.0262 | Q10: =IF(G10="MFP",Tables!B$3,Tables!B$6) -> 0.118 | R10: 47 | S10: 90 | T10: 197 | U10: 214
A11: Admissions | B11: 10_03_054_01100_5521 | C11: Admissions | D11: 309 Letcher | E11: 306 | F11: AF SPC242DN | G11: =VLOOKUP(F11,Tables!D$9:E$17,2,FALSE) -> PTR | H11: 17099511 | I11: =SUM(S11-R11) -> 65 | J11: =SUM(U11-T11) -> 120 | K11: =SUM(I11*$P11) -> 1.703 | L11: =SUM(J11*$Q11) -> 14.16 | M11: =K11+L11 -> 15.863 | N11: T202P700465 | O11: 144.75.186.25 | P11: =IF(G11="MFP",Tables!B$2,Tables!B$5) -> 0.0262 | Q11: =IF(G11="MFP",Tables!B$3,Tables!B$6) -> 0.118 | R11: 215 | S11: 280 | T11: 154 | U11: 274
A12: Admissions | B12: 10_03_054_01100_5521 | C12: Admissions | D12: 309 Letcher | E12: 306 | F12: AF SPC242DN | G12: =VLOOKUP(F12,Tables!D$9:E$17,2,FALSE) -> PTR | H12: 17099731 | I12: =SUM(S12-R12) -> 413 | J12: =SUM(U12-T12) -> 100 | K12: =SUM(I12*$P12) -> 10.8206 | L12: =SUM(J12*$Q12) -> 11.8 | M12: =K12+L12 -> 22.6206 | N12: T202P600637 | O12: 144.75.186.28 | P12: =IF(G12="MFP",Tables!B$2,Tables!B$5) -> 0.0262 | Q12: =IF(G12="MFP",Tables!B$3,Tables!B$6) -> 0.118 | R12: 561 | S12: 974 | T12: 125 | U12: 225
A13: Admissions Total | M13: =SUBTOTAL(9,M5:M12) -> 303.9319 | BC13: =SUBTOTAL(9,BC5:BC12) -> 0
A14: ADV | B14: 10_03_064_50550_5521 | C14: Printer Services | D14: Carroll Hall | E14: 210C | F14: AF SP4310N | G14: =VLOOKUP(F14,Tables!D$9:E$17,2,FALSE) -> PTR | H14: 17099562 | I14: =SUM(S14-R14) -> 1887 | J14: =SUM(U14-T14) -> 0 | K14: =SUM(I14*$P14) -> 49.4394 | L14: =SUM(J14*$Q14) -> 0 | M14: =K14+L14 -> 49.4394 | N14: T1128911292 | O14: 144.75.195.20 | P14: =IF(G14="MFP",Tables!B$2,Tables!B$5) -> 0.0262 | Q14: =IF(G14="MFP",Tables!B$3,Tables!B$6) -> 0.118 | R14: 1410 | S14: 3297 | T14: 0 | U14: 0
A15: ADV Total | M15: =SUBTOTAL(9,M14:M14) -> 49.4394 | BC15: =SUBTOTAL(9,BC14:BC14) -> 0
A16: Air Force Rotc | B16: 10_03_011_02100_5521 | C16: ROTC-Air Force | D16: Kilbourne Hall | E16: 2012 | F16: AF SP4310N | G16: =VLOOKUP(F16,Tables!D$9:E$17,2,FALSE) -> PTR | H16: 17099443 | I16: =SUM(S16-R16) -> 0 | J16: =SUM(U16-T16) -> 0 | K16: =SUM(I16*$P16) -> 0 | L16: =SUM(J16*$Q16) -> 0 | M16: =K16+L16 -> 0 | N16: T1129010871 | O16: 144.75.187.135 | P16: =IF(G16="MFP",Tables!B$2,Tables!B$5) -> 0.0262 | Q16: =IF(G16="MFP",Tables!B$3,Tables!B$6) -> 0.118 | R16: 319 | S16: 319 | T16: 0 | U16: 0
A17: Air Force Rotc | B17: 10_03_011_02100_5521 | C17: ROTC-Air Force | D17: Kilbourne Hall | E17: 2018 | F17: AF SP4310N | G17: =VLOOKUP(F17,Tables!D$9:E$17,2,FALSE) -> PTR | H17: 17099438 | I17: =SUM(S17-R17) -> 0 | J17: =SUM(U17-T17) -> 0 | K17: =SUM(I17*$P17) -> 0 | L17: =SUM(J17*$Q17) -> 0 | M17: =K17+L17 -> 0 | N17: T1129010832 | O17: 144.75.187.138 | P17: =IF(G17="MFP",Tables!B$2,Tables!B$5) -> 0.0262 | Q17: =IF(G17="MFP",Tables!B$3,Tables!B$6) -> 0.118 | R17: 834 | S17: 834 | T17: 0 | U17: 0
A18: Air Force Rotc Total | M18: =SUBTOTAL(9,M16:M17) -> 0 | BC18: =SUBTOTAL(9,BC16:BC17) -> 0
A19: Army Rotc | B19: 10_03_011_04100_5521 | C19: ROTC-Army | D19: Kilbourne Hall | E19: 2022 | F19: AF MPC3502 | G19: =VLOOKUP(F19,Tables!D$9:E$17,2,FALSE) -> MFP | H19: 17099434 | I19: =SUM(S19-R19) -> 11367 | J19: =SUM(U19-T19) -> 1929 | K19: =SUM(I19*$P19) -> 235.2969 | L19: =SUM(J19*$Q19) -> 167.823 | M19: =K19+L19 -> 403.1199 | N19: W502L600854 | O19: 144.75.187.122 | P19: =IF(G19="MFP",Tables!B$2,Tables!B$5) -> 0.0207 | Q19: =IF(G19="MFP",Tables!B$3,Tables!B$6) -> 0.087 | R19: 53336 | S19: 64703 | T19: 3726 | U19: 5655
A20: Army Rotc | B20: 10_03_011_04100_5521 | C20: ROTC-Army | D20: Kilbourne Hall | E20: 2023 | F20: AF SP4310N | G20: =VLOOKUP(F20,Tables!D$9:E$17,2,FALSE) -> PTR | H20: 17099435 | I20: =SUM(S20-R20) -> 88 | J20: =SUM(U20-T20) -> 0 | K20: =SUM(I20*$P20) -> 2.3056 | L20: =SUM(J20*$Q20) -> 0 | M20: =K20+L20 -> 2.3056 | N20: T1129010902 | O20: 144.75.187.16 | P20: =IF(G20="MFP",Tables!B$2,Tables!B$5) -> 0.0262 | Q20: =IF(G20="MFP",Tables!B$3,Tables!B$6) -> 0.118 | R20: 280 | S20: 368 | T20: 0 | U20: 0
A21: Army Rotc | B21: 10_03_011_04100_5521 | C21: ROTC-Army | D21: Kilbourne Hall | E21: 2029 | F21: AF SP4310N | G21: =VLOOKUP(F21,Tables!D$9:E$17,2,FALSE) -> PTR | H21: 17099446 | I21: =SUM(S21-R21) -> 20 | J21: =SUM(U21-T21) -> 0 | K21: =SUM(I21*$P21) -> 0.524 | L21: =SUM(J21*$Q21) -> 0 | M21: =K21+L21 -> 0.524 | N21: T1129010869 | O21: 144.75.187.137 | P21: =IF(G21="MFP",Tables!B$2,Tables!B$5) -> 0.0262 | Q21: =IF(G21="MFP",Tables!B$3,Tables!B$6) -> 0.118 | R21: 256 | S21: 276 | T21: 0 | U21: 0
A22: Army Rotc | B22: 10_03_011_04100_5521 | C22: ROTC-Army | D22: Kilbourne Hall | E22: 2053 | F22: AF SP4310N | G22: =VLOOKUP(F22,Tables!D$9:E$17,2,FALSE) -> PTR | H22: 17099437 | I22: =SUM(S22-R22) -> 566 | J22: =SUM(U22-T22) -> 0 | K22: =SUM(I22*$P22) -> 14.8292 | L22: =SUM(J22*$Q22) -> 0 | M22: =K22+L22 -> 14.8292 | N22: T1129010748 | O22: 144.75.187.112 | P22: =IF(G22="MFP",Tables!B$2,Tables!B$5) -> 0.0262 | Q22: =IF(G22="MFP",Tables!B$3,Tables!B$6) -> 0.118 | R22: 520 | S22: 1086 | T22: 0 | U22: 0
A23: Army Rotc | B23: 10_03_011_04100_5521 | C23: ROTC-Army | D23: Kilbourne Hall | E23: 2056 | F23: AF SP4310N | G23: =VLOOKUP(F23,Tables!D$9:E$17,2,FALSE) -> PTR | H23: 17099436 | I23: =SUM(S23-R23) -> 446 | J23: =SUM(U23-T23) -> 0 | K23: =SUM(I23*$P23) -> 11.6852 | L23: =SUM(J23*$Q23) -> 0 | M23: =K23+L23 -> 11.6852 | N23: T1129010837 | O23: 144.75.187.131 | P23: =IF(G23="MFP",Tables!B$2,Tables!B$5) -> 0.0262 | Q23: =IF(G23="MFP",Tables!B$3,Tables!B$6) -> 0.118 | R23: 1170 | S23: 1616 | T23: 0 | U23: 0
A24: Army Rotc | B24: 10_03_011_04100_5521 | C24: ROTC-Army | D24: Kilbourne Hall | E24: 2057 | F24: AF SP4310N | G24: =VLOOKUP(F24,Tables!D$9:E$17,2,FALSE) -> PTR | H24: 17099444 | I24: =SUM(S24-R24) -> 818 | J24: =SUM(U24-T24) -> 0 | K24: =SUM(I24*$P24) -> 21.4316 | L24: =SUM(J24*$Q24) -> 0 | M24: =K24+L24 -> 21.4316 | N24: T1129010677 | O24: 144.75.187.133 | P24: =IF(G24="MFP",Tables!B$2,Tables!B$5) -> 0.0262 | Q24: =IF(G24="MFP",Tables!B$3,Tables!B$6) -> 0.118 | R24: 1743 | S24: 2561 | T24: 0 | U24: 0
A25: Army Rotc | B25: 10_03_011_04100_5521 | C25: ROTC-Army | D25: Kilbourne Hall | E25: 2060 | F25: AF SP4310N | G25: =VLOOKUP(F25,Tables!D$9:E$17,2,FALSE) -> PTR | H25: 17099430 | I25: =SUM(S25-R25) -> 68 | J25: =SUM(U25-T25) -> 0 | K25: =SUM(I25*$P25) -> 1.7816 | L25: =SUM(J25*$Q25) -> 0 | M25: =K25+L25 -> 1.7816 | N25: T1129010760 | O25: 144.75.187.119 | P25: =IF(G25="MFP",Tables!B$2,Tables!B$5) -> 0.0262 | Q25: =IF(G25="MFP",Tables!B$3,Tables!B$6) -> 0.118 | R25: 219 | S25: 287 | T25: 0 | U25: 0
A26: Army Rotc | B26: 10_03_011_04100_5521 | C26: ROTC-Army | D26: Kilbourne Hall | E26: 2061 | F26: AF SP4310N | G26: =VLOOKUP(F26,Tables!D$9:E$17,2,FALSE) -> PTR | H26: 17099442 | I26: =SUM(S26-R26) -> 157 | J26: =SUM(U26-T26) -> 0 | K26: =SUM(I26*$P26) -> 4.1134 | L26: =SUM(J26*$Q26) -> 0 | M26: =K26+L26 -> 4.1134 | N26: T1129010681 | O26: 144.75.187.136 | P26: =IF(G26="MFP",Tables!B$2,Tables!B$5) -> 0.0262 | Q26: =IF(G26="MFP",Tables!B$3,Tables!B$6) -> 0.118 | R26: 346 | S26: 503 | T26: 0 | U26: 0
A27: Army Rotc | B27: 10_03_011_04100_5521 | C27: ROTC-Army | D27: Kilbourne Hall | E27: 2063 | F27: AF SP4310N | G27: =VLOOKUP(F27,Tables!D$9:E$17,2,FALSE) -> PTR | H27: 17099427 | I27: =SUM(S27-R27) -> 309 | J27: =SUM(U27-T27) -> 0 | K27: =SUM(I27*$P27) -> 8.0958 | L27: =SUM(J27*$Q27) -> 0 | M27: =K27+L27 -> 8.0958 | N27: T1129010874 | O27: 144.75.187.118 | P27: =IF(G27="MFP",Tables!B$2,Tables!B$5) -> 0.0262 | Q27: =IF(G27="MFP",Tables!B$3,Tables!B$6) -> 0.118 | R27: 750 | S27: 1059 | T27: 0 | U27: 0
A28: Army Rotc | B28: 10_03_011_04100_5521 | C28: ROTC-Army | D28: Kilbourne Hall | E28: 2064 | F28: AF SP4310N | G28: =VLOOKUP(F28,Tables!D$9:E$17,2,FALSE) -> PTR | H28: 17099439 | I28: =SUM(S28-R28) -> 96 | J28: =SUM(U28-T28) -> 0 | K28: =SUM(I28*$P28) -> 2.5152 | L28: =SUM(J28*$Q28) -> 0 | M28: =K28+L28 -> 2.5152 | N28: T1129010823 | O28: 144.75.187.140 | P28: =IF(G28="MFP",Tables!B$2,Tables!B$5) -> 0.0262 | Q28: =IF(G28="MFP",Tables!B$3,Tables!B$6) -> 0.118 | R28: 651 | S28: 747 | T28: 0 | U28: 0
A29: Army Rotc | B29: 10_03_011_04100_5521 | C29: ROTC-Army | D29: Kilbourne Hall | E29: 2066 | F29: AF SP4310N | G29: =VLOOKUP(F29,Tables!D$9:E$17,2,FALSE) -> PTR | H29: 17099426 | I29: =SUM(S29-R29) -> 109 | J29: =SUM(U29-T29) -> 0 | K29: =SUM(I29*$P29) -> 2.8558 | L29: =SUM(J29*$Q29) -> 0 | M29: =K29+L29 -> 2.8558 | N29: T1129010820 | O29: 144.75.187.121 | P29: =IF(G29="MFP",Tables!B$2,Tables!B$5) -> 0.0262 | Q29: =IF(G29="MFP",Tables!B$3,Tables!B$6) -> 0.118 | R29: 220 | S29: 329 | T29: 0 | U29: 0
A30: Army Rotc | B30: 10_03_011_04100_5521 | C30: ROTC-Army | D30: Kilbourne Hall | E30: 2067 | F30: AF SP4310N | G30: =VLOOKUP(F30,Tables!D$9:E$17,2,FALSE) -> PTR | H30: 17099425 | I30: =SUM(S30-R30) -> 116 | J30: =SUM(U30-T30) -> 0 | K30: =SUM(I30*$P30) -> 3.0392 | L30: =SUM(J30*$Q30) -> 0 | M30: =K30+L30 -> 3.0392 | N30: T1129010889 | O30: 144.75.187.123 | P30: =IF(G30="MFP",Tables!B$2,Tables!B$5) -> 0.0262 | Q30: =IF(G30="MFP",Tables!B$3,Tables!B$6) -> 0.118 | R30: 645 | S30: 761 | T30: 0 | U30: 0
A31: Army Rotc | B31: 10_03_011_04100_5521 | C31: ROTC-Army | D31: Kilbourne Hall | E31: 2070 | F31: AF SP4310N | G31: =VLOOKUP(F31,Tables!D$9:E$17,2,FALSE) -> PTR | H31: 17099428 | I31: =SUM(S31-R31) -> 196 | J31: =SUM(U31-T31) -> 0 | K31: =SUM(I31*$P31) -> 5.1352 | L31: =SUM(J31*$Q31) -> 0 | M31: =K31+L31 -> 5.1352 | N31: T1129010900 | O31: 144.75.187.132 | P31: =IF(G31="MFP",Tables!B$2,Tables!B$5) -> 0.0262 | Q31: =IF(G31="MFP",Tables!B$3,Tables!B$6) -> 0.118 | R31: 846 | S31: 1042 | T31: 0 | U31: 0
A32: Army Rotc Total | M32: =SUBTOTAL(9,M19:M31) -> 481.4317 | BC32: =SUBTOTAL(9,BC19:BC31) -> 0
A33: Athletic | B33: 30_00_310_06110_5521 | C33: Administrative | D33: Cameron Hall | E33: 241 | F33: AF SP4310N | G33: =VLOOKUP(F33,Tables!D$9:E$17,2,FALSE) -> PTR | H33: 17099552 | I33: =SUM(S33-R33) -> 1148 | J33: =SUM(U33-T33) -> 0 | K33: =SUM(I33*$P33) -> 30.0776 | L33: =SUM(J33*$Q33) -> 0 | M33: =K33+L33 -> 30.0776 | N33: T1129010427 | O33: 144.75.183.9 | P33: =IF(G33="MFP",Tables!B$2,Tables!B$5) -> 0.0262 | Q33: =IF(G33="MFP",Tables!B$3,Tables!B$6) -> 0.118 | R33: 1961 | S33: 3109 | T33: 0 | U33: 0
A34: Athletic Total | M34: =SUBTOTAL(9,M33:M33) -> 30.0776 | BC34: =SUBTOTAL(9,BC33:BC33) -> 0
A35: Athletic Advising | B35: 40_00_052_06550_5521 | C35: NCAA Enhancement | D35: Carroll Hall | E35: 210 | F35: AF MPC2051 | G35: =VLOOKUP(F35,Tables!D$9:E$17,2,FALSE) -> MFP | H35: 17099459 | I35: =SUM(S35-R35) -> 4476 | J35: =SUM(U35-T35) -> 207 | K35: =SUM(I35*$P35) -> 92.6532 | L35: =SUM(J35*$Q35) -> 18.009 | M35: =K35+L35 -> 110.6622 | N35: V9725401429 | O35: 144.75.195.41 | P35: =IF(G35="MFP",Tables!B$2,Tables!B$5) -> 0.0207 | Q35: =IF(G35="MFP",Tables!B$3,Tables!B$6) -> 0.087 | R35: 19611 | S35: 24087 | T35: 2882 | U35: 3089
A36: Athletic Advising Total | M36: =SUBTOTAL(9,M35:M35) -> 110.6622 | BC36: =SUBTOTAL(9,BC35:BC35) -> 0
A37: Athletic Communications | B37: 30_00_310_06104_5521 | C37: Athletic Communications | D37: Smith Hall | E37: 116 | F37: AF MP301SP | G37: =VLOOKUP(F37,Tables!D$9:E$17,2,FALSE) -> MFP | H37: 17099531 | I37: =SUM(S37-R37) -> 1173 | J37: =SUM(U37-T37) -> 0 | K37: =SUM(I37*$P37) -> 24.2811 | L37: =SUM(J37*$Q37) -> 0 | M37: =K37+L37 -> 24.2811 | N37: W912P602286 | O37: 144.75.179.49 | P37: =IF(G37="MFP",Tables!B$2,Tables!B$5) -> 0.0207 | Q37: =IF(G37="MFP",Tables!B$3,Tables!B$6) -> 0.087 | R37: 2520 | S37: 3693 | T37: 0 | U37: 0
A38: Athletic Communications Total | M38: =SUBTOTAL(9,M37:M37) -> 24.2811 | BC38: =SUBTOTAL(9,BC37:BC37) -> 0
A39: Athletics | B39: 30_00_310_06020_5521 | C39: Track & Cross Country | D39: Cameron Hall | E39: 231 | F39: AF SP4310N | G39: =VLOOKUP(F39,Tables!D$9:E$17,2,FALSE) -> PTR | H39: 17099560 | I39: =SUM(S39-R39) -> 709 | J39: =SUM(U39-T39) -> 0 | K39: =SUM(I39*$P39) -> 18.5758 | L39: =SUM(J39*$Q39) -> 0 | M39: =K39+L39 -> 18.5758 | N39: T1129010426 | O39: 144.75.183.68 | P39: =IF(G39="MFP",Tables!B$2,Tables!B$5) -> 0.0262 | Q39: =IF(G39="MFP",Tables!B$3,Tables!B$6) -> 0.118 | R39: 1543 | S39: 2252 | T39: 0 | U39: 0
A40: Athletics | B40: 30_00_310_06090_5521 | C40: Athletics | D40: Cameron Hall | E40: 245 | F40: AF SP4310N | G40: =VLOOKUP(F40,Tables!D$9:E$17,2,FALSE) -> PTR | H40: 17099557 | I40: =SUM(S40-R40) -> 296 | J40: =SUM(U40-T40) -> 0 | K40: =SUM(I40*$P40) -> 7.7552 | L40: =SUM(J40*$Q40) -> 0 | M40: =K40+L40 -> 7.7552 | N40: T1129010429 | O40: 144.75.183.65 | P40: =IF(G40="MFP",Tables!B$2,Tables!B$5) -> 0.0262 | Q40: =IF(G40="MFP",Tables!B$3,Tables!B$6) -> 0.118 | R40: 396 | S40: 692 | T40: 0 | U40: 0
A41: Athletics | B41: 30_00_310_06095_5521 | C41: Soccer - Women | D41: Cameron Hall | E41: 239 | F41: AF SP4310N | G41: =VLOOKUP(F41,Tables!D$9:E$17,2,FALSE) -> PTR | H41: 17099565 | I41: =SUM(S41-R41) -> 132 | J41: =SUM(U41-T41) -> 0 | K41: =SUM(I41*$P41) -> 3.4584 | L41: =SUM(J41*$Q41) -> 0 | M41: =K41+L41 -> 3.4584 | N41: T1129010419 | O41: 144.75.183.69 | P41: =IF(G41="MFP",Tables!B$2,Tables!B$5) -> 0.0262 | Q41: =IF(G41="MFP",Tables!B$3,Tables!B$6) -> 0.118 | R41: 330 | S41: 462 | T41: 0 | U41: 0
A42: Athletics | B42: 30_00_310_06110_5521 | C42: Administrative | D42: Cameron Hall | E42: 204 | F42: AF MP301SP | G42: =VLOOKUP(F42,Tables!D$9:E$17,2,FALSE) -> MFP | H42: 17099507 | I42: =SUM(S42-R42) -> 2422 | J42: =SUM(U42-T42) -> 0 | K42: =SUM(I42*$P42) -> 50.1354 | L42: =SUM(J42*$Q42) -> 0 | M42: =K42+L42 -> 50.1354 | N42: W912P602280 | O42: 144.75.183.73 | P42: =IF(G42="MFP",Tables!B$2,Tables!B$5) -> 0.0207 | Q42: =IF(G42="MFP",Tables!B$3,Tables!B$6) -> 0.087 | R42: 7253 | S42: 9675 | T42: 0 | U42: 0
A43: Athletics | B43: 30_00_310_06110_5521 | C43: Administrative | D43: Cameron Hall | E43: 235 | F43: AF MPC6501 | G43: =VLOOKUP(F43,Tables!D$9:E$17,2,FALSE) -> MFP | H43: 17099490 | I43: =SUM(S43-R43) -> 7115 | J43: =SUM(U43-T43) -> 3623.1 | K43: =SUM(I43*$P43) -> 147.2805 | L43: =SUM(J43*$Q43) -> 315.2097 | M43: =K43+L43 -> 462.4902 | N43: V7620400078 | O43: 144.75.183.56 | P43: =IF(G43="MFP",Tables!B$2,Tables!B$5) -> 0.0207 | Q43: =IF(G43="MFP",Tables!B$3,Tables!B$6) -> 0.087 | R43: 19872 | S43: 26987 | T43: 4564 | U43: 8187.1
A44: Athletics | B44: 30_00_310_06110_5521 | C44: Administrative | D44: Cameron Hall | E44: 242 | F44: AF SP4310N | G44: =VLOOKUP(F44,Tables!D$9:E$17,2,FALSE) -> PTR | H44: 17099553 | I44: =SUM(S44-R44) -> 193 | J44: =SUM(U44-T44) -> 0 | K44: =SUM(I44*$P44) -> 5.0566 | L44: =SUM(J44*$Q44) -> 0 | M44: =K44+L44 -> 5.0566 | N44: T1129010420 | O44: 144.75.183.64 | P44: =IF(G44="MFP",Tables!B$2,Tables!B$5) -> 0.0262 | Q44: =IF(G44="MFP",Tables!B$3,Tables!B$6) -> 0.118 | R44: 654 | S44: 847 | T44: 0 | U44: 0
A45: Athletics | B45: 30_00_310_06110_5521 | C45: Administrative | D45: Cameron Hall | E45: 302 | F45: AF MPC2051 | G45: =VLOOKUP(F45,Tables!D$9:E$17,2,FALSE) -> MFP | H45: 17099722 | I45: =SUM(S45-R45) -> 708 | J45: =SUM(U45-T45) -> 3585 | K45: =SUM(I45*$P45) -> 14.6556 | L45: =SUM(J45*$Q45) -> 311.895 | M45: =K45+L45 -> 326.5506 | N45: V9725401418 | O45: 144.75.183.52 | P45: =IF(G45="MFP",Tables!B$2,Tables!B$5) -> 0.0207 | Q45: =IF(G45="MFP",Tables!B$3,Tables!B$6) -> 0.087 | R45: 4808 | S45: 5516 | T45: 8839 | U45: 12424
A46: Athletics | B46: 30_00_310_06110_5521 | C46: Administrative | D46: Cameron Hall | E46: 312 | F46: AF SP4310N | G46: =VLOOKUP(F46,Tables!D$9:E$17,2,FALSE) -> PTR | H46: 17099555 | I46: =SUM(S46-R46) -> 304 | J46: =SUM(U46-T46) -> 0 | K46: =SUM(I46*$P46) -> 7.9648 | L46: =SUM(J46*$Q46) -> 0 | M46: =K46+L46 -> 7.9648 | N46: T1129010428 | O46: 144.75.183.67 | P46: =IF(G46="MFP",Tables!B$2,Tables!B$5) -> 0.0262 | Q46: =IF(G46="MFP",Tables!B$3,Tables!B$6) -> 0.118 | R46: 952 | S46: 1256 | T46: 0 | U46: 0
A47: Athletics | B47: 30_00_310_06110_5521 | C47: Administrative | D47: Cameron Hall | E47: 314 | F47: AF SP4310N | G47: =VLOOKUP(F47,Tables!D$9:E$17,2,FALSE) -> PTR | H47: 17099558 | I47: =SUM(S47-R47) -> 421 | J47: =SUM(U47-T47) -> 0 | K47: =SUM(I47*$P47) -> 11.0302 | L47: =SUM(J47*$Q47) -> 0 | M47: =K47+L47 -> 11.0302 | N47: T1129010421 | O47: 144.75.183.62 | P47: =IF(G47="MFP",Tables!B$2,Tables!B$5) -> 0.0262 | Q47: =IF(G47="MFP",Tables!B$3,Tables!B$6) -> 0.118 | R47: 896 | S47: 1317 | T47: 0 | U47: 0
A48: Athletics | B48: 30_00_310_06110_5521 | C48: Administrative | D48: Cameron Hall | E48: 317 | F48: AF SP4310N | G48: =VLOOKUP(F48,Tables!D$9:E$17,2,FALSE) -> PTR | H48: 17099554 | I48: =SUM(S48-R48) -> 110 | J48: =SUM(U48-T48) -> 0 | K48: =SUM(I48*$P48) -> 2.882 | L48: =SUM(J48*$Q48) -> 0 | M48: =K48+L48 -> 2.882 | N48: T1129010385 | O48: 144.75.183.63 | P48: =IF(G48="MFP",Tables!B$2,Tables!B$5) -> 0.0262 | Q48: =IF(G48="MFP",Tables!B$3,Tables!B$6) -> 0.118 | R48: 359 | S48: 469 | T48: 0 | U48: 0
A49: Athletics Total | M49: =SUBTOTAL(9,M39:M48) -> 895.8992 | BC49: =SUBTOTAL(9,BC39:BC48) -> 0
A50: Auxiliary Services | B50: 10_08_309_82115_5521 | C50: Auxiliary Administration | D50: Cocke Hall | E50: 502 | F50: AF MPC2051 | G50: =VLOOKUP(F50,Tables!D$9:E$17,2,FALSE) -> MFP | H50: 17099424 | I50: =SUM(S50-R50) -> 1097 | J50: =SUM(U50-T50) -> 99 | K50: =SUM(I50*$P50) -> 22.7079 | L50: =SUM(J50*$Q50) -> 8.613 | M50: =K50+L50 -> 31.3209 | N50: V9725500651 | O50: 144.75.177.32 | P50: =IF(G50="MFP",Tables!B$2,Tables!B$5) -> 0.0207 | Q50: =IF(G50="MFP",Tables!B$3,Tables!B$6) -> 0.087 | R50: 2954 | S50: 4051 | T50: 405 | U50: 504
A51: Auxiliary Services Total | M51: =SUBTOTAL(9,M50:M50) -> 31.3209 | BC51: =SUBTOTAL(9,BC50:BC50) -> 0
A52: Band | B52: 10_07_205_30200_5521 | C52: UMA-Band | D52: Shell Hall | E52: 207 | F52: AF MP301SP | G52: =VLOOKUP(F52,Tables!D$9:E$17,2,FALSE) -> MFP | H52: 17099460 | I52: =SUM(S52-R52) -> 540 | J52: =SUM(U52-T52) -> 0 | K52: =SUM(I52*$P52) -> 11.178 | L52: =SUM(J52*$Q52) -> 0 | M52: =K52+L52 -> 11.178 | N52: W912P602276 | O52: 144.75.180.76 | P52: =IF(G52="MFP",Tables!B$2,Tables!B$5) -> 0.0207 | Q52: =IF(G52="MFP",Tables!B$3,Tables!B$6) -> 0.087 | R52: 4189 | S52: 4729 | T52: 0 | U52: 0
A53: Band Total | M53: =SUBTOTAL(9,M52:M52) -> 11.178 | BC53: =SUBTOTAL(9,BC52:BC52) -> 0
A54: Barracks Study Room | B54: 10_03_064_50550_5521 | C54: Printer Services | D54: New Barracks | E54: C11 | F54: AF MP4002 | G54: =VLOOKUP(F54,Tables!D$9:E$17,2,FALSE) -> MFP | H54: 17099483 | I54: =SUM(S54-R54) -> 35186 | J54: =SUM(U54-T54) -> 0 | K54: =SUM(I54*$P54) -> 728.3502 | L54: =SUM(J54*$Q54) -> 0 | M54: =K54+L54 -> 728.3502 | N54: W522L700693 | O54: 144.75.188.60 | P54: =IF(G54="MFP",Tables!B$2,Tables!B$5) -> 0.0207 | Q54: =IF(G54="MFP",Tables!B$3,Tables!B$6) -> 0.087 | R54: 128400 | S54: 163586 | T54: 0 | U54: 0
A55: Barracks Study Room | B55: 10_03_064_50550_5521 | C55: Printer Services | D55: New Barracks | E55: C11 | F55: AF MP4002 | G55: =VLOOKUP(F55,Tables!D$9:E$17,2,FALSE) -> MFP | H55: 17099482 | I55: =SUM(S55-R55) -> 12857 | J55: =SUM(U55-T55) -> 0 | K55: =SUM(I55*$P55) -> 266.1399 | L55: =SUM(J55*$Q55) -> 0 | M55: =K55+L55 -> 266.1399 | N55: W522L700688 | O55: 144.75.188.50 | P55: =IF(G55="MFP",Tables!B$2,Tables!B$5) -> 0.0207 | Q55: =IF(G55="MFP",Tables!B$3,Tables!B$6) -> 0.087 | R55: 163463 | S55: 176320 | T55: 0 | U55: 0
A56: Barracks Study Room Total | M56: =SUBTOTAL(9,M54:M55) -> 994.4901 | BC56: =SUBTOTAL(9,BC54:BC55) -> 0
A57: Biology | B57: 10_03_064_50550_5521 | C57: Printer Services | D57: Mallory Hall | E57: 214 | F57: AF SP4310N | G57: =VLOOKUP(F57,Tables!D$9:E$17,2,FALSE) -> PTR | H57: 17099580 | I57: =SUM(S57-R57) -> 2 | J57: =SUM(U57-T57) -> 0 | K57: =SUM(I57*$P57) -> 0.0524 | L57: =SUM(J57*$Q57) -> 0 | M57: =K57+L57 -> 0.0524 | N57: T1129011291 | O57: 144.75.182.5 | P57: =IF(G57="MFP",Tables!B$2,Tables!B$5) -> 0.0262 | Q57: =IF(G57="MFP",Tables!B$3,Tables!B$6) -> 0.118 | R57: 2808 | S57: 2810 | T57: 0 | U57: 0
A58: Biology | B58: 10_03_064_50550_5521 | C58: Printer Services | D58: Maury Brooke | E58: 204A | F58: AF SP4310N | G58: =VLOOKUP(F58,Tables!D$9:E$17,2,FALSE) -> PTR | H58: 17099708 | I58: =SUM(S58-R58) -> 52 | J58: =SUM(U58-T58) -> 0 | K58: =SUM(I58*$P58) -> 1.3624 | L58: =SUM(J58*$Q58) -> 0 | M58: =K58+L58 -> 1.3624 | N58: T1129011358 | O58: 144.75.202.47 | P58: =IF(G58="MFP",Tables!B$2,Tables!B$5) -> 0.0262 | Q58: =IF(G58="MFP",Tables!B$3,Tables!B$6) -> 0.118 | R58: 180 | S58: 232 | T58: 0 | U58: 0
A59: Biology | B59: 40_00_011_10250_5521 | C59: Biology | D59: Maury Brooke | E59: 203 | F59: AF MPC2051 | G59: =VLOOKUP(F59,Tables!D$9:E$17,2,FALSE) -> MFP | H59: 17099484 | I59: =SUM(S59-R59) -> 3265 | J59: =SUM(U59-T59) -> 143 | K59: =SUM(I59*$P59) -> 67.5855 | L59: =SUM(J59*$Q59) -> 12.441 | M59: =K59+L59 -> 80.0265 | N59: V9725401445 | O59: 144.75.191.21 | P59: =IF(G59="MFP",Tables!B$2,Tables!B$5) -> 0.0207 | Q59: =IF(G59="MFP",Tables!B$3,Tables!B$6) -> 0.087 | R59: 6692 | S59: 9957 | T59: 1031 | U59: 1174
A60: Biology | B60: 40_00_011_10250_5521 | C60: Biology | D60: Maury Brooke | E60: 203 | F60: AF SP4310N | G60: =VLOOKUP(F60,Tables!D$9:E$17,2,FALSE) -> PTR | H60: 17099613 | I60: =SUM(S60-R60) -> 1948 | J60: =SUM(U60-T60) -> 0 | K60: =SUM(I60*$P60) -> 51.0376 | L60: =SUM(J60*$Q60) -> 0 | M60: =K60+L60 -> 51.0376 | N60: T1129011365 | O60: 144.75.202.56 | P60: =IF(G60="MFP",Tables!B$2,Tables!B$5) -> 0.0262 | Q60: =IF(G60="MFP",Tables!B$3,Tables!B$6) -> 0.118 | R60: 3006 | S60: 4954 | T60: 0 | U60: 0
A61: Biology | B61: 40_00_011_10250_5521 | C61: Biology | D61: Maury Brooke | E61: 203A | F61: AF SP4310N | G61: =VLOOKUP(F61,Tables!D$9:E$17,2,FALSE) -> PTR | H61: 17099611 | I61: =SUM(S61-R61) -> 658 | J61: =SUM(U61-T61) -> 0 | K61: =SUM(I61*$P61) -> 17.2396 | L61: =SUM(J61*$Q61) -> 0 | M61: =K61+L61 -> 17.2396 | N61: T1128911356 | O61: 144.75.202.51 | P61: =IF(G61="MFP",Tables!B$2,Tables!B$5) -> 0.0262 | Q61: =IF(G61="MFP",Tables!B$3,Tables!B$6) -> 0.118 | R61: 1873 | S61: 2531 | T61: 0 | U61: 0
A62: Biology | B62: 40_00_011_10250_5521 | C62: Biology | D62: Maury Brooke | E62: 203B | F62: AF SP4310N | G62: =VLOOKUP(F62,Tables!D$9:E$17,2,FALSE) -> PTR | H62: 17099569 | I62: =SUM(S62-R62) -> 125 | J62: =SUM(U62-T62) -> 0 | K62: =SUM(I62*$P62) -> 3.275 | L62: =SUM(J62*$Q62) -> 0 | M62: =K62+L62 -> 3.275 | N62: T1129011364 | O62: 144.75.202.58 | P62: =IF(G62="MFP",Tables!B$2,Tables!B$5) -> 0.0262 | Q62: =IF(G62="MFP",Tables!B$3,Tables!B$6) -> 0.118 | R62: 236 | S62: 361 | T62: 0 | U62: 0
A63: Biology | B63: 40_00_011_10250_5521 | C63: Biology | D63: Maury Brooke | E63: 203C | F63: AF SP4310N | G63: =VLOOKUP(F63,Tables!D$9:E$17,2,FALSE) -> PTR | H63: 17099612 | I63: =SUM(S63-R63) -> 178 | J63: =SUM(U63-T63) -> 0 | K63: =SUM(I63*$P63) -> 4.6636 | L63: =SUM(J63*$Q63) -> 0 | M63: =K63+L63 -> 4.6636 | N63: T1128911365 | O63: 144.75.202.44 | P63: =IF(G63="MFP",Tables!B$2,Tables!B$5) -> 0.0262 | Q63: =IF(G63="MFP",Tables!B$3,Tables!B$6) -> 0.118 | R63: 352 | S63: 530 | T63: 0 | U63: 0
A64: Biology | B64: 40_00_011_10250_5521 | C64: Biology | D64: Maury Brooke | E64: 203D | F64: AF SP4310N | G64: =VLOOKUP(F64,Tables!D$9:E$17,2,FALSE) -> PTR | H64: 17099568 | I64: =SUM(S64-R64) -> 0 | J64: =SUM(U64-T64) -> 0 | K64: =SUM(I64*$P64) -> 0 | L64: =SUM(J64*$Q64) -> 0 | M64: =K64+L64 -> 0 | N64: T1129011299 | O64: 144.75.202.57 | P64: =IF(G64="MFP",Tables!B$2,Tables!B$5) -> 0.0262 | Q64: =IF(G64="MFP",Tables!B$3,Tables!B$6) -> 0.118 | R64: 0 | S64: 0 | T64: 0 | U64: 0
A65: Biology Total | M65: =SUBTOTAL(9,M57:M64) -> 157.6571 | BC65: =SUBTOTAL(9,BC57:BC64) -> 0
A66: Business Office | B66: 10_03_062_16100_5521 | C66: Business Executive | D66: Smith Hall | E66: 303 | F66: AF SPC242DN | G66: =VLOOKUP(F66,Tables!D$9:E$17,2,FALSE) -> PTR | H66: 17099513 | I66: =SUM(S66-R66) -> 0 | J66: =SUM(U66-T66) -> 0 | K66: =SUM(I66*$P66) -> 0 | L66: =SUM(J66*$Q66) -> 0 | M66: =K66+L66 -> 0 | N66: T202P700462 | O66: 144.75.186.31 | P66: =IF(G66="MFP",Tables!B$2,Tables!B$5) -> 0.0262 | Q66: =IF(G66="MFP",Tables!B$3,Tables!B$6) -> 0.118 | R66: 795 | S66: 795 | T66: 418 | U66: 418
A67: Business Office | B67: 10_03_062_16150_5521 | C67: Institute Planning | D67: Smith Hall | E67: 303 | F67: AF SP4310N | G67: =VLOOKUP(F67,Tables!D$9:E$17,2,FALSE) -> PTR | H67: 17099709 | I67: =SUM(S67-R67) -> 294 | J67: =SUM(U67-T67) -> 0 | K67: =SUM(I67*$P67) -> 7.7028 | L67: =SUM(J67*$Q67) -> 0 | M67: =K67+L67 -> 7.7028 | N67: T1128911215 | O67: 144.75.179.115 | P67: =IF(G67="MFP",Tables!B$2,Tables!B$5) -> 0.0262 | Q67: =IF(G67="MFP",Tables!B$3,Tables!B$6) -> 0.118 | R67: 870 | S67: 1164 | T67: 0 | U67: 0
A68: Business Office | B68: 10_03_062_98100_5521 | C68: Traeasurer's Office | D68: Smith Hall | E68: 303 | F68: AF SP4310N | G68: =VLOOKUP(F68,Tables!D$9:E$17,2,FALSE) -> PTR | H68: 17099711 | I68: =SUM(S68-R68) -> 1977 | J68: =SUM(U68-T68) -> 0 | K68: =SUM(I68*$P68) -> 51.7974 | L68: =SUM(J68*$Q68) -> 0 | M68: =K68+L68 -> 51.7974 | N68: T1128911216 | O68: 144.75.179.65 | P68: =IF(G68="MFP",Tables!B$2,Tables!B$5) -> 0.0262 | Q68: =IF(G68="MFP",Tables!B$3,Tables!B$6) -> 0.118 | R68: 4952 | S68: 6929 | T68: 0 | U68: 0
A69: Business Office Total | M69: =SUBTOTAL(9,M66:M68) -> 59.5002 | BC69: =SUBTOTAL(9,BC66:BC68) -> 0
A70: Career Services / Financial Aid | B70: 10_03_053_20300_5521 | C70: Financial Aid Administration | D70: Carroll Hall | E70: 311 | F70: AF SP4310N | G70: =VLOOKUP(F70,Tables!D$9:E$17,2,FALSE) -> PTR | H70: 17099570 | I70: =SUM(S70-R70) -> 178 | J70: =SUM(U70-T70) -> 0 | K70: =SUM(I70*$P70) -> 4.6636 | L70: =SUM(J70*$Q70) -> 0 | M70: =K70+L70 -> 4.6636 | N70: T1128910754 | O70: 144.75.195.25 | P70: =IF(G70="MFP",Tables!B$2,Tables!B$5) -> 0.0262 | Q70: =IF(G70="MFP",Tables!B$3,Tables!B$6) -> 0.118 | R70: 1388 | S70: 1566 | T70: 0 | U70: 0
A71: Career Services / Financial Aid | B71: 10_03_053_20300_5521 | C71: Financial Aid Administration | D71: Carroll Hall | E71: 312 | F71: AF SP4310N | G71: =VLOOKUP(F71,Tables!D$9:E$17,2,FALSE) -> PTR | H71: 17099618 | I71: =SUM(S71-R71) -> 1464 | J71: =SUM(U71-T71) -> 0 | K71: =SUM(I71*$P71) -> 38.3568 | L71: =SUM(J71*$Q71) -> 0 | M71: =K71+L71 -> 38.3568 | N71: T1128911369 | O71: 144.75.195.109 | P71: =IF(G71="MFP",Tables!B$2,Tables!B$5) -> 0.0262 | Q71: =IF(G71="MFP",Tables!B$3,Tables!B$6) -> 0.118 | R71: 3051 | S71: 4515 | T71: 0 | U71: 0
A72: Career Services / Financial Aid | B72: 10_03_053_20300_5521 | C72: Financial Aid Administration | D72: Carroll Hall | E72: 313 | F72: AF SP4310N | G72: =VLOOKUP(F72,Tables!D$9:E$17,2,FALSE) -> PTR | H72: 17099617 | I72: =SUM(S72-R72) -> 172 | J72: =SUM(U72-T72) -> 0 | K72: =SUM(I72*$P72) -> 4.5064 | L72: =SUM(J72*$Q72) -> 0 | M72: =K72+L72 -> 4.5064 | N72: T1128911361 | O72: 144.75.195.81 | P72: =IF(G72="MFP",Tables!B$2,Tables!B$5) -> 0.0262 | Q72: =IF(G72="MFP",Tables!B$3,Tables!B$6) -> 0.118 | R72: 311 | S72: 483 | T72: 0 | U72: 0
A73: Career Services / Financial Aid | B73: 10_03_064_32145_5521 | C73: Printer Services | D73: Carroll Hall | E73: 307 | F73: AF MPC6501 | G73: =VLOOKUP(F73,Tables!D$9:E$17,2,FALSE) -> MFP | H73: 17099454 | I73: =SUM(S73-R73) -> 111860 | J73: =SUM(U73-T73) -> 5115 | K73: =SUM(I73*$P73) -> 2315.502 | L73: =SUM(J73*$Q73) -> 445.005 | M73: =K73+L73 -> 2760.507 | N73: V7620400172 | O73: 144.75.195.225 | P73: =IF(G73="MFP",Tables!B$2,Tables!B$5) -> 0.0207 | Q73: =IF(G73="MFP",Tables!B$3,Tables!B$6) -> 0.087 | R73: 42457 | S73: 154317 | T73: 4808 | U73: 9923
A74: Career Services / Financial Aid Total | M74: =SUBTOTAL(9,M70:M73) -> 2808.0338 | BC74: =SUBTOTAL(9,BC70:BC73) -> 0
A75: Center for Leadership & Ethics | B75: 30_00_045_61150_5521 | C75: Center for Leadership & Ethics | D75: Center for Leadership & Ethics | E75: 201 | F75: AF MPC2051 | G75: =VLOOKUP(F75,Tables!D$9:E$17,2,FALSE) -> MFP | H75: 17099534 | I75: =SUM(S75-R75) -> 1936 | J75: =SUM(U75-T75) -> 1217 | K75: =SUM(I75*$P75) -> 40.0752 | L75: =SUM(J75*$Q75) -> 105.879 | M75: =K75+L75 -> 145.9542 | N75: V9725400756 | O75: 144.75.215.6 | P75: =IF(G75="MFP",Tables!B$2,Tables!B$5) -> 0.0207 | Q75: =IF(G75="MFP",Tables!B$3,Tables!B$6) -> 0.087 | R75: 7497 | S75: 9433 | T75: 5029 | U75: 6246
A76: Center for Leadership & Ethics | B76: 30_00_045_61150_5521 | C76: Center for Leadership & Ethics | D76: Center for Leadership & Ethics | E76: 201 | F76: AF SP4310N | G76: =VLOOKUP(F76,Tables!D$9:E$17,2,FALSE) -> PTR | H76: 17099602 | I76: =SUM(S76-R76) -> 597 | J76: =SUM(U76-T76) -> 0 | K76: =SUM(I76*$P76) -> 15.6414 | L76: =SUM(J76*$Q76) -> 0 | M76: =K76+L76 -> 15.6414 | N76: T1129012327 | O76: 144.75.215.10 | P76: =IF(G76="MFP",Tables!B$2,Tables!B$5) -> 0.0262 | Q76: =IF(G76="MFP",Tables!B$3,Tables!B$6) -> 0.118 | R76: 3026 | S76: 3623 | T76: 0 | U76: 0
A77: Center for Leadership & Ethics | B77: 30_00_045_61150_5521 | C77: Center for Leadership & Ethics | D77: Center for Leadership & Ethics | E77: 201 | F77: AF SP4310N | G77: =VLOOKUP(F77,Tables!D$9:E$17,2,FALSE) -> PTR | H77: 17099694 | I77: =SUM(S77-R77) -> 22 | J77: =SUM(U77-T77) -> 0 | K77: =SUM(I77*$P77) -> 0.5764 | L77: =SUM(J77*$Q77) -> 0 | M77: =K77+L77 -> 0.5764 | N77: T1129011351 | O77: 144.75.215.30 | P77: =IF(G77="MFP",Tables!B$2,Tables!B$5) -> 0.0262 | Q77: =IF(G77="MFP",Tables!B$3,Tables!B$6) -> 0.118 | R77: 74 | S77: 96 | T77: 0 | U77: 0
A78: Center for Leadership & Ethics Total | M78: =SUBTOTAL(9,M75:M77) -> 162.172 | BC78: =SUBTOTAL(9,BC75:BC77) -> 0
A79: Chaplains Office | B79: 10_07_205_24100_5521 | C79: UMA-Counselors Office | D79: Old Hospital | E79: 202 | F79: AF MP301SP | G79: =VLOOKUP(F79,Tables!D$9:E$17,2,FALSE) -> MFP | H79: 17099532 | I79: =SUM(S79-R79) -> 538 | J79: =SUM(U79-T79) -> 0 | K79: =SUM(I79*$P79) -> 11.1366 | L79: =SUM(J79*$Q79) -> 0 | M79: =K79+L79 -> 11.1366 | N79: W912P601485 | O79: 144.75.180.73 | P79: =IF(G79="MFP",Tables!B$2,Tables!B$5) -> 0.0207 | Q79: =IF(G79="MFP",Tables!B$3,Tables!B$6) -> 0.087 | R79: 3342 | S79: 3880 | T79: 0 | U79: 0
A80: Chaplains Office Total | M80: =SUBTOTAL(9,M79:M79) -> 11.1366 | BC80: =SUBTOTAL(9,BC79:BC79) -> 0
A81: Chemistry | B81: 10_03_011_26100_5521 | C81: Chemistry | D81: Maury Brooke | E81: 303 | F81: AF SP4310N | G81: =VLOOKUP(F81,Tables!D$9:E$17,2,FALSE) -> PTR | H81: 17099615 | I81: =SUM(S81-R81) -> 2309 | J81: =SUM(U81-T81) -> 0 | K81: =SUM(I81*$P81) -> 60.4958 | L81: =SUM(J81*$Q81) -> 0 | M81: =K81+L81 -> 60.4958 | N81: T1129011366 | O81: 144.75.202.14 | P81: =IF(G81="MFP",Tables!B$2,Tables!B$5) -> 0.0262 | Q81: =IF(G81="MFP",Tables!B$3,Tables!B$6) -> 0.118 | R81: 4670 | S81: 6979 | T81: 0 | U81: 0
A82: Chemistry | B82: 10_03_011_26100_5521 | C82: Chemistry | D82: Maury Brooke | E82: 303E | F82: AF MPC3502 | G82: =VLOOKUP(F82,Tables!D$9:E$17,2,FALSE) -> MFP | H82: 17099462 | I82: =SUM(S82-R82) -> 7934 | J82: =SUM(U82-T82) -> 511 | K82: =SUM(I82*$P82) -> 164.2338 | L82: =SUM(J82*$Q82) -> 44.457 | M82: =K82+L82 -> 208.6908 | N82: W502L601221 | O82: 144.75.202.45 | P82: =IF(G82="MFP",Tables!B$2,Tables!B$5) -> 0.0207 | Q82: =IF(G82="MFP",Tables!B$3,Tables!B$6) -> 0.087 | R82: 26432 | S82: 34366 | T82: 522 | U82: 1033
A83: Chemistry | B83: 10_03_011_26100_5521 | C83: Chemistry | D83: Maury Brooke | E83: 403H | F83: AF SP4310N | G83: =VLOOKUP(F83,Tables!D$9:E$17,2,FALSE) -> PTR | H83: 17099616 | I83: =SUM(S83-R83) -> 1619 | J83: =SUM(U83-T83) -> 0 | K83: =SUM(I83*$P83) -> 42.4178 | L83: =SUM(J83*$Q83) -> 0 | M83: =K83+L83 -> 42.4178 | N83: T1129011350 | O83: 144.75.202.13 | P83: =IF(G83="MFP",Tables!B$2,Tables!B$5) -> 0.0262 | Q83: =IF(G83="MFP",Tables!B$3,Tables!B$6) -> 0.118 | R83: 3483 | S83: 5102 | T83: 0 | U83: 0
A84: Chemistry Total | M84: =SUBTOTAL(9,M81:M83) -> 311.6044 | BC84: =SUBTOTAL(9,BC81:BC83) -> 0
A85: Civil & Environmental Eng. | B85: 10_03_011_28100_5521 | C85: Civil Engineering | D85: Nichols Hall | E85: 410 | F85: AF SP4310N | G85: =VLOOKUP(F85,Tables!D$9:E$17,2,FALSE) -> PTR | H85: 17099752 | I85: =SUM(S85-R85) -> 124 | J85: =SUM(U85-T85) -> 0 | K85: =SUM(I85*$P85) -> 3.2488 | L85: =SUM(J85*$Q85) -> 0 | M85: =K85+L85 -> 3.2488 | N85: T1128812156 | O85: 144.75.189.88 | P85: =IF(G85="MFP",Tables!B$2,Tables!B$5) -> 0.0262 | Q85: =IF(G85="MFP",Tables!B$3,Tables!B$6) -> 0.118 | R85: 346 | S85: 470 | T85: 0 | U85: 0
A86: Civil & Environmental Eng. | B86: 10_03_011_28100_5521 | C86: Civil Engineering | D86: Nichols Hall | E86: 609 | F86: AF MPC4502 | G86: =VLOOKUP(F86,Tables!D$9:E$17,2,FALSE) -> MFP | H86: 17099782 | I86: =SUM(S86-R86) -> 11476 | J86: =SUM(U86-T86) -> 2029 | K86: =SUM(I86*$P86) -> 237.5532 | L86: =SUM(J86*$Q86) -> 176.523 | M86: =K86+L86 -> 414.0762 | N86: W512L700506 | O86: 144.75.193.90 | P86: =IF(G86="MFP",Tables!B$2,Tables!B$5) -> 0.0207 | Q86: =IF(G86="MFP",Tables!B$3,Tables!B$6) -> 0.087 | R86: 74539 | S86: 86015 | T86: 21940 | U86: 23969
A87: Civil & Environmental Eng. | B87: 10_03_011_28100_5521 | C87: Civil Engineering | D87: Nichols Hall | E87: 609 | F87: AF SP4310N | G87: =VLOOKUP(F87,Tables!D$9:E$17,2,FALSE) -> PTR | H87: 17099621 | I87: =SUM(S87-R87) -> 449 | J87: =SUM(U87-T87) -> 0 | K87: =SUM(I87*$P87) -> 11.7638 | L87: =SUM(J87*$Q87) -> 0 | M87: =K87+L87 -> 11.7638 | N87: T1129011096 | O87: 144.75.193.196 | P87: =IF(G87="MFP",Tables!B$2,Tables!B$5) -> 0.0262 | Q87: =IF(G87="MFP",Tables!B$3,Tables!B$6) -> 0.118 | R87: 330 | S87: 779 | T87: 0 | U87: 0
A88: Civil & Environmental Eng. | B88: 10_03_011_28100_5521 | C88: Civil Engineering | D88: Nichols Hall | E88: 410-445 | F88: AF SPC242DN | G88: =VLOOKUP(F88,Tables!D$9:E$17,2,FALSE) -> PTR | H88: 17099740 | I88: =SUM(S88-R88) -> 436 | J88: =SUM(U88-T88) -> 3 | K88: =SUM(I88*$P88) -> 11.4232 | L88: =SUM(J88*$Q88) -> 0.354 | M88: =K88+L88 -> 11.7772 | N88: T202P600371 | O88: 144.75.193.75 | P88: =IF(G88="MFP",Tables!B$2,Tables!B$5) -> 0.0262 | Q88: =IF(G88="MFP",Tables!B$3,Tables!B$6) -> 0.118 | R88: 595 | S88: 1031 | T88: 56 | U88: 59
A89: Civil & Environmental Eng. | B89: 10_03_064_50550_5521 | C89: Printer Services | D89: Nichols Hall | E89: 601 | F89: AF SP4310N | G89: =VLOOKUP(F89,Tables!D$9:E$17,2,FALSE) -> PTR | H89: 17099768 | I89: =SUM(S89-R89) -> 5691 | J89: =SUM(U89-T89) -> 0 | K89: =SUM(I89*$P89) -> 149.1042 | L89: =SUM(J89*$Q89) -> 0 | M89: =K89+L89 -> 149.1042 | N89: T1128811663 | O89: 144.75.193.42 | P89: =IF(G89="MFP",Tables!B$2,Tables!B$5) -> 0.0262 | Q89: =IF(G89="MFP",Tables!B$3,Tables!B$6) -> 0.118 | R89: 44335 | S89: 50026 | T89: 0 | U89: 0
A90: Civil & Environmental Eng. Total | M90: =SUBTOTAL(9,M85:M89) -> 589.9702 | BC90: =SUBTOTAL(9,BC85:BC89) -> 0
A91: Commandant's Office | B91: 10_07_205_30150_5521 | C91: UMA-Commandant's Office | D91: Old Barracks | E91: 1 | F91: AF MPC4502 | G91: =VLOOKUP(F91,Tables!D$9:E$17,2,FALSE) -> MFP | H91: 17099497 | I91: =SUM(S91-R91) -> 8686 | J91: =SUM(U91-T91) -> 2159 | K91: =SUM(I91*$P91) -> 179.8002 | L91: =SUM(J91*$Q91) -> 187.833 | M91: =K91+L91 -> 367.6332 | N91: W512L601992 | O91: 144.75.190.18 | P91: =IF(G91="MFP",Tables!B$2,Tables!B$5) -> 0.0207 | Q91: =IF(G91="MFP",Tables!B$3,Tables!B$6) -> 0.087 | R91: 14399 | S91: 23085 | T91: 2258 | U91: 4417
A92: Commandant's Office | B92: 10_07_205_30150_5521 | C92: UMA-Commandant's Office | D92: Old Barracks | E92: 131 | F92: AF SP4310N | G92: =VLOOKUP(F92,Tables!D$9:E$17,2,FALSE) -> PTR | H92: 17099704 | I92: =SUM(S92-R92) -> 0 | J92: =SUM(U92-T92) -> 0 | K92: =SUM(I92*$P92) -> 0 | L92: =SUM(J92*$Q92) -> 0 | M92: =K92+L92 -> 0 | N92: T112901223 | O92: 144.75.190.21 | P92: =IF(G92="MFP",Tables!B$2,Tables!B$5) -> 0.0262 | Q92: =IF(G92="MFP",Tables!B$3,Tables!B$6) -> 0.118 | R92: 0 | S92: 0 | T92: 0 | U92: 0
A93: Commandant's Office | B93: 10_07_205_30150_5521 | C93: UMA-Commandant's Office | D93: Old Barracks | E93: 135C | F93: AF SP4310N | G93: =VLOOKUP(F93,Tables!D$9:E$17,2,FALSE) -> PTR | H93: 17099703 | I93: =SUM(S93-R93) -> 1577 | J93: =SUM(U93-T93) -> 0 | K93: =SUM(I93*$P93) -> 41.3174 | L93: =SUM(J93*$Q93) -> 0 | M93: =K93+L93 -> 41.3174 | N93: T1129012232 | O93: 144.75.190.22 | P93: =IF(G93="MFP",Tables!B$2,Tables!B$5) -> 0.0262 | Q93: =IF(G93="MFP",Tables!B$3,Tables!B$6) -> 0.118 | R93: 5464 | S93: 7041 | T93: 0 | U93: 0
A94: Commandant's Office Total | M94: =SUBTOTAL(9,M91:M93) -> 408.9506 | BC94: =SUBTOTAL(9,BC91:BC93) -> 0
A95: Communications & Marketing | B95: 10_03_065_88100_5521 | C95: Communications & Marketing | D95: Smith Hall | E95: 111 | F95: AF MP301SP | G95: =VLOOKUP(F95,Tables!D$9:E$17,2,FALSE) -> MFP | H95: 17099530 | I95: =SUM(S95-R95) -> 569 | J95: =SUM(U95-T95) -> 0 | K95: =SUM(I95*$P95) -> 11.7783 | L95: =SUM(J95*$Q95) -> 0 | M95: =K95+L95 -> 11.7783 | N95: W912P602281 | O95: 144.75.179.81 | P95: =IF(G95="MFP",Tables!B$2,Tables!B$5) -> 0.0207 | Q95: =IF(G95="MFP",Tables!B$3,Tables!B$6) -> 0.087 | R95: 3234 | S95: 3803 | T95: 0 | U95: 0
A96: Communications & Marketing Total | M96: =SUBTOTAL(9,M95:M95) -> 11.7783 | BC96: =SUBTOTAL(9,BC95:BC95) -> 0
A97: Communications and Marketing | B97: 10_03_065_88100_5521 | C97: Communications & Marketing | D97: Smith Hall | E97: 114A | F97: AF SP4310N | G97: =VLOOKUP(F97,Tables!D$9:E$17,2,FALSE) -> PTR | H97: 17099697 | I97: =SUM(S97-R97) -> 226 | J97: =SUM(U97-T97) -> 0 | K97: =SUM(I97*$P97) -> 5.9212 | L97: =SUM(J97*$Q97) -> 0 | M97: =K97+L97 -> 5.9212 | N97: T1128911218 | O97: 144.75.179.110 | P97: =IF(G97="MFP",Tables!B$2,Tables!B$5) -> 0.0262 | Q97: =IF(G97="MFP",Tables!B$3,Tables!B$6) -> 0.118 | R97: 355 | S97: 581 | T97: 0 | U97: 0
A98: Communications and Marketing Total | M98: =SUBTOTAL(9,M97:M97) -> 5.9212 | BC98: =SUBTOTAL(9,BC97:BC97) -> 0
A99: Comptrollers | B99: 10_03_062_32100_5521 | C99: Comptroller's Office | D99: Smith Hall | E99: 311 | F99: AF MPC2051 | G99: =VLOOKUP(F99,Tables!D$9:E$17,2,FALSE) -> MFP | H99: 17099528 | I99: =SUM(S99-R99) -> 8277 | J99: =SUM(U99-T99) -> 111 | K99: =SUM(I99*$P99) -> 171.3339 | L99: =SUM(J99*$Q99) -> 9.657 | M99: =K99+L99 -> 180.9909 | N99: V9725401454 | O99: 144.75.179.234 | P99: =IF(G99="MFP",Tables!B$2,Tables!B$5) -> 0.0207 | Q99: =IF(G99="MFP",Tables!B$3,Tables!B$6) -> 0.087 | R99: 16913 | S99: 25190 | T99: 101 | U99: 212
A100: Comptrollers | B100: 10_03_062_32100_5521 | C100: Comptroller's Office | D100: Smith Hall | E100: 320 | F100: AF SP4310N | G100: =VLOOKUP(F100,Tables!D$9:E$17,2,FALSE) -> PTR | H100: 17099695 | I100: =SUM(S100-R100) -> 1734 | J100: =SUM(U100-T100) -> 0 | K100: =SUM(I100*$P100) -> 45.4308 | L100: =SUM(J100*$Q100) -> 0 | M100: =K100+L100 -> 45.4308 | N100: T1129012230 | O100: 144.75.179.43 | P100: =IF(G100="MFP",Tables!B$2,Tables!B$5) -> 0.0262 | Q100: =IF(G100="MFP",Tables!B$3,Tables!B$6) -> 0.118 | R100: 4357 | S100: 6091 | T100: 0 | U100: 0
...

Sheet January 2013 - HP Toner
A1: Department | B1: General Ledger | C1: GL Description | D1: Building | E1: Room | F1: Model | G1: Device Type | H1: Ricoh Tag | I1: Toner Type | J1: Quantity | K1: Toner Cost Ea. | L1: Total Toner Cost | M1: Serial Number | N1: IP Address
A2: Superintendents House | B2: 10_03_061_94100_5521 | D2: Superintendents House | F2: M2727 | G2: HP-MFP | H2: 17099735 | I2: Black | K2: 25.32 | L2: =SUM(J2*K2) -> 0 | M2: CNG8961SWT | N2: 144.75.156.35
A3: Protocol | B3: 10_03_065_84100_5521 | C3: Protocol | D3: 303 Ltecher | F3: 4650 | G3: HP-PTR | H3: 17099-732 | I3: Black | J3: 2 | K3: 58.48 | L3: =SUM(J3*K3) -> 116.96 | M3: JPKAC48117 | N3: 144.75.178.14
A4: Protocol | B4: 10_03_065_84100_5521 | C4: Protocol | D4: 303 Ltecher | F4: 4650 | G4: HP-PTR | H4: 17099-732 | I4: Cyan | J4: 2 | K4: 58.48 | L4: =SUM(J4*K4) -> 116.96 | M4: JPKAC48117 | N4: 144.75.178.14
A5: Protocol | B5: 10_03_065_84100_5521 | C5: Protocol | D5: 303 Ltecher | F5: 4650 | G5: HP-PTR | H5: 17099-732 | I5: Magenta | J5: 2 | K5: 58.48 | L5: =SUM(J5*K5) -> 116.96 | M5: JPKAC48117 | N5: 144.75.178.14
A6: Protocol | B6: 10_03_065_84100_5521 | C6: Protocol | D6: 303 Ltecher | F6: 4650 | G6: HP-PTR | H6: 17099-732 | I6: Yellow | J6: 2 | K6: 58.48 | L6: =SUM(J6*K6) -> 116.96 | M6: JPKAC48117 | N6: 144.75.178.14
A7: Admissions | B7: 10_03_054_01100_5521 | C7: Admissions | D7: 307 Ltecher | F7: CP4025 | G7: HP-PTR | H7: 17099781 | I7: Black | K7: 89.75 | L7: =SUM(J7*K7) -> 0 | M7: JPBCBBMOSG | N7: 144.75.215.29
A8: Admissions | B8: 10_03_054_01100_5521 | C8: Admissions | D8: 307 Ltecher | F8: CP4025 | G8: HP-PTR | H8: 17099781 | I8: Cyan | K8: 91.49 | L8: =SUM(J8*K8) -> 0 | M8: JPBCBBMOSG | N8: 144.75.215.29
A9: Admissions | B9: 10_03_054_01100_5521 | C9: Admissions | D9: 307 Ltecher | F9: CP4025 | G9: HP-PTR | H9: 17099781 | I9: Magenta | K9: 91.49 | L9: =SUM(J9*K9) -> 0 | M9: JPBCBBMOSG | N9: 144.75.215.29
A10: Admissions | B10: 10_03_054_01100_5521 | C10: Admissions | D10: 307 Ltecher | F10: CP4025 | G10: HP-PTR | H10: 17099781 | I10: Yellow | K10: 91.49 | L10: =SUM(J10*K10) -> 0 | M10: JPBCBBMOSG | N10: 144.75.215.29
A11: Media Services | B11: 10_03_041_62100_5304 | C11: Media Services | D11: Preston Library | E11: 406 | F11: LJ3600 | G11: HP-PTR | H11: 17099815 | I11: Black | K11: 53.82 | L11: =SUM(J11*K11) -> 0 | M11: CNWDF12176 | N11: 144.75.196.251
A12: Media Services | B12: 10_03_041_62100_5304 | C12: Media Services | D12: Preston Library | E12: 406 | F12: LJ3600 | G12: HP-PTR | H12: 17099815 | I12: Cyan | K12: 61.89 | L12: =SUM(J12*K12) -> 0 | M12: CNWDF12177 | N12: 144.75.196.251
A13: Media Services | B13: 10_03_041_62100_5304 | C13: Media Services | D13: Preston Library | E13: 406 | F13: LJ3600 | G13: HP-PTR | H13: 17099815 | I13: Magenta | K13: 61.89 | L13: =SUM(J13*K13) -> 0 | M13: CNWDF12178 | N13: 144.75.196.251
A14: Media Services | B14: 10_03_041_62100_5304 | C14: Media Services | D14: Preston Library | E14: 406 | F14: LJ3600 | G14: HP-PTR | H14: 17099815 | I14: Yellow | K14: 61.89 | L14: =SUM(J14*K14) -> 0 | M14: CNWDF12179 | N14: 144.75.196.251
A15: Psychology & Philosophy | B15: 10_03_011_86100_5521 | C15: Psychology & Philosophy | D15: Carroll Hall | E15: 403 | F15: LJ4005 | G15: HP-PTR | H15: 17099728 | I15: Black | K15: 74.18 | L15: =SUM(J15*K15) -> 0 | M15: JPRLB46624 | N15: 144.75.195.232
A16: Psychology & Philosophy | B16: 10_03_011_86100_5521 | C16: Psychology & Philosophy | D16: Carroll Hall | E16: 403 | F16: LJ4005 | G16: HP-PTR | H16: 17099728 | I16: Cyan | K16: 76.19 | L16: =SUM(J16*K16) -> 0 | M16: JPRLB46625 | N16: 144.75.195.232
A17: Psychology & Philosophy | B17: 10_03_011_86100_5521 | C17: Psychology & Philosophy | D17: Carroll Hall | E17: 403 | F17: LJ4005 | G17: HP-PTR | H17: 17099728 | I17: Magenta | K17: 76.19 | L17: =SUM(J17*K17) -> 0 | M17: JPRLB46626 | N17: 144.75.195.232
A18: Psychology & Philosophy | B18: 10_03_011_86100_5521 | C18: Psychology & Philosophy | D18: Carroll Hall | E18: 403 | F18: LJ4005 | G18: HP-PTR | H18: 17099728 | I18: Yellow | K18: 76.19 | L18: =SUM(J18*K18) -> 0 | M18: JPRLB46627 | N18: 144.75.195.232
A19: Athletics | B19: 30_00_310_06090_5521 | C19: Administrative | D19: Cameron Hall | E19: 345 | F19: LJ4005 | G19: HP-PTR | H19: 17099-828 | I19: Black | K19: 74.18 | L19: =SUM(J19*K19) -> 0 | M19: JP4LC17284 | N19: Not on network
A20: Athletics | B20: 30_00_310_06090_5521 | C20: Administrative | D20: Cameron Hall | E20: 345 | F20: LJ4005 | G20: HP-PTR | H20: 17099-828 | I20: Cyan | K20: 76.19 | L20: =SUM(J20*K20) -> 0 | M20: JP4LC17284 | N20: Not on network
A21: Athletics | B21: 30_00_310_06090_5521 | C21: Administrative | D21: Cameron Hall | E21: 345 | F21: LJ4005 | G21: HP-PTR | H21: 17099-828 | I21: Magenta | K21: 76.19 | L21: =SUM(J21*K21) -> 0 | M21: JP4LC17284 | N21: Not on network
A22: Athletics | B22: 30_00_310_06090_5521 | C22: Administrative | D22: Cameron Hall | E22: 345 | F22: LJ4005 | G22: HP-PTR | H22: 17099-828 | I22: Yellow | K22: 76.19 | L22: =SUM(J22*K22) -> 0 | M22: JP4LC17284 | N22: Not on network
A23: Comptrollers | B23: 10_03_062_32100_5521 | C23: Comptroller's Office | D23: Smith Hall | E23: 311 | F23: P3010 | G23: HP-PTR | I23: Black | J23: 3 | K23: 32.03 | L23: =SUM(J23*K23) -> 96.09 | M23: VNBCC4L0MD | N23: 144.75.179.5
A24: Comptrollers | B24: 10_03_062_32100_5521 | C24: Comptroller's Office | D24: Smith Hall | E24: 320 | F24: P3010 | G24: HP-PTR | I24: Black | J24: 3 | K24: 32.03 | L24: =SUM(J24*K24) -> 96.09 | M24: VNBCC4L0M6 | N24: 144.75.179.31
L25: =SUM(L2:L24) -> 660.02
K26: Credit | L26: 155.73
K27: Total | L27: =660.02-155.73 -> 504.29

Sheet Tables
A1: Rates
A2: MFP B&W | B2: 0.0207
A3: MFP Color | B3: 0.087
A5: Printer B&W | B5: 0.0262
A6: Printer Color | B6: 0.118
D8: Devices | E8: Type
D9: AF MP301SP | E9: MFP
D10: AF MP4002 | E10: MFP
D11: AF MP6001 | E11: MFP
D12: AF MPC2051 | E12: MFP
D13: AF MPC3502 | E13: MFP
D14: AF MPC4502 | E14: MFP
D15: AF MPC6501 | E15: MFP
D16: AF SP4310N | E16: PTR
D17: AF SPC242DN | E17: PTR
A23: Meter Read on: | B23: 41274

Sheet Totals
D2: B&W MFP | E2: Color MFP | F2: B/W MFD | G2: Color MFD | J2: B&W MFP | K2: Color MFP
C3: MFP: | D3: =SUMIF('January 2012 - Data'!G$3:$G$295,"MFP",'January 2012 - Data'!I$3:I$295) -> 413231 | E3: =SUMIF('January 2012 - Data'!G$3:$G$295,"MFP",'January 2012 - Data'!J$3:J$295) -> 52007.1 | F3: =SUM(D3)*D14 -> 8553.8817 | G3: =SUM(E3)*E14 -> 4524.6177 | J3: =SUMIF('January 2012 - Data'!$G$3:G$295,"MFP",'January 2012 - Data'!K$3:K$295) -> 8553.8817 | K3: =SUMIF('January 2012 - Data'!$G$3:$G$295,"MFP",'January 2012 - Data'!L$3:L$295) -> 4524.6177
D5: B&W Printer | E5: Color Printer | F5: B/W Printer | G5: Color Printer | J5: B&W Printer | K5: Color Printer
C6: Printer: | D6: =SUMIF('January 2012 - Data'!G$3:$G$295,"PTR",'January 2012 - Data'!I$3:I$295) -> 102480 | E6: =SUMIF('January 2012 - Data'!G$3:$G$295,"PTR",'January 2012 - Data'!J$3:J$295) -> 932 | F6: =SUM(D6)*D15 -> 2684.976 | G6: =SUM(E6)*E15 -> 109.976 | J6: =SUMIF('January 2012 - Data'!$G$3:$G$295,"Ptr",'January 2012 - Data'!K$3:K$295) -> 2684.976 | K6: =SUMIF('January 2012 - Data'!$G$3:$G$295,"PTR",'January 2012 - Data'!L$3:L$295) -> 109.976
D8: Total B&W | E8: Total Color | F8: Total B&W | G8: Total Color | J8: Total B&W | K8: Total Color
C9: Total: | D9: =SUM(D3,D6) -> 515711 | E9: =SUM(E3,E6) -> 52939.1 | F9: =SUM(F3,F6) -> 11238.858 | G9: =SUM(G3,G6) -> 4634.5937 | J9: =SUM(J3,J6) -> 11238.858 | K9: =SUM(K3,K6) -> 4634.5937
F11: Total This Invoice: | G11: =SUM(F9:G9) -> 15873.451 | J11: Total This Invoice: | K11: =SUM(J9+K9) -> 15873.451
F12: HP Toner | G12: =+'January 2013 - HP Toner'!L27 -> 504.29 | J12: Total Invoice After Credit: | K12: =G13 -> 16377.741
F13: Invoice Total | G13: =SUM(G11+G12) -> 16377.741
C14: MFP | D14: =Tables!B2 -> 0.0207 | E14: =Tables!B3 -> 0.087
C15: Printer | D15: =Tables!B5 -> 0.0262 | E15: =Tables!B6 -> 0.118
F18: MFP Total: | G18: =COUNTIF('January 2012 - Data'!G3:G295,"MFP") -> 59
F19: Printer Total: | G19: =COUNTIF('January 2012 - Data'!G3:G295,"PTR") -> 163
F20: Device Total: | G20: =SUM(G18:G19) -> 222
