Workbook

Sheet Istruzioni
I2: inserire il massimale assoluto per 1 ripetizione e premere ENTER
A3: A) | B3: Massimale assoluto | E3: kg | F3: 151
C9: Data
A10: B) | B10: 1 SETTIMANA ACCUMULO | C10: 40708 | F10: inserire la data della sessione di allenamento (es.: 14 giugno) e premere ENTER
N20: ogni 3^ settimana di ogni mini-ciclo inserire il picco di ripetizioni eseguite con il carico massimo previsto
A21: C) | B21: * MAR =NUMERO MASSIMO ASSOLUTO DI RIPETIZIONI
I22: 15
B23: Inserire il numero (MAR) di ripetizioni effettuate
B32: Commenti:
A33: D) | B33: nella casella dei commenti è possibile inserire sensazioni, pensieri, imprecazioni, sfoghi etc.

Sheet 1 ONDA
A1: SQUAT JUGGERNAUT | J1: PRIMA ONDA DA 10
A2: Massimale assoluto | D2: kg | E2: 151 | R2: 0.9 | T2: max effettivo (90% del max assoluto) | X2: kg | Y2: =E2*R2 -> 135.9
G3: % del max effettivo da utilizzare
B4: Data | J4: kg | K4: serie | L4: ripetizioni
A5: 1 SETTIMANA ACCUMULO | G5: 0.6 | H5: =Y2*G5 -> 81.54 | J5: =ROUND(H5,0) -> 82 | K5: 5 | L5: 10
J6: =ROUND(H5,0) -> 82
J7: =ROUND(H5,0) -> 82
J8: =ROUND(H5,0) -> 82
J9: =ROUND(H5,0) -> 82
A13: 2 SETTIMANA INTENSIFICAZIONE | G13: 0.55 | H13: =Y2*G13 -> 74.745 | J13: =ROUND(H13,0) -> 75 | K13: 1 | L13: 5
G14: 0.625 | H14: =Y2*G14 -> 84.9375 | J14: =ROUND(H14,0) -> 85 | K14: 1 | L14: 5
G15: 0.675 | H15: =Y2*G15 -> 91.7325 | J15: =ROUND(H15,0) -> 92 | K15: 3 | L15: 10
J16: =ROUND(H15,0) -> 92
J17: =ROUND(H15,0) -> 92
A21: 3 SETTIMANA REALIZZAZIONE | G21: 0.5 | H21: =Y2*G21 -> 67.95 | J21: =ROUND(H21,0) -> 68 | K21: 1 | L21: 5
G22: 0.6 | H22: =Y2*G22 -> 81.54 | J22: =ROUND(H22,0) -> 82 | K22: 1 | L22: 3
G23: 0.7 | H23: =Y2*G23 -> 95.13 | J23: =ROUND(H23,0) -> 95 | K23: 1 | L23: 1
G24: 0.75 | H24: =Y2*G24 -> 101.925 | J24: =ROUND(H24,0) -> 102 | K24: MAR*
A28: 4 SETTIMANA SCARICO | G28: 0.4 | H28: =Y2*G28 -> 54.36 | J28: =ROUND(H28,0) -> 54 | K28: 1 | L28: 5 | N28: Commenti:
G29: 0.5 | H29: =Y2*G29 -> 67.95 | J29: =ROUND(H29,0) -> 68 | K29: 1 | L29: 5
G30: 0.6 | H30: =Y2*G30 -> 81.54 | J30: =ROUND(H30,0) -> 82 | K30: 1 | L30: 5
A36: * MAR =NUMERO MASSIMO ASSOLUTO DI RIPETIZIONI
H37: 0
A38: Inserire il numero (MAR) di ripetizioni effettuate
A43: postmaster@faresquat.it | Z43: ver. 1.0

Sheet 2 ONDA
A1: SQUAT JUGGERNAUT | J1: SECONDA ONDA DA 8
A2: Massimale assoluto | D2: kg | E2: ='1 ONDA'!E2 -> 151 | R2: 0.9 | T2: max effettivo (90% del max assoluto) | X2: kg | Y2: =E2*R2 -> 135.9
G3: % del max effettivo da utilizzare
B4: Data | J4: kg | K4: serie | L4: ripetizioni
A5: 1 SETTIMANA ACCUMULO | G5: 0.65 | H5: =Y2*G5 -> 88.335 | J5: =ROUND(H5,0) -> 88 | K5: 5 | L5: 8
J6: =ROUND(H5,0) -> 88
J7: =ROUND(H5,0) -> 88
J8: =ROUND(H5,0) -> 88
J9: =ROUND(H5,0) -> 88
A13: 2 SETTIMANA INTENSIFICAZIONE | G13: 0.6 | H13: =Y2*G13 -> 81.54 | J13: =ROUND(H13,0) -> 82 | K13: 1 | L13: 3
G14: 0.675 | H14: =Y2*G14 -> 91.7325 | J14: =ROUND(H14,0) -> 92 | K14: 1 | L14: 3
G15: 0.725 | H15: =Y2*G15 -> 98.5275 | J15: =ROUND(H15,0) -> 99 | K15: 3 | L15: 8
J16: =ROUND(H15,0) -> 99
J17: =ROUND(H15,0) -> 99
A21: 3 SETTIMANA REALIZZAZIONE | G21: 0.5 | H21: =Y2*G21 -> 67.95 | J21: =ROUND(H21,0) -> 68 | K21: 1 | L21: 5
G22: 0.6 | H22: =Y2*G22 -> 81.54 | J22: =ROUND(H22,0) -> 82 | K22: 1 | L22: 3
G23: 0.7 | H23: =Y2*G23 -> 95.13 | J23: =ROUND(H23,0) -> 95 | K23: 1 | L23: 2
G24: 0.75 | H24: =Y2*G24 -> 101.925 | J24: =ROUND(H24,0) -> 102 | K24: 1 | L24: 1
G25: 0.8 | H25: =Y2*G25 -> 108.72 | J25: =ROUND(H25,0) -> 109 | K25: MAR*
A29: 4 SETTIMANA SCARICO | G29: 0.4 | H29: =Y2*G29 -> 54.36 | J29: =ROUND(H29,0) -> 54 | K29: 1 | L29: 5 | N29: Commenti:
G30: 0.5 | H30: =Y2*G30 -> 67.95 | J30: =ROUND(H30,0) -> 68 | K30: 1 | L30: 5
G31: 0.6 | H31: =Y2*G31 -> 81.54 | J31: =ROUND(H31,0) -> 82 | K31: 1 | L31: 5
A37: * MAR =NUMERO MASSIMO ASSOLUTO DI RIPETIZIONI
A39: Inserire il numero (MAR) di ripetizioni effettuate
A43: postmaster@faresquat.it | Z43: ver. 1.0

Sheet 3 ONDA
A1: SQUAT JUGGERNAUT | J1: TERZA ONDA DA 5
A2: Massimale assoluto | D2: kg | E2: ='1 ONDA'!E2 -> 151 | P2: 0.9 | T2: max effettivo (90% del max assoluto) | X2: kg | Y2: =E2*P2 -> 135.9
G3: % del max effettivo da utilizzare
B4: Data | J4: kg | K4: serie | L4: ripetizioni
A5: 1 SETTIMANA ACCUMULO | G5: 0.7 | H5: =Y2*G5 -> 95.13 | J5: =ROUND(H5,0) -> 95 | K5: 6 | L5: 5
J6: =ROUND(H5,0) -> 95
J7: =ROUND(H5,0) -> 95
J8: =ROUND(H5,0) -> 95
J9: =ROUND(H5,0) -> 95
J10: =ROUND(H5,0) -> 95
A14: 2 SETTIMANA INTENSIFICAZIONE | G14: 0.65 | H14: =Y2*G14 -> 88.335 | J14: =ROUND(H14,0) -> 88 | K14: 1 | L14: 2
G15: 0.725 | H15: =Y2*G15 -> 98.5275 | J15: =ROUND(H15,0) -> 99 | K15: 1 | L15: 2
G16: 0.775 | H16: =Y2*G16 -> 105.3225 | J16: =ROUND(H16,0) -> 105 | K16: 4 | L16: 8
J17: =ROUND(H16,0) -> 105
J18: =ROUND(H16,0) -> 105
J19: =ROUND(H16,0) -> 105
A23: 3 SETTIMANA REALIZZAZIONE | G23: 0.5 | H23: =Y2*G23 -> 67.95 | J23: =ROUND(H23,0) -> 68 | K23: 1 | L23: 5
G24: 0.6 | H24: =Y2*G24 -> 81.54 | J24: =ROUND(H24,0) -> 82 | K24: 1 | L24: 3
G25: 0.7 | H25: =Y2*G25 -> 95.13 | J25: =ROUND(H25,0) -> 95 | K25: 1 | L25: 2 | N25: Commenti:
G26: 0.75 | H26: =Y2*G26 -> 101.925 | J26: =ROUND(H26,0) -> 102 | K26: 1 | L26: 1
G27: 0.8 | H27: =Y2*G27 -> 108.72 | J27: =ROUND(H27,0) -> 109 | K27: 1 | L27: 1
G28: 0.85 | H28: =Y2*G28 -> 115.515 | J28: =ROUND(H28,0) -> 116 | K28: MAR*
A32: 4 SETTIMANA SCARICO | G32: 0.4 | H32: =Y2*G32 -> 54.36 | J32: =ROUND(H32,0) -> 54 | K32: 1 | L32: 5
G33: 0.5 | H33: =Y2*G33 -> 67.95 | J33: =ROUND(H33,0) -> 68 | K33: 1 | L33: 5
G34: 0.6 | H34: =Y2*G34 -> 81.54 | J34: =ROUND(H34,0) -> 82 | K34: 1 | L34: 5
A37: * MAR =NUMERO MASSIMO ASSOLUTO DI RIPETIZIONI
H38: 0
A39: Inserire il numero (MAR) di ripetizioni effettuate
A43: postmaster@faresquat.it | Z43: ver. 1.0

Sheet 4 ONDA
A1: SQUAT JUGGERNAUT | J1: QUARTA ONDA DA 3
A2: Massimale assoluto | D2: kg | E2: ='1 ONDA'!E2 -> 151 | P2: 0.9 | T2: max effettivo (90% del max assoluto) | X2: kg | Y2: =E2*P2 -> 135.9
G3: % del max effettivo da utilizzare
B4: Data | J4: kg | K4: serie | L4: ripetizioni
A5: 1 SETTIMANA ACCUMULO | G5: 0.75 | H5: =Y2*G5 -> 101.925 | J5: =ROUND(H5,0) -> 102 | K5: 7 | L5: 3
J6: =ROUND(H5,0) -> 102
J7: =ROUND(H5,0) -> 102
J8: =ROUND(H5,0) -> 102
J9: =ROUND(H5,0) -> 102
J10: =ROUND(H5,0) -> 102
A14: 2 SETTIMANA INTENSIFICAZIONE | G14: 0.7 | H14: =Y2*G14 -> 95.13 | J14: =ROUND(H14,0) -> 95 | K14: 1 | L14: 1
G15: 0.775 | H15: =Y2*G15 -> 105.3225 | J15: =ROUND(H15,0) -> 105 | K15: 1 | L15: 1
G16: 0.825 | H16: =Y2*G16 -> 112.1175 | J16: =ROUND(H16,0) -> 112 | K16: 5 | L16: 3
J17: =ROUND(H16,0) -> 112
J18: =ROUND(H16,0) -> 112
J19: =ROUND(H16,0) -> 112
A23: 3 SETTIMANA REALIZZAZIONE | G23: 0.5 | H23: =Y2*G23 -> 67.95 | J23: =ROUND(H23,0) -> 68 | K23: 1 | L23: 5
G24: 0.6 | H24: =Y2*G24 -> 81.54 | J24: =ROUND(H24,0) -> 82 | K24: 1 | L24: 3 | N24: Commenti:
G25: 0.7 | H25: =Y2*G25 -> 95.13 | J25: =ROUND(H25,0) -> 95 | K25: 1 | L25: 2
G26: 0.75 | H26: =Y2*G26 -> 101.925 | J26: =ROUND(H26,0) -> 102 | K26: 1 | L26: 1
G27: 0.8 | H27: =Y2*G27 -> 108.72 | J27: =ROUND(H27,0) -> 109 | K27: 1 | L27: 1
G28: 0.85 | H28: =Y2*G28 -> 115.515 | J28: =ROUND(H28,0) -> 116 | K28: 1 | L28: 1
G29: 0.9 | H29: =Y2*G29 -> 122.31 | J29: =ROUND(H29,0) -> 122 | K29: MAR*
A33: 4 SETTIMANA SCARICO | G33: 0.4 | H33: =Y2*G33 -> 54.36 | J33: =ROUND(H33,0) -> 54 | K33: 1 | L33: 5
G34: 0.5 | H34: =Y2*G34 -> 67.95 | J34: =ROUND(H34,0) -> 68 | K34: 1 | L34: 5
G35: 0.6 | H35: =Y2*G35 -> 81.54 | J35: =ROUND(H35,0) -> 82 | K35: 1 | L35: 5
A38: * MAR =NUMERO MASSIMO ASSOLUTO DI RIPETIZIONI
H39: 0
A40: Inserire il numero (MAR) di ripetizioni effettuate
A43: postmaster@faresquat.it | Z43: ver 1.0

Sheet COMPARAZIONE ONDE
A1: Comparazione tra onde | Y1: onda
Y2: prima | Z2: seconda | AA2: terza | AB2: quarta
Y4: ='1 ONDA'!J5 -> 82 | Z4: ='2 ONDA'!J5 -> 88 | AA4: ='3 ONDA'!J5 -> 95 | AB4: ='4 ONDA'!J5 -> 102
Y5: ='1 ONDA'!J6 -> 82 | Z5: ='2 ONDA'!J6 -> 88 | AA5: ='3 ONDA'!J6 -> 95 | AB5: ='4 ONDA'!J6 -> 102
Y6: ='1 ONDA'!J7 -> 82 | Z6: ='2 ONDA'!J7 -> 88 | AA6: ='3 ONDA'!J7 -> 95 | AB6: ='4 ONDA'!J7 -> 102
Y7: ='1 ONDA'!J8 -> 82 | Z7: ='2 ONDA'!J8 -> 88 | AA7: ='3 ONDA'!J8 -> 95 | AB7: ='4 ONDA'!J8 -> 102
Y8: ='1 ONDA'!J9 -> 82 | Z8: ='2 ONDA'!J9 -> 88 | AA8: ='3 ONDA'!J9 -> 95 | AB8: ='4 ONDA'!J9 -> 102
AA9: ='3 ONDA'!J10 -> 95 | AB9: ='4 ONDA'!J10 -> 102
Y10: ='1 ONDA'!J13 -> 75 | Z10: ='2 ONDA'!J13 -> 82
Y11: ='1 ONDA'!J14 -> 85 | Z11: ='2 ONDA'!J14 -> 92 | AA11: ='3 ONDA'!J14 -> 88 | AB11: ='4 ONDA'!J14 -> 95
Y12: ='1 ONDA'!J15 -> 92 | Z12: ='2 ONDA'!J15 -> 99 | AA12: ='3 ONDA'!J15 -> 99 | AB12: ='4 ONDA'!J15 -> 105
Y13: ='1 ONDA'!J16 -> 92 | Z13: ='2 ONDA'!J16 -> 99 | AA13: ='3 ONDA'!J16 -> 105 | AB13: ='4 ONDA'!J16 -> 112
Y14: ='1 ONDA'!J17 -> 92 | Z14: ='2 ONDA'!J17 -> 99 | AA14: ='3 ONDA'!J17 -> 105 | AB14: ='4 ONDA'!J17 -> 112
AA15: ='3 ONDA'!J18 -> 105 | AB15: ='4 ONDA'!J18 -> 112
Y16: ='1 ONDA'!J21 -> 68 | Z16: ='2 ONDA'!J21 -> 68 | AA16: ='3 ONDA'!J19 -> 105 | AB16: ='4 ONDA'!J19 -> 112
Y17: ='1 ONDA'!J22 -> 82 | Z17: ='2 ONDA'!J22 -> 82
Y18: ='1 ONDA'!J23 -> 95 | Z18: ='2 ONDA'!J23 -> 95 | AA18: ='3 ONDA'!J23 -> 68 | AB18: ='4 ONDA'!J23 -> 68
Y19: ='1 ONDA'!J24 -> 102 | Z19: ='2 ONDA'!J24 -> 102 | AA19: ='3 ONDA'!J24 -> 82 | AB19: ='4 ONDA'!J24 -> 82
Z20: ='2 ONDA'!J25 -> 109 | AA20: ='3 ONDA'!J25 -> 95 | AB20: ='4 ONDA'!J25 -> 95
Y21: ='1 ONDA'!J28 -> 54 | AA21: ='3 ONDA'!J26 -> 102 | AB21: ='4 ONDA'!J26 -> 102
Y22: ='1 ONDA'!J29 -> 68 | Z22: ='2 ONDA'!J29 -> 54 | AA22: ='3 ONDA'!J27 -> 109 | AB22: ='4 ONDA'!J27 -> 109
Y23: ='1 ONDA'!J30 -> 82 | Z23: ='2 ONDA'!J30 -> 68 | AA23: ='3 ONDA'!J28 -> 116 | AB23: ='4 ONDA'!J28 -> 116
Z24: ='2 ONDA'!J31 -> 82 | AB24: ='4 ONDA'!J29 -> 122
AA25: ='3 ONDA'!J32 -> 54
AA26: ='3 ONDA'!J33 -> 68 | AB26: ='4 ONDA'!J33 -> 54
AA27: ='3 ONDA'!J34 -> 82 | AB27: ='4 ONDA'!J34 -> 68
AB28: ='4 ONDA'!J35 -> 82
B35: Data | D35: Carico | E35: Ripetizioni
B36: ='1 ONDA'!B21 -> 0 | D36: ='1 ONDA'!J24 -> 102 | E36: ='1 ONDA'!H37 -> 0
B38: ='2 ONDA'!B21 -> 0 | D38: ='2 ONDA'!J25 -> 109 | E38: ='2 ONDA'!H38 -> 0
B40: ='3 ONDA'!B23 -> 0 | D40: ='3 ONDA'!J28 -> 116 | E40: ='3 ONDA'!H38 -> 0
B42: ='4 ONDA'!B23 -> 0 | D42: ='4 ONDA'!J29 -> 122 | E42: ='4 ONDA'!H39 -> 0
A48: postmaster@faresquat.it | AB48: ver. 1.0
