Workbook
Name County: 'Dropdown Menu'!$B$1:$B$101
Name Flow: 'Dropdown Menu'!#REF!
Name Flow: 'Dropdown Menu'!#REF!
Name Flow: 'Dropdown Menu'!#REF!
Name Flow: 'Dropdown Menu'!#REF!
Name Month: 'Dropdown Menu'!$A$1:$A$13
Name Parameters: 'Formulas & Weather Codes'!#REF!
Name Parameters: 'Formulas & Weather Codes'!#REF!
Name Parameters: 'Formulas & Weather Codes'!#REF!
Name Parameters: 'Formulas & Weather Codes'!#REF!
Name PCS: 'Formulas & Weather Codes'!#REF!
Name PCS: 'Formulas & Weather Codes'!#REF!
Name PCS: 'Formulas & Weather Codes'!#REF!
Name PCS: 'Formulas & Weather Codes'!#REF!
Name PCSCODE: 'Formulas & Weather Codes'!#REF!
Name PCSCODE: 'Formulas & Weather Codes'!#REF!
Name PCSCODE: 'Formulas & Weather Codes'!#REF!
Name PCSCODE: 'Formulas & Weather Codes'!#REF!
Name PPI: 'Dropdown Menu'!#REF!
Name PPI: 'Dropdown Menu'!#REF!
Name PPI: 'Dropdown Menu'!#REF!
Name PPI: 'Dropdown Menu'!#REF!
Name SamplingType: 'Dropdown Menu'!#REF!
Name SamplingType: 'Dropdown Menu'!#REF!
Name SamplingType: 'Dropdown Menu'!#REF!
Name SamplingType: 'Dropdown Menu'!#REF!
Name Weather: 'Dropdown Menu'!$D$1:$D$7
Name Year: 'Dropdown Menu'!$C$1:$C$21

Sheet Fields 1-4
A1: Permit No.: | D1: WQ0021289 | G1: Facility Name: | I1: Town of Hertford WWTF | O1: County: | P1: Perquimans | R1: Month: | U1: Year:
A2: Did irrigation occur at this facility? | G2: Field Name: | I2: 1 | K2: Field Name: | M2: 2 | O2: Field Name: | Q2: 3 | S2: Field Name: | U2: 4
G3: Area (acres): | I3: 8.55 | K3: Area (acres): | M3: 8.47 | O3: Area (acres): | Q3: 8.68 | S3: Area (acres): | U3: 9.03
G4: Cover Crop: | K4: Cover Crop: | O4: Cover Crop: | S4: Cover Crop:
G5: Hourly Rate (in): | I5: 0.3 | K5: Hourly Rate (in): | M5: 0.3 | O5: Hourly Rate (in): | Q5: 0.3 | S5: Hourly Rate (in): | U5: 0.3
G6: Annual Rate (in): | I6: 61.5 | K6: Annual Rate (in): | M6: 51.2 | O6: Annual Rate (in): | Q6: 51.6 | S6: Annual Rate (in): | U6: 45
A7: Day | B7: Weather | E7: Freeboard | G7: Field Irrigated? | K7: Field Irrigated? | O7: Field Irrigated? | S7: Field Irrigated?
B8: Weather Code | C8: Temperature | D8: Precipitation | E8: Storage | F8: 5-Day Upset (if applicable) | G8: Volume Applied | H8: Time Irrigated | I8: Daily Loading | J8: Maximum Hourly Loading | K8: Volume Applied | L8: Time Irrigated | M8: Daily Loading | N8: Maximum Hourly Loading | O8: Volume Applied | P8: Time Irrigated | Q8: Daily Loading | R8: Maximum Hourly Loading | S8: Volume Applied | T8: Time Irrigated | U8: Daily Loading | V8: Maximum Hourly Loading
C9: ºF | D9: in | E9: ft | F9: ft | G9: gal | H9: min | I9: in | J9: in | K9: gal | L9: min | M9: in | N9: in | O9: gal | P9: min | Q9: in | R9: in | S9: gal | T9: min | U9: in | V9: in
A10: 1 | I10: =IF((ISBLANK($G10))," ",($G10)/($I$3*27152)) | J10: =IF((ISBLANK(H10)), " ", IF(H10<60, I10, (I10/H10)*60)) | M10: =IF((ISBLANK($K10))," ",($K10)/($M$3*27152)) | N10: =IF((ISBLANK(L10)), " ", IF(L10<60, M10, (M10/L10)*60)) | Q10: =IF((ISBLANK($O10))," ",($O10)/($Q$3*27152)) | R10: =IF((ISBLANK(P10)), " ", IF(P10<60, Q10, (Q10/P10)*60)) | U10: =IF((ISBLANK($S10))," ",($S10)/($U$3*27152)) | V10: =IF((ISBLANK(T10)), " ", IF(T10<60, U10, (U10/T10)*60))
A11: 2 | I11: =IF((ISBLANK($G11))," ",($G11)/($I$3*27152)) | J11: =IF((ISBLANK(H11)), " ", IF(H11<60, I11, (I11/H11)*60)) | M11: =IF((ISBLANK($K11))," ",($K11)/($M$3*27152)) | N11: =IF((ISBLANK(L11)), " ", IF(L11<60, M11, (M11/L11)*60)) | Q11: =IF((ISBLANK($O11))," ",($O11)/($Q$3*27152)) | R11: =IF((ISBLANK(P11)), " ", IF(P11<60, Q11, (Q11/P11)*60)) | U11: =IF((ISBLANK($S11))," ",($S11)/($U$3*27152)) | V11: =IF((ISBLANK(T11)), " ", IF(T11<60, U11, (U11/T11)*60))
A12: 3 | I12: =IF((ISBLANK($G12))," ",($G12)/($I$3*27152)) | J12: =IF((ISBLANK(H12)), " ", IF(H12<60, I12, (I12/H12)*60)) | M12: =IF((ISBLANK($K12))," ",($K12)/($M$3*27152)) | N12: =IF((ISBLANK(L12)), " ", IF(L12<60, M12, (M12/L12)*60)) | Q12: =IF((ISBLANK($O12))," ",($O12)/($Q$3*27152)) | R12: =IF((ISBLANK(P12)), " ", IF(P12<60, Q12, (Q12/P12)*60)) | U12: =IF((ISBLANK($S12))," ",($S12)/($U$3*27152)) | V12: =IF((ISBLANK(T12)), " ", IF(T12<60, U12, (U12/T12)*60))
A13: 4 | I13: =IF((ISBLANK($G13))," ",($G13)/($I$3*27152)) | J13: =IF((ISBLANK(H13)), " ", IF(H13<60, I13, (I13/H13)*60)) | M13: =IF((ISBLANK($K13))," ",($K13)/($M$3*27152)) | N13: =IF((ISBLANK(L13)), " ", IF(L13<60, M13, (M13/L13)*60)) | Q13: =IF((ISBLANK($O13))," ",($O13)/($Q$3*27152)) | R13: =IF((ISBLANK(P13)), " ", IF(P13<60, Q13, (Q13/P13)*60)) | U13: =IF((ISBLANK($S13))," ",($S13)/($U$3*27152)) | V13: =IF((ISBLANK(T13)), " ", IF(T13<60, U13, (U13/T13)*60))
A14: 5 | I14: =IF((ISBLANK($G14))," ",($G14)/($I$3*27152)) | J14: =IF((ISBLANK(H14)), " ", IF(H14<60, I14, (I14/H14)*60)) | M14: =IF((ISBLANK($K14))," ",($K14)/($M$3*27152)) | N14: =IF((ISBLANK(L14)), " ", IF(L14<60, M14, (M14/L14)*60)) | Q14: =IF((ISBLANK($O14))," ",($O14)/($Q$3*27152)) | R14: =IF((ISBLANK(P14)), " ", IF(P14<60, Q14, (Q14/P14)*60)) | U14: =IF((ISBLANK($S14))," ",($S14)/($U$3*27152)) | V14: =IF((ISBLANK(T14)), " ", IF(T14<60, U14, (U14/T14)*60))
A15: 6 | I15: =IF((ISBLANK($G15))," ",($G15)/($I$3*27152)) | J15: =IF((ISBLANK(H15)), " ", IF(H15<60, I15, (I15/H15)*60)) | M15: =IF((ISBLANK($K15))," ",($K15)/($M$3*27152)) | N15: =IF((ISBLANK(L15)), " ", IF(L15<60, M15, (M15/L15)*60)) | Q15: =IF((ISBLANK($O15))," ",($O15)/($Q$3*27152)) | R15: =IF((ISBLANK(P15)), " ", IF(P15<60, Q15, (Q15/P15)*60)) | U15: =IF((ISBLANK($S15))," ",($S15)/($U$3*27152)) | V15: =IF((ISBLANK(T15)), " ", IF(T15<60, U15, (U15/T15)*60))
A16: 7 | I16: =IF((ISBLANK($G16))," ",($G16)/($I$3*27152)) | J16: =IF((ISBLANK(H16)), " ", IF(H16<60, I16, (I16/H16)*60)) | M16: =IF((ISBLANK($K16))," ",($K16)/($M$3*27152)) | N16: =IF((ISBLANK(L16)), " ", IF(L16<60, M16, (M16/L16)*60)) | Q16: =IF((ISBLANK($O16))," ",($O16)/($Q$3*27152)) | R16: =IF((ISBLANK(P16)), " ", IF(P16<60, Q16, (Q16/P16)*60)) | U16: =IF((ISBLANK($S16))," ",($S16)/($U$3*27152)) | V16: =IF((ISBLANK(T16)), " ", IF(T16<60, U16, (U16/T16)*60))
A17: 8 | I17: =IF((ISBLANK($G17))," ",($G17)/($I$3*27152)) | J17: =IF((ISBLANK(H17)), " ", IF(H17<60, I17, (I17/H17)*60)) | M17: =IF((ISBLANK($K17))," ",($K17)/($M$3*27152)) | N17: =IF((ISBLANK(L17)), " ", IF(L17<60, M17, (M17/L17)*60)) | Q17: =IF((ISBLANK($O17))," ",($O17)/($Q$3*27152)) | R17: =IF((ISBLANK(P17)), " ", IF(P17<60, Q17, (Q17/P17)*60)) | U17: =IF((ISBLANK($S17))," ",($S17)/($U$3*27152)) | V17: =IF((ISBLANK(T17)), " ", IF(T17<60, U17, (U17/T17)*60))
A18: 9 | I18: =IF((ISBLANK($G18))," ",($G18)/($I$3*27152)) | J18: =IF((ISBLANK(H18)), " ", IF(H18<60, I18, (I18/H18)*60)) | M18: =IF((ISBLANK($K18))," ",($K18)/($M$3*27152)) | N18: =IF((ISBLANK(L18)), " ", IF(L18<60, M18, (M18/L18)*60)) | Q18: =IF((ISBLANK($O18))," ",($O18)/($Q$3*27152)) | R18: =IF((ISBLANK(P18)), " ", IF(P18<60, Q18, (Q18/P18)*60)) | U18: =IF((ISBLANK($S18))," ",($S18)/($U$3*27152)) | V18: =IF((ISBLANK(T18)), " ", IF(T18<60, U18, (U18/T18)*60))
A19: 10 | I19: =IF((ISBLANK($G19))," ",($G19)/($I$3*27152)) | J19: =IF((ISBLANK(H19)), " ", IF(H19<60, I19, (I19/H19)*60)) | M19: =IF((ISBLANK($K19))," ",($K19)/($M$3*27152)) | N19: =IF((ISBLANK(L19)), " ", IF(L19<60, M19, (M19/L19)*60)) | Q19: =IF((ISBLANK($O19))," ",($O19)/($Q$3*27152)) | R19: =IF((ISBLANK(P19)), " ", IF(P19<60, Q19, (Q19/P19)*60)) | U19: =IF((ISBLANK($S19))," ",($S19)/($U$3*27152)) | V19: =IF((ISBLANK(T19)), " ", IF(T19<60, U19, (U19/T19)*60))
A20: 11 | I20: =IF((ISBLANK($G20))," ",($G20)/($I$3*27152)) | J20: =IF((ISBLANK(H20)), " ", IF(H20<60, I20, (I20/H20)*60)) | M20: =IF((ISBLANK($K20))," ",($K20)/($M$3*27152)) | N20: =IF((ISBLANK(L20)), " ", IF(L20<60, M20, (M20/L20)*60)) | Q20: =IF((ISBLANK($O20))," ",($O20)/($Q$3*27152)) | R20: =IF((ISBLANK(P20)), " ", IF(P20<60, Q20, (Q20/P20)*60)) | U20: =IF((ISBLANK($S20))," ",($S20)/($U$3*27152)) | V20: =IF((ISBLANK(T20)), " ", IF(T20<60, U20, (U20/T20)*60))
A21: 12 | I21: =IF((ISBLANK($G21))," ",($G21)/($I$3*27152)) | J21: =IF((ISBLANK(H21)), " ", IF(H21<60, I21, (I21/H21)*60)) | M21: =IF((ISBLANK($K21))," ",($K21)/($M$3*27152)) | N21: =IF((ISBLANK(L21)), " ", IF(L21<60, M21, (M21/L21)*60)) | Q21: =IF((ISBLANK($O21))," ",($O21)/($Q$3*27152)) | R21: =IF((ISBLANK(P21)), " ", IF(P21<60, Q21, (Q21/P21)*60)) | U21: =IF((ISBLANK($S21))," ",($S21)/($U$3*27152)) | V21: =IF((ISBLANK(T21)), " ", IF(T21<60, U21, (U21/T21)*60))
... A40: 31 | I40: =IF((ISBLANK($G40))," ",($G40)/($I$3*27152)) | J40: =IF((ISBLANK(H40)), " ", IF(H40<60, I40, (I40/H40)*60)) | M40: =IF((ISBLANK($K40))," ",($K40)/($M$3*27152)) | N40: =IF((ISBLANK(L40)), " ", IF(L40<60, M40, (M40/L40)*60)) | Q40: =IF((ISBLANK($O40))," ",($O40)/($Q$3*27152)) | R40: =IF((ISBLANK(P40)), " ", IF(P40<60, Q40, (Q40/P40)*60)) | U40: =IF((ISBLANK($S40))," ",($S40)/($U$3*27152)) | V40: =IF((ISBLANK(T40)), " ", IF(T40<60, U40, (U40/T40)*60))
A41: Monthly Loading: | G41: =IF(ISBLANK($S1)," ",SUM(G10:G40)) | I41: =IF(ISBLANK($S1)," ",SUM(I10:I40)) | K41: =IF(ISBLANK($S1)," ",SUM(K10:K40)) | M41: =IF(ISBLANK($S1)," ",SUM(M10:M40)) | O41: =IF(ISBLANK($S1)," ",SUM(O10:O40)) | Q41: =IF(ISBLANK($S1)," ",SUM(Q10:Q40)) | S41: =IF(ISBLANK($S1)," ",SUM(S10:S40)) | U41: =IF(ISBLANK($S1)," ",SUM(U10:U40))
A42: 12 Month Floating Total (in):

Sheet Fields 5-8
A1: Permit No.: | D1: WQ0021289 | G1: Facility Name: | I1: Town of Hertford WWTF | O1: County: | P1: Perquimans | R1: Month: | S1: =IF(ISBLANK('Fields 1-4'!S1), "", 'Fields 1-4'!S1) | U1: Year: | V1: =IF(ISBLANK('Fields 1-4'!V1),"",'Fields 1-4'!V1)
A2: Did irrigation occur at this facility? | G2: Field Name: | I2: 5 | K2: Field Name: | M2: 6 | O2: Field Name: | Q2: 7 | S2: Field Name: | U2: 8
G3: Area (acres): | I3: 9.57 | K3: Area (acres): | M3: 8.4 | O3: Area (acres): | Q3: 8.16 | S3: Area (acres): | U3: 8.51
G4: Cover Crop: | K4: Cover Crop: | O4: Cover Crop: | S4: Cover Crop:
G5: Hourly Rate (in): | I5: 0.3 | K5: Hourly Rate (in): | M5: 0.3 | O5: Hourly Rate (in): | Q5: 0.3 | S5: Hourly Rate (in): | U5: 0.3
G6: Annual Rate (in): | I6: 48.3 | K6: Annual Rate (in): | M6: 51.6 | O6: Annual Rate (in): | Q6: 51.9 | S6: Annual Rate (in): | U6: 58.4
A7: Day | B7: Weather | E7: Freeboard | G7: Field Irrigated? | K7: Field Irrigated? | O7: Field Irrigated? | S7: Field Irrigated?
B8: Weather Code | C8: Temperature | D8: Precipitation | E8: Storage | F8: 5-Day Upset (if applicable) | G8: Volume Applied | H8: Time Irrigated | I8: Daily Loading | J8: Maximum Hourly Loading | K8: Volume Applied | L8: Time Irrigated | M8: Daily Loading | N8: Maximum Hourly Loading | O8: Volume Applied | P8: Time Irrigated | Q8: Daily Loading | R8: Maximum Hourly Loading | S8: Volume Applied | T8: Time Irrigated | U8: Daily Loading | V8: Maximum Hourly Loading
C9: ºF | D9: in | E9: ft | F9: ft | G9: gal | H9: min | I9: in | J9: in | K9: gal | L9: min | M9: in | N9: in | O9: gal | P9: min | Q9: in | R9: in | S9: gal | T9: min | U9: in | V9: in
A10: 1 | B10: =IF(ISBLANK('Fields 1-4'!$S$1), "", 'Fields 1-4'!B10) | C10: =IF(ISBLANK('Fields 1-4'!$S$1), "", 'Fields 1-4'!C10) | D10: =IF(ISBLANK('Fields 1-4'!$S$1), "", 'Fields 1-4'!D10) | I10: =IF((ISBLANK($G10))," ",($G10)/($I$3*27152)) | J10: =IF((ISBLANK(H10)), " ", IF(H10<60, I10, (I10/H10)*60)) | M10: =IF((ISBLANK($K10))," ",($K10)/($M$3*27152)) | N10: =IF((ISBLANK(L10)), " ", IF(L10<60, M10, (M10/L10)*60)) | Q10: =IF((ISBLANK($O10))," ",($O10)/($Q$3*27152)) | R10: =IF((ISBLANK(P10)), " ", IF(P10<60, Q10, (Q10/P10)*60)) | U10: =IF((ISBLANK($S10))," ",($S10)/($U$3*27152)) | V10: =IF((ISBLANK(T10)), " ", IF(T10<60, U10, (U10/T10)*60))
A11: 2 | B11: =IF(ISBLANK('Fields 1-4'!$S$1), "", 'Fields 1-4'!B11) | C11: =IF(ISBLANK('Fields 1-4'!$S$1), "", 'Fields 1-4'!C11) | D11: =IF(ISBLANK('Fields 1-4'!$S$1), "", 'Fields 1-4'!D11) | I11: =IF((ISBLANK($G11))," ",($G11)/($I$3*27152)) | J11: =IF((ISBLANK(H11)), " ", IF(H11<60, I11, (I11/H11)*60)) | M11: =IF((ISBLANK($K11))," ",($K11)/($M$3*27152)) | N11: =IF((ISBLANK(L11)), " ", IF(L11<60, M11, (M11/L11)*60)) | Q11: =IF((ISBLANK($O11))," ",($O11)/($Q$3*27152)) | R11: =IF((ISBLANK(P11)), " ", IF(P11<60, Q11, (Q11/P11)*60)) | U11: =IF((ISBLANK($S11))," ",($S11)/($U$3*27152)) | V11: =IF((ISBLANK(T11)), " ", IF(T11<60, U11, (U11/T11)*60))
A12: 3 | B12: =IF(ISBLANK('Fields 1-4'!$S$1), "", 'Fields 1-4'!B12) | C12: =IF(ISBLANK('Fields 1-4'!$S$1), "", 'Fields 1-4'!C12) | D12: =IF(ISBLANK('Fields 1-4'!$S$1), "", 'Fields 1-4'!D12) | I12: =IF((ISBLANK($G12))," ",($G12)/($I$3*27152)) | J12: =IF((ISBLANK(H12)), " ", IF(H12<60, I12, (I12/H12)*60)) | M12: =IF((ISBLANK($K12))," ",($K12)/($M$3*27152)) | N12: =IF((ISBLANK(L12)), " ", IF(L12<60, M12, (M12/L12)*60)) | Q12: =IF((ISBLANK($O12))," ",($O12)/($Q$3*27152)) | R12: =IF((ISBLANK(P12)), " ", IF(P12<60, Q12, (Q12/P12)*60)) | U12: =IF((ISBLANK($S12))," ",($S12)/($U$3*27152)) | V12: =IF((ISBLANK(T12)), " ", IF(T12<60, U12, (U12/T12)*60))
A13: 4 | B13: =IF(ISBLANK('Fields 1-4'!$S$1), "", 'Fields 1-4'!B13) | C13: =IF(ISBLANK('Fields 1-4'!$S$1), "", 'Fields 1-4'!C13) | D13: =IF(ISBLANK('Fields 1-4'!$S$1), "", 'Fields 1-4'!D13) | I13: =IF((ISBLANK($G13))," ",($G13)/($I$3*27152)) | J13: =IF((ISBLANK(H13)), " ", IF(H13<60, I13, (I13/H13)*60)) | M13: =IF((ISBLANK($K13))," ",($K13)/($M$3*27152)) | N13: =IF((ISBLANK(L13)), " ", IF(L13<60, M13, (M13/L13)*60)) | Q13: =IF((ISBLANK($O13))," ",($O13)/($Q$3*27152)) | R13: =IF((ISBLANK(P13)), " ", IF(P13<60, Q13, (Q13/P13)*60)) | U13: =IF((ISBLANK($S13))," ",($S13)/($U$3*27152)) | V13: =IF((ISBLANK(T13)), " ", IF(T13<60, U13, (U13/T13)*60))
A14: 5 | B14: =IF(ISBLANK('Fields 1-4'!$S$1), "", 'Fields 1-4'!B14) | C14: =IF(ISBLANK('Fields 1-4'!$S$1), "", 'Fields 1-4'!C14) | D14: =IF(ISBLANK('Fields 1-4'!$S$1), "", 'Fields 1-4'!D14) | I14: =IF((ISBLANK($G14))," ",($G14)/($I$3*27152)) | J14: =IF((ISBLANK(H14)), " ", IF(H14<60, I14, (I14/H14)*60)) | M14: =IF((ISBLANK($K14))," ",($K14)/($M$3*27152)) | N14: =IF((ISBLANK(L14)), " ", IF(L14<60, M14, (M14/L14)*60)) | Q14: =IF((ISBLANK($O14))," ",($O14)/($Q$3*27152)) | R14: =IF((ISBLANK(P14)), " ", IF(P14<60, Q14, (Q14/P14)*60)) | U14: =IF((ISBLANK($S14))," ",($S14)/($U$3*27152)) | V14: =IF((ISBLANK(T14)), " ", IF(T14<60, U14, (U14/T14)*60))
A15: 6 | B15: =IF(ISBLANK('Fields 1-4'!$S$1), "", 'Fields 1-4'!B15) | C15: =IF(ISBLANK('Fields 1-4'!$S$1), "", 'Fields 1-4'!C15) | D15: =IF(ISBLANK('Fields 1-4'!$S$1), "", 'Fields 1-4'!D15) | I15: =IF((ISBLANK($G15))," ",($G15)/($I$3*27152)) | J15: =IF((ISBLANK(H15)), " ", IF(H15<60, I15, (I15/H15)*60)) | M15: =IF((ISBLANK($K15))," ",($K15)/($M$3*27152)) | N15: =IF((ISBLANK(L15)), " ", IF(L15<60, M15, (M15/L15)*60)) | Q15: =IF((ISBLANK($O15))," ",($O15)/($Q$3*27152)) | R15: =IF((ISBLANK(P15)), " ", IF(P15<60, Q15, (Q15/P15)*60)) | U15: =IF((ISBLANK($S15))," ",($S15)/($U$3*27152)) | V15: =IF((ISBLANK(T15)), " ", IF(T15<60, U15, (U15/T15)*60))
A16: 7 | B16: =IF(ISBLANK('Fields 1-4'!$S$1), "", 'Fields 1-4'!B16) | C16: =IF(ISBLANK('Fields 1-4'!$S$1), "", 'Fields 1-4'!C16) | D16: =IF(ISBLANK('Fields 1-4'!$S$1), "", 'Fields 1-4'!D16) | I16: =IF((ISBLANK($G16))," ",($G16)/($I$3*27152)) | J16: =IF((ISBLANK(H16)), " ", IF(H16<60, I16, (I16/H16)*60)) | M16: =IF((ISBLANK($K16))," ",($K16)/($M$3*27152)) | N16: =IF((ISBLANK(L16)), " ", IF(L16<60, M16, (M16/L16)*60)) | Q16: =IF((ISBLANK($O16))," ",($O16)/($Q$3*27152)) | R16: =IF((ISBLANK(P16)), " ", IF(P16<60, Q16, (Q16/P16)*60)) | U16: =IF((ISBLANK($S16))," ",($S16)/($U$3*27152)) | V16: =IF((ISBLANK(T16)), " ", IF(T16<60, U16, (U16/T16)*60))
A17: 8 | B17: =IF(ISBLANK('Fields 1-4'!$S$1), "", 'Fields 1-4'!B17) | C17: =IF(ISBLANK('Fields 1-4'!$S$1), "", 'Fields 1-4'!C17) | D17: =IF(ISBLANK('Fields 1-4'!$S$1), "", 'Fields 1-4'!D17) | I17: =IF((ISBLANK($G17))," ",($G17)/($I$3*27152)) | J17: =IF((ISBLANK(H17)), " ", IF(H17<60, I17, (I17/H17)*60)) | M17: =IF((ISBLANK($K17))," ",($K17)/($M$3*27152)) | N17: =IF((ISBLANK(L17)), " ", IF(L17<60, M17, (M17/L17)*60)) | Q17: =IF((ISBLANK($O17))," ",($O17)/($Q$3*27152)) | R17: =IF((ISBLANK(P17)), " ", IF(P17<60, Q17, (Q17/P17)*60)) | U17: =IF((ISBLANK($S17))," ",($S17)/($U$3*27152)) | V17: =IF((ISBLANK(T17)), " ", IF(T17<60, U17, (U17/T17)*60))
A18: 9 | B18: =IF(ISBLANK('Fields 1-4'!$S$1), "", 'Fields 1-4'!B18) | C18: =IF(ISBLANK('Fields 1-4'!$S$1), "", 'Fields 1-4'!C18) | D18: =IF(ISBLANK('Fields 1-4'!$S$1), "", 'Fields 1-4'!D18) | I18: =IF((ISBLANK($G18))," ",($G18)/($I$3*27152)) | J18: =IF((ISBLANK(H18)), " ", IF(H18<60, I18, (I18/H18)*60)) | M18: =IF((ISBLANK($K18))," ",($K18)/($M$3*27152)) | N18: =IF((ISBLANK(L18)), " ", IF(L18<60, M18, (M18/L18)*60)) | Q18: =IF((ISBLANK($O18))," ",($O18)/($Q$3*27152)) | R18: =IF((ISBLANK(P18)), " ", IF(P18<60, Q18, (Q18/P18)*60)) | U18: =IF((ISBLANK($S18))," ",($S18)/($U$3*27152)) | V18: =IF((ISBLANK(T18)), " ", IF(T18<60, U18, (U18/T18)*60))
A19: 10 | B19: =IF(ISBLANK('Fields 1-4'!$S$1), "", 'Fields 1-4'!B19) | C19: =IF(ISBLANK('Fields 1-4'!$S$1), "", 'Fields 1-4'!C19) | D19: =IF(ISBLANK('Fields 1-4'!$S$1), "", 'Fields 1-4'!D19) | I19: =IF((ISBLANK($G19))," ",($G19)/($I$3*27152)) | J19: =IF((ISBLANK(H19)), " ", IF(H19<60, I19, (I19/H19)*60)) | M19: =IF((ISBLANK($K19))," ",($K19)/($M$3*27152)) | N19: =IF((ISBLANK(L19)), " ", IF(L19<60, M19, (M19/L19)*60)) | Q19: =IF((ISBLANK($O19))," ",($O19)/($Q$3*27152)) | R19: =IF((ISBLANK(P19)), " ", IF(P19<60, Q19, (Q19/P19)*60)) | U19: =IF((ISBLANK($S19))," ",($S19)/($U$3*27152)) | V19: =IF((ISBLANK(T19)), " ", IF(T19<60, U19, (U19/T19)*60))
A20: 11 | B20: =IF(ISBLANK('Fields 1-4'!$S$1), "", 'Fields 1-4'!B20) | C20: =IF(ISBLANK('Fields 1-4'!$S$1), "", 'Fields 1-4'!C20) | D20: =IF(ISBLANK('Fields 1-4'!$S$1), "", 'Fields 1-4'!D20) | I20: =IF((ISBLANK($G20))," ",($G20)/($I$3*27152)) | J20: =IF((ISBLANK(H20)), " ", IF(H20<60, I20, (I20/H20)*60)) | M20: =IF((ISBLANK($K20))," ",($K20)/($M$3*27152)) | N20: =IF((ISBLANK(L20)), " ", IF(L20<60, M20, (M20/L20)*60)) | Q20: =IF((ISBLANK($O20))," ",($O20)/($Q$3*27152)) | R20: =IF((ISBLANK(P20)), " ", IF(P20<60, Q20, (Q20/P20)*60)) | U20: =IF((ISBLANK($S20))," ",($S20)/($U$3*27152)) | V20: =IF((ISBLANK(T20)), " ", IF(T20<60, U20, (U20/T20)*60))
A21: 12 | B21: =IF(ISBLANK('Fields 1-4'!$S$1), "", 'Fields 1-4'!B21) | C21: =IF(ISBLANK('Fields 1-4'!$S$1), "", 'Fields 1-4'!C21) | D21: =IF(ISBLANK('Fields 1-4'!$S$1), "", 'Fields 1-4'!D21) | I21: =IF((ISBLANK($G21))," ",($G21)/($I$3*27152)) | J21: =IF((ISBLANK(H21)), " ", IF(H21<60, I21, (I21/H21)*60)) | M21: =IF((ISBLANK($K21))," ",($K21)/($M$3*27152)) | N21: =IF((ISBLANK(L21)), " ", IF(L21<60, M21, (M21/L21)*60)) | Q21: =IF((ISBLANK($O21))," ",($O21)/($Q$3*27152)) | R21: =IF((ISBLANK(P21)), " ", IF(P21<60, Q21, (Q21/P21)*60)) | U21: =IF((ISBLANK($S21))," ",($S21)/($U$3*27152)) | V21: =IF((ISBLANK(T21)), " ", IF(T21<60, U21, (U21/T21)*60))
... A40: 31 | B40: =IF(ISBLANK('Fields 1-4'!$S$1), "", 'Fields 1-4'!B40) | C40: =IF(ISBLANK('Fields 1-4'!$S$1), "", 'Fields 1-4'!C40) | D40: =IF(ISBLANK('Fields 1-4'!$S$1), "", 'Fields 1-4'!D40) | I40: =IF((ISBLANK($G40))," ",($G40)/($I$3*27152)) | J40: =IF((ISBLANK(H40)), " ", IF(H40<60, I40, (I40/H40)*60)) | M40: =IF((ISBLANK($K40))," ",($K40)/($M$3*27152)) | N40: =IF((ISBLANK(L40)), " ", IF(L40<60, M40, (M40/L40)*60)) | Q40: =IF((ISBLANK($O40))," ",($O40)/($Q$3*27152)) | R40: =IF((ISBLANK(P40)), " ", IF(P40<60, Q40, (Q40/P40)*60)) | U40: =IF((ISBLANK($S40))," ",($S40)/($U$3*27152)) | V40: =IF((ISBLANK(T40)), " ", IF(T40<60, U40, (U40/T40)*60))
A41: Monthly Loading: | G41: =IF(ISBLANK($S1)," ",SUM(G10:G40)) -> 0 | I41: =IF(ISBLANK($S1)," ",SUM(I10:I40)) -> 0 | K41: =IF(ISBLANK($S1)," ",SUM(K10:K40)) -> 0 | M41: =IF(ISBLANK($S1)," ",SUM(M10:M40)) -> 0 | O41: =IF(ISBLANK($S1)," ",SUM(O10:O40)) -> 0 | Q41: =IF(ISBLANK($S1)," ",SUM(Q10:Q40)) -> 0 | S41: =IF(ISBLANK($S1)," ",SUM(S10:S40)) -> 0 | U41: =IF(ISBLANK($S1)," ",SUM(U10:U40)) -> 0
A42: 12 Month Floating Total (in):

Sheet Field 9
A1: Permit No.: | D1: WQ0021289 | G1: Facility Name: | I1: Town of Hertford WWTF | O1: County: | P1: Perquimans | R1: Month: | S1: =IF(ISBLANK('Fields 1-4'!S1), "", 'Fields 1-4'!S1) | U1: Year: | V1: =IF(ISBLANK('Fields 1-4'!V1),"",'Fields 1-4'!V1)
A2: Did irrigation occur at this facility? | G2: Field Name: | I2: 9 | K2: Field Name: | O2: Field Name: | S2: Field Name:
G3: Area (acres): | I3: 8.74 | K3: Area (acres): | O3: Area (acres): | S3: Area (acres):
G4: Cover Crop: | K4: Cover Crop: | O4: Cover Crop: | S4: Cover Crop:
G5: Hourly Rate (in): | I5: 0.3 | K5: Hourly Rate (in): | O5: Hourly Rate (in): | S5: Hourly Rate (in):
G6: Annual Rate (in): | I6: 70.1 | K6: Annual Rate (in): | O6: Annual Rate (in): | S6: Annual Rate (in):
A7: Day | B7: Weather | E7: Freeboard | G7: Field Irrigated? | K7: Field Irrigated? | O7: Field Irrigated? | S7: Field Irrigated?
B8: Weather Code | C8: Temperature | D8: Precipitation | E8: Storage | F8: 5-Day Upset (if applicable) | G8: Volume Applied | H8: Time Irrigated | I8: Daily Loading | J8: Maximum Hourly Loading | K8: Volume Applied | L8: Time Irrigated | M8: Daily Loading | N8: Maximum Hourly Loading | O8: Volume Applied | P8: Time Irrigated | Q8: Daily Loading | R8: Maximum Hourly Loading | S8: Volume Applied | T8: Time Irrigated | U8: Daily Loading | V8: Maximum Hourly Loading
C9: ºF | D9: in | E9: ft | F9: ft | G9: gal | H9: min | I9: in | J9: in | K9: gal | L9: min | M9: in | N9: in | O9: gal | P9: min | Q9: in | R9: in | S9: gal | T9: min | U9: in | V9: in
A10: 1 | B10: =IF(ISBLANK('Fields 1-4'!$S$1), "", 'Fields 1-4'!B10) | C10: =IF(ISBLANK('Fields 1-4'!$S$1), "", 'Fields 1-4'!C10) | D10: =IF(ISBLANK('Fields 1-4'!$S$1), "", 'Fields 1-4'!D10) | I10: =IF((ISBLANK($G10))," ",($G10)/($I$3*27152)) | J10: =IF((ISBLANK(H10)), " ", IF(H10<60, I10, (I10/H10)*60)) | M10: =IF((ISBLANK($K10))," ",($K10)/($M$3*27152)) | N10: =IF((ISBLANK(L10)), " ", IF(L10<60, M10, (M10/L10)*60)) | Q10: =IF((ISBLANK($O10))," ",($O10)/($Q$3*27152)) | R10: =IF((ISBLANK(P10)), " ", IF(P10<60, Q10, (Q10/P10)*60)) | U10: =IF((ISBLANK($S10))," ",($S10)/($U$3*27152)) | V10: =IF((ISBLANK(T10)), " ", IF(T10<60, U10, (U10/T10)*60))
A11: 2 | B11: =IF(ISBLANK('Fields 1-4'!$S$1), "", 'Fields 1-4'!B11) | C11: =IF(ISBLANK('Fields 1-4'!$S$1), "", 'Fields 1-4'!C11) | D11: =IF(ISBLANK('Fields 1-4'!$S$1), "", 'Fields 1-4'!D11) | I11: =IF((ISBLANK($G11))," ",($G11)/($I$3*27152)) | J11: =IF((ISBLANK(H11)), " ", IF(H11<60, I11, (I11/H11)*60)) | M11: =IF((ISBLANK($K11))," ",($K11)/($M$3*27152)) | N11: =IF((ISBLANK(L11)), " ", IF(L11<60, M11, (M11/L11)*60)) | Q11: =IF((ISBLANK($O11))," ",($O11)/($Q$3*27152)) | R11: =IF((ISBLANK(P11)), " ", IF(P11<60, Q11, (Q11/P11)*60)) | U11: =IF((ISBLANK($S11))," ",($S11)/($U$3*27152)) | V11: =IF((ISBLANK(T11)), " ", IF(T11<60, U11, (U11/T11)*60))
A12: 3 | B12: =IF(ISBLANK('Fields 1-4'!$S$1), "", 'Fields 1-4'!B12) | C12: =IF(ISBLANK('Fields 1-4'!$S$1), "", 'Fields 1-4'!C12) | D12: =IF(ISBLANK('Fields 1-4'!$S$1), "", 'Fields 1-4'!D12) | I12: =IF((ISBLANK($G12))," ",($G12)/($I$3*27152)) | J12: =IF((ISBLANK(H12)), " ", IF(H12<60, I12, (I12/H12)*60)) | M12: =IF((ISBLANK($K12))," ",($K12)/($M$3*27152)) | N12: =IF((ISBLANK(L12)), " ", IF(L12<60, M12, (M12/L12)*60)) | Q12: =IF((ISBLANK($O12))," ",($O12)/($Q$3*27152)) | R12: =IF((ISBLANK(P12)), " ", IF(P12<60, Q12, (Q12/P12)*60)) | U12: =IF((ISBLANK($S12))," ",($S12)/($U$3*27152)) | V12: =IF((ISBLANK(T12)), " ", IF(T12<60, U12, (U12/T12)*60))
A13: 4 | B13: =IF(ISBLANK('Fields 1-4'!$S$1), "", 'Fields 1-4'!B13) | C13: =IF(ISBLANK('Fields 1-4'!$S$1), "", 'Fields 1-4'!C13) | D13: =IF(ISBLANK('Fields 1-4'!$S$1), "", 'Fields 1-4'!D13) | I13: =IF((ISBLANK($G13))," ",($G13)/($I$3*27152)) | J13: =IF((ISBLANK(H13)), " ", IF(H13<60, I13, (I13/H13)*60)) | M13: =IF((ISBLANK($K13))," ",($K13)/($M$3*27152)) | N13: =IF((ISBLANK(L13)), " ", IF(L13<60, M13, (M13/L13)*60)) | Q13: =IF((ISBLANK($O13))," ",($O13)/($Q$3*27152)) | R13: =IF((ISBLANK(P13)), " ", IF(P13<60, Q13, (Q13/P13)*60)) | U13: =IF((ISBLANK($S13))," ",($S13)/($U$3*27152)) | V13: =IF((ISBLANK(T13)), " ", IF(T13<60, U13, (U13/T13)*60))
A14: 5 | B14: =IF(ISBLANK('Fields 1-4'!$S$1), "", 'Fields 1-4'!B14) | C14: =IF(ISBLANK('Fields 1-4'!$S$1), "", 'Fields 1-4'!C14) | D14: =IF(ISBLANK('Fields 1-4'!$S$1), "", 'Fields 1-4'!D14) | I14: =IF((ISBLANK($G14))," ",($G14)/($I$3*27152)) | J14: =IF((ISBLANK(H14)), " ", IF(H14<60, I14, (I14/H14)*60)) | M14: =IF((ISBLANK($K14))," ",($K14)/($M$3*27152)) | N14: =IF((ISBLANK(L14)), " ", IF(L14<60, M14, (M14/L14)*60)) | Q14: =IF((ISBLANK($O14))," ",($O14)/($Q$3*27152)) | R14: =IF((ISBLANK(P14)), " ", IF(P14<60, Q14, (Q14/P14)*60)) | U14: =IF((ISBLANK($S14))," ",($S14)/($U$3*27152)) | V14: =IF((ISBLANK(T14)), " ", IF(T14<60, U14, (U14/T14)*60))
A15: 6 | B15: =IF(ISBLANK('Fields 1-4'!$S$1), "", 'Fields 1-4'!B15) | C15: =IF(ISBLANK('Fields 1-4'!$S$1), "", 'Fields 1-4'!C15) | D15: =IF(ISBLANK('Fields 1-4'!$S$1), "", 'Fields 1-4'!D15) | I15: =IF((ISBLANK($G15))," ",($G15)/($I$3*27152)) | J15: =IF((ISBLANK(H15)), " ", IF(H15<60, I15, (I15/H15)*60)) | M15: =IF((ISBLANK($K15))," ",($K15)/($M$3*27152)) | N15: =IF((ISBLANK(L15)), " ", IF(L15<60, M15, (M15/L15)*60)) | Q15: =IF((ISBLANK($O15))," ",($O15)/($Q$3*27152)) | R15: =IF((ISBLANK(P15)), " ", IF(P15<60, Q15, (Q15/P15)*60)) | U15: =IF((ISBLANK($S15))," ",($S15)/($U$3*27152)) | V15: =IF((ISBLANK(T15)), " ", IF(T15<60, U15, (U15/T15)*60))
A16: 7 | B16: =IF(ISBLANK('Fields 1-4'!$S$1), "", 'Fields 1-4'!B16) | C16: =IF(ISBLANK('Fields 1-4'!$S$1), "", 'Fields 1-4'!C16) | D16: =IF(ISBLANK('Fields 1-4'!$S$1), "", 'Fields 1-4'!D16) | I16: =IF((ISBLANK($G16))," ",($G16)/($I$3*27152)) | J16: =IF((ISBLANK(H16)), " ", IF(H16<60, I16, (I16/H16)*60)) | M16: =IF((ISBLANK($K16))," ",($K16)/($M$3*27152)) | N16: =IF((ISBLANK(L16)), " ", IF(L16<60, M16, (M16/L16)*60)) | Q16: =IF((ISBLANK($O16))," ",($O16)/($Q$3*27152)) | R16: =IF((ISBLANK(P16)), " ", IF(P16<60, Q16, (Q16/P16)*60)) | U16: =IF((ISBLANK($S16))," ",($S16)/($U$3*27152)) | V16: =IF((ISBLANK(T16)), " ", IF(T16<60, U16, (U16/T16)*60))
A17: 8 | B17: =IF(ISBLANK('Fields 1-4'!$S$1), "", 'Fields 1-4'!B17) | C17: =IF(ISBLANK('Fields 1-4'!$S$1), "", 'Fields 1-4'!C17) | D17: =IF(ISBLANK('Fields 1-4'!$S$1), "", 'Fields 1-4'!D17) | I17: =IF((ISBLANK($G17))," ",($G17)/($I$3*27152)) | J17: =IF((ISBLANK(H17)), " ", IF(H17<60, I17, (I17/H17)*60)) | M17: =IF((ISBLANK($K17))," ",($K17)/($M$3*27152)) | N17: =IF((ISBLANK(L17)), " ", IF(L17<60, M17, (M17/L17)*60)) | Q17: =IF((ISBLANK($O17))," ",($O17)/($Q$3*27152)) | R17: =IF((ISBLANK(P17)), " ", IF(P17<60, Q17, (Q17/P17)*60)) | U17: =IF((ISBLANK($S17))," ",($S17)/($U$3*27152)) | V17: =IF((ISBLANK(T17)), " ", IF(T17<60, U17, (U17/T17)*60))
A18: 9 | B18: =IF(ISBLANK('Fields 1-4'!$S$1), "", 'Fields 1-4'!B18) | C18: =IF(ISBLANK('Fields 1-4'!$S$1), "", 'Fields 1-4'!C18) | D18: =IF(ISBLANK('Fields 1-4'!$S$1), "", 'Fields 1-4'!D18) | I18: =IF((ISBLANK($G18))," ",($G18)/($I$3*27152)) | J18: =IF((ISBLANK(H18)), " ", IF(H18<60, I18, (I18/H18)*60)) | M18: =IF((ISBLANK($K18))," ",($K18)/($M$3*27152)) | N18: =IF((ISBLANK(L18)), " ", IF(L18<60, M18, (M18/L18)*60)) | Q18: =IF((ISBLANK($O18))," ",($O18)/($Q$3*27152)) | R18: =IF((ISBLANK(P18)), " ", IF(P18<60, Q18, (Q18/P18)*60)) | U18: =IF((ISBLANK($S18))," ",($S18)/($U$3*27152)) | V18: =IF((ISBLANK(T18)), " ", IF(T18<60, U18, (U18/T18)*60))
A19: 10 | B19: =IF(ISBLANK('Fields 1-4'!$S$1), "", 'Fields 1-4'!B19) | C19: =IF(ISBLANK('Fields 1-4'!$S$1), "", 'Fields 1-4'!C19) | D19: =IF(ISBLANK('Fields 1-4'!$S$1), "", 'Fields 1-4'!D19) | I19: =IF((ISBLANK($G19))," ",($G19)/($I$3*27152)) | J19: =IF((ISBLANK(H19)), " ", IF(H19<60, I19, (I19/H19)*60)) | M19: =IF((ISBLANK($K19))," ",($K19)/($M$3*27152)) | N19: =IF((ISBLANK(L19)), " ", IF(L19<60, M19, (M19/L19)*60)) | Q19: =IF((ISBLANK($O19))," ",($O19)/($Q$3*27152)) | R19: =IF((ISBLANK(P19)), " ", IF(P19<60, Q19, (Q19/P19)*60)) | U19: =IF((ISBLANK($S19))," ",($S19)/($U$3*27152)) | V19: =IF((ISBLANK(T19)), " ", IF(T19<60, U19, (U19/T19)*60))
A20: 11 | B20: =IF(ISBLANK('Fields 1-4'!$S$1), "", 'Fields 1-4'!B20) | C20: =IF(ISBLANK('Fields 1-4'!$S$1), "", 'Fields 1-4'!C20) | D20: =IF(ISBLANK('Fields 1-4'!$S$1), "", 'Fields 1-4'!D20) | I20: =IF((ISBLANK($G20))," ",($G20)/($I$3*27152)) | J20: =IF((ISBLANK(H20)), " ", IF(H20<60, I20, (I20/H20)*60)) | M20: =IF((ISBLANK($K20))," ",($K20)/($M$3*27152)) | N20: =IF((ISBLANK(L20)), " ", IF(L20<60, M20, (M20/L20)*60)) | Q20: =IF((ISBLANK($O20))," ",($O20)/($Q$3*27152)) | R20: =IF((ISBLANK(P20)), " ", IF(P20<60, Q20, (Q20/P20)*60)) | U20: =IF((ISBLANK($S20))," ",($S20)/($U$3*27152)) | V20: =IF((ISBLANK(T20)), " ", IF(T20<60, U20, (U20/T20)*60))
A21: 12 | B21: =IF(ISBLANK('Fields 1-4'!$S$1), "", 'Fields 1-4'!B21) | C21: =IF(ISBLANK('Fields 1-4'!$S$1), "", 'Fields 1-4'!C21) | D21: =IF(ISBLANK('Fields 1-4'!$S$1), "", 'Fields 1-4'!D21) | I21: =IF((ISBLANK($G21))," ",($G21)/($I$3*27152)) | J21: =IF((ISBLANK(H21)), " ", IF(H21<60, I21, (I21/H21)*60)) | M21: =IF((ISBLANK($K21))," ",($K21)/($M$3*27152)) | N21: =IF((ISBLANK(L21)), " ", IF(L21<60, M21, (M21/L21)*60)) | Q21: =IF((ISBLANK($O21))," ",($O21)/($Q$3*27152)) | R21: =IF((ISBLANK(P21)), " ", IF(P21<60, Q21, (Q21/P21)*60)) | U21: =IF((ISBLANK($S21))," ",($S21)/($U$3*27152)) | V21: =IF((ISBLANK(T21)), " ", IF(T21<60, U21, (U21/T21)*60))
... A40: 31 | B40: =IF(ISBLANK('Fields 1-4'!$S$1), "", 'Fields 1-4'!B40) | C40: =IF(ISBLANK('Fields 1-4'!$S$1), "", 'Fields 1-4'!C40) | D40: =IF(ISBLANK('Fields 1-4'!$S$1), "", 'Fields 1-4'!D40) | I40: =IF((ISBLANK($G40))," ",($G40)/($I$3*27152)) | J40: =IF((ISBLANK(H40)), " ", IF(H40<60, I40, (I40/H40)*60)) | M40: =IF((ISBLANK($K40))," ",($K40)/($M$3*27152)) | N40: =IF((ISBLANK(L40)), " ", IF(L40<60, M40, (M40/L40)*60)) | Q40: =IF((ISBLANK($O40))," ",($O40)/($Q$3*27152)) | R40: =IF((ISBLANK(P40)), " ", IF(P40<60, Q40, (Q40/P40)*60)) | U40: =IF((ISBLANK($S40))," ",($S40)/($U$3*27152)) | V40: =IF((ISBLANK(T40)), " ", IF(T40<60, U40, (U40/T40)*60))
A41: Monthly Loading: | G41: =IF(ISBLANK($S1)," ",SUM(G10:G40)) -> 0 | I41: =IF(ISBLANK($S1)," ",SUM(I10:I40)) -> 0 | K41: =IF(ISBLANK($S1)," ",SUM(K10:K40)) -> 0 | M41: =IF(ISBLANK($S1)," ",SUM(M10:M40)) -> 0 | O41: =IF(ISBLANK($S1)," ",SUM(O10:O40)) -> 0 | Q41: =IF(ISBLANK($S1)," ",SUM(Q10:Q40)) -> 0 | S41: =IF(ISBLANK($S1)," ",SUM(S10:S40)) -> 0 | U41: =IF(ISBLANK($S1)," ",SUM(U10:U40)) -> 0
A42: 12 Month Floating Total (in):

Sheet Certification Page
A1: Did the application rates exceed the limits in Attachment B of your permit?
A2: Were adequate measures taken to prevent effluent ponding in or runoff from the sites?
A3: Was a suitable vegetative cover maintained on all sites as specified in your permit?
A4: Were all setbacks listed in your permit maintained for every application to each permitted site?
A5: Were all freeboards maintained in accordance with the specified freeboard heights in your permit?
A6: If the facility is non-compliant, please explain in the space below the reason(s) the facility was not in compliance. Provide in your explanation the date(s) of the non-compliance and describe the corrective action(s) taken. Attach additional sheets if necessary.
A9: Operator in Responsible Charge (ORC) Certification | M9: Permittee Certification
A10: ORC: | M10: Permittee:
A11: Certification No.: | M11: Signing Official:
A12: Grade: | F12: Phone Number: | M12: Signing Official's Title:
A13: Has the ORC changed since the previous NDAR-1? | M13: Phone Number: | R13: Permit Exp.:
A16: Signature | K16: Date | M16: Signature | U16: Date
A17: By this signature, I certify that this report is accurrate and complete to the best of my knowledge. | M17: I certify, under penalty of law, that this document and all attachments were prepared under my direction or supervision in accordance with a system designed to assure that all qualified personnel properly gathered and evaluated the information submitted. Based on my inquiry of the person or persons who manage the system, or those persons directly responsible for gathering the information, the information submitted is, to the best of my knowledge and belief, true, accurate, and complete. I am aware that there are significant penalties for submitting false information, including the possibility of fines and imprisonment for knowing violations.
A19: Mail Original and Two Copies to:
A20: Division of Water Quality
A21: Information Processing Unit
A22: 1617 Mail Service Center
A23: Raleigh, North Carolina 27699-1617

Sheet Formulas & Weather Codes
A1: Formulas
A6: If Time Irrigated is < 60 minutes:
A9: If Time Irrigated is ≥ 60 minutes:
A18: Weather Codes
A19: Clear | B19: C
A20: Cloudy | B20: CL
A21: Partly Cloudy | B21: PC
A22: Rain | B22: R
A23: Sleet | B23: SL
A24: Snow | B24: SN

Sheet Dropdown Menu
A2: January | B2: Alamance | C2: 2011 | D2: C
A3: February | B3: Alexander | C3: =1+C2 -> 2012 | D3: CL
A4: March | B4: Alleghany | C4: =1+C3 -> 2013 | D4: PC
A5: April | B5: Anson | C5: =1+C4 -> 2014 | D5: R
A6: May | B6: Ashe | C6: =1+C5 -> 2015 | D6: SN
A7: June | B7: Avery | C7: =1+C6 -> 2016 | D7: SL
A8: July | B8: Beaufort | C8: =1+C7 -> 2017
A9: August | B9: Bertie | C9: =1+C8 -> 2018
A10: September | B10: Bladen | C10: =1+C9 -> 2019
A11: October | B11: Brunswick | C11: =1+C10 -> 2020
A12: November | B12: Buncombe | C12: =1+C11 -> 2021
A13: December | B13: Burke | C13: =1+C12 -> 2022
B14: Cabarrus | C14: =1+C13 -> 2023
B15: Caldwell | C15: =1+C14 -> 2024
B16: Camden | C16: =1+C15 -> 2025
B17: Carteret | C17: =1+C16 -> 2026
B18: Caswell | C18: =1+C17 -> 2027
B19: Catawba | C19: =1+C18 -> 2028
B20: Chatham | C20: =1+C19 -> 2029
B21: Cherokee | C21: =1+C20 -> 2030
B22: Chowan
B23: Clay
B24: Cleveland
B25: Columbus
B26: Craven
B27: Cumberland
B28: Currituck
B29: Dare
B30: Davidson
B31: Davie
B32: Duplin
B33: Durham
... B101: Yancey
