Workbook

Sheet Summary
A1: Reference Database Statistics Summary
A2: 2010-2011
A4: * usage constrained by limitations on concurrent users
A5: Database Name | B5: Vendor / Platform | C5: COUNTER-compliant? | D5: Sessions | E5: Searches | F5: Searches, prev. yr | G5: % change | H5: Turnaways | I5: Successful full-text article requests | J5: 2010/11 Price | K5: Cost per Search
A6: ABI/INFORM Dateline | B6: ProQuest | C6: Yes | D6: =ProQuest!N9 -> 4004 | E6: =ProQuest!N8 -> 11634 | H6: 0 | I6: N/A | J6: 6440 | K6: N/A
A7: ABI/INFORM Global | B7: ProQuest | C7: Yes | D7: =ProQuest!N15 -> 5554 | E7: =ProQuest!N14 -> 17551 | H7: 0 | I7: N/A | J7: 6440 | K7: =J7/E7 -> 0.36693066
A8: ABI/INFORM Trade & Industry | B8: ProQuest | C8: Yes | D8: =ProQuest!N21 -> 4013 | E8: =ProQuest!N20 -> 12029 | H8: 0 | I8: N/A | J8: 6440 | K8: N/A
A9: Academic Search Complete (statewide database trial) | B9: EBSCOhost | C9: Yes | D9: =EBSCOhost!N8 -> 57015 | E9: =EBSCOhost!N9 -> 186507 | H9: 0 | I9: N/A | J9: 0 | K9: N/A
A10: Academic Search Premier | B10: EBSCOhost | C10: Yes | D10: =EBSCOhost!N14 -> 28242 | E10: =EBSCOhost!N15 -> 48546 | H10: 0 | I10: N/A | J10: 21582 | K10: =J10/E10 -> 0.44456804
A11: ALA Guide to Reference | B11: ALA Editions | C11: No | D11: ='ALA Guide to Reference'!N8 -> 11 | E11: N/A | H11: N/A | I11: N/A | J11: 1238 | K11: N/A
A12: Alternative Press Index | B12: FirstSearch | C12: Yes | D12: N/A | E12: =FirstSearch!N8 -> 0 | H12: 0 | I12: N/A | J12: N/A | K12: N/A
A13: Alternative Press Index Archive | B13: FirstSearch | C13: Yes | D13: N/A | E13: =FirstSearch!N13 -> 0 | H13: 0 | I13: N/A | J13: N/A | K13: N/A
A14: America History & Life | B14: EBSCOhost | C14: Yes | D14: =EBSCOhost!N20 -> 2255 | E14: =EBSCOhost!N21 -> 10227 | H14: 0 | I14: N/A | J14: 8117 | K14: =J14/E14 -> 0.79368339
A15: American State Papers, 1789-1838 | B15: Newsbank | C15: Yes (R2) | D15: N/A | E15: =Newsbank!N8 -> 12 | H15: 0 | I15: N/A | J15: 583.33 | K15: N/A
A16: ARBA Online | B16: Greenwood Press | C16: Yes (R2) | D16: =Greenwood!N9 -> 9 | E16: =Greenwood!N8 -> 0 | H16: 0 | I16: N/A | J16: 239 | K16: N/A
A17: Art Abstracts | B17: WilsonWeb | C17: Yes (R2) | D17: =WilsonWeb!N8 -> 602 | E17: =WilsonWeb!N9 -> 2678 | H17: =WilsonWeb!N11 -> N/A | I17: N/A | J17: 6480 | K17: =J17/E17 -> 2.4197162
A18: Art Index Retrospective* | B18: WilsonWeb | C18: Yes (R2) | D18: =WilsonWeb!N16 -> 169 | E18: =WilsonWeb!N17 -> 530 | H18: =WilsonWeb!N18 -> 10 | I18: N/A | J18: 581 | K18: =J18/E18 -> 1.0962264
A19: ArticleFirst* | B19: FirstSearch | C19: Yes | D19: =FirstSearch!N18 -> 1097 | E19: =FirstSearch!N19 -> 4977 | H19: =FirstSearch!N21 -> 31 | I19: N/A | J19: 0 | K19: N/A
A20: ARTstor | B20: ArtSTOR | C20: No | D20: =ARTstor!N9 -> 2602 | E20: N/A | H20: N/A | I20: N/A | J20: 13432.5 | K20: N/A
A21: ASFA 1 (Biosciences...) | B21: CSA | C21: Yes (R3) | D21: N/A | E21: =CSA!N13 -> 1988 | H21: 0 | I21: N/A | J21: 1377.5 | K21: =J21/E21 -> 0.69290744
A22: ASFA 2 (Ocean Technology...) | B22: CSA | C22: Yes (R3) | D22: N/A | E22: =CSA!N18 -> 972 | H22: 0 | I22: N/A | J22: 1377.5 | K22: =J22/E22 -> 1.4171811
A23: ASFA 3 (Aquatic Pollution...) | B23: CSA | C23: Yes (R3) | D23: N/A | E23: =CSA!N23 -> 1260 | H23: 0 | I23: N/A | J23: 1377.5 | K23: =J23/E23 -> 1.093254
A24: ASFA Aquaculture Abstracts | B24: CSA | C24: Yes (R3) | D24: N/A | E24: =CSA!N28 -> 1437 | H24: 0 | I24: N/A | J24: 1377.5 | K24: =J24/E24 -> 0.95859429
A25: ASFA Marine Biotechnology Abstracts | B25: CSA | C25: Yes (R3) | D25: N/A | E25: =CSA!N33 -> 1158 | H25: 0 | I25: N/A | J25: 1377.5 | K25: =J25/E25 -> 1.1895509
A26: ASFA: Aquatic Science & Fisheries Abstracts (all) | B26: CSA | C26: Yes (R3) | D26: N/A | E26: =CSA!N8 -> 5663 | H26: 0 | I26: N/A | J26: 1377.5 | K26: =J26/E26 -> 0.24324563
A27: Bacteriology Abstracts (Microbiology B) | B27: CSA | C27: Yes (R3) | D27: N/A | E27: =CSA!N38 -> 0 | H27: N/A | I27: N/A | J27: 0 | K27: N/A
A28: Baptisteria Sacra Index | B28: ITER | D28: =ITER!N8 -> 0 | E28: =ITER!N9 -> 0 | J28: 0 | K28: N/A
A29: Biography Index Retrospective* | B29: WilsonWeb | C29: Yes (R2) | D29: N/A | E29: N/A | H29: N/A | I29: N/A | J29: 59 | K29: N/A
A30: Biological Abstracts | B30: Ovid | C30: Yes (R3) | D30: =OVID!N9 -> 7 | E30: =OVID!N8 -> 17 | H30: =OVID!N10 -> 0 | I30: N/A | J30: 0 | K30: N/A
A31: Biological & Agricultural Index Plus | B31: WilsonWeb | C31: Yes (R2) | D31: =WilsonWeb!N32 -> 461 | E31: =WilsonWeb!N33 -> 1089 | H31: =WilsonWeb!N34 -> 0 | I31: N/A | J31: =WilsonWeb!O33 -> 0 | K31: =WilsonWeb!P33 -> 0
A32: BIOSIS Previews | B32: Ovid | C32: Yes | D32: =OVID!N16 -> 0 | E32: =OVID!N15 -> 0 | H32: =OVID!N17 -> 0 | I32: N/A | J32: 0 | K32: N/A
A33: BIOSIS Previews | B33: Web of Science | C33: Yes | D33: =WebofScience!N8 -> 745 | E33: =WebofScience!N9 -> 2989 | H33: 0 | I33: N/A | J33: 30545 | K33: =J33/E33 -> 10.219137
A34: Biotechnology Research Abstracts | B34: CSA | C34: Yes (R3) | D34: N/A | E34: =CSA!N43 -> 0 | H34: 0 | I34: N/A | J34: 0 | K34: N/A
A35: Book Review Digest Retrospective* | B35: WilsonWeb | C35: Yes (R2) | D35: N/A | E35: N/A | H35: N/A | I35: N/A | J35: 96.82 | K35: N/A
A36: CIAO | B36: CIAO | C36: No | D36: =CIAO!N9 -> 6 | E36: =CIAO!N10 -> 15 | H36: N/A | I36: =CIAO!N8 -> 6 | J36: 1035 | K36: =J36/E36 -> 69
A37: CINAHL | B37: EBSCOhost | C37: Yes | D37: =EBSCOhost!N26 -> 14567 | E37: =EBSCOhost!N27 -> 73212 | H37: 0 | I37: N/A | J37: 6046 | K37: =J37/E37 -> 0.08258209
A38: Clase and Periodica* | B38: FirstSearch | C38: Yes | D38: =FirstSearch!N26 -> 97 | E38: =FirstSearch!N27 -> 98 | H38: =FirstSearch!N29 -> 1 | I38: N/A | J38: 0 | K38: N/A
A39: Cochrane Library | B39: Wiley InterScience | C39: No | D39: =Cochrane!N8 -> 97 | E39: =Cochrane!N9 -> 3851 | H39: N/A | I39: N/A | J39: 3596 | K39: =J39/E39 -> 0.93378343
A40: ComDisDome | B40: CSA | C40: Yes (R3) | D40: N/A | E40: =CSA!N48 -> 3754 | I40: N/A | J40: 2370 | K40: =J40/E40 -> 0.63132658
A41: Communication Abstracts | B41: EBSCOhost | C41: Yes (R3) | D41: =EBSCOhost!N32 -> 2759 | E41: =EBSCOhost!N33 -> 14027 | I41: N/A | J41: 3025 | K41: =J41/E41 -> 0.21565552
A42: Compendex (EI) | B42: EI | C42: Yes | D42: ='Compendex(EI)'!N8 -> 1055 | E42: ='Compendex(EI)'!N9 -> 5679 | H42: ='Compendex(EI)'!N11 -> 0 | I42: N/A | J42: ='Compendex(EI)'!O9 -> 17805 | K42: =J42/E42 -> 3.1352351
A43: Conference Papers Index | B43: CSA | C43: Yes (R3) | D43: N/A | E43: =CSA!N53 -> 0 | I43: N/A | J43: 0 | K43: N/A
A44: CQ Researcher* | B44: CQ | C44: Yes | D44: ='CQ Researcher'!N8 -> 1227 | E44: ='CQ Researcher'!N9 -> 1434 | H44: ='CQ Researcher'!N11 -> 0 | I44: ='CQ Researcher'!N10 -> 2235 | J44: 1779 | K44: =J44/E44 -> 1.2405858
A45: Criminal Justice Abstracts | B45: EBSCOhost | C45: Yes (R3) | D45: =EBSCOhost!N38 -> 1144 | E45: =EBSCOhost!N39 -> 5369 | J45: 970 | K45: =J45/E45 -> 0.18066679
A46: CrossSearch | B46: Web of Science | C46: Yes | D46: =WebofScience!N14 -> 10541 | E46: =WebofScience!N15 -> 8795 | H46: 0 | I46: N/A | J46: 0 | K46: N/A
A47: CSA (all databases) | B47: CSA | C47: Yes (R3) | D47: =CSA!N210 -> 27661 | E47: =CSA!N211 -> 69346 | H47: 0 | I47: N/A | J47: =CSA!O211 -> 0 | K47: =CSA!P211 -> 0
A48: Dissertations & Theses | B48: ProQuest | C48: Yes | D48: N/A | E48: =ProQuest!N26 -> 12633 | H48: 0 | I48: N/A | J48: 0 | K48: N/A
A49: Dissertations & Theses @ University of Rhode Island | B49: ProQuest | C49: Yes | D49: =ProQuest!N38 -> 4517 | E49: =ProQuest!N37 -> 12624 | H49: 0 | I49: N/A | J49: 0 | K49: N/A
A50: Dissertations & Theses: A&I | B50: ProQuest | C50: Yes | D50: =ProQuest!N32 -> 4201 | E50: =ProQuest!N31 -> 11772 | H50: 0 | I50: N/A | J50: =ProQuest!O31 -> 0 | K50: =ProQuest!P31 -> 0
A51: EBSCOhost (all databases) | B51: EBSCOhost | C51: Yes | D51: =EBSCOhost!N198 -> 119436 | E51: =EBSCOhost!N199 -> 519220 | H51: N/A | I51: =EBSCOhost!N200 -> 151930 | J51: =EBSCOhost!O199 -> =((((((((((((((((((((((((((((R[-190]C+R[-184]C)+R[-178]C)+R[-172]C)+R[-154]C)+R[-148]C)+R[-142]C)+R[-136]C)+R[-128]C)+R[-122]C)+R[-116]C)+R[-110]C)+R[-104]C)+R[-98]C)+R[-92]C)+R[-86]C)+R[-80]C)+R[-74]C)+R[-68]C)+R[-62]C)+R[-54]C)+R[-48]C)+R[-42]C)+R[-36]C)+{})+R[-30]C)+R[-24]C)+R[-18]C)+R[-12]C)+R[-6]C | K51: N/A
A52: Ecology Abstracts | B52: CSA | C52: Yes (R3) | D52: N/A | E52: =CSA!N63 -> 0 | H52: 0 | I52: N/A | J52: 0 | K52: N/A
A53: EconLit | B53: EBSCOhost | C53: Yes | D53: =EBSCOhost!N44 -> 1907 | E53: =EBSCOhost!N45 -> 8421 | H53: 0 | I53: N/A | J53: 3353 | K53: =J53/E53 -> 0.39817124
A54: Education Full Text | B54: Wilson Web | C54: Yes (R2) | D54: =WilsonWeb!N48 -> 4395 | E54: =WilsonWeb!N49 -> 18504 | H54: =WilsonWeb!N50 -> 0 | I54: N/A | J54: 6340.5 | K54: =J54/E54 -> 0.34265564
A55: Education Index Retrospective* | B55: WilsonWeb | C55: Yes (R2) | D55: =WilsonWeb!N56 -> 188 | E55: =WilsonWeb!N57 -> 782 | H55: =WilsonWeb!N58 -> 353 | I55: N/A | J55: 798 | K55: =J55/E55 -> 1.0204604
A56: EIS: Digests of Environmental Impact Statements | B56: CSA | C56: Yes (R3) | D56: N/A | E56: =CSA!N58 -> 1136 | H56: 0 | I56: N/A | J56: 1361.33 | K56: =J56/E56 -> 1.1983539
A57: EMBASE.COM | B57: Elsevier | C57: No | D57: =EMBASE!N8 -> 2629 | E57: =EMBASE!N9 -> 9481 | H57: 0 | I57: N/A | J57: =EMBASE!O9 -> 11528 | K57: =J57/E57 -> 1.2159055
A58: Encyclopedia of Ocean Sciences | B58: Elsevier | C58: No | D58: N/A | E58: N/A | H58: 0 | I58: N/A | J58: =Elsevier!O13 -> 0 | K58: N/A
A59: Encyclopedia of Ocean Sciences, 2nd ed. | B59: Elsevier | C59: No | D59: N/A | E59: N/A | H59: 0 | I59: N/A | J59: =Elsevier!O18 -> 0 | K59: =Elsevier!P18 -> 0
A60: EndNote Web | B60: Web of Science | C60: No | D60: =WebofScience!N31 -> 72 | E60: =WebofScience!N36 -> 82 | H60: 0 | I60: N/A | J60: 0 | K60: N/A
A61: Environment Abstracts | B61: CSA | C61: Yes (R3) | D61: N/A | E61: =CSA!N68 -> 1701 | H61: 0 | I61: N/A | J61: 1361.33 | K61: =J61/E61 -> 0.80031158
A62: Environmental Engineering Abstracts | B62: CSA | C62: Yes (R3) | D62: N/A | E62: =CSA!N73 -> 0 | H62: 0 | I62: N/A | J62: 0 | K62: N/A
A63: Environmental Sciences and Pollution Management | B63: CSA | C63: Yes (R3) | D63: N/A | E63: =CSA!N78 -> 0 | H63: 0 | I63: N/A | J63: 0 | K63: N/A
A64: ERIC | B64: EBSCOhost | C64: Yes | D64: =EBSCOhost!N13 -> 0 | E64: =EBSCOhost!N14 -> 28242 | I64: N/A | J64: 0 | K64: N/A
A65: ERIC | B65: CSA | C65: Yes (R3) | D65: N/A | E65: =CSA!N83 -> 4363 | H65: 0 | I65: N/A | J65: 0 | K65: N/A
A66: ERIC* | B66: WilsonWeb | C66: Yes (R2) | D66: =WilsonWeb!N64 -> 3273 | E66: =WilsonWeb!N65 -> 15954 | H66: =WilsonWeb!N66 -> 0 | I66: N/A | J66: 0 | K66: N/A
A67: ERIC* | B67: FirstSearch | C67: Yes | D67: =FirstSearch!N34 -> 605 | E67: =FirstSearch!N35 -> 1229 | H67: =FirstSearch!N37 -> 26 | I67: N/A | J67: 0 | K67: N/A
A68: Film & Television Literature Index | B68: EBSCOhost | C68: Yes | D68: =EBSCOhost!N22 -> 0 | E68: =EBSCOhost!N23 -> 0 | H68: 0 | I68: N/A | J68: 1446 | K68: N/A
A69: FirstSearch (“per-search” block searches) | B69: FirstSearch | C69: Yes | D69: N/A | E69: =FirstSearch!N136 -> 48 | H69: N/A | I69: N/A | J69: N/A | K69: N/A
A70: FirstSearch (all databases) | B70: FirstSearch | C70: Yes | D70: =FirstSearch!N128 -> 8256 | E70: =FirstSearch!N129 -> 24263 | H70: =FirstSearch!N131 -> 893 | I70: N/A | J70: 9215 | K70: =J70/E70 -> 0.3797964
A71: FSTA Food Science & Technology Abstracts* | B71: EBSCOhost | C71: Yes | D71: =EBSCOhost!N62 -> 1255 | E71: =EBSCOhost!N63 -> 5783 | H71: =EBSCOhost!N45 -> 8421 | I71: N/A | J71: 8256 | K71: =J71/E71 -> 1.4276327
A72: Funk & Wagnall's New World Encyclopedia | B72: EBSCOhost | C72: Yes | D72: =EBSCOhost!N50 -> 1368 | E72: =EBSCOhost!N51 -> 7101 | H72: 0 | I72: N/A | J72: 0 | K72: N/A
A73: Gender Watch | B73: ProQuest | C73: Yes | D73: =ProQuest!N44 -> 3615 | E73: =ProQuest!N43 -> 9451 | H73: N/A | I73: N/A | J73: 1158 | K73: =J73/E73 -> 0.12252672
A74: GEOBASE | B74: FirstSearch | C74: Yes | D74: N/A | E74: =FirstSearch!N42 -> 44 | H74: 0 | I74: N/A | J74: N/A | K74: N/A
A75: GeoRef | B75: CSA | C75: Yes (R3) | D75: N/A | E75: =CSA!N88 -> 1689 | H75: 0 | I75: N/A | J75: 3206 | K75: =J75/E75 -> 1.8981646
A76: GeoRef in Process | B76: CSA | C76: Yes (R3) | D76: N/A | E76: =CSA!N93 -> 1117 | H76: 0 | I76: N/A | J76: 3206 | K76: =J76/E76 -> 2.870188
A77: GPO Monthly Catalog* | B77: FirstSearch | C77: Yes | D77: =FirstSearch!N47 -> 57 | E77: =FirstSearch!N48 -> 75 | H77: =FirstSearch!N57 -> 0 | I77: N/A | J77: 0 | K77: N/A
A78: GreenFILE | B78: EBSCOhost | C78: Yes | D78: =EBSCOhost!N76 -> 1108 | E78: =EBSCOhost!N77 -> 5390 | H78: 0 | I78: N/A | J78: 0 | K78: N/A
A79: Grove Music Online | B79: Oxford | C79: No | D79: =Oxford!N8 -> 460 | E79: =Oxford!N10 -> 447 | H79: =Oxford!N11 -> 17 | I79: =Oxford!N9 -> 536 | J79: 1870 | K79: =J79/E79 -> 4.1834452
A80: Health and Safety Science Abstracts | B80: CSA | C80: Yes (R3) | D80: N/A | E80: =CSA!N102 -> 0 | H80: 0 | I80: N/A | J80: 0 | K80: N/A
A81: Health Source: Nursing/Academic Edition (statewide database trial) | B81: EBSCOhost | C81: Yes | D81: =EBSCOhost!N82 -> 1664 | E81: =EBSCOhost!N83 -> 5724 | H81: 0 | I81: N/A | J81: 0 | K81: N/A
A82: Historical Abstracts | B82: EBSCOhost | C82: Yes | D82: =EBSCOhost!N88 -> 1479 | E82: =EBSCOhost!N89 -> 6850 | H82: 0 | I82: N/A | J82: 8117 | K82: =J82/E82 -> 1.1849635
A83: History Reference Center (statewide database trial) | B83: EBSCOhost | C83: Yes | D83: =EBSCOhost!N94 -> 1761 | E83: =EBSCOhost!N95 -> 6693 | H83: 0 | I83: N/A | J83: 0 | K83: N/A
A84: Humanities & Social Sciences Index Retrospective* | B84: WilsonWeb | C84: Yes (R2) | D84: =WilsonWeb!N72 -> 462 | E84: =WilsonWeb!N73 -> 1276 | H84: =WilsonWeb!N74 -> 8 | I84: N/A | J84: 822 | K84: =J84/E84 -> 0.64420063
A85: ICPSR | B85: ICPSR (Univ. Mich.) | C85: No | D85: N/A | E85: =ICPSR!N10 -> 119 | H85: 0 | I85: N/A | J85: =ICPSR!O8 -> 15000 | K85: =J85/E85 -> 126.05042
A86: Industrial and Applied Microbiology Abstracts (Microbiology A) | B86: CSA | C86: Yes (R3) | D86: N/A | E86: =CSA!N107 -> 0 | H86: 0 | I86: N/A | J86: 0 | K86: N/A
A87: INSPEC Current | B87: EBSCOhost | C87: Yes | D87: =EBSCOhost!N100 -> 1265 | E87: =EBSCOhost!N101 -> 6056 | H87: 0 | I87: N/A | J87: 32868 | K87: =J87/E87 -> 5.4273448
A88: International Pharmaceutical Abstracts | B88: CSA | C88: Yes (R3) | D88: N/A | E88: =CSA!N112 -> 1679 | H88: 0 | I88: N/A | J88: 3710 | K88: =J88/E88 -> 2.2096486
A89: ITER Bibliography | B89: ITER | D89: =ITER!N14 -> 640 | E89: =ITER!N15 -> 941 | J89: =ITER!O15 -> 545.4 | K89: =J89/E89 -> 0.57959617
A90: Journals@Ovid Full Text | B90: Ovid | C90: Yes (R3) | D90: =OVID!N30 -> 4766 | E90: =OVID!N29 -> 5463 | I90: N/A | J90: 16004 | K90: =J90/E90 -> 2.9295259
A91: JSTOR Databases | B91: JSTOR | C91: Yes | D91: =JSTOR!N8 -> 54306 | E91: =JSTOR!N8 -> 54306 | J91: 51003.4 | K91: =J91/E91 -> 0.93918536
A92: KCDL Online | B92: KCDL Online | C92: No | D92: N/A | E92: =KCDL!N8 -> 78 | H92: =OVID!N31 -> 0 | I92: N/A | J92: 1850 | K92: =J92/E92 -> 23.717949
A93: Lexi-Comp Online | B93: Lexi-Comp | C93: No | D93: ='Lexi-Comp'!N8 -> 9818 | E93: ='Lexi-Comp'!N9 -> 20737 | H93: 0 | I93: N/A | J93: 0 | K93: N/A
A94: LexisNexis Academic | B94: LexisNexis | C94: Yes (R3) | D94: =LexisNexis!N8 -> 24787 | E94: =LexisNexis!N9 -> 21810 | H94: 0 | I94: N/A | J94: 25497.99 | K94: =J94/E94 -> 1.1690963
A95: LexisNexis Congressional | B95: LexisNexis | C95: Yes (R3) | D95: =LexisNexis!N14 -> 222 | E95: =LexisNexis!N15 -> 546 | H95: 0 | I95: N/A | J95: 7285.14 | K95: =J95/E95 -> 13.342747
A96: Library Literature & Information Science Retrospective* | B96: WilsonWeb | C96: Yes (R2) | D96: N/A | E96: N/A | H96: N/A | I96: N/A | J96: 96.82 | K96: N/A
A97: Library, Info Sci & Tech Abstracts (NO full text) | B97: EBSCOhost | C97: Yes | D97: =EBSCOhost!N106 -> 1437 | E97: =EBSCOhost!N107 -> 6995 | H97: 0 | I97: N/A | J97: 0 | K97: N/A
A98: Library, Info Sci & Tech Abstracts w/ full text | B98: EBSCOhost | C98: Yes | D98: =EBSCOhost!N112 -> 5270 | E98: =EBSCOhost!N113 -> 19985 | H98: 0 | I98: N/A | J98: 2740 | K98: =J98/E98 -> 0.13710283
A99: Literature Resource Center | B99: InfoTrac | C99: Yes | D99: =InfoTrac!N9 -> 1765 | E99: =InfoTrac!N8 -> 6245 | H99: =InfoTrac!N47 -> 0 | I99: N/A | J99: =InfoTrac!O8 -> 2105 | K99: =J99/E99 -> 0.33706966
A100: Los Angeles Times | B100: ProQuest | C100: Yes | D100: =ProQuest!N50 -> 0 | E100: =ProQuest!N49 -> 0 | H100: 0 | I100: N/A | J100: 0 | K100: N/A
A101: MAS Ultra – School edition | B101: EBSCOhost | C101: Yes | D101: =EBSCOhost!N118 -> 1309 | E101: =EBSCOhost!N119 -> 5334 | H101: 0 | I101: N/A | J101: 0 | K101: N/A
...

Sheet ALA Guide to Reference
A1: ALA Guide to Reference
A2: 2010-2011
A4: COUNTER-Compliant?: | B4: No
B6: Jul-2010 | C6: Aug-2010 | D6: Sep-2010 | E6: Oct-2010 | F6: Nov-2010 | G6: Dec-2010 | H6: Jan-2011 | I6: Feb-2011 | J6: Mar-2011 | K6: Apr-2011 | L6: May-2011 | M6: Jun-2011 | N6: Total | O6: 2010-2011 price | P6: Price per unit
A7: ALA Guide to Reference
A8: Logins | B8: 2 | C8: 0 | D8: 1 | E8: 3 | F8: 0 | G8: 1 | H8: 0 | I8: 2 | J8: 2 | K8: 0 | L8: 0 | M8: 0 | N8: =SUM(B8:M8) -> 11 | O8: 0 | P8: =O8/N8 -> 0

Sheet ARTstor
A1: ARTstor
A2: 2010-2011
A4: COUNTER-Compliant?: | B4: No
B6: 40360 | C6: 40391 | D6: 40422 | E6: 40452 | F6: 40483 | G6: 40513 | H6: 40544 | I6: 40575 | J6: 40603 | K6: 40634 | L6: 40664 | M6: 40695 | N6: Total | O6: 2010-2011 Price | P6: Price per unit
A7: ARTstor
A8: Events | B8: 2349 | C8: 3501 | D8: 4489 | E8: 12379 | F8: 13198 | G8: 18428 | H8: 1188 | I8: 3405 | J8: 7485 | K8: 9511 | L8: 956 | M8: 946 | N8: =SUM(B8:M8) -> 77835 | O8: 13102.5 | P8: =O8/N8 -> 0.16833687
A9: Sessions | B9: 35 | C9: 22 | D9: 154 | E9: 539 | F9: 502 | G9: 596 | H9: 45 | I9: 165 | J9: 189 | K9: 259 | L9: 58 | M9: 38 | N9: =SUM(B9:M9) -> 2602 | P9: =O9/N9 -> #VALUE!
A10: Users | B10: 0 | C10: 0 | D10: 0 | E10: 0 | F10: 0 | G10: n/a | H10: n/a | I10: n/a | J10: n/a | K10: n/a | L10: n/a | M10: n/a | N10: =SUM(B10:M10) -> 0 | P10: =O10/N10 -> #VALUE!
A11: Minutes | B11: 0 | C11: 0 | D11: 0 | E11: 0 | F11: 0 | G11: n/a | H11: n/a | I11: n/a | J11: n/a | K11: n/a | L11: n/a | M11: n/a | N11: =SUM(B11:M11) -> 0 | P11: =O11/N11 -> #VALUE!
A12: Registrations | B12: 1 | C12: 1 | D12: 42 | E12: 112 | F12: 12 | G12: 14 | H12: 2 | I12: 4 | J12: 2 | K12: 10 | L12: 1 | M12: 1 | N12: =SUM(B12:M12) -> 202 | P12: =O12/N12 -> #VALUE!
A15: Events: | B15: Number of events.
A17: Sessions: | B17: Number of sessions.
A19: Users: | B19: Number of unique users who logged in during the time period. All users who did not log in are counted as one additional users. The numbers of monthly users are not additive, i.e. the sum of monthly users is not equal to the total number of unique users for all time.
A21: Minutes: | B21: Total minutes used by all sessions.
A23: Registrations: | B23: Number of new registrations.

Sheet CIAO
A1: CIAO
A2: 2010-2011
A4: COUNTER-Compliant?: | B4: No
B6: 40360 | C6: 40391 | D6: 40422 | E6: 40452 | F6: 40483 | G6: 40513 | H6: 40544 | I6: 40575 | J6: 40603 | K6: 40634 | L6: 40664 | M6: 40695 | N6: Total | O6: 2010-2011 Price | P6: Price per unit
A7: CIAO
A8: No of Visitors | B8: 0 | C8: 0 | D8: 0 | E8: 1 | F8: 0 | G8: 0 | H8: 0 | I8: 1 | J8: 4 | K8: 0 | L8: 0 | M8: 0 | N8: =SUM(B8:M8) -> 6 | O8: 0 | P8: =O8/N8 -> 0
A9: No of Visits | B9: 0 | C9: 0 | D9: 0 | E9: 1 | F9: 0 | G9: 0 | H9: 0 | I9: 1 | J9: 4 | K9: 0 | L9: 0 | M9: 0 | N9: =SUM(B9:M9) -> 6 | O9: 0 | P9: =O9/N9 -> 0
A10: No of Views | B10: 0 | C10: 0 | D10: 0 | E10: 8 | F10: 0 | G10: 0 | H10: 0 | I10: 1 | J10: 6 | K10: 0 | L10: 0 | M10: 0 | N10: =SUM(B10:M10) -> 15 | O10: 0 | P10: =O10/N10 -> 0
A11: No of Google Searches | B11: 0 | C11: 0 | D11: 0 | E11: 0 | F11: 0 | G11: 0 | H11: 0 | I11: 0 | J11: 0 | K11: 0 | L11: 0 | M11: 0 | N11: =SUM(B11:M11) -> 0 | O11: 0 | P11: N/A
A12: Articles Viewed | B12: 0 | C12: 0 | D12: 0 | E12: 2 | F12: 0 | G12: 0 | H12: 0 | I12: 1 | J12: 0 | K12: 0 | L12: 0 | M12: 0 | N12: =SUM(B12:M12) -> 3 | O12: 0 | P12: =O12/N12 -> 0
A13: Average Visit Duration | B13: 0 | C13: 0 | D13: 0 | E13: 4m49sec | F13: 0 | G13: 0 | H13: 0 | I13: 0 | J13: 1m28sec | K13: 0 | L13: 0 | M13: 0 | N13: —

Sheet Cochrane
A1: Cochrane Library (Wiley)
A2: 2010-2011
A4: COUNTER-Compliant?: | B4: No
B6: 40360 | C6: 6614756 | D6: 40422 | E6: 40452 | F6: 40483 | G6: 40513 | H6: 40544 | I6: 40575 | J6: 40603 | K6: 40634 | L6: 40664 | M6: 40695 | N6: Total | O6: 2010-2011 Price | P6: Price per unit
A7: Cochrane Library
A8: User Sessions | B8: 97 | C8: N/A | D8: N/A | E8: N/A | F8: N/A | G8: N/A | H8: N/A | I8: N/A | J8: N/A | K8: N/A | L8: N/A | M8: N/A | N8: =SUM(B8:M8) -> 97
A9: Searches (Total) | B9: 27 | C9: 0 | D9: 0 | E9: 469 | F9: 717 | G9: 313 | H9: 453 | I9: 360 | J9: 563 | K9: 631 | L9: 161 | M9: 157 | N9: =SUM(B9:M9) -> 3851 | O9: 3494 | P9: =O9/N9 -> 0.90729681
A10: Full-Text (Total) | B10: 84 | C10: 20 | D10: 122 | E10: 224 | F10: 342 | G10: 126 | H10: 143 | I10: 180 | J10: 276 | K10: 290 | L10: 92 | M10: 64 | N10: =SUM(B10:M10) -> 1963
A11: Access Denied | B11: 0 | C11: N/A | D11: N/A | E11: N/A | F11: N/A | G11: N/A | H11: N/A | I11: N/A | J11: N/A | K11: N/A | L11: N/A | M11: N/A | N11: =SUM(B11:M11) -> 0

Sheet Compendex(EI)
A1: Compendex (Engineering Index)
A2: 2010-2011
A4: COUNTER-Compliant?: | B4: Yes (R2)
B6: 40360 | C6: 40391 | D6: 40422 | E6: 40452 | F6: 40483 | G6: 40513 | H6: 40544 | I6: 40575 | J6: 40603 | K6: 40634 | L6: 40664 | M6: 40695 | N6: Total | O6: 2010-2011 Price | P6: Price per unit
A7: Compendex
A8: Sessions | B8: 40 | C8: 54 | D8: 91 | E8: 409 | F8: 86 | G8: 60 | H8: 30 | I8: 48 | J8: 68 | K8: 59 | L8: 48 | M8: 62 | N8: =SUM(B8:M8) -> 1055
A9: Searches | B9: 146 | C9: 198 | D9: 339 | E9: 3319 | F9: 325 | G9: 187 | H9: 162 | I9: 136 | J9: 198 | K9: 199 | L9: 189 | M9: 281 | N9: =SUM(B9:M9) -> 5679 | O9: 17805 | P9: =O9/N9 -> 3.1352351

Sheet CQ Researcher
A1: CQ Researcher
A2: 2010-2011
A4: COUNTER-compliant? | B4: Yes
B6: 40360 | C6: 40391 | D6: 6614787 | E6: 40452 | F6: 40483 | G6: 40513 | H6: 40544 | I6: 40575 | J6: 40603 | K6: 40634 | L6: 40664 | M6: 40695 | N6: Total | O6: 2010-2011 Price | P6: Price per unit
A7: CQ Researcher
A8: Sessions | B8: 75 | C8: 2 | D8: 100 | E8: 126 | F8: 292 | G8: 100 | H8: 11 | I8: 99 | J8: 172 | K8: 127 | L8: 41 | M8: 82 | N8: =SUM(B8:M8) -> 1227
A9: Searches | B9: 93 | C9: 0 | D9: 112 | E9: 163 | F9: 302 | G9: 77 | H9: 7 | I9: 103 | J9: 265 | K9: 159 | L9: 55 | M9: 98 | N9: =SUM(B9:M9) -> 1434 | O9: 0 | P9: =O9/N9 -> 0
A10: Full Text Downloads | B10: 120 | C10: 0 | D10: 180 | E10: 200 | F10: 447 | G10: 141 | H10: 4 | I10: 137 | J10: 423 | K10: 265 | L10: 142 | M10: 176 | N10: =SUM(B10:M10) -> 2235 | O10: 0 | P10: =O10/N10 -> 0
A11: Turnaways | B11: 0 | C11: 0 | D11: 0 | E11: 0 | F11: 0 | G11: 0 | H11: 0 | I11: 0 | J11: 0 | K11: 0 | L11: 0 | M11: 0 | N11: =SUM(B11:M11) -> 0
A13: SIMULTANEOUS USERS: | B13: 10

Sheet CSA
A1: CSA Databases
A2: 2010-2011
A4: COUNTER-Compliant?: | B4: Yes (R3)
B6: 40360 | C6: 40391 | D6: 6614787 | E6: 40452 | F6: 40483 | G6: 40513 | H6: 40544 | I6: 40575 | J6: 40603 | K6: 40634 | L6: 40664 | M6: 40695 | N6: Total | O6: 2010-2011 Price | P6: Price per unit
A7: ASFA (all)
A8: Searches | B8: 250 | C8: 206 | D8: 616 | E8: 855 | F8: 763 | G8: 259 | H8: 386 | I8: 612 | J8: 600 | K8: 676 | L8: 382 | M8: 58 | N8: =SUM(B8:M8) -> 5663 | O8: 0 | P8: =O8/N8 -> 0
B11: 40360 | C11: 40391 | D11: 6614787 | E11: 40452 | F11: 40483 | G11: 40513 | H11: 40544 | I11: 40575 | J11: 40603 | K11: 40634 | L11: 40664 | M11: 40695 | N11: Total | O11: 2010-2011 Price | P11: Price per unit
A12: ASFA 1 (Biosciences...)
A13: Searches | B13: 43 | C13: 30 | D13: 189 | E13: 374 | F13: 304 | G13: 98 | H13: 74 | I13: 211 | J13: 348 | K13: 241 | L13: 70 | M13: 6 | N13: =SUM(B13:M13) -> 1988 | O13: 0 | P13: N/A
B16: 40360 | C16: 40391 | D16: 6614787 | E16: 40452 | F16: 40483 | G16: 40513 | H16: 40544 | I16: 40575 | J16: 40603 | K16: 40634 | L16: 40664 | M16: 40695 | N16: Total | O16: 2010-2011 Price | P16: Price per unit
A17: ASFA 2 (Ocean Technology…)
A18: Searches | B18: 23 | C18: 18 | D18: 80 | E18: 141 | F18: 134 | G18: 42 | H18: 62 | I18: 112 | J18: 187 | K18: 120 | L18: 51 | M18: 2 | N18: =SUM(B18:M18) -> 972 | O18: 0 | P18: N/A
B21: 40360 | C21: 40391 | D21: 6614787 | E21: 40452 | F21: 40483 | G21: 40513 | H21: 40544 | I21: 40575 | J21: 40603 | K21: 40634 | L21: 40664 | M21: 40695 | N21: Total | O21: 2010-2011 Price | P21: Price per unit
A22: ASFA 3 (Aquatic Pollution…)
A23: Searches | B23: 40 | C23: 25 | D23: 105 | E23: 171 | F23: 193 | G23: 52 | H23: 67 | I23: 139 | J23: 241 | K23: 164 | L23: 61 | M23: 2 | N23: =SUM(B23:M23) -> 1260 | O23: 0 | P23: N/A
B26: 40360 | C26: 40391 | D26: 6614787 | E26: 40452 | F26: 40483 | G26: 40513 | H26: 40544 | I26: 40575 | J26: 40603 | K26: 40634 | L26: 40664 | M26: 40695 | N26: Total | O26: 2010-2011 Price | P26: Price per unit
A27: ASFA Aquaculture Abstracts
A28: Searches | B28: 25 | C28: 25 | D28: 99 | E28: 187 | F28: 236 | G28: 73 | H28: 114 | I28: 186 | J28: 263 | K28: 165 | L28: 59 | M28: 5 | N28: =SUM(B28:M28) -> 1437 | O28: 0 | P28: N/A
B31: 40360 | C31: 40391 | D31: 6614787 | E31: 40452 | F31: 40483 | G31: 40513 | H31: 40544 | I31: 40575 | J31: 40603 | K31: 40634 | L31: 40664 | M31: 40695 | N31: Total | O31: 2010-2011 Price | P31: Price per unit
A32: ASFA Marine Biotechnology Abstracts
A33: Searches | B33: 25 | C33: 25 | D33: 123 | E33: 157 | F33: 156 | G33: 49 | H33: 65 | I33: 138 | J33: 219 | K33: 142 | L33: 57 | M33: 2 | N33: =SUM(B33:M33) -> 1158 | O33: 0 | P33: N/A
B36: 40360 | C36: 40391 | D36: 6614787 | E36: 40452 | F36: 40483 | G36: 40513 | H36: 40544 | I36: 40575 | J36: 40603 | K36: 40634 | L36: 40664 | M36: 40695 | N36: Total | O36: 2010-2011 Price | P36: Price per unit
A37: Bacteriology Abstracts (Microbiology B)
A38: Searches | B38: 0 | C38: 0 | D38: 0 | E38: 0 | F38: 0 | G38: 0 | H38: N/A | I38: N/A | J38: N/A | K38: N/A | L38: N/A | M38: N/A | N38: =SUM(B38:M38) -> 0 | O38: 0 | P38: N/A
B41: 40360 | C41: 40391 | D41: 6614787 | E41: 40452 | F41: 40483 | G41: 40513 | H41: 40544 | I41: 40575 | J41: 40603 | K41: 40634 | L41: 40664 | M41: 40695 | N41: Total | O41: 2010-2011 Price | P41: Price per unit
A42: Biotechnology Research Abstracts
A43: Searches | B43: 0 | C43: 0 | D43: 0 | E43: 0 | F43: 0 | G43: 0 | H43: N/A | I43: N/A | J43: N/A | K43: N/A | L43: N/A | M43: N/A | N43: =SUM(B43:M43) -> 0 | O43: 0 | P43: N/A
B46: 40360 | C46: 40391 | D46: 6614787 | E46: 40452 | F46: 40483 | G46: 40513 | H46: 40544 | I46: 40575 | J46: 40603 | K46: 40634 | L46: 40664 | M46: 40695 | N46: Total | O46: 2010-2011 Price | P46: Price per unit
A47: ComDisDome
A48: Searches | B48: 291 | C48: 92 | D48: 219 | E48: 597 | F48: 487 | G48: 205 | H48: 96 | I48: 471 | J48: 602 | K48: 508 | L48: 153 | M48: 33 | N48: =SUM(B48:M48) -> 3754 | O48: 0 | P48: =O48/N48 -> 0
B51: 40360 | C51: 40391 | D51: 6614787 | E51: 40452 | F51: 40483 | G51: 40513 | H51: 40544 | I51: 40575 | J51: 40603 | K51: 40634 | L51: 40664 | M51: 40695 | N51: Total | O51: 2010-2011 Price | P51: Price per unit
A52: Conference Papers Index
A53: Searches | B53: 0 | C53: 0 | D53: 0 | E53: 0 | F53: 0 | G53: 0 | H53: N/A | I53: N/A | J53: N/A | K53: N/A | L53: N/A | M53: N/A | N53: =SUM(B53:M53) -> 0 | O53: 0 | P53: =O53/N53 -> #DIV/0!
B56: 40360 | C56: 40391 | D56: 6614787 | E56: 40452 | F56: 40483 | G56: 40513 | H56: 40544 | I56: 40575 | J56: 40603 | K56: 40634 | L56: 40664 | M56: 40695 | N56: Total | O56: 2010-2011 Price | P56: Price per unit
A57: EIS: Digests of Environmental Impact Statements
A58: Searches | B58: 26 | C58: 25 | D58: 95 | E58: 154 | F58: 164 | G58: 53 | H58: 65 | I58: 137 | J58: 214 | K58: 143 | L58: 58 | M58: 2 | N58: =SUM(B58:M58) -> 1136 | O58: 0 | P58: N/A
B61: 40360 | C61: 40391 | D61: 6614787 | E61: 40452 | F61: 40483 | G61: 40513 | H61: 40544 | I61: 40575 | J61: 40603 | K61: 40634 | L61: 40664 | M61: 40695 | N61: Total | O61: 2010-2011 Price | P61: Price per unit
A62: Ecology Abstracts
A63: Searches | B63: 0 | C63: 0 | D63: 0 | E63: 0 | F63: 0 | G63: 0 | H63: N/A | I63: N/A | J63: N/A | K63: N/A | L63: N/A | M63: N/A | N63: =SUM(B63:M63) -> 0 | O63: 0 | P63: N/A
B66: 40360 | C66: 40391 | D66: 6614787 | E66: 40452 | F66: 40483 | G66: 40513 | H66: 40544 | I66: 40575 | J66: 40603 | K66: 40634 | L66: 40664 | M66: 40695 | N66: Total | O66: 2010-2011 Price | P66: Price per unit
A67: Environment Abstracts
A68: Searches | B68: 37 | C68: 41 | D68: 167 | E68: 212 | F68: 232 | G68: 101 | H68: 80 | I68: 206 | J68: 330 | K68: 213 | L68: 80 | M68: 2 | N68: =SUM(B68:M68) -> 1701 | O68: 0 | P68: =O68/N68 -> 0
B71: 40360 | C71: 40391 | D71: 6614787 | E71: 40452 | F71: 40483 | G71: 40513 | H71: 40544 | I71: 40575 | J71: 40603 | K71: 40634 | L71: 40664 | M71: 40695 | N71: Total | O71: 2010-2011 Price | P71: Price per unit
A72: Environmental Engineering Abstracts
A73: Searches | B73: 0 | C73: 0 | D73: 0 | E73: 0 | F73: 0 | G73: 0 | H73: N/A | I73: N/A | J73: N/A | K73: N/A | L73: N/A | M73: N/A | N73: =SUM(B73:M73) -> 0 | O73: 0 | P73: N/A
B76: 40360 | C76: 40391 | D76: 6614787 | E76: 40452 | F76: 40483 | G76: 40513 | H76: 40544 | I76: 40575 | J76: 40603 | K76: 40634 | L76: 40664 | M76: 40695 | N76: Total | O76: 2010-2011 Price | P76: Price per unit
A77: Environmental Sciences and Pollution Mgmt
A78: Searches | B78: 0 | C78: 0 | D78: 0 | E78: 0 | F78: 0 | G78: 0 | H78: N/A | I78: N/A | J78: N/A | K78: N/A | L78: N/A | M78: N/A | N78: =SUM(B78:M78) -> 0 | O78: 0 | P78: N/A
B81: 40360 | C81: 40391 | D81: 6614787 | E81: 40452 | F81: 40483 | G81: 40513 | H81: 40544 | I81: 40575 | J81: 40603 | K81: 40634 | L81: 40664 | M81: 40695 | N81: Total | O81: 2010-2011 Price | P81: Price per unit
A82: ERIC (free)
A83: Searches | B83: 339 | C83: 83 | D83: 344 | E83: 649 | F83: 674 | G83: 257 | H83: 109 | I83: 502 | J83: 713 | K83: 492 | L83: 161 | M83: 40 | N83: =SUM(B83:M83) -> 4363 | O83: 0 | P83: N/A
B86: 40360 | C86: 40391 | D86: 6614787 | E86: 40452 | F86: 40483 | G86: 40513 | H86: 40544 | I86: 40575 | J86: 40603 | K86: 40634 | L86: 40664 | M86: 40695 | N86: Total | O86: 2010-2011 Price | P86: Price per unit
A87: GeoRef
A88: Searches | B88: 88 | C88: 54 | D88: 123 | E88: 182 | F88: 184 | G88: 117 | H88: 119 | I88: 194 | J88: 314 | K88: 209 | L88: 94 | M88: 11 | N88: =SUM(B88:M88) -> 1689 | O88: 0 | P88: =O88/N88 -> 0
B91: 40360 | C91: 40391 | D91: 6614787 | E91: 40452 | F91: 40483 | G91: 40513 | H91: 40544 | I91: 40575 | J91: 40603 | K91: 40634 | L91: 40664 | M91: 40695 | N91: Total | O91: 2010-2011 Price | P91: Price per unit
A92: GeoRef in Process
A93: Searches | B93: 25 | C93: 28 | D93: 92 | E93: 146 | F93: 154 | G93: 54 | H93: 66 | I93: 141 | J93: 213 | K93: 138 | L93: 58 | M93: 2 | N93: =SUM(B93:M93) -> 1117 | O93: 0 | P93: N/A
B96: 40360 | C96: 40391 | D96: 6614787 | E96: 40452 | F96: 40483 | G96: 40513 | H96: 40544 | I96: 40575 | J96: 40603 | K96: 40634 | L96: 40664 | M96: 40695 | N96: Total | O96: 2010-2011 Price | P96: Price per unit
A97: Gender Watch
A98: Searches | B98: 0 | C98: 0 | D98: 0 | E98: N/A | F98: N/A | G98: N/A | H98: N/A | I98: N/A | J98: N/A | K98: N/A | L98: N/A | M98: N/A | N98: =SUM(B98:M98) -> 0 | O98: 0 | P98: N/A
B100: 40360 | C100: 40391 | D100: 6614787 | E100: 40452 | F100: 40483 | G100: 40513 | H100: 40544 | I100: 40575 | J100: 40603 | K100: 40634 | L100: 40664 | M100: 40695 | N100: Total | O100: 2010-2011 Price | P100: Price per unit
A101: Health and Safety Science Abstracts
A102: Searches | B102: 0 | C102: 0 | D102: 0 | E102: 0 | F102: 0 | G102: 0 | H102: N/A | I102: N/A | J102: N/A | K102: N/A | L102: N/A | M102: N/A | N102: =SUM(B102:M102) -> 0 | O102: 0 | P102: N/A
B105: 40360 | C105: 40391 | D105: 6614787 | E105: 40452 | F105: 40483 | G105: 40513 | H105: 40544 | I105: 40575 | J105: 40603 | K105: 40634 | L105: 40664 | M105: 40695 | N105: Total | O105: 2010-2011 Price | P105: Price per unit
A106: Industrial and Applied Microbiology Abstracts (Microbiology A)
A107: Searches | B107: 0 | C107: 0 | D107: 0 | E107: 0 | F107: 0 | G107: 0 | H107: N/A | I107: N/A | J107: N/A | K107: N/A | L107: N/A | M107: N/A | N107: =SUM(B107:M107) -> 0 | O107: 0 | P107: N/A
B110: 40360 | C110: 40391 | D110: 6614787 | E110: 40452 | F110: 40483 | G110: 40513 | H110: 40544 | I110: 40575 | J110: 40603 | K110: 40634 | L110: 40664 | M110: 40695 | N110: Total | O110: 2010-2011 Price | P110: Price per unit
A111: International Pharmaceutical Abstracts
A112: Searches | B112: 82 | C112: 31 | D112: 75 | E112: 162 | F112: 140 | G112: 38 | H112: 37 | I112: 689 | J112: 232 | K112: 95 | L112: 98 | M112: 0 | N112: =SUM(B112:M112) -> 1679 | O112: 0 | P112: =O112/N112 -> 0
B115: 40360 | C115: 40391 | D115: 6614787 | E115: 40452 | F115: 40483 | G115: 40513 | H115: 40544 | I115: 40575 | J115: 40603 | K115: 40634 | L115: 40664 | M115: 40695 | N115: Total | O115: 2010-2011 Price | P115: Price per unit
A116: MLA International Bibliography
A117: Searches | B117: 115 | C117: 82 | D117: 219 | E117: 328 | F117: 421 | G117: 444 | H117: 161 | I117: 292 | J117: 346 | K117: 613 | L117: 287 | M117: 15 | N117: =SUM(B117:M117) -> 3323 | O117: 0 | P117: =O117/N117 -> 0
B120: 40360 | C120: 40391 | D120: 6614787 | E120: 40452 | F120: 40483 | G120: 40513 | H120: 40544 | I120: 40575 | J120: 40603 | K120: 40634 | L120: 40664 | M120: 40695 | N120: Total | O120: 2010-2011 Price | P120: Price per unit
A121: MLA Directory of Periodicals
A122: Searches | B122: 32 | C122: 16 | D122: 86 | E122: 83 | F122: 104 | G122: 98 | H122: 16 | I122: 72 | J122: 135 | K122: 92 | L122: 56 | M122: 2 | N122: =SUM(B122:M122) -> 792 | O122: 0 | P122: N/A
B125: 40360 | C125: 40391 | D125: 6614787 | E125: 40452 | F125: 40483 | G125: 40513 | H125: 40544 | I125: 40575 | J125: 40603 | K125: 40634 | L125: 40664 | M125: 40695 | N125: Total | O125: 2010-2011 Price | P125: Price per unit
A126: Meteorological & Geoastrophysical Abstracts
A127: Searches | B127: 27 | C127: 31 | D127: 97 | E127: 146 | F127: 158 | G127: 54 | H127: 64 | I127: 141 | J127: 213 | K127: 142 | L127: 60 | M127: 2 | N127: =SUM(B127:M127) -> 1135 | O127: 0 | P127: =O127/N127 -> 0
B130: 40360 | C130: 40391 | D130: 6614787 | E130: 40452 | F130: 40483 | G130: 40513 | H130: 40544 | I130: 40575 | J130: 40603 | K130: 40634 | L130: 40664 | M130: 40695 | N130: Total | O130: 2010-2011 Price | P130: Price per unit
A131: Oceanic Abstracts
A132: Searches | B132: 67 | C132: 34 | D132: 117 | E132: 183 | F132: 182 | G132: 64 | H132: 71 | I132: 177 | J132: 261 | K132: 169 | L132: 72 | M132: 3 | N132: =SUM(B132:M132) -> 1400 | O132: 0 | P132: N/A
B135: 40360 | C135: 40391 | D135: 6614787 | E135: 40452 | F135: 40483 | G135: 40513 | H135: 40544 | I135: 40575 | J135: 40603 | K135: 40634 | L135: 40664 | M135: 40695 | N135: Total | O135: 2010-2011 Price | P135: Price per unit
A136: PAIS International
A137: Searches | B137: 241 | C137: 78 | D137: 371 | E137: 612 | F137: 495 | G137: 226 | H137: 119 | I137: 427 | J137: 504 | K137: 425 | L137: 161 | M137: 34 | N137: =SUM(B137:M137) -> 3693 | O137: 0 | P137: =O137/N137 -> 0
B140: 40360 | C140: 40391 | D140: 6614787 | E140: 40452 | F140: 40483 | G140: 40513 | H140: 40544 | I140: 40575 | J140: 40603 | K140: 40634 | L140: 40664 | M140: 40695 | N140: Total | O140: 2010-2011 Price | P140: Price per unit
A141: PAIS Archive
A142: Searches | B142: 228 | C142: 69 | D142: 228 | E142: 489 | F142: 390 | G142: 155 | H142: 100 | I142: 384 | J142: 447 | K142: 372 | L142: 140 | M142: 34 | N142: =SUM(B142:M142) -> 3036 | O142: 0 | P142: N/A
B145: 40360 | C145: 40391 | D145: 6614787 | E145: 40452 | F145: 40483 | G145: 40513 | H145: 40544 | I145: 40575 | J145: 40603 | K145: 40634 | L145: 40664 | M145: 40695 | N145: Total | O145: 2010-2011 Price | P145: Price per unit
A146: Philosopher's Index
A147: Searches | B147: 33 | C147: 19 | D147: 87 | E147: 95 | F147: 112 | G147: 88 | H147: 28 | I147: 99 | J147: 185 | K147: 110 | L147: 35 | M147: 16 | N147: =SUM(B147:M147) -> 907 | O147: 0 | P147: =O147/N147 -> 0
B150: 40360 | C150: 40391 | D150: 6614787 | E150: 40452 | F150: 40483 | G150: 40513 | H150: 40544 | I150: 40575 | J150: 40603 | K150: 40634 | L150: 40664 | M150: 40695 | N150: Total | O150: 2010-2011 Price | P150: Price per unit
A151: Physical Education Index
A152: Searches | B152: 319 | C152: 83 | D152: 215 | E152: 670 | F152: 570 | G152: 199 | H152: 94 | I152: 484 | J152: 539 | K152: 415 | L152: 153 | M152: 50 | N152: =SUM(B152:M152) -> 3791 | O152: 0 | P152: =O152/N152 -> 0
B155: 40360 | C155: 40391 | D155: 6614787 | E155: 40452 | F155: 40483 | G155: 40513 | H155: 40544 | I155: 40575 | J155: 40603 | K155: 40634 | L155: 40664 | M155: 40695 | N155: Total | O155: 2010-2011 Price | P155: Price per unit
A156: PILOTS
A157: Searches | B157: 214 | C157: 57 | D157: 169 | E157: 356 | F157: 289 | G157: 139 | H157: 43 | I157: 286 | J157: 263 | K157: 318 | L157: 109 | M157: 34 | N157: =SUM(B157:M157) -> 2277 | O157: 0 | P157: N/A
B160: 40360 | C160: 40391 | D160: 6614787 | E160: 40452 | F160: 40483 | G160: 40513 | H160: 40544 | I160: 40575 | J160: 40603 | K160: 40634 | L160: 40664 | M160: 40695 | N160: Total | O160: 2010-2011 Price | P160: Price per unit
A161: Pollution Abstracts
A162: Searches | B162: 0 | C162: 0 | D162: 0 | E162: 0 | F162: 0 | G162: 0 | H162: N/A | I162: N/A | J162: N/A | K162: N/A | L162: N/A | M162: N/A | N162: =SUM(B162:M162) -> 0 | O162: 0 | P162: N/A
B164: 40360 | C164: 40391 | D164: 6614787 | E164: 40452 | F164: 40483 | G164: 40513 | H164: 40544 | I164: 40575 | J164: 40603 | K164: 40634 | L164: 40664 | M164: 40695 | N164: Total | O164: 2010-2011 Price | P164: Price per unit
...

Sheet EBSCOhost
A1: EBSCOhost Databases
A2: 2010-2011
A4: COUNTER-Compliant?: | B4: Yes
B6: 40360 | C6: 40391 | D6: 6614787 | E6: 40452 | F6: 40483 | G6: 40513 | H6: 40544 | I6: 40575 | J6: 40603 | K6: 40634 | L6: 40664 | M6: 40695 | N6: Total | O6: 2010-2011 Price | P6: Price per unit
A7: Academic Search Complete (statewide database trial) | O7: Free
A8: Sessions | B8: 2635 | C8: 597 | D8: 2968 | E8: 8402 | F8: 9486 | G8: 3995 | H8: 889 | I8: 5213 | J8: 9379 | K8: 9135 | L8: 2289 | M8: 2027 | N8: =SUM(B8:M8) -> 57015
A9: Searches | B9: 9510 | C9: 1344 | D9: 10726 | E9: 32364 | F9: 30096 | G9: 12410 | H9: 2922 | I9: 19183 | J9: 31757 | K9: 23328 | L9: 6343 | M9: 6524 | N9: =SUM(B9:M9) -> 186507 | O9: 0 | P9: N/A
B12: 40360 | C12: 40391 | D12: 6614787 | E12: 40452 | F12: 40483 | G12: 40513 | H12: 40544 | I12: 40575 | J12: 40603 | K12: 40634 | L12: 40664 | M12: 40695 | N12: Total | O12: 2010-2011 Price | P12: Price per unit
A13: Academic Search Premier
A14: Sessions | B14: 1880 | C14: 783 | D14: 1823 | E14: 3719 | F14: 4331 | G14: 2363 | H14: 1139 | I14: 2852 | J14: 3775 | K14: 2865 | L14: 1479 | M14: 1233 | N14: =SUM(B14:M14) -> 28242
A15: Searches | B15: 3335 | C15: 625 | D15: 2434 | E15: 6877 | F15: 7663 | G15: 4857 | H15: 1002 | I15: 4443 | J15: 6357 | K15: 6302 | L15: 2533 | M15: 2118 | N15: =SUM(B15:M15) -> 48546 | O15: 0 | P15: =O15/N15 -> 0
B18: 40360 | C18: 40391 | D18: 6614787 | E18: 40452 | F18: 40483 | G18: 40513 | H18: 40544 | I18: 40575 | J18: 40603 | K18: 40634 | L18: 40664 | M18: 40695 | N18: Total | O18: 2010-2011 Price | P18: Price per unit
A19: America History & Life
A20: Sessions | B20: 87 | C20: 15 | D20: 102 | E20: 308 | F20: 357 | G20: 182 | H20: 37 | I20: 220 | J20: 366 | K20: 360 | L20: 149 | M20: 72 | N20: =SUM(B20:M20) -> 2255
A21: Searches | B21: 395 | C21: 67 | D21: 410 | E21: 1469 | F21: 1494 | G21: 951 | H21: 162 | I21: 953 | J21: 1503 | K21: 1901 | L21: 610 | M21: 312 | N21: =SUM(B21:M21) -> 10227 | O21: 0 | P21: =O21/N21 -> 0
B24: 40360 | C24: 40391 | D24: 6614787 | E24: 40452 | F24: 40483 | G24: 40513 | H24: 40544 | I24: 40575 | J24: 40603 | K24: 40634 | L24: 40664 | M24: 40695 | N24: Total | O24: 2010-2011 Price | P24: Price per unit
A25: CINAHL
A26: Sessions | B26: 577 | C26: 117 | D26: 839 | E26: 1735 | F26: 2461 | G26: 1016 | H26: 261 | I26: 1544 | J26: 2147 | K26: 3251 | L26: 316 | M26: 303 | N26: =SUM(B26:M26) -> 14567
A27: Searches | B27: 2051 | C27: 569 | D27: 4005 | E27: 8578 | F27: 13359 | G27: 5196 | H27: 1115 | I27: 7698 | J27: 11332 | K27: 16788 | L27: 1320 | M27: 1201 | N27: =SUM(B27:M27) -> 73212 | O27: 0 | P27: =O27/N27 -> 0
B30: 40360 | C30: 40391 | D30: 6614787 | E30: 40452 | F30: 40483 | G30: 40513 | H30: 40544 | I30: 40575 | J30: 40603 | K30: 40634 | L30: 40664 | M30: 40695 | N30: Total | O30: 2010-2011 Price | P30: Price per unit
A31: Communication Abstracts
A32: Sessions | B32: 74 | C32: 17 | D32: 166 | E32: 318 | F32: 446 | G32: 248 | H32: 42 | I32: 430 | J32: 408 | K32: 390 | L32: 112 | M32: 108 | N32: =SUM(B32:M32) -> 2759
A33: Searches | B33: 184 | C33: 50 | D33: 757 | E33: 1359 | F33: 1960 | G33: 1328 | H33: 245 | I33: 3264 | J33: 2030 | K33: 1927 | L33: 430 | M33: 493 | N33: =SUM(B33:M33) -> 14027 | O33: 0 | P33: =O33/N33 -> 0
B36: 40360 | C36: 40391 | D36: 6614787 | E36: 40452 | F36: 40483 | G36: 40513 | H36: 40544 | I36: 40575 | J36: 40603 | K36: 40634 | L36: 40664 | M36: 40695 | N36: Total | O36: 2010-2011 Price | P36: Price per unit
A37: Criminal Justice Abstracts
A38: Sessions | B38: 44 | C38: 9 | D38: 50 | E38: 122 | F38: 194 | G38: 109 | H38: 24 | I38: 119 | J38: 189 | K38: 174 | L38: 68 | M38: 42 | N38: =SUM(B38:M38) -> 1144
A39: Searches | B39: 165 | C39: 27 | D39: 236 | E39: 592 | F39: 874 | G39: 694 | H39: 110 | I39: 538 | J39: 748 | K39: 875 | L39: 308 | M39: 202 | N39: =SUM(B39:M39) -> 5369 | O39: 0 | P39: =O39/N39 -> 0
B42: 40360 | C42: 40391 | D42: 6614787 | E42: 40452 | F42: 40483 | G42: 40513 | H42: 40544 | I42: 40575 | J42: 40603 | K42: 40634 | L42: 40664 | M42: 40695 | N42: Total | O42: 2010-2011 Price | P42: Price per unit
A43: EconLit
A44: Sessions | B44: 146 | C44: 33 | D44: 128 | E44: 236 | F44: 306 | G44: 154 | H44: 68 | I44: 157 | J44: 232 | K44: 242 | L44: 111 | M44: 94 | N44: =SUM(B44:M44) -> 1907
A45: Searches | B45: 552 | C45: 125 | D45: 481 | E45: 1223 | F45: 1275 | G45: 939 | H45: 233 | I45: 676 | J45: 917 | K45: 1118 | L45: 444 | M45: 438 | N45: =SUM(B45:M45) -> 8421 | O45: 0 | P45: =O45/N45 -> 0
B48: 40360 | C48: 40391 | D48: 6614787 | E48: 40452 | F48: 40483 | G48: 40513 | H48: 40544 | I48: 40575 | J48: 40603 | K48: 40634 | L48: 40664 | M48: 40695 | N48: Total | O48: 2010-2011 Price | P48: Price per unit
A49: ERIC (free)
A50: Sessions | B50: 96 | C50: 9 | D50: 54 | E50: 150 | F50: 239 | G50: 124 | H50: 30 | I50: 144 | J50: 185 | K50: 177 | L50: 92 | M50: 68 | N50: =SUM(B50:M50) -> 1368
A51: Searches | B51: 423 | C51: 24 | D51: 253 | E51: 748 | F51: 1201 | G51: 854 | H51: 151 | I51: 683 | J51: 862 | K51: 1039 | L51: 522 | M51: 341 | N51: =SUM(B51:M51) -> 7101 | O51: 0 | P51: N/A
B54: 40360 | C54: 40391 | D54: 6614787 | E54: 40452 | F54: 40483 | G54: 40513 | H54: 40544 | I54: 40575 | J54: 40603 | K54: 40634 | L54: 40664 | M54: 40695 | N54: Total | O54: 2010-2011 Price | P54: Price per unit
A55: Film & Television Literature Index
A56: Sessions | B56: 66 | C56: 9 | D56: 60 | E56: 168 | F56: 207 | G56: 141 | H56: 35 | I56: 130 | J56: 144 | K56: 198 | L56: 81 | M56: 52 | N56: =SUM(B56:M56) -> 1291
A57: Searches | B57: 246 | C57: 29 | D57: 249 | E57: 798 | F57: 962 | G57: 875 | H57: 145 | I57: 564 | J57: 590 | K57: 1034 | L57: 327 | M57: 243 | N57: =SUM(B57:M57) -> 6062 | O57: 0 | P57: =O57/N57 -> 0
B60: 40360 | C60: 40391 | D60: 6614787 | E60: 40452 | F60: 40483 | G60: 40513 | H60: 40544 | I60: 40575 | J60: 40603 | K60: 40634 | L60: 40664 | M60: 40695 | N60: Total | O60: 2010-2011 Price | P60: Price per unit
A61: FSTA Food Science & Technology Abstracts
A62: Sessions | B62: 67 | C62: 13 | D62: 71 | E62: 185 | F62: 209 | G62: 123 | H62: 29 | I62: 140 | J62: 150 | K62: 149 | L62: 71 | M62: 48 | N62: =SUM(B62:M62) -> 1255
A63: Searches | B63: 234 | C63: 25 | D63: 301 | E63: 712 | F63: 987 | G63: 708 | H63: 141 | I63: 601 | J63: 621 | K63: 871 | L63: 339 | M63: 243 | N63: =SUM(B63:M63) -> 5783 | O63: 0 | P63: =O63/N63 -> 0
A64: Simultaneous Users | B64: 0 | C64: 0 | D64: 0 | E64: 0 | F64: 0 | G64: 0 | H64: 0 | I64: 0 | J64: 0 | K64: 0 | L64: 0 | M64: 0
A65: Database Turnaways | B65: 6 | C65: 2 | D65: 0 | E65: 0 | F65: 0 | G65: 0 | H65: 0 | I65: 0 | J65: 0 | K65: 0 | L65: 0 | M65: 0 | N65: =SUM(B65:M65) -> 8
B68: 40360 | C68: 40391 | D68: 6614787 | E68: 40452 | F68: 40483 | G68: 40513 | H68: 40544 | I68: 40575 | J68: 40603 | K68: 40634 | L68: 40664 | M68: 40695 | N68: Total | O68: 2010-2011 Price | P68: Price per unit
A69: Funk & Wagnall's New World Encyclopedia (free)
A70: Sessions | B70: 71 | C70: 8 | D70: 79 | E70: 145 | F70: 179 | G70: 130 | H70: 27 | I70: 157 | J70: 155 | K70: 154 | L70: 74 | M70: 85 | N70: =SUM(B70:M70) -> 1264
A71: Searches | B71: 252 | C71: 24 | D71: 339 | E71: 608 | F71: 854 | G71: 826 | H71: 134 | I71: 636 | J71: 652 | K71: 879 | L71: 357 | M71: 371 | N71: =SUM(B71:M71) -> 5932 | O71: 0 | P71: N/A
B74: 40360 | C74: 40391 | D74: 6614787 | E74: 40452 | F74: 40483 | G74: 40513 | H74: 40544 | I74: 40575 | J74: 40603 | K74: 40634 | L74: 40664 | M74: 40695 | N74: Total | O74: 2010-2011 Price | P74: Price per unit
A75: GreenFILE (free)
A76: Sessions | B76: 57 | C76: 18 | D76: 50 | E76: 144 | F76: 199 | G76: 115 | H76: 21 | I76: 103 | J76: 146 | K76: 142 | L76: 66 | M76: 47 | N76: =SUM(B76:M76) -> 1108
A77: Searches | B77: 231 | C77: 62 | D77: 215 | E77: 680 | F77: 900 | G77: 733 | H77: 92 | I77: 436 | J77: 596 | K77: 873 | L77: 341 | M77: 231 | N77: =SUM(B77:M77) -> 5390 | O77: 0 | P77: N/A
B80: 40360 | C80: 40391 | D80: 6614787 | E80: 40452 | F80: 40483 | G80: 40513 | H80: 40544 | I80: 40575 | J80: 40603 | K80: 40634 | L80: 40664 | M80: 40695 | N80: Total | O80: 2010-2011 Price | P80: Price per unit
A81: Health Source: Nursing/Academic Edition (statewide database trial)
A82: Sessions | B82: 286 | C82: 33 | D82: 192 | E82: 508 | F82: 645 | G82: 0 | H82: 0 | I82: 0 | J82: 0 | K82: 0 | L82: 0 | M82: 0 | N82: =SUM(B82:M82) -> 1664
A83: Searches | B83: 791 | C83: 115 | D83: 567 | E83: 1749 | F83: 2502 | G83: 0 | H83: 0 | I83: 0 | J83: 0 | K83: 0 | L83: 0 | M83: 0 | N83: =SUM(B83:M83) -> 5724 | O83: 0 | P83: N/A
B86: 40360 | C86: 40391 | D86: 6614787 | E86: 40452 | F86: 40483 | G86: 40513 | H86: 40544 | I86: 40575 | J86: 40603 | K86: 40634 | L86: 40664 | M86: 40695 | N86: Total | O86: 2010-2011 Price | P86: Price per unit
A87: Historical Abstracts
A88: Sessions | B88: 67 | C88: 15 | D88: 68 | E88: 211 | F88: 270 | G88: 147 | H88: 24 | I88: 225 | J88: 167 | K88: 161 | L88: 71 | M88: 53 | N88: =SUM(B88:M88) -> 1479
A89: Searches | B89: 252 | C89: 31 | D89: 310 | E89: 910 | F89: 1182 | G89: 905 | H89: 118 | I89: 857 | J89: 759 | K89: 853 | L89: 325 | M89: 348 | N89: =SUM(B89:M89) -> 6850 | O89: 0 | P89: =O89/N89 -> 0
B92: 40360 | C92: 40391 | D92: 6614787 | E92: 40452 | F92: 40483 | G92: 40513 | H92: 40544 | I92: 40575 | J92: 40603 | K92: 40634 | L92: 40664 | M92: 40695 | N92: Total | O92: 2010-2011 Price | P92: Price per unit
A93: History Reference Center (statewide database trial)
A94: Sessions | B94: 73 | C94: 18 | D94: 102 | E94: 259 | F94: 294 | G94: 176 | H94: 27 | I94: 173 | J94: 262 | K94: 240 | L94: 78 | M94: 59 | N94: =SUM(B94:M94) -> 1761
A95: Searches | B95: 282 | C95: 39 | D95: 464 | E95: 943 | F95: 1126 | G95: 873 | H95: 112 | I95: 562 | J95: 819 | K95: 911 | L95: 296 | M95: 266 | N95: =SUM(B95:M95) -> 6693 | O95: 0 | P95: N/A
B98: 40360 | C98: 40391 | D98: 6614787 | E98: 40452 | F98: 40483 | G98: 40513 | H98: 40544 | I98: 40575 | J98: 40603 | K98: 40634 | L98: 40664 | M98: 40695 | N98: Total | O98: 2010-2011 Price | P98: Price per unit
A99: INSPEC Current
A100: Sessions | B100: 76 | C100: 13 | D100: 54 | E100: 140 | F100: 213 | G100: 128 | H100: 36 | I100: 123 | J100: 164 | K100: 168 | L100: 88 | M100: 62 | N100: =SUM(B100:M100) -> 1265
A101: Searches | B101: 284 | C101: 48 | D101: 256 | E101: 637 | F101: 953 | G101: 813 | H101: 162 | I101: 531 | J101: 707 | K101: 993 | L101: 378 | M101: 294 | N101: =SUM(B101:M101) -> 6056 | O101: 0 | P101: =O101/N101 -> 0
B104: 40360 | C104: 40391 | D104: 6614787 | E104: 40452 | F104: 40483 | G104: 40513 | H104: 40544 | I104: 40575 | J104: 40603 | K104: 40634 | L104: 40664 | M104: 40695 | N104: Total | O104: 2010-2011 Price | P104: Price per unit
A105: Library, Info Sci & Tech Abstracts (NO full text) (free)
A106: Sessions | B106: 97 | C106: 9 | D106: 90 | E106: 194 | F106: 235 | G106: 129 | H106: 35 | I106: 161 | J106: 184 | K106: 162 | L106: 72 | M106: 69 | N106: =SUM(B106:M106) -> 1437
A107: Searches | B107: 345 | C107: 32 | D107: 423 | E107: 986 | F107: 1060 | G107: 825 | H107: 170 | I107: 670 | J107: 858 | K107: 966 | L107: 326 | M107: 334 | N107: =SUM(B107:M107) -> 6995 | O107: 0 | P107: N/A
B110: 40360 | C110: 40391 | D110: 6614787 | E110: 40452 | F110: 40483 | G110: 40513 | H110: 40544 | I110: 40575 | J110: 40603 | K110: 40634 | L110: 40664 | M110: 40695 | N110: Total | O110: 2010-2011 Price | P110: Price per unit
A111: Library, Info Sci & Tech Abstracts with Full-Text
A112: Sessions | B112: 638 | C112: 66 | D112: 342 | E112: 681 | F112: 730 | G112: 356 | H112: 85 | I112: 558 | J112: 745 | K112: 599 | L112: 220 | M112: 250 | N112: =SUM(B112:M112) -> 5270
A113: Searches | B113: 1964 | C113: 196 | D113: 1103 | E113: 2657 | F113: 2687 | G113: 1644 | H113: 266 | I113: 2201 | J113: 3048 | K113: 2513 | L113: 837 | M113: 869 | N113: =SUM(B113:M113) -> 19985 | O113: 0 | P113: =O113/N113 -> 0
B116: 40360 | C116: 40391 | D116: 6614787 | E116: 40452 | F116: 40483 | G116: 40513 | H116: 40544 | I116: 40575 | J116: 40603 | K116: 40634 | L116: 40664 | M116: 40695 | N116: Total | O116: 2010-2011 Price | P116: Price per unit
A117: MAS Ultra - School Edition (free)
A118: Sessions | B118: 64 | C118: 11 | D118: 57 | E118: 173 | F118: 211 | G118: 113 | H118: 31 | I118: 131 | J118: 155 | K118: 225 | L118: 79 | M118: 59 | N118: =SUM(B118:M118) -> 1309
A119: Searches | B119: 232 | C119: 32 | D119: 225 | E119: 561 | F119: 937 | G119: 729 | H119: 142 | I119: 503 | J119: 621 | K119: 789 | L119: 307 | M119: 256 | N119: =SUM(B119:M119) -> 5334 | O119: 0 | P119: N/A
B122: 40360 | C122: 40391 | D122: 6614787 | E122: 40452 | F122: 40483 | G122: 40513 | H122: 40544 | I122: 40575 | J122: 40603 | K122: 40634 | L122: 40664 | M122: 40695 | N122: Total | O122: 2010-2011 Price | P122: Price per unit
A123: MasterFILE Premier (statewide database trial)
A124: Sessions | B124: 406 | C124: 117 | D124: 318 | E124: 575 | F124: 747 | G124: 393 | H124: 119 | I124: 497 | J124: 588 | K124: 527 | L124: 171 | M124: 121 | N124: =SUM(B124:M124) -> 4579
A125: Searches | B125: 533 | C125: 63 | D125: 313 | E125: 796 | F125: 1136 | G125: 882 | H125: 139 | I125: 649 | J125: 826 | K125: 996 | L125: 399 | M125: 330 | N125: =SUM(B125:M125) -> 7062 | O125: 0 | P125: N/A
B128: 40360 | C128: 40391 | D128: 6614787 | E128: 40452 | F128: 40483 | G128: 40513 | H128: 40544 | I128: 40575 | J128: 40603 | K128: 40634 | L128: 40664 | M128: 40695 | N128: Total | O128: 2010-2011 Price | P128: Price per unit
A129: MEDLINE (free)
A130: Sessions | B130: 70 | C130: 11 | D130: 68 | E130: 175 | F130: 266 | G130: 195 | H130: 30 | I130: 146 | J130: 194 | K130: 190 | L130: 68 | M130: 60 | N130: =SUM(B130:M130) -> 1473
A131: Searches | B131: 297 | C131: 46 | D131: 374 | E131: 839 | F131: 1509 | G131: 1234 | H131: 136 | I131: 688 | J131: 965 | K131: 1134 | L131: 333 | M131: 311 | N131: =SUM(B131:M131) -> 7866 | O131: 0 | P131: N/A
B134: 40360 | C134: 40391 | D134: 6614787 | E134: 40452 | F134: 40483 | G134: 40513 | H134: 40544 | I134: 40575 | J134: 40603 | K134: 40634 | L134: 40664 | M134: 40695 | N134: Total | O134: 2010-2011 Price | P134: Price per unit
A135: Mental Measurements Yearbook
A136: Sessions | B136: 72 | C136: 8 | D136: 53 | E136: 228 | F136: 361 | G136: 231 | H136: 34 | I136: 114 | J136: 176 | K136: 144 | L136: 60 | M136: 45 | N136: =SUM(B136:M136) -> 1526
A137: Searches | B137: 284 | C137: 23 | D137: 226 | E137: 1106 | F137: 1487 | G137: 1035 | H137: 144 | I137: 442 | J137: 638 | K137: 786 | L137: 254 | M137: 270 | N137: =SUM(B137:M137) -> 6695 | O137: 0 | P137: =O137/N137 -> 0
A138: Simultaneous users | B138: 0 | C138: 0 | D138: 0 | E138: 0 | F138: 0 | G138: 0 | H138: 0 | I138: 0 | J138: 0 | K138: 0 | L138: 0 | M138: 0
A139: Database Turnaways | B139: 0 | C139: 0 | D139: 0 | E139: 0 | F139: 0 | G139: 0 | H139: 0 | I139: 0 | J139: 0 | K139: 0 | L139: 0 | M139: 0 | N139: =SUM(B139:M139) -> 0
B142: 40360 | C142: 40391 | D142: 6614787 | E142: 40452 | F142: 40483 | G142: 40513 | H142: 40544 | I142: 40575 | J142: 40603 | K142: 40634 | L142: 40664 | M142: 40695 | N142: Total | O142: 2010-2011 Price | P142: Price per unit
A143: Middle Search Plus (statewide database trial)
A144: Sessions | B144: 65 | C144: 7 | D144: 47 | E144: 149 | F144: 197 | G144: 112 | H144: 23 | I144: 150 | J144: 144 | K144: 126 | L144: 70 | M144: 57 | N144: =SUM(B144:M144) -> 1147
A145: Searches | B145: 233 | C145: 18 | D145: 217 | E145: 568 | F145: 896 | G145: 765 | H145: 104 | I145: 569 | J145: 593 | K145: 786 | L145: 305 | M145: 263 | N145: =SUM(B145:M145) -> 5317 | O145: 0 | P145: N/A
B148: 40360 | C148: 40391 | D148: 6614787 | E148: 40452 | F148: 40483 | G148: 40513 | H148: 40544 | I148: 40575 | J148: 40603 | K148: 40634 | L148: 40664 | M148: 40695 | N148: Total | O148: 2010-2011 Price | P148: Price per unit
...

Sheet Elsevier
A1: Elsevier
A2: 2010-2011
A4: COUNTER-Compliant?: | B4: No
B6: 40360 | C6: 40391 | D6: 6614787 | E6: 40452 | F6: 40483 | G6: 40513 | H6: 40544 | I6: 40575 | J6: 40603 | K6: 40634 | L6: 40664 | M6: 40695 | N6: Total | O6: 2010-2011 Price | P6: Price per unit
A7: Clinical Pharmacology
A8: Sessions | B8: N/A | C8: N/A | D8: N/A | E8: N/A | F8: N/A | G8: N/A | H8: N/A | I8: N/A | J8: N/A | K8: N/A | L8: N/A | M8: N/A | N8: =SUM(B8:M8) -> 0
A9: Searches | B9: N/A | C9: N/A | D9: N/A | E9: N/A | F9: N/A | G9: N/A | H9: N/A | I9: N/A | J9: N/A | K9: N/A | L9: N/A | M9: N/A | N9: =SUM(B9:M9) -> 0 | O9: 0 | P9: N/A
B11: 40360 | C11: 40391 | D11: 6614787 | E11: 40452 | F11: 40483 | G11: 40513 | H11: 40544 | I11: 40575 | J11: 40603 | K11: 40634 | L11: 40664 | M11: 40695 | N11: Total | O11: 2010-2011 Price | P11: Price per unit
A12: Encyclopedia of Ocean Sciences
A13: Requests for full text chapters | B13: 0 | C13: 0 | D13: 0 | E13: 0 | F13: 0 | G13: 0 | H13: 0 | I13: 0 | J13: 0 | K13: 0 | L13: 0 | M13: 0 | N13: =SUM(B13:M13) -> 0 | O13: 0 | P13: =O13/N13 -> #DIV/0!
B16: 40360 | C16: 40391 | D16: 6614787 | E16: 40452 | F16: 40483 | G16: 40513 | H16: 40544 | I16: 40575 | J16: 40603 | K16: 40634 | L16: 40664 | M16: 40695 | N16: Total | O16: 2010-2011 Price | P16: Price per unit
A17: Encyclopedia of Ocean Sciences, second ed. | O17: One-time purchase.
A18: Requests for full text chapters | B18: 1 | C18: 0 | D18: 14 | E18: 2 | F18: 9 | G18: 5 | H18: 1 | I18: 5 | J18: 11 | K18: 19 | L18: 0 | M18: 1 | N18: =SUM(B18:M18) -> 68 | O18: 0 | P18: =O18/N18 -> 0

Sheet EMBASE
A1: EMBASE
A2: 2010-2011
A4: COUNTER-Compliant?: | B4: No
B6: 40360 | C6: 40391 | D6: 6614787 | E6: 40452 | F6: 40483 | G6: 40513 | H6: 40544 | I6: 40575 | J6: 40603 | K6: 40634 | L6: 40664 | M6: 40695 | N6: Total | O6: 2010-2011 Price | P6: Price per unit
A7: EMBASE.com
A8: Sessions | B8: 172 | C8: 65 | D8: 207 | E8: 220 | F8: 191 | G8: 79 | H8: 67 | I8: 405 | J8: 578 | K8: 331 | L8: 154 | M8: 160 | N8: =SUM(B8:M8) -> 2629
A9: Searches | B9: 517 | C9: 143 | D9: 640 | E9: 647 | F9: 598 | G9: 184 | H9: 326 | I9: 2139 | J9: 2191 | K9: 1047 | L9: 499 | M9: 550 | N9: =SUM(B9:M9) -> 9481 | O9: 11528 | P9: =O9/N9 -> 1.2159055

Sheet FirstSearch
A1: FirstSearch
A2: 2010-2011
A4: COUNTER-Compliant?: | B4: Yes
B6: 40360 | C6: 40391 | D6: 6614787 | E6: 40452 | F6: 40483 | G6: 40513 | H6: 40544 | I6: 40575 | J6: 40603 | K6: 40634 | L6: 40664 | M6: 40695 | N6: Total | O6: 2010-2011 Price | P6: Price per unit
A7: Alternative Press Index
A8: Searches | B8: 0 | C8: 0 | D8: 0 | E8: 0 | F8: 0 | G8: 0 | H8: N/A | I8: N/A | J8: N/A | K8: N/A | L8: N/A | M8: N/A | N8: =SUM(B8:M8) -> 0 | O8: 0 | P8: N/A
B11: 40360 | C11: 40391 | D11: 6614787 | E11: 40452 | F11: 40483 | G11: 40513 | H11: 40544 | I11: 40575 | J11: 40603 | K11: 40634 | L11: 40664 | M11: 40695 | N11: Total | O11: 2010-2011 Price | P11: Price per unit
A12: Alternative Press Index Archive
A13: Searches | B13: 0 | C13: 0 | D13: 0 | E13: 0 | F13: 0 | G13: 0 | H13: N/A | I13: N/A | J13: N/A | K13: N/A | L13: N/A | M13: N/A | N13: =SUM(B13:M13) -> 0 | O13: 0 | P13: N/A
B16: 40360 | C16: 40391 | D16: 6614787 | E16: 40452 | F16: 40483 | G16: 40513 | H16: 40544 | I16: 40575 | J16: 40603 | K16: 40634 | L16: 40664 | M16: 40695 | N16: Total | O16: 2010-2011 Price | P16: Price per unit
A17: ArticleFirst
A18: Logons | B18: 101 | C18: 26 | D18: 103 | E18: 158 | F18: 168 | G18: 104 | H18: 46 | I18: 91 | J18: 121 | K18: 88 | L18: 48 | M18: 43 | N18: =SUM(B18:M18) -> 1097
A19: Searches | B19: 521 | C19: 43 | D19: 616 | E19: 274 | F19: 694 | G19: 669 | H19: 374 | I19: 302 | J19: 230 | K19: 484 | L19: 297 | M19: 473 | N19: =SUM(B19:M19) -> 4977 | O19: 0 | P19: N/A
A20: User Limit | B20: 2 | C20: 2 | D20: 2 | E20: 2 | F20: 2 | G20: 2 | H20: 2 | I20: 2 | J20: 2 | K20: 2 | L20: 2 | M20: 2
A21: Turnaways | B21: 5 | C21: 0 | D21: 8 | E21: 6 | F21: 2 | G21: 4 | H21: 0 | I21: 2 | J21: 4 | K21: 0 | L21: 0 | M21: 0 | N21: =SUM(B21:M21) -> 31
B24: 40360 | C24: 40391 | D24: 6614787 | E24: 40452 | F24: 40483 | G24: 40513 | H24: 40544 | I24: 40575 | J24: 40603 | K24: 40634 | L24: 40664 | M24: 40695 | N24: Total | O24: 2010-2011 Price | P24: Price per unit
A25: Clase and Periodica
A26: Logons | B26: 6 | C26: 0 | D26: 4 | E26: 13 | F26: 11 | G26: 20 | H26: 5 | I26: 5 | J26: 7 | K26: 16 | L26: 6 | M26: 4 | N26: =SUM(B26:M26) -> 97
A27: Searches | B27: 3 | C27: 0 | D27: 3 | E27: 11 | F27: 14 | G27: 26 | H27: 1 | I27: 5 | J27: 10 | K27: 18 | L27: 6 | M27: 1 | N27: =SUM(B27:M27) -> 98 | O27: 0 | P27: N/A
A28: User Limit | B28: 2 | C28: 0 | D28: 2 | E28: 2 | F28: 2 | G28: 2 | H28: 2 | I28: 2 | J28: 2 | K28: 2 | L28: 2 | M28: 2
A29: Turnaways | B29: 0 | C29: 0 | D29: 0 | E29: 0 | F29: 0 | G29: 1 | H29: 0 | I29: 0 | J29: 0 | K29: 0 | L29: 0 | M29: 0 | N29: =SUM(B29:M29) -> 1
B32: 40360 | C32: 40391 | D32: 6614787 | E32: 40452 | F32: 40483 | G32: 40513 | H32: 40544 | I32: 40575 | J32: 40603 | K32: 40634 | L32: 40664 | M32: 40695 | N32: Total | O32: 2010-2011 Price | P32: Price per unit
A33: ERIC (free)
A34: Logons | B34: 113 | C34: 14 | D34: 34 | E34: 88 | F34: 96 | G34: 29 | H34: 13 | I34: 51 | J34: 73 | K34: 60 | L34: 19 | M34: 15 | N34: =SUM(B34:M34) -> 605
A35: Searches | B35: 196 | C35: 11 | D35: 48 | E35: 189 | F35: 222 | G35: 29 | H35: 18 | I35: 166 | J35: 149 | K35: 139 | L35: 40 | M35: 22 | N35: =SUM(B35:M35) -> 1229 | O35: 0 | P35: N/A
A36: User Limit | B36: 2 | C36: 2 | D36: 2 | E36: 2 | F36: 2 | G36: 2 | H36: 2 | I36: 2 | J36: 2 | K36: 2 | L36: 2 | M36: 2
A37: Turnaways | B37: 10 | C37: 2 | D37: 1 | E37: 5 | F37: 2 | G37: 0 | H37: 0 | I37: 1 | J37: 1 | K37: 4 | L37: 0 | M37: 0 | N37: =SUM(B37:M37) -> 26
B40: 40360 | C40: 40391 | D40: 6614787 | E40: 40452 | F40: 40483 | G40: 40513 | H40: 40544 | I40: 40575 | J40: 40603 | K40: 40634 | L40: 40664 | M40: 40695 | N40: Total | O40: 2010-2011 Price | P40: Price per unit
A41: GEOBASE
A42: Searches | B42: 20 | C42: 1 | D42: 1 | E42: 3 | F42: 0 | G42: 3 | H42: 4 | I42: 2 | J42: 1 | K42: 1 | L42: 3 | M42: 5 | N42: =SUM(B42:M42) -> 44 | O42: 0 | P42: N/A
B45: 40360 | C45: 40391 | D45: 6614787 | E45: 40452 | F45: 40483 | G45: 40513 | H45: 40544 | I45: 40575 | J45: 40603 | K45: 40634 | L45: 40664 | M45: 40695 | N45: Total | O45: 2010-2011 Price | P45: Price per unit
A46: GPO Monthly Catalog
A47: Logons | B47: 6 | C47: 3 | D47: 5 | E47: 5 | F47: 14 | G47: 4 | H47: 0 | I47: 7 | J47: 8 | K47: 3 | L47: 2 | M47: 0 | N47: =SUM(B47:M47) -> 57
A48: Searches | B48: 5 | C48: 2 | D48: 1 | E48: 7 | F48: 23 | G48: 9 | H48: 0 | I48: 5 | J48: 12 | K48: 2 | L48: 9 | M48: 0 | N48: =SUM(B48:M48) -> 75 | O48: 0 | P48: N/A
A49: User Limit | B49: 2 | C49: 2 | D49: 2 | E49: 2 | F49: 2 | G49: 2 | H49: 0 | I49: 2 | J49: 2 | K49: 2 | L49: 2 | M49: 0
A50: Turnaways | B50: 0 | C50: 0 | D50: 1 | E50: 0 | F50: 0 | G50: 0 | H50: 0 | I50: 0 | J50: 0 | K50: 0 | L50: 0 | M50: 0 | N50: =SUM(B50:M50) -> 1
B53: 40360 | C53: 40391 | D53: 6614787 | E53: 40452 | F53: 40483 | G53: 40513 | H53: 40544 | I53: 40575 | J53: 40603 | K53: 40634 | L53: 40664 | M53: 40695 | N53: Total | O53: 2010-2011 Price | P53: Price per unit
A54: MEDLINE (free)
A55: Logons | B55: 205 | C55: 72 | D55: 183 | E55: 381 | F55: 349 | G55: 160 | H55: 166 | I55: 362 | J55: 403 | K55: 461 | L55: 130 | M55: 166 | N55: =SUM(B55:M55) -> 3038
A56: Searches | B56: 457 | C56: 151 | D56: 500 | E56: 742 | F56: 576 | G56: 254 | H56: 533 | I56: 688 | J56: 782 | K56: 717 | L56: 248 | M56: 227 | N56: =SUM(B56:M56) -> 5875 | O56: 0 | P56: N/A
A57: User Limit | B57: 2 | C57: 2 | D57: 2 | E57: 2 | F57: 2 | G57: 2 | H57: 2 | I57: 2 | J57: 2 | K57: 2 | L57: 2 | M57: 2
A58: Turnaways | B58: 101 | C58: 2 | D58: 31 | E58: 35 | F58: 29 | G58: 7 | H58: 7 | I58: 31 | J58: 50 | K58: 56 | L58: 0 | M58: 43 | N58: =SUM(B58:M58) -> 392
B61: 40360 | C61: 40391 | D61: 6614787 | E61: 40452 | F61: 40483 | G61: 40513 | H61: 40544 | I61: 40575 | J61: 40603 | K61: 40634 | L61: 40664 | M61: 40695 | N61: Total | O61: 2010-2011 Price | P61: Price per unit
A62: OAIster
A63: Logons | B63: 0 | C63: 2 | D63: 15 | E63: 2 | F63: 3 | G63: 0 | H63: 0 | I63: 3 | J63: 1 | K63: 1 | L63: 0 | M63: 1 | N63: =SUM(B63:M63) -> 28
A64: Searches | B64: 0 | C64: 2 | D64: 38 | E64: 1 | F64: 1 | G64: 0 | H64: 0 | I64: 3 | J64: 1 | K64: 2 | L64: 0 | M64: 1 | N64: =SUM(B64:M64) -> 49 | O64: 0 | P64: N/A
A65: User Limit | B65: 0 | C65: 2 | D65: 2 | E65: 2 | F65: 2 | G65: 0 | H65: 0 | I65: 2 | J65: 2 | K65: 2 | L65: 0 | M65: 2
A66: Turnaways | B66: 0 | C66: 0 | D66: 0 | E66: 0 | F66: 0 | G66: 0 | H66: 0 | I66: 0 | J66: 0 | K66: 0 | L66: 0 | M66: 0 | N66: =SUM(B66:M66) -> 0
B69: 40360 | C69: 40391 | D69: 6614787 | E69: 40452 | F69: 40483 | G69: 40513 | H69: 40544 | I69: 40575 | J69: 40603 | K69: 40634 | L69: 40664 | M69: 40695 | N69: Total | O69: 2010-2011 Price | P69: Price per unit
A70: OCLC Electronic Books
A71: Logons | B71: 7 | C71: 3 | D71: 12 | E71: 16 | F71: 14 | G71: 7 | H71: 8 | I71: 16 | J71: 9 | K71: 3 | L71: 9 | M71: 10 | N71: =SUM(B71:M71) -> 114
A72: Searches | B72: 7 | C72: 1 | D72: 16 | E72: 22 | F72: 13 | G72: 5 | H72: 13 | I72: 13 | J72: 7 | K72: 3 | L72: 5 | M72: 9 | N72: =SUM(B72:M72) -> 114 | O72: 0 | P72: N/A
A73: User Limit | B73: 2 | C73: 2 | D73: 2 | E73: 2 | F73: 2 | G73: 2 | H73: 2 | I73: 2 | J73: 2 | K73: 2 | L73: 2 | M73: 2
A74: Turnaways | B74: 0 | C74: 0 | D74: 0 | E74: 0 | F74: 0 | G74: 0 | H74: 0 | I74: 0 | J74: 0 | K74: 0 | L74: 0 | M74: 0 | N74: =SUM(B74:M74) -> 0
B77: 40360 | C77: 40391 | D77: 6614787 | E77: 40452 | F77: 40483 | G77: 40513 | H77: 40544 | I77: 40575 | J77: 40603 | K77: 40634 | L77: 40664 | M77: 40695 | N77: Total | O77: 2010-2011 Price | P77: Price per unit
A78: OCLC Electronic Collections Online
A79: Logons | B79: 21 | C79: 6 | D79: 37 | E79: 63 | F79: 49 | G79: 22 | H79: 11 | I79: 33 | J79: 27 | K79: 34 | L79: 6 | M79: 14 | N79: =SUM(B79:M79) -> 323
A80: Searches | B80: 25 | C80: 6 | D80: 58 | E80: 107 | F80: 65 | G80: 56 | H80: 11 | I80: 48 | J80: 37 | K80: 55 | L80: 4 | M80: 13 | N80: =SUM(B80:M80) -> 485 | O80: 0 | P80: N/A
A81: User Limit | B81: 2 | C81: 2 | D81: 2 | E81: 2 | F81: 2 | G81: 2 | H81: 2 | I81: 2 | J81: 2 | K81: 2 | L81: 2 | M81: 2
A82: Turnaways | B82: 0 | C82: 0 | D82: 5 | E82: 0 | F82: 0 | G82: 0 | H82: 0 | I82: 0 | J82: 0 | K82: 0 | L82: 0 | M82: 0 | N82: =SUM(B82:M82) -> 5
B85: 40360 | C85: 40391 | D85: 6614787 | E85: 40452 | F85: 40483 | G85: 40513 | H85: 40544 | I85: 40575 | J85: 40603 | K85: 40634 | L85: 40664 | M85: 40695 | N85: Total | O85: 2010-2011 Price | P85: Price per unit
A86: PapersFirst
A87: Logons | B87: 7 | C87: 5 | D87: 9 | E87: 32 | F87: 12 | G87: 8 | H87: 0 | I87: 3 | J87: 6 | K87: 3 | L87: 2 | M87: 3 | N87: =SUM(B87:M87) -> 90
A88: Searches | B88: 4 | C88: 3 | D88: 18 | E88: 69 | F88: 15 | G88: 8 | H88: 0 | I88: 4 | J88: 6 | K88: 1 | L88: 4 | M88: 1 | N88: =SUM(B88:M88) -> 133 | O88: 0 | P88: N/A
A89: User Limit | B89: 2 | C89: 2 | D89: 2 | E89: 2 | F89: 2 | G89: 2 | H89: 0 | I89: 2 | J89: 2 | K89: 2 | L89: 2 | M89: 2
A90: Turnaways | B90: 0 | C90: 0 | D90: 2 | E90: 0 | F90: 0 | G90: 1 | H90: 0 | I90: 0 | J90: 0 | K90: 0 | L90: 0 | M90: 0 | N90: =SUM(B90:M90) -> 3
B93: 40360 | C93: 40391 | D93: 6614787 | E93: 40452 | F93: 40483 | G93: 40513 | H93: 40544 | I93: 40575 | J93: 40603 | K93: 40634 | L93: 40664 | M93: 40695 | N93: Total | O93: 2010-2011 Price | P93: Price per unit
A94: ProceedingsFirst
A95: Logons | B95: 4 | C95: 0 | D95: 3 | E95: 3 | F95: 7 | G95: 13 | H95: 1 | I95: 5 | J95: 2 | K95: 2 | L95: 2 | M95: 1 | N95: =SUM(B95:M95) -> 43
A96: Searches | B96: 1 | C96: 0 | D96: 3 | E96: 5 | F96: 8 | G96: 21 | H96: 1 | I96: 3 | J96: 7 | K96: 2 | L96: 1 | M96: 1 | N96: =SUM(B96:M96) -> 53 | O96: 0 | P96: N/A
A97: User Limit | B97: 2 | C97: 0 | D97: 2 | E97: 2 | F97: 2 | G97: 2 | H97: 2 | I97: 2 | J97: 2 | K97: 2 | L97: 2 | M97: 2
A98: Turnaways | B98: 0 | C98: 0 | D98: 0 | E98: 0 | F98: 0 | G98: 1 | H98: 0 | I98: 0 | J98: 0 | K98: 0 | L98: 0 | M98: 0 | N98: =SUM(B98:M98) -> 1
B101: 40360 | C101: 40391 | D101: 6614787 | E101: 40452 | F101: 40483 | G101: 40513 | H101: 40544 | I101: 40575 | J101: 40603 | K101: 40634 | L101: 40664 | M101: 40695 | N101: Total | O101: 2010-2011 Price | P101: Price per unit
A102: World Almanacs
A103: Logons | B103: 8 | C103: 0 | D103: 10 | E103: 15 | F103: 7 | G103: 13 | H103: 4 | I103: 15 | J103: 19 | K103: 12 | L103: 2 | M103: 7 | N103: =SUM(B103:M103) -> 112
A104: Searches | B104: 10 | C104: 0 | D104: 11 | E104: 38 | F104: 7 | G104: 17 | H104: 4 | I104: 7 | J104: 36 | K104: 14 | L104: 1 | M104: 13 | N104: =SUM(B104:M104) -> 158 | O104: 0 | P104: N/A
A105: User Limit | B105: 2 | C105: 0 | D105: 2 | E105: 2 | F105: 2 | G105: 2 | H105: 2 | I105: 2 | J105: 2 | K105: 2 | L105: 2 | M105: 2
A106: Turnaways | B106: 0 | C106: 0 | D106: 0 | E106: 0 | F106: 0 | G106: 0 | H106: 0 | I106: 0 | J106: 24 | K106: 0 | L106: 0 | M106: 0 | N106: =SUM(B106:M106) -> 24
B109: 40360 | C109: 40391 | D109: 6614787 | E109: 40452 | F109: 40483 | G109: 40513 | H109: 40544 | I109: 40575 | J109: 40603 | K109: 40634 | L109: 40664 | M109: 40695 | N109: Total | O109: 2010-2011 Price | P109: Price per unit
A110: WorldCat
A111: Logons | B111: 224 | C111: 157 | D111: 239 | E111: 289 | F111: 263 | G111: 181 | H111: 111 | I111: 319 | J111: 309 | K111: 200 | L111: 148 | M111: 109 | N111: =SUM(B111:M111) -> 2549
A112: Searches | B112: 546 | C112: 360 | D112: 624 | E112: 1996 | F112: 750 | G112: 1216 | H112: 318 | I112: 1670 | J112: 928 | K112: 644 | L112: 796 | M112: 980 | N112: =SUM(B112:M112) -> 10828 | O112: 0 | P112: =O112/N112 -> 0
A113: User Limit | B113: 2 | C113: 2 | D113: 2 | E113: 2 | F113: 2 | G113: 2 | H113: 2 | I113: 2 | J113: 2 | K113: 2 | L113: 2 | M113: 5
A114: Turnaways | B114: 20 | C114: 39 | D114: 30 | E114: 151 | F114: 34 | G114: 14 | H114: 13 | I114: 42 | J114: 26 | K114: 27 | L114: 5 | M114: 4 | N114: =SUM(B114:M114) -> 405
B117: 40360 | C117: 40391 | D117: 6614787 | E117: 40452 | F117: 40483 | G117: 40513 | H117: 40544 | I117: 40575 | J117: 40603 | K117: 40634 | L117: 40664 | M117: 40695 | N117: Total | O117: 2010-2011 Price | P117: Price per unit
A118: WorldCat Dissertations & Theses
A119: Logons | B119: 18 | C119: 3 | D119: 5 | E119: 18 | F119: 9 | G119: 10 | H119: 3 | I119: 5 | J119: 12 | K119: 6 | L119: 4 | M119: 10 | N119: =SUM(B119:M119) -> 103
A120: Searches | B120: 32 | C120: 26 | D120: 8 | E120: 29 | F120: 17 | G120: 11 | H120: 7 | I120: 2 | J120: 18 | K120: 14 | L120: 8 | M120: 17 | N120: =SUM(B120:M120) -> 189 | O120: 0 | P120: N/A
A121: User Limit | B121: 2 | C121: 2 | D121: 2 | E121: 2 | F121: 2 | G121: 2 | H121: 2 | I121: 2 | J121: 2 | K121: 2 | L121: 2 | M121: 2
A122: Turnaways | B122: 0 | C122: 0 | D122: 0 | E122: 3 | F122: 0 | G122: 1 | H122: 0 | I122: 0 | J122: 0 | K122: 0 | L122: 0 | M122: 0 | N122: =SUM(B122:M122) -> 4
B126: 40360 | C126: 40391 | D126: 6614787 | E126: 40452 | F126: 40483 | G126: 40513 | H126: 40544 | I126: 40575 | J126: 40603 | K126: 40634 | L126: 40664 | M126: 40695 | N126: Total | O126: 2010-2011 Price | P126: Price per unit
A127: TOTAL FirstSearch
A128: Logons | B128: 720 | C128: 291 | D128: 659 | E128: 1083 | F128: 1002 | G128: 571 | H128: 368 | I128: 915 | J128: 997 | K128: 889 | L128: 378 | M128: 383 | N128: =SUM(B128:M128) -> 8256
A129: Searches | B129: 1807 | C129: 605 | D129: 1944 | E129: 3490 | F129: 2405 | G129: 2321 | H129: 1280 | I129: 2916 | J129: 2223 | K129: 2095 | L129: 1419 | M129: 1758 | N129: =SUM(B129:M129) -> 24263 | O129: 0 | P129: =O129/N129 -> 0
A130: Max Ports in Use | B130: 2 | C130: 2 | D130: 2 | E130: 2 | F130: 2 | G130: 2 | H130: 2 | I130: 2 | J130: 2 | K130: 2 | L130: 2 | M130: 2
A131: Turnaways | B131: 136 | C131: 43 | D131: 78 | E131: 201 | F131: 67 | G131: 28 | H131: 20 | I131: 76 | J131: 105 | K131: 87 | L131: 5 | M131: 47 | N131: =SUM(B131:M131) -> 893
B134: 40360 | C134: 40391 | D134: 6614787 | E134: 40452 | F134: 40483 | G134: 40513 | H134: 40544 | I134: 40575 | J134: 40603 | K134: 40634 | L134: 40664 | M134: 40695 | N134: Total | O134: 2010-2011 Price | P134: Price per unit
A135: TOTAL FirstSearch Block Use
A136: Searches | B136: 20 | C136: 1 | D136: 1 | E136: 1 | F136: 0 | G136: 9 | H136: 4 | I136: 2 | J136: 1 | K136: 1 | L136: 3 | M136: 5 | N136: =SUM(B136:M136) -> 48 | O136: 0 | P136: N/A

Sheet Greenwood
A1: Greenwood Press
A2: 2010-2011
A4: COUNTER-compliant? | B4: Yes (R2)
B6: 40360 | C6: 40391 | D6: 6614787 | E6: 40452 | F6: 40483 | G6: 40513 | H6: 40544 | I6: 40575 | J6: 40603 | K6: 40634 | L6: 40664 | M6: 40695 | N6: Total | O6: 2010-2011 Price | P6: Price per unit
A7: ARBA Online
A8: Searches Run | B8: 0 | C8: 0 | D8: 0 | E8: 0 | F8: 0 | G8: 0 | H8: 0 | I8: 0 | J8: 0 | K8: 0 | L8: 0 | M8: 0 | N8: =SUM(B8:M8) -> 0 | O8: 0 | P8: =O8/N8 -> #DIV/0!
A9: Sessions Run | B9: 1 | C9: 0 | D9: 0 | E9: 1 | F9: 0 | G9: 2 | H9: 1 | I9: 0 | J9: 0 | K9: 4 | L9: 0 | M9: 0 | N9: =SUM(B9:M9) -> 9

Sheet InfoTrac
A1: InfoTRAC
A2: 2010-2011
A4: COUNTER-Compliant?: | B4: Yes
B6: 40360 | C6: 40391 | D6: 6614787 | E6: 40452 | F6: 40483 | G6: 40513 | H6: 40544 | I6: 40575 | J6: 40603 | K6: 40634 | L6: 40664 | M6: 40695 | N6: Total | O6: 2010-2011 Price | P6: Price per unit
A7: Literature Resource Center | O7: Access fee only.
A8: Searches Run | B8: 162 | C8: 85 | D8: 421 | E8: 527 | F8: 974 | G8: 1013 | H8: 242 | I8: 406 | J8: 772 | K8: 1082 | L8: 407 | M8: 154 | N8: =SUM(B8:M8) -> 6245 | O8: 2105 | P8: =O8/N8 -> 0.33706966
A9: Sessions | B9: 69 | C9: 28 | D9: 123 | E9: 182 | F9: 256 | G9: 251 | H9: 81 | I9: 145 | J9: 219 | K9: 246 | L9: 123 | M9: 42 | N9: =SUM(B9:M9) -> 1765
A10: Turnaways | B10: 0 | C10: 0 | D10: 0 | E10: 0 | F10: 0 | G10: 0 | H10: 0 | I10: 0 | J10: 0 | K10: 0 | L10: 0 | M10: 0 | N10: =SUM(B10:M10) -> 0
A11: Successful Full-Text Article Requests | B11: 65 | C11: 65 | D11: 92 | E11: 146 | F11: 282 | G11: 284 | H11: 115 | I11: 126 | J11: 310 | K11: 360 | L11: 289 | M11: 81 | N11: =SUM(B11:M11) -> 2215

Sheet ICPSR
A1: ICPSR
A2: 2010-2011
A4: COUNTER-Compliant?: | B4: No
B6: 40360 | C6: 40391 | D6: 6614787 | E6: 40452 | F6: 40483 | G6: 40513 | H6: 40544 | I6: 40575 | J6: 40603 | K6: 40634 | L6: 40664 | M6: 40695 | N6: Total | O6: 2010-2011 Price | P6: Price per unit
A7: ICPSR
A8: Unique files downloaded | B8: 29 | C8: 0 | D8: 5 | E8: 19 | F8: 57 | G8: 16 | H8: 0 | I8: 2 | J8: 0 | K8: 7 | L8: 3 | M8: 0 | N8: =SUM(B8:M8) -> 138 | O8: 15000 | P8: =O8/N8 -> 108.69565
A9: Total files downloaded | B9: 29 | C9: 0 | D9: 7 | E9: 28 | F9: 64 | G9: 32 | H9: 0 | I9: 4 | J9: 0 | K9: 7 | L9: 3 | M9: 0 | N9: =SUM(B9:M9) -> 174
A10: Members-only files downloaded | B10: 13 | C10: 0 | D10: 7 | E10: 15 | F10: 42 | G10: 32 | H10: 0 | I10: 0 | J10: 0 | K10: 7 | L10: 3 | M10: 0 | N10: =SUM(B10:M10) -> 119
A11: Unique datasets downloaded | B11: 5 | C11: 0 | D11: 3 | E11: 13 | F11: 13 | G11: 8 | H11: 0 | I11: 1 | J11: 0 | K11: 3 | L11: 1 | M11: 0 | N11: =SUM(B11:M11) -> 47
A12: Total datasets downloaded | B12: 5 | C12: 0 | D12: 3 | E12: 13 | F12: 13 | G12: 8 | H12: 0 | I12: 1 | J12: 0 | K12: 3 | L12: 1 | M12: 0 | N12: =SUM(B12:M12) -> 47
A13: Members-only datasets downloaded | B13: 1 | C13: 0 | D13: 3 | E13: 2 | F13: 9 | G13: 8 | H13: 0 | I13: 0 | J13: 0 | K13: 3 | L13: 1 | M13: 0 | N13: =SUM(B13:M13) -> 27
A14: Unique studies downloaded | B14: 3 | C14: 0 | D14: 2 | E14: 4 | F14: 5 | G14: 1 | H14: 0 | I14: 1 | J14: 0 | K14: 3 | L14: 1 | M14: 0 | N14: =SUM(B14:M14) -> 20
A15: Total studies downloaded | B15: 3 | C15: 0 | D15: 2 | E15: 4 | F15: 5 | G15: 1 | H15: 0 | I15: 1 | J15: 0 | K15: 3 | L15: 1 | M15: 0 | N15: =SUM(B15:M15) -> 20
A16: Members-only studies downloaded | B16: 1 | C16: 0 | D16: 2 | E16: 2 | F16: 3 | G16: 1 | H16: 0 | I16: 0 | J16: 0 | K16: 3 | L16: 1 | M16: 0 | N16: =SUM(B16:M16) -> 13
A17: Unique users | B17: 1 | C17: 0 | D17: 1 | E17: 3 | F17: 3 | G17: 1 | H17: 0 | I17: 1 | J17: 0 | K17: 2 | L17: 1 | M17: 0 | N17: =SUM(B17:M17) -> 13
A20: Median for other institutions in Classification Category
A21: Members-only files downloaded | B21: 0 | C21: 0 | D21: 0 | E21: 0 | F21: 0 | G21: 0 | H21: 0 | I21: 0 | J21: 0 | K21: 0 | L21: 0 | M21: 0 | N21: 3039
A22: Unique datasets downloaded | B22: 0 | C22: 0 | D22: 0 | E22: 0 | F22: 0 | G22: 0 | H22: 0 | I22: 0 | J22: 0 | K22: 0 | L22: 0 | M22: 0 | N22: 1157
A23: Total datasets downloaded | B23: 0 | C23: 0 | D23: 0 | E23: 0 | F23: 0 | G23: 0 | H23: 0 | I23: 0 | J23: 0 | K23: 0 | L23: 0 | M23: 0 | N23: 1553
A24: Members-only datasets downloaded | B24: 0 | C24: 0 | D24: 0 | E24: 0 | F24: 0 | G24: 0 | H24: 0 | I24: 0 | J24: 0 | K24: 0 | L24: 0 | M24: 0 | N24: 758
A25: Unique studies downloaded | B25: 0 | C25: 0 | D25: 0 | E25: 0 | F25: 0 | G25: 0 | H25: 0 | I25: 0 | J25: 0 | K25: 0 | L25: 0 | M25: 0 | N25: 197
A26: Total studies downloaded | B26: 0 | C26: 0 | D26: 0 | E26: 0 | F26: 0 | G26: 0 | H26: 0 | I26: 0 | J26: 0 | K26: 0 | L26: 0 | M26: 0 | N26: 322
A27: Members-only studies downloaded | B27: 0 | C27: 0 | D27: 0 | E27: 0 | F27: 0 | G27: 0 | H27: 0 | I27: 0 | J27: 0 | K27: 0 | L27: 0 | M27: 0 | N27: 148
A28: Unique users | B28: 0 | C28: 0 | D28: 0 | E28: 0 | F28: 0 | G28: 0 | H28: 0 | I28: 0 | J28: 0 | K28: 0 | L28: 0 | M28: 0 | N28: 66
A30: Note: Subscription started November 19, 2009. Price was pro-rated.

Sheet ITER
A1: ITER Databases
A2: 2010-2011
A4: COUNTER-Compliant?: | B4: ?
B6: 40360 | C6: 40391 | D6: 6614787 | E6: 40452 | F6: 40483 | G6: 40513 | H6: 40544 | I6: 40575 | J6: 40603 | K6: 40634 | L6: 40664 | M6: 40695 | N6: Total | O6: 2010-2011 Price | P6: Price per unit
A7: Baptisteria Sacra Index | O7: Free
A8: Sessions | B8: N/A | C8: N/A | D8: N/A | E8: N/A | F8: N/A | G8: N/A | H8: N/A | I8: N/A | J8: N/A | K8: N/A | L8: N/A | M8: N/A | N8: =SUM(B8:M8) -> 0
A9: Searches | B9: N/A | C9: N/A | D9: N/A | E9: N/A | F9: N/A | G9: N/A | H9: N/A | I9: N/A | J9: N/A | K9: N/A | L9: N/A | M9: N/A | N9: =SUM(B9:M9) -> 0 | O9: 0 | P9: =O9/N9 -> #DIV/0!
B12: 40360 | C12: 40391 | D12: 6614787 | E12: 40452 | F12: 40483 | G12: 40513 | H12: 40544 | I12: 40575 | J12: 40603 | K12: 40634 | L12: 40664 | M12: 40695 | N12: Total | O12: 2010-2011 Price | P12: Price per unit
A13: ITER Bibliography
A14: Sessions | B14: 0 | C14: 2 | D14: 42 | E14: 47 | F14: 64 | G14: 416 | H14: 5 | I14: 11 | J14: 25 | K14: 13 | L14: 12 | M14: 3 | N14: =SUM(B14:M14) -> 640
A15: Searches | B15: 0 | C15: 0 | D15: 126 | E15: 210 | F15: 296 | G15: 93 | H15: 13 | I15: 44 | J15: 89 | K15: 40 | L15: 27 | M15: 3 | N15: =SUM(B15:M15) -> 941 | O15: 545.4 | P15: =O15/N15 -> 0.57959617
B18: 40360 | C18: 40391 | D18: 6614787 | E18: 40452 | F18: 40483 | G18: 40513 | H18: 40544 | I18: 40575 | J18: 40603 | K18: 40634 | L18: 40664 | M18: 40695 | N18: Total | O18: 2010-2011 Price | P18: Price per unit
A19: Gateway to the Middle Ages
A20: Sessions | B20: N/A | C20: N/A | D20: N/A | E20: N/A | F20: N/A | G20: N/A | H20: N/A | I20: N/A | J20: N/A | K20: N/A | L20: N/A | M20: N/A | N20: =SUM(B20:M20) -> 0
A21: Searches | B21: N/A | C21: N/A | D21: N/A | E21: N/A | F21: N/A | G21: N/A | H21: N/A | I21: N/A | J21: N/A | K21: N/A | L21: N/A | M21: N/A | N21: =SUM(B21:M21) -> 0 | O21: 0 | P21: =O21/N21 -> #DIV/0!
B24: 40360 | C24: 40391 | D24: 6614787 | E24: 40452 | F24: 40483 | G24: 40513 | H24: 40544 | I24: 40575 | J24: 40603 | K24: 40634 | L24: 40664 | M24: 40695 | N24: Total | O24: 2010-2011 Price | P24: Price per unit
A25: Medici Archives Project | O25: Free
A26: Sessions | B26: N/A | C26: N/A | D26: N/A | E26: N/A | F26: N/A | G26: N/A | H26: N/A | I26: N/A | J26: N/A | K26: N/A | L26: N/A | M26: N/A | N26: =SUM(B26:M26) -> 0
A27: Searches | B27: N/A | C27: N/A | D27: N/A | E27: N/A | F27: N/A | G27: N/A | H27: N/A | I27: N/A | J27: N/A | K27: N/A | L27: N/A | M27: N/A | N27: =SUM(B27:M27) -> 0 | O27: 0 | P27: =O27/N27 -> #DIV/0!

Sheet JSTOR
A1: JSTOR
A2: 2010-2011
A4: COUNTER-compliant: Yes
B6: 40360 | C6: 40391 | D6: 6614787 | E6: 40452 | F6: 40483 | G6: 40513 | H6: 40544 | I6: 40575 | J6: 40603 | K6: 40634 | L6: 40664 | M6: 40695 | N6: Total | O6: 2010-2011 Price | P6: Price per unit
A7: JSTOR
A8: Sessions | B8: 2378 | C8: 902 | D8: 3248 | E8: 5673 | F8: 7947 | G8: 6019 | H8: 1500 | I8: 5271 | J8: 6532 | K8: 8607 | L8: 4514 | M8: 1715 | N8: =SUM(B8:M8) -> 54306
A9: Searches | B9: 3339 | C9: 882 | D9: 4491 | E9: 9690 | F9: 16186 | G9: 9976 | H9: 2158 | I9: 8144 | J9: 11260 | K9: 13432 | L9: 6950 | M9: 2162 | N9: =SUM(B9:M9) -> 88670 | O9: 0 | P9: =O9/N9 -> 0
A10: Turnaways | B10: N/A | C10: N/A | D10: N/A | E10: N/A | F10: N/A | G10: N/A | H10: N/A | I10: N/A | J10: N/A | K10: N/A | L10: N/A | M10: N/A | N10: =SUM(B10:M10) -> 0

Sheet KCDL
A1: KCDL Online
A2: 2010-2011
A4: COUNTER-Compliant? | B4: No
B6: 40360 | C6: 40391 | D6: 6614787 | E6: 40452 | F6: 40483 | G6: 40513 | H6: 40544 | I6: 40575 | J6: 40603 | K6: 40634 | L6: 40664 | M6: 40695 | N6: Total | O6: 2010-2011 Price | P6: Price per unit
A7: KCDL Online
A8: Searches | B8: 5 | C8: 0 | D8: 0 | E8: 25 | F8: 12 | G8: 5 | H8: 3 | I8: 6 | J8: 1 | K8: 18 | L8: 0 | M8: 3 | N8: =SUM(B8:M8) -> 78 | O8: 0 | P8: =O8/N8 -> 0
A9: Web Pages Delivered | B9: 12 | C9: 1 | D9: 4 | E9: 64 | F9: 32 | G9: 11 | H9: 7 | I9: 10 | J9: 13 | K9: 28 | L9: 1 | M9: 18 | N9: =SUM(B9:M9) -> 201

Sheet Lexi-Comp
A1: Lexi-Comp
A2: 2010-2011
A4: COUNTER-Compliant?: | B4: No
B6: 40360 | C6: 40391 | D6: 6614787 | E6: 40452 | F6: 40483 | G6: 40513 | H6: 40544 | I6: 40575 | J6: 40603 | K6: 40634 | L6: 40664 | M6: 40695 | N6: Total | O6: 2009-2010 Price | P6: Price per unit
A7: Lexi-Comp Online
A8: Logins | B8: 771 | C8: 561 | D8: 689 | E8: 859 | F8: 755 | G8: 510 | H8: 802 | I8: 1062 | J8: 1366 | K8: 877 | L8: 534 | M8: 1032 | N8: =SUM(B8:M8) -> 9818 | O8: 0 | P8: N/A
A9: Searches | B9: 1765 | C9: 1292 | D9: 1568 | E9: 2044 | F9: 1465 | G9: 1375 | H9: 1840 | I9: 2134 | J9: 2396 | K9: 1658 | L9: 127 | M9: 3073 | N9: =SUM(B9:M9) -> 20737 | O9: 0 | P9: N/A
A10: Documents Retrieved | B10: 2527 | C10: 1768 | D10: 2046 | E10: 2869 | F10: 2045 | G10: 1594 | H10: 2519 | I10: 2999 | J10: 3142 | K10: 2241 | L10: 1675 | M10: 4108 | N10: =SUM(B10:M10) -> 29533 | O10: 0 | P10: N/A

Sheet LexisNexis
A1: LexisNexis
A2: 2010-2011
A4: COUNTER-Compliant?: | B4: Yes
B6: 40360 | C6: 40391 | D6: 6614787 | E6: 40452 | F6: 40483 | G6: 40513 | H6: 40544 | I6: 40575 | J6: 40603 | K6: 40634 | L6: 40664 | M6: 40695 | N6: Total | O6: 2010-2011 Price | P6: Price per unit
A7: Academic
A8: Sessions | B8: 1379 | C8: 620 | D8: 1680 | E8: 2891 | F8: 2891 | G8: 1893 | H8: 810 | I8: 1834 | J8: 4160 | K8: 4868 | L8: 1222 | M8: 539 | N8: =SUM(B8:M8) -> 24787
A9: Searches | B9: 1116 | C9: 539 | D9: 1538 | E9: 2521 | F9: 2476 | G9: 1770 | H9: 778 | I9: 1426 | J9: 3634 | K9: 4394 | L9: 1058 | M9: 560 | N9: =SUM(B9:M9) -> 21810 | O9: 0 | P9: =O9/N9 -> 0
B12: 40360 | C12: 40391 | D12: 6614787 | E12: 40452 | F12: 40483 | G12: 40513 | H12: 40544 | I12: 40575 | J12: 40603 | K12: 40634 | L12: 40664 | M12: 40695 | N12: Total | O12: 2010-2011 Price | P12: Price per unit
A13: Congressional
A14: Sessions | B14: 6 | C14: 5 | D14: 13 | E14: 16 | F14: 35 | G14: 19 | H14: 4 | I14: 17 | J14: 48 | K14: 36 | L14: 21 | M14: 2 | N14: =SUM(B14:M14) -> 222
A15: Searches | B15: 13 | C15: 6 | D15: 18 | E15: 33 | F15: 57 | G15: 43 | H15: 7 | I15: 41 | J15: 165 | K15: 87 | L15: 74 | M15: 2 | N15: =SUM(B15:M15) -> 546 | O15: 0 | P15: =O15/N15 -> 0

Sheet MathSciNet
A1: MathSciNet
A2: 2010-2011
A4: COUNTER-Compliant?: | B4: No
B6: 40360 | C6: 40391 | D6: 6614787 | E6: 40452 | F6: 40483 | G6: 40513 | H6: 40544 | I6: 40575 | J6: 40603 | K6: 40634 | L6: 40664 | M6: 40695 | N6: Total | O6: 2010-2011 Price | P6: Price per unit
A7: MathSciNet
A8: Sessions | B8: 269 | C8: 202 | D8: 513 | E8: 509 | F8: 692 | G8: 697 | H8: 814 | I8: 482 | J8: 729 | K8: 484 | L8: 547 | M8: 446 | N8: =SUM(B8:M8) -> 6384
A9: Queries | B9: 533 | C9: 534 | D9: 901 | E9: 1024 | F9: 1325 | G9: 1304 | H9: 1496 | I9: 814 | J9: 1196 | K9: 1079 | L9: 984 | M9: 1004 | N9: =SUM(B9:M9) -> 12194 | O9: 7906.3 | P9: =O9/N9 -> 0.64837625

Sheet Mergent
A1: Mergent
A2: 2010-2011
A4: COUNTER-Compliant?: | B4: No
B6: 40360 | C6: 40391 | D6: 6614787 | E6: 40452 | F6: 40483 | G6: 40513 | H6: 40544 | I6: 40575 | J6: 40603 | K6: 40634 | L6: 40664 | M6: 40695 | N6: Total | O6: 2010-2011 Price | P6: Price per unit
A7: MergentOnline
A8: Logins | B8: 11 | C8: 17 | D8: 25 | E8: 27 | F8: 69 | G8: 58 | H8: 14 | I8: 31 | J8: 73 | K8: 84 | L8: 46 | M8: 17 | N8: =SUM(B8:M8) -> 472
A9: Searched | B9: 42 | C9: 38 | D9: 48 | E9: 47 | F9: 163 | G9: 90 | H9: 38 | I9: 128 | J9: 393 | K9: 249 | L9: 139 | M9: 87 | N9: =SUM(B9:M9) -> 1462 | O9: 0 | P9: =O9/N9 -> 0
A10: Companies Viewed | B10: 21 | C10: 7 | D10: 21 | E10: 28 | F10: 95 | G10: 69 | H10: 6 | I10: 34 | J10: 186 | K10: 1624 | L10: 124 | M10: 39 | N10: =SUM(B10:M10) -> 2254 | O10: 0 | P10: =O10/N10 -> 0
B13: 40360 | C13: 40391 | D13: 6614787 | E13: 40452 | F13: 40483 | G13: 40513 | H13: 40544 | I13: 40575 | J13: 40603 | K13: 40634 | L13: 40664 | M13: 40695 | N13: Total | O13: 2010-2011 Price | P13: Price per unit
A14: Mergent WebReports
A15: Logins | B15: N/A | C15: N/A | D15: N/A | E15: N/A | F15: N/A | G15: N/A | H15: N/A | I15: N/A | J15: N/A | K15: N/A | L15: N/A | M15: N/A | N15: =SUM(B15:M15) -> 0
A16: Searched | B16: N/A | C16: N/A | D16: N/A | E16: N/A | F16: N/A | G16: N/A | H16: N/A | I16: N/A | J16: N/A | K16: N/A | L16: N/A | M16: N/A | N16: =SUM(B16:M16) -> 0 | O16: 1000 | P16: N/A
A17: Companies Viewed | B17: N/A | C17: N/A | D17: N/A | E17: N/A | F17: N/A | G17: N/A | H17: N/A | I17: N/A | J17: N/A | K17: N/A | L17: N/A | M17: N/A | N17: =SUM(B17:M17) -> 0 | P17: N/A
A18: Time in database | B18: N/A | C18: N/A | D18: N/A | E18: N/A | F18: N/A | G18: N/A | H18: N/A | I18: N/A | J18: N/A | K18: N/A | L18: N/A | M18: N/A | N18: —
A21: Mergent WebReports purchased 4/2010.

Sheet netLibrary
A1: NetLibrary
A2: 2010-2011
A4: COUNTER-Compliant?: | B4: No
B6: 40360 | C6: 40391 | D6: 6614787 | E6: 40452 | F6: 40483 | G6: 40513 | H6: 40544 | I6: 40575 | J6: 40603 | K6: 40634 | L6: 40664 | M6: 40695 | N6: Total | O6: 2010-2011 Price | P6: Price per unit
A7: NetLibrary
A8: Total Accesses | B8: 31 | C8: 6 | D8: 36 | E8: 77 | F8: 67 | G8: 21 | H8: 21 | I8: 33 | J8: 26 | K8: 32 | L8: 24 | M8: 48 | N8: =SUM(B8:M8) -> 422 | O8: 0 | P8: N/A
A9: Turnaways | B9: 37 | C9: 0 | D9: 12 | E9: 3 | F9: 7 | G9: 0 | H9: 5 | I9: 1 | J9: 0 | K9: 17 | L9: 10 | M9: 22 | N9: =SUM(B9:M9) -> 114
A12: Note: We have 4,478 shared titles

Sheet Newsbank
A1: Newsbank (Readex)
A2: 2010-2011
A4: COUNTER-Compliant?: | B4: Yes (R2)
B6: 40360 | C6: 40391 | D6: 6614787 | E6: 40452 | F6: 40483 | G6: 40513 | H6: 40544 | I6: 40575 | J6: 40603 | K6: 40634 | L6: 40664 | M6: 40695 | N6: Total | O6: 2009-2010 Price | P6: Price per unit
A7: American State Papers, 1789-1838 | O7: Access fee only
A8: Searches run | B8: 3 | C8: 0 | D8: 2 | E8: 0 | F8: 1 | G8: 0 | H8: 0 | I8: 0 | J8: 0 | K8: 0 | L8: 6 | M8: 0 | N8: =SUM(B8:M8) -> 12
A9: Sessions | B9: N/A | C9: N/A | D9: N/A | E9: N/A | F9: N/A | G9: N/A | H9: N/A | I9: N/A | J9: N/A | K9: N/A | L9: N/A | M9: N/A | N9: N/A
B12: 40360 | C12: 40391 | D12: 6614787 | E12: 40452 | F12: 40483 | G12: 40513 | H12: 40544 | I12: 40575 | J12: 40603 | K12: 40634 | L12: 40664 | M12: 40695 | N12: Total | O12: 2009-2010 Price | P12: Price per unit
A13: Serial Set Maps | O13: Access fee only
A14: Searches run | B14: 0 | C14: 12 | D14: 0 | E14: 0 | F14: 0 | G14: 1 | H14: 0 | I14: 15 | J14: 0 | K14: 0 | L14: 2 | M14: 0 | N14: =SUM(B14:M14) -> 30
A15: Sessions | B15: N/A | C15: N/A | D15: N/A | E15: N/A | F15: N/A | G15: N/A | H15: N/A | I15: N/A | J15: N/A | K15: N/A | L15: N/A | M15: N/A | N15: N/A
B18: 40360 | C18: 40391 | D18: 6614787 | E18: 40452 | F18: 40483 | G18: 40513 | H18: 40544 | I18: 40575 | J18: 40603 | K18: 40634 | L18: 40664 | M18: 40695 | N18: Total | O18: 2010-2011 Price | P18: Price per unit
A19: U.S. Congressional Serial Set 1817-1994 | O19: Access fee only
A20: Searches run | B20: 1 | C20: 0 | D20: 32 | E20: 6 | F20: 0 | G20: 0 | H20: 0 | I20: 29 | J20: 11 | K20: 9 | L20: 3 | M20: 14 | N20: =SUM(B20:M20) -> 105
A21: Sessions | B21: N/A | C21: N/A | D21: N/A | E21: N/A | F21: N/A | G21: N/A | H21: N/A | I21: N/A | J21: N/A | K21: N/A | L21: N/A | M21: N/A | N21: N/A
B24: 40360 | C24: 40391 | D24: 6614787 | E24: 40452 | F24: 40483 | G24: 40513 | H24: 40544 | I24: 40575 | J24: 40603 | K24: 40634 | L24: 40664 | M24: 40695 | N24: Total | O24: 2010-2011 Price | P24: Price per unit
A25: Total for Service Newsbank | O25: Access fee only
A26: Searches run | B26: 4 | C26: 12 | D26: 34 | E26: 6 | F26: 1 | G26: 6 | H26: 0 | I26: 239 | J26: 253 | K26: 14 | L26: 11 | M26: 19 | N26: =SUM(B26:M26) -> 599
A27: Sessions | B27: 20 | C27: 13 | D27: 45 | E27: 9 | F27: 42 | G27: 22 | H27: 6 | I27: 127 | J27: 247 | K27: 33 | L27: 18 | M27: 21 | N27: =SUM(B27:M27) -> 603

Sheet OVID
A1: OvidSP
A2: 2010-2011
A4: COUNTER-Compliant?: | B4: Yes (R3)
B6: 40360 | C6: 40391 | D6: 6614787 | E6: 40452 | F6: 40483 | G6: 40513 | H6: 40544 | I6: 40575 | J6: 40603 | K6: 40634 | L6: 40664 | M6: 40695 | N6: Total | O6: 2010-2011 Price | P6: Price per unit
A7: Biological Abstracts
A8: Total Searches Run | B8: 0 | C8: 0 | D8: 1 | E8: 0 | F8: 0 | G8: 12 | H8: N/A | I8: N/A | J8: 4 | K8: 0 | L8: 0 | M8: 0 | N8: =SUM(B8:M8) -> 17 | O8: N/A | P8: N/A
A9: Total Sessions | B9: 0 | C9: 0 | D9: 1 | E9: 0 | F9: 1 | G9: 3 | H9: N/A | I9: N/A | J9: 2 | K9: 0 | L9: 0 | M9: 0 | N9: =SUM(B9:M9) -> 7
A10: Turnaways | B10: 0 | C10: 0 | D10: 0 | E10: 0 | F10: 0 | G10: 0 | H10: 0 | I10: 0 | J10: 0 | K10: 0 | L10: 0 | M10: 0 | N10: =SUM(B10:M10) -> 0
B13: 40360 | C13: 40391 | D13: 6614787 | E13: 40452 | F13: 40483 | G13: 40513 | H13: 40544 | I13: 40575 | J13: 40603 | K13: 40634 | L13: 40664 | M13: 40695 | N13: Total | O13: 2010-2011 Price | P13: Price per unit
A14: BIOSIS Previews
A15: Total Searches Run | B15: N/A | C15: N/A | D15: N/A | E15: N/A | F15: N/A | G15: N/A | H15: N/A | I15: N/A | J15: N/A | K15: N/A | L15: N/A | M15: N/A | N15: =SUM(B15:M15) -> 0 | O15: N/A | P15: N/A
A16: Total Sessions | B16: N/A | C16: N/A | D16: N/A | E16: N/A | F16: N/A | G16: N/A | H16: N/A | I16: N/A | J16: N/A | K16: N/A | L16: N/A | M16: N/A | N16: =SUM(B16:M16) -> 0
A17: Turnaways | B17: N/A | C17: N/A | D17: N/A | E17: N/A | F17: N/A | G17: N/A | H17: N/A | I17: N/A | J17: N/A | K17: N/A | L17: N/A | M17: N/A | N17: =SUM(B17:M17) -> 0
B20: 40360 | C20: 40391 | D20: 6614787 | E20: 40452 | F20: 40483 | G20: 40513 | H20: 40544 | I20: 40575 | J20: 40603 | K20: 40634 | L20: 40664 | M20: 40695 | N20: Total | O20: 2010-2011 Price | P20: Price per unit
A21: Ovid MEDLINE (free) | O21: Free
A22: Total Searches Run | B22: 0 | C22: 0 | D22: 0 | E22: 0 | F22: 1 | G22: 12 | H22: 0 | I22: 0 | J22: 4 | K22: 0 | L22: 0 | M22: 0 | N22: =SUM(B22:M22) -> 17 | O22: N/A | P22: N/A
A23: Total Sessions | B23: 0 | C23: 0 | D23: 1 | E23: 0 | F23: 2 | G23: 3 | H23: 0 | I23: 1 | J23: 3 | K23: 0 | L23: 0 | M23: 0 | N23: =SUM(B23:M23) -> 10
A24: Turnaways | B24: 0 | C24: 0 | D24: 0 | E24: 0 | F24: 0 | G24: 0 | H24: 0 | I24: 0 | J24: 0 | K24: 0 | L24: 0 | M24: 0 | N24: =SUM(B24:M24) -> 0
B27: 40360 | C27: 40391 | D27: 6614787 | E27: 40452 | F27: 40483 | G27: 40513 | H27: 40544 | I27: 40575 | J27: 40603 | K27: 40634 | L27: 40664 | M27: 40695 | N27: Total | O27: 2010-2011 Price | P27: Price per unit
A28: Journals@Ovid Full Text
A29: Total Searches Run | B29: 389 | C29: 131 | D29: 450 | E29: 633 | F29: 676 | G29: 348 | H29: 402 | I29: 485 | J29: 718 | K29: 813 | L29: 201 | M29: 217 | N29: =SUM(B29:M29) -> 5463
A30: Total Sessions | B30: 335 | C30: 120 | D30: 362 | E30: 545 | F30: 596 | G30: 277 | H30: 297 | I30: 439 | J30: 655 | K30: 735 | L30: 180 | M30: 225 | N30: =SUM(B30:M30) -> 4766
A31: Turnaways | B31: 0 | C31: 0 | D31: 0 | E31: 0 | F31: 0 | G31: 0 | H31: 0 | I31: 0 | J31: 0 | K31: 0 | L31: 0 | M31: 0 | N31: =SUM(B31:M31) -> 0
B35: 40360 | C35: 40391 | D35: 6614787 | E35: 40452 | F35: 40483 | G35: 40513 | H35: 40544 | I35: 40575 | J35: 40603 | K35: 40634 | L35: 40664 | M35: 40695 | N35: Total | O35: 2010-2011 Price | P35: Price per unit
A36: Your Journals@Ovid
A37: Total Searches Run | B37: 0 | C37: 0 | D37: 2 | E37: 28 | F37: 110 | G37: 46 | H37: 35 | I37: 22 | J37: 54 | K37: 79 | L37: 8 | M37: 39 | N37: =SUM(B37:M37) -> 423
A38: Total Sessions | B38: 0 | C38: 1 | D38: 3 | E38: 28 | F38: 105 | G38: 37 | H38: 28 | I38: 47 | J38: 59 | K38: 55 | L38: 7 | M38: 31 | N38: =SUM(B38:M38) -> 401
A39: Turnaways | B39: 0 | C39: 0 | D39: 0 | E39: 0 | F39: 0 | G39: 0 | H39: 0 | I39: 0 | J39: 0 | K39: 0 | L39: 0 | M39: 0 | N39: =SUM(B39:M39) -> 0
B42: 40360 | C42: 40391 | D42: 6614787 | E42: 40452 | F42: 40483 | G42: 40513 | H42: 40544 | I42: 40575 | J42: 40603 | K42: 40634 | L42: 40664 | M42: 40695 | N42: Total | O42: 2010-2011 Price | P42: Price per unit
A43: Total for Service Ovid
A44: Total Searches Run | B44: 389 | C44: 131 | D44: 453 | E44: 661 | F44: 787 | G44: 380 | H44: 437 | I44: 507 | J44: 768 | K44: 892 | L44: 209 | M44: 256 | N44: =SUM(B44:M44) -> 5870 | O44: N/A | P44: N/A
A45: Total Sessions | B45: 335 | C45: 121 | D45: 363 | E45: 557 | F45: 641 | G45: 296 | H45: 314 | I45: 487 | J45: 687 | K45: 761 | L45: 184 | M45: 234 | N45: =SUM(B45:M45) -> 4980
A46: Turnaways | B46: 0 | C46: 0 | D46: 0 | E46: 0 | F46: 0 | G46: 0 | H46: 0 | I46: 0 | J46: 0 | K46: 0 | L46: 0 | M46: 0 | N46: =SUM(B46:M46) -> 0

Sheet Oxford
A1: Oxford
A2: 2010-2011
A4: COUNTER-Compliant?: | B4: No
B6: 40360 | C6: 40391 | D6: 6614787 | E6: 40452 | F6: 40483 | G6: 40513 | H6: 40544 | I6: 40575 | J6: 40603 | K6: 40634 | L6: 40664 | M6: 40695 | N6: Total | O6: 2010-2011 Price | P6: Price per unit
A7: Grove Music Online
A8: Session (Logins) | B8: 13 | C8: 13 | D8: 18 | E8: 26 | F8: 28 | G8: 16 | H8: 12 | I8: 49 | J8: 188 | K8: 78 | L8: 15 | M8: 4 | N8: =SUM(B8:M8) -> 460
A9: Full-Content Units Requested | B9: 8 | C9: 6 | D9: 37 | E9: 59 | F9: 82 | G9: 18 | H9: 9 | I9: 93 | J9: 124 | K9: 72 | L9: 23 | M9: 5 | N9: =SUM(B9:M9) -> 536
A10: Queries (Searches) | B10: 4 | C10: 13 | D10: 31 | E10: 61 | F10: 72 | G10: 36 | H10: 20 | I10: 71 | J10: 77 | K10: 35 | L10: 23 | M10: 4 | N10: =SUM(B10:M10) -> 447 | O10: 0 | P10: =O10/N10 -> 0
A11: Turnaways | B11: 0 | C11: 0 | D11: 0 | E11: 1 | F11: 0 | G11: 0 | H11: 0 | I11: 0 | J11: 16 | K11: 0 | L11: 0 | M11: 0 | N11: =SUM(B11:M11) -> 17
B13: 40360 | C13: 40391 | D13: 6614787 | E13: 40452 | F13: 40483 | G13: 40513 | H13: 40544 | I13: 40575 | J13: 40603 | K13: 40634 | L13: 40664 | M13: 40695 | N13: Total | O13: 2010-2011 Price | P13: Price per unit
A14: Oxford Art Online
A15: Session (Logins) | B15: N/A | C15: N/A | D15: N/A | E15: N/A | F15: N/A | G15: N/A | H15: N/A | I15: N/A | J15: N/A | K15: N/A | L15: N/A | M15: N/A | N15: =SUM(B15:M15) -> 0
A16: Full-Content Units Requested | B16: N/A | C16: N/A | D16: N/A | E16: N/A | F16: N/A | G16: N/A | H16: N/A | I16: N/A | J16: N/A | K16: N/A | L16: N/A | M16: N/A | N16: =SUM(B16:M16) -> 0
A17: Queries (Searches) | B17: N/A | C17: N/A | D17: N/A | E17: N/A | F17: N/A | G17: N/A | H17: N/A | I17: N/A | J17: N/A | K17: N/A | L17: N/A | M17: N/A | N17: =SUM(B17:M17) -> 0 | O17: 0 | P17: =O17/N17 -> #DIV/0!
A18: Turnaways | B18: N/A | C18: N/A | D18: N/A | E18: N/A | F18: N/A | G18: N/A | H18: N/A | I18: N/A | J18: N/A | K18: N/A | L18: N/A | M18: N/A | N18: =SUM(B18:M18) -> 0
A20: Oxford English Dictionary
A21: Session (Logins) | B21: 68 | C21: 43 | D21: 254 | E21: 252 | F21: 195 | G21: 238 | H21: 133 | I21: 717 | J21: 405 | K21: 347 | L21: 215 | M21: 65 | N21: =SUM(B21:M21) -> 2932
A22: Full-Content Units Requested | B22: 149 | C22: 81 | D22: 916 | E22: 941 | F22: 745 | G22: 44 | H22: 181 | I22: 1115 | J22: 1146 | K22: 952 | L22: 583 | M22: 185 | N22: =SUM(B22:M22) -> 7038
A23: Queries (Searches) | B23: 162 | C23: 92 | D23: 824 | E23: 946 | F23: 785 | G23: 370 | H23: 165 | I23: 1103 | J23: 1050 | K23: 664 | L23: 584 | M23: 153 | N23: =SUM(B23:M23) -> 6898 | O23: 0 | P23: =O23/N23 -> 0
A24: Turnaways | B24: 0 | C24: 0 | D24: 0 | E24: 0 | F24: 0 | G24: 0 | H24: 0 | I24: 0 | J24: 0 | K24: 0 | L24: 0 | M24: 0 | N24: =SUM(B24:M24) -> 0

Sheet ProQuest
A1: ProQuest databases
A2: 2010-2011
A4: COUNTER-Compliant?: | B4: Yes
B6: 40360 | C6: 40391 | D6: 6614787 | E6: 40452 | F6: 40483 | G6: 40513 | H6: 40544 | I6: 40575 | J6: 40603 | K6: 40634 | L6: 40664 | M6: 40695 | N6: Total | O6: 2010-2011 Price | P6: Price per unit
A7: ABI/INFORM Dateline
A8: Searches | B8: 700 | C8: 329 | D8: 777 | E8: 1351 | F8: 1660 | G8: 879 | H8: 426 | I8: 1098 | J8: 1402 | K8: 1876 | L8: 970 | M8: 166 | N8: =SUM(B8:M8) -> 11634 | O8: 0 | P8: N/A
A9: Sessions | B9: 290 | C9: 97 | D9: 294 | E9: 488 | F9: 599 | G9: 304 | H9: 158 | I9: 370 | J9: 480 | K9: 527 | L9: 293 | M9: 104 | N9: =SUM(B9:M9) -> 4004
B12: 40360 | C12: 40391 | D12: 6614787 | E12: 40452 | F12: 40483 | G12: 40513 | H12: 40544 | I12: 40575 | J12: 40603 | K12: 40634 | L12: 40664 | M12: 40695 | N12: Total | O12: 2010-2011 Price | P12: Price per unit
A13: ABI/INFORM Global
A14: Searches | B14: 939 | C14: 505 | D14: 1078 | E14: 1943 | F14: 2644 | G14: 1343 | H14: 623 | I14: 1787 | J14: 2411 | K14: 2791 | L14: 1290 | M14: 197 | N14: =SUM(B14:M14) -> 17551 | O14: 0 | P14: =O14/N14 -> 0
A15: Sessions | B15: 352 | C15: 159 | D15: 350 | E15: 612 | F15: 836 | G15: 444 | H15: 224 | I15: 584 | J15: 717 | K15: 766 | L15: 391 | M15: 119 | N15: =SUM(B15:M15) -> 5554
B18: 40360 | C18: 40391 | D18: 6614787 | E18: 40452 | F18: 40483 | G18: 40513 | H18: 40544 | I18: 40575 | J18: 40603 | K18: 40634 | L18: 40664 | M18: 40695 | N18: Total | O18: 2010-2011 Price | P18: Price per unit
A19: ABI/INFORM Trade & Industry
A20: Searches | B20: 760 | C20: 342 | D20: 733 | E20: 1296 | F20: 1606 | G20: 936 | H20: 406 | I20: 1307 | J20: 1550 | K20: 1894 | L20: 1030 | M20: 169 | N20: =SUM(B20:M20) -> 12029 | O20: 0 | P20: N/A
A21: Sessions | B21: 305 | C21: 101 | D21: 272 | E21: 440 | F21: 562 | G21: 311 | H21: 153 | I21: 429 | J21: 500 | K21: 534 | L21: 300 | M21: 106 | N21: =SUM(B21:M21) -> 4013
B24: 40360 | C24: 40391 | D24: 6614787 | E24: 40452 | F24: 40483 | G24: 40513 | H24: 40544 | I24: 40575 | J24: 40603 | K24: 40634 | L24: 40664 | M24: 40695 | N24: Total | O24: 2010-2011 Price | P24: Price per unit
A25: Dissertations & Theses
A26: Searches | B26: 753 | C26: 404 | D26: 866 | E26: 1590 | F26: 1652 | G26: 786 | H26: 502 | I26: 1310 | J26: 1576 | K26: 1886 | L26: 1111 | M26: 197 | N26: =SUM(B26:M26) -> 12633 | O26: 0 | P26: N/A
B29: 40360 | C29: 40391 | D29: 6614787 | E29: 40452 | F29: 40483 | G29: 40513 | H29: 40544 | I29: 40575 | J29: 40603 | K29: 40634 | L29: 40664 | M29: 40695 | N29: Total | O29: 2010-2011 Price | P29: Price per unit
A30: Dissertations & Theses: A&I
A31: Searches | B31: 675 | C31: 389 | D31: 802 | E31: 1460 | F31: 1575 | G31: 740 | H31: 460 | I31: 1227 | J31: 1468 | K31: 1768 | L31: 1028 | M31: 180 | N31: =SUM(B31:M31) -> 11772 | O31: 0 | P31: =O31/N31 -> 0
A32: Sessions | B32: 283 | C32: 126 | D32: 295 | E32: 488 | F32: 573 | G32: 301 | H32: 180 | I32: 409 | J32: 532 | K32: 552 | L32: 346 | M32: 116 | N32: =SUM(B32:M32) -> 4201
B35: 40360 | C35: 40391 | D35: 6614787 | E35: 40452 | F35: 40483 | G35: 40513 | H35: 40544 | I35: 40575 | J35: 40603 | K35: 40634 | L35: 40664 | M35: 40695 | N35: Total | O35: 2010-2011 Price | P35: Price per unit
A36: Dissertations & Theses @ University of Rhode Island / Rhode Island College
A37: Searches | B37: 753 | C37: 404 | D37: 863 | E37: 1589 | F37: 1652 | G37: 786 | H37: 502 | I37: 1310 | J37: 1571 | K37: 1886 | L37: 1111 | M37: 197 | N37: =SUM(B37:M37) -> 12624 | O37: 0 | P37: N/A
A38: Sessions | B38: 317 | C38: 132 | D38: 318 | E38: 523 | F38: 604 | G38: 316 | H38: 198 | I38: 431 | J38: 578 | K38: 596 | L38: 374 | M38: 130 | N38: =SUM(B38:M38) -> 4517
B41: 40360 | C41: 40391 | D41: 6614787 | E41: 40452 | F41: 40483 | G41: 40513 | H41: 40544 | I41: 40575 | J41: 40603 | K41: 40634 | L41: 40664 | M41: 40695 | N41: Total | O41: 2010-2011 Price | P41: Price per unit
A42: Gender Watch
A43: Searches | B43: 446 | C43: 287 | D43: 683 | E43: 1154 | F43: 1470 | G43: 751 | H43: 356 | I43: 145 | J43: 1317 | K43: 1769 | L43: 911 | M43: 162 | N43: =SUM(B43:M43) -> 9451 | O43: 0 | P43: N/A
A44: Sessions | B44: 207 | C44: 91 | D44: 249 | E44: 415 | F44: 527 | G44: 280 | H44: 147 | I44: 364 | J44: 441 | K44: 508 | L44: 283 | M44: 103 | N44: =SUM(B44:M44) -> 3615
B47: 40360 | C47: 40391 | D47: 6614787 | E47: 40452 | F47: 40483 | G47: 40513 | H47: 40544 | I47: 40575 | J47: 40603 | K47: 40634 | L47: 40664 | M47: 40695 | N47: Total | O47: 2010-2011 Price | P47: Price per unit
A48: Los Angeles Times
A49: Searches | B49: N/A | C49: N/A | D49: N/A | E49: N/A | F49: N/A | G49: N/A | H49: N/A | I49: N/A | J49: N/A | K49: N/A | L49: N/A | M49: N/A | N49: =SUM(B49:M49) -> 0 | O49: 0 | P49: N/A
A50: Sessions | B50: N/A | C50: N/A | D50: N/A | E50: N/A | F50: N/A | G50: N/A | H50: N/A | I50: N/A | J50: N/A | K50: N/A | L50: N/A | M50: N/A | N50: =SUM(B50:M50) -> 0
B53: 40360 | C53: 40391 | D53: 6614787 | E53: 40452 | F53: 40483 | G53: 40513 | H53: 40544 | I53: 40575 | J53: 40603 | K53: 40634 | L53: 40664 | M53: 40695 | N53: Total | O53: 2010-2011 Price | P53: Price per unit
A54: ProQuest Historical Newspapers The New York Times (1851-2006)
A55: Searches | B55: N/A | C55: N/A | D55: N/A | E55: N/A | F55: N/A | G55: N/A | H55: N/A | I55: N/A | J55: N/A | K55: N/A | L55: N/A | M55: N/A | N55: =SUM(B55:M55) -> 0 | O55: 0 | P55: N/A
A56: Sessions | B56: N/A | C56: N/A | D56: N/A | E56: N/A | F56: N/A | G56: N/A | H56: N/A | I56: N/A | J56: N/A | K56: N/A | L56: N/A | M56: N/A | N56: =SUM(B56:M56) -> 0
B59: 40360 | C59: 40391 | D59: 6614787 | E59: 40452 | F59: 40483 | G59: 40513 | H59: 40544 | I59: 40575 | J59: 40603 | K59: 40634 | L59: 40664 | M59: 40695 | N59: Total | O59: 2010-2011 Price | P59: Price per unit
A60: ProQuest National Newspapers Core
A61: Searches | B61: 799 | C61: 319 | D61: 841 | E61: 1635 | F61: 1728 | G61: 962 | H61: 522 | I61: 1361 | J61: 1546 | K61: 1863 | L61: 1004 | M61: 178 | N61: =SUM(B61:M61) -> 12758 | O61: 0 | P61: =O61/N61 -> 0
A62: Sessions | B62: 337 | C62: 95 | D62: 311 | E62: 566 | F62: 636 | G62: 345 | H62: 191 | I62: 444 | J62: 534 | K62: 543 | L62: 311 | M62: 107 | N62: =SUM(B62:M62) -> 4420
B65: 40360 | C65: 40391 | D65: 6614787 | E65: 40452 | F65: 40483 | G65: 40513 | H65: 40544 | I65: 40575 | J65: 40603 | K65: 40634 | L65: 40664 | M65: 40695 | N65: Total | O65: 2010-2011 Price | P65: Price per unit
A66: ProQuest Newspapers
A67: Searches | B67: 1162 | C67: 391 | D67: 993 | E67: 1885 | F67: 2041 | G67: 1247 | H67: 723 | I67: 1497 | J67: 1689 | K67: 1982 | L67: 1093 | M67: 195 | N67: =SUM(B67:M67) -> 14898 | O67: 0 | P67: N/A
B70: 40360 | C70: 40391 | D70: 6614787 | E70: 40452 | F70: 40483 | G70: 40513 | H70: 40544 | I70: 40575 | J70: 40603 | K70: 40634 | L70: 40664 | M70: 40695 | N70: Total | O70: 2010-2011 Price | P70: Price per unit
A71: Providence Journal-Bulletin
A72: Searches | B72: 853 | C72: 365 | D72: 850 | E72: 1423 | F72: 1719 | G72: 1074 | H72: 681 | I72: 1181 | J72: 1415 | K72: 1855 | L72: 1017 | M72: 180 | N72: =SUM(B72:M72) -> 12613 | O72: 0 | P72: =O72/N72 -> 0
A73: Sessions | B73: 304 | C73: 109 | D73: 284 | E73: 480 | F73: 600 | G73: 329 | H73: 211 | I73: 401 | J73: 471 | K73: 550 | L73: 309 | M73: 112 | N73: =SUM(B73:M73) -> 4160
B75: 40360 | C75: 40391 | D75: 6614787 | E75: 40452 | F75: 40483 | G75: 40513 | H75: 40544 | I75: 40575 | J75: 40603 | K75: 40634 | L75: 40664 | M75: 40695 | N75: Total | O75: 2010-2011 Price | P75: Price per unit
A76: Safari Books Online
A77: Searches | B77: N/A | C77: N/A | D77: N/A | E77: N/A | F77: N/A | G77: N/A | H77: N/A | I77: N/A | J77: N/A | K77: N/A | L77: N/A | M77: N/A | N77: =SUM(B77:M77) -> 0 | O77: 0 | P77: N/A
A78: Sessions | B78: N/A | C78: N/A | D78: N/A | E78: N/A | F78: N/A | G78: N/A | H78: N/A | I78: N/A | J78: N/A | K78: N/A | L78: N/A | M78: N/A | N78: =SUM(B78:M78) -> 0
B80: 40360 | C80: 40391 | D80: 6614787 | E80: 40452 | F80: 40483 | G80: 40513 | H80: 40544 | I80: 40575 | J80: 40603 | K80: 40634 | L80: 40664 | M80: 40695 | N80: Total | O80: 2010-2011 Price | P80: Price per unit
A81: Wall Street Journal
A82: Searches | B82: 572 | C82: 305 | D82: 698 | E82: 1175 | F82: 1433 | G82: 823 | H82: 481 | I82: 1080 | J82: 1295 | K82: 1750 | L82: 964 | M82: 163 | N82: =SUM(B82:M82) -> 10739 | O82: 0 | P82: N/A
A83: Sessions | B83: 254 | C83: 93 | D83: 250 | E83: 406 | F83: 516 | G83: 270 | H83: 179 | I83: 373 | J83: 447 | K83: 514 | L83: 296 | M83: 104 | N83: =SUM(B83:M83) -> 3702

Sheet ReferenceUSA
A1: ReferenceUSA
A2: 2010-2011
A4: COUNTER-Compliant?: | B4: No
B6: 40360 | C6: 40391 | D6: 6614787 | E6: 40452 | F6: 40483 | G6: 40513 | H6: 40544 | I6: 40575 | J6: 40603 | K6: 40634 | L6: 40664 | M6: 40695 | N6: Total
A7: U.S. Business
A8: Logins | B8: 55 | C8: N/A | D8: N/A | E8: N/A | F8: 17 | G8: 19 | H8: 8 | I8: 47 | J8: 19 | K8: 11 | L8: 8 | M8: 15 | N8: =SUM(B8:M8) -> 199
A9: # of Searches | B9: 217 | C9: N/A | D9: N/A | E9: N/A | F9: 3 | G9: 1 | H9: 1 | I9: 100 | J9: 12 | K9: 24 | L9: 4 | M9: 44 | N9: =SUM(B9:M9) -> 406
A10: # of Result Pages | B10: 284 | C10: N/A | D10: N/A | E10: N/A | F10: 3 | G10: 1 | H10: 0 | I10: 165 | J10: 27 | K10: 12 | L10: 4 | M10: 51 | N10: =SUM(B10:M10) -> 547
A11: Total Records on Results | B11: 11365 | C11: N/A | D11: N/A | E11: N/A | F11: 51 | G11: 1 | H11: 0 | I11: 10586 | J11: 591 | K11: 260 | L11: 8 | M11: 577 | N11: =SUM(B11:M11) -> 23439
A12: # of Detail Views | B12: 31 | C12: N/A | D12: N/A | E12: N/A | F12: 1 | G12: 0 | H12: 0 | I12: 35 | J12: 5 | K12: 3 | L12: 6 | M12: 39 | N12: =SUM(B12:M12) -> 120
A13: Total Detail Records Viewed | B13: 31 | C13: N/A | D13: N/A | E13: N/A | F13: 1 | G13: 0 | H13: 0 | I13: 35 | J13: 5 | K13: 3 | L13: 6 | M13: 39 | N13: =SUM(B13:M13) -> 120
A14: # of Prints | B14: 5 | C14: N/A | D14: N/A | E14: N/A | F14: 0 | G14: 0 | H14: 0 | I14: 0 | J14: 0 | K14: 0 | L14: 0 | M14: 0 | N14: =SUM(B14:M14) -> 5
A15: Total Records Printed | B15: 5 | C15: N/A | D15: N/A | E15: N/A | F15: 0 | G15: 0 | H15: 0 | I15: 0 | J15: 0 | K15: 0 | L15: 0 | M15: 0 | N15: =SUM(B15:M15) -> 5
A16: # of Downloads | B16: 55 | C16: N/A | D16: N/A | E16: N/A | F16: 0 | G16: 0 | H16: 0 | I16: 0 | J16: 0 | K16: 0 | L16: 0 | M16: 0 | N16: =SUM(B16:M16) -> 55
A17: Total Records Downloaded | B17: 1802 | C17: N/A | D17: N/A | E17: N/A | F17: 0 | G17: 0 | H17: 0 | I17: 0 | J17: 0 | K17: 0 | L17: 0 | M17: 0 | N17: =SUM(B17:M17) -> 1802
A18: # of Emails | B18: 0 | C18: N/A | D18: N/A | E18: N/A | F18: 0 | G18: 0 | H18: 0 | I18: 0 | J18: 0 | K18: 0 | L18: 0 | M18: 0 | N18: =SUM(B18:M18) -> 0
A19: Total Records Emailed | B19: 0 | C19: N/A | D19: N/A | E19: N/A | F19: 0 | G19: 0 | H19: 0 | I19: 0 | J19: 0 | K19: 0 | L19: 0 | M19: 0 | N19: =SUM(B19:M19) -> 0
... A21: Total Records Purchased | B21: 0 | C21: N/A | D21: N/A | E21: N/A | F21: 0 | G21: 0 | H21: 0 | I21: 0 | J21: 0 | K21: 0 | L21: 0 | M21: 0 | N21: =SUM(B21:M21) -> 0
B24: 40360 | C24: 40391 | D24: 40422 | E24: 40452 | F24: 40483 | G24: 40513 | H24: 40544 | I24: 40575 | J24: 40603 | K24: 40634 | L24: 40664 | M24: 40724 | N24: Total
A25: U.S. Standard White Pages
A26: Logins | B26: 55 | C26: N/A | D26: N/A | E26: N/A | F26: 17 | G26: 19 | H26: 8 | I26: 47 | J26: 19 | K26: 11 | L26: 8 | M26: 15 | N26: =SUM(B26:M26) -> 199
A27: # of Searches | B27: 37 | C27: N/A | D27: N/A | E27: N/A | F27: 10 | G27: 48 | H27: 12 | I27: 38 | J27: 7 | K27: 10 | L27: 13 | M27: 12 | N27: =SUM(B27:M27) -> 187
A28: # of Result Pages | B28: 44 | C28: N/A | D28: N/A | E28: N/A | F28: 17 | G28: 38 | H28: 4 | I28: 11 | J28: 5 | K28: 15 | L28: 61 | M28: 12 | N28: =SUM(B28:M28) -> 207
A29: Total Records on Results | B29: 787 | C29: N/A | D29: N/A | E29: N/A | F29: 331 | G29: 496 | H29: 6 | I29: 233 | J29: 10 | K29: 293 | L29: 1413 | M29: 195 | N29: =SUM(B29:M29) -> 3764
A30: # of Detail Views | B30: 8 | C30: N/A | D30: N/A | E30: N/A | F30: 7 | G30: 2 | H30: 0 | I30: 1 | J30: 1 | K30: 0 | L30: 6 | M30: 0 | N30: =SUM(B30:M30) -> 25
A31: Total Detail Records Viewed | B31: 8 | C31: N/A | D31: N/A | E31: N/A | F31: 7 | G31: 2 | H31: 0 | I31: 1 | J31: 1 | K31: 0 | L31: 6 | M31: 0 | N31: =SUM(B31:M31) -> 25
A32: # of Prints | B32: 0 | C32: N/A | D32: N/A | E32: N/A | F32: 0 | G32: 0 | H32: 0 | I32: 0 | J32: 0 | K32: 0 | L32: 0 | M32: 0 | N32: =SUM(B32:M32) -> 0
A33: Total Records Printed | B33: 0 | C33: N/A | D33: N/A | E33: N/A | F33: 0 | G33: 0 | H33: 0 | I33: 0 | J33: 0 | K33: 0 | L33: 0 | M33: 0 | N33: =SUM(B33:M33) -> 0
A34: # of Downloads | B34: 0 | C34: N/A | D34: N/A | E34: N/A | F34: 0 | G34: 0 | H34: 0 | I34: 0 | J34: 0 | K34: 0 | L34: 0 | M34: 0 | N34: =SUM(B34:M34) -> 0
A35: Total Records Downloaded | B35: 0 | C35: N/A | D35: N/A | E35: N/A | F35: 0 | G35: 0 | H35: 0 | I35: 0 | J35: 0 | K35: 0 | L35: 0 | M35: 0 | N35: =SUM(B35:M35) -> 0
A36: # of Emails | B36: 0 | C36: N/A | D36: N/A | E36: N/A | F36: 0 | G36: 0 | H36: 0 | I36: 0 | J36: 0 | K36: 0 | L36: 0 | M36: 0 | N36: =SUM(B36:M36) -> 0
A37: Total Records Emailed | B37: 0 | C37: N/A | D37: N/A | E37: N/A | F37: 0 | G37: 0 | H37: 0 | I37: 0 | J37: 0 | K37: 0 | L37: 0 | M37: 0 | N37: =SUM(B37:M37) -> 0
... A39: Total Records Purchased | B39: 0 | C39: N/A | D39: N/A | E39: N/A | F39: 0 | G39: 0 | H39: 0 | I39: 0 | J39: 0 | K39: 0 | L39: 0 | M39: 0 | N39: =SUM(B39:M39) -> 0
B42: 40360 | C42: 40391 | D42: 40422 | E42: 40452 | F42: 40483 | G42: 40513 | H42: 40544 | I42: 40575 | J42: 40603 | K42: 40634 | L42: 40664 | M42: 40695 | N42: Total | O42: 2009-2010 Price | P42: Price per unit
A43: Summary
A44: Logins | B44: =B26 -> 55 | C44: =C26 -> N/A | D44: =D26 -> N/A | E44: =E26 -> N/A | F44: =F26 -> 17 | G44: =G26 -> 19 | H44: =H26 -> 8 | I44: =I26 -> 47 | ... M44: =M26 -> 15 | N44: =SUM(B44:M44) -> 199
A45: # of Searches | B45: =B9+B27 -> 254 | C45: =C27 -> N/A | D45: =D27 -> N/A | E45: =E27 -> N/A | F45: =F9+F27 -> 13 | G45: =G9+G27 -> 49 | H45: =H9+H27 -> 13 | I45: =I9+I27 -> 138 | J45: =J9+J27 -> 19 | K45: =K9+K27 -> 34 | L45: =L9+L27 -> 17 | M45: =M9+M27 -> 56 | N45: =SUM(B45:M45) -> 593 | P45: =O45/N45 -> 0
A46: # of Result Pages | B46: =B10+B28 -> 328 | C46: =C28 -> N/A | D46: =D28 -> N/A | E46: =E28 -> N/A | F46: =F10+F28 -> 20 | G46: =G10+G28 -> 39 | H46: =H10+H28 -> 4 | I46: =I10+I28 -> 176 | J46: =J10+J28 -> 32 | K46: =K10+K28 -> 27 | L46: =L10+L28 -> 65 | M46: =M10+M28 -> 63 | N46: =SUM(B46:M46) -> 754
A47: Total Records on Results | B47: =B11+B29 -> 12152 | C47: =C29 -> N/A | D47: =D29 -> N/A | E47: =E29 -> N/A | F47: =F11+F29 -> 382 | G47: =G11+G29 -> 497 | H47: =H11+H29 -> 6 | I47: =I11+I29 -> 10819 | J47: =J11+J29 -> 601 | K47: =K11+K29 -> 553 | L47: =L11+L29 -> 1421 | M47: =M11+M29 -> 772 | N47: =SUM(B47:M47) -> 27203
A48: # of Detail Views | B48: =B12+B30 -> 39 | C48: =C30 -> N/A | D48: =D30 -> N/A | E48: =E30 -> N/A | F48: =F12+F30 -> 8 | G48: =G12+G30 -> 2 | H48: =H12+H30 -> 0 | I48: =I12+I30 -> 36 | J48: =J12+J30 -> 6 | K48: =K12+K30 -> 3 | L48: =L12+L30 -> 12 | M48: =M12+M30 -> 39 | N48: =SUM(B48:M48) -> 145
A49: Total Detail Records Viewed | B49: =B13+B31 -> 39 | C49: =C31 -> N/A | D49: =D31 -> N/A | E49: =E31 -> N/A | F49: =F13+F31 -> 8 | G49: =G13+G31 -> 2 | H49: =H13+H31 -> 0 | I49: =I13+I31 -> 36 | J49: =J13+J31 -> 6 | K49: =K13+K31 -> 3 | L49: =L13+L31 -> 12 | M49: =M13+M31 -> 39 | N49: =SUM(B49:M49) -> 145
A50: Residential Searches | B50: =B14+B32 -> 5 | C50: =C32 -> N/A | D50: =D32 -> N/A | E50: =E32 -> N/A | F50: =F14+F32 -> 0 | G50: =G14+G32 -> 0 | H50: =H14+H32 -> 0 | I50: =I14+I32 -> 0 | J50: =J14+J32 -> 0 | K50: =K14+K32 -> 0 | L50: =L14+L32 -> 0 | M50: =M14+M32 -> 0 | N50: =SUM(B50:M50) -> 5
A51: Total Records Printed | B51: =B15+B33 -> 5 | C51: =C33 -> N/A | D51: =D33 -> N/A | E51: =E33 -> N/A | F51: =F15+F33 -> 0 | G51: =G15+G33 -> 0 | H51: =H15+H33 -> 0 | I51: =I15+I33 -> 0 | J51: =J15+J33 -> 0 | K51: =K15+K33 -> 0 | L51: =L15+L33 -> 0 | M51: =M15+M33 -> 0 | N51: =SUM(B51:M51) -> 5
A52: # of Downloads | B52: =B16+B34 -> 55 | C52: =C34 -> N/A | D52: =D34 -> N/A | E52: =E34 -> N/A | F52: =F16+F34 -> 0 | G52: =G16+G34 -> 0 | H52: =H16+H34 -> 0 | I52: =I16+I34 -> 0 | J52: =J16+J34 -> 0 | K52: =K16+K34 -> 0 | L52: =L16+L34 -> 0 | M52: =M16+M34 -> 0 | N52: =SUM(B52:M52) -> 55
A53: Total Records Downloaded | B53: =B17+B35 -> 1802 | C53: =C35 -> N/A | D53: =D35 -> N/A | E53: =E35 -> N/A | F53: =F17+F35 -> 0 | G53: =G17+G35 -> 0 | H53: =H17+H35 -> 0 | I53: =I17+I35 -> 0 | J53: =J17+J35 -> 0 | K53: =K17+K35 -> 0 | L53: =L17+L35 -> 0 | M53: =M17+M35 -> 0 | N53: =SUM(B53:M53) -> 1802
A54: # of Emails | B54: =B18+B36 -> 0 | C54: =C36 -> N/A | D54: =D36 -> N/A | E54: =E36 -> N/A | F54: =F18+F36 -> 0 | G54: =G18+G36 -> 0 | H54: =H18+H36 -> 0 | I54: =I18+I36 -> 0 | J54: =J18+J36 -> 0 | K54: =K18+K36 -> 0 | L54: =L18+L36 -> 0 | M54: =M18+M36 -> 0 | N54: =SUM(B54:M54) -> 0
A55: Total Records Emailed | B55: =B19+B37 -> 0 | C55: =C37 -> N/A | D55: =D37 -> N/A | E55: =E37 -> N/A | F55: =F19+F37 -> 0 | G55: =G19+G37 -> 0 | H55: =H19+H37 -> 0 | I55: =I19+I37 -> 0 | J55: =J19+J37 -> 0 | K55: =K19+K37 -> 0 | L55: =L19+L37 -> 0 | M55: =M19+M37 -> 0 | N55: =SUM(B55:M55) -> 0
A56: # of Purchases | B56: =B20+B38 -> 0 | C56: =C38 -> N/A | D56: =D38 -> N/A | E56: =E38 -> N/A | F56: =F20+F38 -> 0 | G56: =G20+G38 -> 0 | H56: =H20+H38 -> 0 | I56: =I20+I38 -> 0 | J56: =J20+J38 -> 0 | K56: =K20+K38 -> 0 | L56: =L20+L38 -> 0 | M56: =M20+M38 -> 0 | N56: =SUM(B56:M56) -> 0
A57: Total Records Purchased | B57: =B21+B39 -> 0 | C57: =C39 -> N/A | D57: =D39 -> N/A | E57: =E39 -> N/A | F57: =F21+F39 -> 0 | G57: =G21+G39 -> 0 | H57: =H21+H39 -> 0 | I57: =I21+I39 -> 0 | J57: =J21+J39 -> 0 | K57: =K21+K39 -> 0 | L57: =L21+L39 -> 0 | M57: =M21+M39 -> 0 | N57: =SUM(B57:M57) -> 0

Sheet RefWorks
A1: RefWorks
A2: 2010-2011
A4: COUNTER-Compliant?: | B4: No
B6: 40360 | C6: 40391 | D6: 6614787 | E6: 40452 | F6: 40483 | G6: 40513 | H6: 40544 | I6: 40575 | J6: 40603 | K6: 40634 | L6: 40664 | M6: 40695 | N6: Total | O6: 2010-2011 Price | P6: Price per unit
A7: New Users | B7: 17 | C7: 7 | D7: 71 | E7: 112 | F7: 18 | G7: 8 | H7: 8 | I7: 139 | J7: 63 | K7: 28 | L7: 12 | M7: 8 | N7: =SUM(B7:M7) -> 491 | O7: 0 | P7: =O7/N7 -> 0
A8: Repeat Users | B8: 31 | C8: 20 | D8: 39 | E8: 96 | F8: 120 | G8: 86 | H8: 35 | I8: 66 | J8: 131 | K8: 135 | L8: 76 | M8: 37 | N8: =SUM(B8:M8) -> 872 | O8: 0 | P8: =O8/N8 -> 0
A9: Total Monthly Users | B9: 48 | C9: 27 | D9: 110 | E9: 208 | F9: 138 | G9: 94 | H9: 43 | I9: 205 | J9: 194 | K9: 163 | L9: 88 | M9: 45 | N9: =SUM(B9:M9) -> 1363 | O9: 0 | P9: =O9/N9 -> 0
A10: Total Sessions per month | B10: 243 | C10: 109 | D10: 337 | E10: 698 | F10: 570 | G10: 378 | H10: 160 | I10: 793 | J10: 1161 | K10: 763 | L10: 335 | M10: 227 | N10: =SUM(B10:M10) -> 5774 | O10: 0 | P10: =O10/N10 -> 0
A11: Average Sessions Per User | B11: 5.06 | C11: 4.04 | D11: 3.06 | E11: 3.36 | F11: 4.13 | G11: 4.02 | H11: 3.72 | I11: 3.87 | J11: 5.98 | K11: 4.68 | L11: 3.81 | M11: 5.04 | N11: =SUM(B11:M11) -> 50.77 | O11: 0 | P11: =O11/N11 -> 0
A12: Total Subscriber References added | B12: 2225 | C12: 6.53 | D12: 3382 | E12: 4553 | F12: 2949 | G12: 1009 | H12: 1610 | I12: 1669 | J12: 4615 | K12: 2762 | L12: 767 | M12: 1473 | N12: =SUM(B12:M12) -> 27020.53 | O12: 0 | P12: =O12/N12 -> 0
A13: Average References added per user | B13: 46.35 | C13: 24.19 | D13: 30.75 | E13: 21.89 | F13: 21.37 | G13: 10.73 | H13: 37.44 | I13: 8.14 | J13: 23.79 | K13: 16.94 | L13: 8.72 | M13: 32.73 | N13: =SUM(B13:M13) -> 283.04 | O13: 0 | P13: =O13/N13 -> 0

Sheet SciFinderScholar
A1: SciFinder Scholar
A2: 2010-2011
A4: COUNTER-Compliant?: | B4: No
B6: 40360 | C6: 40391 | D6: 6614787 | E6: 40452 | F6: 40483 | G6: 40513 | H6: 40544 | I6: 40575 | J6: 40603 | K6: 40634 | L6: 40664 | M6: 40695 | N6: Total | O6: 2010-2011 Price | P6: Price per unit
A7: SciFinder Scholar
A8: Successful | B8: 241 | C8: 201 | D8: 205 | E8: 278 | F8: 316 | G8: 323 | H8: 284 | I8: 369 | J8: 440 | K8: 411 | L8: 427 | M8: 474 | N8: =SUM(B8:M8) -> 3969
A9: Attempts | B9: 320 | C9: 230 | D9: 271 | E9: 347 | F9: 425 | G9: 454 | H9: 327 | I9: 556 | J9: 535 | K9: 428 | L9: 454 | M9: 515 | N9: =SUM(B9:M9) -> 4862 | O9: 0 | P9: =O9/N9 -> 0
A10: Busy | B10: 79 | C10: 29 | D10: 66 | E10: 69 | F10: 109 | G10: 131 | H10: 43 | I10: 187 | J10: 95 | K10: 17 | L10: 27 | M10: 41 | N10: =SUM(B10:M10) -> 893
A11: Simultaneous users | B11: 1 | C11: 1 | D11: 1 | E11: 1 | F11: 1 | G11: 1 | H11: 1 | I11: 1 | J11: 1 | K11: 1 | L11: 1 | M11: 1

Sheet WebofScience
A1: Web of Science (Thomson)
A2: 2010-2011
A4: COUNTER-Compliant?: | B4: Yes
B6: 40360 | C6: 40391 | D6: 6614787 | E6: 40452 | F6: 40483 | G6: 40513 | H6: 40544 | I6: 40575 | J6: 40603 | K6: 40634 | L6: 40664 | M6: 40695 | N6: Total | O6: 2010-2011 Price | P6: Price per unit
A7: BIOSIS Previews
A8: Sessions | B8: 14 | C8: 17 | D8: 93 | E8: 266 | F8: 60 | G8: 38 | H8: 20 | I8: 43 | J8: 90 | K8: 45 | L8: 30 | M8: 29 | N8: =SUM(B8:M8) -> 745
A9: Queries | B9: 28 | C9: 66 | D9: 410 | E9: 1263 | F9: 198 | G9: 130 | H9: 129 | I9: 164 | J9: 316 | K9: 99 | L9: 84 | M9: 102 | N9: =SUM(B9:M9) -> 2989 | O9: 0 | P9: =O9/N9 -> 0
B12: 40360 | C12: 40391 | D12: 6614787 | E12: 40452 | F12: 40483 | G12: 40513 | H12: 40544 | I12: 40575 | J12: 40603 | K12: 40634 | L12: 40664 | M12: 40695 | N12: Total
A13: CrossSearch
A14: Sessions | B14: 674 | C14: 568 | D14: 1004 | E14: 1193 | F14: 1140 | G14: 727 | H14: 583 | I14: 921 | J14: 1105 | K14: 996 | L14: 761 | M14: 869 | N14: =SUM(B14:M14) -> 10541
A15: Queries | B15: 356 | C15: 578 | D15: 910 | E15: 873 | F15: 1416 | G15: 722 | H15: 658 | I15: 623 | J15: 666 | K15: 838 | L15: 634 | M15: 521 | N15: =SUM(B15:M15) -> 8795
B18: 40360 | C18: 40391 | D18: 6614787 | E18: 40452 | F18: 40483 | G18: 40513 | H18: 40544 | I18: 40575 | J18: 40603 | K18: 40634 | L18: 40664 | M18: 40695 | N18: Total
A19: Web of Knowledge
A20: Sessions | B20: 1358 | C20: 1017 | D20: 1680 | E20: 1756 | F20: 1569 | G20: 1228 | H20: 1280 | I20: 1650 | J20: 1482 | K20: 1608 | L20: 1289 | M20: 1623 | N20: =SUM(B20:M20) -> 17540
B23: 40360 | C23: 40391 | D23: 6614787 | E23: 40452 | F23: 40483 | G23: 40513 | H23: 40544 | I23: 40575 | J23: 40603 | K23: 40634 | L23: 40664 | M23: 40695 | N23: Total | O23: 2010-2011 Price | P23: Price per unit
A24: Web of Science
A25: Sessions | B25: 1105 | C25: 803 | D25: 1299 | E25: 1195 | F25: 1194 | G25: 950 | H25: 1054 | I25: 1315 | J25: 1116 | K25: 1260 | L25: 1013 | M25: 1302 | N25: =SUM(B25:M25) -> 13606
A26: Queries | B26: 3297 | C26: 3348 | D26: 3747 | E26: 3423 | F26: 4674 | G26: 2889 | H26: 2855 | I26: 4062 | J26: 3693 | K26: 3560 | L26: 3208 | M26: 4251 | N26: =SUM(B26:M26) -> 43007 | O26: 0 | P26: =O26/N26 -> 0
B29: 40360 | C29: 40391 | D29: 6614787 | E29: 40452 | F29: 40483 | G29: 40513 | H29: 40544 | I29: 40575 | J29: 40603 | K29: 40634 | L29: 40664 | M29: 40695 | N29: Total
A30: EndNote Web
A31: Logins | B31: 9 | C31: 0 | D31: 6 | E31: 1 | F31: 16 | G31: 6 | H31: 0 | I31: 1 | J31: 9 | K31: 3 | L31: 7 | M31: 14 | N31: =SUM(B31:M31) -> 72
A32: New Users | B32: 0 | C32: 0 | D32: 4 | E32: 0 | F32: 10 | G32: 0 | H32: 0 | I32: 4 | J32: 0 | K32: 0 | L32: 5 | M32: 0 | N32: =SUM(B32:M32) -> 23
A33: New References | B33: 3 | C33: 0 | D33: 12 | E33: 0 | F33: 3 | G33: 0 | H33: 0 | I33: 0 | J33: 0 | K33: 0 | L33: 3 | M33: 9 | N33: =SUM(B33:M33) -> 30
A34: Exports | B34: 5 | C34: 2 | D34: 3 | E34: 3 | F34: 4 | G34: 0 | H34: 0 | I34: 2 | J34: 19 | K34: 11 | L34: 3 | M34: 4 | N34: =SUM(B34:M34) -> 56
A35: Imports | B35: 0 | C35: 0 | D35: 5 | E35: 0 | F35: 16 | G35: 0 | H35: 0 | I35: 2 | J35: 0 | K35: 2 | L35: 21 | M35: 32 | N35: =SUM(B35:M35) -> 78
A36: Searches | B36: 13 | C36: 0 | D36: 2 | E36: 1 | F36: 56 | G36: 0 | H36: 0 | I36: 0 | J36: 0 | K36: 0 | L36: 0 | M36: 10 | N36: =SUM(B36:M36) -> 82
A37: Captures | B37: 0 | C37: 0 | D37: 1 | E37: 0 | F37: 0 | G37: 0 | H37: 0 | I37: 0 | J37: 0 | K37: 0 | L37: 4 | M37: 0 | N37: =SUM(B37:M37) -> 5
A38: CWYW Format Bibliography | B38: 10 | C38: 0 | D38: 1 | E38: 0 | F38: 49 | G38: 0 | H38: 0 | I38: 0 | J38: 0 | K38: 0 | L38: 0 | M38: 7 | N38: =SUM(B38:M38) -> 67
A39: CWYW Traveling Library | B39: 0 | C39: 0 | D39: 0 | E39: 0 | F39: 0 | G39: 0 | H39: 0 | I39: 0 | J39: 0 | K39: 0 | L39: 0 | M39: 0 | N39: =SUM(B39:M39) -> 0
A40: Total Pages Served | B40: 40 | C40: 2 | D40: 34 | E40: 5 | F40: 154 | G40: 6 | H40: 0 | I40: 9 | J40: 28 | K40: 16 | L40: 43 | M40: 76 | N40: =SUM(B40:M40) -> 413

Sheet WilsonWeb
A1: WilsonWeb
A2: 2010-2011
A4: COUNTER-compliant: Yes (R2)
B6: 40360 | C6: 40391 | D6: 6614787 | E6: 40452 | F6: 40483 | G6: 40513 | H6: 40544 | I6: 40575 | J6: 40603 | K6: 40634 | L6: 40664 | M6: 40695 | N6: Total | O6: 2010-2011 Price | P6: Price per unit
A7: Art Abstracts
A8: Sessions | B8: 10 | C8: 1 | D8: 72 | E8: 54 | F8: 145 | G8: 25 | H8: 13 | I8: 109 | J8: 57 | K8: 81 | L8: 28 | M8: 7 | N8: =SUM(B8:M8) -> 602
A9: Searches | B9: 42 | C9: 2 | D9: 347 | E9: 187 | F9: 691 | G9: 83 | H9: 66 | I9: 618 | J9: 280 | K9: 239 | L9: 90 | M9: 33 | N9: =SUM(B9:M9) -> 2678 | O9: 0 | P9: =O9/N9 -> 0
A10: Turnaways | B10: N/A | C10: N/A | D10: N/A | E10: N/A | F10: N/A | G10: N/A | H10: N/A | I10: N/A | J10: N/A | K10: N/A | L10: N/A | M10: N/A | N10: =SUM(B10:M10) -> 0
A11: Simultaneous Users | B11: N/A | C11: N/A | D11: N/A | E11: N/A | F11: N/A | G11: N/A | H11: N/A | I11: N/A | J11: N/A | K11: N/A | L11: N/A | M11: N/A | N11: N/A
B14: 40360 | C14: 40391 | D14: 6614787 | E14: 40452 | F14: 40483 | G14: 40513 | H14: 40544 | I14: 40575 | J14: 40603 | K14: 40634 | L14: 40664 | M14: 40695 | N14: Total | O14: 2010-2011 Price | P14: Price per unit
A15: Art Index Retrospective | O15: Access fee only
A16: Sessions | B16: 2 | C16: 1 | D16: 6 | E16: 22 | F16: 38 | G16: 8 | H16: 5 | I16: 36 | J16: 14 | K16: 28 | L16: 5 | M16: 4 | N16: =SUM(B16:M16) -> 169
A17: Searches | B17: 6 | C17: 2 | D17: 19 | E17: 52 | F17: 128 | G17: 18 | H17: 23 | I17: 105 | J17: 70 | K17: 84 | L17: 10 | M17: 13 | N17: =SUM(B17:M17) -> 530 | O17: 0 | P17: =O17/N17 -> 0
A18: Turnaways | B18: 0 | C18: 0 | D18: 0 | E18: 0 | F18: 8 | G18: 0 | H18: 0 | I18: 2 | J18: 0 | K18: 0 | L18: 0 | M18: 0 | N18: =SUM(B18:M18) -> 10
A19: Simultaneous Users | B19: 3 | C19: 3 | D19: 3 | E19: 3 | F19: 3 | G19: 3 | H19: 3 | I19: 3 | J19: 3 | K19: 3 | L19: 3 | M19: 3 | N19: 3
B22: 40360 | C22: 40391 | D22: 6614787 | E22: 40452 | F22: 40483 | G22: 40513 | H22: 40544 | I22: 40575 | J22: 40603 | K22: 40634 | L22: 40664 | M22: 40695 | N22: Total | O22: 2010-2011 Price | P22: Price per unit
A23: Biography Index Retrospective | O23: One-time purchase 4/2010
A24: Sessions | B24: 3 | C24: 4 | D24: 7 | E24: 21 | F24: 21 | G24: 4 | H24: 5 | I24: 22 | J24: 17 | K24: 18 | L24: 2 | M24: 6 | N24: =SUM(B24:M24) -> 130
A25: Searches | B25: 7 | C25: 5 | D25: 18 | E25: 46 | F25: 66 | G25: 8 | H25: 9 | I25: 71 | J25: 73 | K25: 46 | L25: 6 | M25: 26 | N25: =SUM(B25:M25) -> 381 | O25: 0 | P25: =O25/N25 -> 0
A26: Turnaways | B26: N/A | C26: N/A | D26: N/A | E26: N/A | F26: N/A | G26: N/A | H26: N/A | I26: N/A | J26: N/A | K26: N/A | L26: N/A | M26: N/A | N26: =SUM(B26:M26) -> 0
A27: Simultaneous Users | B27: 3 | C27: 3 | D27: 3 | E27: 3 | F27: 3 | G27: 3 | H27: 3 | I27: 3 | J27: 3 | K27: 3 | L27: 3 | M27: 3 | N27: 3
B30: 40360 | C30: 40391 | D30: 6614787 | E30: 40452 | F30: 40483 | G30: 40513 | H30: 40544 | I30: 40575 | J30: 40603 | K30: 40634 | L30: 40664 | M30: 40695 | N30: Total | O30: 2010-2011 Price | P30: Price per unit
A31: Biological & Agricultural Index Plus
A32: Sessions | B32: 26 | C32: 26 | D32: 34 | E32: 77 | F32: 72 | G32: 21 | H32: 25 | I32: 76 | J32: 36 | K32: 40 | L32: 14 | M32: 14 | N32: =SUM(B32:M32) -> 461
A33: Searches | B33: 66 | C33: 41 | D33: 111 | E33: 180 | F33: 151 | G33: 46 | H33: 58 | I33: 193 | J33: 109 | K33: 73 | L33: 41 | M33: 20 | N33: =SUM(B33:M33) -> 1089 | O33: 0 | P33: =O33/N33 -> 0
A34: Turnaways | B34: N/A | C34: N/A | D34: N/A | E34: N/A | F34: N/A | G34: N/A | H34: N/A | I34: N/A | J34: N/A | K34: N/A | L34: N/A | M34: N/A | N34: =SUM(B34:M34) -> 0
A35: Simultaneous Users | B35: N/A | C35: N/A | D35: N/A | E35: N/A | F35: N/A | G35: N/A | H35: N/A | I35: N/A | J35: N/A | K35: N/A | L35: N/A | M35: N/A | N35: N/A
B38: 40360 | C38: 40391 | D38: 6614787 | E38: 40452 | F38: 40483 | G38: 40513 | H38: 40544 | I38: 40575 | J38: 40603 | K38: 40634 | L38: 40664 | M38: 40695 | N38: Total | O38: 2010-2011 Price | P38: Price per unit
A39: Book Review Digest Retrospective | O39: One-time purchase 4/2010
A40: Sessions | B40: 9 | C40: 1 | D40: 9 | E40: 24 | F40: 27 | G40: 11 | H40: 3 | I40: 30 | J40: 18 | K40: 8 | L40: 4 | M40: 6 | N40: =SUM(B40:M40) -> 150
A41: Searches | B41: 26 | C41: 2 | D41: 29 | E41: 66 | F41: 74 | G41: 26 | H41: 25 | I41: 109 | J41: 81 | K41: 20 | L41: 6 | M41: 3 | N41: =SUM(B41:M41) -> 467 | O41: 0 | P41: =O41/N41 -> 0
A42: Turnaways | B42: N/A | C42: N/A | D42: N/A | E42: N/A | F42: N/A | G42: N/A | H42: N/A | I42: N/A | J42: N/A | K42: N/A | L42: N/A | M42: N/A | N42: =SUM(B42:M42) -> 0
A43: Simultaneous Users | B43: 3 | C43: 3 | D43: 3 | E43: 3 | F43: 3 | G43: 3 | H43: 3 | I43: 3 | J43: 3 | K43: 3 | L43: 3 | M43: 3 | N43: 3
B46: 40360 | C46: 40391 | D46: 6614787 | E46: 40452 | F46: 40483 | G46: 40513 | H46: 40544 | I46: 40575 | J46: 40603 | K46: 40634 | L46: 40664 | M46: 40695 | N46: Total | O46: 2010-2011 Price | P46: Price per unit
A47: Education Full Text
A48: Sessions | B48: 208 | C48: 75 | D48: 376 | E48: 588 | F48: 872 | G48: 348 | H48: 125 | I48: 441 | J48: 403 | K48: 551 | L48: 165 | M48: 243 | N48: =SUM(B48:M48) -> 4395
A49: Searches | B49: 987 | C49: 232 | D49: 1980 | E49: 2688 | F49: 3509 | G49: 1175 | H49: 492 | I49: 2085 | J49: 1816 | K49: 2135 | L49: 462 | M49: 943 | N49: =SUM(B49:M49) -> 18504 | O49: 0 | P49: =O49/N49 -> 0
A50: Turnaways | B50: N/A | C50: N/A | D50: N/A | E50: N/A | F50: N/A | G50: N/A | H50: N/A | I50: N/A | J50: N/A | K50: N/A | L50: N/A | M50: N/A | N50: =SUM(B50:M50) -> 0
A51: Simultaneous Users | B51: N/A | C51: N/A | D51: N/A | E51: N/A | F51: N/A | G51: N/A | H51: N/A | I51: N/A | J51: N/A | K51: N/A | L51: N/A | M51: N/A | N51: N/A
B54: 40360 | C54: 40391 | D54: 6614787 | E54: 40452 | F54: 40483 | G54: 40513 | H54: 40544 | I54: 40575 | J54: 40603 | K54: 40634 | L54: 40664 | M54: 40695 | N54: Total | O54: 2010-2011 Price | P54: Price per unit
A55: Education Index Retrospective | O55: Access fee only
A56: Sessions | B56: 3 | C56: 1 | D56: 29 | E56: 33 | F56: 25 | G56: 8 | H56: 7 | I56: 33 | J56: 26 | K56: 14 | L56: 5 | M56: 4 | N56: =SUM(B56:M56) -> 188
A57: Searches | B57: 3 | C57: 7 | D57: 126 | E57: 157 | F57: 76 | G57: 35 | H57: 18 | I57: 134 | J57: 137 | K57: 54 | L57: 23 | M57: 12 | N57: =SUM(B57:M57) -> 782 | O57: 0 | P57: =O57/N57 -> 0
A58: Turnaways | B58: 0 | C58: 0 | D58: 195 | E58: 78 | F58: 0 | G58: 0 | H58: 0 | I58: 80 | J58: 0 | K58: 0 | L58: 0 | M58: 0 | N58: =SUM(B58:M58) -> 353
A59: Simultaneous Users | B59: 3 | C59: 3 | D59: 3 | E59: 3 | F59: 3 | G59: 3 | H59: 3 | I59: 3 | J59: 3 | K59: 3 | L59: 3 | M59: 3 | N59: 3
B62: 40360 | C62: 40391 | D62: 6614787 | E62: 40452 | F62: 40483 | G62: 40513 | H62: 40544 | I62: 40575 | J62: 40603 | K62: 40634 | L62: 40664 | M62: 40695 | N62: Total | O62: 2010-2011 Price | P62: Price per search
A63: ERIC (Free)
A64: Sessions | B64: 145 | C64: 31 | D64: 316 | E64: 459 | F64: 741 | G64: 254 | H64: 76 | I64: 327 | J64: 297 | K64: 385 | L64: 93 | M64: 149 | N64: =SUM(B64:M64) -> 3273
A65: Searches | B65: 737 | C65: 97 | D65: 1829 | E65: 2483 | F65: 3358 | G65: 991 | H65: 354 | I65: 1728 | J65: 1649 | K65: 1730 | L65: 324 | M65: 674 | N65: =SUM(B65:M65) -> 15954 | O65: 0 | P65: =O65/N65 -> 0
A66: Turnaways | B66: N/A | C66: NA/ | D66: N/A | E66: N/A | F66: N/A | G66: NA/ | H66: N/A | I66: N/A | J66: N/A | K66: N/A | L66: N/A | M66: N/A | N66: =SUM(B66:M66) -> 0
A67: Simultaneous Users | B67: 3 | C67: 3 | D67: 3 | E67: 3 | F67: 3 | G67: 3 | H67: 3 | I67: 3 | J67: 3 | K67: 3 | L67: 3 | M67: 3 | N67: 3
B70: 40360 | C70: 40391 | D70: 6614787 | E70: 40452 | F70: 40483 | G70: 40513 | H70: 40544 | I70: 40575 | J70: 40603 | K70: 40634 | L70: 40664 | M70: 40695 | N70: Total | O70: 2010-2011 Price | P70: Price per search
A71: Humanities & Social Sciences Retrospective | O71: Access fee only
A72: Sessions | B72: 11 | C72: 6 | D72: 29 | E72: 69 | F72: 80 | G72: 38 | H72: 4 | I72: 48 | J72: 53 | K72: 72 | L72: 29 | M72: 23 | N72: =SUM(B72:M72) -> 462
A73: Searches | B73: 23 | C73: 13 | D73: 75 | E73: 197 | F73: 231 | G73: 61 | H73: 18 | I73: 146 | J73: 180 | K73: 185 | L73: 70 | M73: 77 | N73: =SUM(B73:M73) -> 1276 | O73: 0 | P73: =O73/N73 -> 0
A74: Turnaways | B74: N/A | C74: N/A | D74: N/A | E74: N/A | F74: N/A | G74: N/A | H74: 0 | I74: 0 | J74: 8 | K74: 0 | L74: 0 | M74: 0 | N74: =SUM(B74:M74) -> 8
A75: Simultaneous Users | B75: 3 | C75: 3 | D75: 3 | E75: 3 | F75: 3 | G75: 3 | H75: 3 | I75: 3 | J75: 3 | K75: 3 | L75: 3 | M75: 3 | N75: 3
B78: 40360 | C78: 40391 | D78: 6614787 | E78: 40452 | F78: 40483 | G78: 40513 | H78: 40544 | I78: 40575 | J78: 40603 | K78: 40634 | L78: 40664 | M78: 40695 | N78: Total | O78: 2010-2011 Price | P78: Price per unit
A79: Library Literature & Information Science Retrospective | O79: One-time purchase 4/2010
A80: Sessions | B80: 32 | C80: 3 | D80: 21 | E80: 68 | F80: 54 | G80: 15 | H80: 6 | I80: 49 | J80: 59 | K80: 46 | L80: 7 | M80: 15 | N80: =SUM(B80:M80) -> 375
A81: Searches | B81: 107 | C81: 8 | D81: 82 | E81: 378 | F81: 244 | G81: 39 | H81: 13 | I81: 198 | J81: 349 | K81: 144 | L81: 21 | M81: 51 | N81: =SUM(B81:M81) -> 1634 | O81: 0 | P81: =O81/N81 -> 0
A82: Turnaways | B82: N/A | C82: N/A | D82: N/A | E82: N/A | F82: N/A | G82: N/A | H82: 0 | I82: 11 | J82: 0 | K82: 0 | L82: 0 | M82: 0 | N82: =SUM(B82:M82) -> 11
A83: Simultaneous Users | B83: 3 | C83: 3 | D83: 3 | E83: 3 | F83: 3 | G83: 3 | H83: 3 | I83: 3 | J83: 3 | K83: 3 | L83: 3 | M83: 3 | N83: 3
B87: 40360 | C87: 40391 | D87: 6614787 | E87: 40452 | F87: 40483 | G87: 40513 | H87: 40544 | I87: 40575 | J87: 40603 | K87: 40634 | L87: 40664 | M87: 40695 | N87: Total | O87: 2010-2011 Price | P87: Price per unit
A88: Readers Guide Retrospective | O88: Access fee only
A89: Sessions | B89: 7 | C89: 1 | D89: 14 | E89: 58 | F89: 26 | G89: 12 | H89: 7 | I89: 40 | J89: 43 | K89: 19 | L89: 7 | M89: 4 | N89: =SUM(B89:M89) -> 238
A90: Searches | B90: 19 | C90: 2 | D90: 42 | E90: 155 | F90: 81 | G90: 22 | H90: 30 | I90: 187 | J90: 179 | K90: 49 | L90: 20 | M90: 10 | N90: =SUM(B90:M90) -> 796 | O90: 0 | P90: =O90/N90 -> 0
A91: Turnaways | B91: 0 | C91: 0 | D91: 0 | E91: 0 | F91: 0 | G91: 0 | H91: 0 | I91: 7 | J91: 0 | K91: 0 | L91: 0 | M91: 0 | N91: =SUM(B91:M91) -> 7
A92: Simultaneous Users | B92: 4 | C92: 4 | D92: 4 | E92: 4 | F92: 4 | G92: 4 | H92: 4 | I92: 4 | J92: 4 | K92: 4 | L92: 4 | M92: 4 | N92: 4
B95: 40360 | C95: 40391 | D95: 6614787 | E95: 40452 | F95: 40483 | G95: 40513 | H95: 40544 | I95: 40575 | J95: 40603 | K95: 40634 | L95: 40664 | M95: 40695 | N95: Total | O95: 2010-2011 Price | P95: Price per unit
A96: Short Story Index Retrospective | O96: One-time purchase 4/2010
A97: Sessions | B97: 0 | C97: 0 | D97: 5 | E97: 9 | F97: 17 | G97: 5 | H97: 0 | I97: 18 | J97: 15 | K97: 6 | L97: 3 | M97: 1 | N97: =SUM(B97:M97) -> 79
A98: Searches | B98: 0 | C98: 0 | D98: 15 | E98: 22 | F98: 50 | G98: 11 | H98: 0 | I98: 60 | J98: 72 | K98: 19 | L98: 6 | M98: 6 | N98: =SUM(B98:M98) -> 261 | O98: 0 | P98: =O98/N98 -> 0
A99: Turnaways | B99: N/A | C99: N/A | D99: N/A | E99: N/A | F99: N/A | G99: N/A | H99: N/A | I99: N/A | J99: N/A | K99: N/A | L99: N/A | M99: N/A | N99: =SUM(B99:M99) -> 0
A100: Simultaneous Users | B100: 3 | C100: 3 | D100: 3 | E100: 3 | F100: 3 | G100: 3 | H100: 3 | I100: 3 | J100: 3 | K100: 3 | L100: 3 | M100: 3 | N100: 3
