Workbook
Name RRDEL: #REF!

Sheet Port Region Graphs-weekly
B1: With new data | P1: Group this figure if use preliminary data

Sheet Weekly Data
A1: New Table 3_Rrport, * Miss. River deliveries data incomplete prior to 2004
A2: Rail Deliveries to Port
C6: S Atlantic | D6: Mississippi | F6: Cross Border | H6: Atlantic & | J6: Cross Border | K6: Week
A7: DATE | B7: N Atlantic | C7: East Gulf | D7: River* | E7: Texas | F7: Mexico | G7: Pacific | H7: East Gulf | I7: Total* | J7: Mexico-2 | K7: Number
A8: 34346 | B8: 16 | C8: 0 | E8: 910 | G8: 976 | H8: =B8+C8 -> 16
A9: 34353 | B9: 3 | C9: 138 | E9: 2156 | G9: 3445 | H9: =B9+C9 -> 141
A10: 34360 | B10: 30 | C10: 64 | E10: 1933 | G10: 3616 | H10: =B10+C10 -> 94
A11: 34367 | B11: 50 | C11: 15 | E11: 1978 | G11: 2805 | H11: =B11+C11 -> 65
A12: 34374 | B12: 61 | C12: 23 | E12: 1702 | G12: 2388 | H12: =B12+C12 -> 84
A13: 34381 | B13: 30 | C13: 74 | E13: 1576 | G13: 1697 | H13: =B13+C13 -> 104
A14: 34388 | B14: 35 | C14: 5 | E14: 1947 | G14: 2761 | H14: =B14+C14 -> 40
A15: 34395 | B15: 120 | C15: 3 | E15: 1771 | G15: 2749 | H15: =B15+C15 -> 123
A16: 34402 | B16: 132 | C16: 75 | E16: 1144 | G16: 2661 | H16: =B16+C16 -> 207
A17: 34409 | B17: 95 | C17: 81 | E17: 1434 | G17: 3125 | H17: =B17+C17 -> 176
A18: 34416 | B18: 142 | C18: 75 | E18: 1881 | G18: 3488 | H18: =B18+C18 -> 217
A19: 34423 | B19: 59 | C19: 57 | E19: 1453 | G19: 3000 | H19: =B19+C19 -> 116
... A80: 34850 | B80: 23 | C80: 39 | E80: 1004 | G80: 5238 | H80: =B80+C80 -> 62
A81: 34857 | B81: 25 | C81: =2+338 -> 340 | E81: =499+194+290+1 -> 984 | G81: 5144 | H81: =B81+C81 -> 365
A82: 34864 | B82: 72 | C82: 109 | E82: 1828 | G82: 5242 | H82: =B82+C82 -> 181
A83: 34871 | B83: 46 | C83: 110 | E83: 2036 | G83: 4661 | H83: =B83+C83 -> 156
A84: 34878 | B84: 126 | C84: 138 | E84: 2638 | G84: 5658 | H84: =B84+C84 -> 264
A85: 34885 | B85: 143 | C85: 45 | E85: 2423 | G85: 4821 | H85: =B85+C85 -> 188
A86: 34892 | B86: 93 | C86: 322 | E86: 845 | G86: 4273 | H86: =B86+C86 -> 415
A87: 34899 | B87: 127 | C87: 177 | E87: 1882 | G87: 5701 | H87: =B87+C87 -> 304
A88: 34906 | B88: 88 | C88: 166 | E88: 1319 | G88: 5611 | H88: =B88+C88 -> 254
A89: 34913 | B89: 270 | C89: 43 | E89: 1541 | G89: 3948 | H89: =B89+C89 -> 313
A90: 34920 | B90: 189 | C90: 107 | E90: 2220 | G90: 4827 | H90: =B90+C90 -> 296
A91: 34927 | B91: 161 | C91: 53 | E91: 2525 | G91: 3935 | H91: =B91+C91 -> 214
A92: 34934 | B92: 76 | C92: 68 | E92: 3144 | G92: 5174 | H92: =B92+C92 -> 144
A93: 34941 | B93: 100 | C93: 88 | E93: 2799 | G93: 5407 | H93: =B93+C93 -> 188
... A110: 35060 | B110: 47 | C110: 138 | E110: 2477 | G110: 4385 | H110: =B110+C110 -> 185
A111: 35067 | B111: 10 | C111: 8 | E111: 2306 | G111: 5000 | H111: =B111+C111 -> 18 | K111: 1
A112: 35074 | B112: 52 | C112: 109 | E112: 2494 | G112: 6954 | H112: =B112+C112 -> 161 | K112: =K111+1 -> 2
A113: 35081 | B113: 86 | C113: 69 | E113: 2342 | G113: 7663 | H113: =B113+C113 -> 155 | K113: =K112+1 -> 3
A114: 35088 | B114: 195 | C114: 201 | E114: 2381 | G114: 6516 | H114: =B114+C114 -> 396 | K114: =K113+1 -> 4
A115: 35095 | B115: 33 | C115: 297 | E115: 2388 | G115: 4721 | H115: =B115+C115 -> 330 | K115: =K114+1 -> 5
A116: 35102 | B116: 66 | C116: 306 | E116: 2620 | G116: 4137 | H116: =B116+C116 -> 372 | K116: =K115+1 -> 6
A117: 35109 | B117: 124 | C117: 131 | E117: 2789 | G117: 1520 | H117: =B117+C117 -> 255 | K117: =K116+1 -> 7
A118: 35116 | B118: 61 | C118: 589 | E118: 2971 | G118: 5090 | H118: =B118+C118 -> 650 | K118: =K117+1 -> 8
A119: 35123 | B119: 119 | C119: 326 | E119: 3542 | G119: 5844 | H119: =B119+C119 -> 445 | K119: =K118+1 -> 9
A120: 35130 | B120: 94 | C120: 399 | E120: 3232 | G120: 5523 | H120: =B120+C120 -> 493 | K120: =K119+1 -> 10
A121: 35137 | B121: 169 | C121: 307 | E121: 3331 | G121: 6424 | H121: =B121+C121 -> 476 | K121: =K120+1 -> 11
A122: 35144 | B122: 85 | C122: 300 | E122: 2499 | G122: 6657 | H122: =B122+C122 -> 385 | K122: =K121+1 -> 12
A123: 35151 | B123: 12 | C123: 349 | E123: 3380 | G123: 6402 | H123: =B123+C123 -> 361 | K123: =K122+1 -> 13
... A162: 35424 | B162: 49 | C162: 333 | E162: 1657 | G162: 4006 | H162: =B162+C162 -> 382 | K162: =K161+1 -> 52
A163: 35431 | B163: 1 | C163: 213 | E163: 1407 | G163: 1812 | H163: =B163+C163 -> 214 | K163: 1
A164: 35438 | B164: 25 | C164: 180 | E164: 1223 | G164: 4558 | H164: =B164+C164 -> 205 | K164: =K163+1 -> 2
A165: 35445 | B165: 15 | C165: 326 | E165: 2016 | G165: 4686 | H165: =B165+C165 -> 341 | K165: =K164+1 -> 3
A166: 35452 | B166: 26 | C166: 73 | E166: 1604 | G166: 3957 | H166: =B166+C166 -> 99 | K166: =K165+1 -> 4
A167: 35459 | B167: 26 | C167: 365 | E167: 2434 | G167: 4732 | H167: =B167+C167 -> 391 | K167: =K166+1 -> 5
A168: 35466 | B168: 132 | C168: 56 | E168: 2373 | G168: 4148 | H168: =B168+C168 -> 188 | K168: =K167+1 -> 6
A169: 35473 | B169: 50 | C169: 117 | E169: 2307 | G169: 4874 | H169: =B169+C169 -> 167 | K169: =K168+1 -> 7
A170: 35480 | B170: 0 | C170: 166 | E170: 1772 | G170: 5226 | H170: =B170+C170 -> 166 | K170: =K169+1 -> 8
A171: 35487 | B171: 54 | C171: 79 | E171: 1782 | G171: 5802 | H171: =B171+C171 -> 133 | K171: =K170+1 -> 9
A172: 35494 | B172: 57 | C172: 206 | E172: 1594 | G172: 4730 | H172: =B172+C172 -> 263 | K172: =K171+1 -> 10
A173: 35501 | B173: 112 | C173: 170 | E173: 1916 | G173: 5223 | H173: =B173+C173 -> 282 | K173: =K172+1 -> 11
A174: 35508 | B174: 12 | C174: 0 | E174: 2339 | G174: 5582 | H174: =B174+C174 -> 12 | K174: =K173+1 -> 12
A175: 35515 | B175: 69 | C175: 78 | E175: 2720 | G175: 5027 | H175: =B175+C175 -> 147 | K175: =K174+1 -> 13
... A215: 35795 | B215: 105 | C215: 59 | E215: 2397 | G215: 3145 | H215: =B215+C215 -> 164 | K215: =K214+1 -> 53
A216: 35802 | B216: 15 | C216: 8 | E216: 1779 | G216: 2660 | H216: =B216+C216 -> 23 | K216: 1
A217: 35809 | B217: 70 | C217: 272 | E217: 1951 | G217: 2822 | H217: =B217+C217 -> 342 | K217: 2
A218: 35816 | B218: 68 | C218: 43 | E218: 2053 | G218: 3989 | H218: =B218+C218 -> 111 | K218: 3
A219: 35823 | B219: 131 | C219: 787 | E219: 2180 | G219: 4596 | H219: =B219+C219 -> 918 | K219: 4
A220: 35830 | B220: 91 | C220: 471 | E220: 2582 | G220: 5090 | H220: =B220+C220 -> 562 | K220: 5
A221: 35837 | B221: 201 | C221: 199 | E221: 2310 | G221: 3897 | H221: =B221+C221 -> 400 | K221: 6
A222: 35844 | B222: 233 | C222: 376 | E222: 2413 | G222: 4599 | H222: =B222+C222 -> 609 | K222: 7
A223: 35851 | B223: 150 | C223: 152 | E223: 2168 | G223: 4149 | H223: =B223+C223 -> 302 | K223: 8
A224: 35858 | B224: 93 | C224: 83 | E224: 2316 | G224: 3876 | H224: =B224+C224 -> 176 | K224: 9
A225: 35865 | B225: 88 | C225: 37 | E225: 2334 | G225: 4361 | H225: =B225+C225 -> 125 | K225: 10
A226: 35872 | B226: 14 | C226: 450 | E226: 2126 | G226: 2832 | H226: =B226+C226 -> 464 | K226: 11
A227: 35879 | B227: 136 | C227: 74 | E227: 1283 | G227: 4107 | H227: =B227+C227 -> 210 | K227: 12
... A423: 37251 | B423: 0 | C423: 586 | E423: 1448 | G423: 2309 | H423: =B423+C423 -> 586 | K423: 52
A424: 37258 | B424: 0 | C424: 717 | E424: 1263 | F424: 287 | G424: 1137 | H424: =B424+C424 -> 717 | K424: 1
A425: 37265 | B425: 0 | C425: 966 | E425: 2288 | F425: 613 | G425: 1928 | H425: =B425+C425 -> 966 | K425: 2
A426: 37272 | B426: 0 | C426: 1307 | E426: 1787 | F426: 285 | G426: 1472 | H426: =B426+C426 -> 1307 | K426: 3
A427: 37279 | B427: 0 | C427: 965 | E427: 1577 | F427: 651 | G427: 1379 | H427: =B427+C427 -> 965 | K427: 4
A428: 37286 | B428: 0 | C428: 873 | E428: 2888 | F428: 552 | G428: 2275 | H428: =B428+C428 -> 873 | K428: 5
A429: 37293 | B429: 0 | C429: 663 | E429: 1384 | F429: 621 | G429: 3435 | H429: =B429+C429 -> 663 | K429: 6
A430: 37300 | B430: 0 | C430: 497 | E430: 3023 | F430: 275 | G430: 4316 | H430: =B430+C430 -> 497 | K430: 7
A431: 37307 | B431: 0 | C431: 603 | E431: 2167 | F431: 434 | G431: 2546 | H431: =B431+C431 -> 603 | K431: 8
A432: 37314 | B432: 0 | C432: 875 | E432: 1965 | F432: 550 | G432: 2518 | H432: =B432+C432 -> 875 | K432: 9
A433: 37321 | B433: 0 | C433: 380 | E433: 2218 | F433: 1289 | G433: 2518 | H433: =B433+C433 -> 380 | K433: 10
A434: 37328 | B434: 0 | C434: 349 | E434: 1753 | F434: 1447 | G434: 1864 | H434: =B434+C434 -> 349 | K434: 11
A435: 37335 | B435: 0 | C435: 279 | E435: 1719 | F435: 1591 | G435: 1984 | H435: =B435+C435 -> 279 | K435: 12
... A528: 37986 | B528: 50 | C528: 187 | E528: 2433 | F528: 1157 | G528: 2621 | H528: =B528+C528 -> 237 | K528: 53
A529: 37993 | B529: 0 | C529: 155 | D529: 1305 | E529: 2374 | F529: 572 | G529: 2731 | H529: =B529+C529 -> 155 | I529: =SUM(D529:H529)-F529 -> 6565 | K529: 1
A530: 38000 | B530: 0 | C530: 450 | D530: 1365 | E530: 3870 | F530: 1251 | G530: 3527 | H530: =B530+C530 -> 450 | I530: =SUM(D530:H530)-F530 -> 9212 | K530: 2
A531: 38007 | B531: 0 | C531: 452 | D531: 1552 | E531: 2679 | F531: 678 | G531: 3670 | H531: =B531+C531 -> 452 | I531: =SUM(D531:H531)-F531 -> 8353 | K531: 3
A532: 38014 | B532: 0 | C532: 290 | D532: 956 | E532: 2564 | F532: 982 | G532: 4289 | H532: =B532+C532 -> 290 | I532: =SUM(D532:H532)-F532 -> 8099 | K532: 4
A533: 38021 | B533: 0 | C533: 141 | D533: 1030 | E533: 2731 | F533: 561 | G533: 3573 | H533: =B533+C533 -> 141 | I533: =SUM(D533:H533)-F533 -> 7475 | K533: 5
A534: 38028 | B534: 150 | C534: 501 | D534: 1077 | E534: 2332 | F534: 958 | G534: 4550 | H534: =B534+C534 -> 651 | I534: =SUM(D534:H534)-F534 -> 8610 | K534: 6
A535: 38035 | B535: 150 | C535: 154 | D535: 1000 | E535: 1870 | F535: 849 | G535: 5340 | H535: =B535+C535 -> 304 | I535: =SUM(D535:H535)-F535 -> 8514 | K535: 7
A536: 38042 | B536: 50 | C536: 166 | D536: 982 | E536: 2632 | F536: 934 | G536: 5089 | H536: =B536+C536 -> 216 | I536: =SUM(D536:H536)-F536 -> 8919 | K536: 8
A537: 38049 | B537: 0 | C537: 52 | D537: 997 | E537: 2083 | F537: 1218 | G537: 4887 | H537: =B537+C537 -> 52 | I537: =SUM(D537:H537)-F537 -> 8019 | K537: 9
A538: 38056 | B538: 0 | C538: 88 | D538: 620 | E538: 2835 | F538: 628 | G538: 5078 | H538: =B538+C538 -> 88 | I538: =SUM(D538:H538)-F538 -> 8621 | K538: 10
A539: 38063 | B539: 0 | C539: 406 | D539: 936 | E539: 2135 | F539: 729 | G539: 4625 | H539: =B539+C539 -> 406 | I539: =SUM(D539:H539)-F539 -> 8102 | K539: 11
A540: 38070 | B540: 45 | C540: 31 | D540: 678 | E540: 2118 | F540: 731 | G540: 5113 | H540: =B540+C540 -> 76 | I540: =SUM(D540:H540)-F540 -> 7985 | K540: 12
... A776: 39722 | B776: 219 | C776: 0 | D776: 1122 | E776: 2278 | F776: 552 | G776: 4232 | H776: =B776+C776 -> 219 | I776: =SUM(D776:H776)-F776 -> 7851 | K776: 40
A777: 39729 | B777: 274 | C777: 201 | D777: 1689 | E777: 1364 | F777: 905 | G777: 4224 | H777: =B777+C777 -> 475 | I777: =SUM(D777:H777)-F777 -> 7752 | J777: 2414 | K777: 41 | L777: 39725
A778: 39736 | B778: 159 | C778: 576 | D778: 2785 | E778: 1360 | F778: 1163 | G778: 6194 | H778: =B778+C778 -> 735 | I778: =SUM(D778:H778)-F778 -> 11074 | J778: 2899.35 | K778: 42 | L778: =L777+7 -> 39732
...

Sheet Weekly Averages
A2: * Miss. River deliveries data incomplete prior to 2004
B4: with new
B5: data | J5: 3-yr avg (when red) | O5: 3-yr avg (when red) | S5: 3-yr avg (when red) | X5: 3-yr avg (when red)
B6: Mississippi | C6: Texas | D6: Cross-Border | E6: Pacific | F6: Atlantic & | H6: Cross-Border | J6: Prior 4-year Averages (carloads) (week to week) | P6: Cross-Border | S6: Prior 4-year Averages (carloads) (of 4 week running average) | Y6: Cross-Border
B7: River* | C7: Gulf | D7: Mexico | E7: Northwest | F7: E Gulf | G7: Total | H7: Mexico -2 | J7: Mississippi | K7: Texas | L7: Cross-Border | M7: Pacific | N7: Atlantic & | P7: Mexico -2 | S7: Mississippi | T7: Texas | U7: Cross-Border | V7: Pacific | W7: Atlantic & | Y7: Mexico -2
J8: River (new) | K8: Gulf | L8: Mexico | M8: Northwest | N8: E Gulf | O8: Total | S8: River (new) | T8: Gulf | U8: Mexico | V8: Northwest | W8: E Gulf | X8: Total
D9: Cross-Border
C10: Texas | D10: Mexico | E10: Pacific
A11: 34367 | C11: =SUM('Weekly Data'!E8:E11)/4 -> 1744.25 | E11: =SUM('Weekly Data'!G8:G11)/4 -> 2710.5 | F11: =SUM('Weekly Data'!H8:H11)/4 -> 79 | R11: 34367
A12: =A11+7 -> 34374 | C12: =SUM('Weekly Data'!E9:E12)/4 -> 1942.25 | E12: =SUM('Weekly Data'!G9:G12)/4 -> 3063.5 | F12: =SUM('Weekly Data'!H9:H12)/4 -> 96 | R12: 34374
A13: =A12+7 -> 34381 | C13: =SUM('Weekly Data'!E10:E13)/4 -> 1797.25 | E13: =SUM('Weekly Data'!G10:G13)/4 -> 2626.5 | F13: =SUM('Weekly Data'!H10:H13)/4 -> 86.75 | R13: 34381
A14: =A13+7 -> 34388 | C14: =SUM('Weekly Data'!E11:E14)/4 -> 1800.75 | E14: =SUM('Weekly Data'!G11:G14)/4 -> 2412.75 | F14: =SUM('Weekly Data'!H11:H14)/4 -> 73.25 | R14: 34388
A15: =A14+7 -> 34395 | C15: =SUM('Weekly Data'!E12:E15)/4 -> 1749 | E15: =SUM('Weekly Data'!G12:G15)/4 -> 2398.75 | F15: =SUM('Weekly Data'!H12:H15)/4 -> 87.75 | R15: 34395
A16: =A15+7 -> 34402 | C16: =SUM('Weekly Data'!E13:E16)/4 -> 1609.5 | E16: =SUM('Weekly Data'!G13:G16)/4 -> 2467 | F16: =SUM('Weekly Data'!H13:H16)/4 -> 118.5 | R16: 34402
A17: =A16+7 -> 34409 | C17: =SUM('Weekly Data'!E14:E17)/4 -> 1574 | E17: =SUM('Weekly Data'!G14:G17)/4 -> 2824 | F17: =SUM('Weekly Data'!H14:H17)/4 -> 136.5 | R17: 34409
A18: =A17+7 -> 34416 | C18: =SUM('Weekly Data'!E15:E18)/4 -> 1557.5 | E18: =SUM('Weekly Data'!G15:G18)/4 -> 3005.75 | F18: =SUM('Weekly Data'!H15:H18)/4 -> 180.75 | R18: 34416
A19: =A18+7 -> 34423 | C19: =SUM('Weekly Data'!E16:E19)/4 -> 1478 | E19: =SUM('Weekly Data'!G16:G19)/4 -> 3068.5 | F19: =SUM('Weekly Data'!H16:H19)/4 -> 179 | R19: 34423
A20: =A19+7 -> 34430 | C20: =SUM('Weekly Data'!E17:E20)/4 -> 1532.5 | E20: =SUM('Weekly Data'!G17:G20)/4 -> 3096.75 | F20: =SUM('Weekly Data'!H17:H20)/4 -> 179 | R20: 34430
A21: =A20+7 -> 34437 | C21: =SUM('Weekly Data'!E18:E21)/4 -> 1530.5 | E21: =SUM('Weekly Data'!G18:G21)/4 -> 2854 | F21: =SUM('Weekly Data'!H18:H21)/4 -> 178.5 | R21: 34437
A22: =A21+7 -> 34444 | C22: =SUM('Weekly Data'!E19:E22)/4 -> 1374.75 | E22: =SUM('Weekly Data'!G19:G22)/4 -> 2645.75 | F22: =SUM('Weekly Data'!H19:H22)/4 -> 138 | R22: 34444
A23: =A22+7 -> 34451 | C23: =SUM('Weekly Data'!E20:E23)/4 -> 1506.5 | E23: =SUM('Weekly Data'!G20:G23)/4 -> 2434 | F23: =SUM('Weekly Data'!H20:H23)/4 -> 125 | R23: 34451
... A426: =A425+7 -> 37272 | C426: =SUM('Weekly Data'!E423:E426)/4 -> 1696.5 | E426: =SUM('Weekly Data'!G423:G426)/4 -> 1711.5 | F426: =SUM('Weekly Data'!H423:H426)/4 -> 894 | R426: 37272
A427: =A426+7 -> 37279 | C427: =SUM('Weekly Data'!E424:E427)/4 -> 1728.75 | D427: =SUM('Weekly Data'!F424:F427)/4 -> 459 | E427: =SUM('Weekly Data'!G424:G427)/4 -> 1479 | F427: =SUM('Weekly Data'!H424:H427)/4 -> 988.75 | R427: 37279
A428: =A427+7 -> 37286 | C428: =SUM('Weekly Data'!E425:E428)/4 -> 2135 | D428: =SUM('Weekly Data'!F425:F428)/4 -> 525.25 | E428: =SUM('Weekly Data'!G425:G428)/4 -> 1763.5 | F428: =SUM('Weekly Data'!H425:H428)/4 -> 1027.75 | R428: 37286
A429: =A428+7 -> 37293 | C429: =SUM('Weekly Data'!E426:E429)/4 -> 1909 | D429: =SUM('Weekly Data'!F426:F429)/4 -> 527.25 | E429: =SUM('Weekly Data'!G426:G429)/4 -> 2140.25 | F429: =SUM('Weekly Data'!H426:H429)/4 -> 952 | R429: 37293
A430: =A429+7 -> 37300 | C430: =SUM('Weekly Data'!E427:E430)/4 -> 2218 | D430: =SUM('Weekly Data'!F427:F430)/4 -> 524.75 | E430: =SUM('Weekly Data'!G427:G430)/4 -> 2851.25 | F430: =SUM('Weekly Data'!H427:H430)/4 -> 749.5 | R430: 37300
A431: =A430+7 -> 37307 | C431: =SUM('Weekly Data'!E428:E431)/4 -> 2365.5 | D431: =SUM('Weekly Data'!F428:F431)/4 -> 470.5 | E431: =SUM('Weekly Data'!G428:G431)/4 -> 3143 | F431: =SUM('Weekly Data'!H428:H431)/4 -> 659 | R431: 37307
A432: =A431+7 -> 37314 | C432: =SUM('Weekly Data'!E429:E432)/4 -> 2134.75 | D432: =SUM('Weekly Data'!F429:F432)/4 -> 470 | E432: =SUM('Weekly Data'!G429:G432)/4 -> 3203.75 | F432: =SUM('Weekly Data'!H429:H432)/4 -> 659.5 | R432: 37314
A433: =A432+7 -> 37321 | C433: =SUM('Weekly Data'!E430:E433)/4 -> 2343.25 | D433: =SUM('Weekly Data'!F430:F433)/4 -> 637 | E433: =SUM('Weekly Data'!G430:G433)/4 -> 2974.5 | F433: =SUM('Weekly Data'!H430:H433)/4 -> 588.75 | R433: 37321
A434: =A433+7 -> 37328 | C434: =SUM('Weekly Data'!E431:E434)/4 -> 2025.75 | D434: =SUM('Weekly Data'!F431:F434)/4 -> 930 | E434: =SUM('Weekly Data'!G431:G434)/4 -> 2361.5 | F434: =SUM('Weekly Data'!H431:H434)/4 -> 551.75 | R434: 37328
A435: =A434+7 -> 37335 | C435: =SUM('Weekly Data'!E432:E435)/4 -> 1913.75 | D435: =SUM('Weekly Data'!F432:F435)/4 -> 1219.25 | E435: =SUM('Weekly Data'!G432:G435)/4 -> 2221 | F435: =SUM('Weekly Data'!H432:H435)/4 -> 470.75 | R435: 37335
A436: =A435+7 -> 37342 | C436: =SUM('Weekly Data'!E433:E436)/4 -> 1953.25 | D436: =SUM('Weekly Data'!F433:F436)/4 -> 1353.5 | E436: =SUM('Weekly Data'!G433:G436)/4 -> 2098.25 | F436: =SUM('Weekly Data'!H433:H436)/4 -> 311 | R436: 37342
A437: =A436+7 -> 37349 | C437: =SUM('Weekly Data'!E434:E437)/4 -> 1854.75 | D437: =SUM('Weekly Data'!F434:F437)/4 -> 1291.5 | E437: =SUM('Weekly Data'!G434:G437)/4 -> 1878.75 | F437: =SUM('Weekly Data'!H434:H437)/4 -> 375.5 | R437: 37349
A438: =A437+7 -> 37356 | C438: =SUM('Weekly Data'!E435:E438)/4 -> 2047.5 | D438: =SUM('Weekly Data'!F435:F438)/4 -> 1195.5 | E438: =SUM('Weekly Data'!G435:G438)/4 -> 1694.5 | F438: =SUM('Weekly Data'!H435:H438)/4 -> 357 | R438: 37356
... A531: =A530+7 -> 38007 | C531: =SUM('Weekly Data'!E528:E531)/4 -> 2839 | D531: =SUM('Weekly Data'!F528:F531)/4 -> 914.5 | E531: =SUM('Weekly Data'!G528:G531)/4 -> 3137.25 | F531: =SUM('Weekly Data'!H528:H531)/4 -> 323.5 | R531: 38007
A532: =A531+7 -> 38014 | B532: =SUM('Weekly Data'!D529:D532)/4 -> 1294.5 | C532: =SUM('Weekly Data'!E529:E532)/4 -> 2871.75 | D532: =SUM('Weekly Data'!F529:F532)/4 -> 870.75 | E532: =SUM('Weekly Data'!G529:G532)/4 -> 3554.25 | F532: =SUM('Weekly Data'!H529:H532)/4 -> 336.75 | G532: =SUM('Weekly Data'!I529:I532)/4 -> 8057.25 | R532: 38014
A533: =A532+7 -> 38021 | B533: =SUM('Weekly Data'!D530:D533)/4 -> 1225.75 | C533: =SUM('Weekly Data'!E530:E533)/4 -> 2961 | D533: =SUM('Weekly Data'!F530:F533)/4 -> 868 | E533: =SUM('Weekly Data'!G530:G533)/4 -> 3764.75 | F533: =SUM('Weekly Data'!H530:H533)/4 -> 333.25 | G533: =SUM('Weekly Data'!I530:I533)/4 -> 8284.75 | R533: 38021
A534: =A533+7 -> 38028 | B534: =SUM('Weekly Data'!D531:D534)/4 -> 1153.75 | C534: =SUM('Weekly Data'!E531:E534)/4 -> 2576.5 | D534: =SUM('Weekly Data'!F531:F534)/4 -> 794.75 | E534: =SUM('Weekly Data'!G531:G534)/4 -> 4020.5 | F534: =SUM('Weekly Data'!H531:H534)/4 -> 383.5 | G534: =SUM('Weekly Data'!I531:I534)/4 -> 8134.25 | R534: 38028
A535: =A534+7 -> 38035 | B535: =SUM('Weekly Data'!D532:D535)/4 -> 1015.75 | C535: =SUM('Weekly Data'!E532:E535)/4 -> 2374.25 | D535: =SUM('Weekly Data'!F532:F535)/4 -> 837.5 | E535: =SUM('Weekly Data'!G532:G535)/4 -> 4438 | F535: =SUM('Weekly Data'!H532:H535)/4 -> 346.5 | G535: =SUM('Weekly Data'!I532:I535)/4 -> 8174.5 | R535: 38035
A536: =A535+7 -> 38042 | B536: =SUM('Weekly Data'!D533:D536)/4 -> 1022.25 | C536: =SUM('Weekly Data'!E533:E536)/4 -> 2391.25 | D536: =SUM('Weekly Data'!F533:F536)/4 -> 825.5 | E536: =SUM('Weekly Data'!G533:G536)/4 -> 4638 | F536: =SUM('Weekly Data'!H533:H536)/4 -> 328 | G536: =SUM('Weekly Data'!I533:I536)/4 -> 8379.5 | R536: 38042
A537: =A536+7 -> 38049 | B537: =SUM('Weekly Data'!D534:D537)/4 -> 1014 | C537: =SUM('Weekly Data'!E534:E537)/4 -> 2229.25 | D537: =SUM('Weekly Data'!F534:F537)/4 -> 989.75 | E537: =SUM('Weekly Data'!G534:G537)/4 -> 4966.5 | F537: =SUM('Weekly Data'!H534:H537)/4 -> 305.75 | G537: =SUM('Weekly Data'!I534:I537)/4 -> 8515.5 | R537: 38049
A538: =A537+7 -> 38056 | B538: =SUM('Weekly Data'!D535:D538)/4 -> 899.75 | C538: =SUM('Weekly Data'!E535:E538)/4 -> 2355 | D538: =SUM('Weekly Data'!F535:F538)/4 -> 907.25 | E538: =SUM('Weekly Data'!G535:G538)/4 -> 5098.5 | F538: =SUM('Weekly Data'!H535:H538)/4 -> 165 | G538: =SUM('Weekly Data'!I535:I538)/4 -> 8518.25 | R538: 38056
A539: =A538+7 -> 38063 | B539: =SUM('Weekly Data'!D536:D539)/4 -> 883.75 | C539: =SUM('Weekly Data'!E536:E539)/4 -> 2421.25 | D539: =SUM('Weekly Data'!F536:F539)/4 -> 877.25 | E539: =SUM('Weekly Data'!G536:G539)/4 -> 4919.75 | F539: =SUM('Weekly Data'!H536:H539)/4 -> 190.5 | G539: =SUM('Weekly Data'!I536:I539)/4 -> 8415.25 | R539: 38063
A540: =A539+7 -> 38070 | B540: =SUM('Weekly Data'!D537:D540)/4 -> 807.75 | C540: =SUM('Weekly Data'!E537:E540)/4 -> 2292.75 | D540: =SUM('Weekly Data'!F537:F540)/4 -> 826.5 | E540: =SUM('Weekly Data'!G537:G540)/4 -> 4925.75 | F540: =SUM('Weekly Data'!H537:H540)/4 -> 155.5 | G540: =SUM('Weekly Data'!I537:I540)/4 -> 8181.75 | R540: 38070
A541: =A540+7 -> 38077 | B541: =SUM('Weekly Data'!D538:D541)/4 -> 650.5 | C541: =SUM('Weekly Data'!E538:E541)/4 -> 2389.25 | D541: =SUM('Weekly Data'!F538:F541)/4 -> 778.25 | E541: =SUM('Weekly Data'!G538:G541)/4 -> 4715.25 | F541: =SUM('Weekly Data'!H538:H541)/4 -> 154 | G541: =SUM('Weekly Data'!I538:I541)/4 -> 7909 | R541: 38077
A542: =A541+7 -> 38084 | B542: =SUM('Weekly Data'!D539:D542)/4 -> 655.25 | C542: =SUM('Weekly Data'!E539:E542)/4 -> 2143.25 | D542: =SUM('Weekly Data'!F539:F542)/4 -> 853.75 | E542: =SUM('Weekly Data'!G539:G542)/4 -> 4457.5 | F542: =SUM('Weekly Data'!H539:H542)/4 -> 132 | G542: =SUM('Weekly Data'!I539:I542)/4 -> 7388 | R542: 38084
A543: =A542+7 -> 38091 | B543: =SUM('Weekly Data'!D540:D543)/4 -> 659.25 | C543: =SUM('Weekly Data'!E540:E543)/4 -> 2191.75 | D543: =SUM('Weekly Data'!F540:F543)/4 -> 936.25 | E543: =SUM('Weekly Data'!G540:G543)/4 -> 3984.25 | F543: =SUM('Weekly Data'!H540:H543)/4 -> 45.5 | G543: =SUM('Weekly Data'!I540:I543)/4 -> 6880.75 | R543: 38091
... A580: =A579+7 -> 38350 | B580: =SUM('Weekly Data'!D577:D580)/4 -> 1122.25 | C580: =SUM('Weekly Data'!E577:E580)/4 -> 1389.5 | D580: =SUM('Weekly Data'!F577:F580)/4 -> 1839.25 | E580: =SUM('Weekly Data'!G577:G580)/4 -> 4235.75 | F580: =SUM('Weekly Data'!H577:H580)/4 -> 398.25 | G580: =SUM('Weekly Data'!I577:I580)/4 -> 7145.75 | R580: 38350
A581: =A580+7 -> 38357 | B581: =SUM('Weekly Data'!D578:D581)/4 -> 1133.75 | C581: =SUM('Weekly Data'!E578:E581)/4 -> 1445 | D581: =SUM('Weekly Data'!F578:F581)/4 -> 1900.5 | E581: =SUM('Weekly Data'!G578:G581)/4 -> 4156.25 | F581: =SUM('Weekly Data'!H578:H581)/4 -> 402.25 | G581: =SUM('Weekly Data'!I578:I581)/4 -> 7137.25 | J581: n/a | K581: =AVERAGE('Weekly Data'!E529,'Weekly Data'!E477,'Weekly Data'!E425,'Weekly Data'!E373) -> 1893.25 | M581: =AVERAGE('Weekly Data'!G529,'Weekly Data'!G477,'Weekly Data'!G425,'Weekly Data'!G373) -> 2236.5 | N581: =AVERAGE('Weekly Data'!H529,'Weekly Data'!H477,'Weekly Data'!H425,'Weekly Data'!H373) -> 572.75 | O581: n/a | R581: 38357 | S581: n/a | T581: =AVERAGE(C529,C477,C425,C373) -> 1559.125 | U581: n/a | V581: =AVERAGE(E529,E477,E425,E373) -> 2256.375 | W581: =AVERAGE(F529,F477,F425,F373) -> 535 | X581: n/a
A582: =A581+7 -> 38364 | B582: =SUM('Weekly Data'!D579:D582)/4 -> 1175 | C582: =SUM('Weekly Data'!E579:E582)/4 -> 1272 | D582: =SUM('Weekly Data'!F579:F582)/4 -> 1671.5 | E582: =SUM('Weekly Data'!G579:G582)/4 -> 4104.75 | F582: =SUM('Weekly Data'!H579:H582)/4 -> 423.75 | G582: =SUM('Weekly Data'!I579:I582)/4 -> 6975.5 | J582: n/a | K582: =AVERAGE('Weekly Data'!E530,'Weekly Data'!E478,'Weekly Data'!E426,'Weekly Data'!E374) -> 1828.25 | M582: =AVERAGE('Weekly Data'!G530,'Weekly Data'!G478,'Weekly Data'!G426,'Weekly Data'!G374) -> 2536.25 | N582: =AVERAGE('Weekly Data'!H530,'Weekly Data'!H478,'Weekly Data'!H426,'Weekly Data'!H374) -> 831.5 | O582: n/a | R582: 38364 | S582: n/a | T582: =AVERAGE(C530,C478,C426,C374) -> 1668.1875 | U582: n/a | V582: =AVERAGE(E530,E478,E426,E374) -> 2276.125 | W582: =AVERAGE(F530,F478,F426,F374) -> 615.375 | X582: n/a
A583: =A582+7 -> 38371 | B583: =SUM('Weekly Data'!D580:D583)/4 -> 1385.25 | C583: =SUM('Weekly Data'!E580:E583)/4 -> 1269.75 | D583: =SUM('Weekly Data'!F580:F583)/4 -> 1394.25 | E583: =SUM('Weekly Data'!G580:G583)/4 -> 3857.5 | F583: =SUM('Weekly Data'!H580:H583)/4 -> 454.25 | G583: =SUM('Weekly Data'!I580:I583)/4 -> 6966.75 | J583: n/a | K583: =AVERAGE('Weekly Data'!E531,'Weekly Data'!E479,'Weekly Data'!E427,'Weekly Data'!E375) -> 1558.75 | M583: =AVERAGE('Weekly Data'!G531,'Weekly Data'!G479,'Weekly Data'!G427,'Weekly Data'!G375) -> 2675.75 | N583: =AVERAGE('Weekly Data'!H531,'Weekly Data'!H479,'Weekly Data'!H427,'Weekly Data'!H375) -> 770.75 | O583: n/a | R583: 38371 | S583: n/a | T583: =AVERAGE(C531,C479,C427,C375) -> 1672.5625 | U583: n/a | V583: =AVERAGE(E531,E479,E427,E375) -> 2325.75 | W583: =AVERAGE(F531,F479,F427,F375) -> 686.5 | X583: n/a
A584: =A583+7 -> 38378 | B584: =SUM('Weekly Data'!D581:D584)/4 -> 1614.25 | C584: =SUM('Weekly Data'!E581:E584)/4 -> 1577.25 | D584: =SUM('Weekly Data'!F581:F584)/4 -> 1273.25 | E584: =SUM('Weekly Data'!G581:G584)/4 -> 4088 | F584: =SUM('Weekly Data'!H581:H584)/4 -> 502.25 | G584: =SUM('Weekly Data'!I581:I584)/4 -> 7781.75 | J584: n/a | K584: =AVERAGE('Weekly Data'!E532,'Weekly Data'!E480,'Weekly Data'!E428,'Weekly Data'!E376) -> 2063.75 | M584: =AVERAGE('Weekly Data'!G532,'Weekly Data'!G480,'Weekly Data'!G428,'Weekly Data'!G376) -> 3304.25 | N584: =AVERAGE('Weekly Data'!H532,'Weekly Data'!H480,'Weekly Data'!H428,'Weekly Data'!H376) -> 682.25 | O584: n/a | R584: 38378 | S584: n/a | T584: =AVERAGE(C532,C480,C428,C376) -> 1836 | U584: n/a | V584: =AVERAGE(E532,E480,E428,E376) -> 2688.1875 | W584: =AVERAGE(F532,F480,F428,F376) -> 714.3125 | X584: n/a
A585: =A584+7 -> 38385 | B585: =SUM('Weekly Data'!D582:D585)/4 -> 1679 | C585: =SUM('Weekly Data'!E582:E585)/4 -> 1667.5 | D585: =SUM('Weekly Data'!F582:F585)/4 -> 1043.25 | E585: =SUM('Weekly Data'!G582:G585)/4 -> 4414.75 | F585: =SUM('Weekly Data'!H582:H585)/4 -> 526 | G585: =SUM('Weekly Data'!I582:I585)/4 -> 8287.25 | J585: n/a | K585: =AVERAGE('Weekly Data'!E533,'Weekly Data'!E481,'Weekly Data'!E429,'Weekly Data'!E377) -> 1999 | M585: =AVERAGE('Weekly Data'!G533,'Weekly Data'!G481,'Weekly Data'!G429,'Weekly Data'!G377) -> 3267.25 | N585: =AVERAGE('Weekly Data'!H533,'Weekly Data'!H481,'Weekly Data'!H429,'Weekly Data'!H377) -> 651.75 | O585: n/a | R585: 38385 | S585: n/a | T585: =AVERAGE(C533,C481,C429,C377) -> 1862.4375 | U585: n/a | V585: =AVERAGE(E533,E481,E429,E377) -> 2945.875 | W585: =AVERAGE(F533,F481,F429,F377) -> 734.0625 | X585: n/a
A586: =A585+7 -> 38392 | B586: =SUM('Weekly Data'!D583:D586)/4 -> 1698.25 | C586: =SUM('Weekly Data'!E583:E586)/4 -> 1756.75 | D586: =SUM('Weekly Data'!F583:F586)/4 -> 1090.25 | E586: =SUM('Weekly Data'!G583:G586)/4 -> 4700.5 | F586: =SUM('Weekly Data'!H583:H586)/4 -> 511 | G586: =SUM('Weekly Data'!I583:I586)/4 -> 8666.5 | J586: n/a | K586: =AVERAGE('Weekly Data'!E534,'Weekly Data'!E482,'Weekly Data'!E430,'Weekly Data'!E378) -> 2273.25 | M586: =AVERAGE('Weekly Data'!G534,'Weekly Data'!G482,'Weekly Data'!G430,'Weekly Data'!G378) -> 3794.5 | N586: =AVERAGE('Weekly Data'!H534,'Weekly Data'!H482,'Weekly Data'!H430,'Weekly Data'!H378) -> 755.5 | O586: n/a | R586: 38392 | S586: n/a | T586: =AVERAGE(C534,C482,C430,C378) -> 1973.6875 | U586: n/a | V586: =AVERAGE(E534,E482,E430,E378) -> 3260.4375 | W586: =AVERAGE(F534,F482,F430,F378) -> 715.0625 | X586: n/a
A587: =A586+7 -> 38399 | B587: =SUM('Weekly Data'!D584:D587)/4 -> 1604 | C587: =SUM('Weekly Data'!E584:E587)/4 -> 1832.5 | D587: =SUM('Weekly Data'!F584:F587)/4 -> 1038.25 | E587: =SUM('Weekly Data'!G584:G587)/4 -> 5016.5 | F587: =SUM('Weekly Data'!H584:H587)/4 -> 515 | G587: =SUM('Weekly Data'!I584:I587)/4 -> 8968 | J587: n/a | K587: =AVERAGE('Weekly Data'!E535,'Weekly Data'!E483,'Weekly Data'!E431,'Weekly Data'!E379) -> 1596 | M587: =AVERAGE('Weekly Data'!G535,'Weekly Data'!G483,'Weekly Data'!G431,'Weekly Data'!G379) -> 3484 | N587: =AVERAGE('Weekly Data'!H535,'Weekly Data'!H483,'Weekly Data'!H431,'Weekly Data'!H379) -> 638.5 | O587: n/a | R587: 38399 | S587: n/a | T587: =AVERAGE(C535,C483,C431,C379) -> 1983 | U587: n/a | V587: =AVERAGE(E535,E483,E431,E379) -> 3462.5 | W587: =AVERAGE(F535,F483,F431,F379) -> 682 | X587: n/a
A588: =A587+7 -> 38406 | B588: =SUM('Weekly Data'!D585:D588)/4 -> 1445 | C588: =SUM('Weekly Data'!E585:E588)/4 -> 1822.5 | D588: =SUM('Weekly Data'!F585:F588)/4 -> 1119 | E588: =SUM('Weekly Data'!G585:G588)/4 -> 5107.75 | F588: =SUM('Weekly Data'!H585:H588)/4 -> 525 | G588: =SUM('Weekly Data'!I585:I588)/4 -> 8900.25 | J588: n/a | K588: =AVERAGE('Weekly Data'!E536,'Weekly Data'!E484,'Weekly Data'!E432,'Weekly Data'!E380) -> 1986 | M588: =AVERAGE('Weekly Data'!G536,'Weekly Data'!G484,'Weekly Data'!G432,'Weekly Data'!G380) -> 3502.75 | N588: =AVERAGE('Weekly Data'!H536,'Weekly Data'!H484,'Weekly Data'!H432,'Weekly Data'!H380) -> 785.5 | O588: n/a | R588: 38406 | S588: n/a | T588: =AVERAGE(C536,C484,C432,C380) -> 1963.5625 | U588: n/a | V588: =AVERAGE(E536,E484,E432,E380) -> 3512.125 | W588: =AVERAGE(F536,F484,F432,F380) -> 707.8125 | X588: n/a
A589: =A588+7 -> 38413 | B589: =SUM('Weekly Data'!D586:D589)/4 -> 1389.25 | C589: =SUM('Weekly Data'!E586:E589)/4 -> 1935.5 | D589: =SUM('Weekly Data'!F586:F589)/4 -> 1247 | E589: =SUM('Weekly Data'!G586:G589)/4 -> 5106.75 | F589: =SUM('Weekly Data'!H586:H589)/4 -> 535.25 | G589: =SUM('Weekly Data'!I586:I589)/4 -> 8966.75 | J589: n/a | K589: =AVERAGE('Weekly Data'!E537,'Weekly Data'!E485,'Weekly Data'!E433,'Weekly Data'!E381) -> 1809.75 | M589: =AVERAGE('Weekly Data'!G537,'Weekly Data'!G485,'Weekly Data'!G433,'Weekly Data'!G381) -> 3430.5 | N589: =AVERAGE('Weekly Data'!H537,'Weekly Data'!H485,'Weekly Data'!H433,'Weekly Data'!H381) -> 397.25 | O589: n/a | R589: 38413 | S589: n/a | T589: =AVERAGE(C537,C485,C433,C381) -> 1916.25 | U589: n/a | V589: =AVERAGE(E537,E485,E433,E381) -> 3552.9375 | W589: =AVERAGE(F537,F485,F433,F381) -> 644.1875 | X589: n/a
A590: =A589+7 -> 38420 | B590: =SUM('Weekly Data'!D587:D590)/4 -> 1378.25 | C590: =SUM('Weekly Data'!E587:E590)/4 -> 2084.75 | D590: =SUM('Weekly Data'!F587:F590)/4 -> 1316 | E590: =SUM('Weekly Data'!G587:G590)/4 -> 5199.5 | F590: =SUM('Weekly Data'!H587:H590)/4 -> 527 | G590: =SUM('Weekly Data'!I587:I590)/4 -> 9189.5 | J590: n/a | K590: =AVERAGE('Weekly Data'!E538,'Weekly Data'!E486,'Weekly Data'!E434,'Weekly Data'!E382) -> 1631.25 | M590: =AVERAGE('Weekly Data'!G538,'Weekly Data'!G486,'Weekly Data'!G434,'Weekly Data'!G382) -> 3225.75 | N590: =AVERAGE('Weekly Data'!H538,'Weekly Data'!H486,'Weekly Data'!H434,'Weekly Data'!H382) -> 403.75 | O590: n/a | R590: 38420 | S590: n/a | T590: =AVERAGE(C538,C486,C434,C382) -> 1755.75 | U590: n/a | V590: =AVERAGE(E538,E486,E434,E382) -> 3410.75 | W590: =AVERAGE(F538,F486,F434,F382) -> 556.25 | X590: n/a
A591: =A590+7 -> 38427 | B591: =SUM('Weekly Data'!D588:D591)/4 -> 1180.25 | C591: =SUM('Weekly Data'!E588:E591)/4 -> 2235.75 | D591: =SUM('Weekly Data'!F588:F591)/4 -> 1398.25 | E591: =SUM('Weekly Data'!G588:G591)/4 -> 5107 | F591: =SUM('Weekly Data'!H588:H591)/4 -> 495 | G591: =SUM('Weekly Data'!I588:I591)/4 -> 9018 | J591: n/a | K591: =AVERAGE('Weekly Data'!E539,'Weekly Data'!E487,'Weekly Data'!E435,'Weekly Data'!E383) -> 1393.75 | M591: =AVERAGE('Weekly Data'!G539,'Weekly Data'!G487,'Weekly Data'!G435,'Weekly Data'!G383) -> 3441 | N591: =AVERAGE('Weekly Data'!H539,'Weekly Data'!H487,'Weekly Data'!H435,'Weekly Data'!H383) -> 590.75 | O591: n/a | R591: 38427 | S591: n/a | T591: =AVERAGE(C539,C487,C435,C383) -> 1705.1875 | U591: n/a | V591: =AVERAGE(E539,E487,E435,E383) -> 3400 | W591: =AVERAGE(F539,F487,F435,F383) -> 544.3125 | X591: n/a
A592: =A591+7 -> 38434 | B592: =SUM('Weekly Data'!D589:D592)/4 -> 1196.75 | C592: =SUM('Weekly Data'!E589:E592)/4 -> 2069.75 | D592: =SUM('Weekly Data'!F589:F592)/4 -> 1537.25 | E592: =SUM('Weekly Data'!G589:G592)/4 -> 4688.5 | F592: =SUM('Weekly Data'!H589:H592)/4 -> 444.25 | G592: =SUM('Weekly Data'!I589:I592)/4 -> 8399.25 | J592: n/a | K592: =AVERAGE('Weekly Data'!E540,'Weekly Data'!E488,'Weekly Data'!E436,'Weekly Data'!E384) -> 1917 | M592: =AVERAGE('Weekly Data'!G540,'Weekly Data'!G488,'Weekly Data'!G436,'Weekly Data'!G384) -> 3694 | N592: =AVERAGE('Weekly Data'!H540,'Weekly Data'!H488,'Weekly Data'!H436,'Weekly Data'!H384) -> 347.75 | O592: n/a | R592: 38434 | S592: n/a | T592: =AVERAGE(C540,C488,C436,C384) -> 1687.9375 | U592: n/a | V592: =AVERAGE(E540,E488,E436,E384) -> 3447.8125 | W592: =AVERAGE(F540,F488,F436,F384) -> 434.875 | X592: n/a
... A614: =A613+7 -> 38588 | B614: =SUM('Weekly Data'!D611:D614)/4 -> 371 | C614: =SUM('Weekly Data'!E611:E614)/4 -> 2363.5 | D614: =SUM('Weekly Data'!F611:F614)/4 -> 728.75 | E614: =SUM('Weekly Data'!G611:G614)/4 -> 3760.75 | F614: =SUM('Weekly Data'!H611:H614)/4 -> 48.5 | G614: =SUM('Weekly Data'!I611:I614)/4 -> 6543.75 | J614: n/a | K614: =AVERAGE('Weekly Data'!E562,'Weekly Data'!E510,'Weekly Data'!E458,'Weekly Data'!E406) -> 1776 | M614: =AVERAGE('Weekly Data'!G562,'Weekly Data'!G510,'Weekly Data'!G458,'Weekly Data'!G406) -> 2260.5 | N614: =AVERAGE('Weekly Data'!H562,'Weekly Data'!H510,'Weekly Data'!H458,'Weekly Data'!H406) -> 87 | O614: n/a | R614: 38588 | S614: n/a | T614: =AVERAGE(C562,C510,C458,C406) -> 1645.75 | U614: n/a | V614: =AVERAGE(E562,E510,E458,E406) -> 2086.8125 | W614: =AVERAGE(F562,F510,F458,F406) -> 193.8125 | X614: n/a
A615: =A614+7 -> 38595 | B615: =SUM('Weekly Data'!D612:D615)/4 -> 422 | C615: =SUM('Weekly Data'!E612:E615)/4 -> 2271.75 | D615: =SUM('Weekly Data'!F612:F615)/4 -> 685.75 | E615: =SUM('Weekly Data'!G612:G615)/4 -> 3866 | F615: =SUM('Weekly Data'!H612:H615)/4 -> 37.75 | G615: =SUM('Weekly Data'!I612:I615)/4 -> 6597.5 | J615: n/a | K615: =AVERAGE('Weekly Data'!E563,'Weekly Data'!E511,'Weekly Data'!E459,'Weekly Data'!E407) -> 1747.25 | M615: =AVERAGE('Weekly Data'!G563,'Weekly Data'!G511,'Weekly Data'!G459,'Weekly Data'!G407) -> 2485.75 | N615: =AVERAGE('Weekly Data'!H563,'Weekly Data'!H511,'Weekly Data'!H459,'Weekly Data'!H407) -> 62.25 | O615: n/a | R615: 8/31/2005r | S615: n/a | T615: =AVERAGE(C563,C511,C459,C407) -> 1697.75 | U615: n/a | V615: =AVERAGE(E563,E511,E459,E407) -> 2162.6875 | W615: =AVERAGE(F563,F511,F459,F407) -> 163.1875 | X615: n/a
A616: =A615+7 -> 38602 | B616: =SUM('Weekly Data'!D613:D616)/4 -> 301 | C616: =SUM('Weekly Data'!E613:E616)/4 -> 2175.25 | D616: =SUM('Weekly Data'!F613:F616)/4 -> 657.5 | E616: =SUM('Weekly Data'!G613:G616)/4 -> 4015 | F616: =SUM('Weekly Data'!H613:H616)/4 -> 51.75 | G616: =SUM('Weekly Data'!I613:I616)/4 -> 6543 | J616: n/a | K616: =AVERAGE('Weekly Data'!E564,'Weekly Data'!E512,'Weekly Data'!E460,'Weekly Data'!E408) -> 1798.25 | M616: =AVERAGE('Weekly Data'!G564,'Weekly Data'!G512,'Weekly Data'!G460,'Weekly Data'!G408) -> 2169 | N616: =AVERAGE('Weekly Data'!H564,'Weekly Data'!H512,'Weekly Data'!H460,'Weekly Data'!H408) -> 76.5 | O616: n/a | R616: 9/7/2005p | S616: n/a | T616: =AVERAGE(C564,C512,C460,C408) -> 1734.3125 | U616: n/a | V616: =AVERAGE(E564,E512,E460,E408) -> 2224.75 | W616: =AVERAGE(F564,F512,F460,F408) -> 118.125 | X616: n/a
A617: =A616+7 -> 38609 | B617: =SUM('Weekly Data'!D614:D617)/4 -> 243.5 | C617: =SUM('Weekly Data'!E614:E617)/4 -> 2331.75 | D617: =SUM('Weekly Data'!F614:F617)/4 -> 690.75 | E617: =SUM('Weekly Data'!G614:G617)/4 -> 4134 | F617: =SUM('Weekly Data'!H614:H617)/4 -> 89.25 | G617: =SUM('Weekly Data'!I614:I617)/4 -> 6798.5 | J617: n/a | K617: =AVERAGE('Weekly Data'!E565,'Weekly Data'!E513,'Weekly Data'!E461,'Weekly Data'!E409) -> 1745.75 | M617: =AVERAGE('Weekly Data'!G565,'Weekly Data'!G513,'Weekly Data'!G461,'Weekly Data'!G409) -> 2033.25 | N617: =AVERAGE('Weekly Data'!H565,'Weekly Data'!H513,'Weekly Data'!H461,'Weekly Data'!H409) -> 101.25 | O617: n/a | R617: 38609 | S617: n/a | T617: =AVERAGE(C565,C513,C461,C409) -> 1766.8125 | U617: n/a | V617: =AVERAGE(E565,E513,E461,E409) -> 2237.125 | W617: =AVERAGE(F565,F513,F461,F409) -> 81.75 | X617: n/a
A618: =A617+7 -> 38616 | B618: =SUM('Weekly Data'!D615:D618)/4 -> 383 | C618: =SUM('Weekly Data'!E615:E618)/4 -> 2454.25 | D618: =SUM('Weekly Data'!F615:F618)/4 -> 920.25 | E618: =SUM('Weekly Data'!G615:G618)/4 -> 3932.5 | F618: =SUM('Weekly Data'!H615:H618)/4 -> 186.5 | G618: =SUM('Weekly Data'!I615:I618)/4 -> 6956.25 | J618: n/a | K618: =AVERAGE('Weekly Data'!E566,'Weekly Data'!E514,'Weekly Data'!E462,'Weekly Data'!E410) -> 1479.75 | M618: =AVERAGE('Weekly Data'!G566,'Weekly Data'!G514,'Weekly Data'!G462,'Weekly Data'!G410) -> 2229.75 | N618: =AVERAGE('Weekly Data'!H566,'Weekly Data'!H514,'Weekly Data'!H462,'Weekly Data'!H410) -> 133.75 | O618: n/a | R618: 38616 | S618: n/a | T618: =AVERAGE(C566,C514,C462,C410) -> 1692.75 | U618: n/a | V618: =AVERAGE(E566,E514,E462,E410) -> 2229.4375 | W618: =AVERAGE(F566,F514,F462,F410) -> 93.4375 | X618: n/a
A619: =A618+7 -> 38623 | B619: =SUM('Weekly Data'!D616:D619)/4 -> 650.5 | C619: =SUM('Weekly Data'!E616:E619)/4 -> 2178.75 | D619: =SUM('Weekly Data'!F616:F619)/4 -> 919.25 | E619: =SUM('Weekly Data'!G616:G619)/4 -> 4014.5 | F619: =SUM('Weekly Data'!H616:H619)/4 -> 258.25 | G619: =SUM('Weekly Data'!I616:I619)/4 -> 7102 | J619: n/a | K619: =AVERAGE('Weekly Data'!E567,'Weekly Data'!E515,'Weekly Data'!E463,'Weekly Data'!E411) -> 1577.25 | M619: =AVERAGE('Weekly Data'!G567,'Weekly Data'!G515,'Weekly Data'!G463,'Weekly Data'!G411) -> 2676 | N619: =AVERAGE('Weekly Data'!H567,'Weekly Data'!H515,'Weekly Data'!H463,'Weekly Data'!H411) -> 145.25 | O619: n/a | R619: 38623 | S619: n/a | T619: =AVERAGE(C567,C515,C463,C411) -> 1650.25 | U619: n/a | V619: =AVERAGE(E567,E515,E463,E411) -> 2277 | W619: =AVERAGE(F567,F515,F463,F411) -> 114.1875 | X619: n/a
A620: =A619+7 -> 38630 | B620: =SUM('Weekly Data'!D617:D620)/4 -> 965.25 | C620: =SUM('Weekly Data'!E617:E620)/4 -> 2472.75 | D620: =SUM('Weekly Data'!F617:F620)/4 -> 909 | E620: =SUM('Weekly Data'!G617:G620)/4 -> 4289.75 | F620: =SUM('Weekly Data'!H617:H620)/4 -> 349.5 | G620: =SUM('Weekly Data'!I617:I620)/4 -> 8077.25 | J620: n/a | K620: =AVERAGE('Weekly Data'!E568,'Weekly Data'!E516,'Weekly Data'!E464,'Weekly Data'!E412) -> 1673.25 | M620: =AVERAGE('Weekly Data'!G568,'Weekly Data'!G516,'Weekly Data'!G464,'Weekly Data'!G412) -> 3226.75 | N620: =AVERAGE('Weekly Data'!H568,'Weekly Data'!H516,'Weekly Data'!H464,'Weekly Data'!H412) -> 190.5 | O620: n/a | R620: 38630 | S620: n/a | T620: =AVERAGE(C568,C516,C464,C412) -> 1619 | U620: n/a | V620: =AVERAGE(E568,E516,E464,E412) -> 2541.4375 | W620: =AVERAGE(F568,F516,F464,F412) -> 142.6875 | X620: n/a
A621: =A620+7 -> 38637 | B621: =SUM('Weekly Data'!D618:D621)/4 -> 1328.25 | C621: =SUM('Weekly Data'!E618:E621)/4 -> 2307.5 | D621: =SUM('Weekly Data'!F618:F621)/4 -> 1061 | E621: =SUM('Weekly Data'!G618:G621)/4 -> 4668.5 | F621: =SUM('Weekly Data'!H618:H621)/4 -> 495 | G621: =SUM('Weekly Data'!I618:I621)/4 -> 8799.25 | J621: n/a | K621: =AVERAGE('Weekly Data'!E569,'Weekly Data'!E517,'Weekly Data'!E465,'Weekly Data'!E413) -> 1364.25 | M621: =AVERAGE('Weekly Data'!G569,'Weekly Data'!G517,'Weekly Data'!G465,'Weekly Data'!G413) -> 3960.75 | N621: =AVERAGE('Weekly Data'!H569,'Weekly Data'!H517,'Weekly Data'!H465,'Weekly Data'!H413) -> 366.25 | O621: n/a | R621: 38637 | S621: n/a | T621: =AVERAGE(C569,C517,C465,C413) -> 1523.625 | U621: n/a | V621: =AVERAGE(E569,E517,E465,E413) -> 3023.3125 | W621: =AVERAGE(F569,F517,F465,F413) -> 208.9375 | X621: n/a
A622: =A621+7 -> 38644 | B622: =SUM('Weekly Data'!D619:D622)/4 -> 1399.75 | C622: =SUM('Weekly Data'!E619:E622)/4 -> 2226.75 | D622: =SUM('Weekly Data'!F619:F622)/4 -> 1105.75 | E622: =SUM('Weekly Data'!G619:G622)/4 -> 5310.5 | F622: =SUM('Weekly Data'!H619:H622)/4 -> 498.75 | G622: =SUM('Weekly Data'!I619:I622)/4 -> 9435.75 | J622: n/a | K622: =AVERAGE('Weekly Data'!E570,'Weekly Data'!E518,'Weekly Data'!E466,'Weekly Data'!E414) -> 1165.25 | M622: =AVERAGE('Weekly Data'!G570,'Weekly Data'!G518,'Weekly Data'!G466,'Weekly Data'!G414) -> 4243.5 | N622: =AVERAGE('Weekly Data'!H570,'Weekly Data'!H518,'Weekly Data'!H466,'Weekly Data'!H414) -> 673 | O622: n/a | R622: 38644 | S622: n/a | T622: =AVERAGE(C570,C518,C466,C414) -> 1445 | U622: n/a | V622: =AVERAGE(E570,E518,E466,E414) -> 3526.75 | W622: =AVERAGE(F570,F518,F466,F414) -> 343.75 | X622: n/a
A623: =A622+7 -> 38651 | B623: =SUM('Weekly Data'!D620:D623)/4 -> 1577 | C623: =SUM('Weekly Data'!E620:E623)/4 -> 2653 | D623: =SUM('Weekly Data'!F620:F623)/4 -> 1279 | E623: =SUM('Weekly Data'!G620:G623)/4 -> 5485 | F623: =SUM('Weekly Data'!H620:H623)/4 -> 572.5 | G623: =SUM('Weekly Data'!I620:I623)/4 -> 10287.5 | J623: n/a | K623: =AVERAGE('Weekly Data'!E571,'Weekly Data'!E519,'Weekly Data'!E467,'Weekly Data'!E415) -> 1635.75 | M623: =AVERAGE('Weekly Data'!G571,'Weekly Data'!G519,'Weekly Data'!G467,'Weekly Data'!G415) -> 4160.75 | N623: =AVERAGE('Weekly Data'!H571,'Weekly Data'!H519,'Weekly Data'!H467,'Weekly Data'!H415) -> 850.25 | O623: n/a | R623: 38651 | S623: n/a | T623: =AVERAGE(C571,C519,C467,C415) -> 1459.625 | U623: n/a | V623: =AVERAGE(E571,E519,E467,E415) -> 3897.9375 | W623: =AVERAGE(F571,F519,F467,F415) -> 520 | X623: n/a
A624: =A623+7 -> 38658 | B624: =SUM('Weekly Data'!D621:D624)/4 -> 1797.75 | C624: =SUM('Weekly Data'!E621:E624)/4 -> 2264.25 | D624: =SUM('Weekly Data'!F621:F624)/4 -> 1483.75 | E624: =SUM('Weekly Data'!G621:G624)/4 -> 5472.5 | F624: =SUM('Weekly Data'!H621:H624)/4 -> 621 | G624: =SUM('Weekly Data'!I621:I624)/4 -> 10155.5 | J624: n/a | K624: =AVERAGE('Weekly Data'!E572,'Weekly Data'!E520,'Weekly Data'!E468,'Weekly Data'!E416) -> 1607.75 | M624: =AVERAGE('Weekly Data'!G572,'Weekly Data'!G520,'Weekly Data'!G468,'Weekly Data'!G416) -> 3699.5 | N624: =AVERAGE('Weekly Data'!H572,'Weekly Data'!H520,'Weekly Data'!H468,'Weekly Data'!H416) -> 730.5 | O624: n/a | R624: 38658 | S624: n/a | T624: =AVERAGE(C572,C520,C468,C416) -> 1443.25 | U624: n/a | V624: =AVERAGE(E572,E520,E468,E416) -> 4016.125 | W624: =AVERAGE(F572,F520,F468,F416) -> 655 | X624: n/a
A625: =A624+7 -> 38665 | B625: =SUM('Weekly Data'!D622:D625)/4 -> 1813.75 | C625: =SUM('Weekly Data'!E622:E625)/4 -> 2232.25 | D625: =SUM('Weekly Data'!F622:F625)/4 -> 1433.5 | E625: =SUM('Weekly Data'!G622:G625)/4 -> 5009.75 | F625: =SUM('Weekly Data'!H622:H625)/4 -> 577.25 | G625: =SUM('Weekly Data'!I622:I625)/4 -> 9633 | J625: n/a | K625: =AVERAGE('Weekly Data'!E573,'Weekly Data'!E521,'Weekly Data'!E469,'Weekly Data'!E417) -> 1735 | M625: =AVERAGE('Weekly Data'!G573,'Weekly Data'!G521,'Weekly Data'!G469,'Weekly Data'!G417) -> 3871.5 | N625: =AVERAGE('Weekly Data'!H573,'Weekly Data'!H521,'Weekly Data'!H469,'Weekly Data'!H417) -> 721.5 | O625: n/a | R625: 38665 | S625: n/a | T625: =AVERAGE(C573,C521,C469,C417) -> 1535.9375 | U625: n/a | V625: =AVERAGE(E573,E521,E469,E417) -> 3993.8125 | W625: =AVERAGE(F573,F521,F469,F417) -> 743.8125 | X625: n/a
A626: =A625+7 -> 38672 | B626: =SUM('Weekly Data'!D623:D626)/4 -> 1769.75 | C626: =SUM('Weekly Data'!E623:E626)/4 -> 2131.5 | D626: =SUM('Weekly Data'!F623:F626)/4 -> 1245 | E626: =SUM('Weekly Data'!G623:G626)/4 -> 4795.25 | F626: =SUM('Weekly Data'!H623:H626)/4 -> 648 | G626: =SUM('Weekly Data'!I623:I626)/4 -> 9344.5 | J626: n/a | K626: =AVERAGE('Weekly Data'!E574,'Weekly Data'!E522,'Weekly Data'!E470,'Weekly Data'!E418) -> 1880.25 | M626: =AVERAGE('Weekly Data'!G574,'Weekly Data'!G522,'Weekly Data'!G470,'Weekly Data'!G418) -> 3863.5 | N626: =AVERAGE('Weekly Data'!H574,'Weekly Data'!H522,'Weekly Data'!H470,'Weekly Data'!H418) -> 651.5 | O626: n/a | R626: 38672 | S626: n/a | T626: =AVERAGE(C574,C522,C470,C418) -> 1714.6875 | U626: n/a | V626: =AVERAGE(E574,E522,E470,E418) -> 3898.8125 | W626: =AVERAGE(F574,F522,F470,F418) -> 738.4375 | X626: n/a
A627: =A626+7 -> 38679 | B627: =SUM('Weekly Data'!D624:D627)/4 -> 1622 | C627: =SUM('Weekly Data'!E624:E627)/4 -> 2031 | D627: =SUM('Weekly Data'!F624:F627)/4 -> 1089.25 | E627: =SUM('Weekly Data'!G624:G627)/4 -> 4608.75 | F627: =SUM('Weekly Data'!H624:H627)/4 -> 631.75 | G627: =SUM('Weekly Data'!I624:I627)/4 -> 8893.5 | J627: n/a | K627: =AVERAGE('Weekly Data'!E575,'Weekly Data'!E523,'Weekly Data'!E471,'Weekly Data'!E419) -> 1741.25 | M627: =AVERAGE('Weekly Data'!G575,'Weekly Data'!G523,'Weekly Data'!G471,'Weekly Data'!G419) -> 3736.75 | N627: =AVERAGE('Weekly Data'!H575,'Weekly Data'!H523,'Weekly Data'!H471,'Weekly Data'!H419) -> 516 | O627: n/a | R627: 38679 | S627: n/a | T627: =AVERAGE(C575,C523,C471,C419) -> 1741.0625 | U627: n/a | V627: =AVERAGE(E575,E523,E471,E419) -> 3792.8125 | W627: =AVERAGE(F575,F523,F471,F419) -> 654.875 | X627: n/a
A628: =A627+7 -> 38686 | B628: =SUM('Weekly Data'!D625:D628)/4 -> 1336.25 | C628: =SUM('Weekly Data'!E625:E628)/4 -> 2231 | D628: =SUM('Weekly Data'!F625:F628)/4 -> 1024 | E628: =SUM('Weekly Data'!G625:G628)/4 -> 4413.5 | F628: =SUM('Weekly Data'!H625:H628)/4 -> 605.5 | G628: =SUM('Weekly Data'!I625:I628)/4 -> 8586.25 | J628: n/a | K628: =AVERAGE('Weekly Data'!E576,'Weekly Data'!E524,'Weekly Data'!E472,'Weekly Data'!E420) -> 1831.25 | M628: =AVERAGE('Weekly Data'!G576,'Weekly Data'!G524,'Weekly Data'!G472,'Weekly Data'!G420) -> 3120.5 | N628: =AVERAGE('Weekly Data'!H576,'Weekly Data'!H524,'Weekly Data'!H472,'Weekly Data'!H420) -> 531.75 | O628: n/a | R628: 38686 | S628: n/a | T628: =AVERAGE(C576,C524,C472,C420) -> 1796.9375 | U628: n/a | V628: =AVERAGE(E576,E524,E472,E420) -> 3648.0625 | W628: =AVERAGE(F576,F524,F472,F420) -> 605.1875 | X628: n/a
... A634: =A633+7 -> 38728 | B634: =SUM('Weekly Data'!D631:D634)/4 -> 1295.25 | C634: =SUM('Weekly Data'!E631:E634)/4 -> 2249.75 | D634: =SUM('Weekly Data'!F631:F634)/4 -> 868.5 | E634: =SUM('Weekly Data'!G631:G634)/4 -> 3946.25 | F634: =SUM('Weekly Data'!H631:H634)/4 -> 454.25 | G634: =SUM('Weekly Data'!I631:I634)/4 -> 7945.5 | J634: n/a | K634: =AVERAGE('Weekly Data'!E582,'Weekly Data'!E530,'Weekly Data'!E478,'Weekly Data'!E426) -> 1919 | M634: =AVERAGE('Weekly Data'!G582,'Weekly Data'!G530,'Weekly Data'!G478,'Weekly Data'!G426) -> 2751.25 | N634: =AVERAGE('Weekly Data'!H582,'Weekly Data'!H530,'Weekly Data'!H478,'Weekly Data'!H426) -> 726.75 | O634: n/a | R634: 38728 | S634: n/a | T634: =AVERAGE(C582,C530,C478,C426) -> 1716.375 | U634: n/a | V634: =AVERAGE(E582,E530,E478,E426) -> 2805.375 | W634: =AVERAGE(F582,F530,F478,F426) -> 585.75 | X634: n/a
A635: =A634+7 -> 38735 | B635: =SUM('Weekly Data'!D632:D635)/4 -> 1443.25 | C635: =SUM('Weekly Data'!E632:E635)/4 -> 2174.75 | D635: =SUM('Weekly Data'!F632:F635)/4 -> 771 | E635: =SUM('Weekly Data'!G632:G635)/4 -> 3796 | F635: =SUM('Weekly Data'!H632:H635)/4 -> 431.25 | G635: =SUM('Weekly Data'!I632:I635)/4 -> 7845.25 | J635: n/a | K635: =AVERAGE('Weekly Data'!E583,'Weekly Data'!E531,'Weekly Data'!E479,'Weekly Data'!E427) -> 1555.75 | L635: =AVERAGE('Weekly Data'!F583,'Weekly Data'!F531,'Weekly Data'!F479,'Weekly Data'!F427) -> 881.5 | M635: =AVERAGE('Weekly Data'!G583,'Weekly Data'!G531,'Weekly Data'!G479,'Weekly Data'!G427) -> 3058.75 | N635: =AVERAGE('Weekly Data'!H583,'Weekly Data'!H531,'Weekly Data'!H479,'Weekly Data'!H427) -> 724 | O635: n/a | R635: 38735 | S635: n/a | T635: =AVERAGE(C583,C531,C479,C426) -> 1702.8125 | U635: =AVERAGE(D583,D531,D479,D426) -> 1070.1667 | V635: =AVERAGE(E583,E531,E479,E426) -> 2775.6875 | W635: =AVERAGE(F583,F531,F479,F426) -> 597.0625 | X635: n/a
A636: =A635+7 -> 38742 | B636: =SUM('Weekly Data'!D633:D636)/4 -> 1807 | C636: =SUM('Weekly Data'!E633:E636)/4 -> 2193.25 | D636: =SUM('Weekly Data'!F633:F636)/4 -> 666 | E636: =SUM('Weekly Data'!G633:G636)/4 -> 4142.5 | F636: =SUM('Weekly Data'!H633:H636)/4 -> 510.25 | G636: =SUM('Weekly Data'!I633:I636)/4 -> 8653 | J636: n/a | K636: =AVERAGE('Weekly Data'!E584,'Weekly Data'!E532,'Weekly Data'!E480,'Weekly Data'!E428) -> 2243 | L636: =AVERAGE('Weekly Data'!F584,'Weekly Data'!F532,'Weekly Data'!F480,'Weekly Data'!F428) -> 745.5 | M636: =AVERAGE('Weekly Data'!G584,'Weekly Data'!G532,'Weekly Data'!G480,'Weekly Data'!G428) -> 3746 | N636: =AVERAGE('Weekly Data'!H584,'Weekly Data'!H532,'Weekly Data'!H480,'Weekly Data'!H428) -> 573.75 | O636: n/a | R636: 38742 | S636: n/a | T636: =AVERAGE(C584,C532,C480,C427) -> 1801.5 | U636: =AVERAGE(D584,D532,D480,D427) -> 881.75 | V636: =AVERAGE(E584,E532,E480,E427) -> 2977 | W636: =AVERAGE(F584,F532,F480,F427) -> 633.1875 | X636: n/a
A637: =A636+7 -> 38749 | B637: =SUM('Weekly Data'!D634:D637)/4 -> 1913 | C637: =SUM('Weekly Data'!E634:E637)/4 -> 2299.25 | D637: =SUM('Weekly Data'!F634:F637)/4 -> 569 | E637: =SUM('Weekly Data'!G634:G637)/4 -> 4189.5 | F637: =SUM('Weekly Data'!H634:H637)/4 -> 514 | G637: =SUM('Weekly Data'!I634:I637)/4 -> 8915.75 | J637: n/a | K637: =AVERAGE('Weekly Data'!E585,'Weekly Data'!E533,'Weekly Data'!E481,'Weekly Data'!E429) -> 1842.5 | L637: =AVERAGE('Weekly Data'!F585,'Weekly Data'!F533,'Weekly Data'!F481,'Weekly Data'!F429) -> 784.25 | M637: =AVERAGE('Weekly Data'!G585,'Weekly Data'!G533,'Weekly Data'!G481,'Weekly Data'!G429) -> 3885 | N637: =AVERAGE('Weekly Data'!H585,'Weekly Data'!H533,'Weekly Data'!H481,'Weekly Data'!H429) -> 536.75 | O637: n/a | R637: 38749 | S637: n/a | T637: =AVERAGE(C585,C533,C481,C428) -> 1946.5625 | U637: =AVERAGE(D585,D533,D481,D428) -> 819.3125 | V637: =AVERAGE(E585,E533,E481,E428) -> 3266.0625 | W637: =AVERAGE(F585,F533,F481,F428) -> 659.25 | X637: n/a
A638: =A637+7 -> 38756 | B638: =SUM('Weekly Data'!D635:D638)/4 -> 2259 | C638: =SUM('Weekly Data'!E635:E638)/4 -> 2297 | D638: =SUM('Weekly Data'!F635:F638)/4 -> 595.25 | E638: =SUM('Weekly Data'!G635:G638)/4 -> 4151.25 | F638: =SUM('Weekly Data'!H635:H638)/4 -> 416.5 | G638: =SUM('Weekly Data'!I635:I638)/4 -> 9123.75 | J638: n/a | K638: =AVERAGE('Weekly Data'!E586,'Weekly Data'!E534,'Weekly Data'!E482,'Weekly Data'!E430) -> 2091.75 | L638: =AVERAGE('Weekly Data'!F586,'Weekly Data'!F534,'Weekly Data'!F482,'Weekly Data'!F430) -> 713.25 | M638: =AVERAGE('Weekly Data'!G586,'Weekly Data'!G534,'Weekly Data'!G482,'Weekly Data'!G430) -> 4542.5 | N638: =AVERAGE('Weekly Data'!H586,'Weekly Data'!H534,'Weekly Data'!H482,'Weekly Data'!H430) -> 566.25 | O638: n/a | R638: 38756 | S638: n/a | T638: =AVERAGE(C586,C534,C482,C429) -> 1856 | U638: =AVERAGE(D586,D534,D482,D429) -> 781.75 | V638: =AVERAGE(E586,E534,E482,E429) -> 3630.3125 | W638: =AVERAGE(F586,F534,F482,F429) -> 650.8125 | X638: n/a
A639: =A638+7 -> 38763 | B639: =SUM('Weekly Data'!D636:D639)/4 -> 2338.25 | C639: =SUM('Weekly Data'!E636:E639)/4 -> 2466.75 | D639: =SUM('Weekly Data'!F636:F639)/4 -> 558.5 | E639: =SUM('Weekly Data'!G636:G639)/4 -> 4328 | F639: =SUM('Weekly Data'!H636:H639)/4 -> 505.5 | G639: =SUM('Weekly Data'!I636:I639)/4 -> 9638.5 | J639: n/a | K639: =AVERAGE('Weekly Data'!E587,'Weekly Data'!E535,'Weekly Data'!E483,'Weekly Data'!E431) -> 1657.5 | L639: =AVERAGE('Weekly Data'!F587,'Weekly Data'!F535,'Weekly Data'!F483,'Weekly Data'!F431) -> 774.25 | M639: =AVERAGE('Weekly Data'!G587,'Weekly Data'!G535,'Weekly Data'!G483,'Weekly Data'!G431) -> 4100 | N639: =AVERAGE('Weekly Data'!H587,'Weekly Data'!H535,'Weekly Data'!H483,'Weekly Data'!H431) -> 560.5 | O639: n/a | R639: 38763 | S639: n/a | T639: =AVERAGE(C587,C535,C483,C430) -> 1921.8125 | U639: =AVERAGE(D587,D535,D483,D430) -> 767.875 | V639: =AVERAGE(E587,E535,E483,E430) -> 3995.4375 | W639: =AVERAGE(F587,F535,F483,F430) -> 581.9375 | X639: n/a
A640: =A639+7 -> 38770 | B640: =SUM('Weekly Data'!D637:D640)/4 -> 2318 | C640: =SUM('Weekly Data'!E637:E640)/4 -> 2630 | D640: =SUM('Weekly Data'!F637:F640)/4 -> 539 | E640: =SUM('Weekly Data'!G637:G640)/4 -> 4168.75 | F640: =SUM('Weekly Data'!H637:H640)/4 -> 484.5 | G640: =SUM('Weekly Data'!I637:I640)/4 -> 9601.25 | J640: n/a | K640: =AVERAGE('Weekly Data'!E588,'Weekly Data'!E536,'Weekly Data'!E484,'Weekly Data'!E432) -> 2059.25 | L640: =AVERAGE('Weekly Data'!F588,'Weekly Data'!F536,'Weekly Data'!F484,'Weekly Data'!F432) -> 803.5 | M640: =AVERAGE('Weekly Data'!G588,'Weekly Data'!G536,'Weekly Data'!G484,'Weekly Data'!G432) -> 4049.5 | N640: =AVERAGE('Weekly Data'!H588,'Weekly Data'!H536,'Weekly Data'!H484,'Weekly Data'!H432) -> 613.75 | O640: n/a | R640: 38770 | S640: n/a | T640: =AVERAGE(C588,C536,C484,C431) -> 1970.4375 | U640: =AVERAGE(D588,D536,D484,D431) -> 768.9375 | V640: =AVERAGE(E588,E536,E484,E431) -> 4129.0625 | W640: =AVERAGE(F588,F536,F484,F431) -> 569.1875 | X640: n/a
A641: =A640+7 -> 38777 | B641: =SUM('Weekly Data'!D638:D641)/4 -> 2460.25 | C641: =SUM('Weekly Data'!E638:E641)/4 -> 2321.5 | D641: =SUM('Weekly Data'!F638:F641)/4 -> 778.5 | E641: =SUM('Weekly Data'!G638:G641)/4 -> 4155.5 | F641: =SUM('Weekly Data'!H638:H641)/4 -> 508 | G641: =SUM('Weekly Data'!I638:I641)/4 -> 9445.25 | J641: n/a | K641: =AVERAGE('Weekly Data'!E589,'Weekly Data'!E537,'Weekly Data'!E485,'Weekly Data'!E433) -> 1872.75 | L641: =AVERAGE('Weekly Data'!F589,'Weekly Data'!F537,'Weekly Data'!F485,'Weekly Data'!F433) -> 1232 | M641: =AVERAGE('Weekly Data'!G589,'Weekly Data'!G537,'Weekly Data'!G485,'Weekly Data'!G433) -> 4109.75 | N641: =AVERAGE('Weekly Data'!H589,'Weekly Data'!H537,'Weekly Data'!H485,'Weekly Data'!H433) -> 328.5 | O641: n/a | R641: 38777 | S641: n/a | T641: =AVERAGE(C589,C537,C485,C432) -> 1868.1875 | U641: =AVERAGE(D589,D537,D485,D432) -> 839 | V641: =AVERAGE(E589,E537,E485,E432) -> 4257.75 | W641: =AVERAGE(F589,F537,F485,F432) -> 534.9375 | X641: n/a
A642: =A641+7 -> 38784 | B642: =SUM('Weekly Data'!D639:D642)/4 -> 2543.75 | C642: =SUM('Weekly Data'!E639:E642)/4 -> 2251.5 | D642: =SUM('Weekly Data'!F639:F642)/4 -> 970.75 | E642: =SUM('Weekly Data'!G639:G642)/4 -> 4264.75 | F642: =SUM('Weekly Data'!H639:H642)/4 -> 619 | G642: =SUM('Weekly Data'!I639:I642)/4 -> 9679 | J642: n/a | K642: =AVERAGE('Weekly Data'!E590,'Weekly Data'!E538,'Weekly Data'!E486,'Weekly Data'!E434) -> 1885 | L642: =AVERAGE('Weekly Data'!F590,'Weekly Data'!F538,'Weekly Data'!F486,'Weekly Data'!F434) -> 1124 | M642: =AVERAGE('Weekly Data'!G590,'Weekly Data'!G538,'Weekly Data'!G486,'Weekly Data'!G434) -> 3878 | N642: =AVERAGE('Weekly Data'!H590,'Weekly Data'!H538,'Weekly Data'!H486,'Weekly Data'!H434) -> 283.5 | O642: n/a | R642: 38784 | S642: n/a | T642: =AVERAGE(C590,C538,C486,C433) -> 1948 | U642: =AVERAGE(D590,D538,D486,D433) -> 910.1875 | V642: =AVERAGE(E590,E538,E486,E433) -> 4187.5625 | W642: =AVERAGE(F590,F538,F486,F433) -> 455.8125 | X642: n/a
A643: =A642+7 -> 38791 | B643: =SUM('Weekly Data'!D640:D643)/4 -> 2495.75 | C643: =SUM('Weekly Data'!E640:E643)/4 -> 2084 | D643: =SUM('Weekly Data'!F640:F643)/4 -> 1017.75 | E643: =SUM('Weekly Data'!G640:G643)/4 -> 4378 | F643: =SUM('Weekly Data'!H640:H643)/4 -> 607.5 | G643: =SUM('Weekly Data'!I640:I643)/4 -> 9565.25 | J643: n/a | K643: =AVERAGE('Weekly Data'!E591,'Weekly Data'!E539,'Weekly Data'!E487,'Weekly Data'!E435) -> 1738.5 | L643: =AVERAGE('Weekly Data'!F591,'Weekly Data'!F539,'Weekly Data'!F487,'Weekly Data'!F435) -> 1237.5 | M643: =AVERAGE('Weekly Data'!G591,'Weekly Data'!G539,'Weekly Data'!G487,'Weekly Data'!G435) -> 3958.5 | N643: =AVERAGE('Weekly Data'!H591,'Weekly Data'!H539,'Weekly Data'!H487,'Weekly Data'!H435) -> 474.75 | O643: n/a | R643: 38791 | S643: n/a | T643: =AVERAGE(C591,C539,C487,C434) -> 1916.875 | U643: =AVERAGE(D591,D539,D487,D434) -> 1026.9375 | V643: =AVERAGE(E591,E539,E487,E434) -> 4034.0625 | W643: =AVERAGE(F591,F539,F487,F434) -> 445.375 | X643: n/a
A644: =A643+7 -> 38798 | B644: =SUM('Weekly Data'!D641:D644)/4 -> 2322.25 | C644: =SUM('Weekly Data'!E641:E644)/4 -> 2109.25 | D644: =SUM('Weekly Data'!F641:F644)/4 -> 1167 | E644: =SUM('Weekly Data'!G641:G644)/4 -> 4516 | F644: =SUM('Weekly Data'!H641:H644)/4 -> 616 | G644: =SUM('Weekly Data'!I641:I644)/4 -> 9563.5 | J644: n/a | K644: =AVERAGE('Weekly Data'!E592,'Weekly Data'!E540,'Weekly Data'!E488,'Weekly Data'!E436) -> 1856.5 | L644: =AVERAGE('Weekly Data'!F592,'Weekly Data'!F540,'Weekly Data'!F488,'Weekly Data'!F436) -> 1165 | M644: =AVERAGE('Weekly Data'!G592,'Weekly Data'!G540,'Weekly Data'!G488,'Weekly Data'!G436) -> 3698.5 | N644: =AVERAGE('Weekly Data'!H592,'Weekly Data'!H540,'Weekly Data'!H488,'Weekly Data'!H436) -> 228 | O644: n/a | R644: 38798 | S644: n/a | T644: =AVERAGE(C592,C540,C488,C435) -> 1828.3125 | U644: =AVERAGE(D592,D540,D488,D435) -> 1156.0625 | V644: =AVERAGE(E592,E540,E488,E435) -> 3941.875 | W644: =AVERAGE(F592,F540,F488,F435) -> 368.625 | X644: n/a
A645: =A644+7 -> 38805 | B645: =SUM('Weekly Data'!D642:D645)/4 -> 2027.25 | C645: =SUM('Weekly Data'!E642:E645)/4 -> 2346.75 | D645: =SUM('Weekly Data'!F642:F645)/4 -> 1064.5 | E645: =SUM('Weekly Data'!G642:G645)/4 -> 4447.75 | F645: =SUM('Weekly Data'!H642:H645)/4 -> 604.25 | G645: =SUM('Weekly Data'!I642:I645)/4 -> 9426 | J645: n/a | K645: =AVERAGE('Weekly Data'!E593,'Weekly Data'!E541,'Weekly Data'!E489,'Weekly Data'!E437) -> 1882 | L645: =AVERAGE('Weekly Data'!F593,'Weekly Data'!F541,'Weekly Data'!F489,'Weekly Data'!F437) -> 1095 | M645: =AVERAGE('Weekly Data'!G593,'Weekly Data'!G541,'Weekly Data'!G489,'Weekly Data'!G437) -> 3470.25 | N645: =AVERAGE('Weekly Data'!H593,'Weekly Data'!H541,'Weekly Data'!H489,'Weekly Data'!H437) -> 294.75 | O645: n/a | R645: 38805 | S645: n/a | T645: =AVERAGE(C593,C541,C489,C436) -> 1865.125 | U645: =AVERAGE(D593,D541,D489,D436) -> 1170.875 | V645: =AVERAGE(E593,E541,E489,E436) -> 3806.1875 | W645: =AVERAGE(F593,F541,F489,F436) -> 304.125 | X645: n/a
A646: =A645+7 -> 38812 | B646: =SUM('Weekly Data'!D643:D646)/4 -> 1698 | C646: =SUM('Weekly Data'!E643:E646)/4 -> 2363.75 | D646: =SUM('Weekly Data'!F643:F646)/4 -> 1165.5 | E646: =SUM('Weekly Data'!G643:G646)/4 -> 4414 | F646: =SUM('Weekly Data'!H643:H646)/4 -> 559.5 | G646: =SUM('Weekly Data'!I643:I646)/4 -> 9035.25 | J646: n/a | K646: =AVERAGE('Weekly Data'!E594,'Weekly Data'!E542,'Weekly Data'!E490,'Weekly Data'!E438) -> 1895 | L646: =AVERAGE('Weekly Data'!F594,'Weekly Data'!F542,'Weekly Data'!F490,'Weekly Data'!F438) -> 1141.25 | M646: =AVERAGE('Weekly Data'!G594,'Weekly Data'!G542,'Weekly Data'!G490,'Weekly Data'!G438) -> 3358.25 | N646: =AVERAGE('Weekly Data'!H594,'Weekly Data'!H542,'Weekly Data'!H490,'Weekly Data'!H438) -> 159.25 | O646: n/a | R646: 38812 | S646: n/a | T646: =AVERAGE(C594,C542,C490,C437) -> 1794.8125 | U646: =AVERAGE(D594,D542,D490,D437) -> 1183.6875 | V646: =AVERAGE(E594,E542,E490,E437) -> 3667.4375 | W646: =AVERAGE(F594,F542,F490,F437) -> 293.8125 | X646: n/a
... A684: =A683+7 -> 39078 | B684: =SUM('Weekly Data'!D681:D684)/4 -> 2057.75 | C684: =SUM('Weekly Data'!E681:E684)/4 -> 1839.75 | D684: =SUM('Weekly Data'!F681:F684)/4 -> 969.75 | E684: =SUM('Weekly Data'!G681:G684)/4 -> 4339.75 | F684: =SUM('Weekly Data'!H681:H684)/4 -> 596.75 | G684: =SUM('Weekly Data'!I681:I684)/4 -> 8834 | J684: n/a | K684: =AVERAGE('Weekly Data'!E632,'Weekly Data'!E580,'Weekly Data'!E528,'Weekly Data'!E476) -> 1606.25 | L684: =AVERAGE('Weekly Data'!F632,'Weekly Data'!F580,'Weekly Data'!F528,'Weekly Data'!F476) -> 1036 | M684: =AVERAGE('Weekly Data'!G632,'Weekly Data'!G580,'Weekly Data'!G528,'Weekly Data'!G476) -> 2929.75 | N684: =AVERAGE('Weekly Data'!H632,'Weekly Data'!H580,'Weekly Data'!H528,'Weekly Data'!H476) -> 387.75 | O684: n/a | R684: 39078 | S684: n/a | T684: =AVERAGE(C632,C580,C528,C475) -> 1618.3125 | U684: =AVERAGE(D632,D580,D528,D475) -> 1370.9375 | V684: =AVERAGE(E632,E580,E528,E475) -> 3595.1875 | W684: =AVERAGE(F632,F580,F528,F475) -> 425.0625 | X684: n/a
A685: =A684+7 -> 39085 | B685: =SUM('Weekly Data'!D682:D685)/4 -> 1880.25 | C685: =SUM('Weekly Data'!E682:E685)/4 -> 1992 | D685: =SUM('Weekly Data'!F682:F685)/4 -> 831.75 | E685: =SUM('Weekly Data'!G682:G685)/4 -> 4316.75 | F685: =SUM('Weekly Data'!H682:H685)/4 -> 546.25 | G685: =SUM('Weekly Data'!I682:I685)/4 -> 8735.25 | J685: =AVERAGE('Weekly Data'!D633,'Weekly Data'!D581,'Weekly Data'!D529) -> 1267.3333 | K685: =AVERAGE('Weekly Data'!E633,'Weekly Data'!E581,'Weekly Data'!E529,'Weekly Data'!E477) -> 1932 | L685: =AVERAGE('Weekly Data'!F633,'Weekly Data'!F581,'Weekly Data'!F529,'Weekly Data'!F477) -> 1121.5 | M685: =AVERAGE('Weekly Data'!G633,'Weekly Data'!G581,'Weekly Data'!G529,'Weekly Data'!G477) -> 3188 | N685: =AVERAGE('Weekly Data'!H633,'Weekly Data'!H581,'Weekly Data'!H529,'Weekly Data'!H477) -> 435.75 | O685: =AVERAGE('Weekly Data'!I633,'Weekly Data'!I581,'Weekly Data'!I529) -> 7151.3333 | R685: 39085 | S685: =AVERAGE(B633,B581,B529) -> 1193 | T685: =AVERAGE(C633,C581,C529,C476) -> 1665.8125 | U685: =AVERAGE(D633,D581,D529,D476) -> 1276.625 | V685: =AVERAGE(E633,E581,E529,E476) -> 3449.9375 | W685: =AVERAGE(F633,F581,F529,F476) -> 437.875 | X685: =AVERAGE(G633,G581,G529) -> 7470.125
A686: =A685+7 -> 39092 | B686: =SUM('Weekly Data'!D683:D686)/4 -> 1884.75 | C686: =SUM('Weekly Data'!E683:E686)/4 -> 1788.25 | D686: =SUM('Weekly Data'!F683:F686)/4 -> 588.75 | E686: =SUM('Weekly Data'!G683:G686)/4 -> 4396.5 | F686: =SUM('Weekly Data'!H683:H686)/4 -> 605.25 | G686: =SUM('Weekly Data'!I683:I686)/4 -> 8674.75 | J686: =AVERAGE('Weekly Data'!D634,'Weekly Data'!D582,'Weekly Data'!D530) -> 1327 | K686: =AVERAGE('Weekly Data'!E634,'Weekly Data'!E582,'Weekly Data'!E530,'Weekly Data'!E478) -> 2083.25 | L686: =AVERAGE('Weekly Data'!F634,'Weekly Data'!F582,'Weekly Data'!F530,'Weekly Data'!F478) -> 858.25 | M686: =AVERAGE('Weekly Data'!G634,'Weekly Data'!G582,'Weekly Data'!G530,'Weekly Data'!G478) -> 3378.5 | N686: =AVERAGE('Weekly Data'!H634,'Weekly Data'!H582,'Weekly Data'!H530,'Weekly Data'!H478) -> 567 | O686: =AVERAGE('Weekly Data'!I634,'Weekly Data'!I582,'Weekly Data'!I530) -> 8177.3333 | R686: 39092 | S686: =AVERAGE(B634,B582,B530) -> 1235.125 | T686: =AVERAGE(C634,C582,C530,C477) -> 1867.6875 | U686: =AVERAGE(D634,D582,D530,D477) -> 1149.125 | V686: =AVERAGE(E634,E582,E530,E477) -> 3385.1875 | W686: =AVERAGE(F634,F582,F530,F477) -> 481.25 | X686: =AVERAGE(G634,G582,G530) -> 7460.5
A687: =A686+7 -> 39099 | B687: =SUM('Weekly Data'!D684:D687)/4 -> 1964.25 | C687: =SUM('Weekly Data'!E684:E687)/4 -> 1492 | D687: =SUM('Weekly Data'!F684:F687)/4 -> 471.75 | E687: =SUM('Weekly Data'!G684:G687)/4 -> 4348.25 | F687: =SUM('Weekly Data'!H684:H687)/4 -> 592.25 | G687: =SUM('Weekly Data'!I684:I687)/4 -> 8396.75 | J687: =AVERAGE('Weekly Data'!D635,'Weekly Data'!D583,'Weekly Data'!D531) -> 1827.3333 | K687: =AVERAGE('Weekly Data'!E635,'Weekly Data'!E583,'Weekly Data'!E531,'Weekly Data'!E479) -> 1668 | L687: =AVERAGE('Weekly Data'!F635,'Weekly Data'!F583,'Weekly Data'!F531,'Weekly Data'!F479) -> 965.75 | M687: =AVERAGE('Weekly Data'!G635,'Weekly Data'!G583,'Weekly Data'!G531,'Weekly Data'!G479) -> 3691 | N687: =AVERAGE('Weekly Data'!H635,'Weekly Data'!H583,'Weekly Data'!H531,'Weekly Data'!H479) -> 535 | O687: =AVERAGE('Weekly Data'!I635,'Weekly Data'!I583,'Weekly Data'!I531) -> 8219 | R687: 39099 | S687: =AVERAGE(B635,B583,B531) -> 1414.25 | T687: =AVERAGE(C635,C583,C531,C478) -> 1850.5 | U687: =AVERAGE(D635,D583,D531,D478) -> 991.4375 | V687: =AVERAGE(E635,E583,E531,E478) -> 3255.5625 | W687: =AVERAGE(F635,F583,F531,F478) -> 468.5 | X687: =AVERAGE(G635,G583,G531) -> 7406
A688: =A687+7 -> 39106 | B688: =SUM('Weekly Data'!D685:D688)/4 -> 1935.75 | C688: =SUM('Weekly Data'!E685:E688)/4 -> 1557 | D688: =SUM('Weekly Data'!F685:F688)/4 -> 531 | E688: =SUM('Weekly Data'!G685:G688)/4 -> 4833.25 | F688: =SUM('Weekly Data'!H685:H688)/4 -> 631.75 | G688: =SUM('Weekly Data'!I685:I688)/4 -> 8957.75 | J688: =AVERAGE('Weekly Data'!D636,'Weekly Data'!D584,'Weekly Data'!D532) -> 1866 | K688: =AVERAGE('Weekly Data'!E636,'Weekly Data'!E584,'Weekly Data'!E532,'Weekly Data'!E480) -> 1987.25 | L688: =AVERAGE('Weekly Data'!F636,'Weekly Data'!F584,'Weekly Data'!F532,'Weekly Data'!F480) -> 788.5 | M688: =AVERAGE('Weekly Data'!G636,'Weekly Data'!G584,'Weekly Data'!G532,'Weekly Data'!G480) -> 4314 | N688: =AVERAGE('Weekly Data'!H636,'Weekly Data'!H584,'Weekly Data'!H532,'Weekly Data'!H480) -> 516.5 | O688: =AVERAGE('Weekly Data'!I636,'Weekly Data'!I584,'Weekly Data'!I532) -> 9108.3333 | R688: 39106 | S688: =AVERAGE(B636,B584,B532) -> 1571.9167 | T688: =AVERAGE(C636,C584,C532,C479) -> 1912.0625 | U688: =AVERAGE(D636,D584,D532,D479) -> 927.9375 | V688: =AVERAGE(E636,E584,E532,E479) -> 3545.3125 | W688: =AVERAGE(F636,F584,F532,F479) -> 516.4375 | X688: =AVERAGE(G636,G584,G532) -> 8164
A689: =A688+7 -> 39113 | B689: =SUM('Weekly Data'!D686:D689)/4 -> 2023.25 | C689: =SUM('Weekly Data'!E686:E689)/4 -> 1407.25 | D689: =SUM('Weekly Data'!F686:F689)/4 -> 589.5 | E689: =SUM('Weekly Data'!G686:G689)/4 -> 4966.75 | F689: =SUM('Weekly Data'!H686:H689)/4 -> 709 | G689: =SUM('Weekly Data'!I686:I689)/4 -> 9106.25 | J689: =AVERAGE('Weekly Data'!D637,'Weekly Data'!D585,'Weekly Data'!D533) -> 1403.3333 | K689: =AVERAGE('Weekly Data'!E637,'Weekly Data'!E585,'Weekly Data'!E533,'Weekly Data'!E481) -> 2212 | L689: =AVERAGE('Weekly Data'!F637,'Weekly Data'!F585,'Weekly Data'!F533,'Weekly Data'!F481) -> 708.5 | M689: =AVERAGE('Weekly Data'!G637,'Weekly Data'!G585,'Weekly Data'!G533,'Weekly Data'!G481) -> 4106.75 | N689: =AVERAGE('Weekly Data'!H637,'Weekly Data'!H585,'Weekly Data'!H533,'Weekly Data'!H481) -> 504.75 | O689: =AVERAGE('Weekly Data'!I637,'Weekly Data'!I585,'Weekly Data'!I533) -> 8479 | R689: 39113 | S689: =AVERAGE(B637,B585,B533) -> 1605.9167 | T689: =AVERAGE(C637,C585,C533,C480) -> 1989 | U689: =AVERAGE(D637,D585,D533,D480) -> 851.0625 | V689: =AVERAGE(E637,E585,E533,E480) -> 3788.9375 | W689: =AVERAGE(F637,F585,F533,F480) -> 519.5625 | X689: =AVERAGE(G637,G585,G533) -> 8495.9167
A690: =A689+7 -> 39120 | B690: =SUM('Weekly Data'!D687:D690)/4 -> 1828.75 | C690: =SUM('Weekly Data'!E687:E690)/4 -> 1356.5 | D690: =SUM('Weekly Data'!F687:F690)/4 -> 650.25 | E690: =SUM('Weekly Data'!G687:G690)/4 -> 4748.5 | F690: =SUM('Weekly Data'!H687:H690)/4 -> 545.75 | G690: =SUM('Weekly Data'!I687:I690)/4 -> 8479.5 | J690: =AVERAGE('Weekly Data'!D638,'Weekly Data'!D586,'Weekly Data'!D534) -> 1718 | K690: =AVERAGE('Weekly Data'!E638,'Weekly Data'!E586,'Weekly Data'!E534,'Weekly Data'!E482) -> 1944.75 | L690: =AVERAGE('Weekly Data'!F638,'Weekly Data'!F586,'Weekly Data'!F534,'Weekly Data'!F482) -> 732.25 | M690: =AVERAGE('Weekly Data'!G638,'Weekly Data'!G586,'Weekly Data'!G534,'Weekly Data'!G482) -> 4420.5 | N690: =AVERAGE('Weekly Data'!H638,'Weekly Data'!H586,'Weekly Data'!H534,'Weekly Data'!H482) -> 511.5 | O690: =AVERAGE('Weekly Data'!I638,'Weekly Data'!I586,'Weekly Data'!I534) -> 8759.6667 | R690: 39120 | S690: =AVERAGE(B638,B586,B534) -> 1703.6667 | T690: =AVERAGE(C638,C586,C534,C481) -> 1913.25 | U690: =AVERAGE(D638,D586,D534,D481) -> 830.25 | V690: =AVERAGE(E638,E586,E534,E481) -> 3998.375 | W690: =AVERAGE(F638,F586,F534,F481) -> 515.25 | X690: =AVERAGE(G638,G586,G534) -> 8641.5
A691: =A690+7 -> 39127 | B691: =SUM('Weekly Data'!D688:D691)/4 -> 1655.75 | C691: =SUM('Weekly Data'!E688:E691)/4 -> 1538 | D691: =SUM('Weekly Data'!F688:F691)/4 -> 850.5 | E691: =SUM('Weekly Data'!G688:G691)/4 -> 5019.25 | F691: =SUM('Weekly Data'!H688:H691)/4 -> 619 | G691: =SUM('Weekly Data'!I688:I691)/4 -> 8832 | J691: =AVERAGE('Weekly Data'!D639,'Weekly Data'!D587,'Weekly Data'!D535) -> 1623.3333 | K691: =AVERAGE('Weekly Data'!E639,'Weekly Data'!E587,'Weekly Data'!E535,'Weekly Data'!E483) -> 1792 | L691: =AVERAGE('Weekly Data'!F639,'Weekly Data'!F587,'Weekly Data'!F535,'Weekly Data'!F483) -> 876 | M691: =AVERAGE('Weekly Data'!G639,'Weekly Data'!G587,'Weekly Data'!G535,'Weekly Data'!G483) -> 4617.25 | N691: =AVERAGE('Weekly Data'!H639,'Weekly Data'!H587,'Weekly Data'!H535,'Weekly Data'!H483) -> 551 | O691: =AVERAGE('Weekly Data'!I639,'Weekly Data'!I587,'Weekly Data'!I535) -> 9361 | R691: 39127 | S691: =AVERAGE(B639,B587,B535) -> 1652.6667 | T691: =AVERAGE(C639,C587,C535,C482) -> 1963.8125 | U691: =AVERAGE(D639,D587,D535,D482) -> 787.25 | V691: =AVERAGE(E639,E587,E535,E482) -> 4360.625 | W691: =AVERAGE(F639,F587,F535,F482) -> 530.9375 | X691: =AVERAGE(G639,G587,G535) -> 8927
A692: =A691+7 -> 39134 | B692: =SUM('Weekly Data'!D689:D692)/4 -> 1514 | C692: =SUM('Weekly Data'!E689:E692)/4 -> 1437.25 | D692: =SUM('Weekly Data'!F689:F692)/4 -> 661.25 | E692: =SUM('Weekly Data'!G689:G692)/4 -> 4536.25 | F692: =SUM('Weekly Data'!H689:H692)/4 -> 562.5 | G692: =SUM('Weekly Data'!I689:I692)/4 -> 8050 | J692: =AVERAGE('Weekly Data'!D640,'Weekly Data'!D588,'Weekly Data'!D536) -> 1635.6667 | K692: =AVERAGE('Weekly Data'!E640,'Weekly Data'!E588,'Weekly Data'!E536,'Weekly Data'!E484) -> 2197.5 | L692: =AVERAGE('Weekly Data'!F640,'Weekly Data'!F588,'Weekly Data'!F536,'Weekly Data'!F484) -> 827.5 | M692: =AVERAGE('Weekly Data'!G640,'Weekly Data'!G588,'Weekly Data'!G536,'Weekly Data'!G484) -> 4397.5 | N692: =AVERAGE('Weekly Data'!H640,'Weekly Data'!H588,'Weekly Data'!H536,'Weekly Data'!H484) -> 535 | O692: =AVERAGE('Weekly Data'!I640,'Weekly Data'!I588,'Weekly Data'!I536) -> 9241.6667 | R692: 39134 | S692: =AVERAGE(B640,B588,B536) -> 1595.0833 | T692: =AVERAGE(C640,C588,C536,C483) -> 2026.5625 | U692: =AVERAGE(D640,D588,D536,D483) -> 788.625 | V692: =AVERAGE(E640,E588,E536,E483) -> 4397.625 | W692: =AVERAGE(F640,F588,F536,F483) -> 513.5625 | X692: =AVERAGE(G640,G588,G536) -> 8960.3333
A693: =A692+7 -> 39141 | B693: =SUM('Weekly Data'!D690:D693)/4 -> 1380.25 | C693: =SUM('Weekly Data'!E690:E693)/4 -> 1580.25 | D693: =SUM('Weekly Data'!F690:F693)/4 -> 768.25 | E693: =SUM('Weekly Data'!G690:G693)/4 -> 4527.75 | F693: =SUM('Weekly Data'!H690:H693)/4 -> 469.25 | G693: =SUM('Weekly Data'!I690:I693)/4 -> 7957.5 | J693: =AVERAGE('Weekly Data'!D641,'Weekly Data'!D589,'Weekly Data'!D537) -> 1507.6667 | K693: =AVERAGE('Weekly Data'!E641,'Weekly Data'!E589,'Weekly Data'!E537,'Weekly Data'!E485) -> 1725.25 | L693: =AVERAGE('Weekly Data'!F641,'Weekly Data'!F589,'Weekly Data'!F537,'Weekly Data'!F485) -> 1228.75 | M693: =AVERAGE('Weekly Data'!G641,'Weekly Data'!G589,'Weekly Data'!G537,'Weekly Data'!G485) -> 4547.5 | N693: =AVERAGE('Weekly Data'!H641,'Weekly Data'!H589,'Weekly Data'!H537,'Weekly Data'!H485) -> 390.75 | O693: =AVERAGE('Weekly Data'!I641,'Weekly Data'!I589,'Weekly Data'!I537) -> 8541 | R693: 39141 | S693: =AVERAGE(B641,B589,B537) -> 1621.1667 | T693: =AVERAGE(C641,C589,C537,C484) -> 1947.1875 | U693: =AVERAGE(D641,D589,D537,D484) -> 919 | V693: =AVERAGE(E641,E589,E537,E484) -> 4464.0625 | W693: =AVERAGE(F641,F589,F537,F484) -> 528.4375 | X693: =AVERAGE(G641,G589,G537) -> 8975.8333
A694: =A693+7 -> 39148 | B694: =SUM('Weekly Data'!D691:D694)/4 -> 1346.75 | C694: =SUM('Weekly Data'!E691:E694)/4 -> 1670.75 | D694: =SUM('Weekly Data'!F691:F694)/4 -> 920.25 | E694: =SUM('Weekly Data'!G691:G694)/4 -> 4528 | F694: =SUM('Weekly Data'!H691:H694)/4 -> 500 | G694: =SUM('Weekly Data'!I691:I694)/4 -> 8045.5 | J694: =AVERAGE('Weekly Data'!D642,'Weekly Data'!D590,'Weekly Data'!D538) -> 1662.3333 | K694: =AVERAGE('Weekly Data'!E642,'Weekly Data'!E590,'Weekly Data'!E538,'Weekly Data'!E486) -> 1985.5 | L694: =AVERAGE('Weekly Data'!F642,'Weekly Data'!F590,'Weekly Data'!F538,'Weekly Data'!F486) -> 1042.25 | M694: =AVERAGE('Weekly Data'!G642,'Weekly Data'!G590,'Weekly Data'!G538,'Weekly Data'!G486) -> 4478.25 | N694: =AVERAGE('Weekly Data'!H642,'Weekly Data'!H590,'Weekly Data'!H538,'Weekly Data'!H486) -> 376.75 | O694: =AVERAGE('Weekly Data'!I642,'Weekly Data'!I590,'Weekly Data'!I538) -> 9372 | R694: 39148 | S694: =AVERAGE(B642,B590,B538) -> 1607.25 | T694: =AVERAGE(C642,C590,C538,C485) -> 1966.125 | U694: =AVERAGE(D642,D590,D538,D485) -> 960.8125 | V694: =AVERAGE(E642,E590,E538,E485) -> 4579.1875 | W694: =AVERAGE(F642,F590,F538,F485) -> 487.5625 | X694: =AVERAGE(G642,G590,G538) -> 9128.9167
A695: =A694+7 -> 39155 | B695: =SUM('Weekly Data'!D692:D695)/4 -> 1269 | C695: =SUM('Weekly Data'!E692:E695)/4 -> 1826 | D695: =SUM('Weekly Data'!F692:F695)/4 -> 799.25 | E695: =SUM('Weekly Data'!G692:G695)/4 -> 4245.5 | F695: =SUM('Weekly Data'!H692:H695)/4 -> 416.75 | G695: =SUM('Weekly Data'!I692:I695)/4 -> 7757.25 | J695: =AVERAGE('Weekly Data'!D643,'Weekly Data'!D591,'Weekly Data'!D539) -> 1274 | K695: =AVERAGE('Weekly Data'!E643,'Weekly Data'!E591,'Weekly Data'!E539,'Weekly Data'!E487) -> 1817.5 | L695: =AVERAGE('Weekly Data'!F643,'Weekly Data'!F591,'Weekly Data'!F539,'Weekly Data'!F487) -> 1097 | M695: =AVERAGE('Weekly Data'!G643,'Weekly Data'!G591,'Weekly Data'!G539,'Weekly Data'!G487) -> 4729.5 | N695: =AVERAGE('Weekly Data'!H643,'Weekly Data'!H591,'Weekly Data'!H539,'Weekly Data'!H487) -> 534.75 | O695: =AVERAGE('Weekly Data'!I643,'Weekly Data'!I591,'Weekly Data'!I539) -> 8843.3333 | R695: 39155 | S695: =AVERAGE(B643,B591,B539) -> 1519.9167 | T695: =AVERAGE(C643,C591,C539,C486) -> 1937.5 | U695: =AVERAGE(D643,D591,D539,D486) -> 1018.4375 | V695: =AVERAGE(E643,E591,E539,E486) -> 4470.625 | W695: =AVERAGE(F643,F591,F539,F486) -> 458.875 | X695: =AVERAGE(G643,G591,G539) -> 8999.5
...

Sheet Weekly Changes
D2: Rail to port--Week to Week Changes | M2: Rail to port--Changes in 4-week averages
D3: MS | E3: TX | F3: Cross-Border-2 | G3: Cross-Border | H3: PNW | I3: East coast | J3: Total | M3: MS | N3: TX | O3: Cross-Border-2 | P3: Cross | Q3: PNW | R3: East coast | S3: Total
A4: % chg from prior week | D4: =('Weekly Data'!D1058/'Weekly Data'!D1057)*100 -> 120.04357 | E4: =('Weekly Data'!E1058/'Weekly Data'!E1057)*100 -> 122.50639 | F4: =('Weekly Data'!J1058/'Weekly Data'!J1057)*100 -> 110.96525 | G4: n/a | H4: =('Weekly Data'!G1058/'Weekly Data'!G1057)*100 -> 92.848749 | I4: =('Weekly Data'!H1058/'Weekly Data'!H1057)*100 -> 139.68586 | J4: =('Weekly Data'!I1058/'Weekly Data'!I1057)*100 -> 104.45407 | L4: % chg from prior week | M4: =('Weekly Averages'!B1058/'Weekly Averages'!B1057)*100 -> 96.596005 | N4: =('Weekly Averages'!C1058/'Weekly Averages'!C1057)*100 -> 99.747702 | O4: =('Weekly Averages'!H1058/'Weekly Averages'!H1057)*100 -> 92.917251 | P4: n/a | Q4: =('Weekly Averages'!E1058/'Weekly Averages'!E1057)*100 -> 92.943012 | R4: =('Weekly Averages'!F1058/'Weekly Averages'!F1057)*100 -> 113.03533 | S4: =('Weekly Averages'!G1058/'Weekly Averages'!G1057)*100 -> 96.576351
A5: % chg from prior year | D5: =('Weekly Data'!D1058/'Weekly Data'!D1006)*100 -> 655.95238 | E5: =('Weekly Data'!E1058/'Weekly Data'!E1006)*100 -> 164.79358 | F5: =('Weekly Data'!J1058/'Weekly Data'!J1006)*100 -> 120.25105 | G5: n/a | H5: =('Weekly Data'!G1058/'Weekly Data'!G1006)*100 -> 149.28475 | I5: =('Weekly Data'!H1058/'Weekly Data'!H1006)*100 -> 265.73705 | J5: =('Weekly Data'!I1058/'Weekly Data'!I1006)*100 -> 179.22622 | L5: % chg from prior year | M5: =('Weekly Averages'!B1058/'Weekly Averages'!B1006)*100 -> 221.4486 | N5: =('Weekly Averages'!C1058/'Weekly Averages'!C1006)*100 -> 166.06661 | O5: =('Weekly Averages'!H1058/'Weekly Averages'!H1006)*100 -> 143.58474 | P5: n/a | Q5: =('Weekly Averages'!E1058/'Weekly Averages'!E1006)*100 -> 121.26437 | R5: =('Weekly Averages'!F1058/'Weekly Averages'!F1006)*100 -> 138.14197 | S5: =('Weekly Averages'!G1058/'Weekly Averages'!G1006)*100 -> 137.72291
A6: % chg from 4-yr avg. | D6: =('Weekly Data'!D1058/'Weekly Averages'!J1058)*100 -> 195.73712 | E6: =('Weekly Data'!E1058/'Weekly Averages'!K1058)*100 -> 124.33485 | F6: =('Weekly Data'!J1058/'Weekly Averages'!P1058)*100 -> 90.280064 | G6: n/a | H6: =('Weekly Data'!G1058/'Weekly Averages'!M1058)*100 -> 146.11981 | I6: =('Weekly Data'!H1058/'Weekly Averages'!N1058)*100 -> 170.42478 | J6: =('Weekly Data'!I1058/'Weekly Averages'!O1058)*100 -> 149.58444 | L6: % chg from 4-yr avg. | M6: =('Weekly Averages'!B1058/'Weekly Averages'!S1058)*100 -> 189.5221 | N6: =('Weekly Averages'!C1058/'Weekly Averages'!T1058)*100 -> 103.08702 | O6: =('Weekly Averages'!H1058/'Weekly Averages'!Y1058)*100 -> 113.6726 | P6: n/a | Q6: =('Weekly Averages'!E1058/'Weekly Averages'!V1058)*100 -> 125.21288 | R6: =('Weekly Averages'!F1058/'Weekly Averages'!W1058)*100 -> 133.85103 | S6: =('Weekly Averages'!G1058/'Weekly Averages'!X1058)*100 -> 127.75899
D7: 4-yr avg | J7: 4-yr avg | M7: 4-yr avg | S7: 4-yr avg
A10: 1st Quarter 2014 | D10: =SUM('Weekly Data'!D1050:D1062) -> 11161 | E10: =SUM('Weekly Data'!E1050:E1062) -> 13380 | F10: =SUM('Weekly Data'!J1051:J1062) -> 13107 | G10: n/a | H10: =SUM('Weekly Data'!G1050:G1062) -> 48824 | I10: =SUM('Weekly Data'!H1050:H1062) -> 7958 | J10: =SUM('Weekly Data'!I1050:I1062) -> 81323
A11: 1st Quarter 2013 | D11: =SUM('Weekly Data'!D998:D1010) -> 7582 | E11: =SUM('Weekly Data'!E998:E1010) -> 11498 | F11: =SUM('Weekly Data'!J999:J1010) -> 13575 | G11: n/a | H11: =SUM('Weekly Data'!G998:G1010) -> 53722 | I11: =SUM('Weekly Data'!H998:H1010) -> 7865 | J11: =SUM('Weekly Data'!I998:I1010) -> 80667
A12: Change | D12: =(D10/D11)-1 -> 0.47203904 | E12: =(E10/E11)-1 -> 0.16368064 | F12: =(F10/F11)-1 -> -0.034475138 | G12: n/a | H12: =(H10/H11)-1 -> -0.091173076 | I12: =(I10/I11)-1 -> 0.011824539 | J12: =(J10/J11)-1 -> 0.0081321978

Sheet New Table 3
A1: Table 3
A2: Rail Deliveries to Port (carloads)1
B3: Mississippi | D3: Pacific | E3: Atlantic & | H3: Cross-Border
A4: Week ending | B4: Gulf | C4: Texas Gulf | D4: Northwest | E4: East Gulf | F4: Total | G4: Week ending | H4: Mexico3
A6: 2/26/2014p | B6: ='Weekly Data'!D1058 -> 1102 | C6: ='Weekly Data'!E1058 -> 1437 | D6: ='Weekly Data'!G1058 -> 5531 | E6: ='Weekly Data'!H1058 -> 1334 | F6: ='Weekly Data'!I1058 -> 9404 | G6: 41692 | H6: ='Weekly Data'!J1058 -> 1437
A7: 2/19/2014r | B7: ='Weekly Data'!D1057 -> 918 | C7: ='Weekly Data'!E1057 -> 1173 | D7: ='Weekly Data'!G1057 -> 5957 | E7: ='Weekly Data'!H1057 -> 955 | F7: ='Weekly Data'!I1057 -> 9003 | G7: 41685 | H7: ='Weekly Data'!J1057 -> 1295
A8: 2014 YTDr | B8: =SUM('Weekly Data'!D1050:D1102) -> 11161 | C8: =SUM('Weekly Data'!E1050:E1102) -> 13380 | D8: =SUM('Weekly Data'!G1050:G1102) -> 48824 | E8: =SUM('Weekly Data'!H1050:H1102) -> 7958 | F8: =SUM('Weekly Data'!I1050:I1102) -> 81323 | G8: 2014 YTD | H8: =SUM('Weekly Data'!J1051:J1102) -> 13107
A9: 2013 YTDr | B9: =SUM('Weekly Data'!D998:D1006) -> 7386 | C9: =SUM('Weekly Data'!E998:E1006) -> 6930 | D9: =SUM('Weekly Data'!D998:G1006) -> 52934 | E9: =SUM('Weekly Data'!E998:H1006) -> 52278 | F9: =SUM('Weekly Data'!F998:I1006) -> 105012 | G9: 2013 YTD | H9: =SUM('Weekly Data'!J999:J1006) -> 8874
A10: 2014 YTD as % of 2013 YTD | B10: =B8/B9*100 -> 151.11021 | C10: =C8/C9*100 -> 193.07359 | D10: =D8/D9*100 -> 92.235614 | E10: =E8/E9*100 -> 15.222465 | F10: =F8/F9*100 -> 77.441626 | G10: % change YTD | H10: =H8/H9*100 -> 147.70115
A11: Last 4 weeks as % of 20132 | B11: ='Weekly Changes'!M5 -> 221.4486 | C11: ='Weekly Changes'!N5 -> 166.06661 | D11: ='Weekly Changes'!Q5 -> 121.26437 | E11: ='Weekly Changes'!R5 -> 138.14197 | F11: ='Weekly Changes'!S5 -> 137.72291 | G11: Last 4wks % 2013 | H11: ='Weekly Changes'!O5 -> 143.58474
A12: Last 4 weeks as % of 4-year avg.2 | B12: ='Weekly Changes'!M6 -> 189.5221 | C12: ='Weekly Changes'!N6 -> 103.08702 | D12: ='Weekly Changes'!Q6 -> 125.21288 | E12: ='Weekly Changes'!R6 -> 133.85103 | F12: ='Weekly Changes'!S6 -> 127.75899 | G12: Last 4wks % 4 yr | H12: ='Weekly Changes'!O6 -> 113.6726
A13: Total 2013 | B13: =SUM('Weekly Data'!D998:D1049) -> 31646 | C13: =SUM('Weekly Data'!E998:E1049) -> 71388 | D13: =SUM('Weekly Data'!G998:G1049) -> 168826 | E13: =SUM('Weekly Data'!H998:H1049) -> 25176 | F13: =SUM('Weekly Data'!I998:I1049) -> 297036 | G13: Total 2013 | H13: 70298
A14: Total 2012 | B14: =SUM('Weekly Data'!D946:D997) -> 22604 | C14: =SUM('Weekly Data'!E946:E997) -> 40780 | D14: =SUM('Weekly Data'!G946:G997) -> 199419 | E14: =SUM('Weekly Data'!H946:H997) -> 24659 | F14: =SUM('Weekly Data'!I946:I997) -> 287462 | G14: Total 2012 | H14: 92008
A15: 1 Data is incomplete as it is voluntarily provided
A16: 2 Compared with same 4-weeks in 2013 and prior 4-year average.
A17: 3 Cross- border weekly data is aproximately 15 percent below the Association of American Railroads reported weekly carloads received by Mexican railroads
A18: to reflect switching between KCSM and FerroMex.
A19: YTD = year-to-date; p = preliminary data; r = revised data; n/a = not available
A20: Source: Transportation & Marketing Programs/AMS/USDA

Sheet Port Region Graphs-4 week avg.

Sheet Sheet1
B24: Exports
B25: 2009 | C25: 2010 | D25: 2011
B27: 1814.1448 | C27: 2185.3332 | D27: 1739.0574
B28: 1880.1931 | C28: 2427.9968 | D28: 2532.1407
B29: 2225.0744 | C29: 2537.1322 | D29: 2502.7315
B30: 2072.7847 | C30: 2733.2896 | D30: 2616.5514
B31: 2622.7556 | C31: 2362.6668 | D31: 2789.5675
B32: 2440.4708 | C32: 2144.243 | D32: 2294.6458
B33: 1842.4063 | C33: 2810.2658 | D33: 3004.883
B34: 1956.0606 | C34: 2691.9692 | D34: 2547.7994
B35: 2314.2895 | C35: 2498.9139 | D35: 2475.1507
B36: 1840.2285 | C36: 2116.636 | D36: 2657.1389
B37: 2003.1701 | C37: 2599.1252 | D37: 2313.5965
... B78: 2039.6663 | C78: 1613.5863 | D78: 1881.7527
