Workbook

Sheet Sheet1
A1: Eberspächer
A2: Bilvarmere
A3: Veiledende utsalgspriser pr. 1. september 2012
A5: Type | B5: Artikkelnr | C5: Bruttopris | D5: Bruttopris
C6: ekskl. moms | D6: inkl. moms
A7: Hydronic vannvarmere – Person- og varebiler
A8: bensin
A10: Varmer B 4 W-SC HYDRONIC, 12 volt
A11: Kun varmer | B11: 201824050000 | C11: =VLOOKUP(B11,'Ark1'!$A$2:$B$2165, 2, FALSE) -> 5550 | D11: =C11*1.25 -> 6937.5
A12: Komplettsats med varmer, unikit, tankuttak | B12: 201861050000 | C12: =VLOOKUP(B12,'Ark1'!$A$2:$B$2165, 2, FALSE) -> 7950 | D12: =C12*1.25 -> 9937.5
A14: Varmer B 4 W-S HYDRONIC, 12 volt
A15: Kun varmer | B15: 201852050000 | C15: =VLOOKUP(B15,'Ark1'!$A$2:$B$2165, 2, FALSE) -> 5550 | D15: =C15*1.25 -> 6937.5
A16: Komplettsats med varmer, unikit, tankuttak | B16: 201866050000 | C16: =VLOOKUP(B16,'Ark1'!$A$2:$B$2165, 2, FALSE) -> 7950 | D16: =C16*1.25 -> 9937.5
A18: Varmer B 5 W-SC HYDRONIC, 12 volt
A19: Kun varmer | B19: 201820050000 | C19: =VLOOKUP(B19,'Ark1'!$A$2:$B$2165, 2, FALSE) -> 7150 | D19: =C19*1.25 -> 8937.5
A20: Komplettsats med varmer, unikit, tankuttak | B20: 201863050000 | C20: =VLOOKUP(B20,'Ark1'!$A$2:$B$2165, 2, FALSE) -> 9650 | D20: =C20*1.25 -> 12062.5
A22: Varmer B 5 W-S Hydronic, 12 volt
A23: Kun varmer | B23: 201819050000 | C23: =VLOOKUP(B23,'Ark1'!$A$2:$B$2165, 2, FALSE) -> 7150 | D23: =C23*1.25 -> 8937.5
A24: Komplettsats med varmer, unikit, tankuttak | B24: 201862050000 | C24: =VLOOKUP(B24,'Ark1'!$A$2:$B$2165, 2, FALSE) -> 9650 | D24: =C24*1.25 -> 12062.5
A26: Varmere Hydronic II
A27: Hydronic B4S 12 v Economy (Unikit, se diesel) | B27: 201909050000 | C27: =VLOOKUP(B27,'Ark1'!$A$2:$B$2165, 2, FALSE) -> 4900 | D27: =C27*1.25 -> 6125
A28: Hydronic B5S 12 v Economy (Unikit, se diesel) | B28: 201904050000 | C28: =VLOOKUP(B28,'Ark1'!$A$2:$B$2165, 2, FALSE) -> 7850 | D28: =C28*1.25 -> 9812.5
A30: Diesel
A32: Varmer D 4 W-SC HYDRONIC, 12 volt
A33: Kun varmer | B33: 252257050000 | C33: =VLOOKUP(B33,'Ark1'!$A$2:$B$2165, 2, FALSE) -> 5550 | D33: =C33*1.25 -> 6937.5
A34: Komplettsats med varmer, unikit, tankuttak | B34: 252385050000 | C34: =VLOOKUP(B34,'Ark1'!$A$2:$B$2165, 2, FALSE) -> 7950 | D34: =C34*1.25 -> 9937.5
A36: Varmer D 4 W-S HYDRONIC, 12 volt
A37: Kun varmer | B37: 252355050000 | C37: =VLOOKUP(B37,'Ark1'!$A$2:$B$2165, 2, FALSE) -> 5550 | D37: =C37*1.25 -> 6937.5
A38: Komplettsats med varmer, unikit, tankuttak | B38: 252418050000 | C38: =VLOOKUP(B38,'Ark1'!$A$2:$B$2165, 2, FALSE) -> 7950 | D38: =C38*1.25 -> 9937.5
A40: Varmer D 5 W-SC HYDRONIC, 12 volt
A41: Kun varmer | B41: 252219050000 | C41: =VLOOKUP(B41,'Ark1'!$A$2:$B$2165, 2, FALSE) -> 7150 | D41: =C41*1.25 -> 8937.5
A42: Komplettsats med varmer, unikit, tankuttak | B42: 252390050000 | C42: =VLOOKUP(B42,'Ark1'!$A$2:$B$2165, 2, FALSE) -> 9650 | D42: =C42*1.25 -> 12062.5
A44: Varmer D 5 W-S HYDRONIC, 12 volt
A45: Kun varmer | B45: 252217050000 | C45: =VLOOKUP(B45,'Ark1'!$A$2:$B$2165, 2, FALSE) -> 7150 | D45: =C45*1.25 -> 8937.5
A46: Komplettsats med varmer, unikit, tankuttak | B46: 252386050000 | C46: =VLOOKUP(B46,'Ark1'!$A$2:$B$2165, 2, FALSE) -> 9650 | D46: =C46*1.25 -> 12062.5
A48: Varmere Hydronic II
A49: Hydronic D4S, 12V, Economy | B49: 252554050000 | C49: =VLOOKUP(B49,'Ark1'!$A$2:$B$2165, 2, FALSE) -> 4900 | D49: =C49*1.25 -> 6125
A50: Hydronic D5S, 12V, Economy | B50: 252526050000 | C50: =VLOOKUP(B50,'Ark1'!$A$2:$B$2165, 2, FALSE) -> 7850 | D50: =C50*1.25 -> 9812.5
A51: Unikit Hyd B/D 4/5S Eco | B51: 252526800000 | C51: =VLOOKUP(B51,'Ark1'!$A$2:$B$2165, 2, FALSE) -> 2540 | D51: =C51*1.25 -> 3175
A52: Hydronic D5S, 12V, Commercial | B52: 252506050000 | C52: =VLOOKUP(B52,'Ark1'!$A$2:$B$2165, 2, FALSE) -> 9350 | D52: =C52*1.25 -> 11687.5
A53: Hydronic D5S, 24V, Commercial | B53: 252507050000 | C53: =VLOOKUP(B53,'Ark1'!$A$2:$B$2165, 2, FALSE) -> 9350 | D53: =C53*1.25 -> 11687.5
A54: Unikit Hyd II Commercial | B54: 252506800000 | C54: =VLOOKUP(B54,'Ark1'!$A$2:$B$2165, 2, FALSE) -> 3550 | D54: =C54*1.25 -> 4437.5
A60: Type | B60: Artikkelnr | C60: Bruttopris | D60: Bruttopris
C61: ekskl. moms | D61: inkl. moms
A62: Hydronic vannvarmere – Lastbiler og busser
A63: Varmeapparat M8, 12 volt, (100% biodiesel kompatibel) | B63: 252470050000 | C63: =VLOOKUP(B63,'Ark1'!$A$2:$B$2165, 2, FALSE) -> 13900 | D63: =C63*1.25 -> 17375
A64: Varmeapparat M8, 24 volt, (100% biodiesel kompatibel) | B64: 252471050000 | C64: =VLOOKUP(B64,'Ark1'!$A$2:$B$2165, 2, FALSE) -> 13900 | D64: =C64*1.25 -> 17375
A65: standard monteringsSett (ekskl. betjening og tankuttak) | B65: 252435800000 | C65: =VLOOKUP(B65,'Ark1'!$A$2:$B$2165, 2, FALSE) -> 3150 | D65: =C65*1.25 -> 3937.5
A67: HYDRONIC M10 9,5kw 4 varmetrin, langt serviceinterval
A68: Varmeapparat M10, 12 volt | B68: 252434050000 | C68: =VLOOKUP(B68,'Ark1'!$A$2:$B$2165, 2, FALSE) -> 13200 | D68: =C68*1.25 -> 16500
A69: Varmeapparat M10, 24 volt | B69: 252435050000 | C69: =VLOOKUP(B69,'Ark1'!$A$2:$B$2165, 2, FALSE) -> 13200 | D69: =C69*1.25 -> 16500
A70: standard monteringsSett (ekskl. betjening og tankuttak) | B70: 252435800000 | C70: =VLOOKUP(B70,'Ark1'!$A$2:$B$2165, 2, FALSE) -> 3150 | D70: =C70*1.25 -> 3937.5
A72: HYDRONIC M12 12kw 6 varmetrin, langt serviceinterval
A73: Varmeapparat M12 12 volt | B73: 252472050000 | C73: =VLOOKUP(B73,'Ark1'!$A$2:$B$2165, 2, FALSE) -> 13900 | D73: =C73*1.25 -> 17375
A74: Varmeapparat M12, 24 volt | B74: 252473050000 | C74: =VLOOKUP(B74,'Ark1'!$A$2:$B$2165, 2, FALSE) -> 14400 | D74: =C74*1.25 -> 18000
A75: standard monteringsSett (ekskl. betjening og tankuttak) | B75: 252435800000 | C75: =VLOOKUP(B75,'Ark1'!$A$2:$B$2165, 2, FALSE) -> 3150 | D75: =C75*1.25 -> 3937.5
A77: Varmer D 5 W-SC HYDRONIC, 24 volt
A78: Varmeapparat, 24 volt | B78: 252147050000 | C78: =VLOOKUP(B78,'Ark1'!$A$2:$B$2165, 2, FALSE) -> 8500 | D78: =C78*1.25 -> 10625
A79: standard monteringsSett og tankuttak (ekskl. betjening) | B79: 252009800000 | C79: =VLOOKUP(B79,'Ark1'!$A$2:$B$2165, 2, FALSE) -> 3400 | D79: =C79*1.25 -> 4250
A81: Varmer D 5 W-S HYDRONIC, 24 volt
A82: Varmeapparat | B82: 252146050000 | C82: =VLOOKUP(B82,'Ark1'!$A$2:$B$2165, 2, FALSE) -> 8500 | D82: =C82*1.25 -> 10625
A83: standard monteringsSett og tankuttak (ekskl. betjening) | B83: 252009800000 | C83: =VLOOKUP(B83,'Ark1'!$A$2:$B$2165, 2, FALSE) -> 3400 | D83: =C83*1.25 -> 4250
A85: Varmer D 5 W-S HYDRONIC, 24 volt (Facelift)
A86: Varmeapparat | B86: 252218050000 | C86: =VLOOKUP(B86,'Ark1'!$A$2:$B$2165, 2, FALSE) -> 9100 | D86: =C86*1.25 -> 11375
A87: standard monteringsSett og tankuttak (ekskl. betjening) | B87: 252218800000 | C87: =VLOOKUP(B87,'Ark1'!$A$2:$B$2165, 2, FALSE) -> 3200 | D87: =C87*1.25 -> 4000
A89: Varmer HYDRONIC 10
A90: Varmeapparat, 12 volt | B90: 252160050000 | C90: =VLOOKUP(B90,'Ark1'!$A$2:$B$2165, 2, FALSE) -> 13100 | D90: =C90*1.25 -> 16375
A91: Varmeapparat, 24 volt | B91: 252161050000 | C91: =VLOOKUP(B91,'Ark1'!$A$2:$B$2165, 2, FALSE) -> 13100 | D91: =C91*1.25 -> 16375
A92: MonteringsSett | B92: 252160800000 | C92: =VLOOKUP(B92,'Ark1'!$A$2:$B$2165, 2, FALSE) -> 3100 | D92: =C92*1.25 -> 3875
A94: Varmer HYDRONIC 16, 24 volt
A95: Varmeapparat ekskl. vannpumpe | B95: 252486020000 | C95: =VLOOKUP(B95,'Ark1'!$A$2:$B$2165, 2, FALSE) -> 18100 | D95: =C95*1.25 -> 22625
A97: Varmer HYDRONIC 24, 24 volt
A98: Varmeapparat, kompakt inkl. vannpumpe og filter mv. | B98: 252487050000 | C98: =VLOOKUP(B98,'Ark1'!$A$2:$B$2165, 2, FALSE) -> 22400 | D98: =C98*1.25 -> 28000
A99: Varmeapparat | B99: 252487020000 | C99: =VLOOKUP(B99,'Ark1'!$A$2:$B$2165, 2, FALSE) -> 17500 | D99: =C99*1.25 -> 21875
A101: Varmer HYDRONIC 30, 24 volt
A102: Varmeapparat, kompakt inkl. vannpumpe og filter mv. | B102: 252488050000 | C102: =VLOOKUP(B102,'Ark1'!$A$2:$B$2165, 2, FALSE) -> 22400 | D102: =C102*1.25 -> 28000
A103: Varmeapparat | B103: 252488020000 | C103: =VLOOKUP(B103,'Ark1'!$A$2:$B$2165, 2, FALSE) -> 17500 | D103: =C103*1.25 -> 21875
A105: Varmer HYDRONIC 35, 24 volt
A106: Varmeapparat, kompakt inkl. vannpumpe og filter mv. | B106: 252489050000 | C106: =VLOOKUP(B106,'Ark1'!$A$2:$B$2165, 2, FALSE) -> 23200 | D106: =C106*1.25 -> 29000
A107: Varmeapparat | B107: 252489020000 | C107: =VLOOKUP(B107,'Ark1'!$A$2:$B$2165, 2, FALSE) -> 17800 | D107: =C107*1.25 -> 22250 | E107: Prischeck
A108: vannpumpe til HYDRONIC 16 / 24 / 30 / 35
A109: ”Flowtronic 5000” | B109: 251818290000 | C109: =VLOOKUP(B109,'Ark1'!$A$2:$B$2165, 2, FALSE) -> 3350 | D109: =C109*1.25 -> 4187.5
A110: ”Flowtronic 5000S” med magnetkobling | B110: 251818300000 | C110: =VLOOKUP(B110,'Ark1'!$A$2:$B$2165, 2, FALSE) -> 5900 | D110: =C110*1.25 -> 7375
A111: ”Flowtronic 6000SC” med magnetkobling | B111: 252488250000 | C111: =VLOOKUP(B111,'Ark1'!$A$2:$B$2165, 2, FALSE) -> 8850 | D111: =C111*1.25 -> 11062.5
A113: Betjeningsenheter til HYDRONIC vannvarmere
A114: Telefonbetjening EasyStart GSM inkl. 100 kr. taletid fra TDC | B114: 292490000058 | C114: =VLOOKUP(B114,'Ark1'!$A$2:$B$2165, 2, FALSE) -> 4050 | D114: =C114*1.25 -> 5062.5
A115: Fjernbetjening EasyStart R+ (standard grå) m. integr. ur | B115: 221000328000 | C115: =VLOOKUP(B115,'Ark1'!$A$2:$B$2165, 2, FALSE) -> 3650 | D115: =C115*1.25 -> 4562.5
A116: Fjernbetjening EasyStart R+ (valnød) m. integr. ur | B116: 221000332500 | C116: =VLOOKUP(B116,'Ark1'!$A$2:$B$2165, 2, FALSE) -> 4050 | D116: =C116*1.25 -> 5062.5
A117: Fjernbetjening EasyStart R+ (kulfiber) m. integr. ur | B117: 221000332700 | C117: =VLOOKUP(B117,'Ark1'!$A$2:$B$2165, 2, FALSE) -> 4050 | D117: =C117*1.25 -> 5062.5
A118: Fjernbetjening EasyStart R+ (sølv) m. integr. ur | B118: 221000332900 | C118: =VLOOKUP(B118,'Ark1'!$A$2:$B$2165, 2, FALSE) -> 4050 | D118: =C118*1.25 -> 5062.5
A119: Fjernbetjening EasyStart R - på/av | B119: 221000328500 | C119: =VLOOKUP(B119,'Ark1'!$A$2:$B$2165, 2, FALSE) -> 2960 | D119: =C119*1.25 -> 3700
A120: Timer-ur EasyStart T (standard grå med LED-display) | B120: 221000328800 | C120: =VLOOKUP(B120,'Ark1'!$A$2:$B$2165, 2, FALSE) -> 850 | D120: =C120*1.25 -> 1062.5
A121: Miniur 12/24 volt, 1-døgn, (sort m. lysegul belysning) | B121: 221000323500 | C121: =VLOOKUP(B121,'Ark1'!$A$2:$B$2165, 2, FALSE) -> 910 | D121: =C121*1.25 -> 1137.5
A122: Miniur 12 volt, 1-døgn, (sort m. grøn belysning) | B122: 221000316000 | C122: =VLOOKUP(B122,'Ark1'!$A$2:$B$2165, 2, FALSE) -> 910 | D122: =C122*1.25 -> 1137.5
A123: Miniur 12 volt, 1-døgn, (sort m. blå belysning) | B123: 221000321800 | C123: =VLOOKUP(B123,'Ark1'!$A$2:$B$2165, 2, FALSE) -> 910 | D123: =C123*1.25 -> 1137.5
A124: Modulur til varebil/buss, 12/24 volt, 7-døgn | B124: 221000303600 | C124: =VLOOKUP(B124,'Ark1'!$A$2:$B$2165, 2, FALSE) -> 1390 | D124: =C124*1.25 -> 1737.5
A126: Type | B126: Artikkelnr | C126: Bruttopris | D126: Bruttopris
C127: ekskl. moms | D127: inkl. moms
A130: Kjørevarmer(Originale)
A131: D5W Z incl. doserpumpe* | B131: 252216050000 | C131: =VLOOKUP(B131,'Ark1'!$A$2:$B$2165, 2, FALSE) -> 5050 | D131: =C131*1.25 -> 6312.5
...

Sheet Ark1
A1: Material | B1: Amount
A2: 102067016025 | B2: 10
A3: 102114310100 | B3: 123
A4: 10010258 | B4: 36
A5: 10010350 | B5: 18
A6: 10061317 | B6: 10
A7: 10210302 | B7: 18
A8: 10310348 | B8: 7
A9: 10310349 | B9: 7
A10: 10609002 | B10: 17
A11: 10709001 | B11: 18
A12: 10900043 | B12: 8
A13: 10909009 | B13: 7
... A2250: 991201465329 | B2250: 2600
