Workbook

Sheet Color Targets
F1: GCD xyY Target locations | J1: zoyd@avsforum | AA1: 2
A2: 100% Y [cd/m2] | B2: 121.5 | C2: <-Enter 100% white Y | AA2: 1 | AF2: Flat gamma | AG2: BT.709
A3: display gamma | B3: 2.22 | C3: =IF(AA1=1,"<-Enter average gamma","Using measured gamma") -> Using measured gamma | F3: Primaries/Secondaries | AF3: Measured gamma | AG3: BT.601
A4: 100L,100S | B4: x | C4: y | D4: Y [%] | E4: Y [cd/m2] | F4: 100L,75S | G4: x | H4: y | I4: Y [%] | J4: Y [cd/m2] | K4: 100L,50S | L4: x | M4: y | N4: Y [%] | O4: Y [cd/m2]
A5: R | B5: {=TRANSPOSE(Calculation!AD9:AJ11)} -> 0.63999993 | C5: 0.33000007 | D5: 0.2126729 | E5: =D5*$B$2 -> 25.839757 | F5: R | G5: {=TRANSPOSE(Calculation!AD14:AJ16)} -> 0.55955161 | H5: 0.32975993 | I5: 0.21076653 | J5: =I5*$B$2 -> 25.608133 | K5: R | L5: {=TRANSPOSE(Calculation!AD19:AJ21)} -> 0.48286114 | M5: 0.32953101 | N5: 0.20273712 | O5: =N5*$B$2 -> 24.63256
A6: G | B6: 0.30000001 | C6: 0.60000002 | D6: 0.7151522 | E6: =D6*$B$2 -> 86.890992 | F6: G | G6: 0.30298298 | H6: 0.53648602 | I6: 0.71427725 | J6: =I6*$B$2 -> 86.784685 | K6: G | L6: 0.30624233 | M6: 0.46708752 | N6: 0.70330905 | O6: =N6*$B$2 -> 85.45205
A7: B | B7: 0.15000001 | C7: 0.060000003 | D7: 0.072175 | E7: =D7*$B$2 -> 8.7692625 | F7: B | G7: 0.19118098 | H7: 0.12808127 | I7: 0.068886057 | J7: =I7*$B$2 -> 8.3696559 | K7: B | L7: 0.22855412 | M7: 0.18986737 | N7: 0.066670294 | O7: =N7*$B$2 -> 8.1004408
A8: Y | B8: 0.41932009 | C8: 0.50524583 | D8: 0.9278251 | E8: =D8*$B$2 -> 112.73075 | F8: Y | G8: 0.39440398 | H8: 0.46405397 | I8: 0.91915969 | J8: =I8*$B$2 -> 111.6779 | K8: Y | L8: 0.36807729 | M8: 0.42053011 | N8: 0.93350664 | O8: =N8*$B$2 -> 113.42106
A9: C | B9: 0.22465563 | C9: 0.32876026 | D9: 0.7873272 | E9: =D9*$B$2 -> 95.660255 | F9: C | G9: 0.245363 | H9: 0.32882207 | I9: 0.79388671 | J9: =I9*$B$2 -> 96.457236 | K9: C | L9: 0.26747726 | M9: 0.32888808 | N9: 0.77863255 | O9: =N9*$B$2 -> 94.603854
A10: M | B10: 0.32093774 | C10: 0.15419022 | D10: 0.2848479 | E10: =D10*$B$2 -> 34.60902 | F10: M | G10: 0.31899996 | H10: 0.19544988 | I10: 0.27328809 | J10: =I10*$B$2 -> 33.204502 | K10: M | L10: 0.31687393 | M10: 0.24071763 | N10: 0.2761004 | O10: =N10*$B$2 -> 33.546199
A11: W | B11: 0.3127266 | C11: 0.32902315 | D11: 1.0000001 | E11: =D11*$B$2 -> 121.50001 | F11: W | G11: 0.3127266 | H11: 0.32902315 | I11: 1.0000001 | J11: =I11*$B$2 -> 121.50001 | K11: W | L11: 0.3127266 | M11: 0.32902315 | N11: 1.0000001 | O11: =N11*$B$2 -> 121.50001
A13: 75L,100S | B13: x | C13: y | D13: Y [%] | E13: Y [cd/m2] | F13: 75L,75S | G13: x | H13: y | I13: Y [%] | J13: Y [cd/m2] | K13: 75L,50S | L13: x | M13: y | N13: Y [%] | O13: Y [cd/m2]
A14: R | B14: {=TRANSPOSE(Calculation!AD24:AJ26)} -> 0.63999993 | C14: 0.33000007 | D14: 0.10963914 | E14: =D14*$B$2 -> 13.321156 | F14: R | G14: {=TRANSPOSE(Calculation!AD29:AJ31)} -> 0.55288461 | H14: 0.32974003 | I14: 0.10896669 | J14: =I14*$B$2 -> 13.239452 | K14: R | L14: {=TRANSPOSE(Calculation!AD34:AJ36)} -> 0.47976872 | M14: 0.32952178 | N14: 0.10574448 | O14: =N14*$B$2 -> 12.847955
A15: G | B15: 0.30000001 | C15: 0.60000002 | D15: 0.36868201 | E15: =D15*$B$2 -> 44.794865 | F15: G | G15: 0.30316986 | H15: 0.53250691 | I15: 0.36240192 | J15: =I15*$B$2 -> 44.031833 | K15: G | L15: 0.30629863 | M15: 0.4658887 | N15: 0.35479191 | O15: =N15*$B$2 -> 43.107217
A16: B | B16: 0.15000001 | C16: 0.060000003 | D16: 0.037208337 | E16: =D16*$B$2 -> 4.520813 | F16: B | G16: 0.19353865 | H16: 0.13197904 | I16: 0.039156122 | J16: =I16*$B$2 -> 4.7574689 | K16: B | L16: 0.23233741 | M16: 0.19612198 | N16: 0.036892934 | O16: =N16*$B$2 -> 4.4824915
A17: Y | B17: 0.41932009 | C17: 0.50524583 | D17: 0.47832116 | E17: =D17*$B$2 -> 58.11602 | F17: Y | G17: 0.39423385 | H17: 0.4637727 | I17: 0.48415558 | J17: =I17*$B$2 -> 58.824903 | K17: Y | L17: 0.36640631 | M17: 0.41776761 | N17: 0.4777341 | O17: =N17*$B$2 -> 58.044694
A18: C | B18: 0.22465563 | C18: 0.32876026 | D18: 0.40589035 | E18: =D18*$B$2 -> 49.315678 | F18: C | G18: 0.24592773 | H18: 0.32882376 | I18: 0.40215688 | J18: =I18*$B$2 -> 48.86206 | K18: C | L18: 0.2682247 | M18: 0.32889031 | N18: 0.39308296 | O18: =N18*$B$2 -> 47.75958
A19: M | B19: 0.32093774 | C19: 0.15419022 | D19: 0.14684748 | E19: =D19*$B$2 -> 17.841969 | F19: M | G19: 0.31879018 | H19: 0.19991654 | I19: 0.144495 | J19: =I19*$B$2 -> 17.556143 | K19: M | L19: 0.3169549 | M19: 0.2389936 | N19: 0.14554797 | O19: =N19*$B$2 -> 17.684078
A20: W | B20: 0.3127266 | C20: 0.32902315 | D20: 0.51552949 | E20: =D20*$B$2 -> 62.636833 | F20: W | G20: 0.3127266 | H20: 0.32902315 | I20: 0.51141488 | J20: =I20*$B$2 -> 62.136909 | K20: W | L20: 0.3127266 | M20: 0.32902315 | N20: 0.51141488 | O20: =N20*$B$2 -> 62.136909
A22: 50L,100S | B22: x | C22: y | D22: Y [%] | E22: Y [cd/m2] | F22: 50L,75S | G22: x | H22: y | I22: Y [%] | J22: Y [cd/m2] | K22: 50L,50S | L22: x | M22: y | N22: Y [%] | O22: Y [cd/m2]
A23: R | B23: {=TRANSPOSE(Calculation!AD39:AJ41)} -> 0.63999993 | C23: 0.33000007 | D23: 0.043973481 | E23: =D23*$B$2 -> 5.342778 | F23: R | G23: {=TRANSPOSE(Calculation!AD44:AJ47)} -> 0.55075733 | H23: 0.32973368 | I23: 0.044338447 | J23: =I23*$B$2 -> 5.3871213 | K23: R | L23: {=TRANSPOSE(Calculation!AD49:AJ51)} -> 0.47217761 | M23: 0.32949912 | N23: 0.044187356 | O23: =N23*$B$2 -> 5.3687638
A24: G | B24: 0.30000001 | C24: 0.60000002 | D24: 0.14786901 | E24: =D24*$B$2 -> 17.966085 | F24: G | G24: 0.3036064 | H24: 0.52321201 | I24: 0.14656409 | J24: =I24*$B$2 -> 17.807538 | K24: G | L24: 0.30628544 | M24: 0.46616949 | N24: 0.14829652 | O24: =N24*$B$2 -> 18.018027
A25: B | B25: 0.15000001 | C25: 0.060000003 | D25: 0.014923321 | E25: =D25*$B$2 -> 1.8131835 | F25: B | G25: 0.19997472 | H25: 0.14261929 | I25: 0.017028063 | J25: =I25*$B$2 -> 2.0689096 | K25: B | L25: 0.24116896 | M25: 0.2107225 | N25: 0.017160766 | O25: =N25*$B$2 -> 2.0850331
A26: Y | B26: 0.41932009 | C26: 0.50524583 | D26: 0.1918425 | E26: =D26*$B$2 -> 23.308863 | F26: Y | G26: 0.39283986 | H26: 0.46146813 | I26: 0.19432674 | J26: =I26*$B$2 -> 23.610699 | K26: Y | L26: 0.36452997 | M26: 0.41466561 | N26: 0.18597187 | O26: =N26*$B$2 -> 22.595582
A27: C | B27: 0.22465563 | C27: 0.32876026 | D27: 0.16279234 | E27: =D27*$B$2 -> 19.779269 | F27: C | G27: 0.24705317 | H27: 0.32882712 | I27: 0.16192846 | J27: =I27*$B$2 -> 19.674307 | K27: C | L27: 0.26798458 | M27: 0.3288896 | N27: 0.164244 | O27: =N27*$B$2 -> 19.955646
A28: M | B28: 0.32093774 | C28: 0.15419022 | D28: 0.058896803 | E28: =D28*$B$2 -> 7.1559615 | F28: M | G28: 0.31875522 | H28: 0.20066077 | I28: 0.059926507 | J28: =I28*$B$2 -> 7.2810706 | K28: M | L28: 0.31663149 | M28: 0.24587965 | N28: 0.058715067 | O28: =N28*$B$2 -> 7.1338806
A29: W | B29: 0.3127266 | C29: 0.32902315 | D29: 0.20566254 | E29: =D29*$B$2 -> 24.987999 | F29: W | G29: 0.3127266 | H29: 0.32902315 | I29: 0.20566254 | J29: =I29*$B$2 -> 24.987999 | K29: W | L29: 0.3127266 | M29: 0.32902315 | N29: 0.20566254 | O29: =N29*$B$2 -> 24.987999
A32: Color Checker Palette
B33: x | C33: y | D33: Y [%] | E33: Y [cd/m2] | G33: Measured | H33: x | I33: y | J33: Y [%] | K33: Y [cd/m2] | L33: ΔL | M33: ΔC | N33: ΔH | O33: ΔE94 | P33: ΔE2000
A34: dark skin | B34: {=TRANSPOSE(Calculation!AY55:BJ57)} -> 0.40166373 | C34: 0.3591997 | D34: 0.095533415 | E34: =D34*$B$2 -> 11.60731 | G34: dark skin | H34: 0.408419 | I34: 0.360653 | J34: =K34/$B$2 -> 0.093908008 | K34: 11.409823 | L34: =Calculation!K97-Calculation!K81 -> -0.30246483 | M34: =SQRT(Calculation!L97^2+Calculation!M97^2)-SQRT(Calculation!L81^2+Calculation!M81^2) -> 1.3116143 | N34: =SQRT((Calculation!L81-Calculation!L97)^2+(Calculation!M81-Calculation!M97)^2-M34^2) -> 0.068816829 | O34: =SQRT(L34^2+(M34/Calculation!O81)^2+(N34/Calculation!P81)^2) -> 0.77420625 | P34: =Calculation!Z111 -> 0.80704164
A35: light skin | B35: 0.38996525 | C35: 0.35300025 | D35: 0.33613486 | E35: =D35*$B$2 -> 40.840385 | G35: light skin | H35: 0.39773 | I35: 0.352444 | J35: =K35/$B$2 -> 0.33079856 | K35: 40.192025 | L35: =Calculation!K98-Calculation!K82 -> -0.42908842 | M35: =SQRT(Calculation!L98^2+Calculation!M98^2)-SQRT(Calculation!L82^2+Calculation!M82^2) -> 2.4929569 | N35: =SQRT((Calculation!L82-Calculation!L98)^2+(Calculation!M82-Calculation!M98)^2-M35^2) -> 0.98982745 | O35: =SQRT(L35^2+(M35/Calculation!O82)^2+(N35/Calculation!P82)^2) -> 1.4422098 | P35: =Calculation!Z112 -> 1.5166278
A36: blue sky | B36: 0.24636328 | C36: 0.26619356 | D36: 0.17702899 | E36: =D36*$B$2 -> 21.509022 | G36: blue sky | H36: 0.242143 | I36: 0.264637 | J36: =K36/$B$2 -> 0.17162213 | K36: 20.852089 | L36: =Calculation!K99-Calculation!K83 -> -0.66997745 | M36: =SQRT(Calculation!L99^2+Calculation!M99^2)-SQRT(Calculation!L83^2+Calculation!M83^2) -> 0.69606827 | N36: =SQRT((Calculation!L83-Calculation!L99)^2+(Calculation!M83-Calculation!M99)^2-M36^2) -> 0.93355051 | O36: =SQRT(L36^2+(M36/Calculation!O83)^2+(N36/Calculation!P83)^2) -> 1.0364251 | P36: =Calculation!Z113 -> 1.1693022
A37: foliage | B37: 0.34053582 | C37: 0.43148158 | D37: 0.12472423 | E37: =D37*$B$2 -> 15.153994 | G37: foliage | H37: 0.34057 | I37: 0.441484 | J37: =K37/$B$2 -> 0.12493922 | K37: 15.180115 | L37: =Calculation!K100-Calculation!K84 -> 0.033280991 | M37: =SQRT(Calculation!L100^2+Calculation!M100^2)-SQRT(Calculation!L84^2+Calculation!M84^2) -> 2.4810126 | N37: =SQRT((Calculation!L84-Calculation!L100)^2+(Calculation!M84-Calculation!M100)^2-M37^2) -> 0.42728556 | O37: =SQRT(L37^2+(M37/Calculation!O84)^2+(N37/Calculation!P84)^2) -> 1.1810546 | P37: =Calculation!Z114 -> 1.1877132
A38: blue flower | B38: 0.26792958 | C38: 0.25334782 | D38: 0.22245296 | E38: =D38*$B$2 -> 27.028035 | G38: blue flower | H38: 0.266168 | I38: 0.247941 | J38: =K38/$B$2 -> 0.21547193 | K38: 26.179839 | L38: =Calculation!K101-Calculation!K85 -> -0.74307155 | M38: =SQRT(Calculation!L101^2+Calculation!M101^2)-SQRT(Calculation!L85^2+Calculation!M85^2) -> 1.9680444 | N38: =SQRT((Calculation!L85-Calculation!L101)^2+(Calculation!M85-Calculation!M101)^2-M38^2) -> 0.6727195 | O38: =SQRT(L38^2+(M38/Calculation!O85)^2+(N38/Calculation!P85)^2) -> 1.2563662 | P38: =Calculation!Z115 -> 1.2390504
A39: bluish green | B39: 0.2568823 | C39: 0.35973617 | D39: 0.40741259 | E39: =D39*$B$2 -> 49.500629 | G39: bluish green | H39: 0.257224 | I39: 0.357795 | J39: =K39/$B$2 -> 0.4006653 | K39: 48.680834 | L39: =Calculation!K102-Calculation!K86 -> -0.47737099 | M39: =SQRT(Calculation!L102^2+Calculation!M102^2)-SQRT(Calculation!L86^2+Calculation!M86^2) -> -0.95213324 | N39: =SQRT((Calculation!L86-Calculation!L102)^2+(Calculation!M86-Calculation!M102)^2-M39^2) -> 0.45051548 | O39: =SQRT(L39^2+(M39/Calculation!O86)^2+(N39/Calculation!P86)^2) -> 0.6785826 | P39: =Calculation!Z116 -> 0.60915918
A40: orange | B40: 0.51215757 | C40: 0.40038682 | D40: 0.29509378 | E40: =D40*$B$2 -> 35.853894 | G40: orange | H40: 0.509411 | I40: 0.399923 | J40: =K40/$B$2 -> 0.30494075 | K40: 37.050301 | L40: =Calculation!K103-Calculation!K87 -> 0.84963056 | M40: =SQRT(Calculation!L103^2+Calculation!M103^2)-SQRT(Calculation!L87^2+Calculation!M87^2) -> -0.39351363 | N40: =SQRT((Calculation!L87-Calculation!L103)^2+(Calculation!M87-Calculation!M103)^2-M40^2) -> 0.08080293 | O40: =SQRT(L40^2+(M40/Calculation!O87)^2+(N40/Calculation!P87)^2) -> 0.85647715 | P40: =Calculation!Z117 -> 0.73870333
A41: purplish blue | B41: 0.20760649 | C41: 0.17897257 | D41: 0.10870481 | E41: =D41*$B$2 -> 13.207634 | G41: purplish blue | H41: 0.207919 | I41: 0.176846 | J41: =K41/$B$2 -> 0.10798229 | K41: 13.119848 | L41: =Calculation!K104-Calculation!K88 -> -0.12292842 | M41: =SQRT(Calculation!L104^2+Calculation!M104^2)-SQRT(Calculation!L88^2+Calculation!M88^2) -> 0.95006207 | N41: =SQRT((Calculation!L88-Calculation!L104)^2+(Calculation!M88-Calculation!M104)^2-M41^2) -> 0.82462744 | O41: =SQRT(L41^2+(M41/Calculation!O88)^2+(N41/Calculation!P88)^2) -> 0.58275558 | P41: =Calculation!Z118 -> 0.53732001
A42: moderate red | B42: 0.47303641 | C42: 0.31269382 | D42: 0.18447485 | E42: =D42*$B$2 -> 22.413694 | G42: moderate red | H42: 0.471151 | I42: 0.309233 | J42: =K42/$B$2 -> 0.18990563 | K42: 23.073534 | L42: =Calculation!K105-Calculation!K89 -> 0.64174216 | M42: =SQRT(Calculation!L105^2+Calculation!M105^2)-SQRT(Calculation!L89^2+Calculation!M89^2) -> 0.88257293 | N42: =SQRT((Calculation!L89-Calculation!L105)^2+(Calculation!M89-Calculation!M105)^2-M42^2) -> 1.3648447 | O42: =SQRT(L42^2+(M42/Calculation!O89)^2+(N42/Calculation!P89)^2) -> 1.0435153 | P42: =Calculation!Z119 -> 1.1729238
A43: purple | B43: 0.29386113 | C43: 0.22047901 | D43: 0.060982867 | E43: =D43*$B$2 -> 7.4094184 | G43: purple | H43: 0.293227 | I43: 0.213986 | J43: =K43/$B$2 -> 0.058861588 | K43: 7.151683 | L43: =Calculation!K106-Calculation!K90 -> -0.53567455 | M43: =SQRT(Calculation!L106^2+Calculation!M106^2)-SQRT(Calculation!L90^2+Calculation!M90^2) -> 2.1198062 | N43: =SQRT((Calculation!L90-Calculation!L106)^2+(Calculation!M90-Calculation!M106)^2-M43^2) -> 0.2356263 | O43: =SQRT(L43^2+(M43/Calculation!O90)^2+(N43/Calculation!P90)^2) -> 1.0414073 | P43: =Calculation!Z120 -> 0.97520281
A44: yellow green | B44: 0.37426932 | C44: 0.49893305 | D44: 0.43154229 | E44: =D44*$B$2 -> 52.432389 | G44: yellow green | H44: 0.374033 | I44: 0.493785 | J44: =K44/$B$2 -> 0.43458768 | K44: 52.802403 | L44: =Calculation!K107-Calculation!K91 -> 0.20572065 | M44: =SQRT(Calculation!L107^2+Calculation!M107^2)-SQRT(Calculation!L91^2+Calculation!M91^2) -> -1.8122747 | N44: =SQRT((Calculation!L91-Calculation!L107)^2+(Calculation!M91-Calculation!M107)^2-M44^2) -> 0.30373196 | O44: =SQRT(L44^2+(M44/Calculation!O91)^2+(N44/Calculation!P91)^2) -> 0.52950086 | P44: =Calculation!Z121 -> 0.51114426
A45: orange yellow | B45: 0.47882962 | C45: 0.4398735 | D45: 0.41146575 | E45: =D45*$B$2 -> 49.993089 | G45: orange yellow | H45: 0.478792 | I45: 0.436887 | J45: =K45/$B$2 -> 0.41560972 | K45: 50.496581 | L45: =Calculation!K108-Calculation!K92 -> 0.28867662 | M45: =SQRT(Calculation!L108^2+Calculation!M108^2)-SQRT(Calculation!L92^2+Calculation!M92^2) -> -0.70470487 | N45: =SQRT((Calculation!L92-Calculation!L108)^2+(Calculation!M92-Calculation!M108)^2-M45^2) -> 1.1568408 | O45: =SQRT(L45^2+(M45/Calculation!O92)^2+(N45/Calculation!P92)^2) -> 0.66198467 | P45: =Calculation!Z122 -> 0.62602906
L46: =AVERAGE(L34:L45) -> -0.1051271 | M46: =AVERAGE(M34:M45) -> 0.7532926 | N46: =AVERAGE(N34:N45) -> 0.62576579 | O46: =AVERAGE(O34:O45) -> 0.92370713 | P46: =AVERAGE(P34:P45) -> 0.92418481 | Q46: Average
L47: =MIN(L34:L45) -> -0.74307155 | M47: =MIN(M34:M45) -> -1.8122747 | N47: =MIN(N34:N45) -> 0.068816829 | O47: =MIN(O34:O45) -> 0.52950086 | P47: =MIN(P34:P45) -> 0.51114426 | Q47: Min
H48: Enter xyY values - uses peak white | L48: =MAX(L34:L45) -> 0.84963056 | M48: =MAX(M34:M45) -> 2.4929569 | N48: =MAX(N34:N45) -> 1.3648447 | O48: =MAX(O34:O45) -> 1.4422098 | P48: =MAX(P34:P45) -> 1.5166278 | Q48: Max
H49: from above for normalization and assumes D65
B73: u | C73: v

Sheet Gamma Target
A1: BT.1886 Caculator | D1: a | E1: b | F1: vc | G1: a1 | H1: a2 | I1: k | J1: gamma
D2: =(C9^(1/J2)-C10^(1/J2))^J2 -> 112.54489 | E2: =C10^(1/J2)/(C9^(1/J2)-C10^(1/J2)) -> 0.032415156 | F2: 0.35 | G2: 2.6 | H2: 3 | I2: =100/(1+C11)^G2 -> 88.086189 | J2: 2.4
A4: Enter Peak white and mll values and then
A5: adjust 10 pt controls to hit L primary targets
C8: Y [cd/m2] | H8: Enter 10 or 20 step grey scale Y's here
B9: White | C9: 121.5 | E9: L(1.83%)
B10: Black | C10: 0.03 | E10: =$I$2*($F$2+$C$11)^($G$2-$H$2)*(0.0183+$C$11)^$H$2 -> 0.040489828
B11: Alt_b | C11: 0.05 | D11: <-Adjust this to get luminance of measured
D12: 1.83% pattern for alternate CRT emulation
C13: Stimulus[%] | D13: L Primary | E13: L Alternate | F13: gamma [primary] | G13: gamma [alternate] | H13: Measured luminance | I13: Normalized | J13: Measured gamma
C14: 0.01 | D14: =$D$2*(C14+$E$2)^$J$2 -> 0.057197407 | E14: =IF(C14<$F$2,$I$2*($F$2+$C$11)^($G$2-$H$2)*(C14+$C$11)^$H$2,$I$2*(C14+$C$11)^$G$2) -> 0.027449698 | F14: =LOG(D14/$C$9)/LOG(C14) -> 1.6636 | G14: =LOG(E14/100)/LOG(C14) -> 1.7807312 | H14: 0.041703 | I14: =IF(H14=0,"",H14/$H$37) -> 0.0003432285 | J14: =IFERROR(LOG(I14)/LOG(C14),"") -> 1.7322083
C15: 0.02 | D15: =$D$2*(C15+$E$2)^$J$2 -> 0.09506536 | E15: =IF(C15<$F$2,$I$2*($F$2+$C$11)^($G$2-$H$2)*(C15+$C$11)^$H$2,$I$2*(C15+$C$11)^$G$2) -> 0.043589104 | F15: =LOG(D15/$C$9)/LOG(C15) -> 1.8284925 | G15: =LOG(E15/100)/LOG(C15) -> 1.978035 | H15: 0.067194 | I15: =IF(H15=0,"",H15/$H$37) -> 0.00055302726 | J15: =IFERROR(LOG(I15)/LOG(C15),"") -> 1.917193
C16: 0.03 | D16: =$D$2*(C16+$E$2)^$J$2 -> 0.14455127 | E16: =IF(C16<$F$2,$I$2*($F$2+$C$11)^($G$2-$H$2)*(C16+$C$11)^$H$2,$I$2*(C16+$C$11)^$G$2) -> 0.065065952 | F16: =LOG(D16/$C$9)/LOG(C16) -> 1.9204118 | G16: =LOG(E16/100)/LOG(C16) -> 2.0925147 | H16: 0.113235 | I16: =IF(H16=0,"",H16/$H$37) -> 0.00093195884 | J16: =IFERROR(LOG(I16)/LOG(C16),"") -> 1.990049
C17: 0.04 | D17: =$D$2*(C17+$E$2)^$J$2 -> 0.20649831 | E17: =IF(C17<$F$2,$I$2*($F$2+$C$11)^($G$2-$H$2)*(C17+$C$11)^$H$2,$I$2*(C17+$C$11)^$G$2) -> 0.092642732 | F17: =LOG(D17/$C$9)/LOG(C17) -> 1.9812437 | G17: =LOG(E17/100)/LOG(C17) -> 2.1697559 | H17: 0.168965 | I17: =IF(H17=0,"",H17/$H$37) -> 0.0013906339 | J17: =IFERROR(LOG(I17)/LOG(C17),"") -> 2.0435692
C18: 0.050228311 | D18: =$D$2*(C18+$E$2)^$J$2 -> 0.28354778 | E18: =IF(C18<$F$2,$I$2*($F$2+$C$11)^($G$2-$H$2)*(C18+$C$11)^$H$2,$I$2*(C18+$C$11)^$G$2) -> 0.12795435 | F18: =LOG(D18/$C$9)/LOG(C18) -> 2.0260553 | G18: =LOG(E18/100)/LOG(C18) -> 2.2269672 | H18: 0.25991 | I18: =IF(H18=0,"",H18/$H$37) -> 0.0021391392 | J18: =IFERROR(LOG(I18)/LOG(C18),"") -> 2.0551619
C19: 0.10045662 | D19: =$D$2*(C19+$E$2)^$J$2 -> 0.88626657 | E19: =IF(C19<$F$2,$I$2*($F$2+$C$11)^($G$2-$H$2)*(C19+$C$11)^$H$2,$I$2*(C19+$C$11)^$G$2) -> 0.43283038 | F19: =LOG(D19/$C$9)/LOG(C19) -> 2.1412485 | G19: =LOG(E19/100)/LOG(C19) -> 2.3683682 | H19: 0.906863 | I19: =IF(H19=0,"",H19/$H$37) -> 0.0074637611 | J19: =IFERROR(LOG(I19)/LOG(C19),"") -> 2.1312591
C20: 0.15068493 | D20: =$D$2*(C20+$E$2)^$J$2 -> 1.913279 | E20: =IF(C20<$F$2,$I$2*($F$2+$C$11)^($G$2-$H$2)*(C20+$C$11)^$H$2,$I$2*(C20+$C$11)^$G$2) -> 1.0271364 | F20: =LOG(D20/$C$9)/LOG(C20) -> 2.1933712 | G20: =LOG(E20/100)/LOG(C20) -> 2.4191494 | H20: 1.939177 | I20: =IF(H20=0,"",H20/$H$37) -> 0.015960023 | J20: =IFERROR(LOG(I20)/LOG(C20),"") -> 2.1862763
C21: 0.20091324 | D21: =$D$2*(C21+$E$2)^$J$2 -> 3.4233241 | E21: =IF(C21<$F$2,$I$2*($F$2+$C$11)^($G$2-$H$2)*(C21+$C$11)^$H$2,$I$2*(C21+$C$11)^$G$2) -> 2.0074955 | F21: =LOG(D21/$C$9)/LOG(C21) -> 2.2240277 | G21: =LOG(E21/100)/LOG(C21) -> 2.4352457 | H21: 3.470132 | I21: =IF(H21=0,"",H21/$H$37) -> 0.028560253 | J21: =IFERROR(LOG(I21)/LOG(C21),"") -> 2.2155767
C22: 0.25114155 | D22: =$D$2*(C22+$E$2)^$J$2 -> 5.4658991 | E22: =IF(C22<$F$2,$I$2*($F$2+$C$11)^($G$2-$H$2)*(C22+$C$11)^$H$2,$I$2*(C22+$C$11)^$G$2) -> 3.4705306 | F22: =LOG(D22/$C$9)/LOG(C22) -> 2.2445532 | G22: =LOG(E22/100)/LOG(C22) -> 2.4323434 | H22: 5.35542 | I22: =IF(H22=0,"",H22/$H$37) -> 0.044076752 | J22: =IFERROR(LOG(I22)/LOG(C22),"") -> 2.2593441
C23: 0.30136986 | D23: =$D$2*(C23+$E$2)^$J$2 -> 8.0843704 | E23: =IF(C23<$F$2,$I$2*($F$2+$C$11)^($G$2-$H$2)*(C23+$C$11)^$H$2,$I$2*(C23+$C$11)^$G$2) -> 5.512865 | F23: =LOG(D23/$C$9)/LOG(C23) -> 2.2594158 | G23: =LOG(E23/100)/LOG(C23) -> 2.4162454 | H23: 8.107444 | I23: =IF(H23=0,"",H23/$H$37) -> 0.066726755 | J23: =IFERROR(LOG(I23)/LOG(C23),"") -> 2.2570543
C24: 0.35159817 | D24: =$D$2*(C24+$E$2)^$J$2 -> 11.317667 | E24: =IF(C24<$F$2,$I$2*($F$2+$C$11)^($G$2-$H$2)*(C24+$C$11)^$H$2,$I$2*(C24+$C$11)^$G$2) -> 8.2180034 | F24: =LOG(D24/$C$9)/LOG(C24) -> 2.2707604 | G24: =LOG(E24/100)/LOG(C24) -> 2.390628 | H24: 11.115225 | I24: =IF(H24=0,"",H24/$H$37) -> 0.091481717 | J24: =IFERROR(LOG(I24)/LOG(C24),"") -> 2.2880448
C25: 0.40182648 | D25: =$D$2*(C25+$E$2)^$J$2 -> 15.20132 | E25: =IF(C25<$F$2,$I$2*($F$2+$C$11)^($G$2-$H$2)*(C25+$C$11)^$H$2,$I$2*(C25+$C$11)^$G$2) -> 11.164369 | F25: =LOG(D25/$C$9)/LOG(C25) -> 2.2797547 | G25: =LOG(E25/100)/LOG(C25) -> 2.4046932 | H25: 15.064519 | I25: =IF(H25=0,"",H25/$H$37) -> 0.12398562 | J25: =IFERROR(LOG(I25)/LOG(C25),"") -> 2.2896893
... C35: 0.89954338 | D35: =$D$2*(C35+$E$2)^$J$2 -> 95.033692 | E35: =IF(C35<$F$2,$I$2*($F$2+$C$11)^($G$2-$H$2)*(C35+$C$11)^$H$2,$I$2*(C35+$C$11)^$G$2) -> 76.992129 | F35: =LOG(D35/$C$9)/LOG(C35) -> 2.3206519 | G35: =LOG(E35/100)/LOG(C35) -> 2.4697452 | H35: 94.892588 | I35: =IF(H35=0,"",H35/$H$37) -> 0.78099515 | J35: =IFERROR(LOG(I35)/LOG(C35),"") -> 2.3348541
C36: 0.94977169 | D36: =$D$2*(C36+$E$2)^$J$2 -> 107.79327 | E36: =IF(C36<$F$2,$I$2*($F$2+$C$11)^($G$2-$H$2)*(C36+$C$11)^$H$2,$I$2*(C36+$C$11)^$G$2) -> 88.03391 | F36: =LOG(D36/$C$9)/LOG(C36) -> 2.3227349 | G36: =LOG(E36/100)/LOG(C36) -> 2.4731045 | I36: =IF(H36=0,"",H36/$H$37) | J36: =IFERROR(LOG(I36)/LOG(C36),"")
C37: 1 | D37: =$D$2*(C37+$E$2)^$J$2 -> 121.5 | E37: =IF(C37<$F$2,$I$2*($F$2+$C$11)^($G$2-$H$2)*(C37+$C$11)^$H$2,$I$2*(C37+$C$11)^$G$2) -> 100 | H37: 121.50215 | I37: =IF(H37=0,"",H37/$H$37) -> 1 | J37: =AVERAGE(J19:J36) -> 2.2782959 | K37: average
K38: 10-100%
A41: Note: If black levels are < 0.01 cd/m^2 BT.1886 recommends setting Black=0.0 cd/m^2 | H41: 0.873804 | I41: 3.42218 | J41: 7.817614 | K41: 14.622611 | L41: 24.161513 | M41: 36.417416 | N41: 51.441887 | O41: 70.169922 | P41: 92.890071 | Q41: 119.05182
A42: Peak white of alternate is fixed at 100 cd/m^2 reference
A43: http://www.itu.int/dms_pubrec/itu-r/rec/bt/R-REC-BT.1886-0-201103-I!!PDF-E.pdf

Sheet Calculation
M1: gamma | N1: ='Color Targets'!B3 -> 2.22
B2: =IF('Color Targets'!$AA$2=1,E62,I62) -> BT.709 color matrix
B3: =IF('Color Targets'!$AA$2=1,E63,I63) -> 0.4124564 | C3: =IF('Color Targets'!$AA$2=1,F63,J63) -> 0.3575761 | D3: =IF('Color Targets'!$AA$2=1,G63,K63) -> 0.1804375
B4: =IF('Color Targets'!$AA$2=1,E64,I64) -> 0.2126729 | C4: =IF('Color Targets'!$AA$2=1,F64,J64) -> 0.7151522 | D4: =IF('Color Targets'!$AA$2=1,G64,K64) -> 0.072175
B5: =IF('Color Targets'!$AA$2=1,E65,I65) -> 0.0193339 | C5: =IF('Color Targets'!$AA$2=1,F65,J65) -> 0.119192 | D5: =IF('Color Targets'!$AA$2=1,G65,K65) -> 0.9503041
A6: Companded
A7: Vectors | I7: Normalized | P7: gammafied | W7: XYZ | AD7: xyY
A8: 100/100 | B8: R | C8: G | D8: B | E8: Y | F8: C | G8: M | H8: W | I8: R | J8: G | K8: B | L8: Y | M8: C | N8: M | O8: W | P8: R | Q8: G | R8: B | S8: Y | T8: C | U8: M | V8: W | W8: R | X8: G | Y8: B | Z8: Y | AA8: C | AB8: M | AC8: W | AD8: R | AE8: G | AF8: B | AG8: Y | AH8: C | AI8: M | AJ8: W
A9: R' | B9: 235 | C9: 16 | D9: 16 | E9: 235 | F9: 16 | G9: 235 | H9: 235 | I9: =(B9-16)/219 -> 1 | J9: =(C9-16)/219 -> 0 | K9: =(D9-16)/219 -> 0 | L9: =(E9-16)/219 -> 1 | M9: =(F9-16)/219 -> 0 | N9: =(G9-16)/219 -> 1 | O9: =(H9-16)/219 -> 1 | P9: =I9^$N$1 -> 1 | Q9: =J9^$N$1 -> 0 | R9: =K9^$N$1 -> 0 | S9: =L9^$N$1 -> 1 | T9: =M9^$N$1 -> 0 | U9: =N9^$N$1 -> 1 | V9: =O9^$N$1 -> 1 | W9: {=MMULT($B$3:$D$5,P9:P11)} -> 0.4124564 | X9: {=MMULT($B$3:$D$5,Q9:Q11)} -> 0.3575761 | Y9: {=MMULT($B$3:$D$5,R9:R11)} -> 0.1804375 | Z9: {=MMULT($B$3:$D$5,S9:S11)} -> 0.7700325 | AA9: {=MMULT($B$3:$D$5,T9:T11)} -> 0.5380136 | AB9: {=MMULT($B$3:$D$5,U9:U11)} -> 0.5928939 | AC9: {=MMULT($B$3:$D$5,V9:V11)} -> 0.95047 | AD9: =W9/(W9+W10+W11) -> 0.63999993 | AE9: =X9/(X9+X10+X11) -> 0.30000001 | AF9: =Y9/(Y9+Y10+Y11) -> 0.15000001 | AG9: =Z9/(Z9+Z10+Z11) -> 0.41932009 | AH9: =AA9/(AA9+AA10+AA11) -> 0.22465563 | AI9: =AB9/(AB9+AB10+AB11) -> 0.32093774 | AJ9: =AC9/(AC9+AC10+AC11) -> 0.3127266
A10: G' | B10: 16 | C10: 235 | D10: 16 | E10: 235 | F10: 235 | G10: 16 | H10: 235 | I10: =(B10-16)/219 -> 0 | J10: =(C10-16)/219 -> 1 | K10: =(D10-16)/219 -> 0 | L10: =(E10-16)/219 -> 1 | M10: =(F10-16)/219 -> 1 | N10: =(G10-16)/219 -> 0 | O10: =(H10-16)/219 -> 1 | P10: =I10^$N$1 -> 0 | Q10: =J10^$N$1 -> 1 | R10: =K10^$N$1 -> 0 | S10: =L10^$N$1 -> 1 | T10: =M10^$N$1 -> 1 | U10: =N10^$N$1 -> 0 | V10: =O10^$N$1 -> 1 | W10: 0.2126729 | X10: 0.7151522 | Y10: 0.072175 | Z10: 0.9278251 | AA10: 0.7873272 | AB10: 0.2848479 | AC10: 1.0000001 | AD10: =W10/(W9+W10+W11) -> 0.33000007 | AE10: =X10/(X9+X10+X11) -> 0.60000002 | AF10: =Y10/(Y9+Y10+Y11) -> 0.060000003 | AG10: =Z10/(Z9+Z10+Z11) -> 0.50524583 | AH10: =AA10/(AA9+AA10+AA11) -> 0.32876026 | AI10: =AB10/(AB9+AB10+AB11) -> 0.15419022 | AJ10: =AC10/(AC9+AC10+AC11) -> 0.32902315
A11: B' | B11: 16 | C11: 16 | D11: 235 | E11: 16 | F11: 235 | G11: 235 | H11: 235 | I11: =(B11-16)/219 -> 0 | J11: =(C11-16)/219 -> 0 | K11: =(D11-16)/219 -> 1 | L11: =(E11-16)/219 -> 0 | M11: =(F11-16)/219 -> 1 | N11: =(G11-16)/219 -> 1 | O11: =(H11-16)/219 -> 1 | P11: =I11^$N$1 -> 0 | Q11: =J11^$N$1 -> 0 | R11: =K11^$N$1 -> 1 | S11: =L11^$N$1 -> 0 | T11: =M11^$N$1 -> 1 | U11: =N11^$N$1 -> 1 | V11: =O11^$N$1 -> 1 | W11: 0.0193339 | X11: 0.119192 | Y11: 0.9503041 | Z11: 0.1385259 | AA11: 1.0694961 | AB11: 0.969638 | AC11: 1.08883 | AD11: =W10 -> 0.2126729 | AE11: =X10 -> 0.7151522 | AF11: =Y10 -> 0.072175 | AG11: =Z10 -> 0.9278251 | AH11: =AA10 -> 0.7873272 | AI11: =AB10 -> 0.2848479 | AJ11: =AC10 -> 1.0000001
A13: 100/75
A14: R' | B14: 215 | C14: 97 | D14: 71 | E14: 233 | F14: 121 | G14: 202 | H14: 235 | I14: =(B14-16)/219 -> 0.9086758 | J14: =(C14-16)/219 -> 0.36986301 | K14: =(D14-16)/219 -> 0.25114155 | L14: =(E14-16)/219 -> 0.99086758 | M14: =(F14-16)/219 -> 0.47945205 | N14: =(G14-16)/219 -> 0.84931507 | O14: =(H14-16)/219 -> 1 | P14: =I14^IF('Color Targets'!$AA$1=1,$N$1,INDEX(Calculation!$G$128:$G$237,MATCH(I14,Calculation!$H$128:$H$237))) -> 0.7996636 | Q14: =J14^IF('Color Targets'!$AA$1=1,$N$1,INDEX(Calculation!$G$128:$G$237,MATCH(J14,Calculation!$H$128:$H$237))) -> 0.10267674 | R14: =K14^IF('Color Targets'!$AA$1=1,$N$1,INDEX(Calculation!$G$128:$G$237,MATCH(K14,Calculation!$H$128:$H$237))) -> 0.044782682 | S14: =L14^IF('Color Targets'!$AA$1=1,$N$1,INDEX(Calculation!$G$128:$G$237,MATCH(L14,Calculation!$H$128:$H$237))) -> 0.97881049 | T14: =M14^IF('Color Targets'!$AA$1=1,$N$1,INDEX(Calculation!$G$128:$G$237,MATCH(M14,Calculation!$H$128:$H$237))) -> 0.18677383 | U14: =N14^IF('Color Targets'!$AA$1=1,$N$1,INDEX(Calculation!$G$128:$G$237,MATCH(N14,Calculation!$H$128:$H$237))) -> 0.68683412 | V14: =O14^$N$1 -> 1 | W14: {=MMULT($B$3:$D$5,P14:P16)} -> 0.35763821 | X14: {=MMULT($B$3:$D$5,Q14:Q16)} -> 0.40339141 | Y14: {=MMULT($B$3:$D$5,R14:R16)} -> 0.10282302 | Z14: {=MMULT($B$3:$D$5,S14:S16)} -> 0.78120276 | AA14: {=MMULT($B$3:$D$5,T14:T16)} -> 0.59238853 | AB14: {=MMULT($B$3:$D$5,U14:U16)} -> 0.44604217 | AC14: {=MMULT($B$3:$D$5,V14:V16)} -> 0.95047 | AD14: =W14/(W14+W15+W16) -> 0.55955161 | AE14: =X14/(X14+X15+X16) -> 0.30298298 | AF14: =Y14/(Y14+Y15+Y16) -> 0.19118098 | AG14: =Z14/(Z14+Z15+Z16) -> 0.39440398 | AH14: =AA14/(AA14+AA15+AA16) -> 0.245363 | AI14: =AB14/(AB14+AB15+AB16) -> 0.31899996 | AJ14: =AC14/(AC14+AC15+AC16) -> 0.3127266
A15: G' | B15: 75 | C15: 231 | D15: 71 | E15: 233 | F15: 231 | G15: 99 | H15: 235 | I15: =(B15-16)/219 -> 0.26940639 | J15: =(C15-16)/219 -> 0.98173516 | K15: =(D15-16)/219 -> 0.25114155 | L15: =(E15-16)/219 -> 0.99086758 | M15: =(F15-16)/219 -> 0.98173516 | N15: =(G15-16)/219 -> 0.37899543 | O15: =(H15-16)/219 -> 1 | P15: =I15^IF('Color Targets'!$AA$1=1,$N$1,INDEX(Calculation!$G$128:$G$237,MATCH(I15,Calculation!$H$128:$H$237))) -> 0.05169357 | Q15: =J15^IF('Color Targets'!$AA$1=1,$N$1,INDEX(Calculation!$G$128:$G$237,MATCH(J15,Calculation!$H$128:$H$237))) -> 0.95788 | R15: =K15^IF('Color Targets'!$AA$1=1,$N$1,INDEX(Calculation!$G$128:$G$237,MATCH(K15,Calculation!$H$128:$H$237))) -> 0.044782682 | S15: =L15^IF('Color Targets'!$AA$1=1,$N$1,INDEX(Calculation!$G$128:$G$237,MATCH(L15,Calculation!$H$128:$H$237))) -> 0.97881049 | T15: =M15^IF('Color Targets'!$AA$1=1,$N$1,INDEX(Calculation!$G$128:$G$237,MATCH(M15,Calculation!$H$128:$H$237))) -> 0.95788 | U15: =N15^IF('Color Targets'!$AA$1=1,$N$1,INDEX(Calculation!$G$128:$G$237,MATCH(N15,Calculation!$H$128:$H$237))) -> 0.10857106 | V15: =O15^$N$1 -> 1 | W15: 0.21076653 | X15: 0.71427725 | Y15: 0.068886057 | Z15: 0.91915969 | AA15: 0.79388671 | AB15: 0.27328809 | AC15: 1.0000001 | AD15: =W15/(W14+W15+W16) -> 0.32975993 | AE15: =X15/(X14+X15+X16) -> 0.53648602 | AF15: =Y15/(Y14+Y15+Y16) -> 0.12808127 | AG15: =Z15/(Z14+Z15+Z16) -> 0.46405397 | AH15: =AA15/(AA14+AA15+AA16) -> 0.32882207 | AI15: =AB15/(AB14+AB15+AB16) -> 0.19544988 | AJ15: =AC15/(AC14+AC15+AC16) -> 0.32902315
A16: B' | B16: 75 | C16: 97 | D16: 161 | E16: 112 | F16: 231 | G16: 202 | H16: 235 | I16: =(B16-16)/219 -> 0.26940639 | J16: =(C16-16)/219 -> 0.36986301 | K16: =(D16-16)/219 -> 0.66210046 | L16: =(E16-16)/219 -> 0.43835616 | M16: =(F16-16)/219 -> 0.98173516 | N16: =(G16-16)/219 -> 0.84931507 | O16: =(H16-16)/219 -> 1 | P16: =I16^IF('Color Targets'!$AA$1=1,$N$1,INDEX(Calculation!$G$128:$G$237,MATCH(I16,Calculation!$H$128:$H$237))) -> 0.05169357 | Q16: =J16^IF('Color Targets'!$AA$1=1,$N$1,INDEX(Calculation!$G$128:$G$237,MATCH(J16,Calculation!$H$128:$H$237))) -> 0.10267674 | R16: =K16^IF('Color Targets'!$AA$1=1,$N$1,INDEX(Calculation!$G$128:$G$237,MATCH(K16,Calculation!$H$128:$H$237))) -> 0.37874001 | S16: =L16^IF('Color Targets'!$AA$1=1,$N$1,INDEX(Calculation!$G$128:$G$237,MATCH(L16,Calculation!$H$128:$H$237))) -> 0.15233459 | T16: =M16^IF('Color Targets'!$AA$1=1,$N$1,INDEX(Calculation!$G$128:$G$237,MATCH(M16,Calculation!$H$128:$H$237))) -> 0.95788 | U16: =N16^IF('Color Targets'!$AA$1=1,$N$1,INDEX(Calculation!$G$128:$G$237,MATCH(N16,Calculation!$H$128:$H$237))) -> 0.68683412 | V16: =O16^$N$1 -> 1 | W16: 0.070746688 | X16: 0.2137309 | Y16: 0.36612174 | Z16: 0.28035479 | AA16: 1.02806 | AB16: 0.67892126 | AC16: 1.08883 | AD16: =W15 -> 0.21076653 | AE16: =X15 -> 0.71427725 | AF16: =Y15 -> 0.068886057 | AG16: =Z15 -> 0.91915969 | AH16: =AA15 -> 0.79388671 | AI16: =AB15 -> 0.27328809 | AJ16: =AC15 -> 1.0000001
A18: 100/50
A19: R' | B19: 191 | C19: 134 | D19: 77 | E19: 233 | F19: 161 | G19: 178 | H19: 235 | I19: =(B19-16)/219 -> 0.79908676 | J19: =(C19-16)/219 -> 0.53881279 | K19: =(D19-16)/219 -> 0.27853881 | L19: =(E19-16)/219 -> 0.99086758 | M19: =(F19-16)/219 -> 0.66210046 | N19: =(G19-16)/219 -> 0.73972603 | O19: =(H19-16)/219 -> 1 | P19: =I19^IF('Color Targets'!$AA$1=1,$N$1,INDEX(Calculation!$G$128:$G$237,MATCH(I19,Calculation!$H$128:$H$237))) -> 0.59346637 | Q19: =J19^IF('Color Targets'!$AA$1=1,$N$1,INDEX(Calculation!$G$128:$G$237,MATCH(J19,Calculation!$H$128:$H$237))) -> 0.24300095 | R19: =K19^IF('Color Targets'!$AA$1=1,$N$1,INDEX(Calculation!$G$128:$G$237,MATCH(K19,Calculation!$H$128:$H$237))) -> 0.055772336 | S19: =L19^IF('Color Targets'!$AA$1=1,$N$1,INDEX(Calculation!$G$128:$G$237,MATCH(L19,Calculation!$H$128:$H$237))) -> 0.97881049 | T19: =M19^IF('Color Targets'!$AA$1=1,$N$1,INDEX(Calculation!$G$128:$G$237,MATCH(M19,Calculation!$H$128:$H$237))) -> 0.37874001 | U19: =N19^IF('Color Targets'!$AA$1=1,$N$1,INDEX(Calculation!$G$128:$G$237,MATCH(N19,Calculation!$H$128:$H$237))) -> 0.50036769 | V19: =O19^$N$1 -> 1 | W19: {=MMULT($B$3:$D$5,P19:P21)} -> 0.29707031 | X19: {=MMULT($B$3:$D$5,Q19:Q21)} -> 0.46111915 | Y19: {=MMULT($B$3:$D$5,R19:R21)} -> 0.080254815 | Z19: {=MMULT($B$3:$D$5,S19:S21)} -> 0.81707014 | AA19: {=MMULT($B$3:$D$5,T19:T21)} -> 0.63324428 | AB19: {=MMULT($B$3:$D$5,U19:U21)} -> 0.36345081 | AC19: {=MMULT($B$3:$D$5,V19:V21)} -> 0.95047 | AD19: =W19/(W19+W20+W21) -> 0.48286114 | AE19: =X19/(X19+X20+X21) -> 0.30624233 | AF19: =Y19/(Y19+Y20+Y21) -> 0.22855412 | AG19: =Z19/(Z19+Z20+Z21) -> 0.36807729 | AH19: =AA19/(AA19+AA20+AA21) -> 0.26747726 | AI19: =AB19/(AB19+AB20+AB21) -> 0.31687393 | AJ19: =AC19/(AC19+AC20+AC21) -> 0.3127266
A20: G' | B20: 95 | C20: 224 | D20: 77 | E20: 233 | F20: 224 | G20: 121 | H20: 235 | I20: =(B20-16)/219 -> 0.36073059 | J20: =(C20-16)/219 -> 0.94977169 | K20: =(D20-16)/219 -> 0.27853881 | L20: =(E20-16)/219 -> 0.99086758 | M20: =(F20-16)/219 -> 0.94977169 | N20: =(G20-16)/219 -> 0.47945205 | O20: =(H20-16)/219 -> 1 | P20: =I20^IF('Color Targets'!$AA$1=1,$N$1,INDEX(Calculation!$G$128:$G$237,MATCH(I20,Calculation!$H$128:$H$237))) -> 0.097193274 | Q20: =J20^IF('Color Targets'!$AA$1=1,$N$1,INDEX(Calculation!$G$128:$G$237,MATCH(J20,Calculation!$H$128:$H$237))) -> 0.88665146 | R20: =K20^IF('Color Targets'!$AA$1=1,$N$1,INDEX(Calculation!$G$128:$G$237,MATCH(K20,Calculation!$H$128:$H$237))) -> 0.055772336 | S20: =L20^IF('Color Targets'!$AA$1=1,$N$1,INDEX(Calculation!$G$128:$G$237,MATCH(L20,Calculation!$H$128:$H$237))) -> 0.97881049 | T20: =M20^IF('Color Targets'!$AA$1=1,$N$1,INDEX(Calculation!$G$128:$G$237,MATCH(M20,Calculation!$H$128:$H$237))) -> 0.88665146 | U20: =N20^IF('Color Targets'!$AA$1=1,$N$1,INDEX(Calculation!$G$128:$G$237,MATCH(N20,Calculation!$H$128:$H$237))) -> 0.18677383 | V20: =O20^$N$1 -> 1 | W20: 0.20273712 | X20: 0.70330905 | Y20: 0.066670294 | Z20: 0.93350664 | AA20: 0.77863255 | AB20: 0.2761004 | AC20: 1.0000001 | AD20: =W20/(W19+W20+W21) -> 0.32953101 | AE20: =X20/(X19+X20+X21) -> 0.46708752 | AF20: =Y20/(Y19+Y20+Y21) -> 0.18986737 | AG20: =Z20/(Z19+Z20+Z21) -> 0.42053011 | AH20: =AA20/(AA19+AA20+AA21) -> 0.32888808 | AI20: =AB20/(AB19+AB20+AB21) -> 0.24071763 | AJ20: =AC20/(AC19+AC20+AC21) -> 0.32902315
A21: B' | B21: 95 | C21: 134 | D21: 126 | E21: 156 | F21: 224 | G21: 178 | H21: 235 | I21: =(B21-16)/219 -> 0.36073059 | J21: =(C21-16)/219 -> 0.53881279 | K21: =(D21-16)/219 -> 0.50228311 | L21: =(E21-16)/219 -> 0.63926941 | M21: =(F21-16)/219 -> 0.94977169 | N21: =(G21-16)/219 -> 0.73972603 | O21: =(H21-16)/219 -> 1 | P21: =I21^IF('Color Targets'!$AA$1=1,$N$1,INDEX(Calculation!$G$128:$G$237,MATCH(I21,Calculation!$H$128:$H$237))) -> 0.097193274 | Q21: =J21^IF('Color Targets'!$AA$1=1,$N$1,INDEX(Calculation!$G$128:$G$237,MATCH(J21,Calculation!$H$128:$H$237))) -> 0.24300095 | R21: =K21^IF('Color Targets'!$AA$1=1,$N$1,INDEX(Calculation!$G$128:$G$237,MATCH(K21,Calculation!$H$128:$H$237))) -> 0.2067658 | S21: =L21^IF('Color Targets'!$AA$1=1,$N$1,INDEX(Calculation!$G$128:$G$237,MATCH(L21,Calculation!$H$128:$H$237))) -> 0.35111462 | T21: =M21^IF('Color Targets'!$AA$1=1,$N$1,INDEX(Calculation!$G$128:$G$237,MATCH(M21,Calculation!$H$128:$H$237))) -> 0.88665146 | U21: =N21^IF('Color Targets'!$AA$1=1,$N$1,INDEX(Calculation!$G$128:$G$237,MATCH(N21,Calculation!$H$128:$H$237))) -> 0.50036769 | V21: =O21^$N$1 -> 1 | W21: 0.11542185 | X21: 0.34130472 | Y21: 0.2042163 | Z21: 0.46925627 | AA21: 0.9555928 | AB21: 0.50743747 | AC21: 1.08883 | AD21: =W20 -> 0.20273712 | AE21: =X20 -> 0.70330905 | AF21: =Y20 -> 0.066670294 | AG21: =Z20 -> 0.93350664 | AH21: =AA20 -> 0.77863255 | AI21: =AB20 -> 0.2761004 | AJ21: =AC20 -> 1.0000001
A23: 75/100
A24: R' | B24: 180 | C24: 16 | D24: 16 | E24: 180 | F24: 16 | G24: 180 | H24: 180 | I24: =(B24-16)/219 -> 0.74885845 | J24: =(C24-16)/219 -> 0 | K24: =(D24-16)/219 -> 0 | L24: =(E24-16)/219 -> 0.74885845 | M24: =(F24-16)/219 -> 0 | N24: =(G24-16)/219 -> 0.74885845 | O24: =(H24-16)/219 -> 0.74885845 | P24: =I24^IF('Color Targets'!$AA$1=1,$N$1,INDEX(Calculation!$G$128:$G$237,MATCH(I24,Calculation!$H$128:$H$237))) -> 0.51552944 | Q24: =J24^$N$1 -> 0 | R24: =K24^$N$1 -> 0 | S24: =L24^IF('Color Targets'!$AA$1=1,$N$1,INDEX(Calculation!$G$128:$G$237,MATCH(L24,Calculation!$H$128:$H$237))) -> 0.51552944 | T24: =M24^$N$1 -> 0 | U24: =N24^IF('Color Targets'!$AA$1=1,$N$1,INDEX(Calculation!$G$128:$G$237,MATCH(N24,Calculation!$H$128:$H$237))) -> 0.51552944 | V24: =O24^IF('Color Targets'!$AA$1=1,$N$1,INDEX(Calculation!$G$128:$G$237,MATCH(O24,Calculation!$H$128:$H$237))) -> 0.51552944 | W24: {=MMULT($B$3:$D$5,P24:P26)} -> 0.21263342 | X24: {=MMULT($B$3:$D$5,Q24:Q26)} -> 0.18434101 | Y24: {=MMULT($B$3:$D$5,R24:R26)} -> 0.093020844 | Z24: {=MMULT($B$3:$D$5,S24:S26)} -> 0.39697443 | AA24: {=MMULT($B$3:$D$5,T24:T26)} -> 0.27736185 | AB24: {=MMULT($B$3:$D$5,U24:U26)} -> 0.30565426 | AC24: {=MMULT($B$3:$D$5,V24:V26)} -> 0.48999527 | AD24: =W24/(W24+W25+W26) -> 0.63999993 | AE24: =X24/(X24+X25+X26) -> 0.30000001 | AF24: =Y24/(Y24+Y25+Y26) -> 0.15000001 | AG24: =Z24/(Z24+Z25+Z26) -> 0.41932009 | AH24: =AA24/(AA24+AA25+AA26) -> 0.22465563 | AI24: =AB24/(AB24+AB25+AB26) -> 0.32093774 | AJ24: =AC24/(AC24+AC25+AC26) -> 0.3127266
A25: G' | B25: 16 | C25: 180 | D25: 16 | E25: 180 | F25: 180 | G25: 16 | H25: 180 | I25: =(B25-16)/219 -> 0 | J25: =(C25-16)/219 -> 0.74885845 | K25: =(D25-16)/219 -> 0 | L25: =(E25-16)/219 -> 0.74885845 | M25: =(F25-16)/219 -> 0.74885845 | N25: =(G25-16)/219 -> 0 | O25: =(H25-16)/219 -> 0.74885845 | P25: =I25^$N$1 -> 0 | Q25: =J25^IF('Color Targets'!$AA$1=1,$N$1,INDEX(Calculation!$G$128:$G$237,MATCH(J25,Calculation!$H$128:$H$237))) -> 0.51552944 | R25: =K25^$N$1 -> 0 | S25: =L25^IF('Color Targets'!$AA$1=1,$N$1,INDEX(Calculation!$G$128:$G$237,MATCH(L25,Calculation!$H$128:$H$237))) -> 0.51552944 | T25: =M25^IF('Color Targets'!$AA$1=1,$N$1,INDEX(Calculation!$G$128:$G$237,MATCH(M25,Calculation!$H$128:$H$237))) -> 0.51552944 | U25: =N25^$N$1 -> 0 | V25: =O25^IF('Color Targets'!$AA$1=1,$N$1,INDEX(Calculation!$G$128:$G$237,MATCH(O25,Calculation!$H$128:$H$237))) -> 0.51552944 | W25: 0.10963914 | X25: 0.36868201 | Y25: 0.037208337 | Z25: 0.47832116 | AA25: 0.40589035 | AB25: 0.14684748 | AC25: 0.51552949 | AD25: =W25/(W24+W25+W26) -> 0.33000007 | AE25: =X25/(X24+X25+X26) -> 0.60000002 | AF25: =Y25/(Y24+Y25+Y26) -> 0.060000003 | AG25: =Z25/(Z24+Z25+Z26) -> 0.50524583 | AH25: =AA25/(AA24+AA25+AA26) -> 0.32876026 | AI25: =AB25/(AB24+AB25+AB26) -> 0.15419022 | AJ25: =AC25/(AC24+AC25+AC26) -> 0.32902315
A26: B' | B26: 16 | C26: 16 | D26: 180 | E26: 16 | F26: 180 | G26: 180 | H26: 180 | I26: =(B26-16)/219 -> 0 | J26: =(C26-16)/219 -> 0 | K26: =(D26-16)/219 -> 0.74885845 | L26: =(E26-16)/219 -> 0 | M26: =(F26-16)/219 -> 0.74885845 | N26: =(G26-16)/219 -> 0.74885845 | O26: =(H26-16)/219 -> 0.74885845 | P26: =I26^$N$1 -> 0 | Q26: =J26^$N$1 -> 0 | R26: =K26^IF('Color Targets'!$AA$1=1,$N$1,INDEX(Calculation!$G$128:$G$237,MATCH(K26,Calculation!$H$128:$H$237))) -> 0.51552944 | S26: =L26^$N$1 -> 0 | T26: =M26^IF('Color Targets'!$AA$1=1,$N$1,INDEX(Calculation!$G$128:$G$237,MATCH(M26,Calculation!$H$128:$H$237))) -> 0.51552944 | U26: =N26^IF('Color Targets'!$AA$1=1,$N$1,INDEX(Calculation!$G$128:$G$237,MATCH(N26,Calculation!$H$128:$H$237))) -> 0.51552944 | V26: =O26^IF('Color Targets'!$AA$1=1,$N$1,INDEX(Calculation!$G$128:$G$237,MATCH(O26,Calculation!$H$128:$H$237))) -> 0.51552944 | W26: 0.0099671947 | X26: 0.061446985 | Y26: 0.48990974 | Z26: 0.07141418 | AA26: 0.55135673 | AB26: 0.49987694 | AC26: 0.56132392 | AD26: =W25 -> 0.10963914 | AE26: =X25 -> 0.36868201 | AF26: =Y25 -> 0.037208337 | AG26: =Z25 -> 0.47832116 | AH26: =AA25 -> 0.40589035 | AI26: =AB25 -> 0.14684748 | AJ26: =AC25 -> 0.51552949
A28: 75/75
A29: R' | B29: 165 | C29: 77 | D29: 58 | E29: 180 | F29: 95 | G29: 156 | H29: 180 | I29: =(B29-16)/219 -> 0.6803653 | J29: =(C29-16)/219 -> 0.27853881 | K29: =(D29-16)/219 -> 0.19178082 | L29: =(E29-16)/219 -> 0.74885845 | M29: =(F29-16)/219 -> 0.36073059 | N29: =(G29-16)/219 -> 0.63926941 | O29: =(H29-16)/219 -> 0.74885845 | P29: =I29^IF('Color Targets'!$AA$1=1,$N$1,INDEX(Calculation!$G$128:$G$237,MATCH(I29,Calculation!$H$128:$H$237))) -> 0.40522163 | Q29: =J29^IF('Color Targets'!$AA$1=1,$N$1,INDEX(Calculation!$G$128:$G$237,MATCH(J29,Calculation!$H$128:$H$237))) -> 0.055772336 | R29: =K29^IF('Color Targets'!$AA$1=1,$N$1,INDEX(Calculation!$G$128:$G$237,MATCH(K29,Calculation!$H$128:$H$237))) -> 0.026117855 | S29: =L29^IF('Color Targets'!$AA$1=1,$N$1,INDEX(Calculation!$G$128:$G$237,MATCH(L29,Calculation!$H$128:$H$237))) -> 0.51552944 | T29: =M29^IF('Color Targets'!$AA$1=1,$N$1,INDEX(Calculation!$G$128:$G$237,MATCH(M29,Calculation!$H$128:$H$237))) -> 0.097193274 | U29: =N29^IF('Color Targets'!$AA$1=1,$N$1,INDEX(Calculation!$G$128:$G$237,MATCH(N29,Calculation!$H$128:$H$237))) -> 0.35111462 | V29: =O29^IF('Color Targets'!$AA$1=1,$N$1,INDEX(Calculation!$G$139:$G$237,MATCH(O29,Calculation!$A$139:$A$237))) -> 0.51141483 | W29: {=MMULT($B$3:$D$5,P29:P31)} -> 0.18270758 | X29: {=MMULT($B$3:$D$5,Q29:Q31)} -> 0.20632472 | Y29: {=MMULT($B$3:$D$5,R29:R31)} -> 0.0574199 | Z29: {=MMULT($B$3:$D$5,S29:S31)} -> 0.41156048 | AA29: {=MMULT($B$3:$D$5,T29:T31)} -> 0.30077367 | AB29: {=MMULT($B$3:$D$5,U29:U31)} -> 0.23041409 | AC29: {=MMULT($B$3:$D$5,V29:V31)} -> 0.48608446 | AD29: =W29/(W29+W30+W31) -> 0.55288461 | AE29: =X29/(X29+X30+X31) -> 0.30316986 | AF29: =Y29/(Y29+Y30+Y31) -> 0.19353865 | AG29: =Z29/(Z29+Z30+Z31) -> 0.39423385 | AH29: =AA29/(AA29+AA30+AA31) -> 0.24592773 | AI29: =AB29/(AB29+AB30+AB31) -> 0.31879018 | AJ29: =AC29/(AC29+AC30+AC31) -> 0.3127266
A30: G' | B30: 60 | C30: 176 | D30: 58 | E30: 180 | F30: 176 | G30: 80 | H30: 180 | I30: =(B30-16)/219 -> 0.20091324 | J30: =(C30-16)/219 -> 0.73059361 | K30: =(D30-16)/219 -> 0.19178082 | L30: =(E30-16)/219 -> 0.74885845 | M30: =(F30-16)/219 -> 0.73059361 | N30: =(G30-16)/219 -> 0.29223744 | O30: =(H30-16)/219 -> 0.74885845 | P30: =I30^IF('Color Targets'!$AA$1=1,$N$1,INDEX(Calculation!$G$128:$G$237,MATCH(I30,Calculation!$H$128:$H$237))) -> 0.028942257 | Q30: =J30^IF('Color Targets'!$AA$1=1,$N$1,INDEX(Calculation!$G$128:$G$237,MATCH(J30,Calculation!$H$128:$H$237))) -> 0.48453362 | R30: =K30^IF('Color Targets'!$AA$1=1,$N$1,INDEX(Calculation!$G$128:$G$237,MATCH(K30,Calculation!$H$128:$H$237))) -> 0.026117855 | S30: =L30^IF('Color Targets'!$AA$1=1,$N$1,INDEX(Calculation!$G$128:$G$237,MATCH(L30,Calculation!$H$128:$H$237))) -> 0.51552944 | T30: =M30^IF('Color Targets'!$AA$1=1,$N$1,INDEX(Calculation!$G$128:$G$237,MATCH(M30,Calculation!$H$128:$H$237))) -> 0.48453362 | U30: =N30^IF('Color Targets'!$AA$1=1,$N$1,INDEX(Calculation!$G$128:$G$237,MATCH(N30,Calculation!$H$128:$H$237))) -> 0.062197582 | V30: =O30^IF('Color Targets'!$AA$1=1,$N$1,INDEX(Calculation!$G$139:$G$237,MATCH(O30,Calculation!$A$139:$A$237))) -> 0.51141483 | W30: 0.10896669 | X30: 0.36240192 | Y30: 0.039156122 | Z30: 0.48415558 | AA30: 0.40215688 | AB30: 0.144495 | AC30: 0.51141488 | AD30: =W30/(W29+W30+W31) -> 0.32974003 | AE30: =X30/(X29+X30+X31) -> 0.53250691 | AF30: =Y30/(Y29+Y30+Y31) -> 0.13197904 | AG30: =Z30/(Z29+Z30+Z31) -> 0.4637727 | AH30: =AA30/(AA29+AA30+AA31) -> 0.32882376 | AI30: =AB30/(AB29+AB30+AB31) -> 0.19991654 | AJ30: =AC30/(AC29+AC30+AC31) -> 0.32902315
A31: B' | B31: 60 | C31: 77 | D31: 126 | E31: 88 | F31: 176 | G31: 156 | H31: 180 | I31: =(B31-16)/219 -> 0.20091324 | J31: =(C31-16)/219 -> 0.27853881 | K31: =(D31-16)/219 -> 0.50228311 | L31: =(E31-16)/219 -> 0.32876712 | M31: =(F31-16)/219 -> 0.73059361 | N31: =(G31-16)/219 -> 0.63926941 | O31: =(H31-16)/219 -> 0.74885845 | P31: =I31^IF('Color Targets'!$AA$1=1,$N$1,INDEX(Calculation!$G$128:$G$237,MATCH(I31,Calculation!$H$128:$H$237))) -> 0.028942257 | Q31: =J31^IF('Color Targets'!$AA$1=1,$N$1,INDEX(Calculation!$G$128:$G$237,MATCH(J31,Calculation!$H$128:$H$237))) -> 0.055772336 | R31: =K31^IF('Color Targets'!$AA$1=1,$N$1,INDEX(Calculation!$G$128:$G$237,MATCH(K31,Calculation!$H$128:$H$237))) -> 0.2067658 | S31: =L31^IF('Color Targets'!$AA$1=1,$N$1,INDEX(Calculation!$G$128:$G$237,MATCH(L31,Calculation!$H$128:$H$237))) -> 0.080837183 | T31: =M31^IF('Color Targets'!$AA$1=1,$N$1,INDEX(Calculation!$G$128:$G$237,MATCH(M31,Calculation!$H$128:$H$237))) -> 0.48453362 | U31: =N31^IF('Color Targets'!$AA$1=1,$N$1,INDEX(Calculation!$G$128:$G$237,MATCH(N31,Calculation!$H$128:$H$237))) -> 0.35111462 | V31: =O31^IF('Color Targets'!$AA$1=1,$N$1,INDEX(Calculation!$G$139:$G$237,MATCH(O31,Calculation!$A$139:$A$237))) -> 0.51141483 | W31: 0.038788145 | X31: 0.11183151 | Y31: 0.20010838 | Z31: 0.14823409 | AA31: 0.52008594 | AB31: 0.34786754 | AC31: 0.55684381 | AD31: =W30 -> 0.10896669 | AE31: =X30 -> 0.36240192 | AF31: =Y30 -> 0.039156122 | AG31: =Z30 -> 0.48415558 | AH31: =AA30 -> 0.40215688 | AI31: =AB30 -> 0.144495 | AJ31: =AC30 -> 0.51141488
A33: 75/50
A34: R' | B34: 147 | C34: 104 | D34: 62 | E34: 178 | F34: 123 | G34: 139 | H34: 180 | I34: =(B34-16)/219 -> 0.59817352 | J34: =(C34-16)/219 -> 0.40182648 | K34: =(D34-16)/219 -> 0.21004566 | L34: =(E34-16)/219 -> 0.73972603 | M34: =(F34-16)/219 -> 0.48858447 | N34: =(G34-16)/219 -> 0.56164384 | O34: =(H34-16)/219 -> 0.74885845 | P34: =I34^IF('Color Targets'!$AA$1=1,$N$1,INDEX(Calculation!$G$128:$G$237,MATCH(I34,Calculation!$H$128:$H$237))) -> 0.305844 | Q34: =J34^IF('Color Targets'!$AA$1=1,$N$1,INDEX(Calculation!$G$128:$G$237,MATCH(J34,Calculation!$H$128:$H$237))) -> 0.12400842 | R34: =K34^IF('Color Targets'!$AA$1=1,$N$1,INDEX(Calculation!$G$128:$G$237,MATCH(K34,Calculation!$H$128:$H$237))) -> 0.031317129 | S34: =L34^IF('Color Targets'!$AA$1=1,$N$1,INDEX(Calculation!$G$128:$G$237,MATCH(L34,Calculation!$H$128:$H$237))) -> 0.50036769 | T34: =M34^IF('Color Targets'!$AA$1=1,$N$1,INDEX(Calculation!$G$128:$G$237,MATCH(M34,Calculation!$H$128:$H$237))) -> 0.19453828 | U34: =N34^IF('Color Targets'!$AA$1=1,$N$1,INDEX(Calculation!$G$128:$G$237,MATCH(N34,Calculation!$H$128:$H$237))) -> 0.26694943 | V34: =O34^IF('Color Targets'!$AA$1=1,$N$1,INDEX(Calculation!$G$139:$G$237,MATCH(O34,Calculation!$A$139:$A$237))) -> 0.51141483 | W34: {=MMULT($B$3:$D$5,P34:P36)} -> 0.15395916 | X34: {=MMULT($B$3:$D$5,Q34:Q36)} -> 0.23325802 | Y34: {=MMULT($B$3:$D$5,R34:R36)} -> 0.043705497 | Z34: {=MMULT($B$3:$D$5,S34:S36)} -> 0.41900039 | AA34: {=MMULT($B$3:$D$5,T34:T36)} -> 0.32057667 | AB34: {=MMULT($B$3:$D$5,U34:U36)} -> 0.19302668 | AC34: {=MMULT($B$3:$D$5,V34:V36)} -> 0.48608446 | AD34: =W34/(W34+W35+W36) -> 0.47976872 | AE34: =X34/(X34+X35+X36) -> 0.30629863 | AF34: =Y34/(Y34+Y35+Y36) -> 0.23233741 | AG34: =Z34/(Z34+Z35+Z36) -> 0.36640631 | AH34: =AA34/(AA34+AA35+AA36) -> 0.2682247 | AI34: =AB34/(AB34+AB35+AB36) -> 0.3169549 | AJ34: =AC34/(AC34+AC35+AC36) -> 0.3127266
A35: G' | B35: 75 | C35: 171 | D35: 62 | E35: 178 | F35: 171 | G35: 95 | H35: 180 | I35: =(B35-16)/219 -> 0.26940639 | J35: =(C35-16)/219 -> 0.70776256 | K35: =(D35-16)/219 -> 0.21004566 | L35: =(E35-16)/219 -> 0.73972603 | M35: =(F35-16)/219 -> 0.70776256 | N35: =(G35-16)/219 -> 0.36073059 | O35: =(H35-16)/219 -> 0.74885845 | P35: =I35^IF('Color Targets'!$AA$1=1,$N$1,INDEX(Calculation!$G$128:$G$237,MATCH(I35,Calculation!$H$128:$H$237))) -> 0.05169357 | Q35: =J35^IF('Color Targets'!$AA$1=1,$N$1,INDEX(Calculation!$G$128:$G$237,MATCH(J35,Calculation!$H$128:$H$237))) -> 0.44671382 | R35: =K35^IF('Color Targets'!$AA$1=1,$N$1,INDEX(Calculation!$G$128:$G$237,MATCH(K35,Calculation!$H$128:$H$237))) -> 0.031317129 | S35: =L35^IF('Color Targets'!$AA$1=1,$N$1,INDEX(Calculation!$G$128:$G$237,MATCH(L35,Calculation!$H$128:$H$237))) -> 0.50036769 | T35: =M35^IF('Color Targets'!$AA$1=1,$N$1,INDEX(Calculation!$G$128:$G$237,MATCH(M35,Calculation!$H$128:$H$237))) -> 0.44671382 | U35: =N35^IF('Color Targets'!$AA$1=1,$N$1,INDEX(Calculation!$G$128:$G$237,MATCH(N35,Calculation!$H$128:$H$237))) -> 0.097193274 | V35: =O35^IF('Color Targets'!$AA$1=1,$N$1,INDEX(Calculation!$G$139:$G$237,MATCH(O35,Calculation!$A$139:$A$237))) -> 0.51141483 | W35: 0.10574448 | X35: 0.35479191 | Y35: 0.036892934 | Z35: 0.4777341 | AA35: 0.39308296 | AB35: 0.14554797 | AC35: 0.51141488 | AD35: =W35/(W34+W35+W36) -> 0.32952178 | AE35: =X35/(X34+X35+X36) -> 0.4658887 | AF35: =Y35/(Y34+Y35+Y36) -> 0.19612198 | AG35: =Z35/(Z34+Z35+Z36) -> 0.41776761 | AH35: =AA35/(AA34+AA35+AA36) -> 0.32889031 | AI35: =AB35/(AB34+AB35+AB36) -> 0.2389936 | AJ35: =AC35/(AC34+AC35+AC36) -> 0.32902315
A36: B' | B36: 75 | C36: 104 | D36: 99 | E36: 121 | F36: 171 | G36: 139 | H36: 180 | I36: =(B36-16)/219 -> 0.26940639 | J36: =(C36-16)/219 -> 0.40182648 | K36: =(D36-16)/219 -> 0.37899543 | L36: =(E36-16)/219 -> 0.47945205 | M36: =(F36-16)/219 -> 0.70776256 | N36: =(G36-16)/219 -> 0.56164384 | O36: =(H36-16)/219 -> 0.74885845 | P36: =I36^IF('Color Targets'!$AA$1=1,$N$1,INDEX(Calculation!$G$128:$G$237,MATCH(I36,Calculation!$H$128:$H$237))) -> 0.05169357 | Q36: =J36^IF('Color Targets'!$AA$1=1,$N$1,INDEX(Calculation!$G$128:$G$237,MATCH(J36,Calculation!$H$128:$H$237))) -> 0.12400842 | R36: =K36^IF('Color Targets'!$AA$1=1,$N$1,INDEX(Calculation!$G$128:$G$237,MATCH(K36,Calculation!$H$128:$H$237))) -> 0.10857106 | S36: =L36^IF('Color Targets'!$AA$1=1,$N$1,INDEX(Calculation!$G$128:$G$237,MATCH(L36,Calculation!$H$128:$H$237))) -> 0.18677383 | T36: =M36^IF('Color Targets'!$AA$1=1,$N$1,INDEX(Calculation!$G$128:$G$237,MATCH(M36,Calculation!$H$128:$H$237))) -> 0.44671382 | U36: =N36^IF('Color Targets'!$AA$1=1,$N$1,INDEX(Calculation!$G$128:$G$237,MATCH(N36,Calculation!$H$128:$H$237))) -> 0.26694943 | V36: =O36^IF('Color Targets'!$AA$1=1,$N$1,INDEX(Calculation!$G$139:$G$237,MATCH(O36,Calculation!$A$139:$A$237))) -> 0.51141483 | W36: 0.061199229 | X36: 0.17348799 | Y36: 0.10751375 | Z36: 0.24680582 | AA36: 0.48151987 | AB36: 0.27042897 | AC36: 0.55684381 | AD36: =W35 -> 0.10574448 | AE36: =X35 -> 0.35479191 | AF36: =Y35 -> 0.036892934 | AG36: =Z35 -> 0.4777341 | AH36: =AA35 -> 0.39308296 | AI36: =AB35 -> 0.14554797 | AJ36: =AC35 -> 0.51141488
A38: 50/100
A39: R' | B39: 126 | C39: 16 | D39: 16 | E39: 126 | F39: 16 | G39: 126 | H39: 126 | I39: =(B39-16)/219 -> 0.50228311 | J39: =(C39-16)/219 -> 0 | K39: =(D39-16)/219 -> 0 | L39: =(E39-16)/219 -> 0.50228311 | M39: =(F39-16)/219 -> 0 | N39: =(G39-16)/219 -> 0.50228311 | O39: =(H39-16)/219 -> 0.50228311 | P39: =I39^IF('Color Targets'!$AA$1=1,$N$1,INDEX(Calculation!$G$128:$G$237,MATCH(I39,Calculation!$H$128:$H$237))) -> 0.2067658 | Q39: =J39^$N$1 -> 0 | R39: =K39^$N$1 -> 0 | S39: =L39^IF('Color Targets'!$AA$1=1,$N$1,INDEX(Calculation!$G$128:$G$237,MATCH(L39,Calculation!$H$128:$H$237))) -> 0.2067658 | T39: =M39^$N$1 -> 0 | U39: =N39^IF('Color Targets'!$AA$1=1,$N$1,INDEX(Calculation!$G$128:$G$237,MATCH(N39,Calculation!$H$128:$H$237))) -> 0.2067658 | V39: =O39^IF('Color Targets'!$AA$1=1,$N$1,INDEX(Calculation!$G$128:$G$237,MATCH(O39,Calculation!$A$128:$A$237))) -> 0.20566252 | W39: {=MMULT($B$3:$D$5,P39:P41)} -> 0.085281876 | X39: {=MMULT($B$3:$D$5,Q39:Q41)} -> 0.073934507 | Y39: {=MMULT($B$3:$D$5,R39:R41)} -> 0.037308303 | Z39: {=MMULT($B$3:$D$5,S39:S41)} -> 0.15921638 | AA39: {=MMULT($B$3:$D$5,T39:T41)} -> 0.11124281 | AB39: {=MMULT($B$3:$D$5,U39:U41)} -> 0.12259018 | AC39: {=MMULT($B$3:$D$5,V39:V41)} -> 0.19547606 | AD39: =W39/(W39+W40+W41) -> 0.63999993 | AE39: =X39/(X39+X40+X41) -> 0.30000001 | AF39: =Y39/(Y39+Y40+Y41) -> 0.15000001 | AG39: =Z39/(Z39+Z40+Z41) -> 0.41932009 | AH39: =AA39/(AA39+AA40+AA41) -> 0.22465563 | AI39: =AB39/(AB39+AB40+AB41) -> 0.32093774 | AJ39: =AC39/(AC39+AC40+AC41) -> 0.3127266
A40: G' | B40: 16 | C40: 126 | D40: 16 | E40: 126 | F40: 126 | G40: 16 | H40: 126 | I40: =(B40-16)/219 -> 0 | J40: =(C40-16)/219 -> 0.50228311 | K40: =(D40-16)/219 -> 0 | L40: =(E40-16)/219 -> 0.50228311 | M40: =(F40-16)/219 -> 0.50228311 | N40: =(G40-16)/219 -> 0 | O40: =(H40-16)/219 -> 0.50228311 | P40: =I40^$N$1 -> 0 | Q40: =J40^IF('Color Targets'!$AA$1=1,$N$1,INDEX(Calculation!$G$128:$G$237,MATCH(J40,Calculation!$H$128:$H$237))) -> 0.2067658 | R40: =K40^$N$1 -> 0 | S40: =L40^IF('Color Targets'!$AA$1=1,$N$1,INDEX(Calculation!$G$128:$G$237,MATCH(L40,Calculation!$H$128:$H$237))) -> 0.2067658 | T40: =M40^IF('Color Targets'!$AA$1=1,$N$1,INDEX(Calculation!$G$128:$G$237,MATCH(M40,Calculation!$H$128:$H$237))) -> 0.2067658 | U40: =N40^$N$1 -> 0 | V40: =O40^IF('Color Targets'!$AA$1=1,$N$1,INDEX(Calculation!$G$128:$G$237,MATCH(O40,Calculation!$A$128:$A$237))) -> 0.20566252 | W40: 0.043973481 | X40: 0.14786901 | Y40: 0.014923321 | Z40: 0.1918425 | AA40: 0.16279234 | AB40: 0.058896803 | AC40: 0.20566254 | AD40: =W40/(W39+W40+W41) -> 0.33000007 | AE40: =X40/(X39+X40+X41) -> 0.60000002 | AF40: =Y40/(Y39+Y40+Y41) -> 0.060000003 | AG40: =Z40/(Z39+Z40+Z41) -> 0.50524583 | AH40: =AA40/(AA39+AA40+AA41) -> 0.32876026 | AI40: =AB40/(AB39+AB40+AB41) -> 0.15419022 | AJ40: =AC40/(AC39+AC40+AC41) -> 0.32902315
A41: B' | B41: 16 | C41: 16 | D41: 126 | E41: 16 | F41: 126 | G41: 126 | H41: 126 | I41: =(B41-16)/219 -> 0 | J41: =(C41-16)/219 -> 0 | K41: =(D41-16)/219 -> 0.50228311 | L41: =(E41-16)/219 -> 0 | M41: =(F41-16)/219 -> 0.50228311 | N41: =(G41-16)/219 -> 0.50228311 | O41: =(H41-16)/219 -> 0.50228311 | P41: =I41^$N$1 -> 0 | Q41: =J41^$N$1 -> 0 | R41: =K41^IF('Color Targets'!$AA$1=1,$N$1,INDEX(Calculation!$G$128:$G$237,MATCH(K41,Calculation!$H$128:$H$237))) -> 0.2067658 | S41: =L41^$N$1 -> 0 | T41: =M41^IF('Color Targets'!$AA$1=1,$N$1,INDEX(Calculation!$G$128:$G$237,MATCH(M41,Calculation!$H$128:$H$237))) -> 0.2067658 | U41: =N41^IF('Color Targets'!$AA$1=1,$N$1,INDEX(Calculation!$G$128:$G$237,MATCH(N41,Calculation!$H$128:$H$237))) -> 0.2067658 | V41: =O41^IF('Color Targets'!$AA$1=1,$N$1,INDEX(Calculation!$G$128:$G$237,MATCH(O41,Calculation!$A$128:$A$237))) -> 0.20566252 | W41: 0.0039975892 | X41: 0.024644829 | Y41: 0.19649038 | Z41: 0.028642418 | AA41: 0.22113521 | AB41: 0.20048797 | AC41: 0.22393153 | AD41: =W40 -> 0.043973481 | AE41: =X40 -> 0.14786901 | AF41: =Y40 -> 0.014923321 | AG41: =Z40 -> 0.1918425 | AH41: =AA40 -> 0.16279234 | AI41: =AB40 -> 0.058896803 | AJ41: =AC40 -> 0.20566254
A43: 50/75
A44: R' | B44: 115 | C44: 58 | D44: 44 | E44: 126 | F44: 69 | G44: 110 | H44: 126 | I44: =(B44-16)/219 -> 0.45205479 | J44: =(C44-16)/219 -> 0.19178082 | K44: =(D44-16)/219 -> 0.12785388 | L44: =(E44-16)/219 -> 0.50228311 | M44: =(F44-16)/219 -> 0.24200913 | N44: =(G44-16)/219 -> 0.42922374 | O44: =(H44-16)/219 -> 0.50228311 | P44: =I44^IF('Color Targets'!$AA$1=1,$N$1,INDEX(Calculation!$G$128:$G$237,MATCH(I44,Calculation!$H$128:$H$237))) -> 0.16381884 | Q44: =J44^IF('Color Targets'!$AA$1=1,$N$1,INDEX(Calculation!$G$128:$G$237,MATCH(J44,Calculation!$H$128:$H$237))) -> 0.026117855 | R44: =K44^IF('Color Targets'!$AA$1=1,$N$1,INDEX(Calculation!$G$128:$G$237,MATCH(K44,Calculation!$H$128:$H$237))) -> 0.012064385 | S44: =L44^IF('Color Targets'!$AA$1=1,$N$1,INDEX(Calculation!$G$128:$G$237,MATCH(L44,Calculation!$H$128:$H$237))) -> 0.2067658 | T44: =M44^IF('Color Targets'!$AA$1=1,$N$1,INDEX(Calculation!$G$128:$G$237,MATCH(M44,Calculation!$H$128:$H$237))) -> 0.041204954 | U44: =N44^IF('Color Targets'!$AA$1=1,$N$1,INDEX(Calculation!$G$128:$G$237,MATCH(N44,Calculation!$H$128:$H$237))) -> 0.14480804 | V44: =O44^IF('Color Targets'!$AA$1=1,$N$1,INDEX(Calculation!$G$139:$G$237,MATCH(O44,Calculation!$A$139:$A$237))) -> 0.20566252 | W44: {=MMULT($B$3:$D$5,P44:P46)} -> 0.074058934 | X44: {=MMULT($B$3:$D$5,Q44:Q46)} -> 0.085047356 | Y44: {=MMULT($B$3:$D$5,R44:R46)} -> 0.023876027 | Z44: {=MMULT($B$3:$D$5,S44:S46)} -> 0.16542701 | AA44: {=MMULT($B$3:$D$5,T44:T46)} -> 0.12165949 | AB44: {=MMULT($B$3:$D$5,U44:U46)} -> 0.095194923 | AC44: {=MMULT($B$3:$D$5,V44:V46)} -> 0.19547606 | AD44: =W44/(W44+W45+W46) -> 0.55075733 | AE44: =X44/(X44+X45+X46) -> 0.3036064 | AF44: =Y44/(Y44+Y45+Y46) -> 0.19997472 | AG44: =Z44/(Z44+Z45+Z46) -> 0.39283986 | AH44: =AA44/(AA44+AA45+AA46) -> 0.24705317 | AI44: =AB44/(AB44+AB45+AB46) -> 0.31875522 | AJ44: =AC44/(AC44+AC45+AC46) -> 0.3127266
A45: G' | B45: 44 | C45: 123 | D45: 44 | E45: 126 | F45: 123 | G45: 58 | H45: 126 | I45: =(B45-16)/219 -> 0.12785388 | J45: =(C45-16)/219 -> 0.48858447 | K45: =(D45-16)/219 -> 0.12785388 | L45: =(E45-16)/219 -> 0.50228311 | M45: =(F45-16)/219 -> 0.48858447 | N45: =(G45-16)/219 -> 0.19178082 | O45: =(H45-16)/219 -> 0.50228311 | P45: =I45^IF('Color Targets'!$AA$1=1,$N$1,INDEX(Calculation!$G$128:$G$237,MATCH(I45,Calculation!$H$128:$H$237))) -> 0.012064385 | Q45: =J45^IF('Color Targets'!$AA$1=1,$N$1,INDEX(Calculation!$G$128:$G$237,MATCH(J45,Calculation!$H$128:$H$237))) -> 0.19453828 | R45: =K45^IF('Color Targets'!$AA$1=1,$N$1,INDEX(Calculation!$G$128:$G$237,MATCH(K45,Calculation!$H$128:$H$237))) -> 0.012064385 | S45: =L45^IF('Color Targets'!$AA$1=1,$N$1,INDEX(Calculation!$G$128:$G$237,MATCH(L45,Calculation!$H$128:$H$237))) -> 0.2067658 | T45: =M45^IF('Color Targets'!$AA$1=1,$N$1,INDEX(Calculation!$G$128:$G$237,MATCH(M45,Calculation!$H$128:$H$237))) -> 0.19453828 | U45: =N45^IF('Color Targets'!$AA$1=1,$N$1,INDEX(Calculation!$G$128:$G$237,MATCH(N45,Calculation!$H$128:$H$237))) -> 0.026117855 | V45: =O45^IF('Color Targets'!$AA$1=1,$N$1,INDEX(Calculation!$G$139:$G$237,MATCH(O45,Calculation!$A$139:$A$237))) -> 0.20566252 | W45: 0.044338447 | X45: 0.14656409 | Y45: 0.017028063 | Z45: 0.19432674 | AA45: 0.16192846 | AB45: 0.059926507 | AC45: 0.20566254 | AD45: =W45/(W44+W45+W46) -> 0.32973368 | AE45: =X45/(X44+X45+X46) -> 0.52321201 | AF45: =Y45/(Y44+Y45+Y46) -> 0.14261929 | AG45: =Z45/(Z44+Z45+Z46) -> 0.46146813 | AH45: =AA45/(AA44+AA45+AA46) -> 0.32882712 | AI45: =AB45/(AB44+AB45+AB46) -> 0.20066077 | AJ45: =AC45/(AC44+AC45+AC46) -> 0.32902315
A46: B' | B46: 44 | C46: 58 | D46: 88 | E46: 64 | F46: 123 | G46: 110 | H46: 126 | I46: =(B46-16)/219 -> 0.12785388 | J46: =(C46-16)/219 -> 0.19178082 | K46: =(D46-16)/219 -> 0.32876712 | L46: =(E46-16)/219 -> 0.21917808 | M46: =(F46-16)/219 -> 0.48858447 | N46: =(G46-16)/219 -> 0.42922374 | O46: =(H46-16)/219 -> 0.50228311 | P46: =I46^IF('Color Targets'!$AA$1=1,$N$1,INDEX(Calculation!$G$128:$G$237,MATCH(I46,Calculation!$H$128:$H$237))) -> 0.012064385 | Q46: =J46^IF('Color Targets'!$AA$1=1,$N$1,INDEX(Calculation!$G$128:$G$237,MATCH(J46,Calculation!$H$128:$H$237))) -> 0.026117855 | R46: =K46^IF('Color Targets'!$AA$1=1,$N$1,INDEX(Calculation!$G$128:$G$237,MATCH(K46,Calculation!$H$128:$H$237))) -> 0.080837183 | S46: =L46^IF('Color Targets'!$AA$1=1,$N$1,INDEX(Calculation!$G$128:$G$237,MATCH(L46,Calculation!$H$128:$H$237))) -> 0.034419805 | T46: =M46^IF('Color Targets'!$AA$1=1,$N$1,INDEX(Calculation!$G$128:$G$237,MATCH(M46,Calculation!$H$128:$H$237))) -> 0.19453828 | U46: =N46^IF('Color Targets'!$AA$1=1,$N$1,INDEX(Calculation!$G$128:$G$237,MATCH(N46,Calculation!$H$128:$H$237))) -> 0.14480804 | V46: =O46^IF('Color Targets'!$AA$1=1,$N$1,INDEX(Calculation!$G$139:$G$237,MATCH(O46,Calculation!$A$139:$A$237))) -> 0.20566252 | W46: 0.016070069 | X46: 0.048512271 | Y46: 0.078491136 | Z46: 0.0613517 | AA46: 0.20885458 | AB46: 0.14352442 | AC46: 0.22393153 | AD46: =W45 -> 0.044338447 | AE46: =X45 -> 0.14656409 | AF46: =Y45 -> 0.017028063 | AG46: =Z45 -> 0.19432674 | AH46: =AA45 -> 0.16192846 | AI46: =AB45 -> 0.059926507 | AJ46: =AC45 -> 0.20566254
A48: 50/50
A49: R' | B49: 104 | C49: 75 | D49: 47 | E49: 123 | F49: 88 | G49: 97 | H49: 126 | I49: =(B49-16)/219 -> 0.40182648 | J49: =(C49-16)/219 -> 0.26940639 | K49: =(D49-16)/219 -> 0.14155251 | L49: =(E49-16)/219 -> 0.48858447 | M49: =(F49-16)/219 -> 0.32876712 | N49: =(G49-16)/219 -> 0.36986301 | O49: =(H49-16)/219 -> 0.50228311 | P49: =I49^IF('Color Targets'!$AA$1=1,$N$1,INDEX(Calculation!$G$128:$G$237,MATCH(I49,Calculation!$H$128:$H$237))) -> 0.12400842 | Q49: =J49^IF('Color Targets'!$AA$1=1,$N$1,INDEX(Calculation!$G$128:$G$237,MATCH(J49,Calculation!$H$128:$H$237))) -> 0.05169357 | R49: =K49^IF('Color Targets'!$AA$1=1,$N$1,INDEX(Calculation!$G$128:$G$237,MATCH(K49,Calculation!$H$128:$H$237))) -> 0.015012071 | S49: =L49^IF('Color Targets'!$AA$1=1,$N$1,INDEX(Calculation!$G$128:$G$237,MATCH(L49,Calculation!$H$128:$H$237))) -> 0.19453828 | T49: =M49^IF('Color Targets'!$AA$1=1,$N$1,INDEX(Calculation!$G$128:$G$237,MATCH(M49,Calculation!$H$128:$H$237))) -> 0.080837183 | U49: =N49^IF('Color Targets'!$AA$1=1,$N$1,INDEX(Calculation!$G$128:$G$237,MATCH(N49,Calculation!$H$128:$H$237))) -> 0.10267674 | V49: =O49^IF('Color Targets'!$AA$1=1,$N$1,INDEX(Calculation!$G$139:$G$237,MATCH(O49,Calculation!$A$139:$A$237))) -> 0.20566252 | W49: {=MMULT($B$3:$D$5,P49:P51)} -> 0.063321203 | X49: {=MMULT($B$3:$D$5,Q49:Q51)} -> 0.097434661 | Y49: {=MMULT($B$3:$D$5,R49:R51)} -> 0.019640258 | Z49: {=MMULT($B$3:$D$5,S49:S51)} -> 0.16348672 | AA49: {=MMULT($B$3:$D$5,T49:T51)} -> 0.13382868 | AB49: {=MMULT($B$3:$D$5,U49:U51)} -> 0.075610319 | AC49: {=MMULT($B$3:$D$5,V49:V51)} -> 0.19547606 | AD49: =W49/(W49+W50+W51) -> 0.47217761 | AE49: =X49/(X49+X50+X51) -> 0.30628544 | AF49: =Y49/(Y49+Y50+Y51) -> 0.24116896 | AG49: =Z49/(Z49+Z50+Z51) -> 0.36452997 | AH49: =AA49/(AA49+AA50+AA51) -> 0.26798458 | AI49: =AB49/(AB49+AB50+AB51) -> 0.31663149 | AJ49: =AC49/(AC49+AC50+AC51) -> 0.3127266
A50: G' | B50: 55 | C50: 121 | D50: 47 | E50: 123 | F50: 121 | G50: 69 | H50: 126 | I50: =(B50-16)/219 -> 0.17808219 | J50: =(C50-16)/219 -> 0.47945205 | K50: =(D50-16)/219 -> 0.14155251 | L50: =(E50-16)/219 -> 0.48858447 | M50: =(F50-16)/219 -> 0.47945205 | N50: =(G50-16)/219 -> 0.24200913 | O50: =(H50-16)/219 -> 0.50228311 | P50: =I50^IF('Color Targets'!$AA$1=1,$N$1,INDEX(Calculation!$G$128:$G$237,MATCH(I50,Calculation!$H$128:$H$237))) -> 0.022626078 | Q50: =J50^IF('Color Targets'!$AA$1=1,$N$1,INDEX(Calculation!$G$128:$G$237,MATCH(J50,Calculation!$H$128:$H$237))) -> 0.18677383 | R50: =K50^IF('Color Targets'!$AA$1=1,$N$1,INDEX(Calculation!$G$128:$G$237,MATCH(K50,Calculation!$H$128:$H$237))) -> 0.015012071 | S50: =L50^IF('Color Targets'!$AA$1=1,$N$1,INDEX(Calculation!$G$128:$G$237,MATCH(L50,Calculation!$H$128:$H$237))) -> 0.19453828 | T50: =M50^IF('Color Targets'!$AA$1=1,$N$1,INDEX(Calculation!$G$128:$G$237,MATCH(M50,Calculation!$H$128:$H$237))) -> 0.18677383 | U50: =N50^IF('Color Targets'!$AA$1=1,$N$1,INDEX(Calculation!$G$128:$G$237,MATCH(N50,Calculation!$H$128:$H$237))) -> 0.041204954 | V50: =O50^IF('Color Targets'!$AA$1=1,$N$1,INDEX(Calculation!$G$139:$G$237,MATCH(O50,Calculation!$A$139:$A$237))) -> 0.20566252 | W50: 0.044187356 | X50: 0.14829652 | Y50: 0.017160766 | Z50: 0.18597187 | AA50: 0.164244 | AB50: 0.058715067 | AC50: 0.20566254 | AD50: =W50/(W49+W50+W51) -> 0.32949912 | AE50: =X50/(X49+X50+X51) -> 0.46616949 | AF50: =Y50/(Y49+Y50+Y51) -> 0.2107225 | AG50: =Z50/(Z49+Z50+Z51) -> 0.41466561 | AH50: =AA50/(AA49+AA50+AA51) -> 0.3288896 | AI50: =AB50/(AB49+AB50+AB51) -> 0.24587965 | AJ50: =AC50/(AC49+AC50+AC51) -> 0.32902315
A51: B' | B51: 55 | C51: 75 | D51: 71 | E51: 86 | F51: 121 | G51: 97 | H51: 126 | I51: =(B51-16)/219 -> 0.17808219 | J51: =(C51-16)/219 -> 0.26940639 | K51: =(D51-16)/219 -> 0.25114155 | L51: =(E51-16)/219 -> 0.3196347 | M51: =(F51-16)/219 -> 0.47945205 | N51: =(G51-16)/219 -> 0.36986301 | O51: =(H51-16)/219 -> 0.50228311 | P51: =I51^IF('Color Targets'!$AA$1=1,$N$1,INDEX(Calculation!$G$128:$G$237,MATCH(I51,Calculation!$H$128:$H$237))) -> 0.022626078 | Q51: =J51^IF('Color Targets'!$AA$1=1,$N$1,INDEX(Calculation!$G$128:$G$237,MATCH(J51,Calculation!$H$128:$H$237))) -> 0.05169357 | R51: =K51^IF('Color Targets'!$AA$1=1,$N$1,INDEX(Calculation!$G$128:$G$237,MATCH(K51,Calculation!$H$128:$H$237))) -> 0.044782682 | S51: =L51^IF('Color Targets'!$AA$1=1,$N$1,INDEX(Calculation!$G$128:$G$237,MATCH(L51,Calculation!$H$128:$H$237))) -> 0.075848537 | T51: =M51^IF('Color Targets'!$AA$1=1,$N$1,INDEX(Calculation!$G$128:$G$237,MATCH(M51,Calculation!$H$128:$H$237))) -> 0.18677383 | U51: =N51^IF('Color Targets'!$AA$1=1,$N$1,INDEX(Calculation!$G$128:$G$237,MATCH(N51,Calculation!$H$128:$H$237))) -> 0.10267674 | V51: =O51^IF('Color Targets'!$AA$1=1,$N$1,INDEX(Calculation!$G$139:$G$237,MATCH(O51,Calculation!$A$139:$A$237))) -> 0.20566252 | W51: 0.026596068 | X51: 0.072385996 | Y51: 0.044636727 | Z51: 0.099027766 | AA51: 0.20131678 | AB51: 0.10447057 | AC51: 0.22393153 | AD51: =W50 -> 0.044187356 | AE51: =X50 -> 0.14829652 | AF51: =Y50 -> 0.017160766 | AG51: =Z50 -> 0.18597187 | AH51: =AA50 -> 0.164244 | AI51: =AB50 -> 0.058715067 | AJ51: =AC50 -> 0.20566254
A53: Color checker
A55: R' | B55: 116 | C55: 187 | D55: 95 | E55: 94 | F55: 127 | G55: 96 | H55: 208 | I55: 77 | J55: 186 | K55: 97 | L55: 152 | M55: 213 | N55: =(B55-16)/219 -> 0.456621 | O55: =(C55-16)/219 -> 0.78082192 | P55: =(D55-16)/219 -> 0.36073059 | Q55: =(E55-16)/219 -> 0.35616438 | R55: =(F55-16)/219 -> 0.50684932 | S55: =(G55-16)/219 -> 0.3652968 | T55: =(H55-16)/219 -> 0.87671233 | U55: =(I55-16)/219 -> 0.27853881 | ... Y55: =(M55-16)/219 -> 0.89954338 | Z55: =N55^IF('Color Targets'!$AA$1=1,$N$1,INDEX(Calculation!$G$128:$G$237,MATCH(N55,Calculation!$H$128:$H$237))) -> 0.16761347 | AA55: =O55^IF('Color Targets'!$AA$1=1,$N$1,INDEX(Calculation!$G$128:$G$237,MATCH(O55,Calculation!$H$128:$H$237))) -> 0.56458671 | AB55: =P55^IF('Color Targets'!$AA$1=1,$N$1,INDEX(Calculation!$G$128:$G$237,MATCH(P55,Calculation!$H$128:$H$237))) -> 0.097193274 | AC55: =Q55^IF('Color Targets'!$AA$1=1,$N$1,INDEX(Calculation!$G$128:$G$237,MATCH(Q55,Calculation!$H$128:$H$237))) -> 0.094403456 | AD55: =R55^IF('Color Targets'!$AA$1=1,$N$1,INDEX(Calculation!$G$128:$G$237,MATCH(R55,Calculation!$H$128:$H$237))) -> 0.21084227 | AE55: =S55^IF('Color Targets'!$AA$1=1,$N$1,INDEX(Calculation!$G$128:$G$237,MATCH(S55,Calculation!$H$128:$H$237))) -> 0.10002889 | AF55: =T55^IF('Color Targets'!$AA$1=1,$N$1,INDEX(Calculation!$G$128:$G$237,MATCH(T55,Calculation!$H$128:$H$237))) -> 0.73744471 | AG55: =U55^IF('Color Targets'!$AA$1=1,$N$1,INDEX(Calculation!$G$128:$G$237,MATCH(U55,Calculation!$H$128:$H$237))) -> 0.055772336 | ... AK55: =Y55^IF('Color Targets'!$AA$1=1,$N$1,INDEX(Calculation!$G$128:$G$237,MATCH(Y55,Calculation!$H$128:$H$237))) -> 0.78102762 | AL55: =Z55^$N$1 -> 0.018965567 | AM55: {=MMULT($B$3:$D$5,Z55:Z57)} -> 0.10682723 | AN55: {=MMULT($B$3:$D$5,AA55:AA57)} -> 0.37133377 | AO55: {=MMULT($B$3:$D$5,AB55:AB57)} -> 0.16384109 | AP55: {=MMULT($B$3:$D$5,AC55:AC57)} -> 0.098435415 | AQ55: {=MMULT($B$3:$D$5,AD55:AD57)} -> 0.23525653 | AR55: {=MMULT($B$3:$D$5,AE55:AE57)} -> 0.29092733 | AS55: {=MMULT($B$3:$D$5,AF55:AF57)} -> 0.37747124 | AT55: {=MMULT($B$3:$D$5,AG55:AG57)} -> 0.12609655 | ... AX55: {=MMULT($B$3:$D$5,AK55:AK57)} -> 0.44790602 | AY55: =AM55/(AM55+AM56+AM57) -> 0.40166373 | AZ55: =AN55/(AN55+AN56+AN57) -> 0.38996525 | BA55: =AO55/(AO55+AO56+AO57) -> 0.24636328 | BB55: =AP55/(AP55+AP56+AP57) -> 0.34053582 | BC55: =AQ55/(AQ55+AQ56+AQ57) -> 0.26792958 | BD55: =AR55/(AR55+AR56+AR57) -> 0.2568823 | BE55: =AS55/(AS55+AS56+AS57) -> 0.51215757 | BF55: =AT55/(AT55+AT56+AT57) -> 0.20760649 | ... BJ55: =AX55/(AX55+AX56+AX57) -> 0.47882962
A56: G' | B56: 87 | C56: 142 | D56: 121 | E56: 109 | F56: 126 | G56: 178 | H56: 122 | I56: 95 | J56: 88 | K56: 69 | L56: 178 | M56: 154 | N56: =(B56-16)/219 -> 0.32420091 | O56: =(C56-16)/219 -> 0.57534247 | P56: =(D56-16)/219 -> 0.47945205 | Q56: =(E56-16)/219 -> 0.42465753 | R56: =(F56-16)/219 -> 0.50228311 | S56: =(G56-16)/219 -> 0.73972603 | T56: =(H56-16)/219 -> 0.48401826 | U56: =(I56-16)/219 -> 0.36073059 | ... Y56: =(M56-16)/219 -> 0.63013699 | Z56: =N56^IF('Color Targets'!$AA$1=1,$N$1,INDEX(Calculation!$G$128:$G$237,MATCH(N56,Calculation!$H$128:$H$237))) -> 0.078320707 | AA56: =O56^IF('Color Targets'!$AA$1=1,$N$1,INDEX(Calculation!$G$128:$G$237,MATCH(O56,Calculation!$H$128:$H$237))) -> 0.28084235 | AB56: =P56^IF('Color Targets'!$AA$1=1,$N$1,INDEX(Calculation!$G$128:$G$237,MATCH(P56,Calculation!$H$128:$H$237))) -> 0.18677383 | AC56: =Q56^IF('Color Targets'!$AA$1=1,$N$1,INDEX(Calculation!$G$128:$G$237,MATCH(Q56,Calculation!$H$128:$H$237))) -> 0.14131246 | AD56: =R56^IF('Color Targets'!$AA$1=1,$N$1,INDEX(Calculation!$G$128:$G$237,MATCH(R56,Calculation!$H$128:$H$237))) -> 0.2067658 | AE56: =S56^IF('Color Targets'!$AA$1=1,$N$1,INDEX(Calculation!$G$128:$G$237,MATCH(S56,Calculation!$H$128:$H$237))) -> 0.50036769 | AF56: =T56^IF('Color Targets'!$AA$1=1,$N$1,INDEX(Calculation!$G$128:$G$237,MATCH(T56,Calculation!$H$128:$H$237))) -> 0.19040753 | AG56: =U56^IF('Color Targets'!$AA$1=1,$N$1,INDEX(Calculation!$G$128:$G$237,MATCH(U56,Calculation!$H$128:$H$237))) -> 0.097193274 | ... AK56: =Y56^IF('Color Targets'!$AA$1=1,$N$1,INDEX(Calculation!$G$128:$G$237,MATCH(Y56,Calculation!$H$128:$H$237))) -> 0.34093419 | AL56: =Z56^$N$1 -> 0.0035027251 | AM56: 0.095533415 | AN56: 0.33613486 | AO56: 0.17702899 | AP56: 0.12472423 | AQ56: 0.22245296 | AR56: 0.40741259 | AS56: 0.29509378 | AT56: 0.10870481 | AU56: 0.18447485 | AV56: 0.060982867 | AW56: 0.43154229 | AX56: 0.41146575 | AY56: =AM56/(AM55+AM56+AM57) -> 0.3591997 | AZ56: =AN56/(AN55+AN56+AN57) -> 0.35300025 | BA56: =AO56/(AO55+AO56+AO57) -> 0.26619356 | BB56: =AP56/(AP55+AP56+AP57) -> 0.43148158 | BC56: =AQ56/(AQ55+AQ56+AQ57) -> 0.25334782 | BD56: =AR56/(AR55+AR56+AR57) -> 0.35973617 | BE56: =AS56/(AS55+AS56+AS57) -> 0.40038682 | BF56: =AT56/(AT55+AT56+AT57) -> 0.17897257 | ... BJ56: =AX56/(AX55+AX56+AX57) -> 0.4398735
A57: B' | B57: 76 | C57: 127 | D57: 149 | E57: 74 | F57: 166 | G57: 163 | H57: 60 | I57: 161 | J57: 100 | K57: 107 | L57: 72 | M57: 54 | N57: =(B57-16)/219 -> 0.2739726 | O57: =(C57-16)/219 -> 0.50684932 | P57: =(D57-16)/219 -> 0.60730594 | Q57: =(E57-16)/219 -> 0.26484018 | R57: =(F57-16)/219 -> 0.68493151 | S57: =(G57-16)/219 -> 0.67123288 | T57: =(H57-16)/219 -> 0.20091324 | U57: =(I57-16)/219 -> 0.66210046 | ... Y57: =(M57-16)/219 -> 0.17351598 | Z57: =N57^IF('Color Targets'!$AA$1=1,$N$1,INDEX(Calculation!$G$128:$G$237,MATCH(N57,Calculation!$H$128:$H$237))) -> 0.053693739 | AA57: =O57^IF('Color Targets'!$AA$1=1,$N$1,INDEX(Calculation!$G$128:$G$237,MATCH(O57,Calculation!$H$128:$H$237))) -> 0.21084227 | AB57: =P57^IF('Color Targets'!$AA$1=1,$N$1,INDEX(Calculation!$G$128:$G$237,MATCH(P57,Calculation!$H$128:$H$237))) -> 0.3157173 | AC57: =Q57^IF('Color Targets'!$AA$1=1,$N$1,INDEX(Calculation!$G$128:$G$237,MATCH(Q57,Calculation!$H$128:$H$237))) -> 0.049702233 | AD57: =R57^IF('Color Targets'!$AA$1=1,$N$1,INDEX(Calculation!$G$128:$G$237,MATCH(R57,Calculation!$H$128:$H$237))) -> 0.41210268 | AE57: =S57^IF('Color Targets'!$AA$1=1,$N$1,INDEX(Calculation!$G$128:$G$237,MATCH(S57,Calculation!$H$128:$H$237))) -> 0.3921039 | AF57: =T57^IF('Color Targets'!$AA$1=1,$N$1,INDEX(Calculation!$G$128:$G$237,MATCH(T57,Calculation!$H$128:$H$237))) -> 0.028942257 | AG57: =U57^IF('Color Targets'!$AA$1=1,$N$1,INDEX(Calculation!$G$128:$G$237,MATCH(U57,Calculation!$H$128:$H$237))) -> 0.37874001 | ... AK57: =Y57^IF('Color Targets'!$AA$1=1,$N$1,INDEX(Calculation!$G$128:$G$237,MATCH(Y57,Calculation!$H$128:$H$237))) -> 0.021371741 | AL57: =Z57^$N$1 -> 0.0015150623 | AM57: 0.063601204 | AN57: 0.2447541 | AO57: 0.32416851 | AP57: 0.065900737 | AQ57: 0.4203441 | AR57: 0.43419172 | AS57: 0.064456682 | AT57: 0.37258114 | AU57: 0.12640922 | AV57: 0.13432994 | AW57: 0.10967111 | AX57: 0.076046591 | AY57: =AM56 -> 0.095533415 | AZ57: =AN56 -> 0.33613486 | BA57: =AO56 -> 0.17702899 | BB57: =AP56 -> 0.12472423 | BC57: =AQ56 -> 0.22245296 | BD57: =AR56 -> 0.40741259 | BE57: =AS56 -> 0.29509378 | BF57: =AT56 -> 0.10870481 | ... BJ57: =AX56 -> 0.41146575
A61: Color checker patterns
A62: (16-235) | E62: BT.709 color matrix | I62: BT.601 color matrix
A63: R' | B63: G' | C63: B' | E63: 0.4124564 | F63: 0.3575761 | G63: 0.1804375 | I63: 0.3935891 | J63: 0.3652497 | K63: 0.1916313
A64: 116 | B64: 87 | C64: 76 | E64: 0.2126729 | F64: 0.7151522 | G64: 0.072175 | I64: 0.2124132 | J64: 0.7010437 | K64: 0.0865432
A65: 187 | B65: 142 | C65: 127 | E65: 0.0193339 | F65: 0.119192 | G65: 0.9503041 | I65: 0.0187423 | J65: 0.1119313 | K65: 0.9581563
A66: 95 | B66: 121 | C66: 149
A67: 94 | B67: 109 | C67: 74
A68: 127 | B68: 126 | C68: 166
A69: 96 | B69: 178 | C69: 163
A70: 208 | B70: 122 | C70: 60
A71: 77 | B71: 95 | C71: 161
A72: 186 | B72: 88 | C72: 100
A73: 97 | B73: 69 | C73: 107
A74: 152 | B74: 178 | C74: 72
A75: 213 | B75: 154 | C75: 54
H78: e | I78: k
A79: dE94 | D79: D65 | E79: 0.95047 | F79: 1 | G79: 1.08883 | H79: 0.008856 | I79: 903.3 | Q79: Target Coordinates for EBU color grading
A80: reference | B80: X | C80: Y | D80: Z | E80: xr | F80: yr | G80: zr | H80: fx | I80: fy | J80: fz | K80: L | L80: a | M80: b | N80: sl | O80: sc | P80: sh | Q80: u' | R80: v' | S80: delu' | T80: delv'
B81: ='Color Targets'!B34*'Color Targets'!D34/'Color Targets'!C34 -> 0.10682723 | C81: ='Color Targets'!D34 -> 0.095533415 | D81: =(1-'Color Targets'!B34-'Color Targets'!C34)*'Color Targets'!D34/'Color Targets'!C34 -> 0.063601204 | E81: =B81/$E$79 -> 0.11239411 | F81: =C81/$F$79 -> 0.095533415 | G81: =D81/$G$79 -> 0.058412428 | H81: =IF(E81>$H$79,E81^(1/3),($I$79*E81+16)/116) -> 0.48259318 | I81: =IF(F81>$H$79,F81^(1/3),($I$79*F81+16)/116) -> 0.45714268 | J81: =IF(G81>$H$79,G81^(1/3),($I$79*G81+16)/116) -> 0.388003 | K81: =116*I81-16 -> 37.028551 | L81: =500*(H81-I81) -> 12.725251 | M81: =200*(I81-J81) -> 13.827935 | N81: 1 | O81: =1+0.045*SQRT(L81^2+M81^2) -> 1.8456454 | P81: =1+0.015*SQRT(L81^2+M81^2) -> 1.2818818 | Q81: =4*B81/(B81+15*C81+3*D81) -> 0.24690916 | R81: =9*C81/(B81+15*C81+3*D81) -> 0.49681313 | S81: =Q81-Q97 -> -0.0040010699 | T81: =R81-R97 -> -0.0017090613
B82: ='Color Targets'!B35*'Color Targets'!D35/'Color Targets'!C35 -> 0.37133377 | C82: ='Color Targets'!D35 -> 0.33613486 | D82: =(1-'Color Targets'!B35-'Color Targets'!C35)*'Color Targets'!D35/'Color Targets'!C35 -> 0.2447541 | E82: =B82/$E$79 -> 0.39068436 | F82: =C82/$F$79 -> 0.33613486 | G82: =D82/$G$79 -> 0.22478633 | H82: =IF(E82>$H$79,E82^(1/3),($I$79*E82+16)/116) -> 0.73104146 | I82: =IF(F82>$H$79,F82^(1/3),($I$79*F82+16)/116) -> 0.69529832 | J82: =IF(G82>$H$79,G82^(1/3),($I$79*G82+16)/116) -> 0.60802761 | K82: =116*I82-16 -> 64.654606 | L82: =500*(H82-I82) -> 17.871569 | M82: =200*(I82-J82) -> 17.454144 | N82: 1 | O82: =1+0.045*SQRT(L82^2+M82^2) -> 2.1241358 | P82: =1+0.015*SQRT(L82^2+M82^2) -> 1.3747119 | Q82: =4*B82/(B82+15*C82+3*D82) -> 0.24161144 | R82: =9*C82/(B82+15*C82+3*D82) -> 0.49209519 | S82: =Q82-Q98 -> -0.0056612719 | T82: =R82-R98 -> -0.00092020692
B83: ='Color Targets'!B36*'Color Targets'!D36/'Color Targets'!C36 -> 0.16384109 | C83: ='Color Targets'!D36 -> 0.17702899 | D83: =(1-'Color Targets'!B36-'Color Targets'!C36)*'Color Targets'!D36/'Color Targets'!C36 -> 0.32416851 | E83: =B83/$E$79 -> 0.17237902 | F83: =C83/$F$79 -> 0.17702899 | G83: =D83/$G$79 -> 0.29772188 | H83: =IF(E83>$H$79,E83^(1/3),($I$79*E83+16)/116) -> 0.55653797 | I83: =IF(F83>$H$79,F83^(1/3),($I$79*F83+16)/116) -> 0.56149789 | J83: =IF(G83>$H$79,G83^(1/3),($I$79*G83+16)/116) -> 0.66773414 | K83: =116*I83-16 -> 49.133755 | L83: =500*(H83-I83) -> -2.4799589 | M83: =200*(I83-J83) -> -21.247251 | N83: 1 | O83: =1+0.045*SQRT(L83^2+M83^2) -> 1.9626171 | P83: =1+0.015*SQRT(L83^2+M83^2) -> 1.3208724 | Q83: =4*B83/(B83+15*C83+3*D83) -> 0.17283811 | R83: =9*C83/(B83+15*C83+3*D83) -> 0.42018796 | S83: =Q83-Q99 -> 0.002655178 | T83: =R83-R99 -> 0.0017055824
B84: ='Color Targets'!B37*'Color Targets'!D37/'Color Targets'!C37 -> 0.098435415 | C84: ='Color Targets'!D37 -> 0.12472423 | D84: =(1-'Color Targets'!B37-'Color Targets'!C37)*'Color Targets'!D37/'Color Targets'!C37 -> 0.065900737 | E84: =B84/$E$79 -> 0.10356499 | F84: =C84/$F$79 -> 0.12472423 | G84: =D84/$G$79 -> 0.060524358 | H84: =IF(E84>$H$79,E84^(1/3),($I$79*E84+16)/116) -> 0.46961034 | I84: =IF(F84>$H$79,F84^(1/3),($I$79*F84+16)/116) -> 0.49963204 | J84: =IF(G84>$H$79,G84^(1/3),($I$79*G84+16)/116) -> 0.3926239 | K84: =116*I84-16 -> 41.957317 | L84: =500*(H84-I84) -> -15.010848 | M84: =200*(I84-J84) -> 21.401628 | N84: 1 | O84: =1+0.045*SQRT(L84^2+M84^2) -> 2.1763479 | P84: =1+0.015*SQRT(L84^2+M84^2) -> 1.392116 | Q84: =4*B84/(B84+15*C84+3*D84) -> 0.18169887 | R84: =9*C84/(B84+15*C84+3*D84) -> 0.51800531 | S84: =Q84-Q100 -> 0.0028437615 | T84: =R84-R100 -> -0.0036605903
B85: ='Color Targets'!B38*'Color Targets'!D38/'Color Targets'!C38 -> 0.23525653 | C85: ='Color Targets'!D38 -> 0.22245296 | D85: =(1-'Color Targets'!B38-'Color Targets'!C38)*'Color Targets'!D38/'Color Targets'!C38 -> 0.4203441 | E85: =B85/$E$79 -> 0.247516 | F85: =C85/$F$79 -> 0.22245296 | G85: =D85/$G$79 -> 0.38605118 | H85: =IF(E85>$H$79,E85^(1/3),($I$79*E85+16)/116) -> 0.62786714 | I85: =IF(F85>$H$79,F85^(1/3),($I$79*F85+16)/116) -> 0.60591643 | J85: =IF(G85>$H$79,G85^(1/3),($I$79*G85+16)/116) -> 0.72814012 | K85: =116*I85-16 -> 54.286306 | L85: =500*(H85-I85) -> 10.975355 | M85: =200*(I85-J85) -> -24.444737 | N85: 1 | O85: =1+0.045*SQRT(L85^2+M85^2) -> 2.2058015 | P85: =1+0.015*SQRT(L85^2+M85^2) -> 1.4019338 | Q85: =4*B85/(B85+15*C85+3*D85) -> 0.19470513 | R85: =9*C85/(B85+15*C85+3*D85) -> 0.41424419 | S85: =Q85-Q101 -> -0.00090034435 | T85: =R85-R101 -> 0.0042704541
B86: ='Color Targets'!B39*'Color Targets'!D39/'Color Targets'!C39 -> 0.29092733 | C86: ='Color Targets'!D39 -> 0.40741259 | D86: =(1-'Color Targets'!B39-'Color Targets'!C39)*'Color Targets'!D39/'Color Targets'!C39 -> 0.43419172 | E86: =B86/$E$79 -> 0.30608786 | F86: =C86/$F$79 -> 0.40741259 | G86: =D86/$G$79 -> 0.39876906 | H86: =IF(E86>$H$79,E86^(1/3),($I$79*E86+16)/116) -> 0.6739309 | I86: =IF(F86>$H$79,F86^(1/3),($I$79*F86+16)/116) -> 0.74132984 | J86: =IF(G86>$H$79,G86^(1/3),($I$79*G86+16)/116) -> 0.73604972 | K86: =116*I86-16 -> 69.994261 | L86: =500*(H86-I86) -> -33.69947 | M86: =200*(I86-J86) -> 1.0560237 | N86: 1 | O86: =1+0.045*SQRT(L86^2+M86^2) -> 2.5172205 | P86: =1+0.015*SQRT(L86^2+M86^2) -> 1.5057402 | Q86: =4*B86/(B86+15*C86+3*D86) -> 0.15103906 | R86: =9*C86/(B86+15*C86+3*D86) -> 0.47590658 | S86: =Q86-Q102 -> -0.00073584036 | T86: =R86-R102 -> 0.00089385023
B87: ='Color Targets'!B40*'Color Targets'!D40/'Color Targets'!C40 -> 0.37747124 | C87: ='Color Targets'!D40 -> 0.29509378 | D87: =(1-'Color Targets'!B40-'Color Targets'!C40)*'Color Targets'!D40/'Color Targets'!C40 -> 0.064456682 | E87: =B87/$E$79 -> 0.39714167 | F87: =C87/$F$79 -> 0.29509378 | G87: =D87/$G$79 -> 0.059198114 | H87: =IF(E87>$H$79,E87^(1/3),($I$79*E87+16)/116) -> 0.73504707 | I87: =IF(F87>$H$79,F87^(1/3),($I$79*F87+16)/116) -> 0.66576356 | J87: =IF(G87>$H$79,G87^(1/3),($I$79*G87+16)/116) -> 0.38973489 | K87: =116*I87-16 -> 61.228573 | L87: =500*(H87-I87) -> 34.641758 | M87: =200*(I87-J87) -> 55.205733 | N87: 1 | O87: =1+0.045*SQRT(L87^2+M87^2) -> 3.9328556 | P87: =1+0.015*SQRT(L87^2+M87^2) -> 1.9776185 | Q87: =4*B87/(B87+15*C87+3*D87) -> 0.30214329 | R87: =9*C87/(B87+15*C87+3*D87) -> 0.53146132 | S87: =Q87-Q103 -> 0.0016170901 | T87: =R87-R103 -> 0.00060996983
B88: ='Color Targets'!B41*'Color Targets'!D41/'Color Targets'!C41 -> 0.12609655 | C88: ='Color Targets'!D41 -> 0.10870481 | D88: =(1-'Color Targets'!B41-'Color Targets'!C41)*'Color Targets'!D41/'Color Targets'!C41 -> 0.37258114 | E88: =B88/$E$79 -> 0.13266757 | F88: =C88/$F$79 -> 0.10870481 | G88: =D88/$G$79 -> 0.34218486 | H88: =IF(E88>$H$79,E88^(1/3),($I$79*E88+16)/116) -> 0.51002124 | I88: =IF(F88>$H$79,F88^(1/3),($I$79*F88+16)/116) -> 0.47725401 | J88: =IF(G88>$H$79,G88^(1/3),($I$79*G88+16)/116) -> 0.69944504 | K88: =116*I88-16 -> 39.361465 | L88: =500*(H88-I88) -> 16.383615 | M88: =200*(I88-J88) -> -44.438207 | N88: 1 | O88: =1+0.045*SQRT(L88^2+M88^2) -> 3.1312986 | P88: =1+0.015*SQRT(L88^2+M88^2) -> 1.7104329 | Q88: =4*B88/(B88+15*C88+3*D88) -> 0.17547456 | R88: =9*C88/(B88+15*C88+3*D88) -> 0.34036291 | S88: =Q88-Q104 -> -0.0012403813 | T88: =R88-R104 -> 0.0021759589
B89: ='Color Targets'!B42*'Color Targets'!D42/'Color Targets'!C42 -> 0.27906953 | C89: ='Color Targets'!D42 -> 0.18447485 | D89: =(1-'Color Targets'!B42-'Color Targets'!C42)*'Color Targets'!D42/'Color Targets'!C42 -> 0.12640922 | E89: =B89/$E$79 -> 0.29361214 | F89: =C89/$F$79 -> 0.18447485 | G89: =D89/$G$79 -> 0.11609638 | H89: =IF(E89>$H$79,E89^(1/3),($I$79*E89+16)/116) -> 0.66464744 | I89: =IF(F89>$H$79,F89^(1/3),($I$79*F89+16)/116) -> 0.56926225 | J89: =IF(G89>$H$79,G89^(1/3),($I$79*G89+16)/116) -> 0.48783493 | K89: =116*I89-16 -> 50.034421 | L89: =500*(H89-I89) -> 47.692595 | M89: =200*(I89-J89) -> 16.285465 | N89: 1 | O89: =1+0.045*SQRT(L89^2+M89^2) -> 3.2678393 | P89: =1+0.015*SQRT(L89^2+M89^2) -> 1.7559464 | Q89: =4*B89/(B89+15*C89+3*D89) -> 0.32588067 | R89: =9*C89/(B89+15*C89+3*D89) -> 0.484692 | S89: =Q89-Q105 -> -0.00082574644 | T89: =R89-R105 -> 0.0022269069
B90: ='Color Targets'!B43*'Color Targets'!D43/'Color Targets'!C43 -> 0.08127982 | C90: ='Color Targets'!D43 -> 0.060982867 | D90: =(1-'Color Targets'!B43-'Color Targets'!C43)*'Color Targets'!D43/'Color Targets'!C43 -> 0.13432994 | E90: =B90/$E$79 -> 0.085515397 | F90: =C90/$F$79 -> 0.060982867 | G90: =D90/$G$79 -> 0.1233709 | H90: =IF(E90>$H$79,E90^(1/3),($I$79*E90+16)/116) -> 0.44056985 | I90: =IF(F90>$H$79,F90^(1/3),($I$79*F90+16)/116) -> 0.39361286 | J90: =IF(G90>$H$79,G90^(1/3),($I$79*G90+16)/116) -> 0.49781836 | K90: =116*I90-16 -> 29.659092 | L90: =500*(H90-I90) -> 23.478495 | M90: =200*(I90-J90) -> -20.8411 | N90: 1 | O90: =1+0.045*SQRT(L90^2+M90^2) -> 2.4127357 | P90: =1+0.015*SQRT(L90^2+M90^2) -> 1.4709119 | Q90: =4*B90/(B90+15*C90+3*D90) -> 0.23239195 | R90: =9*C90/(B90+15*C90+3*D90) -> 0.3923094 | S90: =Q90-Q106 -> -0.0030665882 | T90: =R90-R106 -> 0.0056946901
B91: ='Color Targets'!B44*'Color Targets'!D44/'Color Targets'!C44 -> 0.32371686 | C91: ='Color Targets'!D44 -> 0.43154229 | D91: =(1-'Color Targets'!B44-'Color Targets'!C44)*'Color Targets'!D44/'Color Targets'!C44 -> 0.10967111 | E91: =B91/$E$79 -> 0.34058609 | F91: =C91/$F$79 -> 0.43154229 | G91: =D91/$G$79 -> 0.10072381 | H91: =IF(E91>$H$79,E91^(1/3),($I$79*E91+16)/116) -> 0.69835402 | I91: =IF(F91>$H$79,F91^(1/3),($I$79*F91+16)/116) -> 0.75568556 | J91: =IF(G91>$H$79,G91^(1/3),($I$79*G91+16)/116) -> 0.46527607 | K91: =116*I91-16 -> 71.659525 | L91: =500*(H91-I91) -> -28.665771 | M91: =200*(I91-J91) -> 58.081896 | N91: 1 | O91: =1+0.045*SQRT(L91^2+M91^2) -> 3.9146779 | P91: =1+0.015*SQRT(L91^2+M91^2) -> 1.9715593 | Q91: =4*B91/(B91+15*C91+3*D91) -> 0.18171373 | R91: =9*C91/(B91+15*C91+3*D91) -> 0.54503992 | S91: =Q91-Q107 -> -0.0012466755 | T91: =R91-R107 -> 0.0015798926
B92: ='Color Targets'!B45*'Color Targets'!D45/'Color Targets'!C45 -> 0.44790602 | C92: ='Color Targets'!D45 -> 0.41146575 | D92: =(1-'Color Targets'!B45-'Color Targets'!C45)*'Color Targets'!D45/'Color Targets'!C45 -> 0.076046591 | E92: =B92/$E$79 -> 0.47124688 | F92: =C92/$F$79 -> 0.41146575 | G92: =D92/$G$79 -> 0.069842483 | H92: =IF(E92>$H$79,E92^(1/3),($I$79*E92+16)/116) -> 0.77818495 | I92: =IF(F92>$H$79,F92^(1/3),($I$79*F92+16)/116) -> 0.74378012 | J92: =IF(G92>$H$79,G92^(1/3),($I$79*G92+16)/116) -> 0.41181917 | K92: =116*I92-16 -> 70.278494 | L92: =500*(H92-I92) -> 17.202418 | M92: =200*(I92-J92) -> 66.39219 | N92: 1 | O92: =1+0.045*SQRT(L92^2+M92^2) -> 4.0863066 | P92: =1+0.015*SQRT(L92^2+M92^2) -> 2.0287689 | Q92: =4*B92/(B92+15*C92+3*D92) -> 0.26162612 | R92: =9*C92/(B92+15*C92+3*D92) -> 0.54076729 | S92: =Q92-Q108 -> -0.0012636807 | T92: =R92-R108 -> 0.0010348818
N94: SL | O94: Sc
N95: 1 | Q95: Measured
A96: measured | B96: X | C96: Y | D96: Z | E96: xr | F96: yr | G96: zr | H96: fx | I96: fy | J96: fz | K96: L | L96: a | M96: b | Q96: u' | R96: v'
B97: ='Color Targets'!H34*'Color Targets'!J34/'Color Targets'!I34 -> 0.10634548 | C97: ='Color Targets'!J34 -> 0.093908008 | D97: =(1-'Color Targets'!H34-'Color Targets'!I34)*'Color Targets'!J34/'Color Targets'!I34 -> 0.060129788 | E97: =B97/$E$79 -> 0.11188725 | F97: =C97/$F$79 -> 0.093908008 | G97: =D97/$G$79 -> 0.055224221 | H97: =IF(E97>$H$79,E97^(1/3),($I$79*E97+16)/116) -> 0.48186665 | I97: =IF(F97>$H$79,F97^(1/3),($I$79*F97+16)/116) -> 0.45453522 | J97: =IF(G97>$H$79,G97^(1/3),($I$79*G97+16)/116) -> 0.38081133 | K97: =116*I97-16 -> 36.726086 | L97: =500*(H97-I97) -> 13.665713 | M97: =200*(I97-J97) -> 14.744778 | Q97: =4*B97/(B97+15*C97+3*D97) -> 0.25091023 | R97: =9*C97/(B97+15*C97+3*D97) -> 0.49852219
B98: ='Color Targets'!H35*'Color Targets'!J35/'Color Targets'!I35 -> 0.37330331 | C98: ='Color Targets'!J35 -> 0.33079856 | D98: =(1-'Color Targets'!H35-'Color Targets'!I35)*'Color Targets'!J35/'Color Targets'!I35 -> 0.23448287 | E98: =B98/$E$79 -> 0.39275654 | F98: =C98/$F$79 -> 0.33079856 | G98: =D98/$G$79 -> 0.21535306 | H98: =IF(E98>$H$79,E98^(1/3),($I$79*E98+16)/116) -> 0.73233166 | I98: =IF(F98>$H$79,F98^(1/3),($I$79*F98+16)/116) -> 0.69159929 | J98: =IF(G98>$H$79,G98^(1/3),($I$79*G98+16)/116) -> 0.59940038 | K98: =116*I98-16 -> 64.225517 | L98: =500*(H98-I98) -> 20.366185 | M98: =200*(I98-J98) -> 18.439781 | Q98: =4*B98/(B98+15*C98+3*D98) -> 0.24727271 | R98: =9*C98/(B98+15*C98+3*D98) -> 0.4930154
B99: ='Color Targets'!H36*'Color Targets'!J36/'Color Targets'!I36 -> 0.15703434 | C99: ='Color Targets'!J36 -> 0.17162213 | D99: =(1-'Color Targets'!H36-'Color Targets'!I36)*'Color Targets'!J36/'Color Targets'!I36 -> 0.31986256 | E99: =B99/$E$79 -> 0.16521757 | F99: =C99/$F$79 -> 0.17162213 | G99: =D99/$G$79 -> 0.29376722 | H99: =IF(E99>$H$79,E99^(1/3),($I$79*E99+16)/116) -> 0.54872163 | I99: =IF(F99>$H$79,F99^(1/3),($I$79*F99+16)/116) -> 0.55572222 | J99: =IF(G99>$H$79,G99^(1/3),($I$79*G99+16)/116) -> 0.66476443 | K99: =116*I99-16 -> 48.463778 | L99: =500*(H99-I99) -> -3.5002978 | M99: =200*(I99-J99) -> -21.808442 | Q99: =4*B99/(B99+15*C99+3*D99) -> 0.17018293 | R99: =9*C99/(B99+15*C99+3*D99) -> 0.41848237
B100: ='Color Targets'!H37*'Color Targets'!J37/'Color Targets'!I37 -> 0.096380728 | C100: ='Color Targets'!J37 -> 0.12493922 | D100: =(1-'Color Targets'!H37-'Color Targets'!I37)*'Color Targets'!J37/'Color Targets'!I37 -> 0.061678346 | E100: =B100/$E$79 -> 0.10140323 | F100: =C100/$F$79 -> 0.12493922 | G100: =D100/$G$79 -> 0.056646442 | H100: =IF(E100>$H$79,E100^(1/3),($I$79*E100+16)/116) -> 0.46631988 | I100: =IF(F100>$H$79,F100^(1/3),($I$79*F100+16)/116) -> 0.49991894 | J100: =IF(G100>$H$79,G100^(1/3),($I$79*G100+16)/116) -> 0.38405275 | K100: =116*I100-16 -> 41.990598 | L100: =500*(H100-I100) -> -16.799532 | M100: =200*(I100-J100) -> 23.173239 | Q100: =4*B100/(B100+15*C100+3*D100) -> 0.17885511 | R100: =9*C100/(B100+15*C100+3*D100) -> 0.5216659
B101: ='Color Targets'!H38*'Color Targets'!J38/'Color Targets'!I38 -> 0.23131201 | C101: ='Color Targets'!J38 -> 0.21547193 | D101: =(1-'Color Targets'!H38-'Color Targets'!I38)*'Color Targets'!J38/'Color Targets'!I38 -> 0.42226122 | E101: =B101/$E$79 -> 0.24336593 | F101: =C101/$F$79 -> 0.21547193 | G101: =D101/$G$79 -> 0.38781189 | H101: =IF(E101>$H$79,E101^(1/3),($I$79*E101+16)/116) -> 0.62433822 | I101: =IF(F101>$H$79,F101^(1/3),($I$79*F101+16)/116) -> 0.59951064 | J101: =IF(G101>$H$79,G101^(1/3),($I$79*G101+16)/116) -> 0.72924541 | K101: =116*I101-16 -> 53.543235 | L101: =500*(H101-I101) -> 12.41379 | M101: =200*(I101-J101) -> -25.946954 | Q101: =4*B101/(B101+15*C101+3*D101) -> 0.19560548 | R101: =9*C101/(B101+15*C101+3*D101) -> 0.40997373
B102: ='Color Targets'!H39*'Color Targets'!J39/'Color Targets'!I39 -> 0.28804408 | C102: ='Color Targets'!J39 -> 0.4006653 | D102: =(1-'Color Targets'!H39-'Color Targets'!I39)*'Color Targets'!J39/'Color Targets'!I39 -> 0.43110867 | E102: =B102/$E$79 -> 0.30305436 | F102: =C102/$F$79 -> 0.4006653 | G102: =D102/$G$79 -> 0.39593754 | H102: =IF(E102>$H$79,E102^(1/3),($I$79*E102+16)/116) -> 0.67169716 | I102: =IF(F102>$H$79,F102^(1/3),($I$79*F102+16)/116) -> 0.73721457 | J102: =IF(G102>$H$79,G102^(1/3),($I$79*G102+16)/116) -> 0.73430344 | K102: =116*I102-16 -> 69.51689 | L102: =500*(H102-I102) -> -32.758705 | M102: =200*(I102-J102) -> 0.5822269 | Q102: =4*B102/(B102+15*C102+3*D102) -> 0.1517749 | R102: =9*C102/(B102+15*C102+3*D102) -> 0.47501273
B103: ='Color Targets'!H40*'Color Targets'!J40/'Color Targets'!I40 -> 0.3884252 | C103: ='Color Targets'!J40 -> 0.30494075 | D103: =(1-'Color Targets'!H40-'Color Targets'!I40)*'Color Targets'!J40/'Color Targets'!I40 -> 0.069132703 | E103: =B103/$E$79 -> 0.40866645 | F103: =C103/$F$79 -> 0.30494075 | G103: =D103/$G$79 -> 0.063492651 | H103: =IF(E103>$H$79,E103^(1/3),($I$79*E103+16)/116) -> 0.74208957 | I103: =IF(F103>$H$79,F103^(1/3),($I$79*F103+16)/116) -> 0.67308796 | J103: =IF(G103>$H$79,G103^(1/3),($I$79*G103+16)/116) -> 0.39894022 | K103: =116*I103-16 -> 62.078203 | L103: =500*(H103-I103) -> 34.500807 | M103: =200*(I103-J103) -> 54.829548 | Q103: =4*B103/(B103+15*C103+3*D103) -> 0.3005262 | R103: =9*C103/(B103+15*C103+3*D103) -> 0.53085135
B104: ='Color Targets'!H41*'Color Targets'!J41/'Color Targets'!I41 -> 0.12695548 | C104: ='Color Targets'!J41 -> 0.10798229 | D104: =(1-'Color Targets'!H41-'Color Targets'!I41)*'Color Targets'!J41/'Color Targets'!I41 -> 0.37566291 | E104: =B104/$E$79 -> 0.13357127 | F104: =C104/$F$79 -> 0.10798229 | G104: =D104/$G$79 -> 0.34501521 | H104: =IF(E104>$H$79,E104^(1/3),($I$79*E104+16)/116) -> 0.51117666 | I104: =IF(F104>$H$79,F104^(1/3),($I$79*F104+16)/116) -> 0.47619428 | J104: =IF(G104>$H$79,G104^(1/3),($I$79*G104+16)/116) -> 0.70136821 | K104: =116*I104-16 -> 39.238537 | L104: =500*(H104-I104) -> 17.49119 | M104: =200*(I104-J104) -> -45.034787 | Q104: =4*B104/(B104+15*C104+3*D104) -> 0.17671494 | R104: =9*C104/(B104+15*C104+3*D104) -> 0.33818695
B105: ='Color Targets'!H42*'Color Targets'!J42/'Color Targets'!I42 -> 0.28934243 | C105: ='Color Targets'!J42 -> 0.18990563 | D105: =(1-'Color Targets'!H42-'Color Targets'!I42)*'Color Targets'!J42/'Color Targets'!I42 -> 0.13487019 | E105: =B105/$E$79 -> 0.30442037 | F105: =C105/$F$79 -> 0.18990563 | G105: =D105/$G$79 -> 0.12386708 | H105: =IF(E105>$H$79,E105^(1/3),($I$79*E105+16)/116) -> 0.67270487 | I105: =IF(F105>$H$79,F105^(1/3),($I$79*F105+16)/116) -> 0.57479451 | J105: =IF(G105>$H$79,G105^(1/3),($I$79*G105+16)/116) -> 0.49848486 | K105: =116*I105-16 -> 50.676163 | L105: =500*(H105-I105) -> 48.955177 | M105: =200*(I105-J105) -> 15.261931 | Q105: =4*B105/(B105+15*C105+3*D105) -> 0.32670642 | R105: =9*C105/(B105+15*C105+3*D105) -> 0.48246509
B106: ='Color Targets'!H43*'Color Targets'!J43/'Color Targets'!I43 -> 0.08065858 | C106: ='Color Targets'!J43 -> 0.058861588 | D106: =(1-'Color Targets'!H43-'Color Targets'!I43)*'Color Targets'!J43/'Color Targets'!I43 -> 0.13555198 | E106: =B106/$E$79 -> 0.084861785 | F106: =C106/$F$79 -> 0.058861588 | G106: =D106/$G$79 -> 0.12449324 | H106: =IF(E106>$H$79,E106^(1/3),($I$79*E106+16)/116) -> 0.43944452 | I106: =IF(F106>$H$79,F106^(1/3),($I$79*F106+16)/116) -> 0.38899498 | J106: =IF(G106>$H$79,G106^(1/3),($I$79*G106+16)/116) -> 0.49932341 | K106: =116*I106-16 -> 29.123417 | L106: =500*(H106-I106) -> 25.224772 | M106: =200*(I106-J106) -> -22.065687 | Q106: =4*B106/(B106+15*C106+3*D106) -> 0.23545854 | R106: =9*C106/(B106+15*C106+3*D106) -> 0.38661471
B107: ='Color Targets'!H44*'Color Targets'!J44/'Color Targets'!I44 -> 0.32919212 | C107: ='Color Targets'!J44 -> 0.43458768 | D107: =(1-'Color Targets'!H44-'Color Targets'!I44)*'Color Targets'!J44/'Color Targets'!I44 -> 0.11633539 | E107: =B107/$E$79 -> 0.34634668 | F107: =C107/$F$79 -> 0.43458768 | G107: =D107/$G$79 -> 0.1068444 | H107: =IF(E107>$H$79,E107^(1/3),($I$79*E107+16)/116) -> 0.70226929 | I107: =IF(F107>$H$79,F107^(1/3),($I$79*F107+16)/116) -> 0.75745901 | J107: =IF(G107>$H$79,G107^(1/3),($I$79*G107+16)/116) -> 0.4745157 | K107: =116*I107-16 -> 71.865245 | L107: =500*(H107-I107) -> -27.594863 | M107: =200*(I107-J107) -> 56.588662 | Q107: =4*B107/(B107+15*C107+3*D107) -> 0.18296041 | R107: =9*C107/(B107+15*C107+3*D107) -> 0.54346002
B108: ='Color Targets'!H45*'Color Targets'!J45/'Color Targets'!I45 -> 0.45547386 | C108: ='Color Targets'!J45 -> 0.41560972 | D108: =(1-'Color Targets'!H45-'Color Targets'!I45)*'Color Targets'!J45/'Color Targets'!I45 -> 0.080214397 | E108: =B108/$E$79 -> 0.47920909 | F108: =C108/$F$79 -> 0.41560972 | G108: =D108/$G$79 -> 0.073670267 | H108: =IF(E108>$H$79,E108^(1/3),($I$79*E108+16)/116) -> 0.78254325 | I108: =IF(F108>$H$79,F108^(1/3),($I$79*F108+16)/116) -> 0.74626871 | J108: =IF(G108>$H$79,G108^(1/3),($I$79*G108+16)/116) -> 0.41920914 | K108: =116*I108-16 -> 70.56717 | L108: =500*(H108-I108) -> 18.13727 | M108: =200*(I108-J108) -> 65.411913 | Q108: =4*B108/(B108+15*C108+3*D108) -> 0.2628898 | R108: =9*C108/(B108+15*C108+3*D108) -> 0.53973241
A110: dE2000 | B110: Lbar' | C110: C1 | D110: C2 | E110: cbar | F110: G | G110: a1' | H110: a2' | I110: c1' | J110: c2' | K110: cbar' | L110: h1' | M110: h2' | N110: hbar' | O110: T | P110: delh' | Q110: delL' | R110: delC' | S110: delH' | T110: SL | U110: Sc | V110: Sh | W110: deltheta | X110: Rc | Y110: Rt | Z110: dE
B111: =(K81+K97)/2 -> 36.877318 | C111: =SQRT(L81^2+M81^2) -> 18.792121 | D111: =SQRT(L97^2+M97^2) -> 20.103735 | E111: =(C111+D111)/2 -> 19.447928 | F111: =(1-SQRT(E111^7/(E111^7+25^7)))/2 -> 0.30826603 | G111: =L81*(1+F111) -> 16.648014 | H111: =L97*(1+F111) -> 17.878388 | I111: =SQRT(G111^2+M81^2) -> 21.641815 | J111: =SQRT(H111^2+M97^2) -> 23.174236 | K111: =(I111+J111)/2 -> 22.408026 | L111: =IF(ATAN2(M81,G111)<0,ATAN2(M81,G111)+PI()*2,ATAN2(M81,G111)) -> 0.87766998 | M111: =IF(ATAN2(M97,H111)<0,ATAN2(M97,H111)+PI()*2,ATAN2(M97,H111)) -> 0.88115912 | N111: =IF(ABS(L111-M111)>PI(),(L111+M111+2*PI())/2,(L111+M111)/2) -> 0.87941455 | O111: =1-0.17*COS(N111-PI()/180*30)+0.24*COS(2*N111)+0.32*COS(3*N111+PI()/180*6)-0.2*COS(4*N111-PI()/180*63) -> 0.65077562 | P111: =IF(ABS(M111-L111)>PI(),IF(M111>L111,M111-L111-2*PI(),M111-L111+2*PI()),M111-L111) -> 0.0034891375 | Q111: =K97-K81 -> -0.30246483 | R111: =J111-I111 -> 1.5324209 | S111: =2*SQRT(I111*J111)*SIN(P111/2) -> 0.078138924 | T111: =1+(0.015*(B111-50)^2)/SQRT(20+(B111-50)^2) -> 1.1863178 | U111: =1+0.045*K111 -> 2.0083612 | V111: =1+0.015*K111*O111 -> 1.218739 | W111: =30*EXP((-1*((N111*180/PI()-275)/25)^2)) -> 2.6308463e-34 | X111: =2*SQRT(K111^7/(K111^2+25^7)) -> 1.3634918 | Y111: =-1*X111*SIN(2*W111*PI()/180) -> -1.2521471e-35 | Z111: =SQRT(Q111^2/T111^2+R111^2/U111^2+S111^2/V111^2+Y111*(R111/U111)*(S111/V111)) -> 0.80704164
B112: =(K82+K98)/2 -> 64.440061 | C112: =SQRT(L82^2+M82^2) -> 24.980795 | D112: =SQRT(L98^2+M98^2) -> 27.473752 | E112: =(C112+D112)/2 -> 26.227273 | F112: =(1-SQRT(E112^7/(E112^7+25^7)))/2 -> 0.1181986 | G112: =L82*(1+F112) -> 19.983963 | H112: =L98*(1+F112) -> 22.77344 | I112: =SQRT(G112^2+M82^2) -> 26.53311 | J112: =SQRT(H112^2+M98^2) -> 29.302817 | K112: =(I112+J112)/2 -> 27.917964 | L112: =IF(ATAN2(M82,G112)<0,ATAN2(M82,G112)+PI()*2,ATAN2(M82,G112)) -> 0.85286897 | M112: =IF(ATAN2(M98,H112)<0,ATAN2(M98,H112)+PI()*2,ATAN2(M98,H112)) -> 0.89016531 | N112: =IF(ABS(L112-M112)>PI(),(L112+M112+2*PI())/2,(L112+M112)/2) -> 0.87151714 | O112: =1-0.17*COS(N112-PI()/180*30)+0.24*COS(2*N112)+0.32*COS(3*N112+PI()/180*6)-0.2*COS(4*N112-PI()/180*63) -> 0.65281099 | P112: =IF(ABS(M112-L112)>PI(),IF(M112>L112,M112-L112-2*PI(),M112-L112+2*PI()),M112-L112) -> 0.037296338 | Q112: =K98-K82 -> -0.42908842 | R112: =J112-I112 -> 2.7697072 | S112: =2*SQRT(I112*J112)*SIN(P112/2) -> 1.0398957 | T112: =1+(0.015*(B112-50)^2)/SQRT(20+(B112-50)^2) -> 1.2069053 | U112: =1+0.045*K112 -> 2.2563084 | V112: =1+0.015*K112*O112 -> 1.2733773 | W112: =EXP((-1*((N112*180/PI()-275)/25)^2)) -> 6.3326533e-36 | X112: =2*SQRT(K112^7/(K112^2+25^7)) -> 2.9432897 | Y112: =-1*X112*SIN(2*W112*PI()/180) -> -6.5061802e-37 | Z112: =SQRT(Q112^2/T112^2+R112^2/U112^2+S112^2/V112^2+Y112*(R112/U112)*(S112/V112)) -> 1.5166278
B113: =(K83+K99)/2 -> 48.798767 | C113: =SQRT(L83^2+M83^2) -> 21.39149 | D113: =SQRT(L99^2+M99^2) -> 22.087559 | E113: =(C113+D113)/2 -> 21.739524 | F113: =(1-SQRT(E113^7/(E113^7+25^7)))/2 -> 0.23863448 | G113: =L83*(1+F113) -> -3.0717627 | H113: =L99*(1+F113) -> -4.3355896 | I113: =SQRT(G113^2+M83^2) -> 21.468148 | J113: =SQRT(H113^2+M99^2) -> 22.235231 | K113: =(I113+J113)/2 -> 21.85169 | L113: =IF(ATAN2(M83,G113)<0,ATAN2(M83,G113)+PI()*2,ATAN2(M83,G113)) -> 3.2851701 | M113: =IF(ATAN2(M99,H113)<0,ATAN2(M99,H113)+PI()*2,ATAN2(M99,H113)) -> 3.3378372 | N113: =IF(ABS(L113-M113)>PI(),(L113+M113+2*PI())/2,(L113+M113)/2) -> 3.3115037 | O113: =1-0.17*COS(N113-PI()/180*30)+0.24*COS(2*N113)+0.32*COS(3*N113+PI()/180*6)-0.2*COS(4*N113-PI()/180*63) -> 0.94165932 | P113: =IF(ABS(M113-L113)>PI(),IF(M113>L113,M113-L113-2*PI(),M113-L113+2*PI()),M113-L113) -> 0.052667145 | Q113: =K99-K83 -> -0.66997745 | R113: =J113-I113 -> 0.76708277 | S113: =2*SQRT(I113*J113)*SIN(P113/2) -> 1.1505558 | T113: =1+(0.015*(B113-50)^2)/SQRT(20+(B113-50)^2) -> 1.0046742 | U113: =1+0.045*K113 -> 1.983326 | V113: =1+0.015*K113*O113 -> 1.3086527 | W113: =EXP((-1*((N113*180/PI()-275)/25)^2)) -> 8.8761551e-06 | X113: =2*SQRT(K113^7/(K113^2+25^7)) -> 1.2486408 | Y113: =-1*X113*SIN(2*W113*PI()/180) -> -3.868742e-07 | Z113: =SQRT(Q113^2/T113^2+R113^2/U113^2+S113^2/V113^2+Y113*(R113/U113)*(S113/V113)) -> 1.1693022
B114: =(K84+K100)/2 -> 41.973957 | C114: =SQRT(L84^2+M84^2) -> 26.141064 | D114: =SQRT(L100^2+M100^2) -> 28.622077 | E114: =(C114+D114)/2 -> 27.381571 | F114: =(1-SQRT(E114^7/(E114^7+25^7)))/2 -> 0.09562825 | G114: =L84*(1+F114) -> -16.446309 | H114: =L100*(1+F114) -> -18.406042 | I114: =SQRT(G114^2+M84^2) -> 26.990939 | J114: =SQRT(H114^2+M100^2) -> 29.593604 | K114: =(I114+J114)/2 -> 28.292271 | L114: =IF(ATAN2(M84,G114)<0,ATAN2(M84,G114)+PI()*2,ATAN2(M84,G114)) -> 5.6279737 | M114: =IF(ATAN2(M100,H114)<0,ATAN2(M100,H114)+PI()*2,ATAN2(M100,H114)) -> 5.6119419 | N114: =IF(ABS(L114-M114)>PI(),(L114+M114+2*PI())/2,(L114+M114)/2) -> 5.6199578 | O114: =1-0.17*COS(N114-PI()/180*30)+0.24*COS(2*N114)+0.32*COS(3*N114+PI()/180*6)-0.2*COS(4*N114-PI()/180*63) -> 1.059319 | P114: =IF(ABS(M114-L114)>PI(),IF(M114>L114,M114-L114-2*PI(),M114-L114+2*PI()),M114-L114) -> -0.016031832 | Q114: =K100-K84 -> 0.033280991 | R114: =J114-I114 -> 2.6026652 | S114: =2*SQRT(I114*J114)*SIN(P114/2) -> -0.45309203 | T114: =1+(0.015*(B114-50)^2)/SQRT(20+(B114-50)^2) -> 1.1051667 | U114: =1+0.045*K114 -> 2.2731522 | V114: =1+0.015*K114*O114 -> 1.4495581 | W114: =EXP((-1*((N114*180/PI()-275)/25)^2)) -> 0.029176865 | X114: =2*SQRT(K114^7/(K114^2+25^7)) -> 3.0837366 | Y114: =-1*X114*SIN(2*W114*PI()/180) -> -0.0031406764 | Z114: =SQRT(Q114^2/T114^2+R114^2/U114^2+S114^2/V114^2+Y114*(R114/U114)*(S114/V114)) -> 1.1877132
B115: =(K85+K101)/2 -> 53.91477 | C115: =SQRT(L85^2+M85^2) -> 26.795589 | D115: =SQRT(L101^2+M101^2) -> 28.763634 | E115: =(C115+D115)/2 -> 27.779611 | F115: =(1-SQRT(E115^7/(E115^7+25^7)))/2 -> 0.088735116 | G115: =L85*(1+F115) -> 11.949255 | H115: =L101*(1+F115) -> 13.515329 | I115: =SQRT(G115^2+M85^2) -> 27.209003 | J115: =SQRT(H115^2+M101^2) -> 29.255915 | K115: =(I115+J115)/2 -> 28.232459 | L115: =IF(ATAN2(M85,G115)<0,ATAN2(M85,G115)+PI()*2,ATAN2(M85,G115)) -> 2.6869231 | M115: =IF(ATAN2(M101,H115)<0,ATAN2(M101,H115)+PI()*2,ATAN2(M101,H115)) -> 2.6613785 | N115: =IF(ABS(L115-M115)>PI(),(L115+M115+2*PI())/2,(L115+M115)/2) -> 2.6741508 | O115: =1-0.17*COS(N115-PI()/180*30)+0.24*COS(2*N115)+0.32*COS(3*N115+PI()/180*6)-0.2*COS(4*N115-PI()/180*63) -> 1.3463703 | P115: =IF(ABS(M115-L115)>PI(),IF(M115>L115,M115-L115-2*PI(),M115-L115+2*PI()),M115-L115) -> -0.025544583 | Q115: =K101-K85 -> -0.74307155 | R115: =J115-I115 -> 2.0469115 | S115: =2*SQRT(I115*J115)*SIN(P115/2) -> -0.72069277 | T115: =1+(0.015*(B115-50)^2)/SQRT(20+(B115-50)^2) -> 1.0386777 | U115: =1+0.045*K115 -> 2.2704607 | V115: =1+0.015*K115*O115 -> 1.5701702 | W115: =EXP((-1*((N115*180/PI()-275)/25)^2)) -> 4.9475553e-11 | X115: =2*SQRT(K115^7/(K115^2+25^7)) -> 3.0609795 | Y115: =-1*X115*SIN(2*W115*PI()/180) -> -5.2863807e-12 | Z115: =SQRT(Q115^2/T115^2+R115^2/U115^2+S115^2/V115^2+Y115*(R115/U115)*(S115/V115)) -> 1.2390504
B116: =(K86+K102)/2 -> 69.755576 | C116: =SQRT(L86^2+M86^2) -> 33.716012 | D116: =SQRT(L102^2+M102^2) -> 32.763879 | E116: =(C116+D116)/2 -> 33.239945 | F116: =(1-SQRT(E116^7/(E116^7+25^7)))/2 -> 0.030910465 | G116: =L86*(1+F116) -> -34.741136 | H116: =L102*(1+F116) -> -33.771292 | I116: =SQRT(G116^2+M86^2) -> 34.757182 | J116: =SQRT(H116^2+M102^2) -> 33.77631 | K116: =(I116+J116)/2 -> 34.266746 | L116: =IF(ATAN2(M86,G116)<0,ATAN2(M86,G116)+PI()*2,ATAN2(M86,G116)) -> 4.7427765 | M116: =IF(ATAN2(M102,H116)<0,ATAN2(M102,H116)+PI()*2,ATAN2(M102,H116)) -> 4.7296276 | N116: =IF(ABS(L116-M116)>PI(),(L116+M116+2*PI())/2,(L116+M116)/2) -> 4.7362021 | O116: =1-0.17*COS(N116-PI()/180*30)+0.24*COS(2*N116)+0.32*COS(3*N116+PI()/180*6)-0.2*COS(4*N116-PI()/180*63) -> 0.6783278 | P116: =IF(ABS(M116-L116)>PI(),IF(M116>L116,M116-L116-2*PI(),M116-L116+2*PI()),M116-L116) -> -0.013148984 | Q116: =K102-K86 -> -0.47737099 | R116: =J116-I116 -> -0.98087207 | S116: =2*SQRT(I116*J116)*SIN(P116/2) -> -0.4505235 | T116: =1+(0.015*(B116-50)^2)/SQRT(20+(B116-50)^2) -> 1.2890207 | U116: =1+0.045*K116 -> 2.5420036 | V116: =1+0.015*K116*O116 -> 1.3486613 | W116: =EXP((-1*((N116*180/PI()-275)/25)^2)) -> 0.97907379 | X116: =2*SQRT(K116^7/(K116^2+25^7)) -> 6.0296898 | Y116: =-1*X116*SIN(2*W116*PI()/180) -> -0.2060313 | Z116: =SQRT(Q116^2/T116^2+R116^2/U116^2+S116^2/V116^2+Y116*(R116/U116)*(S116/V116)) -> 0.60915918
B117: =(K87+K103)/2 -> 61.653388 | C117: =SQRT(L87^2+M87^2) -> 65.174568 | D117: =SQRT(L103^2+M103^2) -> 64.781055 | E117: =(C117+D117)/2 -> 64.977811 | F117: =(1-SQRT(E117^7/(E117^7+25^7)))/2 -> 0.00031171539 | G117: =L87*(1+F117) -> 34.652557 | H117: =L103*(1+F117) -> 34.511561 | I117: =SQRT(G117^2+M87^2) -> 65.180308 | J117: =SQRT(H117^2+M103^2) -> 64.786783 | K117: =(I117+J117)/2 -> 64.983546 | L117: =IF(ATAN2(M87,G117)<0,ATAN2(M87,G117)+PI()*2,ATAN2(M87,G117)) -> 0.56053747 | M117: =IF(ATAN2(M103,H117)<0,ATAN2(M103,H117)+PI()*2,ATAN2(M103,H117)) -> 0.56178119 | N117: =IF(ABS(L117-M117)>PI(),(L117+M117+2*PI())/2,(L117+M117)/2) -> 0.56115933 | O117: =1-0.17*COS(N117-PI()/180*30)+0.24*COS(2*N117)+0.32*COS(3*N117+PI()/180*6)-0.2*COS(4*N117-PI()/180*63) -> 0.78256611 | P117: =IF(ABS(M117-L117)>PI(),IF(M117>L117,M117-L117-2*PI(),M117-L117+2*PI()),M117-L117) -> 0.0012437204 | Q117: =K103-K87 -> 0.84963056 | R117: =J117-I117 -> -0.39352566 | S117: =2*SQRT(I117*J117)*SIN(P117/2) -> 0.080820985 | T117: =1+(0.015*(B117-50)^2)/SQRT(20+(B117-50)^2) -> 1.1631962 | U117: =1+0.045*K117 -> 3.9242596 | V117: =1+0.015*K117*O117 -> 1.7628088 | W117: =EXP((-1*((N117*180/PI()-275)/25)^2)) -> 1.0468593e-41 | X117: =2*SQRT(K117^7/(K117^2+25^7)) -> 56.630673 | Y117: =-1*X117*SIN(2*W117*PI()/180) -> -2.0694142e-41 | Z117: =SQRT(Q117^2/T117^2+R117^2/U117^2+S117^2/V117^2+Y117*(R117/U117)*(S117/V117)) -> 0.73870333
...

Sheet Worksheet
