Workbook

Sheet BA accounts
A1: BA accounts
A4: Year ended | B4: From accounts | L4: In nominals | V4: In 2012 prices
A5: £M | B5: Turnover | C5: Fuel costs | D5: Employee costs | E5: Other costs | F5: Total costs | H5: ASK | I5: RPK | J5: Passenger revenue | L5: Total revenue per RPK | M5: Pax revenue per RPK | N5: Cost per RPK | O5: Total revenue per ASK | P5: Pax revenue per ASK | Q5: Cost per ASK | S5: GDP (YBEZ) | T5: RPI (CHAW) | V5: Total revenue per RPK | W5: Pax revenue per RPK | X5: Cost per RPK | Y5: Total revenue per ASK | Z5: Pax revenue per ASK | AA5: Cost per ASK
A6: 31 Mar 02 | B6: 8340 | C6: 1028 | D6: 2409 | E6: =8291+159-C6-D6 -> 5013 | F6: =C6+D6+E6 -> 8450 | H6: 151046 | I6: 106270 | J6: 7036 | L6: =B6/I6 -> 0.078479345 | M6: =J6/I6 -> 0.066208714 | N6: =F6/I6 -> 0.079514444 | O6: =B6/H6 -> 0.055214968 | P6: =J6/H6 -> 0.046581836 | Q6: =F6/H6 -> 0.055943223 | S6: =YBEZ!B67 -> 86.8 | T6: ='RPI data'!S26 -> 173.875 | V6: =L6*$T$17/$T6 -> 0.10954385 | W6: =M6*$T$17/$T6 -> 0.092416131 | X6: =N6*$T$17/$T6 -> 0.11098867 | Y6: =O6*$T$17/$T6 -> 0.077070727 | Z6: =P6*$T$17/$T6 -> 0.06502034 | AA6: =Q6*$T$17/$T6 -> 0.078087247
A7: 31 Mar 03 | B7: 7688 | C7: 842 | D7: 2107 | E7: =7263+130-C7-D7 -> 4444 | F7: =C7+D7+E7 -> 7393 | H7: 139172 | I7: 100112 | J7: 6545 | L7: =B7/I7 -> 0.076793991 | M7: =J7/I7 -> 0.065376778 | N7: =F7/I7 -> 0.073847291 | O7: =B7/H7 -> 0.055240997 | P7: =J7/H7 -> 0.047028138 | Q7: =F7/H7 -> 0.053121318 | S7: =YBEZ!B68 -> 88.8 | T7: ='RPI data'!S27 -> 177.51667 | V7: =L7*$T$17/$T7 -> 0.1049924 | W7: =M7*$T$17/$T7 -> 0.089382841 | X7: =N7*$T$17/$T7 -> 0.10096369 | Y7: =O7*$T$17/$T7 -> 0.075525246 | Z7: =P7*$T$17/$T7 -> 0.064296662 | AA7: =Q7*$T$17/$T7 -> 0.07262723
A8: 31 Mar 04 | B8: 7560 | C8: 922 | D8: 2180 | E8: =7008+147-C8-D8 -> 4053 | F8: =C8+D8+E8 -> 7155 | H8: 141273 | I8: 103092 | J8: 6460 | L8: =B8/I8 -> 0.073332557 | M8: =J8/I8 -> 0.062662476 | N8: =F8/I8 -> 0.069404027 | O8: =B8/H8 -> 0.05351341 | P8: =J8/H8 -> 0.045727067 | Q8: =F8/H8 -> 0.05064662 | S8: =YBEZ!B69 -> 92.3 | T8: ='RPI data'!S28 -> 182.475 | V8: =L8*$T$17/$T8 -> 0.097535617 | W8: =M8*$T$17/$T8 -> 0.083343926 | X8: =N8*$T$17/$T8 -> 0.092310494 | Y8: =O8*$T$17/$T8 -> 0.071175255 | Z8: =P8*$T$17/$T8 -> 0.060819067 | AA8: =Q8*$T$17/$T8 -> 0.067362295
A9: 31 Mar 05 | B9: 7772 | C9: 1128 | D9: 2235 | E9: =7216-D9-C9 -> 3853 | F9: =C9+D9+E9 -> 7216 | H9: 144189 | I9: 107892 | J9: 6484 | L9: =B9/I9 -> 0.072034998 | M9: =J9/I9 -> 0.060097134 | N9: =F9/I9 -> 0.066881697 | O9: =B9/H9 -> 0.053901477 | P9: =J9/H9 -> 0.044968756 | Q9: =F9/H9 -> 0.050045426 | S9: =YBEZ!B70 -> 95.3 | T9: ='RPI data'!S29 -> 188.15 | V9: =L9*$T$17/$T9 -> 0.092919979 | W9: =M9*$T$17/$T9 -> 0.077520991 | X9: =N9*$T$17/$T9 -> 0.08627259 | Y9: =O9*$T$17/$T9 -> 0.069529037 | Z9: =P9*$T$17/$T9 -> 0.058006469 | AA9: =Q9*$T$17/$T9 -> 0.064555009
A10: 31 Mar 06 | B10: 8213 | C10: 1581 | D10: 2260 | E10: =7519-D10-C10 -> 3678 | F10: =C10+D10+E10 -> 7519 | H10: 144194 | I10: 109713 | J10: 6924 | L10: =B10/I10 -> 0.07485895 | M10: =J10/I10 -> 0.063110115 | N10: =F10/I10 -> 0.068533355 | O10: =B10/H10 -> 0.056957987 | P10: =J10/H10 -> 0.048018642 | Q10: =F10/H10 -> 0.052145027 | S10: =YBEZ!B71 -> 98.4 | T10: ='RPI data'!S30 -> 193.10833 | V10: =L10*$T$17/$T10 -> 0.094083289 | W10: =M10*$T$17/$T10 -> 0.079317265 | X10: =N10*$T$17/$T10 -> 0.086133234 | Y10: =O10*$T$17/$T10 -> 0.071585225 | Z10: =P10*$T$17/$T10 -> 0.060350188 | AA10: =Q10*$T$17/$T10 -> 0.06553626
A11: 31 Mar 07 | B11: 8492 | C11: 1931 | D11: 2277 | E11: =7936-D11-C11 -> 3728 | F11: =C11+D11+E11 -> 7936 | H11: 148321 | I11: 112851 | J11: 7263 | L11: =B11/I11 -> 0.075249665 | M11: =J11/I11 -> 0.064359199 | N11: =F11/I11 -> 0.070322815 | O11: =B11/H11 -> 0.057254199 | P11: =J11/H11 -> 0.048968116 | Q11: =F11/H11 -> 0.053505572 | S11: =YBEZ!B72 -> 101.1 | T11: ='RPI data'!S31 -> 200.31667 | V11: =L11*$T$17/$T11 -> 0.091171115 | W11: =M11*$T$17/$T11 -> 0.077976426 | X11: =N11*$T$17/$T11 -> 0.085201833 | Y11: =O11*$T$17/$T11 -> 0.069368137 | Z11: =P11*$T$17/$T11 -> 0.059328872 | AA11: =Q11*$T$17/$T11 -> 0.06482637
A12: 31 Mar 08 | B12: 8758 | C12: 2055 | D12: 2165 | E12: =7880-D12-C12 -> 3660 | F12: =C12+D12+E12 -> 7880 | H12: 149576 | I12: 118395 | J12: 7600 | L12: =B12/I12 -> 0.073972718 | M12: =J12/I12 -> 0.0641919 | N12: =F12/I12 -> 0.066556865 | O12: =B12/H12 -> 0.058552174 | P12: =J12/H12 -> 0.05081029 | Q12: =F12/H12 -> 0.052682248 | S12: =YBEZ!B73 -> 104.5 | T12: ='RPI data'!S32 -> 208.59167 | V12: =L12*$T$17/$T12 -> 0.086068533 | W12: =M12*$T$17/$T12 -> 0.074688382 | X12: =N12*$T$17/$T12 -> 0.077440059 | Y12: =O12*$T$17/$T12 -> 0.068126464 | Z12: =P12*$T$17/$T12 -> 0.059118649 | AA12: =Q12*$T$17/$T12 -> 0.061296704
A13: 31 Mar 09 | B13: 8992 | C13: 2969 | D13: 2193 | E13: =9212-D13-C13 -> 4050 | F13: =C13+D13+E13 -> 9212 | H13: 148504 | I13: 114346 | J13: 7836 | L13: =B13/I13 -> 0.078638518 | M13: =J13/I13 -> 0.068528851 | N13: =F13/I13 -> 0.080562503 | O13: =B13/H13 -> 0.060550558 | P13: =J13/H13 -> 0.052766255 | Q13: =F13/H13 -> 0.062031999 | S13: =YBEZ!B74 -> 103.7 | T13: ='RPI data'!S33 -> 214.78333 | V13: =L13*$T$17/$T13 -> 0.088859634 | W13: =M13*$T$17/$T13 -> 0.077435953 | X13: =N13*$T$17/$T13 -> 0.091033691 | Y13: =O13*$T$17/$T13 -> 0.068420673 | Z13: =P13*$T$17/$T13 -> 0.059624599 | AA13: =Q13*$T$17/$T13 -> 0.070094667
A14: 31 Mar 10 | B14: 7994 | C14: 2372 | D14: 1998 | E14: =8225-D14-C14 -> 3855 | F14: =C14+D14+E14 -> 8225 | H14: 141178 | I14: 110851 | J14: 6980 | L14: =B14/I14 -> 0.072114821 | M14: =J14/I14 -> 0.062967407 | N14: =F14/I14 -> 0.074198699 | O14: =B14/H14 -> 0.056623553 | P14: =J14/H14 -> 0.049441131 | Q14: =F14/H14 -> 0.058259786 | S14: =YBEZ!B75 -> 98.4 | T14: ='RPI data'!S34 -> 215.76667 | V14: =L14*$T$17/$T14 -> 0.08111664 | W14: =M14*$T$17/$T14 -> 0.070827389 | X14: =N14*$T$17/$T14 -> 0.083460641 | Y14: =O14*$T$17/$T14 -> 0.063691656 | Z14: =P14*$T$17/$T14 -> 0.05561268 | AA14: =Q14*$T$17/$T14 -> 0.065532133
A15: 31 Dec 10 | B15: 6683 | C15: 1869 | D15: 1547 | E15: =6341-D15-C15 -> 2925 | F15: =C15+D15+E15 -> 6341 | H15: 104415 | I15: 81971 | J15: 5831 | L15: =B15/I15 -> 0.081528833 | M15: =J15/I15 -> 0.071134914 | N15: =F15/I15 -> 0.077356626 | O15: =B15/H15 -> 0.064004214 | P15: =J15/H15 -> 0.055844467 | Q15: =F15/H15 -> 0.060728822 | S15: =YBEZ!B76 -> 100 | T15: ='RPI data'!T34 -> 224.98889 | V15: =L15*$T$17/$T15 -> 0.087946778 | W15: =M15*$T$17/$T15 -> 0.076734649 | X15: =N15*$T$17/$T15 -> 0.083446135 | Y15: =O15*$T$17/$T15 -> 0.069042622 | Z15: =P15*$T$17/$T15 -> 0.06024054 | AA15: =Q15*$T$17/$T15 -> 0.065509392
A16: 31 Dec 11 | B16: 9987 | C16: 3246 | D16: 2153 | E16: =9469-D16-C16 -> 4070 | F16: =C16+D16+E16 -> 9469 | H16: 150152 | I16: 117348 | J16: 8721 | L16: =B16/I16 -> 0.085105839 | M16: =J16/I16 -> 0.074317415 | N16: =F16/I16 -> 0.080691618 | O16: =B16/H16 -> 0.066512601 | P16: =J16/H16 -> 0.058081144 | Q16: =F16/H16 -> 0.063062763 | S16: =YBEZ!B77 -> 101.1 | T16: ='RPI data'!E35 -> 235.2 | V16: =L16*$T$17/$T16 -> 0.087819673 | W16: =M16*$T$17/$T16 -> 0.07668723 | X16: =N16*$T$17/$T16 -> 0.083264693 | Y16: =O16*$T$17/$T16 -> 0.068633538 | Z16: =P16*$T$17/$T16 -> 0.059933222 | AA16: =Q16*$T$17/$T16 -> 0.065073693
A17: 31 Dec 12 | B17: 10827 | C17: 3712 | D17: 2345 | E17: =10553-D17-C17 -> 4496 | F17: =C17+D17+E17 -> 10553 | H17: 158247 | I17: 126436 | J17: 9499 | L17: =B17/I17 -> 0.085632257 | M17: =J17/I17 -> 0.075128919 | N17: =F17/I17 -> 0.083465152 | O17: =B17/H17 -> 0.068418359 | P17: =J17/H17 -> 0.060026414 | Q17: =F17/H17 -> 0.066686888 | S17: =YBEZ!B78 -> 101.2 | T17: ='RPI data'!E36 -> 242.7 | V17: =L17*$T$17/$T17 -> 0.085632257 | W17: =M17*$T$17/$T17 -> 0.075128919 | X17: =N17*$T$17/$T17 -> 0.083465152 | Y17: =O17*$T$17/$T17 -> 0.068418359 | Z17: =P17*$T$17/$T17 -> 0.060026414 | AA17: =Q17*$T$17/$T17 -> 0.066686888
A19: Source: | Q19: 2002-12 | S19: =(S17/S6)-1 -> 0.16589862 | T19: =(T17/T6)-1 -> 0.39583034 | V19: =(V17/V6)-1 -> -0.21828331 | W19: =(W17/W6)-1 -> -0.18705838 | X19: =(X17/X6)-1 -> -0.24798496 | Y19: =(Y17/Y6)-1 -> -0.1122653 | Z19: =(Z17/Z6)-1 -> -0.076805589 | AA19: =(AA17/AA6)-1 -> -0.14599515
A20: http://www.iairgroup.com/phoenix.zhtml?c=240949&p=irol-reportsannual

Sheet RPI data
A1: Back to Contents
A3: Table 20 | B3: RPI all items: 1947 to 2011
E5: Annual
E6: average | F6: Jan | G6: Feb | H6: Mar | I6: Apr | J6: May | K6: Jun | L6: Jul | M6: Aug | N6: Sep | O6: Oct | P6: Nov | Q6: Dec | S6: Annual average to March of year
B9: CHAW | C9: January 1987=100
D11: 1987 | E11: 101.9 | F11: 100 | G11: 100.4 | H11: 100.6 | I11: 101.8 | J11: 101.9 | K11: 101.9 | L11: 101.8 | M11: 102.1 | N11: 102.4 | O11: 102.9 | P11: 103.4 | Q11: 103.3
D12: 1988 | E12: 106.9 | F12: 103.3 | G12: 103.7 | H12: 104.1 | I12: 105.8 | J12: 106.2 | K12: 106.6 | L12: 106.7 | M12: 107.9 | N12: 108.4 | O12: 109.5 | P12: 110 | Q12: 110.3 | S12: =(SUM(I11:Q11)+SUM(F12:H12))/12 -> 102.71667
D13: 1989 | E13: 115.2 | F13: 111 | G13: 111.8 | H13: 112.3 | I13: 114.3 | J13: 115 | K13: 115.4 | L13: 115.5 | M13: 115.8 | N13: 116.6 | O13: 117.5 | P13: 118.5 | Q13: 118.8 | S13: =(SUM(I12:Q12)+SUM(F13:H13))/12 -> 108.875
D14: 1990 | E14: 126.1 | F14: 119.5 | G14: 120.2 | H14: 121.4 | I14: 125.1 | J14: 126.2 | K14: 126.7 | L14: 126.8 | M14: 128.1 | N14: 129.3 | O14: 130.3 | P14: 130 | Q14: 129.9 | S14: =(SUM(I13:Q13)+SUM(F14:H14))/12 -> 117.375
D15: 1991 | E15: 133.5 | F15: 130.2 | G15: 130.9 | H15: 131.4 | I15: 133.1 | J15: 133.5 | K15: 134.1 | L15: 133.8 | M15: 134.1 | N15: 134.6 | O15: 135.1 | P15: 135.6 | Q15: 135.7 | S15: =(SUM(I14:Q14)+SUM(F15:H15))/12 -> 128.74167
D16: 1992 | E16: 138.5 | F16: 135.6 | G16: 136.3 | H16: 136.7 | I16: 138.8 | J16: 139.3 | K16: 139.3 | L16: 138.8 | M16: 138.9 | N16: 139.4 | O16: 139.9 | P16: 139.7 | Q16: 139.2 | S16: =(SUM(I15:Q15)+SUM(F16:H16))/12 -> 134.85
D17: 1993 | E17: 140.7 | F17: 137.9 | G17: 138.8 | H17: 139.3 | I17: 140.6 | J17: 141.1 | K17: 141 | L17: 140.7 | M17: 141.3 | N17: 141.9 | O17: 141.8 | P17: 141.6 | Q17: 141.9 | S17: =(SUM(I16:Q16)+SUM(F17:H17))/12 -> 139.10833
D18: 1994 | E18: 144.1 | F18: 141.3 | G18: 142.1 | H18: 142.5 | I18: 144.2 | J18: 144.7 | K18: 144.7 | L18: 144 | M18: 144.7 | N18: 145 | O18: 145.2 | P18: 145.3 | Q18: 146 | S18: =(SUM(I17:Q17)+SUM(F18:H18))/12 -> 141.48333
D19: 1995 | E19: 149.1 | F19: 146 | G19: 146.9 | H19: 147.5 | I19: 149 | J19: 149.6 | K19: 149.8 | L19: 149.1 | M19: 149.9 | N19: 150.6 | O19: 149.8 | P19: 149.8 | Q19: 150.7 | S19: =(SUM(I18:Q18)+SUM(F19:H19))/12 -> 145.35
D20: 1996 | E20: 152.7 | F20: 150.2 | G20: 150.9 | H20: 151.5 | I20: 152.6 | J20: 152.9 | K20: 153 | L20: 152.4 | M20: 153.1 | N20: 153.8 | O20: 153.8 | P20: 153.9 | Q20: 154.4 | S20: =(SUM(I19:Q19)+SUM(F20:H20))/12 -> 150.075
D21: 1997 | E21: 157.5 | F21: 154.4 | G21: 155 | H21: 155.4 | I21: 156.3 | J21: 156.9 | K21: 157.5 | L21: 157.5 | M21: 158.5 | N21: 159.3 | O21: 159.5 | P21: 159.6 | Q21: 160 | S21: =(SUM(I20:Q20)+SUM(F21:H21))/12 -> 153.725
D22: 1998 | E22: 162.9 | F22: 159.5 | G22: 160.3 | H22: 160.8 | I22: 162.6 | J22: 163.5 | K22: 163.4 | L22: 163 | M22: 163.7 | N22: 164.4 | O22: 164.5 | P22: 164.4 | Q22: 164.4 | S22: =(SUM(I21:Q21)+SUM(F22:H22))/12 -> 158.80833
D23: 1999 | E23: 165.4 | F23: 163.4 | G23: 163.7 | H23: 164.1 | I23: 165.2 | J23: 165.6 | K23: 165.6 | L23: 165.1 | M23: 165.5 | N23: 166.2 | O23: 166.5 | P23: 166.7 | Q23: 167.3 | S23: =(SUM(I22:Q22)+SUM(F23:H23))/12 -> 163.75833
... D33: 2009 | E33: 213.7 | F33: 210.1 | G33: 211.4 | H33: 211.3 | I33: 211.5 | J33: 212.8 | K33: 213.4 | L33: 213.4 | M33: 214.4 | N33: 215.3 | O33: 216 | P33: 216.6 | Q33: 218 | S33: =(SUM(I32:Q32)+SUM(F33:H33))/12 -> 214.78333
D34: 2010 | E34: 223.6 | F34: 217.9 | G34: 219.2 | H34: 220.7 | I34: 222.8 | J34: 223.6 | K34: 224.1 | L34: 223.6 | M34: 224.5 | N34: 225.3 | O34: 225.8 | P34: 226.8 | Q34: 228.4 | S34: =(SUM(I33:Q33)+SUM(F34:H34))/12 -> 215.76667 | T34: =AVERAGE(I34:Q34) -> 224.98889
D35: 2011 | E35: 235.2 | F35: 229 | G35: 231.3 | H35: 232.5 | I35: 234.4 | J35: 235.2 | K35: 235.2 | L35: 234.7 | M35: 236.1 | N35: 237.9 | O35: 238 | P35: 238.5 | Q35: 239.4 | S35: =(SUM(I34:Q34)+SUM(F35:H35))/12 -> 226.475
D36: 2012 | E36: 242.7 | F36: 238 | G36: 239.9 | H36: 240.8 | I36: 242.5 | J36: 242.4 | K36: 241.8 | L36: 242.1 | M36: 243 | N36: 244.2 | O36: 245.6 | P36: 245.6 | Q36: 246.8 | S36: =(SUM(I35:Q35)+SUM(F36:H36))/12 -> 237.34167
D37: 2013 | E37: .. | F37: 245.8 | G37: 247.6 | H37: 248.7 | I37: 249.5 | J37: 250 | K37: 249.7 | L37: 249.7 | M37: 251 | N37: 251.9 | S37: =(SUM(I36:Q36)+SUM(F37:H37))/12 -> 244.675
D39: Key: - zero or negligible .. not available
D41: Source:
D42: Office for National Statistics
D43: Prices Division
D44: 1.227 Cardiff Road
D45: Newport
D46: South Wales
D47: NP10 8XG
D48: Tel: 01633 456900
D50: www.ons.gov.uk

Sheet YBEZ
B4: Gross domestic product index: CVM: Seasonally adjusted
B5: YBEZ
B6: seasonal_adjustment
B7: SA
B8: base_period
B9: 2010
B10: price
B11: CONS
B12: index_period
B13: 2010
A14: 1948 | B14: 19.1
A15: 1949 | B15: 19.8
A16: 1950 | B16: 20.5
A17: 1951 | B17: 21.1
A18: 1952 | B18: 21.2
A19: 1953 | B19: 22.1
A20: 1954 | B20: 23.1
A21: 1955 | B21: 24
A22: 1956 | B22: 24.3
A23: 1957 | B23: 24.7
A24: 1958 | B24: 24.9
A25: 1959 | B25: 26.1
... A78: 2012 | B78: 101.2
