Workbook

Sheet Room Audit Summary
B2: Goal | C2: Unit | D2: Compliance Elements | E2: Concept | F2: Item | G2: Scale | H2: Definition | I2: Minor Def | J2: Major Def | K2: Data | L2: Documents | M2: Score
B3: Accurate Facilities Data | C3: Room | D3: Rooms are identified by a unique alphabetic or numeric code. | E3: Identification | F3: Data | G3: 5 | H3: All rooms reviewed have unique numbers and are posted | K3: CBM 011 | L3: Campus Operating Procedures | M3: ='Room Audit Data'!D43 -> 1
G4: 4 | H4: All rooms identified as unique in the report but not on site | K4: PRT data | L4: Facilities Manual
G5: 3 | H5: >90% of reviewed rooms have unique identification | L5: Meeting notes
G6: 2 | H6: <90% of reviewed rooms have unique identification
B7: A | G7: 1 | H7: 100% of rooms unidentifiable based on unique numbering
D8: Space use (room type) codes reflect actual use. | E8: Room type | F8: Data | G8: 5 | H8: <5% deviation between reported and PRT data | K8: CBM 011 | L8: Facilities Manual | M8: ='Room Audit Data'!G43 -> 0
G9: 4 | H9: 5-6.9% deviation between reported and PRT data | K9: PRT data | L9: Meeting notes
G10: 3 | H10: 7-9.9% deviation between reported and PRT data
G11: 2 | H11: 10-15% deviation between reported and PRT data
B12: B | G12: 1 | H12: >15% deviation between reported and PRT data
D13: Functional category (room use) codes reflect actual use. | F13: Data | G13: 5 | H13: <5% deviation between reported and PRT data | K13: CBM 011 | L13: Facilities Manual | M13: ='Room Audit Data'!J43 -> 0
E14: Room use | G14: 4 | H14: 5-6.9% deviation between reported and PRT data | K14: PRT data | L14: Meeting notes
G15: 3 | H15: 7-9.9% deviation between reported and PRT data
G16: 2 | H16: 10-15% deviation between reported and PRT data
B17: C | G17: 1 | H17: >15% deviation between reported and PRT data
D18: Classification of Instructional Programs(CIP) identifies academic disciplines, instructional programs, and departments. | E18: CIP | F18: Data | G18: 5 | H18: <5% deviation between reported and PRT data | K18: CBM 011 | L18: Facilities Manual | M18: ='Room Audit Data'!M43 -> 0
F20: (+/- 10%) | G20: 4 | H20: 5-6.9% deviation between reported and PRT data | K20: PRT data | L20: Meeting notes
G21: 3 | H21: 7-9.9% deviation between reported and PRT data
G22: 2 | H22: 10-15% deviation between reported and PRT data
B23: D | G23: 1 | H23: >15% deviation between reported and PRT data
D24: Prorated use. | E24: Proration | F24: Data | G24: 5 | H24: <5% deviation between reported and PRT data | K24: CBM 011 | L24: Facilities Manual | M24: ='Room Audit Data'!P43 -> 0
G26: 4 | H26: 5-6.9% deviation between reported and PRT data | K26: PRT data | L26: Meeting notes
G27: 3 | H27: 7-9.9% deviation between reported and PRT data
G28: 2 | H28: 10-15% deviation between reported and PRT data
B29: E | G29: 1 | H29: >15% deviation between reported and PRT data
D30: Reported room area. | E30: Square feet | F30: Data | G30: 5 | H30: <5% deviation between reported and PRT data | K30: CBM 011 | L30: CBM | M30: ='Room Audit Data'!U43 -> #DIV/0!
G32: 4 | H32: 5-6.9% deviation between reported and PRT data | K32: PRT data
G33: 3 | H33: 7-9.9% deviation between reported and PRT data
G34: 2 | H34: 10-15% deviation between reported and PRT data
B35: F.1 | G35: 1 | H35: >15% deviation between reported and PRT data
D36: Number of rooms with a square foot variance greater than 10%. | E36: Variance | F36: Data | G36: 5 | H36: <5 rooms deviation between reported and PRT data | K36: Number of occurrences from F.1 | L36: PRT documentation | M36: ='Room Audit Data'!S42 -> 0
G37: 4 | H37: 5-7 rooms deviation between reported and PRT data
G38: 3 | H38: 8-10 rooms deviation between reported and PRT data
G39: 2 | H39: 11-15 rooms deviation between reported and PRT data
B40: F.2 | G40: 1 | H40: >15 rooms deviation between reported and PRT data

Sheet Room Audit Data
A1: Institution | F1: Audit Data Input Fields | J1: Peer Review Team
A2: Date | F2: Formula Calculated Fields | J2: Room Audit Summary
A3: PRT Team Lead | F3: Data input by THECB
A5: Rooms are identified by a unique alphabetic or numeric code. | E5: Space use (room type) codes reflect actual use. | H5: Functional category (room use) codes reflect actual use. | K5: CIP identifies academic disciplines, instructional programs, and depts. | N5: Prorated use. | Q5: Reported room area.
A6: Bldg | B6: Room # | C6: Observed | D6: Occurrence | E6: Type | F6: Observed | G6: Occurrence | H6: Use | I6: Observed | J6: Occurrence | K6: CIP | L6: Observed | M6: Occurrence | N6: Prorate | O6: Observed | P6: Occurrence | Q6: E&G SF | R6: Observed | S6: Occurrence | T6: Variance | U6: % Diff
D7: =IF(B7=C7,0,1) -> 0 | G7: =IF(E7=F7,0,1) -> 0 | J7: =IF(H7=I7,0,1) -> 0 | M7: =IF(K7=L7,0,1) -> 0 | P7: =IF(N7=O7,0,1) -> 0 | S7: =COUNTIF(U7,">=10%")+COUNTIF(U7,"<=-10%") -> 0 | T7: =Q7-R7 -> 0 | U7: =T7/Q7 -> #DIV/0!
D8: =IF(B8=C8,0,1) -> 0 | G8: =IF(E8=F8,0,1) -> 0 | J8: =IF(H8=I8,0,1) -> 0 | M8: =IF(K8=L8,0,1) -> 0 | P8: =IF(N8=O8,0,1) -> 0 | S8: =COUNTIF(U8,">=10%")+COUNTIF(U8,"<=-10%") -> 0 | T8: =Q8-R8 -> 0 | U8: =T8/Q8 -> #DIV/0!
D9: =IF(B9=C9,0,1) -> 0 | G9: =IF(E9=F9,0,1) -> 0 | J9: =IF(H9=I9,0,1) -> 0 | M9: =IF(K9=L9,0,1) -> 0 | P9: =IF(N9=O9,0,1) -> 0 | S9: =COUNTIF(U9,">=10%")+COUNTIF(U9,"<=-10%") -> 0 | T9: =Q9-R9 -> 0 | U9: =T9/Q9 -> #DIV/0!
D10: =IF(B10=C10,0,1) -> 0 | G10: =IF(E10=F10,0,1) -> 0 | J10: =IF(H10=I10,0,1) -> 0 | M10: =IF(K10=L10,0,1) -> 0 | P10: =IF(N10=O10,0,1) -> 0 | S10: =COUNTIF(U10,">=10%")+COUNTIF(U10,"<=-10%") -> 0 | T10: =Q10-R10 -> 0 | U10: =T10/Q10 -> #DIV/0!
D11: =IF(B11=C11,0,1) -> 0 | G11: =IF(E11=F11,0,1) -> 0 | J11: =IF(H11=I11,0,1) -> 0 | M11: =IF(K11=L11,0,1) -> 0 | P11: =IF(N11=O11,0,1) -> 0 | S11: =COUNTIF(U11,">=10%")+COUNTIF(U11,"<=-10%") -> 0 | T11: =Q11-R11 -> 0 | U11: =T11/Q11 -> #DIV/0!
D12: =IF(B12=C12,0,1) -> 0 | G12: =IF(E12=F12,0,1) -> 0 | J12: =IF(H12=I12,0,1) -> 0 | M12: =IF(K12=L12,0,1) -> 0 | P12: =IF(N12=O12,0,1) -> 0 | S12: =COUNTIF(U12,">=10%")+COUNTIF(U12,"<=-10%") -> 0 | T12: =Q12-R12 -> 0 | U12: =T12/Q12 -> #DIV/0!
D13: =IF(B13=C13,0,1) -> 0 | G13: =IF(E13=F13,0,1) -> 0 | J13: =IF(H13=I13,0,1) -> 0 | M13: =IF(K13=L13,0,1) -> 0 | P13: =IF(N13=O13,0,1) -> 0 | S13: =COUNTIF(U13,">=10%")+COUNTIF(U13,"<=-10%") -> 0 | T13: =Q13-R13 -> 0 | U13: =T13/Q13 -> #DIV/0!
D14: =IF(B14=C14,0,1) -> 0 | G14: =IF(E14=F14,0,1) -> 0 | J14: =IF(H14=I14,0,1) -> 0 | M14: =IF(K14=L14,0,1) -> 0 | P14: =IF(N14=O14,0,1) -> 0 | S14: =COUNTIF(U14,">=10%")+COUNTIF(U14,"<=-10%") -> 0 | T14: =Q14-R14 -> 0 | U14: =T14/Q14 -> #DIV/0!
D15: =IF(B15=C15,0,1) -> 0 | G15: =IF(E15=F15,0,1) -> 0 | J15: =IF(H15=I15,0,1) -> 0 | M15: =IF(K15=L15,0,1) -> 0 | P15: =IF(N15=O15,0,1) -> 0 | S15: =COUNTIF(U15,">=10%")+COUNTIF(U15,"<=-10%") -> 0 | T15: =Q15-R15 -> 0 | U15: =T15/Q15 -> #DIV/0!
D16: =IF(B16=C16,0,1) -> 0 | G16: =IF(E16=F16,0,1) -> 0 | J16: =IF(H16=I16,0,1) -> 0 | M16: =IF(K16=L16,0,1) -> 0 | P16: =IF(N16=O16,0,1) -> 0 | S16: =COUNTIF(U16,">=10%")+COUNTIF(U16,"<=-10%") -> 0 | T16: =Q16-R16 -> 0 | U16: =T16/Q16 -> #DIV/0!
D17: =IF(B17=C17,0,1) -> 0 | G17: =IF(E17=F17,0,1) -> 0 | J17: =IF(H17=I17,0,1) -> 0 | M17: =IF(K17=L17,0,1) -> 0 | P17: =IF(N17=O17,0,1) -> 0 | S17: =COUNTIF(U17,">=10%")+COUNTIF(U17,"<=-10%") -> 0 | T17: =Q17-R17 -> 0 | U17: =T17/Q17 -> #DIV/0!
D18: =IF(B18=C18,0,1) -> 0 | G18: =IF(E18=F18,0,1) -> 0 | J18: =IF(H18=I18,0,1) -> 0 | M18: =IF(K18=L18,0,1) -> 0 | P18: =IF(N18=O18,0,1) -> 0 | S18: =COUNTIF(U18,">=10%")+COUNTIF(U18,"<=-10%") -> 0 | T18: =Q18-R18 -> 0 | U18: =T18/Q18 -> #DIV/0!
... D41: =IF(B41=C41,0,1) -> 0 | G41: =IF(E41=F41,0,1) -> 0 | J41: =IF(H41=I41,0,1) -> 0 | M41: =IF(K41=L41,0,1) -> 0 | P41: =IF(N41=O41,0,1) -> 0 | S41: =COUNTIF(U41,">=10%")+COUNTIF(U41,"<=-10%") -> 0 | T41: =Q41-R41 -> 0 | U41: =T41/Q41 -> #DIV/0!
A42: Occurrence Count | D42: =SUM(D7:D41) -> 0 | G42: =SUM(G7:G41) -> 0 | J42: =SUM(J7:J41) -> 0 | M42: =SUM(M7:M41) -> 0 | P42: =SUM(P7:P41) -> 0 | Q42: =SUM(Q7:Q41) -> 0 | S42: =SUM(S7:S41) -> 0 | T42: =SUM(T7:T41) -> 0
A43: Occurrence Percent | D43: =1-(D42/35) -> 1 | G43: =G42/35 -> 0 | J43: =J42/35 -> 0 | M43: =M42/35 -> 0 | P43: =P42/35 -> 0 | S43: =S42/35 -> 0 | U43: =T42/Q42 -> #DIV/0!
