Workbook
Name OLE_LINK1: Data!#REF!

Sheet GTR Wheat Table

Sheet US
A1: US | D1: Unshipped Balance | F1: Accumulated Exports | H1: Total Commitments | J1: net sales
B2: unshpd/cmts | D2: this year | E2: last year | F2: this year | G2: last year | H2: this year | I2: last year | J2: % change | N2: 2006/07
A3: 38855 | D3: 1821.2 | E3: 1864.7 | F3: 24408.4 | G3: 25531 | H3: 26229.6 | I3: 27395.6 | J3: =+(H3/I3-1)*100 -> -4.2561579 | L3: 2087.6 | M3: 1945.6
A4: =+A3+7 -> 38862 | D4: 1341.4 | E4: 1350.7 | F4: 24828.1 | G4: 26116.5 | H4: =+D4+F4 -> 26169.5 | I4: =+E4+G4 -> 27467.2 | J4: =+(H4/I4-1)*100 -> -4.7245442 | L4: 2500 | M4: 2304.2
A5: 38869 | D5: 3651.1 | E5: 3648.7 | F5: 35.8 | G5: 105.1 | H5: =+D5+F5 -> 3686.9 | I5: =+E5+G5 -> 3753.8 | J5: =+(H5/I5-1)*100 -> -1.782194
A6: =+A5+7 -> 38876 | D6: 3724.1 | E6: 3590.3 | F6: 424 | G6: 493.4 | H6: =+D6+F6 -> 4148.1 | I6: =+E6+G6 -> 4083.7 | J6: =+(H6/I6-1)*100 -> 1.5770012 | O6: =+H6-H5 -> 461.2 | P6: =+I6-I5 -> 329.9
A7: =+A6+7 -> 38883 | D7: 3600.1 | E7: 3775.1 | F7: 864.2 | G7: 821 | H7: =+D7+F7 -> 4464.3 | I7: =+E7+G7 -> 4596.1 | J7: =+(H7/I7-1)*100 -> -2.8676487 | O7: =+H7-H6 -> 316.2 | P7: =+I7-I6 -> 512.4 | Q7: =+O7+O6 -> 777.4 | R7: =+P7+P6 -> 842.3
A8: =+A7+7 -> 38890 | D8: 3769.6 | E8: 3945.6 | F8: 1237.2 | G8: 1238 | H8: =+D8+F8 -> 5006.8 | I8: =+E8+G8 -> 5183.6 | J8: =+(H8/I8-1)*100 -> -3.410757 | N8: 24490 | O8: =+H8-H7 -> 542.5 | P8: =+I8-I7 -> 587.5 | Q8: =+O8+O7 -> 858.7 | R8: =+P8+P7 -> 1099.9
A9: =+A8+7 -> 38897 | D9: 3686.3 | E9: 4119.1 | F9: 1619.2 | G9: 1694.3 | H9: =+D9+F9 -> 5305.5 | I9: =+E9+G9 -> 5813.4 | J9: =+(H9/I9-1)*100 -> -8.7367117 | O9: =+H9-H8 -> 298.7 | P9: =+I9-I8 -> 629.8 | Q9: =+O9+O8 -> 841.2 | R9: =+P9+P8 -> 1217.3
A10: =+A9+7 -> 38904 | D10: 3592.4 | E10: 4125.5 | F10: 1914.4 | G10: 1996.4 | H10: =+D10+F10 -> 5506.8 | I10: =+E10+G10 -> 6121.9 | J10: =+(H10/I10-1)*100 -> -10.047534 | O10: =+H10-H9 -> 201.3 | P10: =+I10-I9 -> 308.5 | Q10: =+O10+O9 -> 500 | R10: =+P10+P9 -> 938.3
A11: =+A10+7 -> 38911 | D11: 3461.2 | E11: 4286.3 | F11: 2374.8 | G11: 2424.6 | H11: =+D11+F11 -> 5836 | I11: =+E11+G11 -> 6710.9 | J11: =+(H11/I11-1)*100 -> -13.037 | O11: =+H11-H10 -> 329.2 | P11: =+I11-I10 -> 589 | Q11: =+O11+O10 -> 530.5 | R11: =+P11+P10 -> 897.5
A12: =+A11+7 -> 38918 | D12: 3399.1 | E12: 4331.2 | F12: 2901.6 | G12: 2902.6 | H12: =+D12+F12 -> 6300.7 | I12: =+E12+G12 -> 7233.8 | J12: =+(H12/I12-1)*100 -> -12.899168 | O12: =+H12-H11 -> 464.7 | P12: =+I12-I11 -> 522.9 | Q12: =+O12+O11 -> 793.9 | R12: =+P12+P11 -> 1111.9
A13: =+A12+7 -> 38925 | D13: 3611.8 | E13: 4569.4 | F13: 3272.2 | G13: 3526.7 | H13: =+D13+F13 -> 6884 | I13: =+E13+G13 -> 8096.1 | J13: =+(H13/I13-1)*100 -> -14.971406 | O13: =+H13-H12 -> 583.3 | P13: =+I13-I12 -> 862.3 | Q13: =+O13+O12 -> 1048 | R13: =+P13+P12 -> 1385.2
A14: =+A13+7 -> 38932 | D14: 3451.1 | E14: 4450.3 | F14: 3828.6 | G14: 4266.7 | H14: =+D14+F14 -> 7279.7 | I14: =+E14+G14 -> 8717 | J14: =+(H14/I14-1)*100 -> -16.488471 | O14: =+H14-H13 -> 395.7 | P14: =+I14-I13 -> 620.9 | Q14: =+O14+O13 -> 979 | R14: =+P14+P13 -> 1483.2
A15: =+A14+7 -> 38939 | D15: 3451.1 | E15: 4350 | F15: 4216.3 | G15: 4835.4 | H15: =+D15+F15 -> 7667.4 | I15: =+E15+G15 -> 9185.4 | J15: =+(H15/I15-1)*100 -> -16.526226 | O15: =+H15-H14 -> 387.7 | P15: =+I15-I14 -> 468.4 | Q15: =+O15+O14 -> 783.4 | R15: =+P15+P14 -> 1089.3
A16: =+A15+7 -> 38946 | D16: 3454 | E16: 4815.1 | F16: 4607 | G16: 5223.7 | H16: =+D16+F16 -> 8061 | I16: =+E16+G16 -> 10038.8 | J16: =+(H16/I16-1)*100 -> -19.701558 | O16: =+H16-H15 -> 393.6 | P16: =+I16-I15 -> 853.4 | Q16: =+O16+O15 -> 781.3 | R16: =+P16+P15 -> 1321.8
A17: =+A16+7 -> 38953 | D17: 3463.9 | E17: 4644.9 | F17: 5032.5 | G17: 5790.7 | H17: =+D17+F17 -> 8496.4 | I17: =+E17+G17 -> 10435.6 | J17: =+(H17/I17-1)*100 -> -18.582544 | O17: =+H17-H16 -> 435.4 | P17: =+I17-I16 -> 396.8 | Q17: =+O17+O16 -> 829 | R17: =+P17+P16 -> 1250.2
A18: =+A17+7 -> 38960 | D18: 3222.1 | E18: 5066.7 | F18: 5657.7 | G18: 6222.9 | H18: =+D18+F18 -> 8879.8 | I18: =+E18+G18 -> 11289.6 | J18: =+(H18/I18-1)*100 -> -21.345309 | O18: =+H18-H17 -> 383.4 | P18: =+I18-I17 -> 854 | Q18: =+O18+O17 -> 818.8 | R18: =+P18+P17 -> 1250.8
A19: =+A18+7 -> 38967 | D19: 3343.4 | E19: 5263 | F19: 5873.7 | G19: 6610.9 | H19: =+D19+F19 -> 9217.1 | I19: =+E19+G19 -> 11873.9 | J19: =+(H19/I19-1)*100 -> -22.375125 | O19: =+H19-H18 -> 337.3 | P19: =+I19-I18 -> 584.3 | Q19: =+O19+O18 -> 720.7 | R19: =+P19+P18 -> 1438.3
A20: =+A19+7 -> 38974 | D20: 3334 | E20: 5252.4 | F20: 6402.6 | G20: 7416.5 | H20: =+D20+F20 -> 9736.6 | I20: =+E20+G20 -> 12668.9 | J20: =+(H20/I20-1)*100 -> -23.145656 | O20: =+H20-H19 -> 519.5 | P20: =+I20-I19 -> 795 | Q20: =+O20+O19 -> 856.8 | R20: =+P20+P19 -> 1379.3
... A22: =+A21+7 -> 38988 | D22: 3303.9 | E22: 5128.1 | F22: 7218.8 | G22: 8607.5 | H22: =+D22+F22 -> 10522.7 | I22: =+E22+G22 -> 13735.6 | J22: =+(H22/I22-1)*100 -> -23.391042 | O22: =+H22-H21 -> 377.7 | P22: =+I22-I21 -> 475.6 | Q22: =+O22+O21 -> 786.1 | R22: =+P22+P21 -> 1066.7
A23: =+A22+7 -> 38995 | D23: 3544.6 | E23: 4807.8 | F23: 7670.5 | G23: 9285 | H23: =+D23+F23 -> 11215.1 | I23: =+E23+G23 -> 14092.8 | J23: =+(H23/I23-1)*100 -> -20.419647 | K23: 25180 | L23: =+K23-H23 -> 13964.9 | O23: =+H23-H22 -> 692.4 | P23: =+I23-I22 -> 357.2 | Q23: =+O23+O22 -> 1070.1 | R23: =+P23+P22 -> 832.8
A24: =+A23+7 -> 39002 | D24: 3405.4 | E24: 4651.4 | F24: 8247 | G24: 9836.7 | H24: =+D24+F24 -> 11652.4 | I24: =+E24+G24 -> 14488.1 | J24: =+(H24/I24-1)*100 -> -19.572615 | K24: 25180 | L24: =+K24-H24 -> 13527.6 | M24: =+L23/33 -> 423.17879 | N24: =+H24-H23 -> 437.3 | O24: =+H24-H23 -> 437.3 | P24: =+I24-I23 -> 395.3 | Q24: =+O24+O23 -> 1129.7 | R24: =+P24+P23 -> 752.5
A25: =+A24+7 -> 39009 | D25: 3438 | E25: 4332 | F25: 8675.2 | G25: 10535.2 | H25: =+D25+F25 -> 12113.2 | I25: =+E25+G25 -> 14867.2 | J25: =+(H25/I25-1)*100 -> -18.523999 | M25: =+L24/33 -> 409.92727 | O25: =+H25-H24 -> 460.8 | P25: =+I25-I24 -> 379.1 | Q25: =+O25+O24 -> 898.1 | R25: =+P25+P24 -> 774.4
A26: =+A25+7 -> 39016 | D26: 4028.2 | E26: 4218.9 | F26: 9023.7 | G26: 11082.2 | H26: =+D26+F26 -> 13051.9 | I26: =+E26+G26 -> 15301.1 | J26: =+(H26/I26-1)*100 -> -14.699597 | O26: =+H26-H25 -> 938.7 | P26: =+I26-I25 -> 433.9 | Q26: =+O26+O25 -> 1399.5 | R26: =+P26+P25 -> 813
A27: =+A26+7 -> 39023 | D27: 4344.2 | E27: 5169 | F27: 9280.7 | G27: 11514.2 | H27: =+D27+F27 -> 13624.9 | I27: =+E27+G27 -> 16683.2 | J27: =+(H27/I27-1)*100 -> -18.331615 | O27: =+H27-H26 -> 573 | P27: =+I27-I26 -> 1382.1 | Q27: =+O27+O26 -> 1511.7 | R27: =+P27+P26 -> 1816
A28: =+A27+7 -> 39030 | D28: 4327.2 | E28: 5355.9 | F28: 9620.8 | G28: 11891.5 | H28: =+D28+F28 -> 13948 | I28: =+E28+G28 -> 17247.4 | J28: =+(H28/I28-1)*100 -> -19.12984 | O28: =+H28-H27 -> 323.1 | P28: =+I28-I27 -> 564.2 | Q28: =+O28+O27 -> 896.1 | R28: =+P28+P27 -> 1946.3
A29: =+A28+7 -> 39037 | D29: 4373.1 | E29: 5336.9 | F29: 9936.3 | G29: 12343.1 | H29: =+D29+F29 -> 14309.4 | I29: =+E29+G29 -> 17680 | J29: =+(H29/I29-1)*100 -> -19.06448 | O29: =+H29-H28 -> 361.4 | P29: =+I29-I28 -> 432.6 | Q29: =+O29+O28 -> 684.5 | R29: =+P29+P28 -> 996.8
A30: =+A29+7 -> 39044 | D30: 4511.7 | E30: 5040.9 | F30: 10344.9 | G30: 12889.8 | H30: =+D30+F30 -> 14856.6 | I30: =+E30+G30 -> 17930.7 | J30: =+(H30/I30-1)*100 -> -17.144339 | O30: =+H30-H29 -> 547.2 | P30: =+I30-I29 -> 250.7 | Q30: =+O30+O29 -> 908.6 | R30: =+P30+P29 -> 683.3
A31: =+A30+7 -> 39051 | D31: 4417.2 | E31: 5001.4 | F31: 10843.3 | G31: 13362.7 | H31: =+D31+F31 -> 15260.5 | I31: =+E31+G31 -> 18364.1 | J31: =+(H31/I31-1)*100 -> -16.900365 | K31: 24490 | L31: 900 | M31: =+K31/L31 -> 27.211111 | O31: =+H31-H30 -> 403.9 | P31: =+I31-I30 -> 433.4 | Q31: =+O31+O30 -> 951.1 | R31: =+P31+P30 -> 684.1
A32: =+A31+7 -> 39058 | D32: 4475.4 | E32: 5018.3 | F32: 11256.2 | G32: 14058.5 | H32: =+D32+F32 -> 15731.6 | I32: =+E32+G32 -> 19076.8 | J32: =+(H32/I32-1)*100 -> -17.535436 | O32: =+H32-H31 -> 471.1 | P32: =+I32-I31 -> 712.7 | Q32: =+O32+O31 -> 875 | R32: =+P32+P31 -> 1146.1
A33: =+A32+7 -> 39065 | D33: 4568 | E33: 5115.7 | F33: 11618.7 | G33: 14483.8 | H33: =+D33+F33 -> 16186.7 | I33: =+E33+G33 -> 19599.5 | J33: =+(H33/I33-1)*100 -> -17.412689 | O33: =+H33-H32 -> 455.1 | P33: =+I33-I32 -> 522.7 | Q33: =+O33+O32 -> 926.2 | R33: =+P33+P32 -> 1235.4
A34: =+A33+7 -> 39072 | D34: 4630.1 | E34: 4833.6 | F34: 11910.7 | G34: 15122.4 | H34: =+D34+F34 -> 16540.8 | I34: =+E34+G34 -> 19956 | J34: =+(H34/I34-1)*100 -> -17.11365 | O34: =+H34-H33 -> 354.1 | P34: =+I34-I33 -> 356.5 | Q34: =+O34+O33 -> 809.2 | R34: =+P34+P33 -> 879.2
A35: =+A34+7 -> 39079 | D35: 4277.2 | E35: 4727.2 | F35: 12398.7 | G35: 15453.2 | H35: =+D35+F35 -> 16675.9 | I35: =+E35+G35 -> 20180.4 | J35: =+(H35/I35-1)*100 -> -17.36586 | O35: =+H35-H34 -> 135.1 | P35: =+I35-I34 -> 224.4 | Q35: =+O35+O34 -> 489.2 | R35: =+P35+P34 -> 580.9
A36: =+A35+7 -> 39086 | D36: 4027.5 | E36: 4493.6 | F36: 12892.8 | G36: 16028.8 | H36: =+D36+F36 -> 16920.3 | I36: =+E36+G36 -> 20522.4 | J36: =+(H36/I36-1)*100 -> -17.552041 | K36: 23810 | L36: 875 | O36: =+H36-H35 -> 244.4 | P36: =+I36-I35 -> 342 | Q36: =+O36+O35 -> 379.5 | R36: =+P36+P35 -> 566.4
A37: =+A36+7 -> 39093 | D37: 4468.4 | E37: 4524.5 | F37: 13276.6 | G37: 16349.7 | H37: =+D37+F37 -> 17745 | I37: =+E37+G37 -> 20874.2 | J37: =+(H37/I37-1)*100 -> -14.990754 | L37: =+L36/L31 -> 0.97222222 | O37: =+H37-H36 -> 824.7 | P37: =+I37-I36 -> 351.8 | Q37: =+O37+O36 -> 1069.1 | R37: =+P37+P36 -> 693.8
A38: =+A37+7 -> 39100 | D38: 4183.8 | E38: 4409.5 | F38: 13807.3 | G38: 16839.7 | H38: =+D38+F38 -> 17991.1 | I38: =+E38+G38 -> 21249.2 | J38: =+(H38/I38-1)*100 -> -15.332813 | O38: =+H38-H37 -> 246.1 | P38: =+I38-I37 -> 375 | Q38: =+O38+O37 -> 1070.8 | R38: =+P38+P37 -> 726.8
A39: =+A38+7 -> 39107 | D39: 4169.7 | E39: 4185.4 | F39: 14381.9 | G39: 17416.5 | H39: =+D39+F39 -> 18551.6 | I39: =+E39+G39 -> 21601.9 | J39: =+(H39/I39-1)*100 -> -14.120517 | O39: =+H39-H38 -> 560.5 | P39: =+I39-I38 -> 352.7 | Q39: =+O39+O38 -> 806.6 | R39: =+P39+P38 -> 727.7
A40: =+A39+7 -> 39114 | D40: 4312.8 | E40: 3897.8 | F40: 14971.4 | G40: 18054.8 | H40: =+D40+F40 -> 19284.2 | I40: =+E40+G40 -> 21952.6 | J40: =+(H40/I40-1)*100 -> -12.15528 | O40: =+H40-H39 -> 732.6 | P40: =+I40-I39 -> 350.7 | Q40: =+O40+O39 -> 1293.1 | R40: =+P40+P39 -> 703.4
A41: =+A40+7 -> 39121 | D41: 4265.2 | E41: 3999.4 | F41: 15380.4 | G41: 18546.9 | H41: =+D41+F41 -> 19645.6 | I41: =+E41+G41 -> 22546.3 | J41: =+(H41/I41-1)*100 -> -12.865526 | O41: =+H41-H40 -> 361.4 | P41: =+I41-I40 -> 593.7 | Q41: =+O41+O40 -> 1094 | R41: =+P41+P40 -> 944.4
A42: =+A41+7 -> 39128 | D42: 4287.4 | E42: 4059.4 | F42: 15809 | G42: 18997.4 | H42: =+D42+F42 -> 20096.4 | I42: =+E42+G42 -> 23056.8 | J42: =+(H42/I42-1)*100 -> -12.839596 | O42: =+H42-H41 -> 450.8 | P42: =+I42-I41 -> 510.5 | Q42: =+O42+O41 -> 812.2 | R42: =+P42+P41 -> 1104.2
A43: =+A42+7 -> 39135 | D43: 3996.6 | E43: 3804.2 | F43: 16421.4 | G43: 19412 | H43: =+D43+F43 -> 20418 | I43: =+E43+G43 -> 23216.2 | J43: =+(H43/I43-1)*100 -> -12.052791 | O43: =+H43-H42 -> 321.6 | P43: =+I43-I42 -> 159.4 | Q43: =+O43+O42 -> 772.4 | R43: =+P43+P42 -> 669.9
A44: =+A43+7 -> 39142 | D44: 3965.4 | E44: 3710 | F44: 16874.5 | G44: 19812.2 | H44: =+D44+F44 -> 20839.9 | I44: =+E44+G44 -> 23522.2 | J44: =+(H44/I44-1)*100 -> -11.40327 | O44: =+H44-H43 -> 421.9 | P44: =+I44-I43 -> 306 | Q44: =+O44+O43 -> 743.5 | R44: =+P44+P43 -> 465.4
A45: =+A44+7 -> 39149 | D45: 3865.1 | E45: 3473.9 | F45: 17418.2 | G45: 20385.6 | H45: =+D45+F45 -> 21283.3 | I45: =+E45+G45 -> 23859.5 | J45: =+(H45/I45-1)*100 -> -10.797376 | O45: =+H45-H44 -> 443.4 | P45: =+I45-I44 -> 337.3 | Q45: =+O45+O44 -> 865.3 | R45: =+P45+P44 -> 643.3
A46: =+A45+7 -> 39156 | D46: 3913.2 | E46: 3511.7 | F46: 17845 | G46: 20780 | H46: =+D46+F46 -> 21758.2 | I46: =+E46+G46 -> 24291.7 | J46: =+(H46/I46-1)*100 -> -10.429488 | O46: =+H46-H45 -> 474.9 | P46: =+I46-I45 -> 432.2 | Q46: =+O46+O45 -> 918.3 | R46: =+P46+P45 -> 769.5
A47: =+A46+7 -> 39163 | D47: 4063.7 | E47: 3570.8 | F47: 18222.9 | G47: 21229.5 | H47: =+D47+F47 -> 22286.6 | I47: =+E47+G47 -> 24800.3 | J47: =+(H47/I47-1)*100 -> -10.135764 | O47: =+H47-H46 -> 528.4 | P47: =+I47-I46 -> 508.6 | Q47: =+O47+O46 -> 1003.3 | R47: =+P47+P46 -> 940.8
A48: =+A47+7 -> 39170 | D48: 3884.1 | E48: 3527.6 | F48: 18616.5 | G48: 21543.8 | H48: =+D48+F48 -> 22500.6 | I48: =+E48+G48 -> 25071.4 | J48: =+(H48/I48-1)*100 -> -10.253915 | O48: =+H48-H47 -> 214 | P48: =+I48-I47 -> 271.1 | Q48: =+O48+O47 -> 742.4 | R48: =+P48+P47 -> 779.7
A49: =+A48+7 -> 39177 | D49: 4192.8 | E49: 3438 | F49: 19001.2 | G49: 21890.4 | H49: =+D49+F49 -> 23194 | I49: =+E49+G49 -> 25328.4 | J49: =+(H49/I49-1)*100 -> -8.4269042 | O49: =+H49-H48 -> 693.4 | P49: =+I49-I48 -> 257 | Q49: =+O49+O48 -> 907.4 | R49: =+P49+P48 -> 528.1
... A52: =+A51+7 -> 39198 | D52: 3477.7 | E52: 2859 | F52: 20490 | G52: 23233.3 | H52: =+D52+F52 -> 23967.7 | I52: =+E52+G52 -> 26092.3 | J52: =+(H52/I52-1)*100 -> -8.1426321 | O52: =+H52-H51 -> 152.7 | P52: =+I52-I51 -> 388.9 | Q52: =+O52+O51 -> 431 | R52: =+P52+P51 -> 553.1
A53: =+A52+7 -> 39205 | D53: 3225.9 | E53: 2578.6 | F53: 20927 | G53: 23546.7 | H53: =+D53+F53 -> 24152.9 | I53: =+E53+G53 -> 26125.3 | J53: =+(H53/I53-1)*100 -> -7.5497698 | K53: 1000.3 | O53: =+H53-H52 -> 185.2 | P53: =+I53-I52 -> 33 | Q53: =+O53+O52 -> 337.9 | R53: =+P53+P52 -> 421.9
A54: =+A53+7 -> 39212 | D54: 2715.8 | E54: 2273.5 | F54: 21493.9 | G54: 23950.8 | H54: =+D54+F54 -> 24209.7 | I54: =+E54+G54 -> 26224.3 | J54: =+(H54/I54-1)*100 -> -7.6821879 | K54: 1337.8 | O54: =+H54-H53 -> 56.8 | P54: =+I54-I53 -> 99 | Q54: =+O54+O53 -> 242 | R54: =+P54+P53 -> 132
A55: =+A54+7 -> 39219 | D55: 2047.8 | E55: 1821.2 | F55: 22025.4 | G55: 24408.4 | H55: =+D55+F55 -> 24073.2 | I55: =+E55+G55 -> 26229.6 | J55: =+(H55/I55-1)*100 -> -8.2212462 | K55: 2138.2 | O55: =+H55-H54 -> -136.5 | P55: =+I55-I54 -> 5.3 | Q55: =+O55+O54 -> -79.7 | R55: =+P55+P54 -> 104.3
A56: =+A55+7 -> 39226 | D56: 1418.5 | E56: 1341.4 | F56: 22405.9 | G56: 24828.1 | H56: =+D56+F56 -> 23824.4 | I56: =+E56+G56 -> 26169.5 | J56: =+(H56/I56-1)*100 -> -8.9611953 | K56: 3096.9 | L56: =+I57 -> 25320 | M56: =+H16 -> 8061 | N56: =+M56/L56 -> 0.31836493 | O56: =+H56-H55 -> -248.8 | P56: =+I56-I55 -> -60.1 | Q56: =+O56+O55 -> -385.3 | R56: =+P56+P55 -> -54.8
A57: =+A56+7 -> 39233 | D57: 4330.9 | H57: 22902.4 | I57: 25320 | L57: =+H58-K56 -> 1647.1 | O57: =+H57-H56 -> -922 | P57: =+I57-I56 -> -849.5 | Q57: =+O57+O56 -> -1170.8 | R57: =+P57+P56 -> -909.6
A58: =+A57+7 -> 39240 | D58: 4476.4 | E58: 3724.1 | F58: 267.6 | G58: 864.5 | H58: =+D58+F58 -> 4744 | I58: =+E58+G58 -> 4588.6 | J58: =+(H58/I58-1)*100 -> 3.3866539 | M58: 1 | O58: =+H58-H57 -> -18158.4 | P58: =+I58-I57 -> -20731.4 | Q58: =+O58+O57 -> -19080.4 | R58: =+P58+P57 -> -21580.9
A59: =+A58+7 -> 39247 | D59: 4646 | E59: 3600.1 | F59: 638.9 | G59: 864.5 | H59: =+D59+F59 -> 5284.9 | I59: =+E59+G59 -> 4464.6 | J59: =+(H59/I59-1)*100 -> 18.373427 | M59: =+M58+1 -> 2 | O59: =+H59-H58 -> 540.9 | P59: =+I59-I58 -> -124 | Q59: =+O59+O58 -> -17617.5 | R59: =+P59+P58 -> -20855.4
A60: =+A59+7 -> 39254 | D60: 4824.9 | E60: 3769.6 | F60: 1082.8 | G60: 1237.2 | H60: =+D60+F60 -> 5907.7 | I60: =+E60+G60 -> 5006.8 | J60: =+(H60/I60-1)*100 -> 17.993529 | K60: =+H60-H59 -> 622.8 | M60: =+M59+1 -> 3 | O60: =+H60-H59 -> 622.8 | P60: =+I60-I59 -> 542.2 | Q60: =+O60+O59 -> 1163.7 | R60: =+P60+P59 -> 418.2
A61: =+A60+7 -> 39261 | D61: 4772.7 | E61: 3686.3 | F61: 1673.3 | G61: 1619.2 | H61: =+D61+F61 -> 6446 | I61: =+E61+G61 -> 5305.5 | J61: =+(H61/I61-1)*100 -> 21.49656 | K61: =+H61-H60 -> 538.3 | M61: =+M60+1 -> 4 | O61: =+H61-H60 -> 538.3 | P61: =+I61-I60 -> 298.7 | Q61: =+O61+O60 -> 1161.1 | R61: =+P61+P60 -> 840.9
A62: =+A61+7 -> 39268 | D62: 5632.94 | E62: 3592.4 | F62: 1996.54 | G62: 1914.4 | H62: =+D62+F62 -> 7629.48 | I62: =+E62+G62 -> 5506.8 | J62: =+(H62/I62-1)*100 -> 38.546524 | K62: =+H62-H61 -> 1183.48 | M62: =+M61+1 -> 5 | O62: =+H62-H61 -> 1183.48 | P62: =+I62-I61 -> 201.3 | Q62: =+O62+O61 -> 1721.78 | R62: =+P62+P61 -> 500
A63: =+A62+7 -> 39275 | D63: 5927 | E63: 3461.2 | F63: 2451.7 | G63: 2374.8 | H63: =+D63+F63 -> 8378.7 | I63: =+E63+G63 -> 5836 | J63: =+(H63/I63-1)*100 -> 43.569225 | K63: =+H63-H62 -> 749.22 | L63: =AVERAGE(K60:K63) -> 773.45 | M63: =+M62+1 -> 6 | O63: =+H63-H62 -> 749.22 | P63: =+I63-I62 -> 329.2 | Q63: =+O63+O62 -> 1932.7 | R63: =+P63+P62 -> 530.5
A64: =+A63+7 -> 39282 | D64: 7572.2 | E64: 3399.1 | F64: 2884 | G64: 2901.6 | H64: =+D64+F64 -> 10456.2 | I64: =+E64+G64 -> 6300.7 | J64: =+(H64/I64-1)*100 -> 65.952989 | K64: =+H64-H63 -> 2077.5 | L64: =AVERAGE(K61:K64) -> 1137.125 | M64: =+M63+1 -> 7
A65: =+A64+7 -> 39289 | D65: 8854.8 | E65: 3611.8 | F65: 3342.7 | G65: 3272.2 | H65: =+D65+F65 -> 12197.5 | I65: =+E65+G65 -> 6884 | J65: =+(H65/I65-1)*100 -> 77.186229 | K65: =+H65-H64 -> 1741.3 | L65: =AVERAGE(K62:K65) -> 1437.875 | M65: =+M64+1 -> 8
A66: =+A65+7 -> 39296 | D66: 8913.7 | E66: 3451.1 | F66: 4174.7 | G66: 3828.6 | H66: =+D66+F66 -> 13088.4 | I66: =+E66+G66 -> 7279.7 | J66: =+(H66/I66-1)*100 -> 79.793123 | K66: =+H66-H65 -> 890.9 | L66: =AVERAGE(K63:K66) -> 1364.73 | M66: =+M65+1 -> 9
A67: =+A66+7 -> 39303 | D67: 9443.1 | E67: 3451.1 | F67: 4831.4 | G67: 4216.3 | H67: =+D67+F67 -> 14274.5 | I67: =+E67+G67 -> 7667.4 | J67: =+(H67/I67-1)*100 -> 86.171323 | K67: =+H67-H66 -> 1186.1 | L67: =AVERAGE(K64:K67) -> 1473.95 | M67: =+M66+1 -> 10
A68: =+A67+7 -> 39310 | D68: 9344.2 | E68: 3454 | F68: 5975.5 | G68: 4607 | H68: =+D68+F68 -> 15319.7 | I68: =+E68+G68 -> 8061 | J68: =+(H68/I68-1)*100 -> 90.047141 | K68: =+H68-H67 -> 1045.2 | L68: =AVERAGE(K65:K68) -> 1215.875 | M68: =+M67+1 -> 11 | Q68: =+O68+O67 -> 0 | R68: =+P68+P67 -> 0
A69: =+A68+7 -> 39317 | D69: 9564.2 | E69: 3463.9 | F69: 6987.4 | G69: 5032.5 | H69: =+D69+F69 -> 16551.6 | I69: =+E69+G69 -> 8496.4 | J69: =+(H69/I69-1)*100 -> 94.807212 | K69: =+H69-H68 -> 1231.9 | L69: =AVERAGE(K66:K69) -> 1088.525 | M69: =+M68+1 -> 12 | Q69: =+O69+O68 -> 0 | R69: =+P69+P68 -> 0
A70: =+A69+7 -> 39324 | D70: 9124.1 | E70: 3222.1 | F70: 8145.8 | G70: 5657.7 | H70: =+D70+F70 -> 17269.9 | I70: =+E70+G70 -> 8879.8 | J70: =+(H70/I70-1)*100 -> 94.485236 | K70: =+H70-H69 -> 718.3 | L70: =AVERAGE(K67:K70) -> 1045.375 | M70: =+M69+1 -> 13
A71: =+A70+7 -> 39331 | D71: 10527.9 | E71: 3343.4 | F71: 8866.9 | G71: 5873.7 | H71: =+D71+F71 -> 19394.8 | I71: =+E71+G71 -> 9217.1 | J71: =+(H71/I71-1)*100 -> 110.42193 | K71: =+H71-H70 -> 2124.9 | L71: =AVERAGE(K68:K71) -> 1280.075 | M71: =+M70+1 -> 14
A72: =+A71+7 -> 39338 | D72: 11047.3 | E72: 3334 | F72: 9787.4 | G72: 6402.6 | H72: =+D72+F72 -> 20834.7 | I72: =+E72+G72 -> 9736.6 | J72: =+(H72/I72-1)*100 -> 113.98332 | M72: =+M71+1 -> 15
A73: =+A72+7 -> 39345 | D73: 11526.7 | E73: 3423.6 | F73: 10821.9 | G73: 6721.4 | H73: =+D73+F73 -> 22348.6 | I73: =+E73+G73 -> 10145 | J73: =+(H73/I73-1)*100 -> 120.29177 | K73: =+H73-H72 -> 1513.9 | M73: =+M72+1 -> 16
A74: =+A73+7 -> 39352 | D74: 11973.3 | E74: 3303.9 | F74: 11973.4 | G74: 7218.8 | H74: =+D74+F74 -> 23946.7 | I74: =+E74+G74 -> 10522.7 | J74: =+(H74/I74-1)*100 -> 127.57182 | K74: =+H74-H73 -> 1598.1 | M74: =+M73+1 -> 17
A75: =+A74+7 -> 39359 | D75: 12025.2 | E75: 3544.6 | F75: 12855.5 | G75: 7662.4 | H75: =+D75+F75 -> 24880.7 | I75: =+E75+G75 -> 11207 | J75: =+(H75/I75-1)*100 -> 122.01035 | K75: =+H75-H74 -> 934 | M75: =+M74+1 -> 18
A76: =+A75+7 -> 39366 | D76: 12019.2 | E76: 3405.4 | F76: 13845.9 | G76: 8247 | H76: =+D76+F76 -> 25865.1 | I76: =+E76+G76 -> 11652.4 | J76: =+(H76/I76-1)*100 -> 121.9723 | K76: =+H76-H75 -> 984.4 | M76: =+M75+1 -> 19
A77: =+A76+7 -> 39373 | D77: 11713.6 | E77: 3438 | F77: 14693.9 | G77: 8675.2 | H77: =+D77+F77 -> 26407.5 | I77: =+E77+G77 -> 12113.2 | J77: =+(H77/I77-1)*100 -> 118.00598 | K77: =+H77-H76 -> 542.4 | M77: =+M76+1 -> 20
A78: =+A77+7 -> 39380 | D78: 11048.2 | E78: 4028.2 | F78: 15533.2 | G78: 9023.7 | H78: =+D78+F78 -> 26581.4 | I78: =+E78+G78 -> 13051.9 | J78: =+(H78/I78-1)*100 -> 103.65924 | K78: =+H78-H77 -> 173.9 | M78: =+M77+1 -> 21
A79: =+A78+7 -> 39387 | D79: 10299.9 | E79: 4344.2 | F79: 16296.1 | G79: 9280.7 | H79: =+D79+F79 -> 26596 | I79: =+E79+G79 -> 13624.9 | J79: =+(H79/I79-1)*100 -> 95.201433 | K79: =+H79-H78 -> 14.6 | M79: =+M78+1 -> 22
A80: =+A79+7 -> 39394 | D80: 10126.3 | E80: 4327.2 | F80: 16885.8 | G80: 9620.3 | H80: =+D80+F80 -> 27012.1 | I80: =+E80+G80 -> 13947.5 | J80: =+(H80/I80-1)*100 -> 93.669833 | K80: =+H80-H79 -> 416.1 | M80: =+M79+1 -> 23
A81: =+A80+7 -> 39401 | D81: 10000.2 | E81: 4373.1 | F81: 17503.6 | G81: 9935.8 | H81: =+D81+F81 -> 27503.8 | I81: =+E81+G81 -> 14308.9 | J81: =+(H81/I81-1)*100 -> 92.214636 | K81: =+H81-H80 -> 491.7
A82: =+A81+7 -> 39408 | D82: 9831.9 | E82: 4511.7 | F82: 18079.4 | G82: 10344.9 | H82: =+D82+F82 -> 27911.3 | I82: =+E82+G82 -> 14856.6 | J82: =+(H82/I82-1)*100 -> 87.871384 | K82: =+H82-H81 -> 407.5
A83: =+A82+7 -> 39415 | D83: 9416 | E83: 4417.2 | F83: 18731.3 | G83: 10843.3 | H83: =+D83+F83 -> 28147.3 | I83: =+E83+G83 -> 15260.5 | J83: =+(H83/I83-1)*100 -> 84.445464 | K83: =+H83-H82 -> 236
A84: =+A83+7 -> 39422 | D84: 9265.9 | E84: 4475.4 | F84: 19395.2 | G84: 11256.2 | H84: =+D84+F84 -> 28661.1 | I84: =+E84+G84 -> 15731.6 | J84: =+(H84/I84-1)*100 -> 82.18808 | K84: =+H84-H83 -> 513.8
A85: =+A84+7 -> 39429 | D85: 8946.1 | E85: 4568 | F85: 19906 | G85: 11618.7 | H85: =+D85+F85 -> 28852.1 | I85: =+E85+G85 -> 16186.7 | J85: =+(H85/I85-1)*100 -> 78.24572 | K85: =+H85-H84 -> 191
A86: =+A85+7 -> 39436 | D86: 8863.8 | E86: 4630.1 | F86: 20287.2 | G86: 11910.7 | H86: =+D86+F86 -> 29151 | I86: =+E86+G86 -> 16540.8 | J86: =+(H86/I86-1)*100 -> 76.236941 | K86: =+H86-H85 -> 298.9 | L86: =+F86-F85 -> 381.2 | M86: =+G86-G85 -> 292
A87: =+A86+7 -> 39443 | D87: 8544.9 | E87: 4277.2 | F87: 20724.8 | G87: 12398.7 | H87: =+D87+F87 -> 29269.7 | I87: =+E87+G87 -> 16675.9 | J87: =+(H87/I87-1)*100 -> 75.520961 | K87: =+H87-H86 -> 118.7 | L87: =+F87-F86 -> 437.6 | M87: =+G87-G86 -> 488 | N87: =+I87-I86 -> 135.1
A88: =+A87+7 -> 39450 | D88: 8265.3 | E88: 4027.5 | F88: 21195.3 | G88: 12892.8 | H88: =+D88+F88 -> 29460.6 | I88: =+E88+G88 -> 16920.3 | J88: =+(H88/I88-1)*100 -> 74.113934 | K88: =+H88-H87 -> 190.9 | L88: =+F88-F87 -> 470.5 | M88: =+G88-G87 -> 494.1 | N88: =+I88-I87 -> 244.4
A89: =+A88+7 -> 39457 | D89: 7966.2 | E89: 4468.4 | F89: 21899.2 | G89: 13276.6 | H89: =+D89+F89 -> 29865.4 | I89: =+E89+G89 -> 17745 | J89: =+(H89/I89-1)*100 -> 68.303184 | K89: =+H89-H88 -> 404.8 | L89: =+F89-F88 -> 703.9 | M89: =+G89-G88 -> 383.8 | N89: =+I89-I88 -> 824.7
A90: =+A89+7 -> 39464 | D90: 7894.1 | E90: 4183.8 | F90: 22394 | G90: 13807.3 | H90: =+D90+F90 -> 30288.1 | I90: =+E90+G90 -> 17991.1 | J90: =+(H90/I90-1)*100 -> 68.350462 | K90: =+H90-H89 -> 422.7 | L90: =+F90-F89 -> 494.8 | M90: =+G90-G89 -> 530.7 | N90: =+I90-I89 -> 246.1
A91: =+A90+7 -> 39471 | D91: 7779 | E91: 4169.7 | F91: 23017.9 | G91: 14381.9 | H91: =+D91+F91 -> 30796.9 | I91: =+E91+G91 -> 18551.6 | J91: =+(H91/I91-1)*100 -> 66.006706 | K91: =+H91-H90 -> 508.8 | L91: =+F91-F90 -> 623.9 | M91: =+G91-G90 -> 574.6 | N91: =+I91-I90 -> 560.5
A92: =+A91+7 -> 39478 | D92: 7631.4 | E92: 4312.8 | F92: 23478.3 | G92: 14971.4 | H92: =+D92+F92 -> 31109.7 | I92: =+E92+G92 -> 19284.2 | J92: =+(H92/I92-1)*100 -> 61.322222 | K92: =+H92-H91 -> 312.8 | L92: =+F92-F91 -> 460.4 | M92: =+G92-G91 -> 589.5 | N92: =+I92-I91 -> 732.6
A93: =+A92+7 -> 39485 | D93: 7167.6 | E93: 4265.2 | F93: 24025.1 | G93: 15380.4 | H93: =+D93+F93 -> 31192.7 | I93: =+E93+G93 -> 19645.6 | J93: =+(H93/I93-1)*100 -> 58.777029 | K93: =+H93-H92 -> 83 | L93: =+F93-F92 -> 546.8 | M93: =+G93-G92 -> 409 | N93: =+I93-I92 -> 361.4
A94: =+A93+7 -> 39492 | D94: 6657.9 | E94: 4287.4 | F94: 24635.8 | G94: 15808.9 | H94: =+D94+F94 -> 31293.7 | I94: =+E94+G94 -> 20096.3 | J94: =+(H94/I94-1)*100 -> 55.718714 | K94: =+H94-H93 -> 101 | L94: =+F94-F93 -> 610.7 | M94: =+G94-G93 -> 428.5 | N94: =+I94-I93 -> 450.7
A95: =+A94+7 -> 39499 | D95: 6456.2 | E95: 3996.6 | F95: 25146.1 | G95: 16421.4 | H95: =+D95+F95 -> 31602.3 | I95: =+E95+G95 -> 20418 | J95: =+(H95/I95-1)*100 -> 54.776668 | K95: =+H95-H94 -> 308.6 | L95: =+F95-F94 -> 510.3 | M95: =+G95-G94 -> 612.5 | N95: =+I95-I94 -> 321.7
A96: =+A95+7 -> 39506 | D96: 6408.6 | E96: 3965.4 | F96: 25625.7 | G96: 16874.5 | H96: =+D96+F96 -> 32034.3 | I96: =+E96+G96 -> 20839.9 | J96: =+(H96/I96-1)*100 -> 53.716189 | K96: =+H96-H95 -> 432 | L96: =+F96-F95 -> 479.6 | M96: =+G96-G95 -> 453.1 | N96: =+I96-I95 -> 421.9
A97: =+A96+7 -> 39513 | D97: 6112.8 | E97: 3865.1 | F97: 26131.5 | G97: 17418.2 | H97: =+D97+F97 -> 32244.3 | I97: =+E97+G97 -> 21283.3 | J97: =+(H97/I97-1)*100 -> 51.500472 | K97: =+H97-H96 -> 210 | L97: =+F97-F96 -> 505.8 | M97: =+G97-G96 -> 543.7 | N97: =+I97-I96 -> 443.4
A98: =+A97+7 -> 39520 | D98: 5565.9 | E98: 3913.2 | F98: 26695.9 | G98: 17845 | H98: =+D98+F98 -> 32261.8 | I98: =+E98+G98 -> 21758.2 | J98: =+(H98/I98-1)*100 -> 48.274214 | K98: =+H98-H97 -> 17.5 | L98: =+F98-F97 -> 564.4 | M98: =+G98-G97 -> 426.8 | N98: =+I98-I97 -> 474.9
... A103: =+A102+7 -> 39555 | D103: 4311.7 | E103: 3770.7 | F103: 29338.6 | G103: 20044.5 | H103: =+D103+F103 -> 33650.3 | I103: =+E103+G103 -> 23815.2 | J103: =+(H103/I103-1)*100 -> 41.297575 | K103: =+H103-H102 -> 158 | L103: =+F103-F102 -> 550.4 | M103: =+G103-G102 -> 349.3 | N103: =+I103-I102 -> 278.3
A104: =+A103+7 -> 39562 | D104: 3912.8 | E104: 3477.7 | F104: 29913.6 | G104: 20490.1 | H104: =+D104+F104 -> 33826.4 | I104: =+E104+G104 -> 23967.8 | J104: =+(H104/I104-1)*100 -> 41.132686 | K104: =+H104-H103 -> 176.1 | L104: =+F104-F103 -> 575 | M104: =+G104-G103 -> 445.6 | N104: =+I104-I103 -> 152.6 | O104: 3632.6
A105: =+A104+7 -> 39569 | D105: 3459.7 | E105: 3225.9 | F105: 30545.6 | G105: 20927 | H105: =+D105+F105 -> 34005.3 | I105: =+E105+G105 -> 24152.9 | J105: =+(H105/I105-1)*100 -> 40.791789 | K105: =+H105-H104 -> 178.9 | L105: =+F105-F104 -> 632 | M105: =+G105-G104 -> 436.9 | N105: =+I105-I104 -> 185.1 | O105: 3945.5
A106: =+A105+7 -> 39576 | D106: 2980.3 | E106: 2715.8 | F106: 31145.7 | G106: 21493.9 | H106: =+D106+F106 -> 34126 | I106: =+E106+G106 -> 24209.7 | J106: =+(H106/I106-1)*100 -> 40.960028 | K106: =+H106-H105 -> 120.7 | L106: =+F106-F105 -> 600.1 | M106: =+G106-G105 -> 566.9 | N106: =+I106-I105 -> 56.8 | O106: 4389
A107: =+A106+7 -> 39583 | D107: 2752.4 | E107: 2047.8 | F107: 31447.5 | G107: 22025.4 | H107: =+D107+F107 -> 34199.9 | I107: =+E107+G107 -> 24073.2 | J107: =+(H107/I107-1)*100 -> 42.066281 | K107: =+H107-H106 -> 73.9 | L107: =+F107-F106 -> 301.8 | M107: =+G107-G106 -> 531.5 | N107: =+I107-I106 -> -136.5 | O107: 4783.1
...

Sheet Nigeria
A1: NIGERIA | B1: Unshipped Balance | D1: Accumulated Exports | F1: Total Commitments | K1: 4 Not included - FAS Press Release: 300,000 mt on 05/07 to Iraq for 2008/09.
A2: EXPORT SALES, Nigeria | B2: this year | C2: last year | D2: this year | E2: last year | F2: this year | G2: last year | H2: % change | I2: 2006
A3: =Japan!A3 -> 38855 | B3: 203.9 | C3: 154.4 | D3: 2957.1 | E3: 2434.4 | F3: =+B3+D3 -> 3161 | G3: =+C3+E3 -> 2588.8 | H3: =+(F3/G3-1)*100 -> 22.102905 | I3: 91.5
A4: =Japan!A4 -> 38862 | B4: 134.2 | C4: 120.9 | D4: 3003.6 | E4: 2496.2 | F4: =+B4+D4 -> 3137.8 | G4: =+C4+E4 -> 2617.1 | H4: =+(F4/G4-1)*100 -> 19.896068 | I4: 111.8
A5: =+A4+7 -> 38869 | B5: 215 | C5: 499.8 | D5: 29.7 | E5: 47.6 | F5: =+B5+D5 -> 244.7 | G5: =+C5+E5 -> 547.4 | H5: =+(F5/G5-1)*100 -> -55.297771
A6: =+A5+7 -> 38876 | B6: 203.3 | C6: 463.4 | D6: 59.3 | E6: 117 | F6: =+B6+D6 -> 262.6 | G6: =+C6+E6 -> 580.4 | H6: =+(F6/G6-1)*100 -> -54.755341
A7: =+A6+7 -> 38883 | B7: 272.7 | C7: 482.6 | D7: 98 | E7: 118.7 | F7: =+B7+D7 -> 370.7 | G7: =+C7+E7 -> 601.3 | H7: =+(F7/G7-1)*100 -> -38.350241
A8: =+A7+7 -> 38890 | B8: 248.7 | C8: 517 | D8: 147.3 | E8: 195.1 | F8: =+B8+D8 -> 396 | G8: =+C8+E8 -> 712.1 | H8: =+(F8/G8-1)*100 -> -44.389833
A9: =+A8+7 -> 38897 | B9: 305.7 | C9: 539.8 | D9: 184.6 | E9: 244.3 | F9: =+B9+D9 -> 490.3 | G9: =+C9+E9 -> 784.1 | H9: =+(F9/G9-1)*100 -> -37.46971
A10: =+A9+7 -> 38904 | B10: 297.7 | C10: 516.6 | D10: 206.4 | E10: 331.7 | F10: =+B10+D10 -> 504.1 | G10: =+C10+E10 -> 848.3 | H10: =+(F10/G10-1)*100 -> -40.575268
A11: =+A10+7 -> 38911 | B11: 275.1 | C11: 563.7 | D11: 300.3 | E11: 400.5 | F11: =+B11+D11 -> 575.4 | G11: =+C11+E11 -> 964.2 | H11: =+(F11/G11-1)*100 -> -40.323584
A12: =+A11+7 -> 38918 | B12: 250.1 | C12: 552 | D12: 330.2 | E12: 412.2 | F12: =+B12+D12 -> 580.3 | G12: =+C12+E12 -> 964.2 | H12: =+(F12/G12-1)*100 -> -39.815391
A13: =+A12+7 -> 38925 | B13: 360.8 | C13: 724.4 | D13: 435 | E13: 532.7 | F13: =+B13+D13 -> 795.8 | G13: =+C13+E13 -> 1257.1 | H13: =+(F13/G13-1)*100 -> -36.695569
A14: =+A13+7 -> 38932 | B14: 280 | C14: 642.3 | D14: 544.7 | E14: 696.6 | F14: =+B14+D14 -> 824.7 | G14: =+C14+E14 -> 1338.9 | H14: =+(F14/G14-1)*100 -> -38.404661
A15: =+A14+7 -> 38939 | B15: 284.2 | C15: 594.8 | D15: 560.5 | E15: 810.6 | F15: =+B15+D15 -> 844.7 | G15: =+C15+E15 -> 1405.4 | H15: =+(F15/G15-1)*100 -> -39.896115
A16: =+A15+7 -> 38946 | B16: 306.1 | C16: 671.9 | D16: 663 | E16: 879.1 | F16: =+B16+D16 -> 969.1 | G16: =+C16+E16 -> 1551 | H16: =+(F16/G16-1)*100 -> -37.51773
... A52: =+A51+7 -> 39198 | B52: 232.3 | C52: 226 | D52: 2260.4 | E52: 2840.4 | F52: =+B52+D52 -> 2492.7 | G52: =+C52+E52 -> 3066.4 | H52: =+(F52/G52-1)*100 -> -18.709236
A53: =+A52+7 -> 39205 | B53: 214.2 | C53: 246.9 | D53: 2293.4 | E53: 2864.5 | F53: =+B53+D53 -> 2507.6 | G53: =+C53+E53 -> 3111.4 | H53: =+(F53/G53-1)*100 -> -19.406055 | I53: 114.5
A54: =+A53+7 -> 39212 | B54: 210.1 | C54: 261.8 | D54: 2311 | E54: 2915.6 | F54: =+B54+D54 -> 2521.1 | G54: =+C54+E54 -> 3177.4 | H54: =+(F54/G54-1)*100 -> -20.655253 | I54: 114.5
A55: =+A54+7 -> 39219 | B55: 241.6 | C55: 203.9 | D55: 2362.5 | E55: 2957.1 | F55: =+B55+D55 -> 2604.1 | G55: =+C55+E55 -> 3161 | H55: =+(F55/G55-1)*100 -> -17.617842 | I55: 144.5
A56: =+A55+7 -> 39226 | B56: 218.5 | C56: 134.2 | D56: 2387.8 | E56: 3003.6 | F56: =+B56+D56 -> 2606.3 | G56: =+C56+E56 -> 3137.8 | H56: =+(F56/G56-1)*100 -> -16.938619 | I56: 144.5
A57: =+A56+7 -> 39233 | D57: 2441.2 | E57: 3035.6 | F57: 2441.2 | G57: 3035.6 | H57: =+(F57/G57-1)*100 -> -19.580972
A58: =+A57+7 -> 39240 | B58: 423.7 | C58: 203.3 | D58: 25.5 | E58: 59.3 | F58: =+B58+D58 -> 449.2 | G58: =+C58+E58 -> 262.6 | H58: =+(F58/G58-1)*100 -> 71.058644
A59: =+A58+7 -> 39247 | B59: 410.7 | C59: 272.7 | D59: 104.4 | E59: 59.3 | F59: =+B59+D59 -> 515.1 | G59: =+C59+E59 -> 332 | H59: =+(F59/G59-1)*100 -> 55.150602
A60: =+A59+7 -> 39254 | B60: 410.8 | C60: 248.7 | D60: 104.4 | E60: 147.3 | F60: =+B60+D60 -> 515.2 | G60: =+C60+E60 -> 396 | H60: =+(F60/G60-1)*100 -> 30.10101
A61: =+A60+7 -> 39261 | B61: 375 | C61: 305.7 | D61: 165.7 | E61: 184.6 | F61: =+B61+D61 -> 540.7 | G61: =+C61+E61 -> 490.3 | H61: =+(F61/G61-1)*100 -> 10.279421
A62: =+A61+7 -> 39268 | B62: 400 | C62: 297.7 | D62: 192.3 | E62: 206.4 | F62: =+B62+D62 -> 592.3 | G62: =+C62+E62 -> 504.1 | H62: =+(F62/G62-1)*100 -> 17.496528
A63: =+A62+7 -> 39275 | B63: 474.4 | C63: 275.1 | D63: 257.9 | E63: 300.3 | F63: =+B63+D63 -> 732.3 | G63: =+C63+E63 -> 575.4 | H63: =+(F63/G63-1)*100 -> 27.267987
A64: =+A63+7 -> 39282 | B64: 434.1 | C64: 250.1 | D64: 359.9 | E64: 330.2 | F64: =+B64+D64 -> 794 | G64: =+C64+E64 -> 580.3 | H64: =+(F64/G64-1)*100 -> 36.82578
A65: =+A64+7 -> 39289 | B65: 462.6 | C65: 360.8 | D65: 378.9 | E65: 435 | F65: =+B65+D65 -> 841.5 | G65: =+C65+E65 -> 795.8 | H65: =+(F65/G65-1)*100 -> 5.7426489
A66: =+A65+7 -> 39296 | B66: 411.9 | C66: 280 | D66: 478.5 | E66: 544.7 | F66: =+B66+D66 -> 890.4 | G66: =+C66+E66 -> 824.7 | H66: =+(F66/G66-1)*100 -> 7.9665333
A67: =+A66+7 -> 39303 | B67: 470.6 | C67: 284.2 | D67: 550.4 | E67: 560.5 | F67: =+B67+D67 -> 1021 | G67: =+C67+E67 -> 844.7 | H67: =+(F67/G67-1)*100 -> 20.871315
A68: =+A67+7 -> 39310 | B68: 462.7 | C68: 306.1 | D68: 619.6 | E68: 663 | F68: =+B68+D68 -> 1082.3 | G68: =+C68+E68 -> 969.1 | H68: =+(F68/G68-1)*100 -> 11.680941
A69: =+A68+7 -> 39317 | B69: 408.8 | C69: 337.1 | D69: 742.8 | E69: 687 | F69: =+B69+D69 -> 1151.6 | G69: =+C69+E69 -> 1024.1 | H69: =+(F69/G69-1)*100 -> 12.449956 | I69: 6
A70: =+A69+7 -> 39324 | B70: 393.8 | C70: 261.7 | D70: 763.9 | E70: 794.3 | F70: =+B70+D70 -> 1157.7 | G70: =+C70+E70 -> 1056 | H70: =+(F70/G70-1)*100 -> 9.6306818
A71: =+A70+7 -> 39331 | B71: 444.5 | C71: 279.7 | D71: 835.3 | E71: 794.3 | F71: =+B71+D71 -> 1279.8 | G71: =+C71+E71 -> 1074 | H71: =+(F71/G71-1)*100 -> 19.162011
A72: =+A71+7 -> 39338 | B72: 619.6 | C72: 237.9 | D72: 842.6 | E72: 877.8 | F72: =+B72+D72 -> 1462.2 | G72: =+C72+E72 -> 1115.7 | H72: =+(F72/G72-1)*100 -> 31.056736
A73: =+A72+7 -> 39345 | B73: 584.5 | C73: 295.9 | D73: 939.5 | E73: 879.4 | F73: =+B73+D73 -> 1524 | G73: =+C73+E73 -> 1175.3 | H73: =+(F73/G73-1)*100 -> 29.669021
A74: =+A73+7 -> 39352 | B74: 636.7 | C74: 255.4 | D74: 997.3 | E74: 973.1 | F74: =+B74+D74 -> 1634 | G74: =+C74+E74 -> 1228.5 | H74: =+(F74/G74-1)*100 -> 33.007733
A75: =+A74+7 -> 39359 | B75: 579 | C75: 233.4 | D75: 1050.8 | E75: 999.6 | F75: =+B75+D75 -> 1629.8 | G75: =+C75+E75 -> 1233 | H75: =+(F75/G75-1)*100 -> 32.181671
A76: =+A75+7 -> 39366 | B76: 571 | C76: 200 | D76: 1068.6 | E76: 1057.1 | F76: =+B76+D76 -> 1639.6 | G76: =+C76+E76 -> 1257.1 | H76: =+(F76/G76-1)*100 -> 30.427174
A77: =+A76+7 -> 39373 | B77: 590.3 | C77: 321.4 | D77: 1149 | E77: 1057.1 | F77: =+B77+D77 -> 1739.3 | G77: =+C77+E77 -> 1378.5 | H77: =+(F77/G77-1)*100 -> 26.173377
A78: =+A77+7 -> 39380 | B78: 637.5 | C78: 289.9 | D78: 1186.7 | E78: 1088.6 | F78: =+B78+D78 -> 1824.2 | G78: =+C78+E78 -> 1378.5 | H78: =+(F78/G78-1)*100 -> 32.332245
A79: =+A78+7 -> 39387 | B79: 612.1 | C79: 297.4 | D79: 1212 | E79: 1109.6 | F79: =+B79+D79 -> 1824.1 | G79: =+C79+E79 -> 1407 | H79: =+(F79/G79-1)*100 -> 29.644634
A80: =+A79+7 -> 39394 | B80: 619.6 | C80: 316.8 | D80: 1233.1 | E80: 1169.4 | F80: =+B80+D80 -> 1852.7 | G80: =+C80+E80 -> 1486.2 | H80: =+(F80/G80-1)*100 -> 24.660207 | I80: 30
A81: =+A80+7 -> 39401 | B81: 544.6 | C81: 289.8 | D81: 1317.6 | E81: 1200 | F81: =+B81+D81 -> 1862.2 | G81: =+C81+E81 -> 1489.8 | H81: =+(F81/G81-1)*100 -> 24.996644
A82: =+A81+7 -> 39408 | B82: 535.6 | C82: 260.9 | D82: 1346.7 | E82: 1224.3 | F82: =+B82+D82 -> 1882.3 | G82: =+C82+E82 -> 1485.2 | H82: =+(F82/G82-1)*100 -> 26.73714
A83: =+A82+7 -> 39415 | B83: 544.4 | C83: 232.8 | D83: 1410.4 | E83: 1256.2 | F83: =+B83+D83 -> 1954.8 | G83: =+C83+E83 -> 1489 | H83: =+(F83/G83-1)*100 -> 31.28274
A84: =+A83+7 -> 39422 | B84: 450.9 | C84: 305.3 | D84: 1475 | E84: 1274.2 | F84: =+B84+D84 -> 1925.9 | G84: =+C84+E84 -> 1579.5 | H84: =+(F84/G84-1)*100 -> 21.930991
A85: =+A84+7 -> 39429 | B85: 476 | C85: 280.3 | D85: 1519.7 | E85: 1299.2 | F85: =+B85+D85 -> 1995.7 | G85: =+C85+E85 -> 1579.5 | H85: =+(F85/G85-1)*100 -> 26.350111
A86: =+A85+7 -> 39436 | B86: 461.1 | C86: 352.2 | D86: 1540.6 | E86: 1299.2 | F86: =+B86+D86 -> 2001.7 | G86: =+C86+E86 -> 1651.4 | H86: =+(F86/G86-1)*100 -> 21.212305
A87: =+A86+7 -> 39443 | B87: 510.1 | C87: 352.2 | D87: 1544.1 | E87: 1299.2 | F87: =+B87+D87 -> 2054.2 | G87: =+C87+E87 -> 1651.4 | H87: =+(F87/G87-1)*100 -> 24.391425
A88: =+A87+7 -> 39450 | B88: 495 | C88: 351.3 | D88: 1609.4 | E88: 1338.1 | F88: =+B88+D88 -> 2104.4 | G88: =+C88+E88 -> 1689.4 | H88: =+(F88/G88-1)*100 -> 24.564934
A89: =+A88+7 -> 39457 | B89: 420.5 | C89: 401.1 | D89: 1650.9 | E89: 1363.5 | F89: =+B89+D89 -> 2071.4 | G89: =+C89+E89 -> 1764.6 | H89: =+(F89/G89-1)*100 -> 17.386377
A90: =+A89+7 -> 39464 | B90: 417.9 | C90: 375.1 | D90: 1701 | E90: 1425 | F90: =+B90+D90 -> 2118.9 | G90: =+C90+E90 -> 1800.1 | H90: =+(F90/G90-1)*100 -> 17.710127
A91: =+A90+7 -> 39471 | B91: 444.8 | C91: 491.2 | D91: 1701 | E91: 1509.7 | F91: =+B91+D91 -> 2145.8 | G91: =+C91+E91 -> 2000.9 | H91: =+(F91/G91-1)*100 -> 7.2417412
A92: =+A91+7 -> 39478 | B92: 454.9 | C92: 471 | D92: 1730.9 | E92: 1550.9 | F92: =+B92+D92 -> 2185.8 | G92: =+C92+E92 -> 2021.9 | H92: =+(F92/G92-1)*100 -> 8.1062367
... A104: =+A103+7 -> 39562 | B104: 342.7 | C104: 232.3 | D104: 2274.8 | E104: 2260.4 | F104: =+B104+D104 -> 2617.5 | G104: =+C104+E104 -> 2492.7 | H104: =+(F104/G104-1)*100 -> 5.0066193
A105: =+A104+7 -> 39569 | B105: 298.3 | C105: 214.2 | D105: 2350.9 | E105: 2293.4 | F105: =+B105+D105 -> 2649.2 | G105: =+C105+E105 -> 2507.6 | H105: =+(F105/G105-1)*100 -> 5.6468336 | I105: 70.5
A106: =+A105+7 -> 39576 | B106: 268.7 | C106: 210.1 | D106: 2382.7 | E106: 2311 | F106: =+B106+D106 -> 2651.4 | G106: =+C106+E106 -> 2521.1 | H106: =+(F106/G106-1)*100 -> 5.1683789 | I106: 154.5
A107: =+A106+7 -> 39583 | B107: 225.6 | C107: 241.6 | D107: 2462.7 | E107: 2362.5 | F107: =+B107+D107 -> 2688.3 | G107: =+C107+E107 -> 2604.1 | H107: =+(F107/G107-1)*100 -> 3.2333628 | I107: 214.5
A108: =+A107+7 -> 39590 | B108: 225.6 | C108: 218.5 | D108: 2488.4 | E108: 2387.8 | F108: =+B108+D108 -> 2714 | G108: =+C108+E108 -> 2606.3 | H108: =+(F108/G108-1)*100 -> 4.1322948 | I108: 239.5
A109: =+A108+7 -> 39597 | B109: 163.3 | C109: 152.6 | D109: 2577.5 | E109: 2441.2 | F109: =+B109+D109 -> 2740.8 | G109: =+C109+E109 -> 2593.8 | H109: =+(F109/G109-1)*100 -> 5.6673606 | I109: 278.3
A110: =+A109+7 -> 39604 | B110: 472.4 | C110: 423.7 | D110: 4.3 | E110: 25.5 | F110: =+B110+D110 -> 476.7 | G110: =+C110+E110 -> 449.2 | H110: =+(F110/G110-1)*100 -> 6.1219947
A111: =+A110+7 -> 39611 | B111: 472.4 | C111: 423.7 | D111: 4.3 | E111: 25.5 | F111: =+B111+D111 -> 476.7 | G111: =+C111+E111 -> 449.2 | H111: =+(F111/G111-1)*100 -> 6.1219947
A112: =+A111+7 -> 39618 | B112: 548.4 | C112: 410.8 | D112: 106.7 | E112: 104.4 | F112: =+B112+D112 -> 655.1 | G112: =+C112+E112 -> 515.2 | H112: =+(F112/G112-1)*100 -> 27.154503
A113: =+A112+7 -> 39625 | B113: 550 | C113: 375 | D113: 191.3 | E113: 161.7 | F113: =+B113+D113 -> 741.3 | G113: =+C113+E113 -> 536.7 | H113: =+(F113/G113-1)*100 -> 38.121856
A114: =+A113+7 -> 39632 | B114: 627.1 | C114: 400 | D114: 214.2 | E114: 188.3 | F114: =+B114+D114 -> 841.3 | G114: =+C114+E114 -> 588.3 | H114: =+(F114/G114-1)*100 -> 43.005269
A115: =+A114+7 -> 39639 | B115: 737.8 | C115: 474.4 | D115: 285.5 | E115: 258.1 | F115: =+B115+D115 -> 1023.3 | G115: =+C115+E115 -> 732.5 | H115: =+(F115/G115-1)*100 -> 39.699659
A116: =+A115+7 -> 39646 | B116: 714.7 | C116: 434.1 | D116: 320.4 | E116: 360.1 | F116: =+B116+D116 -> 1035.1 | G116: =+C116+E116 -> 794.2 | H116: =+(F116/G116-1)*100 -> 30.33241
A117: =+A116+7 -> 39653 | B117: 694.6 | C117: 462.6 | D117: 446.3 | E117: 379.1 | F117: =+B117+D117 -> 1140.9 | G117: =+C117+E117 -> 841.7 | H117: =+(F117/G117-1)*100 -> 35.547107
A118: =+A117+7 -> 39660 | B118: 783.4 | C118: 411.9 | D118: 490 | E118: 478.7 | F118: =+B118+D118 -> 1273.4 | G118: =+C118+E118 -> 890.6 | H118: =+(F118/G118-1)*100 -> 42.982259
A119: =+A118+7 -> 39667 | B119: 783.8 | C119: 470.6 | D119: 577.8 | E119: 550.6 | F119: =+B119+D119 -> 1361.6 | G119: =+C119+E119 -> 1021.2 | H119: =+(F119/G119-1)*100 -> 33.333333
A120: =+A119+7 -> 39674 | B120: 684.1 | C120: 462.7 | D120: 683.5 | E120: 619.6 | F120: =+B120+D120 -> 1367.6 | G120: =+C120+E120 -> 1082.3 | H120: =+(F120/G120-1)*100 -> 26.360529
A121: =+A120+7 -> 39681 | B121: 682.2 | C121: 408.8 | D121: 741.3 | E121: 742.8 | F121: =+B121+D121 -> 1423.5 | G121: =+C121+E121 -> 1151.6 | H121: =+(F121/G121-1)*100 -> 23.610629
... A156: =+A155+7 -> 39926 | B156: 293.4 | C156: 342.7 | D156: 2386.8 | E156: 2274.8 | F156: =+B156+D156 -> 2680.2 | G156: =+C156+E156 -> 2617.5 | H156: =+(F156/G156-1)*100 -> 2.3954155
A157: =+A156+7 -> 39933 | B157: 246.4 | C157: 298.3 | D157: 2433.7 | E157: 2350.9 | F157: =+B157+D157 -> 2680.1 | G157: =+C157+E157 -> 2649.2 | H157: =+(F157/G157-1)*100 -> 1.1663899 | I157: 12
A158: =+A157+7 -> 39940 | B158: 230.8 | C158: 268.7 | D158: 2474.4 | E158: 2382.7 | F158: =+B158+D158 -> 2705.2 | G158: =+C158+E158 -> 2651.4 | H158: =+(F158/G158-1)*100 -> 2.0291167 | I158: 12
A159: =+A158+7 -> 39947 | B159: 287 | C159: 225.6 | D159: 2474.4 | E159: 2462.7 | F159: =+B159+D159 -> 2761.4 | G159: =+C159+E159 -> 2688.3 | H159: =+(F159/G159-1)*100 -> 2.7191906 | I159: 37
A160: =+A159+7 -> 39954 | B160: 179.5 | C160: 225.6 | D160: 2599.1 | E160: 2488.4 | F160: =+B160+D160 -> 2778.6 | G160: =+C160+E160 -> 2714 | H160: =+(F160/G160-1)*100 -> 2.3802506 | I160: 122
A161: =+A160+7 -> 39961 | B161: 164.9 | C161: 163.3 | D161: 2624.6 | E161: 2577.5 | F161: =+B161+D161 -> 2789.5 | G161: =+C161+E161 -> 2740.8 | H161: =+(F161/G161-1)*100 -> 1.7768535 | I161: 122
A162: =+A161+7 -> 39968 | B162: 272.6 | C162: 472.4 | D162: 49.9 | E162: 4.3 | F162: =+B162+D162 -> 322.5 | G162: =+C162+E162 -> 476.7 | H162: =+(F162/G162-1)*100 -> -32.347388
A163: =+A162+7 -> 39975 | B163: 273.3 | C163: 575.9 | D163: 95.2 | E163: 37.9 | F163: =+B163+D163 -> 368.5 | G163: =+C163+E163 -> 613.8 | H163: =+(F163/G163-1)*100 -> -39.964158
A164: =+A163+7 -> 39982 | B164: 313.8 | C164: 548.4 | D164: 182.4 | E164: 106.7 | F164: =+B164+D164 -> 496.2 | G164: =+C164+E164 -> 655.1 | H164: =+(F164/G164-1)*100 -> -24.255839
A165: =+A164+7 -> 39989 | B165: 315.9 | C165: 550 | D165: 221.4 | E165: 191.3 | F165: =+B165+D165 -> 537.3 | G165: =+C165+E165 -> 741.3 | H165: =+(F165/G165-1)*100 -> -27.519223
A166: =+A165+7 -> 39996 | B166: 300.5 | C166: 627.1 | D166: 288.6 | E166: 214.2 | F166: =+B166+D166 -> 589.1 | G166: =+C166+E166 -> 841.3 | H166: =+(F166/G166-1)*100 -> -29.977416
A167: =+A166+7 -> 40003 | B167: 497.3 | C167: 737.8 | D167: 335.4 | E167: 285.5 | F167: =+B167+D167 -> 832.7 | G167: =+C167+E167 -> 1023.3 | H167: =+(F167/G167-1)*100 -> -18.626014
A168: =+A167+7 -> 40010 | B168: 488.4 | C168: 714.7 | D168: 422 | E168: 320.4 | F168: =+B168+D168 -> 910.4 | G168: =+C168+E168 -> 1035.1 | H168: =+(F168/G168-1)*100 -> -12.047145
A169: =+A168+7 -> 40017 | B169: 429.8 | C169: 694.6 | D169: 485.8 | E169: 446.3 | F169: =+B169+D169 -> 915.6 | G169: =+C169+E169 -> 1140.9 | H169: =+(F169/G169-1)*100 -> -19.747568
A170: =+A169+7 -> 40024 | B170: 461 | C170: 783.4 | D170: 557.1 | E170: 490 | F170: =+B170+D170 -> 1018.1 | G170: =+C170+E170 -> 1273.4 | H170: =+(F170/G170-1)*100 -> -20.048689
A171: =+A170+7 -> 40031 | B171: 473 | C171: 783.8 | D171: 612.6 | E171: 577.8 | F171: =+B171+D171 -> 1085.6 | G171: =+C171+E171 -> 1361.6 | H171: =+(F171/G171-1)*100 -> -20.27027
A172: =+A171+7 -> 40038 | B172: 428.9 | C172: 684.1 | D172: 656.7 | E172: 683.5 | F172: =+B172+D172 -> 1085.6 | G172: =+C172+E172 -> 1367.6 | H172: =+(F172/G172-1)*100 -> -20.620064
A173: =+A172+7 -> 40045 | B173: 549.4 | C173: 682.2 | D173: 758.7 | E173: 741.3 | F173: =+B173+D173 -> 1308.1 | G173: =+C173+E173 -> 1423.5 | H173: =+(F173/G173-1)*100 -> -8.1067791
... A195: =+A194+7 -> 40199 | B195: 573.5 | C195: 380.9 | D195: 1976.7 | E195: 1725.6 | F195: =+B195+D195 -> 2550.2 | G195: =+C195+E195 -> 2106.5 | H195: =+(F195/G195-1)*100 -> 21.063375
A196: =+A195+7 -> 40206 | B196: 540.5 | C196: 350.8 | D196: 2028.5 | E196: 1786.6 | F196: =+B196+D196 -> 2569 | G196: =+C196+E196 -> 2137.4 | H196: =+(F196/G196-1)*100 -> 20.192758 | I196: 12
A197: =+A196+7 -> 40213 | B197: 535.7 | C197: 347.3 | D197: 2096.4 | E197: 1869.2 | F197: =+B197+D197 -> 2632.1 | G197: =+C197+E197 -> 2216.5 | H197: =+(F197/G197-1)*100 -> 18.750282 | I197: 12
A198: =+A197+7 -> 40220 | B198: 610.2 | C198: 339.8 | D198: 2184.9 | E198: 1901.9 | F198: =+B198+D198 -> 2795.1 | G198: =+C198+E198 -> 2241.7 | H198: =+(F198/G198-1)*100 -> 24.686622 | I198: 12
A199: =+A198+7 -> 40227 | B199: 704 | C199: 403.8 | D199: 2297.4 | E199: 1923.9 | F199: =+B199+D199 -> 3001.4 | G199: =+C199+E199 -> 2327.7 | H199: =+(F199/G199-1)*100 -> 28.942733 | I199: 12
A200: =+A199+7 -> 40234 | B200: 684.2 | C200: 367.3 | D200: 2338 | E200: 1961.2 | F200: =+B200+D200 -> 3022.2 | G200: =+C200+E200 -> 2328.5 | H200: =+(F200/G200-1)*100 -> 29.791711 | I200: 12
A201: =+A200+7 -> 40241 | B201: 763.3 | C201: 402.1 | D201: 2389.8 | E201: 2014.3 | F201: =+B201+D201 -> 3153.1 | G201: =+C201+E201 -> 2416.4 | H201: =+(F201/G201-1)*100 -> 30.487502 | I201: 12
...

Sheet Japan
A1: JAPAN | B1: Unshipped Balance | D1: Accumulated Exports | F1: Total Commitments
A2: EXPORT SALES, Japan | B2: this year | C2: last year | D2: this year | E2: last year | F2: this year | G2: last year | H2: % change
A3: 38855 | B3: 193.7 | C3: 207.1 | D3: 2907.4 | E3: 2957.3 | F3: =+B3+D3 -> 3101.1 | G3: =+C3+E3 -> 3164.4 | H3: =+(F3/G3-1)*100 -> -2.0003792 | I3: 314.9
A4: =+A3+7 -> 38862 | B4: 131.9 | C4: 139.3 | D4: 2928 | E4: 3067.4 | F4: =+B4+D4 -> 3059.9 | G4: =+C4+E4 -> 3206.7 | H4: =+(F4/G4-1)*100 -> -4.577915 | I4: 452.9
A5: =+A4+7 -> 38869 | B5: 548.3 | C5: 387.3 | D5: 0 | E5: 20.6 | F5: =+B5+D5 -> 548.3 | G5: =+C5+E5 -> 407.9 | H5: =+(F5/G5-1)*100 -> 34.420201
A6: =+A5+7 -> 38876 | B6: 604.7 | C6: 500.4 | D6: 35 | E6: 49.1 | F6: =+B6+D6 -> 639.7 | G6: =+C6+E6 -> 549.5 | H6: =+(F6/G6-1)*100 -> 16.414923
A7: =+A6+7 -> 38883 | B7: 586.1 | C7: 520.7 | D7: 84.9 | E7: 95.3 | F7: =+B7+D7 -> 671 | G7: =+C7+E7 -> 616 | H7: =+(F7/G7-1)*100 -> 8.9285714
A8: =+A7+7 -> 38890 | B8: 534.2 | C8: 520.7 | D8: 202.1 | E8: 115.8 | F8: =+B8+D8 -> 736.3 | G8: =+C8+E8 -> 636.5 | H8: =+(F8/G8-1)*100 -> 15.679497
A9: =+A8+7 -> 38897 | B9: 537.4 | C9: 580.7 | D9: 263.2 | E9: 136.4 | F9: =+B9+D9 -> 800.6 | G9: =+C9+E9 -> 717.1 | H9: =+(F9/G9-1)*100 -> 11.644122
A10: =+A9+7 -> 38904 | B10: 505.8 | C10: 514.9 | D10: 341.3 | E10: 244.3 | F10: =+B10+D10 -> 847.1 | G10: =+C10+E10 -> 759.2 | H10: =+(F10/G10-1)*100 -> 11.577977
A11: =+A10+7 -> 38911 | B11: 517.1 | C11: 468.9 | D11: 392.1 | E11: 290.5 | F11: =+B11+D11 -> 909.2 | G11: =+C11+E11 -> 759.4 | H11: =+(F11/G11-1)*100 -> 19.7261
A12: =+A11+7 -> 38918 | B12: 495.5 | C12: 473.6 | D12: 464.2 | E12: 336.9 | F12: =+B12+D12 -> 959.7 | G12: =+C12+E12 -> 810.5 | H12: =+(F12/G12-1)*100 -> 18.40839
A13: =+A12+7 -> 38925 | B13: 495.5 | C13: 588.3 | D13: 485.6 | E13: 365.6 | F13: =+B13+D13 -> 981.1 | G13: =+C13+E13 -> 953.9 | H13: =+(F13/G13-1)*100 -> 2.8514519
A14: =+A13+7 -> 38932 | B14: 494.8 | C14: 542.7 | D14: 545.9 | E14: 453.2 | F14: =+B14+D14 -> 1040.7 | G14: =+C14+E14 -> 995.9 | H14: =+(F14/G14-1)*100 -> 4.4984436
A15: =+A14+7 -> 38939 | B15: 575.7 | C15: 506.4 | D15: 587.6 | E15: 561.2 | F15: =+B15+D15 -> 1163.3 | G15: =+C15+E15 -> 1067.6 | H15: =+(F15/G15-1)*100 -> 8.9640315
A16: =+A15+7 -> 38946 | B16: 532.9 | C16: 487.4 | D16: 608.2 | E16: 602.4 | F16: =+B16+D16 -> 1141.1 | G16: =+C16+E16 -> 1089.8 | H16: =+(F16/G16-1)*100 -> 4.7072857
... A53: =+A52+7 -> 39205 | B53: 569.6 | C53: 508.8 | D53: 2884.4 | E53: 2643.9 | F53: =+B53+D53 -> 3454 | G53: =+C53+E53 -> 3152.7 | H53: =+(F53/G53-1)*100 -> 9.5568877
A54: =+A53+7 -> 39212 | B54: 451.4 | C54: 358.3 | D54: 3052.3 | E54: 2791.2 | F54: =+B54+D54 -> 3503.7 | G54: =+C54+E54 -> 3149.5 | H54: =+(F54/G54-1)*100 -> 11.24623 | I54: 20
A55: =+A54+7 -> 39219 | B55: 399.5 | C55: 193.7 | D55: 3130.3 | E55: 2907.4 | F55: =+B55+D55 -> 3529.8 | G55: =+C55+E55 -> 3101.1 | H55: =+(F55/G55-1)*100 -> 13.824127 | I55: 70.9
A56: =+A55+7 -> 39226 | B56: 250.8 | C56: 131.9 | D56: 3181.3 | E56: 2928 | F56: =+B56+D56 -> 3432.1 | G56: =+C56+E56 -> 3059.9 | H56: =+(F56/G56-1)*100 -> 12.163796 | I56: 204.3
A57: =+A56+7 -> 39233 | F57: 3227.7 | G57: 2965.7 | H57: =+(F57/G57-1)*100 -> 8.8343393
A58: =+A57+7 -> 39240 | B58: 449.2 | C58: 604.7 | D58: 57 | E58: 35 | F58: =+B58+D58 -> 506.2 | G58: =+C58+E58 -> 639.7 | H58: =+(F58/G58-1)*100 -> -20.869157
A59: =+A58+7 -> 39247 | B59: 419.9 | C59: 586.1 | D59: 132.9 | E59: 84.9 | F59: =+B59+D59 -> 552.8 | G59: =+C59+E59 -> 671 | H59: =+(F59/G59-1)*100 -> -17.615499
A60: =+A59+7 -> 39254 | B60: 424.9 | C60: 534.2 | D60: 153.5 | E60: 202.1 | F60: =+B60+D60 -> 578.4 | G60: =+C60+E60 -> 736.3 | H60: =+(F60/G60-1)*100 -> -21.445063
A61: =+A60+7 -> 39261 | B61: 393.1 | C61: 537.4 | D61: 214.6 | E61: 263.2 | F61: =+B61+D61 -> 607.7 | G61: =+C61+E61 -> 800.6 | H61: =+(F61/G61-1)*100 -> -24.094429
A62: =+A61+7 -> 39268 | B62: 363 | C62: 505.8 | D62: 245.6 | E62: 341.3 | F62: =+B62+D62 -> 608.6 | G62: =+C62+E62 -> 847.1 | H62: =+(F62/G62-1)*100 -> -28.154881
A63: =+A62+7 -> 39275 | B63: 404.2 | C63: 517.1 | D63: 286.8 | E63: 392.1 | F63: =+B63+D63 -> 691 | G63: =+C63+E63 -> 909.2 | H63: =+(F63/G63-1)*100 -> -23.99912
A64: =+A63+7 -> 39282 | B64: 438.7 | C64: 495.5 | D64: 340.3 | E64: 464.2 | F64: =+B64+D64 -> 779 | G64: =+C64+E64 -> 959.7 | H64: =+(F64/G64-1)*100 -> -18.828801
A65: =+A64+7 -> 39289 | B65: 357.6 | C65: 495.8 | D65: 428.4 | E65: 485.6 | F65: =+B65+D65 -> 786 | G65: =+C65+E65 -> 981.4 | H65: =+(F65/G65-1)*100 -> -19.910332
A66: =+A65+7 -> 39296 | B66: 387.6 | C66: 494.8 | D66: 495.3 | E66: 545.9 | F66: =+B66+D66 -> 882.9 | G66: =+C66+E66 -> 1040.7 | H66: =+(F66/G66-1)*100 -> -15.162871
A67: =+A66+7 -> 39303 | B67: 431.4 | C67: 575.7 | D67: 583.5 | E67: 587.6 | F67: =+B67+D67 -> 1014.9 | G67: =+C67+E67 -> 1163.3 | H67: =+(F67/G67-1)*100 -> -12.756813
A68: =+A67+7 -> 39310 | B68: 445.8 | C68: 532.9 | D68: 614.5 | E68: 608.2 | F68: =+B68+D68 -> 1060.3 | G68: =+C68+E68 -> 1141.1 | H68: =+(F68/G68-1)*100 -> -7.0808869
A69: =+A68+7 -> 39317 | B69: 404.6 | C69: 536.7 | D69: 676.3 | E69: 649.4 | F69: =+B69+D69 -> 1080.9 | G69: =+C69+E69 -> 1186.1 | H69: =+(F69/G69-1)*100 -> -8.8694039
... A104: =+A103+7 -> 39562 | B104: 560.9 | C104: 635.6 | D104: 2811.9 | E104: 2817.5 | F104: =+B104+D104 -> 3372.8 | G104: =+C104+E104 -> 3453.1 | H104: =+(F104/G104-1)*100 -> -2.3254467
A105: =+A104+7 -> 39569 | B105: 452.6 | C105: 569.6 | D105: 2949.6 | E105: 2884.4 | F105: =+B105+D105 -> 3402.2 | G105: =+C105+E105 -> 3454 | H105: =+(F105/G105-1)*100 -> -1.4997105 | I105: 187.5
A106: =+A105+7 -> 39576 | B106: 383.4 | C106: 451.4 | D106: 3040.7 | E106: 3052.3 | F106: =+B106+D106 -> 3424.1 | G106: =+C106+E106 -> 3503.7 | H106: =+(F106/G106-1)*100 -> -2.271884 | I106: 187.5
A107: =+A106+7 -> 39583 | B107: 354.4 | C107: 399.5 | D107: 3112.6 | E107: 3130.3 | F107: =+B107+D107 -> 3467 | G107: =+C107+E107 -> 3529.8 | H107: =+(F107/G107-1)*100 -> -1.7791376 | I107: 216.3
A108: =+A107+7 -> 39590 | B108: 284.8 | C108: 250.8 | D108: 3180.3 | E108: 3181.3 | F108: =+B108+D108 -> 3465.1 | G108: =+C108+E108 -> 3432.1 | H108: =+(F108/G108-1)*100 -> 0.96151045 | I108: 242.9
A109: =+A108+7 -> 39597 | B109: 177.6 | C109: 205.2 | D109: 3319.4 | E109: 3227.7 | F109: =+B109+D109 -> 3497 | G109: =+C109+E109 -> 3432.9 | H109: =+(F109/G109-1)*100 -> 1.867226 | I109: 262.8
A110: =+A109+7 -> 39604 | B110: 501.5 | C110: 449.2 | D110: 97.8 | E110: 57 | F110: =+B110+D110 -> 599.3 | G110: =+C110+E110 -> 506.2 | H110: =+(F110/G110-1)*100 -> 18.39194
A111: =+A110+7 -> 39611 | B111: 501.5 | C111: 449.2 | D111: 97.8 | E111: 57 | F111: =+B111+D111 -> 599.3 | G111: =+C111+E111 -> 506.2 | H111: =+(F111/G111-1)*100 -> 18.39194
A112: =+A111+7 -> 39618 | B112: 756.8 | C112: 424.9 | D112: 162.7 | E112: 153.5 | F112: =+B112+D112 -> 919.5 | G112: =+C112+E112 -> 578.4 | H112: =+(F112/G112-1)*100 -> 58.973029
A113: =+A112+7 -> 39625 | B113: 879.5 | C113: 393.1 | D113: 189.5 | E113: 214.6 | F113: =+B113+D113 -> 1069 | G113: =+C113+E113 -> 607.7 | H113: =+(F113/G113-1)*100 -> 75.909166
A114: =+A113+7 -> 39632 | B114: 942.1 | C114: 363 | D114: 211.1 | E114: 245.6 | F114: =+B114+D114 -> 1153.2 | G114: =+C114+E114 -> 608.6 | H114: =+(F114/G114-1)*100 -> 89.484062
A115: =+A114+7 -> 39639 | B115: 1078.2 | C115: 404.2 | D115: 211.1 | E115: 286.8 | F115: =+B115+D115 -> 1289.3 | G115: =+C115+E115 -> 691 | H115: =+(F115/G115-1)*100 -> 86.58466
A116: =+A115+7 -> 39646 | B116: 1057.7 | C116: 438.7 | D116: 239.9 | E116: 340.3 | F116: =+B116+D116 -> 1297.6 | G116: =+C116+E116 -> 779 | H116: =+(F116/G116-1)*100 -> 66.572529
A117: =+A116+7 -> 39653 | B117: 1048.6 | C117: 357.6 | D117: 280.7 | E117: 428.4 | F117: =+B117+D117 -> 1329.3 | G117: =+C117+E117 -> 786 | H117: =+(F117/G117-1)*100 -> 69.122137
A118: =+A117+7 -> 39660 | B118: 964.8 | C118: 387.6 | D118: 407.7 | E118: 495.3 | F118: =+B118+D118 -> 1372.5 | G118: =+C118+E118 -> 882.9 | H118: =+(F118/G118-1)*100 -> 55.453619
A119: =+A118+7 -> 39667 | B119: 989.8 | C119: 431.4 | D119: 450 | E119: 583.5 | F119: =+B119+D119 -> 1439.8 | G119: =+C119+E119 -> 1014.9 | H119: =+(F119/G119-1)*100 -> 41.866194
A120: =+A119+7 -> 39674 | B120: 891.6 | C120: 445.8 | D120: 549 | E120: 614.5 | F120: =+B120+D120 -> 1440.6 | G120: =+C120+E120 -> 1060.3 | H120: =+(F120/G120-1)*100 -> 35.867207
A121: =+A120+7 -> 39681 | B121: 817.6 | C121: 404.6 | D121: 644.2 | E121: 676.3 | F121: =+B121+D121 -> 1461.8 | G121: =+C121+E121 -> 1080.9 | H121: =+(F121/G121-1)*100 -> 35.239153
... A156: =+A155+7 -> 39926 | B156: 298.1 | C156: 560.9 | D156: 2791.3 | E156: 2811.9 | F156: =+B156+D156 -> 3089.4 | G156: =+C156+E156 -> 3372.8 | H156: =+(F156/G156-1)*100 -> -8.4025142
A157: =+A156+7 -> 39933 | B157: 339.3 | C157: 452.6 | D157: 2821.8 | E157: 2949.6 | F157: =+B157+D157 -> 3161.1 | G157: =+C157+E157 -> 3402.2 | H157: =+(F157/G157-1)*100 -> -7.086591 | I157: 0.3
A158: =+A157+7 -> 39940 | B158: 303.1 | C158: 383.4 | D158: 2916.3 | E158: 3040.7 | F158: =+B158+D158 -> 3219.4 | G158: =+C158+E158 -> 3424.1 | H158: =+(F158/G158-1)*100 -> -5.9782133 | I158: 0.3
A159: =+A158+7 -> 39947 | B159: 211.7 | C159: 354.4 | D159: 2993 | E159: 3112.6 | F159: =+B159+D159 -> 3204.7 | G159: =+C159+E159 -> 3467 | H159: =+(F159/G159-1)*100 -> -7.5656187 | I159: 41.5
A160: =+A159+7 -> 39954 | B160: 257.3 | C160: 284.8 | D160: 3013.6 | E160: 3180.3 | F160: =+B160+D160 -> 3270.9 | G160: =+C160+E160 -> 3465.1 | H160: =+(F160/G160-1)*100 -> -5.6044559 | I160: 41.5
A161: =+A160+7 -> 39961 | B161: 231.5 | C161: 177.6 | D161: 3060 | E161: 3319.4 | F161: =+B161+D161 -> 3291.5 | G161: =+C161+E161 -> 3497 | H161: =+(F161/G161-1)*100 -> -5.8764655 | I161: 41.5
A162: =+A161+7 -> 39968 | B162: 227.9 | C162: 501.5 | D162: 8.2 | E162: 97.8 | F162: =+B162+D162 -> 236.1 | G162: =+C162+E162 -> 599.3 | H162: =+(F162/G162-1)*100 -> -60.604038
A163: =+A162+7 -> 39975 | B163: 289.6 | C163: 555.5 | D163: 8.2 | E163: 141.1 | F163: =+B163+D163 -> 297.8 | G163: =+C163+E163 -> 696.6 | H163: =+(F163/G163-1)*100 -> -57.249498
A164: =+A163+7 -> 39982 | B164: 310.4 | C164: 756.8 | D164: 70.2 | E164: 162.7 | F164: =+B164+D164 -> 380.6 | G164: =+C164+E164 -> 919.5 | H164: =+(F164/G164-1)*100 -> -58.607939
A165: =+A164+7 -> 39989 | B165: 284.7 | C165: 879.5 | D165: 97.4 | E165: 189.5 | F165: =+B165+D165 -> 382.1 | G165: =+C165+E165 -> 1069 | H165: =+(F165/G165-1)*100 -> -64.256314
A166: =+A165+7 -> 39996 | B166: 350.2 | C166: 942.1 | D166: 119.3 | E166: 211.1 | F166: =+B166+D166 -> 469.5 | G166: =+C166+E166 -> 1153.2 | H166: =+(F166/G166-1)*100 -> -59.287201
A167: =+A166+7 -> 40003 | B167: 354.5 | C167: 1078.2 | D167: 119.7 | E167: 211.1 | F167: =+B167+D167 -> 474.2 | G167: =+C167+E167 -> 1289.3 | H167: =+(F167/G167-1)*100 -> -63.220352
A168: =+A167+7 -> 40010 | B168: 407.3 | C168: 1057.7 | D168: 161.5 | E168: 239.9 | F168: =+B168+D168 -> 568.8 | G168: =+C168+E168 -> 1297.6 | H168: =+(F168/G168-1)*100 -> -56.165228
A169: =+A168+7 -> 40017 | B169: 500.1 | C169: 1048.6 | D169: 161.5 | E169: 280.7 | F169: =+B169+D169 -> 661.6 | G169: =+C169+E169 -> 1329.3 | H169: =+(F169/G169-1)*100 -> -50.229444
A170: =+A169+7 -> 40024 | B170: 546.7 | C170: 964.8 | D170: 202.7 | E170: 407.7 | F170: =+B170+D170 -> 749.4 | G170: =+C170+E170 -> 1372.5 | H170: =+(F170/G170-1)*100 -> -45.398907
A171: =+A170+7 -> 40031 | B171: 562.7 | C171: 989.8 | D171: 270.3 | E171: 450 | F171: =+B171+D171 -> 833 | G171: =+C171+E171 -> 1439.8 | H171: =+(F171/G171-1)*100 -> -42.144742
A172: =+A171+7 -> 40038 | B172: 581.5 | C172: 891.6 | D172: 301.3 | E172: 549 | F172: =+B172+D172 -> 882.8 | G172: =+C172+E172 -> 1440.6 | H172: =+(F172/G172-1)*100 -> -38.719978
A173: =+A172+7 -> 40045 | B173: 624.6 | C173: 817.6 | D173: 347.6 | E173: 644.2 | F173: =+B173+D173 -> 972.2 | G173: =+C173+E173 -> 1461.8 | H173: =+(F173/G173-1)*100 -> -33.492954
... A198: =+A197+7 -> 40220 | B198: 515.4 | C198: 359.6 | D198: 2060.6 | E198: 2236.5 | F198: =+B198+D198 -> 2576 | G198: =+C198+E198 -> 2596.1 | H198: =+(F198/G198-1)*100 -> -0.77423828
A199: =+A198+7 -> 40227 | B199: 492.4 | C199: 363.3 | D199: 2127.6 | E199: 2258.1 | F199: =+B199+D199 -> 2620 | G199: =+C199+E199 -> 2621.4 | H199: =+(F199/G199-1)*100 -> -0.053406577 | I199: 4
A200: =+A199+7 -> 40234 | B200: 409.7 | C200: 388.8 | D200: 2212.3 | E200: 2258.1 | F200: =+B200+D200 -> 2622 | G200: =+C200+E200 -> 2646.9 | H200: =+(F200/G200-1)*100 -> -0.94072311 | I200: 4
A201: =+A200+7 -> 40241 | B201: 456 | C201: 482.4 | D201: 2212.3 | E201: 2300.3 | F201: =+B201+D201 -> 2668.3 | G201: =+C201+E201 -> 2782.7 | H201: =+(F201/G201-1)*100 -> -4.1111151 | I201: 8.4
A202: =+A201+7 -> 40248 | B202: 537.8 | C202: 553.7 | D202: 2212.4 | E202: 2300.3 | F202: =+B202+D202 -> 2750.2 | G202: =+C202+E202 -> 2854 | H202: =+(F202/G202-1)*100 -> -3.6370007 | I202: 8.4
A203: =+A202+7 -> 40255 | B203: 499.8 | C203: 598.8 | D203: 2301 | E203: 2351.3 | F203: =+B203+D203 -> 2800.8 | G203: =+C203+E203 -> 2950.1 | H203: =+(F203/G203-1)*100 -> -5.0608454 | I203: 8.4
A204: =+A203+7 -> 40262 | B204: 467.1 | C204: 514.6 | D204: 2504.3 | E204: 2469.3 | F204: =+B204+D204 -> 2971.4 | G204: =+C204+E204 -> 2983.9 | H204: =+(F204/G204-1)*100 -> -0.41891484 | I204: 10.4
A205: =+A204+7 -> 40269 | B205: 423.9 | C205: 432.9 | D205: 2592.9 | E205: 2565.2 | F205: =+B205+D205 -> 3016.8 | G205: =+C205+E205 -> 2998.1 | H205: =+(F205/G205-1)*100 -> 0.62372836 | I205: 10.4
A206: =+A205+7 -> 40276 | B206: 408.9 | C206: 340.3 | D206: 2634.1 | E206: 2658.9 | F206: =+B206+D206 -> 3043 | G206: =+C206+E206 -> 2999.2 | H206: =+(F206/G206-1)*100 -> 1.4603894 | I206: 60.2
A207: =+A206+7 -> 40283 | B207: 475.6 | C207: 311.4 | D207: 2659.9 | E207: 2731.6 | F207: =+B207+D207 -> 3135.5 | G207: =+C207+E207 -> 3043 | H207: =+(F207/G207-1)*100 -> 3.0397634 | I207: 60.2
A208: =+A207+7 -> 40290 | B208: 497.1 | C208: 298.1 | D208: 2685.6 | E208: 2791.3 | F208: =+B208+D208 -> 3182.7 | G208: =+C208+E208 -> 3089.4 | H208: =+(F208/G208-1)*100 -> 3.0200039 | I208: 131.7
A209: =+A208+7 -> 40297 | B209: 453.7 | C209: 339.3 | D209: 2811.2 | E209: 2821.8 | F209: =+B209+D209 -> 3264.9 | G209: =+C209+E209 -> 3161.1 | H209: =+(F209/G209-1)*100 -> 3.2836671 | I209: 133.7
A210: =+A209+7 -> 40304 | B210: 362.6 | C210: 303.1 | D210: 2881.7 | E210: 2916.3 | F210: =+B210+D210 -> 3244.3 | G210: =+C210+E210 -> 3219.4 | H210: =+(F210/G210-1)*100 -> 0.77343604 | I210: 163.6
... A213: =+A212+7 -> 40325 | B213: 261.3 | C213: 231.5 | D213: 3101.8 | E213: 3060 | F213: =+B213+D213 -> 3363.1 | G213: =+C213+E213 -> 3291.5 | H213: =+(F213/G213-1)*100 -> 2.1753 | I213: 250.9
A214: =+A213+7 -> 40332 | B214: 461 | C214: 227.9 | D214: 25.8 | E214: 8.2 | F214: =+B214+D214 -> 486.8 | G214: =+C214+E214 -> 236.1 | H214: =+(F214/G214-1)*100 -> 106.18382
A215: =+A214+7 -> 40339 | B215: 492.7 | C215: 289.6 | D215: 92.7 | E215: 8.2 | F215: =+B215+D215 -> 585.4 | G215: =+C215+E215 -> 297.8 | H215: =+(F215/G215-1)*100 -> 96.574882
A216: =+A215+7 -> 40346 | B216: 471.6 | C216: 310.4 | D216: 177.2 | E216: 70.2 | F216: =+B216+D216 -> 648.8 | G216: =+C216+E216 -> 380.6 | H216: =+(F216/G216-1)*100 -> 70.467683
A217: =+A216+7 -> 40353 | B217: 494.4 | C217: 284.7 | D217: 273 | E217: 97.4 | F217: =+B217+D217 -> 767.4 | G217: =+C217+E217 -> 382.1 | H217: =+(F217/G217-1)*100 -> 100.83748
A218: =+A217+7 -> 40360 | B218: 443.9 | C218: 350.2 | D218: 326 | E218: 119.3 | F218: =+B218+D218 -> 769.9 | G218: =+C218+E218 -> 469.5 | H218: =+(F218/G218-1)*100 -> 63.982961
A219: =+A218+7 -> 40367 | B219: 349.6 | C219: 354.5 | D219: 420.8 | E219: 119.7 | F219: =+B219+D219 -> 770.4 | G219: =+C219+E219 -> 474.2 | H219: =+(F219/G219-1)*100 -> 62.463096
A220: =+A219+7 -> 40374 | B220: 277.8 | C220: 407.3 | D220: 496.1 | E220: 161.5 | F220: =+B220+D220 -> 773.9 | G220: =+C220+E220 -> 568.8 | H220: =+(F220/G220-1)*100 -> 36.058368
A221: =+A220+7 -> 40381 | B221: 402.1 | C221: 500.1 | D221: 533.5 | E221: 161.5 | F221: =+B221+D221 -> 935.6 | G221: =+C221+E221 -> 661.6 | H221: =+(F221/G221-1)*100 -> 41.414752
A222: =+A221+7 -> 40388 | B222: 474 | C222: 546.7 | D222: 622.3 | E222: 202.7 | F222: =+B222+D222 -> 1096.3 | G222: =+C222+E222 -> 749.4 | H222: =+(F222/G222-1)*100 -> 46.290366
A223: =+A222+7 -> 40395 | B223: 577.6 | C223: 562.7 | D223: 685.4 | E223: 270.3 | F223: =+B223+D223 -> 1263 | G223: =+C223+E223 -> 833 | H223: =+(F223/G223-1)*100 -> 51.620648
A224: =+A223+7 -> 40402 | B224: 591.8 | C224: 581.5 | D224: 747.1 | E224: 301.3 | F224: =+B224+D224 -> 1338.9 | G224: =+C224+E224 -> 882.8 | H224: =+(F224/G224-1)*100 -> 51.665156
A225: =+A224+7 -> 40409 | B225: 550.3 | C225: 624.6 | D225: 793.7 | E225: 347.6 | F225: =+B225+D225 -> 1344 | G225: =+C225+E225 -> 972.2 | H225: =+(F225/G225-1)*100 -> 38.24316
... A254: =+A253+7 -> 40612 | B254: 1006.3 | C254: 537.8 | D254: 2444.7 | E254: 2212.5 | F254: =+B254+D254 -> 3451 | G254: =+C254+E254 -> 2750.3 | H254: =+(F254/G254-1)*100 -> 25.477221
A255: =+A254+7 -> 40619 | B255: 953.9 | C255: 499.8 | D255: 2502.6 | E255: 2301 | F255: =+B255+D255 -> 3456.5 | G255: =+C255+E255 -> 2800.8 | H255: =+(F255/G255-1)*100 -> 23.411168 | I255: 32
A256: =+A255+7 -> 40626 | B256: 977.8 | C256: 467.1 | D256: 2545.2 | E256: 2504.3 | F256: =+B256+D256 -> 3523 | G256: =+C256+E256 -> 2971.4 | H256: =+(F256/G256-1)*100 -> 18.56364 | I256: 32
A257: =+A256+7 -> 40633 | B257: 925.9 | C257: 423.9 | D257: 2598.7 | E257: 2592.9 | F257: =+B257+D257 -> 3524.6 | G257: =+C257+E257 -> 3016.8 | H257: =+(F257/G257-1)*100 -> 16.832405 | I257: 32
A258: =+A257+7 -> 40640 | B258: 979.5 | C258: 408.9 | D258: 2625.3 | E258: 2634.1 | F258: =+B258+D258 -> 3604.8 | G258: =+C258+E258 -> 3043 | H258: =+(F258/G258-1)*100 -> 18.462044 | I258: 37
...

Sheet Mexico
A1: MEXICO | B1: Unshipped Balance | D1: Accumulated Exports | F1: Total Commitments
A2: EXPORT SALES, Mexico | B2: this year | C2: last year | D2: this year | E2: last year | F2: this year | G2: last year | H2: % change
A3: 38855 | B3: 107.8 | C3: 159.6 | D3: 2500.9 | E3: 2657.7 | F3: =+B3+D3 -> 2608.7 | G3: =+C3+E3 -> 2817.3 | H3: =+(F3/G3-1)*100 -> -7.4042523 | I3: 359
A4: =+Japan!A4 -> 38862 | B4: 82 | C4: 141.2 | D4: 2536.8 | E4: 2676.4 | F4: =+B4+D4 -> 2618.8 | G4: =+C4+E4 -> 2817.6 | H4: =+(F4/G4-1)*100 -> -7.0556502 | I4: 392.4
A5: =+A4+7 -> 38869 | B5: 465.6 | C5: 354.8 | D5: 0.8 | E5: 6.9 | F5: =+B5+D5 -> 466.4 | G5: =+C5+E5 -> 361.7 | H5: =+(F5/G5-1)*100 -> 28.946641
A6: =+A5+7 -> 38876 | B6: 447 | C6: 347.7 | D6: 49.1 | E6: 34.9 | F6: =+B6+D6 -> 496.1 | G6: =+C6+E6 -> 382.6 | H6: =(F6/G6-1)*100 -> 29.665447
A7: =+A6+7 -> 38883 | B7: 419 | C7: 334.5 | D7: 90 | E7: 67.4 | F7: =+B7+D7 -> 509 | G7: =+C7+E7 -> 401.9 | H7: =(F7/G7-1)*100 -> 26.64842
A8: =+A7+7 -> 38890 | B8: 519.7 | C8: 377.7 | D8: 126.1 | E8: 90.6 | F8: =+B8+D8 -> 645.8 | G8: =+C8+E8 -> 468.3 | H8: =(F8/G8-1)*100 -> 37.903054
A9: =+A8+7 -> 38897 | B9: 508.7 | C9: 401.3 | D9: 154.9 | E9: 142.7 | F9: =+B9+D9 -> 663.6 | G9: =+C9+E9 -> 544 | H9: =(F9/G9-1)*100 -> 21.985294
A10: =+A9+7 -> 38904 | B10: 515.8 | C10: 417.1 | D10: 180.9 | E10: 167.2 | F10: =+B10+D10 -> 696.7 | G10: =+C10+E10 -> 584.3 | H10: =(F10/G10-1)*100 -> 19.236693
A11: =+A10+7 -> 38911 | B11: 489.4 | C11: 456.6 | D11: 233.6 | E11: 125.3 | F11: =+B11+D11 -> 723 | G11: =+C11+E11 -> 581.9 | H11: =(F11/G11-1)*100 -> 24.248153
A12: =+A11+7 -> 38918 | B12: 549.6 | C12: 442.6 | D12: 247.9 | E12: 273 | F12: =+B12+D12 -> 797.5 | G12: =+C12+E12 -> 715.6 | H12: =(F12/G12-1)*100 -> 11.444941
A13: =+A12+7 -> 38925 | B13: 415.5 | C13: 435.3 | D13: 321.6 | E13: 358.3 | F13: =+B13+D13 -> 737.1 | G13: =+C13+E13 -> 793.6 | H13: =(F13/G13-1)*100 -> -7.1194556
A14: =+A13+7 -> 38932 | B14: 378.4 | C14: 528.9 | D14: 373 | E14: 446.4 | F14: =+B14+D14 -> 751.4 | G14: =+C14+E14 -> 975.3 | H14: =(F14/G14-1)*100 -> -22.957039
A15: =+A14+7 -> 38939 | B15: 365.1 | C15: 543.5 | D15: 407 | E15: 529.5 | F15: =+B15+D15 -> 772.1 | G15: =+C15+E15 -> 1073 | H15: =(F15/G15-1)*100 -> -28.04287
A16: =+A15+7 -> 38946 | B16: 322 | C16: 515.6 | D16: 464.8 | E16: 594.6 | F16: =+B16+D16 -> 786.8 | G16: =+C16+E16 -> 1110.2 | H16: =(F16/G16-1)*100 -> -29.129887
A17: =+A16+7 -> 38953 | B17: 311.8 | C17: 496.2 | D17: 513.2 | E17: 673.3 | F17: =+B17+D17 -> 825 | G17: =+C17+E17 -> 1169.5 | H17: =(F17/G17-1)*100 -> -29.457033
... A25: =+A24+7 -> 39009 | B25: 325.2 | C25: 357.5 | D25: 850.5 | E25: 1140.2 | F25: =+B25+D25 -> 1175.7 | G25: =+C25+E25 -> 1497.7 | H25: =(F25/G25-1)*100 -> -21.499633
A26: =+A25+7 -> 39016 | B26: 379.9 | C26: 324.8 | D26: 882 | E26: 1171.5 | F26: =+B26+D26 -> 1261.9 | G26: =+C26+E26 -> 1496.3 | H26: =(F26/G26-1)*100 -> -15.665308 | I26: 24.1
A27: =+A26+7 -> 39023 | B27: 358.2 | C27: 327.3 | D27: 920.5 | E27: 1206.4 | F27: =+B27+D27 -> 1278.7 | G27: =+C27+E27 -> 1533.7 | H27: =(F27/G27-1)*100 -> -16.626459 | I27: 24.1
A28: =+A27+7 -> 39030 | B28: 356.9 | C28: 306.3 | D28: 957.5 | E28: 1237.1 | F28: =+B28+D28 -> 1314.4 | G28: =+C28+E28 -> 1543.4 | H28: =(F28/G28-1)*100 -> -14.837372 | I28: 24.1
A29: =+A28+7 -> 39037 | B29: 375.4 | C29: 306.1 | D29: 966 | E29: 1270.6 | F29: =+B29+D29 -> 1341.4 | G29: =+C29+E29 -> 1576.7 | H29: =(F29/G29-1)*100 -> -14.923575 | I29: 24.1
A30: =+A29+7 -> 39044 | B30: 348.8 | C30: 310.2 | D30: 1001.8 | E30: 1322.4 | F30: =+B30+D30 -> 1350.6 | G30: =+C30+E30 -> 1632.6 | H30: =(F30/G30-1)*100 -> -17.273061 | I30: 24.1
A31: =+A30+7 -> 39051 | B31: 359.8 | C31: 297 | D31: 1027.6 | E31: 1390.8 | F31: =+B31+D31 -> 1387.4 | G31: =+C31+E31 -> 1687.8 | H31: =(F31/G31-1)*100 -> -17.798317 | I31: 24.1
A32: =+A31+7 -> 39058 | B32: 363 | C32: 333 | D32: 1072 | E32: 1426.7 | F32: =+B32+D32 -> 1435 | G32: =+C32+E32 -> 1759.7 | H32: =(F32/G32-1)*100 -> -18.452009
A33: =+A32+7 -> 39065 | B33: 355.1 | C33: 324.1 | D33: 1104.2 | E33: 1486.3 | F33: =+B33+D33 -> 1459.3 | G33: =+C33+E33 -> 1810.4 | H33: =(F33/G33-1)*100 -> -19.393504
A34: =+A33+7 -> 39072 | B34: 382.1 | C34: 273.7 | D34: 1127.1 | E34: 1556.5 | F34: =+B34+D34 -> 1509.2 | G34: =+C34+E34 -> 1830.2 | H34: =(F34/G34-1)*100 -> -17.539067
A35: =+A34+7 -> 39079 | B35: 355.3 | C35: 253.7 | D35: 1155.4 | E35: 1590 | F35: =+B35+D35 -> 1510.7 | G35: =+C35+E35 -> 1843.7 | H35: =(F35/G35-1)*100 -> -18.061507 | I35: 38
A36: =+A35+7 -> 39086 | B36: 319.8 | C36: 329.5 | D36: 1204.7 | E36: 1626.9 | F36: =+B36+D36 -> 1524.5 | G36: =+C36+E36 -> 1956.4 | H36: =(F36/G36-1)*100 -> -22.076263
A37: =+A36+7 -> 39093 | B37: 320.5 | C37: 347.2 | D37: 1227.9 | E37: 1659.1 | F37: =+B37+D37 -> 1548.4 | G37: =+C37+E37 -> 2006.3 | H37: =(F37/G37-1)*100 -> -22.823107
A38: =+A37+7 -> 39100 | B38: 331 | C38: 353 | D38: 1272.9 | E38: 1739.9 | F38: =+B38+D38 -> 1603.9 | G38: =+C38+E38 -> 2092.9 | H38: =(F38/G38-1)*100 -> -23.364709
A39: =+A38+7 -> 39107 | B39: 327.8 | C39: 373.3 | D39: 1308.4 | E39: 1771.8 | F39: =+B39+D39 -> 1636.2 | G39: =+C39+E39 -> 2145.1 | H39: =(F39/G39-1)*100 -> -23.723836
A40: =+A39+7 -> 39114 | B40: 319.8 | C40: 286.1 | D40: 1335 | E40: 1893.6 | F40: =+B40+D40 -> 1654.8 | G40: =+C40+E40 -> 2179.7 | H40: =(F40/G40-1)*100 -> -24.081296
A41: =+A40+7 -> 39121 | B41: 290.2 | C41: 267.5 | D41: 1385.4 | E41: 1925.7 | F41: =+B41+D41 -> 1675.6 | G41: =+C41+E41 -> 2193.2 | H41: =(F41/G41-1)*100 -> -23.600219
A42: =+A41+7 -> 39128 | B42: 317.2 | C42: 328.6 | D42: 1397.2 | E42: 1988 | F42: =+B42+D42 -> 1714.4 | G42: =+C42+E42 -> 2316.6 | H42: =(F42/G42-1)*100 -> -25.994993
A43: =+A42+7 -> 39135 | B43: 282.3 | C43: 317.8 | D43: 1467.1 | E43: 2028.9 | F43: =+B43+D43 -> 1749.4 | G43: =+C43+E43 -> 2346.7 | H43: =(F43/G43-1)*100 -> -25.452763
A44: =+A43+7 -> 39142 | B44: 380.3 | C44: 309.4 | D44: 1477.7 | E44: 2067.8 | F44: =+B44+D44 -> 1858 | G44: =+C44+E44 -> 2377.2 | H44: =(F44/G44-1)*100 -> -21.840821
A45: =+A44+7 -> 39149 | B45: 383.4 | C45: 286.8 | D45: 1539 | E45: 2109.6 | F45: =+B45+D45 -> 1922.4 | G45: =+C45+E45 -> 2396.4 | H45: =(F45/G45-1)*100 -> -19.77967
A46: =+A45+7 -> 39156 | B46: 373.9 | C46: 256.7 | D46: 1592.6 | E46: 2169.6 | F46: =+B46+D46 -> 1966.5 | G46: =+C46+E46 -> 2426.3 | H46: =(F46/G46-1)*100 -> -18.950666
A47: =+A46+7 -> 39163 | B47: 345.3 | C47: 231.3 | D47: 1651.9 | E47: 2226.1 | F47: =+B47+D47 -> 1997.2 | G47: =+C47+E47 -> 2457.4 | H47: =(F47/G47-1)*100 -> -18.72711
... A52: =+A51+7 -> 39198 | B52: 245.3 | C52: 203.9 | D52: 1927.4 | E52: 2380.6 | F52: =+B52+D52 -> 2172.7 | G52: =+C52+E52 -> 2584.5 | H52: =(F52/G52-1)*100 -> -15.933449
A53: =+A52+7 -> 39205 | B53: 213 | C53: 178.8 | D53: 1985.7 | E53: 2421.8 | F53: =+B53+D53 -> 2198.7 | G53: =+C53+E53 -> 2600.6 | H53: =(F53/G53-1)*100 -> -15.454126 | I53: 176.1
A54: =+A53+7 -> 39212 | B54: 198.9 | C54: 143.5 | D54: 2011.3 | E54: 2457.5 | F54: =+B54+D54 -> 2210.2 | G54: =+C54+E54 -> 2601 | H54: =(F54/G54-1)*100 -> -15.02499 | I54: 198.9
A55: =+A54+7 -> 39219 | B55: 151 | C55: 107.8 | D55: 2064.3 | E55: 2500.9 | F55: =+B55+D55 -> 2215.3 | G55: =+C55+E55 -> 2608.7 | H55: =(F55/G55-1)*100 -> -15.080308 | I55: 254.4
A56: =+A55+7 -> 39226 | B56: 118.5 | C56: 82 | D56: 2100.2 | E56: 2536.8 | F56: =+B56+D56 -> 2218.7 | G56: =+C56+E56 -> 2618.8 | H56: =(F56/G56-1)*100 -> -15.27799 | I56: 327.3
A57: =+A56+7 -> 39233 | F57: 2137.7 | G57: 2563.6 | H57: =(F57/G57-1)*100 -> -16.613356
A58: =+A57+7 -> 39240 | B58: 390.5 | C58: 447 | D58: 46.9 | E58: 49.1 | F58: =+B58+D58 -> 437.4 | G58: =+C58+E58 -> 496.1 | H58: =(F58/G58-1)*100 -> -11.832292
A59: =+A58+7 -> 39247 | B59: 423.3 | C59: 419 | D59: 70.5 | E59: 90 | F59: =+B59+D59 -> 493.8 | G59: =+C59+E59 -> 509 | H59: =(F59/G59-1)*100 -> -2.9862475
A60: =+A59+7 -> 39254 | B60: 421.5 | C60: 519.7 | D60: 130.8 | E60: 126.1 | F60: =+B60+D60 -> 552.3 | G60: =+C60+E60 -> 645.8 | H60: =(F60/G60-1)*100 -> -14.478167
A61: =+A60+7 -> 39261 | B61: 435.5 | C61: 508.7 | D61: 164.2 | E61: 154.9 | F61: =+B61+D61 -> 599.7 | G61: =+C61+E61 -> 663.6 | H61: =(F61/G61-1)*100 -> -9.6292948
A62: =+A61+7 -> 39268 | B62: 373.7 | C62: 515.8 | D62: 262.4 | E62: 180.9 | F62: =+B62+D62 -> 636.1 | G62: =+C62+E62 -> 696.7 | H62: =(F62/G62-1)*100 -> -8.6981484
A63: =+A62+7 -> 39275 | B63: 505.5 | C63: 489.4 | D63: 292 | E63: 233.6 | F63: =+B63+D63 -> 797.5 | G63: =+C63+E63 -> 723 | H63: =(F63/G63-1)*100 -> 10.304288
A64: =+A63+7 -> 39282 | B64: 496.7 | C64: 549.6 | D64: 341.4 | E64: 247.9 | F64: =+B64+D64 -> 838.1 | G64: =+C64+E64 -> 797.5 | H64: =(F64/G64-1)*100 -> 5.0909091
A65: =+A64+7 -> 39289 | B65: 533.3 | C65: 415.5 | D65: 382.7 | E65: 321.6 | F65: =+B65+D65 -> 916 | G65: =+C65+E65 -> 737.1 | H65: =(F65/G65-1)*100 -> 24.270791
A66: =+A65+7 -> 39296 | B66: 533.9 | C66: 378.4 | D66: 448 | E66: 373 | F66: =+B66+D66 -> 981.9 | G66: =+C66+E66 -> 751.4 | H66: =(F66/G66-1)*100 -> 30.676071
A67: =+A66+7 -> 39303 | B67: 529.9 | C67: 365.1 | D67: 472.4 | E67: 407 | F67: =+B67+D67 -> 1002.3 | G67: =+C67+E67 -> 772.1 | H67: =(F67/G67-1)*100 -> 29.814791
A68: =+A67+7 -> 39310 | B68: 507.3 | C68: 322 | D68: 523.9 | E68: 464.8 | F68: =+B68+D68 -> 1031.2 | G68: =+C68+E68 -> 786.8 | H68: =(F68/G68-1)*100 -> 31.062532
A69: =+A68+7 -> 39317 | B69: 460.3 | C69: 311.8 | D69: 558.7 | E69: 513.2 | F69: =+B69+D69 -> 1019 | G69: =+C69+E69 -> 825 | H69: =(F69/G69-1)*100 -> 23.515152
... A92: =+A91+7 -> 39478 | B92: 699.3 | C92: 319.8 | D92: 1713.2 | E92: 1335 | F92: =+B92+D92 -> 2412.5 | G92: =+C92+E92 -> 1654.8 | H92: =(F92/G92-1)*100 -> 45.788011
A93: =+A92+7 -> 39485 | B93: 609.2 | C93: 290.2 | D93: 1801.2 | E93: 1385.4 | F93: =+B93+D93 -> 2410.4 | G93: =+C93+E93 -> 1675.6 | H93: =(F93/G93-1)*100 -> 43.852948 | I93: 46.3
A94: =+A93+7 -> 39492 | B94: 613.6 | C94: 317.2 | D94: 1825.6 | E94: 1397.2 | F94: =+B94+D94 -> 2439.2 | G94: =+C94+E94 -> 1714.4 | H94: =(F94/G94-1)*100 -> 42.277182 | I94: 70.8
A95: =+A94+7 -> 39499 | B95: 584.2 | C95: 282.3 | D95: 1881.6 | E95: 1467.1 | F95: =+B95+D95 -> 2465.8 | G95: =+C95+E95 -> 1749.4 | H95: =(F95/G95-1)*100 -> 40.951183
A96: =+A95+7 -> 39506 | B96: 592.9 | C96: 380.3 | D96: 1960.5 | E96: 1477.7 | F96: =+B96+D96 -> 2553.4 | G96: =+C96+E96 -> 1858 | H96: =(F96/G96-1)*100 -> 37.427341
A97: =+A96+7 -> 39513 | B97: 570.9 | C97: 383.4 | D97: 1998.7 | E97: 1539 | F97: =+B97+D97 -> 2569.6 | G97: =+C97+E97 -> 1922.4 | H97: =(F97/G97-1)*100 -> 33.666251
A98: =+A97+7 -> 39520 | B98: 490.4 | C98: 373.9 | D98: 2094.4 | E98: 1592.6 | F98: =+B98+D98 -> 2584.8 | G98: =+C98+E98 -> 1966.5 | H98: =(F98/G98-1)*100 -> 31.441648
A99: =+A98+7 -> 39527 | B99: 476.3 | C99: 345.3 | D99: 2112.4 | E99: 1651.9 | F99: =+B99+D99 -> 2588.7 | G99: =+C99+E99 -> 1997.2 | H99: =(F99/G99-1)*100 -> 29.616463
A100: =+A99+7 -> 39534 | B100: 419.6 | C100: 335 | D100: 2181.2 | E100: 1705.3 | F100: =+B100+D100 -> 2600.8 | G100: =+C100+E100 -> 2040.3 | H100: =(F100/G100-1)*100 -> 27.47145
A101: =+A100+7 -> 39541 | B101: 387.7 | C101: 348.9 | D101: 2275.1 | E101: 1723 | F101: =+B101+D101 -> 2662.8 | G101: =+C101+E101 -> 2071.9 | H101: =(F101/G101-1)*100 -> 28.519716
A102: =+A101+7 -> 39548 | B102: 353.5 | C102: 286.1 | D102: 2312.2 | E102: 1800.8 | F102: =+B102+D102 -> 2665.7 | G102: =+C102+E102 -> 2086.9 | H102: =(F102/G102-1)*100 -> 27.734918
A103: =+A102+7 -> 39555 | B103: 308.8 | C103: 258 | D103: 2365.9 | E103: 1901.8 | F103: =+B103+D103 -> 2674.7 | G103: =+C103+E103 -> 2159.8 | H103: =(F103/G103-1)*100 -> 23.84017
A104: =+A103+7 -> 39562 | B104: 297.1 | C104: 245.3 | D104: 2397.1 | E104: 1927.4 | F104: =+B104+D104 -> 2694.2 | G104: =+C104+E104 -> 2172.7 | H104: =(F104/G104-1)*100 -> 24.002393
A105: =+A104+7 -> 39569 | B105: 314.9 | C105: 213 | D105: 2414.1 | E105: 1985.7 | F105: =+B105+D105 -> 2729 | G105: =+C105+E105 -> 2198.7 | H105: =(F105/G105-1)*100 -> 24.118797 | I105: 437.4
A106: =+A105+7 -> 39576 | B106: 231.8 | C106: 198.9 | D106: 2498.4 | E106: 2011.3 | F106: =+B106+D106 -> 2730.2 | G106: =+C106+E106 -> 2210.2 | H106: =(F106/G106-1)*100 -> 23.527283 | I106: 437.4
A107: =+A106+7 -> 39583 | B107: 216.5 | C107: 151 | D107: 2515.2 | E107: 2064.3 | F107: =+B107+D107 -> 2731.7 | G107: =+C107+E107 -> 2215.3 | H107: =(F107/G107-1)*100 -> 23.310613 | I107: 524.4
A108: =+A107+7 -> 39590 | B108: 196.8 | C108: 118.5 | D108: 2533.9 | E108: 2100.2 | F108: =+B108+D108 -> 2730.7 | G108: =+C108+E108 -> 2218.7 | H108: =(F108/G108-1)*100 -> 23.076576 | I108: 529.4
A109: =+A108+7 -> 39597 | B109: 172.3 | C109: 82.3 | D109: 2556.5 | E109: 2137.7 | F109: =+B109+D109 -> 2728.8 | G109: =+C109+E109 -> 2220 | H109: =(F109/G109-1)*100 -> 22.918919 | I109: 539.1
A110: =+A109+7 -> 39604 | B110: 709.2 | C110: 390.5 | D110: 11.6 | E110: 46.9 | F110: =+B110+D110 -> 720.8 | G110: =+C110+E110 -> 437.4 | H110: =(F110/G110-1)*100 -> 64.791952
A111: =+A110+7 -> 39611 | B111: 709.2 | C111: 390.5 | D111: 11.6 | E111: 46.9 | F111: =+B111+D111 -> 720.8 | G111: =+C111+E111 -> 437.4 | H111: =(F111/G111-1)*100 -> 64.791952
A112: =+A111+7 -> 39618 | B112: 810 | C112: 421.5 | D112: 50.8 | E112: 130.8 | F112: =+B112+D112 -> 860.8 | G112: =+C112+E112 -> 552.3 | H112: =(F112/G112-1)*100 -> 55.857324
A113: =+A112+7 -> 39625 | B113: 851.7 | C113: 435.5 | D113: 73.2 | E113: 164.2 | F113: =+B113+D113 -> 924.9 | G113: =+C113+E113 -> 599.7 | H113: =(F113/G113-1)*100 -> 54.227114
A114: =+A113+7 -> 39632 | B114: 804.8 | C114: 373.7 | D114: 126.4 | E114: 262.4 | F114: =+B114+D114 -> 931.2 | G114: =+C114+E114 -> 636.1 | H114: =(F114/G114-1)*100 -> 46.392077
A115: =+A114+7 -> 39639 | B115: 832 | C115: 505.5 | D115: 148.9 | E115: 292 | F115: =+B115+D115 -> 980.9 | G115: =+C115+E115 -> 797.5 | H115: =(F115/G115-1)*100 -> 22.996865
A116: =+A115+7 -> 39646 | B116: 850 | C116: 496.7 | D116: 284 | E116: 341.4 | F116: =+B116+D116 -> 1134 | G116: =+C116+E116 -> 838.1 | H116: =(F116/G116-1)*100 -> 35.306049
A117: =+A116+7 -> 39653 | B117: 894.6 | C117: 533.3 | D117: 311.9 | E117: 382.7 | F117: =+B117+D117 -> 1206.5 | G117: =+C117+E117 -> 916 | H117: =(F117/G117-1)*100 -> 31.713974
A118: =+A117+7 -> 39660 | B118: 947.8 | C118: 533.9 | D118: 361.2 | E118: 448 | F118: =+B118+D118 -> 1309 | G118: =+C118+E118 -> 981.9 | H118: =(F118/G118-1)*100 -> 33.312965 | I118: 5
A119: =+A118+7 -> 39667 | B119: 884.8 | C119: 529.9 | D119: 439.2 | E119: 472.4 | F119: =+B119+D119 -> 1324 | G119: =+C119+E119 -> 1002.3 | H119: =(F119/G119-1)*100 -> 32.096179 | I119: 5
A120: =+A119+7 -> 39674 | B120: 880.6 | C120: 507.3 | D120: 501.9 | E120: 523.9 | F120: =+B120+D120 -> 1382.5 | G120: =+C120+E120 -> 1031.2 | H120: =(F120/G120-1)*100 -> 34.067106 | I120: 20
A121: =+A120+7 -> 39681 | B121: 850 | C121: 460.3 | D121: 603.2 | E121: 558.7 | F121: =+B121+D121 -> 1453.2 | G121: =+C121+E121 -> 1019 | H121: =(F121/G121-1)*100 -> 42.610402 | I121: 20
A122: =+A121+7 -> 39688 | B122: 795.9 | C122: 455.3 | D122: 658.5 | E122: 591.5 | F122: =+B122+D122 -> 1454.4 | G122: =+C122+E122 -> 1046.8 | H122: =(F122/G122-1)*100 -> 38.937715
A123: =+A122+7 -> 39695 | B123: 789.3 | C123: 423.6 | D123: 706.2 | E123: 654.8 | F123: =+B123+D123 -> 1495.5 | G123: =+C123+E123 -> 1078.4 | H123: =(F123/G123-1)*100 -> 38.677671
A124: =+A123+7 -> 39702 | B124: 802.3 | C124: 412.9 | D124: 758.3 | E124: 709.8 | F124: =+B124+D124 -> 1560.6 | G124: =+C124+E124 -> 1122.7 | H124: =(F124/G124-1)*100 -> 39.004186
A125: =+A124+7 -> 39709 | B125: 852.3 | C125: 493.1 | D125: 773.5 | E125: 737.2 | F125: =+B125+D125 -> 1625.8 | G125: =+C125+E125 -> 1230.3 | H125: =(F125/G125-1)*100 -> 32.146631
A126: =+A125+7 -> 39716 | B126: 804 | C126: 589 | D126: 876.4 | E126: 832.2 | F126: =+B126+D126 -> 1680.4 | G126: =+C126+E126 -> 1421.2 | H126: =(F126/G126-1)*100 -> 18.238109
A127: =+A126+7 -> 39723 | B127: 777.3 | C127: 801.3 | D127: 916.3 | E127: 872.8 | F127: =+B127+D127 -> 1693.6 | G127: =+C127+E127 -> 1674.1 | H127: =(F127/G127-1)*100 -> 1.164805
A128: =+A127+7 -> 39730 | B128: 736.6 | C128: 802.4 | D128: 1017.8 | E128: 945.5 | F128: =+B128+D128 -> 1754.4 | G128: =+C128+E128 -> 1747.9 | H128: =(F128/G128-1)*100 -> 0.37187482
A129: =+A128+7 -> 39737 | B129: 743.6 | C129: 737.3 | D129: 1060 | E129: 1028.5 | F129: =+B129+D129 -> 1803.6 | G129: =+C129+E129 -> 1765.8 | H129: =(F129/G129-1)*100 -> 2.1406728
A130: =+A129+7 -> 39744 | B130: 730.9 | C130: 730 | D130: 1106 | E130: 1047.6 | F130: =+B130+D130 -> 1836.9 | G130: =+C130+E130 -> 1777.6 | H130: =(F130/G130-1)*100 -> 3.3359586
A131: =+A130+7 -> 39751 | B131: 754 | C131: 680.8 | D131: 1112.7 | E131: 1129.3 | F131: =+B131+D131 -> 1866.7 | G131: =+C131+E131 -> 1810.1 | H131: =(F131/G131-1)*100 -> 3.1268991
A132: =+A131+7 -> 39758 | B132: 734.5 | C132: 662.7 | D132: 1175.8 | E132: 1177.6 | F132: =+B132+D132 -> 1910.3 | G132: =+C132+E132 -> 1840.3 | H132: =(F132/G132-1)*100 -> 3.8037277
A133: =+A132+7 -> 39765 | B133: 721.6 | C133: 697.7 | D133: 1186 | E133: 1223.5 | F133: =+B133+D133 -> 1907.6 | G133: =+C133+E133 -> 1921.2 | H133: =(F133/G133-1)*100 -> -0.7078909
...

Sheet Phil
B1: Unshipped Balance | D1: Accumulated Exports | F1: Total Commitments
A2: EXPORT SALES, Philippines | B2: this year | C2: last year | D2: this year | E2: last year | F2: this year | G2: last year | H2: % change
A3: =Japan!A3 -> 38855 | B3: 174.9 | C3: 223.5 | D3: 1538 | E3: 1653.7 | F3: =+B3+D3 -> 1712.9 | G3: =+C3+E3 -> 1877.2 | H3: =+(F3/G3-1)*100 -> -8.7523972 | I3: 500.1
A4: =Japan!A4 -> 38862 | B4: 131.8 | C4: 92.1 | D4: 1585.2 | E4: 1786.2 | F4: =+B4+D4 -> 1717 | G4: =+C4+E4 -> 1878.3 | H4: =+(F4/G4-1)*100 -> -8.5875526 | I4: 530.1
A5: =+A4+7 -> 38869 | B5: 627.3 | C5: 298.1 | D5: 0 | E5: 0 | F5: =+B5+D5 -> 627.3 | G5: =+C5+E5 -> 298.1 | H5: =+(F5/G5-1)*100 -> 110.43274
A6: =+A5+7 -> 38876 | B6: 578.1 | C6: 296.1 | D6: 51.5 | E6: 0 | F6: =+B6+D6 -> 629.6 | G6: =+C6+E6 -> 296.1 | H6: =+(F6/G6-1)*100 -> 112.63087
A7: =+A6+7 -> 38883 | B7: 556.1 | C7: 281.6 | D7: 75.7 | E7: 14.3 | F7: =+B7+D7 -> 631.8 | G7: =+C7+E7 -> 295.9 | H7: =+(F7/G7-1)*100 -> 113.51808
A8: =+A7+7 -> 38890 | B8: 563.6 | C8: 297.1 | D8: 109.3 | E8: 41.6 | F8: =+B8+D8 -> 672.9 | G8: =+C8+E8 -> 338.7 | H8: =+(F8/G8-1)*100 -> 98.671391
A9: =+A8+7 -> 38897 | B9: 520.6 | C9: 286.8 | D9: 151.8 | E9: 79.3 | F9: =+B9+D9 -> 672.4 | G9: =+C9+E9 -> 366.1 | H9: =+(F9/G9-1)*100 -> 83.665665
A10: =+A9+7 -> 38904 | B10: 571.6 | C10: 336.8 | D10: 151.8 | E10: 79.3 | F10: =+B10+D10 -> 723.4 | G10: =+C10+E10 -> 416.1 | H10: =+(F10/G10-1)*100 -> 73.852439
A11: =+A10+7 -> 38911 | B11: 606.1 | C11: 279.3 | D11: 197.3 | E11: 139.5 | F11: =+B11+D11 -> 803.4 | G11: =+C11+E11 -> 418.8 | H11: =+(F11/G11-1)*100 -> 91.833811
A12: =+A11+7 -> 38918 | B12: 588.1 | C12: 286.3 | D12: 241 | E12: 139.5 | F12: =+B12+D12 -> 829.1 | G12: =+C12+E12 -> 425.8 | H12: =+(F12/G12-1)*100 -> 94.715829
A13: =+A12+7 -> 38925 | B13: 609.9 | C13: 262.3 | D13: 241 | E13: 188.1 | F13: =+B13+D13 -> 850.9 | G13: =+C13+E13 -> 450.4 | H13: =+(F13/G13-1)*100 -> 88.920959
A14: =+A13+7 -> 38932 | B14: 609.5 | C14: 292.3 | D14: 291.2 | E14: 188.1 | F14: =+B14+D14 -> 900.7 | G14: =+C14+E14 -> 480.4 | H14: =+(F14/G14-1)*100 -> 87.489592
A15: =+A14+7 -> 38939 | B15: 567.4 | C15: 305.8 | D15: 332.3 | E15: 209.1 | F15: =+B15+D15 -> 899.7 | G15: =+C15+E15 -> 514.9 | H15: =+(F15/G15-1)*100 -> 74.732958
A16: =+A15+7 -> 38946 | B16: 571.8 | C16: 353.9 | D16: 377.8 | E16: 258.3 | F16: =+B16+D16 -> 949.6 | G16: =+C16+E16 -> 612.2 | H16: =+(F16/G16-1)*100 -> 55.112708
... A21: =+A20+7 -> 38981 | B21: 499.4 | C21: 327 | D21: 535.2 | E21: 411.5 | F21: =+B21+D21 -> 1034.6 | G21: =+C21+E21 -> 738.5 | H21: =+(F21/G21-1)*100 -> 40.094787
A22: =+A21+7 -> 38988 | B22: 499.4 | C22: 263 | D22: 535.2 | E22: 521.2 | F22: =+B22+D22 -> 1034.6 | G22: =+C22+E22 -> 784.2 | H22: =+(F22/G22-1)*100 -> 31.93063 | I22: 42
A23: =+A22+7 -> 38995 | B23: 463.4 | C23: 280.1 | D23: 623.5 | E23: 521.2 | F23: =+B23+D23 -> 1086.9 | G23: =+C23+E23 -> 801.3 | H23: =+(F23/G23-1)*100 -> 35.642082
A24: =+A23+7 -> 39002 | B24: 410.9 | C24: 310.6 | D24: 716.3 | E24: 579.5 | F24: =+B24+D24 -> 1127.2 | G24: =+C24+E24 -> 890.1 | H24: =+(F24/G24-1)*100 -> 26.637456 | I24: 42
A25: =+A24+7 -> 39009 | B25: 418.4 | C25: 372.1 | D25: 756.9 | E25: 604.1 | F25: =+B25+D25 -> 1175.3 | G25: =+C25+E25 -> 976.2 | H25: =+(F25/G25-1)*100 -> 20.395411
A26: =+A25+7 -> 39016 | B26: 523.4 | C26: 457.1 | D26: 773.7 | E26: 604.1 | F26: =+B26+D26 -> 1297.1 | G26: =+C26+E26 -> 1061.2 | H26: =+(F26/G26-1)*100 -> 22.229551 | I26: 42
A27: =+A26+7 -> 39023 | B27: 530.9 | C27: 407.2 | D27: 773.7 | E27: 651.5 | F27: =+B27+D27 -> 1304.6 | G27: =+C27+E27 -> 1058.7 | H27: =+(F27/G27-1)*100 -> 23.226599 | I27: 42
A28: =+A27+7 -> 39030 | B28: 488.1 | C28: 438.2 | D28: 819.2 | E28: 651.5 | F28: =+B28+D28 -> 1307.3 | G28: =+C28+E28 -> 1089.7 | H28: =+(F28/G28-1)*100 -> 19.968799 | I28: 42
A29: =+A28+7 -> 39037 | B29: 474.6 | C29: 438.2 | D29: 856 | E29: 651.5 | F29: =+B29+D29 -> 1330.6 | G29: =+C29+E29 -> 1089.7 | H29: =+(F29/G29-1)*100 -> 22.107002
A30: =+A29+7 -> 39044 | B30: 524.6 | C30: 395.7 | D30: 856 | E30: 705.6 | F30: =+B30+D30 -> 1380.6 | G30: =+C30+E30 -> 1101.3 | H30: =+(F30/G30-1)*100 -> 25.360937
A31: =+A30+7 -> 39051 | B31: 498.2 | C31: 428.3 | D31: 905.8 | E31: 753.2 | F31: =+B31+D31 -> 1404 | G31: =+C31+E31 -> 1181.5 | H31: =+(F31/G31-1)*100 -> 18.831993
A32: =+A31+7 -> 39058 | B32: 481.2 | C32: 442.3 | D32: 929.3 | E32: 820.3 | F32: =+B32+D32 -> 1410.5 | G32: =+C32+E32 -> 1262.6 | H32: =+(F32/G32-1)*100 -> 11.713924
A33: =+A32+7 -> 39065 | B33: 473.7 | C33: 445.7 | D33: 935.6 | E33: 837.2 | F33: =+B33+D33 -> 1409.3 | G33: =+C33+E33 -> 1282.9 | H33: =+(F33/G33-1)*100 -> 9.8526775
A34: =+A33+7 -> 39072 | B34: 449.7 | C34: 455.7 | D34: 960.8 | E34: 837.2 | F34: =+B34+D34 -> 1410.5 | G34: =+C34+E34 -> 1292.9 | H34: =+(F34/G34-1)*100 -> 9.0958311 | I34: 49.5
A35: =+A34+7 -> 39079 | B35: 396.3 | C35: 455.7 | D35: 1015 | E35: 837.2 | F35: =+B35+D35 -> 1411.3 | G35: =+C35+E35 -> 1292.9 | H35: =+(F35/G35-1)*100 -> 9.1577075 | I35: 49.5
A36: =+A35+7 -> 39086 | B36: 325 | C36: 485 | D36: 1088.3 | E36: 879.9 | F36: =+B36+D36 -> 1413.3 | G36: =+C36+E36 -> 1364.9 | H36: =+(F36/G36-1)*100 -> 3.5460473 | I36: 49.5
A37: =+A36+7 -> 39093 | B37: 400.7 | C37: 536 | D37: 1088.6 | E37: 879.9 | F37: =+B37+D37 -> 1489.3 | G37: =+C37+E37 -> 1415.9 | H37: =+(F37/G37-1)*100 -> 5.1839819
A38: =+A37+7 -> 39100 | B38: 369.7 | C38: 614 | D38: 1120.1 | E38: 879.9 | F38: =+B38+D38 -> 1489.8 | G38: =+C38+E38 -> 1493.9 | H38: =+(F38/G38-1)*100 -> -0.27444943
A39: =+A38+7 -> 39107 | B39: 325.2 | C39: 387.6 | D39: 1168.1 | E39: 1041.6 | F39: =+B39+D39 -> 1493.3 | G39: =+C39+E39 -> 1429.2 | H39: =+(F39/G39-1)*100 -> 4.4850266
A40: =+A39+7 -> 39114 | B40: 267.2 | C40: 436.6 | D40: 1236.4 | E40: 1061.5 | F40: =+B40+D40 -> 1503.6 | G40: =+C40+E40 -> 1498.1 | H40: =+(F40/G40-1)*100 -> 0.3671317
A41: =+A40+7 -> 39121 | B41: 338 | C41: 550.5 | D41: 1237 | E41: 1085.7 | F41: =+B41+D41 -> 1575 | G41: =+C41+E41 -> 1636.2 | H41: =+(F41/G41-1)*100 -> -3.740374
A42: =+A41+7 -> 39128 | B42: 362.7 | C42: 438.9 | D42: 1237.7 | E42: 1164.4 | F42: =+B42+D42 -> 1600.4 | G42: =+C42+E42 -> 1603.3 | H42: =+(F42/G42-1)*100 -> -0.18087694
A43: =+A42+7 -> 39135 | B43: 305.9 | C43: 433.9 | D43: 1293.1 | E43: 1164.4 | F43: =+B43+D43 -> 1599 | G43: =+C43+E43 -> 1598.3 | H43: =+(F43/G43-1)*100 -> 0.043796534
A44: =+A43+7 -> 39142 | B44: 285.8 | C44: 416.8 | D44: 1329.3 | E44: 1182.1 | F44: =+B44+D44 -> 1615.1 | G44: =+C44+E44 -> 1598.9 | H44: =+(F44/G44-1)*100 -> 1.0131966
A45: =+A44+7 -> 39149 | B45: 210.2 | C45: 328.1 | D45: 1406.6 | E45: 1275.4 | F45: =+B45+D45 -> 1616.8 | G45: =+C45+E45 -> 1603.5 | H45: =+(F45/G45-1)*100 -> 0.82943561
A46: =+A45+7 -> 39156 | B46: 280.2 | C46: 332.6 | D46: 1406.8 | E46: 1322.7 | F46: =+B46+D46 -> 1687 | G46: =+C46+E46 -> 1655.3 | H46: =+(F46/G46-1)*100 -> 1.9150607
A47: =+A46+7 -> 39163 | B47: 323.7 | C47: 332.6 | D47: 1408.1 | E47: 1322.7 | F47: =+B47+D47 -> 1731.8 | G47: =+C47+E47 -> 1655.3 | H47: =+(F47/G47-1)*100 -> 4.6215188
A48: =+A47+7 -> 39170 | B48: 301 | C48: 272.8 | D48: 1433.6 | E48: 1366.8 | F48: =+B48+D48 -> 1734.6 | G48: =+C48+E48 -> 1639.6 | H48: =+(F48/G48-1)*100 -> 5.7940961
... A52: =+A51+7 -> 39198 | B52: 180.6 | C52: 216 | D52: 1609.8 | E52: 1476.2 | F52: =+B52+D52 -> 1790.4 | G52: =+C52+E52 -> 1692.2 | H52: =+(F52/G52-1)*100 -> 5.8030966
A53: =+A52+7 -> 39205 | B53: 186.6 | C53: 218 | D53: 1611.8 | E53: 1493 | F53: =+B53+D53 -> 1798.4 | G53: =+C53+E53 -> 1711 | H53: =+(F53/G53-1)*100 -> 5.1081239 | I53: 291
A54: =+A53+7 -> 39212 | B54: 143.1 | C54: 174.9 | D54: 1657.4 | E54: 1538 | F54: =+B54+D54 -> 1800.5 | G54: =+C54+E54 -> 1712.9 | H54: =+(F54/G54-1)*100 -> 5.1141339 | I54: 323
A55: =+A54+7 -> 39219 | B55: 136.5 | C55: 174.9 | D55: 1658.9 | E55: 1538 | F55: =+B55+D55 -> 1795.4 | G55: =+C55+E55 -> 1712.9 | H55: =+(F55/G55-1)*100 -> 4.8163933 | I55: 397.5
A56: =+A55+7 -> 39226 | B56: 27.4 | C56: 131.8 | D56: 1739.2 | E56: 1585.2 | F56: =+B56+D56 -> 1766.6 | G56: =+C56+E56 -> 1717 | H56: =+(F56/G56-1)*100 -> 2.8887595 | I56: 477.5
A57: =+A56+7 -> 39233 | F57: 1739.2 | G57: 1676.3 | H57: =+(F57/G57-1)*100 -> 3.7523116
A58: =+A57+7 -> 39240 | B58: 527.8 | C58: 578.1 | D58: 0.7 | E58: 51.5 | F58: =+B58+D58 -> 528.5 | G58: =+C58+E58 -> 629.6 | H58: =+(F58/G58-1)*100 -> -16.057814
A59: =+A58+7 -> 39247 | B59: 541.8 | C59: 556.1 | D59: 18.1 | E59: 75.7 | F59: =+B59+D59 -> 559.9 | G59: =+C59+E59 -> 631.8 | H59: =+(F59/G59-1)*100 -> -11.380184
A60: =+A59+7 -> 39254 | B60: 540.5 | C60: 563.6 | D60: 19.8 | E60: 109.3 | F60: =+B60+D60 -> 560.3 | G60: =+C60+E60 -> 672.9 | H60: =+(F60/G60-1)*100 -> -16.733541
A61: =+A60+7 -> 39261 | B61: 478.5 | C61: 520.6 | D61: 86.8 | E61: 151.8 | F61: =+B61+D61 -> 565.3 | G61: =+C61+E61 -> 672.4 | H61: =+(F61/G61-1)*100 -> -15.928019
A62: =+A61+7 -> 39268 | B62: 477.9 | C62: 571.6 | D62: 87.4 | E62: 151.8 | F62: =+B62+D62 -> 565.3 | G62: =+C62+E62 -> 723.4 | H62: =+(F62/G62-1)*100 -> -21.855129
A63: =+A62+7 -> 39275 | B63: 535 | C63: 606.1 | D63: 88.3 | E63: 197.3 | F63: =+B63+D63 -> 623.3 | G63: =+C63+E63 -> 803.4 | H63: =+(F63/G63-1)*100 -> -22.417227
A64: =+A63+7 -> 39282 | B64: 518.1 | C64: 588.1 | D64: 106.8 | E64: 241 | F64: =+B64+D64 -> 624.9 | G64: =+C64+E64 -> 829.1 | H64: =+(F64/G64-1)*100 -> -24.629116
A65: =+A64+7 -> 39289 | B65: 758.4 | C65: 609.9 | D65: 107.5 | E65: 241 | F65: =+B65+D65 -> 865.9 | G65: =+C65+E65 -> 850.9 | H65: =+(F65/G65-1)*100 -> 1.7628393
A66: =+A65+7 -> 39296 | B66: 708 | C66: 609.5 | D66: 159.7 | E66: 291.2 | F66: =+B66+D66 -> 867.7 | G66: =+C66+E66 -> 900.7 | H66: =+(F66/G66-1)*100 -> -3.663817
A67: =+A66+7 -> 39303 | B67: 751.5 | C67: 567.4 | D67: 213.1 | E67: 332.3 | F67: =+B67+D67 -> 964.6 | G67: =+C67+E67 -> 899.7 | H67: =+(F67/G67-1)*100 -> 7.2135156
A68: =+A67+7 -> 39310 | B68: 708.2 | C68: 571.8 | D68: 258.7 | E68: 377.8 | F68: =+B68+D68 -> 966.9 | G68: =+C68+E68 -> 949.6 | H68: =+(F68/G68-1)*100 -> 1.8218197
A69: =+A68+7 -> 39317 | B69: 692.8 | C69: 507.1 | D69: 281 | E69: 450.6 | F69: =+B69+D69 -> 973.8 | G69: =+C69+E69 -> 957.7 | H69: =+(F69/G69-1)*100 -> 1.681111
... A77: =+A76+7 -> 39373 | B77: 1049.8 | C77: 418.4 | D77: 438.5 | E77: 756.9 | F77: =+B77+D77 -> 1488.3 | G77: =+C77+E77 -> 1175.3 | H77: =+(F77/G77-1)*100 -> 26.631498
A78: =+A77+7 -> 39380 | B78: 1004.8 | C78: 523.4 | D78: 482.2 | E78: 773.7 | F78: =+B78+D78 -> 1487 | G78: =+C78+E78 -> 1297.1 | H78: =+(F78/G78-1)*100 -> 14.640352 | I78: 79.5
A79: =+A78+7 -> 39387 | B79: 959.8 | C79: 530.9 | D79: 572.9 | E79: 773.7 | F79: =+B79+D79 -> 1532.7 | G79: =+C79+E79 -> 1304.6 | H79: =+(F79/G79-1)*100 -> 17.484286
A80: =+A79+7 -> 39394 | B80: 940.8 | C80: 488.1 | D80: 592.3 | E80: 819.2 | F80: =+B80+D80 -> 1533.1 | G80: =+C80+E80 -> 1307.3 | H80: =+(F80/G80-1)*100 -> 17.27224
A81: =+A80+7 -> 39401 | B81: 949.5 | C81: 474.6 | D81: 635.8 | E81: 856 | F81: =+B81+D81 -> 1585.3 | G81: =+C81+E81 -> 1330.6 | H81: =+(F81/G81-1)*100 -> 19.141741
A82: =+A81+7 -> 39408 | B82: 951.5 | C82: 524.6 | D82: 635.8 | E82: 856 | F82: =+B82+D82 -> 1587.3 | G82: =+C82+E82 -> 1380.6 | H82: =+(F82/G82-1)*100 -> 14.971751
A83: =+A82+7 -> 39415 | B83: 959.5 | C83: 498.2 | D83: 637.3 | E83: 905.8 | F83: =+B83+D83 -> 1596.8 | G83: =+C83+E83 -> 1404 | H83: =+(F83/G83-1)*100 -> 13.732194
A84: =+A83+7 -> 39422 | B84: 914.1 | C84: 481.2 | D84: 688.6 | E84: 929.3 | F84: =+B84+D84 -> 1602.7 | G84: =+C84+E84 -> 1410.5 | H84: =+(F84/G84-1)*100 -> 13.626374
A85: =+A84+7 -> 39429 | B85: 850.3 | C85: 473.7 | D85: 758.2 | E85: 935.6 | F85: =+B85+D85 -> 1608.5 | G85: =+C85+E85 -> 1409.3 | H85: =+(F85/G85-1)*100 -> 14.134677
A86: =+A85+7 -> 39436 | B86: 850.3 | C86: 449.7 | D86: 758.2 | E86: 960.8 | F86: =+B86+D86 -> 1608.5 | G86: =+C86+E86 -> 1410.5 | H86: =+(F86/G86-1)*100 -> 14.037575
A87: =+A86+7 -> 39443 | B87: 869 | C87: 396.3 | D87: 759.5 | E87: 1015 | F87: =+B87+D87 -> 1628.5 | G87: =+C87+E87 -> 1411.3 | H87: =+(F87/G87-1)*100 -> 15.390066
A88: =+A87+7 -> 39450 | B88: 852 | C88: 325 | D88: 777.9 | E88: 1088.3 | F88: =+B88+D88 -> 1629.9 | G88: =+C88+E88 -> 1413.3 | H88: =+(F88/G88-1)*100 -> 15.325833 | I88: 169
A89: =+A88+7 -> 39457 | B89: 800.7 | C89: 400.7 | D89: 829.3 | E89: 1088.6 | F89: =+B89+D89 -> 1630 | G89: =+C89+E89 -> 1489.3 | H89: =+(F89/G89-1)*100 -> 9.4473914
A90: =+A89+7 -> 39464 | B90: 780.7 | C90: 369.7 | D90: 849.5 | E90: 1120.1 | F90: =+B90+D90 -> 1630.2 | G90: =+C90+E90 -> 1489.8 | H90: =+(F90/G90-1)*100 -> 9.4240838
A91: =+A90+7 -> 39471 | B91: 767.3 | C91: 325.2 | D91: 915 | E91: 1168.1 | F91: =+B91+D91 -> 1682.3 | G91: =+C91+E91 -> 1493.3 | H91: =+(F91/G91-1)*100 -> 12.656533 | I91: 374
A92: =+A91+7 -> 39478 | B92: 777 | C92: 267.2 | D92: 915 | E92: 1236.4 | F92: =+B92+D92 -> 1692 | G92: =+C92+E92 -> 1503.6 | H92: =+(F92/G92-1)*100 -> 12.529928 | I92: 434.1
A93: =+A92+7 -> 39485 | B93: 683.2 | C93: 338 | D93: 987.3 | E93: 1237 | F93: =+B93+D93 -> 1670.5 | G93: =+C93+E93 -> 1575 | H93: =+(F93/G93-1)*100 -> 6.0634921 | I93: 475.9
A94: =+A93+7 -> 39492 | B94: 628 | C94: 362.7 | D94: 1042.6 | E94: 1237.7 | F94: =+B94+D94 -> 1670.6 | G94: =+C94+E94 -> 1600.4 | H94: =+(F94/G94-1)*100 -> 4.3864034 | I94: 468.9
A95: =+A94+7 -> 39499 | B95: 628 | C95: 305.9 | D95: 1042.6 | E95: 1293.1 | F95: =+B95+D95 -> 1670.6 | G95: =+C95+E95 -> 1599 | H95: =+(F95/G95-1)*100 -> 4.4777986 | I95: 468.9
A96: =+A95+7 -> 39506 | B96: 628 | C96: 285.8 | D96: 1042.6 | E96: 1329.3 | F96: =+B96+D96 -> 1670.6 | G96: =+C96+E96 -> 1615.1 | H96: =+(F96/G96-1)*100 -> 3.4363197 | I96: 468.9
A97: =+A96+7 -> 39513 | B97: 563.6 | C97: 210.2 | D97: 1106.8 | E97: 1406.6 | F97: =+B97+D97 -> 1670.4 | G97: =+C97+E97 -> 1616.8 | H97: =+(F97/G97-1)*100 -> 3.3151905 | I97: 515.1
A98: =+A97+7 -> 39520 | B98: 538.6 | C98: 280.2 | D98: 1132 | E98: 1406.8 | F98: =+B98+D98 -> 1670.6 | G98: =+C98+E98 -> 1687 | H98: =+(F98/G98-1)*100 -> -0.97213989 | I98: 594.3
A99: =+A98+7 -> 39527 | B99: 493.6 | C99: 323.7 | D99: 1177 | E99: 1408.1 | F99: =+B99+D99 -> 1670.6 | G99: =+C99+E99 -> 1731.8 | H99: =+(F99/G99-1)*100 -> -3.5338954 | I99: 594.3
A100: =+A99+7 -> 39534 | B100: 413.8 | C100: 301 | D100: 1272 | E100: 1433.6 | F100: =+B100+D100 -> 1685.8 | G100: =+C100+E100 -> 1734.6 | H100: =+(F100/G100-1)*100 -> -2.8133287 | I100: 594.3
A101: =+A100+7 -> 39541 | B101: 354 | C101: 351.2 | D101: 1316.4 | E101: 1434.2 | F101: =+B101+D101 -> 1670.4 | G101: =+C101+E101 -> 1785.4 | H101: =+(F101/G101-1)*100 -> -6.4411336 | I101: 624.3
A102: =+A101+7 -> 39548 | B102: 355.3 | C102: 224.9 | D102: 1316.7 | E102: 1560.9 | F102: =+B102+D102 -> 1672 | G102: =+C102+E102 -> 1785.8 | H102: =+(F102/G102-1)*100 -> -6.3724941 | I102: 624.3
... A109: =+A108+7 -> 39597 | B109: 134.6 | C109: 27.3 | D109: 1538 | E109: 1739.2 | F109: =+B109+D109 -> 1672.6 | G109: =+C109+E109 -> 1766.5 | H109: =+(F109/G109-1)*100 -> -5.3155958 | I109: 638.1
A110: =+A109+7 -> 39604 | B110: 774.6 | C110: 527.8 | D110: 0.1 | E110: 0.7 | F110: =+B110+D110 -> 774.7 | G110: =+C110+E110 -> 528.5 | H110: =+(F110/G110-1)*100 -> 46.584674
A111: =+A110+7 -> 39611 | B111: 774.6 | C111: 527.8 | D111: 0.1 | E111: 0.7 | F111: =+B111+D111 -> 774.7 | G111: =+C111+E111 -> 528.5 | H111: =+(F111/G111-1)*100 -> 46.584674
A112: =+A111+7 -> 39618 | B112: 677.7 | C112: 540.5 | D112: 84.9 | E112: 19.8 | F112: =+B112+D112 -> 762.6 | G112: =+C112+E112 -> 560.3 | H112: =+(F112/G112-1)*100 -> 36.105658
A113: =+A112+7 -> 39625 | B113: 674.7 | C113: 478.5 | D113: 86.4 | E113: 86.8 | F113: =+B113+D113 -> 761.1 | G113: =+C113+E113 -> 565.3 | H113: =+(F113/G113-1)*100 -> 34.636476
A114: =+A113+7 -> 39632 | B114: 679.6 | C114: 477.9 | D114: 131 | E114: 87.4 | F114: =+B114+D114 -> 810.6 | G114: =+C114+E114 -> 565.3 | H114: =+(F114/G114-1)*100 -> 43.392889
A115: =+A114+7 -> 39639 | B115: 639.1 | C115: 535 | D115: 182.7 | E115: 88.3 | F115: =+B115+D115 -> 821.8 | G115: =+C115+E115 -> 623.3 | H115: =+(F115/G115-1)*100 -> 31.846623
A116: =+A115+7 -> 39646 | B116: 640.5 | C116: 518.1 | D116: 183.7 | E116: 106.8 | F116: =+B116+D116 -> 824.2 | G116: =+C116+E116 -> 624.9 | H116: =+(F116/G116-1)*100 -> 31.893103
A117: =+A116+7 -> 39653 | B117: 641.5 | C117: 758.4 | D117: 185.6 | E117: 107.5 | F117: =+B117+D117 -> 827.1 | G117: =+C117+E117 -> 865.9 | H117: =+(F117/G117-1)*100 -> -4.4808869
A118: =+A117+7 -> 39660 | B118: 641.6 | C118: 708 | D118: 186 | E118: 159.7 | F118: =+B118+D118 -> 827.6 | G118: =+C118+E118 -> 867.7 | H118: =+(F118/G118-1)*100 -> -4.6214129
A119: =+A118+7 -> 39667 | B119: 689.9 | C119: 751.5 | D119: 187.7 | E119: 213.1 | F119: =+B119+D119 -> 877.6 | G119: =+C119+E119 -> 964.6 | H119: =+(F119/G119-1)*100 -> -9.0192826
A120: =+A119+7 -> 39674 | B120: 688 | C120: 708.2 | D120: 188.8 | E120: 258.7 | F120: =+B120+D120 -> 876.8 | G120: =+C120+E120 -> 966.9 | H120: =+(F120/G120-1)*100 -> -9.3184404
...

Sheet Korea
B1: Unshipped Balance | D1: Accumulated Exports | F1: Total Commitments
A2: EXPORT SALES, Korea | B2: this year | C2: last year | D2: this year | E2: last year | F2: this year | G2: last year | H2: % change | I2: 2006
A3: =Japan!A3 -> 38855 | B3: 73 | C3: 104.3 | D3: 1107.7 | E3: 1258.5 | F3: =+B3+D3 -> 1180.7 | G3: =+C3+E3 -> 1362.8 | H3: =+(F3/G3-1)*100 -> -13.362195 | I3: 46.1
A4: =Japan!A4 -> 38862 | B4: 51.5 | C4: 87.5 | D4: 1130.1 | E4: 1275.9 | F4: =+B4+D4 -> 1181.6 | G4: =+C4+E4 -> 1363.4 | H4: =+(F4/G4-1)*100 -> -13.334311 | I4: 90
A5: =+A4+7 -> 38869 | B5: 155.5 | C5: 162.1 | D5: 3.8 | E5: 0.3 | F5: =+B5+D5 -> 159.3 | G5: =+C5+E5 -> 162.4 | H5: =+(F5/G5-1)*100 -> -1.908867
A6: =+A5+7 -> 38876 | B6: 131.9 | C6: 167.5 | D6: 44.1 | E6: 22.4 | F6: =+B6+D6 -> 176 | G6: =+C6+E6 -> 189.9 | H6: =+(F6/G6-1)*100 -> -7.3196419
A7: =+A6+7 -> 38883 | B7: 158.9 | C7: 177.9 | D7: 56.4 | E7: 34.3 | F7: =+B7+D7 -> 215.3 | G7: =+C7+E7 -> 212.2 | H7: =+(F7/G7-1)*100 -> 1.460886
A8: =+A7+7 -> 38890 | B8: 180.4 | C8: 141.4 | D8: 68.1 | E8: 82.1 | F8: =+B8+D8 -> 248.5 | G8: =+C8+E8 -> 223.5 | H8: =+(F8/G8-1)*100 -> 11.185682
A9: =+A8+7 -> 38897 | B9: 146.9 | C9: 157.2 | D9: 105.5 | E9: 103 | F9: =+B9+D9 -> 252.4 | G9: =+C9+E9 -> 260.2 | H9: =+(F9/G9-1)*100 -> -2.9976941
A10: =+A9+7 -> 38904 | B10: 139 | C10: 180.7 | D10: 114.2 | E10: 103.2 | F10: =+B10+D10 -> 253.2 | G10: =+C10+E10 -> 283.9 | H10: =+(F10/G10-1)*100 -> -10.813667
A11: =+A10+7 -> 38911 | B11: 138.3 | C11: 240.4 | D11: 114.9 | E11: 106.5 | F11: =+B11+D11 -> 253.2 | G11: =+C11+E11 -> 346.9 | H11: =+(F11/G11-1)*100 -> -27.010666
A12: =+A11+7 -> 38918 | B12: 125.1 | C12: 196 | D12: 163.3 | E12: 151.6 | F12: =+B12+D12 -> 288.4 | G12: =+C12+E12 -> 347.6 | H12: =+(F12/G12-1)*100 -> -17.03107
A13: =+A12+7 -> 38925 | B13: 144.7 | C13: 173.6 | D13: 189.1 | E13: 196.6 | F13: =+B13+D13 -> 333.8 | G13: =+C13+E13 -> 370.2 | H13: =+(F13/G13-1)*100 -> -9.832523
A14: =+A13+7 -> 38932 | B14: 154.5 | C14: 194.4 | D14: 204.6 | E14: 222.6 | F14: =+B14+D14 -> 359.1 | G14: =+C14+E14 -> 417 | H14: =+(F14/G14-1)*100 -> -13.884892
A15: =+A14+7 -> 38939 | B15: 212.1 | C15: 195.5 | D15: 246.9 | E15: 222.9 | F15: =+B15+D15 -> 459 | G15: =+C15+E15 -> 418.4 | H15: =+(F15/G15-1)*100 -> 9.7036329
A16: =+A15+7 -> 38946 | B16: 214.3 | C16: 196.5 | D16: 247.8 | E16: 222.9 | F16: =+B16+D16 -> 462.1 | G16: =+C16+E16 -> 419.4 | H16: =+(F16/G16-1)*100 -> 10.181211
... A52: =+A51+7 -> 39198 | B52: 155.3 | C52: 129.9 | D52: 1052.1 | E52: 1045.4 | F52: =+B52+D52 -> 1207.4 | G52: =+C52+E52 -> 1175.3 | H52: =+(F52/G52-1)*100 -> 2.7312176
A53: =+A52+7 -> 39205 | B53: 111.6 | C53: 107.6 | D53: 1098.9 | E53: 1069.1 | F53: =+B53+D53 -> 1210.5 | G53: =+C53+E53 -> 1176.7 | H53: =+(F53/G53-1)*100 -> 2.8724399 | I53: 21.8
A54: =+A53+7 -> 39212 | B54: 94.4 | C54: 86 | D54: 1117.9 | E54: 1092 | F54: =+B54+D54 -> 1212.3 | G54: =+C54+E54 -> 1178 | H54: =+(F54/G54-1)*100 -> 2.9117148 | I54: 22.3
A55: =+A54+7 -> 39219 | B55: 45.9 | C55: 73 | D55: 1144.8 | E55: 1107.7 | F55: =+B55+D55 -> 1190.7 | G55: =+C55+E55 -> 1180.7 | H55: =+(F55/G55-1)*100 -> 0.8469552 | I55: 64.2
A56: =+A55+7 -> 39226 | B56: 47.3 | C56: 51.5 | D56: 1145 | E56: 1130.1 | F56: =+B56+D56 -> 1192.3 | G56: =+C56+E56 -> 1181.6 | H56: =+(F56/G56-1)*100 -> 0.90555179 | I56: 91.5
A57: =+A56+7 -> 39233 | F57: 1191.4 | G57: 1142.5 | H57: =+(F57/G57-1)*100 -> 4.2800875
A58: =+A57+7 -> 39240 | B58: 118.2 | C58: 131.9 | D58: 0 | E58: 44.1 | F58: =+B58+D58 -> 118.2 | G58: =+C58+E58 -> 176 | H58: =+(F58/G58-1)*100 -> -32.840909
A59: =+A58+7 -> 39247 | B59: 117 | C59: 158.9 | D59: 26.6 | E59: 56.4 | F59: =+B59+D59 -> 143.6 | G59: =+C59+E59 -> 215.3 | H59: =+(F59/G59-1)*100 -> -33.302369
A60: =+A59+7 -> 39254 | B60: 148.9 | C60: 180.4 | D60: 38.6 | E60: 68.1 | F60: =+B60+D60 -> 187.5 | G60: =+C60+E60 -> 248.5 | H60: =+(F60/G60-1)*100 -> -24.547284
A61: =+A60+7 -> 39261 | B61: 139.6 | C61: 146.9 | D61: 50.8 | E61: 105.5 | F61: =+B61+D61 -> 190.4 | G61: =+C61+E61 -> 252.4 | H61: =+(F61/G61-1)*100 -> -24.564184
A62: =+A61+7 -> 39268 | B62: 205.7 | C62: 139 | D62: 72.3 | E62: 114.2 | F62: =+B62+D62 -> 278 | G62: =+C62+E62 -> 253.2 | H62: =+(F62/G62-1)*100 -> 9.7946288
A63: =+A62+7 -> 39275 | B63: 183.2 | C63: 138.3 | D63: 95.3 | E63: 114.9 | F63: =+B63+D63 -> 278.5 | G63: =+C63+E63 -> 253.2 | H63: =+(F63/G63-1)*100 -> 9.9921011
A64: =+A63+7 -> 39282 | B64: 183.4 | C64: 125.1 | D64: 95.7 | E64: 163.3 | F64: =+B64+D64 -> 279.1 | G64: =+C64+E64 -> 288.4 | H64: =+(F64/G64-1)*100 -> -3.2246879
A65: =+A64+7 -> 39289 | B65: 158.9 | C65: 144.7 | D65: 119.9 | E65: 189.1 | F65: =+B65+D65 -> 278.8 | G65: =+C65+E65 -> 333.8 | H65: =+(F65/G65-1)*100 -> -16.476932
A66: =+A65+7 -> 39296 | B66: 183.2 | C66: 154.5 | D66: 147.2 | E66: 204.6 | F66: =+B66+D66 -> 330.4 | G66: =+C66+E66 -> 359.1 | H66: =+(F66/G66-1)*100 -> -7.9922027
A67: =+A66+7 -> 39303 | B67: 183 | C67: 212.1 | D67: 169.8 | E67: 246.9 | F67: =+B67+D67 -> 352.8 | G67: =+C67+E67 -> 459 | H67: =+(F67/G67-1)*100 -> -23.137255
A68: =+A67+7 -> 39310 | B68: 178.9 | C68: 214.3 | D68: 219 | E68: 249.1 | F68: 377.8 | G68: =+C68+E68 -> 463.4 | H68: =+(F68/G68-1)*100 -> -18.472162
A69: =+A68+7 -> 39317 | B69: 157.4 | C69: 232.4 | D69: 243.6 | E69: 249.1 | F69: =+B69+D69 -> 401 | G69: =+C69+E69 -> 481.5 | H69: =+(F69/G69-1)*100 -> -16.718588
A70: =+A69+7 -> 39324 | B70: 115.3 | C70: 177.1 | D70: 289.5 | E70: 306.7 | F70: =+B70+D70 -> 404.8 | G70: =+C70+E70 -> 483.8 | H70: =+(F70/G70-1)*100 -> -16.329062
A71: =+A70+7 -> 39331 | B71: 202.7 | C71: 201.1 | D71: 290 | E71: 307.1 | F71: =+B71+D71 -> 492.7 | G71: =+C71+E71 -> 508.2 | H71: =+(F71/G71-1)*100 -> -3.0499803
A72: =+A71+7 -> 39338 | B72: 236.9 | C72: 156.2 | D72: 290 | E72: 355.6 | F72: =+B72+D72 -> 526.9 | G72: =+C72+E72 -> 511.8 | H72: =+(F72/G72-1)*100 -> 2.9503712
A73: =+A72+7 -> 39345 | B73: 270.9 | C73: 179 | D73: 341.7 | E73: 356.5 | F73: =+B73+D73 -> 612.6 | G73: =+C73+E73 -> 535.5 | H73: =+(F73/G73-1)*100 -> 14.397759
A74: =+A73+7 -> 39352 | B74: 251.7 | C74: 219.7 | D74: 363.9 | E74: 379.6 | F74: =+B74+D74 -> 615.6 | G74: =+C74+E74 -> 599.3 | H74: =+(F74/G74-1)*100 -> 2.7198398
A75: =+A74+7 -> 39359 | B75: 301.8 | C75: 197.6 | D75: 386.6 | E75: 402.5 | F75: =+B75+D75 -> 688.4 | G75: =+C75+E75 -> 600.1 | H75: =+(F75/G75-1)*100 -> 14.714214
A76: =+A75+7 -> 39366 | B76: 411.9 | C76: 177.7 | D76: 435.4 | E76: 425.8 | F76: =+B76+D76 -> 847.3 | G76: =+C76+E76 -> 603.5 | H76: =+(F76/G76-1)*100 -> 40.39768
A77: =+A76+7 -> 39373 | B77: 394.7 | C77: 157.1 | D77: 455.1 | E77: 470.8 | F77: =+B77+D77 -> 849.8 | G77: =+C77+E77 -> 627.9 | H77: =+(F77/G77-1)*100 -> 35.340022
A78: =+A77+7 -> 39380 | B78: 442.1 | C78: 179.6 | D78: 455.8 | E78: 496.3 | F78: =+B78+D78 -> 897.9 | G78: =+C78+E78 -> 675.9 | H78: =+(F78/G78-1)*100 -> 32.845095
A79: =+A78+7 -> 39387 | B79: 444.4 | C79: 198.9 | D79: 508.9 | E79: 519.5 | F79: =+B79+D79 -> 953.3 | G79: =+C79+E79 -> 718.4 | H79: =+(F79/G79-1)*100 -> 32.697661
A80: =+A79+7 -> 39394 | B80: 450.9 | C80: 200.5 | D80: 556.6 | E80: 519.8 | F80: =+B80+D80 -> 1007.5 | G80: =+C80+E80 -> 720.3 | H80: =+(F80/G80-1)*100 -> 39.872275
... A91: =+A90+7 -> 39471 | B91: 550.7 | C91: 175.8 | D91: 949.5 | E91: 774.5 | F91: =+B91+D91 -> 1500.2 | G91: =+C91+E91 -> 950.3 | H91: =+(F91/G91-1)*100 -> 57.865937
A92: =+A91+7 -> 39478 | B92: 543.3 | C92: 197 | D92: 960.6 | E92: 774.8 | F92: =+B92+D92 -> 1503.9 | G92: =+C92+E92 -> 971.8 | H92: =+(F92/G92-1)*100 -> 54.754065 | I92: 41.7
A93: =+A92+7 -> 39485 | B93: 544 | C93: 180.6 | D93: 961.3 | E93: 793.5 | F93: =+B93+D93 -> 1505.3 | G93: =+C93+E93 -> 974.1 | H93: =+(F93/G93-1)*100 -> 54.532389 | I93: 41.7
A94: =+A93+7 -> 39492 | B94: 494.8 | C94: 156.5 | D94: 1012.3 | E94: 818.3 | F94: =+B94+D94 -> 1507.1 | G94: =+C94+E94 -> 974.8 | H94: =+(F94/G94-1)*100 -> 54.606073 | I94: 41.7
A95: =+A94+7 -> 39499 | B95: 446.4 | C95: 156.6 | D95: 1086.9 | E95: 818.3 | F95: =+B95+D95 -> 1533.3 | G95: =+C95+E95 -> 974.9 | H95: =+(F95/G95-1)*100 -> 57.27767 | I95: 41.7
A96: =+A95+7 -> 39506 | B96: 371.1 | C96: 116.6 | D96: 1165.3 | E96: 885.3 | F96: =+B96+D96 -> 1536.4 | G96: =+C96+E96 -> 1001.9 | H96: =+(F96/G96-1)*100 -> 53.348638 | I96: 41.7
A97: =+A96+7 -> 39513 | B97: 390.6 | C97: 135.3 | D97: 1187.9 | E97: 908.2 | F97: =+B97+D97 -> 1578.5 | G97: =+C97+E97 -> 1043.5 | H97: =+(F97/G97-1)*100 -> 51.269765 | I97: 41.7
A98: =+A97+7 -> 39520 | B98: 369.1 | C98: 225.5 | D98: 1210.6 | E98: 908.2 | F98: =+B98+D98 -> 1579.7 | G98: =+C98+E98 -> 1133.7 | H98: =+(F98/G98-1)*100 -> 39.340213 | I98: 41.7
A99: =+A98+7 -> 39527 | B99: 351.8 | C99: 224.1 | D99: 1235.3 | E99: 933.4 | F99: =+B99+D99 -> 1587.1 | G99: =+C99+E99 -> 1157.5 | H99: =+(F99/G99-1)*100 -> 37.114471 | I99: 41.7
A100: =+A99+7 -> 39534 | B100: 360.5 | C100: 221.1 | D100: 1235.5 | E100: 958.2 | F100: =+B100+D100 -> 1596 | G100: =+C100+E100 -> 1179.3 | H100: =+(F100/G100-1)*100 -> 35.33452 | I100: 41.7
A101: =+A100+7 -> 39541 | B101: 333.4 | C101: 199.1 | D101: 1264.6 | E101: 981.1 | F101: =+B101+D101 -> 1598 | G101: =+C101+E101 -> 1180.2 | H101: =+(F101/G101-1)*100 -> 35.40078 | I101: 41.7
A102: =+A101+7 -> 39548 | B102: 310.2 | C102: 133.8 | D102: 1290.4 | E102: 1051.3 | F102: =+B102+D102 -> 1600.6 | G102: =+C102+E102 -> 1185.1 | H102: =+(F102/G102-1)*100 -> 35.060332 | I102: 41.7
A103: =+A102+7 -> 39555 | B103: 289.8 | C103: 133 | D103: 1312.6 | E103: 1051.9 | F103: =+B103+D103 -> 1602.4 | G103: =+C103+E103 -> 1184.9 | H103: =+(F103/G103-1)*100 -> 35.235041 | I103: 64
... A109: =+A108+7 -> 39597 | B109: 101.1 | C109: 3.1 | D109: 1509.4 | E109: 1191.4 | F109: =+B109+D109 -> 1610.5 | G109: =+C109+E109 -> 1194.5 | H109: =+(F109/G109-1)*100 -> 34.826287 | I109: 169.1
A110: =+A109+7 -> 39604 | B110: 295.3 | C110: 118.2 | D110: 0.3 | E110: 0 | F110: =+B110+D110 -> 295.6 | G110: =+C110+E110 -> 118.2 | H110: =+(F110/G110-1)*100 -> 150.0846
A111: =+A110+7 -> 39611 | B111: 295.3 | C111: 118.2 | D111: 0.3 | E111: 0 | F111: =+B111+D111 -> 295.6 | G111: =+C111+E111 -> 118.2 | H111: =+(F111/G111-1)*100 -> 150.0846
A112: =+A111+7 -> 39618 | B112: 264.4 | C112: 148.9 | D112: 75.2 | E112: 38.6 | F112: =+B112+D112 -> 339.6 | G112: =+C112+E112 -> 187.5 | H112: =+(F112/G112-1)*100 -> 81.12
A113: =+A112+7 -> 39625 | B113: 287.6 | C113: 139.6 | D113: 76.8 | E113: 50.8 | F113: =+B113+D113 -> 364.4 | G113: =+C113+E113 -> 190.4 | H113: =+(F113/G113-1)*100 -> 91.386555
A114: =+A113+7 -> 39632 | B114: 298.3 | C114: 205.7 | D114: 77.4 | E114: 72.3 | F114: =+B114+D114 -> 375.7 | G114: =+C114+E114 -> 278 | H114: =+(F114/G114-1)*100 -> 35.143885
A115: =+A114+7 -> 39639 | B115: 274.9 | C115: 183.2 | D115: 102.9 | E115: 95.3 | F115: =+B115+D115 -> 377.8 | G115: =+C115+E115 -> 278.5 | H115: =+(F115/G115-1)*100 -> 35.655296
A116: =+A115+7 -> 39646 | B116: 327.8 | C116: 183.4 | D116: 103.5 | E116: 95.7 | F116: =+B116+D116 -> 431.3 | G116: =+C116+E116 -> 279.1 | H116: =+(F116/G116-1)*100 -> 54.532426
A117: =+A116+7 -> 39653 | B117: 306.2 | C117: 158.9 | D117: 127.2 | E117: 119.9 | F117: =+B117+D117 -> 433.4 | G117: =+C117+E117 -> 278.8 | H117: =+(F117/G117-1)*100 -> 55.451937
A118: =+A117+7 -> 39660 | B118: 286.3 | C118: 183.2 | D118: 173.1 | E118: 147.2 | F118: =+B118+D118 -> 459.4 | G118: =+C118+E118 -> 330.4 | H118: =+(F118/G118-1)*100 -> 39.043584
A119: =+A118+7 -> 39667 | B119: 287.1 | C119: 183 | D119: 173.1 | E119: 169.8 | F119: =+B119+D119 -> 460.2 | G119: =+C119+E119 -> 352.8 | H119: =+(F119/G119-1)*100 -> 30.442177
A120: =+A119+7 -> 39674 | B120: 265.6 | C120: 178.9 | D120: 196.3 | E120: 219 | F120: =+B120+D120 -> 461.9 | G120: =+C120+E120 -> 397.9 | H120: =+(F120/G120-1)*100 -> 16.084443
A121: =+A120+7 -> 39681 | B121: 221.4 | C121: 157.4 | D121: 244.5 | E121: 243.6 | F121: =+B121+D121 -> 465.9 | G121: =+C121+E121 -> 401 | H121: =+(F121/G121-1)*100 -> 16.184539
... A152: =+A151+7 -> 39898 | B152: 223.8 | C152: 360.5 | D152: 911.7 | E152: 1235.5 | F152: =+B152+D152 -> 1135.5 | G152: =+C152+E152 -> 1596 | H152: =+(F152/G152-1)*100 -> -28.853383
A153: =+A152+7 -> 39905 | B153: 201.1 | C153: 333.4 | D153: 936 | E153: 1264.6 | F153: =+B153+D153 -> 1137.1 | G153: =+C153+E153 -> 1598 | H153: =+(F153/G153-1)*100 -> -28.842303 | I153: 88.4
A154: =+A153+7 -> 39912 | B154: 199.8 | C154: 310.2 | D154: 936.6 | E154: 1290.4 | F154: =+B154+D154 -> 1136.4 | G154: =+C154+E154 -> 1600.6 | H154: =+(F154/G154-1)*100 -> -29.001624
A155: =+A154+7 -> 39919 | B155: 178.3 | C155: 289.8 | D155: 959.9 | E155: 1312.6 | F155: =+B155+D155 -> 1138.2 | G155: =+C155+E155 -> 1602.4 | H155: =+(F155/G155-1)*100 -> -28.969046
A156: =+A155+7 -> 39926 | B156: 156.9 | C156: 267.5 | D156: 983.5 | E156: 1338.2 | F156: =+B156+D156 -> 1140.4 | G156: =+C156+E156 -> 1605.7 | H156: =+(F156/G156-1)*100 -> -28.978016 | I156: 157.2
A157: =+A156+7 -> 39933 | B157: 134.1 | C157: 222.1 | D157: 1008.5 | E157: 1384.6 | F157: =+B157+D157 -> 1142.6 | G157: =+C157+E157 -> 1606.7 | H157: =+(F157/G157-1)*100 -> -28.885293 | I157: 156.2
A158: =+A157+7 -> 39940 | B158: 110.1 | C158: 221.8 | D158: 1034 | E158: 1384.8 | F158: =+B158+D158 -> 1144.1 | G158: =+C158+E158 -> 1606.6 | H158: =+(F158/G158-1)*100 -> -28.787502 | I158: 158.2
A159: =+A158+7 -> 39947 | B159: 104.1 | C159: 172.5 | D159: 1041.4 | E159: 1434.7 | F159: =+B159+D159 -> 1145.5 | G159: =+C159+E159 -> 1607.2 | H159: =+(F159/G159-1)*100 -> -28.726979 | I159: 223.9
A160: =+A159+7 -> 39954 | B160: 89.2 | C160: 147.7 | D160: 1056.7 | E160: 1460.3 | F160: =+B160+D160 -> 1145.9 | G160: =+C160+E160 -> 1608 | H160: =+(F160/G160-1)*100 -> -28.737562 | I160: 244.6
A161: =+A160+7 -> 39961 | B161: 64 | C161: 101.1 | D161: 1082.5 | E161: 1509.4 | F161: =+B161+D161 -> 1146.5 | G161: =+C161+E161 -> 1610.5 | H161: =+(F161/G161-1)*100 -> -28.810928 | I161: 245.2
A162: =+A161+7 -> 39968 | B162: 305.7 | C162: 295.3 | D162: 0 | E162: 0.3 | F162: =+B162+D162 -> 305.7 | G162: =+C162+E162 -> 295.6 | H162: =+(F162/G162-1)*100 -> 3.4167794
A163: =+A162+7 -> 39975 | B163: 316.9 | C163: 287.4 | D163: 0 | E163: 51.4 | F163: =+B163+D163 -> 316.9 | G163: =+C163+E163 -> 338.8 | H163: =+(F163/G163-1)*100 -> -6.4639906
A164: =+A163+7 -> 39982 | B164: 340.5 | C164: 264.4 | D164: 24.5 | E164: 75.2 | F164: =+B164+D164 -> 365 | G164: =+C164+E164 -> 339.6 | H164: =+(F164/G164-1)*100 -> 7.4793875
A165: =+A164+7 -> 39989 | B165: 294.3 | C165: 287.6 | D165: 72.9 | E165: 76.8 | F165: =+B165+D165 -> 367.2 | G165: =+C165+E165 -> 364.4 | H165: =+(F165/G165-1)*100 -> 0.76838639
A166: =+A165+7 -> 39996 | B166: 358.9 | C166: 298.3 | D166: 73.1 | E166: 77.4 | F166: =+B166+D166 -> 432 | G166: =+C166+E166 -> 375.7 | H166: =+(F166/G166-1)*100 -> 14.985361
A167: =+A166+7 -> 40003 | B167: 330.5 | C167: 274.9 | D167: 106.9 | E167: 102.9 | F167: =+B167+D167 -> 437.4 | G167: =+C167+E167 -> 377.8 | H167: =+(F167/G167-1)*100 -> 15.775543
A168: =+A167+7 -> 40010 | B168: 339.8 | C168: 327.8 | D168: 123.1 | E168: 103.5 | F168: =+B168+D168 -> 462.9 | G168: =+C168+E168 -> 431.3 | H168: =+(F168/G168-1)*100 -> 7.3266868
A169: =+A168+7 -> 40017 | B169: 339.8 | C169: 306.2 | D169: 123.1 | E169: 127.2 | F169: =+B169+D169 -> 462.9 | G169: =+C169+E169 -> 433.4 | H169: =+(F169/G169-1)*100 -> 6.8066451
A170: =+A169+7 -> 40024 | B170: 315.3 | C170: 286.3 | D170: 148.9 | E170: 173.1 | F170: =+B170+D170 -> 464.2 | G170: =+C170+E170 -> 459.4 | H170: =+(F170/G170-1)*100 -> 1.0448411
A171: =+A170+7 -> 40031 | B171: 293.8 | C171: 287.1 | D171: 171.7 | E171: 173.1 | F171: =+B171+D171 -> 465.5 | G171: =+C171+E171 -> 460.2 | H171: =+(F171/G171-1)*100 -> 1.1516732
A172: =+A171+7 -> 40038 | B172: 294.1 | C172: 265.6 | D172: 171.7 | E172: 196.3 | F172: =+B172+D172 -> 465.8 | G172: =+C172+E172 -> 461.9 | H172: =+(F172/G172-1)*100 -> 0.8443386
A173: =+A172+7 -> 40045 | B173: 304.2 | C173: 221.4 | D173: 216.2 | E173: 244.5 | F173: =+B173+D173 -> 520.4 | G173: =+C173+E173 -> 465.9 | H173: =+(F173/G173-1)*100 -> 11.697789
... A202: =+A201+7 -> 40248 | B202: 220.9 | C202: 226.1 | D202: 825.1 | E202: 886.1 | F202: =+B202+D202 -> 1046 | G202: =+C202+E202 -> 1112.2 | H202: =+(F202/G202-1)*100 -> -5.9521669
A203: =+A202+7 -> 40255 | B203: 269.6 | C203: 223.9 | D203: 825.8 | E203: 911.2 | F203: =+B203+D203 -> 1095.4 | G203: =+C203+E203 -> 1135.1 | H203: =+(F203/G203-1)*100 -> -3.4974892 | I203: 23
A204: =+A203+7 -> 40262 | B204: 323.8 | C204: 223.8 | D204: 826.8 | E204: 911.7 | F204: =+B204+D204 -> 1150.6 | G204: =+C204+E204 -> 1135.5 | H204: =+(F204/G204-1)*100 -> 1.3298107
A205: =+A204+7 -> 40269 | B205: 316.6 | C205: 201.1 | D205: 852.3 | E205: 936 | F205: =+B205+D205 -> 1168.9 | G205: =+C205+E205 -> 1137.1 | H205: =+(F205/G205-1)*100 -> 2.7965878 | I205: 46
A206: =+A205+7 -> 40276 | B206: 297.4 | C206: 199.8 | D206: 873.5 | E206: 936.6 | F206: =+B206+D206 -> 1170.9 | G206: =+C206+E206 -> 1136.4 | H206: =+(F206/G206-1)*100 -> 3.0359029 | I206: 46
A207: =+A206+7 -> 40283 | B207: 248.3 | C207: 178.3 | D207: 927.2 | E207: 959.9 | F207: =+B207+D207 -> 1175.5 | G207: =+C207+E207 -> 1138.2 | H207: =+(F207/G207-1)*100 -> 3.2771042 | I207: 101
A208: =+A207+7 -> 40290 | B208: 253.4 | C208: 156.9 | D208: 947.2 | E208: 983.5 | F208: =+B208+D208 -> 1200.6 | G208: =+C208+E208 -> 1140.4 | H208: =+(F208/G208-1)*100 -> 5.2788495 | I208: 124
...

Sheet Taiwan
B1: Unshipped Balance | D1: Accumulated Exports | F1: Total Commitments
A2: EXPORT SALES, Taiwan | B2: this year | C2: last year | D2: this year | E2: last year | F2: this year | G2: last year | H2: % change | I2: 2006
A3: =Japan!A3 -> 38855 | B3: 79 | C3: 32.3 | D3: 872 | E3: 926.7 | F3: =+B3+D3 -> 951 | G3: =+C3+E3 -> 959 | H3: =+(F3/G3-1)*100 -> -0.83420229 | I3: 40
A4: =Japan!A4 -> 38862 | B4: 38.9 | C4: 32.3 | D4: 914 | E4: 926.7 | F4: =+B4+D4 -> 952.9 | G4: =+C4+E4 -> 959 | H4: =+(F4/G4-1)*100 -> -0.63607925 | I4: 85.5
A5: =+A4+7 -> 38869 | B5: 124.4 | C5: 130.8 | D5: 0 | E5: 0 | F5: =+B5+D5 -> 124.4 | G5: =+C5+E5 -> 130.8 | H5: =+(F5/G5-1)*100 -> -4.8929664
A6: =+A5+7 -> 38876 | B6: 194.9 | C6: 86 | D6: 0 | E6: 47.1 | F6: =+B6+D6 -> 194.9 | G6: =+C6+E6 -> 133.1 | H6: =+(F6/G6-1)*100 -> 46.431255
A7: =+A6+7 -> 38883 | B7: 116 | C7: 102 | D7: 82.8 | E7: 47.1 | F7: =+B7+D7 -> 198.8 | G7: =+C7+E7 -> 149.1 | H7: =+(F7/G7-1)*100 -> 33.333333
A8: =+A7+7 -> 38890 | B8: 116 | C8: 102 | D8: 82.8 | E8: 47.1 | F8: =+B8+D8 -> 198.8 | G8: =+C8+E8 -> 149.1 | H8: =+(F8/G8-1)*100 -> 33.333333
A9: =+A8+7 -> 38897 | B9: 156.5 | C9: 102 | D9: 82.8 | E9: 41.1 | F9: =+B9+D9 -> 239.3 | G9: =+C9+E9 -> 143.1 | H9: =+(F9/G9-1)*100 -> 67.225716
A10: =+A9+7 -> 38904 | B10: 111 | C10: 102 | D10: 126.9 | E10: 47.1 | F10: =+B10+D10 -> 237.9 | G10: =+C10+E10 -> 149.1 | H10: =+(F10/G10-1)*100 -> 59.557344
A11: =+A10+7 -> 38911 | B11: 111 | C11: 194.2 | D11: 126.9 | E11: 47.1 | F11: =+B11+D11 -> 237.9 | G11: =+C11+E11 -> 241.3 | H11: =+(F11/G11-1)*100 -> -1.4090344
A12: =+A11+7 -> 38918 | B12: 111 | C12: 194.2 | D12: 126.9 | E12: 47.1 | F12: =+B12+D12 -> 237.9 | G12: =+C12+E12 -> 241.3 | H12: =+(F12/G12-1)*100 -> -1.4090344
A13: =+A12+7 -> 38925 | B13: 41 | C13: 92.2 | D13: 198.5 | E13: 135 | F13: =+B13+D13 -> 239.5 | G13: =+C13+E13 -> 227.2 | H13: =+(F13/G13-1)*100 -> 5.4137324
A14: =+A13+7 -> 38932 | B14: 41 | C14: 92.2 | D14: 198.5 | E14: 135 | F14: =+B14+D14 -> 239.5 | G14: =+C14+E14 -> 227.2 | H14: =+(F14/G14-1)*100 -> 5.4137324
A15: =+A14+7 -> 38939 | B15: 137.3 | C15: 92.2 | D15: 198.5 | E15: 135 | F15: =+B15+D15 -> 335.8 | G15: =+C15+E15 -> 227.2 | H15: =+(F15/G15-1)*100 -> 47.799296
A16: =+A15+7 -> 38946 | B16: 96.8 | C16: 194.1 | D16: 241 | E16: 135 | F16: =+B16+D16 -> 337.8 | G16: =+C16+E16 -> 329.1 | H16: =+(F16/G16-1)*100 -> 2.6435734
... A52: =+A51+7 -> 39198 | B52: 124.6 | C52: 79 | D52: 873.1 | E52: 872 | F52: =+B52+D52 -> 997.7 | G52: =+C52+E52 -> 951 | H52: =+(F52/G52-1)*100 -> 4.9106204
A53: =+A52+7 -> 39205 | B53: 155.6 | C53: 79 | D53: 874 | E53: 872 | F53: =+B53+D53 -> 1029.6 | G53: =+C53+E53 -> 951 | H53: =+(F53/G53-1)*100 -> 8.2649842 | I53: 5.2
A54: =+A53+7 -> 39212 | B54: 114 | C54: 79 | D54: 917.7 | E54: 872 | F54: =+B54+D54 -> 1031.7 | G54: =+C54+E54 -> 951 | H54: =+(F54/G54-1)*100 -> 8.4858044 | I54: 5.2
A55: =+A54+7 -> 39219 | B55: 82 | C55: 79 | D55: 917.8 | E55: 872 | F55: =+B55+D55 -> 999.8 | G55: =+C55+E55 -> 951 | H55: =+(F55/G55-1)*100 -> 5.1314406 | I55: 46.4
A56: =+A55+7 -> 39226 | B56: 37.9 | C56: 38.9 | D56: 964 | E56: 914 | F56: =+B56+D56 -> 1001.9 | G56: =+C56+E56 -> 952.9 | H56: =+(F56/G56-1)*100 -> 5.1421975 | I56: 129.9
A57: =+A56+7 -> 39233 | F57: 999 | G57: 914 | H57: =+(F57/G57-1)*100 -> 9.2997812
A58: =+A57+7 -> 39240 | B58: 131.6 | C58: 194.9 | D58: 1.5 | E58: 0 | F58: =+B58+D58 -> 133.1 | G58: =+C58+E58 -> 194.9 | H58: =+(F58/G58-1)*100 -> -31.708568
A59: =+A58+7 -> 39247 | B59: 131 | C59: 116 | D59: 2.2 | E59: 82.8 | F59: =+B59+D59 -> 133.2 | G59: =+C59+E59 -> 198.8 | H59: =+(F59/G59-1)*100 -> -32.997988
A60: =+A59+7 -> 39254 | B60: 220.6 | C60: 116 | D60: 3 | E60: 82.8 | F60: =+B60+D60 -> 223.6 | G60: =+C60+E60 -> 198.8 | H60: =+(F60/G60-1)*100 -> 12.474849
A61: =+A60+7 -> 39261 | B61: 179.3 | C61: 156.5 | D61: 46.3 | E61: 82.8 | F61: =+B61+D61 -> 225.6 | G61: =+C61+E61 -> 239.3 | H61: =+(F61/G61-1)*100 -> -5.7250313
A62: =+A61+7 -> 39268 | B62: 177.6 | C62: 111 | D62: 48 | E62: 126.9 | F62: =+B62+D62 -> 225.6 | G62: =+C62+E62 -> 237.9 | H62: =+(F62/G62-1)*100 -> -5.1702396
A63: =+A62+7 -> 39275 | B63: 146.1 | C63: 111 | D63: 90.9 | E63: 126.9 | F63: =+B63+D63 -> 237 | G63: =+C63+E63 -> 237.9 | H63: =+(F63/G63-1)*100 -> -0.37831021
A64: =+A63+7 -> 39282 | B64: 144.6 | C64: 111 | D64: 92.7 | E64: 126.9 | F64: =+B64+D64 -> 237.3 | G64: =+C64+E64 -> 237.9 | H64: =+(F64/G64-1)*100 -> -0.25220681
A65: =+A64+7 -> 39289 | B65: 139.8 | C65: 41 | D65: 99.3 | E65: 198.5 | F65: =+B65+D65 -> 239.1 | G65: =+C65+E65 -> 239.5 | H65: =+(F65/G65-1)*100 -> -0.16701461
A66: =+A65+7 -> 39296 | B66: 189.4 | C66: 41 | D66: 152.1 | E66: 198.5 | F66: =+B66+D66 -> 341.5 | G66: =+C66+E66 -> 239.5 | H66: =+(F66/G66-1)*100 -> 42.588727
A67: =+A66+7 -> 39303 | B67: 162.3 | C67: 137.3 | D67: 180.9 | E67: 198.5 | F67: =+B67+D67 -> 343.2 | G67: =+C67+E67 -> 335.8 | H67: =+(F67/G67-1)*100 -> 2.2036927
A68: =+A67+7 -> 39310 | B68: 114.4 | C68: 93.8 | D68: 231.2 | E68: 241 | F68: =+B68+D68 -> 345.6 | G68: =+C68+E68 -> 334.8 | H68: =+(F68/G68-1)*100 -> 3.2258065
A69: =+A68+7 -> 39317 | B69: 114.4 | C69: 97 | D69: 231.8 | E69: 241 | F69: =+B69+D69 -> 346.2 | G69: =+C69+E69 -> 338 | H69: =+(F69/G69-1)*100 -> 2.4260355
... A77: =+A76+7 -> 39373 | B77: 251.3 | C77: 95.8 | D77: 382.2 | E77: 340.9 | F77: =+B77+D77 -> 633.5 | G77: =+C77+E77 -> 436.7 | H77: =+(F77/G77-1)*100 -> 45.065262
A78: =+A77+7 -> 39380 | B78: 209.5 | C78: 51.2 | D78: 431.8 | E78: 385.5 | F78: =+B78+D78 -> 641.3 | G78: =+C78+E78 -> 436.7 | H78: =+(F78/G78-1)*100 -> 46.851385 | I78: 1.8
A79: =+A78+7 -> 39387 | B79: 209.9 | C79: 95.3 | D79: 434.7 | E79: 391.4 | F79: =+B79+D79 -> 644.6 | G79: =+C79+E79 -> 486.7 | H79: =+(F79/G79-1)*100 -> 32.442983
A80: =+A79+7 -> 39394 | B80: 245.6 | C80: 94.7 | D80: 480.1 | E80: 392 | F80: =+B80+D80 -> 725.7 | G80: =+C80+E80 -> 486.7 | H80: =+(F80/G80-1)*100 -> 49.106226
A81: =+A80+7 -> 39401 | B81: 203.2 | C81: 95.2 | D81: 525.9 | E81: 392 | F81: =+B81+D81 -> 729.1 | G81: =+C81+E81 -> 487.2 | H81: =+(F81/G81-1)*100 -> 49.651067
A82: =+A81+7 -> 39408 | B82: 205.2 | C82: 96.2 | D82: 528.6 | E82: 392 | F82: =+B82+D82 -> 733.8 | G82: =+C82+E82 -> 488.2 | H82: =+(F82/G82-1)*100 -> 50.307251
A83: =+A82+7 -> 39415 | B83: 203.6 | C83: 96.3 | D83: 530.4 | E83: 392.9 | F83: =+B83+D83 -> 734 | G83: =+C83+E83 -> 489.2 | H83: =+(F83/G83-1)*100 -> 50.040883
A84: =+A83+7 -> 39422 | B84: 278.1 | C84: 99.3 | D84: 533.5 | E84: 433 | F84: =+B84+D84 -> 811.6 | G84: =+C84+E84 -> 532.3 | H84: =+(F84/G84-1)*100 -> 52.470411
A85: =+A84+7 -> 39429 | B85: 276.8 | C85: 100.2 | D85: 534.7 | E85: 435.6 | F85: =+B85+D85 -> 811.5 | G85: =+C85+E85 -> 535.8 | H85: =+(F85/G85-1)*100 -> 51.455767
A86: =+A85+7 -> 39436 | B86: 231.7 | C86: 195.3 | D86: 579.1 | E86: 437.4 | F86: =+B86+D86 -> 810.8 | G86: =+C86+E86 -> 632.7 | H86: =+(F86/G86-1)*100 -> 28.149202
A87: =+A86+7 -> 39443 | B87: 187 | C87: 247 | D87: 626.1 | E87: 437.4 | F87: =+B87+D87 -> 813.1 | G87: =+C87+E87 -> 684.4 | H87: =+(F87/G87-1)*100 -> 18.804793
A88: =+A87+7 -> 39450 | B88: 186.1 | C88: 245.9 | D88: 627 | E88: 438.7 | F88: =+B88+D88 -> 813.1 | G88: =+C88+E88 -> 684.6 | H88: =+(F88/G88-1)*100 -> 18.770085
A89: =+A88+7 -> 39457 | B89: 261.9 | C89: 242.8 | D89: 631.7 | E89: 485 | F89: =+B89+D89 -> 893.6 | G89: =+C89+E89 -> 727.8 | H89: =+(F89/G89-1)*100 -> 22.780984
A90: =+A89+7 -> 39464 | B90: 220.5 | C90: 197.9 | D90: 675.1 | E90: 485 | F90: =+B90+D90 -> 895.6 | G90: =+C90+E90 -> 682.9 | H90: =+(F90/G90-1)*100 -> 31.146581
... A92: =+A91+7 -> 39478 | B92: 255.8 | C92: 183.1 | D92: 720.5 | E92: 633.3 | F92: =+B92+D92 -> 976.3 | G92: =+C92+E92 -> 816.4 | H92: =+(F92/G92-1)*100 -> 19.585987
A93: =+A92+7 -> 39485 | B93: 254.7 | C93: 184.6 | D93: 722.5 | E93: 633.5 | F93: =+B93+D93 -> 977.2 | G93: =+C93+E93 -> 818.1 | H93: =+(F93/G93-1)*100 -> 19.4475 | I93: 1.8
A94: =+A93+7 -> 39492 | B94: 253.3 | C94: 225.9 | D94: 723.9 | E94: 637.8 | F94: =+B94+D94 -> 977.2 | G94: =+C94+E94 -> 863.7 | H94: =+(F94/G94-1)*100 -> 13.141137 | I94: 1.8
A95: =+A94+7 -> 39499 | B95: 218.8 | C95: 181.1 | D95: 757 | E95: 684.8 | F95: =+B95+D95 -> 975.8 | G95: =+C95+E95 -> 865.9 | H95: =+(F95/G95-1)*100 -> 12.691997 | I95: 1.8
A96: =+A95+7 -> 39506 | B96: 217 | C96: 129.5 | D96: 759 | E96: 737.2 | F96: =+B96+D96 -> 976 | G96: =+C96+E96 -> 866.7 | H96: =+(F96/G96-1)*100 -> 12.611053 | I96: 1.8
A97: =+A96+7 -> 39513 | B97: 207.3 | C97: 170.6 | D97: 849 | E97: 737.4 | F97: =+B97+D97 -> 1056.3 | G97: =+C97+E97 -> 908 | H97: =+(F97/G97-1)*100 -> 16.332599 | I97: 1.8
A98: =+A97+7 -> 39520 | B98: 207.9 | C98: 130.2 | D98: 849.3 | E98: 779.6 | F98: =+B98+D98 -> 1057.2 | G98: =+C98+E98 -> 909.8 | H98: =+(F98/G98-1)*100 -> 16.201363 | I98: 1.8
A99: =+A98+7 -> 39527 | B99: 208.9 | C99: 127.9 | D99: 849.7 | E99: 781.9 | F99: =+B99+D99 -> 1058.6 | G99: =+C99+E99 -> 909.8 | H99: =+(F99/G99-1)*100 -> 16.355243 | I99: 1.8
A100: =+A99+7 -> 39534 | B100: 169.8 | C100: 87.5 | D100: 891.8 | E100: 824.6 | F100: =+B100+D100 -> 1061.6 | G100: =+C100+E100 -> 912.1 | H100: =+(F100/G100-1)*100 -> 16.390747 | I100: 1.8
A101: =+A100+7 -> 39541 | B101: 208.5 | C101: 129 | D101: 893.2 | E101: 826.6 | F101: =+B101+D101 -> 1101.7 | G101: =+C101+E101 -> 955.6 | H101: =+(F101/G101-1)*100 -> 15.288824 | I101: 1.8
A102: =+A101+7 -> 39548 | B102: 204 | C102: 85.2 | D102: 896.6 | E102: 872.6 | F102: =+B102+D102 -> 1100.6 | G102: =+C102+E102 -> 957.8 | H102: =+(F102/G102-1)*100 -> 14.909167 | I102: 1.8
A103: =+A102+7 -> 39555 | B103: 166.5 | C103: 125.2 | D103: 939.3 | E103: 872.6 | F103: =+B103+D103 -> 1105.8 | G103: =+C103+E103 -> 997.8 | H103: =+(F103/G103-1)*100 -> 10.823812 | I103: 5.1
A104: =+A103+7 -> 39562 | B104: 165.6 | C104: 124.6 | D104: 940.2 | E104: 873.1 | F104: =+B104+D104 -> 1105.8 | G104: =+C104+E104 -> 997.7 | H104: =+(F104/G104-1)*100 -> 10.83492 | I104: 6.6
... A109: =+A108+7 -> 39597 | B109: 89.2 | C109: 2 | D109: 1023.1 | E109: 999 | F109: =+B109+D109 -> 1112.3 | G109: =+C109+E109 -> 1001 | H109: =+(F109/G109-1)*100 -> 11.118881 | I109: 14.1
A110: =+A109+7 -> 39604 | B110: 65.2 | C110: 131.6 | D110: 0.1 | E110: 1.5 | F110: =+B110+D110 -> 65.3 | G110: =+C110+E110 -> 133.1 | H110: =+(F110/G110-1)*100 -> -50.939144
A111: =+A110+7 -> 39611 | B111: 65.2 | C111: 131.6 | D111: 0.1 | E111: 1.5 | F111: =+B111+D111 -> 65.3 | G111: =+C111+E111 -> 133.1 | H111: =+(F111/G111-1)*100 -> -50.939144
A112: =+A111+7 -> 39618 | B112: 96.5 | C112: 220.6 | D112: 2.2 | E112: 3 | F112: =+B112+D112 -> 98.7 | G112: =+C112+E112 -> 223.6 | H112: =+(F112/G112-1)*100 -> -55.858676
A113: =+A112+7 -> 39625 | B113: 97 | C113: 179.3 | D113: 2.7 | E113: 46.3 | F113: =+B113+D113 -> 99.7 | G113: =+C113+E113 -> 225.6 | H113: =+(F113/G113-1)*100 -> -55.806738
A114: =+A113+7 -> 39632 | B114: 50.5 | C114: 177.6 | D114: 49.8 | E114: 48 | F114: =+B114+D114 -> 100.3 | G114: =+C114+E114 -> 225.6 | H114: =+(F114/G114-1)*100 -> -55.54078
A115: =+A114+7 -> 39639 | B115: 50.1 | C115: 146.1 | D115: 51.7 | E115: 90.9 | F115: =+B115+D115 -> 101.8 | G115: =+C115+E115 -> 237 | H115: =+(F115/G115-1)*100 -> -57.046414
A116: =+A115+7 -> 39646 | B116: 47.9 | C116: 144.6 | D116: 53.9 | E116: 92.7 | F116: =+B116+D116 -> 101.8 | G116: =+C116+E116 -> 237.3 | H116: =+(F116/G116-1)*100 -> -57.100716
A117: =+A116+7 -> 39653 | B117: 46.5 | C117: 139.8 | D117: 55.8 | E117: 99.3 | F117: =+B117+D117 -> 102.3 | G117: =+C117+E117 -> 239.1 | H117: =+(F117/G117-1)*100 -> -57.214555
A118: =+A117+7 -> 39660 | B118: 45 | C118: 189.4 | D118: 57.4 | E118: 152.1 | F118: =+B118+D118 -> 102.4 | G118: =+C118+E118 -> 341.5 | H118: =+(F118/G118-1)*100 -> -70.014641
A119: =+A118+7 -> 39667 | B119: 10.3 | C119: 162.3 | D119: 92.4 | E119: 180.9 | F119: =+B119+D119 -> 102.7 | G119: =+C119+E119 -> 343.2 | H119: =+(F119/G119-1)*100 -> -70.075758
A120: =+A119+7 -> 39674 | B120: 58.4 | C120: 114.4 | D120: 93.3 | E120: 231.2 | F120: =+B120+D120 -> 151.7 | G120: =+C120+E120 -> 345.6 | H120: =+(F120/G120-1)*100 -> -56.105324
A121: =+A120+7 -> 39681 | B121: 58.9 | C121: 114.4 | D121: 93.3 | E121: 231.8 | F121: =+B121+D121 -> 152.2 | G121: =+C121+E121 -> 346.2 | H121: =+(F121/G121-1)*100 -> -56.036973
... A155: =+A154+7 -> 39919 | B155: 136.1 | C155: 166.5 | D155: 576 | E155: 939.3 | F155: =+B155+D155 -> 712.1 | G155: =+C155+E155 -> 1105.8 | H155: =+(F155/G155-1)*100 -> -35.603183
A156: =+A155+7 -> 39926 | B156: 95.3 | C156: 165.6 | D156: 620.1 | E156: 940.2 | F156: =+B156+D156 -> 715.4 | G156: =+C156+E156 -> 1105.8 | H156: =+(F156/G156-1)*100 -> -35.304757 | I156: 86.4
A157: =+A156+7 -> 39933 | B157: 95.1 | C157: 124.3 | D157: 620.3 | E157: 984.3 | F157: =+B157+D157 -> 715.4 | G157: =+C157+E157 -> 1108.6 | H157: =+(F157/G157-1)*100 -> -35.468158 | I157: 86.4
A158: =+A157+7 -> 39940 | B158: 95.1 | C158: 123.6 | D158: 620.3 | E158: 984.9 | F158: =+B158+D158 -> 715.4 | G158: =+C158+E158 -> 1108.5 | H158: =+(F158/G158-1)*100 -> -35.462336 | I158: 86.4
A159: =+A158+7 -> 39947 | B159: 48.2 | C159: 122.3 | D159: 667.8 | E159: 986.3 | F159: =+B159+D159 -> 716 | G159: =+C159+E159 -> 1108.6 | H159: =+(F159/G159-1)*100 -> -35.414036 | I159: 86.4
A160: =+A159+7 -> 39954 | B160: 2 | C160: 123.3 | D160: 711.7 | E160: 986.5 | F160: =+B160+D160 -> 713.7 | G160: =+C160+E160 -> 1109.8 | H160: =+(F160/G160-1)*100 -> -35.691116 | I160: 86.9
A161: =+A160+7 -> 39961 | B161: 1 | C161: 89.2 | D161: 712.7 | E161: 1023.1 | F161: =+B161+D161 -> 713.7 | G161: =+C161+E161 -> 1112.3 | H161: =+(F161/G161-1)*100 -> -35.835656 | I161: 120.5
A162: =+A161+7 -> 39968 | B162: 119.9 | C162: 65.2 | D162: 0.6 | E162: 0.1 | F162: =+B162+D162 -> 120.5 | G162: =+C162+E162 -> 65.3 | H162: =+(F162/G162-1)*100 -> 84.532925
A163: =+A162+7 -> 39975 | B163: 127.8 | C163: 95.6 | D163: 42.5 | E163: 1.6 | F163: =+B163+D163 -> 170.3 | G163: =+C163+E163 -> 97.2 | H163: =+(F163/G163-1)*100 -> 75.205761
A164: =+A163+7 -> 39982 | B164: 127.8 | C164: 96.5 | D164: 42.5 | E164: 2.2 | F164: =+B164+D164 -> 170.3 | G164: =+C164+E164 -> 98.7 | H164: =+(F164/G164-1)*100 -> 72.54306
A165: =+A164+7 -> 39989 | B165: 127.8 | C165: 97 | D165: 42.5 | E165: 2.7 | F165: =+B165+D165 -> 170.3 | G165: =+C165+E165 -> 99.7 | H165: =+(F165/G165-1)*100 -> 70.812437
A166: =+A165+7 -> 39996 | B166: 167.7 | C166: 50.5 | D166: 87 | E166: 49.8 | F166: =+B166+D166 -> 254.7 | G166: =+C166+E166 -> 100.3 | H166: =+(F166/G166-1)*100 -> 153.93819
A167: =+A166+7 -> 40003 | B167: 167.7 | C167: 50.1 | D167: 87 | E167: 51.7 | F167: =+B167+D167 -> 254.7 | G167: =+C167+E167 -> 101.8 | H167: =+(F167/G167-1)*100 -> 150.19646
A168: =+A167+7 -> 40010 | B168: 167.8 | C168: 47.9 | D168: 87 | E168: 53.9 | F168: =+B168+D168 -> 254.8 | G168: =+C168+E168 -> 101.8 | H168: =+(F168/G168-1)*100 -> 150.2947
A169: =+A168+7 -> 40017 | B169: 133.9 | C169: 46.5 | D169: 121.2 | E169: 55.8 | F169: =+B169+D169 -> 255.1 | G169: =+C169+E169 -> 102.3 | H169: =+(F169/G169-1)*100 -> 149.36461
A170: =+A169+7 -> 40024 | B170: 133.9 | C170: 45 | D170: 121.3 | E170: 57.4 | F170: =+B170+D170 -> 255.2 | G170: =+C170+E170 -> 102.4 | H170: =+(F170/G170-1)*100 -> 149.21875
A171: =+A170+7 -> 40031 | B171: 135.1 | C171: 10.3 | D171: 121.3 | E171: 92.4 | F171: =+B171+D171 -> 256.4 | G171: =+C171+E171 -> 102.7 | H171: =+(F171/G171-1)*100 -> 149.6592
A172: =+A171+7 -> 40038 | B172: 83.7 | C172: 58.4 | D172: 171.6 | E172: 93.3 | F172: =+B172+D172 -> 255.3 | G172: =+C172+E172 -> 151.7 | H172: =+(F172/G172-1)*100 -> 68.292683
A173: =+A172+7 -> 40045 | B173: 80.9 | C173: 58.9 | D173: 206.1 | E173: 93.3 | F173: =+B173+D173 -> 287 | G173: =+C173+E173 -> 152.2 | H173: =+(F173/G173-1)*100 -> 88.567674
... A208: =+A207+7 -> 40290 | B208: 131.4 | C208: 95.3 | D208: 712.2 | E208: 620.1 | F208: =+B208+D208 -> 843.6 | G208: =+C208+E208 -> 715.4 | H208: =+(F208/G208-1)*100 -> 17.920045
A209: =+A208+7 -> 40297 | B209: 95.3 | C209: 95.1 | D209: 761.1 | E209: 620.3 | F209: =+B209+D209 -> 856.4 | G209: =+C209+E209 -> 715.4 | H209: =+(F209/G209-1)*100 -> 19.709254 | I209: 18.4
A210: =+A209+7 -> 40304 | B210: 34.7 | C210: 95.1 | D210: 809.6 | E210: 620.3 | F210: =+B210+D210 -> 844.3 | G210: =+C210+E210 -> 715.4 | H210: =+(F210/G210-1)*100 -> 18.017892 | I210: 31.5
A211: =+A210+7 -> 40311 | B211: 34.7 | C211: 48.2 | D211: 809.6 | E211: 667.8 | F211: =+B211+D211 -> 844.3 | G211: =+C211+E211 -> 716 | H211: =+(F211/G211-1)*100 -> 17.918994 | I211: 72.8
A212: =+A211+7 -> 40318 | B212: 34.7 | C212: 2 | D212: 809.6 | E212: 711.7 | F212: =+B212+D212 -> 844.3 | G212: =+C212+E212 -> 713.7 | H212: =+(F212/G212-1)*100 -> 18.299005 | I212: 72.8
A213: =+A212+7 -> 40325 | B213: 34.7 | C213: 1 | D213: 809.6 | E213: 712.7 | F213: =+B213+D213 -> 844.3 | G213: =+C213+E213 -> 713.7 | H213: =+(F213/G213-1)*100 -> 18.299005 | I213: 72.8
A214: =+A213+7 -> 40332 | B214: 72.9 | C214: 119.9 | D214: 0 | E214: 0.6 | F214: =+B214+D214 -> 72.9 | G214: =+C214+E214 -> 120.5 | H214: =+(F214/G214-1)*100 -> -39.502075
...

Sheet Egypt
A1: EGYPT | B1: Unshipped Balance | D1: Accumulated Exports | F1: Total Commitments
A2: EXPORT SALES, Egypt | B2: this year | C2: last year | D2: this year | E2: last year | F2: this year | G2: last year | H2: % change | I2: 2006
A3: 38855 | B3: 115 | C3: 55 | D3: 1123.6 | E3: 1896.6 | F3: =+B3+D3 -> 1238.6 | G3: =+C3+E3 -> 1951.6 | H3: =+(F3/G3-1)*100 -> -36.534126 | I3: 0
A4: =Japan!A4 -> 38862 | B4: 115 | C4: 55 | D4: 1123.6 | E4: 1896.6 | F4: =+B4+D4 -> 1238.6 | G4: =+C4+E4 -> 1951.6 | H4: =+(F4/G4-1)*100 -> -36.534126 | I4: 0
A5: =+A4+7 -> 38869 | B5: 55 | C5: 165 | D5: 0 | E5: 0 | F5: =+B5+D5 -> 55 | G5: =+C5+E5 -> 165 | H5: =+(F5/G5-1)*100 -> -66.666667
A6: =+A5+7 -> 38876 | B6: 55 | C6: 110 | D6: 0 | E6: 57.8 | F6: =+B6+D6 -> 55 | G6: =+C6+E6 -> 167.8 | H6: =+(F6/G6-1)*100 -> -67.222884
A7: =+A6+7 -> 38883 | B7: 55 | C7: 110 | D7: 0 | E7: 57.8 | F7: =+B7+D7 -> 55 | G7: =+C7+E7 -> 167.8 | H7: =+(F7/G7-1)*100 -> -67.222884
A8: =+A7+7 -> 38890 | B8: 175 | C8: 110 | D8: 57.8 | E8: 57.8 | F8: =+B8+D8 -> 232.8 | G8: =+C8+E8 -> 167.8 | H8: =+(F8/G8-1)*100 -> 38.736591
A9: =+A8+7 -> 38897 | B9: 175 | C9: 170 | D9: 57.8 | E9: 57.8 | F9: =+B9+D9 -> 232.8 | G9: =+C9+E9 -> 227.8 | H9: =+(F9/G9-1)*100 -> 2.1949078
A10: =+A9+7 -> 38904 | B10: 175 | C10: 170 | D10: 57.8 | E10: 57.8 | F10: =+B10+D10 -> 232.8 | G10: =+C10+E10 -> 227.8 | H10: =+(F10/G10-1)*100 -> 2.1949078
A11: =+A10+7 -> 38911 | B11: 175 | C11: 170 | D11: 57.8 | E11: 57.8 | F11: =+B11+D11 -> 232.8 | G11: =+C11+E11 -> 227.8 | H11: =+(F11/G11-1)*100 -> 2.1949078
A12: =+A11+7 -> 38918 | B12: 235 | C12: 230 | D12: 116.3 | E12: 115.5 | F12: =+B12+D12 -> 351.3 | G12: =+C12+E12 -> 345.5 | H12: =+(F12/G12-1)*100 -> 1.6787265
A13: =+A12+7 -> 38925 | B13: 350 | C13: 170 | D13: 116.3 | E13: 178.5 | F13: =+B13+D13 -> 466.3 | G13: =+C13+E13 -> 348.5 | H13: =+(F13/G13-1)*100 -> 33.802009
A14: =+A13+7 -> 38932 | B14: 235 | C14: 175 | D14: 230.5 | E14: 236.3 | F14: =+B14+D14 -> 465.5 | G14: =+C14+E14 -> 411.3 | H14: =+(F14/G14-1)*100 -> 13.177729
A15: =+A14+7 -> 38939 | B15: 235 | C15: 175 | D15: 230.5 | E15: 236.3 | F15: =+B15+D15 -> 465.5 | G15: =+C15+E15 -> 411.3 | H15: =+(F15/G15-1)*100 -> 13.177729
A16: =+A15+7 -> 38946 | B16: 290 | C16: 290 | D16: 290.5 | E16: 236.3 | F16: =+B16+D16 -> 580.5 | G16: =+C16+E16 -> 526.3 | H16: =+(F16/G16-1)*100 -> 10.298309
... A54: =+A53+7 -> 39212 | B54: 110 | C54: 115 | D54: 1981.5 | E54: 1123.6 | F54: =+B54+D54 -> 2091.5 | G54: =+C54+E54 -> 1238.6 | H54: =+(F54/G54-1)*100 -> 68.860003
A55: =+A54+7 -> 39219 | B55: 110 | C55: 115 | D55: 1981.5 | E55: 1123.6 | F55: =+B55+D55 -> 2091.5 | G55: =+C55+E55 -> 1238.6 | H55: =+(F55/G55-1)*100 -> 68.860003 | I55: 60
A56: =+A55+7 -> 39226 | B56: 110 | C56: 115 | D56: 1981.5 | E56: 1123.6 | F56: =+B56+D56 -> 2091.5 | G56: =+C56+E56 -> 1238.6 | H56: =+(F56/G56-1)*100 -> 68.860003 | I56: 120
A57: =+A56+7 -> 39233 | F57: 1981.5 | G57: 1181.3 | H57: =+(F57/G57-1)*100 -> 67.738932
A58: =+A57+7 -> 39240 | B58: 275 | C58: 55 | D58: 0 | E58: 0 | F58: =+B58+D58 -> 275 | G58: =+C58+E58 -> 55 | H58: =+(F58/G58-1)*100 -> 400
A59: =+A58+7 -> 39247 | B59: 275 | C59: 55 | D59: 0 | E59: 0 | F59: =+B59+D59 -> 275 | G59: =+C59+E59 -> 55 | H59: =+(F59/G59-1)*100 -> 400
A60: =+A59+7 -> 39254 | B60: 100 | C60: 175 | D60: 186.8 | E60: 57.8 | F60: =+B60+D60 -> 286.8 | G60: =+C60+E60 -> 232.8 | H60: =+(F60/G60-1)*100 -> 23.195876
A61: =+A60+7 -> 39261 | B61: 110 | C61: 175 | D61: 295.2 | E61: 57.8 | F61: =+B61+D61 -> 405.2 | G61: =+C61+E61 -> 232.8 | H61: =+(F61/G61-1)*100 -> 74.054983
A62: =+A61+7 -> 39268 | B62: 340 | C62: 175 | D62: 355.3 | E62: 57.8 | F62: =+B62+D62 -> 695.3 | G62: =+C62+E62 -> 232.8 | H62: =+(F62/G62-1)*100 -> 198.66838
A63: =+A62+7 -> 39275 | B63: 457 | C63: 175 | D63: 355.3 | E63: 57.8 | F63: =+B63+D63 -> 812.3 | G63: =+C63+E63 -> 232.8 | H63: =+(F63/G63-1)*100 -> 248.92612
A64: =+A63+7 -> 39282 | B64: 826 | C64: 235 | D64: 414.5 | E64: 116.3 | F64: =+B64+D64 -> 1240.5 | G64: =+C64+E64 -> 351.3 | H64: =+(F64/G64-1)*100 -> 253.11699
A65: =+A64+7 -> 39289 | B65: 892 | C65: 350 | D65: 414.5 | E65: 116.3 | F65: =+B65+D65 -> 1306.5 | G65: =+C65+E65 -> 466.3 | H65: =+(F65/G65-1)*100 -> 180.18443
A66: =+A65+7 -> 39296 | B66: 785 | C66: 235 | D66: 535.3 | E66: 230.5 | F66: =+B66+D66 -> 1320.3 | G66: =+C66+E66 -> 465.5 | H66: =+(F66/G66-1)*100 -> 183.6305
A67: =+A66+7 -> 39303 | B67: 825 | C67: 235 | D67: 669.9 | E67: 230.5 | F67: =+B67+D67 -> 1494.9 | G67: =+C67+E67 -> 465.5 | H67: =+(F67/G67-1)*100 -> 221.13856
A68: =+A67+7 -> 39310 | B68: 915 | C68: 290 | D68: 855.5 | E68: 290 | F68: =+B68+D68 -> 1770.5 | G68: =+C68+E68 -> 580 | H68: =+(F68/G68-1)*100 -> 205.25862
A69: =+A68+7 -> 39317 | B69: 1055.5 | C69: 170 | D69: 1037 | E69: 407.4 | F69: =+B69+D69 -> 2092.5 | G69: =+C69+E69 -> 577.4 | H69: =+(F69/G69-1)*100 -> 262.40042
... A89: =+A88+7 -> 39457 | B89: 120 | C89: 295 | D89: 2625 | E89: 1214.8 | F89: =+B89+D89 -> 2745 | G89: =+C89+E89 -> 1509.8 | H89: =+(F89/G89-1)*100 -> 81.812161
A90: =+A89+7 -> 39464 | B90: 60 | C90: 175 | D90: 2625 | E90: 1335.2 | F90: =+B90+D90 -> 2685 | G90: =+C90+E90 -> 1510.2 | H90: =+(F90/G90-1)*100 -> 77.791021 | I90: 120
A91: =+A90+7 -> 39471 | B91: 60 | C91: 170 | D91: 2625 | E91: 1393.2 | F91: =+B91+D91 -> 2685 | G91: =+C91+E91 -> 1563.2 | H91: =+(F91/G91-1)*100 -> 71.76305 | I91: 120
A92: =+A91+7 -> 39478 | B92: 60 | C92: 235 | D92: 2625 | E92: 1450.8 | F92: =+B92+D92 -> 2685 | G92: =+C92+E92 -> 1685.8 | H92: =+(F92/G92-1)*100 -> 59.271562 | I92: 120
A93: =+A92+7 -> 39485 | B93: 60 | C93: 230 | D93: 2625 | E93: 1509.8 | F93: =+B93+D93 -> 2685 | G93: =+C93+E93 -> 1739.8 | H93: =+(F93/G93-1)*100 -> 54.328084
A94: =+A93+7 -> 39492 | B94: 60 | C94: 230 | D94: 2625 | E94: 1572.8 | F94: =+B94+D94 -> 2685 | G94: =+C94+E94 -> 1802.8 | H94: =+(F94/G94-1)*100 -> 48.93499
A95: =+A94+7 -> 39499 | B95: 115 | C95: 230 | D95: 2625 | E95: 1602.8 | F95: =+B95+D95 -> 2740 | G95: =+C95+E95 -> 1832.8 | H95: =+(F95/G95-1)*100 -> 49.498036
A96: =+A95+7 -> 39506 | B96: 175 | C96: 230 | D96: 2625 | E96: 1602.8 | F96: =+B96+D96 -> 2800 | G96: =+C96+E96 -> 1832.8 | H96: =+(F96/G96-1)*100 -> 52.771715
A97: =+A96+7 -> 39513 | B97: 175 | C97: 110 | D97: 2682 | E97: 1728.8 | F97: =+B97+D97 -> 2857 | G97: =+C97+E97 -> 1838.8 | H97: =+(F97/G97-1)*100 -> 55.373069
A98: =+A97+7 -> 39520 | B98: 115 | C98: 55 | D98: 2811.2 | E98: 1786.5 | F98: =+B98+D98 -> 2926.2 | G98: =+C98+E98 -> 1841.5 | H98: =+(F98/G98-1)*100 -> 58.903068
A99: =+A98+7 -> 39527 | B99: 175 | C99: 178 | D99: 2811.2 | E99: 1786.5 | F99: =+B99+D99 -> 2986.2 | G99: =+C99+E99 -> 1964.5 | H99: =+(F99/G99-1)*100 -> 52.008145
A100: =+A99+7 -> 39534 | B100: 260 | C100: 131 | D100: 2811.2 | E100: 1844.3 | F100: =+B100+D100 -> 3071.2 | G100: =+C100+E100 -> 1975.3 | H100: =+(F100/G100-1)*100 -> 55.48018
A101: =+A100+7 -> 39541 | B101: 200 | C101: 178 | D101: 2932 | E101: 1852.7 | F101: =+B101+D101 -> 3132 | G101: =+C101+E101 -> 2030.7 | H101: =+(F101/G101-1)*100 -> 54.232531
A102: =+A101+7 -> 39548 | B102: 200 | C102: 115 | D102: 2968.8 | E102: 1919.5 | F102: =+B102+D102 -> 3168.8 | G102: =+C102+E102 -> 2034.5 | H102: =+(F102/G102-1)*100 -> 55.753256
A103: =+A102+7 -> 39555 | B103: 200 | C103: 115 | D103: 2968.8 | E103: 1919.5 | F103: =+B103+D103 -> 3168.8 | G103: =+C103+E103 -> 2034.5 | H103: =+(F103/G103-1)*100 -> 55.753256
A104: =+A103+7 -> 39562 | B104: 200 | C104: 115 | D104: 2968.8 | E104: 1919.5 | F104: =+B104+D104 -> 3168.8 | G104: =+C104+E104 -> 2034.5 | H104: =+(F104/G104-1)*100 -> 55.753256
A105: =+A104+7 -> 39569 | B105: 110 | C105: 115 | D105: 3053.3 | E105: 1919.5 | F105: =+B105+D105 -> 3163.3 | G105: =+C105+E105 -> 2034.5 | H105: =+(F105/G105-1)*100 -> 55.48292 | I105: 300
A106: =+A105+7 -> 39576 | B106: 110 | C106: 110 | D106: 3174.1 | E106: 1981.5 | F106: =+B106+D106 -> 3284.1 | G106: =+C106+E106 -> 2091.5 | H106: =+(F106/G106-1)*100 -> 57.021277 | I106: 300
A107: =+A106+7 -> 39583 | B107: 118 | C107: 110 | D107: 3174.1 | E107: 1981.5 | F107: =+B107+D107 -> 3292.1 | G107: =+C107+E107 -> 2091.5 | H107: =+(F107/G107-1)*100 -> 57.403777 | I107: 300
A108: =+A107+7 -> 39590 | B108: 118 | C108: 110 | D108: 3213.3 | E108: 1981.5 | F108: =+B108+D108 -> 3331.3 | G108: =+C108+E108 -> 2091.5 | H108: =+(F108/G108-1)*100 -> 59.27803 | I108: 300
A109: =+A108+7 -> 39597 | B109: 118 | C109: 110 | D109: 3276.3 | E109: 1981.5 | F109: =+B109+D109 -> 3394.3 | G109: =+C109+E109 -> 2091.5 | H109: =+(F109/G109-1)*100 -> 62.290222 | I109: 300
A110: =+A109+7 -> 39604 | B110: 355 | C110: 275 | D110: 63.4 | E110: 0 | F110: =+B110+D110 -> 418.4 | G110: =+C110+E110 -> 275 | H110: =+(F110/G110-1)*100 -> 52.145455
A111: =+A110+7 -> 39611 | B111: 355 | C111: 275 | D111: 63.4 | E111: 0 | F111: =+B111+D111 -> 418.4 | G111: =+C111+E111 -> 275 | H111: =+(F111/G111-1)*100 -> 52.145455
A112: =+A111+7 -> 39618 | B112: 355 | C112: 100 | D112: 125.9 | E112: 186.8 | F112: =+B112+D112 -> 480.9 | G112: =+C112+E112 -> 286.8 | H112: =+(F112/G112-1)*100 -> 67.677824
A113: =+A112+7 -> 39625 | B113: 355 | C113: 110 | D113: 188.3 | E113: 295.2 | F113: =+B113+D113 -> 543.3 | G113: =+C113+E113 -> 405.2 | H113: =+(F113/G113-1)*100 -> 34.081935
A114: =+A113+7 -> 39632 | B114: 295 | C114: 340 | D114: 283.6 | E114: 355.3 | F114: =+B114+D114 -> 578.6 | G114: =+C114+E114 -> 695.3 | H114: =+(F114/G114-1)*100 -> -16.784122
A115: =+A114+7 -> 39639 | B115: 235 | C115: 457 | D115: 342.3 | E115: 355.3 | F115: =+B115+D115 -> 577.3 | G115: =+C115+E115 -> 812.3 | H115: =+(F115/G115-1)*100 -> -28.930198
A116: =+A115+7 -> 39646 | B116: 102 | C116: 826 | D116: 590 | E116: 414.5 | F116: =+B116+D116 -> 692 | G116: =+C116+E116 -> 1240.5 | H116: =+(F116/G116-1)*100 -> -44.216042
A117: =+A116+7 -> 39653 | B117: 222.5 | C117: 892 | D117: 649.6 | E117: 414.5 | F117: =+B117+D117 -> 872.1 | G117: =+C117+E117 -> 1306.5 | H117: =+(F117/G117-1)*100 -> -33.249139
A118: =+A117+7 -> 39660 | B118: 180.5 | C118: 785 | D118: 689.4 | E118: 535.3 | F118: =+B118+D118 -> 869.9 | G118: =+C118+E118 -> 1320.3 | H118: =+(F118/G118-1)*100 -> -34.113459
A119: =+A118+7 -> 39667 | B119: 244 | C119: 825 | D119: 779.3 | E119: 669.9 | F119: =+B119+D119 -> 1023.3 | G119: =+C119+E119 -> 1494.9 | H119: =+(F119/G119-1)*100 -> -31.547261
A120: =+A119+7 -> 39674 | B120: 239 | C120: 915 | D120: 843.9 | E120: 855.5 | F120: =+B120+D120 -> 1082.9 | G120: =+C120+E120 -> 1770.5 | H120: =+(F120/G120-1)*100 -> -38.836487
A121: =+A120+7 -> 39681 | B121: 184 | C121: 1055.5 | D121: 901.4 | E121: 1037 | F121: =+B121+D121 -> 1085.4 | G121: =+C121+E121 -> 2092.5 | H121: =+(F121/G121-1)*100 -> -48.129032
... A156: =+A155+7 -> 39926 | B156: 0 | C156: 200 | D156: 1928.4 | E156: 2968.8 | F156: =+B156+D156 -> 1928.4 | G156: =+C156+E156 -> 3168.8 | H156: =+(F156/G156-1)*100 -> -39.144156
A157: =+A156+7 -> 39933 | B157: 0 | C157: 110 | D157: 1928.4 | E157: 3029.1 | F157: =+B157+D157 -> 1928.4 | G157: =+C157+E157 -> 3139.1 | H157: =+(F157/G157-1)*100 -> -38.568379 | I157: 0
A158: =+A157+7 -> 39940 | B158: 0 | C158: 110 | D158: 1928.4 | E158: 3149.9 | F158: =+B158+D158 -> 1928.4 | G158: =+C158+E158 -> 3259.9 | H158: =+(F158/G158-1)*100 -> -40.844811 | I158: 0
A159: =+A158+7 -> 39947 | B159: 0 | C159: 118 | D159: 1928.4 | E159: 3149.9 | F159: =+B159+D159 -> 1928.4 | G159: =+C159+E159 -> 3267.9 | H159: =+(F159/G159-1)*100 -> -40.989626 | I159: 0
A160: =+A159+7 -> 39954 | B160: 0 | C160: 118 | D160: 1928.4 | E160: 3213.3 | F160: =+B160+D160 -> 1928.4 | G160: =+C160+E160 -> 3331.3 | H160: =+(F160/G160-1)*100 -> -42.112689 | I160: 0
A161: =+A160+7 -> 39961 | B161: 0 | C161: 118 | D161: 1928.4 | E161: 3276.3 | F161: =+B161+D161 -> 1928.4 | G161: =+C161+E161 -> 3394.3 | H161: =+(F161/G161-1)*100 -> -43.187108 | I161: 0
A162: =+A161+7 -> 39968 | B162: 0 | C162: 355 | D162: 0 | E162: 63.4 | F162: =+B162+D162 -> 0 | G162: =+C162+E162 -> 418.4 | H162: =+(F162/G162-1)*100 -> -100
A163: =+A162+7 -> 39975 | B163: 55 | C163: 355 | D163: 0 | E163: 63.4 | F163: =+B163+D163 -> 55 | G163: =+C163+E163 -> 418.4 | H163: =+(F163/G163-1)*100 -> -86.854685
A164: =+A163+7 -> 39982 | B164: 55 | C164: 355 | D164: 0 | E164: 125.9 | F164: =+B164+D164 -> 55 | G164: =+C164+E164 -> 480.9 | H164: =+(F164/G164-1)*100 -> -88.563111
A165: =+A164+7 -> 39989 | B165: 55 | C165: 355 | D165: 0 | E165: 188.3 | F165: =+B165+D165 -> 55 | G165: =+C165+E165 -> 543.3 | H165: =+(F165/G165-1)*100 -> -89.87668
A166: =+A165+7 -> 39996 | B166: 0 | C166: 295 | D166: 57.8 | E166: 283.6 | F166: =+B166+D166 -> 57.8 | G166: =+C166+E166 -> 578.6 | H166: =+(F166/G166-1)*100 -> -90.01037
A167: =+A166+7 -> 40003 | B167: 0 | C167: 235 | D167: 57.8 | E167: 342.3 | F167: =+B167+D167 -> 57.8 | G167: =+C167+E167 -> 577.3 | H167: =+(F167/G167-1)*100 -> -89.987875
A168: =+A167+7 -> 40010 | B168: 0 | C168: 102 | D168: 57.8 | E168: 590 | F168: =+B168+D168 -> 57.8 | G168: =+C168+E168 -> 692 | H168: =+(F168/G168-1)*100 -> -91.647399
A169: =+A168+7 -> 40017 | B169: 55 | C169: 222.5 | D169: 57.8 | E169: 649.6 | F169: =+B169+D169 -> 112.8 | G169: =+C169+E169 -> 872.1 | H169: =+(F169/G169-1)*100 -> -87.065703
A170: =+A169+7 -> 40024 | B170: 55 | C170: 180.5 | D170: 57.8 | E170: 689.4 | F170: =+B170+D170 -> 112.8 | G170: =+C170+E170 -> 869.9 | H170: =+(F170/G170-1)*100 -> -87.032992
A171: =+A170+7 -> 40031 | B171: 121 | C171: 244 | D171: 57.8 | E171: 779.3 | F171: =+B171+D171 -> 178.8 | G171: =+C171+E171 -> 1023.3 | H171: =+(F171/G171-1)*100 -> -82.527118
A172: =+A171+7 -> 40038 | B172: 121 | C172: 239 | D172: 57.8 | E172: 843.9 | F172: =+B172+D172 -> 178.8 | G172: =+C172+E172 -> 1082.9 | H172: =+(F172/G172-1)*100 -> -83.48878
A173: =+A172+7 -> 40045 | B173: 181 | C173: 184 | D173: 57.8 | E173: 901.4 | F173: =+B173+D173 -> 238.8 | G173: =+C173+E173 -> 1085.4 | H173: =+(F173/G173-1)*100 -> -77.998894
... A213: =+A212+7 -> 40325 | B213: 0 | C213: 0 | D213: 455.6 | E213: 1928.4 | F213: =+B213+D213 -> 455.6 | G213: =+C213+E213 -> 1928.4 | H213: =+(F213/G213-1)*100 -> -76.374196
A214: =+A213+7 -> 40332 | F214: =+B214+D214 -> 0 | G214: =+C214+E214 -> 0 | H214: =+(F214/G214-1)*100 -> #DIV/0!
A215: =+A214+7 -> 40339 | B215: 0 | C215: 55 | D215: 0 | E215: 0 | F215: =+B215+D215 -> 0 | G215: =+C215+E215 -> 55 | H215: =+(F215/G215-1)*100 -> -100
A216: =+A215+7 -> 40346 | B216: 0 | C216: 55 | D216: 0 | E216: 0 | F216: =+B216+D216 -> 0 | G216: =+C216+E216 -> 55 | H216: =+(F216/G216-1)*100 -> -100
A217: =+A216+7 -> 40353 | B217: 0 | C217: 55 | D217: 0 | E217: 0 | F217: =+B217+D217 -> 0 | G217: =+C217+E217 -> 55 | H217: =+(F217/G217-1)*100 -> -100
A218: =+A217+7 -> 40360 | B218: 0 | C218: 0 | D218: 0 | E218: 57.8 | F218: =+B218+D218 -> 0 | G218: =+C218+E218 -> 57.8 | H218: =+(F218/G218-1)*100 -> -100
A219: =+A218+7 -> 40367 | B219: 0 | C219: 0 | D219: 0 | E219: 57.8 | F219: =+B219+D219 -> 0 | G219: =+C219+E219 -> 57.8 | H219: =+(F219/G219-1)*100 -> -100
A220: =+A219+7 -> 40374 | B220: 0 | C220: 0 | D220: 0 | E220: 57.8 | F220: =+B220+D220 -> 0 | G220: =+C220+E220 -> 57.8 | H220: =+(F220/G220-1)*100 -> -100
A221: =+A220+7 -> 40381 | B221: 75 | C221: 55 | D221: 20.2 | E221: 57.8 | F221: =+B221+D221 -> 95.2 | G221: =+C221+E221 -> 112.8 | H221: =+(F221/G221-1)*100 -> -15.602837
A222: =+A221+7 -> 40388 | B222: 185 | C222: 55 | D222: 20.2 | E222: 57.8 | F222: =+B222+D222 -> 205.2 | G222: =+C222+E222 -> 112.8 | H222: =+(F222/G222-1)*100 -> 81.914894
A223: =+A222+7 -> 40395 | B223: 375 | C223: 121 | D223: 20.2 | E223: 57.8 | F223: =+B223+D223 -> 395.2 | G223: =+C223+E223 -> 178.8 | H223: =+(F223/G223-1)*100 -> 121.02908
A224: =+A223+7 -> 40402 | B224: 969 | C224: 121 | D224: 20.2 | E224: 57.8 | F224: =+B224+D224 -> 989.2 | G224: =+C224+E224 -> 178.8 | H224: =+(F224/G224-1)*100 -> 453.24385
A225: =+A224+7 -> 40409 | B225: 1047 | C225: 181 | D225: 78.1 | E225: 57.8 | F225: =+B225+D225 -> 1125.1 | G225: =+C225+E225 -> 238.8 | H225: =+(F225/G225-1)*100 -> 371.1474
A226: =+A225+7 -> 40416 | B226: 1047 | C226: 170 | D226: 161.4 | E226: 117.9 | F226: =+B226+D226 -> 1208.4 | G226: =+C226+E226 -> 287.9 | H226: =+(F226/G226-1)*100 -> 319.72907
... A265: =+A264+7 -> 40689 | B265: 0 | C265: 0 | D265: 4021.2 | E265: 455.6 | F265: =+B265+D265 -> 4021.2 | G265: =+C265+E265 -> 455.6 | H265: =+(F265/G265-1)*100 -> 782.61633
A266: =+A265+7 -> 40696 | B266: na | C266: na | D266: na | E266: na | F266: n/a
A267: =+A266+7 -> 40703 | B267: 0 | C267: 0 | D267: 57.8 | E267: 0 | F267: =+B267+D267 -> 57.8 | G267: =+C267+E267 -> 0
...

Sheet Venezuela
B1: Unshipped Balance | D1: Accumulated Exports | F1: Total Commitments
A2: EXPORT SALES, China | B2: 2005 | C2: 2004 | D2: 2005 | E2: 2004 | F2: 2005 | G2: 2004 | H2: % change | I2: 2006
A3: 38855 | B3: 0 | C3: 72.1 | D3: 373 | E3: 2015 | F3: =+B3+D3 -> 373 | G3: =+C3+E3 -> 2087.1 | H3: =+(F3/G3-1)*100 -> -82.128312 | I3: 0
A4: =Japan!A4 -> 38862 | B4: 0 | C4: 72 | D4: 373 | E4: 2015.1 | F4: =+B4+D4 -> 373 | G4: =+C4+E4 -> 2087.1 | H4: =+(F4/G4-1)*100 -> -82.128312
A5: IRAQ 06/07 | B5: Unshipped Balance | D5: Accumulated Exports | F5: Total Commitments
B6: this year | C6: last year | D6: this year | E6: last year | F6: this year | G6: last year | H6: % change
A7: =+A4+7 -> 38869 | B7: 0 | C7: 157.5 | D7: 0 | E7: 0 | F7: =+B7+D7 -> 0 | G7: =+C7+E7 -> 157.5 | H7: =+(F7/G7-1)*100 -> -100
A8: =+A7+7 -> 38876 | B8: 0 | C8: 157.5 | D8: 0 | E8: 0 | F8: =+B8+D8 -> 0 | G8: =+C8+E8 -> 157.5 | H8: =+(F8/G8-1)*100 -> -100
A9: =+A8+7 -> 38883 | B9: 0 | C9: 157.5 | D9: 0 | E9: 0 | F9: =+B9+D9 -> 0 | G9: =+C9+E9 -> 157.5 | H9: =+(F9/G9-1)*100 -> -100
A10: =+A9+7 -> 38890 | B10: 0 | C10: 157.5 | D10: 0 | E10: 0 | F10: =+B10+D10 -> 0 | G10: =+C10+E10 -> 157.5 | H10: =+(F10/G10-1)*100 -> -100
A11: =+A10+7 -> 38897 | B11: 0 | C11: 212.5 | D11: 0 | E11: 0 | F11: =+B11+D11 -> 0 | G11: =+C11+E11 -> 212.5 | H11: =+(F11/G11-1)*100 -> -100
A12: =+A11+7 -> 38904 | B12: 0 | C12: 267.5 | D12: 0 | E12: 0 | F12: =+B12+D12 -> 0 | G12: =+C12+E12 -> 267.5 | H12: =+(F12/G12-1)*100 -> -100
A13: =+A12+7 -> 38911 | B13: 0 | C13: 267.5 | D13: 0 | E13: 0 | F13: =+B13+D13 -> 0 | G13: =+C13+E13 -> 267.5 | H13: =+(F13/G13-1)*100 -> -100
A14: =+A13+7 -> 38918 | B14: 0 | C14: 267.5 | D14: 0 | E14: 0 | F14: =+B14+D14 -> 0 | G14: =+C14+E14 -> 267.5 | H14: =+(F14/G14-1)*100 -> -100
A15: =+A14+7 -> 38925 | B15: 0 | C15: 322.5 | D15: 0 | E15: 59.9 | F15: =+B15+D15 -> 0 | G15: =+C15+E15 -> 382.4 | H15: =+(F15/G15-1)*100 -> -100
A16: =+A15+7 -> 38932 | B16: 0 | C16: 377.5 | D16: 0 | E16: 599.9 | F16: =+B16+D16 -> 0 | G16: =+C16+E16 -> 977.4 | H16: =+(F16/G16-1)*100 -> -100
A17: =+A16+7 -> 38939 | B17: 0 | C17: 377.5 | D17: 0 | E17: 117.6 | F17: =+B17+D17 -> 0 | G17: =+C17+E17 -> 495.1 | H17: =+(F17/G17-1)*100 -> -100 | I17: ??? Why the change last year?
A18: =+A17+7 -> 38946 | B18: 0 | C18: 627.5 | D18: 0 | E18: 117.6 | F18: =+B18+D18 -> 0 | G18: =+C18+E18 -> 745.1 | H18: =+(F18/G18-1)*100 -> -100 | I18: ??? Good question -- may not have actually shipped, some was put back into unshipped balance - very strange?
A19: =+A18+7 -> 38953 | B19: 0 | C19: 627.5 | D19: 0 | E19: 174.6 | F19: =+B19+D19 -> 0 | G19: =+C19+E19 -> 802.1 | H19: =+(F19/G19-1)*100 -> -100
A20: =+A19+7 -> 38960 | B20: 0 | C20: 627.5 | D20: 0 | E20: 174.6 | F20: =+B20+D20 -> 0 | G20: =+C20+E20 -> 802.1 | H20: =+(F20/G20-1)*100 -> -100
A21: =+A20+7 -> 38967 | B21: 0 | C21: 627.5 | D21: 0 | E21: 174.6 | F21: =+B21+D21 -> 0 | G21: =+C21+E21 -> 802.1 | H21: =+(F21/G21-1)*100 -> -100
A22: =+A21+7 -> 38974 | B22: 0 | C22: 520.1 | D22: 0 | E22: 282.6 | F22: =+B22+D22 -> 0 | G22: =+C22+E22 -> 802.7 | H22: =+(F22/G22-1)*100 -> -100
A23: =+A22+7 -> 38981 | B23: 0 | C23: 670.1 | D23: 0 | E23: 388.5 | F23: =+B23+D23 -> 0 | G23: =+C23+E23 -> 1058.6 | H23: =+(F23/G23-1)*100 -> -100
A24: =+A23+7 -> 38988 | B24: 0 | C24: 670.1 | D24: 0 | E24: 388.5 | F24: =+B24+D24 -> 0 | G24: =+C24+E24 -> 1058.6 | H24: =+(F24/G24-1)*100 -> -100
A25: =+A24+7 -> 38995 | B25: 300 | C25: 615.1 | D25: 0 | E25: 443.4 | F25: =+B25+D25 -> 300 | G25: =+C25+E25 -> 1058.5 | H25: =+(F25/G25-1)*100 -> -71.658007
A26: =+A25+7 -> 39002 | B26: 300 | C26: 577.5 | D26: 0 | E26: 496 | F26: =+B26+D26 -> 300 | G26: =+C26+E26 -> 1073.5 | H26: =+(F26/G26-1)*100 -> -72.054029
A27: =+A26+7 -> 39009 | B27: 300 | C27: 481.9 | D27: 0 | E27: 592.8 | F27: =+B27+D27 -> 300 | G27: =+C27+E27 -> 1074.7 | H27: =+(F27/G27-1)*100 -> -72.085233
A28: =+A27+7 -> 39016 | B28: 700 | C28: 426.6 | D28: 0 | E28: 648 | F28: =+B28+D28 -> 700 | G28: =+C28+E28 -> 1074.6 | H28: =+(F28/G28-1)*100 -> -34.859483
A29: =+A28+7 -> 39023 | B29: 700 | C29: 1226.6 | D29: 0 | E29: 648 | F29: =+B29+D29 -> 700 | G29: =+C29+E29 -> 1874.6 | H29: =+(F29/G29-1)*100 -> -62.658701
A30: =+A29+7 -> 39030 | B30: 700 | C30: 1281.6 | D30: 0 | E30: 648 | F30: =+B30+D30 -> 700 | G30: =+C30+E30 -> 1929.6 | H30: =+(F30/G30-1)*100 -> -63.723051
... A56: =+A55+7 -> 39212 | B56: 200 | C56: 149.1 | D56: 698.6 | E56: 2185.4 | F56: =+B56+D56 -> 898.6 | G56: =+C56+E56 -> 2334.5 | H56: =+(F56/G56-1)*100 -> -61.507818
A57: =+A56+7 -> 39219 | B57: 200 | C57: 149.1 | D57: 698.6 | E57: 2185.4 | F57: =+B57+D57 -> 898.6 | G57: =+C57+E57 -> 2334.5 | H57: =+(F57/G57-1)*100 -> -61.507818 | I57: 200
A58: =+A57+7 -> 39226 | B58: 100 | C58: 96.6 | D58: 747.4 | E58: 2237.9 | F58: =+B58+D58 -> 847.4 | G58: =+C58+E58 -> 2334.5 | H58: =+(F58/G58-1)*100 -> -63.701007 | I58: 300
A59: =+A58+7 -> 39233 | B59: =+Data!F72 -> 30 | F59: 798.5 | G59: 2337.5 | H59: =+(F59/G59-1)*100 -> -65.839572
A60: =+A59+7 -> 39240 | B60: 300 | C60: 0 | D60: 0 | E60: 0 | F60: =+B60+D60 -> 300 | G60: =+C60+E60 -> 0
A61: =+A60+7 -> 39247 | B61: 300 | C61: 0 | D61: 0 | E61: 0 | F61: =+B61+D61 -> 300 | G61: =+C61+E61 -> 0
A62: =+A61+7 -> 39254 | B62: 300 | C62: 0 | D62: 0 | E62: 0 | F62: =+B62+D62 -> 300 | G62: =+C62+E62 -> 0
A63: =+A62+7 -> 39261 | B63: 300 | C63: 0 | D63: 0 | E63: 0 | F63: =+B63+D63 -> 300 | G63: =+C63+E63 -> 0
A64: =+A63+7 -> 39268 | B64: 400 | C64: 0 | D64: 0 | E64: 0 | F64: =+B64+D64 -> 400 | G64: =+C64+E64 -> 0
A65: =+A64+7 -> 39275 | B65: 345.2 | C65: 0 | D65: 54.8 | E65: 0 | F65: =+B65+D65 -> 400 | G65: =+C65+E65 -> 0
A66: =+A65+7 -> 39282 | B66: 345.2 | C66: 0 | D66: 54.8 | E66: 0 | F66: =+B66+D66 -> 400 | G66: =+C66+E66 -> 0
A67: =+A66+7 -> 39289 | B67: 545.2 | C67: 0 | D67: 54.8 | E67: 0 | F67: =+B67+D67 -> 600 | G67: =+C67+E67 -> 0
A68: =+A67+7 -> 39296 | B68: 500 | C68: 0 | D68: 103.6 | E68: 0 | F68: =+B68+D68 -> 603.6 | G68: =+C68+E68 -> 0
A69: =+A68+7 -> 39303 | B69: 500 | C69: 0 | D69: 103.6 | E69: 0 | F69: =+B69+D69 -> 603.6 | G69: =+C69+E69 -> 0
A70: =+A69+7 -> 39310 | B70: 402.6 | C70: 0 | D70: 201 | E70: 0 | F70: =+B70+D70 -> 603.6 | G70: =+C70+E70 -> 0
A71: =+A70+7 -> 39317 | B71: 352.6 | C71: 0 | D71: 251.3 | E71: 0 | F71: =+B71+D71 -> 603.9 | G71: =+C71+E71 -> 0
... A91: =+A90+7 -> 39457 | B91: 745.9 | C91: 354 | D91: 1155.8 | E91: 443.7 | F91: =+B91+D91 -> 1901.7 | G91: =+C91+E91 -> 797.7
A92: =+A91+7 -> 39464 | B92: 695.9 | C92: 304 | D92: 1205.8 | E92: 497.1 | F92: =+B92+D92 -> 1901.7 | G92: =+C92+E92 -> 801.1 | H92: =+(F92/G92-1)*100 -> 137.38609
A93: =+A92+7 -> 39471 | B93: 593.9 | C93: 255.2 | D93: 1307.8 | E93: 551.1 | F93: =+B93+D93 -> 1901.7 | G93: =+C93+E93 -> 806.3 | H93: =+(F93/G93-1)*100 -> 135.85514
A94: =+A93+7 -> 39478 | B94: 543.9 | C94: 250 | D94: 1357.8 | E94: 648.2 | F94: =+B94+D94 -> 1901.7 | G94: =+C94+E94 -> 898.2 | H94: =+(F94/G94-1)*100 -> 111.72345
A95: =+A94+7 -> 39485 | B95: 393.2 | C95: 250 | D95: 1509.8 | E95: 648.2 | F95: =+B95+D95 -> 1903 | G95: =+C95+E95 -> 898.2 | H95: =+(F95/G95-1)*100 -> 111.86818
A96: =+A95+7 -> 39492 | B96: 300 | C96: 250 | D96: 1605.5 | E96: 648.2 | F96: =+B96+D96 -> 1905.5 | G96: =+C96+E96 -> 898.2 | H96: =+(F96/G96-1)*100 -> 112.14652
A97: =+A96+7 -> 39499 | B97: 300 | C97: 250 | D97: 1605.5 | E97: 648.2 | F97: =+B97+D97 -> 1905.5 | G97: =+C97+E97 -> 898.2 | H97: =+(F97/G97-1)*100 -> 112.14652
A98: =+A97+7 -> 39506 | B98: 700 | C98: 250 | D98: 1605.5 | E98: 648.2 | F98: =+B98+D98 -> 2305.5 | G98: =+C98+E98 -> 898.2 | H98: =+(F98/G98-1)*100 -> 156.68003
A99: =+A98+7 -> 39513 | B99: 700 | C99: 250 | D99: 1605.5 | E99: 648.2 | F99: =+B99+D99 -> 2305.5 | G99: =+C99+E99 -> 898.2 | H99: =+(F99/G99-1)*100 -> 156.68003
A100: =+A99+7 -> 39520 | B100: 650 | C100: 250 | D100: 1656.9 | E100: 648.2 | F100: =+B100+D100 -> 2306.9 | G100: =+C100+E100 -> 898.2 | H100: =+(F100/G100-1)*100 -> 156.83589
A101: =+A100+7 -> 39527 | B101: 600 | C101: 200 | D101: 1711.9 | E101: 698.6 | F101: =+B101+D101 -> 2311.9 | G101: =+C101+E101 -> 898.6 | H101: =+(F101/G101-1)*100 -> 157.27799
A102: =+A101+7 -> 39534 | B102: 550 | C102: 200 | D102: 1761.7 | E102: 698.6 | F102: =+B102+D102 -> 2311.7 | G102: =+C102+E102 -> 898.6 | H102: =+(F102/G102-1)*100 -> 157.25573
A103: =+A102+7 -> 39541 | B103: 500 | C103: 200 | D103: 1812.2 | E103: 698.6 | F103: =+B103+D103 -> 2312.2 | G103: =+C103+E103 -> 898.6 | H103: =+(F103/G103-1)*100 -> 157.31137
... A106: =+A105+7 -> 39562 | B106: 400 | C106: 200 | D106: 1912.7 | E106: 698.6 | F106: =+B106+D106 -> 2312.7 | G106: =+C106+E106 -> 898.6 | H106: =+(F106/G106-1)*100 -> 157.36702
A107: =+A106+7 -> 39569 | B107: 400 | C107: 200 | D107: 1912.7 | E107: 698.6 | F107: =+B107+D107 -> 2312.7 | G107: =+C107+E107 -> 898.6 | H107: =+(F107/G107-1)*100 -> 157.36702 | I107: 100
A108: =+A107+7 -> 39576 | B108: 400 | C108: 200 | D108: 1912.7 | E108: 698.6 | F108: =+B108+D108 -> 2312.7 | G108: =+C108+E108 -> 898.6 | H108: =+(F108/G108-1)*100 -> 157.36702 | I108: 400
A109: =+A108+7 -> 39583 | B109: 400 | C109: 200 | D109: 1912.7 | E109: 698.6 | F109: =+B109+D109 -> 2312.7 | G109: =+C109+E109 -> 898.6 | H109: =+(F109/G109-1)*100 -> 157.36702 | I109: 400
A110: =+A109+7 -> 39590 | B110: 200 | C110: 100 | D110: 1912.7 | E110: 747.4 | F110: =+B110+D110 -> 2112.7 | G110: =+C110+E110 -> 847.4 | H110: =+(F110/G110-1)*100 -> 149.31555 | I110: 1000
A111: =+A110+7 -> 39597 | B111: 200 | C111: 0 | D111: 1964.2 | E111: 798.5 | F111: =+B111+D111 -> 2164.2 | G111: =+C111+E111 -> 798.5 | H111: =+(F111/G111-1)*100 -> 171.03319 | I111: 948.5
A112: =+A111+7 -> 39604 | B112: 1098.5 | C112: 300 | D112: 47.8 | E112: 0 | F112: =+B112+D112 -> 1146.3 | G112: =+C112+E112 -> 300 | H112: =+(F112/G112-1)*100 -> 282.1
A113: =+A112+7 -> 39611 | B113: 1098.5 | C113: 300 | D113: 47.8 | E113: 0 | F113: =+B113+D113 -> 1146.3 | G113: =+C113+E113 -> 300 | H113: =+(F113/G113-1)*100 -> 282.1
A114: =+A113+7 -> 39618 | B114: 946.1 | C114: 300 | D114: 201.1 | E114: 0 | F114: =+B114+D114 -> 1147.2 | G114: =+C114+E114 -> 300 | H114: =+(F114/G114-1)*100 -> 282.4
A115: =+A114+7 -> 39625 | B115: 896.1 | C115: 300 | D115: 251.8 | E115: 0 | F115: =+B115+D115 -> 1147.9 | G115: =+C115+E115 -> 300 | H115: =+(F115/G115-1)*100 -> 282.63333
A116: =+A115+7 -> 39632 | B116: 795.3 | C116: 400 | D116: 353.6 | E116: 0 | F116: =+B116+D116 -> 1148.9 | G116: =+C116+E116 -> 400 | H116: =+(F116/G116-1)*100 -> 187.225
A117: =+A116+7 -> 39639 | B117: 744.3 | C117: 345.2 | D117: 404.7 | E117: 54.8 | F117: =+B117+D117 -> 1149 | G117: =+C117+E117 -> 400 | H117: =+(F117/G117-1)*100 -> 187.25
A118: =+A117+7 -> 39646 | B118: 692.5 | C118: 345.2 | D118: 456.4 | E118: 54.8 | F118: =+B118+D118 -> 1148.9 | G118: =+C118+E118 -> 400 | H118: =+(F118/G118-1)*100 -> 187.225
A119: =+A118+7 -> 39653 | B119: 592.7 | C119: 545.2 | D119: 556.3 | E119: 54.8 | F119: =+B119+D119 -> 1149 | G119: =+C119+E119 -> 600 | H119: =+(F119/G119-1)*100 -> 91.5
A120: =+A119+7 -> 39660 | B120: 444.1 | C120: 500 | D120: 709.8 | E120: 103.6 | F120: =+B120+D120 -> 1153.9 | G120: =+C120+E120 -> 603.6 | H120: =+(F120/G120-1)*100 -> 91.169649
A121: =+A120+7 -> 39667 | B121: 350 | C121: 500 | D121: 814 | E121: 103.6 | F121: =+B121+D121 -> 1164 | G121: =+C121+E121 -> 603.6 | H121: =+(F121/G121-1)*100 -> 92.842942
A122: =+A121+7 -> 39674 | B122: 299.5 | C122: 402.6 | D122: 864.5 | E122: 201 | F122: =+B122+D122 -> 1164 | G122: =+C122+E122 -> 603.6 | H122: =+(F122/G122-1)*100 -> 92.842942
A123: =+A122+7 -> 39681 | B123: 250 | C123: 352.6 | D123: 915.1 | E123: 251.3 | F123: =+B123+D123 -> 1165.1 | G123: =+C123+E123 -> 603.9 | H123: =+(F123/G123-1)*100 -> 92.929293
... A215: =+A214+7 -> 40325 | B215: 0 | C215: 0 | D215: 306.7 | E215: 1205 | F215: =+B215+D215 -> 306.7 | G215: =+C215+E215 -> 1205 | H215: =+(F215/G215-1)*100 -> -74.547718
A216: VENEZUELA
A217: =+A215+7 -> 40332 | B217: 94 | C217: 55.3 | D217: 0 | E217: 0 | F217: =+B217+D217 -> 94 | G217: =+C217+E217 -> 55.3 | H217: =+(F217/G217-1)*100 -> 69.981917
A218: =+A217+7 -> 40339 | B218: 78.5 | C218: 50.3 | D218: 27 | E218: 18.6 | F218: =+B218+D218 -> 105.5 | G218: =+C218+E218 -> 68.9 | H218: =+(F218/G218-1)*100 -> 53.120464
A219: =+A218+7 -> 40346 | B219: 78.9 | C219: 50.3 | D219: 27 | E219: 18.6 | F219: =+B219+D219 -> 105.9 | G219: =+C219+E219 -> 68.9 | H219: =+(F219/G219-1)*100 -> 53.701016
A220: =+A219+7 -> 40353 | B220: 73 | C220: 50.3 | D220: 38.9 | E220: 18.6 | F220: =+B220+D220 -> 111.9 | G220: =+C220+E220 -> 68.9 | H220: =+(F220/G220-1)*100 -> 62.409289
A221: =+A220+7 -> 40360 | B221: 101.5 | C221: 89.8 | D221: 38.9 | E221: 34.6 | F221: =+B221+D221 -> 140.4 | G221: =+C221+E221 -> 124.4 | H221: =+(F221/G221-1)*100 -> 12.861736
A222: =+A221+7 -> 40367 | B222: 101.5 | C222: 89.8 | D222: 38.9 | E222: 34.6 | F222: =+B222+D222 -> 140.4 | G222: =+C222+E222 -> 124.4 | H222: =+(F222/G222-1)*100 -> 12.861736
A223: =+A222+7 -> 40374 | B223: 106.7 | C223: 98.8 | D223: 38.9 | E223: 34.6 | F223: =+B223+D223 -> 145.6 | G223: =+C223+E223 -> 133.4 | H223: =+(F223/G223-1)*100 -> 9.1454273
A224: =+A223+7 -> 40381 | B224: 132.7 | C224: 90.8 | D224: 38.9 | E224: 46.6 | F224: =+B224+D224 -> 171.6 | G224: =+C224+E224 -> 137.4 | H224: =+(F224/G224-1)*100 -> 24.89083
A225: =+A224+7 -> 40388 | B225: 126.7 | C225: 112.9 | D225: 44.9 | E225: 58.1 | F225: =+B225+D225 -> 171.6 | G225: =+C225+E225 -> 171 | H225: =+(F225/G225-1)*100 -> 0.35087719
A226: =+A225+7 -> 40395 | B226: 126.7 | C226: 112.9 | D226: 44.9 | E226: 58.1 | F226: =+B226+D226 -> 171.6 | G226: =+C226+E226 -> 171 | H226: =+(F226/G226-1)*100 -> 0.35087719
A227: =+A226+7 -> 40402 | B227: 107 | C227: 109.9 | D227: 65.3 | E227: 74.3 | F227: =+B227+D227 -> 172.3 | G227: =+C227+E227 -> 184.2 | H227: =+(F227/G227-1)*100 -> -6.4603692
A228: =+A227+7 -> 40409 | B228: 155 | C228: 96.6 | D228: 65.3 | E228: 88.3 | F228: =+B228+D228 -> 220.3 | G228: =+C228+E228 -> 184.9 | H228: =+(F228/G228-1)*100 -> 19.145484
A229: =+A228+7 -> 40416 | B229: 170.9 | C229: 96.6 | D229: 65.3 | E229: 88.3 | F229: =+B229+D229 -> 236.2 | G229: =+C229+E229 -> 184.9 | H229: =+(F229/G229-1)*100 -> 27.744727
... A249: =+A248+7 -> 40556 | B249: 264.3 | C249: 156 | D249: 271.8 | E249: 310.7 | F249: =+B249+D249 -> 536.1 | G249: =+C249+E249 -> 466.7 | H249: =+(F249/G249-1)*100 -> 14.870366
A250: =+A249+7 -> 40563 | B250: 287.9 | C250: 161.5 | D250: 297.3 | E250: 323.3 | F250: =+B250+D250 -> 585.2 | G250: =+C250+E250 -> 484.8 | H250: =+(F250/G250-1)*100 -> 20.709571 | I250: 8.5
A251: =+A250+7 -> 40570 | B251: 294.2 | C251: 117 | D251: 297.3 | E251: 371.6 | F251: =+B251+D251 -> 591.5 | G251: =+C251+E251 -> 488.6 | H251: =+(F251/G251-1)*100 -> 21.060172 | I251: 8.5
A252: =+A251+7 -> 40577 | B252: 270.7 | C252: 135 | D252: 323.6 | E252: 371.6 | F252: =+B252+D252 -> 594.3 | G252: =+C252+E252 -> 506.6 | H252: =+(F252/G252-1)*100 -> 17.311488 | I252: 8.5
A253: =+A252+7 -> 40584 | B253: 286.9 | C253: 124 | D253: 323.6 | E253: 382.4 | F253: =+B253+D253 -> 610.5 | G253: =+C253+E253 -> 506.4 | H253: =+(F253/G253-1)*100 -> 20.556872 | I253: 23.5
A254: =+A253+7 -> 40591 | B254: 284.3 | C254: 137.8 | D254: 333.3 | E254: 382.4 | F254: =+B254+D254 -> 617.6 | G254: =+C254+E254 -> 520.2 | H254: =+(F254/G254-1)*100 -> 18.723568 | I254: 23.5
A255: =+A254+7 -> 40598 | B255: 232 | C255: 164.3 | D255: 391 | E255: 382.4 | F255: =+B255+D255 -> 623 | G255: =+C255+E255 -> 546.7 | H255: =+(F255/G255-1)*100 -> 13.956466 | I255: 23.5
A256: =+A255+7 -> 40605 | B256: 232 | C256: 209.4 | D256: 391 | E256: 382.4 | F256: =+B256+D256 -> 623 | G256: =+C256+E256 -> 591.8 | H256: =+(F256/G256-1)*100 -> 5.2720514 | I256: 23.5
...

Sheet CHINA
A1: CHINA | B1: Unshipped Balance | D1: Accumulated Exports | F1: Total Commitments
A2: EXPORT SALES, Egypt | B2: this year | C2: last year | D2: this year | E2: last year | F2: this year | G2: last year
A3: 41417 | B3: 58.4 | C3: 55.8 | D3: 740.4 | E3: 534.3 | F3: =+B3+D3 -> 798.8 | G3: =+C3+E3 -> 590.1 | H3: 1443.2
A4: =+A3+7 -> 41424 | B4: 57 | C4: 55.8 | D4: 741.8 | E4: 534.3 | F4: =+B4+D4 -> 798.8 | G4: =+C4+E4 -> 590.1 | H4: 1464
A5: =+A4+7 -> 41431 | B5: 1465.3 | C5: 167 | D5: 57.8 | E5: 57.8 | F5: =+B5+D5 -> 1523.1 | G5: =+C5+E5 -> 224.8
A6: =+A5+7 -> 41438 | B6: 1498.3 | C6: 281.5 | D6: 115.6 | E6: 57.8 | F6: =+B6+D6 -> 1613.9 | G6: =+C6+E6 -> 339.3
A7: =+A6+7 -> 41445 | B7: 1473.8 | C7: 280 | D7: 115.6 | E7: 59.2 | F7: =+B7+D7 -> 1589.4 | G7: =+C7+E7 -> 339.2
A8: =+A7+7 -> 41452 | B8: 1480.1 | C8: 277.5 | D8: 348.6 | E8: 61.8 | F8: =+B8+D8 -> 1828.7 | G8: =+C8+E8 -> 339.3
A9: =+A8+7 -> 41459 | B9: 2329 | C9: 274.3 | D9: 523.4 | E9: 64.9 | F9: =+B9+D9 -> 2852.4 | G9: =+C9+E9 -> 339.2
A10: =+A9+7 -> 41466 | B10: 2741 | C10: 273.5 | D10: 531.4 | E10: 65.8 | F10: =+B10+D10 -> 3272.4 | G10: =+C10+E10 -> 339.3
A11: =+A10+7 -> 41473 | B11: 2847.1 | C11: 272 | D11: 603.2 | E11: 67.2 | F11: =+B11+D11 -> 3450.3 | G11: =+C11+E11 -> 339.2
A12: =+A11+7 -> 41480 | B12: 2790.7 | C12: 213.6 | D12: 789.4 | E12: 127.6 | F12: =+B12+D12 -> 3580.1 | G12: =+C12+E12 -> 341.2
A13: =+A12+7 -> 41487 | B13: 2671.2 | C13: 211.3 | D13: 969.7 | E13: 129.9 | F13: =+B13+D13 -> 3640.9 | G13: =+C13+E13 -> 341.2
A14: =+A13+7 -> 41494 | B14: 2602.1 | C14: 169.6 | D14: 1099.8 | E14: 173.6 | F14: =+B14+D14 -> 3701.9 | G14: =+C14+E14 -> 343.2
A15: =+A14+7 -> 41501 | B15: 2413.8 | C15: 167.6 | D15: 1340.4 | E15: 175.5 | F15: =+B15+D15 -> 3754.2 | G15: =+C15+E15 -> 343.1
A16: =+A15+7 -> 41508 | B16: 2221.4 | C16: 167.2 | D16: 1534.7 | E16: 176 | F16: =+B16+D16 -> 3756.1 | G16: =+C16+E16 -> 343.2
... A22: =+A21+7 -> 41550 | B22: 962.1 | C22: 3 | D22: 3018.1 | E22: 406.2 | F22: =+B22+D22 -> 3980.2 | G22: =+C22+E22 -> 409.2
A23: =+A22+7 -> 41557
A24: =+A23+7 -> 41564
A25: =+A24+7 -> 41571 | B25: 596.7 | C25: 2.7 | D25: 3427.9 | E25: 407.1 | F25: =+B25+D25 -> 4024.6 | G25: =+C25+E25 -> 409.8
A26: =+A25+7 -> 41578 | B26: 599.3 | C26: 2 | D26: 3428.3 | E26: 407.8 | F26: =+B26+D26 -> 4027.6 | G26: =+C26+E26 -> 409.8
A27: =+A26+7 -> 41585 | B27: 539.3 | C27: 0.8 | D27: 3487.1 | E27: 409 | F27: =+B27+D27 -> 4026.4 | G27: =+C27+E27 -> 409.8
A28: =+A27+7 -> 41592 | B28: 479.3 | C28: 0.4 | D28: 4546.2 | E28: 409.5 | F28: =+B28+D28 -> 5025.5 | G28: =+C28+E28 -> 409.9
A29: =+A28+7 -> 41599 | B29: 478.4 | C29: 55.4 | D29: 3606.8 | E29: 409.5 | F29: =+B29+D29 -> 4085.2 | G29: =+C29+E29 -> 464.9
A30: =+A29+7 -> 41606
A31: =+A30+7 -> 41613
A32: =+A31+7 -> 41620
A33: =+A32+7 -> 41627
A34: =+A33+7 -> 41634
A35: =+A34+7 -> 41641
A36: =+A35+7 -> 41648
A37: =+A36+7 -> 41655
A38: =+A37+7 -> 41662
A39: =+A38+7 -> 41669
A40: =+A39+7 -> 41676
A41: =+A40+7 -> 41683
... A52: =+A51+7 -> 41760

Sheet Colombia
C1: Unshipped Balance | E1: Accumulated Exports | G1: Total Commitments
B2: EXPORT SALES, Colombia | C2: 2005 | D2: 2004 | E2: 2005 | F2: 2004 | G2: 2005 | H2: 2004 | I2: % change
C3: Unshipped Balance | E3: Accumulated Exports | G3: Total Commitments
C4: this year | D4: last year | E4: this year | F4: last year | G4: this year | H4: last year | I4: % change
A5: Colombia | B5: =+Peru!B3 -> 38869 | C5: 66 | D5: 73 | E5: 0 | F5: 6.2 | G5: =+C5+E5 -> 66 | H5: =+D5+F5 -> 79.2 | I5: =+(G5/H5-1)*100 -> -16.666667
B6: =+B5+7 -> 38876 | C6: 106 | D6: 79 | E6: 0 | F6: 28.2 | G6: =+C6+E6 -> 106 | H6: =+D6+F6 -> 107.2 | I6: =+(G6/H6-1)*100 -> -1.119403
B7: =+B6+7 -> 38883 | C7: 121 | D7: 77 | E7: 0 | F7: 69.6 | G7: =+C7+E7 -> 121 | H7: =+D7+F7 -> 146.6 | I7: =+(G7/H7-1)*100 -> -17.462483
B8: =+B7+7 -> 38890 | C8: 138.8 | D8: 85 | E8: 17.9 | F8: 88.8 | G8: =+C8+E8 -> 156.7 | H8: =+D8+F8 -> 173.8 | I8: =+(G8/H8-1)*100 -> -9.8388953
B9: =+B8+7 -> 38897 | C9: 138.8 | D9: 85 | E9: 17.9 | F9: 110.4 | G9: =+C9+E9 -> 156.7 | H9: =+D9+F9 -> 195.4 | I9: =+(G9/H9-1)*100 -> -19.805527
B10: =+B9+7 -> 38904 | C10: 118.8 | D10: 79 | E10: 59.7 | F10: 117 | G10: =+C10+E10 -> 178.5 | H10: =+D10+F10 -> 196 | I10: =+(G10/H10-1)*100 -> -8.9285714
B11: =+B10+7 -> 38911 | C11: 121 | D11: 61 | E11: 65.9 | F11: 135 | G11: =+C11+E11 -> 186.9 | H11: =+D11+F11 -> 196 | I11: =+(G11/H11-1)*100 -> -4.6428571
B12: =+B11+7 -> 38918 | C12: 84.5 | D12: 71.5 | E12: 150 | F12: 135 | G12: =+C12+E12 -> 234.5 | H12: =+D12+F12 -> 206.5 | I12: =+(G12/H12-1)*100 -> 13.559322
B13: =+B12+7 -> 38925 | C13: 84.5 | D13: 76.5 | E13: 163.6 | F13: 135 | G13: =+C13+E13 -> 248.1 | H13: =+D13+F13 -> 211.5 | I13: =+(G13/H13-1)*100 -> 17.304965
B14: =+B13+7 -> 38932 | C14: 61.4 | D14: 74.5 | E14: 211.4 | F14: 182.9 | G14: =+C14+E14 -> 272.8 | H14: =+D14+F14 -> 257.4 | I14: =+(G14/H14-1)*100 -> 5.982906
B15: =+B14+7 -> 38939 | C15: 35 | D15: 47.5 | E15: 235.2 | F15: 217.2 | G15: =+C15+E15 -> 270.2 | H15: =+D15+F15 -> 264.7 | I15: =+(G15/H15-1)*100 -> 2.077824
B16: =+B15+7 -> 38946 | C16: 17 | D16: 63 | E16: 253.9 | F16: 217.2 | G16: =+C16+E16 -> 270.9 | H16: =+D16+F16 -> 280.2 | I16: =+(G16/H16-1)*100 -> -3.3190578
B17: =+B16+7 -> 38953 | C17: 26.5 | D17: 102.8 | E17: 257.9 | F17: 217.2 | G17: =+C17+E17 -> 284.4 | H17: =+D17+F17 -> 320 | I17: =+(G17/H17-1)*100 -> -11.125
... B22: =+B21+7 -> 38988 | C22: 8 | D22: 81.5 | E22: 300.4 | F22: 297.1 | G22: =+C22+E22 -> 308.4 | H22: =+D22+F22 -> 378.6 | I22: =+(G22/H22-1)*100 -> -18.541997
B23: =+B22+7 -> 38995 | C23: 6.6 | D23: 32.5 | E23: 320.1 | F23: 383.9 | G23: =+C23+E23 -> 326.7 | H23: =+D23+F23 -> 416.4 | I23: =+(G23/H23-1)*100 -> -21.541787 | K23: 7
B24: =+B23+7 -> 39002 | C24: 6.6 | D24: 0 | E24: 342.7 | F24: 416.4 | G24: =+C24+E24 -> 349.3 | H24: =+D24+F24 -> 416.4 | I24: =+(G24/H24-1)*100 -> -16.114313
B25: =+B24+7 -> 39009 | C25: 0 | D25: 6 | E25: 340.9 | F25: 416.4 | G25: =+C25+E25 -> 340.9 | H25: =+D25+F25 -> 422.4 | I25: =+(G25/H25-1)*100 -> -19.294508
B26: =+B25+7 -> 39016 | C26: 28.5 | D26: 28.3 | E26: 356.2 | F26: 457.4 | G26: =+C26+E26 -> 384.7 | H26: =+D26+F26 -> 485.7 | I26: =+(G26/H26-1)*100 -> -20.794729
B27: =+B26+7 -> 39023 | C27: 67.3 | D27: 53 | E27: 356.2 | F27: 480.2 | G27: =+C27+E27 -> 423.5 | H27: =+D27+F27 -> 533.2 | I27: =+(G27/H27-1)*100 -> -20.573893
B28: =+B27+7 -> 39030 | C28: 87.3 | D28: 111.7 | E28: 356.2 | F28: 480.2 | G28: =+C28+E28 -> 443.5 | H28: =+D28+F28 -> 591.9 | I28: =+(G28/H28-1)*100 -> -25.071803
B29: =+B28+7 -> 39037 | C29: 93.3 | D29: 154.1 | E29: 356.2 | F29: 480.2 | G29: =+C29+E29 -> 449.5 | H29: =+D29+F29 -> 634.3 | I29: =+(G29/H29-1)*100 -> -29.134479
B30: =+B29+7 -> 39044 | C30: 84.8 | D30: 164.1 | E30: 376.6 | F30: 485.4 | G30: =+C30+E30 -> 461.4 | H30: =+D30+F30 -> 649.5 | I30: =+(G30/H30-1)*100 -> -28.960739
B31: =+B30+7 -> 39051 | C31: 106 | D31: 155.8 | E31: 401 | F31: 496.8 | G31: =+C31+E31 -> 507 | H31: =+D31+F31 -> 652.6 | I31: =+(G31/H31-1)*100 -> -22.310757
B32: =+B31+7 -> 39058 | C32: 106 | D32: 119.8 | E32: 401 | F32: 560.8 | G32: =+C32+E32 -> 507 | H32: =+D32+F32 -> 680.6 | I32: =+(G32/H32-1)*100 -> -25.506906
B33: =+B32+7 -> 39065 | C33: 106.4 | D33: 166.1 | E33: 421.4 | F33: 560.8 | G33: =+C33+E33 -> 527.8 | H33: =+D33+F33 -> 726.9 | I33: =+(G33/H33-1)*100 -> -27.390288
B34: =+B33+7 -> 39072 | C34: 92.8 | D34: 144.1 | E34: 427.4 | F34: 607.6 | G34: =+C34+E34 -> 520.2 | H34: =+D34+F34 -> 751.7 | I34: =+(G34/H34-1)*100 -> -30.79686
B35: =+B34+7 -> 39079 | C35: 92.8 | D35: 144.1 | E35: 427.4 | F35: 607.6 | G35: =+C35+E35 -> 520.2 | H35: =+D35+F35 -> 751.7 | I35: =+(G35/H35-1)*100 -> -30.79686
... B52: =+B51+7 -> 39198 | C52: 26 | D52: 93 | E52: 676.2 | F52: 935.7 | G52: =+C52+E52 -> 702.2 | H52: =+D52+F52 -> 1028.7 | I52: =+(G52/H52-1)*100 -> -31.739088
B53: =+B52+7 -> 39205 | C53: 35 | D53: 96 | E53: 676.2 | F53: 971.7 | G53: =+C53+E53 -> 711.2 | H53: =+D53+F53 -> 1067.7 | I53: =+(G53/H53-1)*100 -> -33.389529 | J53: 30.5
B54: =+B53+7 -> 39212 | C54: 9 | D54: 82 | E54: 704.8 | F54: 1002.4 | G54: =+C54+E54 -> 713.8 | H54: =+D54+F54 -> 1084.4 | I54: =+(G54/H54-1)*100 -> -34.175581 | J54: 51
B55: =+B54+7 -> 39219 | C55: 0 | D55: 53 | E55: 704.8 | F55: 1032.8 | G55: =+C55+E55 -> 704.8 | H55: =+D55+F55 -> 1085.8 | I55: =+(G55/H55-1)*100 -> -35.089335 | J55: 60
B56: =+B55+7 -> 39226 | C56: 0 | D56: 22 | E56: 704.8 | F56: 1064.4 | G56: =+C56+E56 -> 704.8 | H56: =+D56+F56 -> 1086.4 | I56: =+(G56/H56-1)*100 -> -35.125184 | J56: 60
B57: =+B56+7 -> 39233 | C57: =+Data!F132 -> 0 | G57: 704.8 | H57: 1085.3 | I57: =+(G57/H57-1)*100 -> -35.059431
B58: =+B57+7 -> 39240 | C58: 70.7 | D58: 106 | E58: 35.6 | F58: 0 | G58: =+C58+E58 -> 106.3 | H58: =+D58+F58 -> 106 | I58: =+(G58/H58-1)*100 -> 0.28301887
B59: =+B58+7 -> 39247 | C59: 61.7 | D59: 121 | E59: 65.8 | F59: 0 | G59: =+C59+E59 -> 127.5 | H59: =+D59+F59 -> 121 | I59: =+(G59/H59-1)*100 -> 5.3719008
B60: =+B59+7 -> 39254 | C60: 61 | D60: 138.8 | E60: 65.8 | F60: 17.9 | G60: =+C60+E60 -> 126.8 | H60: =+D60+F60 -> 156.7 | I60: =+(G60/H60-1)*100 -> -19.081047
B61: =+B60+7 -> 39261 | C61: 43 | D61: 138.8 | E61: 85.6 | F61: 17.9 | G61: =+C61+E61 -> 128.6 | H61: =+D61+F61 -> 156.7 | I61: =+(G61/H61-1)*100 -> -17.932355
B62: =+B61+7 -> 39268 | C62: 49.3 | D62: 118.8 | E62: 85.6 | F62: 59.7 | G62: =+C62+E62 -> 134.9 | H62: =+D62+F62 -> 178.5 | I62: =+(G62/H62-1)*100 -> -24.42577
B63: =+B62+7 -> 39275 | C63: 78.3 | D63: 121 | E63: 85.6 | F63: 65.9 | G63: =+C63+E63 -> 163.9 | H63: =+D63+F63 -> 186.9 | I63: =+(G63/H63-1)*100 -> -12.306046
B64: =+B63+7 -> 39282 | C64: 55.8 | D64: 84.5 | E64: 112.5 | F64: 150 | G64: =+C64+E64 -> 168.3 | H64: =+D64+F64 -> 234.5 | I64: =+(G64/H64-1)*100 -> -28.230277
B65: =+B64+7 -> 39289 | C65: 118.3 | D65: 84.5 | E65: 112.5 | F65: 163.6 | G65: =+C65+E65 -> 230.8 | H65: =+D65+F65 -> 248.1 | I65: =+(G65/H65-1)*100 -> -6.9729948
B66: =+B65+7 -> 39296 | C66: 117.3 | D66: 61.4 | E66: 135.3 | F66: 211.4 | G66: =+C66+E66 -> 252.6 | H66: =+D66+F66 -> 272.8 | I66: =+(G66/H66-1)*100 -> -7.4046921
B67: =+B66+7 -> 39303 | C67: 204.3 | D67: 35 | E67: 135.3 | F67: 235.2 | G67: =+C67+E67 -> 339.6 | H67: =+D67+F67 -> 270.2 | I67: =+(G67/H67-1)*100 -> 25.684678
B68: =+B67+7 -> 39310 | C68: 194.8 | D68: 17 | E68: 144.8 | F68: 253.9 | G68: =+C68+E68 -> 339.6 | H68: =+D68+F68 -> 270.9 | I68: =+(G68/H68-1)*100 -> 25.359911
B69: =+B68+7 -> 39317 | C69: 188.5 | D69: 26.5 | E69: 160.6 | F69: 257.9 | G69: =+C69+E69 -> 349.1 | H69: =+D69+F69 -> 284.4 | I69: =+(G69/H69-1)*100 -> 22.749648
... B104: =+B103+7 -> 39562 | C104: 56.3 | D104: 26 | E104: 949.3 | F104: 676.2 | G104: =+C104+E104 -> 1005.6 | H104: =+D104+F104 -> 702.2 | I104: =+(G104/H104-1)*100 -> 43.207064
B105: =+B104+7 -> 39569 | C105: 51.3 | D105: 35 | E105: 949.3 | F105: 676.2 | G105: =+C105+E105 -> 1000.6 | H105: =+D105+F105 -> 711.2 | I105: =+(G105/H105-1)*100 -> 40.691789 | J105: 26
B106: =+B105+7 -> 39576 | C106: 57.8 | D106: 9 | E106: 955.5 | F106: 704.8 | G106: =+C106+E106 -> 1013.3 | H106: =+D106+F106 -> 713.8 | I106: =+(G106/H106-1)*100 -> 41.958532 | J106: 26
B107: =+B106+7 -> 39583 | C107: 57.8 | D107: 0 | E107: 955.5 | F107: 704.8 | G107: =+C107+E107 -> 1013.3 | H107: =+D107+F107 -> 704.8 | I107: =+(G107/H107-1)*100 -> 43.771283
B108: =+B107+7 -> 39590 | C108: 51.8 | D108: 0 | E108: 961.5 | F108: 704.8 | G108: =+C108+E108 -> 1013.3 | H108: =+D108+F108 -> 704.8 | I108: =+(G108/H108-1)*100 -> 43.771283 | J108: 30
B109: =+B108+7 -> 39597 | C109: 50.5 | D109: 0 | E109: 961.5 | F109: 704.8 | G109: =+C109+E109 -> 1012 | H109: =+D109+F109 -> 704.8 | I109: =+(G109/H109-1)*100 -> 43.586833 | J109: 62
B110: =+B109+7 -> 39604 | C110: 64.8 | D110: 70.7 | E110: 19.1 | F110: 35.6 | G110: =+C110+E110 -> 83.9 | H110: =+D110+F110 -> 106.3 | I110: =+(G110/H110-1)*100 -> -21.072437
B111: =+B110+7 -> 39611 | C111: 64.8 | D111: 70.7 | E111: 19.1 | F111: 35.6 | G111: =+C111+E111 -> 83.9 | H111: =+D111+F111 -> 106.3 | I111: =+(G111/H111-1)*100 -> -21.072437
B112: =+B111+7 -> 39618 | C112: 64.8 | D112: 61 | E112: 19.1 | F112: 65.8 | G112: =+C112+E112 -> 83.9 | H112: =+D112+F112 -> 126.8 | I112: =+(G112/H112-1)*100 -> -33.832808
B113: =+B112+7 -> 39625 | C113: 63.5 | D113: 43 | E113: 19.1 | F113: 85.6 | G113: =+C113+E113 -> 82.6 | H113: =+D113+F113 -> 128.6 | I113: =+(G113/H113-1)*100 -> -35.769829
B114: =+B113+7 -> 39632 | C114: 84.8 | D114: 49.3 | E114: 19.1 | F114: 85.6 | G114: =+C114+E114 -> 103.9 | H114: =+D114+F114 -> 134.9 | I114: =+(G114/H114-1)*100 -> -22.979985
B115: =+B114+7 -> 39639 | C115: 97.8 | D115: 78.3 | E115: 44.3 | F115: 85.6 | G115: =+C115+E115 -> 142.1 | H115: =+D115+F115 -> 163.9 | I115: =+(G115/H115-1)*100 -> -13.300793
B116: =+B115+7 -> 39646 | C116: 91.8 | D116: 55.8 | E116: 50.6 | F116: 112.5 | G116: =+C116+E116 -> 142.4 | H116: =+D116+F116 -> 168.3 | I116: =+(G116/H116-1)*100 -> -15.389186
B117: =+B116+7 -> 39653 | C117: 106.8 | D117: 118.3 | E117: 55.8 | F117: 112.5 | G117: =+C117+E117 -> 162.6 | H117: =+D117+F117 -> 230.8 | I117: =+(G117/H117-1)*100 -> -29.549393
B118: =+B117+7 -> 39660 | C118: 103.5 | D118: 117.3 | E118: 62.1 | F118: 135.3 | G118: =+C118+E118 -> 165.6 | H118: =+D118+F118 -> 252.6 | I118: =+(G118/H118-1)*100 -> -34.441805
B119: =+B118+7 -> 39667 | C119: 118.5 | D119: 204.3 | E119: 80.6 | F119: 135.3 | G119: =+C119+E119 -> 199.1 | H119: =+D119+F119 -> 339.6 | I119: =+(G119/H119-1)*100 -> -41.372203
B120: =+B119+7 -> 39674 | C120: 133.5 | D120: 194.8 | E120: 80.6 | F120: 144.8 | G120: =+C120+E120 -> 214.1 | H120: =+D120+F120 -> 339.6 | I120: =+(G120/H120-1)*100 -> -36.955241
B121: =+B120+7 -> 39681 | C121: 140 | D121: 188.5 | E121: 86.1 | F121: 160.6 | G121: =+C121+E121 -> 226.1 | H121: =+D121+F121 -> 349.1 | I121: =+(G121/H121-1)*100 -> -35.233457
... B156: =+B155+7 -> 39926 | C156: 76.5 | D156: 56.3 | E156: 491.5 | F156: 949.3 | G156: =+C156+E156 -> 568 | H156: =+D156+F156 -> 1005.6 | I156: =+(G156/H156-1)*100 -> -43.516309
B157: =+B156+7 -> 39933 | C157: 33.9 | D157: 51.3 | E157: 534.4 | F157: 949.3 | G157: =+C157+E157 -> 568.3 | H157: =+D157+F157 -> 1000.6 | I157: =+(G157/H157-1)*100 -> -43.204078 | J157: 20
B158: =+B157+7 -> 39940 | C158: 16.2 | D158: 57.8 | E158: 556.8 | F158: 955.5 | G158: =+C158+E158 -> 573 | H158: =+D158+F158 -> 1013.3 | I158: =+(G158/H158-1)*100 -> -43.452087 | J158: 20
B159: =+B158+7 -> 39947 | C159: 6 | D159: 57.8 | E159: 567.5 | F159: 955.5 | G159: =+C159+E159 -> 573.5 | H159: =+D159+F159 -> 1013.3 | I159: =+(G159/H159-1)*100 -> -43.402744 | J159: 39
B160: =+B159+7 -> 39954 | C160: 6 | D160: 51.8 | E160: 567.5 | F160: 961.5 | G160: =+C160+E160 -> 573.5 | H160: =+D160+F160 -> 1013.3 | I160: =+(G160/H160-1)*100 -> -43.402744 | J160: 39
A161: Venezuela | B161: =+B160+7 -> 39961 | C161: 6 | D161: 50.5 | E161: 567.5 | F161: 961.5 | G161: =+C161+E161 -> 573.5 | H161: =+D161+F161 -> 1012 | I161: =+(G161/H161-1)*100 -> -43.33004 | J161: 39
A162: Colombia | B162: =+B161+7 -> 39968 | C162: 153.2 | D162: 68.4 | E162: 0 | F162: 0 | G162: =+C162+E162 -> 153.2 | H162: =+D162+F162 -> 68.4 | I162: =+(G162/H162-1)*100 -> 123.97661
A163: Colombia | B163: =+B162+7 -> 39975 | C163: 155.2 | D163: 91.3 | E163: 4 | F163: 0 | G163: =+C163+E163 -> 159.2 | H163: =+D163+F163 -> 91.3 | I163: =+(G163/H163-1)*100 -> 74.370208
A164: Colombia | B164: =+B163+7 -> 39982 | C164: 155.2 | D164: 95.5 | E164: 4 | F164: 0 | G164: =+C164+E164 -> 159.2 | H164: =+D164+F164 -> 95.5 | I164: =+(G164/H164-1)*100 -> 66.701571
A165: Colombia | B165: =+B164+7 -> 39989 | C165: 110 | D165: 104.6 | E165: 33.1 | F165: 17.9 | G165: =+C165+E165 -> 143.1 | H165: =+D165+F165 -> 122.5 | I165: =+(G165/H165-1)*100 -> 16.816327
A166: Colombia | B166: =+B165+7 -> 39996 | C166: 110 | D166: 180 | E166: 33.1 | F166: 17.9 | G166: =+C166+E166 -> 143.1 | H166: =+D166+F166 -> 197.9 | I166: =+(G166/H166-1)*100 -> -27.690753
A167: Colombia | B167: =+B166+7 -> 40003 | C167: 102 | D167: 174.9 | E167: 46 | F167: 35.5 | G167: =+C167+E167 -> 148 | H167: =+D167+F167 -> 210.4 | I167: =+(G167/H167-1)*100 -> -29.657795
A168: Colombia | B168: =+B167+7 -> 40010 | C168: 113 | D168: 185.9 | E168: 66.1 | F168: 75.8 | G168: =+C168+E168 -> 179.1 | H168: =+D168+F168 -> 261.7 | I168: =+(G168/H168-1)*100 -> -31.562858
A169: Colombia | B169: =+B168+7 -> 40017 | C169: 103 | D169: 186.3 | E169: 86.9 | F169: 114.4 | G169: =+C169+E169 -> 189.9 | H169: =+D169+F169 -> 300.7 | I169: =+(G169/H169-1)*100 -> -36.847356
A170: Colombia | B170: =+B169+7 -> 40024 | C170: 149.5 | D170: 180.3 | E170: 93.2 | F170: 123.4 | G170: =+C170+E170 -> 242.7 | H170: =+D170+F170 -> 303.7 | I170: =+(G170/H170-1)*100 -> -20.085611
A171: Colombia | B171: =+B170+7 -> 40031 | C171: 158.5 | D171: 179.8 | E171: 93.2 | F171: 129.6 | G171: =+C171+E171 -> 251.7 | H171: =+D171+F171 -> 309.4 | I171: =+(G171/H171-1)*100 -> -18.648998
A172: Colombia | B172: =+B171+7 -> 40038 | C172: 164.5 | D172: 178.8 | E172: 93.2 | F172: 135.6 | G172: =+C172+E172 -> 257.7 | H172: =+D172+F172 -> 314.4 | I172: =+(G172/H172-1)*100 -> -18.034351
A173: Colombia | B173: =+B172+7 -> 40045 | C173: 167 | D173: 204.8 | E173: 105.8 | F173: 184.9 | G173: =+C173+E173 -> 272.8 | H173: =+D173+F173 -> 389.7 | I173: =+(G173/H173-1)*100 -> -29.997434
A174: Colombia | B174: =+B173+7 -> 40052 | C174: 144.6 | D174: 186.3 | E174: 132.4 | F174: 205.8 | G174: =+C174+E174 -> 277 | H174: =+D174+F174 -> 392.1 | I174: =+(G174/H174-1)*100 -> -29.354756 | J174: 11
A175: Colombia | B175: =+B174+7 -> 40059 | C175: 123.1 | D175: 213.5 | E175: 166.4 | F175: 217.4 | G175: =+C175+E175 -> 289.5 | H175: =+D175+F175 -> 430.9 | I175: =+(G175/H175-1)*100 -> -32.815038
A176: Colombia | B176: =+B175+7 -> 40066 | C176: 130.7 | D176: 197 | E176: 166.4 | F176: 262.3 | G176: =+C176+E176 -> 297.1 | H176: =+D176+F176 -> 459.3 | I176: =+(G176/H176-1)*100 -> -35.314609
A177: Colombia | B177: =+B176+7 -> 40073 | C177: 168.3 | D177: 195.1 | E177: 166.4 | F177: 266.7 | G177: =+C177+E177 -> 334.7 | H177: =+D177+F177 -> 461.8 | I177: =+(G177/H177-1)*100 -> -27.522737
A178: Colombia | B178: =+B177+7 -> 40080 | C178: 135.2 | D178: 202.1 | E178: 214.4 | F178: 283.9 | G178: =+C178+E178 -> 349.6 | H178: =+D178+F178 -> 486 | I178: =+(G178/H178-1)*100 -> -28.065844
A179: Colombia | B179: =+B178+7 -> 40087 | C179: 117 | D179: 199.3 | E179: 236.1 | F179: 301.3 | G179: =+C179+E179 -> 353.1 | H179: =+D179+F179 -> 500.6 | I179: =+(G179/H179-1)*100 -> -29.464642
A180: Colombia | B180: =+B179+7 -> 40094 | C180: 117.6 | D180: 188.8 | E180: 261.7 | F180: 325.5 | G180: =+C180+E180 -> 379.3 | H180: =+D180+F180 -> 514.3 | I180: =+(G180/H180-1)*100 -> -26.249271
A181: Colombia | B181: =+B180+7 -> 40101 | C181: 96.6 | D181: 175.8 | E181: 280.9 | F181: 338.4 | G181: =+C181+E181 -> 377.5 | H181: =+D181+F181 -> 514.2 | I181: =+(G181/H181-1)*100 -> -26.584986
A182: Colombia | B182: =+B181+7 -> 40108 | C182: 85.1 | D182: 148.8 | E182: 292.4 | F182: 369.6 | G182: =+C182+E182 -> 377.5 | H182: =+D182+F182 -> 518.4 | I182: =+(G182/H182-1)*100 -> -27.179784
A183: Colombia | B183: =+B182+7 -> 40115 | C183: 81.6 | D183: 146.8 | E183: 313.4 | F183: 373 | G183: =+C183+E183 -> 395 | H183: =+D183+F183 -> 519.8 | I183: =+(G183/H183-1)*100 -> -24.009234
A184: Colombia | B184: =+B183+7 -> 40122 | C184: 85.3 | D184: 146 | E184: 313.4 | F184: 382.9 | G184: =+C184+E184 -> 398.7 | H184: =+D184+F184 -> 528.9 | I184: =+(G184/H184-1)*100 -> -24.61713
A185: Colombia | B185: =+B184+7 -> 40129 | C185: 90.8 | D185: 146 | E185: 328.9 | F185: 382.9 | G185: =+C185+E185 -> 419.7 | H185: =+D185+F185 -> 528.9 | I185: =+(G185/H185-1)*100 -> -20.646625
A186: Colombia | B186: =+B185+7 -> 40136 | C186: 68.4 | D186: 96.2 | E186: 351.1 | F186: 432.4 | G186: =+C186+E186 -> 419.5 | H186: =+D186+F186 -> 528.6 | I186: =+(G186/H186-1)*100 -> -20.639425
... A195: Colombia | B195: =+B194+7 -> 40199 | C195: 66.3 | D195: 122.2 | E195: 392.8 | F195: 545.4 | G195: =+C195+E195 -> 459.1 | H195: =+D195+F195 -> 667.6 | I195: =+(G195/H195-1)*100 -> -31.231276
A196: Colombia | B196: =+B195+7 -> 40206 | C196: 65.6 | D196: 152.9 | E196: 402.5 | F196: 545.4 | G196: =+C196+E196 -> 468.1 | H196: =+D196+F196 -> 698.3 | I196: =+(G196/H196-1)*100 -> -32.965774 | J196: 3
...

Sheet Peru
C1: Unshipped Balance | E1: Accumulated Exports | G1: Total Commitments
B2: EXPORT SALES, Italy | C2: this year | D2: last year | E2: this year | F2: last year | G2: this year | H2: last year | I2: % change | J2: 2006
A3: Italy | B3: 38869 | C3: 112.1 | D3: 102.7 | E3: 0 | F3: 0 | G3: =+C3+E3 -> 112.1 | H3: =+D3+F3 -> 102.7 | I3: =+(G3/H3-1)*100 -> 9.1528724
B4: =+B3+7 -> 38876 | C4: 142.1 | D4: 129.7 | E4: 0 | F4: 0 | G4: =+C4+E4 -> 142.1 | H4: =+D4+F4 -> 129.7 | I4: =+(G4/H4-1)*100 -> 9.5605243
B5: =+B4+7 -> 38883 | C5: 138.1 | D5: 154.2 | E5: 9.8 | F5: 0 | G5: =+C5+E5 -> 147.9 | H5: =+D5+F5 -> 154.2 | I5: =+(G5/H5-1)*100 -> -4.0856031
B6: =+B5+7 -> 38890 | C6: 128.6 | D6: 154.2 | E6: 19.9 | F6: 0 | G6: =+C6+E6 -> 148.5 | H6: =+D6+F6 -> 154.2 | I6: =+(G6/H6-1)*100 -> -3.6964981
B7: =+B6+7 -> 38897 | C7: 135.9 | D7: 149.9 | E7: 53.6 | F7: 44.4 | G7: =+C7+E7 -> 189.5 | H7: =+D7+F7 -> 194.3 | I7: =+(G7/H7-1)*100 -> -2.4704066
B8: =+B7+7 -> 38904 | C8: 153.9 | D8: 141 | E8: 53.6 | F8: 53.5 | G8: =+C8+E8 -> 207.5 | H8: =+D8+F8 -> 194.5 | I8: =+(G8/H8-1)*100 -> 6.6838046
B9: =+B8+7 -> 38911 | C9: 153.9 | D9: 92 | E9: 53.6 | F9: 82.5 | G9: =+C9+E9 -> 207.5 | H9: =+D9+F9 -> 174.5 | I9: =+(G9/H9-1)*100 -> 18.911175
B10: =+B9+7 -> 38918 | C10: 153.9 | D10: 110 | E10: 53.6 | F10: 92 | G10: =+C10+E10 -> 207.5 | H10: =+D10+F10 -> 202 | I10: =+(G10/H10-1)*100 -> 2.7227723
B11: =+B10+7 -> 38925 | C11: 179.8 | D11: 125.9 | E11: 53.6 | F11: 109.9 | G11: =+C11+E11 -> 233.4 | H11: =+D11+F11 -> 235.8 | I11: =+(G11/H11-1)*100 -> -1.0178117
B12: =+B11+7 -> 38932 | C12: 159.8 | D12: 125.9 | E12: 74.6 | F12: 109.9 | G12: =+C12+E12 -> 234.4 | H12: =+D12+F12 -> 235.8 | I12: =+(G12/H12-1)*100 -> -0.59372349
B13: =+B12+7 -> 38939 | C13: 206.3 | D13: 99.3 | E13: 109.4 | F13: 136.7 | G13: =+C13+E13 -> 315.7 | H13: =+D13+F13 -> 236 | I13: =+(G13/H13-1)*100 -> 33.771186
B14: =+B13+7 -> 38946 | C14: 198.4 | D14: 73.4 | E14: 117.9 | F14: 163.9 | G14: =+C14+E14 -> 316.3 | H14: =+D14+F14 -> 237.3 | I14: =+(G14/H14-1)*100 -> 33.291193
B15: =+B14+7 -> 38953 | C15: 216.4 | D15: 88.9 | E15: 117.9 | F15: 204.2 | G15: =+C15+E15 -> 334.3 | H15: =+D15+F15 -> 293.1 | I15: =+(G15/H15-1)*100 -> 14.056636
... B21: =+B20+7 -> 38995 | C21: 167.3 | D21: 66.8 | E21: 195.5 | F21: 334.8 | G21: =+C21+E21 -> 362.8 | H21: =+D21+F21 -> 401.6 | I21: =+(G21/H21-1)*100 -> -9.6613546
B22: =+B21+7 -> 39002 | C22: 81.1 | D22: 62.6 | E22: 242.2 | F22: 408.6 | G22: =+C22+E22 -> 323.3 | H22: =+D22+F22 -> 471.2 | I22: =+(G22/H22-1)*100 -> -31.387946 | J22: (Canceled sale?)
B23: =+B22+7 -> 39009 | C23: 63.5 | D23: 62.6 | E23: 264.2 | F23: 408.6 | G23: =+C23+E23 -> 327.7 | H23: =+D23+F23 -> 471.2 | I23: =+(G23/H23-1)*100 -> -30.45416
B24: =+B23+7 -> 39016 | C24: 64.3 | D24: 85.4 | E24: 264.2 | F24: 408.6 | G24: =+C24+E24 -> 328.5 | H24: =+D24+F24 -> 494 | I24: =+(G24/H24-1)*100 -> -33.502024
B25: =+B24+7 -> 39023 | C25: 64.3 | D25: 113.5 | E25: 264.2 | F25: 423.9 | G25: =+C25+E25 -> 328.5 | H25: =+D25+F25 -> 537.4 | I25: =+(G25/H25-1)*100 -> -38.872348
B26: =+B25+7 -> 39030 | C26: 70.3 | D26: 113.5 | E26: 275.7 | F26: 431.4 | G26: =+C26+E26 -> 346 | H26: =+D26+F26 -> 544.9 | I26: =+(G26/H26-1)*100 -> -36.50211
B27: =+B26+7 -> 39037 | C27: 57.8 | D27: 131 | E27: 293.2 | F27: 438.5 | G27: =+C27+E27 -> 351 | H27: =+D27+F27 -> 569.5 | I27: =+(G27/H27-1)*100 -> -38.366989
B28: =+B27+7 -> 39044 | C28: 97.8 | D28: 131 | E28: 315.6 | F28: 438.5 | G28: =+C28+E28 -> 413.4 | H28: =+D28+F28 -> 569.5 | I28: =+(G28/H28-1)*100 -> -27.410009
B29: =+B28+7 -> 39051 | C29: 84.3 | D29: 128.5 | E29: 337.8 | F29: 438.5 | G29: =+C29+E29 -> 422.1 | H29: =+D29+F29 -> 567 | I29: =+(G29/H29-1)*100 -> -25.555556
B30: =+B29+7 -> 39058 | C30: 84.3 | D30: 99.5 | E30: 337.8 | F30: 494.4 | G30: =+C30+E30 -> 422.1 | H30: =+D30+F30 -> 593.9 | I30: =+(G30/H30-1)*100 -> -28.927429
B31: =+B30+7 -> 39065 | C31: 53.5 | D31: 71.1 | E31: 390.2 | F31: 563.8 | G31: =+C31+E31 -> 443.7 | H31: =+D31+F31 -> 634.9 | I31: =+(G31/H31-1)*100 -> -30.114979
B32: =+B31+7 -> 39072 | C32: 53.5 | D32: 0 | E32: 390.2 | F32: 640.3 | G32: =+C32+E32 -> 443.7 | H32: =+D32+F32 -> 640.3 | I32: =+(G32/H32-1)*100 -> -30.704357
B33: =+B32+7 -> 39079 | C33: 53.5 | D33: 0 | E33: 390.2 | F33: 640.3 | G33: =+C33+E33 -> 443.7 | H33: =+D33+F33 -> 640.3 | I33: =+(G33/H33-1)*100 -> -30.704357
B34: =+B33+7 -> 39086 | C34: 53.5 | D34: 0 | E34: 390.2 | F34: 640.3 | G34: =+C34+E34 -> 443.7 | H34: =+D34+F34 -> 640.3 | I34: =+(G34/H34-1)*100 -> -30.704357
... B54: =+B53+7 -> 39226 | C54: 60 | D54: 0 | E54: 475.7 | F54: 747.7 | G54: =+C54+E54 -> 535.7 | H54: =+D54+F54 -> 747.7 | I54: =+(G54/H54-1)*100 -> -28.353618
B55: =+B54+7 -> 39233 | C55: =+Data!B44+Data!F44 -> #VALUE! | G55: 515.4 | H55: 747.7 | I55: =+(G55/H55-1)*100 -> -31.06861
A56: Yemen | B56: =+B55+7 -> 39240 | C56: 55 | D56: 85 | E56: 0 | F56: 39.7 | G56: =+C56+E56 -> 55 | H56: =+D56+F56 -> 124.7 | I56: =+(G56/H56-1)*100 -> -55.894146
B57: =+B56+7 -> 39247 | C57: 105 | D57: 85 | E57: 0 | F57: 39.7 | G57: =+C57+E57 -> 105 | H57: =+D57+F57 -> 124.7 | I57: =+(G57/H57-1)*100 -> -15.797915
B58: =+B57+7 -> 39254 | C58: 50 | D58: 85 | E58: 59.4 | F58: 39.7 | G58: =+C58+E58 -> 109.4 | H58: =+D58+F58 -> 124.7 | I58: =+(G58/H58-1)*100 -> -12.269447
B59: =+B58+7 -> 39261 | C59: 98 | D59: 43 | E59: 59.4 | F59: 80.1 | G59: =+C59+E59 -> 157.4 | H59: =+D59+F59 -> 123.1 | I59: =+(G59/H59-1)*100 -> 27.863526
B60: =+B59+7 -> 39268 | C60: 201 | D60: 43 | E60: 59.4 | F60: 80.1 | G60: =+C60+E60 -> 260.4 | H60: =+D60+F60 -> 123.1 | I60: =+(G60/H60-1)*100 -> 111.53534
B61: =+B60+7 -> 39275 | C61: 201 | D61: 43 | E61: 59.4 | F61: 80.1 | G61: =+C61+E61 -> 260.4 | H61: =+D61+F61 -> 123.1 | I61: =+(G61/H61-1)*100 -> 111.53534
B62: =+B61+7 -> 39282 | C62: 201 | D62: 0 | E62: 59.4 | F62: 120.9 | G62: =+C62+E62 -> 260.4 | H62: =+D62+F62 -> 120.9 | I62: =+(G62/H62-1)*100 -> 115.38462
B63: =+B62+7 -> 39289 | C63: 201 | D63: 0 | E63: 59.4 | F63: 120.9 | G63: =+C63+E63 -> 260.4 | H63: =+D63+F63 -> 120.9 | I63: =+(G63/H63-1)*100 -> 115.38462
B64: =+B63+7 -> 39296 | C64: 151 | D64: 0 | E64: 110 | F64: 120.9 | G64: =+C64+E64 -> 261 | H64: =+D64+F64 -> 120.9 | I64: =+(G64/H64-1)*100 -> 115.88089
B65: =+B64+7 -> 39303 | C65: 201 | D65: 0 | E65: 110 | F65: 120.9 | G65: =+C65+E65 -> 311 | H65: =+D65+F65 -> 120.9 | I65: =+(G65/H65-1)*100 -> 157.23739
B66: =+B65+7 -> 39310 | C66: 349 | D66: 45 | E66: 208.1 | F66: 120.9 | G66: =+C66+E66 -> 557.1 | H66: =+D66+F66 -> 165.9 | I66: =+(G66/H66-1)*100 -> 235.8047
B67: =+B66+7 -> 39317 | C67: 349 | D67: 91 | E67: 279.7 | F67: 120.9 | G67: =+C67+E67 -> 628.7 | H67: =+D67+F67 -> 211.9 | I67: =+(G67/H67-1)*100 -> 196.69655
B68: =+B67+7 -> 39324 | C68: 399 | D68: 194 | E68: 385.2 | F68: 120.9 | G68: =+C68+E68 -> 784.2 | H68: =+D68+F68 -> 314.9 | I68: =+(G68/H68-1)*100 -> 149.03144
... B102: =+B101+7 -> 39562 | C102: 0 | D102: 46 | E102: 996.6 | F102: 659 | G102: =+C102+E102 -> 996.6 | H102: =+D102+F102 -> 705 | I102: =+(G102/H102-1)*100 -> 41.361702
B103: =+B102+7 -> 39569 | C103: 0 | D103: 46 | E103: 996.6 | F103: 659 | G103: =+C103+E103 -> 996.6 | H103: =+D103+F103 -> 705 | I103: =+(G103/H103-1)*100 -> 41.361702 | J103: 0
B104: =+B103+7 -> 39576 | C104: 0 | D104: 46 | E104: 996.6 | F104: 659 | G104: =+C104+E104 -> 996.6 | H104: =+D104+F104 -> 705 | I104: =+(G104/H104-1)*100 -> 41.361702 | J104: 0
B105: =+B104+7 -> 39583 | C105: 0 | D105: 0 | E105: 996.6 | F105: 709.3 | G105: =+C105+E105 -> 996.6 | H105: =+D105+F105 -> 709.3 | I105: =+(G105/H105-1)*100 -> 40.504723 | J105: 0
B106: =+B105+7 -> 39590 | C106: 0 | D106: 0 | E106: 996.6 | F106: 709.3 | G106: =+C106+E106 -> 996.6 | H106: =+D106+F106 -> 709.3 | I106: =+(G106/H106-1)*100 -> 40.504723 | J106: 0
B107: =+B106+7 -> 39597 | C107: 0 | D107: 0 | E107: 996.6 | F107: 709.3 | G107: =+C107+E107 -> 996.6 | H107: =+D107+F107 -> 709.3 | I107: =+(G107/H107-1)*100 -> 40.504723 | J107: 0
B108: =+B107+7 -> 39604 | C108: 0 | D108: 55 | E108: 0 | F108: 0 | G108: =+C108+E108 -> 0 | H108: =+D108+F108 -> 55 | I108: =+(G108/H108-1)*100 -> -100
B109: =+B108+7 -> 39611 | C109: 0 | D109: 55 | E109: 0 | F109: 0 | G109: =+C109+E109 -> 0 | H109: =+D109+F109 -> 55 | I109: =+(G109/H109-1)*100 -> -100
B110: =+B109+7 -> 39618 | C110: 55 | D110: 50 | E110: 0 | F110: 59.4 | G110: =+C110+E110 -> 55 | H110: =+D110+F110 -> 109.4 | I110: =+(G110/H110-1)*100 -> -49.725777
B111: =+B110+7 -> 39625 | C111: 55 | D111: 98 | E111: 0 | F111: 59.4 | G111: =+C111+E111 -> 55 | H111: =+D111+F111 -> 157.4 | I111: =+(G111/H111-1)*100 -> -65.057179
B112: =+B111+7 -> 39632 | C112: 55 | D112: 201 | E112: 0 | F112: 59.4 | G112: =+C112+E112 -> 55 | H112: =+D112+F112 -> 260.4 | I112: =+(G112/H112-1)*100 -> -78.878648
B113: =+B112+7 -> 39639 | C113: 0 | D113: 201 | E113: 55.1 | F113: 59.4 | G113: =+C113+E113 -> 55.1 | H113: =+D113+F113 -> 260.4 | I113: =+(G113/H113-1)*100 -> -78.840246
B114: =+B113+7 -> 39646 | C114: 45 | D114: 201 | E114: 55.1 | F114: 59.4 | G114: =+C114+E114 -> 100.1 | H114: =+D114+F114 -> 260.4 | I114: =+(G114/H114-1)*100 -> -61.55914
B115: =+B114+7 -> 39653 | C115: 45 | D115: 201 | E115: 55.1 | F115: 59.4 | G115: =+C115+E115 -> 100.1 | H115: =+D115+F115 -> 260.4 | I115: =+(G115/H115-1)*100 -> -61.55914
B116: =+B115+7 -> 39660 | C116: 45 | D116: 151 | E116: 55.1 | F116: 110 | G116: =+C116+E116 -> 100.1 | H116: =+D116+F116 -> 261 | I116: =+(G116/H116-1)*100 -> -61.64751
B117: =+B116+7 -> 39667 | C117: 0 | D117: 201 | E117: 98.8 | F117: 110 | G117: =+C117+E117 -> 98.8 | H117: =+D117+F117 -> 311 | I117: =+(G117/H117-1)*100 -> -68.231511
B118: =+B117+7 -> 39674 | C118: 0 | D118: 349 | E118: 98.8 | F118: 208.1 | G118: =+C118+E118 -> 98.8 | H118: =+D118+F118 -> 557.1 | I118: =+(G118/H118-1)*100 -> -82.265302
B119: =+B118+7 -> 39681 | C119: 50 | D119: 349 | E119: 98.8 | F119: 279.7 | G119: =+C119+E119 -> 148.8 | H119: =+D119+F119 -> 628.7 | I119: =+(G119/H119-1)*100 -> -76.332114
... B155: =+B154+7 -> 39933 | C155: 55 | D155: 0 | E155: 425.2 | F155: 996.6 | G155: =+C155+E155 -> 480.2 | H155: =+D155+F155 -> 996.6 | I155: =+(G155/H155-1)*100 -> -51.816175
B156: =+B155+7 -> 39940 | C156: 55 | D156: 0 | E156: 425.2 | F156: 996.6 | G156: =+C156+E156 -> 480.2 | H156: =+D156+F156 -> 996.6 | I156: =+(G156/H156-1)*100 -> -51.816175 | J156: 58
B157: =+B156+7 -> 39947 | C157: 55 | D157: 0 | E157: 425.2 | F157: 996.6 | G157: =+C157+E157 -> 480.2 | H157: =+D157+F157 -> 996.6 | I157: =+(G157/H157-1)*100 -> -51.816175 | J157: 108
B158: =+B157+7 -> 39954 | C158: 0 | D158: 0 | E158: 482.5 | F158: 996.6 | G158: =+C158+E158 -> 482.5 | H158: =+D158+F158 -> 996.6 | I158: =+(G158/H158-1)*100 -> -51.58539 | J158: 158
A159: Yemen | B159: =+B158+7 -> 39961 | C159: 0 | D159: 0 | E159: 482.5 | F159: 996.6 | G159: =+C159+E159 -> 482.5 | H159: =+D159+F159 -> 996.6 | I159: =+(G159/H159-1)*100 -> -51.58539 | J159: 158
A160: BRAZIL | B160: 39968 | C160: 0 | D160: 377.1 | E160: 0 | F160: 105.2 | G160: =+C160+E160 -> 0 | H160: =+D160+F160 -> 482.3 | I160: =+(G160/H160-1)*100 -> -100
A161: BRAZIL | B161: =+B160+7 -> 39975 | C161: 0 | D161: 407.6 | E161: 0 | F161: 165.8 | G161: =+C161+E161 -> 0 | H161: =+D161+F161 -> 573.4 | I161: =+(G161/H161-1)*100 -> -100
A162: BRAZIL | B162: =+B161+7 -> 39982 | C162: 25 | D162: 395.2 | E162: 0 | F162: 243.7 | G162: =+C162+E162 -> 25 | H162: =+D162+F162 -> 638.9 | I162: =+(G162/H162-1)*100 -> -96.087025
A163: BRAZIL | B163: =+B162+7 -> 39989 | C163: 25 | D163: 338.5 | E163: 0 | F163: 329.1 | G163: =+C163+E163 -> 25 | H163: =+D163+F163 -> 667.6 | I163: =+(G163/H163-1)*100 -> -96.255243
A164: BRAZIL | B164: =+B163+7 -> 39996 | C164: 25 | D164: 347.7 | E164: 0 | F164: 348.9 | G164: =+C164+E164 -> 25 | H164: =+D164+F164 -> 696.6 | I164: =+(G164/H164-1)*100 -> -96.41114
A165: BRAZIL | B165: =+B164+7 -> 40003 | C165: 76 | D165: 279.7 | E165: 0 | F165: 437.1 | G165: =+C165+E165 -> 76 | H165: =+D165+F165 -> 716.8 | I165: =+(G165/H165-1)*100 -> -89.397321
A166: BRAZIL | B166: =+B165+7 -> 40010 | C166: 76 | D166: 182.7 | E166: 0 | F166: 562.9 | G166: =+C166+E166 -> 76 | H166: =+D166+F166 -> 745.6 | I166: =+(G166/H166-1)*100 -> -89.806867
A167: BRAZIL | B167: =+B166+7 -> 40017 | C167: 106 | D167: 182.7 | E167: 16.5 | F167: 562.9 | G167: =+C167+E167 -> 122.5 | H167: =+D167+F167 -> 745.6 | I167: =+(G167/H167-1)*100 -> -83.570279
A168: BRAZIL | B168: =+B167+7 -> 40024 | C168: 109.8 | D168: 135.5 | E168: 52 | F168: 590.4 | G168: =+C168+E168 -> 161.8 | H168: =+D168+F168 -> 725.9 | I168: =+(G168/H168-1)*100 -> -77.710428
A169: BRAZIL | B169: =+B168+7 -> 40031 | C169: 109.8 | D169: 104.7 | E169: 52 | F169: 621.2 | G169: =+C169+E169 -> 161.8 | H169: =+D169+F169 -> 725.9 | I169: =+(G169/H169-1)*100 -> -77.710428
A170: BRAZIL | B170: =+B169+7 -> 40038 | C170: 80 | D170: 37.1 | E170: 88.6 | F170: 688.3 | G170: =+C170+E170 -> 168.6 | H170: =+D170+F170 -> 725.4 | I170: =+(G170/H170-1)*100 -> -76.757651
A171: BRAZIL | B171: =+B170+7 -> 40045 | C171: 80 | D171: 37.1 | E171: 88.6 | F171: 688.3 | G171: =+C171+E171 -> 168.6 | H171: =+D171+F171 -> 725.4 | I171: =+(G171/H171-1)*100 -> -76.757651
A172: BRAZIL | B172: =+B171+7 -> 40052 | C172: 55 | D172: 37.1 | E172: 113.7 | F172: 688.3 | G172: =+C172+E172 -> 168.7 | H172: =+D172+F172 -> 725.4 | I172: =+(G172/H172-1)*100 -> -76.743865
... A260: PERU | B260: =+B259+7 -> 40668 | C260: 219.7 | D260: 69 | E260: 835.9 | F260: 489.1 | G260: =+C260+E260 -> 1055.6 | H260: =+D260+F260 -> 558.1 | I260: =+(G260/H260-1)*100 -> 89.141731
A261: PERU | B261: =+B260+7 -> 40675 | C261: 147.7 | D261: 35 | E261: 835.9 | F261: 528.3 | G261: =+C261+E261 -> 983.6 | H261: =+D261+F261 -> 563.3 | I261: =+(G261/H261-1)*100 -> 74.613882 | J261: 146
A262: PERU | B262: =+B261+7 -> 40682 | C262: 102.7 | D262: 35 | E262: 890.9 | F262: 528.3 | G262: =+C262+E262 -> 993.6 | H262: =+D262+F262 -> 563.3 | I262: =+(G262/H262-1)*100 -> 76.389135 | J262: 156
A263: PERU | B263: =+B262+7 -> 40689 | C263: 107.2 | D263: 35 | E263: 890.9 | F263: 528.3 | G263: =+C263+E263 -> 998.1 | H263: =+D263+F263 -> 563.3 | I263: =+(G263/H263-1)*100 -> 77.187999 | J263: 156
A264: PERU | B264: =+B263+7 -> 40696 | C264: 238.3 | D264: 71 | E264: 0 | F264: 4.9 | G264: =+C264+E264 -> 238.3 | H264: =+D264+F264 -> 75.9 | I264: =+(G264/H264-1)*100 -> 213.96574
A265: PERU | B265: =+B264+7 -> 40703 | C265: 211.3 | D265: 211 | E265: 27.7 | F265: 4.9 | G265: =+C265+E265 -> 239 | H265: =+D265+F265 -> 215.9 | I265: =+(G265/H265-1)*100 -> 10.699398
A266: PERU | B266: =+B265+7 -> 40710 | C266: 214.7 | D266: 231 | E266: 121.5 | F266: 4.9 | G266: =+C266+E266 -> 336.2 | H266: =+D266+F266 -> 235.9 | I266: =+(G266/H266-1)*100 -> 42.518016
A267: PERU | B267: =+B266+7 -> 40717 | C267: 229.5 | D267: 231 | E267: 121.5 | F267: 4.9 | G267: =+C267+E267 -> 351 | H267: =+D267+F267 -> 235.9 | I267: =+(G267/H267-1)*100 -> 48.791861
A268: PERU | B268: =+B267+7 -> 40724 | C268: 184.7 | D268: 263 | E268: 148.4 | F268: 38 | G268: =+C268+E268 -> 333.1 | H268: =+D268+F268 -> 301 | I268: =+(G268/H268-1)*100 -> 10.664452
A269: PERU | B269: =+B268+7 -> 40731 | C269: 192.7 | D269: 235.5 | E269: 166.5 | F269: 96.1 | G269: =+C269+E269 -> 359.2 | H269: =+D269+F269 -> 331.6 | I269: =+(G269/H269-1)*100 -> 8.3232811
A270: PERU | B270: =+B269+7 -> 40738 | C270: 144.5 | D270: 223.4 | E270: 220 | F270: 127.3 | G270: =+C270+E270 -> 364.5 | H270: =+D270+F270 -> 350.7 | I270: =+(G270/H270-1)*100 -> 3.9349872
A271: PERU | B271: =+B270+7 -> 40745 | C271: 151.2 | D271: 218.4 | E271: 220 | F271: 186.1 | G271: =+C271+E271 -> 371.2 | H271: =+D271+F271 -> 404.5 | I271: =+(G271/H271-1)*100 -> -8.2323857
A272: PERU | B272: =+B271+7 -> 40752 | C272: 149.3 | D272: 164.1 | E272: 251.1 | F272: 272.3 | G272: =+C272+E272 -> 400.4 | H272: =+D272+F272 -> 436.4 | I272: =+(G272/H272-1)*100 -> -8.2493126
A273: PERU | B273: =+B272+7 -> 40759 | C273: 162.7 | D273: 169.1 | E273: 251.1 | F273: 272.3 | G273: =+C273+E273 -> 413.8 | H273: =+D273+F273 -> 441.4 | I273: =+(G273/H273-1)*100 -> -6.2528319
A274: PERU | B274: =+B273+7 -> 40766 | C274: 175.6 | D274: 154.8 | E274: 251.1 | F274: 272.3 | G274: =+C274+E274 -> 426.7 | H274: =+D274+F274 -> 427.1 | I274: =+(G274/H274-1)*100 -> -0.093654882
A275: PERU | B275: =+B274+7 -> 40773 | C275: 148.4 | D275: 164.8 | E275: 251.1 | F275: 278.4 | G275: =+C275+E275 -> 399.5 | H275: =+D275+F275 -> 443.2 | I275: =+(G275/H275-1)*100 -> -9.8601083
... A358: PERU | B358: =+B357+7 -> 41354 | C358: 183.3 | D358: 33 | E358: 344 | F358: 538.1 | G358: =+C358+E358 -> 527.3 | H358: =+D358+F358 -> 571.1 | I358: =+(G358/H358-1)*100 -> -7.6694099
A359: PERU | B359: =+B358+7 -> 41361 | C359: 183.3 | D359: 3 | E359: 344 | F359: 538.1 | G359: =+C359+E359 -> 527.3 | H359: =+D359+F359 -> 541.1 | I359: =+(G359/H359-1)*100 -> -2.5503604 | J359: 12
A360: PERU | B360: =+B359+7 -> 41368 | C360: 148.3 | D360: 3.3 | E360: 382.5 | F360: 538.1 | G360: =+C360+E360 -> 530.8 | H360: =+D360+F360 -> 541.4 | I360: =+(G360/H360-1)*100 -> -1.957887 | J360: 12
A361: PERU | B361: =+B360+7 -> 41375 | C361: 148.3 | D361: 16.3 | E361: 382.5 | F361: 538.1 | G361: =+C361+E361 -> 530.8 | H361: =+D361+F361 -> 554.4 | I361: =+(G361/H361-1)*100 -> -4.2568543 | J361: 12
...

Sheet Brazil
A1: Brazil | B1: Unshipped Balance | D1: Accumulated Exports | F1: Total Commitments
A2: EXPORT SALES, Egypt | B2: this year | C2: last year | D2: this year | E2: last year | F2: this year | G2: last year | H2: % change
A4: 40696
A5: 40703
A6: 40710
A7: 40717
A8: 40724
A9: 40731
A10: 40738
A11: 40745
A12: 40752
A13: 40759
A14: 40766
A15: 40773
... A115: 41473
A116: 41480 | B116: 352.8 | C116: 27 | D116: 930.7 | E116: 23 | F116: =+B116+D116 -> 1283.5 | G116: =+C116+E116 -> 50
A117: 41487 | B117: 400.8 | C117: 27 | D117: 1052.2 | E117: 23 | F117: =+B117+D117 -> 1453 | G117: =+C117+E117 -> 50
A118: 41494 | B118: 340.1 | C118: 27 | D118: 1253.6 | E118: 23 | F118: =+B118+D118 -> 1593.7 | G118: =+C118+E118 -> 50
A119: 41501 | B119: 418.1 | C119: 27 | D119: 1364.4 | E119: 23 | F119: =+B119+D119 -> 1782.5 | G119: =+C119+E119 -> 50
A120: 41508 | B120: 445.6 | C120: 27 | D120: 1425.8 | E120: 23 | F120: =+B120+D120 -> 1871.4 | G120: =+C120+E120 -> 50
A121: 41515 | B121: 460.5 | C121: 27 | D121: 1597.9 | E121: 23 | F121: =+B121+D121 -> 2058.4 | G121: =+C121+E121 -> 50
A122: 41522 | B122: 494.5 | C122: 27 | D122: 1774.7 | E122: 23 | F122: =+B122+D122 -> 2269.2 | G122: =+C122+E122 -> 50
A123: 41529 | B123: 428.5 | C123: 0 | D123: 1961.1 | E123: 46 | F123: =+B123+D123 -> 2389.6 | G123: =+C123+E123 -> 46
A124: 41536 | B124: 389 | C124: 0 | D124: 2075.3 | E124: 46 | F124: =+B124+D124 -> 2464.3 | G124: =+C124+E124 -> 46
