Workbook

Sheet GTR Wheat Table

Sheet US
A1: Export Sales | B1: Unshipped Balance | D1: Accumulated Exports | F1: Total Commitments | H1: (-) = blanks, no data
A2: US Total | B2: this year | C2: last year | D2: this year | E2: last year | F2: this year | G2: last year
A3: =[1]US!A5 -> 38869 | B3: =[1]US!D5 -> 3651.1 | C3: =[1]US!E5 -> 3648.7 | D3: =[1]US!F5 -> 35.8 | E3: =[1]US!G5 -> 105.1 | F3: =[1]US!H5 -> 3686.9 | G3: =[1]US!I5 -> 3753.8
A4: =[1]US!A6 -> 38876 | B4: =[1]US!D6 -> 3724.1 | C4: =[1]US!E6 -> 3590.3 | D4: =[1]US!F6 -> 424 | E4: =[1]US!G6 -> 493.4 | F4: =[1]US!H6 -> 4148.1 | G4: =[1]US!I6 -> 4083.7
A5: =[1]US!A7 -> 38883 | B5: =[1]US!D7 -> 3600.1 | C5: =[1]US!E7 -> 3775.1 | D5: =[1]US!F7 -> 864.2 | E5: =[1]US!G7 -> 821 | F5: =[1]US!H7 -> 4464.3 | G5: =[1]US!I7 -> 4596.1
A6: =[1]US!A8 -> 38890 | B6: =[1]US!D8 -> 3769.6 | C6: =[1]US!E8 -> 3945.6 | D6: =[1]US!F8 -> 1237.2 | E6: =[1]US!G8 -> 1238 | F6: =[1]US!H8 -> 5006.8 | G6: =[1]US!I8 -> 5183.6
A7: =[1]US!A9 -> 38897 | B7: =[1]US!D9 -> 3686.3 | C7: =[1]US!E9 -> 4119.1 | D7: =[1]US!F9 -> 1619.2 | E7: =[1]US!G9 -> 1694.3 | F7: =[1]US!H9 -> 5305.5 | G7: =[1]US!I9 -> 5813.4
A8: =[1]US!A10 -> 38904 | B8: =[1]US!D10 -> 3592.4 | C8: =[1]US!E10 -> 4125.5 | D8: =[1]US!F10 -> 1914.4 | E8: =[1]US!G10 -> 1996.4 | F8: =[1]US!H10 -> 5506.8 | G8: =[1]US!I10 -> 6121.9
A9: =[1]US!A11 -> 38911 | B9: =[1]US!D11 -> 3461.2 | C9: =[1]US!E11 -> 4286.3 | D9: =[1]US!F11 -> 2374.8 | E9: =[1]US!G11 -> 2424.6 | F9: =[1]US!H11 -> 5836 | G9: =[1]US!I11 -> 6710.9
A10: =[1]US!A12 -> 38918 | B10: =[1]US!D12 -> 3399.1 | C10: =[1]US!E12 -> 4331.2 | D10: =[1]US!F12 -> 2901.6 | E10: =[1]US!G12 -> 2902.6 | F10: =[1]US!H12 -> 6300.7 | G10: =[1]US!I12 -> 7233.8
A11: =[1]US!A13 -> 38925 | B11: =[1]US!D13 -> 3611.8 | C11: =[1]US!E13 -> 4569.4 | D11: =[1]US!F13 -> 3272.2 | E11: =[1]US!G13 -> 3526.7 | F11: =[1]US!H13 -> 6884 | G11: =[1]US!I13 -> 8096.1
A12: =[1]US!A14 -> 38932 | B12: =[1]US!D14 -> 3451.1 | C12: =[1]US!E14 -> 4450.3 | D12: =[1]US!F14 -> 3828.6 | E12: =[1]US!G14 -> 4266.7 | F12: =[1]US!H14 -> 7279.7 | G12: =[1]US!I14 -> 8717
A13: =[1]US!A15 -> 38939 | B13: =[1]US!D15 -> 3451.1 | C13: =[1]US!E15 -> 4350 | D13: =[1]US!F15 -> 4216.3 | E13: =[1]US!G15 -> 4835.4 | F13: =[1]US!H15 -> 7667.4 | G13: =[1]US!I15 -> 9185.4
A14: =[1]US!A16 -> 38946 | B14: =[1]US!D16 -> 3454 | C14: =[1]US!E16 -> 4815.1 | D14: =[1]US!F16 -> 4607 | E14: =[1]US!G16 -> 5223.7 | F14: =[1]US!H16 -> 8061 | G14: =[1]US!I16 -> 10038.8
... A429: =[1]US!A431 -> 41851 | B429: =[1]US!D431 -> 0 | C429: =[1]US!E431 -> 0 | D429: =[1]US!F431 -> 0 | E429: =[1]US!G431 -> 0 | F429: =[1]US!H431 -> 0 | G429: =[1]US!I431 -> 0
B430: =[1]US!D432 -> 0 | C430: =[1]US!E432 -> 0 | D430: =[1]US!F432 -> 0 | E430: =[1]US!G432 -> 0 | F430: =[1]US!H432 -> 0 | G430: =[1]US!I432 -> 0
B431: =[1]US!D433 -> 0 | C431: =[1]US!E433 -> 0 | D431: =[1]US!F433 -> 0 | E431: =[1]US!G433 -> 0 | F431: =[1]US!H433 -> 0 | G431: =[1]US!I433 -> 0
B432: =[1]US!D434 -> 0 | C432: =[1]US!E434 -> 0 | D432: =[1]US!F434 -> 0 | E432: =[1]US!G434 -> 0 | F432: =[1]US!H434 -> 0 | G432: =[1]US!I434 -> 0
B433: =[1]US!D435 -> 0 | C433: =[1]US!E435 -> 0 | D433: =[1]US!F435 -> 0 | E433: =[1]US!G435 -> 0 | F433: =[1]US!H435 -> 0 | G433: =[1]US!I435 -> 0
B434: =[1]US!D436 -> 0 | C434: =[1]US!E436 -> 0 | D434: =[1]US!F436 -> 0 | E434: =[1]US!G436 -> 0 | F434: =[1]US!H436 -> 0 | G434: =[1]US!I436 -> 0
B435: =[1]US!D437 -> 0 | C435: =[1]US!E437 -> 0 | D435: =[1]US!F437 -> 0 | E435: =[1]US!G437 -> 0 | F435: =[1]US!H437 -> 0 | G435: =[1]US!I437 -> 0
B436: =[1]US!D438 -> 0 | C436: =[1]US!E438 -> 0 | D436: =[1]US!F438 -> 0 | E436: =[1]US!G438 -> 0 | F436: =[1]US!H438 -> 0 | G436: =[1]US!I438 -> 0
B437: =[1]US!D439 -> 0 | C437: =[1]US!E439 -> 0 | D437: =[1]US!F439 -> 0 | E437: =[1]US!G439 -> 0 | F437: =[1]US!H439 -> 0 | G437: =[1]US!I439 -> 0
B438: =[1]US!D440 -> 0 | C438: =[1]US!E440 -> 0 | D438: =[1]US!F440 -> 0 | E438: =[1]US!G440 -> 0 | F438: =[1]US!H440 -> 0 | G438: =[1]US!I440 -> 0
B439: =[1]US!D441 -> 0 | C439: =[1]US!E441 -> 0 | D439: =[1]US!F441 -> 0 | E439: =[1]US!G441 -> 0 | F439: =[1]US!H441 -> 0 | G439: =[1]US!I441 -> 0
B440: =[1]US!D442 -> 0 | C440: =[1]US!E442 -> 0 | D440: =[1]US!F442 -> 0 | E440: =[1]US!G442 -> 0 | F440: =[1]US!H442 -> 0 | G440: =[1]US!I442 -> 0
B441: =[1]US!D443 -> 0 | C441: =[1]US!E443 -> 0 | D441: =[1]US!F443 -> 0 | E441: =[1]US!G443 -> 0 | F441: =[1]US!H443 -> 0 | G441: =[1]US!I443 -> 0
... B482: =[1]US!D484 -> 0 | C482: =[1]US!E484 -> 0 | D482: =[1]US!F484 -> 0 | E482: =[1]US!G484 -> 0 | F482: =[1]US!H484 -> 0 | G482: =[1]US!I484 -> 0

Sheet Nigeria
A1: Export Sales | B1: Unshipped Balance | D1: Accumulated Exports | F1: Total Commitments | H1: =US!H1 -> (-) = blanks, no data
A2: Nigeria | B2: this year | C2: last year | D2: this year | E2: last year | F2: this year | G2: last year
A3: =US!A3 -> 38869 | B3: =[1]Nigeria!B5 -> 215 | C3: =[1]Nigeria!C5 -> 499.8 | D3: =[1]Nigeria!D5 -> 29.7 | E3: =[1]Nigeria!E5 -> 47.6 | F3: =[1]Nigeria!F5 -> 244.7 | G3: =[1]Nigeria!G5 -> 547.4
A4: =US!A4 -> 38876 | B4: =[1]Nigeria!B6 -> 203.3 | C4: =[1]Nigeria!C6 -> 463.4 | D4: =[1]Nigeria!D6 -> 59.3 | E4: =[1]Nigeria!E6 -> 117 | F4: =[1]Nigeria!F6 -> 262.6 | G4: =[1]Nigeria!G6 -> 580.4
A5: =US!A5 -> 38883 | B5: =[1]Nigeria!B7 -> 272.7 | C5: =[1]Nigeria!C7 -> 482.6 | D5: =[1]Nigeria!D7 -> 98 | E5: =[1]Nigeria!E7 -> 118.7 | F5: =[1]Nigeria!F7 -> 370.7 | G5: =[1]Nigeria!G7 -> 601.3
A6: =US!A6 -> 38890 | B6: =[1]Nigeria!B8 -> 248.7 | C6: =[1]Nigeria!C8 -> 517 | D6: =[1]Nigeria!D8 -> 147.3 | E6: =[1]Nigeria!E8 -> 195.1 | F6: =[1]Nigeria!F8 -> 396 | G6: =[1]Nigeria!G8 -> 712.1
A7: =US!A7 -> 38897 | B7: =[1]Nigeria!B9 -> 305.7 | C7: =[1]Nigeria!C9 -> 539.8 | D7: =[1]Nigeria!D9 -> 184.6 | E7: =[1]Nigeria!E9 -> 244.3 | F7: =[1]Nigeria!F9 -> 490.3 | G7: =[1]Nigeria!G9 -> 784.1
A8: =US!A8 -> 38904 | B8: =[1]Nigeria!B10 -> 297.7 | C8: =[1]Nigeria!C10 -> 516.6 | D8: =[1]Nigeria!D10 -> 206.4 | E8: =[1]Nigeria!E10 -> 331.7 | F8: =[1]Nigeria!F10 -> 504.1 | G8: =[1]Nigeria!G10 -> 848.3
A9: =US!A9 -> 38911 | B9: =[1]Nigeria!B11 -> 275.1 | C9: =[1]Nigeria!C11 -> 563.7 | D9: =[1]Nigeria!D11 -> 300.3 | E9: =[1]Nigeria!E11 -> 400.5 | F9: =[1]Nigeria!F11 -> 575.4 | G9: =[1]Nigeria!G11 -> 964.2
A10: =US!A10 -> 38918 | B10: =[1]Nigeria!B12 -> 250.1 | C10: =[1]Nigeria!C12 -> 552 | D10: =[1]Nigeria!D12 -> 330.2 | E10: =[1]Nigeria!E12 -> 412.2 | F10: =[1]Nigeria!F12 -> 580.3 | G10: =[1]Nigeria!G12 -> 964.2
A11: =US!A11 -> 38925 | B11: =[1]Nigeria!B13 -> 360.8 | C11: =[1]Nigeria!C13 -> 724.4 | D11: =[1]Nigeria!D13 -> 435 | E11: =[1]Nigeria!E13 -> 532.7 | F11: =[1]Nigeria!F13 -> 795.8 | G11: =[1]Nigeria!G13 -> 1257.1
A12: =US!A12 -> 38932 | B12: =[1]Nigeria!B14 -> 280 | C12: =[1]Nigeria!C14 -> 642.3 | D12: =[1]Nigeria!D14 -> 544.7 | E12: =[1]Nigeria!E14 -> 696.6 | F12: =[1]Nigeria!F14 -> 824.7 | G12: =[1]Nigeria!G14 -> 1338.9
A13: =US!A13 -> 38939 | B13: =[1]Nigeria!B15 -> 284.2 | C13: =[1]Nigeria!C15 -> 594.8 | D13: =[1]Nigeria!D15 -> 560.5 | E13: =[1]Nigeria!E15 -> 810.6 | F13: =[1]Nigeria!F15 -> 844.7 | G13: =[1]Nigeria!G15 -> 1405.4
A14: =US!A14 -> 38946 | B14: =[1]Nigeria!B16 -> 306.1 | C14: =[1]Nigeria!C16 -> 671.9 | D14: =[1]Nigeria!D16 -> 663 | E14: =[1]Nigeria!E16 -> 879.1 | F14: =[1]Nigeria!F16 -> 969.1 | G14: =[1]Nigeria!G16 -> 1551
... A429: =US!A429 -> 41851 | B429: =[1]Nigeria!B431 -> 0 | C429: =[1]Nigeria!C431 -> 0 | D429: =[1]Nigeria!D431 -> 0 | E429: =[1]Nigeria!E431 -> 0 | F429: =[1]Nigeria!F431 -> 0 | G429: =[1]Nigeria!G431 -> 0

Sheet Japan
A1: Export Sales | B1: Unshipped Balance | D1: Accumulated Exports | F1: Total Commitments | H1: =US!H1 -> (-) = blanks, no data
A2: Japan | B2: this year | C2: last year | D2: this year | E2: last year | F2: this year | G2: last year
A3: =+US!A3 -> 38869 | B3: =[1]Japan!B5 -> 548.3 | C3: =[1]Japan!C5 -> 387.3 | D3: =[1]Japan!D5 -> 0 | E3: =[1]Japan!E5 -> 20.6 | F3: =[1]Japan!F5 -> 548.3 | G3: =[1]Japan!G5 -> 407.9
A4: =+US!A4 -> 38876 | B4: =[1]Japan!B6 -> 604.7 | C4: =[1]Japan!C6 -> 500.4 | D4: =[1]Japan!D6 -> 35 | E4: =[1]Japan!E6 -> 49.1 | F4: =[1]Japan!F6 -> 639.7 | G4: =[1]Japan!G6 -> 549.5
A5: =+US!A5 -> 38883 | B5: =[1]Japan!B7 -> 586.1 | C5: =[1]Japan!C7 -> 520.7 | D5: =[1]Japan!D7 -> 84.9 | E5: =[1]Japan!E7 -> 95.3 | F5: =[1]Japan!F7 -> 671 | G5: =[1]Japan!G7 -> 616
A6: =+US!A6 -> 38890 | B6: =[1]Japan!B8 -> 534.2 | C6: =[1]Japan!C8 -> 520.7 | D6: =[1]Japan!D8 -> 202.1 | E6: =[1]Japan!E8 -> 115.8 | F6: =[1]Japan!F8 -> 736.3 | G6: =[1]Japan!G8 -> 636.5
A7: =+US!A7 -> 38897 | B7: =[1]Japan!B9 -> 537.4 | C7: =[1]Japan!C9 -> 580.7 | D7: =[1]Japan!D9 -> 263.2 | E7: =[1]Japan!E9 -> 136.4 | F7: =[1]Japan!F9 -> 800.6 | G7: =[1]Japan!G9 -> 717.1
A8: =+US!A8 -> 38904 | B8: =[1]Japan!B10 -> 505.8 | C8: =[1]Japan!C10 -> 514.9 | D8: =[1]Japan!D10 -> 341.3 | E8: =[1]Japan!E10 -> 244.3 | F8: =[1]Japan!F10 -> 847.1 | G8: =[1]Japan!G10 -> 759.2
A9: =+US!A9 -> 38911 | B9: =[1]Japan!B11 -> 517.1 | C9: =[1]Japan!C11 -> 468.9 | D9: =[1]Japan!D11 -> 392.1 | E9: =[1]Japan!E11 -> 290.5 | F9: =[1]Japan!F11 -> 909.2 | G9: =[1]Japan!G11 -> 759.4
A10: =+US!A10 -> 38918 | B10: =[1]Japan!B12 -> 495.5 | C10: =[1]Japan!C12 -> 473.6 | D10: =[1]Japan!D12 -> 464.2 | E10: =[1]Japan!E12 -> 336.9 | F10: =[1]Japan!F12 -> 959.7 | G10: =[1]Japan!G12 -> 810.5
A11: =+US!A11 -> 38925 | B11: =[1]Japan!B13 -> 495.5 | C11: =[1]Japan!C13 -> 588.3 | D11: =[1]Japan!D13 -> 485.6 | E11: =[1]Japan!E13 -> 365.6 | F11: =[1]Japan!F13 -> 981.1 | G11: =[1]Japan!G13 -> 953.9
A12: =+US!A12 -> 38932 | B12: =[1]Japan!B14 -> 494.8 | C12: =[1]Japan!C14 -> 542.7 | D12: =[1]Japan!D14 -> 545.9 | E12: =[1]Japan!E14 -> 453.2 | F12: =[1]Japan!F14 -> 1040.7 | G12: =[1]Japan!G14 -> 995.9
A13: =+US!A13 -> 38939 | B13: =[1]Japan!B15 -> 575.7 | C13: =[1]Japan!C15 -> 506.4 | D13: =[1]Japan!D15 -> 587.6 | E13: =[1]Japan!E15 -> 561.2 | F13: =[1]Japan!F15 -> 1163.3 | G13: =[1]Japan!G15 -> 1067.6
A14: =+US!A14 -> 38946 | B14: =[1]Japan!B16 -> 532.9 | C14: =[1]Japan!C16 -> 487.4 | D14: =[1]Japan!D16 -> 608.2 | E14: =[1]Japan!E16 -> 602.4 | F14: =[1]Japan!F16 -> 1141.1 | G14: =[1]Japan!G16 -> 1089.8
... A624: =+US!A624 -> 0 | B624: =[1]Japan!B626 -> 0 | C624: =[1]Japan!C626 -> 0 | D624: =[1]Japan!D626 -> 0 | E624: =[1]Japan!E626 -> 0 | F624: =[1]Japan!F626 -> 0 | G624: =[1]Japan!G626 -> 0

Sheet Mexico
A1: Export Sales | B1: Unshipped Balance | D1: Accumulated Exports | F1: Total Commitments | H1: =US!H1 -> (-) = blanks, no data
A2: Mexico | B2: this year | C2: last year | D2: this year | E2: last year | F2: this year | G2: last year
A3: =+Japan!A3 -> 38869 | B3: =[1]Mexico!B5 -> 465.6 | C3: =[1]Mexico!C5 -> 354.8 | D3: =[1]Mexico!D5 -> 0.8 | E3: =[1]Mexico!E5 -> 6.9 | F3: =[1]Mexico!F5 -> 466.4 | G3: =[1]Mexico!G5 -> 361.7
A4: =+Japan!A4 -> 38876 | B4: =[1]Mexico!B6 -> 447 | C4: =[1]Mexico!C6 -> 347.7 | D4: =[1]Mexico!D6 -> 49.1 | E4: =[1]Mexico!E6 -> 34.9 | F4: =[1]Mexico!F6 -> 496.1 | G4: =[1]Mexico!G6 -> 382.6
A5: =+Japan!A5 -> 38883 | B5: =[1]Mexico!B7 -> 419 | C5: =[1]Mexico!C7 -> 334.5 | D5: =[1]Mexico!D7 -> 90 | E5: =[1]Mexico!E7 -> 67.4 | F5: =[1]Mexico!F7 -> 509 | G5: =[1]Mexico!G7 -> 401.9
A6: =+Japan!A6 -> 38890 | B6: =[1]Mexico!B8 -> 519.7 | C6: =[1]Mexico!C8 -> 377.7 | D6: =[1]Mexico!D8 -> 126.1 | E6: =[1]Mexico!E8 -> 90.6 | F6: =[1]Mexico!F8 -> 645.8 | G6: =[1]Mexico!G8 -> 468.3
A7: =+Japan!A7 -> 38897 | B7: =[1]Mexico!B9 -> 508.7 | C7: =[1]Mexico!C9 -> 401.3 | D7: =[1]Mexico!D9 -> 154.9 | E7: =[1]Mexico!E9 -> 142.7 | F7: =[1]Mexico!F9 -> 663.6 | G7: =[1]Mexico!G9 -> 544
A8: =+Japan!A8 -> 38904 | B8: =[1]Mexico!B10 -> 515.8 | C8: =[1]Mexico!C10 -> 417.1 | D8: =[1]Mexico!D10 -> 180.9 | E8: =[1]Mexico!E10 -> 167.2 | F8: =[1]Mexico!F10 -> 696.7 | G8: =[1]Mexico!G10 -> 584.3
A9: =+Japan!A9 -> 38911 | B9: =[1]Mexico!B11 -> 489.4 | C9: =[1]Mexico!C11 -> 456.6 | D9: =[1]Mexico!D11 -> 233.6 | E9: =[1]Mexico!E11 -> 125.3 | F9: =[1]Mexico!F11 -> 723 | G9: =[1]Mexico!G11 -> 581.9
A10: =+Japan!A10 -> 38918 | B10: =[1]Mexico!B12 -> 549.6 | C10: =[1]Mexico!C12 -> 442.6 | D10: =[1]Mexico!D12 -> 247.9 | E10: =[1]Mexico!E12 -> 273 | F10: =[1]Mexico!F12 -> 797.5 | G10: =[1]Mexico!G12 -> 715.6
A11: =+Japan!A11 -> 38925 | B11: =[1]Mexico!B13 -> 415.5 | C11: =[1]Mexico!C13 -> 435.3 | D11: =[1]Mexico!D13 -> 321.6 | E11: =[1]Mexico!E13 -> 358.3 | F11: =[1]Mexico!F13 -> 737.1 | G11: =[1]Mexico!G13 -> 793.6
A12: =+Japan!A12 -> 38932 | B12: =[1]Mexico!B14 -> 378.4 | C12: =[1]Mexico!C14 -> 528.9 | D12: =[1]Mexico!D14 -> 373 | E12: =[1]Mexico!E14 -> 446.4 | F12: =[1]Mexico!F14 -> 751.4 | G12: =[1]Mexico!G14 -> 975.3
A13: =+Japan!A13 -> 38939 | B13: =[1]Mexico!B15 -> 365.1 | C13: =[1]Mexico!C15 -> 543.5 | D13: =[1]Mexico!D15 -> 407 | E13: =[1]Mexico!E15 -> 529.5 | F13: =[1]Mexico!F15 -> 772.1 | G13: =[1]Mexico!G15 -> 1073
A14: =+Japan!A14 -> 38946 | B14: =[1]Mexico!B16 -> 322 | C14: =[1]Mexico!C16 -> 515.6 | D14: =[1]Mexico!D16 -> 464.8 | E14: =[1]Mexico!E16 -> 594.6 | F14: =[1]Mexico!F16 -> 786.8 | G14: =[1]Mexico!G16 -> 1110.2
... A429: =+Japan!A429 -> 41851 | B429: =[1]Mexico!B431 -> 0 | C429: =[1]Mexico!C431 -> 0 | D429: =[1]Mexico!D431 -> 0 | E429: =[1]Mexico!E431 -> 0 | F429: =[1]Mexico!F431 -> 0 | G429: =[1]Mexico!G431 -> 0

Sheet Phil
A1: Export Sales | B1: Unshipped Balance | D1: Accumulated Exports | F1: Total Commitments | H1: =US!H1 -> (-) = blanks, no data
A2: Phillipines | B2: this year | C2: last year | D2: this year | E2: last year | F2: this year | G2: last year
A3: =Japan!A3 -> 38869 | B3: =[1]Phil!B5 -> 627.3 | C3: =[1]Phil!C5 -> 298.1 | D3: =[1]Phil!D5 -> 0 | E3: =[1]Phil!E5 -> 0 | F3: =[1]Phil!F5 -> 627.3 | G3: =[1]Phil!G5 -> 298.1
A4: =Japan!A4 -> 38876 | B4: =[1]Phil!B6 -> 578.1 | C4: =[1]Phil!C6 -> 296.1 | D4: =[1]Phil!D6 -> 51.5 | E4: =[1]Phil!E6 -> 0 | F4: =[1]Phil!F6 -> 629.6 | G4: =[1]Phil!G6 -> 296.1
A5: =Japan!A5 -> 38883 | B5: =[1]Phil!B7 -> 556.1 | C5: =[1]Phil!C7 -> 281.6 | D5: =[1]Phil!D7 -> 75.7 | E5: =[1]Phil!E7 -> 14.3 | F5: =[1]Phil!F7 -> 631.8 | G5: =[1]Phil!G7 -> 295.9
A6: =Japan!A6 -> 38890 | B6: =[1]Phil!B8 -> 563.6 | C6: =[1]Phil!C8 -> 297.1 | D6: =[1]Phil!D8 -> 109.3 | E6: =[1]Phil!E8 -> 41.6 | F6: =[1]Phil!F8 -> 672.9 | G6: =[1]Phil!G8 -> 338.7
A7: =Japan!A7 -> 38897 | B7: =[1]Phil!B9 -> 520.6 | C7: =[1]Phil!C9 -> 286.8 | D7: =[1]Phil!D9 -> 151.8 | E7: =[1]Phil!E9 -> 79.3 | F7: =[1]Phil!F9 -> 672.4 | G7: =[1]Phil!G9 -> 366.1
A8: =Japan!A8 -> 38904 | B8: =[1]Phil!B10 -> 571.6 | C8: =[1]Phil!C10 -> 336.8 | D8: =[1]Phil!D10 -> 151.8 | E8: =[1]Phil!E10 -> 79.3 | F8: =[1]Phil!F10 -> 723.4 | G8: =[1]Phil!G10 -> 416.1
A9: =Japan!A9 -> 38911 | B9: =[1]Phil!B11 -> 606.1 | C9: =[1]Phil!C11 -> 279.3 | D9: =[1]Phil!D11 -> 197.3 | E9: =[1]Phil!E11 -> 139.5 | F9: =[1]Phil!F11 -> 803.4 | G9: =[1]Phil!G11 -> 418.8
A10: =Japan!A10 -> 38918 | B10: =[1]Phil!B12 -> 588.1 | C10: =[1]Phil!C12 -> 286.3 | D10: =[1]Phil!D12 -> 241 | E10: =[1]Phil!E12 -> 139.5 | F10: =[1]Phil!F12 -> 829.1 | G10: =[1]Phil!G12 -> 425.8
A11: =Japan!A11 -> 38925 | B11: =[1]Phil!B13 -> 609.9 | C11: =[1]Phil!C13 -> 262.3 | D11: =[1]Phil!D13 -> 241 | E11: =[1]Phil!E13 -> 188.1 | F11: =[1]Phil!F13 -> 850.9 | G11: =[1]Phil!G13 -> 450.4
A12: =Japan!A12 -> 38932 | B12: =[1]Phil!B14 -> 609.5 | C12: =[1]Phil!C14 -> 292.3 | D12: =[1]Phil!D14 -> 291.2 | E12: =[1]Phil!E14 -> 188.1 | F12: =[1]Phil!F14 -> 900.7 | G12: =[1]Phil!G14 -> 480.4
A13: =Japan!A13 -> 38939 | B13: =[1]Phil!B15 -> 567.4 | C13: =[1]Phil!C15 -> 305.8 | D13: =[1]Phil!D15 -> 332.3 | E13: =[1]Phil!E15 -> 209.1 | F13: =[1]Phil!F15 -> 899.7 | G13: =[1]Phil!G15 -> 514.9
A14: =Japan!A14 -> 38946 | B14: =[1]Phil!B16 -> 571.8 | C14: =[1]Phil!C16 -> 353.9 | D14: =[1]Phil!D16 -> 377.8 | E14: =[1]Phil!E16 -> 258.3 | F14: =[1]Phil!F16 -> 949.6 | G14: =[1]Phil!G16 -> 612.2
... A429: =Japan!A429 -> 41851 | B429: =[1]Phil!B431 -> 0 | C429: =[1]Phil!C431 -> 0 | D429: =[1]Phil!D431 -> 0 | E429: =[1]Phil!E431 -> 0 | F429: =[1]Phil!F431 -> 0 | G429: =[1]Phil!G431 -> 0

Sheet Korea
A1: Export Sales | B1: Unshipped Balance | D1: Accumulated Exports | F1: Total Commitments | H1: =US!H1 -> (-) = blanks, no data
A2: Korea | B2: this year | C2: last year | D2: this year | E2: last year | F2: this year | G2: last year
A3: =Japan!A3 -> 38869 | B3: =[1]Korea!B5 -> 155.5 | C3: =[1]Korea!C5 -> 162.1 | D3: =[1]Korea!D5 -> 3.8 | E3: =[1]Korea!E5 -> 0.3 | F3: =[1]Korea!F5 -> 159.3 | G3: =[1]Korea!G5 -> 162.4
A4: =Japan!A4 -> 38876 | B4: =[1]Korea!B6 -> 131.9 | C4: =[1]Korea!C6 -> 167.5 | D4: =[1]Korea!D6 -> 44.1 | E4: =[1]Korea!E6 -> 22.4 | F4: =[1]Korea!F6 -> 176 | G4: =[1]Korea!G6 -> 189.9
A5: =Japan!A5 -> 38883 | B5: =[1]Korea!B7 -> 158.9 | C5: =[1]Korea!C7 -> 177.9 | D5: =[1]Korea!D7 -> 56.4 | E5: =[1]Korea!E7 -> 34.3 | F5: =[1]Korea!F7 -> 215.3 | G5: =[1]Korea!G7 -> 212.2
A6: =Japan!A6 -> 38890 | B6: =[1]Korea!B8 -> 180.4 | C6: =[1]Korea!C8 -> 141.4 | D6: =[1]Korea!D8 -> 68.1 | E6: =[1]Korea!E8 -> 82.1 | F6: =[1]Korea!F8 -> 248.5 | G6: =[1]Korea!G8 -> 223.5
A7: =Japan!A7 -> 38897 | B7: =[1]Korea!B9 -> 146.9 | C7: =[1]Korea!C9 -> 157.2 | D7: =[1]Korea!D9 -> 105.5 | E7: =[1]Korea!E9 -> 103 | F7: =[1]Korea!F9 -> 252.4 | G7: =[1]Korea!G9 -> 260.2
A8: =Japan!A8 -> 38904 | B8: =[1]Korea!B10 -> 139 | C8: =[1]Korea!C10 -> 180.7 | D8: =[1]Korea!D10 -> 114.2 | E8: =[1]Korea!E10 -> 103.2 | F8: =[1]Korea!F10 -> 253.2 | G8: =[1]Korea!G10 -> 283.9
A9: =Japan!A9 -> 38911 | B9: =[1]Korea!B11 -> 138.3 | C9: =[1]Korea!C11 -> 240.4 | D9: =[1]Korea!D11 -> 114.9 | E9: =[1]Korea!E11 -> 106.5 | F9: =[1]Korea!F11 -> 253.2 | G9: =[1]Korea!G11 -> 346.9
A10: =Japan!A10 -> 38918 | B10: =[1]Korea!B12 -> 125.1 | C10: =[1]Korea!C12 -> 196 | D10: =[1]Korea!D12 -> 163.3 | E10: =[1]Korea!E12 -> 151.6 | F10: =[1]Korea!F12 -> 288.4 | G10: =[1]Korea!G12 -> 347.6
A11: =Japan!A11 -> 38925 | B11: =[1]Korea!B13 -> 144.7 | C11: =[1]Korea!C13 -> 173.6 | D11: =[1]Korea!D13 -> 189.1 | E11: =[1]Korea!E13 -> 196.6 | F11: =[1]Korea!F13 -> 333.8 | G11: =[1]Korea!G13 -> 370.2
A12: =Japan!A12 -> 38932 | B12: =[1]Korea!B14 -> 154.5 | C12: =[1]Korea!C14 -> 194.4 | D12: =[1]Korea!D14 -> 204.6 | E12: =[1]Korea!E14 -> 222.6 | F12: =[1]Korea!F14 -> 359.1 | G12: =[1]Korea!G14 -> 417
A13: =Japan!A13 -> 38939 | B13: =[1]Korea!B15 -> 212.1 | C13: =[1]Korea!C15 -> 195.5 | D13: =[1]Korea!D15 -> 246.9 | E13: =[1]Korea!E15 -> 222.9 | F13: =[1]Korea!F15 -> 459 | G13: =[1]Korea!G15 -> 418.4
A14: =Japan!A14 -> 38946 | B14: =[1]Korea!B16 -> 214.3 | C14: =[1]Korea!C16 -> 196.5 | D14: =[1]Korea!D16 -> 247.8 | E14: =[1]Korea!E16 -> 222.9 | F14: =[1]Korea!F16 -> 462.1 | G14: =[1]Korea!G16 -> 419.4
... A420: =Japan!A420 -> 41788 | B420: =[1]Korea!B422 -> 0 | C420: =[1]Korea!C422 -> 0 | D420: =[1]Korea!D422 -> 0 | E420: =[1]Korea!E422 -> 0 | F420: =[1]Korea!F422 -> 0 | G420: =[1]Korea!G422 -> 0

Sheet Taiwan
A1: Export Sales | B1: Unshipped Balance | D1: Accumulated Exports | F1: Total Commitments | H1: =US!H1 -> (-) = blanks, no data
A2: Taiwan | B2: this year | C2: last year | D2: this year | E2: last year | F2: this year | G2: last year
A3: =Japan!A3 -> 38869 | B3: =[1]Taiwan!B5 -> 124.4 | C3: =[1]Taiwan!C5 -> 130.8 | D3: =[1]Taiwan!D5 -> 0 | E3: =[1]Taiwan!E5 -> 0 | F3: =[1]Taiwan!F5 -> 124.4 | G3: =[1]Taiwan!G5 -> 130.8
A4: =Japan!A4 -> 38876 | B4: =[1]Taiwan!B6 -> 194.9 | C4: =[1]Taiwan!C6 -> 86 | D4: =[1]Taiwan!D6 -> 0 | E4: =[1]Taiwan!E6 -> 47.1 | F4: =[1]Taiwan!F6 -> 194.9 | G4: =[1]Taiwan!G6 -> 133.1
A5: =Japan!A5 -> 38883 | B5: =[1]Taiwan!B7 -> 116 | C5: =[1]Taiwan!C7 -> 102 | D5: =[1]Taiwan!D7 -> 82.8 | E5: =[1]Taiwan!E7 -> 47.1 | F5: =[1]Taiwan!F7 -> 198.8 | G5: =[1]Taiwan!G7 -> 149.1
A6: =Japan!A6 -> 38890 | B6: =[1]Taiwan!B8 -> 116 | C6: =[1]Taiwan!C8 -> 102 | D6: =[1]Taiwan!D8 -> 82.8 | E6: =[1]Taiwan!E8 -> 47.1 | F6: =[1]Taiwan!F8 -> 198.8 | G6: =[1]Taiwan!G8 -> 149.1
A7: =Japan!A7 -> 38897 | B7: =[1]Taiwan!B9 -> 156.5 | C7: =[1]Taiwan!C9 -> 102 | D7: =[1]Taiwan!D9 -> 82.8 | E7: =[1]Taiwan!E9 -> 41.1 | F7: =[1]Taiwan!F9 -> 239.3 | G7: =[1]Taiwan!G9 -> 143.1
A8: =Japan!A8 -> 38904 | B8: =[1]Taiwan!B10 -> 111 | C8: =[1]Taiwan!C10 -> 102 | D8: =[1]Taiwan!D10 -> 126.9 | E8: =[1]Taiwan!E10 -> 47.1 | F8: =[1]Taiwan!F10 -> 237.9 | G8: =[1]Taiwan!G10 -> 149.1
A9: =Japan!A9 -> 38911 | B9: =[1]Taiwan!B11 -> 111 | C9: =[1]Taiwan!C11 -> 194.2 | D9: =[1]Taiwan!D11 -> 126.9 | E9: =[1]Taiwan!E11 -> 47.1 | F9: =[1]Taiwan!F11 -> 237.9 | G9: =[1]Taiwan!G11 -> 241.3
A10: =Japan!A10 -> 38918 | B10: =[1]Taiwan!B12 -> 111 | C10: =[1]Taiwan!C12 -> 194.2 | D10: =[1]Taiwan!D12 -> 126.9 | E10: =[1]Taiwan!E12 -> 47.1 | F10: =[1]Taiwan!F12 -> 237.9 | G10: =[1]Taiwan!G12 -> 241.3
A11: =Japan!A11 -> 38925 | B11: =[1]Taiwan!B13 -> 41 | C11: =[1]Taiwan!C13 -> 92.2 | D11: =[1]Taiwan!D13 -> 198.5 | E11: =[1]Taiwan!E13 -> 135 | F11: =[1]Taiwan!F13 -> 239.5 | G11: =[1]Taiwan!G13 -> 227.2
A12: =Japan!A12 -> 38932 | B12: =[1]Taiwan!B14 -> 41 | C12: =[1]Taiwan!C14 -> 92.2 | D12: =[1]Taiwan!D14 -> 198.5 | E12: =[1]Taiwan!E14 -> 135 | F12: =[1]Taiwan!F14 -> 239.5 | G12: =[1]Taiwan!G14 -> 227.2
A13: =Japan!A13 -> 38939 | B13: =[1]Taiwan!B15 -> 137.3 | C13: =[1]Taiwan!C15 -> 92.2 | D13: =[1]Taiwan!D15 -> 198.5 | E13: =[1]Taiwan!E15 -> 135 | F13: =[1]Taiwan!F15 -> 335.8 | G13: =[1]Taiwan!G15 -> 227.2
A14: =Japan!A14 -> 38946 | B14: =[1]Taiwan!B16 -> 96.8 | C14: =[1]Taiwan!C16 -> 194.1 | D14: =[1]Taiwan!D16 -> 241 | E14: =[1]Taiwan!E16 -> 135 | F14: =[1]Taiwan!F16 -> 337.8 | G14: =[1]Taiwan!G16 -> 329.1
... A379: =Japan!A379 -> 41501 | B379: =[1]Taiwan!B381 -> 0 | C379: =[1]Taiwan!C381 -> 0 | D379: =[1]Taiwan!D381 -> 0 | E379: =[1]Taiwan!E381 -> 0 | F379: =[1]Taiwan!F381 -> 0 | G379: =[1]Taiwan!G381 -> 0

Sheet Colombia
A1: Export Sales | B1: Unshipped Balance | D1: Accumulated Exports | F1: Total Commitments | H1: =US!H1 -> (-) = blanks, no data
A2: Colombia | B2: this year | C2: last year | D2: this year | E2: last year | F2: this year | G2: last year
A3: =[1]Colombia!B162 -> 39968 | B3: =[1]Colombia!C162 -> 153.2 | C3: =[1]Colombia!D162 -> 68.4 | D3: =[1]Colombia!E162 -> 0 | E3: =[1]Colombia!F162 -> 0 | F3: =[1]Colombia!G162 -> 153.2 | G3: =[1]Colombia!H162 -> 68.4
A4: =[1]Colombia!B163 -> 39975 | B4: =[1]Colombia!C163 -> 155.2 | C4: =[1]Colombia!D163 -> 91.3 | D4: =[1]Colombia!E163 -> 4 | E4: =[1]Colombia!F163 -> 0 | F4: =[1]Colombia!G163 -> 159.2 | G4: =[1]Colombia!H163 -> 91.3
A5: =[1]Colombia!B164 -> 39982 | B5: =[1]Colombia!C164 -> 155.2 | C5: =[1]Colombia!D164 -> 95.5 | D5: =[1]Colombia!E164 -> 4 | E5: =[1]Colombia!F164 -> 0 | F5: =[1]Colombia!G164 -> 159.2 | G5: =[1]Colombia!H164 -> 95.5
A6: =[1]Colombia!B165 -> 39989 | B6: =[1]Colombia!C165 -> 110 | C6: =[1]Colombia!D165 -> 104.6 | D6: =[1]Colombia!E165 -> 33.1 | E6: =[1]Colombia!F165 -> 17.9 | F6: =[1]Colombia!G165 -> 143.1 | G6: =[1]Colombia!H165 -> 122.5
A7: =[1]Colombia!B166 -> 39996 | B7: =[1]Colombia!C166 -> 110 | C7: =[1]Colombia!D166 -> 180 | D7: =[1]Colombia!E166 -> 33.1 | E7: =[1]Colombia!F166 -> 17.9 | F7: =[1]Colombia!G166 -> 143.1 | G7: =[1]Colombia!H166 -> 197.9
A8: =[1]Colombia!B167 -> 40003 | B8: =[1]Colombia!C167 -> 102 | C8: =[1]Colombia!D167 -> 174.9 | D8: =[1]Colombia!E167 -> 46 | E8: =[1]Colombia!F167 -> 35.5 | F8: =[1]Colombia!G167 -> 148 | G8: =[1]Colombia!H167 -> 210.4
A9: =[1]Colombia!B168 -> 40010 | B9: =[1]Colombia!C168 -> 113 | C9: =[1]Colombia!D168 -> 185.9 | D9: =[1]Colombia!E168 -> 66.1 | E9: =[1]Colombia!F168 -> 75.8 | F9: =[1]Colombia!G168 -> 179.1 | G9: =[1]Colombia!H168 -> 261.7
A10: =[1]Colombia!B169 -> 40017 | B10: =[1]Colombia!C169 -> 103 | C10: =[1]Colombia!D169 -> 186.3 | D10: =[1]Colombia!E169 -> 86.9 | E10: =[1]Colombia!F169 -> 114.4 | F10: =[1]Colombia!G169 -> 189.9 | G10: =[1]Colombia!H169 -> 300.7
A11: =[1]Colombia!B170 -> 40024 | B11: =[1]Colombia!C170 -> 149.5 | C11: =[1]Colombia!D170 -> 180.3 | D11: =[1]Colombia!E170 -> 93.2 | E11: =[1]Colombia!F170 -> 123.4 | F11: =[1]Colombia!G170 -> 242.7 | G11: =[1]Colombia!H170 -> 303.7
A12: =[1]Colombia!B171 -> 40031 | B12: =[1]Colombia!C171 -> 158.5 | C12: =[1]Colombia!D171 -> 179.8 | D12: =[1]Colombia!E171 -> 93.2 | E12: =[1]Colombia!F171 -> 129.6 | F12: =[1]Colombia!G171 -> 251.7 | G12: =[1]Colombia!H171 -> 309.4
A13: =[1]Colombia!B172 -> 40038 | B13: =[1]Colombia!C172 -> 164.5 | C13: =[1]Colombia!D172 -> 178.8 | D13: =[1]Colombia!E172 -> 93.2 | E13: =[1]Colombia!F172 -> 135.6 | F13: =[1]Colombia!G172 -> 257.7 | G13: =[1]Colombia!H172 -> 314.4
A14: =[1]Colombia!B173 -> 40045 | B14: =[1]Colombia!C173 -> 167 | C14: =[1]Colombia!D173 -> 204.8 | D14: =[1]Colombia!E173 -> 105.8 | E14: =[1]Colombia!F173 -> 184.9 | F14: =[1]Colombia!G173 -> 272.8 | G14: =[1]Colombia!H173 -> 389.7
... A462: =[1]Colombia!B621 -> 43181 | B462: =[1]Colombia!C621 -> 0 | C462: =[1]Colombia!D621 -> 0 | D462: =[1]Colombia!E621 -> 0 | E462: =[1]Colombia!F621 -> 0 | F462: =[1]Colombia!G621 -> 0 | G462: =[1]Colombia!H621 -> 0

Sheet Peru
A1: Export Sales | B1: Unshipped Balance | D1: Accumulated Exports | F1: Total Commitments | H1: =Colombia!H1 -> (-) = blanks, no data
A2: Peru | B2: this year | C2: last year | D2: this year | E2: last year | F2: this year | G2: last year
A3: =[1]Peru!B212 -> 40332 | B3: =[1]Peru!C212 -> 71 | C3: =[1]Peru!D212 -> 96 | D3: =[1]Peru!E212 -> 4.9 | E3: =[1]Peru!F212 -> 0 | F3: =[1]Peru!G212 -> 75.9 | G3: =[1]Peru!H212 -> 96
A4: =[1]Peru!B213 -> 40339 | B4: =[1]Peru!C213 -> 211 | C4: =[1]Peru!D213 -> 71.2 | D4: =[1]Peru!E213 -> 4.9 | E4: =[1]Peru!F213 -> 26 | F4: =[1]Peru!G213 -> 215.9 | G4: =[1]Peru!H213 -> 97.2
A5: =[1]Peru!B214 -> 40346 | B5: =[1]Peru!C214 -> 231 | C5: =[1]Peru!D214 -> 84.5 | D5: =[1]Peru!E214 -> 4.9 | E5: =[1]Peru!F214 -> 26 | F5: =[1]Peru!G214 -> 235.9 | G5: =[1]Peru!H214 -> 110.5
A6: =[1]Peru!B215 -> 40353 | B6: =[1]Peru!C215 -> 231 | C6: =[1]Peru!D215 -> 99.5 | D6: =[1]Peru!E215 -> 4.9 | E6: =[1]Peru!F215 -> 26 | F6: =[1]Peru!G215 -> 235.9 | G6: =[1]Peru!H215 -> 125.5
A7: =[1]Peru!B216 -> 40360 | B7: =[1]Peru!C216 -> 263 | C7: =[1]Peru!D216 -> 100.1 | D7: =[1]Peru!E216 -> 38 | E7: =[1]Peru!F216 -> 26 | F7: =[1]Peru!G216 -> 301 | G7: =[1]Peru!H216 -> 126.1
A8: =[1]Peru!B217 -> 40367 | B8: =[1]Peru!C217 -> 235.5 | C8: =[1]Peru!D217 -> 110.1 | D8: =[1]Peru!E217 -> 96.1 | E8: =[1]Peru!F217 -> 26 | F8: =[1]Peru!G217 -> 331.6 | G8: =[1]Peru!H217 -> 136.1
A9: =[1]Peru!B218 -> 40374 | B9: =[1]Peru!C218 -> 223.4 | C9: =[1]Peru!D218 -> 50.9 | D9: =[1]Peru!E218 -> 127.3 | E9: =[1]Peru!F218 -> 91.2 | F9: =[1]Peru!G218 -> 350.7 | G9: =[1]Peru!H218 -> 142.1
A10: =[1]Peru!B219 -> 40381 | B10: =[1]Peru!C219 -> 218.4 | C10: =[1]Peru!D219 -> 60.1 | D10: =[1]Peru!E219 -> 186.1 | E10: =[1]Peru!F219 -> 109.2 | F10: =[1]Peru!G219 -> 404.5 | G10: =[1]Peru!H219 -> 169.3
A11: =[1]Peru!B220 -> 40388 | B11: =[1]Peru!C220 -> 164.1 | C11: =[1]Peru!D220 -> 83.5 | D11: =[1]Peru!E220 -> 272.3 | E11: =[1]Peru!F220 -> 109.2 | F11: =[1]Peru!G220 -> 436.4 | G11: =[1]Peru!H220 -> 192.7
A12: =[1]Peru!B221 -> 40395 | B12: =[1]Peru!C221 -> 169.1 | C12: =[1]Peru!D221 -> 60 | D12: =[1]Peru!E221 -> 272.3 | E12: =[1]Peru!F221 -> 137.1 | F12: =[1]Peru!G221 -> 441.4 | G12: =[1]Peru!H221 -> 197.1
A13: =[1]Peru!B222 -> 40402 | B13: =[1]Peru!C222 -> 154.8 | C13: =[1]Peru!D222 -> 88 | D13: =[1]Peru!E222 -> 272.3 | E13: =[1]Peru!F222 -> 137.1 | F13: =[1]Peru!G222 -> 427.1 | G13: =[1]Peru!H222 -> 225.1
A14: =[1]Peru!B223 -> 40409 | B14: =[1]Peru!C223 -> 164.8 | C14: =[1]Peru!D223 -> 99.5 | D14: =[1]Peru!E223 -> 278.4 | E14: =[1]Peru!F223 -> 137.1 | F14: =[1]Peru!G223 -> 443.2 | G14: =[1]Peru!H223 -> 236.6
... A240: =[1]Peru!B449 -> 41991 | B240: =[1]Peru!C449 -> 0 | C240: =[1]Peru!D449 -> 0 | D240: =[1]Peru!E449 -> 0 | E240: =[1]Peru!F449 -> 0 | F240: =[1]Peru!G449 -> 0 | G240: =[1]Peru!H449 -> 0

Sheet Egypt
A1: Export Sales | B1: Unshipped Balance | D1: Accumulated Exports | F1: Total Commitments | H1: =US!H1 -> (-) = blanks, no data
A2: Egypt | B2: this year | C2: last year | D2: this year | E2: last year | F2: this year | G2: last year
A3: =US!A3 -> 38869 | B3: =[1]Egypt!B5 -> 55 | C3: =[1]Egypt!C5 -> 165 | D3: =[1]Egypt!D5 -> 0 | E3: =[1]Egypt!E5 -> 0 | F3: =[1]Egypt!F5 -> 55 | G3: =[1]Egypt!G5 -> 165
A4: =US!A4 -> 38876 | B4: =[1]Egypt!B6 -> 55 | C4: =[1]Egypt!C6 -> 110 | D4: =[1]Egypt!D6 -> 0 | E4: =[1]Egypt!E6 -> 57.8 | F4: =[1]Egypt!F6 -> 55 | G4: =[1]Egypt!G6 -> 167.8
A5: =US!A5 -> 38883 | B5: =[1]Egypt!B7 -> 55 | C5: =[1]Egypt!C7 -> 110 | D5: =[1]Egypt!D7 -> 0 | E5: =[1]Egypt!E7 -> 57.8 | F5: =[1]Egypt!F7 -> 55 | G5: =[1]Egypt!G7 -> 167.8
A6: =US!A6 -> 38890 | B6: =[1]Egypt!B8 -> 175 | C6: =[1]Egypt!C8 -> 110 | D6: =[1]Egypt!D8 -> 57.8 | E6: =[1]Egypt!E8 -> 57.8 | F6: =[1]Egypt!F8 -> 232.8 | G6: =[1]Egypt!G8 -> 167.8
A7: =US!A7 -> 38897 | B7: =[1]Egypt!B9 -> 175 | C7: =[1]Egypt!C9 -> 170 | D7: =[1]Egypt!D9 -> 57.8 | E7: =[1]Egypt!E9 -> 57.8 | F7: =[1]Egypt!F9 -> 232.8 | G7: =[1]Egypt!G9 -> 227.8
A8: =US!A8 -> 38904 | B8: =[1]Egypt!B10 -> 175 | C8: =[1]Egypt!C10 -> 170 | D8: =[1]Egypt!D10 -> 57.8 | E8: =[1]Egypt!E10 -> 57.8 | F8: =[1]Egypt!F10 -> 232.8 | G8: =[1]Egypt!G10 -> 227.8
A9: =US!A9 -> 38911 | B9: =[1]Egypt!B11 -> 175 | C9: =[1]Egypt!C11 -> 170 | D9: =[1]Egypt!D11 -> 57.8 | E9: =[1]Egypt!E11 -> 57.8 | F9: =[1]Egypt!F11 -> 232.8 | G9: =[1]Egypt!G11 -> 227.8
A10: =US!A10 -> 38918 | B10: =[1]Egypt!B12 -> 235 | C10: =[1]Egypt!C12 -> 230 | D10: =[1]Egypt!D12 -> 116.3 | E10: =[1]Egypt!E12 -> 115.5 | F10: =[1]Egypt!F12 -> 351.3 | G10: =[1]Egypt!G12 -> 345.5
A11: =US!A11 -> 38925 | B11: =[1]Egypt!B13 -> 350 | C11: =[1]Egypt!C13 -> 170 | D11: =[1]Egypt!D13 -> 116.3 | E11: =[1]Egypt!E13 -> 178.5 | F11: =[1]Egypt!F13 -> 466.3 | G11: =[1]Egypt!G13 -> 348.5
A12: =US!A12 -> 38932 | B12: =[1]Egypt!B14 -> 235 | C12: =[1]Egypt!C14 -> 175 | D12: =[1]Egypt!D14 -> 230.5 | E12: =[1]Egypt!E14 -> 236.3 | F12: =[1]Egypt!F14 -> 465.5 | G12: =[1]Egypt!G14 -> 411.3
A13: =US!A13 -> 38939 | B13: =[1]Egypt!B15 -> 235 | C13: =[1]Egypt!C15 -> 175 | D13: =[1]Egypt!D15 -> 230.5 | E13: =[1]Egypt!E15 -> 236.3 | F13: =[1]Egypt!F15 -> 465.5 | G13: =[1]Egypt!G15 -> 411.3
A14: =US!A14 -> 38946 | B14: =[1]Egypt!B16 -> 290 | C14: =[1]Egypt!C16 -> 290 | D14: =[1]Egypt!D16 -> 290.5 | E14: =[1]Egypt!E16 -> 236.3 | F14: =[1]Egypt!F16 -> 580.5 | G14: =[1]Egypt!G16 -> 526.3
... A429: =US!A429 -> 41851 | B429: =[1]Egypt!B431 -> 0 | C429: =[1]Egypt!C431 -> 0 | D429: =[1]Egypt!D431 -> 0 | E429: =[1]Egypt!E431 -> 0 | F429: =[1]Egypt!F431 -> 0 | G429: =[1]Egypt!G431 -> 0

Sheet Indonesia
A1: Export Sales | B1: Unshipped Balance | D1: Accumulated Exports | F1: Total Commitments | H1: =US!H1 -> (-) = blanks, no data
A2: Indonesia | B2: this year | C2: last year | D2: this year | E2: last year | F2: this year | G2: last year
A3: =[1]Indonesia!B62 -> 39625 | B3: =[1]Indonesia!C62 -> 6 | C3: =[1]Indonesia!D62 -> 110 | D3: =[1]Indonesia!E62 -> 57.7 | E3: =[1]Indonesia!F62 -> 57.4 | F3: =[1]Indonesia!G62 -> 63.7 | G3: =[1]Indonesia!H62 -> 167.4
A4: =[1]Indonesia!B63 -> 39632 | B4: =[1]Indonesia!C63 -> 2 | C4: =[1]Indonesia!D63 -> 52 | D4: =[1]Indonesia!E63 -> 57.7 | E4: =[1]Indonesia!F63 -> 120 | F4: =[1]Indonesia!G63 -> 59.7 | G4: =[1]Indonesia!H63 -> 172
A5: =[1]Indonesia!B64 -> 39639 | B5: =[1]Indonesia!C64 -> 118 | C5: =[1]Indonesia!D64 -> 63 | D5: =[1]Indonesia!E64 -> 57.7 | E5: =[1]Indonesia!F64 -> 120 | F5: =[1]Indonesia!G64 -> 175.7 | G5: =[1]Indonesia!H64 -> 183
A6: =[1]Indonesia!B65 -> 39646 | B6: =[1]Indonesia!C65 -> 120.9 | C6: =[1]Indonesia!D65 -> 39.9 | D6: =[1]Indonesia!E65 -> 58.8 | E6: =[1]Indonesia!F65 -> 145.8 | F6: =[1]Indonesia!G65 -> 179.7 | G6: =[1]Indonesia!H65 -> 185.7
A7: =[1]Indonesia!B66 -> 39653 | B7: =[1]Indonesia!C66 -> 125.9 | C7: =[1]Indonesia!D66 -> 38.9 | D7: =[1]Indonesia!E66 -> 58.8 | E7: =[1]Indonesia!F66 -> 146.8 | F7: =[1]Indonesia!G66 -> 184.7 | G7: =[1]Indonesia!H66 -> 185.7
A8: =[1]Indonesia!B67 -> 39660 | B8: =[1]Indonesia!C67 -> 124.2 | C8: =[1]Indonesia!D67 -> 110.7 | D8: =[1]Indonesia!E67 -> 60.5 | E8: =[1]Indonesia!F67 -> 149 | F8: =[1]Indonesia!G67 -> 184.7 | G8: =[1]Indonesia!H67 -> 259.7
A9: =[1]Indonesia!B68 -> 39667 | B9: =[1]Indonesia!C68 -> 65.8 | C9: =[1]Indonesia!D68 -> 116.7 | D9: =[1]Indonesia!E68 -> 178.5 | E9: =[1]Indonesia!F68 -> 149 | F9: =[1]Indonesia!G68 -> 244.3 | G9: =[1]Indonesia!H68 -> 265.7
A10: =[1]Indonesia!B69 -> 39674 | B10: =[1]Indonesia!C69 -> 89.2 | C10: =[1]Indonesia!D69 -> 167.9 | D10: =[1]Indonesia!E69 -> 180.1 | E10: =[1]Indonesia!F69 -> 155 | F10: =[1]Indonesia!G69 -> 269.3 | G10: =[1]Indonesia!H69 -> 322.9
A11: =[1]Indonesia!B70 -> 39681 | B11: =[1]Indonesia!C70 -> 87 | C11: =[1]Indonesia!D70 -> 159.9 | D11: =[1]Indonesia!E70 -> 242.3 | E11: =[1]Indonesia!F70 -> 163.2 | F11: =[1]Indonesia!G70 -> 329.3 | G11: =[1]Indonesia!H70 -> 323.1
A12: =[1]Indonesia!B71 -> 39688 | B12: =[1]Indonesia!C71 -> 88.3 | C12: =[1]Indonesia!D71 -> 107 | D12: =[1]Indonesia!E71 -> 243.1 | E12: =[1]Indonesia!F71 -> 226.6 | F12: =[1]Indonesia!G71 -> 331.4 | G12: =[1]Indonesia!H71 -> 333.6
A13: =[1]Indonesia!B72 -> 39695 | B13: =[1]Indonesia!C72 -> 27.6 | C13: =[1]Indonesia!D72 -> 106.3 | D13: =[1]Indonesia!E72 -> 304.3 | E13: =[1]Indonesia!F72 -> 228.2 | F13: =[1]Indonesia!G72 -> 331.9 | G13: =[1]Indonesia!H72 -> 334.5
A14: =[1]Indonesia!B73 -> 39702 | B14: =[1]Indonesia!C73 -> 26.4 | C14: =[1]Indonesia!D73 -> 55.1 | D14: =[1]Indonesia!E73 -> 305.4 | E14: =[1]Indonesia!F73 -> 297.4 | F14: =[1]Indonesia!G73 -> 331.8 | G14: =[1]Indonesia!H73 -> 352.5
... A212: =[1]Indonesia!B271 -> 41088 | B212: =[1]Indonesia!C271 -> 143.1 | C212: =[1]Indonesia!D271 -> 105.3 | D212: =[1]Indonesia!E271 -> 1.2 | E212: =[1]Indonesia!F271 -> 94.5 | F212: =[1]Indonesia!G271 -> 144.3 | G212: =[1]Indonesia!H271 -> 199.8

Sheet Venezuela
A1: Export Sales | B1: Unshipped Balance | D1: Accumulated Exports | F1: Total Commitments | H1: =US!H1 -> (-) = blanks, no data
A2: Venezuela | B2: this year | C2: last year | D2: this year | E2: last year | F2: this year | G2: last year
A3: =[1]Venezuela!A217 -> 40332 | B3: =[1]Venezuela!B217 -> 94 | C3: =[1]Venezuela!C217 -> 55.3 | D3: =[1]Venezuela!D217 -> 0 | E3: =[1]Venezuela!E217 -> 0 | F3: =[1]Venezuela!F217 -> 94 | G3: =[1]Venezuela!G217 -> 55.3
A4: =[1]Venezuela!A218 -> 40339 | B4: =[1]Venezuela!B218 -> 78.5 | C4: =[1]Venezuela!C218 -> 50.3 | D4: =[1]Venezuela!D218 -> 27 | E4: =[1]Venezuela!E218 -> 18.6 | F4: =[1]Venezuela!F218 -> 105.5 | G4: =[1]Venezuela!G218 -> 68.9
A5: =[1]Venezuela!A219 -> 40346 | B5: =[1]Venezuela!B219 -> 78.9 | C5: =[1]Venezuela!C219 -> 50.3 | D5: =[1]Venezuela!D219 -> 27 | E5: =[1]Venezuela!E219 -> 18.6 | F5: =[1]Venezuela!F219 -> 105.9 | G5: =[1]Venezuela!G219 -> 68.9
A6: =[1]Venezuela!A220 -> 40353 | B6: =[1]Venezuela!B220 -> 73 | C6: =[1]Venezuela!C220 -> 50.3 | D6: =[1]Venezuela!D220 -> 38.9 | E6: =[1]Venezuela!E220 -> 18.6 | F6: =[1]Venezuela!F220 -> 111.9 | G6: =[1]Venezuela!G220 -> 68.9
A7: =[1]Venezuela!A221 -> 40360 | B7: =[1]Venezuela!B221 -> 101.5 | C7: =[1]Venezuela!C221 -> 89.8 | D7: =[1]Venezuela!D221 -> 38.9 | E7: =[1]Venezuela!E221 -> 34.6 | F7: =[1]Venezuela!F221 -> 140.4 | G7: =[1]Venezuela!G221 -> 124.4
A8: =[1]Venezuela!A222 -> 40367 | B8: =[1]Venezuela!B222 -> 101.5 | C8: =[1]Venezuela!C222 -> 89.8 | D8: =[1]Venezuela!D222 -> 38.9 | E8: =[1]Venezuela!E222 -> 34.6 | F8: =[1]Venezuela!F222 -> 140.4 | G8: =[1]Venezuela!G222 -> 124.4
A9: =[1]Venezuela!A223 -> 40374 | B9: =[1]Venezuela!B223 -> 106.7 | C9: =[1]Venezuela!C223 -> 98.8 | D9: =[1]Venezuela!D223 -> 38.9 | E9: =[1]Venezuela!E223 -> 34.6 | F9: =[1]Venezuela!F223 -> 145.6 | G9: =[1]Venezuela!G223 -> 133.4
A10: =[1]Venezuela!A224 -> 40381 | B10: =[1]Venezuela!B224 -> 132.7 | C10: =[1]Venezuela!C224 -> 90.8 | D10: =[1]Venezuela!D224 -> 38.9 | E10: =[1]Venezuela!E224 -> 46.6 | F10: =[1]Venezuela!F224 -> 171.6 | G10: =[1]Venezuela!G224 -> 137.4
A11: =[1]Venezuela!A225 -> 40388 | B11: =[1]Venezuela!B225 -> 126.7 | C11: =[1]Venezuela!C225 -> 112.9 | D11: =[1]Venezuela!D225 -> 44.9 | E11: =[1]Venezuela!E225 -> 58.1 | F11: =[1]Venezuela!F225 -> 171.6 | G11: =[1]Venezuela!G225 -> 171
A12: =[1]Venezuela!A226 -> 40395 | B12: =[1]Venezuela!B226 -> 126.7 | C12: =[1]Venezuela!C226 -> 112.9 | D12: =[1]Venezuela!D226 -> 44.9 | E12: =[1]Venezuela!E226 -> 58.1 | F12: =[1]Venezuela!F226 -> 171.6 | G12: =[1]Venezuela!G226 -> 171
A13: =[1]Venezuela!A227 -> 40402 | B13: =[1]Venezuela!B227 -> 107 | C13: =[1]Venezuela!C227 -> 109.9 | D13: =[1]Venezuela!D227 -> 65.3 | E13: =[1]Venezuela!E227 -> 74.3 | F13: =[1]Venezuela!F227 -> 172.3 | G13: =[1]Venezuela!G227 -> 184.2
A14: =[1]Venezuela!A228 -> 40409 | B14: =[1]Venezuela!B228 -> 155 | C14: =[1]Venezuela!C228 -> 96.6 | D14: =[1]Venezuela!D228 -> 65.3 | E14: =[1]Venezuela!E228 -> 88.3 | F14: =[1]Venezuela!F228 -> 220.3 | G14: =[1]Venezuela!G228 -> 184.9
... A144: =[1]Venezuela!A358 -> 41319 | B144: =[1]Venezuela!B358 -> 89.8 | C144: =[1]Venezuela!C358 -> 165.9 | D144: =[1]Venezuela!D358 -> 468.7 | E144: =[1]Venezuela!E358 -> 374.3 | F144: =[1]Venezuela!F358 -> 558.5 | G144: =[1]Venezuela!G358 -> 540.2

Sheet Iraq
A1: IRAQ | B1: Unshipped Balance | D1: Accumulated Exports | F1: Total Commitments
A2: EXPORT SALES, Egypt | B2: this year | C2: last year | D2: this year | E2: last year | F2: this year | G2: last year
A3: =[1]Iraq!A4 -> 40696 | B3: =[1]Iraq!B4 -> 200 | C3: =[1]Iraq!C4 -> 0 | D3: =[1]Iraq!D4 -> 0 | E3: =[1]Iraq!E4 -> 0 | F3: =[1]Iraq!F4 -> 200 | G3: =[1]Iraq!G4 -> 0
A4: =[1]Iraq!A5 -> 40703 | B4: =[1]Iraq!B5 -> 147.5 | C4: =[1]Iraq!C5 -> 0 | D4: =[1]Iraq!D5 -> 52.5 | E4: =[1]Iraq!E5 -> 0 | F4: =[1]Iraq!F5 -> 200 | G4: =[1]Iraq!G5 -> 0
A5: =[1]Iraq!A6 -> 40710 | B5: =[1]Iraq!B6 -> 147.5 | C5: =[1]Iraq!C6 -> 0 | D5: =[1]Iraq!D6 -> 52.5 | E5: =[1]Iraq!E6 -> 0 | F5: =[1]Iraq!F6 -> 200 | G5: =[1]Iraq!G6 -> 0
A6: =[1]Iraq!A7 -> 40717 | B6: =[1]Iraq!B7 -> 145 | C6: =[1]Iraq!C7 -> 0 | D6: =[1]Iraq!D7 -> 105 | E6: =[1]Iraq!E7 -> 0 | F6: =[1]Iraq!F7 -> 250 | G6: =[1]Iraq!G7 -> 0
A7: =[1]Iraq!A8 -> 40724 | B7: =[1]Iraq!B8 -> 245 | C7: =[1]Iraq!C8 -> 0 | D7: =[1]Iraq!D8 -> 105 | E7: =[1]Iraq!E8 -> 0 | F7: =[1]Iraq!F8 -> 350 | G7: =[1]Iraq!G8 -> 0
A8: =[1]Iraq!A9 -> 40731 | B8: =[1]Iraq!B9 -> 245 | C8: =[1]Iraq!C9 -> 0 | D8: =[1]Iraq!D9 -> 154.3 | E8: =[1]Iraq!E9 -> 0 | F8: =[1]Iraq!F9 -> 399.3 | G8: =[1]Iraq!G9 -> 0
A9: =[1]Iraq!A10 -> 40738 | B9: =[1]Iraq!B10 -> 110.8 | C9: =[1]Iraq!C10 -> 0 | D9: =[1]Iraq!D10 -> 237 | E9: =[1]Iraq!E10 -> 0 | F9: =[1]Iraq!F10 -> 347.8 | G9: =[1]Iraq!G10 -> 0
A10: =[1]Iraq!A11 -> 40745 | B10: =[1]Iraq!B11 -> 50 | C10: =[1]Iraq!C11 -> 0 | D10: =[1]Iraq!D11 -> 362 | E10: =[1]Iraq!E11 -> 0 | F10: =[1]Iraq!F11 -> 412 | G10: =[1]Iraq!G11 -> 0
A11: =[1]Iraq!A12 -> 40752 | B11: =[1]Iraq!B12 -> 50 | C11: =[1]Iraq!C12 -> 0 | D11: =[1]Iraq!D12 -> 362 | E11: =[1]Iraq!E12 -> 0 | F11: =[1]Iraq!F12 -> 412 | G11: =[1]Iraq!G12 -> 0
A12: =[1]Iraq!A13 -> 40759 | B12: =[1]Iraq!B13 -> 100 | C12: =[1]Iraq!C13 -> 0 | D12: =[1]Iraq!D13 -> 362 | E12: =[1]Iraq!E13 -> 0 | F12: =[1]Iraq!F13 -> 462 | G12: =[1]Iraq!G13 -> 0
A13: =[1]Iraq!A14 -> 40766 | B13: =[1]Iraq!B14 -> 50 | C13: =[1]Iraq!C14 -> 0 | D13: =[1]Iraq!D14 -> 414.3 | E13: =[1]Iraq!E14 -> 0 | F13: =[1]Iraq!F14 -> 464.3 | G13: =[1]Iraq!G14 -> 0
A14: =[1]Iraq!A15 -> 40773 | B14: =[1]Iraq!B15 -> 100 | C14: =[1]Iraq!C15 -> 0 | D14: =[1]Iraq!D15 -> 414.3 | E14: =[1]Iraq!E15 -> 0 | F14: =[1]Iraq!F15 -> 514.3 | G14: =[1]Iraq!G15 -> 0
... A121: =[1]Iraq!A122 -> 41522 | B121: =[1]Iraq!B122 -> 0 | C121: =[1]Iraq!C122 -> 0 | D121: =[1]Iraq!D122 -> 0 | E121: =[1]Iraq!E122 -> 0 | F121: =[1]Iraq!F122 -> 0 | G121: =[1]Iraq!G122 -> 0

Sheet Yemen
A1: YEMEN | B1: Unshipped Balance | D1: Accumulated Exports | F1: Total Commitments
A2: EXPORT SALES, Egypt | B2: this year | C2: last year | D2: this year | E2: last year | F2: this year | G2: last year
A3: =[1]Yemen!A4 -> 40696 | B3: =[1]Yemen!B4 -> 158 | C3: =[1]Yemen!C4 -> 0 | D3: =[1]Yemen!D4 -> 0 | E3: =[1]Yemen!E4 -> 0 | F3: =[1]Yemen!F4 -> 158 | G3: =[1]Yemen!G4 -> 0
A4: =[1]Yemen!A5 -> 40703 | B4: =[1]Yemen!B5 -> 108 | C4: =[1]Yemen!C5 -> 0 | D4: =[1]Yemen!D5 -> 54.8 | E4: =[1]Yemen!E5 -> 0 | F4: =[1]Yemen!F5 -> 162.8 | G4: =[1]Yemen!G5 -> 0
A5: =[1]Yemen!A6 -> 40710 | B5: =[1]Yemen!B6 -> 58 | C5: =[1]Yemen!C6 -> 0 | D5: =[1]Yemen!D6 -> 109.4 | E5: =[1]Yemen!E6 -> 1 | F5: =[1]Yemen!F6 -> 167.4 | G5: =[1]Yemen!G6 -> 1
A6: =[1]Yemen!A7 -> 40717 | B6: =[1]Yemen!B7 -> 58 | C6: =[1]Yemen!C7 -> 0 | D6: =[1]Yemen!D7 -> 109.4 | E6: =[1]Yemen!E7 -> 0 | F6: =[1]Yemen!F7 -> 167.4 | G6: =[1]Yemen!G7 -> 0
A7: =[1]Yemen!A8 -> 40724 | B7: =[1]Yemen!B8 -> 0 | C7: =[1]Yemen!C8 -> 0 | D7: =[1]Yemen!D8 -> 170.3 | E7: =[1]Yemen!E8 -> 0 | F7: =[1]Yemen!F8 -> 170.3 | G7: =[1]Yemen!G8 -> 0
A8: =[1]Yemen!A9 -> 40731 | B8: =[1]Yemen!B9 -> 0 | C8: =[1]Yemen!C9 -> 0 | D8: =[1]Yemen!D9 -> 170.3 | E8: =[1]Yemen!E9 -> 0 | F8: =[1]Yemen!F9 -> 170.3 | G8: =[1]Yemen!G9 -> 0
A9: =[1]Yemen!A10 -> 40738 | B9: =[1]Yemen!B10 -> 0 | C9: =[1]Yemen!C10 -> 0 | D9: =[1]Yemen!D10 -> 170.3 | E9: =[1]Yemen!E10 -> 0 | F9: =[1]Yemen!F10 -> 170.3 | G9: =[1]Yemen!G10 -> 0
A10: =[1]Yemen!A11 -> 40745 | B10: =[1]Yemen!B11 -> 0 | C10: =[1]Yemen!C11 -> 0 | D10: =[1]Yemen!D11 -> 170.3 | E10: =[1]Yemen!E11 -> 0 | F10: =[1]Yemen!F11 -> 170.3 | G10: =[1]Yemen!G11 -> 0
A11: =[1]Yemen!A12 -> 40752 | B11: =[1]Yemen!B12 -> 0 | C11: =[1]Yemen!C12 -> 0 | D11: =[1]Yemen!D12 -> 170.3 | E11: =[1]Yemen!E12 -> 0 | F11: =[1]Yemen!F12 -> 170.3 | G11: =[1]Yemen!G12 -> 0
A12: =[1]Yemen!A13 -> 40759 | B12: =[1]Yemen!B13 -> 0 | C12: =[1]Yemen!C13 -> 92 | D12: =[1]Yemen!D13 -> 170.3 | E12: =[1]Yemen!E13 -> 0 | F12: =[1]Yemen!F13 -> 170.3 | G12: =[1]Yemen!G13 -> 92
A13: =[1]Yemen!A14 -> 40766 | B13: =[1]Yemen!B14 -> 0 | C13: =[1]Yemen!C14 -> 167 | D13: =[1]Yemen!D14 -> 170.3 | E13: =[1]Yemen!E14 -> 0 | F13: =[1]Yemen!F14 -> 170.3 | G13: =[1]Yemen!G14 -> 167
A14: =[1]Yemen!A15 -> 40773 | B14: =[1]Yemen!B15 -> 50 | C14: =[1]Yemen!C15 -> 167 | D14: =[1]Yemen!D15 -> 170.3 | E14: =[1]Yemen!E15 -> 0 | F14: =[1]Yemen!F15 -> 220.3 | G14: =[1]Yemen!G15 -> 167
... A162: =[1]Yemen!A163 -> 41809 | B162: =[1]Yemen!B163 -> 0 | C162: =[1]Yemen!C163 -> 0 | D162: =[1]Yemen!D163 -> 0 | E162: =[1]Yemen!E163 -> 0 | F162: =[1]Yemen!F163 -> 0 | G162: =[1]Yemen!G163 -> 0

Sheet China
A1: CHINA | B1: Unshipped Balance | D1: Accumulated Exports | F1: Total Commitments | H1: Total Commitments
A2: EXPORT SALES, Egypt | B2: this year | C2: last year | D2: this year | E2: last year | F2: this year | G2: last year | H2: Next Marketing Year
A3: =+[1]CHINA!A3 -> 41417 | B3: =+[1]CHINA!B3 -> 58.4 | C3: =+[1]CHINA!C3 -> 55.8 | D3: =+[1]CHINA!D3 -> 740.4 | E3: =+[1]CHINA!E3 -> 534.3 | F3: =+[1]CHINA!F3 -> 798.8 | G3: =+[1]CHINA!G3 -> 590.1 | H3: =+[1]CHINA!H3 -> 1443.2
A4: =+[1]CHINA!A4 -> 41424 | B4: =+[1]CHINA!B4 -> 57 | C4: =+[1]CHINA!C4 -> 55.8 | D4: =+[1]CHINA!D4 -> 741.8 | E4: =+[1]CHINA!E4 -> 534.3 | F4: =+[1]CHINA!F4 -> 798.8 | G4: =+[1]CHINA!G4 -> 590.1 | H4: =+[1]CHINA!H4 -> 1464
A5: =+[1]CHINA!A5 -> 41431 | B5: =+[1]CHINA!B5 -> 1465.3 | C5: =+[1]CHINA!C5 -> 167 | D5: =+[1]CHINA!D5 -> 57.8 | E5: =+[1]CHINA!E5 -> 57.8 | F5: =+[1]CHINA!F5 -> 1523.1 | G5: =+[1]CHINA!G5 -> 224.8 | H5: =+[1]CHINA!H5 -> 0
A6: =+[1]CHINA!A6 -> 0 | B6: =+[1]CHINA!B6 -> 0 | C6: =+[1]CHINA!C6 -> 0 | D6: =+[1]CHINA!D6 -> 0 | E6: =+[1]CHINA!E6 -> 0 | F6: =+[1]CHINA!F6 -> 0 | G6: =+[1]CHINA!G6 -> 0 | H6: =+[1]CHINA!H6 -> 0
A7: =+[1]CHINA!A7 -> 0 | B7: =+[1]CHINA!B7 -> 0 | C7: =+[1]CHINA!C7 -> 0 | D7: =+[1]CHINA!D7 -> 0 | E7: =+[1]CHINA!E7 -> 0 | F7: =+[1]CHINA!F7 -> 0 | G7: =+[1]CHINA!G7 -> 0 | H7: =+[1]CHINA!H7 -> 0
A8: =+[1]CHINA!A8 -> 0 | B8: =+[1]CHINA!B8 -> 0 | C8: =+[1]CHINA!C8 -> 0 | D8: =+[1]CHINA!D8 -> 0 | E8: =+[1]CHINA!E8 -> 0 | F8: =+[1]CHINA!F8 -> 0 | G8: =+[1]CHINA!G8 -> 0 | H8: =+[1]CHINA!H8 -> 0
A9: =+[1]CHINA!A9 -> 0 | B9: =+[1]CHINA!B9 -> 0 | C9: =+[1]CHINA!C9 -> 0 | D9: =+[1]CHINA!D9 -> 0 | E9: =+[1]CHINA!E9 -> 0 | F9: =+[1]CHINA!F9 -> 0 | G9: =+[1]CHINA!G9 -> 0 | H9: =+[1]CHINA!H9 -> 0
A10: =+[1]CHINA!A10 -> 0 | B10: =+[1]CHINA!B10 -> 0 | C10: =+[1]CHINA!C10 -> 0 | D10: =+[1]CHINA!D10 -> 0 | E10: =+[1]CHINA!E10 -> 0 | F10: =+[1]CHINA!F10 -> 0 | G10: =+[1]CHINA!G10 -> 0 | H10: =+[1]CHINA!H10 -> 0
A11: =+[1]CHINA!A11 -> 0 | B11: =+[1]CHINA!B11 -> 0 | C11: =+[1]CHINA!C11 -> 0 | D11: =+[1]CHINA!D11 -> 0 | E11: =+[1]CHINA!E11 -> 0 | F11: =+[1]CHINA!F11 -> 0 | G11: =+[1]CHINA!G11 -> 0 | H11: =+[1]CHINA!H11 -> 0
A12: =+[1]CHINA!A12 -> 0 | B12: =+[1]CHINA!B12 -> 0 | C12: =+[1]CHINA!C12 -> 0 | D12: =+[1]CHINA!D12 -> 0 | E12: =+[1]CHINA!E12 -> 0 | F12: =+[1]CHINA!F12 -> 0 | G12: =+[1]CHINA!G12 -> 0 | H12: =+[1]CHINA!H12 -> 0
A13: =+[1]CHINA!A13 -> 0 | B13: =+[1]CHINA!B13 -> 0 | C13: =+[1]CHINA!C13 -> 0 | D13: =+[1]CHINA!D13 -> 0 | E13: =+[1]CHINA!E13 -> 0 | F13: =+[1]CHINA!F13 -> 0 | G13: =+[1]CHINA!G13 -> 0 | H13: =+[1]CHINA!H13 -> 0
A14: =+[1]CHINA!A14 -> 0 | B14: =+[1]CHINA!B14 -> 0 | C14: =+[1]CHINA!C14 -> 0 | D14: =+[1]CHINA!D14 -> 0 | E14: =+[1]CHINA!E14 -> 0 | F14: =+[1]CHINA!F14 -> 0 | G14: =+[1]CHINA!G14 -> 0 | H14: =+[1]CHINA!H14 -> 0
... A42: =+[1]CHINA!A42 -> 0 | B42: =+[1]CHINA!B42 -> 0 | C42: =+[1]CHINA!C42 -> 0 | D42: =+[1]CHINA!D42 -> 0 | E42: =+[1]CHINA!E42 -> 0 | F42: =+[1]CHINA!F42 -> 0 | G42: =+[1]CHINA!G42 -> 0 | H42: =+[1]CHINA!H42 -> 0
