Workbook

Sheet Summary
A1: Reference Database Statistics Summary
A2: 2008-2009
A4: * usage constrained by limitations on concurrent users
A5: Database Name | B5: Vendor / Platform | C5: COUNTER-compliant? | D5: Sessions | E5: Searches | F5: Turnaways | G5: 2008/09 Price | H5: Cost per Search
A6: ABI/INFORM Dateline | B6: ProQuest | D6: N/A | E6: N/A | F6: 0 | G6: 0 | H6: N/A
A7: ABI/INFORM Global | B7: ProQuest | D7: N/A | E7: N/A | F7: 0 | G7: 18757 | H7: N/A
A8: ABI/INFORM Trade & Industry | B8: ProQuest | D8: N/A | E8: N/A | F8: 0 | G8: 0 | H8: N/A
A9: Abstracts in Anthropology | B9: MetaPress | D9: N/A | E9: N/A | F9: N/A | G9: 366.28 | H9: N/A
A10: Academic Search Premier | B10: EBSCOhost | D10: 63572 | E10: 207218 | F10: 0 | G10: 20342.75 | H10: =G10/E10 -> 0.098170767
A11: Alternative Press Index | B11: FirstSearch | D11: N/A | E11: 39 | F11: 0 | G11: 0 | H11: 1
A12: Alternative Press Index Archive | B12: FirstSearch | D12: N/A | E12: 15 | F12: 0 | G12: 0 | H12: 1
A13: America History & Life | B13: EBSCOhost | D13: 1758 | E13: 7433 | F13: 0 | G13: 0 | H13: 1.03
A14: ARBA Online | B14: Greenwood Press | D14: 13 | E14: 2 | F14: 0 | G14: 338 | H14: =G14/E14 -> 169
A15: Art Abstracts | B15: WilsonWeb | C15: Yes (R2) | D15: 627 | E15: 2373 | F15: 0 | G15: 5989.5 | H15: =G15/E15 -> 2.5240202
A16: Art Index Retrospective* | B16: WilsonWeb | C16: Yes (R2) | D16: 140 | E16: 427 | F16: 7 | G16: 581 | H16: =G16/E16 -> 1.3606557
A17: ArticleFirst* | B17: FirstSearch | D17: 1308 | E17: 5490 | F17: 0 | G17: 0 | H17: N/A
A18: ARTstor | B18: ARTstor | D18: 21 | E18: 152 | F18: 0 | G18: 12940 | H18: =G18/E18 -> 85.131579
A19: ASFA 1 | B19: CSA | D19: N/A | E19: 1917 | F19: 0 | G19: 0 | H19: N/A
A20: ASFA 2 | B20: CSA | D20: N/A | E20: 304 | F20: 0 | G20: 0 | H20: N/A
A21: ASFA 3 | B21: CSA | D21: N/A | E21: 1042 | F21: 0 | G21: 0 | H21: N/A
A22: ASFA Aquaculture Abstracts | B22: CSA | D22: N/A | E22: 1051 | F22: 0 | G22: 0 | H22: N/A
A23: ASFA Marine Biotechnology Abstracts | B23: CSA | D23: N/A | E23: 828 | F23: 0 | G23: 0 | H23: N/A
A24: ASFA: Aquatic Science & Fisheries Abstracts | B24: CSA | D24: N/A | E24: N/A | F24: 0 | G24: 8025 | H24: N/A
A25: Bibliography & Index of Micropaleontology | B25: Micropress | D25: N/A | E25: N/A | F25: N/A | G25: 146.04 | H25: N/A
A26: Biological & Agricultural Index Plus | B26: WilsonWeb | C26: Yes (R2) | D26: 370 | E26: 1002 | F26: 0 | G26: 3411 | H26: =G26/E26 -> 3.4041916
A27: Biological Abstracts | B27: WebSPIRS | C27: Yes | D27: 627 | E27: 2485 | F27: 5 | G27: 0 | H27: N/A
A28: Biological Abstracts (2/2009-) | B28: OVID | D28: 277 | E28: 538 | F28: 0 | G28: 0 | H28: N/A
A29: BIOSIS Previews | B29: OVID | D29: 2 | E29: 2 | F29: 0 | G29: 0 | H29: N/A
A30: BIOSIS Previews | B30: Web of Science | C30: Yes | D30: 6 | E30: 8 | F30: 0 | G30: 26110.5 | H30: =G30/E30 -> 3263.8125
A31: ChoiceReviews.online | B31: Choice | D31: N/A | E31: N/A | F31: N/A | G31: 0 | H31: N/A
A32: CIAO | B32: CIAO | D32: 63 | E32: N/A | F32: 0 | G32: 0 | H32: N/A
A33: CINAHL | B33: EBSCOhost | D33: 11985 | E33: 60685 | F33: N/A | G33: 5699 | H33: =G33/E33 -> 0.093911181
A34: Clase and Periodica* | B34: FirstSearch | D34: 111 | E34: 152 | F34: 0 | G34: 0 | H34: N/A
A35: Classification Web* | B35: Library of Congress | D35: N/A | E35: N/A | F35: N/A | G35: 594.69 | H35: N/A
A36: Cochrane Library | B36: Wiley InterScience | D36: 1404 | E36: 416 | F36: 0 | G36: 3042.5 | H36: =G36/E36 -> 7.3137019
A37: Communication Abstracts | B37: CSA | D37: N/A | E37: 6047 | F37: 0 | G37: 3025 | H37: =G37/E37 -> 0.50024806
A38: Compendex | B38: EI | D38: 1471 | E38: 7270 | F38: 0 | G38: 16073 | H38: =G38/E38 -> 2.2108666
A39: CQ Researcher | B39: CQ | C39: No | D39: 579 | E39: 678 | F39: 0 | G39: 1613 | H39: =G39/E39 -> 2.379056
A40: CSA (all databases) | B40: CSA | D40: N/A | E40: 14903 | F40: 0 | G40: 65124 | H40: =G40/E40 -> 4.3698584
A41: Dissertations & Theses | B41: ProQuest | D41: N/A | E41: N/A | F41: 0 | G41: 0 | H41: N/A
A42: Doody's Core Titles in the Health Sciences | B42: Doody's | D42: N/A | E42: N/A | F42: N/A | G42: 149.5 | H42: N/A
A43: EBSCO Animals | B43: EBSCOhost | D43: N/A | E43: N/A | F43: N/A | G43: 0 | H43: N/A
A44: EBSCOhost (all databases) | B44: EBSCOhost | D44: 121617 | E44: 497395 | F44: 0 | G44: 89318.75 | H44: =G44/E44 -> 0.17957308
A45: EconLit | B45: EBSCOhost | D45: 1849 | E45: 7584 | F45: 0 | G45: 3161 | H45: =G45/E45 -> 0.41679852
A46: Education Full Text | B46: WilsonWeb | C46: Yes (R2) | D46: 4186 | E46: 15878 | F46: 0 | G46: 6340.5 | H46: =G46/E46 -> 0.39932611
A47: Education Index Retrospective* | B47: WilsonWeb | C47: Yes (R2) | D47: 276 | E47: 920 | F47: 787 | G47: 798 | H47: =G47/E47 -> 0.8673913
A48: EMASE.COM (July 08 only) | B48: Elsevier | D48: 45 | E48: 104 | F48: 0 | G48: 10260 | H48: =G48/E48 -> 98.653846
A49: Encyclopedia of Ocean Science | B49: Elsevier | D49: N/A | E49: 5 | F49: 0 | G49: 727.65 | H49: =G49/E49 -> 145.53
A50: EndNote Web | B50: Web of Science | C50: No | D50: 100 | E50: 33 | F50: 0 | G50: 0 | H50: N/A
A51: ERIC | B51: CSA | D51: N/A | E51: 3420 | F51: 0 | G51: 0 | H51: N/A
A52: ERIC | B52: EBSCOhost | D52: 979 | E52: 4956 | F52: 0 | G52: 0 | H52: N/A
A53: ERIC | B53: WilsonWeb | C53: Yes (R2) | D53: 2548 | E53: 10895 | F53: 0 | G53: 0 | H53: N/A
A54: ERIC* | B54: FirstSearch | D54: 793 | E54: 1650 | F54: 0 | G54: 0 | H54: N/A
A55: Film & Television Literature Index | B55: EBSCOhost | D55: 1133 | E55: 4949 | F55: 0 | G55: 1363 | H55: =G55/E55 -> 0.27540917
A56: FirstSearch (“per-search” block searches) | B56: FirstSearch | D56: N/A | E56: 32939 | F56: 0 | G56: 0 | H56: N/A
A57: FirstSearch (all databases) | B57: FirstSearch | D57: 9525 | E57: 32851 | F57: 0 | G57: 9215 | H57: =G57/E57 -> 0.28050896
A58: FSTA Direct | B58: IFIS | D58: N/A | E58: N/A | F58: 0 | G58: 0 | H58: N/A
A59: Funk & Wagnall's New World Encyclopedia | B59: EBSCOhost | D59: 1025 | E59: 4291 | F59: 0 | G59: 0 | H59: N/A
A60: GEOBASE | B60: FirstSearch | D60: N/A | E60: 34 | F60: 0 | G60: 0 | H60: N/A
A61: GeoRef | B61: CSA | D61: N/A | E61: 2156 | F61: 0 | G61: 6142 | H61: =G61/E61 -> 2.8487941
A62: GeoRef in Process | B62: CSA | D62: N/A | E62: 819 | F62: 0 | G62: 0 | H62: N/A
A63: GPO Monthly Catalog* | B63: FirstSearch | D63: 98 | E63: 144 | F63: 0 | G63: 0 | H63: N/A
A64: GreenFILE | B64: EBSCOhost | D64: 928 | E64: 4224 | F64: 0 | G64: 0 | H64: N/A
A65: Health Source | B65: EBSCOhost | D65: 3386 | E65: 10017 | F65: 0 | G65: 0 | H65: N/A
A66: Historical Abstracts | B66: EBSCOhost | D66: 1315 | E66: 5588 | F66: 0 | G66: 0 | H66: N/A
A67: Historical Reference Center | B67: EBSCOhost | D67: 1280 | E67: 4721 | F67: 0 | G67: 0 | H67: N/A
A68: Human Resources Report* | B68: BNA | D68: N/A | E68: N/A | F68: N/A | G68: 1630 | H68: N/A
A69: Humanities & Social Sciences Index Retrospective* | B69: WilsonWeb | C69: Yes (R2) | D69: 549 | E69: 1537 | F69: 13 | G69: 822 | H69: =G69/E69 -> 0.53480807
A70: INSPEC Current | B70: EBSCOhost | D70: 1092 | E70: 4975 | F70: 0 | G70: 29808 | H70: =G70/E70 -> 5.9915578
A71: International Pharmaceutical Abstracts | B71: CSA | D71: N/A | E71: 1897 | F71: 0 | G71: 3600 | H71: =G71/E71 -> 1.8977333
A72: Journals@OVID Full text | B72: OVID | D72: 4276 | E72: 4589 | F72: 0 | G72: 13849 | H72: =G72/E72 -> 3.0178688
A73: KCDL Online | B73: KCDL Online | D73: N/A | E73: 506 | F73: 0 | G73: 1757.5 | H73: =G73/E73 -> 3.4733202
A74: Labor and Employment Law Library | B74: BNA | D74: N/A | E74: N/A | F74: N/A | G74: 8966 | H74: N/A
A75: Lexi-Comp | D75: N/A | E75: 7128 | F75: 0 | G75: 0 | H75: N/A
A76: LexisNexis Academic | B76: LexisNexis | D76: 18576 | E76: 27792 | F76: 0 | G76: 26063.1 | H76: =G76/E76 -> 0.93779145
A77: LexisNexis Congressional | B77: LexisNexis | D77: 260 | E77: 687 | F77: 0 | G77: 7446.6 | H77: =G77/E77 -> 10.839301
A78: Library, Info Sci & Tech Abstracts no full text | B78: EBSCOhost | D78: 1353 | E78: 6671 | F78: 0 | G78: 0 | H78: N/A
A79: Library, Info Sci & Tech Abstracts w/ full text | B79: EBSCOhost | D79: 5556 | E79: 22468 | F79: 0 | G79: 2583 | H79: =G79/E79 -> 0.1149635
A80: Literature Resource Center | B80: InfoTrac | D80: 2050 | E80: 7298 | F80: 0 | G80: 1874 | H80: =G80/E80 -> 0.25678268
A81: Los Angeles Times | B81: ProQuest | D81: N/A | E81: N/A | F81: 0 | G81: 0 | H81: N/A
A82: MAS Ultra – School edition | B82: EBSCOhost | D82: 1008 | E82: 4227 | F82: 0 | G82: 0 | H82: N/A
A83: MasterFILE Premium | B83: EBSCOhost | D83: 1624 | E83: 4660 | F83: 0 | G83: 0 | H83: N/A
A84: MathSciNet | B84: American Mathematical Society | D84: 7140 | E84: 9316 | F84: 0 | G84: 7567.5 | H84: =G84/E84 -> 0.81231215
A85: MEDLINE | B85: EBSCOhost | D85: 893 | E85: 4539 | F85: 0 | G85: 0 | H85: N/A
A86: MEDLINE | B86: OVID | D86: 32 | E86: 77 | F86: 0 | G86: 0 | H86: N/A
A87: MEDLINE In Process | B87: OVID | D87: 0 | E87: 0 | F87: 0 | G87: 0 | H87: N/A
A88: MEDLINE* | B88: FirstSearch | D88: 3231 | E88: 8155 | F88: 360 | G88: 0 | H88: N/A
A89: Mental Measurements Yearbook * | B89: EBSCOhost | D89: 1110 | E89: 4799 | F89: 6 | G89: 0 | H89: N/A
A90: Mergent Online | B90: Mergent | D90: N/A | E90: 4439 | F90: 0 | G90: 13750 | H90: =G90/E90 -> 3.0975445
A91: Meteorological & Geoastrophysical Abstracts | B91: CSA | D91: N/A | E91: 3982 | F91: 0 | G91: 4250 | H91: 1.07
A92: Middle Search Plus | B92: EBSCOhost | D92: 827 | E92: 3549 | F92: 0 | G92: 0 | H92: N/A
A93: Military & Government Collection | B93: EBSCOhost | D93: 1231 | E93: 4179 | F93: 0 | G93: 0 | H93: N/A
A94: MLA Directory of Periodicals | B94: CSA | D94: N/A | E94: N/A | F94: 0 | G94: 0 | H94: N/A
A95: MLA International Bibliography | B95: CSA | D95: N/A | E95: 4617 | F95: 0 | G95: 7600 | H95: =G95/E95 -> 1.6460905
A96: Music Index | B96: EBSCOhost | D96: 877 | E96: 4050 | F96: 0 | G96: 2200 | H96: =G96/E96 -> 0.54320988
A97: National Newspapers (5) | B97: ProQuest | D97: N/A | E97: N/A | F97: 0 | G97: 0 | H97: N/A
A98: netLibrary | B98: netLibrary | D98: 657 | E98: N/A | F98: 225 | G98: 0 | H98: N/A
A99: Oceanic Abstracts | B99: CSA | D99: N/A | E99: 4286 | F99: 0 | G99: 0 | H99: N/A
A100: OCLC Electronic Books* | B100: FirstSearch | D100: 129 | E100: 121 | F100: 0 | G100: 0 | H100: N/A
A101: OCLC Electronic Collections Online* | B101: FirstSearch | D101: 347 | E101: 488 | F101: 2 | G101: 0 | H101: N/A
...

Sheet ClassificationWeb
A1: ClassificationWeb
A2: 2008-2009
B4: 39630 | C4: 39661 | D4: 39692 | E4: 39722 | F4: 39753 | G4: 39783 | H4: 39814 | I4: 39845 | J4: 39873 | K4: 39904 | L4: 39934 | M4: 39965 | N4: Total | O4: 2008-2009 Price | P4: Price per unit
A5: ClassificationWeb
A6: Sessions (no. days used) | B6: N/A | C6: N/A | D6: N/A | E6: N/A | F6: N/A | G6: N/A | H6: N/A | I6: N/A | J6: N/A | K6: N/A | L6: N/A | M6: N/A | N6: =SUM(B6:M6) -> 0
A7: Maximum users | B7: N/A | C7: N/A | D7: N/A | E7: N/A | F7: N/A | G7: N/A | H7: N/A | I7: N/A | J7: N/A | K7: N/A | L7: N/A | M7: N/A
A8: Total records | B8: N/A | C8: N/A | D8: N/A | E8: N/A | F8: N/A | G8: N/A | H8: N/A | I8: N/A | J8: N/A | K8: N/A | L8: N/A | M8: N/A | N8: =SUM(B8:M8) -> 0 | O8: 594.69
A9: Next/prev records | B9: N/A | C9: N/A | D9: N/A | E9: N/A | F9: N/A | G9: N/A | H9: N/A | I9: N/A | J9: N/A | K9: N/A | L9: N/A | M9: N/A | N9: =SUM(B9:M9) -> 0
A11: COUNTER-Compliant?: | B11: No

Sheet ARTstor
A1: ARTstor
A2: 2008-2009
B4: 39630 | C4: 39661 | D4: 39692 | E4: 39722 | F4: 39753 | G4: 39783 | H4: 39814 | I4: 39845 | J4: 39873 | K4: 39904 | L4: 39934 | M4: 39965 | N4: Total | O4: 2008-2009 Price | P4: Price per access
A5: ARTstor
A6: Events | B6: N/A | C6: N/A | D6: N/A | E6: N/A | F6: N/A | G6: N/A | H6: N/A | I6: N/A | J6: N/A | K6: 92 | L6: 35 | M6: 25 | N6: =SUM(B6:M6) -> 152
A7: Sessions | B7: N/A | C7: N/A | D7: N/A | E7: N/A | F7: N/A | G7: N/A | H7: N/A | I7: N/A | J7: N/A | K7: 10 | L7: 5 | M7: 6 | N7: =SUM(B7:M7) -> 21 | O7: 12940
A8: Users | B8: N/A | C8: N/A | D8: N/A | E8: N/A | F8: N/A | G8: N/A | H8: N/A | I8: N/A | J8: N/A | K8: 6 | L8: 1 | M8: N/A | N8: =SUM(B8:M8) -> 7
A9: Minutes | B9: N/A | C9: N/A | D9: N/A | E9: N/A | F9: N/A | G9: N/A | H9: N/A | I9: N/A | J9: N/A | K9: 4681 | L9: 2078 | M9: N/A | N9: =SUM(B9:M9) -> 6759
A10: Registrations | B10: N/A | C10: N/A | D10: N/A | E10: N/A | F10: N/A | G10: N/A | H10: N/A | I10: N/A | J10: N/A | K10: 5 | L10: 0 | M10: 1 | N10: =SUM(B10:M10) -> 6
A14: Note: We purchased ARTstor in April 2008.
A15: COUNTER-Compliant?: | B15: No
A16: Note: Data through April 2008 is not correct, because ARTstor was not tracking URI IP addresses separately.
A19: Events: | B19: Number of events.
A21: Sessions: | B21: Number of sessions.
A23: Users: | B23: Number of unique users who logged in during the time period. All users who did not log in are counted as one additional users. The numbers of monthly users are not additive, i.e. the sum of monthly users is not equal to the total number of unique users for all time.
A25: Minutes: | B25: Total minutes used by all sessions.
A27: Registrations: | B27: Number of new registrations.

Sheet CIAO
A1: CIAO
A2: 2008-2009
B4: 39630 | C4: 39661 | D4: 39692 | E4: 39722 | F4: 39753 | G4: 39783 | H4: 39814 | I4: 39845 | J4: 39873 | K4: 39904 | L4: 39934 | M4: 39965 | N4: Total | O4: 2008-2009 price | P4: Price per unit
A5: TOTAL
A6: Unique Visitors | B6: 4 | C6: 1 | D6: 6 | E6: 5 | F6: 7 | G6: 7 | H6: 12 | I6: 15 | J6: 11 | K6: 8 | L6: 7 | M6: 3 | N6: =SUM(B6:M6) -> 63
A7: No of Visits | B7: 4 | C7: 1 | D7: 11 | E7: 7 | F7: 8 | G7: 7 | H7: 16 | I7: 22 | J7: 17 | K7: 8 | L7: 16 | M7: 5 | N7: =SUM(B7:M7) -> 91
A8: No of Views | B8: 9 | C8: 2 | D8: 67 | E8: 80 | F8: 19 | G8: 18 | H8: 74 | I8: 63 | J8: 55 | K8: 15 | L8: 20 | M8: 6 | N8: =SUM(B8:M8) -> 251
A9: No of Searches | B9: N/A | C9: N/A | D9: N/A | E9: N/A | F9: N/A | G9: N/A | H9: N/A | I9: N/A | J9: N/A | K9: N/A | L9: N/A | M9: N/A | N9: =SUM(B9:M9) -> 0
A10: Articles Viewed | B10: 7 | C10: 0 | D10: 24 | E10: 39 | F10: 7 | G10: 12 | H10: 34 | I10: 24 | J10: 51 | K10: 12 | L10: 16 | M10: 3 | N10: =SUM(B10:M10) -> 152
A11: Average Visit Duration | B11: 0:8:17 | C11: 0:0:18 | D11: 0:5:41 | E11: 0:10:58 | F11: 0:0:12 | G11: 0.0038888889 | H11: 0:6:55 | I11: 0:1:24 | J11: 0:5:44 | K11: 0:1:55 | L11: 0:1:12 | M11: 0:0:45 | N11: —
A13: Counter-Compliant?: | B13: No
A15: Unique Visitors (compilation) | N15: =SUM(B15:M15) -> 0

Sheet Cochrane
A1: Cochrane Library
A2: 2008-2009
B4: 39630 | C4: 39661 | D4: 39692 | E4: 39722 | F4: 39753 | G4: 39783 | H4: 39814 | I4: 39845 | J4: 39873 | K4: 39904 | L4: 39934 | M4: 39965 | N4: Total | O4: 2008-2009 price | P4: Price per unit
A5: Cochrane Library
A6: Sessions | B6: 51 | C6: 39 | D6: 101 | E6: 179 | F6: 179 | G6: 50 | H6: 53 | I6: 233 | J6: 263 | K6: 157 | L6: 61 | M6: 38 | N6: =SUM(B6:M6) -> 1404
A7: Searches | B7: 8 | C7: 12 | D7: 22 | E7: 31 | F7: 59 | G7: 9 | H7: 8 | I7: 105 | J7: 97 | K7: 31 | L7: 29 | M7: 5 | N7: =SUM(B7:M7) -> 416 | O7: 3042.5
A8: Full-Text Articles Downloaded | B8: 46 | C8: 22 | D8: 77 | E8: 153 | F8: 198 | G8: 48 | H8: 38 | I8: 193 | J8: 182 | K8: 94 | L8: 35 | M8: 24 | N8: =SUM(B8:M8) -> 1110 | O8: 3042.5
A9: Turnaways | B9: 0 | C9: 0 | D9: 0 | E9: 0 | F9: 0 | G9: 0 | H9: 0 | I9: 0 | J9: 0 | K9: 0 | L9: 0 | M9: 0
A12: COUNTER-Compliant?: | B12: Yes

Sheet Compendex(EI)
A1: Compendex (Engineering Index)
A2: 2008-2009
B4: 39630 | C4: 39661 | D4: 39692 | E4: 39722 | F4: 39753 | G4: 39783 | H4: 39814 | I4: 39845 | J4: 39873 | K4: 39904 | L4: 39934 | M4: 39965 | N4: Total | O4: 2008-2009 Price | P4: Price per search
A5: Compendex
A6: Sessions | B6: 111 | C6: 76 | D6: 88 | E6: 497 | F6: 97 | G6: 113 | H6: 72 | I6: 49 | J6: 107 | K6: 143 | L6: 49 | M6: 69 | N6: =SUM(B6:M6) -> 1471
A7: Searches | B7: 363 | C7: 386 | D7: 243 | E7: 3830 | F7: 349 | G7: 302 | H7: 300 | I7: 193 | J7: 365 | K7: 424 | L7: 233 | M7: 282 | N7: =SUM(B7:M7) -> 7270 | O7: 16073
A10: COUNTER-Compliant?: | B10: No

Sheet CQ Researcher
A1: CQ Researcher
A2: 2008-2009
B6: 39630 | C6: 39661 | D6: 39692 | E6: 39722 | F6: 39753 | G6: 39783 | H6: 39814 | I6: 39845 | J6: 39873 | K6: 39904 | L6: 39934 | M6: 39965 | N6: Total | O6: 2008-2009 Price | P6: Price per search
A7: CQ Researcher*
A8: Total sessions | B8: N/A | C8: N/A | D8: N/A | E8: N/A | F8: N/A | G8: N/A | H8: 38 | I8: 91 | J8: 216 | K8: 199 | L8: 4 | M8: 31 | N8: =SUM(B8:M8) -> 579
A9: Average session length | B9: N/A | C9: N/A | D9: N/A | E9: N/A | F9: N/A | G9: N/A | H9: N/A | I9: N/A | J9: N/A | K9: N/A | L9: N/A | M9: N/A | N9: =SUM(B9:M9) -> 0 | O9: 1613
A10: Total session length | B10: N/A | C10: N/A | D10: N/A | E10: N/A | F10: N/A | G10: N/A | H10: N/A | I10: N/A | J10: N/A | K10: N/A | L10: N/A | M10: N/A | N10: =SUM(B10:M10) -> 0
A11: Searches | B11: N/A | C11: N/A | D11: N/A | E11: N/A | F11: N/A | G11: N/A | H11: 48 | I11: 149 | J11: 219 | K11: 217 | L11: 6 | M11: 39 | N11: =SUM(B11:M11) -> 678
A12: Total documents (unique titles) | B12: N/A | C12: N/A | D12: N/A | E12: N/A | F12: N/A | G12: N/A | H12: N/A | I12: N/A | J12: N/A | K12: N/A | L12: N/A | M12: N/A | N12: =SUM(B12:M12) -> 0
A13: Total hits (document views) | B13: N/A | C13: N/A | D13: N/A | E13: N/A | F13: N/A | G13: N/A | H13: N/A | I13: N/A | J13: N/A | K13: N/A | L13: N/A | M13: N/A | N13: =SUM(B13:M13) -> 0
A16: SIMULTANEOUS USERS: | B16: 10
A18: COUNTER-compliant? | B18: No

Sheet Greenwood
A1: Greenwood Press
A2: 2008-2009
B4: 39630 | C4: 39661 | D4: 39692 | E4: 39722 | F4: 39753 | G4: 39783 | H4: 39814 | I4: 39845 | J4: 39873 | K4: 39904 | L4: 39934 | M4: 39965 | N4: Total | O4: 2008-2009 Price | P4: Price per search
A5: ARBA Online
A6: Searches | B6: 0 | C6: 1 | D6: 0 | E6: 0 | F6: 1 | G6: 0 | H6: 0 | I6: 0 | J6: 0 | K6: 0 | L6: 0 | M6: 0 | N6: =SUM(B6:M6) -> 2
A7: Sessions | B7: 2 | C7: 1 | D7: 0 | E7: 4 | F7: 3 | G7: 0 | H7: 1 | I7: 0 | J7: 0 | K7: 2 | L7: 0 | M7: 0 | N7: =SUM(B7:M7) -> 13 | O7: 338
A11: COUNTER-compliant? | B11: Yes

Sheet CSA
A1: CSA Databases
A2: 2008-2009
B4: 39630 | C4: 39661 | D4: 39692 | E4: 39722 | F4: 39753 | G4: 39783 | H4: 39814 | I4: 39845 | J4: 39873 | K4: 39904 | L4: 39934 | M4: 39965 | N4: Total | O4: 2008-2009 Price | P4: Price per search
A5: ASFA (all)
A6: Searches | B6: N/A | C6: N/A | D6: N/A | E6: N/A | F6: N/A | G6: N/A | H6: N/A | I6: N/A | J6: N/A | K6: N/A | L6: N/A | M6: N/A | N6: N/A | O6: 8025
B9: 39630 | C9: 39661 | D9: 39692 | E9: 39722 | F9: 39753 | G9: 39783 | H9: 39814 | I9: 39845 | J9: 39873 | K9: 39904 | L9: 39934 | M9: 39965 | N9: Total | O9: 2008-2009 Price | P9: Price per search
A10: ASFA 1 (Biosciences...)
A11: Searches | B11: 90 | C11: 49 | D11: 259 | E11: 341 | F11: 237 | G11: 185 | H11: 46 | I11: 190 | J11: 164 | K11: 210 | L11: 73 | M11: 73 | N11: =SUM(B11:M11) -> 1917 | O11: 0
B14: 39630 | C14: 39661 | D14: 39692 | E14: 39722 | F14: 39753 | G14: 39783 | H14: 39814 | I14: 39845 | J14: 39873 | K14: 39904 | L14: 39934 | M14: 39965 | N14: Total | O14: 2008-2009 Price | P14: Price per search
A15: ASFA 2 (Ocean Technology…)
A16: Searches | B16: 12 | C16: 64 | D16: 16 | E16: 13 | F16: 12 | G16: 5 | H16: 3 | I16: 69 | J16: 47 | K16: 45 | L16: 4 | M16: 14 | N16: =SUM(B16:M16) -> 304 | O16: 0
B19: 39630 | C19: 39661 | D19: 39692 | E19: 39722 | F19: 39753 | G19: 39783 | H19: 39814 | I19: 39845 | J19: 39873 | K19: 39904 | L19: 39934 | M19: 39965 | N19: Total | O19: 2008-2009 Price | P19: Price per search
A20: ASFA 3 (Aquatic Pollution…)
A21: Searches | B21: 57 | C21: 42 | D21: 122 | E21: 144 | F21: 143 | G21: 85 | H21: 15 | I21: 144 | J21: 63 | K21: 135 | L21: 36 | M21: 56 | N21: =SUM(B21:M21) -> 1042 | O21: 0
B24: 39630 | C24: 39661 | D24: 39692 | E24: 39722 | F24: 39753 | G24: 39783 | H24: 39814 | I24: 39845 | J24: 39873 | K24: 39904 | L24: 39934 | M24: 39965 | N24: Total | O24: 2008-2009 Price | P24: Price per search
A25: ASFA Aquaculture Abstracts
A26: Searches | B26: 56 | C26: 45 | D26: 106 | E26: 147 | F26: 170 | G26: 49 | H26: 13 | I26: 173 | J26: 71 | K26: 113 | L26: 38 | M26: 70 | N26: =SUM(B26:M26) -> 1051 | O26: 0
B29: 39630 | C29: 39661 | D29: 39692 | E29: 39722 | F29: 39753 | G29: 39783 | H29: 39814 | I29: 39845 | J29: 39873 | K29: 39904 | L29: 39934 | M29: 39965 | N29: Total | O29: 2008-2009 Price | P29: Price per search
A30: ASFA Marine Biotechnology Abstracts
A31: Searches | B31: 57 | C31: 39 | D31: 91 | E31: 92 | F31: 121 | G31: 45 | H31: 14 | I31: 119 | J31: 52 | K31: 101 | L31: 36 | M31: 61 | N31: =SUM(B31:M31) -> 828 | O31: 0
B34: 39630 | C34: 39661 | D34: 39692 | E34: 39722 | F34: 39753 | G34: 39783 | H34: 39814 | I34: 39845 | J34: 39873 | K34: 39904 | L34: 39934 | M34: 39965 | N34: Total | O34: 2008-2009 Price | P34: Price per search
A35: ComDisDome
A36: Searches | B36: 165 | C36: 107 | D36: 279 | E36: 416 | F36: 535 | G36: 145 | H36: 104 | I36: 338 | J36: 384 | K36: 324 | L36: 153 | M36: 165 | N36: =SUM(B36:M36) -> 3115
B39: 39630 | C39: 39661 | D39: 39692 | E39: 39722 | F39: 39753 | G39: 39783 | H39: 39814 | I39: 39845 | J39: 39873 | K39: 39904 | L39: 39934 | M39: 39965 | N39: Total | O39: 2008-2009 Price | P39: Price per search
A40: Communication Abstracts
A41: Searches | B41: 363 | C41: 65 | D41: 433 | E41: 532 | F41: 1229 | G41: 676 | H41: 201 | I41: 608 | J41: 602 | K41: 809 | L41: 370 | M41: 159 | N41: =SUM(B41:M41) -> 6047 | O41: 3025
B44: 39630 | C44: 39661 | D44: 39692 | E44: 39722 | F44: 39753 | G44: 39783 | H44: 39814 | I44: 39845 | J44: 39873 | K44: 39904 | L44: 39934 | M44: 39965 | N44: Total | O44: 2008-2009 Price | P44: Price per search
A45: EconLit
A46: Searches | B46: 12 | C46: 0 | D46: 0 | E46: 0 | F46: 0 | G46: 0 | H46: N/A | I46: N/A | J46: N/A | K46: N/A | L46: N/A | M46: N/A | N46: =SUM(B46:M46) -> 12 | O46: 3161
A47: Note: EconLit has switched to EBSCOhost for 08/09
B49: 39630 | C49: 39661 | D49: 39692 | E49: 39722 | F49: 39753 | G49: 39783 | H49: 39814 | I49: 39845 | J49: 39873 | K49: 39904 | L49: 39934 | M49: 39965 | N49: Total | O49: 2008-2009 Price | P49: Price per search
A50: ERIC (free)
A51: Searches | B51: 194 | C51: 102 | D51: 357 | E51: 590 | F51: 441 | G51: 146 | H51: 92 | I51: 415 | J51: 430 | K51: 357 | L51: 121 | M51: 175 | N51: =SUM(B51:M51) -> 3420 | O51: 0
B54: 39630 | C54: 39661 | D54: 39692 | E54: 39722 | F54: 39753 | G54: 39783 | H54: 39814 | I54: 39845 | J54: 39873 | K54: 39904 | L54: 39934 | M54: 39965 | N54: Total | O54: 2008-2009 Price | P54: Price per search
A55: GeoRef
A56: Searches | B56: 103 | C56: 140 | D56: 267 | E56: 242 | F56: 310 | G56: 78 | H56: 98 | I56: 258 | J56: 151 | K56: 259 | L56: 107 | M56: 143 | N56: =SUM(B56:M56) -> 2156 | O56: 6142
B59: 39630 | C59: 39661 | D59: 39692 | E59: 39722 | F59: 39753 | G59: 39783 | H59: 39814 | I59: 39845 | J59: 39873 | K59: 39904 | L59: 39934 | M59: 39965 | N59: Total | O59: 2008-2009 Price | P59: Price per search
A60: GeoRef in Process
A61: Searches | B61: 57 | C61: 101 | D61: 83 | E61: 68 | F61: 110 | G61: 41 | H61: 14 | I61: 116 | J61: 39 | K61: 92 | L61: 37 | M61: 61 | N61: =SUM(B61:M61) -> 819 | O61: 0
B64: 39630 | C64: 39661 | D64: 39692 | E64: 39722 | F64: 39753 | G64: 39783 | H64: 39814 | I64: 39845 | J64: 39873 | K64: 39904 | L64: 39934 | M64: 39965 | N64: Total | O64: 2008-2009 Price | P64: Price per search
A65: International Pharmaceutical Abstracts
A66: Searches | B66: 152 | C66: 45 | D66: 179 | E66: 176 | F66: 183 | G66: 69 | H66: 102 | I66: 378 | J66: 220 | K66: 203 | L66: 100 | M66: 90 | N66: =SUM(B66:M66) -> 1897 | O66: 3600
B69: 39630 | C69: 39661 | D69: 39692 | E69: 39722 | F69: 39753 | G69: 39783 | H69: 39814 | I69: 39845 | J69: 39873 | K69: 39904 | L69: 39934 | M69: 39965 | N69: Total | O69: 2008-2009 Price | P69: Price per search
A70: MLA International Bibliography
A71: Searches | B71: 166 | C71: 88 | D71: 407 | E71: 787 | F71: 990 | G71: 452 | H71: 145 | I71: 262 | J71: 510 | K71: 476 | L71: 200 | M71: 134 | N71: =SUM(B71:M71) -> 4617 | O71: 7600
B74: 39630 | C74: 39661 | D74: 39692 | E74: 39722 | F74: 39753 | G74: 39783 | H74: 39814 | I74: 39845 | J74: 39873 | K74: 39904 | L74: 39934 | M74: 39965 | N74: Total | O74: 2008-2009 Price | P74: Price per search
A75: MLA Directory of Periodicals | B75: 40 | C75: 53 | D75: 31 | E75: 220 | F75: 273 | G75: 107 | H75: 27 | I75: 88 | J75: 103 | K75: 82 | L75: 69 | M75: 32
A76: Searches | N76: =SUM(B76:M76) -> 0 | O76: 0
B79: 39630 | C79: 39661 | D79: 39692 | E79: 39722 | F79: 39753 | G79: 39783 | H79: 39814 | I79: 39845 | J79: 39873 | K79: 39904 | L79: 39934 | M79: 39965 | N79: Total | O79: 2008-2009 Price | P79: Price per search
A80: Meteorological & Geoastrophysical Abstracts
A81: Searches | B81: 358 | C81: 360 | D81: 390 | E81: 404 | F81: 466 | G81: 236 | H81: 218 | I81: 467 | J81: 324 | K81: 273 | L81: 208 | M81: 278 | N81: =SUM(B81:M81) -> 3982 | O81: 4250
B84: 39630 | C84: 39661 | D84: 39692 | E84: 39722 | F84: 39753 | G84: 39783 | H84: 39814 | I84: 39845 | J84: 39873 | K84: 39904 | L84: 39934 | M84: 39965 | N84: Total | O84: 2008-2009 Price | P84: Price per search
A85: Oceanic Abstracts
A86: Searches | B86: 367 | C86: 360 | D86: 457 | E86: 437 | F86: 482 | G86: 256 | H86: 222 | I86: 533 | J86: 359 | K86: 315 | L86: 215 | M86: 283 | N86: =SUM(B86:M86) -> 4286 | O86: 0
B89: 39630 | C89: 39661 | D89: 39692 | E89: 39722 | F89: 39753 | G89: 39783 | H89: 39814 | I89: 39845 | J89: 39873 | K89: 39904 | L89: 39934 | M89: 39965 | N89: Total | O89: 2008-2009 Price | P89: Price per search
A90: PAIS International
A91: Searches | B91: 96 | C91: 63 | D91: 252 | E91: 347 | F91: 435 | G91: 88 | H91: 71 | I91: 237 | J91: 302 | K91: 262 | L91: 103 | M91: 118 | N91: =SUM(B91:M91) -> 2374 | O91: 5875
B94: 39630 | C94: 39661 | D94: 39692 | E94: 39722 | F94: 39753 | G94: 39783 | H94: 39814 | I94: 39845 | J94: 39873 | K94: 39904 | L94: 39934 | M94: 39965 | N94: Total | O94: 2008-2009 Price | P94: Price per search
A95: PAIS Archive
A96: Searches | B96: 94 | C96: 55 | D96: 157 | E96: 306 | F96: 196 | G96: 67 | H96: 69 | I96: 219 | J96: 243 | K96: 266 | L96: 100 | M96: 113 | N96: =SUM(B96:M96) -> 1885 | O96: 0
B99: 39630 | C99: 39661 | D99: 39692 | E99: 39722 | F99: 39753 | G99: 39783 | H99: 39814 | I99: 39845 | J99: 39873 | K99: 39904 | L99: 39934 | M99: 39965 | N99: Total | O99: 2008-2009 Price | P99: Price per search
A100: Philosopher's Index
A101: Searches | B101: 119 | C101: 82 | D101: 64 | E101: 185 | F101: 203 | G101: 135 | H101: 21 | I101: 111 | J101: 121 | K101: 163 | L101: 61 | M101: 58 | N101: =SUM(B101:M101) -> 1323 | O101: 2720
B104: 39630 | C104: 39661 | D104: 39692 | E104: 39722 | F104: 39753 | G104: 39783 | H104: 39814 | I104: 39845 | J104: 39873 | K104: 39904 | L104: 39934 | M104: 39965 | N104: Total | O104: 2008-2009 Price | P104: Price per search
A105: Physical Education Index
A106: Searches | B106: 170 | C106: 115 | D106: 297 | E106: 490 | F106: 442 | G106: 141 | H106: 93 | I106: 376 | J106: 520 | K106: 429 | L106: 383 | M106: 195 | N106: =SUM(B106:M106) -> 3651 | O106: 1060
B109: 39630 | C109: 39661 | D109: 39692 | E109: 39722 | F109: 39753 | G109: 39783 | H109: 39814 | I109: 39845 | J109: 39873 | K109: 39904 | L109: 39934 | M109: 39965 | N109: Total | O109: 2008-2009 Price | P109: Price per search
A110: PILOTS
A111: Searches | B111: 89 | C111: 62 | D111: 168 | E111: 294 | F111: 224 | G111: 83 | H111: 64 | I111: 160 | J111: 216 | K111: 211 | L111: 95 | M111: 113 | N111: =SUM(B111:M111) -> 1779 | O111: 0
B114: 39630 | C114: 39661 | D114: 39692 | E114: 39722 | F114: 39753 | G114: 39783 | H114: 39814 | I114: 39845 | J114: 39873 | K114: 39904 | L114: 39934 | M114: 39965 | N114: Total | O114: 2008-2009 Price | P114: Price per search
A115: PsycINFO
A116: Searches | B116: 1607 | C116: 877 | D116: 3450 | E116: 3602 | F116: 3955 | G116: 2626 | H116: 1659 | I116: 3724 | J116: 5183 | K116: 4447 | L116: 1577 | M116: 1165 | N116: =SUM(B116:M116) -> 33872 | O116: 15220
B119: 39630 | C119: 39661 | D119: 39692 | E119: 39722 | F119: 39753 | G119: 39783 | H119: 39814 | I119: 39845 | J119: 39873 | K119: 39904 | L119: 39934 | M119: 39965 | N119: Total | O119: 2008-2009 Price | P119: Price per search
A120: Social Services Abstracts, CSA
A121: Searches | B121: N/A | C121: N/A | D121: N/A | E121: N/A | F121: N/A | G121: N/A | H121: N/A | I121: N/A | J121: N/A | K121: N/A | L121: N/A | M121: N/A | N121: =SUM(B121:M121) -> 0 | O121: 0
B124: 39630 | C124: 39661 | D124: 39692 | E124: 39722 | F124: 39753 | G124: 39783 | H124: 39814 | I124: 39845 | J124: 39873 | K124: 39904 | L124: 39934 | M124: 39965 | N124: Total | O124: 2008-2009 Price | P124: Price per search
A125: Sociological Abstracts, CSA
A126: Searches | B126: N/A | C126: N/A | D126: N/A | E126: N/A | F126: N/A | G126: N/A | H126: N/A | I126: N/A | J126: N/A | K126: N/A | L126: N/A | M126: N/A | N126: =SUM(B126:M126) -> 0 | O126: 4446
B129: 39630 | C129: 39661 | D129: 39692 | E129: 39722 | F129: 39753 | G129: 39783 | H129: 39814 | I129: 39845 | J129: 39873 | K129: 39904 | L129: 39934 | M129: 39965 | N129: Total | O129: 2008-2009 Price | P129: Price per search
A130: CSA Databases total
A131: Searches | B131: 6687 | C131: 4065 | D131: 11095 | E131: 14250 | F131: 15655 | G131: 7637 | H131: 4516 | I131: 12770 | J131: 14172 | K131: 13353 | L131: 5650 | M131: 5053 | N131: =SUM(B131:M131) -> 114903 | O131: =SUM(O5:O130) -> 65124
B132: NOTE: CSA Databases totals do not equal the sum of the totals given for each database above because the CSA databases total includes searches of CSA's "Web Resources" databases and other "extras."
A137: COUNTER-Compliant?: | B137: Yes

Sheet EBSCOhost
A1: EBSCOhost Databases
A2: 2008-2009
B4: 39630 | C4: 39661 | D4: 39692 | E4: 39722 | F4: 39753 | G4: 39783 | H4: 39814 | I4: 39845 | J4: 39873 | K4: 39904 | L4: 39934 | M4: 39965 | N4: Total | O4: 2008-2009 Price | P4: Price per search
A5: Academic Search Complete (statewide database trial)
A6: Sessions | B6: 0 | C6: 0 | D6: 0 | E6: 1315 | F6: 1868 | G6: 980 | H6: 593 | I6: 1491 | J6: 2019 | K6: 5203 | L6: 1406 | M6: 1369 | N6: =SUM(B6:M6) -> 16244
A7: Searches | B7: 0 | C7: 0 | D7: 0 | E7: 1727 | F7: 2533 | G7: 1912 | H7: 1017 | I7: 1686 | J7: 2919 | K7: 16227 | L7: 5528 | M7: 4548 | N7: =SUM(B7:M7) -> 38097 | O7: 0
B10: 39630 | C10: 39661 | D10: 39692 | E10: 39722 | F10: 39753 | G10: 39783 | H10: 39814 | I10: 39845 | J10: 39873 | K10: 39904 | L10: 39934 | M10: 39965 | N10: Total | O10: 2008-2009 Price | P10: Price per search
A11: Academic Search Premier
A12: Sessions | B12: 4100 | C12: 1387 | D12: 5073 | E12: 10620 | F12: 9378 | G12: 4833 | H12: 1382 | I12: 6534 | J12: 9826 | K12: 7458 | L12: 1478 | M12: 1503 | N12: =SUM(B12:M12) -> 63572
A13: Searches | B13: 11521 | C13: 2352 | D13: 15524 | E13: 42240 | F13: 31101 | G13: 16152 | H13: 2503 | I13: 21860 | J13: 36352 | K13: 20261 | L13: 3221 | M13: 4131 | N13: =SUM(B13:M13) -> 207218 | O13: 20342.75
B16: 39630 | C16: 39661 | D16: 39692 | E16: 39722 | F16: 39753 | G16: 39783 | H16: 39814 | I16: 39845 | J16: 39873 | K16: 39904 | L16: 39934 | M16: 39965 | N16: Total | O16: 2008-2009 Price | P16: Price per search
A17: America History & Life
A18: Sessions | B18: 60 | C18: 18 | D18: 137 | E18: 265 | F18: 261 | G18: 120 | H18: 71 | I18: 223 | J18: 208 | K18: 263 | L18: 69 | M18: 63 | N18: =SUM(B18:M18) -> 1758
A19: Searches | B19: 219 | C19: 67 | D19: 510 | E19: 1095 | F19: 1000 | G19: 413 | H19: 256 | I19: 877 | J19: 863 | K19: 1316 | L19: 431 | M19: 386 | N19: =SUM(B19:M19) -> 7433
A20: Simultaneous users | B20: 2 to 6 | C20: 2 to 6 | D20: 2 to 6 | E20: 2 to 6 | F20: 2 to 6 | G20: 2 to 6 | H20: 2 to 6 | I20: 2 to 6 | J20: 2 to 6 | K20: 2 to 6 | L20: 2 to 6 | M20: 2 to 6
A21: Turnaways? | B21: 0 | C21: 0 | D21: 0 | E21: 0 | F21: 0 | G21: 0 | H21: 0 | I21: 0 | J21: 0 | K21: 0 | L21: 0 | M21: 0
B24: 39630 | C24: 39661 | D24: 39692 | E24: 39722 | F24: 39753 | G24: 39783 | H24: 39814 | I24: 39845 | J24: 39873 | K24: 39904 | L24: 39934 | M24: 39965 | N24: Total | O24: 2008-2009 Price | P24: Price per search
A25: CINAHL
A26: Sessions | B26: 596 | C26: 94 | D26: 879 | E26: 1513 | F26: 1672 | G26: 547 | H26: 277 | I26: 1569 | J26: 1897 | K26: 2316 | L26: 325 | M26: 300 | N26: =SUM(B26:M26) -> 11985
A27: Searches | B27: 2482 | C27: 303 | D27: 4014 | E27: 7263 | F27: 9166 | G27: 2786 | H27: 1009 | I27: 8028 | J27: 9342 | K27: 12946 | L27: 1530 | M27: 1816 | N27: =SUM(B27:M27) -> 60685 | O27: 5533
B30: 39630 | C30: 39661 | D30: 39692 | E30: 39722 | F30: 39753 | G30: 39783 | H30: 39814 | I30: 39845 | J30: 39873 | K30: 39904 | L30: 39934 | M30: 39965 | N30: Total | O30: 2008-2009 Price | P30: Price per search
A31: EBSCO Animals (free)
A32: Sessions | B32: N/A | C32: N/A | D32: N/A | E32: N/A | F32: N/A | G32: N/A | H32: N/A | I32: N/A | J32: N/A | K32: N/A | L32: N/A | M32: N/A | N32: =SUM(B32:M32) -> 0
A33: Searches | B33: N/A | C33: N/A | D33: N/A | E33: N/A | F33: N/A | G33: N/A | H33: N/A | I33: N/A | J33: N/A | K33: N/A | L33: N/A | M33: N/A | N33: =SUM(B33:M33) -> 0 | O33: 0
B36: 39630 | C36: 39661 | D36: 39692 | E36: 39722 | F36: 39753 | G36: 39783 | H36: 39814 | I36: 39845 | J36: 39873 | K36: 39904 | L36: 39934 | M36: 39965 | N36: Total | O36: 2008-2009 Price | P36: Price per search
A37: EconLit
A38: Sessions | B38: 50 | C38: 45 | D38: 168 | E38: 261 | F38: 248 | G38: 152 | H38: 51 | I38: 174 | J38: 246 | K38: 259 | L38: 79 | M38: 116 | N38: =SUM(B38:M38) -> 1849
A39: Searches | B39: 192 | C39: 173 | D39: 672 | E39: 987 | F39: 966 | G39: 568 | H39: 244 | I39: 621 | J39: 1115 | K39: 1170 | L39: 413 | M39: 463 | N39: =SUM(B39:M39) -> 7584 | O39: 3161
B42: 39630 | C42: 39661 | D42: 39692 | E42: 39722 | F42: 39753 | G42: 39783 | H42: 39814 | I42: 39845 | J42: 39873 | K42: 39904 | L42: 39934 | M42: 39965 | N42: Total | O42: 2008-2009 Price | P42: Price per search
A43: ERIC (free)
A44: Sessions | B44: 16 | C44: 3 | D44: 13 | E44: 123 | F44: 169 | G44: 86 | H44: 26 | I44: 82 | J44: 160 | K44: 186 | L44: 56 | M44: 59 | N44: =SUM(B44:M44) -> 979
A45: Searches | B45: 91 | C45: 10 | D45: 73 | E45: 574 | F45: 710 | G45: 337 | H45: 127 | I45: 342 | J45: 855 | K45: 1055 | L45: 404 | M45: 378 | N45: =SUM(B45:M45) -> 4956 | O45: 0
B48: 39630 | C48: 39661 | D48: 39692 | E48: 39722 | F48: 39753 | G48: 39783 | H48: 39814 | I48: 39845 | J48: 39873 | K48: 39904 | L48: 39934 | M48: 39965 | N48: Total | O48: 2008-2009 Price | P48: Price per search
A49: Film & Television Literature Index
A50: Sessions | B50: 19 | C50: 9 | D50: 57 | E50: 170 | F50: 156 | G50: 137 | H50: 24 | I50: 67 | J50: 148 | K50: 209 | L50: 85 | M50: 52 | N50: =SUM(B50:M50) -> 1133
A51: Searches | B51: 69 | C51: 24 | D51: 269 | E51: 720 | F51: 652 | G51: 442 | H51: 114 | I51: 275 | J51: 662 | K51: 969 | L51: 459 | M51: 294 | N51: =SUM(B51:M51) -> 4949 | O51: 1363
B54: 39630 | C54: 39661 | D54: 39692 | E54: 39722 | F54: 39753 | G54: 39783 | H54: 39814 | I54: 39845 | J54: 39873 | K54: 39904 | L54: 39934 | M54: 39965 | N54: Total | O54: 2008-2009 Price | P54: Price per search
A55: Funk & Wagnall's New World Encyclopedia (free)
A56: Sessions | B56: 18 | C56: 7 | D56: 58 | E56: 128 | F56: 158 | G56: 89 | H56: 23 | I56: 113 | J56: 142 | K56: 167 | L56: 68 | M56: 54 | N56: =SUM(B56:M56) -> 1025
A57: Searches | B57: 71 | C57: 22 | D57: 260 | E57: 478 | F57: 597 | G57: 301 | H57: 114 | I57: 380 | J57: 618 | K57: 772 | L57: 388 | M57: 290 | N57: =SUM(B57:M57) -> 4291 | O57: 0
B60: 39630 | C60: 39661 | D60: 39692 | E60: 39722 | F60: 39753 | G60: 39783 | H60: 39814 | I60: 39845 | J60: 39873 | K60: 39904 | L60: 39934 | M60: 39965 | N60: Total | O60: 2008-2009 Price | P60: Price per search
A61: GreenFILE (free)
A62: Sessions | B62: 21 | C62: 7 | D62: 52 | E62: 118 | F62: 140 | G62: 73 | H62: 25 | I62: 68 | J62: 150 | K62: 194 | L62: 38 | M62: 42 | N62: =SUM(B62:M62) -> 928
A63: Searches | B63: 87 | C63: 15 | D63: 246 | E63: 488 | F63: 574 | G63: 266 | H63: 126 | I63: 253 | J63: 643 | K63: 956 | L63: 314 | M63: 256 | N63: =SUM(B63:M63) -> 4224 | O63: 0
B66: 39630 | C66: 39661 | D66: 39692 | E66: 39722 | F66: 39753 | G66: 39783 | H66: 39814 | I66: 39845 | J66: 39873 | K66: 39904 | L66: 39934 | M66: 39965 | N66: Total | O66: 2008-2009 Price | P66: Price per search
A67: Health Source: Nursing/Academic Edition (statewide database trial)
A68: Sessions | B68: 80 | C68: 10 | D68: 178 | E68: 499 | F68: 701 | G68: 252 | H68: 75 | I68: 345 | J68: 478 | K68: 599 | L68: 90 | M68: 79 | N68: =SUM(B68:M68) -> 3386
A69: Searches | B69: 248 | C69: 21 | D69: 380 | E69: 1176 | F69: 1254 | G69: 620 | H69: 228 | I69: 1186 | J69: 1881 | K69: 2249 | L69: 472 | M69: 302 | N69: =SUM(B69:M69) -> 10017 | O69: 0
B72: 39630 | C72: 39661 | D72: 39692 | E72: 39722 | F72: 39753 | G72: 39783 | H72: 39814 | I72: 39845 | J72: 39873 | K72: 39904 | L72: 39934 | M72: 39965 | N72: Total | O72: 2008-2009 Price | P72: Price per search
A73: Historical Abstracts
A74: Sessions | B74: 17 | C74: 12 | D74: 88 | E74: 165 | F74: 172 | G74: 88 | H74: 34 | I74: 154 | J74: 235 | K74: 249 | L74: 57 | M74: 44 | N74: =SUM(B74:M74) -> 1315
A75: Searches | B75: 77 | C75: 32 | D75: 445 | E75: 662 | F75: 681 | G75: 307 | H75: 157 | I75: 642 | J75: 880 | K75: 1061 | L75: 345 | M75: 299 | N75: =SUM(B75:M75) -> 5588 | O75: 0
A76: Turnaways? | B76: 0 | C76: 0 | D76: 0 | E76: 0 | F76: 0 | G76: 0 | H76: 0 | I76: 0 | J76: 0 | K76: 0 | L76: 0 | M76: 0
B79: 39630 | C79: 39661 | D79: 39692 | E79: 39722 | F79: 39753 | G79: 39783 | H79: 39814 | I79: 39845 | J79: 39873 | K79: 39904 | L79: 39934 | M79: 39965 | N79: Total | O79: 2008-2009 Price | P79: Price per search
A80: History Reference Center (statewide database trial)
A81: Sessions | B81: 0 | C81: 0 | D81: 0 | E81: 144 | F81: 208 | G81: 115 | H81: 56 | I81: 167 | J81: 218 | K81: 239 | L81: 74 | M81: 59 | N81: =SUM(B81:M81) -> 1280
A82: Searches | B82: 0 | C82: 0 | D82: 0 | E82: 506 | F82: 667 | G82: 389 | H82: 181 | I82: 573 | J82: 803 | K82: 945 | L82: 310 | M82: 347 | N82: =SUM(B82:M82) -> 4721 | O82: 0
B85: 39630 | C85: 39661 | D85: 39692 | E85: 39722 | F85: 39753 | G85: 39783 | H85: 39814 | I85: 39845 | J85: 39873 | K85: 39904 | L85: 39934 | M85: 39965 | N85: Total | O85: 2008-2009 Price | P85: Price per search
A86: INSPEC Current
A87: Sessions | B87: 44 | C87: 15 | D87: 103 | E87: 130 | F87: 153 | G87: 90 | H87: 32 | I87: 65 | J87: 137 | K87: 192 | L87: 69 | M87: 62 | N87: =SUM(B87:M87) -> 1092
A88: Searches | B88: 176 | C88: 49 | D88: 403 | E88: 535 | F88: 643 | G88: 348 | H88: 132 | I88: 269 | J88: 568 | K88: 1018 | L88: 481 | M88: 353 | N88: =SUM(B88:M88) -> 4975 | O88: 29808
B91: 39630 | C91: 39661 | D91: 39692 | E91: 39722 | F91: 39753 | G91: 39783 | H91: 39814 | I91: 39845 | J91: 39873 | K91: 39904 | L91: 39934 | M91: 39965 | N91: Total | O91: 2008-2009 Price | P91: Price per search
A92: Library, Info Sci & Tech Abstracts (NO full text) (free)
A93: Sessions | B93: 70 | C93: 10 | D93: 109 | E93: 248 | F93: 186 | G93: 105 | H93: 38 | I93: 103 | J93: 174 | K93: 174 | L93: 57 | M93: 79 | N93: =SUM(B93:M93) -> 1353
A94: Searches | B94: 321 | C94: 28 | D94: 532 | E94: 1252 | F94: 810 | G94: 388 | H94: 209 | I94: 463 | J94: 884 | K94: 924 | L94: 374 | M94: 486 | N94: =SUM(B94:M94) -> 6671 | O94: 0
B97: 39630 | C97: 39661 | D97: 39692 | E97: 39722 | F97: 39753 | G97: 39783 | H97: 39814 | I97: 39845 | J97: 39873 | K97: 39904 | L97: 39934 | M97: 39965 | N97: Total | O97: 2008-2009 Price | P97: Price per search
A98: Library, Info Sci & Tech Abstracts with Full-Text
A99: Sessions | B99: 359 | C99: 59 | D99: 454 | E99: 929 | F99: 632 | G99: 330 | H99: 166 | I99: 538 | J99: 713 | K99: 660 | L99: 202 | M99: 514 | N99: =SUM(B99:M99) -> 5556
A100: Searches | B100: 1324 | C100: 201 | D100: 1892 | E100: 3758 | F100: 2402 | G100: 1237 | H100: 625 | I100: 1955 | J100: 2763 | K100: 2868 | L100: 1075 | M100: 2368 | N100: =SUM(B100:M100) -> 22468 | O100: 2583
B103: 39630 | C103: 39661 | D103: 39692 | E103: 39722 | F103: 39753 | G103: 39783 | H103: 39814 | I103: 39845 | J103: 39873 | K103: 39904 | L103: 39934 | M103: 39965 | N103: Total | O103: 2008-2009 Price | P103: Price per search
A104: MAS Ultra - School Edition (free)
A105: Sessions | B105: 36 | C105: 7 | D105: 66 | E105: 137 | F105: 165 | G105: 83 | H105: 29 | I105: 83 | J105: 136 | K105: 166 | L105: 57 | M105: 43 | N105: =SUM(B105:M105) -> 1008
A106: Searches | B106: 109 | C106: 19 | D106: 265 | E106: 513 | F106: 609 | G106: 281 | H106: 167 | I106: 262 | J106: 548 | K106: 848 | L106: 340 | M106: 266 | N106: =SUM(B106:M106) -> 4227 | O106: 0
B109: 39630 | C109: 39661 | D109: 39692 | E109: 39722 | F109: 39753 | G109: 39783 | H109: 39814 | I109: 39845 | J109: 39873 | K109: 39904 | L109: 39934 | M109: 39965 | N109: Total | O109: 2008-2009 Price | P109: Price per search
A110: MasterFILE Premier (statewide database trial)
A111: Sessions | B111: 43 | C111: 8 | D111: 56 | E111: 195 | F111: 242 | G111: 164 | H111: 44 | I111: 147 | J111: 220 | K111: 320 | L111: 88 | M111: 97 | N111: =SUM(B111:M111) -> 1624
A112: Searches | B112: 43 | C112: 10 | D112: 24 | E112: 537 | F112: 676 | G112: 424 | H112: 189 | I112: 356 | J112: 664 | K112: 1018 | L112: 429 | M112: 290 | N112: =SUM(B112:M112) -> 4660 | O112: 0
B115: 39630 | C115: 39661 | D115: 39692 | E115: 39722 | F115: 39753 | G115: 39783 | H115: 39814 | I115: 39845 | J115: 39873 | K115: 39904 | L115: 39934 | M115: 39965 | N115: Total | O115: 2008-2009 Price | P115: Price per search
A116: MEDLINE (free)
A117: Sessions | B117: 0 | C117: 0 | D117: 0 | E117: 101 | F117: 160 | G117: 90 | H117: 28 | I117: 77 | J117: 164 | K117: 193 | L117: 35 | M117: 45 | N117: =SUM(B117:M117) -> 893
A118: Searches | B118: 0 | C118: 0 | D118: 0 | E118: 495 | F118: 763 | G118: 350 | H118: 123 | I118: 369 | J118: 834 | K118: 1037 | L118: 324 | M118: 244 | N118: =SUM(B118:M118) -> 4539 | O118: 0
B121: 39630 | C121: 39661 | D121: 39692 | E121: 39722 | F121: 39753 | G121: 39783 | H121: 39814 | I121: 39845 | J121: 39873 | K121: 39904 | L121: 39934 | M121: 39965 | N121: Total | O121: 2008-2009 Price | P121: Price per search
A122: Mental Measurements Yearbook
A123: Sessions | B123: 13 | C123: 5 | D123: 50 | E123: 142 | F123: 264 | G123: 121 | H123: 30 | I123: 59 | J123: 132 | K123: 203 | L123: 37 | M123: 54 | N123: =SUM(B123:M123) -> 1110
A124: Searches | B124: 73 | C124: 14 | D124: 215 | E124: 617 | F124: 993 | G124: 388 | H124: 171 | I124: 245 | J124: 575 | K124: 897 | L124: 317 | M124: 294 | N124: =SUM(B124:M124) -> 4799 | O124: 1649
A125: Simultaneous users | B125: 4 | C125: 4 | D125: 4 | E125: 4 | F125: 4 | G125: 4 | H125: 4 | I125: 4 | J125: 4 | K125: 4 | L125: 4 | M125: 4
A126: Turnaways? | B126: 0 | C126: 0 | D126: 0 | E126: 1 | F126: 2 | G126: 0 | H126: 0 | I126: 0 | J126: 0 | K126: 3 | L126: 0 | M126: 0
B129: 39630 | C129: 39661 | D129: 39692 | E129: 39722 | F129: 39753 | G129: 39783 | H129: 39814 | I129: 39845 | J129: 39873 | K129: 39904 | L129: 39934 | M129: 39965 | N129: Total | O129: 2008-2009 Price | P129: Price per search
A130: Middle Search Plus (statewide database trial)
A131: Sessions | B131: 6 | C131: 2 | D131: 6 | E131: 104 | F131: 136 | G131: 78 | H131: 22 | I131: 72 | J131: 133 | K131: 163 | L131: 64 | M131: 41 | N131: =SUM(B131:M131) -> 827
A132: Searches | B132: 12 | C132: 6 | D132: 8 | E132: 411 | F132: 547 | G132: 286 | H132: 114 | I132: 236 | J132: 545 | K132: 802 | L132: 334 | M132: 248 | N132: =SUM(B132:M132) -> 3549 | O132: 0
B135: 39630 | C135: 39661 | D135: 39692 | E135: 39722 | F135: 39753 | G135: 39783 | H135: 39814 | I135: 39845 | J135: 39873 | K135: 39904 | L135: 39934 | M135: 39965 | N135: Total | O135: 2008-2009 Price | P135: Price per search
A136: Military & Government Collection (free)
A137: Sessions | B137: 26 | C137: 14 | D137: 84 | E137: 174 | F137: 173 | G137: 97 | H137: 42 | I137: 104 | J137: 182 | K137: 211 | L137: 59 | M137: 65 | N137: =SUM(B137:M137) -> 1231
A138: Searches | B138: 50 | C138: 26 | D138: 256 | E138: 544 | F138: 541 | G138: 261 | H138: 166 | I138: 310 | J138: 634 | K138: 821 | L138: 327 | M138: 243 | N138: =SUM(B138:M138) -> 4179 | O138: 0
B141: 39630 | C141: 39661 | D141: 39692 | E141: 39722 | F141: 39753 | G141: 39783 | H141: 39814 | I141: 39845 | J141: 39873 | K141: 39904 | L141: 39934 | M141: 39965 | N141: Total | O141: 2008-2009 Price | P141: Price per search
A142: Music Index Online, The
A143: Sessions | B143: 18 | C143: 4 | D143: 69 | E143: 130 | F143: 143 | G143: 68 | H143: 24 | I143: 75 | J143: 130 | K143: 145 | L143: 34 | M143: 37 | N143: =SUM(B143:M143) -> 877
A144: Searches | B144: 78 | C144: 11 | D144: 274 | E144: 512 | F144: 579 | G144: 242 | H144: 128 | I144: 293 | J144: 615 | K144: 809 | L144: 285 | M144: 224 | N144: =SUM(B144:M144) -> 4050 | O144: 2200
B147: 39630 | C147: 39661 | D147: 39692 | E147: 39722 | F147: 39753 | G147: 39783 | H147: 39814 | I147: 39845 | J147: 39873 | K147: 39904 | L147: 39934 | M147: 39965 | N147: Total | O147: 2008-2009 Price | P147: Price per search
...

Sheet Elsevier
A1: Elsevier
A2: 2008-2009
B4: 39630 | C4: 39661 | D4: 39692 | E4: 39722 | F4: 39753 | G4: 39783 | H4: 39814 | I4: 39845 | J4: 39873 | K4: 39904 | L4: 39934 | M4: 39965 | N4: Total | O4: 2008-2009 Price | P4: Price per unit
A5: EMBASE.com
A6: Sessions | B6: 45 | C6: N/A | D6: NA/ | E6: N/A | F6: N/A | G6: N/A | H6: N/A | I6: N/A | J6: N/A | K6: N/A | L6: N/A | M6: N/A | N6: =SUM(B6:M6) -> 45
A7: Searches | B7: 104 | C7: N/A | D7: N/A | E7: N/A | F7: N/A | G7: N/A | H7: N/A | I7: N/A | J7: N/A | K7: N/A | L7: N/A | M7: N/A | N7: =SUM(B7:M7) -> 104 | O7: 10260
A9: Encyclopedia of Ocean Science
A10: Requests for full text chapters | B10: N/A | C10: N/A | D10: N/A | E10: N/A | F10: N/A | G10: N/A | H10: N/A | I10: N/A | J10: N/A | K10: N/A | L10: 5 | M10: N/A | N10: =SUM(B10:M10) -> 5 | O10: 727.65
A13: COUNTER-Compliant?: | B13: No

Sheet FirstSearch
A1: FirstSearch
A2: 2008-2009
B4: 39630 | C4: 39661 | D4: 39692 | E4: 39722 | F4: 39753 | G4: 39783 | H4: 39814 | I4: 39845 | J4: 39873 | K4: 39904 | L4: 39934 | M4: 39965 | N4: Total | O4: 2008-2009 Price | P4: Price per search
A5: Alternative Press Index
A6: Searches | B6: 0 | C6: 0 | D6: 0 | E6: 4 | F6: 1 | G6: 6 | H6: 7 | I6: 12 | J6: 3 | K6: 1 | L6: 0 | M6: 5 | N6: =SUM(B6:M6) -> 39
B9: 39630 | C9: 39661 | D9: 39692 | E9: 39722 | F9: 39753 | G9: 39783 | H9: 39814 | I9: 39845 | J9: 39873 | K9: 39904 | L9: 39934 | M9: 39965 | N9: Total | O9: 2008-2009 Price | P9: Price per search
A10: Alternative Press Index Archive
A11: Searches | B11: 0 | C11: 0 | D11: 0 | E11: 0 | F11: 0 | G11: 2 | H11: 10 | I11: 0 | J11: 0 | K11: 1 | L11: 0 | M11: 2 | N11: =SUM(B11:M11) -> 15
B14: 39630 | C14: 39661 | D14: 39692 | E14: 39722 | F14: 39753 | G14: 39783 | H14: 39814 | I14: 39845 | J14: 39873 | K14: 39904 | L14: 39934 | M14: 39965 | N14: Total | O14: 2008-2009 Price | P14: Price per search
A15: ArticleFirst
A16: Sessions | B16: 101 | C16: 33 | D16: 115 | E16: 218 | F16: 180 | G16: 113 | H16: 33 | I16: 146 | J16: 159 | K16: 114 | L16: 51 | M16: 45 | N16: =SUM(B16:M16) -> 1308
A17: Searches | B17: 497 | C17: 493 | D17: 644 | E17: 696 | F17: 422 | G17: 155 | H17: 295 | I17: 519 | J17: 578 | K17: 501 | L17: 163 | M17: 527 | N17: =SUM(B17:M17) -> 5490 | O17: 0 | P17: N/A
A18: User Limit | B18: 2 | C18: 2 | D18: 2 | E18: 2 | F18: 2 | G18: 2 | H18: 2 | I18: 2 | J18: 2 | K18: 2 | L18: 2 | M18: 2
A19: Turnaways | B19: 2 | C19: 2 | D19: 0 | E19: 8 | F19: 0 | G19: 8 | H19: 0 | I19: 5 | J19: 6 | K19: 2 | L19: 0 | M19: 1 | N19: =SUM(B19:M19) -> 34
B22: 39630 | C22: 39661 | D22: 39692 | E22: 39722 | F22: 39753 | G22: 39783 | H22: 39814 | I22: 39845 | J22: 39873 | K22: 39904 | L22: 39934 | M22: 39965 | N22: Total | O22: 2008-2009 Price | P22: Price per search
A23: Clase and Periodica
A24: Sessions | B24: 0 | C24: 0 | D24: 0 | E24: 18 | F24: 11 | G24: 21 | H24: 4 | I24: 20 | J24: 12 | K24: 18 | L24: 5 | M24: 2 | N24: =SUM(B24:M24) -> 111
A25: Searches | B25: 0 | C25: 0 | D25: 0 | E25: 28 | F25: 7 | G25: 34 | H25: 6 | I25: 34 | J25: 15 | K25: 20 | L25: 6 | M25: 2 | N25: =SUM(B25:M25) -> 152 | O25: 0 | P25: N/A
A26: User Limit | B26: 2 | C26: 2 | D26: 2 | E26: 2 | F26: 2 | G26: 2 | H26: 0 | I26: 2 | J26: 2 | K26: 2 | L26: 2 | M26: 2
A27: Turnaways | B27: 0 | C27: 0 | D27: 0 | E27: 0 | F27: 2 | G27: 0 | H27: 1 | I27: 0 | J27: 1 | K27: 0 | L27: 0 | M27: 0 | N27: =SUM(B27:M27) -> 4
B30: 39630 | C30: 39661 | D30: 39692 | E30: 39722 | F30: 39753 | G30: 39783 | H30: 39814 | I30: 39845 | J30: 39873 | K30: 39904 | L30: 39934 | M30: 39965 | N30: Total | O30: 2008-2009 Price | P30: Price per search
A31: ERIC (free)
A32: Sessions | B32: 75 | C32: 15 | D32: 87 | E32: 180 | F32: 55 | G32: 45 | H32: 36 | I32: 75 | J32: 67 | K32: 69 | L32: 21 | M32: 68 | N32: =SUM(B32:M32) -> 793
A33: Searches | B33: 172 | C33: 39 | D33: 194 | E33: 458 | F33: 92 | G33: 91 | H33: 68 | I33: 132 | J33: 114 | K33: 115 | L33: 36 | M33: 139 | N33: =SUM(B33:M33) -> 1650 | O33: 0 | P33: N/A
A34: User Limit | B34: 2 | C34: 2 | D34: 2 | E34: 2 | F34: 2 | G34: 2 | H34: 2 | I34: 2 | J34: 2 | K34: 2 | L34: 2 | M34: 2
A35: Turnaways | B35: 0 | C35: 0 | D35: 3 | E35: 21 | F35: 0 | G35: 0 | H35: 0 | I35: 7 | J35: 6 | K35: 0 | L35: 2 | M35: 0 | N35: =SUM(B35:M35) -> 39
B38: 39630 | C38: 39661 | D38: 39692 | E38: 39722 | F38: 39753 | G38: 39783 | H38: 39814 | I38: 39845 | J38: 39873 | K38: 39904 | L38: 39934 | M38: 39965 | N38: Total | O38: 2008-2009 Price | P38: Price per search
A39: GEOBASE
A40: Searches | B40: 0 | C40: 3 | D40: 0 | E40: 0 | F40: 15 | G40: 7 | H40: 0 | I40: 2 | J40: 0 | K40: 7 | L40: 0 | M40: 0 | N40: =SUM(B40:M40) -> 34 | O40: 0
B43: 39630 | C43: 39661 | D43: 39692 | E43: 39722 | F43: 39753 | G43: 39783 | H43: 39814 | I43: 39845 | J43: 39873 | K43: 39904 | L43: 39934 | M43: 39965 | N43: Total | O43: 2008-2009 Price | P43: Price per search
A44: GPO Monthly Catalog
A45: Sessions | B45: 9 | C45: 2 | D45: 10 | E45: 23 | F45: 9 | G45: 6 | H45: 0 | I45: 8 | J45: 12 | K45: 14 | L45: 3 | M45: 2 | N45: =SUM(B45:M45) -> 98
A46: Searches | B46: 12 | C46: 3 | D46: 19 | E46: 34 | F46: 12 | G46: 9 | H46: 0 | I46: 12 | J46: 14 | K46: 21 | L46: 5 | M46: 3 | N46: =SUM(B46:M46) -> 144 | O46: 0 | P46: N/A
A47: User Limit | B47: 2 | C47: 2 | D47: 2 | E47: 2 | F47: 2 | G47: 2 | H47: 2 | I47: 2 | J47: 2 | K47: 2 | L47: 2 | M47: 2
A48: Turnaways | B48: 0 | C48: 0 | D48: 0 | E48: 0 | F48: 0 | G48: 0 | H48: 0 | I48: 0 | J48: 0 | K48: 0 | L48: 0 | M48: 0 | N48: =SUM(B48:M48) -> 0
B51: 39630 | C51: 39661 | D51: 39692 | E51: 39722 | F51: 39753 | G51: 39783 | H51: 39814 | I51: 39845 | J51: 39873 | K51: 39904 | L51: 39934 | M51: 39965 | N51: Total | O51: 2008-2009 Price | P51: Price per search
A52: MEDLINE (free)
A53: Sessions | B53: 271 | C53: 124 | D53: 305 | E53: 447 | F53: 402 | G53: 164 | H53: 132 | I53: 366 | J53: 398 | K53: 410 | L53: 101 | M53: 111 | N53: =SUM(B53:M53) -> 3231
A54: Searches | B54: 703 | C54: 566 | D54: 817 | E54: 1072 | F54: 917 | G54: 462 | H54: 394 | I54: 803 | J54: 1120 | K54: 831 | L54: 163 | M54: 307 | N54: =SUM(B54:M54) -> 8155 | O54: 0 | P54: N/A
A55: User Limit | B55: 2 | C55: 2 | D55: 2 | E55: 2 | F55: 2 | G55: 2 | H55: 2 | I55: 2 | J55: 2 | K55: 2 | L55: 2 | M55: 2
A56: Turnaways | B56: 49 | C56: 13 | D56: 12 | E56: 58 | F56: 78 | G56: 6 | H56: 1 | I56: 25 | J56: 72 | K56: 33 | L56: 0 | M56: 13 | N56: =SUM(B56:M56) -> 360
B59: 39630 | C59: 39661 | D59: 39692 | E59: 39722 | F59: 39753 | G59: 39783 | H59: 39814 | I59: 39845 | J59: 39873 | K59: 39904 | L59: 39934 | M59: 39965 | N59: Total | O59: 2008-2009 Price | P59: Price per search
A60: OCLC Electronic Books
A61: Sessions | B61: 8 | C61: 0 | D61: 9 | E61: 15 | F61: 20 | G61: 14 | H61: 0 | I61: 16 | J61: 24 | K61: 8 | L61: 4 | M61: 11 | N61: =SUM(B61:M61) -> 129
A62: Searches | B62: 6 | C62: 0 | D62: 8 | E62: 22 | F62: 24 | G62: 16 | H62: 0 | I62: 8 | J62: 21 | K62: 8 | L62: 4 | M62: 4 | N62: =SUM(B62:M62) -> 121 | O62: 0 | P62: N/A
A63: User Limit | B63: 2 | C63: 0 | D63: 2 | E63: 2 | F63: 2 | G63: 2 | H63: 0 | I63: 2 | J63: 2 | K63: 2 | L63: 2 | M63: 2
A64: Turnaways | B64: 0 | C64: 0 | D64: 0 | E64: 0 | F64: 0 | G64: 0 | H64: 0 | I64: 0 | J64: 0 | K64: 0 | L64: 0 | M64: 0 | N64: =SUM(B64:M64) -> 0
B67: 39630 | C67: 39661 | D67: 39692 | E67: 39722 | F67: 39753 | G67: 39783 | H67: 39814 | I67: 39845 | J67: 39873 | K67: 39904 | L67: 39934 | M67: 39965 | N67: Total | O67: 2008-2009 Price | P67: Price per search
A68: OCLC Electronic Collections Online
A69: Sessions | B69: 25 | C69: 7 | D69: 42 | E69: 52 | F69: 47 | G69: 20 | H69: 12 | I69: 44 | J69: 41 | K69: 23 | L69: 7 | M69: 27 | N69: =SUM(B69:M69) -> 347
A70: Searches | B70: 37 | C70: 12 | D70: 63 | E70: 56 | F70: 78 | G70: 27 | H70: 12 | I70: 60 | J70: 62 | K70: 20 | L70: 21 | M70: 40 | N70: =SUM(B70:M70) -> 488 | O70: 0 | P70: N/A
A71: User Limit | B71: 2 | C71: 2 | D71: 2 | E71: 2 | F71: 2 | G71: 2 | H71: 2 | I71: 2 | J71: 2 | K71: 2 | L71: 2 | M71: 2
A72: Turnaways | B72: 0 | C72: 0 | D72: 2 | E72: 0 | F72: 0 | G72: 0 | H72: 0 | I72: 0 | J72: 0 | K72: 0 | L72: 0 | M72: 0 | N72: =SUM(B72:M72) -> 2
B75: 39630 | C75: 39661 | D75: 39692 | E75: 39722 | F75: 39753 | G75: 39783 | H75: 39814 | I75: 39845 | J75: 39873 | K75: 39904 | L75: 39934 | M75: 39965 | N75: Total | O75: 2008-2009 Price | P75: Price per search
A76: PapersFirst
A77: Sessions | B77: 9 | C77: 5 | D77: 35 | E77: 12 | F77: 7 | G77: 8 | H77: 4 | I77: 1 | J77: 6 | K77: 5 | L77: 3 | M77: 7 | N77: =SUM(B77:M77) -> 102
A78: Searches | B78: 10 | C78: 7 | D78: 107 | E78: 20 | F78: 1 | G78: 9 | H78: 5 | I78: 2 | J78: 3 | K78: 6 | L78: 3 | M78: 10 | N78: =SUM(B78:M78) -> 183 | O78: 0 | P78: N/A
A79: User Limit | B79: 2 | C79: 2 | D79: 2 | E79: 2 | F79: 2 | G79: 2 | H79: 2 | I79: 2 | J79: 2 | K79: 2 | L79: 2 | M79: 2
A80: Turnaways | B80: 0 | C80: 0 | D80: 0 | E80: 0 | F80: 0 | G80: 0 | H80: 0 | I80: 0 | J80: 0 | K80: 0 | L80: 0 | M80: 0 | N80: =SUM(B80:M80) -> 0
B83: 39630 | C83: 39661 | D83: 39692 | E83: 39722 | F83: 39753 | G83: 39783 | H83: 39814 | I83: 39845 | J83: 39873 | K83: 39904 | L83: 39934 | M83: 39965 | N83: Total | O83: 2008-2009 Price | P83: Price per search
A84: ProceedingsFirst
A85: Sessions | B85: 8 | C85: 2 | D85: 3 | E85: 0 | F85: 0 | G85: 9 | H85: 3 | I85: 0 | J85: 0 | K85: 3 | L85: 0 | M85: 4 | N85: =SUM(B85:M85) -> 32
A86: Searches | B86: 3 | C86: 1 | D86: 2 | E86: 0 | F86: 0 | G86: 15 | H86: 3 | I86: 0 | J86: 0 | K86: 5 | L86: 0 | M86: 3 | N86: =SUM(B86:M86) -> 32 | O86: 0 | P86: N/A
A87: User Limit | B87: 2 | C87: 2 | D87: 2 | E87: 2 | F87: 2 | G87: 0 | H87: 2 | I87: 2 | J87: 2 | K87: 2 | L87: 2 | M87: 2
A88: Turnaways | B88: 0 | C88: 0 | D88: 0 | E88: 0 | F88: 0 | G88: 0 | H88: 0 | I88: 0 | J88: 0 | K88: 0 | L88: 0 | M88: 0 | N88: =SUM(B88:M88) -> 0
B91: 39630 | C91: 39661 | D91: 39692 | E91: 39722 | F91: 39753 | G91: 39783 | H91: 39814 | I91: 39845 | J91: 39873 | K91: 39904 | L91: 39934 | M91: 39965 | N91: Total | O91: 2008-2009 Price | P91: Price per search
A92: World Almanacs
A93: Sessions | B93: 12 | C93: 25 | D93: 15 | E93: 13 | F93: 26 | G93: 3 | H93: 1 | I93: 16 | J93: 13 | K93: 10 | L93: 10 | M93: 14 | N93: =SUM(B93:M93) -> 158
A94: Searches | B94: 15 | C94: 32 | D94: 9 | E94: 17 | F94: 66 | G94: 1 | H94: 1 | I94: 33 | J94: 19 | K94: 5 | L94: 7 | M94: 21 | N94: =SUM(B94:M94) -> 226 | O94: 0 | P94: N/A
A95: User Limit | B95: 2 | C95: 0 | D95: 2 | E95: 2 | F95: 2 | G95: 2 | H95: 2 | I95: 2 | J95: 2 | K95: 2 | L95: 2 | M95: 2
A96: Turnaways | B96: 0 | C96: 0 | D96: 0 | E96: 0 | F96: 0 | G96: 0 | H96: 0 | I96: 0 | J96: 0 | K96: 0 | L96: 7 | M96: 0 | N96: =SUM(B96:M96) -> 7
B99: 39630 | C99: 39661 | D99: 39692 | E99: 39722 | F99: 39753 | G99: 39783 | H99: 39814 | I99: 39845 | J99: 39873 | K99: 39904 | L99: 39934 | M99: 39965 | N99: Total | O99: 2008-2009 Price | P99: Price per search
A100: WorldCat
A101: Sessions | B101: 216 | C101: 124 | D101: 313 | E101: 398 | F101: 325 | G101: 223 | H101: 220 | I101: 315 | J101: 291 | K101: 269 | L101: 200 | M101: 213 | N101: =SUM(B101:M101) -> 3107
A102: Searches | B102: 1572 | C102: 346 | D102: 2460 | E102: 2286 | F102: 1126 | G102: 1509 | H102: 489 | I102: 870 | J102: 1336 | K102: 1510 | L102: 1203 | M102: 1302 | N102: =SUM(B102:M102) -> 16009 | O102: 0 | P102: =O102/N102 -> 0
A103: User Limit | B103: 2 | C103: 2 | D103: 2 | E103: 2 | F103: 2 | G103: 2 | H103: 2 | I103: 2 | J103: 2 | K103: 2 | L103: 2 | M103: 2
A104: Turnaways | B104: 11 | C104: 2 | D104: 122 | E104: 33 | F104: 14 | G104: 12 | H104: 3 | I104: 66 | J104: 59 | K104: 7 | L104: 10 | M104: 5 | N104: =SUM(B104:M104) -> 344
B107: 39630 | C107: 39661 | D107: 39692 | E107: 39722 | F107: 39753 | G107: 39783 | H107: 39814 | I107: 39845 | J107: 39873 | K107: 39904 | L107: 39934 | M107: 39965 | N107: Total | O107: 2008-2009 Price | P107: Price per search
A108: WorldCat Dissertations & Theses
A109: Sessions | B109: 6 | C109: 0 | D109: 15 | E109: 32 | F109: 16 | G109: 4 | H109: 2 | I109: 7 | J109: 10 | K109: 3 | L109: 6 | M109: 5 | N109: =SUM(B109:M109) -> 106
A110: Searches | B110: 14 | C110: 0 | D110: 33 | E110: 50 | F110: 34 | G110: 10 | H110: 1 | I110: 17 | J110: 16 | K110: 6 | L110: 9 | M110: 8 | N110: =SUM(B110:M110) -> 198 | O110: 0 | P110: N/A
A111: User Limit | B111: 2 | C111: 2 | D111: 2 | E111: 2 | F111: 2 | G111: 2 | H111: 2 | I111: 2 | J111: 2 | K111: 2 | L111: 2 | M111: 2
A112: Turnaways | B112: 0 | C112: 0 | D112: 2 | E112: 1 | F112: 0 | G112: 0 | H112: 0 | I112: 0 | J112: 0 | K112: 0 | L112: 0 | M112: 0 | N112: =SUM(B112:M112) -> 3
B116: 39630 | C116: 39661 | D116: 39692 | E116: 39722 | F116: 39753 | G116: 39783 | H116: 39814 | I116: 39845 | J116: 39873 | K116: 39904 | L116: 39934 | M116: 39965 | N116: Total | O116: 2008-2009 Price | P116: Price per search
A117: TOTAL FirstSearch
A118: Sessions | B118: 740 | C118: 337 | D118: 949 | E118: 1408 | F118: 1098 | G118: 630 | H118: 447 | I118: 1014 | J118: 1036 | K118: 946 | L118: 411 | M118: 509 | N118: =SUM(B118:M118) -> 9525
A119: Searches | B119: 3041 | C119: 1499 | D119: 4356 | E119: 4739 | F119: 2779 | G119: 2338 | H119: 1274 | I119: 2490 | J119: 3301 | K119: 3048 | L119: 1620 | M119: 2366 | N119: =SUM(B119:M119) -> 32851 | O119: 9215
A120: Max Ports in Use | B120: 2 | C120: 2 | D120: 2 | E120: 2 | F120: 2 | G120: 2 | H120: 2 | I120: 2 | J120: 2 | K120: 2 | L120: 2 | M120: 2
A121: Turnaways | B121: 62 | C121: 17 | D121: 139 | E121: 121 | F121: 92 | G121: 28 | H121: 4 | I121: 104 | J121: 143 | K121: 43 | L121: 19 | M121: 19 | N121: =SUM(B121:M121) -> 791
B124: 39630 | C124: 39661 | D124: 39692 | E124: 39722 | F124: 39753 | G124: 39783 | H124: 39814 | I124: 39845 | J124: 39873 | K124: 39904 | L124: 39934 | M124: 39965 | N124: Total | O124: 2008-2009 Price | P124: Price per search
A125: TOTAL FirstSearch Block Use
A126: Searches | B126: 3041 | C126: 1502 | D126: 4356 | E126: 4743 | F126: 2795 | G126: 2353 | H126: 1291 | I126: 2504 | J126: 3304 | K126: 3057 | L126: 1620 | M126: 2373 | N126: =SUM(B126:M126) -> 32939
A130: COUNTER-Compliant?: | B130: No

Sheet FSTA
A1: FSTA Direct (IFIS)
A2: 2008-2009
B4: 39630 | C4: 39661 | D4: 39692 | E4: 39722 | F4: 39753 | G4: 39783 | H4: 39814 | I4: 39845 | J4: 39873 | K4: 39904 | L4: 39934 | M4: 39965 | N4: Total | O4: 2008-2009 Price | P4: Price per unit
A5: FSTA Direct
A6: Abstracts viewed | B6: N/A | C6: N/A | D6: N/A | E6: N/A | F6: N/A | G6: N/A | H6: N/A | I6: N/A | J6: N/A | K6: N/A | L6: N/A | M6: N/A | N6: =SUM(B6:M6) -> 0
A9: COUNTER-Compliant?: | B9: No

Sheet InfoTrac
A1: InfoTRAC
A2: 2008-2009
B4: 39630 | C4: 39661 | D4: 39692 | E4: 39722 | F4: 39753 | G4: 39783 | H4: 39814 | I4: 39845 | J4: 39873 | K4: 39904 | L4: 39934 | M4: 39965 | N4: Total | O4: 2008-2009 Price | P4: Price per unit
A5: Literature Resource Center
A6: Sessions | B6: N/A | C6: N/A | D6: N/A | E6: N/A | F6: N/A | G6: N/A | H6: 101 | I6: 256 | J6: 527 | K6: 725 | L6: 441 | N6: =SUM(B6:M6) -> 2050
A7: Searches | B7: N/A | C7: N/A | D7: N/A | E7: N/A | F7: N/A | G7: N/A | H7: 585 | I7: 1245 | J7: 3185 | K7: 1618 | L7: 665 | N7: =SUM(B7:M7) -> 7298 | O7: 1874
A8: Turnaways | B8: N/A | C8: N/A | D8: N/A | E8: N/A | F8: N/A | G8: N/A | H8: 0 | I8: 0 | J8: 0 | K8: 0 | L8: 0 | N8: =SUM(B8:M8) -> 0
A9: Successful Full-Text Article Requests | B9: N/A | C9: N/A | D9: N/A | E9: N/A | F9: N/A | G9: N/A | H9: 249 | I9: 230 | J9: 794 | K9: 845 | L9: 613 | N9: =SUM(B9:M9) -> 2731 | O9: 1874
A12: COUNTER-Compliant?: | B12: Yes

Sheet KCDL
A1: KCDL Online
A2: 2008-2009
B4: 39630 | C4: 39661 | D4: 39692 | E4: 39722 | F4: 39753 | G4: 39783 | H4: 39814 | I4: 39845 | J4: 39873 | K4: 39904 | L4: 39934 | M4: 39965 | N4: Total | O4: 2008-2009 Price | P4: Price per unit
A5: KCDL Online
A6: Searches | B6: 10 | C6: 1 | D6: 96 | E6: 252 | F6: 20 | G6: 1 | H6: 8 | I6: 87 | J6: 14 | K6: 2 | L6: 1 | M6: 14 | N6: =SUM(B6:M6) -> 506 | O6: =3515/2 -> 1757.5
A7: Web Pages Delivered | B7: 30 | C7: 2 | D7: 207 | E7: 645 | F7: 57 | G7: 2 | H7: 13 | I7: 213 | J7: 37 | K7: 6 | L7: 3 | M7: 40 | N7: =SUM(B7:M7) -> 1255
A9: COUNTER-Compliant? | B9: No
A98: COUNTER com

Sheet Lexi-Comp
A1: Lexi-Comp
A2: 2008-2009
B4: 39630 | C4: 39661 | D4: 39692 | E4: 39722 | F4: 39753 | G4: 39783 | H4: 39814 | I4: 39845 | J4: 39873 | K4: 39904 | L4: 39934 | M4: 39965 | N4: Total | O4: 2008-2009 Price | P4: Price per unit
A5: Lexi-Comp Online
A6: Logins | B6: 150 | C6: 27 | D6: 80 | E6: 77 | F6: 153 | G6: 44 | H6: 201 | I6: 175 | J6: 407 | K6: 165 | L6: 61 | M6: 82 | N6: =SUM(B6:M6) -> 1622 | O6: 0
A7: Searches | B7: 274 | C7: 109 | D7: 428 | E7: 457 | F7: 497 | G7: 330 | H7: 770 | I7: 678 | J7: 1403 | K7: 651 | L7: 567 | M7: 964 | N7: =SUM(B7:M7) -> 7128 | O7: 0
A8: Documents Retrieved | B8: 381 | C8: 138 | D8: 533 | E8: 616 | F8: 872 | G8: 403 | H8: 934 | I8: 822 | J8: 1653 | K8: 869 | L8: 632 | M8: 1385 | N8: =SUM(B8:M8) -> 9238 | O8: 0
A11: COUNTER-Compliant?: | B11: No
A14: Stats are e-mailed monthly from tiffany.cobb@lexi.com to andree@uri.edu

Sheet LexisNexis
A1: LexisNexis
A2: 2008-2009
B4: 39630 | C4: 39661 | D4: 39692 | E4: 39722 | F4: 39753 | G4: 39783 | H4: 39814 | I4: 39845 | J4: 39873 | K4: 39904 | L4: 39934 | M4: 39965 | N4: Total | O4: 2008-2009 Price | P4: Price per unit
A5: Academic
A6: Sessions | B6: N/A | C6: N/A | D6: N/A | E6: N/A | F6: N/A | G6: 452 | H6: 802 | I6: 3478 | J6: 5889 | K6: 5764 | L6: 1220 | M6: 971 | N6: =SUM(B6:M6) -> 18576
A7: Searches | B7: 1304 | C7: 533 | D7: 2429 | E7: 4756 | F7: 3962 | G7: 2391 | H7: 624 | I7: 2418 | J7: 4091 | K7: 3839 | L7: 882 | M7: 563 | N7: =SUM(B7:M7) -> 27792 | O7: 22063.1
A9: Congressional
A10: Sessions | B10: N/A | C10: N/A | D10: N/A | E10: N/A | F10: N/A | G10: 2 | H10: 7 | I10: 43 | J10: 125 | K10: 42 | L10: 28 | M10: 13 | N10: =SUM(B10:M10) -> 260
A11: Searches | B11: 12 | C11: 5 | D11: 78 | E11: 167 | F11: 66 | G11: 29 | H11: 18 | I11: 108 | J11: 0 | K11: 78 | L11: 80 | M11: 46 | N11: =SUM(B11:M11) -> 687 | O11: 7446.6
A15: COUNTER-Compliant?: | B15: Yes (R3)
A17: Updated 5/18/10 ajr

Sheet MathSciNet
A1: MathSciNet
A2: 2008-2009
B4: 39630 | C4: 39661 | D4: 39692 | E4: 39722 | F4: 39753 | G4: 39783 | H4: 39814 | I4: 39845 | J4: 39873 | K4: 39904 | L4: 39934 | M4: 39965 | N4: Total | O4: 2008-2009 Price | P4: Price per search
A5: MathSciNet
A6: Sessions | B6: 317 | C6: 105 | D6: 393 | E6: 311 | F6: 837 | G6: 659 | H6: 563 | I6: 747 | J6: 695 | K6: 987 | L6: 791 | M6: 735 | N6: =SUM(B6:M6) -> 7140
A7: Searches | B7: 380 | C7: 204 | D7: 609 | E7: 532 | F7: 968 | G7: 868 | H7: 731 | I7: 1076 | J7: 850 | K7: 1226 | L7: 920 | M7: 952 | N7: =SUM(B7:M7) -> 9316 | O7: 7567.5
A10: COUNTER-Compliant?: | B10: No

Sheet Mergent
A1: Mergent
A2: 2008-2009
B4: 39630 | C4: 39661 | D4: 39692 | E4: 39722 | F4: 39753 | G4: 39783 | H4: 39814 | I4: 39845 | J4: 39873 | K4: 39904 | L4: 39934 | M4: 39965 | N4: Total | O4: 2008-2009 Price | P4: Price per unit
A5: MergentOnline
A6: Logins | B6: 10 | C6: 1 | D6: 101 | E6: 148 | F6: 487 | G6: 124 | H6: 17 | I6: 57 | J6: 40 | K6: 190 | L6: 9 | M6: 10 | N6: =SUM(B6:M6) -> 1194
A7: Searches | B7: 20 | C7: 0 | D7: 401 | E7: 495 | F7: 1717 | G7: 700 | H7: 326 | I7: 258 | J7: 132 | K7: 347 | L7: 11 | M7: 32 | N7: =SUM(B7:M7) -> 4439 | O7: 13750
A8: Companies Viewed | B8: 7 | C8: 0 | D8: 250 | E8: 174 | F8: 678 | G8: 410 | H8: 130 | I8: 158 | J8: 109 | K8: 1279 | L8: 1 | M8: 7 | N8: =SUM(B8:M8) -> 3203
A11: COUNTER-Compliant?: | B11: No

Sheet MetaPress
A1: MetaPress
A2: 2008-2009
B4: 39630 | C4: 39661 | D4: 39692 | E4: 39722 | F4: 39753 | G4: 39783 | H4: 39814 | I4: 39845 | J4: 39873 | K4: 39904 | L4: 39934 | M4: 39965 | N4: Total | O4: 2008-2009 Price | P4: Price per search
A5: Abstracts in Anthropology
A6: Number of Successful Article Requests | B6: 0 | C6: 0 | D6: 0 | E6: 0 | F6: 0 | G6: 0 | H6: 0 | I6: 0 | J6: 0 | K6: 0 | L6: 0 | N6: =SUM(B6:M6) -> 0 | O6: 366.28
A8: Note: This subscription allows users to search a database, yet MetaPress usage statistics only measure "article requests," not searches.
A9: Thus these numbers mean nothing. They do NOT mean that the resource was not used.
A11: COUNTER-Compliant?: | B11: Yes

Sheet netLibrary
A1: NetLibrary
A2: 2008-2009
B4: 39630 | C4: 39661 | D4: 39692 | E4: 39722 | F4: 39753 | G4: 39783 | H4: 39814 | I4: 39845 | J4: 39873 | K4: 39904 | L4: 39934 | M4: 39965 | N4: Total | O4: 2008-2009 Price | P4: Price per access
A5: NetLibrary
A6: Accesses | B6: 59 | C6: 16 | D6: 79 | E6: 153 | F6: 55 | G6: 51 | H6: 18 | I6: 31 | J6: 40 | K6: 41 | L6: 48 | M6: 66 | N6: =SUM(B6:M6) -> 657 | O6: 0
A7: Turnaways | B7: 12 | C7: 0 | D7: 14 | E7: 107 | F7: 9 | G7: 20 | H7: 0 | I7: 16 | J7: 0 | K7: 0 | L7: 7 | M7: 40 | N7: =SUM(B7:M7) -> 225
A10: Note: We have 4,478 shared titles
A11: COUNTER-Compliant?: | B11: No

Sheet Newsbank
A1: Newsbank (Readex)
A2: 2008-2009
B4: 39630 | C4: 39661 | D4: 39692 | E4: 39722 | F4: 39753 | G4: 39783 | H4: 39814 | I4: 39845 | J4: 39873 | K4: 39904 | L4: 39934 | M4: 39965 | N4: Total | O4: 2008-2009 Price | P4: Price per access
A5: Serial Set Maps
A6: Searches | B6: N/A | C6: N/A | D6: N/A | E6: N/A | F6: N/A | G6: N/A | H6: N/A | I6: N/A | J6: N/A | K6: N/A | L6: N/A | M6: N/A | N6: =SUM(B6:M6) -> 0 | O6: N/A
A7: Sessions | B7: N/A | C7: N/A | D7: N/A | E7: N/A | F7: N/A | G7: N/A | H7: N/A | I7: N/A | J7: N/A | K7: N/A | L7: N/A | M7: N/A | N7: =SUM(B7:M7) -> 0 | O7: N/A
B10: 39630 | C10: 39661 | D10: 39692 | E10: 39722 | F10: 39753 | G10: 39783 | H10: 39814 | I10: 39845 | J10: 39873 | K10: 39904 | L10: 39934 | M10: 39965 | N10: Total | O10: 2008-2009 Price | P10: Price per access
A11: Full-text downloads | B11: N/A | C11: N/A | D11: N/A | E11: N/A | F11: N/A | G11: N/A | H11: N/A | I11: N/A | J11: N/A | K11: N/A | L11: N/A | M11: N/A | N11: =SUM(B11:M11) -> 0
B14: 39630 | C14: 39661 | D14: 39692 | E14: 39722 | F14: 39753 | G14: 39783 | H14: 39814 | I14: 39845 | J14: 39873 | K14: 39904 | L14: 39934 | M14: 39965 | N14: Total | O14: 2008-2009 Price | P14: Price per access
A15: All databases
A16: Searches | B16: N/A | C16: N/A | D16: N/A | E16: N/A | F16: N/A | G16: N/A | H16: N/A | I16: N/A | J16: N/A | K16: N/A | L16: N/A | M16: N/A | N16: =SUM(B16:M16) -> 0
A17: Sessions | B17: N/A | C17: N/A | D17: N/A | E17: N/A | F17: N/A | G17: N/A | H17: N/A | I17: N/A | J17: N/A | K17: N/A | L17: N/A | M17: N/A | N17: =SUM(B17:M17) -> 0 | O17: 2250
A20: Note: We purchased these backfiles in April 2008. The annual access fee does not begin until the second year.
A21: COUNTER-Compliant?: | B21: Yes
A23: Note: if the stats turn out to have data on full-text records retrieved, please add lines for it. 4/2008 ajr

Sheet OVID
A1: OvidSP
A2: 2008-2009
B4: 39630 | C4: 39661 | D4: 39692 | E4: 39722 | F4: 39753 | G4: 39783 | H4: 39814 | I4: 39845 | J4: 39873 | K4: 39904 | L4: 39934 | M4: 39965 | N4: Total | O4: 2008-2009 Price | P4: Price per search
A5: BIOSIS Previews
A6: Sessions | B6: 0 | C6: 0 | D6: 0 | E6: 0 | F6: 0 | G6: 0 | H6: 1 | I6: 0 | J6: 0 | K6: 0 | L6: 1 | M6: 0 | N6: =SUM(B6:M6) -> 2
A7: Searches | B7: 0 | C7: 0 | D7: 0 | E7: 0 | F7: 0 | G7: 0 | H7: 1 | I7: 0 | J7: 0 | K7: 0 | L7: 1 | M7: 0 | N7: =SUM(B7:M7) -> 2 | O7: 0
A8: Turnaways | B8: 0 | C8: 0 | D8: 0 | E8: 0 | F8: 0 | G8: 0 | H8: 0 | I8: 0 | J8: 0 | K8: 0 | L8: 0 | M8: 0 | N8: =SUM(B8:M8) -> 0
B11: 39630 | C11: 39661 | D11: 39692 | E11: 39722 | F11: 39753 | G11: 39783 | H11: 39814 | I11: 39845 | J11: 39873 | K11: 39904 | L11: 39934 | M11: 39965 | N11: Total | O11: 2008-2009 Price | P11: Price per search
A12: Biological Abstracts
A13: Sessions | B13: N/A | C13: N/A | D13: N/A | E13: N/A | F13: N/A | G13: N/A | H13: 0 | I13: 26 | J13: 76 | K13: 106 | L13: 43 | M13: 26 | N13: =SUM(B13:M13) -> 277
A14: Searches | B14: N/A | C14: N/A | D14: N/A | E14: N/A | F14: N/A | G14: N/A | H14: 0 | I14: 23 | J14: 139 | K14: 227 | L14: 104 | M14: 45 | N14: =SUM(B14:M14) -> 538 | O14: 0
A15: Turnaways | B15: N/A | C15: N/A | D15: N/A | E15: N/A | F15: N/A | G15: N/A | H15: N/A | I15: N/A | J15: N/A | K15: N/A | L15: N/A | M15: N/A | N15: =SUM(B15:M15) -> 0
B18: 39630 | C18: 39661 | D18: 39692 | E18: 39722 | F18: 39753 | G18: 39783 | H18: 39814 | I18: 39845 | J18: 39873 | K18: 39904 | L18: 39934 | M18: 39965 | N18: Total | O18: 2008-2009 Price | P18: Price per search
A19: Ovid MEDLINE (free)
A20: Sessions | B20: 1 | C20: 0 | D20: 2 | E20: 2 | F20: 3 | G20: 0 | H20: 1 | I20: 8 | J20: 3 | K20: 11 | L20: 0 | M20: 1 | N20: =SUM(B20:M20) -> 32
A21: Searches | B21: 0 | C21: 0 | D21: 2 | E21: 4 | F21: 2 | G21: 0 | H21: 1 | I21: 17 | J21: 10 | K21: 37 | L21: 0 | M21: 4 | N21: =SUM(B21:M21) -> 77 | O21: 0 | P21: N/A
A22: Turnaways | B22: 0 | C22: 0 | D22: 0 | E22: 0 | F22: 0 | G22: 0 | H22: 0 | I22: 0 | J22: 0 | K22: 0 | L22: 0 | M22: 0 | N22: =SUM(B22:M22) -> 0
B25: 39630 | C25: 39661 | D25: 39692 | E25: 39722 | F25: 39753 | G25: 39783 | H25: 39814 | I25: 39845 | J25: 39873 | K25: 39904 | L25: 39934 | M25: 39965 | N25: Total | O25: 2008-2009 Price | P25: Price per search
A26: Ovid MEDLINE In-Process (free)
A27: Sessions | B27: 0 | C27: 0 | D27: 0 | E27: 0 | F27: 0 | G27: 0 | H27: N/A | I27: N/A | J27: N/A | K27: N/A | L27: N/A | M27: N/A | N27: =SUM(B27:M27) -> 0
A28: Searches | B28: 0 | C28: 0 | D28: 0 | E28: 0 | F28: 0 | G28: 0 | H28: N/A | I28: N/A | J28: N/A | K28: N/A | L28: N/A | M28: N/A | N28: =SUM(B28:M28) -> 0 | O28: 0 | P28: N/A
A29: Turnaways | B29: 0 | C29: 0 | D29: 0 | E29: 0 | F29: 0 | G29: 0 | H29: N/A | I29: N/A | J29: N/A | K29: N/A | L29: N/A | M29: N/A | N29: =SUM(B29:M29) -> 0
B32: 39630 | C32: 39661 | D32: 39692 | E32: 39722 | F32: 39753 | G32: 39783 | H32: 39814 | I32: 39845 | J32: 39873 | K32: 39904 | L32: 39934 | M32: 39965 | N32: Total | O32: 2008-2009 Price | P32: Price per search
A33: Ovid OLDMEDLINE (free)
A34: Sessions | B34: N/A | C34: N/A | D34: N/A | E34: N/A | F34: N/A | G34: N/A | H34: N/A | I34: N/A | J34: N/A | K34: N/A | L34: N/A | M34: N/A | N34: =SUM(B34:M34) -> 0
A35: Searches | B35: N/A | C35: N/A | D35: N/A | E35: N/A | F35: N/A | G35: N/A | H35: N/A | I35: N/A | J35: N/A | K35: N/A | L35: N/A | M35: N/A | N35: =SUM(B35:M35) -> 0 | O35: 0 | P35: N/A
A36: Turnaways | B36: N/A | C36: N/A | D36: N/A | E36: N/A | F36: N/A | G36: N/A | H36: N/A | I36: N/A | J36: N/A | K36: N/A | L36: N/A | M36: N/A | N36: =SUM(B36:M36) -> 0
B39: 39630 | C39: 39661 | D39: 39692 | E39: 39722 | F39: 39753 | G39: 39783 | H39: 39814 | I39: 39845 | J39: 39873 | K39: 39904 | L39: 39934 | M39: 39965 | N39: Total | O39: 2008-2009 Price | P39: Price per search
A40: Journals@Ovid Full Text
A41: Sessions | B41: 180 | C41: 136 | D41: 347 | E41: 458 | F41: 378 | G41: 198 | H41: 143 | I41: 671 | J41: 637 | K41: 634 | L41: 277 | M41: 217 | N41: =SUM(B41:M41) -> 4276
A42: Searches | B42: 178 | C42: 143 | D42: 352 | E42: 493 | F42: 490 | G42: 204 | H42: 146 | I42: 689 | J42: 698 | K42: 699 | L42: 276 | M42: 221 | N42: =SUM(B42:M42) -> 4589 | O42: 13849
A43: Turnaways | B43: 0 | C43: 0 | D43: 0 | E43: 0 | F43: 0 | G43: 0 | H43: 0 | I43: 0 | J43: 0 | K43: 0 | L43: 0 | M43: 0 | N43: =SUM(B43:M43) -> 0
B47: 39630 | C47: 39661 | D47: 39692 | E47: 39722 | F47: 39753 | G47: 39783 | H47: 39814 | I47: 39845 | J47: 39873 | K47: 39904 | L47: 39934 | M47: 39965 | N47: Total | O47: 2008-2009 Price | P47: Price per search
A48: All OVID Databases
A49: Sessions | B49: 189 | C49: 144 | D49: 391 | E49: 501 | F49: 409 | G49: 206 | H49: 155 | I49: 759 | J49: 745 | K49: 777 | L49: 321 | M49: 249 | N49: =SUM(B49:M49) -> 4846
A50: Searches | B50: 194 | C50: 155 | D50: 414 | E50: 573 | F50: 547 | G50: 218 | H50: 159 | I50: 810 | J50: 902 | K50: 1006 | L50: 411 | M50: 280 | N50: =SUM(B50:M50) -> 5669 | O50: =SUM(O6:O43) -> 13849
A51: Turnaways | B51: 0 | C51: 0 | D51: 0 | E51: 0 | F51: 0 | G51: 0 | H51: 0 | I51: 0 | J51: 0 | K51: 0 | L51: 0 | M51: 0 | N51: =SUM(B51:M51) -> 0
A54: COUNTER-Compliant?: | B54: Yes
A56: Note: The platform for Biological Abstracts switched from WebSPIRS to OvidSP in February 2009. There was a one-month overlap between the two platforms.

Sheet WebofScience
A1: Web of Science
A2: 2008-2009
A4: COUNTER-Compliant?: | B4: Yes
B6: 39630 | C6: 39661 | D6: 39692 | E6: 39722 | F6: 39753 | G6: 39783 | H6: 39814 | I6: 39845 | J6: 39873 | K6: 39904 | L6: 39934 | M6: 39965 | N6: Total | O6: 2008-2009 Price | P6: Price per unit
A7: BIOSIS Previews
A8: Sessions | B8: N/A | C8: N/A | D8: N/A | E8: N/A | F8: N/A | G8: N/A | H8: N/A | I8: 0 | J8: 0 | K8: 0 | L8: 2 | M8: 4 | N8: =SUM(B8:M8) -> 6
A9: Queries | B9: N/A | C9: N/A | D9: N/A | E9: N/A | F9: N/A | G9: N/A | H9: N/A | I9: 0 | J9: 0 | K9: 0 | L9: 2 | M9: 6 | N9: =SUM(B9:M9) -> 8 | O9: =(24867+27354)/2 -> 26110.5
A11: See also: WebSpirs, OVID.
B14: 39630 | C14: 39661 | D14: 39692 | E14: 39722 | F14: 39753 | G14: 39783 | H14: 39814 | I14: 39845 | J14: 39873 | K14: 39904 | L14: 39934 | M14: 39965 | N14: Total | O14: 2008-2009 Price | P14: Price per unit
A15: Web of Knowledge
A16: Sessions | B16: 895 | C16: 539 | D16: 969 | E16: 1241 | F16: 1055 | G16: 631 | H16: 687 | I16: 980 | J16: 895 | K16: 869 | L16: 914 | M16: 653 | N16: =SUM(B16:M16) -> 10328 | O16: N/A | P16: N/A
B19: 39630 | C19: 39661 | D19: 39692 | E19: 39722 | F19: 39753 | G19: 39783 | H19: 39814 | I19: 39845 | J19: 39873 | K19: 39904 | L19: 39934 | M19: 39965 | N19: Total | O19: 2008-2009 Price | P19: Price per unit
A20: Web of Science
A21: Sessions | B21: 413 | C21: 293 | D21: 707 | E21: 860 | F21: 766 | G21: 493 | H21: 293 | I21: 318 | J21: 632 | K21: 639 | L21: 406 | M21: 467 | N21: =SUM(B21:M21) -> 6287
A22: Queries | B22: 1860 | C22: 1427 | D22: 2916 | E22: 3517 | F22: 4285 | G22: 2412 | H22: 1807 | I22: 1331 | J22: 3190 | K22: 3332 | L22: 2168 | M22: 2664 | N22: =SUM(B22:M22) -> 30909 | O22: 104394 | P22: =O22/N22 -> 3.3774629
B25: 39630 | C25: 39661 | D25: 39692 | E25: 39722 | F25: 39753 | G25: 39783 | H25: 39814 | I25: 39845 | J25: 39873 | K25: 39904 | L25: 39934 | M25: 39965 | N25: Total
A26: EndNote Web
A27: Logins | B27: 9 | C27: 1 | D27: 20 | E27: 30 | F27: 8 | G27: 2 | H27: 6 | I27: 8 | J27: 12 | K27: 2 | L27: 0 | M27: 2 | N27: =SUM(B27:M27) -> 100
A28: New Users | B28: 0 | C28: 0 | D28: 0 | E28: 0 | F28: 0 | G28: 0 | H28: 5 | I28: 0 | J28: 0 | K28: 0 | L28: 0 | M28: 0 | N28: =SUM(B28:M28) -> 5
A29: New References | B29: 0 | C29: 0 | D29: 40 | E29: 160 | F29: 0 | G29: 0 | H29: 20 | I29: 4 | J29: 0 | K29: 0 | L29: 0 | M29: 0 | N29: =SUM(B29:M29) -> 224
A30: Exports | B30: 0 | C30: 0 | D30: 0 | E30: 1 | F30: 3 | G30: 0 | H30: 0 | I30: 1 | J30: 4 | K30: 0 | L30: 1 | M30: 2 | N30: =SUM(B30:M30) -> 12
A31: Imports | B31: 0 | C31: 1 | D31: 0 | E31: 8 | F31: 0 | G31: 0 | H31: 5 | I31: 1 | J31: 1 | K31: 7 | L31: 0 | M31: 0 | N31: =SUM(B31:M31) -> 23
A32: Searches | B32: 3 | C32: 0 | D32: 4 | E32: 2 | F32: 15 | G32: 1 | H32: 3 | I32: 3 | J32: 1 | K32: 0 | L32: 0 | M32: 1 | N32: =SUM(B32:M32) -> 33
A33: Captures | B33: 0 | C33: 0 | D33: 0 | E33: 0 | F33: 0 | G33: 0 | H33: 0 | I33: 0 | J33: 0 | K33: 0 | L33: 0 | M33: 0 | N33: =SUM(B33:M33) -> 0
A34: CWYW Format Bibliography | B34: 0 | C34: 0 | D34: 0 | E34: 0 | F34: 0 | G34: 0 | H34: 1 | I34: 0 | J34: 0 | K34: 0 | L34: 0 | M34: 0 | N34: =SUM(B34:M34) -> 1
A35: CWYW Traveling Library | B35: 0 | C35: 0 | D35: 0 | E35: 0 | F35: 0 | G35: 0 | H35: 0 | I35: 0 | J35: 0 | K35: 0 | L35: 0 | M35: 0 | N35: =SUM(B35:M35) -> 0
A36: Total Pages Served | B36: 12 | C36: 2 | D36: 64 | E36: 201 | F36: 26 | G36: 3 | H36: 40 | I36: 17 | J36: 18 | K36: 9 | L36: 1 | M36: 5 | N36: =SUM(B36:M36) -> 398

Sheet Oxford
A1: Oxford
A2: 2008-2009
B4: 39630 | C4: 39661 | D4: 39692 | E4: 39722 | F4: 39753 | G4: 39783 | H4: 39814 | I4: 39845 | J4: 39873 | K4: 39904 | L4: 39934 | M4: 39965 | N4: Total | O4: 2008-2009 Price | P4: Price per unit
A5: Oxford Music Online
A6: Sessions | B6: 22 | C6: 12 | D6: 87 | E6: 59 | F6: 33 | G6: 15 | H6: 35 | I6: 85 | J6: 41 | K6: 74 | L6: 39 | M6: 16 | N6: =SUM(B6:M6) -> 518
A7: Searches | B7: 36 | C7: 20 | D7: 148 | E7: 154 | F7: 69 | G7: 22 | H7: 64 | I7: 129 | J7: 120 | K7: 228 | L7: 112 | M7: 47 | N7: =SUM(B7:M7) -> 1149 | O7: 1597.5
A8: Turnaways | B8: 2 | C8: 0 | D8: 6 | E8: 0 | F8: 0 | G8: 0 | H8: 0 | I8: 0 | J8: 0 | K8: 74 | L8: 33 | M8: 0 | N8: =SUM(B8:M8) -> 115
A10: Oxford English Dictionary
A11: Sessions | B11: 149 | C11: 110 | D11: 568 | E11: 1062 | F11: 613 | G11: 397 | H11: 192 | I11: 505 | J11: 592 | K11: 727 | L11: 454 | M11: 298 | N11: =SUM(B11:M11) -> 5667
A12: Searches | B12: 275 | C12: 378 | D12: 3283 | E12: 4912 | F12: 2100 | G12: 1427 | H12: 743 | I12: 2077 | J12: 1575 | K12: 2282 | L12: 2090 | M12: 826 | N12: =SUM(B12:M12) -> 21968 | O12: 3033.8
A13: Turnaways | B13: 0 | C13: 0 | D13: 0 | E13: 0 | F13: 0 | G13: 0 | H13: 0 | I13: 0 | J13: 0 | K13: 0 | L13: 0 | M13: 0 | N13: =SUM(B13:M13) -> 0
A15: Treaties & International Agreements Online (Oceana)
A16: Sessions | B16: N/A | C16: N/A | D16: N/A | E16: N/A | F16: N/A | G16: N/A | H16: N/A | I16: N/A | J16: N/A | K16: N/A | L16: N/A | M16: N/A | N16: =SUM(B16:M16) -> 0
A17: Minutes | B17: N/A | C17: N/A | D17: N/A | E17: N/A | F17: N/A | G17: N/A | H17: N/A | I17: N/A | J17: N/A | K17: N/A | L17: N/A | M17: N/A | N17: =SUM(B17:M17) -> 0 | O17: 1314.25
A18: Turnaways | B18: N/A | C18: N/A | D18: N/A | E18: N/A | F18: N/A | G18: N/A | H18: N/A | I18: N/A | J18: N/A | K18: N/A | L18: N/A | M18: N/A | N18: =SUM(B18:M18) -> 0
A22: COUNTER-Compliant?: | B22: No

Sheet ProQuest
A1: ProQuest databases
A2: 2008-2009
B4: 39630 | C4: 39661 | D4: 39692 | E4: 39722 | F4: 39753 | G4: 39783 | H4: 39814 | I4: 39845 | J4: 39873 | K4: 39904 | L4: 39934 | M4: 39965 | N4: Total | O4: 2008-2009 Price | P4: Price per search
A5: ABI/INFORM Dateline
A6: Searches | N6: =SUM(B6:M6) -> 0 | O6: 0 | P6: N/A
B9: 39630 | C9: 39661 | D9: 39692 | E9: 39722 | F9: 39753 | G9: 39783 | H9: 39814 | I9: 39845 | J9: 39873 | K9: 39904 | L9: 39934 | M9: 39965 | N9: Total | O9: 2008-2009 Price | P9: Price per search
A10: ABI/INFORM Global
A11: Searches | N11: =SUM(B11:M11) -> 0 | O11: 18757
B14: 39630 | C14: 39661 | D14: 39692 | E14: 39722 | F14: 39753 | G14: 39783 | H14: 39814 | I14: 39845 | J14: 39873 | K14: 39904 | L14: 39934 | M14: 39965 | N14: Total | O14: 2008-2009 Price | P14: Price per search
A15: ABI/INFORM Trade & Industry
A16: Searches | N16: =SUM(B16:M16) -> 0 | O16: 0 | P16: N/A
B19: 39630 | C19: 39661 | D19: 39692 | E19: 39722 | F19: 39753 | G19: 39783 | H19: 39814 | I19: 39845 | J19: 39873 | K19: 39904 | L19: 39934 | M19: 39965 | N19: Total | O19: 2008-2009 Price | P19: Price per search
A20: Dissertations & Theses
A21: Searches | N21: =SUM(B21:M21) -> 0 | O21: 0
B24: 39630 | C24: 39661 | D24: 39692 | E24: 39722 | F24: 39753 | G24: 39783 | H24: 39814 | I24: 39845 | J24: 39873 | K24: 39904 | L24: 39934 | M24: 39965 | N24: Total | O24: 2008-2009 Price | P24: Price per search
A25: National Newspapers (5)
A26: Searches | N26: =SUM(B26:M26) -> 0 | O26: 0
B29: 39630 | C29: 39661 | D29: 39692 | E29: 39722 | F29: 39753 | G29: 39783 | H29: 39814 | I29: 39845 | J29: 39873 | K29: 39904 | L29: 39934 | M29: 39965 | N29: Total | O29: 2008-2009 Price | P29: Price per search
A30: Los Angeles Times
A31: Searches | N31: =SUM(B31:M31) -> 0 | O31: 0 | P31: N/A
B34: 39630 | C34: 39661 | D34: 39692 | E34: 39722 | F34: 39753 | G34: 39783 | H34: 39814 | I34: 39845 | J34: 39873 | K34: 39904 | L34: 39934 | M34: 39965 | N34: Total | O34: 2008-2009 Price | P34: Price per search
A35: Providence Journal-Bulletin
A36: Searches | N36: =SUM(B36:M36) -> 0 | O36: 0
B39: 39630 | C39: 39661 | D39: 39692 | E39: 39722 | F39: 39753 | G39: 39783 | H39: 39814 | I39: 39845 | J39: 39873 | K39: 39904 | L39: 39934 | M39: 39965 | N39: Total | O39: 2008-2009 Price | P39: Price per search
A40: Wall Street Journal
A41: Searches | N41: =SUM(B41:M41) -> 0 | O41: 0 | P41: N/A
B44: 39630 | C44: 39661 | D44: 39692 | E44: 39722 | F44: 39753 | G44: 39783 | H44: 39814 | I44: 39845 | J44: 39873 | K44: 39904 | L44: 39934 | M44: 39965 | N44: Total | O44: 2008-2009 Price | P44: Price per search
A45: ProQuest Historical Newspapers The New York Times (1851-2002)
A46: Searches | N46: =SUM(B46:M46) -> 0 | O46: 0 | P46: N/A
B50: 39630 | C50: 39661 | D50: 39692 | E50: 39722 | F50: 39753 | G50: 39783 | H50: 39814 | I50: 39845 | J50: 39873 | K50: 39904 | L50: 39934 | M50: 39965 | N50: Total | O50: 2008-2009 Price | P50: Price per unit
A51: ProQuest (all databases)
A52: Sessions | N52: =SUM(B52:M52) -> 0
A53: Searches | N53: =SUM(B53:M53) -> 0 | O53: =SUM(O11:O46) -> 18757
A54: Successful full-text downloads | N54: =SUM(B54:M54) -> 0
A57: COUNTER-Compliant?: | B57: Yes

Sheet ReferenceUSA
A1: ReferenceUSA
A2: 2008-2009
A4: COUNTER-Compliant?: | B4: No
B6: 39630 | C6: 39661 | D6: 39692 | E6: 39722 | F6: 39753 | G6: 39783 | H6: 39814 | I6: 39845 | J6: 39873 | K6: 39904 | L6: 39934 | M6: 39965 | N6: Total
A7: U.S. Business
A8: Logins | B8: 108 | C8: 37 | D8: 188 | E8: 154 | F8: 79 | G8: 50 | H8: 41 | I8: 108 | J8: 58 | K8: 100 | L8: 68 | M8: 59 | N8: =SUM(B8:M8) -> 1050
A9: # of Searches | B9: 363 | C9: 133 | D9: =12+352 -> 364 | E9: 141 | F9: 78 | G9: 62 | H9: 28 | I9: 135 | J9: 75 | K9: 161 | L9: 125 | M9: =86+4 -> 90 | N9: =SUM(B9:M9) -> 1755
A10: # of Result Pages | B10: 800 | C10: 253 | D10: =18+642 -> 660 | E10: 307 | F10: 171 | G10: 130 | H10: 53 | I10: 344 | J10: =128+5 -> 133 | K10: 461 | L10: 1071 | M10: =122+4 -> 126 | N10: =SUM(B10:M10) -> 4509
A11: Total Records on Results | B11: 8266 | C11: 2509 | D11: =419+11222 -> 11641 | E11: =6086+24 -> 6110 | F11: 3029 | G11: 1813 | H11: =856+144 -> 1000 | I11: =7066+24 -> 7090 | J11: 1773 | K11: 8510 | L11: 23216 | M11: =1593+56 -> 1649 | N11: =SUM(B11:M11) -> 76606
A12: # of Detail Views | B12: 0 | C12: 0 | D12: 0 | E12: 0 | F12: 0 | G12: 0 | H12: 0 | I12: 0 | J12: 0 | K12: 0 | L12: 0 | M12: 0 | N12: =SUM(B12:M12) -> 0
A13: Total Detail Records Viewed | B13: 0 | C13: 0 | D13: 0 | E13: 0 | F13: 0 | G13: 0 | H13: 0 | I13: 0 | J13: 0 | K13: 0 | L13: 0 | M13: 0 | N13: =SUM(B13:M13) -> 0
A14: # of Prints | B14: 885 | C14: 166 | D14: =26+324 -> 350 | E14: 247 | F14: 99 | G14: 125 | H14: =23+6 -> 29 | I14: 149 | J14: 145 | K14: 156 | L14: 179 | M14: 150 | N14: =SUM(B14:M14) -> 2680
A15: Total Records Printed | B15: 895 | C15: 190 | D15: =26+975 -> 1001 | E15: 247 | F15: 99 | G15: 125 | H15: 29 | I15: 149 | J15: 145 | K15: 156 | L15: 179 | M15: 150 | N15: =SUM(B15:M15) -> 3365
A16: # of Downloads | B16: 34 | C16: 12 | D16: 10 | E16: 3 | F16: 0 | G16: 6 | H16: 0 | I16: 15 | J16: 0 | K16: 14 | L16: 792 | M16: 4 | N16: =SUM(B16:M16) -> 890
A17: Total Records Downloaded | B17: 993 | C17: 139 | D17: 178 | E17: 51 | F17: 0 | G17: 32 | H17: 0 | I17: 688 | J17: 0 | K17: 206 | L17: 21541 | M17: 76 | N17: =SUM(B17:M17) -> 23904
A18: # of Emails | B18: 0 | C18: 0 | D18: 0 | E18: 0 | F18: 0 | G18: 0 | H18: 0 | I18: 0 | J18: 0 | K18: 0 | L18: 0 | M18: 0 | N18: =SUM(B18:M18) -> 0
A19: Total Records Emailed | B19: 0 | C19: 0 | D19: 0 | E19: 0 | F19: 0 | G19: 0 | H19: 0 | I19: 0 | J19: 0 | K19: 0 | L19: 0 | M19: 0 | N19: =SUM(B19:M19) -> 0
A20: # of Purchases | B20: 0 | C20: 0 | D20: 0 | E20: 0 | F20: 0 | G20: 0 | H20: 0 | I20: 0 | J20: 0 | K20: 0 | L20: 0 | M20: 0 | N20: =SUM(B20:M20) -> 0
A21: Total Records Purchased | B21: 0 | C21: 0 | D21: 0 | E21: 0 | F21: 0 | G21: 0 | H21: 0 | I21: 0 | J21: 0 | K21: 0 | L21: 0 | M21: 0 | N21: =SUM(B21:M21) -> 0
B24: 39630 | C24: 39661 | D24: 39692 | E24: 39722 | F24: 39753 | G24: 39783 | H24: 39814 | I24: 39845 | J24: 39873 | K24: 39904 | L24: 39934 | M24: 39965 | N24: Total
A25: U.S. Residential
A26: Logins | B26: 108 | C26: 37 | D26: 188 | E26: 154 | F26: 79 | G26: 50 | H26: 41 | I26: 108 | J26: 58 | K26: 100 | L26: 68 | M26: 59 | N26: =SUM(B26:M26) -> 1050
A27: # of Searches | B27: 26 | C27: 3 | D27: 20 | E27: 15 | F27: 17 | G27: 24 | H27: 21 | I27: 32 | J27: 9 | K27: 24 | L27: 17 | M27: 14 | N27: =SUM(B27:M27) -> 222
A28: # of Result Pages | B28: 94 | C28: 3 | D28: 23 | E28: 15 | F28: 18 | G28: 29 | H28: 25 | I28: 55 | J28: 16 | K28: 25 | L28: 20 | M28: 15 | N28: =SUM(B28:M28) -> 338
A29: Total Records on Results | B29: 2090 | C29: 5 | D29: 249 | E29: 51 | F29: 156 | G29: 405 | H29: 242 | I29: 1157 | J29: 284 | K29: 202 | L29: 164 | M29: 179 | N29: =SUM(B29:M29) -> 5184
A30: # of Detail Views | B30: 0 | C30: 0 | D30: 0 | E30: 0 | F30: 0 | G30: 0 | H30: 0 | I30: 0 | J30: 0 | K30: 0 | L30: 0 | M30: 0 | N30: =SUM(B30:M30) -> 0
A31: Total Detail Records Viewed | B31: 0 | C31: 0 | D31: 0 | E31: 0 | F31: 0 | G31: 0 | H31: 0 | I31: 0 | J31: 0 | K31: 0 | L31: 0 | M31: 0 | N31: =SUM(B31:M31) -> 0
A32: # of Prints | B32: 5 | C32: 1 | D32: 10 | E32: 7 | F32: 11 | G32: 5 | H32: 11 | I32: 12 | J32: 4 | K32: 13 | L32: 2 | M32: 17 | N32: =SUM(B32:M32) -> 98
A33: Total Records Printed | B33: 5 | C33: 1 | D33: 10 | E33: 7 | F33: 11 | G33: 5 | H33: 14 | I33: 12 | J33: 4 | K33: 13 | L33: 2 | M33: 17 | N33: =SUM(B33:M33) -> 101
A34: # of Downloads | B34: 15 | C34: 0 | D34: 0 | E34: 0 | F34: 0 | G34: 0 | H34: 0 | I34: 0 | J34: 0 | K34: 0 | L34: 0 | M34: 0 | N34: =SUM(B34:M34) -> 15
A35: Total Records Downloaded | B35: 375 | C35: 0 | D35: 0 | E35: 0 | F35: 0 | G35: 0 | H35: 0 | I35: 0 | J35: 0 | K35: 0 | L35: 0 | M35: 0 | N35: =SUM(B35:M35) -> 375
A36: # of Emails | B36: 0 | C36: 0 | D36: 0 | E36: 0 | F36: 0 | G36: 0 | H36: 0 | I36: 0 | J36: 0 | K36: 0 | L36: 0 | M36: 0 | N36: =SUM(B36:M36) -> 0
A37: Total Records Emailed | B37: 0 | C37: 0 | D37: 0 | E37: 0 | F37: 0 | G37: 0 | H37: 0 | I37: 0 | J37: 0 | K37: 0 | L37: 0 | M37: 0 | N37: =SUM(B37:M37) -> 0
... A39: Total Records Purchased | B39: 0 | C39: 0 | D39: 0 | E39: 0 | F39: 0 | G39: 0 | H39: 0 | I39: 0 | J39: 0 | K39: 0 | L39: 0 | M39: 0 | N39: =SUM(B39:M39) -> 0
B42: 39630 | C42: 39661 | D42: 39692 | E42: 39722 | F42: 39753 | G42: 39783 | H42: 39814 | I42: 39845 | J42: 39873 | K42: 39904 | L42: 39934 | M42: 39965 | N42: Total | O42: 2008-2009 Price | P42: Price per unit
A43: Summary
A44: Logins | B44: =B26 -> 108 | C44: =C26 -> 37 | D44: =D26 -> 188 | E44: =E26 -> 154 | F44: =F26 -> 79 | G44: =G26 -> 50 | H44: =H26 -> 41 | I44: =I26 -> 108 | ... M44: =M26 -> 59 | N44: =SUM(B44:M44) -> 1050
A45: # of Searches | B45: =B9+B27 -> 389 | C45: =C9+C27 -> 136 | D45: =D9+D27 -> 384 | E45: =E9+E27 -> 156 | F45: =F9+F27 -> 95 | G45: =G9+G27 -> 86 | H45: =H9+H27 -> 49 | I45: =I9+I27 -> 167 | ... M45: =M9+M27 -> 104 | N45: =SUM(B45:M45) -> 1977 | O45: 11907
A46: # of Result Pages | B46: =B10+B28 -> 894 | C46: =C10+C28 -> 256 | D46: =D10+D28 -> 683 | E46: =E10+E28 -> 322 | F46: =F10+F28 -> 189 | G46: =G10+G28 -> 159 | H46: =H10+H28 -> 78 | I46: =I10+I28 -> 399 | ... M46: =M10+M28 -> 141 | N46: =SUM(B46:M46) -> 4847
A47: Total Records on Results | B47: =B11+B29 -> 10356 | C47: =C11+C29 -> 2514 | D47: =D11+D29 -> 11890 | E47: =E11+E29 -> 6161 | F47: =F11+F29 -> 3185 | G47: =G11+G29 -> 2218 | H47: =H11+H29 -> 1242 | I47: =I11+I29 -> 8247 | ... M47: =M11+M29 -> 1828 | N47: =SUM(B47:M47) -> 81790
A48: # of Detail Views | B48: =B12+B30 -> 0 | C48: =C12+C30 -> 0 | D48: =D12+D30 -> 0 | E48: =E12+E30 -> 0 | F48: =F12+F30 -> 0 | G48: =G12+G30 -> 0 | H48: =H12+H30 -> 0 | I48: =I12+I30 -> 0 | ... M48: =M12+M30 -> 0 | N48: =SUM(B48:M48) -> 0
A49: Total Detail Records Viewed | B49: =B13+B31 -> 0 | C49: =C13+C31 -> 0 | D49: =D13+D31 -> 0 | E49: =E13+E31 -> 0 | F49: =F13+F31 -> 0 | G49: =G13+G31 -> 0 | H49: =H13+H31 -> 0 | I49: =I13+I31 -> 0 | ... M49: =M13+M31 -> 0 | N49: =SUM(B49:M49) -> 0
A50: # of Prints | B50: =B14+B32 -> 890 | C50: =C14+C32 -> 167 | D50: =D14+D32 -> 360 | E50: =E14+E32 -> 254 | F50: =F14+F32 -> 110 | G50: =G14+G32 -> 130 | H50: =H14+H32 -> 40 | I50: =I14+I32 -> 161 | ... M50: =M14+M32 -> 167 | N50: =SUM(B50:M50) -> 2778
A51: Total Records Printed | B51: =B15+B33 -> 900 | C51: =C15+C33 -> 191 | D51: =D15+D33 -> 1011 | E51: =E15+E33 -> 254 | F51: =F15+F33 -> 110 | G51: =G15+G33 -> 130 | H51: =H15+H33 -> 43 | I51: =I15+I33 -> 161 | ... M51: =M15+M33 -> 167 | N51: =SUM(B51:M51) -> 3466
A52: # of Downloads | B52: =B16+B34 -> 49 | C52: =C16+C34 -> 12 | D52: =D16+D34 -> 10 | E52: =E16+E34 -> 3 | F52: =F16+F34 -> 0 | G52: =G16+G34 -> 6 | H52: =H16+H34 -> 0 | I52: =I16+I34 -> 15 | ... M52: =M16+M34 -> 4 | N52: =SUM(B52:M52) -> 905
A53: Total Records Downloaded | B53: =B17+B35 -> 1368 | C53: =C17+C35 -> 139 | D53: =D17+D35 -> 178 | E53: =E17+E35 -> 51 | F53: =F17+F35 -> 0 | G53: =G17+G35 -> 32 | H53: =H17+H35 -> 0 | I53: =I17+I35 -> 688 | ... M53: =M17+M35 -> 76 | N53: =SUM(B53:M53) -> 24279
A54: # of Emails | B54: =B18+B36 -> 0 | C54: =C18+C36 -> 0 | D54: =D18+D36 -> 0 | E54: =E18+E36 -> 0 | F54: =F18+F36 -> 0 | G54: =G18+G36 -> 0 | H54: =H18+H36 -> 0 | I54: =I18+I36 -> 0 | ... M54: =M18+M36 -> 0 | N54: =SUM(B54:M54) -> 0
A55: Total Records Emailed | B55: =B19+B37 -> 0 | C55: =C19+C37 -> 0 | D55: =D19+D37 -> 0 | E55: =E19+E37 -> 0 | F55: =F19+F37 -> 0 | G55: =G19+G37 -> 0 | H55: =H19+H37 -> 0 | I55: =I19+I37 -> 0 | ... M55: =M19+M37 -> 0 | N55: =SUM(B55:M55) -> 0
A56: # of Purchases | B56: =B20+B38 -> 0 | C56: =C20+C38 -> 0 | D56: =D20+D38 -> 0 | E56: =E20+E38 -> 0 | F56: =F20+F38 -> 0 | G56: =G20+G38 -> 0 | H56: =H20+H38 -> 0 | I56: =I20+I38 -> 0 | ... M56: =M20+M38 -> 0 | N56: =SUM(B56:M56) -> 0
A57: Total Records Purchased | B57: =B21+B39 -> 0 | C57: =C21+C39 -> 0 | D57: =D21+D39 -> 0 | E57: =E21+E39 -> 0 | F57: =F21+F39 -> 0 | G57: =G21+G39 -> 0 | H57: =H21+H39 -> 0 | I57: =I21+I39 -> 0 | ... M57: =M21+M39 -> 0 | N57: =SUM(B57:M57) -> 0

Sheet RefWorks
A1: RefWorks
A2: 2008-2009
A4: COUNTER-Compliant?: | B4: No
B6: 39630 | C6: 39661 | D6: 39692 | E6: 39722 | F6: 39753 | G6: 39783 | H6: 39814 | I6: 39845 | J6: 39873 | K6: 39904 | L6: 39934 | M6: 39965 | N6: Total | O6: 2008-2009 Price | P6: Price per unit
A7: RefWorks
A8: New Users | B8: 7 | C8: 7 | D8: 52 | E8: 36 | F8: 11 | G8: 18 | H8: 10 | I8: 66 | J8: 14 | K8: 12 | L8: 7 | M8: 2 | N8: =SUM(B8:M8) -> 242 | O8: 13360 | P8: =O8/N8 -> 55.206612
A9: Repeat Users | B9: 22 | C9: 21 | D9: 41 | E9: 80 | F9: 85 | G9: 58 | H9: 44 | I9: 58 | J9: 86 | K9: 90 | L9: 38 | M9: 21 | N9: =SUM(B9:M9) -> 644 | O9: 13360 | P9: =O9/N9 -> 20.745342
A10: Total Monthly Users | B10: 29 | C10: 28 | D10: 93 | E10: 116 | F10: 96 | G10: 76 | H10: 54 | I10: 124 | J10: 100 | K10: 102 | L10: 45 | M10: 23 | N10: =SUM(B10:M10) -> 886 | O10: 13360 | P10: =O10/N10 -> 15.079007
A11: Total Sessions per month | B11: 194 | C11: 201 | D11: 384 | E11: 454 | F11: 352 | G11: 270 | H11: 234 | I11: 516 | J11: 427 | K11: 473 | L11: 179 | M11: 201 | N11: =SUM(B11:M11) -> 3885 | O11: 13360 | P11: =O11/N11 -> 3.4388674
A12: Average Sessions Per User | B12: 6.69 | C12: 7.18 | D12: 4.13 | E12: 3.91 | F12: 3.67 | G12: 3.55 | H12: 4.33 | I12: 4.16 | J12: 4.27 | K12: 4.64 | L12: 3.98 | M12: 8.74 | N12: =SUM(B12:M12) -> 59.25 | O12: 13360 | P12: =O12/N12 -> 225.48523
A13: Total Subscriber References added | B13: 592 | C13: 4526 | D13: 1182 | E13: 1856 | F13: 1134 | G13: 2369 | H13: 3348 | I13: 2898 | J13: 1106 | K13: 1448 | L13: 1908 | M13: 629 | N13: =SUM(B13:M13) -> 22996 | O13: 13360 | P13: =O13/N13 -> 0.5809706
A14: Average References added per user | B14: 20.41 | C14: 161.64 | D14: 12.71 | E14: 16 | F14: 11.81 | G14: 31.17 | H14: 62 | I14: 23.37 | J14: 11.06 | K14: 14.2 | L14: 42.4 | M14: 27.35 | N14: =SUM(B14:M14) -> 434.12 | O14: 13360 | P14: =O14/N14 -> 30.774901
A17: See more extensive statistics at http://digitalcommons.uri.edu/ts_rpts/55/.

Sheet SciFinderScholar
A1: SciFinder Scholar
A2: 2008-2009
A4: COUNTER-Compliant?: | B4: No
B6: 39630 | C6: 39661 | D6: 39692 | E6: 39722 | F6: 39753 | G6: 39783 | H6: 39814 | I6: 39845 | J6: 39873 | K6: 39904 | L6: 39934 | M6: 39965 | N6: Total | O6: 2008-2009 Price | P6: Price per unit
A7: SciFinder Scholar - Desktop
A8: Sessions | B8: Not avail. | C8: Not avail. | D8: Not avail. | E8: Not avail. | F8: Not avail. | G8: Not avail. | H8: 101 | I8: 102 | J8: 129 | K8: 92 | L8: 0 | M8: 0 | N8: =SUM(B8:M8) -> 424
A9: Searches | B9: Not avail. | C9: Not avail. | D9: Not avail. | E9: Not avail. | F9: Not avail. | G9: Not avail. | H9: Not avail. | I9: Not avail. | J9: Not avail. | K9: Not avail. | L9: Not avail. | M9: Not avail. | N9: Not avail. | O9: N/A | P9: N/A
A10: Turnaways | B10: Not avail. | C10: Not avail. | D10: Not avail. | E10: Not avail. | F10: Not avail. | G10: Not avail. | H10: 37 | I10: 17 | J10: 29 | K10: 37 | L10: 0 | M10: 0 | N10: =SUM(B10:M10) -> 120
A11: Simultaneous users | B11: 1 | C11: 1 | D11: 1 | E11: 1 | F11: 1 | G11: 1 | H11: 1 | I11: 1 | J11: 1 | K11: 1 | L11: 1 | M11: 1
B14: 39630 | C14: 39661 | D14: 39692 | E14: 39722 | F14: 39753 | G14: 39783 | H14: 39814 | I14: 39845 | J14: 39873 | K14: 39904 | L14: 39934 | M14: 39965 | N14: Total | O14: 2008-2009 Price | P14: Price per unit
A15: SciFinder Scholar - Web
A16: Sessions | B16: Not avail. | C16: Not avail. | D16: Not avail. | E16: Not avail. | F16: Not avail. | G16: Not avail. | H16: 0 | I16: 90 | J16: 187 | K16: 166 | L16: 258 | M16: 305 | N16: =SUM(B16:M16) -> 1006
A17: Searches | B17: Not avail. | C17: Not avail. | D17: Not avail. | E17: Not avail. | F17: Not avail. | G17: Not avail. | H17: Not avail. | I17: Not avail. | J17: Not avail. | K17: Not avail. | L17: Not avail. | M17: Not avail. | N17: Not avail. | O17: 31525
A18: Turnaways | B18: Not avail. | C18: Not avail. | D18: Not avail. | E18: Not avail. | F18: Not avail. | G18: Not avail. | H18: 0 | I18: 10 | J18: 34 | K18: 30 | L18: 182 | M18: 203 | N18: =SUM(B18:M18) -> 459
A19: Simultaneous users | B19: 1 | C19: 1 | D19: 1 | E19: 1 | F19: 1 | G19: 1 | H19: 1 | I19: 1 | J19: 1 | K19: 1 | L19: 1 | M19: 1
B22: 39630 | C22: 39661 | D22: 39692 | E22: 39722 | F22: 39753 | G22: 39783 | H22: 39814 | I22: 39845 | J22: 39873 | K22: 39904 | L22: 39934 | M22: 39965 | N22: Total | O22: 2008-2009 Price | P22: Price per unit
A23: SciFinder Scholar - TOTAL
A24: Sessions | B24: Not avail. | C24: Not avail. | D24: Not avail. | E24: Not avail. | F24: Not avail. | G24: Not avail. | H24: =H8+H16 -> 101 | I24: =I8+I16 -> 192 | J24: =J8+J16 -> 316 | K24: =K8+K16 -> 258 | L24: =L8+L16 -> 258 | M24: =M8+M16 -> 305 | N24: =SUM(B24:M24) -> 1430
A25: Searches | B25: Not avail. | C25: Not avail. | D25: Not avail. | E25: Not avail. | F25: Not avail. | G25: Not avail. | H25: 309 | I25: 499 | J25: 846 | K25: 765 | L25: 934 | M25: 910 | N25: =SUM(B25:M25) -> 4263 | O25: 31525
A26: Turnaways | B26: Not avail. | C26: Not avail. | D26: Not avail. | E26: Not avail. | F26: Not avail. | G26: Not avail. | H26: =H10+H18 -> 37 | I26: =I10+I18 -> 27 | J26: =J10+J18 -> 63 | K26: =K10+K18 -> 67 | L26: =L10+L18 -> 182 | M26: =M10+M18 -> 203 | N26: =SUM(B26:M26) -> 579
A27: Simultaneous users | B27: 1 | C27: 1 | D27: 1 | E27: 1 | F27: 1 | G27: 1 | H27: 1 | I27: 1 | J27: 1 | K27: 1 | L27: 1 | M27: 1
A30: NOTE: Changed to Web interface in early 2009.

Sheet WebSpirs
A1: WebSPIRS (OVID)
A2: 2008-2009
A4: COUNTER-Compliant?: | B4: Yes
B6: 39630 | C6: 39661 | D6: 39692 | E6: 39722 | F6: 39753 | G6: 39783 | H6: 39814 | I6: 39845 | J6: 39873 | K6: 39904 | L6: 39934 | M6: 39965 | N6: Total | O6: 2008-2009 Price | P6: Price per unit
A7: Biological Abstracts
A8: Sessions | B8: 40 | C8: 16 | D8: 97 | E8: 135 | F8: 80 | G8: 59 | H8: 24 | I8: 120 | J8: 56 | K8: N/A | L8: N/A | M8: N/A | N8: =SUM(B8:M8) -> 627
A9: Searches | B9: 159 | C9: 64 | D9: 457 | E9: 453 | F9: 235 | G9: 220 | H9: 136 | I9: 563 | J9: 198 | K9: N/A | L9: N/A | M9: N/A | N9: =SUM(B9:M9) -> 2485 | O9: 0
A10: Turnaways | B10: 0 | C10: 0 | D10: 0 | E10: 0 | F10: 0 | G10: 0 | H10: 0 | I10: 5 | J10: 0 | K10: N/A | L10: N/A | M10: N/A | N10: =SUM(B10:M10) -> 5
A13: Note: The platform for this database switched from WebSPIRS to OvidSP in February 2009. There was a one-month overlap between the two platforms.

Sheet WilsonWeb
A1: WilsonWeb
A2: 2008-2009
A4: COUNTER-compliant: Yes (R2)
B6: 39630 | C6: 39661 | D6: 39692 | E6: 39722 | F6: 39753 | G6: 39783 | H6: 39814 | I6: 39845 | J6: 39873 | K6: 39904 | L6: 39934 | M6: 39965 | N6: Total | O6: 2008-2009 Price | P6: Price per unit
A7: Art Abstracts
A8: Sessions | B8: 12 | C8: 7 | D8: 74 | E8: 59 | F8: 116 | G8: 66 | H8: 6 | I8: 122 | J8: 58 | K8: 91 | L8: 7 | M8: 9 | N8: =SUM(B8:M8) -> 627
A9: Searches | B9: 59 | C9: 19 | D9: 295 | E9: 199 | F9: 423 | G9: 222 | H9: 27 | I9: 549 | J9: 261 | K9: 253 | L9: 24 | M9: 42 | N9: =SUM(B9:M9) -> 2373 | O9: 5989.5
A10: Turnaways | B10: 0 | C10: 0 | D10: 0 | E10: 0 | F10: 0 | G10: 0 | H10: 0 | I10: 0 | J10: 0 | K10: 0 | L10: 0 | M10: 0 | N10: =SUM(B10:M10) -> 0
A11: Simultaneous Users | B11: N/A | C11: N/A | D11: N/A | E11: N/A | F11: N/A | G11: N/A | H11: N/A | I11: N/A | J11: N/A | K11: N/A | L11: N/A | M11: N/A | N11: N/A
B14: 39630 | C14: 39661 | D14: 39692 | E14: 39722 | F14: 39753 | G14: 39783 | H14: 39814 | I14: 39845 | J14: 39873 | K14: 39904 | L14: 39934 | M14: 39965 | N14: Total | O14: 2008-2009 Price | P14: Price per unit
A15: Art Index Retrospective
A16: Sessions | B16: 3 | C16: 1 | D16: 13 | E16: 17 | F16: 23 | G16: 7 | H16: 3 | I16: 29 | J16: 18 | K16: 23 | L16: 3 | M16: 0 | N16: =SUM(B16:M16) -> 140
A17: Searches | B17: 9 | C17: 4 | D17: 34 | E17: 42 | F17: 98 | G17: 14 | H17: 10 | I17: 104 | J17: 46 | K17: 56 | L17: 10 | M17: 0 | N17: =SUM(B17:M17) -> 427 | O17: 581
A18: Turnaways | B18: 0 | C18: 0 | D18: 6 | E18: 1 | F18: 0 | G18: 0 | H18: 0 | I18: 0 | J18: 0 | K18: 0 | L18: 0 | M18: 0 | N18: =SUM(B18:M18) -> 7
A19: Simultaneous Users | B19: 3 | C19: 3 | D19: 3 | E19: 3 | F19: 3 | G19: 3 | H19: 3 | I19: 3 | J19: 3 | K19: 3 | L19: 3 | M19: 3 | N19: 3
B22: 39630 | C22: 39661 | D22: 39692 | E22: 39722 | F22: 39753 | G22: 39783 | H22: 39814 | I22: 39845 | J22: 39873 | K22: 39904 | L22: 39934 | M22: 39965 | N22: Total | O22: 2008-2009 Price | P22: Price per unit
A23: Biological & Agricultural Index Plus
A24: Sessions | B24: 9 | C24: 4 | D24: 39 | E24: 33 | F24: 23 | G24: 44 | H24: 26 | I24: 47 | J24: 41 | K24: 53 | L24: 28 | M24: 23 | N24: =SUM(B24:M24) -> 370
A25: Searches | B25: 22 | C25: 10 | D25: 138 | E25: 108 | F25: 73 | G25: 139 | H25: 42 | I25: 157 | J25: 117 | K25: 112 | L25: 41 | M25: 43 | N25: =SUM(B25:M25) -> 1002 | O25: 3411
A26: Turnaways | B26: 0 | C26: 0 | D26: 0 | E26: 0 | F26: 0 | G26: 0 | H26: 0 | I26: 0 | J26: 0 | K26: 0 | L26: 0 | M26: 0 | N26: =SUM(B26:M26) -> 0
A27: Simultaneous Users | B27: N/A | C27: N/A | D27: N/A | E27: N/A | F27: N/A | G27: N/A | H27: N/A | I27: N/A | J27: N/A | K27: N/A | L27: N/A | M27: N/A | N27: N/A
B30: 39630 | C30: 39661 | D30: 39692 | E30: 39722 | F30: 39753 | G30: 39783 | H30: 39814 | I30: 39845 | J30: 39873 | K30: 39904 | L30: 39934 | M30: 39965 | N30: Total | O30: 2008-2009 Price | P30: Price per unit
A31: Education Full Text
A32: Sessions | B32: 127 | C32: 42 | D32: 573 | E32: 656 | F32: 530 | G32: 288 | H32: 171 | I32: 552 | J32: 353 | K32: 473 | L32: 186 | M32: 235 | N32: =SUM(B32:M32) -> 4186
A33: Searches | B33: 432 | C33: 91 | D33: 2483 | E33: 2714 | F33: 2057 | G33: 1067 | H33: 767 | I33: 2387 | J33: 1109 | K33: 1411 | L33: 648 | M33: 712 | N33: =SUM(B33:M33) -> 15878 | O33: 6340.5
A34: Turnaways | B34: 0 | C34: 0 | D34: 0 | E34: 0 | F34: 0 | G34: 0 | H34: 0 | I34: 0 | J34: 0 | K34: 0 | L34: 0 | M34: 0 | N34: =SUM(B34:M34) -> 0
A35: Simultaneous Users | B35: N/A | C35: N/A | D35: N/A | E35: N/A | F35: N/A | G35: N/A | H35: N/A | I35: N/A | J35: N/A | K35: N/A | L35: N/A | M35: N/A | N35: N/A
B38: 39630 | C38: 39661 | D38: 39692 | E38: 39722 | F38: 39753 | G38: 39783 | H38: 39814 | I38: 39845 | J38: 39873 | K38: 39904 | L38: 39934 | M38: 39965 | N38: Total | O38: 2008-2009 Price | P38: Price per unit
A39: Education Index Retrospective
A40: Sessions | B40: 3 | C40: 1 | D40: 67 | E40: 30 | F40: 16 | G40: 13 | H40: 19 | I40: 87 | J40: 22 | K40: 12 | L40: 2 | M40: 4 | N40: =SUM(B40:M40) -> 276
A41: Searches | B41: 5 | C41: 1 | D41: 217 | E41: 99 | F41: 60 | G41: 49 | H41: 52 | I41: 324 | J41: 65 | K41: 33 | L41: 8 | M41: 7 | N41: =SUM(B41:M41) -> 920 | O41: 798
A42: Turnaways | B42: 0 | C42: 0 | D42: 148 | E42: 0 | F42: 0 | G42: 0 | H42: 0 | I42: 639 | J42: 0 | K42: 0 | L42: 0 | M42: 0 | N42: =SUM(B42:M42) -> 787
A43: Simultaneous Users | B43: 3 | C43: 3 | D43: 3 | E43: 3 | F43: 3 | G43: 3 | H43: 3 | I43: 3 | J43: 3 | K43: 3 | L43: 3 | M43: 3 | N43: 3
B46: 39630 | C46: 39661 | D46: 39692 | E46: 39722 | F46: 39753 | G46: 39783 | H46: 39814 | I46: 39845 | J46: 39873 | K46: 39904 | L46: 39934 | M46: 39965 | N46: Total | O46: 2008-2009 Price | P46: Price per unit
A47: ERIC (Free)
A48: Sessions | B48: 0 | C48: 0 | D48: 333 | E48: 454 | F48: 414 | G48: 154 | H48: 92 | I48: 388 | J48: 157 | K48: 271 | L48: 109 | M48: 176 | N48: =SUM(B48:M48) -> 2548
A49: Searches | B49: 0 | C49: 0 | D49: 1457 | E49: 2196 | F49: 1713 | G49: 679 | H49: 417 | I49: 1864 | J49: 639 | K49: 933 | L49: 398 | M49: 599 | N49: =SUM(B49:M49) -> 10895 | O49: 0 | P49: 0
A50: Turnaways | B50: 0 | C50: 0 | D50: 0 | E50: 0 | F50: 0 | G50: 0 | H50: 0 | I50: 0 | J50: 0 | K50: 0 | L50: 0 | M50: 0 | N50: =SUM(B50:M50) -> 0
A51: Simultaneous Users | B51: N/A | C51: N/A | D51: N/A | E51: N/A | F51: N/A | G51: N/A | H51: N/A | I51: N/A | J51: N/A | K51: N/A | L51: N/A | M51: N/A | N51: N/A
B54: 39630 | C54: 39661 | D54: 39692 | E54: 39722 | F54: 39753 | G54: 39783 | H54: 39814 | I54: 39845 | J54: 39873 | K54: 39904 | L54: 39934 | M54: 39965 | N54: Total | O54: 2008-2009 Price | P54: Price per unit
A55: Humanities & Social Sciences Retrospective
A56: Sessions | B56: 15 | C56: 3 | D56: 52 | E56: 83 | F56: 81 | G56: 55 | H56: 12 | I56: 74 | J56: 73 | K56: 65 | L56: 21 | M56: 15 | N56: =SUM(B56:M56) -> 549
A57: Searches | B57: 37 | C57: 5 | D57: 145 | E57: 193 | F57: 269 | G57: 161 | H57: 21 | I57: 204 | J57: 214 | K57: 185 | L57: 45 | M57: 58 | N57: =SUM(B57:M57) -> 1537 | O57: 822
A58: Turnaways | B58: 0 | C58: 0 | D58: 0 | E58: 0 | F58: 0 | G58: 0 | H58: 0 | I58: 2 | J58: 11 | K58: 0 | L58: 0 | M58: 0 | N58: =SUM(B58:M58) -> 13
A59: Simultaneous Users | B59: 3 | C59: 3 | D59: 3 | E59: 3 | F59: 3 | G59: 3 | H59: 3 | I59: 3 | J59: 3 | K59: 3 | L59: 3 | M59: 3 | N59: 3
B62: 39630 | C62: 39661 | D62: 39692 | E62: 39722 | F62: 39753 | G62: 39783 | H62: 39814 | I62: 39845 | J62: 39873 | K62: 39904 | L62: 39934 | M62: 39965 | N62: Total | O62: 2008-2009 Price | P62: Price per unit
A63: Readers Guide Retrospective | O63: Access fee only
A64: Sessions | B64: 13 | C64: 1 | D64: 70 | E64: 50 | F64: 11 | G64: 14 | H64: 8 | I64: 19 | J64: 17 | K64: 7 | L64: 3 | M64: 20 | N64: =SUM(B64:M64) -> 233
A65: Searches | B65: 55 | C65: 1 | D65: 350 | E65: 205 | F65: 35 | G65: 56 | H65: 27 | I65: 61 | J65: 34 | K65: 13 | L65: 8 | M65: 147 | N65: =SUM(B65:M65) -> 992 | O65: 326
A66: Turnaways | B66: 0 | C66: 0 | D66: 0 | E66: 0 | F66: 0 | G66: 0 | H66: 0 | I66: 0 | J66: 0 | K66: 0 | L66: 0 | M66: 0 | N66: =SUM(B66:M66) -> 0
A67: Simultaneous Users | B67: 4 | C67: 4 | D67: 4 | E67: 4 | F67: 4 | G67: 4 | H67: 4 | I67: 4 | J67: 4 | K67: 4 | L67: 4 | M67: 4 | N67: 4
A71: Note: We purchased Art Index Retrospective, Humanities & Social Sciences Retrospective, and Education Index Retrospective in April 2008. Annual access fees will start the following year.
