Workbook

Sheet Bill
A1: Dept. | B1: General Ledger # | C1: GL Description | D1: Building | E1: Address | F1: City | G1: State | H1: Zip | I1: Floor | J1: Room | K1: Model | L1: ROOM2 | M1: Ricoh Tag # | N1: Serial Number | O1: IP Address | P1: Device Type | Q1: Total B&W Click Count | R1: Total Color Click Count | S1: CPC B/W | T1: CPC Color | U1: Prev B&W Click Count | V1: Current B&W Click Count | W1: Prev Color Click Count | X1: Current Color Click Count | Y1: B&W Click Charge | Z1: Color Click Charge | AA1: Device Total Click Charge | AB1: GL Sub Total
A2: Academic Advising | B2: 10_07_205_90300_5521 | C2: Academic Advising | D2: Carroll Hall | E2: VMI | F2: Lexington | G2: Virginia | H2: 24450 | I2: 2 | J2: 210 | K2: AF MPC2051 | L2: 210 | M2: 17099459 | N2: V9725401429 | O2: 144.75.195.41 | P2: MFP | Q2: 11459 | R2: 2435 | S2: 0.0207 | T2: 0.087 | U2: 0 | V2: 11459 | W2: 0 | X2: 2435 | Y2: =ROUND((Q2*S2),2) -> 237.2 | Z2: =ROUND((R2*T2),2) -> 211.85 | AA2: =Y2+Z2 -> 449.05 | AB2: =Table14[[#This Row],[Device Total Click Charge]] -> 449.05
A3: Admissions | B3: 10_03_054_01100_5521 | C3: Admissions | D3: 307 Letcher | E3: VMI | F3: Lexington | G3: Virginia | H3: 24450 | I3: 1 | J3: 201 | K3: AF MPC3502 | L3: 201 | M3: 17099493 | N3: W502L600872 | O3: 144.75.215.48 | P3: MFP | Q3: 14954 | R3: 5607 | S3: 0.0207 | T3: 0.087 | U3: 0 | V3: 14954 | W3: 0 | X3: 5607 | Y3: =ROUND((Q3*S3),2) -> 309.55 | Z3: =ROUND((R3*T3),2) -> 487.81 | AA3: =Y3+Z3 -> 797.36
A4: Admissions | B4: 10_03_054_01100_5521 | C4: Admissions | D4: Letcher Hall | E4: 301 Letcher Avenue | F4: Lexington | G4: Virginia | H4: 22450 | I4: 2 | J4: 205 | K4: AF SPC242DN | L4: 301 | M4: 17099513 | N4: T202P700462 | O4: 144.75.186.31 | P4: Printer | Q4: 795 | R4: 418 | S4: 0.0262 | T4: 0.118 | U4: 0 | V4: 795 | W4: 0 | X4: 418 | Y4: =ROUND((Q4*S4),2) -> 20.83 | Z4: =ROUND((R4*T4),2) -> 49.32 | AA4: =Y4+Z4 -> 70.15
A5: Admissions | B5: 10_03_054_01100_5521 | C5: Admissions | D5: Letcher Hall | E5: 301 Letcher Avenue | F5: Lexington | G5: Virginia | H5: 22450 | I5: 2 | J5: 207 | K5: AF SP4310N | L5: 207 | M5: 17099440 | N5: T1129010899 | O5: 144.75.178.24 | P5: Printer | Q5: 471 | R5: 0 | S5: 0.0262 | T5: 0.118 | U5: 0 | V5: 471 | W5: 0 | X5: 0 | Y5: =ROUND((Q5*S5),2) -> 12.34 | Z5: =ROUND((R5*T5),2) -> 0 | AA5: =Y5+Z5 -> 12.34
A6: Admissions | B6: 10_03_054_01100_5521 | C6: Admissions | D6: Letcher Hall | E6: 301 Letcher Avenue | F6: Lexington | G6: Virginia | H6: 22450 | I6: 3 | J6: 301 | K6: AF SPC242DN | L6: 202 | M6: 17099522 | N6: T202P700447 | O6: 144.75.186.28 | P6: Printer | Q6: 716 | R6: 141 | S6: 0.0262 | T6: 0.118 | U6: 0 | V6: 716 | W6: 0 | X6: 141 | Y6: =ROUND((Q6*S6),2) -> 18.76 | Z6: =ROUND((R6*T6),2) -> 16.64 | AA6: =Y6+Z6 -> 35.4
A7: Admissions | B7: 10_03_054_01100_5521 | C7: Admissions | D7: Letcher Hall | E7: 301 Letcher Avenue | F7: Lexington | G7: Virginia | H7: 22450 | I7: 3 | J7: 302 | K7: AF SPC242DN | L7: 205 | M7: 17099423 | N7: T202P700463 | O7: 144.75.186.29 | P7: Printer | Q7: 47 | R7: 197 | S7: 0.0262 | T7: 0.118 | U7: 0 | V7: 47 | W7: 0 | X7: 197 | Y7: =ROUND((Q7*S7),2) -> 1.23 | Z7: =ROUND((R7*T7),2) -> 23.25 | AA7: =Y7+Z7 -> 24.48
A8: Admissions | B8: 10_03_054_01100_5521 | C8: Admissions | D8: Letcher Hall | E8: 301 Letcher Avenue | F8: Lexington | G8: Virginia | H8: 22450 | I8: 3 | J8: 306 | K8: AF SPC242DN | L8: 302 | M8: 17099511 | N8: T202P700465 | O8: 144.75.186.25 | P8: Printer | Q8: 89 | R8: 3 | S8: 0.0262 | T8: 0.118 | U8: 0 | V8: 89 | W8: 0 | X8: 3 | Y8: =ROUND((Q8*S8),2) -> 2.33 | Z8: =ROUND((R8*T8),2) -> 0.35 | AA8: =Y8+Z8 -> 2.68
A9: Admissions | B9: 10_03_054_01100_5521 | C9: Admissions | D9: Letcher Hall | E9: 301 Letcher Avenue | F9: Lexington | G9: Virginia | H9: 22450 | I9: 2 | J9: 201 | K9: AF SP4310N | L9: 201 | M9: 17099512 | N9: T1129010877 | O9: 144.75.186.30 | P9: Printer | Q9: 48 | R9: 0 | S9: 0.0262 | T9: 0.118 | U9: 0 | V9: 48 | W9: 0 | X9: 0 | Y9: =ROUND((Q9*S9),2) -> 1.26 | Z9: =ROUND((R9*T9),2) -> 0 | AA9: =Y9+Z9 -> 1.26 | AB9: =SUM(AA3:AA9) -> 943.67
A10: ADV | B10: 10_03_064_50550_5521 | C10: Printer Services | D10: Carroll Hall | E10: VMI | F10: Lexington | G10: Virginia | H10: 24450 | I10: 2 | J10: 210C | K10: AF SP4310N | L10: 210C | M10: 17099562 | N10: T1128911292 | O10: 144.75.195.20 | P10: Printer | Q10: 650 | R10: 0 | S10: 0.0262 | T10: 0.118 | U10: 0 | V10: 650 | W10: 0 | X10: 0 | Y10: =ROUND((Q10*S10),2) -> 17.03 | Z10: =ROUND((R10*T10),2) -> 0 | AA10: =Y10+Z10 -> 17.03 | AB10: =Table14[[#This Row],[Device Total Click Charge]] -> 17.03
A11: Air Force Rotc | B11: 10_03_011_02100_5521 | C11: ROTC-Air Force | D11: Kilbourne Hall | E11: VMI | F11: Lexington | G11: Virginia | H11: 24450 | I11: 2 | J11: 2012 | K11: AF SP4310N | L11: 2012 | M11: 17099443 | N11: T1129010871 | O11: 144.75.187.135 | P11: Printer | Q11: 309 | R11: 0 | S11: 0.0262 | T11: 0.118 | U11: 0 | V11: 309 | W11: 0 | X11: 0 | Y11: =ROUND((Q11*S11),2) -> 8.1 | Z11: =ROUND((R11*T11),2) -> 0 | AA11: =Y11+Z11 -> 8.1
A12: Air Force Rotc | B12: 10_03_011_02100_5521 | C12: ROTC-Air Force | D12: Kilbourne Hall | E12: VMI | F12: Lexington | G12: Virginia | H12: 24450 | I12: 2 | J12: 2018 | K12: AF SP4310N | L12: 2018 | M12: 17099438 | N12: T1129010832 | O12: 144.75.187.138 | P12: Printer | Q12: 824 | R12: 0 | S12: 0.0262 | T12: 0.118 | U12: 0 | V12: 824 | W12: 0 | X12: 0 | Y12: =ROUND((Q12*S12),2) -> 21.59 | Z12: =ROUND((R12*T12),2) -> 0 | AA12: =Y12+Z12 -> 21.59 | AB12: =SUM(AA11:AA12) -> 29.69
A13: Archives/Undergraduate Research | B13: 10_03_041_62100_5521 | C13: Libraries | D13: Preston Library | E13: VMI | F13: Lexington | G13: Virginia | H13: 24450 | I13: 3 | J13: 400 | K13: AF MPC3502 | L13: Main | M13: 17099489 | N13: W502L700081 | O13: 144.75.197.69 | P13: MFP | Q13: 1248 | R13: 87 | S13: 0.0207 | T13: 0.087 | U13: 0 | V13: 1248 | W13: 0 | X13: 87 | Y13: =ROUND((Q13*S13),2) -> 25.83 | Z13: =ROUND((R13*T13),2) -> 7.57 | AA13: =Y13+Z13 -> 33.4 | AB13: =Table14[[#This Row],[Device Total Click Charge]] -> 33.4
A14: Army Rotc | B14: 10_03_011_04100_5521 | C14: ROTC-Army | D14: Kilbourne Hall | E14: VMI | F14: Lexington | G14: Virginia | H14: 24450 | I14: 2 | J14: 2057 | K14: AF SP4310N | L14: 2057 | M14: 17099444 | N14: T1129010677 | O14: 144.75.187.133 | P14: Printer | Q14: 1043 | R14: 0 | S14: 0.0262 | T14: 0.118 | U14: 0 | V14: 1043 | W14: 0 | X14: 0 | Y14: =ROUND((Q14*S14),2) -> 27.33 | Z14: =ROUND((R14*T14),2) -> 0 | AA14: =Y14+Z14 -> 27.33
A15: Army Rotc | B15: 10_03_011_04100_5521 | C15: ROTC-Army | D15: Kilbourne Hall | E15: VMI | F15: Lexington | G15: Virginia | H15: 24450 | I15: 2 | J15: 2029 | K15: AF SP4310N | L15: 2029 | M15: 17099446 | N15: T1129010869 | O15: 144.75.187.137 | P15: Printer | Q15: 149 | R15: 0 | S15: 0.0262 | T15: 0.118 | U15: 0 | V15: 149 | W15: 0 | X15: 0 | Y15: =ROUND((Q15*S15),2) -> 3.9 | Z15: =ROUND((R15*T15),2) -> 0 | AA15: =Y15+Z15 -> 3.9
A16: Army Rotc | B16: 10_03_011_04100_5521 | C16: ROTC-Army | D16: Kilbourne Hall | E16: VMI | F16: Lexington | G16: Virginia | H16: 24450 | I16: 2 | J16: 2067 | K16: AF SP4310N | L16: 2067 | M16: 17099425 | N16: T1129010889 | O16: 144.75.187.123 | P16: Printer | Q16: 436 | R16: 0 | S16: 0.0262 | T16: 0.118 | U16: 0 | V16: 436 | W16: 0 | X16: 0 | Y16: =ROUND((Q16*S16),2) -> 11.42 | Z16: =ROUND((R16*T16),2) -> 0 | AA16: =Y16+Z16 -> 11.42
A17: Army Rotc | B17: 10_03_011_04100_5521 | C17: ROTC-Army | D17: Kilbourne Hall | E17: VMI | F17: Lexington | G17: Virginia | H17: 24450 | I17: 2 | J17: 2061 | K17: AF SP4310N | L17: 2061 | M17: 17099442 | N17: T1129010681 | O17: 144.75.187.136 | P17: Printer | Q17: 263 | R17: 0 | S17: 0.0262 | T17: 0.118 | U17: 0 | V17: 263 | W17: 0 | X17: 0 | Y17: =ROUND((Q17*S17),2) -> 6.89 | Z17: =ROUND((R17*T17),2) -> 0 | AA17: =Y17+Z17 -> 6.89
A18: Army Rotc | B18: 10_03_011_04100_5521 | C18: ROTC-Army | D18: Kilbourne Hall | E18: VMI | F18: Lexington | G18: Virginia | H18: 24450 | I18: 2 | J18: 2056 | K18: AF SP4310N | L18: 2056 | M18: 17099436 | N18: T1129010837 | O18: 144.75.187.131 | P18: Printer | Q18: 798 | R18: 0 | S18: 0.0262 | T18: 0.118 | U18: 0 | V18: 798 | W18: 0 | X18: 0 | Y18: =ROUND((Q18*S18),2) -> 20.91 | Z18: =ROUND((R18*T18),2) -> 0 | AA18: =Y18+Z18 -> 20.91
A19: Army Rotc | B19: 10_03_011_04100_5521 | C19: ROTC-Army | D19: Kilbourne Hall | E19: VMI | F19: Lexington | G19: Virginia | H19: 24450 | I19: 2 | J19: 2066 | K19: AF SP4310N | L19: 2066 | M19: 17099426 | N19: T1129010820 | O19: 144.75.187.121 | P19: Printer | Q19: 139 | R19: 0 | S19: 0.0262 | T19: 0.118 | U19: 0 | V19: 139 | W19: 0 | X19: 0 | Y19: =ROUND((Q19*S19),2) -> 3.64 | Z19: =ROUND((R19*T19),2) -> 0 | AA19: =Y19+Z19 -> 3.64
A20: Army Rotc | B20: 10_03_011_04100_5521 | C20: ROTC-Army | D20: Kilbourne Hall | E20: VMI | F20: Lexington | G20: Virginia | H20: 24450 | I20: 2 | J20: 2060 | K20: AF SP4310N | L20: 2060 | M20: 17099430 | N20: T1129010760 | O20: 144.75.187.119 | P20: Printer | Q20: 118 | R20: 0 | S20: 0.0262 | T20: 0.118 | U20: 0 | V20: 118 | W20: 0 | X20: 0 | Y20: =ROUND((Q20*S20),2) -> 3.09 | Z20: =ROUND((R20*T20),2) -> 0 | AA20: =Y20+Z20 -> 3.09
A21: Army Rotc | B21: 10_03_011_04100_5521 | C21: ROTC-Army | D21: Kilbourne Hall | E21: VMI | F21: Lexington | G21: Virginia | H21: 24450 | I21: 2 | J21: 2070 | K21: AF SP4310N | L21: 2070 | M21: 17099428 | N21: T1129010900 | O21: 144.75.187.132 | P21: Printer | Q21: 592 | R21: 0 | S21: 0.0262 | T21: 0.118 | U21: 0 | V21: 592 | W21: 0 | X21: 0 | Y21: =ROUND((Q21*S21),2) -> 15.51 | Z21: =ROUND((R21*T21),2) -> 0 | AA21: =Y21+Z21 -> 15.51
A22: Army Rotc | B22: 10_03_011_04100_5521 | C22: ROTC-Army | D22: Kilbourne Hall | E22: VMI | F22: Lexington | G22: Virginia | H22: 24450 | I22: 2 | J22: 2053 | K22: AF SP4310N | L22: 2053 | M22: 17099437 | N22: T1129010748 | O22: 144.75.187.112 | P22: Printer | Q22: 400 | R22: 0 | S22: 0.0262 | T22: 0.118 | U22: 0 | V22: 400 | W22: 0 | X22: 0 | Y22: =ROUND((Q22*S22),2) -> 10.48 | Z22: =ROUND((R22*T22),2) -> 0 | AA22: =Y22+Z22 -> 10.48
A23: Army Rotc | B23: 10_03_011_04100_5521 | C23: ROTC-Army | D23: Kilbourne Hall | E23: VMI | F23: Lexington | G23: Virginia | H23: 24450 | I23: 2 | J23: 2023 | K23: AF SP4310N | L23: 2023 | M23: 17099435 | N23: T1129010902 | O23: 144.75.187.16 | P23: Printer | Q23: 214 | R23: 0 | S23: 0.0262 | T23: 0.118 | U23: 0 | V23: 214 | W23: 0 | X23: 0 | Y23: =ROUND((Q23*S23),2) -> 5.61 | Z23: =ROUND((R23*T23),2) -> 0 | AA23: =Y23+Z23 -> 5.61
A24: Army Rotc | B24: 10_03_011_04100_5521 | C24: ROTC-Army | D24: Kilbourne Hall | E24: VMI | F24: Lexington | G24: Virginia | H24: 24450 | I24: 2 | J24: 2063 | K24: AF SP4310N | L24: Admin | M24: 17099427 | N24: T1129010874 | O24: 144.75.187.118 | P24: Printer | Q24: 563 | R24: 0 | S24: 0.0262 | T24: 0.118 | U24: 0 | V24: 563 | W24: 0 | X24: 0 | Y24: =ROUND((Q24*S24),2) -> 14.75 | Z24: =ROUND((R24*T24),2) -> 0 | AA24: =Y24+Z24 -> 14.75
A25: Army Rotc | B25: 10_03_011_04100_5521 | C25: ROTC-Army | D25: Kilbourne Hall | E25: VMI | F25: Lexington | G25: Virginia | H25: 24450 | I25: 2 | J25: 2064 | K25: AF SP4310N | L25: 2064 | M25: 17099439 | N25: T1129010823 | O25: 144.75.187.140 | P25: Printer | Q25: 446 | R25: 0 | S25: 0.0262 | T25: 0.118 | U25: 0 | V25: 446 | W25: 0 | X25: 0 | Y25: =ROUND((Q25*S25),2) -> 11.69 | Z25: =ROUND((R25*T25),2) -> 0 | AA25: =Y25+Z25 -> 11.69
A26: Army Rotc | B26: 10_03_011_04100_5521 | C26: ROTC-Army | D26: Kilbourne Hall | E26: VMI | F26: Lexington | G26: Virginia | H26: 24450 | I26: 2 | J26: 2022 | K26: AF MPC3502 | L26: 2022 | M26: 17099434 | N26: W502L600854 | O26: 144.75.187.122 | P26: MFP | Q26: 41179 | R26: 2092 | S26: 0.0207 | T26: 0.087 | U26: 0 | V26: 41179 | W26: 0 | X26: 2092 | Y26: =ROUND((Q26*S26),2) -> 852.41 | Z26: =ROUND((R26*T26),2) -> 182 | AA26: =Y26+Z26 -> 1034.41 | AB26: =SUM(AA14:AA26) -> 1169.63
A27: Athletic Director | B27: 30_00_310_06110_5521 | C27: Administrative | D27: Cameron Hall | E27: VMI | F27: Lexington | G27: Virginia | H27: 22450 | I27: 2 | J27: 241 | K27: AF SP4310N | L27: 241 | M27: 17099552 | N27: T1129010427 | O27: 144.75.183.9 | P27: Printer | Q27: 1199 | R27: 0 | S27: 0.0262 | T27: 0.118 | U27: 0 | V27: 1199 | W27: 0 | X27: 0 | Y27: =ROUND((Q27*S27),2) -> 31.41 | Z27: =ROUND((R27*T27),2) -> 0 | AA27: =Y27+Z27 -> 31.41
A28: Athletics | B28: 30_00_310_06110_5521 | C28: Administrative | D28: Cameron Hall | E28: VMI | F28: Lexington | G28: Virginia | H28: 22450 | I28: 1 | J28: Main | K28: AF SP4310N | L28: Main | M28: 17099554 | N28: T1129010385 | O28: 144.75.183.63 | P28: Printer | Q28: 282 | R28: 0 | S28: 0.0262 | T28: 0.118 | U28: 0 | V28: 282 | W28: 0 | X28: 0 | Y28: =ROUND((Q28*S28),2) -> 7.39 | Z28: =ROUND((R28*T28),2) -> 0 | AA28: =Y28+Z28 -> 7.39
A29: Athletics | B29: 30_00_310_06110_5521 | C29: Administrative | D29: Cameron Hall | E29: VMI | F29: Lexington | G29: Virginia | H29: 22450 | I29: 2 | J29: 242 | K29: AF SP4310N | L29: 242 | M29: 17099553 | N29: T1129010420 | O29: 144.75.183.64 | P29: Printer | Q29: 491 | R29: 0 | S29: 0.0262 | T29: 0.118 | U29: 0 | V29: 491 | W29: 0 | X29: 0 | Y29: =ROUND((Q29*S29),2) -> 12.86 | Z29: =ROUND((R29*T29),2) -> 0 | AA29: =Y29+Z29 -> 12.86
A30: Athletics | B30: 30_00_310_06110_5521 | C30: Administrative | D30: Cameron Hall | E30: VMI | F30: Lexington | G30: Virginia | H30: 22450 | I30: 1 | J30: 302 | K30: AF MPC2051 | L30: Athletic Director | M30: 17099722 | N30: V9725401418 | O30: 144.75.183.52 | P30: MFP | Q30: 3285 | R30: 6416 | S30: 0.0207 | T30: 0.087 | U30: 0 | V30: 3285 | W30: 0 | X30: 6416 | Y30: =ROUND((Q30*S30),2) -> 68 | Z30: =ROUND((R30*T30),2) -> 558.19 | AA30: =Y30+Z30 -> 626.19
A31: Athletics | B31: 30_00_310_06110_5521 | C31: Administrative | D31: Cameron Hall | E31: VMI | F31: Lexington | G31: Virginia | H31: 22450 | I31: 2 | J31: 235 | K31: AF MPC6501 | L31: 235 | M31: 17099490 | N31: V7620400078 | O31: 144.75.183.56 | P31: MFP | Q31: 15315 | R31: 2952 | S31: 0.0207 | T31: 0.087 | U31: 0 | V31: 15315 | W31: 0 | X31: 2952 | Y31: =ROUND((Q31*S31),2) -> 317.02 | Z31: =ROUND((R31*T31),2) -> 256.82 | AA31: =Y31+Z31 -> 573.84
A32: Athletics | B32: 30_00_310_06110_5521 | C32: Administrative | D32: Cameron Hall | E32: VMI | F32: Lexington | G32: Virginia | H32: 22450 | I32: 1 | J32: 312 | K32: AF SP4310N | L32: 312 | M32: 17099555 | N32: T1129010428 | O32: 144.75.183.67 | P32: Printer | Q32: 480 | R32: 0 | S32: 0.0262 | T32: 0.118 | U32: 0 | V32: 480 | W32: 0 | X32: 0 | Y32: =ROUND((Q32*S32),2) -> 12.58 | Z32: =ROUND((R32*T32),2) -> 0 | AA32: =Y32+Z32 -> 12.58
A33: Athletics Basketball Office | B33: 30_00_310_06110_5521 | C33: Administrative | D33: Cameron Hall | E33: VMI | F33: Lexington | G33: Virginia | H33: 22450 | I33: 2 | J33: 204 | K33: AF MP301SP | L33: 204 | M33: 17099507 | N33: W912P602280 | O33: 144.75.183.73 | P33: MFP | Q33: 4886 | R33: 0 | S33: 0.0207 | T33: 0.087 | U33: 0 | V33: 4886 | W33: 0 | X33: 0 | Y33: =ROUND((Q33*S33),2) -> 101.14 | Z33: =ROUND((R33*T33),2) -> 0 | AA33: =Y33+Z33 -> 101.14 | AB33: =SUM(AA27:AA33) -> 1365.41
A34: Athletics TRAC | B34: 30_00_310_06020_5521 | C34: Track & Cross Country | D34: Cameron Hall | E34: VMI | F34: Lexington | G34: Virginia | H34: 22450 | I34: 2 | J34: 231 | K34: AF SP4310N | L34: 231 | M34: 17099560 | N34: T1129010426 | O34: 144.75.183.68 | P34: Printer | Q34: 845 | R34: 0 | S34: 0.0262 | T34: 0.118 | U34: 0 | V34: 845 | W34: 0 | X34: 0 | Y34: =ROUND((Q34*S34),2) -> 22.14 | Z34: =ROUND((R34*T34),2) -> 0 | AA34: =Y34+Z34 -> 22.14 | AB34: =Table14[[#This Row],[Device Total Click Charge]] -> 22.14
A35: Athletics Women's Soccer | B35: 30_00_310_06095_5521 | C35: Soccer - Women | D35: Cameron Hall | E35: VMI | F35: Lexington | G35: Virginia | H35: 22450 | I35: 2 | J35: 239 | K35: AF SP4310N | L35: 239 | M35: 17099565 | N35: T1129010419 | O35: 144.75.183.69 | P35: Printer | Q35: 192 | R35: 0 | S35: 0.0262 | T35: 0.118 | U35: 0 | V35: 192 | W35: 0 | X35: 0 | Y35: =ROUND((Q35*S35),2) -> 5.03 | Z35: =ROUND((R35*T35),2) -> 0 | AA35: =Y35+Z35 -> 5.03 | AB35: =Table14[[#This Row],[Device Total Click Charge]] -> 5.03
A36: Auxiliary Services | B36: 10_08_309_82115_5521 | C36: Auxiliary Administration | D36: Cocke Hall | E36: VMI | F36: Lexington | G36: Virginia | H36: 24450 | I36: 5 | J36: 201 | K36: AF MPC2051 | L36: 201 | M36: 17099424 | N36: V9725500651 | O36: 144.75.177.32 | P36: MFP | Q36: 1697 | R36: 361 | S36: 0.0207 | T36: 0.087 | U36: 0 | V36: 1697 | W36: 0 | X36: 361 | Y36: =ROUND((Q36*S36),2) -> 35.13 | Z36: =ROUND((R36*T36),2) -> 31.41 | AA36: =Y36+Z36 -> 66.54 | AB36: =Table14[[#This Row],[Device Total Click Charge]] -> 66.54
A37: Band | B37: 10_07_205_30200_5521 | C37: UMA-Band | D37: Shell Hall | E37: VMI | F37: Lexington | G37: Virginia | H37: 24450 | I37: 2 | J37: 207 | K37: AF MP301SP | L37: 312 | M37: 17099460 | N37: W912P602276 | O37: 144.75.180.76 | P37: Printer | Q37: 2983 | R37: 0 | S37: 0.0262 | T37: 0.118 | U37: 0 | V37: 2983 | W37: 0 | X37: 0 | Y37: =ROUND((Q37*S37),2) -> 78.15 | Z37: =ROUND((R37*T37),2) -> 0 | AA37: =Y37+Z37 -> 78.15 | AB37: =Table14[[#This Row],[Device Total Click Charge]] -> 78.15
A38: Barracks Study Room | B38: 10_03_064_50550_5521 | C38: Printer Services | D38: New Barracks | E38: VMI | F38: Lexington | G38: Virginia | H38: 23350 | I38: 1 | J38: C11 | K38: AF MP4002 | L38: C11 | M38: 17099483 | N38: W522L700693 | O38: 144.75.188.60 | P38: MFP | Q38: 68697 | R38: 0 | S38: 0.0207 | T38: 0.087 | U38: 0 | V38: 68697 | W38: 0 | X38: 0 | Y38: =ROUND((Q38*S38),2) -> 1422.03 | Z38: =ROUND((R38*T38),2) -> 0 | AA38: =Y38+Z38 -> 1422.03
A39: Barracks Study Room | B39: 10_03_064_50550_5521 | C39: Printer Services | D39: New Barracks | E39: VMI | F39: Lexington | G39: Virginia | H39: 23350 | I39: 1 | J39: C11 | K39: AF MP4002 | L39: 303E | M39: 17099482 | N39: W522L700688 | O39: 144.75.188.50 | P39: MFP | Q39: 142699 | R39: 0 | S39: 0.0207 | T39: 0.087 | U39: 0 | V39: 142699 | W39: 0 | X39: 0 | Y39: =ROUND((Q39*S39),2) -> 2953.87 | Z39: =ROUND((R39*T39),2) -> 0 | AA39: =Y39+Z39 -> 2953.87 | AB39: =SUM(AA38:AA39) -> 4375.9
A40: Biology | B40: 10_03_011_10100_5521 | C40: Biology | D40: Maury Brooke | E40: VMI | F40: Lexington | G40: Virginia | H40: 24450 | I40: 2 | J40: 203 | K40: AF SP4310N | L40: 203B | M40: 17099613 | N40: T1129011365 | O40: 144.75.202.56 | P40: Printer | Q40: 1725 | R40: 0 | S40: 0.0262 | T40: 0.118 | U40: 0 | V40: 1725 | W40: 0 | X40: 0 | Y40: =ROUND((Q40*S40),2) -> 45.2 | Z40: =ROUND((R40*T40),2) -> 0 | AA40: =Y40+Z40 -> 45.2
A41: Biology | B41: 10_03_011_10100_5521 | C41: Biology | D41: Maury Brooke | E41: VMI | F41: Lexington | G41: Virginia | H41: 24450 | I41: 2 | J41: 203A | K41: AF SP4310N | L41: 315 | M41: 17099611 | N41: T1128911356 | O41: 144.75.202.51 | P41: Printer | Q41: 830 | R41: 0 | S41: 0.0262 | T41: 0.118 | U41: 0 | V41: 830 | W41: 0 | X41: 0 | Y41: =ROUND((Q41*S41),2) -> 21.75 | Z41: =ROUND((R41*T41),2) -> 0 | AA41: =Y41+Z41 -> 21.75
A42: Biology | B42: 10_03_011_10100_5521 | C42: Biology | D42: Maury Brooke | E42: VMI | F42: Lexington | G42: Virginia | H42: 24450 | I42: 2 | J42: 203B | K42: AF SP4310N | L42: 403H | M42: 17099569 | N42: T1129011364 | O42: 144.75.202.58 | P42: Printer | Q42: 116 | R42: 0 | S42: 0.0262 | T42: 0.118 | U42: 0 | V42: 116 | W42: 0 | X42: 0 | Y42: =ROUND((Q42*S42),2) -> 3.04 | Z42: =ROUND((R42*T42),2) -> 0 | AA42: =Y42+Z42 -> 3.04
A43: Biology | B43: 10_03_011_10100_5521 | C43: Biology | D43: Maury Brooke | E43: VMI | F43: Lexington | G43: Virginia | H43: 24450 | I43: 2 | J43: 203C | K43: AF SP4310N | L43: 203A | M43: 17099612 | N43: T1128911365 | O43: 144.75.202.44 | P43: Printer | Q43: 272 | R43: 0 | S43: 0.0262 | T43: 0.118 | U43: 0 | V43: 272 | W43: 0 | X43: 0 | Y43: =ROUND((Q43*S43),2) -> 7.13 | Z43: =ROUND((R43*T43),2) -> 0 | AA43: =Y43+Z43 -> 7.13
A44: Biology | B44: 10_03_011_10100_5521 | C44: Biology | D44: Maury Brooke | E44: VMI | F44: Lexington | G44: Virginia | H44: 24450 | I44: 2 | J44: 203 | K44: AF MPC2051 | L44: 303 | M44: 17099484 | N44: V9725401445 | O44: 144.75.191.21 | P44: MFP | Q44: 5967 | R44: 637 | S44: 0.0207 | T44: 0.087 | U44: 0 | V44: 5967 | W44: 0 | X44: 637 | Y44: =ROUND((Q44*S44),2) -> 123.52 | Z44: =ROUND((R44*T44),2) -> 55.42 | AA44: =Y44+Z44 -> 178.94
A45: Biology | B45: 10_03_064_50550_5521 | C45: Printer Services | D45: Mallory Hall | E45: VMI | F45: Lexington | G45: Virginia | H45: 24450 | I45: 2 | J45: 214 | K45: AF SP4310N | L45: 414 | M45: 17099580 | N45: T1129011291 | O45: 144.75.182.5 | P45: Printer | Q45: 1692 | R45: 0 | S45: 0.0262 | T45: 0.118 | U45: 0 | V45: 1692 | W45: 0 | X45: 0 | Y45: =ROUND((Q45*S45),2) -> 44.33 | Z45: =ROUND((R45*T45),2) -> 0 | AA45: =Y45+Z45 -> 44.33 | AB45: =SUM(AA40:AA45) -> 300.39
A46: Business Office | B46: 10_03_062_16100_5521 | C46: Business Executive | D46: Smith Hall | E46: VMI | F46: Lexington | G46: Virginia | H46: 24450 | I46: 3 | J46: 303 | K46: AF SP4310N | L46: 201 | M46: 17099709 | N46: T1128911215 | O46: 144.75.179.115 | P46: Printer | Q46: 231 | R46: 0 | S46: 0.0262 | T46: 0.118 | U46: 0 | V46: 231 | W46: 0 | X46: 0 | Y46: =ROUND((Q46*S46),2) -> 6.05 | Z46: =ROUND((R46*T46),2) -> 0 | AA46: =Y46+Z46 -> 6.05
A47: Business Office | B47: 10_03_062_16100_5521 | C47: Business Executive | D47: Smith Hall | E47: VMI | F47: Lexington | G47: Virginia | H47: 24450 | I47: 3 | J47: 303 | K47: AF SP4310N | L47: 303 | M47: 17099711 | N47: T1128911216 | O47: 144.75.179.65 | P47: Printer | Q47: 2654 | R47: 0 | S47: 0.0262 | T47: 0.118 | U47: 0 | V47: 2654 | W47: 0 | X47: 0 | Y47: =ROUND((Q47*S47),2) -> 69.53 | Z47: =ROUND((R47*T47),2) -> 0 | AA47: =Y47+Z47 -> 69.53 | AB47: =SUM(AA46:AA47) -> 75.58
A48: Career Services / Financial Aid | B48: 10_03_053_20300_5521 | C48: Financial Aid Administration | D48: Carroll Hall | E48: VMI | F48: Lexington | G48: Virginia | H48: 24450 | I48: 3 | J48: 313 | K48: AF SP4310N | L48: 313 | M48: 17099617 | N48: T1128911361 | O48: 144.75.195.81 | P48: Printer | Q48: 205 | R48: 0 | S48: 0.0262 | T48: 0.118 | U48: 0 | V48: 205 | W48: 0 | X48: 0 | Y48: =ROUND((Q48*S48),2) -> 5.37 | Z48: =ROUND((R48*T48),2) -> 0 | AA48: =Y48+Z48 -> 5.37
A49: Career Services / Financial Aid | B49: 10_03_053_20300_5521 | C49: Financial Aid Administration | D49: Carroll Hall | E49: VMI | F49: Lexington | G49: Virginia | H49: 24450 | I49: 3 | J49: 311 | K49: AF SP4310N | L49: 311 | M49: 17099570 | N49: T1128910754 | O49: 144.75.195.25 | P49: Printer | Q49: 666 | R49: 0 | S49: 0.0262 | T49: 0.118 | U49: 0 | V49: 666 | W49: 0 | X49: 0 | Y49: =ROUND((Q49*S49),2) -> 17.45 | Z49: =ROUND((R49*T49),2) -> 0 | AA49: =Y49+Z49 -> 17.45
A50: Career Services / Financial Aid | B50: 10_03_053_20300_5521 | C50: Financial Aid Administration | D50: Carroll Hall | E50: VMI | F50: Lexington | G50: Virginia | H50: 24450 | I50: 3 | J50: 312 | K50: AF SP4310N | L50: 312 | M50: 17099618 | N50: T1128911369 | O50: 144.75.195.109 | P50: Printer | Q50: 2046 | R50: 0 | S50: 0.0262 | T50: 0.118 | U50: 0 | V50: 2046 | W50: 0 | X50: 0 | Y50: =ROUND((Q50*S50),2) -> 53.61 | Z50: =ROUND((R50*T50),2) -> 0 | AA50: =Y50+Z50 -> 53.61
A51: Career Services / Financial Aid | B51: 10_03_053_20300_5521 | C51: Financial Aid Administration | D51: Carroll Hall | E51: VMI | F51: Lexington | G51: Virginia | H51: 24450 | I51: 2 | J51: 209 | K51: AF SP4310N | L51: 209 | M51: 17099577 | N51: T1128911363 | O51: 144.75.195.229 | P51: Printer | Q51: 3 | R51: 0 | S51: 0.0262 | T51: 0.118 | U51: 0 | V51: 3 | W51: 0 | X51: 0 | Y51: =ROUND((Q51*S51),2) -> 0.08 | Z51: =ROUND((R51*T51),2) -> 0 | AA51: =Y51+Z51 -> 0.08
A52: Career Services / Financial Aid | B52: 10_03_064_50550_5521 | C52: Printer Services | D52: Carroll Hall | E52: VMI | F52: Lexington | G52: Virginia | H52: 24450 | I52: 3 | J52: 307 | K52: AF MPC6501 | L52: 307 | M52: 17099454 | N52: V7620400172 | O52: 144.75.195.225 | P52: MFP | Q52: 32149 | R52: 3700 | S52: 0.0207 | T52: 0.087 | U52: 0 | V52: 32149 | W52: 0 | X52: 3700 | Y52: =ROUND((Q52*S52),2) -> 665.48 | Z52: =ROUND((R52*T52),2) -> 321.9 | AA52: =Y52+Z52 -> 987.38 | AB52: =SUM(AA48:AA52) -> 1063.89
A53: Center for Leadership & Ethics | B53: 30_00_045_61150_5521 | C53: Center for Leadership & Ethics | D53: Center for Leadership & Ethics | E53: VMI | F53: Lexington | G53: Virginia | H53: 24450 | I53: 2 | J53: 201 | K53: AF SP4310N | L53: 201 | M53: 17099602 | N53: T1129012327 | O53: 144.75.215.10 | P53: Printer | Q53: 1809 | R53: 0 | S53: 0.0262 | T53: 0.118 | U53: 0 | V53: 1809 | W53: 0 | X53: 0 | Y53: =ROUND((Q53*S53),2) -> 47.4 | Z53: =ROUND((R53*T53),2) -> 0 | AA53: =Y53+Z53 -> 47.4
A54: Center for Leadership & Ethics | B54: 30_00_045_61150_5521 | C54: Center for Leadership & Ethics | D54: Center for Leadership & Ethics | E54: VMI | F54: Lexington | G54: Virginia | H54: 24450 | I54: 1 | J54: 201 | K54: AF MPC2051 | L54: Main | M54: 17099534 | N54: V9725400756 | O54: 144.75.215.6 | P54: MFP | Q54: 4600 | R54: 3789 | S54: 0.0207 | T54: 0.087 | U54: 0 | V54: 4600 | W54: 0 | X54: 3789 | Y54: =ROUND((Q54*S54),2) -> 95.22 | Z54: =ROUND((R54*T54),2) -> 329.64 | AA54: =Y54+Z54 -> 424.86
A55: Center for Leadership & Ethics | B55: 30_00_045_61150_5521 | C55: Center for Leadership & Ethics | D55: Center for Leadership & Ethics | E55: VMI | F55: Lexington | G55: Virginia | H55: 24450 | I55: 2 | J55: 201 | K55: AF SP4310N | L55: Sound Booth | M55: 17099694 | N55: T1129011351 | O55: 144.75.215.30 | P55: Printer | Q55: 49 | R55: 0 | S55: 0.0262 | T55: 0.118 | U55: 0 | V55: 49 | W55: 0 | X55: 0 | Y55: =ROUND((Q55*S55),2) -> 1.28 | Z55: =ROUND((R55*T55),2) -> 0 | AA55: =Y55+Z55 -> 1.28 | AB55: =SUM(AA53:AA55) -> 473.54
A56: Chaplains Office | B56: 10_07_205_24100_5521 | C56: UMA-Counselors Office | D56: Old Hospital | E56: VMI | F56: Lexington | G56: Virginia | H56: 24450 | I56: 2 | J56: 202 | K56: AF MP301SP | L56: 1 | M56: 17099532 | N56: W912P601485 | O56: 144.75.180.73 | P56: Printer | Q56: 2710 | R56: 0 | S56: 0.0262 | T56: 0.118 | U56: 0 | V56: 2710 | W56: 0 | X56: 0 | Y56: =ROUND((Q56*S56),2) -> 71 | Z56: =ROUND((R56*T56),2) -> 0 | AA56: =Y56+Z56 -> 71 | AB56: =Table14[[#This Row],[Device Total Click Charge]] -> 71
A57: Chemistry | B57: 10_03_011_26100_5521 | C57: Chemistry | D57: Maury Brooke | E57: VMI | F57: Lexington | G57: Virginia | H57: 24450 | I57: 4 | J57: 403H | K57: AF SP4310N | L57: 203C | M57: 17099616 | N57: T1129011350 | O57: 144.75.202.13 | P57: Printer | Q57: 1848 | R57: 0 | S57: 0.0262 | T57: 0.118 | U57: 0 | V57: 1848 | W57: 0 | X57: 0 | Y57: =ROUND((Q57*S57),2) -> 48.42 | Z57: =ROUND((R57*T57),2) -> 0 | AA57: =Y57+Z57 -> 48.42
A58: Chemistry | B58: 10_03_011_26100_5521 | C58: Chemistry | D58: Maury Brooke | E58: VMI | F58: Lexington | G58: Virginia | H58: 24450 | I58: 3 | J58: 303E | K58: AF MPC3502 | L58: 203 | M58: 17099462 | N58: W502L601221 | O58: 144.75.202.45 | P58: MFP | Q58: 15902 | R58: 93 | S58: 0.0207 | T58: 0.087 | U58: 0 | V58: 15902 | W58: 0 | X58: 93 | Y58: =ROUND((Q58*S58),2) -> 329.17 | Z58: =ROUND((R58*T58),2) -> 8.09 | AA58: =Y58+Z58 -> 337.26
A59: Chemistry | B59: 10_03_011_26100_5521 | C59: Chemistry | D59: Maury Brooke | E59: VMI | F59: Lexington | G59: Virginia | H59: 24450 | I59: 3 | J59: 303 | K59: AF SP4310N | L59: 203 | M59: 17099615 | N59: T1129011366 | O59: 144.75.202.14 | P59: Printer | Q59: 2620 | R59: 0 | S59: 0.0262 | T59: 0.118 | U59: 0 | V59: 2620 | W59: 0 | X59: 0 | Y59: =ROUND((Q59*S59),2) -> 68.64 | Z59: =ROUND((R59*T59),2) -> 0 | AA59: =Y59+Z59 -> 68.64 | AB59: =SUM(AA57:AA59) -> 454.32
A60: Civil & Environmental Eng. | B60: 10_03_011_28100_5521 | C60: Civil Engineering | D60: Nichols Hall | E60: VMI | F60: Lexington | G60: Virginia | H60: 24450 | I60: 6 | J60: 609 | K60: AF MPC4502 | L60: 343 | M60: 17099782 | N60: W512L700506 | O60: 144.75.193.90 | P60: MFP | Q60: 58198 | R60: 18058 | S60: 0.0207 | T60: 0.087 | U60: 0 | V60: 58198 | W60: 0 | X60: 18058 | Y60: =ROUND((Q60*S60),2) -> 1204.7 | Z60: =ROUND((R60*T60),2) -> 1571.05 | AA60: =Y60+Z60 -> 2775.75
A61: Civil & Environmental Eng. | B61: 10_03_011_28100_5521 | C61: Civil Engineering | D61: Nichols Hall | E61: VMI | F61: Lexington | G61: Virginia | H61: 24450 | I61: 6 | J61: 609 | K61: AF SP4310N | L61: 410 | M61: 17099621 | N61: T1129011096 | O61: 144.75.193.196 | P61: Printer | Q61: 99 | R61: 0 | S61: 0.0262 | T61: 0.118 | U61: 0 | V61: 99 | W61: 0 | X61: 0 | Y61: =ROUND((Q61*S61),2) -> 2.59 | Z61: =ROUND((R61*T61),2) -> 0 | AA61: =Y61+Z61 -> 2.59
A62: Civil & Environmental Eng. | B62: 10_03_011_28100_5521 | C62: Civil Engineering | D62: Nichols Hall | E62: VMI | F62: Lexington | G62: Virginia | H62: 24450 | I62: 4 | J62: 410 | K62: AF SP4310N | L62: 426 | M62: 17099752 | N62: T1128812156 | O62: 144.75.189.88 | P62: Printer | Q62: 296 | R62: 0 | S62: 0.0262 | T62: 0.118 | U62: 0 | V62: 296 | W62: 0 | X62: 0 | Y62: =ROUND((Q62*S62),2) -> 7.76 | Z62: =ROUND((R62*T62),2) -> 0 | AA62: =Y62+Z62 -> 7.76
A63: Civil & Environmental Eng. | B63: 10_03_011_28100_5521 | C63: Civil Engineering | D63: Nichols Hall | E63: VMI | F63: Lexington | G63: Virginia | H63: 24450 | I63: 4 | J63: 410-445 | K63: AF SPC242DN | L63: 509 | M63: 17099740 | N63: T202P600371 | O63: 144.75.193.75 | P63: Printer | Q63: 202 | R63: 18 | S63: 0.0262 | T63: 0.118 | U63: 0 | V63: 202 | W63: 0 | X63: 18 | Y63: =ROUND((Q63*S63),2) -> 5.29 | Z63: =ROUND((R63*T63),2) -> 2.12 | AA63: =Y63+Z63 -> 7.41
A64: Civil & Environmental Eng. | B64: 10_03_064_50550_5521 | C64: Printer Services | D64: Nichols Hall | E64: VMI | F64: Lexington | G64: Virginia | H64: 24450 | I64: 6 | J64: 601 | K64: AF SP4310N | L64: 407 | M64: 17099768 | N64: T1128811663 | O64: 144.75.193.42 | P64: Printer | Q64: 32415 | R64: 0 | S64: 0.0262 | T64: 0.118 | U64: 0 | V64: 32415 | W64: 0 | X64: 0 | Y64: =ROUND((Q64*S64),2) -> 849.27 | Z64: =ROUND((R64*T64),2) -> 0 | AA64: =Y64+Z64 -> 849.27 | AB64: =SUM(AA60:AA64) -> 3642.78
A65: Commandant's Office | B65: 10_07_205_30150_5521 | C65: UMA-Commandant's Office | D65: Old Barracks | E65: VMI | F65: Lexington | G65: Virginia | H65: 24450 | I65: 1 | J65: 131 | K65: AF SP4310N | L65: 123 | M65: 17099704 | N65: T112901223 | O65: 144.75.190.21 | P65: Printer | Q65: 0 | R65: 0 | S65: 0.0262 | T65: 0.118 | U65: 0 | V65: 0 | W65: 0 | X65: 0 | Y65: =ROUND((Q65*S65),2) -> 0 | Z65: =ROUND((R65*T65),2) -> 0 | AA65: =Y65+Z65 -> 0
A66: Commandant's Office | B66: 10_07_205_30150_5521 | C66: UMA-Commandant's Office | D66: Old Barracks | E66: VMI | F66: Lexington | G66: Virginia | H66: 24450 | I66: 1 | J66: 135C | K66: AF SP4310N | L66: 131 | M66: 17099703 | N66: T1129012232 | O66: 144.75.190.22 | P66: Printer | Q66: 2883 | R66: 0 | S66: 0.0262 | T66: 0.118 | U66: 0 | V66: 2883 | W66: 0 | X66: 0 | Y66: =ROUND((Q66*S66),2) -> 75.53 | Z66: =ROUND((R66*T66),2) -> 0 | AA66: =Y66+Z66 -> 75.53
A67: Commandant's Office | B67: 10_07_205_30150_5521 | C67: UMA-Commandant's Office | D67: Old Barracks | E67: VMI | F67: Lexington | G67: Virginia | H67: 24450 | I67: 1 | J67: 1 | K67: AF MPC4502 | L67: B8 | M67: 17099497 | N67: W512L601992 | O67: 144.75.190.18 | P67: MFP | Q67: 11116 | R67: 1301 | S67: 0.0207 | T67: 0.087 | U67: 0 | V67: 11116 | W67: 0 | X67: 1301 | Y67: =ROUND((Q67*S67),2) -> 230.1 | Z67: =ROUND((R67*T67),2) -> 113.19 | AA67: =Y67+Z67 -> 343.29 | AB67: =SUM(AA65:AA67) -> 418.82
A68: Communications & Marketing/Institutional Research | B68: 10_03_065_88100_5521 | C68: Communications & Marketing | D68: Smith Hall | E68: VMI | F68: Lexington | G68: Virginia | H68: 24450 | I68: 1 | J68: 101 | K68: AF MPC2051 | L68: 311 | M68: 17099527 | N68: V9725500667 | O68: 144.75.179.233 | P68: MFP | Q68: 527 | R68: 12 | S68: 0.0207 | T68: 0.087 | U68: 0 | V68: 527 | W68: 0 | X68: 12 | Y68: =ROUND((Q68*S68),2) -> 10.91 | Z68: =ROUND((R68*T68),2) -> 1.04 | AA68: =Y68+Z68 -> 11.95
A69: Communications and Marketing | B69: 10_03_065_88100_5521 | C69: Communications & Marketing | D69: Smith Hall | E69: VMI | F69: Lexington | G69: Virginia | H69: 24450 | I69: 1 | J69: 114A | K69: AF SP4310N | L69: 303 | M69: 17099697 | N69: T1128911218 | O69: 144.75.179.110 | P69: Printer | Q69: 246 | R69: 0 | S69: 0.0262 | T69: 0.118 | U69: 0 | V69: 246 | W69: 0 | X69: 0 | Y69: =ROUND((Q69*S69),2) -> 6.45 | Z69: =ROUND((R69*T69),2) -> 0 | AA69: =Y69+Z69 -> 6.45 | AB69: =SUM(AA68:AA69) -> 18.4
A70: Comptrollers | B70: 10_03_062_32100_5521 | C70: Comptroller's Office | D70: Smith Hall | E70: VMI | F70: Lexington | G70: Virginia | H70: 24450 | I70: 3 | J70: 320 | K70: AF SP4310N | L70: 301 | M70: 17099695 | N70: T1129012230 | O70: 144.75.179.43 | P70: Printer | Q70: 2433 | R70: 0 | S70: 0.0262 | T70: 0.118 | U70: 0 | V70: 2433 | W70: 0 | X70: 0 | Y70: =ROUND((Q70*S70),2) -> 63.74 | Z70: =ROUND((R70*T70),2) -> 0 | AA70: =Y70+Z70 -> 63.74
A71: Comptrollers | B71: 10_03_062_32100_5521 | C71: Comptroller's Office | D71: Smith Hall | E71: VMI | F71: Lexington | G71: Virginia | H71: 24450 | I71: 3 | J71: 311 | K71: AF MPC2051 | L71: 216 | M71: 17099528 | N71: V9725401454 | O71: 144.75.179.234 | P71: MFP | Q71: 10407 | R71: 68 | S71: 0.0207 | T71: 0.087 | U71: 0 | V71: 10407 | W71: 0 | X71: 68 | Y71: =ROUND((Q71*S71),2) -> 215.42 | Z71: =ROUND((R71*T71),2) -> 5.92 | AA71: =Y71+Z71 -> 221.34 | AB71: =SUM(AA70:AA71) -> 285.08
A72: Deans Office | B72: 10_03_045_34100_5521 | C72: Deans Office | D72: Smith Hall | E72: VMI | F72: Lexington | G72: Virginia | H72: 24450 | I72: 2 | J72: 213 | K72: AF SP4310N | L72: 201 | M72: 17099686 | N72: T1128911226 | O72: 144.75.179.101 | P72: Printer | Q72: 347 | R72: 0 | S72: 0.0262 | T72: 0.118 | U72: 0 | V72: 347 | W72: 0 | X72: 0 | Y72: =ROUND((Q72*S72),2) -> 9.09 | Z72: =ROUND((R72*T72),2) -> 0 | AA72: =Y72+Z72 -> 9.09
A73: Deans Office | B73: 10_03_045_34100_5521 | C73: Deans Office | D73: Smith Hall | E73: VMI | F73: Lexington | G73: Virginia | H73: 24450 | I73: 2 | J73: 212 | K73: AF SP4310N | L73: 213 | M73: 17099699 | N73: T1128911227 | O73: 144.75.179.56 | P73: Printer | Q73: 71 | R73: 0 | S73: 0.0262 | T73: 0.118 | U73: 0 | V73: 71 | W73: 0 | X73: 0 | Y73: =ROUND((Q73*S73),2) -> 1.86 | Z73: =ROUND((R73*T73),2) -> 0 | AA73: =Y73+Z73 -> 1.86
A74: Deans Office | B74: 10_03_045_34100_5521 | C74: Deans Office | D74: Smith Hall | E74: VMI | F74: Lexington | G74: Virginia | H74: 24450 | I74: 2 | J74: 217 | K74: AF SPC242DN | L74: 305 | M74: 17099451 | N74: T202P700469 | O74: 144.75.179.11 | P74: Printer | Q74: 1040 | R74: 160 | S74: 0.0262 | T74: 0.118 | U74: 0 | V74: 1040 | W74: 0 | X74: 160 | Y74: =ROUND((Q74*S74),2) -> 27.25 | Z74: =ROUND((R74*T74),2) -> 18.88 | AA74: =Y74+Z74 -> 46.13
A75: Dean's Office | B75: 10_03_045_34100_5521 | C75: Deans Office | D75: Smith Hall | E75: VMI | F75: Lexington | G75: Virginia | H75: 24450 | I75: 2 | J75: 216 | K75: AF MPC2051 | L75: 201 | M75: 17099499 | N75: V9725401451 | O75: 144.75.179.99 | P75: MFP | Q75: 2549 | R75: 287 | S75: 0.0207 | T75: 0.087 | U75: 0 | V75: 2549 | W75: 0 | X75: 287 | Y75: =ROUND((Q75*S75),2) -> 52.76 | Z75: =ROUND((R75*T75),2) -> 24.97 | AA75: =Y75+Z75 -> 77.73 | AB75: =SUM(AA72:AA75) -> 134.81
A76: Economics & Business | B76: 10_03_011_36100_5521 | C76: Economics | D76: Scott Shipp Hall | E76: VMI | F76: Lexington | G76: Virginia | H76: 24459 | I76: 3 | J76: 337 | K76: AF MPC4502 | L76: 528 | M76: 17099456 | N76: W512L601991 | O76: 144.75.208.32 | P76: MFP | Q76: 48147 | R76: 3998 | S76: 0.0207 | T76: 0.087 | U76: 0 | V76: 48147 | W76: 0 | X76: 3998 | Y76: =ROUND((Q76*S76),2) -> 996.64 | Z76: =ROUND((R76*T76),2) -> 347.83 | AA76: =Y76+Z76 -> 1344.47
A77: Economics & Business | B77: 10_03_011_36100_5521 | C77: Economics | D77: Scott Shipp Hall | E77: VMI | F77: Lexington | G77: Virginia | H77: 24459 | I77: 3 | J77: 323 | K77: AF SP4310N | L77: Main | M77: 17099559 | N77: T1128910788 | O77: 144.75.214.43 | P77: Printer | Q77: 1252 | R77: 0 | S77: 0.0262 | T77: 0.118 | U77: 0 | V77: 1252 | W77: 0 | X77: 0 | Y77: =ROUND((Q77*S77),2) -> 32.8 | Z77: =ROUND((R77*T77),2) -> 0 | AA77: =Y77+Z77 -> 32.8
A78: Economics & Business | B78: 10_03_011_36100_5521 | C78: Economics | D78: Scott Shipp Hall | E78: VMI | F78: Lexington | G78: Virginia | H78: 24459 | I78: 3 | J78: 320 | K78: AF SP4310N | L78: 444 | M78: 17099771 | N78: T1128712307 | O78: 144.75.214.34 | P78: Printer | Q78: 27516 | R78: 0 | S78: 0.0262 | T78: 0.118 | U78: 0 | V78: 27516 | W78: 0 | X78: 0 | Y78: =ROUND((Q78*S78),2) -> 720.92 | Z78: =ROUND((R78*T78),2) -> 0 | AA78: =Y78+Z78 -> 720.92 | AB78: =SUM(AA77:AA79) -> 755.32
A79: Electrical & Computer Eng. | B79: 10_03_011_38100_5521 | C79: Electrical Engineering | D79: Nichols Hall | E79: VMI | F79: Lexington | G79: Virginia | H79: 24450 | I79: 5 | J79: 509 | K79: AF SP4310N | L79: 708 | M79: 17099614 | N79: T1129011173 | O79: 144.75.193.191 | P79: Printer | Q79: 61 | R79: 0 | S79: 0.0262 | T79: 0.118 | U79: 0 | V79: 61 | W79: 0 | X79: 0 | Y79: =ROUND((Q79*S79),2) -> 1.6 | Z79: =ROUND((R79*T79),2) -> 0 | AA79: =Y79+Z79 -> 1.6
A80: Electrical & Computer Eng. | B80: 10_03_011_38100_5521 | C80: Electrical Engineering | D80: Nichols Hall | E80: VMI | F80: Lexington | G80: Virginia | H80: 24450 | I80: 6 | J80: 605 | K80: AF SP4310N | L80: 609 | M80: 17099625 | N80: T1129011106 | O80: 144.75.193.131 | P80: Printer | Q80: 86 | R80: 0 | S80: 0.0262 | T80: 0.118 | U80: 0 | V80: 86 | W80: 0 | X80: 0 | Y80: =ROUND((Q80*S80),2) -> 2.25 | Z80: =ROUND((R80*T80),2) -> 0 | AA80: =Y80+Z80 -> 2.25
A81: Electrical & Computer Eng. | B81: 10_03_011_38100_5521 | C81: Electrical Engineering | D81: Nichols Hall | E81: VMI | F81: Lexington | G81: Virginia | H81: 24450 | I81: 6 | J81: 620 | K81: AF SP4310N | L81: 502 | M81: 17099619 | N81: T1129011160 | O81: 144.75.193.180 | P81: Printer | Q81: 313 | R81: 0 | S81: 0.0262 | T81: 0.118 | U81: 0 | V81: 313 | W81: 0 | X81: 0 | Y81: =ROUND((Q81*S81),2) -> 8.2 | Z81: =ROUND((R81*T81),2) -> 0 | AA81: =Y81+Z81 -> 8.2
A82: Electrical & Computer Eng. | B82: 10_03_011_38100_5521 | C82: Electrical Engineering | D82: Nichols Hall | E82: VMI | F82: Lexington | G82: Virginia | H82: 24450 | I82: 5 | J82: 502 | K82: AF SP4310N | L82: 507 | M82: 17099626 | N82: T1129011159 | O82: 144.75.193.195 | P82: Printer | Q82: 52 | R82: 0 | S82: 0.0262 | T82: 0.118 | U82: 0 | V82: 52 | W82: 0 | X82: 0 | Y82: =ROUND((Q82*S82),2) -> 1.36 | Z82: =ROUND((R82*T82),2) -> 0 | AA82: =Y82+Z82 -> 1.36
A83: Electrical & Computer Eng. | B83: 10_03_011_38100_5521 | C83: Electrical Engineering | D83: Nichols Hall | E83: VMI | F83: Lexington | G83: Virginia | H83: 24450 | I83: 5 | J83: 507 | K83: AF SP4310N | L83: 717 | M83: 17099587 | N83: T1129011158 | O83: 144.75.193.192 | P83: Printer | Q83: 89 | R83: 0 | S83: 0.0262 | T83: 0.118 | U83: 0 | V83: 89 | W83: 0 | X83: 0 | Y83: =ROUND((Q83*S83),2) -> 2.33 | Z83: =ROUND((R83*T83),2) -> 0 | AA83: =Y83+Z83 -> 2.33
A84: Electrical & Computer Eng. | B84: 10_03_011_38100_5521 | C84: Electrical Engineering | D84: Nichols Hall | E84: VMI | F84: Lexington | G84: Virginia | H84: 24450 | I84: 5 | J84: 508 | K84: AF MPC3502 | L84: 709 | M84: 17099466 | N84: V9725600283 | O84: 144.75.193.30 | P84: MFP | Q84: 2423 | R84: 181 | S84: 0.0207 | T84: 0.087 | U84: 0 | V84: 2423 | W84: 0 | X84: 181 | Y84: =ROUND((Q84*S84),2) -> 50.16 | Z84: =ROUND((R84*T84),2) -> 15.75 | AA84: =Y84+Z84 -> 65.91
A85: Electrical & Computer Eng. | B85: 10_03_064_50550_5521 | C85: Printer Services | D85: Nichols Hall | E85: VMI | F85: Lexington | G85: Virginia | H85: 24450 | I85: 4 | J85: 407 | K85: AF SP4310N | L85: C10 | M85: 17099788 | N85: T1128710825 | O85: 144.75.189.87 | P85: Printer | Q85: 980 | R85: 0 | S85: 0.0262 | T85: 0.118 | U85: 0 | V85: 980 | W85: 0 | X85: 0 | Y85: =ROUND((Q85*S85),2) -> 25.68 | Z85: =ROUND((R85*T85),2) -> 0 | AA85: =Y85+Z85 -> 25.68
A86: Electrical & Computer Eng. | B86: 10_03_064_50550_5521 | C86: Printer Services | D86: Nichols Hall | E86: VMI | F86: Lexington | G86: Virginia | H86: 24450 | I86: 4 | J86: 428 | K86: AF SP4310N | L86: 601 | M86: 17099765 | N86: T1128811911 | O86: 144.75.193.178 | P86: Printer | Q86: 1423 | R86: 0 | S86: 0.0262 | T86: 0.118 | U86: 0 | V86: 1423 | W86: 0 | X86: 0 | Y86: =ROUND((Q86*S86),2) -> 37.28 | Z86: =ROUND((R86*T86),2) -> 0 | AA86: =Y86+Z86 -> 37.28
A87: Electrical & Computer Eng. | B87: 10_03_064_50550_5521 | C87: Printer Services | D87: Nichols Hall | E87: VMI | F87: Lexington | G87: Virginia | H87: 24450 | I87: 5 | J87: 506 | K87: AF SP4310N | L87: 304 | M87: 17099627 | N87: T1129011165 | O87: 144.75.193.12 | P87: Printer | Q87: 435 | R87: 0 | S87: 0.0262 | T87: 0.118 | U87: 0 | V87: 435 | W87: 0 | X87: 0 | Y87: =ROUND((Q87*S87),2) -> 11.4 | Z87: =ROUND((R87*T87),2) -> 0 | AA87: =Y87+Z87 -> 11.4
A88: Electrical & Computer Eng. | B88: 10_03_064_50550_5521 | C88: Printer Services | D88: Nichols Hall | E88: VMI | F88: Lexington | G88: Virginia | H88: 24450 | I88: 4 | J88: 427 | K88: AF SP4310N | L88: 404 | M88: 17099767 | N88: T1128811954 | O88: 144.75.193.212 | P88: Printer | Q88: 907 | R88: 0 | S88: 0.0262 | T88: 0.118 | U88: 0 | V88: 907 | W88: 0 | X88: 0 | Y88: =ROUND((Q88*S88),2) -> 23.76 | Z88: =ROUND((R88*T88),2) -> 0 | AA88: =Y88+Z88 -> 23.76
A89: Electrical & Computer Eng. | B89: 10_03_064_50550_5521 | C89: Printer Services | D89: Nichols Hall | E89: VMI | F89: Lexington | G89: Virginia | H89: 24450 | I89: 4 | J89: 426 | K89: AF SP4310N | L89: 427 | M89: 17099766 | N89: T1128811955 | O89: 144.75.193.74 | P89: Printer | Q89: 1279 | R89: 0 | S89: 0.0262 | T89: 0.118 | U89: 0 | V89: 1279 | W89: 0 | X89: 0 | Y89: =ROUND((Q89*S89),2) -> 33.51 | Z89: =ROUND((R89*T89),2) -> 0 | AA89: =Y89+Z89 -> 33.51
A90: Electrical & Computer Eng. | B90: 10_03_064_50550_5521 | C90: Printer Services | D90: Nichols Hall | E90: VMI | F90: Lexington | G90: Virginia | H90: 24450 | I90: 4 | J90: 404 | K90: AF SP4310N | L90: 428 | M90: 17099764 | N90: T1128811953 | O90: 144.75.193.69 | P90: Printer | Q90: 5852 | R90: 0 | S90: 0.0262 | T90: 0.118 | U90: 0 | V90: 5852 | W90: 0 | X90: 0 | Y90: =ROUND((Q90*S90),2) -> 153.32 | Z90: =ROUND((R90*T90),2) -> 0 | AA90: =Y90+Z90 -> 153.32 | AB90: =SUM(AA79:AA90) -> 366.6
A91: English & Fine Arts | B91: 10_03_011_40100_5521 | C91: English | D91: Scott Shipp Hall | E91: VMI | F91: Lexington | G91: Virginia | H91: 24459 | I91: 2 | J91: 227 | K91: AF MPC2051 | L91: Main | M91: 17099458 | N91: V9725401426 | O91: 144.75.207.26 | P91: MFP | Q91: 34627 | R91: 2089 | S91: 0.0207 | T91: 0.087 | U91: 0 | V91: 34627 | W91: 0 | X91: 2089 | Y91: =ROUND((Q91*S91),2) -> 716.78 | Z91: =ROUND((R91*T91),2) -> 181.74 | AA91: =Y91+Z91 -> 898.52
A92: English & Fine Arts | B92: 10_03_011_40100_5521 | C92: English | D92: Scott Shipp Hall | E92: VMI | F92: Lexington | G92: Virginia | H92: 24459 | I92: 2 | J92: 226 | K92: AF SP4310N | L92: Main | M92: 17099521 | N92: T1128910772 | O92: 144.75.207.34 | P92: Printer | Q92: 1082 | R92: 0 | S92: 0.0262 | T92: 0.118 | U92: 0 | V92: 1082 | W92: 0 | X92: 0 | Y92: =ROUND((Q92*S92),2) -> 28.35 | Z92: =ROUND((R92*T92),2) -> 0 | AA92: =Y92+Z92 -> 28.35
A93: English & Fine Arts | B93: 10_03_011_40100_5521 | C93: English | D93: Scott Shipp Hall | E93: VMI | F93: Lexington | G93: Virginia | H93: 24459 | I93: 2 | J93: 222 | K93: AF SP4310N | L93: 220 | M93: 17099538 | N93: T1128910785 | O93: 144.75.207.53 | P93: Printer | Q93: 796 | R93: 0 | S93: 0.0262 | T93: 0.118 | U93: 0 | V93: 796 | W93: 0 | X93: 0 | Y93: =ROUND((Q93*S93),2) -> 20.86 | Z93: =ROUND((R93*T93),2) -> 0 | AA93: =Y93+Z93 -> 20.86
A94: English & Fine Arts | B94: 10_03_011_40100_5521 | C94: English | D94: Scott Shipp Hall | E94: VMI | F94: Lexington | G94: Virginia | H94: 24459 | I94: 2 | J94: 231 | K94: AF SP4310N | L94: Comp. Lab | M94: 17099537 | N94: T1128910781 | O94: 144.75.207.52 | P94: Printer | Q94: 1504 | R94: 0 | S94: 0.0262 | T94: 0.118 | U94: 0 | V94: 1504 | W94: 0 | X94: 0 | Y94: =ROUND((Q94*S94),2) -> 39.4 | Z94: =ROUND((R94*T94),2) -> 0 | AA94: =Y94+Z94 -> 39.4
A95: English & Fine Arts | B95: 10_03_011_40100_5521 | C95: English | D95: Scott Shipp Hall | E95: VMI | F95: Lexington | G95: Virginia | H95: 24459 | I95: 2 | J95: 236 | K95: AF SP4310N | L95: Main | M95: 17099518 | N95: T1128910789 | O95: 144.75.207.56 | P95: Printer | Q95: 938 | R95: 0 | S95: 0.0262 | T95: 0.118 | U95: 0 | V95: 938 | W95: 0 | X95: 0 | Y95: =ROUND((Q95*S95),2) -> 24.58 | Z95: =ROUND((R95*T95),2) -> 0 | AA95: =Y95+Z95 -> 24.58
A96: English & Fine Arts | B96: 10_03_011_40100_5521 | C96: English | D96: Scott Shipp Hall | E96: VMI | F96: Lexington | G96: Virginia | H96: 24459 | I96: 2 | J96: 223 | K96: AF SP4310N | L96: Main | M96: 17099514 | N96: T1128910768 | O96: 144.75.207.50 | P96: Printer | Q96: 1920 | R96: 0 | S96: 0.0262 | T96: 0.118 | U96: 0 | V96: 1920 | W96: 0 | X96: 0 | Y96: =ROUND((Q96*S96),2) -> 50.3 | Z96: =ROUND((R96*T96),2) -> 0 | AA96: =Y96+Z96 -> 50.3
A97: English & Fine Arts | B97: 10_03_011_40100_5521 | C97: English | D97: Scott Shipp Hall | E97: VMI | F97: Lexington | G97: Virginia | H97: 24459 | I97: 2 | J97: 232 | K97: AF SP4310N | L97: 320 | M97: 17099519 | N97: T1128910767 | O97: 144.75.207.54 | P97: MFP | Q97: 649 | R97: 0 | S97: 0.0207 | T97: 0.087 | U97: 0 | V97: 649 | W97: 0 | X97: 0 | Y97: =ROUND((Q97*S97),2) -> 13.43 | Z97: =ROUND((R97*T97),2) -> 0 | AA97: =Y97+Z97 -> 13.43
A98: English & Fine Arts | B98: 10_03_011_40100_5521 | C98: English | D98: Scott Shipp Hall | E98: VMI | F98: Lexington | G98: Virginia | H98: 24459 | I98: 2 | J98: 206 | K98: AF SP4310N | L98: Main | M98: 17099540 | N98: T1128910783 | O98: 144.75.206.31 | P98: Printer | Q98: 723 | R98: 0 | S98: 0.0262 | T98: 0.118 | U98: 0 | V98: 723 | W98: 0 | X98: 0 | Y98: =ROUND((Q98*S98),2) -> 18.94 | Z98: =ROUND((R98*T98),2) -> 0 | AA98: =Y98+Z98 -> 18.94
A99: English & Fine Arts | B99: 10_03_011_40100_5521 | C99: English | D99: Scott Shipp Hall | E99: VMI | F99: Lexington | G99: Virginia | H99: 24459 | I99: 2 | J99: 221 | K99: AF SPC242DN | L99: Main | M99: 17099516 | N99: T202P700476 | O99: 144.75.207.58 | P99: Printer | Q99: 473 | R99: 305 | S99: 0.0262 | T99: 0.118 | U99: 0 | V99: 473 | W99: 0 | X99: 305 | Y99: =ROUND((Q99*S99),2) -> 12.39 | Z99: =ROUND((R99*T99),2) -> 35.99 | AA99: =Y99+Z99 -> 48.38
A100: English & Fine Arts | B100: 10_03_011_40100_5521 | C100: English | D100: Scott Shipp Hall | E100: VMI | F100: Lexington | G100: Virginia | H100: 24459 | I100: 2 | J100: 220 | K100: AF SP4310N | L100: Main | M100: 17099539 | N100: T1128910784 | O100: 144.75.207.55 | P100: Printer | Q100: 936 | R100: 0 | S100: 0.0262 | T100: 0.118 | U100: 0 | V100: 936 | W100: 0 | X100: 0 | Y100: =ROUND((Q100*S100),2) -> 24.52 | Z100: =ROUND((R100*T100),2) -> 0 | AA100: =Y100+Z100 -> 24.52
...

Sheet VIM Bill
A1: Meter Read on: 11-28-2012 ============= Department | B1: General Ledger | C1: GL Description | D1: Building | E1: Room | F1: Model | G1: Device Type | H1: Ricoh Tag | I1: Total BW Click Count | J1: Total Color Click Count | K1: BW Click Charge | L1: Color Click Charge | M1: Device Total Click Charge | N1: Serial Number | O1: IP Address | P1: CPC BW | Q1: CPC Color | R1: Prev BW Click Count | S1: Current BW Click Count | T1: Prev Color Click Count | U1: Current Color Click Count
A3: Academic Advising | B3: 10_07_205_90300_5521 | C3: Academic Advising | D3: Shell Hall | E3: 301 | F3: AF SPC242DN | G3: =VLOOKUP(F3,Tables!D$9:E$17,2,FALSE) -> PTR | H3: 17099684 | I3: =S3-R3 -> 846 | J3: =U3-T3 -> 310 | K3: =I3*$P3 -> 22.1652 | L3: =J3*$Q3 -> 36.58 | M3: =K3+L3 -> 58.7452 | N3: T202P700442 | O3: 144.75.180.103 | P3: =IF(G3="MFP",Tables!B$2,Tables!B$5) -> 0.0262 | Q3: =IF(G3="MFP",Tables!B$3,Tables!B$6) -> 0.118 | R3: 0 | S3: 846 | T3: 0 | U3: 310
B4: 10_07_205_90300_5521 Total | M4: =SUBTOTAL(9,M3:M3) -> 58.7452
A5: Admissions | B5: 10_03_054_01100_5521 | C5: Admissions | D5: 307 Letcher Ave. | E5: 204 | F5: AF MPC3502 | G5: =VLOOKUP(F5,Tables!D$9:E$17,2,FALSE) -> MFP | H5: 17099493 | I5: =S5-R5 -> 14954 | J5: =U5-T5 -> 5607 | K5: =I5*$P5 -> 309.5478 | L5: =J5*$Q5 -> 487.809 | M5: =K5+L5 -> 797.3568 | N5: W502L600872 | O5: 144.75.215.48 | P5: =IF(G5="MFP",Tables!B$2,Tables!B$5) -> 0.0207 | Q5: =IF(G5="MFP",Tables!B$3,Tables!B$6) -> 0.087 | R5: 0 | S5: 14954 | T5: 0 | U5: 5607
A6: Admissions | B6: 10_03_054_01100_5521 | C6: Admissions | D6: 309 Letcher Ave. | E6: 201 | F6: AF SP4310N | G6: =VLOOKUP(F6,Tables!D$9:E$17,2,FALSE) -> PTR | H6: 17099512 | I6: =S6-R6 -> 48 | J6: =U6-T6 -> 0 | K6: =I6*$P6 -> 1.2576 | L6: =J6*$Q6 -> 0 | M6: =K6+L6 -> 1.2576 | N6: T1129010877 | O6: 144.75.186.30 | P6: =IF(G6="MFP",Tables!B$2,Tables!B$5) -> 0.0262 | Q6: =IF(G6="MFP",Tables!B$3,Tables!B$6) -> 0.118 | R6: 0 | S6: 48 | T6: 0 | U6: 0
A7: Admissions | B7: 10_03_054_01100_5521 | C7: Admissions | D7: 309 Letcher Ave. | E7: 205 | F7: AF SPC242DN | G7: =VLOOKUP(F7,Tables!D$9:E$17,2,FALSE) -> PTR | H7: 17099513 | I7: =S7-R7 -> 795 | J7: =U7-T7 -> 418 | K7: =I7*$P7 -> 20.829 | L7: =J7*$Q7 -> 49.324 | M7: =K7+L7 -> 70.153 | N7: T202P700462 | O7: 144.75.186.31 | P7: =IF(G7="MFP",Tables!B$2,Tables!B$5) -> 0.0262 | Q7: =IF(G7="MFP",Tables!B$3,Tables!B$6) -> 0.118 | R7: 0 | S7: 795 | T7: 0 | U7: 418
A8: Admissions | B8: 10_03_054_01100_5521 | C8: Admissions | D8: 309 Letcher Ave. | E8: 207 | F8: AF SP4310N | G8: =VLOOKUP(F8,Tables!D$9:E$17,2,FALSE) -> PTR | H8: 17099440 | I8: =S8-R8 -> 471 | J8: =U8-T8 -> 0 | K8: =I8*$P8 -> 12.3402 | L8: =J8*$Q8 -> 0 | M8: =K8+L8 -> 12.3402 | N8: T1129010899 | O8: 144.75.178.24 | P8: =IF(G8="MFP",Tables!B$2,Tables!B$5) -> 0.0262 | Q8: =IF(G8="MFP",Tables!B$3,Tables!B$6) -> 0.118 | R8: 0 | S8: 471 | T8: 0 | U8: 0
A9: Admissions | B9: 10_03_054_01100_5521 | C9: Admissions | D9: 309 Letcher Ave. | E9: 301 | F9: AF SPC242DN | G9: =VLOOKUP(F9,Tables!D$9:E$17,2,FALSE) -> PTR | H9: 17099522 | I9: =S9-R9 -> 716 | J9: =U9-T9 -> 141 | K9: =I9*$P9 -> 18.7592 | L9: =J9*$Q9 -> 16.638 | M9: =K9+L9 -> 35.3972 | N9: T202P700447 | O9: 144.75.186.28 | P9: =IF(G9="MFP",Tables!B$2,Tables!B$5) -> 0.0262 | Q9: =IF(G9="MFP",Tables!B$3,Tables!B$6) -> 0.118 | R9: 0 | S9: 716 | T9: 0 | U9: 141
A10: Admissions | B10: 10_03_054_01100_5521 | C10: Admissions | D10: 309 Letcher Ave. | E10: 302 | F10: AF SPC242DN | G10: =VLOOKUP(F10,Tables!D$9:E$17,2,FALSE) -> PTR | H10: 17099423 | I10: =S10-R10 -> 47 | J10: =U10-T10 -> 197 | K10: =I10*$P10 -> 1.2314 | L10: =J10*$Q10 -> 23.246 | M10: =K10+L10 -> 24.4774 | N10: T202P700463 | O10: 144.75.186.29 | P10: =IF(G10="MFP",Tables!B$2,Tables!B$5) -> 0.0262 | Q10: =IF(G10="MFP",Tables!B$3,Tables!B$6) -> 0.118 | R10: 0 | S10: 47 | T10: 0 | U10: 197
A11: Admissions | B11: 10_03_054_01100_5521 | C11: Admissions | D11: 309 Letcher Ave. | E11: 306 | F11: AF SPC242DN | G11: =VLOOKUP(F11,Tables!D$9:E$17,2,FALSE) -> PTR | H11: 17099511 | I11: =S11-R11 -> 89 | J11: =U11-T11 -> 3 | K11: =I11*$P11 -> 2.3318 | L11: =J11*$Q11 -> 0.354 | M11: =K11+L11 -> 2.6858 | N11: T202P700465 | O11: 144.75.186.25 | P11: =IF(G11="MFP",Tables!B$2,Tables!B$5) -> 0.0262 | Q11: =IF(G11="MFP",Tables!B$3,Tables!B$6) -> 0.118 | R11: 0 | S11: 89 | T11: 0 | U11: 3
B12: 10_03_054_01100_5521 Total | M12: =SUBTOTAL(9,M5:M11) -> 943.668
A13: ADV | B13: 10_03_064_50550_5521 | C13: Cadet Printer Services | D13: Carroll Hall | E13: 210C | F13: AF SP4310N | G13: =VLOOKUP(F13,Tables!D$9:E$17,2,FALSE) -> PTR | H13: 17099562 | I13: =S13-R13 -> 650 | J13: =U13-T13 -> 0 | K13: =I13*$P13 -> 17.03 | L13: =J13*$Q13 -> 0 | M13: =K13+L13 -> 17.03 | N13: T1128911292 | O13: 144.75.195.20 | P13: =IF(G13="MFP",Tables!B$2,Tables!B$5) -> 0.0262 | Q13: =IF(G13="MFP",Tables!B$3,Tables!B$6) -> 0.118 | R13: 0 | S13: 650 | T13: 0 | U13: 0
B14: 10_03_064_50550_5521 Total | M14: =SUBTOTAL(9,M13:M13) -> 17.03
A15: AFO-Athletic Advising | B15: 40_00_052_06550_5521 | C15: AFO-Athletic Advising | D15: Carroll Hall | E15: 210 | F15: AF MPC2051 | G15: =VLOOKUP(F15,Tables!D$9:E$17,2,FALSE) -> MFP | H15: 17099459 | I15: =S15-R15 -> 11459 | J15: =U15-T15 -> 2435 | K15: =I15*$P15 -> 237.2013 | L15: =J15*$Q15 -> 211.845 | M15: =K15+L15 -> 449.0463 | N15: V9725401429 | O15: 144.75.195.41 | P15: =IF(G15="MFP",Tables!B$2,Tables!B$5) -> 0.0207 | Q15: =IF(G15="MFP",Tables!B$3,Tables!B$6) -> 0.087 | R15: 0 | S15: 11459 | T15: 0 | U15: 2435
B16: 40_00_052_06550_5521 Total | M16: =SUBTOTAL(9,M15:M15) -> 449.0463
A17: Air Force Rotc | B17: 10_03_011_02100_5521 | C17: ROTC-Air Force | D17: Kilbourne Hall | E17: 2012 | F17: AF SP4310N | G17: =VLOOKUP(F17,Tables!D$9:E$17,2,FALSE) -> PTR | H17: 17099443 | I17: =S17-R17 -> 309 | J17: =U17-T17 -> 0 | K17: =I17*$P17 -> 8.0958 | L17: =J17*$Q17 -> 0 | M17: =K17+L17 -> 8.0958 | N17: T1129010871 | O17: 144.75.187.135 | P17: =IF(G17="MFP",Tables!B$2,Tables!B$5) -> 0.0262 | Q17: =IF(G17="MFP",Tables!B$3,Tables!B$6) -> 0.118 | R17: 0 | S17: 309 | T17: 0 | U17: 0
A18: Air Force Rotc | B18: 10_03_011_02100_5521 | C18: ROTC-Air Force | D18: Kilbourne Hall | E18: 2018 | F18: AF SP4310N | G18: =VLOOKUP(F18,Tables!D$9:E$17,2,FALSE) -> PTR | H18: 17099438 | I18: =S18-R18 -> 824 | J18: =U18-T18 -> 0 | K18: =I18*$P18 -> 21.5888 | L18: =J18*$Q18 -> 0 | M18: =K18+L18 -> 21.5888 | N18: T1129010832 | O18: 144.75.187.138 | P18: =IF(G18="MFP",Tables!B$2,Tables!B$5) -> 0.0262 | Q18: =IF(G18="MFP",Tables!B$3,Tables!B$6) -> 0.118 | R18: 0 | S18: 824 | T18: 0 | U18: 0
B19: 10_03_011_02100_5521 Total | M19: =SUBTOTAL(9,M17:M18) -> 29.6846
A20: Army Rotc | B20: 10_03_011_04100_5521 | C20: ROTC-Army | D20: Kilbourne Hall | E20: 2022 | F20: AF MPC3502 | G20: =VLOOKUP(F20,Tables!D$9:E$17,2,FALSE) -> MFP | H20: 17099434 | I20: =S20-R20 -> 41179 | J20: =U20-T20 -> 2092 | K20: =I20*$P20 -> 852.4053 | L20: =J20*$Q20 -> 182.004 | M20: =K20+L20 -> 1034.4093 | N20: W502L600854 | O20: 144.75.187.122 | P20: =IF(G20="MFP",Tables!B$2,Tables!B$5) -> 0.0207 | Q20: =IF(G20="MFP",Tables!B$3,Tables!B$6) -> 0.087 | R20: 0 | S20: 41179 | T20: 0 | U20: 2092
A21: Army Rotc | B21: 10_03_011_04100_5521 | C21: ROTC-Army | D21: Kilbourne Hall | E21: 2023 | F21: AF SP4310N | G21: =VLOOKUP(F21,Tables!D$9:E$17,2,FALSE) -> PTR | H21: 17099435 | I21: =S21-R21 -> 214 | J21: =U21-T21 -> 0 | K21: =I21*$P21 -> 5.6068 | L21: =J21*$Q21 -> 0 | M21: =K21+L21 -> 5.6068 | N21: T1129010902 | O21: 144.75.187.16 | P21: =IF(G21="MFP",Tables!B$2,Tables!B$5) -> 0.0262 | Q21: =IF(G21="MFP",Tables!B$3,Tables!B$6) -> 0.118 | R21: 0 | S21: 214 | T21: 0 | U21: 0
A22: Army Rotc | B22: 10_03_011_04100_5521 | C22: ROTC-Army | D22: Kilbourne Hall | E22: 2029 | F22: AF SP4310N | G22: =VLOOKUP(F22,Tables!D$9:E$17,2,FALSE) -> PTR | H22: 17099446 | I22: =S22-R22 -> 149 | J22: =U22-T22 -> 0 | K22: =I22*$P22 -> 3.9038 | L22: =J22*$Q22 -> 0 | M22: =K22+L22 -> 3.9038 | N22: T1129010869 | O22: 144.75.187.137 | P22: =IF(G22="MFP",Tables!B$2,Tables!B$5) -> 0.0262 | Q22: =IF(G22="MFP",Tables!B$3,Tables!B$6) -> 0.118 | R22: 0 | S22: 149 | T22: 0 | U22: 0
A23: Army Rotc | B23: 10_03_011_04100_5521 | C23: ROTC-Army | D23: Kilbourne Hall | E23: 2053 | F23: AF SP4310N | G23: =VLOOKUP(F23,Tables!D$9:E$17,2,FALSE) -> PTR | H23: 17099437 | I23: =S23-R23 -> 400 | J23: =U23-T23 -> 0 | K23: =I23*$P23 -> 10.48 | L23: =J23*$Q23 -> 0 | M23: =K23+L23 -> 10.48 | N23: T1129010748 | O23: 144.75.187.112 | P23: =IF(G23="MFP",Tables!B$2,Tables!B$5) -> 0.0262 | Q23: =IF(G23="MFP",Tables!B$3,Tables!B$6) -> 0.118 | R23: 0 | S23: 400 | T23: 0 | U23: 0
A24: Army Rotc | B24: 10_03_011_04100_5521 | C24: ROTC-Army | D24: Kilbourne Hall | E24: 2056 | F24: AF SP4310N | G24: =VLOOKUP(F24,Tables!D$9:E$17,2,FALSE) -> PTR | H24: 17099436 | I24: =S24-R24 -> 798 | J24: =U24-T24 -> 0 | K24: =I24*$P24 -> 20.9076 | L24: =J24*$Q24 -> 0 | M24: =K24+L24 -> 20.9076 | N24: T1129010837 | O24: 144.75.187.131 | P24: =IF(G24="MFP",Tables!B$2,Tables!B$5) -> 0.0262 | Q24: =IF(G24="MFP",Tables!B$3,Tables!B$6) -> 0.118 | R24: 0 | S24: 798 | T24: 0 | U24: 0
A25: Army Rotc | B25: 10_03_011_04100_5521 | C25: ROTC-Army | D25: Kilbourne Hall | E25: 2057 | F25: AF SP4310N | G25: =VLOOKUP(F25,Tables!D$9:E$17,2,FALSE) -> PTR | H25: 17099444 | I25: =S25-R25 -> 1043 | J25: =U25-T25 -> 0 | K25: =I25*$P25 -> 27.3266 | L25: =J25*$Q25 -> 0 | M25: =K25+L25 -> 27.3266 | N25: T1129010677 | O25: 144.75.187.133 | P25: =IF(G25="MFP",Tables!B$2,Tables!B$5) -> 0.0262 | Q25: =IF(G25="MFP",Tables!B$3,Tables!B$6) -> 0.118 | R25: 0 | S25: 1043 | T25: 0 | U25: 0
A26: Army Rotc | B26: 10_03_011_04100_5521 | C26: ROTC-Army | D26: Kilbourne Hall | E26: 2060 | F26: AF SP4310N | G26: =VLOOKUP(F26,Tables!D$9:E$17,2,FALSE) -> PTR | H26: 17099430 | I26: =S26-R26 -> 118 | J26: =U26-T26 -> 0 | K26: =I26*$P26 -> 3.0916 | L26: =J26*$Q26 -> 0 | M26: =K26+L26 -> 3.0916 | N26: T1129010760 | O26: 144.75.187.119 | P26: =IF(G26="MFP",Tables!B$2,Tables!B$5) -> 0.0262 | Q26: =IF(G26="MFP",Tables!B$3,Tables!B$6) -> 0.118 | R26: 0 | S26: 118 | T26: 0 | U26: 0
A27: Army Rotc | B27: 10_03_011_04100_5521 | C27: ROTC-Army | D27: Kilbourne Hall | E27: 2061 | F27: AF SP4310N | G27: =VLOOKUP(F27,Tables!D$9:E$17,2,FALSE) -> PTR | H27: 17099442 | I27: =S27-R27 -> 263 | J27: =U27-T27 -> 0 | K27: =I27*$P27 -> 6.8906 | L27: =J27*$Q27 -> 0 | M27: =K27+L27 -> 6.8906 | N27: T1129010681 | O27: 144.75.187.136 | P27: =IF(G27="MFP",Tables!B$2,Tables!B$5) -> 0.0262 | Q27: =IF(G27="MFP",Tables!B$3,Tables!B$6) -> 0.118 | R27: 0 | S27: 263 | T27: 0 | U27: 0
A28: Army Rotc | B28: 10_03_011_04100_5521 | C28: ROTC-Army | D28: Kilbourne Hall | E28: 2063 | F28: AF SP4310N | G28: =VLOOKUP(F28,Tables!D$9:E$17,2,FALSE) -> PTR | H28: 17099427 | I28: =S28-R28 -> 563 | J28: =U28-T28 -> 0 | K28: =I28*$P28 -> 14.7506 | L28: =J28*$Q28 -> 0 | M28: =K28+L28 -> 14.7506 | N28: T1129010874 | O28: 144.75.187.118 | P28: =IF(G28="MFP",Tables!B$2,Tables!B$5) -> 0.0262 | Q28: =IF(G28="MFP",Tables!B$3,Tables!B$6) -> 0.118 | R28: 0 | S28: 563 | T28: 0 | U28: 0
A29: Army Rotc | B29: 10_03_011_04100_5521 | C29: ROTC-Army | D29: Kilbourne Hall | E29: 2064 | F29: AF SP4310N | G29: =VLOOKUP(F29,Tables!D$9:E$17,2,FALSE) -> PTR | H29: 17099439 | I29: =S29-R29 -> 446 | J29: =U29-T29 -> 0 | K29: =I29*$P29 -> 11.6852 | L29: =J29*$Q29 -> 0 | M29: =K29+L29 -> 11.6852 | N29: T1129010823 | O29: 144.75.187.140 | P29: =IF(G29="MFP",Tables!B$2,Tables!B$5) -> 0.0262 | Q29: =IF(G29="MFP",Tables!B$3,Tables!B$6) -> 0.118 | R29: 0 | S29: 446 | T29: 0 | U29: 0
A30: Army Rotc | B30: 10_03_011_04100_5521 | C30: ROTC-Army | D30: Kilbourne Hall | E30: 2066 | F30: AF SP4310N | G30: =VLOOKUP(F30,Tables!D$9:E$17,2,FALSE) -> PTR | H30: 17099426 | I30: =S30-R30 -> 139 | J30: =U30-T30 -> 0 | K30: =I30*$P30 -> 3.6418 | L30: =J30*$Q30 -> 0 | M30: =K30+L30 -> 3.6418 | N30: T1129010820 | O30: 144.75.187.121 | P30: =IF(G30="MFP",Tables!B$2,Tables!B$5) -> 0.0262 | Q30: =IF(G30="MFP",Tables!B$3,Tables!B$6) -> 0.118 | R30: 0 | S30: 139 | T30: 0 | U30: 0
A31: Army Rotc | B31: 10_03_011_04100_5521 | C31: ROTC-Army | D31: Kilbourne Hall | E31: 2067 | F31: AF SP4310N | G31: =VLOOKUP(F31,Tables!D$9:E$17,2,FALSE) -> PTR | H31: 17099425 | I31: =S31-R31 -> 436 | J31: =U31-T31 -> 0 | K31: =I31*$P31 -> 11.4232 | L31: =J31*$Q31 -> 0 | M31: =K31+L31 -> 11.4232 | N31: T1129010889 | O31: 144.75.187.123 | P31: =IF(G31="MFP",Tables!B$2,Tables!B$5) -> 0.0262 | Q31: =IF(G31="MFP",Tables!B$3,Tables!B$6) -> 0.118 | R31: 0 | S31: 436 | T31: 0 | U31: 0
A32: Army Rotc | B32: 10_03_011_04100_5521 | C32: ROTC-Army | D32: Kilbourne Hall | E32: 2070 | F32: AF SP4310N | G32: =VLOOKUP(F32,Tables!D$9:E$17,2,FALSE) -> PTR | H32: 17099428 | I32: =S32-R32 -> 592 | J32: =U32-T32 -> 0 | K32: =I32*$P32 -> 15.5104 | L32: =J32*$Q32 -> 0 | M32: =K32+L32 -> 15.5104 | N32: T1129010900 | O32: 144.75.187.132 | P32: =IF(G32="MFP",Tables!B$2,Tables!B$5) -> 0.0262 | Q32: =IF(G32="MFP",Tables!B$3,Tables!B$6) -> 0.118 | R32: 0 | S32: 592 | T32: 0 | U32: 0
B33: 10_03_011_04100_5521 Total | M33: =SUBTOTAL(9,M20:M32) -> 1169.6275
A34: Athletic Communications | B34: 30_00_310_06104_5521 | C34: Athletic Communications | D34: Smith Hall | E34: 116 | F34: AF MP301SP | G34: =VLOOKUP(F34,Tables!D$9:E$17,2,FALSE) -> MFP | H34: 17099531 | I34: =S34-R34 -> 2029 | J34: =U34-T34 -> 0 | K34: =I34*$P34 -> 42.0003 | L34: =J34*$Q34 -> 0 | M34: =K34+L34 -> 42.0003 | N34: W912P602286 | O34: 144.75.179.49 | P34: =IF(G34="MFP",Tables!B$2,Tables!B$5) -> 0.0207 | Q34: =IF(G34="MFP",Tables!B$3,Tables!B$6) -> 0.087 | R34: 0 | S34: 2029 | T34: 0 | U34: 0
B35: 30_00_310_06104_5521 Total | M35: =SUBTOTAL(9,M34:M34) -> 42.0003
A36: Athletics | B36: 30_00_310_06110_5521 | C36: Administrative | D36: Cameron Hall | E36: 235 | F36: AF MPC6501 | G36: =VLOOKUP(F36,Tables!D$9:E$17,2,FALSE) -> MFP | H36: 17099490 | I36: =S36-R36 -> 15315 | J36: =U36-T36 -> 2952 | K36: =I36*$P36 -> 317.0205 | L36: =J36*$Q36 -> 256.824 | M36: =K36+L36 -> 573.8445 | N36: V7620400078 | O36: 144.75.183.56 | P36: =IF(G36="MFP",Tables!B$2,Tables!B$5) -> 0.0207 | Q36: =IF(G36="MFP",Tables!B$3,Tables!B$6) -> 0.087 | R36: 0 | S36: 15315 | T36: 0 | U36: 2952
A37: Athletics | B37: 30_00_310_06110_5521 | C37: Administrative | D37: Cameron Hall | E37: 241 | F37: AF SP4310N | G37: =VLOOKUP(F37,Tables!D$9:E$17,2,FALSE) -> PTR | H37: 17099552 | I37: =S37-R37 -> 1199 | J37: =U37-T37 -> 0 | K37: =I37*$P37 -> 31.4138 | L37: =J37*$Q37 -> 0 | M37: =K37+L37 -> 31.4138 | N37: T1129010427 | O37: 144.75.183.9 | P37: =IF(G37="MFP",Tables!B$2,Tables!B$5) -> 0.0262 | Q37: =IF(G37="MFP",Tables!B$3,Tables!B$6) -> 0.118 | R37: 0 | S37: 1199 | T37: 0 | U37: 0
A38: Athletics | B38: 30_00_310_06110_5521 | C38: Administrative | D38: Cameron Hall | E38: 242 | F38: AF SP4310N | G38: =VLOOKUP(F38,Tables!D$9:E$17,2,FALSE) -> PTR | H38: 17099553 | I38: =S38-R38 -> 491 | J38: =U38-T38 -> 0 | K38: =I38*$P38 -> 12.8642 | L38: =J38*$Q38 -> 0 | M38: =K38+L38 -> 12.8642 | N38: T1129010420 | O38: 144.75.183.64 | P38: =IF(G38="MFP",Tables!B$2,Tables!B$5) -> 0.0262 | Q38: =IF(G38="MFP",Tables!B$3,Tables!B$6) -> 0.118 | R38: 0 | S38: 491 | T38: 0 | U38: 0
A39: Athletics | B39: 30_00_310_06110_5521 | C39: Administrative | D39: Cameron Hall | E39: 302 | F39: AF MPC2051 | G39: =VLOOKUP(F39,Tables!D$9:E$17,2,FALSE) -> MFP | H39: 17099722 | I39: =S39-R39 -> 3285 | J39: =U39-T39 -> 6416 | K39: =I39*$P39 -> 67.9995 | L39: =J39*$Q39 -> 558.192 | M39: =K39+L39 -> 626.1915 | N39: V9725401418 | O39: 144.75.183.52 | P39: =IF(G39="MFP",Tables!B$2,Tables!B$5) -> 0.0207 | Q39: =IF(G39="MFP",Tables!B$3,Tables!B$6) -> 0.087 | R39: 0 | S39: 3285 | T39: 0 | U39: 6416
A40: Athletics | B40: 30_00_310_06110_5521 | C40: Administrative | D40: Cameron Hall | E40: 312 | F40: AF SP4310N | G40: =VLOOKUP(F40,Tables!D$9:E$17,2,FALSE) -> PTR | H40: 17099555 | I40: =S40-R40 -> 480 | J40: =U40-T40 -> 0 | K40: =I40*$P40 -> 12.576 | L40: =J40*$Q40 -> 0 | M40: =K40+L40 -> 12.576 | N40: T1129010428 | O40: 144.75.183.67 | P40: =IF(G40="MFP",Tables!B$2,Tables!B$5) -> 0.0262 | Q40: =IF(G40="MFP",Tables!B$3,Tables!B$6) -> 0.118 | R40: 0 | S40: 480 | T40: 0 | U40: 0
A41: Athletics | B41: 30_00_310_06110_5521 | C41: Administrative | D41: Cameron Hall | E41: Main | F41: AF SP4310N | G41: =VLOOKUP(F41,Tables!D$9:E$17,2,FALSE) -> PTR | H41: 17099554 | I41: =S41-R41 -> 282 | J41: =U41-T41 -> 0 | K41: =I41*$P41 -> 7.3884 | L41: =J41*$Q41 -> 0 | M41: =K41+L41 -> 7.3884 | N41: T1129010385 | O41: 144.75.183.63 | P41: =IF(G41="MFP",Tables!B$2,Tables!B$5) -> 0.0262 | Q41: =IF(G41="MFP",Tables!B$3,Tables!B$6) -> 0.118 | R41: 0 | S41: 282 | T41: 0 | U41: 0
A42: Athletics Basketball Office | B42: 30_00_310_06110_5521 | C42: Administrative | D42: Cameron Hall | E42: 204 | F42: AF MP301SP | G42: =VLOOKUP(F42,Tables!D$9:E$17,2,FALSE) -> MFP | H42: 17099507 | I42: =S42-R42 -> 4886 | J42: =U42-T42 -> 0 | K42: =I42*$P42 -> 101.1402 | L42: =J42*$Q42 -> 0 | M42: =K42+L42 -> 101.1402 | N42: W912P602280 | O42: 144.75.183.73 | P42: =IF(G42="MFP",Tables!B$2,Tables!B$5) -> 0.0207 | Q42: =IF(G42="MFP",Tables!B$3,Tables!B$6) -> 0.087 | R42: 0 | S42: 4886 | T42: 0 | U42: 0
B43: 30_00_310_06110_5521 Total | M43: =SUBTOTAL(9,M36:M42) -> 1365.4186
A44: Athletics TRAC | B44: 30_00_310_06020_5521 | C44: Track & Cross Country | D44: Cameron Hall | E44: 231 | F44: AF SP4310N | G44: =VLOOKUP(F44,Tables!D$9:E$17,2,FALSE) -> PTR | H44: 17099560 | I44: =S44-R44 -> 845 | J44: =U44-T44 -> 0 | K44: =I44*$P44 -> 22.139 | L44: =J44*$Q44 -> 0 | M44: =K44+L44 -> 22.139 | N44: T1129010426 | O44: 144.75.183.68 | P44: =IF(G44="MFP",Tables!B$2,Tables!B$5) -> 0.0262 | Q44: =IF(G44="MFP",Tables!B$3,Tables!B$6) -> 0.118 | R44: 0 | S44: 845 | T44: 0 | U44: 0
B45: 30_00_310_06020_5521 Total | M45: =SUBTOTAL(9,M44:M44) -> 22.139
A46: Athletics Women's Soccer | B46: 30_00_310_06095_5521 | C46: Soccer - Women | D46: Cameron Hall | E46: 239 | F46: AF SP4310N | G46: =VLOOKUP(F46,Tables!D$9:E$17,2,FALSE) -> PTR | H46: 17099565 | I46: =S46-R46 -> 192 | J46: =U46-T46 -> 0 | K46: =I46*$P46 -> 5.0304 | L46: =J46*$Q46 -> 0 | M46: =K46+L46 -> 5.0304 | N46: T1129010419 | O46: 144.75.183.69 | P46: =IF(G46="MFP",Tables!B$2,Tables!B$5) -> 0.0262 | Q46: =IF(G46="MFP",Tables!B$3,Tables!B$6) -> 0.118 | R46: 0 | S46: 192 | T46: 0 | U46: 0
B47: 30_00_310_06095_5521 Total | M47: =SUBTOTAL(9,M46:M46) -> 5.0304
A48: Auxiliary Services | B48: 10_08_309_82115_5521 | C48: Auxiliary Administration | D48: Cocke Hall | E48: 201 | F48: AF MPC2051 | G48: =VLOOKUP(F48,Tables!D$9:E$17,2,FALSE) -> MFP | H48: 17099424 | I48: =S48-R48 -> 1697 | J48: =U48-T48 -> 361 | K48: =I48*$P48 -> 35.1279 | L48: =J48*$Q48 -> 31.407 | M48: =K48+L48 -> 66.5349 | N48: V9725500651 | O48: 144.75.177.32 | P48: =IF(G48="MFP",Tables!B$2,Tables!B$5) -> 0.0207 | Q48: =IF(G48="MFP",Tables!B$3,Tables!B$6) -> 0.087 | R48: 0 | S48: 1697 | T48: 0 | U48: 361
B49: 10_08_309_82115_5521 Total | M49: =SUBTOTAL(9,M48:M48) -> 66.5349
A50: Band | B50: 10_07_205_30200_5521 | C50: UMA-Band | D50: Shell Hall | E50: 207 | F50: AF MP301SP | G50: =VLOOKUP(F50,Tables!D$9:E$17,2,FALSE) -> MFP | H50: 17099460 | I50: =S50-R50 -> 2983 | J50: =U50-T50 -> 0 | K50: =I50*$P50 -> 61.7481 | L50: =J50*$Q50 -> 0 | M50: =K50+L50 -> 61.7481 | N50: W912P602276 | O50: 144.75.180.76 | P50: =IF(G50="MFP",Tables!B$2,Tables!B$5) -> 0.0207 | Q50: =IF(G50="MFP",Tables!B$3,Tables!B$6) -> 0.087 | R50: 0 | S50: 2983 | T50: 0 | U50: 0
B51: 10_07_205_30200_5521 Total | M51: =SUBTOTAL(9,M50:M50) -> 61.7481
A52: Barracks Study Room | B52: 10_03_064_50550_5521 | C52: Cadet Printer Services | D52: New Barracks | E52: C11 | F52: AF MP4002 | G52: =VLOOKUP(F52,Tables!D$9:E$17,2,FALSE) -> MFP | H52: 17099482 | I52: =S52-R52 -> 142699 | J52: =U52-T52 -> 0 | K52: =I52*$P52 -> 2953.8693 | L52: =J52*$Q52 -> 0 | M52: =K52+L52 -> 2953.8693 | N52: W522L700688 | O52: 144.75.188.50 | P52: =IF(G52="MFP",Tables!B$2,Tables!B$5) -> 0.0207 | Q52: =IF(G52="MFP",Tables!B$3,Tables!B$6) -> 0.087 | R52: 0 | S52: 142699 | T52: 0 | U52: 0
A53: Barracks Study Room | B53: 10_03_064_50550_5521 | C53: Cadet Printer Services | D53: New Barracks | E53: C11 | F53: AF MP4002 | G53: =VLOOKUP(F53,Tables!D$9:E$17,2,FALSE) -> MFP | H53: 17099483 | I53: =S53-R53 -> 68697 | J53: =U53-T53 -> 0 | K53: =I53*$P53 -> 1422.0279 | L53: =J53*$Q53 -> 0 | M53: =K53+L53 -> 1422.0279 | N53: W522L700693 | O53: 144.75.188.60 | P53: =IF(G53="MFP",Tables!B$2,Tables!B$5) -> 0.0207 | Q53: =IF(G53="MFP",Tables!B$3,Tables!B$6) -> 0.087 | R53: 0 | S53: 68697 | T53: 0 | U53: 0
A54: Biology | B54: 10_03_064_50550_5521 | C54: Cadet Printer Services | D54: Mallory Hall | E54: 214 | F54: AF SP4310N | G54: =VLOOKUP(F54,Tables!D$9:E$17,2,FALSE) -> PTR | H54: 17099580 | I54: =S54-R54 -> 1692 | J54: =U54-T54 -> 0 | K54: =I54*$P54 -> 44.3304 | L54: =J54*$Q54 -> 0 | M54: =K54+L54 -> 44.3304 | N54: T1129011291 | O54: 144.75.182.5 | P54: =IF(G54="MFP",Tables!B$2,Tables!B$5) -> 0.0262 | Q54: =IF(G54="MFP",Tables!B$3,Tables!B$6) -> 0.118 | R54: 0 | S54: 1692 | T54: 0 | U54: 0
B55: 10_03_064_50550_5521 Total | M55: =SUBTOTAL(9,M52:M54) -> 4420.2276
A56: Biology | B56: 40_00_011_10250_5521 | C56: Biology | D56: Maury Brooke | E56: 203 | F56: AF MPC2051 | G56: =VLOOKUP(F56,Tables!D$9:E$17,2,FALSE) -> MFP | H56: 17099484 | I56: =S56-R56 -> 5967 | J56: =U56-T56 -> 637 | K56: =I56*$P56 -> 123.5169 | L56: =J56*$Q56 -> 55.419 | M56: =K56+L56 -> 178.9359 | N56: V9725401445 | O56: 144.75.191.21 | P56: =IF(G56="MFP",Tables!B$2,Tables!B$5) -> 0.0207 | Q56: =IF(G56="MFP",Tables!B$3,Tables!B$6) -> 0.087 | R56: 0 | S56: 5967 | T56: 0 | U56: 637
A57: Biology | B57: 40_00_011_10250_5521 | C57: Biology | D57: Maury Brooke | E57: 203 | F57: AF SP4310N | G57: =VLOOKUP(F57,Tables!D$9:E$17,2,FALSE) -> PTR | H57: 17099613 | I57: =S57-R57 -> 1725 | J57: =U57-T57 -> 0 | K57: =I57*$P57 -> 45.195 | L57: =J57*$Q57 -> 0 | M57: =K57+L57 -> 45.195 | N57: T1129011365 | O57: 144.75.202.56 | P57: =IF(G57="MFP",Tables!B$2,Tables!B$5) -> 0.0262 | Q57: =IF(G57="MFP",Tables!B$3,Tables!B$6) -> 0.118 | R57: 0 | S57: 1725 | T57: 0 | U57: 0
A58: Biology | B58: 40_00_011_10250_5521 | C58: Biology | D58: Maury Brooke | E58: 203A | F58: AF SP4310N | G58: =VLOOKUP(F58,Tables!D$9:E$17,2,FALSE) -> PTR | H58: 17099611 | I58: =S58-R58 -> 830 | J58: =U58-T58 -> 0 | K58: =I58*$P58 -> 21.746 | L58: =J58*$Q58 -> 0 | M58: =K58+L58 -> 21.746 | N58: T1128911356 | O58: 144.75.202.51 | P58: =IF(G58="MFP",Tables!B$2,Tables!B$5) -> 0.0262 | Q58: =IF(G58="MFP",Tables!B$3,Tables!B$6) -> 0.118 | R58: 0 | S58: 830 | T58: 0 | U58: 0
A59: Biology | B59: 40_00_011_10250_5521 | C59: Biology | D59: Maury Brooke | E59: 203B | F59: AF SP4310N | G59: =VLOOKUP(F59,Tables!D$9:E$17,2,FALSE) -> PTR | H59: 17099569 | I59: =S59-R59 -> 116 | J59: =U59-T59 -> 0 | K59: =I59*$P59 -> 3.0392 | L59: =J59*$Q59 -> 0 | M59: =K59+L59 -> 3.0392 | N59: T1129011364 | O59: 144.75.202.58 | P59: =IF(G59="MFP",Tables!B$2,Tables!B$5) -> 0.0262 | Q59: =IF(G59="MFP",Tables!B$3,Tables!B$6) -> 0.118 | R59: 0 | S59: 116 | T59: 0 | U59: 0
A60: Biology | B60: 40_00_011_10250_5521 | C60: Biology | D60: Maury Brooke | E60: 203C | F60: AF SP4310N | G60: =VLOOKUP(F60,Tables!D$9:E$17,2,FALSE) -> PTR | H60: 17099612 | I60: =S60-R60 -> 272 | J60: =U60-T60 -> 0 | K60: =I60*$P60 -> 7.1264 | L60: =J60*$Q60 -> 0 | M60: =K60+L60 -> 7.1264 | N60: T1128911365 | O60: 144.75.202.44 | P60: =IF(G60="MFP",Tables!B$2,Tables!B$5) -> 0.0262 | Q60: =IF(G60="MFP",Tables!B$3,Tables!B$6) -> 0.118 | R60: 0 | S60: 272 | T60: 0 | U60: 0
B61: 40_00_011_10250_5521 Total | M61: =SUBTOTAL(9,M56:M60) -> 256.0425
A62: Business Office | B62: 10_03_062_16100_5521 | C62: Business Executive | D62: Smith Hall | E62: 303 | F62: AF SP4310N | G62: =VLOOKUP(F62,Tables!D$9:E$17,2,FALSE) -> PTR | H62: 17099709 | I62: =S62-R62 -> 231 | J62: =U62-T62 -> 0 | K62: =I62*$P62 -> 6.0522 | L62: =J62*$Q62 -> 0 | M62: =K62+L62 -> 6.0522 | N62: T1128911215 | O62: 144.75.179.115 | P62: =IF(G62="MFP",Tables!B$2,Tables!B$5) -> 0.0262 | Q62: =IF(G62="MFP",Tables!B$3,Tables!B$6) -> 0.118 | R62: 0 | S62: 231 | T62: 0 | U62: 0
A63: Business Office | B63: 10_03_062_16100_5521 | C63: Business Executive | D63: Smith Hall | E63: 303 | F63: AF SP4310N | G63: =VLOOKUP(F63,Tables!D$9:E$17,2,FALSE) -> PTR | H63: 17099711 | I63: =S63-R63 -> 2654 | J63: =U63-T63 -> 0 | K63: =I63*$P63 -> 69.5348 | L63: =J63*$Q63 -> 0 | M63: =K63+L63 -> 69.5348 | N63: T1128911216 | O63: 144.75.179.65 | P63: =IF(G63="MFP",Tables!B$2,Tables!B$5) -> 0.0262 | Q63: =IF(G63="MFP",Tables!B$3,Tables!B$6) -> 0.118 | R63: 0 | S63: 2654 | T63: 0 | U63: 0
B64: 10_03_062_16100_5521 Total | M64: =SUBTOTAL(9,M62:M63) -> 75.587
A65: Career Services / Financial Aid | B65: 10_03_053_20300_5521 | C65: Financial Aid Administration | D65: Carroll Hall | E65: 311 | F65: AF SP4310N | G65: =VLOOKUP(F65,Tables!D$9:E$17,2,FALSE) -> PTR | H65: 17099570 | I65: =S65-R65 -> 666 | J65: =U65-T65 -> 0 | K65: =I65*$P65 -> 17.4492 | L65: =J65*$Q65 -> 0 | M65: =K65+L65 -> 17.4492 | N65: T1128910754 | O65: 144.75.195.25 | P65: =IF(G65="MFP",Tables!B$2,Tables!B$5) -> 0.0262 | Q65: =IF(G65="MFP",Tables!B$3,Tables!B$6) -> 0.118 | R65: 0 | S65: 666 | T65: 0 | U65: 0
A66: Career Services / Financial Aid | B66: 10_03_053_20300_5521 | C66: Financial Aid Administration | D66: Carroll Hall | E66: 312 | F66: AF SP4310N | G66: =VLOOKUP(F66,Tables!D$9:E$17,2,FALSE) -> PTR | H66: 17099618 | I66: =S66-R66 -> 2046 | J66: =U66-T66 -> 0 | K66: =I66*$P66 -> 53.6052 | L66: =J66*$Q66 -> 0 | M66: =K66+L66 -> 53.6052 | N66: T1128911369 | O66: 144.75.195.109 | P66: =IF(G66="MFP",Tables!B$2,Tables!B$5) -> 0.0262 | Q66: =IF(G66="MFP",Tables!B$3,Tables!B$6) -> 0.118 | R66: 0 | S66: 2046 | T66: 0 | U66: 0
A67: Career Services / Financial Aid | B67: 10_03_053_20300_5521 | C67: Financial Aid Administration | D67: Carroll Hall | E67: 313 | F67: AF SP4310N | G67: =VLOOKUP(F67,Tables!D$9:E$17,2,FALSE) -> PTR | H67: 17099617 | I67: =S67-R67 -> 205 | J67: =U67-T67 -> 0 | K67: =I67*$P67 -> 5.371 | L67: =J67*$Q67 -> 0 | M67: =K67+L67 -> 5.371 | N67: T1128911361 | O67: 144.75.195.81 | P67: =IF(G67="MFP",Tables!B$2,Tables!B$5) -> 0.0262 | Q67: =IF(G67="MFP",Tables!B$3,Tables!B$6) -> 0.118 | R67: 0 | S67: 205 | T67: 0 | U67: 0
B68: 10_03_053_20300_5521 Total | M68: =SUBTOTAL(9,M65:M67) -> 76.4254
A69: Center for Leadership & Ethics | B69: 30_00_045_61150_5521 | C69: Center for Leadership & Ethics | D69: Center for Leadership & Ethics | E69: 201 | F69: AF MPC2051 | G69: =VLOOKUP(F69,Tables!D$9:E$17,2,FALSE) -> MFP | H69: 17099534 | I69: =S69-R69 -> 4600 | J69: =U69-T69 -> 3789 | K69: =I69*$P69 -> 95.22 | L69: =J69*$Q69 -> 329.643 | M69: =K69+L69 -> 424.863 | N69: V9725400756 | O69: 144.75.215.6 | P69: =IF(G69="MFP",Tables!B$2,Tables!B$5) -> 0.0207 | Q69: =IF(G69="MFP",Tables!B$3,Tables!B$6) -> 0.087 | R69: 0 | S69: 4600 | T69: 0 | U69: 3789
A70: Center for Leadership & Ethics | B70: 30_00_045_61150_5521 | C70: Center for Leadership & Ethics | D70: Center for Leadership & Ethics | E70: 201 | F70: AF SP4310N | G70: =VLOOKUP(F70,Tables!D$9:E$17,2,FALSE) -> PTR | H70: 17099602 | I70: =S70-R70 -> 1809 | J70: =U70-T70 -> 0 | K70: =I70*$P70 -> 47.3958 | L70: =J70*$Q70 -> 0 | M70: =K70+L70 -> 47.3958 | N70: T1129012327 | O70: 144.75.215.10 | P70: =IF(G70="MFP",Tables!B$2,Tables!B$5) -> 0.0262 | Q70: =IF(G70="MFP",Tables!B$3,Tables!B$6) -> 0.118 | R70: 0 | S70: 1809 | T70: 0 | U70: 0
A71: Center for Leadership & Ethics | B71: 30_00_045_61150_5521 | C71: Center for Leadership & Ethics | D71: Center for Leadership & Ethics | E71: 201 | F71: AF SP4310N | G71: =VLOOKUP(F71,Tables!D$9:E$17,2,FALSE) -> PTR | H71: 17099694 | I71: =S71-R71 -> 49 | J71: =U71-T71 -> 0 | K71: =I71*$P71 -> 1.2838 | L71: =J71*$Q71 -> 0 | M71: =K71+L71 -> 1.2838 | N71: T1129011351 | O71: 144.75.215.30 | P71: =IF(G71="MFP",Tables!B$2,Tables!B$5) -> 0.0262 | Q71: =IF(G71="MFP",Tables!B$3,Tables!B$6) -> 0.118 | R71: 0 | S71: 49 | T71: 0 | U71: 0
B72: 30_00_045_61150_5521 Total | M72: =SUBTOTAL(9,M69:M71) -> 473.5426
A73: Chaplains Office | B73: 10_07_205_24100_5521 | C73: UMA-Counselors Office | D73: Old Hospital | E73: 202 | F73: AF MP301SP | G73: =VLOOKUP(F73,Tables!D$9:E$17,2,FALSE) -> MFP | H73: 17099532 | I73: =S73-R73 -> 2710 | J73: =U73-T73 -> 0 | K73: =I73*$P73 -> 56.097 | L73: =J73*$Q73 -> 0 | M73: =K73+L73 -> 56.097 | N73: W912P601485 | O73: 144.75.180.73 | P73: =IF(G73="MFP",Tables!B$2,Tables!B$5) -> 0.0207 | Q73: =IF(G73="MFP",Tables!B$3,Tables!B$6) -> 0.087 | R73: 0 | S73: 2710 | T73: 0 | U73: 0
B74: 10_07_205_24100_5521 Total | M74: =SUBTOTAL(9,M73:M73) -> 56.097
A75: Chemistry | B75: 10_03_011_26100_5521 | C75: Chemistry | D75: Maury Brooke | E75: 303 | F75: AF SP4310N | G75: =VLOOKUP(F75,Tables!D$9:E$17,2,FALSE) -> PTR | H75: 17099615 | I75: =S75-R75 -> 2620 | J75: =U75-T75 -> 0 | K75: =I75*$P75 -> 68.644 | L75: =J75*$Q75 -> 0 | M75: =K75+L75 -> 68.644 | N75: T1129011366 | O75: 144.75.202.14 | P75: =IF(G75="MFP",Tables!B$2,Tables!B$5) -> 0.0262 | Q75: =IF(G75="MFP",Tables!B$3,Tables!B$6) -> 0.118 | R75: 0 | S75: 2620 | T75: 0 | U75: 0
A76: Chemistry | B76: 10_03_011_26100_5521 | C76: Chemistry | D76: Maury Brooke | E76: 303E | F76: AF MPC3502 | G76: =VLOOKUP(F76,Tables!D$9:E$17,2,FALSE) -> MFP | H76: 17099462 | I76: =S76-R76 -> 15902 | J76: =U76-T76 -> 93 | K76: =I76*$P76 -> 329.1714 | L76: =J76*$Q76 -> 8.091 | M76: =K76+L76 -> 337.2624 | N76: W502L601221 | O76: 144.75.202.45 | P76: =IF(G76="MFP",Tables!B$2,Tables!B$5) -> 0.0207 | Q76: =IF(G76="MFP",Tables!B$3,Tables!B$6) -> 0.087 | R76: 0 | S76: 15902 | T76: 0 | U76: 93
A77: Chemistry | B77: 10_03_011_26100_5521 | C77: Chemistry | D77: Maury Brooke | E77: 403H | F77: AF SP4310N | G77: =VLOOKUP(F77,Tables!D$9:E$17,2,FALSE) -> PTR | H77: 17099616 | I77: =S77-R77 -> 1848 | J77: =U77-T77 -> 0 | K77: =I77*$P77 -> 48.4176 | L77: =J77*$Q77 -> 0 | M77: =K77+L77 -> 48.4176 | N77: T1129011350 | O77: 144.75.202.13 | P77: =IF(G77="MFP",Tables!B$2,Tables!B$5) -> 0.0262 | Q77: =IF(G77="MFP",Tables!B$3,Tables!B$6) -> 0.118 | R77: 0 | S77: 1848 | T77: 0 | U77: 0
B78: 10_03_011_26100_5521 Total | M78: =SUBTOTAL(9,M75:M77) -> 454.324
A79: Civil & Environmental Eng. | B79: 10_03_011_28100_5521 | C79: Civil Engineering | D79: Nichols Hall | E79: 410 | F79: AF SP4310N | G79: =VLOOKUP(F79,Tables!D$9:E$17,2,FALSE) -> PTR | H79: 17099752 | I79: =S79-R79 -> 296 | J79: =U79-T79 -> 0 | K79: =I79*$P79 -> 7.7552 | L79: =J79*$Q79 -> 0 | M79: =K79+L79 -> 7.7552 | N79: T1128812156 | O79: 144.75.189.88 | P79: =IF(G79="MFP",Tables!B$2,Tables!B$5) -> 0.0262 | Q79: =IF(G79="MFP",Tables!B$3,Tables!B$6) -> 0.118 | R79: 0 | S79: 296 | T79: 0 | U79: 0
A80: Civil & Environmental Eng. | B80: 10_03_011_28100_5521 | C80: Civil Engineering | D80: Nichols Hall | E80: 609 | F80: AF SP4310N | G80: =VLOOKUP(F80,Tables!D$9:E$17,2,FALSE) -> PTR | H80: 17099621 | I80: =S80-R80 -> 99 | J80: =U80-T80 -> 0 | K80: =I80*$P80 -> 2.5938 | L80: =J80*$Q80 -> 0 | M80: =K80+L80 -> 2.5938 | N80: T1129011096 | O80: 144.75.193.196 | P80: =IF(G80="MFP",Tables!B$2,Tables!B$5) -> 0.0262 | Q80: =IF(G80="MFP",Tables!B$3,Tables!B$6) -> 0.118 | R80: 0 | S80: 99 | T80: 0 | U80: 0
A81: Civil & Environmental Eng. | B81: 10_03_011_28100_5521 | C81: Civil Engineering | D81: Nichols Hall | E81: 609 | F81: AF MPC4502 | G81: =VLOOKUP(F81,Tables!D$9:E$17,2,FALSE) -> MFP | H81: 17099782 | I81: =S81-R81 -> 58198 | J81: =U81-T81 -> 18058 | K81: =I81*$P81 -> 1204.6986 | L81: =J81*$Q81 -> 1571.046 | M81: =K81+L81 -> 2775.7446 | N81: W512L700506 | O81: 144.75.193.90 | P81: =IF(G81="MFP",Tables!B$2,Tables!B$5) -> 0.0207 | Q81: =IF(G81="MFP",Tables!B$3,Tables!B$6) -> 0.087 | R81: 0 | S81: 58198 | T81: 0 | U81: 18058
A82: Civil & Environmental Eng. | B82: 10_03_011_28100_5521 | C82: Civil Engineering | D82: Nichols Hall | E82: 410-445 | F82: AF SPC242DN | G82: =VLOOKUP(F82,Tables!D$9:E$17,2,FALSE) -> PTR | H82: 17099740 | I82: =S82-R82 -> 202 | J82: =U82-T82 -> 18 | K82: =I82*$P82 -> 5.2924 | L82: =J82*$Q82 -> 2.124 | M82: =K82+L82 -> 7.4164 | N82: T202P600371 | O82: 144.75.193.75 | P82: =IF(G82="MFP",Tables!B$2,Tables!B$5) -> 0.0262 | Q82: =IF(G82="MFP",Tables!B$3,Tables!B$6) -> 0.118 | R82: 0 | S82: 202 | T82: 0 | U82: 18
B83: 10_03_011_28100_5521 Total | M83: =SUBTOTAL(9,M79:M82) -> 2793.51
A84: Civil & Environmental Eng. | B84: 10_03_064_50550_5521 | C84: Cadet Printer Services | D84: Nichols Hall | E84: 601 | F84: AF SP4310N | G84: =VLOOKUP(F84,Tables!D$9:E$17,2,FALSE) -> PTR | H84: 17099768 | I84: =S84-R84 -> 32415 | J84: =U84-T84 -> 0 | K84: =I84*$P84 -> 849.273 | L84: =J84*$Q84 -> 0 | M84: =K84+L84 -> 849.273 | N84: T1128811663 | O84: 144.75.193.42 | P84: =IF(G84="MFP",Tables!B$2,Tables!B$5) -> 0.0262 | Q84: =IF(G84="MFP",Tables!B$3,Tables!B$6) -> 0.118 | R84: 0 | S84: 32415 | T84: 0 | U84: 0
B85: 10_03_064_50550_5521 Total | M85: =SUBTOTAL(9,M84:M84) -> 849.273
A86: Commandant's Office | B86: 10_07_205_30150_5521 | C86: UMA-Commandant's Office | D86: Old Barracks | E86: 1 | F86: AF MPC4502 | G86: =VLOOKUP(F86,Tables!D$9:E$17,2,FALSE) -> MFP | H86: 17099497 | I86: =S86-R86 -> 11116 | J86: =U86-T86 -> 1301 | K86: =I86*$P86 -> 230.1012 | L86: =J86*$Q86 -> 113.187 | M86: =K86+L86 -> 343.2882 | N86: W512L601992 | O86: 144.75.190.18 | P86: =IF(G86="MFP",Tables!B$2,Tables!B$5) -> 0.0207 | Q86: =IF(G86="MFP",Tables!B$3,Tables!B$6) -> 0.087 | R86: 0 | S86: 11116 | T86: 0 | U86: 1301
A87: Commandant's Office | B87: 10_07_205_30150_5521 | C87: UMA-Commandant's Office | D87: Old Barracks | E87: 131 | F87: AF SP4310N | G87: =VLOOKUP(F87,Tables!D$9:E$17,2,FALSE) -> PTR | H87: 17099704 | I87: =S87-R87 -> 0 | J87: =U87-T87 -> 0 | K87: =I87*$P87 -> 0 | L87: =J87*$Q87 -> 0 | M87: =K87+L87 -> 0 | N87: T112901223 | O87: 144.75.190.21 | P87: =IF(G87="MFP",Tables!B$2,Tables!B$5) -> 0.0262 | Q87: =IF(G87="MFP",Tables!B$3,Tables!B$6) -> 0.118 | R87: 0 | S87: 0 | T87: 0 | U87: 0
A88: Commandant's Office | B88: 10_07_205_30150_5521 | C88: UMA-Commandant's Office | D88: Old Barracks | E88: 135C | F88: AF SP4310N | G88: =VLOOKUP(F88,Tables!D$9:E$17,2,FALSE) -> PTR | H88: 17099703 | I88: =S88-R88 -> 2883 | J88: =U88-T88 -> 0 | K88: =I88*$P88 -> 75.5346 | L88: =J88*$Q88 -> 0 | M88: =K88+L88 -> 75.5346 | N88: T1129012232 | O88: 144.75.190.22 | P88: =IF(G88="MFP",Tables!B$2,Tables!B$5) -> 0.0262 | Q88: =IF(G88="MFP",Tables!B$3,Tables!B$6) -> 0.118 | R88: 0 | S88: 2883 | T88: 0 | U88: 0
B89: 10_07_205_30150_5521 Total | M89: =SUBTOTAL(9,M86:M88) -> 418.8228
A90: Communications and Marketing | B90: 10_03_065_88100_5521 | C90: Communications & Marketing | D90: Smith Hall | E90: 114A | F90: AF SP4310N | G90: =VLOOKUP(F90,Tables!D$9:E$17,2,FALSE) -> PTR | H90: 17099697 | I90: =S90-R90 -> 246 | J90: =U90-T90 -> 0 | K90: =I90*$P90 -> 6.4452 | L90: =J90*$Q90 -> 0 | M90: =K90+L90 -> 6.4452 | N90: T1128911218 | O90: 144.75.179.110 | P90: =IF(G90="MFP",Tables!B$2,Tables!B$5) -> 0.0262 | Q90: =IF(G90="MFP",Tables!B$3,Tables!B$6) -> 0.118 | R90: 0 | S90: 246 | T90: 0 | U90: 0
B91: 10_03_065_88100_5521 Total | M91: =SUBTOTAL(9,M90:M90) -> 6.4452
A92: Comptrollers | B92: 10_03_062_32100_5521 | C92: Comptroller's Office | D92: Smith Hall | E92: 311 | F92: AF MPC2051 | G92: =VLOOKUP(F92,Tables!D$9:E$17,2,FALSE) -> MFP | H92: 17099528 | I92: =S92-R92 -> 10407 | J92: =U92-T92 -> 68 | K92: =I92*$P92 -> 215.4249 | L92: =J92*$Q92 -> 5.916 | M92: =K92+L92 -> 221.3409 | N92: V9725401454 | O92: 144.75.179.234 | P92: =IF(G92="MFP",Tables!B$2,Tables!B$5) -> 0.0207 | Q92: =IF(G92="MFP",Tables!B$3,Tables!B$6) -> 0.087 | R92: 0 | S92: 10407 | T92: 0 | U92: 68
A93: Comptrollers | B93: 10_03_062_32100_5521 | C93: Comptroller's Office | D93: Smith Hall | E93: 320 | F93: AF SP4310N | G93: =VLOOKUP(F93,Tables!D$9:E$17,2,FALSE) -> PTR | H93: 17099695 | I93: =S93-R93 -> 2433 | J93: =U93-T93 -> 0 | K93: =I93*$P93 -> 63.7446 | L93: =J93*$Q93 -> 0 | M93: =K93+L93 -> 63.7446 | N93: T1129012230 | O93: 144.75.179.43 | P93: =IF(G93="MFP",Tables!B$2,Tables!B$5) -> 0.0262 | Q93: =IF(G93="MFP",Tables!B$3,Tables!B$6) -> 0.118 | R93: 0 | S93: 2433 | T93: 0 | U93: 0
B94: 10_03_062_32100_5521 Total | M94: =SUBTOTAL(9,M92:M93) -> 285.0855
A95: Deans Office | B95: 10_03_045_34100_5521 | C95: Deans Office | D95: Smith Hall | E95: 212 | F95: AF SP4310N | G95: =VLOOKUP(F95,Tables!D$9:E$17,2,FALSE) -> PTR | H95: 17099699 | I95: =S95-R95 -> 71 | J95: =U95-T95 -> 0 | K95: =I95*$P95 -> 1.8602 | L95: =J95*$Q95 -> 0 | M95: =K95+L95 -> 1.8602 | N95: T1128911227 | O95: 144.75.179.56 | P95: =IF(G95="MFP",Tables!B$2,Tables!B$5) -> 0.0262 | Q95: =IF(G95="MFP",Tables!B$3,Tables!B$6) -> 0.118 | R95: 0 | S95: 71 | T95: 0 | U95: 0
A96: Deans Office | B96: 10_03_045_34100_5521 | C96: Deans Office | D96: Smith Hall | E96: 213 | F96: AF SP4310N | G96: =VLOOKUP(F96,Tables!D$9:E$17,2,FALSE) -> PTR | H96: 17099686 | I96: =S96-R96 -> 347 | J96: =U96-T96 -> 0 | K96: =I96*$P96 -> 9.0914 | L96: =J96*$Q96 -> 0 | M96: =K96+L96 -> 9.0914 | N96: T1128911226 | O96: 144.75.179.101 | P96: =IF(G96="MFP",Tables!B$2,Tables!B$5) -> 0.0262 | Q96: =IF(G96="MFP",Tables!B$3,Tables!B$6) -> 0.118 | R96: 0 | S96: 347 | T96: 0 | U96: 0
A97: Deans Office | B97: 10_03_045_34100_5521 | C97: Deans Office | D97: Smith Hall | E97: 217 | F97: AF SPC242DN | G97: =VLOOKUP(F97,Tables!D$9:E$17,2,FALSE) -> PTR | H97: 17099451 | I97: =S97-R97 -> 1040 | J97: =U97-T97 -> 160 | K97: =I97*$P97 -> 27.248 | L97: =J97*$Q97 -> 18.88 | M97: =K97+L97 -> 46.128 | N97: T202P700469 | O97: 144.75.179.11 | P97: =IF(G97="MFP",Tables!B$2,Tables!B$5) -> 0.0262 | Q97: =IF(G97="MFP",Tables!B$3,Tables!B$6) -> 0.118 | R97: 0 | S97: 1040 | T97: 0 | U97: 160
A98: Dean's Office | B98: 10_03_045_34100_5521 | C98: Deans Office | D98: Smith Hall | E98: 216 | F98: AF MPC2051 | G98: =VLOOKUP(F98,Tables!D$9:E$17,2,FALSE) -> MFP | H98: 17099499 | I98: =S98-R98 -> 2549 | J98: =U98-T98 -> 287 | K98: =I98*$P98 -> 52.7643 | L98: =J98*$Q98 -> 24.969 | M98: =K98+L98 -> 77.7333 | N98: V9725401451 | O98: 144.75.179.99 | P98: =IF(G98="MFP",Tables!B$2,Tables!B$5) -> 0.0207 | Q98: =IF(G98="MFP",Tables!B$3,Tables!B$6) -> 0.087 | R98: 0 | S98: 2549 | T98: 0 | U98: 287
A99: Dean's Office | B99: 10_03_045_34100_5521 | C99: Dean's Office | D99: Smith Hall | E99: 201 | F99: AF SP4310N | G99: =VLOOKUP(F99,Tables!D$9:E$17,2,FALSE) -> PTR | H99: 17099687 | I99: =S99-R99 -> 0 | J99: =U99-T99 -> 0 | K99: =I99*$P99 -> 0 | L99: =J99*$Q99 -> 0 | M99: =K99+L99 -> 0 | N99: T112891197 | P99: =IF(G99="MFP",Tables!B$2,Tables!B$5) -> 0.0262 | Q99: =IF(G99="MFP",Tables!B$3,Tables!B$6) -> 0.118 | R99: 0 | S99: 0 | T99: 0 | U99: 0
B100: 10_03_045_34100_5521 Total | M100: =SUBTOTAL(9,M95:M99) -> 134.8129
A101: Economics & Business | B101: 10_03_011_36100_5521 | C101: Economics | D101: Scott Shipp Hall | E101: 320 | F101: AF SP4310N | G101: =VLOOKUP(F101,Tables!D$9:E$17,2,FALSE) -> PTR | H101: 17099771 | I101: =S101-R101 -> 27516 | J101: =U101-T101 -> 0 | K101: =I101*$P101 -> 720.9192 | L101: =J101*$Q101 -> 0 | M101: =K101+L101 -> 720.9192 | N101: T1128712307 | O101: 144.75.214.34 | P101: =IF(G101="MFP",Tables!B$2,Tables!B$5) -> 0.0262 | Q101: =IF(G101="MFP",Tables!B$3,Tables!B$6) -> 0.118 | R101: 0 | S101: 27516 | T101: 0 | U101: 0
...

Sheet Tables
A1: Rates
A2: MFP B&W | B2: 0.0207
A3: MFP Color | B3: 0.087
A5: Printer B&W | B5: 0.0262
A6: Printer Color | B6: 0.118
D8: Devices | E8: Type
D9: AF MP301SP | E9: MFP
D10: AF MP4002 | E10: MFP
D11: AF MP6001 | E11: MFP
D12: AF MPC2051 | E12: MFP
D13: AF MPC3502 | E13: MFP
D14: AF MPC4502 | E14: MFP
D15: AF MPC6501 | E15: MFP
D16: AF SP4310N | E16: PTR
D17: AF SPC242DN | E17: PTR

Sheet Totals
B1: Printer B&W | C1: =Tables!B5 -> 0.0262 | E1: B&W Printer | F1: Color Printer | G1: B/W Printer | H1: Color Printer
B2: Printer Color | C2: =Tables!B6 -> 0.118 | D2: Printer: | E2: =SUMIF('VIM Bill'!G3:G296,"PTR",'VIM Bill'!I3:I296) -> 269007 | F2: =SUMIF('VIM Bill'!G3:G296,"PTR",'VIM Bill'!J3:J296) -> 2225 | G2: =E2*C1 -> 7047.9834 | H2: =F2*C2 -> 262.55
B4: MFP B&W | C4: =Tables!B2 -> 0.0207 | E4: B&W MFP | F4: Color MFP | G4: B/W MFP | H4: Color MFP
B5: MFP Color | C5: =Tables!B3 -> 0.087 | D5: MFP: | E5: =SUMIF('VIM Bill'!G3:G296,"MFP",'VIM Bill'!I3:I296) -> 863265 | F5: =SUMIF('VIM Bill'!G3:G296,"MFP",'VIM Bill'!J3:J296) -> 130005 | G5: =SUM(E5)*C4 -> 17869.586 | H5: =F5*C5 -> 11310.435
E8: Total B&W | F8: Total Color | G8: Total B&W | H8: Total Color
A9: MFP Total: | B9: =COUNTIF('VIM Bill'!G3:G296,"MFP") -> 59 | D9: Total: | E9: =E2+E5 -> 1132272 | F9: =F2+F5 -> 132230 | G9: =G2+G5 -> 24917.569 | H9: =H2+H5 -> 11572.985
A10: Printer Total: | B10: =COUNTIF('VIM Bill'!G3:G296,"PTR") -> 158
A11: Device Total: | B11: =SUM(B9:B10) -> 217 | G11: Total This Invoice: | H11: =H9+G9 -> 36490.554

Sheet Additional Printers
A1: Department | B1: General Ledger | C1: GL Description | D1: Building | E1: Room | F1: Model | G1: Device Type | H1: Ricoh Tag
A2: Cadet Life | B2: 10_08_307_18380_5521 | C2: Student Union | D2: Lejuene Hall | E2: 3-117 | H2: 17099-486
A3: Cadet Life | B3: 10_08_307_18380_5521 | C3: Student Union | D3: Lejuene Hall | E3: 3-117 | H3: 17099-717
A4: Writing Center | B4: 10_03_045_99200_5521 | C4: Writing Center | D4: Carroll Hall | H4: 17099-453
A5: Cadet Counseling | B5: 10_08_308_52175_5521 | D5: Infirmiry | H5: 17099-636
A6: Cadet Counseling | B6: 10_08_308_52175_5521 | D6: Infirmiry | H6: 17099-603
A7: Cadet Counseling | B7: 10_08_308_52175_5521 | D7: Infirmiry | H7: 17099-604
