Workbook

Sheet Month 1
A1: Student Name and Site:
A2: Appendix K
A3: School Counseling Log
B4: Week 1 | C4: Week 2 | D4: Week 3 | E4: Week 4
A5: Activity | B5: From: | C5: From: | D5: From: | E5: From: | F5: Totals
B6: To: | C6: To: | D6: To: | E6: To:
A7: Individual Counseling (including career, academic & personal/social) | B7: 0 | F7: =SUM(B7:E7) -> 0
A8: Group Counseling | B8: 0 | F8: =SUM(B8+C8+D8+E8) -> 0
A9: Group Classroom Guidance | B9: 0 | F9: =SUM(B9+C9+D9+E9) -> 0
A10: Testing: Administration and Interpretation | B10: 0 | F10: =SUM(B10:E10) -> 0
A11: Other Direct | B11: 0 | F11: =SUM(B11:E11) -> 0
A12: Indirect hours (e.g. paperwork, observations, meetings, consultation, etc.) | B12: 0 | F12: =SUM(B12+C12+D12+E12) -> 0
A13: Individual/Triadic Supervision | B13: 0 | F13: =SUM(B13+C13+D13+E13) -> 0
A14: Group Supervision | B14: 0 | F14: =SUM(B14+C14+D14+E14) -> 0
A15: Total | B15: =SUM(B7:B14) -> 0 | C15: =SUM(C7:C14) -> 0 | D15: =SUM(D7:D14) -> 0 | E15: =SUM(E7:E14) -> 0 | F15: =SUM(B15+C15+D15+E15) -> 0
A18: Monthly Totals | B18: Direct | D18: =SUM(F7+F8+F9+F10+F11) -> 0
B19: Nondirect | D19: =SUM(F12+F13+F14) -> 0
B20: Supervision | D20: =F13+F14 -> 0
B21: Direct Individual/Group | D21: =SUM(F7+F8+F9) -> 0
A23: Semester Totals To Date | B23: Direct | D23: =D18 -> 0
B24: Nondirect | D24: =D19 -> 0
B25: Supervision | D25: =D20 -> 0
B26: Direct Individual/Group | D26: =D21 -> 0
B27: TOTAL HRS | D27: =F15 -> 0
A29: Intern's Signature: | G29: Date:
A31: Site Supervisor's Signature: | G31: Date:

Sheet Month 2
A1: Student Name and Site:
A2: Appendix K
A3: School Counseling Log
B4: Week 5 | C4: Week 6 | D4: Week 7 | E4: Week 8
A5: Activity | B5: From: | C5: From: | D5: From: | E5: From: | F5: Totals
B6: To: | C6: To: | D6: To: | E6: To:
A7: Individual Counseling (including career, academic & personal/social) | B7: 0 | F7: =SUM(B7:E7) -> 0
A8: Group Counseling | B8: 0 | F8: =SUM(B8:E8) -> 0
A9: Group Classroom Guidance | B9: 0 | F9: =SUM(B9:E9) -> 0
A10: Testing: Administration and Interpretation | B10: 0 | F10: =SUM(B10:E10) -> 0
A11: Other Direct | B11: 0 | F11: =SUM(B11:E11) -> 0
A12: Indirect hours (e.g. paperwork, observations, meetings, consultation, etc.) | B12: 0 | F12: =SUM(B12:E12) -> 0
A13: Individual/Triadic Supervision | B13: 0 | F13: =SUM(B13:E13) -> 0
A14: Group Supervision | B14: 0 | F14: =SUM(B14:E14) -> 0
A15: Total | B15: =SUM(B7:B14) -> 0 | C15: =SUM(C7:C14) -> 0 | D15: =SUM(D7:D14) -> 0 | E15: =SUM(E7:E14) -> 0 | F15: =SUM(B15+C15+D15+E15) -> 0
A18: Monthly Totals | B18: Direct | D18: =SUM(F7+F8+F9+F10+F11) -> 0
B19: Nondirect | D19: =SUM(F12+F13+F14) -> 0
B20: Supervision | D20: =F13+F14 -> 0
B21: Direct Individual/Group | D21: =SUM(F7+F8+F9) -> 0
A23: Semester Totals To Date | B23: Direct | D23: =SUM('Month 1'!D23+'Month 2'!D18) -> 0
B24: Nondirect | D24: =SUM('Month 1'!D24+'Month 2'!D19) -> 0
B25: Supervision | D25: =SUM('Month 1'!D25+'Month 2'!D20) -> 0
B26: Direct Individual/Group | D26: =SUM('Month 1'!D26+'Month 2'!D21) -> 0
B27: TOTAL HRS | D27: =(F15+'Month 1'!D27) -> 0
A29: Intern's Signature: | G29: Date:
A31: Site Supervisor's Signature: | G31: Date:

Sheet Month 3
A1: Student Name and Site:
A2: Appendix K
A3: School Counseling Log
B4: Week 9 | C4: Week 10 | D4: Week 11 | E4: Week 12
A5: Activity | B5: From: | C5: From: | D5: From: | E5: From: | F5: Totals
B6: To: | C6: To: | D6: To: | E6: To:
A7: Individual Counseling (including career, academic & personal/social) | B7: 0 | F7: =SUM(B7:E7) -> 0
A8: Group Counseling | B8: 0 | F8: =SUM(B8:E8) -> 0
A9: Group Classroom Guidance | B9: 0 | F9: =SUM(B9:E9) -> 0
A10: Testing: Administration and Interpretation | B10: 0 | F10: =SUM(B10:E10) -> 0
A11: Other Direct | B11: 0 | F11: =SUM(B11:E11) -> 0
A12: Indirect hours (e.g. paperwork, observations, meetings, consultation, etc.) | B12: 0 | F12: =SUM(B12:E12) -> 0
A13: Individual/Triadic Supervision | B13: 0 | F13: =SUM(B13:E13) -> 0
A14: Group Supervision | B14: 0 | F14: =SUM(B14:E14) -> 0
A15: Total | B15: =SUM(B7:B14) -> 0 | C15: =SUM(C7:C14) -> 0 | D15: =SUM(D7:D14) -> 0 | E15: =SUM(E7:E14) -> 0 | F15: =SUM(B15:E15) -> 0
A18: Monthly Totals | B18: Direct | D18: =SUM(F7+F8+F9+F10+F11) -> 0
B19: Nondirect | D19: =SUM(F12+F13+F14) -> 0
B20: Supervision | D20: =F13+F14 -> 0
B21: Direct Individual/Group | D21: =F7+F8+F9 -> 0
A23: Semester Totals To Date | B23: Direct | D23: =SUM('Month 2'!D23+'Month 3'!D18) -> 0
B24: Nondirect | D24: =SUM('Month 2'!D24+'Month 3'!D19) -> 0
B25: Supervision | D25: =SUM('Month 2'!D25+'Month 3'!D20) -> 0
B26: Direct Individual/Group | D26: =SUM('Month 2'!D26+'Month 3'!D21) -> 0
B27: TOTAL HRS | D27: =SUM(F15+'Month 2'!D27) -> 0
A29: Intern's Signature: | I29: Date:
A31: Site Supervisor's Signature: | I31: Date:

Sheet Month 4
A1: Student Name and Site:
A2: Appendix K
A3: School Counseling Log
B4: Week 13 | C4: Week 14 | D4: Week 15 | E4: Week 16 | H4: Previous Semester Totals | I4: Final Totals
A5: Activity | B5: From: | C5: From: | D5: From: | E5: From: | F5: Totals | G5: Semester
B6: To: | C6: To: | D6: To: | E6: To: | G6: Total
A7: Individual Counseling (including career, academic & personal/social) | B7: 0 | F7: =SUM(B7:E7) -> 0 | G7: =SUM('Month 1'!F7+'Month 2'!F7+'Month 3'!F7+'Month 4'!F7) -> 0 | I7: =SUM(G7+H7) -> 0
A8: Group Counseling | B8: 0 | F8: =SUM(B8:E8) -> 0 | G8: =SUM('Month 1'!F8+'Month 2'!F8+'Month 3'!F8+'Month 4'!F8) -> 0 | I8: =SUM(G8+H8) -> 0
A9: Group Classroom Guidance | B9: 0 | F9: =SUM(B9:E9) -> 0 | G9: =SUM('Month 1'!F9+'Month 2'!F9+'Month 3'!F9+'Month 4'!F9) -> 0 | I9: =SUM(G9+H9) -> 0
A10: Testing: Administration and Interpretation | B10: 0 | F10: =SUM(B10:E10) -> 0 | G10: =SUM('Month 1'!F10+'Month 2'!F10+'Month 3'!F10+'Month 4'!F10) -> 0 | I10: =SUM(G10+H10) -> 0
A11: Other Direct | B11: 0 | F11: =SUM(B11:E11) -> 0 | G11: =SUM('Month 1'!F11+'Month 2'!F11+'Month 3'!F11+'Month 4'!F11) -> 0 | I11: =SUM(G11+H11) -> 0
A12: Indirect hours (e.g. paperwork, observations, meetings, consultation, etc.) | B12: 0 | F12: =SUM(B12:E12) -> 0 | G12: =SUM('Month 1'!F12+'Month 2'!F12+'Month 3'!F12+'Month 4'!F12) -> 0 | I12: =SUM(G12+H12) -> 0
A13: Individual/Triadic Supervision | B13: 0 | F13: =SUM(B13:E13) -> 0 | G13: =SUM('Month 1'!F13+'Month 2'!F13+'Month 3'!F13+'Month 4'!F13) -> 0 | I13: =SUM(G13+H13) -> 0
A14: Group Supervision | B14: 0 | F14: =SUM(B14:E14) -> 0 | G14: =SUM('Month 1'!F14+'Month 2'!F14+'Month 3'!F14+'Month 4'!F14) -> 0 | I14: =SUM(G14+H14) -> 0
A15: Total | B15: =SUM(B7:B14) -> 0 | C15: =SUM(C7:C14) -> 0 | D15: =SUM(D7:D14) -> 0 | E15: =SUM(E7:E14) -> 0 | F15: =SUM(F7:F14) -> 0 | G15: =SUM(G7:G14) -> 0 | H15: =SUM(H7:H14) -> 0 | I15: =SUM(G15+H15) -> 0
A18: Monthly Totals | B18: Direct | D18: =SUM(F7+F8+F9+F10+F11) -> 0 | F18: Internship Totals | H18: Direct | J18: =SUM(I7:I11) -> 0
B19: Nondirect | D19: =SUM(F12+F13+F14) -> 0 | H19: Nondirect | J19: =SUM(I12:I14) -> 0
B20: Supervision | D20: =F13+F14 -> 0 | H20: Supervision | J20: =I13+I14 -> 0
B21: Direct Individual/Group | D21: =F7+F8+F9 -> 0 | H21: Direct Individual/Group | J21: =I7+I8+I9 -> 0
H22: TOTAL HRS | J22: =I15 -> 0
A23: Semester Totals | B23: Direct | D23: =SUM('Month 3'!D23+'Month 4'!D18) -> 0
B24: Nondirect | D24: =SUM('Month 3'!D24+'Month 4'!D19) -> 0
B25: Supervision | D25: =SUM('Month 3'!D25+'Month 4'!D20) -> 0
B26: Direct Individual/Group | D26: =SUM('Month 3'!D26+'Month 4'!D21) -> 0
B27: TOTAL HRS | D27: =SUM(F15+'Month 3'!D27) -> 0
A29: Intern's Signature: | K29: Date:
A31: Site Supervisor's Signature: | K31: Date:
