Workbook

Sheet Definitions
A1: Project Log - TIMO (Level 3 Project)
A3: The project workbook allows project managers, team members, sponsors, and stakeholders to easily track and monitor project activities. Any of these worksheets can easily be broken out into separate documents.
A5: Suggested Sheets for All Projects
A6: Charter Lite | B6: The Project Charter Lite sheet can be used as a charter for small projects or a summarization of a full charter for larger projects.
A7: Directory | B7: The Directory is used to capture contact information about each person participating in the project.
A8: Communication Plan | B8: The Communication Plan sheet allows you to detail your communication plan: how you are going to communicate, whom you will be communicating with, how often, in what format, etc.
A9: Issues Plan | B9: The Issues Plan sheet allows you to define how issues will be captured and tracked for the life of the project.
A10: Change Plan | B10: The Chang Plan sheet allows you to define the process for changes to be captured, reviewed, impact determined and approved/disapproved.
A11: Schedule | B11: The schedule sheet contains a list of activities to be worked in order to fulfill the need expressed in the charter. Included in this sheet are Planned Start, Planned Finish, Actual Start, Actual Finish dates and a Responsibility field to designate who is responsible for making sure the work is completed for that activity.
A12: Risks | B12: The Risk Management Matrix sheet allows you to identify, qualify, quantify, and prioritize risks (events that might happen; the uncertainty of a project), create mitigation and contingency plans, and assign risks owners.
A13: Action Items | B13: The Action Items sheet allows you to track and monitor action items assigned to team members. Action items are tasks that must be done but are too insignificant from a time perspective to track in your project schedule.
A14: Issues | B14: The Issues Log sheet allows you to identify and monitor project issues (unplanned events that have happened).
A15: Decisions | B15: The Decision Log sheet allows you to track all major decisions made during the course of the project.
A16: Changes | B16: The Changes Log sheet allows you to track the changes that have been approved for the project.
A17: Parking Lot | B17: The Parking Lot Log sheet allows you to track things to be discussed at a later date.
A18: Report | B18: The Report sheet contains the information for Project Status information.

Sheet Charter Lite
A1: Project | C1: Sponsor
A2: Project Manager | C2: Date Updated
A3: Background
A4: Business need and business benefits
A5: Objectives
A6: Scope | B6: In Scope | C6: Out of Scope
A18: Deliverables | B18: Deliverables | C18: Dates
A25: Budget
A26: Key Considerations | B26: Assumptions & Constraints
A31: Success criteria
A35: Sponsor Signature | B35: Signature
B37: Printed name
B39: Date
A41: Project Manager
B43: Signature
B45: Printed name
B47: Date

Sheet Directory
A1: Project Name | B1: ='Charter Lite'!B1 -> 0 | C1: Sponsor | D1: ='Charter Lite'!D1 -> 0
A2: Project Manager | B2: ='Charter Lite'!B2 -> 0 | C2: Date Updated | D2: ='Charter Lite'!D2 -> 0
A5: Name | B5: Role | C5: Agency | D5: Phone | E5: Email

Sheet Communications
A1: Project | C1: ='Charter Lite'!B1 -> 0 | D1: Sponsor | E1: ='Charter Lite'!D1 -> 0
A2: Project manager | C2: ='Charter Lite'!B2 -> 0 | D2: Updated | E2: ='Charter Lite'!D2 -> 0
A4: ID | B4: Communication | C4: Description | D4: Frequency | E4: Format | F4: Owner | G4: Recipient/ Attendees
A5: 1 | B5: What type of communication is this? | C5: What is the description of the contents/purpose of this communication? | D5: How often? | E5: Email, Report | F5: Who sends? | G5: Who gets?
A6: 2
A7: 3

Sheet Schedule
A1: Project Name | C1: ='Charter Lite'!B1 -> 0 | E1: Sponsor | G1: ='Charter Lite'!D1 -> 0
A2: Project Manager | C2: ='Charter Lite'!B2 -> 0 | E2: Date Updated | G2: ='Charter Lite'!D2 -> 0
A4: ID | B4: Name | C4: Planned Start | D4: Planned Finish | E4: Actual Start | F4: Actual Finish | G4: Notes
A5: 1
A6: =A5+1 -> 2
A7: =A6+1 -> 3
A8: =A7+1 -> 4
A9: =A8+1 -> 5
A10: =A9+1 -> 6
A11: =A10+1 -> 7

Sheet Risks
A1: Project Name | D1: ='Charter Lite'!B1 -> 0 | H1: Sponsor | L1: ='Charter Lite'!C1 -> Sponsor
A2: Project Manager | D2: ='Charter Lite'!B2 -> 0 | H2: Date Updated | L2: ='Charter Lite'!C2 -> Date Updated
A4: ID | B4: Description | C4: Date Opened | D4: Date Opened | E4: Status | F4: Category | G4: Probability | H4: Impact | I4: Risk Score | J4: Risk Response | K4: Detailed Risk Response | L4: Risk Trigger(s) | M4: Timing | N4: Risk Owner | O4: Risk Owner | P4: Close Date | R4: Prob Score | S4: Impact Score
A5: 1 | I5: =IF(R5=" "," ",IF(S5=" "," ",R5*S5)) | R5: =IF(G5="High",3,IF(G5="Moderate",2,IF(G5="Low",1," "))) | S5: =IF(H5="High",6,IF(H5="Moderate",4,IF(H5="Low",2," "))) | V5: Probability | W5: Impact
A6: 2 | I6: =IF(R6=" "," ",IF(S6=" "," ",R6*S6)) | R6: =IF(G6="High",3,IF(G6="Moderate",2,IF(G6="Low",1," "))) | S6: =IF(H6="High",6,IF(H6="Moderate",4,IF(H6="Low",2," "))) | X6: High | Y6: Medium | Z6: Low
A7: 3 | I7: =IF(R7=" "," ",IF(S7=" "," ",R7*S7)) | R7: =IF(G7="High",3,IF(G7="Moderate",2,IF(G7="Low",1," "))) | S7: =IF(H7="High",6,IF(H7="Moderate",4,IF(H7="Low",2," "))) | W7: High | X7: =6*3 -> 18 | Y7: =3*4 -> 12 | Z7: =3*2 -> 6
A8: 4 | I8: =IF(R8=" "," ",IF(S8=" "," ",R8*S8)) | R8: =IF(G8="High",3,IF(G8="Moderate",2,IF(G8="Low",1," "))) | S8: =IF(H8="High",6,IF(H8="Moderate",4,IF(H8="Low",2," "))) | W8: Medium | X8: =2*6 -> 12 | Y8: =2*4 -> 8 | Z8: =2*2 -> 4
A9: 5 | I9: =IF(R9=" "," ",IF(S9=" "," ",R9*S9)) | R9: =IF(G9="High",3,IF(G9="Moderate",2,IF(G9="Low",1," "))) | S9: =IF(H9="High",6,IF(H9="Moderate",4,IF(H9="Low",2," "))) | W9: Low | X9: =1*6 -> 6 | Y9: =1*4 -> 4 | Z9: =1*2 -> 2
A10: 6 | I10: =IF(R10=" "," ",IF(S10=" "," ",R10*S10)) | R10: =IF(G10="High",3,IF(G10="Moderate",2,IF(G10="Low",1," "))) | S10: =IF(H10="High",6,IF(H10="Moderate",4,IF(H10="Low",2," ")))
A11: 7 | I11: =IF(R11=" "," ",IF(S11=" "," ",R11*S11)) | R11: =IF(G11="High",3,IF(G11="Moderate",2,IF(G11="Low",1," "))) | S11: =IF(H11="High",6,IF(H11="Moderate",4,IF(H11="Low",2," ")))
A12: 8 | I12: =IF(R12=" "," ",IF(S12=" "," ",R12*S12)) | R12: =IF(G12="High",3,IF(G12="Moderate",2,IF(G12="Low",1," "))) | S12: =IF(H12="High",6,IF(H12="Moderate",4,IF(H12="Low",2," ")))
A13: 9 | I13: =IF(R13=" "," ",IF(S13=" "," ",R13*S13)) | R13: =IF(G13="High",3,IF(G13="Moderate",2,IF(G13="Low",1," "))) | S13: =IF(H13="High",6,IF(H13="Moderate",4,IF(H13="Low",2," ")))
A14: 10 | I14: =IF(R14=" "," ",IF(S14=" "," ",R14*S14)) | R14: =IF(G14="High",3,IF(G14="Moderate",2,IF(G14="Low",1," "))) | S14: =IF(H14="High",6,IF(H14="Moderate",4,IF(H14="Low",2," ")))
A15: 11 | I15: =IF(R15=" "," ",IF(S15=" "," ",R15*S15)) | R15: =IF(G15="High",3,IF(G15="Moderate",2,IF(G15="Low",1," "))) | S15: =IF(H15="High",6,IF(H15="Moderate",4,IF(H15="Low",2," ")))
A16: 12 | I16: =IF(R16=" "," ",IF(S16=" "," ",R16*S16)) | R16: =IF(G16="High",3,IF(G16="Moderate",2,IF(G16="Low",1," "))) | S16: =IF(H16="High",6,IF(H16="Moderate",4,IF(H16="Low",2," ")))
A17: 13 | I17: =IF(R17=" "," ",IF(S17=" "," ",R17*S17)) | R17: =IF(G17="High",3,IF(G17="Moderate",2,IF(G17="Low",1," "))) | S17: =IF(H17="High",6,IF(H17="Moderate",4,IF(H17="Low",2," ")))
A18: 14 | I18: =IF(R18=" "," ",IF(S18=" "," ",R18*S18)) | R18: =IF(G18="High",3,IF(G18="Moderate",2,IF(G18="Low",1," "))) | S18: =IF(H18="High",6,IF(H18="Moderate",4,IF(H18="Low",2," ")))
A19: 15 | I19: =IF(R19=" "," ",IF(S19=" "," ",R19*S19)) | R19: =IF(G19="High",3,IF(G19="Moderate",2,IF(G19="Low",1," "))) | S19: =IF(H19="High",6,IF(H19="Moderate",4,IF(H19="Low",2," ")))
F21: List….
F22: Architecture
F23: Business
F24: Change Mgt
F25: Cost
F26: Cust. Satisfaction
F27: End User
F28: Enterprise
F29: Political
F30: Quality
F31: Regulatory
F32: Requirements
... F37: Vendor

Sheet Action Items
A1: Project Name | C1: ='Charter Lite'!B1 -> 0 | E1: Sponsor | G1: ='Charter Lite'!D1 -> 0
A2: Project Manager | C2: ='Charter Lite'!B2 -> 0 | E2: Date Updated | G2: ='Charter Lite'!D2 -> 0
A4: ID | B4: Description | C4: Assigned To | D4: Date Opened | E4: Due Date | F4: Date Closed | G4: Status | H4: Notes
A5: 1
A6: 2
A7: 3
A8: 4
A9: 5
A10: 6
A11: 7
A12: 8
A13: 9
A14: 10
A15: 11
A16: 12
... A28: 24

Sheet Issues
A1: Project Name | C1: ='Charter Lite'!B1 -> 0 | E1: Sponsor | G1: ='Charter Lite'!D1 -> 0
A2: Project Manager | C2: ='Charter Lite'!B2 -> 0 | E2: Date Updated | G2: ='Charter Lite'!D2 -> 0
A4: ID | B4: Description | C4: Assigned To | D4: Date Opened | E4: Due Date | F4: Date Closed | G4: Status | H4: Notes
A5: 1
A6: 2
A7: 3
A8: 4
A9: 5
A10: 6
A11: 7
A12: 8
A13: 9
A14: 10
A15: 11
A16: 12
... A18: 14

Sheet Decisions
A1: Project Name | C1: ='Charter Lite'!B1 -> 0 | D1: Sponsor | E1: ='Charter Lite'!D1 -> 0
A2: Project Manager | C2: ='Charter Lite'!B2 -> 0 | D2: Date Updated | E2: ='Charter Lite'!D2 -> 0
A4: ID | B4: Decision Made | C4: Made by | D4: Date Made | E4: Notes
A5: 1
A6: 2
A7: 3
A8: 4
A9: 5
A10: 6
A11: 7
A12: 8
A13: 9

Sheet Changes
A1: Project Name | C1: ='Charter Lite'!B1 -> 0 | E1: Sponsor | G1: ='Charter Lite'!D1 -> 0
A2: Project Manager | C2: ='Charter Lite'!B2 -> 0 | E2: Date Updated | G2: ='Charter Lite'!D2 -> 0
A5: ID | B5: Description | C5: Priority (L/M/H) | D5: Date Reported | E5: Requested By | F5: Status | G5: Assigned To | H5: Date Closed | I5: Resolution/Comments
A6: 1

Sheet Parking Lot
A1: Project Name | C1: ='Charter Lite'!B1 -> 0 | E1: Sponsor | G1: ='Charter Lite'!D1 -> 0
A2: Project Manager | C2: ='Charter Lite'!B2 -> 0 | E2: Date Updated | G2: ='Charter Lite'!D2 -> 0
A6: ID | B6: Description | C6: Requestor | D6: Date Opened | E6: Date Closed | F6: Notes | G6: Status
A7: 1
A8: 2
A9: 3

Sheet Quality (Optional)
A1: Project Name | C1: ='Charter Lite'!B1 -> 0 | H1: Sponsor | J1: ='Charter Lite'!D1 -> 0
A2: Project Manager | C2: ='Charter Lite'!B2 -> 0 | H2: Date Updated | J2: ='Charter Lite'!D2 -> 0
A4: Software Defects | B4: Months
B5: 1 | C5: 2 | D5: 3 | E5: 4 | F5: 5 | G5: 6 | H5: 7 | I5: 8 | J5: 9 | K5: 10 | L5: 11 | M5: 12
A6: System Test
A7: Severity High
A8: High - Open
A9: High - Closed
A10: High - Total
A12: Severity Medium
A13: Medium - Open
A14: Medium - Closed
A15: Medium - Total
A17: Severity Low
A18: Low - Open
A19: Low - Closed
A20: Low - Total
A22: Total Open | B22: =B8+B13+B18 -> 0 | C22: =C8+C13+C18 -> 0 | D22: =D8+D13+D18 -> 0 | E22: =E8+E13+E18 -> 0 | F22: =F8+F13+F18 -> 0 | G22: =G8+G13+G18 -> 0 | H22: =H8+H13+H18 -> 0 | I22: =I8+I13+I18 -> 0 | ... M22: =M8+M13+M18 -> 0
A23: Total Closed | B23: =B9+B14+B19 -> 0 | C23: =C9+C14+C19 -> 0 | D23: =D9+D14+D19 -> 0 | E23: =E9+E14+E19 -> 0 | F23: =F9+F14+F19 -> 0 | G23: =G9+G14+G19 -> 0 | H23: =H9+H14+H19 -> 0 | I23: =I9+I14+I19 -> 0 | ... M23: =M9+M14+M19 -> 0
A24: Total Defects | B24: =B10+B15+B20 -> 0 | C24: =C10+C15+C20 -> 0 | D24: =D10+D15+D20 -> 0 | E24: =E10+E15+E20 -> 0 | F24: =F10+F15+F20 -> 0 | G24: =G10+G15+G20 -> 0 | H24: =H10+H15+H20 -> 0 | I24: =I10+I15+I20 -> 0 | ... M24: =M10+M15+M20 -> 0
A26: Acceptance Test
A27: Severity High
A28: High - Open
A29: High - Closed
A30: High - Total
A32: Severity Medium
A33: Medium - Open
A34: Medium - Closed
A35: Medium - Total
A37: Severity Low
A38: Low - Open
A39: Low - Closed
A40: Low - Total
A42: Total Open | B42: =B28+B33+B38 -> 0 | C42: =C28+C33+C38 -> 0 | D42: =D28+D33+D38 -> 0 | E42: =E28+E33+E38 -> 0 | F42: =F28+F33+F38 -> 0 | G42: =G28+G33+G38 -> 0 | H42: =H28+H33+H38 -> 0 | I42: =I28+I33+I38 -> 0 | ... M42: =M28+M33+M38 -> 0
A43: Total Closed | B43: =B29+B34+B39 -> 0 | C43: =C29+C34+C39 -> 0 | D43: =D29+D34+D39 -> 0 | E43: =E29+E34+E39 -> 0 | F43: =F29+F34+F39 -> 0 | G43: =G29+G34+G39 -> 0 | H43: =H29+H34+H39 -> 0 | I43: =I29+I34+I39 -> 0 | ... M43: =M29+M34+M39 -> 0
A44: Total Defects | B44: =B30+B35+B40 -> 0 | C44: =C30+C35+C40 -> 0 | D44: =D30+D35+D40 -> 0 | E44: =E30+E35+E40 -> 0 | F44: =F30+F35+F40 -> 0 | G44: =G30+G35+G40 -> 0 | H44: =H30+H35+H40 -> 0 | I44: =I30+I35+I40 -> 0 | ... M44: =M30+M35+M40 -> 0

Sheet Report
A1: Project Name | C1: ='Charter Lite'!B1 -> 0 | F1: Sponsor | H1: ='Charter Lite'!D1 -> 0
A2: Project Manager | C2: ='Charter Lite'!B2 -> 0 | F2: Date Updated | H2: ='Charter Lite'!D2 -> 0
A4: ID | B4: Description | C4: Current % Complete | D4: Previous % Complete | E4: Start | F4: Finish | G4: Status | H4: Comments
A5: 1 | B5: =Schedule!B5 -> 0 | E5: =IF(Schedule!E5="",Schedule!C5,Schedule!E5) -> 0 | F5: =IF(Schedule!F5="",Schedule!D5,Schedule!F5) -> 0
A6: =A5+1 -> 2 | B6: =Schedule!B6 -> 0 | E6: =IF(Schedule!E6="",Schedule!C6,Schedule!E6) -> 0 | F6: =IF(Schedule!F6="",Schedule!D6,Schedule!F6) -> 0
A7: =A6+1 -> 3 | B7: =Schedule!B7 -> 0 | E7: =IF(Schedule!E7="",Schedule!C7,Schedule!E7) -> 0 | F7: =IF(Schedule!F7="",Schedule!D7,Schedule!F7) -> 0
A8: =A7+1 -> 4 | B8: =Schedule!B8 -> 0 | E8: =IF(Schedule!E8="",Schedule!C8,Schedule!E8) -> 0 | F8: =IF(Schedule!F8="",Schedule!D8,Schedule!F8) -> 0
A9: =A8+1 -> 5 | B9: =Schedule!B9 -> 0 | E9: =IF(Schedule!E9="",Schedule!C9,Schedule!E9) -> 0 | F9: =IF(Schedule!F9="",Schedule!D9,Schedule!F9) -> 0
A10: =A9+1 -> 6 | B10: =Schedule!B10 -> 0 | E10: =IF(Schedule!E10="",Schedule!C10,Schedule!E10) -> 0 | F10: =IF(Schedule!F10="",Schedule!D10,Schedule!F10) -> 0
A11: =A10+1 -> 7 | B11: =Schedule!B11 -> 0 | E11: =IF(Schedule!E11="",Schedule!C11,Schedule!E11) -> 0 | F11: =IF(Schedule!F11="",Schedule!D11,Schedule!F11) -> 0
A12: =A11+1 -> 8
A13: =A12+1 -> 9
A14: =A13+1 -> 10
A15: =A14+1 -> 11
A16: =A15+1 -> 12
A17: =A16+1 -> 13
A18: =A17+1 -> 14
A19: =A18+1 -> 15
A20: =A19+1 -> 16
