Workbook
Name County: 'Dropdown Menu'!$B$1:$B$101
Name Flow: 'Dropdown Menu'!$F$1:$F$3
Name Month: 'Dropdown Menu'!$A$1:$A$13
Name Parameters: 'PCS Parameter Codes'!$B$1:$B$76
Name PCS: 'PCS Parameter Codes'!$A$2:$A$76
Name PCSCODE: 'PCS Parameter Codes'!$A$1:$A$76
Name PPI: 'Dropdown Menu'!$D$1:$D$16
Name Sample: 'Dropdown Menu'!$E$1:$E$5
Name SampleType: 'Dropdown Menu'!$E$2:$E$5
Name SamplingType: 'Dropdown Menu'!$E$1:$E$4
Name Year: 'Dropdown Menu'!$C$1:$C$21

Sheet PPI 002 (WWTF Effluent)
A1: Permit No.: | C1: WQ0002284 | E1: Facility Name: | G1: Kinnakeet Shores | L1: County: | M1: Dare | O1: Month: | R1: Year:
A2: PPI: | C2: 002 | D2: Flow Measuring Point: | K2: Parameter Monitoring Point:
A3: Parameter Code | D3: 50050 | E3: 00310 | F3: 31616 | G3: 00610 | H3: 70300 | I3: 00620 | J3: 00400 | K3: 00530 | L3: 00076 | M3: 00940
A4: Day | B4: ORC Arrival Time | C4: ORC Time On Site | D4: Flow | E4: =IF(ISBLANK(E$3), " ", VLOOKUP(E$3,'PCS Parameter Codes'!$A$1:$D$76,2,FALSE)) -> BOD5 | F4: =IF(ISBLANK(F$3), " ", VLOOKUP(F$3,'PCS Parameter Codes'!$A$1:$D$76,2,FALSE)) -> Fecal Coliform - Broth | G4: =IF(ISBLANK(G$3), " ", VLOOKUP(G$3,'PCS Parameter Codes'!$A$1:$D$76,2,FALSE)) -> Ammonia | H4: =IF(ISBLANK(H$3), " ", VLOOKUP(H$3,'PCS Parameter Codes'!$A$1:$D$76,2,FALSE)) -> Total Dissolved Solids | I4: =IF(ISBLANK(I$3), " ", VLOOKUP(I$3,'PCS Parameter Codes'!$A$1:$D$76,2,FALSE)) -> Nitrate | J4: =IF(ISBLANK(J$3), " ", VLOOKUP(J$3,'PCS Parameter Codes'!$A$1:$D$76,2,FALSE)) -> pH | K4: =IF(ISBLANK(K$3), " ", VLOOKUP(K$3,'PCS Parameter Codes'!$A$1:$D$76,2,FALSE)) -> Total Suspended Solids | L4: =IF(ISBLANK(L$3), " ", VLOOKUP(L$3,'PCS Parameter Codes'!$A$1:$D$76,2,FALSE)) -> Turbidity | ... S4: =IF(ISBLANK(S$3), " ", VLOOKUP(S$3,'PCS Parameter Codes'!$A$1:$D$76,2,FALSE))
B5: 24-hr | C5: hrs | D5: GPD | E5: =IF(ISBLANK(E$3), " ", VLOOKUP(E$3,'PCS Parameter Codes'!$A$1:$D$76,4,FALSE)) -> mg/L | F5: =IF(ISBLANK(F$3), " ", VLOOKUP(F$3,'PCS Parameter Codes'!$A$1:$D$76,4,FALSE)) -> #/100 mL | G5: =IF(ISBLANK(G$3), " ", VLOOKUP(G$3,'PCS Parameter Codes'!$A$1:$D$76,4,FALSE)) -> mg/L | H5: =IF(ISBLANK(H$3), " ", VLOOKUP(H$3,'PCS Parameter Codes'!$A$1:$D$76,4,FALSE)) -> mg/L | I5: =IF(ISBLANK(I$3), " ", VLOOKUP(I$3,'PCS Parameter Codes'!$A$1:$D$76,4,FALSE)) -> mg/L | J5: =IF(ISBLANK(J$3), " ", VLOOKUP(J$3,'PCS Parameter Codes'!$A$1:$D$76,4,FALSE)) -> su | K5: =IF(ISBLANK(K$3), " ", VLOOKUP(K$3,'PCS Parameter Codes'!$A$1:$D$76,4,FALSE)) -> mg/L | L5: =IF(ISBLANK(L$3), " ", VLOOKUP(L$3,'PCS Parameter Codes'!$A$1:$D$76,4,FALSE)) -> NTU | ... S5: =IF(ISBLANK(S$3), " ", VLOOKUP(S$3,'PCS Parameter Codes'!$A$1:$D$76,4,FALSE))
A6: 1
A7: 2
A8: 3
A9: 4
A10: 5
A11: 6
A12: 7
A13: 8
A14: 9
A15: 10
A16: 11
A17: 12
... A36: 31
A37: Average: | D37: =IF(ISBLANK($P$1)," ",AVERAGE(D6:D36)) | E37: =IF(ISBLANK($C$1)," ", IF(COUNT(E6:E36)=0, " ", IF(ISBLANK(E$4), " ", IF(E$4="pH"," ", IF(E$3="31616", GEOMEAN(E6:E36), IF(E$3="31613", GEOMEAN(E6:E36), IF(E$3="31505", GEOMEAN(E6:E36), IF(E$3="31504", GEOMEAN(E6:E36), AVERAGE(E6:E36))))))))) | F37: =IF(ISBLANK($C$1)," ", IF(COUNT(F6:F36)=0, " ", IF(ISBLANK(F$4), " ", IF(F$4="pH"," ", IF(F$3="31616", GEOMEAN(F6:F36), IF(F$3="31613", GEOMEAN(F6:F36), IF(F$3="31505", GEOMEAN(F6:F36), IF(F$3="31504", GEOMEAN(F6:F36), AVERAGE(F6:F36))))))))) | G37: =IF(ISBLANK($C$1)," ", IF(COUNT(G6:G36)=0, " ", IF(ISBLANK(G$4), " ", IF(G$4="pH"," ", IF(G$3="31616", GEOMEAN(G6:G36), IF(G$3="31613", GEOMEAN(G6:G36), IF(G$3="31505", GEOMEAN(G6:G36), IF(G$3="31504", GEOMEAN(G6:G36), AVERAGE(G6:G36))))))))) | H37: =IF(ISBLANK($C$1)," ", IF(COUNT(H6:H36)=0, " ", IF(ISBLANK(H$4), " ", IF(H$4="pH"," ", IF(H$3="31616", GEOMEAN(H6:H36), IF(H$3="31613", GEOMEAN(H6:H36), IF(H$3="31505", GEOMEAN(H6:H36), IF(H$3="31504", GEOMEAN(H6:H36), AVERAGE(H6:H36))))))))) | I37: =IF(ISBLANK($C$1)," ", IF(COUNT(I6:I36)=0, " ", IF(ISBLANK(I$4), " ", IF(I$4="pH"," ", IF(I$3="31616", GEOMEAN(I6:I36), IF(I$3="31613", GEOMEAN(I6:I36), IF(I$3="31505", GEOMEAN(I6:I36), IF(I$3="31504", GEOMEAN(I6:I36), AVERAGE(I6:I36))))))))) | J37: =IF(ISBLANK($C$1)," ", IF(COUNT(J6:J36)=0, " ", IF(ISBLANK(J$4), " ", IF(J$4="pH"," ", IF(J$3="31616", GEOMEAN(J6:J36), IF(J$3="31613", GEOMEAN(J6:J36), IF(J$3="31505", GEOMEAN(J6:J36), IF(J$3="31504", GEOMEAN(J6:J36), AVERAGE(J6:J36))))))))) | K37: =IF(ISBLANK($C$1)," ", IF(COUNT(K6:K36)=0, " ", IF(ISBLANK(K$4), " ", IF(K$4="pH"," ", IF(K$3="31616", GEOMEAN(K6:K36), IF(K$3="31613", GEOMEAN(K6:K36), IF(K$3="31505", GEOMEAN(K6:K36), IF(K$3="31504", GEOMEAN(K6:K36), AVERAGE(K6:K36))))))))) | L37: =IF(ISBLANK($C$1)," ", IF(COUNT(L6:L36)=0, " ", IF(ISBLANK(L$4), " ", IF(L$4="pH"," ", IF(L$3="31616", GEOMEAN(L6:L36), IF(L$3="31613", GEOMEAN(L6:L36), IF(L$3="31505", GEOMEAN(L6:L36), IF(L$3="31504", GEOMEAN(L6:L36), AVERAGE(L6:L36))))))))) | ... S37: =IF(ISBLANK($C$1)," ", IF(COUNT(S6:S36)=0, " ", IF(ISBLANK(S$4), " ", IF(S$4="pH"," ", IF(S$3="31616", GEOMEAN(S6:S36), IF(S$3="31613", GEOMEAN(S6:S36), IF(S$3="31505", GEOMEAN(S6:S36), IF(S$3="31504", GEOMEAN(S6:S36), AVERAGE(S6:S36)))))))))
A38: Daily Maximum: | D38: =IF(ISBLANK($P$1)," ",MAX(D6:D36)) | E38: =IF(ISBLANK($C$1)," ", IF(COUNT(E6:E36)=0, " ", IF(ISBLANK(E$4), " ", MAX(E6:E36)))) | F38: =IF(ISBLANK($C$1)," ", IF(COUNT(F6:F36)=0, " ", IF(ISBLANK(F$4), " ", MAX(F6:F36)))) | G38: =IF(ISBLANK($C$1)," ", IF(COUNT(G6:G36)=0, " ", IF(ISBLANK(G$4), " ", MAX(G6:G36)))) | H38: =IF(ISBLANK($C$1)," ", IF(COUNT(H6:H36)=0, " ", IF(ISBLANK(H$4), " ", MAX(H6:H36)))) | I38: =IF(ISBLANK($C$1)," ", IF(COUNT(I6:I36)=0, " ", IF(ISBLANK(I$4), " ", MAX(I6:I36)))) | J38: =IF(ISBLANK($C$1)," ", IF(COUNT(J6:J36)=0, " ", IF(ISBLANK(J$4), " ", MAX(J6:J36)))) | K38: =IF(ISBLANK($C$1)," ", IF(COUNT(K6:K36)=0, " ", IF(ISBLANK(K$4), " ", MAX(K6:K36)))) | L38: =IF(ISBLANK($C$1)," ", IF(COUNT(L6:L36)=0, " ", IF(ISBLANK(L$4), " ", MAX(L6:L36)))) | ... S38: =IF(ISBLANK($C$1)," ", IF(COUNT(S6:S36)=0, " ", IF(ISBLANK(S$4), " ", MAX(S6:S36))))
A39: Daily Minimum: | D39: =IF(ISBLANK($P$1)," ",MIN(D6:D36)) | E39: =IF(ISBLANK($C$1)," ", IF(COUNT(E6:E36)=0, " ", IF(ISBLANK(E$4), " ", MIN(E6:E36)))) | F39: =IF(ISBLANK($C$1)," ", IF(COUNT(F6:F36)=0, " ", IF(ISBLANK(F$4), " ", MIN(F6:F36)))) | G39: =IF(ISBLANK($C$1)," ", IF(COUNT(G6:G36)=0, " ", IF(ISBLANK(G$4), " ", MIN(G6:G36)))) | H39: =IF(ISBLANK($C$1)," ", IF(COUNT(H6:H36)=0, " ", IF(ISBLANK(H$4), " ", MIN(H6:H36)))) | I39: =IF(ISBLANK($C$1)," ", IF(COUNT(I6:I36)=0, " ", IF(ISBLANK(I$4), " ", MIN(I6:I36)))) | J39: =IF(ISBLANK($C$1)," ", IF(COUNT(J6:J36)=0, " ", IF(ISBLANK(J$4), " ", MIN(J6:J36)))) | K39: =IF(ISBLANK($C$1)," ", IF(COUNT(K6:K36)=0, " ", IF(ISBLANK(K$4), " ", MIN(K6:K36)))) | L39: =IF(ISBLANK($C$1)," ", IF(COUNT(L6:L36)=0, " ", IF(ISBLANK(L$4), " ", MIN(L6:L36)))) | ... S39: =IF(ISBLANK($C$1)," ", IF(COUNT(S6:S36)=0, " ", IF(ISBLANK(S$4), " ", MIN(S6:S36))))
A40: Sampling Type: | D40: Recorder | E40: Composite | F40: Grab | G40: Composite | H40: Composite | I40: Composite | J40: Grab | K40: Recorder | L40: Recorder | M40: Composite
A41: Monthly Limit: | D41: 350000 | E41: 10 | F41: 14 | G41: 4 | I41: 10 | K41: 5
A42: Daily Limit: | E42: 15 | F42: 25 | G42: 6 | J42: 6-9 | K42: 10 | L42: 10
A43: Sample Frequency: | D43: Continuous | E43: See Permit | F43: See Permit | G43: See Permit | H43: 3 X Year | I43: See Permit | J43: 5 x Week | K43: See Permit | L43: Continuous | M43: 3 X Year

Sheet PPI 003 (GW Lowering Ditch 001)
A1: Permit No.: | C1: WQ0002284 | E1: Facility Name: | G1: Kinnakeet Shores | L1: County: | M1: Dare | O1: Month: | R1: Year:
A2: PPI: | C2: 003 | D2: Flow Measuring Point: | K2: Parameter Monitoring Point:
A3: Parameter Code | D3: 50050 | E3: 00600 | F3: 00300 | G3: 00610 | H3: 00665
A4: Day | B4: ORC Arrival Time | C4: ORC Time On Site | D4: Flow | E4: =IF(ISBLANK(E$3), " ", VLOOKUP(E$3,'PCS Parameter Codes'!$A$1:$D$76,2,FALSE)) -> Total Nitrogen | F4: =IF(ISBLANK(F$3), " ", VLOOKUP(F$3,'PCS Parameter Codes'!$A$1:$D$76,2,FALSE)) -> Dissolved Oxygen | G4: =IF(ISBLANK(G$3), " ", VLOOKUP(G$3,'PCS Parameter Codes'!$A$1:$D$76,2,FALSE)) -> Ammonia | H4: =IF(ISBLANK(H$3), " ", VLOOKUP(H$3,'PCS Parameter Codes'!$A$1:$D$76,2,FALSE)) -> Total Phosphorus | I4: =IF(ISBLANK(I$3), " ", VLOOKUP(I$3,'PCS Parameter Codes'!$A$1:$D$76,2,FALSE)) | J4: =IF(ISBLANK(J$3), " ", VLOOKUP(J$3,'PCS Parameter Codes'!$A$1:$D$76,2,FALSE)) | K4: =IF(ISBLANK(K$3), " ", VLOOKUP(K$3,'PCS Parameter Codes'!$A$1:$D$76,2,FALSE)) | L4: =IF(ISBLANK(L$3), " ", VLOOKUP(L$3,'PCS Parameter Codes'!$A$1:$D$76,2,FALSE)) | ... S4: =IF(ISBLANK(S$3), " ", VLOOKUP(S$3,'PCS Parameter Codes'!$A$1:$D$76,2,FALSE))
B5: 24-hr | C5: hrs | D5: GPD | E5: =IF(ISBLANK(E$3), " ", VLOOKUP(E$3,'PCS Parameter Codes'!$A$1:$D$76,4,FALSE)) -> mg/L | F5: =IF(ISBLANK(F$3), " ", VLOOKUP(F$3,'PCS Parameter Codes'!$A$1:$D$76,4,FALSE)) -> mg/L | G5: =IF(ISBLANK(G$3), " ", VLOOKUP(G$3,'PCS Parameter Codes'!$A$1:$D$76,4,FALSE)) -> mg/L | H5: =IF(ISBLANK(H$3), " ", VLOOKUP(H$3,'PCS Parameter Codes'!$A$1:$D$76,4,FALSE)) -> mg/L | I5: =IF(ISBLANK(I$3), " ", VLOOKUP(I$3,'PCS Parameter Codes'!$A$1:$D$76,4,FALSE)) | J5: =IF(ISBLANK(J$3), " ", VLOOKUP(J$3,'PCS Parameter Codes'!$A$1:$D$76,4,FALSE)) | K5: =IF(ISBLANK(K$3), " ", VLOOKUP(K$3,'PCS Parameter Codes'!$A$1:$D$76,4,FALSE)) | L5: =IF(ISBLANK(L$3), " ", VLOOKUP(L$3,'PCS Parameter Codes'!$A$1:$D$76,4,FALSE)) | ... S5: =IF(ISBLANK(S$3), " ", VLOOKUP(S$3,'PCS Parameter Codes'!$A$1:$D$76,4,FALSE))
A6: 1
A7: 2
A8: 3
A9: 4
A10: 5
A11: 6
A12: 7
A13: 8
A14: 9
A15: 10
A16: 11
A17: 12
... A36: 31
A37: Average: | D37: =IF(ISBLANK($P$1)," ",AVERAGE(D6:D36)) | E37: =IF(ISBLANK($C$1)," ", IF(COUNT(E6:E36)=0, " ", IF(ISBLANK(E$4), " ", IF(E$4="pH"," ", IF(E$3="31616", GEOMEAN(E6:E36), IF(E$3="31613", GEOMEAN(E6:E36), IF(E$3="31505", GEOMEAN(E6:E36), IF(E$3="31504", GEOMEAN(E6:E36), AVERAGE(E6:E36))))))))) | F37: =IF(ISBLANK($C$1)," ", IF(COUNT(F6:F36)=0, " ", IF(ISBLANK(F$4), " ", IF(F$4="pH"," ", IF(F$3="31616", GEOMEAN(F6:F36), IF(F$3="31613", GEOMEAN(F6:F36), IF(F$3="31505", GEOMEAN(F6:F36), IF(F$3="31504", GEOMEAN(F6:F36), AVERAGE(F6:F36))))))))) | G37: =IF(ISBLANK($C$1)," ", IF(COUNT(G6:G36)=0, " ", IF(ISBLANK(G$4), " ", IF(G$4="pH"," ", IF(G$3="31616", GEOMEAN(G6:G36), IF(G$3="31613", GEOMEAN(G6:G36), IF(G$3="31505", GEOMEAN(G6:G36), IF(G$3="31504", GEOMEAN(G6:G36), AVERAGE(G6:G36))))))))) | H37: =IF(ISBLANK($C$1)," ", IF(COUNT(H6:H36)=0, " ", IF(ISBLANK(H$4), " ", IF(H$4="pH"," ", IF(H$3="31616", GEOMEAN(H6:H36), IF(H$3="31613", GEOMEAN(H6:H36), IF(H$3="31505", GEOMEAN(H6:H36), IF(H$3="31504", GEOMEAN(H6:H36), AVERAGE(H6:H36))))))))) | I37: =IF(ISBLANK($C$1)," ", IF(COUNT(I6:I36)=0, " ", IF(ISBLANK(I$4), " ", IF(I$4="pH"," ", IF(I$3="31616", GEOMEAN(I6:I36), IF(I$3="31613", GEOMEAN(I6:I36), IF(I$3="31505", GEOMEAN(I6:I36), IF(I$3="31504", GEOMEAN(I6:I36), AVERAGE(I6:I36))))))))) | J37: =IF(ISBLANK($C$1)," ", IF(COUNT(J6:J36)=0, " ", IF(ISBLANK(J$4), " ", IF(J$4="pH"," ", IF(J$3="31616", GEOMEAN(J6:J36), IF(J$3="31613", GEOMEAN(J6:J36), IF(J$3="31505", GEOMEAN(J6:J36), IF(J$3="31504", GEOMEAN(J6:J36), AVERAGE(J6:J36))))))))) | K37: =IF(ISBLANK($C$1)," ", IF(COUNT(K6:K36)=0, " ", IF(ISBLANK(K$4), " ", IF(K$4="pH"," ", IF(K$3="31616", GEOMEAN(K6:K36), IF(K$3="31613", GEOMEAN(K6:K36), IF(K$3="31505", GEOMEAN(K6:K36), IF(K$3="31504", GEOMEAN(K6:K36), AVERAGE(K6:K36))))))))) | L37: =IF(ISBLANK($C$1)," ", IF(COUNT(L6:L36)=0, " ", IF(ISBLANK(L$4), " ", IF(L$4="pH"," ", IF(L$3="31616", GEOMEAN(L6:L36), IF(L$3="31613", GEOMEAN(L6:L36), IF(L$3="31505", GEOMEAN(L6:L36), IF(L$3="31504", GEOMEAN(L6:L36), AVERAGE(L6:L36))))))))) | ... S37: =IF(ISBLANK($C$1)," ", IF(COUNT(S6:S36)=0, " ", IF(ISBLANK(S$4), " ", IF(S$4="pH"," ", IF(S$3="31616", GEOMEAN(S6:S36), IF(S$3="31613", GEOMEAN(S6:S36), IF(S$3="31505", GEOMEAN(S6:S36), IF(S$3="31504", GEOMEAN(S6:S36), AVERAGE(S6:S36)))))))))
A38: Daily Maximum: | D38: =IF(ISBLANK($P$1)," ",MAX(D6:D36)) | E38: =IF(ISBLANK($C$1)," ", IF(COUNT(E6:E36)=0, " ", IF(ISBLANK(E$4), " ", MAX(E6:E36)))) | F38: =IF(ISBLANK($C$1)," ", IF(COUNT(F6:F36)=0, " ", IF(ISBLANK(F$4), " ", MAX(F6:F36)))) | G38: =IF(ISBLANK($C$1)," ", IF(COUNT(G6:G36)=0, " ", IF(ISBLANK(G$4), " ", MAX(G6:G36)))) | H38: =IF(ISBLANK($C$1)," ", IF(COUNT(H6:H36)=0, " ", IF(ISBLANK(H$4), " ", MAX(H6:H36)))) | I38: =IF(ISBLANK($C$1)," ", IF(COUNT(I6:I36)=0, " ", IF(ISBLANK(I$4), " ", MAX(I6:I36)))) | J38: =IF(ISBLANK($C$1)," ", IF(COUNT(J6:J36)=0, " ", IF(ISBLANK(J$4), " ", MAX(J6:J36)))) | K38: =IF(ISBLANK($C$1)," ", IF(COUNT(K6:K36)=0, " ", IF(ISBLANK(K$4), " ", MAX(K6:K36)))) | L38: =IF(ISBLANK($C$1)," ", IF(COUNT(L6:L36)=0, " ", IF(ISBLANK(L$4), " ", MAX(L6:L36)))) | ... S38: =IF(ISBLANK($C$1)," ", IF(COUNT(S6:S36)=0, " ", IF(ISBLANK(S$4), " ", MAX(S6:S36))))
A39: Daily Minimum: | D39: =IF(ISBLANK($P$1)," ",MIN(D6:D36)) | E39: =IF(ISBLANK($C$1)," ", IF(COUNT(E6:E36)=0, " ", IF(ISBLANK(E$4), " ", MIN(E6:E36)))) | F39: =IF(ISBLANK($C$1)," ", IF(COUNT(F6:F36)=0, " ", IF(ISBLANK(F$4), " ", MIN(F6:F36)))) | G39: =IF(ISBLANK($C$1)," ", IF(COUNT(G6:G36)=0, " ", IF(ISBLANK(G$4), " ", MIN(G6:G36)))) | H39: =IF(ISBLANK($C$1)," ", IF(COUNT(H6:H36)=0, " ", IF(ISBLANK(H$4), " ", MIN(H6:H36)))) | I39: =IF(ISBLANK($C$1)," ", IF(COUNT(I6:I36)=0, " ", IF(ISBLANK(I$4), " ", MIN(I6:I36)))) | J39: =IF(ISBLANK($C$1)," ", IF(COUNT(J6:J36)=0, " ", IF(ISBLANK(J$4), " ", MIN(J6:J36)))) | K39: =IF(ISBLANK($C$1)," ", IF(COUNT(K6:K36)=0, " ", IF(ISBLANK(K$4), " ", MIN(K6:K36)))) | L39: =IF(ISBLANK($C$1)," ", IF(COUNT(L6:L36)=0, " ", IF(ISBLANK(L$4), " ", MIN(L6:L36)))) | ... S39: =IF(ISBLANK($C$1)," ", IF(COUNT(S6:S36)=0, " ", IF(ISBLANK(S$4), " ", MIN(S6:S36))))
A40: Sampling Type: | E40: Grab | F40: Grab | G40: Grab | H40: Grab
A41: Monthly Limit:
A42: Daily Limit:
A43: Sample Frequency: | E43: 3 X Year | F43: 3 X Year | G43: 3 X Year | H43: 3 X Year

Sheet PPI 004 GW Lowering Ditch 002)
A1: Permit No.: | C1: WQ0002284 | E1: Facility Name: | G1: Kinnakeet Shores | L1: County: | M1: Dare | O1: Month: | R1: Year:
A2: PPI: | C2: 004 | D2: Flow Measuring Point: | K2: Parameter Monitoring Point:
A3: Parameter Code | D3: 50050 | E3: 00600 | F3: 00300 | G3: 00610 | H3: 00665
A4: Day | B4: ORC Arrival Time | C4: ORC Time On Site | D4: Flow | E4: =IF(ISBLANK(E$3), " ", VLOOKUP(E$3,'PCS Parameter Codes'!$A$1:$D$76,2,FALSE)) -> Total Nitrogen | F4: =IF(ISBLANK(F$3), " ", VLOOKUP(F$3,'PCS Parameter Codes'!$A$1:$D$76,2,FALSE)) -> Dissolved Oxygen | G4: =IF(ISBLANK(G$3), " ", VLOOKUP(G$3,'PCS Parameter Codes'!$A$1:$D$76,2,FALSE)) -> Ammonia | H4: =IF(ISBLANK(H$3), " ", VLOOKUP(H$3,'PCS Parameter Codes'!$A$1:$D$76,2,FALSE)) -> Total Phosphorus | I4: =IF(ISBLANK(I$3), " ", VLOOKUP(I$3,'PCS Parameter Codes'!$A$1:$D$76,2,FALSE)) | J4: =IF(ISBLANK(J$3), " ", VLOOKUP(J$3,'PCS Parameter Codes'!$A$1:$D$76,2,FALSE)) | K4: =IF(ISBLANK(K$3), " ", VLOOKUP(K$3,'PCS Parameter Codes'!$A$1:$D$76,2,FALSE)) | L4: =IF(ISBLANK(L$3), " ", VLOOKUP(L$3,'PCS Parameter Codes'!$A$1:$D$76,2,FALSE)) | ... S4: =IF(ISBLANK(S$3), " ", VLOOKUP(S$3,'PCS Parameter Codes'!$A$1:$D$76,2,FALSE))
B5: 24-hr | C5: hrs | D5: GPD | E5: =IF(ISBLANK(E$3), " ", VLOOKUP(E$3,'PCS Parameter Codes'!$A$1:$D$76,4,FALSE)) -> mg/L | F5: =IF(ISBLANK(F$3), " ", VLOOKUP(F$3,'PCS Parameter Codes'!$A$1:$D$76,4,FALSE)) -> mg/L | G5: =IF(ISBLANK(G$3), " ", VLOOKUP(G$3,'PCS Parameter Codes'!$A$1:$D$76,4,FALSE)) -> mg/L | H5: =IF(ISBLANK(H$3), " ", VLOOKUP(H$3,'PCS Parameter Codes'!$A$1:$D$76,4,FALSE)) -> mg/L | I5: =IF(ISBLANK(I$3), " ", VLOOKUP(I$3,'PCS Parameter Codes'!$A$1:$D$76,4,FALSE)) | J5: =IF(ISBLANK(J$3), " ", VLOOKUP(J$3,'PCS Parameter Codes'!$A$1:$D$76,4,FALSE)) | K5: =IF(ISBLANK(K$3), " ", VLOOKUP(K$3,'PCS Parameter Codes'!$A$1:$D$76,4,FALSE)) | L5: =IF(ISBLANK(L$3), " ", VLOOKUP(L$3,'PCS Parameter Codes'!$A$1:$D$76,4,FALSE)) | ... S5: =IF(ISBLANK(S$3), " ", VLOOKUP(S$3,'PCS Parameter Codes'!$A$1:$D$76,4,FALSE))
A6: 1
A7: 2
A8: 3
A9: 4
A10: 5
A11: 6
A12: 7
A13: 8
A14: 9
A15: 10
A16: 11
A17: 12
... A36: 31
A37: Average: | D37: =IF(ISBLANK($P$1)," ",AVERAGE(D6:D36)) | E37: =IF(ISBLANK($C$1)," ", IF(COUNT(E6:E36)=0, " ", IF(ISBLANK(E$4), " ", IF(E$4="pH"," ", IF(E$3="31616", GEOMEAN(E6:E36), IF(E$3="31613", GEOMEAN(E6:E36), IF(E$3="31505", GEOMEAN(E6:E36), IF(E$3="31504", GEOMEAN(E6:E36), AVERAGE(E6:E36))))))))) | F37: =IF(ISBLANK($C$1)," ", IF(COUNT(F6:F36)=0, " ", IF(ISBLANK(F$4), " ", IF(F$4="pH"," ", IF(F$3="31616", GEOMEAN(F6:F36), IF(F$3="31613", GEOMEAN(F6:F36), IF(F$3="31505", GEOMEAN(F6:F36), IF(F$3="31504", GEOMEAN(F6:F36), AVERAGE(F6:F36))))))))) | G37: =IF(ISBLANK($C$1)," ", IF(COUNT(G6:G36)=0, " ", IF(ISBLANK(G$4), " ", IF(G$4="pH"," ", IF(G$3="31616", GEOMEAN(G6:G36), IF(G$3="31613", GEOMEAN(G6:G36), IF(G$3="31505", GEOMEAN(G6:G36), IF(G$3="31504", GEOMEAN(G6:G36), AVERAGE(G6:G36))))))))) | H37: =IF(ISBLANK($C$1)," ", IF(COUNT(H6:H36)=0, " ", IF(ISBLANK(H$4), " ", IF(H$4="pH"," ", IF(H$3="31616", GEOMEAN(H6:H36), IF(H$3="31613", GEOMEAN(H6:H36), IF(H$3="31505", GEOMEAN(H6:H36), IF(H$3="31504", GEOMEAN(H6:H36), AVERAGE(H6:H36))))))))) | I37: =IF(ISBLANK($C$1)," ", IF(COUNT(I6:I36)=0, " ", IF(ISBLANK(I$4), " ", IF(I$4="pH"," ", IF(I$3="31616", GEOMEAN(I6:I36), IF(I$3="31613", GEOMEAN(I6:I36), IF(I$3="31505", GEOMEAN(I6:I36), IF(I$3="31504", GEOMEAN(I6:I36), AVERAGE(I6:I36))))))))) | J37: =IF(ISBLANK($C$1)," ", IF(COUNT(J6:J36)=0, " ", IF(ISBLANK(J$4), " ", IF(J$4="pH"," ", IF(J$3="31616", GEOMEAN(J6:J36), IF(J$3="31613", GEOMEAN(J6:J36), IF(J$3="31505", GEOMEAN(J6:J36), IF(J$3="31504", GEOMEAN(J6:J36), AVERAGE(J6:J36))))))))) | K37: =IF(ISBLANK($C$1)," ", IF(COUNT(K6:K36)=0, " ", IF(ISBLANK(K$4), " ", IF(K$4="pH"," ", IF(K$3="31616", GEOMEAN(K6:K36), IF(K$3="31613", GEOMEAN(K6:K36), IF(K$3="31505", GEOMEAN(K6:K36), IF(K$3="31504", GEOMEAN(K6:K36), AVERAGE(K6:K36))))))))) | L37: =IF(ISBLANK($C$1)," ", IF(COUNT(L6:L36)=0, " ", IF(ISBLANK(L$4), " ", IF(L$4="pH"," ", IF(L$3="31616", GEOMEAN(L6:L36), IF(L$3="31613", GEOMEAN(L6:L36), IF(L$3="31505", GEOMEAN(L6:L36), IF(L$3="31504", GEOMEAN(L6:L36), AVERAGE(L6:L36))))))))) | ... S37: =IF(ISBLANK($C$1)," ", IF(COUNT(S6:S36)=0, " ", IF(ISBLANK(S$4), " ", IF(S$4="pH"," ", IF(S$3="31616", GEOMEAN(S6:S36), IF(S$3="31613", GEOMEAN(S6:S36), IF(S$3="31505", GEOMEAN(S6:S36), IF(S$3="31504", GEOMEAN(S6:S36), AVERAGE(S6:S36)))))))))
A38: Daily Maximum: | D38: =IF(ISBLANK($P$1)," ",MAX(D6:D36)) | E38: =IF(ISBLANK($C$1)," ", IF(COUNT(E6:E36)=0, " ", IF(ISBLANK(E$4), " ", MAX(E6:E36)))) | F38: =IF(ISBLANK($C$1)," ", IF(COUNT(F6:F36)=0, " ", IF(ISBLANK(F$4), " ", MAX(F6:F36)))) | G38: =IF(ISBLANK($C$1)," ", IF(COUNT(G6:G36)=0, " ", IF(ISBLANK(G$4), " ", MAX(G6:G36)))) | H38: =IF(ISBLANK($C$1)," ", IF(COUNT(H6:H36)=0, " ", IF(ISBLANK(H$4), " ", MAX(H6:H36)))) | I38: =IF(ISBLANK($C$1)," ", IF(COUNT(I6:I36)=0, " ", IF(ISBLANK(I$4), " ", MAX(I6:I36)))) | J38: =IF(ISBLANK($C$1)," ", IF(COUNT(J6:J36)=0, " ", IF(ISBLANK(J$4), " ", MAX(J6:J36)))) | K38: =IF(ISBLANK($C$1)," ", IF(COUNT(K6:K36)=0, " ", IF(ISBLANK(K$4), " ", MAX(K6:K36)))) | L38: =IF(ISBLANK($C$1)," ", IF(COUNT(L6:L36)=0, " ", IF(ISBLANK(L$4), " ", MAX(L6:L36)))) | ... S38: =IF(ISBLANK($C$1)," ", IF(COUNT(S6:S36)=0, " ", IF(ISBLANK(S$4), " ", MAX(S6:S36))))
A39: Daily Minimum: | D39: =IF(ISBLANK($P$1)," ",MIN(D6:D36)) | E39: =IF(ISBLANK($C$1)," ", IF(COUNT(E6:E36)=0, " ", IF(ISBLANK(E$4), " ", MIN(E6:E36)))) | F39: =IF(ISBLANK($C$1)," ", IF(COUNT(F6:F36)=0, " ", IF(ISBLANK(F$4), " ", MIN(F6:F36)))) | G39: =IF(ISBLANK($C$1)," ", IF(COUNT(G6:G36)=0, " ", IF(ISBLANK(G$4), " ", MIN(G6:G36)))) | H39: =IF(ISBLANK($C$1)," ", IF(COUNT(H6:H36)=0, " ", IF(ISBLANK(H$4), " ", MIN(H6:H36)))) | I39: =IF(ISBLANK($C$1)," ", IF(COUNT(I6:I36)=0, " ", IF(ISBLANK(I$4), " ", MIN(I6:I36)))) | J39: =IF(ISBLANK($C$1)," ", IF(COUNT(J6:J36)=0, " ", IF(ISBLANK(J$4), " ", MIN(J6:J36)))) | K39: =IF(ISBLANK($C$1)," ", IF(COUNT(K6:K36)=0, " ", IF(ISBLANK(K$4), " ", MIN(K6:K36)))) | L39: =IF(ISBLANK($C$1)," ", IF(COUNT(L6:L36)=0, " ", IF(ISBLANK(L$4), " ", MIN(L6:L36)))) | ... S39: =IF(ISBLANK($C$1)," ", IF(COUNT(S6:S36)=0, " ", IF(ISBLANK(S$4), " ", MIN(S6:S36))))
A40: Sampling Type: | E40: Grab | F40: Grab | G40: Grab | H40: Grab
A41: Monthly Limit:
A42: Daily Limit:
A43: Sample Frequency: | E43: 3 X Year | F43: 3 X Year | G43: 3 X Year | H43: 3 X Year

Sheet Certification Page
A1: Sampling Person(s) | K1: Certified Laboratories
A2: Name: | K2: Name:
A3: Name: | K3: Name:
A4: Does all monitoring data and sampling frequencies meet the requirements in Attachment A of your permit?
A5: If the facility is non-compliant, please explain in the space below the reason(s) the facility was not in compliance. Provide in your explanation the date(s) of the non-compliance and describe the corrective action(s) taken. Attach additional sheets if necessary.
A8: Operator in Responsible Charge (ORC) Certification | K8: Permittee Certification
A9: ORC: | K9: Permittee:
A10: Certification No.: | K10: Signing Official:
A11: Grade: | E11: Phone Number: | K11: Signing Official's Title:
A12: Has the ORC changed since the previous NDMR? | K12: Phone Number: | P12: Permit Expiration:
A15: Signature | I15: Date | K15: Signature | R15: Date
A16: By this signature, I certify that this report is accurrate and complete to the best of my knowledge. | K16: I certify, under penalty of law, that this document and all attachments were prepared under my direction or supervision in accordance with a system designed to assure that all qualified personnel properly gathered and evaluated the information submitted. Based on my inquiry of the person or persons who manage the system, or those persons directly responsible for gathering the information, the information submitted is, to the best of my knowledge and belief, true, accurate, and complete. I am aware that there are significant penalties for submitting false information, including the possibility of fines and imprisonment for knowing violations.
A18: Mail Original and Two Copies to:
A19: Division of Water Quality
A20: Information Processing Unit
A21: 1617 Mail Service Center
A22: Raleigh, North Carolina 27699-1617

Sheet PCS Parameter Codes
B1: User Friendly Name | C1: Official Parameter Name | D1: DWQ Accepted Units
A2: 00010 | B2: Temperature | C2: Temperature, Water Deg. Centigrade | D2: ºC
A3: 00076 | B3: Turbidity | C3: Turbidity, HCH Turbidimeter | D3: NTU
A4: 00092 | B4: Flow - Maximum | C4: Flow, Maximum Flow Range | D4: GPD
A5: 00094 | B5: Conductivity | C5: Conductivity | D5: µΩ
A6: 00125 | B6: Dichlorobenzene | C6: Dichlorobenzene (Isomers) M/P In Water ug/l | D6: µg/L
A7: 00300 | B7: Dissolved Oxygen | C7: DO, Oxygen, Dissolved | D7: mg/L
A8: 00310 | B8: BOD5 | C8: BOD, 5-Day (20 Deg. C) | D8: mg/L
A9: 00340 | B9: COD | C9: COD, Oxygen Demand, Chem. (High Level) | D9: mg/L
A10: 00400 | B10: pH | C10: pH | D10: su
A11: 00480 | B11: Salinity | C11: Salinity | D11: mg/L
A12: 00515 | B12: Total Filterable Residue | C12: Residue, Tot Fltrble (dried at 105C) | D12: mg/L
A13: 00530 | B13: Total Suspended Solids | C13: Solids, Total Suspended | D13: mg/L
... A48: 31504 | B48: Total Coliform | C48: Coliform, Total MF, Immed,LES Endo Agar | D48: #/100 mL
A49: 31505 | B49: Total Coliform - MPN | C49: Coliform, Tot, MPN, Completed, (100 mL) | D49: MPN/100 mL
A50: 31613 | B50: Fecal Coliform - Agar | C50: Coliform, Fecal MF, M-FC Agar,44.5C,24hr | D50: #/100 mL
A51: 31616 | B51: Fecal Coliform - Broth | C51: Coliform, Fecal MF, M-FC Broth,44.5C | D51: #/100 mL
A52: 32106 | B52: Chloroform | C52: Chloroform | D52: mg/L
A53: 32730 | B53: Phenolics - Recoverable | C53: Phenolics, Total Recoverable | D53: mg/L
A54: 32730 | B54: Phenols | D54: mg/L
A55: 34469 | B55: Pyrene | C55: Pyrene | D55: µg/L
A56: 34694 | B56: Phenol - Single | C56: Phenol, Single Compound | D56: mg/L
A57: 38260 | B57: Surfactants | C57: Surfactants (MBAS) | D57: mg/L
A58: 50050 | B58: Flow | C58: Flow, in conduit or thru treatment plant | D58: GPD
A59: 50060 | B59: Total Residual Chlorine | C59: Chlorine, Total Residual | D59: mg/L
A60: 70295 | B60: Total Dissolved Solids | C60: Solids, Total Dissolved | D60: mg/L
A61: 70300 | B61: Total Dissolved Solids | C61: Solids, Total Dissolved- 180 Deg.C | D61: mg/L
A62: 70318 | B62: % Solids | C62: Solids, Total, Percent | D62: %
A63: 71880 | B63: Formaldehyde | C63: Formaldehyde | D63: mg/L
A64: 71900 | B64: Mercury | C64: Mercury, Total (as Hg) | D64: mg/L
A65: 78732 | B65: Volatile Compounds | C65: Volatile Compounds, (GC/MS) | D65: Yes/No
A66: 80082 | B66: Carbonaceous BOD | C66: BOD, Carbonaceous 05 Day, 20C | D66: mg/L
A67: 81639 | B67: Total Kjeldahl Nitrogen | C67: Nitrogen Kjeldalh, Total (TKN) | D67: lbs/ac
A68: 81688 | B68: Ethylene Glycol | C68: Ethylene glycol | D68: µg/L
A69: 82385 | B69: Nitrogen Oxides | C69: Nitrogen Oxides (as N) | D69: mg/L
A70: 82546 | B70: Water Level | C70: Water level, distance from measuring point | D70: ft
A71: CO310 | B71: BOD5 - Conc. | C71: BOD, 5-Day (20 Deg. C) - Concentration | D71: mg/L
A72: CO530 | B72: TSS - Conc. | C72: Solids, Total Suspended - Concentration | D72: mg/L
A73: CO600 | B73: Total Nitrogen - Conc. | C73: Nitrogen, Total (as N) - Concentration | D73: mg/L
A74: CO610 | B74: Ammonia - Conc. | C74: Nitrogen, Ammonia Total (as N) - Concentration | D74: mg/L
A75: CO665 | B75: Total Phosphorus - Conc. | C75: Phosphorus, Total (as P) - Concentration | D75: mg/L
A76: WQ09 | B76: Plant Available Nitrogen | C76: Plant Available Nitrogen - Loading | D76: mg/L

Sheet Dropdown Menu
A2: January | B2: Alamance | C2: 2011 | D2: 001 | E2: Calculated | F2: Estimate
A3: February | B3: Alexander | C3: =1+C2 -> 2012 | D3: 002 | E3: Composite | F3: Recorder
A4: March | B4: Alleghany | C4: =1+C3 -> 2013 | D4: 003 | E4: Grab
A5: April | B5: Anson | C5: =1+C4 -> 2014 | D5: 004 | E5: Recorder
A6: May | B6: Ashe | C6: =1+C5 -> 2015 | D6: 005
A7: June | B7: Avery | C7: =1+C6 -> 2016 | D7: 006
A8: July | B8: Beaufort | C8: =1+C7 -> 2017 | D8: 007
A9: August | B9: Bertie | C9: =1+C8 -> 2018 | D9: 008
A10: September | B10: Bladen | C10: =1+C9 -> 2019 | D10: 009
A11: October | B11: Brunswick | C11: =1+C10 -> 2020 | D11: 010
A12: November | B12: Buncombe | C12: =1+C11 -> 2021 | D12: 011
A13: December | B13: Burke | C13: =1+C12 -> 2022 | D13: 012
B14: Cabarrus | C14: =1+C13 -> 2023 | D14: 013
B15: Caldwell | C15: =1+C14 -> 2024 | D15: 014
B16: Camden | C16: =1+C15 -> 2025 | D16: 015
B17: Carteret | C17: =1+C16 -> 2026
B18: Caswell | C18: =1+C17 -> 2027
B19: Catawba | C19: =1+C18 -> 2028
B20: Chatham | C20: =1+C19 -> 2029
B21: Cherokee | C21: =1+C20 -> 2030
B22: Chowan
B23: Clay
B24: Cleveland
B25: Columbus
B26: Craven
B27: Cumberland
B28: Currituck
B29: Dare
B30: Davidson
B31: Davie
B32: Duplin
B33: Durham
... B101: Yancey
