Workbook

Sheet TWK
A1: Spot Barge Rates (twk), 2004 - Present
A3: DATE | B3: TWC | C3: MM | D3: ILL | E3: ST LOUIS | F3: CINC | G3: LOH | H3: CAR-MEM | I3: MEM-SO
A4: 37993 | B4: 0 | C4: 0 | D4: 200 | E4: 162 | F4: 163.75 | G4: 165 | H4: 152.5 | I4: 195
A5: 38000 | B5: 0 | C5: 0 | D5: 200 | E5: 162 | F5: 169.5 | G5: 169.5 | H5: 149 | I5: 198.3
A6: 38007 | B6: 0 | C6: 0 | D6: 194 | E6: 157 | F6: 172 | G6: 171 | H6: 144 | I6: 182
A7: 38014 | B7: 0 | C7: 0 | D7: 208 | E7: 150 | F7: 161 | G7: 159 | H7: 137 | I7: 165
A8: 38021 | B8: 0 | C8: 0 | D8: 214 | E8: 147 | F8: 152 | G8: 151 | H8: 127 | I8: 185
A9: 38028 | B9: 0 | C9: 0 | D9: 183 | E9: 135 | F9: 134 | G9: 134 | H9: 118 | I9: 165
A10: 38035 | B10: 0 | C10: 0 | D10: 181 | E10: 133 | F10: 131 | G10: 130 | H10: 117 | I10: 173
A11: 38042 | B11: 0 | C11: 0 | D11: 161 | E11: 130 | F11: 126 | G11: 125 | H11: 120 | I11: 165
A12: 38049 | B12: 0 | C12: 0 | D12: 160 | E12: 130 | F12: 124 | G12: 126 | H12: 116 | I12: 162
A13: 38056 | B13: 0 | C13: 0 | D13: 149 | E13: 127 | F13: 122 | G13: 122 | H13: 114 | I13: 160
A14: 38063 | B14: 0 | C14: 165 | D14: 151 | E14: 124 | F14: 122 | G14: 121 | H14: 112 | I14: 158
A15: 38070 | B15: 184 | C15: 152 | D15: 143 | E15: 115 | F15: 119 | G15: 119 | H15: 110 | I15: 152
... A50: 38315 | B50: 255 | C50: 244 | D50: 236 | E50: 180 | F50: 208 | G50: 208 | H50: 171 | I50: 235
A51: 38322 | C51: 249 | D51: 240 | E51: 175 | F51: 192 | G51: 192 | H51: 166 | I51: 218
A52: 38329 | C52: 245 | D52: 245 | E52: 198 | F52: 199 | G52: 202 | H52: 180 | I52: 230
A53: 38336 | C53: 318 | D53: 301 | E53: 277 | F53: 270 | G53: 279 | H53: 267 | I53: 375
A54: 38343 | D54: 346 | E54: 345 | F54: 333 | G54: 344 | H54: 303 | I54: 388
A55: 38350 | D55: 300 | E55: 257 | F55: 273 | G55: 278 | H55: 237 | I55: 308
A56: 38357 | D56: 261 | E56: 200 | F56: 222 | G56: 222 | H56: 190 | I56: 253
A57: 38364 | D57: 324 | E57: 285 | F57: 244 | G57: 248 | H57: 264 | I57: 368
A58: 38371 | D58: 361 | E58: 329 | F58: 290 | G58: 294 | H58: 313 | I58: 405
A59: 38378 | D59: 293 | E59: 281 | F59: 329 | G59: 326 | H59: 285 | I59: 363
A60: 38385 | D60: 263 | E60: 218 | F60: 301 | G60: 299 | H60: 207 | I60: 285
A61: 38392 | D61: 233 | E61: 215 | F61: 218 | G61: 219 | H61: 202 | I61: 265
A62: 38399 | D62: 278 | E62: 303 | F62: 243 | G62: 247 | H62: 278 | I62: 367
A63: 38406 | D63: 320 | E63: 313 | F63: 289 | G63: 289 | H63: 291 | I63: 388
A64: 38413 | C64: 380 | D64: 369 | E64: 323 | F64: 322 | G64: 323 | H64: 298 | I64: 388
A65: 38420 | C65: 304 | D65: 278 | E65: 247 | F65: 268 | G65: 272 | H65: 237 | I65: 308
A66: 38427 | C66: 350 | D66: 344 | E66: 308 | F66: 341 | G66: 343 | H66: 287 | I66: 363
A67: 38434 | C67: 271 | D67: 250 | E67: 203 | F67: 232 | G67: 233 | H67: 198 | I67: 263
A68: 38441 | B68: 270 | C68: 243 | D68: 231 | E68: 171 | F68: 206 | G68: 208 | H68: 167 | I68: 230
A69: 38448 | B69: 307 | C69: 316 | D69: 313 | E69: 221 | F69: 233 | G69: 235 | H69: 210 | I69: 293
A70: 38455 | B70: 278 | C70: 249 | D70: 241 | E70: 188 | F70: 195 | G70: 195 | H70: 177 | I70: 238
A71: 38462 | B71: 276 | C71: 248 | D71: 238 | E71: 179 | F71: 188 | G71: 189 | H71: 170 | I71: 243
A72: 38469 | B72: 261 | C72: 233 | D72: 223 | E72: 168 | F72: 178 | G72: 178 | H72: 161 | I72: 225
A73: 38476 | B73: 263 | C73: 237 | D73: 245 | E73: 214 | F73: 187 | G73: 189 | H73: 171 | I73: 233
A74: 38483 | B74: 252 | C74: 231 | D74: 229 | E74: 195 | F74: 182 | G74: 186 | H74: 167 | I74: 225
A75: 38490 | B75: 258 | C75: 252 | D75: 249 | E75: 185 | F75: 178 | G75: 179 | H75: 165 | I75: 225
A76: 38497 | B76: 289 | C76: 274 | D76: 265 | E76: 194 | F76: 183 | G76: 184 | H76: 178 | I76: 240
A77: 38504 | B77: 282 | C77: 264 | D77: 253 | E77: 188 | F77: 183 | G77: 183 | H77: 174 | I77: 240
A78: 38511 | B78: 287 | C78: 243 | D78: 233 | E78: 178 | F78: 166 | G78: 169 | H78: 167 | I78: 237
A79: 38518 | B79: 284 | C79: 231 | D79: 221 | E79: 173 | F79: 161 | G79: 162 | H79: 161 | I79: 230
... A102: 38679 | B102: 353 | C102: 359 | D102: 367 | E102: 320 | F102: 327 | G102: 327 | H102: 275 | I102: 375
A103: 38686 | C103: 365 | D103: 366 | E103: 322 | F103: 327 | G103: 327 | H103: 275 | I103: 376
A104: 38693 | D104: 478 | E104: 386 | F104: 388 | G104: 388 | H104: 343 | I104: 463
A105: 38700 | D105: 552 | E105: 436 | F105: 414 | G105: 414 | H105: 359 | I105: 467
A106: 38707 | D106: 508 | E106: 448 | F106: 423 | G106: 423 | H106: 351 | I106: 467
A107: 38714 | D107: 443 | E107: 400 | F107: 399 | G107: 392 | H107: 348 | I107: 469
A108: 38721 | D108: 409 | E108: 375 | F108: 390 | G108: 393 | H108: 352 | I108: 476
A109: 38728 | D109: 379 | E109: 373 | F109: 372 | G109: 373 | H109: 358 | I109: 477
A110: 38735 | D110: 400 | E110: 393 | F110: 362 | G110: 363 | H110: 351 | I110: 458
A111: 38742 | D111: 383 | E111: 357 | F111: 313 | G111: 324 | H111: 279 | I111: 396
A112: 38749 | D112: 413 | E112: 406 | F112: 348 | G112: 364 | H112: 337 | I112: 451
A113: 38756 | D113: 475 | E113: 448 | F113: 383 | G113: 391 | H113: 365 | I113: 475
A114: 38763 | D114: 427 | E114: 389 | F114: 350 | G114: 351 | H114: 333 | I114: 408
A115: 38770 | D115: 375 | E115: 342 | F115: 303 | G115: 303 | H115: 289 | I115: 383
A116: 38777 | C116: 383 | D116: 384 | E116: 328 | F116: 308 | G116: 309 | H116: 282 | I116: 392
A117: 38784 | C117: 383 | D117: 377 | E117: 330 | F117: 344 | G117: 344 | H117: 297 | I117: 407
A118: 38791 | C118: 375 | D118: 337 | E118: 307 | F118: 309 | G118: 313 | H118: 271 | I118: 373
A119: 38798 | C119: 358 | D119: 333 | E119: 301 | F119: 293 | G119: 296 | H119: 242 | I119: 321
A120: 38805 | B120: 372 | C120: 327 | D120: 322 | E120: 263 | F120: 249 | G120: 250 | H120: 240 | I120: 315
A121: 38812 | B121: 384 | C121: 354 | D121: 343 | E121: 273 | F121: 266 | G121: 268 | H121: 244 | I121: 318
A122: 38819 | B122: 374 | C122: 337 | D122: 328 | E122: 267 | F122: 253 | G122: 253 | H122: 238 | I122: 318
A123: 38826 | B123: 363 | C123: 315 | D123: 295 | E123: 215 | F123: 290 | G123: 290 | H123: 215 | I123: 290
A124: 38833 | B124: 358 | C124: 309 | D124: 288 | E124: 205 | F124: 235 | G124: 236 | H124: 202 | I124: 278
A125: 38840 | B125: 361 | C125: 323 | D125: 311 | E125: 256 | F125: 241 | G125: 241 | H125: 220 | I125: 286
A126: 38847 | B126: 378 | C126: 361 | D126: 354 | E126: 300 | F126: 271 | G126: 271 | H126: 250 | I126: 320
A127: 38854 | B127: 434 | C127: 407 | D127: 393 | E127: 326 | F127: 312 | G127: 312 | H127: 291 | I127: 375
A128: 38861 | B128: 447 | C128: 406 | D128: 384 | E128: 317 | F128: 333 | G128: 333 | H128: 302 | I128: 405
A129: 38868 | B129: 434 | C129: 379 | D129: 351 | E129: 273 | F129: 303 | G129: 303 | H129: 273 | I129: 388
A130: 38875 | B130: 466 | C130: 388 | D130: 374 | E130: 282 | F130: 307 | G130: 307 | H130: 274 | I130: 358
A131: 38882 | B131: 469 | C131: 397 | D131: 387 | E131: 281 | F131: 303 | G131: 303 | H131: 271 | I131: 350
... A146: 38986 | B146: 591 | C146: 572 | D146: 581 | E146: 501 | F146: 528 | G146: 529 | H146: 421 | I146: 568
A147: =A146+7 -> 38993 | B147: 632 | C147: 639 | D147: 608 | E147: 605 | F147: 646 | G147: 648 | H147: 546 | I147: 701
A148: =A147+7 -> 39000 | B148: 616 | C148: 619 | D148: 562 | E148: 570 | F148: 643 | G148: 647 | H148: 543 | I148: 717
A149: =A148+7 -> 39007 | B149: 592 | C149: 597 | D149: 554 | E149: 513 | F149: 578 | G149: 582 | H149: 450 | I149: 588
A150: =A149+7 -> 39014 | B150: 490 | C150: 461 | D150: 450 | E150: 350 | F150: 400 | G150: 400 | H150: 310 | I150: 427
A151: =A150+7 -> 39021 | B151: 648 | C151: 543 | D151: 528 | E151: 439 | F151: 389 | G151: 389 | H151: 325 | I151: 425
A152: 39028 | B152: 548 | C152: 494 | D152: 459 | E152: 409 | F152: 401 | G152: 401 | H152: 300 | I152: 409
A153: 39035 | B153: 498 | C153: 438 | D153: 445 | E153: 378 | F153: 377 | G153: 377 | H153: 281 | I153: 386
A154: 39042 | C154: 468 | D154: 464 | E154: 379 | F154: 375 | G154: 375 | H154: 278 | I154: 369
A155: 39049 | C155: 448 | D155: 445 | E155: 364 | F155: 373 | G155: 373 | H155: 261 | I155: 358
A156: 39056 | C156: 404 | D156: 377 | E156: 284 | F156: 332 | G156: 332 | H156: 222 | I156: 306
A157: 39063 | C157: 399 | D157: 378 | E157: 291 | F157: 310 | G157: 310 | H157: 226 | I157: 315
A158: 39070 | C158: 328 | D158: 285 | E158: 213 | F158: 247 | G158: 246 | H158: 193 | I158: 264
A159: 39077 | C159: 290 | D159: 274 | E159: 212 | F159: 243 | G159: 243 | H159: 189 | I159: 261
A160: 39084 | C160: 290 | D160: 268 | E160: 209 | F160: 231 | G160: 231 | H160: 183 | I160: 261
A161: 39091 | D161: 268 | E161: 223 | F161: 258 | G161: 258 | H161: 214 | I161: 288
A162: 39098 | D162: 393 | E162: 371 | F162: 352 | G162: 353 | H162: 338 | I162: 454
A163: 39105 | D163: 286 | E163: 272 | F163: 340 | G163: 340 | H163: 258 | I163: 355
A164: 39112 | D164: 312 | E164: 248 | F164: 296 | G164: 296 | H164: 231 | I164: 324
A165: 39119 | D165: 358 | E165: 233 | F165: 268 | G165: 268 | H165: 196 | I165: 276
A166: 39126 | D166: 370 | E166: 283 | F166: 282 | G166: 282 | H166: 218 | I166: 305
A167: 39133 | D167: 364 | E167: 254 | F167: 251 | G167: 251 | H167: 212 | I167: 287
A168: 39140 | D168: 320 | E168: 248 | F168: 257 | G168: 257 | H168: 207 | I168: 281
A169: 39147 | C169: 325 | D169: 285 | E169: 223 | F169: 248 | G169: 247 | H169: 192 | I169: 263
A170: 39154 | C170: 320 | D170: 297 | E170: 221 | F170: 250 | G170: 250 | H170: 194 | I170: 270
A171: 39161 | C171: 293 | D171: 268 | E171: 193 | F171: 235 | G171: 235 | H171: 177 | I171: 233
...

Sheet NXTMONTH
A1: Barge Rates, 2004 - Present
A2: (1 MONTH OUT)
A3: DATE | B3: MONTH | C3: TWC | D3: MM | E3: ILL | F3: ST LOUIS | G3: CINC | H3: LOH | I3: CAR-MEM | J3: MEM-SO
A4: 37993 | B4: 2 | C4: 0 | D4: 0 | E4: 202.5 | F4: 158.161 | G4: 161 | H4: 161 | I4: 145 | J4: 191.67
A5: 38000 | B5: 2 | C5: 0 | D5: 0 | E5: 199.2 | F5: 155.9 | G5: 159 | H5: 159 | I5: 144 | J5: 191.67
A6: 38007 | B6: 2 | C6: 0 | D6: 0 | E6: 194 | F6: 151 | G6: 159 | H6: 158 | I6: 140 | J6: 180
A7: 38014 | B7: 2 | C7: 0 | D7: 0 | E7: 201 | F7: 147 | G7: 155 | H7: 153 | I7: 141 | J7: 164
A8: 38021 | B8: 3 | C8: 0 | D8: 189 | E8: 179 | F8: 148 | G8: 153 | H8: 152 | I8: 131 | J8: 180
A9: 38028 | B9: 3 | C9: 0 | D9: 187 | E9: 167 | F9: 144 | G9: 141 | H9: 141 | I9: 123 | J9: 167
A10: 38035 | B10: 3 | C10: 0 | D10: 184 | E10: 173 | F10: 137 | G10: 137 | H10: 136 | I10: 123 | J10: 177
A11: 38042 | B11: 3 | C11: 0 | D11: 181 | E11: 164 | F11: 134 | G11: 129 | H11: 128 | I11: 118 | J11: 168
A12: 38049 | B12: 4 | C12: 195 | D12: 171 | E12: 159 | F12: 133 | G12: 130 | H12: 129 | I12: 120 | J12: 167
A13: 38056 | B13: 4 | C13: 193 | D13: 166 | E13: 153 | F13: 129 | G13: 128 | H13: 127 | I13: 118 | J13: 165
A14: 38063 | B14: 4 | C14: 189 | D14: 163 | E14: 150 | F14: 123 | G14: 126 | H14: 125 | I14: 117 | J14: 163
A15: 38070 | B15: 4 | C15: 180 | D15: 153 | E15: 146 | F15: 122 | G15: 123 | H15: 123 | I15: 114 | J15: 155
... A46: 38287 | B46: 11 | C46: 359 | D46: 325 | E46: 323 | F46: 274 | G46: 297 | H46: 313 | I46: 248 | J46: 298
A47: 38294 | B47: 12 | E47: 261 | F47: 196 | G47: 222 | H47: 222 | I47: 189 | J47: 255
A48: 38301 | B48: 12 | E48: 263 | F48: 200 | G48: 225 | H48: 225 | I48: 188 | J48: 275
A49: 38308 | B49: 12 | E49: 249 | F49: 201 | G49: 220 | H49: 220 | I49: 187 | J49: 240
A50: 38315 | B50: 12 | E50: 240 | F50: 184 | G50: 202 | H50: 202 | I50: 169 | J50: 225
A51: 38322 | B51: 1 | E51: 246 | F51: 180 | G51: 191 | H51: 191 | I51: 173 | J51: 218
A52: 38329 | B52: 1 | E52: 254 | F52: 185 | G52: 192 | H52: 192 | I52: 172 | J52: 228
A53: 38336 | B53: 1 | E53: 278 | F53: 220 | G53: 229 | H53: 228 | I53: 205 | J53: 282
A54: 38343 | B54: 1 | E54: 313 | F54: 236 | G54: 247 | H54: 249 | I54: 228 | J54: 310
A55: 38350 | B55: 1 | E55: 288 | F55: 234 | G55: 246 | H55: 246 | I55: 214 | J55: 290
A56: 38357 | B56: 2 | E56: 253 | F56: 195 | G56: 216 | H56: 216 | I56: 185 | J56: 237
A57: 38364 | B57: 2 | E57: 274 | F57: 216 | G57: 223 | H57: 223 | I57: 199 | J57: 258
A58: 38371 | B58: 2 | E58: 281 | F58: 232 | G58: 241 | H58: 241 | I58: 221 | J58: 275
A59: 38378 | B59: 2 | E59: 276 | F59: 238 | G59: 260 | H59: 260 | I59: 238 | J59: 310
A60: 38385 | B60: 3 | D60: 253 | E60: 238 | F60: 198 | G60: 205 | H60: 205 | I60: 184 | J60: 245
A61: 38392 | B61: 3 | D61: 241 | E61: 225 | F61: 186 | G61: 197 | H61: 197 | I61: 173 | J61: 240
A62: 38399 | B62: 3 | D62: 256 | E62: 242 | F62: 218 | G62: 208 | H62: 211 | I62: 217 | J62: 270
A63: 38406 | B63: 3 | D63: 283 | E63: 276 | F63: 244 | G63: 243 | H63: 243 | I63: 231 | J63: 325
A64: 38413 | B64: 4 | C64: 303 | D64: 284 | E64: 270 | F64: 239 | G64: 253 | H64: 253 | I64: 231 | J64: 305
A65: 38420 | B65: 4 | C65: 294 | D65: 265 | E65: 255 | F65: 226 | G65: 240 | H65: 242 | I65: 216 | J65: 295
A66: 38427 | B66: 4 | C66: 317 | D66: 289 | E66: 278 | F66: 251 | G66: 270 | H66: 270 | I66: 237 | J66: 313
A67: 38434 | B67: 4 | C67: 291 | D67: 254 | E67: 242 | F67: 204 | G67: 227 | H67: 227 | I67: 199 | J67: 268
A68: 38441 | B68: 4 | C68: 269 | D68: 238 | E68: 228 | F68: 175 | G68: 206 | H68: 207 | I68: 169 | J68: 235
A69: 38448 | B69: 5 | C69: 282 | D69: 264 | E69: 252 | F69: 196 | G69: 210 | H69: 210 | I69: 187 | J69: 268
A70: 38455 | B70: 5 | C70: 275 | D70: 251 | E70: 243 | F70: 192 | G70: 198 | H70: 198 | I70: 178 | J70: 255
A71: 38462 | B71: 5 | C71: 275 | D71: 256 | E71: 243 | F71: 182 | G71: 193 | H71: 193 | I71: 173 | J71: 234
A72: 38469 | B72: 5 | C72: 266 | D72: 240 | E72: 233 | F72: 174 | G72: 183 | H72: 183 | I72: 166 | J72: 238
A73: 38476 | B73: 6 | C73: 273 | D73: 253 | E73: 249 | F73: 209 | G73: 206 | H73: 206 | I73: 189 | J73: 265
A74: 38483 | B74: 6 | C74: 269 | D74: 250 | E74: 244 | F74: 208 | G74: 208 | H74: 208 | I74: 188 | J74: 260
A75: 38490 | B75: 6 | C75: 271 | D75: 256 | E75: 258 | F75: 198 | G75: 204 | H75: 204 | I75: 183 | J75: 253
... A98: 38651 | B98: 11 | C98: 645 | D98: 498 | E98: 492 | F98: 437 | G98: 442 | H98: 442 | I98: 400 | J98: 558
A99: 38658 | B99: 12 | E99: 371 | F99: 330 | G99: 351 | H99: 351 | I99: 303 | J99: 407
A100: 38665 | B100: 12 | E100: 359 | F100: 296 | G100: 341 | H100: 341 | I100: 276 | J100: 375
A101: 38672 | B101: 12 | E101: 373 | F101: 328 | G101: 355 | H101: 355 | I101: 300 | J101: 399
A102: 38679 | B102: 12 | E102: 375 | F102: 319 | G102: 334 | H102: 334 | I102: 291 | J102: 391
A103: 38686 | B103: 12 | E103: 373 | F103: 317 | G103: 332 | H103: 332 | I103: 284 | J103: 383
A104: 38693 | B104: 1 | E104: 478 | F104: 376 | G104: 376 | H104: 376 | I104: 330 | J104: 436
A105: 38700 | B105: 1 | E105: 530 | F105: 407 | G105: 392 | H105: 392 | I105: 350 | J105: 450
A106: 38707 | B106: 1 | E106: 487 | F106: 413 | G106: 398 | H106: 398 | I106: 348 | J106: 474
A107: 38714 | B107: 1 | E107: 447 | F107: 398 | G107: 382 | H107: 377 | I107: 343 | J107: 455
A108: 38721 | B108: 2 | E108: 396 | F108: 360 | G108: 361 | H108: 363 | I108: 333 | J108: 444
A109: 38728 | B109: 2 | E109: 368 | F109: 346 | G109: 351 | H109: 351 | I109: 339 | J109: 436
A110: 38735 | B110: 2 | E110: 378 | F110: 354 | G110: 347 | H110: 348 | I110: 334 | J110: 439
A111: 38742 | B111: 2 | E111: 370 | F111: 333 | G111: 306 | H111: 312 | I111: 281 | J111: 395
A112: 38749 | B112: 3 | D112: 365 | E112: 361 | F112: 334 | G112: 323 | H112: 321 | I112: 302 | J112: 410
A113: 38756 | B113: 3 | C113: 395 | D113: 390 | E113: 383 | F113: 358 | G113: 357 | H113: 351 | I113: 330 | J113: 431
A114: 38763 | B114: 3 | C114: 393 | D114: 385 | E114: 383 | F114: 352 | G114: 325 | H114: 325 | I114: 320 | J114: 408
A115: 38770 | B115: 3 | C115: 400 | D115: 382 | E115: 369 | F115: 330 | G115: 306 | H115: 306 | I115: 292 | J115: 408
A116: 38777 | B116: 4 | C116: 396 | D116: 362 | E116: 351 | F116: 313 | G116: 304 | H116: 304 | I116: 291 | J116: 413
A117: 38784 | B117: 4 | C117: 398 | D117: 368 | E117: 357 | F117: 305 | G117: 300 | H117: 300 | I117: 284 | J117: 405
A118: 38791 | B118: 4 | C118: 387 | D118: 354 | E118: 340 | F118: 300 | G118: 298 | H118: 300 | I118: 269 | J118: 382
A119: 38798 | B119: 4 | C119: 385 | D119: 343 | E119: 328 | F119: 283 | G119: 279 | H119: 280 | I119: 241 | J119: 321
A120: 38805 | B120: 4 | C120: 373 | D120: 330 | E120: 323 | F120: 267 | G120: 255 | H120: 253 | I120: 243 | J120: 270
A121: 38812 | B121: 5 | C121: 375 | D121: 342 | E121: 330 | F121: 264 | G121: 257 | H121: 257 | I121: 237 | J121: 313
A122: 38819 | B122: 5 | C122: 374 | D122: 336 | E122: 328 | F122: 269 | G122: 251 | H122: 251 | I122: 236 | J122: 315
A123: 38826 | B123: 5 | C123: 368 | D123: 321 | E123: 305 | F123: 236 | G123: 249 | H123: 249 | I123: 226 | J123: 315
A124: 38833 | B124: 5 | C124: 361 | D124: 316 | E124: 303 | F124: 226 | G124: 241 | H124: 242 | I124: 216 | J124: 290
... A146: 38986 | B146: 10 | C146: 618 | D146: 602 | E146: 597 | F146: 546 | G146: 600 | H146: 600 | I146: 499 | J146: 658
A147: =+A146+7 -> 38993 | B147: 11 | C147: 598.75 | D147: 528 | E147: 518 | F147: 497 | G147: 517 | H147: 522 | I147: 457 | J147: 587
A148: 39000 | B148: 11 | C148: 580 | D148: 519 | E148: 508 | F148: 481 | G148: 514 | H148: 520 | I148: 444 | J148: 597
A149: =+A148+7 -> 39007 | B149: 11 | C149: 575 | D149: 496 | E149: 488 | F149: 453 | G149: 513 | H149: 513 | I149: 411 | J149: 540
A150: 39014 | B150: 11 | C150: 490 | D150: 464 | E150: 456 | F150: 360 | G150: 411 | H150: 411 | I150: 320 | J150: 433
A151: 39021 | B151: 11 | C151: 620 | D151: 513 | E151: 488 | F151: 389 | G151: 398 | H151: 398 | I151: 322 | J151: 417
A152: 39028 | B152: 12 | E152: 465 | F152: 373 | G152: 398 | H152: 398 | I152: 315 | J152: 414
A153: 39035 | B153: 12 | E153: 450 | F153: 380 | G153: 388 | H153: 388 | I153: 295 | J153: 403
A154: 39042 | B154: 12 | E154: 467 | F154: 380 | G154: 381 | H154: 381 | I154: 291 | J154: 388
A155: 39049 | B155: 12 | E155: 452 | F155: 371 | G155: 380 | H155: 380 | I155: 283 | J155: 381
A156: 39056 | B156: 1 | E156: 418 | F156: 305 | G156: 331 | H156: 331 | I156: 249 | J156: 345
A157: 39063 | B157: 1 | E157: 413 | F157: 303 | G157: 320 | H157: 320 | I157: 248 | J157: 338
A158: 39070 | B158: 1 | E158: 344 | F158: 256 | G158: 275 | H158: 275 | I158: 218 | J158: 296
A159: 39077 | B159: 1 | E159: 328 | F159: 239 | G159: 258 | H159: 258 | I159: 212 | J159: 286
A160: 39084 | B160: 2 | E160: 310 | F160: 229 | G160: 247 | H160: 247 | I160: 209 | J160: 302
A161: 39091 | B161: 2 | E161: 304 | F161: 236 | G161: 268 | H161: 268 | I161: 221 | J161: 305
A162: 39098 | B162: 2 | E162: 368 | F162: 332 | G162: 338 | H162: 338 | I162: 301 | J162: 410
A163: 39105 | B163: 2 | E163: 295 | F163: 263 | G163: 316 | H163: 316 | I163: 259 | J163: 356
A164: 39112 | B164: 2 | E164: 309 | F164: 263 | G164: 299 | H164: 299 | I164: 241 | J164: 329
A165: 39119 | B165: 3 | D165: 338 | E165: 321 | F165: 268 | G165: 282 | H165: 282 | I165: 227 | J165: 314
A166: 39126 | B166: 3 | D166: 339 | E166: 328 | F166: 288 | G166: 288 | H166: 288 | I166: 233 | J166: 324
A167: 39133 | B167: 3 | D167: 341 | E167: 326 | F167: 269 | G167: 267 | H167: 267 | I167: 228 | J167: 315
A168: 39140 | B168: 3 | D168: 336 | E168: 319 | F168: 253 | G168: 260 | H168: 260 | I168: 218 | J168: 298
A169: 39147 | B169: 4 | C169: 365 | D169: 318 | E169: 300 | F169: 248 | G169: 254 | H169: 254 | I169: 224 | J169: 307
A170: 39154 | B170: 4 | C170: 359 | D170: 309 | E170: 294 | F170: 226 | G170: 251 | H170: 251 | I170: 204 | J170: 281
A171: 39161 | B171: 4 | C171: 339 | D171: 280 | E171: 270 | F171: 201 | G171: 233 | H171: 233 | I171: 183 | J171: 250
A172: 39168 | B172: 4 | C172: 329 | D172: 274 | E172: 255 | F172: 187 | G172: 217 | H172: 217 | I172: 169 | J172: 213
A173: 39175 | B173: 5 | C173: 312 | D173: 277.5 | E173: 253.75 | F173: 201.25 | G173: 218.75 | H173: 218.75 | I173: 193.33333 | J173: 265.09461
...

Sheet THREEMONTH
A1: Barge Rate Quotes, 2004 - Present
A2: (3 MONTHS OUT)
A3: DATE | B3: MONTH | C3: TWC | D3: MM | E3: ILL | F3: ST LOUIS | G3: CINC | H3: LOH | I3: CAR-MEM | J3: MEM-SO
A4: 37993 | B4: 4 | C4: 203.75 | D4: 174.16 | E4: 170 | F4: 144 | G4: 146.5 | H4: 146.5 | I4: 130.5 | J4: 183.3
A5: 38000 | B5: 4 | C5: 198.75 | D5: 185 | E5: 171.25 | F5: 144 | G5: 144.5 | H5: 144.5 | I5: 130.5 | J5: 183.3
A6: 38007 | B6: 4 | C6: 201 | D6: 179 | E6: 168 | F6: 137 | G6: 141 | H6: 140 | I6: 126 | J6: 172
A7: 38014 | B7: 4 | C7: 203 | D7: 177 | E7: 167 | F7: 138 | G7: 140 | H7: 141 | I7: 130 | J7: 158
A8: 38021 | B8: 5 | C8: 193 | D8: 172 | E8: 160 | F8: 136 | G8: 135 | H8: 135 | I8: 124 | J8: 180
A9: 38028 | B9: 5 | C9: 192 | D9: 167 | E9: 153 | F9: 139 | G9: 136 | H9: 136 | I9: 123 | J9: 167
A10: 38035 | B10: 5 | C10: 191 | D10: 168 | E10: 158 | F10: 131 | G10: 128 | H10: 127 | I10: 118 | J10: 175
A11: 38042 | B11: 5 | C11: 189 | D11: 166 | E11: 155 | F11: 131 | G11: 126 | H11: 125 | I11: 121 | J11: 167
A12: 38049 | B12: 6 | C12: 190 | D12: 168 | E12: 158 | F12: 135 | G12: 131 | H12: 130 | I12: 124 | J12: 167
A13: 38056 | B13: 6 | C13: 190 | D13: 166 | E13: 155 | F13: 133 | G13: 134 | H13: 133 | I13: 125 | J13: 170
A14: 38063 | B14: 6 | C14: 189 | D14: 163 | E14: 155 | F14: 129 | G14: 134 | H14: 133 | I14: 122 | J14: 163
A15: 38070 | B15: 6 | C15: 183 | D15: 159 | E15: 152 | F15: 130 | G15: 132 | H15: 132 | I15: 122 | J15: 165
... A37: 38224 | B37: 11 | C37: 283 | D37: 242 | E37: 230 | F37: 186 | G37: 199 | H37: 199 | I37: 175 | J37: 238
A38: 38231 | B38: 12 | E38: 199 | F38: 158 | G38: 167 | H38: 167 | I38: 150 | J38: 193
A39: 38238 | B39: 12 | E39: 204 | F39: 161 | G39: 170 | H39: 170 | I39: 153 | J39: 202
A40: 38245 | B40: 12 | E40: 208 | F40: 165 | G40: 171 | H40: 171 | I40: 156 | J40: 200
A41: 38252 | B41: 12 | E41: 208 | F41: 166 | G41: 174 | H41: 172 | I41: 155 | J41: 190
A42: 38259 | B42: 12 | E42: 224 | F42: 176 | G42: 185 | H42: 185 | I42: 169 | J42: 217
A43: 38266 | B43: 1 | E43: 252 | F43: 181 | G43: 195 | H43: 196 | I43: 170 | J43: 212
A44: 38273 | B44: 1 | E44: 243 | F44: 175 | G44: 191 | H44: 192 | I44: 169 | J44: 210
A45: 38280 | B45: 1 | E45: 247 | F45: 182 | G45: 200 | H45: 200 | I45: 176 | J45: 213
A46: 38287 | B46: 1 | E46: 265 | F46: 198 | G46: 216 | H46: 216 | I46: 185 | J46: 223
A47: 38294 | B47: 2 | E47: 245 | F47: 189 | G47: 202 | H47: 202 | I47: 180 | J47: 227
A48: 38301 | B48: 2 | E48: 251 | F48: 194 | G48: 213 | H48: 213 | I48: 180 | J48: 240
A49: 38308 | B49: 2 | E49: 242 | F49: 191 | G49: 207 | H49: 207 | I49: 180 | J49: 218
A50: 38315 | B50: 2 | E50: 242 | F50: 191 | G50: 198 | H50: 198 | I50: 173 | J50: 225
A51: 38322 | B51: 3 | D51: 225 | E51: 220 | F51: 179 | G51: 190 | H51: 190 | I51: 169 | J51: 208
A52: 38329 | B52: 3 | D52: 225 | E52: 220 | F52: 180 | G52: 189 | H52: 189 | I52: 168 | J52: 208
A53: 38336 | B53: 3 | D53: 225 | E53: 219 | F53: 186 | G53: 195 | H53: 195 | I53: 171 | J53: 213
A54: 38343 | B54: 3 | D54: 242 | E54: 228 | F54: 195 | G54: 206 | H54: 212 | I54: 181 | J54: 232
A55: 38350 | B55: 3 | D55: 236 | E55: 228 | F55: 195 | G55: 206 | H55: 210 | I55: 181 | J55: 220
A56: 38357 | B56: 4 | C56: 246 | D56: 226 | E56: 214 | F56: 178 | G56: 188 | H56: 188 | I56: 168 | J56: 218
A57: 38364 | B57: 4 | C57: 252 | D57: 228 | E57: 216 | F57: 182 | G57: 193 | H57: 193 | I57: 170 | J57: 223
A58: 38371 | B58: 4 | C58: 254 | D58: 229 | E58: 217 | F58: 180 | G58: 202 | H58: 198 | I58: 171 | J58: 228
A59: 38378 | B59: 4 | C59: 260 | D59: 238 | E59: 228 | F59: 193 | G59: 200 | H59: 200 | I59: 189 | J59: 240
A60: 38385 | B60: 5 | C60: 240 | D60: 232 | E60: 218 | F60: 181 | G60: 188 | H60: 188 | I60: 169 | J60: 225
A61: 38392 | B61: 5 | C61: 237 | D61: 222 | E61: 212 | F61: 174 | G61: 185 | H61: 185 | I61: 162 | J61: 220
A62: 38399 | B62: 5 | C62: 248 | D62: 227 | E62: 216 | F62: 184 | G62: 186 | H62: 186 | I62: 170 | J62: 220
A63: 38406 | B63: 5 | C63: 249 | D63: 234 | E63: 225 | F63: 189 | G63: 193 | H63: 193 | I63: 176 | J63: 250
A64: 38413 | B64: 6 | C64: 291 | D64: 276 | E64: 264 | F64: 225 | G64: 235 | H64: 235 | I64: 209 | J64: 285
A65: 38420 | B65: 6 | C65: 284 | D65: 268 | E65: 256 | F65: 228 | G65: 240 | H65: 241 | I65: 212 | J65: 308
A66: 38427 | B66: 6 | C66: 293 | D66: 272 | E66: 262 | F66: 230 | G66: 237 | H66: 239 | I66: 213 | J66: 278
A67: 38434 | B67: 6 | C67: 282 | D67: 254 | E67: 246 | F67: 213 | G67: 234 | H67: 234 | I67: 208 | J67: 273
... A90: 38595 | B90: 11 | C90: 438 | D90: 412 | E90: 375 | F90: 343 | G90: 350 | H90: 350 | I90: 331 | J90: 493
A91: 38602 | B91: 12 | E91: 350 | F91: 325 | G91: 330 | H91: 330 | I91: 308 | J91: 400
A92: 38609 | B92: 12 | E92: 368 | F92: 338 | G92: 352 | H92: 352 | I92: 330 | J92: 440
A93: 38616 | B93: 12 | E93: 363 | F93: 330 | G93: 350 | H93: 350 | I93: 313 | J93: 440
A94: 38623 | B94: 12 | E94: 367 | F94: 334 | G94: 351 | H94: 351 | I94: 327 | J94: 443
A95: 38630 | B95: 1 | E95: 375 | F95: 343 | G95: 345 | H95: 345 | I95: 328 | J95: 438
A96: 38637 | B96: 1 | E96: 407 | F96: 354 | G96: 368 | H96: 368 | I96: 336 | J96: 456
A97: 38644 | B97: 1 | E97: 398 | F97: 359 | G97: 359 | H97: 359 | I97: 339 | J97: 450
A98: 38651 | B98: 1 | E98: 405 | F98: 354 | G98: 361 | H98: 361 | I98: 315 | J98: 423
A99: 38658 | B99: 2 | E99: 358 | F99: 318 | G99: 342 | H99: 342 | I99: 297 | J99: 399
A100: 38665 | B100: 2 | E100: 352 | F100: 294 | G100: 338 | H100: 338 | I100: 281 | J100: 382
A101: 38672 | B101: 2 | E101: 368 | F101: 313 | G101: 347 | H101: 347 | I101: 287 | J101: 385
A102: 38679 | B102: 2 | E102: 371 | F102: 313 | G102: 330 | H102: 330 | I102: 287 | J102: 390
A103: 38686 | B103: 2 | E103: 370 | F103: 317 | G103: 333 | H103: 333 | I103: 280 | J103: 388
A104: 38693 | B104: 3 | D104: 366 | E104: 359 | F104: 320 | G104: 338 | H104: 332 | I104: 306 | J104: 419
A105: 38700 | B105: 3 | D105: 375 | E105: 378 | F105: 336 | G105: 344 | H105: 354 | I105: 310 | J105: 413
A106: 38707 | B106: 3 | D106: 375 | E106: 361 | F106: 337 | G106: 350 | H106: 350 | I106: 306 | J106: 414
A107: 38714 | B107: 3 | D107: 362 | E107: 363 | F107: 340 | G107: 348 | H107: 342 | I107: 309 | J107: 420
A108: 38721 | B108: 4 | C108: 378 | D108: 342 | E108: 337 | F108: 303 | G108: 326 | H108: 326 | I108: 296 | J108: 402
A109: 38728 | B109: 4 | C109: 375 | D109: 339 | E109: 330 | F109: 307 | G109: 328 | H109: 328 | I109: 300 | J109: 417
A110: 38735 | B110: 4 | C110: 369 | D110: 339 | E110: 326 | F110: 310 | G110: 324 | H110: 324 | I110: 298 | J110: 415
A111: 38742 | B111: 4 | C111: 368 | D111: 317 | E111: 323 | F111: 307 | G111: 311 | H111: 311 | I111: 287 | J111: 398
A112: 38749 | B112: 5 | C112: 354 | D112: 330 | E112: 320 | F112: 302 | G112: 303 | H112: 305 | I112: 288 | J112: 395
A113: 38756 | B113: 5 | C113: 370 | D113: 349 | E113: 340 | F113: 314 | G113: 317 | H113: 317 | I113: 297 | J113: 414
A114: 38763 | B114: 5 | C114: 381 | D114: 346 | E114: 338 | F114: 314 | G114: 312 | H114: 312 | I114: 303 | J114: 402
A115: 38770 | B115: 5 | C115: 379 | D115: 340 | E115: 331 | F115: 304 | G115: 302 | H115: 302 | I115: 292 | J115: 413
A116: 38777 | B116: 6 | C116: 386 | D116: 353 | E116: 342 | F116: 307 | G116: 305 | H116: 305 | I116: 299 | J116: 418
A117: 38784 | B117: 6 | C117: 390 | D117: 356 | E117: 348 | F117: 304 | G117: 303 | H117: 303 | I117: 286 | J117: 413
A118: 38791 | B118: 6 | C118: 382 | D118: 348 | E118: 343 | F118: 303 | G118: 303 | H118: 305 | I118: 273 | J118: 393
A119: 38798 | B119: 6 | C119: 381 | D119: 343 | E119: 339 | F119: 297 | G119: 295 | H119: 296 | I119: 266 | J119: 366
... A142: 38959 | B142: 11 | C142: 592 | D142: 548 | E142: 538 | F142: 510 | G142: 533 | H142: 533 | I142: 491 | J142: 610
A143: 38966 | B143: 12 | E143: 459 | F143: 429 | G143: 444 | H143: 444 | I143: 404 | J143: 537
A144: 38973 | B144: 12 | E144: 458 | F144: 425 | G144: 437 | H144: 437 | I144: 398 | J144: 517
A145: 38979 | B145: 12 | E145: 456 | F145: 421 | G145: 438 | H145: 438 | I145: 397 | J145: 508
A146: 38986 | B146: 12 | E146: 460 | F146: 415 | G146: 437 | H146: 437 | I146: 395 | J146: 520
A147: =+A146+7 -> 38993 | B147: 1 | E147: 478 | F147: 405 | G147: 440 | H147: 440 | I147: 389 | J147: 495
A148: 39000 | B148: 1 | E148: 470 | F148: 394 | G148: 428 | H148: 428 | I148: 375 | J148: 500
A149: =+A148+7 -> 39007 | B149: 1 | E149: 479 | F149: 396 | G149: 431 | H149: 431 | I149: 376 | J149: 489
A150: =+A149+7 -> 39014 | B150: 1 | E150: 470 | F150: 370 | G150: 414 | H150: 414 | I150: 326 | J150: 427
A151: 39021 | B151: 1 | E151: 483 | F151: 382 | G151: 406 | H151: 406 | I151: 331 | J151: 425
A152: 39028 | B152: 2 | E152: 455 | F152: 374 | G152: 395 | H152: 395 | I152: 316 | J152: 423
A153: 39035 | B153: 2 | E153: 444 | F153: 374 | G153: 384 | H153: 384 | I153: 296 | J153: 403
A154: 39042 | B154: 2 | E154: 445 | F154: 374 | G154: 377 | H154: 377 | I154: 291 | J154: 388
A155: 39049 | B155: 2 | E155: 441 | F155: 371 | G155: 380 | H155: 380 | I155: 283 | J155: 386
A156: 39056 | B156: 3 | D156: 387 | E156: 367 | F156: 315 | G156: 329 | H156: 329 | I156: 265 | J156: 370
A157: 39063 | B157: 3 | D157: 374 | E157: 360 | F157: 306 | G157: 318 | H157: 318 | I157: 252 | J157: 343
A158: 39070 | B158: 3 | D158: 345 | E158: 333 | F158: 262 | G158: 281 | H158: 281 | I158: 237 | J158: 331
A159: 39077 | B159: 3 | D159: 344 | E159: 328 | F159: 264 | G159: 271 | H159: 271 | I159: 231 | J159: 321
A160: 39084 | B160: 4 | C160: 372 | D160: 327 | E160: 315 | F160: 255 | G160: 265 | H160: 265 | I160: 234 | J160: 358
A161: 39091 | B161: 4 | C161: 370 | D161: 330 | E161: 318 | F161: 254 | G161: 267 | H161: 267 | I161: 234 | J161: 324
A162: 39098 | B162: 4 | C162: 387 | D162: 355 | E162: 345 | F162: 312 | G162: 314 | H162: 314 | I162: 287 | J162: 394
A163: 39105 | B163: 4 | C163: 381 | D163: 338 | E163: 326 | F163: 290 | G163: 297 | H163: 297 | I163: 270 | J163: 368
A164: 39112 | B164: 4 | C164: 370 | D164: 328 | E164: 316 | F164: 281 | G164: 294 | H164: 294 | I164: 257 | J164: 353
A165: 39119 | B165: 5 | C165: 365 | D165: 325 | E165: 316 | F165: 268 | G165: 280 | H165: 280 | I165: 241 | J165: 335
...

Sheet New Figure 8
A1: Weekly Barge Rates for Illinois River
A2: Figure 8
A3: Illinois River Barge Freight Rate1,2
A16: 1Rate = percent of 1976 tariff benchmark index (1976 = 100 percent); 24-week moving average of the 3-year average.
A17: Source: Transportation & Marketing Programs/AMS/USDA
A26: Week ending April 9: up 9 percent from last week, down 11 percent
A27: from last year, and down 22 percent from the 3-yr average

Sheet Figure 8_data
A1: Barge Spot Rate Quotes - Weekly Average from Survey Quotes and 3-yr Average
A3: Ill Rivr | B3: Weekly rate | G3: for the text box:
A4: Date | C4: 4-wk running avg | G4: IN %: change
A5: 36131 | B5: 142 | D5: 3-year avg. for the week | G5: last week | H5: last year | I5: 3-yr avg
A6: 36138 | B6: 126 | D6: --- | G6: Data begins in 2006
A7: 36145 | B7: 126 | D7: ---
A8: 36152 | B8: 144 | C8: =AVERAGE(B5:B8) -> 134.5 | D8: --- | E8: 51
A9: 36159 | B9: 161 | C9: =AVERAGE(B6:B9) -> 139.25 | D9: --- | E9: 52
A10: 36166 | B10: 221 | C10: =AVERAGE(B7:B10) -> 163 | D10: --- | E10: 1
A11: 36173 | B11: 187 | C11: =AVERAGE(B8:B11) -> 178.25 | D11: --- | E11: 2
A12: 36180 | B12: 164 | C12: =AVERAGE(B9:B12) -> 183.25 | D12: --- | E12: 3
A13: 36187 | B13: 158 | C13: =AVERAGE(B10:B13) -> 182.5 | D13: --- | E13: 4
A14: 36194 | B14: 157 | C14: =AVERAGE(B11:B14) -> 166.5 | D14: --- | E14: 5
A15: 36201 | B15: 154 | C15: =AVERAGE(B12:B15) -> 158.25 | D15: --- | E15: 6
A16: 36208 | B16: 141 | C16: =AVERAGE(B13:B16) -> 152.5 | D16: --- | E16: 7
A17: 36215 | B17: 127 | C17: =AVERAGE(B14:B17) -> 144.75 | D17: --- | E17: 8
A18: 36222 | B18: 140 | C18: =AVERAGE(B15:B18) -> 140.5 | D18: --- | E18: 9
A19: 36229 | B19: 134 | C19: =AVERAGE(B16:B19) -> 135.5 | D19: --- | E19: 10
... A152: 37160 | B152: 209 | C152: =AVERAGE(B149:B152) -> 195.25 | D152: --- | E152: 39
A153: 37167 | B153: 218 | C153: =AVERAGE(B150:B153) -> 197.5 | E153: 40
A154: 37174 | B154: 204 | C154: =AVERAGE(B151:B154) -> 202.25 | E154: 41
A155: 37181 | B155: 198 | C155: =AVERAGE(B152:B155) -> 207.25 | E155: 42
A156: 37188 | B156: 248 | C156: =AVERAGE(B153:B156) -> 217 | E156: 43
A157: 37195 | B157: 260 | C157: =AVERAGE(B154:B157) -> 227.5 | E157: 44
A158: 37202 | B158: 179 | C158: =AVERAGE(B155:B158) -> 221.25 | E158: 45
A159: 37209 | B159: 136 | C159: =AVERAGE(B156:B159) -> 205.75 | E159: 46
A160: 37216 | B160: 153 | C160: =AVERAGE(B157:B160) -> 182 | E160: 47
A161: 37223 | B161: 150 | C161: =AVERAGE(B158:B161) -> 154.5 | E161: 48
A162: 37230 | B162: 165 | C162: =AVERAGE(B159:B162) -> 151 | E162: 49
A163: 37237 | B163: 180 | C163: =AVERAGE(B160:B163) -> 162 | E163: 50
A164: 37244 | B164: 167 | C164: =AVERAGE(B161:B164) -> 165.5 | D164: =(C8+C60+C112)/3 -> 163.83333 | E164: 51
A165: 37251 | B165: 195 | C165: =AVERAGE(B162:B165) -> 176.75 | D165: =(C9+C61+C113)/3 -> 178.16667 | E165: 52
A166: 37258 | B166: 194 | C166: =AVERAGE(B163:B166) -> 184 | D166: =(C10+C62+C114)/3 -> 193.16667 | E166: 1
A167: 37265 | B167: 171 | C167: =AVERAGE(B164:B167) -> 181.75 | D167: =(C11+C63+C115)/3 -> 202.58333 | E167: 2
A168: 37272 | B168: 173 | C168: =AVERAGE(B165:B168) -> 183.25 | D168: =(C12+C64+C116)/3 -> 203 | E168: 3
A169: 37279 | B169: 158 | C169: =AVERAGE(B166:B169) -> 174 | D169: =(C13+C65+C117)/3 -> 209.41667 | E169: 4
A170: 37286 | B170: 153 | C170: =AVERAGE(B167:B170) -> 163.75 | D170: =(C14+C66+C118)/3 -> 204.33333 | E170: 5
A171: 37293 | B171: 146 | C171: =AVERAGE(B168:B171) -> 157.5 | D171: =(C15+C67+C119)/3 -> 197.66667 | E171: 6
A172: 37300 | B172: 145 | C172: =AVERAGE(B169:B172) -> 150.5 | D172: =(C16+C68+C120)/3 -> 191.08333 | E172: 7
A173: 37307 | B173: 146 | C173: =AVERAGE(B170:B173) -> 147.5 | D173: =(C17+C69+C121)/3 -> 173.66667 | E173: 8
A174: 37314 | B174: 141 | C174: =AVERAGE(B171:B174) -> 144.5 | D174: =(C18+C70+C122)/3 -> 166.91667 | E174: 9
A175: 37321 | B175: 140 | C175: =AVERAGE(B172:B175) -> 143 | D175: =(C19+C71+C123)/3 -> 166.16667 | E175: 10
... A270: 37986 | B270: 201 | C270: =AVERAGE(B267:B270) -> 212 | D270: =(C114+C166+C218)/3 -> 201.75 | E270: 53
A271: 37993 | B271: =TWK!D4 -> 200 | C271: =AVERAGE(B268:B271) -> 207.5 | D271: =(C114+C166+C218)/3 -> 201.75 | E271: 1
A272: 38000 | B272: =TWK!D5 -> 200 | C272: =AVERAGE(B269:B272) -> 204 | D272: =(C115+C167+C219)/3 -> 197.91667 | E272: 2
A273: 38007 | B273: =TWK!D6 -> 194 | C273: =AVERAGE(B270:B273) -> 198.75 | D273: =(C116+C168+C220)/3 -> 203.5 | E273: 3
A274: 38014 | B274: =TWK!D7 -> 208 | C274: =AVERAGE(B271:B274) -> 200.5 | D274: =(C117+C169+C221)/3 -> 204.83333 | E274: 4
A275: 38021 | B275: =TWK!D8 -> 214 | C275: =AVERAGE(B272:B275) -> 204 | D275: =(C118+C170+C222)/3 -> 202.41667 | E275: 5
A276: 38028 | B276: =TWK!D9 -> 183 | C276: =AVERAGE(B273:B276) -> 199.75 | D276: =(C119+C171+C223)/3 -> 202.08333 | E276: 6
A277: 38035 | B277: =TWK!D10 -> 181 | C277: =AVERAGE(B274:B277) -> 196.5 | D277: =(C120+C172+C224)/3 -> 190.33333 | E277: 7
A278: 38042 | B278: =TWK!D11 -> 161 | C278: =AVERAGE(B275:B278) -> 184.75 | D278: =(C121+C173+C225)/3 -> 177.08333 | E278: 8
A279: 38049 | B279: =TWK!D12 -> 160 | C279: =AVERAGE(B276:B279) -> 171.25 | D279: =(C122+C174+C226)/3 -> 170.58333 | E279: 9
A280: 38056 | B280: =TWK!D13 -> 149 | C280: =AVERAGE(B277:B280) -> 162.75 | D280: =(C123+C175+C227)/3 -> 167.25 | E280: 10
A281: 38063 | B281: =TWK!D14 -> 151 | C281: =AVERAGE(B278:B281) -> 155.25 | D281: =(C124+C176+C228)/3 -> 168.16667 | E281: 11
A282: 38070 | B282: =TWK!D15 -> 143 | C282: =AVERAGE(B279:B282) -> 150.75 | D282: =(C125+C177+C229)/3 -> 171.25 | E282: 12
... A289: 38119 | B289: =TWK!D22 -> 152 | C289: =AVERAGE(B286:B289) -> 141 | D289: =(C132+C184+C236)/3 -> 131.5 | E289: 19
A290: 38126 | B290: 169 | C290: =AVERAGE(B287:B290) -> 148.25 | D290: =(C133+C185+C237)/3 -> 134.41667 | E290: 20
A291: 38133 | B291: =TWK!D24 -> 174 | C291: =AVERAGE(B288:B291) -> 157.75 | D291: =(C134+C186+C238)/3 -> 140.08333 | E291: 21
A292: 38140 | B292: =TWK!D25 -> 169 | C292: =AVERAGE(B289:B292) -> 166 | D292: =(C135+C187+C239)/3 -> 143.66667 | E292: 22
A293: 38147 | B293: =TWK!D26 -> 163 | C293: =AVERAGE(B290:B293) -> 168.75 | D293: =(C136+C188+C240)/3 -> 146.41667 | E293: 23
A294: 38154 | B294: 152 | C294: =AVERAGE(B291:B294) -> 164.5 | D294: =(C137+C189+C241)/3 -> 146.91667 | E294: 24
A295: 38161 | B295: 150 | C295: =AVERAGE(B292:B295) -> 158.5 | D295: =(C138+C190+C242)/3 -> 146.83333 | E295: 25
A296: 38168 | B296: =TWK!D29 -> 151 | C296: =AVERAGE(B293:B296) -> 154 | D296: =(C139+C191+C243)/3 -> 150.91667 | E296: 26
A297: 38175 | B297: =TWK!D30 -> 151 | C297: =AVERAGE(B294:B297) -> 151 | D297: =(C140+C192+C244)/3 -> 155.16667 | E297: 27
A298: 38182 | B298: =TWK!D31 -> 146 | C298: =AVERAGE(B295:B298) -> 149.5 | D298: =(C141+C193+C245)/3 -> 156.33333 | E298: 28
A299: 38189 | B299: =TWK!D32 -> 153 | C299: =AVERAGE(B296:B299) -> 150.25 | D299: =(C142+C194+C246)/3 -> 157.41667 | E299: 29
A300: 38196 | B300: =TWK!D33 -> 194 | C300: =AVERAGE(B297:B300) -> 161 | D300: =(C143+C195+C247)/3 -> 155.25 | E300: 30
A301: 38203 | B301: =TWK!D34 -> 210 | C301: =AVERAGE(B298:B301) -> 175.75 | D301: =(C144+C196+C248)/3 -> 152.25 | E301: 31
A302: 38210 | B302: =TWK!D35 -> 220 | C302: =AVERAGE(B299:B302) -> 194.25 | D302: =(C145+C197+C249)/3 -> 149.66667 | E302: 32
A303: 38217 | B303: =TWK!D36 -> 228 | C303: =AVERAGE(B300:B303) -> 213 | D303: =(C146+C198+C250)/3 -> 149.5 | E303: 33
A304: 38224 | B304: =TWK!D37 -> 224 | C304: =AVERAGE(B301:B304) -> 220.5 | D304: =(C147+C199+C251)/3 -> 151.41667 | E304: 34
A305: 38231 | B305: =TWK!D38 -> 221 | C305: =AVERAGE(B302:B305) -> 223.25 | D305: =(C148+C200+C252)/3 -> 157.58333 | E305: 35
A306: 38238 | B306: =TWK!D39 -> 228 | C306: =AVERAGE(B303:B306) -> 225.25 | D306: =(C149+C201+C253)/3 -> 166.25 | E306: 36
A307: 38245 | B307: =TWK!D40 -> 355 | C307: =AVERAGE(B304:B307) -> 257 | D307: =(C150+C202+C254)/3 -> 171.33333 | E307: 37
... A362: 38630 | B362: =TWK!D95 -> 717 | C362: =AVERAGE(B359:B362) -> 640.5 | D362: =(C205+C257+C309)/3 -> 253.83333 | E362: 40
A363: 38637 | B363: =TWK!D96 -> 838 | C363: =AVERAGE(B360:B363) -> 682.5 | D363: =(C206+C258+C310)/3 -> 282.66667 | E363: 41 | F363: Difference to 3 yr. avg.
A364: 38644 | B364: =TWK!D97 -> 654 | C364: =AVERAGE(B361:B364) -> 710.5 | D364: =(C207+C259+C311)/3 -> 287.75 | E364: 42 | F364: =SUM(D364-B364) -> -366.25
A365: 38651 | B365: =TWK!D98 -> 586 | C365: =AVERAGE(B362:B365) -> 698.75 | D365: =(C208+C260+C312)/3 -> 290.33333 | E365: 43 | F365: =SUM(D365-B365) -> -295.66667
A366: 38658 | B366: =TWK!D99 -> 450 | C366: =AVERAGE(B363:B366) -> 632 | D366: =(C209+C261+C313)/3 -> 296.75 | E366: 44 | F366: =SUM(D366-B366) -> -153.25
A367: 38665 | B367: =TWK!D100 -> 359 | C367: =AVERAGE(B364:B367) -> 512.25 | D367: =(C210+C262+C314)/3 -> 292.25 | E367: 45 | F367: =SUM(D367-B367) -> -66.75
A368: 38672 | B368: =TWK!D101 -> 375 | C368: =AVERAGE(B365:B368) -> 442.5 | D368: =(C211+C263+C315)/3 -> 291.75 | E368: 46 | F368: =SUM(D368-B368) -> -83.25
A369: 38679 | B369: =TWK!D102 -> 367 | C369: =AVERAGE(B366:B369) -> 387.75 | D369: =(C212+C264+C316)/3 -> 280 | E369: 47 | F369: =SUM(D369-B369) -> -87
A370: 38686 | B370: =TWK!D103 -> 366 | C370: =AVERAGE(B367:B370) -> 366.75 | D370: =(C213+C265+C317)/3 -> 253.41667 | E370: 48 | F370: =SUM(D370-B370) -> -112.58333
A371: 38693 | B371: =TWK!D104 -> 478 | C371: =AVERAGE(B368:B371) -> 396.5 | D371: =(C214+C266+C318)/3 -> 236.16667 | E371: 49 | F371: =SUM(D371-B371) -> -241.83333
A372: 38700 | B372: =TWK!D105 -> 552 | C372: =AVERAGE(B369:B372) -> 440.75 | D372: =(C215+C267+C319)/3 -> 226.41667 | E372: 50 | F372: =SUM(D372-B372) -> -325.58333
A373: 38707 | B373: =TWK!D106 -> 508 | C373: =AVERAGE(B370:B373) -> 476 | D373: =(C216+C268+C320)/3 -> 225 | E373: 51 | F373: =SUM(D373-B373) -> -283
A374: 38714 | B374: =TWK!D107 -> 443 | C374: =AVERAGE(B371:B374) -> 495.25 | D374: =(C217+C269+C321)/3 -> 230.16667 | E374: 52 | F374: =SUM(D374-B374) -> -212.83333
A375: 38721 | B375: =TWK!D108 -> 409 | C375: =AVERAGE(B372:B375) -> 478 | D375: =(C218+C270+C322)/3 -> 230.58333 | E375: 1 | F375: =SUM(D375-B375) -> -178.41667
... A388: 38812 | B388: =TWK!D121 -> 343 | C388: =AVERAGE(B385:B388) -> 333.75 | D388: =(C231+C283+C335)/3 -> 196.66667 | E388: 14 | F388: =SUM(D388-B388) -> -146.33333
A389: 38819 | B389: =TWK!D122 -> 328 | C389: =AVERAGE(B386:B389) -> 331.5 | D389: =(C233+C285+C337)/3 -> 183.5 | E389: 15 | F389: =SUM(D389-B389) -> -144.5
A390: 38826 | B390: =TWK!D123 -> 295 | C390: =AVERAGE(B387:B390) -> 322 | D390: =(C234+C286+C338)/3 -> 180.16667 | E390: 16 | F390: =SUM(D390-B390) -> -114.83333
A391: 38833 | B391: =TWK!D124 -> 288 | C391: =AVERAGE(B388:B391) -> 313.5 | D391: =(C235+C287+C339)/3 -> 176.66667 | E391: 17 | F391: =SUM(D391-B391) -> -111.33333
A392: 38840 | B392: =TWK!D125 -> 311 | C392: =AVERAGE(B389:B392) -> 305.5 | D392: =(C236+C288+C340)/3 -> 168.83333 | E392: 18 | F392: =SUM(D392-B392) -> -142.16667
A393: 38847 | B393: =TWK!D126 -> 354 | C393: =AVERAGE(B390:B393) -> 312 | D393: =(C237+C289+C341)/3 -> 169.16667 | E393: 19 | F393: =SUM(D393-B393) -> -184.83333
A394: 38854 | B394: =TWK!D127 -> 393 | C394: =AVERAGE(B391:B394) -> 336.5 | D394: =(C238+C290+C342)/3 -> 173.5 | E394: 20 | F394: =SUM(D394-B394) -> -219.5
A395: 38861 | B395: =TWK!D128 -> 384 | C395: =AVERAGE(B392:B395) -> 360.5 | D395: =(C239+C291+C343)/3 -> 180.91667 | E395: 21 | F395: =SUM(D395-B395) -> -203.08333
A396: 38868 | B396: =TWK!D129 -> 351 | C396: =AVERAGE(B393:B396) -> 370.5 | D396: =(C240+C292+C344)/3 -> 184.75 | E396: 22 | F396: =SUM(D396-B396) -> -166.25 | G396: =(B396/B395-1)*100 -> -8.59375 | H396: =(B396/B344-1)*100 -> 38.735178 | I396: =(B396/D396-1)*100 -> 89.986468
A397: 38875 | B397: =TWK!D130 -> 374 | C397: =AVERAGE(B394:B397) -> 375.5 | D397: =(C241+C293+C345)/3 -> 185.33333 | E397: 22 | F397: =SUM(D397-B397) -> -188.66667 | G397: =(B397/B396-1)*100 -> 6.5527066 | H397: =(B397/B345-1)*100 -> 60.515021 | I397: =(B397/D397-1)*100 -> 101.79856
A398: 38882 | B398: =TWK!D131 -> 387 | C398: =AVERAGE(B395:B398) -> 374 | D398: =(C242+C294+C346)/3 -> 182.33333 | E398: 22 | F398: =SUM(D398-B398) -> -204.66667 | G398: =(B398/B397-1)*100 -> 3.4759358 | H398: =(B398/B346-1)*100 -> 75.113122 | I398: =(B398/D398-1)*100 -> 112.24863
A399: 38889 | B399: =TWK!D132 -> 382 | C399: =AVERAGE(B396:B399) -> 373.5 | D399: =(C243+C295+C347)/3 -> 177.5 | E399: 23 | F399: =SUM(D399-B399) -> -204.5 | G399: =(B399/B398-1)*100 -> -1.2919897 | H399: =(B399/B347-1)*100 -> 82.77512 | I399: =(B399/D399-1)*100 -> 115.21127
...

Sheet Table 9_data
A1: Barge Spot Rate Quotes - Weekly Average from Survey Quotes, 4-wk running average, 3-yr average of the 4-wk running average, % change from 3-year average of the 4-wk running average, and % change of the same week last year | AC1: Data checking field - value should always = 0 | AM1: This field is used by the USDA to check data (should always be 0)
B2: Barge Spot Rate Quotes - Weekly Average from Survey Quotes | K2: Barge Spot Rate Quotes - 4-wk running average | T2: Barge Spot Rate Quotes - 4-wk running average, 3-year average | AD2: % CHANGE This Week from 3-year average of the 4-week running average | AN2: % CHANGE This Week from last year same week
A3: All Points | B3: TWC | C3: MM | D3: ILL | E3: ST LOUIS | F3: CINC | G3: LOH | H3: CAR-MEM | I3: MEM-SO | K3: TWC | L3: MM | M3: ILL | N3: ST LOUIS | O3: CINC | P3: LOH | Q3: CAR-MEM | R3: MEM-SO | T3: TWC | U3: MM | V3: ILL | W3: ST LOUIS | X3: CINC | Y3: LOH | Z3: CAR-MEM | AA3: MEM-SO | AD3: TWC | AE3: MM | AF3: ILL | AG3: ST LOUIS | AH3: CINC | AI3: LOH | AJ3: CAR-MEM | AK3: MEM-SO | AN3: TWC | AO3: MM | AP3: ILL | AQ3: ST LOUIS | AR3: CINC | AS3: LOH | AT3: CAR-MEM | AU3: MEM-SO
A4: Date
A6: 37622 | B6: 0 | C6: 0 | D6: 160 | E6: 136 | F6: 131 | G6: 128 | H6: 118 | I6: 167 | T6: data begins in 2007
A7: 37629 | B7: 0 | C7: 0 | D7: 160 | E7: 136 | F7: 134 | G7: 133 | H7: 120 | I7: 168
A8: 37636 | B8: 0 | C8: 0 | D8: 237 | E8: 216 | F8: 168 | G8: 163 | H8: 130 | I8: 172
A9: 37643 | B9: 0 | C9: 0 | D9: 239 | E9: 214 | F9: 174 | G9: 173 | H9: 133 | I9: 167 | K9: =AVERAGE(B6:B9) -> 0 | L9: =AVERAGE(C6:C9) -> 0 | M9: =AVERAGE(D6:D9) -> 199 | N9: =AVERAGE(E6:E9) -> 175.5 | O9: =AVERAGE(F6:F9) -> 151.75 | P9: =AVERAGE(G6:G9) -> 149.25 | Q9: =AVERAGE(H6:H9) -> 125.25 | R9: =AVERAGE(I6:I9) -> 168.5
A10: 37650 | B10: 0 | C10: 0 | D10: 223 | E10: 172 | F10: 156 | G10: 153 | H10: 118 | I10: 157 | K10: =AVERAGE(B7:B10) -> 0 | L10: =AVERAGE(C7:C10) -> 0 | M10: =AVERAGE(D7:D10) -> 214.75 | N10: =AVERAGE(E7:E10) -> 184.5 | O10: =AVERAGE(F7:F10) -> 158 | P10: =AVERAGE(G7:G10) -> 155.5 | Q10: =AVERAGE(H7:H10) -> 125.25 | R10: =AVERAGE(I7:I10) -> 166
A11: 37657 | B11: 0 | C11: 0 | D11: 205 | E11: 146 | F11: 144 | G11: 141 | H11: 113 | I11: 155 | K11: =AVERAGE(B8:B11) -> 0 | L11: =AVERAGE(C8:C11) -> 0 | M11: =AVERAGE(D8:D11) -> 226 | N11: =AVERAGE(E8:E11) -> 187 | O11: =AVERAGE(F8:F11) -> 160.5 | P11: =AVERAGE(G8:G11) -> 157.5 | Q11: =AVERAGE(H8:H11) -> 123.5 | R11: =AVERAGE(I8:I11) -> 162.75
A12: 37664 | B12: 0 | C12: 0 | D12: 178 | E12: 139 | F12: 135 | G12: 134 | H12: 111 | I12: 157 | K12: =AVERAGE(B9:B12) -> 0 | L12: =AVERAGE(C9:C12) -> 0 | M12: =AVERAGE(D9:D12) -> 211.25 | N12: =AVERAGE(E9:E12) -> 167.75 | O12: =AVERAGE(F9:F12) -> 152.25 | P12: =AVERAGE(G9:G12) -> 150.25 | Q12: =AVERAGE(H9:H12) -> 118.75 | R12: =AVERAGE(I9:I12) -> 159
A13: 37671 | B13: 0 | C13: 0 | D13: 165 | E13: 133 | F13: 127 | G13: 130 | H13: 110 | I13: 165 | K13: =AVERAGE(B10:B13) -> 0 | L13: =AVERAGE(C10:C13) -> 0 | M13: =AVERAGE(D10:D13) -> 192.75 | N13: =AVERAGE(E10:E13) -> 147.5 | O13: =AVERAGE(F10:F13) -> 140.5 | P13: =AVERAGE(G10:G13) -> 139.5 | Q13: =AVERAGE(H10:H13) -> 113 | R13: =AVERAGE(I10:I13) -> 158.5
A14: 37678 | B14: 0 | C14: 0 | D14: 168 | E14: 133 | F14: 121 | G14: 120 | H14: 109 | I14: 155 | K14: =AVERAGE(B11:B14) -> 0 | L14: =AVERAGE(C11:C14) -> 0 | M14: =AVERAGE(D11:D14) -> 179 | N14: =AVERAGE(E11:E14) -> 137.75 | O14: =AVERAGE(F11:F14) -> 131.75 | P14: =AVERAGE(G11:G14) -> 131.25 | Q14: =AVERAGE(H11:H14) -> 110.75 | R14: =AVERAGE(I11:I14) -> 158
A15: 37685 | B15: 0 | C15: 0 | D15: 182 | E15: 141 | F15: 128 | G15: 128 | H15: 109 | I15: 144 | K15: =AVERAGE(B12:B15) -> 0 | L15: =AVERAGE(C12:C15) -> 0 | M15: =AVERAGE(D12:D15) -> 173.25 | N15: =AVERAGE(E12:E15) -> 136.5 | O15: =AVERAGE(F12:F15) -> 127.75 | P15: =AVERAGE(G12:G15) -> 128 | Q15: =AVERAGE(H12:H15) -> 109.75 | R15: =AVERAGE(I12:I15) -> 155.25
A16: 37692 | B16: 0 | C16: 0 | D16: 189 | E16: 155 | F16: 140 | G16: 143 | H16: 126 | I16: 170 | K16: =AVERAGE(B13:B16) -> 0 | L16: =AVERAGE(C13:C16) -> 0 | M16: =AVERAGE(D13:D16) -> 176 | N16: =AVERAGE(E13:E16) -> 140.5 | O16: =AVERAGE(F13:F16) -> 129 | P16: =AVERAGE(G13:G16) -> 130.25 | Q16: =AVERAGE(H13:H16) -> 113.5 | R16: =AVERAGE(I13:I16) -> 158.5
A17: 37699 | B17: 0 | C17: 187 | D17: 175 | E17: 146 | F17: 139 | G17: 140 | H17: 123 | I17: 170 | K17: =AVERAGE(B14:B17) -> 0 | L17: =AVERAGE(C14:C17) -> 46.75 | M17: =AVERAGE(D14:D17) -> 178.5 | N17: =AVERAGE(E14:E17) -> 143.75 | O17: =AVERAGE(F14:F17) -> 132 | P17: =AVERAGE(G14:G17) -> 132.75 | Q17: =AVERAGE(H14:H17) -> 116.75 | R17: =AVERAGE(I14:I17) -> 159.75
A18: 37706 | B18: 0 | C18: 163 | D18: 154 | E18: 126 | F18: 134 | G18: 137 | H18: 114 | I18: 163 | K18: =AVERAGE(B15:B18) -> 0 | L18: =AVERAGE(C15:C18) -> 87.5 | M18: =AVERAGE(D15:D18) -> 175 | N18: =AVERAGE(E15:E18) -> 142 | O18: =AVERAGE(F15:F18) -> 135.25 | P18: =AVERAGE(G15:G18) -> 137 | Q18: =AVERAGE(H15:H18) -> 118 | R18: =AVERAGE(I15:I18) -> 161.75
A19: 37713 | B19: 186 | C19: 154 | D19: 145 | E19: 115 | F19: 128 | G19: 128 | H19: 109 | I19: 155 | K19: =AVERAGE(B16:B19) -> 46.5 | L19: =AVERAGE(C16:C19) -> 126 | M19: =AVERAGE(D16:D19) -> 165.75 | N19: =AVERAGE(E16:E19) -> 135.5 | O19: =AVERAGE(F16:F19) -> 135.25 | P19: =AVERAGE(G16:G19) -> 137 | Q19: =AVERAGE(H16:H19) -> 118 | R19: =AVERAGE(I16:I19) -> 164.5
A20: 37720 | B20: 188 | C20: 158 | D20: 143 | E20: 110 | F20: 121 | G20: 121 | H20: 105 | I20: 153 | K20: =AVERAGE(B17:B20) -> 93.5 | L20: =AVERAGE(C17:C20) -> 165.5 | M20: =AVERAGE(D17:D20) -> 154.25 | N20: =AVERAGE(E17:E20) -> 124.25 | O20: =AVERAGE(F17:F20) -> 130.5 | P20: =AVERAGE(G17:G20) -> 131.5 | Q20: =AVERAGE(H17:H20) -> 112.75 | R20: =AVERAGE(I17:I20) -> 160.25
... A58: 37986 | B58: 0 | C58: 0 | D58: 200.5 | E58: 164.5 | F58: 165.5 | G58: 163.5 | H58: 155 | I58: 195 | K58: =AVERAGE(B55:B58) -> 0 | L58: =AVERAGE(C55:C58) -> 0 | M58: =AVERAGE(D55:D58) -> 211.875 | N58: =AVERAGE(E55:E58) -> 173.125 | O58: =AVERAGE(F55:F58) -> 187.875 | P58: =AVERAGE(G55:G58) -> 187.375 | Q58: =AVERAGE(H55:H58) -> 159.75 | R58: =AVERAGE(I55:I58) -> 202.5
A59: 37993 | B59: =+TWK!B4 -> 0 | C59: =+TWK!C4 -> 0 | D59: =+TWK!D4 -> 200 | E59: =+TWK!E4 -> 162 | F59: =+TWK!F4 -> 163.75 | G59: =+TWK!G4 -> 165 | H59: =+TWK!H4 -> 152.5 | I59: =+TWK!I4 -> 195 | K59: =AVERAGE(B56:B59) -> 0 | L59: =AVERAGE(C56:C59) -> 0 | M59: =AVERAGE(D56:D59) -> 207.375 | N59: =AVERAGE(E56:E59) -> 168.875 | O59: =AVERAGE(F56:F59) -> 176.5625 | P59: =AVERAGE(G56:G59) -> 176.375 | Q59: =AVERAGE(H56:H59) -> 156.125 | R59: =AVERAGE(I56:I59) -> 199.5
A60: 38000 | B60: =+TWK!B5 -> 0 | C60: =+TWK!C5 -> 0 | D60: =+TWK!D5 -> 200 | E60: =+TWK!E5 -> 162 | F60: =+TWK!F5 -> 169.5 | G60: =+TWK!G5 -> 169.5 | H60: =+TWK!H5 -> 149 | I60: =+TWK!I5 -> 198.3 | K60: =AVERAGE(B57:B60) -> 0 | L60: =AVERAGE(C57:C60) -> 0 | M60: =AVERAGE(D57:D60) -> 203.875 | N60: =AVERAGE(E57:E60) -> 163.875 | O60: =AVERAGE(F57:F60) -> 168.9375 | P60: =AVERAGE(G57:G60) -> 168.75 | Q60: =AVERAGE(H57:H60) -> 152.375 | R60: =AVERAGE(I57:I60) -> 195.825
A61: 38007 | B61: =+TWK!B6 -> 0 | C61: =+TWK!C6 -> 0 | D61: =+TWK!D6 -> 194 | E61: =+TWK!E6 -> 157 | F61: =+TWK!F6 -> 172 | G61: =+TWK!G6 -> 171 | H61: =+TWK!H6 -> 144 | I61: =+TWK!I6 -> 182 | K61: =AVERAGE(B58:B61) -> 0 | L61: =AVERAGE(C58:C61) -> 0 | M61: =AVERAGE(D58:D61) -> 198.625 | N61: =AVERAGE(E58:E61) -> 161.375 | O61: =AVERAGE(F58:F61) -> 167.6875 | P61: =AVERAGE(G58:G61) -> 167.25 | Q61: =AVERAGE(H58:H61) -> 150.125 | R61: =AVERAGE(I58:I61) -> 192.575
A62: 38014 | B62: =+TWK!B7 -> 0 | C62: =+TWK!C7 -> 0 | D62: =+TWK!D7 -> 208 | E62: =+TWK!E7 -> 150 | F62: =+TWK!F7 -> 161 | G62: =+TWK!G7 -> 159 | H62: =+TWK!H7 -> 137 | I62: =+TWK!I7 -> 165 | K62: =AVERAGE(B59:B62) -> 0 | L62: =AVERAGE(C59:C62) -> 0 | M62: =AVERAGE(D59:D62) -> 200.5 | N62: =AVERAGE(E59:E62) -> 157.75 | O62: =AVERAGE(F59:F62) -> 166.5625 | P62: =AVERAGE(G59:G62) -> 166.125 | Q62: =AVERAGE(H59:H62) -> 145.625 | R62: =AVERAGE(I59:I62) -> 185.075
A63: 38021 | B63: =+TWK!B8 -> 0 | C63: =+TWK!C8 -> 0 | D63: =+TWK!D8 -> 214 | E63: =+TWK!E8 -> 147 | F63: =+TWK!F8 -> 152 | G63: =+TWK!G8 -> 151 | H63: =+TWK!H8 -> 127 | I63: =+TWK!I8 -> 185 | K63: =AVERAGE(B60:B63) -> 0 | L63: =AVERAGE(C60:C63) -> 0 | M63: =AVERAGE(D60:D63) -> 204 | N63: =AVERAGE(E60:E63) -> 154 | O63: =AVERAGE(F60:F63) -> 163.625 | P63: =AVERAGE(G60:G63) -> 162.625 | Q63: =AVERAGE(H60:H63) -> 139.25 | R63: =AVERAGE(I60:I63) -> 182.575
A64: 38028 | B64: =+TWK!B9 -> 0 | C64: =+TWK!C9 -> 0 | D64: =+TWK!D9 -> 183 | E64: =+TWK!E9 -> 135 | F64: =+TWK!F9 -> 134 | G64: =+TWK!G9 -> 134 | H64: =+TWK!H9 -> 118 | I64: =+TWK!I9 -> 165 | K64: =AVERAGE(B61:B64) -> 0 | L64: =AVERAGE(C61:C64) -> 0 | M64: =AVERAGE(D61:D64) -> 199.75 | N64: =AVERAGE(E61:E64) -> 147.25 | O64: =AVERAGE(F61:F64) -> 154.75 | P64: =AVERAGE(G61:G64) -> 153.75 | Q64: =AVERAGE(H61:H64) -> 131.5 | R64: =AVERAGE(I61:I64) -> 174.25
A65: 38035 | B65: =+TWK!B10 -> 0 | C65: =+TWK!C10 -> 0 | D65: =+TWK!D10 -> 181 | E65: =+TWK!E10 -> 133 | F65: =+TWK!F10 -> 131 | G65: =+TWK!G10 -> 130 | H65: =+TWK!H10 -> 117 | I65: =+TWK!I10 -> 173 | K65: =AVERAGE(B62:B65) -> 0 | L65: =AVERAGE(C62:C65) -> 0 | M65: =AVERAGE(D62:D65) -> 196.5 | N65: =AVERAGE(E62:E65) -> 141.25 | O65: =AVERAGE(F62:F65) -> 144.5 | P65: =AVERAGE(G62:G65) -> 143.5 | Q65: =AVERAGE(H62:H65) -> 124.75 | R65: =AVERAGE(I62:I65) -> 172
A66: 38042 | B66: =+TWK!B11 -> 0 | C66: =+TWK!C11 -> 0 | D66: =+TWK!D11 -> 161 | E66: =+TWK!E11 -> 130 | F66: =+TWK!F11 -> 126 | G66: =+TWK!G11 -> 125 | H66: =+TWK!H11 -> 120 | I66: =+TWK!I11 -> 165 | K66: =AVERAGE(B63:B66) -> 0 | L66: =AVERAGE(C63:C66) -> 0 | M66: =AVERAGE(D63:D66) -> 184.75 | N66: =AVERAGE(E63:E66) -> 136.25 | O66: =AVERAGE(F63:F66) -> 135.75 | P66: =AVERAGE(G63:G66) -> 135 | Q66: =AVERAGE(H63:H66) -> 120.5 | R66: =AVERAGE(I63:I66) -> 172
A67: 38049 | B67: =+TWK!B12 -> 0 | C67: =+TWK!C12 -> 0 | D67: =+TWK!D12 -> 160 | E67: =+TWK!E12 -> 130 | F67: =+TWK!F12 -> 124 | G67: =+TWK!G12 -> 126 | H67: =+TWK!H12 -> 116 | I67: =+TWK!I12 -> 162 | K67: =AVERAGE(B64:B67) -> 0 | L67: =AVERAGE(C64:C67) -> 0 | M67: =AVERAGE(D64:D67) -> 171.25 | N67: =AVERAGE(E64:E67) -> 132 | O67: =AVERAGE(F64:F67) -> 128.75 | P67: =AVERAGE(G64:G67) -> 128.75 | Q67: =AVERAGE(H64:H67) -> 117.75 | R67: =AVERAGE(I64:I67) -> 166.25
A68: 38056 | B68: =+TWK!B13 -> 0 | C68: =+TWK!C13 -> 0 | D68: =+TWK!D13 -> 149 | E68: =+TWK!E13 -> 127 | F68: =+TWK!F13 -> 122 | G68: =+TWK!G13 -> 122 | H68: =+TWK!H13 -> 114 | I68: =+TWK!I13 -> 160 | K68: =AVERAGE(B65:B68) -> 0 | L68: =AVERAGE(C65:C68) -> 0 | M68: =AVERAGE(D65:D68) -> 162.75 | N68: =AVERAGE(E65:E68) -> 130 | O68: =AVERAGE(F65:F68) -> 125.75 | P68: =AVERAGE(G65:G68) -> 125.75 | Q68: =AVERAGE(H65:H68) -> 116.75 | R68: =AVERAGE(I65:I68) -> 165
A69: 38063 | B69: =+TWK!B14 -> 0 | C69: =+TWK!C14 -> 165 | D69: =+TWK!D14 -> 151 | E69: =+TWK!E14 -> 124 | F69: =+TWK!F14 -> 122 | G69: =+TWK!G14 -> 121 | H69: =+TWK!H14 -> 112 | I69: =+TWK!I14 -> 158 | K69: =AVERAGE(B66:B69) -> 0 | L69: =AVERAGE(C66:C69) -> 41.25 | M69: =AVERAGE(D66:D69) -> 155.25 | N69: =AVERAGE(E66:E69) -> 127.75 | O69: =AVERAGE(F66:F69) -> 123.5 | P69: =AVERAGE(G66:G69) -> 123.5 | Q69: =AVERAGE(H66:H69) -> 115.5 | R69: =AVERAGE(I66:I69) -> 161.25
A70: 38070 | B70: =+TWK!B15 -> 184 | C70: =+TWK!C15 -> 152 | D70: =+TWK!D15 -> 143 | E70: =+TWK!E15 -> 115 | F70: =+TWK!F15 -> 119 | G70: =+TWK!G15 -> 119 | H70: =+TWK!H15 -> 110 | I70: =+TWK!I15 -> 152 | K70: =AVERAGE(B67:B70) -> 46 | L70: =AVERAGE(C67:C70) -> 79.25 | M70: =AVERAGE(D67:D70) -> 150.75 | N70: =AVERAGE(E67:E70) -> 124 | O70: =AVERAGE(F67:F70) -> 121.75 | P70: =AVERAGE(G67:G70) -> 122 | Q70: =AVERAGE(H67:H70) -> 113 | R70: =AVERAGE(I67:I70) -> 158
... A201: 38986 | B201: =+TWK!B146 -> 591 | C201: =+TWK!C146 -> 572 | D201: =+TWK!D146 -> 581 | E201: =+TWK!E146 -> 501 | F201: =+TWK!F146 -> 528 | G201: =+TWK!G146 -> 529 | H201: =+TWK!H146 -> 421 | I201: =+TWK!I146 -> 568 | K201: =AVERAGE(B198:B201) -> 570.5 | L201: =AVERAGE(C198:C201) -> 552.5 | M201: =AVERAGE(D198:D201) -> 534.75 | N201: =AVERAGE(E198:E201) -> 489.75 | O201: =AVERAGE(F198:F201) -> 539.25 | P201: =AVERAGE(G198:G201) -> 540.5 | Q201: =AVERAGE(H198:H201) -> 434.75 | R201: =AVERAGE(I198:I201) -> 566.25
A202: =+A201+7 -> 38993 | B202: =+TWK!B147 -> 632 | C202: =+TWK!C147 -> 639 | D202: =+TWK!D147 -> 608 | E202: =+TWK!E147 -> 605 | F202: =+TWK!F147 -> 646 | G202: =+TWK!G147 -> 648 | H202: =+TWK!H147 -> 546 | I202: =+TWK!I147 -> 701 | K202: =AVERAGE(B199:B202) -> 594 | L202: =AVERAGE(C199:C202) -> 581 | M202: =AVERAGE(D199:D202) -> 560.75 | N202: =AVERAGE(E199:E202) -> 520.25 | O202: =AVERAGE(F199:F202) -> 570 | P202: =AVERAGE(G199:G202) -> 571 | Q202: =AVERAGE(H199:H202) -> 464.75 | R202: =AVERAGE(I199:I202) -> 601
A203: =A202+7 -> 39000 | B203: =+TWK!B148 -> 616 | C203: =+TWK!C148 -> 619 | D203: =+TWK!D148 -> 562 | E203: =+TWK!E148 -> 570 | F203: =+TWK!F148 -> 643 | G203: =+TWK!G148 -> 647 | H203: =+TWK!H148 -> 543 | I203: =+TWK!I148 -> 717 | K203: =AVERAGE(B200:B203) -> 606.75 | L203: =AVERAGE(C200:C203) -> 595.5 | M203: =AVERAGE(D200:D203) -> 572.75 | N203: =AVERAGE(E200:E203) -> 539 | O203: =AVERAGE(F200:F203) -> 587 | P203: =AVERAGE(G200:G203) -> 589 | Q203: =AVERAGE(H200:H203) -> 484 | R203: =AVERAGE(I200:I203) -> 634
A204: =+A203+7 -> 39007 | B204: =+TWK!B149 -> 592 | C204: =+TWK!C149 -> 597 | D204: =+TWK!D149 -> 554 | E204: =+TWK!E149 -> 513 | F204: =+TWK!F149 -> 578 | G204: =+TWK!G149 -> 582 | H204: =+TWK!H149 -> 450 | I204: =+TWK!I149 -> 588 | K204: =AVERAGE(B201:B204) -> 607.75 | L204: =AVERAGE(C201:C204) -> 606.75 | M204: =AVERAGE(D201:D204) -> 576.25 | N204: =AVERAGE(E201:E204) -> 547.25 | O204: =AVERAGE(F201:F204) -> 598.75 | P204: =AVERAGE(G201:G204) -> 601.5 | Q204: =AVERAGE(H201:H204) -> 490 | R204: =AVERAGE(I201:I204) -> 643.5
A205: =+A204+7 -> 39014 | B205: =+TWK!B150 -> 490 | C205: =+TWK!C150 -> 461 | D205: =+TWK!D150 -> 450 | E205: =+TWK!E150 -> 350 | F205: =+TWK!F150 -> 400 | G205: =+TWK!G150 -> 400 | H205: =+TWK!H150 -> 310 | I205: =+TWK!I150 -> 427 | K205: =AVERAGE(B202:B205) -> 582.5 | L205: =AVERAGE(C202:C205) -> 579 | M205: =AVERAGE(D202:D205) -> 543.5 | N205: =AVERAGE(E202:E205) -> 509.5 | O205: =AVERAGE(F202:F205) -> 566.75 | P205: =AVERAGE(G202:G205) -> 569.25 | Q205: =AVERAGE(H202:H205) -> 462.25 | R205: =AVERAGE(I202:I205) -> 608.25
A206: 39021 | B206: =+TWK!B151 -> 648 | C206: =+TWK!C151 -> 543 | D206: =+TWK!D151 -> 528 | E206: =+TWK!E151 -> 439 | F206: =+TWK!F151 -> 389 | G206: =+TWK!G151 -> 389 | H206: =+TWK!H151 -> 325 | I206: =+TWK!I151 -> 425 | K206: =AVERAGE(B203:B206) -> 586.5 | L206: =AVERAGE(C203:C206) -> 555 | M206: =AVERAGE(D203:D206) -> 523.5 | N206: =AVERAGE(E203:E206) -> 468 | O206: =AVERAGE(F203:F206) -> 502.5 | P206: =AVERAGE(G203:G206) -> 504.5 | Q206: =AVERAGE(H203:H206) -> 407 | R206: =AVERAGE(I203:I206) -> 539.25
A207: 39028 | B207: =+TWK!B152 -> 548 | C207: =+TWK!C152 -> 494 | D207: =+TWK!D152 -> 459 | E207: =+TWK!E152 -> 409 | F207: =+TWK!F152 -> 401 | G207: =+TWK!G152 -> 401 | H207: =+TWK!H152 -> 300 | I207: =+TWK!I152 -> 409 | K207: =AVERAGE(B204:B207) -> 569.5 | L207: =AVERAGE(C204:C207) -> 523.75 | M207: =AVERAGE(D204:D207) -> 497.75 | N207: =AVERAGE(E204:E207) -> 427.75 | O207: =AVERAGE(F204:F207) -> 442 | P207: =AVERAGE(G204:G207) -> 443 | Q207: =AVERAGE(H204:H207) -> 346.25 | R207: =AVERAGE(I204:I207) -> 462.25
A208: 39035 | B208: =+TWK!B153 -> 498 | C208: =+TWK!C153 -> 438 | D208: =+TWK!D153 -> 445 | E208: =+TWK!E153 -> 378 | F208: =+TWK!F153 -> 377 | G208: =+TWK!G153 -> 377 | H208: =+TWK!H153 -> 281 | I208: =+TWK!I153 -> 386 | K208: =AVERAGE(B205:B208) -> 546 | L208: =AVERAGE(C205:C208) -> 484 | M208: =AVERAGE(D205:D208) -> 470.5 | N208: =AVERAGE(E205:E208) -> 394 | O208: =AVERAGE(F205:F208) -> 391.75 | P208: =AVERAGE(G205:G208) -> 391.75 | Q208: =AVERAGE(H205:H208) -> 304 | R208: =AVERAGE(I205:I208) -> 411.75
A209: 39042 | C209: =+TWK!C154 -> 468 | D209: =+TWK!D154 -> 464 | E209: =+TWK!E154 -> 379 | F209: =+TWK!F154 -> 375 | G209: =+TWK!G154 -> 375 | H209: =+TWK!H154 -> 278 | I209: =+TWK!I154 -> 369 | K209: =AVERAGE(B206:B209) -> 564.66667 | L209: =AVERAGE(C206:C209) -> 485.75 | M209: =AVERAGE(D206:D209) -> 474 | N209: =AVERAGE(E206:E209) -> 401.25 | O209: =AVERAGE(F206:F209) -> 385.5 | P209: =AVERAGE(G206:G209) -> 385.5 | Q209: =AVERAGE(H206:H209) -> 296 | R209: =AVERAGE(I206:I209) -> 397.25
A210: 39049 | C210: =+TWK!C155 -> 448 | D210: =+TWK!D155 -> 445 | E210: =+TWK!E155 -> 364 | F210: =+TWK!F155 -> 373 | G210: =+TWK!G155 -> 373 | H210: =+TWK!H155 -> 261 | I210: =+TWK!I155 -> 358 | K210: =AVERAGE(B207:B210) -> 523 | L210: =AVERAGE(C207:C210) -> 462 | M210: =AVERAGE(D207:D210) -> 453.25 | N210: =AVERAGE(E207:E210) -> 382.5 | O210: =AVERAGE(F207:F210) -> 381.5 | P210: =AVERAGE(G207:G210) -> 381.5 | Q210: =AVERAGE(H207:H210) -> 280 | R210: =AVERAGE(I207:I210) -> 380.5
A211: 39056 | C211: =+TWK!C156 -> 404 | D211: =+TWK!D156 -> 377 | E211: =+TWK!E156 -> 284 | F211: =+TWK!F156 -> 332 | G211: =+TWK!G156 -> 332 | H211: =+TWK!H156 -> 222 | I211: =+TWK!I156 -> 306 | K211: =AVERAGE(B208:B211) -> 498 | L211: =AVERAGE(C208:C211) -> 439.5 | M211: =AVERAGE(D208:D211) -> 432.75 | N211: =AVERAGE(E208:E211) -> 351.25 | O211: =AVERAGE(F208:F211) -> 364.25 | P211: =AVERAGE(G208:G211) -> 364.25 | Q211: =AVERAGE(H208:H211) -> 260.5 | R211: =AVERAGE(I208:I211) -> 354.75
A212: 39063 | C212: =+TWK!C157 -> 399 | D212: =+TWK!D157 -> 378 | E212: =+TWK!E157 -> 291 | F212: =+TWK!F157 -> 310 | G212: =+TWK!G157 -> 310 | H212: =+TWK!H157 -> 226 | I212: =+TWK!I157 -> 315 | L212: =AVERAGE(C209:C212) -> 429.75 | M212: =AVERAGE(D209:D212) -> 416 | N212: =AVERAGE(E209:E212) -> 329.5 | O212: =AVERAGE(F209:F212) -> 347.5 | P212: =AVERAGE(G209:G212) -> 347.5 | Q212: =AVERAGE(H209:H212) -> 246.75 | R212: =AVERAGE(I209:I212) -> 337
A213: 39070 | C213: =+TWK!C158 -> 328 | D213: =+TWK!D158 -> 285 | E213: =+TWK!E158 -> 213 | F213: =+TWK!F158 -> 247 | G213: =+TWK!G158 -> 246 | H213: =+TWK!H158 -> 193 | I213: =+TWK!I158 -> 264 | L213: =AVERAGE(C210:C213) -> 394.75 | M213: =AVERAGE(D210:D213) -> 371.25 | N213: =AVERAGE(E210:E213) -> 288 | O213: =AVERAGE(F210:F213) -> 315.5 | P213: =AVERAGE(G210:G213) -> 315.25 | Q213: =AVERAGE(H210:H213) -> 225.5 | R213: =AVERAGE(I210:I213) -> 310.75 | AM213: =AP213-'Figure 8_data'!H425 -> 0 | AP213: =(D213/D161-1)*100 -> -43.897638 | AQ213: =(E213/E161-1)*100 -> -52.455357 | AR213: =(F213/F161-1)*100 -> -41.607565 | AS213: =(G213/G161-1)*100 -> -41.843972 | AT213: =(H213/H161-1)*100 -> -45.014245 | AU213: =(I213/I161-1)*100 -> -43.468951
A214: 39077 | C214: =+TWK!C159 -> 290 | D214: =+TWK!D159 -> 274 | E214: =+TWK!E159 -> 212 | F214: =+TWK!F159 -> 243 | G214: =+TWK!G159 -> 243 | H214: =+TWK!H159 -> 189 | I214: =+TWK!I159 -> 261 | L214: =AVERAGE(C211:C214) -> 355.25 | M214: =AVERAGE(D211:D214) -> 328.5 | N214: =AVERAGE(E211:E214) -> 250 | O214: =AVERAGE(F211:F214) -> 283 | P214: =AVERAGE(G211:G214) -> 282.75 | Q214: =AVERAGE(H211:H214) -> 207.5 | R214: =AVERAGE(I211:I214) -> 286.5 | AM214: =AP214-'Figure 8_data'!H426 -> 0 | AP214: =(D214/D162-1)*100 -> -38.148984 | AQ214: =(E214/E162-1)*100 -> -47 | AR214: =(F214/F162-1)*100 -> -39.097744 | AS214: =(G214/G162-1)*100 -> -38.010204 | AT214: =(H214/H162-1)*100 -> -45.689655 | AU214: =(I214/I162-1)*100 -> -44.34968
A215: 39084 | C215: =+TWK!C160 -> 290 | D215: =+TWK!D160 -> 268 | E215: =+TWK!E160 -> 209 | F215: =+TWK!F160 -> 231 | G215: =+TWK!G160 -> 231 | H215: =+TWK!H160 -> 183 | I215: =+TWK!I160 -> 261 | L215: =AVERAGE(C212:C215) -> 326.75 | M215: =AVERAGE(D212:D215) -> 301.25 | N215: =AVERAGE(E212:E215) -> 231.25 | O215: =AVERAGE(F212:F215) -> 257.75 | P215: =AVERAGE(G212:G215) -> 257.5 | Q215: =AVERAGE(H212:H215) -> 197.75 | R215: =AVERAGE(I212:I215) -> 275.25 | AM215: =AP215-'Figure 8_data'!H427 -> 0 | AP215: =(D215/D163-1)*100 -> -34.474328 | AQ215: =(E215/E163-1)*100 -> -44.266667 | AR215: =(F215/F163-1)*100 -> -40.769231 | AS215: =(G215/G163-1)*100 -> -41.221374 | AT215: =(H215/H163-1)*100 -> -48.011364 | AU215: =(I215/I163-1)*100 -> -45.168067
A216: 39091 | D216: =+TWK!D161 -> 268 | E216: =+TWK!E161 -> 223 | F216: =+TWK!F161 -> 258 | G216: =+TWK!G161 -> 258 | H216: =+TWK!H161 -> 214 | I216: =+TWK!I161 -> 288 | L216: =AVERAGE(C213:C216) -> 302.66667 | M216: =AVERAGE(D213:D216) -> 273.75 | N216: =AVERAGE(E213:E216) -> 214.25 | O216: =AVERAGE(F213:F216) -> 244.75 | P216: =AVERAGE(G213:G216) -> 244.5 | Q216: =AVERAGE(H213:H216) -> 194.75 | R216: =AVERAGE(I213:I216) -> 268.5 | AM216: =AP216-'Figure 8_data'!H428 -> 0 | AP216: =(D216/D164-1)*100 -> -29.287599 | AQ216: =(E216/E164-1)*100 -> -40.214477 | AR216: =(F216/F164-1)*100 -> -30.645161 | AS216: =(G216/G164-1)*100 -> -30.831099 | AT216: =(H216/H164-1)*100 -> -40.223464 | AU216: =(I216/I164-1)*100 -> -39.622642
A217: 39098 | D217: =+TWK!D162 -> 393 | E217: =+TWK!E162 -> 371 | F217: =+TWK!F162 -> 352 | G217: =+TWK!G162 -> 353 | H217: =+TWK!H162 -> 338 | I217: =+TWK!I162 -> 454 | L217: =AVERAGE(C214:C217) -> 290 | M217: =AVERAGE(D214:D217) -> 300.75 | N217: =AVERAGE(E214:E217) -> 253.75 | O217: =AVERAGE(F214:F217) -> 271 | P217: =AVERAGE(G214:G217) -> 271.25 | Q217: =AVERAGE(H214:H217) -> 231 | R217: =AVERAGE(I214:I217) -> 316 | T217: =AVERAGE(K61,K113,165) -> 55 | U217: =(L61+L113+L165)/3 -> 0 | V217: =(M61+M113+M165)/3 -> 305.95833 | W217: =(N61+N113+N165)/3 -> 271.45833 | X217: =(O61+O113+O165)/3 -> 268.5625 | Y217: =(P61+P113+P165)/3 -> 269.33333 | Z217: =(Q61+Q113+Q165)/3 -> 251.125 | AA217: =(R61+R113+R165)/3 -> 332.025 | AC217: =+AF217-'Figure 8_data'!I429 -> 0.017490314 | AF217: =(D217/V217-1)*100 -> 28.448863 | AG217: =(E217/W217-1)*100 -> 36.669225 | AH217: =(F217/X217-1)*100 -> 31.068187 | AI217: =(G217/Y217-1)*100 -> 31.064356 | AJ217: =(H217/Z217-1)*100 -> 34.594326 | AK217: =(I217/AA217-1)*100 -> 36.736692 | AM217: =AP217-'Figure 8_data'!H429 -> 0 | AP217: =(D217/D165-1)*100 -> -1.75 | AQ217: =(E217/E165-1)*100 -> -5.5979644 | AR217: =(F217/F165-1)*100 -> -2.7624309 | AS217: =(G217/G165-1)*100 -> -2.7548209 | AT217: =(H217/H165-1)*100 -> -3.7037037 | AU217: =(I217/I165-1)*100 -> -0.87336245
A218: 39105 | D218: =+TWK!D163 -> 286 | E218: =+TWK!E163 -> 272 | F218: =+TWK!F163 -> 340 | G218: =+TWK!G163 -> 340 | H218: =+TWK!H163 -> 258 | I218: =+TWK!I163 -> 355 | L218: =AVERAGE(C215:C218) -> 290 | M218: =AVERAGE(D215:D218) -> 303.75 | N218: =AVERAGE(E215:E218) -> 268.75 | O218: =AVERAGE(F215:F218) -> 295.25 | P218: =AVERAGE(G215:G218) -> 295.5 | Q218: =AVERAGE(H215:H218) -> 248.25 | R218: =AVERAGE(I215:I218) -> 339.5 | T218: =(K62+K114+K166)/3 -> 0 | U218: =(L62+L114+L166)/3 -> 0 | V218: =(M62+M114+M166)/3 -> 301 | W218: =(N62+N114+N166)/3 -> 268.66667 | X218: =(O62+O114+O166)/3 -> 265.6875 | Y218: =(P62+P114+P166)/3 -> 267.29167 | Z218: =(Q62+Q114+Q166)/3 -> 247.875 | AA218: =(R62+R114+R166)/3 -> 328.025 | AC218: =+AF218-'Figure 8_data'!I430 -> 0 | AF218: =(D218/V218-1)*100 -> -4.9833887 | AG218: =(E218/W218-1)*100 -> 1.2406948 | AH218: =(F218/X218-1)*100 -> 27.969889 | AI218: =(G218/Y218-1)*100 -> 27.201871 | AJ218: =(H218/Z218-1)*100 -> 4.0847201 | AK218: =(I218/AA218-1)*100 -> 8.2234586 | AM218: =AP218-'Figure 8_data'!H430 -> 0 | AP218: =(D218/D166-1)*100 -> -25.326371 | AQ218: =(E218/E166-1)*100 -> -23.809524 | AR218: =(F218/F166-1)*100 -> 8.6261981 | AS218: =(G218/G166-1)*100 -> 4.9382716 | AT218: =(H218/H166-1)*100 -> -7.5268817 | AU218: =(I218/I166-1)*100 -> -10.353535
A219: 39112 | D219: =+TWK!D164 -> 312 | E219: =+TWK!E164 -> 248 | F219: =+TWK!F164 -> 296 | G219: =+TWK!G164 -> 296 | H219: =+TWK!H164 -> 231 | I219: =+TWK!I164 -> 324 | M219: =AVERAGE(D216:D219) -> 314.75 | N219: =AVERAGE(E216:E219) -> 278.5 | O219: =AVERAGE(F216:F219) -> 311.5 | P219: =AVERAGE(G216:G219) -> 311.75 | Q219: =AVERAGE(H216:H219) -> 260.25 | R219: =AVERAGE(I216:I219) -> 355.25 | T219: =(K63+K115+K167)/3 -> 0 | U219: =(L63+L115+L167)/3 -> 0 | V219: =(M63+M115+M167)/3 -> 302.66667 | W219: =(N63+N115+N167)/3 -> 271.5 | X219: =(O63+O115+O167)/3 -> 267.79167 | Y219: =(P63+P115+P167)/3 -> 270.125 | Z219: =(Q63+Q115+Q167)/3 -> 245.91667 | AA219: =(R63+R115+R167)/3 -> 327.775 | AC219: =+AF219-'Figure 8_data'!I431 -> 0 | AF219: =(D219/V219-1)*100 -> 3.0837004 | AG219: =(E219/W219-1)*100 -> -8.6556169 | AH219: =(F219/X219-1)*100 -> 10.533686 | AI219: =(G219/Y219-1)*100 -> 9.5788987 | AJ219: =(H219/Z219-1)*100 -> -6.0657404 | AK219: =(I219/AA219-1)*100 -> -1.1517047 | AM219: =AP219-'Figure 8_data'!H431 -> 0 | AP219: =(D219/D167-1)*100 -> -24.455206 | AQ219: =(E219/E167-1)*100 -> -38.916256 | AR219: =(F219/F167-1)*100 -> -14.942529 | AS219: =(G219/G167-1)*100 -> -18.681319 | AT219: =(H219/H167-1)*100 -> -31.454006 | AU219: =(I219/I167-1)*100 -> -28.159645
A220: 39119 | D220: =+TWK!D165 -> 358 | E220: =+TWK!E165 -> 233 | F220: =+TWK!F165 -> 268 | G220: =+TWK!G165 -> 268 | H220: =+TWK!H165 -> 196 | I220: =+TWK!I165 -> 276 | M220: =AVERAGE(D217:D220) -> 337.25 | N220: =AVERAGE(E217:E220) -> 281 | O220: =AVERAGE(F217:F220) -> 314 | P220: =AVERAGE(G217:G220) -> 314.25 | Q220: =AVERAGE(H217:H220) -> 255.75 | R220: =AVERAGE(I217:I220) -> 352.25 | T220: =(K64+K116+K168)/3 -> 0 | U220: =(L64+L116+L168)/3 -> 0 | V220: =(M64+M116+M168)/3 -> 301.66667 | W220: =(N64+N116+N168)/3 -> 269.66667 | X220: =(O64+O116+O168)/3 -> 263.58333 | Y220: =(P64+P116+P168)/3 -> 266.25 | Z220: =(Q64+Q116+Q168)/3 -> 238.75 | AA220: =(R64+R116+R168)/3 -> 316.25 | AC220: =+AF220-'Figure 8_data'!I432 -> 0 | AF220: =(D220/V220-1)*100 -> 18.674033 | AG220: =(E220/W220-1)*100 -> -13.597033 | AH220: =(F220/X220-1)*100 -> 1.6756244 | AI220: =(G220/Y220-1)*100 -> 0.657277 | AJ220: =(H220/Z220-1)*100 -> -17.905759 | AK220: =(I220/AA220-1)*100 -> -12.727273 | AM220: =AP220-'Figure 8_data'!H432 -> 0 | AP220: =(D220/D168-1)*100 -> -24.631579 | AQ220: =(E220/E168-1)*100 -> -47.991071 | AR220: =(F220/F168-1)*100 -> -30.02611 | AS220: =(G220/G168-1)*100 -> -31.457801 | AT220: =(H220/H168-1)*100 -> -46.30137 | AU220: =(I220/I168-1)*100 -> -41.894737
A221: =+TWK!A166 -> 39126 | D221: =+TWK!D166 -> 370 | E221: =+TWK!E166 -> 283 | F221: =+TWK!F166 -> 282 | G221: =+TWK!G166 -> 282 | H221: =+TWK!H166 -> 218 | I221: =+TWK!I166 -> 305 | M221: =AVERAGE(D218:D221) -> 331.5 | N221: =AVERAGE(E218:E221) -> 259 | O221: =AVERAGE(F218:F221) -> 296.5 | P221: =AVERAGE(G218:G221) -> 296.5 | Q221: =AVERAGE(H218:H221) -> 225.75 | R221: =AVERAGE(I218:I221) -> 315 | T221: =(K65+K117+K169)/3 -> 0 | U221: =(L65+L117+L169)/3 -> 0 | V221: =(M65+M117+M169)/3 -> 295.91667 | W221: =(N65+N117+N169)/3 -> 265.16667 | X221: =(O65+O117+O169)/3 -> 255.25 | Y221: =(P65+P117+P169)/3 -> 257.91667 | Z221: =(Q65+Q117+Q169)/3 -> 232.08333 | AA221: =(R65+R117+R169)/3 -> 308.16667 | AC221: =+AF221-'Figure 8_data'!I433 -> 0 | AF221: =(D221/V221-1)*100 -> 25.035201 | AG221: =(E221/W221-1)*100 -> 6.72533 | AH221: =(F221/X221-1)*100 -> 10.479922 | AI221: =(G221/Y221-1)*100 -> 9.3376414 | AJ221: =(H221/Z221-1)*100 -> -6.0682226 | AK221: =(I221/AA221-1)*100 -> -1.0275825 | AM221: =+AP221-'Figure 8_data'!H433 -> 0 | AP221: =(D221/D169-1)*100 -> -13.348946 | AQ221: =(E221/E169-1)*100 -> -27.249357 | AR221: =(F221/F169-1)*100 -> -19.428571 | AS221: =(G221/G169-1)*100 -> -19.65812 | AT221: =(H221/H169-1)*100 -> -34.534535 | AU221: =(I221/I169-1)*100 -> -25.245098
A222: =+TWK!A167 -> 39133 | D222: =+TWK!D167 -> 364 | E222: =+TWK!E167 -> 254 | F222: =+TWK!F167 -> 251 | G222: =+TWK!G167 -> 251 | H222: =+TWK!H167 -> 212 | I222: =+TWK!I167 -> 287 | M222: =AVERAGE(D219:D222) -> 351 | N222: =AVERAGE(E219:E222) -> 254.5 | O222: =AVERAGE(F219:F222) -> 274.25 | P222: =AVERAGE(G219:G222) -> 274.25 | Q222: =AVERAGE(H219:H222) -> 214.25 | R222: =AVERAGE(I219:I222) -> 298 | T222: =(K66+K118+K170)/3 -> 0 | U222: =(L66+L118+L170)/3 -> 0 | V222: =(M66+M118+M170)/3 -> 293.58333 | W222: =(N66+N118+N170)/3 -> 264.91667 | X222: =(O66+O118+O170)/3 -> 248.16667 | Y222: =(P66+P118+P170)/3 -> 250.25 | Z222: =(Q66+Q118+Q170)/3 -> 232 | AA222: =(R66+R118+R170)/3 -> 309.16667 | AC222: =+AF222-'Figure 8_data'!I434 -> 0 | AF222: =(D222/V222-1)*100 -> 23.98524 | AG222: =(E222/W222-1)*100 -> -4.1207927 | AH222: =(F222/X222-1)*100 -> 1.1417058 | AI222: =(G222/Y222-1)*100 -> 0.2997003 | AJ222: =(H222/Z222-1)*100 -> -8.6206897 | AK222: =(I222/AA222-1)*100 -> -7.1698113 | AM222: =AP222-'Figure 8_data'!H434 -> 0 | AP222: =(D222/D170-1)*100 -> -2.9333333 | AQ222: =(E222/E170-1)*100 -> -25.730994 | AR222: =(F222/F170-1)*100 -> -17.161716 | AS222: =(G222/G170-1)*100 -> -17.161716 | AT222: =(H222/H170-1)*100 -> -26.643599 | AU222: =(I222/I170-1)*100 -> -25.065274
A223: 39140 | D223: =+TWK!D168 -> 320 | E223: =+TWK!E168 -> 248 | F223: =+TWK!F168 -> 257 | G223: =+TWK!G168 -> 257 | H223: =+TWK!H168 -> 207 | I223: =+TWK!I168 -> 281 | M223: =AVERAGE(D220:D223) -> 353 | N223: =AVERAGE(E220:E223) -> 254.5 | O223: =AVERAGE(F220:F223) -> 264.5 | P223: =AVERAGE(G220:G223) -> 264.5 | Q223: =AVERAGE(H220:H223) -> 208.25 | R223: =AVERAGE(I220:I223) -> 287.25 | T223: 0 | U223: =(L67+L119+L171)/3 -> 63.583333 | V223: =(M67+M119+M171)/3 -> 295.5 | W223: =(N67+N119+N171)/3 -> 265.75 | X223: =(O67+O119+O171)/3 -> 244.25 | Y223: =(P67+P119+P171)/3 -> 245.58333 | Z223: =(Q67+Q119+Q171)/3 -> 234.08333 | AA223: =(R67+R119+R171)/3 -> 310.91667 | AC223: =+AF223-'Figure 8_data'!I435 -> 0 | AE223: =(C223/U223-1)*100 -> -100 | AF223: =(D223/V223-1)*100 -> 8.2910321 | AG223: =(E223/W223-1)*100 -> -6.6792098 | AH223: =(F223/X223-1)*100 -> 5.2200614 | AI223: =(G223/Y223-1)*100 -> 4.6487954 | AJ223: =(H223/Z223-1)*100 -> -11.569954 | AK223: =(I223/AA223-1)*100 -> -9.6220852 | AM223: =AP223-'Figure 8_data'!H435 -> 0 | AP223: =(D223/D171-1)*100 -> -16.666667 | AQ223: =(E223/E171-1)*100 -> -24.390244 | AR223: =(F223/F171-1)*100 -> -16.558442 | AS223: =(G223/G171-1)*100 -> -16.828479 | AT223: =(H223/H171-1)*100 -> -26.595745 | AU223: =(I223/I171-1)*100 -> -28.316327
A224: =+TWK!A169 -> 39147 | C224: =+TWK!C169 -> 325 | D224: =+TWK!D169 -> 285 | E224: =+TWK!E169 -> 223 | F224: =+TWK!F169 -> 248 | G224: =+TWK!G169 -> 247 | H224: =+TWK!H169 -> 192 | I224: =+TWK!I169 -> 263 | L224: =AVERAGE(C221:C224) -> 325 | M224: =AVERAGE(D221:D224) -> 334.75 | N224: =AVERAGE(E221:E224) -> 252 | O224: =AVERAGE(F221:F224) -> 259.5 | P224: =AVERAGE(G221:G224) -> 259.25 | Q224: =AVERAGE(H221:H224) -> 207.25 | R224: =AVERAGE(I221:I224) -> 284 | T224: 0 | U224: =(L68+L120+L172)/3 -> 120.83333 | V224: =(M68+M120+M172)/3 -> 288.25 | W224: =(N68+N120+N172)/3 -> 257.91667 | X224: =(O68+O120+O172)/3 -> 244.16667 | Y224: =(P68+P120+P172)/3 -> 245.08333 | Z224: =(Q68+Q120+Q172)/3 -> 231 | AA224: =(R68+R120+R172)/3 -> 308.41667 | AC224: =+AF224-'Figure 8_data'!I436 -> 0 | AE224: =(C224/U224-1)*100 -> 168.96552 | AF224: =(D224/V224-1)*100 -> -1.1274935 | AG224: =(E224/W224-1)*100 -> -13.537964 | AH224: =(F224/X224-1)*100 -> 1.5699659 | AI224: =(G224/Y224-1)*100 -> 0.78204692 | AJ224: =(H224/Z224-1)*100 -> -16.883117 | AK224: =(I224/AA224-1)*100 -> -14.72575 | AM224: =AP224-'Figure 8_data'!H436 -> 0 | AO224: =(C224/C172-1)*100 -> -15.143603 | AP224: =(D224/D172-1)*100 -> -24.403183 | AQ224: =(E224/E172-1)*100 -> -32.424242 | AR224: =(F224/F172-1)*100 -> -27.906977 | AS224: =(G224/G172-1)*100 -> -28.197674 | AT224: =(H224/H172-1)*100 -> -35.353535 | AU224: =(I224/I172-1)*100 -> -35.380835
A225: =+TWK!A170 -> 39154 | C225: =+TWK!C170 -> 320 | D225: =+TWK!D170 -> 297 | E225: =+TWK!E170 -> 221 | F225: =+TWK!F170 -> 250 | G225: =+TWK!G170 -> 250 | H225: =+TWK!H170 -> 194 | I225: =+TWK!I170 -> 270 | L225: =AVERAGE(C222:C225) -> 322.5 | M225: =AVERAGE(D222:D225) -> 316.5 | N225: =AVERAGE(E222:E225) -> 236.5 | O225: =AVERAGE(F222:F225) -> 251.5 | P225: =AVERAGE(G222:G225) -> 251.25 | Q225: =AVERAGE(H222:H225) -> 201.25 | R225: =AVERAGE(I222:I225) -> 275.25 | T225: 0 | U225: =(L69+L121+L173)/3 -> 195 | V225: =(M69+M121+M173)/3 -> 283.75 | W225: =(N69+N121+N173)/3 -> 250.75 | X225: =(O69+O121+O173)/3 -> 248.16667 | Y225: =(P69+P121+P173)/3 -> 249.16667 | Z225: =(Q69+Q121+Q173)/3 -> 226.16667 | AA225: =(R69+R121+R173)/3 -> 303.91667 | AC225: =+AF225-'Figure 8_data'!I437 -> 0 | AE225: =(C225/U225-1)*100 -> 64.102564 | AF225: =(D225/V225-1)*100 -> 4.6696035 | AG225: =(E225/W225-1)*100 -> -11.864407 | AH225: =(F225/X225-1)*100 -> 0.73875084 | AI225: =(G225/Y225-1)*100 -> 0.33444816 | AJ225: =(H225/Z225-1)*100 -> -14.22255 | AK225: =(I225/AA225-1)*100 -> -11.159857 | AM225: =AP225-'Figure 8_data'!H437 -> 0 | AO225: =(C225/C173-1)*100 -> -14.666667 | AP225: =(D225/D173-1)*100 -> -11.869436 | AQ225: =(E225/E173-1)*100 -> -28.013029 | AR225: =(F225/F173-1)*100 -> -19.093851 | AS225: =(G225/G173-1)*100 -> -20.127796 | AT225: =(H225/H173-1)*100 -> -28.413284 | AU225: =(I225/I173-1)*100 -> -27.613941
A226: =+TWK!A171 -> 39161 | C226: =+TWK!C171 -> 293 | D226: =+TWK!D171 -> 268 | E226: =+TWK!E171 -> 193 | F226: =+TWK!F171 -> 235 | G226: =+TWK!G171 -> 235 | H226: =+TWK!H171 -> 177 | I226: =+TWK!I171 -> 233 | L226: =AVERAGE(C223:C226) -> 312.66667 | M226: =AVERAGE(D223:D226) -> 292.5 | N226: =AVERAGE(E223:E226) -> 221.25 | O226: =AVERAGE(F223:F226) -> 247.5 | P226: =AVERAGE(G223:G226) -> 247.25 | Q226: =AVERAGE(H223:H226) -> 192.5 | R226: =AVERAGE(I223:I226) -> 261.75 | T226: 0 | U226: =(L70+L122+L174)/3 -> 260.08333 | V226: =(M70+M122+M174)/3 -> 272.91667 | W226: =(N70+N122+N174)/3 -> 236.91667 | X226: =(O70+O122+O174)/3 -> 242 | Y226: =(P70+P122+P174)/3 -> 243.41667 | Z226: =(Q70+Q122+Q174)/3 -> 213.66667 | AA226: =(R70+R122+R174)/3 -> 287.25 | AC226: =+AF226-'Figure 8_data'!I438 -> 0 | AE226: =(C226/U226-1)*100 -> 12.6562 | AF226: =(D226/V226-1)*100 -> -1.8015267 | AG226: =(E226/W226-1)*100 -> -18.536757 | AH226: =(F226/X226-1)*100 -> -2.892562 | AI226: =(G226/Y226-1)*100 -> -3.45772 | AJ226: =(H226/Z226-1)*100 -> -17.160686 | AK226: =(I226/AA226-1)*100 -> -18.885988 | AM226: =AP226-'Figure 8_data'!H438 -> 0 | AO226: =(C226/C174-1)*100 -> -18.156425 | AP226: =(D226/D174-1)*100 -> -19.51952 | AQ226: =(E226/E174-1)*100 -> -35.880399 | AR226: =(F226/F174-1)*100 -> -19.795222 | AS226: =(G226/G174-1)*100 -> -20.608108 | AT226: =(H226/H174-1)*100 -> -26.859504 | AU226: =(I226/I174-1)*100 -> -27.41433
A227: =+TWK!A172 -> 39168 | C227: =+TWK!C172 -> 280 | D227: =+TWK!D172 -> 244 | E227: =+TWK!E172 -> 176 | F227: =+TWK!F172 -> 213 | G227: =+TWK!G172 -> 213 | H227: =+TWK!H172 -> 158 | I227: =+TWK!I172 -> 193 | L227: =AVERAGE(C224:C227) -> 304.5 | M227: =AVERAGE(D224:D227) -> 273.5 | N227: =AVERAGE(E224:E227) -> 203.25 | O227: =AVERAGE(F224:F227) -> 236.5 | P227: =AVERAGE(G224:G227) -> 236.25 | Q227: =AVERAGE(H224:H227) -> 180.25 | R227: =AVERAGE(I224:I227) -> 239.75 | T227: 0 | U227: =(L71+L123+L175)/3 -> 256.75 | V227: =(M71+M123+M175)/3 -> 255.5 | W227: =(N71+N123+N175)/3 -> 217.66667 | X227: =(O71+O123+O175)/3 -> 226.91667 | Y227: =(P71+P123+P175)/3 -> 228.25 | Z227: =(Q71+Q123+Q175)/3 -> 198.75 | AA227: =(R71+R123+R175)/3 -> 267.91667 | AC227: =+AF227-'Figure 8_data'!I439 -> 0 | AE227: =(C227/U227-1)*100 -> 9.0555015 | AF227: =(D227/V227-1)*100 -> -4.5009785 | AG227: =(E227/W227-1)*100 -> -19.14242 | AH227: =(F227/X227-1)*100 -> -6.1329416 | AI227: =(G227/Y227-1)*100 -> -6.6812705 | AJ227: =(H227/Z227-1)*100 -> -20.503145 | AK227: =(I227/AA227-1)*100 -> -27.962675 | AM227: =AP227-'Figure 8_data'!H439 -> 0 | AO227: =(C227/C175-1)*100 -> -14.373089 | AP227: =(D227/D175-1)*100 -> -24.223602 | AQ227: =(E227/E175-1)*100 -> -33.079848 | AR227: =(F227/F175-1)*100 -> -14.457831 | AS227: =(G227/G175-1)*100 -> -14.8 | AT227: =(H227/H175-1)*100 -> -34.166667 | AU227: =(I227/I175-1)*100 -> -38.730159
A228: =7+A227 -> 39175 | B228: =+TWK!B173 -> 320 | C228: =+TWK!C173 -> 280 | D228: =+TWK!D173 -> 237 | E228: =+TWK!E173 -> 179 | F228: =+TWK!F173 -> 206 | G228: =+TWK!G173 -> 206 | H228: =+TWK!H173 -> 163.75 | I228: =+TWK!I173 -> 224.53057 | K228: =AVERAGE(B225:B228) -> 320 | L228: =AVERAGE(C225:C228) -> 293.25 | M228: =AVERAGE(D225:D228) -> 261.5 | N228: =AVERAGE(E225:E228) -> 192.25 | O228: =AVERAGE(F225:F228) -> 226 | P228: =AVERAGE(G225:G228) -> 226 | Q228: =AVERAGE(H225:H228) -> 173.1875 | R228: =AVERAGE(I225:I228) -> 230.13264 | T228: 0 | U228: =(L72+L124+L176)/3 -> 268.08333 | V228: =(M72+M124+M176)/3 -> 255.41667 | W228: =(N72+N124+N176)/3 -> 209.91667 | X228: =(O72+O124+O176)/3 -> 217.16667 | Y228: =(P72+P124+P176)/3 -> 218.5 | Z228: =(Q72+Q124+Q176)/3 -> 191.83333 | AA228: =(R72+R124+R176)/3 -> 259.83333 | AC228: =+AF228-'Figure 8_data'!I440 -> 0 | AE228: =(C228/U228-1)*100 -> 4.4451352 | AF228: =(D228/V228-1)*100 -> -7.2104405 | AG228: =(E228/W228-1)*100 -> -14.728067 | AH228: =(F228/X228-1)*100 -> -5.14198 | AI228: =(G228/Y228-1)*100 -> -5.7208238 | AJ228: =(H228/Z228-1)*100 -> -14.639444 | AK228: =(I228/AA228-1)*100 -> -13.586696 | AM228: =AP228-'Figure 8_data'!H440 -> 0 | AN228: =(B228/B176-1)*100 -> -16.666667 | AO228: =(C228/C176-1)*100 -> -20.903955 | AP228: =(D228/D176-1)*100 -> -30.90379 | AQ228: =(E228/E176-1)*100 -> -34.432234 | AR228: =(F228/F176-1)*100 -> -22.556391 | AS228: =(G228/G176-1)*100 -> -23.134328 | AT228: =(H228/H176-1)*100 -> -32.889344 | AU228: =(I228/I176-1)*100 -> -29.392903
A229: =7+A228 -> 39182 | B229: =+TWK!B174 -> 321.66667 | C229: =+TWK!C174 -> 273.75 | D229: =+TWK!D174 -> 231.25 | E229: =+TWK!E174 -> 185 | F229: =+TWK!F174 -> 202.5 | G229: =+TWK!G174 -> 202.5 | H229: =+TWK!H174 -> 162.5 | I229: =+TWK!I174 -> 224.21943 | K229: =AVERAGE(B226:B229) -> 320.83333 | L229: =AVERAGE(C226:C229) -> 281.6875 | M229: =AVERAGE(D226:D229) -> 245.0625 | N229: =AVERAGE(E226:E229) -> 183.25 | O229: =AVERAGE(F226:F229) -> 214.125 | P229: =AVERAGE(G226:G229) -> 214.125 | Q229: =AVERAGE(H226:H229) -> 165.3125 | R229: =AVERAGE(I226:I229) -> 218.6875 | T229: 0 | U229: =(L73+L125+L177)/3 -> 255.33333 | V229: =(M73+M125+M177)/3 -> 245.66667 | W229: =(N73+N125+N177)/3 -> 195.83333 | X229: =(O73+O125+O177)/3 -> 199.75 | Y229: =(P73+P125+P177)/3 -> 200.75 | Z229: =(Q73+Q125+Q177)/3 -> 179.75 | AA229: =(R73+R125+R177)/3 -> 244.41667 | AC229: =+AF229-'Figure 8_data'!I441 -> 0 | AE229: =(C229/U229-1)*100 -> 7.2127937 | AF229: =(D229/V229-1)*100 -> -5.8683853 | AG229: =(E229/W229-1)*100 -> -5.5319149 | AH229: =(F229/X229-1)*100 -> 1.3767209 | AI229: =(G229/Y229-1)*100 -> 0.87173101 | AJ229: =(H229/Z229-1)*100 -> -9.596662 | AK229: =(I229/AA229-1)*100 -> -8.263444 | AM229: =AP229-'Figure 8_data'!H441 -> 0 | AN229: =(B229/B177-1)*100 -> -13.99287 | AO229: =(C229/C177-1)*100 -> -18.768546 | AP229: =(D229/D177-1)*100 -> -29.496951 | AQ229: =(E229/E177-1)*100 -> -30.71161 | AR229: =(F229/F177-1)*100 -> -19.960474 | AS229: =(G229/G177-1)*100 -> -19.960474 | AT229: =(H229/H177-1)*100 -> -31.722689 | AU229: =(I229/I177-1)*100 -> -29.490745
A230: =7+A229 -> 39189 | B230: =+TWK!B175 -> 296 | C230: =+TWK!C175 -> 253 | D230: =+TWK!D175 -> 224 | E230: =+TWK!E175 -> 168 | F230: =+TWK!F175 -> 196 | G230: =+TWK!G175 -> 197 | H230: =+TWK!H175 -> 153 | I230: =+TWK!I175 -> 213.65502 | K230: =AVERAGE(B227:B230) -> 312.55556 | L230: =AVERAGE(C227:C230) -> 271.6875 | M230: =AVERAGE(D227:D230) -> 234.0625 | N230: =AVERAGE(E227:E230) -> 177 | O230: =AVERAGE(F227:F230) -> 204.375 | P230: =AVERAGE(G227:G230) -> 204.625 | Q230: =AVERAGE(H227:H230) -> 159.3125 | R230: =AVERAGE(I227:I230) -> 213.85126 | T230: 0 | U230: =(L74+L126+L178)/3 -> 249.08333 | V230: =(M74+M126+M178)/3 -> 241.25 | W230: =(N74+N126+N178)/3 -> 186.5 | X230: =(O74+O126+O178)/3 -> 195.33333 | Y230: =(P74+P126+P178)/3 -> 196.08333 | Z230: =(Q74+Q126+Q178)/3 -> 175.08333 | AA230: =(R74+R126+R178)/3 -> 240.25 | AC230: =+AF230-'Figure 8_data'!I442 -> 0 | AE230: =(C230/U230-1)*100 -> 1.5724323 | AF230: =(D230/V230-1)*100 -> -7.1502591 | AG230: =(E230/W230-1)*100 -> -9.919571 | AH230: =(F230/X230-1)*100 -> 0.34129693 | AI230: =(G230/Y230-1)*100 -> 0.46748831 | AJ230: =(H230/Z230-1)*100 -> -12.613041 | AK230: =(I230/AA230-1)*100 -> -11.06971 | AM230: =AP230-'Figure 8_data'!H442 -> 0 | AN230: =(B230/B178-1)*100 -> -18.4573 | AO230: =(C230/C178-1)*100 -> -19.68254 | AP230: =(D230/D178-1)*100 -> -24.067797 | AQ230: =(E230/E178-1)*100 -> -21.860465 | AR230: =(F230/F178-1)*100 -> -32.413793 | AS230: =(G230/G178-1)*100 -> -32.068966 | AT230: =(H230/H178-1)*100 -> -28.837209 | AU230: =(I230/I178-1)*100 -> -26.325855
A231: =7+A230 -> 39196 | B231: 289 | C231: 244.6 | D231: 213 | E231: 161 | F231: 197 | G231: 197 | H231: 147 | I231: 205.42795 | K231: =AVERAGE(B228:B231) -> 306.66667 | L231: =AVERAGE(C228:C231) -> 262.8375 | M231: =AVERAGE(D228:D231) -> 226.3125 | N231: =AVERAGE(E228:E231) -> 173.25 | O231: =AVERAGE(F228:F231) -> 200.375 | P231: =AVERAGE(G228:G231) -> 200.625 | Q231: =AVERAGE(H228:H231) -> 156.5625 | R231: =AVERAGE(I228:I231) -> 216.95824 | T231: =(K75+K127+K179)/3 -> 275.66667 | U231: =(L75+L127+L179)/3 -> 245.75 | V231: =(M75+M127+M179)/3 -> 236.5 | W231: =(N75+N127+N179)/3 -> 181.16667 | X231: =(O75+O127+O179)/3 -> 191.33333 | Y231: =(P75+P127+P179)/3 -> 191.91667 | Z231: =(Q75+Q127+Q179)/3 -> 171.25 | AA231: =(R75+R127+R179)/3 -> 235.33333 | AC231: =+AF231-'Figure 8_data'!I443 -> 0 | AD231: =(B231/T231-1)*100 -> 4.8367594 | AE231: =(C231/U231-1)*100 -> -0.46795524 | AF231: =(D231/V231-1)*100 -> -9.9365751 | AG231: =(E231/W231-1)*100 -> -11.131555 | AH231: =(F231/X231-1)*100 -> 2.9616725 | AI231: =(G231/Y231-1)*100 -> 2.6487191 | AJ231: =(H231/Z231-1)*100 -> -14.160584 | AK231: =(I231/AA231-1)*100 -> -12.707671 | AM231: =AP231-'Figure 8_data'!H443 -> 0 | AN231: =(B231/B179-1)*100 -> -19.273743 | AO231: =(C231/C179-1)*100 -> -20.841424 | AP231: =(D231/D179-1)*100 -> -26.041667 | AQ231: =(E231/E179-1)*100 -> -21.463415 | AR231: =(F231/F179-1)*100 -> -16.170213 | AS231: =(G231/G179-1)*100 -> -16.525424 | AT231: =(H231/H179-1)*100 -> -27.227723 | AU231: =(I231/I179-1)*100 -> -26.105055
A232: =7+A231 -> 39203 | B232: 282.5 | C232: 236.66667 | D232: 214.16667 | E232: 158.33333 | F232: 191.66667 | G232: 191.66667 | H232: 146.66667 | I232: 208.49345 | K232: =AVERAGE(B229:B232) -> 297.29167 | L232: =AVERAGE(C229:C232) -> 252.00417 | M232: =AVERAGE(D229:D232) -> 220.60417 | N232: =AVERAGE(E229:E232) -> 168.08333 | O232: =AVERAGE(F229:F232) -> 196.79167 | P232: =AVERAGE(G229:G232) -> 197.04167 | Q232: =AVERAGE(H229:H232) -> 152.29167 | R232: =AVERAGE(I229:I232) -> 212.94896 | T232: =(K76+K128+K180)/3 -> 268.16667 | U232: =(L76+L128+L180)/3 -> 235.41667 | V232: =(M76+M128+M180)/3 -> 227.25 | W232: =(N76+N128+N180)/3 -> 178.83333 | X232: =(O76+O128+O180)/3 -> 184.83333 | Y232: =(P76+P128+P180)/3 -> 185.33333 | Z232: =(Q76+Q128+Q180)/3 -> 165.75 | AA232: =(R76+R128+R180)/3 -> 227.25 | AC232: =+AF232-'Figure 8_data'!I444 -> 0 | AD232: =(B232/T232-1)*100 -> 5.3449347 | AE232: =(C232/U232-1)*100 -> 0.53097345 | AF232: =(D232/V232-1)*100 -> -5.7572424 | AG232: =(E232/W232-1)*100 -> -11.463187 | AH232: =(F232/X232-1)*100 -> 3.6970243 | AI232: =(G232/Y232-1)*100 -> 3.4172662 | AJ232: =(H232/Z232-1)*100 -> -11.513323 | AK232: =(I232/AA232-1)*100 -> -8.2537075 | AM232: =AP232-'Figure 8_data'!H444 -> 0 | AN232: =(B232/B180-1)*100 -> -21.745152 | AO232: =(C232/C180-1)*100 -> -26.728586 | AP232: =(D232/D180-1)*100 -> -31.13612 | AQ232: =(E232/E180-1)*100 -> -38.151042 | AR232: =(F232/F180-1)*100 -> -20.470263 | AS232: =(G232/G180-1)*100 -> -20.470263 | AT232: =(H232/H180-1)*100 -> -33.333333 | AU232: =(I232/I180-1)*100 -> -27.100192
A233: =7+A232 -> 39210 | B233: =+TWK!B178 -> 269 | C233: =+TWK!C178 -> 233.83333 | D233: =+TWK!D178 -> 209.16667 | E233: =+TWK!E178 -> 155.83333 | F233: =+TWK!F178 -> 182.5 | G233: =+TWK!G178 -> 175.83333 | H233: =+TWK!H178 -> 145 | I233: =+TWK!I178 -> 203.70815 | K233: =AVERAGE(B230:B233) -> 284.125 | L233: =AVERAGE(C230:C233) -> 242.025 | M233: =AVERAGE(D230:D233) -> 215.08333 | N233: =AVERAGE(E230:E233) -> 160.79167 | O233: =AVERAGE(F230:F233) -> 191.79167 | P233: =AVERAGE(G230:G233) -> 190.375 | Q233: =AVERAGE(H230:H233) -> 147.91667 | R233: =AVERAGE(I230:I233) -> 207.82114 | T233: =(K77+K129+K181)/3 -> 266 | U233: =(L77+L129+L181)/3 -> 236 | V233: =(M77+M129+M181)/3 -> 228.91667 | W233: =(N77+N129+N181)/3 -> 182 | X233: =(O77+O129+O181)/3 -> 185.08333 | Y233: =(P77+P129+P181)/3 -> 185.83333 | Z233: =(Q77+Q129+Q181)/3 -> 165.75 | AA233: =(R77+R129+R181)/3 -> 226.25 | AC233: =+AF233-'Figure 8_data'!I445 -> 0 | AD233: =(B233/T233-1)*100 -> 1.1278195 | AE233: =(C233/U233-1)*100 -> -0.9180791 | AF233: =(D233/V233-1)*100 -> -8.6275937 | AG233: =(E233/W233-1)*100 -> -14.377289 | AH233: =(F233/X233-1)*100 -> -1.3957677 | AI233: =(G233/Y233-1)*100 -> -5.3811659 | AJ233: =(H233/Z233-1)*100 -> -12.518854 | AK233: =(I233/AA233-1)*100 -> -9.963248 | AM233: =AP233-'Figure 8_data'!H445 -> 0 | AN233: =(B233/B181-1)*100 -> -28.835979 | AO233: =(C233/C181-1)*100 -> -35.226223 | AP233: =(D233/D181-1)*100 -> -40.913371 | AQ233: =(E233/E181-1)*100 -> -48.055556 | AR233: =(F233/F181-1)*100 -> -32.656827 | AS233: =(G233/G181-1)*100 -> -35.116851 | AT233: =(H233/H181-1)*100 -> -42 | AU233: =(I233/I181-1)*100 -> -36.341203
A234: =7+A233 -> 39217 | B234: =+TWK!B179 -> 299 | C234: =+TWK!C179 -> 247 | D234: =+TWK!D179 -> 227 | E234: =+TWK!E179 -> 179 | F234: =+TWK!F179 -> 183 | G234: =+TWK!G179 -> 183 | H234: =+TWK!H179 -> 154 | I234: =+TWK!I179 -> 216.28384 | K234: =AVERAGE(B231:B234) -> 284.875 | L234: =AVERAGE(C231:C234) -> 240.525 | M234: =AVERAGE(D231:D234) -> 215.83333 | N234: =AVERAGE(E231:E234) -> 163.54167 | O234: =AVERAGE(F231:F234) -> 188.54167 | P234: =AVERAGE(G231:G234) -> 186.875 | Q234: =AVERAGE(H231:H234) -> 148.16667 | R234: =AVERAGE(I231:I234) -> 208.47835 | T234: =(K78+K130+K182)/3 -> 272.66667 | U234: =(L78+L130+L182)/3 -> 246.08333 | V234: =(M78+M130+M182)/3 -> 240.41667 | W234: =(N78+N130+N182)/3 -> 192.25 | X234: =(O78+O130+O182)/3 -> 186.08333 | Y234: =(P78+P130+P182)/3 -> 186.83333 | Z234: =(Q78+Q130+Q182)/3 -> 171.58333 | AA234: =(R78+R130+R182)/3 -> 231.41667 | AC234: =+AF234-'Figure 8_data'!I446 -> 0 | AD234: =(B234/T234-1)*100 -> 9.6577017 | AE234: =(C234/U234-1)*100 -> 0.37250254 | AF234: =(D234/V234-1)*100 -> -5.5805893 | AG234: =(E234/W234-1)*100 -> -6.8920676 | AH234: =(F234/X234-1)*100 -> -1.6569637 | AI234: =(G234/Y234-1)*100 -> -2.0517395 | AJ234: =(H234/Z234-1)*100 -> -10.247693 | AK234: =(I234/AA234-1)*100 -> -6.5392109 | AM234: =AP234-'Figure 8_data'!H446 -> 0 | AN234: =(B234/B182-1)*100 -> -31.105991 | AO234: =(C234/C182-1)*100 -> -39.312039 | AP234: =(D234/D182-1)*100 -> -42.239186 | AQ234: =(E234/E182-1)*100 -> -45.092025 | AR234: =(F234/F182-1)*100 -> -41.346154 | AS234: =(G234/G182-1)*100 -> -41.346154 | AT234: =(H234/H182-1)*100 -> -47.079038 | AU234: =(I234/I182-1)*100 -> -42.324309
A235: =7+A234 -> 39224 | B235: =+TWK!B180 -> 326 | C235: =+TWK!C180 -> 286 | D235: =+TWK!D180 -> 275 | E235: =+TWK!E180 -> 196 | F235: =+TWK!F180 -> 188 | G235: =+TWK!G180 -> 188 | H235: =+TWK!H180 -> 166 | I235: =+TWK!I180 -> 233 | K235: =AVERAGE(B232:B235) -> 294.125 | L235: =AVERAGE(C232:C235) -> 250.875 | M235: =AVERAGE(D232:D235) -> 231.33333 | N235: =AVERAGE(E232:E235) -> 172.29167 | O235: =AVERAGE(F232:F235) -> 186.29167 | P235: =AVERAGE(G232:G235) -> 184.625 | Q235: =AVERAGE(H232:H235) -> 152.91667 | R235: =AVERAGE(I232:I235) -> 215.37136 | T235: =(K79+K131+K183)/3 -> 285.83333 | U235: =(L79+L131+L183)/3 -> 260.41667 | V235: =(M79+M131+M183)/3 -> 255.08333 | W235: =(N79+N131+N183)/3 -> 205.16667 | X235: =(O79+O131+O183)/3 -> 194.83333 | Y235: =(P79+P131+P183)/3 -> 195.58333 | Z235: =(Q79+Q131+Q183)/3 -> 181.66667 | AA235: =(R79+R131+R183)/3 -> 244.83333 | AC235: =+AF235-'Figure 8_data'!I447 -> 0 | AD235: =(B235/T235-1)*100 -> 14.052478 | AE235: =(C235/U235-1)*100 -> 9.824 | AF235: =(D235/V235-1)*100 -> 7.8079059 | AG235: =(E235/W235-1)*100 -> -4.4679123 | AH235: =(F235/X235-1)*100 -> -3.5072712 | AI235: =(G235/Y235-1)*100 -> -3.8772902 | AJ235: =(H235/Z235-1)*100 -> -8.6238532 | AK235: =(I235/AA235-1)*100 -> -4.8332199 | AM235: =AP235-'Figure 8_data'!H447 -> 0 | AN235: =(B235/B183-1)*100 -> -27.069351 | AO235: =(C235/C183-1)*100 -> -29.55665 | AP235: =(D235/D183-1)*100 -> -28.385417 | AQ235: =(E235/E183-1)*100 -> -38.170347 | AR235: =(F235/F183-1)*100 -> -43.543544 | AS235: =(G235/G183-1)*100 -> -43.543544 | AT235: =(H235/H183-1)*100 -> -45.033113 | AU235: =(I235/I183-1)*100 -> -42.469136
A236: =7+A235 -> 39231 | B236: =+TWK!B181 -> 386.25 | C236: =+TWK!C181 -> 333 | D236: =+TWK!D181 -> 326 | E236: =+TWK!E181 -> 252 | F236: =+TWK!F181 -> 208.75 | G236: =+TWK!G181 -> 213.75 | H236: =+TWK!H181 -> 208.75 | I236: =+TWK!I181 -> 293 | K236: =AVERAGE(B233:B236) -> 320.0625 | L236: =AVERAGE(C233:C236) -> 274.95833 | M236: =AVERAGE(D233:D236) -> 259.29167 | N236: =AVERAGE(E233:E236) -> 195.70833 | O236: =AVERAGE(F233:F236) -> 190.5625 | P236: =AVERAGE(G233:G236) -> 190.14583 | Q236: =AVERAGE(H233:H236) -> 168.4375 | R236: =AVERAGE(I233:I236) -> 236.498 | T236: =(K80+K132+K184)/3 -> 297.41667 | U236: =(L80+L132+L184)/3 -> 269.91667 | V236: =(M80+M132+M184)/3 -> 261.83333 | W236: =(N80+N132+N184)/3 -> 205.91667 | X236: =(O80+O132+O184)/3 -> 200.16667 | Y236: =(P80+P132+P184)/3 -> 200.66667 | Z236: =(Q80+Q132+Q184)/3 -> 186.83333 | AA236: =(R80+R132+R184)/3 -> 254.33333 | AC236: =+AF236-'Figure 8_data'!I448 -> 0 | AD236: =(B236/T236-1)*100 -> 29.86831 | AE236: =(C236/U236-1)*100 -> 23.371411 | AF236: =(D236/V236-1)*100 -> 24.506684 | AG236: =(E236/W236-1)*100 -> 22.379603 | AH236: =(F236/X236-1)*100 -> 4.2880933 | AI236: =(G236/Y236-1)*100 -> 6.5199336 | AJ236: =(H236/Z236-1)*100 -> 11.730598 | AK236: =(I236/AA236-1)*100 -> 15.203145 | AM236: =AP236-'Figure 8_data'!H448 -> 0 | AN236: =(B236/B184-1)*100 -> -11.002304 | AO236: =(C236/C184-1)*100 -> -12.137203 | AP236: =(D236/D184-1)*100 -> -7.1225071 | AQ236: =(E236/E184-1)*100 -> -7.6923077 | AR236: =(F236/F184-1)*100 -> -31.105611 | AS236: =(G236/G184-1)*100 -> -29.455446 | AT236: =(H236/H184-1)*100 -> -23.534799 | AU236: =(I236/I184-1)*100 -> -24.484536
A237: =7+A236 -> 39238 | B237: =+TWK!B182 -> 396.25 | C237: =+TWK!C182 -> 353.75 | D237: =+TWK!D182 -> 353.75 | E237: =+TWK!E182 -> 263 | F237: =+TWK!F182 -> 251.66667 | G237: =+TWK!G182 -> 248.75 | H237: =+TWK!H182 -> 230 | I237: =+TWK!I182 -> 325 | K237: =AVERAGE(B234:B237) -> 351.875 | L237: =AVERAGE(C234:C237) -> 304.9375 | M237: =AVERAGE(D234:D237) -> 295.4375 | N237: =AVERAGE(E234:E237) -> 222.5 | O237: =AVERAGE(F234:F237) -> 207.85417 | P237: =AVERAGE(G234:G237) -> 208.375 | Q237: =AVERAGE(H234:H237) -> 189.6875 | R237: =AVERAGE(I234:I237) -> 266.82096 | T237: =(K81+K133+K185)/3 -> 310.16667 | U237: =(L81+L133+L185)/3 -> 274.5 | V237: =(M81+M133+M185)/3 -> 264.75 | W237: =(N81+N133+N185)/3 -> 204.16667 | X237: =(O81+O133+O185)/3 -> 202 | Y237: =(P81+P133+P185)/3 -> 202.41667 | Z237: =(Q81+Q133+Q185)/3 -> 189.66667 | AA237: =(R81+R133+R185)/3 -> 259.75 | AC237: =+AF237-'Figure 8_data'!I449 -> 0 | AD237: =(B237/T237-1)*100 -> 27.753896 | AE237: =(C237/U237-1)*100 -> 28.870674 | AF237: =(D237/V237-1)*100 -> 33.616619 | AG237: =(E237/W237-1)*100 -> 28.816327 | AH237: =(F237/X237-1)*100 -> 24.587459 | AI237: =(G237/Y237-1)*100 -> 22.890078 | AJ237: =(H237/Z237-1)*100 -> 21.265378 | AK237: =(I237/AA237-1)*100 -> 25.120308 | AM237: =AP237-'Figure 8_data'!H449 -> 0 | AN237: =(B237/B185-1)*100 -> -14.967811 | AO237: =(C237/C185-1)*100 -> -8.8273196 | AP237: =(D237/D185-1)*100 -> -5.4144385 | AQ237: =(E237/E185-1)*100 -> -6.7375887 | AR237: =(F237/F185-1)*100 -> -18.023887 | AS237: =(G237/G185-1)*100 -> -18.973941 | AT237: =(H237/H185-1)*100 -> -16.058394 | AU237: =(I237/I185-1)*100 -> -9.2178771
A238: =7+A237 -> 39245 | B238: =+TWK!B183 -> 415 | C238: =+TWK!C183 -> 354 | D238: =+TWK!D183 -> 330 | E238: =+TWK!E183 -> 244 | F238: =+TWK!F183 -> 251 | G238: =+TWK!G183 -> 252 | H238: =+TWK!H183 -> 231 | I238: =+TWK!I183 -> 319 | K238: =AVERAGE(B235:B238) -> 380.875 | L238: =AVERAGE(C235:C238) -> 331.6875 | M238: =AVERAGE(D235:D238) -> 321.1875 | N238: =AVERAGE(E235:E238) -> 238.75 | O238: =AVERAGE(F235:F238) -> 224.85417 | P238: =AVERAGE(G235:G238) -> 225.625 | Q238: =AVERAGE(H235:H238) -> 208.9375 | R238: =AVERAGE(I235:I238) -> 292.5 | T238: =(K82+K134+K186)/3 -> 314.58333 | U238: =(L82+L134+L186)/3 -> 270.91667 | V238: =(M82+M134+M186)/3 -> 260.5 | W238: =(N82+N134+N186)/3 -> 199.5 | X238: =(O82+O134+O186)/3 -> 199.83333 | Y238: =(P82+P134+P186)/3 -> 200.25 | Z238: =(Q82+Q134+Q186)/3 -> 187.91667 | AA238: =(R82+R134+R186)/3 -> 260.16667 | AC238: =+AF238-'Figure 8_data'!I450 -> 0 | AD238: =(B238/T238-1)*100 -> 31.92053 | AE238: =(C238/U238-1)*100 -> 30.667487 | AF238: =(D238/V238-1)*100 -> 26.679463 | AG238: =(E238/W238-1)*100 -> 22.305764 | AH238: =(F238/X238-1)*100 -> 25.604671 | AI238: =(G238/Y238-1)*100 -> 25.842697 | AJ238: =(H238/Z238-1)*100 -> 22.926829 | AK238: =(I238/AA238-1)*100 -> 22.613709 | AM238: =AP238-'Figure 8_data'!H450 -> 0 | AN238: =(B238/B186-1)*100 -> -11.513859 | AO238: =(C238/C186-1)*100 -> -10.831234 | AP238: =(D238/D186-1)*100 -> -14.728682 | AQ238: =(E238/E186-1)*100 -> -13.16726 | AR238: =(F238/F186-1)*100 -> -17.161716 | AS238: =(G238/G186-1)*100 -> -16.831683 | AT238: =(H238/H186-1)*100 -> -14.760148 | AU238: =(I238/I186-1)*100 -> -8.8571429
A239: =7+A238 -> 39252 | B239: =+TWK!B184 -> 413 | C239: =+TWK!C184 -> 378 | D239: =+TWK!D184 -> 345 | E239: =+TWK!E184 -> 280 | F239: =+TWK!F184 -> 273 | G239: =+TWK!G184 -> 270 | H239: =+TWK!H184 -> 253 | I239: =+TWK!I184 -> 347 | K239: =AVERAGE(B236:B239) -> 402.625 | L239: =AVERAGE(C236:C239) -> 354.6875 | M239: =AVERAGE(D236:D239) -> 338.6875 | N239: =AVERAGE(E236:E239) -> 259.75 | O239: =AVERAGE(F236:F239) -> 246.10417 | P239: =AVERAGE(G236:G239) -> 246.125 | Q239: =AVERAGE(H236:H239) -> 230.6875 | R239: =AVERAGE(I236:I239) -> 321 | T239: =(K83+K135+K187)/3 -> 311.16667 | U239: =(L83+L135+L187)/3 -> 263.33333 | V239: =(M83+M135+M187)/3 -> 253.66667 | W239: =(N83+N135+N187)/3 -> 194 | X239: =(O83+O135+O187)/3 -> 196.66667 | Y239: =(P83+P135+P187)/3 -> 197.33333 | Z239: =(Q83+Q135+Q187)/3 -> 183.41667 | AA239: =(R83+R135+R187)/3 -> 255 | AC239: =+AF239-'Figure 8_data'!I451 -> 0 | AD239: =(B239/T239-1)*100 -> 32.726299 | AE239: =(C239/U239-1)*100 -> 43.544304 | AF239: =(D239/V239-1)*100 -> 36.005256 | AG239: =(E239/W239-1)*100 -> 44.329897 | AH239: =(F239/X239-1)*100 -> 38.813559 | AI239: =(G239/Y239-1)*100 -> 36.824324 | AJ239: =(H239/Z239-1)*100 -> 37.937301 | AK239: =(I239/AA239-1)*100 -> 36.078431 | AM239: =AP239-'Figure 8_data'!H451 -> 0 | AN239: =(B239/B187-1)*100 -> -6.561086 | AO239: =(C239/C187-1)*100 -> -1.5625 | AP239: =(D239/D187-1)*100 -> -9.6858639 | AQ239: =(E239/E187-1)*100 -> -6.0402685 | AR239: =(F239/F187-1)*100 -> -15.479876 | AS239: =(G239/G187-1)*100 -> -16.408669 | AT239: =(H239/H187-1)*100 -> -6.9852941 | AU239: =(I239/I187-1)*100 -> -0.28735632
A240: 39259 | B240: =+TWK!B185 -> 423.75 | C240: =+TWK!C185 -> 411 | D240: =+TWK!D185 -> 369 | E240: =+TWK!E185 -> 308 | F240: =+TWK!F185 -> 289 | G240: =+TWK!G185 -> 277 | H240: =+TWK!H185 -> 248.75 | I240: =+TWK!I185 -> 341 | K240: =AVERAGE(B237:B240) -> 412 | L240: =AVERAGE(C237:C240) -> 374.1875 | M240: =AVERAGE(D237:D240) -> 349.4375 | N240: =AVERAGE(E237:E240) -> 273.75 | O240: =AVERAGE(F237:F240) -> 266.16667 | P240: =AVERAGE(G237:G240) -> 261.9375 | Q240: =AVERAGE(H237:H240) -> 240.6875 | R240: =AVERAGE(I237:I240) -> 333 | T240: =(K84+K136+K188)/3 -> 313.83333 | U240: =(L84+L136+L188)/3 -> 263.83333 | V240: =(M84+M136+M188)/3 -> 256.16667 | W240: =(N84+N136+N188)/3 -> 196.66667 | X240: =(O84+O136+O188)/3 -> 203.25 | Y240: =(P84+P136+P188)/3 -> 204.41667 | Z240: =(Q84+Q136+Q188)/3 -> 184.75 | AA240: =(R84+R136+R188)/3 -> 255.66667 | AC240: =+AF240-'Figure 8_data'!I452 -> 0 | AD240: =(B240/T240-1)*100 -> 35.023898 | AE240: =(C240/U240-1)*100 -> 55.780164 | AF240: =(D240/V240-1)*100 -> 44.046845 | AG240: =(E240/W240-1)*100 -> 56.610169 | AH240: =(F240/X240-1)*100 -> 42.189422 | AI240: =(G240/Y240-1)*100 -> 35.507542 | AJ240: =(H240/Z240-1)*100 -> 34.641407 | AK240: =(I240/AA240-1)*100 -> 33.376793 | AM240: =AP240-'Figure 8_data'!H452 -> 0 | AN240: =(B240/B188-1)*100 -> -12.085062 | AO240: =(C240/C188-1)*100 -> -2.8368794 | AP240: =(D240/D188-1)*100 -> -11.298077 | AQ240: =(E240/E188-1)*100 -> -8.0597015 | AR240: =(F240/F188-1)*100 -> -26.835443 | AS240: =(G240/G188-1)*100 -> -29.873418 | AT240: =(H240/H188-1)*100 -> -18.442623 | AU240: =(I240/I188-1)*100 -> -17.433414
A241: 39266 | B241: 424 | C241: 375 | D241: 360 | E241: 279 | F241: 281 | G241: 290 | H241: 266 | I241: 355 | K241: =AVERAGE(B238:B241) -> 418.9375 | L241: =AVERAGE(C238:C241) -> 379.5 | M241: =AVERAGE(D238:D241) -> 351 | N241: =AVERAGE(E238:E241) -> 277.75 | O241: =AVERAGE(F238:F241) -> 273.5 | P241: =AVERAGE(G238:G241) -> 272.25 | Q241: =AVERAGE(H238:H241) -> 249.6875 | R241: =AVERAGE(I238:I241) -> 340.5 | T241: =(K85+K137+K189)/3 -> 318.08333 | U241: =(L85+L137+L189)/3 -> 269.5 | V241: =(M85+M137+M189)/3 -> 262.16667 | W241: =(N85+N137+N189)/3 -> 207 | X241: =(O85+O137+O189)/3 -> 218.58333 | Y241: =(P85+P137+P189)/3 -> 220.16667 | Z241: =(Q85+Q137+Q189)/3 -> 193 | AA241: =(R85+R137+R189)/3 -> 266 | AC241: =+AF241-'Figure 8_data'!I453 -> 0 | AD241: =(B241/T241-1)*100 -> 33.298402 | AE241: =(C241/U241-1)*100 -> 39.146568 | AF241: =(D241/V241-1)*100 -> 37.317228 | AG241: =(E241/W241-1)*100 -> 34.782609 | AH241: =(F241/X241-1)*100 -> 28.55509 | AI241: =(G241/Y241-1)*100 -> 31.718395 | AJ241: =(H241/Z241-1)*100 -> 37.823834 | AK241: =(I241/AA241-1)*100 -> 33.458647 | AM241: =AP241-'Figure 8_data'!H453 -> 0 | AN241: =(B241/B189-1)*100 -> -20.450281 | AO241: =(C241/C189-1)*100 -> -18.122271 | AP241: =(D241/D189-1)*100 -> -18.735892 | AQ241: =(E241/E189-1)*100 -> -32.771084 | AR241: =(F241/F189-1)*100 -> -40.085288 | AS241: =(G241/G189-1)*100 -> -38.947368 | AT241: =(H241/H189-1)*100 -> -30.548303 | AU241: =(I241/I189-1)*100 -> -27.254098
A242: 39273 | B242: 428 | C242: 366 | D242: 356 | E242: 288 | F242: 291 | G242: 291 | H242: 260 | I242: 366 | K242: =AVERAGE(B239:B242) -> 422.1875 | L242: =AVERAGE(C239:C242) -> 382.5 | M242: =AVERAGE(D239:D242) -> 357.5 | N242: =AVERAGE(E239:E242) -> 288.75 | O242: =AVERAGE(F239:F242) -> 283.5 | P242: =AVERAGE(G239:G242) -> 282 | Q242: =AVERAGE(H239:H242) -> 256.9375 | R242: =AVERAGE(I239:I242) -> 352.25 | T242: =(K86+K138+K190)/3 -> 329.83333 | U242: =(L86+L138+L190)/3 -> 280.91667 | V242: =(M86+M138+M190)/3 -> 273.58333 | W242: =(N86+N138+N190)/3 -> 223.66667 | X242: =(O86+O138+O190)/3 -> 237.08333 | Y242: =(P86+P138+P190)/3 -> 238.75 | Z242: =(Q86+Q138+Q190)/3 -> 205.41667 | AA242: =(R86+R138+R190)/3 -> 280.66667 | AC242: =+AF242-'Figure 8_data'!I454 -> 0 | AD242: =(B242/T242-1)*100 -> 29.762506 | AE242: =(C242/U242-1)*100 -> 30.287748 | AF242: =(D242/V242-1)*100 -> 30.124886 | AG242: =(E242/W242-1)*100 -> 28.76304 | AH242: =(F242/X242-1)*100 -> 22.741652 | AI242: =(G242/Y242-1)*100 -> 21.884817 | AJ242: =(H242/Z242-1)*100 -> 26.572008 | AK242: =(I242/AA242-1)*100 -> 30.4038 | AM242: =AP242-'Figure 8_data'!H454 -> 0 | AN242: =(B242/B190-1)*100 -> -27.702703 | AO242: =(C242/C190-1)*100 -> -27.380952 | AP242: =(D242/D190-1)*100 -> -27.789047 | AQ242: =(E242/E190-1)*100 -> -40.12474 | AR242: =(F242/F190-1)*100 -> -39.375 | AS242: =(G242/G190-1)*100 -> -39.626556 | AT242: =(H242/H190-1)*100 -> -37.947494 | AU242: =(I242/I190-1)*100 -> -31.97026
A243: 39280 | B243: 509 | C243: 431 | D243: 439 | E243: 356 | F243: 338 | G243: 338 | H243: 339 | I243: 456 | K243: =AVERAGE(B240:B243) -> 446.1875 | L243: =AVERAGE(C240:C243) -> 395.75 | M243: =AVERAGE(D240:D243) -> 381 | N243: =AVERAGE(E240:E243) -> 307.75 | O243: =AVERAGE(F240:F243) -> 299.75 | P243: =AVERAGE(G240:G243) -> 299 | Q243: =AVERAGE(H240:H243) -> 278.4375 | R243: =AVERAGE(I240:I243) -> 379.5 | T243: =(K87+K139+K191)/3 -> 357.25 | U243: =(L87+L139+L191)/3 -> 305.41667 | V243: =(M87+M139+M191)/3 -> 294.33333 | W243: =(N87+N139+N191)/3 -> 250.16667 | X243: =(O87+O139+O191)/3 -> 257.75 | Y243: =(P87+P139+P191)/3 -> 259.75 | Z243: =(Q87+Q139+Q191)/3 -> 228.66667 | AA243: =(R87+R139+R191)/3 -> 308.83333 | AC243: =+AF243-'Figure 8_data'!I455 -> 0 | AD243: =(B243/T243-1)*100 -> 42.477257 | AE243: =(C243/U243-1)*100 -> 41.11869 | AF243: =(D243/V243-1)*100 -> 49.150623 | AG243: =(E243/W243-1)*100 -> 42.30513 | AH243: =(F243/X243-1)*100 -> 31.134821 | AI243: =(G243/Y243-1)*100 -> 30.12512 | AJ243: =(H243/Z243-1)*100 -> 48.250729 | AK243: =(I243/AA243-1)*100 -> 47.652455 | AM243: =AP243-'Figure 8_data'!H455 -> 0 | AN243: =(B243/B191-1)*100 -> -21.329212 | AO243: =(C243/C191-1)*100 -> -23.172906 | AP243: =(D243/D191-1)*100 -> -16.539924 | AQ243: =(E243/E191-1)*100 -> -29.365079 | AR243: =(F243/F191-1)*100 -> -29.436326 | AS243: =(G243/G191-1)*100 -> -30.452675 | AT243: =(H243/H191-1)*100 -> -27.87234 | AU243: =(I243/I191-1)*100 -> -25.611746
A244: 39287 | B244: 500 | C244: 457 | D244: 458 | E244: 412 | F244: 384 | G244: 384 | H244: 407 | I244: 499 | K244: =AVERAGE(B241:B244) -> 465.25 | L244: =AVERAGE(C241:C244) -> 407.25 | M244: =AVERAGE(D241:D244) -> 403.25 | N244: =AVERAGE(E241:E244) -> 333.75 | O244: =AVERAGE(F241:F244) -> 323.5 | P244: =AVERAGE(G241:G244) -> 325.75 | Q244: =AVERAGE(H241:H244) -> 318 | R244: =AVERAGE(I241:I244) -> 419 | T244: =(K88+K140+K192)/3 -> 378.08333 | U244: =(L88+L140+L192)/3 -> 322 | V244: =(M88+M140+M192)/3 -> 307.83333 | W244: =(N88+N140+N192)/3 -> 272.58333 | X244: =(O88+O140+O192)/3 -> 272.08333 | Y244: =(P88+P140+P192)/3 -> 273.83333 | Z244: =(Q88+Q140+Q192)/3 -> 250.75 | AA244: =(R88+R140+R192)/3 -> 332.5 | AC244: =+AF244-'Figure 8_data'!I456 -> 0 | AD244: =(B244/T244-1)*100 -> 32.245978 | AE244: =(C244/U244-1)*100 -> 41.925466 | AF244: =(D244/V244-1)*100 -> 48.781808 | AG244: =(E244/W244-1)*100 -> 51.146438 | AH244: =(F244/X244-1)*100 -> 41.133231 | AI244: =(G244/Y244-1)*100 -> 40.231284 | AJ244: =(H244/Z244-1)*100 -> 62.313061 | AK244: =(I244/AA244-1)*100 -> 50.075188 | AM244: =AP244-'Figure 8_data'!H456 -> 0 | AN244: =(B244/B192-1)*100 -> -15.824916 | AO244: =(C244/C192-1)*100 -> -10.21611 | AP244: =(D244/D192-1)*100 -> -7.4747475 | AQ244: =(E244/E192-1)*100 -> -12.153518 | AR244: =(F244/F192-1)*100 -> -17.773019 | AS244: =(G244/G192-1)*100 -> -17.773019 | AT244: =(H244/H192-1)*100 -> -10.745614 | AU244: =(I244/I192-1)*100 -> -11.992945
A245: 39294 | B245: =+TWK!B190 -> 435 | C245: =+TWK!C190 -> 395 | D245: =+TWK!D190 -> 395 | E245: =+TWK!E190 -> 360 | F245: =+TWK!F190 -> 369 | G245: =+TWK!G190 -> 369 | H245: =+TWK!H190 -> 342 | I245: =+TWK!I190 -> 453 | K245: =AVERAGE(B242:B245) -> 468 | L245: =AVERAGE(C242:C245) -> 412.25 | M245: =AVERAGE(D242:D245) -> 412 | N245: =AVERAGE(E242:E245) -> 354 | O245: =AVERAGE(F242:F245) -> 345.5 | P245: =AVERAGE(G242:G245) -> 345.5 | Q245: =AVERAGE(H242:H245) -> 337 | R245: =AVERAGE(I242:I245) -> 443.5 | T245: =(K89+K141+K193)/3 -> 390.08333 | U245: =(L89+L141+L193)/3 -> 333.66667 | V245: =(M89+M141+M193)/3 -> 317.75 | W245: =(N89+N141+N193)/3 -> 288.91667 | X245: =(O89+O141+O193)/3 -> 279.5 | Y245: =(P89+P141+P193)/3 -> 280.91667 | Z245: =(Q89+Q141+Q193)/3 -> 268.25 | AA245: =(R89+R141+R193)/3 -> 354.58333 | AC245: =+AF245-'Figure 8_data'!I457 -> 0 | AD245: =(B245/T245-1)*100 -> 11.514634 | AE245: =(C245/U245-1)*100 -> 18.381618 | AF245: =(D245/V245-1)*100 -> 24.311566 | AG245: =(E245/W245-1)*100 -> 24.603404 | AH245: =(F245/X245-1)*100 -> 32.021467 | AI245: =(G245/Y245-1)*100 -> 31.355681 | AJ245: =(H245/Z245-1)*100 -> 27.49301 | AK245: =(I245/AA245-1)*100 -> 27.755582 | AM245: =AP245-'Figure 8_data'!H457 -> 0 | AN245: =(B245/B193-1)*100 -> -27.740864 | AO245: =(C245/C193-1)*100 -> -24.329502 | AP245: =(D245/D193-1)*100 -> -20.682731 | AQ245: =(E245/E193-1)*100 -> -26.530612 | AR245: =(F245/F193-1)*100 -> -19.782609 | AS245: =(G245/G193-1)*100 -> -20.302376 | AT245: =(H245/H193-1)*100 -> -26.609442 | AU245: =(I245/I193-1)*100 -> -26.221498
A246: 39301 | B246: =+TWK!B191 -> 445 | C246: =+TWK!C191 -> 428 | D246: =+TWK!D191 -> 446 | E246: =+TWK!E191 -> 410 | F246: =+TWK!F191 -> 400 | G246: =+TWK!G191 -> 400 | H246: =+TWK!H191 -> 403 | I246: =+TWK!I191 -> 509 | K246: =AVERAGE(B243:B246) -> 472.25 | L246: =AVERAGE(C243:C246) -> 427.75 | M246: =AVERAGE(D243:D246) -> 434.5 | N246: =AVERAGE(E243:E246) -> 384.5 | O246: =AVERAGE(F243:F246) -> 372.75 | P246: =AVERAGE(G243:G246) -> 372.75 | Q246: =AVERAGE(H243:H246) -> 372.75 | R246: =AVERAGE(I243:I246) -> 479.25 | T246: =(K90+K142+K194)/3 -> 396.83333 | U246: =(L90+L142+L194)/3 -> 347.25 | V246: =(M90+M142+M194)/3 -> 331.75 | W246: =(N90+N142+N194)/3 -> 308.83333 | X246: =(O90+O142+O194)/3 -> 295.41667 | Y246: =(P90+P142+P194)/3 -> 296.83333 | Z246: =(Q90+Q142+Q194)/3 -> 294 | AA246: =(R90+R142+R194)/3 -> 389.83333 | AC246: =+AF246-'Figure 8_data'!I458 -> 0 | AD246: =(B246/T246-1)*100 -> 12.137757 | AE246: =(C246/U246-1)*100 -> 23.25414 | AF246: =(D246/V246-1)*100 -> 34.438583 | AG246: =(E246/W246-1)*100 -> 32.75769 | AH246: =(F246/X246-1)*100 -> 35.401975 | AI246: =(G246/Y246-1)*100 -> 34.755755 | AJ246: =(H246/Z246-1)*100 -> 37.07483 | AK246: =(I246/AA246-1)*100 -> 30.568619 | AM246: =AP246-'Figure 8_data'!H458 -> 0 | AN246: =(B246/B194-1)*100 -> -25.210084 | AO246: =(C246/C194-1)*100 -> -24.381625 | AP246: =(D246/D194-1)*100 -> -22.027972 | AQ246: =(E246/E194-1)*100 -> -26.785714 | AR246: =(F246/F194-1)*100 -> -27.404719 | AS246: =(G246/G194-1)*100 -> -27.404719 | AT246: =(H246/H194-1)*100 -> -29.049296 | AU246: =(I246/I194-1)*100 -> -34.74359
A247: 39308 | B247: =+TWK!B192 -> 518.75 | C247: =+TWK!C192 -> 540 | D247: =+TWK!D192 -> 531 | E247: =+TWK!E192 -> 540 | F247: =+TWK!F192 -> 496 | G247: =+TWK!G192 -> 496 | H247: =+TWK!H192 -> 552 | I247: =+TWK!I192 -> 812.08734 | K247: =AVERAGE(B244:B247) -> 474.6875 | L247: =AVERAGE(C244:C247) -> 455 | M247: =AVERAGE(D244:D247) -> 457.5 | N247: =AVERAGE(E244:E247) -> 430.5 | O247: =AVERAGE(F244:F247) -> 412.25 | P247: =AVERAGE(G244:G247) -> 412.25 | Q247: =AVERAGE(H244:H247) -> 426 | R247: =AVERAGE(I244:I247) -> 568.27183 | T247: =(K91+K143+K195)/3 -> 393.16667 | U247: =(L91+L143+L195)/3 -> 352.25 | V247: =(M91+M143+M195)/3 -> 342.08333 | W247: =(N91+N143+N195)/3 -> 326 | X247: =(O91+O143+O195)/3 -> 316.91667 | Y247: =(P91+P143+P195)/3 -> 318 | Z247: =(Q91+Q143+Q195)/3 -> 316.08333 | AA247: =(R91+R143+R195)/3 -> 421.83333 | AC247: =+AF247-'Figure 8_data'!I459 -> 0 | AD247: =(B247/T247-1)*100 -> 31.941501 | AE247: =(C247/U247-1)*100 -> 53.300213 | AF247: =(D247/V247-1)*100 -> 55.225335 | AG247: =(E247/W247-1)*100 -> 65.644172 | AH247: =(F247/X247-1)*100 -> 56.50802 | AI247: =(G247/Y247-1)*100 -> 55.974843 | AJ247: =(H247/Z247-1)*100 -> 74.63749 | AK247: =(I247/AA247-1)*100 -> 92.51379 | AM247: =AP247-'Figure 8_data'!H459 -> 0 | AN247: =(B247/B195-1)*100 -> -8.9912281 | AO247: =(C247/C195-1)*100 -> -5.4290718 | AP247: =(D247/D195-1)*100 -> -6.6783831 | AQ247: =(E247/E195-1)*100 -> -2.3508137 | AR247: =(F247/F195-1)*100 -> -10.951526 | AS247: =(G247/G195-1)*100 -> -10.951526 | AT247: =(H247/H195-1)*100 -> 0.1814882 | AU247: =(I247/I195-1)*100 -> 10.337953
A248: =7+A247 -> 39315 | B248: =+TWK!B193 -> 554 | C248: =+TWK!C193 -> 575 | D248: =+TWK!D193 -> 578 | E248: =+TWK!E193 -> 685 | F248: =+TWK!F193 -> 620 | G248: =+TWK!G193 -> 620 | H248: =+TWK!H193 -> 750 | I248: =+TWK!I193 -> 1000 | K248: =AVERAGE(B245:B248) -> 488.1875 | L248: =AVERAGE(C245:C248) -> 484.5 | M248: =AVERAGE(D245:D248) -> 487.5 | N248: =AVERAGE(E245:E248) -> 498.75 | O248: =AVERAGE(F245:F248) -> 471.25 | P248: =AVERAGE(G245:G248) -> 471.25 | Q248: =AVERAGE(H245:H248) -> 511.75 | R248: =AVERAGE(I245:I248) -> 693.52183 | T248: =(K92+K144+K196)/3 -> 393.08333 | U248: =(L92+L144+L196)/3 -> 359.25 | V248: =(M92+M144+M196)/3 -> 355.91667 | W248: =(N92+N144+N196)/3 -> 346 | X248: =(O92+O144+O196)/3 -> 340.08333 | Y248: =(P92+P144+P196)/3 -> 341.33333 | Z248: =(Q92+Q144+Q196)/3 -> 338.75 | AA248: =(R92+R144+R196)/3 -> 457.75 | AC248: =+AF248-'Figure 8_data'!I460 -> 0 | AD248: =(B248/T248-1)*100 -> 40.937036 | AE248: =(C248/U248-1)*100 -> 60.055672 | AF248: =(D248/V248-1)*100 -> 62.397565 | AG248: =(E248/W248-1)*100 -> 97.976879 | AH248: =(F248/X248-1)*100 -> 82.308258 | AI248: =(G248/Y248-1)*100 -> 81.640625 | AJ248: =(H248/Z248-1)*100 -> 121.40221 | AK248: =(I248/AA248-1)*100 -> 118.45986 | AM248: =AP248-'Figure 8_data'!H460 -> 0 | AN248: =(B248/B196-1)*100 -> -8.1260365 | AO248: =(C248/C196-1)*100 -> 3.046595 | AP248: =(D248/D196-1)*100 -> -0.17271157 | AQ248: =(E248/E196-1)*100 -> 19.755245 | AR248: =(F248/F196-1)*100 -> 9.3474427 | AS248: =(G248/G196-1)*100 -> 9.1549296 | AT248: =(H248/H196-1)*100 -> 38.376384 | AU248: =(I248/I196-1)*100 -> 41.242938
A249: =7+A248 -> 39322 | B249: =+TWK!B194 -> 568 | C249: =+TWK!C194 -> 683 | D249: =+TWK!D194 -> 698 | E249: =+TWK!E194 -> 845 | F249: =+TWK!F194 -> 805 | G249: =+TWK!G194 -> 810 | H249: =+TWK!H194 -> 970 | I249: =+TWK!I194 -> 1147 | K249: =AVERAGE(B246:B249) -> 521.4375 | L249: =AVERAGE(C246:C249) -> 556.5 | M249: =AVERAGE(D246:D249) -> 563.25 | N249: =AVERAGE(E246:E249) -> 620 | O249: =AVERAGE(F246:F249) -> 580.25 | P249: =AVERAGE(G246:G249) -> 581.5 | Q249: =AVERAGE(H246:H249) -> 668.75 | R249: =AVERAGE(I246:I249) -> 867.02183 | T249: =(K93+K145+K197)/3 -> 407.5 | U249: =(L93+L145+L197)/3 -> 385.33333 | V249: =(M93+M145+M197)/3 -> 383.33333 | W249: =(N93+N145+N197)/3 -> 383 | X249: =(O93+O145+O197)/3 -> 376.91667 | Y249: =(P93+P145+P197)/3 -> 378.16667 | Z249: =(Q93+Q145+Q197)/3 -> 376 | AA249: =(R93+R145+R197)/3 -> 507.75 | AC249: =+AF249-'Figure 8_data'!I461 -> 0 | AD249: =(B249/T249-1)*100 -> 39.386503 | AE249: =(C249/U249-1)*100 -> 77.249135 | AF249: =(D249/V249-1)*100 -> 82.086957 | AG249: =(E249/W249-1)*100 -> 120.62663 | AH249: =(F249/X249-1)*100 -> 113.57506 | AI249: =(G249/Y249-1)*100 -> 114.19127 | AJ249: =(H249/Z249-1)*100 -> 157.97872 | AK249: =(I249/AA249-1)*100 -> 125.89857 | AM249: =AP249-'Figure 8_data'!H461 -> 0 | AN249: =(B249/B197-1)*100 -> -3.2367973 | AO249: =(C249/C197-1)*100 -> 18.576389 | AP249: =(D249/D197-1)*100 -> 22.671353 | AQ249: =(E249/E197-1)*100 -> 56.7718 | AR249: =(F249/F197-1)*100 -> 45.306859 | AS249: =(G249/G197-1)*100 -> 45.945946 | AT249: =(H249/H197-1)*100 -> 92.460317 | AU249: =(I249/I197-1)*100 -> 82.643312
A250: =7+A249 -> 39329 | B250: =+TWK!B195 -> 600 | C250: =+TWK!C195 -> 735 | D250: =+TWK!D195 -> 810 | E250: =+TWK!E195 -> 930 | F250: =+TWK!F195 -> 885 | G250: =+TWK!G195 -> 895 | H250: =+TWK!H195 -> 950 | I250: =+TWK!I195 -> 1281 | K250: =AVERAGE(B247:B250) -> 560.1875 | L250: =AVERAGE(C247:C250) -> 633.25 | M250: =AVERAGE(D247:D250) -> 654.25 | N250: =AVERAGE(E247:E250) -> 750 | O250: =AVERAGE(F247:F250) -> 701.5 | P250: =AVERAGE(G247:G250) -> 705.25 | Q250: =AVERAGE(H247:H250) -> 805.5 | R250: =AVERAGE(I247:I250) -> 1060.0218 | T250: =(K94+K146+K198)/3 -> 418.91667 | U250: =(L94+L146+L198)/3 -> 403.08333 | V250: =(M94+M146+M198)/3 -> 402.25 | W250: =(N94+N146+N198)/3 -> 417.5 | X250: =(O94+O146+O198)/3 -> 409.41667 | Y250: =(P94+P146+P198)/3 -> 411.91667 | Z250: =(Q94+Q146+Q198)/3 -> 412.83333 | AA250: =(R94+R146+R198)/3 -> 558 | AC250: =+AF250-'Figure 8_data'!I462 -> 0 | AD250: =(B250/T250-1)*100 -> 43.226576 | AE250: =(C250/U250-1)*100 -> 82.344428 | AF250: =(D250/V250-1)*100 -> 101.36731 | AG250: =(E250/W250-1)*100 -> 122.75449 | AH250: =(F250/X250-1)*100 -> 116.1612 | AI250: =(G250/Y250-1)*100 -> 117.27696 | AJ250: =(H250/Z250-1)*100 -> 130.11708 | AK250: =(I250/AA250-1)*100 -> 129.56989 | AM250: =AP250-'Figure 8_data'!H462 -> 0 | AN250: =(B250/B198-1)*100 -> 11.524164 | AO250: =(C250/C198-1)*100 -> 40 | AP250: =(D250/D198-1)*100 -> 60.714286 | AQ250: =(E250/E198-1)*100 -> 92.546584 | AR250: =(F250/F198-1)*100 -> 69.216061 | AS250: =(G250/G198-1)*100 -> 70.152091 | AT250: =(H250/H198-1)*100 -> 123.00469 | AU250: =(I250/I198-1)*100 -> 127.93594
A251: =7+A250 -> 39336 | B251: =+TWK!B196 -> 583 | C251: =+TWK!C196 -> 650 | D251: =+TWK!D196 -> 688 | E251: =+TWK!E196 -> 650 | F251: =+TWK!F196 -> 688 | G251: =+TWK!G196 -> 663 | H251: =+TWK!H196 -> 613 | I251: =+TWK!I196 -> 811 | K251: =AVERAGE(B248:B251) -> 576.25 | L251: =AVERAGE(C248:C251) -> 660.75 | M251: =AVERAGE(D248:D251) -> 693.5 | N251: =AVERAGE(E248:E251) -> 777.5 | O251: =AVERAGE(F248:F251) -> 749.5 | P251: =AVERAGE(G248:G251) -> 747 | Q251: =AVERAGE(H248:H251) -> 820.75 | R251: =AVERAGE(I248:I251) -> 1059.75 | T251: =(K95+K147+K199)/3 -> 438.83333 | U251: =(L95+L147+L199)/3 -> 438.41667 | V251: =(M95+M147+M199)/3 -> 437.66667 | W251: =(N95+N147+N199)/3 -> 456.83333 | X251: =(O95+O147+O199)/3 -> 453 | Y251: =(P95+P147+P199)/3 -> 456.66667 | Z251: =(Q95+Q147+Q199)/3 -> 457.5 | AA251: =(R95+R147+R199)/3 -> 617.41667 | AC251: =+AF251-'Figure 8_data'!I463 -> 0 | AD251: =(B251/T251-1)*100 -> 32.85226 | AE251: =(C251/U251-1)*100 -> 48.260787 | AF251: =(D251/V251-1)*100 -> 57.197258 | AG251: =(E251/W251-1)*100 -> 42.283838 | AH251: =(F251/X251-1)*100 -> 51.87638 | AI251: =(G251/Y251-1)*100 -> 45.182482 | AJ251: =(H251/Z251-1)*100 -> 33.989071 | AK251: =(I251/AA251-1)*100 -> 31.353759 | AM251: =AP251-'Figure 8_data'!H463 -> 0 | AN251: =(B251/B199-1)*100 -> 3.1858407 | AO251: =(C251/C199-1)*100 -> 15.864528 | AP251: =(D251/D199-1)*100 -> 33.85214 | AQ251: =(E251/E199-1)*100 -> 31.313131 | AR251: =(F251/F199-1)*100 -> 19.652174 | AS251: =(G251/G199-1)*100 -> 15.304348 | AT251: =(H251/H199-1)*100 -> 31.545064 | AU251: =(I251/I199-1)*100 -> 38.632479
A252: =7+A251 -> 39343 | B252: =+TWK!B197 -> 680 | C252: =+TWK!C197 -> 723 | D252: =+TWK!D197 -> 746 | E252: =+TWK!E197 -> 674 | F252: =+TWK!F197 -> 771 | G252: =+TWK!G197 -> 773 | H252: =+TWK!H197 -> 615 | I252: =+TWK!I197 -> 799 | K252: =AVERAGE(B249:B252) -> 607.75 | L252: =AVERAGE(C249:C252) -> 697.75 | M252: =AVERAGE(D249:D252) -> 735.5 | N252: =AVERAGE(E249:E252) -> 774.75 | O252: =AVERAGE(F249:F252) -> 787.25 | P252: =AVERAGE(G249:G252) -> 785.25 | Q252: =AVERAGE(H249:H252) -> 787 | R252: =AVERAGE(I249:I252) -> 1009.5 | T252: =(K96+K148+K200)/3 -> 455.66667 | U252: =(L96+L148+L200)/3 -> 464.66667 | V252: =(M96+M148+M200)/3 -> 465.5 | W252: =(N96+N148+N200)/3 -> 477.33333 | X252: =(O96+O148+O200)/3 -> 480.33333 | Y252: =(P96+P148+P200)/3 -> 484.41667 | Z252: =(Q96+Q148+Q200)/3 -> 478 | AA252: =(R96+R148+R200)/3 -> 646.08333 | AC252: =+AF252-'Figure 8_data'!I464 -> 0 | AD252: =(B252/T252-1)*100 -> 49.231895 | AE252: =(C252/U252-1)*100 -> 55.595409 | AF252: =(D252/V252-1)*100 -> 60.257787 | AG252: =(E252/W252-1)*100 -> 41.201117 | AH252: =(F252/X252-1)*100 -> 60.513532 | AI252: =(G252/Y252-1)*100 -> 59.57337 | AJ252: =(H252/Z252-1)*100 -> 28.661088 | AK252: =(I252/AA252-1)*100 -> 23.668257 | AM252: =AP252-'Figure 8_data'!H464 -> 0 | AN252: =(B252/B200-1)*100 -> 15.646259 | AO252: =(C252/C200-1)*100 -> 30.978261 | AP252: =(D252/D200-1)*100 -> 38.148148 | AQ252: =(E252/E200-1)*100 -> 40.416667 | AR252: =(F252/F200-1)*100 -> 45.19774 | AS252: =(G252/G200-1)*100 -> 45.300752 | AT252: =(H252/H200-1)*100 -> 44.366197 | AU252: =(I252/I200-1)*100 -> 45.272727
A253: =7+A252 -> 39350 | B253: =+TWK!B198 -> 650 | C253: =+TWK!C198 -> 656 | D253: =+TWK!D198 -> 653 | E253: =+TWK!E198 -> 563 | F253: =+TWK!F198 -> 646 | G253: =+TWK!G198 -> 649 | H253: =+TWK!H198 -> 525 | I253: =+TWK!I198 -> 657 | K253: =AVERAGE(B250:B253) -> 628.25 | L253: =AVERAGE(C250:C253) -> 691 | M253: =AVERAGE(D250:D253) -> 724.25 | N253: =AVERAGE(E250:E253) -> 704.25 | O253: =AVERAGE(F250:F253) -> 747.5 | P253: =AVERAGE(G250:G253) -> 745 | Q253: =AVERAGE(H250:H253) -> 675.75 | R253: =AVERAGE(I250:I253) -> 887 | T253: =(K97+K149+K201)/3 -> 471.83333 | U253: =(L97+L149+L201)/3 -> 486.58333 | V253: =(M97+M149+M201)/3 -> 494.66667 | W253: =(N97+N149+N201)/3 -> 500.58333 | X253: =(O97+O149+O201)/3 -> 504.58333 | Y253: =(P97+P149+P201)/3 -> 509.33333 | Z253: =(Q97+Q149+Q201)/3 -> 495 | AA253: =(R97+R149+R201)/3 -> 666.83333 | AC253: =+AF253-'Figure 8_data'!I465 -> 0 | AD253: =(B253/T253-1)*100 -> 37.760509 | AE253: =(C253/U253-1)*100 -> 34.817606 | AF253: =(D253/V253-1)*100 -> 32.008086 | AG253: =(E253/W253-1)*100 -> 12.468786 | AH253: =(F253/X253-1)*100 -> 28.026424 | AI253: =(G253/Y253-1)*100 -> 27.421466 | AJ253: =(H253/Z253-1)*100 -> 6.0606061 | AK253: =(I253/AA253-1)*100 -> -1.4746313 | AM253: =AP253-'Figure 8_data'!H465 -> 0 | AN253: =(B253/B201-1)*100 -> 9.9830795 | AO253: =(C253/C201-1)*100 -> 14.685315 | AP253: =(D253/D201-1)*100 -> 12.392427 | AQ253: =(E253/E201-1)*100 -> 12.37525 | AR253: =(F253/F201-1)*100 -> 22.348485 | AS253: =(G253/G201-1)*100 -> 22.68431 | AT253: =(H253/H201-1)*100 -> 24.703088 | AU253: =(I253/I201-1)*100 -> 15.669014
A254: =7+A253 -> 39357 | B254: =+TWK!B199 -> 656 | C254: =+TWK!C199 -> 679 | D254: =+TWK!D199 -> 671 | E254: =+TWK!E199 -> 530 | F254: =+TWK!F199 -> 606 | G254: =+TWK!G199 -> 607 | H254: =+TWK!H199 -> 525 | I254: =+TWK!I199 -> 691 | K254: =AVERAGE(B251:B254) -> 642.25 | L254: =AVERAGE(C251:C254) -> 677 | M254: =AVERAGE(D251:D254) -> 689.5 | N254: =AVERAGE(E251:E254) -> 604.25 | O254: =AVERAGE(F251:F254) -> 677.75 | P254: =AVERAGE(G251:G254) -> 673 | Q254: =AVERAGE(H251:H254) -> 569.5 | R254: =AVERAGE(I251:I254) -> 739.5 | T254: =(K98+K150+K202)/3 -> 498.58333 | U254: =(L98+L150+L202)/3 -> 520.16667 | V254: =(M98+M150+M202)/3 -> 532.33333 | W254: =(N98+N150+N202)/3 -> 529.91667 | X254: =(O98+O150+O202)/3 -> 544.83333 | Y254: =(P98+P150+P202)/3 -> 551.41667 | Z254: =(Q98+Q150+Q202)/3 -> 518.91667 | AA254: =(R98+R150+R202)/3 -> 696.75 | AC254: =+AF254-'Figure 8_data'!I466 -> 0 | AD254: =(B254/T254-1)*100 -> 31.57279 | AE254: =(C254/U254-1)*100 -> 30.535085 | AF254: =(D254/V254-1)*100 -> 26.048842 | AG254: =(E254/W254-1)*100 -> 0.015725743 | AH254: =(F254/X254-1)*100 -> 11.226675 | AI254: =(G254/Y254-1)*100 -> 10.080097 | AJ254: =(H254/Z254-1)*100 -> 1.1723141 | AK254: =(I254/AA254-1)*100 -> -0.82526014 | AM254: =AP254-'Figure 8_data'!H466 -> 0 | AN254: =(B254/B202-1)*100 -> 3.7974684 | AO254: =(C254/C202-1)*100 -> 6.2597809 | AP254: =(D254/D202-1)*100 -> 10.361842 | AQ254: =(E254/E202-1)*100 -> -12.396694 | AR254: =(F254/F202-1)*100 -> -6.1919505 | AS254: =(G254/G202-1)*100 -> -6.3271605 | AT254: =(H254/H202-1)*100 -> -3.8461538 | AU254: =(I254/I202-1)*100 -> -1.4265335
A255: 39364 | B255: =+TWK!B200 -> 626 | C255: =+TWK!C200 -> 638.33333 | D255: =+TWK!D200 -> 640 | E255: =+TWK!E200 -> 577 | F255: =+TWK!F200 -> 680 | G255: =+TWK!G200 -> 680 | H255: =+TWK!H200 -> 568 | I255: =+TWK!I200 -> 749.57787 | K255: =AVERAGE(B252:B255) -> 653 | L255: =AVERAGE(C252:C255) -> 674.08333 | M255: =AVERAGE(D252:D255) -> 677.5 | N255: =AVERAGE(E252:E255) -> 586 | O255: =AVERAGE(F252:F255) -> 675.75 | P255: =AVERAGE(G252:G255) -> 677.25 | Q255: =AVERAGE(H252:H255) -> 558.25 | R255: =AVERAGE(I252:I255) -> 724.14447 | T255: =(K99+K151+K203)/3 -> 514.83333 | U255: =(L99+L151+L203)/3 -> 538.41667 | V255: =(M99+M151+M203)/3 -> 549.08333 | W255: =(N99+N151+N203)/3 -> 548.83333 | X255: =(O99+O151+O203)/3 -> 560.16667 | Y255: =(P99+P151+P203)/3 -> 567.33333 | Z255: =(Q99+Q151+Q203)/3 -> 522.33333 | AA255: =(R99+R151+R203)/3 -> 697 | AC255: =+AF255-'Figure 8_data'!I467 -> 0 | AD255: =(B255/T255-1)*100 -> 21.592748 | AE255: =(C255/U255-1)*100 -> 18.557499 | AF255: =(D255/V255-1)*100 -> 16.5579 | AG255: =(E255/W255-1)*100 -> 5.1320984 | AH255: =(F255/X255-1)*100 -> 21.392443 | AI255: =(G255/Y255-1)*100 -> 19.858989 | AJ255: =(H255/Z255-1)*100 -> 8.7428207 | AK255: =(I255/AA255-1)*100 -> 7.5434541 | AM255: =AP255-'Figure 8_data'!H467 -> 0 | AN255: =(B255/B203-1)*100 -> 1.6233766 | AO255: =(C255/C203-1)*100 -> 3.1233172 | AP255: =(D255/D203-1)*100 -> 13.879004 | AQ255: =(E255/E203-1)*100 -> 1.2280702 | AR255: =(F255/F203-1)*100 -> 5.7542768 | AS255: =(G255/G203-1)*100 -> 5.1004637 | AT255: =(H255/H203-1)*100 -> 4.6040516 | AU255: =(I255/I203-1)*100 -> 4.5436367
A256: =7+A255 -> 39371 | B256: =+TWK!B201 -> 520 | C256: =+TWK!C201 -> 526 | D256: =+TWK!D201 -> 526 | E256: =+TWK!E201 -> 428 | F256: =+TWK!F201 -> 503 | G256: =+TWK!G201 -> 503 | H256: =+TWK!H201 -> 377 | I256: =+TWK!I201 -> 506 | K256: =AVERAGE(B253:B256) -> 613 | L256: =AVERAGE(C253:C256) -> 624.83333 | M256: =AVERAGE(D253:D256) -> 622.5 | N256: =AVERAGE(E253:E256) -> 524.5 | O256: =AVERAGE(F253:F256) -> 608.75 | P256: =AVERAGE(G253:G256) -> 609.75 | Q256: =AVERAGE(H253:H256) -> 498.75 | R256: =AVERAGE(I253:I256) -> 650.89447 | T256: =(K100+K152+K204)/3 -> 525.75 | U256: =(L100+L152+L204)/3 -> 551.33333 | V256: =(M100+M152+M204)/3 -> 555.41667 | W256: =(N100+N152+N204)/3 -> 553.25 | X256: =(O100+O152+O204)/3 -> 568.83333 | Y256: =(P100+P152+P204)/3 -> 575.08333 | Z256: =(Q100+Q152+Q204)/3 -> 513.91667 | AA256: =(R100+R152+R204)/3 -> 683.41667 | AC256: =+AF256-'Figure 8_data'!I468 -> 0 | AD256: =(B256/T256-1)*100 -> -1.0936757 | AE256: =(C256/U256-1)*100 -> -4.5949214 | AF256: =(D256/V256-1)*100 -> -5.2963241 | AG256: =(E256/W256-1)*100 -> -22.638952 | AH256: =(F256/X256-1)*100 -> -11.573396 | AI256: =(G256/Y256-1)*100 -> -12.534415 | AJ256: =(H256/Z256-1)*100 -> -26.641803 | AK256: =(I256/AA256-1)*100 -> -25.960249 | AM256: =AP256-'Figure 8_data'!H468 -> 0 | AN256: =(B256/B204-1)*100 -> -12.162162 | AO256: =(C256/C204-1)*100 -> -11.892797 | AP256: =(D256/D204-1)*100 -> -5.0541516 | AQ256: =(E256/E204-1)*100 -> -16.569201 | AR256: =(F256/F204-1)*100 -> -12.975779 | AS256: =(G256/G204-1)*100 -> -13.573883 | AT256: =(H256/H204-1)*100 -> -16.222222 | AU256: =(I256/I204-1)*100 -> -13.945578
A257: =7+A256 -> 39378 | B257: =+TWK!B202 -> 506 | C257: =+TWK!C202 -> 515 | D257: =+TWK!D202 -> 533.33333 | E257: =+TWK!E202 -> 395 | F257: =+TWK!F202 -> 480.83333 | G257: =+TWK!G202 -> 480.83333 | H257: =+TWK!H202 -> 360 | I257: =+TWK!I202 -> 488.63901 | K257: =AVERAGE(B254:B257) -> 577 | L257: =AVERAGE(C254:C257) -> 589.58333 | M257: =AVERAGE(D254:D257) -> 592.58333 | N257: =AVERAGE(E254:E257) -> 482.5 | O257: =AVERAGE(F254:F257) -> 567.45833 | P257: =AVERAGE(G254:G257) -> 567.70833 | Q257: =AVERAGE(H254:H257) -> 457.5 | R257: =AVERAGE(I254:I257) -> 608.80422 | T257: =(K101+K153+K205)/3 -> 531.25 | U257: =(L101+L153+L205)/3 -> 548.33333 | V257: =(M101+M153+M205)/3 -> 540.33333 | W257: =(N101+N153+N205)/3 -> 521.83333 | X257: =(O101+O153+O205)/3 -> 541.91667 | Y257: =(P101+P153+P205)/3 -> 547.75 | Z257: =(Q101+Q153+Q205)/3 -> 476.33333 | AA257: =(R101+R153+R205)/3 -> 638.83333 | AC257: =+AF257-'Figure 8_data'!I469 -> 0 | AD257: =(B257/T257-1)*100 -> -4.7529412 | AE257: =(C257/U257-1)*100 -> -6.0790274 | AF257: =(D257/V257-1)*100 -> -1.2954966 | AG257: =(E257/W257-1)*100 -> -24.305334 | AH257: =(F257/X257-1)*100 -> -11.271721 | AI257: =(G257/Y257-1)*100 -> -12.216644 | AJ257: =(H257/Z257-1)*100 -> -24.422673 | AK257: =(I257/AA257-1)*100 -> -23.510721 | AM257: =AP257-'Figure 8_data'!H469 -> 0 | AN257: =(B257/B205-1)*100 -> 3.2653061 | AO257: =(C257/C205-1)*100 -> 11.713666 | AP257: =(D257/D205-1)*100 -> 18.518519 | AQ257: =(E257/E205-1)*100 -> 12.857143 | AR257: =(F257/F205-1)*100 -> 20.208333 | AS257: =(G257/G205-1)*100 -> 20.208333 | AT257: =(H257/H205-1)*100 -> 16.129032 | AU257: =(I257/I205-1)*100 -> 14.435365
A258: =7+A257 -> 39385 | B258: =+TWK!B203 -> 550 | C258: =+TWK!C203 -> 509 | D258: =+TWK!D203 -> 456 | E258: =+TWK!E203 -> 310 | F258: =+TWK!F203 -> 360 | G258: =+TWK!G203 -> 360 | H258: =+TWK!H203 -> 291 | I258: =+TWK!I203 -> 403 | K258: =AVERAGE(B255:B258) -> 550.5 | L258: =AVERAGE(C255:C258) -> 547.08333 | M258: =AVERAGE(D255:D258) -> 538.83333 | N258: =AVERAGE(E255:E258) -> 427.5 | O258: =AVERAGE(F255:F258) -> 505.95833 | P258: =AVERAGE(G255:G258) -> 505.95833 | Q258: =AVERAGE(H255:H258) -> 399 | R258: =AVERAGE(I255:I258) -> 536.80422 | T258: =(K102+K154+K206)/3 -> 524.33333 | U258: =(L102+L154+L206)/3 -> 523.58333 | V258: =(M102+M154+M206)/3 -> 507.25 | W258: =(N102+N154+N206)/3 -> 468.5 | X258: =(O102+O154+O206)/3 -> 481 | Y258: =(P102+P154+P206)/3 -> 483.5 | Z258: =(Q102+Q154+Q206)/3 -> 410.91667 | AA258: =(R102+R154+R206)/3 -> 548.75 | AC258: =+AF258-'Figure 8_data'!I470 -> 0 | AD258: =(B258/T258-1)*100 -> 4.8951049 | AE258: =(C258/U258-1)*100 -> -2.7852936 | AF258: =(D258/V258-1)*100 -> -10.103499 | AG258: =(E258/W258-1)*100 -> -33.831377 | AH258: =(F258/X258-1)*100 -> -25.155925 | AI258: =(G258/Y258-1)*100 -> -25.542916 | AJ258: =(H258/Z258-1)*100 -> -29.182722 | AK258: =(I258/AA258-1)*100 -> -26.560364 | AM258: =AP258-'Figure 8_data'!H470 -> 0 | AN258: =(B258/B206-1)*100 -> -15.123457 | AO258: =(C258/C206-1)*100 -> -6.2615101 | AP258: =(D258/D206-1)*100 -> -13.636364 | AQ258: =(E258/E206-1)*100 -> -29.384966 | AR258: =(F258/F206-1)*100 -> -7.4550129 | AS258: =(G258/G206-1)*100 -> -7.4550129 | AT258: =(H258/H206-1)*100 -> -10.461538 | AU258: =(I258/I206-1)*100 -> -5.1764706
A259: =7+A258 -> 39392 | B259: =+TWK!B204 -> 456.66667 | C259: =+TWK!C204 -> 422.5 | D259: =+TWK!D204 -> 417.5 | E259: =+TWK!E204 -> 308.75 | F259: =+TWK!F204 -> 365 | G259: =+TWK!G204 -> 366.25 | H259: =+TWK!H204 -> 292.5 | I259: =+TWK!I204 -> 401.06987 | K259: =AVERAGE(B256:B259) -> 508.16667 | L259: =AVERAGE(C256:C259) -> 493.125 | M259: =AVERAGE(D256:D259) -> 483.20833 | N259: =AVERAGE(E256:E259) -> 360.4375 | O259: =AVERAGE(F256:F259) -> 427.20833 | P259: =AVERAGE(G256:G259) -> 427.52083 | Q259: =AVERAGE(H256:H259) -> 330.125 | R259: =AVERAGE(I256:I259) -> 449.67722 | T259: =(K103+K155+K207)/3 -> 499.91667 | U259: =(L103+L155+L207)/3 -> 480 | V259: =(M103+M155+M207)/3 -> 461.33333 | W259: =(N103+N155+N207)/3 -> 405.83333 | X259: =(O103+O155+O207)/3 -> 427.83333 | Y259: =(P103+P155+P207)/3 -> 428.25 | Z259: =(Q103+Q155+Q207)/3 -> 347.58333 | AA259: =(R103+R155+R207)/3 -> 468.33333 | AC259: =+AF259-'Figure 8_data'!I471 -> 0 | AD259: =(B259/T259-1)*100 -> -8.6514419 | AE259: =(C259/U259-1)*100 -> -11.979167 | AF259: =(D259/V259-1)*100 -> -9.5014451 | AG259: =(E259/W259-1)*100 -> -23.921971 | AH259: =(F259/X259-1)*100 -> -14.686404 | AI259: =(G259/Y259-1)*100 -> -14.477525 | AJ259: =(H259/Z259-1)*100 -> -15.847519 | AK259: =(I259/AA259-1)*100 -> -14.362306 | AM259: =AP259-'Figure 8_data'!H471 -> 0 | AN259: =(B259/B207-1)*100 -> -16.666667 | AO259: =(C259/C207-1)*100 -> -14.473684 | AP259: =(D259/D207-1)*100 -> -9.0413943 | AQ259: =(E259/E207-1)*100 -> -24.511002 | AR259: =(F259/F207-1)*100 -> -8.9775561 | AS259: =(G259/G207-1)*100 -> -8.6658354 | AT259: =(H259/H207-1)*100 -> -2.5 | AU259: =(I259/I207-1)*100 -> -1.9389073
A260: =7+A259 -> 39399 | B260: =+TWK!B205 -> 480 | C260: =+TWK!C205 -> 436 | D260: =+TWK!D205 -> 438 | E260: =+TWK!E205 -> 358 | F260: =+TWK!F205 -> 424 | G260: =+TWK!G205 -> 415 | H260: =+TWK!H205 -> 327 | I260: =+TWK!I205 -> 429 | K260: =AVERAGE(B257:B260) -> 498.16667 | L260: =AVERAGE(C257:C260) -> 470.625 | M260: =AVERAGE(D257:D260) -> 461.20833 | N260: =AVERAGE(E257:E260) -> 342.9375 | O260: =AVERAGE(F257:F260) -> 407.45833 | P260: =AVERAGE(G257:G260) -> 405.52083 | Q260: =AVERAGE(H257:H260) -> 317.625 | R260: =AVERAGE(I257:I260) -> 430.42722 | T260: =(K104+K156+K208)/3 -> 472.58333 | U260: =(L104+L156+L208)/3 -> 440.33333 | V260: =(M104+M156+M208)/3 -> 426.08333 | W260: =(N104+N156+N208)/3 -> 367.16667 | X260: =(O104+O156+O208)/3 -> 384.33333 | Y260: =(P104+P156+P208)/3 -> 385.08333 | Z260: =(Q104+Q156+Q208)/3 -> 310.91667 | AA260: =(R104+R156+R208)/3 -> 416.5 | AC260: =+AF260-'Figure 8_data'!I472 -> 0 | AD260: =(B260/T260-1)*100 -> 1.5693881 | AE260: =(C260/U260-1)*100 -> -0.98410295 | AF260: =(D260/V260-1)*100 -> 2.7967925 | AG260: =(E260/W260-1)*100 -> -2.4965956 | AH260: =(F260/X260-1)*100 -> 10.320902 | AI260: =(G260/Y260-1)*100 -> 7.7688812 | AJ260: =(H260/Z260-1)*100 -> 5.1728759 | AK260: =(I260/AA260-1)*100 -> 3.0012005 | AM260: =AP260-'Figure 8_data'!H472 -> 0 | AN260: =(B260/B208-1)*100 -> -3.6144578 | AO260: =(C260/C208-1)*100 -> -0.456621 | AP260: =(D260/D208-1)*100 -> -1.5730337 | AQ260: =(E260/E208-1)*100 -> -5.2910053 | AR260: =(F260/F208-1)*100 -> 12.466844 | AS260: =(G260/G208-1)*100 -> 10.079576 | AT260: =(H260/H208-1)*100 -> 16.370107 | AU260: =(I260/I208-1)*100 -> 11.139896
A261: =7+A260 -> 39406 | B261: =+TWK!B206 -> 453.33333 | C261: =+TWK!C206 -> 413 | D261: =+TWK!D206 -> 406 | E261: =+TWK!E206 -> 324 | F261: =+TWK!F206 -> 369 | G261: =+TWK!G206 -> 369 | H261: =+TWK!H206 -> 297 | I261: =+TWK!I206 -> 399.08297 | K261: =AVERAGE(B258:B261) -> 485 | L261: =AVERAGE(C258:C261) -> 445.125 | M261: =AVERAGE(D258:D261) -> 429.375 | N261: =AVERAGE(E258:E261) -> 325.1875 | O261: =AVERAGE(F258:F261) -> 379.5 | P261: =AVERAGE(G258:G261) -> 377.5625 | Q261: =AVERAGE(H258:H261) -> 301.875 | R261: =AVERAGE(I258:I261) -> 408.03821 | T261: =(K105+K157+K209)/3 -> 438.05556 | U261: =(L105+L157+L209)/3 -> 400.66667 | V261: =(M105+M157+M209)/3 -> 393.41667 | W261: =(N105+N157+N209)/3 -> 336 | X261: =(O105+O157+O209)/3 -> 354.25 | Y261: =(P105+P157+P209)/3 -> 354.41667 | Z261: =(Q105+Q157+Q209)/3 -> 282.25 | AA261: =(R105+R157+R209)/3 -> 376 | AC261: =+AF261-'Figure 8_data'!I473 -> 0 | AD261: =(B261/T261-1)*100 -> 3.4876347 | AE261: =(C261/U261-1)*100 -> 3.078203 | AF261: =(D261/V261-1)*100 -> 3.1984749 | AG261: =(E261/W261-1)*100 -> -3.5714286 | AH261: =(F261/X261-1)*100 -> 4.1637262 | AI261: =(G261/Y261-1)*100 -> 4.1147425 | AJ261: =(H261/Z261-1)*100 -> 5.2258636 | AK261: =(I261/AA261-1)*100 -> 6.1390876 | AM261: =AP261-'Figure 8_data'!H473 -> 0 | AO261: =(C261/C209-1)*100 -> -11.752137 | AP261: =(D261/D209-1)*100 -> -12.5 | AQ261: =(E261/E209-1)*100 -> -14.511873 | AR261: =(F261/F209-1)*100 -> -1.6 | AS261: =(G261/G209-1)*100 -> -1.6 | AT261: =(H261/H209-1)*100 -> 6.8345324 | AU261: =(I261/I209-1)*100 -> 8.1525662
A262: =7+A261 -> 39413 | B262: =+TWK!B207 -> 0 | C262: =+TWK!C207 -> 390 | D262: =+TWK!D207 -> 387 | E262: =+TWK!E207 -> 317 | F262: =+TWK!F207 -> 373 | G262: =+TWK!G207 -> 373 | H262: =+TWK!H207 -> 284 | I262: =+TWK!I207 -> 381.25764 | K262: =AVERAGE(B259:B262) -> 347.5 | L262: =AVERAGE(C259:C262) -> 415.375 | M262: =AVERAGE(D259:D262) -> 412.125 | N262: =AVERAGE(E259:E262) -> 326.9375 | O262: =AVERAGE(F259:F262) -> 382.75 | P262: =AVERAGE(G259:G262) -> 380.8125 | Q262: =AVERAGE(H259:H262) -> 300.125 | R262: =AVERAGE(I259:I262) -> 402.60262 | T262: =(K106+K158+K210)/3 -> 349.66667 | U262: =(L106+L158+L210)/3 -> 372.25 | V262: =(M106+M158+M210)/3 -> 368.75 | W262: =(N106+N158+N210)/3 -> 312.83333 | X262: =(O106+O158+O210)/3 -> 334.25 | Y262: =(P106+P158+P210)/3 -> 334.5 | Z262: =(Q106+Q158+Q210)/3 -> 262 | AA262: =(R106+R158+R210)/3 -> 352.58333 | AC262: =+AF262-'Figure 8_data'!I474 -> 0 | AE262: =(C262/U262-1)*100 -> 4.7683009 | AF262: =(D262/V262-1)*100 -> 4.9491525 | AG262: =(E262/W262-1)*100 -> 1.3319126 | AH262: =(F262/X262-1)*100 -> 11.593119 | AI262: =(G262/Y262-1)*100 -> 11.509716 | AJ262: =(H262/Z262-1)*100 -> 8.3969466 | AK262: =(I262/AA262-1)*100 -> 8.132633 | AM262: =AP262-'Figure 8_data'!H474 -> 0 | AO262: =(C262/C210-1)*100 -> -12.946429 | AP262: =(D262/D210-1)*100 -> -13.033708 | AQ262: =(E262/E210-1)*100 -> -12.912088 | AR262: =(F262/F210-1)*100 -> 0 | AS262: =(G262/G210-1)*100 -> 0 | AT262: =(H262/H210-1)*100 -> 8.8122605 | AU262: =(I262/I210-1)*100 -> 6.496548
A263: =7+A262 -> 39420 | B263: =+TWK!B208 -> 0 | C263: =+TWK!C208 -> 386.66667 | D263: =+TWK!D208 -> 386.66667 | E263: =+TWK!E208 -> 326.66667 | F263: =+TWK!F208 -> 360 | G263: =+TWK!G208 -> 360 | H263: =+TWK!H208 -> 283.33333 | I263: =+TWK!I208 -> 378.87555 | K263: =AVERAGE(B260:B263) -> 233.33333 | L263: =AVERAGE(C260:C263) -> 406.41667 | M263: =AVERAGE(D260:D263) -> 404.41667 | N263: =AVERAGE(E260:E263) -> 331.41667 | O263: =AVERAGE(F260:F263) -> 381.5 | P263: =AVERAGE(G260:G263) -> 379.25 | Q263: =AVERAGE(H260:H263) -> 297.83333 | R263: =AVERAGE(I260:I263) -> 397.05404 | T263: =(K107+K159+K211)/3 -> 276.08333 | U263: =(L107+L159+L211)/3 -> 323.16667 | V263: =(M107+M159+M211)/3 -> 361.33333 | W263: =(N107+N159+N211)/3 -> 298 | X263: =(O107+O159+O211)/3 -> 313.58333 | Y263: =(P107+P159+P211)/3 -> 314.08333 | Z263: =(Q107+Q159+Q211)/3 -> 249.16667 | AA263: =(R107+R159+R211)/3 -> 333.91667 | AC263: =+AF263-'Figure 8_data'!I475 -> 0 | AE263: =(C263/U263-1)*100 -> 19.649304 | AF263: =(D263/V263-1)*100 -> 7.0110701 | AG263: =(E263/W263-1)*100 -> 9.6196868 | AH263: =(F263/X263-1)*100 -> 14.80202 | AI263: =(G263/Y263-1)*100 -> 14.619262 | AJ263: =(H263/Z263-1)*100 -> 13.712375 | AK263: =(I263/AA263-1)*100 -> 13.464102 | AM263: =AP263-'Figure 8_data'!H475 -> 0 | AO263: =(C263/C211-1)*100 -> -4.290429 | AP263: =(D263/D211-1)*100 -> 2.5641026 | AQ263: =(E263/E211-1)*100 -> 15.023474 | AR263: =(F263/F211-1)*100 -> 8.4337349 | AS263: =(G263/G211-1)*100 -> 8.4337349 | AT263: =(H263/H211-1)*100 -> 27.627628 | AU263: =(I263/I211-1)*100 -> 23.815538
A264: =7+A263 -> 39427 | B264: =+TWK!B209 -> 0 | C264: =+TWK!C209 -> 0 | D264: =+TWK!D209 -> 400 | E264: =+TWK!E209 -> 332 | F264: =+TWK!F209 -> 352.5 | G264: =+TWK!G209 -> 352.5 | H264: =+TWK!H209 -> 275 | I264: =+TWK!I209 -> 366.87773 | K264: =AVERAGE(B261:B264) -> 113.33333 | L264: =AVERAGE(C261:C264) -> 297.41667 | M264: =AVERAGE(D261:D264) -> 394.91667 | N264: =AVERAGE(E261:E264) -> 324.91667 | O264: =AVERAGE(F261:F264) -> 363.625 | P264: =AVERAGE(G261:G264) -> 363.625 | Q264: =AVERAGE(H261:H264) -> 284.83333 | R264: =AVERAGE(I261:I264) -> 381.52347 | T264: =(K108+K160+K212)/3 -> 50.666667 | U264: =(L108+L160+L212)/3 -> 291.58333 | V264: =(M108+M160+M212)/3 -> 370.75 | W264: =(N108+N160+N212)/3 -> 301 | X264: =(O108+O160+O212)/3 -> 309.58333 | Y264: =(P108+P160+P212)/3 -> 310.58333 | Z264: =(Q108+Q160+Q212)/3 -> 251.91667 | AA264: =(R108+R160+R212)/3 -> 340.58333 | AC264: =+AF264-'Figure 8_data'!I476 -> 0 | AF264: =(D264/V264-1)*100 -> 7.8894134 | AG264: =(E264/W264-1)*100 -> 10.299003 | AH264: =(F264/X264-1)*100 -> 13.862719 | AI264: =(G264/Y264-1)*100 -> 13.496109 | AJ264: =(H264/Z264-1)*100 -> 9.163083 | AK264: =(I264/AA264-1)*100 -> 7.7204001 | AM264: =AP264-'Figure 8_data'!H476 -> 0 | AP264: =(D264/D212-1)*100 -> 5.8201058 | AQ264: =(E264/E212-1)*100 -> 14.089347 | AR264: =(F264/F212-1)*100 -> 13.709677 | AS264: =(G264/G212-1)*100 -> 13.709677 | AT264: =(H264/H212-1)*100 -> 21.681416 | AU264: =(I264/I212-1)*100 -> 16.46912
A265: =7+A264 -> 39434 | B265: =+TWK!B210 -> 0 | C265: =+TWK!C210 -> 0 | D265: =+TWK!D210 -> 377 | E265: =+TWK!E210 -> 287 | F265: =+TWK!F210 -> 340 | G265: =+TWK!G210 -> 340 | H265: =+TWK!H210 -> 247 | I265: =+TWK!I210 -> 338 | K265: =AVERAGE(B262:B265) -> 0 | L265: =AVERAGE(C262:C265) -> 194.16667 | M265: =AVERAGE(D262:D265) -> 387.66667 | N265: =AVERAGE(E262:E265) -> 315.66667 | O265: =AVERAGE(F262:F265) -> 356.375 | P265: =AVERAGE(G262:G265) -> 356.375 | Q265: =AVERAGE(H262:H265) -> 272.33333 | R265: =AVERAGE(I262:I265) -> 366.25273 | T265: =(K109+K161+K213)/3 -> 0 | U265: =(L109+L161+L213)/3 -> 229.66667 | V265: =(M109+M161+M213)/3 -> 376.75 | W265: =(N109+N161+N213)/3 -> 311.58333 | X265: =(O109+O161+O213)/3 -> 317.33333 | Y265: =(P109+P161+P213)/3 -> 319.16667 | Z265: =(Q109+Q161+Q213)/3 -> 262.16667 | AA265: =(R109+R161+R213)/3 -> 352.25 | AC265: =+AF265-'Figure 8_data'!I477 -> 0 | AF265: =(D265/V265-1)*100 -> 0.066357001 | AG265: =(E265/W265-1)*100 -> -7.8898101 | AH265: =(F265/X265-1)*100 -> 7.1428571 | AI265: =(G265/Y265-1)*100 -> 6.5274151 | AJ265: =(H265/Z265-1)*100 -> -5.785124 | AK265: =(I265/AA265-1)*100 -> -4.0454223 | AM265: =AP265-'Figure 8_data'!H477 -> 0 | AP265: =(D265/D213-1)*100 -> 32.280702 | AQ265: =(E265/E213-1)*100 -> 34.741784 | AR265: =(F265/F213-1)*100 -> 37.651822 | AS265: =(G265/G213-1)*100 -> 38.211382 | AT265: =(H265/H213-1)*100 -> 27.979275 | AU265: =(I265/I213-1)*100 -> 28.030303
A266: =7+A265 -> 39441 | B266: 0 | C266: 0 | D266: =+TWK!D211 -> 367 | E266: =+TWK!E211 -> 280 | F266: =+TWK!F211 -> 337 | G266: =+TWK!G211 -> 337 | H266: =+TWK!H211 -> 250 | I266: =+TWK!I211 -> 343 | K266: =AVERAGE(B263:B266) -> 0 | L266: =AVERAGE(C263:C266) -> 96.666667 | M266: =AVERAGE(D263:D266) -> 382.66667 | N266: =AVERAGE(E263:E266) -> 306.41667 | O266: =AVERAGE(F263:F266) -> 347.375 | P266: =AVERAGE(G263:G266) -> 347.375 | Q266: =AVERAGE(H263:H266) -> 263.83333 | R266: =AVERAGE(I263:I266) -> 356.68832 | T266: =(K110+K162+K214)/3 -> 0 | U266: =(L110+L162+L214)/3 -> 165.33333 | V266: =(M110+M162+M214)/3 -> 373.91667 | W266: =(N110+N162+N214)/3 -> 312.25 | X266: =(O110+O162+O214)/3 -> 319.25 | Y266: =(P110+P162+P214)/3 -> 320.91667 | Z266: =(Q110+Q162+Q214)/3 -> 268.16667 | AA266: =(R110+R162+R214)/3 -> 359.41667 | AC266: =+AF266-'Figure 8_data'!I478 -> 0 | AF266: =(D266/V266-1)*100 -> -1.8497883 | AG266: =(E266/W266-1)*100 -> -10.328263 | AH266: =(F266/X266-1)*100 -> 5.559906 | AI266: =(G266/Y266-1)*100 -> 5.0116853 | AJ266: =(H266/Z266-1)*100 -> -6.774394 | AK266: =(I266/AA266-1)*100 -> -4.5675864 | AM266: =AP266-'Figure 8_data'!H478 -> 0 | AP266: =(D266/D214-1)*100 -> 33.941606 | AQ266: =(E266/E214-1)*100 -> 32.075472 | AR266: =(F266/F214-1)*100 -> 38.683128 | AS266: =(G266/G214-1)*100 -> 38.683128 | AT266: =(H266/H214-1)*100 -> 32.275132 | AU266: =(I266/I214-1)*100 -> 31.417625
A267: =7+A266 -> 39448 | B267: 0 | C267: 0 | D267: =+TWK!D212 -> 360 | E267: =+TWK!E212 -> 273.33333 | F267: =+TWK!F212 -> 330 | G267: =+TWK!G212 -> 330 | H267: =+TWK!H212 -> 238.33333 | I267: =+TWK!I212 -> 326.79767 | K267: =AVERAGE(B264:B267) -> 0 | L267: =AVERAGE(C264:C267) -> 0 | M267: =AVERAGE(D264:D267) -> 376 | N267: =AVERAGE(E264:E267) -> 293.08333 | O267: =AVERAGE(F264:F267) -> 339.875 | P267: =AVERAGE(G264:G267) -> 339.875 | Q267: =AVERAGE(H264:H267) -> 252.58333 | R267: =AVERAGE(I264:I267) -> 343.66885 | T267: =(K111+K163+K215)/3 -> 0 | U267: =(L111+L163+L215)/3 -> 135.41667 | V267: =(M111+M163+M215)/3 -> 360.41667 | W267: =(N111+N163+N215)/3 -> 305.25 | X267: =(O111+O163+O215)/3 -> 312.91667 | Y267: =(P111+P163+P215)/3 -> 314.58333 | Z267: =(Q111+Q163+Q215)/3 -> 266.5 | AA267: =(R111+R163+R215)/3 -> 358.66667 | AC267: =+AF267-'Figure 8_data'!I479 -> 0 | AF267: =(D267/V267-1)*100 -> -0.11560694 | AG267: =(E267/W267-1)*100 -> -10.45591 | AH267: =(F267/X267-1)*100 -> 5.4593875 | AI267: =(G267/Y267-1)*100 -> 4.9006623 | AJ267: =(H267/Z267-1)*100 -> -10.569106 | AK267: =(I267/AA267-1)*100 -> -8.8854077 | AM267: =AP267-'Figure 8_data'!H479 -> 0 | AP267: =(D267/D215-1)*100 -> 34.328358 | AQ267: =(E267/E215-1)*100 -> 30.781499 | AR267: =(F267/F215-1)*100 -> 42.857143 | AS267: =(G267/G215-1)*100 -> 42.857143 | AT267: =(H267/H215-1)*100 -> 30.236794 | AU267: =(I267/I215-1)*100 -> 25.209836
A268: =7+A267 -> 39455 | B268: 0 | C268: 0 | D268: =+TWK!D213 -> 351 | E268: =+TWK!E213 -> 269 | F268: =+TWK!F213 -> 328 | G268: =+TWK!G213 -> 328 | H268: =+TWK!H213 -> 238 | I268: =+TWK!I213 -> 327 | K268: =AVERAGE(B265:B268) -> 0 | L268: =AVERAGE(C265:C268) -> 0 | M268: =AVERAGE(D265:D268) -> 363.75 | N268: =AVERAGE(E265:E268) -> 277.33333 | O268: =AVERAGE(F265:F268) -> 333.75 | P268: =AVERAGE(G265:G268) -> 333.75 | Q268: =AVERAGE(H265:H268) -> 243.33333 | R268: =AVERAGE(I265:I268) -> 333.69942 | T268: =(K112+K164+K216)/3 -> 0 | U268: =(L112+L164+L216)/3 -> 100.88889 | V268: =(M112+M164+M216)/3 -> 338.75 | W268: =(N112+N164+N216)/3 -> 295 | X268: =(O112+O164+O216)/3 -> 302.91667 | Y268: =(P112+P164+P216)/3 -> 304.25 | Z268: =(Q112+Q164+Q216)/3 -> 265.16667 | AA268: =(R112+R164+R216)/3 -> 356.66667 | AC268: =+AF268-'Figure 8_data'!I480 -> 0 | AF268: =(D268/V268-1)*100 -> 3.6162362 | AG268: =(E268/W268-1)*100 -> -8.8135593 | AH268: =(F268/X268-1)*100 -> 8.2806052 | AI268: =(G268/Y268-1)*100 -> 7.8060805 | AJ268: =(H268/Z268-1)*100 -> -10.245129 | AK268: =(I268/AA268-1)*100 -> -8.317757 | AM268: =AP268-'Figure 8_data'!H480 -> 0 | AP268: =(D268/D216-1)*100 -> 30.970149 | AQ268: =(E268/E216-1)*100 -> 20.627803 | AR268: =(F268/F216-1)*100 -> 27.131783 | AS268: =(G268/G216-1)*100 -> 27.131783 | AT268: =(H268/H216-1)*100 -> 11.214953 | AU268: =(I268/I216-1)*100 -> 13.541667
...

Sheet New Table 9
A1: Weekly Barge Rates for Major Grain Shipping Points on the Mississippi, Ohio, and Arkansas Rivers
A2: Table 9
A3: Weekly Barge Freight Rates: Southbound Only
C4: Twin Cities | D4: Mid-Mississippi | E4: Lower Illinois River | F4: St. Louis | G4: Cincinnati | H4: Lower Ohio | I4: Cairo-Memphis
A6: Rate1 | B6: 41408 | C6: =+TWK!B492 -> 362.5 | D6: =+TWK!C492 -> 290 | E6: =+TWK!D492 -> 277.5 | F6: =+TWK!E492 -> 220 | G6: =+TWK!F492 -> 190 | H6: =+TWK!G492 -> 190 | I6: =+TWK!H492 -> 177.5
B7: =+B6-7 -> 41401 | C7: =+TWK!B491 -> 387.5 | D7: =+TWK!C491 -> 305 | E7: =+TWK!D491 -> 287.5 | F7: =+TWK!E491 -> 220 | G7: =+TWK!F491 -> 190 | H7: =+TWK!G491 -> 190 | I7: =+TWK!H491 -> 180 | L7: -
A9: $/ton | B9: =B6 -> 41408 | C9: =(ROUND(C6,0))*C$24/100 -> 22.4697 | D9: =(ROUND(D6,0))*D$24/100 -> 15.428 | E9: =(ROUND(E6,0))*E$24/100 -> 12.8992 | F9: =(ROUND(F6,0))*F$24/100 -> 8.778 | G9: =(ROUND(G6,0))*G$24/100 -> 8.911 | H9: =(ROUND(H6,0))*H$24/100 -> 7.676 | I9: =(ROUND(I6,0))*I$24/100 -> 5.5892
B10: =B7 -> 41401 | C10: =(ROUND(C7,0))*C$24/100 -> 24.0172 | D10: =(ROUND(D7,0))*D$24/100 -> 16.226 | E10: n/a | F10: =(ROUND(F7,0))*F$24/100 -> 8.778 | G10: =(ROUND(G7,0))*G$24/100 -> 8.911 | H10: =(ROUND(H7,0))*H$24/100 -> 7.676 | I10: =(ROUND(I7,0))*I$24/100 -> 5.652
A12: Current week % change from the same week:
B14: Last year | C14: =+'Table 9_data'!AN547 -> -16.984733 | D14: =+'Table 9_data'!AO547 -> -20.547945 | E14: =+'Table 9_data'!AP547 -> -19.174757 | F14: =+'Table 9_data'!AQ547 -> -12 | G14: =+'Table 9_data'!AR547 -> -31.325301 | H14: =+'Table 9_data'!AS547 -> -31.325301 | I14: =+'Table 9_data'!AT547 -> -18.70229
B15: 3-year avg. 2 | C15: =+'Table 9_data'!AD547 -> -21.355932 | D15: =+'Table 9_data'!AE547 -> -24.8583 | E15: =+'Table 9_data'!AF547 -> -26.161351 | F15: =+'Table 9_data'!AG547 -> -18.775479 | G15: =+'Table 9_data'!AH547 -> -32.998653 | H15: =+'Table 9_data'!AI547 -> -33.096956 | I15: =+'Table 9_data'!AJ547 -> -8.8867501
F16: =+'Table 9_data'!AG495 -> -2.1818873 | G16: =+'Table 9_data'!AH495 -> 6.4785119 | H16: =+'Table 9_data'!AI495 -> 6.3080371
A17: Rate1 | B17: June | C17: =+NXTMONTH!C492 -> 345 | D17: =+NXTMONTH!D492 -> 287.5 | E17: =+NXTMONTH!E492 -> 275 | F17: =+NXTMONTH!F492 -> 220 | G17: =+NXTMONTH!G492 -> 197.5 | H17: =+NXTMONTH!H492 -> 197.5 | I17: =+NXTMONTH!I492 -> 180
B18: August | C18: =+THREEMONTH!C492 -> 400 | D18: =+THREEMONTH!D492 -> 337.5 | E18: =+THREEMONTH!E492 -> 325 | F18: =+THREEMONTH!F492 -> 287.5 | G18: =+THREEMONTH!G492 -> 317.5 | H18: =+THREEMONTH!H492 -> 317.5 | I18: =+THREEMONTH!I492 -> 255
A19: 1Rate = percent of 1976 tariff benchmark index (1976 = 100 percent); 24-week moving average; ton = 2,000 pounds
A20: Source: Transportation & Marketing Programs/AMS/USDA
C23: TWC | D23: MM | E23: ILL | F23: ST LOUIS | G23: =+TWK!F3 -> CINC | H23: LOH | I23: CAR-MEM
A24: Benchmark Tariff Rates | C24: 6.19 | D24: 5.32 | E24: 4.64 | F24: 3.99 | G24: 4.69 | H24: 4.04 | I24: 3.14
