Workbook

Sheet GTR Corn Table

Sheet Total
B1: 3-Year Ave, | C1: 3-Year Ave, | E1: Unshipped Balance | G1: Accumulated Exports | I1: Total Commitments | K1: from last yr | O1: Exports3 | P1: Week ending 08/31/06 | AA1: 4 Not Included - FAS Daily Press Release: Corn Export Sales to Japan on 4/18: 152,400 mt for 2006/07.
B2: Total Sales | C2: Shipped | E2: Current | F2: Last | G2: Current | H2: Last | I2: Current | J2: Last | K2: % change | L2: net sales | M2: wk | R2: WASDE (MT) | S2: WASDE (bu) | V2: For the graph
O3: 2004/05 | P3: Crop Year (CY)
O4: - 1,000 mt - | AA4: WASHINGTON, May 11, 2007 -- Private exporters reported to the U.S. Department of Agriculture export sales of 550,000 metric tons of corn for delivery to South Korea. Of the total, 495,000 tons is for delivery during the 2006/2007 marketing year and 55,000 tons is for delivery during the 2007/2008 marketing year.
O5: 16428.5 | P5: Japan
A6: =+A7-7 -> 38680 | D6: US total | E6: 7813.5 | F6: 9141.4 | G6: 10251.3 | H6: 10258 | I6: =+E6+G6 -> 18064.8 | J6: =+F6+H6 -> 19399.4 | K6: =+I6/J6-1 -> -0.068795942 | O6: 6278.2 | P6: Mexico
A7: =+A8-7 -> 38687 | D7: =+D6 -> US total | E7: 7759.2 | F7: 8917.1 | G7: 10917.4 | H7: 11065.4 | I7: =+E7+G7 -> 18676.6 | J7: =+F7+H7 -> 19982.5 | K7: =+I7/J7-1 -> -0.065352183 | O7: 4690.3 | P7: Taiwan
A8: =+A9-7 -> 38694 | D8: =+D7 -> US total | E8: 7432.4 | F8: 8624 | G8: 11938.5 | H8: 12273.4 | I8: =+E8+G8 -> 19370.9 | J8: =+F8+H8 -> 20897.4 | K8: =+I8/J8-1 -> -0.073047365 | O8: 4563.3 | P8: Egypt
A9: =+A10-7 -> 38701 | D9: =+D8 -> US total | E9: 7334.4 | F9: 8113.4 | G9: 12957.1 | H9: 13420.7 | I9: =+E9+G9 -> 20291.5 | J9: =+F9+H9 -> 21534.1 | K9: =+I9/J9-1 -> -0.057703828 | O9: 2268.3 | P9: Korea
A10: =+A11-7 -> 38708 | D10: =+D9 -> US total | E10: 7037.3 | F10: 7770.2 | G10: 14137.5 | H10: 14489.7 | I10: =+E10+G10 -> 21174.8 | J10: =+F10+H10 -> 22259.9 | K10: =+I10/J10-1 -> -0.04874685 | O10: =SUM(O5:O9) -> 34228.6 | P10: Top 5 importers
A11: =+A12-7 -> 38715 | D11: =+D10 -> US total | E11: 6618.9 | F11: 7496.3 | G11: 14916.1 | H11: 15460.5 | I11: =+E11+G11 -> 21535 | J11: =+F11+H11 -> 22956.8 | K11: =+I11/J11-1 -> -0.061933719
A12: =+A13-7 -> 38722 | D12: =+D11 -> US total | E12: 5991.3 | F12: 6974.5 | G12: 16072.6 | H12: 16412.7 | I12: =+E12+G12 -> 22063.9 | J12: =+F12+H12 -> 23387.2 | K12: =+I12/J12-1 -> -0.056582233
A13: =+A14-7 -> 38729 | D13: =+D12 -> US total | E13: 5905.2 | F13: 6999 | G13: 16731.1 | H13: 17046.5 | I13: =+E13+G13 -> 22636.3 | J13: =+F13+H13 -> 24045.5 | K13: =+I13/J13-1 -> -0.05860556 | L13: 48260
A14: =+A15-7 -> 38736 | D14: =+D13 -> US total | E14: 7415.7 | F14: 6839.6 | G14: 18582.6 | H14: 18877.8 | I14: =+E14+G14 -> 25998.3 | J14: =+F14+H14 -> 25717.4 | K14: =+I14/J14-1 -> 0.010922566
A15: =+A16-7 -> 38743 | D15: =+D14 -> US total | E15: 7858.4 | F15: 6256.8 | G15: 19502.3 | H15: 19754.5 | I15: =+E15+G15 -> 27360.7 | J15: =+F15+H15 -> 26011.3 | K15: =+I15/J15-1 -> 0.051877453
A16: =+A17-7 -> 38750 | D16: =+D15 -> US total | E16: 8455 | G16: 20517.6 | I16: =+E16+G16 -> 28972.6 | J16: 27006.8 | K16: =+I16/J16-1 -> 0.072789075
A17: =+A18-7 -> 38757 | D17: =+D16 -> US total | E17: 8829.4 | F17: 6768.7 | G17: 21340.4 | H17: 21024.2 | I17: =+E17+G17 -> 30169.8 | J17: =+F17+H17 -> 27792.9 | K17: =+I17/J17-1 -> 0.085521842
A18: =+A19-7 -> 38764 | D18: =+D17 -> US total | E18: 9280.8 | G18: 22379.6 | I18: =+E18+G18 -> 31660.4 | K18: =+I18/J18-1 -> #DIV/0!
A19: =+A20-7 -> 38771 | D19: =+D18 -> US total | E19: 8934.8 | G19: 23339.1 | I19: =+E19+G19 -> 32273.9 | K19: =+I19/J19-1 -> #DIV/0!
A20: =+A21-7 -> 38778 | D20: =+D19 -> US total | E20: 9246.3 | G20: 24440.9 | I20: =+E20+G20 -> 33687.2 | K20: =+I20/J20-1 -> #DIV/0!
A21: =+A22-7 -> 38785 | D21: =+D20 -> US total | E21: 9442.6 | G21: 25213.1 | I21: =+E21+G21 -> 34655.7 | K21: =+I21/J21-1 -> #DIV/0!
A22: =+A23-7 -> 38792 | D22: =+D21 -> US total | E22: 9141.4 | G22: 26425.7 | I22: =+E22+G22 -> 35567.1 | K22: =+I22/J22-1 -> #DIV/0!
A23: =+A24-7 -> 38799 | D23: =+D22 -> US total | E23: 9285 | G23: 27320.9 | I23: =+E23+G23 -> 36605.9 | K23: =+I23/J23-1 -> #DIV/0!
A24: =+A25-7 -> 38806 | D24: =+D23 -> US total | E24: 8754.8 | G24: 28510.5 | I24: =+E24+G24 -> 37265.3 | K24: =+I24/J24-1 -> #DIV/0!
A25: =+A26-7 -> 38813 | D25: =+D24 -> US total | E25: 8687.4 | F25: 7576.2 | G25: 29392.6 | H25: 27325.8 | I25: =+E25+G25 -> 38080 | J25: =+F25+H25 -> 34902 | K25: =+(I25/J25-1)*100 -> 9.1054954 | Q25: =+I25-I24 -> 814.7
A26: =+A27-7 -> 38820 | D26: =+D25 -> US total | E26: 8888.4 | F26: 7394 | G26: 30294.7 | H26: 28176.5 | I26: =+E26+G26 -> 39183.1 | J26: =+F26+H26 -> 35570.5 | K26: =+(I26/J26-1)*100 -> 10.156169 | P26: =+I26/I25-1 -> 0.028967962 | Q26: =+I26-I25 -> 1103.1
A27: =+A28-7 -> 38827 | D27: =+D26 -> US total | E27: 8475.4 | G27: 31477.3 | I27: =+E27+G27 -> 39952.7 | J27: =+F27+H27 -> 0 | K27: =+(I27/J27-1)*100 -> #DIV/0! | P27: =+I27/I26-1 -> 0.019641121 | Q27: =+I27-I26 -> 769.6
A28: =+A29-7 -> 38834 | D28: =+D27 -> US total | E28: 8702.5 | F28: 6565.8 | G28: 32532.4 | H28: 30120.7 | I28: =+E28+G28 -> 41234.9 | J28: =+F28+H28 -> 36686.5 | K28: =+(I28/J28-1)*100 -> 12.398021 | P28: =+I28/I27-1 -> 0.03209295 | Q28: =+I28-I27 -> 1282.2
A29: =+A30-7 -> 38841 | D29: =+D28 -> US total | E29: 8702.9 | F29: 7097.5 | G29: 33637.1 | H29: 30978.6 | I29: =+E29+G29 -> 42340 | J29: =+F29+H29 -> 38076.1 | K29: =+(I29/J29-1)*100 -> 11.198363 | L29: =+(I29/I28-1)*100 -> 2.6800113 | P29: =+I29/I28-1 -> 0.026800113 | Q29: =+I29-I28 -> 1105.1
A30: =+A31-7 -> 38848 | D30: =+D29 -> US total | E30: 9156.9 | G30: 34723 | I30: =+E30+G30 -> 43879.9 | J30: =+F30+H30 -> 0 | K30: =+(I30/J30-1)*100 -> #DIV/0! | P30: =+I30/I29-1 -> 0.036369863 | Q30: =+I30-I29 -> 1539.9
A31: =+A32-7 -> 38855 | D31: =+D30 -> US total | E31: 8815.5 | F31: 6734 | G31: 36200.8 | H31: 32746.5 | I31: =+E31+G31 -> 45016.3 | J31: =+F31+H31 -> 39480.5 | K31: =+(I31/J31-1)*100 -> 14.021606 | L31: 636.9 | P31: =+I31/I30-1 -> 0.025897962 | Q31: =+I31-I30 -> 1136.4
A32: =+A33-7 -> 38862 | D32: =+D31 -> US total | E32: 8717.4 | F32: 6668.4 | G32: 37454.9 | H32: 33556.6 | I32: =+E32+G32 -> 46172.3 | J32: =+F32+H32 -> 40225 | K32: =+(I32/J32-1)*100 -> 14.785084 | L32: 715 | O32: 270 | P32: =+I32/I31-1 -> 0.025679587 | Q32: =+I32-I31 -> 1156
A33: =+A34-7 -> 38869 | D33: =+D32 -> US total | E33: 8420.4 | F33: 6385.7 | G33: 38619.2 | H33: 34400.8 | I33: =+E33+G33 -> 47039.6 | J33: =+F33+H33 -> 40786.5 | K33: =+(I33/J33-1)*100 -> 15.331298 | L33: 762.4 | P33: =+I33/I32-1 -> 0.01878399 | Q33: =+I33-I32 -> 867.3
A34: =+A35-7 -> 38876 | D34: =+D33 -> US total | E34: 8745.9 | F34: 6208.2 | G34: 39758.4 | H34: 35212.1 | I34: =+E34+G34 -> 48504.3 | J34: =+F34+H34 -> 41420.3 | K34: =+(I34/J34-1)*100 -> 17.102725 | L34: 836.8 | P34: =+I34/I33-1 -> 0.031137595 | Q34: =+I34-I33 -> 1464.7
A35: =+A36-7 -> 38883 | D35: =+D34 -> US total | E35: 9037.3 | F35: 5649.6 | G35: 41042.2 | H35: 36278.8 | I35: =+E35+G35 -> 50079.5 | J35: =+F35+H35 -> 41928.4 | K35: =+(I35/J35-1)*100 -> 19.440522 | L35: 1077.4 | O35: 420.2 | P35: =+I35/I34-1 -> 0.032475471 | Q35: =+I35-I34 -> 1575.2
A36: =+A37-7 -> 38890 | D36: =+D35 -> US total | E36: 9213.5 | F36: 5808.6 | G36: 42219.8 | H36: 37336.4 | I36: =+E36+G36 -> 51433.3 | J36: =+F36+H36 -> 43145 | K36: =+(I36/J36-1)*100 -> 19.210337 | L36: 1751.2 | O36: 542.1 | P36: =+I36/I35-1 -> 0.027033018 | Q36: =+I36-I35 -> 1353.8 | R36: 52710
A37: =+A38-7 -> 38897 | D37: =+D36 -> US total | E37: 8999.8 | F37: 5977.4 | G37: 43249.2 | H37: 38109.7 | I37: =+E37+G37 -> 52249 | J37: =+F37+H37 -> 44087.1 | K37: =+(I37/J37-1)*100 -> 18.513125 | L37: 2210.5 | O37: 569.6 | P37: =+I37/I36-1 -> 0.015859375 | Q37: =+I37-I36 -> 815.7
A38: =+A39-7 -> 38904 | D38: =+D37 -> US total | E38: 8655.6 | F38: 5724.8 | G38: 44156.6 | H38: 38685.3 | I38: =+E38+G38 -> 52812.2 | J38: =+F38+H38 -> 44410.1 | K38: =+(I38/J38-1)*100 -> 18.919345 | L38: 2289.9 | O38: 662.5 | P38: =+I38/I37-1 -> 0.010779154 | Q38: =+I38-I37 -> 563.2
A39: =+A40-7 -> 38911 | D39: =+D38 -> US total | E39: 7794 | F39: 5507.7 | G39: 45358.3 | H39: 39498.6 | I39: =+E39+G39 -> 53152.3 | J39: =+F39+H39 -> 45006.3 | K39: =+(I39/J39-1)*100 -> 18.099688 | L39: 2582.4 | O39: 925.3 | P39: =+I39/I38-1 -> 0.0064397999 | Q39: =+I39-I38 -> 340.1 | R39: 53340
A40: =+A41-7 -> 38918 | D40: =+D39 -> US total | E40: 7387.1 | F40: 5159.9 | G40: 46741 | H40: 40485 | I40: =+E40+G40 -> 54128.1 | J40: =+F40+H40 -> 45644.9 | K40: =+(I40/J40-1)*100 -> 18.585209 | L40: 2695.4 | O40: 926.3 | Q40: =+I40-I39 -> 975.8 | R40: 53340
A41: =+A42-7 -> 38925 | D41: =+D40 -> US total | E41: 7113.7 | F41: 4498.1 | G41: 47911.4 | H41: 41374.6 | I41: =+E41+G41 -> 55025.1 | J41: =+F41+H41 -> 45872.7 | K41: =+(I41/J41-1)*100 -> 19.951736 | L41: 3397.3 | Q41: =+I41-I40 -> 897
A42: =+A43-7 -> 38932 | D42: =+D41 -> US total | E42: 6961.4 | F42: 4608.6 | G42: 49226.2 | H42: 42337.3 | I42: =+E42+G42 -> 56187.6 | J42: =+F42+H42 -> 46945.9 | K42: =+(I42/J42-1)*100 -> 19.685851 | L42: 3953.2 | Q42: =+I42-I41 -> 1162.5 | V42: Unshipped Balance | X42: Accumulated Exports | Z42: Total Commitments | AE42: Net Seales | AF42: Net Shipped | AG42: Weeks
A43: =+A44-7 -> 38939 | D43: =+D42 -> US total | E43: 6305.9 | F43: 4329.7 | G43: 50450.2 | H43: 43081.3 | I43: =+E43+G43 -> 56756.1 | J43: =+F43+H43 -> 47411 | K43: =+(I43/J43-1)*100 -> 19.710827 | L43: 4983.3 | O43: 2768.3 | Q43: =+I43-I42 -> 568.5 | R43: 53340 | V43: Current | W43: Last | X43: Current | Y43: Last | Z43: Current | AA43: Last
A44: =+A45-7 -> 38946 | D44: =+D43 -> US total | E44: 5304.9 | F44: 3798.7 | G44: 51632.3 | H44: 43931.1 | I44: =+E44+G44 -> 56937.2 | J44: =+F44+H44 -> 47729.8 | K44: =+(I44/J44-1)*100 -> 19.290674 | L44: 6538 | O44: 4118.1
A45: =+A46-7 -> 38953 | D45: =+D44 -> US total | E45: 3470.1 | F45: 2780.4 | G45: 53120.3 | H45: 44940.8 | I45: =+E45+G45 -> 56590.4 | J45: =+F45+H45 -> 47721.2 | K45: =+(I45/J45-1)*100 -> 18.58545 | L45: 8566 | O45: 5034.8 | U45: weekly pace | AC45: =AVERAGE(AE$48:AE55) -> 1138.75 | AF45: =AVERAGE(AF48:AF55) -> 1132.325
A46: =+A47-7 -> 38960 | D46: =+D45 -> US total | E46: 2454.2 | F46: 2247.2 | G46: 54353.6 | H46: 45414 | I46: =+E46+G46 -> 56807.8 | J46: =+F46+H46 -> 47661.2 | K46: =+(I46/J46-1)*100 -> 19.190872 | L46: 11934 | O46: 4.4 | R46: 54610 | S46: 2454.2 | T46: carryover from 2005/06
A47: =+A48-7 -> 38967 | D47: =+D46 -> US total | E47: 11500.7 | F47: 7985.8 | G47: 1103.2 | H47: 436 | I47: =+E47+G47 -> 12603.9 | J47: =+F47+H47 -> 8421.8 | K47: =+(I47/J47-1)*100 -> 49.65803 | M47: 1 | R47: 57150 | V47: 11500.7 | W47: 7985.8 | X47: 1103.2 | Y47: 436 | Z47: =+V47+X47 -> 12603.9 | AA47: =+W47+Y47 -> 8421.8 | AB47: =+(Z47/AA47-1)*100 -> 49.65803 | AG47: 1 | AL47: 57150
A48: =+A49-7 -> 38974 | D48: =+D47 -> US total | E48: 11138.2 | F48: 7817.6 | G48: 2478.4 | H48: 914.8 | I48: =+E48+G48 -> 13616.6 | J48: =+F48+H48 -> 8732.4 | K48: =+(I48/J48-1)*100 -> 55.931932 | L48: =+I48-I47 -> 1012.7 | M48: 2 | V48: 11138.2 | W48: 7817.6 | X48: 2478.4 | Y48: 914.8 | Z48: =+V48+X48 -> 13616.6 | AA48: =+W48+Y48 -> 8732.4 | AB48: =+(Z48/AA48-1)*100 -> 55.931932 | AE48: =+Z48-Z47 -> 1012.7 | AF48: =+X48-X47 -> 1375.2 | AG48: 2
A49: =+A50-7 -> 38981 | D49: =+D48 -> US total | E49: 10731.6 | F49: 7564.1 | G49: 3714.7 | H49: 2307 | I49: =+E49+G49 -> 14446.3 | J49: =+F49+H49 -> 9871.1 | K49: =+(I49/J49-1)*100 -> 46.349444 | L49: =+I49-I48 -> 829.7 | M49: 3 | V49: 10731.6 | W49: 7564.1 | X49: 3714.7 | Y49: 2307 | Z49: =+V49+X49 -> 14446.3 | AA49: =+W49+Y49 -> 9871.1 | AB49: =+(Z49/AA49-1)*100 -> 46.349444 | AE49: =+Z49-Z48 -> 829.7 | AF49: =+X49-X48 -> 1236.3 | AG49: 3
A50: =+A51-7 -> 38988 | D50: =+D49 -> US total | E50: 10706.6 | F50: 7735.2 | G50: 4897.9 | H50: 3088.5 | I50: =+E50+G50 -> 15604.5 | J50: =+F50+H50 -> 10823.7 | K50: =+(I50/J50-1)*100 -> 44.169739 | L50: =+I50-I49 -> 1158.2 | M50: 4 | V50: 10706.6 | W50: 7735.2 | X50: 4897.9 | Y50: 3088.5 | Z50: =+V50+X50 -> 15604.5 | AA50: =+W50+Y50 -> 10823.7 | AB50: =+(Z50/AA50-1)*100 -> 44.169739 | AE50: =+Z50-Z49 -> 1158.2 | AF50: =+X50-X49 -> 1183.2 | AG50: 4 | AN50: Weekly Sales pace needed in | AP50: Weekly Shipped
A51: =+A52-7 -> 38995 | D51: =+D50 -> US total | E51: 10893.3 | F51: 7645.1 | G51: 5998 | H51: 4106.3 | I51: =+E51+G51 -> 16891.3 | J51: =+F51+H51 -> 11751.4 | K51: =+(I51/J51-1)*100 -> 43.738618 | L51: =+I51-I50 -> 1286.8 | M51: 5 | V51: 10893.3 | W51: 7645.1 | X51: 5998 | Y51: 4106.3 | Z51: =+V51+X51 -> 16891.3 | AA51: =+W51+Y51 -> 11751.4 | AB51: =+(Z51/AA51-1)*100 -> 43.738618 | AE51: =+Z51-Z50 -> 1286.8 | AF51: =+X51-X50 -> 1100.1 | AG51: 5 | AI51: for graph | AN51: Projected | AP51: Projected
A52: =+A53-7 -> 39002 | D52: =+D51 -> US total | E52: 10625.6 | F52: 7379.6 | G52: 7086 | H52: 5335.4 | I52: =+E52+G52 -> 17711.6 | J52: =+F52+H52 -> 12715 | K52: =+(I52/J52-1)*100 -> 39.296893 | L52: =+I52-I51 -> 820.3 | M52: 6 | O52: 57150 | P52: =+O52-I52 -> 39438.4 | V52: 10625.6 | W52: 7379.6 | X52: 7086 | Y52: 5335.4 | Z52: =+V52+X52 -> 17711.6 | AA52: =+W52+Y52 -> 12715 | AB52: =+(Z52/AA52-1)*100 -> 39.296893 | AE52: =+Z52-Z51 -> 820.3 | AF52: =+X52-X51 -> 1088 | AG52: 6 | AH52: 57150 | AJ52: =+AH52-Z52 -> 39438.4 | AN52: Total Commitments | AP52: Total Accumulated
A53: =+A54-7 -> 39009 | D53: =+D52 -> US total | E53: 10871.5 | F53: 7149.9 | G53: 7886 | H53: 6283.6 | I53: =+E53+G53 -> 18757.5 | J53: =+F53+H53 -> 13433.5 | K53: =+(I53/J53-1)*100 -> 39.632263 | L53: =+I53-I52 -> 1045.9 | M53: 7 | O53: 57150 | P53: 2147 | Q53: 39.367857 | R53: =+P53/Q53 -> 54.536878 | V53: 10871.5 | W53: 7149.9 | X53: 7886 | Y53: 6283.6 | Z53: =+V53+X53 -> 18757.5 | AA53: =+W53+Y53 -> 13433.5 | AB53: =+(Z53/AA53-1)*100 -> 39.632263 | AE53: =+Z53-Z52 -> 1045.9 | AF53: =+X53-X52 -> 800 | AG53: 7 | AH53: 57150 | AJ53: 2147 | AK53: 39.367857 | AL53: =+AJ53/AK53 -> 54.536878
A54: =+A55-7 -> 39016 | D54: =+D53 -> US total | E54: 10796.9 | F54: 7353.7 | G54: 8987.8 | H54: 7297.9 | I54: =+E54+G54 -> 19784.7 | J54: =+F54+H54 -> 14651.6 | K54: =+(I54/J54-1)*100 -> 35.034399 | L54: =+I54-I53 -> 1027.2 | M54: 8 | O54: 57150 | P54: 2250 | Q54: 39.367857 | R54: =+P54/Q54 -> 57.153225 | V54: 10796.9 | W54: 7353.7 | X54: 8987.8 | Y54: 7297.9 | Z54: =+V54+X54 -> 19784.7 | AA54: =+W54+Y54 -> 14651.6 | AB54: =+(Z54/AA54-1)*100 -> 35.034399 | AE54: =+Z54-Z53 -> 1027.2 | AF54: =+X54-X53 -> 1101.8 | AG54: 8 | AH54: 57150 | AJ54: 2250 | AK54: 39.367857 | AL54: =+AJ54/AK54 -> 57.153225
A55: =+A56-7 -> 39023 | D55: =+D54 -> US total | E55: 11552.1 | F55: 7315 | G55: 10161.8 | H55: 8220.8 | I55: =+E55+G55 -> 21713.9 | J55: =+F55+H55 -> 15535.8 | K55: =+(I55/J55-1)*100 -> 39.766861 | L55: =+I55-I54 -> 1929.2 | M55: 9 | O55: 55880 | P55: 2200 | Q55: 39.367857 | R55: =+P55/Q55 -> 55.883154 | V55: 11552.1 | W55: 7315 | X55: 10161.8 | Y55: 8220.8 | Z55: =+V55+X55 -> 21713.9 | AA55: =+W55+Y55 -> 15535.8 | AB55: =+(Z55/AA55-1)*100 -> 39.766861 | AE55: =+Z55-Z54 -> 1929.2 | AF55: =+X55-X54 -> 1174 | AG55: 9 | AH55: 55880 | AJ55: 2200 | AK55: 39.367857 | AL55: =+AJ55/AK55 -> 55.883154 | AN55: =(AH$55-Z55)/(52-AG55) -> 794.56047 | AP55: =(AH$55-X55)/(52-AG55) -> 1063.214
A56: =+A57-7 -> 39030 | D56: =+D55 -> US total | E56: 11943.8 | F56: 7748.1 | G56: 11165.7 | H56: 9281.9 | I56: =+E56+G56 -> 23109.5 | J56: =+F56+H56 -> 17030 | K56: =+(I56/J56-1)*100 -> 35.698767 | L56: =+I56-I55 -> 1395.6 | M56: 10 | O56: 55880 | V56: 11943.8 | W56: 7748.1 | X56: 11165.7 | Y56: 9281.9 | Z56: =+V56+X56 -> 23109.5 | AA56: =+W56+Y56 -> 17030 | AE56: =+Z56-Z55 -> 1395.6 | AF56: =+X56-X55 -> 1003.9 | AG56: =+AG55+1 -> 10 | AH56: 55880 | AI56: =+AO56 -> 22508.46 | AN56: =(AH$55-AO56)/(52-AG56) -> 794.56047 | AO56: =+AN55+Z55 -> 22508.46 | AP56: =(AH$55-AQ56)/(52-AG56) -> 1063.214 | AQ56: =+AP55+X55 -> 11225.014
A57: =+A58-7 -> 39037 | D57: =+D56 -> US total | E57: 11765.1 | F57: 7813.5 | G57: 12386.6 | H57: 10249.2 | I57: =+E57+G57 -> 24151.7 | J57: =+F57+H57 -> 18062.7 | K57: =+(I57/J57-1)*100 -> 33.710353 | L57: =+I57-I56 -> 1042.2 | M57: 11 | V57: 10251.3 | X57: 18064.8 | Z57: =+V57+X57 -> 28316.1 | AE57: =+AN56 -> 794.56047 | AG57: =+AG56+1 -> 11 | AI57: =+AO57 -> 23303.021 | AN57: =(AH$55-AO57)/(52-AG57) -> 794.56047 | AO57: =+AO56+AN56 -> 23303.021 | AP57: =(AH$55-AQ57)/(52-AG57) -> 1063.214 | AQ57: =+AQ56+AP56 -> 12288.228
A58: =+A59-7 -> 39044 | D58: =+D57 -> US total | E58: 11889 | F58: 7759.2 | G58: 13283.9 | H58: 10915.3 | I58: =+E58+G58 -> 25172.9 | J58: =+F58+H58 -> 18674.5 | K58: =+(I58/J58-1)*100 -> 34.798254 | L58: =+I58-I57 -> 1021.2 | M58: 12 | V58: 10917.4 | X58: 18676.6 | Z58: =+V58+X58 -> 29594 | AE58: =+AN57 -> 794.56047 | AG58: =+AG57+1 -> 12 | AI58: =+AO58 -> 24097.581 | AN58: =(AH$55-AO58)/(52-AG58) -> 794.56047 | AO58: =+AO57+AN57 -> 24097.581 | AP58: =(AH$55-AQ58)/(52-AG58) -> 1063.214 | AQ58: =+AQ57+AP57 -> 13351.442
A59: =+A60-7 -> 39051 | D59: =+D58 -> US total | E59: 11329.3 | F59: 7432.4 | G59: 14656.3 | H59: 11936.4 | I59: =+E59+G59 -> 25985.6 | J59: =+F59+H59 -> 19368.8 | K59: =+(I59/J59-1)*100 -> 34.162158 | L59: =+I59-I58 -> 812.7 | M59: 13 | O59: =+O56-I59 -> 29894.4 | V59: 11938.5 | X59: 19370.9 | Z59: =+V59+X59 -> 31309.4 | AE59: =+AN58 -> 794.56047 | AG59: =+AG58+1 -> 13 | AI59: =+AO59 -> 24892.142 | AN59: =(AH$55-AO59)/(52-AG59) -> 794.56047 | AO59: =+AO58+AN58 -> 24892.142 | AP59: =(AH$55-AQ59)/(52-AG59) -> 1063.214 | AQ59: =+AQ58+AP58 -> 14414.656
A60: =+A61-7 -> 39058 | D60: =+D59 -> US total | E60: 11493 | F60: 7334.4 | G60: 15892.9 | H60: 12950.5 | I60: =+E60+G60 -> 27385.9 | J60: =+F60+H60 -> 20284.9 | K60: =+(I60/J60-1)*100 -> 35.006335 | L60: =+I60-I59 -> 1400.3 | M60: 14 | O60: =+I59/O56 -> 0.46502505 | V60: 12957.1 | X60: 20291.5 | Z60: =+V60+X60 -> 33248.6 | AE60: =+AN59 -> 794.56047 | AG60: =+AG59+1 -> 14 | AI60: =+AO60 -> 25686.702 | AN60: =(AH$55-AO60)/(52-AG60) -> 794.56047 | AO60: =+AO59+AN59 -> 25686.702 | AP60: =(AH$55-AQ60)/(52-AG60) -> 1063.214 | AQ60: =+AQ59+AP59 -> 15477.87
A61: =+A62-7 -> 39065 | D61: =+D60 -> US total | E61: 11854.8 | F61: 7037.3 | G61: 16796 | H61: 14130.4 | I61: =+E61+G61 -> 28650.8 | J61: =+F61+H61 -> 21167.7 | K61: =+(I61/J61-1)*100 -> 35.351503 | L61: =+I61-I60 -> 1264.9 | M61: 15 | V61: 14137.5 | X61: 21174.8 | Z61: =+V61+X61 -> 35312.3 | AE61: =+AN60 -> 794.56047 | AG61: =+AG60+1 -> 15 | AI61: =+AO61 -> 26481.263 | AN61: =(AH$55-AO61)/(52-AG61) -> 794.56047 | AO61: =+AO60+AN60 -> 26481.263 | AP61: =(AH$55-AQ61)/(52-AG61) -> 1063.214 | AQ61: =+AQ60+AP60 -> 16541.084
A62: =+A63-7 -> 39072 | D62: =+D61 -> US total | E62: 11890.1 | F62: 6618.9 | G62: 17911 | H62: 14891.3 | I62: =+E62+G62 -> 29801.1 | J62: =+F62+H62 -> 21510.2 | K62: =+(I62/J62-1)*100 -> 38.54404 | L62: =+I62-I61 -> 1150.3 | M62: 16 | V62: 14916.1 | X62: 21535 | Z62: =+V62+X62 -> 36451.1 | AE62: =+AN61 -> 794.56047 | AG62: =+AG61+1 -> 16 | AI62: =+AO62 -> 27275.823 | AN62: =(AH$55-AO62)/(52-AG62) -> 794.56047 | AO62: =+AO61+AN61 -> 27275.823 | AP62: =(AH$55-AQ62)/(52-AG62) -> 1063.214 | AQ62: =+AQ61+AP61 -> 17604.298
A63: =+A64-7 -> 39079 | D63: =+D62 -> US total | E63: 11503.1 | F63: 5991.3 | G63: 18871.5 | H63: 15978.4 | I63: =+E63+G63 -> 30374.6 | J63: =+F63+H63 -> 21969.7 | K63: =+(I63/J63-1)*100 -> 38.256781 | L63: =+I63-I62 -> 573.5 | M63: 17 | V63: 16072.6 | X63: 22063.9 | Z63: =+V63+X63 -> 38136.5 | AE63: =+AN62 -> 794.56047 | AG63: =+AG62+1 -> 17 | AI63: =+AO63 -> 28070.384 | AN63: =(AH$55-AO63)/(52-AG63) -> 794.56047 | AO63: =+AO62+AN62 -> 28070.384 | AP63: =(AH$55-AQ63)/(52-AG63) -> 1063.214 | AQ63: =+AQ62+AP62 -> 18667.512
A64: =+A65-7 -> 39086 | D64: =+D63 -> US total | E64: 11827.1 | F64: 5905.2 | G64: 19724.4 | H64: 16695.7 | I64: =+E64+G64 -> 31551.5 | J64: =+F64+H64 -> 22600.9 | K64: =+(I64/J64-1)*100 -> 39.602848 | L64: =+I64-I63 -> 1176.9 | M64: 18 | V64: 16731.1 | X64: 22636.3 | Z64: =+V64+X64 -> 39367.4 | AE64: =+AN63 -> 794.56047 | AG64: =+AG63+1 -> 18 | AI64: =+AO64 -> 28864.944 | AN64: =(AH$55-AO64)/(52-AG64) -> 794.56047 | AO64: =+AO63+AN63 -> 28864.944 | AP64: =(AH$55-AQ64)/(52-AG64) -> 1063.214 | AQ64: =+AQ63+AP63 -> 19730.726
A65: =+A66-7 -> 39093 | D65: =+D64 -> US total | E65: 12245.8 | F65: 6184.1 | G65: 20731.1 | H65: 17639.1 | I65: =+E65+G65 -> 32976.9 | J65: =+F65+H65 -> 23823.2 | K65: =+(I65/J65-1)*100 -> 38.42347 | L65: =+I65-I64 -> 1425.4 | M65: 19 | V65: 18582.6 | X65: 25998.3 | Z65: =+V65+X65 -> 44580.9 | AE65: =+AN64 -> 794.56047 | AG65: =+AG64+1 -> 19 | AI65: =+AO65 -> 29659.505 | AN65: =(AH$55-AO65)/(52-AG65) -> 794.56047 | AO65: =+AO64+AN64 -> 29659.505 | AP65: =(AH$55-AQ65)/(52-AG65) -> 1063.214 | AQ65: =+AQ64+AP64 -> 20793.94
A66: =+A67-7 -> 39100 | D66: =+D65 -> US total | E66: 12204.2 | F66: 7415.7 | G66: 21764 | H66: 18564.9 | I66: =+E66+G66 -> 33968.2 | J66: =+F66+H66 -> 25980.6 | K66: =+(I66/J66-1)*100 -> 30.744479 | L66: =+I66-I65 -> 991.3 | M66: 20 | V66: 19502.3 | X66: 27360.7 | AE66: =+AN65 -> 794.56047 | AG66: =+AG65+1 -> 20 | AI66: =+AO66 -> 30454.065 | AN66: =(AH$55-AO66)/(52-AG66) -> 794.56047 | AO66: =+AO65+AN65 -> 30454.065 | AP66: =(AH$55-AQ66)/(52-AG66) -> 1063.214 | AQ66: =+AQ65+AP65 -> 21857.153
A67: =+A68-7 -> 39107 | D67: =+D66 -> US total | E67: 11799.6 | F67: 7858.4 | G67: 22957.2 | H67: 19500.1 | I67: =+E67+G67 -> 34756.8 | J67: =+F67+H67 -> 27358.5 | K67: =+(I67/J67-1)*100 -> 27.042053 | L67: =+I67-I66 -> 788.6 | M67: 21 | V67: 20517.6 | X67: 28972.6 | AE67: =+AN66 -> 794.56047 | AG67: =+AG66+1 -> 21 | AI67: =+AO67 -> 31248.626 | AN67: =(AH$55-AO67)/(52-AG67) -> 794.56047 | AO67: =+AO66+AN66 -> 31248.626 | AP67: =(AH$55-AQ67)/(52-AG67) -> 1063.214 | AQ67: =+AQ66+AP66 -> 22920.367
A68: =+A69-7 -> 39114 | D68: =+D67 -> US total | E68: 11687.2 | F68: 8455 | G68: 23987 | H68: 20517.6 | I68: =+E68+G68 -> 35674.2 | J68: =+F68+H68 -> 28972.6 | K68: =+(I68/J68-1)*100 -> 23.13082 | L68: =+I68-I67 -> 917.4 | M68: =+M67+1 -> 22 | V68: 21340.4 | X68: 30169.8 | AE68: =+AN67 -> 794.56047 | AG68: =+AG67+1 -> 22 | AI68: =+AO68 -> 32043.186 | AN68: =(AH$55-AO68)/(52-AG68) -> 794.56047 | AO68: =+AO67+AN67 -> 32043.186 | AP68: =(AH$55-AQ68)/(52-AG68) -> 1063.214 | AQ68: =+AQ67+AP67 -> 23983.581
A69: =+A70-7 -> 39121 | D69: =+D68 -> US total | E69: 12076.9 | F69: 8829.4 | G69: 24983.6 | H69: 21340.4 | I69: =+E69+G69 -> 37060.5 | J69: =+F69+H69 -> 30169.8 | K69: =+(I69/J69-1)*100 -> 22.839727 | L69: =+I69-I68 -> 1386.3 | M69: =+M68+1 -> 23 | V69: 22379.6 | X69: 31660.4 | AE69: =+AN68 -> 794.56047 | AG69: =+AG68+1 -> 23 | AI69: =+AO69 -> 32837.747 | AN69: =(AH$55-AO69)/(52-AG69) -> 794.56047 | AO69: =+AO68+AN68 -> 32837.747 | AP69: =(AH$55-AQ69)/(52-AG69) -> 1063.214 | AQ69: =+AQ68+AP68 -> 25046.795
A70: =+A71-7 -> 39128 | D70: =+D69 -> US total | E70: 11657.4 | F70: 9280.8 | G70: 26214.1 | H70: 22372.1 | I70: =+E70+G70 -> 37871.5 | J70: =+F70+H70 -> 31652.9 | K70: =+(I70/J70-1)*100 -> 19.646225 | L70: =+I70-I69 -> 811 | M70: =+M69+1 -> 24 | V70: 23339.1 | X70: 32273.9 | AE70: =+AN69 -> 794.56047 | AG70: =+AG69+1 -> 24 | AI70: =+AO70 -> 33632.307 | AN70: =(AH$55-AO70)/(52-AG70) -> 794.56047 | AO70: =+AO69+AN69 -> 33632.307 | AP70: =(AH$55-AQ70)/(52-AG70) -> 1063.214 | AQ70: =+AQ69+AP69 -> 26110.009
A71: =+A72-7 -> 39135 | D71: =+D70 -> US total | E71: 11083.8 | F71: 8934.8 | G71: 27105.8 | H71: 23324.7 | I71: =+E71+G71 -> 38189.6 | J71: =+F71+H71 -> 32259.5 | K71: =+(I71/J71-1)*100 -> 18.382492 | L71: =+I71-I70 -> 318.1 | M71: =+M70+1 -> 25 | V71: 24440.9 | X71: 33687.2 | AE71: =+AN70 -> 794.56047 | AG71: =+AG70+1 -> 25 | AI71: =+AO71 -> 34426.867 | AN71: =(AH$55-AO71)/(52-AG71) -> 794.56047 | AO71: =+AO70+AN70 -> 34426.867 | AP71: =(AH$55-AQ71)/(52-AG71) -> 1063.214 | AQ71: =+AQ70+AP70 -> 27173.223
A72: =+A73-7 -> 39142 | D72: =+D71 -> US total | E72: 10730.9 | F72: 9246.3 | G72: 28647 | H72: 24376 | I72: =+E72+G72 -> 39377.9 | J72: =+F72+H72 -> 33622.3 | K72: =+(I72/J72-1)*100 -> 17.118401 | L72: =+I72-I71 -> 1188.3 | M72: =+M71+1 -> 26 | V72: 25213.1 | X72: 34655.7 | AE72: =+AN71 -> 794.56047 | AG72: =+AG71+1 -> 26 | AI72: =+AO72 -> 35221.428 | AN72: =(AH$55-AO72)/(52-AG72) -> 794.56047 | AO72: =+AO71+AN71 -> 35221.428 | AP72: =(AH$55-AQ72)/(52-AG72) -> 1063.214 | AQ72: =+AQ71+AP71 -> 28236.437
A73: =+A74-7 -> 39149 | D73: =+D72 -> US total | E73: 10329.7 | F73: 9442.6 | G73: 29682.2 | H73: 25209.7 | I73: =+E73+G73 -> 40011.9 | J73: =+F73+H73 -> 34652.3 | K73: =+(I73/J73-1)*100 -> 15.466794 | L73: =+I73-I72 -> 634 | M73: =+M72+1 -> 27 | V73: 26425.7 | X73: 35567.1 | AE73: =+AN72 -> 794.56047 | AG73: =+AG72+1 -> 27 | AI73: =+AO73 -> 36015.988 | AN73: =(AH$55-AO73)/(52-AG73) -> 794.56047 | AO73: =+AO72+AN72 -> 36015.988 | AP73: =(AH$55-AQ73)/(52-AG73) -> 1063.214 | AQ73: =+AQ72+AP72 -> 29299.651
A74: =+A75-7 -> 39156 | D74: =+D73 -> US total | E74: 10065.6 | F74: 9141.4 | G74: 30587.2 | H74: 26413.8 | I74: =+E74+G74 -> 40652.8 | J74: =+F74+H74 -> 35555.2 | K74: =+(I74/J74-1)*100 -> 14.337143 | L74: =+I74-I73 -> 640.9 | M74: =+M73+1 -> 28 | O74: =AVERAGE(L70:L73) -> 737.85 | V74: 27320.9 | X74: 36605.9 | AE74: =+AN73 -> 794.56047 | AG74: =+AG73+1 -> 28 | AI74: =+AO74 -> 36810.549 | AN74: =(AH$55-AO74)/(52-AG74) -> 794.56047 | AO74: =+AO73+AN73 -> 36810.549 | AP74: =(AH$55-AQ74)/(52-AG74) -> 1063.214 | AQ74: =+AQ73+AP73 -> 30362.865
A75: =+A76-7 -> 39163 | D75: =+D74 -> US total | E75: 10042.6 | F75: 9285 | G75: 31733.7 | H75: 27309.1 | I75: =+E75+G75 -> 41776.3 | J75: =+F75+H75 -> 36594.1 | K75: =+(I75/J75-1)*100 -> 14.161299 | L75: =+I75-I74 -> 1123.5 | M75: =+M74+1 -> 29 | O75: =AVERAGE(L71:L74) -> 695.325 | P75: =+L75/O75 -> 1.6157912 | V75: 28510.5 | X75: 37265.3 | AE75: =+AN74 -> 794.56047 | AG75: =+AG74+1 -> 29 | AI75: =+AO75 -> 37605.109 | AN75: =(AH$55-AO75)/(52-AG75) -> 794.56047 | AO75: =+AO74+AN74 -> 37605.109 | AP75: =(AH$55-AQ75)/(52-AG75) -> 1063.214 | AQ75: =+AQ74+AP74 -> 31426.079
A76: =+A77-7 -> 39170 | D76: =+D75 -> US total | E76: 9655.9 | F76: 8754.8 | G76: 32670 | H76: 28498.6 | I76: =+E76+G76 -> 42325.9 | J76: =+F76+H76 -> 37253.4 | K76: =+(I76/J76-1)*100 -> 13.616207 | L76: =+I76-I75 -> 549.6 | M76: =+M75+1 -> 30 | O76: =AVERAGE(L72:L75) -> 896.675 | P76: =+L76/O76 -> 0.61293111 | V76: 29392.6 | X76: 38080 | AE76: =+AN75 -> 794.56047 | AG76: =+AG75+1 -> 30 | AI76: =+AO76 -> 38399.67 | AN76: =(AH$55-AO76)/(52-AG76) -> 794.56047 | AO76: =+AO75+AN75 -> 38399.67 | AP76: =(AH$55-AQ76)/(52-AG76) -> 1063.214 | AQ76: =+AQ75+AP75 -> 32489.293
A77: =+A78-7 -> 39177 | D77: =+D76 -> US total | E77: 10246.5 | F77: 8687.4 | G77: 33405 | H77: 29380.7 | I77: =+E77+G77 -> 43651.5 | J77: =+F77+H77 -> 38068.1 | K77: =+(I77/J77-1)*100 -> 14.666873 | L77: =+I77-I76 -> 1325.6 | M77: =+M76+1 -> 31 | O77: =AVERAGE(L73:L76) -> 737 | P77: =+L77/O77 -> 1.7986431 | V77: 30294.7 | X77: 39183.1 | AE77: =+AN76 -> 794.56047 | AG77: =+AG76+1 -> 31 | AI77: =+AO77 -> 39194.23 | AN77: =(AH$55-AO77)/(52-AG77) -> 794.56047 | AO77: =+AO76+AN76 -> 39194.23 | AP77: =(AH$55-AQ77)/(52-AG77) -> 1063.214 | AQ77: =+AQ76+AP76 -> 33552.507
A78: =+A79-7 -> 39184 | D78: =+D77 -> US total | E78: 10152.3 | F78: 8888.4 | G78: 34302.4 | H78: 30282.2 | I78: =+E78+G78 -> 44454.7 | J78: =+F78+H78 -> 39170.6 | K78: =+(I78/J78-1)*100 -> 13.489964 | L78: =+I78-I77 -> 803.2 | M78: =+M77+1 -> 32 | O78: =AVERAGE(L74:L77) -> 909.9 | P78: =+L78/O78 -> 0.88273437 | V78: 31477.3 | X78: 39952.7 | AE78: =+AN77 -> 794.56047 | AG78: =+AG77+1 -> 32 | AI78: =+AO78 -> 39988.791 | AN78: =(AH$55-AO78)/(52-AG78) -> 794.56047 | AO78: =+AO77+AN77 -> 39988.791 | AP78: =(AH$55-AQ78)/(52-AG78) -> 1063.214 | AQ78: =+AQ77+AP77 -> 34615.721
A79: =+A80-7 -> 39191 | D79: =+D78 -> US total | E79: 10350.4 | F79: 8475.4 | G79: 35209.9 | H79: 31477.7 | I79: =+E79+G79 -> 45560.3 | J79: =+F79+H79 -> 39953.1 | K79: =+(I79/J79-1)*100 -> 14.034455 | L79: =+I79-I78 -> 1105.6 | M79: =+M78+1 -> 33 | O79: =AVERAGE(L75:L78) -> 950.475 | P79: =+L79/O79 -> 1.1632079 | V79: 32532.4 | X79: 41234.9 | AE79: =+AN78 -> 794.56047 | AG79: =+AG78+1 -> 33 | AI79: =+AO79 -> 40783.351 | AN79: =(AH$55-AO79)/(52-AG79) -> 794.56047 | AO79: =+AO78+AN78 -> 40783.351 | AP79: =(AH$55-AQ79)/(52-AG79) -> 1063.214 | AQ79: =+AQ78+AP78 -> 35678.935
A80: =+A81-7 -> 39198 | D80: =+D79 -> US total | E80: 9879.7 | F80: 8702.5 | G80: 36295.6 | H80: 32532.8 | I80: =+E80+G80 -> 46175.3 | J80: =+F80+H80 -> 41235.3 | K80: =+(I80/J80-1)*100 -> 11.980027 | L80: =+I80-I79 -> 615 | M80: =+M79+1 -> 34 | O80: =AVERAGE(L76:L79) -> 946 | P80: =+L80/O80 -> 0.65010571 | Q80: 2007/08 | V80: 33637.1 | X80: 42340 | AE80: =+AN79 -> 794.56047 | AG80: =+AG79+1 -> 34 | AI80: =+AO80 -> 41577.912 | AN80: =(AH$55-AO80)/(52-AG80) -> 794.56047 | AO80: =+AO79+AN79 -> 41577.912 | AP80: =(AH$55-AQ80)/(52-AG80) -> 1063.214 | AQ80: =+AQ79+AP79 -> 36742.149
A81: =+A82-7 -> 39205 | D81: =+D80 -> US total | E81: 9467.7 | F81: 8702.9 | G81: 37161.7 | H81: 33637.5 | I81: =+E81+G81 -> 46629.4 | J81: =+F81+H81 -> 42340.4 | K81: =+(I81/J81-1)*100 -> 10.129805 | L81: =+I81-I80 -> 454.1 | M81: =+M80+1 -> 35 | O81: =AVERAGE(L77:L80) -> 962.35 | P81: =+L81/O81 -> 0.47186575 | Q81: 1653.8 | V81: 34723 | X81: 43879.9 | AE81: =+AN80 -> 794.56047 | AG81: =+AG80+1 -> 35 | AI81: =+AO81 -> 42372.472 | AN81: =(AH$55-AO81)/(52-AG81) -> 794.56047 | AO81: =+AO80+AN80 -> 42372.472 | AP81: =(AH$55-AQ81)/(52-AG81) -> 1063.214 | AQ81: =+AQ80+AP80 -> 37805.363
A82: =+A83-7 -> 39212 | D82: =+D81 -> US total | E82: 9834.8 | F82: 9156.9 | G82: 38308.5 | H82: 34723.4 | I82: =+E82+G82 -> 48143.3 | J82: =+F82+H82 -> 43880.3 | K82: =+(I82/J82-1)*100 -> 9.7150658 | L82: =+I82-I81 -> 1513.9 | M82: =+M81+1 -> 36 | O82: =AVERAGE(L78:L81) -> 744.475 | P82: =+L82/O82 -> 2.0335135 | Q82: 2001.8 | V82: 36200.8 | X82: 45016.3 | AE82: =+AN81 -> 794.56047 | AG82: =+AG81+1 -> 36 | AI82: =+AO82 -> 43167.033 | AN82: =(AH$55-AO82)/(52-AG82) -> 794.56047 | AO82: =+AO81+AN81 -> 43167.033 | AP82: =(AH$55-AQ82)/(52-AG82) -> 1063.214 | AQ82: =+AQ81+AP81 -> 38868.577
A83: =+A84-7 -> 39219 | D83: =+D82 -> US total | E83: 9682.1 | F83: 8815.5 | G83: 39119.4 | H83: 36201.2 | I83: =+E83+G83 -> 48801.5 | J83: =+F83+H83 -> 45016.7 | K83: =+(I83/J83-1)*100 -> 8.4075465 | L83: =+I83-I82 -> 658.2 | M83: =+M82+1 -> 37 | O83: =AVERAGE(L79:L82) -> 922.15 | P83: =+L83/O83 -> 0.71376674 | Q83: 2414.9 | V83: 37454.9 | X83: 46172.3 | AE83: =+AN82 -> 794.56047 | AG83: =+AG82+1 -> 37 | AI83: =+AO83 -> 43961.593 | AN83: =(AH$55-AO83)/(52-AG83) -> 794.56047 | AO83: =+AO82+AN82 -> 43961.593 | AP83: =(AH$55-AQ83)/(52-AG83) -> 1063.214 | AQ83: =+AQ82+AP82 -> 39931.791
A84: =+A85-7 -> 39226 | D84: =+D83 -> US total | E84: 9268.2 | F84: 8717.4 | G84: 40209.4 | H84: 37455.4 | I84: =+E84+G84 -> 49477.6 | J84: =+F84+H84 -> 46172.8 | K84: =+(I84/J84-1)*100 -> 7.1574607 | L84: =+I84-I83 -> 676.1 | M84: =+M83+1 -> 38 | O84: =AVERAGE(L80:L83) -> 810.3 | P84: =+L84/O84 -> 0.83438233 | Q84: 3104.4 | V84: 38619.2 | X84: 47039.6 | AE84: =+AN83 -> 794.56047 | AG84: =+AG83+1 -> 38 | AI84: =+AO84 -> 44756.153 | AN84: =(AH$55-AO84)/(52-AG84) -> 794.56047 | AO84: =+AO83+AN83 -> 44756.153 | AP84: =(AH$55-AQ84)/(52-AG84) -> 1063.214 | AQ84: =+AQ83+AP83 -> 40995.005
A85: =+A86-7 -> 39233 | D85: =+D84 -> US total | E85: 8642.3 | F85: 8420.4 | G85: 41211.1 | H85: 38619.6 | I85: =+E85+G85 -> 49853.4 | J85: =+F85+H85 -> 47040 | K85: =+(I85/J85-1)*100 -> 5.9808673 | L85: =+I85-I84 -> 375.8 | M85: =+M84+1 -> 39 | O85: =AVERAGE(L81:L84) -> 825.575 | P85: =+L85/O85 -> 0.45519789 | Q85: 3297.8 | V85: 39758.4 | X85: 48504.3 | AE85: =+AN84 -> 794.56047 | AG85: =+AG84+1 -> 39 | AI85: =+AO85 -> 45550.714 | AN85: =(AH$55-AO85)/(52-AG85) -> 794.56047 | AO85: =+AO84+AN84 -> 45550.714 | AP85: =(AH$55-AQ85)/(52-AG85) -> 1063.214 | AQ85: =+AQ84+AP84 -> 42058.219
A86: =+A87-7 -> 39240 | D86: =+D85 -> US total | E86: 8343.1 | F86: 8745.9 | G86: 42042.2 | H86: 39758.8 | I86: =+E86+G86 -> 50385.3 | J86: =+F86+H86 -> 48504.7 | K86: =+(I86/J86-1)*100 -> 3.87715 | L86: =+I86-I85 -> 531.9 | M86: =+M85+1 -> 40 | O86: =AVERAGE(L82:L85) -> 806 | P86: =+L86/O86 -> 0.65992556 | Q86: 3352.6 | V86: 41042.2 | X86: 50079.5 | AE86: =+AN85 -> 794.56047 | AG86: =+AG85+1 -> 40 | AI86: =+AO86 -> 46345.274 | AN86: =(AH$55-AO86)/(52-AG86) -> 794.56047 | AO86: =+AO85+AN85 -> 46345.274 | AP86: =(AH$55-AQ86)/(52-AG86) -> 1063.214 | AQ86: =+AQ85+AP85 -> 43121.433
A87: =+A88-7 -> 39247 | D87: =+D86 -> US total | E87: 8273.7 | F87: 9037.3 | G87: 42933.2 | H87: 41042.6 | I87: =+E87+G87 -> 51206.9 | J87: =+F87+H87 -> 50079.9 | K87: =+(I87/J87-1)*100 -> 2.2504039 | L87: =+I87-I86 -> 821.6 | M87: =+M86+1 -> 41 | O87: =AVERAGE(L83:L86) -> 560.5 | P87: =+L87/O87 -> 1.4658341 | Q87: 3514.2 | V87: 42219.8 | X87: 51433.3 | AE87: =+AN86 -> 794.56047 | AG87: =+AG86+1 -> 41 | AI87: =+AO87 -> 47139.835 | AN87: =(AH$55-AO87)/(52-AG87) -> 794.56047 | AO87: =+AO86+AN86 -> 47139.835 | AP87: =(AH$55-AQ87)/(52-AG87) -> 1063.214 | AQ87: =+AQ86+AP86 -> 44184.647
A88: =+A89-7 -> 39254 | D88: =+D87 -> US total | E88: 8170.7 | F88: 9213.5 | G88: 43788.9 | H88: 42220.2 | I88: =+E88+G88 -> 51959.6 | J88: =+F88+H88 -> 51433.7 | K88: =+(I88/J88-1)*100 -> 1.0224814 | L88: =+I88-I87 -> 752.7 | M88: =+M87+1 -> 42 | O88: =AVERAGE(L84:L87) -> 601.35 | P88: =+L88/O88 -> 1.2516837 | Q88: 3740.3 | V88: 43249.2 | X88: 52249 | AE88: =+AN87 -> 794.56047 | AG88: =+AG87+1 -> 42 | AI88: =+AO88 -> 47934.395 | AN88: =(AH$55-AO88)/(52-AG88) -> 794.56047 | AO88: =+AO87+AN87 -> 47934.395 | AP88: =(AH$55-AQ88)/(52-AG88) -> 1063.214 | AQ88: =+AQ87+AP87 -> 45247.86
A89: =+A90-7 -> 39261 | D89: =+D88 -> US total | E89: 8377.6 | F89: 8999.8 | G89: 44649.8 | H89: 43223.2 | I89: =+E89+G89 -> 53027.4 | J89: =+F89+H89 -> 52223 | K89: =+(I89/J89-1)*100 -> 1.5403175 | L89: =+I89-I88 -> 1067.8 | M89: =+M88+1 -> 43 | O89: =AVERAGE(L85:L88) -> 620.5 | P89: =+L89/O89 -> 1.7208703 | Q89: 4626.3 | V89: 44156.6 | X89: 52812.2 | AE89: =+AN88 -> 794.56047 | AG89: =+AG88+1 -> 43 | AI89: =+AO89 -> 48728.956 | AN89: =(AH$55-AO89)/(52-AG89) -> 794.56047 | AO89: =+AO88+AN88 -> 48728.956 | AP89: =(AH$55-AQ89)/(52-AG89) -> 1063.214 | AQ89: =+AQ88+AP88 -> 46311.074
A90: =+A91-7 -> 39268 | D90: =+D89 -> US total | E90: 8572.8 | F90: 8655.6 | G90: 45462.4 | H90: 44156.6 | I90: =+E90+G90 -> 54035.2 | J90: =+F90+H90 -> 52812.2 | K90: =+(I90/J90-1)*100 -> 2.3157528 | L90: =+I90-I89 -> 1007.8 | M90: =+M89+1 -> 44 | O90: =AVERAGE(L86:L89) -> 793.5 | P90: =+L90/O90 -> 1.2700693 | Q90: 5119.7 | V90: 45358.3 | X90: 53152.3 | AE90: =+AN89 -> 794.56047 | AG90: =+AG89+1 -> 44 | AI90: =+AO90 -> 49523.516 | AN90: =(AH$55-AO90)/(52-AG90) -> 794.56047 | AO90: =+AO89+AN89 -> 49523.516 | AP90: =(AH$55-AQ90)/(52-AG90) -> 1063.214 | AQ90: =+AQ89+AP89 -> 47374.288
A91: =+A92-7 -> 39275 | D91: =+D90 -> US total | E91: 8041.4 | F91: 7794 | G91: 46663.4 | H91: 45355 | I91: =+E91+G91 -> 54704.8 | J91: =+F91+H91 -> 53149 | K91: =+(I91/J91-1)*100 -> 2.9272423 | L91: =+I91-I90 -> 669.6 | M91: =+M90+1 -> 45 | O91: =AVERAGE(L87:L90) -> 912.475 | P91: =+L91/O91 -> 0.73382832 | Q91: 5617.9 | V91: 46741 | X91: 54128.1 | AE91: =+AN90 -> 794.56047 | AG91: =+AG90+1 -> 45 | AI91: =+AO91 -> 50318.077 | AN91: =(AH$55-AO91)/(52-AG91) -> 794.56047 | AO91: =+AO90+AN90 -> 50318.077 | AP91: =(AH$55-AQ91)/(52-AG91) -> 1063.214 | AQ91: =+AQ90+AP90 -> 48437.502
A92: =+A93-7 -> 39282 | D92: =+D91 -> US total | E92: 7540.4 | F92: 7387.1 | G92: 47576.9 | H92: 46737.8 | I92: =+E92+G92 -> 55117.3 | J92: =+F92+H92 -> 54124.9 | K92: =+(I92/J92-1)*100 -> 1.8335369 | L92: =+I92-I91 -> 412.5 | M92: =+M91+1 -> 46 | O92: =AVERAGE(L88:L91) -> 874.475 | P92: =+L92/O92 -> 0.4717116 | Q92: 5998.8 | V92: 47911.4 | X92: 55025.1 | AE92: =+AN91 -> 794.56047 | AG92: =+AG91+1 -> 46 | AI92: =+AO92 -> 51112.637 | AN92: =(AH$55-AO92)/(52-AG92) -> 794.56047 | AO92: =+AO91+AN91 -> 51112.637 | AP92: =(AH$55-AQ92)/(52-AG92) -> 1063.214 | AQ92: =+AQ91+AP91 -> 49500.716
... A97: =+A98-7 -> 39317 | D97: =+D96 -> US total | E97: 3583.6 | F97: 3470.1 | G97: 52726.2 | H97: 53120.3 | I97: =+E97+G97 -> 56309.8 | J97: =+F97+H97 -> 56590.4 | K97: =+(I97/J97-1)*100 -> -0.49584382 | L97: =+I97-I96 -> 172.4 | M97: =+M96+1 -> 51 | O97: =AVERAGE(L93:L96) -> 255.025 | P97: =+L97/O97 -> 0.67601216 | Q97: 12098.3 | V97: 54353.6 | X97: 56807.8 | AE97: =+AN96 -> 794.56047 | AG97: =+AG96+1 -> 51 | AI97: =+AO97 -> 55085.44 | AN97: =(AH$55-AO97)/(52-AG97) -> 794.56047 | AO97: =+AO96+AN96 -> 55085.44 | AP97: =(AH$55-AQ97)/(52-AG97) -> 1063.214 | AQ97: =+AQ96+AP96 -> 54816.786
A98: =+A99-7 -> 39324 | D98: =+D97 -> US total | E98: 2770.7 | F98: 2454.2 | G98: 53799.3 | H98: 54353.6 | I98: =+E98+G98 -> 56570 | J98: =+F98+H98 -> 56807.8 | K98: =+(I98/J98-1)*100 -> -0.41860449 | L98: =+I98-I97 -> 260.2 | M98: =+M97+1 -> 52 | O98: =AVERAGE(L94:L97) -> 96.625 | P98: =+L98/O98 -> 2.6928849 | Q98: 12954 | R98: =+I99-Q98 -> 3711.9 | AE98: =+AN97 -> 794.56047 | AG98: =+AG97+1 -> 52 | AI98: =+AO98 -> 55880 | AO98: =+AO97+AN97 -> 55880 | AP98: =(AH$55-AQ98)/(52-AG98) -> #DIV/0! | AQ98: =+AQ97+AP97 -> 55880
A99: =+A100-7 -> 39331 | D99: US Total | E99: 15761.7 | F99: 11500.1 | G99: 904.2 | H99: 1103.2 | I99: =+E99+G99 -> 16665.9 | J99: =+F99+H99 -> 12603.3 | K99: =+(I99/J99-1)*100 -> 32.234415 | L99: =+I99-I98 -> -39904.1 | N99: 1 | O99: wkly chng ly
A100: =+A101-7 -> 39338 | D100: =+D99 -> US Total | E100: 16919.9 | F100: 11138.2 | G100: 1778.3 | H100: 2478.4 | I100: =+E100+G100 -> 18698.2 | J100: =+F100+H100 -> 13616.6 | K100: =+(I100/J100-1)*100 -> 37.319155 | L100: =+I100-I99 -> 2032.3 | N100: 2
A101: =+A102-7 -> 39345 | D101: =+D100 -> US Total | E101: 17414.7 | F101: 10731.6 | G101: 2981.4 | H101: 3714.7 | I101: =+E101+G101 -> 20396.1 | J101: =+F101+H101 -> 14446.3 | K101: =+(I101/J101-1)*100 -> 41.185632 | L101: =+I101-I100 -> 1697.9 | N101: 3 | R101: =+I101-I100 -> 1697.9
A102: =+A103-7 -> 39352 | D102: =+D101 -> US Total | E102: 17340.6 | F102: 10706.6 | G102: 4206.1 | H102: 4897.9 | I102: =+E102+G102 -> 21546.7 | J102: =+F102+H102 -> 15604.5 | K102: =+(I102/J102-1)*100 -> 38.080041 | L102: =+I102-I101 -> 1150.6 | N102: 4
A103: =+A104-7 -> 39359 | D103: =+D102 -> US Total | E103: 18468.1 | F103: 10893.3 | G103: 5398.3 | H103: 5998 | I103: =+E103+G103 -> 23866.4 | J103: =+F103+H103 -> 16891.3 | K103: =+(I103/J103-1)*100 -> 41.294039 | L103: =+I103-I102 -> 2319.7 | M103: =AVERAGE(L100:L103) -> 1800.125 | N103: =+N102+1 -> 5
A104: =+A105-7 -> 39366 | D104: =+D103 -> US Total | E104: 19158.2 | F104: 10625.6 | G104: 6503.3 | H104: 7086 | I104: =+E104+G104 -> 25661.5 | J104: =+F104+H104 -> 17711.6 | K104: =+(I104/J104-1)*100 -> 44.885273 | L104: =+I104-I103 -> 1795.1 | M104: =AVERAGE(L101:L104) -> 1740.825 | N104: =+N103+1 -> 6
...

Sheet Japan
B1: Corn by Destination Export Sales as of: | M1: Next Marketing Year
C2: Unshipped Balance | E2: Accumulated Exports | G2: Total Commitments | I2: from last yr | J2: Next Crop | K2: 05/06 5-yr avg | L2: 04/05 | M2: Unshipped Balance | O2: Accumulated Exports
C3: curr | D3: last | E3: curr | F3: last | G3: curr | H3: last | I3: % change | J3: Year | K3: Exports | L3: Exports | M3: 2006 | N3: 2005 | O3: 2006 | P3: 2005
A4: 38855 | B4: Japan | C4: 2813.3 | D4: 1802.1 | E4: 11550.4 | F4: 11374.6 | G4: =+C4+E4 -> 14363.7 | H4: =+D4+F4 -> 13176.7 | I4: =(G4/H4-1)*100 -> 9.0083253
A5: 38862 | B5: =+B4 -> Japan | C5: 2824.7 | D5: 1815.9 | E5: 11938.3 | F5: 11744.1 | G5: =+C5+E5 -> 14763 | H5: =+D5+F5 -> 13560 | I5: =(G5/H5-1)*100 -> 8.8716814 | J5: 283
A6: 38869 | B6: =+B5 -> Japan | C6: 2792.6 | D6: 1707.8 | E6: 12202.3 | F6: 12016.8 | G6: =+C6+E6 -> 14994.9 | H6: =+D6+F6 -> 13724.6 | I6: =(G6/H6-1)*100 -> 9.2556432 | J6: 274.6
A7: 38876 | B7: =+B6 -> Japan | C7: 3004 | D7: 1741.5 | E7: 12556.7 | F7: 12359.6 | G7: =+C7+E7 -> 15560.7 | H7: =+D7+F7 -> 14101.1 | I7: =(G7/H7-1)*100 -> 10.350966 | J7: 332.6
A8: 38883 | B8: =+B7 -> Japan | C8: 3031.1 | D8: 1513.4 | E8: 12844.1 | F8: 12754.4 | G8: =+C8+E8 -> 15875.2 | H8: =+D8+F8 -> 14267.8 | I8: =(G8/H8-1)*100 -> 11.265927 | J8: 466.7
A9: 38890 | B9: =+B8 -> Japan | C9: 2949.5 | D9: 1497.1 | E9: 13126.9 | F9: 13122.8 | G9: =+C9+E9 -> 16076.4 | H9: =+D9+F9 -> 14619.9 | I9: =(G9/H9-1)*100 -> 9.9624484 | J9: 745.7
A10: 38897 | B10: =+B9 -> Japan | C10: 2961.6 | D10: 1490.3 | E10: 13331.8 | F10: 13456.7 | G10: =+C10+E10 -> 16293.4 | H10: =+D10+F10 -> 14947 | I10: =(G10/H10-1)*100 -> 9.0078277 | J10: 1110.6
A11: 38904 | B11: =+B10 -> Japan | C11: 2721.1 | D11: 1578.9 | E11: 13694.2 | F11: 13583.6 | G11: =+C11+E11 -> 16415.3 | H11: =+D11+F11 -> 15162.5 | I11: =(G11/H11-1)*100 -> 8.2624897 | J11: 1112
A12: 38911 | B12: =+B11 -> Japan | C12: 2500.7 | D12: 1607.4 | E12: 13960.7 | F12: 13842 | G12: =+C12+E12 -> 16461.4 | H12: =+D12+F12 -> 15449.4 | I12: =(G12/H12-1)*100 -> 6.5504162 | J12: 1261.6
A13: 38918 | B13: =+B12 -> Japan | C13: 2281.3 | D13: 1552.8 | E13: 14358.8 | F13: 14144.5 | G13: =+C13+E13 -> 16640.1 | H13: =+D13+F13 -> 15697.3 | I13: =(G13/H13-1)*100 -> 6.0061284 | J13: 1300.2
A14: 38925 | B14: =+B13 -> Japan | C14: 1968.2 | D14: 1445.5 | E14: 14807.1 | F14: 14319.1 | G14: =+C14+E14 -> 16775.3 | H14: =+D14+F14 -> 15764.6 | I14: =(G14/H14-1)*100 -> 6.4111998 | J14: 1654.2
A15: 38932 | B15: =+B14 -> Japan | C15: 1923.6 | D15: 1274.3 | E15: 15107.7 | F15: 14816.5 | G15: =+C15+E15 -> 17031.3 | H15: =+D15+F15 -> 16090.8 | I15: =(G15/H15-1)*100 -> 5.8449549 | J15: 1909.7
A16: 38939 | B16: =+B15 -> Japan | C16: 1751.2 | D16: 996.5 | E16: 15374.6 | F16: 15242.6 | G16: =+C16+E16 -> 17125.8 | H16: =+D16+F16 -> 16239.1 | I16: =(G16/H16-1)*100 -> 5.460278 | J16: 2326.2
... A19: 38960 | B19: =+B18 -> Japan | C19: 447 | D19: 603.5 | E19: 16473.8 | F19: 15829.6 | G19: =+C19+E19 -> 16920.8 | H19: =+D19+F19 -> 16433.1 | I19: =(G19/H19-1)*100 -> 2.9677906 | J19: 4070.9
A20: 38967 | B20: =+B19 -> Japan | C20: 3972.9 | D20: 2495.8 | E20: 153 | F20: 37.2 | G20: =+C20+E20 -> 4125.9 | H20: =+D20+F20 -> 2533 | I20: =(G20/H20-1)*100 -> 62.885906
A21: 38974 | B21: =+B20 -> Japan | C21: 3473.1 | D21: 2337 | E21: 743.3 | F21: 365.6 | G21: =+C21+E21 -> 4216.4 | H21: =+D21+F21 -> 2702.6 | I21: =(G21/H21-1)*100 -> 56.012728
A22: 38981 | B22: =+B21 -> Japan | C22: 3433.5 | D22: 2248.3 | E22: 1071.8 | F22: 679.1 | G22: =+C22+E22 -> 4505.3 | H22: =+D22+F22 -> 2927.4 | I22: =(G22/H22-1)*100 -> 53.901073
A23: 38988 | B23: =+B22 -> Japan | C23: 3375.6 | D23: 2664 | E23: 1315 | F23: 860.1 | G23: =+C23+E23 -> 4690.6 | H23: =+D23+F23 -> 3524.1 | I23: =(G23/H23-1)*100 -> 33.10065
A24: 38995 | B24: =+B23 -> Japan | C24: 3759.9 | D24: 2692.8 | E24: 1710.4 | F24: 1240.5 | G24: =+C24+E24 -> 5470.3 | H24: =+D24+F24 -> 3933.3 | I24: =(G24/H24-1)*100 -> 39.076602
A25: 39002 | B25: =+B24 -> Japan | C25: 3884.4 | D25: 2704.2 | E25: 1868.6 | F25: 1638.8 | G25: =+C25+E25 -> 5753 | H25: =+D25+F25 -> 4343 | I25: =(G25/H25-1)*100 -> 32.466037
A26: 39009 | B26: =+B25 -> Japan | C26: 4036.4 | D26: 2330 | E26: 2107.7 | F26: 2130.9 | G26: =+C26+E26 -> 6144.1 | H26: =+D26+F26 -> 4460.9 | I26: =(G26/H26-1)*100 -> 37.732296
A27: 39016 | B27: =+B26 -> Japan | C27: 3928.8 | D27: 2449.7 | E27: 2468.8 | F27: 2414.9 | G27: =+C27+E27 -> 6397.6 | H27: =+D27+F27 -> 4864.6 | I27: =(G27/H27-1)*100 -> 31.513382
A28: 39023 | B28: =+B27 -> Japan | C28: 4062 | D28: 2261.6 | E28: 2670.8 | F28: 2778.4 | G28: =+C28+E28 -> 6732.8 | H28: =+D28+F28 -> 5040 | I28: =(G28/H28-1)*100 -> 33.587302
A29: 39030 | B29: =+B28 -> Japan | C29: 4166.6 | D29: 2171.5 | E29: 2911.7 | F29: 3142.1 | G29: =+C29+E29 -> 7078.3 | H29: =+D29+F29 -> 5313.6 | I29: =(G29/H29-1)*100 -> 33.211006
A30: 39037 | B30: =+B29 -> Japan | C30: 3937.3 | D30: 2217.1 | E30: 3293 | F30: 3489.2 | G30: =+C30+E30 -> 7230.3 | H30: =+D30+F30 -> 5706.3 | I30: =(G30/H30-1)*100 -> 26.707323
A31: 39044 | B31: =+B30 -> Japan | C31: 3890.8 | D31: 2381 | E31: 3497.8 | F31: 3651.3 | G31: =+C31+E31 -> 7388.6 | H31: =+D31+F31 -> 6032.3 | I31: =(G31/H31-1)*100 -> 22.483961
... A34: 39065 | B34: =+B33 -> Japan | C34: 3518.2 | D34: 2741.3 | E34: 4395.1 | F34: 4572.8 | G34: =+C34+E34 -> 7913.3 | H34: =+D34+F34 -> 7314.1 | I34: =(G34/H34-1)*100 -> 8.1923955
A35: 39072 | B35: =+B34 -> Japan | C35: 3299.1 | D35: 2641.8 | E35: 4717.9 | F35: 4707.4 | G35: =+C35+E35 -> 8017 | H35: =+D35+F35 -> 7349.2 | I35: =(G35/H35-1)*100 -> 9.0867033 | J35: 60
A36: 39079 | B36: =+B35 -> Japan | C36: 3110.7 | D36: 2414.8 | E36: 5058.3 | F36: 5050.1 | G36: =+C36+E36 -> 8169 | H36: =+D36+F36 -> 7464.9 | I36: =(G36/H36-1)*100 -> 9.4321424
A37: 39086 | B37: =+B36 -> Japan | C37: 3224.7 | D37: 2365 | E37: 5289 | F37: 5250.5 | G37: =+C37+E37 -> 8513.7 | H37: =+D37+F37 -> 7615.5 | I37: =(G37/H37-1)*100 -> 11.794367
A38: 39093 | B38: =+B37 -> Japan | C38: 3741.2 | D38: 2140.8 | E38: 5370.8 | F38: 5728 | G38: =+C38+E38 -> 9112 | H38: =+D38+F38 -> 7868.8 | I38: =(G38/H38-1)*100 -> 15.799105
A39: 39100 | B39: =+B38 -> Japan | C39: 3843.6 | D39: 2456.1 | E39: 5782.1 | F39: 6136 | G39: =+C39+E39 -> 9625.7 | H39: =+D39+F39 -> 8592.1 | I39: =(G39/H39-1)*100 -> 12.029655
A40: 39107 | B40: =+B39 -> Japan | C40: 3928.7 | D40: 2565.8 | E40: 6013.8 | F40: 6392.4 | G40: =+C40+E40 -> 9942.5 | H40: =+D40+F40 -> 8958.2 | I40: =(G40/H40-1)*100 -> 10.987698
A41: 39114 | B41: =+B40 -> Japan | C41: 3793.9 | D41: 2969.9 | E41: 6458.2 | F41: 6713.5 | G41: =+C41+E41 -> 10252.1 | H41: =+D41+F41 -> 9683.4 | I41: =(G41/H41-1)*100 -> 5.8729372
A42: 39121 | B42: =+B41 -> Japan | C42: 4317.3 | D42: 3052.7 | E42: 6619.2 | F42: 7054.9 | G42: =+C42+E42 -> 10936.5 | H42: =+D42+F42 -> 10107.6 | I42: =(G42/H42-1)*100 -> 8.2007598
A43: 39128 | B43: =+B42 -> Japan | C43: 4135 | D43: 2922.5 | E43: 6843.4 | F43: 7499.2 | G43: =+C43+E43 -> 10978.4 | H43: =+D43+F43 -> 10421.7 | I43: =(G43/H43-1)*100 -> 5.3417389
A44: 39135 | B44: =+B43 -> Japan | C44: 3940.7 | D44: 3036.3 | E44: 7141.9 | F44: 7580.1 | G44: =+C44+E44 -> 11082.6 | H44: =+D44+F44 -> 10616.4 | I44: =(G44/H44-1)*100 -> 4.3913191
A45: 39142 | B45: =+B44 -> Japan | C45: 3662.4 | D45: 3396 | E45: 7679 | F45: 8049.6 | G45: =+C45+E45 -> 11341.4 | H45: =+D45+F45 -> 11445.6 | I45: =(G45/H45-1)*100 -> -0.91039351
A46: 39149 | B46: =+B45 -> Japan | C46: 3288.1 | D46: 3360.5 | E46: 8161.6 | F46: 8427.4 | G46: =+C46+E46 -> 11449.7 | H46: =+D46+F46 -> 11787.9 | I46: =(G46/H46-1)*100 -> -2.8690437
A47: 39156 | B47: =+B46 -> Japan | C47: 3240.2 | D47: 3044.1 | E47: 8401.4 | F47: 8936 | G47: =+C47+E47 -> 11641.6 | H47: =+D47+F47 -> 11980.1 | I47: =(G47/H47-1)*100 -> -2.825519
... A54: 39205 | B54: =+B53 -> Japan | C54: 2822.4 | D54: 2639.7 | E54: 10257.1 | F54: 10885.6 | G54: =+C54+E54 -> 13079.5 | H54: =+D54+F54 -> 13525.3 | I54: =(G54/H54-1)*100 -> -3.2960452
A55: 39212 | B55: =+B54 -> Japan | C55: 2654.1 | D55: 2778.3 | E55: 10724.7 | F55: 11040 | G55: =+C55+E55 -> 13378.8 | H55: =+D55+F55 -> 13818.3 | I55: =(G55/H55-1)*100 -> -3.1805649 | J55: 486.9
A56: 39219 | B56: =+B55 -> Japan | C56: 2759 | D56: 2813.3 | E56: 10972.7 | F56: 11550.8 | G56: =+C56+E56 -> 13731.7 | H56: =+D56+F56 -> 14364.1 | I56: =(G56/H56-1)*100 -> -4.4026427 | J56: 629.1
A57: 39226 | B57: =+B56 -> Japan | C57: 2664.1 | D57: 2824.7 | E57: 11322.3 | F57: 11938.8 | G57: =+C57+E57 -> 13986.4 | H57: =+D57+F57 -> 14763.5 | I57: =(G57/H57-1)*100 -> -5.263657 | J57: 781.3
A58: 39233 | B58: =+B57 -> Japan | C58: 2442 | D58: 2792.6 | E58: 11671.6 | F58: 12202.7 | G58: =+C58+E58 -> 14113.6 | H58: =+D58+F58 -> 14995.3 | I58: =(G58/H58-1)*100 -> -5.8798424 | J58: 806.7
A59: 39240 | B59: =+B58 -> Japan | C59: 2276.5 | D59: 3004 | E59: 11977.8 | F59: 12557.1 | G59: =+C59+E59 -> 14254.3 | H59: =+D59+F59 -> 15561.1 | I59: =(G59/H59-1)*100 -> -8.3978639 | J59: 832.1
A60: 39247 | B60: =+B59 -> Japan | C60: 2472.5 | D60: 3031.1 | E60: 12157 | F60: 12844.5 | G60: =+C60+E60 -> 14629.5 | H60: =+D60+F60 -> 15875.6 | I60: =(G60/H60-1)*100 -> -7.8491522 | J60: 857.6
A61: 39254 | B61: =+B60 -> Japan | C61: 2358.5 | D61: 2949.5 | E61: 12465.4 | F61: 13127.3 | G61: =+C61+E61 -> 14823.9 | H61: =+D61+F61 -> 16076.8 | I61: =(G61/H61-1)*100 -> -7.7932176 | J61: 925.2
A62: 39261 | B62: =+B61 -> Japan | C62: 2018.5 | D62: 2961.6 | E62: 12857.7 | F62: 13331.8 | G62: =+C62+E62 -> 14876.2 | H62: =+D62+F62 -> 16293.4 | I62: =(G62/H62-1)*100 -> -8.6980004 | J62: 995.5
A63: 39268 | B63: =+B62 -> Japan | C63: 2205.4 | D63: 2721.1 | E63: 13049 | F63: 13694.2 | G63: =+C63+E63 -> 15254.4 | H63: =+D63+F63 -> 16415.3 | I63: =(G63/H63-1)*100 -> -7.0720608 | J63: 1071.8
A64: 39275 | B64: =+B63 -> Japan | C64: 2061.4 | D64: 2500.7 | E64: 13480.4 | F64: 13960.7 | G64: =+C64+E64 -> 15541.8 | H64: =+D64+F64 -> 16461.4 | I64: =(G64/H64-1)*100 -> -5.5864021 | J64: 1191.6
A65: 39282 | B65: =+B64 -> Japan | C65: 1835.9 | D65: 2281.3 | E65: 13813.3 | F65: 14358.8 | G65: =+C65+E65 -> 15649.2 | H65: =+D65+F65 -> 16640.1 | I65: =(G65/H65-1)*100 -> -5.9548921 | J65: 1265.8
A66: 39289 | B66: =+B65 -> Japan | C66: 2018.2 | D66: 1968.2 | E66: 13961.2 | F66: 14807.1 | G66: =+C66+E66 -> 15979.4 | H66: =+D66+F66 -> 16775.3 | I66: =(G66/H66-1)*100 -> -4.7444755 | J66: 1586.6
... A71: 39324 | B71: =+B70 -> Japan | C71: 618.9 | D71: 447.7 | E71: 15550.6 | F71: 16473.8 | G71: =+C71+E71 -> 16169.5 | H71: =+D71+F71 -> 16921.5 | I71: =(G71/H71-1)*100 -> -4.4440505 | J71: 3519.4
A72: 39331 | B72: =+B71 -> Japan | C72: 4265.3 | D72: 3972.9 | E72: 98.4 | F72: 153 | G72: =+C72+E72 -> 4363.7 | H72: =+D72+F72 -> 4125.9 | I72: =(G72/H72-1)*100 -> 5.763591
A73: =+A72+7 -> 39338 | B73: =+B72 -> Japan | C73: 4557.3 | D73: 3473.1 | E73: 384.3 | F73: 743.3 | G73: =+C73+E73 -> 4941.6 | H73: =+D73+F73 -> 4216.4 | I73: =(G73/H73-1)*100 -> 17.199507
A74: =+A73+7 -> 39345 | B74: =+B73 -> Japan | C74: 4546.6 | D74: 3433.5 | E74: 576.5 | F74: 1071.8 | G74: =+C74+E74 -> 5123.1 | H74: =+D74+F74 -> 4505.3 | I74: =(G74/H74-1)*100 -> 13.712738
A75: =+A74+7 -> 39352 | B75: =+B74 -> Japan | C75: 4833.1 | D75: 3375.6 | E75: 825.7 | F75: 1315 | G75: =+C75+E75 -> 5658.8 | H75: =+D75+F75 -> 4690.6 | I75: =(G75/H75-1)*100 -> 20.641283
A76: =+A75+7 -> 39359 | B76: =+B75 -> Japan | C76: 5092.4 | D76: 3759.9 | E76: 1066.8 | F76: 1710.4 | G76: =+C76+E76 -> 6159.2 | H76: =+D76+F76 -> 5470.3 | I76: =(G76/H76-1)*100 -> 12.593459
A77: =+A76+7 -> 39366 | B77: =+B76 -> Japan | C77: 5348.3 | D77: 3884.4 | E77: 1320.7 | F77: 1868.6 | G77: =+C77+E77 -> 6669 | H77: =+D77+F77 -> 5753 | I77: =(G77/H77-1)*100 -> 15.922128
A78: =+A77+7 -> 39373 | B78: =+B77 -> Japan | C78: 5672.1 | D78: 4036.4 | E78: 1650.9 | F78: 2107.7 | G78: =+C78+E78 -> 7323 | H78: =+D78+F78 -> 6144.1 | I78: =(G78/H78-1)*100 -> 19.187513
A79: =+A78+7 -> 39380 | B79: =+B78 -> Japan | C79: 5496.6 | D79: 3928.8 | E79: 1994 | F79: 2468.8 | G79: =+C79+E79 -> 7490.6 | H79: =+D79+F79 -> 6397.6 | I79: =(G79/H79-1)*100 -> 17.084532
A80: =+A79+7 -> 39387 | B80: =+B79 -> Japan | C80: 5484.4 | D80: 4062.8 | E80: 2183.1 | F80: 2670.8 | G80: =+C80+E80 -> 7667.5 | H80: =+D80+F80 -> 6733.6 | I80: =(G80/H80-1)*100 -> 13.869253
A81: =+A80+7 -> 39394 | B81: =+B80 -> Japan | C81: 5104.2 | D81: 4166.6 | E81: 2617.8 | F81: 2911.7 | G81: =+C81+E81 -> 7722 | H81: =+D81+F81 -> 7078.3 | I81: =(G81/H81-1)*100 -> 9.0939915
A82: =+A81+7 -> 39401 | B82: =+B81 -> Japan | C82: 5168.2 | D82: 3937.3 | E82: 2886.2 | F82: 3293 | G82: =+C82+E82 -> 8054.4 | H82: =+D82+F82 -> 7230.3 | I82: =(G82/H82-1)*100 -> 11.397867
A83: =+A82+7 -> 39408 | B83: =+B82 -> Japan | C83: 5081.2 | D83: 3890.8 | E83: 3208.5 | F83: 3497.8 | G83: =+C83+E83 -> 8289.7 | H83: =+D83+F83 -> 7388.6 | I83: =(G83/H83-1)*100 -> 12.195815
A84: =+A83+7 -> 39415 | B84: =+B83 -> Japan | C84: 4683.4 | D84: 3773.3 | E84: 3589.5 | F84: 3884.6 | G84: =+C84+E84 -> 8272.9 | H84: =+D84+F84 -> 7657.9 | I84: =(G84/H84-1)*100 -> 8.0309223
... A92: =+A91+7 -> 39471 | B92: =+B91 -> Japan | C92: 4471.7 | D92: 3928.7 | E92: 6111 | F92: 6013.8 | G92: =+C92+E92 -> 10582.7 | H92: =+D92+F92 -> 9942.5 | I92: =(G92/H92-1)*100 -> 6.4390244
A93: =+A92+7 -> 39478 | B93: =+B92 -> Japan | C93: 4311.4 | D93: 3793.9 | E93: 6405.1 | F93: 6448.6 | G93: =+C93+E93 -> 10716.5 | H93: =+D93+F93 -> 10242.5 | I93: =(G93/H93-1)*100 -> 4.6277764 | J93: 1.7
A94: =+A93+7 -> 39485 | B94: =+B93 -> Japan | C94: 4297.4 | D94: 4317.3 | E94: 6608.6 | F94: 6609.6 | G94: =+C94+E94 -> 10906 | H94: =+D94+F94 -> 10926.9 | I94: =(G94/H94-1)*100 -> -0.19127108
A95: =+A94+7 -> 39492 | B95: =+B94 -> Japan | C95: 4173.9 | D95: 4135 | E95: 7091.3 | F95: 6843.4 | G95: =+C95+E95 -> 11265.2 | H95: =+D95+F95 -> 10978.4 | I95: =(G95/H95-1)*100 -> 2.6124025
A96: =+A95+7 -> 39499 | B96: =+B95 -> Japan | C96: 4263.9 | D96: 3940.7 | E96: 7257.4 | F96: 7141.9 | G96: =+C96+E96 -> 11521.3 | H96: =+D96+F96 -> 11082.6 | I96: =(G96/H96-1)*100 -> 3.9584574
A97: =+A96+7 -> 39506 | B97: =+B96 -> Japan | C97: 4158.5 | D97: 3662.4 | E97: 7603.5 | F97: 7621.2 | G97: =+C97+E97 -> 11762 | H97: =+D97+F97 -> 11283.6 | I97: =(G97/H97-1)*100 -> 4.2397816
A98: =+A97+7 -> 39513 | B98: =+B97 -> Japan | C98: 4158.5 | D98: 3662.4 | E98: 7603.5 | F98: 7621.2 | G98: =+C98+E98 -> 11762 | H98: =+D98+F98 -> 11283.6 | I98: =(G98/H98-1)*100 -> 4.2397816 | J98: 315
A99: =+A98+7 -> 39520 | B99: =+B98 -> Japan | C99: 4082.1 | D99: 3240.2 | E99: 8242.2 | F99: 8401.4 | G99: =+C99+E99 -> 12324.3 | H99: =+D99+F99 -> 11641.6 | I99: =(G99/H99-1)*100 -> 5.8643142
A100: =+A99+7 -> 39527 | B100: =+B99 -> Japan | C100: 3886.8 | D100: 2910.1 | E100: 8612.1 | F100: 8674.4 | G100: =+C100+E100 -> 12498.9 | H100: =+D100+F100 -> 11584.5 | I100: =(G100/H100-1)*100 -> 7.8933057 | J100: 405
A101: =+A100+7 -> 39534 | B101: =+B100 -> Japan | C101: 3648.1 | D101: 2729.7 | E101: 9001.9 | F101: 8981.4 | G101: =+C101+E101 -> 12650 | H101: =+D101+F101 -> 11711.1 | I101: =(G101/H101-1)*100 -> 8.0171803 | J101: 405
A102: =+A101+7 -> 39541 | B102: =+B101 -> Japan | C102: 3661.9 | D102: 2765.9 | E102: 9266.5 | F102: 9275.8 | G102: =+C102+E102 -> 12928.4 | H102: =+D102+F102 -> 12041.7 | I102: =(G102/H102-1)*100 -> 7.3635782 | J102: 405
A103: =+A102+7 -> 39548 | B103: =+B102 -> Japan | C103: 3732 | D103: 2707.7 | E103: 9556.8 | F103: 9506.5 | G103: =+C103+E103 -> 13288.8 | H103: =+D103+F103 -> 12214.2 | I103: =(G103/H103-1)*100 -> 8.7979565
A104: =+A103+7 -> 39555 | B104: =+B103 -> Japan | C104: 3918 | D104: 2913.4 | E104: 9856.5 | F104: 9754.1 | G104: =+C104+E104 -> 13774.5 | H104: =+D104+F104 -> 12667.5 | I104: =(G104/H104-1)*100 -> 8.7388988
A105: =+A104+7 -> 39562 | B105: =+B104 -> Japan | C105: 3866.6 | D105: 2738.6 | E105: 10164.6 | F105: 10053.5 | G105: =+C105+E105 -> 14031.2 | H105: =+D105+F105 -> 12792.1 | I105: =(G105/H105-1)*100 -> 9.6864471
A106: =+A105+7 -> 39569 | B106: =+B105 -> Japan | C106: 3861.4 | D106: 2822.4 | E106: 10355.3 | F106: 10257.1 | G106: =+C106+E106 -> 14216.7 | H106: =+D106+F106 -> 13079.5 | I106: =(G106/H106-1)*100 -> 8.694522 | J106: 414.6
A107: =+A106+7 -> 39576 | B107: =+B106 -> Japan | C107: 3728.1 | D107: 2654.1 | E107: 10704.5 | F107: 10724.7 | G107: =+C107+E107 -> 14432.6 | H107: =+D107+F107 -> 13378.8 | I107: =(G107/H107-1)*100 -> 7.8766407 | J107: 471.5
A108: =+A107+7 -> 39583 | B108: =+B107 -> Japan | C108: 3668.8 | D108: 2759 | E108: 10968.7 | F108: 10972.7 | G108: =+C108+E108 -> 14637.5 | H108: =+D108+F108 -> 13731.7 | I108: =(G108/H108-1)*100 -> 6.5964156 | J108: 589.2
A109: =+A108+7 -> 39590 | B109: =+B108 -> Japan | C109: 3615.9 | D109: 2664.1 | E109: 11253.9 | F109: 11322.3 | G109: =+C109+E109 -> 14869.8 | H109: =+D109+F109 -> 13986.4 | I109: =(G109/H109-1)*100 -> 6.3161357 | J109: 712.2
A110: =+A109+7 -> 39597 | B110: =+B109 -> Japan | C110: 3273.3 | D110: 2442 | E110: 11639.3 | F110: 11671.6 | G110: =+C110+E110 -> 14912.6 | H110: =+D110+F110 -> 14113.6 | I110: =(G110/H110-1)*100 -> 5.6612062 | J110: 712.2
A111: =+A110+7 -> 39604 | B111: =+B110 -> Japan | C111: 3152.7 | D111: 2276.5 | E111: 11949.5 | F111: 11977.8 | G111: =+C111+E111 -> 15102.2 | H111: =+D111+F111 -> 14254.3 | I111: =(G111/H111-1)*100 -> 5.9483805 | J111: 734.5
A112: =+A111+7 -> 39611 | B112: =+B111 -> Japan | C112: 3044.5 | D112: 2472.5 | E112: 12246.7 | F112: 12157 | G112: =+C112+E112 -> 15291.2 | H112: =+D112+F112 -> 14629.5 | I112: =(G112/H112-1)*100 -> 4.5230527 | J112: 785.8
A113: =+A112+7 -> 39618 | B113: =+B112 -> Japan | C113: 2791.8 | D113: 2358.5 | E113: 12598 | F113: 12455.2 | G113: =+C113+E113 -> 15389.8 | H113: =+D113+F113 -> 14813.7 | I113: =(G113/H113-1)*100 -> 3.8889676 | J113: 883.1
A114: =+A113+7 -> 39625 | B114: =+B113 -> Japan | C114: 2788.5 | D114: 2018.5 | E114: 12915.4 | F114: 12857.7 | G114: =+C114+E114 -> 15703.9 | H114: =+D114+F114 -> 14876.2 | I114: =(G114/H114-1)*100 -> 5.5639209 | J114: 929.8
A115: =+A114+7 -> 39632 | B115: =+B114 -> Japan | C115: 2587.7 | D115: 2205.4 | E115: 13229.6 | F115: 13049 | G115: =+C115+E115 -> 15817.3 | H115: =+D115+F115 -> 15254.4 | I115: =(G115/H115-1)*100 -> 3.6900829 | J115: 976.6
A116: =+A115+7 -> 39639 | B116: =+B115 -> Japan | C116: 2402.2 | D116: 2061.4 | E116: 13541.5 | F116: 13480.4 | G116: =+C116+E116 -> 15943.7 | H116: =+D116+F116 -> 15541.8 | I116: =(G116/H116-1)*100 -> 2.5859296 | J116: 1032.3
A117: =+A116+7 -> 39646 | B117: =+B116 -> Japan | C117: 2161.7 | D117: 1835.9 | E117: 13893 | F117: 13813 | G117: =+C117+E117 -> 16054.7 | H117: =+D117+F117 -> 15648.9 | I117: =(G117/H117-1)*100 -> 2.5931535 | J117: 1326.9
... A122: =+A121+7 -> 39681 | B122: =+B121 -> Japan | C122: 1030.6 | D122: 811.9 | E122: 15443.6 | F122: 15204.3 | G122: =+C122+E122 -> 16474.2 | H122: =+D122+F122 -> 16016.2 | I122: =(G122/H122-1)*100 -> 2.8596047 | J122: 2716.5
A123: =+A122+7 -> 39688 | B123: =+B122 -> Japan | C123: 959.4 | D123: 618.9 | E123: 15692.6 | F123: 15550.6 | G123: =+C123+E123 -> 16652 | H123: =+D123+F123 -> 16169.5 | I123: =(G123/H123-1)*100 -> 2.9840131 | J123: 2764.4 | K123: =+H123-DATA!N63 -> 16169.5
A124: =+A123+7 -> 39695 | B124: =+B123 -> Japan | C124: 3584 | D124: 4265.3 | E124: 59.4 | F124: 98.4 | G124: =+C124+E124 -> 3643.4 | H124: =+D124+F124 -> 4363.7 | I124: =(G124/H124-1)*100 -> -16.506634
A125: =+A124+7 -> 39702 | B125: =+B124 -> Japan | C125: 3333.9 | D125: 4557.3 | E125: 499.7 | F125: 384 | G125: =+C125+E125 -> 3833.6 | H125: =+D125+F125 -> 4941.3 | I125: =(G125/H125-1)*100 -> -22.417178
...

Sheet Mexico
B1: Corn by Destination Export Sales as of: | AM1: =+#REF!/#REF! -> #REF! | AN1: =+#REF!/#REF! -> #REF! | AO1: =+#REF!/#REF! -> #REF! | AP1: =+#REF!/#REF! -> #REF! | AQ1: =+#REF!/#REF! -> #REF! | AR1: =+#REF!/#REF! -> #REF! | AS1: =+#REF!/#REF! -> #REF!
C2: Unshipped Balance | E2: Accumulated Exports | G2: Total Commitments | I2: from last yr | J2: Next
C3: curr | D3: last | E3: curr | F3: last | G3: curr | H3: last | I3: % change | J3: Marketing Year
A4: =Japan!A4 -> 38855 | B4: Mexico | C4: 847 | D4: 697 | E4: 4948 | F4: 4578.5 | G4: =+C4+E4 -> 5795 | H4: =+D4+F4 -> 5275.5 | I4: =+(G4/H4-1)*100 -> 9.8474078
A5: =Japan!A5 -> 38862 | B5: Mexico | C5: 790.6 | D5: 631.5 | E5: 5114 | F5: 4648.7 | G5: =+C5+E5 -> 5904.6 | H5: =+D5+F5 -> 5280.2 | I5: =+(G5/H5-1)*100 -> 11.82531 | J5: 116.8
A6: =Japan!A6 -> 38869 | B6: Mexico | C6: 730.9 | D6: 692.3 | E6: 5272.7 | F6: 4746.8 | G6: =+C6+E6 -> 6003.6 | H6: =+D6+F6 -> 5439.1 | I6: =+(G6/H6-1)*100 -> 10.378555 | J6: 116.8
A7: =Japan!A7 -> 38876 | B7: Mexico | C7: 746.6 | D7: 682.2 | E7: 5397.4 | F7: 4848.3 | G7: =+C7+E7 -> 6144 | H7: =+D7+F7 -> 5530.5 | I7: =+(G7/H7-1)*100 -> 11.09303 | J7: 116.8
A8: =Japan!A8 -> 38883 | B8: Mexico | C8: 768.7 | D8: 617.8 | E8: 5562.3 | F8: 5003.7 | G8: =+C8+E8 -> 6331 | H8: =+D8+F8 -> 5621.5 | I8: =+(G8/H8-1)*100 -> 12.621187 | J8: 116.8
A9: =Japan!A9 -> 38890 | B9: Mexico | C9: 820.1 | D9: 654.2 | E9: 5623.1 | F9: 5049.6 | G9: =+C9+E9 -> 6443.2 | H9: =+D9+F9 -> 5703.8 | I9: =+(G9/H9-1)*100 -> 12.963288 | J9: 242.8
A10: =Japan!A10 -> 38897 | B10: Mexico | C10: 891.4 | D10: 643.9 | E10: 5701.1 | F10: 5106.6 | G10: =+C10+E10 -> 6592.5 | H10: =+D10+F10 -> 5750.5 | I10: =+(G10/H10-1)*100 -> 14.642205 | J10: 274.8
A11: =Japan!A11 -> 38904 | B11: Mexico | C11: 905.7 | D11: 516.4 | E11: 5770.1 | F11: 5219.9 | G11: =+C11+E11 -> 6675.8 | H11: =+D11+F11 -> 5736.3 | I11: =+(G11/H11-1)*100 -> 16.378153 | J11: 274.8
A12: =Japan!A12 -> 38911 | B12: Mexico | C12: 789.1 | D12: 552.3 | E12: 5896.9 | F12: 5248.4 | G12: =+C12+E12 -> 6686 | H12: =+D12+F12 -> 5800.7 | I12: =+(G12/H12-1)*100 -> 15.261951 | J12: 311.8
A13: =Japan!A13 -> 38918 | B13: Mexico | C13: 887.2 | D13: 565.5 | E13: 5953.5 | F13: 5271.6 | G13: =+C13+E13 -> 6840.7 | H13: =+D13+F13 -> 5837.1 | I13: =+(G13/H13-1)*100 -> 17.193469 | J13: 311.8
A14: =Japan!A14 -> 38925 | B14: Mexico | C14: 1058.2 | D14: 513.3 | E14: 5990.2 | F14: 5368.6 | G14: =+C14+E14 -> 7048.4 | H14: =+D14+F14 -> 5881.9 | I14: =+(G14/H14-1)*100 -> 19.832027 | J14: 372.3
A15: =Japan!A15 -> 38932 | B15: Mexico | C15: 1000.9 | D15: 581.8 | E15: 6143.8 | F15: 5460.8 | G15: =+C15+E15 -> 7144.7 | H15: =+D15+F15 -> 6042.6 | I15: =+(G15/H15-1)*100 -> 18.238838 | J15: 393.3
A16: =Japan!A16 -> 38939 | B16: Mexico | C16: 851.8 | D16: 702.3 | E16: 6230.5 | F16: 5528 | G16: =+C16+E16 -> 7082.3 | H16: =+D16+F16 -> 6230.3 | I16: =+(G16/H16-1)*100 -> 13.675104 | J16: 663.8
A17: =Japan!A17 -> 38946 | B17: Mexico | C17: 896 | D17: 710.1 | E17: 6319.9 | F17: 5619.5 | G17: =+C17+E17 -> 7215.9 | H17: =+D17+F17 -> 6329.6 | I17: =+(G17/H17-1)*100 -> 14.002465 | J17: 909.3
A18: =+A17+7 -> 38953 | B18: Mexico | C18: 455.6 | D18: 600.2 | E18: 6550.2 | F18: 5691.7 | G18: =+C18+E18 -> 7005.8 | H18: =+D18+F18 -> 6291.9 | I18: =+(G18/H18-1)*100 -> 11.346334 | J18: 1414.6
A19: =+A18+7 -> 38960 | B19: Mexico | C19: 382.9 | D19: 516.7 | E19: 6653.1 | F19: 5761.5 | G19: =+C19+E19 -> 7036 | H19: =+D19+F19 -> 6278.2 | I19: =+(G19/H19-1)*100 -> 12.070339 | J19: 1932.5
A20: =+A19+7 -> 38967 | B20: Mexico | C20: 1800.8 | D20: 1402.3 | E20: 225.1 | F20: 69.3 | G20: =+C20+E20 -> 2025.9 | H20: =+D20+F20 -> 1471.6 | I20: =+(G20/H20-1)*100 -> 37.666485
A21: =+A20+7 -> 38974 | B21: Mexico | C21: 2019.9 | D21: 1451.8 | E21: 416.5 | F21: 267.8 | G21: =+C21+E21 -> 2436.4 | H21: =+D21+F21 -> 1719.6 | I21: =+(G21/H21-1)*100 -> 41.684113
A22: =+A21+7 -> 38981 | B22: Mexico | C22: 1917.1 | D22: 1456.2 | E22: 619.3 | F22: 385.3 | G22: =+C22+E22 -> 2536.4 | H22: =+D22+F22 -> 1841.5 | I22: =+(G22/H22-1)*100 -> 37.735542
A23: =+A22+7 -> 38988 | B23: Mexico | C23: 2013.2 | D23: 1437.2 | E23: 856.5 | F23: 497.2 | G23: =+C23+E23 -> 2869.7 | H23: =+D23+F23 -> 1934.4 | I23: =+(G23/H23-1)*100 -> 48.35091
A24: =+A23+7 -> 38995 | B24: Mexico | C24: 1953.3 | D24: 1372.8 | E24: 1109.9 | F24: 589.1 | G24: =+C24+E24 -> 3063.2 | H24: =+D24+F24 -> 1961.9 | I24: =+(G24/H24-1)*100 -> 56.13436
A25: =+A24+7 -> 39002 | B25: Mexico | C25: 1924.7 | D25: 1239.9 | E25: 1254.9 | F25: 762.8 | G25: =+C25+E25 -> 3179.6 | H25: =+D25+F25 -> 2002.7 | I25: =+(G25/H25-1)*100 -> 58.765666
A26: =+A25+7 -> 39009 | B26: Mexico | C26: 2202.4 | D26: 1244.2 | E26: 1410.2 | F26: 867.6 | G26: =+C26+E26 -> 3612.6 | H26: =+D26+F26 -> 2111.8 | I26: =+(G26/H26-1)*100 -> 71.067336
A27: =+A26+7 -> 39016 | B27: Mexico | C27: 2146.6 | D27: 1299.4 | E27: 1623.1 | F27: 1012.4 | G27: =+C27+E27 -> 3769.7 | H27: =+D27+F27 -> 2311.8 | I27: =+(G27/H27-1)*100 -> 63.063414
A28: =+A27+7 -> 39023 | B28: Mexico | C28: 2202.2 | D28: 1293.1 | E28: 1871.7 | F28: 1159.1 | G28: =+C28+E28 -> 4073.9 | H28: =+D28+F28 -> 2452.2 | I28: =+(G28/H28-1)*100 -> 66.132452
A29: =+A28+7 -> 39030 | B29: Mexico | C29: 2226.7 | D29: 1299.3 | E29: 2102.1 | F29: 1343 | G29: =+C29+E29 -> 4328.8 | H29: =+D29+F29 -> 2642.3 | I29: =+(G29/H29-1)*100 -> 63.826969
A30: =+A29+7 -> 39037 | B30: Mexico | C30: 2121.2 | D30: 1310 | E30: 2328.6 | F30: 1487.1 | G30: =+C30+E30 -> 4449.8 | H30: =+D30+F30 -> 2797.1 | I30: =+(G30/H30-1)*100 -> 59.086196
A31: =+A30+7 -> 39044 | B31: Mexico | C31: 2066.9 | D31: 1211.5 | E31: 2489.1 | F31: 1601 | G31: =+C31+E31 -> 4556 | H31: =+D31+F31 -> 2812.5 | I31: =+(G31/H31-1)*100 -> 61.991111
... A54: =+A53+7 -> 39205 | B54: Mexico | C54: 2545.2 | D54: 835.6 | E54: 6833.5 | F54: 4746.4 | G54: =+C54+E54 -> 9378.7 | H54: =+D54+F54 -> 5582 | I54: =+(G54/H54-1)*100 -> 68.01684
A55: =+A54+7 -> 39212 | B55: Mexico | C55: 2357.6 | D55: 910.9 | E55: 7064.3 | F55: 4822.2 | G55: =+C55+E55 -> 9421.9 | H55: =+D55+F55 -> 5733.1 | I55: =+(G55/H55-1)*100 -> 64.342153 | J55: 555.7
A56: =+A55+7 -> 39219 | B56: Mexico | C56: 2054.4 | D56: 847 | E56: 7234.8 | F56: 4948 | G56: =+C56+E56 -> 9289.2 | H56: =+D56+F56 -> 5795 | I56: =+(G56/H56-1)*100 -> 60.296808 | J56: 692.6
A57: =+A56+7 -> 39226 | B57: Mexico | C57: 1851 | D57: 790.6 | E57: 7491.1 | F57: 5114 | G57: =+C57+E57 -> 9342.1 | H57: =+D57+F57 -> 5904.6 | I57: =+(G57/H57-1)*100 -> 58.217322 | J57: 692.6
A58: =+A57+7 -> 39233 | B58: Mexico | C58: 1628.6 | D58: 730.9 | E58: 7721.4 | F58: 5272.7 | G58: =+C58+E58 -> 9350 | H58: =+D58+F58 -> 6003.6 | I58: =+(G58/H58-1)*100 -> 55.739889 | J58: 719.6
A59: =+A58+7 -> 39240 | B59: Mexico | C59: 1657.8 | D59: 746.6 | E59: 7784.5 | F59: 5397.4 | G59: =+C59+E59 -> 9442.3 | H59: =+D59+F59 -> 6144 | I59: =+(G59/H59-1)*100 -> 53.683268 | J59: 719.6
A60: =+A59+7 -> 39247 | B60: Mexico | C60: 1639.8 | D60: 768.7 | E60: 7858.9 | F60: 5562.3 | G60: =+C60+E60 -> 9498.7 | H60: =+D60+F60 -> 6331 | I60: =+(G60/H60-1)*100 -> 50.03475 | J60: 839.6
A61: =+A60+7 -> 39254 | B61: Mexico | C61: 1494.2 | D61: 820.1 | E61: 7937.2 | F61: 5623.1 | G61: =+C61+E61 -> 9431.4 | H61: =+D61+F61 -> 6443.2 | I61: =+(G61/H61-1)*100 -> 46.377576 | J61: 859.6
A62: =+A61+7 -> 39261 | B62: Mexico | C62: 1512.8 | D62: 891.4 | E62: 8067.1 | F62: 5701.1 | G62: =+C62+E62 -> 9579.9 | H62: =+D62+F62 -> 6592.5 | I62: =+(G62/H62-1)*100 -> 45.315131 | J62: 1045.3
A63: =+A62+7 -> 39268 | B63: Mexico | C63: 1507.5 | D63: 905.7 | E63: 8109 | F63: 5770.1 | G63: =+C63+E63 -> 9616.5 | H63: =+D63+F63 -> 6675.8 | I63: =+(G63/H63-1)*100 -> 44.050151 | J63: 1024.4
A64: =+A63+7 -> 39275 | B64: Mexico | C64: 1475.2 | D64: 789.1 | E64: 8232 | F64: 5896.9 | G64: =+C64+E64 -> 9707.2 | H64: =+D64+F64 -> 6686 | I64: =+(G64/H64-1)*100 -> 45.186958 | J64: 1125.1
A65: =+A64+7 -> 39282 | B65: Mexico | C65: 1437.8 | D65: 887.2 | E65: 8288.4 | F65: 5953.5 | G65: =+C65+E65 -> 9726.2 | H65: =+D65+F65 -> 6840.7 | I65: =+(G65/H65-1)*100 -> 42.181356 | J65: 1196
A66: =+A65+7 -> 39289 | B66: Mexico | C66: 1380.3 | D66: 1058.2 | E66: 8408.3 | F66: 5990.2 | G66: =+C66+E66 -> 9788.6 | H66: =+D66+F66 -> 7048.4 | I66: =+(G66/H66-1)*100 -> 38.876908 | J66: 1341.7
... A71: =+A70+7 -> 39324 | B71: Mexico | C71: 731.7 | D71: 382.9 | E71: 9071.9 | F71: 6653.1 | G71: =+C71+E71 -> 9803.6 | H71: =+D71+F71 -> 7036 | I71: =+(G71/H71-1)*100 -> 39.334849 | J71: 2211.1
A72: =+A71+7 -> 39331 | B72: Mexico | C72: 2891.7 | D72: 1800.8 | E72: 123.3 | F72: 225.1 | G72: =+C72+E72 -> 3015 | H72: =+D72+F72 -> 2025.9 | I72: =+(G72/H72-1)*100 -> 48.822745
A73: =+A72+7 -> 39338 | B73: Mexico | C73: 3548.2 | D73: 2019.9 | E73: 232.8 | F73: 399.4 | G73: =+C73+E73 -> 3781 | H73: =+D73+F73 -> 2419.3 | I73: =+(G73/H73-1)*100 -> 56.284876
A74: =+A73+7 -> 39345 | B74: Mexico | C74: 3728.8 | D74: 1917.1 | E74: 474.7 | F74: 619.3 | G74: =+C74+E74 -> 4203.5 | H74: =+D74+F74 -> 2536.4 | I74: =+(G74/H74-1)*100 -> 65.727015
A75: =+A74+7 -> 39352 | B75: Mexico | C75: 3492.1 | D75: 2013.2 | E75: 712.1 | F75: 856.5 | G75: =+C75+E75 -> 4204.2 | H75: =+D75+F75 -> 2869.7 | I75: =+(G75/H75-1)*100 -> 46.503119
A76: =+A75+7 -> 39359 | B76: Mexico | C76: 3555 | D76: 1953.3 | E76: 941.4 | F76: 1109.9 | G76: =+C76+E76 -> 4496.4 | H76: =+D76+F76 -> 3063.2 | I76: =+(G76/H76-1)*100 -> 46.787673
A77: =+A76+7 -> 39366 | B77: Mexico | C77: 3671.7 | D77: 1924.7 | E77: 1109 | F77: 1254.9 | G77: =+C77+E77 -> 4780.7 | H77: =+D77+F77 -> 3179.6 | I77: =+(G77/H77-1)*100 -> 50.355391
A78: =+A77+7 -> 39373 | B78: Mexico | C78: 3590.1 | D78: 2202.4 | E78: 1290.1 | F78: 1410.2 | G78: =+C78+E78 -> 4880.2 | H78: =+D78+F78 -> 3612.6 | I78: =+(G78/H78-1)*100 -> 35.088302
A79: =+A78+7 -> 39380 | B79: Mexico | C79: 3443.3 | D79: 2146.6 | E79: 1500.7 | F79: 1623.1 | G79: =+C79+E79 -> 4944 | H79: =+D79+F79 -> 3769.7 | I79: =+(G79/H79-1)*100 -> 31.15102
A80: =+A79+7 -> 39387 | B80: Mexico | C80: 3370.7 | D80: 2202.2 | E80: 1762.4 | F80: 1871.7 | G80: =+C80+E80 -> 5133.1 | H80: =+D80+F80 -> 4073.9 | I80: =+(G80/H80-1)*100 -> 25.999656
A81: =+A80+7 -> 39394 | B81: Mexico | C81: 3192.7 | D81: 2226.7 | E81: 1965.1 | F81: 2102.1 | G81: =+C81+E81 -> 5157.8 | H81: =+D81+F81 -> 4328.8 | I81: =+(G81/H81-1)*100 -> 19.150804
A82: =+A81+7 -> 39401 | B82: Mexico | C82: 3112.7 | D82: 2121.2 | E82: 2095.5 | F82: 2328.6 | G82: =+C82+E82 -> 5208.2 | H82: =+D82+F82 -> 4449.8 | I82: =+(G82/H82-1)*100 -> 17.043463
A83: =+A82+7 -> 39408 | B83: Mexico | C83: 2995.7 | D83: 2066.9 | E83: 2296.6 | F83: 2489.1 | G83: =+C83+E83 -> 5292.3 | H83: =+D83+F83 -> 4556 | I83: =+(G83/H83-1)*100 -> 16.161106
... A85: =+A84+7 -> 39422 | B85: Mexico | C85: 3093.1 | D85: 1744.5 | E85: 2658.3 | F85: 3074.6 | G85: =+C85+E85 -> 5751.4 | H85: =+D85+F85 -> 4819.1 | I85: =+(G85/H85-1)*100 -> 19.345936
A86: =+A85+7 -> 39429 | B86: Mexico | C86: 3093.1 | D86: 1625.6 | E86: 2799.9 | F86: 3306.6 | G86: =+C86+E86 -> 5893 | H86: =+D86+F86 -> 4932.2 | I86: =+(G86/H86-1)*100 -> 19.480151 | J86: 265.2
A87: =+A86+7 -> 39436 | B87: Mexico | C87: 3099.4 | D87: 1426.7 | E87: 2980.1 | F87: 3667.1 | G87: =+C87+E87 -> 6079.5 | H87: =+D87+F87 -> 5093.8 | I87: =+(G87/H87-1)*100 -> 19.350976 | J87: 265.2
A88: =+A87+7 -> 39443 | B88: Mexico | C88: 3009.1 | D88: 1203.9 | E88: 3139.4 | F88: 4022.1 | G88: =+C88+E88 -> 6148.5 | H88: =+D88+F88 -> 5226 | I88: =+(G88/H88-1)*100 -> 17.652124 | J88: 265.2
A89: =+A88+7 -> 39450 | B89: Mexico | C89: 3024.4 | D89: 1376.1 | E89: 3262.6 | F89: 4131.1 | G89: =+C89+E89 -> 6287 | H89: =+D89+F89 -> 5507.2 | I89: =+(G89/H89-1)*100 -> 14.159646 | J89: 265.2
A90: =+A89+7 -> 39457 | B90: Mexico | C90: 2938.6 | D90: 1452.4 | E90: 3396.4 | F90: 4202.5 | G90: =+C90+E90 -> 6335 | H90: =+D90+F90 -> 5654.9 | I90: =+(G90/H90-1)*100 -> 12.026738 | J90: 265.2
A91: =+A90+7 -> 39464 | B91: Mexico | C91: 2910.5 | D91: 1632.6 | E91: 3606.3 | F91: 4232.6 | G91: =+C91+E91 -> 6516.8 | H91: =+D91+F91 -> 5865.2 | I91: =+(G91/H91-1)*100 -> 11.109596 | J91: 265.2
A92: =+A91+7 -> 39471 | B92: Mexico | C92: 2908.4 | D92: 1659.2 | E92: 3807.9 | F92: 4322 | G92: =+C92+E92 -> 6716.3 | H92: =+D92+F92 -> 5981.2 | I92: =+(G92/H92-1)*100 -> 12.290176 | J92: 265.2
A93: =+A92+7 -> 39478 | B93: Mexico | C93: 2781.5 | D93: 1846.6 | E93: 4002.8 | F93: 4448.7 | G93: =+C93+E93 -> 6784.3 | H93: =+D93+F93 -> 6295.3 | I93: =+(G93/H93-1)*100 -> 7.7676997 | J93: 265.2
A94: =+A93+7 -> 39485 | B94: Mexico | C94: 2685.6 | D94: 1943.6 | E94: 4148.2 | F94: 4537.3 | G94: =+C94+E94 -> 6833.8 | H94: =+D94+F94 -> 6480.9 | I94: =+(G94/H94-1)*100 -> 5.4452314 | J94: 265.2
A95: =+A94+7 -> 39492 | B95: Mexico | C95: 2623.4 | D95: 2252.8 | E95: 4387.9 | F95: 4615.1 | G95: =+C95+E95 -> 7011.3 | H95: =+D95+F95 -> 6867.9 | I95: =+(G95/H95-1)*100 -> 2.0879745 | J95: 319
A96: =+A95+7 -> 39499 | B96: Mexico | C96: 2504.8 | D96: 2146.5 | E96: 4515.6 | F96: 4778.4 | G96: =+C96+E96 -> 7020.4 | H96: =+D96+F96 -> 6924.9 | I96: =+(G96/H96-1)*100 -> 1.3790813 | J96: 319
A97: =+A96+7 -> 39506 | B97: Mexico | C97: 2418 | D97: 2524.8 | E97: 4725.3 | F97: 5031.1 | G97: =+C97+E97 -> 7143.3 | H97: =+D97+F97 -> 7555.9 | I97: =+(G97/H97-1)*100 -> -5.4606334 | J97: 331
... A118: =+A117+7 -> 39653 | B118: Mexico | C118: 1074.6 | D118: 1380.3 | E118: 7826.7 | F118: 8408.3 | G118: =+C118+E118 -> 8901.3 | H118: =+D118+F118 -> 9788.6 | I118: =+(G118/H118-1)*100 -> -9.0646262 | J118: 1229.7
A119: =+A118+7 -> 39660 | B119: Mexico | C119: 982.6 | D119: 1335.9 | E119: 7936.2 | F119: 8549.3 | G119: =+C119+E119 -> 8918.8 | H119: =+D119+F119 -> 9885.2 | I119: =+(G119/H119-1)*100 -> -9.7762311 | J119: 1496.8 | K119: =1166/J119-1 -> -0.22100481
A120: =+A119+7 -> 39667 | B120: Mexico | C120: 760.1 | D120: 1321.1 | E120: 8199 | F120: 8583.6 | G120: =+C120+E120 -> 8959.1 | H120: =+D120+F120 -> 9904.7 | I120: =+(G120/H120-1)*100 -> -9.5469827 | J120: 1646.5
A121: =+A120+7 -> 39674 | B121: Mexico | C121: 630.7 | D121: 1083.9 | E121: 8397.7 | F121: 8759.3 | G121: =+C121+E121 -> 9028.4 | H121: =+D121+F121 -> 9843.2 | I121: =+(G121/H121-1)*100 -> -8.2777958 | J121: 1815.1
A122: =+A121+7 -> 39681 | B122: Mexico | C122: 588.5 | D122: 892.2 | E122: 8503.3 | F122: 8873.7 | G122: =+C122+E122 -> 9091.8 | H122: =+D122+F122 -> 9765.9 | I122: =+(G122/H122-1)*100 -> -6.9025896 | J122: 1919.1 | K122: =1.1/1.9 -> 0.57894737
A123: =+A122+7 -> 39688 | B123: Mexico | C123: 523.5 | D123: 731.7 | E123: 8640.6 | F123: 9071.9 | G123: =+C123+E123 -> 9164.1 | H123: =+D123+F123 -> 9803.6 | I123: =+(G123/H123-1)*100 -> -6.523114 | J123: 2043.1 | K123: =+G123-DATA!N116 -> 9147.7
A124: =+A123+7 -> 39695 | B124: Mexico | C124: 2504.5 | D124: 2891.7 | E124: 58.4 | F124: 123.3 | G124: =+C124+E124 -> 2562.9 | H124: =+D124+F124 -> 3015 | I124: =+(G124/H124-1)*100 -> -14.995025
A125: =+A124+7 -> 39702 | B125: Mexico | C125: 2572 | D125: 3548.2 | E125: 178.1 | F125: 232.8 | G125: =+C125+E125 -> 2750.1 | H125: =+D125+F125 -> 3781 | I125: =+(G125/H125-1)*100 -> -27.265274
A126: =+A125+7 -> 39709 | B126: Mexico | C126: 2674.8 | D126: 3728.8 | E126: 305 | F126: 474.7 | G126: =+C126+E126 -> 2979.8 | H126: =+D126+F126 -> 4203.5 | I126: =+(G126/H126-1)*100 -> -29.111455
A127: =+A126+7 -> 39716 | B127: Mexico | C127: 2582.9 | D127: 3492.1 | E127: 492.8 | F127: 712.1 | G127: =+C127+E127 -> 3075.7 | H127: =+D127+F127 -> 4204.2 | I127: =+(G127/H127-1)*100 -> -26.842205
A128: =+A127+7 -> 39723 | B128: Mexico | C128: 2660.9 | D128: 3555 | E128: 606.1 | F128: 941.4 | G128: =+C128+E128 -> 3267 | H128: =+D128+F128 -> 4496.4 | I128: =+(G128/H128-1)*100 -> -27.341873
A129: =+A128+7 -> 39730 | B129: Mexico | C129: 2760.4 | D129: 3671.7 | E129: 762.8 | F129: 1109 | G129: =+C129+E129 -> 3523.2 | H129: =+D129+F129 -> 4780.7 | I129: =+(G129/H129-1)*100 -> -26.303679
A130: =+A129+7 -> 39737 | B130: Mexico | C130: 2599.4 | D130: 3590.1 | E130: 989.2 | F130: 1290.1 | G130: =+C130+E130 -> 3588.6 | H130: =+D130+F130 -> 4880.2 | I130: =+(G130/H130-1)*100 -> -26.466128
A131: =+A130+7 -> 39744 | B131: Mexico | C131: 2520.1 | D131: 3443.3 | E131: 1154.5 | F131: 1500.7 | G131: =+C131+E131 -> 3674.6 | H131: =+D131+F131 -> 4944 | I131: =+(G131/H131-1)*100 -> -25.675566
A132: =+A131+7 -> 39751 | B132: Mexico | C132: 2393.2 | D132: 3370.7 | E132: 1334 | F132: 1762.4 | G132: =+C132+E132 -> 3727.2 | H132: =+D132+F132 -> 5133.1 | I132: =+(G132/H132-1)*100 -> -27.388907
A133: =+A132+7 -> 39758 | B133: Mexico | C133: 2310.1 | D133: 3192.7 | E133: 1533.1 | F133: 1965.1 | G133: =+C133+E133 -> 3843.2 | H133: =+D133+F133 -> 5157.8 | I133: =+(G133/H133-1)*100 -> -25.487611
A134: =+A133+7 -> 39765 | B134: Mexico | C134: 2231.3 | D134: 3112.7 | E134: 1639.3 | F134: 2095.5 | G134: =+C134+E134 -> 3870.6 | H134: =+D134+F134 -> 5208.2 | I134: =+(G134/H134-1)*100 -> -25.682577
A135: =+A134+7 -> 39772 | B135: Mexico | C135: 2041.2 | D135: 2995.7 | E135: 1877.2 | F135: 2284.6 | G135: =+C135+E135 -> 3918.4 | H135: =+D135+F135 -> 5280.3 | I135: =+(G135/H135-1)*100 -> -25.792095
... A137: =+A136+7 -> 39786 | B137: Mexico | C137: 2386.8 | D137: 3093.1 | E137: 2173.4 | F137: 2646.3 | G137: =+C137+E137 -> 4560.2 | H137: =+D137+F137 -> 5739.4 | I137: =+(G137/H137-1)*100 -> -20.545702
A138: =+A137+7 -> 39793 | B138: Mexico | C138: 2262.4 | D138: 3093.1 | E138: 2306.5 | F138: 2799.9 | G138: =+C138+E138 -> 4568.9 | H138: =+D138+F138 -> 5893 | I138: =+(G138/H138-1)*100 -> -22.469031 | L138: 151.6
A139: =+A138+7 -> 39800 | B139: Mexico | C139: 2224.3 | D139: 3099.4 | E139: 2425.6 | F139: 2980.1 | G139: =+C139+E139 -> 4649.9 | H139: =+D139+F139 -> 6079.5 | I139: =+(G139/H139-1)*100 -> -23.515092
A140: =+A139+7 -> 39807 | B140: Mexico | C140: 2196.7 | D140: 3009.1 | E140: 2506.6 | F140: 3139.4 | G140: =+C140+E140 -> 4703.3 | H140: =+D140+F140 -> 6148.5 | I140: =+(G140/H140-1)*100 -> -23.50492
A141: =+A140+7 -> 39814 | B141: Mexico | C141: 2110.7 | D141: 3024.4 | E141: 2606.1 | F141: 3262.6 | G141: =+C141+E141 -> 4716.8 | H141: =+D141+F141 -> 6287 | I141: =+(G141/H141-1)*100 -> -24.975346
A142: =+A141+7 -> 39821 | B142: Mexico | C142: 1967.1 | D142: 2938.6 | E142: 2780.3 | F142: 3396.4 | G142: =+C142+E142 -> 4747.4 | H142: =+D142+F142 -> 6335 | I142: =+(G142/H142-1)*100 -> -25.060773
A143: =+A142+7 -> 39828 | B143: Mexico | C143: 1989.8 | D143: 2910.5 | E143: 2852.5 | F143: 3606.3 | G143: =+C143+E143 -> 4842.3 | H143: =+D143+F143 -> 6516.8 | I143: =+(G143/H143-1)*100 -> -25.695126
A144: =+A143+7 -> 39835 | B144: Mexico | C144: 2052.2 | D144: 2908.4 | E144: 2972.9 | F144: 3807.9 | G144: =+C144+E144 -> 5025.1 | H144: =+D144+F144 -> 6716.3 | I144: =+(G144/H144-1)*100 -> -25.180531
A145: =+A144+7 -> 39842 | B145: Mexico | C145: 1988.1 | D145: 2781.5 | E145: 3122.2 | F145: 4002.8 | G145: =+C145+E145 -> 5110.3 | H145: =+D145+F145 -> 6784.3 | I145: =+(G145/H145-1)*100 -> -24.674616
A146: =+A145+7 -> 39849 | B146: Mexico | C146: 1883.1 | D146: 2685.6 | E146: 3258.5 | F146: 4148.2 | G146: =+C146+E146 -> 5141.6 | H146: =+D146+F146 -> 6833.8 | I146: =+(G146/H146-1)*100 -> -24.762211
A147: =+A146+7 -> 39856 | B147: Mexico | C147: 1997.9 | D147: 2623.4 | E147: 3397 | F147: 4387.9 | G147: =+C147+E147 -> 5394.9 | H147: =+D147+F147 -> 7011.3 | I147: =+(G147/H147-1)*100 -> -23.054212
A148: =+A147+7 -> 39863 | B148: Mexico | C148: 1996 | D148: 2504.8 | E148: 3487.7 | F148: 4515.6 | G148: =+C148+E148 -> 5483.7 | H148: =+D148+F148 -> 7020.4 | I148: =+(G148/H148-1)*100 -> -21.889066
...

Sheet Korea
B1: Corn by Destination Export Sales as of:
C2: Unshipped Balance | E2: Accumulated Exports | G2: Total Commitments | I2: from last yr
C3: 2013 | D3: 2012 | E3: 2013 | F3: 2012 | G3: 2013 | H3: 2012 | I3: % change | J3: Next Crop year
A4: Korea | B4: =+Taiwan!A4 -> 38855 | C4: 724.1 | D4: 58.2 | E4: 3292.5 | F4: 1372.6 | G4: =+C4+E4 -> 4016.6 | H4: =+D4+F4 -> 1430.8 | I4: =+(G4/H4-1)*100 -> 180.72407
A5: Korea | B5: =+Taiwan!A5 -> 38862 | C5: 635 | D5: 110.2 | E5: 3443.2 | F5: 1372.6 | G5: =+C5+E5 -> 4078.2 | H5: =+D5+F5 -> 1482.8 | I5: =+(G5/H5-1)*100 -> 175.03372 | J5: 1.2
A6: Korea | B6: =+Taiwan!A6 -> 38869 | C6: 680.7 | D6: 110.6 | E6: 3560.6 | F6: 1373.4 | G6: =+C6+E6 -> 4241.3 | H6: =+D6+F6 -> 1484 | I6: =+(G6/H6-1)*100 -> 185.80189 | J6: 56.2 | K6: (Canceled sales?)
A7: Korea | B7: =+Taiwan!A7 -> 38876 | C7: 813.5 | D7: 121.8 | E7: 3621.1 | F7: 1373.4 | G7: =+C7+E7 -> 4434.6 | H7: =+D7+F7 -> 1495.2 | I7: =+(G7/H7-1)*100 -> 196.58909 | J7: 1.2
A8: Korea | B8: =+Taiwan!A8 -> 38883 | C8: 1077.3 | D8: 121.1 | E8: 3736.6 | F8: 1431.6 | G8: =+C8+E8 -> 4813.9 | H8: =+D8+F8 -> 1552.7 | I8: =+(G8/H8-1)*100 -> 210.03413 | J8: 1.2
A9: Korea | B9: =+Taiwan!A9 -> 38890 | C9: 986.1 | D9: 239.4 | E9: 3996.1 | F9: 1432.3 | G9: =+C9+E9 -> 4982.2 | H9: =+D9+F9 -> 1671.7 | I9: =+(G9/H9-1)*100 -> 198.03194 | J9: 1.2
A10: Korea | B10: =+Taiwan!A10 -> 38897 | C10: 800.4 | D10: 274.3 | E10: 4205.6 | F10: 1512.8 | G10: =+C10+E10 -> 5006 | H10: =+D10+F10 -> 1787.1 | I10: =+(G10/H10-1)*100 -> 180.11863 | J10: 1.2
A11: Korea | B11: =+Taiwan!A11 -> 38904 | C11: 765.9 | D11: 261.8 | E11: 4210.7 | F11: 1572.2 | G11: =+C11+E11 -> 4976.6 | H11: =+D11+F11 -> 1834 | I11: =+(G11/H11-1)*100 -> 171.35224 | J11: 1.2
A12: Korea | B12: =+Taiwan!A12 -> 38911 | C12: 617.9 | D12: 173.5 | E12: 4421.4 | F12: 1663.5 | G12: =+C12+E12 -> 5039.3 | H12: =+D12+F12 -> 1837 | I12: =+(G12/H12-1)*100 -> 174.32226 | J12: 1.2
A13: Korea | B13: =+Taiwan!A13 -> 38918 | C13: 517.7 | D13: 173.7 | E13: 4527 | F13: 1721.3 | G13: =+C13+E13 -> 5044.7 | H13: =+D13+F13 -> 1895 | I13: =+(G13/H13-1)*100 -> 166.21108 | J13: 59.2
A14: Korea | B14: =+Taiwan!A14 -> 38925 | C14: 475.7 | D14: 181 | E14: 4675.3 | F14: 1779 | G14: =+C14+E14 -> 5151 | H14: =+D14+F14 -> 1960 | I14: =+(G14/H14-1)*100 -> 162.80612 | J14: 230.7
A15: Korea | B15: =+Taiwan!A15 -> 38932 | C15: 541.4 | D15: 237.5 | E15: 4895.7 | F15: 1836.7 | G15: =+C15+E15 -> 5437.1 | H15: =+D15+F15 -> 2074.2 | I15: =+(G15/H15-1)*100 -> 162.12998 | J15: 230.7
A16: Korea | B16: =+Taiwan!A16 -> 38939 | C16: 541.6 | D16: 284.4 | E16: 5069.3 | F16: 1836.8 | G16: =+C16+E16 -> 5610.9 | H16: =+D16+F16 -> 2121.2 | I16: =+(G16/H16-1)*100 -> 164.51537 | J16: 230.7
A17: Korea | B17: =+Taiwan!A17 -> 38946 | C17: 596.6 | D17: 286.1 | E17: 5069.3 | F17: 1926.7 | G17: =+C17+E17 -> 5665.9 | H17: =+D17+F17 -> 2212.8 | I17: =+(G17/H17-1)*100 -> 156.05116 | J17: 390.5
A18: Korea | B18: =+Taiwan!A18 -> 38953 | C18: 323 | D18: 228.6 | E18: 5239.2 | F18: 1981.8 | G18: =+C18+E18 -> 5562.2 | H18: =+D18+F18 -> 2210.4 | I18: =+(G18/H18-1)*100 -> 151.63771 | J18: 551.3
A19: Korea | B19: =+Taiwan!A19 -> 38960 | C19: 62.4 | D19: 169.8 | E19: 5572.9 | F19: 2098.5 | G19: =+C19+E19 -> 5635.3 | H19: =+D19+F19 -> 2268.3 | I19: =+(G19/H19-1)*100 -> 148.43716 | J19: 727.5
A20: Korea | B20: =+Taiwan!A20 -> 38967 | C20: 669.2 | D20: 586.3 | E20: 175.4 | F20: 0 | G20: =+C20+E20 -> 844.6 | H20: =+D20+F20 -> 586.3 | I20: =+(G20/H20-1)*100 -> 44.055944
A21: Korea | B21: =+Taiwan!A21 -> 38974 | C21: 672.6 | D21: 528.3 | E21: 339.6 | F21: 58.4 | G21: =+C21+E21 -> 1012.2 | H21: =+D21+F21 -> 586.7 | I21: =+(G21/H21-1)*100 -> 72.524288
A22: Korea | B22: =+Taiwan!A22 -> 38981 | C22: 500.2 | D22: 418.3 | E22: 454.6 | F22: 169.5 | G22: =+C22+E22 -> 954.8 | H22: =+D22+F22 -> 587.8 | I22: =+(G22/H22-1)*100 -> 62.436203
A23: Korea | B23: =+Taiwan!A23 -> 38988 | C23: 387 | D23: 398.3 | E23: 618.8 | F23: 341.1 | G23: =+C23+E23 -> 1005.8 | H23: =+D23+F23 -> 739.4 | I23: =+(G23/H23-1)*100 -> 36.029213
A24: Korea | B24: =+Taiwan!A24 -> 38995 | C24: 444.9 | D24: 287.8 | E24: 618.8 | F24: 456.4 | G24: =+C24+E24 -> 1063.7 | H24: =+D24+F24 -> 744.2 | I24: =+(G24/H24-1)*100 -> 42.932008
A25: Korea | B25: =+Taiwan!A25 -> 39002 | C25: 444.9 | D25: 232.8 | E25: 665.3 | F25: 456.6 | G25: =+C25+E25 -> 1110.2 | H25: =+D25+F25 -> 689.4 | I25: =+(G25/H25-1)*100 -> 61.038584
A26: Korea | B26: =+Taiwan!A26 -> 39009 | C26: 445 | D26: 215.7 | E26: 665.8 | F26: 515.8 | G26: =+C26+E26 -> 1110.8 | H26: =+D26+F26 -> 731.5 | I26: =+(G26/H26-1)*100 -> 51.852358
A27: Korea | B27: =+Taiwan!A27 -> 39016 | C27: 499.9 | D27: 218.7 | E27: 666.2 | F27: 572.8 | G27: =+C27+E27 -> 1166.1 | H27: =+D27+F27 -> 791.5 | I27: =+(G27/H27-1)*100 -> 47.327858
A28: Korea | B28: =+Taiwan!A28 -> 39023 | C28: 618.7 | D28: 243.1 | E28: 781.9 | F28: 605.1 | G28: =+C28+E28 -> 1400.6 | H28: =+D28+F28 -> 848.2 | I28: =+(G28/H28-1)*100 -> 65.126149
A29: Korea | B29: =+Taiwan!A29 -> 39030 | C29: 645.3 | D29: 244.7 | E29: 874.5 | F29: 661.5 | G29: =+C29+E29 -> 1519.8 | H29: =+D29+F29 -> 906.2 | I29: =+(G29/H29-1)*100 -> 67.711322
A30: Korea | B30: =+Taiwan!A30 -> 39037 | C30: 534.7 | D30: 245 | E30: 990.1 | F30: 714.6 | G30: =+C30+E30 -> 1524.8 | H30: =+D30+F30 -> 959.6 | I30: =+(G30/H30-1)*100 -> 58.899541
A31: Korea | B31: =+Taiwan!A31 -> 39044 | C31: 647.5 | D31: 245 | E31: 990.3 | F31: 774.5 | G31: =+C31+E31 -> 1637.8 | H31: =+D31+F31 -> 1019.5 | I31: =+(G31/H31-1)*100 -> 60.647376
A32: Korea | B32: =+B31+7 -> 39051 | C32: 700.8 | D32: 199 | E32: 1104.9 | F32: 774.5 | G32: =+C32+E32 -> 1805.7 | H32: =+D32+F32 -> 973.5 | I32: =+(G32/H32-1)*100 -> 85.485362
A33: Korea | B33: =+B32+7 -> 39058 | C33: 920.1 | D33: 233.9 | E33: 1105.6 | F33: 774.5 | G33: =+C33+E33 -> 2025.7 | H33: =+D33+F33 -> 1008.4 | I33: =+(G33/H33-1)*100 -> 100.88259
A34: Korea | B34: =+B33+7 -> 39065 | C34: 1038.2 | D34: 288.8 | E34: 1211.3 | F34: 832.8 | G34: =+C34+E34 -> 2249.5 | H34: =+D34+F34 -> 1121.6 | I34: =+(G34/H34-1)*100 -> 100.5617
A35: Korea | B35: =+B34+7 -> 39072 | C35: 954 | D35: 230.6 | E35: 1325.5 | F35: 833 | G35: =+C35+E35 -> 2279.5 | H35: =+D35+F35 -> 1063.6 | I35: =+(G35/H35-1)*100 -> 114.31929
A36: Korea | B36: =+B35+7 -> 39079 | C36: 1009 | D36: 254.6 | E36: 1325.5 | F36: 865.8 | G36: =+C36+E36 -> 2334.5 | H36: =+D36+F36 -> 1120.4 | I36: =+(G36/H36-1)*100 -> 108.36308
A37: Korea | B37: =+B36+7 -> 39086 | C37: 1008.9 | D37: 199.6 | E37: 1325.6 | F37: 1040.4 | G37: =+C37+E37 -> 2334.5 | H37: =+D37+F37 -> 1240 | I37: =+(G37/H37-1)*100 -> 88.266129
A38: Korea | B38: =+B37+7 -> 39093 | C38: 898.7 | D38: 253.9 | E38: 1382.7 | F38: 1059.4 | G38: =+C38+E38 -> 2281.4 | H38: =+D38+F38 -> 1313.3 | I38: =+(G38/H38-1)*100 -> 73.715069
A39: Korea | B39: =+B38+7 -> 39100 | C39: 898.7 | D39: 538.9 | E39: 1382.7 | F39: 1059.4 | G39: =+C39+E39 -> 2281.4 | H39: =+D39+F39 -> 1598.3 | I39: =+(G39/H39-1)*100 -> 42.73916
A40: Korea | B40: =+B39+7 -> 39107 | C40: 840.4 | D40: 627.9 | E40: 1498.5 | F40: 1090.4 | G40: =+C40+E40 -> 2338.9 | H40: =+D40+F40 -> 1718.3 | I40: =+(G40/H40-1)*100 -> 36.117092
A41: Korea | B41: =+B40+7 -> 39114 | C41: 724.5 | D41: 573.2 | E41: 1557.9 | F41: 1207.4 | G41: =+C41+E41 -> 2282.4 | H41: =+D41+F41 -> 1780.6 | I41: =+(G41/H41-1)*100 -> 28.181512
A42: Korea | B42: =+B41+7 -> 39121 | C42: 724.1 | D42: 628.2 | E42: 1558.3 | F42: 1379.5 | G42: =+C42+E42 -> 2282.4 | H42: =+D42+F42 -> 2007.7 | I42: =+(G42/H42-1)*100 -> 13.682323
A43: Korea | B43: =+B42+7 -> 39128 | C43: 666 | D43: 680.2 | E43: 1673.9 | F43: 1437.3 | G43: =+C43+E43 -> 2339.9 | H43: =+D43+F43 -> 2117.5 | I43: =+(G43/H43-1)*100 -> 10.502952
... A45: Korea | B45: =+B44+7 -> 39142 | C45: 610.9 | D45: 671 | E45: 1731.8 | F45: 1629.6 | G45: =+C45+E45 -> 2342.7 | H45: =+D45+F45 -> 2300.6 | I45: =+(G45/H45-1)*100 -> 1.8299574
A46: Korea | B46: =+B45+7 -> 39149 | C46: 500.7 | D46: 784 | E46: 1905.1 | F46: 1629.8 | G46: =+C46+E46 -> 2405.8 | H46: =+D46+F46 -> 2413.8 | I46: =+(G46/H46-1)*100 -> -0.33142762 | J46: =+G46-G45 -> 63.1
A47: Korea | B47: =+B46+7 -> 39156 | C47: 503.7 | D47: 783.9 | E47: 1905.7 | F47: 1799 | G47: =+C47+E47 -> 2409.4 | H47: =+D47+F47 -> 2582.9 | I47: =+(G47/H47-1)*100 -> -6.7172558 | J47: =+G47-G46 -> 3.6
A48: Korea | B48: =+B47+7 -> 39163 | C48: 616.7 | D48: 989.8 | E48: 1905.7 | F48: 1855.9 | G48: =+C48+E48 -> 2522.4 | H48: =+D48+F48 -> 2845.7 | I48: =+(G48/H48-1)*100 -> -11.361001 | J48: =+G48-G47 -> 113
A49: Korea | B49: =+B48+7 -> 39170 | C49: 561.5 | D49: 920.2 | E49: 1960.3 | F49: 2031.1 | G49: =+C49+E49 -> 2521.8 | H49: =+D49+F49 -> 2951.3 | I49: =+(G49/H49-1)*100 -> -14.552909 | J49: =+G49-G48 -> -0.6
A50: Korea | B50: =+B49+7 -> 39177 | C50: 558.5 | D50: 864.8 | E50: 1960.4 | F50: 2262.4 | G50: =+C50+E50 -> 2518.9 | H50: =+D50+F50 -> 3127.2 | I50: =+(G50/H50-1)*100 -> -19.451906 | J50: =+G50-G49 -> -2.9
A51: Korea | B51: =+B50+7 -> 39184 | C51: 558.1 | D51: 974.7 | E51: 2076.7 | F51: 2377.3 | G51: =+C51+E51 -> 2634.8 | H51: =+D51+F51 -> 3352 | I51: =+(G51/H51-1)*100 -> -21.396181 | J51: =+G51-G50 -> 115.9
A52: Korea | B52: =+B51+7 -> 39191 | C52: 610.4 | D52: 901.7 | E52: 2135.3 | F52: 2660.5 | G52: =+C52+E52 -> 2745.7 | H52: =+D52+F52 -> 3562.2 | I52: =+(G52/H52-1)*100 -> -22.921228
A53: Korea | B53: =+B52+7 -> 39198 | C53: 600.2 | D53: 881.5 | E53: 2368.6 | F53: 2682.7 | G53: =+C53+E53 -> 2968.8 | H53: =+D53+F53 -> 3564.2 | I53: =+(G53/H53-1)*100 -> -16.705011
A54: Korea | B54: =+B53+7 -> 39205 | C54: 494.5 | D54: 839.3 | E54: 2484.9 | F54: 2847.6 | G54: =+C54+E54 -> 2979.4 | H54: =+D54+F54 -> 3686.9 | I54: =+(G54/H54-1)*100 -> -19.189563 | J54: 0.6
A55: Korea | B55: =+B54+7 -> 39212 | C55: 934.4 | D55: 834.3 | E55: 2658.8 | F55: 3063.4 | G55: =+C55+E55 -> 3593.2 | H55: =+D55+F55 -> 3897.7 | I55: =+(G55/H55-1)*100 -> -7.8122996 | J55: 55.6
A56: Korea | B56: =+B55+7 -> 39219 | C56: 824.4 | D56: 724.1 | E56: 2773.4 | F56: 3292.5 | G56: =+C56+E56 -> 3597.8 | H56: =+D56+F56 -> 4016.6 | I56: =+(G56/H56-1)*100 -> -10.426729 | J56: 55.6
A57: Korea | B57: =+B56+7 -> 39226 | C57: 714.4 | D57: 635 | E57: 2884.3 | F57: 3443.2 | G57: =+C57+E57 -> 3598.7 | H57: =+D57+F57 -> 4078.2 | I57: =+(G57/H57-1)*100 -> -11.757638 | J57: 55.6
A58: Korea | B58: =+B57+7 -> 39233 | C58: 714.2 | D58: 680.7 | E58: 2884.5 | F58: 3560.6 | G58: =+C58+E58 -> 3598.7 | H58: =+D58+F58 -> 4241.3 | I58: =+(G58/H58-1)*100 -> -15.151015 | J58: 113.6
A59: Korea | B59: =+B58+7 -> 39240 | C59: 715.4 | D59: 813.5 | E59: 2905.8 | F59: 3621.1 | G59: =+C59+E59 -> 3621.2 | H59: =+D59+F59 -> 4434.6 | I59: =+(G59/H59-1)*100 -> -18.342128 | J59: 113.6
A60: Korea | B60: =+B59+7 -> 39247 | C60: 500.7 | D60: 1077.3 | E60: 3130.6 | F60: 3736.6 | G60: =+C60+E60 -> 3631.3 | H60: =+D60+F60 -> 4813.9 | I60: =+(G60/H60-1)*100 -> -24.56636 | J60: 113.6
A61: Korea | B61: =+B60+7 -> 39254 | C61: 445.5 | D61: 986.1 | E61: 3185.5 | F61: 3996.1 | G61: =+C61+E61 -> 3631 | H61: =+D61+F61 -> 4982.2 | I61: =+(G61/H61-1)*100 -> -27.120549 | J61: 113.6
A62: Korea | B62: =+B61+7 -> 39261 | C62: 614.4 | D62: 800.4 | E62: 3242.4 | F62: 4205.6 | G62: =+C62+E62 -> 3856.8 | H62: =+D62+F62 -> 5006 | I62: =+(G62/H62-1)*100 -> -22.956452 | J62: 548.6
A63: Korea | B63: =+B62+7 -> 39268 | C63: 559.3 | D63: 765.9 | E63: 3357.7 | F63: 4210.7 | G63: =+C63+E63 -> 3917 | H63: =+D63+F63 -> 4976.6 | I63: =+(G63/H63-1)*100 -> -21.291645 | J63: 603.6
A64: Korea | B64: =+B63+7 -> 39275 | C64: 448.5 | D64: 617.9 | E64: 3472.9 | F64: 4421.4 | G64: =+C64+E64 -> 3921.4 | H64: =+D64+F64 -> 5039.3 | I64: =+(G64/H64-1)*100 -> -22.183637 | J64: 603.6
A65: Korea | B65: =+B64+7 -> 39282 | C65: 293.6 | D65: 517.7 | E65: 3635.6 | F65: 4527 | G65: =+C65+E65 -> 3929.2 | H65: =+D65+F65 -> 5044.7 | I65: =+(G65/H65-1)*100 -> -22.112316 | J65: 659.5
... A71: Korea | B71: =+B70+7 -> 39324 | C71: 126.7 | D71: 62.4 | E71: 4078.6 | F71: 5572.9 | G71: =+C71+E71 -> 4205.3 | H71: =+D71+F71 -> 5635.3 | I71: =+(G71/H71-1)*100 -> -25.375756 | J71: 705.5
A72: Korea | B72: =+B71+7 -> 39331 | C72: 944.9 | D72: 669.2 | E72: 171.6 | F72: 175.4 | G72: =+C72+E72 -> 1116.5 | H72: =+D72+F72 -> 844.6 | I72: =+(G72/H72-1)*100 -> 32.192754
A73: Korea | B73: =+B72+7 -> 39338 | C73: 1127.8 | D73: 672.6 | E73: 229.4 | F73: 339.6 | G73: =+C73+E73 -> 1357.2 | H73: =+D73+F73 -> 1012.2 | I73: =+(G73/H73-1)*100 -> 34.084173
A74: Korea | B74: =+B73+7 -> 39345 | C74: 1132 | D74: 500.2 | E74: 283.3 | F74: 454.6 | G74: =+C74+E74 -> 1415.3 | H74: =+D74+F74 -> 954.8 | I74: =+(G74/H74-1)*100 -> 48.229996
A75: Korea | B75: =+B74+7 -> 39352 | C75: 1017.5 | D75: 387 | E75: 460.5 | F75: 618.8 | G75: =+C75+E75 -> 1478 | H75: =+D75+F75 -> 1005.8 | I75: =+(G75/H75-1)*100 -> 46.947703
A76: Korea | B76: =+B75+7 -> 39359 | C76: 1299.1 | D76: 444.9 | E76: 564.5 | F76: 618.8 | G76: =+C76+E76 -> 1863.6 | H76: =+D76+F76 -> 1063.7 | I76: =+(G76/H76-1)*100 -> 75.199774
A77: Korea | B77: =+B76+7 -> 39366 | C77: 1398.3 | D77: 444.9 | E77: 715.1 | F77: 665.3 | G77: =+C77+E77 -> 2113.4 | H77: =+D77+F77 -> 1110.2 | I77: =+(G77/H77-1)*100 -> 90.362097
A78: Korea | B78: =+B77+7 -> 39373 | C78: 1514.9 | D78: 445 | E78: 763.8 | F78: 665.8 | G78: =+C78+E78 -> 2278.7 | H78: =+D78+F78 -> 1110.8 | I78: =+(G78/H78-1)*100 -> 105.14044
A79: Korea | B79: =+B78+7 -> 39380 | C79: 1452.6 | D79: 499.9 | E79: 881.6 | F79: 666.2 | G79: =+C79+E79 -> 2334.2 | H79: =+D79+F79 -> 1166.1 | I79: =+(G79/H79-1)*100 -> 100.17151 | J79: 1.2
A80: Korea | B80: =+B79+7 -> 39387 | C80: 1671.6 | D80: 618.7 | E80: 1145.2 | F80: 781.9 | G80: =+C80+E80 -> 2816.8 | H80: =+D80+F80 -> 1400.6 | I80: =+(G80/H80-1)*100 -> 101.11381
A81: Korea | B81: =+B80+7 -> 39394 | C81: 1913 | D81: 645.3 | E81: 1191.6 | F81: 874.5 | G81: =+C81+E81 -> 3104.6 | H81: =+D81+F81 -> 1519.8 | I81: =+(G81/H81-1)*100 -> 104.27688
A82: Korea | B82: =+B81+7 -> 39401 | C82: 1903.3 | D82: 534.7 | E82: 1453.6 | F82: 990.1 | G82: =+C82+E82 -> 3356.9 | H82: =+D82+F82 -> 1524.8 | I82: =+(G82/H82-1)*100 -> 120.15346
A83: Korea | B83: =+B82+7 -> 39408 | C83: 2611.4 | D83: 647.5 | E83: 1498.1 | F83: 990.3 | G83: =+C83+E83 -> 4109.5 | H83: =+D83+F83 -> 1637.8 | I83: =+(G83/H83-1)*100 -> 150.91586
A84: Korea | B84: =+B83+7 -> 39415 | C84: 2641 | D84: 700.8 | E84: 1697.8 | F84: 1104.9 | G84: =+C84+E84 -> 4338.8 | H84: =+D84+F84 -> 1805.7 | I84: =+(G84/H84-1)*100 -> 140.28355
A85: Korea | B85: =+B84+7 -> 39422 | C85: 2638.8 | D85: 920.1 | E85: 1740.2 | F85: 1105.6 | G85: =+C85+E85 -> 4379 | H85: =+D85+F85 -> 2025.7 | I85: =+(G85/H85-1)*100 -> 116.17219
A86: Korea | B86: =+B85+7 -> 39429 | C86: 2604.2 | D86: 1038.2 | E86: 1883.8 | F86: 1211.3 | G86: =+C86+E86 -> 4488 | H86: =+D86+F86 -> 2249.5 | I86: =+(G86/H86-1)*100 -> 99.511002
A87: Korea | B87: =+B86+7 -> 39436 | C87: 2655 | D87: 954 | E87: 1944.8 | F87: 1325.5 | G87: =+C87+E87 -> 4599.8 | H87: =+D87+F87 -> 2279.5 | I87: =+(G87/H87-1)*100 -> 101.78987
A88: Korea | B88: =+B87+7 -> 39443 | C88: 2869 | D88: 1009 | E88: 2053.9 | F88: 1325.5 | G88: =+C88+E88 -> 4922.9 | H88: =+D88+F88 -> 2334.5 | I88: =+(G88/H88-1)*100 -> 110.87599
A89: Korea | B89: =+B88+7 -> 39450 | C89: 2787.6 | D89: 1008.9 | E89: 2170.5 | F89: 1325.6 | G89: =+C89+E89 -> 4958.1 | H89: =+D89+F89 -> 2334.5 | I89: =+(G89/H89-1)*100 -> 112.38381
A90: Korea | B90: =+B89+7 -> 39457 | C90: 3427.3 | D90: 898.7 | E90: 2371.3 | F90: 1382.7 | G90: =+C90+E90 -> 5798.6 | H90: =+D90+F90 -> 2281.4 | I90: =+(G90/H90-1)*100 -> 154.16849
A91: Korea | B91: =+B90+7 -> 39464 | C91: 3765.8 | D91: 898.7 | E91: 2469.9 | F91: 1382.7 | G91: =+C91+E91 -> 6235.7 | H91: =+D91+F91 -> 2281.4 | I91: =+(G91/H91-1)*100 -> 173.32778
... A105: Korea | B105: =+B104+7 -> 39562 | C105: 3122.8 | D105: 600.2 | E105: 5298.7 | F105: 2369.5 | G105: =+C105+E105 -> 8421.5 | H105: =+D105+F105 -> 2969.7 | I105: =+(G105/H105-1)*100 -> 183.58083
A106: Korea | B106: =+B105+7 -> 39569 | C106: 3016.3 | D106: 494.5 | E106: 5411.3 | F106: 2484.9 | G106: =+C106+E106 -> 8427.6 | H106: =+D106+F106 -> 2979.4 | I106: =+(G106/H106-1)*100 -> 182.86232 | J106: 384.2
A107: Korea | B107: =+B106+7 -> 39576 | C107: 2773.4 | D107: 934.4 | E107: 5644.7 | F107: 2658.8 | G107: =+C107+E107 -> 8418.1 | H107: =+D107+F107 -> 3593.2 | I107: =+(G107/H107-1)*100 -> 134.27864 | J107: 384.2
A108: Korea | B108: =+B107+7 -> 39583 | C108: 2598.9 | D108: 824.4 | E108: 5820.3 | F108: 2773.4 | G108: =+C108+E108 -> 8419.2 | H108: =+D108+F108 -> 3597.8 | I108: =+(G108/H108-1)*100 -> 134.00967 | J108: 384.2
A109: Korea | B109: =+B108+7 -> 39590 | C109: 2370.1 | D109: 714.4 | E109: 6039.5 | F109: 2884.3 | G109: =+C109+E109 -> 8409.6 | H109: =+D109+F109 -> 3598.7 | I109: =+(G109/H109-1)*100 -> 133.68439 | J109: 384.2
A110: Korea | B110: =+B109+7 -> 39597 | C110: 2194 | D110: 714.2 | E110: 6200.5 | F110: 2884.5 | G110: =+C110+E110 -> 8394.5 | H110: =+D110+F110 -> 3598.7 | I110: =+(G110/H110-1)*100 -> 133.26479 | J110: 384.2
A111: Korea | B111: =+B110+7 -> 39604 | C111: 1978.2 | D111: 715.4 | E111: 6358.7 | F111: 2905.8 | G111: =+C111+E111 -> 8336.9 | H111: =+D111+F111 -> 3621.2 | I111: =+(G111/H111-1)*100 -> 130.22479 | J111: 384.2
A112: Korea | B112: =+B111+7 -> 39611 | C112: 1752.7 | D112: 500.7 | E112: 6682 | F112: 3130.6 | G112: =+C112+E112 -> 8434.7 | H112: =+D112+F112 -> 3631.3 | I112: =+(G112/H112-1)*100 -> 132.2777 | J112: 384.2
A113: Korea | B113: =+B112+7 -> 39618 | C113: 1580.7 | D113: 445.5 | E113: 6900 | F113: 3185.5 | G113: =+C113+E113 -> 8480.7 | H113: =+D113+F113 -> 3631 | I113: =+(G113/H113-1)*100 -> 133.56376 | J113: 384.2
A114: Korea | B114: =+B113+7 -> 39625 | C114: 1307.7 | D114: 614.4 | E114: 7168.5 | F114: 3242.4 | G114: =+C114+E114 -> 8476.2 | H114: =+D114+F114 -> 3856.8 | I114: =+(G114/H114-1)*100 -> 119.77287 | J114: 385.4
A115: Korea | B115: =+B114+7 -> 39632 | C115: 1191.2 | D115: 559.3 | E115: 7451.4 | F115: 3357.7 | G115: =+C115+E115 -> 8642.6 | H115: =+D115+F115 -> 3917 | I115: =+(G115/H115-1)*100 -> 120.64335 | J115: 385.4
A116: Korea | B116: =+B115+7 -> 39639 | C116: 1190.9 | D116: 448.5 | E116: 7451.6 | F116: 3472.9 | G116: =+C116+E116 -> 8642.5 | H116: =+D116+F116 -> 3921.4 | I116: =+(G116/H116-1)*100 -> 120.39323 | J116: 474.4
A117: Korea | B117: =+B116+7 -> 39646 | C117: 1234.5 | D117: 293.6 | E117: 7670.2 | F117: 3635.6 | G117: =+C117+E117 -> 8904.7 | H117: =+D117+F117 -> 3929.2 | I117: =+(G117/H117-1)*100 -> 126.62883 | J117: 441.4
... A122: Korea | B122: =+B121+7 -> 39681 | C122: 543 | D122: 127 | E122: 8452 | F122: 4078.3 | G122: =+C122+E122 -> 8995 | H122: =+D122+F122 -> 4205.3 | I122: =+(G122/H122-1)*100 -> 113.89675 | J122: 773.4
A123: Korea | B123: =+B122+7 -> 39688 | C123: 378.9 | D123: 126.7 | E123: 8616.5 | F123: 4078.6 | G123: =+C123+E123 -> 8995.4 | H123: =+D123+F123 -> 4205.3 | I123: =+(G123/H123-1)*100 -> 113.90626 | J123: 776.9 | K123: =+G123-DATA!N75 -> 8995.4
...

Sheet China
B1: Corn by Destination Export Sales as of:
C2: Unshipped Balance | E2: Accumulated Exports | G2: Total Commitments | I2: from last yr | J2: next
C3: curr | D3: last | E3: curr | F3: last | G3: curr | H3: last | I3: % change | J3: crop year
A4: 40976 | B4: China | C4: 1029.2 | D4: 0 | E4: 2764.9 | F4: 313.7 | G4: =+C4+E4 -> 3794.1 | H4: =+D4+F4 -> 313.7 | I4: =+(G4/H4-1)*100 -> 1109.4676
A5: =+A4+7 -> 40983 | B5: China | C5: 1032.7 | D5: 0 | E5: 2764.9 | F5: 313.7 | G5: =+C5+E5 -> 3797.6 | H5: =+D5+F5 -> 313.7 | I5: =+(G5/H5-1)*100 -> 1110.5834
A6: =+A5+7 -> 40990 | B6: China | C6: 1037.2 | D6: 0 | E6: 2765.4 | F6: 313.7 | G6: =+C6+E6 -> 3802.6 | H6: =+D6+F6 -> 313.7 | I6: =+(G6/H6-1)*100 -> 1112.1772
A7: =+A6+7 -> 40997 | B7: China | C7: 1426.5 | D7: 0 | E7: 2770.2 | F7: 313.7 | G7: =+C7+E7 -> 4196.7 | H7: =+D7+F7 -> 313.7 | I7: =+(G7/H7-1)*100 -> 1237.8068
A8: =+A7+7 -> 41004 | B8: China | C8: 1486.5 | D8: 0 | E8: 2770.2 | F8: 313.7 | G8: =+C8+E8 -> 4256.7 | H8: =+D8+F8 -> 313.7 | I8: =+(G8/H8-1)*100 -> 1256.9334
A9: =+A8+7 -> 41011 | B9: China | C9: 1501.5 | D9: 0.5 | E9: 2770.2 | F9: 313.7 | G9: =+C9+E9 -> 4271.7 | H9: =+D9+F9 -> 314.2 | I9: =+(G9/H9-1)*100 -> 1259.5481
A10: =+A9+7 -> 41018 | B10: China | C10: 1472 | E10: 2837 | F10: 314.1 | G10: =+C10+E10 -> 4309 | H10: =+D10+F10 -> 314.1 | I10: =+(G10/H10-1)*100 -> 1271.8561
A11: =+A10+7 -> 41025 | B11: China | C11: 1686 | E11: 2837 | F11: 314.1 | G11: =+C11+E11 -> 4523 | H11: =+D11+F11 -> 314.1 | I11: =+(G11/H11-1)*100 -> 1339.9873
A12: =+A11+7 -> 41032 | B12: China | C12: 1626 | E12: 2837 | F12: 314.1 | G12: =+C12+E12 -> 4463 | H12: =+D12+F12 -> 314.1 | I12: =+(G12/H12-1)*100 -> 1320.8851 | J12: 172.5
A13: =+A12+7 -> 41039 | B13: China | C13: 1633.2 | E13: 2902.5 | F13: 314.1 | G13: =+C13+E13 -> 4535.7 | H13: =+D13+F13 -> 314.1 | I13: =+(G13/H13-1)*100 -> 1344.0306 | J13: 284.2
A14: =+A13+7 -> 41046 | B14: China | C14: 1820.1 | E14: 2970.6 | F14: 430.9 | G14: =+C14+E14 -> 4790.7 | H14: =+D14+F14 -> 430.9 | I14: =+(G14/H14-1)*100 -> 1011.7893 | J14: 987.8
A15: =+A14+7 -> 41053 | B15: China | C15: 1644.9 | D15: 2 | E15: 3287.7 | F15: 430.9 | G15: =+C15+E15 -> 4932.6 | H15: =+D15+F15 -> 432.9 | I15: =+(G15/H15-1)*100 -> 1039.4317 | J15: 1042.8
A16: =+A15+7 -> 41060 | B16: China | C16: 1452.5 | D16: 0 | E16: 3498.7 | F16: 489.8 | G16: =+C16+E16 -> 4951.2 | H16: =+D16+F16 -> 489.8 | I16: =+(G16/H16-1)*100 -> 910.86158 | J16: 1027.8
A17: =+A16+7 -> 41067 | B17: China | C17: 1446 | D17: 0 | E17: 3569.9 | F17: 555.5 | G17: =+C17+E17 -> 5015.9 | H17: =+D17+F17 -> 555.5 | I17: =+(G17/H17-1)*100 -> 802.9523 | J17: 1041.3
A18: =+A17+7 -> 41074 | B18: China | C18: 1258.2 | D18: 0 | E18: 3777.6 | F18: 555.5 | G18: =+C18+E18 -> 5035.8 | H18: =+D18+F18 -> 555.5 | I18: =+(G18/H18-1)*100 -> 806.53465 | J18: 1041.3
A19: =+A18+7 -> 41081 | B19: China | C19: 1130 | D19: 0 | E19: 3912.3 | F19: 555.5 | G19: =+C19+E19 -> 5042.3 | H19: =+D19+F19 -> 555.5 | I19: =+(G19/H19-1)*100 -> 807.70477 | J19: 1101.3
A20: =+A19+7 -> 41088 | B20: China | C20: 1058.6 | D20: 0 | E20: 4107.6 | F20: 555.5 | G20: =+C20+E20 -> 5166.2 | H20: =+D20+F20 -> 555.5 | I20: =+(G20/H20-1)*100 -> 830.009 | J20: 1101.3
A21: =+A20+7 -> 41095 | B21: China | C21: 1051.1 | D21: 15 | E21: 4115.1 | F21: 615.1 | G21: =+C21+E21 -> 5166.2 | H21: =+D21+F21 -> 630.1 | I21: =+(G21/H21-1)*100 -> 719.9016 | J21: 1101.3
A22: =+A21+7 -> 41102 | B22: China | C22: 951 | D22: 15 | E22: 4240 | F22: 615.1 | G22: =+C22+E22 -> 5191 | H22: =+D22+F22 -> 630.1 | I22: =+(G22/H22-1)*100 -> 723.83749 | J22: 1101.3
A23: =+A22+7 -> 41109 | B23: China | C23: 884.1 | D23: 15 | E23: 4317.7 | F23: 671.3 | G23: =+C23+E23 -> 5201.8 | H23: =+D23+F23 -> 686.3 | I23: =+(G23/H23-1)*100 -> 657.94842 | J23: 861.3
A24: =+A23+7 -> 41116 | B24: China | C24: 745.5 | D24: 11.6 | E24: 4503.8 | F24: 731.4 | G24: =+C24+E24 -> 5249.3 | H24: =+D24+F24 -> 743 | I24: =+(G24/H24-1)*100 -> 606.50067 | J24: 861.3
A25: =+A24+7 -> 41123 | B25: China | C25: 566.6 | D25: 11.6 | E25: 4688 | F25: 792 | G25: =+C25+E25 -> 5254.6 | H25: =+D25+F25 -> 803.6 | I25: =+(G25/H25-1)*100 -> 553.88253 | J25: 800.3
A26: =+A25+7 -> 41130 | B26: China | C26: 364.7 | D26: 5.1 | E26: 4949.1 | F26: 798.4 | G26: =+C26+E26 -> 5313.8 | H26: =+D26+F26 -> 803.5 | I26: =+(G26/H26-1)*100 -> 561.33167 | J26: 800.3
... A29: =+A28+7 -> 41151 | B29: China | C29: 239.8 | D29: 540.9 | E29: 5174.1 | F29: 0 | G29: =+C29+E29 -> 5413.9 | H29: =+D29+F29 -> 540.9 | I29: =+(G29/H29-1)*100 -> 900.9059 | J29: 801.3
A30: =+A29+7 -> 41158 | B30: China | C30: 980.8 | D30: 540.9 | E30: 54.6 | F30: 0 | G30: =+C30+E30 -> 1035.4 | H30: =+D30+F30 -> 540.9 | I30: =+(G30/H30-1)*100 -> 91.421705
A31: =+A30+7 -> 41165 | B31: China | C31: 785.6 | D31: 540.2 | E31: 275.1 | F31: 123.6 | G31: =+C31+E31 -> 1060.7 | H31: =+D31+F31 -> 663.8 | I31: =+(G31/H31-1)*100 -> 59.792106
A32: =+A31+7 -> 41172 | B32: China | C32: 613.1 | D32: 540.2 | E32: 440.3 | F32: 305.7 | G32: =+C32+E32 -> 1053.4 | H32: =+D32+F32 -> 845.9 | I32: =+(G32/H32-1)*100 -> 24.530086
A33: =+A32+7 -> 41179 | B33: China | C33: 493.1 | D33: 540 | E33: 548.4 | F33: 363.7 | G33: =+C33+E33 -> 1041.5 | H33: =+D33+F33 -> 903.7 | I33: =+(G33/H33-1)*100 -> 15.248423
A34: =+A33+7 -> 41186 | B34: China | C34: 433.1 | D34: 540 | E34: 665.7 | F34: 483 | G34: =+C34+E34 -> 1098.8 | H34: =+D34+F34 -> 1023 | I34: =+(G34/H34-1)*100 -> 7.4095797
A35: =+A34+7 -> 41193 | B35: China | C35: 433.1 | D35: 1440.1 | E35: 665.7 | F35: 483 | G35: =+C35+E35 -> 1098.8 | H35: =+D35+F35 -> 1923.1 | I35: =+(G35/H35-1)*100 -> -42.863086
A36: =+A35+7 -> 41200 | B36: China | C36: 311.6 | D36: 1500 | E36: 666.9 | F36: 483.1 | G36: =+C36+E36 -> 978.5 | H36: =+D36+F36 -> 1983.1 | I36: =+(G36/H36-1)*100 -> -50.658061
A37: =+A36+7 -> 41207 | B37: China | C37: 189.8 | D37: 1560 | E37: 727.8 | F37: 483.1 | G37: =+C37+E37 -> 917.6 | H37: =+D37+F37 -> 2043.1 | I37: =+(G37/H37-1)*100 -> -55.087857
A38: =+A37+7 -> 41214 | B38: China | C38: 189.8 | D38: 1554.8 | E38: 782.3 | F38: 607.9 | G38: =+C38+E38 -> 972.1 | H38: =+D38+F38 -> 2162.7 | I38: =+(G38/H38-1)*100 -> -55.051556
A39: =+A38+7 -> 41221 | B39: China | C39: 183.8 | D39: 1551.4 | E39: 836.8 | F39: 671.3 | G39: =+C39+E39 -> 1020.6 | H39: =+D39+F39 -> 2222.7 | I39: =+(G39/H39-1)*100 -> -54.082872
A40: =+A39+7 -> 41228 | B40: China | C40: 183.8 | D40: 1500 | E40: 836.8 | F40: 916.4 | G40: =+C40+E40 -> 1020.6 | H40: =+D40+F40 -> 2416.4 | I40: =+(G40/H40-1)*100 -> -57.763615
A41: =+A40+7 -> 41235 | B41: China | C41: 183.8 | D41: 1440.5 | E41: 894.8 | F41: 976.6 | G41: =+C41+E41 -> 1078.6 | H41: =+D41+F41 -> 2417.1 | I41: =+(G41/H41-1)*100 -> -55.376277
... A51: =+A50+7 -> 41305 | B51: China | C51: 123.8 | D51: 1146 | E51: 1678 | F51: 2507.1 | G51: =+C51+E51 -> 1801.8 | H51: =+D51+F51 -> 3653.1 | I51: =+(G51/H51-1)*100 -> -50.677507
A52: =+A51+7 -> 41312 | B52: China | C52: 63.8 | D52: 1080 | E52: 1840.6 | F52: 2572.1 | G52: =+C52+E52 -> 1904.4 | H52: =+D52+F52 -> 3652.1 | I52: =+(G52/H52-1)*100 -> -47.854659 | J52: 10.2
A53: =+A52+7 -> 41319 | B53: China | C53: 63.8 | D53: 1017.7 | E53: 1895.1 | F53: 2636.4 | G53: =+C53+E53 -> 1958.9 | H53: =+D53+F53 -> 3654.1 | I53: =+(G53/H53-1)*100 -> -46.391724 | J53: 693.3
A54: =+A53+7 -> 41326 | B54: China | C54: 75.8 | D54: 1139.7 | E54: 1895.1 | F54: 2636.4 | G54: =+C54+E54 -> 1970.9 | H54: =+D54+F54 -> 3776.1 | I54: =+(G54/H54-1)*100 -> -47.805937 | J54: 97.5
A55: =+A54+7 -> 41333 | B55: China | C55: 78.8 | D55: 1079.8 | E55: 1949.6 | F55: 2700.8 | G55: =+C55+E55 -> 2028.4 | H55: =+D55+F55 -> 3780.6 | I55: =+(G55/H55-1)*100 -> -46.347141 | J55: 107.6
A56: =+A55+7 -> 41340 | B56: China | C56: 80.8 | D56: 1029.2 | E56: 2058.6 | F56: 2764.9 | G56: =+C56+E56 -> 2139.4 | H56: =+D56+F56 -> 3794.1 | I56: =+(G56/H56-1)*100 -> -43.612451 | J56: 298.7
A57: =+A56+7 -> 41347 | B57: China | C57: 81.8 | D57: 1032.7 | E57: 2167.6 | F57: 2764.9 | G57: =+C57+E57 -> 2249.4 | H57: =+D57+F57 -> 3797.6 | I57: =+(G57/H57-1)*100 -> -40.767853 | J57: 365.7
A58: =+A57+7 -> 41354 | B58: China | C58: 77.2 | D58: 1037.2 | E58: 2286.3 | F58: 2765.4 | G58: =+C58+E58 -> 2363.5 | H58: =+D58+F58 -> 3802.6 | I58: =+(G58/H58-1)*100 -> -37.845159 | J58: 365.7
A59: =+A58+7 -> 41361 | B59: China | C59: 77.2 | D59: 1426.5 | E59: 2395.3 | F59: 2770.2 | G59: =+C59+E59 -> 2472.5 | H59: =+D59+F59 -> 4196.7 | I59: =+(G59/H59-1)*100 -> -41.084662 | J59: 365.7
A60: =+A59+7 -> 41368 | B60: China | C60: 24.2 | D60: 1486.5 | E60: 2449.5 | F60: 2770.2 | G60: =+C60+E60 -> 2473.7 | H60: =+D60+F60 -> 4256.7 | I60: =+(G60/H60-1)*100 -> -41.886908 | J60: 420.7
A61: =+A60+7 -> 41375 | B61: China | C61: 24.2 | D61: 1501.5 | E61: 2449.5 | F61: 2770.2 | G61: =+C61+E61 -> 2473.7 | H61: =+D61+F61 -> 4271.7 | I61: =+(G61/H61-1)*100 -> -42.090971 | J61: 420.7
A62: =+A61+7 -> 41382 | B62: China | C62: 24.2 | D62: 1472 | E62: 2449.5 | F62: 2837 | G62: =+C62+E62 -> 2473.7 | H62: =+D62+F62 -> 4309 | I62: =+(G62/H62-1)*100 -> -42.592249 | J62: 425.2
A63: =+A62+7 -> 41389 | B63: China | C63: 24.2 | D63: 1686 | E63: 2449.5 | F63: 2837 | G63: =+C63+E63 -> 2473.7 | H63: =+D63+F63 -> 4523 | I63: =+(G63/H63-1)*100 -> -45.308424 | J63: 725.2
... A81: =+A80+7 -> 41515 | B81: China | C81: 123 | D81: 239.8 | E81: 2449.7 | F81: 5174.1 | G81: =+C81+E81 -> 2572.7 | H81: =+D81+F81 -> 5413.9 | I81: =+(G81/H81-1)*100 -> -52.479728 | J81: 2994.2
A82: =+A81+7 -> 41522 | B82: China | C82: 3123.2 | D82: 980.8 | E82: 0 | F82: 54.6 | G82: =+C82+E82 -> 3123.2 | H82: =+D82+F82 -> 1035.4 | I82: =+(G82/H82-1)*100 -> 201.64188
A83: =+A82+7 -> 41529 | B83: China | C83: 3127.7 | D83: 785.6 | E83: 60 | F83: 275.1 | G83: =+C83+E83 -> 3187.7 | H83: =+D83+F83 -> 1060.7 | I83: =+(G83/H83-1)*100 -> 200.52795
A84: =+A83+7 -> 41536 | B84: China | C84: 3139.6 | D84: 613.1 | E84: 178.6 | F84: 440.3 | G84: =+C84+E84 -> 3318.2 | H84: =+D84+F84 -> 1053.4 | I84: =+(G84/H84-1)*100 -> 214.99905
A85: =+A84+7 -> 41543 | B85: China | C85: 3139.6 | D85: 493.1 | E85: 293.7 | F85: 548.4 | G85: =+C85+E85 -> 3433.3 | H85: =+D85+F85 -> 1041.5 | I85: =+(G85/H85-1)*100 -> 229.64954
A86: =+A85+7 -> 41550 | B86: China | C86: 3185.6 | D86: 433.1 | E86: 478.4 | F86: 665.7 | G86: =+C86+E86 -> 3664 | H86: =+D86+F86 -> 1098.8 | I86: =+(G86/H86-1)*100 -> 233.45468
A87: =+A86+7 -> 41557 | B87: China
A88: =+A87+7 -> 41564 | B88: China
A89: =+A88+7 -> 41571 | B89: China | C89: 3285.4 | D89: 189.8 | E89: 1156.2 | F89: 727.8 | G89: =+C89+E89 -> 4441.6 | H89: =+D89+F89 -> 917.6 | I89: =+(G89/H89-1)*100 -> 384.04534
A90: =+A89+7 -> 41578 | B90: China | C90: 3308.7 | D90: 189.8 | E90: 1350.3 | F90: 782.3 | G90: =+C90+E90 -> 4659 | H90: =+D90+F90 -> 972.1 | I90: =+(G90/H90-1)*100 -> 379.27168
A91: =+A90+7 -> 41585 | B91: China | C91: 3375.4 | D91: 183.8 | E91: 1471.3 | F91: 836.8 | G91: =+C91+E91 -> 4846.7 | H91: =+D91+F91 -> 1020.6 | I91: =+(G91/H91-1)*100 -> 374.88732
A92: =+A91+7 -> 41592 | B92: China | C92: 3357.3 | D92: 183.8 | E92: 1811 | F92: 836.8 | G92: =+C92+E92 -> 5168.3 | H92: =+D92+F92 -> 1020.6 | I92: =+(G92/H92-1)*100 -> 406.3982
A93: =+A92+7 -> 41599 | B93: China | C93: 3216.1 | D93: 183.8 | E93: 2083.6 | F93: 894.8 | G93: =+C93+E93 -> 5299.7 | H93: =+D93+F93 -> 1078.6 | I93: =+(G93/H93-1)*100 -> 391.3499
A94: =+A93+7 -> 41606 | B94: China | C94: 2990.8 | D94: 183.8 | E94: 2671.8 | F94: 1003.8 | G94: =+C94+E94 -> 5662.6 | H94: =+D94+F94 -> 1187.6 | I94: =+(G94/H94-1)*100 -> 376.81037
A95: =+A94+7 -> 41613 | B95: China | C95: 2731.9 | D95: 183.6 | E95: 3042.2 | F95: 1003.8 | G95: =+C95+E95 -> 5774.1 | H95: =+D95+F95 -> 1187.4 | I95: =+(G95/H95-1)*100 -> 386.28095
A96: =+A95+7 -> 41620 | B96: China | C96: 2610.4 | D96: 183.8 | E96: 3287.7 | F96: 1175.5 | G96: =+C96+E96 -> 5898.1 | H96: =+D96+F96 -> 1359.3 | I96: =+(G96/H96-1)*100 -> 333.90716
A97: =+A96+7 -> 41627 | B97: China | C97: 2424.8 | D97: 183.8 | E97: 3073.4 | F97: 1175.5 | G97: =+C97+E97 -> 5498.2 | H97: =+D97+F97 -> 1359.3 | I97: =+(G97/H97-1)*100 -> 304.4876
A98: =+A97+7 -> 41634 | B98: China | C98: 2153.9 | D98: 183.8 | E98: 3030.3 | F98: 1175.5 | G98: =+C98+E98 -> 5184.2 | H98: =+D98+F98 -> 1359.3 | I98: =+(G98/H98-1)*100 -> 281.38748
A99: =+A98+7 -> 41641 | B99: China | C99: 2004.4 | D99: 183.8 | E99: 3134.5 | F99: 1175.5 | G99: =+C99+E99 -> 5138.9 | H99: =+D99+F99 -> 1359.3 | I99: =+(G99/H99-1)*100 -> 278.05488
A100: =+A99+7 -> 41648 | B100: China | C100: 1808.6 | D100: =C48 -> 183.8 | E100: 3101.6 | F100: =E48 -> 1238.1 | G100: =+C100+E100 -> 4910.2 | H100: =+D100+F100 -> 1421.9 | I100: =+(G100/H100-1)*100 -> 245.32668
A101: =+A100+7 -> 41655 | B101: China | C101: 1870.8 | D101: =C49 -> 183.8 | E101: 3051.6 | F101: =E49 -> 1401.6 | G101: =+C101+E101 -> 4922.4 | H101: =+D101+F101 -> 1585.4 | I101: =+(G101/H101-1)*100 -> 210.48316
A102: =+A101+7 -> 41662 | B102: China | C102: 1856.4 | D102: =C50 -> 123.8 | E102: 3005.9 | F102: =E50 -> 1569 | G102: =+C102+E102 -> 4862.3 | H102: =+D102+F102 -> 1692.8 | I102: =+(G102/H102-1)*100 -> 187.23417
A103: =+A102+7 -> 41669 | B103: China | C103: 1778.1 | D103: =C51 -> 123.8 | E103: 2948.7 | F103: =E51 -> 1678 | G103: =+C103+E103 -> 4726.8 | H103: =+D103+F103 -> 1801.8 | I103: =+(G103/H103-1)*100 -> 162.33766
A104: =+A103+7 -> 41676 | B104: China | C104: 1544.4 | D104: =C52 -> 63.8 | E104: 2777.9 | F104: =E52 -> 1840.6 | G104: =+C104+E104 -> 4322.3 | H104: =+D104+F104 -> 1904.4 | I104: =+(G104/H104-1)*100 -> 126.96387
A105: =+A104+7 -> 41683 | B105: China | C105: 1525.4 | D105: =C53 -> 63.8 | E105: 2778.1 | F105: =E53 -> 1895.1 | G105: =+C105+E105 -> 4303.5 | H105: =+D105+F105 -> 1958.9 | I105: =+(G105/H105-1)*100 -> 119.68962
A106: =+A105+7 -> 41690 | B106: China | C106: 1511.5 | D106: =C54 -> 75.8 | E106: 2789.1 | F106: =E54 -> 1895.1 | G106: =+C106+E106 -> 4300.6 | H106: =+D106+F106 -> 1970.9 | I106: =+(G106/H106-1)*100 -> 118.20488
A107: =+A106+7 -> 41697 | B107: China | D107: =C55 -> 78.8 | F107: =E55 -> 1949.6
A108: =+A107+7 -> 41704 | B108: China | D108: =C56 -> 80.8 | F108: =E56 -> 2058.6
A109: =+A108+7 -> 41711 | B109: China | D109: =C57 -> 81.8 | F109: =E57 -> 2167.6
A110: =+A109+7 -> 41718 | B110: China | D110: =C58 -> 77.2 | F110: =E58 -> 2286.3
A111: =+A110+7 -> 41725 | B111: China | D111: =C59 -> 77.2 | F111: =E59 -> 2395.3
A112: =+A111+7 -> 41732 | B112: China
A113: =+A112+7 -> 41739 | B113: China
A114: =+A113+7 -> 41746 | B114: China
A115: =+A114+7 -> 41753 | B115: China
A116: =+A115+7 -> 41760 | B116: China
A117: =+A116+7 -> 41767 | B117: China
A118: =+A117+7 -> 41774 | B118: China
A119: =+A118+7 -> 41781 | B119: China
A120: =+A119+7 -> 41788 | B120: China
A121: =+A120+7 -> 41795 | B121: China
A122: =+A121+7 -> 41802 | B122: China
A123: =+A122+7 -> 41809 | B123: China
... A468: =+A467+7 -> 44224 | B468: China

Sheet Taiwan
B1: Corn by Destination Export Sales as of:
C2: Unshipped Balance | E2: Accumulated Exports | G2: Total Commitments | I2: from last yr | J2: Weekly
C3: 2013 | D3: 2012 | E3: 2013 | F3: 2012 | G3: 2013 | H3: 2012 | I3: % change | J3: Change
A4: =Japan!A4 -> 38855 | B4: Taiwan | C4: 536.3 | D4: 541.2 | E4: 3747.6 | F4: 3254.3 | G4: =+C4+E4 -> 4283.9 | H4: =+D4+F4 -> 3795.5 | I4: =+(G4/H4-1)*100 -> 12.86787
A5: =Japan!A5 -> 38862 | B5: Taiwan | C5: 710.2 | D5: 539 | E5: 3755.6 | F5: 3323.1 | G5: =+C5+E5 -> 4465.8 | H5: =+D5+F5 -> 3862.1 | I5: =+(G5/H5-1)*100 -> 15.631392 | J5: 0
A6: =Japan!A6 -> 38869 | B6: Taiwan | C6: 637.6 | D6: 510.7 | E6: 3922 | F6: 3469.6 | G6: =+C6+E6 -> 4559.6 | H6: =+D6+F6 -> 3980.3 | I6: =+(G6/H6-1)*100 -> 14.554179 | J6: 0
A7: =Japan!A7 -> 38876 | B7: Taiwan | C7: 695 | D7: 625.9 | E7: 4000.9 | F7: 3473.3 | G7: =+C7+E7 -> 4695.9 | H7: =+D7+F7 -> 4099.2 | I7: =+(G7/H7-1)*100 -> 14.556499 | J7: 0
A8: =Japan!A8 -> 38883 | B8: Taiwan | C8: 784 | D8: 480.1 | E8: 4120.7 | F8: 3624.1 | G8: =+C8+E8 -> 4904.7 | H8: =+D8+F8 -> 4104.2 | I8: =+(G8/H8-1)*100 -> 19.50441 | J8: 0
A9: =Japan!A9 -> 38890 | B9: Taiwan | C9: 739.9 | D9: 479.8 | E9: 4211.8 | F9: 3809.4 | G9: =+C9+E9 -> 4951.7 | H9: =+D9+F9 -> 4289.2 | I9: =+(G9/H9-1)*100 -> 15.445771 | J9: 0
A10: =Japan!A10 -> 38897 | B10: Taiwan | C10: 635.7 | D10: 559.2 | E10: 4276 | F10: 3814.7 | G10: =+C10+E10 -> 4911.7 | H10: =+D10+F10 -> 4373.9 | I10: =+(G10/H10-1)*100 -> 12.295663 | J10: 0
A11: =Japan!A11 -> 38904 | B11: Taiwan | C11: 617.1 | D11: 496.8 | E11: 4352.3 | F11: 3880.4 | G11: =+C11+E11 -> 4969.4 | H11: =+D11+F11 -> 4377.2 | I11: =+(G11/H11-1)*100 -> 13.529197 | J11: 0
A12: =Japan!A12 -> 38911 | B12: Taiwan | C12: 692 | D12: 533 | E12: 4361.4 | F12: 3947.4 | G12: =+C12+E12 -> 5053.4 | H12: =+D12+F12 -> 4480.4 | I12: =+(G12/H12-1)*100 -> 12.789037 | J12: 74
A13: =Japan!A13 -> 38918 | B13: Taiwan | C13: 483.9 | D13: 471 | E13: 4619 | F13: 4014 | G13: =+C13+E13 -> 5102.9 | H13: =+D13+F13 -> 4485 | I13: =+(G13/H13-1)*100 -> 13.777035 | J13: 87
A14: =Japan!A14 -> 38925 | B14: Taiwan | C14: 568.7 | D14: 530.8 | E14: 4623.9 | F14: 4078.8 | G14: =+C14+E14 -> 5192.6 | H14: =+D14+F14 -> 4609.6 | I14: =+(G14/H14-1)*100 -> 12.647518 | J14: 89
A15: =Japan!A15 -> 38932 | B15: Taiwan | C15: 785.3 | D15: 511.1 | E15: 4669.6 | F15: 4171.7 | G15: =+C15+E15 -> 5454.9 | H15: =+D15+F15 -> 4682.8 | I15: =+(G15/H15-1)*100 -> 16.487999 | J15: 139
A16: =Japan!A16 -> 38939 | B16: Taiwan | C16: 816.2 | D16: 397.3 | E16: 4843.9 | F16: 4235.6 | G16: =+C16+E16 -> 5660.1 | H16: =+D16+F16 -> 4632.9 | I16: =+(G16/H16-1)*100 -> 22.171858 | J16: 143
... A19: =Japan!A19 -> 38960 | B19: Taiwan | C19: 551.5 | D19: 205.4 | E19: 4951.3 | F19: 4484.9 | G19: =+C19+E19 -> 5502.8 | H19: =+D19+F19 -> 4690.3 | I19: =+(G19/H19-1)*100 -> 17.322986 | J19: 1164.9
A20: =Japan!A20 -> 38967 | B20: Taiwan | C20: 1280.3 | D20: 594.5 | E20: 70.9 | F20: 186.5 | G20: =+C20+E20 -> 1351.2 | H20: =+D20+F20 -> 781 | I20: =+(G20/H20-1)*100 -> 73.008963
A21: =Japan!A21 -> 38974 | B21: Taiwan | C21: 1212.1 | D21: 686.8 | E21: 100.6 | F21: 264.3 | G21: =+C21+E21 -> 1312.7 | H21: =+D21+F21 -> 951.1 | I21: =+(G21/H21-1)*100 -> 38.019136
A22: =Japan!A22 -> 38981 | B22: Taiwan | C22: 1235.4 | D22: 766.5 | E22: 208.5 | F22: 373.3 | G22: =+C22+E22 -> 1443.9 | H22: =+D22+F22 -> 1139.8 | I22: =+(G22/H22-1)*100 -> 26.680119
A23: =Japan!A23 -> 38988 | B23: Taiwan | C23: 1419.2 | D23: 642.5 | E23: 299.8 | F23: 501.8 | G23: =+C23+E23 -> 1719 | H23: =+D23+F23 -> 1144.3 | I23: =+(G23/H23-1)*100 -> 50.222844
A24: =Japan!A24 -> 38995 | B24: Taiwan | C24: 1436.2 | D24: 691 | E24: 451.4 | F24: 575.6 | G24: =+C24+E24 -> 1887.6 | H24: =+D24+F24 -> 1266.6 | I24: =+(G24/H24-1)*100 -> 49.028896
A25: =Japan!A25 -> 39002 | B25: Taiwan | C25: 1142.5 | D25: 706.6 | E25: 625.8 | F25: 682.3 | G25: =+C25+E25 -> 1768.3 | H25: =+D25+F25 -> 1388.9 | I25: =+(G25/H25-1)*100 -> 27.316581
A26: =Japan!A26 -> 39009 | B26: Taiwan | C26: 1163 | D26: 776 | E26: 641.8 | F26: 746.5 | G26: =+C26+E26 -> 1804.8 | H26: =+D26+F26 -> 1522.5 | I26: =+(G26/H26-1)*100 -> 18.541872
A27: =Japan!A27 -> 39016 | B27: Taiwan | C27: 1148.3 | D27: 777.8 | E27: 715.7 | F27: 821.8 | G27: =+C27+E27 -> 1864 | H27: =+D27+F27 -> 1599.6 | I27: =+(G27/H27-1)*100 -> 16.529132
A28: =Japan!A28 -> 39023 | B28: Taiwan | C28: 1228.6 | D28: 775.7 | E28: 802.7 | F28: 882.7 | G28: =+C28+E28 -> 2031.3 | H28: =+D28+F28 -> 1658.4 | I28: =+(G28/H28-1)*100 -> 22.485528
A29: =Japan!A29 -> 39030 | B29: Taiwan | C29: 1182.3 | D29: 772.5 | E29: 824 | F29: 1039.8 | G29: =+C29+E29 -> 2006.3 | H29: =+D29+F29 -> 1812.3 | I29: =+(G29/H29-1)*100 -> 10.704629
A30: =Japan!A30 -> 39037 | B30: Taiwan | C30: 1074.3 | D30: 812 | E30: 967 | F30: 1113.9 | G30: =+C30+E30 -> 2041.3 | H30: =+D30+F30 -> 1925.9 | I30: =+(G30/H30-1)*100 -> 5.9920037
A31: =Japan!A31 -> 39044 | B31: Taiwan | C31: 1109.2 | D31: 746.8 | E31: 997.5 | F31: 1186.3 | G31: =+C31+E31 -> 2106.7 | H31: =+D31+F31 -> 1933.1 | I31: =+(G31/H31-1)*100 -> 8.9803942
A32: =+A31+7 -> 39051 | B32: Taiwan | C32: 917.6 | D32: 785.7 | E32: 1176.3 | F32: 1297 | G32: =+C32+E32 -> 2093.9 | H32: =+D32+F32 -> 2082.7 | I32: =+(G32/H32-1)*100 -> 0.53776348
A33: =+A32+7 -> 39058 | B33: Taiwan | C33: 685 | D33: 774.8 | E33: 1438.1 | F33: 1347.5 | G33: =+C33+E33 -> 2123.1 | H33: =+D33+F33 -> 2122.3 | I33: =+(G33/H33-1)*100 -> 0.037694954
A34: =+A33+7 -> 39065 | B34: Taiwan | C34: 751.2 | D34: 735.3 | E34: 1547.8 | F34: 1541.7 | G34: =+C34+E34 -> 2299 | H34: =+D34+F34 -> 2277 | I34: =+(G34/H34-1)*100 -> 0.96618357
A35: =+A34+7 -> 39072 | B35: Taiwan | C35: 928.2 | D35: 716.2 | E35: 1555.9 | F35: 1678 | G35: =+C35+E35 -> 2484.1 | H35: =+D35+F35 -> 2394.2 | I35: =+(G35/H35-1)*100 -> 3.7549077
A36: =+A35+7 -> 39079 | B36: Taiwan | C36: 978.1 | D36: 596.9 | E36: 1584.5 | F36: 1867 | G36: =+C36+E36 -> 2562.6 | H36: =+D36+F36 -> 2463.9 | I36: =+(G36/H36-1)*100 -> 4.0058444
A37: =+A36+7 -> 39086 | B37: Taiwan | C37: 841.1 | D37: 484 | E37: 1734 | F37: 1921 | G37: =+C37+E37 -> 2575.1 | H37: =+D37+F37 -> 2405 | I37: =+(G37/H37-1)*100 -> 7.0727651
A38: =+A37+7 -> 39093 | B38: Taiwan | C38: 765.5 | D38: 557 | E38: 1879 | F38: 1969.5 | G38: =+C38+E38 -> 2644.5 | H38: =+D38+F38 -> 2526.5 | I38: =+(G38/H38-1)*100 -> 4.6704928
A39: =+A38+7 -> 39100 | B39: Taiwan | C39: 703.2 | D39: 542.1 | E39: 1959.8 | F39: 2127.7 | G39: =+C39+E39 -> 2663 | H39: =+D39+F39 -> 2669.8 | I39: =+(G39/H39-1)*100 -> -0.25470073
A40: =+A39+7 -> 39107 | B40: Taiwan | C40: 559.1 | D40: 472.6 | E40: 2133.9 | F40: 2293.1 | G40: =+C40+E40 -> 2693 | H40: =+D40+F40 -> 2765.7 | I40: =+(G40/H40-1)*100 -> -2.6286293
A41: =+A40+7 -> 39114 | B41: Taiwan | C41: 570.4 | D41: 465.1 | E41: 2166.4 | F41: 2301.5 | G41: =+C41+E41 -> 2736.8 | H41: =+D41+F41 -> 2766.6 | I41: =+(G41/H41-1)*100 -> -1.0771344
A42: =+A41+7 -> 39121 | B42: Taiwan | C42: 557 | D42: 438.9 | E42: 2241.4 | F42: 2329.3 | G42: =+C42+E42 -> 2798.4 | H42: =+D42+F42 -> 2768.2 | I42: =+(G42/H42-1)*100 -> 1.0909616
A43: =+A42+7 -> 39128 | B43: Taiwan | C43: 595.1 | D43: 616.6 | E43: 2360.4 | F43: 2453.2 | G43: =+C43+E43 -> 2955.5 | H43: =+D43+F43 -> 3069.8 | I43: =+(G43/H43-1)*100 -> -3.7233696
A44: =+A43+7 -> 39135 | B44: Taiwan | C44: 509.2 | D44: 498 | E44: 2424.7 | F44: 2646.6 | G44: =+C44+E44 -> 2933.9 | H44: =+D44+F44 -> 3144.6 | I44: =+(G44/H44-1)*100 -> -6.7003752 | J44: =+H44-H43 -> 74.8
A45: =+A44+7 -> 39142 | B45: Taiwan | C45: 432.7 | D45: 502.4 | E45: 2497.1 | F45: 2649 | G45: =+C45+E45 -> 2929.8 | H45: =+D45+F45 -> 3151.4 | I45: =+(G45/H45-1)*100 -> -7.0317954 | J45: =+H45-H44 -> 6.8
A46: =+A45+7 -> 39149 | B46: Taiwan | C46: 392.2 | D46: 661.9 | E46: 2515.1 | F46: 2670.1 | G46: =+C46+E46 -> 2907.3 | H46: =+D46+F46 -> 3332 | I46: =+(G46/H46-1)*100 -> -12.746098 | J46: =+H46-H45 -> 180.6
A47: =+A46+7 -> 39156 | B47: Taiwan | C47: 505.6 | D47: 660.2 | E47: 2557.4 | F47: 2758.7 | G47: =+C47+E47 -> 3063 | H47: =+D47+F47 -> 3418.9 | I47: =+(G47/H47-1)*100 -> -10.409781 | J47: =+H47-H46 -> 86.9
A48: =+A47+7 -> 39163 | B48: Taiwan | C48: 396.8 | D48: 566.4 | E48: 2731.4 | F48: 2925.4 | G48: =+C48+E48 -> 3128.2 | H48: =+D48+F48 -> 3491.8 | I48: =+(G48/H48-1)*100 -> -10.412968 | J48: =+H48-H47 -> 72.9
A49: =+A48+7 -> 39170 | B49: Taiwan | C49: 466 | D49: 452.6 | E49: 2754.2 | F49: 3055.2 | G49: =+C49+E49 -> 3220.2 | H49: =+D49+F49 -> 3507.8 | I49: =+(G49/H49-1)*100 -> -8.1988711 | J49: =+H49-H48 -> 16
A50: =+A49+7 -> 39177 | B50: Taiwan | C50: 472.2 | D50: 480.1 | E50: 2826.9 | F50: 3125.8 | G50: =+C50+E50 -> 3299.1 | H50: =+D50+F50 -> 3605.9 | I50: =+(G50/H50-1)*100 -> -8.5082781 | J50: =+H50-H49 -> 98.1
A51: =+A50+7 -> 39184 | B51: Taiwan | C51: 458.8 | D51: 484.6 | E51: 2911.2 | F51: 3201.4 | G51: =+C51+E51 -> 3370 | H51: =+D51+F51 -> 3686 | I51: =+(G51/H51-1)*100 -> -8.5729788
A52: =+A51+7 -> 39191 | B52: Taiwan | C52: 543.2 | D52: 570 | E52: 3014.1 | F52: 3271.4 | G52: =+C52+E52 -> 3557.3 | H52: =+D52+F52 -> 3841.4 | I52: =+(G52/H52-1)*100 -> -7.3957411
A53: =+A52+7 -> 39198 | B53: Taiwan | C53: 594.9 | D53: 741.5 | E53: 3030.8 | F53: 3382.3 | G53: =+C53+E53 -> 3625.7 | H53: =+D53+F53 -> 4123.8 | I53: =+(G53/H53-1)*100 -> -12.078665
A54: =+A53+7 -> 39205 | B54: Taiwan | C54: 507.5 | D54: 742.5 | E54: 3192.8 | F54: 3456.9 | G54: =+C54+E54 -> 3700.3 | H54: =+D54+F54 -> 4199.4 | I54: =+(G54/H54-1)*100 -> -11.885031
A55: =+A54+7 -> 39212 | B55: Taiwan | C55: 495.8 | D55: 658.4 | E55: 3196.4 | F55: 3613.4 | G55: =+C55+E55 -> 3692.2 | H55: =+D55+F55 -> 4271.8 | I55: =+(G55/H55-1)*100 -> -13.568051
A56: =+A55+7 -> 39219 | B56: Taiwan | C56: 566.8 | D56: 536.3 | E56: 3236.9 | F56: 3747.6 | G56: =+C56+E56 -> 3803.7 | H56: =+D56+F56 -> 4283.9 | I56: =+(G56/H56-1)*100 -> -11.209412
A57: =+A56+7 -> 39226 | B57: Taiwan | C57: 513 | D57: 710.2 | E57: 3376.8 | F57: 3755.6 | G57: =+C57+E57 -> 3889.8 | H57: =+D57+F57 -> 4465.8 | I57: =+(G57/H57-1)*100 -> -12.898025
A58: =+A57+7 -> 39233 | B58: Taiwan | C58: 536.3 | D58: 637.6 | E58: 3466.7 | F58: 3922 | G58: =+C58+E58 -> 4003 | H58: =+D58+F58 -> 4559.6 | I58: =+(G58/H58-1)*100 -> -12.207211
A59: =+A58+7 -> 39240 | B59: Taiwan | C59: 484.7 | D59: 695 | E59: 3563.4 | F59: 4000.9 | G59: =+C59+E59 -> 4048.1 | H59: =+D59+F59 -> 4695.9 | I59: =+(G59/H59-1)*100 -> -13.795013
A60: =+A59+7 -> 39247 | B60: Taiwan | C60: 550.7 | D60: 784 | E60: 3657.1 | F60: 4120.7 | G60: =+C60+E60 -> 4207.8 | H60: =+D60+F60 -> 4904.7 | I60: =+(G60/H60-1)*100 -> -14.20882
A61: =+A60+7 -> 39254 | B61: Taiwan | C61: 698 | D61: 739.9 | E61: 3757.3 | F61: 4211.8 | G61: =+C61+E61 -> 4455.3 | H61: =+D61+F61 -> 4951.7 | I61: =+(G61/H61-1)*100 -> -10.02484
A62: =+A61+7 -> 39261 | B62: Taiwan | C62: 740 | D62: 635.7 | E62: 3779 | F62: 4276 | G62: =+C62+E62 -> 4519 | H62: =+D62+F62 -> 4911.7 | I62: =+(G62/H62-1)*100 -> -7.9951951 | J62: 4
A63: =+A62+7 -> 39268 | B63: Taiwan | C63: 799.7 | D63: 617.1 | E63: 3808.1 | F63: 4352.3 | G63: =+C63+E63 -> 4607.8 | H63: =+D63+F63 -> 4969.4 | I63: =+(G63/H63-1)*100 -> -7.2765324 | J63: 4
A64: =+A63+7 -> 39275 | B64: Taiwan | C64: 638.2 | D64: 692 | E64: 4018.2 | F64: 4361.4 | G64: =+C64+E64 -> 4656.4 | H64: =+D64+F64 -> 5053.4 | I64: =+(G64/H64-1)*100 -> -7.8560969 | J64: 4
A65: =+A64+7 -> 39282 | B65: Taiwan | C65: 676.7 | D65: 483.9 | E65: 4056 | F65: 4619 | G65: =+C65+E65 -> 4732.7 | H65: =+D65+F65 -> 5102.9 | I65: =+(G65/H65-1)*100 -> -7.2546983 | J65: 30
A66: =+A65+7 -> 39289 | B66: Taiwan | C66: 617.8 | D66: 568.7 | E66: 4155.4 | F66: 4623.9 | G66: =+C66+E66 -> 4773.2 | H66: =+D66+F66 -> 5192.6 | I66: =+(G66/H66-1)*100 -> -8.0768786 | J66: 46.1
A67: =+A66+7 -> 39296 | B67: Taiwan | C67: 614.4 | D67: 785.3 | E67: 4172.9 | F67: 4669.6 | G67: =+C67+E67 -> 4787.3 | H67: =+D67+F67 -> 5454.9 | I67: =+(G67/H67-1)*100 -> -12.238538 | J67: 187.9
A68: =+A67+7 -> 39303 | B68: Taiwan | C68: 555.6 | D68: 816.2 | E68: 4275 | F68: 4843.9 | G68: =+C68+E68 -> 4830.6 | H68: =+D68+F68 -> 5660.1 | I68: =+(G68/H68-1)*100 -> -14.655218 | J68: 143.3
A69: =+A68+7 -> 39310 | B69: Taiwan | C69: 421.1 | D69: 739.2 | E69: 4435.2 | F69: 4926.9 | G69: =+C69+E69 -> 4856.3 | H69: =+D69+F69 -> 5666.1 | I69: =+(G69/H69-1)*100 -> -14.292017 | J69: 149.3
A70: =+A69+7 -> 39317 | B70: Taiwan | C70: 400.6 | D70: 564.2 | E70: 4473.1 | F70: 4938.5 | G70: =+C70+E70 -> 4873.7 | H70: =+D70+F70 -> 5502.7 | I70: =+(G70/H70-1)*100 -> -11.430752 | J70: 157.3
A71: =+A70+7 -> 39324 | B71: Taiwan | C71: 387.8 | D71: 551.5 | E71: 4517.4 | F71: 4951.3 | G71: =+C71+E71 -> 4905.2 | H71: =+D71+F71 -> 5502.8 | I71: =+(G71/H71-1)*100 -> -10.859926
A72: =+A71+7 -> 39331 | B72: Taiwan | C72: 568.9 | D72: 1280.3 | E72: 45.4 | F72: 70.9 | G72: =+C72+E72 -> 614.3 | H72: =+D72+F72 -> 1351.2 | I72: =+(G72/H72-1)*100 -> -54.536708
A73: =+A72+7 -> 39338 | B73: Taiwan | C73: 568 | D73: 1212.1 | E73: 88.3 | F73: 100.6 | G73: =+C73+E73 -> 656.3 | H73: =+D73+F73 -> 1312.7 | I73: =+(G73/H73-1)*100 -> -50.003809
A74: =+A73+7 -> 39345 | B74: Taiwan | C74: 648.5 | D74: 1235.4 | E74: 129.7 | F74: 208.5 | G74: =+C74+E74 -> 778.2 | H74: =+D74+F74 -> 1443.9 | I74: =+(G74/H74-1)*100 -> -46.104301
A75: =+A74+7 -> 39352 | B75: Taiwan | C75: 719.2 | D75: 1419.2 | E75: 163.9 | F75: 299.8 | G75: =+C75+E75 -> 883.1 | H75: =+D75+F75 -> 1719 | I75: =+(G75/H75-1)*100 -> -48.627109
A76: =+A75+7 -> 39359 | B76: Taiwan | C76: 775.8 | D76: 1436.2 | E76: 266.8 | F76: 451.4 | G76: =+C76+E76 -> 1042.6 | H76: =+D76+F76 -> 1887.6 | I76: =+(G76/H76-1)*100 -> -44.76584
A77: =+A76+7 -> 39366 | B77: Taiwan | C77: 783.9 | D77: 1142.5 | E77: 290.2 | F77: 625.8 | G77: =+C77+E77 -> 1074.1 | H77: =+D77+F77 -> 1768.3 | I77: =+(G77/H77-1)*100 -> -39.258044
A78: =+A77+7 -> 39373 | B78: Taiwan | C78: 823.5 | D78: 1163 | E78: 321.4 | F78: 641.8 | G78: =+C78+E78 -> 1144.9 | H78: =+D78+F78 -> 1804.8 | I78: =+(G78/H78-1)*100 -> -36.563608
A79: =+A78+7 -> 39380 | B79: Taiwan | C79: 811.2 | D79: 1148.3 | E79: 433 | F79: 715.7 | G79: =+C79+E79 -> 1244.2 | H79: =+D79+F79 -> 1864 | I79: =+(G79/H79-1)*100 -> -33.251073
A80: =+A79+7 -> 39387 | B80: Taiwan | C80: 824.7 | D80: 1228.6 | E80: 478.6 | F80: 802.7 | G80: =+C80+E80 -> 1303.3 | H80: =+D80+F80 -> 2031.3 | I80: =+(G80/H80-1)*100 -> -35.839118
A81: =+A80+7 -> 39394 | B81: Taiwan | C81: 886.8 | D81: 1182.3 | E81: 663.4 | F81: 824 | G81: =+C81+E81 -> 1550.2 | H81: =+D81+F81 -> 2006.3 | I81: =+(G81/H81-1)*100 -> -22.73339
A82: =+A81+7 -> 39401 | B82: Taiwan | C82: 917.8 | D82: 1074.3 | E82: 745.3 | F82: 967 | G82: =+C82+E82 -> 1663.1 | H82: =+D82+F82 -> 2041.3 | I82: =+(G82/H82-1)*100 -> -18.527409
... A105: =+A104+7 -> 39562 | B105: Taiwan | C105: 580.4 | D105: 594.9 | E105: 2484.4 | F105: 3030.8 | G105: =+C105+E105 -> 3064.8 | H105: =+D105+F105 -> 3625.7 | I105: =+(G105/H105-1)*100 -> -15.470116
A106: =+A105+7 -> 39569 | B106: Taiwan | C106: 375.5 | D106: 507.5 | E106: 2636.9 | F106: 3124.1 | G106: =+C106+E106 -> 3012.4 | H106: =+D106+F106 -> 3631.6 | I106: =+(G106/H106-1)*100 -> -17.050336 | J106: 0
A107: =+A106+7 -> 39576 | B107: Taiwan | C107: 356 | D107: 495.8 | E107: 2661.6 | F107: 3196.4 | G107: =+C107+E107 -> 3017.6 | H107: =+D107+F107 -> 3692.2 | I107: =+(G107/H107-1)*100 -> -18.27095 | J107: 0
A108: =+A107+7 -> 39583 | B108: Taiwan | C108: 345.8 | D108: 566.8 | E108: 2707.9 | F108: 3236.9 | G108: =+C108+E108 -> 3053.7 | H108: =+D108+F108 -> 3803.7 | I108: =+(G108/H108-1)*100 -> -19.717643 | J108: 0
A109: =+A108+7 -> 39590 | B109: Taiwan | C109: 325.8 | D109: 513 | E109: 2786.6 | F109: 3376.8 | G109: =+C109+E109 -> 3112.4 | H109: =+D109+F109 -> 3889.8 | I109: =+(G109/H109-1)*100 -> -19.985603 | J109: 0
A110: =+A109+7 -> 39597 | B110: Taiwan | C110: 357 | D110: 536.3 | E110: 2804 | F110: 3466.7 | G110: =+C110+E110 -> 3161 | H110: =+D110+F110 -> 4003 | I110: =+(G110/H110-1)*100 -> -21.034224 | J110: 0
A111: =+A110+7 -> 39604 | B111: Taiwan | C111: 273 | D111: 484.7 | E111: 3013.1 | F111: 3563.4 | G111: =+C111+E111 -> 3286.1 | H111: =+D111+F111 -> 4048.1 | I111: =+(G111/H111-1)*100 -> -18.823646 | J111: 0
A112: =+A111+7 -> 39611 | B112: Taiwan | C112: 299.6 | D112: 550.7 | E112: 3024.5 | F112: 3657.1 | G112: =+C112+E112 -> 3324.1 | H112: =+D112+F112 -> 4207.8 | I112: =+(G112/H112-1)*100 -> -21.001473 | J112: 0
A113: =+A112+7 -> 39618 | B113: Taiwan | C113: 248.4 | D113: 698 | E113: 3105.5 | F113: 3757.3 | G113: =+C113+E113 -> 3353.9 | H113: =+D113+F113 -> 4455.3 | I113: =+(G113/H113-1)*100 -> -24.721119 | J113: 0
A114: =+A113+7 -> 39625 | B114: Taiwan | C114: 262.9 | D114: 740 | E114: 3132.8 | F114: 3779 | G114: =+C114+E114 -> 3395.7 | H114: =+D114+F114 -> 4519 | I114: =+(G114/H114-1)*100 -> -24.857269 | J114: 0
A115: =+A114+7 -> 39632 | B115: Taiwan | C115: 277.4 | D115: 799.7 | E115: 3163.4 | F115: 3808.1 | G115: =+C115+E115 -> 3440.8 | H115: =+D115+F115 -> 4607.8 | I115: =+(G115/H115-1)*100 -> -25.32662 | J115: 0
A116: =+A115+7 -> 39639 | B116: Taiwan | C116: 356.6 | D116: 638.2 | E116: 3201.5 | F116: 4018.2 | G116: =+C116+E116 -> 3558.1 | H116: =+D116+F116 -> 4656.4 | I116: =+(G116/H116-1)*100 -> -23.586891 | J116: 0
A117: =+A116+7 -> 39646 | B117: Taiwan | C117: 358.9 | D117: 676.7 | E117: 3228.5 | F117: 4056 | G117: =+C117+E117 -> 3587.4 | H117: =+D117+F117 -> 4732.7 | I117: =+(G117/H117-1)*100 -> -24.199717 | J117: 16.4
... A122: =+A121+7 -> 39681 | B122: Taiwan | C122: 246.7 | D122: 400.6 | E122: 3391.7 | F122: 4473.1 | G122: =+C122+E122 -> 3638.4 | H122: =+D122+F122 -> 4873.7 | I122: =+(G122/H122-1)*100 -> -25.346246 | J122: 55.5
A123: =+A122+7 -> 39688 | B123: Taiwan | C123: 144.9 | D123: 387.8 | E123: 3460.7 | F123: 4517.4 | G123: =+C123+E123 -> 3605.6 | H123: =+D123+F123 -> 4905.2 | I123: =+(G123/H123-1)*100 -> -26.494333 | J123: 95.5 | K123: =+G123-DATA!N65 -> 3605.6
A124: =+A123+7 -> 39695 | B124: Taiwan | C124: 231.8 | D124: 568.9 | E124: 7.3 | F124: 45.4 | G124: =+C124+E124 -> 239.1 | H124: =+D124+F124 -> 614.3 | I124: =+(G124/H124-1)*100 -> -61.077649
A125: =+A124+7 -> 39702 | B125: Taiwan | C125: 205.6 | D125: 568 | E125: 48.3 | F125: 88.3 | G125: =+C125+E125 -> 253.9 | H125: =+D125+F125 -> 656.3 | I125: =+(G125/H125-1)*100 -> -61.313424
A126: =+A125+7 -> 39709 | B126: Taiwan | C126: 181.3 | D126: 648.5 | E126: 87.5 | F126: 129.7 | G126: =+C126+E126 -> 268.8 | H126: =+D126+F126 -> 778.2 | I126: =+(G126/H126-1)*100 -> -65.458751
A127: =+A126+7 -> 39716 | B127: Taiwan | C127: 241.4 | D127: 719.2 | E127: 125.7 | F127: 163.9 | G127: =+C127+E127 -> 367.1 | H127: =+D127+F127 -> 883.1 | I127: =+(G127/H127-1)*100 -> -58.430529
A128: =+A127+7 -> 39723 | B128: Taiwan | C128: 235.6 | D128: 775.8 | E128: 161.8 | F128: 266.8 | G128: =+C128+E128 -> 397.4 | H128: =+D128+F128 -> 1042.6 | I128: =+(G128/H128-1)*100 -> -61.883752
...

Sheet Venezuela
B1: Corn by Destination Export Sales as of:
C2: Unshipped Balance | E2: Accumulated Exports | G2: Total Commitments | I2: from last yr | J2: Weekly
C3: This Year | D3: Last Year | E3: This Year | F3: Last Year | G3: This | H3: Last | I3: % change | J3: Change
A4: 41158 | B4: Venezuela | C4: 104.1 | D4: 42.5 | E4: 0 | F4: 0 | G4: =+C4+E4 -> 104.1 | H4: =+D4+F4 -> 42.5 | I4: =+(G4/H4-1)*100 -> 144.94118
A5: =+A4+7 -> 41165 | B5: Venezuela | C5: 59.6 | D5: 23.5 | E5: 57.5 | F5: 48 | G5: =+C5+E5 -> 117.1 | H5: =+D5+F5 -> 71.5 | I5: =+(G5/H5-1)*100 -> 63.776224
A6: =+A5+7 -> 41172 | B6: Venezuela | C6: 47.6 | D6: 6 | E6: 69.5 | F6: 65.5 | G6: =+C6+E6 -> 117.1 | H6: =+D6+F6 -> 71.5 | I6: =+(G6/H6-1)*100 -> 63.776224
A7: =+A6+7 -> 41179 | B7: Venezuela | C7: 34.6 | D7: 6 | E7: 127.5 | F7: 65.5 | G7: =+C7+E7 -> 162.1 | H7: =+D7+F7 -> 71.5 | I7: =+(G7/H7-1)*100 -> 126.71329
A8: =+A7+7 -> 41186 | B8: Venezuela | C8: 34.6 | D8: 44 | E8: 137.5 | F8: 71.5 | G8: =+C8+E8 -> 172.1 | H8: =+D8+F8 -> 115.5 | I8: =+(G8/H8-1)*100 -> 49.004329
A9: =+A8+7 -> 41193 | B9: Venezuela | C9: 25 | D9: 24.5 | E9: 146.7 | F9: 96.5 | G9: =+C9+E9 -> 171.7 | H9: =+D9+F9 -> 121 | I9: =+(G9/H9-1)*100 -> 41.900826
A10: =+A9+7 -> 41200 | B10: Venezuela | C10: 0 | D10: 19.5 | E10: 171.7 | F10: 135.5 | G10: =+C10+E10 -> 171.7 | H10: =+D10+F10 -> 155 | I10: =+(G10/H10-1)*100 -> 10.774194
A11: =+A10+7 -> 41207 | B11: Venezuela | C11: 22.5 | D11: 14 | E11: 171.7 | F11: 141 | G11: =+C11+E11 -> 194.2 | H11: =+D11+F11 -> 155 | I11: =+(G11/H11-1)*100 -> 25.290323
A12: =+A11+7 -> 41214 | B12: Venezuela | C12: 22.5 | D12: 0 | E12: 171.7 | F12: 155 | G12: =+C12+E12 -> 194.2 | H12: =+D12+F12 -> 155 | I12: =+(G12/H12-1)*100 -> 25.290323
A13: =+A12+7 -> 41221 | B13: Venezuela | C13: 22.5 | D13: 0 | E13: 171.7 | F13: 181 | G13: =+C13+E13 -> 194.2 | H13: =+D13+F13 -> 181 | I13: =+(G13/H13-1)*100 -> 7.2928177
A14: =+A13+7 -> 41228 | B14: Venezuela | C14: 43 | D14: 0 | E14: 184.2 | F14: 186 | G14: =+C14+E14 -> 227.2 | H14: =+D14+F14 -> 186 | I14: =+(G14/H14-1)*100 -> 22.150538
A15: =+A14+7 -> 41235 | B15: Venezuela | C15: 33 | D15: 48.5 | E15: 194.2 | F15: 186 | G15: =+C15+E15 -> 227.2 | H15: =+D15+F15 -> 234.5 | I15: =+(G15/H15-1)*100 -> -3.1130064
A16: =+A15+7 -> 41242 | B16: Venezuela | C16: 10 | D16: 30 | E16: 227.2 | F16: 204.5 | G16: =+C16+E16 -> 237.2 | H16: =+D16+F16 -> 234.5 | I16: =+(G16/H16-1)*100 -> 1.1513859
... A49: =+A48+7 -> 41473 | B49: Venezuela | C49: 71 | D49: 87.1 | E49: 1008.8 | F49: 1099.1 | G49: =+C49+E49 -> 1079.8 | H49: =+D49+F49 -> 1186.2 | I49: =+(G49/H49-1)*100 -> -8.9698196
A50: =+A49+7 -> 41480 | B50: Venezuela | C50: 26 | D50: 89.6 | E50: 1071.6 | F50: 1126.6 | G50: =+C50+E50 -> 1097.6 | H50: =+D50+F50 -> 1216.2 | I50: =+(G50/H50-1)*100 -> -9.7516856 | J50: 16
A51: =+A50+7 -> 41487 | B51: Venezuela | C51: 46 | D51: 95.1 | E51: 1118.1 | F51: 1146.6 | G51: =+C51+E51 -> 1164.1 | H51: =+D51+F51 -> 1241.7 | I51: =+(G51/H51-1)*100 -> -6.2494967 | J51: 16
A52: =+A51+7 -> 41494 | B52: Venezuela | C52: 26 | D52: 86.6 | E52: 1138.1 | F52: 1209.6 | G52: =+C52+E52 -> 1164.1 | H52: =+D52+F52 -> 1296.2 | I52: =+(G52/H52-1)*100 -> -10.191328 | J52: 16
A53: =+A52+7 -> 41501 | B53: Venezuela | C53: 36 | D53: 96.6 | E53: 1138.1 | F53: 1235.1 | G53: =+C53+E53 -> 1174.1 | H53: =+D53+F53 -> 1331.7 | I53: =+(G53/H53-1)*100 -> -11.834497 | J53: 16
A54: =+A53+7 -> 41508 | B54: Venezuela | C54: 16 | D54: 51.6 | E54: 1158.1 | F54: 1280.1 | G54: =+C54+E54 -> 1174.1 | H54: =+D54+F54 -> 1331.7 | I54: =+(G54/H54-1)*100 -> -11.834497 | J54: 31
A55: =+A54+7 -> 41515 | B55: Venezuela | C55: 16 | D55: 51.6 | E55: 1158.1 | F55: 1280.1 | G55: =+C55+E55 -> 1174.1 | H55: =+D55+F55 -> 1331.7 | I55: =+(G55/H55-1)*100 -> -11.834497 | J55: 58
A56: =+A55+7 -> 41522 | B56: Venezuela | C56: 84 | D56: 104.1 | E56: 10 | F56: 0 | G56: =+C56+E56 -> 94 | H56: =+D56+F56 -> 104.1 | I56: =+(G56/H56-1)*100 -> -9.7022094
A57: =+A56+7 -> 41529 | B57: Venezuela | C57: 32 | D57: 59.6 | E57: 77 | F57: 57.5 | G57: =+C57+E57 -> 109 | H57: =+D57+F57 -> 117.1 | I57: =+(G57/H57-1)*100 -> -6.9171648
A58: =+A57+7 -> 41536 | B58: Venezuela | C58: 8 | D58: 47.6 | E58: 113.5 | F58: 69.5 | G58: =+C58+E58 -> 121.5 | H58: =+D58+F58 -> 117.1 | I58: =+(G58/H58-1)*100 -> 3.7574722
A59: =+A58+7 -> 41543 | B59: Venezuela | C59: 34.6 | D59: 34.6 | E59: 113.5 | F59: 127.5 | G59: =+C59+E59 -> 148.1 | H59: =+D59+F59 -> 162.1 | I59: =+(G59/H59-1)*100 -> -8.636644
A60: =+A59+7 -> 41550 | B60: Venezuela | C60: 34.6 | D60: 34.6 | E60: 142 | F60: 137.5 | G60: =+C60+E60 -> 176.6 | H60: =+D60+F60 -> 172.1 | I60: =+(G60/H60-1)*100 -> 2.6147589
A61: =+A60+7 -> 41557 | B61: Venezuela
A62: =+A61+7 -> 41564 | B62: Venezuela
A63: =+A62+7 -> 41571 | B63: Venezuela | C63: 71 | D63: 22.5 | E63: 160.6 | F63: 171.7 | G63: =+C63+E63 -> 231.6 | H63: =+D63+F63 -> 194.2 | I63: =+(G63/H63-1)*100 -> 19.258496
A64: =+A63+7 -> 41578 | B64: Venezuela | C64: 71 | D64: 22.5 | E64: 160.6 | F64: 171.7 | G64: =+C64+E64 -> 231.6 | H64: =+D64+F64 -> 194.2 | I64: =+(G64/H64-1)*100 -> 19.258496
A65: =+A64+7 -> 41585 | B65: Venezuela | C65: 61 | D65: 22.5 | E65: 165.6 | F65: 171.7 | G65: =+C65+E65 -> 226.6 | H65: =+D65+F65 -> 194.2 | I65: =+(G65/H65-1)*100 -> 16.683831
A66: =+A65+7 -> 41592 | B66: Venezuela | C66: 61 | D66: 43 | E66: 165.6 | F66: 184.2 | G66: =+C66+E66 -> 226.6 | H66: =+D66+F66 -> 227.2 | I66: =+(G66/H66-1)*100 -> -0.26408451
A67: =+A66+7 -> 41599 | B67: Venezuela | C67: 61 | D67: 33 | E67: 165.6 | F67: 194.2 | G67: =+C67+E67 -> 226.6 | H67: =+D67+F67 -> 227.2 | I67: =+(G67/H67-1)*100 -> -0.26408451
A68: =+A67+7 -> 41606 | B68: Venezuela | C68: 73 | D68: 10 | E68: 181.6 | F68: 227.2 | G68: =+C68+E68 -> 254.6 | H68: =+D68+F68 -> 237.2 | I68: =+(G68/H68-1)*100 -> 7.3355818
A69: =+A68+7 -> 41613 | B69: Venezuela | C69: 74 | D69: 10 | E69: 230.7 | F69: 237.2 | G69: =+C69+E69 -> 304.7 | H69: =+D69+F69 -> 247.2 | I69: =+(G69/H69-1)*100 -> 23.260518
A70: =+A69+7 -> 41620 | B70: Venezuela | C70: 64 | D70: 40 | E70: 240.7 | F70: 237.2 | G70: =+C70+E70 -> 304.7 | H70: =+D70+F70 -> 277.2 | I70: =+(G70/H70-1)*100 -> 9.9206349
A71: =+A70+7 -> 41627 | B71: Venezuela | C71: 151 | D71: 30 | E71: 240.7 | F71: 247.2 | G71: =+C71+E71 -> 391.7 | H71: =+D71+F71 -> 277.2 | I71: =+(G71/H71-1)*100 -> 41.305916
A72: =+A71+7 -> 41634 | B72: Venezuela | C72: 151 | D72: 30 | E72: 257.7 | F72: 247.2 | G72: =+C72+E72 -> 408.7 | H72: =+D72+F72 -> 277.2 | I72: =+(G72/H72-1)*100 -> 47.438672
A73: =+A72+7 -> 41641 | B73: Venezuela | C73: 151 | D73: 30 | E73: 257.7 | F73: 253.2 | G73: =+C73+E73 -> 408.7 | H73: =+D73+F73 -> 283.2 | I73: =+(G73/H73-1)*100 -> 44.314972
A74: =+A73+7 -> 41648 | B74: Venezuela | C74: 160 | D74: =C22 -> 30 | E74: 273.1 | F74: =E22 -> 253.2 | G74: =+C74+E74 -> 433.1 | H74: =+D74+F74 -> 283.2 | I74: =+(G74/H74-1)*100 -> 52.930791
A75: =+A74+7 -> 41655 | B75: Venezuela | C75: 160 | D75: =C23 -> 30 | E75: 273.1 | F75: =E23 -> 253.2 | G75: =+C75+E75 -> 433.1 | H75: =+D75+F75 -> 283.2 | I75: =+(G75/H75-1)*100 -> 52.930791
A76: =+A75+7 -> 41662 | B76: Venezuela | C76: 185 | D76: =C24 -> 0 | E76: 273.1 | F76: =E24 -> 283.2 | G76: =+C76+E76 -> 458.1 | H76: =+D76+F76 -> 283.2 | I76: =+(G76/H76-1)*100 -> 61.758475
A77: =+A76+7 -> 41669 | B77: Venezuela | C77: 160 | D77: =C25 -> 77 | E77: 305.1 | F77: =E25 -> 298.2 | G77: =+C77+E77 -> 465.1 | H77: =+D77+F77 -> 375.2 | I77: =+(G77/H77-1)*100 -> 23.960554
A78: =+A77+7 -> 41676 | B78: Venezuela | C78: 197 | D78: =C26 -> 77 | E78: 322.1 | F78: =E26 -> 298.2 | G78: =+C78+E78 -> 519.1 | H78: =+D78+F78 -> 375.2 | I78: =+(G78/H78-1)*100 -> 38.352878
A79: =+A78+7 -> 41683 | B79: Venezuela | C79: 218 | D79: =C27 -> 77 | E79: 347.1 | F79: =E27 -> 298.2 | G79: =+C79+E79 -> 565.1 | H79: =+D79+F79 -> 375.2 | I79: =+(G79/H79-1)*100 -> 50.613006
A80: =+A79+7 -> 41690 | B80: Venezuela | C80: 218 | D80: =C28 -> 30.5 | E80: 347.1 | F80: =E28 -> 365.2 | G80: =+C80+E80 -> 565.1 | H80: =+D80+F80 -> 395.7 | I80: =+(G80/H80-1)*100 -> 42.81021
A81: =+A80+7 -> 41697 | B81: Venezuela | D81: =C29 -> 10 | F81: =E29 -> 385.7
A82: =+A81+7 -> 41704 | B82: Venezuela | D82: =C30 -> 10 | F82: =E30 -> 385.7
A83: =+A82+7 -> 41711 | B83: Venezuela | D83: =C31 -> 10 | F83: =E31 -> 385.7
A84: =+A83+7 -> 41718 | B84: Venezuela | D84: =C32 -> 90 | F84: =E32 -> 395.7
A85: =+A84+7 -> 41725 | B85: Venezuela | D85: =C33 -> 87 | F85: =E33 -> 450.7
A86: =+A85+7 -> 41732 | B86: Venezuela
A87: =+A86+7 -> 41739 | B87: Venezuela
A88: =+A87+7 -> 41746 | B88: Venezuela
A89: =+A88+7 -> 41753 | B89: Venezuela
A90: =+A89+7 -> 41760 | B90: Venezuela
A91: =+A90+7 -> 41767 | B91: Venezuela
A92: =+A91+7 -> 41774 | B92: Venezuela
A93: =+A92+7 -> 41781 | B93: Venezuela
A94: =+A93+7 -> 41788 | B94: Venezuela
A95: =+A94+7 -> 41795 | B95: Venezuela
A96: =+A95+7 -> 41802 | B96: Venezuela
A97: =+A96+7 -> 41809 | B97: Venezuela
... A286: =+A285+7 -> 43132 | B286: Venezuela

Sheet Egypt
B1: Corn by Destination Export Sales as of:
C2: Unshipped Balance | E2: Accumulated Exports | G2: Total Commitments | I2: from last yr | J2: next
C3: curr | D3: last | E3: curr | F3: last | G3: curr | H3: last | I3: % change | J3: crop year
A4: =Japan!A4 -> 38855 | B4: Egypt | C4: 535.8 | D4: 500 | E4: 2666.9 | F4: 2779.9 | G4: =+C4+E4 -> 3202.7 | H4: =+D4+F4 -> 3279.9 | I4: =+(G4/H4-1)*100 -> -2.3537303
A5: =Japan!A5 -> 38862 | B5: Egypt | C5: 540 | D5: 500 | E5: 2725.3 | F5: 2844.8 | G5: =+C5+E5 -> 3265.3 | H5: =+D5+F5 -> 3344.8 | I5: =+(G5/H5-1)*100 -> -2.3768237
A6: =Japan!A6 -> 38869 | B6: Egypt | C6: 570 | D6: 552.8 | E6: 2755.3 | F6: 2901.9 | G6: =+C6+E6 -> 3325.3 | H6: =+D6+F6 -> 3454.7 | I6: =+(G6/H6-1)*100 -> -3.7456219 | J6: 0
A7: =Japan!A7 -> 38876 | B7: Egypt | C7: 435 | D7: 552.8 | E7: 2946.5 | F7: 2957.3 | G7: =+C7+E7 -> 3381.5 | H7: =+D7+F7 -> 3510.1 | I7: =+(G7/H7-1)*100 -> -3.6637133 | J7: 0
A8: =Japan!A8 -> 38883 | B8: Egypt | C8: 315 | D8: 620 | E8: 3010.8 | F8: 2982.3 | G8: =+C8+E8 -> 3325.8 | H8: =+D8+F8 -> 3602.3 | I8: =+(G8/H8-1)*100 -> -7.6756517 | J8: 0
A9: =Japan!A9 -> 38890 | B9: Egypt | C9: 435 | D9: 500 | E9: 3125.4 | F9: 3095.9 | G9: =+C9+E9 -> 3560.4 | H9: =+D9+F9 -> 3595.9 | I9: =+(G9/H9-1)*100 -> -0.98723546 | J9: 0
A10: =Japan!A10 -> 38897 | B10: Egypt | C10: 465 | D10: 580 | E10: 3196.4 | F10: 3095.9 | G10: =+C10+E10 -> 3661.4 | H10: =+D10+F10 -> 3675.9 | I10: =+(G10/H10-1)*100 -> -0.39446122 | J10: 0
A11: =Japan!A11 -> 38904 | B11: Egypt | C11: 445 | D11: 520 | E11: 3249 | F11: 3205.5 | G11: =+C11+E11 -> 3694 | H11: =+D11+F11 -> 3725.5 | I11: =+(G11/H11-1)*100 -> -0.84552409 | J11: 0
A12: =Japan!A12 -> 38911 | B12: Egypt | C12: 525 | D12: 440 | E12: 3318.5 | F12: 3347.7 | G12: =+C12+E12 -> 3843.5 | H12: =+D12+F12 -> 3787.7 | I12: =+(G12/H12-1)*100 -> 1.4731895
A13: =Japan!A13 -> 38918 | B13: Egypt | C13: 625 | D13: 500 | E13: 3409.7 | F13: 3531.7 | G13: =+C13+E13 -> 4034.7 | H13: =+D13+F13 -> 4031.7 | I13: =+(G13/H13-1)*100 -> 0.074410298
A14: =Japan!A14 -> 38925 | B14: Egypt | C14: 515 | D14: 440 | E14: 3540.9 | F14: 3708.1 | G14: =+C14+E14 -> 4055.9 | H14: =+D14+F14 -> 4148.1 | I14: =+(G14/H14-1)*100 -> -2.2227044 | J14: 0
A15: =Japan!A15 -> 38932 | B15: Egypt | C15: 465 | D15: 680 | E15: 3720.6 | F15: 3771.7 | G15: =+C15+E15 -> 4185.6 | H15: =+D15+F15 -> 4451.7 | I15: =+(G15/H15-1)*100 -> -5.9774917 | J15: 60
A16: =Japan!A16 -> 38939 | B16: Egypt | C16: 400 | D16: 620 | E16: 3771.3 | F16: 3837.5 | G16: =+C16+E16 -> 4171.3 | H16: =+D16+F16 -> 4457.5 | I16: =+(G16/H16-1)*100 -> -6.4206394 | J16: 120
A17: =Japan!A17 -> 38946 | B17: Egypt | C17: 280 | D17: 545 | E17: 3955.5 | F17: 3960.2 | G17: =+C17+E17 -> 4235.5 | H17: =+D17+F17 -> 4505.2 | I17: =+(G17/H17-1)*100 -> -5.9864157 | J17: 240
A18: =Japan!A18 -> 38953 | B18: Egypt | C18: 235 | D18: 440 | E18: 4083.2 | F18: 4123.3 | G18: =+C18+E18 -> 4318.2 | H18: =+D18+F18 -> 4563.3 | I18: =+(G18/H18-1)*100 -> -5.371113 | J18: 473
A19: =Japan!A19 -> 38960 | B19: Egypt | C19: 143.2 | D19: 440 | E19: 4298.1 | F19: 4123.3 | G19: =+C19+E19 -> 4441.3 | H19: =+D19+F19 -> 4563.3 | I19: =+(G19/H19-1)*100 -> -2.6735038 | J19: 676.2
A20: =Japan!A20 -> 38967 | B20: Egypt | C20: 673.2 | D20: 740 | E20: 50.6 | F20: 51.2 | G20: =+C20+E20 -> 723.8 | H20: =+D20+F20 -> 791.2 | I20: =+(G20/H20-1)*100 -> -8.5187058
A21: =+A20+7 -> 38974 | B21: Egypt | C21: 681.5 | D21: 740 | E21: 211.4 | F21: 51.2 | G21: =+C21+E21 -> 892.9 | H21: =+D21+F21 -> 791.2 | I21: =+(G21/H21-1)*100 -> 12.853893
A22: =+A21+7 -> 38981 | B22: Egypt | C22: 635 | D22: 704.3 | E22: 349.7 | F22: 152.9 | G22: =+C22+E22 -> 984.7 | H22: =+D22+F22 -> 857.2 | I22: =+(G22/H22-1)*100 -> 14.874008
A23: =+A22+7 -> 38988 | B23: Egypt | C23: 635 | D23: 704.3 | E23: 407.3 | F23: 152.9 | G23: =+C23+E23 -> 1042.3 | H23: =+D23+F23 -> 857.2 | I23: =+(G23/H23-1)*100 -> 21.59356
A24: =+A23+7 -> 38995 | B24: Egypt | C24: 615 | D24: 720.7 | E24: 407.3 | F24: 310.6 | G24: =+C24+E24 -> 1022.3 | H24: =+D24+F24 -> 1031.3 | I24: =+(G24/H24-1)*100 -> -0.87268496
A25: =+A24+7 -> 39002 | B25: Egypt | C25: 452.5 | D25: 608.3 | E25: 602.5 | F25: 471.7 | G25: =+C25+E25 -> 1055 | H25: =+D25+F25 -> 1080 | I25: =+(G25/H25-1)*100 -> -2.3148148
A26: =+A25+7 -> 39009 | B26: Egypt | C26: 293.9 | D26: 608.3 | E26: 743.4 | F26: 529.2 | G26: =+C26+E26 -> 1037.3 | H26: =+D26+F26 -> 1137.5 | I26: =+(G26/H26-1)*100 -> -8.8087912
A27: =+A26+7 -> 39016 | B27: Egypt | C27: 293.9 | D27: 558.2 | E27: 743.4 | F27: 644.5 | G27: =+C27+E27 -> 1037.3 | H27: =+D27+F27 -> 1202.7 | I27: =+(G27/H27-1)*100 -> -13.75239
A28: =+A27+7 -> 39023 | B28: Egypt | C28: 170.5 | D28: 531.2 | E28: 797.9 | F28: 708.9 | G28: =+C28+E28 -> 968.4 | H28: =+D28+F28 -> 1240.1 | I28: =+(G28/H28-1)*100 -> -21.909523
A29: =+A28+7 -> 39030 | B29: Egypt | C29: 131.7 | D29: 651.2 | E29: 836.7 | F29: 765.2 | G29: =+C29+E29 -> 968.4 | H29: =+D29+F29 -> 1416.4 | I29: =+(G29/H29-1)*100 -> -31.629483
A30: =+A29+7 -> 39037 | B30: Egypt | C30: 170.5 | D30: 531.2 | E30: 903.2 | F30: 876.2 | G30: =+C30+E30 -> 1073.7 | H30: =+D30+F30 -> 1407.4 | I30: =+(G30/H30-1)*100 -> -23.710388
A31: =+A30+7 -> 39044 | B31: Egypt | C31: 290.5 | D31: 591.2 | E31: 903.2 | F31: 918.3 | G31: =+C31+E31 -> 1193.7 | H31: =+D31+F31 -> 1509.5 | I31: =+(G31/H31-1)*100 -> -20.920835
A32: =+A31+7 -> 39051 | B32: Egypt | C32: 240.2 | D32: 441.2 | E32: 947.8 | F32: 982.5 | G32: =+C32+E32 -> 1188 | H32: =+D32+F32 -> 1423.7 | I32: =+(G32/H32-1)*100 -> -16.555454
... A34: =+A33+7 -> 39065 | B34: Egypt | C34: 282.2 | D34: 300 | E34: 947.8 | F34: 1111.6 | G34: =+C34+E34 -> 1230 | H34: =+D34+F34 -> 1411.6 | I34: =+(G34/H34-1)*100 -> -12.864834
A35: =+A34+7 -> 39072 | B35: Egypt | C35: 282.2 | D35: 229.8 | E35: 1004.5 | F35: 1173.9 | G35: =+C35+E35 -> 1286.7 | H35: =+D35+F35 -> 1403.7 | I35: =+(G35/H35-1)*100 -> -8.3351143 | J35: 60
A36: =+A35+7 -> 39079 | B36: Egypt | C36: 402.7 | D36: 324.5 | E36: 1070 | F36: 1199.2 | G36: =+C36+E36 -> 1472.7 | H36: =+D36+F36 -> 1523.7 | I36: =+(G36/H36-1)*100 -> -3.3471156 | J36: 60
A37: =+A36+7 -> 39086 | B37: Egypt | C37: 480.2 | D37: 254.5 | E37: 1134.8 | F37: 1275.1 | G37: =+C37+E37 -> 1615 | H37: =+D37+F37 -> 1529.6 | I37: =+(G37/H37-1)*100 -> 5.583159
A38: =+A37+7 -> 39093 | B38: Egypt | C38: 480.2 | D38: 350 | E38: 1134.8 | F38: 1305.4 | G38: =+C38+E38 -> 1615 | H38: =+D38+F38 -> 1655.4 | I38: =+(G38/H38-1)*100 -> -2.4404978 | J38: 60
A39: =+A38+7 -> 39100 | B39: Egypt | C39: 489.7 | D39: 300 | E39: 1312 | F39: 1465.2 | G39: =+C39+E39 -> 1801.7 | H39: =+D39+F39 -> 1765.2 | I39: =+(G39/H39-1)*100 -> 2.0677544 | J39: 60
A40: =+A39+7 -> 39107 | B40: Egypt | C40: 369.7 | D40: 240 | E40: 1371.2 | F40: 1591.3 | G40: =+C40+E40 -> 1740.9 | H40: =+D40+F40 -> 1831.3 | I40: =+(G40/H40-1)*100 -> -4.936384
A41: =+A40+7 -> 39114 | B41: Egypt | C41: 369.7 | D41: 240 | E41: 1468.7 | F41: 1713 | G41: =+C41+E41 -> 1838.4 | H41: =+D41+F41 -> 1953 | I41: =+(G41/H41-1)*100 -> -5.8678955
A42: =+A41+7 -> 39121 | B42: Egypt | C42: 369.7 | D42: 300 | E42: 1506.3 | F42: 1762.2 | G42: =+C42+E42 -> 1876 | H42: =+D42+F42 -> 2062.2 | I42: =+(G42/H42-1)*100 -> -9.0291921
A43: =+A42+7 -> 39128 | B43: Egypt | C43: 324.6 | D43: 300 | E43: 1678.8 | F43: 1868 | G43: =+C43+E43 -> 2003.4 | H43: =+D43+F43 -> 2168 | I43: =+(G43/H43-1)*100 -> -7.5922509
A44: =+A43+7 -> 39135 | B44: Egypt | C44: 432.6 | D44: 240 | E44: 1749.6 | F44: 1926.5 | G44: =+C44+E44 -> 2182.2 | H44: =+D44+F44 -> 2166.5 | I44: =+(G44/H44-1)*100 -> 0.72467113
A45: =+A44+7 -> 39142 | B45: Egypt | C45: 464.7 | D45: 120 | E45: 1906.2 | F45: 2095.1 | G45: =+C45+E45 -> 2370.9 | H45: =+D45+F45 -> 2215.1 | I45: =+(G45/H45-1)*100 -> 7.0335425
A46: =+A45+7 -> 39149 | B46: Egypt | C46: 464.7 | D46: 165 | E46: 1906.2 | F46: 2095.1 | G46: =+C46+E46 -> 2370.9 | H46: =+D46+F46 -> 2260.1 | I46: =+(G46/H46-1)*100 -> 4.9024379
A47: =+A46+7 -> 39156 | B47: Egypt | C47: 399 | D47: 187.1 | E47: 2025.5 | F47: 2139 | G47: =+C47+E47 -> 2424.5 | H47: =+D47+F47 -> 2326.1 | I47: =+(G47/H47-1)*100 -> 4.2302567
A48: =+A47+7 -> 39163 | B48: Egypt | C48: 280.6 | D48: 221.2 | E48: 2227.7 | F48: 2189.6 | G48: =+C48+E48 -> 2508.3 | H48: =+D48+F48 -> 2410.8 | I48: =+(G48/H48-1)*100 -> 4.0443006
A49: =+A48+7 -> 39170 | B49: Egypt | C49: 313.4 | D49: 164.9 | E49: 2227.7 | F49: 2212.8 | G49: =+C49+E49 -> 2541.1 | H49: =+D49+F49 -> 2377.7 | I49: =+(G49/H49-1)*100 -> 6.8721874
A50: =+A49+7 -> 39177 | B50: Egypt | C50: 306 | D50: 209.9 | E50: 2300 | F50: 2212.8 | G50: =+C50+E50 -> 2606 | H50: =+D50+F50 -> 2422.7 | I50: =+(G50/H50-1)*100 -> 7.5659388 | J50: =+G50-G49 -> 64.9
A51: =+A50+7 -> 39184 | B51: Egypt | C51: 316 | D51: 324.9 | E51: 2345 | F51: 2212.8 | G51: =+C51+E51 -> 2661 | H51: =+D51+F51 -> 2537.7 | I51: =+(G51/H51-1)*100 -> 4.8587303
A52: =+A51+7 -> 39191 | B52: Egypt | C52: 436 | D52: 339.6 | E52: 2319.2 | F52: 2326.5 | G52: =+C52+E52 -> 2755.2 | H52: =+D52+F52 -> 2666.1 | I52: =+(G52/H52-1)*100 -> 3.3419602
A53: =+A52+7 -> 39198 | B53: Egypt | C53: 316 | D53: 459.6 | E53: 2362.1 | F53: 2326.5 | G53: =+C53+E53 -> 2678.1 | H53: =+D53+F53 -> 2786.1 | I53: =+(G53/H53-1)*100 -> -3.8763863
A54: =+A53+7 -> 39205 | B54: Egypt | C54: 255.9 | D54: 414.6 | E54: 2426.6 | F54: 2426.4 | G54: =+C54+E54 -> 2682.5 | H54: =+D54+F54 -> 2841 | I54: =+(G54/H54-1)*100 -> -5.5790215
A55: =+A54+7 -> 39212 | B55: Egypt | C55: 436 | D55: 475.8 | E55: 2426.6 | F55: 2600.9 | G55: =+C55+E55 -> 2862.6 | H55: =+D55+F55 -> 3076.7 | I55: =+(G55/H55-1)*100 -> -6.9587545
A56: =+A55+7 -> 39219 | B56: Egypt | C56: 483.8 | D56: 535.8 | E56: 2449.6 | F56: 2666.9 | G56: =+C56+E56 -> 2933.4 | H56: =+D56+F56 -> 3202.7 | I56: =+(G56/H56-1)*100 -> -8.4085303
A57: =+A56+7 -> 39226 | B57: Egypt | C57: 543.8 | D57: 540 | E57: 2449.6 | F57: 2725.3 | G57: =+C57+E57 -> 2993.4 | H57: =+D57+F57 -> 3265.3 | I57: =+(G57/H57-1)*100 -> -8.3269531
A58: =+A57+7 -> 39233 | B58: Egypt | C58: 444.4 | D58: 570 | E58: 2494.1 | F58: 2755.3 | G58: =+C58+E58 -> 2938.5 | H58: =+D58+F58 -> 3325.3 | I58: =+(G58/H58-1)*100 -> -11.632033
A59: =+A58+7 -> 39240 | B59: Egypt | C59: 365.6 | D59: 435 | E59: 2578.9 | F59: 2946.5 | G59: =+C59+E59 -> 2944.5 | H59: =+D59+F59 -> 3381.5 | I59: =+(G59/H59-1)*100 -> -12.923259
A60: =+A59+7 -> 39247 | B60: Egypt | C60: 377.8 | D60: 315 | E60: 2659.2 | F60: 3010.8 | G60: =+C60+E60 -> 3037 | H60: =+D60+F60 -> 3325.8 | I60: =+(G60/H60-1)*100 -> -8.683625
A61: =+A60+7 -> 39254 | B61: Egypt | C61: 473.4 | D61: 435 | E61: 2724.8 | F61: 3125.4 | G61: =+C61+E61 -> 3198.2 | H61: =+D61+F61 -> 3560.4 | I61: =+(G61/H61-1)*100 -> -10.173014
A62: =+A61+7 -> 39261 | B62: Egypt | C62: 713.4 | D62: 465 | E62: 2724.8 | F62: 3196.4 | G62: =+C62+E62 -> 3438.2 | H62: =+D62+F62 -> 3661.4 | I62: =+(G62/H62-1)*100 -> -6.0960288
... A64: =+A63+7 -> 39275 | B64: Egypt | C64: 695.8 | D64: 525 | E64: 2879.5 | F64: 3318.5 | G64: =+C64+E64 -> 3575.3 | H64: =+D64+F64 -> 3843.5 | I64: =+(G64/H64-1)*100 -> -6.9780148
A65: =+A64+7 -> 39282 | B65: Egypt | C65: 695.8 | D65: 625 | E65: 2938.6 | F65: 3409.7 | G65: =+C65+E65 -> 3634.4 | H65: =+D65+F65 -> 4034.7 | I65: =+(G65/H65-1)*100 -> -9.9214316 | J65: 60
A66: =+A65+7 -> 39289 | B66: Egypt | C66: 653.5 | D66: 515 | E66: 3018.1 | F66: 3540.9 | G66: =+C66+E66 -> 3671.6 | H66: =+D66+F66 -> 4055.9 | I66: =+(G66/H66-1)*100 -> -9.4750857 | J66: 60
A67: =+A66+7 -> 39296 | B67: Egypt | C67: 611.3 | D67: 465 | E67: 3060.3 | F67: 3720.6 | G67: =+C67+E67 -> 3671.6 | H67: =+D67+F67 -> 4185.6 | I67: =+(G67/H67-1)*100 -> -12.280199 | J67: 120
A68: =+A67+7 -> 39303 | B68: Egypt | C68: 396.3 | D68: 400 | E68: 3166 | F68: 3771.3 | G68: =+C68+E68 -> 3562.3 | H68: =+D68+F68 -> 4171.3 | I68: =+(G68/H68-1)*100 -> -14.599765 | J68: 120
A69: =+A68+7 -> 39310 | B69: Egypt | C69: 325.9 | D69: 280 | E69: 3240.3 | F69: 3955.5 | G69: =+C69+E69 -> 3566.2 | H69: =+D69+F69 -> 4235.5 | I69: =+(G69/H69-1)*100 -> -15.802149 | J69: 360
A70: =+A69+7 -> 39317 | B70: Egypt | C70: 233.9 | D70: 235 | E70: 3336.5 | F70: 4083.2 | G70: =+C70+E70 -> 3570.4 | H70: =+D70+F70 -> 4318.2 | I70: =+(G70/H70-1)*100 -> -17.317401 | J70: 480
A71: =+A70+7 -> 39324 | B71: Egypt | C71: 176.9 | D71: 143.2 | E71: 3508.1 | F71: 4298.1 | G71: =+C71+E71 -> 3685 | H71: =+D71+F71 -> 4441.3 | I71: =+(G71/H71-1)*100 -> -17.028798 | J71: 480
A72: =+A71+7 -> 39331 | B72: Egypt | C72: 584.4 | D72: 673.2 | E72: 123.5 | F72: 50.6 | G72: =+C72+E72 -> 707.9 | H72: =+D72+F72 -> 723.8 | I72: =+(G72/H72-1)*100 -> -2.1967394
A73: =+A72+7 -> 39338 | B73: Egypt | C73: 480 | D73: 681.5 | E73: 169.4 | F73: 211.4 | G73: =+C73+E73 -> 649.4 | H73: =+D73+F73 -> 892.9 | I73: =+(G73/H73-1)*100 -> -27.270691
A74: =+A73+7 -> 39345 | B74: Egypt | C74: 300 | D74: 635 | E74: 399.7 | F74: 349.7 | G74: =+C74+E74 -> 699.7 | H74: =+D74+F74 -> 984.7 | I74: =+(G74/H74-1)*100 -> -28.942825
A75: =+A74+7 -> 39352 | B75: Egypt | C75: 120 | D75: 635 | E75: 543.3 | F75: 407.3 | G75: =+C75+E75 -> 663.3 | H75: =+D75+F75 -> 1042.3 | I75: =+(G75/H75-1)*100 -> -36.361892
A76: =+A75+7 -> 39359 | B76: Egypt | C76: 300 | D76: 615 | E76: 598.6 | F76: 407.3 | G76: =+C76+E76 -> 898.6 | H76: =+D76+F76 -> 1022.3 | I76: =+(G76/H76-1)*100 -> -12.100166
A77: =+A76+7 -> 39366 | B77: Egypt | C77: 300 | D77: 452.5 | E77: 663.3 | F77: 602.5 | G77: =+C77+E77 -> 963.3 | H77: =+D77+F77 -> 1055 | I77: =+(G77/H77-1)*100 -> -8.6919431
A78: =+A77+7 -> 39373 | B78: Egypt | C78: 395 | D78: 293.9 | E78: 769.4 | F78: 743.4 | G78: =+C78+E78 -> 1164.4 | H78: =+D78+F78 -> 1037.3 | I78: =+(G78/H78-1)*100 -> 12.252964
A79: =+A78+7 -> 39380 | B79: Egypt | C79: 455 | D79: 293.9 | E79: 769.4 | F79: 743.4 | G79: =+C79+E79 -> 1224.4 | H79: =+D79+F79 -> 1037.3 | I79: =+(G79/H79-1)*100 -> 18.037212
A80: =+A79+7 -> 39387 | B80: Egypt | C80: 480 | D80: 170.5 | E80: 892.2 | F80: 797.9 | G80: =+C80+E80 -> 1372.2 | H80: =+D80+F80 -> 968.4 | I80: =+(G80/H80-1)*100 -> 41.697646
A81: =+A80+7 -> 39394 | B81: Egypt | C81: 695 | D81: 131.7 | E81: 983.2 | F81: 836.7 | G81: =+C81+E81 -> 1678.2 | H81: =+D81+F81 -> 968.4 | I81: =+(G81/H81-1)*100 -> 73.296159
A82: =+A81+7 -> 39401 | B82: Egypt | C82: 1055 | D82: 170.5 | E82: 1039.3 | F82: 903.2 | G82: =+C82+E82 -> 2094.3 | H82: =+D82+F82 -> 1073.7 | I82: =+(G82/H82-1)*100 -> 95.054484
A83: =+A82+7 -> 39408 | B83: Egypt | C83: 1011 | D83: 290.5 | E83: 1232.2 | F83: 903.2 | G83: =+C83+E83 -> 2243.2 | H83: =+D83+F83 -> 1193.7 | I83: =+(G83/H83-1)*100 -> 87.919913
... A105: =+A104+7 -> 39562 | B105: Egypt | C105: 302.8 | D105: 316 | E105: 2751.9 | F105: 2362.1 | G105: =+C105+E105 -> 3054.7 | H105: =+D105+F105 -> 2678.1 | I105: =+(G105/H105-1)*100 -> 14.062208
A106: =+A105+7 -> 39569 | B106: Egypt | C106: 286.3 | D106: 255.9 | E106: 2751.9 | F106: 2426.6 | G106: =+C106+E106 -> 3038.2 | H106: =+D106+F106 -> 2682.5 | I106: =+(G106/H106-1)*100 -> 13.260019 | J106: 0
A107: =+A106+7 -> 39576 | B107: Egypt | C107: 286.3 | D107: 436 | E107: 2751.9 | F107: 2426.6 | G107: =+C107+E107 -> 3038.2 | H107: =+D107+F107 -> 2862.6 | I107: =+(G107/H107-1)*100 -> 6.1342835 | J107: 0
A108: =+A107+7 -> 39583 | B108: Egypt | C108: 286.3 | D108: 483.8 | E108: 2751.9 | F108: 2449.6 | G108: =+C108+E108 -> 3038.2 | H108: =+D108+F108 -> 2933.4 | I108: =+(G108/H108-1)*100 -> 3.5726461 | J108: 0
A109: =+A108+7 -> 39590 | B109: Egypt | C109: 226.4 | D109: 543.8 | E109: 2809.8 | F109: 2449.6 | G109: =+C109+E109 -> 3036.2 | H109: =+D109+F109 -> 2993.4 | I109: =+(G109/H109-1)*100 -> 1.4298123 | J109: 0
A110: =+A109+7 -> 39597 | B110: Egypt | C110: 346.4 | D110: 444.4 | E110: 2809.8 | F110: 2494.1 | G110: =+C110+E110 -> 3156.2 | H110: =+D110+F110 -> 2938.5 | I110: =+(G110/H110-1)*100 -> 7.4085418 | J110: 0
A111: =+A110+7 -> 39604 | B111: Egypt | C111: 313.6 | D111: 365.6 | E111: 2825.7 | F111: 2578.9 | G111: =+C111+E111 -> 3139.3 | H111: =+D111+F111 -> 2944.5 | I111: =+(G111/H111-1)*100 -> 6.6157242 | J111: 0
A112: =+A111+7 -> 39611 | B112: Egypt | C112: 261.8 | D112: 377.8 | E112: 2871.4 | F112: 2659.2 | G112: =+C112+E112 -> 3133.2 | H112: =+D112+F112 -> 3037 | I112: =+(G112/H112-1)*100 -> 3.1675996 | J112: 0
A113: =+A112+7 -> 39618 | B113: Egypt | C113: 221.4 | D113: 473.4 | E113: 2911.8 | F113: 2724.8 | G113: =+C113+E113 -> 3133.2 | H113: =+D113+F113 -> 3198.2 | I113: =+(G113/H113-1)*100 -> -2.0323932 | J113: 0
A114: =+A113+7 -> 39625 | B114: Egypt | C114: 180 | D114: 713.4 | E114: 2964.5 | F114: 2724.8 | G114: =+C114+E114 -> 3144.5 | H114: =+D114+F114 -> 3438.2 | I114: =+(G114/H114-1)*100 -> -8.5422605 | J114: 0
A115: =+A114+7 -> 39632 | B115: Egypt | C115: 180 | D115: 773.4 | E115: 2964.5 | F115: 2790.2 | G115: =+C115+E115 -> 3144.5 | H115: =+D115+F115 -> 3563.6 | I115: =+(G115/H115-1)*100 -> -11.760579 | J115: 0
A116: =+A115+7 -> 39639 | B116: Egypt | C116: 155.5 | D116: 695.8 | E116: 3005.6 | F116: 2879.5 | G116: =+C116+E116 -> 3161.1 | H116: =+D116+F116 -> 3575.3 | I116: =+(G116/H116-1)*100 -> -11.585042 | J116: 0
A117: =+A116+7 -> 39646 | B117: Egypt | C117: 155.5 | D117: 695.8 | E117: 3005.6 | F117: 2938.6 | G117: =+C117+E117 -> 3161.1 | H117: =+D117+F117 -> 3634.4 | I117: =+(G117/H117-1)*100 -> -13.022782 | J117: 0
... A119: =+A118+7 -> 39660 | B119: Egypt | C119: 164.5 | D119: 611.3 | E119: 3056.6 | F119: 3060.3 | G119: =+C119+E119 -> 3221.1 | H119: =+D119+F119 -> 3671.6 | I119: =+(G119/H119-1)*100 -> -12.269855 | J119: 0
A120: =+A119+7 -> 39667 | B120: Egypt | C120: 344.5 | D120: 396.3 | E120: 3056.6 | F120: 3166 | G120: =+C120+E120 -> 3401.1 | H120: =+D120+F120 -> 3562.3 | I120: =+(G120/H120-1)*100 -> -4.5251663
A121: =+A120+7 -> 39674 | B121: Egypt | C121: 229.4 | D121: 325.9 | E121: 3180.1 | F121: 3240.3 | G121: =+C121+E121 -> 3409.5 | H121: =+D121+F121 -> 3566.2 | I121: =+(G121/H121-1)*100 -> -4.3940329 | J121: 60
A122: =+A121+7 -> 39681 | B122: Egypt | C122: 229.4 | D122: 233.9 | E122: 3220.3 | F122: 3336.5 | G122: =+C122+E122 -> 3449.7 | H122: =+D122+F122 -> 3570.4 | I122: =+(G122/H122-1)*100 -> -3.3805736 | J122: 174
A123: =+A122+7 -> 39688 | B123: Egypt | C123: 49.7 | D123: 176.9 | E123: 3309.4 | F123: 3508.1 | G123: =+C123+E123 -> 3359.1 | H123: =+D123+F123 -> 3685 | I123: =+(G123/H123-1)*100 -> -8.843962 | J123: 234 | K123: =+G123-DATA!N92 -> 3272.2
A124: =+A123+7 -> 39695 | B124: Egypt | C124: 283.7 | D124: 584.4 | E124: 0 | F124: 102.9 | G124: =+C124+E124 -> 283.7 | H124: =+D124+F124 -> 687.3 | I124: =+(G124/H124-1)*100 -> -58.722537
...

Sheet DATA
A1: --------------------------------------------------------------------------------
A2: : WEEK : OUT- :WEEKLY :CUMULATIVE EXPORTS: TOTAL : OFFICIAL
A3: COMMODITY : END- :STANDING:EXPORTS : FOR : COMMIT-:USDA EXPORT
A4: : ING : SALES : : MARKETING YEAR : MENT 2/:PROJECTIONS
A5: --------------------------------------------------------------------------------
A6: CORN : 09/05 12612.1 171.2 171.2 6.7 12783.2
A7: : 09/12 12530.6 518.8 690.0 27.2 13220.6 31120 3/
A8: :YR AGO 9112.9 739.7 989.1 38.9 10102.0
A11: CORN - UNMILLED | F11: MARKETI | G11: NG YEAR 09 | H11: /01 - 08/31 | J11: : | N11: :
A12: OUTSTANDING EXPORT | B12: S | C12: ALES AND | D12: EXPORTS | E12: BY COUNTRY | F12: , REGION | G12: AND MARKET | H12: ING YEAR
A13: 1000 METRIC TONS | C13: AS OF SE | D13: PTEMBER 1 | E13: 2, 2013
A14: ---------------------- | B14: - | C14: -------- | D14: --------- | E14: ---------- | F14: --------- | G14: ---------- | H14: -----------
B15: : | C15: CU | D15: RRENT MAR | E15: KETING YEA | F15: R | G15: :NEXT MAR | H15: KETING YEAR
C16: -------- | D16: --------- | E16: ---------- | F16: --------- | G16: ---------- | H16: -----------
B17: : | C17: OUTSTAND | D17: ING SALES | E17: :ACCUMULAT | F17: ED EXPORT | G17: S: OUTSTAN | H17: DING SALES
C18: -------- | D18: --------- | E18: ---------- | F18: --------- | G18: ---------- | H18: -----------
A19: DESTINATION | B19: : | C19: THIS WEE | D19: K: YR AGO | E19: :THIS WEEK | F19: : YR AGO | G19: :SECOND Y | H19: R: THIRD YR
A20: ---------------------- | B20: - | C20: -------- | D20: --------- | E20: ---------- | F20: --------- | G20: ---------- | H20: -----------
B21: :
A22: EUROPEAN UNION - 27 | B22: : | C22: 0.2 | D22: 0.4 | E22: 0 | F22: * | G22: 0 | H22: 0
A23: SPAIN | B23: : | C23: 0 | D23: 0.3 | E23: 0 | F23: 0 | G23: 0 | H23: 0
A24: U KING | B24: : | C24: 0.2 | D24: 0.1 | E24: 0 | F24: * | G24: 0 | H24: 0
B25: : | L25: 4Not included - FAS Press Release: 120,000 mt on 4/22 to Egypt for 2009/10.
A26: JAPAN | B26: : | C26: 1793.2 | D26: 2022.4 | E26: 182 | F26: 306 | G26: 0 | H26: 0
B27: : | L27: 4 Not included - FAS Press Release: 287,000 mt on 03/28 to Unknown for 2007/08; 110,000 mt for 2008/09.
A28: TAIWAN | B28: : | C28: 162.9 | D28: 107.9 | E28: 3.2 | F28: 32.7 | G28: 0 | H28: 0
B29: :
A30: CHINA | B30: : | C30: 3127.7 | D30: 785.6 | E30: 60 | F30: 275.1 | G30: 0 | H30: 0
B31: :
A32: OTHER ASIA AND OCEANIA | B32: : | C32: 72.7 | D32: 387.1 | E32: 2.2 | F32: 57.9 | G32: 0 | H32: 0
A33: HG KONG | B33: : | C33: 2.3 | D33: 0.7 | E33: 0.7 | F33: 0.3 | G33: 0 | H33: 0 | AI33: CORN - UNMILLED
A34: KOR REP | B34: : | C34: 6.1 | D34: 293.7 | E34: 1.4 | F34: 57.6 | G34: 0 | H34: 0 | AI34: CARRYOVER EXPORT SALES | AJ34: AN | AK34: D ACCUMU | AL34: LATED EXPOR | AM34: TS B | AN34: Y COUNTRY | AO34: AN | AP34: D REGION
A35: MALAYSA | B35: : | C35: 0.9 | D35: 0 | E35: 0 | F35: 0 | G35: 0 | H35: 0 | N35: 2008/20 | O35: 9 | P35: 2007/20 | Q35: 8 | R35: 2006/20 | S35: 7 | T35: 2005/20 | U35: 6 | V35: 2004/20 | W35: 5 | AI35: 2010/11 | AJ35: MA | AK35: RKETING | AL35: YEAR ENDING | AM35: AUG | AN35: UST 31, 2 | AO35: 11
A36: OMAN | B36: : | C36: 0 | D36: 0.2 | E36: 0 | F36: 0 | G36: 0 | H36: 0 | L36: COUNTRY | N36: EXPORTS | O36: RANK | P36: EXPORTS | Q36: RANK | R36: EXPORTS | S36: RANK | T36: EXPORTS | U36: RANK | V36: EXPORTS | W36: RANK | AB36: CORN - UNMILLED | AI36: 1000 METRIC TONS
A37: OPAC IS | B37: : | C37: 0 | D37: 0 | E37: 0.1 | F37: 0 | G37: 0 | H37: 0 | L37: --------- | M37: - | N37: --------- | O37: ----- | P37: --------- | Q37: ----- | R37: --------- | S37: ----- | T37: --------- | U37: ----- | V37: --------- | W37: ----- | AB37: CARRYOVER EXPORT SALES | AC37: AN | AD37: D ACCUMU | AE37: LATED EXPOR | AF37: TS BY COUNTRY AN | AG37: D REGION | AI37: ---------------------------- | AJ37: --- | AK37: -------- | AL37: ----------- | AM37: ---- | AN37: --------- | AO37: --- | AP37: --------------
A38: PHIL | B38: : | C38: 1.4 | D38: 0.4 | E38: 0 | F38: 0 | G38: 0 | H38: 0 | L38: JAPAN | M38: : | N38: 15909.5 | O38: 1 | P38: 15800.5 | Q38: 1 | R38: 15639.8 | S38: 1 | T38: 16473.8 | U38: 1 | V38: 15829.6 | W38: 1 | AB38: 2008/09 | AC38: MA | AD38: RKETING | AE38: YEAR ENDING | AF38: 40056 | AJ38: : | AK38: CARRYOV | AL38: ER SALES | AM38: : | AN38: ACCUMULA | AO38: TED | AP38: EXPORTS
A39: S ARAB | B39: : | C39: 62 | D39: 92 | E39: 0 | F39: 0 | G39: 0 | H39: 0 | AB39: 1000 METRIC TONS | AJ39: : | AK39: -------- | AL39: ----------- | AM39: ---- | AN39: --------- | AO39: --- | AP39: --------------
A40: U AR EM | B40: : | C40: * | D40: 0 | E40: 0 | F40: 0 | G40: 0 | H40: 0 | L40: MEXICO | M40: : | N40: 7453.7 | O40: 2 | P40: 8739.4 | Q40: 2 | R40: 9114.1 | S40: 2 | T40: 6653.1 | U40: 2 | V40: 5761.5 | W40: 2 | AB40: ---------------------------- | AC40: --- | AD40: -------- | AE40: ----------- | AF40: ---------------- | AG40: ---------- | AH40: ---- | AI40: DESTINATION | AJ40: : | AK40: 2010/11 | AL40: : 2009/10 | AM40: : | AN40: 2010/11 | AO40: : | AP40: 2009/10
B41: : | AC41: : | AD41: CARRYOV | AE41: ER SALES | AF41: : ACCUMULATED | AG41: EXPORTS | AI41: ---------------------------- | AJ41: --- | AK41: -------- | AL41: ----------- | AM41: ---- | AN41: --------- | AO41: --- | AP41: --------------
A42: WESTERN HEMISPHERE | B42: : | C42: 3947.4 | D42: 2896.2 | E42: 442.5 | F42: 317.3 | G42: 22 | H42: 0 | L42: KOR REP | M42: : | N42: 5129.4 | O42: 3 | P42: 8639 | Q42: 3 | R42: 4078.8 | S42: 4 | T42: 5572.9 | U42: 3 | V42: 2098.5 | W42: 5 | AC42: : | AD42: -------- | AE42: ----------- | AF42: ---------------- | AG42: ---------- | AH42: ---- | AJ42: :
A43: BARBADO | B43: : | C43: 5.5 | D43: 5 | E43: 5 | F43: 0 | G43: 0 | H43: 0 | AB43: DESTINATION | AC43: : | AD43: 2008/09 | AE43: : 2007/08 | AF43: : 2008/09 : | AG43: 2007/08 | AI43: EUROPEAN UNION - 27 | AJ43: : | AK43: 0.6 | AL43: 1 | AN43: 1000.6 | AP43: 61
A44: C RICA | B44: : | C44: 55.3 | D44: 2 | E44: 3.4 | F44: 9.2 | G44: 0 | H44: 0 | L44: TAIWAN | M44: : | N44: 3198.3 | O44: 4 | P44: 3478.3 | Q44: 4 | R44: 4517.4 | S44: 3 | T44: 4951.3 | U44: 4 | V44: 4484.9 | W44: 3 | AB44: ---------------------------- | AC44: --- | AD44: -------- | AE44: ----------- | AF44: ---------------- | AG44: ---------- | AH44: ---- | AI44: BULGAR | AJ44: : | AK44: 0 | AL44: 0 | AN44: 0 | AP44: 0.2
A45: CANADA | B45: : | C45: 14.7 | D45: 41.5 | E45: 5.2 | F45: 1.2 | G45: 0 | H45: 0 | AC45: : | AI45: GERMANY | AJ45: : | AK45: 0 | AL45: 0 | AN45: 62.8 | AP45: 57.3
A46: COLOMB | B46: : | C46: 216.1 | D46: 188.8 | E46: 13.6 | F46: 5.5 | G46: 0 | H46: 0 | L46: EGYPT | M46: : | N46: 2232.9 | O46: 5 | P46: 3309.4 | Q46: 5 | R46: 3508.1 | S46: 5 | T46: 4298.1 | U46: 5 | V46: 4123.3 | W46: 4 | AB46: EUROPEAN UNION - 27 | AC46: : | AD46: 0.3 | AE46: 0.9 | AF46: 5.8 | AG46: 9.9 | AI46: IRELAND | AJ46: : | AK46: 0 | AL46: 0 | AN46: 113.8 | AP46: 0
A47: CUBA | B47: : | C47: 0 | D47: 75 | E47: 0 | F47: 0 | G47: 0 | H47: 0 | AB47: BULGAR | AC47: : | AD47: 0 | AE47: 0 | AF47: 0 | AG47: 0.1 | AI47: ITALY | AJ47: : | AK47: 0 | AL47: 0 | AN47: 28.3 | AP47: 0
A48: DOM REP | B48: : | C48: 26 | D48: 17.7 | E48: 26.4 | F48: 0 | G48: 0 | H48: 0 | L48: COLOMB | M48: : | N48: 1399.4 | O48: 6 | P48: 2960.7 | Q48: 6 | R48: 3272.8 | S48: 6 | T48: 2683.6 | U48: 6 | V48: 2058.6 | W48: 6 | AB48: GERMANY | AC48: : | AD48: 0 | AE48: 0 | AF48: 0 | AG48: 0.3 | AI48: NETHLDS | AJ48: : | AK48: 0 | AL48: 0 | AN48: 92.1 | AP48: 0
A49: F W IND | B49: : | C49: 4.4 | D49: 0 | E49: 0 | F49: 0 | G49: 0 | H49: 0 | AB49: SPAIN | AC49: : | AD49: 0.1 | AE49: 0.7 | AF49: 5.4 | AG49: 9.1 | AI49: PORTUGL | AJ49: : | AK49: 0 | AL49: 0 | AN49: 349.8 | AP49: 0
A50: GUATMAL | B50: : | C50: 149.2 | D50: 17.8 | E50: 12.3 | F50: 7.7 | G50: 0 | H50: 0 | L50: VENEZ | M50: : | N50: 1159 | O50: 7 | P50: 1005.5 | Q50: 12 | R50: 519.2 | S50: 16 | T50: 150 | U50: 29 | V50: 210.4 | W50: 24 | AB50: U KING | AC50: : | AD50: 0.2 | AE50: 0.2 | AF50: 0.5 | AG50: 0.3 | AI50: SPAIN | AJ50: : | AK50: 0.5 | AL50: 1 | AN50: 353.5 | AP50: 3.1
A51: HONDURA | B51: : | C51: 26.8 | D51: 48.1 | E51: 16.6 | F51: 5.4 | G51: 0 | H51: 0 | AC51: : | AI51: U KING | AJ51: : | AK51: 0.1 | AL51: * | AN51: 0.4 | AP51: 0.4
A52: JAMAICA | B52: : | C52: 57.1 | D52: 50.5 | E52: 0 | F52: 0 | G52: 0 | H52: 0 | L52: DOM REP | M52: : | N52: 954.8 | O52: 8 | P52: 1099.1 | Q52: 11 | R52: 1204.1 | S52: 9 | T52: 1033.5 | U52: 10 | V52: 1035.8 | W52: 10 | AB52: OTHER EUROPE | AC52: : | AD52: 0 | AE52: 32 | AF52: 21.9 | AG52: 427.3 | AJ52: :
A53: LW WW I | B53: : | C53: 5.7 | D53: 5.4 | E53: 0.9 | F53: 0 | G53: 0 | H53: 0 | AB53: ALBANIA | AC53: : | AD53: 0 | AE53: 0 | AF53: 0 | AG53: 5.9 | AI53: OTHER EUROPE | AJ53: : | AK53: 0 | AL53: 0 | AN53: 10.2 | AP53: 0.1
A54: MEXICO | B54: : | C54: 3130.9 | D54: 2288 | E54: 251.2 | F54: 182.5 | G54: 22 | H54: 0 | L54: CANADA | M54: : | N54: 876.8 | O54: 9 | P54: 1738.1 | Q54: 7 | R54: 1206 | S54: 8 | T54: 1153.5 | U54: 8 | V54: 1541.8 | W54: 7 | AB54: ICELAND | AC54: : | AD54: 0 | AE54: 0 | AF54: 0 | AG54: 3.6 | AI54: TURKEY | AJ54: : | AK54: 0 | AL54: 0 | AN54: 10.2 | AP54: 0.1
A55: NICARAG | B55: : | C55: 25.4 | D55: 15 | E55: 0 | F55: 3.6 | G55: 0 | H55: 0 | AB55: SWITZLD | AC55: : | AD55: 0 | AE55: 2 | AF55: 2.1 | AG55: 0 | AJ55: :
A56: PANAMA | B56: : | C56: 68.3 | D56: 32.4 | E56: 17.1 | F56: 23.1 | G56: 0 | H56: 0 | L56: CUBA | M56: : | N56: 711.5 | O56: 10 | P56: 741.8 | Q56: 15 | R56: 566.1 | S56: 15 | T56: 558.5 | U56: 17 | V56: 438.2 | W56: 15 | AB56: TURKEY | AC56: : | AD56: 0 | AE56: 30 | AF56: 19.8 | AG56: 417.8 | AI56: JAPAN | AJ56: : | AK56: 814.7 | AL56: 1914.8 | AN56: 14278.9 | AP56: 14343.1
A57: PERU | B57: : | C57: 70 | D57: 0 | E57: 0 | F57: 0 | G57: 0 | H57: 0 | AC57: : | AJ57: :
A58: SALVADR | B58: : | C58: 49.6 | D58: 38 | E58: 7.9 | F58: 7.5 | G58: 0 | H58: 0 | L58: GUATMAL | M58: : | N58: 617.8 | O58: 11 | P58: 651 | Q58: 17 | R58: 756.7 | S58: 12 | T58: 734.1 | U58: 12 | V58: 681.1 | W58: 12 | AB58: FORMER SOVIET UNION-12 | AC58: : | AD58: 0 | AE58: 0 | AF58: 0 | AG58: 45.7 | AI58: TAIWAN | AJ58: : | AK58: 423.7 | AL58: 356 | AN58: 2393 | AP58: 2949
A59: SURINAM | B59: : | C59: 0 | D59: 0 | E59: 0 | F59: 2 | G59: 0 | H59: 0 | AB59: GEORGIA | AC59: : | AD59: 0 | AE59: 0 | AF59: 0 | AG59: 22.6 | AJ59: :
A60: TRINID | B60: : | C60: 10.6 | D60: 11.5 | E60: 6 | F60: 12.2 | G60: 0 | H60: 0 | L60: C RICA | M60: : | N60: 560.3 | O60: 12 | P60: 664.7 | Q60: 16 | R60: 604.1 | S60: 14 | T60: 647.7 | U60: 14 | V60: 532.6 | W60: 13 | AB60: RUSSIA | AC60: : | AD60: 0 | AE60: 0 | AF60: 0 | AG60: 23.1 | AI60: CHINA | AJ60: : | AK60: 0.9 | AL60: 174 | AN60: 977.2 | AP60: 1157.5 | AR60: =+AN60+AK60 -> 978.1
A61: VENEZ | B61: : | C61: 32 | D61: 59.6 | E61: 77 | F61: 57.5 | G61: 0 | H61: 0 | AC61: : | AJ61: :
A62: ---------------------- | B62: - | C62: -------- | D62: --------- | E62: ---------- | F62: --------- | G62: ---------- | H62: ----------- | L62: S ARAB | M62: : | N62: 537.7 | O62: 13 | P62: 1001.9 | Q62: 13 | R62: 505.2 | S62: 18 | T62: 566 | U62: 16 | V62: 124.5 | W62: 26 | AB62: JAPAN | AC62: : | AD62: 1839.5 | AE62: 875.5 | AF62: 15909.5 | AG62: 15800.5 | AI62: OTHER ASIA AND OCEANIA | AJ62: : | AK62: 72.8 | AL62: 395.3 | AN62: 9458.2 | AP62: 9525.1
A63: TOTAL KNOWN | B63: : | C63: 9104.1 | D63: 6199.6 | E63: 690 | F63: 989.1 | G63: 22 | H63: 0 | AC63: : | AI63: HG KONG | AJ63: : | AK63: 0.1 | AL63: 1 | AN63: 23.9 | AP63: 25.9
A64: TOTAL UNKNOWN | B64: : | C64: 3426.6 | D64: 2913.3 | E64: 0 | F64: 0 | G64: 0 | H64: 0 | L64: SYRIA | M64: : | N64: 501 | O64: 14 | P64: 1336.4 | Q64: 9 | R64: 1431.2 | S64: 7 | T64: 686.1 | U64: 13 | V64: 1175 | W64: 8 | AB64: TAIWAN | AC64: : | AD64: 380.4 | AE64: 129.7 | AF64: 3198.3 | AG64: 3478.3 | AI64: INDNSIA | AJ64: : | AK64: 0.6 | AL64: 0 | AN64: 528.9 | AP64: 10.7
A65: ---------------------- | B65: - | C65: -------- | D65: --------- | E65: ---------- | F65: --------- | G65: ---------- | H65: ----------- | AC65: : | AI65: IRAN | AJ65: : | AK65: 0 | AL65: 0 | AN65: 67.5 | AP65: 0
A66: TOTAL KNOWN & UNKNOWN | B66: : | C66: 12530.6 | D66: 9112.9 | E66: 690 | F66: 989.1 | G66: 22 | H66: 0 | L66: MOROCCO | M66: : | N66: 494.6 | O66: 15 | P66: 950.4 | Q66: 14 | R66: 708.6 | S66: 13 | T66: 1118.3 | U66: 9 | V66: 842 | W66: 11 | AB66: OTHER ASIA AND OCEANIA | AC66: : | AD66: 296.9 | AE66: 394 | AF66: 6891.2 | AG66: 13406.8 | AI66: ISRAEL | AJ66: : | AK66: 0 | AL66: 120 | AN66: 801.1 | AP66: 158
A67: EXPORTS FOR OWN ACCT | B67: : | C67: - | D67: - | E67: 0 | F67: 0 | G67: - | H67: - | AB67: BAHRAIN | AC67: : | AD67: 0 | AE67: 0 | AF67: 8.5 | AG67: 0 | AI67: JORDAN | AJ67: : | AK67: 0 | AL67: 0 | AN67: 9.7 | AP67: 86.3
A68: OPTIONAL ORIGIN | B68: : | C68: 100 | D68: 300 | E68: - | F68: - | G68: 0 | H68: 0 | L68: SALVADR | M68: : | N68: 400.4 | O68: 16 | P68: 478.9 | Q68: 19 | R68: 510.3 | S68: 17 | T68: 460 | U68: 18 | V68: 484.1 | W68: 14 | AB68: HG KONG | AC68: : | AD68: 0.8 | AE68: 2.2 | AF68: 26.6 | AG68: 30 | AI68: KOR REP | AJ68: : | AK68: 70.3 | AL68: 270.6 | AN68: 6103.7 | AP68: 7561.6
A69: ---------------------- | B69: - | C69: -------- | D69: --------- | E69: ---------- | F69: --------- | G69: ---------- | H69: ----------- | AB69: INDNSIA | AC69: : | AD69: 0.4 | AE69: 0.2 | AF69: 11.1 | AG69: 8.3 | AI69: LEBANON | AJ69: : | AK69: 0 | AL69: 0 | AN69: 190.2 | AP69: 54.2
L70: HONDURA | M70: : | N70: 389.7 | O70: 17 | P70: 328.4 | Q70: 26 | R70: 318.7 | S70: 23 | T70: 324.4 | U70: 22 | V70: 324.8 | W70: 18 | AB70: IRAN | AC70: : | AD70: 0 | AE70: 0 | AF70: 64.3 | AG70: 462.5 | AI70: MALAYSA | AJ70: : | AK70: 0.4 | AL70: 3.3 | AN70: 70.5 | AP70: 17
AB71: ISRAEL | AC71: : | AD71: 0 | AE71: 9 | AF71: 165.6 | AG71: 1373.2 | AI71: OMAN | AJ71: : | AK71: 0 | AL71: 0 | AN71: 10.3 | AP71: 0
L72: PANAMA | M72: : | N72: 331.6 | O72: 18 | P72: 384.9 | Q72: 24 | R72: 347.6 | S72: 22 | T72: 311.9 | U72: 25 | V72: 283.3 | W72: 20 | AB72: JORDAN | AC72: : | AD72: 0 | AE72: 0 | AF72: 80.6 | AG72: 89.2 | AI72: OPAC IS | AJ72: : | AK72: 0 | AL72: 0 | AN72: 0 | AP72: 0.4
AB73: KOR REP | AC73: : | AD73: 288.3 | AE73: 374.7 | AF73: 5129.4 | AG73: 8639 | AI73: PHIL | AJ73: : | AK73: 1.4 | AL73: 0.1 | AN73: 7.1 | AP73: 2.4
L74: PERU | M74: : | N74: 328.4 | O74: 19 | P74: 371.2 | Q74: 25 | R74: 301.6 | S74: 25 | T74: 420.9 | U74: 19 | V74: 232.4 | W74: 23 | AB74: LEBANON | AC74: : | AD74: 0 | AE74: 0 | AF74: 137.9 | AG74: 281.9 | AI74: S ARAB | AJ74: : | AK74: 0 | AL74: 0 | AN74: 571.9 | AP74: 799.3
AB75: MALAYSA | AC75: : | AD75: 0.2 | AE75: 6.7 | AF75: 78.9 | AG75: 43.1 | AI75: SINGAPR | AJ75: : | AK75: 0 | AL75: 0 | AN75: 6.1 | AP75: 2.5
L76: JAMAICA | M76: : | N76: 252.5 | O76: 20 | P76: 247.7 | Q76: 28 | R76: 260.8 | S76: 26 | T76: 254.5 | U76: 26 | V76: 243.7 | W76: 21 | AB76: OMAN | AC76: : | AD76: 0 | AE76: 0 | AF76: 0 | AG76: 38.6 | AI76: SYRIA | AJ76: : | AK76: 0 | AL76: 0 | AN76: 1035.4 | AP76: 755.1
AB77: OPAC IS | AC77: : | AD77: 1.6 | AE77: 1.2 | AF77: 2.6 | AG77: 0.4 | AI77: THAILND | AJ77: : | AK77: 0 | AL77: 0 | AN77: * | AP77: 0
L78: KENYA | M78: : | N78: 219.6 | O78: 21 | P78: 0 | Q78: 0 | R78: 0 | S78: 0 | T78: 14.5 | U78: 40 | V78: 16.3 | W78: 33 | AB78: PHIL | AC78: : | AD78: 0 | AE78: 0 | AF78: 16.4 | AG78: 0 | AI78: U AR EM | AJ78: : | AK78: 0 | AL78: 0 | AN78: 19.6 | AP78: 29.6
AB79: S ARAB | AC79: : | AD79: 0 | AE79: 0 | AF79: 537.7 | AG79: 1001.9 | AI79: VIETNAM | AJ79: : | AK79: 0 | AL79: 0.3 | AN79: 12.4 | AP79: 22.3
L80: ECUADOR | M80: : | N80: 217.2 | O80: 22 | P80: 473.6 | Q80: 20 | R80: 472.7 | S80: 19 | T80: 312 | U80: 24 | V80: 336 | W80: 17 | AB80: SINGAPR | AC80: : | AD80: 0 | AE80: 0 | AF80: 4.5 | AG80: 0.4 | AJ80: :
AB81: SYRIA | AC81: : | AD81: 0 | AE81: 0 | AF81: 501 | AG81: 1336.4 | AI81: AFRICA | AJ81: : | AK81: 7.3 | AL81: 267.5 | AN81: 3742.3 | AP81: 3691.7
L82: ISRAEL | M82: : | N82: 165.6 | O82: 23 | P82: 1373.2 | Q82: 8 | R82: 787.3 | S82: 11 | T82: 616.1 | U82: 15 | V82: 308 | W82: 19 | AB82: U AR EM | AC82: : | AD82: 0 | AE82: 0 | AF82: 86.9 | AG82: 25 | AI82: ALGERIA | AJ82: : | AK82: 0 | AL82: 0 | AN82: 44.7 | AP82: 90.9
AB83: VIETNAM | AC83: : | AD83: 5.6 | AE83: 0 | AF83: 39.1 | AG83: 32.4 | AI83: EGYPT | AJ83: : | AK83: 7.3 | AL83: 225 | AN83: 3301.9 | AP83: 2935.3
L84: LEBANON | M84: : | N84: 137.9 | O84: 24 | P84: 281.9 | Q84: 27 | R84: 177.6 | S84: 29 | T84: 157.4 | U84: 28 | V84: 171.5 | W84: 25 | AB84: YEMEN | AC84: : | AD84: 0 | AE84: 0 | AF84: 0 | AG84: 44.5 | AI84: LIBYA | AJ84: : | AK84: 0 | AL84: 0 | AN84: 52.5 | AP84: 17.3
AC85: : | AI85: MOROCCO | AJ85: : | AK85: 0 | AL85: 17.5 | AN85: 182.4 | AP85: 467.8
L86: ALGERIA | M86: : | N86: 127 | O86: 25 | P86: 1113.3 | Q86: 10 | R86: 891.3 | S86: 10 | T86: 1307.3 | U86: 7 | V86: 1072.7 | W86: 9 | AB86: AFRICA | AC86: : | AD86: 184.9 | AE86: 49.7 | AF86: 3185 | AG86: 6166.2 | AI86: TUNISIA | AJ86: : | AK86: 0 | AL86: 25 | AN86: 160.8 | AP86: 180.3
AB87: ALGERIA | AC87: : | AD87: 25 | AE87: 0 | AF87: 127 | AG87: 1113.3 | AJ87: :
L88: NICARAG | M88: : | N88: 93.5 | O88: 26 | P88: 123.4 | Q88: 31 | R88: 131.4 | S88: 31 | T88: 115.9 | U88: 32 | V88: 85 | W88: 28 | AB88: ANGOLA | AC88: : | AD88: 0 | AE88: 0 | AF88: 7.7 | AG88: 7.2 | AI88: WESTERN HEMISPHERE | AJ88: : | AK88: 532.4 | AL88: 715.7 | AN88: 13396 | AP88: 16617.9
AB89: CO BRAZ | AC89: : | AD89: 0 | AE89: 0 | AF89: 0 | AG89: 2 | AI89: BARBADO | AJ89: : | AK89: 0 | AL89: 0.2 | AN89: 35.7 | AP89: 38.4
L90: TRINID | M90: : | N90: 93.3 | O90: 27 | P90: 133.2 | Q90: 30 | R90: 108.2 | S90: 33 | T90: 118.3 | U90: 31 | V90: 118.3 | W90: 27 | AB90: CONGO DR | AC90: : | AD90: 0 | AE90: 0 | AF90: 0 | AG90: 7.9 | AI90: C RICA | AJ90: : | AK90: 73.3 | AL90: 22.6 | AN90: 669.5 | AP90: 567.1
AB91: EGYPT | AC91: : | AD91: 120 | AE91: 49.7 | AF91: 2232.9 | AG91: 3309.4 | AI91: CANADA | AJ91: : | AK91: 64.4 | AL91: 39.5 | AN91: 506.6 | AP91: 1100.6
L92: U AR EM | M92: : | N92: 86.9 | O92: 28 | P92: 25 | Q92: 39 | R92: 22.7 | S92: 38 | T92: 49.2 | U92: 36 | V92: 11.5 | W92: 36 | AB92: GUIN-BIS | AC92: : | AD92: 0 | AE92: 0 | AF92: 0 | AG92: 8.1 | AI92: CHILE | AJ92: : | AK92: 0 | AL92: 0 | AN92: 0 | AP92: 27.6
AB93: KENYA | AC93: : | AD93: 0 | AE93: 0 | AF93: 219.6 | AG93: 0 | AI93: COLOMB | AJ93: : | AK93: 86.3 | AL93: 168 | AN93: 536.4 | AP93: 999.9
L94: CHILE | M94: : | N94: 84.6 | O94: 29 | P94: 408.3 | Q94: 23 | R94: 313.3 | S94: 24 | T94: 318.7 | U94: 23 | V94: 0 | W94: 0 | AB94: LIBYA | AC94: : | AD94: 0 | AE94: 0 | AF94: 27.1 | AG94: 216.2 | AI94: CUBA | AJ94: : | AK94: 0 | AL94: 25 | AN94: 427.2 | AP94: 603.4
AB95: MOROCCO | AC95: : | AD95: 19.9 | AE95: 0 | AF95: 494.6 | AG95: 950.4 | AI95: DOM REP | AJ95: : | AK95: 47.8 | AL95: 114.5 | AN95: 685.2 | AP95: 890.6
L96: JORDAN | M96: : | N96: 80.6 | O96: 30 | P96: 89.2 | Q96: 32 | R96: 224.2 | S96: 28 | T96: 333.7 | U96: 21 | V96: 354.2 | W96: 16 | AB96: SENEGAL | AC96: : | AD96: 0 | AE96: 0 | AF96: 0 | AG96: 23.9 | AI96: ECUADOR | AJ96: : | AK96: 0 | AL96: 0 | AN96: 214.2 | AP96: 167.8
AB97: TUNISIA | AC97: : | AD97: 20 | AE97: 0 | AF97: 76.2 | AG97: 528 | AI97: F W IND | AJ97: : | AK97: 0 | AL97: 0 | AN97: 2 | AP97: 20.3
L98: MALAYSA | M98: : | N98: 78.9 | O98: 31 | P98: 43.1 | Q98: 34 | R98: 174.6 | S98: 30 | T98: 9.5 | U98: 45 | V98: 8.4 | W98: 37 | AC98: : | AI98: GUATMAL | AJ98: : | AK98: 83.7 | AL98: 27 | AN98: 660.6 | AP98: 677
AB99: WESTERN HEMISPHERE | AC99: : | AD99: 866.8 | AE99: 845 | AF99: 16002.2 | AG99: 20633.4 | AI99: GUYANA | AJ99: : | AK99: 0 | AL99: 0 | AN99: 38.8 | AP99: 25.4
L100: TUNISIA | M100: : | N100: 76.2 | O100: 32 | P100: 528 | Q100: 18 | R100: 470.4 | S100: 20 | T100: 416.5 | U100: 20 | V100: 240.3 | W100: 22 | AB100: BARBADO | AC100: : | AD100: 0 | AE100: 3.2 | AF100: 38.6 | AG100: 34.8 | AI100: HONDURA | AJ100: : | AK100: 1 | AL100: 17.1 | AN100: 431.2 | AP100: 351.6
AB101: C RICA | AC101: : | AD101: 0 | AE101: 0 | AF101: 560.3 | AG101: 664.7 | AI101: JAMAICA | AJ101: : | AK101: 0.3 | AL101: 0.3 | AN101: 241.9 | AP101: 226
L102: IRAN | M102: : | N102: 64.3 | O102: 33 | P102: 462.5 | Q102: 21 | R102: 0 | S102: 0 | T102: 0 | U102: 0 | V102: 0 | W102: 0 | AB102: CANADA | AC102: : | AD102: 129.8 | AE102: 78.3 | AF102: 876.8 | AG102: 1738.1 | AI102: LW WW I | AJ102: : | AK102: 0 | AL102: 0 | AN102: 7.8 | AP102: 36.5
...

Sheet Summary
B1: Weekly Export Sales | L1: Weekly Shipments | AM1: 4 Not included - FAS Press Release: 165,000 mt on 02/19 to Korea for 2007/08.
B2: This Year | F2: pct chng | G2: LAST YEAR | K2: pct chng | L2: This Year | P2: Last Year | T2: % change from LW | U2: % change from LY | V2: UNSHIPPED Balances This Year | Z2: UNSHIPPED Balances Last Year | AD2: % change from LW | AE2: % change from LY
B3: Corn | C3: Soybeans | D3: Wheat | E3: Total | F3: Last week | G3: Corn | H3: Soybeans | I3: Wheat | J3: Total | K3: Last year | L3: Corn | M3: Soybeans | N3: Wheat | O3: Total | P3: Corn | Q3: Soybeans | R3: Wheat | S3: Total | V3: Corn | W3: Soybeans | X3: Wheat | Y3: Total | Z3: Corn | AA3: Soybeans | AB3: Wheat | AC3: Total
A4: =+Total!A103 -> 39359 | B4: =+Total!L103 -> 2319.7
A5: =+Total!A104 -> 39366 | B5: =+Total!L104 -> 1795.1
A6: =+Total!A105 -> 39373 | B6: =+Total!L105 -> 1545.5
A7: =+Total!A106 -> 39380 | B7: =+Total!L106 -> 610.1
A8: =+Total!A107 -> 39387 | B8: =+Total!L107 -> 1505.1
A9: =+Total!A108 -> 39394 | B9: =+Total!L108 -> 1363.8
A10: =+Total!A109 -> 39401 | B10: =+Total!L109 -> 1845.6
A11: =+Total!A110 -> 39408 | B11: =+Total!L110 -> 1841.5
A12: =+Total!A111 -> 39415 | B12: =+Total!L111 -> 1059.1
A13: =+Total!A112 -> 39422 | B13: =+Total!L112 -> 1156
A14: =+Total!A113 -> 39429 | B14: =+Total!L113 -> 1156.4
A15: =+Total!A114 -> 39436 | B15: =+Total!L114 -> 1423.4
... A104: =+Total!A203 -> 40059 | B104: =+Total!L203 -> -36379.3
A105: =+Total!A204 -> 40066 | B105: =+Total!L204 -> 965.6 | C105: =+[1]US!$I195 -> 381.6 | D105: =+[2]US!$I187 -> 390.6 | E105: =SUM(B105:D105) -> 1737.8 | F105: =+E105/E104-1 -> #DIV/0! | G105: =+Total!O207 -> 0 | H105: =+[3]US!$K198 -> #REF! | I105: =+[4]US!$L190 -> #REF! | J105: =SUM(G105:I105) -> #REF! | K105: =+E105/J105-1 -> #REF! | L105: =+Total!G207-Total!G206 -> 1144.2 | M105: =+[3]US!$L198 -> #REF! | N105: =+[4]US!$J190 -> #REF! | O105: =SUM(L105:N105) -> #REF! | P105: =+Total!H207-Total!H206 -> 825.3 | Q105: =+[3]US!$M198 -> #REF! | R105: =+[4]US!$K190 -> #REF! | S105: =SUM(P105:R105) -> #REF! | T105: =+O105/O104-1 -> #REF! | U105: =+O105/S105-1 -> #REF! | V105: =+Total!E207 -> 11205.5 | W105: =+[3]US!$B198 -> #REF! | X105: =+[4]US!$B190 -> #REF! | Y105: =SUM(V105:X105) -> #REF! | Z105: =+Total!F207 -> 10435.2 | AA105: =+[3]US!$C198 -> #REF! | AB105: =+[4]US!$C190 -> #REF! | AC105: =SUM(Z105:AB105) -> #REF! | AD105: =+Y105/Y104-1 -> #REF! | AE105: =+Y105/AC105-1 -> #REF!
A106: =+Total!A205 -> 40073 | B106: =+Total!L205 -> 673.2 | C106: =+[1]US!$I196 -> 312.8 | D106: =+[2]US!$I188 -> 245.2 | E106: =SUM(B106:D106) -> 1231.2 | F106: =+E106/E105-1 -> -0.29151801 | G106: =+Total!O208 -> 0 | H106: =+[3]US!$K199 -> #REF! | I106: =+[4]US!$L191 -> #REF! | J106: =SUM(G106:I106) -> #REF! | K106: =+E106/J106-1 -> #REF! | L106: =+Total!G208-Total!G207 -> 670.2 | M106: =+[3]US!$L199 -> #REF! | N106: =+[4]US!$J191 -> #REF! | O106: =SUM(L106:N106) -> #REF! | P106: =+Total!H208-Total!H207 -> 873.1 | Q106: =+[3]US!$M199 -> #REF! | R106: =+[4]US!$K191 -> #REF! | S106: =SUM(P106:R106) -> #REF! | T106: =+O106/O105-1 -> #REF! | U106: =+O106/S106-1 -> #REF! | V106: =+Total!E208 -> 11167.2 | W106: =+[3]US!$B199 -> #REF! | X106: =+[4]US!$B191 -> #REF! | Y106: =SUM(V106:X106) -> #REF! | Z106: =+Total!F208 -> 10486.9 | AA106: =+[3]US!$C199 -> #REF! | AB106: =+[4]US!$C191 -> #REF! | AC106: =SUM(Z106:AB106) -> #REF! | AD106: =+Y106/Y105-1 -> #REF! | AE106: =+Y106/AC106-1 -> #REF!
A107: =+Total!A206 -> 40080 | B107: =+Total!L206 -> 1223.5 | C107: =+[1]US!$I197 -> 203.6 | D107: =+[2]US!$I189 -> 345 | E107: =SUM(B107:D107) -> 1772.1 | F107: =+E107/E106-1 -> 0.43932749 | G107: =+Total!O209 -> 0 | H107: =+[3]US!$K200 -> #REF! | I107: =+[4]US!$L192 -> #REF! | J107: =SUM(G107:I107) -> #REF! | K107: =+E107/J107-1 -> #REF! | L107: =+Total!G209-Total!G208 -> 817.5 | M107: =+[3]US!$L200 -> #REF! | N107: =+[4]US!$J192 -> #REF! | O107: =SUM(L107:N107) -> #REF! | P107: =+Total!H209-Total!H208 -> 753.6 | Q107: =+[3]US!$M200 -> #REF! | R107: =+[4]US!$K192 -> #REF! | S107: =SUM(P107:R107) -> #REF! | T107: =+O107/O106-1 -> #REF! | U107: =+O107/S107-1 -> #REF! | V107: =+Total!E209 -> 10584.1 | W107: =+[3]US!$B200 -> #REF! | X107: =+[4]US!$B192 -> #REF! | Y107: =SUM(V107:X107) -> #REF! | Z107: =+Total!F209 -> 10522.9 | AA107: =+[3]US!$C200 -> #REF! | AB107: =+[4]US!$C192 -> #REF! | AC107: =SUM(Z107:AB107) -> #REF! | AD107: =+Y107/Y106-1 -> #REF! | AE107: =+Y107/AC107-1 -> #REF!
A108: =+Total!A207 -> 40087 | B108: =+Total!L207 -> 521.9 | C108: =+[1]US!$I198 -> 239.1 | D108: =+[2]US!$I190 -> 221.3 | E108: =SUM(B108:D108) -> 982.3 | F108: =+E108/E107-1 -> -0.44568591 | G108: =+Total!O210 -> 0 | H108: =+[3]US!$K201 -> #REF! | I108: =+[4]US!$L193 -> #REF! | J108: =SUM(G108:I108) -> #REF! | K108: =+E108/J108-1 -> #REF! | L108: =+Total!G210-Total!G209 -> 666.9 | M108: =+[3]US!$L201 -> #REF! | N108: =+[4]US!$J193 -> #REF! | O108: =SUM(L108:N108) -> #REF! | P108: =+Total!H210-Total!H209 -> 603.4 | Q108: =+[3]US!$M201 -> #REF! | R108: =+[4]US!$K193 -> #REF! | S108: =SUM(P108:R108) -> #REF! | T108: =+O108/O107-1 -> #REF! | U108: =+O108/S108-1 -> #REF! | V108: =+Total!E210 -> 10284.3 | W108: =+[3]US!$B201 -> #REF! | X108: =+[4]US!$B193 -> #REF! | Y108: =SUM(V108:X108) -> #REF! | Z108: =+Total!F210 -> 10332.9 | AA108: =+[3]US!$C201 -> #REF! | AB108: =+[4]US!$C193 -> #REF! | AC108: =SUM(Z108:AB108) -> #REF! | AD108: =+Y108/Y107-1 -> #REF! | AE108: =+Y108/AC108-1 -> #REF!
A109: =+Total!A208 -> 40094 | B109: =+Total!L208 -> 631.9 | C109: =+[1]US!$I199 -> 182.5 | D109: =+[2]US!$I191 -> 370.3 | E109: =SUM(B109:D109) -> 1184.7 | F109: =+E109/E108-1 -> 0.20604703 | G109: =+Total!O211 -> 0 | H109: =+[3]US!$K202 -> #REF! | I109: =+[4]US!$L194 -> #REF! | J109: =SUM(G109:I109) -> #REF! | K109: =+E109/J109-1 -> #REF! | L109: =+Total!G211-Total!G210 -> 708.2 | M109: =+[3]US!$L202 -> #REF! | N109: =+[4]US!$J194 -> #REF! | O109: =SUM(L109:N109) -> #REF! | P109: =+Total!H211-Total!H210 -> 618 | Q109: =+[3]US!$M202 -> #REF! | R109: =+[4]US!$K194 -> #REF! | S109: =SUM(P109:R109) -> #REF! | T109: =+O109/O108-1 -> #REF! | U109: =+O109/S109-1 -> #REF! | V109: =+Total!E211 -> 10140.1 | W109: =+[3]US!$B202 -> #REF! | X109: =+[4]US!$B194 -> #REF! | Y109: =SUM(V109:X109) -> #REF! | Z109: =+Total!F211 -> 10185.9 | AA109: =+[3]US!$C202 -> #REF! | AB109: =+[4]US!$C194 -> #REF! | AC109: =SUM(Z109:AB109) -> #REF! | AD109: =+Y109/Y108-1 -> #REF! | AE109: =+Y109/AC109-1 -> #REF!
A110: =+Total!A209 -> 40101 | B110: =+Total!L209 -> 234.4 | C110: =+[1]US!$I200 -> -115.8 | D110: =+[2]US!$I192 -> 93.4 | E110: =SUM(B110:D110) -> 212 | F110: =+E110/E109-1 -> -0.82105174 | G110: =+Total!O212 -> 0 | H110: =+[3]US!$K203 -> #REF! | I110: =+[4]US!$L195 -> #REF! | J110: =SUM(G110:I110) -> #REF! | K110: =+E110/J110-1 -> #REF! | L110: =+Total!G212-Total!G211 -> 758.1 | M110: =+[3]US!$L203 -> #REF! | N110: =+[4]US!$J195 -> #REF! | O110: =SUM(L110:N110) -> #REF! | P110: =+Total!H212-Total!H211 -> 808.6 | Q110: =+[3]US!$M203 -> #REF! | R110: =+[4]US!$K195 -> #REF! | S110: =SUM(P110:R110) -> #REF! | T110: =+O110/O109-1 -> #REF! | U110: =+O110/S110-1 -> #REF! | V110: =+Total!E212 -> 9870.5 | W110: =+[3]US!$B203 -> #REF! | X110: =+[4]US!$B195 -> #REF! | Y110: =SUM(V110:X110) -> #REF! | Z110: =+Total!F212 -> 9732.8 | AA110: =+[3]US!$C203 -> #REF! | AB110: =+[4]US!$C195 -> #REF! | AC110: =SUM(Z110:AB110) -> #REF! | AD110: =+Y110/Y109-1 -> #REF! | AE110: =+Y110/AC110-1 -> #REF!
A111: =+Total!A210 -> 40108 | B111: =+Total!L210 -> 367.1 | C111: =+[1]US!$I201 -> 214 | D111: =+[2]US!$I193 -> 181.9 | E111: =SUM(B111:D111) -> 763 | F111: =+E111/E110-1 -> 2.5990566 | G111: =+Total!O213 -> 0 | H111: =+[3]US!$K204 -> #REF! | I111: =+[4]US!$L196 -> #REF! | J111: =SUM(G111:I111) -> #REF! | K111: =+E111/J111-1 -> #REF! | L111: =+Total!G213-Total!G212 -> 683.2 | M111: =+[3]US!$L204 -> #REF! | N111: =+[4]US!$J196 -> #REF! | O111: =SUM(L111:N111) -> #REF! | P111: =+Total!H213-Total!H212 -> 755.9 | Q111: =+[3]US!$M204 -> #REF! | R111: =+[4]US!$K196 -> #REF! | S111: =SUM(P111:R111) -> #REF! | T111: =+O111/O110-1 -> #REF! | U111: =+O111/S111-1 -> #REF! | V111: =+Total!E213 -> 9540.2 | W111: =+[3]US!$B204 -> #REF! | X111: =+[4]US!$B196 -> #REF! | Y111: =SUM(V111:X111) -> #REF! | Z111: =+Total!F213 -> 9410.7 | AA111: =+[3]US!$C204 -> #REF! | AB111: =+[4]US!$C196 -> #REF! | AC111: =SUM(Z111:AB111) -> #REF! | AD111: =+Y111/Y110-1 -> #REF! | AE111: =+Y111/AC111-1 -> #REF!
A112: =+Total!A211 -> 40115 | B112: =+Total!L211 -> 564 | C112: =+[1]US!$I202 -> 216.1 | D112: =+[2]US!$I194 -> 825.8 | E112: =SUM(B112:D112) -> 1605.9 | F112: =+E112/E111-1 -> 1.1047182 | G112: =+Total!O214 -> 0 | H112: =+[3]US!$K205 -> #REF! | I112: =+[4]US!$L197 -> #REF! | J112: =SUM(G112:I112) -> #REF! | K112: =+E112/J112-1 -> #REF! | L112: =+Total!G214-Total!G213 -> 627.9 | M112: =+[3]US!$L205 -> #REF! | N112: =+[4]US!$J197 -> #REF! | O112: =SUM(L112:N112) -> #REF! | P112: =+Total!H214-Total!H213 -> 765.9 | Q112: =+[3]US!$M205 -> #REF! | R112: =+[4]US!$K197 -> #REF! | S112: =SUM(P112:R112) -> #REF! | T112: =+O112/O111-1 -> #REF! | U112: =+O112/S112-1 -> #REF! | V112: =+Total!E214 -> 10135.9 | W112: =+[3]US!$B205 -> #REF! | X112: =+[4]US!$B197 -> #REF! | Y112: =SUM(V112:X112) -> #REF! | Z112: =+Total!F214 -> 9110.1 | AA112: =+[3]US!$C205 -> #REF! | AB112: =+[4]US!$C197 -> #REF! | AC112: =SUM(Z112:AB112) -> #REF! | AD112: =+Y112/Y111-1 -> #REF! | AE112: =+Y112/AC112-1 -> #REF!
A113: =+Total!A212 -> 40122 | B113: =+Total!L212 -> 488.5 | C113: =+[1]US!$I203 -> 178.4 | D113: =+[2]US!$I195 -> 661.7 | E113: =SUM(B113:D113) -> 1328.6 | F113: =+E113/E112-1 -> -0.17267576 | G113: =+Total!O215 -> 0 | H113: =+[3]US!$K206 -> #REF! | I113: =+[4]US!$L198 -> #REF! | J113: =SUM(G113:I113) -> #REF! | K113: =+E113/J113-1 -> #REF! | L113: =+Total!G215-Total!G214 -> 879.5 | M113: =+[3]US!$L206 -> #REF! | N113: =+[4]US!$J198 -> #REF! | O113: =SUM(L113:N113) -> #REF! | P113: =+Total!H215-Total!H214 -> 930.5 | Q113: =+[3]US!$M206 -> #REF! | R113: =+[4]US!$K198 -> #REF! | S113: =SUM(P113:R113) -> #REF! | T113: =+O113/O112-1 -> #REF! | U113: =+O113/S113-1 -> #REF! | V113: =+Total!E215 -> 9915.4 | W113: =+[3]US!$B206 -> #REF! | X113: =+[4]US!$B198 -> #REF! | Y113: =SUM(V113:X113) -> #REF! | Z113: =+Total!F215 -> 8523.5 | AA113: =+[3]US!$C206 -> #REF! | AB113: =+[4]US!$C198 -> #REF! | AC113: =SUM(Z113:AB113) -> #REF! | AD113: =+Y113/Y112-1 -> #REF! | AE113: =+Y113/AC113-1 -> #REF!
A114: =+Total!A213 -> 40129 | B114: =+Total!L213 -> 352.9 | C114: =+[1]US!$I204 -> 205.7 | D114: =+[2]US!$I196 -> 417.3 | E114: =SUM(B114:D114) -> 975.9 | F114: =+E114/E113-1 -> -0.26546741 | G114: =+Total!O216 -> 0 | H114: =+[3]US!$K207 -> #REF! | I114: =+[4]US!$L199 -> #REF! | J114: =SUM(G114:I114) -> #REF! | K114: =+E114/J114-1 -> #REF! | L114: =+Total!G216-Total!G215 -> 706.5 | M114: =+[3]US!$L207 -> #REF! | N114: =+[4]US!$J199 -> #REF! | O114: =SUM(L114:N114) -> #REF! | P114: =+Total!H216-Total!H215 -> 688.6 | Q114: =+[3]US!$M207 -> #REF! | R114: =+[4]US!$K199 -> #REF! | S114: =SUM(P114:R114) -> #REF! | T114: =+O114/O113-1 -> #REF! | U114: =+O114/S114-1 -> #REF! | V114: =+Total!E216 -> 10056.6 | W114: =+[3]US!$B207 -> #REF! | X114: =+[4]US!$B199 -> #REF! | Y114: =SUM(V114:X114) -> #REF! | Z114: =+Total!F216 -> 8763.6 | AA114: =+[3]US!$C207 -> #REF! | AB114: =+[4]US!$C199 -> #REF! | AC114: =SUM(Z114:AB114) -> #REF! | AD114: =+Y114/Y113-1 -> #REF! | AE114: =+Y114/AC114-1 -> #REF!
A115: =+Total!A214 -> 40136 | B115: =+Total!L214 -> 1223.6 | C115: =+[1]US!$I205 -> 158 | D115: =+[2]US!$I197 -> 548.1 | E115: =SUM(B115:D115) -> 1929.7 | F115: =+E115/E114-1 -> 0.97735424 | G115: =+Total!O217 -> 0 | H115: =+[3]US!$K208 -> #REF! | I115: =+[4]US!$L200 -> #REF! | J115: =SUM(G115:I115) -> #REF! | K115: =+E115/J115-1 -> #REF! | L115: =+Total!G217-Total!G216 -> 776.4 | M115: =+[3]US!$L208 -> #REF! | N115: =+[4]US!$J200 -> #REF! | O115: =SUM(L115:N115) -> #REF! | P115: =+Total!H217-Total!H216 -> 710.2 | Q115: =+[3]US!$M208 -> #REF! | R115: =+[4]US!$K200 -> #REF! | S115: =SUM(P115:R115) -> #REF! | T115: =+O115/O114-1 -> #REF! | U115: =+O115/S115-1 -> #REF! | V115: =+Total!E217 -> 10507.3 | W115: =+[3]US!$B208 -> #REF! | X115: =+[4]US!$B200 -> #REF! | Y115: =SUM(V115:X115) -> #REF! | Z115: =+Total!F217 -> 8665.9 | AA115: =+[3]US!$C208 -> #REF! | AB115: =+[4]US!$C200 -> #REF! | AC115: =SUM(Z115:AB115) -> #REF! | AD115: =+Y115/Y114-1 -> #REF! | AE115: =+Y115/AC115-1 -> #REF!
A116: =+Total!A215 -> 40143 | B116: =+Total!L215 -> 659 | C116: =+[1]US!$I206 -> 308.7 | D116: =+[2]US!$I198 -> 409 | E116: =SUM(B116:D116) -> 1376.7 | F116: =+E116/E115-1 -> -0.28657304 | G116: =+Total!O218 -> 0 | H116: =+[3]US!$K209 -> #REF! | I116: =+[4]US!$L201 -> #REF! | J116: =SUM(G116:I116) -> #REF! | K116: =+E116/J116-1 -> #REF! | L116: =+Total!G218-Total!G217 -> 414.7 | M116: =+[3]US!$L209 -> #REF! | N116: =+[4]US!$J201 -> #REF! | O116: =SUM(L116:N116) -> #REF! | P116: =+Total!H218-Total!H217 -> 831.3 | Q116: =+[3]US!$M209 -> #REF! | R116: =+[4]US!$K201 -> #REF! | S116: =SUM(P116:R116) -> #REF! | T116: =+O116/O115-1 -> #REF! | U116: =+O116/S116-1 -> #REF! | V116: =+Total!E218 -> 11684.4 | W116: =+[3]US!$B209 -> #REF! | X116: =+[4]US!$B201 -> #REF! | Y116: =SUM(V116:X116) -> #REF! | Z116: =+Total!F218 -> 8386 | AA116: =+[3]US!$C209 -> #REF! | AB116: =+[4]US!$C201 -> #REF! | AC116: =SUM(Z116:AB116) -> #REF! | AD116: =+Y116/Y115-1 -> #REF! | AE116: =+Y116/AC116-1 -> #REF!
A117: =+Total!A216 -> 40150 | B117: =+Total!L216 -> 847.7 | C117: =+[1]US!$I207 -> 101 | D117: =+[2]US!$I199 -> 375.6 | E117: =SUM(B117:D117) -> 1324.3 | F117: =+E117/E116-1 -> -0.038062032 | G117: =+Total!J216-Total!J215 -> 928.7 | H117: =+[1]US!$G$208-[1]US!$G$207 -> 654.4 | I117: =+[2]US!$G$200-[2]US!$G$199 -> 285.2 | J117: =SUM(G117:I117) -> 1868.3 | K117: =+E117/J117-1 -> -0.29117379 | L117: =+Total!G219-Total!G218 -> 863.6 | M117: =+[3]US!$L210 -> #REF! | N117: =+[4]US!$J202 -> #REF! | O117: =SUM(L117:N117) -> #REF! | P117: =+Total!H219-Total!H218 -> 602.1 | Q117: =+[3]US!$M210 -> #REF! | R117: =+[4]US!$K202 -> #REF! | S117: =SUM(P117:R117) -> #REF! | T117: =+O117/O116-1 -> #REF! | U117: =+O117/S117-1 -> #REF! | V117: =+Total!E216 -> 10056.6 | W117: =+[1]US!$B207 -> 1879.8 | X117: =+[2]US!$B199 -> 4342.4 | Y117: =SUM(V117:X117) -> 16278.8 | Z117: =+Total!F216 -> 8763.6 | AA117: =+[1]US!$C207 -> 4583.4 | AB117: =+[2]US!$C199 -> 3811.1 | AC117: =SUM(Z117:AB117) -> 17158.1 | AD117: =+Y117/Y116-1 -> #REF! | AE117: =+Y117/AC117-1 -> -0.051246933
A118: =+Total!A217 -> 40157 | B118: =+Total!L217 -> 1227.1 | C118: =+[1]US!$I208 -> 283.2 | D118: =+[2]US!$I200 -> 101.6 | E118: =SUM(B118:D118) -> 1611.9 | F118: =+E118/E117-1 -> 0.21717134 | G118: =+Total!J217-Total!J216 -> 612.5 | H118: =+[1]US!$G$208-[1]US!$G$207 -> 654.4 | I118: =+[2]US!$G$200-[2]US!$G$199 -> 285.2 | J118: =SUM(G118:I118) -> 1552.1 | K118: =+E118/J118-1 -> 0.038528445 | L118: =+Total!G220-Total!G219 -> 798 | M118: =+[3]US!$L211 -> #REF! | N118: =+[4]US!$J203 -> #REF! | O118: =SUM(L118:N118) -> #REF! | P118: =+Total!H220-Total!H219 -> 611.5 | Q118: =+[3]US!$M211 -> #REF! | R118: =+[4]US!$K203 -> #REF! | S118: =SUM(P118:R118) -> #REF! | T118: =+O118/O117-1 -> #REF! | U118: =+O118/S118-1 -> #REF! | V118: =+Total!E217 -> 10507.3 | W118: =+[1]US!$B208 -> 1873.6 | X118: =+[2]US!$B200 -> 3971.3 | Y118: =SUM(V118:X118) -> 16352.2 | Z118: =+Total!F217 -> 8665.9 | AA118: =+[1]US!$C208 -> 4851.3 | AB118: =+[2]US!$C200 -> 3844.3 | AC118: =SUM(Z118:AB118) -> 17361.5 | AD118: =+Y118/Y117-1 -> 0.0045089319 | AE118: =+Y118/AC118-1 -> -0.058134378
A119: =+A118+7 -> 40164 | B119: =+Total!L218 -> 1591.8 | C119: =+[1]US!$I209 -> 207.5 | D119: =+[2]US!$I201 -> 407.9 | E119: =SUM(B119:D119) -> 2207.2 | F119: =+E119/E118-1 -> 0.36931571 | G119: =+Total!J218-Total!J217 -> 551.4 | H119: =+[1]US!$G$208-[1]US!$G$207 -> 654.4 | I119: =+[2]US!$G$200-[2]US!$G$199 -> 285.2 | J119: =SUM(G119:I119) -> 1491 | K119: =+E119/J119-1 -> 0.48034876 | L119: =+Total!G221-Total!G220 -> 658.1 | M119: =+[3]US!$L212 -> #REF! | N119: =+[4]US!$J204 -> #REF! | O119: =SUM(L119:N119) -> #REF! | P119: =+Total!H221-Total!H220 -> 611.7 | Q119: =+[3]US!$M212 -> #REF! | R119: =+[4]US!$K204 -> #REF! | S119: =SUM(P119:R119) -> #REF! | T119: =+O119/O118-1 -> #REF! | U119: =+O119/S119-1 -> #REF! | V119: =+Total!E218 -> 11684.4 | W119: =+[1]US!$B209 -> 1941.6 | X119: =+[2]US!$B201 -> 3838.2 | Y119: =SUM(V119:X119) -> 17464.2 | Z119: =+Total!F218 -> 8386 | AA119: =+[1]US!$C209 -> 4810.9 | AB119: =+[2]US!$C201 -> 3755.3 | AC119: =SUM(Z119:AB119) -> 16952.2 | AD119: =+Y119/Y118-1 -> 0.068003082 | AE119: =+Y119/AC119-1 -> 0.03020257
A120: =+A119+7 -> 40171 | B120: =+Total!L219 -> 772.6 | C120: =+[1]US!$I210 -> 478.5 | D120: =+[2]US!$I202 -> 325.2 | E120: =SUM(B120:D120) -> 1576.3 | F120: =+E120/E119-1 -> -0.28583726 | G120: =+Total!J219-Total!J218 -> 269.9 | H120: =+[1]US!$G$208-[1]US!$G$207 -> 654.4 | I120: =+[2]US!$G$200-[2]US!$G$199 -> 285.2 | J120: =SUM(G120:I120) -> 1209.5 | K120: =+E120/J120-1 -> 0.30326581 | L120: =+Total!G222-Total!G221 -> 835.9 | M120: =+[3]US!$L213 -> #REF! | N120: =+[4]US!$J205 -> #REF! | O120: =SUM(L120:N120) -> #REF! | P120: =+Total!H222-Total!H221 -> 684 | Q120: =+[3]US!$M213 -> #REF! | R120: =+[4]US!$K205 -> #REF! | S120: =SUM(P120:R120) -> #REF! | T120: =+O120/O119-1 -> #REF! | U120: =+O120/S120-1 -> #REF! | V120: =+Total!E219 -> 11593.4 | W120: =+[1]US!$B210 -> 2149 | X120: =+[2]US!$B202 -> 3906.1 | Y120: =SUM(V120:X120) -> 17648.5 | Z120: =+Total!F219 -> 8053.8 | AA120: =+[1]US!$C210 -> 5098.1 | AB120: =+[2]US!$C202 -> 3657.5 | AC120: =SUM(Z120:AB120) -> 16809.4 | AD120: =+Y120/Y119-1 -> 0.010553017 | AE120: =+Y120/AC120-1 -> 0.049918498
A121: =+A120+7 -> 40178 | B121: =+Total!L220 -> 365 | C121: =+[1]US!$I211 -> 175.5 | D121: =+[2]US!$I203 -> 371.3 | E121: =SUM(B121:D121) -> 911.8 | F121: =+E121/E120-1 -> -0.42155681 | G121: =+Total!J220-Total!J219 -> 260.6 | H121: =+[1]US!$G$208-[1]US!$G$207 -> 654.4 | I121: =+[2]US!$G$200-[2]US!$G$199 -> 285.2 | J121: =SUM(G121:I121) -> 1200.2 | K121: =+E121/J121-1 -> -0.24029328 | L121: =+Total!G223-Total!G222 -> 531.8 | M121: =+[3]US!$L214 -> #REF! | N121: =+[4]US!$J206 -> #REF! | O121: =SUM(L121:N121) -> #REF! | P121: =+Total!H223-Total!H222 -> 738.7 | Q121: =+[3]US!$M214 -> #REF! | R121: =+[4]US!$K206 -> #REF! | S121: =SUM(P121:R121) -> #REF! | T121: =+O121/O120-1 -> #REF! | U121: =+O121/S121-1 -> #REF! | V121: =+Total!E220 -> 11160.4 | W121: =+[1]US!$B211 -> 2180 | X121: =+[2]US!$B203 -> 3824.4 | Y121: =SUM(V121:X121) -> 17164.8 | Z121: =+Total!F220 -> 7702.9 | AA121: =+[1]US!$C211 -> 4779.4 | AB121: =+[2]US!$C203 -> 3328.9 | AC121: =SUM(Z121:AB121) -> 15811.2 | AD121: =+Y121/Y120-1 -> -0.027407428 | AE121: =+Y121/AC121-1 -> 0.0856102
A122: =+A121+7 -> 40185 | B122: =+Total!L221 -> 327 | C122: =+[1]US!$I212 -> 134.9 | D122: =+[2]US!$I204 -> 430.6 | E122: =SUM(B122:D122) -> 892.5 | F122: =+E122/E121-1 -> -0.021166923 | G122: =+Total!J221-Total!J220 -> 216.2 | H122: =+[1]US!$G$208-[1]US!$G$207 -> 654.4 | I122: =+[2]US!$G$200-[2]US!$G$199 -> 285.2 | J122: =SUM(G122:I122) -> 1155.8 | K122: =+E122/J122-1 -> -0.22780758 | L122: =+Total!G224-Total!G223 -> 1123 | M122: =+[3]US!$L215 -> #REF! | N122: =+[4]US!$J207 -> #REF! | O122: =SUM(L122:N122) -> #REF! | P122: =+Total!H224-Total!H223 -> 745.6 | Q122: =+[3]US!$M215 -> #REF! | R122: =+[4]US!$K207 -> #REF! | S122: =SUM(P122:R122) -> #REF! | T122: =+O122/O121-1 -> #REF! | U122: =+O122/S122-1 -> #REF! | V122: =+Total!E221 -> 10829.3 | W122: =+[1]US!$B212 -> 2165.9 | X122: =+[2]US!$B204 -> 3562 | Y122: =SUM(V122:X122) -> 16557.2 | Z122: =+Total!F221 -> 7307.4 | AA122: =+[1]US!$C212 -> 4442.9 | AB122: =+[2]US!$C204 -> 3235.7 | AC122: =SUM(Z122:AB122) -> 14986 | AD122: =+Y122/Y121-1 -> -0.035398024 | AE122: =+Y122/AC122-1 -> 0.10484452
A123: =+A122+7 -> 40192 | B123: =+Total!L222 -> 1610.4 | C123: =+[1]US!$I213 -> 420.7 | D123: =+[2]US!$I205 -> 323.7 | E123: =SUM(B123:D123) -> 2354.8 | F123: =+E123/E122-1 -> 1.6384314 | G123: =+Total!J222-Total!J221 -> 1086 | H123: =+[1]US!$G$208-[1]US!$G$207 -> 654.4 | I123: =+[2]US!$G$200-[2]US!$G$199 -> 285.2 | J123: =SUM(G123:I123) -> 2025.6 | K123: =+E123/J123-1 -> 0.16251975 | L123: =+Total!G225-Total!G224 -> 603.9 | M123: =+[3]US!$L216 -> #REF! | N123: =+[4]US!$J208 -> #REF! | O123: =SUM(L123:N123) -> #REF! | P123: =+Total!H225-Total!H224 -> 567.4 | Q123: =+[3]US!$M216 -> #REF! | R123: =+[4]US!$K208 -> #REF! | S123: =SUM(P123:R123) -> #REF! | T123: =+O123/O122-1 -> #REF! | U123: =+O123/S123-1 -> #REF! | V123: =+Total!E222 -> 11603.8 | W123: =+[1]US!$B213 -> 2418.6 | X123: =+[2]US!$B205 -> 3435.4 | Y123: =SUM(V123:X123) -> 17457.8 | Z123: =+Total!F222 -> 7709.4 | AA123: =+[1]US!$C213 -> 4080.8 | AB123: =+[2]US!$C205 -> 2916.4 | AC123: =SUM(Z123:AB123) -> 14706.6 | AD123: =+Y123/Y122-1 -> 0.054393255 | AE123: =+Y123/AC123-1 -> 0.18707247
A124: =+A123+7 -> 40199
A125: =+A124+7 -> 40206
A126: =+A125+7 -> 40213
A127: =+A126+7 -> 40220
A128: =+A127+7 -> 40227
A129: =+A128+7 -> 40234
A130: =+A129+7 -> 40241
A131: =+A130+7 -> 40248
A132: =+A131+7 -> 40255
A133: =+A132+7 -> 40262
A134: =+A133+7 -> 40269
A135: =+A134+7 -> 40276
... A150: =+A149+7 -> 40381

Sheet Sheet1
A1: -------- | B1: -- | C1: --------- | D1: ----- | E1: --------- | F1: ----- | G1: --------- | H1: ----- | I1: --------- | J1: ------ | K1: -------- | L1: ----- | M1: -- | N1: --------- | O1: ----- | P1: --------- | Q1: ----- | R1: --------- | S1: ----- | T1: --------- | U1: ------ | V1: -------- | W1: ----- | AQ1: CORN - UNMILLED
C2: TOTAL | D2: ACCUM | E2: ULATED EX | F2: PORTS | G2: OF CORN | H2: BY CO | I2: UNTRY | N2: TOTAL | O2: ACCUM | P2: ULATED EX | Q2: PORTS | R2: OF CORN | S2: BY CO | T2: UNTRY | AQ2: CARRYOVER | AR2: EXPORT SALES | AS2: AN | AT2: D ACCUMU | AU2: LATED EXPOR | AV2: TS BY COUNTRY AN | AW2: D REGION
C3: RANKED | D3: IN DE | E3: SCENDING | F3: ORDER | G3: FOR MARK | H3: ETING | I3: YEAR 201 | J3: 41306 | N3: RANKED | O3: IN DE | P3: SCENDING | Q3: ORDER | R3: FOR MARK | S3: ETING | T3: YEAR 200 | U3: 40422 | AR3: 2011/12 | AS3: MA | AT3: RKETING | AU3: YEAR ENDING | AV3: 41152
D4: COMPA | E4: RED WITH | F4: 4 PRE | G4: VIOUS MAR | H4: KETIN | I4: G YEARS | O4: COMPA | P4: RED WITH | Q4: 4 PRE | R4: VIOUS MAR | S4: KETIN | T4: G YEARS | Z4: -------- | AA4: -- | AB4: --------- | AC4: ----- | AD4: --------- | AE4: ----- | AF4: --------- | AG4: ------ | AH4: -------- | AI4: ------ | AJ4: -------- | AK4: ----- | AQ4: 1000 METRIC TON | AR4: S
E5: (1 | F5: ,000 | G5: Metric To | H5: ns) | P5: (1 | Q5: ,000 | R5: Metric To | S5: ns) | AB5: TOTAL | AC5: ACCUM | AD5: ULATED EX | AE5: PORTS | AF5: OF CORN | AG5: BY COU | AH5: NTRY | AQ5: --------------- | AR5: ------------- | AS5: --- | AT5: -------- | AU5: ----------- | AV5: ---------------- | AW5: --------------
AB6: RANKED | AC6: IN DE | AD6: SCENDING | AE6: ORDER | AF6: FOR MARK | AG6: ETING | AH6: YEAR 201 | AI6: 40909 | AS6: : | AT6: CARRYOV | AU6: ER SALES | AV6: : ACCUMULATED | AW6: EXPORTS
C7: 2012/2013 | E7: 2011/ | F7: 2012 | G7: 2010/ | H7: 2011 | I7: 2009/ | J7: 2010 | K7: 2008/ | L7: 2009 | N7: 2009/ | O7: 2010 | P7: 2008/ | Q7: 2009 | R7: 2007/ | S7: 2008 | T7: 2006/ | U7: 2007 | V7: 2005/ | W7: 2006 | AC7: COMPA | AD7: RED WITH | AE7: 4 PRE | AF7: VIOUS MAR | AG7: KETING | AH7: YEARS | AS7: : | AT7: -------- | AU7: ----------- | AV7: ---------------- | AW7: --------------
