Workbook
Name Facility: 'Audit Scoresheet'!$A$5

Sheet Page 1-3
A1: USDA Good Agricultural Practices Good Handling Practices
A2: Audit Verification Checklist
A13: This program is intended to assess a participant’s efforts to minimize the risk of contamination of fresh fruits, vegetables, nuts and miscellaneous commodities by microbial pathogens based on the U.S. Food and Drug Administration’s “Guide to Minimize Microbial Food Safety Hazards for Fresh Fruits and Vegetables,” and generally recognized good agricultural practices.
A17: Firm Name:
A18: Contact Person:
A19: Audit Site(s):
A20: Main Address:
A21: City: | G21: State: | L21: Zip:
A22: Telephone No: | I22: Fax:
A23: E-mail:
A24: Auditor (s): (list all auditors with the lead listed first)
A26: USDA or Fed-State Office performing audit:
A27: Arrival Date: | H27: Time:
A28: Departure Date: | H28: Time:
A29: Travel Time | H29: Code
A30: Person(s) Interviewed (use back of sheet if necessary to list all persons interviewed)
A33: Did the auditee participate in GAP & GHP training?
A35: Yes | I35: No
A37: Is there a map that accurately represents the farm operations?
A39: Yes | I39: No | L39: N/A
A40: Legal Description/GPS/Lat.-Long. of Location:
A41: Are all crop production areas located on this audit site?
A43: Yes | I43: No | L43: N/A
A44: Total acres farmed (Owned, leased/rented, contracted, consigned):
A45: Does the company have more than one packing facility?
A47: Yes | I47: No | L47: N/A
A48: Is there a floor plan of the packing house facility(s) indicating flow of product, storage areas, cull areas, employee break rooms, restrooms, offices?
A50: Yes | I50: No | L50: N/A
A51: Is any product commingled prior to packing?
A53: Yes | I53: No
A55: Audit Scope: (Please check all scopes audited)
A56: General Questions (All audits must begin with and pass this portion)
A58: Part 1 – Farm Review…………………………………………………………………………...…..…..
A60: Part 2 - Field Harvest and Field Packing Activities…………………………………...……..…….
A62: Part 3 - House Packing Facility…………………………………………………………………...….
A64: Part 4 – Storage and Transportation…………………………………………………...……….…...
A66: Part 5 – (Not Used)
A68: Part 6 – Wholesale Distribution Center/Terminal Warehouse.…………………………............
A70: Part 7 – Preventive Food Defense Procedures.………………………….…………...….
A71: Products:
A73: Auditors’ Signature(s):
A74: Conditions Under Which an Automatic "Unsatisfactory"
... A93: • The "Doc: column-
A94: • | B94: A "D" indicates that a document(s) is required to show conformance to the question. A document may be a combination of standard operating procedures outlining company policy as well as a record indicating that a particular action was taken.
A95: • | B95: A "R" indicates that a record is required to be kept showing an action was taken.
A96: • | B96: A "P" indicates that a policy/standard operating procedure (SOP) must be documented in the food safety plan in order to show conformance to the question.

Sheet Pg. 4 General Questions
A1: General Questions
A2: Implementation of a Food Safety Program
A3: Questions | K3: Points | L3: Yes | M3: NO | N3: N/A | O3: Doc
A4: P-1 | B4: A documented food safety program that | O4: D
B5: incorporates GAP and/or GHP has been
B6: implemented.
A7: P-2 | B7: The operation has designated someone to | O7: D
B8: implement and oversee an established food
B9: safety program.
B10: Name
A12: Traceability
A13: Questions | K13: Points | L13: Yes | M13: NO | N13: N/A | O13: Doc
A14: G-1 | B14: A documented traceability program has | K14: 15 | O14: D
B15: been established.
A16: G-2 | B16: The operation has performed a "mock recall" | K16: 10 | O16: R
B17: that was proven to be effective.
A18: Worker Health & Hygiene
A19: Questions | K19: Points | L19: Yes | M19: NO | N19: N/A | O19: Doc
A20: G-3 | B20: Potable water is available to all workers. | K20: 10 | O20: R
A21: G-4 | B21: All employees and all visitors to the location are | K21: 10 | O21: P
B22: required to follow proper sanitation and hygiene
B23: practices.
A24: G-5 | B24: Training on proper sanitation and hygiene | K24: 15 | O24: D
B25: practices is provided to all staff.
A26: G-6 | B26: Employees and visitors are following good | K26: 15
B27: hygiene/sanitation practices.
A28: G-7 | B28: Employees who handle or package produce are | K28: 15
B29: washing their hands before beginning or
B30: returning to work.
A31: G-8 | B31: Readily understandable signs are posted to | K31: 10
B32: instruct employees to wash their hands before
B33: beginning or returning to work.
A34: G-9 | B34: All toilet/restroom/field sanitation facilities are | K34: 15
B35: clean. They are properly supplied with single
B36: use towels, toilet paper, hand soap or anti-
B37: bacterial soap, and potable water for hand
B38: washing.
A39: G-10 | B39: All toilet/restroom/field sanitation facilities are | K39: 10 | O39: R
B40: serviced and cleaned on a scheduled basis.
A41: Questions | K41: Points | L41: Yes | M41: NO | N41: N/A | O41: Doc
A42: G-11 | B42: Smoking and eating are confined to designated | K42: 10 | O42: P
B43: areas separate from where product is handled.
A44: G-12 | B44: Workers with diarrheal disease or symptoms of | K44: 15 | O44: P
B45: other infectious diseases are prohibited from
B46: handling fresh produce.
A47: G-13 | B47: There is a policy describing procedures which | K47: 15 | O47: P
B48: specify handling/disposition of produce or food
B49: contact surfaces that have come into contact
B50: with blood or other bodily fluids.
A51: G-14 | B51: Workers are instructed to seek prompt | K51: 5 | O51: P
B52: treatment with clean first aid supplies for cuts,
B53: abrasions and other injuries.
A54: G-15 | B54: Company personnel or contracted personnel | K54: 10 | O54: R
B55: that apply regulated pre-harvest and/or post
B56: harvest materials are licensed. Company
B57: personnel or contracted personnel applying
B58: non-regulated materials have been trained on
B59: its proper use.
A61: COMMENTS:
A90: Total Points earned for General Questions = | J90: =SUM(L54+L51+L47+L44+L42+L39+L34+L31+L28+L26+L24+L21+L20+L16+L14) -> 0
A91: Total Possible | D91: = | E91: 180 | G91: The total number of points possible for this section.
A92: Subtract "N/A" | D92: = | E92: =N16+N28+N31+N34+N39+N42+N54 -> 0 | G92: Enter the additive number of N/A points (+points) here.
A93: Adjusted Total | D93: = | E93: =E91-E92 -> 180 | G93: Subtract the N/A points from the Total possible points
A94: X .8 (80%) | G94: Multiply the Adjusted Total by .8 and show it as the Passing Score
A95: Passing Score | D95: = | E95: =E93*0.8 -> 144
E97: Pass | I97: Fail | K97: (please mark one)
A99: This program is intended to assess a participant’s efforts to minimize the risk of contamination of fresh fruits, vegetables, nuts and miscellaneous commodities by microbial pathogens based on the U.S. Food and Drug Administration’s “Guide to Minimize Microbial Food Safety Hazards for Fresh Fruits and Vegetables,” and generally recognized good agricultural practices.

Sheet Part 1-Farm Review
A1: Part 1 - Farm Review
A2: Water Usage
A3: (1-1) | B3: What is the source of irrigation water? (Pond, Stream, Well, Municipal, Other)
A4: Please specify:
A6: (1-2) | B6: How are crops irrigated? (Flood, Drip, Sprinkler, Other) Please specify:
A9: Questions | K9: Points | L9: Yes | M9: NO | N9: N/A | O9: Doc
A10: 1-3 | B10: A water quality assessment has been performed to determine the quality of water used for irrigation purpose on the crop(s) being applied. | K10: 15 | O10: D
A13: 1-4 | B13: A water quality assessment has been performed to determine the quality of water use for chemical application or fertigation method. | K13: 15 | O13: D
A16: 1-5 | B16: If necessary, steps are taken to protect irrigation water from potential direct and non-point source contamination. | K16: 15
A19: Sewage Treatment
A20: Questions | K20: Points | L20: Yes | M20: NO | N20: N/A | O20: Doc
A21: 1-6 | B21: The farm sewage treatment system/septic system is functioning properly and there is no evidence of leaking or runoff. | K21: 15
A24: 1-7 | B24: There is no municipal/commercial sewage treatment facility or waste material landfill adjacent to the farm. | K24: 10
A27: Animals/Wildlife/Livestock
A28: Questions | K28: Points | L28: Yes | M28: NO | N28: N/A | O28: Doc
A29: 1-8 | B29: Crop production areas are not located near or adjacent to dairy, livestock, or fowl production facilities unless adequate barriers exist. | K29: 15
A32: 1-9 | B32: Manure lagoons located near or adjacent to crop production areas are maintained to prevent leaking/overflowing, or measures have been taken to stop runoff from contaminating the crop production areas. | K32: 10
A37: Questions | K37: Points | L37: Yes | M37: NO | N37: N/A | O37: Doc
A38: 1-10 | B38: Manure stored near or adjacent to crop | K38: 10
B39: production areas is contained to prevent
B40: contamination of crops.
A41: 1-11 | B41: Measures are taken to restrict access of | K41: 10
B42: livestock to the source or delivery system of
B43: crop irrigation water.
A44: 1-12 | B44: Crop production areas are monitored for the | K44: 5 | O44: R
B45: presence or signs of wild or domestic animals
B46: the entering the land.
A47: 1-13 | B47: Measures are taken to reduce the opportunity | K47: 5 | O47: R
B48: for wild and/or domestic animals from entering
B49: crop production areas.
A50: Manure and Municipal Biosolids
A51: Please choose one of the following options as it relates to the farm operations:
C52: Option A. Raw manure or a combination of raw and composed manure is
D53: used as a soil amendment.
C54: Option B. Only composted manure/treated municipal biosolids are used as
D55: soil amendments.
C56: Option C. No manure or municipal biosolids of any kind are used as soil
D57: amendments.
A58: Only answer the following manure questions (questions 1-14 to 1-22) that are
A59: assigned to the Option chosen above. DO NOT answer the questions from the other
A60: two options. The points from the manure and municipal biosolids are worth 35 of a
A61: total 190 points, and answering questions from the other two options will cause the
A62: points to calculate incorrectly.
A64: Option A: Raw Manure | K64: Points | L64: Yes | M64: NO | N64: N/A | O64: Doc
A65: 1-14 | B65: When raw manure is applied, it is incorporated | K65: 10 | O65: R
B66: at least 2 weeks prior to planting or a minimum
B67: of 120 days prior to harvest.
A68: 1-15 | B68: Raw manure is not used on commodities that | K68: 10 | O68: R
B69: are harvested within 120 days of planting.
A70: 1-16 | B70: If both raw and treated manure are | K70: 10 | O70: R
B71: used, the treated manure is properly treated,
B72: composted or exposed to reduce the expected
B73: levels of pathogens.
A74: 1-17 | B74: Manure is properly stored prior to use. | K74: 5
A75: Option B: Composted Manure | K75: Points | L75: Yes | M75: NO | N75: N/A | O75: Doc
A76: 1-18 | B76: Only composted manure and/or treated | K76: 10 | O76: R
B77: biosolids are used as a soil amendment.
A78: 1-19 | B78: Composted manure and/or treated biosolids are | K78: 10 | O78: D
B79: properly treated, composted, or exposed to
B80: environmental conditions that would lower the
B81: expected level of pathogens.
A82: 1-20 | B82: Composted manure and/or treated biosolids are | K82: 10
B83: properly stored and are protected to minimize
B84: recontamination.
A85: 1-21 | B85: Analysis reports are available for composted | K85: 5 | O85: R
B86: manure/treated biosolids.
A87: Option C: No Manure/Biosolids Used | K87: Points | L87: Yes | M87: NO | N87: N/A | O87: Doc
A88: 1-22 | B88: No animal manure or municipal biosolids are | K88: 35 | O88: P
B89: used.
A90: Soils
A91: Questions | K91: Points | L91: Yes | M91: NO | N91: N/A | O91: Doc
A92: 1-23 | B92: A previous land use risk assessment has been | K92: 5 | O92: R
B93: performed.
A94: 1-24 | B94: When previous land use history indicates a | K94: 10 | O94: R
B95: possibility of contamination, preventative
B96: measures have been taken to mitigate the
B97: known risks and soils have been tested for
B98: contaminants and the land use is
B99: commensurate with test results.
A100: 1-25 | B100: Crop production areas that have been | K100: 5 | O100: R
B101: subjected to flooding are tested for potential
B102: microbial hazards.
A103: Traceability
A104: Questions | K104: Points | L104: Yes | M104: NO | N104: N/A | O104: Doc
A105: 1-26 | B105: Each production area is identified or coded to | K105: 10 | O105: R
B106: enable traceability in the event of a recall.
A108: COMMENTS:
A129: Total Points earned for Farm Review = | J129: =L10+L13+L16+L21+L24+L29+L32+L38+L41+L44+L47+L65+L68+L70+L74+L76+L78+L82+L85+L88+L92+L94+L100+L105 -> 0
A130: Total Possible | D130: = | E130: 190 | G130: The total number of points possible for this section.
A131: Subtract "N/A" | D131: = | E131: =N10+N13+N16+N21+N24+N32+N38+N41+N44+N47+N70+N74+N82+N94+N100+N105 -> 0 | G131: Enter the additive number of N/A points (+points) here.
A132: Adjusted Total | D132: = | E132: =E130-E131 -> 190 | G132: Subtract the N/A points from the Total possible points
A133: X .8 (80%) | G133: Multiply the Adjusted Total by .8 and show it as the Passing Score
A134: Passing Score | D134: = | E134: =E132*0.8 -> 152
E136: Pass | I136: Fail | K136: (please mark one)
A138: This program is intended to assess a participant’s efforts to minimize the risk of contamination of fresh
A139: fruits, vegetables, nuts and miscellaneous commodities by microbial pathogens based on the U.S. Food
A140: and Drug Administration’s “Guide to Minimize Microbial Food Safety Hazards for Fresh Fruits and
A141: Vegetables,” and generally recognized good agricultural practices.

Sheet Part 2-Field Harvest & Packing 
A1: Part 2 - Field Harvest and Field Packing Activities
A2: Field Sanitation and Hygiene
A3: Questions | K3: Points | L3: Yes | M3: NO | N3: N/A | O3: Doc
A4: 2-1 | B4: A documented pre-harvest assessment is made | K4: 15 | O4: D
B5: on the crop production areas. Risks and
B6: possible sources of crop contamination are
B7: noted and assessed.
A8: 2-2 | B8: The number, condition, and placement of field | K8: 10
B9: sanitation units comply with applicable state
B10: and/or federal regulations.
A11: 2-3 | B11: When question 2-2 is answered "N/A" (sanitation | K11: 10
B12: units are not required), a toilet facility is readily
B13: available for all workers.
A14: 2-4 | B14: Field sanitation units are located in a location | K14: 10
B15: that minimizes the potential risk for product
B16: contamination and are directly accessible for
B17: servicing.
A18: 2-5 | B18: A response plan is in place for the event of a | K18: 10 | O18: P
B19: major spill or leak of field sanitation units or
B20: toilet facilities.
A21: Field Harvesting and Transportation
A22: Questions | K22: Points | L22: Yes | M22: NO | N22: N/A | O22: Doc
A23: 2-6 | B23: All harvesting containers and bulk hauling | K23: 10 | O23: D
B24: vehicles that come in direct contact with
B25: product are cleaned and/or sanitized on a
B26: scheduled basis and kept as clean as
B27: practicable.
A28: 2-7 | B28: All hand harvesting equipment and implements | K28: 10 | O28: D
B29: (knives, pruners machetes, etc.) are kept as
B30: clean as practical and are disinfected on a
B31: scheduled basis.
A32: 2-8 | B32: Damaged containers are properly repaired or | K32: 5
B33: disposed of.
A34: 2-9 | B34: Harvesting equipment and/or machinery which | K34: 10
B35: comes into contact with product is in good
B36: repair.
A37: 2-10 | B37: Light bulbs and glass on harvesting equipment | K37: 10
B38: are protected so as not to contaminate produce
B39: or fields in the case of breakage.
A40: Questions | K40: Points | L40: Yes | M40: NO | N40: N/A | O40: Doc
A41: 2-11 | B41: There is a standard operating procedure or | K41: 5 | O41: P
B42: instructions on what measures should be taken
B43: in the case of glass/plastic breakage and
B44: possible contamination during harvesting
B45: operations.
A46: 2-12 | B46: There is a standard operating procedure or | K46: 5 | O46: P
B47: instructions on what measures should be taken
B48: in the case of product contamination by
B49: chemicals, petroleum, pesticides or other
B50: contaminating factors.
A51: 2-13 | B51: For mechanically harvested product, measures | K51: 5
B52: are taken during harvest to inspect for and
B53: remove foreign objects such as glass, metal,
B54: rocks, or other dangerous/toxic items.
A55: 2-14 | B55: Harvesting containers, totes, etc. are not used | K55: 5 | O55: P
B56: for carrying or storing non- produce items
B57: during the harvest season, and farm workers
B58: are instructed in this policy.
A59: 2-15 | B59: Water applied to harvested product is | K59: 15 | O59: R
B60: microbially safe.
A61: 2-16 | B61: Efforts have been made to remove excessive | K61: 5
B62: dirt and mud from product and/or containers
B63: during harvest.
A64: 2-17 | B64: Transportation equipment used to move | K64: 10
B65: product from field to storage areas or storage
B66: areas to processing plant which comes into
B67: contact with product is clean and in good repair.
A68: 2-18 | B68: There is a policy in place and has been | K68: 5 | O68: P
B69: implemented that harvested product being
B70: moved from field to storage areas or processing
B71: plants are covered during transportation.
A72: 2-19 | B72: In ranch or field pack operations, only new or | K72: 10 | O72: D
B73: sanitized containers are used for packing the
B74: product.
A75: 2-20 | B75: Packing materials used in ranch or field pack | K75: 10
B76: operations are properly stored and protected
B77: from contamination.
A78: 2-21 | B78: Product moving out of the field is uniquely | K78: 10 | O78: D
B79: identified to enable traceability in the event of
B80: a recall.
A82: COMMENTS:
A97: Total Points earned for Field Harvesting & Field Packaging = | J97: =L4+L8+L11+L14+L18+L23+L28+L32+L34+L37+L41+L46+L51+L55+L59+L61+L64+L68+L72+L75+L78 -> 0
A98: Total Possible | D98: = | E98: 185 | G98: The total number of points possible for this section.
A99: Subtract "N/A" | D99: = | E99: =N8+N11+N14+N18+N28+N32+N34+N37+N41+N46+N51+N59+N61+N64+N72+N75 -> 0 | G99: Enter the additive number of N/A points (+points) here.
A100: Adjusted Total | D100: = | E100: =E98-E99 -> 185 | G100: Subtract the N/A points from the Total possible points
A101: X .8 (80%) | G101: Multiply the Adjusted Total by .8 and show it as the Passing Score
A102: Passing Score | D102: = | E102: =E100*0.8 -> 148
E104: Pass | I104: Fail | K104: (please mark one)
A106: This program is intended to assess a participant’s efforts to minimize the risk of contamination of fresh
A107: fruits, vegetables, nuts and miscellaneous commodities by microbial pathogens based on the U.S. Food
A108: and Drug Administration’s “Guide to Minimize Microbial Food Safety Hazards for Fresh Fruits and
A109: Vegetables,” and generally recognized good agricultural practices.

Sheet Part 3-House Packing Facilty
A1: Part 3 - HOUSE PACKING FACILITY
A2: Receiving
A3: Questions | K3: Points | L3: Yes | M3: NO | N3: N/A | O3: Doc
A4: 3-1 | B4: Product delivered from the field which is held in | K4: 5
B5: a staging area prior to packing or processing is
B6: protected from possible contamination.
A7: 3-2 | B7: Prior to packing, product is properly stored | K7: 5
B8: and/or handled in order to reduce possible
B9: contamination.
A10: Washing/Packing Line
A11: Questions | K11: Points | L11: Yes | M11: NO | N11: N/A | O11: Doc
A12: 3-3 | B12: Source water used in the packing operation is | K12: 15 | O12: R
B13: potable.
A14: 3-4 | B14: If applicable, the temperature of processing | K14: 10 | O14: D
B15: water used in dump tanks, flumes, etc., is
B16: monitored and is kept at temperatures
B17: appropriate for the commodity.
A18: 3-5 | B18: Processing water is sufficiently treated to | K18: 10 | O18: D
B19: reduce microbial contamination.
A20: 3-6 | B20: Water-contact surfaces, such as dump tanks, | K20: 10 | O20: D
B21: flumes, wash tanks and hydro coolers, are
B22: cleaned and/or sanitized on a scheduled basis.
A23: 3-7 | B23: Water treatment (strength levels and pH) and | K23: 10 | O23: D
B24: exposure time is monitored and the facility has
B25: demonstrated it is appropriate for the product.
A26: 3-8 | B26: Food contact surfaces are in good condition; | K26: 15 | O26: D
B27: cleaned and/or sanitized prior to use and
B28: cleaning logs are maintained.
A29: 3-9 | B29: Product flow zones are protected from sources | K29: 10
B30: of contamination.
A31: 3-10 | B31: The water used for cooling and/or making ice | K31: 15 | O31: R
B32: is potable.
A33: 3-11 | B33: Any ice used for cooling produce is | K33: 10 | O33: R
B34: manufactured, transported and stored under
B35: sanitary conditions.
A36: Packing House Worker Health & Hygiene
A37: Questions | K37: Points | L37: Yes | M37: NO | N37: N/A | O37: Doc
A38: 3-12 | B38: Employee facilities (locker rooms, lunch and | K38: 10
B39: break areas, etc.) are clean and located away
B40: from packing area.
A41: 3-13 | B41: When there is a written policy regarding the use | K41: 5 | O41: P
B42: of hair nets/beard nets in the production area, it
B43: is being followed by all employees and visitors.
A44: 3-14 | B44: When there is a written policy regarding the | K44: 5 | O44: P
B45: wearing of jewelry in the production area, it is
B46: being followed by all employees and visitors.
A47: Packing House General Housekeeping
A48: Questions | K48: Points | L48: Yes | M48: NO | N48: N/A | O48: Doc
A49: 3-15 | B49: Only food grade approved and labeled | K49: 10 | O49: R
B50: lubricants are used in the packing
B51: equipment/machinery.
A52: 3-16 | B52: Chemicals not approved for use on product are | K52: 10
B53: stored and segregated away from packing area.
A54: 3-17 | B54: The plant grounds are reasonably free of litter | K54: 5
B55: and debris.
A56: 3-18 | B56: The plant grounds are reasonably free of | K56: 5
B57: standing water.
A58: 3-19 | B58: Outside garbage receptacles/dumpsters are | K58: 5
B59: closed or are located away from packing facility
B60: entrances and the area around such sites is
B61: reasonably clean.
A62: 3-20 | B62: Packing facilities are enclosed. | K62: 5
A63: 3-21 | B63: The packing facility interior is clean and | K63: 5
B64: maintained in an orderly manner.
A65: 3-22 | B65: Floor drains appear to be free of obstructions. | K65: 5
A66: 3-23 | B66: Pipes, ducts, fans and ceilings which are over | K66: 5
B67: food handling operations, are clean.
A68: 3-24 | B68: Glass materials above product flow zones are | K68: 10
B69: contained in case of breakage.
A70: 3-25 | B70: Possible wastewater spillage is prevented from | K70: 10
B71: contaminating any food handling area by
B72: barriers, drains, or a sufficient distance.
A73: 3-26 | B73: There is a policy describing procedures which | K73: 15 | O73: P
B74: specify handling/disposition of finished product
B75: that is opened, spilled, or comes into contact
B76: with the floor.
A77: Questions | K77: Points | L77: Yes | M77: NO | N77: N/A | O77: Doc
A78: 3-27 | B78: Only new or sanitized containers are used | K78: 10 | O78: D
B79: for packing the product.
A80: 3-28 | B80: Pallets and containers are clean and | K80: 5
B81: in good condition.
A82: 3-29 | B82: Packing containers are properly stored and | K82: 10
B83: protected from contamination (birds, rodents,
B84: and other pests).
A85: Pest Control
A86: Questions | K86: Points | L86: Yes | M86: NO | N86: N/A | O86: Doc
A87: 3-30 | B87: Measures are taken to exclude animals or | K87: 10 | O87: D
B88: pests from packing and storage facilities.
A89: 3-31 | B89: There is an established pest control program | K89: 10 | O89: D
B90: for the facility.
A91: 3-32 | B91: Service reports for the pest control program | K91: 5 | O91: R
B92: are available for review.
A93: 3-33 | B93: Interior walls, floors and ceilings are well | K93: 5
B94: maintained and are free of major cracks and
B95: crevices.
A96: Traceability
A97: Questions | K97: Points | L97: Yes | M97: NO | N97: N/A | O97: Doc
A98: 3-34 | B98: Records are kept recording the source of | K98: 10 | O98: D
B99: incoming product and the destination of
B100: outgoing product which is uniquely identified to
...

Sheet Part 4-Storage & Transportation
A1: Part 4 - STORAGE AND TRANSPORTATION
A2: Product, Containers & Pallets
A3: Questions | K3: Points | L3: Yes | M3: NO | N3: N/A | O3: Doc
A4: 4-1 | B4: The storage facility is cleaned and maintained in | K4: 5
B5: an orderly manner.
A6: 4-2 | B6: Bulk storage facilities are inspected for foreign | K6: 5 | O6: R
B7: material prior to use and records are maintained.
A8: 4-3 | B8: Storage rooms, buildings, and/or facilities are | K8: 10
B9: maintained and sufficiently sealed or isolated
B10: and are protected from external contamination.
A11: 4-4 | B11: Storage grounds are reasonably free of litter | K11: 5
B12: and debris.
A13: 4-5 | B13: Floors in storage areas are reasonably | K13: 5
B14: free of standing water.
A15: 4-6 | B15: Possible wastewater spillage is prevented from | K15: 10
B16: contaminating any food handling area by
B17: barriers, drains, or sufficient distance.
A18: 4-7 | B18: There is a policy describing procedures which | K18: 15 | O18: P
B19: specify handling/disposition of finished product
B20: which is opened, spilled, or comes into contact
B21: with the floor.
A22: 4-8 | B22: Packing containers are properly stored and | K22: 10
B23: sufficiently sealed, to be protected from
B24: contamination (birds, rodents, pests, and other
B25: contaminants).
A26: 4-9 | B26: Pallets, pallet boxes, tote bags, and portable | K26: 5
B27: bins, etc. are clean, in good condition and do
B28: not contribute foreign material to the product.
A29: 4-10 | B29: Product stored outside in totes, trucks, bins, | K29: 10
B30: other containers or on the ground in bulk is
B31: covered and protected from contamination.
A32: 4-11 | B32: Non-food grade substances such as paints, | K32: 10
B33: lubricants, pesticides, etc., are not stored in
B34: close proximity to the product.
A35: 4-12 | B35: Mechanical equipment used during the storage | K35: 5 | O35: D
B36: process is clean and maintained to prevent
B37: contamination of the product.
A38: Pest Control
A39: Questions | K39: Points | L39: Yes | M39: NO | N39: N/A | O39: Doc
A40: 4-13 | B40: Measures are taken to exclude animals or pests | K40: 10 | O40: D
B41: from storage facilities.
A42: 4-14 | B42: There is an established pest control program | K42: 10 | O42: D
B43: for the facility.
A44: 4-15 | B44: Service reports for the pest control program are | K44: 5 | O44: R
B45: available for review.
A46: 4-16 | B46: Interior walls, floors, and ceilings are well- | K46: 5
B47: maintained and are free of major cracks and
B48: crevices.
A49: Ice & Refrigeration
A50: Questions | K50: Points | L50: Yes | M50: NO | N50: N/A | O50: Doc
A51: 4-17 | B51: The water used for cooling and/or making ice is | K51: 15 | O51: R
B52: potable.
A53: 4-18 | B53: Manufacturing, storage, and transportation | K53: 10 | O53: R
B54: facilities used in making and delivering ice used
B55: for cooling the product have been sanitized.
A56: 4-19 | B56: Climate-controlled rooms are monitored for | K56: 5 | O56: D
B57: temperature and logs are maintained.
A58: 4-20 | B58: Thermometer(s) are checked for accuracy and | K58: 5 | O58: D
B59: records are available for review.
A60: 4-21 | B60: Refrigeration system condensation does not | K60: 10
B61: come in contact with produce.
A62: 4-22 | B62: Refrigeration equipment (condensers, fans, etc.) | K62: 10 | O62: D
B63: is cleaned on a scheduled basis.
A64: 4-23 | B64: Iced product does not drip on pallets of produce | K64: 10
B65: stored below.
A66: Transportation
A67: Questions | K67: Points | L67: Yes | M67: NO | N67: N/A | O67: Doc
A68: 4-24 | B68: Prior to the loading process, conveyances are | K68: 10 | O68: P
B69: required to be clean, in good physical condition,
B70: free from disagreeable odors, and from obvious
B71: dirt/debris.
A72: 4-25 | B72: Produce items are not loaded with potentially | K72: 10 | O72: P
B73: contaminating products.
A74: 4-26 | B74: Company has a written policy for transporters | K74: 10 | O74: P
B75: and conveyances to maintain a specified
B76: temperature(s) during transit.
A77: 4-27 | B77: Conveyances are loaded to minimize damage to | K77: 5 | O77: P
B78: product.
A79: Worker Health and Personal Hygiene
A80: Questions | K80: Points | L80: Yes | M80: NO | N80: N/A | O80: Doc
A81: 4-28 | B81: Employee facilities (locker rooms, lunch and | K81: 10
B82: break areas, etc.) are clean and located away
B83: from storage, shipping, and receiving areas.
A84: 4-29 | B84: When there is a written policy regarding the use | K84: 5 | O84: P
B85: of hair/beard nets in the storage and
B86: transportation areas, it is being followed by all
B87: affected employees and visitors.
A88: 4-30 | B88: When there is a written policy restricting the | K88: 5 | O88: P
B89: wearing of jewelry in the storage and
B90: transportation areas, it is being followed by all
B91: affected employees and visitors.
A92: Traceability
A93: Questions | K93: Points | L93: Yes | M93: NO | N93: N/A | O93: Doc
A94: 4-31 | B94: Records are kept regarding the source of | K94: 10 | O94: D
B95: incoming product and the destination of
B96: outgoing product which is uniquely identified
B97: to enable traceability.
A99: COMMENTS:
A126: Total Points earned for Storage & Transportation = | J126: =SUM(L94+L88+L84+L81+L77+L74+L72+L68+L64+L62+L60+L58+L53+L51+L46+L44+L42+L40+L35+L32+L29+L22+L18+L15+L13+L11+L8+L6+L4+L26+L56) -> 0
A127: Total Possible | D127: = | E127: 255 | G127: The total number of points possible for this section.
...

Sheet Part 6-Wholesale Distribution
A1: Part 6-Wholesale Distribution Center/Terminal Warehouses
A2: Receiving
A3: Questions | K3: Points | L3: Yes | M3: NO | N3: N/A | O3: Doc
A4: 6-1 | B4: All companies that supply fresh produce are | K4: 15 | O4: D
B5: required to have passed a third party audit
B6: verification of GAP and/or GHP.
A7: 6-2 | B7: Upon receiving, conveyances are required to be | K7: 10 | O7: P
B8: clean, in good physical condition and free from
B9: obvious objectionable odors, dirt and/or debris
B10: at time of unloading.
A11: 6-3 | B11: Company does not accept produce items that | K11: 10 | O11: P
B12: are loaded with or are not protected from
B13: potentially contaminating products.
A14: 6-4 | B14: Refrigerated commodities are monitored for | K14: 5 | O14: R
B15: temperatures at the time of receiving.
A16: 6-5 | B16: The company has a written policy regarding the | K16: 5 | O16: P
B17: disposition of product when temperatures are
B18: not within the company's guidelines at the time
B19: of receiving.
A20: Storage Facility/Temperature Control
A21: Questions | K21: Points | L21: Yes | M21: NO | N21: N/A | O21: Doc
A22: 6-6 | B22: The facility is clean and maintained in an | K22: 5
B23: orderly manner.
A24: 6-7 | B24: Refrigerated rooms are monitored for | K24: 5 | O24: D
B25: temperature and logs are maintained.
A26: 6-8 | B26: Thermometer(s) are checked for accuracy and | K26: 5 | O26: D
B27: records are available for review.
A28: 6-9 | B28: Refrigeration system condensation does not | K28: 10
B29: come into contact with produce.
A30: 6-10 | B30: Refrigeration equipment (condensers, fans, | K30: 10 | O30: D
B31: etc.) is cleaned on a scheduled basis.
A32: 6-11 | B32: Iced product does not drip on pallets of | K32: 10
B33: produce stored below.
A34: 6-12 | B34: The water used for cooling/ice is potable. | K34: 10 | O34: R
A35: 6-13 | B35: Manufacturing, storage, and transportation | K35: 10 | O35: D
B36: facilities used in making and delivering ice used
B37: for cooling the product are sanitized on a
B38: scheduled basis.
A39: 6-14 | B39: There is a policy describing procedures which | K39: 15 | O39: P
B40: specify handling/disposition of finished product
B41: which is opened, spilled, or comes into contact
B42: with the floor.
A43: Questions | K43: Points | L43: Yes | M43: NO | N43: N/A | O43: Doc
A44: 6-15 | B44: Product flow zones are protected from sources | K44: 10
B45: of contamination.
A46: 6-16 | B46: Glass materials above product flow zones are | K46: 10
B47: contained in case of breakage.
A48: 6-17 | B48: The grounds are reasonably free of litter and | K48: 5
B49: debris.
A50: 6-18 | B50: The grounds are reasonably free of standing | K50: 5
B51: water.
A52: 6-19 | B52: Outside garbage receptacles/dumpsters are | K52: 5
B53: closed or are located away from facility
B54: entrances and the area around such sites is
B55: reasonably clean.
A56: 6-20 | B56: The facility is enclosed. | K56: 5
A57: 6-21 | B57: Floor drains appear to be free of obstructions. | K57: 5
A58: 6-22 | B58: Pipes, ducts, fans, and ceilings in the facility | K58: 5
B59: are reasonably clean.
A60: 6-23 | B60: Possible wastewater spillage is prevented | K60: 10
B61: from contaminating any food storage or
B62: handling area by barriers, drains, or a sufficient
B63: distance.
A64: 6-24 | B64: Non-food grade substances such as paints, | K64: 10
B65: lubricants, pesticides, etc., are not stored in
B66: close proximity to the product.
A67: Pest Control
A68: Questions | K68: Points | L68: Yes | M68: NO | N68: N/A | O68: Doc
A69: 6-25 | B69: Measures are taken to exclude animals or | K69: 10 | O69: D
B70: pests from the facility.
A71: 6-26 | B71: There is an established pest control program | K71: 10 | O71: D
B72: for the facility.
A73: 6-27 | B73: Service reports for the pest control program | K73: 5 | O73: R
B74: are available for review.
A75: 6-28 | B75: Interior walls, floors and ceilings are well- | K75: 5
B76: maintained and free of major cracks and
B77: crevices.
A78: Repacking/Reconditioning
A79: (6-29) Does the facility repack and/or recondition product?
E80: YES | I80: NO | K80: (please mark one)
A81: If the answer to question 6-29 is YES, answer questions 6-30 through 6-41. If the answer
A82: for question 6-29 is NO, then questions 6-30 through 6-41 are answered N/A.
A84: Questions | K84: Points | L84: Yes | M84: NO | N84: N/A | O84: Doc
A85: 6-30 | B85: Repacking/reconditioning processes are | K85: 5 | O85: P
B86: confined to an established location in the
B87: facility.
A88: 6-31 | B88: Food contact surfaces are in good condition; | K88: 15 | O88: D
B89: cleaned and/or sanitized prior to use and
B90: cleaning logs are maintained.
A91: 6-32 | B91: Source water used in the repacking operation | K91: 15 | O91: R
B92: is potable.
A93: 6-33 | B93: Processing water is sufficiently treated to | K93: 10 | O93: D
B94: reduce microbial contamination.
A95: 6-34 | B95: Water treatment (strength levels and pH) and | K95: 10 | O95: D
B96: exposure time is monitored and is appropriate
B97: for product.
A98: 6-35 | B98: If applicable, the temperature of processing | K98: 10 | O98: D
B99: water used in dump tanks, flumes, etc., is
B100: monitored and is kept at temperatures
B101: appropriate for the commodity.
...

Sheet Part 7-Preventive Food Defense
A1: Part 7 - Preventive Food Defense Procedures
A2: Based on the U.S. Food and Drug Administration’s Food Producers, Processors, and Transporters:
A3: Food Security Preventive Measure Guidance for Industry.
A4: Secure Employee/Visitor Procedures
A5: Questions | K5: Points | L5: Yes | M5: NO | N5: N/A | O5: Doc
A6: 7-1 | B6: The company has a documented food defense | K6: 5 | O6: D
B7: plan and a person has been designated to
B8: oversee it.
B9: Name:
A11: 7-2 | B11: Food defense training has been provided to all | K11: 5 | O11: D
B12: employees.
A13: 7-3 | B13: Employees are aware of whom in management | K13: 5
B14: they should contact about potential security
B15: problems/issues.
B16: Name of management representative:
A19: 7-4 | B19: Visitors are required to check in (showing | K19: 5 | O19: D
B20: proof of identity) and out, when
B21: entering/leaving the facility.
A22: 7-5 | B22: The purpose of visitation to site is verified | K22: 5 | O22: D
B23: before admittance to the facility.
A24: 7-6 | B24: Visitors are prohibited from the | K24: 5 | O24: D
B25: packing/storage areas unless accompanied by
B26: an employee.
A27: 7-7 | B27: Incoming and outgoing employee and visitor | K27: 5 | O27: D
B28: vehicles to and from the site are subject to
B29: inspection.
A30: 7-8 | B30: Parked vehicles belonging to employees and | K30: 5
B31: visitors display a decal or placard issued by
B32: the facility.
A33: 7-9 | B33: Staff is prohibited from bringing personal | K33: 5 | O33: D
B34: items into the handling or storage areas.
A35: 7-10 | B35: Staff access in the facility is limited to the area | K35: 5 | O35: D
B36: of their job function and unrestricted areas.
A37: 7-11 | B37: Management is aware of which employee | K37: 5 | O37: D
B38: should be on the premises, and the area
B39: they are assigned to.
A40: 7-12 | B40: A system of positive identification of | K40: 5
B41: employees has been established and is
B42: enforced.
A43: Secure Facility Procedures
A44: Questions | K44: Points | L44: Yes | M44: NO | N44: N/A | O44: Doc
A45: 7-13 | B45: Uniforms, name tags, or identification badges | K45: 5 | O45: D
B46: are collected from employees prior to the
B47: termination of employment.
A48: 7-14 | B48: The mailroom is located away from the | K48: 5
B49: packing/storage facilities.
A50: 7-15 | B50: Computer access is restricted to specific | K50: 5 | O50: D
B51: personnel.
A52: 7-16 | B52: A system of traceability of computer | K52: 5
B53: transactions has been established.
A54: 7-17 | B54: A minimum level of background checks has | K54: 5 | O54: D
B55: been established for all employees.
A56: 7-18 | B56: Routine security checks of the premises are | K56: 5 | O56: D
B57: performed for signs of tampering, criminal or
B58: terrorist activity.
A59: 7-19 | B59: Perimeter of facility is secured by fencing or | K59: 5
B60: other deterrent.
A61: 7-20 | B61: Checklists are used to verify the security of | K61: 5 | O61: D
B62: doors, windows, and other points of entry.
A63: 7-21 | B63: All keys to the establishment are accounted | K63: 5 | O63: D
B64: for.
A65: 7-22 | B65: The facility has an emergency lighting system. | K65: 5
A66: 7-23 | B66: The facility is enclosed. | K66: 5
A67: 7-24 | B67: Storage or vehicles/containers/trailers/railcars | K67: 5
B68: that are not being used are kept locked.
A69: 7-25 | B69: Delivery schedules have been established. | K69: 5
A70: 7-26 | B70: The off-loading of incoming materials is | K70: 5
B71: supervised.
A72: 7-27 | B72: The organization has an established policy for | K72: 5 | O72: D
B73: rejecting deliveries.
A74: 7-28 | B74: Unauthorized deliveries are not accepted. | K74: 5 | O74: D
A75: 7-29 | B75: The company does not accept returned | K75: 5 | O75: D
B76: (empty) containers for packing of product
B77: unless they are sanitized containers intended
B78: for reuse.
A79: 7-30 | B79: The facility has a program in place to inspect | K79: 5 | O79: D
B80: product returned to the facility for tampering.
A81: 7-31 | B81: The company has identified the individual(s), | K81: 5 | O81: D
B82: with at least one backup, who are responsible
B83: for recalling the product.
A84: 7-32 | B84: The company has performed a successful mock | K84: 5 | O84: D
B85: recall of product to the facility.
A86: Questions | K86: Points | L86: Yes | M86: NO | N86: N/A | O86: Doc
A87: 7-33 | B87: Product imported from outside the United | K87: 5 | O87: D
B88: States is segregated from domestic product.
A89: 7-34 | B89: Allergens handled by the facility are | K89: 5 | O89: D
B90: segregated from products to avoid cross
B91: contamination.
A92: 7-35 | B92: Floor plans, product flow plans, and/or | K92: 5 | O92: D
B93: segregation charts are in a secure location.
A94: 7-36 | B94: The organization has registered with the FDA | K94: 5 | O94: D
B95: and has been issued a registration number (do
B96: not record the number on checklist).
A98: COMMENTS:
A123: Total Points earned for Preventative Food Defense Procedures = | J123: =L6+L11+L13+L19+L22+L24+L27+L30+L33+L35+L37+L40+L45+L48+L50+L52+L54+L56+L59+L61+L63+L65+L66+L67+L69+L70+L72+L74+L75+L79+L81+L84+L87+L89+L92+L94 -> 0
A124: Total Possible | D124: = | E124: 180 | G124: The total number of points possible for this section.
A125: Subtract "N/A" | D125: = | E125: =N13+N19+N22+N24+N27+N30+N33+N35+N37+N40+N45+N48+N50+N52+N54+N56+N59+N61+N63+N65+N66+N67+N69+N70+N72+N74+N75+N79+N81+N84+N87+N89+N92+N94 -> 0 | G125: Enter the additive number of N/A points (+points) here.
A126: Adjusted Total | D126: = | E126: =E124-E125 -> 180 | G126: Subtract the N/A points from the Total possible points
A127: X .8 (80%) | G127: Multiply the Adjusted Total by .8 and show it as the Passing Score
A128: Passing Score | D128: = | E128: =E126*0.8 -> 144
...

Sheet Audit Scoresheet
A1: United States Department of Agriculture | F1: Good Agricultural Practices & Good Handling Practices
A2: Agricultural Marketing Services | F2: Audit Verification Program Scoresheet www.ams.usda.gov/gapghp
A3: Fresh Products Branch
A4: Facility Name (Print) as it should appear on Certificate:
C5: ='Page 1-3'!D17 -> 0
A6: Street Address (Print): | H6: City (Print): | Q6: State (Print): | T6: Zip (Print):
A7: ='Page 1-3'!D20 -> 0 | H7: ='Page 1-3'!B21 -> 0 | Q7: ='Page 1-3'!H21 -> 0 | T7: ='Page 1-3'!M21 -> 0
A8: e-mail Address (Print): | H8: fax number: | Q8: Date Audit Requested:
A9: ='Page 1-3'!C23 -> 0 | H9: ='Page 1-3'!J22 -> 0 | Q9: Date of Previous Audit :
A10: Date Audit Began: | C10: ='Page 1-3'!E27 -> 0 | I10: Date Audit Completed: | M10: ='Page 1-3'!E28 -> 0 | Q10: USDA Commodity Procurement Audit?
A11: Time Audit Began: | C11: ='Page 1-3'!J27 -> 0 | I11: Time Audit Completed: | M11: ='Page 1-3'!J28 -> 0 | Q11: Check One | S11: Yes | U11: No
A13: EVALUATION ELEMENTS
A14: Scopes | B14: Element | F14: Possible | G14: Less N/A | I14: Adjusted | K14: Passing | M14: Facility | N14: Pass | P14: Date | R14: General | T14: Reviewing | W14: Un-announced
A15: Requested | F15: Points | G15: Points | I15: Points | K15: Score* | M15: Score | N15: Fail | P15: Passed | R15: Questions | T15: Official
A16: X | B16: General Questions | F16: 180 | G16: ='Pg. 4 General Questions'!E92 -> 0 | I16: ='Pg. 4 General Questions'!E93 -> 180 | K16: ='Pg. 4 General Questions'!E95 -> 144 | M16: ='Pg. 4 General Questions'!J90 -> 0
A17: ='Page 1-3'!P58 -> 0 | B17: Part 1 – Farm Review | F17: 190 | G17: ='Part 1-Farm Review'!E131 -> 0 | I17: ='Part 1-Farm Review'!E132 -> 190 | K17: ='Part 1-Farm Review'!E134 -> 152 | M17: ='Part 1-Farm Review'!J129 -> 0
A18: ='Page 1-3'!P60 -> 0 | B18: Part 2 – Field Harvesting & Field | F18: 185 | G18: ='Part 2-Field Harvest & Packing '!E99 -> 0 | I18: ='Part 2-Field Harvest & Packing '!E100 -> 185 | K18: ='Part 2-Field Harvest & Packing '!E102 -> 148 | M18: ='Part 2-Field Harvest & Packing '!J97 -> 0
B19: Packing Activities
A20: ='Page 1-3'!P62 -> 0 | B20: Part 3 – House Packing Facility | F20: 290 | G20: ='Part 3-House Packing Facilty'!E129 -> 0 | I20: ='Part 3-House Packing Facilty'!E130 -> 290 | K20: ='Part 3-House Packing Facilty'!E132 -> 232 | M20: ='Part 3-House Packing Facilty'!J127 -> 0
A21: ='Page 1-3'!P64 -> 0 | B21: Part 4 – Storage and | F21: 255 | G21: ='Part 4-Storage & Transportation'!E128 -> 0 | I21: ='Part 4-Storage & Transportation'!E129 -> 255 | K21: ='Part 4-Storage & Transportation'!E131 -> 204 | M21: ='Part 4-Storage & Transportation'!J126 -> 0
B22: Transportation
A23: ='Page 1-3'!P68 -> 0 | B23: Part 6 – Wholesale Distribution | F23: 410 | G23: ='Part 6-Wholesale Distribution'!E176 -> 0 | I23: ='Part 6-Wholesale Distribution'!E177 -> 410 | K23: ='Part 6-Wholesale Distribution'!E179 -> 328 | M23: ='Part 6-Wholesale Distribution'!J174 -> 0
B24: Center/ Warehouses
A25: ='Page 1-3'!P70 -> 0 | B25: Part 7 – Preventative Food | F25: 180 | G25: ='Part 7-Preventive Food Defense'!E125 -> 0 | I25: ='Part 7-Preventive Food Defense'!E126 -> 180 | K25: ='Part 7-Preventive Food Defense'!E128 -> 144 | M25: ='Part 7-Preventive Food Defense'!J123 -> 0
B26: Defense Procedures
A27: **A Passing Score is 80% of the Possible Points or the Adjusted Points, if adjustment are necessary, with no "automatic unsatisfactory" conditions is required for certification.
A28: Commodities | C28: Commodity:
A30: Reviewed (Print): | C30: Acres:
A32: Send completed GAP&GHP Certificate to: (choose one) | G32: Inspection office: (list office) | Q32: Directly to auditee above:
A33: Lead Auditor Name (Print): | I33: Duty Station: | P33: Signature & Date:
A34: Facility Representative signature: | M34: Date: | R34: All Scopes Completed:
A36: By signing this form, the facility representative agrees to have company information posted to the USDA website. A company will only be listed on the USDA website if all scopes audited receive a passing score.
A37: For USDA HQ use:
A38: Reviewing Official Name (Print) | K38: Signature:
A39: Date Received: | D39: Date Certificate Mailed: | J39: Date Posted to USDA Website: | S39: Revised January 26, 2012
S40: USDA, AMS, FVP, FPB
A41: To verify a company's continued good standing in the USDA GAP&GHP Program please visit http://www.ams.usda.gov/gapghp | S41: For Official Government Use Only

Sheet CAR Duplication Instructions
A1: DUPLICATION OF CORRECTIVE ACTION TAB INSTRUCTIONS
A3: Any item on any checklist with a checkmark beside the Corrective Action Needed (CAN) box or the Immediate Action Required (IAR) box must be documented using a Corrective Action Report. A separate form is required for each item with either of these entities. If there is more than one form needed, follow the instructions below to duplicate the Corrective Action Report Tab:
B4: 1. Right-click the "Corrective Action Report" Tab at the bottom of Excel.
B6: 2. Click "Move or Copy.
B8: 3. Under the box titled "Before Sheet," select "(move to end)"
B10: 4. Place a check in the box beside "Create a Copy"
B12: 5. Click "Ok"

Sheet Corrective Action Report
A1: USDA Good Agricultural Practices and Good Handling Practices
A2: Corrective Action Report
A4: USDA Fruit and Vegetable Programs | F4: Report #:
A5: Good Agricultural Practice & Good Handling Practices | H5: of
A6: CORRECTIVE ACTION REPORT
A7: Company Name/Farm: | C7: ='Page 1-3'!D17 -> 0 | F7: Date:
A9: Lead Auditor:
A11: Crop(s):
A13: Description of Non-Conformity:
A21: Notified company staff at time of finding non-conformity:
A23: Checklist question number and/or section of auditee food safety plan non-conformity is associated with:
A25: Company Representative Signature:
C27: SIGNATURE AFFIRMS FACTS CONCERNING NON-CONFORMITY ARE CORRECT
A28: Corrective Action Proposed and Time Frame for Implementation:
A38: Auditor Signature for Acceptance of Proposed Corrective Action and Timetable for Implementation:
