Workbook

Sheet quick cross ref
A2: MEM® series - Wiring Accessories Product Changes
A3: Quick Cross Reference Lookup
A4: 1. Just punch in any part number to see if it has changed
A7: Punch in the old or new reference no. below | B7: Description | C7: Status | D7: The alternative or correct reference no. is: | E7: New (or replacement) Description | F7: Product Sector
B8: =VLOOKUP(A8,data!A:E,4,0) -> #N/A | C8: =VLOOKUP(A8,data!A:C,2,0) -> #N/A | D8: =VLOOKUP(A8,data!A:C,3,0) -> #N/A | E8: =VLOOKUP(A8,data!A:H,5,0) -> #N/A | F8: =VLOOKUP(A8,data!A:F,6,0) -> #N/A
B9: =VLOOKUP(A9,data!A:E,4,0) -> #N/A | C9: =VLOOKUP(A9,data!A:C,2,0) -> #N/A | D9: =VLOOKUP(A9,data!A:C,3,0) -> #N/A | E9: =VLOOKUP(A9,data!A:H,5,0) -> #N/A | F9: =VLOOKUP(A9,data!A:F,6,0) -> #N/A
B10: =VLOOKUP(A10,data!A:E,4,0) -> #N/A | C10: =VLOOKUP(A10,data!A:C,2,0) -> #N/A | D10: =VLOOKUP(A10,data!A:C,3,0) -> #N/A | E10: =VLOOKUP(A10,data!A:H,5,0) -> #N/A | F10: =VLOOKUP(A10,data!A:F,6,0) -> #N/A
B11: =VLOOKUP(A11,data!A:E,4,0) -> #N/A | C11: =VLOOKUP(A11,data!A:C,2,0) -> #N/A | D11: =VLOOKUP(A11,data!A:C,3,0) -> #N/A | E11: =VLOOKUP(A11,data!A:H,5,0) -> #N/A | F11: =VLOOKUP(A11,data!A:F,6,0) -> #N/A
B12: =VLOOKUP(A12,data!A:E,4,0) -> #N/A | C12: =VLOOKUP(A12,data!A:C,2,0) -> #N/A | D12: =VLOOKUP(A12,data!A:C,3,0) -> #N/A | E12: =VLOOKUP(A12,data!A:H,5,0) -> #N/A | F12: =VLOOKUP(A12,data!A:F,6,0) -> #N/A
B13: =VLOOKUP(A13,data!A:E,4,0) -> #N/A | C13: =VLOOKUP(A13,data!A:C,2,0) -> #N/A | D13: =VLOOKUP(A13,data!A:C,3,0) -> #N/A | E13: =VLOOKUP(A13,data!A:H,5,0) -> #N/A | F13: =VLOOKUP(A13,data!A:F,6,0) -> #N/A
B14: =VLOOKUP(A14,data!A:E,4,0) -> #N/A | C14: =VLOOKUP(A14,data!A:C,2,0) -> #N/A | D14: =VLOOKUP(A14,data!A:C,3,0) -> #N/A | E14: =VLOOKUP(A14,data!A:H,5,0) -> #N/A | F14: =VLOOKUP(A14,data!A:F,6,0) -> #N/A
B15: =VLOOKUP(A15,data!A:E,4,0) -> #N/A | C15: =VLOOKUP(A15,data!A:C,2,0) -> #N/A | D15: =VLOOKUP(A15,data!A:C,3,0) -> #N/A | E15: =VLOOKUP(A15,data!A:H,5,0) -> #N/A | F15: =VLOOKUP(A15,data!A:F,6,0) -> #N/A
B16: =VLOOKUP(A16,data!A:E,4,0) -> #N/A | C16: =VLOOKUP(A16,data!A:C,2,0) -> #N/A | D16: =VLOOKUP(A16,data!A:C,3,0) -> #N/A | E16: =VLOOKUP(A16,data!A:H,5,0) -> #N/A | F16: =VLOOKUP(A16,data!A:F,6,0) -> #N/A
B17: =VLOOKUP(A17,data!A:E,4,0) -> #N/A | C17: =VLOOKUP(A17,data!A:C,2,0) -> #N/A | D17: =VLOOKUP(A17,data!A:C,3,0) -> #N/A | E17: =VLOOKUP(A17,data!A:H,5,0) -> #N/A | F17: =VLOOKUP(A17,data!A:F,6,0) -> #N/A
B18: =VLOOKUP(A18,data!A:E,4,0) -> #N/A | C18: =VLOOKUP(A18,data!A:C,2,0) -> #N/A | D18: =VLOOKUP(A18,data!A:C,3,0) -> #N/A | E18: =VLOOKUP(A18,data!A:H,5,0) -> #N/A | F18: =VLOOKUP(A18,data!A:F,6,0) -> #N/A
B19: =VLOOKUP(A19,data!A:E,4,0) -> #N/A | C19: =VLOOKUP(A19,data!A:C,2,0) -> #N/A | D19: =VLOOKUP(A19,data!A:C,3,0) -> #N/A | E19: =VLOOKUP(A19,data!A:H,5,0) -> #N/A | F19: =VLOOKUP(A19,data!A:F,6,0) -> #N/A
... B31: =VLOOKUP(A31,data!A:E,4,0) -> #N/A | C31: =VLOOKUP(A31,data!A:C,2,0) -> #N/A | D31: =VLOOKUP(A31,data!A:C,3,0) -> #N/A | E31: =VLOOKUP(A31,data!A:H,5,0) -> #N/A | F31: =VLOOKUP(A31,data!A:F,6,0) -> #N/A

Sheet data
A1: Item No | B1: Status | C1: Replacement alternative Product | D1: Existing Item Description | E1: New Description | F1: Product sector | G1: pack qty | H1: T Price oct 04
A2: A015HP | B2: Being replaced by | C2: B015HP | D2: (F2465) 10A 1G SW PUSH HP | E2: 10A 1G SW PUSH HP | F2: COPA Wiring Accessories
A3: A015SB | B3: Being phased out - No direct replacement | C3: Use COPA SB | D3: (F2435) 10A 1G SW PUSH SB | F3: COPA Wiring Accessories
A4: A015SS | B4: Being replaced by | C4: B015SS | D4: (F2425) 10A 1G SW PUSH SS | E4: 10A 1G SW PUSH SS | F4: COPA Wiring Accessories
A5: A017HP | B5: Being replaced by | C5: B017HP | D5: (F2464) 10A INT SW HP | E5: 10A INT SW HP | F5: COPA Wiring Accessories
A6: A017SB | B6: Being phased out - No direct replacement | C6: Use COPA SB | D6: (F2434) 10A INT SW SB | F6: COPA Wiring Accessories
A7: A017SS | B7: Being replaced by | C7: B017SS | D7: (F2424) 10A INT SW SS | E7: 10A INT SW SS | F7: COPA Wiring Accessories
A8: A021HP | B8: Being replaced by | C8: B021HP | D8: (F2461) 10A 1G 2W SW HP | E8: 10A 1G 2W SW HP | F8: COPA Wiring Accessories
A9: A021SB | B9: Being phased out - No direct replacement | C9: Use COPA SB | D9: 10A 1G 2W SW SB | F9: COPA Wiring Accessories
A10: A021SS | B10: Being replaced by | C10: B021SS | D10: 10A 1G 2W SW SS | E10: 10A 1G 2W SW SS | F10: COPA Wiring Accessories
A11: A022HP | B11: Being replaced by | C11: B022HP | D11: (F2462) 10A 2G 2W SW HP | E11: 10A 2G 2W SW HP | F11: COPA Wiring Accessories
A12: A022SB | B12: Being phased out - No direct replacement | C12: Use COPA SB | D12: 10A 2G 2W SW SB | F12: COPA Wiring Accessories
A13: A022SS | B13: Being replaced by | C13: B022SS | D13: 10A 2G 2W SW SS | E13: 10A 2G 2W SW SS | F13: COPA Wiring Accessories
A14: A023HP | B14: Being replaced by | C14: B023HP | D14: (F2463) 10A 3G 2W SW HP | E14: 10A 3G 2W SW HP | F14: COPA Wiring Accessories
A15: A023SB | B15: Being phased out - No direct replacement | C15: Use COPA SB | D15: 10A 3G 2W SW SB | F15: COPA Wiring Accessories
A16: A023SS | B16: Being replaced by | C16: B023SS | D16: (F2423) 10A 3G 2W SW SS | E16: 10A 3G 2W SW SS | F16: COPA Wiring Accessories
A17: A041HP | B17: Being phased out - No direct replacement | C17: Use COPA HP | D17: (F2870) 10A 1G 2W BRDSW HP | F17: COPA Wiring Accessories
A18: A041SS | B18: Being phased out - No direct replacement | C18: Use COPA SS | D18: (F2850) 10A 1G 2W BRDSW SS | F18: COPA Wiring Accessories
A19: A048HP | B19: Being replaced by | C19: B048HP | D19: (F2876) 10A 3POLE FAN ISO HP | E19: 10A 3POLE FAN ISO HP | F19: COPA Wiring Accessories
A20: A048SB | B20: Being phased out - No direct replacement | C20: Use COPA SB | D20: (F2866) 10A 3POLE FAN ISO SB | F20: COPA Wiring Accessories
A21: A048SS | B21: Being replaced by | C21: B048SS | D21: (F2856) 10A 3POLE FAN ISO SS | E21: 10A 3POLE FAN ISO SS | F21: COPA Wiring Accessories
A22: A111HP | B22: Being phased out - No direct replacement | C22: Use COPA HP | D22: (F3051) 13A 1G SKT HP | F22: COPA Wiring Accessories
A23: A111SS | B23: Being replaced by | C23: B111SS | D23: (F3021) 13A 1G SKT SS | E23: 13A 1G SKT SS | F23: COPA Wiring Accessories
A24: A112HP | B24: Being phased out - No direct replacement | C24: Use COPA HP | D24: (F3052) 13A 2G SKT HP | F24: COPA Wiring Accessories
A25: A112SS | B25: Being replaced by | C25: B112SS | D25: (F3022) 13A 2G SKT SS | E25: 13A 2G SKT SS | F25: COPA Wiring Accessories
A26: A200HP | B26: Being phased out - No direct replacement | C26: Use COPA HP | D26: (FM3273) 13A CON UNIT HP | F26: COPA Wiring Accessories
A27: A200NHP | B27: Being phased out - No direct replacement | C27: Use COPA HP | D27: (FM3277) 13A CON UNIT NEON HP | F27: COPA Wiring Accessories
A28: A200NRRSS | B28: Being phased out - No direct replacement | C28: No equivalent | D28: 13A FUSED CONN UNIT CW NEON OP | F28: Aura Flush metal
A29: A200NSB | B29: Being phased out - No direct replacement | C29: Use COPA SB | D29: (FM3236) 13A CON UNIT NEON SB | F29: COPA Wiring Accessories
A30: A200NSS | B30: Being replaced by | C30: B220NSS | D30: (FM3227) 13A CON UNIT NEON SS | E30: 13A CON UNIT NEON SS | F30: COPA Wiring Accessories
A31: A200RRSS | B31: Being phased out - No direct replacement | C31: Use COPA SS | D31: 13A CON UNIT RED FUSE DRAW SS | F31: COPA Wiring Accessories
A32: A200SB | B32: Being phased out - No direct replacement | C32: Use COPA SB | D32: (FM3263) 13A CON UNIT NEON SB | F32: COPA Wiring Accessories
A33: A200SS | B33: Being replaced by | C33: B220SS | D33: (FM3222) 13A CON UNIT SS | E33: 13A CON UNIT SS | F33: COPA Wiring Accessories
A34: A201HP | B34: Being replaced by | C34: B221HP | D34: (FM3271) 13A SW CON UNIT HP | E34: 13A SW CON UNIT HP | F34: COPA Wiring Accessories
A35: A201NHP | B35: Being replaced by | C35: B221NHP | D35: (FM3274) 13A SW FCU NEON HP | E35: 13A SW FCU NEON HP | F35: COPA Wiring Accessories
A36: A201NRRSS | B36: Being phased out - No direct replacement | C36: Use COPA SS | D36: 13A SW CONN UNIT NEON RR SS | F36: COPA Wiring Accessories
A37: A201NSB | B37: Being phased out - No direct replacement | C37: Use COPA SB | D37: (FM3234) 13A SW FCU NEON SB | F37: COPA Wiring Accessories
A38: A201NSS | B38: Being replaced by | C38: B221NSS | D38: 13A SW FCU NEON SS | E38: 13A SW FCU NEON SS | F38: COPA Wiring Accessories
A39: A201RRSS | B39: Being phased out - No direct replacement | C39: Use COPA SS | D39: 13A SW CONN UNIT RR SS | F39: COPA Wiring Accessories
A40: A201SB | B40: Being phased out - No direct replacement | C40: Use COPA SB | D40: 13A SW CON UNIT SB | F40: COPA Wiring Accessories
A41: A201SS | B41: Being replaced by | C41: B221SS | D41: 13A SW CON UNIT SS | E41: 13A SW CON UNIT SS | F41: COPA Wiring Accessories
A42: A301HP | B42: Being phased out - No direct replacement | C42: Use COPA HP | D42: (FM2243) 20A DP SW HP | F42: COPA Wiring Accessories
A43: A301NHP | B43: Being phased out - No direct replacement | C43: Use COPA HP | D43: (FM2244) 20A DP SW NEON HP | F43: COPA Wiring Accessories
A44: A301NRRSS | B44: Being phased out - No direct replacement | C44: Use COPA SB | D44: 20A DP SW NEON RR SS | F44: COPA Wiring Accessories
A45: A301NSB | B45: Being phased out - No direct replacement | C45: Use COPA SB | D45: (FM2232) 20A DP SW NEON SB | F45: COPA Wiring Accessories
A46: A301NSS | B46: Being replaced by | C46: B401NSS | D46: (FM2222) 20A DP SW NEON SS | E46: 20A DP SW NEON SS | F46: COPA Wiring Accessories
A47: A301SS | B47: Being replaced by | C47: B401SS | D47: (FM2221) 20A DP SW SS | E47: 20A DP SW SS | F47: COPA Wiring Accessories
A48: A303NHP | B48: Being phased out - No direct replacement | C48: Use COPA HP | D48: 20A DP SW N WATER HEATER | F48: COPA Wiring Accessories
A49: A303NSB | B49: Being phased out - No direct replacement | C49: Use COPA SB | D49: 20A DP SW N WATER HEATER | F49: COPA Wiring Accessories
A50: A303NSS | B50: Being replaced by | C50: B403NSS | D50: 20A DP SW N WATER HEATER | E50: 20A DP SW N WATER HEATER | F50: COPA Wiring Accessories
A51: A304NSS | B51: Being replaced by | C51: B404NSS | D51: 20A DP SW NEON AIR CONDITIONER | E51: 20A DP SW NEON AIR CONDITIONER | F51: COPA Wiring Accessories
A52: A305HP | B52: Being phased out - No direct replacement | C52: Use COPA HP | D52: (F3082) 5A 1G SKT HP | F52: COPA Wiring Accessories
A53: A305SB | B53: Being phased out - No direct replacement | C53: Use COPA SB | D53: (F3081) 5A 1G SKT SB | F53: COPA Wiring Accessories
A54: A305SS | B54: Being replaced by | C54: B305SS | D54: (F3080) 5A 1G SKT SS | E54: 5A 1G SKT SS | F54: COPA Wiring Accessories
A55: A306HP | B55: Being phased out - No direct replacement | C55: No equivalent | D55: 5A 1G SP SW SKT HP | F55: Aura Flush metal
A56: A306SB | B56: Being phased out - No direct replacement | C56: Use COPA SB | D56: 5A 1G SP SW SKT SB | F56: COPA Wiring Accessories
A57: A306SS | B57: Being phased out - No direct replacement | C57: No equivalent | D57: 5A 1G SP SW SKT SS | F57: Aura Flush metal
A58: A315HP | B58: Being phased out - No direct replacement | C58: Use COPA HP | D58: 15A 1G SP SW SKT HP | F58: COPA Wiring Accessories
A59: A315SB | B59: Being phased out - No direct replacement | C59: Use COPA SB | D59: 15A 1G SP SW SKT SB | F59: COPA Wiring Accessories
A60: A315SS | B60: Being replaced by | C60: B415SS | D60: 15A 1G SP SW SKT SS | E60: 15A 1G SP SW SKT SS | F60: COPA Wiring Accessories
A61: A321HP | B61: Being phased out - No direct replacement | C61: Use COPA HP | D61: (F2140) 50A DP SWITCH HP | F61: COPA Wiring Accessories
A62: A321NHP | B62: Being phased out - No direct replacement | C62: Use COPA HP | D62: (F2141) 50A DP SWITCH NEON HP | F62: COPA Wiring Accessories
A63: A321NSB | B63: Being phased out - No direct replacement | C63: Use COPA SB | D63: (F2131) 50A DP SWITCH NEON SB | F63: COPA Wiring Accessories
A64: A321NSS | B64: Being replaced by | C64: B421NSS | D64: (F2121) 50A DP SWITCH NEON SS | E64: 50A DP SWITCH NEON SS | F64: COPA Wiring Accessories
A65: A321SS | B65: Being phased out - No direct replacement | C65: Use COPA SS | D65: (F2120) 50A DP SWITCH SS | F65: COPA Wiring Accessories
A66: A322NHP | B66: Being phased out - No direct replacement | C66: Use COPA HP | D66: (F2170) 50A DP SWITCH NEON HP | F66: COPA Wiring Accessories
A67: A322NSB | B67: Being phased out - No direct replacement | C67: Use COPA SB | D67: (F2160) 50A DP SWITCH NEON SB | F67: COPA Wiring Accessories
A68: A322NSS | B68: Being replaced by | C68: B422NSS | D68: (F2150) 50A DP SWITCH NEON SS | E68: 50A DP SWITCH NEON SS | F68: COPA Wiring Accessories
A69: A324NSS | B69: Being phased out - No direct replacement | C69: Use COPA SS | D69: (F2125)50A DP SW NEON AIR C SS | F69: COPA Wiring Accessories
A70: A325NHP | B70: Being phased out - No direct replacement | C70: Use COPA HP | D70: (F2060) 45A DP CCU NEON HP | F70: COPA Wiring Accessories
A71: A325NSB | B71: Being phased out - No direct replacement | C71: Use COPA SB | D71: (F2065) 45A DP CCU NEON SB | F71: COPA Wiring Accessories
A72: A325NSS | B72: Being replaced by | C72: B425NSS | D72: (F2050) 45A DP CCU NEON SS | E72: 45A DP CCU NEON SS | F72: COPA Wiring Accessories
A73: A326NHP | B73: Being phased out - No direct replacement | C73: Use COPA HP | D73: (F2171) 50A DP SW NEON CKR HP | F73: COPA Wiring Accessories
A74: A326NSS | B74: Being replaced by | C74: B426NSS | D74: (F2151) 50A DP SW NEON CKR SS | E74: 50A DP SW NEON CKR SS | F74: COPA Wiring Accessories
A75: A327NSB | B75: Being phased out - No direct replacement | C75: Use COPA SB | D75: (F2162) 50A DP SW NEON A-C SB | F75: COPA Wiring Accessories
A76: A327NSS | B76: Being phased out - No direct replacement | C76: Use COPA SS | D76: (F2152) 50A DP SW NEON A-C SS | F76: COPA Wiring Accessories
A77: A351HP | B77: Being phased out - No direct replacement | C77: Use COPA HP | D77: (F3545) 1G TV CO-AX OUTLET HP | F77: COPA Wiring Accessories
A78: A351SB | B78: Being phased out - No direct replacement | C78: Use COPA SB | D78: (F3544) 1G TV CO-AX OUTLET SB | F78: COPA Wiring Accessories
A79: A351SS | B79: Being replaced by | C79: B351SS | D79: (F3543) 1G TV CO-AX OUTLET SS | E79: 1G TV CO-AX OUTLET SS | F79: COPA Wiring Accessories
A80: A353HP | B80: Being phased out - No direct replacement | C80: Use COPA HP | D80: (F3530) 1G TV-FM ISO CO-AX HP | F80: COPA Wiring Accessories
A81: A353SS | B81: Being phased out - No direct replacement | C81: Use COPA SS | D81: (F3529) 1G TV-FM ISO CO-AX SS | F81: COPA Wiring Accessories
A82: A354SB | B82: Being phased out - No direct replacement | C82: Use COPA SB | D82: (F3536)2G TV FM DIPLX CO-AX SB | F82: COPA Wiring Accessories
A83: A354SS | B83: Being replaced by | C83: B354SS | D83: (F3534)2G TV FM DIPLX CO-AX SS | E83: 2G TV FM DIPLX CO-AX SS | F83: COPA Wiring Accessories
A84: A355SB | B84: Being phased out - No direct replacement | C84: Use COPA SB | D84: (F3730) 1G SAT OUTLET SB | F84: COPA Wiring Accessories
A85: A355SS | B85: Being replaced by | C85: B355SS | D85: (F3720) 1G SAT OUTLET SS | E85: 1G SAT OUTLET SS | F85: COPA Wiring Accessories
A86: A356HP | B86: Being phased out - No direct replacement | C86: Use COPA HP | D86: (F3761) 2G TV-SAT CO-AX HP | F86: COPA Wiring Accessories
A87: A356SB | B87: Being phased out - No direct replacement | C87: Use COPA SB | D87: (F3731) 2G TV-SAT CO-AX SB | F87: COPA Wiring Accessories
A88: A356SS | B88: Being replaced by | C88: B356SS | D88: (F3721) 2G TV-SAT CO-AX SS | E88: 2G TV-SAT CO-AX SS | F88: COPA Wiring Accessories
A89: A360HP | B89: Being phased out - No direct replacement | C89: Use COPA HP | D89: (F3584) 1G TEL OUT MASTER HP | F89: COPA Wiring Accessories
A90: A360SB | B90: Being phased out - No direct replacement | C90: Use COPA SB | D90: (F3582) 1G TEL OUT MASTER SB | F90: COPA Wiring Accessories
A91: A360SS | B91: Being replaced by | C91: B360SS | D91: (F3580) 1G TEL OUT MASTER SS | E91: 1G TEL OUT MASTER SS | F91: COPA Wiring Accessories
A92: A361HP | B92: Being phased out - No direct replacement | C92: Use COPA HP | D92: (F3585) 1G TEL SECONDARY HP | F92: COPA Wiring Accessories
A93: A361SB | B93: Being phased out - No direct replacement | C93: Use COPA SB | D93: (F3583) 1G TEL SECONDARY SB | F93: COPA Wiring Accessories
A94: A361SS | B94: Being replaced by | C94: B361SS | D94: (F3581) 1G TEL SECONDARY SS | E94: 1G TEL SECONDARY SS | F94: COPA Wiring Accessories
A95: A370HP | B95: Being phased out - No direct replacement | C95: Use COPA HP | D95: SHAVER DUAL V 230 110AC | F95: COPA Wiring Accessories
A96: A370SB | B96: Being phased out - No direct replacement | C96: Use COPA SB | D96: SHAVER DUAL V 230 110AC | F96: COPA Wiring Accessories
A97: A370SS | B97: Being replaced by | C97: B370SS | D97: SHAVER DUAL V 230 110AC | E97: SHAVER DUAL V 230 110AC | F97: COPA Wiring Accessories
A98: A391HP | B98: Being phased out - No direct replacement | C98: Use COPA HP | D98: (F5071) 1G BLANK PLATE HP | F98: COPA Wiring Accessories
A99: A391SB | B99: Being phased out - No direct replacement | C99: Use COPA SB | D99: (F5031) 1G BLANK PLATE SB | F99: COPA Wiring Accessories
A100: A391SS | B100: Being replaced by | C100: B391SS | D100: (F5021) 1G BLANK PLATE SS | E100: 1G BLANK PLATE SS | F100: COPA Wiring Accessories
...
