Workbook

Sheet Instructions
B1: Academic Planner and GPA Calculator
B2: The Academic Planner and GPA Calculator is designed to aid in plotting your course for your academic career and tracking your progress toward your goal of graduation. You can use this tool to plan courses for your degree and major. You can add courses for a minor if you decide you want to pursue one.
B4: Please note that this calculator reflects the latest grading policy which includes pluses and minuses for each letter grade. For calulating GPA prior to the 2014 grading policy, please contact your academic advisor.
B6: DIRECTIONS:
B7: To ensure you have a copy, be sure to save the file to your computer.
B8: - Select a term (Fall, Spring, or Summer) from the drop-down menu
B9: - Enter the year for that term
B10: - Fill in the Course prefix (PHY, CHE, etc.) and number (1305, 3304, etc.)
B11: - Fill in the number of credit hours for that course (This is the second digit of the course number).
B12: - Enter the grade you received or plan on receiving for the course.
B13: - Enter an "X” under Transfer if credit was received from an exam (AP, SAT II, CLEP, etc.) or was taken from another college.
B14: - If the course is a required course for your major, place an “X” under the Major column
... B32: If you have any questions or concerns with the GPA, academic planning, or filling out the GPA calculator, contact your academic advisor.

Sheet GPA Calculator
A1: Academic Planner and GPA Calculator | AA1: Semesters
A3: Term: | D3: Year: | K3: Term: | N3: Year: | AA3: Fall
A4: Prefix | B4: No. | C4: Course Title | D4: Hours | E4: Grade | F4: Points | G4: Transfer | H4: Major | I4: Replaced | K4: Prefix | L4: No. | M4: Course Title | N4: Hours | O4: Grade | P4: Points | Q4: Transfer | R4: Major | S4: Replaced | AA4: Spring
F5: ='GPA Formulas'!E5 | P5: ='GPA Formulas'!W5 | AA5: Summer
F6: ='GPA Formulas'!E6 | P6: ='GPA Formulas'!W6
F7: ='GPA Formulas'!E7 | P7: ='GPA Formulas'!W7
F8: ='GPA Formulas'!E8 | P8: ='GPA Formulas'!W8
F9: ='GPA Formulas'!E9 | P9: ='GPA Formulas'!W9
F10: ='GPA Formulas'!E10 | P10: ='GPA Formulas'!W10
F11: ='GPA Formulas'!E11 | P11: ='GPA Formulas'!W11
F12: ='GPA Formulas'!E12 | P12: ='GPA Formulas'!W12
F13: ='GPA Formulas'!E13 | P13: ='GPA Formulas'!W13
C14: Term Totals | D14: =SUM(D5:D13) -> 0 | F14: =SUM(F5:F13) -> 0 | M14: Term Totals | N14: =SUM(N5:N13) -> 0 | P14: =SUM(P5:P13) -> 0
C15: Term GPA | D15: =IF('GPA Formulas'!L14=0,"",'GPA Formulas'!M15) | M15: Term GPA | N15: =IF('GPA Formulas'!AD14=0,"",'GPA Formulas'!AE15)
C16: Baylor GPA | D16: =IF('GPA Formulas'!N14=0,"",'GPA Formulas'!O15) | M16: Baylor GPA | N16: =IF('GPA Formulas'!AF14=0,"",'GPA Formulas'!AG15)
C17: BCMP GPA | D17: =IF('BCMP GPA Calc'!E11=0,"",'BCMP GPA Calc'!E11) | M17: BCMP GPA | N17: =IF('BCMP GPA Calc'!L11=0,"",'BCMP GPA Calc'!L11)
C18: Major GPA | D18: =IF('GPA Formulas'!P14=0,"",'GPA Formulas'!Q15) | M18: Major GPA | N18: =IF('GPA Formulas'!AH14=0,"",'GPA Formulas'!AI15)
A20: Term: | D20: Year: | K20: Term: | N20: Year:
A21: Prefix | B21: No. | C21: Course Title | D21: Hours | E21: Grade | F21: Points | G21: Transfer | H21: Major | I21: Replaced | K21: Prefix | L21: No. | M21: Course Title | N21: Hours | O21: Grade | P21: Points | Q21: Transfer | R21: Major | S21: Replaced | AA21: Spring
F22: ='GPA Formulas'!E21 | P22: ='GPA Formulas'!W21
F23: ='GPA Formulas'!E22 | P23: ='GPA Formulas'!W22
F24: ='GPA Formulas'!E23 | P24: ='GPA Formulas'!W23
F25: ='GPA Formulas'!E24 | P25: ='GPA Formulas'!W24
F26: ='GPA Formulas'!E25 | P26: ='GPA Formulas'!W25
F27: ='GPA Formulas'!E26 | P27: ='GPA Formulas'!W26
F28: ='GPA Formulas'!E27 | P28: ='GPA Formulas'!W27
F29: ='GPA Formulas'!E28 | P29: ='GPA Formulas'!W28
F30: ='GPA Formulas'!E29 | P30: ='GPA Formulas'!W29
C31: Term Totals | D31: =SUM(D22:D30) -> 0 | F31: =SUM(F22:F30) -> 0 | M31: Term Totals | N31: =SUM(N22:N30) -> 0 | P31: =SUM(P22:P30) -> 0
C32: Term GPA | D32: =IF('GPA Formulas'!L30=0,"",'GPA Formulas'!M31) | M32: Term GPA | N32: =IF('GPA Formulas'!AD30=0,"",'GPA Formulas'!AE31)
C33: Baylor GPA | D33: =IF('GPA Formulas'!N30=0,"",'GPA Formulas'!O31) | M33: Baylor GPA | N33: =IF('GPA Formulas'!AF30=0,"",'GPA Formulas'!AG31)
C34: BCMP GPA | D34: =IF('BCMP GPA Calc'!E27=0,"",'BCMP GPA Calc'!E27) | M34: BCMP GPA | N34: =IF('BCMP GPA Calc'!L27=0,"",'BCMP GPA Calc'!L27)
C35: Major GPA | D35: =IF('GPA Formulas'!P30=0,"",'GPA Formulas'!Q31) | M35: Major GPA | N35: =IF('GPA Formulas'!AH30=0,"",'GPA Formulas'!AI31)
A37: Term: | D37: Year: | K37: Term: | N37: Year:
A38: Prefix | B38: No. | C38: Course Title | D38: Hours | E38: Grade | F38: Points | G38: Transfer | H38: Major | I38: Replaced | K38: Prefix | L38: No. | M38: Course Title | N38: Hours | O38: Grade | P38: Points | Q38: Transfer | R38: Major | S38: Replaced | AA38: Spring
F46: ='GPA Formulas'!E44 | P46: ='GPA Formulas'!W44
F47: ='GPA Formulas'!E45 | P47: ='GPA Formulas'!W45
C48: Term Totals | D48: =SUM(D39:D47) -> 0 | E48: =SUM(E39:E47) -> 0 | F48: =SUM(F39:F47) -> 0 | M48: Term Totals | N48: =SUM(N39:N47) -> 0 | O48: =SUM(O39:O47) -> 0 | P48: =SUM(P39:P47) -> 0
C49: Term GPA | D49: =IF('GPA Formulas'!L46=0,"",'GPA Formulas'!M47) | M49: Term GPA | N49: =IF('GPA Formulas'!AD46=0,"",'GPA Formulas'!AE47)
C50: Baylor GPA | D50: =IF('GPA Formulas'!N46=0,"",'GPA Formulas'!O47) | M50: Baylor GPA | N50: =IF('GPA Formulas'!AF46=0,"",'GPA Formulas'!AG47)
C51: BCMP GPA | D51: =IF('BCMP GPA Calc'!E43=0,"",'BCMP GPA Calc'!E43) | M51: BCMP GPA | N51: =IF('BCMP GPA Calc'!L43=0,"",'BCMP GPA Calc'!L43)
C52: Major GPA | D52: =IF('GPA Formulas'!P46=0,"",'GPA Formulas'!Q47) | M52: Major GPA | N52: =IF('GPA Formulas'!AH46=0,"",'GPA Formulas'!AI47)
A54: Term: | D54: Year: | K54: Term: | N54: Year:
A55: Prefix | B55: No. | C55: Course Title | D55: Hours | E55: Grade | F55: Points | G55: Transfer | H55: Major | I55: Replaced | K55: Prefix | L55: No. | M55: Course Title | N55: Hours | O55: Grade | P55: Points | Q55: Transfer | R55: Major | S55: Replaced | AA55: Spring
F62: ='GPA Formulas'!E59 | P62: ='GPA Formulas'!W59
F63: ='GPA Formulas'!E60 | P63: ='GPA Formulas'!W60
F64: ='GPA Formulas'!E61 | P64: ='GPA Formulas'!W61
C65: Term Totals | D65: =SUM(D56:D64) -> 0 | E65: =SUM(E56:E64) -> 0 | F65: =SUM(F56:F64) -> 0 | M65: Term Totals | N65: =SUM(N56:N64) -> 0 | O65: =SUM(O56:O64) -> 0 | P65: =SUM(P56:P64) -> 0
C66: Term GPA | D66: =IF('GPA Formulas'!L62=0,"",'GPA Formulas'!M63) | M66: Term GPA | N66: =IF('GPA Formulas'!AD62=0,"",'GPA Formulas'!AE63)
C67: Baylor GPA | D67: =IF('GPA Formulas'!N62=0,"",'GPA Formulas'!O63) | M67: Baylor GPA | N67: =IF('GPA Formulas'!AF62=0,"",'GPA Formulas'!AG63)
C68: BCMP GPA | D68: =IF('BCMP GPA Calc'!E58=0,"",'BCMP GPA Calc'!E58) | M68: BCMP GPA | N68: =IF('BCMP GPA Calc'!L58=0,"",'BCMP GPA Calc'!L58)
C69: Major GPA | D69: =IF('GPA Formulas'!P62=0,"",'GPA Formulas'!Q63) | M69: Major GPA | N69: =IF('GPA Formulas'!AH62=0,"",'GPA Formulas'!AI63)
A71: Term: | D71: Year: | K71: Term: | N71: Year:
A72: Prefix | B72: No. | C72: Course Title | D72: Hours | E72: Grade | F72: Points | G72: Transfer | H72: Major | I72: Replaced | K72: Prefix | L72: No. | M72: Course Title | N72: Hours | O72: Grade | P72: Points | Q72: Transfer | R72: Major | S72: Replaced | AA72: Spring
F78: ='GPA Formulas'!E74 | P78: ='GPA Formulas'!W74
F79: ='GPA Formulas'!E75 | P79: ='GPA Formulas'!W75
F80: ='GPA Formulas'!E76 | P80: ='GPA Formulas'!W76
F81: ='GPA Formulas'!E77 | P81: ='GPA Formulas'!W77
C82: Term Totals | D82: =SUM(D73:D81) -> 0 | E82: =SUM(E73:E81) -> 0 | F82: =SUM(F73:F81) -> 0 | M82: Term Totals | N82: =SUM(N73:N81) -> 0 | O82: =SUM(O73:O81) -> 0 | P82: =SUM(P73:P81) -> 0
C83: Term GPA | D83: =IF('GPA Formulas'!L78=0,"",'GPA Formulas'!M79) | M83: Term GPA | N83: =IF('GPA Formulas'!AD78=0,"",'GPA Formulas'!AE79)
C84: Baylor GPA | D84: =IF('GPA Formulas'!N78=0,"",'GPA Formulas'!O79) | M84: Baylor GPA | N84: =IF('GPA Formulas'!AF78=0,"",'GPA Formulas'!AG79)
C85: BCMP GPA | M85: BCMP GPA
C86: Major GPA | D86: =IF('GPA Formulas'!P78=0,"",'GPA Formulas'!Q79) | M86: Major GPA | N86: =IF('GPA Formulas'!AH78=0,"",'GPA Formulas'!AI79)
A88: Term: | D88: Year: | K88: Term: | N88: Year:
A89: Prefix | B89: No. | C89: Course Title | D89: Hours | E89: Grade | F89: Points | G89: Transfer | H89: Major | I89: Replaced | K89: Prefix | L89: No. | M89: Course Title | N89: Hours | O89: Grade | P89: Points | Q89: Transfer | R89: Major | S89: Replaced | AA89: Spring
F94: ='GPA Formulas'!E89 | P94: ='GPA Formulas'!W89
F95: ='GPA Formulas'!E90 | P95: ='GPA Formulas'!W90
F96: ='GPA Formulas'!E91 | P96: ='GPA Formulas'!W91
F97: ='GPA Formulas'!E92 | P97: ='GPA Formulas'!W92
F98: ='GPA Formulas'!E93 | P98: ='GPA Formulas'!W93
C99: Term Totals | D99: =SUM(D90:D98) -> 0 | E99: =SUM(E90:E98) -> 0 | F99: =SUM(F90:F98) -> 0 | M99: Term Totals | N99: =SUM(N90:N98) -> 0 | O99: =SUM(O90:O98) -> 0 | P99: =SUM(P90:P98) -> 0
C100: Term GPA | D100: =IF('GPA Formulas'!L94=0,"",'GPA Formulas'!M95) | M100: Term GPA | N100: =IF('GPA Formulas'!AD94=0,"",'GPA Formulas'!AE95)
C101: Baylor GPA | D101: =IF('GPA Formulas'!N94=0,"",'GPA Formulas'!O95) | M101: Baylor GPA | N101: =IF('GPA Formulas'!AF94=0,"",'GPA Formulas'!AG95)
C102: BCMP GPA | D102: =IF('BCMP GPA Calc'!E90=0,"",'BCMP GPA Calc'!E90) | M102: BCMP GPA | N102: =IF('BCMP GPA Calc'!L90=0,"",'BCMP GPA Calc'!L90)
C103: Major GPA | D103: =IF('GPA Formulas'!P94=0,"",'GPA Formulas'!Q95) | M103: Major GPA | N103: =IF('GPA Formulas'!AH94=0,"",'GPA Formulas'!AI95)
B106: Overall GPA | D106: ='GPA Formulas'!N97 | K106: Total number of hours planned | N106: =N99+D99+D82+N82+N65+D65+D48+N48+N31+D31+D14+N14 -> 0
A107: =D99+N99+N82+D82+D65+N65+N48+D48+D31+N31+N14+D14 -> 0 | B107: Cumulative Baylor GPA | D107: ='GPA Formulas'!N98 | K107: Upper Level Hours | N107: ='Upper-level Calcs'!X101 -> 0
B108: Cumulative Major GPA | D108: ='GPA Formulas'!N99 | K108: Hours needed for graduation | N108: 124
B109: Cumulative BCMP GPA | D109: =IF('BCMP GPA Calc'!R2=0,"",'BCMP GPA Calc'!R2) | K109: Hours remaining to plan | N109: =N108-N106 -> 124

Sheet GPA Formulas
AL1: Grades
AL2: A | AM2: 4
AL3: A- | AM3: 3.67
A4: Hours | B4: QHrs | C4: Grades | D4: Grd Pts | E4: Points | F4: TR | H4: MAJ | J4: RPL | L4: Ttl Hrs | M4: Ttl Pts | N4: BU Hrs | O4: BU Pts | P4: Major Hrs | Q4: Major Pts | S4: Hours | T4: QHrs | U4: Grades | V4: Grd Pts | W4: Points | X4: TR | Z4: MAJ | AB4: RPL | AD4: Ttl Hrs | AE4: Ttl Pts | AF4: BU Hrs | AG4: BU Pts | AH4: Major Hrs | AI4: Major Pts | AL4: B+ | AM4: 3.33
A5: ='GPA Calculator'!D5 -> 0 | B5: =IF('GPA Calculator'!E5="W",0,IF('GPA Calculator'!E5="P",0,IF('GPA Calculator'!E5="FA",0,IF('GPA Calculator'!E5="CR",0,IF('GPA Calculator'!E5="NC",0,IF('GPA Calculator'!E5="",0,A5)))))) -> 0 | C5: =IF('GPA Calculator'!E5="W",0,IF('GPA Calculator'!E5="P",0,IF('GPA Calculator'!E5="FA",0,IF('GPA Calculator'!E5="CR",0,IF('GPA Calculator'!E5="NC",0,IF('GPA Calculator'!E5="",0,'GPA Calculator'!E5)))))) -> 0 | D5: =IF(C5=0,0,VLOOKUP(C5,$AL$2:$AM$14,2,FALSE)) -> 0 | E5: =IF(D5=0,"",B5*D5) | F5: ='GPA Calculator'!G5 -> 0 | G5: =IF(F5=0,0,1) -> 0 | H5: ='GPA Calculator'!H5 -> 0 | I5: =IF(H5=0,0,1) -> 0 | J5: ='GPA Calculator'!I5 -> 0 | K5: =IF(J5=0,0,1) -> 0 | L5: =B5 -> 0 | M5: =E5 | N5: =IF(G5=1,"",IF(K5=1,"",B5)) -> 0 | O5: =IF(G5=1,"",IF(K5=1,"",E5)) | P5: =IF(G5=1,"",IF(K5=1,"",IF(I5=0,"",B5))) | Q5: =IF(G5=1,"",IF(K5=1,"",IF(I5=0,"",E5))) | S5: ='GPA Calculator'!N5 -> 0 | T5: =IF('GPA Calculator'!O5="DP",0,IF('GPA Calculator'!O5="WP",0,IF('GPA Calculator'!O5="P",0,IF('GPA Calculator'!O5="FA",0,IF('GPA Calculator'!O5="CR",0,IF('GPA Calculator'!O5="NC",0,IF('GPA Calculator'!O5="",0,S5))))))) -> 0 | U5: =IF('GPA Calculator'!O5="W",0,IF('GPA Calculator'!O5="P",0,IF('GPA Calculator'!O5="FA",0,IF('GPA Calculator'!O5="CR",0,IF('GPA Calculator'!O5="NC",0,IF('GPA Calculator'!O5="",0,'GPA Calculator'!O5)))))) -> 0 | V5: =IF(U5=0,0,VLOOKUP(U5,$AL$2:$AM$14,2,FALSE)) -> 0 | W5: =IF(V5=0,"",T5*V5) | X5: ='GPA Calculator'!Q5 -> 0 | Y5: =IF(X5=0,0,1) -> 0 | Z5: ='GPA Calculator'!R5 -> 0 | AA5: =IF(Z5=0,0,1) -> 0 | AB5: ='GPA Calculator'!S5 -> 0 | AC5: =IF(AB5=0,0,1) -> 0 | AD5: =T5 -> 0 | AE5: =W5 | AF5: =IF(Y5=1,"",IF(AC5=1,"",T5)) -> 0 | AG5: =IF(Y5=1,"",IF(AC5=1,"",W5)) | AH5: =IF(Y5=1,"",IF(AC5=1,"",IF(AA5=0,"",T5))) | AI5: =IF(Y5=1,"",IF(AC5=1,"",IF(AA5=0,"",W5))) | AL5: B | AM5: 3
A6: ='GPA Calculator'!D6 -> 0 | B6: =IF('GPA Calculator'!E6="W",0,IF('GPA Calculator'!E6="P",0,IF('GPA Calculator'!E6="FA",0,IF('GPA Calculator'!E6="CR",0,IF('GPA Calculator'!E6="NC",0,IF('GPA Calculator'!E6="",0,A6)))))) -> 0 | C6: =IF('GPA Calculator'!E6="W",0,IF('GPA Calculator'!E6="P",0,IF('GPA Calculator'!E6="FA",0,IF('GPA Calculator'!E6="CR",0,IF('GPA Calculator'!E6="NC",0,IF('GPA Calculator'!E6="",0,'GPA Calculator'!E6)))))) -> 0 | D6: =IF(C6=0,0,VLOOKUP(C6,$AL$2:$AM$14,2,FALSE)) -> 0 | E6: =IF(D6=0,"",B6*D6) | F6: ='GPA Calculator'!G6 -> 0 | G6: =IF(F6=0,0,1) -> 0 | H6: ='GPA Calculator'!H6 -> 0 | I6: =IF(H6=0,0,1) -> 0 | J6: ='GPA Calculator'!I6 -> 0 | K6: =IF(J6=0,0,1) -> 0 | L6: =B6 -> 0 | M6: =E6 | N6: =IF(G6=1,"",IF(K6=1,"",B6)) -> 0 | O6: =IF(G6=1,"",IF(K6=1,"",E6)) | P6: =IF(G6=1,"",IF(K6=1,"",IF(I6=0,"",B6))) | Q6: =IF(G6=1,"",IF(K6=1,"",IF(I6=0,"",E6))) | S6: ='GPA Calculator'!N6 -> 0 | T6: =IF('GPA Calculator'!O6="DP",0,IF('GPA Calculator'!O6="WP",0,IF('GPA Calculator'!O6="P",0,IF('GPA Calculator'!O6="FA",0,IF('GPA Calculator'!O6="CR",0,IF('GPA Calculator'!O6="NC",0,IF('GPA Calculator'!O6="",0,S6))))))) -> 0 | U6: =IF('GPA Calculator'!O6="W",0,IF('GPA Calculator'!O6="P",0,IF('GPA Calculator'!O6="FA",0,IF('GPA Calculator'!O6="CR",0,IF('GPA Calculator'!O6="NC",0,IF('GPA Calculator'!O6="",0,'GPA Calculator'!O6)))))) -> 0 | V6: =IF(U6=0,0,VLOOKUP(U6,$AL$2:$AM$14,2,FALSE)) -> 0 | W6: =IF(V6=0,"",T6*V6) | X6: ='GPA Calculator'!Q6 -> 0 | Y6: =IF(X6=0,0,1) -> 0 | Z6: ='GPA Calculator'!R6 -> 0 | AA6: =IF(Z6=0,0,1) -> 0 | AB6: ='GPA Calculator'!S6 -> 0 | AC6: =IF(AB6=0,0,1) -> 0 | AD6: =T6 -> 0 | AE6: =W6 | AF6: =IF(Y6=1,"",IF(AC6=1,"",T6)) -> 0 | AG6: =IF(Y6=1,"",IF(AC6=1,"",W6)) | AH6: =IF(Y6=1,"",IF(AC6=1,"",IF(AA6=0,"",T6))) | AI6: =IF(Y6=1,"",IF(AC6=1,"",IF(AA6=0,"",W6))) | AL6: B- | AM6: 2.67
A7: ='GPA Calculator'!D7 -> 0 | B7: =IF('GPA Calculator'!E7="W",0,IF('GPA Calculator'!E7="P",0,IF('GPA Calculator'!E7="FA",0,IF('GPA Calculator'!E7="CR",0,IF('GPA Calculator'!E7="NC",0,IF('GPA Calculator'!E7="",0,A7)))))) -> 0 | C7: =IF('GPA Calculator'!E7="W",0,IF('GPA Calculator'!E7="P",0,IF('GPA Calculator'!E7="FA",0,IF('GPA Calculator'!E7="CR",0,IF('GPA Calculator'!E7="NC",0,IF('GPA Calculator'!E7="",0,'GPA Calculator'!E7)))))) -> 0 | D7: =IF(C7=0,0,VLOOKUP(C7,$AL$2:$AM$14,2,FALSE)) -> 0 | E7: =IF(D7=0,"",B7*D7) | F7: ='GPA Calculator'!G7 -> 0 | G7: =IF(F7=0,0,1) -> 0 | H7: ='GPA Calculator'!H7 -> 0 | I7: =IF(H7=0,0,1) -> 0 | J7: ='GPA Calculator'!I7 -> 0 | K7: =IF(J7=0,0,1) -> 0 | L7: =B7 -> 0 | M7: =E7 | N7: =IF(G7=1,"",IF(K7=1,"",B7)) -> 0 | O7: =IF(G7=1,"",IF(K7=1,"",E7)) | P7: =IF(G7=1,"",IF(K7=1,"",IF(I7=0,"",B7))) | Q7: =IF(G7=1,"",IF(K7=1,"",IF(I7=0,"",E7))) | S7: ='GPA Calculator'!N7 -> 0 | T7: =IF('GPA Calculator'!O7="DP",0,IF('GPA Calculator'!O7="WP",0,IF('GPA Calculator'!O7="P",0,IF('GPA Calculator'!O7="FA",0,IF('GPA Calculator'!O7="CR",0,IF('GPA Calculator'!O7="NC",0,IF('GPA Calculator'!O7="",0,S7))))))) -> 0 | U7: =IF('GPA Calculator'!O7="W",0,IF('GPA Calculator'!O7="P",0,IF('GPA Calculator'!O7="FA",0,IF('GPA Calculator'!O7="CR",0,IF('GPA Calculator'!O7="NC",0,IF('GPA Calculator'!O7="",0,'GPA Calculator'!O7)))))) -> 0 | V7: =IF(U7=0,0,VLOOKUP(U7,$AL$2:$AM$14,2,FALSE)) -> 0 | W7: =IF(V7=0,"",T7*V7) | X7: ='GPA Calculator'!Q7 -> 0 | Y7: =IF(X7=0,0,1) -> 0 | Z7: ='GPA Calculator'!R7 -> 0 | AA7: =IF(Z7=0,0,1) -> 0 | AB7: ='GPA Calculator'!S7 -> 0 | AC7: =IF(AB7=0,0,1) -> 0 | AD7: =T7 -> 0 | AE7: =W7 | AF7: =IF(Y7=1,"",IF(AC7=1,"",T7)) -> 0 | AG7: =IF(Y7=1,"",IF(AC7=1,"",W7)) | AH7: =IF(Y7=1,"",IF(AC7=1,"",IF(AA7=0,"",T7))) | AI7: =IF(Y7=1,"",IF(AC7=1,"",IF(AA7=0,"",W7))) | AL7: C+ | AM7: 2.33
A8: ='GPA Calculator'!D8 -> 0 | B8: =IF('GPA Calculator'!E8="W",0,IF('GPA Calculator'!E8="P",0,IF('GPA Calculator'!E8="FA",0,IF('GPA Calculator'!E8="CR",0,IF('GPA Calculator'!E8="NC",0,IF('GPA Calculator'!E8="",0,A8)))))) -> 0 | C8: =IF('GPA Calculator'!E8="W",0,IF('GPA Calculator'!E8="P",0,IF('GPA Calculator'!E8="FA",0,IF('GPA Calculator'!E8="CR",0,IF('GPA Calculator'!E8="NC",0,IF('GPA Calculator'!E8="",0,'GPA Calculator'!E8)))))) -> 0 | D8: =IF(C8=0,0,VLOOKUP(C8,$AL$2:$AM$14,2,FALSE)) -> 0 | E8: =IF(D8=0,"",B8*D8) | F8: ='GPA Calculator'!G8 -> 0 | G8: =IF(F8=0,0,1) -> 0 | H8: ='GPA Calculator'!H8 -> 0 | I8: =IF(H8=0,0,1) -> 0 | J8: ='GPA Calculator'!I8 -> 0 | K8: =IF(J8=0,0,1) -> 0 | L8: =B8 -> 0 | M8: =E8 | N8: =IF(G8=1,"",IF(K8=1,"",B8)) -> 0 | O8: =IF(G8=1,"",IF(K8=1,"",E8)) | P8: =IF(G8=1,"",IF(K8=1,"",IF(I8=0,"",B8))) | Q8: =IF(G8=1,"",IF(K8=1,"",IF(I8=0,"",E8))) | S8: ='GPA Calculator'!N8 -> 0 | T8: =IF('GPA Calculator'!O8="DP",0,IF('GPA Calculator'!O8="WP",0,IF('GPA Calculator'!O8="P",0,IF('GPA Calculator'!O8="FA",0,IF('GPA Calculator'!O8="CR",0,IF('GPA Calculator'!O8="NC",0,IF('GPA Calculator'!O8="",0,S8))))))) -> 0 | U8: =IF('GPA Calculator'!O8="W",0,IF('GPA Calculator'!O8="P",0,IF('GPA Calculator'!O8="FA",0,IF('GPA Calculator'!O8="CR",0,IF('GPA Calculator'!O8="NC",0,IF('GPA Calculator'!O8="",0,'GPA Calculator'!O8)))))) -> 0 | V8: =IF(U8=0,0,VLOOKUP(U8,$AL$2:$AM$14,2,FALSE)) -> 0 | W8: =IF(V8=0,"",T8*V8) | X8: ='GPA Calculator'!Q8 -> 0 | Y8: =IF(X8=0,0,1) -> 0 | Z8: ='GPA Calculator'!R8 -> 0 | AA8: =IF(Z8=0,0,1) -> 0 | AB8: ='GPA Calculator'!S8 -> 0 | AC8: =IF(AB8=0,0,1) -> 0 | AD8: =T8 -> 0 | AE8: =W8 | AF8: =IF(Y8=1,"",IF(AC8=1,"",T8)) -> 0 | AG8: =IF(Y8=1,"",IF(AC8=1,"",W8)) | AH8: =IF(Y8=1,"",IF(AC8=1,"",IF(AA8=0,"",T8))) | AI8: =IF(Y8=1,"",IF(AC8=1,"",IF(AA8=0,"",W8))) | AL8: C | AM8: 2
A9: ='GPA Calculator'!D9 -> 0 | B9: =IF('GPA Calculator'!E9="W",0,IF('GPA Calculator'!E9="P",0,IF('GPA Calculator'!E9="FA",0,IF('GPA Calculator'!E9="CR",0,IF('GPA Calculator'!E9="NC",0,IF('GPA Calculator'!E9="",0,A9)))))) -> 0 | C9: =IF('GPA Calculator'!E9="W",0,IF('GPA Calculator'!E9="P",0,IF('GPA Calculator'!E9="FA",0,IF('GPA Calculator'!E9="CR",0,IF('GPA Calculator'!E9="NC",0,IF('GPA Calculator'!E9="",0,'GPA Calculator'!E9)))))) -> 0 | D9: =IF(C9=0,0,VLOOKUP(C9,$AL$2:$AM$14,2,FALSE)) -> 0 | E9: =IF(D9=0,"",B9*D9) | F9: ='GPA Calculator'!G9 -> 0 | G9: =IF(F9=0,0,1) -> 0 | H9: ='GPA Calculator'!H9 -> 0 | I9: =IF(H9=0,0,1) -> 0 | J9: ='GPA Calculator'!I9 -> 0 | K9: =IF(J9=0,0,1) -> 0 | L9: =B9 -> 0 | M9: =E9 | N9: =IF(G9=1,"",IF(K9=1,"",B9)) -> 0 | O9: =IF(G9=1,"",IF(K9=1,"",E9)) | P9: =IF(G9=1,"",IF(K9=1,"",IF(I9=0,"",B9))) | Q9: =IF(G9=1,"",IF(K9=1,"",IF(I9=0,"",E9))) | S9: ='GPA Calculator'!N9 -> 0 | T9: =IF('GPA Calculator'!O9="DP",0,IF('GPA Calculator'!O9="WP",0,IF('GPA Calculator'!O9="P",0,IF('GPA Calculator'!O9="FA",0,IF('GPA Calculator'!O9="CR",0,IF('GPA Calculator'!O9="NC",0,IF('GPA Calculator'!O9="",0,S9))))))) -> 0 | U9: =IF('GPA Calculator'!O9="W",0,IF('GPA Calculator'!O9="P",0,IF('GPA Calculator'!O9="FA",0,IF('GPA Calculator'!O9="CR",0,IF('GPA Calculator'!O9="NC",0,IF('GPA Calculator'!O9="",0,'GPA Calculator'!O9)))))) -> 0 | V9: =IF(U9=0,0,VLOOKUP(U9,$AL$2:$AM$14,2,FALSE)) -> 0 | W9: =IF(V9=0,"",T9*V9) | X9: ='GPA Calculator'!Q9 -> 0 | Y9: =IF(X9=0,0,1) -> 0 | Z9: ='GPA Calculator'!R9 -> 0 | AA9: =IF(Z9=0,0,1) -> 0 | AB9: ='GPA Calculator'!S9 -> 0 | AC9: =IF(AB9=0,0,1) -> 0 | AD9: =T9 -> 0 | AE9: =W9 | AF9: =IF(Y9=1,"",IF(AC9=1,"",T9)) -> 0 | AG9: =IF(Y9=1,"",IF(AC9=1,"",W9)) | AH9: =IF(Y9=1,"",IF(AC9=1,"",IF(AA9=0,"",T9))) | AI9: =IF(Y9=1,"",IF(AC9=1,"",IF(AA9=0,"",W9))) | AL9: C- | AM9: 1.67
A10: ='GPA Calculator'!D10 -> 0 | B10: =IF('GPA Calculator'!E10="W",0,IF('GPA Calculator'!E10="P",0,IF('GPA Calculator'!E10="FA",0,IF('GPA Calculator'!E10="CR",0,IF('GPA Calculator'!E10="NC",0,IF('GPA Calculator'!E10="",0,A10)))))) -> 0 | C10: =IF('GPA Calculator'!E10="W",0,IF('GPA Calculator'!E10="P",0,IF('GPA Calculator'!E10="FA",0,IF('GPA Calculator'!E10="CR",0,IF('GPA Calculator'!E10="NC",0,IF('GPA Calculator'!E10="",0,'GPA Calculator'!E10)))))) -> 0 | D10: =IF(C10=0,0,VLOOKUP(C10,$AL$2:$AM$14,2,FALSE)) -> 0 | E10: =IF(D10=0,"",B10*D10) | F10: ='GPA Calculator'!G10 -> 0 | G10: =IF(F10=0,0,1) -> 0 | H10: ='GPA Calculator'!H10 -> 0 | I10: =IF(H10=0,0,1) -> 0 | J10: ='GPA Calculator'!I10 -> 0 | K10: =IF(J10=0,0,1) -> 0 | L10: =B10 -> 0 | M10: =E10 | N10: =IF(G10=1,"",IF(K10=1,"",B10)) -> 0 | O10: =IF(G10=1,"",IF(K10=1,"",E10)) | P10: =IF(G10=1,"",IF(K10=1,"",IF(I10=0,"",B10))) | Q10: =IF(G10=1,"",IF(K10=1,"",IF(I10=0,"",E10))) | S10: ='GPA Calculator'!N10 -> 0 | T10: =IF('GPA Calculator'!O10="DP",0,IF('GPA Calculator'!O10="WP",0,IF('GPA Calculator'!O10="P",0,IF('GPA Calculator'!O10="FA",0,IF('GPA Calculator'!O10="CR",0,IF('GPA Calculator'!O10="NC",0,IF('GPA Calculator'!O10="",0,S10))))))) -> 0 | U10: =IF('GPA Calculator'!O10="W",0,IF('GPA Calculator'!O10="P",0,IF('GPA Calculator'!O10="FA",0,IF('GPA Calculator'!O10="CR",0,IF('GPA Calculator'!O10="NC",0,IF('GPA Calculator'!O10="",0,'GPA Calculator'!O10)))))) -> 0 | V10: =IF(U10=0,0,VLOOKUP(U10,$AL$2:$AM$14,2,FALSE)) -> 0 | W10: =IF(V10=0,"",T10*V10) | X10: ='GPA Calculator'!Q10 -> 0 | Y10: =IF(X10=0,0,1) -> 0 | Z10: ='GPA Calculator'!R10 -> 0 | AA10: =IF(Z10=0,0,1) -> 0 | AB10: ='GPA Calculator'!S10 -> 0 | AC10: =IF(AB10=0,0,1) -> 0 | AD10: =T10 -> 0 | AE10: =W10 | AF10: =IF(Y10=1,"",IF(AC10=1,"",T10)) -> 0 | AG10: =IF(Y10=1,"",IF(AC10=1,"",W10)) | AH10: =IF(Y10=1,"",IF(AC10=1,"",IF(AA10=0,"",T10))) | AI10: =IF(Y10=1,"",IF(AC10=1,"",IF(AA10=0,"",W10))) | AL10: D+ | AM10: 1.33
A11: ='GPA Calculator'!D11 -> 0 | B11: =IF('GPA Calculator'!E11="W",0,IF('GPA Calculator'!E11="P",0,IF('GPA Calculator'!E11="FA",0,IF('GPA Calculator'!E11="CR",0,IF('GPA Calculator'!E11="NC",0,IF('GPA Calculator'!E11="",0,A11)))))) -> 0 | C11: =IF('GPA Calculator'!E11="W",0,IF('GPA Calculator'!E11="P",0,IF('GPA Calculator'!E11="FA",0,IF('GPA Calculator'!E11="CR",0,IF('GPA Calculator'!E11="NC",0,IF('GPA Calculator'!E11="",0,'GPA Calculator'!E11)))))) -> 0 | D11: =IF(C11=0,0,VLOOKUP(C11,$AL$2:$AM$14,2,FALSE)) -> 0 | E11: =IF(D11=0,"",B11*D11) | F11: ='GPA Calculator'!G11 -> 0 | G11: =IF(F11=0,0,1) -> 0 | H11: ='GPA Calculator'!H11 -> 0 | I11: =IF(H11=0,0,1) -> 0 | J11: ='GPA Calculator'!I11 -> 0 | K11: =IF(J11=0,0,1) -> 0 | L11: =B11 -> 0 | M11: =E11 | N11: =IF(G11=1,"",IF(K11=1,"",B11)) -> 0 | O11: =IF(G11=1,"",IF(K11=1,"",E11)) | P11: =IF(G11=1,"",IF(K11=1,"",IF(I11=0,"",B11))) | Q11: =IF(G11=1,"",IF(K11=1,"",IF(I11=0,"",E11))) | S11: ='GPA Calculator'!N11 -> 0 | T11: =IF('GPA Calculator'!O11="DP",0,IF('GPA Calculator'!O11="WP",0,IF('GPA Calculator'!O11="P",0,IF('GPA Calculator'!O11="FA",0,IF('GPA Calculator'!O11="CR",0,IF('GPA Calculator'!O11="NC",0,IF('GPA Calculator'!O11="",0,S11))))))) -> 0 | U11: =IF('GPA Calculator'!O11="W",0,IF('GPA Calculator'!O11="P",0,IF('GPA Calculator'!O11="FA",0,IF('GPA Calculator'!O11="CR",0,IF('GPA Calculator'!O11="NC",0,IF('GPA Calculator'!O11="",0,'GPA Calculator'!O11)))))) -> 0 | V11: =IF(U11=0,0,VLOOKUP(U11,$AL$2:$AM$14,2,FALSE)) -> 0 | W11: =IF(V11=0,"",T11*V11) | X11: ='GPA Calculator'!Q11 -> 0 | Y11: =IF(X11=0,0,1) -> 0 | Z11: ='GPA Calculator'!R11 -> 0 | AA11: =IF(Z11=0,0,1) -> 0 | AB11: ='GPA Calculator'!S11 -> 0 | AC11: =IF(AB11=0,0,1) -> 0 | AD11: =T11 -> 0 | AE11: =W11 | AF11: =IF(Y11=1,"",IF(AC11=1,"",T11)) -> 0 | AG11: =IF(Y11=1,"",IF(AC11=1,"",W11)) | AH11: =IF(Y11=1,"",IF(AC11=1,"",IF(AA11=0,"",T11))) | AI11: =IF(Y11=1,"",IF(AC11=1,"",IF(AA11=0,"",W11))) | AL11: D | AM11: 1
A12: ='GPA Calculator'!D12 -> 0 | B12: =IF('GPA Calculator'!E12="W",0,IF('GPA Calculator'!E12="P",0,IF('GPA Calculator'!E12="FA",0,IF('GPA Calculator'!E12="CR",0,IF('GPA Calculator'!E12="NC",0,IF('GPA Calculator'!E12="",0,A12)))))) -> 0 | C12: =IF('GPA Calculator'!E12="W",0,IF('GPA Calculator'!E12="P",0,IF('GPA Calculator'!E12="FA",0,IF('GPA Calculator'!E12="CR",0,IF('GPA Calculator'!E12="NC",0,IF('GPA Calculator'!E12="",0,'GPA Calculator'!E12)))))) -> 0 | D12: =IF(C12=0,0,VLOOKUP(C12,$AL$2:$AM$14,2,FALSE)) -> 0 | E12: =IF(D12=0,"",B12*D12) | F12: ='GPA Calculator'!G12 -> 0 | G12: =IF(F12=0,0,1) -> 0 | H12: ='GPA Calculator'!H12 -> 0 | I12: =IF(H12=0,0,1) -> 0 | J12: ='GPA Calculator'!I12 -> 0 | K12: =IF(J12=0,0,1) -> 0 | L12: =B12 -> 0 | M12: =E12 | N12: =IF(G12=1,"",IF(K12=1,"",B12)) -> 0 | O12: =IF(G12=1,"",IF(K12=1,"",E12)) | P12: =IF(G12=1,"",IF(K12=1,"",IF(I12=0,"",B12))) | Q12: =IF(G12=1,"",IF(K12=1,"",IF(I12=0,"",E12))) | S12: ='GPA Calculator'!N12 -> 0 | T12: =IF('GPA Calculator'!O12="DP",0,IF('GPA Calculator'!O12="WP",0,IF('GPA Calculator'!O12="P",0,IF('GPA Calculator'!O12="FA",0,IF('GPA Calculator'!O12="CR",0,IF('GPA Calculator'!O12="NC",0,IF('GPA Calculator'!O12="",0,S12))))))) -> 0 | U12: =IF('GPA Calculator'!O12="W",0,IF('GPA Calculator'!O12="P",0,IF('GPA Calculator'!O12="FA",0,IF('GPA Calculator'!O12="CR",0,IF('GPA Calculator'!O12="NC",0,IF('GPA Calculator'!O12="",0,'GPA Calculator'!O12)))))) -> 0 | V12: =IF(U12=0,0,VLOOKUP(U12,$AL$2:$AM$14,2,FALSE)) -> 0 | W12: =IF(V12=0,"",T12*V12) | X12: ='GPA Calculator'!Q12 -> 0 | Y12: =IF(X12=0,0,1) -> 0 | Z12: ='GPA Calculator'!R12 -> 0 | AA12: =IF(Z12=0,0,1) -> 0 | AB12: ='GPA Calculator'!S12 -> 0 | AC12: =IF(AB12=0,0,1) -> 0 | AD12: =T12 -> 0 | AE12: =W12 | AF12: =IF(Y12=1,"",IF(AC12=1,"",T12)) -> 0 | AG12: =IF(Y12=1,"",IF(AC12=1,"",W12)) | AH12: =IF(Y12=1,"",IF(AC12=1,"",IF(AA12=0,"",T12))) | AI12: =IF(Y12=1,"",IF(AC12=1,"",IF(AA12=0,"",W12))) | AL12: D- | AM12: 0.67
A13: ='GPA Calculator'!D13 -> 0 | B13: =IF('GPA Calculator'!E13="W",0,IF('GPA Calculator'!E13="P",0,IF('GPA Calculator'!E13="FA",0,IF('GPA Calculator'!E13="CR",0,IF('GPA Calculator'!E13="NC",0,IF('GPA Calculator'!E13="",0,A13)))))) -> 0 | C13: =IF('GPA Calculator'!E13="W",0,IF('GPA Calculator'!E13="P",0,IF('GPA Calculator'!E13="FA",0,IF('GPA Calculator'!E13="CR",0,IF('GPA Calculator'!E13="NC",0,IF('GPA Calculator'!E13="",0,'GPA Calculator'!E13)))))) -> 0 | D13: =IF(C13=0,0,VLOOKUP(C13,$AL$2:$AM$14,2,FALSE)) -> 0 | E13: =IF(D13=0,"",B13*D13) | F13: ='GPA Calculator'!G13 -> 0 | G13: =IF(F13=0,0,1) -> 0 | H13: ='GPA Calculator'!H13 -> 0 | I13: =IF(H13=0,0,1) -> 0 | J13: ='GPA Calculator'!I13 -> 0 | K13: =IF(J13=0,0,1) -> 0 | L13: =B13 -> 0 | M13: =E13 | N13: =IF(G13=1,"",IF(K13=1,"",B13)) -> 0 | O13: =IF(G13=1,"",IF(K13=1,"",E13)) | P13: =IF(G13=1,"",IF(K13=1,"",IF(I13=0,"",B13))) | Q13: =IF(G13=1,"",IF(K13=1,"",IF(I13=0,"",E13))) | S13: ='GPA Calculator'!N13 -> 0 | T13: =IF('GPA Calculator'!O13="DP",0,IF('GPA Calculator'!O13="WP",0,IF('GPA Calculator'!O13="P",0,IF('GPA Calculator'!O13="FA",0,IF('GPA Calculator'!O13="CR",0,IF('GPA Calculator'!O13="NC",0,IF('GPA Calculator'!O13="",0,S13))))))) -> 0 | U13: =IF('GPA Calculator'!O13="W",0,IF('GPA Calculator'!O13="P",0,IF('GPA Calculator'!O13="FA",0,IF('GPA Calculator'!O13="CR",0,IF('GPA Calculator'!O13="NC",0,IF('GPA Calculator'!O13="",0,'GPA Calculator'!O13)))))) -> 0 | V13: =IF(U13=0,0,VLOOKUP(U13,$AL$2:$AM$14,2,FALSE)) -> 0 | W13: =IF(V13=0,"",T13*V13) | X13: ='GPA Calculator'!Q13 -> 0 | Y13: =IF(X13=0,0,1) -> 0 | Z13: ='GPA Calculator'!R13 -> 0 | AA13: =IF(Z13=0,0,1) -> 0 | AB13: ='GPA Calculator'!S13 -> 0 | AC13: =IF(AB13=0,0,1) -> 0 | AD13: =T13 -> 0 | AE13: =W13 | AF13: =IF(Y13=1,"",IF(AC13=1,"",T13)) -> 0 | AG13: =IF(Y13=1,"",IF(AC13=1,"",W13)) | AH13: =IF(Y13=1,"",IF(AC13=1,"",IF(AA13=0,"",T13))) | AI13: =IF(Y13=1,"",IF(AC13=1,"",IF(AA13=0,"",W13))) | AL13: F | AM13: 0
B14: =SUM(B5:B13) -> 0 | E14: =SUM(E5:E13) -> 0 | L14: =SUM(L5:L13) -> 0 | M14: =SUM(M5:M13) -> 0 | N14: =SUM(N5:N13) -> 0 | O14: =SUM(O5:O13) -> 0 | P14: =SUM(P5:P13) -> 0 | Q14: =SUM(Q5:Q13) -> 0 | T14: =SUM(T5:T13) -> 0 | V14: =SUM(V5:V13) -> 0 | W14: =SUM(W5:W13) -> 0 | AD14: =SUM(AD5:AD13) -> 0 | AE14: =SUM(AE5:AE13) -> 0 | AF14: =SUM(AF5:AF13) -> 0 | AG14: =SUM(AG5:AG13) -> 0 | AH14: =SUM(AH5:AH13) -> 0 | AI14: =SUM(AI5:AI13) -> 0 | AL14: W | AM14: 0
L15: Term GPA | M15: =IF(L14=0,"",M14/L14) | N15: BU GPA | O15: =IF(N14=0,"",O14/N14) | P15: MAJ GPA | Q15: =IF(P14=0,"",Q14/P14) | AD15: Term GPA | AE15: =IF(AD14=0,"",AE14/AD14) | AF15: BU GPA | AG15: =IF(AF14=0,"",AG14/AF14) | AH15: MAJ GPA | AI15: =IF(AH14=0,"",AI14/AH14)
A20: Hours | B20: QHrs | C20: Grades | D20: Grd Pts | E20: Points | F20: TR | H20: MAJ | J20: RPL | L20: Ttl Hrs | M20: Ttl Pts | N20: BU Hrs | O20: BU Pts | P20: Major Hrs | Q20: Major Pts | S20: Hours | T20: QHrs | U20: Grades | V20: Grd Pts | W20: Points | X20: TR | Z20: MAJ | AB20: RPL | AD20: Ttl Hrs | AE20: Ttl Pts | AF20: BU Hrs | AG20: BU Pts | AH20: Major Hrs | AI20: Major Pts
A21: ='GPA Calculator'!D22 -> 0 | B21: =IF('GPA Calculator'!E22="W",0,IF('GPA Calculator'!E22="P",0,IF('GPA Calculator'!E22="FA",0,IF('GPA Calculator'!E22="CR",0,IF('GPA Calculator'!E22="NC",0,IF('GPA Calculator'!E22="",0,A21)))))) -> 0 | C21: =IF('GPA Calculator'!E22="W",0,IF('GPA Calculator'!E22="P",0,IF('GPA Calculator'!E22="FA",0,IF('GPA Calculator'!E22="CR",0,IF('GPA Calculator'!E22="NC",0,IF('GPA Calculator'!E22="",0,'GPA Calculator'!E22)))))) -> 0 | D21: =IF(C21=0,0,VLOOKUP(C21,$AL$2:$AM$14,2,FALSE)) -> 0 | E21: =IF(D21=0,"",B21*D21) | F21: ='GPA Calculator'!G22 -> 0 | G21: =IF(F21=0,0,1) -> 0 | H21: ='GPA Calculator'!H22 -> 0 | I21: =IF(H21=0,0,1) -> 0 | J21: ='GPA Calculator'!I22 -> 0 | K21: =IF(J21=0,0,1) -> 0 | L21: =B21 -> 0 | M21: =E21 | N21: =IF(G21=1,"",IF(K21=1,"",B21)) -> 0 | O21: =IF(G21=1,"",IF(K21=1,"",E21)) | P21: =IF(G21=1,"",IF(K21=1,"",IF(I21=0,"",B21))) | Q21: =IF(G21=1,"",IF(K21=1,"",IF(I21=0,"",E21))) | S21: ='GPA Calculator'!N22 -> 0 | T21: =IF('GPA Calculator'!O22="DP",0,IF('GPA Calculator'!O22="WP",0,IF('GPA Calculator'!O22="P",0,IF('GPA Calculator'!O22="FA",0,IF('GPA Calculator'!O22="CR",0,IF('GPA Calculator'!O22="NC",0,IF('GPA Calculator'!O22="",0,S21))))))) -> 0 | U21: =IF('GPA Calculator'!O22="W",0,IF('GPA Calculator'!O22="P",0,IF('GPA Calculator'!O22="FA",0,IF('GPA Calculator'!O22="CR",0,IF('GPA Calculator'!O22="NC",0,IF('GPA Calculator'!O22="",0,'GPA Calculator'!O22)))))) -> 0 | V21: =IF(U21=0,0,VLOOKUP(U21,$AL$2:$AM$14,2,FALSE)) -> 0 | W21: =IF(V21=0,"",T21*V21) | X21: ='GPA Calculator'!Q22 -> 0 | Y21: =IF(X21=0,0,1) -> 0 | Z21: ='GPA Calculator'!R22 -> 0 | AA21: =IF(Z21=0,0,1) -> 0 | AB21: ='GPA Calculator'!S22 -> 0 | AC21: =IF(AB21=0,0,1) -> 0 | AD21: =T21 -> 0 | AE21: =W21 | AF21: =IF(Y21=1,"",IF(AC21=1,"",T21)) -> 0 | AG21: =IF(Y21=1,"",IF(AC21=1,"",W21)) | AH21: =IF(Y21=1,"",IF(AC21=1,"",IF(AA21=0,"",T21))) | AI21: =IF(Y21=1,"",IF(AC21=1,"",IF(AA21=0,"",W21)))
A22: ='GPA Calculator'!D23 -> 0 | B22: =IF('GPA Calculator'!E23="DP",0,IF('GPA Calculator'!E23="WP",0,IF('GPA Calculator'!E23="P",0,IF('GPA Calculator'!E23="FA",0,IF('GPA Calculator'!E23="CR",0,IF('GPA Calculator'!E23="NC",0,IF('GPA Calculator'!E23="",0,A22))))))) -> 0 | C22: =IF('GPA Calculator'!E23="W",0,IF('GPA Calculator'!E23="P",0,IF('GPA Calculator'!E23="FA",0,IF('GPA Calculator'!E23="CR",0,IF('GPA Calculator'!E23="NC",0,IF('GPA Calculator'!E23="",0,'GPA Calculator'!E23)))))) -> 0 | D22: =IF(C22=0,0,VLOOKUP(C22,$AL$2:$AM$14,2,FALSE)) -> 0 | E22: =IF(D22=0,"",B22*D22) | F22: ='GPA Calculator'!G23 -> 0 | G22: =IF(F22=0,0,1) -> 0 | H22: ='GPA Calculator'!H23 -> 0 | I22: =IF(H22=0,0,1) -> 0 | J22: ='GPA Calculator'!I23 -> 0 | K22: =IF(J22=0,0,1) -> 0 | L22: =B22 -> 0 | M22: =E22 | N22: =IF(G22=1,"",IF(K22=1,"",B22)) -> 0 | O22: =IF(G22=1,"",IF(K22=1,"",E22)) | P22: =IF(G22=1,"",IF(K22=1,"",IF(I22=0,"",B22))) | Q22: =IF(G22=1,"",IF(K22=1,"",IF(I22=0,"",E22))) | S22: ='GPA Calculator'!N23 -> 0 | T22: =IF('GPA Calculator'!O23="DP",0,IF('GPA Calculator'!O23="WP",0,IF('GPA Calculator'!O23="P",0,IF('GPA Calculator'!O23="FA",0,IF('GPA Calculator'!O23="CR",0,IF('GPA Calculator'!O23="NC",0,IF('GPA Calculator'!O23="",0,S22))))))) -> 0 | U22: =IF('GPA Calculator'!O23="W",0,IF('GPA Calculator'!O23="P",0,IF('GPA Calculator'!O23="FA",0,IF('GPA Calculator'!O23="CR",0,IF('GPA Calculator'!O23="NC",0,IF('GPA Calculator'!O23="",0,'GPA Calculator'!O23)))))) -> 0 | V22: =IF(U22=0,0,VLOOKUP(U22,$AL$2:$AM$14,2,FALSE)) -> 0 | W22: =IF(V22=0,"",T22*V22) | X22: ='GPA Calculator'!Q23 -> 0 | Y22: =IF(X22=0,0,1) -> 0 | Z22: ='GPA Calculator'!R23 -> 0 | AA22: =IF(Z22=0,0,1) -> 0 | AB22: ='GPA Calculator'!S23 -> 0 | AC22: =IF(AB22=0,0,1) -> 0 | AD22: =T22 -> 0 | AE22: =W22 | AF22: =IF(Y22=1,"",IF(AC22=1,"",T22)) -> 0 | AG22: =IF(Y22=1,"",IF(AC22=1,"",W22)) | AH22: =IF(Y22=1,"",IF(AC22=1,"",IF(AA22=0,"",T22))) | AI22: =IF(Y22=1,"",IF(AC22=1,"",IF(AA22=0,"",W22)))
A23: ='GPA Calculator'!D24 -> 0 | B23: =IF('GPA Calculator'!E24="DP",0,IF('GPA Calculator'!E24="WP",0,IF('GPA Calculator'!E24="P",0,IF('GPA Calculator'!E24="FA",0,IF('GPA Calculator'!E24="CR",0,IF('GPA Calculator'!E24="NC",0,IF('GPA Calculator'!E24="",0,A23))))))) -> 0 | C23: =IF('GPA Calculator'!E24="W",0,IF('GPA Calculator'!E24="P",0,IF('GPA Calculator'!E24="FA",0,IF('GPA Calculator'!E24="CR",0,IF('GPA Calculator'!E24="NC",0,IF('GPA Calculator'!E24="",0,'GPA Calculator'!E24)))))) -> 0 | D23: =IF(C23=0,0,VLOOKUP(C23,$AL$2:$AM$14,2,FALSE)) -> 0 | E23: =IF(D23=0,"",B23*D23) | F23: ='GPA Calculator'!G24 -> 0 | G23: =IF(F23=0,0,1) -> 0 | H23: ='GPA Calculator'!H24 -> 0 | I23: =IF(H23=0,0,1) -> 0 | J23: ='GPA Calculator'!I24 -> 0 | K23: =IF(J23=0,0,1) -> 0 | L23: =B23 -> 0 | M23: =E23 | N23: =IF(G23=1,"",IF(K23=1,"",B23)) -> 0 | O23: =IF(G23=1,"",IF(K23=1,"",E23)) | P23: =IF(G23=1,"",IF(K23=1,"",IF(I23=0,"",B23))) | Q23: =IF(G23=1,"",IF(K23=1,"",IF(I23=0,"",E23))) | S23: ='GPA Calculator'!N24 -> 0 | T23: =IF('GPA Calculator'!O24="DP",0,IF('GPA Calculator'!O24="WP",0,IF('GPA Calculator'!O24="P",0,IF('GPA Calculator'!O24="FA",0,IF('GPA Calculator'!O24="CR",0,IF('GPA Calculator'!O24="NC",0,IF('GPA Calculator'!O24="",0,S23))))))) -> 0 | U23: =IF('GPA Calculator'!O24="W",0,IF('GPA Calculator'!O24="P",0,IF('GPA Calculator'!O24="FA",0,IF('GPA Calculator'!O24="CR",0,IF('GPA Calculator'!O24="NC",0,IF('GPA Calculator'!O24="",0,'GPA Calculator'!O24)))))) -> 0 | V23: =IF(U23=0,0,VLOOKUP(U23,$AL$2:$AM$14,2,FALSE)) -> 0 | W23: =IF(V23=0,"",T23*V23) | X23: ='GPA Calculator'!Q24 -> 0 | Y23: =IF(X23=0,0,1) -> 0 | Z23: ='GPA Calculator'!R24 -> 0 | AA23: =IF(Z23=0,0,1) -> 0 | AB23: ='GPA Calculator'!S24 -> 0 | AC23: =IF(AB23=0,0,1) -> 0 | AD23: =T23 -> 0 | AE23: =W23 | AF23: =IF(Y23=1,"",IF(AC23=1,"",T23)) -> 0 | AG23: =IF(Y23=1,"",IF(AC23=1,"",W23)) | AH23: =IF(Y23=1,"",IF(AC23=1,"",IF(AA23=0,"",T23))) | AI23: =IF(Y23=1,"",IF(AC23=1,"",IF(AA23=0,"",W23)))
A24: ='GPA Calculator'!D25 -> 0 | B24: =IF('GPA Calculator'!E25="DP",0,IF('GPA Calculator'!E25="WP",0,IF('GPA Calculator'!E25="P",0,IF('GPA Calculator'!E25="FA",0,IF('GPA Calculator'!E25="CR",0,IF('GPA Calculator'!E25="NC",0,IF('GPA Calculator'!E25="",0,A24))))))) -> 0 | C24: =IF('GPA Calculator'!E25="W",0,IF('GPA Calculator'!E25="P",0,IF('GPA Calculator'!E25="FA",0,IF('GPA Calculator'!E25="CR",0,IF('GPA Calculator'!E25="NC",0,IF('GPA Calculator'!E25="",0,'GPA Calculator'!E25)))))) -> 0 | D24: =IF(C24=0,0,VLOOKUP(C24,$AL$2:$AM$14,2,FALSE)) -> 0 | E24: =IF(D24=0,"",B24*D24) | F24: ='GPA Calculator'!G25 -> 0 | G24: =IF(F24=0,0,1) -> 0 | H24: ='GPA Calculator'!H25 -> 0 | I24: =IF(H24=0,0,1) -> 0 | J24: ='GPA Calculator'!I25 -> 0 | K24: =IF(J24=0,0,1) -> 0 | L24: =B24 -> 0 | M24: =E24 | N24: =IF(G24=1,"",IF(K24=1,"",B24)) -> 0 | O24: =IF(G24=1,"",IF(K24=1,"",E24)) | P24: =IF(G24=1,"",IF(K24=1,"",IF(I24=0,"",B24))) | Q24: =IF(G24=1,"",IF(K24=1,"",IF(I24=0,"",E24))) | S24: ='GPA Calculator'!N25 -> 0 | T24: =IF('GPA Calculator'!O25="DP",0,IF('GPA Calculator'!O25="WP",0,IF('GPA Calculator'!O25="P",0,IF('GPA Calculator'!O25="FA",0,IF('GPA Calculator'!O25="CR",0,IF('GPA Calculator'!O25="NC",0,IF('GPA Calculator'!O25="",0,S24))))))) -> 0 | U24: =IF('GPA Calculator'!O25="W",0,IF('GPA Calculator'!O25="P",0,IF('GPA Calculator'!O25="FA",0,IF('GPA Calculator'!O25="CR",0,IF('GPA Calculator'!O25="NC",0,IF('GPA Calculator'!O25="",0,'GPA Calculator'!O25)))))) -> 0 | V24: =IF(U24=0,0,VLOOKUP(U24,$AL$2:$AM$14,2,FALSE)) -> 0 | W24: =IF(V24=0,"",T24*V24) | X24: ='GPA Calculator'!Q25 -> 0 | Y24: =IF(X24=0,0,1) -> 0 | Z24: ='GPA Calculator'!R25 -> 0 | AA24: =IF(Z24=0,0,1) -> 0 | AB24: ='GPA Calculator'!S25 -> 0 | AC24: =IF(AB24=0,0,1) -> 0 | AD24: =T24 -> 0 | AE24: =W24 | AF24: =IF(Y24=1,"",IF(AC24=1,"",T24)) -> 0 | AG24: =IF(Y24=1,"",IF(AC24=1,"",W24)) | AH24: =IF(Y24=1,"",IF(AC24=1,"",IF(AA24=0,"",T24))) | AI24: =IF(Y24=1,"",IF(AC24=1,"",IF(AA24=0,"",W24)))
A25: ='GPA Calculator'!D26 -> 0 | B25: =IF('GPA Calculator'!E26="DP",0,IF('GPA Calculator'!E26="WP",0,IF('GPA Calculator'!E26="P",0,IF('GPA Calculator'!E26="FA",0,IF('GPA Calculator'!E26="CR",0,IF('GPA Calculator'!E26="NC",0,IF('GPA Calculator'!E26="",0,A25))))))) -> 0 | C25: =IF('GPA Calculator'!E26="W",0,IF('GPA Calculator'!E26="P",0,IF('GPA Calculator'!E26="FA",0,IF('GPA Calculator'!E26="CR",0,IF('GPA Calculator'!E26="NC",0,IF('GPA Calculator'!E26="",0,'GPA Calculator'!E26)))))) -> 0 | D25: =IF(C25=0,0,VLOOKUP(C25,$AL$2:$AM$14,2,FALSE)) -> 0 | E25: =IF(D25=0,"",B25*D25) | F25: ='GPA Calculator'!G26 -> 0 | G25: =IF(F25=0,0,1) -> 0 | H25: ='GPA Calculator'!H26 -> 0 | I25: =IF(H25=0,0,1) -> 0 | J25: ='GPA Calculator'!I26 -> 0 | K25: =IF(J25=0,0,1) -> 0 | L25: =B25 -> 0 | M25: =E25 | N25: =IF(G25=1,"",IF(K25=1,"",B25)) -> 0 | O25: =IF(G25=1,"",IF(K25=1,"",E25)) | P25: =IF(G25=1,"",IF(K25=1,"",IF(I25=0,"",B25))) | Q25: =IF(G25=1,"",IF(K25=1,"",IF(I25=0,"",E25))) | S25: ='GPA Calculator'!N26 -> 0 | T25: =IF('GPA Calculator'!O26="DP",0,IF('GPA Calculator'!O26="WP",0,IF('GPA Calculator'!O26="P",0,IF('GPA Calculator'!O26="FA",0,IF('GPA Calculator'!O26="CR",0,IF('GPA Calculator'!O26="NC",0,IF('GPA Calculator'!O26="",0,S25))))))) -> 0 | U25: =IF('GPA Calculator'!O26="W",0,IF('GPA Calculator'!O26="P",0,IF('GPA Calculator'!O26="FA",0,IF('GPA Calculator'!O26="CR",0,IF('GPA Calculator'!O26="NC",0,IF('GPA Calculator'!O26="",0,'GPA Calculator'!O26)))))) -> 0 | V25: =IF(U25=0,0,VLOOKUP(U25,$AL$2:$AM$14,2,FALSE)) -> 0 | W25: =IF(V25=0,"",T25*V25) | X25: ='GPA Calculator'!Q26 -> 0 | Y25: =IF(X25=0,0,1) -> 0 | Z25: ='GPA Calculator'!R26 -> 0 | AA25: =IF(Z25=0,0,1) -> 0 | AB25: ='GPA Calculator'!S26 -> 0 | AC25: =IF(AB25=0,0,1) -> 0 | AD25: =T25 -> 0 | AE25: =W25 | AF25: =IF(Y25=1,"",IF(AC25=1,"",T25)) -> 0 | AG25: =IF(Y25=1,"",IF(AC25=1,"",W25)) | AH25: =IF(Y25=1,"",IF(AC25=1,"",IF(AA25=0,"",T25))) | AI25: =IF(Y25=1,"",IF(AC25=1,"",IF(AA25=0,"",W25)))
A26: ='GPA Calculator'!D27 -> 0 | B26: =IF('GPA Calculator'!E27="DP",0,IF('GPA Calculator'!E27="WP",0,IF('GPA Calculator'!E27="P",0,IF('GPA Calculator'!E27="FA",0,IF('GPA Calculator'!E27="CR",0,IF('GPA Calculator'!E27="NC",0,IF('GPA Calculator'!E27="",0,A26))))))) -> 0 | C26: =IF('GPA Calculator'!E27="W",0,IF('GPA Calculator'!E27="P",0,IF('GPA Calculator'!E27="FA",0,IF('GPA Calculator'!E27="CR",0,IF('GPA Calculator'!E27="NC",0,IF('GPA Calculator'!E27="",0,'GPA Calculator'!E27)))))) -> 0 | D26: =IF(C26=0,0,VLOOKUP(C26,$AL$2:$AM$14,2,FALSE)) -> 0 | E26: =IF(D26=0,"",B26*D26) | F26: ='GPA Calculator'!G27 -> 0 | G26: =IF(F26=0,0,1) -> 0 | H26: ='GPA Calculator'!H27 -> 0 | I26: =IF(H26=0,0,1) -> 0 | J26: ='GPA Calculator'!I27 -> 0 | K26: =IF(J26=0,0,1) -> 0 | L26: =B26 -> 0 | M26: =E26 | N26: =IF(G26=1,"",IF(K26=1,"",B26)) -> 0 | O26: =IF(G26=1,"",IF(K26=1,"",E26)) | P26: =IF(G26=1,"",IF(K26=1,"",IF(I26=0,"",B26))) | Q26: =IF(G26=1,"",IF(K26=1,"",IF(I26=0,"",E26))) | S26: ='GPA Calculator'!N27 -> 0 | T26: =IF('GPA Calculator'!O27="DP",0,IF('GPA Calculator'!O27="WP",0,IF('GPA Calculator'!O27="P",0,IF('GPA Calculator'!O27="FA",0,IF('GPA Calculator'!O27="CR",0,IF('GPA Calculator'!O27="NC",0,IF('GPA Calculator'!O27="",0,S26))))))) -> 0 | U26: =IF('GPA Calculator'!O27="W",0,IF('GPA Calculator'!O27="P",0,IF('GPA Calculator'!O27="FA",0,IF('GPA Calculator'!O27="CR",0,IF('GPA Calculator'!O27="NC",0,IF('GPA Calculator'!O27="",0,'GPA Calculator'!O27)))))) -> 0 | V26: =IF(U26=0,0,VLOOKUP(U26,$AL$2:$AM$14,2,FALSE)) -> 0 | W26: =IF(V26=0,"",T26*V26) | X26: ='GPA Calculator'!Q27 -> 0 | Y26: =IF(X26=0,0,1) -> 0 | Z26: ='GPA Calculator'!R27 -> 0 | AA26: =IF(Z26=0,0,1) -> 0 | AB26: ='GPA Calculator'!S27 -> 0 | AC26: =IF(AB26=0,0,1) -> 0 | AD26: =T26 -> 0 | AE26: =W26 | AF26: =IF(Y26=1,"",IF(AC26=1,"",T26)) -> 0 | AG26: =IF(Y26=1,"",IF(AC26=1,"",W26)) | AH26: =IF(Y26=1,"",IF(AC26=1,"",IF(AA26=0,"",T26))) | AI26: =IF(Y26=1,"",IF(AC26=1,"",IF(AA26=0,"",W26)))
A27: ='GPA Calculator'!D28 -> 0 | B27: =IF('GPA Calculator'!E28="DP",0,IF('GPA Calculator'!E28="WP",0,IF('GPA Calculator'!E28="P",0,IF('GPA Calculator'!E28="FA",0,IF('GPA Calculator'!E28="CR",0,IF('GPA Calculator'!E28="NC",0,IF('GPA Calculator'!E28="",0,A27))))))) -> 0 | C27: =IF('GPA Calculator'!E28="W",0,IF('GPA Calculator'!E28="P",0,IF('GPA Calculator'!E28="FA",0,IF('GPA Calculator'!E28="CR",0,IF('GPA Calculator'!E28="NC",0,IF('GPA Calculator'!E28="",0,'GPA Calculator'!E28)))))) -> 0 | D27: =IF(C27=0,0,VLOOKUP(C27,$AL$2:$AM$14,2,FALSE)) -> 0 | E27: =IF(D27=0,"",B27*D27) | F27: ='GPA Calculator'!G28 -> 0 | G27: =IF(F27=0,0,1) -> 0 | H27: ='GPA Calculator'!H28 -> 0 | I27: =IF(H27=0,0,1) -> 0 | J27: ='GPA Calculator'!I28 -> 0 | K27: =IF(J27=0,0,1) -> 0 | L27: =B27 -> 0 | M27: =E27 | N27: =IF(G27=1,"",IF(K27=1,"",B27)) -> 0 | O27: =IF(G27=1,"",IF(K27=1,"",E27)) | P27: =IF(G27=1,"",IF(K27=1,"",IF(I27=0,"",B27))) | Q27: =IF(G27=1,"",IF(K27=1,"",IF(I27=0,"",E27))) | S27: ='GPA Calculator'!N28 -> 0 | T27: =IF('GPA Calculator'!O28="DP",0,IF('GPA Calculator'!O28="WP",0,IF('GPA Calculator'!O28="P",0,IF('GPA Calculator'!O28="FA",0,IF('GPA Calculator'!O28="CR",0,IF('GPA Calculator'!O28="NC",0,IF('GPA Calculator'!O28="",0,S27))))))) -> 0 | U27: =IF('GPA Calculator'!O28="W",0,IF('GPA Calculator'!O28="P",0,IF('GPA Calculator'!O28="FA",0,IF('GPA Calculator'!O28="CR",0,IF('GPA Calculator'!O28="NC",0,IF('GPA Calculator'!O28="",0,'GPA Calculator'!O28)))))) -> 0 | V27: =IF(U27=0,0,VLOOKUP(U27,$AL$2:$AM$14,2,FALSE)) -> 0 | W27: =IF(V27=0,"",T27*V27) | X27: ='GPA Calculator'!Q28 -> 0 | Y27: =IF(X27=0,0,1) -> 0 | Z27: ='GPA Calculator'!R28 -> 0 | AA27: =IF(Z27=0,0,1) -> 0 | AB27: ='GPA Calculator'!S28 -> 0 | AC27: =IF(AB27=0,0,1) -> 0 | AD27: =T27 -> 0 | AE27: =W27 | AF27: =IF(Y27=1,"",IF(AC27=1,"",T27)) -> 0 | AG27: =IF(Y27=1,"",IF(AC27=1,"",W27)) | AH27: =IF(Y27=1,"",IF(AC27=1,"",IF(AA27=0,"",T27))) | AI27: =IF(Y27=1,"",IF(AC27=1,"",IF(AA27=0,"",W27)))
A28: ='GPA Calculator'!D29 -> 0 | B28: =IF('GPA Calculator'!E29="DP",0,IF('GPA Calculator'!E29="WP",0,IF('GPA Calculator'!E29="P",0,IF('GPA Calculator'!E29="FA",0,IF('GPA Calculator'!E29="CR",0,IF('GPA Calculator'!E29="NC",0,IF('GPA Calculator'!E29="",0,A28))))))) -> 0 | C28: =IF('GPA Calculator'!E29="W",0,IF('GPA Calculator'!E29="P",0,IF('GPA Calculator'!E29="FA",0,IF('GPA Calculator'!E29="CR",0,IF('GPA Calculator'!E29="NC",0,IF('GPA Calculator'!E29="",0,'GPA Calculator'!E29)))))) -> 0 | D28: =IF(C28=0,0,VLOOKUP(C28,$AL$2:$AM$14,2,FALSE)) -> 0 | E28: =IF(D28=0,"",B28*D28) | F28: ='GPA Calculator'!G29 -> 0 | G28: =IF(F28=0,0,1) -> 0 | H28: ='GPA Calculator'!H29 -> 0 | I28: =IF(H28=0,0,1) -> 0 | J28: ='GPA Calculator'!I29 -> 0 | K28: =IF(J28=0,0,1) -> 0 | L28: =B28 -> 0 | M28: =E28 | N28: =IF(G28=1,"",IF(K28=1,"",B28)) -> 0 | O28: =IF(G28=1,"",IF(K28=1,"",E28)) | P28: =IF(G28=1,"",IF(K28=1,"",IF(I28=0,"",B28))) | Q28: =IF(G28=1,"",IF(K28=1,"",IF(I28=0,"",E28))) | S28: ='GPA Calculator'!N29 -> 0 | T28: =IF('GPA Calculator'!O29="DP",0,IF('GPA Calculator'!O29="WP",0,IF('GPA Calculator'!O29="P",0,IF('GPA Calculator'!O29="FA",0,IF('GPA Calculator'!O29="CR",0,IF('GPA Calculator'!O29="NC",0,IF('GPA Calculator'!O29="",0,S28))))))) -> 0 | U28: =IF('GPA Calculator'!O29="W",0,IF('GPA Calculator'!O29="P",0,IF('GPA Calculator'!O29="FA",0,IF('GPA Calculator'!O29="CR",0,IF('GPA Calculator'!O29="NC",0,IF('GPA Calculator'!O29="",0,'GPA Calculator'!O29)))))) -> 0 | V28: =IF(U28=0,0,VLOOKUP(U28,$AL$2:$AM$14,2,FALSE)) -> 0 | W28: =IF(V28=0,"",T28*V28) | X28: ='GPA Calculator'!Q29 -> 0 | Y28: =IF(X28=0,0,1) -> 0 | Z28: ='GPA Calculator'!R29 -> 0 | AA28: =IF(Z28=0,0,1) -> 0 | AB28: ='GPA Calculator'!S29 -> 0 | AC28: =IF(AB28=0,0,1) -> 0 | AD28: =T28 -> 0 | AE28: =W28 | AF28: =IF(Y28=1,"",IF(AC28=1,"",T28)) -> 0 | AG28: =IF(Y28=1,"",IF(AC28=1,"",W28)) | AH28: =IF(Y28=1,"",IF(AC28=1,"",IF(AA28=0,"",T28))) | AI28: =IF(Y28=1,"",IF(AC28=1,"",IF(AA28=0,"",W28)))
A29: ='GPA Calculator'!D30 -> 0 | B29: =IF('GPA Calculator'!E30="DP",0,IF('GPA Calculator'!E30="WP",0,IF('GPA Calculator'!E30="P",0,IF('GPA Calculator'!E30="FA",0,IF('GPA Calculator'!E30="CR",0,IF('GPA Calculator'!E30="NC",0,IF('GPA Calculator'!E30="",0,A29))))))) -> 0 | C29: =IF('GPA Calculator'!E30="W",0,IF('GPA Calculator'!E30="P",0,IF('GPA Calculator'!E30="FA",0,IF('GPA Calculator'!E30="CR",0,IF('GPA Calculator'!E30="NC",0,IF('GPA Calculator'!E30="",0,'GPA Calculator'!E30)))))) -> 0 | D29: =IF(C29=0,0,VLOOKUP(C29,$AL$2:$AM$14,2,FALSE)) -> 0 | E29: =IF(D29=0,"",B29*D29) | F29: ='GPA Calculator'!G30 -> 0 | G29: =IF(F29=0,0,1) -> 0 | H29: ='GPA Calculator'!H30 -> 0 | I29: =IF(H29=0,0,1) -> 0 | J29: ='GPA Calculator'!I30 -> 0 | K29: =IF(J29=0,0,1) -> 0 | L29: =B29 -> 0 | M29: =E29 | N29: =IF(G29=1,"",IF(K29=1,"",B29)) -> 0 | O29: =IF(G29=1,"",IF(K29=1,"",E29)) | P29: =IF(G29=1,"",IF(K29=1,"",IF(I29=0,"",B29))) | Q29: =IF(G29=1,"",IF(K29=1,"",IF(I29=0,"",E29))) | S29: ='GPA Calculator'!N30 -> 0 | T29: =IF('GPA Calculator'!O30="DP",0,IF('GPA Calculator'!O30="WP",0,IF('GPA Calculator'!O30="P",0,IF('GPA Calculator'!O30="FA",0,IF('GPA Calculator'!O30="CR",0,IF('GPA Calculator'!O30="NC",0,IF('GPA Calculator'!O30="",0,S29))))))) -> 0 | U29: =IF('GPA Calculator'!O30="W",0,IF('GPA Calculator'!O30="P",0,IF('GPA Calculator'!O30="FA",0,IF('GPA Calculator'!O30="CR",0,IF('GPA Calculator'!O30="NC",0,IF('GPA Calculator'!O30="",0,'GPA Calculator'!O30)))))) -> 0 | V29: =IF(U29=0,0,VLOOKUP(U29,$AL$2:$AM$14,2,FALSE)) -> 0 | W29: =IF(V29=0,"",T29*V29) | X29: ='GPA Calculator'!Q30 -> 0 | Y29: =IF(X29=0,0,1) -> 0 | Z29: ='GPA Calculator'!R30 -> 0 | AA29: =IF(Z29=0,0,1) -> 0 | AB29: ='GPA Calculator'!S30 -> 0 | AC29: =IF(AB29=0,0,1) -> 0 | AD29: =T29 -> 0 | AE29: =W29 | AF29: =IF(Y29=1,"",IF(AC29=1,"",T29)) -> 0 | AG29: =IF(Y29=1,"",IF(AC29=1,"",W29)) | AH29: =IF(Y29=1,"",IF(AC29=1,"",IF(AA29=0,"",T29))) | AI29: =IF(Y29=1,"",IF(AC29=1,"",IF(AA29=0,"",W29)))
B30: =SUM(B21:B29) -> 0 | E30: =SUM(E21:E29) -> 0 | L30: =SUM(L21:L29) -> 0 | M30: =SUM(M21:M29) -> 0 | N30: =SUM(N21:N29) -> 0 | O30: =SUM(O21:O29) -> 0 | P30: =SUM(P21:P29) -> 0 | Q30: =SUM(Q21:Q29) -> 0 | T30: =SUM(T21:T29) -> 0 | V30: =SUM(V21:V29) -> 0 | W30: =SUM(W21:W29) -> 0 | AD30: =SUM(AD21:AD29) -> 0 | AE30: =SUM(AE21:AE29) -> 0 | AF30: =SUM(AF21:AF29) -> 0 | AG30: =SUM(AG21:AG29) -> 0 | AH30: =SUM(AH21:AH29) -> 0 | AI30: =SUM(AI21:AI29) -> 0
L31: Term GPA | M31: =IF(L30=0,"",M30/L30) | N31: BU GPA | O31: =IF(N30=0,"",O30/N30) | P31: MAJ GPA | Q31: =IF(P30=0,"",Q30/P30) | AD31: Term GPA | AE31: =IF(AD30=0,"",AE30/AD30) | AF31: BU GPA | AG31: =IF(AF30=0,"",AG30/AF30) | AH31: MAJ GPA | AI31: =IF(AH30=0,"",AI30/AH30)
A36: Hours | B36: QHrs | C36: Grades | D36: Grd Pts | E36: Points | F36: TR | H36: MAJ | J36: RPL | L36: Ttl Hrs | M36: Ttl Pts | N36: BU Hrs | O36: BU Pts | P36: Major Hrs | Q36: Major Pts | S36: Hours | T36: QHrs | U36: Grades | V36: Grd Pts | W36: Points | X36: TR | Z36: MAJ | AB36: RPL | AD36: Ttl Hrs | AE36: Ttl Pts | AF36: BU Hrs | AG36: BU Pts | AH36: Major Hrs | AI36: Major Pts
A37: ='GPA Calculator'!D39 -> 0 | B37: =IF('GPA Calculator'!E39="W",0,IF('GPA Calculator'!E39="P",0,IF('GPA Calculator'!E39="FA",0,IF('GPA Calculator'!E39="CR",0,IF('GPA Calculator'!E39="NC",0,IF('GPA Calculator'!E39="",0,A37)))))) -> 0 | C37: =IF('GPA Calculator'!E39="W",0,IF('GPA Calculator'!E39="P",0,IF('GPA Calculator'!E39="FA",0,IF('GPA Calculator'!E39="CR",0,IF('GPA Calculator'!E39="NC",0,IF('GPA Calculator'!E39="",0,'GPA Calculator'!E39)))))) -> 0 | D37: =IF(C37=0,0,VLOOKUP(C37,$AL$2:$AM$14,2,FALSE)) -> 0 | E37: =IF(D37=0,"",B37*D37) | F37: ='GPA Calculator'!G39 -> 0 | G37: =IF(F37=0,0,1) -> 0 | H37: ='GPA Calculator'!H39 -> 0 | I37: =IF(H37=0,0,1) -> 0 | J37: ='GPA Calculator'!I39 -> 0 | K37: =IF(J37=0,0,1) -> 0 | L37: =B37 -> 0 | M37: =E37 | N37: =IF(G37=1,"",IF(K37=1,"",B37)) -> 0 | O37: =IF(G37=1,"",IF(K37=1,"",E37)) | P37: =IF(G37=1,"",IF(K37=1,"",IF(I37=0,"",B37))) | Q37: =IF(G37=1,"",IF(K37=1,"",IF(I37=0,"",E37))) | S37: ='GPA Calculator'!N39 -> 0 | T37: =IF('GPA Calculator'!O39="DP",0,IF('GPA Calculator'!O39="WP",0,IF('GPA Calculator'!O39="P",0,IF('GPA Calculator'!O39="FA",0,IF('GPA Calculator'!O39="CR",0,IF('GPA Calculator'!O39="NC",0,IF('GPA Calculator'!O39="",0,S37))))))) -> 0 | U37: =IF('GPA Calculator'!O39="W",0,IF('GPA Calculator'!O39="P",0,IF('GPA Calculator'!O39="FA",0,IF('GPA Calculator'!O39="CR",0,IF('GPA Calculator'!O39="NC",0,IF('GPA Calculator'!O39="",0,'GPA Calculator'!O39)))))) -> 0 | V37: =IF(U37=0,0,VLOOKUP(U37,$AL$2:$AM$14,2,FALSE)) -> 0 | W37: =IF(V37=0,"",T37*V37) | X37: ='GPA Calculator'!Q39 -> 0 | Y37: =IF(X37=0,0,1) -> 0 | Z37: ='GPA Calculator'!R39 -> 0 | AA37: =IF(Z37=0,0,1) -> 0 | AB37: ='GPA Calculator'!S39 -> 0 | AC37: =IF(AB37=0,0,1) -> 0 | AD37: =T37 -> 0 | AE37: =W37 | AF37: =IF(Y37=1,"",IF(AC37=1,"",T37)) -> 0 | AG37: =IF(Y37=1,"",IF(AC37=1,"",W37)) | AH37: =IF(Y37=1,"",IF(AC37=1,"",IF(AA37=0,"",T37))) | AI37: =IF(Y37=1,"",IF(AC37=1,"",IF(AA37=0,"",W37)))
A38: ='GPA Calculator'!D40 -> 0 | B38: =IF('GPA Calculator'!E40="DP",0,IF('GPA Calculator'!E40="WP",0,IF('GPA Calculator'!E40="P",0,IF('GPA Calculator'!E40="FA",0,IF('GPA Calculator'!E40="CR",0,IF('GPA Calculator'!E40="NC",0,IF('GPA Calculator'!E40="",0,A38))))))) -> 0 | C38: =IF('GPA Calculator'!E40="W",0,IF('GPA Calculator'!E40="P",0,IF('GPA Calculator'!E40="FA",0,IF('GPA Calculator'!E40="CR",0,IF('GPA Calculator'!E40="NC",0,IF('GPA Calculator'!E40="",0,'GPA Calculator'!E40)))))) -> 0 | D38: =IF(C38=0,0,VLOOKUP(C38,$AL$2:$AM$14,2,FALSE)) -> 0 | E38: =IF(D38=0,"",B38*D38) | F38: ='GPA Calculator'!G40 -> 0 | G38: =IF(F38=0,0,1) -> 0 | H38: ='GPA Calculator'!H40 -> 0 | I38: =IF(H38=0,0,1) -> 0 | J38: ='GPA Calculator'!I40 -> 0 | K38: =IF(J38=0,0,1) -> 0 | L38: =B38 -> 0 | M38: =E38 | N38: =IF(G38=1,"",IF(K38=1,"",B38)) -> 0 | O38: =IF(G38=1,"",IF(K38=1,"",E38)) | P38: =IF(G38=1,"",IF(K38=1,"",IF(I38=0,"",B38))) | Q38: =IF(G38=1,"",IF(K38=1,"",IF(I38=0,"",E38))) | S38: ='GPA Calculator'!N40 -> 0 | T38: =IF('GPA Calculator'!O40="DP",0,IF('GPA Calculator'!O40="WP",0,IF('GPA Calculator'!O40="P",0,IF('GPA Calculator'!O40="FA",0,IF('GPA Calculator'!O40="CR",0,IF('GPA Calculator'!O40="NC",0,IF('GPA Calculator'!O40="",0,S38))))))) -> 0 | U38: =IF('GPA Calculator'!O40="W",0,IF('GPA Calculator'!O40="P",0,IF('GPA Calculator'!O40="FA",0,IF('GPA Calculator'!O40="CR",0,IF('GPA Calculator'!O40="NC",0,IF('GPA Calculator'!O40="",0,'GPA Calculator'!O40)))))) -> 0 | V38: =IF(U38=0,0,VLOOKUP(U38,$AL$2:$AM$14,2,FALSE)) -> 0 | W38: =IF(V38=0,"",T38*V38) | X38: ='GPA Calculator'!Q40 -> 0 | Y38: =IF(X38=0,0,1) -> 0 | Z38: ='GPA Calculator'!R40 -> 0 | AA38: =IF(Z38=0,0,1) -> 0 | AB38: ='GPA Calculator'!S40 -> 0 | AC38: =IF(AB38=0,0,1) -> 0 | AD38: =T38 -> 0 | AE38: =W38 | AF38: =IF(Y38=1,"",IF(AC38=1,"",T38)) -> 0 | AG38: =IF(Y38=1,"",IF(AC38=1,"",W38)) | AH38: =IF(Y38=1,"",IF(AC38=1,"",IF(AA38=0,"",T38))) | AI38: =IF(Y38=1,"",IF(AC38=1,"",IF(AA38=0,"",W38)))
A39: ='GPA Calculator'!D41 -> 0 | B39: =IF('GPA Calculator'!E41="DP",0,IF('GPA Calculator'!E41="WP",0,IF('GPA Calculator'!E41="P",0,IF('GPA Calculator'!E41="FA",0,IF('GPA Calculator'!E41="CR",0,IF('GPA Calculator'!E41="NC",0,IF('GPA Calculator'!E41="",0,A39))))))) -> 0 | C39: =IF('GPA Calculator'!E41="W",0,IF('GPA Calculator'!E41="P",0,IF('GPA Calculator'!E41="FA",0,IF('GPA Calculator'!E41="CR",0,IF('GPA Calculator'!E41="NC",0,IF('GPA Calculator'!E41="",0,'GPA Calculator'!E41)))))) -> 0 | D39: =IF(C39=0,0,VLOOKUP(C39,$AL$2:$AM$14,2,FALSE)) -> 0 | E39: =IF(D39=0,"",B39*D39) | F39: ='GPA Calculator'!G41 -> 0 | G39: =IF(F39=0,0,1) -> 0 | H39: ='GPA Calculator'!H41 -> 0 | I39: =IF(H39=0,0,1) -> 0 | J39: ='GPA Calculator'!I41 -> 0 | K39: =IF(J39=0,0,1) -> 0 | L39: =B39 -> 0 | M39: =E39 | N39: =IF(G39=1,"",IF(K39=1,"",B39)) -> 0 | O39: =IF(G39=1,"",IF(K39=1,"",E39)) | P39: =IF(G39=1,"",IF(K39=1,"",IF(I39=0,"",B39))) | Q39: =IF(G39=1,"",IF(K39=1,"",IF(I39=0,"",E39))) | S39: ='GPA Calculator'!N41 -> 0 | T39: =IF('GPA Calculator'!O41="DP",0,IF('GPA Calculator'!O41="WP",0,IF('GPA Calculator'!O41="P",0,IF('GPA Calculator'!O41="FA",0,IF('GPA Calculator'!O41="CR",0,IF('GPA Calculator'!O41="NC",0,IF('GPA Calculator'!O41="",0,S39))))))) -> 0 | U39: =IF('GPA Calculator'!O41="W",0,IF('GPA Calculator'!O41="P",0,IF('GPA Calculator'!O41="FA",0,IF('GPA Calculator'!O41="CR",0,IF('GPA Calculator'!O41="NC",0,IF('GPA Calculator'!O41="",0,'GPA Calculator'!O41)))))) -> 0 | V39: =IF(U39=0,0,VLOOKUP(U39,$AL$2:$AM$14,2,FALSE)) -> 0 | W39: =IF(V39=0,"",T39*V39) | X39: ='GPA Calculator'!Q41 -> 0 | Y39: =IF(X39=0,0,1) -> 0 | Z39: ='GPA Calculator'!R41 -> 0 | AA39: =IF(Z39=0,0,1) -> 0 | AB39: ='GPA Calculator'!S41 -> 0 | AC39: =IF(AB39=0,0,1) -> 0 | AD39: =T39 -> 0 | AE39: =W39 | AF39: =IF(Y39=1,"",IF(AC39=1,"",T39)) -> 0 | AG39: =IF(Y39=1,"",IF(AC39=1,"",W39)) | AH39: =IF(Y39=1,"",IF(AC39=1,"",IF(AA39=0,"",T39))) | AI39: =IF(Y39=1,"",IF(AC39=1,"",IF(AA39=0,"",W39)))
A40: ='GPA Calculator'!D42 -> 0 | B40: =IF('GPA Calculator'!E42="DP",0,IF('GPA Calculator'!E42="WP",0,IF('GPA Calculator'!E42="P",0,IF('GPA Calculator'!E42="FA",0,IF('GPA Calculator'!E42="CR",0,IF('GPA Calculator'!E42="NC",0,IF('GPA Calculator'!E42="",0,A40))))))) -> 0 | C40: =IF('GPA Calculator'!E42="W",0,IF('GPA Calculator'!E42="P",0,IF('GPA Calculator'!E42="FA",0,IF('GPA Calculator'!E42="CR",0,IF('GPA Calculator'!E42="NC",0,IF('GPA Calculator'!E42="",0,'GPA Calculator'!E42)))))) -> 0 | D40: =IF(C40=0,0,VLOOKUP(C40,$AL$2:$AM$14,2,FALSE)) -> 0 | E40: =IF(D40=0,"",B40*D40) | F40: ='GPA Calculator'!G42 -> 0 | G40: =IF(F40=0,0,1) -> 0 | H40: ='GPA Calculator'!H42 -> 0 | I40: =IF(H40=0,0,1) -> 0 | J40: ='GPA Calculator'!I42 -> 0 | K40: =IF(J40=0,0,1) -> 0 | L40: =B40 -> 0 | M40: =E40 | N40: =IF(G40=1,"",IF(K40=1,"",B40)) -> 0 | O40: =IF(G40=1,"",IF(K40=1,"",E40)) | P40: =IF(G40=1,"",IF(K40=1,"",IF(I40=0,"",B40))) | Q40: =IF(G40=1,"",IF(K40=1,"",IF(I40=0,"",E40))) | S40: ='GPA Calculator'!N42 -> 0 | T40: =IF('GPA Calculator'!O42="DP",0,IF('GPA Calculator'!O42="WP",0,IF('GPA Calculator'!O42="P",0,IF('GPA Calculator'!O42="FA",0,IF('GPA Calculator'!O42="CR",0,IF('GPA Calculator'!O42="NC",0,IF('GPA Calculator'!O42="",0,S40))))))) -> 0 | U40: =IF('GPA Calculator'!O42="W",0,IF('GPA Calculator'!O42="P",0,IF('GPA Calculator'!O42="FA",0,IF('GPA Calculator'!O42="CR",0,IF('GPA Calculator'!O42="NC",0,IF('GPA Calculator'!O42="",0,'GPA Calculator'!O42)))))) -> 0 | V40: =IF(U40=0,0,VLOOKUP(U40,$AL$2:$AM$14,2,FALSE)) -> 0 | W40: =IF(V40=0,"",T40*V40) | X40: ='GPA Calculator'!Q42 -> 0 | Y40: =IF(X40=0,0,1) -> 0 | Z40: ='GPA Calculator'!R42 -> 0 | AA40: =IF(Z40=0,0,1) -> 0 | AB40: ='GPA Calculator'!S42 -> 0 | AC40: =IF(AB40=0,0,1) -> 0 | AD40: =T40 -> 0 | AE40: =W40 | AF40: =IF(Y40=1,"",IF(AC40=1,"",T40)) -> 0 | AG40: =IF(Y40=1,"",IF(AC40=1,"",W40)) | AH40: =IF(Y40=1,"",IF(AC40=1,"",IF(AA40=0,"",T40))) | AI40: =IF(Y40=1,"",IF(AC40=1,"",IF(AA40=0,"",W40)))
A41: ='GPA Calculator'!D43 -> 0 | B41: =IF('GPA Calculator'!E43="DP",0,IF('GPA Calculator'!E43="WP",0,IF('GPA Calculator'!E43="P",0,IF('GPA Calculator'!E43="FA",0,IF('GPA Calculator'!E43="CR",0,IF('GPA Calculator'!E43="NC",0,IF('GPA Calculator'!E43="",0,A41))))))) -> 0 | C41: =IF('GPA Calculator'!E43="W",0,IF('GPA Calculator'!E43="P",0,IF('GPA Calculator'!E43="FA",0,IF('GPA Calculator'!E43="CR",0,IF('GPA Calculator'!E43="NC",0,IF('GPA Calculator'!E43="",0,'GPA Calculator'!E43)))))) -> 0 | D41: =IF(C41=0,0,VLOOKUP(C41,$AL$2:$AM$14,2,FALSE)) -> 0 | E41: =IF(D41=0,"",B41*D41) | F41: ='GPA Calculator'!G43 -> 0 | G41: =IF(F41=0,0,1) -> 0 | H41: ='GPA Calculator'!H43 -> 0 | I41: =IF(H41=0,0,1) -> 0 | J41: ='GPA Calculator'!I43 -> 0 | K41: =IF(J41=0,0,1) -> 0 | L41: =B41 -> 0 | M41: =E41 | N41: =IF(G41=1,"",IF(K41=1,"",B41)) -> 0 | O41: =IF(G41=1,"",IF(K41=1,"",E41)) | P41: =IF(G41=1,"",IF(K41=1,"",IF(I41=0,"",B41))) | Q41: =IF(G41=1,"",IF(K41=1,"",IF(I41=0,"",E41))) | S41: ='GPA Calculator'!N43 -> 0 | T41: =IF('GPA Calculator'!O43="DP",0,IF('GPA Calculator'!O43="WP",0,IF('GPA Calculator'!O43="P",0,IF('GPA Calculator'!O43="FA",0,IF('GPA Calculator'!O43="CR",0,IF('GPA Calculator'!O43="NC",0,IF('GPA Calculator'!O43="",0,S41))))))) -> 0 | U41: =IF('GPA Calculator'!O43="W",0,IF('GPA Calculator'!O43="P",0,IF('GPA Calculator'!O43="FA",0,IF('GPA Calculator'!O43="CR",0,IF('GPA Calculator'!O43="NC",0,IF('GPA Calculator'!O43="",0,'GPA Calculator'!O43)))))) -> 0 | V41: =IF(U41=0,0,VLOOKUP(U41,$AL$2:$AM$14,2,FALSE)) -> 0 | W41: =IF(V41=0,"",T41*V41) | X41: ='GPA Calculator'!Q43 -> 0 | Y41: =IF(X41=0,0,1) -> 0 | Z41: ='GPA Calculator'!R43 -> 0 | AA41: =IF(Z41=0,0,1) -> 0 | AB41: ='GPA Calculator'!S43 -> 0 | AC41: =IF(AB41=0,0,1) -> 0 | AD41: =T41 -> 0 | AE41: =W41 | AF41: =IF(Y41=1,"",IF(AC41=1,"",T41)) -> 0 | AG41: =IF(Y41=1,"",IF(AC41=1,"",W41)) | AH41: =IF(Y41=1,"",IF(AC41=1,"",IF(AA41=0,"",T41))) | AI41: =IF(Y41=1,"",IF(AC41=1,"",IF(AA41=0,"",W41)))
A42: ='GPA Calculator'!D44 -> 0 | B42: =IF('GPA Calculator'!E44="DP",0,IF('GPA Calculator'!E44="WP",0,IF('GPA Calculator'!E44="P",0,IF('GPA Calculator'!E44="FA",0,IF('GPA Calculator'!E44="CR",0,IF('GPA Calculator'!E44="NC",0,IF('GPA Calculator'!E44="",0,A42))))))) -> 0 | C42: =IF('GPA Calculator'!E44="W",0,IF('GPA Calculator'!E44="P",0,IF('GPA Calculator'!E44="FA",0,IF('GPA Calculator'!E44="CR",0,IF('GPA Calculator'!E44="NC",0,IF('GPA Calculator'!E44="",0,'GPA Calculator'!E44)))))) -> 0 | D42: =IF(C42=0,0,VLOOKUP(C42,$AL$2:$AM$14,2,FALSE)) -> 0 | E42: =IF(D42=0,"",B42*D42) | F42: ='GPA Calculator'!G44 -> 0 | G42: =IF(F42=0,0,1) -> 0 | H42: ='GPA Calculator'!H44 -> 0 | I42: =IF(H42=0,0,1) -> 0 | J42: ='GPA Calculator'!I44 -> 0 | K42: =IF(J42=0,0,1) -> 0 | L42: =B42 -> 0 | M42: =E42 | N42: =IF(G42=1,"",IF(K42=1,"",B42)) -> 0 | O42: =IF(G42=1,"",IF(K42=1,"",E42)) | P42: =IF(G42=1,"",IF(K42=1,"",IF(I42=0,"",B42))) | Q42: =IF(G42=1,"",IF(K42=1,"",IF(I42=0,"",E42))) | S42: ='GPA Calculator'!N44 -> 0 | T42: =IF('GPA Calculator'!O44="DP",0,IF('GPA Calculator'!O44="WP",0,IF('GPA Calculator'!O44="P",0,IF('GPA Calculator'!O44="FA",0,IF('GPA Calculator'!O44="CR",0,IF('GPA Calculator'!O44="NC",0,IF('GPA Calculator'!O44="",0,S42))))))) -> 0 | U42: =IF('GPA Calculator'!O44="W",0,IF('GPA Calculator'!O44="P",0,IF('GPA Calculator'!O44="FA",0,IF('GPA Calculator'!O44="CR",0,IF('GPA Calculator'!O44="NC",0,IF('GPA Calculator'!O44="",0,'GPA Calculator'!O44)))))) -> 0 | V42: =IF(U42=0,0,VLOOKUP(U42,$AL$2:$AM$14,2,FALSE)) -> 0 | W42: =IF(V42=0,"",T42*V42) | X42: ='GPA Calculator'!Q44 -> 0 | Y42: =IF(X42=0,0,1) -> 0 | Z42: ='GPA Calculator'!R44 -> 0 | AA42: =IF(Z42=0,0,1) -> 0 | AB42: ='GPA Calculator'!S44 -> 0 | AC42: =IF(AB42=0,0,1) -> 0 | AD42: =T42 -> 0 | AE42: =W42 | AF42: =IF(Y42=1,"",IF(AC42=1,"",T42)) -> 0 | AG42: =IF(Y42=1,"",IF(AC42=1,"",W42)) | AH42: =IF(Y42=1,"",IF(AC42=1,"",IF(AA42=0,"",T42))) | AI42: =IF(Y42=1,"",IF(AC42=1,"",IF(AA42=0,"",W42)))
A43: ='GPA Calculator'!D45 -> 0 | B43: =IF('GPA Calculator'!E45="DP",0,IF('GPA Calculator'!E45="WP",0,IF('GPA Calculator'!E45="P",0,IF('GPA Calculator'!E45="FA",0,IF('GPA Calculator'!E45="CR",0,IF('GPA Calculator'!E45="NC",0,IF('GPA Calculator'!E45="",0,A43))))))) -> 0 | C43: =IF('GPA Calculator'!E45="W",0,IF('GPA Calculator'!E45="P",0,IF('GPA Calculator'!E45="FA",0,IF('GPA Calculator'!E45="CR",0,IF('GPA Calculator'!E45="NC",0,IF('GPA Calculator'!E45="",0,'GPA Calculator'!E45)))))) -> 0 | D43: =IF(C43=0,0,VLOOKUP(C43,$AL$2:$AM$14,2,FALSE)) -> 0 | E43: =IF(D43=0,"",B43*D43) | F43: ='GPA Calculator'!G45 -> 0 | G43: =IF(F43=0,0,1) -> 0 | H43: ='GPA Calculator'!H45 -> 0 | I43: =IF(H43=0,0,1) -> 0 | J43: ='GPA Calculator'!I45 -> 0 | K43: =IF(J43=0,0,1) -> 0 | L43: =B43 -> 0 | M43: =E43 | N43: =IF(G43=1,"",IF(K43=1,"",B43)) -> 0 | O43: =IF(G43=1,"",IF(K43=1,"",E43)) | P43: =IF(G43=1,"",IF(K43=1,"",IF(I43=0,"",B43))) | Q43: =IF(G43=1,"",IF(K43=1,"",IF(I43=0,"",E43))) | S43: ='GPA Calculator'!N45 -> 0 | T43: =IF('GPA Calculator'!O45="DP",0,IF('GPA Calculator'!O45="WP",0,IF('GPA Calculator'!O45="P",0,IF('GPA Calculator'!O45="FA",0,IF('GPA Calculator'!O45="CR",0,IF('GPA Calculator'!O45="NC",0,IF('GPA Calculator'!O45="",0,S43))))))) -> 0 | U43: =IF('GPA Calculator'!O45="W",0,IF('GPA Calculator'!O45="P",0,IF('GPA Calculator'!O45="FA",0,IF('GPA Calculator'!O45="CR",0,IF('GPA Calculator'!O45="NC",0,IF('GPA Calculator'!O45="",0,'GPA Calculator'!O45)))))) -> 0 | V43: =IF(U43=0,0,VLOOKUP(U43,$AL$2:$AM$14,2,FALSE)) -> 0 | W43: =IF(V43=0,"",T43*V43) | X43: ='GPA Calculator'!Q45 -> 0 | Y43: =IF(X43=0,0,1) -> 0 | Z43: ='GPA Calculator'!R45 -> 0 | AA43: =IF(Z43=0,0,1) -> 0 | AB43: ='GPA Calculator'!S45 -> 0 | AC43: =IF(AB43=0,0,1) -> 0 | AD43: =T43 -> 0 | AE43: =W43 | AF43: =IF(Y43=1,"",IF(AC43=1,"",T43)) -> 0 | AG43: =IF(Y43=1,"",IF(AC43=1,"",W43)) | AH43: =IF(Y43=1,"",IF(AC43=1,"",IF(AA43=0,"",T43))) | AI43: =IF(Y43=1,"",IF(AC43=1,"",IF(AA43=0,"",W43)))
A44: ='GPA Calculator'!D46 -> 0 | B44: =IF('GPA Calculator'!E46="DP",0,IF('GPA Calculator'!E46="WP",0,IF('GPA Calculator'!E46="P",0,IF('GPA Calculator'!E46="FA",0,IF('GPA Calculator'!E46="CR",0,IF('GPA Calculator'!E46="NC",0,IF('GPA Calculator'!E46="",0,A44))))))) -> 0 | C44: =IF('GPA Calculator'!E46="W",0,IF('GPA Calculator'!E46="P",0,IF('GPA Calculator'!E46="FA",0,IF('GPA Calculator'!E46="CR",0,IF('GPA Calculator'!E46="NC",0,IF('GPA Calculator'!E46="",0,'GPA Calculator'!E46)))))) -> 0 | D44: =IF(C44=0,0,VLOOKUP(C44,$AL$2:$AM$14,2,FALSE)) -> 0 | E44: =IF(D44=0,"",B44*D44) | F44: ='GPA Calculator'!G46 -> 0 | G44: =IF(F44=0,0,1) -> 0 | H44: ='GPA Calculator'!H46 -> 0 | I44: =IF(H44=0,0,1) -> 0 | J44: ='GPA Calculator'!I46 -> 0 | K44: =IF(J44=0,0,1) -> 0 | L44: =B44 -> 0 | M44: =E44 | N44: =IF(G44=1,"",IF(K44=1,"",B44)) -> 0 | O44: =IF(G44=1,"",IF(K44=1,"",E44)) | P44: =IF(G44=1,"",IF(K44=1,"",IF(I44=0,"",B44))) | Q44: =IF(G44=1,"",IF(K44=1,"",IF(I44=0,"",E44))) | S44: ='GPA Calculator'!N46 -> 0 | T44: =IF('GPA Calculator'!O46="DP",0,IF('GPA Calculator'!O46="WP",0,IF('GPA Calculator'!O46="P",0,IF('GPA Calculator'!O46="FA",0,IF('GPA Calculator'!O46="CR",0,IF('GPA Calculator'!O46="NC",0,IF('GPA Calculator'!O46="",0,S44))))))) -> 0 | U44: =IF('GPA Calculator'!O46="W",0,IF('GPA Calculator'!O46="P",0,IF('GPA Calculator'!O46="FA",0,IF('GPA Calculator'!O46="CR",0,IF('GPA Calculator'!O46="NC",0,IF('GPA Calculator'!O46="",0,'GPA Calculator'!O46)))))) -> 0 | V44: =IF(U44=0,0,VLOOKUP(U44,$AL$2:$AM$14,2,FALSE)) -> 0 | W44: =IF(V44=0,"",T44*V44) | X44: ='GPA Calculator'!Q46 -> 0 | Y44: =IF(X44=0,0,1) -> 0 | Z44: ='GPA Calculator'!R46 -> 0 | AA44: =IF(Z44=0,0,1) -> 0 | AB44: ='GPA Calculator'!S46 -> 0 | AC44: =IF(AB44=0,0,1) -> 0 | AD44: =T44 -> 0 | AE44: =W44 | AF44: =IF(Y44=1,"",IF(AC44=1,"",T44)) -> 0 | AG44: =IF(Y44=1,"",IF(AC44=1,"",W44)) | AH44: =IF(Y44=1,"",IF(AC44=1,"",IF(AA44=0,"",T44))) | AI44: =IF(Y44=1,"",IF(AC44=1,"",IF(AA44=0,"",W44)))
A45: ='GPA Calculator'!D47 -> 0 | B45: =IF('GPA Calculator'!E47="DP",0,IF('GPA Calculator'!E47="WP",0,IF('GPA Calculator'!E47="P",0,IF('GPA Calculator'!E47="FA",0,IF('GPA Calculator'!E47="CR",0,IF('GPA Calculator'!E47="NC",0,IF('GPA Calculator'!E47="",0,A45))))))) -> 0 | C45: =IF('GPA Calculator'!E47="W",0,IF('GPA Calculator'!E47="P",0,IF('GPA Calculator'!E47="FA",0,IF('GPA Calculator'!E47="CR",0,IF('GPA Calculator'!E47="NC",0,IF('GPA Calculator'!E47="",0,'GPA Calculator'!E47)))))) -> 0 | D45: =IF(C45=0,0,VLOOKUP(C45,$AL$2:$AM$14,2,FALSE)) -> 0 | E45: =IF(D45=0,"",B45*D45) | F45: ='GPA Calculator'!G47 -> 0 | G45: =IF(F45=0,0,1) -> 0 | H45: ='GPA Calculator'!H47 -> 0 | I45: =IF(H45=0,0,1) -> 0 | J45: ='GPA Calculator'!I47 -> 0 | K45: =IF(J45=0,0,1) -> 0 | L45: =B45 -> 0 | M45: =E45 | N45: =IF(G45=1,"",IF(K45=1,"",B45)) -> 0 | O45: =IF(G45=1,"",IF(K45=1,"",E45)) | P45: =IF(G45=1,"",IF(K45=1,"",IF(I45=0,"",B45))) | Q45: =IF(G45=1,"",IF(K45=1,"",IF(I45=0,"",E45))) | S45: ='GPA Calculator'!N47 -> 0 | T45: =IF('GPA Calculator'!O47="DP",0,IF('GPA Calculator'!O47="WP",0,IF('GPA Calculator'!O47="P",0,IF('GPA Calculator'!O47="FA",0,IF('GPA Calculator'!O47="CR",0,IF('GPA Calculator'!O47="NC",0,IF('GPA Calculator'!O47="",0,S45))))))) -> 0 | U45: =IF('GPA Calculator'!O47="W",0,IF('GPA Calculator'!O47="P",0,IF('GPA Calculator'!O47="FA",0,IF('GPA Calculator'!O47="CR",0,IF('GPA Calculator'!O47="NC",0,IF('GPA Calculator'!O47="",0,'GPA Calculator'!O47)))))) -> 0 | V45: =IF(U45=0,0,VLOOKUP(U45,$AL$2:$AM$14,2,FALSE)) -> 0 | W45: =IF(V45=0,"",T45*V45) | X45: ='GPA Calculator'!Q47 -> 0 | Y45: =IF(X45=0,0,1) -> 0 | Z45: ='GPA Calculator'!R47 -> 0 | AA45: =IF(Z45=0,0,1) -> 0 | AB45: ='GPA Calculator'!S47 -> 0 | AC45: =IF(AB45=0,0,1) -> 0 | AD45: =T45 -> 0 | AE45: =W45 | AF45: =IF(Y45=1,"",IF(AC45=1,"",T45)) -> 0 | AG45: =IF(Y45=1,"",IF(AC45=1,"",W45)) | AH45: =IF(Y45=1,"",IF(AC45=1,"",IF(AA45=0,"",T45))) | AI45: =IF(Y45=1,"",IF(AC45=1,"",IF(AA45=0,"",W45)))
B46: =SUM(B37:B45) -> 0 | E46: =SUM(E37:E45) -> 0 | L46: =SUM(L37:L45) -> 0 | M46: =SUM(M37:M45) -> 0 | N46: =SUM(N37:N45) -> 0 | O46: =SUM(O37:O45) -> 0 | P46: =SUM(P37:P45) -> 0 | Q46: =SUM(Q37:Q45) -> 0 | T46: =SUM(T37:T45) -> 0 | V46: =SUM(V37:V45) -> 0 | W46: =SUM(W37:W45) -> 0 | AD46: =SUM(AD37:AD45) -> 0 | AE46: =SUM(AE37:AE45) -> 0 | AF46: =SUM(AF37:AF45) -> 0 | AG46: =SUM(AG37:AG45) -> 0 | AH46: =SUM(AH37:AH45) -> 0 | AI46: =SUM(AI37:AI45) -> 0
L47: Term GPA | M47: =IF(L46=0,"",M46/L46) | N47: BU GPA | O47: =IF(N46=0,"",O46/N46) | P47: MAJ GPA | Q47: =IF(P46=0,"",Q46/P46) | AD47: Term GPA | AE47: =IF(AD46=0,"",AE46/AD46) | AF47: BU GPA | AG47: =IF(AF46=0,"",AG46/AF46) | AH47: MAJ GPA | AI47: =IF(AH46=0,"",AI46/AH46)
A52: Hours | B52: QHrs | C52: Grades | D52: Grd Pts | E52: Points | F52: TR | H52: MAJ | J52: RPL | L52: Ttl Hrs | M52: Ttl Pts | N52: BU Hrs | O52: BU Pts | P52: Major Hrs | Q52: Major Pts | S52: Hours | T52: QHrs | U52: Grades | V52: Grd Pts | W52: Points | X52: TR | Z52: MAJ | AB52: RPL | AD52: Ttl Hrs | AE52: Ttl Pts | AF52: BU Hrs | AG52: BU Pts | AH52: Major Hrs | AI52: Major Pts
A53: ='GPA Calculator'!D56 -> 0 | B53: =IF('GPA Calculator'!E56="W",0,IF('GPA Calculator'!E56="P",0,IF('GPA Calculator'!E56="FA",0,IF('GPA Calculator'!E56="CR",0,IF('GPA Calculator'!E56="NC",0,IF('GPA Calculator'!E56="",0,A53)))))) -> 0 | C53: =IF('GPA Calculator'!E56="W",0,IF('GPA Calculator'!E56="P",0,IF('GPA Calculator'!E56="FA",0,IF('GPA Calculator'!E56="CR",0,IF('GPA Calculator'!E56="NC",0,IF('GPA Calculator'!E56="",0,'GPA Calculator'!E56)))))) -> 0 | D53: =IF(C53=0,0,VLOOKUP(C53,$AL$2:$AM$14,2,FALSE)) -> 0 | E53: =IF(D53=0,"",B53*D53) | F53: ='GPA Calculator'!G56 -> 0 | G53: =IF(F53=0,0,1) -> 0 | H53: ='GPA Calculator'!H56 -> 0 | I53: =IF(H53=0,0,1) -> 0 | J53: ='GPA Calculator'!I56 -> 0 | K53: =IF(J53=0,0,1) -> 0 | L53: =B53 -> 0 | M53: =E53 | N53: =IF(G53=1,"",IF(K53=1,"",B53)) -> 0 | O53: =IF(G53=1,"",IF(K53=1,"",E53)) | P53: =IF(G53=1,"",IF(K53=1,"",IF(I53=0,"",B53))) | Q53: =IF(G53=1,"",IF(K53=1,"",IF(I53=0,"",E53))) | S53: ='GPA Calculator'!N56 -> 0 | T53: =IF('GPA Calculator'!O56="DP",0,IF('GPA Calculator'!O56="WP",0,IF('GPA Calculator'!O56="P",0,IF('GPA Calculator'!O56="FA",0,IF('GPA Calculator'!O56="CR",0,IF('GPA Calculator'!O56="NC",0,IF('GPA Calculator'!O56="",0,S53))))))) -> 0 | U53: =IF('GPA Calculator'!O56="W",0,IF('GPA Calculator'!O56="P",0,IF('GPA Calculator'!O56="FA",0,IF('GPA Calculator'!O56="CR",0,IF('GPA Calculator'!O56="NC",0,IF('GPA Calculator'!O56="",0,'GPA Calculator'!O56)))))) -> 0 | V53: =IF(U53=0,0,VLOOKUP(U53,$AL$2:$AM$14,2,FALSE)) -> 0 | W53: =IF(V53=0,"",T53*V53) | X53: ='GPA Calculator'!Q56 -> 0 | Y53: =IF(X53=0,0,1) -> 0 | Z53: ='GPA Calculator'!R56 -> 0 | AA53: =IF(Z53=0,0,1) -> 0 | AB53: ='GPA Calculator'!S56 -> 0 | AC53: =IF(AB53=0,0,1) -> 0 | AD53: =T53 -> 0 | AE53: =W53 | AF53: =IF(Y53=1,"",IF(AC53=1,"",T53)) -> 0 | AG53: =IF(Y53=1,"",IF(AC53=1,"",W53)) | AH53: =IF(Y53=1,"",IF(AC53=1,"",IF(AA53=0,"",T53))) | AI53: =IF(Y53=1,"",IF(AC53=1,"",IF(AA53=0,"",W53)))
A54: ='GPA Calculator'!D57 -> 0 | B54: =IF('GPA Calculator'!E57="DP",0,IF('GPA Calculator'!E57="WP",0,IF('GPA Calculator'!E57="P",0,IF('GPA Calculator'!E57="FA",0,IF('GPA Calculator'!E57="CR",0,IF('GPA Calculator'!E57="NC",0,IF('GPA Calculator'!E57="",0,A54))))))) -> 0 | C54: =IF('GPA Calculator'!E57="W",0,IF('GPA Calculator'!E57="P",0,IF('GPA Calculator'!E57="FA",0,IF('GPA Calculator'!E57="CR",0,IF('GPA Calculator'!E57="NC",0,IF('GPA Calculator'!E57="",0,'GPA Calculator'!E57)))))) -> 0 | D54: =IF(C54=0,0,VLOOKUP(C54,$AL$2:$AM$14,2,FALSE)) -> 0 | E54: =IF(D54=0,"",B54*D54) | F54: ='GPA Calculator'!G57 -> 0 | G54: =IF(F54=0,0,1) -> 0 | H54: ='GPA Calculator'!H57 -> 0 | I54: =IF(H54=0,0,1) -> 0 | J54: ='GPA Calculator'!I57 -> 0 | K54: =IF(J54=0,0,1) -> 0 | L54: =B54 -> 0 | M54: =E54 | N54: =IF(G54=1,"",IF(K54=1,"",B54)) -> 0 | O54: =IF(G54=1,"",IF(K54=1,"",E54)) | P54: =IF(G54=1,"",IF(K54=1,"",IF(I54=0,"",B54))) | Q54: =IF(G54=1,"",IF(K54=1,"",IF(I54=0,"",E54))) | S54: ='GPA Calculator'!N57 -> 0 | T54: =IF('GPA Calculator'!O57="DP",0,IF('GPA Calculator'!O57="WP",0,IF('GPA Calculator'!O57="P",0,IF('GPA Calculator'!O57="FA",0,IF('GPA Calculator'!O57="CR",0,IF('GPA Calculator'!O57="NC",0,IF('GPA Calculator'!O57="",0,S54))))))) -> 0 | U54: =IF('GPA Calculator'!O57="W",0,IF('GPA Calculator'!O57="P",0,IF('GPA Calculator'!O57="FA",0,IF('GPA Calculator'!O57="CR",0,IF('GPA Calculator'!O57="NC",0,IF('GPA Calculator'!O57="",0,'GPA Calculator'!O57)))))) -> 0 | V54: =IF(U54=0,0,VLOOKUP(U54,$AL$2:$AM$14,2,FALSE)) -> 0 | W54: =IF(V54=0,"",T54*V54) | X54: ='GPA Calculator'!Q57 -> 0 | Y54: =IF(X54=0,0,1) -> 0 | Z54: ='GPA Calculator'!R57 -> 0 | AA54: =IF(Z54=0,0,1) -> 0 | AB54: ='GPA Calculator'!S57 -> 0 | AC54: =IF(AB54=0,0,1) -> 0 | AD54: =T54 -> 0 | AE54: =W54 | AF54: =IF(Y54=1,"",IF(AC54=1,"",T54)) -> 0 | AG54: =IF(Y54=1,"",IF(AC54=1,"",W54)) | AH54: =IF(Y54=1,"",IF(AC54=1,"",IF(AA54=0,"",T54))) | AI54: =IF(Y54=1,"",IF(AC54=1,"",IF(AA54=0,"",W54)))
A55: ='GPA Calculator'!D58 -> 0 | B55: =IF('GPA Calculator'!E58="DP",0,IF('GPA Calculator'!E58="WP",0,IF('GPA Calculator'!E58="P",0,IF('GPA Calculator'!E58="FA",0,IF('GPA Calculator'!E58="CR",0,IF('GPA Calculator'!E58="NC",0,IF('GPA Calculator'!E58="",0,A55))))))) -> 0 | C55: =IF('GPA Calculator'!E58="W",0,IF('GPA Calculator'!E58="P",0,IF('GPA Calculator'!E58="FA",0,IF('GPA Calculator'!E58="CR",0,IF('GPA Calculator'!E58="NC",0,IF('GPA Calculator'!E58="",0,'GPA Calculator'!E58)))))) -> 0 | D55: =IF(C55=0,0,VLOOKUP(C55,$AL$2:$AM$14,2,FALSE)) -> 0 | E55: =IF(D55=0,"",B55*D55) | F55: ='GPA Calculator'!G58 -> 0 | G55: =IF(F55=0,0,1) -> 0 | H55: ='GPA Calculator'!H58 -> 0 | I55: =IF(H55=0,0,1) -> 0 | J55: ='GPA Calculator'!I58 -> 0 | K55: =IF(J55=0,0,1) -> 0 | L55: =B55 -> 0 | M55: =E55 | N55: =IF(G55=1,"",IF(K55=1,"",B55)) -> 0 | O55: =IF(G55=1,"",IF(K55=1,"",E55)) | P55: =IF(G55=1,"",IF(K55=1,"",IF(I55=0,"",B55))) | Q55: =IF(G55=1,"",IF(K55=1,"",IF(I55=0,"",E55))) | S55: ='GPA Calculator'!N58 -> 0 | T55: =IF('GPA Calculator'!O58="DP",0,IF('GPA Calculator'!O58="WP",0,IF('GPA Calculator'!O58="P",0,IF('GPA Calculator'!O58="FA",0,IF('GPA Calculator'!O58="CR",0,IF('GPA Calculator'!O58="NC",0,IF('GPA Calculator'!O58="",0,S55))))))) -> 0 | U55: =IF('GPA Calculator'!O58="W",0,IF('GPA Calculator'!O58="P",0,IF('GPA Calculator'!O58="FA",0,IF('GPA Calculator'!O58="CR",0,IF('GPA Calculator'!O58="NC",0,IF('GPA Calculator'!O58="",0,'GPA Calculator'!O58)))))) -> 0 | V55: =IF(U55=0,0,VLOOKUP(U55,$AL$2:$AM$14,2,FALSE)) -> 0 | W55: =IF(V55=0,"",T55*V55) | X55: ='GPA Calculator'!Q58 -> 0 | Y55: =IF(X55=0,0,1) -> 0 | Z55: ='GPA Calculator'!R58 -> 0 | AA55: =IF(Z55=0,0,1) -> 0 | AB55: ='GPA Calculator'!S58 -> 0 | AC55: =IF(AB55=0,0,1) -> 0 | AD55: =T55 -> 0 | AE55: =W55 | AF55: =IF(Y55=1,"",IF(AC55=1,"",T55)) -> 0 | AG55: =IF(Y55=1,"",IF(AC55=1,"",W55)) | AH55: =IF(Y55=1,"",IF(AC55=1,"",IF(AA55=0,"",T55))) | AI55: =IF(Y55=1,"",IF(AC55=1,"",IF(AA55=0,"",W55)))
A56: ='GPA Calculator'!D59 -> 0 | B56: =IF('GPA Calculator'!E59="DP",0,IF('GPA Calculator'!E59="WP",0,IF('GPA Calculator'!E59="P",0,IF('GPA Calculator'!E59="FA",0,IF('GPA Calculator'!E59="CR",0,IF('GPA Calculator'!E59="NC",0,IF('GPA Calculator'!E59="",0,A56))))))) -> 0 | C56: =IF('GPA Calculator'!E59="W",0,IF('GPA Calculator'!E59="P",0,IF('GPA Calculator'!E59="FA",0,IF('GPA Calculator'!E59="CR",0,IF('GPA Calculator'!E59="NC",0,IF('GPA Calculator'!E59="",0,'GPA Calculator'!E59)))))) -> 0 | D56: =IF(C56=0,0,VLOOKUP(C56,$AL$2:$AM$14,2,FALSE)) -> 0 | E56: =IF(D56=0,"",B56*D56) | F56: ='GPA Calculator'!G59 -> 0 | G56: =IF(F56=0,0,1) -> 0 | H56: ='GPA Calculator'!H59 -> 0 | I56: =IF(H56=0,0,1) -> 0 | J56: ='GPA Calculator'!I59 -> 0 | K56: =IF(J56=0,0,1) -> 0 | L56: =B56 -> 0 | M56: =E56 | N56: =IF(G56=1,"",IF(K56=1,"",B56)) -> 0 | O56: =IF(G56=1,"",IF(K56=1,"",E56)) | P56: =IF(G56=1,"",IF(K56=1,"",IF(I56=0,"",B56))) | Q56: =IF(G56=1,"",IF(K56=1,"",IF(I56=0,"",E56))) | S56: ='GPA Calculator'!N59 -> 0 | T56: =IF('GPA Calculator'!O59="DP",0,IF('GPA Calculator'!O59="WP",0,IF('GPA Calculator'!O59="P",0,IF('GPA Calculator'!O59="FA",0,IF('GPA Calculator'!O59="CR",0,IF('GPA Calculator'!O59="NC",0,IF('GPA Calculator'!O59="",0,S56))))))) -> 0 | U56: =IF('GPA Calculator'!O59="W",0,IF('GPA Calculator'!O59="P",0,IF('GPA Calculator'!O59="FA",0,IF('GPA Calculator'!O59="CR",0,IF('GPA Calculator'!O59="NC",0,IF('GPA Calculator'!O59="",0,'GPA Calculator'!O59)))))) -> 0 | V56: =IF(U56=0,0,VLOOKUP(U56,$AL$2:$AM$14,2,FALSE)) -> 0 | W56: =IF(V56=0,"",T56*V56) | X56: ='GPA Calculator'!Q59 -> 0 | Y56: =IF(X56=0,0,1) -> 0 | Z56: ='GPA Calculator'!R59 -> 0 | AA56: =IF(Z56=0,0,1) -> 0 | AB56: ='GPA Calculator'!S59 -> 0 | AC56: =IF(AB56=0,0,1) -> 0 | AD56: =T56 -> 0 | AE56: =W56 | AF56: =IF(Y56=1,"",IF(AC56=1,"",T56)) -> 0 | AG56: =IF(Y56=1,"",IF(AC56=1,"",W56)) | AH56: =IF(Y56=1,"",IF(AC56=1,"",IF(AA56=0,"",T56))) | AI56: =IF(Y56=1,"",IF(AC56=1,"",IF(AA56=0,"",W56)))
A57: ='GPA Calculator'!D60 -> 0 | B57: =IF('GPA Calculator'!E60="DP",0,IF('GPA Calculator'!E60="WP",0,IF('GPA Calculator'!E60="P",0,IF('GPA Calculator'!E60="FA",0,IF('GPA Calculator'!E60="CR",0,IF('GPA Calculator'!E60="NC",0,IF('GPA Calculator'!E60="",0,A57))))))) -> 0 | C57: =IF('GPA Calculator'!E60="W",0,IF('GPA Calculator'!E60="P",0,IF('GPA Calculator'!E60="FA",0,IF('GPA Calculator'!E60="CR",0,IF('GPA Calculator'!E60="NC",0,IF('GPA Calculator'!E60="",0,'GPA Calculator'!E60)))))) -> 0 | D57: =IF(C57=0,0,VLOOKUP(C57,$AL$2:$AM$14,2,FALSE)) -> 0 | E57: =IF(D57=0,"",B57*D57) | F57: ='GPA Calculator'!G60 -> 0 | G57: =IF(F57=0,0,1) -> 0 | H57: ='GPA Calculator'!H60 -> 0 | I57: =IF(H57=0,0,1) -> 0 | J57: ='GPA Calculator'!I60 -> 0 | K57: =IF(J57=0,0,1) -> 0 | L57: =B57 -> 0 | M57: =E57 | N57: =IF(G57=1,"",IF(K57=1,"",B57)) -> 0 | O57: =IF(G57=1,"",IF(K57=1,"",E57)) | P57: =IF(G57=1,"",IF(K57=1,"",IF(I57=0,"",B57))) | Q57: =IF(G57=1,"",IF(K57=1,"",IF(I57=0,"",E57))) | S57: ='GPA Calculator'!N60 -> 0 | T57: =IF('GPA Calculator'!O60="DP",0,IF('GPA Calculator'!O60="WP",0,IF('GPA Calculator'!O60="P",0,IF('GPA Calculator'!O60="FA",0,IF('GPA Calculator'!O60="CR",0,IF('GPA Calculator'!O60="NC",0,IF('GPA Calculator'!O60="",0,S57))))))) -> 0 | U57: =IF('GPA Calculator'!O60="W",0,IF('GPA Calculator'!O60="P",0,IF('GPA Calculator'!O60="FA",0,IF('GPA Calculator'!O60="CR",0,IF('GPA Calculator'!O60="NC",0,IF('GPA Calculator'!O60="",0,'GPA Calculator'!O60)))))) -> 0 | V57: =IF(U57=0,0,VLOOKUP(U57,$AL$2:$AM$14,2,FALSE)) -> 0 | W57: =IF(V57=0,"",T57*V57) | X57: ='GPA Calculator'!Q60 -> 0 | Y57: =IF(X57=0,0,1) -> 0 | Z57: ='GPA Calculator'!R60 -> 0 | AA57: =IF(Z57=0,0,1) -> 0 | AB57: ='GPA Calculator'!S60 -> 0 | AC57: =IF(AB57=0,0,1) -> 0 | AD57: =T57 -> 0 | AE57: =W57 | AF57: =IF(Y57=1,"",IF(AC57=1,"",T57)) -> 0 | AG57: =IF(Y57=1,"",IF(AC57=1,"",W57)) | AH57: =IF(Y57=1,"",IF(AC57=1,"",IF(AA57=0,"",T57))) | AI57: =IF(Y57=1,"",IF(AC57=1,"",IF(AA57=0,"",W57)))
A58: ='GPA Calculator'!D61 -> 0 | B58: =IF('GPA Calculator'!E61="DP",0,IF('GPA Calculator'!E61="WP",0,IF('GPA Calculator'!E61="P",0,IF('GPA Calculator'!E61="FA",0,IF('GPA Calculator'!E61="CR",0,IF('GPA Calculator'!E61="NC",0,IF('GPA Calculator'!E61="",0,A58))))))) -> 0 | C58: =IF('GPA Calculator'!E61="W",0,IF('GPA Calculator'!E61="P",0,IF('GPA Calculator'!E61="FA",0,IF('GPA Calculator'!E61="CR",0,IF('GPA Calculator'!E61="NC",0,IF('GPA Calculator'!E61="",0,'GPA Calculator'!E61)))))) -> 0 | D58: =IF(C58=0,0,VLOOKUP(C58,$AL$2:$AM$14,2,FALSE)) -> 0 | E58: =IF(D58=0,"",B58*D58) | F58: ='GPA Calculator'!G61 -> 0 | G58: =IF(F58=0,0,1) -> 0 | H58: ='GPA Calculator'!H61 -> 0 | I58: =IF(H58=0,0,1) -> 0 | J58: ='GPA Calculator'!I61 -> 0 | K58: =IF(J58=0,0,1) -> 0 | L58: =B58 -> 0 | M58: =E58 | N58: =IF(G58=1,"",IF(K58=1,"",B58)) -> 0 | O58: =IF(G58=1,"",IF(K58=1,"",E58)) | P58: =IF(G58=1,"",IF(K58=1,"",IF(I58=0,"",B58))) | Q58: =IF(G58=1,"",IF(K58=1,"",IF(I58=0,"",E58))) | S58: ='GPA Calculator'!N61 -> 0 | T58: =IF('GPA Calculator'!O61="DP",0,IF('GPA Calculator'!O61="WP",0,IF('GPA Calculator'!O61="P",0,IF('GPA Calculator'!O61="FA",0,IF('GPA Calculator'!O61="CR",0,IF('GPA Calculator'!O61="NC",0,IF('GPA Calculator'!O61="",0,S58))))))) -> 0 | U58: =IF('GPA Calculator'!O61="W",0,IF('GPA Calculator'!O61="P",0,IF('GPA Calculator'!O61="FA",0,IF('GPA Calculator'!O61="CR",0,IF('GPA Calculator'!O61="NC",0,IF('GPA Calculator'!O61="",0,'GPA Calculator'!O61)))))) -> 0 | V58: =IF(U58=0,0,VLOOKUP(U58,$AL$2:$AM$14,2,FALSE)) -> 0 | W58: =IF(V58=0,"",T58*V58) | X58: ='GPA Calculator'!Q61 -> 0 | Y58: =IF(X58=0,0,1) -> 0 | Z58: ='GPA Calculator'!R61 -> 0 | AA58: =IF(Z58=0,0,1) -> 0 | AB58: ='GPA Calculator'!S61 -> 0 | AC58: =IF(AB58=0,0,1) -> 0 | AD58: =T58 -> 0 | AE58: =W58 | AF58: =IF(Y58=1,"",IF(AC58=1,"",T58)) -> 0 | AG58: =IF(Y58=1,"",IF(AC58=1,"",W58)) | AH58: =IF(Y58=1,"",IF(AC58=1,"",IF(AA58=0,"",T58))) | AI58: =IF(Y58=1,"",IF(AC58=1,"",IF(AA58=0,"",W58)))
A59: ='GPA Calculator'!D62 -> 0 | B59: =IF('GPA Calculator'!E62="DP",0,IF('GPA Calculator'!E62="WP",0,IF('GPA Calculator'!E62="P",0,IF('GPA Calculator'!E62="FA",0,IF('GPA Calculator'!E62="CR",0,IF('GPA Calculator'!E62="NC",0,IF('GPA Calculator'!E62="",0,A59))))))) -> 0 | C59: =IF('GPA Calculator'!E62="W",0,IF('GPA Calculator'!E62="P",0,IF('GPA Calculator'!E62="FA",0,IF('GPA Calculator'!E62="CR",0,IF('GPA Calculator'!E62="NC",0,IF('GPA Calculator'!E62="",0,'GPA Calculator'!E62)))))) -> 0 | D59: =IF(C59=0,0,VLOOKUP(C59,$AL$2:$AM$14,2,FALSE)) -> 0 | E59: =IF(D59=0,"",B59*D59) | F59: ='GPA Calculator'!G62 -> 0 | G59: =IF(F59=0,0,1) -> 0 | H59: ='GPA Calculator'!H62 -> 0 | I59: =IF(H59=0,0,1) -> 0 | J59: ='GPA Calculator'!I62 -> 0 | K59: =IF(J59=0,0,1) -> 0 | L59: =B59 -> 0 | M59: =E59 | N59: =IF(G59=1,"",IF(K59=1,"",B59)) -> 0 | O59: =IF(G59=1,"",IF(K59=1,"",E59)) | P59: =IF(G59=1,"",IF(K59=1,"",IF(I59=0,"",B59))) | Q59: =IF(G59=1,"",IF(K59=1,"",IF(I59=0,"",E59))) | S59: ='GPA Calculator'!N62 -> 0 | T59: =IF('GPA Calculator'!O62="DP",0,IF('GPA Calculator'!O62="WP",0,IF('GPA Calculator'!O62="P",0,IF('GPA Calculator'!O62="FA",0,IF('GPA Calculator'!O62="CR",0,IF('GPA Calculator'!O62="NC",0,IF('GPA Calculator'!O62="",0,S59))))))) -> 0 | U59: =IF('GPA Calculator'!O62="W",0,IF('GPA Calculator'!O62="P",0,IF('GPA Calculator'!O62="FA",0,IF('GPA Calculator'!O62="CR",0,IF('GPA Calculator'!O62="NC",0,IF('GPA Calculator'!O62="",0,'GPA Calculator'!O62)))))) -> 0 | V59: =IF(U59=0,0,VLOOKUP(U59,$AL$2:$AM$14,2,FALSE)) -> 0 | W59: =IF(V59=0,"",T59*V59) | X59: ='GPA Calculator'!Q62 -> 0 | Y59: =IF(X59=0,0,1) -> 0 | Z59: ='GPA Calculator'!R62 -> 0 | AA59: =IF(Z59=0,0,1) -> 0 | AB59: ='GPA Calculator'!S62 -> 0 | AC59: =IF(AB59=0,0,1) -> 0 | AD59: =T59 -> 0 | AE59: =W59 | AF59: =IF(Y59=1,"",IF(AC59=1,"",T59)) -> 0 | AG59: =IF(Y59=1,"",IF(AC59=1,"",W59)) | AH59: =IF(Y59=1,"",IF(AC59=1,"",IF(AA59=0,"",T59))) | AI59: =IF(Y59=1,"",IF(AC59=1,"",IF(AA59=0,"",W59)))
A60: ='GPA Calculator'!D63 -> 0 | B60: =IF('GPA Calculator'!E63="DP",0,IF('GPA Calculator'!E63="WP",0,IF('GPA Calculator'!E63="P",0,IF('GPA Calculator'!E63="FA",0,IF('GPA Calculator'!E63="CR",0,IF('GPA Calculator'!E63="NC",0,IF('GPA Calculator'!E63="",0,A60))))))) -> 0 | C60: =IF('GPA Calculator'!E63="W",0,IF('GPA Calculator'!E63="P",0,IF('GPA Calculator'!E63="FA",0,IF('GPA Calculator'!E63="CR",0,IF('GPA Calculator'!E63="NC",0,IF('GPA Calculator'!E63="",0,'GPA Calculator'!E63)))))) -> 0 | D60: =IF(C60=0,0,VLOOKUP(C60,$AL$2:$AM$14,2,FALSE)) -> 0 | E60: =IF(D60=0,"",B60*D60) | F60: ='GPA Calculator'!G63 -> 0 | G60: =IF(F60=0,0,1) -> 0 | H60: ='GPA Calculator'!H63 -> 0 | I60: =IF(H60=0,0,1) -> 0 | J60: ='GPA Calculator'!I63 -> 0 | K60: =IF(J60=0,0,1) -> 0 | L60: =B60 -> 0 | M60: =E60 | N60: =IF(G60=1,"",IF(K60=1,"",B60)) -> 0 | O60: =IF(G60=1,"",IF(K60=1,"",E60)) | P60: =IF(G60=1,"",IF(K60=1,"",IF(I60=0,"",B60))) | Q60: =IF(G60=1,"",IF(K60=1,"",IF(I60=0,"",E60))) | S60: ='GPA Calculator'!N63 -> 0 | T60: =IF('GPA Calculator'!O63="DP",0,IF('GPA Calculator'!O63="WP",0,IF('GPA Calculator'!O63="P",0,IF('GPA Calculator'!O63="FA",0,IF('GPA Calculator'!O63="CR",0,IF('GPA Calculator'!O63="NC",0,IF('GPA Calculator'!O63="",0,S60))))))) -> 0 | U60: =IF('GPA Calculator'!O63="W",0,IF('GPA Calculator'!O63="P",0,IF('GPA Calculator'!O63="FA",0,IF('GPA Calculator'!O63="CR",0,IF('GPA Calculator'!O63="NC",0,IF('GPA Calculator'!O63="",0,'GPA Calculator'!O63)))))) -> 0 | V60: =IF(U60=0,0,VLOOKUP(U60,$AL$2:$AM$14,2,FALSE)) -> 0 | W60: =IF(V60=0,"",T60*V60) | X60: ='GPA Calculator'!Q63 -> 0 | Y60: =IF(X60=0,0,1) -> 0 | Z60: ='GPA Calculator'!R63 -> 0 | AA60: =IF(Z60=0,0,1) -> 0 | AB60: ='GPA Calculator'!S63 -> 0 | AC60: =IF(AB60=0,0,1) -> 0 | AD60: =T60 -> 0 | AE60: =W60 | AF60: =IF(Y60=1,"",IF(AC60=1,"",T60)) -> 0 | AG60: =IF(Y60=1,"",IF(AC60=1,"",W60)) | AH60: =IF(Y60=1,"",IF(AC60=1,"",IF(AA60=0,"",T60))) | AI60: =IF(Y60=1,"",IF(AC60=1,"",IF(AA60=0,"",W60)))
A61: ='GPA Calculator'!D64 -> 0 | B61: =IF('GPA Calculator'!E64="DP",0,IF('GPA Calculator'!E64="WP",0,IF('GPA Calculator'!E64="P",0,IF('GPA Calculator'!E64="FA",0,IF('GPA Calculator'!E64="CR",0,IF('GPA Calculator'!E64="NC",0,IF('GPA Calculator'!E64="",0,A61))))))) -> 0 | C61: =IF('GPA Calculator'!E64="W",0,IF('GPA Calculator'!E64="P",0,IF('GPA Calculator'!E64="FA",0,IF('GPA Calculator'!E64="CR",0,IF('GPA Calculator'!E64="NC",0,IF('GPA Calculator'!E64="",0,'GPA Calculator'!E64)))))) -> 0 | D61: =IF(C61=0,0,VLOOKUP(C61,$AL$2:$AM$14,2,FALSE)) -> 0 | E61: =IF(D61=0,"",B61*D61) | F61: ='GPA Calculator'!G64 -> 0 | G61: =IF(F61=0,0,1) -> 0 | H61: ='GPA Calculator'!H64 -> 0 | I61: =IF(H61=0,0,1) -> 0 | J61: ='GPA Calculator'!I64 -> 0 | K61: =IF(J61=0,0,1) -> 0 | L61: =B61 -> 0 | M61: =E61 | N61: =IF(G61=1,"",IF(K61=1,"",B61)) -> 0 | O61: =IF(G61=1,"",IF(K61=1,"",E61)) | P61: =IF(G61=1,"",IF(K61=1,"",IF(I61=0,"",B61))) | Q61: =IF(G61=1,"",IF(K61=1,"",IF(I61=0,"",E61))) | S61: ='GPA Calculator'!N64 -> 0 | T61: =IF('GPA Calculator'!O64="DP",0,IF('GPA Calculator'!O64="WP",0,IF('GPA Calculator'!O64="P",0,IF('GPA Calculator'!O64="FA",0,IF('GPA Calculator'!O64="CR",0,IF('GPA Calculator'!O64="NC",0,IF('GPA Calculator'!O64="",0,S61))))))) -> 0 | U61: =IF('GPA Calculator'!O64="W",0,IF('GPA Calculator'!O64="P",0,IF('GPA Calculator'!O64="FA",0,IF('GPA Calculator'!O64="CR",0,IF('GPA Calculator'!O64="NC",0,IF('GPA Calculator'!O64="",0,'GPA Calculator'!O64)))))) -> 0 | V61: =IF(U61=0,0,VLOOKUP(U61,$AL$2:$AM$14,2,FALSE)) -> 0 | W61: =IF(V61=0,"",T61*V61) | X61: ='GPA Calculator'!Q64 -> 0 | Y61: =IF(X61=0,0,1) -> 0 | Z61: ='GPA Calculator'!R64 -> 0 | AA61: =IF(Z61=0,0,1) -> 0 | AB61: ='GPA Calculator'!S64 -> 0 | AC61: =IF(AB61=0,0,1) -> 0 | AD61: =T61 -> 0 | AE61: =W61 | AF61: =IF(Y61=1,"",IF(AC61=1,"",T61)) -> 0 | AG61: =IF(Y61=1,"",IF(AC61=1,"",W61)) | AH61: =IF(Y61=1,"",IF(AC61=1,"",IF(AA61=0,"",T61))) | AI61: =IF(Y61=1,"",IF(AC61=1,"",IF(AA61=0,"",W61)))
B62: =SUM(B53:B61) -> 0 | E62: =SUM(E53:E61) -> 0 | L62: =SUM(L53:L61) -> 0 | M62: =SUM(M53:M61) -> 0 | N62: =SUM(N53:N61) -> 0 | O62: =SUM(O53:O61) -> 0 | P62: =SUM(P53:P61) -> 0 | Q62: =SUM(Q53:Q61) -> 0 | T62: =SUM(T53:T61) -> 0 | V62: =SUM(V53:V61) -> 0 | W62: =SUM(W53:W61) -> 0 | AD62: =SUM(AD53:AD61) -> 0 | AE62: =SUM(AE53:AE61) -> 0 | AF62: =SUM(AF53:AF61) -> 0 | AG62: =SUM(AG53:AG61) -> 0 | AH62: =SUM(AH53:AH61) -> 0 | AI62: =SUM(AI53:AI61) -> 0
L63: Term GPA | M63: =IF(L62=0,"",M62/L62) | N63: BU GPA | O63: =IF(N62=0,"",O62/N62) | P63: MAJ GPA | Q63: =IF(P62=0,"",Q62/P62) | AD63: Term GPA | AE63: =IF(AD62=0,"",AE62/AD62) | AF63: BU GPA | AG63: =IF(AF62=0,"",AG62/AF62) | AH63: MAJ GPA | AI63: =IF(AH62=0,"",AI62/AH62)
A68: Hours | B68: QHrs | C68: Grades | D68: Grd Pts | E68: Points | F68: TR | H68: MAJ | J68: RPL | L68: Ttl Hrs | M68: Ttl Pts | N68: BU Hrs | O68: BU Pts | P68: Major Hrs | Q68: Major Pts | S68: Hours | T68: QHrs | U68: Grades | V68: Grd Pts | W68: Points | X68: TR | Z68: MAJ | AB68: RPL | AD68: Ttl Hrs | AE68: Ttl Pts | AF68: BU Hrs | AG68: BU Pts | AH68: Major Hrs | AI68: Major Pts
A69: ='GPA Calculator'!D73 -> 0 | B69: =IF('GPA Calculator'!E73="W",0,IF('GPA Calculator'!E73="P",0,IF('GPA Calculator'!E73="FA",0,IF('GPA Calculator'!E73="CR",0,IF('GPA Calculator'!E73="NC",0,IF('GPA Calculator'!E73="",0,A69)))))) -> 0 | C69: =IF('GPA Calculator'!E73="W",0,IF('GPA Calculator'!E73="P",0,IF('GPA Calculator'!E73="FA",0,IF('GPA Calculator'!E73="CR",0,IF('GPA Calculator'!E73="NC",0,IF('GPA Calculator'!E73="",0,'GPA Calculator'!E73)))))) -> 0 | D69: =IF(C69=0,0,VLOOKUP(C69,$AL$2:$AM$14,2,FALSE)) -> 0 | E69: =IF(D69=0,"",B69*D69) | F69: ='GPA Calculator'!G73 -> 0 | G69: =IF(F69=0,0,1) -> 0 | H69: ='GPA Calculator'!H73 -> 0 | I69: =IF(H69=0,0,1) -> 0 | J69: ='GPA Calculator'!I73 -> 0 | K69: =IF(J69=0,0,1) -> 0 | L69: =B69 -> 0 | M69: =E69 | N69: =IF(G69=1,"",IF(K69=1,"",B69)) -> 0 | O69: =IF(G69=1,"",IF(K69=1,"",E69)) | P69: =IF(G69=1,"",IF(K69=1,"",IF(I69=0,"",B69))) | Q69: =IF(G69=1,"",IF(K69=1,"",IF(I69=0,"",E69))) | S69: ='GPA Calculator'!N73 -> 0 | T69: =IF('GPA Calculator'!O73="DP",0,IF('GPA Calculator'!O73="WP",0,IF('GPA Calculator'!O73="P",0,IF('GPA Calculator'!O73="FA",0,IF('GPA Calculator'!O73="CR",0,IF('GPA Calculator'!O73="NC",0,IF('GPA Calculator'!O73="",0,S69))))))) -> 0 | U69: =IF('GPA Calculator'!O73="W",0,IF('GPA Calculator'!O73="P",0,IF('GPA Calculator'!O73="FA",0,IF('GPA Calculator'!O73="CR",0,IF('GPA Calculator'!O73="NC",0,IF('GPA Calculator'!O73="",0,'GPA Calculator'!O73)))))) -> 0 | V69: =IF(U69=0,0,VLOOKUP(U69,$AL$2:$AM$14,2,FALSE)) -> 0 | W69: =IF(V69=0,"",T69*V69) | X69: ='GPA Calculator'!Q73 -> 0 | Y69: =IF(X69=0,0,1) -> 0 | Z69: ='GPA Calculator'!R73 -> 0 | AA69: =IF(Z69=0,0,1) -> 0 | AB69: ='GPA Calculator'!S73 -> 0 | AC69: =IF(AB69=0,0,1) -> 0 | AD69: =T69 -> 0 | AE69: =W69 | AF69: =IF(Y69=1,"",IF(AC69=1,"",T69)) -> 0 | AG69: =IF(Y69=1,"",IF(AC69=1,"",W69)) | AH69: =IF(Y69=1,"",IF(AC69=1,"",IF(AA69=0,"",T69))) | AI69: =IF(Y69=1,"",IF(AC69=1,"",IF(AA69=0,"",W69)))
A70: ='GPA Calculator'!D74 -> 0 | B70: =IF('GPA Calculator'!E74="DP",0,IF('GPA Calculator'!E74="WP",0,IF('GPA Calculator'!E74="P",0,IF('GPA Calculator'!E74="FA",0,IF('GPA Calculator'!E74="CR",0,IF('GPA Calculator'!E74="NC",0,IF('GPA Calculator'!E74="",0,A70))))))) -> 0 | C70: =IF('GPA Calculator'!E74="W",0,IF('GPA Calculator'!E74="P",0,IF('GPA Calculator'!E74="FA",0,IF('GPA Calculator'!E74="CR",0,IF('GPA Calculator'!E74="NC",0,IF('GPA Calculator'!E74="",0,'GPA Calculator'!E74)))))) -> 0 | D70: =IF(C70=0,0,VLOOKUP(C70,$AL$2:$AM$14,2,FALSE)) -> 0 | E70: =IF(D70=0,"",B70*D70) | F70: ='GPA Calculator'!G74 -> 0 | G70: =IF(F70=0,0,1) -> 0 | H70: ='GPA Calculator'!H74 -> 0 | I70: =IF(H70=0,0,1) -> 0 | J70: ='GPA Calculator'!I74 -> 0 | K70: =IF(J70=0,0,1) -> 0 | L70: =B70 -> 0 | M70: =E70 | N70: =IF(G70=1,"",IF(K70=1,"",B70)) -> 0 | O70: =IF(G70=1,"",IF(K70=1,"",E70)) | P70: =IF(G70=1,"",IF(K70=1,"",IF(I70=0,"",B70))) | Q70: =IF(G70=1,"",IF(K70=1,"",IF(I70=0,"",E70))) | S70: ='GPA Calculator'!N74 -> 0 | T70: =IF('GPA Calculator'!O74="DP",0,IF('GPA Calculator'!O74="WP",0,IF('GPA Calculator'!O74="P",0,IF('GPA Calculator'!O74="FA",0,IF('GPA Calculator'!O74="CR",0,IF('GPA Calculator'!O74="NC",0,IF('GPA Calculator'!O74="",0,S70))))))) -> 0 | U70: =IF('GPA Calculator'!O74="W",0,IF('GPA Calculator'!O74="P",0,IF('GPA Calculator'!O74="FA",0,IF('GPA Calculator'!O74="CR",0,IF('GPA Calculator'!O74="NC",0,IF('GPA Calculator'!O74="",0,'GPA Calculator'!O74)))))) -> 0 | V70: =IF(U70=0,0,VLOOKUP(U70,$AL$2:$AM$14,2,FALSE)) -> 0 | W70: =IF(V70=0,"",T70*V70) | X70: ='GPA Calculator'!Q74 -> 0 | Y70: =IF(X70=0,0,1) -> 0 | Z70: ='GPA Calculator'!R74 -> 0 | AA70: =IF(Z70=0,0,1) -> 0 | AB70: ='GPA Calculator'!S74 -> 0 | AC70: =IF(AB70=0,0,1) -> 0 | AD70: =T70 -> 0 | AE70: =W70 | AF70: =IF(Y70=1,"",IF(AC70=1,"",T70)) -> 0 | AG70: =IF(Y70=1,"",IF(AC70=1,"",W70)) | AH70: =IF(Y70=1,"",IF(AC70=1,"",IF(AA70=0,"",T70))) | AI70: =IF(Y70=1,"",IF(AC70=1,"",IF(AA70=0,"",W70)))
A71: ='GPA Calculator'!D75 -> 0 | B71: =IF('GPA Calculator'!E75="DP",0,IF('GPA Calculator'!E75="WP",0,IF('GPA Calculator'!E75="P",0,IF('GPA Calculator'!E75="FA",0,IF('GPA Calculator'!E75="CR",0,IF('GPA Calculator'!E75="NC",0,IF('GPA Calculator'!E75="",0,A71))))))) -> 0 | C71: =IF('GPA Calculator'!E75="W",0,IF('GPA Calculator'!E75="P",0,IF('GPA Calculator'!E75="FA",0,IF('GPA Calculator'!E75="CR",0,IF('GPA Calculator'!E75="NC",0,IF('GPA Calculator'!E75="",0,'GPA Calculator'!E75)))))) -> 0 | D71: =IF(C71=0,0,VLOOKUP(C71,$AL$2:$AM$14,2,FALSE)) -> 0 | E71: =IF(D71=0,"",B71*D71) | F71: ='GPA Calculator'!G75 -> 0 | G71: =IF(F71=0,0,1) -> 0 | H71: ='GPA Calculator'!H75 -> 0 | I71: =IF(H71=0,0,1) -> 0 | J71: ='GPA Calculator'!I75 -> 0 | K71: =IF(J71=0,0,1) -> 0 | L71: =B71 -> 0 | M71: =E71 | N71: =IF(G71=1,"",IF(K71=1,"",B71)) -> 0 | O71: =IF(G71=1,"",IF(K71=1,"",E71)) | P71: =IF(G71=1,"",IF(K71=1,"",IF(I71=0,"",B71))) | Q71: =IF(G71=1,"",IF(K71=1,"",IF(I71=0,"",E71))) | S71: ='GPA Calculator'!N75 -> 0 | T71: =IF('GPA Calculator'!O75="DP",0,IF('GPA Calculator'!O75="WP",0,IF('GPA Calculator'!O75="P",0,IF('GPA Calculator'!O75="FA",0,IF('GPA Calculator'!O75="CR",0,IF('GPA Calculator'!O75="NC",0,IF('GPA Calculator'!O75="",0,S71))))))) -> 0 | U71: =IF('GPA Calculator'!O75="W",0,IF('GPA Calculator'!O75="P",0,IF('GPA Calculator'!O75="FA",0,IF('GPA Calculator'!O75="CR",0,IF('GPA Calculator'!O75="NC",0,IF('GPA Calculator'!O75="",0,'GPA Calculator'!O75)))))) -> 0 | V71: =IF(U71=0,0,VLOOKUP(U71,$AL$2:$AM$14,2,FALSE)) -> 0 | W71: =IF(V71=0,"",T71*V71) | X71: ='GPA Calculator'!Q75 -> 0 | Y71: =IF(X71=0,0,1) -> 0 | Z71: ='GPA Calculator'!R75 -> 0 | AA71: =IF(Z71=0,0,1) -> 0 | AB71: ='GPA Calculator'!S75 -> 0 | AC71: =IF(AB71=0,0,1) -> 0 | AD71: =T71 -> 0 | AE71: =W71 | AF71: =IF(Y71=1,"",IF(AC71=1,"",T71)) -> 0 | AG71: =IF(Y71=1,"",IF(AC71=1,"",W71)) | AH71: =IF(Y71=1,"",IF(AC71=1,"",IF(AA71=0,"",T71))) | AI71: =IF(Y71=1,"",IF(AC71=1,"",IF(AA71=0,"",W71)))
A72: ='GPA Calculator'!D76 -> 0 | B72: =IF('GPA Calculator'!E76="DP",0,IF('GPA Calculator'!E76="WP",0,IF('GPA Calculator'!E76="P",0,IF('GPA Calculator'!E76="FA",0,IF('GPA Calculator'!E76="CR",0,IF('GPA Calculator'!E76="NC",0,IF('GPA Calculator'!E76="",0,A72))))))) -> 0 | C72: =IF('GPA Calculator'!E76="W",0,IF('GPA Calculator'!E76="P",0,IF('GPA Calculator'!E76="FA",0,IF('GPA Calculator'!E76="CR",0,IF('GPA Calculator'!E76="NC",0,IF('GPA Calculator'!E76="",0,'GPA Calculator'!E76)))))) -> 0 | D72: =IF(C72=0,0,VLOOKUP(C72,$AL$2:$AM$14,2,FALSE)) -> 0 | E72: =IF(D72=0,"",B72*D72) | F72: ='GPA Calculator'!G76 -> 0 | G72: =IF(F72=0,0,1) -> 0 | H72: ='GPA Calculator'!H76 -> 0 | I72: =IF(H72=0,0,1) -> 0 | J72: ='GPA Calculator'!I76 -> 0 | K72: =IF(J72=0,0,1) -> 0 | L72: =B72 -> 0 | M72: =E72 | N72: =IF(G72=1,"",IF(K72=1,"",B72)) -> 0 | O72: =IF(G72=1,"",IF(K72=1,"",E72)) | P72: =IF(G72=1,"",IF(K72=1,"",IF(I72=0,"",B72))) | Q72: =IF(G72=1,"",IF(K72=1,"",IF(I72=0,"",E72))) | S72: ='GPA Calculator'!N76 -> 0 | T72: =IF('GPA Calculator'!O76="DP",0,IF('GPA Calculator'!O76="WP",0,IF('GPA Calculator'!O76="P",0,IF('GPA Calculator'!O76="FA",0,IF('GPA Calculator'!O76="CR",0,IF('GPA Calculator'!O76="NC",0,IF('GPA Calculator'!O76="",0,S72))))))) -> 0 | U72: =IF('GPA Calculator'!O76="W",0,IF('GPA Calculator'!O76="P",0,IF('GPA Calculator'!O76="FA",0,IF('GPA Calculator'!O76="CR",0,IF('GPA Calculator'!O76="NC",0,IF('GPA Calculator'!O76="",0,'GPA Calculator'!O76)))))) -> 0 | V72: =IF(U72=0,0,VLOOKUP(U72,$AL$2:$AM$14,2,FALSE)) -> 0 | W72: =IF(V72=0,"",T72*V72) | X72: ='GPA Calculator'!Q76 -> 0 | Y72: =IF(X72=0,0,1) -> 0 | Z72: ='GPA Calculator'!R76 -> 0 | AA72: =IF(Z72=0,0,1) -> 0 | AB72: ='GPA Calculator'!S76 -> 0 | AC72: =IF(AB72=0,0,1) -> 0 | AD72: =T72 -> 0 | AE72: =W72 | AF72: =IF(Y72=1,"",IF(AC72=1,"",T72)) -> 0 | AG72: =IF(Y72=1,"",IF(AC72=1,"",W72)) | AH72: =IF(Y72=1,"",IF(AC72=1,"",IF(AA72=0,"",T72))) | AI72: =IF(Y72=1,"",IF(AC72=1,"",IF(AA72=0,"",W72)))
A73: ='GPA Calculator'!D77 -> 0 | B73: =IF('GPA Calculator'!E77="DP",0,IF('GPA Calculator'!E77="WP",0,IF('GPA Calculator'!E77="P",0,IF('GPA Calculator'!E77="FA",0,IF('GPA Calculator'!E77="CR",0,IF('GPA Calculator'!E77="NC",0,IF('GPA Calculator'!E77="",0,A73))))))) -> 0 | C73: =IF('GPA Calculator'!E77="W",0,IF('GPA Calculator'!E77="P",0,IF('GPA Calculator'!E77="FA",0,IF('GPA Calculator'!E77="CR",0,IF('GPA Calculator'!E77="NC",0,IF('GPA Calculator'!E77="",0,'GPA Calculator'!E77)))))) -> 0 | D73: =IF(C73=0,0,VLOOKUP(C73,$AL$2:$AM$14,2,FALSE)) -> 0 | E73: =IF(D73=0,"",B73*D73) | F73: ='GPA Calculator'!G77 -> 0 | G73: =IF(F73=0,0,1) -> 0 | H73: ='GPA Calculator'!H77 -> 0 | I73: =IF(H73=0,0,1) -> 0 | J73: ='GPA Calculator'!I77 -> 0 | K73: =IF(J73=0,0,1) -> 0 | L73: =B73 -> 0 | M73: =E73 | N73: =IF(G73=1,"",IF(K73=1,"",B73)) -> 0 | O73: =IF(G73=1,"",IF(K73=1,"",E73)) | P73: =IF(G73=1,"",IF(K73=1,"",IF(I73=0,"",B73))) | Q73: =IF(G73=1,"",IF(K73=1,"",IF(I73=0,"",E73))) | S73: ='GPA Calculator'!N77 -> 0 | T73: =IF('GPA Calculator'!O77="DP",0,IF('GPA Calculator'!O77="WP",0,IF('GPA Calculator'!O77="P",0,IF('GPA Calculator'!O77="FA",0,IF('GPA Calculator'!O77="CR",0,IF('GPA Calculator'!O77="NC",0,IF('GPA Calculator'!O77="",0,S73))))))) -> 0 | U73: =IF('GPA Calculator'!O77="W",0,IF('GPA Calculator'!O77="P",0,IF('GPA Calculator'!O77="FA",0,IF('GPA Calculator'!O77="CR",0,IF('GPA Calculator'!O77="NC",0,IF('GPA Calculator'!O77="",0,'GPA Calculator'!O77)))))) -> 0 | V73: =IF(U73=0,0,VLOOKUP(U73,$AL$2:$AM$14,2,FALSE)) -> 0 | W73: =IF(V73=0,"",T73*V73) | X73: ='GPA Calculator'!Q77 -> 0 | Y73: =IF(X73=0,0,1) -> 0 | Z73: ='GPA Calculator'!R77 -> 0 | AA73: =IF(Z73=0,0,1) -> 0 | AB73: ='GPA Calculator'!S77 -> 0 | AC73: =IF(AB73=0,0,1) -> 0 | AD73: =T73 -> 0 | AE73: =W73 | AF73: =IF(Y73=1,"",IF(AC73=1,"",T73)) -> 0 | AG73: =IF(Y73=1,"",IF(AC73=1,"",W73)) | AH73: =IF(Y73=1,"",IF(AC73=1,"",IF(AA73=0,"",T73))) | AI73: =IF(Y73=1,"",IF(AC73=1,"",IF(AA73=0,"",W73)))
A74: ='GPA Calculator'!D78 -> 0 | B74: =IF('GPA Calculator'!E78="DP",0,IF('GPA Calculator'!E78="WP",0,IF('GPA Calculator'!E78="P",0,IF('GPA Calculator'!E78="FA",0,IF('GPA Calculator'!E78="CR",0,IF('GPA Calculator'!E78="NC",0,IF('GPA Calculator'!E78="",0,A74))))))) -> 0 | C74: =IF('GPA Calculator'!E78="W",0,IF('GPA Calculator'!E78="P",0,IF('GPA Calculator'!E78="FA",0,IF('GPA Calculator'!E78="CR",0,IF('GPA Calculator'!E78="NC",0,IF('GPA Calculator'!E78="",0,'GPA Calculator'!E78)))))) -> 0 | D74: =IF(C74=0,0,VLOOKUP(C74,$AL$2:$AM$14,2,FALSE)) -> 0 | E74: =IF(D74=0,"",B74*D74) | F74: ='GPA Calculator'!G78 -> 0 | G74: =IF(F74=0,0,1) -> 0 | H74: ='GPA Calculator'!H78 -> 0 | I74: =IF(H74=0,0,1) -> 0 | J74: ='GPA Calculator'!I78 -> 0 | K74: =IF(J74=0,0,1) -> 0 | L74: =B74 -> 0 | M74: =E74 | N74: =IF(G74=1,"",IF(K74=1,"",B74)) -> 0 | O74: =IF(G74=1,"",IF(K74=1,"",E74)) | P74: =IF(G74=1,"",IF(K74=1,"",IF(I74=0,"",B74))) | Q74: =IF(G74=1,"",IF(K74=1,"",IF(I74=0,"",E74))) | S74: ='GPA Calculator'!N78 -> 0 | T74: =IF('GPA Calculator'!O78="DP",0,IF('GPA Calculator'!O78="WP",0,IF('GPA Calculator'!O78="P",0,IF('GPA Calculator'!O78="FA",0,IF('GPA Calculator'!O78="CR",0,IF('GPA Calculator'!O78="NC",0,IF('GPA Calculator'!O78="",0,S74))))))) -> 0 | U74: =IF('GPA Calculator'!O78="W",0,IF('GPA Calculator'!O78="P",0,IF('GPA Calculator'!O78="FA",0,IF('GPA Calculator'!O78="CR",0,IF('GPA Calculator'!O78="NC",0,IF('GPA Calculator'!O78="",0,'GPA Calculator'!O78)))))) -> 0 | V74: =IF(U74=0,0,VLOOKUP(U74,$AL$2:$AM$14,2,FALSE)) -> 0 | W74: =IF(V74=0,"",T74*V74) | X74: ='GPA Calculator'!Q78 -> 0 | Y74: =IF(X74=0,0,1) -> 0 | Z74: ='GPA Calculator'!R78 -> 0 | AA74: =IF(Z74=0,0,1) -> 0 | AB74: ='GPA Calculator'!S78 -> 0 | AC74: =IF(AB74=0,0,1) -> 0 | AD74: =T74 -> 0 | AE74: =W74 | AF74: =IF(Y74=1,"",IF(AC74=1,"",T74)) -> 0 | AG74: =IF(Y74=1,"",IF(AC74=1,"",W74)) | AH74: =IF(Y74=1,"",IF(AC74=1,"",IF(AA74=0,"",T74))) | AI74: =IF(Y74=1,"",IF(AC74=1,"",IF(AA74=0,"",W74)))
A75: ='GPA Calculator'!D79 -> 0 | B75: =IF('GPA Calculator'!E79="DP",0,IF('GPA Calculator'!E79="WP",0,IF('GPA Calculator'!E79="P",0,IF('GPA Calculator'!E79="FA",0,IF('GPA Calculator'!E79="CR",0,IF('GPA Calculator'!E79="NC",0,IF('GPA Calculator'!E79="",0,A75))))))) -> 0 | C75: =IF('GPA Calculator'!E79="W",0,IF('GPA Calculator'!E79="P",0,IF('GPA Calculator'!E79="FA",0,IF('GPA Calculator'!E79="CR",0,IF('GPA Calculator'!E79="NC",0,IF('GPA Calculator'!E79="",0,'GPA Calculator'!E79)))))) -> 0 | D75: =IF(C75=0,0,VLOOKUP(C75,$AL$2:$AM$14,2,FALSE)) -> 0 | E75: =IF(D75=0,"",B75*D75) | F75: ='GPA Calculator'!G79 -> 0 | G75: =IF(F75=0,0,1) -> 0 | H75: ='GPA Calculator'!H79 -> 0 | I75: =IF(H75=0,0,1) -> 0 | J75: ='GPA Calculator'!I79 -> 0 | K75: =IF(J75=0,0,1) -> 0 | L75: =B75 -> 0 | M75: =E75 | N75: =IF(G75=1,"",IF(K75=1,"",B75)) -> 0 | O75: =IF(G75=1,"",IF(K75=1,"",E75)) | P75: =IF(G75=1,"",IF(K75=1,"",IF(I75=0,"",B75))) | Q75: =IF(G75=1,"",IF(K75=1,"",IF(I75=0,"",E75))) | S75: ='GPA Calculator'!N79 -> 0 | T75: =IF('GPA Calculator'!O79="DP",0,IF('GPA Calculator'!O79="WP",0,IF('GPA Calculator'!O79="P",0,IF('GPA Calculator'!O79="FA",0,IF('GPA Calculator'!O79="CR",0,IF('GPA Calculator'!O79="NC",0,IF('GPA Calculator'!O79="",0,S75))))))) -> 0 | U75: =IF('GPA Calculator'!O79="W",0,IF('GPA Calculator'!O79="P",0,IF('GPA Calculator'!O79="FA",0,IF('GPA Calculator'!O79="CR",0,IF('GPA Calculator'!O79="NC",0,IF('GPA Calculator'!O79="",0,'GPA Calculator'!O79)))))) -> 0 | V75: =IF(U75=0,0,VLOOKUP(U75,$AL$2:$AM$14,2,FALSE)) -> 0 | W75: =IF(V75=0,"",T75*V75) | X75: ='GPA Calculator'!Q79 -> 0 | Y75: =IF(X75=0,0,1) -> 0 | Z75: ='GPA Calculator'!R79 -> 0 | AA75: =IF(Z75=0,0,1) -> 0 | AB75: ='GPA Calculator'!S79 -> 0 | AC75: =IF(AB75=0,0,1) -> 0 | AD75: =T75 -> 0 | AE75: =W75 | AF75: =IF(Y75=1,"",IF(AC75=1,"",T75)) -> 0 | AG75: =IF(Y75=1,"",IF(AC75=1,"",W75)) | AH75: =IF(Y75=1,"",IF(AC75=1,"",IF(AA75=0,"",T75))) | AI75: =IF(Y75=1,"",IF(AC75=1,"",IF(AA75=0,"",W75)))
A76: ='GPA Calculator'!D80 -> 0 | B76: =IF('GPA Calculator'!E80="DP",0,IF('GPA Calculator'!E80="WP",0,IF('GPA Calculator'!E80="P",0,IF('GPA Calculator'!E80="FA",0,IF('GPA Calculator'!E80="CR",0,IF('GPA Calculator'!E80="NC",0,IF('GPA Calculator'!E80="",0,A76))))))) -> 0 | C76: =IF('GPA Calculator'!E80="W",0,IF('GPA Calculator'!E80="P",0,IF('GPA Calculator'!E80="FA",0,IF('GPA Calculator'!E80="CR",0,IF('GPA Calculator'!E80="NC",0,IF('GPA Calculator'!E80="",0,'GPA Calculator'!E80)))))) -> 0 | D76: =IF(C76=0,0,VLOOKUP(C76,$AL$2:$AM$14,2,FALSE)) -> 0 | E76: =IF(D76=0,"",B76*D76) | F76: ='GPA Calculator'!G80 -> 0 | G76: =IF(F76=0,0,1) -> 0 | H76: ='GPA Calculator'!H80 -> 0 | I76: =IF(H76=0,0,1) -> 0 | J76: ='GPA Calculator'!I80 -> 0 | K76: =IF(J76=0,0,1) -> 0 | L76: =B76 -> 0 | M76: =E76 | N76: =IF(G76=1,"",IF(K76=1,"",B76)) -> 0 | O76: =IF(G76=1,"",IF(K76=1,"",E76)) | P76: =IF(G76=1,"",IF(K76=1,"",IF(I76=0,"",B76))) | Q76: =IF(G76=1,"",IF(K76=1,"",IF(I76=0,"",E76))) | S76: ='GPA Calculator'!N80 -> 0 | T76: =IF('GPA Calculator'!O80="DP",0,IF('GPA Calculator'!O80="WP",0,IF('GPA Calculator'!O80="P",0,IF('GPA Calculator'!O80="FA",0,IF('GPA Calculator'!O80="CR",0,IF('GPA Calculator'!O80="NC",0,IF('GPA Calculator'!O80="",0,S76))))))) -> 0 | U76: =IF('GPA Calculator'!O80="W",0,IF('GPA Calculator'!O80="P",0,IF('GPA Calculator'!O80="FA",0,IF('GPA Calculator'!O80="CR",0,IF('GPA Calculator'!O80="NC",0,IF('GPA Calculator'!O80="",0,'GPA Calculator'!O80)))))) -> 0 | V76: =IF(U76=0,0,VLOOKUP(U76,$AL$2:$AM$14,2,FALSE)) -> 0 | W76: =IF(V76=0,"",T76*V76) | X76: ='GPA Calculator'!Q80 -> 0 | Y76: =IF(X76=0,0,1) -> 0 | Z76: ='GPA Calculator'!R80 -> 0 | AA76: =IF(Z76=0,0,1) -> 0 | AB76: ='GPA Calculator'!S80 -> 0 | AC76: =IF(AB76=0,0,1) -> 0 | AD76: =T76 -> 0 | AE76: =W76 | AF76: =IF(Y76=1,"",IF(AC76=1,"",T76)) -> 0 | AG76: =IF(Y76=1,"",IF(AC76=1,"",W76)) | AH76: =IF(Y76=1,"",IF(AC76=1,"",IF(AA76=0,"",T76))) | AI76: =IF(Y76=1,"",IF(AC76=1,"",IF(AA76=0,"",W76)))
A77: ='GPA Calculator'!D81 -> 0 | B77: =IF('GPA Calculator'!E81="DP",0,IF('GPA Calculator'!E81="WP",0,IF('GPA Calculator'!E81="P",0,IF('GPA Calculator'!E81="FA",0,IF('GPA Calculator'!E81="CR",0,IF('GPA Calculator'!E81="NC",0,IF('GPA Calculator'!E81="",0,A77))))))) -> 0 | C77: =IF('GPA Calculator'!E81="W",0,IF('GPA Calculator'!E81="P",0,IF('GPA Calculator'!E81="FA",0,IF('GPA Calculator'!E81="CR",0,IF('GPA Calculator'!E81="NC",0,IF('GPA Calculator'!E81="",0,'GPA Calculator'!E81)))))) -> 0 | D77: =IF(C77=0,0,VLOOKUP(C77,$AL$2:$AM$14,2,FALSE)) -> 0 | E77: =IF(D77=0,"",B77*D77) | F77: ='GPA Calculator'!G81 -> 0 | G77: =IF(F77=0,0,1) -> 0 | H77: ='GPA Calculator'!H81 -> 0 | I77: =IF(H77=0,0,1) -> 0 | J77: ='GPA Calculator'!I81 -> 0 | K77: =IF(J77=0,0,1) -> 0 | L77: =B77 -> 0 | M77: =E77 | N77: =IF(G77=1,"",IF(K77=1,"",B77)) -> 0 | O77: =IF(G77=1,"",IF(K77=1,"",E77)) | P77: =IF(G77=1,"",IF(K77=1,"",IF(I77=0,"",B77))) | Q77: =IF(G77=1,"",IF(K77=1,"",IF(I77=0,"",E77))) | S77: ='GPA Calculator'!N81 -> 0 | T77: =IF('GPA Calculator'!O81="DP",0,IF('GPA Calculator'!O81="WP",0,IF('GPA Calculator'!O81="P",0,IF('GPA Calculator'!O81="FA",0,IF('GPA Calculator'!O81="CR",0,IF('GPA Calculator'!O81="NC",0,IF('GPA Calculator'!O81="",0,S77))))))) -> 0 | U77: =IF('GPA Calculator'!O81="W",0,IF('GPA Calculator'!O81="P",0,IF('GPA Calculator'!O81="FA",0,IF('GPA Calculator'!O81="CR",0,IF('GPA Calculator'!O81="NC",0,IF('GPA Calculator'!O81="",0,'GPA Calculator'!O81)))))) -> 0 | V77: =IF(U77=0,0,VLOOKUP(U77,$AL$2:$AM$14,2,FALSE)) -> 0 | W77: =IF(V77=0,"",T77*V77) | X77: ='GPA Calculator'!Q81 -> 0 | Y77: =IF(X77=0,0,1) -> 0 | Z77: ='GPA Calculator'!R81 -> 0 | AA77: =IF(Z77=0,0,1) -> 0 | AB77: ='GPA Calculator'!S81 -> 0 | AC77: =IF(AB77=0,0,1) -> 0 | AD77: =T77 -> 0 | AE77: =W77 | AF77: =IF(Y77=1,"",IF(AC77=1,"",T77)) -> 0 | AG77: =IF(Y77=1,"",IF(AC77=1,"",W77)) | AH77: =IF(Y77=1,"",IF(AC77=1,"",IF(AA77=0,"",T77))) | AI77: =IF(Y77=1,"",IF(AC77=1,"",IF(AA77=0,"",W77)))
B78: =SUM(B69:B77) -> 0 | E78: =SUM(E69:E77) -> 0 | L78: =SUM(L69:L77) -> 0 | M78: =SUM(M69:M77) -> 0 | N78: =SUM(N69:N77) -> 0 | O78: =SUM(O69:O77) -> 0 | P78: =SUM(P69:P77) -> 0 | Q78: =SUM(Q69:Q77) -> 0 | T78: =SUM(T69:T77) -> 0 | V78: =SUM(V69:V77) -> 0 | W78: =SUM(W69:W77) -> 0 | AD78: =SUM(AD69:AD77) -> 0 | AE78: =SUM(AE69:AE77) -> 0 | AF78: =SUM(AF69:AF77) -> 0 | AG78: =SUM(AG69:AG77) -> 0 | AH78: =SUM(AH69:AH77) -> 0 | AI78: =SUM(AI69:AI77) -> 0
L79: Term GPA | M79: =IF(L78=0,"",M78/L78) | N79: BU GPA | O79: =IF(N78=0,"",O78/N78) | P79: MAJ GPA | Q79: =IF(P78=0,"",Q78/P78) | AD79: Term GPA | AE79: =IF(AD78=0,"",AE78/AD78) | AF79: BU GPA | AG79: =IF(AF78=0,"",AG78/AF78) | AH79: MAJ GPA | AI79: =IF(AH78=0,"",AI78/AH78)
A84: Hours | B84: QHrs | C84: Grades | D84: Grd Pts | E84: Points | F84: TR | H84: MAJ | J84: RPL | L84: Ttl Hrs | M84: Ttl Pts | N84: BU Hrs | O84: BU Pts | P84: Major Hrs | Q84: Major Pts | S84: Hours | T84: QHrs | U84: Grades | V84: Grd Pts | W84: Points | X84: TR | Z84: MAJ | AB84: RPL | AD84: Ttl Hrs | AE84: Ttl Pts | AF84: BU Hrs | AG84: BU Pts | AH84: Major Hrs | AI84: Major Pts
A85: ='GPA Calculator'!D90 -> 0 | B85: =IF('GPA Calculator'!E90="W",0,IF('GPA Calculator'!E90="P",0,IF('GPA Calculator'!E90="FA",0,IF('GPA Calculator'!E90="CR",0,IF('GPA Calculator'!E90="NC",0,IF('GPA Calculator'!E90="",0,A85)))))) -> 0 | C85: =IF('GPA Calculator'!E90="W",0,IF('GPA Calculator'!E90="P",0,IF('GPA Calculator'!E90="FA",0,IF('GPA Calculator'!E90="CR",0,IF('GPA Calculator'!E90="NC",0,IF('GPA Calculator'!E90="",0,'GPA Calculator'!E90)))))) -> 0 | D85: =IF(C85=0,0,VLOOKUP(C85,$AL$2:$AM$14,2,FALSE)) -> 0 | E85: =IF(D85=0,"",B85*D85) | F85: ='GPA Calculator'!G90 -> 0 | G85: =IF(F85=0,0,1) -> 0 | H85: ='GPA Calculator'!H90 -> 0 | I85: =IF(H85=0,0,1) -> 0 | J85: ='GPA Calculator'!I90 -> 0 | K85: =IF(J85=0,0,1) -> 0 | L85: =B85 -> 0 | M85: =E85 | N85: =IF(G85=1,"",IF(K85=1,"",B85)) -> 0 | O85: =IF(G85=1,"",IF(K85=1,"",E85)) | P85: =IF(G85=1,"",IF(K85=1,"",IF(I85=0,"",B85))) | Q85: =IF(G85=1,"",IF(K85=1,"",IF(I85=0,"",E85))) | S85: ='GPA Calculator'!N90 -> 0 | T85: =IF('GPA Calculator'!O90="DP",0,IF('GPA Calculator'!O90="WP",0,IF('GPA Calculator'!O90="P",0,IF('GPA Calculator'!O90="FA",0,IF('GPA Calculator'!O90="CR",0,IF('GPA Calculator'!O90="NC",0,IF('GPA Calculator'!O90="",0,S85))))))) -> 0 | U85: =IF('GPA Calculator'!O90="W",0,IF('GPA Calculator'!O90="P",0,IF('GPA Calculator'!O90="FA",0,IF('GPA Calculator'!O90="CR",0,IF('GPA Calculator'!O90="NC",0,IF('GPA Calculator'!O90="",0,'GPA Calculator'!O90)))))) -> 0 | V85: =IF(U85=0,0,VLOOKUP(U85,$AL$2:$AM$14,2,FALSE)) -> 0 | W85: =IF(V85=0,"",T85*V85) | X85: ='GPA Calculator'!Q90 -> 0 | Y85: =IF(X85=0,0,1) -> 0 | Z85: ='GPA Calculator'!R90 -> 0 | AA85: =IF(Z85=0,0,1) -> 0 | AB85: ='GPA Calculator'!S90 -> 0 | AC85: =IF(AB85=0,0,1) -> 0 | AD85: =T85 -> 0 | AE85: =W85 | AF85: =IF(Y85=1,"",IF(AC85=1,"",T85)) -> 0 | AG85: =IF(Y85=1,"",IF(AC85=1,"",W85)) | AH85: =IF(Y85=1,"",IF(AC85=1,"",IF(AA85=0,"",T85))) | AI85: =IF(Y85=1,"",IF(AC85=1,"",IF(AA85=0,"",W85)))
A86: ='GPA Calculator'!D91 -> 0 | B86: =IF('GPA Calculator'!E91="DP",0,IF('GPA Calculator'!E91="WP",0,IF('GPA Calculator'!E91="P",0,IF('GPA Calculator'!E91="FA",0,IF('GPA Calculator'!E91="CR",0,IF('GPA Calculator'!E91="NC",0,IF('GPA Calculator'!E91="",0,A86))))))) -> 0 | C86: =IF('GPA Calculator'!E91="W",0,IF('GPA Calculator'!E91="P",0,IF('GPA Calculator'!E91="FA",0,IF('GPA Calculator'!E91="CR",0,IF('GPA Calculator'!E91="NC",0,IF('GPA Calculator'!E91="",0,'GPA Calculator'!E91)))))) -> 0 | D86: =IF(C86=0,0,VLOOKUP(C86,$AL$2:$AM$14,2,FALSE)) -> 0 | E86: =IF(D86=0,"",B86*D86) | F86: ='GPA Calculator'!G91 -> 0 | G86: =IF(F86=0,0,1) -> 0 | H86: ='GPA Calculator'!H91 -> 0 | I86: =IF(H86=0,0,1) -> 0 | J86: ='GPA Calculator'!I91 -> 0 | K86: =IF(J86=0,0,1) -> 0 | L86: =B86 -> 0 | M86: =E86 | N86: =IF(G86=1,"",IF(K86=1,"",B86)) -> 0 | O86: =IF(G86=1,"",IF(K86=1,"",E86)) | P86: =IF(G86=1,"",IF(K86=1,"",IF(I86=0,"",B86))) | Q86: =IF(G86=1,"",IF(K86=1,"",IF(I86=0,"",E86))) | S86: ='GPA Calculator'!N91 -> 0 | T86: =IF('GPA Calculator'!O91="DP",0,IF('GPA Calculator'!O91="WP",0,IF('GPA Calculator'!O91="P",0,IF('GPA Calculator'!O91="FA",0,IF('GPA Calculator'!O91="CR",0,IF('GPA Calculator'!O91="NC",0,IF('GPA Calculator'!O91="",0,S86))))))) -> 0 | U86: =IF('GPA Calculator'!O91="W",0,IF('GPA Calculator'!O91="P",0,IF('GPA Calculator'!O91="FA",0,IF('GPA Calculator'!O91="CR",0,IF('GPA Calculator'!O91="NC",0,IF('GPA Calculator'!O91="",0,'GPA Calculator'!O91)))))) -> 0 | V86: =IF(U86=0,0,VLOOKUP(U86,$AL$2:$AM$14,2,FALSE)) -> 0 | W86: =IF(V86=0,"",T86*V86) | X86: ='GPA Calculator'!Q91 -> 0 | Y86: =IF(X86=0,0,1) -> 0 | Z86: ='GPA Calculator'!R91 -> 0 | AA86: =IF(Z86=0,0,1) -> 0 | AB86: ='GPA Calculator'!S91 -> 0 | AC86: =IF(AB86=0,0,1) -> 0 | AD86: =T86 -> 0 | AE86: =W86 | AF86: =IF(Y86=1,"",IF(AC86=1,"",T86)) -> 0 | AG86: =IF(Y86=1,"",IF(AC86=1,"",W86)) | AH86: =IF(Y86=1,"",IF(AC86=1,"",IF(AA86=0,"",T86))) | AI86: =IF(Y86=1,"",IF(AC86=1,"",IF(AA86=0,"",W86)))
A87: ='GPA Calculator'!D92 -> 0 | B87: =IF('GPA Calculator'!E92="DP",0,IF('GPA Calculator'!E92="WP",0,IF('GPA Calculator'!E92="P",0,IF('GPA Calculator'!E92="FA",0,IF('GPA Calculator'!E92="CR",0,IF('GPA Calculator'!E92="NC",0,IF('GPA Calculator'!E92="",0,A87))))))) -> 0 | C87: =IF('GPA Calculator'!E92="W",0,IF('GPA Calculator'!E92="P",0,IF('GPA Calculator'!E92="FA",0,IF('GPA Calculator'!E92="CR",0,IF('GPA Calculator'!E92="NC",0,IF('GPA Calculator'!E92="",0,'GPA Calculator'!E92)))))) -> 0 | D87: =IF(C87=0,0,VLOOKUP(C87,$AL$2:$AM$14,2,FALSE)) -> 0 | E87: =IF(D87=0,"",B87*D87) | F87: ='GPA Calculator'!G92 -> 0 | G87: =IF(F87=0,0,1) -> 0 | H87: ='GPA Calculator'!H92 -> 0 | I87: =IF(H87=0,0,1) -> 0 | J87: ='GPA Calculator'!I92 -> 0 | K87: =IF(J87=0,0,1) -> 0 | L87: =B87 -> 0 | M87: =E87 | N87: =IF(G87=1,"",IF(K87=1,"",B87)) -> 0 | O87: =IF(G87=1,"",IF(K87=1,"",E87)) | P87: =IF(G87=1,"",IF(K87=1,"",IF(I87=0,"",B87))) | Q87: =IF(G87=1,"",IF(K87=1,"",IF(I87=0,"",E87))) | S87: ='GPA Calculator'!N92 -> 0 | T87: =IF('GPA Calculator'!O92="DP",0,IF('GPA Calculator'!O92="WP",0,IF('GPA Calculator'!O92="P",0,IF('GPA Calculator'!O92="FA",0,IF('GPA Calculator'!O92="CR",0,IF('GPA Calculator'!O92="NC",0,IF('GPA Calculator'!O92="",0,S87))))))) -> 0 | U87: =IF('GPA Calculator'!O92="W",0,IF('GPA Calculator'!O92="P",0,IF('GPA Calculator'!O92="FA",0,IF('GPA Calculator'!O92="CR",0,IF('GPA Calculator'!O92="NC",0,IF('GPA Calculator'!O92="",0,'GPA Calculator'!O92)))))) -> 0 | V87: =IF(U87=0,0,VLOOKUP(U87,$AL$2:$AM$14,2,FALSE)) -> 0 | W87: =IF(V87=0,"",T87*V87) | X87: ='GPA Calculator'!Q92 -> 0 | Y87: =IF(X87=0,0,1) -> 0 | Z87: ='GPA Calculator'!R92 -> 0 | AA87: =IF(Z87=0,0,1) -> 0 | AB87: ='GPA Calculator'!S92 -> 0 | AC87: =IF(AB87=0,0,1) -> 0 | AD87: =T87 -> 0 | AE87: =W87 | AF87: =IF(Y87=1,"",IF(AC87=1,"",T87)) -> 0 | AG87: =IF(Y87=1,"",IF(AC87=1,"",W87)) | AH87: =IF(Y87=1,"",IF(AC87=1,"",IF(AA87=0,"",T87))) | AI87: =IF(Y87=1,"",IF(AC87=1,"",IF(AA87=0,"",W87)))
A88: ='GPA Calculator'!D93 -> 0 | B88: =IF('GPA Calculator'!E93="DP",0,IF('GPA Calculator'!E93="WP",0,IF('GPA Calculator'!E93="P",0,IF('GPA Calculator'!E93="FA",0,IF('GPA Calculator'!E93="CR",0,IF('GPA Calculator'!E93="NC",0,IF('GPA Calculator'!E93="",0,A88))))))) -> 0 | C88: =IF('GPA Calculator'!E93="W",0,IF('GPA Calculator'!E93="P",0,IF('GPA Calculator'!E93="FA",0,IF('GPA Calculator'!E93="CR",0,IF('GPA Calculator'!E93="NC",0,IF('GPA Calculator'!E93="",0,'GPA Calculator'!E93)))))) -> 0 | D88: =IF(C88=0,0,VLOOKUP(C88,$AL$2:$AM$14,2,FALSE)) -> 0 | E88: =IF(D88=0,"",B88*D88) | F88: ='GPA Calculator'!G93 -> 0 | G88: =IF(F88=0,0,1) -> 0 | H88: ='GPA Calculator'!H93 -> 0 | I88: =IF(H88=0,0,1) -> 0 | J88: ='GPA Calculator'!I93 -> 0 | K88: =IF(J88=0,0,1) -> 0 | L88: =B88 -> 0 | M88: =E88 | N88: =IF(G88=1,"",IF(K88=1,"",B88)) -> 0 | O88: =IF(G88=1,"",IF(K88=1,"",E88)) | P88: =IF(G88=1,"",IF(K88=1,"",IF(I88=0,"",B88))) | Q88: =IF(G88=1,"",IF(K88=1,"",IF(I88=0,"",E88))) | S88: ='GPA Calculator'!N93 -> 0 | T88: =IF('GPA Calculator'!O93="DP",0,IF('GPA Calculator'!O93="WP",0,IF('GPA Calculator'!O93="P",0,IF('GPA Calculator'!O93="FA",0,IF('GPA Calculator'!O93="CR",0,IF('GPA Calculator'!O93="NC",0,IF('GPA Calculator'!O93="",0,S88))))))) -> 0 | U88: =IF('GPA Calculator'!O93="W",0,IF('GPA Calculator'!O93="P",0,IF('GPA Calculator'!O93="FA",0,IF('GPA Calculator'!O93="CR",0,IF('GPA Calculator'!O93="NC",0,IF('GPA Calculator'!O93="",0,'GPA Calculator'!O93)))))) -> 0 | V88: =IF(U88=0,0,VLOOKUP(U88,$AL$2:$AM$14,2,FALSE)) -> 0 | W88: =IF(V88=0,"",T88*V88) | X88: ='GPA Calculator'!Q93 -> 0 | Y88: =IF(X88=0,0,1) -> 0 | Z88: ='GPA Calculator'!R93 -> 0 | AA88: =IF(Z88=0,0,1) -> 0 | AB88: ='GPA Calculator'!S93 -> 0 | AC88: =IF(AB88=0,0,1) -> 0 | AD88: =T88 -> 0 | AE88: =W88 | AF88: =IF(Y88=1,"",IF(AC88=1,"",T88)) -> 0 | AG88: =IF(Y88=1,"",IF(AC88=1,"",W88)) | AH88: =IF(Y88=1,"",IF(AC88=1,"",IF(AA88=0,"",T88))) | AI88: =IF(Y88=1,"",IF(AC88=1,"",IF(AA88=0,"",W88)))
A89: ='GPA Calculator'!D94 -> 0 | B89: =IF('GPA Calculator'!E94="DP",0,IF('GPA Calculator'!E94="WP",0,IF('GPA Calculator'!E94="P",0,IF('GPA Calculator'!E94="FA",0,IF('GPA Calculator'!E94="CR",0,IF('GPA Calculator'!E94="NC",0,IF('GPA Calculator'!E94="",0,A89))))))) -> 0 | C89: =IF('GPA Calculator'!E94="W",0,IF('GPA Calculator'!E94="P",0,IF('GPA Calculator'!E94="FA",0,IF('GPA Calculator'!E94="CR",0,IF('GPA Calculator'!E94="NC",0,IF('GPA Calculator'!E94="",0,'GPA Calculator'!E94)))))) -> 0 | D89: =IF(C89=0,0,VLOOKUP(C89,$AL$2:$AM$14,2,FALSE)) -> 0 | E89: =IF(D89=0,"",B89*D89) | F89: ='GPA Calculator'!G94 -> 0 | G89: =IF(F89=0,0,1) -> 0 | H89: ='GPA Calculator'!H94 -> 0 | I89: =IF(H89=0,0,1) -> 0 | J89: ='GPA Calculator'!I94 -> 0 | K89: =IF(J89=0,0,1) -> 0 | L89: =B89 -> 0 | M89: =E89 | N89: =IF(G89=1,"",IF(K89=1,"",B89)) -> 0 | O89: =IF(G89=1,"",IF(K89=1,"",E89)) | P89: =IF(G89=1,"",IF(K89=1,"",IF(I89=0,"",B89))) | Q89: =IF(G89=1,"",IF(K89=1,"",IF(I89=0,"",E89))) | S89: ='GPA Calculator'!N94 -> 0 | T89: =IF('GPA Calculator'!O94="DP",0,IF('GPA Calculator'!O94="WP",0,IF('GPA Calculator'!O94="P",0,IF('GPA Calculator'!O94="FA",0,IF('GPA Calculator'!O94="CR",0,IF('GPA Calculator'!O94="NC",0,IF('GPA Calculator'!O94="",0,S89))))))) -> 0 | U89: =IF('GPA Calculator'!O94="W",0,IF('GPA Calculator'!O94="P",0,IF('GPA Calculator'!O94="FA",0,IF('GPA Calculator'!O94="CR",0,IF('GPA Calculator'!O94="NC",0,IF('GPA Calculator'!O94="",0,'GPA Calculator'!O94)))))) -> 0 | V89: =IF(U89=0,0,VLOOKUP(U89,$AL$2:$AM$14,2,FALSE)) -> 0 | W89: =IF(V89=0,"",T89*V89) | X89: ='GPA Calculator'!Q94 -> 0 | Y89: =IF(X89=0,0,1) -> 0 | Z89: ='GPA Calculator'!R94 -> 0 | AA89: =IF(Z89=0,0,1) -> 0 | AB89: ='GPA Calculator'!S94 -> 0 | AC89: =IF(AB89=0,0,1) -> 0 | AD89: =T89 -> 0 | AE89: =W89 | AF89: =IF(Y89=1,"",IF(AC89=1,"",T89)) -> 0 | AG89: =IF(Y89=1,"",IF(AC89=1,"",W89)) | AH89: =IF(Y89=1,"",IF(AC89=1,"",IF(AA89=0,"",T89))) | AI89: =IF(Y89=1,"",IF(AC89=1,"",IF(AA89=0,"",W89)))
A90: ='GPA Calculator'!D95 -> 0 | B90: =IF('GPA Calculator'!E95="DP",0,IF('GPA Calculator'!E95="WP",0,IF('GPA Calculator'!E95="P",0,IF('GPA Calculator'!E95="FA",0,IF('GPA Calculator'!E95="CR",0,IF('GPA Calculator'!E95="NC",0,IF('GPA Calculator'!E95="",0,A90))))))) -> 0 | C90: =IF('GPA Calculator'!E95="W",0,IF('GPA Calculator'!E95="P",0,IF('GPA Calculator'!E95="FA",0,IF('GPA Calculator'!E95="CR",0,IF('GPA Calculator'!E95="NC",0,IF('GPA Calculator'!E95="",0,'GPA Calculator'!E95)))))) -> 0 | D90: =IF(C90=0,0,VLOOKUP(C90,$AL$2:$AM$14,2,FALSE)) -> 0 | E90: =IF(D90=0,"",B90*D90) | F90: ='GPA Calculator'!G95 -> 0 | G90: =IF(F90=0,0,1) -> 0 | H90: ='GPA Calculator'!H95 -> 0 | I90: =IF(H90=0,0,1) -> 0 | J90: ='GPA Calculator'!I95 -> 0 | K90: =IF(J90=0,0,1) -> 0 | L90: =B90 -> 0 | M90: =E90 | N90: =IF(G90=1,"",IF(K90=1,"",B90)) -> 0 | O90: =IF(G90=1,"",IF(K90=1,"",E90)) | P90: =IF(G90=1,"",IF(K90=1,"",IF(I90=0,"",B90))) | Q90: =IF(G90=1,"",IF(K90=1,"",IF(I90=0,"",E90))) | S90: ='GPA Calculator'!N95 -> 0 | T90: =IF('GPA Calculator'!O95="DP",0,IF('GPA Calculator'!O95="WP",0,IF('GPA Calculator'!O95="P",0,IF('GPA Calculator'!O95="FA",0,IF('GPA Calculator'!O95="CR",0,IF('GPA Calculator'!O95="NC",0,IF('GPA Calculator'!O95="",0,S90))))))) -> 0 | U90: =IF('GPA Calculator'!O95="W",0,IF('GPA Calculator'!O95="P",0,IF('GPA Calculator'!O95="FA",0,IF('GPA Calculator'!O95="CR",0,IF('GPA Calculator'!O95="NC",0,IF('GPA Calculator'!O95="",0,'GPA Calculator'!O95)))))) -> 0 | V90: =IF(U90=0,0,VLOOKUP(U90,$AL$2:$AM$14,2,FALSE)) -> 0 | W90: =IF(V90=0,"",T90*V90) | X90: ='GPA Calculator'!Q95 -> 0 | Y90: =IF(X90=0,0,1) -> 0 | Z90: ='GPA Calculator'!R95 -> 0 | AA90: =IF(Z90=0,0,1) -> 0 | AB90: ='GPA Calculator'!S95 -> 0 | AC90: =IF(AB90=0,0,1) -> 0 | AD90: =T90 -> 0 | AE90: =W90 | AF90: =IF(Y90=1,"",IF(AC90=1,"",T90)) -> 0 | AG90: =IF(Y90=1,"",IF(AC90=1,"",W90)) | AH90: =IF(Y90=1,"",IF(AC90=1,"",IF(AA90=0,"",T90))) | AI90: =IF(Y90=1,"",IF(AC90=1,"",IF(AA90=0,"",W90)))
A91: ='GPA Calculator'!D96 -> 0 | B91: =IF('GPA Calculator'!E96="DP",0,IF('GPA Calculator'!E96="WP",0,IF('GPA Calculator'!E96="P",0,IF('GPA Calculator'!E96="FA",0,IF('GPA Calculator'!E96="CR",0,IF('GPA Calculator'!E96="NC",0,IF('GPA Calculator'!E96="",0,A91))))))) -> 0 | C91: =IF('GPA Calculator'!E96="W",0,IF('GPA Calculator'!E96="P",0,IF('GPA Calculator'!E96="FA",0,IF('GPA Calculator'!E96="CR",0,IF('GPA Calculator'!E96="NC",0,IF('GPA Calculator'!E96="",0,'GPA Calculator'!E96)))))) -> 0 | D91: =IF(C91=0,0,VLOOKUP(C91,$AL$2:$AM$14,2,FALSE)) -> 0 | E91: =IF(D91=0,"",B91*D91) | F91: ='GPA Calculator'!G96 -> 0 | G91: =IF(F91=0,0,1) -> 0 | H91: ='GPA Calculator'!H96 -> 0 | I91: =IF(H91=0,0,1) -> 0 | J91: ='GPA Calculator'!I96 -> 0 | K91: =IF(J91=0,0,1) -> 0 | L91: =B91 -> 0 | M91: =E91 | N91: =IF(G91=1,"",IF(K91=1,"",B91)) -> 0 | O91: =IF(G91=1,"",IF(K91=1,"",E91)) | P91: =IF(G91=1,"",IF(K91=1,"",IF(I91=0,"",B91))) | Q91: =IF(G91=1,"",IF(K91=1,"",IF(I91=0,"",E91))) | S91: ='GPA Calculator'!N96 -> 0 | T91: =IF('GPA Calculator'!O96="DP",0,IF('GPA Calculator'!O96="WP",0,IF('GPA Calculator'!O96="P",0,IF('GPA Calculator'!O96="FA",0,IF('GPA Calculator'!O96="CR",0,IF('GPA Calculator'!O96="NC",0,IF('GPA Calculator'!O96="",0,S91))))))) -> 0 | U91: =IF('GPA Calculator'!O96="W",0,IF('GPA Calculator'!O96="P",0,IF('GPA Calculator'!O96="FA",0,IF('GPA Calculator'!O96="CR",0,IF('GPA Calculator'!O96="NC",0,IF('GPA Calculator'!O96="",0,'GPA Calculator'!O96)))))) -> 0 | V91: =IF(U91=0,0,VLOOKUP(U91,$AL$2:$AM$14,2,FALSE)) -> 0 | W91: =IF(V91=0,"",T91*V91) | X91: ='GPA Calculator'!Q96 -> 0 | Y91: =IF(X91=0,0,1) -> 0 | Z91: ='GPA Calculator'!R96 -> 0 | AA91: =IF(Z91=0,0,1) -> 0 | AB91: ='GPA Calculator'!S96 -> 0 | AC91: =IF(AB91=0,0,1) -> 0 | AD91: =T91 -> 0 | AE91: =W91 | AF91: =IF(Y91=1,"",IF(AC91=1,"",T91)) -> 0 | AG91: =IF(Y91=1,"",IF(AC91=1,"",W91)) | AH91: =IF(Y91=1,"",IF(AC91=1,"",IF(AA91=0,"",T91))) | AI91: =IF(Y91=1,"",IF(AC91=1,"",IF(AA91=0,"",W91)))
A92: ='GPA Calculator'!D97 -> 0 | B92: =IF('GPA Calculator'!E97="DP",0,IF('GPA Calculator'!E97="WP",0,IF('GPA Calculator'!E97="P",0,IF('GPA Calculator'!E97="FA",0,IF('GPA Calculator'!E97="CR",0,IF('GPA Calculator'!E97="NC",0,IF('GPA Calculator'!E97="",0,A92))))))) -> 0 | C92: =IF('GPA Calculator'!E97="W",0,IF('GPA Calculator'!E97="P",0,IF('GPA Calculator'!E97="FA",0,IF('GPA Calculator'!E97="CR",0,IF('GPA Calculator'!E97="NC",0,IF('GPA Calculator'!E97="",0,'GPA Calculator'!E97)))))) -> 0 | D92: =IF(C92=0,0,VLOOKUP(C92,$AL$2:$AM$14,2,FALSE)) -> 0 | E92: =IF(D92=0,"",B92*D92) | F92: ='GPA Calculator'!G97 -> 0 | G92: =IF(F92=0,0,1) -> 0 | H92: ='GPA Calculator'!H97 -> 0 | I92: =IF(H92=0,0,1) -> 0 | J92: ='GPA Calculator'!I97 -> 0 | K92: =IF(J92=0,0,1) -> 0 | L92: =B92 -> 0 | M92: =E92 | N92: =IF(G92=1,"",IF(K92=1,"",B92)) -> 0 | O92: =IF(G92=1,"",IF(K92=1,"",E92)) | P92: =IF(G92=1,"",IF(K92=1,"",IF(I92=0,"",B92))) | Q92: =IF(G92=1,"",IF(K92=1,"",IF(I92=0,"",E92))) | S92: ='GPA Calculator'!N97 -> 0 | T92: =IF('GPA Calculator'!O97="DP",0,IF('GPA Calculator'!O97="WP",0,IF('GPA Calculator'!O97="P",0,IF('GPA Calculator'!O97="FA",0,IF('GPA Calculator'!O97="CR",0,IF('GPA Calculator'!O97="NC",0,IF('GPA Calculator'!O97="",0,S92))))))) -> 0 | U92: =IF('GPA Calculator'!O97="W",0,IF('GPA Calculator'!O97="P",0,IF('GPA Calculator'!O97="FA",0,IF('GPA Calculator'!O97="CR",0,IF('GPA Calculator'!O97="NC",0,IF('GPA Calculator'!O97="",0,'GPA Calculator'!O97)))))) -> 0 | V92: =IF(U92=0,0,VLOOKUP(U92,$AL$2:$AM$14,2,FALSE)) -> 0 | W92: =IF(V92=0,"",T92*V92) | X92: ='GPA Calculator'!Q97 -> 0 | Y92: =IF(X92=0,0,1) -> 0 | Z92: ='GPA Calculator'!R97 -> 0 | AA92: =IF(Z92=0,0,1) -> 0 | AB92: ='GPA Calculator'!S97 -> 0 | AC92: =IF(AB92=0,0,1) -> 0 | AD92: =T92 -> 0 | AE92: =W92 | AF92: =IF(Y92=1,"",IF(AC92=1,"",T92)) -> 0 | AG92: =IF(Y92=1,"",IF(AC92=1,"",W92)) | AH92: =IF(Y92=1,"",IF(AC92=1,"",IF(AA92=0,"",T92))) | AI92: =IF(Y92=1,"",IF(AC92=1,"",IF(AA92=0,"",W92)))
A93: ='GPA Calculator'!D98 -> 0 | B93: =IF('GPA Calculator'!E98="DP",0,IF('GPA Calculator'!E98="WP",0,IF('GPA Calculator'!E98="P",0,IF('GPA Calculator'!E98="FA",0,IF('GPA Calculator'!E98="CR",0,IF('GPA Calculator'!E98="NC",0,IF('GPA Calculator'!E98="",0,A93))))))) -> 0 | C93: =IF('GPA Calculator'!E98="W",0,IF('GPA Calculator'!E98="P",0,IF('GPA Calculator'!E98="FA",0,IF('GPA Calculator'!E98="CR",0,IF('GPA Calculator'!E98="NC",0,IF('GPA Calculator'!E98="",0,'GPA Calculator'!E98)))))) -> 0 | D93: =IF(C93=0,0,VLOOKUP(C93,$AL$2:$AM$14,2,FALSE)) -> 0 | E93: =IF(D93=0,"",B93*D93) | F93: ='GPA Calculator'!G98 -> 0 | G93: =IF(F93=0,0,1) -> 0 | H93: ='GPA Calculator'!H98 -> 0 | I93: =IF(H93=0,0,1) -> 0 | J93: ='GPA Calculator'!I98 -> 0 | K93: =IF(J93=0,0,1) -> 0 | L93: =B93 -> 0 | M93: =E93 | N93: =IF(G93=1,"",IF(K93=1,"",B93)) -> 0 | O93: =IF(G93=1,"",IF(K93=1,"",E93)) | P93: =IF(G93=1,"",IF(K93=1,"",IF(I93=0,"",B93))) | Q93: =IF(G93=1,"",IF(K93=1,"",IF(I93=0,"",E93))) | S93: ='GPA Calculator'!N98 -> 0 | T93: =IF('GPA Calculator'!O98="DP",0,IF('GPA Calculator'!O98="WP",0,IF('GPA Calculator'!O98="P",0,IF('GPA Calculator'!O98="FA",0,IF('GPA Calculator'!O98="CR",0,IF('GPA Calculator'!O98="NC",0,IF('GPA Calculator'!O98="",0,S93))))))) -> 0 | U93: =IF('GPA Calculator'!O98="W",0,IF('GPA Calculator'!O98="P",0,IF('GPA Calculator'!O98="FA",0,IF('GPA Calculator'!O98="CR",0,IF('GPA Calculator'!O98="NC",0,IF('GPA Calculator'!O98="",0,'GPA Calculator'!O98)))))) -> 0 | V93: =IF(U93=0,0,VLOOKUP(U93,$AL$2:$AM$14,2,FALSE)) -> 0 | W93: =IF(V93=0,"",T93*V93) | X93: ='GPA Calculator'!Q98 -> 0 | Y93: =IF(X93=0,0,1) -> 0 | Z93: ='GPA Calculator'!R98 -> 0 | AA93: =IF(Z93=0,0,1) -> 0 | AB93: ='GPA Calculator'!S98 -> 0 | AC93: =IF(AB93=0,0,1) -> 0 | AD93: =T93 -> 0 | AE93: =W93 | AF93: =IF(Y93=1,"",IF(AC93=1,"",T93)) -> 0 | AG93: =IF(Y93=1,"",IF(AC93=1,"",W93)) | AH93: =IF(Y93=1,"",IF(AC93=1,"",IF(AA93=0,"",T93))) | AI93: =IF(Y93=1,"",IF(AC93=1,"",IF(AA93=0,"",W93)))
B94: =SUM(B85:B93) -> 0 | E94: =SUM(E85:E93) -> 0 | L94: =SUM(L85:L93) -> 0 | M94: =SUM(M85:M93) -> 0 | N94: =SUM(N85:N93) -> 0 | O94: =SUM(O85:O93) -> 0 | P94: =SUM(P85:P93) -> 0 | Q94: =SUM(Q85:Q93) -> 0 | T94: =SUM(T85:T93) -> 0 | V94: =SUM(V85:V93) -> 0 | W94: =SUM(W85:W93) -> 0 | AD94: =SUM(AD85:AD93) -> 0 | AE94: =SUM(AE85:AE93) -> 0 | AF94: =SUM(AF85:AF93) -> 0 | AG94: =SUM(AG85:AG93) -> 0 | AH94: =SUM(AH85:AH93) -> 0 | AI94: =SUM(AI85:AI93) -> 0
L95: Term GPA | M95: =IF(L94=0,"",M94/L94) | N95: BU GPA | O95: =IF(N94=0,"",O94/N94) | P95: MAJ GPA | Q95: =IF(P94=0,"",Q94/P94) | AD95: Term GPA | AE95: =IF(AD94=0,"",AE94/AD94) | AF95: BU GPA | AG95: =IF(AF94=0,"",AG94/AF94) | AH95: MAJ GPA | AI95: =IF(AH94=0,"",AI94/AH94)
C97: Total Hrs | D97: =L94+AD94+AD78+L78+L62+AD62+AD46+L46+L30+AD30+AD14+L14 -> 0 | M97: Cumulative GPA | N97: =IF(D97=0,"",(M94+AE94+AE78+M78+M62+AE62+AE46+M46+M30+AE30+AE14+M14)/D97)
C98: BU Hrs | D98: =N14+AF14+N78+N94+AF30+N30+N46+AF46+AF78+AF94+AF62+N62 -> 0 | M98: Cumulative BU GPA | N98: =IF(D98=0,"",(O14+AG14+O78+O94+AG30+O30+O46+AG46+AG78+AG94+AG62+O62)/D98)
C99: Maj Hrs | D99: =P62+AH62+P78+P94+AH46+P46+P30+AH30+AH78+AH94+AH14+P14 -> 0 | M99: Cumulative Major GPA | N99: =IF(D99=0,"",(Q14+AI14+Q78+AI78+AI30+Q30+Q46+AI46+Q94+AI94+AI62+Q62)/D99)
A104: Devloped by:
A105: Robert J Shipp Jr.
A106: University Advisement, Baylor University

Sheet BCMP GPA Calc
A1: Hours | B1: Grade | C1: Qual Pts | H1: Hours | I1: Grade | J1: Qual Pts | O1: Cumulative BCMP GPA | P1: Hours | Q1: Pts | R1: GPA | T1: Grades
A2: =IF('GPA Calculator'!A5="BIO",'GPA Calculator'!D5,IF('GPA Calculator'!A5="CHE",'GPA Calculator'!D5,IF('GPA Calculator'!A5="PHY",'GPA Calculator'!D5,IF('GPA Calculator'!A5="MTH",'GPA Calculator'!D5,IF('GPA Calculator'!A5="STA",'GPA Calculator'!D5,0))))) -> 0 | B2: =IF(A2=0,0,IF('GPA Calculator'!E5="W",0,IF('GPA Calculator'!E5="P",0,IF('GPA Calculator'!E5="FA",0,IF('GPA Calculator'!E5="CR",0,IF('GPA Calculator'!E5="NC",0,IF('GPA Calculator'!E5="",0,'GPA Calculator'!E5))))))) -> 0 | C2: =IF(A2=0,0,VLOOKUP(B2,$T$2:$U$14,2,FALSE)) -> 0 | D2: =C2*A2 -> 0 | H2: =IF('GPA Calculator'!K5="BIO",'GPA Calculator'!N5,IF('GPA Calculator'!K5="CHE",'GPA Calculator'!N5,IF('GPA Calculator'!K5="PHY",'GPA Calculator'!N5,IF('GPA Calculator'!K5="MTH",'GPA Calculator'!N5,IF('GPA Calculator'!K5="STA",'GPA Calculator'!N5,0))))) -> 0 | I2: =IF(H2=0,0,IF('GPA Calculator'!O5="W",0,IF('GPA Calculator'!O5="P",0,IF('GPA Calculator'!O5="FA",0,IF('GPA Calculator'!O5="CR",0,IF('GPA Calculator'!O5="NC",0,IF('GPA Calculator'!O5="",0,'GPA Calculator'!O5))))))) -> 0 | J2: =IF(H2=0,0,VLOOKUP(I2,$T$2:$U$14,2,FALSE)) -> 0 | K2: =J2*H2 -> 0 | P2: =A11+A27+A43+A58+A74+A90+H90+H74+H58+H43+H27+H11 -> 0 | Q2: =D11+K11+D27+K27+D43+K43+D58+K58+D74+K74+D90+K90 -> 0 | R2: =IF(P2=0,"",Q2/P2) | T2: A | U2: 4
A3: =IF('GPA Calculator'!A6="BIO",'GPA Calculator'!D6,IF('GPA Calculator'!A6="CHE",'GPA Calculator'!D6,IF('GPA Calculator'!A6="PHY",'GPA Calculator'!D6,IF('GPA Calculator'!A6="MTH",'GPA Calculator'!D6,IF('GPA Calculator'!A6="STA",'GPA Calculator'!D6,0))))) -> 0 | B3: =IF(A3=0,0,IF('GPA Calculator'!E6="W",0,IF('GPA Calculator'!E6="P",0,IF('GPA Calculator'!E6="FA",0,IF('GPA Calculator'!E6="CR",0,IF('GPA Calculator'!E6="NC",0,IF('GPA Calculator'!E6="",0,'GPA Calculator'!E6))))))) -> 0 | C3: =IF(A3=0,0,VLOOKUP(B3,$T$2:$U$14,2,FALSE)) -> 0 | D3: =C3*A3 -> 0 | H3: =IF('GPA Calculator'!K6="BIO",'GPA Calculator'!N6,IF('GPA Calculator'!K6="CHE",'GPA Calculator'!N6,IF('GPA Calculator'!K6="PHY",'GPA Calculator'!N6,IF('GPA Calculator'!K6="MTH",'GPA Calculator'!N6,IF('GPA Calculator'!K6="STA",'GPA Calculator'!N6,0))))) -> 0 | I3: =IF(H3=0,0,IF('GPA Calculator'!O6="W",0,IF('GPA Calculator'!O6="P",0,IF('GPA Calculator'!O6="FA",0,IF('GPA Calculator'!O6="CR",0,IF('GPA Calculator'!O6="NC",0,IF('GPA Calculator'!O6="",0,'GPA Calculator'!O6))))))) -> 0 | J3: =IF(H3=0,0,VLOOKUP(I3,$T$2:$U$14,2,FALSE)) -> 0 | K3: =J3*H3 -> 0 | T3: A- | U3: 3.67
A4: =IF('GPA Calculator'!A7="BIO",'GPA Calculator'!D7,IF('GPA Calculator'!A7="CHE",'GPA Calculator'!D7,IF('GPA Calculator'!A7="PHY",'GPA Calculator'!D7,IF('GPA Calculator'!A7="MTH",'GPA Calculator'!D7,IF('GPA Calculator'!A7="STA",'GPA Calculator'!D7,0))))) -> 0 | B4: =IF(A4=0,0,IF('GPA Calculator'!E7="W",0,IF('GPA Calculator'!E7="P",0,IF('GPA Calculator'!E7="FA",0,IF('GPA Calculator'!E7="CR",0,IF('GPA Calculator'!E7="NC",0,IF('GPA Calculator'!E7="",0,'GPA Calculator'!E7))))))) -> 0 | C4: =IF(A4=0,0,VLOOKUP(B4,$T$2:$U$14,2,FALSE)) -> 0 | D4: =C4*A4 -> 0 | H4: =IF('GPA Calculator'!K7="BIO",'GPA Calculator'!N7,IF('GPA Calculator'!K7="CHE",'GPA Calculator'!N7,IF('GPA Calculator'!K7="PHY",'GPA Calculator'!N7,IF('GPA Calculator'!K7="MTH",'GPA Calculator'!N7,IF('GPA Calculator'!K7="STA",'GPA Calculator'!N7,0))))) -> 0 | I4: =IF(H4=0,0,IF('GPA Calculator'!O7="W",0,IF('GPA Calculator'!O7="P",0,IF('GPA Calculator'!O7="FA",0,IF('GPA Calculator'!O7="CR",0,IF('GPA Calculator'!O7="NC",0,IF('GPA Calculator'!O7="",0,'GPA Calculator'!O7))))))) -> 0 | J4: =IF(H4=0,0,VLOOKUP(I4,$T$2:$U$14,2,FALSE)) -> 0 | K4: =J4*H4 -> 0 | T4: B+ | U4: 3.33
A5: =IF('GPA Calculator'!A8="BIO",'GPA Calculator'!D8,IF('GPA Calculator'!A8="CHE",'GPA Calculator'!D8,IF('GPA Calculator'!A8="PHY",'GPA Calculator'!D8,IF('GPA Calculator'!A8="MTH",'GPA Calculator'!D8,IF('GPA Calculator'!A8="STA",'GPA Calculator'!D8,0))))) -> 0 | B5: =IF(A5=0,0,IF('GPA Calculator'!E8="W",0,IF('GPA Calculator'!E8="P",0,IF('GPA Calculator'!E8="FA",0,IF('GPA Calculator'!E8="CR",0,IF('GPA Calculator'!E8="NC",0,IF('GPA Calculator'!E8="",0,'GPA Calculator'!E8))))))) -> 0 | C5: =IF(A5=0,0,VLOOKUP(B5,$T$2:$U$14,2,FALSE)) -> 0 | D5: =C5*A5 -> 0 | H5: =IF('GPA Calculator'!K8="BIO",'GPA Calculator'!N8,IF('GPA Calculator'!K8="CHE",'GPA Calculator'!N8,IF('GPA Calculator'!K8="PHY",'GPA Calculator'!N8,IF('GPA Calculator'!K8="MTH",'GPA Calculator'!N8,IF('GPA Calculator'!K8="STA",'GPA Calculator'!N8,0))))) -> 0 | I5: =IF(H5=0,0,IF('GPA Calculator'!O8="W",0,IF('GPA Calculator'!O8="P",0,IF('GPA Calculator'!O8="FA",0,IF('GPA Calculator'!O8="CR",0,IF('GPA Calculator'!O8="NC",0,IF('GPA Calculator'!O8="",0,'GPA Calculator'!O8))))))) -> 0 | J5: =IF(H5=0,0,VLOOKUP(I5,$T$2:$U$14,2,FALSE)) -> 0 | K5: =J5*H5 -> 0 | T5: B | U5: 3
A6: =IF('GPA Calculator'!A9="BIO",'GPA Calculator'!D9,IF('GPA Calculator'!A9="CHE",'GPA Calculator'!D9,IF('GPA Calculator'!A9="PHY",'GPA Calculator'!D9,IF('GPA Calculator'!A9="MTH",'GPA Calculator'!D9,IF('GPA Calculator'!A9="STA",'GPA Calculator'!D9,0))))) -> 0 | B6: =IF(A6=0,0,IF('GPA Calculator'!E9="W",0,IF('GPA Calculator'!E9="P",0,IF('GPA Calculator'!E9="FA",0,IF('GPA Calculator'!E9="CR",0,IF('GPA Calculator'!E9="NC",0,IF('GPA Calculator'!E9="",0,'GPA Calculator'!E9))))))) -> 0 | C6: =IF(A6=0,0,VLOOKUP(B6,$T$2:$U$14,2,FALSE)) -> 0 | D6: =C6*A6 -> 0 | H6: =IF('GPA Calculator'!K9="BIO",'GPA Calculator'!N9,IF('GPA Calculator'!K9="CHE",'GPA Calculator'!N9,IF('GPA Calculator'!K9="PHY",'GPA Calculator'!N9,IF('GPA Calculator'!K9="MTH",'GPA Calculator'!N9,IF('GPA Calculator'!K9="STA",'GPA Calculator'!N9,0))))) -> 0 | I6: =IF(H6=0,0,IF('GPA Calculator'!O9="W",0,IF('GPA Calculator'!O9="P",0,IF('GPA Calculator'!O9="FA",0,IF('GPA Calculator'!O9="CR",0,IF('GPA Calculator'!O9="NC",0,IF('GPA Calculator'!O9="",0,'GPA Calculator'!O9))))))) -> 0 | J6: =IF(H6=0,0,VLOOKUP(I6,$T$2:$U$14,2,FALSE)) -> 0 | K6: =J6*H6 -> 0 | T6: B- | U6: 2.67
A7: =IF('GPA Calculator'!A10="BIO",'GPA Calculator'!D10,IF('GPA Calculator'!A10="CHE",'GPA Calculator'!D10,IF('GPA Calculator'!A10="PHY",'GPA Calculator'!D10,IF('GPA Calculator'!A10="MTH",'GPA Calculator'!D10,IF('GPA Calculator'!A10="STA",'GPA Calculator'!D10,0))))) -> 0 | B7: =IF(A7=0,0,IF('GPA Calculator'!E10="W",0,IF('GPA Calculator'!E10="P",0,IF('GPA Calculator'!E10="FA",0,IF('GPA Calculator'!E10="CR",0,IF('GPA Calculator'!E10="NC",0,IF('GPA Calculator'!E10="",0,'GPA Calculator'!E10))))))) -> 0 | C7: =IF(A7=0,0,VLOOKUP(B7,$T$2:$U$14,2,FALSE)) -> 0 | D7: =C7*A7 -> 0 | H7: =IF('GPA Calculator'!K10="BIO",'GPA Calculator'!N10,IF('GPA Calculator'!K10="CHE",'GPA Calculator'!N10,IF('GPA Calculator'!K10="PHY",'GPA Calculator'!N10,IF('GPA Calculator'!K10="MTH",'GPA Calculator'!N10,IF('GPA Calculator'!K10="STA",'GPA Calculator'!N10,0))))) -> 0 | I7: =IF(H7=0,0,IF('GPA Calculator'!O10="W",0,IF('GPA Calculator'!O10="P",0,IF('GPA Calculator'!O10="FA",0,IF('GPA Calculator'!O10="CR",0,IF('GPA Calculator'!O10="NC",0,IF('GPA Calculator'!O10="",0,'GPA Calculator'!O10))))))) -> 0 | J7: =IF(H7=0,0,VLOOKUP(I7,$T$2:$U$14,2,FALSE)) -> 0 | K7: =J7*H7 -> 0 | T7: C+ | U7: 2.33
A8: =IF('GPA Calculator'!A11="BIO",'GPA Calculator'!D11,IF('GPA Calculator'!A11="CHE",'GPA Calculator'!D11,IF('GPA Calculator'!A11="PHY",'GPA Calculator'!D11,IF('GPA Calculator'!A11="MTH",'GPA Calculator'!D11,IF('GPA Calculator'!A11="STA",'GPA Calculator'!D11,0))))) -> 0 | B8: =IF(A8=0,0,IF('GPA Calculator'!E11="W",0,IF('GPA Calculator'!E11="P",0,IF('GPA Calculator'!E11="FA",0,IF('GPA Calculator'!E11="CR",0,IF('GPA Calculator'!E11="NC",0,IF('GPA Calculator'!E11="",0,'GPA Calculator'!E11))))))) -> 0 | C8: =IF(A8=0,0,VLOOKUP(B8,$T$2:$U$14,2,FALSE)) -> 0 | D8: =C8*A8 -> 0 | H8: =IF('GPA Calculator'!K11="BIO",'GPA Calculator'!N11,IF('GPA Calculator'!K11="CHE",'GPA Calculator'!N11,IF('GPA Calculator'!K11="PHY",'GPA Calculator'!N11,IF('GPA Calculator'!K11="MTH",'GPA Calculator'!N11,IF('GPA Calculator'!K11="STA",'GPA Calculator'!N11,0))))) -> 0 | I8: =IF(H8=0,0,IF('GPA Calculator'!O11="W",0,IF('GPA Calculator'!O11="P",0,IF('GPA Calculator'!O11="FA",0,IF('GPA Calculator'!O11="CR",0,IF('GPA Calculator'!O11="NC",0,IF('GPA Calculator'!O11="",0,'GPA Calculator'!O11))))))) -> 0 | J8: =IF(H8=0,0,VLOOKUP(I8,$T$2:$U$14,2,FALSE)) -> 0 | K8: =J8*H8 -> 0 | T8: C | U8: 2
A9: =IF('GPA Calculator'!A12="BIO",'GPA Calculator'!D12,IF('GPA Calculator'!A12="CHE",'GPA Calculator'!D12,IF('GPA Calculator'!A12="PHY",'GPA Calculator'!D12,IF('GPA Calculator'!A12="MTH",'GPA Calculator'!D12,IF('GPA Calculator'!A12="STA",'GPA Calculator'!D12,0))))) -> 0 | B9: =IF(A9=0,0,IF('GPA Calculator'!E12="W",0,IF('GPA Calculator'!E12="P",0,IF('GPA Calculator'!E12="FA",0,IF('GPA Calculator'!E12="CR",0,IF('GPA Calculator'!E12="NC",0,IF('GPA Calculator'!E12="",0,'GPA Calculator'!E12))))))) -> 0 | C9: =IF(A9=0,0,VLOOKUP(B9,$T$2:$U$14,2,FALSE)) -> 0 | D9: =C9*A9 -> 0 | H9: =IF('GPA Calculator'!K12="BIO",'GPA Calculator'!N12,IF('GPA Calculator'!K12="CHE",'GPA Calculator'!N12,IF('GPA Calculator'!K12="PHY",'GPA Calculator'!N12,IF('GPA Calculator'!K12="MTH",'GPA Calculator'!N12,IF('GPA Calculator'!K12="STA",'GPA Calculator'!N12,0))))) -> 0 | I9: =IF(H9=0,0,IF('GPA Calculator'!O12="W",0,IF('GPA Calculator'!O12="P",0,IF('GPA Calculator'!O12="FA",0,IF('GPA Calculator'!O12="CR",0,IF('GPA Calculator'!O12="NC",0,IF('GPA Calculator'!O12="",0,'GPA Calculator'!O12))))))) -> 0 | J9: =IF(H9=0,0,VLOOKUP(I9,$T$2:$U$14,2,FALSE)) -> 0 | K9: =J9*H9 -> 0 | T9: C- | U9: 1.67
A10: =IF('GPA Calculator'!A13="BIO",'GPA Calculator'!D13,IF('GPA Calculator'!A13="CHE",'GPA Calculator'!D13,IF('GPA Calculator'!A13="PHY",'GPA Calculator'!D13,IF('GPA Calculator'!A13="MTH",'GPA Calculator'!D13,IF('GPA Calculator'!A13="STA",'GPA Calculator'!D13,0))))) -> 0 | B10: =IF(A10=0,0,IF('GPA Calculator'!E13="W",0,IF('GPA Calculator'!E13="P",0,IF('GPA Calculator'!E13="FA",0,IF('GPA Calculator'!E13="CR",0,IF('GPA Calculator'!E13="NC",0,IF('GPA Calculator'!E13="",0,'GPA Calculator'!E13))))))) -> 0 | C10: =IF(A10=0,0,VLOOKUP(B10,$T$2:$U$14,2,FALSE)) -> 0 | D10: =C10*A10 -> 0 | H10: =IF('GPA Calculator'!K13="BIO",'GPA Calculator'!N13,IF('GPA Calculator'!K13="CHE",'GPA Calculator'!N13,IF('GPA Calculator'!K13="PHY",'GPA Calculator'!N13,IF('GPA Calculator'!K13="MTH",'GPA Calculator'!N13,IF('GPA Calculator'!K13="STA",'GPA Calculator'!N13,0))))) -> 0 | I10: =IF(H10=0,0,IF('GPA Calculator'!O13="W",0,IF('GPA Calculator'!O13="P",0,IF('GPA Calculator'!O13="FA",0,IF('GPA Calculator'!O13="CR",0,IF('GPA Calculator'!O13="NC",0,IF('GPA Calculator'!O13="",0,'GPA Calculator'!O13))))))) -> 0 | J10: =IF(H10=0,0,VLOOKUP(I10,$T$2:$U$14,2,FALSE)) -> 0 | K10: =J10*H10 -> 0 | T10: D+ | U10: 1.33
A11: =SUM(A2:A10) -> 0 | C11: =SUM(C2:C10) -> 0 | D11: =SUM(D2:D10) -> 0 | E11: =IF(A11=0,"",D11/A11) | H11: =SUM(H2:H10) -> 0 | J11: =SUM(J2:J10) -> 0 | K11: =SUM(K2:K10) -> 0 | L11: =IF(H11=0,"",K11/H11) | T11: D | U11: 1
T12: D- | U12: 0.67
T13: F | U13: 0
T14: W | U14: 0
A18: =IF('GPA Calculator'!A22="BIO",'GPA Calculator'!D22,IF('GPA Calculator'!A22="CHE",'GPA Calculator'!D22,IF('GPA Calculator'!A22="PHY",'GPA Calculator'!D22,IF('GPA Calculator'!A22="MTH",'GPA Calculator'!D22,IF('GPA Calculator'!A22="STA",'GPA Calculator'!D22,0))))) -> 0 | B18: =IF(A18=0,0,IF('GPA Calculator'!E22="W",0,IF('GPA Calculator'!E22="P",0,IF('GPA Calculator'!E22="FA",0,IF('GPA Calculator'!E22="CR",0,IF('GPA Calculator'!E22="NC",0,IF('GPA Calculator'!E22="",0,'GPA Calculator'!E22))))))) -> 0 | C18: =IF(A18=0,0,VLOOKUP(B18,$T$2:$U$14,2,FALSE)) -> 0 | D18: =C18*A18 -> 0 | H18: =IF('GPA Calculator'!K22="BIO",'GPA Calculator'!N22,IF('GPA Calculator'!K22="CHE",'GPA Calculator'!N22,IF('GPA Calculator'!K22="PHY",'GPA Calculator'!N22,IF('GPA Calculator'!K22="MTH",'GPA Calculator'!N22,IF('GPA Calculator'!K22="STA",'GPA Calculator'!N22,0))))) -> 0 | I18: =IF(H18=0,0,IF('GPA Calculator'!O22="W",0,IF('GPA Calculator'!O22="P",0,IF('GPA Calculator'!O22="FA",0,IF('GPA Calculator'!O22="CR",0,IF('GPA Calculator'!O22="NC",0,IF('GPA Calculator'!O22="",0,'GPA Calculator'!O22))))))) -> 0 | J18: =IF(H18=0,0,VLOOKUP(I18,$T$2:$U$14,2,FALSE)) -> 0 | K18: =J18*H18 -> 0
A19: =IF('GPA Calculator'!A23="BIO",'GPA Calculator'!D23,IF('GPA Calculator'!A23="CHE",'GPA Calculator'!D23,IF('GPA Calculator'!A23="PHY",'GPA Calculator'!D23,IF('GPA Calculator'!A23="MTH",'GPA Calculator'!D23,IF('GPA Calculator'!A23="STA",'GPA Calculator'!D23,0))))) -> 0 | B19: =IF(A19=0,0,IF('GPA Calculator'!E23="W",0,IF('GPA Calculator'!E23="P",0,IF('GPA Calculator'!E23="FA",0,IF('GPA Calculator'!E23="CR",0,IF('GPA Calculator'!E23="NC",0,IF('GPA Calculator'!E23="",0,'GPA Calculator'!E23))))))) -> 0 | C19: =IF(A19=0,0,VLOOKUP(B19,$T$2:$U$14,2,FALSE)) -> 0 | D19: =C19*A19 -> 0 | H19: =IF('GPA Calculator'!K23="BIO",'GPA Calculator'!N23,IF('GPA Calculator'!K23="CHE",'GPA Calculator'!N23,IF('GPA Calculator'!K23="PHY",'GPA Calculator'!N23,IF('GPA Calculator'!K23="MTH",'GPA Calculator'!N23,IF('GPA Calculator'!K23="STA",'GPA Calculator'!N23,0))))) -> 0 | I19: =IF(H19=0,0,IF('GPA Calculator'!O23="W",0,IF('GPA Calculator'!O23="P",0,IF('GPA Calculator'!O23="FA",0,IF('GPA Calculator'!O23="CR",0,IF('GPA Calculator'!O23="NC",0,IF('GPA Calculator'!O23="",0,'GPA Calculator'!O23))))))) -> 0 | J19: =IF(H19=0,0,VLOOKUP(I19,$T$2:$U$14,2,FALSE)) -> 0 | K19: =J19*H19 -> 0
A20: =IF('GPA Calculator'!A24="BIO",'GPA Calculator'!D24,IF('GPA Calculator'!A24="CHE",'GPA Calculator'!D24,IF('GPA Calculator'!A24="PHY",'GPA Calculator'!D24,IF('GPA Calculator'!A24="MTH",'GPA Calculator'!D24,IF('GPA Calculator'!A24="STA",'GPA Calculator'!D24,0))))) -> 0 | B20: =IF(A20=0,0,IF('GPA Calculator'!E24="W",0,IF('GPA Calculator'!E24="P",0,IF('GPA Calculator'!E24="FA",0,IF('GPA Calculator'!E24="CR",0,IF('GPA Calculator'!E24="NC",0,IF('GPA Calculator'!E24="",0,'GPA Calculator'!E24))))))) -> 0 | C20: =IF(A20=0,0,VLOOKUP(B20,$T$2:$U$14,2,FALSE)) -> 0 | D20: =C20*A20 -> 0 | H20: =IF('GPA Calculator'!K24="BIO",'GPA Calculator'!N24,IF('GPA Calculator'!K24="CHE",'GPA Calculator'!N24,IF('GPA Calculator'!K24="PHY",'GPA Calculator'!N24,IF('GPA Calculator'!K24="MTH",'GPA Calculator'!N24,IF('GPA Calculator'!K24="STA",'GPA Calculator'!N24,0))))) -> 0 | I20: =IF(H20=0,0,IF('GPA Calculator'!O24="W",0,IF('GPA Calculator'!O24="P",0,IF('GPA Calculator'!O24="FA",0,IF('GPA Calculator'!O24="CR",0,IF('GPA Calculator'!O24="NC",0,IF('GPA Calculator'!O24="",0,'GPA Calculator'!O24))))))) -> 0 | J20: =IF(H20=0,0,VLOOKUP(I20,$T$2:$U$14,2,FALSE)) -> 0 | K20: =J20*H20 -> 0
A21: =IF('GPA Calculator'!A25="BIO",'GPA Calculator'!D25,IF('GPA Calculator'!A25="CHE",'GPA Calculator'!D25,IF('GPA Calculator'!A25="PHY",'GPA Calculator'!D25,IF('GPA Calculator'!A25="MTH",'GPA Calculator'!D25,IF('GPA Calculator'!A25="STA",'GPA Calculator'!D25,0))))) -> 0 | B21: =IF(A21=0,0,IF('GPA Calculator'!E25="W",0,IF('GPA Calculator'!E25="P",0,IF('GPA Calculator'!E25="FA",0,IF('GPA Calculator'!E25="CR",0,IF('GPA Calculator'!E25="NC",0,IF('GPA Calculator'!E25="",0,'GPA Calculator'!E25))))))) -> 0 | C21: =IF(A21=0,0,VLOOKUP(B21,$T$2:$U$14,2,FALSE)) -> 0 | D21: =C21*A21 -> 0 | H21: =IF('GPA Calculator'!K25="BIO",'GPA Calculator'!N25,IF('GPA Calculator'!K25="CHE",'GPA Calculator'!N25,IF('GPA Calculator'!K25="PHY",'GPA Calculator'!N25,IF('GPA Calculator'!K25="MTH",'GPA Calculator'!N25,IF('GPA Calculator'!K25="STA",'GPA Calculator'!N25,0))))) -> 0 | I21: =IF(H21=0,0,IF('GPA Calculator'!O25="W",0,IF('GPA Calculator'!O25="P",0,IF('GPA Calculator'!O25="FA",0,IF('GPA Calculator'!O25="CR",0,IF('GPA Calculator'!O25="NC",0,IF('GPA Calculator'!O25="",0,'GPA Calculator'!O25))))))) -> 0 | J21: =IF(H21=0,0,VLOOKUP(I21,$T$2:$U$14,2,FALSE)) -> 0 | K21: =J21*H21 -> 0
A22: =IF('GPA Calculator'!A26="BIO",'GPA Calculator'!D26,IF('GPA Calculator'!A26="CHE",'GPA Calculator'!D26,IF('GPA Calculator'!A26="PHY",'GPA Calculator'!D26,IF('GPA Calculator'!A26="MTH",'GPA Calculator'!D26,IF('GPA Calculator'!A26="STA",'GPA Calculator'!D26,0))))) -> 0 | B22: =IF(A22=0,0,IF('GPA Calculator'!E26="W",0,IF('GPA Calculator'!E26="P",0,IF('GPA Calculator'!E26="FA",0,IF('GPA Calculator'!E26="CR",0,IF('GPA Calculator'!E26="NC",0,IF('GPA Calculator'!E26="",0,'GPA Calculator'!E26))))))) -> 0 | C22: =IF(A22=0,0,VLOOKUP(B22,$T$2:$U$14,2,FALSE)) -> 0 | D22: =C22*A22 -> 0 | H22: =IF('GPA Calculator'!K26="BIO",'GPA Calculator'!N26,IF('GPA Calculator'!K26="CHE",'GPA Calculator'!N26,IF('GPA Calculator'!K26="PHY",'GPA Calculator'!N26,IF('GPA Calculator'!K26="MTH",'GPA Calculator'!N26,IF('GPA Calculator'!K26="STA",'GPA Calculator'!N26,0))))) -> 0 | I22: =IF(H22=0,0,IF('GPA Calculator'!O26="W",0,IF('GPA Calculator'!O26="P",0,IF('GPA Calculator'!O26="FA",0,IF('GPA Calculator'!O26="CR",0,IF('GPA Calculator'!O26="NC",0,IF('GPA Calculator'!O26="",0,'GPA Calculator'!O26))))))) -> 0 | J22: =IF(H22=0,0,VLOOKUP(I22,$T$2:$U$14,2,FALSE)) -> 0 | K22: =J22*H22 -> 0
A23: =IF('GPA Calculator'!A27="BIO",'GPA Calculator'!D27,IF('GPA Calculator'!A27="CHE",'GPA Calculator'!D27,IF('GPA Calculator'!A27="PHY",'GPA Calculator'!D27,IF('GPA Calculator'!A27="MTH",'GPA Calculator'!D27,IF('GPA Calculator'!A27="STA",'GPA Calculator'!D27,0))))) -> 0 | B23: =IF(A23=0,0,IF('GPA Calculator'!E27="W",0,IF('GPA Calculator'!E27="P",0,IF('GPA Calculator'!E27="FA",0,IF('GPA Calculator'!E27="CR",0,IF('GPA Calculator'!E27="NC",0,IF('GPA Calculator'!E27="",0,'GPA Calculator'!E27))))))) -> 0 | C23: =IF(A23=0,0,VLOOKUP(B23,$T$2:$U$14,2,FALSE)) -> 0 | D23: =C23*A23 -> 0 | H23: =IF('GPA Calculator'!K27="BIO",'GPA Calculator'!N27,IF('GPA Calculator'!K27="CHE",'GPA Calculator'!N27,IF('GPA Calculator'!K27="PHY",'GPA Calculator'!N27,IF('GPA Calculator'!K27="MTH",'GPA Calculator'!N27,IF('GPA Calculator'!K27="STA",'GPA Calculator'!N27,0))))) -> 0 | I23: =IF(H23=0,0,IF('GPA Calculator'!O27="W",0,IF('GPA Calculator'!O27="P",0,IF('GPA Calculator'!O27="FA",0,IF('GPA Calculator'!O27="CR",0,IF('GPA Calculator'!O27="NC",0,IF('GPA Calculator'!O27="",0,'GPA Calculator'!O27))))))) -> 0 | J23: =IF(H23=0,0,VLOOKUP(I23,$T$2:$U$14,2,FALSE)) -> 0 | K23: =J23*H23 -> 0
A24: =IF('GPA Calculator'!A28="BIO",'GPA Calculator'!D28,IF('GPA Calculator'!A28="CHE",'GPA Calculator'!D28,IF('GPA Calculator'!A28="PHY",'GPA Calculator'!D28,IF('GPA Calculator'!A28="MTH",'GPA Calculator'!D28,IF('GPA Calculator'!A28="STA",'GPA Calculator'!D28,0))))) -> 0 | B24: =IF(A24=0,0,IF('GPA Calculator'!E28="W",0,IF('GPA Calculator'!E28="P",0,IF('GPA Calculator'!E28="FA",0,IF('GPA Calculator'!E28="CR",0,IF('GPA Calculator'!E28="NC",0,IF('GPA Calculator'!E28="",0,'GPA Calculator'!E28))))))) -> 0 | C24: =IF(A24=0,0,VLOOKUP(B24,$T$2:$U$14,2,FALSE)) -> 0 | D24: =C24*A24 -> 0 | H24: =IF('GPA Calculator'!K28="BIO",'GPA Calculator'!N28,IF('GPA Calculator'!K28="CHE",'GPA Calculator'!N28,IF('GPA Calculator'!K28="PHY",'GPA Calculator'!N28,IF('GPA Calculator'!K28="MTH",'GPA Calculator'!N28,IF('GPA Calculator'!K28="STA",'GPA Calculator'!N28,0))))) -> 0 | I24: =IF(H24=0,0,IF('GPA Calculator'!O28="W",0,IF('GPA Calculator'!O28="P",0,IF('GPA Calculator'!O28="FA",0,IF('GPA Calculator'!O28="CR",0,IF('GPA Calculator'!O28="NC",0,IF('GPA Calculator'!O28="",0,'GPA Calculator'!O28))))))) -> 0 | J24: =IF(H24=0,0,VLOOKUP(I24,$T$2:$U$14,2,FALSE)) -> 0 | K24: =J24*H24 -> 0
A25: =IF('GPA Calculator'!A29="BIO",'GPA Calculator'!D29,IF('GPA Calculator'!A29="CHE",'GPA Calculator'!D29,IF('GPA Calculator'!A29="PHY",'GPA Calculator'!D29,IF('GPA Calculator'!A29="MTH",'GPA Calculator'!D29,IF('GPA Calculator'!A29="STA",'GPA Calculator'!D29,0))))) -> 0 | B25: =IF(A25=0,0,IF('GPA Calculator'!E29="W",0,IF('GPA Calculator'!E29="P",0,IF('GPA Calculator'!E29="FA",0,IF('GPA Calculator'!E29="CR",0,IF('GPA Calculator'!E29="NC",0,IF('GPA Calculator'!E29="",0,'GPA Calculator'!E29))))))) -> 0 | C25: =IF(A25=0,0,VLOOKUP(B25,$T$2:$U$14,2,FALSE)) -> 0 | D25: =C25*A25 -> 0 | H25: =IF('GPA Calculator'!K29="BIO",'GPA Calculator'!N29,IF('GPA Calculator'!K29="CHE",'GPA Calculator'!N29,IF('GPA Calculator'!K29="PHY",'GPA Calculator'!N29,IF('GPA Calculator'!K29="MTH",'GPA Calculator'!N29,IF('GPA Calculator'!K29="STA",'GPA Calculator'!N29,0))))) -> 0 | I25: =IF(H25=0,0,IF('GPA Calculator'!O29="W",0,IF('GPA Calculator'!O29="P",0,IF('GPA Calculator'!O29="FA",0,IF('GPA Calculator'!O29="CR",0,IF('GPA Calculator'!O29="NC",0,IF('GPA Calculator'!O29="",0,'GPA Calculator'!O29))))))) -> 0 | J25: =IF(H25=0,0,VLOOKUP(I25,$T$2:$U$14,2,FALSE)) -> 0 | K25: =J25*H25 -> 0
A26: =IF('GPA Calculator'!A30="BIO",'GPA Calculator'!D30,IF('GPA Calculator'!A30="CHE",'GPA Calculator'!D30,IF('GPA Calculator'!A30="PHY",'GPA Calculator'!D30,IF('GPA Calculator'!A30="MTH",'GPA Calculator'!D30,IF('GPA Calculator'!A30="STA",'GPA Calculator'!D30,0))))) -> 0 | B26: =IF(A26=0,0,IF('GPA Calculator'!E30="W",0,IF('GPA Calculator'!E30="P",0,IF('GPA Calculator'!E30="FA",0,IF('GPA Calculator'!E30="CR",0,IF('GPA Calculator'!E30="NC",0,IF('GPA Calculator'!E30="",0,'GPA Calculator'!E30))))))) -> 0 | C26: =IF(A26=0,0,VLOOKUP(B26,$T$2:$U$14,2,FALSE)) -> 0 | D26: =C26*A26 -> 0 | H26: =IF('GPA Calculator'!K30="BIO",'GPA Calculator'!N30,IF('GPA Calculator'!K30="CHE",'GPA Calculator'!N30,IF('GPA Calculator'!K30="PHY",'GPA Calculator'!N30,IF('GPA Calculator'!K30="MTH",'GPA Calculator'!N30,IF('GPA Calculator'!K30="STA",'GPA Calculator'!N30,0))))) -> 0 | I26: =IF(H26=0,0,IF('GPA Calculator'!O30="W",0,IF('GPA Calculator'!O30="P",0,IF('GPA Calculator'!O30="FA",0,IF('GPA Calculator'!O30="CR",0,IF('GPA Calculator'!O30="NC",0,IF('GPA Calculator'!O30="",0,'GPA Calculator'!O30))))))) -> 0 | J26: =IF(H26=0,0,VLOOKUP(I26,$T$2:$U$14,2,FALSE)) -> 0 | K26: =J26*H26 -> 0
A27: =SUM(A18:A26) -> 0 | C27: =SUM(C18:C26) -> 0 | D27: =SUM(D18:D26) -> 0 | E27: =IF(A27=0,"",D27/A27) | H27: =SUM(H18:H26) -> 0 | J27: =SUM(J18:J26) -> 0 | K27: =SUM(K18:K26) -> 0 | L27: =IF(H27=0,"",K27/H27)
A34: =IF('GPA Calculator'!A39="BIO",'GPA Calculator'!D39,IF('GPA Calculator'!A39="CHE",'GPA Calculator'!D39,IF('GPA Calculator'!A39="PHY",'GPA Calculator'!D39,IF('GPA Calculator'!A39="MTH",'GPA Calculator'!D39,IF('GPA Calculator'!A39="STA",'GPA Calculator'!D39,0))))) -> 0 | B34: =IF(A34=0,0,IF('GPA Calculator'!E39="W",0,IF('GPA Calculator'!E39="P",0,IF('GPA Calculator'!E39="FA",0,IF('GPA Calculator'!E39="CR",0,IF('GPA Calculator'!E39="NC",0,IF('GPA Calculator'!E39="",0,'GPA Calculator'!E39))))))) -> 0 | C34: =IF(A34=0,0,VLOOKUP(B34,$T$2:$U$14,2,FALSE)) -> 0 | D34: =C34*A34 -> 0 | H34: =IF('GPA Calculator'!K39="BIO",'GPA Calculator'!N39,IF('GPA Calculator'!K39="CHE",'GPA Calculator'!N39,IF('GPA Calculator'!K39="PHY",'GPA Calculator'!N39,IF('GPA Calculator'!K39="MTH",'GPA Calculator'!N39,IF('GPA Calculator'!K39="STA",'GPA Calculator'!N39,0))))) -> 0 | I34: =IF(H34=0,0,IF('GPA Calculator'!O39="W",0,IF('GPA Calculator'!O39="P",0,IF('GPA Calculator'!O39="FA",0,IF('GPA Calculator'!O39="CR",0,IF('GPA Calculator'!O39="NC",0,IF('GPA Calculator'!O39="",0,'GPA Calculator'!O39))))))) -> 0 | J34: =IF(H34=0,0,VLOOKUP(I34,$T$2:$U$14,2,FALSE)) -> 0 | K34: =J34*H34 -> 0
A35: =IF('GPA Calculator'!A40="BIO",'GPA Calculator'!D40,IF('GPA Calculator'!A40="CHE",'GPA Calculator'!D40,IF('GPA Calculator'!A40="PHY",'GPA Calculator'!D40,IF('GPA Calculator'!A40="MTH",'GPA Calculator'!D40,IF('GPA Calculator'!A40="STA",'GPA Calculator'!D40,0))))) -> 0 | B35: =IF(A35=0,0,IF('GPA Calculator'!E40="W",0,IF('GPA Calculator'!E40="P",0,IF('GPA Calculator'!E40="FA",0,IF('GPA Calculator'!E40="CR",0,IF('GPA Calculator'!E40="NC",0,IF('GPA Calculator'!E40="",0,'GPA Calculator'!E40))))))) -> 0 | C35: =IF(A35=0,0,VLOOKUP(B35,$T$2:$U$14,2,FALSE)) -> 0 | D35: =C35*A35 -> 0 | H35: =IF('GPA Calculator'!K40="BIO",'GPA Calculator'!N40,IF('GPA Calculator'!K40="CHE",'GPA Calculator'!N40,IF('GPA Calculator'!K40="PHY",'GPA Calculator'!N40,IF('GPA Calculator'!K40="MTH",'GPA Calculator'!N40,IF('GPA Calculator'!K40="STA",'GPA Calculator'!N40,0))))) -> 0 | I35: =IF(H35=0,0,IF('GPA Calculator'!O40="W",0,IF('GPA Calculator'!O40="P",0,IF('GPA Calculator'!O40="FA",0,IF('GPA Calculator'!O40="CR",0,IF('GPA Calculator'!O40="NC",0,IF('GPA Calculator'!O40="",0,'GPA Calculator'!O40))))))) -> 0 | J35: =IF(H35=0,0,VLOOKUP(I35,$T$2:$U$14,2,FALSE)) -> 0 | K35: =J35*H35 -> 0
A36: =IF('GPA Calculator'!A41="BIO",'GPA Calculator'!D41,IF('GPA Calculator'!A41="CHE",'GPA Calculator'!D41,IF('GPA Calculator'!A41="PHY",'GPA Calculator'!D41,IF('GPA Calculator'!A41="MTH",'GPA Calculator'!D41,IF('GPA Calculator'!A41="STA",'GPA Calculator'!D41,0))))) -> 0 | B36: =IF(A36=0,0,IF('GPA Calculator'!E41="W",0,IF('GPA Calculator'!E41="P",0,IF('GPA Calculator'!E41="FA",0,IF('GPA Calculator'!E41="CR",0,IF('GPA Calculator'!E41="NC",0,IF('GPA Calculator'!E41="",0,'GPA Calculator'!E41))))))) -> 0 | C36: =IF(A36=0,0,VLOOKUP(B36,$T$2:$U$14,2,FALSE)) -> 0 | D36: =C36*A36 -> 0 | H36: =IF('GPA Calculator'!K41="BIO",'GPA Calculator'!N41,IF('GPA Calculator'!K41="CHE",'GPA Calculator'!N41,IF('GPA Calculator'!K41="PHY",'GPA Calculator'!N41,IF('GPA Calculator'!K41="MTH",'GPA Calculator'!N41,IF('GPA Calculator'!K41="STA",'GPA Calculator'!N41,0))))) -> 0 | I36: =IF(H36=0,0,IF('GPA Calculator'!O41="W",0,IF('GPA Calculator'!O41="P",0,IF('GPA Calculator'!O41="FA",0,IF('GPA Calculator'!O41="CR",0,IF('GPA Calculator'!O41="NC",0,IF('GPA Calculator'!O41="",0,'GPA Calculator'!O41))))))) -> 0 | J36: =IF(H36=0,0,VLOOKUP(I36,$T$2:$U$14,2,FALSE)) -> 0 | K36: =J36*H36 -> 0
A37: =IF('GPA Calculator'!A42="BIO",'GPA Calculator'!D42,IF('GPA Calculator'!A42="CHE",'GPA Calculator'!D42,IF('GPA Calculator'!A42="PHY",'GPA Calculator'!D42,IF('GPA Calculator'!A42="MTH",'GPA Calculator'!D42,IF('GPA Calculator'!A42="STA",'GPA Calculator'!D42,0))))) -> 0 | B37: =IF(A37=0,0,IF('GPA Calculator'!E42="W",0,IF('GPA Calculator'!E42="P",0,IF('GPA Calculator'!E42="FA",0,IF('GPA Calculator'!E42="CR",0,IF('GPA Calculator'!E42="NC",0,IF('GPA Calculator'!E42="",0,'GPA Calculator'!E42))))))) -> 0 | C37: =IF(A37=0,0,VLOOKUP(B37,$T$2:$U$14,2,FALSE)) -> 0 | D37: =C37*A37 -> 0 | H37: =IF('GPA Calculator'!K42="BIO",'GPA Calculator'!N42,IF('GPA Calculator'!K42="CHE",'GPA Calculator'!N42,IF('GPA Calculator'!K42="PHY",'GPA Calculator'!N42,IF('GPA Calculator'!K42="MTH",'GPA Calculator'!N42,IF('GPA Calculator'!K42="STA",'GPA Calculator'!N42,0))))) -> 0 | I37: =IF(H37=0,0,IF('GPA Calculator'!O42="W",0,IF('GPA Calculator'!O42="P",0,IF('GPA Calculator'!O42="FA",0,IF('GPA Calculator'!O42="CR",0,IF('GPA Calculator'!O42="NC",0,IF('GPA Calculator'!O42="",0,'GPA Calculator'!O42))))))) -> 0 | J37: =IF(H37=0,0,VLOOKUP(I37,$T$2:$U$14,2,FALSE)) -> 0 | K37: =J37*H37 -> 0
A38: =IF('GPA Calculator'!A43="BIO",'GPA Calculator'!D43,IF('GPA Calculator'!A43="CHE",'GPA Calculator'!D43,IF('GPA Calculator'!A43="PHY",'GPA Calculator'!D43,IF('GPA Calculator'!A43="MTH",'GPA Calculator'!D43,IF('GPA Calculator'!A43="STA",'GPA Calculator'!D43,0))))) -> 0 | B38: =IF(A38=0,0,IF('GPA Calculator'!E43="W",0,IF('GPA Calculator'!E43="P",0,IF('GPA Calculator'!E43="FA",0,IF('GPA Calculator'!E43="CR",0,IF('GPA Calculator'!E43="NC",0,IF('GPA Calculator'!E43="",0,'GPA Calculator'!E43))))))) -> 0 | C38: =IF(A38=0,0,VLOOKUP(B38,$T$2:$U$14,2,FALSE)) -> 0 | D38: =C38*A38 -> 0 | H38: =IF('GPA Calculator'!K43="BIO",'GPA Calculator'!N43,IF('GPA Calculator'!K43="CHE",'GPA Calculator'!N43,IF('GPA Calculator'!K43="PHY",'GPA Calculator'!N43,IF('GPA Calculator'!K43="MTH",'GPA Calculator'!N43,IF('GPA Calculator'!K43="STA",'GPA Calculator'!N43,0))))) -> 0 | I38: =IF(H38=0,0,IF('GPA Calculator'!O43="W",0,IF('GPA Calculator'!O43="P",0,IF('GPA Calculator'!O43="FA",0,IF('GPA Calculator'!O43="CR",0,IF('GPA Calculator'!O43="NC",0,IF('GPA Calculator'!O43="",0,'GPA Calculator'!O43))))))) -> 0 | J38: =IF(H38=0,0,VLOOKUP(I38,$T$2:$U$14,2,FALSE)) -> 0 | K38: =J38*H38 -> 0
A39: =IF('GPA Calculator'!A44="BIO",'GPA Calculator'!D44,IF('GPA Calculator'!A44="CHE",'GPA Calculator'!D44,IF('GPA Calculator'!A44="PHY",'GPA Calculator'!D44,IF('GPA Calculator'!A44="MTH",'GPA Calculator'!D44,IF('GPA Calculator'!A44="STA",'GPA Calculator'!D44,0))))) -> 0 | B39: =IF(A39=0,0,IF('GPA Calculator'!E44="W",0,IF('GPA Calculator'!E44="P",0,IF('GPA Calculator'!E44="FA",0,IF('GPA Calculator'!E44="CR",0,IF('GPA Calculator'!E44="NC",0,IF('GPA Calculator'!E44="",0,'GPA Calculator'!E44))))))) -> 0 | C39: =IF(A39=0,0,VLOOKUP(B39,$T$2:$U$14,2,FALSE)) -> 0 | D39: =C39*A39 -> 0 | H39: =IF('GPA Calculator'!K44="BIO",'GPA Calculator'!N44,IF('GPA Calculator'!K44="CHE",'GPA Calculator'!N44,IF('GPA Calculator'!K44="PHY",'GPA Calculator'!N44,IF('GPA Calculator'!K44="MTH",'GPA Calculator'!N44,IF('GPA Calculator'!K44="STA",'GPA Calculator'!N44,0))))) -> 0 | I39: =IF(H39=0,0,IF('GPA Calculator'!O44="W",0,IF('GPA Calculator'!O44="P",0,IF('GPA Calculator'!O44="FA",0,IF('GPA Calculator'!O44="CR",0,IF('GPA Calculator'!O44="NC",0,IF('GPA Calculator'!O44="",0,'GPA Calculator'!O44))))))) -> 0 | J39: =IF(H39=0,0,VLOOKUP(I39,$T$2:$U$14,2,FALSE)) -> 0 | K39: =J39*H39 -> 0
A40: =IF('GPA Calculator'!A45="BIO",'GPA Calculator'!D45,IF('GPA Calculator'!A45="CHE",'GPA Calculator'!D45,IF('GPA Calculator'!A45="PHY",'GPA Calculator'!D45,IF('GPA Calculator'!A45="MTH",'GPA Calculator'!D45,IF('GPA Calculator'!A45="STA",'GPA Calculator'!D45,0))))) -> 0 | B40: =IF(A40=0,0,IF('GPA Calculator'!E45="W",0,IF('GPA Calculator'!E45="P",0,IF('GPA Calculator'!E45="FA",0,IF('GPA Calculator'!E45="CR",0,IF('GPA Calculator'!E45="NC",0,IF('GPA Calculator'!E45="",0,'GPA Calculator'!E45))))))) -> 0 | C40: =IF(A40=0,0,VLOOKUP(B40,$T$2:$U$14,2,FALSE)) -> 0 | D40: =C40*A40 -> 0 | H40: =IF('GPA Calculator'!K45="BIO",'GPA Calculator'!N45,IF('GPA Calculator'!K45="CHE",'GPA Calculator'!N45,IF('GPA Calculator'!K45="PHY",'GPA Calculator'!N45,IF('GPA Calculator'!K45="MTH",'GPA Calculator'!N45,IF('GPA Calculator'!K45="STA",'GPA Calculator'!N45,0))))) -> 0 | I40: =IF(H40=0,0,IF('GPA Calculator'!O45="W",0,IF('GPA Calculator'!O45="P",0,IF('GPA Calculator'!O45="FA",0,IF('GPA Calculator'!O45="CR",0,IF('GPA Calculator'!O45="NC",0,IF('GPA Calculator'!O45="",0,'GPA Calculator'!O45))))))) -> 0 | J40: =IF(H40=0,0,VLOOKUP(I40,$T$2:$U$14,2,FALSE)) -> 0 | K40: =J40*H40 -> 0
A41: =IF('GPA Calculator'!A46="BIO",'GPA Calculator'!D46,IF('GPA Calculator'!A46="CHE",'GPA Calculator'!D46,IF('GPA Calculator'!A46="PHY",'GPA Calculator'!D46,IF('GPA Calculator'!A46="MTH",'GPA Calculator'!D46,IF('GPA Calculator'!A46="STA",'GPA Calculator'!D46,0))))) -> 0 | B41: =IF(A41=0,0,IF('GPA Calculator'!E46="W",0,IF('GPA Calculator'!E46="P",0,IF('GPA Calculator'!E46="FA",0,IF('GPA Calculator'!E46="CR",0,IF('GPA Calculator'!E46="NC",0,IF('GPA Calculator'!E46="",0,'GPA Calculator'!E46))))))) -> 0 | C41: =IF(A41=0,0,VLOOKUP(B41,$T$2:$U$14,2,FALSE)) -> 0 | D41: =C41*A41 -> 0 | H41: =IF('GPA Calculator'!K46="BIO",'GPA Calculator'!N46,IF('GPA Calculator'!K46="CHE",'GPA Calculator'!N46,IF('GPA Calculator'!K46="PHY",'GPA Calculator'!N46,IF('GPA Calculator'!K46="MTH",'GPA Calculator'!N46,IF('GPA Calculator'!K46="STA",'GPA Calculator'!N46,0))))) -> 0 | I41: =IF(H41=0,0,IF('GPA Calculator'!O46="W",0,IF('GPA Calculator'!O46="P",0,IF('GPA Calculator'!O46="FA",0,IF('GPA Calculator'!O46="CR",0,IF('GPA Calculator'!O46="NC",0,IF('GPA Calculator'!O46="",0,'GPA Calculator'!O46))))))) -> 0 | J41: =IF(H41=0,0,VLOOKUP(I41,$T$2:$U$14,2,FALSE)) -> 0 | K41: =J41*H41 -> 0
A42: =IF('GPA Calculator'!A47="BIO",'GPA Calculator'!D47,IF('GPA Calculator'!A47="CHE",'GPA Calculator'!D47,IF('GPA Calculator'!A47="PHY",'GPA Calculator'!D47,IF('GPA Calculator'!A47="MTH",'GPA Calculator'!D47,IF('GPA Calculator'!A47="STA",'GPA Calculator'!D47,0))))) -> 0 | B42: =IF(A42=0,0,IF('GPA Calculator'!E47="W",0,IF('GPA Calculator'!E47="P",0,IF('GPA Calculator'!E47="FA",0,IF('GPA Calculator'!E47="CR",0,IF('GPA Calculator'!E47="NC",0,IF('GPA Calculator'!E47="",0,'GPA Calculator'!E47))))))) -> 0 | C42: =IF(A42=0,0,VLOOKUP(B42,$T$2:$U$14,2,FALSE)) -> 0 | D42: =C42*A42 -> 0 | H42: =IF('GPA Calculator'!K47="BIO",'GPA Calculator'!N47,IF('GPA Calculator'!K47="CHE",'GPA Calculator'!N47,IF('GPA Calculator'!K47="PHY",'GPA Calculator'!N47,IF('GPA Calculator'!K47="MTH",'GPA Calculator'!N47,IF('GPA Calculator'!K47="STA",'GPA Calculator'!N47,0))))) -> 0 | I42: =IF(H42=0,0,IF('GPA Calculator'!O47="W",0,IF('GPA Calculator'!O47="P",0,IF('GPA Calculator'!O47="FA",0,IF('GPA Calculator'!O47="CR",0,IF('GPA Calculator'!O47="NC",0,IF('GPA Calculator'!O47="",0,'GPA Calculator'!O47))))))) -> 0 | J42: =IF(H42=0,0,VLOOKUP(I42,$T$2:$U$14,2,FALSE)) -> 0 | K42: =J42*H42 -> 0
A43: =SUM(A34:A42) -> 0 | C43: =SUM(C34:C42) -> 0 | D43: =SUM(D34:D42) -> 0 | E43: =IF(A43=0,"",D43/A43) | H43: =SUM(H34:H42) -> 0 | J43: =SUM(J34:J42) -> 0 | K43: =SUM(K34:K42) -> 0 | L43: =IF(H43=0,"",K43/H43)
A50: =IF('GPA Calculator'!A56="BIO",'GPA Calculator'!D56,IF('GPA Calculator'!A56="CHE",'GPA Calculator'!D56,IF('GPA Calculator'!A56="PHY",'GPA Calculator'!D56,IF('GPA Calculator'!A56="MTH",'GPA Calculator'!D56,IF('GPA Calculator'!A56="STA",'GPA Calculator'!D56,0))))) -> 0 | B50: =IF(A50=0,0,IF('GPA Calculator'!E56="W",0,IF('GPA Calculator'!E56="P",0,IF('GPA Calculator'!E56="FA",0,IF('GPA Calculator'!E56="CR",0,IF('GPA Calculator'!E56="NC",0,IF('GPA Calculator'!E56="",0,'GPA Calculator'!E56))))))) -> 0 | C50: =IF(A50=0,0,VLOOKUP(B50,$T$2:$U$14,2,FALSE)) -> 0 | D50: =C50*A50 -> 0 | H50: =IF('GPA Calculator'!K56="BIO",'GPA Calculator'!N56,IF('GPA Calculator'!K56="CHE",'GPA Calculator'!N56,IF('GPA Calculator'!K56="PHY",'GPA Calculator'!N56,IF('GPA Calculator'!K56="MTH",'GPA Calculator'!N56,IF('GPA Calculator'!K56="STA",'GPA Calculator'!N56,0))))) -> 0 | I50: =IF(H50=0,0,IF('GPA Calculator'!O56="W",0,IF('GPA Calculator'!O56="P",0,IF('GPA Calculator'!O56="FA",0,IF('GPA Calculator'!O56="CR",0,IF('GPA Calculator'!O56="NC",0,IF('GPA Calculator'!O56="",0,'GPA Calculator'!O56))))))) -> 0 | J50: =IF(H50=0,0,VLOOKUP(I50,$T$2:$U$14,2,FALSE)) -> 0 | K50: =J50*H50 -> 0
A51: =IF('GPA Calculator'!A57="BIO",'GPA Calculator'!D57,IF('GPA Calculator'!A57="CHE",'GPA Calculator'!D57,IF('GPA Calculator'!A57="PHY",'GPA Calculator'!D57,IF('GPA Calculator'!A57="MTH",'GPA Calculator'!D57,IF('GPA Calculator'!A57="STA",'GPA Calculator'!D57,0))))) -> 0 | B51: =IF(A51=0,0,IF('GPA Calculator'!E57="W",0,IF('GPA Calculator'!E57="P",0,IF('GPA Calculator'!E57="FA",0,IF('GPA Calculator'!E57="CR",0,IF('GPA Calculator'!E57="NC",0,IF('GPA Calculator'!E57="",0,'GPA Calculator'!E57))))))) -> 0 | C51: =IF(A51=0,0,VLOOKUP(B51,$T$2:$U$14,2,FALSE)) -> 0 | D51: =C51*A51 -> 0 | H51: =IF('GPA Calculator'!K57="BIO",'GPA Calculator'!N57,IF('GPA Calculator'!K57="CHE",'GPA Calculator'!N57,IF('GPA Calculator'!K57="PHY",'GPA Calculator'!N57,IF('GPA Calculator'!K57="MTH",'GPA Calculator'!N57,IF('GPA Calculator'!K57="STA",'GPA Calculator'!N57,0))))) -> 0 | I51: =IF(H51=0,0,IF('GPA Calculator'!O57="W",0,IF('GPA Calculator'!O57="P",0,IF('GPA Calculator'!O57="FA",0,IF('GPA Calculator'!O57="CR",0,IF('GPA Calculator'!O57="NC",0,IF('GPA Calculator'!O57="",0,'GPA Calculator'!O57))))))) -> 0 | J51: =IF(H51=0,0,VLOOKUP(I51,$T$2:$U$14,2,FALSE)) -> 0 | K51: =J51*H51 -> 0
A52: =IF('GPA Calculator'!A58="BIO",'GPA Calculator'!D58,IF('GPA Calculator'!A58="CHE",'GPA Calculator'!D58,IF('GPA Calculator'!A58="PHY",'GPA Calculator'!D58,IF('GPA Calculator'!A58="MTH",'GPA Calculator'!D58,IF('GPA Calculator'!A58="STA",'GPA Calculator'!D58,0))))) -> 0 | B52: =IF(A52=0,0,IF('GPA Calculator'!E58="W",0,IF('GPA Calculator'!E58="P",0,IF('GPA Calculator'!E58="FA",0,IF('GPA Calculator'!E58="CR",0,IF('GPA Calculator'!E58="NC",0,IF('GPA Calculator'!E58="",0,'GPA Calculator'!E58))))))) -> 0 | C52: =IF(A52=0,0,VLOOKUP(B52,$T$2:$U$14,2,FALSE)) -> 0 | D52: =C52*A52 -> 0 | H52: =IF('GPA Calculator'!K58="BIO",'GPA Calculator'!N58,IF('GPA Calculator'!K58="CHE",'GPA Calculator'!N58,IF('GPA Calculator'!K58="PHY",'GPA Calculator'!N58,IF('GPA Calculator'!K58="MTH",'GPA Calculator'!N58,IF('GPA Calculator'!K58="STA",'GPA Calculator'!N58,0))))) -> 0 | I52: =IF(H52=0,0,IF('GPA Calculator'!O58="W",0,IF('GPA Calculator'!O58="P",0,IF('GPA Calculator'!O58="FA",0,IF('GPA Calculator'!O58="CR",0,IF('GPA Calculator'!O58="NC",0,IF('GPA Calculator'!O58="",0,'GPA Calculator'!O58))))))) -> 0 | J52: =IF(H52=0,0,VLOOKUP(I52,$T$2:$U$14,2,FALSE)) -> 0 | K52: =J52*H52 -> 0
A53: =IF('GPA Calculator'!A59="BIO",'GPA Calculator'!D59,IF('GPA Calculator'!A59="CHE",'GPA Calculator'!D59,IF('GPA Calculator'!A59="PHY",'GPA Calculator'!D59,IF('GPA Calculator'!A59="MTH",'GPA Calculator'!D59,IF('GPA Calculator'!A59="STA",'GPA Calculator'!D59,0))))) -> 0 | B53: =IF(A53=0,0,IF('GPA Calculator'!E59="W",0,IF('GPA Calculator'!E59="P",0,IF('GPA Calculator'!E59="FA",0,IF('GPA Calculator'!E59="CR",0,IF('GPA Calculator'!E59="NC",0,IF('GPA Calculator'!E59="",0,'GPA Calculator'!E59))))))) -> 0 | C53: =IF(A53=0,0,VLOOKUP(B53,$T$2:$U$14,2,FALSE)) -> 0 | D53: =C53*A53 -> 0 | H53: =IF('GPA Calculator'!K59="BIO",'GPA Calculator'!N59,IF('GPA Calculator'!K59="CHE",'GPA Calculator'!N59,IF('GPA Calculator'!K59="PHY",'GPA Calculator'!N59,IF('GPA Calculator'!K59="MTH",'GPA Calculator'!N59,IF('GPA Calculator'!K59="STA",'GPA Calculator'!N59,0))))) -> 0 | I53: =IF(H53=0,0,IF('GPA Calculator'!O59="W",0,IF('GPA Calculator'!O59="P",0,IF('GPA Calculator'!O59="FA",0,IF('GPA Calculator'!O59="CR",0,IF('GPA Calculator'!O59="NC",0,IF('GPA Calculator'!O59="",0,'GPA Calculator'!O59))))))) -> 0 | J53: =IF(H53=0,0,VLOOKUP(I53,$T$2:$U$14,2,FALSE)) -> 0 | K53: =J53*H53 -> 0
A54: =IF('GPA Calculator'!A60="BIO",'GPA Calculator'!D60,IF('GPA Calculator'!A60="CHE",'GPA Calculator'!D60,IF('GPA Calculator'!A60="PHY",'GPA Calculator'!D60,IF('GPA Calculator'!A60="MTH",'GPA Calculator'!D60,IF('GPA Calculator'!A60="STA",'GPA Calculator'!D60,0))))) -> 0 | B54: =IF(A54=0,0,IF('GPA Calculator'!E60="W",0,IF('GPA Calculator'!E60="P",0,IF('GPA Calculator'!E60="FA",0,IF('GPA Calculator'!E60="CR",0,IF('GPA Calculator'!E60="NC",0,IF('GPA Calculator'!E60="",0,'GPA Calculator'!E60))))))) -> 0 | C54: =IF(A54=0,0,VLOOKUP(B54,$T$2:$U$14,2,FALSE)) -> 0 | D54: =C54*A54 -> 0 | H54: =IF('GPA Calculator'!K60="BIO",'GPA Calculator'!N60,IF('GPA Calculator'!K60="CHE",'GPA Calculator'!N60,IF('GPA Calculator'!K60="PHY",'GPA Calculator'!N60,IF('GPA Calculator'!K60="MTH",'GPA Calculator'!N60,IF('GPA Calculator'!K60="STA",'GPA Calculator'!N60,0))))) -> 0 | I54: =IF(H54=0,0,IF('GPA Calculator'!O60="W",0,IF('GPA Calculator'!O60="P",0,IF('GPA Calculator'!O60="FA",0,IF('GPA Calculator'!O60="CR",0,IF('GPA Calculator'!O60="NC",0,IF('GPA Calculator'!O60="",0,'GPA Calculator'!O60))))))) -> 0 | J54: =IF(H54=0,0,VLOOKUP(I54,$T$2:$U$14,2,FALSE)) -> 0 | K54: =J54*H54 -> 0
A55: =IF('GPA Calculator'!A61="BIO",'GPA Calculator'!D61,IF('GPA Calculator'!A61="CHE",'GPA Calculator'!D61,IF('GPA Calculator'!A61="PHY",'GPA Calculator'!D61,IF('GPA Calculator'!A61="MTH",'GPA Calculator'!D61,IF('GPA Calculator'!A61="STA",'GPA Calculator'!D61,0))))) -> 0 | B55: =IF(A55=0,0,IF('GPA Calculator'!E61="W",0,IF('GPA Calculator'!E61="P",0,IF('GPA Calculator'!E61="FA",0,IF('GPA Calculator'!E61="CR",0,IF('GPA Calculator'!E61="NC",0,IF('GPA Calculator'!E61="",0,'GPA Calculator'!E61))))))) -> 0 | C55: =IF(A55=0,0,VLOOKUP(B55,$T$2:$U$14,2,FALSE)) -> 0 | D55: =C55*A55 -> 0 | H55: =IF('GPA Calculator'!K61="BIO",'GPA Calculator'!N61,IF('GPA Calculator'!K61="CHE",'GPA Calculator'!N61,IF('GPA Calculator'!K61="PHY",'GPA Calculator'!N61,IF('GPA Calculator'!K61="MTH",'GPA Calculator'!N61,IF('GPA Calculator'!K61="STA",'GPA Calculator'!N61,0))))) -> 0 | I55: =IF(H55=0,0,IF('GPA Calculator'!O61="W",0,IF('GPA Calculator'!O61="P",0,IF('GPA Calculator'!O61="FA",0,IF('GPA Calculator'!O61="CR",0,IF('GPA Calculator'!O61="NC",0,IF('GPA Calculator'!O61="",0,'GPA Calculator'!O61))))))) -> 0 | J55: =IF(H55=0,0,VLOOKUP(I55,$T$2:$U$14,2,FALSE)) -> 0 | K55: =J55*H55 -> 0
A56: =IF('GPA Calculator'!A62="BIO",'GPA Calculator'!D62,IF('GPA Calculator'!A62="CHE",'GPA Calculator'!D62,IF('GPA Calculator'!A62="PHY",'GPA Calculator'!D62,IF('GPA Calculator'!A62="MTH",'GPA Calculator'!D62,IF('GPA Calculator'!A62="STA",'GPA Calculator'!D62,0))))) -> 0 | B56: =IF(A56=0,0,IF('GPA Calculator'!E62="W",0,IF('GPA Calculator'!E62="P",0,IF('GPA Calculator'!E62="FA",0,IF('GPA Calculator'!E62="CR",0,IF('GPA Calculator'!E62="NC",0,IF('GPA Calculator'!E62="",0,'GPA Calculator'!E62))))))) -> 0 | C56: =IF(A56=0,0,VLOOKUP(B56,$T$2:$U$14,2,FALSE)) -> 0 | D56: =C56*A56 -> 0 | H56: =IF('GPA Calculator'!K62="BIO",'GPA Calculator'!N62,IF('GPA Calculator'!K62="CHE",'GPA Calculator'!N62,IF('GPA Calculator'!K62="PHY",'GPA Calculator'!N62,IF('GPA Calculator'!K62="MTH",'GPA Calculator'!N62,IF('GPA Calculator'!K62="STA",'GPA Calculator'!N62,0))))) -> 0 | I56: =IF(H56=0,0,IF('GPA Calculator'!O62="W",0,IF('GPA Calculator'!O62="P",0,IF('GPA Calculator'!O62="FA",0,IF('GPA Calculator'!O62="CR",0,IF('GPA Calculator'!O62="NC",0,IF('GPA Calculator'!O62="",0,'GPA Calculator'!O62))))))) -> 0 | J56: =IF(H56=0,0,VLOOKUP(I56,$T$2:$U$14,2,FALSE)) -> 0 | K56: =J56*H56 -> 0
A57: =IF('GPA Calculator'!A63="BIO",'GPA Calculator'!D63,IF('GPA Calculator'!A63="CHE",'GPA Calculator'!D63,IF('GPA Calculator'!A63="PHY",'GPA Calculator'!D63,IF('GPA Calculator'!A63="MTH",'GPA Calculator'!D63,IF('GPA Calculator'!A63="STA",'GPA Calculator'!D63,0))))) -> 0 | B57: =IF(A57=0,0,IF('GPA Calculator'!E63="W",0,IF('GPA Calculator'!E63="P",0,IF('GPA Calculator'!E63="FA",0,IF('GPA Calculator'!E63="CR",0,IF('GPA Calculator'!E63="NC",0,IF('GPA Calculator'!E63="",0,'GPA Calculator'!E63))))))) -> 0 | C57: =IF(A57=0,0,VLOOKUP(B57,$T$2:$U$14,2,FALSE)) -> 0 | D57: =C57*A57 -> 0 | H57: =IF('GPA Calculator'!K63="BIO",'GPA Calculator'!N63,IF('GPA Calculator'!K63="CHE",'GPA Calculator'!N63,IF('GPA Calculator'!K63="PHY",'GPA Calculator'!N63,IF('GPA Calculator'!K63="MTH",'GPA Calculator'!N63,IF('GPA Calculator'!K63="STA",'GPA Calculator'!N63,0))))) -> 0 | I57: =IF(H57=0,0,IF('GPA Calculator'!O63="W",0,IF('GPA Calculator'!O63="P",0,IF('GPA Calculator'!O63="FA",0,IF('GPA Calculator'!O63="CR",0,IF('GPA Calculator'!O63="NC",0,IF('GPA Calculator'!O63="",0,'GPA Calculator'!O63))))))) -> 0 | J57: =IF(H57=0,0,VLOOKUP(I57,$T$2:$U$14,2,FALSE)) -> 0 | K57: =J57*H57 -> 0
A58: =SUM(A49:A57) -> 0 | C58: =SUM(C49:C57) -> 0 | D58: =SUM(D49:D57) -> 0 | E58: =IF(A58=0,"",D58/A58) | H58: =SUM(H49:H57) -> 0 | J58: =SUM(J49:J57) -> 0 | K58: =SUM(K49:K57) -> 0 | L58: =IF(H58=0,"",K58/H58)
A66: =IF('GPA Calculator'!A73="BIO",'GPA Calculator'!D73,IF('GPA Calculator'!A73="CHE",'GPA Calculator'!D73,IF('GPA Calculator'!A73="PHY",'GPA Calculator'!D73,IF('GPA Calculator'!A73="MTH",'GPA Calculator'!D73,IF('GPA Calculator'!A73="STA",'GPA Calculator'!D73,0))))) -> 0 | B66: =IF(A66=0,0,IF('GPA Calculator'!E73="W",0,IF('GPA Calculator'!E73="P",0,IF('GPA Calculator'!E73="FA",0,IF('GPA Calculator'!E73="CR",0,IF('GPA Calculator'!E73="NC",0,IF('GPA Calculator'!E73="",0,'GPA Calculator'!E73))))))) -> 0 | C66: =IF(A66=0,0,VLOOKUP(B66,$T$2:$U$14,2,FALSE)) -> 0 | D66: =C66*A66 -> 0 | H66: =IF('GPA Calculator'!K73="BIO",'GPA Calculator'!N73,IF('GPA Calculator'!K73="CHE",'GPA Calculator'!N73,IF('GPA Calculator'!K73="PHY",'GPA Calculator'!N73,IF('GPA Calculator'!K73="MTH",'GPA Calculator'!N73,IF('GPA Calculator'!K73="STA",'GPA Calculator'!N73,0))))) -> 0 | I66: =IF(H66=0,0,IF('GPA Calculator'!O73="W",0,IF('GPA Calculator'!O73="P",0,IF('GPA Calculator'!O73="FA",0,IF('GPA Calculator'!O73="CR",0,IF('GPA Calculator'!O73="NC",0,IF('GPA Calculator'!O73="",0,'GPA Calculator'!O73))))))) -> 0 | J66: =IF(H66=0,0,VLOOKUP(I66,$T$2:$U$14,2,FALSE)) -> 0 | K66: =J66*H66 -> 0
A67: =IF('GPA Calculator'!A74="BIO",'GPA Calculator'!D74,IF('GPA Calculator'!A74="CHE",'GPA Calculator'!D74,IF('GPA Calculator'!A74="PHY",'GPA Calculator'!D74,IF('GPA Calculator'!A74="MTH",'GPA Calculator'!D74,IF('GPA Calculator'!A74="STA",'GPA Calculator'!D74,0))))) -> 0 | B67: =IF(A67=0,0,IF('GPA Calculator'!E74="W",0,IF('GPA Calculator'!E74="P",0,IF('GPA Calculator'!E74="FA",0,IF('GPA Calculator'!E74="CR",0,IF('GPA Calculator'!E74="NC",0,IF('GPA Calculator'!E74="",0,'GPA Calculator'!E74))))))) -> 0 | C67: =IF(A67=0,0,VLOOKUP(B67,$T$2:$U$14,2,FALSE)) -> 0 | D67: =C67*A67 -> 0 | H67: =IF('GPA Calculator'!K74="BIO",'GPA Calculator'!N74,IF('GPA Calculator'!K74="CHE",'GPA Calculator'!N74,IF('GPA Calculator'!K74="PHY",'GPA Calculator'!N74,IF('GPA Calculator'!K74="MTH",'GPA Calculator'!N74,IF('GPA Calculator'!K74="STA",'GPA Calculator'!N74,0))))) -> 0 | I67: =IF(H67=0,0,IF('GPA Calculator'!O74="W",0,IF('GPA Calculator'!O74="P",0,IF('GPA Calculator'!O74="FA",0,IF('GPA Calculator'!O74="CR",0,IF('GPA Calculator'!O74="NC",0,IF('GPA Calculator'!O74="",0,'GPA Calculator'!O74))))))) -> 0 | J67: =IF(H67=0,0,VLOOKUP(I67,$T$2:$U$14,2,FALSE)) -> 0 | K67: =J67*H67 -> 0
A68: =IF('GPA Calculator'!A75="BIO",'GPA Calculator'!D75,IF('GPA Calculator'!A75="CHE",'GPA Calculator'!D75,IF('GPA Calculator'!A75="PHY",'GPA Calculator'!D75,IF('GPA Calculator'!A75="MTH",'GPA Calculator'!D75,IF('GPA Calculator'!A75="STA",'GPA Calculator'!D75,0))))) -> 0 | B68: =IF(A68=0,0,IF('GPA Calculator'!E75="W",0,IF('GPA Calculator'!E75="P",0,IF('GPA Calculator'!E75="FA",0,IF('GPA Calculator'!E75="CR",0,IF('GPA Calculator'!E75="NC",0,IF('GPA Calculator'!E75="",0,'GPA Calculator'!E75))))))) -> 0 | C68: =IF(A68=0,0,VLOOKUP(B68,$T$2:$U$14,2,FALSE)) -> 0 | D68: =C68*A68 -> 0 | H68: =IF('GPA Calculator'!K75="BIO",'GPA Calculator'!N75,IF('GPA Calculator'!K75="CHE",'GPA Calculator'!N75,IF('GPA Calculator'!K75="PHY",'GPA Calculator'!N75,IF('GPA Calculator'!K75="MTH",'GPA Calculator'!N75,IF('GPA Calculator'!K75="STA",'GPA Calculator'!N75,0))))) -> 0 | I68: =IF(H68=0,0,IF('GPA Calculator'!O75="W",0,IF('GPA Calculator'!O75="P",0,IF('GPA Calculator'!O75="FA",0,IF('GPA Calculator'!O75="CR",0,IF('GPA Calculator'!O75="NC",0,IF('GPA Calculator'!O75="",0,'GPA Calculator'!O75))))))) -> 0 | J68: =IF(H68=0,0,VLOOKUP(I68,$T$2:$U$14,2,FALSE)) -> 0 | K68: =J68*H68 -> 0
A69: =IF('GPA Calculator'!A76="BIO",'GPA Calculator'!D76,IF('GPA Calculator'!A76="CHE",'GPA Calculator'!D76,IF('GPA Calculator'!A76="PHY",'GPA Calculator'!D76,IF('GPA Calculator'!A76="MTH",'GPA Calculator'!D76,IF('GPA Calculator'!A76="STA",'GPA Calculator'!D76,0))))) -> 0 | B69: =IF(A69=0,0,IF('GPA Calculator'!E76="W",0,IF('GPA Calculator'!E76="P",0,IF('GPA Calculator'!E76="FA",0,IF('GPA Calculator'!E76="CR",0,IF('GPA Calculator'!E76="NC",0,IF('GPA Calculator'!E76="",0,'GPA Calculator'!E76))))))) -> 0 | C69: =IF(A69=0,0,VLOOKUP(B69,$T$2:$U$14,2,FALSE)) -> 0 | D69: =C69*A69 -> 0 | H69: =IF('GPA Calculator'!K76="BIO",'GPA Calculator'!N76,IF('GPA Calculator'!K76="CHE",'GPA Calculator'!N76,IF('GPA Calculator'!K76="PHY",'GPA Calculator'!N76,IF('GPA Calculator'!K76="MTH",'GPA Calculator'!N76,IF('GPA Calculator'!K76="STA",'GPA Calculator'!N76,0))))) -> 0 | I69: =IF(H69=0,0,IF('GPA Calculator'!O76="W",0,IF('GPA Calculator'!O76="P",0,IF('GPA Calculator'!O76="FA",0,IF('GPA Calculator'!O76="CR",0,IF('GPA Calculator'!O76="NC",0,IF('GPA Calculator'!O76="",0,'GPA Calculator'!O76))))))) -> 0 | J69: =IF(H69=0,0,VLOOKUP(I69,$T$2:$U$14,2,FALSE)) -> 0 | K69: =J69*H69 -> 0
A70: =IF('GPA Calculator'!A77="BIO",'GPA Calculator'!D77,IF('GPA Calculator'!A77="CHE",'GPA Calculator'!D77,IF('GPA Calculator'!A77="PHY",'GPA Calculator'!D77,IF('GPA Calculator'!A77="MTH",'GPA Calculator'!D77,IF('GPA Calculator'!A77="STA",'GPA Calculator'!D77,0))))) -> 0 | B70: =IF(A70=0,0,IF('GPA Calculator'!E77="W",0,IF('GPA Calculator'!E77="P",0,IF('GPA Calculator'!E77="FA",0,IF('GPA Calculator'!E77="CR",0,IF('GPA Calculator'!E77="NC",0,IF('GPA Calculator'!E77="",0,'GPA Calculator'!E77))))))) -> 0 | C70: =IF(A70=0,0,VLOOKUP(B70,$T$2:$U$14,2,FALSE)) -> 0 | D70: =C70*A70 -> 0 | H70: =IF('GPA Calculator'!K77="BIO",'GPA Calculator'!N77,IF('GPA Calculator'!K77="CHE",'GPA Calculator'!N77,IF('GPA Calculator'!K77="PHY",'GPA Calculator'!N77,IF('GPA Calculator'!K77="MTH",'GPA Calculator'!N77,IF('GPA Calculator'!K77="STA",'GPA Calculator'!N77,0))))) -> 0 | I70: =IF(H70=0,0,IF('GPA Calculator'!O77="W",0,IF('GPA Calculator'!O77="P",0,IF('GPA Calculator'!O77="FA",0,IF('GPA Calculator'!O77="CR",0,IF('GPA Calculator'!O77="NC",0,IF('GPA Calculator'!O77="",0,'GPA Calculator'!O77))))))) -> 0 | J70: =IF(H70=0,0,VLOOKUP(I70,$T$2:$U$14,2,FALSE)) -> 0 | K70: =J70*H70 -> 0
A71: =IF('GPA Calculator'!A78="BIO",'GPA Calculator'!D78,IF('GPA Calculator'!A78="CHE",'GPA Calculator'!D78,IF('GPA Calculator'!A78="PHY",'GPA Calculator'!D78,IF('GPA Calculator'!A78="MTH",'GPA Calculator'!D78,IF('GPA Calculator'!A78="STA",'GPA Calculator'!D78,0))))) -> 0 | B71: =IF(A71=0,0,IF('GPA Calculator'!E78="W",0,IF('GPA Calculator'!E78="P",0,IF('GPA Calculator'!E78="FA",0,IF('GPA Calculator'!E78="CR",0,IF('GPA Calculator'!E78="NC",0,IF('GPA Calculator'!E78="",0,'GPA Calculator'!E78))))))) -> 0 | C71: =IF(A71=0,0,VLOOKUP(B71,$T$2:$U$14,2,FALSE)) -> 0 | D71: =C71*A71 -> 0 | H71: =IF('GPA Calculator'!K78="BIO",'GPA Calculator'!N78,IF('GPA Calculator'!K78="CHE",'GPA Calculator'!N78,IF('GPA Calculator'!K78="PHY",'GPA Calculator'!N78,IF('GPA Calculator'!K78="MTH",'GPA Calculator'!N78,IF('GPA Calculator'!K78="STA",'GPA Calculator'!N78,0))))) -> 0 | I71: =IF(H71=0,0,IF('GPA Calculator'!O78="W",0,IF('GPA Calculator'!O78="P",0,IF('GPA Calculator'!O78="FA",0,IF('GPA Calculator'!O78="CR",0,IF('GPA Calculator'!O78="NC",0,IF('GPA Calculator'!O78="",0,'GPA Calculator'!O78))))))) -> 0 | J71: =IF(H71=0,0,VLOOKUP(I71,$T$2:$U$14,2,FALSE)) -> 0 | K71: =J71*H71 -> 0
A72: =IF('GPA Calculator'!A79="BIO",'GPA Calculator'!D79,IF('GPA Calculator'!A79="CHE",'GPA Calculator'!D79,IF('GPA Calculator'!A79="PHY",'GPA Calculator'!D79,IF('GPA Calculator'!A79="MTH",'GPA Calculator'!D79,IF('GPA Calculator'!A79="STA",'GPA Calculator'!D79,0))))) -> 0 | B72: =IF(A72=0,0,IF('GPA Calculator'!E79="W",0,IF('GPA Calculator'!E79="P",0,IF('GPA Calculator'!E79="FA",0,IF('GPA Calculator'!E79="CR",0,IF('GPA Calculator'!E79="NC",0,IF('GPA Calculator'!E79="",0,'GPA Calculator'!E79))))))) -> 0 | C72: =IF(A72=0,0,VLOOKUP(B72,$T$2:$U$14,2,FALSE)) -> 0 | D72: =C72*A72 -> 0 | H72: =IF('GPA Calculator'!K79="BIO",'GPA Calculator'!N79,IF('GPA Calculator'!K79="CHE",'GPA Calculator'!N79,IF('GPA Calculator'!K79="PHY",'GPA Calculator'!N79,IF('GPA Calculator'!K79="MTH",'GPA Calculator'!N79,IF('GPA Calculator'!K79="STA",'GPA Calculator'!N79,0))))) -> 0 | I72: =IF(H72=0,0,IF('GPA Calculator'!O79="W",0,IF('GPA Calculator'!O79="P",0,IF('GPA Calculator'!O79="FA",0,IF('GPA Calculator'!O79="CR",0,IF('GPA Calculator'!O79="NC",0,IF('GPA Calculator'!O79="",0,'GPA Calculator'!O79))))))) -> 0 | J72: =IF(H72=0,0,VLOOKUP(I72,$T$2:$U$14,2,FALSE)) -> 0 | K72: =J72*H72 -> 0
A73: =IF('GPA Calculator'!A80="BIO",'GPA Calculator'!D80,IF('GPA Calculator'!A80="CHE",'GPA Calculator'!D80,IF('GPA Calculator'!A80="PHY",'GPA Calculator'!D80,IF('GPA Calculator'!A80="MTH",'GPA Calculator'!D80,IF('GPA Calculator'!A80="STA",'GPA Calculator'!D80,0))))) -> 0 | B73: =IF(A73=0,0,IF('GPA Calculator'!E80="W",0,IF('GPA Calculator'!E80="P",0,IF('GPA Calculator'!E80="FA",0,IF('GPA Calculator'!E80="CR",0,IF('GPA Calculator'!E80="NC",0,IF('GPA Calculator'!E80="",0,'GPA Calculator'!E80))))))) -> 0 | C73: =IF(A73=0,0,VLOOKUP(B73,$T$2:$U$14,2,FALSE)) -> 0 | D73: =C73*A73 -> 0 | H73: =IF('GPA Calculator'!K80="BIO",'GPA Calculator'!N80,IF('GPA Calculator'!K80="CHE",'GPA Calculator'!N80,IF('GPA Calculator'!K80="PHY",'GPA Calculator'!N80,IF('GPA Calculator'!K80="MTH",'GPA Calculator'!N80,IF('GPA Calculator'!K80="STA",'GPA Calculator'!N80,0))))) -> 0 | I73: =IF(H73=0,0,IF('GPA Calculator'!O80="W",0,IF('GPA Calculator'!O80="P",0,IF('GPA Calculator'!O80="FA",0,IF('GPA Calculator'!O80="CR",0,IF('GPA Calculator'!O80="NC",0,IF('GPA Calculator'!O80="",0,'GPA Calculator'!O80))))))) -> 0 | J73: =IF(H73=0,0,VLOOKUP(I73,$T$2:$U$14,2,FALSE)) -> 0 | K73: =J73*H73 -> 0
A74: =SUM(A65:A73) -> 0 | C74: =SUM(C65:C73) -> 0 | D74: =SUM(D65:D73) -> 0 | E74: =IF(A74=0,"",D74/A74) | H74: =SUM(H65:H73) -> 0 | J74: =SUM(J65:J73) -> 0 | K74: =SUM(K65:K73) -> 0 | L74: =IF(H74=0,"",K74/H74)
A82: =IF('GPA Calculator'!A90="BIO",'GPA Calculator'!D90,IF('GPA Calculator'!A90="CHE",'GPA Calculator'!D90,IF('GPA Calculator'!A90="PHY",'GPA Calculator'!D90,IF('GPA Calculator'!A90="MTH",'GPA Calculator'!D90,IF('GPA Calculator'!A90="STA",'GPA Calculator'!D90,0))))) -> 0 | B82: =IF(A82=0,0,IF('GPA Calculator'!E90="W",0,IF('GPA Calculator'!E90="P",0,IF('GPA Calculator'!E90="FA",0,IF('GPA Calculator'!E90="CR",0,IF('GPA Calculator'!E90="NC",0,IF('GPA Calculator'!E90="",0,'GPA Calculator'!E90))))))) -> 0 | C82: =IF(A82=0,0,VLOOKUP(B82,$T$2:$U$14,2,FALSE)) -> 0 | D82: =C82*A82 -> 0 | H82: =IF('GPA Calculator'!K90="BIO",'GPA Calculator'!N90,IF('GPA Calculator'!K90="CHE",'GPA Calculator'!N90,IF('GPA Calculator'!K90="PHY",'GPA Calculator'!N90,IF('GPA Calculator'!K90="MTH",'GPA Calculator'!N90,IF('GPA Calculator'!K90="STA",'GPA Calculator'!N90,0))))) -> 0 | I82: =IF(H82=0,0,IF('GPA Calculator'!O90="W",0,IF('GPA Calculator'!O90="P",0,IF('GPA Calculator'!O90="FA",0,IF('GPA Calculator'!O90="CR",0,IF('GPA Calculator'!O90="NC",0,IF('GPA Calculator'!O90="",0,'GPA Calculator'!O90))))))) -> 0 | J82: =IF(H82=0,0,VLOOKUP(I82,$T$2:$U$14,2,FALSE)) -> 0 | K82: =J82*H82 -> 0
A83: =IF('GPA Calculator'!A91="BIO",'GPA Calculator'!D91,IF('GPA Calculator'!A91="CHE",'GPA Calculator'!D91,IF('GPA Calculator'!A91="PHY",'GPA Calculator'!D91,IF('GPA Calculator'!A91="MTH",'GPA Calculator'!D91,IF('GPA Calculator'!A91="STA",'GPA Calculator'!D91,0))))) -> 0 | B83: =IF(A83=0,0,IF('GPA Calculator'!E91="W",0,IF('GPA Calculator'!E91="P",0,IF('GPA Calculator'!E91="FA",0,IF('GPA Calculator'!E91="CR",0,IF('GPA Calculator'!E91="NC",0,IF('GPA Calculator'!E91="",0,'GPA Calculator'!E91))))))) -> 0 | C83: =IF(A83=0,0,VLOOKUP(B83,$T$2:$U$14,2,FALSE)) -> 0 | D83: =C83*A83 -> 0 | H83: =IF('GPA Calculator'!K91="BIO",'GPA Calculator'!N91,IF('GPA Calculator'!K91="CHE",'GPA Calculator'!N91,IF('GPA Calculator'!K91="PHY",'GPA Calculator'!N91,IF('GPA Calculator'!K91="MTH",'GPA Calculator'!N91,IF('GPA Calculator'!K91="STA",'GPA Calculator'!N91,0))))) -> 0 | I83: =IF(H83=0,0,IF('GPA Calculator'!O91="W",0,IF('GPA Calculator'!O91="P",0,IF('GPA Calculator'!O91="FA",0,IF('GPA Calculator'!O91="CR",0,IF('GPA Calculator'!O91="NC",0,IF('GPA Calculator'!O91="",0,'GPA Calculator'!O91))))))) -> 0 | J83: =IF(H83=0,0,VLOOKUP(I83,$T$2:$U$14,2,FALSE)) -> 0 | K83: =J83*H83 -> 0
A84: =IF('GPA Calculator'!A92="BIO",'GPA Calculator'!D92,IF('GPA Calculator'!A92="CHE",'GPA Calculator'!D92,IF('GPA Calculator'!A92="PHY",'GPA Calculator'!D92,IF('GPA Calculator'!A92="MTH",'GPA Calculator'!D92,IF('GPA Calculator'!A92="STA",'GPA Calculator'!D92,0))))) -> 0 | B84: =IF(A84=0,0,IF('GPA Calculator'!E92="W",0,IF('GPA Calculator'!E92="P",0,IF('GPA Calculator'!E92="FA",0,IF('GPA Calculator'!E92="CR",0,IF('GPA Calculator'!E92="NC",0,IF('GPA Calculator'!E92="",0,'GPA Calculator'!E92))))))) -> 0 | C84: =IF(A84=0,0,VLOOKUP(B84,$T$2:$U$14,2,FALSE)) -> 0 | D84: =C84*A84 -> 0 | H84: =IF('GPA Calculator'!K92="BIO",'GPA Calculator'!N92,IF('GPA Calculator'!K92="CHE",'GPA Calculator'!N92,IF('GPA Calculator'!K92="PHY",'GPA Calculator'!N92,IF('GPA Calculator'!K92="MTH",'GPA Calculator'!N92,IF('GPA Calculator'!K92="STA",'GPA Calculator'!N92,0))))) -> 0 | I84: =IF(H84=0,0,IF('GPA Calculator'!O92="W",0,IF('GPA Calculator'!O92="P",0,IF('GPA Calculator'!O92="FA",0,IF('GPA Calculator'!O92="CR",0,IF('GPA Calculator'!O92="NC",0,IF('GPA Calculator'!O92="",0,'GPA Calculator'!O92))))))) -> 0 | J84: =IF(H84=0,0,VLOOKUP(I84,$T$2:$U$14,2,FALSE)) -> 0 | K84: =J84*H84 -> 0
A85: =IF('GPA Calculator'!A93="BIO",'GPA Calculator'!D93,IF('GPA Calculator'!A93="CHE",'GPA Calculator'!D93,IF('GPA Calculator'!A93="PHY",'GPA Calculator'!D93,IF('GPA Calculator'!A93="MTH",'GPA Calculator'!D93,IF('GPA Calculator'!A93="STA",'GPA Calculator'!D93,0))))) -> 0 | B85: =IF(A85=0,0,IF('GPA Calculator'!E93="W",0,IF('GPA Calculator'!E93="P",0,IF('GPA Calculator'!E93="FA",0,IF('GPA Calculator'!E93="CR",0,IF('GPA Calculator'!E93="NC",0,IF('GPA Calculator'!E93="",0,'GPA Calculator'!E93))))))) -> 0 | C85: =IF(A85=0,0,VLOOKUP(B85,$T$2:$U$14,2,FALSE)) -> 0 | D85: =C85*A85 -> 0 | H85: =IF('GPA Calculator'!K93="BIO",'GPA Calculator'!N93,IF('GPA Calculator'!K93="CHE",'GPA Calculator'!N93,IF('GPA Calculator'!K93="PHY",'GPA Calculator'!N93,IF('GPA Calculator'!K93="MTH",'GPA Calculator'!N93,IF('GPA Calculator'!K93="STA",'GPA Calculator'!N93,0))))) -> 0 | I85: =IF(H85=0,0,IF('GPA Calculator'!O93="W",0,IF('GPA Calculator'!O93="P",0,IF('GPA Calculator'!O93="FA",0,IF('GPA Calculator'!O93="CR",0,IF('GPA Calculator'!O93="NC",0,IF('GPA Calculator'!O93="",0,'GPA Calculator'!O93))))))) -> 0 | J85: =IF(H85=0,0,VLOOKUP(I85,$T$2:$U$14,2,FALSE)) -> 0 | K85: =J85*H85 -> 0
A86: =IF('GPA Calculator'!A94="BIO",'GPA Calculator'!D94,IF('GPA Calculator'!A94="CHE",'GPA Calculator'!D94,IF('GPA Calculator'!A94="PHY",'GPA Calculator'!D94,IF('GPA Calculator'!A94="MTH",'GPA Calculator'!D94,IF('GPA Calculator'!A94="STA",'GPA Calculator'!D94,0))))) -> 0 | B86: =IF(A86=0,0,IF('GPA Calculator'!E94="W",0,IF('GPA Calculator'!E94="P",0,IF('GPA Calculator'!E94="FA",0,IF('GPA Calculator'!E94="CR",0,IF('GPA Calculator'!E94="NC",0,IF('GPA Calculator'!E94="",0,'GPA Calculator'!E94))))))) -> 0 | C86: =IF(A86=0,0,VLOOKUP(B86,$T$2:$U$14,2,FALSE)) -> 0 | D86: =C86*A86 -> 0 | H86: =IF('GPA Calculator'!K94="BIO",'GPA Calculator'!N94,IF('GPA Calculator'!K94="CHE",'GPA Calculator'!N94,IF('GPA Calculator'!K94="PHY",'GPA Calculator'!N94,IF('GPA Calculator'!K94="MTH",'GPA Calculator'!N94,IF('GPA Calculator'!K94="STA",'GPA Calculator'!N94,0))))) -> 0 | I86: =IF(H86=0,0,IF('GPA Calculator'!O94="W",0,IF('GPA Calculator'!O94="P",0,IF('GPA Calculator'!O94="FA",0,IF('GPA Calculator'!O94="CR",0,IF('GPA Calculator'!O94="NC",0,IF('GPA Calculator'!O94="",0,'GPA Calculator'!O94))))))) -> 0 | J86: =IF(H86=0,0,VLOOKUP(I86,$T$2:$U$14,2,FALSE)) -> 0 | K86: =J86*H86 -> 0
A87: =IF('GPA Calculator'!A95="BIO",'GPA Calculator'!D95,IF('GPA Calculator'!A95="CHE",'GPA Calculator'!D95,IF('GPA Calculator'!A95="PHY",'GPA Calculator'!D95,IF('GPA Calculator'!A95="MTH",'GPA Calculator'!D95,IF('GPA Calculator'!A95="STA",'GPA Calculator'!D95,0))))) -> 0 | B87: =IF(A87=0,0,IF('GPA Calculator'!E95="W",0,IF('GPA Calculator'!E95="P",0,IF('GPA Calculator'!E95="FA",0,IF('GPA Calculator'!E95="CR",0,IF('GPA Calculator'!E95="NC",0,IF('GPA Calculator'!E95="",0,'GPA Calculator'!E95))))))) -> 0 | C87: =IF(A87=0,0,VLOOKUP(B87,$T$2:$U$14,2,FALSE)) -> 0 | D87: =C87*A87 -> 0 | H87: =IF('GPA Calculator'!K95="BIO",'GPA Calculator'!N95,IF('GPA Calculator'!K95="CHE",'GPA Calculator'!N95,IF('GPA Calculator'!K95="PHY",'GPA Calculator'!N95,IF('GPA Calculator'!K95="MTH",'GPA Calculator'!N95,IF('GPA Calculator'!K95="STA",'GPA Calculator'!N95,0))))) -> 0 | I87: =IF(H87=0,0,IF('GPA Calculator'!O95="W",0,IF('GPA Calculator'!O95="P",0,IF('GPA Calculator'!O95="FA",0,IF('GPA Calculator'!O95="CR",0,IF('GPA Calculator'!O95="NC",0,IF('GPA Calculator'!O95="",0,'GPA Calculator'!O95))))))) -> 0 | J87: =IF(H87=0,0,VLOOKUP(I87,$T$2:$U$14,2,FALSE)) -> 0 | K87: =J87*H87 -> 0
A88: =IF('GPA Calculator'!A96="BIO",'GPA Calculator'!D96,IF('GPA Calculator'!A96="CHE",'GPA Calculator'!D96,IF('GPA Calculator'!A96="PHY",'GPA Calculator'!D96,IF('GPA Calculator'!A96="MTH",'GPA Calculator'!D96,IF('GPA Calculator'!A96="STA",'GPA Calculator'!D96,0))))) -> 0 | B88: =IF(A88=0,0,IF('GPA Calculator'!E96="W",0,IF('GPA Calculator'!E96="P",0,IF('GPA Calculator'!E96="FA",0,IF('GPA Calculator'!E96="CR",0,IF('GPA Calculator'!E96="NC",0,IF('GPA Calculator'!E96="",0,'GPA Calculator'!E96))))))) -> 0 | C88: =IF(A88=0,0,VLOOKUP(B88,$T$2:$U$14,2,FALSE)) -> 0 | D88: =C88*A88 -> 0 | H88: =IF('GPA Calculator'!K96="BIO",'GPA Calculator'!N96,IF('GPA Calculator'!K96="CHE",'GPA Calculator'!N96,IF('GPA Calculator'!K96="PHY",'GPA Calculator'!N96,IF('GPA Calculator'!K96="MTH",'GPA Calculator'!N96,IF('GPA Calculator'!K96="STA",'GPA Calculator'!N96,0))))) -> 0 | I88: =IF(H88=0,0,IF('GPA Calculator'!O96="W",0,IF('GPA Calculator'!O96="P",0,IF('GPA Calculator'!O96="FA",0,IF('GPA Calculator'!O96="CR",0,IF('GPA Calculator'!O96="NC",0,IF('GPA Calculator'!O96="",0,'GPA Calculator'!O96))))))) -> 0 | J88: =IF(H88=0,0,VLOOKUP(I88,$T$2:$U$14,2,FALSE)) -> 0 | K88: =J88*H88 -> 0
A89: =IF('GPA Calculator'!A97="BIO",'GPA Calculator'!D97,IF('GPA Calculator'!A97="CHE",'GPA Calculator'!D97,IF('GPA Calculator'!A97="PHY",'GPA Calculator'!D97,IF('GPA Calculator'!A97="MTH",'GPA Calculator'!D97,IF('GPA Calculator'!A97="STA",'GPA Calculator'!D97,0))))) -> 0 | B89: =IF(A89=0,0,IF('GPA Calculator'!E97="W",0,IF('GPA Calculator'!E97="P",0,IF('GPA Calculator'!E97="FA",0,IF('GPA Calculator'!E97="CR",0,IF('GPA Calculator'!E97="NC",0,IF('GPA Calculator'!E97="",0,'GPA Calculator'!E97))))))) -> 0 | C89: =IF(A89=0,0,VLOOKUP(B89,$T$2:$U$14,2,FALSE)) -> 0 | D89: =C89*A89 -> 0 | H89: =IF('GPA Calculator'!K97="BIO",'GPA Calculator'!N97,IF('GPA Calculator'!K97="CHE",'GPA Calculator'!N97,IF('GPA Calculator'!K97="PHY",'GPA Calculator'!N97,IF('GPA Calculator'!K97="MTH",'GPA Calculator'!N97,IF('GPA Calculator'!K97="STA",'GPA Calculator'!N97,0))))) -> 0 | I89: =IF(H89=0,0,IF('GPA Calculator'!O97="W",0,IF('GPA Calculator'!O97="P",0,IF('GPA Calculator'!O97="FA",0,IF('GPA Calculator'!O97="CR",0,IF('GPA Calculator'!O97="NC",0,IF('GPA Calculator'!O97="",0,'GPA Calculator'!O97))))))) -> 0 | J89: =IF(H89=0,0,VLOOKUP(I89,$T$2:$U$14,2,FALSE)) -> 0 | K89: =J89*H89 -> 0
A90: =SUM(A81:A89) -> 0 | C90: =SUM(C82:C89) -> 0 | D90: =SUM(D81:D89) -> 0 | E90: =IF(A90=0,"",D90/A90) | H90: =SUM(H81:H89) -> 0 | J90: =SUM(J81:J89) -> 0 | K90: =SUM(K81:K89) -> 0 | L90: =IF(H90=0,"",K90/H90)

Sheet Upper-level Calcs
A1: 3100 | B1: =COUNTIF('GPA Calculator'!$B$5:$B$98,A1)+COUNTIF('GPA Calculator'!$L$5:$L$98,A1) -> 0 | D1: 3200 | E1: =COUNTIF('GPA Calculator'!$B$5:$B$98,D1)+COUNTIF('GPA Calculator'!$L$5:$L$98,D1) -> 0 | G1: 3300 | H1: =COUNTIF('GPA Calculator'!$B$5:$B$98,G1)+COUNTIF('GPA Calculator'!$L$5:$L$98,G1) -> 0 | J1: 3400 | K1: =COUNTIF('GPA Calculator'!$B$5:$B$98,J1)+COUNTIF('GPA Calculator'!$L$5:$L$98,J1) -> 0 | M1: 4100 | N1: =COUNTIF('GPA Calculator'!$B$5:$B$98,M1)+COUNTIF('GPA Calculator'!$L$5:$L$98,M1) -> 0 | P1: 4200 | Q1: =COUNTIF('GPA Calculator'!$B$5:$B$98,P1)+COUNTIF('GPA Calculator'!$L$5:$L$98,P1) -> 0 | S1: 4300 | T1: =COUNTIF('GPA Calculator'!$B$5:$B$98,S1)+COUNTIF('GPA Calculator'!$L$5:$L$98,S1) -> 0 | V1: 4400 | W1: =COUNTIF('GPA Calculator'!$B$5:$B$98,V1)+COUNTIF('GPA Calculator'!$L$5:$L$98,V1) -> 0
A2: 3101 | B2: =COUNTIF('GPA Calculator'!$B$5:$B$98,A2)+COUNTIF('GPA Calculator'!$L$5:$L$98,A2) -> 0 | D2: 3201 | E2: =COUNTIF('GPA Calculator'!$B$5:$B$98,D2)+COUNTIF('GPA Calculator'!$L$5:$L$98,D2) -> 0 | G2: 3301 | H2: =COUNTIF('GPA Calculator'!$B$5:$B$98,G2)+COUNTIF('GPA Calculator'!$L$5:$L$98,G2) -> 0 | J2: 3401 | K2: =COUNTIF('GPA Calculator'!$B$5:$B$98,J2)+COUNTIF('GPA Calculator'!$L$5:$L$98,J2) -> 0 | M2: 4101 | N2: =COUNTIF('GPA Calculator'!$B$5:$B$98,M2)+COUNTIF('GPA Calculator'!$L$5:$L$98,M2) -> 0 | P2: 4201 | Q2: =COUNTIF('GPA Calculator'!$B$5:$B$98,P2)+COUNTIF('GPA Calculator'!$L$5:$L$98,P2) -> 0 | S2: 4301 | T2: =COUNTIF('GPA Calculator'!$B$5:$B$98,S2)+COUNTIF('GPA Calculator'!$L$5:$L$98,S2) -> 0 | V2: 4401 | W2: =COUNTIF('GPA Calculator'!$B$5:$B$98,V2)+COUNTIF('GPA Calculator'!$L$5:$L$98,V2) -> 0
A3: 3102 | B3: =COUNTIF('GPA Calculator'!$B$5:$B$98,A3)+COUNTIF('GPA Calculator'!$L$5:$L$98,A3) -> 0 | D3: 3202 | E3: =COUNTIF('GPA Calculator'!$B$5:$B$98,D3)+COUNTIF('GPA Calculator'!$L$5:$L$98,D3) -> 0 | G3: 3302 | H3: =COUNTIF('GPA Calculator'!$B$5:$B$98,G3)+COUNTIF('GPA Calculator'!$L$5:$L$98,G3) -> 0 | J3: 3402 | K3: =COUNTIF('GPA Calculator'!$B$5:$B$98,J3)+COUNTIF('GPA Calculator'!$L$5:$L$98,J3) -> 0 | M3: 4102 | N3: =COUNTIF('GPA Calculator'!$B$5:$B$98,M3)+COUNTIF('GPA Calculator'!$L$5:$L$98,M3) -> 0 | P3: 4202 | Q3: =COUNTIF('GPA Calculator'!$B$5:$B$98,P3)+COUNTIF('GPA Calculator'!$L$5:$L$98,P3) -> 0 | S3: 4302 | T3: =COUNTIF('GPA Calculator'!$B$5:$B$98,S3)+COUNTIF('GPA Calculator'!$L$5:$L$98,S3) -> 0 | V3: 4402 | W3: =COUNTIF('GPA Calculator'!$B$5:$B$98,V3)+COUNTIF('GPA Calculator'!$L$5:$L$98,V3) -> 0
A4: 3103 | B4: =COUNTIF('GPA Calculator'!$B$5:$B$98,A4)+COUNTIF('GPA Calculator'!$L$5:$L$98,A4) -> 0 | D4: 3203 | E4: =COUNTIF('GPA Calculator'!$B$5:$B$98,D4)+COUNTIF('GPA Calculator'!$L$5:$L$98,D4) -> 0 | G4: 3303 | H4: =COUNTIF('GPA Calculator'!$B$5:$B$98,G4)+COUNTIF('GPA Calculator'!$L$5:$L$98,G4) -> 0 | J4: 3403 | K4: =COUNTIF('GPA Calculator'!$B$5:$B$98,J4)+COUNTIF('GPA Calculator'!$L$5:$L$98,J4) -> 0 | M4: 4103 | N4: =COUNTIF('GPA Calculator'!$B$5:$B$98,M4)+COUNTIF('GPA Calculator'!$L$5:$L$98,M4) -> 0 | P4: 4203 | Q4: =COUNTIF('GPA Calculator'!$B$5:$B$98,P4)+COUNTIF('GPA Calculator'!$L$5:$L$98,P4) -> 0 | S4: 4303 | T4: =COUNTIF('GPA Calculator'!$B$5:$B$98,S4)+COUNTIF('GPA Calculator'!$L$5:$L$98,S4) -> 0 | V4: 4403 | W4: =COUNTIF('GPA Calculator'!$B$5:$B$98,V4)+COUNTIF('GPA Calculator'!$L$5:$L$98,V4) -> 0
A5: 3104 | B5: =COUNTIF('GPA Calculator'!$B$5:$B$98,A5)+COUNTIF('GPA Calculator'!$L$5:$L$98,A5) -> 0 | D5: 3204 | E5: =COUNTIF('GPA Calculator'!$B$5:$B$98,D5)+COUNTIF('GPA Calculator'!$L$5:$L$98,D5) -> 0 | G5: 3304 | H5: =COUNTIF('GPA Calculator'!$B$5:$B$98,G5)+COUNTIF('GPA Calculator'!$L$5:$L$98,G5) -> 0 | J5: 3404 | K5: =COUNTIF('GPA Calculator'!$B$5:$B$98,J5)+COUNTIF('GPA Calculator'!$L$5:$L$98,J5) -> 0 | M5: 4104 | N5: =COUNTIF('GPA Calculator'!$B$5:$B$98,M5)+COUNTIF('GPA Calculator'!$L$5:$L$98,M5) -> 0 | P5: 4204 | Q5: =COUNTIF('GPA Calculator'!$B$5:$B$98,P5)+COUNTIF('GPA Calculator'!$L$5:$L$98,P5) -> 0 | S5: 4304 | T5: =COUNTIF('GPA Calculator'!$B$5:$B$98,S5)+COUNTIF('GPA Calculator'!$L$5:$L$98,S5) -> 0 | V5: 4404 | W5: =COUNTIF('GPA Calculator'!$B$5:$B$98,V5)+COUNTIF('GPA Calculator'!$L$5:$L$98,V5) -> 0
A6: 3105 | B6: =COUNTIF('GPA Calculator'!$B$5:$B$98,A6)+COUNTIF('GPA Calculator'!$L$5:$L$98,A6) -> 0 | D6: 3205 | E6: =COUNTIF('GPA Calculator'!$B$5:$B$98,D6)+COUNTIF('GPA Calculator'!$L$5:$L$98,D6) -> 0 | G6: 3305 | H6: =COUNTIF('GPA Calculator'!$B$5:$B$98,G6)+COUNTIF('GPA Calculator'!$L$5:$L$98,G6) -> 0 | J6: 3405 | K6: =COUNTIF('GPA Calculator'!$B$5:$B$98,J6)+COUNTIF('GPA Calculator'!$L$5:$L$98,J6) -> 0 | M6: 4105 | N6: =COUNTIF('GPA Calculator'!$B$5:$B$98,M6)+COUNTIF('GPA Calculator'!$L$5:$L$98,M6) -> 0 | P6: 4205 | Q6: =COUNTIF('GPA Calculator'!$B$5:$B$98,P6)+COUNTIF('GPA Calculator'!$L$5:$L$98,P6) -> 0 | S6: 4305 | T6: =COUNTIF('GPA Calculator'!$B$5:$B$98,S6)+COUNTIF('GPA Calculator'!$L$5:$L$98,S6) -> 0 | V6: 4405 | W6: =COUNTIF('GPA Calculator'!$B$5:$B$98,V6)+COUNTIF('GPA Calculator'!$L$5:$L$98,V6) -> 0
A7: 3106 | B7: =COUNTIF('GPA Calculator'!$B$5:$B$98,A7)+COUNTIF('GPA Calculator'!$L$5:$L$98,A7) -> 0 | D7: 3206 | E7: =COUNTIF('GPA Calculator'!$B$5:$B$98,D7)+COUNTIF('GPA Calculator'!$L$5:$L$98,D7) -> 0 | G7: 3306 | H7: =COUNTIF('GPA Calculator'!$B$5:$B$98,G7)+COUNTIF('GPA Calculator'!$L$5:$L$98,G7) -> 0 | J7: 3406 | K7: =COUNTIF('GPA Calculator'!$B$5:$B$98,J7)+COUNTIF('GPA Calculator'!$L$5:$L$98,J7) -> 0 | M7: 4106 | N7: =COUNTIF('GPA Calculator'!$B$5:$B$98,M7)+COUNTIF('GPA Calculator'!$L$5:$L$98,M7) -> 0 | P7: 4206 | Q7: =COUNTIF('GPA Calculator'!$B$5:$B$98,P7)+COUNTIF('GPA Calculator'!$L$5:$L$98,P7) -> 0 | S7: 4306 | T7: =COUNTIF('GPA Calculator'!$B$5:$B$98,S7)+COUNTIF('GPA Calculator'!$L$5:$L$98,S7) -> 0 | V7: 4406 | W7: =COUNTIF('GPA Calculator'!$B$5:$B$98,V7)+COUNTIF('GPA Calculator'!$L$5:$L$98,V7) -> 0
A8: 3107 | B8: =COUNTIF('GPA Calculator'!$B$5:$B$98,A8)+COUNTIF('GPA Calculator'!$L$5:$L$98,A8) -> 0 | D8: 3207 | E8: =COUNTIF('GPA Calculator'!$B$5:$B$98,D8)+COUNTIF('GPA Calculator'!$L$5:$L$98,D8) -> 0 | G8: 3307 | H8: =COUNTIF('GPA Calculator'!$B$5:$B$98,G8)+COUNTIF('GPA Calculator'!$L$5:$L$98,G8) -> 0 | J8: 3407 | K8: =COUNTIF('GPA Calculator'!$B$5:$B$98,J8)+COUNTIF('GPA Calculator'!$L$5:$L$98,J8) -> 0 | M8: 4107 | N8: =COUNTIF('GPA Calculator'!$B$5:$B$98,M8)+COUNTIF('GPA Calculator'!$L$5:$L$98,M8) -> 0 | P8: 4207 | Q8: =COUNTIF('GPA Calculator'!$B$5:$B$98,P8)+COUNTIF('GPA Calculator'!$L$5:$L$98,P8) -> 0 | S8: 4307 | T8: =COUNTIF('GPA Calculator'!$B$5:$B$98,S8)+COUNTIF('GPA Calculator'!$L$5:$L$98,S8) -> 0 | V8: 4407 | W8: =COUNTIF('GPA Calculator'!$B$5:$B$98,V8)+COUNTIF('GPA Calculator'!$L$5:$L$98,V8) -> 0
A9: 3108 | B9: =COUNTIF('GPA Calculator'!$B$5:$B$98,A9)+COUNTIF('GPA Calculator'!$L$5:$L$98,A9) -> 0 | D9: 3208 | E9: =COUNTIF('GPA Calculator'!$B$5:$B$98,D9)+COUNTIF('GPA Calculator'!$L$5:$L$98,D9) -> 0 | G9: 3308 | H9: =COUNTIF('GPA Calculator'!$B$5:$B$98,G9)+COUNTIF('GPA Calculator'!$L$5:$L$98,G9) -> 0 | J9: 3408 | K9: =COUNTIF('GPA Calculator'!$B$5:$B$98,J9)+COUNTIF('GPA Calculator'!$L$5:$L$98,J9) -> 0 | M9: 4108 | N9: =COUNTIF('GPA Calculator'!$B$5:$B$98,M9)+COUNTIF('GPA Calculator'!$L$5:$L$98,M9) -> 0 | P9: 4208 | Q9: =COUNTIF('GPA Calculator'!$B$5:$B$98,P9)+COUNTIF('GPA Calculator'!$L$5:$L$98,P9) -> 0 | S9: 4308 | T9: =COUNTIF('GPA Calculator'!$B$5:$B$98,S9)+COUNTIF('GPA Calculator'!$L$5:$L$98,S9) -> 0 | V9: 4408 | W9: =COUNTIF('GPA Calculator'!$B$5:$B$98,V9)+COUNTIF('GPA Calculator'!$L$5:$L$98,V9) -> 0
A10: 3109 | B10: =COUNTIF('GPA Calculator'!$B$5:$B$98,A10)+COUNTIF('GPA Calculator'!$L$5:$L$98,A10) -> 0 | D10: 3209 | E10: =COUNTIF('GPA Calculator'!$B$5:$B$98,D10)+COUNTIF('GPA Calculator'!$L$5:$L$98,D10) -> 0 | G10: 3309 | H10: =COUNTIF('GPA Calculator'!$B$5:$B$98,G10)+COUNTIF('GPA Calculator'!$L$5:$L$98,G10) -> 0 | J10: 3409 | K10: =COUNTIF('GPA Calculator'!$B$5:$B$98,J10)+COUNTIF('GPA Calculator'!$L$5:$L$98,J10) -> 0 | M10: 4109 | N10: =COUNTIF('GPA Calculator'!$B$5:$B$98,M10)+COUNTIF('GPA Calculator'!$L$5:$L$98,M10) -> 0 | P10: 4209 | Q10: =COUNTIF('GPA Calculator'!$B$5:$B$98,P10)+COUNTIF('GPA Calculator'!$L$5:$L$98,P10) -> 0 | S10: 4309 | T10: =COUNTIF('GPA Calculator'!$B$5:$B$98,S10)+COUNTIF('GPA Calculator'!$L$5:$L$98,S10) -> 0 | V10: 4409 | W10: =COUNTIF('GPA Calculator'!$B$5:$B$98,V10)+COUNTIF('GPA Calculator'!$L$5:$L$98,V10) -> 0
A11: 3110 | B11: =COUNTIF('GPA Calculator'!$B$5:$B$98,A11)+COUNTIF('GPA Calculator'!$L$5:$L$98,A11) -> 0 | D11: 3210 | E11: =COUNTIF('GPA Calculator'!$B$5:$B$98,D11)+COUNTIF('GPA Calculator'!$L$5:$L$98,D11) -> 0 | G11: 3310 | H11: =COUNTIF('GPA Calculator'!$B$5:$B$98,G11)+COUNTIF('GPA Calculator'!$L$5:$L$98,G11) -> 0 | J11: 3410 | K11: =COUNTIF('GPA Calculator'!$B$5:$B$98,J11)+COUNTIF('GPA Calculator'!$L$5:$L$98,J11) -> 0 | M11: 4110 | N11: =COUNTIF('GPA Calculator'!$B$5:$B$98,M11)+COUNTIF('GPA Calculator'!$L$5:$L$98,M11) -> 0 | P11: 4210 | Q11: =COUNTIF('GPA Calculator'!$B$5:$B$98,P11)+COUNTIF('GPA Calculator'!$L$5:$L$98,P11) -> 0 | S11: 4310 | T11: =COUNTIF('GPA Calculator'!$B$5:$B$98,S11)+COUNTIF('GPA Calculator'!$L$5:$L$98,S11) -> 0 | V11: 4410 | W11: =COUNTIF('GPA Calculator'!$B$5:$B$98,V11)+COUNTIF('GPA Calculator'!$L$5:$L$98,V11) -> 0
A12: 3111 | B12: =COUNTIF('GPA Calculator'!$B$5:$B$98,A12)+COUNTIF('GPA Calculator'!$L$5:$L$98,A12) -> 0 | D12: 3211 | E12: =COUNTIF('GPA Calculator'!$B$5:$B$98,D12)+COUNTIF('GPA Calculator'!$L$5:$L$98,D12) -> 0 | G12: 3311 | H12: =COUNTIF('GPA Calculator'!$B$5:$B$98,G12)+COUNTIF('GPA Calculator'!$L$5:$L$98,G12) -> 0 | J12: 3411 | K12: =COUNTIF('GPA Calculator'!$B$5:$B$98,J12)+COUNTIF('GPA Calculator'!$L$5:$L$98,J12) -> 0 | M12: 4111 | N12: =COUNTIF('GPA Calculator'!$B$5:$B$98,M12)+COUNTIF('GPA Calculator'!$L$5:$L$98,M12) -> 0 | P12: 4211 | Q12: =COUNTIF('GPA Calculator'!$B$5:$B$98,P12)+COUNTIF('GPA Calculator'!$L$5:$L$98,P12) -> 0 | S12: 4311 | T12: =COUNTIF('GPA Calculator'!$B$5:$B$98,S12)+COUNTIF('GPA Calculator'!$L$5:$L$98,S12) -> 0 | V12: 4411 | W12: =COUNTIF('GPA Calculator'!$B$5:$B$98,V12)+COUNTIF('GPA Calculator'!$L$5:$L$98,V12) -> 0
... A100: 3199 | B100: =COUNTIF('GPA Calculator'!$B$5:$B$98,A100)+COUNTIF('GPA Calculator'!$L$5:$L$98,A100) -> 0 | D100: 3299 | E100: =COUNTIF('GPA Calculator'!$B$5:$B$98,D100)+COUNTIF('GPA Calculator'!$L$5:$L$98,D100) -> 0 | G100: 3399 | H100: =COUNTIF('GPA Calculator'!$B$5:$B$98,G100)+COUNTIF('GPA Calculator'!$L$5:$L$98,G100) -> 0 | J100: 3499 | K100: =COUNTIF('GPA Calculator'!$B$5:$B$98,J100)+COUNTIF('GPA Calculator'!$L$5:$L$98,J100) -> 0 | M100: 4199 | N100: =COUNTIF('GPA Calculator'!$B$5:$B$98,M100)+COUNTIF('GPA Calculator'!$L$5:$L$98,M100) -> 0 | P100: 4299 | Q100: =COUNTIF('GPA Calculator'!$B$5:$B$98,P100)+COUNTIF('GPA Calculator'!$L$5:$L$98,P100) -> 0 | S100: 4399 | T100: =COUNTIF('GPA Calculator'!$B$5:$B$98,S100)+COUNTIF('GPA Calculator'!$L$5:$L$98,S100) -> 0 | V100: 4499 | W100: =COUNTIF('GPA Calculator'!$B$5:$B$98,V100)+COUNTIF('GPA Calculator'!$L$5:$L$98,V100) -> 0
B101: =SUM(B1:B100) -> 0 | E101: =SUM(E1:E100)*2 -> 0 | H101: =SUM(H1:H100)*3 -> 0 | K101: =SUM(K1:K100)*4 -> 0 | N101: =SUM(N1:N100) -> 0 | Q101: =SUM(Q1:Q100)*2 -> 0 | T101: =SUM(T1:T100)*3 -> 0 | W101: =SUM(W1:W100)*4 -> 0 | X101: =SUM(B101:W101) -> 0
