Workbook

Sheet Non-shuttle Bids
B1: Non-shuttle Secondary Rail Car Market Bids ($) | P1: Non-shuttle Secondary Rail Car Market Bids ($) | AB1: Non-shuttle Secondary Rail Car Market Bids ($) | AN1: Non-shuttle Secondary Rail Car Market Bids ($)
B2: Data Sources: Atwood/Conagra, Harvest States Coop, James B. Joiner Co., Tradewest Brokerage Co.
B3: Data taken from secondary_premiums_all database that was prepared by Upper Great Plains Transportation Institute
B4: Weeks having no reported activity are represented by blanks. Bids submitted at par value are represented by 0.
D5: (Occasionally, the data will not correspond to what was reported in the Grain Transportation Report)
B6: GTR | C6: Week | D6: Jan. | H6: Feb. | L6: Mar. | P6: Apr. | T6: May. | X6: Jun. | AB6: Jul. | AF6: Aug. | AJ6: Sep. | AN6: Oct. | AR6: Nov. | AV6: Dec.
A7: Week | B7: Date | C7: Ending | D7: BNSF-GF | E7: UP-Pool | F7: Avg. | H7: BNSF-GF | I7: UP-Pool | J7: Avg. | L7: BNSF-GF | M7: UP-Pool | N7: Avg. | P7: BNSF-GF | Q7: UP-Pool | R7: Avg. | T7: BNSF-GF | U7: UP-Pool | V7: Avg. | X7: BNSF-GF | Y7: UP-Pool | Z7: Avg. | AB7: BNSF-GF | AC7: UP-Pool | AD7: Avg. | AF7: BNSF-GF | AG7: UP-Pool | AH7: Avg. | AJ7: BNSF-GF | AK7: UP-Pool | AL7: Avg. | AN7: BNSF-GF | AO7: UP-Pool | AP7: Avg. | AR7: BNSF-GF | AS7: UP-Pool | AT7: Avg. | AV7: BNSF-GF | AW7: UP-Pool | AX7: Avg.
A8: 18 | B8: =+B9-7 -> 35555 | C8: 35553 | T8: -95 | U8: -28 | V8: =AVERAGE(T8,U8) -> -61.5 | AF8: 0 | AG8: 2 | AH8: =AVERAGE(AF8,AG8) -> 1
A9: 19 | B9: =+B10-7 -> 35562 | C9: 35560
A10: 20 | B10: =+B11-7-1 -> 35569 | C10: 35567 | T10: -83 | U10: -20 | V10: =AVERAGE(T10,U10) -> -51.5 | X10: -42 | Y10: -19 | Z10: =AVERAGE(X10,Y10) -> -30.5 | AB10: -25 | AC10: -10 | AD10: =AVERAGE(AB10,AC10) -> -17.5 | AF10: -15 | AG10: 14 | AH10: =AVERAGE(AF10,AG10) -> -0.5
A11: 21 | B11: =+B12-7+1 -> 35577 | C11: 35574 | X11: -53 | Y11: -18 | Z11: =AVERAGE(X11,Y11) -> -35.5 | AB11: -43 | AC11: -13 | AD11: =AVERAGE(AB11,AC11) -> -28 | AF11: -24 | AG11: 9 | AH11: =AVERAGE(AF11,AG11) -> -7.5 | AJ11: 10 | AK11: 27 | AL11: =AVERAGE(AJ11,AK11) -> 18.5
A12: 22 | B12: =+B13-7 -> 35583 | C12: 35581 | X12: -112 | Y12: -23 | Z12: =AVERAGE(X12,Y12) -> -67.5 | AB12: -102 | AC12: -18 | AD12: =AVERAGE(AB12,AC12) -> -60 | AF12: -94 | AG12: 3 | AH12: =AVERAGE(AF12,AG12) -> -45.5 | AJ12: -6 | AK12: 23 | AL12: =AVERAGE(AJ12,AK12) -> 8.5
A13: 23 | B13: =+B14-7 -> 35590 | C13: 35588 | X13: -65 | Y13: -21 | Z13: =AVERAGE(X13,Y13) -> -43 | AB13: -86 | AC13: -11 | AD13: =AVERAGE(AB13,AC13) -> -48.5 | AF13: -66 | AG13: 10 | AH13: =AVERAGE(AF13,AG13) -> -28 | AJ13: -17 | AK13: 23 | AL13: =AVERAGE(AJ13,AK13) -> 3
A14: 24 | B14: =+B15-7 -> 35597 | C14: 35595 | AB14: -83 | AC14: -10 | AD14: =AVERAGE(AB14,AC14) -> -46.5 | AF14: -48 | AG14: 24 | AH14: =AVERAGE(AF14,AG14) -> -12 | AJ14: -10 | AK14: 33 | AL14: =AVERAGE(AJ14,AK14) -> 11.5 | AN14: 43 | AO14: 101 | AP14: =AVERAGE(AN14,AO14) -> 72
A15: 25 | B15: =+B16-7 -> 35604 | C15: 35602 | AB15: -41 | AC15: -14 | AD15: =AVERAGE(AB15,AC15) -> -27.5 | AF15: -19 | AG15: 22 | AH15: =AVERAGE(AF15,AG15) -> 1.5 | AJ15: 0 | AK15: 30 | AL15: =AVERAGE(AJ15,AK15) -> 15 | AN15: 77 | AO15: 110 | AP15: =AVERAGE(AN15,AO15) -> 93.5
A16: 26 | B16: =+B17-7 -> 35611 | C16: 35609 | AB16: -34 | AD16: =AVERAGE(AB16,AC16) -> -34 | AF16: -2 | AG16: 26 | AH16: =AVERAGE(AF16,AG16) -> 12 | AJ16: 10 | AK16: 38 | AL16: =AVERAGE(AJ16,AK16) -> 24 | AN16: 96 | AO16: 143 | AP16: =AVERAGE(AN16,AO16) -> 119.5
A17: 27 | B17: =+B18-7 -> 35618 | C17: 35616 | AB17: -44 | AC17: -5 | AD17: =AVERAGE(AB17,AC17) -> -24.5 | AF17: -6 | AG17: 28 | AH17: =AVERAGE(AF17,AG17) -> 11 | AJ17: 20 | AK17: 45 | AL17: =AVERAGE(AJ17,AK17) -> 32.5 | AN17: 138 | AO17: 137 | AP17: =AVERAGE(AN17,AO17) -> 137.5
A18: 28 | B18: =+B19-7 -> 35625 | C18: 35623 | AB18: -93 | AC18: 3 | AD18: =AVERAGE(AB18,AC18) -> -45 | AF18: -43 | AG18: 19 | AH18: =AVERAGE(AF18,AG18) -> -12 | AJ18: 15 | AK18: 40 | AL18: =AVERAGE(AJ18,AK18) -> 27.5 | AN18: 126 | AO18: 171 | AP18: =AVERAGE(AN18,AO18) -> 148.5
A19: 29 | B19: =+B20-7 -> 35632 | C19: 35630 | AB19: -45 | AC19: 37 | AD19: =AVERAGE(AB19,AC19) -> -4 | AF19: -26 | AG19: 31 | AH19: =AVERAGE(AF19,AG19) -> 2.5 | AK19: 41 | AL19: =AVERAGE(AJ19,AK19) -> 41 | AN19: 98 | AO19: 132 | AP19: =AVERAGE(AN19,AO19) -> 115
A20: 30 | B20: =+B21-7 -> 35639 | C20: 35637 | D20: 122 | E20: 143 | F20: =AVERAGE(D20,E20) -> 132.5 | AF20: 17 | AG20: 53 | AH20: =AVERAGE(AF20,AG20) -> 35 | AJ20: 22 | AK20: 56 | AL20: =AVERAGE(AJ20,AK20) -> 39 | AN20: 122 | AO20: 155 | AP20: =AVERAGE(AN20,AO20) -> 138.5 | AR20: 175 | AS20: 169 | AT20: =AVERAGE(AR20,AS20) -> 172 | AV20: 157 | AW20: 166 | AX20: =AVERAGE(AV20,AW20) -> 161.5
A21: 31 | B21: =+B22-7 -> 35646 | C21: 35644 | D21: 189 | E21: 158 | F21: =AVERAGE(D21,E21) -> 173.5 | AF21: 144 | AG21: 125 | AH21: =AVERAGE(AF21,AG21) -> 134.5 | AJ21: 104 | AK21: 138 | AL21: =AVERAGE(AJ21,AK21) -> 121 | AN21: 182 | AO21: 200 | AP21: =AVERAGE(AN21,AO21) -> 191 | AR21: 208 | AS21: 210 | AT21: =AVERAGE(AR21,AS21) -> 209 | AV21: 202 | AW21: 201 | AX21: =AVERAGE(AV21,AW21) -> 201.5
A22: 32 | B22: =+B23-7 -> 35653 | C22: 35651 | D22: 182 | E22: 208 | F22: =AVERAGE(D22,E22) -> 195 | AF22: 184 | AG22: 148 | AH22: =AVERAGE(AF22,AG22) -> 166 | AJ22: 138 | AK22: 136 | AL22: =AVERAGE(AJ22,AK22) -> 137 | AN22: 191 | AO22: 184 | AP22: =AVERAGE(AN22,AO22) -> 187.5 | AR22: 205 | AS22: 200 | AT22: =AVERAGE(AR22,AS22) -> 202.5 | AV22: 184 | AW22: 189 | AX22: =AVERAGE(AV22,AW22) -> 186.5
A23: 33 | B23: =+B24-7 -> 35660 | C23: 35658 | D23: 168 | E23: 190 | F23: =AVERAGE(D23,E23) -> 179 | AF23: 189 | AH23: =AVERAGE(AF23,AG23) -> 189 | AJ23: 138 | AK23: 138 | AL23: =AVERAGE(AJ23,AK23) -> 138 | AN23: 177 | AO23: 184 | AP23: =AVERAGE(AN23,AO23) -> 180.5 | AR23: 205 | AS23: 208 | AT23: =AVERAGE(AR23,AS23) -> 206.5 | AV23: 180 | AW23: 184 | AX23: =AVERAGE(AV23,AW23) -> 182
A24: 34 | B24: =+B25-7 -> 35667 | C24: 35665 | D24: 148 | F24: =AVERAGE(D24,E24) -> 148 | H24: 118 | J24: =AVERAGE(H24,I24) -> 118 | AJ24: 86 | AK24: 107 | AL24: =AVERAGE(AJ24,AK24) -> 96.5 | AN24: 143 | AO24: 175 | AP24: =AVERAGE(AN24,AO24) -> 159 | AR24: 164 | AS24: 191 | AT24: =AVERAGE(AR24,AS24) -> 177.5 | AV24: 152 | AW24: 166 | AX24: =AVERAGE(AV24,AW24) -> 159
A25: 35 | B25: =+B26-7 -> 35674 | C25: 35672 | D25: 181 | F25: =AVERAGE(D25,E25) -> 181 | H25: 158 | J25: =AVERAGE(H25,I25) -> 158 | AJ25: 229 | AK25: 230 | AL25: =AVERAGE(AJ25,AK25) -> 229.5 | AN25: 221 | AO25: 254 | AP25: =AVERAGE(AN25,AO25) -> 237.5 | AR25: 218 | AS25: 251 | AT25: =AVERAGE(AR25,AS25) -> 234.5 | AV25: 193 | AW25: 219 | AX25: =AVERAGE(AV25,AW25) -> 206
A26: 36 | B26: =+B27-7 -> 35681 | C26: 35679 | D26: 181 | E26: 223 | F26: =AVERAGE(D26,E26) -> 202 | H26: 154 | I26: 200 | J26: =AVERAGE(H26,I26) -> 177 | AJ26: 271 | AK26: 288 | AL26: =AVERAGE(AJ26,AK26) -> 279.5 | AN26: 242 | AO26: 295 | AP26: =AVERAGE(AN26,AO26) -> 268.5 | AR26: 231 | AS26: 284 | AT26: =AVERAGE(AR26,AS26) -> 257.5 | AV26: 206 | AW26: 240 | AX26: =AVERAGE(AV26,AW26) -> 223
A27: 37 | B27: =+B28-7 -> 35688 | C27: 35686 | D27: 149 | E27: 166 | F27: =AVERAGE(D27,E27) -> 157.5 | H27: 120 | I27: 140 | J27: =AVERAGE(H27,I27) -> 130 | AJ27: 249 | AK27: 242 | AL27: =AVERAGE(AJ27,AK27) -> 245.5 | AN27: 191 | AO27: 249 | AP27: =AVERAGE(AN27,AO27) -> 220 | AR27: 167 | AS27: 238 | AT27: =AVERAGE(AR27,AS27) -> 202.5 | AV27: 153 | AW27: 192 | AX27: =AVERAGE(AV27,AW27) -> 172.5
A28: 38 | B28: =+B29-7 -> 35695 | C28: 35693 | D28: 131 | E28: 155 | F28: =AVERAGE(D28,E28) -> 143 | H28: 97 | I28: 137 | J28: =AVERAGE(H28,I28) -> 117 | AJ28: 148 | AK28: 250 | AL28: =AVERAGE(AJ28,AK28) -> 199 | AN28: 147 | AO28: 257 | AP28: =AVERAGE(AN28,AO28) -> 202 | AR28: 141 | AS28: 207 | AT28: =AVERAGE(AR28,AS28) -> 174 | AV28: 130 | AW28: 173 | AX28: =AVERAGE(AV28,AW28) -> 151.5
A29: 39 | B29: =+B30-7 -> 35702 | C29: 35700 | D29: 137 | E29: 208 | F29: =AVERAGE(D29,E29) -> 172.5 | H29: 114 | I29: 173 | J29: =AVERAGE(H29,I29) -> 143.5 | L29: 66 | M29: 120 | N29: =AVERAGE(L29,M29) -> 93 | AN29: 236 | AO29: 300 | AP29: =AVERAGE(AN29,AO29) -> 268 | AR29: 174 | AS29: 259 | AT29: =AVERAGE(AR29,AS29) -> 216.5 | AV29: 142 | AW29: 227 | AX29: =AVERAGE(AV29,AW29) -> 184.5
A30: 40 | B30: =+B31-7 -> 35709 | C30: 35707 | D30: 160 | E30: 250 | F30: =AVERAGE(D30,E30) -> 205 | H30: 123 | I30: 225 | J30: =AVERAGE(H30,I30) -> 174 | L30: 91 | M30: 167 | N30: =AVERAGE(L30,M30) -> 129 | AN30: 278 | AO30: 350 | AP30: =AVERAGE(AN30,AO30) -> 314 | AR30: 215 | AS30: 288 | AT30: =AVERAGE(AR30,AS30) -> 251.5 | AV30: 163 | AW30: 267 | AX30: =AVERAGE(AV30,AW30) -> 215
A31: 41 | B31: =+B32-7 -> 35716 | C31: 35714 | D31: 199 | E31: 268 | F31: =AVERAGE(D31,E31) -> 233.5 | H31: 155 | I31: 223 | J31: =AVERAGE(H31,I31) -> 189 | L31: 78 | M31: 163 | N31: =AVERAGE(L31,M31) -> 120.5 | AN31: 325 | AP31: =AVERAGE(AN31,AO31) -> 325 | AR31: 279 | AS31: 334 | AT31: =AVERAGE(AR31,AS31) -> 306.5 | AV31: 212 | AX31: =AVERAGE(AV31,AW31) -> 212
A32: 42 | B32: =+B33-7 -> 35723 | C32: 35721 | D32: 174 | E32: 264 | F32: =AVERAGE(D32,E32) -> 219 | H32: 140 | I32: 225 | J32: =AVERAGE(H32,I32) -> 182.5 | L32: 100 | M32: 152 | N32: =AVERAGE(L32,M32) -> 126 | AN32: 241 | AP32: =AVERAGE(AN32,AO32) -> 241 | AR32: 229 | AS32: 280 | AT32: =AVERAGE(AR32,AS32) -> 254.5 | AV32: 177 | AW32: 273 | AX32: =AVERAGE(AV32,AW32) -> 225
A33: 43 | B33: =+B34-7 -> 35730 | C33: 35728 | D33: 129 | E33: 214 | F33: =AVERAGE(D33,E33) -> 171.5 | H33: 109 | I33: 181 | J33: =AVERAGE(H33,I33) -> 145 | L33: 51 | M33: 115 | N33: =AVERAGE(L33,M33) -> 83 | P33: -21 | Q33: 35 | R33: =AVERAGE(P33,Q33) -> 7 | AR33: 151 | AS33: 219 | AT33: =AVERAGE(AR33,AS33) -> 185 | AV33: 123 | AW33: 198 | AX33: =AVERAGE(AV33,AW33) -> 160.5
A34: 44 | B34: =+B35-7 -> 35737 | C34: 35735 | D34: 112 | E34: 167 | F34: =AVERAGE(D34,E34) -> 139.5 | H34: 81 | I34: 143 | J34: =AVERAGE(H34,I34) -> 112 | L34: 56 | M34: 108 | N34: =AVERAGE(L34,M34) -> 82 | P34: -36 | Q34: 13 | R34: =AVERAGE(P34,Q34) -> -11.5 | AR34: 115 | AS34: 160 | AT34: =AVERAGE(AR34,AS34) -> 137.5 | AV34: 92 | AW34: 165 | AX34: =AVERAGE(AV34,AW34) -> 128.5
A35: 45 | B35: =+B36-7 -> 35744 | C35: 35742 | D35: 64 | E35: 172 | F35: =AVERAGE(D35,E35) -> 118 | H35: 64 | I35: 146 | J35: =AVERAGE(H35,I35) -> 105 | L35: 43 | M35: 98 | N35: =AVERAGE(L35,M35) -> 70.5 | P35: -20 | Q35: 19 | R35: =AVERAGE(P35,Q35) -> -0.5 | AR35: 69 | AS35: 205 | AT35: =AVERAGE(AR35,AS35) -> 137 | AV35: 44 | AW35: 162 | AX35: =AVERAGE(AV35,AW35) -> 103
A36: 46 | B36: =+B37-7 -> 35751 | C36: 35749 | D36: 41 | E36: 172 | F36: =AVERAGE(D36,E36) -> 106.5 | H36: 36 | I36: 153 | J36: =AVERAGE(H36,I36) -> 94.5 | L36: 28 | M36: 90 | N36: =AVERAGE(L36,M36) -> 59 | P36: -71 | Q36: 21 | R36: =AVERAGE(P36,Q36) -> -25 | AR36: 83 | AT36: =AVERAGE(AR36,AS36) -> 83 | AV36: 35 | AW36: 175 | AX36: =AVERAGE(AV36,AW36) -> 105
A37: 47 | B37: =+B38-7 -> 35758 | C37: 35756 | D37: 58 | E37: 181 | F37: =AVERAGE(D37,E37) -> 119.5 | H37: 33 | I37: 151 | J37: =AVERAGE(H37,I37) -> 92 | L37: 28 | M37: 100 | N37: =AVERAGE(L37,M37) -> 64 | P37: -83 | Q37: 21 | R37: =AVERAGE(P37,Q37) -> -31 | T37: -89 | U37: 19 | V37: =AVERAGE(T37,U37) -> -35 | AV37: 63 | AW37: 205 | AX37: =AVERAGE(AV37,AW37) -> 134
A38: 48 | B38: =+B39-7 -> 35765 | C38: 35763
A39: 49 | B39: =+B40-7 -> 35772 | C39: 35770 | D39: 7 | E39: 75 | F39: =AVERAGE(D39,E39) -> 41 | H39: 6 | I39: 63 | J39: =AVERAGE(H39,I39) -> 34.5 | L39: 4 | M39: 46 | N39: =AVERAGE(L39,M39) -> 25 | P39: -70 | Q39: 25 | R39: =AVERAGE(P39,Q39) -> -22.5 | T39: -51 | U39: 27 | V39: =AVERAGE(T39,U39) -> -12 | AV39: 17 | AW39: 100 | AX39: =AVERAGE(AV39,AW39) -> 58.5
A40: 50 | B40: =+B41-7 -> 35779 | C40: 35777 | D40: -48 | E40: 38 | F40: =AVERAGE(D40,E40) -> -5 | H40: -75 | I40: 35 | J40: =AVERAGE(H40,I40) -> -20 | L40: -75 | M40: 19 | N40: =AVERAGE(L40,M40) -> -28 | P40: -78 | Q40: 10 | R40: =AVERAGE(P40,Q40) -> -34 | T40: -83 | U40: 8 | V40: =AVERAGE(T40,U40) -> -37.5 | AV40: -84 | AX40: =AVERAGE(AV40,AW40) -> -84
A41: 51 | B41: =+B42-7 -> 35786 | C41: 35784 | D41: -167 | E41: -25 | F41: =AVERAGE(D41,E41) -> -96 | H41: -155 | I41: -43 | J41: =AVERAGE(H41,I41) -> -99 | L41: -154 | M41: -46 | N41: =AVERAGE(L41,M41) -> -100 | P41: -124 | Q41: -54 | R41: =AVERAGE(P41,Q41) -> -89 | T41: -99 | U41: -57 | V41: =AVERAGE(T41,U41) -> -78 | X41: -72 | Y41: -39 | Z41: =AVERAGE(X41,Y41) -> -55.5
A42: 52 | B42: =+B43-7 -> 35793 | C42: 35791
A43: 1 | B43: =+B44-7 -> 35800 | C43: 35798 | D43: -203 | F43: =AVERAGE(D43,E43) -> -203 | H43: -160 | I43: -17 | J43: =AVERAGE(H43,I43) -> -88.5 | L43: -175 | M43: -25 | N43: =AVERAGE(L43,M43) -> -100 | P43: -77 | Q43: -29 | R43: =AVERAGE(P43,Q43) -> -53 | T43: -89 | U43: -29 | V43: =AVERAGE(T43,U43) -> -59 | X43: -70 | Y43: -21 | Z43: =AVERAGE(X43,Y43) -> -45.5
A44: 2 | B44: =+B45-7 -> 35807 | C44: 35805 | D44: -269 | E44: -75 | F44: =AVERAGE(D44,E44) -> -172 | H44: -210 | I44: -61 | J44: =AVERAGE(H44,I44) -> -135.5 | L44: -184 | M44: -61 | N44: =AVERAGE(L44,M44) -> -122.5 | P44: -114 | Q44: -50 | R44: =AVERAGE(P44,Q44) -> -82 | T44: -104 | U44: -50 | V44: =AVERAGE(T44,U44) -> -77 | X44: -67 | Y44: -18 | Z44: =AVERAGE(X44,Y44) -> -42.5
A45: =+A44+1 -> 3 | B45: =+B46-7 -> 35814 | C45: 35812 | D45: -280 | E45: -83 | F45: =AVERAGE(D45,E45) -> -181.5 | H45: -235 | I45: -96 | J45: =AVERAGE(H45,I45) -> -165.5 | L45: -165 | M45: -77 | N45: =AVERAGE(L45,M45) -> -121 | P45: -125 | Q45: -61 | R45: =AVERAGE(P45,Q45) -> -93 | T45: -113 | U45: -61 | V45: =AVERAGE(T45,U45) -> -87 | X45: -63 | Y45: -23 | Z45: =AVERAGE(X45,Y45) -> -43
A46: =+A45+1 -> 4 | B46: =+B47-7 -> 35821 | C46: 35819 | H46: -246 | I46: -39 | J46: =AVERAGE(H46,I46) -> -142.5 | L46: -168 | M46: -53 | N46: =AVERAGE(L46,M46) -> -110.5 | P46: -125 | Q46: -59 | R46: =AVERAGE(P46,Q46) -> -92 | T46: -125 | U46: -59 | V46: =AVERAGE(T46,U46) -> -92 | X46: -81 | Y46: -28 | Z46: =AVERAGE(X46,Y46) -> -54.5 | AB46: -29 | AC46: 4 | AD46: =AVERAGE(AB46,AC46) -> -12.5
A47: =+A46+1 -> 5 | B47: =+B48-7 -> 35828 | C47: 35826 | H47: -274 | I47: -63 | J47: =AVERAGE(H47,I47) -> -168.5 | L47: -249 | M47: -73 | N47: =AVERAGE(L47,M47) -> -161 | P47: -164 | Q47: -78 | R47: =AVERAGE(P47,Q47) -> -121 | T47: -157 | U47: -78 | V47: =AVERAGE(T47,U47) -> -117.5 | X47: -96 | Y47: -63 | Z47: =AVERAGE(X47,Y47) -> -79.5 | AB47: -58 | AC47: -19 | AD47: =AVERAGE(AB47,AC47) -> -38.5
A48: =+A47+1 -> 6 | B48: =+B49-7 -> 35835 | C48: 35833 | H48: -289 | I48: -165 | J48: =AVERAGE(H48,I48) -> -227 | L48: -272 | M48: -144 | N48: =AVERAGE(L48,M48) -> -208 | P48: -219 | Q48: -113 | R48: =AVERAGE(P48,Q48) -> -166 | T48: -198 | U48: -121 | V48: =AVERAGE(T48,U48) -> -159.5 | X48: -131 | Y48: -75 | Z48: =AVERAGE(X48,Y48) -> -103 | AB48: -73 | AC48: -33 | AD48: =AVERAGE(AB48,AC48) -> -53
A49: =+A48+1 -> 7 | B49: =+B50-7 -> 35842 | C49: 35840 | H49: -285 | I49: -150 | J49: =AVERAGE(H49,I49) -> -217.5 | L49: -266 | M49: -118 | N49: =AVERAGE(L49,M49) -> -192 | P49: -221 | Q49: -104 | R49: =AVERAGE(P49,Q49) -> -162.5 | T49: -205 | U49: -100 | V49: =AVERAGE(T49,U49) -> -152.5 | X49: -130 | Y49: -84 | Z49: =AVERAGE(X49,Y49) -> -107 | AB49: -91 | AC49: -57 | AD49: =AVERAGE(AB49,AC49) -> -74
A50: =+A49+1 -> 8 | B50: =+B51-7 -> 35849 | C50: 35847 | L50: -278 | M50: -139 | N50: =AVERAGE(L50,M50) -> -208.5 | P50: -231 | Q50: -121 | R50: =AVERAGE(P50,Q50) -> -176 | T50: -210 | U50: -121 | V50: =AVERAGE(T50,U50) -> -165.5 | X50: -133 | Y50: -80 | Z50: =AVERAGE(X50,Y50) -> -106.5 | AB50: -75 | AC50: -54 | AD50: =AVERAGE(AB50,AC50) -> -64.5 | AF50: -4 | AG50: 13 | AH50: =AVERAGE(AF50,AG50) -> 4.5
A51: =+A50+1 -> 9 | B51: =+B52-7 -> 35856 | C51: 35854 | L51: -278 | M51: -148 | N51: =AVERAGE(L51,M51) -> -213 | P51: -251 | Q51: -128 | R51: =AVERAGE(P51,Q51) -> -189.5 | T51: -225 | U51: -128 | V51: =AVERAGE(T51,U51) -> -176.5 | X51: -148 | Y51: -83 | Z51: =AVERAGE(X51,Y51) -> -115.5 | AB51: -73 | AC51: -45 | AD51: =AVERAGE(AB51,AC51) -> -59 | AF51: 3 | AG51: 4 | AH51: =AVERAGE(AF51,AG51) -> 3.5
A52: =+A51+1 -> 10 | B52: =+B53-7 -> 35863 | C52: 35861 | L52: -217 | M52: -75 | N52: =AVERAGE(L52,M52) -> -146 | P52: -191 | Q52: -79 | R52: =AVERAGE(P52,Q52) -> -135 | T52: -186 | U52: -77 | V52: =AVERAGE(T52,U52) -> -131.5 | X52: -109 | Y52: -50 | Z52: =AVERAGE(X52,Y52) -> -79.5 | AB52: -66 | AC52: -11 | AD52: =AVERAGE(AB52,AC52) -> -38.5 | AF52: 23 | AG52: 29 | AH52: =AVERAGE(AF52,AG52) -> 26
A53: =+A52+1 -> 11 | B53: =+B54-7 -> 35870 | C53: 35868 | L53: -111 | N53: =AVERAGE(L53,M53) -> -111 | P53: -96 | Q53: 11 | R53: =AVERAGE(P53,Q53) -> -42.5 | T53: -99 | U53: 19 | V53: =AVERAGE(T53,U53) -> -40 | X53: -54 | Y53: 27 | Z53: =AVERAGE(X53,Y53) -> -13.5 | AB53: -29 | AC53: 71 | AD53: =AVERAGE(AB53,AC53) -> 21 | AF53: 85 | AG53: 98 | AH53: =AVERAGE(AF53,AG53) -> 91.5
A54: =+A53+1 -> 12 | B54: =+B55-7 -> 35877 | C54: 35875 | P54: -130 | Q54: 44 | R54: =AVERAGE(P54,Q54) -> -43 | T54: -129 | U54: 31 | V54: =AVERAGE(T54,U54) -> -49 | X54: -81 | Y54: 36 | Z54: =AVERAGE(X54,Y54) -> -22.5 | AB54: -33 | AC54: 69 | AD54: =AVERAGE(AB54,AC54) -> 18 | AF54: 79 | AG54: 90 | AH54: =AVERAGE(AF54,AG54) -> 84.5 | AJ54: 122 | AK54: 126 | AL54: =AVERAGE(AJ54,AK54) -> 124
A55: =+A54+1 -> 13 | B55: =+B56-7 -> 35884 | C55: 35882 | P55: -133 | Q55: 45 | R55: =AVERAGE(P55,Q55) -> -44 | T55: -123 | U55: 33 | V55: =AVERAGE(T55,U55) -> -45 | X55: -60 | Y55: 61 | Z55: =AVERAGE(X55,Y55) -> 0.5 | AB55: -21 | AC55: 96 | AD55: =AVERAGE(AB55,AC55) -> 37.5 | AF55: 82 | AG55: 110 | AH55: =AVERAGE(AF55,AG55) -> 96 | AJ55: 139 | AK55: 136 | AL55: =AVERAGE(AJ55,AK55) -> 137.5
A56: =+A55+1 -> 14 | B56: =+B57-7 -> 35891 | C56: 35889 | P56: -169 | Q56: 21 | R56: =AVERAGE(P56,Q56) -> -74 | T56: -158 | U56: 24 | V56: =AVERAGE(T56,U56) -> -67 | X56: -79 | Y56: 55 | Z56: =AVERAGE(X56,Y56) -> -12 | AB56: -40 | AC56: 83 | AD56: =AVERAGE(AB56,AC56) -> 21.5 | AF56: 54 | AG56: 98 | AH56: =AVERAGE(AF56,AG56) -> 76 | AJ56: 126 | AK56: 142 | AL56: =AVERAGE(AJ56,AK56) -> 134
A57: =+A56+1 -> 15 | B57: =+B58-7 -> 35898 | C57: 35896 | P57: -259 | Q57: 50 | R57: =AVERAGE(P57,Q57) -> -104.5 | T57: -226 | U57: 7 | V57: =AVERAGE(T57,U57) -> -109.5 | X57: -135 | Y57: 50 | Z57: =AVERAGE(X57,Y57) -> -42.5 | AB57: -56 | AC57: 74 | AD57: =AVERAGE(AB57,AC57) -> 9 | AF57: 38 | AG57: 90 | AH57: =AVERAGE(AF57,AG57) -> 64 | AJ57: 99 | AK57: 124 | AL57: =AVERAGE(AJ57,AK57) -> 111.5
A58: =+A57+1 -> 16 | B58: =+B59-7 -> 35905 | C58: 35903 | T58: -208 | U58: 20 | V58: =AVERAGE(T58,U58) -> -94 | X58: -150 | Y58: 54 | Z58: =AVERAGE(X58,Y58) -> -48 | AB58: -54 | AC58: 92 | AD58: =AVERAGE(AB58,AC58) -> 19 | AF58: 43 | AG58: 105 | AH58: =AVERAGE(AF58,AG58) -> 74 | AJ58: 109 | AK58: 128 | AL58: =AVERAGE(AJ58,AK58) -> 118.5 | AN58: 187 | AO58: 198 | AP58: =AVERAGE(AN58,AO58) -> 192.5
A59: =+A58+1 -> 17 | B59: =+B60-7 -> 35912 | C59: 35910 | T59: -216 | U59: -16 | V59: =AVERAGE(T59,U59) -> -116 | X59: -158 | Y59: 37 | Z59: =AVERAGE(X59,Y59) -> -60.5 | AB59: -56 | AC59: 89 | AD59: =AVERAGE(AB59,AC59) -> 16.5 | AF59: 28 | AG59: 104 | AH59: =AVERAGE(AF59,AG59) -> 66 | AJ59: 101 | AK59: 138 | AL59: =AVERAGE(AJ59,AK59) -> 119.5 | AN59: 187 | AO59: 206 | AP59: =AVERAGE(AN59,AO59) -> 196.5
A60: =+A59+1 -> 18 | B60: =+B61-7 -> 35919 | C60: 35917 | T60: -181 | U60: -11 | V60: =AVERAGE(T60,U60) -> -96 | X60: -116 | Y60: 47 | Z60: =AVERAGE(X60,Y60) -> -34.5 | AB60: -26 | AC60: 90 | AD60: =AVERAGE(AB60,AC60) -> 32 | AF60: 45 | AG60: 109 | AH60: =AVERAGE(AF60,AG60) -> 77 | AJ60: 132 | AK60: 142 | AL60: =AVERAGE(AJ60,AK60) -> 137 | AN60: 191 | AO60: 209 | AP60: =AVERAGE(AN60,AO60) -> 200
A61: =+A60+1 -> 19 | B61: =+B62-7 -> 35926 | C61: 35924 | T61: -147 | U61: -33 | V61: =AVERAGE(T61,U61) -> -90 | X61: -90 | Y61: 21 | Z61: =AVERAGE(X61,Y61) -> -34.5 | AB61: -11 | AC61: 68 | AD61: =AVERAGE(AB61,AC61) -> 28.5 | AF61: 71 | AG61: 106 | AH61: =AVERAGE(AF61,AG61) -> 88.5 | AJ61: 153 | AK61: 145 | AL61: =AVERAGE(AJ61,AK61) -> 149 | AN61: 215 | AO61: 210 | AP61: =AVERAGE(AN61,AO61) -> 212.5
A62: =+A61+1 -> 20 | B62: =+B63-7 -> 35933 | C62: 35931 | X62: -47 | Y62: 19 | Z62: =AVERAGE(X62,Y62) -> -14 | AB62: -5 | AC62: 78 | AD62: =AVERAGE(AB62,AC62) -> 36.5 | AF62: 68 | AG62: 109 | AH62: =AVERAGE(AF62,AG62) -> 88.5 | AJ62: 153 | AK62: 155 | AL62: =AVERAGE(AJ62,AK62) -> 154 | AN62: 208 | AO62: 213 | AP62: =AVERAGE(AN62,AO62) -> 210.5 | AR62: 211 | AS62: 213 | AT62: =AVERAGE(AR62,AS62) -> 212
A63: =+A62+1 -> 21 | B63: =+B64-7 -> 35940 | C63: 35938 | X63: -10 | Y63: 13 | Z63: =AVERAGE(X63,Y63) -> 1.5 | AB63: 38 | AC63: 103 | AD63: =AVERAGE(AB63,AC63) -> 70.5 | AF63: 86 | AG63: 122 | AH63: =AVERAGE(AF63,AG63) -> 104 | AJ63: 187 | AK63: 157 | AL63: =AVERAGE(AJ63,AK63) -> 172 | AN63: 213 | AO63: 220 | AP63: =AVERAGE(AN63,AO63) -> 216.5 | AR63: 212 | AS63: 217 | AT63: =AVERAGE(AR63,AS63) -> 214.5
A64: =+A63+1 -> 22 | B64: =+B65-7 -> 35947 | C64: 35945 | X64: -33 | Y64: 34 | Z64: =AVERAGE(X64,Y64) -> 0.5 | AB64: 18 | AC64: 105 | AD64: =AVERAGE(AB64,AC64) -> 61.5 | AF64: 81 | AG64: 121 | AH64: =AVERAGE(AF64,AG64) -> 101 | AJ64: 186 | AK64: 158 | AL64: =AVERAGE(AJ64,AK64) -> 172 | AN64: 228 | AO64: 221 | AP64: =AVERAGE(AN64,AO64) -> 224.5 | AR64: 218 | AS64: 218 | AT64: =AVERAGE(AR64,AS64) -> 218
A65: =+A64+1 -> 23 | B65: =+B66-7 -> 35954 | C65: 35952 | X65: -41 | Y65: 1 | Z65: =AVERAGE(X65,Y65) -> -20 | AB65: 3 | AC65: 72 | AD65: =AVERAGE(AB65,AC65) -> 37.5 | AF65: 51 | AG65: 88 | AH65: =AVERAGE(AF65,AG65) -> 69.5 | AJ65: 143 | AK65: 127 | AL65: =AVERAGE(AJ65,AK65) -> 135 | AN65: 175 | AO65: 184 | AP65: =AVERAGE(AN65,AO65) -> 179.5 | AR65: 175 | AS65: 185 | AT65: =AVERAGE(AR65,AS65) -> 180
A66: =+A65+1 -> 24 | B66: =+B67-7 -> 35961 | C66: 35959 | X66: -58 | Y66: 0 | Z66: =AVERAGE(X66,Y66) -> -29 | AB66: -15 | AC66: 40 | AD66: =AVERAGE(AB66,AC66) -> 12.5 | AF66: 27 | AG66: 75 | AH66: =AVERAGE(AF66,AG66) -> 51 | AJ66: 130 | AK66: 127 | AL66: =AVERAGE(AJ66,AK66) -> 128.5 | AN66: 151 | AO66: 186 | AP66: =AVERAGE(AN66,AO66) -> 168.5 | AR66: 176 | AS66: 188 | AT66: =AVERAGE(AR66,AS66) -> 182
A67: =+A66+1 -> 25 | B67: =+B68-7 -> 35968 | C67: 35966 | AB67: -4 | AC67: 38 | AD67: =AVERAGE(AB67,AC67) -> 17 | AF67: 29 | AG67: 72 | AH67: =AVERAGE(AF67,AG67) -> 50.5 | AJ67: 108 | AK67: 125 | AL67: =AVERAGE(AJ67,AK67) -> 116.5 | AN67: 153 | AO67: 103 | AP67: =AVERAGE(AN67,AO67) -> 128 | AR67: 155 | AS67: 175 | AT67: =AVERAGE(AR67,AS67) -> 165 | AV67: 90 | AW67: 63 | AX67: =AVERAGE(AV67,AW67) -> 76.5
A68: =+A67+1 -> 26 | B68: =+B69-7 -> 35975 | C68: 35973 | AB68: -15 | AC68: 46 | AD68: =AVERAGE(AB68,AC68) -> 15.5 | AF68: 24 | AG68: 99 | AH68: =AVERAGE(AF68,AG68) -> 61.5 | AJ68: 108 | AK68: 128 | AL68: =AVERAGE(AJ68,AK68) -> 118 | AN68: 152 | AO68: 106 | AP68: =AVERAGE(AN68,AO68) -> 129 | AR68: 154 | AS68: 188 | AT68: =AVERAGE(AR68,AS68) -> 171 | AV68: 89 | AW68: 79 | AX68: =AVERAGE(AV68,AW68) -> 84
A69: =+A68+1 -> 27 | B69: =+B70-7 -> 35982 | C69: 35980 | AB69: 7 | AC69: 96 | AD69: =AVERAGE(AB69,AC69) -> 51.5 | AF69: 51 | AG69: 109 | AH69: =AVERAGE(AF69,AG69) -> 80 | AJ69: 116 | AK69: 126 | AL69: =AVERAGE(AJ69,AK69) -> 121 | AN69: 163 | AO69: 145 | AP69: =AVERAGE(AN69,AO69) -> 154 | AR69: 162 | AS69: 198 | AT69: =AVERAGE(AR69,AS69) -> 180 | AV69: 123 | AW69: 91 | AX69: =AVERAGE(AV69,AW69) -> 107
A70: =+A69+1 -> 28 | B70: =+B71-7 -> 35989 | C70: 35987 | AB70: 46 | AC70: 120 | AD70: =AVERAGE(AB70,AC70) -> 83 | AF70: 60 | AG70: 133 | AH70: =AVERAGE(AF70,AG70) -> 96.5 | AJ70: 142 | AK70: 170 | AL70: =AVERAGE(AJ70,AK70) -> 156 | AN70: 177 | AO70: 156 | AP70: =AVERAGE(AN70,AO70) -> 166.5 | AR70: 173 | AS70: 214 | AT70: =AVERAGE(AR70,AS70) -> 193.5 | AV70: 125 | AW70: 164 | AX70: =AVERAGE(AV70,AW70) -> 144.5
A71: =+A70+1 -> 29 | B71: =+B72-7 -> 35996 | C71: 35994 | D71: 28 | E71: 24 | F71: =AVERAGE(D71,E71) -> 26 | AF71: 126 | AG71: 164 | AH71: =AVERAGE(AF71,AG71) -> 145 | AJ71: 164 | AK71: 167 | AL71: =AVERAGE(AJ71,AK71) -> 165.5 | AN71: 196 | AO71: 173 | AP71: =AVERAGE(AN71,AO71) -> 184.5 | AR71: 184 | AS71: 166 | AT71: =AVERAGE(AR71,AS71) -> 175 | AV71: 122 | AW71: 174 | AX71: =AVERAGE(AV71,AW71) -> 148
A72: =+A71+1 -> 30 | B72: =+B73-7 -> 36003 | C72: 36001 | D72: 39 | E72: 24 | F72: =AVERAGE(D72,E72) -> 31.5 | AF72: 132 | AG72: 176 | AH72: =AVERAGE(AF72,AG72) -> 154 | AJ72: 158 | AK72: 208 | AL72: =AVERAGE(AJ72,AK72) -> 183 | AN72: 190 | AO72: 236 | AP72: =AVERAGE(AN72,AO72) -> 213 | AR72: 172 | AS72: 161 | AT72: =AVERAGE(AR72,AS72) -> 166.5 | AV72: 117 | AW72: 184 | AX72: =AVERAGE(AV72,AW72) -> 150.5
A73: =+A72+1 -> 31 | B73: =+B74-7 -> 36010 | C73: 36008 | D73: 40 | E73: 30 | F73: =AVERAGE(D73,E73) -> 35 | AF73: 159 | AG73: 183 | AH73: =AVERAGE(AF73,AG73) -> 171 | AJ73: 177 | AK73: 238 | AL73: =AVERAGE(AJ73,AK73) -> 207.5 | AN73: 190 | AO73: 221 | AP73: =AVERAGE(AN73,AO73) -> 205.5 | AR73: 166 | AS73: 166 | AT73: =AVERAGE(AR73,AS73) -> 166 | AV73: 113 | AW73: 195 | AX73: =AVERAGE(AV73,AW73) -> 154
A74: =+A73+1 -> 32 | B74: =+B75-7 -> 36017 | C74: 36015 | D74: 29 | E74: 30 | F74: =AVERAGE(D74,E74) -> 29.5 | AF74: 68 | AG74: 261 | AH74: =AVERAGE(AF74,AG74) -> 164.5 | AJ74: 120 | AK74: 246 | AL74: =AVERAGE(AJ74,AK74) -> 183 | AN74: 163 | AO74: 266 | AP74: =AVERAGE(AN74,AO74) -> 214.5 | AR74: 141 | AS74: 216 | AT74: =AVERAGE(AR74,AS74) -> 178.5 | AV74: 81 | AW74: 193 | AX74: =AVERAGE(AV74,AW74) -> 137
A75: =+A74+1 -> 33 | B75: =+B76-7 -> 36024 | C75: 36022 | D75: 4 | E75: 41 | F75: =AVERAGE(D75,E75) -> 22.5 | AF75: -4 | AG75: 29 | AH75: =AVERAGE(AF75,AG75) -> 12.5 | AJ75: 45 | AK75: 151 | AL75: =AVERAGE(AJ75,AK75) -> 98 | AN75: 118 | AO75: 196 | AP75: =AVERAGE(AN75,AO75) -> 157 | AR75: 67 | AS75: 152 | AT75: =AVERAGE(AR75,AS75) -> 109.5 | AV75: 10 | AW75: 86 | AX75: =AVERAGE(AV75,AW75) -> 48
A76: =+A75+1 -> 34 | B76: =+B77-7 -> 36031 | C76: 36029 | D76: -9 | E76: 25 | F76: =AVERAGE(D76,E76) -> 8 | H76: -24 | I76: 27 | J76: =AVERAGE(H76,I76) -> 1.5 | AJ76: 49 | AK76: 110 | AL76: =AVERAGE(AJ76,AK76) -> 79.5 | AN76: 123 | AO76: 179 | AP76: =AVERAGE(AN76,AO76) -> 151 | AR76: 87 | AS76: 177 | AT76: =AVERAGE(AR76,AS76) -> 132 | AV76: 23 | AW76: 69 | AX76: =AVERAGE(AV76,AW76) -> 46
A77: =+A76+1 -> 35 | B77: =+B78-7 -> 36038 | C77: 36036 | D77: 7 | E77: 50 | F77: =AVERAGE(D77,E77) -> 28.5 | H77: -16 | I77: 35 | J77: =AVERAGE(H77,I77) -> 9.5 | AJ77: 52 | AK77: 222 | AL77: =AVERAGE(AJ77,AK77) -> 137 | AN77: 138 | AO77: 269 | AP77: =AVERAGE(AN77,AO77) -> 203.5 | AR77: 99 | AS77: 221 | AT77: =AVERAGE(AR77,AS77) -> 160 | AV77: 41 | AW77: 102 | AX77: =AVERAGE(AV77,AW77) -> 71.5
A78: =+A77+1 -> 36 | B78: =+B79-7 -> 36045 | C78: 36043 | D78: -9 | E78: 36 | F78: =AVERAGE(D78,E78) -> 13.5 | H78: -24 | I78: 25 | J78: =AVERAGE(H78,I78) -> 0.5 | AJ78: 34 | AK78: 158 | AL78: =AVERAGE(AJ78,AK78) -> 96 | AN78: 102 | AO78: 232 | AP78: =AVERAGE(AN78,AO78) -> 167 | AR78: 56 | AS78: 157 | AT78: =AVERAGE(AR78,AS78) -> 106.5 | AV78: -5 | AW78: 59 | AX78: =AVERAGE(AV78,AW78) -> 27
A79: =+A78+1 -> 37 | B79: =+B80-7 -> 36052 | C79: 36050 | D79: -9 | E79: 36 | F79: =AVERAGE(D79,E79) -> 13.5 | H79: -24 | I79: 25 | J79: =AVERAGE(H79,I79) -> 0.5 | AJ79: 34 | AK79: 158 | AL79: =AVERAGE(AJ79,AK79) -> 96 | AN79: 102 | AO79: 232 | AP79: =AVERAGE(AN79,AO79) -> 167 | AR79: 56 | AS79: 157 | AT79: =AVERAGE(AR79,AS79) -> 106.5 | AV79: -5 | AW79: 59 | AX79: =AVERAGE(AV79,AW79) -> 27
A80: =+A79+1 -> 38 | B80: =+B81-7 -> 36059 | C80: 36057 | D80: -60 | E80: 4 | F80: =AVERAGE(D80,E80) -> -28 | H80: -64 | I80: 8 | J80: =AVERAGE(H80,I80) -> -28 | L80: -59 | M80: 9 | N80: =AVERAGE(L80,M80) -> -25 | AN80: 57 | AO80: 155 | AP80: =AVERAGE(AN80,AO80) -> 106 | AR80: -12 | AS80: 29 | AT80: =AVERAGE(AR80,AS80) -> 8.5 | AV80: -48 | AW80: 6 | AX80: =AVERAGE(AV80,AW80) -> -21
A81: =+A80+1 -> 39 | B81: =+B82-7 -> 36066 | C81: 36064 | D81: -28 | E81: 6 | F81: =AVERAGE(D81,E81) -> -11 | H81: -44 | I81: 11 | J81: =AVERAGE(H81,I81) -> -16.5 | L81: -39 | M81: 15 | N81: =AVERAGE(L81,M81) -> -12 | AN81: 120 | AO81: 179 | AP81: =AVERAGE(AN81,AO81) -> 149.5 | AR81: 33 | AS81: 52 | AT81: =AVERAGE(AR81,AS81) -> 42.5 | AV81: -14 | AW81: 14 | AX81: =AVERAGE(AV81,AW81) -> 0
A82: =+A81+1 -> 40 | B82: =+B83-7 -> 36073 | C82: 36071 | D82: -7 | E82: 9 | F82: =AVERAGE(D82,E82) -> 1 | H82: -25 | I82: 9 | J82: =AVERAGE(H82,I82) -> -8 | L82: -20 | M82: 13 | N82: =AVERAGE(L82,M82) -> -3.5 | AN82: 170 | AO82: 181 | AP82: =AVERAGE(AN82,AO82) -> 175.5 | AR82: 63 | AS82: 82 | AT82: =AVERAGE(AR82,AS82) -> 72.5 | AV82: 10 | AW82: 18 | AX82: =AVERAGE(AV82,AW82) -> 14
A83: =+A82+1 -> 41 | B83: =+B84-7 -> 36080 | C83: 36078 | D83: -6 | E83: 7 | F83: =AVERAGE(D83,E83) -> 0.5 | I83: 9 | J83: =AVERAGE(H83,I83) -> 9 | L83: -10 | M83: 12 | N83: =AVERAGE(L83,M83) -> 1 | AN83: 181 | AO83: 21 | AP83: =AVERAGE(AN83,AO83) -> 101 | AR83: 88 | AS83: 61 | AT83: =AVERAGE(AR83,AS83) -> 74.5 | AV83: 17 | AW83: 13 | AX83: =AVERAGE(AV83,AW83) -> 15
A84: =+A83+1 -> 42 | B84: =+B85-7 -> 36087 | C84: 36085 | E84: 15 | F84: =AVERAGE(D84,E84) -> 15 | H84: -11 | I84: 11 | J84: =AVERAGE(H84,I84) -> 0 | L84: -23 | M84: 15 | N84: =AVERAGE(L84,M84) -> -4 | P84: -26 | R84: =AVERAGE(P84,Q84) -> -26 | AR84: 92 | AS84: 16 | AT84: =AVERAGE(AR84,AS84) -> 54 | AV84: 23 | AW84: 7 | AX84: =AVERAGE(AV84,AW84) -> 15
A85: =+A84+1 -> 43 | B85: =+B86-7 -> 36094 | C85: 36092 | D85: -9 | E85: 9 | F85: =AVERAGE(D85,E85) -> 0 | H85: -19 | I85: 15 | J85: =AVERAGE(H85,I85) -> -2 | L85: -32 | M85: 11 | N85: =AVERAGE(L85,M85) -> -10.5 | P85: -37 | Q85: 3 | R85: =AVERAGE(P85,Q85) -> -17 | AR85: 55 | AS85: 28 | AT85: =AVERAGE(AR85,AS85) -> 41.5 | AV85: 15 | AX85: =AVERAGE(AV85,AW85) -> 15
A86: =+A85+1 -> 44 | B86: =+B87-7 -> 36101 | C86: 36099 | D86: -8 | E86: 13 | F86: =AVERAGE(D86,E86) -> 2.5 | H86: -16 | I86: 11 | J86: =AVERAGE(H86,I86) -> -2.5 | L86: -27 | M86: 11 | N86: =AVERAGE(L86,M86) -> -8 | P86: -48 | Q86: 4 | R86: =AVERAGE(P86,Q86) -> -22 | AR86: 30 | AS86: 18 | AT86: =AVERAGE(AR86,AS86) -> 24 | AV86: 0 | AW86: 7 | AX86: =AVERAGE(AV86,AW86) -> 3.5
A87: =+A86+1 -> 45 | B87: =+B88-7 -> 36108 | C87: 36106 | D87: -12 | E87: -1 | F87: =AVERAGE(D87,E87) -> -6.5 | H87: -21 | I87: 3 | J87: =AVERAGE(H87,I87) -> -9 | L87: -49 | M87: -1 | N87: =AVERAGE(L87,M87) -> -25 | P87: -67 | Q87: 2 | R87: =AVERAGE(P87,Q87) -> -32.5 | AV87: -1 | AW87: -4 | AX87: =AVERAGE(AV87,AW87) -> -2.5
A88: =+A87+1 -> 46 | B88: =+B89-7 -> 36115 | C88: 36113 | D88: -19 | E88: 1 | F88: =AVERAGE(D88,E88) -> -9 | H88: -20 | I88: 4 | J88: =AVERAGE(H88,I88) -> -8 | L88: -56 | M88: 1 | N88: =AVERAGE(L88,M88) -> -27.5 | P88: -45 | Q88: 3 | R88: =AVERAGE(P88,Q88) -> -21 | AS88: 13 | AT88: =AVERAGE(AR88,AS88) -> 13 | AV88: 2 | AW88: -2 | AX88: =AVERAGE(AV88,AW88) -> 0
A89: =+A88+1 -> 47 | B89: =+B90-7 -> 36122 | C89: 36120 | D89: -17 | E89: 9 | F89: =AVERAGE(D89,E89) -> -4 | H89: -26 | I89: 9 | J89: =AVERAGE(H89,I89) -> -8.5 | L89: -45 | M89: 8 | N89: =AVERAGE(L89,M89) -> -18.5 | P89: -43 | Q89: 1 | R89: =AVERAGE(P89,Q89) -> -21 | T89: -46 | V89: =AVERAGE(T89,U89) -> -46 | AW89: 8 | AX89: =AVERAGE(AV89,AW89) -> 8
A90: =+A89+1 -> 48 | B90: =+B91-7 -> 36129 | C90: 36127 | D90: -11 | E90: 6 | F90: =AVERAGE(D90,E90) -> -2.5 | H90: -19 | I90: 4 | J90: =AVERAGE(H90,I90) -> -7.5 | L90: -28 | M90: 3 | N90: =AVERAGE(L90,M90) -> -12.5 | P90: -16 | Q90: 1 | R90: =AVERAGE(P90,Q90) -> -7.5 | T90: -8 | V90: =AVERAGE(T90,U90) -> -8 | AW90: 7 | AX90: =AVERAGE(AV90,AW90) -> 7
A91: =+A90+1 -> 49 | B91: =+B92-7 -> 36136 | C91: 36134 | D91: -17 | E91: 9 | F91: =AVERAGE(D91,E91) -> -4 | H91: -37 | I91: 8 | J91: =AVERAGE(H91,I91) -> -14.5 | L91: -50 | M91: 1 | N91: =AVERAGE(L91,M91) -> -24.5 | P91: -43 | Q91: -4 | R91: =AVERAGE(P91,Q91) -> -23.5 | T91: -47 | U91: -4 | V91: =AVERAGE(T91,U91) -> -25.5 | AW91: 10 | AX91: =AVERAGE(AV91,AW91) -> 10
A92: =+A91+1 -> 50 | B92: =+B93-7 -> 36143 | C92: 36141 | D92: -23 | E92: 8 | F92: =AVERAGE(D92,E92) -> -7.5 | H92: -36 | I92: 7 | J92: =AVERAGE(H92,I92) -> -14.5 | L92: -42 | M92: 1 | N92: =AVERAGE(L92,M92) -> -20.5 | P92: -43 | Q92: -4 | R92: =AVERAGE(P92,Q92) -> -23.5 | T92: -31 | U92: -5 | V92: =AVERAGE(T92,U92) -> -18 | AW92: 6 | AX92: =AVERAGE(AV92,AW92) -> 6
A93: =+A92+1 -> 51 | B93: =+B94-7 -> 36150 | C93: 36148 | E93: -1 | F93: =AVERAGE(D93,E93) -> -1 | H93: -31 | I93: -4 | J93: =AVERAGE(H93,I93) -> -17.5 | L93: -32 | M93: -4 | N93: =AVERAGE(L93,M93) -> -18 | P93: -23 | Q93: -7 | R93: =AVERAGE(P93,Q93) -> -15 | T93: -26 | U93: -3 | V93: =AVERAGE(T93,U93) -> -14.5 | X93: -17 | Y93: 8 | Z93: =AVERAGE(X93,Y93) -> -4.5
A94: =+A93+1 -> 52 | B94: =+B95-7 -> 36157 | C94: 36155
A95: 1 | B95: =+B96-7 -> 36164 | C95: 36162 | E95: -1 | F95: =AVERAGE(D95,E95) -> -1 | H95: -31 | I95: -4 | J95: =AVERAGE(H95,I95) -> -17.5 | L95: -32 | M95: -4 | N95: =AVERAGE(L95,M95) -> -18
A96: =+A95+1 -> 2 | B96: =+B97-7-3 -> 36171 | C96: 36169 | D96: -58 | E96: 1 | F96: =AVERAGE(D96,E96) -> -28.5 | H96: -54 | I96: 1 | J96: =AVERAGE(H96,I96) -> -26.5 | L96: -54 | M96: -2 | N96: =AVERAGE(L96,M96) -> -28 | P96: -66 | Q96: -4 | R96: =AVERAGE(P96,Q96) -> -35 | T96: -74 | U96: -5 | V96: =AVERAGE(T96,U96) -> -39.5 | X96: -26 | Y96: 23 | Z96: =AVERAGE(X96,Y96) -> -1.5
A97: =+A96+1 -> 3 | B97: =+B98-7 -> 36181 | C97: 36176 | D97: -101 | E97: 0 | F97: =AVERAGE(D97,E97) -> -50.5 | H97: -84 | I97: -10 | J97: =AVERAGE(H97,I97) -> -47 | L97: -73 | M97: -6 | N97: =AVERAGE(L97,M97) -> -39.5 | P97: -78 | Q97: -4 | R97: =AVERAGE(P97,Q97) -> -41 | T97: -88 | U97: -4 | V97: =AVERAGE(T97,U97) -> -46 | X97: -20 | Y97: 31 | Z97: =AVERAGE(X97,Y97) -> 5.5
A98: =+A97+1 -> 4 | B98: =+B99-7 -> 36188 | C98: 36183 | D98: -85 | E98: -8 | F98: =AVERAGE(D98,E98) -> -46.5 | H98: -75 | I98: -9 | J98: =AVERAGE(H98,I98) -> -42 | L98: -76 | M98: -8 | N98: =AVERAGE(L98,M98) -> -42 | P98: -75 | Q98: -8 | R98: =AVERAGE(P98,Q98) -> -41.5 | T98: -16 | U98: 17 | V98: =AVERAGE(T98,U98) -> 0.5 | X98: 10 | Y98: 48 | Z98: =AVERAGE(X98,Y98) -> 29
A99: =+A98+1 -> 5 | B99: =+B100-7 -> 36195 | C99: 36190 | H99: -43 | I99: -1 | J99: =AVERAGE(H99,I99) -> -22 | L99: -50 | M99: -4 | N99: =AVERAGE(L99,M99) -> -27 | P99: -66 | Q99: -6 | R99: =AVERAGE(P99,Q99) -> -36 | T99: -65 | U99: -6 | V99: =AVERAGE(T99,U99) -> -35.5 | X99: -15 | Y99: 33 | Z99: =AVERAGE(X99,Y99) -> 9 | AB99: 21 | AC99: 55 | AD99: =AVERAGE(AB99,AC99) -> 38
A100: =+A99+1 -> 6 | B100: =+B101-7 -> 36202 | C100: 36197 | D100: -9 | F100: =AVERAGE(D100,E100) -> -9 | H100: -9 | I100: 2 | J100: =AVERAGE(H100,I100) -> -3.5 | L100: -21 | M100: 2 | N100: =AVERAGE(L100,M100) -> -9.5 | P100: -52 | Q100: -1 | R100: =AVERAGE(P100,Q100) -> -26.5 | T100: -50 | U100: 0 | V100: =AVERAGE(T100,U100) -> -25 | X100: -10 | Y100: 34 | Z100: =AVERAGE(X100,Y100) -> 12 | AB100: 34 | AC100: 54 | AD100: =AVERAGE(AB100,AC100) -> 44
...

Sheet Shuttle Bids
B1: Shuttle Bids for Secondary Rail Car Market ($) | P1: Shuttle Bids for Secondary Rail Car Market ($) | AB1: Shuttle Bids for Secondary Rail Car Market ($) | AN1: Shuttle Bids for Secondary Rail Car Market ($)
B2: Data Sources: Atwood/Conagra, Harvest States Coop, James B. Joiner Co., Tradewest Brokerage Co.
B3: Data taken from secondary_premiums_all database that was prepared by Upper Great Plains Transportation Institute
B4: Weeks having no reported activity are represented by blanks. Bids submitted at par value are represented by 0.
D5: (Occasionally, the data will not correspond to what was reported in the Grain Transportation Report)
B6: GTR | C6: Week | D6: Jan. | H6: Feb. | L6: Mar. | P6: Apr. | T6: May. | X6: Jun. | AB6: Jul. | AF6: Aug. | AJ6: Sep. | AN6: Oct. | AR6: Nov. | AV6: Dec.
A7: Week | B7: Date | C7: Ending | D7: BNSF-GF | E7: UP-Pool | F7: Avg. | H7: BNSF-GF | I7: UP-Pool | J7: Avg. | L7: BNSF-GF | M7: UP-Pool | N7: Avg. | P7: BNSF-GF | Q7: UP-Pool | R7: Avg. | T7: BNSF-GF | U7: UP-Pool | V7: Avg. | X7: BNSF-GF | Y7: UP-Pool | Z7: Avg. | AB7: BNSF-GF | AC7: UP-Pool | AD7: Avg. | AF7: BNSF-GF | AG7: UP-Pool | AH7: Avg. | AJ7: BNSF-GF | AK7: UP-Pool | AL7: Avg. | AN7: BNSF-GF | AO7: UP-Pool | AP7: Avg. | AR7: BNSF-GF | AS7: UP-Pool | AT7: Avg. | AV7: BNSF-GF | AW7: UP-Pool | AX7: Avg.
A8: 18 | B8: =+B9-7 -> 35558 | C8: 35553
A9: 19 | B9: =+B10-7 -> 35565 | C9: 35560
A10: 20 | B10: =+B11-7-1 -> 35572 | C10: 35567
A11: 21 | B11: =+B12-7+1 -> 35580 | C11: 35574
A12: 22 | B12: =+B13-7 -> 35586 | C12: 35581
A13: 23 | B13: =+B14-7 -> 35593 | C13: 35588
A14: 24 | B14: =+B15-7 -> 35600 | C14: 35595
A15: 25 | B15: =+B16-7 -> 35607 | C15: 35602
A16: 26 | B16: =+B17-7 -> 35614 | C16: 35609
A17: 27 | B17: =+B18-7 -> 35621 | C17: 35616
A18: 28 | B18: =+B19-7 -> 35628 | C18: 35623
A19: 29 | B19: =+B20-7 -> 35635 | C19: 35630
A20: 30 | B20: =+B21-7 -> 35642 | C20: 35637
A21: 31 | B21: =+B22-7 -> 35649 | C21: 35644
A22: 32 | B22: =+B23-7 -> 35656 | C22: 35651
A23: 33 | B23: =+B24-7 -> 35663 | C23: 35658
... A42: 52 | B42: =+B43-7 -> 35796 | C42: 35791
A43: 1 | B43: 35803 | C43: 35798
A44: 2 | B44: 35810 | C44: 35805
A45: =+A44+1 -> 3 | B45: 35817 | C45: 35812
A46: =+A45+1 -> 4 | B46: 35824 | C46: 35819
A47: =+A46+1 -> 5 | B47: 35831 | C47: 35826
A48: =+A47+1 -> 6 | B48: 35838 | C48: 35833
A49: =+A48+1 -> 7 | B49: 35845 | C49: 35840
A50: =+A49+1 -> 8 | B50: 35852 | C50: 35847
A51: =+A50+1 -> 9 | B51: 35859 | C51: 35854
A52: =+A51+1 -> 10 | B52: 35866 | C52: 35861
A53: =+A52+1 -> 11 | B53: 35873 | C53: 35868
A54: =+A53+1 -> 12 | B54: 35880 | C54: 35875
A55: =+A54+1 -> 13 | B55: 35887 | C55: 35882
A56: =+A55+1 -> 14 | B56: 35894 | C56: 35889
... A94: =+A93+1 -> 52 | B94: 36160 | C94: 36155
A95: 1 | B95: 36167 | C95: 36162
A96: =+A95+1 -> 2 | B96: 36174 | C96: 36169
A97: =+A96+1 -> 3 | B97: 36181 | C97: 36176
A98: =+A97+1 -> 4 | B98: 36188 | C98: 36183
A99: =+A98+1 -> 5 | B99: 36195 | C99: 36190
A100: =+A99+1 -> 6 | B100: 36202 | C100: 36197
A101: =+A100+1 -> 7 | B101: 36209 | C101: 36204
A102: =+A101+1 -> 8 | B102: 36216 | C102: 36211
A103: =+A102+1 -> 9 | B103: 36223 | C103: 36218
A104: =+A103+1 -> 10 | B104: 36230 | C104: 36225
A105: =+A104+1 -> 11 | B105: 36237 | C105: 36232
A106: =+A105+1 -> 12 | B106: 36244 | C106: 36239
A107: =+A106+1 -> 13 | B107: 36251 | C107: 36246
... A146: =+A145+1 -> 52 | B146: 36524 | C146: 36519
A147: 1 | B147: 36531 | C147: 36526
A148: =+A147+1 -> 2 | B148: 36538 | C148: 36533
A149: =+A148+1 -> 3 | B149: 36545 | C149: 36540
A150: =+A149+1 -> 4 | B150: 36552 | C150: 36547
A151: =+A150+1 -> 5 | B151: 36559 | C151: 36554
A152: =+A151+1 -> 6 | B152: 36566 | C152: 36561
A153: =+A152+1 -> 7 | B153: 36573 | C153: 36568
A154: =+A153+1 -> 8 | B154: 36580 | C154: 36575
A155: =+A154+1 -> 9 | B155: 36587 | C155: 36582
A156: =+A155+1 -> 10 | B156: 36594 | C156: 36589
A157: =+A156+1 -> 11 | B157: 36601 | C157: 36596
A158: =+A157+1 -> 12 | B158: 36608 | C158: 36603
A159: =+A158+1 -> 13 | B159: 36615 | C159: 36610
... A198: =+A197+1 -> 52 | B198: 36888 | C198: 36883
A199: 1 | B199: 36895 | C199: 36890
A200: =+A199+1 -> 2 | B200: 36902 | C200: 36897
A201: =+A200+1 -> 3 | B201: 36909 | C201: 36904
A202: =+A201+1 -> 4 | B202: 36916 | C202: 36911
A203: =+A202+1 -> 5 | B203: 36923 | C203: 36918
A204: =+A203+1 -> 6 | B204: 36930 | C204: 36925
A205: =+A204+1 -> 7 | B205: 36937 | C205: 36932
A206: =+A205+1 -> 8 | B206: 36944 | C206: 36939
A207: =+A206+1 -> 9 | B207: 36951 | C207: 36946
A208: =+A207+1 -> 10 | B208: 36958 | C208: 36953
A209: =+A208+1 -> 11 | B209: 36965 | C209: 36960
A210: =+A209+1 -> 12 | B210: 36972 | C210: 36967
A211: =+A210+1 -> 13 | B211: 36979 | C211: 36974
... A250: =+A249+1 -> 52 | B250: 37252 | C250: 37247
B251: 37259 | C251: 37254
A252: =+A251+1 -> 1 | B252: 37266 | C252: 37261
A253: =+A252+1 -> 2 | B253: 37273 | C253: 37268
A254: =+A253+1 -> 3 | B254: 37280 | C254: 37275
A255: =+A254+1 -> 4 | B255: 37287 | C255: 37282
A256: =+A255+1 -> 5 | B256: 37294 | C256: 37289
A257: =+A256+1 -> 6 | B257: 37301 | C257: 37296
A258: =+A257+1 -> 7 | B258: 37308 | C258: 37303
A259: =+A258+1 -> 8 | B259: 37315 | C259: 37310
A260: =+A259+1 -> 9 | B260: 37322 | C260: 37317
A261: =+A260+1 -> 10 | B261: 37329 | C261: 37324
A262: =+A261+1 -> 11 | B262: 37336 | C262: 37331
A263: =+A262+1 -> 12 | B263: 37343 | C263: 37338
... A303: =+A302+1 -> 52 | B303: 37623 | C303: 37618
A304: 1 | B304: 37630 | C304: 37623
A305: =+A304+1 -> 2 | B305: 37637 | C305: 37630
A306: =+A305+1 -> 3 | B306: 37644 | C306: 37637
A307: =+A306+1 -> 4 | B307: 37651 | C307: 37644
A308: =+A307+1 -> 5 | B308: 37658 | C308: 37651
...

Sheet New Fig. 4
A1: Figure 4
A2: Bids/Offers for Railcars to be Delivered in November 2014, Secondary Market
A19: Non-shuttle bids include unit-train and single-car bids. n/a = not available.
A20: Source: Transportation & Marketing Programs/AMS/USDA

Sheet New Fig. 5
A1: Figure 5
A2: Bids/Offers for Railcars to be Delivered in December 2014, Secondary Market
A19: Non-shuttle bids include unit-train and single-car bids. n/a = not available.
A20: Source: Transportation & Marketing Programs/AMS/USDA

Sheet New Fig. 6
A1: Figure 6
A2: Bids/Offers for Railcars to be Delivered in January 2015, Secondary Market
A19: Non-shuttle bids include unit-train and single-car bids. n/a = not available.
A20: Source: Transportation & Marketing Programs/AMS/USDA

Sheet Prior 3-yr.Avg for Week
A1: Prior 3-year averages for each week in a trading month | O1: Prior 3-year averages for each week in a trading month | AB1: Prior 3-year averages for each week in a trading month | AS1: Prior 3-year averages for each week in a trading month | BF1: Prior 3-year averages for each week in a trading month | BS1: Prior 3-year averages for each week in a trading month
B4: Non-Shuttle | O4: Non-Shuttle | AB4: Non-Shuttle | AS4: Shuttle | BF4: Shuttle | BS4: Shuttle
B5: For the Following Delivery Dates: | O5: For the Following Delivery Dates: | AB5: For the Following Delivery Dates: | AS5: For the Following Delivery Dates: | BF5: For the Following Delivery Dates: | BS5: For the Following Delivery Dates:
B6: Jan. 2012-14 | E6: Feb. 2012-14 | H6: Mar. 2012-14 | L6: Apr. 2012-14 | O6: May 2012-14 | R6: June 2012-14 | V6: Jul. 2012-14 | Y6: Aug. 2012-14 | AB6: Sep. 2012-14 | AF6: Oct. 2012-14 | AJ6: Nov. 2011-13 | AN6: Dec. 2011-13 | AS6: Jan. 2012-14 | AV6: Feb. 2012-14 | AY6: Mar. 2012-14 | BC6: Apr. 2012-14 | BF6: May. 2012-14 | BI6: Jun. 2012-14 | BM6: Jul. 2012-14 | BP6: Aug. 2012-14 | BS6: Sep. 2012-14 | BW6: Oct. 2012-14 | CA6: Nov. 2011-13 | CE6: Dec. 2011-13
A7: week # | B7: BNSF-GF | C7: UP-Pool | D7: Both | E7: BNSF-GF | F7: UP-Pool | G7: Both | H7: BNSF-GF | I7: UP-Pool | J7: Both | K7: week # | L7: BNSF-GF | M7: UP-Pool | N7: Both | O7: BNSF-GF | P7: UP-Pool | Q7: Both | R7: BNSF-GF | S7: UP-Pool | T7: Both | U7: week # | V7: BNSF-GF | W7: UP-Pool | X7: Both | Y7: BNSF-GF | Z7: UP-Pool | AA7: Both | AB7: BNSF-GF | AC7: UP-Pool | AD7: Both | AE7: week # | AF7: BNSF-GF | AG7: UP-Pool | AH7: Both | AI7: week # | AJ7: BNSF-GF | AK7: UP-Pool | AL7: Both | AM7: week # | AN7: BNSF-GF | AO7: UP-Pool | AP7: Both | AS7: BNSF-GF | AT7: UP-Pool | AU7: Both | AV7: BNSF-GF | AW7: UP-Pool | AX7: Both | AY7: BNSF-GF | AZ7: UP-Pool | BA7: Both | BB7: week # | BC7: BNSF-GF | BD7: UP-Pool | BE7: Both | BF7: BNSF-GF | BG7: UP-Pool | BH7: Both | BI7: BNSF-GF | BJ7: UP-Pool | BK7: Both | BL7: week # | BM7: BNSF-GF | BN7: UP-Pool | BO7: Both | BP7: BNSF-GF | BQ7: UP-Pool | BR7: Both | BS7: BNSF-GF | BT7: UP-Pool | BU7: Both | BV7: week # | BW7: BNSF-GF | BX7: UP-Pool | BY7: Both | BZ7: week # | CA7: BNSF-GF | CB7: UP-Pool | CC7: Both | CD7: week # | CE7: BNSF-GF | CF7: UP-Pool | CG7: Both
AM8: 21 | CD8: 21 | CE8: =AVERAGE('Shuttle Bids'!AV741,'Shuttle Bids'!AV845,'Shuttle Bids'!AV793) -> 0 | CG8: =AVERAGE('Shuttle Bids'!AX741,'Shuttle Bids'!AX845,'Shuttle Bids'!AX793) -> 0
AM9: 22 | CD9: 22 | CE9: =AVERAGE('Shuttle Bids'!AV742,'Shuttle Bids'!AV846,'Shuttle Bids'!AV794) -> 0 | CG9: =AVERAGE('Shuttle Bids'!AX742,'Shuttle Bids'!AX846,'Shuttle Bids'!AX794) -> 0
AE10: 12 | AM10: 23 | BV10: 12 | BW10: =AVERAGE('Shuttle Bids'!AN889,'Shuttle Bids'!AN837,'Shuttle Bids'!AN785) -> 550 | BX10: =AVERAGE('Shuttle Bids'!AO889,'Shuttle Bids'!AO837,'Shuttle Bids'!AO785) -> 800 | BY10: =AVERAGE('Shuttle Bids'!AP889,'Shuttle Bids'!AP837,'Shuttle Bids'!AP785) -> 716.66667 | CD10: 23
AE11: 13 | AI11: 17 | AM11: 24 | BV11: 13 | BX11: =AVERAGE('Shuttle Bids'!AO890,'Shuttle Bids'!AO838,'Shuttle Bids'!AO786) -> 825 | BY11: =AVERAGE('Shuttle Bids'!AP890,'Shuttle Bids'!AP838,'Shuttle Bids'!AP786) -> 825 | BZ11: 17 | CA11: =AVERAGE('Shuttle Bids'!AR737,'Shuttle Bids'!AR841,'Shuttle Bids'!AR789) -> 400 | CC11: =AVERAGE('Shuttle Bids'!AT737,'Shuttle Bids'!AT841,'Shuttle Bids'!AT789) -> 400 | CD11: 24
AE12: 14 | AI12: 18 | AM12: 25 | BV12: 14 | BX12: =AVERAGE('Shuttle Bids'!AO891,'Shuttle Bids'!AO839,'Shuttle Bids'!AO787) -> 1212.5 | BY12: =AVERAGE('Shuttle Bids'!AP891,'Shuttle Bids'!AP839,'Shuttle Bids'!AP787) -> 1212.5 | BZ12: 18 | CA12: =AVERAGE('Shuttle Bids'!AR738,'Shuttle Bids'!AR842,'Shuttle Bids'!AR790) -> 500 | CC12: =AVERAGE('Shuttle Bids'!AT738,'Shuttle Bids'!AT842,'Shuttle Bids'!AT790) -> 500 | CD12: 25
A13: 25 | AE13: 15 | AI13: 19 | AM13: 26 | AR13: 25 | BV13: 15 | BW13: =AVERAGE('Shuttle Bids'!AN892,'Shuttle Bids'!AN840,'Shuttle Bids'!AN788) -> 250 | BX13: =AVERAGE('Shuttle Bids'!AO892,'Shuttle Bids'!AO840,'Shuttle Bids'!AO788) -> 1226.5 | BY13: =AVERAGE('Shuttle Bids'!AP892,'Shuttle Bids'!AP840,'Shuttle Bids'!AP788) -> 1170.25 | BZ13: 19 | CA13: =AVERAGE('Shuttle Bids'!AR739,'Shuttle Bids'!AR843,'Shuttle Bids'!AR791) -> 600 | CC13: =AVERAGE('Shuttle Bids'!AT739,'Shuttle Bids'!AT843,'Shuttle Bids'!AT791) -> 600 | CD13: 26
A14: 26 | AE14: 16 | AI14: 20 | AM14: =+AM13+1 -> 27 | AR14: 26 | BV14: 16 | BW14: =AVERAGE('Shuttle Bids'!AN893,'Shuttle Bids'!AN841,'Shuttle Bids'!AN789) -> 200 | BX14: =AVERAGE('Shuttle Bids'!AO893,'Shuttle Bids'!AO841,'Shuttle Bids'!AO789) -> 1212.5 | BY14: =AVERAGE('Shuttle Bids'!AP893,'Shuttle Bids'!AP841,'Shuttle Bids'!AP789) -> 1143.75 | BZ14: 20 | CA14: =AVERAGE('Shuttle Bids'!AR740,'Shuttle Bids'!AR844,'Shuttle Bids'!AR792) -> 575 | CC14: =AVERAGE('Shuttle Bids'!AT740,'Shuttle Bids'!AT844,'Shuttle Bids'!AT792) -> 575 | CD14: =+CD13+1 -> 27
A15: =+A16-1 -> 27 | AE15: 17 | AG15: =AVERAGE('Non-shuttle Bids'!AO894,'Non-shuttle Bids'!AO842,'Non-shuttle Bids'!AO790) -> 93 | AH15: =AVERAGE('Non-shuttle Bids'!AP894,'Non-shuttle Bids'!AP842,'Non-shuttle Bids'!AP790) -> 93 | AI15: 21 | AM15: =+AM14+1 -> 28 | AN15: =AVERAGE('Non-shuttle Bids'!AV800,'Non-shuttle Bids'!AV852,'Non-shuttle Bids'!AV748) -> 200 | AP15: =AVERAGE('Non-shuttle Bids'!AX800,'Non-shuttle Bids'!AX852,'Non-shuttle Bids'!AX748) -> 200 | AR15: 27 | BV15: 17 | BW15: =AVERAGE('Shuttle Bids'!AN894,'Shuttle Bids'!AN842,'Shuttle Bids'!AN790) -> 500 | BX15: =AVERAGE('Shuttle Bids'!AO894,'Shuttle Bids'!AO842,'Shuttle Bids'!AO790) -> 500 | BY15: =AVERAGE('Shuttle Bids'!AP894,'Shuttle Bids'!AP842,'Shuttle Bids'!AP790) -> 500 | BZ15: 21 | CA15: =AVERAGE('Shuttle Bids'!AR741,'Shuttle Bids'!AR845,'Shuttle Bids'!AR793) -> 575 | CC15: =AVERAGE('Shuttle Bids'!AT741,'Shuttle Bids'!AT845,'Shuttle Bids'!AT793) -> 575 | CD15: =+CD14+1 -> 28
A16: =+A17-1 -> 28 | AE16: =+AE15+1 -> 18 | AG16: =AVERAGE('Non-shuttle Bids'!AO895,'Non-shuttle Bids'!AO843,'Non-shuttle Bids'!AO791) -> 93 | AH16: =AVERAGE('Non-shuttle Bids'!AP895,'Non-shuttle Bids'!AP843,'Non-shuttle Bids'!AP791) -> 93 | AI16: =+AI15+1 -> 22 | AM16: =+AM15+1 -> 29 | AN16: =AVERAGE('Non-shuttle Bids'!AV801,'Non-shuttle Bids'!AV853,'Non-shuttle Bids'!AV749) -> 200 | AP16: =AVERAGE('Non-shuttle Bids'!AX801,'Non-shuttle Bids'!AX853,'Non-shuttle Bids'!AX749) -> 200 | AR16: 28 | BV16: =+BV15+1 -> 18 | BW16: =AVERAGE('Shuttle Bids'!AN895,'Shuttle Bids'!AN843,'Shuttle Bids'!AN791) -> 700 | BX16: =AVERAGE('Shuttle Bids'!AO895,'Shuttle Bids'!AO843,'Shuttle Bids'!AO791) -> 500 | BY16: =AVERAGE('Shuttle Bids'!AP895,'Shuttle Bids'!AP843,'Shuttle Bids'!AP791) -> 600 | BZ16: =+BZ15+1 -> 22 | CA16: =AVERAGE('Shuttle Bids'!AR742,'Shuttle Bids'!AR846,'Shuttle Bids'!AR794) -> 600 | CC16: =AVERAGE('Shuttle Bids'!AT742,'Shuttle Bids'!AT846,'Shuttle Bids'!AT794) -> 600 | CD16: =+CD15+1 -> 29 | CE16: =AVERAGE('Shuttle Bids'!AV749,'Shuttle Bids'!AV853,'Shuttle Bids'!AV801) -> -112.5 | CF16: =AVERAGE('Shuttle Bids'!AW749,'Shuttle Bids'!AW853,'Shuttle Bids'!AW801) -> 0 | CG16: =AVERAGE('Shuttle Bids'!AX749,'Shuttle Bids'!AX853,'Shuttle Bids'!AX801) -> -106.25
A17: =+A18-1 -> 29 | AE17: =+AE16+1 -> 19 | AG17: =AVERAGE('Non-shuttle Bids'!AO896,'Non-shuttle Bids'!AO844,'Non-shuttle Bids'!AO792) -> 93 | AH17: =AVERAGE('Non-shuttle Bids'!AP896,'Non-shuttle Bids'!AP844,'Non-shuttle Bids'!AP792) -> 93 | AI17: =+AI16+1 -> 23 | AM17: =+AM16+1 -> 30 | AN17: =AVERAGE('Non-shuttle Bids'!AV802,'Non-shuttle Bids'!AV854,'Non-shuttle Bids'!AV750) -> 200 | AP17: =AVERAGE('Non-shuttle Bids'!AX802,'Non-shuttle Bids'!AX854,'Non-shuttle Bids'!AX750) -> 200 | AR17: 29 | BV17: =+BV16+1 -> 19 | BX17: =AVERAGE('Shuttle Bids'!AO896,'Shuttle Bids'!AO844,'Shuttle Bids'!AO792) -> 500 | BY17: =AVERAGE('Shuttle Bids'!AP896,'Shuttle Bids'!AP844,'Shuttle Bids'!AP792) -> 500 | BZ17: =+BZ16+1 -> 23 | CD17: =+CD16+1 -> 30 | CF17: =AVERAGE('Shuttle Bids'!AW750,'Shuttle Bids'!AW854,'Shuttle Bids'!AW802) -> 0 | CG17: =AVERAGE('Shuttle Bids'!AX750,'Shuttle Bids'!AX854,'Shuttle Bids'!AX802) -> 0
A18: =+A19-1 -> 30 | AE18: =+AE17+1 -> 20 | AG18: =AVERAGE('Non-shuttle Bids'!AO897,'Non-shuttle Bids'!AO845,'Non-shuttle Bids'!AO793) -> 93 | AH18: =AVERAGE('Non-shuttle Bids'!AP897,'Non-shuttle Bids'!AP845,'Non-shuttle Bids'!AP793) -> 93 | AI18: =+AI17+1 -> 24 | AM18: =+AM17+1 -> 31 | AN18: =AVERAGE('Non-shuttle Bids'!AV803,'Non-shuttle Bids'!AV855,'Non-shuttle Bids'!AV751) -> 200 | AP18: =AVERAGE('Non-shuttle Bids'!AX803,'Non-shuttle Bids'!AX855,'Non-shuttle Bids'!AX751) -> 200 | AR18: 30 | BV18: =+BV17+1 -> 20 | BX18: =AVERAGE('Shuttle Bids'!AO897,'Shuttle Bids'!AO845,'Shuttle Bids'!AO793) -> 500 | BY18: =AVERAGE('Shuttle Bids'!AP897,'Shuttle Bids'!AP845,'Shuttle Bids'!AP793) -> 500 | BZ18: =+BZ17+1 -> 24 | CD18: =+CD17+1 -> 31 | CF18: =AVERAGE('Shuttle Bids'!AW751,'Shuttle Bids'!AW855,'Shuttle Bids'!AW803) -> 0 | CG18: =AVERAGE('Shuttle Bids'!AX751,'Shuttle Bids'!AX855,'Shuttle Bids'!AX803) -> 0
A19: =+A20-1 -> 31 | AE19: =+AE18+1 -> 21 | AG19: =AVERAGE('Non-shuttle Bids'!AO898,'Non-shuttle Bids'!AO846,'Non-shuttle Bids'!AO794) -> 100 | AH19: =AVERAGE('Non-shuttle Bids'!AP898,'Non-shuttle Bids'!AP846,'Non-shuttle Bids'!AP794) -> 100 | AI19: =+AI18+1 -> 25 | AM19: =+AM18+1 -> 32 | AN19: =AVERAGE('Non-shuttle Bids'!AV804,'Non-shuttle Bids'!AV856,'Non-shuttle Bids'!AV752) -> 200 | AP19: =AVERAGE('Non-shuttle Bids'!AX804,'Non-shuttle Bids'!AX856,'Non-shuttle Bids'!AX752) -> 200 | AR19: 31 | BV19: =+BV18+1 -> 21 | BX19: =AVERAGE('Shuttle Bids'!AO898,'Shuttle Bids'!AO846,'Shuttle Bids'!AO794) -> 475 | BY19: =AVERAGE('Shuttle Bids'!AP898,'Shuttle Bids'!AP846,'Shuttle Bids'!AP794) -> 475 | BZ19: =+BZ18+1 -> 25 | CD19: =+CD18+1 -> 32 | CF19: =AVERAGE('Shuttle Bids'!AW752,'Shuttle Bids'!AW856,'Shuttle Bids'!AW804) -> -100 | CG19: =AVERAGE('Shuttle Bids'!AX752,'Shuttle Bids'!AX856,'Shuttle Bids'!AX804) -> -100
A20: =+A21-1 -> 32 | AE20: =+AE19+1 -> 22 | AG20: =AVERAGE('Non-shuttle Bids'!AO899,'Non-shuttle Bids'!AO847,'Non-shuttle Bids'!AO795) -> 100 | AH20: =AVERAGE('Non-shuttle Bids'!AP899,'Non-shuttle Bids'!AP847,'Non-shuttle Bids'!AP795) -> 100 | AI20: =+AI19+1 -> 26 | AM20: =+AM19+1 -> 33 | AN20: =AVERAGE('Non-shuttle Bids'!AV805,'Non-shuttle Bids'!AV857,'Non-shuttle Bids'!AV753) -> 200 | AP20: =AVERAGE('Non-shuttle Bids'!AX805,'Non-shuttle Bids'!AX857,'Non-shuttle Bids'!AX753) -> 200 | AR20: 32 | BV20: =+BV19+1 -> 22 | BX20: =AVERAGE('Shuttle Bids'!AO899,'Shuttle Bids'!AO847,'Shuttle Bids'!AO795) -> 450 | BY20: =AVERAGE('Shuttle Bids'!AP899,'Shuttle Bids'!AP847,'Shuttle Bids'!AP795) -> 450 | BZ20: =+BZ19+1 -> 26 | CD20: =+CD19+1 -> 33 | CF20: =AVERAGE('Shuttle Bids'!AW753,'Shuttle Bids'!AW857,'Shuttle Bids'!AW805) -> -100 | CG20: =AVERAGE('Shuttle Bids'!AX753,'Shuttle Bids'!AX857,'Shuttle Bids'!AX805) -> -100
A21: =+A22-1 -> 33 | AE21: =+AE20+1 -> 23 | AG21: =AVERAGE('Non-shuttle Bids'!AO900,'Non-shuttle Bids'!AO848,'Non-shuttle Bids'!AO796) -> 138 | AH21: =AVERAGE('Non-shuttle Bids'!AP900,'Non-shuttle Bids'!AP848,'Non-shuttle Bids'!AP796) -> 138 | AI21: =+AI20+1 -> 27 | AM21: =+AM20+1 -> 34 | AR21: 33 | BV21: =+BV20+1 -> 23 | BX21: =AVERAGE('Shuttle Bids'!AO900,'Shuttle Bids'!AO848,'Shuttle Bids'!AO796) -> 887.5 | BY21: =AVERAGE('Shuttle Bids'!AP900,'Shuttle Bids'!AP848,'Shuttle Bids'!AP796) -> 887.5 | BZ21: =+BZ20+1 -> 27 | CD21: =+CD20+1 -> 34 | CF21: =AVERAGE('Shuttle Bids'!AW754,'Shuttle Bids'!AW858,'Shuttle Bids'!AW806) -> -125 | CG21: =AVERAGE('Shuttle Bids'!AX754,'Shuttle Bids'!AX858,'Shuttle Bids'!AX806) -> -125
A22: =+A23-1 -> 34 | AE22: =+AE21+1 -> 24 | AG22: =AVERAGE('Non-shuttle Bids'!AO901,'Non-shuttle Bids'!AO849,'Non-shuttle Bids'!AO797) -> 100 | AH22: =AVERAGE('Non-shuttle Bids'!AP901,'Non-shuttle Bids'!AP849,'Non-shuttle Bids'!AP797) -> 100 | AI22: =+AI21+1 -> 28 | AJ22: =AVERAGE('Non-shuttle Bids'!AR800,'Non-shuttle Bids'!AR852,'Non-shuttle Bids'!AR748) -> 300 | AL22: =AVERAGE('Non-shuttle Bids'!AT800,'Non-shuttle Bids'!AT852,'Non-shuttle Bids'!AT748) -> 300 | AM22: =+AM21+1 -> 35 | AR22: 34 | BV22: =+BV21+1 -> 24 | BX22: =AVERAGE('Shuttle Bids'!AO901,'Shuttle Bids'!AO849,'Shuttle Bids'!AO797) -> 650 | BY22: =AVERAGE('Shuttle Bids'!AP901,'Shuttle Bids'!AP849,'Shuttle Bids'!AP797) -> 650 | BZ22: =+BZ21+1 -> 28 | CA22: =AVERAGE('Shuttle Bids'!AR748,'Shuttle Bids'!AR852,'Shuttle Bids'!AR800) -> 450 | CC22: =AVERAGE('Shuttle Bids'!AT748,'Shuttle Bids'!AT852,'Shuttle Bids'!AT800) -> 450 | CD22: =+CD21+1 -> 35 | CF22: =AVERAGE('Shuttle Bids'!AW755,'Shuttle Bids'!AW859,'Shuttle Bids'!AW807) -> -125 | CG22: =AVERAGE('Shuttle Bids'!AX755,'Shuttle Bids'!AX859,'Shuttle Bids'!AX807) -> -125
A23: =+A24-1 -> 35 | AE23: =+AE22+1 -> 25 | AG23: =AVERAGE('Non-shuttle Bids'!AO902,'Non-shuttle Bids'!AO850,'Non-shuttle Bids'!AO798) -> 100 | AH23: =AVERAGE('Non-shuttle Bids'!AP902,'Non-shuttle Bids'!AP850,'Non-shuttle Bids'!AP798) -> 100 | AI23: =+AI22+1 -> 29 | AJ23: =AVERAGE('Non-shuttle Bids'!AR801,'Non-shuttle Bids'!AR853,'Non-shuttle Bids'!AR749) -> 300 | AL23: =AVERAGE('Non-shuttle Bids'!AT801,'Non-shuttle Bids'!AT853,'Non-shuttle Bids'!AT749) -> 300 | AM23: =+AM22+1 -> 36 | AR23: 35 | BV23: =+BV22+1 -> 25 | BX23: =AVERAGE('Shuttle Bids'!AO902,'Shuttle Bids'!AO850,'Shuttle Bids'!AO798) -> 644 | BY23: =AVERAGE('Shuttle Bids'!AP902,'Shuttle Bids'!AP850,'Shuttle Bids'!AP798) -> 644 | BZ23: =+BZ22+1 -> 29 | CA23: =AVERAGE('Shuttle Bids'!AR749,'Shuttle Bids'!AR853,'Shuttle Bids'!AR801) -> 325 | CB23: =AVERAGE('Shuttle Bids'!AS749,'Shuttle Bids'!AS853,'Shuttle Bids'!AS801) -> 263 | CC23: =AVERAGE('Shuttle Bids'!AT749,'Shuttle Bids'!AT853,'Shuttle Bids'!AT801) -> 290.75 | CD23: =+CD22+1 -> 36 | CF23: =AVERAGE('Shuttle Bids'!AW756,'Shuttle Bids'!AW860,'Shuttle Bids'!AW808) -> -150 | CG23: =AVERAGE('Shuttle Bids'!AX756,'Shuttle Bids'!AX860,'Shuttle Bids'!AX808) -> -150
A24: =+A25-1 -> 36 | AE24: =+AE23+1 -> 26 | AG24: =AVERAGE('Non-shuttle Bids'!AO903,'Non-shuttle Bids'!AO851,'Non-shuttle Bids'!AO799) -> 100 | AH24: =AVERAGE('Non-shuttle Bids'!AP903,'Non-shuttle Bids'!AP851,'Non-shuttle Bids'!AP799) -> 100 | AI24: =+AI23+1 -> 30 | AJ24: =AVERAGE('Non-shuttle Bids'!AR802,'Non-shuttle Bids'!AR854,'Non-shuttle Bids'!AR750) -> 300 | AL24: =AVERAGE('Non-shuttle Bids'!AT802,'Non-shuttle Bids'!AT854,'Non-shuttle Bids'!AT750) -> 300 | AM24: =+AM23+1 -> 37 | AR24: 36 | BV24: =+BV23+1 -> 26 | BW24: =AVERAGE('Shuttle Bids'!AN903,'Shuttle Bids'!AN851,'Shuttle Bids'!AN799) -> 100 | BX24: =AVERAGE('Shuttle Bids'!AO903,'Shuttle Bids'!AO851,'Shuttle Bids'!AO799) -> 700 | BY24: =AVERAGE('Shuttle Bids'!AP903,'Shuttle Bids'!AP851,'Shuttle Bids'!AP799) -> 666.66667 | BZ24: =+BZ23+1 -> 30 | CA24: =AVERAGE('Shuttle Bids'!AR750,'Shuttle Bids'!AR854,'Shuttle Bids'!AR802) -> 400 | CB24: =AVERAGE('Shuttle Bids'!AS750,'Shuttle Bids'!AS854,'Shuttle Bids'!AS802) -> 250 | CC24: =AVERAGE('Shuttle Bids'!AT750,'Shuttle Bids'!AT854,'Shuttle Bids'!AT802) -> 325 | CD24: =+CD23+1 -> 37 | CF24: =AVERAGE('Shuttle Bids'!AW757,'Shuttle Bids'!AW861,'Shuttle Bids'!AW809) -> -50 | CG24: =AVERAGE('Shuttle Bids'!AX757,'Shuttle Bids'!AX861,'Shuttle Bids'!AX809) -> -50
A25: =+'Non-shuttle Bids'!A131 -> 37 | AE25: =+AE24+1 -> 27 | AG25: =AVERAGE('Non-shuttle Bids'!AO904,'Non-shuttle Bids'!AO852,'Non-shuttle Bids'!AO800) -> 100 | AH25: =AVERAGE('Non-shuttle Bids'!AP904,'Non-shuttle Bids'!AP852,'Non-shuttle Bids'!AP800) -> 100 | AI25: =+AI24+1 -> 31 | AJ25: =AVERAGE('Non-shuttle Bids'!AR803,'Non-shuttle Bids'!AR855,'Non-shuttle Bids'!AR751) -> 300 | AL25: =AVERAGE('Non-shuttle Bids'!AT803,'Non-shuttle Bids'!AT855,'Non-shuttle Bids'!AT751) -> 300 | AM25: =+AM24+1 -> 38 | AR25: 37 | BV25: =+BV24+1 -> 27 | BX25: =AVERAGE('Shuttle Bids'!AO904,'Shuttle Bids'!AO852,'Shuttle Bids'!AO800) -> 375 | BY25: =AVERAGE('Shuttle Bids'!AP904,'Shuttle Bids'!AP852,'Shuttle Bids'!AP800) -> 375 | BZ25: =+BZ24+1 -> 31 | CD25: =+CD24+1 -> 38 | CE25: =AVERAGE('Shuttle Bids'!AV758,'Shuttle Bids'!AV862,'Shuttle Bids'!AV810) -> -138 | CF25: =AVERAGE('Shuttle Bids'!AW758,'Shuttle Bids'!AW862,'Shuttle Bids'!AW810) -> -50 | CG25: =AVERAGE('Shuttle Bids'!AX758,'Shuttle Bids'!AX862,'Shuttle Bids'!AX810) -> -81.333333
A26: =+'Non-shuttle Bids'!A132 -> 38 | K26: 38 | AE26: =+AE25+1 -> 28 | AG26: =AVERAGE('Non-shuttle Bids'!AO905,'Non-shuttle Bids'!AO853,'Non-shuttle Bids'!AO801) -> 100 | AH26: =AVERAGE('Non-shuttle Bids'!AP905,'Non-shuttle Bids'!AP853,'Non-shuttle Bids'!AP801) -> 100 | AI26: =+AI25+1 -> 32 | AJ26: =AVERAGE('Non-shuttle Bids'!AR804,'Non-shuttle Bids'!AR856,'Non-shuttle Bids'!AR752) -> 300 | AL26: =AVERAGE('Non-shuttle Bids'!AT804,'Non-shuttle Bids'!AT856,'Non-shuttle Bids'!AT752) -> 300 | AM26: =+AM25+1 -> 39 | AR26: 38 | BB26: 38 | BV26: =+BV25+1 -> 28 | BW26: =AVERAGE('Shuttle Bids'!AN905,'Shuttle Bids'!AN853,'Shuttle Bids'!AN801) -> 1900 | BX26: =AVERAGE('Shuttle Bids'!AO905,'Shuttle Bids'!AO853,'Shuttle Bids'!AO801) -> 1129.3333 | BY26: =AVERAGE('Shuttle Bids'!AP905,'Shuttle Bids'!AP853,'Shuttle Bids'!AP801) -> 1218.8333 | BZ26: =+BZ25+1 -> 32 | CB26: =AVERAGE('Shuttle Bids'!AS752,'Shuttle Bids'!AS856,'Shuttle Bids'!AS804) -> 250 | CC26: =AVERAGE('Shuttle Bids'!AT752,'Shuttle Bids'!AT856,'Shuttle Bids'!AT804) -> 250 | CD26: =+CD25+1 -> 39 | CE26: =AVERAGE('Shuttle Bids'!AV759,'Shuttle Bids'!AV863,'Shuttle Bids'!AV811) -> -200 | CF26: =AVERAGE('Shuttle Bids'!AW759,'Shuttle Bids'!AW863,'Shuttle Bids'!AW811) -> -104.33333 | CG26: =AVERAGE('Shuttle Bids'!AX759,'Shuttle Bids'!AX863,'Shuttle Bids'!AX811) -> -129.33333
A27: =+'Non-shuttle Bids'!A133 -> 39 | K27: 39 | AE27: =+AE26+1 -> 29 | AG27: =AVERAGE('Non-shuttle Bids'!AO906,'Non-shuttle Bids'!AO854,'Non-shuttle Bids'!AO802) -> 100 | AH27: =AVERAGE('Non-shuttle Bids'!AP906,'Non-shuttle Bids'!AP854,'Non-shuttle Bids'!AP802) -> 100 | AI27: =+AI26+1 -> 33 | AJ27: =AVERAGE('Non-shuttle Bids'!AR805,'Non-shuttle Bids'!AR857,'Non-shuttle Bids'!AR753) -> 300 | AL27: =AVERAGE('Non-shuttle Bids'!AT805,'Non-shuttle Bids'!AT857,'Non-shuttle Bids'!AT753) -> 300 | AM27: =+AM26+1 -> 40 | AN27: =AVERAGE('Non-shuttle Bids'!AV812,'Non-shuttle Bids'!AV864,'Non-shuttle Bids'!AV760) -> 0 | AP27: =AVERAGE('Non-shuttle Bids'!AX812,'Non-shuttle Bids'!AX864,'Non-shuttle Bids'!AX760) -> 0 | AR27: 39 | BB27: 39 | BV27: =+BV26+1 -> 29 | BW27: =AVERAGE('Shuttle Bids'!AN906,'Shuttle Bids'!AN854,'Shuttle Bids'!AN802) -> 2037.5 | BX27: =AVERAGE('Shuttle Bids'!AO906,'Shuttle Bids'!AO854,'Shuttle Bids'!AO802) -> 1175 | BY27: =AVERAGE('Shuttle Bids'!AP906,'Shuttle Bids'!AP854,'Shuttle Bids'!AP802) -> 1287.5 | BZ27: =+BZ26+1 -> 33 | CB27: =AVERAGE('Shuttle Bids'!AS753,'Shuttle Bids'!AS857,'Shuttle Bids'!AS805) -> 250 | CC27: =AVERAGE('Shuttle Bids'!AT753,'Shuttle Bids'!AT857,'Shuttle Bids'!AT805) -> 250 | CD27: =+CD26+1 -> 40 | CE27: =AVERAGE('Shuttle Bids'!AV760,'Shuttle Bids'!AV864,'Shuttle Bids'!AV812) -> -112.5 | CF27: =AVERAGE('Shuttle Bids'!AW760,'Shuttle Bids'!AW864,'Shuttle Bids'!AW812) -> -112.66667 | CG27: =AVERAGE('Shuttle Bids'!AX760,'Shuttle Bids'!AX864,'Shuttle Bids'!AX812) -> -123
A28: =+'Non-shuttle Bids'!A134 -> 40 | K28: 40 | AE28: =+AE27+1 -> 30 | AG28: =AVERAGE('Non-shuttle Bids'!AO907,'Non-shuttle Bids'!AO855,'Non-shuttle Bids'!AO803) -> 100 | AH28: =AVERAGE('Non-shuttle Bids'!AP907,'Non-shuttle Bids'!AP855,'Non-shuttle Bids'!AP803) -> 100 | AI28: =+AI27+1 -> 34 | AM28: =+AM27+1 -> 41 | AN28: =AVERAGE('Non-shuttle Bids'!AV813,'Non-shuttle Bids'!AV865,'Non-shuttle Bids'!AV761) -> 0 | AP28: =AVERAGE('Non-shuttle Bids'!AX813,'Non-shuttle Bids'!AX865,'Non-shuttle Bids'!AX761) -> 0 | AR28: 40 | AS28: =AVERAGE('Shuttle Bids'!D865,'Shuttle Bids'!D761,'Shuttle Bids'!D813) -> -50 | AU28: =AVERAGE('Shuttle Bids'!F865,'Shuttle Bids'!F761,'Shuttle Bids'!F813) -> -50 | BB28: 40 | BV28: =+BV27+1 -> 30 | BW28: =AVERAGE('Shuttle Bids'!AN907,'Shuttle Bids'!AN855,'Shuttle Bids'!AN803) -> 3500 | BX28: =AVERAGE('Shuttle Bids'!AO907,'Shuttle Bids'!AO855,'Shuttle Bids'!AO803) -> 1075 | BY28: =AVERAGE('Shuttle Bids'!AP907,'Shuttle Bids'!AP855,'Shuttle Bids'!AP803) -> 1241.6667 | BZ28: =+BZ27+1 -> 34 | CA28: =AVERAGE('Shuttle Bids'!AR754,'Shuttle Bids'!AR858,'Shuttle Bids'!AR806) -> 275 | CB28: =AVERAGE('Shuttle Bids'!AS754,'Shuttle Bids'!AS858,'Shuttle Bids'!AS806) -> 250 | CC28: =AVERAGE('Shuttle Bids'!AT754,'Shuttle Bids'!AT858,'Shuttle Bids'!AT806) -> 287.5 | CD28: =+CD27+1 -> 41 | CE28: =AVERAGE('Shuttle Bids'!AV761,'Shuttle Bids'!AV865,'Shuttle Bids'!AV813) -> -158.33333 | CF28: =AVERAGE('Shuttle Bids'!AW761,'Shuttle Bids'!AW865,'Shuttle Bids'!AW813) -> -108.33333 | CG28: =AVERAGE('Shuttle Bids'!AX761,'Shuttle Bids'!AX865,'Shuttle Bids'!AX813) -> -133.33333
A29: =+'Non-shuttle Bids'!A135 -> 41 | K29: 41 | AE29: =+AE28+1 -> 31 | AF29: =AVERAGE('Non-shuttle Bids'!AN908,'Non-shuttle Bids'!AN856,'Non-shuttle Bids'!AN804) -> -50 | AG29: =AVERAGE('Non-shuttle Bids'!AO908,'Non-shuttle Bids'!AO856,'Non-shuttle Bids'!AO804) -> 100 | AH29: =AVERAGE('Non-shuttle Bids'!AP908,'Non-shuttle Bids'!AP856,'Non-shuttle Bids'!AP804) -> 25 | AI29: =+AI28+1 -> 35 | AM29: =+AM28+1 -> 42 | AN29: =AVERAGE('Non-shuttle Bids'!AV814,'Non-shuttle Bids'!AV866,'Non-shuttle Bids'!AV762) -> 96 | AO29: =AVERAGE('Non-shuttle Bids'!AW814,'Non-shuttle Bids'!AW866,'Non-shuttle Bids'!AW762) -> -33 | AP29: =AVERAGE('Non-shuttle Bids'!AX814,'Non-shuttle Bids'!AX866,'Non-shuttle Bids'!AX762) -> 90.5 | AR29: 41 | AV29: =AVERAGE('Shuttle Bids'!H865,'Shuttle Bids'!H761,'Shuttle Bids'!H813) -> -50 | AX29: =AVERAGE('Shuttle Bids'!J865,'Shuttle Bids'!J761,'Shuttle Bids'!J813) -> -50 | BB29: 41 | BC29: =AVERAGE('Shuttle Bids'!P866,'Shuttle Bids'!P762,'Shuttle Bids'!P814) -> -400 | BE29: =AVERAGE('Shuttle Bids'!R866,'Shuttle Bids'!R762,'Shuttle Bids'!R814) -> -400 | BV29: =+BV28+1 -> 31 | BW29: =AVERAGE('Shuttle Bids'!AN908,'Shuttle Bids'!AN856,'Shuttle Bids'!AN804) -> -112 | BX29: =AVERAGE('Shuttle Bids'!AO908,'Shuttle Bids'!AO856,'Shuttle Bids'!AO804) -> 1262.6667 | BY29: =AVERAGE('Shuttle Bids'!AP908,'Shuttle Bids'!AP856,'Shuttle Bids'!AP804) -> 1196 | BZ29: =+BZ28+1 -> 35 | CA29: =AVERAGE('Shuttle Bids'!AR755,'Shuttle Bids'!AR859,'Shuttle Bids'!AR807) -> 400 | CB29: =AVERAGE('Shuttle Bids'!AS755,'Shuttle Bids'!AS859,'Shuttle Bids'!AS807) -> 250 | CC29: =AVERAGE('Shuttle Bids'!AT755,'Shuttle Bids'!AT859,'Shuttle Bids'!AT807) -> 325 | CD29: =+CD28+1 -> 42 | CE29: =AVERAGE('Shuttle Bids'!AV762,'Shuttle Bids'!AV866,'Shuttle Bids'!AV814) -> -56 | CF29: =AVERAGE('Shuttle Bids'!AW762,'Shuttle Bids'!AW866,'Shuttle Bids'!AW814) -> -150 | CG29: =AVERAGE('Shuttle Bids'!AX762,'Shuttle Bids'!AX866,'Shuttle Bids'!AX814) -> -127
A30: =+'Non-shuttle Bids'!A136 -> 42 | K30: 42 | AE30: =+AE29+1 -> 32 | AF30: =AVERAGE('Non-shuttle Bids'!AN909,'Non-shuttle Bids'!AN857,'Non-shuttle Bids'!AN805) -> -50 | AH30: =AVERAGE('Non-shuttle Bids'!AP909,'Non-shuttle Bids'!AP857,'Non-shuttle Bids'!AP805) -> -50 | AI30: =+AI29+1 -> 36 | AM30: =+AM29+1 -> 43 | AN30: =AVERAGE('Non-shuttle Bids'!AV815,'Non-shuttle Bids'!AV867,'Non-shuttle Bids'!AV763) -> 114 | AO30: =AVERAGE('Non-shuttle Bids'!AW815,'Non-shuttle Bids'!AW867,'Non-shuttle Bids'!AW763) -> -33 | AP30: =AVERAGE('Non-shuttle Bids'!AX815,'Non-shuttle Bids'!AX867,'Non-shuttle Bids'!AX763) -> 108.5 | AR30: 42 | BB30: 42 | BV30: =+BV29+1 -> 32 | BW30: =AVERAGE('Shuttle Bids'!AN909,'Shuttle Bids'!AN857,'Shuttle Bids'!AN805) -> 5500 | BX30: =AVERAGE('Shuttle Bids'!AO909,'Shuttle Bids'!AO857,'Shuttle Bids'!AO805) -> 1166.6667 | BY30: =AVERAGE('Shuttle Bids'!AP909,'Shuttle Bids'!AP857,'Shuttle Bids'!AP805) -> 1600 | BZ30: =+BZ29+1 -> 36 | CA30: =AVERAGE('Shuttle Bids'!AR756,'Shuttle Bids'!AR860,'Shuttle Bids'!AR808) -> 350 | CB30: =AVERAGE('Shuttle Bids'!AS756,'Shuttle Bids'!AS860,'Shuttle Bids'!AS808) -> 200 | CC30: =AVERAGE('Shuttle Bids'!AT756,'Shuttle Bids'!AT860,'Shuttle Bids'!AT808) -> 350 | CD30: =+CD29+1 -> 43 | CE30: =AVERAGE('Shuttle Bids'!AV763,'Shuttle Bids'!AV867,'Shuttle Bids'!AV815) -> -325 | CF30: =AVERAGE('Shuttle Bids'!AW763,'Shuttle Bids'!AW867,'Shuttle Bids'!AW815) -> -125 | CG30: =AVERAGE('Shuttle Bids'!AX763,'Shuttle Bids'!AX867,'Shuttle Bids'!AX815) -> -145.83333
A31: =+'Non-shuttle Bids'!A137 -> 43 | B31: =AVERAGE('Non-shuttle Bids'!D868,'Non-shuttle Bids'!D764,'Non-shuttle Bids'!D816) -> 6.5 | D31: =AVERAGE('Non-shuttle Bids'!F868,'Non-shuttle Bids'!F764,'Non-shuttle Bids'!F816) -> 6.5 | K31: 43 | AE31: =+AE30+1 -> 33 | AF31: =AVERAGE('Non-shuttle Bids'!AN910,'Non-shuttle Bids'!AN858,'Non-shuttle Bids'!AN806) -> -50 | AH31: =AVERAGE('Non-shuttle Bids'!AP910,'Non-shuttle Bids'!AP858,'Non-shuttle Bids'!AP806) -> -50 | AI31: =+AI30+1 -> 37 | AM31: =+AM30+1 -> 44 | AN31: =AVERAGE('Non-shuttle Bids'!AV816,'Non-shuttle Bids'!AV868,'Non-shuttle Bids'!AV764) -> 83.333333 | AO31: =AVERAGE('Non-shuttle Bids'!AW816,'Non-shuttle Bids'!AW868,'Non-shuttle Bids'!AW764) -> -33 | AP31: =AVERAGE('Non-shuttle Bids'!AX816,'Non-shuttle Bids'!AX868,'Non-shuttle Bids'!AX764) -> 77.833333 | AR31: 43 | AS31: =AVERAGE('Shuttle Bids'!D868,'Shuttle Bids'!D764,'Shuttle Bids'!D816) -> 200 | AT31: =AVERAGE('Shuttle Bids'!E868,'Shuttle Bids'!E764,'Shuttle Bids'!E816) -> 100 | AU31: =AVERAGE('Shuttle Bids'!F868,'Shuttle Bids'!F764,'Shuttle Bids'!F816) -> 150 | BB31: 43 | BV31: =+BV30+1 -> 33 | BW31: =AVERAGE('Shuttle Bids'!AN910,'Shuttle Bids'!AN858,'Shuttle Bids'!AN806) -> 2125 | BX31: =AVERAGE('Shuttle Bids'!AO910,'Shuttle Bids'!AO858,'Shuttle Bids'!AO806) -> 1300 | BY31: =AVERAGE('Shuttle Bids'!AP910,'Shuttle Bids'!AP858,'Shuttle Bids'!AP806) -> 1408.3333 | BZ31: =+BZ30+1 -> 37 | CB31: =AVERAGE('Shuttle Bids'!AS757,'Shuttle Bids'!AS861,'Shuttle Bids'!AS809) -> 175 | CC31: =AVERAGE('Shuttle Bids'!AT757,'Shuttle Bids'!AT861,'Shuttle Bids'!AT809) -> 175 | CD31: =+CD30+1 -> 44 | CE31: =AVERAGE('Shuttle Bids'!AV764,'Shuttle Bids'!AV868,'Shuttle Bids'!AV816) -> 87.5 | CF31: =AVERAGE('Shuttle Bids'!AW764,'Shuttle Bids'!AW868,'Shuttle Bids'!AW816) -> -150 | CG31: =AVERAGE('Shuttle Bids'!AX764,'Shuttle Bids'!AX868,'Shuttle Bids'!AX816) -> -100
A32: =+'Non-shuttle Bids'!A138 -> 44 | B32: =AVERAGE('Non-shuttle Bids'!D869,'Non-shuttle Bids'!D765,'Non-shuttle Bids'!D817) -> 62.5 | D32: =AVERAGE('Non-shuttle Bids'!F869,'Non-shuttle Bids'!F765,'Non-shuttle Bids'!F817) -> 62.5 | K32: 44 | AE32: =+AE31+1 -> 34 | AF32: =AVERAGE('Non-shuttle Bids'!AN911,'Non-shuttle Bids'!AN859,'Non-shuttle Bids'!AN807) -> 25 | AH32: =AVERAGE('Non-shuttle Bids'!AP911,'Non-shuttle Bids'!AP859,'Non-shuttle Bids'!AP807) -> 25 | AI32: =+AI31+1 -> 38 | AJ32: =AVERAGE('Non-shuttle Bids'!AR810,'Non-shuttle Bids'!AR862,'Non-shuttle Bids'!AR758) -> 100 | AL32: =AVERAGE('Non-shuttle Bids'!AT810,'Non-shuttle Bids'!AT862,'Non-shuttle Bids'!AT758) -> 100 | AM32: =+AM31+1 -> 45 | AN32: =AVERAGE('Non-shuttle Bids'!AV817,'Non-shuttle Bids'!AV869,'Non-shuttle Bids'!AV765) -> 391.66667 | AO32: =AVERAGE('Non-shuttle Bids'!AW817,'Non-shuttle Bids'!AW869,'Non-shuttle Bids'!AW765) -> -75 | AP32: =AVERAGE('Non-shuttle Bids'!AX817,'Non-shuttle Bids'!AX869,'Non-shuttle Bids'!AX765) -> 379.16667 | AR32: 44 | AT32: =AVERAGE('Shuttle Bids'!E869,'Shuttle Bids'!E765,'Shuttle Bids'!E817) -> 0 | AU32: =AVERAGE('Shuttle Bids'!F869,'Shuttle Bids'!F765,'Shuttle Bids'!F817) -> 0 | BB32: 44 | BV32: =+BV31+1 -> 34 | BW32: =AVERAGE('Shuttle Bids'!AN911,'Shuttle Bids'!AN859,'Shuttle Bids'!AN807) -> 2100 | BX32: =AVERAGE('Shuttle Bids'!AO911,'Shuttle Bids'!AO859,'Shuttle Bids'!AO807) -> 1283.3333 | BY32: =AVERAGE('Shuttle Bids'!AP911,'Shuttle Bids'!AP859,'Shuttle Bids'!AP807) -> 1383.3333 | BZ32: =+BZ31+1 -> 38 | CB32: =AVERAGE('Shuttle Bids'!AS758,'Shuttle Bids'!AS862,'Shuttle Bids'!AS810) -> 200 | CC32: =AVERAGE('Shuttle Bids'!AT758,'Shuttle Bids'!AT862,'Shuttle Bids'!AT810) -> 200 | CD32: =+CD31+1 -> 45 | CE32: =AVERAGE('Shuttle Bids'!AV765,'Shuttle Bids'!AV869,'Shuttle Bids'!AV817) -> 275 | CF32: =AVERAGE('Shuttle Bids'!AW765,'Shuttle Bids'!AW869,'Shuttle Bids'!AW817) -> -166.66667 | CG32: =AVERAGE('Shuttle Bids'!AX765,'Shuttle Bids'!AX869,'Shuttle Bids'!AX817) -> 54.166667
A33: =+'Non-shuttle Bids'!A139 -> 45 | B33: =AVERAGE('Non-shuttle Bids'!D870,'Non-shuttle Bids'!D766,'Non-shuttle Bids'!D818) -> 62.5 | D33: =AVERAGE('Non-shuttle Bids'!F870,'Non-shuttle Bids'!F766,'Non-shuttle Bids'!F818) -> 62.5 | K33: 45 | AE33: =+AE32+1 -> 35 | AF33: =AVERAGE('Non-shuttle Bids'!AN912,'Non-shuttle Bids'!AN860,'Non-shuttle Bids'!AN808) -> 300 | AH33: =AVERAGE('Non-shuttle Bids'!AP912,'Non-shuttle Bids'!AP860,'Non-shuttle Bids'!AP808) -> 300 | AI33: =+AI32+1 -> 39 | AJ33: =AVERAGE('Non-shuttle Bids'!AR811,'Non-shuttle Bids'!AR863,'Non-shuttle Bids'!AR759) -> 25 | AL33: =AVERAGE('Non-shuttle Bids'!AT811,'Non-shuttle Bids'!AT863,'Non-shuttle Bids'!AT759) -> 25 | AM33: =+AM32+1 -> 46 | AN33: =AVERAGE('Non-shuttle Bids'!AV818,'Non-shuttle Bids'!AV870,'Non-shuttle Bids'!AV766) -> 322.33333 | AO33: =AVERAGE('Non-shuttle Bids'!AW818,'Non-shuttle Bids'!AW870,'Non-shuttle Bids'!AW766) -> -25 | AP33: =AVERAGE('Non-shuttle Bids'!AX818,'Non-shuttle Bids'!AX870,'Non-shuttle Bids'!AX766) -> 319.5 | AR33: 45 | AS33: =AVERAGE('Shuttle Bids'!D870,'Shuttle Bids'!D766,'Shuttle Bids'!D818) -> 750 | AT33: =AVERAGE('Shuttle Bids'!E870,'Shuttle Bids'!E766,'Shuttle Bids'!E818) -> -229.33333 | AU33: =AVERAGE('Shuttle Bids'!F870,'Shuttle Bids'!F766,'Shuttle Bids'!F818) -> -87.666667 | BB33: 45 | BV33: =+BV32+1 -> 35 | BW33: =AVERAGE('Shuttle Bids'!AN912,'Shuttle Bids'!AN860,'Shuttle Bids'!AN808) -> 2075 | BX33: =AVERAGE('Shuttle Bids'!AO912,'Shuttle Bids'!AO860,'Shuttle Bids'!AO808) -> 1358.3333 | BY33: =AVERAGE('Shuttle Bids'!AP912,'Shuttle Bids'!AP860,'Shuttle Bids'!AP808) -> 1416.6667 | BZ33: =+BZ32+1 -> 39 | CB33: =AVERAGE('Shuttle Bids'!AS759,'Shuttle Bids'!AS863,'Shuttle Bids'!AS811) -> 41.666667 | CC33: =AVERAGE('Shuttle Bids'!AT759,'Shuttle Bids'!AT863,'Shuttle Bids'!AT811) -> 41.666667 | CD33: =+CD32+1 -> 46 | CE33: =AVERAGE('Shuttle Bids'!AV766,'Shuttle Bids'!AV870,'Shuttle Bids'!AV818) -> 287.5 | CF33: =AVERAGE('Shuttle Bids'!AW766,'Shuttle Bids'!AW870,'Shuttle Bids'!AW818) -> -171 | CG33: =AVERAGE('Shuttle Bids'!AX766,'Shuttle Bids'!AX870,'Shuttle Bids'!AX818) -> -64.666667
A34: =+'Non-shuttle Bids'!A140 -> 46 | B34: =AVERAGE('Non-shuttle Bids'!D871,'Non-shuttle Bids'!D767,'Non-shuttle Bids'!D819) -> 96 | D34: =AVERAGE('Non-shuttle Bids'!F871,'Non-shuttle Bids'!F767,'Non-shuttle Bids'!F819) -> 96 | K34: 46 | AE34: =+AE33+1 -> 36 | AF34: =AVERAGE('Non-shuttle Bids'!AN913,'Non-shuttle Bids'!AN861,'Non-shuttle Bids'!AN809) -> 162.5 | AG34: =AVERAGE('Non-shuttle Bids'!AO913,'Non-shuttle Bids'!AO861,'Non-shuttle Bids'!AO809) -> 0 | AH34: =AVERAGE('Non-shuttle Bids'!AP913,'Non-shuttle Bids'!AP861,'Non-shuttle Bids'!AP809) -> 156.25 | AI34: =+AI33+1 -> 40 | AJ34: =AVERAGE('Non-shuttle Bids'!AR812,'Non-shuttle Bids'!AR864,'Non-shuttle Bids'!AR760) -> 8.3333333 | AL34: =AVERAGE('Non-shuttle Bids'!AT812,'Non-shuttle Bids'!AT864,'Non-shuttle Bids'!AT760) -> 8.3333333 | AM34: =+AM33+1 -> 47 | AN34: =AVERAGE('Non-shuttle Bids'!AV819,'Non-shuttle Bids'!AV871,'Non-shuttle Bids'!AV767) -> 101.33333 | AO34: =AVERAGE('Non-shuttle Bids'!AW819,'Non-shuttle Bids'!AW871,'Non-shuttle Bids'!AW767) -> -4 | AP34: =AVERAGE('Non-shuttle Bids'!AX819,'Non-shuttle Bids'!AX871,'Non-shuttle Bids'!AX767) -> 99.333333 | AR34: 46 | AT34: =AVERAGE('Shuttle Bids'!E871,'Shuttle Bids'!E767,'Shuttle Bids'!E819) -> -100 | AU34: =AVERAGE('Shuttle Bids'!F871,'Shuttle Bids'!F767,'Shuttle Bids'!F819) -> -100 | BB34: 46 | BV34: =+BV33+1 -> 36 | BW34: =AVERAGE('Shuttle Bids'!AN913,'Shuttle Bids'!AN861,'Shuttle Bids'!AN809) -> 1683.3333 | BX34: =AVERAGE('Shuttle Bids'!AO913,'Shuttle Bids'!AO861,'Shuttle Bids'!AO809) -> 1250 | BY34: =AVERAGE('Shuttle Bids'!AP913,'Shuttle Bids'!AP861,'Shuttle Bids'!AP809) -> 1466.6667 | BZ34: =+BZ33+1 -> 40 | CA34: =AVERAGE('Shuttle Bids'!AR760,'Shuttle Bids'!AR864,'Shuttle Bids'!AR812) -> 162.5 | CB34: =AVERAGE('Shuttle Bids'!AS760,'Shuttle Bids'!AS864,'Shuttle Bids'!AS812) -> 20.666667 | CC34: =AVERAGE('Shuttle Bids'!AT760,'Shuttle Bids'!AT864,'Shuttle Bids'!AT812) -> 60.333333 | CD34: =+CD33+1 -> 47 | CE34: =AVERAGE('Shuttle Bids'!AV767,'Shuttle Bids'!AV871,'Shuttle Bids'!AV819) -> -33.333333 | CF34: =AVERAGE('Shuttle Bids'!AW767,'Shuttle Bids'!AW871,'Shuttle Bids'!AW819) -> -243.66667 | CG34: =AVERAGE('Shuttle Bids'!AX767,'Shuttle Bids'!AX871,'Shuttle Bids'!AX819) -> -138.5
A35: =+'Non-shuttle Bids'!A141 -> 47 | B35: =AVERAGE('Non-shuttle Bids'!D872,'Non-shuttle Bids'!D768,'Non-shuttle Bids'!D820) -> 130 | D35: =AVERAGE('Non-shuttle Bids'!F872,'Non-shuttle Bids'!F768,'Non-shuttle Bids'!F820) -> 130 | K35: 47 | AE35: =+AE34+1 -> 37 | AF35: =AVERAGE('Non-shuttle Bids'!AN914,'Non-shuttle Bids'!AN862,'Non-shuttle Bids'!AN810) -> 206.5 | AG35: =AVERAGE('Non-shuttle Bids'!AO914,'Non-shuttle Bids'!AO862,'Non-shuttle Bids'!AO810) -> 8 | AH35: =AVERAGE('Non-shuttle Bids'!AP914,'Non-shuttle Bids'!AP862,'Non-shuttle Bids'!AP810) -> 205.25 | AI35: =+AI34+1 -> 41 | AJ35: =AVERAGE('Non-shuttle Bids'!AR813,'Non-shuttle Bids'!AR865,'Non-shuttle Bids'!AR761) -> 75 | AL35: =AVERAGE('Non-shuttle Bids'!AT813,'Non-shuttle Bids'!AT865,'Non-shuttle Bids'!AT761) -> 75 | AM35: =+AM34+1 -> 48 | AN35: =AVERAGE('Non-shuttle Bids'!AV820,'Non-shuttle Bids'!AV872,'Non-shuttle Bids'!AV768) -> 83.333333 | AO35: =AVERAGE('Non-shuttle Bids'!AW820,'Non-shuttle Bids'!AW872,'Non-shuttle Bids'!AW768) -> 14 | AP35: =AVERAGE('Non-shuttle Bids'!AX820,'Non-shuttle Bids'!AX872,'Non-shuttle Bids'!AX768) -> 48.666667 | AR35: 47 | AT35: =AVERAGE('Shuttle Bids'!E872,'Shuttle Bids'!E768,'Shuttle Bids'!E820) -> -90.5 | AU35: =AVERAGE('Shuttle Bids'!F872,'Shuttle Bids'!F768,'Shuttle Bids'!F820) -> -90.5 | AZ35: =AVERAGE('Shuttle Bids'!M872,'Shuttle Bids'!M768,'Shuttle Bids'!M820) -> 0 | BA35: =AVERAGE('Shuttle Bids'!N872,'Shuttle Bids'!N768,'Shuttle Bids'!N820) -> 0 | BB35: 47 | BD35: =AVERAGE('Shuttle Bids'!Q872,'Shuttle Bids'!Q768,'Shuttle Bids'!Q820) -> -100 | BE35: =AVERAGE('Shuttle Bids'!R872,'Shuttle Bids'!R768,'Shuttle Bids'!R820) -> -100 | BG35: =AVERAGE('Shuttle Bids'!U872,'Shuttle Bids'!U768,'Shuttle Bids'!U820) -> -100 | BH35: =AVERAGE('Shuttle Bids'!V872,'Shuttle Bids'!V768,'Shuttle Bids'!V820) -> -100 | BJ35: =AVERAGE('Shuttle Bids'!Y871,'Shuttle Bids'!Y767,'Shuttle Bids'!Y819) -> -125 | BK35: =AVERAGE('Shuttle Bids'!Z871,'Shuttle Bids'!Z767,'Shuttle Bids'!Z819) -> -125 | BV35: =+BV34+1 -> 37 | BW35: =AVERAGE('Shuttle Bids'!AN914,'Shuttle Bids'!AN862,'Shuttle Bids'!AN810) -> 1841.6667 | BX35: =AVERAGE('Shuttle Bids'!AO914,'Shuttle Bids'!AO862,'Shuttle Bids'!AO810) -> 1383.3333 | BY35: =AVERAGE('Shuttle Bids'!AP914,'Shuttle Bids'!AP862,'Shuttle Bids'!AP810) -> 1612.5 | BZ35: =+BZ34+1 -> 41 | CA35: =AVERAGE('Shuttle Bids'!AR761,'Shuttle Bids'!AR865,'Shuttle Bids'!AR813) -> 155.66667 | CB35: =AVERAGE('Shuttle Bids'!AS761,'Shuttle Bids'!AS865,'Shuttle Bids'!AS813) -> 50 | CC35: =AVERAGE('Shuttle Bids'!AT761,'Shuttle Bids'!AT865,'Shuttle Bids'!AT813) -> 102.83333 | CD35: =+CD34+1 -> 48 | CE35: =AVERAGE('Shuttle Bids'!AV768,'Shuttle Bids'!AV872,'Shuttle Bids'!AV820) -> 181.66667 | CF35: =AVERAGE('Shuttle Bids'!AW768,'Shuttle Bids'!AW872,'Shuttle Bids'!AW820) -> -123.66667 | CG35: =AVERAGE('Shuttle Bids'!AX768,'Shuttle Bids'!AX872,'Shuttle Bids'!AX820) -> 29
A36: =+'Non-shuttle Bids'!A142 -> 48 | B36: =AVERAGE('Non-shuttle Bids'!D873,'Non-shuttle Bids'!D769,'Non-shuttle Bids'!D821) -> 175 | D36: =AVERAGE('Non-shuttle Bids'!F873,'Non-shuttle Bids'!F769,'Non-shuttle Bids'!F821) -> 175 | K36: 48 | AE36: =+AE35+1 -> 38 | AF36: =AVERAGE('Non-shuttle Bids'!AN915,'Non-shuttle Bids'!AN863,'Non-shuttle Bids'!AN811) -> 112.5 | AG36: =AVERAGE('Non-shuttle Bids'!AO915,'Non-shuttle Bids'!AO863,'Non-shuttle Bids'!AO811) -> 9 | AH36: =AVERAGE('Non-shuttle Bids'!AP915,'Non-shuttle Bids'!AP863,'Non-shuttle Bids'!AP811) -> 108.5 | AI36: =+AI35+1 -> 42 | AJ36: =AVERAGE('Non-shuttle Bids'!AR814,'Non-shuttle Bids'!AR866,'Non-shuttle Bids'!AR762) -> 172.33333 | AK36: =AVERAGE('Non-shuttle Bids'!AS814,'Non-shuttle Bids'!AS866,'Non-shuttle Bids'!AS762) -> -16.5 | AL36: =AVERAGE('Non-shuttle Bids'!AT814,'Non-shuttle Bids'!AT866,'Non-shuttle Bids'!AT762) -> 172.33333 | AM36: =+AM35+1 -> 49 | AN36: =AVERAGE('Non-shuttle Bids'!AV821,'Non-shuttle Bids'!AV873,'Non-shuttle Bids'!AV769) -> 89.666667 | AO36: =AVERAGE('Non-shuttle Bids'!AW821,'Non-shuttle Bids'!AW873,'Non-shuttle Bids'!AW769) -> 8.3333333 | AP36: =AVERAGE('Non-shuttle Bids'!AX821,'Non-shuttle Bids'!AX873,'Non-shuttle Bids'!AX769) -> 49 | AR36: 48 | AS36: =AVERAGE('Shuttle Bids'!D873,'Shuttle Bids'!D769,'Shuttle Bids'!D821) -> -200 | AT36: =AVERAGE('Shuttle Bids'!E873,'Shuttle Bids'!E769,'Shuttle Bids'!E821) -> -112.33333 | AU36: =AVERAGE('Shuttle Bids'!F873,'Shuttle Bids'!F769,'Shuttle Bids'!F821) -> -104 | AW36: =AVERAGE('Shuttle Bids'!I872,'Shuttle Bids'!I768,'Shuttle Bids'!I820) -> 100 | AX36: =AVERAGE('Shuttle Bids'!J872,'Shuttle Bids'!J768,'Shuttle Bids'!J820) -> 100 | AY36: =AVERAGE('Shuttle Bids'!L873,'Shuttle Bids'!L769,'Shuttle Bids'!L821) -> 13 | AZ36: =AVERAGE('Shuttle Bids'!M873,'Shuttle Bids'!M769,'Shuttle Bids'!M821) -> -75 | BA36: =AVERAGE('Shuttle Bids'!N873,'Shuttle Bids'!N769,'Shuttle Bids'!N821) -> -34.25 | BB36: 48 | BD36: =AVERAGE('Shuttle Bids'!Q873,'Shuttle Bids'!Q769,'Shuttle Bids'!Q821) -> -100 | BE36: =AVERAGE('Shuttle Bids'!R873,'Shuttle Bids'!R769,'Shuttle Bids'!R821) -> -100 | BG36: =AVERAGE('Shuttle Bids'!U873,'Shuttle Bids'!U769,'Shuttle Bids'!U821) -> -100 | BH36: =AVERAGE('Shuttle Bids'!V873,'Shuttle Bids'!V769,'Shuttle Bids'!V821) -> -100 | BJ36: =AVERAGE('Shuttle Bids'!Y872,'Shuttle Bids'!Y768,'Shuttle Bids'!Y820) -> -112.5 | BK36: =AVERAGE('Shuttle Bids'!Z872,'Shuttle Bids'!Z768,'Shuttle Bids'!Z820) -> -112.5 | BV36: =+BV35+1 -> 38 | BW36: =AVERAGE('Shuttle Bids'!AN915,'Shuttle Bids'!AN863,'Shuttle Bids'!AN811) -> 1802.6667 | BX36: =AVERAGE('Shuttle Bids'!AO915,'Shuttle Bids'!AO863,'Shuttle Bids'!AO811) -> 1146 | BY36: =AVERAGE('Shuttle Bids'!AP915,'Shuttle Bids'!AP863,'Shuttle Bids'!AP811) -> 1474.3333 | BZ36: =+BZ35+1 -> 42 | CA36: =AVERAGE('Shuttle Bids'!AR762,'Shuttle Bids'!AR866,'Shuttle Bids'!AR814) -> 356 | CB36: =AVERAGE('Shuttle Bids'!AS762,'Shuttle Bids'!AS866,'Shuttle Bids'!AS814) -> 33.333333 | CC36: =AVERAGE('Shuttle Bids'!AT762,'Shuttle Bids'!AT866,'Shuttle Bids'!AT814) -> 102 | CD36: =+CD35+1 -> 49 | CE36: =AVERAGE('Shuttle Bids'!AV769,'Shuttle Bids'!AV873,'Shuttle Bids'!AV821) -> 273.66667 | CF36: =AVERAGE('Shuttle Bids'!AW769,'Shuttle Bids'!AW873,'Shuttle Bids'!AW821) -> -75 | CG36: =AVERAGE('Shuttle Bids'!AX769,'Shuttle Bids'!AX873,'Shuttle Bids'!AX821) -> 99.333333
A37: =+'Non-shuttle Bids'!A143 -> 49 | B37: =AVERAGE('Non-shuttle Bids'!D874,'Non-shuttle Bids'!D770,'Non-shuttle Bids'!D822) -> 125 | C37: =AVERAGE('Non-shuttle Bids'!E874,'Non-shuttle Bids'!E770,'Non-shuttle Bids'!E822) -> -50 | D37: =AVERAGE('Non-shuttle Bids'!F874,'Non-shuttle Bids'!F770,'Non-shuttle Bids'!F822) -> 116.66667 | K37: 49 | AE37: =+AE36+1 -> 39 | AF37: =AVERAGE('Non-shuttle Bids'!AN916,'Non-shuttle Bids'!AN864,'Non-shuttle Bids'!AN812) -> 1762.5 | AG37: =AVERAGE('Non-shuttle Bids'!AO916,'Non-shuttle Bids'!AO864,'Non-shuttle Bids'!AO812) -> 1254.5 | AH37: =AVERAGE('Non-shuttle Bids'!AP916,'Non-shuttle Bids'!AP864,'Non-shuttle Bids'!AP812) -> 1508.5 | AI37: =+AI36+1 -> 43 | AJ37: =AVERAGE('Non-shuttle Bids'!AR815,'Non-shuttle Bids'!AR867,'Non-shuttle Bids'!AR763) -> 122.33333 | AK37: =AVERAGE('Non-shuttle Bids'!AS815,'Non-shuttle Bids'!AS867,'Non-shuttle Bids'!AS763) -> 22.333333 | AL37: =AVERAGE('Non-shuttle Bids'!AT815,'Non-shuttle Bids'!AT867,'Non-shuttle Bids'!AT763) -> 72.333333 | AM37: 50 | AN37: =AVERAGE('Non-shuttle Bids'!AV822,'Non-shuttle Bids'!AV874,'Non-shuttle Bids'!AV770) -> 452.5 | AO37: =AVERAGE('Non-shuttle Bids'!AW822,'Non-shuttle Bids'!AW874,'Non-shuttle Bids'!AW770) -> 25 | AP37: =AVERAGE('Non-shuttle Bids'!AX822,'Non-shuttle Bids'!AX874,'Non-shuttle Bids'!AX770) -> 163.33333 | AR37: 49 | AS37: =AVERAGE('Shuttle Bids'!D874,'Shuttle Bids'!D770,'Shuttle Bids'!D822) -> -44 | AT37: =AVERAGE('Shuttle Bids'!E874,'Shuttle Bids'!E770,'Shuttle Bids'!E822) -> 0 | AU37: =AVERAGE('Shuttle Bids'!F874,'Shuttle Bids'!F770,'Shuttle Bids'!F822) -> 2 | AW37: =AVERAGE('Shuttle Bids'!I873,'Shuttle Bids'!I769,'Shuttle Bids'!I821) -> 100 | AX37: =AVERAGE('Shuttle Bids'!J873,'Shuttle Bids'!J769,'Shuttle Bids'!J821) -> 100 | AZ37: =AVERAGE('Shuttle Bids'!M874,'Shuttle Bids'!M770,'Shuttle Bids'!M822) -> -58.333333 | BA37: =AVERAGE('Shuttle Bids'!N874,'Shuttle Bids'!N770,'Shuttle Bids'!N822) -> -58.333333 | BB37: 49 | BC37: =AVERAGE('Shuttle Bids'!P874,'Shuttle Bids'!P770,'Shuttle Bids'!P822) -> -200 | BD37: =AVERAGE('Shuttle Bids'!Q874,'Shuttle Bids'!Q770,'Shuttle Bids'!Q822) -> -100 | BE37: =AVERAGE('Shuttle Bids'!R874,'Shuttle Bids'!R770,'Shuttle Bids'!R822) -> -150 | BG37: =AVERAGE('Shuttle Bids'!U874,'Shuttle Bids'!U770,'Shuttle Bids'!U822) -> -100 | BH37: =AVERAGE('Shuttle Bids'!V874,'Shuttle Bids'!V770,'Shuttle Bids'!V822) -> -100 | BJ37: =AVERAGE('Shuttle Bids'!Y873,'Shuttle Bids'!Y769,'Shuttle Bids'!Y821) -> -100 | BK37: =AVERAGE('Shuttle Bids'!Z873,'Shuttle Bids'!Z769,'Shuttle Bids'!Z821) -> -100 | BV37: =+BV36+1 -> 39 | BW37: =AVERAGE('Shuttle Bids'!AN916,'Shuttle Bids'!AN864,'Shuttle Bids'!AN812) -> 2551.3333 | BX37: =AVERAGE('Shuttle Bids'!AO916,'Shuttle Bids'!AO864,'Shuttle Bids'!AO812) -> 1400 | BY37: =AVERAGE('Shuttle Bids'!AP916,'Shuttle Bids'!AP864,'Shuttle Bids'!AP812) -> 1975.6667 | BZ37: =+BZ36+1 -> 43 | CA37: =AVERAGE('Shuttle Bids'!AR763,'Shuttle Bids'!AR867,'Shuttle Bids'!AR815) -> 270.66667 | CB37: =AVERAGE('Shuttle Bids'!AS763,'Shuttle Bids'!AS867,'Shuttle Bids'!AS815) -> 0 | CC37: =AVERAGE('Shuttle Bids'!AT763,'Shuttle Bids'!AT867,'Shuttle Bids'!AT815) -> 135.33333 | CD37: 50 | CE37: =AVERAGE('Shuttle Bids'!AV770,'Shuttle Bids'!AV874,'Shuttle Bids'!AV822) -> 852.66667 | CF37: =AVERAGE('Shuttle Bids'!AW770,'Shuttle Bids'!AW874,'Shuttle Bids'!AW822) -> 87.333333 | CG37: =AVERAGE('Shuttle Bids'!AX770,'Shuttle Bids'!AX874,'Shuttle Bids'!AX822) -> 470
A38: =+'Non-shuttle Bids'!A144 -> 50 | B38: =AVERAGE('Non-shuttle Bids'!D875,'Non-shuttle Bids'!D771,'Non-shuttle Bids'!D823) -> 232.33333 | C38: =AVERAGE('Non-shuttle Bids'!E875,'Non-shuttle Bids'!E771,'Non-shuttle Bids'!E823) -> 62.5 | D38: =AVERAGE('Non-shuttle Bids'!F875,'Non-shuttle Bids'!F771,'Non-shuttle Bids'!F823) -> 139.16667 | E38: =AVERAGE('Non-shuttle Bids'!H822,'Non-shuttle Bids'!H770,'Non-shuttle Bids'!H874) -> 0 | G38: =AVERAGE('Non-shuttle Bids'!J822,'Non-shuttle Bids'!J770,'Non-shuttle Bids'!J874) -> 0 | H38: =AVERAGE('Non-shuttle Bids'!L822,'Non-shuttle Bids'!L770,'Non-shuttle Bids'!L874) -> 200 | J38: =AVERAGE('Non-shuttle Bids'!N822,'Non-shuttle Bids'!N770,'Non-shuttle Bids'!N874) -> 200 | K38: 50 | AE38: =+AE37+1 -> 40 | AF38: =AVERAGE('Non-shuttle Bids'!AN917,'Non-shuttle Bids'!AN865,'Non-shuttle Bids'!AN813) -> 1508.3333 | AG38: =AVERAGE('Non-shuttle Bids'!AO917,'Non-shuttle Bids'!AO865,'Non-shuttle Bids'!AO813) -> 537.66667 | AH38: =AVERAGE('Non-shuttle Bids'!AP917,'Non-shuttle Bids'!AP865,'Non-shuttle Bids'!AP813) -> 1023 | AI38: =+AI37+1 -> 44 | AJ38: =AVERAGE('Non-shuttle Bids'!AR816,'Non-shuttle Bids'!AR868,'Non-shuttle Bids'!AR764) -> 229.66667 | AK38: =AVERAGE('Non-shuttle Bids'!AS816,'Non-shuttle Bids'!AS868,'Non-shuttle Bids'!AS764) -> 21.333333 | AL38: =AVERAGE('Non-shuttle Bids'!AT816,'Non-shuttle Bids'!AT868,'Non-shuttle Bids'!AT764) -> 125.5 | AM38: 51 | AN38: =AVERAGE('Non-shuttle Bids'!AV823,'Non-shuttle Bids'!AV875,'Non-shuttle Bids'!AV771) -> 900 | AO38: =AVERAGE('Non-shuttle Bids'!AW823,'Non-shuttle Bids'!AW875,'Non-shuttle Bids'!AW771) -> 144 | AP38: =AVERAGE('Non-shuttle Bids'!AX823,'Non-shuttle Bids'!AX875,'Non-shuttle Bids'!AX771) -> 297 | AR38: 50 | AS38: =AVERAGE('Shuttle Bids'!D875,'Shuttle Bids'!D771,'Shuttle Bids'!D823) -> -113 | AT38: =AVERAGE('Shuttle Bids'!E875,'Shuttle Bids'!E771,'Shuttle Bids'!E823) -> 247.66667 | AU38: =AVERAGE('Shuttle Bids'!F875,'Shuttle Bids'!F771,'Shuttle Bids'!F823) -> 247.66667 | AW38: =AVERAGE('Shuttle Bids'!I874,'Shuttle Bids'!I770,'Shuttle Bids'!I822) -> 25 | AX38: =AVERAGE('Shuttle Bids'!J874,'Shuttle Bids'!J770,'Shuttle Bids'!J822) -> 25 | AZ38: =AVERAGE('Shuttle Bids'!M875,'Shuttle Bids'!M771,'Shuttle Bids'!M823) -> 8.3333333 | BA38: =AVERAGE('Shuttle Bids'!N875,'Shuttle Bids'!N771,'Shuttle Bids'!N823) -> 8.3333333 | BB38: 50 | BD38: =AVERAGE('Shuttle Bids'!Q875,'Shuttle Bids'!Q771,'Shuttle Bids'!Q823) -> -262.5 | BE38: =AVERAGE('Shuttle Bids'!R875,'Shuttle Bids'!R771,'Shuttle Bids'!R823) -> -262.5 | BG38: =AVERAGE('Shuttle Bids'!U875,'Shuttle Bids'!U771,'Shuttle Bids'!U823) -> -150 | BH38: =AVERAGE('Shuttle Bids'!V875,'Shuttle Bids'!V771,'Shuttle Bids'!V823) -> -150 | BJ38: =AVERAGE('Shuttle Bids'!Y874,'Shuttle Bids'!Y770,'Shuttle Bids'!Y822) -> -87.5 | BK38: =AVERAGE('Shuttle Bids'!Z874,'Shuttle Bids'!Z770,'Shuttle Bids'!Z822) -> -87.5 | BV38: =+BV37+1 -> 40 | BW38: =AVERAGE('Shuttle Bids'!AN917,'Shuttle Bids'!AN865,'Shuttle Bids'!AN813) -> 2114 | BX38: =AVERAGE('Shuttle Bids'!AO917,'Shuttle Bids'!AO865,'Shuttle Bids'!AO813) -> 1358.3333 | BY38: =AVERAGE('Shuttle Bids'!AP917,'Shuttle Bids'!AP865,'Shuttle Bids'!AP813) -> 1736.1667 | BZ38: =+BZ37+1 -> 44 | CA38: =AVERAGE('Shuttle Bids'!AR764,'Shuttle Bids'!AR868,'Shuttle Bids'!AR816) -> 379 | CB38: =AVERAGE('Shuttle Bids'!AS764,'Shuttle Bids'!AS868,'Shuttle Bids'!AS816) -> -58.333333 | CC38: =AVERAGE('Shuttle Bids'!AT764,'Shuttle Bids'!AT868,'Shuttle Bids'!AT816) -> 160.33333 | CD38: 51 | CE38: =AVERAGE('Shuttle Bids'!AV771,'Shuttle Bids'!AV875,'Shuttle Bids'!AV823) -> 1362.5 | CF38: =AVERAGE('Shuttle Bids'!AW771,'Shuttle Bids'!AW875,'Shuttle Bids'!AW823) -> 612.5 | CG38: =AVERAGE('Shuttle Bids'!AX771,'Shuttle Bids'!AX875,'Shuttle Bids'!AX823) -> 987.5
A39: =+'Non-shuttle Bids'!A145 -> 51 | B39: =AVERAGE('Non-shuttle Bids'!D876,'Non-shuttle Bids'!D772,'Non-shuttle Bids'!D824) -> 308.33333 | C39: =AVERAGE('Non-shuttle Bids'!E876,'Non-shuttle Bids'!E772,'Non-shuttle Bids'!E824) -> 141.66667 | D39: =AVERAGE('Non-shuttle Bids'!F876,'Non-shuttle Bids'!F772,'Non-shuttle Bids'!F824) -> 225 | E39: =AVERAGE('Non-shuttle Bids'!H823,'Non-shuttle Bids'!H771,'Non-shuttle Bids'!H875) -> 400 | G39: =AVERAGE('Non-shuttle Bids'!J823,'Non-shuttle Bids'!J771,'Non-shuttle Bids'!J875) -> 400 | K39: 51 | AE39: 41 | AF39: =AVERAGE('Non-shuttle Bids'!AN918,'Non-shuttle Bids'!AN866,'Non-shuttle Bids'!AN814) -> 308.5 | AG39: =AVERAGE('Non-shuttle Bids'!AO918,'Non-shuttle Bids'!AO866,'Non-shuttle Bids'!AO814) -> 0 | AH39: =AVERAGE('Non-shuttle Bids'!AP918,'Non-shuttle Bids'!AP866,'Non-shuttle Bids'!AP814) -> 154.25 | AI39: 45 | AJ39: =AVERAGE('Non-shuttle Bids'!AR817,'Non-shuttle Bids'!AR869,'Non-shuttle Bids'!AR765) -> 516 | AK39: =AVERAGE('Non-shuttle Bids'!AS817,'Non-shuttle Bids'!AS869,'Non-shuttle Bids'!AS765) -> 58.333333 | AL39: =AVERAGE('Non-shuttle Bids'!AT817,'Non-shuttle Bids'!AT869,'Non-shuttle Bids'!AT765) -> 287.16667 | AR39: 51 | AS39: =AVERAGE('Shuttle Bids'!D876,'Shuttle Bids'!D772,'Shuttle Bids'!D824) -> 812.66667 | AT39: =AVERAGE('Shuttle Bids'!E876,'Shuttle Bids'!E772,'Shuttle Bids'!E824) -> 196 | AU39: =AVERAGE('Shuttle Bids'!F876,'Shuttle Bids'!F772,'Shuttle Bids'!F824) -> 504.33333 | AW39: =AVERAGE('Shuttle Bids'!I875,'Shuttle Bids'!I771,'Shuttle Bids'!I823) -> 33.333333 | AX39: =AVERAGE('Shuttle Bids'!J875,'Shuttle Bids'!J771,'Shuttle Bids'!J823) -> 33.333333 | AY39: =AVERAGE('Shuttle Bids'!L876,'Shuttle Bids'!L772,'Shuttle Bids'!L824) -> 500 | AZ39: =AVERAGE('Shuttle Bids'!M876,'Shuttle Bids'!M772,'Shuttle Bids'!M824) -> -33.333333 | BA39: =AVERAGE('Shuttle Bids'!N876,'Shuttle Bids'!N772,'Shuttle Bids'!N824) -> 25 | BB39: 51 | BD39: =AVERAGE('Shuttle Bids'!Q876,'Shuttle Bids'!Q772,'Shuttle Bids'!Q824) -> -100 | BE39: =AVERAGE('Shuttle Bids'!R876,'Shuttle Bids'!R772,'Shuttle Bids'!R824) -> -100 | BG39: =AVERAGE('Shuttle Bids'!U876,'Shuttle Bids'!U772,'Shuttle Bids'!U824) -> -100 | BH39: =AVERAGE('Shuttle Bids'!V876,'Shuttle Bids'!V772,'Shuttle Bids'!V824) -> -100 | BJ39: =AVERAGE('Shuttle Bids'!Y875,'Shuttle Bids'!Y771,'Shuttle Bids'!Y823) -> -100 | BK39: =AVERAGE('Shuttle Bids'!Z875,'Shuttle Bids'!Z771,'Shuttle Bids'!Z823) -> -100 | BV39: 41 | BW39: =AVERAGE('Shuttle Bids'!AN918,'Shuttle Bids'!AN866,'Shuttle Bids'!AN814) -> 2397.3333 | BX39: =AVERAGE('Shuttle Bids'!AO918,'Shuttle Bids'!AO866,'Shuttle Bids'!AO814) -> 1016.6667 | BY39: =AVERAGE('Shuttle Bids'!AP918,'Shuttle Bids'!AP866,'Shuttle Bids'!AP814) -> 1707 | BZ39: 45 | CA39: =AVERAGE('Shuttle Bids'!AR765,'Shuttle Bids'!AR869,'Shuttle Bids'!AR817) -> 654.33333 | CB39: =AVERAGE('Shuttle Bids'!AS765,'Shuttle Bids'!AS869,'Shuttle Bids'!AS817) -> 50 | CC39: =AVERAGE('Shuttle Bids'!AT765,'Shuttle Bids'!AT869,'Shuttle Bids'!AT817) -> 352.16667
A40: =+'Non-shuttle Bids'!A146 -> 52 | B40: =AVERAGE('Non-shuttle Bids'!D877,'Non-shuttle Bids'!D773,'Non-shuttle Bids'!D825) -> 308.33333 | C40: =AVERAGE('Non-shuttle Bids'!E877,'Non-shuttle Bids'!E773,'Non-shuttle Bids'!E825) -> 137.66667 | D40: =AVERAGE('Non-shuttle Bids'!F877,'Non-shuttle Bids'!F773,'Non-shuttle Bids'!F825) -> 223 | E40: =AVERAGE('Non-shuttle Bids'!H824,'Non-shuttle Bids'!H772,'Non-shuttle Bids'!H876) -> 400 | G40: =AVERAGE('Non-shuttle Bids'!J824,'Non-shuttle Bids'!J772,'Non-shuttle Bids'!J876) -> 400 | K40: 52 | U40: 52 | AE40: 42 | AI40: 46 | AJ40: =AVERAGE('Non-shuttle Bids'!AR818,'Non-shuttle Bids'!AR870,'Non-shuttle Bids'!AR766) -> 208.66667 | AK40: =AVERAGE('Non-shuttle Bids'!AS818,'Non-shuttle Bids'!AS870,'Non-shuttle Bids'!AS766) -> 108.33333 | AL40: =AVERAGE('Non-shuttle Bids'!AT818,'Non-shuttle Bids'!AT870,'Non-shuttle Bids'!AT766) -> 158.5 | AR40: 52 | AS40: =AVERAGE('Shuttle Bids'!D877,'Shuttle Bids'!D773,'Shuttle Bids'!D825) -> 698.66667 | AT40: =AVERAGE('Shuttle Bids'!E877,'Shuttle Bids'!E773,'Shuttle Bids'!E825) -> 362.66667 | AU40: =AVERAGE('Shuttle Bids'!F877,'Shuttle Bids'!F773,'Shuttle Bids'!F825) -> 530.66667 | AV40: =AVERAGE('Shuttle Bids'!H876,'Shuttle Bids'!H772,'Shuttle Bids'!H824) -> -325 | AW40: =AVERAGE('Shuttle Bids'!I876,'Shuttle Bids'!I772,'Shuttle Bids'!I824) -> 58.333333 | AX40: =AVERAGE('Shuttle Bids'!J876,'Shuttle Bids'!J772,'Shuttle Bids'!J824) -> 33.333333 | AY40: =AVERAGE('Shuttle Bids'!L877,'Shuttle Bids'!L773,'Shuttle Bids'!L825) -> 200 | AZ40: =AVERAGE('Shuttle Bids'!M877,'Shuttle Bids'!M773,'Shuttle Bids'!M825) -> -33.333333 | BA40: =AVERAGE('Shuttle Bids'!N877,'Shuttle Bids'!N773,'Shuttle Bids'!N825) -> 8.3333333 | BB40: 52 | BD40: =AVERAGE('Shuttle Bids'!Q877,'Shuttle Bids'!Q773,'Shuttle Bids'!Q825) -> 0 | BE40: =AVERAGE('Shuttle Bids'!R877,'Shuttle Bids'!R773,'Shuttle Bids'!R825) -> 0 | BG40: =AVERAGE('Shuttle Bids'!U877,'Shuttle Bids'!U773,'Shuttle Bids'!U825) -> -50 | BH40: =AVERAGE('Shuttle Bids'!V877,'Shuttle Bids'!V773,'Shuttle Bids'!V825) -> -50 | BJ40: =AVERAGE('Shuttle Bids'!Y876,'Shuttle Bids'!Y772,'Shuttle Bids'!Y824) -> -100 | BK40: =AVERAGE('Shuttle Bids'!Z876,'Shuttle Bids'!Z772,'Shuttle Bids'!Z824) -> -100 | BL40: 52 | BN40: =AVERAGE('Shuttle Bids'!AC876,'Shuttle Bids'!AC772,'Shuttle Bids'!AC824) -> -100 | BO40: =AVERAGE('Shuttle Bids'!AD876,'Shuttle Bids'!AD772,'Shuttle Bids'!AD824) -> -100 | BV40: 42 | BZ40: 46 | CA40: =AVERAGE('Shuttle Bids'!AR766,'Shuttle Bids'!AR870,'Shuttle Bids'!AR818) -> 364.33333 | CB40: =AVERAGE('Shuttle Bids'!AS766,'Shuttle Bids'!AS870,'Shuttle Bids'!AS818) -> -58.333333 | CC40: =AVERAGE('Shuttle Bids'!AT766,'Shuttle Bids'!AT870,'Shuttle Bids'!AT818) -> 153
A41: 1 | B41: =AVERAGE('Non-shuttle Bids'!D878,'Non-shuttle Bids'!D774,'Non-shuttle Bids'!D826) -> 6 | C41: =AVERAGE('Non-shuttle Bids'!E878,'Non-shuttle Bids'!E774,'Non-shuttle Bids'!E826) -> 141.66667 | D41: =AVERAGE('Non-shuttle Bids'!F878,'Non-shuttle Bids'!F774,'Non-shuttle Bids'!F826) -> 139.5 | E41: =AVERAGE('Non-shuttle Bids'!H825,'Non-shuttle Bids'!H773,'Non-shuttle Bids'!H877) -> 400 | G41: =AVERAGE('Non-shuttle Bids'!J825,'Non-shuttle Bids'!J773,'Non-shuttle Bids'!J877) -> 400 | K41: 1 | U41: 1 | AI41: 47 | AJ41: =AVERAGE('Non-shuttle Bids'!AR819,'Non-shuttle Bids'!AR871,'Non-shuttle Bids'!AR767) -> 500 | AK41: =AVERAGE('Non-shuttle Bids'!AS819,'Non-shuttle Bids'!AS871,'Non-shuttle Bids'!AS767) -> 350 | AL41: =AVERAGE('Non-shuttle Bids'!AT819,'Non-shuttle Bids'!AT871,'Non-shuttle Bids'!AT767) -> 425 | AR41: 1 | AS41: =AVERAGE('Shuttle Bids'!D878,'Shuttle Bids'!D774,'Shuttle Bids'!D826) -> 779 | AT41: =AVERAGE('Shuttle Bids'!E878,'Shuttle Bids'!E774,'Shuttle Bids'!E826) -> 162.33333 | AU41: =AVERAGE('Shuttle Bids'!F878,'Shuttle Bids'!F774,'Shuttle Bids'!F826) -> 470.66667 | AV41: =AVERAGE('Shuttle Bids'!H877,'Shuttle Bids'!H773,'Shuttle Bids'!H825) -> 600 | AW41: =AVERAGE('Shuttle Bids'!I877,'Shuttle Bids'!I773,'Shuttle Bids'!I825) -> 87.333333 | AX41: =AVERAGE('Shuttle Bids'!J877,'Shuttle Bids'!J773,'Shuttle Bids'!J825) -> 208.16667 | AZ41: =AVERAGE('Shuttle Bids'!M878,'Shuttle Bids'!M774,'Shuttle Bids'!M826) -> -16.666667 | BA41: =AVERAGE('Shuttle Bids'!N878,'Shuttle Bids'!N774,'Shuttle Bids'!N826) -> -16.666667 | BB41: 1 | BD41: =AVERAGE('Shuttle Bids'!Q878,'Shuttle Bids'!Q774,'Shuttle Bids'!Q826) -> -50 | BE41: =AVERAGE('Shuttle Bids'!R878,'Shuttle Bids'!R774,'Shuttle Bids'!R826) -> -50 | BG41: =AVERAGE('Shuttle Bids'!U878,'Shuttle Bids'!U774,'Shuttle Bids'!U826) -> -100 | BH41: =AVERAGE('Shuttle Bids'!V878,'Shuttle Bids'!V774,'Shuttle Bids'!V826) -> -100 | BJ41: =AVERAGE('Shuttle Bids'!Y877,'Shuttle Bids'!Y773,'Shuttle Bids'!Y825) -> -100 | BK41: =AVERAGE('Shuttle Bids'!Z877,'Shuttle Bids'!Z773,'Shuttle Bids'!Z825) -> -100 | BL41: 1 | BN41: =AVERAGE('Shuttle Bids'!AC877,'Shuttle Bids'!AC773,'Shuttle Bids'!AC825) -> -100 | BO41: =AVERAGE('Shuttle Bids'!AD877,'Shuttle Bids'!AD773,'Shuttle Bids'!AD825) -> -100 | BZ41: 47 | CA41: =AVERAGE('Shuttle Bids'!AR767,'Shuttle Bids'!AR871,'Shuttle Bids'!AR819) -> 500 | CC41: =AVERAGE('Shuttle Bids'!AT767,'Shuttle Bids'!AT871,'Shuttle Bids'!AT819) -> 500
A42: =+A41+1 -> 2 | B42: =AVERAGE('Non-shuttle Bids'!D879,'Non-shuttle Bids'!D775,'Non-shuttle Bids'!D827) -> -19 | C42: =AVERAGE('Non-shuttle Bids'!E879,'Non-shuttle Bids'!E775,'Non-shuttle Bids'!E827) -> 0 | D42: =AVERAGE('Non-shuttle Bids'!F879,'Non-shuttle Bids'!F775,'Non-shuttle Bids'!F827) -> -9.5 | E42: =AVERAGE('Non-shuttle Bids'!H826,'Non-shuttle Bids'!H774,'Non-shuttle Bids'!H878) -> 0 | F42: =AVERAGE('Non-shuttle Bids'!I826,'Non-shuttle Bids'!I774,'Non-shuttle Bids'!I878) -> 25 | G42: =AVERAGE('Non-shuttle Bids'!J826,'Non-shuttle Bids'!J774,'Non-shuttle Bids'!J878) -> 12.5 | K42: =+K41+1 -> 2 | U42: =+U41+1 -> 2 | AR42: 2 | AS42: =AVERAGE('Shuttle Bids'!D879,'Shuttle Bids'!D775,'Shuttle Bids'!D827) -> 912.33333 | AT42: =AVERAGE('Shuttle Bids'!E879,'Shuttle Bids'!E775,'Shuttle Bids'!E827) -> 166.66667 | AU42: =AVERAGE('Shuttle Bids'!F879,'Shuttle Bids'!F775,'Shuttle Bids'!F827) -> 539.5 | AW42: =AVERAGE('Shuttle Bids'!I878,'Shuttle Bids'!I774,'Shuttle Bids'!I826) -> 20.666667 | AX42: =AVERAGE('Shuttle Bids'!J878,'Shuttle Bids'!J774,'Shuttle Bids'!J826) -> 20.666667 | AZ42: =AVERAGE('Shuttle Bids'!M879,'Shuttle Bids'!M775,'Shuttle Bids'!M827) -> 25 | BA42: =AVERAGE('Shuttle Bids'!N879,'Shuttle Bids'!N775,'Shuttle Bids'!N827) -> 25 | BB42: 2 | BG42: =AVERAGE('Shuttle Bids'!U879,'Shuttle Bids'!U775,'Shuttle Bids'!U827) -> 0 | BH42: =AVERAGE('Shuttle Bids'!V879,'Shuttle Bids'!V775,'Shuttle Bids'!V827) -> 0 | BJ42: =AVERAGE('Shuttle Bids'!Y878,'Shuttle Bids'!Y774,'Shuttle Bids'!Y826) -> -100 | BK42: =AVERAGE('Shuttle Bids'!Z878,'Shuttle Bids'!Z774,'Shuttle Bids'!Z826) -> -100 | BL42: 2 | BN42: =AVERAGE('Shuttle Bids'!AC878,'Shuttle Bids'!AC774,'Shuttle Bids'!AC826) -> -100 | BO42: =AVERAGE('Shuttle Bids'!AD878,'Shuttle Bids'!AD774,'Shuttle Bids'!AD826) -> -100
A43: =+A42+1 -> 3 | E43: =AVERAGE('Non-shuttle Bids'!H827,'Non-shuttle Bids'!H775,'Non-shuttle Bids'!H879) -> 375 | F43: =AVERAGE('Non-shuttle Bids'!I827,'Non-shuttle Bids'!I775,'Non-shuttle Bids'!I879) -> 25 | G43: =AVERAGE('Non-shuttle Bids'!J827,'Non-shuttle Bids'!J775,'Non-shuttle Bids'!J879) -> 393.75 | K43: =+K42+1 -> 3 | U43: =+U42+1 -> 3 | AR43: 3 | AV43: =AVERAGE('Shuttle Bids'!H879,'Shuttle Bids'!H775,'Shuttle Bids'!H827) -> 2500 | AW43: =AVERAGE('Shuttle Bids'!I879,'Shuttle Bids'!I775,'Shuttle Bids'!I827) -> 166.66667 | AX43: =AVERAGE('Shuttle Bids'!J879,'Shuttle Bids'!J775,'Shuttle Bids'!J827) -> 466.66667 | AY43: =AVERAGE('Shuttle Bids'!L880,'Shuttle Bids'!L776,'Shuttle Bids'!L828) -> 1150 | AZ43: =AVERAGE('Shuttle Bids'!M880,'Shuttle Bids'!M776,'Shuttle Bids'!M828) -> -8.3333333 | BA43: =AVERAGE('Shuttle Bids'!N880,'Shuttle Bids'!N776,'Shuttle Bids'!N828) -> 141.66667 | BB43: 3 | BD43: =AVERAGE('Shuttle Bids'!Q880,'Shuttle Bids'!Q776,'Shuttle Bids'!Q828) -> 50 | BE43: =AVERAGE('Shuttle Bids'!R880,'Shuttle Bids'!R776,'Shuttle Bids'!R828) -> 50 | BG43: =AVERAGE('Shuttle Bids'!U880,'Shuttle Bids'!U776,'Shuttle Bids'!U828) -> 100 | BH43: =AVERAGE('Shuttle Bids'!V880,'Shuttle Bids'!V776,'Shuttle Bids'!V828) -> 100 | BJ43: =AVERAGE('Shuttle Bids'!Y879,'Shuttle Bids'!Y775,'Shuttle Bids'!Y827) -> -100 | BK43: =AVERAGE('Shuttle Bids'!Z879,'Shuttle Bids'!Z775,'Shuttle Bids'!Z827) -> -100 | BL43: 3 | BM43: =AVERAGE('Shuttle Bids'!AB879,'Shuttle Bids'!AB775,'Shuttle Bids'!AB827) -> -300 | BN43: =AVERAGE('Shuttle Bids'!AC879,'Shuttle Bids'!AC775,'Shuttle Bids'!AC827) -> -187.5 | BO43: =AVERAGE('Shuttle Bids'!AD879,'Shuttle Bids'!AD775,'Shuttle Bids'!AD827) -> -193.75
A44: 4 | E44: =AVERAGE('Non-shuttle Bids'!H828,'Non-shuttle Bids'!H776,'Non-shuttle Bids'!H880) -> 737.5 | F44: =AVERAGE('Non-shuttle Bids'!I828,'Non-shuttle Bids'!I776,'Non-shuttle Bids'!I880) -> 234 | G44: =AVERAGE('Non-shuttle Bids'!J828,'Non-shuttle Bids'!J776,'Non-shuttle Bids'!J880) -> 485.75 | H44: =AVERAGE('Non-shuttle Bids'!L828,'Non-shuttle Bids'!L776,'Non-shuttle Bids'!L880) -> 0 | J44: =AVERAGE('Non-shuttle Bids'!N828,'Non-shuttle Bids'!N776,'Non-shuttle Bids'!N880) -> 0 | K44: 4 | U44: 4 | AR44: 4 | AV44: =AVERAGE('Shuttle Bids'!H880,'Shuttle Bids'!H776,'Shuttle Bids'!H828) -> 789 | AW44: =AVERAGE('Shuttle Bids'!I880,'Shuttle Bids'!I776,'Shuttle Bids'!I828) -> 152 | AX44: =AVERAGE('Shuttle Bids'!J880,'Shuttle Bids'!J776,'Shuttle Bids'!J828) -> 470.5 | AY44: =AVERAGE('Shuttle Bids'!L881,'Shuttle Bids'!L777,'Shuttle Bids'!L829) -> 700 | AZ44: =AVERAGE('Shuttle Bids'!M881,'Shuttle Bids'!M777,'Shuttle Bids'!M829) -> 2.6666667 | BA44: =AVERAGE('Shuttle Bids'!N881,'Shuttle Bids'!N777,'Shuttle Bids'!N829) -> 68 | BB44: 4 | BJ44: =AVERAGE('Shuttle Bids'!Y880,'Shuttle Bids'!Y776,'Shuttle Bids'!Y828) -> 0 | BK44: =AVERAGE('Shuttle Bids'!Z880,'Shuttle Bids'!Z776,'Shuttle Bids'!Z828) -> 0 | BL44: 4 | BN44: =AVERAGE('Shuttle Bids'!AC880,'Shuttle Bids'!AC776,'Shuttle Bids'!AC828) -> 0 | BO44: =AVERAGE('Shuttle Bids'!AD880,'Shuttle Bids'!AD776,'Shuttle Bids'!AD828) -> 0 | BQ44: =AVERAGE('Shuttle Bids'!AG880,'Shuttle Bids'!AG776,'Shuttle Bids'!AG828) -> 25 | BR44: =AVERAGE('Shuttle Bids'!AH880,'Shuttle Bids'!AH776,'Shuttle Bids'!AH828) -> 25
A45: 5 | E45: =AVERAGE('Non-shuttle Bids'!H829,'Non-shuttle Bids'!H777,'Non-shuttle Bids'!H881) -> 737.5 | F45: =AVERAGE('Non-shuttle Bids'!I829,'Non-shuttle Bids'!I777,'Non-shuttle Bids'!I881) -> 171.66667 | G45: =AVERAGE('Non-shuttle Bids'!J829,'Non-shuttle Bids'!J777,'Non-shuttle Bids'!J881) -> 333.33333 | H45: =AVERAGE('Non-shuttle Bids'!L829,'Non-shuttle Bids'!L777,'Non-shuttle Bids'!L881) -> 0 | I45: =AVERAGE('Non-shuttle Bids'!M829,'Non-shuttle Bids'!M777,'Non-shuttle Bids'!M881) -> 300 | J45: =AVERAGE('Non-shuttle Bids'!N829,'Non-shuttle Bids'!N777,'Non-shuttle Bids'!N881) -> 300 | K45: 5 | U45: 5 | AR45: 5 | AV45: =AVERAGE('Shuttle Bids'!H881,'Shuttle Bids'!H777,'Shuttle Bids'!H829) -> 394.33333 | AW45: =AVERAGE('Shuttle Bids'!I881,'Shuttle Bids'!I777,'Shuttle Bids'!I829) -> 162.33333 | AX45: =AVERAGE('Shuttle Bids'!J881,'Shuttle Bids'!J777,'Shuttle Bids'!J829) -> 278.33333 | AY45: =AVERAGE('Shuttle Bids'!L882,'Shuttle Bids'!L778,'Shuttle Bids'!L830) -> 950 | AZ45: =AVERAGE('Shuttle Bids'!M882,'Shuttle Bids'!M778,'Shuttle Bids'!M830) -> -8.3333333 | BA45: =AVERAGE('Shuttle Bids'!N882,'Shuttle Bids'!N778,'Shuttle Bids'!N830) -> 87.5 | BB45: 5 | BL45: 5 | BQ45: =AVERAGE('Shuttle Bids'!AG881,'Shuttle Bids'!AG777,'Shuttle Bids'!AG829) -> -50 | BR45: =AVERAGE('Shuttle Bids'!AH881,'Shuttle Bids'!AH777,'Shuttle Bids'!AH829) -> -50
A46: 6 | E46: =AVERAGE('Non-shuttle Bids'!H830,'Non-shuttle Bids'!H778,'Non-shuttle Bids'!H882) -> 324.66667 | F46: =AVERAGE('Non-shuttle Bids'!I830,'Non-shuttle Bids'!I778,'Non-shuttle Bids'!I882) -> 300 | G46: =AVERAGE('Non-shuttle Bids'!J830,'Non-shuttle Bids'!J778,'Non-shuttle Bids'!J882) -> 260.16667 | H46: =AVERAGE('Non-shuttle Bids'!L830,'Non-shuttle Bids'!L778,'Non-shuttle Bids'!L882) -> -5 | I46: =AVERAGE('Non-shuttle Bids'!M830,'Non-shuttle Bids'!M778,'Non-shuttle Bids'!M882) -> 200 | J46: =AVERAGE('Non-shuttle Bids'!N830,'Non-shuttle Bids'!N778,'Non-shuttle Bids'!N882) -> 199.16667 | K46: 6 | U46: 6 | AR46: 6 | AV46: =AVERAGE('Shuttle Bids'!H882,'Shuttle Bids'!H778,'Shuttle Bids'!H830) -> 388 | AW46: =AVERAGE('Shuttle Bids'!I882,'Shuttle Bids'!I778,'Shuttle Bids'!I830) -> 233.33333 | AX46: =AVERAGE('Shuttle Bids'!J882,'Shuttle Bids'!J778,'Shuttle Bids'!J830) -> 310.66667 | AY46: =AVERAGE('Shuttle Bids'!L883,'Shuttle Bids'!L779,'Shuttle Bids'!L831) -> -187.5 | AZ46: =AVERAGE('Shuttle Bids'!M883,'Shuttle Bids'!M779,'Shuttle Bids'!M831) -> 87.666667 | BA46: =AVERAGE('Shuttle Bids'!N883,'Shuttle Bids'!N779,'Shuttle Bids'!N831) -> 75.166667 | BB46: 6 | BC46: =AVERAGE('Shuttle Bids'!P883,'Shuttle Bids'!P779,'Shuttle Bids'!P831) -> -375 | BD46: =AVERAGE('Shuttle Bids'!Q883,'Shuttle Bids'!Q779,'Shuttle Bids'!Q831) -> -100 | BE46: =AVERAGE('Shuttle Bids'!R883,'Shuttle Bids'!R779,'Shuttle Bids'!R831) -> -237.5 | BL46: 6 | BQ46: =AVERAGE('Shuttle Bids'!AG882,'Shuttle Bids'!AG778,'Shuttle Bids'!AG830) -> -50 | BR46: =AVERAGE('Shuttle Bids'!AH882,'Shuttle Bids'!AH778,'Shuttle Bids'!AH830) -> -50
A47: 7 | E47: =AVERAGE('Non-shuttle Bids'!H831,'Non-shuttle Bids'!H779,'Non-shuttle Bids'!H883) -> 424.66667 | F47: =AVERAGE('Non-shuttle Bids'!I831,'Non-shuttle Bids'!I779,'Non-shuttle Bids'!I883) -> 179.33333 | G47: =AVERAGE('Non-shuttle Bids'!J831,'Non-shuttle Bids'!J779,'Non-shuttle Bids'!J883) -> 302 | H47: =AVERAGE('Non-shuttle Bids'!L831,'Non-shuttle Bids'!L779,'Non-shuttle Bids'!L883) -> 747.5 | I47: =AVERAGE('Non-shuttle Bids'!M831,'Non-shuttle Bids'!M779,'Non-shuttle Bids'!M883) -> 171 | J47: =AVERAGE('Non-shuttle Bids'!N831,'Non-shuttle Bids'!N779,'Non-shuttle Bids'!N883) -> 336.83333 | K47: 7 | U47: 7 | AR47: 7 | AV47: =AVERAGE('Shuttle Bids'!H883,'Shuttle Bids'!H779,'Shuttle Bids'!H831) -> 986 | AW47: =AVERAGE('Shuttle Bids'!I883,'Shuttle Bids'!I779,'Shuttle Bids'!I831) -> 137.33333 | AX47: =AVERAGE('Shuttle Bids'!J883,'Shuttle Bids'!J779,'Shuttle Bids'!J831) -> 561.66667 | AY47: =AVERAGE('Shuttle Bids'!L884,'Shuttle Bids'!L780,'Shuttle Bids'!L832) -> 514 | AZ47: =AVERAGE('Shuttle Bids'!M884,'Shuttle Bids'!M780,'Shuttle Bids'!M832) -> 87.333333 | BA47: =AVERAGE('Shuttle Bids'!N884,'Shuttle Bids'!N780,'Shuttle Bids'!N832) -> 300.66667 | BB47: 7 | BC47: =AVERAGE('Shuttle Bids'!P884,'Shuttle Bids'!P780,'Shuttle Bids'!P832) -> -219 | BD47: =AVERAGE('Shuttle Bids'!Q884,'Shuttle Bids'!Q780,'Shuttle Bids'!Q832) -> -200 | BE47: =AVERAGE('Shuttle Bids'!R884,'Shuttle Bids'!R780,'Shuttle Bids'!R832) -> -240.75 | BL47: 7 | BM47: =AVERAGE('Shuttle Bids'!AB883,'Shuttle Bids'!AB779,'Shuttle Bids'!AB831) -> -300 | BO47: =AVERAGE('Shuttle Bids'!AD883,'Shuttle Bids'!AD779,'Shuttle Bids'!AD831) -> -300 | BP47: =AVERAGE('Shuttle Bids'!AF883,'Shuttle Bids'!AF779,'Shuttle Bids'!AF831) -> -300 | BQ47: =AVERAGE('Shuttle Bids'!AG883,'Shuttle Bids'!AG779,'Shuttle Bids'!AG831) -> -50 | BR47: =AVERAGE('Shuttle Bids'!AH883,'Shuttle Bids'!AH779,'Shuttle Bids'!AH831) -> -175
A48: 8 | H48: =AVERAGE('Non-shuttle Bids'!L832,'Non-shuttle Bids'!L780,'Non-shuttle Bids'!L884) -> 13 | I48: =AVERAGE('Non-shuttle Bids'!M832,'Non-shuttle Bids'!M780,'Non-shuttle Bids'!M884) -> 2.5 | J48: =AVERAGE('Non-shuttle Bids'!N832,'Non-shuttle Bids'!N780,'Non-shuttle Bids'!N884) -> 5.75 | K48: 8 | U48: 8 | AR48: 8 | AY48: =AVERAGE('Shuttle Bids'!L885,'Shuttle Bids'!L781,'Shuttle Bids'!L833) -> 866.66667 | AZ48: =AVERAGE('Shuttle Bids'!M885,'Shuttle Bids'!M781,'Shuttle Bids'!M833) -> 124.33333 | BA48: =AVERAGE('Shuttle Bids'!N885,'Shuttle Bids'!N781,'Shuttle Bids'!N833) -> 495.5 | BB48: 8 | BD48: =AVERAGE('Shuttle Bids'!Q885,'Shuttle Bids'!Q781,'Shuttle Bids'!Q833) -> 87.5 | BE48: =AVERAGE('Shuttle Bids'!R885,'Shuttle Bids'!R781,'Shuttle Bids'!R833) -> 87.5 | BG48: =AVERAGE('Shuttle Bids'!U885,'Shuttle Bids'!U781,'Shuttle Bids'!U833) -> -75 | BH48: =AVERAGE('Shuttle Bids'!V885,'Shuttle Bids'!V781,'Shuttle Bids'!V833) -> -75 | BJ48: =AVERAGE('Shuttle Bids'!Y884,'Shuttle Bids'!Y780,'Shuttle Bids'!Y832) -> -50 | BK48: =AVERAGE('Shuttle Bids'!Z884,'Shuttle Bids'!Z780,'Shuttle Bids'!Z832) -> -50 | BL48: 8 | BQ48: =AVERAGE('Shuttle Bids'!AG884,'Shuttle Bids'!AG780,'Shuttle Bids'!AG832) -> -50 | BR48: =AVERAGE('Shuttle Bids'!AH884,'Shuttle Bids'!AH780,'Shuttle Bids'!AH832) -> -50
A49: 9 | H49: =AVERAGE('Non-shuttle Bids'!L833,'Non-shuttle Bids'!L781,'Non-shuttle Bids'!L885) -> -25 | I49: =AVERAGE('Non-shuttle Bids'!M833,'Non-shuttle Bids'!M781,'Non-shuttle Bids'!M885) -> -2.5 | J49: =AVERAGE('Non-shuttle Bids'!N833,'Non-shuttle Bids'!N781,'Non-shuttle Bids'!N885) -> -13.75 | K49: 9 | L49: =AVERAGE('Non-shuttle Bids'!P834,'Non-shuttle Bids'!P886,'Non-shuttle Bids'!P782) -> 1000 | N49: =AVERAGE('Non-shuttle Bids'!R834,'Non-shuttle Bids'!R886,'Non-shuttle Bids'!R782) -> 1000 | O49: =AVERAGE('Non-shuttle Bids'!T834,'Non-shuttle Bids'!T886,'Non-shuttle Bids'!T782) -> 800 | Q49: =AVERAGE('Non-shuttle Bids'!V834,'Non-shuttle Bids'!V886,'Non-shuttle Bids'!V782) -> 800 | U49: 9 | AR49: 9 | AY49: =AVERAGE('Shuttle Bids'!L886,'Shuttle Bids'!L782,'Shuttle Bids'!L834) -> 842.33333 | AZ49: =AVERAGE('Shuttle Bids'!M886,'Shuttle Bids'!M782,'Shuttle Bids'!M834) -> 187.33333 | BA49: =AVERAGE('Shuttle Bids'!N886,'Shuttle Bids'!N782,'Shuttle Bids'!N834) -> 514.83333 | BB49: 9 | BC49: =AVERAGE('Shuttle Bids'!P886,'Shuttle Bids'!P782,'Shuttle Bids'!P834) -> -256 | BD49: =AVERAGE('Shuttle Bids'!Q886,'Shuttle Bids'!Q782,'Shuttle Bids'!Q834) -> -29.333333 | BE49: =AVERAGE('Shuttle Bids'!R886,'Shuttle Bids'!R782,'Shuttle Bids'!R834) -> -22 | BG49: =AVERAGE('Shuttle Bids'!U886,'Shuttle Bids'!U782,'Shuttle Bids'!U834) -> -150 | BH49: =AVERAGE('Shuttle Bids'!V886,'Shuttle Bids'!V782,'Shuttle Bids'!V834) -> -150 | BL49: 9 | BM49: =AVERAGE('Shuttle Bids'!AB885,'Shuttle Bids'!AB781,'Shuttle Bids'!AB833) -> -125 | BO49: =AVERAGE('Shuttle Bids'!AD885,'Shuttle Bids'!AD781,'Shuttle Bids'!AD833) -> -125 | BP49: =AVERAGE('Shuttle Bids'!AF885,'Shuttle Bids'!AF781,'Shuttle Bids'!AF833) -> -125 | BQ49: =AVERAGE('Shuttle Bids'!AG885,'Shuttle Bids'!AG781,'Shuttle Bids'!AG833) -> -50 | BR49: =AVERAGE('Shuttle Bids'!AH885,'Shuttle Bids'!AH781,'Shuttle Bids'!AH833) -> -87.5 | BS49: =AVERAGE('Shuttle Bids'!AJ885,'Shuttle Bids'!AJ781,'Shuttle Bids'!AJ833) -> 316.66667 | BT49: =AVERAGE('Shuttle Bids'!AK885,'Shuttle Bids'!AK781,'Shuttle Bids'!AK833) -> -100 | BU49: =AVERAGE('Shuttle Bids'!AL885,'Shuttle Bids'!AL781,'Shuttle Bids'!AL833) -> 308.33333
A50: 10 | H50: =AVERAGE('Non-shuttle Bids'!L834,'Non-shuttle Bids'!L782,'Non-shuttle Bids'!L886) -> 520.66667 | I50: =AVERAGE('Non-shuttle Bids'!M834,'Non-shuttle Bids'!M782,'Non-shuttle Bids'!M886) -> 215 | J50: =AVERAGE('Non-shuttle Bids'!N834,'Non-shuttle Bids'!N782,'Non-shuttle Bids'!N886) -> 367.83333 | K50: 10 | L50: =AVERAGE('Non-shuttle Bids'!P835,'Non-shuttle Bids'!P887,'Non-shuttle Bids'!P783) -> 800 | N50: =AVERAGE('Non-shuttle Bids'!R835,'Non-shuttle Bids'!R887,'Non-shuttle Bids'!R783) -> 800 | O50: =AVERAGE('Non-shuttle Bids'!T835,'Non-shuttle Bids'!T887,'Non-shuttle Bids'!T783) -> 1000 | Q50: =AVERAGE('Non-shuttle Bids'!V835,'Non-shuttle Bids'!V887,'Non-shuttle Bids'!V783) -> 1000 | U50: 10 | AR50: 10 | AY50: =AVERAGE('Shuttle Bids'!L887,'Shuttle Bids'!L783,'Shuttle Bids'!L835) -> 1218.6667 | AZ50: =AVERAGE('Shuttle Bids'!M887,'Shuttle Bids'!M783,'Shuttle Bids'!M835) -> 474.66667 | BA50: =AVERAGE('Shuttle Bids'!N887,'Shuttle Bids'!N783,'Shuttle Bids'!N835) -> 846.66667 | BB50: 10 | BC50: =AVERAGE('Shuttle Bids'!P887,'Shuttle Bids'!P783,'Shuttle Bids'!P835) -> 2500 | BD50: =AVERAGE('Shuttle Bids'!Q887,'Shuttle Bids'!Q783,'Shuttle Bids'!Q835) -> 195.66667 | BE50: =AVERAGE('Shuttle Bids'!R887,'Shuttle Bids'!R783,'Shuttle Bids'!R835) -> 445.66667 | BG50: =AVERAGE('Shuttle Bids'!U887,'Shuttle Bids'!U783,'Shuttle Bids'!U835) -> -91.666667 | BH50: =AVERAGE('Shuttle Bids'!V887,'Shuttle Bids'!V783,'Shuttle Bids'!V835) -> -91.666667 | BL50: 10 | BN50: =AVERAGE('Shuttle Bids'!AC886,'Shuttle Bids'!AC782,'Shuttle Bids'!AC834) -> -250 | BO50: =AVERAGE('Shuttle Bids'!AD886,'Shuttle Bids'!AD782,'Shuttle Bids'!AD834) -> -250 | BQ50: =AVERAGE('Shuttle Bids'!AG886,'Shuttle Bids'!AG782,'Shuttle Bids'!AG834) -> -100 | BR50: =AVERAGE('Shuttle Bids'!AH886,'Shuttle Bids'!AH782,'Shuttle Bids'!AH834) -> -100 | BS50: =AVERAGE('Shuttle Bids'!AJ886,'Shuttle Bids'!AJ782,'Shuttle Bids'!AJ834) -> 500 | BT50: =AVERAGE('Shuttle Bids'!AK886,'Shuttle Bids'!AK782,'Shuttle Bids'!AK834) -> -100 | BU50: =AVERAGE('Shuttle Bids'!AL886,'Shuttle Bids'!AL782,'Shuttle Bids'!AL834) -> 300
A51: 11 | H51: =AVERAGE('Non-shuttle Bids'!L835,'Non-shuttle Bids'!L783,'Non-shuttle Bids'!L887) -> 527.66667 | I51: =AVERAGE('Non-shuttle Bids'!M835,'Non-shuttle Bids'!M783,'Non-shuttle Bids'!M887) -> 400 | J51: =AVERAGE('Non-shuttle Bids'!N835,'Non-shuttle Bids'!N783,'Non-shuttle Bids'!N887) -> 396.5 | K51: 11 | L51: =AVERAGE('Non-shuttle Bids'!P836,'Non-shuttle Bids'!P888,'Non-shuttle Bids'!P784) -> 2500 | M51: =AVERAGE('Non-shuttle Bids'!Q836,'Non-shuttle Bids'!Q888,'Non-shuttle Bids'!Q784) -> 1000 | N51: =AVERAGE('Non-shuttle Bids'!R836,'Non-shuttle Bids'!R888,'Non-shuttle Bids'!R784) -> 1750 | O51: =AVERAGE('Non-shuttle Bids'!T836,'Non-shuttle Bids'!T888,'Non-shuttle Bids'!T784) -> 1800 | Q51: =AVERAGE('Non-shuttle Bids'!V836,'Non-shuttle Bids'!V888,'Non-shuttle Bids'!V784) -> 1800 | U51: 11 | AR51: 11 | BB51: 11 | BC51: =AVERAGE('Shuttle Bids'!P888,'Shuttle Bids'!P784,'Shuttle Bids'!P836) -> 1085.3333 | BD51: =AVERAGE('Shuttle Bids'!Q888,'Shuttle Bids'!Q784,'Shuttle Bids'!Q836) -> 220.66667 | BE51: =AVERAGE('Shuttle Bids'!R888,'Shuttle Bids'!R784,'Shuttle Bids'!R836) -> 653 | BG51: =AVERAGE('Shuttle Bids'!U888,'Shuttle Bids'!U784,'Shuttle Bids'!U836) -> 58.333333 | BH51: =AVERAGE('Shuttle Bids'!V888,'Shuttle Bids'!V784,'Shuttle Bids'!V836) -> 58.333333 | BL51: 11 | BN51: =AVERAGE('Shuttle Bids'!AC887,'Shuttle Bids'!AC783,'Shuttle Bids'!AC835) -> -37.5 | BO51: =AVERAGE('Shuttle Bids'!AD887,'Shuttle Bids'!AD783,'Shuttle Bids'!AD835) -> -37.5 | BQ51: =AVERAGE('Shuttle Bids'!AG887,'Shuttle Bids'!AG783,'Shuttle Bids'!AG835) -> -125 | BR51: =AVERAGE('Shuttle Bids'!AH887,'Shuttle Bids'!AH783,'Shuttle Bids'!AH835) -> -125 | BS51: =AVERAGE('Shuttle Bids'!AJ887,'Shuttle Bids'!AJ783,'Shuttle Bids'!AJ835) -> 366.66667 | BT51: =AVERAGE('Shuttle Bids'!AK887,'Shuttle Bids'!AK783,'Shuttle Bids'!AK835) -> -175 | BU51: =AVERAGE('Shuttle Bids'!AL887,'Shuttle Bids'!AL783,'Shuttle Bids'!AL835) -> 341.66667
A52: 12 | K52: 12 | L52: =AVERAGE('Non-shuttle Bids'!P837,'Non-shuttle Bids'!P889,'Non-shuttle Bids'!P785) -> 920 | M52: =AVERAGE('Non-shuttle Bids'!Q837,'Non-shuttle Bids'!Q889,'Non-shuttle Bids'!Q785) -> 512.5 | N52: =AVERAGE('Non-shuttle Bids'!R837,'Non-shuttle Bids'!R889,'Non-shuttle Bids'!R785) -> 630.83333 | O52: =AVERAGE('Non-shuttle Bids'!T837,'Non-shuttle Bids'!T889,'Non-shuttle Bids'!T785) -> 900 | Q52: =AVERAGE('Non-shuttle Bids'!V837,'Non-shuttle Bids'!V889,'Non-shuttle Bids'!V785) -> 900 | U52: 12 | BB52: 12 | BC52: =AVERAGE('Shuttle Bids'!P889,'Shuttle Bids'!P785,'Shuttle Bids'!P837) -> 758.33333 | BD52: =AVERAGE('Shuttle Bids'!Q889,'Shuttle Bids'!Q785,'Shuttle Bids'!Q837) -> 458.33333 | BE52: =AVERAGE('Shuttle Bids'!R889,'Shuttle Bids'!R785,'Shuttle Bids'!R837) -> 608.33333 | BG52: =AVERAGE('Shuttle Bids'!U889,'Shuttle Bids'!U785,'Shuttle Bids'!U837) -> 180.66667 | BH52: =AVERAGE('Shuttle Bids'!V889,'Shuttle Bids'!V785,'Shuttle Bids'!V837) -> 180.66667 | BL52: 12 | BN52: =AVERAGE('Shuttle Bids'!AC888,'Shuttle Bids'!AC784,'Shuttle Bids'!AC836) -> -300 | BO52: =AVERAGE('Shuttle Bids'!AD888,'Shuttle Bids'!AD784,'Shuttle Bids'!AD836) -> -300 | BQ52: =AVERAGE('Shuttle Bids'!AG888,'Shuttle Bids'!AG784,'Shuttle Bids'!AG836) -> -100 | BR52: =AVERAGE('Shuttle Bids'!AH888,'Shuttle Bids'!AH784,'Shuttle Bids'!AH836) -> -100 | BS52: =AVERAGE('Shuttle Bids'!AJ888,'Shuttle Bids'!AJ784,'Shuttle Bids'!AJ836) -> -200 | BT52: =AVERAGE('Shuttle Bids'!AK888,'Shuttle Bids'!AK784,'Shuttle Bids'!AK836) -> -150 | BU52: =AVERAGE('Shuttle Bids'!AL888,'Shuttle Bids'!AL784,'Shuttle Bids'!AL836) -> -150
A53: 13 | K53: 13 | L53: =AVERAGE('Non-shuttle Bids'!P838,'Non-shuttle Bids'!P890,'Non-shuttle Bids'!P786) -> 666.66667 | M53: =AVERAGE('Non-shuttle Bids'!Q838,'Non-shuttle Bids'!Q890,'Non-shuttle Bids'!Q786) -> 591.66667 | N53: =AVERAGE('Non-shuttle Bids'!R838,'Non-shuttle Bids'!R890,'Non-shuttle Bids'!R786) -> 629.16667 | O53: =AVERAGE('Non-shuttle Bids'!T838,'Non-shuttle Bids'!T890,'Non-shuttle Bids'!T786) -> 750 | P53: =AVERAGE('Non-shuttle Bids'!U838,'Non-shuttle Bids'!U890,'Non-shuttle Bids'!U786) -> 1250 | Q53: =AVERAGE('Non-shuttle Bids'!V838,'Non-shuttle Bids'!V890,'Non-shuttle Bids'!V786) -> 687.5 | U53: 13 | BB53: 13 | BC53: =AVERAGE('Shuttle Bids'!P890,'Shuttle Bids'!P786,'Shuttle Bids'!P838) -> 943.66667 | BD53: =AVERAGE('Shuttle Bids'!Q890,'Shuttle Bids'!Q786,'Shuttle Bids'!Q838) -> 487.33333 | BE53: =AVERAGE('Shuttle Bids'!R890,'Shuttle Bids'!R786,'Shuttle Bids'!R838) -> 715.5 | BF53: =AVERAGE('Shuttle Bids'!T890,'Shuttle Bids'!T786,'Shuttle Bids'!T838) -> -244 | BG53: =AVERAGE('Shuttle Bids'!U890,'Shuttle Bids'!U786,'Shuttle Bids'!U838) -> 75 | BH53: =AVERAGE('Shuttle Bids'!V890,'Shuttle Bids'!V786,'Shuttle Bids'!V838) -> 89.5 | BL53: 13 | BM53: =AVERAGE('Shuttle Bids'!AB889,'Shuttle Bids'!AB785,'Shuttle Bids'!AB837) -> -350 | BN53: =AVERAGE('Shuttle Bids'!AC889,'Shuttle Bids'!AC785,'Shuttle Bids'!AC837) -> -300 | BO53: =AVERAGE('Shuttle Bids'!AD889,'Shuttle Bids'!AD785,'Shuttle Bids'!AD837) -> -325 | BQ53: =AVERAGE('Shuttle Bids'!AG889,'Shuttle Bids'!AG785,'Shuttle Bids'!AG837) -> -125 | BR53: =AVERAGE('Shuttle Bids'!AH889,'Shuttle Bids'!AH785,'Shuttle Bids'!AH837) -> -125 | BS53: =AVERAGE('Shuttle Bids'!AJ889,'Shuttle Bids'!AJ785,'Shuttle Bids'!AJ837) -> 668.5 | BT53: =AVERAGE('Shuttle Bids'!AK889,'Shuttle Bids'!AK785,'Shuttle Bids'!AK837) -> -162.5 | BU53: =AVERAGE('Shuttle Bids'!AL889,'Shuttle Bids'!AL785,'Shuttle Bids'!AL837) -> 397.83333
A54: 14 | K54: 14 | L54: =AVERAGE('Non-shuttle Bids'!P839,'Non-shuttle Bids'!P891,'Non-shuttle Bids'!P787) -> 2 | M54: =AVERAGE('Non-shuttle Bids'!Q839,'Non-shuttle Bids'!Q891,'Non-shuttle Bids'!Q787) -> 447.66667 | N54: =AVERAGE('Non-shuttle Bids'!R839,'Non-shuttle Bids'!R891,'Non-shuttle Bids'!R787) -> 445.33333 | O54: =AVERAGE('Non-shuttle Bids'!T839,'Non-shuttle Bids'!T891,'Non-shuttle Bids'!T787) -> 0 | P54: =AVERAGE('Non-shuttle Bids'!U839,'Non-shuttle Bids'!U891,'Non-shuttle Bids'!U787) -> 1500 | Q54: =AVERAGE('Non-shuttle Bids'!V839,'Non-shuttle Bids'!V891,'Non-shuttle Bids'!V787) -> 750 | R54: =AVERAGE('Non-shuttle Bids'!X890,'Non-shuttle Bids'!X838,'Non-shuttle Bids'!X786) -> 1500 | T54: =AVERAGE('Non-shuttle Bids'!Z890,'Non-shuttle Bids'!Z838,'Non-shuttle Bids'!Z786) -> 1500 | U54: 14 | BB54: 14 | BC54: =AVERAGE('Shuttle Bids'!P891,'Shuttle Bids'!P787,'Shuttle Bids'!P839) -> 670.66667 | BD54: =AVERAGE('Shuttle Bids'!Q891,'Shuttle Bids'!Q787,'Shuttle Bids'!Q839) -> 341.66667 | BE54: =AVERAGE('Shuttle Bids'!R891,'Shuttle Bids'!R787,'Shuttle Bids'!R839) -> 506.16667 | BF54: =AVERAGE('Shuttle Bids'!T891,'Shuttle Bids'!T787,'Shuttle Bids'!T839) -> -275 | BG54: =AVERAGE('Shuttle Bids'!U891,'Shuttle Bids'!U787,'Shuttle Bids'!U839) -> 102.66667 | BH54: =AVERAGE('Shuttle Bids'!V891,'Shuttle Bids'!V787,'Shuttle Bids'!V839) -> 119.33333 | BL54: 14 | BM54: =AVERAGE('Shuttle Bids'!AB890,'Shuttle Bids'!AB786,'Shuttle Bids'!AB838) -> -300 | BN54: =AVERAGE('Shuttle Bids'!AC890,'Shuttle Bids'!AC786,'Shuttle Bids'!AC838) -> -300 | BO54: =AVERAGE('Shuttle Bids'!AD890,'Shuttle Bids'!AD786,'Shuttle Bids'!AD838) -> -300 | BQ54: =AVERAGE('Shuttle Bids'!AG890,'Shuttle Bids'!AG786,'Shuttle Bids'!AG838) -> -150 | BR54: =AVERAGE('Shuttle Bids'!AH890,'Shuttle Bids'!AH786,'Shuttle Bids'!AH838) -> -150 | BS54: =AVERAGE('Shuttle Bids'!AJ890,'Shuttle Bids'!AJ786,'Shuttle Bids'!AJ838) -> 429 | BT54: =AVERAGE('Shuttle Bids'!AK890,'Shuttle Bids'!AK786,'Shuttle Bids'!AK838) -> -125 | BU54: =AVERAGE('Shuttle Bids'!AL890,'Shuttle Bids'!AL786,'Shuttle Bids'!AL838) -> 414.5
A55: 15 | K55: 15 | L55: =AVERAGE('Non-shuttle Bids'!P840,'Non-shuttle Bids'!P892,'Non-shuttle Bids'!P788) -> -13 | M55: =AVERAGE('Non-shuttle Bids'!Q840,'Non-shuttle Bids'!Q892,'Non-shuttle Bids'!Q788) -> 333.33333 | N55: =AVERAGE('Non-shuttle Bids'!R840,'Non-shuttle Bids'!R892,'Non-shuttle Bids'!R788) -> 329 | O55: =AVERAGE('Non-shuttle Bids'!T840,'Non-shuttle Bids'!T892,'Non-shuttle Bids'!T788) -> 0 | P55: =AVERAGE('Non-shuttle Bids'!U840,'Non-shuttle Bids'!U892,'Non-shuttle Bids'!U788) -> 775 | Q55: =AVERAGE('Non-shuttle Bids'!V840,'Non-shuttle Bids'!V892,'Non-shuttle Bids'!V788) -> 387.5 | U55: 15 | BB55: 15 | BC55: =AVERAGE('Shuttle Bids'!P892,'Shuttle Bids'!P788,'Shuttle Bids'!P840) -> 403 | BD55: =AVERAGE('Shuttle Bids'!Q892,'Shuttle Bids'!Q788,'Shuttle Bids'!Q840) -> 58.333333 | BE55: =AVERAGE('Shuttle Bids'!R892,'Shuttle Bids'!R788,'Shuttle Bids'!R840) -> 230.66667 | BG55: =AVERAGE('Shuttle Bids'!U892,'Shuttle Bids'!U788,'Shuttle Bids'!U840) -> 0.66666667 | BH55: =AVERAGE('Shuttle Bids'!V892,'Shuttle Bids'!V788,'Shuttle Bids'!V840) -> 0.66666667 | BI55: =AVERAGE('Shuttle Bids'!X891,'Shuttle Bids'!X787,'Shuttle Bids'!X839) -> -213 | BJ55: =AVERAGE('Shuttle Bids'!Y891,'Shuttle Bids'!Y787,'Shuttle Bids'!Y839) -> 850 | BK55: =AVERAGE('Shuttle Bids'!Z891,'Shuttle Bids'!Z787,'Shuttle Bids'!Z839) -> 318.5 | BL55: 15 | BM55: =AVERAGE('Shuttle Bids'!AB891,'Shuttle Bids'!AB787,'Shuttle Bids'!AB839) -> -300 | BN55: =AVERAGE('Shuttle Bids'!AC891,'Shuttle Bids'!AC787,'Shuttle Bids'!AC839) -> -300 | BO55: =AVERAGE('Shuttle Bids'!AD891,'Shuttle Bids'!AD787,'Shuttle Bids'!AD839) -> -300 | BQ55: =AVERAGE('Shuttle Bids'!AG891,'Shuttle Bids'!AG787,'Shuttle Bids'!AG839) -> -150 | BR55: =AVERAGE('Shuttle Bids'!AH891,'Shuttle Bids'!AH787,'Shuttle Bids'!AH839) -> -150 | BS55: =AVERAGE('Shuttle Bids'!AJ891,'Shuttle Bids'!AJ787,'Shuttle Bids'!AJ839) -> 800 | BT55: =AVERAGE('Shuttle Bids'!AK891,'Shuttle Bids'!AK787,'Shuttle Bids'!AK839) -> -150 | BU55: =AVERAGE('Shuttle Bids'!AL891,'Shuttle Bids'!AL787,'Shuttle Bids'!AL839) -> 483.33333
A56: 16 | K56: 16 | O56: =AVERAGE('Non-shuttle Bids'!T841,'Non-shuttle Bids'!T893,'Non-shuttle Bids'!T789) -> 1250 | P56: =AVERAGE('Non-shuttle Bids'!U841,'Non-shuttle Bids'!U893,'Non-shuttle Bids'!U789) -> 0 | Q56: =AVERAGE('Non-shuttle Bids'!V841,'Non-shuttle Bids'!V893,'Non-shuttle Bids'!V789) -> 1250 | U56: 16 | BB56: 16 | BF56: =AVERAGE('Shuttle Bids'!T893,'Shuttle Bids'!T789,'Shuttle Bids'!T841) -> 677 | BG56: =AVERAGE('Shuttle Bids'!U893,'Shuttle Bids'!U789,'Shuttle Bids'!U841) -> 16.666667 | BH56: =AVERAGE('Shuttle Bids'!V893,'Shuttle Bids'!V789,'Shuttle Bids'!V841) -> 346.83333 | BI56: =AVERAGE('Shuttle Bids'!X892,'Shuttle Bids'!X788,'Shuttle Bids'!X840) -> -213 | BJ56: =AVERAGE('Shuttle Bids'!Y892,'Shuttle Bids'!Y788,'Shuttle Bids'!Y840) -> 450 | BK56: =AVERAGE('Shuttle Bids'!Z892,'Shuttle Bids'!Z788,'Shuttle Bids'!Z840) -> 118.5 | BL56: 16 | BM56: =AVERAGE('Shuttle Bids'!AB892,'Shuttle Bids'!AB788,'Shuttle Bids'!AB840) -> -300 | BN56: =AVERAGE('Shuttle Bids'!AC892,'Shuttle Bids'!AC788,'Shuttle Bids'!AC840) -> 400 | BO56: =AVERAGE('Shuttle Bids'!AD892,'Shuttle Bids'!AD788,'Shuttle Bids'!AD840) -> 50 | BQ56: =AVERAGE('Shuttle Bids'!AG892,'Shuttle Bids'!AG788,'Shuttle Bids'!AG840) -> -150 | BR56: =AVERAGE('Shuttle Bids'!AH892,'Shuttle Bids'!AH788,'Shuttle Bids'!AH840) -> -150 | BS56: =AVERAGE('Shuttle Bids'!AJ892,'Shuttle Bids'!AJ788,'Shuttle Bids'!AJ840) -> 737.5 | BT56: =AVERAGE('Shuttle Bids'!AK892,'Shuttle Bids'!AK788,'Shuttle Bids'!AK840) -> -150 | BU56: =AVERAGE('Shuttle Bids'!AL892,'Shuttle Bids'!AL788,'Shuttle Bids'!AL840) -> 441.66667
A57: 17 | K57: 17 | O57: =AVERAGE('Non-shuttle Bids'!T842,'Non-shuttle Bids'!T894,'Non-shuttle Bids'!T790) -> 496.66667 | P57: =AVERAGE('Non-shuttle Bids'!U842,'Non-shuttle Bids'!U894,'Non-shuttle Bids'!U790) -> 83.333333 | Q57: =AVERAGE('Non-shuttle Bids'!V842,'Non-shuttle Bids'!V894,'Non-shuttle Bids'!V790) -> 290 | U57: 17 | BB57: 17 | BF57: =AVERAGE('Shuttle Bids'!T894,'Shuttle Bids'!T790,'Shuttle Bids'!T842) -> 366.66667 | BG57: =AVERAGE('Shuttle Bids'!U894,'Shuttle Bids'!U790,'Shuttle Bids'!U842) -> -89 | BH57: =AVERAGE('Shuttle Bids'!V894,'Shuttle Bids'!V790,'Shuttle Bids'!V842) -> 138.83333 | BI57: =AVERAGE('Shuttle Bids'!X893,'Shuttle Bids'!X789,'Shuttle Bids'!X841) -> -225 | BJ57: =AVERAGE('Shuttle Bids'!Y893,'Shuttle Bids'!Y789,'Shuttle Bids'!Y841) -> -33.333333 | BK57: =AVERAGE('Shuttle Bids'!Z893,'Shuttle Bids'!Z789,'Shuttle Bids'!Z841) -> -45.833333 | BL57: 17 | BN57: =AVERAGE('Shuttle Bids'!AC893,'Shuttle Bids'!AC789,'Shuttle Bids'!AC841) -> 50 | BO57: =AVERAGE('Shuttle Bids'!AD893,'Shuttle Bids'!AD789,'Shuttle Bids'!AD841) -> 50 | BQ57: =AVERAGE('Shuttle Bids'!AG893,'Shuttle Bids'!AG789,'Shuttle Bids'!AG841) -> -150 | BR57: =AVERAGE('Shuttle Bids'!AH893,'Shuttle Bids'!AH789,'Shuttle Bids'!AH841) -> -150 | BS57: =AVERAGE('Shuttle Bids'!AJ893,'Shuttle Bids'!AJ789,'Shuttle Bids'!AJ841) -> 750 | BT57: =AVERAGE('Shuttle Bids'!AK893,'Shuttle Bids'!AK789,'Shuttle Bids'!AK841) -> -150 | BU57: =AVERAGE('Shuttle Bids'!AL893,'Shuttle Bids'!AL789,'Shuttle Bids'!AL841) -> 450
A58: 18 | K58: 18 | O58: =AVERAGE('Non-shuttle Bids'!T843,'Non-shuttle Bids'!T895,'Non-shuttle Bids'!T791) -> 406 | P58: =AVERAGE('Non-shuttle Bids'!U843,'Non-shuttle Bids'!U895,'Non-shuttle Bids'!U791) -> 73.333333 | Q58: =AVERAGE('Non-shuttle Bids'!V843,'Non-shuttle Bids'!V895,'Non-shuttle Bids'!V791) -> 239.66667 | R58: =AVERAGE('Non-shuttle Bids'!X894,'Non-shuttle Bids'!X842,'Non-shuttle Bids'!X790) -> 500 | S58: =AVERAGE('Non-shuttle Bids'!Y894,'Non-shuttle Bids'!Y842,'Non-shuttle Bids'!Y790) -> 15 | T58: =AVERAGE('Non-shuttle Bids'!Z894,'Non-shuttle Bids'!Z842,'Non-shuttle Bids'!Z790) -> 257.5 | U58: 18 | BB58: 18 | BF58: =AVERAGE('Shuttle Bids'!T895,'Shuttle Bids'!T791,'Shuttle Bids'!T843) -> 208.33333 | BG58: =AVERAGE('Shuttle Bids'!U895,'Shuttle Bids'!U791,'Shuttle Bids'!U843) -> -109.66667 | BH58: =AVERAGE('Shuttle Bids'!V895,'Shuttle Bids'!V791,'Shuttle Bids'!V843) -> 49.333333 | BI58: =AVERAGE('Shuttle Bids'!X894,'Shuttle Bids'!X790,'Shuttle Bids'!X842) -> 325 | BJ58: =AVERAGE('Shuttle Bids'!Y894,'Shuttle Bids'!Y790,'Shuttle Bids'!Y842) -> -108.33333 | BK58: =AVERAGE('Shuttle Bids'!Z894,'Shuttle Bids'!Z790,'Shuttle Bids'!Z842) -> 108.33333 | BL58: 18 | BM58: =AVERAGE('Shuttle Bids'!AB894,'Shuttle Bids'!AB790,'Shuttle Bids'!AB842) -> -250 | BN58: =AVERAGE('Shuttle Bids'!AC894,'Shuttle Bids'!AC790,'Shuttle Bids'!AC842) -> -37.5 | BO58: =AVERAGE('Shuttle Bids'!AD894,'Shuttle Bids'!AD790,'Shuttle Bids'!AD842) -> -56.25 | BQ58: =AVERAGE('Shuttle Bids'!AG894,'Shuttle Bids'!AG790,'Shuttle Bids'!AG842) -> -175 | BR58: =AVERAGE('Shuttle Bids'!AH894,'Shuttle Bids'!AH790,'Shuttle Bids'!AH842) -> -175 | BS58: =AVERAGE('Shuttle Bids'!AJ894,'Shuttle Bids'!AJ790,'Shuttle Bids'!AJ842) -> -100 | BT58: =AVERAGE('Shuttle Bids'!AK894,'Shuttle Bids'!AK790,'Shuttle Bids'!AK842) -> 150 | BU58: =AVERAGE('Shuttle Bids'!AL894,'Shuttle Bids'!AL790,'Shuttle Bids'!AL842) -> 25
A59: 19 | K59: 19 | O59: =AVERAGE('Non-shuttle Bids'!T844,'Non-shuttle Bids'!T896,'Non-shuttle Bids'!T792) -> 11 | P59: =AVERAGE('Non-shuttle Bids'!U844,'Non-shuttle Bids'!U896,'Non-shuttle Bids'!U792) -> 100 | Q59: =AVERAGE('Non-shuttle Bids'!V844,'Non-shuttle Bids'!V896,'Non-shuttle Bids'!V792) -> 74 | R59: =AVERAGE('Non-shuttle Bids'!X895,'Non-shuttle Bids'!X843,'Non-shuttle Bids'!X791) -> 291.66667 | S59: =AVERAGE('Non-shuttle Bids'!Y895,'Non-shuttle Bids'!Y843,'Non-shuttle Bids'!Y791) -> 13 | T59: =AVERAGE('Non-shuttle Bids'!Z895,'Non-shuttle Bids'!Z843,'Non-shuttle Bids'!Z791) -> 293.83333 | U59: 19 | BB59: 19 | BF59: =AVERAGE('Shuttle Bids'!T896,'Shuttle Bids'!T792,'Shuttle Bids'!T844) -> -114.66667 | BG59: =AVERAGE('Shuttle Bids'!U896,'Shuttle Bids'!U792,'Shuttle Bids'!U844) -> -221 | BH59: =AVERAGE('Shuttle Bids'!V896,'Shuttle Bids'!V792,'Shuttle Bids'!V844) -> -131 | BI59: =AVERAGE('Shuttle Bids'!X895,'Shuttle Bids'!X791,'Shuttle Bids'!X843) -> -183 | BJ59: =AVERAGE('Shuttle Bids'!Y895,'Shuttle Bids'!Y791,'Shuttle Bids'!Y843) -> -175 | BK59: =AVERAGE('Shuttle Bids'!Z895,'Shuttle Bids'!Z791,'Shuttle Bids'!Z843) -> -143 | BL59: 19 | BN59: =AVERAGE('Shuttle Bids'!AC895,'Shuttle Bids'!AC791,'Shuttle Bids'!AC843) -> -106.5 | BO59: =AVERAGE('Shuttle Bids'!AD895,'Shuttle Bids'!AD791,'Shuttle Bids'!AD843) -> -106.5 | BQ59: =AVERAGE('Shuttle Bids'!AG895,'Shuttle Bids'!AG791,'Shuttle Bids'!AG843) -> -6.5 | BR59: =AVERAGE('Shuttle Bids'!AH895,'Shuttle Bids'!AH791,'Shuttle Bids'!AH843) -> -6.5 | BS59: =AVERAGE('Shuttle Bids'!AJ895,'Shuttle Bids'!AJ791,'Shuttle Bids'!AJ843) -> 150 | BT59: =AVERAGE('Shuttle Bids'!AK895,'Shuttle Bids'!AK791,'Shuttle Bids'!AK843) -> -63 | BU59: =AVERAGE('Shuttle Bids'!AL895,'Shuttle Bids'!AL791,'Shuttle Bids'!AL843) -> 79
A60: 20 | K60: 20 | R60: =AVERAGE('Non-shuttle Bids'!X896,'Non-shuttle Bids'!X844,'Non-shuttle Bids'!X792) -> 316.66667 | S60: =AVERAGE('Non-shuttle Bids'!Y896,'Non-shuttle Bids'!Y844,'Non-shuttle Bids'!Y792) -> 106.5 | T60: =AVERAGE('Non-shuttle Bids'!Z896,'Non-shuttle Bids'!Z844,'Non-shuttle Bids'!Z792) -> 198 | U60: 20 | V60: =AVERAGE('Non-shuttle Bids'!AB896,'Non-shuttle Bids'!AB844,'Non-shuttle Bids'!AB792) -> 0 | X60: =AVERAGE('Non-shuttle Bids'!AD896,'Non-shuttle Bids'!AD844,'Non-shuttle Bids'!AD792) -> 0 | BB60: 20 | BI60: =AVERAGE('Shuttle Bids'!X896,'Shuttle Bids'!X792,'Shuttle Bids'!X844) -> -225 | BJ60: =AVERAGE('Shuttle Bids'!Y896,'Shuttle Bids'!Y792,'Shuttle Bids'!Y844) -> -216.66667 | BK60: =AVERAGE('Shuttle Bids'!Z896,'Shuttle Bids'!Z792,'Shuttle Bids'!Z844) -> -187.5 | BL60: 20 | BN60: =AVERAGE('Shuttle Bids'!AC896,'Shuttle Bids'!AC792,'Shuttle Bids'!AC844) -> -150 | BO60: =AVERAGE('Shuttle Bids'!AD896,'Shuttle Bids'!AD792,'Shuttle Bids'!AD844) -> -150 | BQ60: =AVERAGE('Shuttle Bids'!AG896,'Shuttle Bids'!AG792,'Shuttle Bids'!AG844) -> -291.66667 | BR60: =AVERAGE('Shuttle Bids'!AH896,'Shuttle Bids'!AH792,'Shuttle Bids'!AH844) -> -291.66667 | BT60: =AVERAGE('Shuttle Bids'!AK896,'Shuttle Bids'!AK792,'Shuttle Bids'!AK844) -> -50 | BU60: =AVERAGE('Shuttle Bids'!AL896,'Shuttle Bids'!AL792,'Shuttle Bids'!AL844) -> -50
A61: 21 | K61: 21 | R61: =AVERAGE('Non-shuttle Bids'!X897,'Non-shuttle Bids'!X845,'Non-shuttle Bids'!X793) -> 275 | S61: =AVERAGE('Non-shuttle Bids'!Y897,'Non-shuttle Bids'!Y845,'Non-shuttle Bids'!Y793) -> 36.333333 | T61: =AVERAGE('Non-shuttle Bids'!Z897,'Non-shuttle Bids'!Z845,'Non-shuttle Bids'!Z793) -> 155.66667 | U61: 21 | V61: =AVERAGE('Non-shuttle Bids'!AB897,'Non-shuttle Bids'!AB845,'Non-shuttle Bids'!AB793) -> 12.5 | X61: =AVERAGE('Non-shuttle Bids'!AD897,'Non-shuttle Bids'!AD845,'Non-shuttle Bids'!AD793) -> 12.5 | BB61: 21 | BI61: =AVERAGE('Shuttle Bids'!X897,'Shuttle Bids'!X793,'Shuttle Bids'!X845) -> -87.5 | BJ61: =AVERAGE('Shuttle Bids'!Y897,'Shuttle Bids'!Y793,'Shuttle Bids'!Y845) -> -233.66667 | BK61: =AVERAGE('Shuttle Bids'!Z897,'Shuttle Bids'!Z793,'Shuttle Bids'!Z845) -> -177.33333 | BL61: 21 | BN61: =AVERAGE('Shuttle Bids'!AC897,'Shuttle Bids'!AC793,'Shuttle Bids'!AC845) -> -241.66667 | BO61: =AVERAGE('Shuttle Bids'!AD897,'Shuttle Bids'!AD793,'Shuttle Bids'!AD845) -> -241.66667 | BQ61: =AVERAGE('Shuttle Bids'!AG897,'Shuttle Bids'!AG793,'Shuttle Bids'!AG845) -> -283.33333 | BR61: =AVERAGE('Shuttle Bids'!AH897,'Shuttle Bids'!AH793,'Shuttle Bids'!AH845) -> -283.33333 | BT61: =AVERAGE('Shuttle Bids'!AK897,'Shuttle Bids'!AK793,'Shuttle Bids'!AK845) -> -91.666667 | BU61: =AVERAGE('Shuttle Bids'!AL897,'Shuttle Bids'!AL793,'Shuttle Bids'!AL845) -> -91.666667
A62: 22 | K62: 22 | R62: =AVERAGE('Non-shuttle Bids'!X898,'Non-shuttle Bids'!X846,'Non-shuttle Bids'!X794) -> 12.5 | S62: =AVERAGE('Non-shuttle Bids'!Y898,'Non-shuttle Bids'!Y846,'Non-shuttle Bids'!Y794) -> 28.333333 | T62: =AVERAGE('Non-shuttle Bids'!Z898,'Non-shuttle Bids'!Z846,'Non-shuttle Bids'!Z794) -> 30.833333 | U62: 22 | V62: =AVERAGE('Non-shuttle Bids'!AB898,'Non-shuttle Bids'!AB846,'Non-shuttle Bids'!AB794) -> 241.66667 | X62: =AVERAGE('Non-shuttle Bids'!AD898,'Non-shuttle Bids'!AD846,'Non-shuttle Bids'!AD794) -> 241.66667 | BB62: 22 | BI62: =AVERAGE('Shuttle Bids'!X898,'Shuttle Bids'!X794,'Shuttle Bids'!X846) -> 151.33333 | BJ62: =AVERAGE('Shuttle Bids'!Y898,'Shuttle Bids'!Y794,'Shuttle Bids'!Y846) -> -230.66667 | BK62: =AVERAGE('Shuttle Bids'!Z898,'Shuttle Bids'!Z794,'Shuttle Bids'!Z846) -> -39.666667 | BL62: 22 | BN62: =AVERAGE('Shuttle Bids'!AC898,'Shuttle Bids'!AC794,'Shuttle Bids'!AC846) -> -212.5 | BO62: =AVERAGE('Shuttle Bids'!AD898,'Shuttle Bids'!AD794,'Shuttle Bids'!AD846) -> -212.5 | BQ62: =AVERAGE('Shuttle Bids'!AG898,'Shuttle Bids'!AG794,'Shuttle Bids'!AG846) -> -208.33333 | BR62: =AVERAGE('Shuttle Bids'!AH898,'Shuttle Bids'!AH794,'Shuttle Bids'!AH846) -> -208.33333 | BT62: =AVERAGE('Shuttle Bids'!AK898,'Shuttle Bids'!AK794,'Shuttle Bids'!AK846) -> -58.333333 | BU62: =AVERAGE('Shuttle Bids'!AL898,'Shuttle Bids'!AL794,'Shuttle Bids'!AL846) -> -58.333333
A63: 23 | K63: 23 | R63: =AVERAGE('Non-shuttle Bids'!X899,'Non-shuttle Bids'!X847,'Non-shuttle Bids'!X795) -> 273.66667 | S63: =AVERAGE('Non-shuttle Bids'!Y899,'Non-shuttle Bids'!Y847,'Non-shuttle Bids'!Y795) -> 8.3333333 | T63: =AVERAGE('Non-shuttle Bids'!Z899,'Non-shuttle Bids'!Z847,'Non-shuttle Bids'!Z795) -> 141 | U63: 23 | V63: =AVERAGE('Non-shuttle Bids'!AB899,'Non-shuttle Bids'!AB847,'Non-shuttle Bids'!AB795) -> 225 | W63: =AVERAGE('Non-shuttle Bids'!AC899,'Non-shuttle Bids'!AC847,'Non-shuttle Bids'!AC795) -> 0 | X63: =AVERAGE('Non-shuttle Bids'!AD899,'Non-shuttle Bids'!AD847,'Non-shuttle Bids'!AD795) -> 220.83333 | Z63: =AVERAGE('Non-shuttle Bids'!AG899,'Non-shuttle Bids'!AG795,'Non-shuttle Bids'!AG847) -> 25 | AA63: =AVERAGE('Non-shuttle Bids'!AH899,'Non-shuttle Bids'!AH795,'Non-shuttle Bids'!AH847) -> 25 | BB63: 23 | BI63: =AVERAGE('Shuttle Bids'!X899,'Shuttle Bids'!X795,'Shuttle Bids'!X847) -> 161 | BJ63: =AVERAGE('Shuttle Bids'!Y899,'Shuttle Bids'!Y795,'Shuttle Bids'!Y847) -> -267 | BK63: =AVERAGE('Shuttle Bids'!Z899,'Shuttle Bids'!Z795,'Shuttle Bids'!Z847) -> -53 | BL63: 23 | BM63: =AVERAGE('Shuttle Bids'!AB899,'Shuttle Bids'!AB795,'Shuttle Bids'!AB847) -> -150 | BN63: =AVERAGE('Shuttle Bids'!AC899,'Shuttle Bids'!AC795,'Shuttle Bids'!AC847) -> -212.5 | BO63: =AVERAGE('Shuttle Bids'!AD899,'Shuttle Bids'!AD795,'Shuttle Bids'!AD847) -> -218.75 | BQ63: =AVERAGE('Shuttle Bids'!AG899,'Shuttle Bids'!AG795,'Shuttle Bids'!AG847) -> -208.33333 | BR63: =AVERAGE('Shuttle Bids'!AH899,'Shuttle Bids'!AH795,'Shuttle Bids'!AH847) -> -208.33333 | BT63: =AVERAGE('Shuttle Bids'!AK899,'Shuttle Bids'!AK795,'Shuttle Bids'!AK847) -> -58.333333 | BU63: =AVERAGE('Shuttle Bids'!AL899,'Shuttle Bids'!AL795,'Shuttle Bids'!AL847) -> -58.333333
A64: 24 | K64: 24 | R64: =AVERAGE('Non-shuttle Bids'!X900,'Non-shuttle Bids'!X848,'Non-shuttle Bids'!X796) -> 5 | S64: =AVERAGE('Non-shuttle Bids'!Y900,'Non-shuttle Bids'!Y848,'Non-shuttle Bids'!Y796) -> 0 | T64: =AVERAGE('Non-shuttle Bids'!Z900,'Non-shuttle Bids'!Z848,'Non-shuttle Bids'!Z796) -> 1.6666667 | U64: 24 | V64: =AVERAGE('Non-shuttle Bids'!AB900,'Non-shuttle Bids'!AB848,'Non-shuttle Bids'!AB796) -> 241.66667 | W64: =AVERAGE('Non-shuttle Bids'!AC900,'Non-shuttle Bids'!AC848,'Non-shuttle Bids'!AC796) -> 15 | X64: =AVERAGE('Non-shuttle Bids'!AD900,'Non-shuttle Bids'!AD848,'Non-shuttle Bids'!AD796) -> 242.5 | Z64: =AVERAGE('Non-shuttle Bids'!AG900,'Non-shuttle Bids'!AG796,'Non-shuttle Bids'!AG848) -> 25 | AA64: =AVERAGE('Non-shuttle Bids'!AH900,'Non-shuttle Bids'!AH796,'Non-shuttle Bids'!AH848) -> 25 | BB64: 24 | BI64: =AVERAGE('Shuttle Bids'!X900,'Shuttle Bids'!X796,'Shuttle Bids'!X848) -> 283.33333 | BJ64: =AVERAGE('Shuttle Bids'!Y900,'Shuttle Bids'!Y796,'Shuttle Bids'!Y848) -> -350 | BK64: =AVERAGE('Shuttle Bids'!Z900,'Shuttle Bids'!Z796,'Shuttle Bids'!Z848) -> -33.333333 | BL64: 24 | BM64: =AVERAGE('Shuttle Bids'!AB900,'Shuttle Bids'!AB796,'Shuttle Bids'!AB848) -> 600 | BN64: =AVERAGE('Shuttle Bids'!AC900,'Shuttle Bids'!AC796,'Shuttle Bids'!AC848) -> -255.66667 | BO64: =AVERAGE('Shuttle Bids'!AD900,'Shuttle Bids'!AD796,'Shuttle Bids'!AD848) -> -109.83333 | BQ64: =AVERAGE('Shuttle Bids'!AG900,'Shuttle Bids'!AG796,'Shuttle Bids'!AG848) -> -233.33333 | BR64: =AVERAGE('Shuttle Bids'!AH900,'Shuttle Bids'!AH796,'Shuttle Bids'!AH848) -> -233.33333 | BT64: =AVERAGE('Shuttle Bids'!AK900,'Shuttle Bids'!AK796,'Shuttle Bids'!AK848) -> -187.5 | BU64: =AVERAGE('Shuttle Bids'!AL900,'Shuttle Bids'!AL796,'Shuttle Bids'!AL848) -> -187.5
A65: 25 | K65: 25 | R65: =AVERAGE('Non-shuttle Bids'!X901,'Non-shuttle Bids'!X849,'Non-shuttle Bids'!X797) -> 12.5 | S65: =AVERAGE('Non-shuttle Bids'!Y901,'Non-shuttle Bids'!Y849,'Non-shuttle Bids'!Y797) -> -16.666667 | T65: =AVERAGE('Non-shuttle Bids'!Z901,'Non-shuttle Bids'!Z849,'Non-shuttle Bids'!Z797) -> -12.5 | U65: 25 | V65: =AVERAGE('Non-shuttle Bids'!AB901,'Non-shuttle Bids'!AB849,'Non-shuttle Bids'!AB797) -> 162.33333 | W65: =AVERAGE('Non-shuttle Bids'!AC901,'Non-shuttle Bids'!AC849,'Non-shuttle Bids'!AC797) -> 9 | X65: =AVERAGE('Non-shuttle Bids'!AD901,'Non-shuttle Bids'!AD849,'Non-shuttle Bids'!AD797) -> 167.5 | Y65: =AVERAGE('Non-shuttle Bids'!AF901,'Non-shuttle Bids'!AF797,'Non-shuttle Bids'!AF849) -> -200 | Z65: =AVERAGE('Non-shuttle Bids'!AG901,'Non-shuttle Bids'!AG797,'Non-shuttle Bids'!AG849) -> 25 | AA65: =AVERAGE('Non-shuttle Bids'!AH901,'Non-shuttle Bids'!AH797,'Non-shuttle Bids'!AH849) -> -87.5 | BB65: 25 | BI65: =AVERAGE('Shuttle Bids'!X901,'Shuttle Bids'!X797,'Shuttle Bids'!X849) -> 137.33333 | BJ65: =AVERAGE('Shuttle Bids'!Y901,'Shuttle Bids'!Y797,'Shuttle Bids'!Y849) -> -625 | BK65: =AVERAGE('Shuttle Bids'!Z901,'Shuttle Bids'!Z797,'Shuttle Bids'!Z849) -> 114.5 | BL65: 25 | BM65: =AVERAGE('Shuttle Bids'!AB901,'Shuttle Bids'!AB797,'Shuttle Bids'!AB849) -> -185.5 | BN65: =AVERAGE('Shuttle Bids'!AC901,'Shuttle Bids'!AC797,'Shuttle Bids'!AC849) -> -300 | BO65: =AVERAGE('Shuttle Bids'!AD901,'Shuttle Bids'!AD797,'Shuttle Bids'!AD849) -> -154.83333 | BP65: =AVERAGE('Shuttle Bids'!AF901,'Shuttle Bids'!AF797,'Shuttle Bids'!AF849) -> -200 | BQ65: =AVERAGE('Shuttle Bids'!AG901,'Shuttle Bids'!AG797,'Shuttle Bids'!AG849) -> -175 | BR65: =AVERAGE('Shuttle Bids'!AH901,'Shuttle Bids'!AH797,'Shuttle Bids'!AH849) -> -183.33333 | BT65: =AVERAGE('Shuttle Bids'!AK901,'Shuttle Bids'!AK797,'Shuttle Bids'!AK849) -> -175 | BU65: =AVERAGE('Shuttle Bids'!AL901,'Shuttle Bids'!AL797,'Shuttle Bids'!AL849) -> -175
A66: 26 | U66: 26 | V66: =AVERAGE('Non-shuttle Bids'!AB902,'Non-shuttle Bids'!AB850,'Non-shuttle Bids'!AB798) -> 137 | W66: =AVERAGE('Non-shuttle Bids'!AC902,'Non-shuttle Bids'!AC850,'Non-shuttle Bids'!AC798) -> 6.5 | X66: =AVERAGE('Non-shuttle Bids'!AD902,'Non-shuttle Bids'!AD850,'Non-shuttle Bids'!AD798) -> 137.33333 | Z66: =AVERAGE('Non-shuttle Bids'!AG902,'Non-shuttle Bids'!AG798,'Non-shuttle Bids'!AG850) -> 25 | AA66: =AVERAGE('Non-shuttle Bids'!AH902,'Non-shuttle Bids'!AH798,'Non-shuttle Bids'!AH850) -> 25 | BL66: 26 | BM66: =AVERAGE('Shuttle Bids'!AB902,'Shuttle Bids'!AB798,'Shuttle Bids'!AB850) -> 443.5 | BN66: =AVERAGE('Shuttle Bids'!AC902,'Shuttle Bids'!AC798,'Shuttle Bids'!AC850) -> -91.666667 | BO66: =AVERAGE('Shuttle Bids'!AD902,'Shuttle Bids'!AD798,'Shuttle Bids'!AD850) -> 14.5 | BP66: =AVERAGE('Shuttle Bids'!AF902,'Shuttle Bids'!AF798,'Shuttle Bids'!AF850) -> -150 | BQ66: =AVERAGE('Shuttle Bids'!AG902,'Shuttle Bids'!AG798,'Shuttle Bids'!AG850) -> -91.666667 | BR66: =AVERAGE('Shuttle Bids'!AH902,'Shuttle Bids'!AH798,'Shuttle Bids'!AH850) -> -95.833333 | BS66: =AVERAGE('Shuttle Bids'!AJ902,'Shuttle Bids'!AJ798,'Shuttle Bids'!AJ850) -> 0 | BT66: =AVERAGE('Shuttle Bids'!AK902,'Shuttle Bids'!AK798,'Shuttle Bids'!AK850) -> -275 | BU66: =AVERAGE('Shuttle Bids'!AL902,'Shuttle Bids'!AL798,'Shuttle Bids'!AL850) -> -137.5
A67: 27 | U67: 27 | V67: =AVERAGE('Non-shuttle Bids'!AB903,'Non-shuttle Bids'!AB851,'Non-shuttle Bids'!AB799) -> 201 | W67: =AVERAGE('Non-shuttle Bids'!AC903,'Non-shuttle Bids'!AC851,'Non-shuttle Bids'!AC799) -> 28.333333 | X67: =AVERAGE('Non-shuttle Bids'!AD903,'Non-shuttle Bids'!AD851,'Non-shuttle Bids'!AD799) -> 114.66667 | Z67: =AVERAGE('Non-shuttle Bids'!AG903,'Non-shuttle Bids'!AG799,'Non-shuttle Bids'!AG851) -> 25 | AA67: =AVERAGE('Non-shuttle Bids'!AH903,'Non-shuttle Bids'!AH799,'Non-shuttle Bids'!AH851) -> 25 | BL67: 27 | BM67: =AVERAGE('Shuttle Bids'!AB903,'Shuttle Bids'!AB799,'Shuttle Bids'!AB851) -> 375 | BN67: =AVERAGE('Shuttle Bids'!AC903,'Shuttle Bids'!AC799,'Shuttle Bids'!AC851) -> -29.333333 | BO67: =AVERAGE('Shuttle Bids'!AD903,'Shuttle Bids'!AD799,'Shuttle Bids'!AD851) -> 172.83333 | BP67: =AVERAGE('Shuttle Bids'!AF903,'Shuttle Bids'!AF799,'Shuttle Bids'!AF851) -> 1500 | BQ67: =AVERAGE('Shuttle Bids'!AG903,'Shuttle Bids'!AG799,'Shuttle Bids'!AG851) -> -75 | BR67: =AVERAGE('Shuttle Bids'!AH903,'Shuttle Bids'!AH799,'Shuttle Bids'!AH851) -> 108.33333 | BS67: =AVERAGE('Shuttle Bids'!AJ903,'Shuttle Bids'!AJ799,'Shuttle Bids'!AJ851) -> -12.5 | BT67: =AVERAGE('Shuttle Bids'!AK903,'Shuttle Bids'!AK799,'Shuttle Bids'!AK851) -> -50 | BU67: =AVERAGE('Shuttle Bids'!AL903,'Shuttle Bids'!AL799,'Shuttle Bids'!AL851) -> 37.5
A68: 28 | U68: 28 | V68: =AVERAGE('Non-shuttle Bids'!AB904,'Non-shuttle Bids'!AB852,'Non-shuttle Bids'!AB800) -> 262.66667 | W68: =AVERAGE('Non-shuttle Bids'!AC904,'Non-shuttle Bids'!AC852,'Non-shuttle Bids'!AC800) -> 66.666667 | X68: =AVERAGE('Non-shuttle Bids'!AD904,'Non-shuttle Bids'!AD852,'Non-shuttle Bids'!AD800) -> 164.66667 | Y68: =AVERAGE('Non-shuttle Bids'!AF904,'Non-shuttle Bids'!AF800,'Non-shuttle Bids'!AF852) -> 800 | Z68: =AVERAGE('Non-shuttle Bids'!AG904,'Non-shuttle Bids'!AG800,'Non-shuttle Bids'!AG852) -> 112.5 | AA68: =AVERAGE('Non-shuttle Bids'!AH904,'Non-shuttle Bids'!AH800,'Non-shuttle Bids'!AH852) -> 262.5 | BL68: 28 | BM68: =AVERAGE('Shuttle Bids'!AB904,'Shuttle Bids'!AB800,'Shuttle Bids'!AB852) -> -2 | BN68: =AVERAGE('Shuttle Bids'!AC904,'Shuttle Bids'!AC800,'Shuttle Bids'!AC852) -> -116.66667 | BO68: =AVERAGE('Shuttle Bids'!AD904,'Shuttle Bids'!AD800,'Shuttle Bids'!AD852) -> -59.333333 | BP68: =AVERAGE('Shuttle Bids'!AF904,'Shuttle Bids'!AF800,'Shuttle Bids'!AF852) -> -306.5 | BQ68: =AVERAGE('Shuttle Bids'!AG904,'Shuttle Bids'!AG800,'Shuttle Bids'!AG852) -> -100 | BR68: =AVERAGE('Shuttle Bids'!AH904,'Shuttle Bids'!AH800,'Shuttle Bids'!AH852) -> -118.83333 | BT68: =AVERAGE('Shuttle Bids'!AK904,'Shuttle Bids'!AK800,'Shuttle Bids'!AK852) -> -200 | BU68: =AVERAGE('Shuttle Bids'!AL904,'Shuttle Bids'!AL800,'Shuttle Bids'!AL852) -> -200
A69: 29 | U69: 29 | V69: =AVERAGE('Non-shuttle Bids'!AB905,'Non-shuttle Bids'!AB853,'Non-shuttle Bids'!AB801) -> 308.66667 | W69: =AVERAGE('Non-shuttle Bids'!AC905,'Non-shuttle Bids'!AC853,'Non-shuttle Bids'!AC801) -> 266.66667 | X69: =AVERAGE('Non-shuttle Bids'!AD905,'Non-shuttle Bids'!AD853,'Non-shuttle Bids'!AD801) -> 287.66667 | Y69: =AVERAGE('Non-shuttle Bids'!AF905,'Non-shuttle Bids'!AF801,'Non-shuttle Bids'!AF853) -> 462.5 | Z69: =AVERAGE('Non-shuttle Bids'!AG905,'Non-shuttle Bids'!AG801,'Non-shuttle Bids'!AG853) -> 180 | AA69: =AVERAGE('Non-shuttle Bids'!AH905,'Non-shuttle Bids'!AH801,'Non-shuttle Bids'!AH853) -> 248.33333 | BL69: 29 | BM69: =AVERAGE('Shuttle Bids'!AB905,'Shuttle Bids'!AB801,'Shuttle Bids'!AB853) -> 562.33333 | BN69: =AVERAGE('Shuttle Bids'!AC905,'Shuttle Bids'!AC801,'Shuttle Bids'!AC853) -> -225 | BO69: =AVERAGE('Shuttle Bids'!AD905,'Shuttle Bids'!AD801,'Shuttle Bids'!AD853) -> 522.83333 | BP69: =AVERAGE('Shuttle Bids'!AF905,'Shuttle Bids'!AF801,'Shuttle Bids'!AF853) -> 377.66667 | BQ69: =AVERAGE('Shuttle Bids'!AG905,'Shuttle Bids'!AG801,'Shuttle Bids'!AG853) -> 66.666667 | BR69: =AVERAGE('Shuttle Bids'!AH905,'Shuttle Bids'!AH801,'Shuttle Bids'!AH853) -> 222.16667 | BS69: =AVERAGE('Shuttle Bids'!AJ905,'Shuttle Bids'!AJ801,'Shuttle Bids'!AJ853) -> -288 | BT69: =AVERAGE('Shuttle Bids'!AK905,'Shuttle Bids'!AK801,'Shuttle Bids'!AK853) -> -225 | BU69: =AVERAGE('Shuttle Bids'!AL905,'Shuttle Bids'!AL801,'Shuttle Bids'!AL853) -> -215.75
A70: 30 | U70: 30 | Y70: =AVERAGE('Non-shuttle Bids'!AF906,'Non-shuttle Bids'!AF802,'Non-shuttle Bids'!AF854) -> 25 | Z70: =AVERAGE('Non-shuttle Bids'!AG906,'Non-shuttle Bids'!AG802,'Non-shuttle Bids'!AG854) -> 255 | AA70: =AVERAGE('Non-shuttle Bids'!AH906,'Non-shuttle Bids'!AH802,'Non-shuttle Bids'!AH854) -> 256.66667 | AC70: =AVERAGE('Non-shuttle Bids'!AK906,'Non-shuttle Bids'!AK802,'Non-shuttle Bids'!AK854) -> 1000 | AD70: =AVERAGE('Non-shuttle Bids'!AL906,'Non-shuttle Bids'!AL802,'Non-shuttle Bids'!AL854) -> 1000 | BL70: 30 | BP70: =AVERAGE('Shuttle Bids'!AF906,'Shuttle Bids'!AF802,'Shuttle Bids'!AF854) -> 522 | BQ70: =AVERAGE('Shuttle Bids'!AG906,'Shuttle Bids'!AG802,'Shuttle Bids'!AG854) -> 312.66667 | BR70: =AVERAGE('Shuttle Bids'!AH906,'Shuttle Bids'!AH802,'Shuttle Bids'!AH854) -> 417.33333 | BS70: =AVERAGE('Shuttle Bids'!AJ906,'Shuttle Bids'!AJ802,'Shuttle Bids'!AJ854) -> -244 | BT70: =AVERAGE('Shuttle Bids'!AK906,'Shuttle Bids'!AK802,'Shuttle Bids'!AK854) -> -262.5 | BU70: =AVERAGE('Shuttle Bids'!AL906,'Shuttle Bids'!AL802,'Shuttle Bids'!AL854) -> -253.25
A71: 31 | U71: 31 | Y71: =AVERAGE('Non-shuttle Bids'!AF907,'Non-shuttle Bids'!AF803,'Non-shuttle Bids'!AF855) -> -137.5 | Z71: =AVERAGE('Non-shuttle Bids'!AG907,'Non-shuttle Bids'!AG803,'Non-shuttle Bids'!AG855) -> 380 | AA71: =AVERAGE('Non-shuttle Bids'!AH907,'Non-shuttle Bids'!AH803,'Non-shuttle Bids'!AH855) -> 327.5 | AB71: =AVERAGE('Non-shuttle Bids'!AJ907,'Non-shuttle Bids'!AJ803,'Non-shuttle Bids'!AJ855) -> -283 | AC71: =AVERAGE('Non-shuttle Bids'!AK907,'Non-shuttle Bids'!AK803,'Non-shuttle Bids'!AK855) -> 570 | AD71: =AVERAGE('Non-shuttle Bids'!AL907,'Non-shuttle Bids'!AL803,'Non-shuttle Bids'!AL855) -> 489.25 | BL71: 31 | BP71: =AVERAGE('Shuttle Bids'!AF907,'Shuttle Bids'!AF803,'Shuttle Bids'!AF855) -> 1044 | BQ71: =AVERAGE('Shuttle Bids'!AG907,'Shuttle Bids'!AG803,'Shuttle Bids'!AG855) -> 320.66667 | BR71: =AVERAGE('Shuttle Bids'!AH907,'Shuttle Bids'!AH803,'Shuttle Bids'!AH855) -> 682.33333 | BS71: =AVERAGE('Shuttle Bids'!AJ907,'Shuttle Bids'!AJ803,'Shuttle Bids'!AJ855) -> 1233.5 | BT71: =AVERAGE('Shuttle Bids'!AK907,'Shuttle Bids'!AK803,'Shuttle Bids'!AK855) -> -225 | BU71: =AVERAGE('Shuttle Bids'!AL907,'Shuttle Bids'!AL803,'Shuttle Bids'!AL855) -> 757
A72: 32 | U72: 32 | Y72: =AVERAGE('Non-shuttle Bids'!AF908,'Non-shuttle Bids'!AF804,'Non-shuttle Bids'!AF856) -> -141.5 | Z72: =AVERAGE('Non-shuttle Bids'!AG908,'Non-shuttle Bids'!AG804,'Non-shuttle Bids'!AG856) -> 330 | AA72: =AVERAGE('Non-shuttle Bids'!AH908,'Non-shuttle Bids'!AH804,'Non-shuttle Bids'!AH856) -> 276.16667 | AB72: =AVERAGE('Non-shuttle Bids'!AJ908,'Non-shuttle Bids'!AJ804,'Non-shuttle Bids'!AJ856) -> -10 | AC72: =AVERAGE('Non-shuttle Bids'!AK908,'Non-shuttle Bids'!AK804,'Non-shuttle Bids'!AK856) -> 770 | AD72: =AVERAGE('Non-shuttle Bids'!AL908,'Non-shuttle Bids'!AL804,'Non-shuttle Bids'!AL856) -> 510 | BL72: 32 | BP72: =AVERAGE('Shuttle Bids'!AF908,'Shuttle Bids'!AF804,'Shuttle Bids'!AF856) -> 786.33333 | BQ72: =AVERAGE('Shuttle Bids'!AG908,'Shuttle Bids'!AG804,'Shuttle Bids'!AG856) -> 400 | BR72: =AVERAGE('Shuttle Bids'!AH908,'Shuttle Bids'!AH804,'Shuttle Bids'!AH856) -> 593.16667 | BS72: =AVERAGE('Shuttle Bids'!AJ908,'Shuttle Bids'!AJ804,'Shuttle Bids'!AJ856) -> -128 | BT72: =AVERAGE('Shuttle Bids'!AK908,'Shuttle Bids'!AK804,'Shuttle Bids'!AK856) -> 398 | BU72: =AVERAGE('Shuttle Bids'!AL908,'Shuttle Bids'!AL804,'Shuttle Bids'!AL856) -> 406.33333
A73: 33 | U73: 33 | Y73: =AVERAGE('Non-shuttle Bids'!AF909,'Non-shuttle Bids'!AF805,'Non-shuttle Bids'!AF857) -> 1195.5 | Z73: =AVERAGE('Non-shuttle Bids'!AG909,'Non-shuttle Bids'!AG805,'Non-shuttle Bids'!AG857) -> 400 | AA73: =AVERAGE('Non-shuttle Bids'!AH909,'Non-shuttle Bids'!AH805,'Non-shuttle Bids'!AH857) -> 598.5 | AB73: =AVERAGE('Non-shuttle Bids'!AJ909,'Non-shuttle Bids'!AJ805,'Non-shuttle Bids'!AJ857) -> -10 | AC73: =AVERAGE('Non-shuttle Bids'!AK909,'Non-shuttle Bids'!AK805,'Non-shuttle Bids'!AK857) -> 757.5 | AD73: =AVERAGE('Non-shuttle Bids'!AL909,'Non-shuttle Bids'!AL805,'Non-shuttle Bids'!AL857) -> 501.66667 | BL73: 33 | BP73: =AVERAGE('Shuttle Bids'!AF909,'Shuttle Bids'!AF805,'Shuttle Bids'!AF857) -> 643 | BQ73: =AVERAGE('Shuttle Bids'!AG909,'Shuttle Bids'!AG805,'Shuttle Bids'!AG857) -> -33.333333 | BR73: =AVERAGE('Shuttle Bids'!AH909,'Shuttle Bids'!AH805,'Shuttle Bids'!AH857) -> 304.83333 | BS73: =AVERAGE('Shuttle Bids'!AJ909,'Shuttle Bids'!AJ805,'Shuttle Bids'!AJ857) -> -210.5 | BT73: =AVERAGE('Shuttle Bids'!AK909,'Shuttle Bids'!AK805,'Shuttle Bids'!AK857) -> -39 | BU73: =AVERAGE('Shuttle Bids'!AL909,'Shuttle Bids'!AL805,'Shuttle Bids'!AL857) -> -35.5
A74: 34 | U74: 34 | AB74: =AVERAGE('Non-shuttle Bids'!AJ910,'Non-shuttle Bids'!AJ806,'Non-shuttle Bids'!AJ858) -> 800 | AC74: =AVERAGE('Non-shuttle Bids'!AK910,'Non-shuttle Bids'!AK806,'Non-shuttle Bids'!AK858) -> 507.5 | AD74: =AVERAGE('Non-shuttle Bids'!AL910,'Non-shuttle Bids'!AL806,'Non-shuttle Bids'!AL858) -> 438.33333 | BL74: 34 | BS74: =AVERAGE('Shuttle Bids'!AJ910,'Shuttle Bids'!AJ806,'Shuttle Bids'!AJ858) -> 610 | BT74: =AVERAGE('Shuttle Bids'!AK910,'Shuttle Bids'!AK806,'Shuttle Bids'!AK858) -> -50 | BU74: =AVERAGE('Shuttle Bids'!AL910,'Shuttle Bids'!AL806,'Shuttle Bids'!AL858) -> 280
A75: 35 | U75: 35 | AB75: =AVERAGE('Non-shuttle Bids'!AJ911,'Non-shuttle Bids'!AJ807,'Non-shuttle Bids'!AJ859) -> 56 | AC75: =AVERAGE('Non-shuttle Bids'!AK911,'Non-shuttle Bids'!AK807,'Non-shuttle Bids'!AK859) -> 343.66667 | AD75: =AVERAGE('Non-shuttle Bids'!AL911,'Non-shuttle Bids'!AL807,'Non-shuttle Bids'!AL859) -> 357.16667 | BL75: 35 | BS75: =AVERAGE('Shuttle Bids'!AJ911,'Shuttle Bids'!AJ807,'Shuttle Bids'!AJ859) -> 451 | BT75: =AVERAGE('Shuttle Bids'!AK911,'Shuttle Bids'!AK807,'Shuttle Bids'!AK859) -> -50 | BU75: =AVERAGE('Shuttle Bids'!AL911,'Shuttle Bids'!AL807,'Shuttle Bids'!AL859) -> 200.5
A76: 36 | U76: 36 | AB76: =AVERAGE('Non-shuttle Bids'!AJ912,'Non-shuttle Bids'!AJ808,'Non-shuttle Bids'!AJ860) -> 152 | AC76: =AVERAGE('Non-shuttle Bids'!AK912,'Non-shuttle Bids'!AK808,'Non-shuttle Bids'!AK860) -> 225 | AD76: =AVERAGE('Non-shuttle Bids'!AL912,'Non-shuttle Bids'!AL808,'Non-shuttle Bids'!AL860) -> 263.16667 | BL76: 36 | BS76: =AVERAGE('Shuttle Bids'!AJ912,'Shuttle Bids'!AJ808,'Shuttle Bids'!AJ860) -> 554 | BT76: =AVERAGE('Shuttle Bids'!AK912,'Shuttle Bids'!AK808,'Shuttle Bids'!AK860) -> 54.333333 | BU76: =AVERAGE('Shuttle Bids'!AL912,'Shuttle Bids'!AL808,'Shuttle Bids'!AL860) -> 304.16667
A77: 37 | U77: 37 | AB77: =AVERAGE('Non-shuttle Bids'!AJ913,'Non-shuttle Bids'!AJ809,'Non-shuttle Bids'!AJ861) -> 0 | AC77: =AVERAGE('Non-shuttle Bids'!AK913,'Non-shuttle Bids'!AK809,'Non-shuttle Bids'!AK861) -> 377.66667 | AD77: =AVERAGE('Non-shuttle Bids'!AL913,'Non-shuttle Bids'!AL809,'Non-shuttle Bids'!AL861) -> 373.5 | BL77: 37 | BS77: =AVERAGE('Shuttle Bids'!AJ913,'Shuttle Bids'!AJ809,'Shuttle Bids'!AJ861) -> 822.66667 | BT77: =AVERAGE('Shuttle Bids'!AK913,'Shuttle Bids'!AK809,'Shuttle Bids'!AK861) -> -52.666667 | BU77: =AVERAGE('Shuttle Bids'!AL913,'Shuttle Bids'!AL809,'Shuttle Bids'!AL861) -> 385
A78: 38 | U78: 38 | AB78: =AVERAGE('Non-shuttle Bids'!AJ914,'Non-shuttle Bids'!AJ810,'Non-shuttle Bids'!AJ862) -> 250 | AC78: =AVERAGE('Non-shuttle Bids'!AK914,'Non-shuttle Bids'!AK810,'Non-shuttle Bids'!AK862) -> 47.5 | AD78: =AVERAGE('Non-shuttle Bids'!AL914,'Non-shuttle Bids'!AL810,'Non-shuttle Bids'!AL862) -> 148.75 | BL78: 38 | BS78: =AVERAGE('Shuttle Bids'!AJ914,'Shuttle Bids'!AJ810,'Shuttle Bids'!AJ862) -> 1266.6667 | BT78: =AVERAGE('Shuttle Bids'!AK914,'Shuttle Bids'!AK810,'Shuttle Bids'!AK862) -> 0 | BU78: =AVERAGE('Shuttle Bids'!AL914,'Shuttle Bids'!AL810,'Shuttle Bids'!AL862) -> 1216.6667
A79: 39
A80: 40
A81: 41
A82: 42
A83: 43

Sheet MinMaxAvg
A1: Monthly maximums, minimums, averages, and standard deviations for the secondary railcar market
A2: NON-SHUTTLE BIDS | G2: SHUTTLE BIDS
A3: DELIVERY
A4: DATE | B4: MAX | C4: MIN | D4: AVG | E4: STDEV | G4: MAX | H4: MIN | I4: AVG | J4: STDEV
A6: 35551 | B6: -20 | C6: -95 | D6: -57
A7: 35582 | B7: -18 | C7: -112 | D7: -44
A8: 35612 | B8: 37 | C8: -102 | D8: -32
A9: 35643 | B9: 189 | C9: -94 | D9: 24
A10: 35674 | B10: 288 | C10: -17 | D10: 91
A11: 35704 | B11: 350 | C11: 43 | D11: 185
A12: 35735 | B12: 334 | C12: 69 | D12: 204
A13: 35765 | B13: 310 | C13: -84 | D13: 173
A14: 35796 | B14: 268 | C14: -280 | D14: 101
A15: 35827 | B15: 225 | C15: -289 | D15: 25
A16: 35855 | B16: 167 | C16: -278 | D16: -40
A17: 35886 | B17: 50 | C17: -259 | D17: -78
... A25: 36130 | B25: 195 | C25: -48 | D25: 49
A26: Jan. 99 | B26: 50 | C26: -101 | D26: 3
A27: Feb. 99 | B27: 35 | C27: -85 | D27: -11
A28: Mar. 99 | B28: 15 | C28: -75 | D28: -21
A29: Apr. 99 | B29: 4 | C29: -81 | D29: -28
A30: May 99 | B30: 1 | C30: -88 | D30: -29
A31: June 99 | B31: 34 | C31: -74 | D31: -10
A32: July 99 | B32: 64 | C32: -57 | D32: 12
A33: Aug. 99 | B33: 118 | C33: -28 | D33: 42
A34: Sept. 99 | B34: 187 | C34: 26 | D34: 78
A35: Oct. 99 | B35: 198 | C35: -10 | D35: 85
A36: Nov. 99 | B36: 111 | C36: -218 | D36: 18
A37: Dec. 99 | B37: 66 | C37: -217 | D37: -27
... A73: Dec. 02 | B73: 96 | C73: -23 | D73: 6
A74: Jan. 03 | B74: =MAX('Non-shuttle Bids'!D280:E306) -> 51 | C74: =MIN('Non-shuttle Bids'!D280:E306) -> -20 | D74: =AVERAGE('Non-shuttle Bids'!D280:E306) -> 4.8333333 | E74: =STDEV('Non-shuttle Bids'!D270:E306) -> 16.421159
A75: Feb. 03 | B75: =MAX('Non-shuttle Bids'!H283:I311) -> 43 | C75: =MIN('Non-shuttle Bids'!H283:I311) -> -20 | D75: =AVERAGE('Non-shuttle Bids'!H283:I311) -> 4.5416667 | E75: =STDEV('Non-shuttle Bids'!H283:I311) -> 13.322447
A76: Mar. 03 | B76: =MAX('Non-shuttle Bids'!L288:M315) -> 21 | C76: =MIN('Non-shuttle Bids'!L288:M315) -> -28 | D76: =AVERAGE('Non-shuttle Bids'!L288:M315) -> 0.15217391 | E76: =STDEV('Non-shuttle Bids'!L288:M315) -> 10.96655
A77: Apr. 03 | B77: =MAX('Non-shuttle Bids'!P292:Q319) -> 0 | C77: =MIN('Non-shuttle Bids'!P292:Q319) -> -34 | D77: =AVERAGE('Non-shuttle Bids'!P292:Q319) -> -10.235294 | E77: =STDEV('Non-shuttle Bids'!P292:Q319) -> 8.0338988
A78: May 03 | B78: =MAX('Non-shuttle Bids'!T297:U324) -> 0 | C78: =MIN('Non-shuttle Bids'!T297:U324) -> -34 | D78: =AVERAGE('Non-shuttle Bids'!T297:U324) -> -12.94 | E78: =STDEV('Non-shuttle Bids'!T297:U324) -> 8.2916481
A79: June 03 | B79: =MAX('Non-shuttle Bids'!X301:Y328) -> 5 | C79: =MIN('Non-shuttle Bids'!X301:Y328) -> -17 | D79: =AVERAGE('Non-shuttle Bids'!X301:Y328) -> -3.7884615 | E79: =STDEV('Non-shuttle Bids'!X301:Y328) -> 6.5867858
A80: July 03 | B80: =MAX('Non-shuttle Bids'!AB305:AC332) -> 94 | C80: =MIN('Non-shuttle Bids'!AB305:AC332) -> -10 | D80: =AVERAGE('Non-shuttle Bids'!AB305:AC332) -> 4.9423077 | E80: =STDEV('Non-shuttle Bids'!AB305:AC332) -> 15.597151
A81: Aug. 03 | B81: =MAX('Non-shuttle Bids'!AF310:AG336) -> 125 | C81: =MIN('Non-shuttle Bids'!AF310:AG336) -> -1 | D81: =AVERAGE('Non-shuttle Bids'!AF310:AG336) -> 21.44 | E81: =STDEV('Non-shuttle Bids'!AF310:AG336) -> 29.759691
A82: Sept. 03 | B82: =MAX('Non-shuttle Bids'!AJ314:AK337) -> 132 | C82: =MIN('Non-shuttle Bids'!AJ314:AK337) -> 8 | D82: =AVERAGE('Non-shuttle Bids'!AJ314:AK337) -> 30.522727 | E82: =STDEV('Non-shuttle Bids'!AJ314:AK337) -> 29.413245
A83: Oct. 03 | B83: =MAX('Non-shuttle Bids'!AN318:AO341) -> 116 | C83: =MIN('Non-shuttle Bids'!AN318:AO341) -> 14 | D83: =AVERAGE('Non-shuttle Bids'!AN318:AO341) -> 41 | E83: =STDEV('Non-shuttle Bids'!AN318:AO341) -> 26.59603
A84: Nov. 03 | B84: =MAX('Non-shuttle Bids'!AR323:AS345) -> 38 | C84: =MIN('Non-shuttle Bids'!AR323:AS345) -> -11 | D84: =AVERAGE('Non-shuttle Bids'!AR323:AS345) -> 15.714286 | E84: =STDEV('Non-shuttle Bids'!AR323:AS345) -> 12.002613
A85: Dec. 03 | B85: =MAX('Non-shuttle Bids'!AV327:AW350) -> 334 | C85: =MIN('Non-shuttle Bids'!AV327:AW350) -> -14 | D85: =AVERAGE('Non-shuttle Bids'!AV327:AW350) -> 31.045455 | E85: =STDEV('Non-shuttle Bids'!AV327:AW350) -> 59.68832
A86: Jan. 04 | B86: =MAX('Non-shuttle Bids'!D331:E354) -> 225 | C86: =MIN('Non-shuttle Bids'!D331:E354) -> -9 | D86: =AVERAGE('Non-shuttle Bids'!D331:E354) -> 43 | E86: =STDEV('Non-shuttle Bids'!D331:E354) -> 67.837357
A87: Feb. 04 | B87: =MAX('Non-shuttle Bids'!H335:I359) -> 156 | C87: =MIN('Non-shuttle Bids'!H335:I359) -> -9 | D87: =AVERAGE('Non-shuttle Bids'!H335:I359) -> 40.152174 | E87: =STDEV('Non-shuttle Bids'!H335:I359) -> 46.974209
A88: Mar. 04 | B88: =MAX('Non-shuttle Bids'!L336:M363) -> 257 | C88: =MIN('Non-shuttle Bids'!L336:M363) -> -9 | D88: =AVERAGE('Non-shuttle Bids'!L336:M363) -> 42.403846 | E88: =STDEV('Non-shuttle Bids'!L336:M363) -> 59.204617
A89: Apr. 04 | B89: =MAX('Non-shuttle Bids'!P340:Q367) -> 207 | C89: =MIN('Non-shuttle Bids'!P340:Q367) -> -7 | D89: =AVERAGE('Non-shuttle Bids'!P340:Q367) -> 36.363636 | E89: =STDEV('Non-shuttle Bids'!P340:Q367) -> 58.323513
A90: May 04 | B90: =MAX('Non-shuttle Bids'!T344:U372) -> 138 | C90: =MIN('Non-shuttle Bids'!T344:U372) -> -8 | D90: =AVERAGE('Non-shuttle Bids'!T344:U372) -> 39.604167 | E90: =STDEV('Non-shuttle Bids'!T344:U372) -> 46.458739
A91: June 04 | B91: =MAX('Non-shuttle Bids'!X348:Y376) -> 129 | C91: =MIN('Non-shuttle Bids'!X348:Y376) -> -13 | D91: =AVERAGE('Non-shuttle Bids'!X348:Y376) -> 36.846154 | E91: =STDEV('Non-shuttle Bids'!X348:Y376) -> 39.087325
A92: July 04 | B92: =MAX('Non-shuttle Bids'!AB353:AC380) -> 138 | C92: =MIN('Non-shuttle Bids'!AB353:AC380) -> -28 | D92: =AVERAGE('Non-shuttle Bids'!AB353:AC380) -> 43.765957 | E92: =STDEV('Non-shuttle Bids'!AB353:AC380) -> 41.047805
A93: Aug. 04 | B93: =MAX('Non-shuttle Bids'!AF358:AG385) -> 150 | C93: =MIN('Non-shuttle Bids'!AF358:AG385) -> -73 | D93: =AVERAGE('Non-shuttle Bids'!AF358:AG385) -> 50.723404 | E93: =STDEV('Non-shuttle Bids'!AF358:AG385) -> 53.242555
A94: Sept. 04 | B94: =MAX('Non-shuttle Bids'!AJ362:AK389) -> 156 | C94: =MIN('Non-shuttle Bids'!AJ362:AK389) -> -25 | D94: =AVERAGE('Non-shuttle Bids'!AJ362:AK389) -> 76.26 | E94: =STDEV('Non-shuttle Bids'!AJ362:AK389) -> 50.018286
A95: Oct. 04 | B95: =MAX('Non-shuttle Bids'!AN366:AO394) -> 194 | C95: =MIN('Non-shuttle Bids'!AN366:AO394) -> -16 | D95: =AVERAGE('Non-shuttle Bids'!AN366:AO394) -> 104.19565 | E95: =STDEV('Non-shuttle Bids'!AN366:AO394) -> 47.676512
A96: Nov. 04 | B96: =MAX('Non-shuttle Bids'!AR371:AS398) -> 187 | C96: =MIN('Non-shuttle Bids'!AR371:AS398) -> 0 | D96: =AVERAGE('Non-shuttle Bids'!AR371:AS398) -> 94 | E96: =STDEV('Non-shuttle Bids'!AR371:AS398) -> 43.860689
A97: Dec. 04 | B97: =MAX('Non-shuttle Bids'!AV375:AW402) -> 294 | C97: =MIN('Non-shuttle Bids'!AV375:AW402) -> 2 | D97: =AVERAGE('Non-shuttle Bids'!AV375:AW402) -> 102.39216 | E97: =STDEV('Non-shuttle Bids'!AV375:AW402) -> 79.490648
A98: Jan. 05 | B98: =MAX('Non-shuttle Bids'!D379:E406) -> 269 | C98: =MIN('Non-shuttle Bids'!D379:E406) -> 50 | D98: =AVERAGE('Non-shuttle Bids'!D379:E406) -> 197.19048 | E98: =STDEV('Non-shuttle Bids'!D379:E406) -> 60.865112
A99: Feb. 05 | B99: =MAX('Non-shuttle Bids'!H384:I411) -> 283 | C99: =MIN('Non-shuttle Bids'!H384:I411) -> 40 | D99: =AVERAGE('Non-shuttle Bids'!H384:I411) -> 188.10714 | E99: =STDEV('Non-shuttle Bids'!H384:I411) -> 52.924362
A100: Mar. 05 | B100: =MAX('Non-shuttle Bids'!L388:M415) -> 233 | C100: =MIN('Non-shuttle Bids'!L388:M415) -> -17 | D100: =AVERAGE('Non-shuttle Bids'!L388:M415) -> 150.81081 | E100: =STDEV('Non-shuttle Bids'!L388:M415) -> 53.910336
A101: Apr. 05 | B101: =MAX('Non-shuttle Bids'!P392:Q420) -> 163 | C101: =MIN('Non-shuttle Bids'!P392:Q420) -> -35 | D101: =AVERAGE('Non-shuttle Bids'!P392:Q420) -> 66.046512 | E101: =STDEV('Non-shuttle Bids'!P392:Q420) -> 59.166011
A102: May. 05 | B102: =MAX('Non-shuttle Bids'!T397:U424) -> 175 | C102: =MIN('Non-shuttle Bids'!T397:U424) -> -92 | D102: =AVERAGE('Non-shuttle Bids'!T397:U424) -> 48.490566 | E102: =STDEV('Non-shuttle Bids'!T397:U424) -> 66.396427
A103: Jun. 05 | B103: =MAX('Non-shuttle Bids'!X402:Y428) -> 150 | C103: =MIN('Non-shuttle Bids'!X402:Y428) -> -81 | D103: =AVERAGE('Non-shuttle Bids'!X402:Y428) -> 33.807692 | E103: =STDEV('Non-shuttle Bids'!X402:Y428) -> 54.0744
A104: Jul. 05 | B104: =MAX('Non-shuttle Bids'!AB406:AC432) -> 125 | C104: =MIN('Non-shuttle Bids'!AB406:AC432) -> -172 | D104: =AVERAGE('Non-shuttle Bids'!AB406:AC432) -> 34.326923 | E104: =STDEV('Non-shuttle Bids'!AB406:AC432) -> 52.233909
A105: Aug. 05 | B105: =MAX('Non-shuttle Bids'!AF410:AG437) -> 335 | C105: =MIN('Non-shuttle Bids'!AF410:AG437) -> 4 | D105: =AVERAGE('Non-shuttle Bids'!AF410:AG437) -> 84.428571 | E105: =STDEV('Non-shuttle Bids'!AF410:AG437) -> 58.94319
A106: Sept. 05 | B106: =MAX('Non-shuttle Bids'!AJ414:AK441) -> 425 | C106: =MIN('Non-shuttle Bids'!AJ414:AK441) -> 50 | D106: =AVERAGE('Non-shuttle Bids'!AJ414:AK441) -> 142.70455 | E106: =STDEV('Non-shuttle Bids'!AJ414:AK441) -> 91.574237
A107: Oct. 05 | B107: =MAX('Non-shuttle Bids'!AN418:AO446) -> 913 | C107: =MIN('Non-shuttle Bids'!AN418:AO446) -> 88 | D107: =AVERAGE('Non-shuttle Bids'!AN418:AO446) -> 333.25714 | E107: =STDEV('Non-shuttle Bids'!AN418:AO446) -> 227.1846
A108: Nov. 05 | B108: =MAX('Non-shuttle Bids'!AR423:AS450) -> 1006 | C108: =MIN('Non-shuttle Bids'!AR423:AS450) -> 88 | D108: =AVERAGE('Non-shuttle Bids'!AR423:AS450) -> 441.5625 | E108: =STDEV('Non-shuttle Bids'!AR423:AS450) -> 258.3883
A109: Dec. 05 | B109: =MAX('Non-shuttle Bids'!AV427:AW454) -> 788 | C109: =MIN('Non-shuttle Bids'!AV427:AW454) -> 83 | D109: =AVERAGE('Non-shuttle Bids'!AV427:AW454) -> 390.29268 | E109: =STDEV('Non-shuttle Bids'!AV427:AW454) -> 190.73925
A110: Jan. 06 | B110: =MAX('Non-shuttle Bids'!D431:E459) -> 600 | C110: =MIN('Non-shuttle Bids'!D431:E459) -> 63 | D110: =AVERAGE('Non-shuttle Bids'!D431:E459) -> 280.58537 | E110: =STDEV('Non-shuttle Bids'!D431:E459) -> 102.44705
A111: Feb. 06 | B111: =MAX('Non-shuttle Bids'!H436:I463) -> 400 | C111: =MIN('Non-shuttle Bids'!H436:I463) -> 8 | D111: =AVERAGE('Non-shuttle Bids'!H436:I463) -> 234.71739 | E111: =STDEV('Non-shuttle Bids'!H436:I463) -> 85.804342
A112: Mar. 06 | B112: =MAX('Non-shuttle Bids'!L440:M467) -> 288 | C112: =MIN('Non-shuttle Bids'!L440:M467) -> -58 | D112: =AVERAGE('Non-shuttle Bids'!L440:M467) -> 146.21154 | E112: =STDEV('Non-shuttle Bids'!L440:M467) -> 103.23367
A113: Apr. 06 | B113: =MAX('Non-shuttle Bids'!P444:Q471) -> 138 | C113: =MIN('Non-shuttle Bids'!P444:Q471) -> -175 | D113: =AVERAGE('Non-shuttle Bids'!P444:Q471) -> 15.955556 | E113: =STDEV('Non-shuttle Bids'!P444:Q471) -> 76.338646 | G113: =MAX('Shuttle Bids'!P446:Q476) -> -13 | H113: =MIN('Shuttle Bids'!P446:Q476) -> -317 | I113: =AVERAGE('Shuttle Bids'!$P446:$Q476) -> -147.73333 | J113: =STDEV('Shuttle Bids'!$P446:$Q476) -> 93.573093
A114: May. 06 | B114: =MAX('Non-shuttle Bids'!T448:U476) -> 125 | C114: =MIN('Non-shuttle Bids'!T448:U476) -> -169 | D114: =AVERAGE('Non-shuttle Bids'!T448:U476) -> -16.235294 | E114: =STDEV('Non-shuttle Bids'!T448:U476) -> 81.132136 | G114: =MAX('Shuttle Bids'!T451:U481) -> 250 | H114: =MIN('Shuttle Bids'!T451:U481) -> -275 | I114: =AVERAGE('Shuttle Bids'!$T451:$U481) -> -102.8 | J114: =STDEV('Shuttle Bids'!$T451:$U481) -> 98.901466
A115: Jun. 06 | B115: =MAX('Non-shuttle Bids'!X455:Y480) -> 100 | C115: =MIN('Non-shuttle Bids'!X455:Y480) -> -81 | D115: =AVERAGE('Non-shuttle Bids'!X455:Y480) -> 3.4423077 | E115: =STDEV('Non-shuttle Bids'!X455:Y480) -> 44.760107 | G115: =MAX('Shuttle Bids'!X455:Y485) -> 229 | H115: =MIN('Shuttle Bids'!X455:Y485) -> -269 | I115: =AVERAGE('Shuttle Bids'!$X455:$Y485) -> -74 | J115: =STDEV('Shuttle Bids'!$X455:$Y485) -> 88.89646
A116: Jul. 06 | B116: =MAX('Non-shuttle Bids'!AB459:AC485) -> 100 | C116: =MIN('Non-shuttle Bids'!AB459:AC485) -> -117 | D116: =AVERAGE('Non-shuttle Bids'!AB459:AC485) -> 30.333333 | E116: =STDEV('Non-shuttle Bids'!AB459:AC485) -> 48.627192 | G116: =MAX('Shuttle Bids'!AB459:AC489) -> 200 | H116: =MIN('Shuttle Bids'!AB459:AC489) -> -273 | I116: =AVERAGE('Shuttle Bids'!$AB459:$AC489) -> -12.805556 | J116: =STDEV('Shuttle Bids'!$AB459:$AC489) -> 101.73574
A117: Aug. 06 | B117: =MAX('Non-shuttle Bids'!AF463:AG489) -> 253 | C117: =MIN('Non-shuttle Bids'!AF463:AG489) -> -103 | D117: =AVERAGE('Non-shuttle Bids'!AF463:AG489) -> 112.38889 | E117: =STDEV('Non-shuttle Bids'!AF463:AG489) -> 60.97739 | G117: =MAX('Shuttle Bids'!AF463:AG493) -> 350 | H117: =MIN('Shuttle Bids'!AF463:AG493) -> -188 | I117: =AVERAGE('Shuttle Bids'!$AF463:$AG493) -> 91.682927 | J117: =STDEV('Shuttle Bids'!$AF463:$AG493) -> 97.461387
A118: Sept. 06 | B118: =MAX('Non-shuttle Bids'!AJ468:AK494) -> 438 | C118: =MIN('Non-shuttle Bids'!AJ468:AK494) -> 42 | D118: =AVERAGE('Non-shuttle Bids'!AJ468:AK494) -> 212.51852 | E118: =STDEV('Non-shuttle Bids'!AJ468:AK494) -> 88.880615 | G118: =MAX('Shuttle Bids'!AJ467:AK497) -> 525 | H118: =MIN('Shuttle Bids'!AJ467:AK497) -> -75 | I118: =AVERAGE('Shuttle Bids'!$AJ467:$AK497) -> 248.80769 | J118: =STDEV('Shuttle Bids'!$AJ467:$AK497) -> 131.58417
A119: Oct. 06 | B119: =MAX('Non-shuttle Bids'!AN472:AO501) -> 567 | C119: =MIN('Non-shuttle Bids'!AN472:AO501) -> -138 | D119: =AVERAGE('Non-shuttle Bids'!AN472:AO501) -> 288.68 | E119: =STDEV('Non-shuttle Bids'!AN472:AO501) -> 163.56581 | G119: =MAX('Shuttle Bids'!AN472:AO502) -> 750 | H119: =MIN('Shuttle Bids'!AN472:AO502) -> 65 | I119: =AVERAGE('Shuttle Bids'!$AN472:$AO502) -> 403.95745 | J119: =STDEV('Shuttle Bids'!$AN472:$AO502) -> 162.10329
A120: Nov. 06 | B120: =MAX('Non-shuttle Bids'!AR476:AS507) -> 400 | C120: =MIN('Non-shuttle Bids'!AR476:AS507) -> -153 | D120: =AVERAGE('Non-shuttle Bids'!AR476:AS507) -> 131.54348 | E120: =STDEV('Non-shuttle Bids'!AR476:AS507) -> 172.02115 | G120: =MAX('Shuttle Bids'!AR476:AS506) -> 525 | H120: =MIN('Shuttle Bids'!AR476:AS506) -> -244 | I120: =AVERAGE('Shuttle Bids'!$AR476:$AS506) -> 153.13158 | J120: =STDEV('Shuttle Bids'!$AR476:$AS506) -> 204.53258
A121: Dec. 06 | B121: =MAX('Non-shuttle Bids'!AV481:AW512) -> 300 | C121: =MIN('Non-shuttle Bids'!AV481:AW512) -> -181 | D121: =AVERAGE('Non-shuttle Bids'!AV481:AW512) -> 34.658537 | E121: =STDEV('Non-shuttle Bids'!AV481:AW512) -> 151.25072 | G121: =MAX('Shuttle Bids'!AV480:AW510) -> 250 | H121: =MIN('Shuttle Bids'!AV480:AW510) -> -259 | I121: =AVERAGE('Shuttle Bids'!$AV480:$AW510) -> -32.421053 | J121: =STDEV('Shuttle Bids'!$AV480:$AW510) -> 149.08725
A122: Jan. 07 | B122: =MAX('Non-shuttle Bids'!D483:E515) -> 32 | C122: =MIN('Non-shuttle Bids'!D483:E515) -> -175 | D122: =AVERAGE('Non-shuttle Bids'!D483:E515) -> -65.62069 | E122: =STDEV('Non-shuttle Bids'!D483:E515) -> 52.354843 | G122: =MAX('Shuttle Bids'!D485:E515) -> 25 | H122: =MIN('Shuttle Bids'!D485:E515) -> -250 | I122: =AVERAGE('Shuttle Bids'!$D485:$E515) -> -132.77778 | J122: =STDEV('Shuttle Bids'!$D485:$E515) -> 70.908852
A123: Feb. 07 | B123: =MAX('Non-shuttle Bids'!H488:I519) -> 0 | C123: =MIN('Non-shuttle Bids'!H488:I519) -> -192 | D123: =AVERAGE('Non-shuttle Bids'!H488:I519) -> -76.730769 | E123: =STDEV('Non-shuttle Bids'!H488:I519) -> 57.500997 | G123: =MAX('Shuttle Bids'!H489:I519) -> 0 | H123: =MIN('Shuttle Bids'!H489:I519) -> -288 | I123: =AVERAGE('Shuttle Bids'!$H489:$I519) -> -171.0625 | J123: =STDEV('Shuttle Bids'!$H489:$I519) -> 86.724444
A124: Mar. 07 | B124: =MAX('Non-shuttle Bids'!L492:M524) -> -6 | C124: =MIN('Non-shuttle Bids'!L492:M524) -> -225 | D124: =AVERAGE('Non-shuttle Bids'!L492:M524) -> -90.125 | E124: =STDEV('Non-shuttle Bids'!L492:M524) -> 67.518098 | G124: =MAX('Shuttle Bids'!L493:M523) -> -13 | H124: =MIN('Shuttle Bids'!L493:M523) -> -325 | I124: =AVERAGE('Shuttle Bids'!$L493:$M523) -> -191 | J124: =STDEV('Shuttle Bids'!$L493:$M523) -> 74.137464
A125: Apr. 07 | B125: =MAX('Non-shuttle Bids'!P495:Q528) -> 0 | C125: =MIN('Non-shuttle Bids'!P495:Q528) -> -225 | D125: =AVERAGE('Non-shuttle Bids'!P495:Q528) -> -110.96552 | E125: =STDEV('Non-shuttle Bids'!P495:Q528) -> 75.797419 | G125: =MAX('Shuttle Bids'!P492:Q527) -> -200 | H125: =MIN('Shuttle Bids'!P492:Q527) -> -325 | I125: =AVERAGE('Shuttle Bids'!$P492:$Q527) -> -269.42105 | J125: =STDEV('Shuttle Bids'!$P492:$Q527) -> 37.108423
A126: May. 07 | B126: =MAX('Non-shuttle Bids'!T499:U532) -> 0 | C126: =MIN('Non-shuttle Bids'!T499:U532) -> -230 | D126: =AVERAGE('Non-shuttle Bids'!T499:U532) -> -105.42424 | E126: =STDEV('Non-shuttle Bids'!T499:U532) -> 82.968756 | G126: =MAX('Shuttle Bids'!T497:U532) -> -200 | H126: =MIN('Shuttle Bids'!T497:U532) -> -345 | I126: =AVERAGE('Shuttle Bids'!$T497:$U532) -> -262.04348 | J126: =STDEV('Shuttle Bids'!$T497:$U532) -> 34.650827
A127: Jun. 07 | B127: =MAX('Non-shuttle Bids'!X504:Y537) -> 3 | C127: =MIN('Non-shuttle Bids'!X504:Y537) -> -200 | D127: =AVERAGE('Non-shuttle Bids'!X504:Y537) -> -76.857143 | E127: =STDEV('Non-shuttle Bids'!X504:Y537) -> 74.528296 | G127: =MAX('Shuttle Bids'!X501:Y536) -> -88 | H127: =MIN('Shuttle Bids'!X501:Y536) -> -475 | I127: =AVERAGE('Shuttle Bids'!$X501:$Y536) -> -234.30303 | J127: =STDEV('Shuttle Bids'!$X501:$Y536) -> 72.946249
A128: Jul. 07 | B128: =MAX('Non-shuttle Bids'!AB508:AC541) -> 38 | C128: =MIN('Non-shuttle Bids'!AB508:AC541) -> -175 | D128: =AVERAGE('Non-shuttle Bids'!AB508:AC541) -> -51.3125 | E128: =STDEV('Non-shuttle Bids'!AB508:AC541) -> 56.989046 | G128: =MAX('Shuttle Bids'!AB505:AC540) -> -69 | H128: =MIN('Shuttle Bids'!AB505:AC540) -> -422 | I128: =AVERAGE('Shuttle Bids'!$AB505:$AC540) -> -245.32 | J128: =STDEV('Shuttle Bids'!$AB505:$AC540) -> 76.93272
A129: Aug. 07 | B129: =MAX('Non-shuttle Bids'!AF512:AG546) -> 675 | C129: =MIN('Non-shuttle Bids'!AF512:AG546) -> -150 | D129: =AVERAGE('Non-shuttle Bids'!AF512:AG546) -> 32.122449 | E129: =STDEV('Non-shuttle Bids'!AF512:AG546) -> 137.11775 | G129: =MAX('Shuttle Bids'!AF510:AG545) -> 1275 | H129: =MIN('Shuttle Bids'!AF510:AG545) -> -300 | I129: =AVERAGE('Shuttle Bids'!$AF510:$AG545) -> -54.30303 | J129: =STDEV('Shuttle Bids'!$AF510:$AG545) -> 312.81839
A130: Sept. 07 | B130: =MAX('Non-shuttle Bids'!AJ516:AK550) -> 867 | C130: =MIN('Non-shuttle Bids'!AJ516:AK550) -> -75 | D130: =AVERAGE('Non-shuttle Bids'!AJ516:AK550) -> 159.05455 | E130: =STDEV('Non-shuttle Bids'!AJ516:AK550) -> 245.70318 | G130: =MAX('Shuttle Bids'!$AJ$514:$AK$549) -> 1325 | H130: =MIN('Shuttle Bids'!AJ514:AK549) -> -250 | I130: =AVERAGE('Shuttle Bids'!$AJ514:$AK549) -> 108.76596 | J130: =STDEV('Shuttle Bids'!$AJ514:$AK549) -> 425.60061
A131: Oct. 07 | B131: =MAX('Non-shuttle Bids'!$AN$520:$AO$554) -> 992 | C131: =MIN('Non-shuttle Bids'!$AN$520:$AO$554) -> 100 | D131: =AVERAGE('Non-shuttle Bids'!$AN$520:$AO$554) -> 340.88889 | E131: =STDEV('Non-shuttle Bids'!$AM$520:$AN$554) -> 316.15588 | G131: =MAX('Shuttle Bids'!$AN$518:$AO$553) -> 1367 | H131: =MIN('Shuttle Bids'!$AN$518:$AO$553) -> 50 | I131: =AVERAGE('Shuttle Bids'!$AN$518:$AO$553) -> 443.07317 | J131: =STDEV('Shuttle Bids'!$AN$518:$AO$553) -> 375.45548
A132: Nov. 07 | B132: =MAX('Non-shuttle Bids'!$AR$525:$AS$559) -> 500 | C132: =MIN('Non-shuttle Bids'!$AR$525:$AS$559) -> -88 | D132: =AVERAGE('Non-shuttle Bids'!$AR$525:$AS$559) -> 195.1 | E132: =STDEV('Non-shuttle Bids'!$AR$525:$AS$559) -> 174.49986 | G132: =MAX('Shuttle Bids'!$AR$523:$AS$558) -> 1000 | H132: =MIN('Shuttle Bids'!$AR$523:$AS$558) -> -350 | I132: =AVERAGE('Shuttle Bids'!$AR$523:$AS$558) -> 229.65385 | J132: =STDEV('Shuttle Bids'!$AR$523:$AS$558) -> 365.45861
A133: Dec. 07 | B133: =MAX('Non-shuttle Bids'!$AV529:$AW563) -> 400 | C133: =MIN('Non-shuttle Bids'!$AV529:$AW563) -> -213 | D133: =AVERAGE('Non-shuttle Bids'!$AV529:$AW563) -> 47.125 | E133: =STDEV('Non-shuttle Bids'!$AV529:$AW563) -> 173.71349 | G133: =MAX('Shuttle Bids'!$AV$527:$AW$562) -> 250 | H133: =MIN('Shuttle Bids'!$AV$527:$AW$562) -> -400 | I133: =AVERAGE('Shuttle Bids'!$AV$527:$AW$562) -> -56.882353 | J133: =STDEV('Shuttle Bids'!$AV$527:$AW$562) -> 188.85109
A134: Jan. 08 | B134: =MAX('Non-shuttle Bids'!$D$534:$E$568) -> 50 | C134: =MIN('Non-shuttle Bids'!$D$534:$E$568) -> -200 | D134: =AVERAGE('Non-shuttle Bids'!$D$534:$E$568) -> -44.636364 | E134: =STDEV('Non-shuttle Bids'!$D$534:$E$568) -> 82.836928 | G134: =MAX('Shuttle Bids'!$D$532:$E$567) -> 125 | H134: =MIN('Shuttle Bids'!$D$532:$E$567) -> -350 | I134: =AVERAGE('Shuttle Bids'!$D$532:$E$567) -> -68.411765 | J134: =STDEV('Shuttle Bids'!$D$532:$E$567) -> 130.50721
A135: Feb. 08 | B135: =MAX('Non-shuttle Bids'!$H538:I572) -> 82 | C135: =MIN('Non-shuttle Bids'!$H538:I572) -> -225 | D135: =AVERAGE('Non-shuttle Bids'!$H538:I572) -> -41.9 | E135: =STDEV('Non-shuttle Bids'!$H538:I572) -> 92.332865 | G135: =MAX('Shuttle Bids'!$H$536:$I$571) -> 700 | H135: =MIN('Shuttle Bids'!$H$536:$I$571) -> -121 | I135: =AVERAGE('Shuttle Bids'!$H$536:$I$571) -> 117.4 | J135: =STDEV('Shuttle Bids'!$H$536:$I$571) -> 229.7028
A136: Mar. 08 | B136: =MAX('Non-shuttle Bids'!$L$542:$M$576) -> 88 | C136: =MIN('Non-shuttle Bids'!$L$542:$M$576) -> -225 | D136: =AVERAGE('Non-shuttle Bids'!$L$542:$M$576) -> -44.862069 | E136: =STDEV('Non-shuttle Bids'!$L$542:$M$576) -> 76.421166 | G136: =MAX('Shuttle Bids'!$L$540:$M$575) -> 200 | H136: =MIN('Shuttle Bids'!$L$540:$M$575) -> -225 | I136: =AVERAGE('Shuttle Bids'!$L$540:$M$575) -> -40.4 | J136: =STDEV('Shuttle Bids'!$L$540:$M$575) -> 121.77736
A137: Apr. 08 | B137: =MAX('Non-shuttle Bids'!P546:Q580) -> 3 | C137: =MIN('Non-shuttle Bids'!P546:Q580) -> -175 | D137: =AVERAGE('Non-shuttle Bids'!P546:Q580) -> -58.666667 | E137: =STDEV('Non-shuttle Bids'!P546:Q580) -> 66.14192 | G137: =MAX('Shuttle Bids'!$P545:$Q580) -> -100 | H137: =MIN('Shuttle Bids'!$P545:$Q580) -> -268 | I137: =AVERAGE('Shuttle Bids'!$P545:$Q580) -> -187.27273 | J137: =STDEV('Shuttle Bids'!$P545:$Q580) -> 49.898078
A138: May. 08 | B138: =MAX('Non-shuttle Bids'!T550:U584) -> 0 | C138: =MIN('Non-shuttle Bids'!T550:U584) -> -175 | D138: =AVERAGE('Non-shuttle Bids'!T550:U584) -> -62.964286 | E138: =STDEV('Non-shuttle Bids'!T550:U584) -> 61.342682 | G138: =MAX('Shuttle Bids'!$T550:$U584) -> -94 | H138: =MIN('Shuttle Bids'!$T550:$U584) -> -538 | I138: =AVERAGE('Shuttle Bids'!$T550:$U584) -> -255 | J138: =STDEV('Shuttle Bids'!$T550:$U584) -> 136.57599
A139: Jun. 08 | B139: =MAX('Non-shuttle Bids'!X553:Y588) -> 100 | C139: =MIN('Non-shuttle Bids'!X553:Y588) -> -75 | D139: =AVERAGE('Non-shuttle Bids'!X553:Y588) -> 15.346154 | E139: =STDEV('Non-shuttle Bids'!X553:Y588) -> 44.88469 | G139: =MAX('Shuttle Bids'!$X554:$Y588) -> -113 | H139: =MIN('Shuttle Bids'!$X554:$Y588) -> -425 | I139: =AVERAGE('Shuttle Bids'!$X554:$Y588) -> -204.16667 | J139: =STDEV('Shuttle Bids'!$X554:$Y588) -> 65.516713
A140: Jul.08 | B140: =MAX('Non-shuttle Bids'!AB563:AC593) -> 150 | C140: =MIN('Non-shuttle Bids'!AB563:AC593) -> -63 | D140: =AVERAGE('Non-shuttle Bids'!AB563:AC593) -> 51.548387 | E140: =STDEV('Non-shuttle Bids'!AB563:AC593) -> 57.461778 | G140: =MAX('Shuttle Bids'!$AB563:$AC593) -> 213 | H140: =MIN('Shuttle Bids'!$AB563:$AC593) -> -188 | I140: =AVERAGE('Shuttle Bids'!$AB563:$AC593) -> -100.56667 | J140: =STDEV('Shuttle Bids'!$AB563:$AC593) -> 73.02984
A141: Aug. 08 | B141: =MAX('Non-shuttle Bids'!AF567:AG597) -> 180 | C141: =MIN('Non-shuttle Bids'!AF567:AG597) -> -125 | D141: =AVERAGE('Non-shuttle Bids'!AF567:AG597) -> 98.216216 | E141: =STDEV('Non-shuttle Bids'!AF567:AG597) -> 68.070688 | G141: =MAX('Shuttle Bids'!$AF567:$AG597) -> 88 | H141: =MIN('Shuttle Bids'!$AF567:$AG597) -> -250 | I141: =AVERAGE('Shuttle Bids'!$AF567:$AG597) -> -86.928571 | J141: =STDEV('Shuttle Bids'!$AF567:$AG597) -> 97.634691
A142: Sep. 08 | B142: =MAX('Non-shuttle Bids'!$AJ571:$AK601) -> 250 | C142: =MIN('Non-shuttle Bids'!$AJ571:$AK601) -> -117 | D142: =AVERAGE('Non-shuttle Bids'!$AJ571:$AK601) -> 128.11111 | E142: =STDEV('Non-shuttle Bids'!$AJ571:$AK601) -> 102.55167 | G142: =MAX('Shuttle Bids'!$AJ571:$AK601) -> 29 | H142: =MIN('Shuttle Bids'!$AJ571:$AK601) -> -338 | I142: =AVERAGE('Shuttle Bids'!$AJ571:$AK601) -> -149.28571 | J142: =STDEV('Shuttle Bids'!$AJ571:$AK601) -> 101.09662
A143: Oct. 08 | B143: =MAX('Non-shuttle Bids'!$AN575:$AO605) -> 300 | C143: =MIN('Non-shuttle Bids'!$AN575:$AO605) -> -88 | D143: =AVERAGE('Non-shuttle Bids'!$AN575:$AO605) -> 97.208333 | E143: =STDEV('Non-shuttle Bids'!$AN575:$AO605) -> 100.67294 | G143: =MAX('Shuttle Bids'!$AN575:$AO605) -> 225 | H143: =MIN('Shuttle Bids'!$AN575:$AO605) -> -175 | I143: =AVERAGE('Shuttle Bids'!$AN575:$AO605) -> 41.9 | J143: =STDEV('Shuttle Bids'!$AN575:$AO605) -> 137.11113
...

Sheet Weekly Comparisons
C1: Jan | G1: Feb | K1: Mar | O1: Apr | S1: May | W1: Jun | AA1: Jul | AE1: Aug | AI1: Sep | AM1: Oct | AQ1: Nov | AU1: Dec
A2: Non-Shuttle | C2: BNSF | D2: UP | E2: Avg. | G2: BNSF | H2: UP | I2: Avg. | K2: BNSF | L2: UP | M2: Avg. | O2: BNSF | P2: UP | Q2: Avg. | S2: BNSF | T2: UP | U2: Avg. | W2: BNSF | X2: UP | Y2: Avg. | AA2: BNSF | AB2: UP | AC2: Avg. | AE2: BNSF | AF2: UP | AG2: Avg. | AI2: BNSF | AJ2: UP | AK2: Avg. | AM2: BNSF | AN2: UP | AO2: Avg. | AQ2: BNSF | AR2: UP | AS2: Avg. | AU2: BNSF | AV2: UP | AW2: Avg.
A3: Current week bid/offer | C3: =IF('Non-shuttle Bids'!D919="", "n/a", 'Non-shuttle Bids'!D919) -> n/a | D3: =IF('Non-shuttle Bids'!E919="", "n/a", 'Non-shuttle Bids'!E919) -> n/a | E3: =IF('Non-shuttle Bids'!F919="", "n/a", 'Non-shuttle Bids'!F919) -> n/a | G3: =IF('Non-shuttle Bids'!H911="", "n/a", 'Non-shuttle Bids'!H911) -> n/a | H3: =IF('Non-shuttle Bids'!I911="", "n/a", 'Non-shuttle Bids'!I911) -> n/a | I3: =IF('Non-shuttle Bids'!J911="", "n/a", 'Non-shuttle Bids'!J911) -> n/a | K3: =IF('Non-shuttle Bids'!L911="", "n/a", 'Non-shuttle Bids'!L911) -> n/a | L3: =IF('Non-shuttle Bids'!M911="", "n/a", 'Non-shuttle Bids'!M911) -> n/a | M3: =IF('Non-shuttle Bids'!N911="", "n/a", 'Non-shuttle Bids'!N911) -> n/a | O3: =IF('Non-shuttle Bids'!P911="", "n/a", 'Non-shuttle Bids'!P911) -> n/a | P3: =IF('Non-shuttle Bids'!Q911="", "n/a", 'Non-shuttle Bids'!Q911) -> n/a | Q3: =IF('Non-shuttle Bids'!R911="", "n/a", 'Non-shuttle Bids'!R911) -> n/a | S3: =IF('Non-shuttle Bids'!T911="", "n/a", 'Non-shuttle Bids'!T911) -> n/a | T3: =IF('Non-shuttle Bids'!U911="", "n/a", 'Non-shuttle Bids'!U911) -> n/a | U3: =IF('Non-shuttle Bids'!V911="", "n/a", 'Non-shuttle Bids'!V911) -> n/a | W3: =IF('Non-shuttle Bids'!X911="", "n/a", 'Non-shuttle Bids'!X911) -> n/a | X3: =IF('Non-shuttle Bids'!Y911="", "n/a", 'Non-shuttle Bids'!Y911) -> n/a | Y3: =IF('Non-shuttle Bids'!Z911="", "n/a", 'Non-shuttle Bids'!Z911) -> n/a | AA3: =IF('Non-shuttle Bids'!AB905="", "n/a", 'Non-shuttle Bids'!AB905) -> 900 | AB3: =IF('Non-shuttle Bids'!AC905="", "n/a", 'Non-shuttle Bids'!AC905) -> 800 | AC3: =IF('Non-shuttle Bids'!AD905="", "n/a", 'Non-shuttle Bids'!AD905) -> 850 | AE3: =IF('Non-shuttle Bids'!AF910="", "n/a", 'Non-shuttle Bids'!AF910) -> n/a | AF3: =IF('Non-shuttle Bids'!AG910="", "n/a", 'Non-shuttle Bids'!AG910) -> n/a | AG3: =IF('Non-shuttle Bids'!AH910="", "n/a", 'Non-shuttle Bids'!AH910) -> n/a | AI3: =IF('Non-shuttle Bids'!AJ914="", "n/a", 'Non-shuttle Bids'!AJ914) -> n/a | AJ3: =IF('Non-shuttle Bids'!AK914="", "n/a", 'Non-shuttle Bids'!AK914) -> n/a | AK3: =IF('Non-shuttle Bids'!AL914="", "n/a", 'Non-shuttle Bids'!AL914) -> n/a | AM3: =IF('Non-shuttle Bids'!AN918="", "n/a", 'Non-shuttle Bids'!AN918) -> n/a | AN3: =IF('Non-shuttle Bids'!AO918="", "n/a", 'Non-shuttle Bids'!AO918) -> n/a | AO3: =IF('Non-shuttle Bids'!AP918="", "n/a", 'Non-shuttle Bids'!AP918) -> n/a | AQ3: =IF('Non-shuttle Bids'!AR919="", "n/a", 'Non-shuttle Bids'!AR919) -> 3000 | AR3: =IF('Non-shuttle Bids'!AS919="", "n/a", 'Non-shuttle Bids'!AS919) -> 1300 | AS3: =IF('Non-shuttle Bids'!AT919="", "n/a", 'Non-shuttle Bids'!AT919) -> 2150 | AU3: =IF('Non-shuttle Bids'!AV919="", "n/a", 'Non-shuttle Bids'!AV919) -> n/a | AV3: =IF('Non-shuttle Bids'!AW919="", "n/a", 'Non-shuttle Bids'!AW919) -> 750 | AW3: =IF('Non-shuttle Bids'!AX919="", "n/a", 'Non-shuttle Bids'!AX919) -> 750
A4: Change from prior week | C4: =IF('Non-shuttle Bids'!D919="","n/a",IF('Non-shuttle Bids'!D918="","n/a",'Non-shuttle Bids'!D919-'Non-shuttle Bids'!D918)) -> n/a | D4: =IF('Non-shuttle Bids'!E919="","n/a",IF('Non-shuttle Bids'!E918="","n/a",'Non-shuttle Bids'!E919-'Non-shuttle Bids'!E918)) -> n/a | E4: =IF('Non-shuttle Bids'!F919="","n/a",IF('Non-shuttle Bids'!F918="","n/a",'Non-shuttle Bids'!F919-'Non-shuttle Bids'!F918)) -> n/a | G4: =IF('Non-shuttle Bids'!H911="","n/a",IF('Non-shuttle Bids'!H910="","n/a",'Non-shuttle Bids'!H911-'Non-shuttle Bids'!H910)) -> n/a | H4: =IF('Non-shuttle Bids'!I911="","n/a",IF('Non-shuttle Bids'!I910="","n/a",'Non-shuttle Bids'!I911-'Non-shuttle Bids'!I910)) -> n/a | I4: =IF('Non-shuttle Bids'!J911="","n/a",IF('Non-shuttle Bids'!J910="","n/a",'Non-shuttle Bids'!J911-'Non-shuttle Bids'!J910)) -> n/a | K4: =IF('Non-shuttle Bids'!L911="","n/a",IF('Non-shuttle Bids'!L910="","n/a",'Non-shuttle Bids'!L911-'Non-shuttle Bids'!L910)) -> n/a | L4: =IF('Non-shuttle Bids'!M911="","n/a",IF('Non-shuttle Bids'!M910="","n/a",'Non-shuttle Bids'!M911-'Non-shuttle Bids'!M910)) -> n/a | M4: =IF('Non-shuttle Bids'!N911="","n/a",IF('Non-shuttle Bids'!N910="","n/a",'Non-shuttle Bids'!N911-'Non-shuttle Bids'!N910)) -> n/a | O4: =IF('Non-shuttle Bids'!P911="","n/a",IF('Non-shuttle Bids'!P910="","n/a",'Non-shuttle Bids'!P911-'Non-shuttle Bids'!P910)) -> n/a | P4: =IF('Non-shuttle Bids'!Q911="","n/a",IF('Non-shuttle Bids'!Q910="","n/a",'Non-shuttle Bids'!Q911-'Non-shuttle Bids'!Q910)) -> n/a | Q4: =IF('Non-shuttle Bids'!R911="","n/a",IF('Non-shuttle Bids'!R910="","n/a",'Non-shuttle Bids'!R911-'Non-shuttle Bids'!R910)) -> n/a | S4: =IF('Non-shuttle Bids'!T911="","n/a",IF('Non-shuttle Bids'!T910="","n/a",'Non-shuttle Bids'!T911-'Non-shuttle Bids'!T910)) -> n/a | T4: =IF('Non-shuttle Bids'!U911="","n/a",IF('Non-shuttle Bids'!U910="","n/a",'Non-shuttle Bids'!U911-'Non-shuttle Bids'!U910)) -> n/a | U4: =IF('Non-shuttle Bids'!V911="","n/a",IF('Non-shuttle Bids'!V910="","n/a",'Non-shuttle Bids'!V911-'Non-shuttle Bids'!V910)) -> n/a | W4: =IF('Non-shuttle Bids'!X911="","n/a",IF('Non-shuttle Bids'!X910="","n/a",'Non-shuttle Bids'!X911-'Non-shuttle Bids'!X910)) -> n/a | X4: =IF('Non-shuttle Bids'!Y911="","n/a",IF('Non-shuttle Bids'!Y910="","n/a",'Non-shuttle Bids'!Y911-'Non-shuttle Bids'!Y910)) -> n/a | Y4: =IF('Non-shuttle Bids'!Z911="","n/a",IF('Non-shuttle Bids'!Z910="","n/a",'Non-shuttle Bids'!Z911-'Non-shuttle Bids'!Z910)) -> n/a | AA4: =IF('Non-shuttle Bids'!AB905="","n/a",IF('Non-shuttle Bids'!AB904="","n/a",'Non-shuttle Bids'!AB905-'Non-shuttle Bids'!AB904)) -> 100 | AB4: =IF('Non-shuttle Bids'!AC905="","n/a",IF('Non-shuttle Bids'!AC904="","n/a",'Non-shuttle Bids'!AC905-'Non-shuttle Bids'!AC904)) -> 600 | AC4: =IF('Non-shuttle Bids'!AD905="","n/a",IF('Non-shuttle Bids'!AD904="","n/a",'Non-shuttle Bids'!AD905-'Non-shuttle Bids'!AD904)) -> 350 | AE4: =IF('Non-shuttle Bids'!AF910="","n/a",IF('Non-shuttle Bids'!AF909="","n/a",'Non-shuttle Bids'!AF910-'Non-shuttle Bids'!AF909)) -> n/a | AF4: =IF('Non-shuttle Bids'!AG910="","n/a",IF('Non-shuttle Bids'!AG909="","n/a",'Non-shuttle Bids'!AG910-'Non-shuttle Bids'!AG909)) -> n/a | AG4: =IF('Non-shuttle Bids'!AH910="","n/a",IF('Non-shuttle Bids'!AH909="","n/a",'Non-shuttle Bids'!AH910-'Non-shuttle Bids'!AH909)) -> n/a | AI4: =IF('Non-shuttle Bids'!AJ914="","n/a",IF('Non-shuttle Bids'!AJ913="","n/a",'Non-shuttle Bids'!AJ914-'Non-shuttle Bids'!AJ913)) -> n/a | AJ4: =IF('Non-shuttle Bids'!AK914="","n/a",IF('Non-shuttle Bids'!AK913="","n/a",'Non-shuttle Bids'!AK914-'Non-shuttle Bids'!AK913)) -> n/a | AK4: =IF('Non-shuttle Bids'!AL914="","n/a",IF('Non-shuttle Bids'!AL913="","n/a",'Non-shuttle Bids'!AL914-'Non-shuttle Bids'!AL913)) -> n/a | AM4: =IF('Non-shuttle Bids'!AN918="","n/a",IF('Non-shuttle Bids'!AN917="","n/a",'Non-shuttle Bids'!AN918-'Non-shuttle Bids'!AN917)) -> n/a | AN4: =IF('Non-shuttle Bids'!AO918="","n/a",IF('Non-shuttle Bids'!AO917="","n/a",'Non-shuttle Bids'!AO918-'Non-shuttle Bids'!AO917)) -> n/a | AO4: =IF('Non-shuttle Bids'!AP918="","n/a",IF('Non-shuttle Bids'!AP917="","n/a",'Non-shuttle Bids'!AP918-'Non-shuttle Bids'!AP917)) -> n/a | AQ4: =IF('Non-shuttle Bids'!AR919="","n/a",IF('Non-shuttle Bids'!AR918="","n/a",'Non-shuttle Bids'!AR919-'Non-shuttle Bids'!AR918)) -> n/a | AR4: =IF('Non-shuttle Bids'!AS919="","n/a",IF('Non-shuttle Bids'!AS918="","n/a",'Non-shuttle Bids'!AS919-'Non-shuttle Bids'!AS918)) -> n/a | AS4: =IF('Non-shuttle Bids'!AT919="","n/a",IF('Non-shuttle Bids'!AT918="","n/a",'Non-shuttle Bids'!AT919-'Non-shuttle Bids'!AT918)) -> n/a | AU4: =IF('Non-shuttle Bids'!AV919="","n/a",IF('Non-shuttle Bids'!AV918="","n/a",'Non-shuttle Bids'!AV919-'Non-shuttle Bids'!AV918)) -> n/a | AV4: =IF('Non-shuttle Bids'!AW919="","n/a",IF('Non-shuttle Bids'!AW918="","n/a",'Non-shuttle Bids'!AW919-'Non-shuttle Bids'!AW918)) -> n/a | AW4: =IF('Non-shuttle Bids'!AX919="","n/a",IF('Non-shuttle Bids'!AX918="","n/a",'Non-shuttle Bids'!AX919-'Non-shuttle Bids'!AX918)) -> n/a
A5: Change from prior year | C5: =IF('Non-shuttle Bids'!D919="","n/a",IF('Non-shuttle Bids'!D867="","n/a",'Non-shuttle Bids'!D919-'Non-shuttle Bids'!D867)) -> n/a | D5: =IF('Non-shuttle Bids'!E919="","n/a",IF('Non-shuttle Bids'!E867="","n/a",'Non-shuttle Bids'!E919-'Non-shuttle Bids'!E867)) -> n/a | E5: =IF('Non-shuttle Bids'!F919="","n/a",IF('Non-shuttle Bids'!F867="","n/a",'Non-shuttle Bids'!F919-'Non-shuttle Bids'!F867)) -> n/a | G5: =IF('Non-shuttle Bids'!H911="","n/a",IF('Non-shuttle Bids'!H859="","n/a",'Non-shuttle Bids'!H911-'Non-shuttle Bids'!H859)) -> n/a | H5: =IF('Non-shuttle Bids'!I911="","n/a",IF('Non-shuttle Bids'!I859="","n/a",'Non-shuttle Bids'!I911-'Non-shuttle Bids'!I859)) -> n/a | I5: =IF('Non-shuttle Bids'!J911="","n/a",IF('Non-shuttle Bids'!J859="","n/a",'Non-shuttle Bids'!J911-'Non-shuttle Bids'!J859)) -> n/a | K5: =IF('Non-shuttle Bids'!L911="","n/a",IF('Non-shuttle Bids'!L859="","n/a",'Non-shuttle Bids'!L911-'Non-shuttle Bids'!L859)) -> n/a | L5: =IF('Non-shuttle Bids'!M911="","n/a",IF('Non-shuttle Bids'!M859="","n/a",'Non-shuttle Bids'!M911-'Non-shuttle Bids'!M859)) -> n/a | M5: =IF('Non-shuttle Bids'!N911="","n/a",IF('Non-shuttle Bids'!N859="","n/a",'Non-shuttle Bids'!N911-'Non-shuttle Bids'!N859)) -> n/a | O5: =IF('Non-shuttle Bids'!P911="","n/a",IF('Non-shuttle Bids'!P859="","n/a",'Non-shuttle Bids'!P911-'Non-shuttle Bids'!P859)) -> n/a | P5: =IF('Non-shuttle Bids'!Q911="","n/a",IF('Non-shuttle Bids'!Q859="","n/a",'Non-shuttle Bids'!Q911-'Non-shuttle Bids'!Q859)) -> n/a | Q5: =IF('Non-shuttle Bids'!R911="","n/a",IF('Non-shuttle Bids'!R859="","n/a",'Non-shuttle Bids'!R911-'Non-shuttle Bids'!R859)) -> n/a | S5: =IF('Non-shuttle Bids'!T911="","n/a",IF('Non-shuttle Bids'!T859="","n/a",'Non-shuttle Bids'!T911-'Non-shuttle Bids'!T859)) -> n/a | T5: =IF('Non-shuttle Bids'!U911="","n/a",IF('Non-shuttle Bids'!U859="","n/a",'Non-shuttle Bids'!U911-'Non-shuttle Bids'!U859)) -> n/a | U5: =IF('Non-shuttle Bids'!V911="","n/a",IF('Non-shuttle Bids'!V859="","n/a",'Non-shuttle Bids'!V911-'Non-shuttle Bids'!V859)) -> n/a | W5: =IF('Non-shuttle Bids'!X911="","n/a",IF('Non-shuttle Bids'!X859="","n/a",'Non-shuttle Bids'!X911-'Non-shuttle Bids'!X859)) -> n/a | X5: =IF('Non-shuttle Bids'!Y911="","n/a",IF('Non-shuttle Bids'!Y859="","n/a",'Non-shuttle Bids'!Y911-'Non-shuttle Bids'!Y859)) -> n/a | Y5: =IF('Non-shuttle Bids'!Z911="","n/a",IF('Non-shuttle Bids'!Z859="","n/a",'Non-shuttle Bids'!Z911-'Non-shuttle Bids'!Z859)) -> n/a | AA5: =IF('Non-shuttle Bids'!AB905="","n/a",IF('Non-shuttle Bids'!AB853="","n/a",'Non-shuttle Bids'!AB905-'Non-shuttle Bids'!AB853)) -> 899 | AB5: =IF('Non-shuttle Bids'!AC905="","n/a",IF('Non-shuttle Bids'!AC853="","n/a",'Non-shuttle Bids'!AC905-'Non-shuttle Bids'!AC853)) -> 800 | AC5: =IF('Non-shuttle Bids'!AD905="","n/a",IF('Non-shuttle Bids'!AD853="","n/a",'Non-shuttle Bids'!AD905-'Non-shuttle Bids'!AD853)) -> 849.5 | AE5: =IF('Non-shuttle Bids'!AF910="","n/a",IF('Non-shuttle Bids'!AF858="","n/a",'Non-shuttle Bids'!AF910-'Non-shuttle Bids'!AF858)) -> n/a | AF5: =IF('Non-shuttle Bids'!AG910="","n/a",IF('Non-shuttle Bids'!AG858="","n/a",'Non-shuttle Bids'!AG910-'Non-shuttle Bids'!AG858)) -> n/a | AG5: =IF('Non-shuttle Bids'!AH910="","n/a",IF('Non-shuttle Bids'!AH858="","n/a",'Non-shuttle Bids'!AH910-'Non-shuttle Bids'!AH858)) -> n/a | AI5: =IF('Non-shuttle Bids'!AJ914="","n/a",IF('Non-shuttle Bids'!AJ862="","n/a",'Non-shuttle Bids'!AJ914-'Non-shuttle Bids'!AJ862)) -> n/a | AJ5: =IF('Non-shuttle Bids'!AK914="","n/a",IF('Non-shuttle Bids'!AK862="","n/a",'Non-shuttle Bids'!AK914-'Non-shuttle Bids'!AK862)) -> n/a | AK5: =IF('Non-shuttle Bids'!AL914="","n/a",IF('Non-shuttle Bids'!AL862="","n/a",'Non-shuttle Bids'!AL914-'Non-shuttle Bids'!AL862)) -> n/a | AM5: =IF('Non-shuttle Bids'!AN918="","n/a",IF('Non-shuttle Bids'!AN866="","n/a",'Non-shuttle Bids'!AN918-'Non-shuttle Bids'!AN866)) -> n/a | AN5: =IF('Non-shuttle Bids'!AO918="","n/a",IF('Non-shuttle Bids'!AO866="","n/a",'Non-shuttle Bids'!AO918-'Non-shuttle Bids'!AO866)) -> n/a | AO5: =IF('Non-shuttle Bids'!AP918="","n/a",IF('Non-shuttle Bids'!AP866="","n/a",'Non-shuttle Bids'!AP918-'Non-shuttle Bids'!AP866)) -> n/a | AQ5: =IF('Non-shuttle Bids'!AR919="","n/a",IF('Non-shuttle Bids'!AR867="","n/a",'Non-shuttle Bids'!AR919-'Non-shuttle Bids'!AR867)) -> 2600 | AR5: =IF('Non-shuttle Bids'!AS919="","n/a",IF('Non-shuttle Bids'!AS867="","n/a",'Non-shuttle Bids'!AS919-'Non-shuttle Bids'!AS867)) -> 1200 | AS5: =IF('Non-shuttle Bids'!AT919="","n/a",IF('Non-shuttle Bids'!AT867="","n/a",'Non-shuttle Bids'!AT919-'Non-shuttle Bids'!AT867)) -> 1900 | AU5: =IF('Non-shuttle Bids'!AV919="","n/a",IF('Non-shuttle Bids'!AV867="","n/a",'Non-shuttle Bids'!AV919-'Non-shuttle Bids'!AV867)) -> n/a | AV5: =IF('Non-shuttle Bids'!AW919="","n/a",IF('Non-shuttle Bids'!AW867="","n/a",'Non-shuttle Bids'!AW919-'Non-shuttle Bids'!AW867)) -> n/a | AW5: =IF('Non-shuttle Bids'!AX919="","n/a",IF('Non-shuttle Bids'!AX867="","n/a",'Non-shuttle Bids'!AX919-'Non-shuttle Bids'!AX867)) -> 408
A6: Aggregate avg. bid this week | C6: =IF('Non-shuttle Bids'!F919="","n/a",'Non-shuttle Bids'!F919) -> n/a | G6: =IF('Non-shuttle Bids'!J911="","n/a",'Non-shuttle Bids'!J911) -> n/a | K6: =IF('Non-shuttle Bids'!N911="","n/a",'Non-shuttle Bids'!N911) -> n/a | O6: =IF('Non-shuttle Bids'!R911="","n/a",'Non-shuttle Bids'!R911) -> n/a | S6: =IF('Non-shuttle Bids'!V911="","n/a",'Non-shuttle Bids'!V911) -> n/a | W6: =IF('Non-shuttle Bids'!Z911="","n/a",'Non-shuttle Bids'!Z911) -> n/a | AA6: =IF('Non-shuttle Bids'!AD905="","n/a",'Non-shuttle Bids'!AD905) -> 850 | AE6: =IF('Non-shuttle Bids'!AH910="","n/a",'Non-shuttle Bids'!AH910) -> n/a | AI6: =IF('Non-shuttle Bids'!AL914="","n/a",'Non-shuttle Bids'!AL914) -> n/a | AM6: =IF('Non-shuttle Bids'!AP918="","n/a",'Non-shuttle Bids'!AP918) -> n/a | AQ6: =IF('Non-shuttle Bids'!AT919="","n/a",'Non-shuttle Bids'!AT919) -> 2150 | AU6: =IF('Non-shuttle Bids'!AX919="","n/a",'Non-shuttle Bids'!AX919) -> 750
A7: Aggregate avg. change from prior week | C7: =IF('Non-shuttle Bids'!F919="","n/a",IF('Non-shuttle Bids'!F918="","n/a",'Non-shuttle Bids'!F919-'Non-shuttle Bids'!F918)) -> n/a | G7: =IF('Non-shuttle Bids'!J911="","n/a",IF('Non-shuttle Bids'!J910="","n/a",'Non-shuttle Bids'!J911-'Non-shuttle Bids'!J910)) -> n/a | K7: =IF('Non-shuttle Bids'!N911="","n/a",IF('Non-shuttle Bids'!N910="","n/a",'Non-shuttle Bids'!N911-'Non-shuttle Bids'!N910)) -> n/a | O7: =IF('Non-shuttle Bids'!R911="","n/a",IF('Non-shuttle Bids'!R910="","n/a",'Non-shuttle Bids'!R911-'Non-shuttle Bids'!R910)) -> n/a | S7: =IF('Non-shuttle Bids'!V911="","n/a",IF('Non-shuttle Bids'!V910="","n/a",'Non-shuttle Bids'!V911-'Non-shuttle Bids'!V910)) -> n/a | W7: =IF('Non-shuttle Bids'!Z911="","n/a",IF('Non-shuttle Bids'!Z910="","n/a",'Non-shuttle Bids'!Z911-'Non-shuttle Bids'!Z910)) -> n/a | AA7: =IF('Non-shuttle Bids'!AD905="","n/a",IF('Non-shuttle Bids'!AD904="","n/a",'Non-shuttle Bids'!AD905-'Non-shuttle Bids'!AD904)) -> 350 | AE7: =IF('Non-shuttle Bids'!AH910="","n/a",IF('Non-shuttle Bids'!AH909="","n/a",'Non-shuttle Bids'!AH910-'Non-shuttle Bids'!AH909)) -> n/a | AI7: =IF('Non-shuttle Bids'!AL914="","n/a",IF('Non-shuttle Bids'!AL913="","n/a",'Non-shuttle Bids'!AL914-'Non-shuttle Bids'!AL913)) -> n/a | AM7: =IF('Non-shuttle Bids'!AP918="","n/a",IF('Non-shuttle Bids'!AP917="","n/a",'Non-shuttle Bids'!AP918-'Non-shuttle Bids'!AP917)) -> n/a | AQ7: =IF('Non-shuttle Bids'!AT919="","n/a",IF('Non-shuttle Bids'!AT918="","n/a",'Non-shuttle Bids'!AT919-'Non-shuttle Bids'!AT918)) -> n/a | AU7: =IF('Non-shuttle Bids'!AX919="","n/a",IF('Non-shuttle Bids'!AX918="","n/a",'Non-shuttle Bids'!AX919-'Non-shuttle Bids'!AX918)) -> n/a
A8: Aggregate avg. change over last 4 weeks | C8: =IF('Non-shuttle Bids'!F919="","n/a",IF('Non-shuttle Bids'!F915="","n/a",'Non-shuttle Bids'!F919-'Non-shuttle Bids'!F915)) -> n/a | G8: =IF('Non-shuttle Bids'!J911="","n/a",IF('Non-shuttle Bids'!J907="","n/a",'Non-shuttle Bids'!J911-'Non-shuttle Bids'!J907)) -> n/a | K8: =IF('Non-shuttle Bids'!N911="","n/a",IF('Non-shuttle Bids'!N907="","n/a",'Non-shuttle Bids'!N911-'Non-shuttle Bids'!N907)) -> n/a | O8: =IF('Non-shuttle Bids'!R911="","n/a",IF('Non-shuttle Bids'!R907="","n/a",'Non-shuttle Bids'!R911-'Non-shuttle Bids'!R907)) -> n/a | S8: =IF('Non-shuttle Bids'!V911="","n/a",IF('Non-shuttle Bids'!V907="","n/a",'Non-shuttle Bids'!V911-'Non-shuttle Bids'!V907)) -> n/a | W8: =IF('Non-shuttle Bids'!Z911="","n/a",IF('Non-shuttle Bids'!Z907="","n/a",'Non-shuttle Bids'!Z911-'Non-shuttle Bids'!Z907)) -> n/a | AA8: =IF('Non-shuttle Bids'!AD905="","n/a",IF('Non-shuttle Bids'!AD901="","n/a",'Non-shuttle Bids'!AD905-'Non-shuttle Bids'!AD901)) -> 350 | AE8: =IF('Non-shuttle Bids'!AH910="","n/a",IF('Non-shuttle Bids'!AH906="","n/a",'Non-shuttle Bids'!AH910-'Non-shuttle Bids'!AH906)) -> n/a | AI8: =IF('Non-shuttle Bids'!AL914="","n/a",IF('Non-shuttle Bids'!AL910="","n/a",'Non-shuttle Bids'!AL914-'Non-shuttle Bids'!AL910)) -> n/a | AM8: =IF('Non-shuttle Bids'!AP918="","n/a",IF('Non-shuttle Bids'!AP914="","n/a",'Non-shuttle Bids'!AP918-'Non-shuttle Bids'!AP914)) -> n/a | AQ8: =IF('Non-shuttle Bids'!AT919="","n/a",IF('Non-shuttle Bids'!AT915="","n/a",'Non-shuttle Bids'!AT919-'Non-shuttle Bids'!AT915)) -> n/a | AU8: =IF('Non-shuttle Bids'!AX919="","n/a",IF('Non-shuttle Bids'!AX915="","n/a",'Non-shuttle Bids'!AX919-'Non-shuttle Bids'!AX915)) -> n/a
C10: Do not copy items in rose | G10: Do not copy items in rose | K10: Do not copy items in rose | O10: Do not copy items in rose | S10: Do not copy items in rose | W10: Do not copy items in rose | AA10: Do not copy items in rose | AE10: Do not copy items in rose | AI10: Do not copy items in rose | AM10: Do not copy items in rose | AQ10: Do not copy items in rose | AU10: Do not copy items in rose
A11: Aggregate peak | C11: =MAX('Non-shuttle Bids'!F902:F932) -> 0 | E11: Jan. 2015 | G11: =MAX('Non-shuttle Bids'!J906:J936) -> 0 | I11: Feb. 2015 | K11: =MAX('Non-shuttle Bids'!N910:N940) -> 0 | M11: Mar. 2015 | O11: =MAX('Non-shuttle Bids'!R915:R945) -> 0 | Q11: Apr. 2015 | S11: =MAX('Non-shuttle Bids'!V919:V949) -> 0 | U11: May. 2015 | W11: =MAX('Non-shuttle Bids'!Z923:Z953) -> 0 | Y11: Jun. 2015 | AA11: =MAX('Non-shuttle Bids'!AD928:AD958) -> 0 | AC11: Jul. 2015 | AE11: =MAX('Non-shuttle Bids'!AH932:AH962) -> 0 | AG11: Aug. 2015 | AI11: =MAX('Non-shuttle Bids'!AL936:AL966) -> 0 | AK11: Sep. 2015 | AM11: =MAX('Non-shuttle Bids'!AP941:AP971) -> 0 | AO11: Oct. 2015 | AQ11: =MAX('Non-shuttle Bids'!AT893:AT923) -> 2150 | AS11: Nov. 2014 | AU11: =MAX('Non-shuttle Bids'!AX897:AX927) -> 750 | AW11: Dec. 2014
A12: Change from peak | C12: =C6-C11 -> #VALUE! | G12: =G6-G11 -> #VALUE! | K12: =K6-K11 -> #VALUE! | O12: =O6-O11 -> #VALUE! | S12: =S6-S11 -> #VALUE! | W12: =W6-W11 -> #VALUE! | AA12: =AA6-AA11 -> 850 | AE12: =AE6-AE11 -> #VALUE! | AI12: =AI6-AI11 -> #VALUE! | AM12: =AM6-AM11 -> #VALUE! | AQ12: =AQ6-AQ11 -> 0 | AU12: =AU6-AU11 -> 0
A14: Shuttle | C14: BNSF | D14: UP | E14: Avg. | G14: BNSF | H14: UP | I14: Avg. | K14: BNSF | L14: UP | M14: Avg. | O14: BNSF | P14: UP | Q14: Avg. | S14: BNSF | T14: UP | U14: Avg. | W14: BNSF | X14: UP | Y14: Avg. | AA14: BNSF | AB14: UP | AC14: Avg. | AE14: BNSF | AF14: UP | AG14: Avg. | AI14: BNSF | AJ14: UP | AK14: Avg. | AM14: BNSF | AN14: UP | AO14: Avg. | AQ14: BNSF | AR14: UP | AS14: Avg. | AU14: BNSF | AV14: UP | AW14: Avg.
A15: Current week bid/offer | C15: =IF('Shuttle Bids'!D919="", "n/a", 'Shuttle Bids'!D919) -> n/a | D15: =IF('Shuttle Bids'!E919="", "n/a", 'Shuttle Bids'!E919) -> 900 | E15: =IF('Shuttle Bids'!F919="", "n/a", 'Shuttle Bids'!F919) -> 900 | G15: =IF('Shuttle Bids'!H919="", "n/a", 'Shuttle Bids'!H919) -> n/a | H15: =IF('Shuttle Bids'!I919="", "n/a", 'Shuttle Bids'!I919) -> 400 | I15: =IF('Shuttle Bids'!J919="", "n/a", 'Shuttle Bids'!J919) -> 400 | K15: =IF('Shuttle Bids'!L919="", "n/a", 'Shuttle Bids'!L919) -> n/a | L15: =IF('Shuttle Bids'!M919="", "n/a", 'Shuttle Bids'!M919) -> n/a | M15: =IF('Shuttle Bids'!N919="", "n/a", 'Shuttle Bids'!N919) -> n/a | O15: =IF('Shuttle Bids'!P916="", "n/a", 'Shuttle Bids'!P916) -> n/a | P15: =IF('Shuttle Bids'!Q916="", "n/a", 'Shuttle Bids'!Q916) -> n/a | Q15: =IF('Shuttle Bids'!R916="", "n/a", 'Shuttle Bids'!R916) -> n/a | S15: =IF('Shuttle Bids'!T911="", "n/a", 'Shuttle Bids'!T911) -> n/a | T15: =IF('Shuttle Bids'!U911="", "n/a", 'Shuttle Bids'!U911) -> n/a | U15: =IF('Shuttle Bids'!V911="", "n/a", 'Shuttle Bids'!V911) -> n/a | W15: =IF('Shuttle Bids'!X911="", "n/a", 'Shuttle Bids'!X911) -> n/a | X15: =IF('Shuttle Bids'!Y911="", "n/a", 'Shuttle Bids'!Y911) -> n/a | Y15: =IF('Shuttle Bids'!Z911="", "n/a", 'Shuttle Bids'!Z911) -> n/a | AA15: =IF('Shuttle Bids'!AB905="", "n/a", 'Shuttle Bids'!AB905) -> 1900 | AB15: =IF('Shuttle Bids'!AC905="", "n/a", 'Shuttle Bids'!AC905) -> n/a | AC15: =IF('Shuttle Bids'!AD905="", "n/a", 'Shuttle Bids'!AD905) -> 1900 | AE15: =IF('Shuttle Bids'!AF910="", "n/a", 'Shuttle Bids'!AF910) -> 2000 | AF15: =IF('Shuttle Bids'!AG910="", "n/a", 'Shuttle Bids'!AG910) -> 300 | AG15: =IF('Shuttle Bids'!AH910="", "n/a", 'Shuttle Bids'!AH910) -> 1150 | AI15: =IF('Shuttle Bids'!AJ914="", "n/a", 'Shuttle Bids'!AJ914) -> 3000 | AJ15: =IF('Shuttle Bids'!AK914="", "n/a", 'Shuttle Bids'!AK914) -> n/a | AK15: =IF('Shuttle Bids'!AL914="", "n/a", 'Shuttle Bids'!AL914) -> 3000 | AM15: =IF('Shuttle Bids'!AN918="", "n/a", 'Shuttle Bids'!AN918) -> 5875 | AN15: =IF('Shuttle Bids'!AO918="", "n/a", 'Shuttle Bids'!AO918) -> 2500 | AO15: =IF('Shuttle Bids'!AP918="", "n/a", 'Shuttle Bids'!AP918) -> 4187.5 | AQ15: =IF('Shuttle Bids'!AR919="", "n/a", 'Shuttle Bids'!AR919) -> 2438 | AR15: =IF('Shuttle Bids'!AS919="", "n/a", 'Shuttle Bids'!AS919) -> 1908 | AS15: =IF('Shuttle Bids'!AT919="", "n/a", 'Shuttle Bids'!AT919) -> 2173 | AU15: =IF('Shuttle Bids'!AV919="", "n/a", 'Shuttle Bids'!AV919) -> n/a | AV15: =IF('Shuttle Bids'!AW919="", "n/a", 'Shuttle Bids'!AW919) -> 1400 | AW15: =IF('Shuttle Bids'!AX919="", "n/a", 'Shuttle Bids'!AX919) -> 1400
