Workbook

Sheet CountyDetailData
D2: Map the Meal Gap 2012
C3: Colorado | D3: Food Insecurity by County in 20101
A6: County | B6: Population | C6: Food insecurity rate | D6: Estimated number food insecure individuals (rounded) | E6: Income within the food insecure population2 | H6: Cost-of-food index | I6: Weekly food-budget shortfall per food insecure person3 | J6: Total food-budget shortfall reported by the food insecure in 20104 | K6: Weighted cost per meal5 | L6: The "Meal Gap"
E7: =VLOOKUP(C3,Chartsource!A8:E59,3,FALSE) -> % below SNAP threshold of 130% poverty | F7: =VLOOKUP(C3,Chartsource!A8:E59,4,FALSE) -> % between 130% and 185% poverty | G7: =VLOOKUP(C3,Chartsource!A8:E59,5,FALSE) -> % above Nutrition Pgm threshold of 185% poverty
A8: Adams County | B8: 425330 | C8: 0.149 | D8: 63460 | E8: 0.459 | F8: =1-E8-G8 -> 0.223 | G8: 0.318 | H8: 0.9484127 | I8: =H8*Chartsource!$E$6 -> 13.562302 | J8: =ROUND((CountyDetailData!$I8*52*(7/12)*CountyDetailData!$D8),-1) -> 26106800 | K8: =H8*Chartsource!$E$7 -> 2.39 | L8: =J8/K8 -> 10923347 | N8: =CountyDetailData!$E8*CountyDetailData!$D8 -> 29128.14 | O8: =CountyDetailData!$G8*CountyDetailData!$D8 -> 20180.28
A9: Alamosa County | B9: 15293 | C9: 0.152 | D9: 2330 | E9: 0.606 | F9: =1-E9-G9 -> 0.191 | G9: 0.203 | H9: 1.0039683 | I9: =H9*Chartsource!$E$6 -> 14.356746 | J9: =ROUND((CountyDetailData!$I9*52*(7/12)*CountyDetailData!$D9),-1) -> 1014690 | K9: =H9*Chartsource!$E$7 -> 2.53 | L9: =J9/K9 -> 401063.24 | N9: =CountyDetailData!$E9*CountyDetailData!$D9 -> 1411.98 | O9: =CountyDetailData!$G9*CountyDetailData!$D9 -> 472.99
A10: Arapahoe County | B10: 552860 | C10: 0.152 | D10: 83790 | E10: 0.413 | F10: =1-E10-G10 -> 0.14 | G10: 0.447 | H10: 1.0039683 | I10: =H10*Chartsource!$E$6 -> 14.356746 | J10: =ROUND((CountyDetailData!$I10*52*(7/12)*CountyDetailData!$D10),-1) -> 36489540 | K10: =H10*Chartsource!$E$7 -> 2.53 | L10: =J10/K10 -> 14422743 | N10: =CountyDetailData!$E10*CountyDetailData!$D10 -> 34605.27 | O10: =CountyDetailData!$G10*CountyDetailData!$D10 -> 37454.13
A11: Archuleta County | B11: 12136 | C11: 0.143 | D11: 1740 | E11: 0.384 | F11: =1-E11-G11 -> 0.25 | G11: 0.366 | H11: 1.1865079 | I11: =H11*Chartsource!$E$6 -> 16.967063 | J11: =ROUND((CountyDetailData!$I11*52*(7/12)*CountyDetailData!$D11),-1) -> 895520 | K11: =H11*Chartsource!$E$7 -> 2.99 | L11: =J11/K11 -> 299505.02 | N11: =CountyDetailData!$E11*CountyDetailData!$D11 -> 668.16 | O11: =CountyDetailData!$G11*CountyDetailData!$D11 -> 636.84
A12: Baca County | B12: 3833 | C12: 0.125 | D12: 480 | E12: 0.615 | F12: =1-E12-G12 -> 0.242 | G12: 0.143 | H12: 0.92857143 | I12: =H12*Chartsource!$E$6 -> 13.278571 | J12: =ROUND((CountyDetailData!$I12*52*(7/12)*CountyDetailData!$D12),-1) -> 193340 | K12: =H12*Chartsource!$E$7 -> 2.34 | L12: =J12/K12 -> 82623.932 | N12: =CountyDetailData!$E12*CountyDetailData!$D12 -> 295.2 | O12: =CountyDetailData!$G12*CountyDetailData!$D12 -> 68.64
A13: Bent County | B13: 6125 | C13: 0.17 | D13: 1040 | E13: 0.45 | F13: =1-E13-G13 -> 0.236 | G13: 0.314 | H13: 1.0714286 | I13: =H13*Chartsource!$E$6 -> 15.321429 | J13: =ROUND((CountyDetailData!$I13*52*(7/12)*CountyDetailData!$D13),-1) -> 483340 | K13: =H13*Chartsource!$E$7 -> 2.7 | L13: =J13/K13 -> 179014.81 | N13: =CountyDetailData!$E13*CountyDetailData!$D13 -> 468 | O13: =CountyDetailData!$G13*CountyDetailData!$D13 -> 326.56
A14: Boulder County | B14: 290177 | C14: 0.134 | D14: 38920 | E14: 0.44 | F14: =1-E14-G14 -> 0.121 | G14: 0.439 | H14: 1.1388889 | I14: =H14*Chartsource!$E$6 -> 16.286111 | J14: =ROUND((CountyDetailData!$I14*52*(7/12)*CountyDetailData!$D14),-1) -> 19226950 | K14: =H14*Chartsource!$E$7 -> 2.87 | L14: =J14/K14 -> 6699285.7 | N14: =CountyDetailData!$E14*CountyDetailData!$D14 -> 17124.8 | O14: =CountyDetailData!$G14*CountyDetailData!$D14 -> 17085.88
A15: Broomfield County | B15: 52872 | C15: 0.121 | D15: 6410 | E15: 0.228 | F15: =1-E15-G15 -> 0.13 | G15: 0.642 | H15: 1.0833333 | I15: =H15*Chartsource!$E$6 -> 15.491667 | J15: =ROUND((CountyDetailData!$I15*52*(7/12)*CountyDetailData!$D15),-1) -> 3012150 | K15: =H15*Chartsource!$E$7 -> 2.73 | L15: =J15/K15 -> 1103351.6 | N15: =CountyDetailData!$E15*CountyDetailData!$D15 -> 1461.48 | O15: =CountyDetailData!$G15*CountyDetailData!$D15 -> 4115.22
A16: Chaffee County | B16: 17540 | C16: 0.143 | D16: 2510 | E16: 0.437 | F16: =1-E16-G16 -> 0.197 | G16: 0.366 | H16: 1.0357143 | I16: =H16*Chartsource!$E$6 -> 14.810714 | J16: =ROUND((CountyDetailData!$I16*52*(7/12)*CountyDetailData!$D16),-1) -> 1127640 | K16: =H16*Chartsource!$E$7 -> 2.61 | L16: =J16/K16 -> 432045.98 | N16: =CountyDetailData!$E16*CountyDetailData!$D16 -> 1096.87 | O16: =CountyDetailData!$G16*CountyDetailData!$D16 -> 918.66
A17: Cheyenne County | B17: 2194 | C17: 0.111 | D17: 240 | E17: 0.456 | F17: =1-E17-G17 -> 0.179 | G17: 0.365 | H17: 0.94047619 | I17: =H17*Chartsource!$E$6 -> 13.44881 | J17: =ROUND((CountyDetailData!$I17*52*(7/12)*CountyDetailData!$D17),-1) -> 97910 | K17: =H17*Chartsource!$E$7 -> 2.37 | L17: =J17/K17 -> 41312.236 | N17: =CountyDetailData!$E17*CountyDetailData!$D17 -> 109.44 | O17: =CountyDetailData!$G17*CountyDetailData!$D17 -> 87.6
A18: Clear Creek County | B18: 9088 | C18: 0.136 | D18: 1240 | E18: 0.334 | F18: =1-E18-G18 -> 0.137 | G18: 0.529 | H18: 1.2936508 | I18: =H18*Chartsource!$E$6 -> 18.499206 | J18: =ROUND((CountyDetailData!$I18*52*(7/12)*CountyDetailData!$D18),-1) -> 695820 | K18: =H18*Chartsource!$E$7 -> 3.26 | L18: =J18/K18 -> 213441.72 | N18: =CountyDetailData!$E18*CountyDetailData!$D18 -> 414.16 | O18: =CountyDetailData!$G18*CountyDetailData!$D18 -> 655.96
A19: Conejos County | B19: 8220 | C19: 0.143 | D19: 1180 | E19: 0.688 | F19: =1-E19-G19 -> 0.312 | G19: 0 | H19: 1.0674603 | I19: =H19*Chartsource!$E$6 -> 15.264683 | J19: =ROUND((CountyDetailData!$I19*52*(7/12)*CountyDetailData!$D19),-1) -> 546370 | K19: =H19*Chartsource!$E$7 -> 2.69 | L19: =J19/K19 -> 203111.52 | N19: =CountyDetailData!$E19*CountyDetailData!$D19 -> 811.84 | O19: =CountyDetailData!$G19*CountyDetailData!$D19 -> 0
... A71: Yuma County | B71: 9896 | C71: 0.107 | D71: 1060 | E71: 0.479 | F71: =1-E71-G71 -> 0.413 | G71: 0.108 | H71: 0.98412698 | I71: =H71*Chartsource!$E$6 -> 14.073016 | J71: =ROUND((CountyDetailData!$I71*52*(7/12)*CountyDetailData!$D71),-1) -> 452490 | K71: =H71*Chartsource!$E$7 -> 2.48 | L71: =J71/K71 -> 182455.65 | N71: =CountyDetailData!$E71*CountyDetailData!$D71 -> 507.74 | O71: =CountyDetailData!$G71*CountyDetailData!$D71 -> 114.48
A72: State Total6 | B72: 5049071 | C72: 0.15515329 | D72: 783380 | E72: 0.37391935 | F72: =1-E72-G72 -> 0.092720736 | G72: 0.53335991 | H72: =VLOOKUP(C3,Chartsource!A8:F59,6,FALSE) -> 0.96428571 | I72: =H72*Chartsource!$E$6 -> 13.789286 | J72: =ROUND((CountyDetailData!$I72*52*(7/12)*CountyDetailData!$D72),-1) -> 327668270 | K72: =H72*Chartsource!$E$7 -> 2.43 | L72: =J72/K72 -> 1.3484291e+08 | N72: =SUM(N8:N71) -> 301949.99 | O72: =SUM(O8:O71) -> 292508.22
A74: For additional data and maps by county, state, and congressional district, please visit www.feedingamerica.org/mapthegap.
A76: Gundersen, C., Waxman, E., Engelhard, E., & Del Vecchio, T. Map the Meal Gap 2012: Food Insecurity Estimates at the County Level. Feeding America, 2012. This research is generously supported by the Howard G. Buffett Foundation and The Nielsen Company.
A78: 1Map the Meal Gap's food insecurity rates are determined using data from the 2001-2010 Current Population Survey on individuals in food insecure households; data from the 2010 American Community Survey on median household incomes, poverty rates, and race and ethnic demographics; and 2010 data from the Bureau of Labor Statistics on unemployment rates.
A80: 2Numbers reflect percentage of food insecure individuals living in households with incomes within the income bands indicated. Eligibility for federal nutrition programs is determined in part by these income thresholds which can vary by state.
A82: 3Weekly food-budget shortfall is the national average amount of money food insecure people report needing to move to food security, weighted by the cost of food in the area.
A84: 4Total food-budget shortfall for this year calculated using the following formula:
A85: Annual dollars=weekly food budget shortfall * # food insecure persons * 52 weeks * Average months of the year a person is food insecure (7/12)
A87: 5Weighted cost per meal is the national average cost spent on a meal by food secure persons weighted by the cost of food in the area.
A89: 6Population and food insecurity data in the state totals row do not reflect the sum of all counties in that state. The state totals are aggregated from the congressional districts data in that state. All data in the state totals row pertaining to the cost of food or the "Meal Gap" reflect state-level data and are not aggregations of either counties or congressional districts.

Sheet CongressionalDistrictDetail
D2: Map the Meal Gap 2012
B3: =CountyDetailData!C3 -> Colorado | C3: Food Insecurity by Congressional District in 20101
A5: Congressional District | B5: Population | C5: Food insecurity rate | D5: Estimated number food insecure individuals (rounded) | E5: Income within the food insecure population2
E6: =VLOOKUP(B3,Chartsource!A7:E58,3,FALSE) -> % below SNAP threshold of 130% poverty | F6: =VLOOKUP(B3,Chartsource!A7:E58,4,FALSE) -> % between 130% and 185% poverty | G6: =VLOOKUP(B3,Chartsource!A7:E58,5,FALSE) -> % above Nutrition Pgm threshold of 185% poverty
A7: 1 | B7: 666846 | C7: 0.189 | D7: 126230 | E7: 0.442 | F7: 0.078 | G7: 0.48
A8: 2 | B8: 733438 | C8: 0.141 | D8: 103470 | E8: 0.374 | F8: 0.104 | G8: 0.523
A9: 3 | B9: 706811 | C9: 0.161 | D9: 113980 | E9: 0.411 | F9: 0.099 | G9: 0.489
A10: 4 | B10: 728198 | C10: 0.154 | D10: 112080 | E10: 0.366 | F10: 0.09 | G10: 0.544
A11: 5 | B11: 729036 | C11: 0.164 | D11: 119850 | E11: 0.357 | F11: 0.096 | G11: 0.547
A12: 6 | B12: 806019 | C12: 0.114 | D12: 91850 | E12: 0.199 | F12: 0.062 | G12: 0.739
A13: 7 | B13: 678723 | C13: 0.171 | D13: 115920 | E13: 0.427 | F13: 0.116 | G13: 0.457
A15: For additional data and maps by county, state, and congressional district, please visit www.feedingamerica.org/mapthegap.
A17: =CountyDetailData!A76 -> Gundersen, C., Waxman, E., Engelhard, E., & Del Vecchio, T. Map the Meal Gap 2012: Food Insecurity Estimates at the County Level. Feeding America, 2012. This research is generously supported by the Howard G. Buffett Foundation and The Nielsen Company.
A19: 1Map the Meal Gap's food insecurity rates are determined using data from the 2001-2010 Current Population Survey on individuals in food insecure households; and data from the 2010 American Community Survey on median household incomes, unemployment rates, poverty rates, and race and ethnic demographics.
A21: 2Numbers reflect percentage of food insecure individuals living in households with incomes within the income bands indicated. Eligibility for federal nutrition programs is determined in part by these income thresholds which can vary by state.

Sheet State Overview
A1: Map the Meal Gap 2012: Food Insecurity
A2: State Overview
A4: =CountyDetailData!C3 -> Colorado
A5: Population | B5: =CountyDetailData!B72 -> 5049071
E6: Ratio of cost-of-food in the state to national average3 | F6: =CountyDetailData!H72 -> 0.96428571 | G6: =IF(F6>1,"higher than the national average","lower than the national average") -> lower than the national average
A7: Food insecurity rate (2010)1,2 | B7: =CountyDetailData!C72 -> 0.15515329 | E7: Cost of an average meal in the state4 | F7: =CountyDetailData!K72 -> 2.43
A8: Estimated number food insecure people | B8: =CountyDetailData!D72 -> 783380 | E8: Annual "Meal Gap"5 | F8: =CountyDetailData!L72 -> 1.3484291e+08
A25: For additional data and maps by county, state, and congressional district, please visit www.feedingamerica.org/mapthegap.
A27: =CountyDetailData!A76 -> Gundersen, C., Waxman, E., Engelhard, E., & Del Vecchio, T. Map the Meal Gap 2012: Food Insecurity Estimates at the County Level. Feeding America, 2012. This research is generously supported by the Howard G. Buffett Foundation and The Nielsen Company.
A29: 1A person is defined as being food insecure if he or she lives in a household experiencing food insecurity. The food insecurity measures here are derived from the measures of food insecurity found in the nationally representative Current Population Survey. Since 1995, those measures have been calculated from responses to a series of questions about conditions and behaviors known to characterize households having difficulty meeting basic food needs. For more details about how food insecurity is calculated, see Coleman-Jensen, A., Nord, M., Andrews, M. & Carlson, S. "Household Food Security in the United States in 2010." U.S. Department of Agriculture, Economic Research Service: Washington D.C. 2011.
A31: 2Food insecurity rates shown here may differ from the state-level prevalence rates of food insecurity presented in "Household Food Security in the United States, 2010" (ibid.) Among other factors, those rates are three-year average rates for the period 2008-2010; the rates presented above reflect one-year rates for 2010. For more information about these factors, please see the supplemental methodology information on HungerNet.
A33: 3Pricing index created from actual cost of food relative to the cost of food in other states across the U.S.
A35: 4 Weighted cost per meal is the national average cost spent on a meal by food secure persons, $2.52, weighted by the cost of food in the area
A37: 5 Annual "meal gap" represents the following formula:
A38: Annual dollars food insecure persons report needing to meet their food needs in this area / Average cost of a meal for food secure individuals in the U.S.

Sheet Chartsource
A1: Service Area Chart Source
A2: Food Secure | B2: =1-C2 -> 0.84484671 | C2: =CountyDetailData!C72 -> 0.15515329
A3: =CountyDetailData!E7 -> % below SNAP threshold of 130% poverty | B3: =CountyDetailData!E72*Chartsource!$C$2 -> 0.058014819
A4: =CountyDetailData!F7 -> % between 130% and 185% poverty | B4: =+CountyDetailData!F72*Chartsource!$C$2 -> 0.014385928
A5: =CountyDetailData!G7 -> % above Nutrition Pgm threshold of 185% poverty | B5: =+CountyDetailData!G72*Chartsource!$C$2 -> 0.082752548
D6: Weekly Food Budget Shortfall: | E6: 14.3
D7: National Cost Per Meal: | E7: 2.52
A8: State Name | B8: Abbr. | C8: Low Threshold Label | D8: Medium Threshold Label | E8: High Threshold Label | F8: Cost-of-food Index
A9: Alaska | B9: AK | C9: % below SNAP threshold of 130% poverty | D9: % between 130% and 185% poverty | E9: % above Nutrition Pgm threshold of 185% poverty | F9: 1.0595238
A10: Alabama | B10: AL | C10: % below SNAP threshold of 130% poverty | D10: % between 130% and 185% poverty | E10: % above Nutrition Pgm threshold of 185% poverty | F10: 0.98412698
A11: Arkansas | B11: AR | C11: % below SNAP threshold of 130% poverty | D11: % between 130% and 185% poverty | E11: % above Nutrition Pgm threshold of 185% poverty | F11: 0.95238095
A12: Arizona | B12: AZ | C12: % below SNAP threshold of 185% poverty | D12: - | E12: % above SNAP threshold of 185% poverty | F12: 0.95238095
A13: California | B13: CA | C13: % below SNAP threshold of 130% poverty | D13: % between 130% and 185% poverty | E13: % above Nutrition Pgm threshold of 185% poverty | F13: 1.0119048
A14: Colorado | B14: CO | C14: % below SNAP threshold of 130% poverty | D14: % between 130% and 185% poverty | E14: % above Nutrition Pgm threshold of 185% poverty | F14: 0.96428571
A15: Connecticut | B15: CT | C15: % below SNAP threshold of 185% poverty | D15: - | E15: % above SNAP threshold of 185% poverty | F15: 1.0833333
A16: District of Columbia | B16: DC | C16: % below SNAP threshold of 200% poverty | D16: - | E16: % above SNAP threshold of 200% poverty | F16: 1.3531746
A17: Delaware | B17: DE | C17: % below SNAP threshold of 200% poverty | D17: - | E17: % above SNAP threshold of 200% poverty | F17: 1.0436508
A18: Florida | B18: FL | C18: % below SNAP threshold of 200% poverty | D18: - | E18: % above SNAP threshold of 200% poverty | F18: 1.0396825
A19: Georgia | B19: GA | C19: % below SNAP threshold of 130% poverty | D19: % between 130% and 185% poverty | E19: % above Nutrition Pgm threshold of 185% poverty | F19: 0.98809524
A20: Hawaii | B20: HI | C20: % below SNAP threshold of 200% poverty | D20: - | E20: % above SNAP threshold of 200% poverty | F20: 1.031746
... A59: Wyoming | B59: WY | C59: % below SNAP threshold of 130% poverty | D59: % between 130% and 185% poverty | E59: % above Nutrition Pgm threshold of 185% poverty | F59: 0.96428571
