Workbook
Name TSBINDEX: Data!$A$4:$G$5

Sheet Data
A1: T&M Grain Transport Cost Index Calculations
A2: ENTER DATA IN Columns B..E, COPY G...K and Extend G...K to calculate data for current week
A3: CHANGE CELL REF for most current week and SEND A4...F4 to USDA | Q3: Used diff formula for rail index as Tariff Rate=0 as index base
A4: =(A630) -> 41843 | B4: =J630 -> 259.66443 | C4: =K630 -> 282.81498 | D4: =L630 -> 290.26329 | E4: =M630 -> 303.88889 | F4: =N630 -> 190.07156 | G4: =O630 -> 166.66667
B5: =(B630-B629)/(B629) -> -0.0064201335 | C5: =(C630-C629)/(C629) -> -0.11764706 | D5: =(D630-D629)/(D629) -> -0.068947368 | E5: =(E630-E629)/(E629) -> 0.35061728 | F5: =(F630-F629)/(F629) -> -0.011627907 | G5: =(G630-G629)/(G629) -> -0.020833333 | Y5: Monthly Averaged Tariffs with Fuel Surcharges
A6: Weekly Data | B6: Diesel | C6: Secondary | D6: Secondary | E6: Illinois | F6: Ocean | I6: Autocalculation with Copy/Paste for weekly report | Q6: Base Year=2000, Value
A7: Date | B7: Price | C7: Unit | D7: Shuttle | E7: River | F7: Gulf | G7: PNW | I7: Weekly Index | Q7: Truck | R7: Unit | S7: Shuttle | T7: Barge | U7: Gulf | V7: PNW | Y7: Unit | Z7: Shuttle
A8: 37489 | B8: 1.333 | C8: -21.5 | E8: 128 | F8: 20.13 | G8: 11.05 | I8: =A8 -> 37489 | J8: =(1+(B8-Q8)/Q8)*100 -> 89.463087 | K8: =(C8+Y8)/R8*100 -> 95.192233 | L8: =(D8+Z8)/S8*100 -> 100.26436 | M8: =(1+(E8-T8)/T8)*100 -> 71.111111 | N8: =(1+(F8-U8)/U8)*100 -> 90.026834 | O8: =(1+(G8-V8)/V8)*100 -> 78.368794 | Q8: 1.49 | R8: 1815.8526 | S8: 2338.2847 | T8: 180 | U8: 22.36 | V8: 14.1 | X8: 37489 | Y8: 1750.0506 | Z8: 2344.4663
A9: 37496 | B9: 1.37 | C9: -11.5 | E9: 128 | F9: 20.83 | G9: 11.03 | I9: 37496 | J9: =(1+(B9-Q9)/Q9)*100 -> 91.946309 | K9: =(C9+Y9)/R9*100 -> 95.742939 | L9: =(D9+Z9)/S9*100 -> 100.26436 | M9: =(1+(E9-T9)/T9)*100 -> 71.111111 | N9: =(1+(F9-U9)/U9)*100 -> 93.157424 | O9: =(1+(G9-V9)/V9)*100 -> 78.22695 | Q9: 1.49 | R9: 1815.8526 | S9: 2338.2847 | T9: 180 | U9: 22.36 | V9: 14.1 | X9: 37496 | Y9: 1750.0506 | Z9: 2344.4663
A10: 37503 | B10: 1.388 | C10: -13 | E10: 139 | F10: 22.06 | G10: 11.21 | I10: 37503 | J10: =(1+(B10-Q10)/Q10)*100 -> 93.154362 | K10: =(C10+Y10)/R10*100 -> 96.11202 | L10: =(D10+Z10)/S10*100 -> 100.82617 | M10: =(1+(E10-T10)/T10)*100 -> 77.222222 | N10: =(1+(F10-U10)/U10)*100 -> 98.658318 | O10: =(1+(G10-V10)/V10)*100 -> 79.503546 | Q10: 1.49 | R10: 1815.8526 | S10: 2338.2847 | T10: 180 | U10: 22.36 | V10: 14.1 | X10: 37503 | Y10: 1758.2526 | Z10: 2357.6029
A11: 37510 | B11: 1.396 | C11: -15 | E11: 145 | F11: 22.7 | G11: 12.16 | I11: 37510 | J11: =(1+(B11-Q11)/Q11)*100 -> 93.691275 | K11: =(C11+Y11)/R11*100 -> 96.001879 | L11: =(D11+Z11)/S11*100 -> 100.82617 | M11: =(1+(E11-T11)/T11)*100 -> 80.555556 | N11: =(1+(F11-U11)/U11)*100 -> 101.52057 | O11: =(1+(G11-V11)/V11)*100 -> 86.241135 | Q11: 1.49 | R11: 1815.8526 | S11: 2338.2847 | T11: 180 | U11: 22.36 | V11: 14.1 | X11: 37510 | Y11: 1758.2526 | Z11: 2357.6029
A12: 37517 | B12: 1.414 | C12: 14 | E12: 150 | F12: 23.1 | G12: 12.51 | I12: 37517 | J12: =(1+(B12-Q12)/Q12)*100 -> 94.899329 | K12: =(C12+Y12)/R12*100 -> 97.598925 | L12: =(D12+Z12)/S12*100 -> 100.82617 | M12: =(1+(E12-T12)/T12)*100 -> 83.333333 | N12: =(1+(F12-U12)/U12)*100 -> 103.30948 | O12: =(1+(G12-V12)/V12)*100 -> 88.723404 | Q12: 1.49 | R12: 1815.8526 | S12: 2338.2847 | T12: 180 | U12: 22.36 | V12: 14.1 | X12: 37517 | Y12: 1758.2526 | Z12: 2357.6029
A13: 37524 | B13: 1.417 | C13: 0 | E13: 157 | F13: 24.5 | G13: 12.94 | I13: 37524 | J13: =(1+(B13-Q13)/Q13)*100 -> 95.100671 | K13: =(C13+Y13)/R13*100 -> 96.827937 | L13: =(D13+Z13)/S13*100 -> 100.83147 | M13: =(1+(E13-T13)/T13)*100 -> 87.222222 | N13: =(1+(F13-U13)/U13)*100 -> 109.57066 | O13: =(1+(G13-V13)/V13)*100 -> 91.77305 | Q13: 1.49 | R13: 1815.8526 | S13: 2338.2847 | T13: 180 | U13: 22.36 | V13: 14.1 | X13: 37524 | Y13: 1758.2526 | Z13: 2357.7269
A14: 37531 | B14: 1.438 | C14: 0 | E14: 178 | F14: 24.62 | G14: 13.27 | I14: 37531 | J14: =(1+(B14-Q14)/Q14)*100 -> 96.510067 | K14: =(C14+Y14)/R14*100 -> 98.922759 | L14: =(D14+Z14)/S14*100 -> 102.6164 | M14: =(1+(E14-T14)/T14)*100 -> 98.888889 | N14: =(1+(F14-U14)/U14)*100 -> 110.10733 | O14: =(1+(G14-V14)/V14)*100 -> 94.113475 | Q14: 1.49 | R14: 1815.8526 | S14: 2338.2847 | T14: 180 | U14: 22.36 | V14: 14.1 | X14: 37531 | Y14: 1796.2915 | Z14: 2399.4636
A15: 37538 | B15: 1.46 | C15: 0 | E15: 200 | F15: 24.12 | G15: 13.81 | I15: 37538 | J15: =(1+(B15-Q15)/Q15)*100 -> 97.986577 | K15: =(C15+Y15)/R15*100 -> 98.922759 | L15: =(D15+Z15)/S15*100 -> 102.6164 | M15: =(1+(E15-T15)/T15)*100 -> 111.11111 | N15: =(1+(F15-U15)/U15)*100 -> 107.8712 | O15: =(1+(G15-V15)/V15)*100 -> 97.943262 | Q15: 1.49 | R15: 1815.8526 | S15: 2338.2847 | T15: 180 | U15: 22.36 | V15: 14.1 | X15: 37538 | Y15: 1796.2915 | Z15: 2399.4636
A16: 37545 | B16: 1.46 | C16: 0 | E16: 206 | F16: 24.3 | G16: 13.3 | I16: 37545 | J16: =(1+(B16-Q16)/Q16)*100 -> 97.986577 | K16: =(C16+Y16)/R16*100 -> 98.922759 | L16: =(D16+Z16)/S16*100 -> 102.6164 | M16: =(1+(E16-T16)/T16)*100 -> 114.44444 | N16: =(1+(F16-U16)/U16)*100 -> 108.67621 | O16: =(1+(G16-V16)/V16)*100 -> 94.326241 | Q16: 1.49 | R16: 1815.8526 | S16: 2338.2847 | T16: 180 | U16: 22.36 | V16: 14.1 | X16: 37545 | Y16: 1796.2915 | Z16: 2399.4636
A17: 37552 | B17: 1.47 | C17: 0 | E17: 209 | F17: 24.75 | G17: 13.59 | I17: 37552 | J17: =(1+(B17-Q17)/Q17)*100 -> 98.657718 | K17: =(C17+Y17)/R17*100 -> 98.922759 | L17: =(D17+Z17)/S17*100 -> 102.6164 | M17: =(1+(E17-T17)/T17)*100 -> 116.11111 | N17: =(1+(F17-U17)/U17)*100 -> 110.68873 | O17: =(1+(G17-V17)/V17)*100 -> 96.382979 | Q17: 1.49 | R17: 1815.8526 | S17: 2338.2847 | T17: 180 | U17: 22.36 | V17: 14.1 | X17: 37552 | Y17: 1796.2915 | Z17: 2399.4636
A18: 37559 | B18: 1.46 | C18: 16 | E18: 209 | F18: 24.96 | G18: 13.97 | I18: 37559 | J18: =(1+(B18-Q18)/Q18)*100 -> 97.986577 | K18: =(C18+Y18)/R18*100 -> 99.784907 | L18: =(D18+Z18)/S18*100 -> 102.61046 | M18: =(1+(E18-T18)/T18)*100 -> 116.11111 | N18: =(1+(F18-U18)/U18)*100 -> 111.62791 | O18: =(1+(G18-V18)/V18)*100 -> 99.078014 | Q18: 1.49 | R18: 1815.8526 | S18: 2338.2847 | T18: 180 | U18: 22.36 | V18: 14.1 | X18: 37559 | Y18: 1795.9468 | Z18: 2399.3247
A19: 37566 | B19: 1.44 | C19: 19 | E19: 217 | F19: 25.1 | G19: 14.42 | I19: 37566 | J19: =(1+(B19-Q19)/Q19)*100 -> 96.644295 | K19: =(C19+Y19)/R19*100 -> 99.485531 | L19: =(D19+Z19)/S19*100 -> 104.52166 | M19: =(1+(E19-T19)/T19)*100 -> 120.55556 | N19: =(1+(F19-U19)/U19)*100 -> 112.25403 | O19: =(1+(G19-V19)/V19)*100 -> 102.2695 | Q19: 1.49 | R19: 1815.8526 | S19: 2338.2847 | T19: 180 | U19: 22.36 | V19: 14.1 | X19: 37566 | Y19: 1787.5106 | Z19: 2444.0141
A20: 37573 | B20: 1.43 | C20: 8 | E20: 223 | F20: 24.81 | G20: 14.8 | I20: 37573 | J20: =(1+(B20-Q20)/Q20)*100 -> 95.973154 | K20: =(C20+Y20)/R20*100 -> 98.879755 | L20: =(D20+Z20)/S20*100 -> 104.52166 | M20: =(1+(E20-T20)/T20)*100 -> 123.88889 | N20: =(1+(F20-U20)/U20)*100 -> 110.95707 | O20: =(1+(G20-V20)/V20)*100 -> 104.96454 | Q20: 1.49 | R20: 1815.8526 | S20: 2338.2847 | T20: 180 | U20: 22.36 | V20: 14.1 | X20: 37573 | Y20: 1787.5106 | Z20: 2444.0141
... A78: 37979 | B78: 1.5 | C78: 92 | E78: 215 | F78: 51.36 | G78: 41.56 | I78: 37979 | J78: =(1+(B78-Q78)/Q78)*100 -> 100.67114 | K78: =(C78+Y78)/R78*100 -> 109.51586 | L78: =(D78+Z78)/S78*100 -> 103.51552 | M78: =(1+(E78-T78)/T78)*100 -> 119.44444 | N78: =(1+(F78-U78)/U78)*100 -> 229.69589 | O78: =(1+(G78-V78)/V78)*100 -> 294.75177 | Q78: 1.49 | R78: 1815.8526 | S78: 2338.2847 | T78: 180 | U78: 22.36 | V78: 14.1 | X78: 37979 | Y78: 1896.6466 | Z78: 2420.4876
A79: 37986 | B79: 1.502 | C79: 80.5 | E79: 201 | F79: n/a | G79: n/a | I79: 37986 | J79: =(1+(B79-Q79)/Q79)*100 -> 100.80537 | K79: =(C79+Y79)/R79*100 -> 108.85874 | L79: =(D79+Z79)/S79*100 -> 103.55688 | M79: =(1+(E79-T79)/T79)*100 -> 111.66667 | N79: =(1+(F79-U79)/U79)*100 -> 0 | O79: =(1+(G79-V79)/V79)*100 -> 0 | Q79: 1.49 | R79: 1815.8526 | S79: 2338.2847 | T79: 180 | U79: 22.36 | V79: 14.1 | X79: 37986 | Y79: 1896.2142 | Z79: 2421.4546
A80: 37993 | B80: 1.5 | C80: 81.5 | E80: 200 | F80: 51.63 | G80: 41.45 | I80: 37993 | J80: =(1+(B80-Q80)/Q80)*100 -> 100.67114 | K80: =(C80+Y80)/R80*100 -> 107.84587 | L80: =(D80+Z80)/S80*100 -> 105.2118 | M80: =(1+(E80-T80)/T80)*100 -> 111.11111 | N80: =(1+(F80-U80)/U80)*100 -> 230.9034 | O80: =(1+(G80-V80)/V80)*100 -> 293.97163 | Q80: 1.49 | R80: 1815.8526 | S80: 2338.2847 | T80: 180 | U80: 22.36 | V80: 14.1 | X80: 37993 | Y80: 1876.8221 | Z80: 2460.1513
A81: 38000 | B81: 1.58 | C81: 32.5 | E81: 200 | F81: 58.17 | G81: 45.14 | I81: 38000 | J81: =(1+(B81-Q81)/Q81)*100 -> 106.04027 | K81: =(C81+Y81)/R81*100 -> 105.14742 | L81: =(D81+Z81)/S81*100 -> 105.2118 | M81: =(1+(E81-T81)/T81)*100 -> 111.11111 | N81: =(1+(F81-U81)/U81)*100 -> 260.15206 | O81: =(1+(G81-V81)/V81)*100 -> 320.14184 | Q81: 1.49 | R81: 1815.8526 | S81: 2338.2847 | T81: 180 | U81: 22.36 | V81: 14.1 | X81: 38000 | Y81: 1876.8221 | Z81: 2460.1513
A82: 38007 | B82: 1.56 | C82: 132 | E82: 190 | F82: 59.08 | G82: 43.65 | I82: 38007 | J82: =(1+(B82-Q82)/Q82)*100 -> 104.69799 | K82: =(C82+Y82)/R82*100 -> 110.62694 | L82: =(D82+Z82)/S82*100 -> 105.2118 | M82: =(1+(E82-T82)/T82)*100 -> 105.55556 | N82: =(1+(F82-U82)/U82)*100 -> 264.22182 | O82: =(1+(G82-V82)/V82)*100 -> 309.57447 | Q82: 1.49 | R82: 1815.8526 | S82: 2338.2847 | T82: 180 | U82: 22.36 | V82: 14.1 | X82: 38007 | Y82: 1876.8221 | Z82: 2460.1513
A83: 38014 | B83: 1.58 | C83: 70.5 | E83: 208 | F83: 62.23 | G83: 43.89 | I83: 38014 | J83: =(1+(B83-Q83)/Q83)*100 -> 106.04027 | K83: =(C83+Y83)/R83*100 -> 107.30591 | L83: =(D83+Z83)/S83*100 -> 105.20994 | M83: =(1+(E83-T83)/T83)*100 -> 115.55556 | N83: =(1+(F83-U83)/U83)*100 -> 278.30948 | O83: =(1+(G83-V83)/V83)*100 -> 311.2766 | Q83: 1.49 | R83: 1815.8526 | S83: 2338.2847 | T83: 180 | U83: 22.36 | V83: 14.1 | X83: 38014 | Y83: 1878.0171 | Z83: 2460.1078
A84: 38021 | B84: 1.58 | C84: 137.5 | E84: 215 | F84: 71.47 | G84: 45.27 | I84: 38021 | J84: =(1+(B84-Q84)/Q84)*100 -> 106.04027 | K84: =(C84+Y84)/R84*100 -> 113.72068 | L84: =(D84+Z84)/S84*100 -> 105.1229 | M84: =(1+(E84-T84)/T84)*100 -> 119.44444 | N84: =(1+(F84-U84)/U84)*100 -> 319.63327 | O84: =(1+(G84-V84)/V84)*100 -> 321.06383 | Q84: 1.49 | R84: 1815.8526 | S84: 2338.2847 | T84: 180 | U84: 22.36 | V84: 14.1 | X84: 38021 | Y84: 1927.4999 | Z84: 2458.0728
A85: 38028 | B85: 1.57 | C85: 200 | E85: 196 | F85: 69.21 | G85: 43.93 | I85: 38028 | J85: =(1+(B85-Q85)/Q85)*100 -> 105.36913 | K85: =(C85+Y85)/R85*100 -> 117.16259 | L85: =(D85+Z85)/S85*100 -> 105.1229 | M85: =(1+(E85-T85)/T85)*100 -> 108.88889 | N85: =(1+(F85-U85)/U85)*100 -> 309.52594 | O85: =(1+(G85-V85)/V85)*100 -> 311.56028 | Q85: 1.49 | R85: 1815.8526 | S85: 2338.2847 | T85: 180 | U85: 22.36 | V85: 14.1 | X85: 38028 | Y85: 1927.4999 | Z85: 2458.0728
A86: 38035 | B86: 1.58 | C86: 218 | E86: 181 | F86: 68.83 | G86: 43.74 | I86: 38035 | J86: =(1+(B86-Q86)/Q86)*100 -> 106.04027 | K86: =(C86+Y86)/R86*100 -> 118.15386 | L86: =(D86+Z86)/S86*100 -> 105.1229 | M86: =(1+(E86-T86)/T86)*100 -> 100.55556 | N86: =(1+(F86-U86)/U86)*100 -> 307.82648 | O86: =(1+(G86-V86)/V86)*100 -> 310.21277 | Q86: 1.49 | R86: 1815.8526 | S86: 2338.2847 | T86: 180 | U86: 22.36 | V86: 14.1 | X86: 38035 | Y86: 1927.4999 | Z86: 2458.0728
A87: 38042 | B87: 1.6 | C87: 105.5 | E87: 158 | F87: 73.01 | G87: 44.76 | I87: 38042 | J87: =(1+(B87-Q87)/Q87)*100 -> 107.38255 | K87: =(C87+Y87)/R87*100 -> 111.94872 | L87: =(D87+Z87)/S87*100 -> 105.10175 | M87: =(1+(E87-T87)/T87)*100 -> 87.777778 | N87: =(1+(F87-U87)/U87)*100 -> 326.52057 | O87: =(1+(G87-V87)/V87)*100 -> 317.44681 | Q87: 1.49 | R87: 1815.8526 | S87: 2338.2847 | T87: 180 | U87: 22.36 | V87: 14.1 | X87: 38042 | Y87: 1927.3237 | Z87: 2457.5781
A88: 38049 | B88: 1.62 | C88: 129.5 | E88: 160 | F88: 72.21 | G88: 43.76 | I88: 38049 | J88: =(1+(B88-Q88)/Q88)*100 -> 108.72483 | K88: =(C88+Y88)/R88*100 -> 113.80142 | L88: =(D88+Z88)/S88*100 -> 105.35879 | M88: =(1+(E88-T88)/T88)*100 -> 88.888889 | N88: =(1+(F88-U88)/U88)*100 -> 322.94275 | O88: =(1+(G88-V88)/V88)*100 -> 310.35461 | Q88: 1.49 | R88: 1815.8526 | S88: 2338.2847 | T88: 180 | U88: 22.36 | V88: 14.1 | X88: 38049 | Y88: 1936.966 | Z88: 2463.5884
A89: 38056 | B89: 1.63 | C89: 153.5 | E89: 149 | F89: 73.11 | G89: 44.93 | I89: 38056 | J89: =(1+(B89-Q89)/Q89)*100 -> 109.39597 | K89: =(C89+Y89)/R89*100 -> 115.12311 | L89: =(D89+Z89)/S89*100 -> 105.35879 | M89: =(1+(E89-T89)/T89)*100 -> 82.777778 | N89: =(1+(F89-U89)/U89)*100 -> 326.9678 | O89: =(1+(G89-V89)/V89)*100 -> 318.65248 | Q89: 1.49 | R89: 1815.8526 | S89: 2338.2847 | T89: 180 | U89: 22.36 | V89: 14.1 | X89: 38056 | Y89: 1936.966 | Z89: 2463.5884
A90: 38063 | B90: 1.617 | C90: 125 | E90: 151 | F90: 73.261 | G90: 45.386 | I90: 38063 | J90: =(1+(B90-Q90)/Q90)*100 -> 108.52349 | K90: =(C90+Y90)/R90*100 -> 113.5536 | L90: =(D90+Z90)/S90*100 -> 105.35879 | M90: =(1+(E90-T90)/T90)*100 -> 83.888889 | N90: =(1+(F90-U90)/U90)*100 -> 327.64311 | O90: =(1+(G90-V90)/V90)*100 -> 321.88652 | Q90: 1.49 | R90: 1815.8526 | S90: 2338.2847 | T90: 180 | U90: 22.36 | V90: 14.1 | X90: 38063 | Y90: 1936.966 | Z90: 2463.5884
A91: 38070 | B91: 1.64 | C91: 90 | E91: 143 | F91: 73.03 | G91: 44.01 | I91: 38070 | J91: =(1+(B91-Q91)/Q91)*100 -> 110.06711 | K91: =(C91+Y91)/R91*100 -> 111.62613 | L91: =(D91+Z91)/S91*100 -> 105.35879 | M91: =(1+(E91-T91)/T91)*100 -> 79.444444 | N91: =(1+(F91-U91)/U91)*100 -> 326.61002 | O91: =(1+(G91-V91)/V91)*100 -> 312.12766 | Q91: 1.49 | R91: 1815.8526 | S91: 2338.2847 | T91: 180 | U91: 22.36 | V91: 14.1 | X91: 38070 | Y91: 1936.966 | Z91: 2463.5884
... A130: 38343 | B130: 1.984 | C130: 181 | E130: 345.8 | F130: 60.731 | G130: 39.558 | I130: 38343 | J130: =(1+(B130-Q130)/Q130)*100 -> 133.15436 | K130: =(C130+Y130)/R130*100 -> 129.89032 | L130: =(D130+Z130)/S130*100 -> 124.44641 | M130: =(1+(E130-T130)/T130)*100 -> 192.11111 | N130: =(1+(F130-U130)/U130)*100 -> 271.60555 | O130: =(1+(G130-V130)/V130)*100 -> 280.55319 | Q130: 1.49 | R130: 1815.8526 | S130: 2338.2847 | T130: 180 | U130: 22.36 | V130: 14.1 | X130: 38343 | Y130: 2177.6167 | Z130: 2909.9113
A131: 38350 | B131: 1.987 | C131: 178.5 | E131: 300 | F131: n/a | G131: n/a | I131: 38350 | J131: =(1+(B131-Q131)/Q131)*100 -> 133.3557 | K131: =(C131+Y131)/R131*100 -> 129.76506 | L131: =(D131+Z131)/S131*100 -> 124.30286 | M131: =(1+(E131-T131)/T131)*100 -> 166.66667 | N131: n/a | O131: n/a | Q131: 1.49 | R131: 1815.8526 | S131: 2338.2847 | T131: 180 | U131: 22.36 | V131: 14.1 | X131: 38350 | Y131: 2177.8421 | Z131: 2906.5547
A132: 38357 | B132: 1.957 | C132: 169 | E132: 261 | F132: 58.275 | G132: 36.45 | I132: 38357 | J132: =(1+(B132-Q132)/Q132)*100 -> 131.34228 | K132: =(C132+Y132)/R132*100 -> 128.8763 | L132: =(D132+Z132)/S132*100 -> 121.99287 | M132: =(1+(E132-T132)/T132)*100 -> 145 | N132: =(1+(F132-U132)/U132)*100 -> 260.62165 | O132: =(1+(G132-V132)/V132)*100 -> 258.51064 | Q132: 1.49 | R132: 1815.8526 | S132: 2338.2847 | T132: 180 | U132: 22.36 | V132: 14.1 | X132: 38357 | Y132: 2171.2036 | Z132: 2852.5407
A133: 38364 | B133: 1.934 | C133: 169 | E133: 324 | F133: 62.264 | G133: 39.121 | I133: 38364 | J133: =(1+(B133-Q133)/Q133)*100 -> 129.79866 | K133: =(C133+Y133)/R133*100 -> 128.8763 | L133: =(D133+Z133)/S133*100 -> 121.99287 | M133: =(1+(E133-T133)/T133)*100 -> 180 | N133: =(1+(F133-U133)/U133)*100 -> 278.46154 | O133: =(1+(G133-V133)/V133)*100 -> 277.4539 | Q133: 1.49 | R133: 1815.8526 | S133: 2338.2847 | T133: 180 | U133: 22.36 | V133: 14.1 | X133: 38364 | Y133: 2171.2036 | Z133: 2852.5407
A134: 38371 | B134: 1.952 | C134: 187 | E134: 361 | F134: 60.171 | G134: 36.896 | I134: 38371 | J134: =(1+(B134-Q134)/Q134)*100 -> 131.00671 | K134: =(C134+Y134)/R134*100 -> 129.86757 | L134: =(D134+Z134)/S134*100 -> 121.99287 | M134: =(1+(E134-T134)/T134)*100 -> 200.55556 | N134: =(1+(F134-U134)/U134)*100 -> 269.10107 | O134: =(1+(G134-V134)/V134)*100 -> 261.67376 | Q134: 1.49 | R134: 1815.8526 | S134: 2338.2847 | T134: 180 | U134: 22.36 | V134: 14.1 | X134: 38371 | Y134: 2171.2036 | Z134: 2852.5407
A135: 38378 | B135: 1.959 | C135: 130 | E135: 292 | F135: 58.818 | G135: 34.179 | I135: 38378 | J135: =(1+(B135-Q135)/Q135)*100 -> 131.47651 | K135: =(C135+Y135)/R135*100 -> 126.49493 | L135: =(D135+Z135)/S135*100 -> 122.78582 | M135: =(1+(E135-T135)/T135)*100 -> 162.22222 | N135: =(1+(F135-U135)/U135)*100 -> 263.05009 | O135: =(1+(G135-V135)/V135)*100 -> 242.40426 | Q135: 1.49 | R135: 1815.8526 | S135: 2338.2847 | T135: 180 | U135: 22.36 | V135: 14.1 | X135: 38378 | Y135: 2166.9614 | Z135: 2871.082
A136: 38385 | B136: 1.992 | C136: 161 | E136: 263 | F136: 60.408 | G136: 35.621 | I136: 38385 | J136: =(1+(B136-Q136)/Q136)*100 -> 133.69128 | K136: =(C136+Y136)/R136*100 -> 124.42595 | L136: =(D136+Z136)/S136*100 -> 129.64506 | M136: =(1+(E136-T136)/T136)*100 -> 146.11111 | N136: =(1+(F136-U136)/U136)*100 -> 270.161 | O136: =(1+(G136-V136)/V136)*100 -> 252.63121 | Q136: 1.49 | R136: 1815.8526 | S136: 2338.2847 | T136: 180 | U136: 22.36 | V136: 14.1 | X136: 38385 | Y136: 2098.3918 | Z136: 3031.4705
A137: 38392 | B137: 1.983 | C137: 161.5 | E137: 233 | F137: 57.825 | G137: 33.779 | I137: 38392 | J137: =(1+(B137-Q137)/Q137)*100 -> 133.08725 | K137: =(C137+Y137)/R137*100 -> 124.45348 | L137: =(D137+Z137)/S137*100 -> 129.64506 | M137: =(1+(E137-T137)/T137)*100 -> 129.44444 | N137: =(1+(F137-U137)/U137)*100 -> 258.60912 | O137: =(1+(G137-V137)/V137)*100 -> 239.56738 | Q137: 1.49 | R137: 1815.8526 | S137: 2338.2847 | T137: 180 | U137: 22.36 | V137: 14.1 | X137: 38392 | Y137: 2098.3918 | Z137: 3031.4705
A138: 38399 | B138: 1.986 | C138: 66.5 | E138: 278 | F138: 59.629 | G138: 36.318 | I138: 38399 | J138: =(1+(B138-Q138)/Q138)*100 -> 133.28859 | K138: =(C138+Y138)/R138*100 -> 119.22178 | L138: =(D138+Z138)/S138*100 -> 129.64506 | M138: =(1+(E138-T138)/T138)*100 -> 154.44444 | N138: =(1+(F138-U138)/U138)*100 -> 266.6771 | O138: =(1+(G138-V138)/V138)*100 -> 257.57447 | Q138: 1.49 | R138: 1815.8526 | S138: 2338.2847 | T138: 180 | U138: 22.36 | V138: 14.1 | X138: 38399 | Y138: 2098.3918 | Z138: 3031.4705
A139: 38406 | B139: 2.02 | C139: 11.5 | E139: 320 | F139: 61.704 | G139: 40.635 | I139: 38406 | J139: =(1+(B139-Q139)/Q139)*100 -> 135.57047 | K139: =(C139+Y139)/R139*100 -> 115.97587 | L139: =(D139+Z139)/S139*100 -> 129.03269 | M139: =(1+(E139-T139)/T139)*100 -> 177.77778 | N139: =(1+(F139-U139)/U139)*100 -> 275.95707 | O139: =(1+(G139-V139)/V139)*100 -> 288.19149 | Q139: 1.49 | R139: 1815.8526 | S139: 2338.2847 | T139: 180 | U139: 22.36 | V139: 14.1 | X139: 38406 | Y139: 2094.4508 | Z139: 3017.1517
A140: 38413 | B140: 2.118 | C140: 0 | E140: 369 | F140: 61.011 | G140: 39.011 | I140: 38413 | J140: =(1+(B140-Q140)/Q140)*100 -> 142.14765 | K140: =(C140+Y140)/R140*100 -> 112.54698 | L140: =(D140+Z140)/S140*100 -> 121.5327 | M140: =(1+(E140-T140)/T140)*100 -> 205 | N140: =(1+(F140-U140)/U140)*100 -> 272.85778 | O140: =(1+(G140-V140)/V140)*100 -> 276.67376 | Q140: 1.49 | R140: 1815.8526 | S140: 2338.2847 | T140: 180 | U140: 22.36 | V140: 14.1 | X140: 38413 | Y140: 2043.6873 | Z140: 2841.7805
A141: 38420 | B141: 2.168 | C141: -7 | E141: 275 | F141: 62.207 | G141: 39.9 | I141: 38420 | J141: =(1+(B141-Q141)/Q141)*100 -> 145.50336 | K141: =(C141+Y141)/R141*100 -> 112.16149 | L141: =(D141+Z141)/S141*100 -> 121.5327 | M141: =(1+(E141-T141)/T141)*100 -> 152.77778 | N141: =(1+(F141-U141)/U141)*100 -> 278.20662 | O141: =(1+(G141-V141)/V141)*100 -> 282.97872 | Q141: 1.49 | R141: 1815.8526 | S141: 2338.2847 | T141: 180 | U141: 22.36 | V141: 14.1 | X141: 38420 | Y141: 2043.6873 | Z141: 2841.7805
A142: 38427 | B142: 2.194 | C142: -20.5 | E142: 344 | F142: 63.96 | G142: 40.121 | I142: 38427 | J142: =(1+(B142-Q142)/Q142)*100 -> 147.24832 | K142: =(C142+Y142)/R142*100 -> 111.41804 | L142: =(D142+Z142)/S142*100 -> 121.5327 | M142: =(1+(E142-T142)/T142)*100 -> 191.11111 | N142: =(1+(F142-U142)/U142)*100 -> 286.04651 | O142: =(1+(G142-V142)/V142)*100 -> 284.5461 | Q142: 1.49 | R142: 1815.8526 | S142: 2338.2847 | T142: 180 | U142: 22.36 | V142: 14.1 | X142: 38427 | Y142: 2043.6873 | Z142: 2841.7805
A143: 38434 | B143: 2.244 | C143: 49 | E143: 250 | F143: 64.093 | G143: 38.705 | I143: 38434 | J143: =(1+(B143-Q143)/Q143)*100 -> 150.60403 | K143: =(C143+Y143)/R143*100 -> 115.24544 | L143: =(D143+Z143)/S143*100 -> 121.5327 | M143: =(1+(E143-T143)/T143)*100 -> 138.88889 | N143: =(1+(F143-U143)/U143)*100 -> 286.64132 | O143: =(1+(G143-V143)/V143)*100 -> 274.50355 | Q143: 1.49 | R143: 1815.8526 | S143: 2338.2847 | T143: 180 | U143: 22.36 | V143: 14.1 | X143: 38434 | Y143: 2043.6873 | Z143: 2841.7805
... A200: 38833 | B200: 2.876 | C200: -112.5 | E200: 288 | F200: 34.35 | G200: 25.003 | I200: 38833 | J200: =(1+(B200-Q200)/Q200)*100 -> 193.02013 | K200: =(C200+Y200)/R200*100 -> 130.64555 | L200: =(D200+Z200)/S200*100 -> 138.80657 | M200: =(1+(E200-T200)/T200)*100 -> 160 | N200: =(1+(F200-U200)/U200)*100 -> 153.62254 | O200: =(1+(G200-V200)/V200)*100 -> 177.32624 | Q200: 1.49 | R200: 1815.8526 | S200: 2338.2847 | T200: 180 | U200: 22.36 | V200: 14.1 | X200: 38833 | Y200: 2484.8306 | Z200: 3245.6928
A201: 38840 | B201: 2.896 | C201: -75.5 | D201: -150 | E201: 312 | F201: 34.057 | G201: 24.79 | I201: 38840 | J201: =(1+(B201-Q201)/Q201)*100 -> 194.36242 | K201: =(C201+Y201)/R201*100 -> 133.40717 | L201: =(D201+Z201)/S201*100 -> 131.7456 | M201: =(1+(E201-T201)/T201)*100 -> 173.33333 | N201: =(1+(F201-U201)/U201)*100 -> 152.31216 | O201: =(1+(G201-V201)/V201)*100 -> 175.8156 | Q201: 1.49 | R201: 1815.8526 | S201: 2338.2847 | T201: 180 | U201: 22.36 | V201: 14.1 | X201: 38840 | Y201: 2497.9775 | Z201: 3230.5872
A202: 38847 | B202: 2.897 | C202: -56 | D202: -107.5 | E202: 356 | F202: 34.35 | G202: 25.317 | I202: 38847 | J202: =(1+(B202-Q202)/Q202)*100 -> 194.42953 | K202: =(C202+Y202)/R202*100 -> 134.48105 | L202: =(D202+Z202)/S202*100 -> 133.56317 | M202: =(1+(E202-T202)/T202)*100 -> 197.77778 | N202: =(1+(F202-U202)/U202)*100 -> 153.62254 | O202: =(1+(G202-V202)/V202)*100 -> 179.55319 | Q202: 1.49 | R202: 1815.8526 | S202: 2338.2847 | T202: 180 | U202: 22.36 | V202: 14.1 | X202: 38847 | Y202: 2497.9775 | Z202: 3230.5872
A203: 38854 | B203: 2.92 | C203: -158 | D203: -72.5 | E203: 393 | F203: 34.833 | G203: 25.463 | I203: 38854 | J203: =(1+(B203-Q203)/Q203)*100 -> 195.97315 | K203: =(C203+Y203)/R203*100 -> 128.86385 | L203: =(D203+Z203)/S203*100 -> 135.05999 | M203: =(1+(E203-T203)/T203)*100 -> 218.33333 | N203: =(1+(F203-U203)/U203)*100 -> 155.78265 | O203: =(1+(G203-V203)/V203)*100 -> 180.58865 | Q203: 1.49 | R203: 1815.8526 | S203: 2338.2847 | T203: 180 | U203: 22.36 | V203: 14.1 | X203: 38854 | Y203: 2497.9775 | Z203: 3230.5872
A204: 38861 | B204: 2.888 | C204: 0 | D204: -87.5 | E204: 384 | F204: 35.133 | G204: 25.443 | I204: 38861 | J204: =(1+(B204-Q204)/Q204)*100 -> 193.8255 | K204: =(C204+Y204)/R204*100 -> 137.565 | L204: =(D204+Z204)/S204*100 -> 134.4185 | M204: =(1+(E204-T204)/T204)*100 -> 213.33333 | N204: =(1+(F204-U204)/U204)*100 -> 157.12433 | O204: =(1+(G204-V204)/V204)*100 -> 180.44681 | Q204: 1.49 | R204: 1815.8526 | S204: 2338.2847 | T204: 180 | U204: 22.36 | V204: 14.1 | X204: 38861 | Y204: 2497.9775 | Z204: 3230.5872
A205: 38868 | B205: 2.882 | C205: -9 | D205: 250 | E205: 351 | F205: 35.11 | G205: 25.857 | I205: 38868 | J205: =(1+(B205-Q205)/Q205)*100 -> 193.42282 | K205: =(C205+Y205)/R205*100 -> 137.17807 | L205: =(D205+Z205)/S205*100 -> 149.12875 | M205: =(1+(E205-T205)/T205)*100 -> 195 | N205: =(1+(F205-U205)/U205)*100 -> 157.02147 | O205: =(1+(G205-V205)/V205)*100 -> 183.38298 | Q205: 1.49 | R205: 1815.8526 | S205: 2338.2847 | T205: 180 | U205: 22.36 | V205: 14.1 | X205: 38868 | Y205: 2499.9516 | Z205: 3237.0548
A206: 38875 | B206: 2.89 | C206: -61.5 | D206: -12.5 | E206: 375 | F206: 35.703 | G206: 27.41 | I206: 38875 | J206: =(1+(B206-Q206)/Q206)*100 -> 193.95973 | K206: =(C206+Y206)/R206*100 -> 136.89721 | L206: =(D206+Z206)/S206*100 -> 141.85093 | M206: =(1+(E206-T206)/T206)*100 -> 208.33333 | N206: =(1+(F206-U206)/U206)*100 -> 159.67352 | O206: =(1+(G206-V206)/V206)*100 -> 194.39716 | Q206: 1.49 | R206: 1815.8526 | S206: 2338.2847 | T206: 180 | U206: 22.36 | V206: 14.1 | X206: 38875 | Y206: 2547.3514 | Z206: 3329.3787
A207: 38882 | B207: 2.918 | C207: -73 | D207: -127 | E207: 387 | F207: 36.977 | G207: 29.07 | I207: 38882 | J207: =(1+(B207-Q207)/Q207)*100 -> 195.83893 | K207: =(C207+Y207)/R207*100 -> 136.26389 | L207: =(D207+Z207)/S207*100 -> 136.95418 | M207: =(1+(E207-T207)/T207)*100 -> 215 | N207: =(1+(F207-U207)/U207)*100 -> 165.3712 | O207: =(1+(G207-V207)/V207)*100 -> 206.17021 | Q207: 1.49 | R207: 1815.8526 | S207: 2338.2847 | T207: 180 | U207: 22.36 | V207: 14.1 | X207: 38882 | Y207: 2547.3514 | Z207: 3329.3787
A208: 38889 | B208: 2.915 | C208: -138 | D208: -189 | E208: 382 | F208: 36.859 | G208: 28.673 | I208: 38889 | J208: =(1+(B208-Q208)/Q208)*100 -> 195.63758 | K208: =(C208+Y208)/R208*100 -> 132.68431 | L208: =(D208+Z208)/S208*100 -> 134.30267 | M208: =(1+(E208-T208)/T208)*100 -> 212.22222 | N208: =(1+(F208-U208)/U208)*100 -> 164.84347 | O208: =(1+(G208-V208)/V208)*100 -> 203.35461 | Q208: 1.49 | R208: 1815.8526 | S208: 2338.2847 | T208: 180 | U208: 22.36 | V208: 14.1 | X208: 38889 | Y208: 2547.3514 | Z208: 3329.3787
A209: 38896 | B209: 2.867 | C209: -4.5 | D209: -191 | E209: 416 | F209: 38.741 | G209: 30.283 | I209: 38896 | J209: =(1+(B209-Q209)/Q209)*100 -> 192.41611 | K209: =(C209+Y209)/R209*100 -> 140.02572 | L209: =(D209+Z209)/S209*100 -> 134.31376 | M209: =(1+(E209-T209)/T209)*100 -> 231.11111 | N209: =(1+(F209-U209)/U209)*100 -> 173.26029 | O209: =(1+(G209-V209)/V209)*100 -> 214.77305 | Q209: 1.49 | R209: 1815.8526 | S209: 2338.2847 | T209: 180 | U209: 22.36 | V209: 14.1 | X209: 38896 | Y209: 2547.1606 | Z209: 3331.638
A210: 38903 | B210: 2.898 | C210: -7 | D210: -148 | E210: 443 | F210: 39.917 | G210: 31.443 | I210: 38903 | J210: =(1+(B210-Q210)/Q210)*100 -> 194.49664 | K210: =(C210+Y210)/R210*100 -> 140.96344 | L210: =(D210+Z210)/S210*100 -> 138.62294 | M210: =(1+(E210-T210)/T210)*100 -> 246.11111 | N210: =(1+(F210-U210)/U210)*100 -> 178.51968 | O210: =(1+(G210-V210)/V210)*100 -> 223 | Q210: 1.49 | R210: 1815.8526 | S210: 2338.2847 | T210: 180 | U210: 22.36 | V210: 14.1 | X210: 38903 | Y210: 2566.6883 | Z210: 3389.399
A211: 38910 | B211: 2.918 | C211: 3.5 | D211: 2 | E211: 493 | F211: 38.534 | G211: 30.12 | I211: 38910 | J211: =(1+(B211-Q211)/Q211)*100 -> 195.83893 | K211: =(C211+Y211)/R211*100 -> 141.54168 | L211: =(D211+Z211)/S211*100 -> 145.0379 | M211: =(1+(E211-T211)/T211)*100 -> 273.88889 | N211: =(1+(F211-U211)/U211)*100 -> 172.33453 | O211: =(1+(G211-V211)/V211)*100 -> 213.61702 | Q211: 1.49 | R211: 1815.8526 | S211: 2338.2847 | T211: 180 | U211: 22.36 | V211: 14.1 | X211: 38910 | Y211: 2566.6883 | Z211: 3389.399
A212: 38917 | B212: 2.926 | C212: -42 | D212: 44.5 | E212: 526 | F212: 39.334 | G212: 30.09 | I212: 38917 | J212: =(1+(B212-Q212)/Q212)*100 -> 196.37584 | K212: =(C212+Y212)/R212*100 -> 139.03597 | L212: =(D212+Z212)/S212*100 -> 146.85547 | M212: =(1+(E212-T212)/T212)*100 -> 292.22222 | N212: =(1+(F212-U212)/U212)*100 -> 175.91234 | O212: =(1+(G212-V212)/V212)*100 -> 213.40426 | Q212: 1.49 | R212: 1815.8526 | S212: 2338.2847 | T212: 180 | U212: 22.36 | V212: 14.1 | X212: 38917 | Y212: 2566.6883 | Z212: 3389.399
... A235: 39078 | B235: 2.596 | C235: 0 | D235: 81 | E235: 274 | F235: 53.438 | G235: 39.407 | I235: 39078 | J235: =(1+(B235-Q235)/Q235)*100 -> 174.22819 | K235: =(C235+Y235)/R235*100 -> 136.5179 | L235: =(D235+Z235)/S235*100 -> 146.55489 | M235: =(1+(E235-T235)/T235)*100 -> 152.22222 | N235: =(1+(F235-U235)/U235)*100 -> 238.98927 | O235: =(1+(G235-V235)/V235)*100 -> 279.48227 | Q235: 1.49 | R235: 1815.8526 | S235: 2338.2847 | T235: 180 | U235: 22.36 | V235: 14.1 | X235: 39078 | Y235: 2478.9639 | Z235: 3345.8705
A236: 39085 | B236: 2.58 | C236: -75 | D236: -75 | E236: 268 | F236: One week Lag | I236: 39085 | J236: =(1+(B236-Q236)/Q236)*100 -> 173.15436 | K236: =(C236+Y236)/R236*100 -> 137.27638 | L236: =(D236+Z236)/S236*100 -> 141.11417 | M236: =(1+(E236-T236)/T236)*100 -> 148.88889 | Q236: 1.49 | R236: 1815.8526 | S236: 2338.2847 | T236: 180 | U236: 22.36 | V236: 14.1 | X236: 39085 | Y236: 2567.7366 | Z236: 3374.651
A237: 39092 | B237: 2.537 | C237: -71.5 | D237: -137 | E237: 268 | F237: 53.5 | G237: 39.464 | I237: 39092 | J237: =(1+(B237-Q237)/Q237)*100 -> 170.26846 | K237: =(C237+Y237)/R237*100 -> 137.46912 | L237: =(D237+Z237)/S237*100 -> 138.46265 | M237: =(1+(E237-T237)/T237)*100 -> 148.88889 | N237: =(1+(F237-U236)/U236)*100 -> 239.26655 | O237: =(1+(G237-V236)/V236)*100 -> 279.88652 | Q237: 1.49 | R237: 1815.8526 | S237: 2338.2847 | T237: 180 | U237: 22.36 | V237: 14.1 | X237: 39092 | Y237: 2567.7366 | Z237: 3374.651
A238: 39099 | B238: 2.463 | C238: -38 | D238: -150 | E238: 393 | F238: 56 | G238: 41 | I238: 39099 | J238: =(1+(B238-Q238)/Q238)*100 -> 165.30201 | K238: =(C238+Y238)/R238*100 -> 139.31399 | L238: =(D238+Z238)/S238*100 -> 137.90669 | M238: =(1+(E238-T238)/T238)*100 -> 218.33333 | N238: =(1+(F238-U237)/U237)*100 -> 250.44723 | O238: =(1+(G238-V237)/V237)*100 -> 290.78014 | Q238: 1.49 | R238: 1815.8526 | S238: 2338.2847 | T238: 180 | U238: 22.36 | V238: 14.1 | X238: 39099 | Y238: 2567.7366 | Z238: 3374.651
A239: 39106 | B239: 2.43 | C239: -91 | D239: -125 | E239: 286 | F239: 53.5 | G239: 38 | I239: 39106 | J239: =(1+(B239-Q239)/Q239)*100 -> 163.08725 | K239: =(C239+Y239)/R239*100 -> 136.39525 | L239: =(D239+Z239)/S239*100 -> 138.97585 | M239: =(1+(E239-T239)/T239)*100 -> 158.88889 | N239: =(1+(F239-U238)/U238)*100 -> 239.26655 | O239: =(1+(G239-V238)/V238)*100 -> 269.50355 | Q239: 1.49 | R239: 1815.8526 | S239: 2338.2847 | T239: 180 | U239: 22.36 | V239: 14.1 | X239: 39106 | Y239: 2567.7366 | Z239: 3374.651
A240: 39113 | B240: 2.413 | C240: -104 | D240: -96 | E240: 312 | F240: 52.5 | G240: 37 | I240: 39113 | J240: =(1+(B240-Q240)/Q240)*100 -> 161.94631 | K240: =(C240+Y240)/R240*100 -> 135.13893 | L240: =(D240+Z240)/S240*100 -> 140.44061 | M240: =(1+(E240-T240)/T240)*100 -> 173.33333 | N240: =(1+(F240-U239)/U239)*100 -> 234.79428 | O240: =(1+(G240-V239)/V239)*100 -> 262.41135 | Q240: 1.49 | R240: 1815.8526 | S240: 2338.2847 | T240: 180 | U240: 22.36 | V240: 14.1 | X240: 39113 | Y240: 2557.9238 | Z240: 3379.9012
A241: 39120 | B241: 2.435 | C241: -112 | D241: -200 | E241: 358 | F241: 52.5 | G241: 36 | I241: 39120 | J241: =(1+(B241-Q241)/Q241)*100 -> 163.42282 | K241: =(C241+Y241)/R241*100 -> 130.96469 | L241: =(D241+Z241)/S241*100 -> 139.78544 | M241: =(1+(E241-T241)/T241)*100 -> 198.88889 | N241: =(1+(F241-U240)/U240)*100 -> 234.79428 | O241: =(1+(G241-V240)/V240)*100 -> 255.31915 | Q241: 1.49 | R241: 1815.8526 | S241: 2338.2847 | T241: 180 | U241: 22.36 | V241: 14.1 | X241: 39120 | Y241: 2490.1256 | Z241: 3468.5815
A242: 39127 | B242: 2.476 | C242: -50 | D242: -188 | E242: 370 | F242: 52.5 | G242: 37 | I242: 39127 | J242: =(1+(B242-Q242)/Q242)*100 -> 166.1745 | K242: =(C242+Y242)/R242*100 -> 134.37906 | L242: =(D242+Z242)/S242*100 -> 140.29863 | M242: =(1+(E242-T242)/T242)*100 -> 205.55556 | N242: =(1+(F242-U241)/U241)*100 -> 234.79428 | O242: =(1+(G242-V241)/V241)*100 -> 262.41135 | Q242: 1.49 | R242: 1815.8526 | S242: 2338.2847 | T242: 180 | U242: 22.36 | V242: 14.1 | X242: 39127 | Y242: 2490.1256 | Z242: 3468.5815
A243: 39134 | B243: 2.491 | C243: -45 | D243: -242.5 | E243: 364 | F243: 53.5 | G243: 37.75 | I243: 39134 | J243: =(1+(B243-Q243)/Q243)*100 -> 167.18121 | K243: =(C243+Y243)/R243*100 -> 134.65441 | L243: =(D243+Z243)/S243*100 -> 137.96787 | M243: =(1+(E243-T243)/T243)*100 -> 202.22222 | N243: =(1+(F243-U242)/U242)*100 -> 239.26655 | O243: =(1+(G243-V242)/V242)*100 -> 267.7305 | Q243: 1.49 | R243: 1815.8526 | S243: 2338.2847 | T243: 180 | U243: 22.36 | V243: 14.1 | X243: 39134 | Y243: 2490.1256 | Z243: 3468.5815
A244: 39141 | B244: 2.551 | C244: -116 | D244: -280.5 | E244: 320 | F244: 55.5 | G244: 38.25 | I244: 39141 | J244: =(1+(B244-Q244)/Q244)*100 -> 171.20805 | K244: =(C244+Y244)/R244*100 -> 130.94618 | L244: =(D244+Z244)/S244*100 -> 136.51238 | M244: =(1+(E244-T244)/T244)*100 -> 177.77778 | N244: =(1+(F244-U243)/U243)*100 -> 248.21109 | O244: =(1+(G244-V243)/V243)*100 -> 271.2766 | Q244: 1.49 | R244: 1815.8526 | S244: 2338.2847 | T244: 180 | U244: 22.36 | V244: 14.1 | X244: 39141 | Y244: 2493.7896 | Z244: 3472.5482
A245: 39148 | B245: 2.626 | C245: -125 | D245: -255.5 | E245: 285 | F245: 56 | G245: 39 | I245: 39148 | J245: =(1+(B245-Q245)/Q245)*100 -> 176.24161 | K245: =(C245+Y245)/R245*100 -> 129.79679 | L245: =(D245+Z245)/S245*100 -> 133.32471 | M245: =(1+(E245-T245)/T245)*100 -> 158.33333 | N245: =(1+(F245-U244)/U244)*100 -> 250.44723 | O245: =(1+(G245-V244)/V244)*100 -> 276.59574 | Q245: 1.49 | R245: 1815.8526 | S245: 2338.2847 | T245: 180 | U245: 22.36 | V245: 14.1 | X245: 39148 | Y245: 2481.9183 | Z245: 3373.0113
A246: 39155 | B246: 2.685 | C246: -6 | D246: -248.5 | E246: 297 | F246: 57 | G246: 40 | I246: 39155 | J246: =(1+(B246-Q246)/Q246)*100 -> 180.20134 | K246: =(C246+Y246)/R246*100 -> 136.35018 | L246: =(D246+Z246)/S246*100 -> 133.62408 | M246: =(1+(E246-T246)/T246)*100 -> 165 | N246: =(1+(F246-U245)/U245)*100 -> 254.9195 | O246: =(1+(G246-V245)/V245)*100 -> 283.68794 | Q246: 1.49 | R246: 1815.8526 | S246: 2338.2847 | T246: 180 | U246: 22.36 | V246: 14.1 | X246: 39155 | Y246: 2481.9183 | Z246: 3373.0113
A247: 39162 | B247: 2.681 | C247: -114.5 | D247: -185 | E247: 268 | F247: 57 | G247: 40 | I247: 39162 | J247: =(1+(B247-Q247)/Q247)*100 -> 179.93289 | K247: =(C247+Y247)/R247*100 -> 130.37503 | L247: =(D247+Z247)/S247*100 -> 136.33974 | M247: =(1+(E247-T247)/T247)*100 -> 148.88889 | N247: =(1+(F247-U246)/U246)*100 -> 254.9195 | O247: =(1+(G247-V246)/V246)*100 -> 283.68794 | Q247: 1.49 | R247: 1815.8526 | S247: 2338.2847 | T247: 180 | U247: 22.36 | V247: 14.1 | X247: 39162 | Y247: 2481.9183 | Z247: 3373.0113
A248: 39169 | B248: 2.676 | C248: -124.5 | D248: -194 | E248: 244 | F248: 57 | G248: 40.25 | I248: 39169 | J248: =(1+(B248-Q248)/Q248)*100 -> 179.59732 | K248: =(C248+Y248)/R248*100 -> 129.7166 | L248: =(D248+Z248)/S248*100 -> 136.24303 | M248: =(1+(E248-T248)/T248)*100 -> 135.55556 | N248: =(1+(F248-U247)/U247)*100 -> 254.9195 | O248: =(1+(G248-V247)/V247)*100 -> 285.46099 | Q248: 1.49 | R248: 1815.8526 | S248: 2338.2847 | T248: 180 | U248: 22.36 | V248: 14.1 | X248: 39169 | Y248: 2479.9622 | Z248: 3379.75
... A290: 39463 | B290: 3.326 | C290: 50 | D290: 31.5 | E290: 325 | F290: 121 | G290: 68 | I290: 39463 | J290: =(1+(B290-Q290)/Q290)*100 -> 223.22148 | K290: =(C290+Y290)/R290*100 -> 159.66087 | L290: =(D290+Z290)/S290*100 -> 157.79935 | M290: =(1+(E290-T290)/T290)*100 -> 180.55556 | N290: =(1+(F290-U289)/U289)*100 -> 541.1449 | O290: =(1+(G290-V289)/V289)*100 -> 482.2695 | Q290: 1.49 | R290: 1815.8526 | S290: 2338.2847 | T290: 180 | U290: 22.36 | V290: 14.1 | X290: 39463 | Y290: 2849.2061 | Z290: 3658.2982
A291: 39470 | B291: 3.27 | C291: -34 | D291: 125 | E291: 428 | F291: n/a | G291: n/a | I291: 39470 | J291: =(1+(B291-Q291)/Q291)*100 -> 219.46309 | K291: =(C291+Y291)/R291*100 -> 155.03495 | L291: =(D291+Z291)/S291*100 -> 161.79801 | M291: =(1+(E291-T291)/T291)*100 -> 237.77778 | N291: n/a | O291: n/a | Q291: 1.49 | R291: 1815.8526 | S291: 2338.2847 | T291: 180 | U291: 22.36 | V291: 14.1 | X291: 39470 | Y291: 2849.2061 | Z291: 3658.2982
A292: 39477 | B292: 3.259 | C292: -3 | D292: 100 | E292: 446 | F292: n/a | G292: n/a | I292: 39477 | J292: =(1+(B292-Q292)/Q292)*100 -> 218.72483 | K292: =(C292+Y292)/R292*100 -> 156.74213 | L292: =(D292+Z292)/S292*100 -> 160.72885 | M292: =(1+(E292-T292)/T292)*100 -> 247.77778 | N292: n/a | O292: n/a | Q292: 1.49 | R292: 1815.8526 | S292: 2338.2847 | T292: 180 | U292: 22.36 | V292: 14.1 | X292: 39477 | Y292: 2849.2061 | Z292: 3658.2982
A293: 39484 | B293: 3.28 | C293: -55.5 | D293: 25 | E293: 498 | F293: 92 | G293: 51 | I293: 39484 | J293: =(1+(B293-Q293)/Q293)*100 -> 220.13423 | K293: =(C293+Y293)/R293*100 -> 153.15351 | L293: =(D293+Z293)/S293*100 -> 156.63796 | M293: =(1+(E293-T293)/T293)*100 -> 276.66667 | N293: =(1+(F293-U292)/U292)*100 -> 411.44902 | O293: =(1+(G293-V292)/V292)*100 -> 361.70213 | Q293: 1.49 | R293: 1815.8526 | S293: 2338.2847 | T293: 180 | U293: 22.36 | V293: 14.1 | X293: 39484 | Y293: 2836.5419 | Z293: 3637.6414
A294: 39491 | B294: 3.28 | C294: 18 | D294: 32.5 | E294: 470 | F294: 97 | G294: 54 | I294: 39491 | J294: =(1+(B294-Q294)/Q294)*100 -> 220.13423 | K294: =(C294+Y294)/R294*100 -> 157.20119 | L294: =(D294+Z294)/S294*100 -> 156.95871 | M294: =(1+(E294-T294)/T294)*100 -> 261.11111 | N294: =(1+(F294-U293)/U293)*100 -> 433.81038 | O294: =(1+(G294-V293)/V293)*100 -> 382.97872 | Q294: 1.49 | R294: 1815.8526 | S294: 2338.2847 | T294: 180 | U294: 22.36 | V294: 14.1 | X294: 39491 | Y294: 2836.5419 | Z294: 3637.6414
A295: 39498 | B295: 3.396 | C295: -38.5 | D295: 106.5 | E295: 500 | F295: 105 | G295: 63 | I295: 39498 | J295: =(1+(B295-Q295)/Q295)*100 -> 227.91946 | K295: =(C295+Y295)/R295*100 -> 154.08971 | L295: =(D295+Z295)/S295*100 -> 160.12342 | M295: =(1+(E295-T295)/T295)*100 -> 277.77778 | N295: =(1+(F295-U294)/U294)*100 -> 469.58855 | O295: =(1+(G295-V294)/V294)*100 -> 446.80851 | Q295: 1.49 | R295: 1815.8526 | S295: 2338.2847 | T295: 180 | U295: 22.36 | V295: 14.1 | X295: 39498 | Y295: 2836.5419 | Z295: 3637.6414
A296: 39505 | B296: 3.552 | C296: -1 | D296: 456.5 | E296: 529 | F296: 107 | G296: 62 | I296: 39505 | J296: =(1+(B296-Q296)/Q296)*100 -> 238.38926 | K296: =(C296+Y296)/R296*100 -> 156.15485 | L296: =(D296+Z296)/S296*100 -> 175.09166 | M296: =(1+(E296-T296)/T296)*100 -> 293.88889 | N296: =(1+(F296-U295)/U295)*100 -> 478.53309 | O296: =(1+(G296-V295)/V295)*100 -> 439.71631 | Q296: 1.49 | R296: 1815.8526 | S296: 2338.2847 | T296: 180 | U296: 22.36 | V296: 14.1 | X296: 39505 | Y296: 2836.5419 | Z296: 3637.6414
A297: 39512 | B297: 3.658 | C297: -9 | D297: 8.5 | E297: 444 | F297: 111 | G297: 67 | I297: 39512 | J297: =(1+(B297-Q297)/Q297)*100 -> 245.50336 | K297: =(C297+Y297)/R297*100 -> 161.22187 | L297: =(D297+Z297)/S297*100 -> 162.28483 | M297: =(1+(E297-T297)/T297)*100 -> 246.66667 | N297: =(1+(F297-U296)/U296)*100 -> 496.42218 | O297: =(1+(G297-V296)/V296)*100 -> 475.1773 | Q297: 1.49 | R297: 1815.8526 | S297: 2338.2847 | T297: 180 | U297: 22.36 | V297: 14.1 | X297: 39512 | Y297: 2936.5514 | Z297: 3786.1814
A298: 39519 | B298: 3.819 | C298: 63 | D298: 5 | E298: 485 | F298: 112.5 | G298: 69 | I298: 39519 | J298: =(1+(B298-Q298)/Q298)*100 -> 256.30872 | K298: =(C298+Y298)/R298*100 -> 165.18695 | L298: =(D298+Z298)/S298*100 -> 162.13515 | M298: =(1+(E298-T298)/T298)*100 -> 269.44444 | N298: =(1+(F298-U297)/U297)*100 -> 503.13059 | O298: =(1+(G298-V297)/V297)*100 -> 489.3617 | Q298: 1.49 | R298: 1815.8526 | S298: 2338.2847 | T298: 180 | U298: 22.36 | V298: 14.1 | X298: 39519 | Y298: 2936.5514 | Z298: 3786.1814
A299: 39526 | B299: 3.974 | C299: -45 | D299: -3 | E299: 430 | F299: 111.5 | G299: 67 | I299: 39526 | J299: =(1+(B299-Q299)/Q299)*100 -> 266.71141 | K299: =(C299+Y299)/R299*100 -> 159.23933 | L299: =(D299+Z299)/S299*100 -> 161.79302 | M299: =(1+(E299-T299)/T299)*100 -> 238.88889 | N299: =(1+(F299-U298)/U298)*100 -> 498.65832 | O299: =(1+(G299-V298)/V298)*100 -> 475.1773 | Q299: 1.49 | R299: 1815.8526 | S299: 2338.2847 | T299: 180 | U299: 22.36 | V299: 14.1 | X299: 39526 | Y299: 2936.5514 | Z299: 3786.1814
A300: 39533 | B300: 3.989 | C300: -43.5 | D300: 131.5 | E300: 469 | F300: 111 | G300: 66 | I300: 39533 | J300: =(1+(B300-Q300)/Q300)*100 -> 267.71812 | K300: =(C300+Y300)/R300*100 -> 159.32193 | L300: =(D300+Z300)/S300*100 -> 167.5451 | M300: =(1+(E300-T300)/T300)*100 -> 260.55556 | N300: =(1+(F300-U299)/U299)*100 -> 496.42218 | O300: =(1+(G300-V299)/V299)*100 -> 468.08511 | Q300: 1.49 | R300: 1815.8526 | S300: 2338.2847 | T300: 180 | U300: 22.36 | V300: 14.1 | X300: 39533 | Y300: 2936.5514 | Z300: 3786.1814
A301: 39540 | B301: 3.964 | C301: -68.5 | D301: -188 | E301: 434 | F301: 110 | G301: 64 | I301: 39540 | J301: =(1+(B301-Q301)/Q301)*100 -> 266.04027 | K301: =(C301+Y301)/R301*100 -> 157.91176 | L301: =(D301+Z301)/S301*100 -> 149.61783 | M301: =(1+(E301-T301)/T301)*100 -> 241.11111 | N301: =(1+(F301-U300)/U300)*100 -> 491.94991 | O301: =(1+(G301-V300)/V300)*100 -> 453.90071 | Q301: 1.49 | R301: 1815.8526 | S301: 2338.2847 | T301: 180 | U301: 22.36 | V301: 14.1 | X301: 39540 | Y301: 2935.9448 | Z301: 3686.4907
A302: 39547 | B302: 3.995 | C302: -78 | D302: -188 | E302: 416 | F302: 109 | G302: 62 | I302: 39547 | J302: =(1+(B302-Q302)/Q302)*100 -> 268.12081 | K302: =(C302+Y302)/R302*100 -> 157.38859 | L302: =(D302+Z302)/S302*100 -> 149.61783 | M302: =(1+(E302-T302)/T302)*100 -> 231.11111 | N302: =(1+(F302-U301)/U301)*100 -> 487.47764 | O302: =(1+(G302-V301)/V301)*100 -> 439.71631 | Q302: 1.49 | R302: 1815.8526 | S302: 2338.2847 | T302: 180 | U302: 22.36 | V302: 14.1 | X302: 39547 | Y302: 2935.9448 | Z302: 3686.4907
A303: 39554 | B303: 4.059 | C303: -91 | D303: -156.5 | E303: 408 | F303: 111 | G303: 63 | I303: 39554 | J303: =(1+(B303-Q303)/Q303)*100 -> 272.41611 | K303: =(C303+Y303)/R303*100 -> 156.67268 | L303: =(D303+Z303)/S303*100 -> 150.96497 | M303: =(1+(E303-T303)/T303)*100 -> 226.66667 | N303: =(1+(F303-U302)/U302)*100 -> 496.42218 | O303: =(1+(G303-V302)/V302)*100 -> 446.80851 | Q303: 1.49 | R303: 1815.8526 | S303: 2338.2847 | T303: 180 | U303: 22.36 | V303: 14.1 | X303: 39554 | Y303: 2935.9448 | Z303: 3686.4907
A304: 39561 | B304: 4.14 | C304: -103.5 | D304: -159.5 | E304: 421 | F304: 114 | G304: 65 | I304: 39561 | J304: =(1+(B304-Q304)/Q304)*100 -> 277.85235 | K304: =(C304+Y304)/R304*100 -> 155.98429 | L304: =(D304+Z304)/S304*100 -> 150.83667 | M304: =(1+(E304-T304)/T304)*100 -> 233.88889 | N304: =(1+(F304-U303)/U303)*100 -> 509.839 | O304: =(1+(G304-V303)/V303)*100 -> 460.99291 | Q304: 1.49 | R304: 1815.8526 | S304: 2338.2847 | T304: 180 | U304: 22.36 | V304: 14.1 | X304: 39561 | Y304: 2935.9448 | Z304: 3686.4907
... A310: 39603 | B310: 4.707 | C310: 79.5 | D310: -312.5 | E310: 431 | F310: 135 | G310: 78 | I310: 39603 | J310: =(1+(B310-Q310)/Q310)*100 -> 315.90604 | K310: =(C310+Y310)/R310*100 -> 182.37419 | L310: =(D310+Z310)/S310*100 -> 154.14771 | M310: =(1+(E310-T310)/T310)*100 -> 239.44444 | N310: =(1+(F310-U309)/U309)*100 -> 603.75671 | O310: =(1+(G310-V309)/V309)*100 -> 553.19149 | Q310: 1.49 | R310: 1815.8526 | S310: 2338.2847 | T310: 180 | U310: 22.36 | V310: 14.1 | X310: 39603 | Y310: 3232.1463 | Z310: 3916.9124
A311: 39610 | B311: 4.692 | C311: 83.5 | D311: -312.5 | E311: 527 | F311: 135 | G311: 80 | I311: 39610 | J311: =(1+(B311-Q311)/Q311)*100 -> 314.89933 | K311: =(C311+Y311)/R311*100 -> 182.59447 | L311: =(D311+Z311)/S311*100 -> 154.14771 | M311: =(1+(E311-T310)/T310)*100 -> 292.77778 | N311: =(1+(F311-U310)/U310)*100 -> 603.75671 | O311: =(1+(G311-V310)/V310)*100 -> 567.37589 | Q311: 1.49 | R311: 1815.8526 | S311: 2338.2847 | T311: 180 | U311: 22.36 | V311: 14.1 | X311: 39610 | Y311: 3232.1463 | Z311: 3916.9124
A312: 39617 | B312: 4.692 | C312: 50 | D312: -313 | E312: 644 | F312: 121 | G312: 78 | I312: 39617 | J312: =(1+(B312-Q312)/Q312)*100 -> 314.89933 | K312: =(C312+Y312)/R312*100 -> 180.7496 | L312: =(D312+Z312)/S312*100 -> 154.12633 | M312: =(1+(E312-T311)/T311)*100 -> 357.77778 | N312: =(1+(F312-U311)/U311)*100 -> 541.1449 | O312: =(1+(G312-V311)/V311)*100 -> 553.19149 | Q312: 1.49 | R312: 1815.8526 | S312: 2338.2847 | T312: 180 | U312: 22.36 | V312: 14.1 | X312: 39617 | Y312: 3232.1463 | Z312: 3916.9124
A313: 39624 | B313: 4.648 | C313: 86 | D313: -263 | E313: 558 | F313: 122 | G313: 81 | I313: 39624 | J313: =(1+(B313-Q313)/Q313)*100 -> 311.94631 | K313: =(C313+Y313)/R313*100 -> 182.73214 | L313: =(D313+Z313)/S313*100 -> 156.26465 | M313: =(1+(E313-T312)/T312)*100 -> 310 | N313: =(1+(F313-U312)/U312)*100 -> 545.61717 | O313: =(1+(G313-V312)/V312)*100 -> 574.46809 | Q313: 1.49 | R313: 1815.8526 | S313: 2338.2847 | T313: 180 | U313: 22.36 | V313: 14.1 | X313: 39624 | Y313: 3232.1463 | Z313: 3916.9124
A314: 39631 | B314: 4.645 | C314: 97 | D314: -162.5 | E314: 604 | F314: 131 | G314: 82 | I314: 39631 | J314: =(1+(B314-Q314)/Q314)*100 -> 311.74497 | K314: =(C314+Y314)/R314*100 -> 189.51171 | L314: =(D314+Z314)/S314*100 -> 160.47882 | M314: =(1+(E314-T313)/T313)*100 -> 335.55556 | N314: =(1+(F314-U313)/U313)*100 -> 585.86762 | O314: =(1+(G314-V313)/V313)*100 -> 581.56028 | Q314: 1.49 | R314: 1815.8526 | S314: 2338.2847 | T314: 180 | U314: 22.36 | V314: 14.1 | X314: 39631 | Y314: 3344.2532 | Z314: 3914.9518
A315: 39638 | B315: 4.727 | C315: 78 | D315: -63 | E315: 548 | F315: 126 | G315: 76 | I315: 39638 | J315: =(1+(B315-Q315)/Q315)*100 -> 317.24832 | K315: =(C315+Y315)/R315*100 -> 188.46537 | L315: =(D315+Z315)/S315*100 -> 164.73408 | M315: =(1+(E315-T314)/T314)*100 -> 304.44444 | N315: =(1+(F315-U314)/U314)*100 -> 563.50626 | O315: =(1+(G315-V314)/V314)*100 -> 539.00709 | Q315: 1.49 | R315: 1815.8526 | S315: 2338.2847 | T315: 180 | U315: 22.36 | V315: 14.1 | X315: 39638 | Y315: 3344.2532 | Z315: 3914.9518
A316: 39645 | B316: 4.764 | C316: -63 | D316: -94.5 | E316: 466 | F316: 132 | G316: 76 | I316: 39645 | J316: =(1+(B316-Q316)/Q316)*100 -> 319.73154 | K316: =(C316+Y316)/R316*100 -> 180.70042 | L316: =(D316+Z316)/S316*100 -> 163.38694 | M316: =(1+(E316-T315)/T315)*100 -> 258.88889 | N316: =(1+(F316-U315)/U315)*100 -> 590.33989 | O316: =(1+(G316-V315)/V315)*100 -> 539.00709 | Q316: 1.49 | R316: 1815.8526 | S316: 2338.2847 | T316: 180 | U316: 22.36 | V316: 14.1 | X316: 39645 | Y316: 3344.2532 | Z316: 3914.9518
A317: 39652 | B317: 4.718 | C317: 71 | D317: 106.5 | E317: 453 | F317: 129 | G317: 72 | I317: 39652 | J317: =(1+(B317-Q317)/Q317)*100 -> 316.6443 | K317: =(C317+Y317)/R317*100 -> 188.07987 | L317: =(D317+Z317)/S317*100 -> 171.98298 | M317: =(1+(E317-T316)/T316)*100 -> 251.66667 | N317: =(1+(F317-U316)/U316)*100 -> 576.92308 | O317: =(1+(G317-V316)/V316)*100 -> 510.6383 | Q317: 1.49 | R317: 1815.8526 | S317: 2338.2847 | T317: 180 | U317: 22.36 | V317: 14.1 | X317: 39652 | Y317: 3344.2532 | Z317: 3914.9518
A318: 39659 | B318: 4.603 | C318: 77 | D318: -50 | E318: 492 | F318: 123 | G318: 66 | I318: 39659 | J318: =(1+(B318-Q318)/Q318)*100 -> 308.92617 | K318: =(C318+Y318)/R318*100 -> 188.4103 | L318: =(D318+Z318)/S318*100 -> 165.29004 | M318: =(1+(E318-T317)/T317)*100 -> 273.33333 | N318: =(1+(F318-U317)/U317)*100 -> 550.08945 | O318: =(1+(G318-V317)/V317)*100 -> 468.08511 | Q318: 1.49 | R318: 1815.8526 | S318: 2338.2847 | T318: 180 | U318: 22.36 | V318: 14.1 | X318: 39659 | Y318: 3344.2532 | Z318: 3914.9518
A319: 39666 | B319: 4.502 | C319: 104 | D319: 12.5 | E319: 485 | F319: 119 | G319: 65 | I319: 39666 | J319: =(1+(B319-Q319)/Q319)*100 -> 302.14765 | K319: =(C319+Y319)/R319*100 -> 196.19788 | L319: =(D319+Z319)/S319*100 -> 170.26789 | M319: =(1+(E319-T318)/T318)*100 -> 269.44444 | N319: =(1+(F319-U318)/U318)*100 -> 532.20036 | O319: =(1+(G319-V318)/V318)*100 -> 460.99291 | Q319: 1.49 | R319: 1815.8526 | S319: 2338.2847 | T319: 180 | U319: 22.36 | V319: 14.1 | X319: 39666 | Y319: 3458.6642 | Z319: 3968.8481
...

Sheet New Table 1_Inde
B1: Table 1
B2: Grain Transport Cost Indicators1
C3: Truck | D3: Rail | F3: Barge | G3: Ocean
B4: Week ending | D4: Unit Train | E4: Shuttle | G4: Gulf | H4: Pacific
B5: =Data!A4 -> 41843 | C5: =Data!B4 -> 259.66443 | D5: =Data!C4 -> 282.81498 | E5: =Data!D4 -> 290.26329 | F5: =Data!E4 -> 303.88889 | G5: =Data!F4 -> 190.07156 | H5: =Data!G4 -> 166.66667
C6: =Data!B5 -> -0.0064201335 | D6: =Data!C5 -> -0.11764706 | F6: =Data!E5 -> 0.35061728 | G6: =Data!F5 -> -0.011627907 | H6: =Data!G5 -> -0.020833333
B7: =Data!A629 -> 41836 | C7: =Data!J629 -> 261.34228 | D7: =Data!K629 -> 288.32203 | E7: =Data!L629 -> 295.86569 | F7: =Data!M629 -> 225 | G7: =Data!N629 -> 192.30769 | H7: =Data!O629 -> 170.21277
B8: 1Indicator: Base year 2000 = 100; Weekly updates include truck = diesel ($/gallon); rail = near-month secondary rail market bid and monthly tariff rate with fuel
B9: surcharge ($/car); barge = Illinois River barge rate (index = percent of tariff rate); and ocean = routes to Japan ($/metric ton)
B11: Source: Transportation & Marketing Programs/AMS/USDA
