Workbook
Name FASEXPT: #REF!
Name FASEXPT2: #REF!

Sheet enter data
A1: FAS - Accumulated Grain Export Sales
A2: Metric Tons
A3: Crop Year-Wheat=6/01-5/31; Corn & Soybeans=9/01-8/31;
B4: HRW | D4: SRW | F4: HRS | H4: SWW | J4: DUR | L4: All | N4: Corn | P4: Soybean
B5: Outstd | C5: Accum | D5: Outstd | E5: Accum | F5: Outstd | G5: Accum | H5: Outstd | I5: Accum | J5: Outstd | K5: Accum | L5: Outstd | M5: Accum | N5: Outstd | O5: Accum | P5: Outstd | Q5: Accum
A7: 41032 | B7: 1074 | C7: 9067 | D7: 711 | E7: 3621 | F7: 874 | G7: 5874 | H7: 596 | I7: 5198 | J7: 44 | K7: 447 | L7: 3299 | M7: 24206 | N7: 9691 | O7: 27837 | P7: 5065 | Q7: 29419 | R7: =P7+N7+L7 -> 18055
A8: 41396 | B8: 1406 | C8: 8864 | D8: 701 | E8: 3631 | F8: 518 | G8: 5495 | H8: 245 | I8: 4361 | J8: 58 | K8: 489 | L8: 2928 | M8: 23840 | N8: 4152 | O8: 12714 | P8: 2111 | Q8: 34371 | R8: =P8+N8+L8 -> 9191
A11: enter the data on this sheet, then copy these two lines to the end to the copy data sheet

Sheet Tble 12
A1: Table 12
A2: U.S. Export Balances and Cumulative Exports (1,000 metric tons)
B3: Wheat | H3: Corn | I3: Soybeans | J3: Total
A4: Week ending | B4: HRW | C4: SRW | D4: HRS | E4: SWW | F4: DUR | G4: All wheat
A5: Export Balances1
A6: ='enter data'!A8 -> 41396 | B6: ='enter data'!B8 -> 1406 | C6: ='enter data'!D8 -> 701 | D6: ='enter data'!F8 -> 518 | E6: ='enter data'!H8 -> 245 | F6: ='enter data'!J8 -> 58 | G6: ='enter data'!L8 -> 2928 | H6: ='enter data'!N8 -> 4152 | I6: ='enter data'!P8 -> 2111 | J6: =SUM(G6:I6) -> 9191
A7: This week year ago | B7: ='enter data'!B7 -> 1074 | C7: ='enter data'!D7 -> 711 | D7: ='enter data'!F7 -> 874 | E7: ='enter data'!H7 -> 596 | F7: ='enter data'!J7 -> 44 | G7: ='enter data'!L7 -> 3299 | H7: ='enter data'!N7 -> 9691 | I7: ='enter data'!P7 -> 5065 | J7: =SUM(G7:I7) -> 18055
A8: Cumulative exports-marketing year 2
A9: 2012/13 YTD | B9: ='enter data'!C8 -> 8864 | C9: ='enter data'!E8 -> 3631 | D9: ='enter data'!G8 -> 5495 | E9: ='enter data'!I8 -> 4361 | F9: ='enter data'!K8 -> 489 | G9: ='enter data'!M8 -> 23840 | H9: ='enter data'!O8 -> 12714 | I9: ='enter data'!Q8 -> 34371 | J9: =SUM(G9:I9) -> 70925
A10: 2011/12 YTD | B10: ='enter data'!C7 -> 9067 | C10: ='enter data'!E7 -> 3621 | D10: ='enter data'!G7 -> 5874 | E10: ='enter data'!I7 -> 5198 | F10: ='enter data'!K7 -> 447 | G10: ='enter data'!M7 -> 24206 | H10: ='enter data'!O7 -> 27837 | I10: ='enter data'!Q7 -> 29419 | J10: =SUM(G10:I10) -> 81462
A11: YTD 2012/13 as % of 2011/12 | B11: =(B9/B10)*100 -> 97.761112 | C11: =(C9/C10)*100 -> 100.27617 | D11: =(D9/D10)*100 -> 93.547838 | E11: =(E9/E10)*100 -> 83.897653 | F11: =(F9/F10)*100 -> 109.39597 | G11: =(G9/G10)*100 -> 98.487978 | H11: =(H9/H10)*100 -> 45.673025 | I11: =(I9/I10)*100 -> 116.83266 | J11: =(J9/J10)*100 -> 87.065135
A12: Last 4 wks as % of same period 2011/12 | B12: ='copy data'!W650 -> 150 | C12: ='copy data'!Z650 -> 115.43601 | D12: ='copy data'!AC650 -> 81.721968 | E12: ='copy data'!AF650 -> 59.941275 | F12: ='copy data'!AI650 -> 217.04545 | G12: ='copy data'!AL650 -> 109.08609 | H12: ='copy data'!AO650 -> 43.837065 | I12: ='copy data'!AR650 -> 47.931885 | J12: ='copy data'!AU650 -> 56.908059
A13: 2011/12 Total | B13: 9904 | C13: 4319 | D13: 6312 | E13: 5601 | F13: 491 | G13: =SUM(B13:F13) -> 26627 | H13: 37900 | I13: 36727 | J13: =SUM(G13:I13) -> 101254
A14: 2010/11 Total | B14: 15837 | C14: 2828 | D14: 8623 | E14: 4717 | F14: 979 | G14: =SUM(B14:F14) -> 32984 | H14: 44569 | I14: 39753 | J14: =SUM(G14:I14) -> 117306
A15: 1 Current unshipped export sales to date
A16: 2 Shipped export sales to date; new marketing year begins for corn and soybeans
A17: Note: YTD = year-to-date. Marketing Year: wheat = 6/01-5/31, corn & soybeans = 9/01-8/31
A18: Source: Foreign Agricultural Service/USDA (www.fas.usda.gov)

Sheet copy data
A1: FAS - Accumulated Grain Export Sales
A2: Metric Tons | S2: EXTEND RANGE in L..N
A3: Crop Year-Wheat=6/01-5/31; Corn & Soybeans=9/01-8/31; | R3: 3 Crop | S3: each week FOR GRAPHIC | AJ3: All | AW3: All Wheat | AY3: Soybeans | BA3: Corn | BC3: All 3 Crops
B4: HRW | D4: SRW | F4: HRS | H4: SWW | J4: DUR | L4: All | N4: Corn | P4: Soybean | R4: Total | U4: HRW | V4: HRW | W4: 4-wk as % | X4: SRW | Z4: 4-wk as % | AA4: HRS | AC4: 4-wk as % | AD4: SWW | AF4: 4-wk as % | AG4: DUR | AI4: 4-wk as % | AJ4: Wheat | AL4: 4-wk as % | AM4: Corn | AO4: 4-wk as % | AP4: Soybeans | AR4: 4-wk as % | AS4: All 3 Crops | AU4: 4-wk as % | AW4: % Chng | AX4: % Chng | AY4: % Chng | AZ4: % Chng | BA4: % Chng | BB4: % Chng | BC4: % Chng | BD4: % Chng
B5: Outstd | C5: Accum | D5: Outstd | E5: Accum | F5: Outstd | G5: Accum | H5: Outstd | I5: Accum | J5: Outstd | K5: Accum | L5: Outstd | M5: Accum | N5: Outstd | O5: Accum | P5: Outstd | Q5: Accum | S5: Week | T5: Date | U5: Outstd | V5: 4-wk average | W5: of 2010/2011 | X5: Outstd | Y5: 4-wk average | Z5: of 2010/2011 | AA5: Outstd | AB5: 4-wk average | AC5: of 2010/2011 | AD5: Outstd | AE5: 4-wk average | AF5: of 2011/2012 | AG5: Outstd | AH5: 4-wk average | AI5: of 2011/2012 | AJ5: Outstd | AK5: 4-wk average | AL5: of 2011/2012 | AM5: Outstd | AN5: 4-wk average | AO5: of 2011/2012 | AP5: Outstd | AQ5: 4-wk average | AR5: of 2011/2012 | AS5: Outstd | AT5: 4-wk average | AU5: of 2011/2012 | AW5: from Prior Week | AX5: from Last Year | AY5: from Prior Week | AZ5: from Last Year | BA5: from Prior Week | BB5: from Last Year | BC5: from Prior Week | BD5: from Last Year
A6: 36523 | B6: 894 | C6: 7280 | D6: 642 | E6: 2514 | F6: 801 | G6: 3375 | H6: 721 | I6: 2326 | J6: 255 | K6: 563 | L6: 3312 | M6: 16058 | N6: 7894 | O6: 17010 | P6: 4521 | Q6: 11070 | R6: =P6+N6+L6 -> 15727 | AS6: 15727
A7: 36888 | B7: 998 | C7: 5836 | D7: 295 | E7: 2759 | F7: 923 | G7: 3301 | H7: 666 | I7: 3023 | J7: 170 | K7: 737 | L7: 3047 | M7: 15656 | N7: 6697 | O7: 15269 | P7: 6104 | Q7: 11059 | R7: =P7+N7+L7 -> 15848 | AS7: 15848
A8: 01/05/2000 | B8: 854 | C8: 7364 | D8: 523 | E8: 2644 | F8: 707 | G8: 3493 | H8: 638 | I8: 2455 | J8: 206 | K8: 619 | L8: 2928 | M8: 16575 | N8: 7360 | O8: 17826 | P8: 4436 | Q8: 11672 | R8: =P8+N8+L8 -> 14724 | T8: 36902 | AS8: 14724
A9: 01/04/2001 | B9: 906 | C9: 5946 | D9: 179 | E9: 2898 | F9: 920 | G9: 3379 | H9: 596 | I9: 3132 | J9: 173 | K9: 748 | L9: 2775 | M9: 16103 | N9: 6253 | O9: 15898 | P9: 5712 | Q9: 11894 | R9: =P9+N9+L9 -> 14740 | T9: =T8+7 -> 36909 | AS9: 14740 | AT9: =AVERAGE(AS6:AS9) -> 15259.75
A10: 36537 | B10: 780.4 | C10: 7583.5 | D10: 430.7 | E10: 2745 | F10: 687 | G10: 3564 | H10: 589 | I10: 2535 | J10: 224 | K10: 619 | L10: 2711 | M10: 17047 | N10: 7487 | O10: 18837 | P10: 4338 | Q10: 12360 | R10: =P10+N10+L10 -> 14536 | T10: =T9+7 -> 36916 | AS10: 14972 | AT10: =AVERAGE(AS7:AS10) -> 15071
A11: 36902 | B11: 998 | C11: 6063.2 | D11: 259 | E11: 2933 | F11: 894 | G11: 3499 | H11: 604 | I11: 3159 | J11: 141 | K11: 781 | L11: 2896 | M11: 16432.5 | N11: 5936 | O11: 16827 | P11: 6140 | Q11: 12416 | R11: =P11+N11+L11 -> 14972 | T11: =T10+7 -> 36923 | AS11: 13821 | AT11: =AVERAGE(AS8:AS11) -> 14564.25
A12: 36544 | B12: 808 | C12: 7709 | D12: 394 | E12: 2818 | F12: 704 | G12: 3617 | H12: 535 | I12: 2616 | J12: 175 | K12: 670 | L12: 2614 | M12: 17430 | N12: 7737 | O12: 19721 | P12: 3887 | Q12: 12978 | R12: =P12+N12+L12 -> 14238 | T12: =T11+7 -> 36930 | AS12: 17171 | AT12: =AVERAGE(AS9:AS12) -> 15176
A13: 36909 | B13: 1032 | C13: 6176 | D13: 424 | E13: 2983 | F13: 988 | G13: 3525 | H13: 1032 | I13: 3213 | J13: 138 | K13: 781 | L13: 3614 | M13: 16678 | N13: 6654 | O13: 17667 | P13: 3553 | Q13: 13114 | R13: =P13+N13+L13 -> 13821 | T13: =T12+7 -> 36937 | AS13: 18232 | AT13: =AVERAGE(AS10:AS13) -> 16049
A14: 36551 | B14: 870 | C14: 7882 | D14: 424 | E14: 2888 | F14: 786 | G14: 3697 | H14: 442 | I14: 2767 | J14: 237 | K14: 673 | L14: 2704 | M14: 17907 | N14: 7579 | O14: 20673 | P14: 3593 | Q14: 13664 | R14: =P14+N14+L14 -> 13876 | T14: =T13+7 -> 36944 | AS14: 17897.9 | AT14: =AVERAGE(AS11:AS14) -> 16780.475
A15: 36916 | B15: 1107 | C15: 6332 | D15: 454 | E15: 3030 | F15: 973 | G15: 3642 | H15: 981 | I15: 3324 | J15: 182 | K15: 807 | L15: 3654 | M15: 17133 | N15: 7071 | O15: 18382 | P15: 6446 | Q15: 13996 | R15: =P15+N15+L15 -> 17171 | T15: =T14+7 -> 36951 | AS15: 17513 | AT15: =AVERAGE(AS12:AS15) -> 17703.475
A16: 36558 | B16: 959 | C16: 8037 | D16: 482 | E16: 2949 | F16: 831 | G16: 3840 | H16: 440 | I16: 2882 | J16: 188 | K16: 692 | L16: 2898 | M16: 18398 | N16: 7771 | O16: 21491 | P16: 3920 | Q16: 14289 | R16: =P16+N16+L16 -> 14589 | T16: =T15+7 -> 36958 | AS16: 16616 | AT16: =AVERAGE(AS13:AS16) -> 17564.725
A17: 36923 | B17: 1363 | C17: 6428 | D17: 543 | E17: 3092 | F17: 966 | G17: 3771 | H17: 960 | I17: 3390 | J17: 128 | K17: 839 | L17: 3960 | M17: 17521 | N17: 7569 | O17: 18913 | P17: 6703 | Q17: 14541 | R17: =P17+N17+L17 -> 18232 | T17: =T16+7 -> 36965 | AS17: 16074 | AT17: =AVERAGE(AS14:AS17) -> 17025.225
A18: 36565 | B18: 1027 | C18: 8168 | D18: 466 | E18: 3094 | F18: 800 | G18: 3955 | H18: 487 | I18: 2899.7 | J18: 176 | K18: 691.5 | L18: 2938 | M18: 18808 | N18: 7408 | O18: 22378.8 | P18: 3681 | Q18: 15192.5 | R18: =P18+N18+L18 -> 14027 | T18: =T17+7 -> 36972 | AS18: 15586 | AT18: =AVERAGE(AS15:AS18) -> 16447.25
A19: 36930 | B19: 1291 | C19: 6664.7 | D19: 509 | E19: 3184 | F19: 933 | G19: 3936 | H19: 975 | I19: 3507 | J19: 124 | K19: 842.4 | L19: 3833 | M19: 18134 | N19: 7584.9 | O19: 20055 | P19: 6480 | Q19: 15501.8 | R19: =P19+N19+L19 -> 17897.9 | T19: =T18+7 -> 36979 | AS19: 15109 | AT19: =AVERAGE(AS16:AS19) -> 15846.25
A20: 36572 | B20: 984 | C20: 8405 | D20: 488 | E20: 3171 | F20: 921 | G20: 4057 | H20: 489 | I20: 2970 | J20: 166 | K20: 703 | L20: 3047 | M20: 19306 | N20: 7423 | O20: 23257.5 | P20: 4002 | Q20: 15857 | R20: =P20+N20+L20 -> 14472 | T20: =T19+7 -> 36986 | AS20: 13770 | AT20: =AVERAGE(AS17:AS20) -> 15134.75
A21: 36937 | B21: 1260 | C21: 6814.9 | D21: 482 | E21: 3279 | F21: 870 | G21: 4048 | H21: 902 | I21: 3595 | J21: 163 | K21: 842 | L21: 3677 | M21: 18580 | N21: 7576 | O21: 20800 | P21: 6260 | Q21: 16306 | R21: =P21+N21+L21 -> 17513 | T21: =T20+7 -> 36993 | AS21: 12883 | AT21: =AVERAGE(AS18:AS21) -> 14337
... A60: 36713 | B60: 1052 | C60: 896 | D60: 551 | E60: 547 | F60: 787 | G60: 573 | H60: 604 | I60: 387 | J60: 239 | K60: 28 | L60: 3233 | M60: 2431 | N60: 6820 | O60: 40757 | P60: 2197 | Q60: 24063 | R60: =P60+N60+L60 -> 12250 | T60: =T59+7 -> 37266 | AS60: 18002 | AT60: =AVERAGE(AS57:AS60) -> 19147.75
A61: 37077 | B61: 1011 | C61: 737 | D61: 634 | E61: 342 | F61: 854 | G61: 406 | H61: 481 | I61: 268 | J61: 219 | K61: 83 | L61: 3198 | M61: 1835 | N61: 7384 | O61: 37918 | P61: 2029 | Q61: 25429 | R61: =P61+N61+L61 -> 12611 | T61: =T60+7 -> 37273 | AS61: 18280 | AT61: =AVERAGE(AS58:AS61) -> 18812 | AU61: =(AT61/AS9)*100 -> 127.62551
A62: 36720 | B62: 964 | C62: 1193 | D62: 564 | E62: 686 | F62: 828 | G62: 656 | H62: 645 | I62: 413 | J62: 239 | K62: 58 | L62: 3239 | M62: 3005 | N62: 6716 | O62: 41668 | P62: 1993 | Q62: 24479 | R62: =P62+N62+L62 -> 11948 | T62: =T61+7 -> 37280 | AS62: 18509 | AT62: =AVERAGE(AS59:AS62) -> 18504.75 | AU62: =(AT62/AS10)*100 -> 123.59571
A63: 37084 | B63: 1072 | C63: 870 | D63: 697 | E63: 443 | F63: 844 | G63: 476 | H63: 534 | I63: 308 | J63: 240 | K63: 95 | L63: 3386 | M63: 2193 | N63: 7550 | O63: 39080 | P63: 2092 | Q63: 25633 | R63: =P63+N63+L63 -> 13028 | T63: =T62+7 -> 37287 | AS63: 18402 | AT63: =AVERAGE(AS60:AS63) -> 18298.25 | AU63: =(AT63/AS11)*100 -> 132.39454
A64: 36727 | B64: 1143 | C64: 1335 | D64: 512 | E64: 806 | F64: 839 | G64: 756 | H64: 789 | I64: 427 | J64: 354 | K64: 100 | L64: 3637 | M64: 3423 | N64: 6478 | O64: 42560 | P64: 1923 | Q64: 24800 | R64: =P64+N64+L64 -> 12038 | T64: =T63+7 -> 37294 | AS64: 18217 | AT64: =AVERAGE(AS61:AS64) -> 18352 | AU64: =(AT64/AS12)*100 -> 106.87788
A65: 37091 | B65: 1253 | C65: 1042 | D65: 797 | E65: 512 | F65: 820 | G65: 610 | H65: 528 | I65: 339 | J65: 288 | K65: 97 | L65: 3687 | M65: 2599 | N65: 7934 | O65: 39922 | P65: 1907 | Q65: 25829 | R65: =P65+N65+L65 -> 13528 | T65: =T64+7 -> 37301 | AS65: 18012 | AT65: =AVERAGE(AS62:AS65) -> 18285 | AU65: =(AT65/AS13)*100 -> 100.2907
A66: 36734 | B66: 1136 | C66: 1500 | D66: 543 | E66: 848 | F66: 804 | G66: 883 | H66: 761 | I66: 491 | J66: 318 | K66: 146 | L66: 3562 | M66: 3869 | N66: 6116 | O66: 43461 | P66: 1788 | Q66: 25175 | R66: =P66+N66+L66 -> 11466 | T66: =T65+7 -> 37308 | AS66: 17256 | AT66: =AVERAGE(AS63:AS66) -> 17971.75 | AU66: =(AT66/AS14)*100 -> 100.41262
A67: 37098 | B67: 1307 | C67: 1131 | D67: 818 | E67: 570 | F67: 908 | G67: 665 | H67: 586 | I67: 356 | J67: 256 | K67: 143 | L67: 3873 | M67: 2865 | N67: 7111 | O67: 41067 | P67: 1899 | Q67: 26067 | R67: =P67+N67+L67 -> 12883 | T67: =T66+7 -> 37315 | AS67: 16435 | AT67: =AVERAGE(AS64:AS67) -> 17480 | AU67: =(AT67/AS15)*100 -> 99.811569
A68: 36741 | B68: 1215 | C68: 1691 | D68: 651 | E68: 934 | F68: 901 | G68: 957 | H68: 1038 | I68: 637 | J68: 343 | K68: 163 | L68: 4148 | M68: 4382 | N68: 5766 | O68: 44317 | P68: 1635 | Q68: 25625 | R68: =P68+N68+L68 -> 11549 | T68: =T67+7 -> 37322 | AS68: 14784 | AT68: =AVERAGE(AS65:AS68) -> 16621.75 | AU68: =(AT68/AS16)*100 -> 100.03461
A69: 37105 | B69: 1247 | C69: 1319 | D69: 868 | E69: 730 | F69: 881 | G69: 811 | H69: 499 | I69: 449 | J69: 289 | K69: 186 | L69: 3784 | M69: 3495 | N69: 6466 | O69: 42327 | P69: 1790 | Q69: 26337 | R69: =P69+N69+L69 -> 12040 | T69: =T68+7 -> 37329 | AS69: 14179 | AT69: =AVERAGE(AS66:AS69) -> 15663.5 | AU69: =(AT69/AS17)*100 -> 97.446186
A70: 36748 | B70: 1273 | C70: 1915 | D70: 727 | E70: 1029.5 | F70: 978 | G70: 1029 | H70: 963 | I70: 778 | J70: 308 | K70: 201 | L70: 4248 | M70: 4952 | N70: 5388 | O70: 44949 | P70: 1360 | Q70: 25991 | R70: =P70+N70+L70 -> 10996 | T70: =T69+7 -> 37336 | AS70: 13621 | AT70: =AVERAGE(AS67:AS70) -> 14754.75 | AU70: =(AT70/AS18)*100 -> 94.666688
A71: 37112 | B71: 1398 | C71: 1375 | D71: 1047 | E71: 834 | F71: 974 | G71: 866 | H71: 474 | I71: 531 | J71: 343 | K71: 204 | L71: 4235 | M71: 3809 | N71: 5807 | O71: 43648 | P71: 1521 | Q71: 26586 | R71: =P71+N71+L71 -> 11563 | T71: =T70+7 -> 37343 | AS71: 13276 | AT71: =AVERAGE(AS68:AS71) -> 13965 | AU71: =(AT71/AS19)*100 -> 92.428354
A72: 36755 | B72: 1440 | C72: 2120 | D72: 694 | E72: 1099 | F72: 992 | G72: 1096 | H72: 949 | I72: 882 | J72: 299 | K72: 273 | L72: 4375 | M72: 5469 | N72: 4296 | O72: 46181 | P72: 1050 | Q72: 26331 | R72: =P72+N72+L72 -> 9721 | T72: =T71+7 -> 37350 | AS72: 12522 | AT72: =AVERAGE(AS69:AS72) -> 13399.5 | AU72: =(AT72/AS20)*100 -> 97.309368
... A215: 37616 | B215: 1083 | C215: 4581 | D215: 730 | E215: 1546 | F215: 1230 | G215: 4104 | H215: 618 | I215: 2068 | J215: 123 | K215: 518 | L215: 3783 | M215: 12818 | N215: 6561 | O215: 13037 | P215: 8262 | Q215: 11347 | R215: =P215+N215+L215 -> 18606 | T215: =T214+7 -> 38351 | AS215: 16240 | AT215: =AVERAGE(AS212:AS215) -> 17342.5 | AU215: =(AT215/AS163)*100 -> 73.9237
A216: 37259 | B216: 1124 | C216: 5046 | D216: 633 | E216: 3534 | F216: 936 | G216: 3316 | H216: 617 | I216: 1934 | J216: 124 | K216: 800 | L216: 3433 | M216: 14629 | N216: 6830 | O216: 14456 | P216: 7739 | Q216: 12986 | R216: =P216+N216+L216 -> 18002 | T216: =T215+7 -> 38358 | U216: ='copy data3'!B270 -> 1479 | V216: =AVERAGE(U213:U216) -> 1479 | W216: =(V216/U164)*100 -> #DIV/0! | X216: ='copy data3'!D270 -> 367 | Y216: =AVERAGE(X213:X216) -> 367 | Z216: =(Y216/X164)*100 -> #DIV/0! | AA216: ='copy data3'!F270 -> 1096 | AB216: =AVERAGE(AA213:AA216) -> 1096 | AC216: =(AB216/AA164)*100 -> #DIV/0! | AD216: ='copy data3'!H270 -> 735 | AE216: =AVERAGE(AD213:AD216) -> 735 | AF216: =(AE216/AD164)*100 -> #DIV/0! | AG216: ='copy data3'!J270 -> 115 | AH216: =AVERAGE(AG213:AG216) -> 115 | AI216: =(AH216/AG164)*100 -> #DIV/0! | AJ216: ='copy data3'!L270 -> 3792 | AK216: =AVERAGE(AJ213:AJ216) -> 3792 | AL216: =(AK216/AJ164)*100 -> #DIV/0! | AM216: ='copy data3'!N270 -> 6999 | AN216: =AVERAGE(AM213:AM216) -> 6999 | AO216: =(AN216/AM164)*100 -> #DIV/0! | AP216: ='copy data3'!P270 -> 5692 | AQ216: =AVERAGE(AP213:AP216) -> 5692 | AR216: =(AQ216/AP164)*100 -> #DIV/0! | AS216: ='copy data3'!R270 -> 16483 | AT216: =AVERAGE(AS213:AS216) -> 16968 | AU216: =(AT216/AS164)*100 -> 74.33954
A217: 37623 | B217: 1017 | C217: 4682 | D217: 580 | E217: 1707 | F217: 1161 | G217: 4244 | H217: 535 | I217: 2181 | J217: 123 | K217: 518 | L217: 3415 | M217: 13332 | N217: 5860 | O217: 13997 | P217: 7980 | Q217: 12015 | R217: =P217+N217+L217 -> 17255 | T217: =T216+7 -> 38365 | U217: ='copy data3'!B271 -> 1448 | V217: =AVERAGE(U214:U217) -> 1463.5 | W217: =(V217/U165)*100 -> #DIV/0! | X217: ='copy data3'!D271 -> 383 | Y217: =AVERAGE(X214:X217) -> 375 | Z217: =(Y217/X165)*100 -> #DIV/0! | AA217: ='copy data3'!F271 -> 1230 | AB217: =AVERAGE(AA214:AA217) -> 1163 | AC217: =(AB217/AA165)*100 -> #DIV/0! | AD217: ='copy data3'!H271 -> 686 | AE217: =AVERAGE(AD214:AD217) -> 710.5 | AF217: =(AE217/AD165)*100 -> #DIV/0! | AG217: ='copy data3'!J271 -> 129 | AH217: =AVERAGE(AG214:AG217) -> 122 | AI217: =(AH217/AG165)*100 -> #DIV/0! | AJ217: ='copy data3'!L271 -> 3874 | AK217: =AVERAGE(AJ214:AJ217) -> 3833 | AL217: =(AK217/AJ165)*100 -> #DIV/0! | AM217: ='copy data3'!N271 -> 7157 | AN217: =AVERAGE(AM214:AM217) -> 7078 | AO217: =(AN217/AM165)*100 -> #DIV/0! | AP217: ='copy data3'!P271 -> 5732 | AQ217: =AVERAGE(AP214:AP217) -> 5712 | AR217: =(AQ217/AP165)*100 -> #DIV/0! | AS217: ='copy data3'!R271 -> 16763 | AT217: =AVERAGE(AS214:AS217) -> 16718.5 | AU217: =(AT217/AS165)*100 -> 85.881235
A218: 37266 | B218: 1003 | C218: 5279 | D218: 693 | E218: 3568 | F218: 943 | G218: 3404 | H218: 592 | I218: 1996 | J218: 124 | K218: 800 | L218: 3354 | M218: 15046 | N218: 7110 | O218: 15092 | P218: 7816 | Q218: 14039 | R218: =P218+N218+L218 -> 18280 | T218: =T217+7 -> 38372 | U218: ='copy data3'!B272 -> 1386 | V218: =AVERAGE(U215:U218) -> 1437.6667 | W218: =(V218/U166)*100 -> #DIV/0! | X218: ='copy data3'!D272 -> 392 | Y218: =AVERAGE(X215:X218) -> 380.66667 | Z218: =(Y218/X166)*100 -> #DIV/0! | AA218: ='copy data3'!F272 -> 1192 | AB218: =AVERAGE(AA215:AA218) -> 1172.6667 | AC218: =(AB218/AA166)*100 -> #DIV/0! | AD218: ='copy data3'!H272 -> 590 | AE218: =AVERAGE(AD215:AD218) -> 670.33333 | AF218: =(AE218/AD166)*100 -> #DIV/0! | AG218: ='copy data3'!J272 -> 105 | AH218: =AVERAGE(AG215:AG218) -> 116.33333 | AI218: =(AH218/AG166)*100 -> #DIV/0! | AJ218: ='copy data3'!L272 -> 3664 | AK218: =AVERAGE(AJ215:AJ218) -> 3776.6667 | AL218: =(AK218/AJ166)*100 -> #DIV/0! | AM218: ='copy data3'!N272 -> 6840 | AN218: =AVERAGE(AM215:AM218) -> 6998.6667 | AO218: =(AN218/AM166)*100 -> #DIV/0! | AP218: ='copy data3'!P272 -> 5116 | AQ218: =AVERAGE(AP215:AP218) -> 5513.3333 | AR218: =(AQ218/AP166)*100 -> #DIV/0! | AS218: ='copy data3'!R272 -> 15620 | AT218: =AVERAGE(AS215:AS218) -> 16276.5 | AU218: =(AT218/AS166)*100 -> 77.264312
A219: 37630 | B219: 951 | C219: 4785 | D219: 527 | E219: 1893 | F219: 1103 | G219: 4400 | H219: 526 | I219: 2309 | J219: 113 | K219: 525 | L219: 3220 | M219: 13911 | N219: 5635 | O219: 14848 | P219: 8278 | Q219: 13082 | R219: =P219+N219+L219 -> 17133 | T219: =T218+7 -> 38379 | U219: ='copy data3'!B273 -> 1562 | V219: =AVERAGE(U216:U219) -> 1468.75 | W219: =(V219/U167)*100 -> #DIV/0! | X219: ='copy data3'!D273 -> 389 | Y219: =AVERAGE(X216:X219) -> 382.75 | Z219: =(Y219/X167)*100 -> #DIV/0! | AA219: ='copy data3'!F273 -> 1220 | AB219: =AVERAGE(AA216:AA219) -> 1184.5 | AC219: =(AB219/AA167)*100 -> #DIV/0! | AD219: ='copy data3'!H273 -> 604 | AE219: =AVERAGE(AD216:AD219) -> 653.75 | AF219: =(AE219/AD167)*100 -> #DIV/0! | AG219: ='copy data3'!J273 -> 111 | AH219: =AVERAGE(AG216:AG219) -> 115 | AI219: =(AH219/AG167)*100 -> #DIV/0! | AJ219: ='copy data3'!L273 -> 3886 | AK219: =AVERAGE(AJ216:AJ219) -> 3804 | AL219: =(AK219/AJ167)*100 -> #DIV/0! | AM219: ='copy data3'!N273 -> 6257 | AN219: =AVERAGE(AM216:AM219) -> 6813.25 | AO219: =(AN219/AM167)*100 -> #DIV/0! | AP219: ='copy data3'!P273 -> 4951 | AQ219: =AVERAGE(AP216:AP219) -> 5372.75 | AR219: =(AQ219/AP167)*100 -> #DIV/0! | AS219: ='copy data3'!R273 -> 15094 | AT219: =AVERAGE(AS216:AS219) -> 15990 | AU219: =(AT219/AS167)*100 -> 77.216535
A220: 37273 | B220: 1192 | C220: 5454 | D220: 702 | E220: 3639 | F220: 934 | G220: 3554 | H220: 595 | I220: 2057 | J220: 132 | K220: 810 | L220: 3555 | M220: 15514 | N220: 7432 | O220: 16017 | P220: 7522 | Q220: 15087 | R220: =P220+N220+L220 -> 18509 | T220: =T219+7 -> 38386 | U220: ='copy data3'!B274 -> 1640 | V220: =AVERAGE(U217:U220) -> 1509 | W220: =(V220/U168)*100 -> #DIV/0! | X220: ='copy data3'!D274 -> 389 | Y220: =AVERAGE(X217:X220) -> 388.25 | Z220: =(Y220/X168)*100 -> #DIV/0! | AA220: ='copy data3'!F274 -> 1249 | AB220: =AVERAGE(AA217:AA220) -> 1222.75 | AC220: =(AB220/AA168)*100 -> #DIV/0! | AD220: ='copy data3'!H274 -> 616 | AE220: =AVERAGE(AD217:AD220) -> 624 | AF220: =(AE220/AD168)*100 -> #DIV/0! | AG220: ='copy data3'!J274 -> 114 | AH220: =AVERAGE(AG217:AG220) -> 114.75 | AI220: =(AH220/AG168)*100 -> #DIV/0! | AJ220: ='copy data3'!L274 -> 4007 | AK220: =AVERAGE(AJ217:AJ220) -> 3857.75 | AL220: =(AK220/AJ168)*100 -> #DIV/0! | AM220: ='copy data3'!N274 -> 6744 | AN220: =AVERAGE(AM217:AM220) -> 6749.5 | AO220: =(AN220/AM168)*100 -> #DIV/0! | AP220: ='copy data3'!P274 -> 4807 | AQ220: =AVERAGE(AP217:AP220) -> 5151.5 | AR220: =(AQ220/AP168)*100 -> #DIV/0! | AS220: ='copy data3'!R274 -> 15558 | AT220: =AVERAGE(AS217:AS220) -> 15758.75 | AU220: =(AT220/AS168)*100 -> 77.732699
A221: 37637 | B221: 1014 | C221: 4887 | D221: 497 | E221: 2004 | F221: 1147 | G221: 4478 | H221: 533 | I221: 2341 | J221: 116 | K221: 533 | L221: 3307 | M221: 14242 | N221: 5596 | O221: 15559 | P221: 7921 | Q221: 14011 | R221: =P221+N221+L221 -> 16824 | T221: =T220+7 -> 38393 | U221: ='copy data3'!B275 -> 1763 | V221: =AVERAGE(U218:U221) -> 1587.75 | W221: =(V221/U169)*100 -> #DIV/0! | X221: ='copy data3'!D275 -> 379 | Y221: =AVERAGE(X218:X221) -> 387.25 | Z221: =(Y221/X169)*100 -> #DIV/0! | AA221: ='copy data3'!F275 -> 1297 | AB221: =AVERAGE(AA218:AA221) -> 1239.5 | AC221: =(AB221/AA169)*100 -> #DIV/0! | AD221: ='copy data3'!H275 -> 597 | AE221: =AVERAGE(AD218:AD221) -> 601.75 | AF221: =(AE221/AD169)*100 -> #DIV/0! | AG221: ='copy data3'!J275 -> 102 | AH221: =AVERAGE(AG218:AG221) -> 108 | AI221: =(AH221/AG169)*100 -> #DIV/0! | AJ221: ='copy data3'!L275 -> 4138 | AK221: =AVERAGE(AJ218:AJ221) -> 3923.75 | AL221: =(AK221/AJ169)*100 -> #DIV/0! | AM221: ='copy data3'!N275 -> 6769 | AN221: =AVERAGE(AM218:AM221) -> 6652.5 | AO221: =(AN221/AM169)*100 -> #DIV/0! | AP221: ='copy data3'!P275 -> 4387 | AQ221: =AVERAGE(AP218:AP221) -> 4815.25 | AR221: =(AQ221/AP169)*100 -> #DIV/0! | AS221: ='copy data3'!R275 -> 15294 | AT221: =AVERAGE(AS218:AS221) -> 15391.5 | AU221: =(AT221/AS169)*100 -> 78.528061
A222: 37280 | B222: 1357 | C222: 5543 | D222: 675 | E222: 3731 | F222: 963 | G222: 3635 | H222: 505 | I222: 2211 | J222: 181 | K222: 812 | L222: 3681 | M222: 15931 | N222: 7414 | O222: 16777 | P222: 7306 | Q222: 16026 | R222: =P222+N222+L222 -> 18401 | T222: =T221+7 -> 38400 | U222: ='copy data3'!B276 -> 1679 | V222: =AVERAGE(U219:U222) -> 1661 | W222: =(V222/U170)*100 -> #DIV/0! | X222: ='copy data3'!D276 -> 389 | Y222: =AVERAGE(X219:X222) -> 386.5 | Z222: =(Y222/X170)*100 -> #DIV/0! | AA222: ='copy data3'!F276 -> 1322 | AB222: =AVERAGE(AA219:AA222) -> 1272 | AC222: =(AB222/AA170)*100 -> #DIV/0! | AD222: ='copy data3'!H276 -> 629 | AE222: =AVERAGE(AD219:AD222) -> 611.5 | AF222: =(AE222/AD170)*100 -> #DIV/0! | AG222: ='copy data3'!J276 -> 112 | AH222: =AVERAGE(AG219:AG222) -> 109.75 | AI222: =(AH222/AG170)*100 -> #DIV/0! | AJ222: ='copy data3'!L276 -> 4132 | AK222: =AVERAGE(AJ219:AJ222) -> 4040.75 | AL222: =(AK222/AJ170)*100 -> #DIV/0! | AM222: ='copy data3'!N276 -> 6996 | AN222: =AVERAGE(AM219:AM222) -> 6691.5 | AO222: =(AN222/AM170)*100 -> #DIV/0! | AP222: ='copy data3'!P276 -> 3824 | AQ222: =AVERAGE(AP219:AP222) -> 4492.25 | AR222: =(AQ222/AP170)*100 -> #DIV/0! | AS222: ='copy data3'!R276 -> 14952 | AT222: =AVERAGE(AS219:AS222) -> 15224.5 | AU222: =(AT222/AS170)*100 -> 79.910246
A223: 37644 | B223: 1066 | C223: 4937 | D223: 502 | E223: 2031 | F223: 1234 | G223: 4503 | H223: 587 | I223: 2346 | J223: 107 | K223: 555 | L223: 3496 | M223: 14370 | N223: 5219 | O223: 16266 | P223: 7524 | Q223: 15097 | R223: =P223+N223+L223 -> 16239 | T223: =T222+7 -> 38407 | U223: ='copy data3'!B277 -> 1637 | V223: =AVERAGE(U220:U223) -> 1679.75 | W223: =(V223/U171)*100 -> #DIV/0! | X223: ='copy data3'!D277 -> 328 | Y223: =AVERAGE(X220:X223) -> 371.25 | Z223: =(Y223/X171)*100 -> #DIV/0! | AA223: ='copy data3'!F277 -> 1373 | AB223: =AVERAGE(AA220:AA223) -> 1310.25 | AC223: =(AB223/AA171)*100 -> #DIV/0! | AD223: ='copy data3'!H277 -> 485 | AE223: =AVERAGE(AD220:AD223) -> 581.75 | AF223: =(AE223/AD171)*100 -> #DIV/0! | AG223: ='copy data3'!J277 -> 112 | AH223: =AVERAGE(AG220:AG223) -> 110 | AI223: =(AH223/AG171)*100 -> #DIV/0! | AJ223: ='copy data3'!L277 -> 3935 | AK223: =AVERAGE(AJ220:AJ223) -> 4053 | AL223: =(AK223/AJ171)*100 -> #DIV/0! | AM223: ='copy data3'!N277 -> 6950 | AN223: =AVERAGE(AM220:AM223) -> 6864.75 | AO223: =(AN223/AM171)*100 -> #DIV/0! | AP223: ='copy data3'!P277 -> 3691 | AQ223: =AVERAGE(AP220:AP223) -> 4177.25 | AR223: =(AQ223/AP171)*100 -> #DIV/0! | AS223: ='copy data3'!R277 -> 14576 | AT223: =AVERAGE(AS220:AS223) -> 15095 | AU223: =(AT223/AS171)*100 -> 80.122081
A224: 37287 | B224: 1324 | C224: 5762 | D224: 826 | E224: 3794 | F224: 878 | G224: 3815 | H224: 525 | I224: 2223 | J224: 206 | K224: 812 | L224: 3759 | M224: 16405 | N224: 7944 | O224: 17637 | P224: 6514 | Q224: 17122 | R224: =P224+N224+L224 -> 18217 | T224: =T223+7 -> 38414 | U224: ='copy data3'!B278 -> 1556 | V224: =AVERAGE(U221:U224) -> 1658.75 | W224: =(V224/U172)*100 -> #DIV/0! | X224: ='copy data3'!D278 -> 271 | Y224: =AVERAGE(X221:X224) -> 341.75 | Z224: =(Y224/X172)*100 -> #DIV/0! | AA224: ='copy data3'!F278 -> 1400 | AB224: =AVERAGE(AA221:AA224) -> 1348 | AC224: =(AB224/AA172)*100 -> #DIV/0! | AD224: ='copy data3'!H278 -> 517 | AE224: =AVERAGE(AD221:AD224) -> 557 | AF224: =(AE224/AD172)*100 -> #DIV/0! | AG224: ='copy data3'!J278 -> 107 | AH224: =AVERAGE(AG221:AG224) -> 108.25 | AI224: =(AH224/AG172)*100 -> #DIV/0! | AJ224: ='copy data3'!L278 -> 3851 | AK224: =AVERAGE(AJ221:AJ224) -> 4014 | AL224: =(AK224/AJ172)*100 -> #DIV/0! | AM224: ='copy data3'!N278 -> 6746 | AN224: =AVERAGE(AM221:AM224) -> 6865.25 | AO224: =(AN224/AM172)*100 -> #DIV/0! | AP224: ='copy data3'!P278 -> 3662 | AQ224: =AVERAGE(AP221:AP224) -> 3891 | AR224: =(AQ224/AP172)*100 -> #DIV/0! | AS224: ='copy data3'!R278 -> 14259 | AT224: =AVERAGE(AS221:AS224) -> 14770.25 | AU224: =(AT224/AS172)*100 -> 87.579306
A225: 37651 | B225: 1133 | C225: 4998 | D225: 425 | E225: 2137 | F225: 1226 | G225: 4603 | H225: 636 | I225: 2378 | J225: 111 | K225: 555 | L225: 3530 | M225: 14670 | N225: 5267 | O225: 16938 | P225: 6568 | Q225: 16602 | R225: =P225+N225+L225 -> 15365 | T225: =T224+7 -> 38421 | U225: ='copy data3'!B279 -> 1572 | V225: =AVERAGE(U222:U225) -> 1611 | W225: =(V225/U173)*100 -> #DIV/0! | X225: ='copy data3'!D279 -> 268 | Y225: =AVERAGE(X222:X225) -> 314 | Z225: =(Y225/X173)*100 -> #DIV/0! | AA225: ='copy data3'!F279 -> 1536 | AB225: =AVERAGE(AA222:AA225) -> 1407.75 | AC225: =(AB225/AA173)*100 -> #DIV/0! | AD225: ='copy data3'!H279 -> 612 | AE225: =AVERAGE(AD222:AD225) -> 560.75 | AF225: =(AE225/AD173)*100 -> #DIV/0! | AG225: ='copy data3'!J279 -> 79 | AH225: =AVERAGE(AG222:AG225) -> 102.5 | AI225: =(AH225/AG173)*100 -> #DIV/0! | AJ225: ='copy data3'!L279 -> 4068 | AK225: =AVERAGE(AJ222:AJ225) -> 3996.5 | AL225: =(AK225/AJ173)*100 -> #DIV/0! | AM225: ='copy data3'!N279 -> 7002 | AN225: =AVERAGE(AM222:AM225) -> 6923.5 | AO225: =(AN225/AM173)*100 -> #DIV/0! | AP225: ='copy data3'!P279 -> 3241 | AQ225: =AVERAGE(AP222:AP225) -> 3604.5 | AR225: =(AQ225/AP173)*100 -> #DIV/0! | AS225: ='copy data3'!R279 -> 14311 | AT225: =AVERAGE(AS222:AS225) -> 14524.5 | AU225: =(AT225/AS173)*100 -> 87.181873
A226: 37294 | B226: 1284 | C226: 5904 | D226: 794 | E226: 3900 | F226: 917 | G226: 3905 | H226: 583 | I226: 2290 | J226: 186 | K226: 838 | L226: 3764 | M226: 16838 | N226: 8339 | O226: 18297 | P226: 5909 | Q226: 17845 | R226: =P226+N226+L226 -> 18012 | T226: =T225+7 -> 38428 | U226: ='copy data3'!B280 -> 1576 | V226: =AVERAGE(U223:U226) -> 1585.25 | W226: =(V226/U174)*100 -> #DIV/0! | X226: ='copy data3'!D280 -> 241 | Y226: =AVERAGE(X223:X226) -> 277 | Z226: =(Y226/X174)*100 -> #DIV/0! | AA226: ='copy data3'!F280 -> 1343 | AB226: =AVERAGE(AA223:AA226) -> 1413 | AC226: =(AB226/AA174)*100 -> #DIV/0! | AD226: ='copy data3'!H280 -> 499 | AE226: =AVERAGE(AD223:AD226) -> 528.25 | AF226: =(AE226/AD174)*100 -> #DIV/0! | AG226: ='copy data3'!J280 -> 110 | AH226: =AVERAGE(AG223:AG226) -> 102 | AI226: =(AH226/AG174)*100 -> #DIV/0! | AJ226: ='copy data3'!L280 -> 3769 | AK226: =AVERAGE(AJ223:AJ226) -> 3905.75 | AL226: =(AK226/AJ174)*100 -> #DIV/0! | AM226: ='copy data3'!N280 -> 7291 | AN226: =AVERAGE(AM223:AM226) -> 6997.25 | AO226: =(AN226/AM174)*100 -> #DIV/0! | AP226: ='copy data3'!P280 -> 3046 | AQ226: =AVERAGE(AP223:AP226) -> 3410 | AR226: =(AQ226/AP174)*100 -> #DIV/0! | AS226: ='copy data3'!R280 -> 14106 | AT226: =AVERAGE(AS223:AS226) -> 14313 | AU226: =(AT226/AS174)*100 -> 85.814497
A227: 37658 | B227: 1131 | C227: 5177 | D227: 493 | E227: 2150 | F227: 1123 | G227: 4742 | H227: 597 | I227: 2491 | J227: 96 | K227: 557 | L227: 3438 | M227: 15116 | N227: 5029 | O227: 17851 | P227: 6166 | Q227: 17518 | R227: =P227+N227+L227 -> 14633 | T227: =T226+7 -> 38435 | U227: ='copy data3'!B281 -> 1463 | V227: =AVERAGE(U224:U227) -> 1541.75 | W227: =(V227/U175)*100 -> #DIV/0! | X227: ='copy data3'!D281 -> 226 | Y227: =AVERAGE(X224:X227) -> 251.5 | Z227: =(Y227/X175)*100 -> #DIV/0! | AA227: ='copy data3'!F281 -> 1298 | AB227: =AVERAGE(AA224:AA227) -> 1394.25 | AC227: =(AB227/AA175)*100 -> #DIV/0! | AD227: ='copy data3'!H281 -> 553 | AE227: =AVERAGE(AD224:AD227) -> 545.25 | AF227: =(AE227/AD175)*100 -> #DIV/0! | AG227: ='copy data3'!J281 -> 98 | AH227: =AVERAGE(AG224:AG227) -> 98.5 | AI227: =(AH227/AG175)*100 -> #DIV/0! | AJ227: ='copy data3'!L281 -> 3611 | AK227: =AVERAGE(AJ224:AJ227) -> 3824.75 | AL227: =(AK227/AJ175)*100 -> #DIV/0! | AM227: ='copy data3'!N281 -> 7636 | AN227: =AVERAGE(AM224:AM227) -> 7168.75 | AO227: =(AN227/AM175)*100 -> #DIV/0! | AP227: ='copy data3'!P281 -> 2790 | AQ227: =AVERAGE(AP224:AP227) -> 3184.75 | AR227: =(AQ227/AP175)*100 -> #DIV/0! | AS227: ='copy data3'!R281 -> 14037 | AT227: =AVERAGE(AS224:AS227) -> 14178.25 | AU227: =(AT227/AS175)*100 -> 91.172593
... A234: 37322 | B234: 1266 | C234: 6538 | D234: 710 | E234: 4285 | F234: 744 | G234: 4280 | H234: 382 | I234: 2569 | J234: 129 | K234: 994 | L234: 3231 | M234: 18666 | N234: 7338 | O234: 22704 | P234: 3610 | Q234: 21245 | R234: =P234+N234+L234 -> 14179 | T234: =T233+7 -> 38484 | U234: ='copy data3'!B288 -> 788 | V234: =AVERAGE(U231:U234) -> 1059.25 | W234: =(V234/U182)*100 -> #DIV/0! | X234: ='copy data3'!D288 -> 121 | Y234: =AVERAGE(X231:X234) -> 137.75 | Z234: =(Y234/X182)*100 -> #DIV/0! | AA234: ='copy data3'!F288 -> 823 | AB234: =AVERAGE(AA231:AA234) -> 1115 | AC234: =(AB234/AA182)*100 -> #DIV/0! | AD234: ='copy data3'!H288 -> 352 | AE234: =AVERAGE(AD231:AD234) -> 466 | AF234: =(AE234/AD182)*100 -> #DIV/0! | AG234: ='copy data3'!J288 -> 104 | AH234: =AVERAGE(AG231:AG234) -> 120.75 | AI234: =(AH234/AG182)*100 -> #DIV/0! | AJ234: ='copy data3'!L288 -> 2188 | AK234: =AVERAGE(AJ231:AJ234) -> 2898.75 | AL234: =(AK234/AJ182)*100 -> #DIV/0! | AM234: ='copy data3'!N288 -> 7136 | AN234: =AVERAGE(AM231:AM234) -> 6921.25 | AO234: =(AN234/AM182)*100 -> #DIV/0! | AP234: ='copy data3'!P288 -> 1714 | AQ234: =AVERAGE(AP231:AP234) -> 1771.75 | AR234: =(AQ234/AP182)*100 -> #DIV/0! | AS234: ='copy data3'!R288 -> 11038 | AT234: =AVERAGE(AS231:AS234) -> 11591.75 | AU234: =(AT234/AS182)*100 -> 84.828028
A235: 03/06/2003 | B235: 964 | C235: 5597 | D235: 371 | E235: 2315 | F235: 1115 | G235: 5084 | H235: 553 | I235: 2756 | J235: 144 | K235: 567 | L235: 3146 | M235: 16319 | N235: 5631 | O235: 20444 | P235: 3590 | Q235: 21694 | R235: =P235+N235+L235 -> 12367 | T235: =T234+7 -> 38491 | U235: ='copy data3'!B289 -> 698 | V235: =AVERAGE(U232:U235) -> 913.25 | W235: =(V235/U183)*100 -> #DIV/0! | X235: ='copy data3'!D289 -> 99 | Y235: =AVERAGE(X232:X235) -> 119.5 | Z235: =(Y235/X183)*100 -> #DIV/0! | AA235: ='copy data3'!F289 -> 703 | AB235: =AVERAGE(AA232:AA235) -> 957.5 | AC235: =(AB235/AA183)*100 -> #DIV/0! | AD235: ='copy data3'!H289 -> 261 | AE235: =AVERAGE(AD232:AD235) -> 404.75 | AF235: =(AE235/AD183)*100 -> #DIV/0! | AG235: ='copy data3'!J289 -> 104 | AH235: =AVERAGE(AG232:AG235) -> 113 | AI235: =(AH235/AG183)*100 -> #DIV/0! | AJ235: ='copy data3'!L289 -> 1865 | AK235: =AVERAGE(AJ232:AJ235) -> 2508.25 | AL235: =(AK235/AJ183)*100 -> #DIV/0! | AM235: ='copy data3'!N289 -> 6734 | AN235: =AVERAGE(AM232:AM235) -> 6883.5 | AO235: =(AN235/AM183)*100 -> #DIV/0! | AP235: ='copy data3'!P289 -> 1652 | AQ235: =AVERAGE(AP232:AP235) -> 1696.5 | AR235: =(AQ235/AP183)*100 -> #DIV/0! | AS235: ='copy data3'!R289 -> 10251 | AT235: =AVERAGE(AS232:AS235) -> 11088.25 | AU235: =(AT235/AS183)*100 -> 85.091321
A236: 37329 | B236: 1388 | C236: 6718 | D236: 648 | E236: 4398 | F236: 807 | G236: 4368 | H236: 412 | I236: 2605 | J236: 129 | K236: 1001 | L236: 3383 | M236: 19090 | N236: 7283 | O236: 23849 | P236: 2955 | Q236: 22119 | R236: =P236+N236+L236 -> 13621 | T236: =T235+7 -> 38498 | U236: ='copy data3'!B290 -> 491 | V236: =AVERAGE(U233:U236) -> 757.25 | W236: =(V236/U184)*100 -> #DIV/0! | X236: ='copy data3'!D290 -> 94 | Y236: =AVERAGE(X233:X236) -> 109.75 | Z236: =(Y236/X184)*100 -> #DIV/0! | AA236: ='copy data3'!F290 -> 515 | AB236: =AVERAGE(AA233:AA236) -> 782 | AC236: =(AB236/AA184)*100 -> #DIV/0! | AD236: ='copy data3'!H290 -> 194 | AE236: =AVERAGE(AD233:AD236) -> 324 | AF236: =(AE236/AD184)*100 -> #DIV/0! | AG236: ='copy data3'!J290 -> 57 | AH236: =AVERAGE(AG233:AG236) -> 96.5 | AI236: =(AH236/AG184)*100 -> #DIV/0! | AJ236: ='copy data3'!L290 -> 1351 | AK236: =AVERAGE(AJ233:AJ236) -> 2069.5 | AL236: =(AK236/AJ184)*100 -> #DIV/0! | AM236: ='copy data3'!N290 -> 6668 | AN236: =AVERAGE(AM233:AM236) -> 6909 | AO236: =(AN236/AM184)*100 -> #DIV/0! | AP236: ='copy data3'!P290 -> 1562 | AQ236: =AVERAGE(AP233:AP236) -> 1652.5 | AR236: =(AQ236/AP184)*100 -> #DIV/0! | AS236: ='copy data3'!R290 -> 9581 | AT236: =AVERAGE(AS233:AS236) -> 10631 | AU236: =(AT236/AS184)*100 -> 88.121684
A237: 03/13/2003 | B237: 1074 | C237: 5660 | D237: 360 | E237: 2353 | F237: 1163 | G237: 5198 | H237: 500 | I237: 2850 | J237: 128 | K237: 598 | L237: 3224 | M237: 16659 | N237: 6013 | O237: 21231 | P237: 3371 | Q237: 22246 | R237: =P237+N237+L237 -> 12608 | T237: =T236+7 -> 38505 | U237: ='copy data3'!B291 -> 1465 | V237: =AVERAGE(U234:U237) -> 860.5 | W237: =(V237/U185)*100 -> #DIV/0! | X237: ='copy data3'!D291 -> 354 | Y237: =AVERAGE(X234:X237) -> 167 | Z237: =(Y237/X185)*100 -> #DIV/0! | AA237: ='copy data3'!F291 -> 1279 | AB237: =AVERAGE(AA234:AA237) -> 830 | AC237: =(AB237/AA185)*100 -> #DIV/0! | AD237: ='copy data3'!H291 -> 427 | AE237: =AVERAGE(AD234:AD237) -> 308.5 | AF237: =(AE237/AD185)*100 -> #DIV/0! | AG237: ='copy data3'!J291 -> 124 | AH237: =AVERAGE(AG234:AG237) -> 97.25 | AI237: =(AH237/AG185)*100 -> #DIV/0! | AJ237: ='copy data3'!L291 -> 3649 | AK237: =AVERAGE(AJ234:AJ237) -> 2263.25 | AL237: =(AK237/AJ185)*100 -> #DIV/0! | AM237: ='copy data3'!N291 -> 6386 | AN237: =AVERAGE(AM234:AM237) -> 6731 | AO237: =(AN237/AM185)*100 -> #DIV/0! | AP237: ='copy data3'!P291 -> 1522 | AQ237: =AVERAGE(AP234:AP237) -> 1612.5 | AR237: =(AQ237/AP185)*100 -> #DIV/0! | AS237: ='copy data3'!R291 -> 11557 | AT237: =AVERAGE(AS234:AS237) -> 10606.75 | AU237: =(AT237/AS185)*100 -> 69.307044
A238: 03/21/2002 | B238: 1290 | C238: 6985 | D238: 878 | E238: 4532 | F238: 712 | G238: 4499 | H238: 449 | I238: 2616 | J238: 122 | K238: 1006 | L238: 3450 | M238: 19638 | N238: 7090 | O238: 24831 | P238: 2736 | Q238: 22585 | R238: =P238+N238+L238 -> 13276 | T238: =T237+7 -> 38512 | U238: ='copy data3'!B292 -> 1480 | V238: =AVERAGE(U235:U238) -> 1033.5 | W238: =(V238/U186)*100 -> #DIV/0! | X238: ='copy data3'!D292 -> 327 | Y238: =AVERAGE(X235:X238) -> 218.5 | Z238: =(Y238/X186)*100 -> #DIV/0! | AA238: ='copy data3'!F292 -> 1248 | AB238: =AVERAGE(AA235:AA238) -> 936.25 | AC238: =(AB238/AA186)*100 -> #DIV/0! | AD238: ='copy data3'!H292 -> 436 | AE238: =AVERAGE(AD235:AD238) -> 329.5 | AF238: =(AE238/AD186)*100 -> #DIV/0! | AG238: ='copy data3'!J292 -> 100 | AH238: =AVERAGE(AG235:AG238) -> 96.25 | AI238: =(AH238/AG186)*100 -> #DIV/0! | AJ238: ='copy data3'!L292 -> 3590 | AK238: =AVERAGE(AJ235:AJ238) -> 2613.75 | AL238: =(AK238/AJ186)*100 -> #DIV/0! | AM238: ='copy data3'!N292 -> 6208 | AN238: =AVERAGE(AM235:AM238) -> 6499 | AO238: =(AN238/AM186)*100 -> #DIV/0! | AP238: ='copy data3'!P292 -> 1481 | AQ238: =AVERAGE(AP235:AP238) -> 1554.25 | AR238: =(AQ238/AP186)*100 -> #DIV/0! | AS238: ='copy data3'!R292 -> 11279 | AT238: =AVERAGE(AS235:AS238) -> 10667 | AU238: =(AT238/AS186)*100 -> 71.370266
A239: 03/20/2003 | B239: 1085 | C239: 5765 | D239: 369 | E239: 2387 | F239: 1186 | G239: 5280 | H239: 557 | I239: 2921 | J239: 107 | K239: 598 | L239: 3304 | M239: 16952 | N239: 6066 | O239: 21880 | P239: 3024 | Q239: 22921 | R239: =P239+N239+L239 -> 12394 | T239: =T238+7 -> 38519 | U239: ='copy data3'!B293 -> 1630 | V239: =AVERAGE(U236:U239) -> 1266.5 | W239: =(V239/U187)*100 -> #DIV/0! | X239: ='copy data3'!D293 -> 245 | Y239: =AVERAGE(X236:X239) -> 255 | Z239: =(Y239/X187)*100 -> #DIV/0! | AA239: ='copy data3'!F293 -> 1300 | AB239: =AVERAGE(AA236:AA239) -> 1085.5 | AC239: =(AB239/AA187)*100 -> #DIV/0! | AD239: ='copy data3'!H293 -> 483 | AE239: =AVERAGE(AD236:AD239) -> 385 | AF239: =(AE239/AD187)*100 -> #DIV/0! | AG239: ='copy data3'!J293 -> 117 | AH239: =AVERAGE(AG236:AG239) -> 99.5 | AI239: =(AH239/AG187)*100 -> #DIV/0! | AJ239: ='copy data3'!L293 -> 3775 | AK239: =AVERAGE(AJ236:AJ239) -> 3091.25 | AL239: =(AK239/AJ187)*100 -> #DIV/0! | AM239: ='copy data3'!N293 -> 5650 | AN239: =AVERAGE(AM236:AM239) -> 6228 | AO239: =(AN239/AM187)*100 -> #DIV/0! | AP239: ='copy data3'!P293 -> 1344 | AQ239: =AVERAGE(AP236:AP239) -> 1477.25 | AR239: =(AQ239/AP187)*100 -> #DIV/0! | AS239: ='copy data3'!R293 -> 10769 | AT239: =AVERAGE(AS236:AS239) -> 10796.5 | AU239: =(AT239/AS187)*100 -> 75.834094
A240: 37343 | B240: 1213 | C240: 5140 | D240: 829 | E240: 4592 | F240: 711 | G240: 4583 | H240: 454 | I240: 2658 | J240: 122 | K240: 1006 | L240: 3329 | M240: 19979 | N240: 6788 | O240: 26090 | P240: 2405 | Q240: 22990 | R240: =P240+N240+L240 -> 12522 | T240: =T239+7 -> 38526 | U240: ='copy data3'!B294 -> 1789 | V240: =AVERAGE(U237:U240) -> 1591 | W240: =(V240/U188)*100 -> #DIV/0! | X240: ='copy data3'!D294 -> 256 | Y240: =AVERAGE(X237:X240) -> 295.5 | Z240: =(Y240/X188)*100 -> #DIV/0! | AA240: ='copy data3'!F294 -> 1305 | AB240: =AVERAGE(AA237:AA240) -> 1283 | AC240: =(AB240/AA188)*100 -> #DIV/0! | AD240: ='copy data3'!H294 -> 487 | AE240: =AVERAGE(AD237:AD240) -> 458.25 | AF240: =(AE240/AD188)*100 -> #DIV/0! | AG240: ='copy data3'!J294 -> 108 | AH240: =AVERAGE(AG237:AG240) -> 112.25 | AI240: =(AH240/AG188)*100 -> #DIV/0! | AJ240: ='copy data3'!L294 -> 3946 | AK240: =AVERAGE(AJ237:AJ240) -> 3740 | AL240: =(AK240/AJ188)*100 -> #DIV/0! | AM240: ='copy data3'!N294 -> 5809 | AN240: =AVERAGE(AM237:AM240) -> 6013.25 | AO240: =(AN240/AM188)*100 -> #DIV/0! | AP240: ='copy data3'!P294 -> 1339 | AQ240: =AVERAGE(AP237:AP240) -> 1421.5 | AR240: =(AQ240/AP188)*100 -> #DIV/0! | AS240: ='copy data3'!R294 -> 11094 | AT240: =AVERAGE(AS237:AS240) -> 11174.75 | AU240: =(AT240/AS188)*100 -> 78.761982
A241: 03/27/2003 | B241: 1056 | C241: 5887 | D241: 217 | E241: 2546 | F241: 1033 | G241: 5458 | H241: 521 | I241: 2989 | J241: 71 | K241: 634 | L241: 2896 | M241: 17515 | N241: 5571 | O241: 22733 | P241: 2841 | Q241: 23311 | R241: =P241+N241+L241 -> 11308 | T241: =T240+7 -> 38533 | U241: ='copy data3'!B295 -> 1963 | V241: =AVERAGE(U238:U241) -> 1715.5 | W241: =(V241/U189)*100 -> #DIV/0! | X241: ='copy data3'!D295 -> 335 | Y241: =AVERAGE(X238:X241) -> 290.75 | Z241: =(Y241/X189)*100 -> #DIV/0! | AA241: ='copy data3'!F295 -> 1249 | AB241: =AVERAGE(AA238:AA241) -> 1275.5 | AC241: =(AB241/AA189)*100 -> #DIV/0! | AD241: ='copy data3'!H295 -> 443 | AE241: =AVERAGE(AD238:AD241) -> 462.25 | AF241: =(AE241/AD189)*100 -> #DIV/0! | AG241: ='copy data3'!J295 -> 129 | AH241: =AVERAGE(AG238:AG241) -> 113.5 | AI241: =(AH241/AG189)*100 -> #DIV/0! | AJ241: ='copy data3'!L295 -> 4119 | AK241: =AVERAGE(AJ238:AJ241) -> 3857.5 | AL241: =(AK241/AJ189)*100 -> #DIV/0! | AM241: ='copy data3'!N295 -> 5977 | AN241: =AVERAGE(AM238:AM241) -> 5911 | AO241: =(AN241/AM189)*100 -> #DIV/0! | AP241: ='copy data3'!P295 -> 1334 | AQ241: =AVERAGE(AP238:AP241) -> 1374.5 | AR241: =(AQ241/AP189)*100 -> #DIV/0! | AS241: ='copy data3'!R295 -> 11430 | AT241: =AVERAGE(AS238:AS241) -> 11143 | AU241: =(AT241/AS189)*100 -> 81.022322
A242: 37350 | B242: 1118 | C242: 7301 | D242: 734 | E242: 4706 | F242: 659 | G242: 4700 | H242: 424 | I242: 2720 | J242: 104 | K242: 1025 | L242: 3038 | M242: 20452 | N242: 6302 | O242: 27020 | P242: 2538 | Q242: 23261 | R242: =P242+N242+L242 -> 11878 | T242: =T241+7 -> 38540 | U242: ='copy data3'!B296 -> 1994 | V242: =AVERAGE(U239:U242) -> 1844 | W242: =(V242/U190)*100 -> #DIV/0! | X242: ='copy data3'!D296 -> 326 | Y242: =AVERAGE(X239:X242) -> 290.5 | Z242: =(Y242/X190)*100 -> #DIV/0! | AA242: ='copy data3'!F296 -> 1225 | AB242: =AVERAGE(AA239:AA242) -> 1269.75 | AC242: =(AB242/AA190)*100 -> #DIV/0! | AD242: ='copy data3'!H296 -> 469 | AE242: =AVERAGE(AD239:AD242) -> 470.5 | AF242: =(AE242/AD190)*100 -> #DIV/0! | AG242: ='copy data3'!J296 -> 113 | AH242: =AVERAGE(AG239:AG242) -> 116.75 | AI242: =(AH242/AG190)*100 -> #DIV/0! | AJ242: ='copy data3'!L296 -> 4126 | AK242: =AVERAGE(AJ239:AJ242) -> 3991.5 | AL242: =(AK242/AJ190)*100 -> #DIV/0! | AM242: ='copy data3'!N296 -> 5725 | AN242: =AVERAGE(AM239:AM242) -> 5790.25 | AO242: =(AN242/AM190)*100 -> #DIV/0! | AP242: ='copy data3'!P296 -> 1297 | AQ242: =AVERAGE(AP239:AP242) -> 1328.5 | AR242: =(AQ242/AP190)*100 -> #DIV/0! | AS242: ='copy data3'!R296 -> 11148 | AT242: =AVERAGE(AS239:AS242) -> 11110.25 | AU242: =(AT242/AS190)*100 -> 83.81299
A243: 04/03/2003 | B243: 1033 | C243: 5970 | D243: 223 | E243: 2576 | F243: 992 | G243: 5543 | H243: 445 | I243: 3080 | J243: 81 | K243: 643 | L243: 2774 | M243: 17803 | N243: 5458 | O243: 23706 | P243: 2934 | Q243: 23848 | R243: =P243+N243+L243 -> 11166 | T243: =T242+7 -> 38547 | U243: ='copy data3'!B297 -> 2077 | V243: =AVERAGE(U240:U243) -> 1955.75 | W243: =(V243/U191)*100 -> #DIV/0! | X243: ='copy data3'!D297 -> 348 | Y243: =AVERAGE(X240:X243) -> 316.25 | Z243: =(Y243/X191)*100 -> #DIV/0! | AA243: ='copy data3'!F297 -> 1270 | AB243: =AVERAGE(AA240:AA243) -> 1262.25 | AC243: =(AB243/AA191)*100 -> #DIV/0! | AD243: ='copy data3'!H297 -> 496 | AE243: =AVERAGE(AD240:AD243) -> 473.75 | AF243: =(AE243/AD191)*100 -> #DIV/0! | AG243: ='copy data3'!J297 -> 95 | AH243: =AVERAGE(AG240:AG243) -> 111.25 | AI243: =(AH243/AG191)*100 -> #DIV/0! | AJ243: ='copy data3'!L297 -> 4286 | AK243: =AVERAGE(AJ240:AJ243) -> 4119.25 | AL243: =(AK243/AJ191)*100 -> #DIV/0! | AM243: ='copy data3'!N297 -> 5508 | AN243: =AVERAGE(AM240:AM243) -> 5754.75 | AO243: =(AN243/AM191)*100 -> #DIV/0! | AP243: ='copy data3'!P297 -> 1267 | AQ243: =AVERAGE(AP240:AP243) -> 1309.25 | AR243: =(AQ243/AP191)*100 -> #DIV/0! | AS243: ='copy data3'!R297 -> 11061 | AT243: =AVERAGE(AS240:AS243) -> 11183.25 | AU243: =(AT243/AS191)*100 -> 90.093048
A244: 37357 | B244: 1022 | C244: 7484 | D244: 727 | E244: 4749 | F244: 697 | G244: 4765 | H244: 438 | I244: 2743 | J244: 101 | K244: 1029 | L244: 2985 | M244: 20771 | N244: 6315 | O244: 27893 | P244: 2563 | Q244: 23550 | R244: =P244+N244+L244 -> 11863 | T244: =T243+7 -> 38554 | U244: ='copy data3'!B298 -> 1975 | V244: =AVERAGE(U241:U244) -> 2002.25 | W244: =(V244/U192)*100 -> #DIV/0! | X244: ='copy data3'!D298 -> 340 | Y244: =AVERAGE(X241:X244) -> 337.25 | Z244: =(Y244/X192)*100 -> #DIV/0! | AA244: ='copy data3'!F298 -> 1283 | AB244: =AVERAGE(AA241:AA244) -> 1256.75 | AC244: =(AB244/AA192)*100 -> #DIV/0! | AD244: ='copy data3'!H298 -> 617 | AE244: =AVERAGE(AD241:AD244) -> 506.25 | AF244: =(AE244/AD192)*100 -> #DIV/0! | AG244: ='copy data3'!J298 -> 117 | AH244: =AVERAGE(AG241:AG244) -> 113.5 | AI244: =(AH244/AG192)*100 -> #DIV/0! | AJ244: ='copy data3'!L298 -> 4331 | AK244: =AVERAGE(AJ241:AJ244) -> 4215.5 | AL244: =(AK244/AJ192)*100 -> #DIV/0! | AM244: ='copy data3'!N298 -> 5160 | AN244: =AVERAGE(AM241:AM244) -> 5592.5 | AO244: =(AN244/AM192)*100 -> #DIV/0! | AP244: ='copy data3'!P298 -> 1008 | AQ244: =AVERAGE(AP241:AP244) -> 1226.5 | AR244: =(AQ244/AP192)*100 -> #DIV/0! | AS244: ='copy data3'!R298 -> 10499 | AT244: =AVERAGE(AS241:AS244) -> 11034.5 | AU244: =(AT244/AS192)*100 -> 91.671513
A245: 04/10/2003 | B245: 998 | C245: 6088 | D245: 218 | E245: 2616 | F245: 1049 | G245: 5673 | H245: 444 | I245: 3123 | J245: 91 | K245: 634 | L245: 2802 | M245: 18133 | N245: 5380 | O245: 24469 | P245: 2858 | Q245: 24163 | R245: =P245+N245+L245 -> 11040 | T245: =T244+7 -> 38561 | U245: ='copy data3'!B299 -> 2181 | V245: =AVERAGE(U242:U245) -> 2056.75 | W245: =(V245/U193)*100 -> #DIV/0! | X245: ='copy data3'!D299 -> 308 | Y245: =AVERAGE(X242:X245) -> 330.5 | Z245: =(Y245/X193)*100 -> #DIV/0! | AA245: ='copy data3'!F299 -> 1266 | AB245: =AVERAGE(AA242:AA245) -> 1261 | AC245: =(AB245/AA193)*100 -> #DIV/0! | AD245: ='copy data3'!H299 -> 674 | AE245: =AVERAGE(AD242:AD245) -> 564 | AF245: =(AE245/AD193)*100 -> #DIV/0! | AG245: ='copy data3'!J299 -> 142 | AH245: =AVERAGE(AG242:AG245) -> 116.75 | AI245: =(AH245/AG193)*100 -> #DIV/0! | AJ245: ='copy data3'!L299 -> 4569 | AK245: =AVERAGE(AJ242:AJ245) -> 4328 | AL245: =(AK245/AJ193)*100 -> #DIV/0! | AM245: ='copy data3'!N299 -> 4498 | AN245: =AVERAGE(AM242:AM245) -> 5222.75 | AO245: =(AN245/AM193)*100 -> #DIV/0! | AP245: ='copy data3'!P299 -> 999 | AQ245: =AVERAGE(AP242:AP245) -> 1142.75 | AR245: =(AQ245/AP193)*100 -> #DIV/0! | AS245: ='copy data3'!R299 -> 10066 | AT245: =AVERAGE(AS242:AS245) -> 10693.5 | AU245: =(AT245/AS193)*100 -> 94.859399
A246: 37364 | B246: 1005 | C246: 7629 | D246: 697 | E246: 4805 | F246: 639 | G246: 4898 | H246: 409 | I246: 2800 | J246: 65 | K246: 1051 | L246: 2816 | M246: 21183 | N246: 6281 | O246: 28841 | P246: 2613 | Q246: 23717 | R246: =P246+N246+L246 -> 11710 | T246: =T245+7 -> 38568 | U246: ='copy data3'!B300 -> 2067 | V246: =AVERAGE(U243:U246) -> 2075 | W246: =(V246/U194)*100 -> #DIV/0! | X246: ='copy data3'!D300 -> 332 | Y246: =AVERAGE(X243:X246) -> 332 | Z246: =(Y246/X194)*100 -> #DIV/0! | AA246: ='copy data3'!F300 -> 1200 | AB246: =AVERAGE(AA243:AA246) -> 1254.75 | AC246: =(AB246/AA194)*100 -> #DIV/0! | AD246: ='copy data3'!H300 -> 707 | AE246: =AVERAGE(AD243:AD246) -> 623.5 | AF246: =(AE246/AD194)*100 -> #DIV/0! | AG246: ='copy data3'!J300 -> 145 | AH246: =AVERAGE(AG243:AG246) -> 124.75 | AI246: =(AH246/AG194)*100 -> #DIV/0! | AJ246: ='copy data3'!L300 -> 4450 | AK246: =AVERAGE(AJ243:AJ246) -> 4409 | AL246: =(AK246/AJ194)*100 -> #DIV/0! | AM246: ='copy data3'!N300 -> 4609 | AN246: =AVERAGE(AM243:AM246) -> 4943.75 | AO246: =(AN246/AM194)*100 -> #DIV/0! | AP246: ='copy data3'!P300 -> 958 | AQ246: =AVERAGE(AP243:AP246) -> 1058 | AR246: =(AQ246/AP194)*100 -> #DIV/0! | AS246: ='copy data3'!R300 -> 10017 | AT246: =AVERAGE(AS243:AS246) -> 10410.75 | AU246: =(AT246/AS194)*100 -> 97.808625
A247: 04/17/2003 | B247: 916 | C247: 6231 | D247: 224 | E247: 2648 | F247: 1083 | G247: 5703 | H247: 487 | I247: 3132 | J247: 105 | K247: 640 | L247: 2814 | M247: 18354 | N247: 5152 | O247: 25283 | P247: 2679 | Q247: 24515 | R247: =P247+N247+L247 -> 10645 | T247: =T246+7 -> 38575 | U247: ='copy data3'!B301 -> 2045 | V247: =AVERAGE(U244:U247) -> 2067 | W247: =(V247/U195)*100 -> #DIV/0! | X247: ='copy data3'!D301 -> 303 | Y247: =AVERAGE(X244:X247) -> 320.75 | Z247: =(Y247/X195)*100 -> #DIV/0! | AA247: ='copy data3'!F301 -> 1191 | AB247: =AVERAGE(AA244:AA247) -> 1235 | AC247: =(AB247/AA195)*100 -> #DIV/0! | AD247: ='copy data3'!H301 -> 708 | AE247: =AVERAGE(AD244:AD247) -> 676.5 | AF247: =(AE247/AD195)*100 -> #DIV/0! | AG247: ='copy data3'!J301 -> 103 | AH247: =AVERAGE(AG244:AG247) -> 126.75 | AI247: =(AH247/AG195)*100 -> #DIV/0! | AJ247: ='copy data3'!L301 -> 4350 | AK247: =AVERAGE(AJ244:AJ247) -> 4425 | AL247: =(AK247/AJ195)*100 -> #DIV/0! | AM247: ='copy data3'!N301 -> 4330 | AN247: =AVERAGE(AM244:AM247) -> 4649.25 | AO247: =(AN247/AM195)*100 -> #DIV/0! | AP247: ='copy data3'!P301 -> 901 | AQ247: =AVERAGE(AP244:AP247) -> 966.5 | AR247: =(AQ247/AP195)*100 -> #DIV/0! | AS247: ='copy data3'!R301 -> 9581 | AT247: =AVERAGE(AS244:AS247) -> 10040.75 | AU247: =(AT247/AS195)*100 -> 99.364176
A248: 37371 | B248: 875 | C248: 7811 | D248: 593 | E248: 4971 | F248: 556 | G248: 5025 | H248: 438 | I248: 2863 | J248: 38 | K248: 1077 | L248: 2500 | M248: 21747 | N248: 6522 | O248: 29745 | P248: 2698 | Q248: 23989 | R248: =P248+N248+L248 -> 11720 | T248: =T247+7 -> 38582 | U248: ='copy data3'!B302 -> 2376 | V248: =AVERAGE(U245:U248) -> 2167.25 | W248: =(V248/U196)*100 -> #DIV/0! | X248: ='copy data3'!D302 -> 361 | Y248: =AVERAGE(X245:X248) -> 326 | Z248: =(Y248/X196)*100 -> #DIV/0! | AA248: ='copy data3'!F302 -> 1177 | AB248: =AVERAGE(AA245:AA248) -> 1208.5 | AC248: =(AB248/AA196)*100 -> #DIV/0! | AD248: ='copy data3'!H302 -> 819 | AE248: =AVERAGE(AD245:AD248) -> 727 | AF248: =(AE248/AD196)*100 -> #DIV/0! | AG248: ='copy data3'!J302 -> 83 | AH248: =AVERAGE(AG245:AG248) -> 118.25 | AI248: =(AH248/AG196)*100 -> #DIV/0! | AJ248: ='copy data3'!L302 -> 4815 | AK248: =AVERAGE(AJ245:AJ248) -> 4546 | AL248: =(AK248/AJ196)*100 -> #DIV/0! | AM248: ='copy data3'!N302 -> 3799 | AN248: =AVERAGE(AM245:AM248) -> 4309 | AO248: =(AN248/AM196)*100 -> #DIV/0! | AP248: ='copy data3'!P302 -> 853 | AQ248: =AVERAGE(AP245:AP248) -> 927.75 | AR248: =(AQ248/AP196)*100 -> #DIV/0! | AS248: ='copy data3'!R302 -> 9467 | AT248: =AVERAGE(AS245:AS248) -> 9782.75 | AU248: =(AT248/AS196)*100 -> 106.38049
A249: 04/24/2003 | B249: 893 | C249: 6291 | D249: 179 | E249: 2698 | F249: 1077 | G249: 5857 | H249: 471 | I249: 3193 | J249: 55 | K249: 687 | L249: 2675 | M249: 18725 | N249: 5379 | O249: 25967 | P249: 2497 | Q249: 24918 | R249: =P249+N249+L249 -> 10551 | T249: =T248+7 -> 38589 | U249: ='copy data3'!B303 -> 2338 | V249: =AVERAGE(U246:U249) -> 2206.5 | W249: =(V249/U197)*100 -> #DIV/0! | X249: ='copy data3'!D303 -> 385 | Y249: =AVERAGE(X246:X249) -> 345.25 | Z249: =(Y249/X197)*100 -> #DIV/0! | AA249: ='copy data3'!F303 -> 1182 | AB249: =AVERAGE(AA246:AA249) -> 1187.5 | AC249: =(AB249/AA197)*100 -> #DIV/0! | AD249: ='copy data3'!H303 -> 663 | AE249: =AVERAGE(AD246:AD249) -> 724.25 | AF249: =(AE249/AD197)*100 -> #DIV/0! | AG249: ='copy data3'!J303 -> 77 | AH249: =AVERAGE(AG246:AG249) -> 102 | AI249: =(AH249/AG197)*100 -> #DIV/0! | AJ249: ='copy data3'!L303 -> 4645 | AK249: =AVERAGE(AJ246:AJ249) -> 4565 | AL249: =(AK249/AJ197)*100 -> #DIV/0! | AM249: ='copy data3'!N303 -> 2780 | AN249: =AVERAGE(AM246:AM249) -> 3879.5 | AO249: =(AN249/AM197)*100 -> #DIV/0! | AP249: ='copy data3'!P303 -> 699 | AQ249: =AVERAGE(AP246:AP249) -> 852.75 | AR249: =(AQ249/AP197)*100 -> #DIV/0! | AS249: ='copy data3'!R303 -> 8124 | AT249: =AVERAGE(AS246:AS249) -> 9297.25 | AU249: =(AT249/AS197)*100 -> 112.36705
A250: 37378 | B250: 704 | C250: 8073 | D250: 501 | E250: 5074 | F250: 476 | G250: 5130 | H250: 368 | I250: 2946 | J250: 38 | K250: 1080 | L250: 2088 | M250: 22303 | N250: 6405 | O250: 30601 | P250: 2711 | Q250: 24236 | R250: =P250+N250+L250 -> 11204 | T250: =T249+7 -> 38596 | U250: ='copy data3'!B304 -> 2482 | V250: =AVERAGE(U247:U250) -> 2310.25 | W250: =(V250/U198)*100 -> #DIV/0! | X250: ='copy data3'!D304 -> 421 | Y250: =AVERAGE(X247:X250) -> 367.5 | Z250: =(Y250/X198)*100 -> #DIV/0! | AA250: ='copy data3'!F304 -> 1237 | AB250: =AVERAGE(AA247:AA250) -> 1196.75 | AC250: =(AB250/AA198)*100 -> #DIV/0! | AD250: ='copy data3'!H304 -> 830 | AE250: =AVERAGE(AD247:AD250) -> 755 | AF250: =(AE250/AD198)*100 -> #DIV/0! | AG250: ='copy data3'!J304 -> 97 | AH250: =AVERAGE(AG247:AG250) -> 90 | AI250: =(AH250/AG198)*100 -> #DIV/0! | AJ250: ='copy data3'!L304 -> 5067 | AK250: =AVERAGE(AJ247:AJ250) -> 4719.25 | AL250: =(AK250/AJ198)*100 -> #DIV/0! | AM250: ='copy data3'!N304 -> 7864 | AN250: =AVERAGE(AM247:AM250) -> 4693.25 | AO250: =(AN250/AM198)*100 -> #DIV/0! | AP250: ='copy data3'!P304 -> 439 | AQ250: =AVERAGE(AP247:AP250) -> 723 | AR250: =(AQ250/AP198)*100 -> #DIV/0! | AS250: ='copy data3'!R304 -> 13370 | AT250: =AVERAGE(AS247:AS250) -> 10135.5 | AU250: =(AT250/AS198)*100 -> 55.108199
A251: 05/01/2003 | B251: 824 | C251: 6493 | D251: 174 | E251: 2717 | F251: 945 | G251: 6016 | H251: 373 | I251: 3300 | J251: 60 | K251: 694 | L251: 2375 | M251: 19219 | N251: 5431 | O251: 26483 | P251: 2169 | Q251: 25282 | R251: =P251+N251+L251 -> 9975 | T251: =T250+7 -> 38603 | U251: ='copy data3'!B305 -> 2559 | V251: =AVERAGE(U248:U251) -> 2438.75 | W251: =(V251/U199)*100 -> #DIV/0! | X251: ='copy data3'!D305 -> 437 | Y251: =AVERAGE(X248:X251) -> 401 | Z251: =(Y251/X199)*100 -> #DIV/0! | AA251: ='copy data3'!F305 -> 1321 | AB251: =AVERAGE(AA248:AA251) -> 1229.25 | AC251: =(AB251/AA199)*100 -> #DIV/0! | AD251: ='copy data3'!H305 -> 876 | AE251: =AVERAGE(AD248:AD251) -> 797 | AF251: =(AE251/AD199)*100 -> #DIV/0! | AG251: ='copy data3'!J305 -> 70 | AH251: =AVERAGE(AG248:AG251) -> 81.75 | AI251: =(AH251/AG199)*100 -> #DIV/0! | AJ251: ='copy data3'!L305 -> 5263 | AK251: =AVERAGE(AJ248:AJ251) -> 4947.5 | AL251: =(AK251/AJ199)*100 -> #DIV/0! | AM251: ='copy data3'!N305 -> 7896 | AN251: =AVERAGE(AM248:AM251) -> 5584.75 | AO251: =(AN251/AM199)*100 -> #DIV/0! | AP251: ='copy data3'!P305 -> 4422 | AQ251: =AVERAGE(AP248:AP251) -> 1603.25 | AR251: =(AQ251/AP199)*100 -> #DIV/0! | AS251: ='copy data3'!R305 -> 17581 | AT251: =AVERAGE(AS248:AS251) -> 12135.5 | AU251: =(AT251/AS199)*100 -> 63.985553
A252: 37385 | B252: 591 | C252: 8277 | D252: 320 | E252: 5265 | F252: 392 | G252: 5291 | H252: 332 | I252: 2991 | J252: 19 | K252: 1105 | L252: 1653 | M252: 22929 | N252: 6836 | O252: 31637 | P252: 2495 | Q252: 24804 | R252: =P252+N252+L252 -> 10984 | T252: =T251+7 -> 38610 | U252: ='copy data3'!B306 -> 2496 | V252: =AVERAGE(U249:U252) -> 2468.75 | W252: =(V252/U200)*100 -> #DIV/0! | X252: ='copy data3'!D306 -> 389 | Y252: =AVERAGE(X249:X252) -> 408 | Z252: =(Y252/X200)*100 -> #DIV/0! | AA252: ='copy data3'!F306 -> 1281 | AB252: =AVERAGE(AA249:AA252) -> 1255.25 | AC252: =(AB252/AA200)*100 -> #DIV/0! | AD252: ='copy data3'!H306 -> 993 | AE252: =AVERAGE(AD249:AD252) -> 840.5 | AF252: =(AE252/AD200)*100 -> #DIV/0! | AG252: ='copy data3'!J306 -> 94 | AH252: =AVERAGE(AG249:AG252) -> 84.5 | AI252: =(AH252/AG200)*100 -> #DIV/0! | AJ252: ='copy data3'!L306 -> 5252 | AK252: =AVERAGE(AJ249:AJ252) -> 5056.75 | AL252: =(AK252/AJ200)*100 -> #DIV/0! | AM252: ='copy data3'!N306 -> 7818 | AN252: =AVERAGE(AM249:AM252) -> 6589.5 | AO252: =(AN252/AM200)*100 -> #DIV/0! | AP252: ='copy data3'!P306 -> 5017 | AQ252: =AVERAGE(AP249:AP252) -> 2644.25 | AR252: =(AQ252/AP200)*100 -> #DIV/0! | AS252: ='copy data3'!R306 -> 18087 | AT252: =AVERAGE(AS249:AS252) -> 14290.5 | AU252: =(AT252/AS200)*100 -> 71.171373
A253: 05/08/2003 | B253: 752 | C253: 6629 | D253: 130 | E253: 2761 | F253: 845 | G253: 6213 | H253: 437 | I253: 3342 | J253: 42 | K253: 714 | L253: 2174 | M253: 19659 | N253: 5879 | O253: 27099 | P253: 2003 | Q253: 25591 | R253: =P253+N253+L253 -> 10056 | T253: =T252+7 -> 38617 | U253: ='copy data3'!B307 -> 2600 | V253: =AVERAGE(U250:U253) -> 2534.25 | W253: =(V253/U201)*100 -> #DIV/0! | X253: ='copy data3'!D307 -> 365 | Y253: =AVERAGE(X250:X253) -> 403 | Z253: =(Y253/X201)*100 -> #DIV/0! | AA253: ='copy data3'!F307 -> 1178 | AB253: =AVERAGE(AA250:AA253) -> 1254.25 | AC253: =(AB253/AA201)*100 -> #DIV/0! | AD253: ='copy data3'!H307 -> 993 | AE253: =AVERAGE(AD250:AD253) -> 923 | AF253: =(AE253/AD201)*100 -> #DIV/0! | AG253: ='copy data3'!J307 -> 100 | AH253: =AVERAGE(AG250:AG253) -> 90.25 | AI253: =(AH253/AG201)*100 -> #DIV/0! | AJ253: ='copy data3'!L307 -> 5237 | AK253: =AVERAGE(AJ250:AJ253) -> 5204.75 | AL253: =(AK253/AJ201)*100 -> #DIV/0! | AM253: ='copy data3'!N307 -> 7564 | AN253: =AVERAGE(AM250:AM253) -> 7785.5 | AO253: =(AN253/AM201)*100 -> #DIV/0! | AP253: ='copy data3'!P307 -> 5473 | AQ253: =AVERAGE(AP250:AP253) -> 3837.75 | AR253: =(AQ253/AP201)*100 -> #DIV/0! | AS253: ='copy data3'!R307 -> 18274 | AT253: =AVERAGE(AS250:AS253) -> 16828 | AU253: =(AT253/AS201)*100 -> 83.497073
A254: 37392 | B254: 571 | C254: 8401 | D254: 278 | E254: 5386 | F254: 397 | G254: 5338 | H254: 317 | I254: 3045 | J254: 21 | K254: 1108 | L254: 1583 | M254: 23279 | N254: 6814 | O254: 32618 | P254: 2429 | Q254: 25202 | R254: =P254+N254+L254 -> 10826 | T254: =T253+7 -> 38624 | U254: ='copy data3'!B308 -> 2520 | V254: =AVERAGE(U251:U254) -> 2543.75 | W254: =(V254/U202)*100 -> #DIV/0! | X254: ='copy data3'!D308 -> 365 | Y254: =AVERAGE(X251:X254) -> 389 | Z254: =(Y254/X202)*100 -> #DIV/0! | AA254: ='copy data3'!F308 -> 1282 | AB254: =AVERAGE(AA251:AA254) -> 1265.5 | AC254: =(AB254/AA202)*100 -> #DIV/0! | AD254: ='copy data3'!H308 -> 871 | AE254: =AVERAGE(AD251:AD254) -> 933.25 | AF254: =(AE254/AD202)*100 -> #DIV/0! | AG254: ='copy data3'!J308 -> 90 | AH254: =AVERAGE(AG251:AG254) -> 88.5 | AI254: =(AH254/AG202)*100 -> #DIV/0! | AJ254: ='copy data3'!L308 -> 5128 | AK254: =AVERAGE(AJ251:AJ254) -> 5220 | AL254: =(AK254/AJ202)*100 -> #DIV/0! | AM254: ='copy data3'!N308 -> 7735 | AN254: =AVERAGE(AM251:AM254) -> 7753.25 | AO254: =(AN254/AM202)*100 -> #DIV/0! | AP254: ='copy data3'!P308 -> 5809 | AQ254: =AVERAGE(AP251:AP254) -> 5180.25 | AR254: =(AQ254/AP202)*100 -> #DIV/0! | AS254: ='copy data3'!R308 -> 18672 | AT254: =AVERAGE(AS251:AS254) -> 18153.5 | AU254: =(AT254/AS202)*100 -> 88.957221
A255: 05/15/2003 | B255: 619 | C255: 6742 | D255: 108 | E255: 2801 | F255: 775 | G255: 6347 | H255: 390 | I255: 3404 | J255: 38 | K255: 720 | L255: 1929 | M255: 20013 | N255: 5804 | O255: 27930 | P255: 1997 | Q255: 25701 | R255: =P255+N255+L255 -> 9730 | T255: =T254+7 -> 38631 | U255: ='copy data3'!B309 -> 2469 | V255: =AVERAGE(U252:U255) -> 2521.25 | W255: =(V255/U203)*100 -> #DIV/0! | X255: ='copy data3'!D309 -> 298 | Y255: =AVERAGE(X252:X255) -> 354.25 | Z255: =(Y255/X203)*100 -> #DIV/0! | AA255: ='copy data3'!F309 -> 1158 | AB255: =AVERAGE(AA252:AA255) -> 1224.75 | AC255: =(AB255/AA203)*100 -> #DIV/0! | AD255: ='copy data3'!H309 -> 800 | AE255: =AVERAGE(AD252:AD255) -> 914.25 | AF255: =(AE255/AD203)*100 -> #DIV/0! | AG255: ='copy data3'!J309 -> 84 | AH255: =AVERAGE(AG252:AG255) -> 92 | AI255: =(AH255/AG203)*100 -> #DIV/0! | AJ255: ='copy data3'!L309 -> 4809 | AK255: =AVERAGE(AJ252:AJ255) -> 5106.5 | AL255: =(AK255/AJ203)*100 -> #DIV/0! | AM255: ='copy data3'!N309 -> 7645 | AN255: =AVERAGE(AM252:AM255) -> 7690.5 | AO255: =(AN255/AM203)*100 -> #DIV/0! | AP255: ='copy data3'!P309 -> 6096 | AQ255: =AVERAGE(AP252:AP255) -> 5598.75 | AR255: =(AQ255/AP203)*100 -> #DIV/0! | AS255: ='copy data3'!R309 -> 18550 | AT255: =AVERAGE(AS252:AS255) -> 18395.75 | AU255: =(AT255/AS203)*100 -> 85.569588
A256: 37399 | B256: 440 | C256: 8550 | D256: 203 | E256: 5430 | F256: 312 | G256: 5469 | H256: 335 | I256: 3094 | J256: 21 | K256: 1113 | L256: 1309 | M256: 23656 | N256: 6582 | O256: 33979 | P256: 2522 | Q256: 25454 | R256: =P256+N256+L256 -> 10413 | T256: =T255+7 -> 38638 | U256: ='copy data3'!B310 -> 2355 | V256: =AVERAGE(U253:U256) -> 2486 | W256: =(V256/U204)*100 -> #DIV/0! | X256: ='copy data3'!D310 -> 313 | Y256: =AVERAGE(X253:X256) -> 335.25 | Z256: =(Y256/X204)*100 -> #DIV/0! | AA256: ='copy data3'!F310 -> 1137 | AB256: =AVERAGE(AA253:AA256) -> 1188.75 | AC256: =(AB256/AA204)*100 -> #DIV/0! | AD256: ='copy data3'!H310 -> 777 | AE256: =AVERAGE(AD253:AD256) -> 860.25 | AF256: =(AE256/AD204)*100 -> #DIV/0! | AG256: ='copy data3'!J310 -> 70 | AH256: =AVERAGE(AG253:AG256) -> 86 | AI256: =(AH256/AG204)*100 -> #DIV/0! | AJ256: ='copy data3'!L310 -> 4651 | AK256: =AVERAGE(AJ253:AJ256) -> 4956.25 | AL256: =(AK256/AJ204)*100 -> #DIV/0! | AM256: ='copy data3'!N310 -> 7380 | AN256: =AVERAGE(AM253:AM256) -> 7581 | AO256: =(AN256/AM204)*100 -> #DIV/0! | AP256: ='copy data3'!P310 -> 5987 | AQ256: =AVERAGE(AP253:AP256) -> 5841.25 | AR256: =(AQ256/AP204)*100 -> #DIV/0! | AS256: ='copy data3'!R310 -> 18018 | AT256: =AVERAGE(AS253:AS256) -> 18378.5 | AU256: =(AT256/AS204)*100 -> 83.553828
A257: 05/22/2003 | B257: 585 | C257: 6772 | D257: 99 | E257: 2847 | F257: 620 | G257: 6473 | H257: 306 | I257: 3497 | J257: 38 | K257: 720 | L257: 1656 | M257: 20309 | N257: 5640 | O257: 28723 | P257: 1903 | Q257: 26055 | R257: =P257+N257+L257 -> 9199 | T257: =T256+7 -> 38645 | U257: ='copy data3'!B311 -> 2156 | V257: =AVERAGE(U254:U257) -> 2375 | W257: =(V257/U205)*100 -> #DIV/0! | X257: ='copy data3'!D311 -> 285 | Y257: =AVERAGE(X254:X257) -> 315.25 | Z257: =(Y257/X205)*100 -> #DIV/0! | AA257: ='copy data3'!F311 -> 1112 | AB257: =AVERAGE(AA254:AA257) -> 1172.25 | AC257: =(AB257/AA205)*100 -> #DIV/0! | AD257: ='copy data3'!H311 -> 711 | AE257: =AVERAGE(AD254:AD257) -> 789.75 | AF257: =(AE257/AD205)*100 -> #DIV/0! | AG257: ='copy data3'!J311 -> 68 | AH257: =AVERAGE(AG254:AG257) -> 78 | AI257: =(AH257/AG205)*100 -> #DIV/0! | AJ257: ='copy data3'!L311 -> 4332 | AK257: =AVERAGE(AJ254:AJ257) -> 4730 | AL257: =(AK257/AJ205)*100 -> #DIV/0! | AM257: ='copy data3'!N311 -> 7150 | AN257: =AVERAGE(AM254:AM257) -> 7477.5 | AO257: =(AN257/AM205)*100 -> #DIV/0! | AP257: ='copy data3'!P311 -> 5923 | AQ257: =AVERAGE(AP254:AP257) -> 5953.75 | AR257: =(AQ257/AP205)*100 -> #DIV/0! | AS257: ='copy data3'!R311 -> 17405 | AT257: =AVERAGE(AS254:AS257) -> 18161.25 | AU257: =(AT257/AS205)*100 -> 83.423289
A258: 37406 | B258: 356 | C258: 8704 | D258: 148 | E258: 5485 | F258: 267 | G258: 5554 | H258: 292 | I258: 3127 | J258: 3 | K258: 1133 | L258: 1066 | M258: 24003 | N258: 6219 | O258: 34761 | P258: 2606 | Q258: 25633 | R258: =P258+N258+L258 -> 9891 | T258: =T257+7 -> 38652 | U258: ='copy data3'!B312 -> 1967 | V258: =AVERAGE(U255:U258) -> 2236.75 | W258: =(V258/U206)*100 -> #DIV/0! | X258: ='copy data3'!D312 -> 283 | Y258: =AVERAGE(X255:X258) -> 294.75 | Z258: =(Y258/X206)*100 -> #DIV/0! | AA258: ='copy data3'!F312 -> 1172 | AB258: =AVERAGE(AA255:AA258) -> 1144.75 | AC258: =(AB258/AA206)*100 -> #DIV/0! | AD258: ='copy data3'!H312 -> 695 | AE258: =AVERAGE(AD255:AD258) -> 745.75 | AF258: =(AE258/AD206)*100 -> #DIV/0! | AG258: ='copy data3'!J312 -> 102 | AH258: =AVERAGE(AG255:AG258) -> 81 | AI258: =(AH258/AG206)*100 -> #DIV/0! | AJ258: ='copy data3'!L312 -> 4219 | AK258: =AVERAGE(AJ255:AJ258) -> 4502.75 | AL258: =(AK258/AJ206)*100 -> #DIV/0! | AM258: ='copy data3'!N312 -> 7354 | AN258: =AVERAGE(AM255:AM258) -> 7382.25 | AO258: =(AN258/AM206)*100 -> #DIV/0! | AP258: ='copy data3'!P312 -> 5673 | AQ258: =AVERAGE(AP255:AP258) -> 5919.75 | AR258: =(AQ258/AP206)*100 -> #DIV/0! | AS258: ='copy data3'!R312 -> 17246 | AT258: =AVERAGE(AS255:AS258) -> 17804.75 | AU258: =(AT258/AS206)*100 -> 84.266884
A259: 05/29/2003 | B259: 475 | C259: 6896 | D259: 59 | E259: 2899 | F259: 456 | G259: 6645 | H259: 297 | I259: 3517 | J259: 38 | K259: 720 | L259: 1323 | M259: 20677 | N259: 5289 | O259: 29608 | P259: 1887 | Q259: 26183 | R259: =P259+N259+L259 -> 8499 | T259: =T258+7 -> 38659 | U259: ='copy data3'!B313 -> 2861 | V259: =AVERAGE(U256:U259) -> 2334.75 | W259: =(V259/U207)*100 -> #DIV/0! | X259: ='copy data3'!D313 -> 247 | Y259: =AVERAGE(X256:X259) -> 282 | Z259: =(Y259/X207)*100 -> #DIV/0! | AA259: ='copy data3'!F313 -> 1133 | AB259: =AVERAGE(AA256:AA259) -> 1138.5 | AC259: =(AB259/AA207)*100 -> #DIV/0! | AD259: ='copy data3'!H313 -> 828 | AE259: =AVERAGE(AD256:AD259) -> 752.75 | AF259: =(AE259/AD207)*100 -> #DIV/0! | AG259: ='copy data3'!J313 -> 101 | AH259: =AVERAGE(AG256:AG259) -> 85.25 | AI259: =(AH259/AG207)*100 -> #DIV/0! | AJ259: ='copy data3'!L313 -> 5169 | AK259: =AVERAGE(AJ256:AJ259) -> 4592.75 | AL259: =(AK259/AJ207)*100 -> #DIV/0! | AM259: ='copy data3'!N313 -> 7315 | AN259: =AVERAGE(AM256:AM259) -> 7299.75 | AO259: =(AN259/AM207)*100 -> #DIV/0! | AP259: ='copy data3'!P313 -> 5242 | AQ259: =AVERAGE(AP256:AP259) -> 5706.25 | AR259: =(AQ259/AP207)*100 -> #DIV/0! | AS259: ='copy data3'!R313 -> 17726 | AT259: =AVERAGE(AS256:AS259) -> 17598.75 | AU259: =(AT259/AS207)*100 -> 85.356242
A260: 37413 | B260: 1108 | C260: 181 | D260: 458 | E260: 35 | F260: 819 | G260: 44 | H260: 603 | I260: 37 | J260: 78 | K260: 2 | L260: 3066 | M260: 300 | N260: 6465 | O260: 35817 | P260: 2548 | Q260: 26167 | R260: =P260+N260+L260 -> 12079 | T260: =T259+7 -> 38666 | U260: ='copy data3'!B314 -> 3083 | V260: =AVERAGE(U257:U260) -> 2516.75 | W260: =(V260/U208)*100 -> #DIV/0! | X260: ='copy data3'!D314 -> 269 | Y260: =AVERAGE(X257:X260) -> 271 | Z260: =(Y260/X208)*100 -> #DIV/0! | AA260: ='copy data3'!F314 -> 1147 | AB260: =AVERAGE(AA257:AA260) -> 1141 | AC260: =(AB260/AA208)*100 -> #DIV/0! | AD260: ='copy data3'!H314 -> 765 | AE260: =AVERAGE(AD257:AD260) -> 749.75 | AF260: =(AE260/AD208)*100 -> #DIV/0! | AG260: ='copy data3'!J314 -> 92 | AH260: =AVERAGE(AG257:AG260) -> 90.75 | AI260: =(AH260/AG208)*100 -> #DIV/0! | AJ260: ='copy data3'!L314 -> 5356 | AK260: =AVERAGE(AJ257:AJ260) -> 4769 | AL260: =(AK260/AJ208)*100 -> #DIV/0! | AM260: ='copy data3'!N314 -> 7748 | AN260: =AVERAGE(AM257:AM260) -> 7391.75 | AO260: =(AN260/AM208)*100 -> #DIV/0! | AP260: ='copy data3'!P314 -> 5147 | AQ260: =AVERAGE(AP257:AP260) -> 5496.25 | AR260: =(AQ260/AP208)*100 -> #DIV/0! | AS260: ='copy data3'!R314 -> 18251 | AT260: =AVERAGE(AS257:AS260) -> 17657 | AU260: =(AT260/AS208)*100 -> 88.413199
A261: 06/05/2003 | B261: 1369 | C261: 121 | D261: 325 | E261: 13 | F261: 1003 | G261: 90 | H261: 536 | I261: 53 | J261: 175 | K261: 0 | L261: 3408 | M261: 276 | N261: 5302 | O261: 30325 | P261: 1861 | Q261: 26378 | R261: =P261+N261+L261 -> 10571 | T261: =T260+7 -> 38673 | U261: ='copy data3'!B315 -> 2950 | V261: =AVERAGE(U258:U261) -> 2715.25 | W261: =(V261/U209)*100 -> #DIV/0! | X261: ='copy data3'!D315 -> 272 | Y261: =AVERAGE(X258:X261) -> 267.75 | Z261: =(Y261/X209)*100 -> #DIV/0! | AA261: ='copy data3'!F315 -> 1209 | AB261: =AVERAGE(AA258:AA261) -> 1165.25 | AC261: =(AB261/AA209)*100 -> #DIV/0! | AD261: ='copy data3'!H315 -> 803 | AE261: =AVERAGE(AD258:AD261) -> 772.75 | AF261: =(AE261/AD209)*100 -> #DIV/0! | AG261: ='copy data3'!J315 -> 103 | AH261: =AVERAGE(AG258:AG261) -> 99.5 | AI261: =(AH261/AG209)*100 -> #DIV/0! | AJ261: ='copy data3'!L315 -> 5337 | AK261: =AVERAGE(AJ258:AJ261) -> 5020.25 | AL261: =(AK261/AJ209)*100 -> #DIV/0! | AM261: ='copy data3'!N315 -> 7814 | AN261: =AVERAGE(AM258:AM261) -> 7557.75 | AO261: =(AN261/AM209)*100 -> #DIV/0! | AP261: ='copy data3'!P315 -> 4384 | AQ261: =AVERAGE(AP258:AP261) -> 5111.5 | AR261: =(AQ261/AP209)*100 -> #DIV/0! | AS261: ='copy data3'!R315 -> 17535 | AT261: =AVERAGE(AS258:AS261) -> 17689.5 | AU261: =(AT261/AS209)*100 -> 87.321058
A262: 37420 | B262: 1201 | C262: 239 | D262: 313 | E262: 79 | F262: 828 | G262: 145 | H262: 475 | I262: 212 | J262: 80 | K262: 3 | L262: 2897 | M262: 677 | N262: 6414 | O262: 36917 | P262: 2652 | Q262: 26301 | R262: =P262+N262+L262 -> 11963 | T262: =T261+7 -> 38680 | U262: ='copy data3'!B316 -> 2738 | V262: =AVERAGE(U259:U262) -> 2908 | W262: =(V262/U210)*100 -> #DIV/0! | X262: ='copy data3'!D316 -> 297 | Y262: =AVERAGE(X259:X262) -> 271.25 | Z262: =(Y262/X210)*100 -> #DIV/0! | AA262: ='copy data3'!F316 -> 1089 | AB262: =AVERAGE(AA259:AA262) -> 1144.5 | AC262: =(AB262/AA210)*100 -> #DIV/0! | AD262: ='copy data3'!H316 -> 822 | AE262: =AVERAGE(AD259:AD262) -> 804.5 | AF262: =(AE262/AD210)*100 -> #DIV/0! | AG262: ='copy data3'!J316 -> 95 | AH262: =AVERAGE(AG259:AG262) -> 97.75 | AI262: =(AH262/AG210)*100 -> #DIV/0! | AJ262: ='copy data3'!L316 -> 5041 | AK262: =AVERAGE(AJ259:AJ262) -> 5225.75 | AL262: =(AK262/AJ210)*100 -> #DIV/0! | AM262: ='copy data3'!N316 -> 7759 | AN262: =AVERAGE(AM259:AM262) -> 7659 | AO262: =(AN262/AM210)*100 -> #DIV/0! | AP262: ='copy data3'!P316 -> 3926 | AQ262: =AVERAGE(AP259:AP262) -> 4674.75 | AR262: =(AQ262/AP210)*100 -> #DIV/0! | AS262: ='copy data3'!R316 -> 16726 | AT262: =AVERAGE(AS259:AS262) -> 17559.5 | AU262: =(AT262/AS210)*100 -> 90.662433
A263: 06/12/2003 | B263: 1467 | C263: 304 | D263: 385 | E263: 29 | F263: 1046 | G263: 197 | H263: 556 | I263: 118 | J263: 158 | K263: 16 | L263: 3612 | M263: 664 | N263: 5178 | O263: 31191 | P263: 1860 | Q263: 26547 | R263: =P263+N263+L263 -> 10650 | T263: =T262+7 -> 38687 | U263: ='copy data3'!B317 -> 2728 | V263: =AVERAGE(U260:U263) -> 2874.75 | W263: =(V263/U211)*100 -> #DIV/0! | X263: ='copy data3'!D317 -> 288 | Y263: =AVERAGE(X260:X263) -> 281.5 | Z263: =(Y263/X211)*100 -> #DIV/0! | AA263: ='copy data3'!F317 -> 1067 | AB263: =AVERAGE(AA260:AA263) -> 1128 | AC263: =(AB263/AA211)*100 -> #DIV/0! | AD263: ='copy data3'!H317 -> 824 | AE263: =AVERAGE(AD260:AD263) -> 803.5 | AF263: =(AE263/AD211)*100 -> #DIV/0! | AG263: ='copy data3'!J317 -> 77 | AH263: =AVERAGE(AG260:AG263) -> 91.75 | AI263: =(AH263/AG211)*100 -> #DIV/0! | AJ263: ='copy data3'!L317 -> 5001 | AK263: =AVERAGE(AJ260:AJ263) -> 5183.75 | AL263: =(AK263/AJ211)*100 -> #DIV/0! | AM263: ='copy data3'!N317 -> 7432 | AN263: =AVERAGE(AM260:AM263) -> 7688.25 | AO263: =(AN263/AM211)*100 -> #DIV/0! | AP263: ='copy data3'!P317 -> 4079 | AQ263: =AVERAGE(AP260:AP263) -> 4384 | AR263: =(AQ263/AP211)*100 -> #DIV/0! | AS263: ='copy data3'!R317 -> 16512 | AT263: =AVERAGE(AS260:AS263) -> 17256 | AU263: =(AT263/AS211)*100 -> 93.164885
A264: 37427 | B264: 1116 | C264: 401 | D264: 373 | E264: 163 | F264: 869 | G264: 204 | H264: 498 | I264: 233 | J264: 138 | K264: 26 | L264: 2993 | M264: 1027 | N264: 6335 | O264: 37922 | P264: 2614 | Q264: 26614 | R264: =P264+N264+L264 -> 11942 | T264: =T263+7 -> 38694 | U264: ='copy data3'!B318 -> 2807 | V264: =AVERAGE(U261:U264) -> 2805.75 | W264: =(V264/U212)*100 -> #DIV/0! | X264: ='copy data3'!D318 -> 292 | Y264: =AVERAGE(X261:X264) -> 287.25 | Z264: =(Y264/X212)*100 -> #DIV/0! | AA264: ='copy data3'!F318 -> 1092 | AB264: =AVERAGE(AA261:AA264) -> 1114.25 | AC264: =(AB264/AA212)*100 -> #DIV/0! | AD264: ='copy data3'!H318 -> 793 | AE264: =AVERAGE(AD261:AD264) -> 810.5 | AF264: =(AE264/AD212)*100 -> #DIV/0! | AG264: ='copy data3'!J318 -> 35 | AH264: =AVERAGE(AG261:AG264) -> 77.5 | AI264: =(AH264/AG212)*100 -> #DIV/0! | AJ264: ='copy data3'!L318 -> 5018 | AK264: =AVERAGE(AJ261:AJ264) -> 5099.25 | AL264: =(AK264/AJ212)*100 -> #DIV/0! | AM264: ='copy data3'!N318 -> 7334 | AN264: =AVERAGE(AM261:AM264) -> 7584.75 | AO264: =(AN264/AM212)*100 -> #DIV/0! | AP264: ='copy data3'!P318 -> 3944 | AQ264: =AVERAGE(AP261:AP264) -> 4083.25 | AR264: =(AQ264/AP212)*100 -> #DIV/0! | AS264: ='copy data3'!R318 -> 16296 | AT264: =AVERAGE(AS261:AS264) -> 16767.25 | AU264: =(AT264/AS212)*100 -> 93.249819
A265: 06/19/2003 | B265: 1530 | C265: 481 | D265: 386 | E265: 45 | F265: 1223 | G265: 221 | H265: 569 | I265: 163 | J265: 142 | K265: 34 | L265: 3851 | M265: 943 | N265: 5264 | O265: 31918 | P265: 1959 | Q265: 26680 | R265: =P265+N265+L265 -> 11074 | T265: =T264+7 -> 38701 | U265: ='copy data3'!B319 -> 2868 | V265: =AVERAGE(U262:U265) -> 2785.25 | W265: =(V265/U213)*100 -> #DIV/0! | X265: ='copy data3'!D319 -> 279 | Y265: =AVERAGE(X262:X265) -> 289 | Z265: =(Y265/X213)*100 -> #DIV/0! | AA265: ='copy data3'!F319 -> 1139 | AB265: =AVERAGE(AA262:AA265) -> 1096.75 | AC265: =(AB265/AA213)*100 -> #DIV/0! | AD265: ='copy data3'!H319 -> 800 | AE265: =AVERAGE(AD262:AD265) -> 809.75 | AF265: =(AE265/AD213)*100 -> #DIV/0! | AG265: ='copy data3'!J319 -> 30 | AH265: =AVERAGE(AG262:AG265) -> 59.25 | AI265: =(AH265/AG213)*100 -> #DIV/0! | AJ265: ='copy data3'!L319 -> 5116 | AK265: =AVERAGE(AJ262:AJ265) -> 5044 | AL265: =(AK265/AJ213)*100 -> #DIV/0! | AM265: ='copy data3'!N319 -> 7037 | AN265: =AVERAGE(AM262:AM265) -> 7390.5 | AO265: =(AN265/AM213)*100 -> #DIV/0! | AP265: ='copy data3'!P319 -> 4004 | AQ265: =AVERAGE(AP262:AP265) -> 3988.25 | AR265: =(AQ265/AP213)*100 -> #DIV/0! | AS265: ='copy data3'!R319 -> 16157 | AT265: =AVERAGE(AS262:AS265) -> 16422.75 | AU265: =(AT265/AS213)*100 -> 92.465233
A266: 06/27/2002 | B266: 1137 | C266: 551 | D266: 396 | E266: 226 | F266: 1043 | G266: 240 | H266: 515 | I266: 258 | J266: 182 | K266: 32 | L266: 3272 | M266: 1307 | N266: 6623 | O266: 38618 | P266: 2574 | Q266: 26916 | R266: =P266+N266+L266 -> 12469 | T266: =T265+7 -> 38708 | U266: ='copy data3'!B320 -> 2719 | V266: =AVERAGE(U263:U266) -> 2780.5 | W266: =(V266/U214)*100 -> #DIV/0! | X266: ='copy data3'!D320 -> 291 | Y266: =AVERAGE(X263:X266) -> 287.5 | Z266: =(Y266/X214)*100 -> #DIV/0! | AA266: ='copy data3'!F320 -> 1092 | AB266: =AVERAGE(AA263:AA266) -> 1097.5 | AC266: =(AB266/AA214)*100 -> #DIV/0! | AD266: ='copy data3'!H320 -> 704 | AE266: =AVERAGE(AD263:AD266) -> 780.25 | AF266: =(AE266/AD214)*100 -> #DIV/0! | AG266: ='copy data3'!J320 -> 28 | AH266: =AVERAGE(AG263:AG266) -> 42.5 | AI266: =(AH266/AG214)*100 -> #DIV/0! | AJ266: ='copy data3'!L320 -> 4834 | AK266: =AVERAGE(AJ263:AJ266) -> 4992.25 | AL266: =(AK266/AJ214)*100 -> #DIV/0! | AM266: ='copy data3'!N320 -> 6619 | AN266: =AVERAGE(AM263:AM266) -> 7105.5 | AO266: =(AN266/AM214)*100 -> #DIV/0! | AP266: ='copy data3'!P320 -> 4286 | AQ266: =AVERAGE(AP263:AP266) -> 4078.25 | AR266: =(AQ266/AP214)*100 -> #DIV/0! | AS266: ='copy data3'!R320 -> 15739 | AT266: =AVERAGE(AS263:AS266) -> 16176 | AU266: =(AT266/AS214)*100 -> 93.029676
A267: 06/26/2003 | B267: 1793 | C267: 610 | D267: 403 | E267: 98 | F267: 1317 | G267: 271 | H267: 552 | I267: 196 | J267: 135 | K267: 81 | L267: 4199 | M267: 1255 | N267: 5117 | O267: 32836 | P267: 1917 | Q267: 26917 | R267: =P267+N267+L267 -> 11233 | T267: =T266+7 -> 38715 | U267: ='copy data3'!B321 -> 2692 | V267: =AVERAGE(U264:U267) -> 2771.5 | W267: =(V267/U215)*100 -> #DIV/0! | X267: ='copy data3'!D321 -> 307 | Y267: =AVERAGE(X264:X267) -> 292.25 | Z267: =(Y267/X215)*100 -> #DIV/0! | AA267: ='copy data3'!F321 -> 1036 | AB267: =AVERAGE(AA264:AA267) -> 1089.75 | AC267: =(AB267/AA215)*100 -> #DIV/0! | AD267: ='copy data3'!H321 -> 661 | AE267: =AVERAGE(AD264:AD267) -> 739.5 | AF267: =(AE267/AD215)*100 -> #DIV/0! | AG267: ='copy data3'!J321 -> 31 | AH267: =AVERAGE(AG264:AG267) -> 31 | AI267: =(AH267/AG215)*100 -> #DIV/0! | AJ267: ='copy data3'!L321 -> 4727 | AK267: =AVERAGE(AJ264:AJ267) -> 4923.75 | AL267: =(AK267/AJ215)*100 -> #DIV/0! | AM267: ='copy data3'!N321 -> 5991 | AN267: =AVERAGE(AM264:AM267) -> 6745.25 | AO267: =(AN267/AM215)*100 -> #DIV/0! | AP267: ='copy data3'!P321 -> 4375 | AQ267: =AVERAGE(AP264:AP267) -> 4152.25 | AR267: =(AQ267/AP215)*100 -> #DIV/0! | AS267: ='copy data3'!R321 -> 15093 | AT267: =AVERAGE(AS264:AS267) -> 15821.25 | AU267: =(AT267/AS215)*100 -> 97.42149
A268: 07/04/2002 | B268: 994 | C268: 713 | D268: 396 | E268: 327 | F268: 886 | G268: 369 | H268: 559 | I268: 280 | J268: 127 | K268: 98 | L268: 2962 | M268: 1786 | N268: 5933 | O268: 39667 | P268: 2372 | Q268: 27205 | R268: =P268+N268+L268 -> 11267 | T268: =T267+7 -> 38722 | U268: ='copy data3'!B322 -> 2413 | V268: =AVERAGE(U265:U268) -> 2673 | W268: =(V268/U216)*100 -> 180.73022 | X268: ='copy data3'!D322 -> 337 | Y268: =AVERAGE(X265:X268) -> 303.5 | Z268: =(Y268/X216)*100 -> 82.697548 | AA268: ='copy data3'!F322 -> 1003 | AB268: =AVERAGE(AA265:AA268) -> 1067.5 | AC268: =(AB268/AA216)*100 -> 97.399635 | AD268: ='copy data3'!H322 -> 657 | AE268: =AVERAGE(AD265:AD268) -> 705.5 | AF268: =(AE268/AD216)*100 -> 95.986395 | AG268: ='copy data3'!J322 -> 84 | AH268: =AVERAGE(AG265:AG268) -> 43.25 | AI268: =(AH268/AG216)*100 -> 37.608696 | AJ268: ='copy data3'!L322 -> 4494 | AK268: =AVERAGE(AJ265:AJ268) -> 4792.75 | AL268: =(AK268/AJ216)*100 -> 126.39109 | AM268: ='copy data3'!N322 -> 5905 | AN268: =AVERAGE(AM265:AM268) -> 6388 | AO268: =(AN268/AM216)*100 -> 91.270181 | AP268: ='copy data3'!P322 -> 4149 | AQ268: =AVERAGE(AP265:AP268) -> 4203.5 | AR268: =(AQ268/AP216)*100 -> 73.849262 | AS268: ='copy data3'!R322 -> 14548 | AT268: =AVERAGE(AS265:AS268) -> 15384.25 | AU268: =(AT268/AS216)*100 -> 93.334041
A269: 07/03/2003 | B269: 1760 | C269: 805 | D269: 551 | E269: 127 | F269: 1257 | G269: 416 | H269: 604 | I269: 270 | J269: 145 | K269: 81 | L269: 4316 | M269: 1699 | N269: 5075 | O269: 33596 | P269: 1793 | Q269: 27272 | R269: =P269+N269+L269 -> 11184 | T269: =T268+7 -> 38729 | U269: ='copy data3'!B323 -> 2319 | V269: =AVERAGE(U266:U269) -> 2535.75 | W269: =(V269/U217)*100 -> 175.12086 | X269: ='copy data3'!D323 -> 309 | Y269: =AVERAGE(X266:X269) -> 311 | Z269: =(Y269/X217)*100 -> 81.201044 | AA269: ='copy data3'!F323 -> 1067 | AB269: =AVERAGE(AA266:AA269) -> 1049.5 | AC269: =(AB269/AA217)*100 -> 85.325203 | AD269: ='copy data3'!H323 -> 732 | AE269: =AVERAGE(AD266:AD269) -> 688.5 | AF269: =(AE269/AD217)*100 -> 100.36443 | AG269: ='copy data3'!J323 -> 97 | AH269: =AVERAGE(AG266:AG269) -> 60 | AI269: =(AH269/AG217)*100 -> 46.511628 | AJ269: ='copy data3'!L323 -> 4525 | AK269: =AVERAGE(AJ266:AJ269) -> 4645 | AL269: =(AK269/AJ217)*100 -> 119.90191 | AM269: ='copy data3'!N323 -> 6184 | AN269: =AVERAGE(AM266:AM269) -> 6174.75 | AO269: =(AN269/AM217)*100 -> 86.275674 | AP269: ='copy data3'!P323 -> 4870 | AQ269: =AVERAGE(AP266:AP269) -> 4420 | AR269: =(AQ269/AP217)*100 -> 77.110956 | AS269: ='copy data3'!R323 -> 15579 | AT269: =AVERAGE(AS266:AS269) -> 15239.75 | AU269: =(AT269/AS217)*100 -> 90.913023
A270: 07/11/2002 | B270: 1040 | C270: 1017 | D270: 406 | E270: 374 | F270: 1063 | G270: 475 | H270: 611 | I270: 376 | J270: 131 | K270: 108 | L270: 3251 | M270: 2347 | N270: 5717 | O270: 40599 | P270: 2200 | Q270: 27585 | R270: =P270+N270+L270 -> 11168 | T270: =T269+7 -> 38736 | U270: ='copy data3'!B324 -> 2159 | V270: =AVERAGE(U267:U270) -> 2395.75 | W270: =(V270/U218)*100 -> 172.85354 | X270: ='copy data3'!D324 -> 310 | Y270: =AVERAGE(X267:X270) -> 315.75 | Z270: =(Y270/X218)*100 -> 80.548469 | AA270: ='copy data3'!F324 -> 1083 | AB270: =AVERAGE(AA267:AA270) -> 1047.25 | AC270: =(AB270/AA218)*100 -> 87.856544 | AD270: ='copy data3'!H324 -> 742 | AE270: =AVERAGE(AD267:AD270) -> 698 | AF270: =(AE270/AD218)*100 -> 118.30508 | AG270: ='copy data3'!J324 -> 116 | AH270: =AVERAGE(AG267:AG270) -> 82 | AI270: =(AH270/AG218)*100 -> 78.095238 | AJ270: ='copy data3'!L324 -> 4410 | AK270: =AVERAGE(AJ267:AJ270) -> 4539 | AL270: =(AK270/AJ218)*100 -> 123.881 | AM270: ='copy data3'!N324 -> 7416 | AN270: =AVERAGE(AM267:AM270) -> 6374 | AO270: =(AN270/AM218)*100 -> 93.187135 | AP270: ='copy data3'!P324 -> 4524 | AQ270: =AVERAGE(AP267:AP270) -> 4479.5 | AR270: =(AQ270/AP218)*100 -> 87.55864 | AS270: ='copy data3'!R324 -> 16350 | AT270: =AVERAGE(AS267:AS270) -> 15392.5 | AU270: =(AT270/AS218)*100 -> 98.543534
A271: 07/10/2003 | B271: 2071 | C271: 939 | D271: 595 | E271: 177 | F271: 1255 | G271: 480 | H271: 572 | I271: 345 | J271: 132 | K271: 131 | L271: 4625 | M271: 2049 | N271: 4839 | O271: 34307 | P271: 5430 | Q271: 27479 | R271: =P271+N271+L271 -> 14894 | T271: =T270+7 -> 38743 | U271: ='copy data3'!B325 -> 2039 | V271: =AVERAGE(U268:U271) -> 2232.5 | W271: =(V271/U219)*100 -> 142.92574 | X271: ='copy data3'!D325 -> 264 | Y271: =AVERAGE(X268:X271) -> 305 | Z271: =(Y271/X219)*100 -> 78.40617 | AA271: ='copy data3'!F325 -> 1057 | AB271: =AVERAGE(AA268:AA271) -> 1052.5 | AC271: =(AB271/AA219)*100 -> 86.270492 | AD271: ='copy data3'!H325 -> 700 | AE271: =AVERAGE(AD268:AD271) -> 707.75 | AF271: =(AE271/AD219)*100 -> 117.17715 | AG271: ='copy data3'!J325 -> 126 | AH271: =AVERAGE(AG268:AG271) -> 105.75 | AI271: =(AH271/AG219)*100 -> 95.27027 | AJ271: ='copy data3'!L325 -> 4185 | AK271: =AVERAGE(AJ268:AJ271) -> 4403.5 | AL271: =(AK271/AJ219)*100 -> 113.31704 | AM271: ='copy data3'!N325 -> 7858 | AN271: =AVERAGE(AM268:AM271) -> 6840.75 | AO271: =(AN271/AM219)*100 -> 109.32955 | AP271: ='copy data3'!P325 -> 4403 | AQ271: =AVERAGE(AP268:AP271) -> 4486.5 | AR271: =(AQ271/AP219)*100 -> 90.618057 | AS271: ='copy data3'!R325 -> 16446 | AT271: =AVERAGE(AS268:AS271) -> 15730.75 | AU271: =(AT271/AS219)*100 -> 104.21856
A272: 07/18/2002 | B272: 1136 | C272: 1195 | D272: 449 | E272: 421 | F272: 984 | G272: 653 | H272: 671 | I272: 395 | J272: 116 | K272: 138 | L272: 3356 | M272: 2802 | N272: 5402 | O272: 41667 | P272: 1979 | Q272: 27914 | R272: =P272+N272+L272 -> 10737 | T272: =T271+7 -> 38750 | U272: ='copy data3'!B326 -> 1751 | V272: =AVERAGE(U269:U272) -> 2067 | W272: =(V272/U220)*100 -> 126.03659 | X272: ='copy data3'!D326 -> 299 | Y272: =AVERAGE(X269:X272) -> 295.5 | Z272: =(Y272/X220)*100 -> 75.96401 | AA272: ='copy data3'!F326 -> 1057 | AB272: =AVERAGE(AA269:AA272) -> 1066 | AC272: =(AB272/AA220)*100 -> 85.348279 | AD272: ='copy data3'!H326 -> 687 | AE272: =AVERAGE(AD269:AD272) -> 715.25 | AF272: =(AE272/AD220)*100 -> 116.11201 | AG272: ='copy data3'!J326 -> 104 | AH272: =AVERAGE(AG269:AG272) -> 110.75 | AI272: =(AH272/AG220)*100 -> 97.149123 | AJ272: ='copy data3'!L326 -> 3898 | AK272: =AVERAGE(AJ269:AJ272) -> 4254.5 | AL272: =(AK272/AJ220)*100 -> 106.17669 | AM272: ='copy data3'!N326 -> 8455 | AN272: =AVERAGE(AM269:AM272) -> 7478.25 | AO272: =(AN272/AM220)*100 -> 110.88746 | AP272: ='copy data3'!P326 -> 4247 | AQ272: =AVERAGE(AP269:AP272) -> 4511 | AR272: =(AQ272/AP220)*100 -> 93.842313 | AS272: ='copy data3'!R326 -> 16600 | AT272: =AVERAGE(AS269:AS272) -> 16243.75 | AU272: =(AT272/AS220)*100 -> 104.4077
A273: 07/17/2003 | B273: 2019 | C273: 1164 | D273: 486 | E273: 317 | F273: 1221 | G273: 633 | H273: 574 | I273: 379 | J273: 147 | K273: 111 | L273: 4446 | M273: 2604 | N273: 4532 | O273: 35086 | P273: 1705 | Q273: 27771 | R273: =P273+N273+L273 -> 10683 | T273: =T272+7 -> 38757 | U273: ='copy data3'!B327 -> 1644 | V273: =AVERAGE(U270:U273) -> 1898.25 | W273: =(V273/U221)*100 -> 107.67158 | X273: ='copy data3'!D327 -> 344 | Y273: =AVERAGE(X270:X273) -> 304.25 | Z273: =(Y273/X221)*100 -> 80.277045 | AA273: ='copy data3'!F327 -> 1170 | AB273: =AVERAGE(AA270:AA273) -> 1091.75 | AC273: =(AB273/AA221)*100 -> 84.175019 | AD273: ='copy data3'!H327 -> 696 | AE273: =AVERAGE(AD270:AD273) -> 706.25 | AF273: =(AE273/AD221)*100 -> 118.29983 | AG273: ='copy data3'!J327 -> 147 | AH273: =AVERAGE(AG270:AG273) -> 123.25 | AI273: =(AH273/AG221)*100 -> 120.83333 | AJ273: ='copy data3'!L327 -> 3999 | AK273: =AVERAGE(AJ270:AJ273) -> 4123 | AL273: =(AK273/AJ221)*100 -> 99.637506 | AM273: ='copy data3'!N327 -> 8829 | AN273: =AVERAGE(AM270:AM273) -> 8139.5 | AO273: =(AN273/AM221)*100 -> 120.24671 | AP273: ='copy data3'!P327 -> 3788 | AQ273: =AVERAGE(AP270:AP273) -> 4240.5 | AR273: =(AQ273/AP221)*100 -> 96.660588 | AS273: ='copy data3'!R327 -> 16616 | AT273: =AVERAGE(AS270:AS273) -> 16503 | AU273: =(AT273/AS221)*100 -> 107.90506
A274: 07/25/2002 | B274: 1080 | C274: 1396 | D274: 446 | E274: 468 | F274: 1030 | G274: 738 | H274: 611 | I274: 421 | J274: 82 | K274: 174 | L274: 3249 | M274: 3197 | N274: 5026 | O274: 42732 | P274: 1764 | Q274: 28243 | R274: =P274+N274+L274 -> 10039 | T274: =T273+7 -> 38764 | U274: ='copy data3'!B328 -> 1668 | V274: =AVERAGE(U271:U274) -> 1775.5 | W274: =(V274/U222)*100 -> 105.74747 | X274: ='copy data3'!D328 -> 365 | Y274: =AVERAGE(X271:X274) -> 318 | Z274: =(Y274/X222)*100 -> 81.748072 | AA274: ='copy data3'!F328 -> 1125 | AB274: =AVERAGE(AA271:AA274) -> 1102.25 | AC274: =(AB274/AA222)*100 -> 83.377458 | AD274: ='copy data3'!H328 -> 709 | AE274: =AVERAGE(AD271:AD274) -> 698 | AF274: =(AE274/AD222)*100 -> 110.96979 | AG274: ='copy data3'!J328 -> 192 | AH274: =AVERAGE(AG271:AG274) -> 142.25 | AI274: =(AH274/AG222)*100 -> 127.00893 | AJ274: ='copy data3'!L328 -> 4059 | AK274: =AVERAGE(AJ271:AJ274) -> 4035.25 | AL274: =(AK274/AJ222)*100 -> 97.658519 | AM274: ='copy data3'!N328 -> 9281 | AN274: =AVERAGE(AM271:AM274) -> 8605.75 | AO274: =(AN274/AM222)*100 -> 123.00958 | AP274: ='copy data3'!P328 -> 3544 | AQ274: =AVERAGE(AP271:AP274) -> 3995.5 | AR274: =(AQ274/AP222)*100 -> 104.48483 | AS274: ='copy data3'!R328 -> 16884 | AT274: =AVERAGE(AS271:AS274) -> 16636.5 | AU274: =(AT274/AS222)*100 -> 111.26605
A275: 07/24/2003 | B275: 1945 | C275: 1440 | D275: 482 | E275: 433 | F275: 1269 | G275: 750 | H275: 507 | I275: 423 | J275: 166 | K275: 122 | L275: 4368 | M275: 3168 | N275: 4238 | O275: 35928 | P275: 1706 | Q275: 27890 | R275: =P275+N275+L275 -> 10312 | T275: =T274+7 -> 38771 | U275: ='copy data3'!B329 -> 1579 | V275: =AVERAGE(U272:U275) -> 1660.5 | W275: =(V275/U223)*100 -> 101.43555 | X275: ='copy data3'!D329 -> 375 | Y275: =AVERAGE(X272:X275) -> 345.75 | Z275: =(Y275/X223)*100 -> 105.41159 | AA275: ='copy data3'!F329 -> 1020 | AB275: =AVERAGE(AA272:AA275) -> 1093 | AC275: =(AB275/AA223)*100 -> 79.606701 | AD275: ='copy data3'!H329 -> 674 | AE275: =AVERAGE(AD272:AD275) -> 691.5 | AF275: =(AE275/AD223)*100 -> 142.57732 | AG275: ='copy data3'!J329 -> 156 | AH275: =AVERAGE(AG272:AG275) -> 149.75 | AI275: =(AH275/AG223)*100 -> 133.70536 | AJ275: ='copy data3'!L329 -> 3804 | AK275: =AVERAGE(AJ272:AJ275) -> 3940 | AL275: =(AK275/AJ223)*100 -> 100.12706 | AM275: ='copy data3'!N329 -> 8935 | AN275: =AVERAGE(AM272:AM275) -> 8875 | AO275: =(AN275/AM223)*100 -> 127.69784 | AP275: ='copy data3'!P329 -> 3406 | AQ275: =AVERAGE(AP272:AP275) -> 3746.25 | AR275: =(AQ275/AP223)*100 -> 101.49688 | AS275: ='copy data3'!R329 -> 16145 | AT275: =AVERAGE(AS272:AS275) -> 16561.25 | AU275: =(AT275/AS223)*100 -> 113.61999
A276: 08/01/2002 | B276: 1145 | C276: 1572 | D276: 394 | E276: 527 | F276: 1175 | G276: 836 | H276: 685 | I276: 485 | J276: 127 | K276: 176 | L276: 3524 | M276: 3596 | N276: 4596 | O276: 43489 | P276: 1405 | Q276: 28677 | R276: =P276+N276+L276 -> 9525 | T276: =T275+7 -> 38778 | U276: ='copy data3'!B330 -> 1444 | V276: =AVERAGE(U273:U276) -> 1583.75 | W276: =(V276/U224)*100 -> 101.78342 | X276: ='copy data3'!D330 -> 368 | Y276: =AVERAGE(X273:X276) -> 363 | Z276: =(Y276/X224)*100 -> 133.94834 | AA276: ='copy data3'!F330 -> 1039 | AB276: =AVERAGE(AA273:AA276) -> 1088.5 | AC276: =(AB276/AA224)*100 -> 77.75 | AD276: ='copy data3'!H330 -> 686 | AE276: =AVERAGE(AD273:AD276) -> 691.25 | AF276: =(AE276/AD224)*100 -> 133.70406 | AG276: ='copy data3'!J330 -> 174 | AH276: =AVERAGE(AG273:AG276) -> 167.25 | AI276: =(AH276/AG224)*100 -> 156.30841 | AJ276: ='copy data3'!L330 -> 3710 | AK276: =AVERAGE(AJ273:AJ276) -> 3893 | AL276: =(AK276/AJ224)*100 -> 101.09063 | AM276: ='copy data3'!N330 -> 9246 | AN276: =AVERAGE(AM273:AM276) -> 9072.75 | AO276: =(AN276/AM224)*100 -> 134.49081 | AP276: ='copy data3'!P330 -> 3134 | AQ276: =AVERAGE(AP273:AP276) -> 3468 | AR276: =(AQ276/AP224)*100 -> 94.702348 | AS276: ='copy data3'!R330 -> 16090 | AT276: =AVERAGE(AS273:AS276) -> 16433.75 | AU276: =(AT276/AS224)*100 -> 115.25177
... A309: 11/20/2003 | B309: 2854 | C309: 5857 | D309: 593 | E309: 2034 | F309: 937 | G309: 3428 | H309: 950 | I309: 2026 | J309: 150 | K309: 602 | L309: 5483 | M309: 13946 | N309: 10601 | O309: 10219 | P309: 10346 | Q309: 8393 | R309: =P309+N309+L309 -> 26430 | T309: =T308+7 -> 39009 | U309: ='copy data3'!B363 -> 1086 | V309: =AVERAGE(U306:U309) -> 907.25 | W309: =(V309/U257)*100 -> 42.080241 | X309: ='copy data3'!D363 -> 418 | Y309: =AVERAGE(X306:X309) -> 559.75 | Z309: =(Y309/X257)*100 -> 196.40351 | AA309: ='copy data3'!F363 -> 980 | AB309: =AVERAGE(AA306:AA309) -> 988.25 | AC309: =(AB309/AA257)*100 -> 88.871403 | AD309: ='copy data3'!H363 -> 864 | AE309: =AVERAGE(AD306:AD309) -> 870.5 | AF309: =(AE309/AD257)*100 -> 122.43319 | AG309: ='copy data3'!J363 -> 90 | AH309: =AVERAGE(AG306:AG309) -> 97.5 | AI309: =(AH309/AG257)*100 -> 143.38235 | AJ309: ='copy data3'!L363 -> 3438 | AK309: =AVERAGE(AJ306:AJ309) -> 3423 | AL309: =(AK309/AJ257)*100 -> 79.01662 | AM309: ='copy data3'!N363 -> 10872 | AN309: =AVERAGE(AM306:AM309) -> 10774.5 | AO309: =(AN309/AM257)*100 -> 150.69231 | AP309: ='copy data3'!P363 -> 8439 | AQ309: =AVERAGE(AP306:AP309) -> 8745.25 | AR309: =(AQ309/AP257)*100 -> 147.649 | AS309: ='copy data3'!R363 -> 22749 | AT309: =AVERAGE(AS306:AS309) -> 22942.75 | AU309: =(AT309/AS257)*100 -> 131.81701
A310: 37588 | B310: 1204.7 | C310: 4276.6 | D310: 754.6 | E310: 1362.2 | F310: 1443 | G310: 3620.1 | H310: 795.2 | I310: 1801.5 | J310: 157.5 | K310: 448.6 | L310: 4355 | M310: 11509 | N310: 7922.4 | O310: 9344.6 | P310: 7483.3 | Q310: 8375.9 | R310: =P310+N310+L310 -> 19760.7 | T310: =T309+7 -> 39016 | U310: ='copy data3'!B364 -> 1463 | V310: =AVERAGE(U307:U310) -> 1105.5 | W310: =(V310/U258)*100 -> 56.202339 | X310: ='copy data3'!D364 -> 436 | Y310: =AVERAGE(X307:X310) -> 516.25 | Z310: =(Y310/X258)*100 -> 182.42049 | AA310: ='copy data3'!F364 -> 1068 | AB310: =AVERAGE(AA307:AA310) -> 995 | AC310: =(AB310/AA258)*100 -> 84.897611 | AD310: ='copy data3'!H364 -> 972 | AE310: =AVERAGE(AD307:AD310) -> 895.25 | AF310: =(AE310/AD258)*100 -> 128.81295 | AG310: ='copy data3'!J364 -> 90 | AH310: =AVERAGE(AG307:AG310) -> 92.5 | AI310: =(AH310/AG258)*100 -> 90.686275 | AJ310: ='copy data3'!L364 -> 4028 | AK310: =AVERAGE(AJ307:AJ310) -> 3604 | AL310: =(AK310/AJ258)*100 -> 85.423086 | AM310: ='copy data3'!N364 -> 10797 | AN310: =AVERAGE(AM307:AM310) -> 10797 | AO310: =(AN310/AM258)*100 -> 146.81806 | AP310: ='copy data3'!P364 -> 7853 | AQ310: =AVERAGE(AP307:AP310) -> 8560.5 | AR310: =(AQ310/AP258)*100 -> 150.899 | AS310: ='copy data3'!R364 -> 22678 | AT310: =AVERAGE(AS307:AS310) -> 22961.5 | AU310: =(AT310/AS258)*100 -> 133.14102
A311: 37952 | B311: 2950 | C311: 6058.3 | D311: 584 | E311: 2086.4 | F311: 1197.5 | G311: 3540.9 | H311: 1030.7 | I311: 2100.2 | J311: 165.4 | K311: 607.1 | L311: 5927.8 | M311: 14393 | N311: 10312.9 | O311: 11356.4 | P311: 9399.9 | Q311: 9594.7 | R311: =P311+N311+L311 -> 25640.6 | T311: =T310+7 -> 39023 | U311: ='copy data3'!B365 -> 1543 | V311: =AVERAGE(U308:U311) -> 1261.25 | W311: =(V311/U259)*100 -> 44.084236 | X311: ='copy data3'!D365 -> 456 | Y311: =AVERAGE(X308:X311) -> 466 | Z311: =(Y311/X259)*100 -> 188.66397 | AA311: ='copy data3'!F365 -> 1168 | AB311: =AVERAGE(AA308:AA311) -> 1032.5 | AC311: =(AB311/AA259)*100 -> 91.129744 | AD311: ='copy data3'!H365 -> 1089 | AE311: =AVERAGE(AD308:AD311) -> 957.5 | AF311: =(AE311/AD259)*100 -> 115.6401 | AG311: ='copy data3'!J365 -> 89 | AH311: =AVERAGE(AG308:AG311) -> 87.25 | AI311: =(AH311/AG259)*100 -> 86.386139 | AJ311: ='copy data3'!L365 -> 4344 | AK311: =AVERAGE(AJ308:AJ311) -> 3803.75 | AL311: =(AK311/AJ259)*100 -> 73.587735 | AM311: ='copy data3'!N365 -> 11552 | AN311: =AVERAGE(AM308:AM311) -> 10961.75 | AO311: =(AN311/AM259)*100 -> 149.85304 | AP311: ='copy data3'!P365 -> 7497 | AQ311: =AVERAGE(AP308:AP311) -> 8196.25 | AR311: =(AQ311/AP259)*100 -> 156.35731 | AS311: ='copy data3'!R365 -> 23393 | AT311: =AVERAGE(AS308:AS311) -> 22961.75 | AU311: =(AT311/AS259)*100 -> 129.53712
A312: 37595 | B312: 1154 | C312: 4361.9 | D312: 726.4 | E312: 1412 | F312: 1389 | G312: 3650.4 | H312: 722.2 | I312: 1873.7 | J312: 152.5 | K312: 468.6 | L312: 4144.1 | M312: 11851.5 | N312: 7414.6 | O312: 10398.6 | P312: 7939.3 | Q312: 9247.4 | R312: =P312+N312+L312 -> 19498 | T312: =T311+7 -> 39030 | U312: ='copy data3'!B366 -> 1593 | V312: =AVERAGE(U309:U312) -> 1421.25 | W312: =(V312/U260)*100 -> 46.099578 | X312: ='copy data3'!D366 -> 466 | Y312: =AVERAGE(X309:X312) -> 444 | Z312: =(Y312/X260)*100 -> 165.05576 | AA312: ='copy data3'!F366 -> 1078 | AB312: =AVERAGE(AA309:AA312) -> 1073.5 | AC312: =(AB312/AA260)*100 -> 93.591979 | AD312: ='copy data3'!H366 -> 1083 | AE312: =AVERAGE(AD309:AD312) -> 1002 | AF312: =(AE312/AD260)*100 -> 130.98039 | AG312: ='copy data3'!J366 -> 107 | AH312: =AVERAGE(AG309:AG312) -> 94 | AI312: =(AH312/AG260)*100 -> 102.17391 | AJ312: ='copy data3'!L366 -> 4327 | AK312: =AVERAGE(AJ309:AJ312) -> 4034.25 | AL312: =(AK312/AJ260)*100 -> 75.322069 | AM312: ='copy data3'!N366 -> 11944 | AN312: =AVERAGE(AM309:AM312) -> 11291.25 | AO312: =(AN312/AM260)*100 -> 145.73116 | AP312: ='copy data3'!P366 -> 7080 | AQ312: =AVERAGE(AP309:AP312) -> 7717.25 | AR312: =(AQ312/AP260)*100 -> 149.93686 | AS312: ='copy data3'!R366 -> 23351 | AT312: =AVERAGE(AS309:AS312) -> 23042.75 | AU312: =(AT312/AS260)*100 -> 126.25473
A313: 37959 | B313: 2831.4 | C313: 6332.2 | D313: 604.1 | E313: 2126.2 | F313: 1189 | G313: 3735.1 | H313: 1043.4 | I313: 2180.9 | J313: 206.3 | K313: 621.4 | L313: 5874.1 | M313: 14911.1 | N313: 10341.5 | O313: 12365.7 | P313: 8681 | Q313: 10666.8 | R313: =P313+N313+L313 -> 24896.6 | T313: =T312+7 -> 39037 | U313: ='copy data3'!B367 -> 1615 | V313: =AVERAGE(U310:U313) -> 1553.5 | W313: =(V313/U261)*100 -> 52.661017 | X313: ='copy data3'!D367 -> 415 | Y313: =AVERAGE(X310:X313) -> 443.25 | Z313: =(Y313/X261)*100 -> 162.95956 | AA313: ='copy data3'!F367 -> 1135 | AB313: =AVERAGE(AA310:AA313) -> 1112.25 | AC313: =(AB313/AA261)*100 -> 91.997519 | AD313: ='copy data3'!H367 -> 1094 | AE313: =AVERAGE(AD310:AD313) -> 1059.5 | AF313: =(AE313/AD261)*100 -> 131.94271 | AG313: ='copy data3'!J367 -> 113 | AH313: =AVERAGE(AG310:AG313) -> 99.75 | AI313: =(AH313/AG261)*100 -> 96.84466 | AJ313: ='copy data3'!L367 -> 4373 | AK313: =AVERAGE(AJ310:AJ313) -> 4268 | AL313: =(AK313/AJ261)*100 -> 79.970021 | AM313: ='copy data3'!N367 -> 11765 | AN313: =AVERAGE(AM310:AM313) -> 11514.5 | AO313: =(AN313/AM261)*100 -> 147.35731 | AP313: ='copy data3'!P367 -> 7273 | AQ313: =AVERAGE(AP310:AP313) -> 7425.75 | AR313: =(AQ313/AP261)*100 -> 169.38298 | AS313: ='copy data3'!R367 -> 23411 | AT313: =AVERAGE(AS310:AS313) -> 23208.25 | AU313: =(AT313/AS261)*100 -> 132.35386
A314: 37602 | B314: 1114 | C314: 4446 | D314: 765 | E314: 1436 | F314: 1266 | G314: 3901 | H314: 697 | I314: 1980 | J314: 137 | K314: 503 | L314: 4009 | M314: 12265 | N314: 7081 | O314: 11444 | P314: 8242 | Q314: 9990 | R314: =P314+N314+L314 -> 19332 | T314: =T313+7 -> 39044 | U314: ='copy data3'!B368 -> 1602 | V314: =AVERAGE(U311:U314) -> 1588.25 | W314: =(V314/U262)*100 -> 58.00767 | X314: ='copy data3'!D368 -> 451 | Y314: =AVERAGE(X311:X314) -> 447 | Z314: =(Y314/X262)*100 -> 150.50505 | AA314: ='copy data3'!F368 -> 1252 | AB314: =AVERAGE(AA311:AA314) -> 1158.25 | AC314: =(AB314/AA262)*100 -> 106.35904 | AD314: ='copy data3'!H368 -> 1047 | AE314: =AVERAGE(AD311:AD314) -> 1078.25 | AF314: =(AE314/AD262)*100 -> 131.17397 | AG314: ='copy data3'!J368 -> 161 | AH314: =AVERAGE(AG311:AG314) -> 117.5 | AI314: =(AH314/AG262)*100 -> 123.68421 | AJ314: ='copy data3'!L368 -> 4512 | AK314: =AVERAGE(AJ311:AJ314) -> 4389 | AL314: =(AK314/AJ262)*100 -> 87.066058 | AM314: ='copy data3'!N368 -> 11889 | AN314: =AVERAGE(AM311:AM314) -> 11787.5 | AO314: =(AN314/AM262)*100 -> 151.92035 | AP314: ='copy data3'!P368 -> 7331 | AQ314: =AVERAGE(AP311:AP314) -> 7295.25 | AR314: =(AQ314/AP262)*100 -> 185.8189 | AS314: ='copy data3'!R368 -> 23732 | AT314: =AVERAGE(AS311:AS314) -> 23471.75 | AU314: =(AT314/AS262)*100 -> 140.33092
A315: 37966 | B315: 3183 | C315: 6335 | D315: 658 | E315: 2145 | F315: 1336 | G315: 3755 | H315: 1249 | I315: 2180.9 | J315: 202 | K315: 654 | L315: 6628 | M315: 15170 | N315: 10319 | O315: 13312 | P315: 7816 | Q315: 17737 | R315: =P315+N315+L315 -> 24763 | T315: =T314+7 -> 39051 | U315: ='copy data3'!B369 -> 1565 | V315: =AVERAGE(U312:U315) -> 1593.75 | W315: =(V315/U263)*100 -> 58.421921 | X315: ='copy data3'!D369 -> 531 | Y315: =AVERAGE(X312:X315) -> 465.75 | Z315: =(Y315/X263)*100 -> 161.71875 | AA315: ='copy data3'!F369 -> 1164 | AB315: =AVERAGE(AA312:AA315) -> 1157.25 | AC315: =(AB315/AA263)*100 -> 108.45829 | AD315: ='copy data3'!H369 -> 1019 | AE315: =AVERAGE(AD312:AD315) -> 1060.75 | AF315: =(AE315/AD263)*100 -> 128.7318 | AG315: ='copy data3'!J369 -> 139 | AH315: =AVERAGE(AG312:AG315) -> 130 | AI315: =(AH315/AG263)*100 -> 168.83117 | AJ315: ='copy data3'!L369 -> 4417 | AK315: =AVERAGE(AJ312:AJ315) -> 4407.25 | AL315: =(AK315/AJ263)*100 -> 88.127375 | AM315: ='copy data3'!N369 -> 11329 | AN315: =AVERAGE(AM312:AM315) -> 11731.75 | AO315: =(AN315/AM263)*100 -> 157.85455 | AP315: ='copy data3'!P369 -> 7068 | AQ315: =AVERAGE(AP312:AP315) -> 7188 | AR315: =(AQ315/AP263)*100 -> 176.21966 | AS315: ='copy data3'!R369 -> 22814 | AT315: =AVERAGE(AS312:AS315) -> 23327 | AU315: =(AT315/AS263)*100 -> 141.27301
A316: 37609 | B316: 1172 | C316: 4506.2 | D316: 799.7 | E316: 1451.9 | F316: 1357 | G316: 3987.4 | H316: 678.6 | I316: 2028.8 | J316: 135.4 | K316: 508.2 | L316: 4142.6 | M316: 12482.5 | N316: 6635.2 | O316: 12568.4 | P316: 8749 | Q316: 10607.5 | R316: =P316+N316+L316 -> 19526.8 | T316: =T315+7 -> 39058 | U316: ='copy data3'!B370 -> 1697 | V316: =AVERAGE(U313:U316) -> 1619.75 | W316: =(V316/U264)*100 -> 57.703954 | X316: ='copy data3'!D370 -> 489 | Y316: =AVERAGE(X313:X316) -> 471.5 | Z316: =(Y316/X264)*100 -> 161.4726 | AA316: ='copy data3'!F370 -> 1173 | AB316: =AVERAGE(AA313:AA316) -> 1181 | AC316: =(AB316/AA264)*100 -> 108.15018 | AD316: ='copy data3'!H370 -> 977 | AE316: =AVERAGE(AD313:AD316) -> 1034.25 | AF316: =(AE316/AD264)*100 -> 130.42245 | AG316: ='copy data3'!J370 -> 139 | AH316: =AVERAGE(AG313:AG316) -> 138 | AI316: =(AH316/AG264)*100 -> 394.28571 | AJ316: ='copy data3'!L370 -> 4475 | AK316: =AVERAGE(AJ313:AJ316) -> 4444.25 | AL316: =(AK316/AJ264)*100 -> 88.566162 | AM316: ='copy data3'!N370 -> 11493 | AN316: =AVERAGE(AM313:AM316) -> 11619 | AO316: =(AN316/AM264)*100 -> 158.42651 | AP316: ='copy data3'!P370 -> 6898 | AQ316: =AVERAGE(AP313:AP316) -> 7142.5 | AR316: =(AQ316/AP264)*100 -> 181.09787 | AS316: ='copy data3'!R370 -> 22866 | AT316: =AVERAGE(AS313:AS316) -> 23205.75 | AU316: =(AT316/AS264)*100 -> 142.40151
A317: 37973 | B317: 3312.6 | C317: 6589.5 | D317: 705.9 | E317: 2169.5 | F317: 1487.1 | G317: 3838.8 | H317: 1380.4 | I317: 2226.3 | J317: 173.3 | K317: 674.3 | L317: 7059.3 | M317: 15498.4 | N317: 9846.9 | O317: 14737 | P317: 8301.1 | Q317: 12730.7 | R317: =P317+N317+L317 -> 25207.3 | T317: =T316+7 -> 39065 | U317: ='copy data3'!B371 -> 1673 | V317: =AVERAGE(U314:U317) -> 1634.25 | W317: =(V317/U265)*100 -> 56.982218 | X317: ='copy data3'!D371 -> 532 | Y317: =AVERAGE(X314:X317) -> 500.75 | Z317: =(Y317/X265)*100 -> 179.48029 | AA317: ='copy data3'!F371 -> 1234 | AB317: =AVERAGE(AA314:AA317) -> 1205.75 | AC317: =(AB317/AA265)*100 -> 105.8604 | AD317: ='copy data3'!H371 -> 1026 | AE317: =AVERAGE(AD314:AD317) -> 1017.25 | AF317: =(AE317/AD265)*100 -> 127.15625 | AG317: ='copy data3'!J371 -> 103 | AH317: =AVERAGE(AG314:AG317) -> 135.5 | AI317: =(AH317/AG265)*100 -> 451.66667 | AJ317: ='copy data3'!L371 -> 4568 | AK317: =AVERAGE(AJ314:AJ317) -> 4493 | AL317: =(AK317/AJ265)*100 -> 87.822518 | AM317: ='copy data3'!N371 -> 11855 | AN317: =AVERAGE(AM314:AM317) -> 11641.5 | AO317: =(AN317/AM265)*100 -> 165.43271 | AP317: ='copy data3'!P371 -> 7011 | AQ317: =AVERAGE(AP314:AP317) -> 7077 | AR317: =(AQ317/AP265)*100 -> 176.74825 | AS317: ='copy data3'!R371 -> 23434 | AT317: =AVERAGE(AS314:AS317) -> 23211.5 | AU317: =(AT317/AS265)*100 -> 143.66219
A318: 37616 | B318: 1083 | C318: 4581 | D318: 730 | E318: 1546 | F318: 1230 | G318: 4104 | H318: 618 | I318: 2068 | J318: 123 | K318: 521 | L318: 3783 | M318: 12820 | N318: 6561 | O318: 13013 | P318: 8262 | Q318: 11347 | R318: =P318+N318+L318 -> 18606 | T318: =T317+7 -> 39072 | U318: ='copy data3'!B372 -> 1681 | V318: =AVERAGE(U315:U318) -> 1654 | W318: =(V318/U266)*100 -> 60.831188 | X318: ='copy data3'!D372 -> 553 | Y318: =AVERAGE(X315:X318) -> 526.25 | Z318: =(Y318/X266)*100 -> 180.84192 | AA318: ='copy data3'!F372 -> 1280 | AB318: =AVERAGE(AA315:AA318) -> 1212.75 | AC318: =(AB318/AA266)*100 -> 111.05769 | AD318: ='copy data3'!H372 -> 1033 | AE318: =AVERAGE(AD315:AD318) -> 1013.75 | AF318: =(AE318/AD266)*100 -> 143.99858 | AG318: ='copy data3'!J372 -> 83 | AH318: =AVERAGE(AG315:AG318) -> 116 | AI318: =(AH318/AG266)*100 -> 414.28571 | AJ318: ='copy data3'!L372 -> 4630 | AK318: =AVERAGE(AJ315:AJ318) -> 4522.5 | AL318: =(AK318/AJ266)*100 -> 93.556061 | AM318: ='copy data3'!N372 -> 11890 | AN318: =AVERAGE(AM315:AM318) -> 11641.75 | AO318: =(AN318/AM266)*100 -> 175.88382 | AP318: ='copy data3'!P372 -> 7376 | AQ318: =AVERAGE(AP315:AP318) -> 7088.25 | AR318: =(AQ318/AP266)*100 -> 165.38147 | AS318: ='copy data3'!R372 -> 23896 | AT318: =AVERAGE(AS315:AS318) -> 23252.5 | AU318: =(AT318/AS266)*100 -> 147.7381
...

Sheet copy data2
A1: New Table12
A2: FAS - Accumulated Grain Export Sales | AH2: COMPARISON - SALES & EXPORTS
A3: Metric Tons | S3: EXTEND RANGE in L..N | AH3: OUTSTANDING EXPORT SALES AND EXPORTS - CURRENT MARKETING YEAR
A4: Crop Year-Wheat=6/01-5/31; Corn & Soybeans=9/01-8/31; | R4: 3 Crop | S4: each week FOR GRAPHIC | AH4: SUMMARY AND COMPARISON OF SELECTED COMMODITIES 1/
B5: HRW | D5: SRW | F5: HRS | H5: SWW | J5: DUR | L5: All Wheat | N5: Corn | P5: Soybean | R5: Total | S5: Accum | U5: All 3 Crops | V5: Outstd | W5: Accum | Y5: Outstd | AB5: Cumulative | AH5: ---------------------- | AI5: --------- | AJ5: --------- | AK5: ------------ | AL5: --------- | AM5: ---------
B6: Outstd | C6: Accum | D6: Outstd | E6: Accum | F6: Outstd | G6: Accum | H6: Outstd | I6: Accum | J6: Outstd | K6: Accum | L6: Outstd | M6: Accum | N6: Outstd | O6: Accum | P6: Outstd | Q6: Accum | S6: Week | T6: Date | U6: Outstd | V6: 4-wk average | W6: 4-wk average | X6: Corn | Y6: Soybeans | Z6: Wheat | AA6: Corn | AB6: Soybeans | AC6: Wheat | AH6: : WEEK | AI6: : OUT- | AJ6: :WEEKLY | AK6: :CUMULATIVE | AL6: EXPORTS: | AM6: TOTAL :
A7: 36523 | B7: 894 | C7: 7280 | D7: 642 | E7: 2514 | F7: 801 | G7: 3375 | H7: 721 | I7: 2326 | J7: 255 | K7: 563 | L7: 3312 | M7: 16058 | N7: 7894 | O7: 17010 | P7: 4521 | Q7: 11070 | R7: =L7+N7+P7 -> 15727 | S7: =M7+O7+Q7 -> 44138 | T7: Dec. 00 | U7: 15727 | AH7: COMMODITY : END- | AI7: :STANDIN | AJ7: G:EXPORTS | AK7: : FO | AL7: R : | AM7: COMMIT-:
A8: 36888 | B8: 998 | C8: 5836 | D8: 295 | E8: 2759 | F8: 923 | G8: 3301 | H8: 666 | I8: 3023 | J8: 170 | K8: 737 | L8: 3047 | M8: 15656 | N8: 6697 | O8: 15269 | P8: 6104 | Q8: 11059 | R8: =L8+N8+P8 -> 15848 | S8: =M8+O8+Q8 -> 41984 | T8: Dec. 00 | U8: 15848 | AH8: : ING | AI8: : SALES | AJ8: : | AK8: : MARKETIN | AL8: G YEAR : | AM8: MENT 2/:
A9: 01/05/2000 | B9: 854 | C9: 7364 | D9: 523 | E9: 2644 | F9: 707 | G9: 3493 | H9: 638 | I9: 2455 | J9: 206 | K9: 619 | L9: 2928 | M9: 16575 | N9: 7360 | O9: 17826 | P9: 4436 | Q9: 11672 | R9: =L9+N9+P9 -> 14724 | S9: =M9+O9+Q9 -> 46073 | T9: Dec. 00 | U9: 14724 | AH9: ---------------------- | AI9: --------- | AJ9: --------- | AK9: ------------ | AL9: --------- | AM9: ---------
A10: 01/04/2001 | B10: 906 | C10: 5946 | D10: 179 | E10: 2898 | F10: 920 | G10: 3379 | H10: 596 | I10: 3132 | J10: 173 | K10: 748 | L10: 2775 | M10: 16103 | N10: 6253 | O10: 15898 | P10: 5712 | Q10: 11894 | R10: =L10+N10+P10 -> 14740 | S10: =M10+O10+Q10 -> 43895 | T10: Jan. 01 | U10: 14740 | V10: =AVERAGE(U7:U10) -> 15259.75 | W10: =AVERAGE(S7:S10) -> 44022.5 | AH10: : | AJ10: 1000 | AL10: MILLION | AM10: 10
A11: 36537 | B11: 780.4 | C11: 7583.5 | D11: 430.7 | E11: 2745 | F11: 687 | G11: 3564 | H11: 589 | I11: 2535 | J11: 224 | K11: 619 | L11: 2711 | M11: 17047 | N11: 7487 | O11: 18837 | P11: 4338 | Q11: 12360 | R11: =L11+N11+P11 -> 14536 | S11: =M11+O11+Q11 -> 48244 | T11: Jan. 01 | U11: 14536 | V11: =AVERAGE(U8:U11) -> 14962 | W11: =AVERAGE(S8:S11) -> 45049 | AH11: : | AI11: ------ | AJ11: METRIC T | AK11: ONS ------ | AL11: BUSHELS | AM11: =-- METR -> #NAME?
A12: 36902 | B12: 998 | C12: 6063.2 | D12: 259 | E12: 2933 | F12: 894 | G12: 3499 | H12: 604 | I12: 3159 | J12: 141 | K12: 781 | L12: 2896 | M12: 16432.5 | N12: 5936 | O12: 16827 | P12: 6140 | Q12: 12416 | R12: =L12+N12+P12 -> 14972 | S12: =M12+O12+Q12 -> 45675.5 | T12: Jan. 01 | U12: 14972 | V12: =AVERAGE(U9:U12) -> 14743 | W12: =AVERAGE(S9:S12) -> 45971.875 | AH12: HARD RED WINTER: 12/13 | AI12: 4228.7 | AJ12: 161.9 | AK12: 7955.7 | AL12: 292.3 | AM12: 12184.4
A13: 36544 | B13: 808 | C13: 7709 | D13: 394 | E13: 2818 | F13: 704 | G13: 3617 | H13: 535 | I13: 2616 | J13: 175 | K13: 670 | L13: 2614 | M13: 17430 | N13: 7737 | O13: 19721 | P13: 3887 | Q13: 12978 | R13: =L13+N13+P13 -> 14238 | S13: =M13+O13+Q13 -> 50129 | T13: Jan. 01 | U13: 14238 | V13: =AVERAGE(U10:U13) -> 14621.5 | W13: =AVERAGE(S10:S13) -> 46985.875 | AH13: WHEAT : 12/20 | AI13: 4080.7 | AJ13: 178.4 | AK13: 8134.2 | AL13: 298.9 | AM13: 12214.8
A14: 36909 | B14: 1032 | C14: 6176 | D14: 424 | E14: 2983 | F14: 988 | G14: 3525 | H14: 1032 | I14: 3213 | J14: 138 | K14: 781 | L14: 3614 | M14: 16678 | N14: 6654 | O14: 17667 | P14: 3553 | Q14: 13114 | R14: =L14+N14+P14 -> 13821 | S14: =M14+O14+Q14 -> 47459 | T14: Feb. 01 | U14: 13821 | V14: =AVERAGE(U11:U14) -> 14391.75 | W14: =AVERAGE(S11:S14) -> 47876.875 | AH14: :YR AGO | AI14: 1681.3 | AJ14: 160.9 | AK14: 3151.8 | AL14: 115.8 | AM14: 4833.1
A15: 36551 | B15: 870 | C15: 7882 | D15: 424 | E15: 2888 | F15: 786 | G15: 3697 | H15: 442 | I15: 2767 | J15: 237 | K15: 673 | L15: 2704 | M15: 17907 | N15: 7579 | O15: 20673 | P15: 3593 | Q15: 13664 | R15: =L15+N15+P15 -> 13876 | S15: =M15+O15+Q15 -> 52244 | T15: Feb. 01 | U15: 13876 | V15: =AVERAGE(U12:U15) -> 14226.75 | W15: =AVERAGE(S12:S15) -> 48876.875 | AH15: :
A16: 36916 | B16: 1107 | C16: 6332 | D16: 454 | E16: 3030 | F16: 973 | G16: 3642 | H16: 981 | I16: 3324 | J16: 182 | K16: 807 | L16: 3654 | M16: 17133 | N16: 7071 | O16: 18382 | P16: 6446 | Q16: 13996 | R16: =L16+N16+P16 -> 17171 | S16: =M16+O16+Q16 -> 49511 | T16: Feb. 01 | U16: 17171 | V16: =AVERAGE(U13:U16) -> 14776.5 | W16: =AVERAGE(S13:S16) -> 49835.75 | AH16: SOFT RED WINTER: 12/13 | AI16: 830.2 | AJ16: 37.2 | AK16: 4053.3 | AL16: 148.9 | AM16: 4883.5
A17: 36558 | B17: 959 | C17: 8037 | D17: 482 | E17: 2949 | F17: 831 | G17: 3840 | H17: 440 | I17: 2882 | J17: 188 | K17: 692 | L17: 2898 | M17: 18398 | N17: 7771 | O17: 21491 | P17: 3920 | Q17: 14289 | R17: =L17+N17+P17 -> 14589 | S17: =M17+O17+Q17 -> 54178 | T17: Feb. 01 | U17: 14589 | V17: =AVERAGE(U14:U17) -> 14864.25 | W17: =AVERAGE(S14:S17) -> 50848 | AH17: WHEAT : 12/20 | AI17: 818 | AJ17: 14.3 | AK17: 4067.5 | AL17: 149.5 | AM17: 4885.5
A18: 36923 | B18: 1363 | C18: 6428 | D18: 543 | E18: 3092 | F18: 966 | G18: 3771 | H18: 960 | I18: 3390 | J18: 128 | K18: 839 | L18: 3960 | M18: 17521 | N18: 7569 | O18: 18913 | P18: 6703 | Q18: 14541 | R18: =L18+N18+P18 -> 18232 | S18: =M18+O18+Q18 -> 50975 | T18: Mar. 01 | U18: 18232 | V18: =AVERAGE(U15:U18) -> 15967 | W18: =AVERAGE(S15:S18) -> 51727 | AH18: :YR AGO | AI18: 552.6 | AJ18: 11.3 | AK18: 1987.4 | AL18: 73 | AM18: 2540
A19: 36565 | B19: 1027 | C19: 8168 | D19: 466 | E19: 3094 | F19: 800 | G19: 3955 | H19: 487 | I19: 2899.7 | J19: 176 | K19: 691.5 | L19: 2938 | M19: 18808 | N19: 7408 | O19: 22378.8 | P19: 3681 | Q19: 15192.5 | R19: =L19+N19+P19 -> 14027 | S19: =M19+O19+Q19 -> 56379.3 | T19: Mar. 01 | U19: 14027 | V19: =AVERAGE(U16:U19) -> 16004.75 | W19: =AVERAGE(S16:S19) -> 52760.825 | AH19: :
A20: 36930 | B20: 1291 | C20: 6664.7 | D20: 509 | E20: 3184 | F20: 933 | G20: 3936 | H20: 975 | I20: 3507 | J20: 124 | K20: 842.4 | L20: 3833 | M20: 18134 | N20: 7584.9 | O20: 20055 | P20: 6480 | Q20: 15501.8 | R20: =L20+N20+P20 -> 17897.9 | S20: =M20+O20+Q20 -> 53690.8 | T20: Mar. 01 | U20: 17897.9 | V20: =AVERAGE(U17:U20) -> 16186.475 | W20: =AVERAGE(S17:S20) -> 53805.775 | AH20: HARD RED SPRING: 12/13 | AI20: 2352.8 | AJ20: 183.4 | AK20: 4653.1 | AL20: 171 | AM20: 7005.9
A21: 36572 | B21: 984 | C21: 8405 | D21: 488 | E21: 3171 | F21: 921 | G21: 4057 | H21: 489 | I21: 2970 | J21: 166 | K21: 703 | L21: 3047 | M21: 19306 | N21: 7423 | O21: 23257.5 | P21: 4002 | Q21: 15857 | R21: =L21+N21+P21 -> 14472 | S21: =M21+O21+Q21 -> 58420.5 | T21: Mar. 01 | U21: 14472 | V21: =AVERAGE(U18:U21) -> 16157.225 | W21: =AVERAGE(S18:S21) -> 54866.4 | AH21: WHEAT : 12/20 | AI21: 2419.9 | AJ21: 102.7 | AK21: 4755.8 | AL21: 174.7 | AM21: 7175.7
A22: 36937 | B22: 1260 | C22: 6814.9 | D22: 482 | E22: 3279 | F22: 870 | G22: 4048 | H22: 902 | I22: 3595 | J22: 163 | K22: 842 | L22: 3677 | M22: 18580 | N22: 7576 | O22: 20800 | P22: 6260 | Q22: 16306 | R22: =L22+N22+P22 -> 17513 | S22: =M22+O22+Q22 -> 55686 | T22: Mar. 01 | U22: 17513 | V22: =AVERAGE(U19:U22) -> 15977.475 | W22: =AVERAGE(S19:S22) -> 56044.15 | AH22: :YR AGO | AI22: 1280.2 | AJ22: 74.2 | AK22: 3622 | AL22: 133.1 | AM22: 4902.2
A23: 36579 | B23: 943 | C23: 8540 | D23: 385 | E23: 3286 | F23: 910 | G23: 4134 | H23: 482 | I23: 3035 | J23: 155 | K23: 713 | L23: 2875 | M23: 19709 | N23: 7517 | O23: 24291 | P23: 3938 | Q23: 16479 | R23: =L23+N23+P23 -> 14330 | S23: =M23+O23+Q23 -> 60479 | T23: Apr. 01 | U23: 14330 | V23: =AVERAGE(U20:U23) -> 16053.225 | W23: =AVERAGE(S20:S23) -> 57069.075 | AH23: :
A24: 36944 | B24: 1176 | C24: 7056 | D24: 404 | E24: 3411 | F24: 867 | G24: 4231 | H24: 941 | I24: 3737 | J24: 174 | K24: 867 | L24: 3560 | M24: 19302 | N24: 7303 | O24: 21728 | P24: 5753 | Q24: 17326 | R24: =L24+N24+P24 -> 16616 | S24: =M24+O24+Q24 -> 58356 | T24: Apr. 01 | U24: 16616 | V24: =AVERAGE(U21:U24) -> 15732.75 | W24: =AVERAGE(S21:S24) -> 58235.375 | AH24: WHITE WHEAT : 12/13 | AI24: 1361.4 | AJ24: 109.4 | AK24: 2477.9 | AL24: 91 | AM24: 3839.3
A25: 36586 | B25: 942 | C25: 8687 | D25: 401 | E25: 3371 | F25: 1009 | G25: 4209 | H25: 557 | I25: 3076 | J25: 247 | K25: 741 | L25: 3156 | M25: 20084 | N25: 8148 | O25: 25033 | P25: 3852 | Q25: 17091 | R25: =L25+N25+P25 -> 15156 | S25: =M25+O25+Q25 -> 62208 | T25: Apr. 01 | U25: 15156 | V25: =AVERAGE(U22:U25) -> 15903.75 | W25: =AVERAGE(S22:S25) -> 59182.25 | AH25: : 12/20 | AI25: 1372.4 | AJ25: 79.8 | AK25: 2557.7 | AL25: 94 | AM25: 3930.1
A26: 36951 | B26: 1204 | C26: 7191 | D26: 387 | E26: 3552 | F26: 847 | G26: 4318 | H26: 910 | I26: 3862 | J26: 182 | K26: 868 | L26: 3530 | M26: 19792 | N26: 7415 | O26: 22492 | P26: 5129 | Q26: 18173 | R26: =L26+N26+P26 -> 16074 | S26: =M26+O26+Q26 -> 60457 | T26: Apr. 01 | U26: 16074 | V26: =AVERAGE(U23:U26) -> 15544 | W26: =AVERAGE(S23:S26) -> 60375 | AH26: :YR AGO | AI26: 1032.6 | AJ26: 26 | AK26: 2615.7 | AL26: 96.1 | AM26: 3648.2
A27: 36593 | B27: 1009 | C27: 8792 | D27: 438 | E27: 3371 | F27: 1037 | G27: 4336 | H27: 562 | I27: 3121 | J27: 290 | K27: 749 | L27: 3336 | M27: 20368 | N27: 7952 | O27: 25999 | P27: 3223 | Q27: 18093 | R27: =L27+N27+P27 -> 14511 | S27: =M27+O27+Q27 -> 64460 | T27: May. 01 | U27: 14511 | V27: =AVERAGE(U24:U27) -> 15589.25 | W27: =AVERAGE(S24:S27) -> 61370.25 | AH27: :
A28: 36958 | B28: 1075 | C28: 7404 | D28: 399 | E28: 3613 | F28: 899 | G28: 4420 | H28: 798 | I28: 4035 | J28: 195 | K28: 874 | L28: 3365 | M28: 20346 | N28: 7488 | O28: 23341 | P28: 4733 | Q28: 19089 | R28: =L28+N28+P28 -> 15586 | S28: =M28+O28+Q28 -> 62776 | T28: May. 01 | U28: 15586 | V28: =AVERAGE(U25:U28) -> 15331.75 | W28: =AVERAGE(S25:S28) -> 62475.25 | AH28: DURUM WHEAT : 12/13 | AI28: 173 | AJ28: 32 | AK28: 766 | AL28: 28.1 | AM28: 938.9
A29: 36601 | B29: 1068 | C29: 8875 | D29: 321 | E29: 3523 | F29: 1045 | G29: 4389 | H29: 600 | I29: 3146 | J29: 276 | K29: 775 | L29: 3310 | M29: 20709 | N29: 7537 | O29: 26906 | P29: 2941 | Q29: 18747 | R29: =L29+N29+P29 -> 13788 | S29: =M29+O29+Q29 -> 66362 | T29: May. 01 | U29: 13788 | V29: =AVERAGE(U26:U29) -> 14989.75 | W29: =AVERAGE(S26:S29) -> 63513.75 | AH29: : 12/20 | AI29: 173 | AJ29: 6.1 | AK29: 772.1 | AL29: 28.4 | AM29: 945
A30: 36965 | B30: 1121 | C30: 7517 | D30: 387 | E30: 3648 | F30: 1012 | G30: 4490 | H30: 845 | I30: 4073 | J30: 261 | K30: 878 | L30: 3626 | M30: 20606 | N30: 7315 | O30: 24160 | P30: 4168 | Q30: 19950 | R30: =L30+N30+P30 -> 15109 | S30: =M30+O30+Q30 -> 64716 | T30: May. 01 | U30: 15109 | V30: =AVERAGE(U27:U30) -> 14748.5 | W30: =AVERAGE(S27:S30) -> 64578.5 | AH30: :YR AGO | AI30: 83.4 | AJ30: 19.6 | AK30: 533.9 | AL30: 19.6 | AM30: 617.3
A31: 36608 | B31: 1028 | C31: 8982 | D31: 308 | E31: 3586 | F31: 1117 | G31: 4489 | H31: 622 | I31: 3192 | J31: 254 | K31: 797 | L31: 3229 | M31: 21047 | N31: 7316 | O31: 27895 | P31: 2514 | Q31: 19444 | R31: =L31+N31+P31 -> 13059 | S31: =M31+O31+Q31 -> 68386 | T31: May. 01 | U31: 13059 | V31: =AVERAGE(U28:U31) -> 14385.5 | W31: =AVERAGE(S28:S31) -> 65560 | AH31: :
A32: 36972 | B32: 1182 | C32: 7626 | D32: 471 | E32: 3670 | F32: 1092 | G32: 4529 | H32: 859 | I32: 4136 | J32: 275 | K32: 905 | L32: 3878 | M32: 20866 | N32: 6439 | O32: 25448 | P32: 3453 | Q32: 20954 | R32: =L32+N32+P32 -> 13770 | S32: =M32+O32+Q32 -> 67268 | T32: Jun. 01 | U32: 13770 | V32: =AVERAGE(U29:U32) -> 13931.5 | W32: =AVERAGE(S29:S32) -> 66683 | AH32: ALL WHEAT : 12/13 | AI32: 8946.1 | AJ32: 524 | AK32: 19906 | AL32: 731.4 | AM32: 28852.1
A33: 36615 | B33: 1033 | C33: 9168 | D33: 317 | E33: 3631 | F33: 1023 | G33: 4588 | H33: 591 | I33: 3282 | J33: 256 | K33: 797 | L33: 3219 | M33: 21464 | N33: 7249 | O33: 28827 | P33: 2309 | Q33: 19951 | R33: =L33+N33+P33 -> 12777 | S33: =M33+O33+Q33 -> 70242 | T33: Jun. 01 | U33: 12777 | V33: =AVERAGE(U30:U33) -> 13678.75 | W33: =AVERAGE(S30:S33) -> 67653 | AH33: : 12/20 | AI33: 8863.8 | AJ33: 381.3 | AK33: 20287.2 | AL33: 745.4 | AM33: 29151.1
A34: 36979 | B34: 1184 | C34: 7716 | D34: 452 | E34: 3721 | F34: 1000 | G34: 4693 | H34: 721 | I34: 4306 | J34: 281 | K34: 933 | L34: 3638 | M34: 21368 | N34: 6338 | O34: 26668 | P34: 2907 | Q34: 21648 | R34: =L34+N34+P34 -> 12883 | S34: =M34+O34+Q34 -> 69684 | T34: Jun. 01 | U34: 12883 | V34: =AVERAGE(U31:U34) -> 13122.25 | W34: =AVERAGE(S31:S34) -> 68895 | AH34: :YR AGO | AI34: 4630.1 | AJ34: 292 | AK34: 11910.7 | AL34: 437.6 | AM34: 16540.9
A35: 36622 | B35: 1088 | C35: 9298 | D35: 302 | E35: 3726 | F35: 837 | G35: 4794 | H35: 596 | I35: 3390 | J35: 255 | K35: 798 | L35: 3077 | M35: 22007 | N35: 7132 | O35: 29668 | P35: 2021 | Q35: 20454 | R35: =L35+N35+P35 -> 12230 | S35: =M35+O35+Q35 -> 72129 | T35: Jun. 01 | U35: 12230 | V35: =AVERAGE(U32:U35) -> 12915 | W35: =AVERAGE(S32:S35) -> 69830.75
A36: 36986 | B36: 1132 | C36: 7903 | D36: 499 | E36: 3793 | F36: 910 | G36: 4819 | H36: 605 | I36: 4462 | J36: 268 | K36: 954 | L36: 3415 | M36: 21931 | N36: 5618 | O36: 27841 | P36: 2477 | Q36: 22284 | R36: =L36+N36+P36 -> 11510 | S36: =M36+O36+Q36 -> 72056 | T36: Jul. 01 | U36: 11510 | V36: =AVERAGE(U33:U36) -> 12350 | W36: =AVERAGE(S33:S36) -> 71027.75
A37: 36629 | B37: 1008 | C37: 9460 | D37: 328 | E37: 3781 | F37: 785 | G37: 4881 | H37: 694 | I37: 3435 | J37: 246 | K37: 825 | L37: 3061 | M37: 22383 | N37: 7258 | O37: 30593 | P37: 1956 | Q37: 20823 | R37: =L37+N37+P37 -> 12275 | S37: =M37+O37+Q37 -> 73799 | T37: Jul. 01 | U37: 12275 | V37: =AVERAGE(U34:U37) -> 12224.5 | W37: =AVERAGE(S34:S37) -> 71917
A38: 36993 | B38: 1098 | C38: 8073 | D38: 404 | E38: 4028 | F38: 879 | G38: 4927 | H38: 569 | I38: 4561 | J38: 274 | K38: 954 | L38: 3223 | M38: 22543 | N38: 5216 | O38: 28787 | P38: 2090 | Q38: 22744 | R38: =L38+N38+P38 -> 10529 | S38: =M38+O38+Q38 -> 74074 | T38: Jul. 01 | U38: 10529 | V38: =AVERAGE(U35:U38) -> 11636 | W38: =AVERAGE(S35:S38) -> 73014.5
A39: 36636 | B39: 867 | C39: 9632 | D39: 346 | E39: 3828 | F39: 681 | G39: 5072 | H39: 665 | I39: 3472 | J39: 256 | K39: 825 | L39: 2815 | M39: 22829 | N39: 7405 | O39: 31682 | P39: 1909 | Q39: 21107 | R39: =L39+N39+P39 -> 12129 | S39: =M39+O39+Q39 -> 75618 | T39: Jul. 01 | U39: 12129 | V39: =AVERAGE(U36:U39) -> 11610.75 | W39: =AVERAGE(S36:S39) -> 73886.75
A40: 37000 | B40: 952 | C40: 8297 | D40: 407 | E40: 4110 | F40: 853 | G40: 5033 | H40: 531 | I40: 4635 | J40: 205 | K40: 1021 | L40: 2947 | M40: 23096 | N40: 4735 | O40: 29675 | P40: 2060 | Q40: 22906 | R40: =L40+N40+P40 -> 9742 | S40: =M40+O40+Q40 -> 75677 | T40: Aug. 01 | U40: 9742 | V40: =AVERAGE(U37:U40) -> 11168.75 | W40: =AVERAGE(S37:S40) -> 74792
A41: 36643 | B41: 741 | C41: 9849 | D41: 472 | E41: 3870 | F41: 673 | G41: 5147 | H41: 639 | I41: 3506 | J41: 255 | K41: 825 | L41: 2779 | M41: 23198 | N41: 6877 | O41: 32624 | P41: 1979 | Q41: 21295 | R41: =L41+N41+P41 -> 11635 | S41: =M41+O41+Q41 -> 77117 | T41: Aug. 01 | U41: 11635 | V41: =AVERAGE(U38:U41) -> 11008.75 | W41: =AVERAGE(S38:S41) -> 75621.5
A42: 37007 | B42: 915 | C42: 8510 | D42: 397 | E42: 4158 | F42: 705 | G42: 5208 | H42: 518 | I42: 4671 | J42: 154 | K42: 1023 | L42: 2689 | M42: 23570 | N42: 5168 | O42: 30510 | P42: 2115 | Q42: 23145 | R42: =L42+N42+P42 -> 9972 | S42: =M42+O42+Q42 -> 77225 | T42: Aug. 01 | U42: 9972 | V42: =AVERAGE(U39:U42) -> 10869.5 | W42: =AVERAGE(S39:S42) -> 76409.25
A43: 36650 | B43: 824 | C43: 10005 | D43: 422 | E43: 3903.7 | F43: 579 | G43: 5283.3 | H43: 588 | I43: 3618.3 | J43: 204 | K43: 878 | L43: 2617 | M43: 23688 | N43: 6817 | O43: 33432 | P43: 1776 | Q43: 21794 | R43: =L43+N43+P43 -> 11210 | S43: =M43+O43+Q43 -> 78914 | T43: Aug. 01 | U43: 11210 | V43: =AVERAGE(U40:U43) -> 10639.75 | W43: =AVERAGE(S40:S43) -> 77233.25 | AH43: CORN : 12/13 | AI43: 19082.5 | AJ43: 1230.1 | AK43: 18662.1 | AL43: 734.7 | AM43: 37744.6
A44: 37014 | B44: 814 | C44: 8685 | D44: 308 | E44: 4282.3 | F44: 584 | G44: 5364.6 | H44: 426 | I44: 4795.7 | J44: 148 | K44: 1098 | L44: 2280 | M44: 24226 | N44: 5444 | O44: 31156 | P44: 2110 | Q44: 23333 | R44: =L44+N44+P44 -> 9834 | S44: =M44+O44+Q44 -> 78715 | T44: Sept. 01 | U44: 9834 | V44: =AVERAGE(U41:U44) -> 10662.75 | W44: =AVERAGE(S41:S44) -> 77992.75 | AH44: : 12/20 | AI44: 19243.4 | AJ44: 1262.6 | AK44: 19924.6 | AL44: 784.4 | AM44: 39168.1 | AN44: 62230 | AO44: 3/
A45: 36657 | B45: 755 | C45: 10102.9 | D45: 240 | E45: 4060.4 | F45: 524 | G45: 5353 | H45: 539 | I45: 3682 | J45: 167 | K45: 918 | L45: 2226 | M45: 24117 | N45: 6941 | O45: 34082 | P45: 1728 | Q45: 22041 | R45: =L45+N45+P45 -> 10895 | S45: =M45+O45+Q45 -> 80240 | T45: Sept. 01 | U45: 10895 | V45: =AVERAGE(U42:U45) -> 10477.75 | W45: =AVERAGE(S42:S45) -> 78773.5 | AH45: :YR AGO | AI45: 11890.1 | AJ45: 1118.4 | AK45: 17911 | AL45: 705.1 | AM45: 29801.1
A46: 37021 | B46: 690 | C46: 8843.9 | D46: 300 | E46: 4294.6 | F46: 536 | G46: 5455 | H46: 415 | I46: 4847 | J46: 158 | K46: 1101 | L46: 2099 | M46: 24542 | N46: 5620 | O46: 31848 | P46: 2133 | Q46: 23616 | R46: =L46+N46+P46 -> 9852 | S46: =M46+O46+Q46 -> 80006 | T46: Sept. 01 | U46: 9852 | V46: =AVERAGE(U43:U46) -> 10447.75 | W46: =AVERAGE(S43:S46) -> 79468.75
A47: 36664 | B47: 703 | C47: 10258 | D47: 170 | E47: 4114 | F47: 402 | G47: 5423 | H47: 356 | I47: 3814 | J47: 150 | K47: 936 | L47: 1780 | M47: 24544 | N47: 6979 | O47: 34970 | P47: 1900 | Q47: 22208 | R47: =L47+N47+P47 -> 10659 | S47: =M47+O47+Q47 -> 81722 | T47: Sept. 01 | U47: 10659 | V47: =AVERAGE(U44:U47) -> 10310 | W47: =AVERAGE(S44:S47) -> 80170.75 | AH47: SOYBEANS : 12/13 | AI47: 9638 | AJ47: 1103 | AK47: 10367.6 | AL47: 380.9 | AM47: 20005.5
A48: 37028 | B48: 683 | C48: 8942.6 | D48: 180 | E48: 4389 | F48: 514 | G48: 5511 | H48: 369 | I48: 4945 | J48: 150 | K48: 1118 | L48: 1896 | M48: 24905 | N48: 6187 | O48: 32470 | P48: 2083 | Q48: 23781 | R48: =L48+N48+P48 -> 10166 | S48: =M48+O48+Q48 -> 81156 | T48: Oct. 01 | U48: 10166 | V48: =AVERAGE(U45:U48) -> 10393 | W48: =AVERAGE(S45:S48) -> 80781 | AH48: : 12/20 | AI48: 9486.8 | AJ48: 834.3 | AK48: 11201.9 | AL48: 411.6 | AM48: 20688.6 | AN48: 27080
A49: 36671 | B49: 526 | C49: 10491 | D49: 136 | E49: 4160 | F49: 275 | G49: 5511 | H49: 244 | I49: 3914 | J49: 103 | K49: 984 | L49: 1285 | M49: 25060 | N49: 6889 | O49: 35816 | P49: 1973 | Q49: 22428 | R49: =L49+N49+P49 -> 10147 | S49: =M49+O49+Q49 -> 83304 | T49: Oct. 01 | U49: 10147 | V49: =AVERAGE(U46:U49) -> 10206 | W49: =AVERAGE(S46:S49) -> 81547 | AH49: :YR AGO | AI49: 7375.7 | AJ49: 672.3 | AK49: 12196.8 | AL49: 448.2 | AM49: 19572.6
A50: 37035 | B50: 535 | C50: 9117 | D50: 174 | E50: 4422 | F50: 455 | G50: 5598 | H50: 228 | I50: 5050 | J50: 155 | K50: 1118 | L50: 1547 | M50: 25305 | N50: 6164 | O50: 33266 | P50: 1949 | Q50: 24058 | R50: =L50+N50+P50 -> 9660 | S50: =M50+O50+Q50 -> 82629 | T50: Oct. 01 | U50: 9660 | V50: =AVERAGE(U47:U50) -> 10158 | W50: =AVERAGE(S47:S50) -> 82202.75
A51: 36678 | B51: 337 | C51: 10629.4 | D51: 102 | E51: 4195 | F51: 201 | G51: 5590 | H51: 94 | I51: 4055 | J51: 103 | K51: 984 | L51: 837 | M51: 25453 | N51: 7063 | O51: 36584 | P51: 2020 | Q51: 22714 | R51: =L51+N51+P51 -> 9920 | S51: =M51+O51+Q51 -> 84751 | T51: Oct. 01 | U51: 9920 | V51: =AVERAGE(U48:U51) -> 9973.25 | W51: =AVERAGE(S48:S51) -> 82960
A52: 37042 | B52: 354 | C52: 9313.5 | D52: 140 | E52: 4444.5 | F52: 391 | G52: 5775 | H52: 138 | I52: 5156 | J52: 144 | K52: 1130 | L52: 1167 | M52: 25819 | N52: 6653 | O52: 33693 | P52: 1947 | Q52: 24354 | R52: =L52+N52+P52 -> 9767 | S52: =M52+O52+Q52 -> 83866 | T52: Nov. 01 | U52: 9767 | V52: =AVERAGE(U49:U52) -> 9873.5 | W52: =AVERAGE(S49:S52) -> 83637.5
A53: 36685 | B53: 1062 | C53: 261.9 | D53: 764 | E53: 37 | F53: 765 | G53: 135 | H53: 603 | I53: 26 | J53: 256 | K53: 0 | L53: 3449.8 | M53: 460 | N53: 7125 | O53: 37500 | P53: 2058 | Q53: 23082 | R53: =L53+N53+P53 -> 12632.8 | S53: =M53+O53+Q53 -> 61042 | T53: Nov. 01 | U53: 12632.8 | V53: =AVERAGE(U50:U53) -> 10494.95 | W53: =AVERAGE(S50:S53) -> 78072
A54: 37049 | B54: 945.9 | C54: 97.6 | D54: 551 | E54: 27.5 | F54: 830 | G54: 73 | H54: 436 | I54: 61 | J54: 176 | K54: 31 | L54: 2939.5 | M54: 291 | N54: 7364 | O54: 34243 | P54: 2148 | Q54: 24439 | R54: =L54+N54+P54 -> 12451.5 | S54: =M54+O54+Q54 -> 58973 | T54: Nov. 01 | U54: 12451.5 | V54: =AVERAGE(U51:U54) -> 11192.825 | W54: =AVERAGE(S51:S54) -> 72158
A55: 36692 | B55: 1218 | C55: 383 | D55: 744 | E55: 162 | F55: 724 | G55: 253 | H55: 586 | I55: 107 | J55: 255 | K55: 1 | L55: 3526 | M55: 906 | N55: 7250 | O55: 38270 | P55: 2142 | Q55: 23286 | R55: =L55+N55+P55 -> 12918 | S55: =M55+O55+Q55 -> 62462 | T55: Nov. 01 | U55: 12918 | V55: =AVERAGE(U52:U55) -> 11942.325 | W55: =AVERAGE(S52:S55) -> 66585.75
A56: 37056 | B56: 838 | C56: 294 | D56: 540 | E56: 145 | F56: 815 | G56: 142 | H56: 418 | I56: 125 | J56: 217 | K56: 31 | L56: 2844 | M56: 738 | N56: 7368 | O56: 35177 | P56: 2020 | Q56: 24620 | R56: =L56+N56+P56 -> 12232 | S56: =M56+O56+Q56 -> 60535 | T56: Nov. 01 | U56: 12232 | V56: =AVERAGE(U53:U56) -> 12558.575 | W56: =AVERAGE(S53:S56) -> 60753
A57: 36699 | B57: 1188 | C57: 554 | D57: 723 | E57: 238 | F57: 770 | G57: 353 | H57: 591 | I57: 166 | J57: 245 | K57: 21 | L57: 3516 | M57: 1332 | N57: 7161 | O57: 39035 | P57: 2079 | Q57: 23539 | R57: =L57+N57+P57 -> 12756 | S57: =M57+O57+Q57 -> 63906 | T57: Dec. 01 | U57: 12756 | V57: =AVERAGE(U54:U57) -> 12589.375 | W57: =AVERAGE(S54:S57) -> 61469
A58: 37063 | B58: 948 | C58: 476 | D58: 593 | E58: 203 | F58: 747 | G58: 274 | H58: 471 | I58: 144 | J58: 219 | K58: 50 | L58: 2978 | M58: 1146 | N58: 7448 | O58: 36139 | P58: 1932 | Q58: 24895 | R58: =L58+N58+P58 -> 12358 | S58: =M58+O58+Q58 -> 62180 | T58: Dec. 01 | U58: 12358 | V58: =AVERAGE(U55:U58) -> 12566 | W58: =AVERAGE(S55:S58) -> 62270.75
A59: 36706 | B59: 1069 | C59: 756 | D59: 617 | E59: 361 | F59: 766 | G59: 428 | H59: 410 | I59: 354 | J59: 242 | K59: 25 | L59: 3103 | M59: 1923 | N59: 7227 | O59: 39776 | P59: 2112 | Q59: 23927 | R59: =L59+N59+P59 -> 12442 | S59: =M59+O59+Q59 -> 65626 | T59: Dec. 01 | U59: 12442 | V59: =AVERAGE(U56:U59) -> 12447 | W59: =AVERAGE(S56:S59) -> 63061.75 | AH59: 35292
A60: 37070 | B60: 1033 | C60: 589 | D60: 723 | E60: 254 | F60: 845 | G60: 331 | H60: 465 | I60: 202 | J60: 234 | K60: 65 | L60: 3300 | M60: 1440 | N60: 7533 | O60: 36925 | P60: 2050 | Q60: 25282 | R60: =L60+N60+P60 -> 12883 | S60: =M60+O60+Q60 -> 63647 | T60: Dec. 01 | U60: 12883 | V60: =AVERAGE(U57:U60) -> 12609.75 | W60: =AVERAGE(S57:S60) -> 63839.75 | AH60: 35656
A61: 36713 | B61: 1052 | C61: 896 | D61: 551 | E61: 547 | F61: 787 | G61: 573 | H61: 604 | I61: 387 | J61: 239 | K61: 28 | L61: 3233 | M61: 2431 | N61: 6820 | O61: 40757 | P61: 2197 | Q61: 24063 | R61: =L61+N61+P61 -> 12250 | S61: =M61+O61+Q61 -> 67251 | T61: Jan. 02 | U61: 12250 | V61: =AVERAGE(U58:U61) -> 12483.25 | W61: =AVERAGE(S58:S61) -> 64676 | AH61: 35299
A62: 37077 | B62: 1011 | C62: 737 | D62: 634 | E62: 342 | F62: 854 | G62: 406 | H62: 481 | I62: 268 | J62: 219 | K62: 83 | L62: 3198 | M62: 1835 | N62: 7384 | O62: 37918 | P62: 2029 | Q62: 25429 | R62: =L62+N62+P62 -> 12611 | S62: =M62+O62+Q62 -> 65182 | T62: Jan. 02 | U62: 12611 | V62: =AVERAGE(U59:U62) -> 12546.5 | W62: =AVERAGE(S59:S62) -> 65426.5 | AH62: 35663
A63: 36720 | B63: 964 | C63: 1193 | D63: 564 | E63: 686 | F63: 828 | G63: 656 | H63: 645 | I63: 413 | J63: 239 | K63: 58 | L63: 3239 | M63: 3005 | N63: 6716 | O63: 41668 | P63: 1993 | Q63: 24479 | R63: =L63+N63+P63 -> 11948 | S63: =M63+O63+Q63 -> 69152 | T63: Jan. 02 | U63: 11948 | V63: =AVERAGE(U60:U63) -> 12423 | W63: =AVERAGE(S60:S63) -> 66308 | AH63: 35306
A64: 37084 | B64: 1072 | C64: 870 | D64: 697 | E64: 443 | F64: 844 | G64: 476 | H64: 534 | I64: 308 | J64: 240 | K64: 95 | L64: 3386 | M64: 2193 | N64: 7550 | O64: 39080 | P64: 2092 | Q64: 25633 | R64: =L64+N64+P64 -> 13028 | S64: =M64+O64+Q64 -> 66906 | T64: Jan. 02 | U64: 13028 | V64: =AVERAGE(U61:U64) -> 12459.25 | W64: =AVERAGE(S61:S64) -> 67122.75 | AH64: 35670
A65: 36727 | B65: 1143 | C65: 1335 | D65: 512 | E65: 806 | F65: 839 | G65: 756 | H65: 789 | I65: 427 | J65: 354 | K65: 100 | L65: 3637 | M65: 3423 | N65: 6478 | O65: 42560 | P65: 1923 | Q65: 24800 | R65: =L65+N65+P65 -> 12038 | S65: =M65+O65+Q65 -> 70783 | T65: Jan. 02 | U65: 12038 | V65: =AVERAGE(U62:U65) -> 12406.25 | W65: =AVERAGE(S62:S65) -> 68005.75
A66: 37091 | B66: 1253 | C66: 1042 | D66: 797 | E66: 512 | F66: 820 | G66: 610 | H66: 528 | I66: 339 | J66: 288 | K66: 97 | L66: 3687 | M66: 2599 | N66: 7934 | O66: 39922 | P66: 1907 | Q66: 25829 | R66: =L66+N66+P66 -> 13528 | S66: =M66+O66+Q66 -> 68350 | T66: Feb. 02 | U66: 13528 | V66: =AVERAGE(U63:U66) -> 12635.5 | W66: =AVERAGE(S63:S66) -> 68797.75
A67: 36734 | B67: 1136 | C67: 1500 | D67: 543 | E67: 848 | F67: 804 | G67: 883 | H67: 761 | I67: 491 | J67: 318 | K67: 146 | L67: 3562 | M67: 3869 | N67: 6116 | O67: 43461 | P67: 1788 | Q67: 25175 | R67: =L67+N67+P67 -> 11466 | S67: =M67+O67+Q67 -> 72505 | T67: Feb. 02 | U67: 11466 | V67: =AVERAGE(U64:U67) -> 12515 | W67: =AVERAGE(S64:S67) -> 69636
A68: 37098 | B68: 1307 | C68: 1131 | D68: 818 | E68: 570 | F68: 908 | G68: 665 | H68: 586 | I68: 356 | J68: 256 | K68: 143 | L68: 3873 | M68: 2865 | N68: 7111 | O68: 41067 | P68: 1899 | Q68: 26067 | R68: =L68+N68+P68 -> 12883 | S68: =M68+O68+Q68 -> 69999 | T68: Feb. 02 | U68: 12883 | V68: =AVERAGE(U65:U68) -> 12478.75 | W68: =AVERAGE(S65:S68) -> 70409.25
A69: 36741 | B69: 1215 | C69: 1691 | D69: 651 | E69: 934 | F69: 901 | G69: 957 | H69: 1038 | I69: 637 | J69: 343 | K69: 163 | L69: 4148 | M69: 4382 | N69: 5766 | O69: 44317 | P69: 1635 | Q69: 25625 | R69: =L69+N69+P69 -> 11549 | S69: =M69+O69+Q69 -> 74324 | T69: Feb. 02 | U69: 11549 | V69: =AVERAGE(U66:U69) -> 12356.5 | W69: =AVERAGE(S66:S69) -> 71294.5
A70: 37105 | B70: 1247 | C70: 1319 | D70: 868 | E70: 730 | F70: 881 | G70: 811 | H70: 499 | I70: 449 | J70: 289 | K70: 186 | L70: 3784 | M70: 3495 | N70: 6466 | O70: 42327 | P70: 1790 | Q70: 26337 | R70: =L70+N70+P70 -> 12040 | S70: =M70+O70+Q70 -> 72159 | T70: Mar. 02 | U70: 12040 | V70: =AVERAGE(U67:U70) -> 11984.5 | W70: =AVERAGE(S67:S70) -> 72246.75
A71: 36748 | B71: 1273 | C71: 1915 | D71: 727 | E71: 1029.5 | F71: 978 | G71: 1029 | H71: 963 | I71: 778 | J71: 308 | K71: 201 | L71: 4248 | M71: 4952 | N71: 5388 | O71: 44949 | P71: 1360 | Q71: 25991 | R71: =L71+N71+P71 -> 10996 | S71: =M71+O71+Q71 -> 75892 | T71: Mar. 02 | U71: 10996 | V71: =AVERAGE(U68:U71) -> 11867 | W71: =AVERAGE(S68:S71) -> 73093.5
A72: 37112 | B72: 1398 | C72: 1375 | D72: 1047 | E72: 834 | F72: 974 | G72: 866 | H72: 474 | I72: 531 | J72: 343 | K72: 204 | L72: 4235 | M72: 3809 | N72: 5807 | O72: 43648 | P72: 1521 | Q72: 26586 | R72: =L72+N72+P72 -> 11563 | S72: =M72+O72+Q72 -> 74043 | T72: Mar. 02 | U72: 11563 | V72: =AVERAGE(U69:U72) -> 11537 | W72: =AVERAGE(S69:S72) -> 74104.5
A73: 36755 | B73: 1440 | C73: 2120 | D73: 694 | E73: 1099 | F73: 992 | G73: 1096 | H73: 949 | I73: 882 | J73: 299 | K73: 273 | L73: 4375 | M73: 5469 | N73: 4296 | O73: 46181 | P73: 1050 | Q73: 26331 | R73: =L73+N73+P73 -> 9721 | S73: =M73+O73+Q73 -> 77981 | T73: Mar. 02 | U73: 9721 | V73: =AVERAGE(U70:U73) -> 11080 | W73: =AVERAGE(S70:S73) -> 75018.75
A74: 37119 | B74: 1288 | C74: 1594 | D74: 918 | E74: 1007 | F74: 1050 | G74: 959 | H74: 432 | I74: 626 | J74: 338 | K74: 255 | L74: 4026 | M74: 4441 | N74: 4748 | O74: 44956 | P74: 1206 | Q74: 26905 | R74: =L74+N74+P74 -> 9980 | S74: =M74+O74+Q74 -> 76302 | T74: Apr.. 02 | U74: 9980 | V74: =AVERAGE(U71:U74) -> 10565 | W74: =AVERAGE(S71:S74) -> 76054.5
A75: 36762 | B75: 1301 | C75: 2350 | D75: 623 | E75: 1191 | F75: 981 | G75: 1240 | H75: 947 | I75: 957 | J75: 272 | K75: 311 | L75: 4123 | M75: 6048 | N75: 3372 | O75: 47318 | P75: 1002 | Q75: 26565 | R75: =L75+N75+P75 -> 8497 | S75: =M75+O75+Q75 -> 79931 | T75: Apr.. 02 | U75: 8497 | V75: =AVERAGE(U72:U75) -> 9940.25 | W75: =AVERAGE(S72:S75) -> 77064.25
A76: 37126 | B76: 1296 | C76: 1733 | D76: 985 | E76: 1031 | F76: 1071 | G76: 1069 | H76: 401 | I76: 725 | J76: 350 | K76: 279 | L76: 4103 | M76: 4837 | N76: 3731 | O76: 46135 | P76: 988 | Q76: 27200 | R76: =L76+N76+P76 -> 8822 | S76: =M76+O76+Q76 -> 78172 | T76: Apr.. 02 | U76: 8822 | V76: =AVERAGE(U73:U76) -> 9255 | W76: =AVERAGE(S73:S76) -> 78096.5
... A163: 37070 | B163: 1032 | C163: 589 | D163: 723 | E163: 254 | F163: 845 | G163: 330 | H163: 465 | I163: 202 | J163: 234 | K163: 65 | L163: 3300 | M163: 1440 | N163: 7533 | O163: 36924 | P163: 2050 | Q163: 25216 | R163: =L163+N163+P163 -> 12883 | S163: =M163+O163+Q163 -> 63580 | T163: Dec. 03 | U163: 12883 | V163: =AVERAGE(U160:U163) -> 12713.5 | W163: =AVERAGE(S160:S163) -> 63802
A164: 37434 | B164: 1137 | C164: 551 | D164: 396 | E164: 243 | F164: 1043 | G164: 245 | H164: 515 | I164: 258 | J164: 182 | K164: 32 | L164: 3272 | M164: 1329 | N164: 6623 | O164: 38644 | P164: 2574 | Q164: 26916 | R164: =L164+N164+P164 -> 12469 | S164: =M164+O164+Q164 -> 66889 | T164: Jan. 04 | U164: 12469 | V164: =AVERAGE(U161:U164) -> 12840 | W164: =AVERAGE(S161:S164) -> 64550.5 | AD164: Jan.
A165: 37077 | B165: 1011 | C165: 737 | D165: 634 | E165: 342 | F165: 854 | G165: 400 | H165: 481 | I165: 268 | J165: 219 | K165: 88 | L165: 3198 | M165: 1834 | N165: 7384 | O165: 37918 | P165: 2029 | Q165: 25363 | R165: =L165+N165+P165 -> 12611 | S165: =M165+O165+Q165 -> 65115 | T165: Jan. 04 | U165: 12611 | V165: =AVERAGE(U162:U165) -> 12903.25 | W165: =AVERAGE(S162:S165) -> 65286.75 | AD165: Jan.
A166: 37441 | B166: 994 | C166: 713 | D166: 396 | E166: 321 | F166: 886 | G166: 375 | H166: 559 | I166: 280 | J166: 127 | K166: 98 | L166: 2962 | M166: 1786 | N166: 5933 | O166: 39667 | P166: 2372 | Q166: 27205 | R166: =L166+N166+P166 -> 11267 | S166: =M166+O166+Q166 -> 68658 | T166: Jan. 04 | U166: 11267 | V166: =AVERAGE(U163:U166) -> 12307.5 | W166: =AVERAGE(S163:S166) -> 66060.5 | AD166: Jan.
A167: 37084 | B167: 1072 | C167: 870 | D167: 697 | E167: 443 | F167: 844 | G167: 476 | H167: 534 | I167: 308 | J167: 240 | K167: 95 | L167: 3386 | M167: 2192 | N167: 7550 | O167: 39087 | P167: 2092 | Q167: 25633 | R167: =L167+N167+P167 -> 13028 | S167: =M167+O167+Q167 -> 66912 | T167: Jan. 04 | U167: 13028 | V167: =AVERAGE(U164:U167) -> 12343.75 | W167: =AVERAGE(S164:S167) -> 66893.5 | AD167: Jan.
A168: 37448 | B168: 1040 | C168: 1017 | D168: 406 | E168: 369 | F168: 1063 | G168: 480 | H168: 611 | I168: 376 | J168: 131 | K168: 106 | L168: 3251 | M168: 2347 | N168: 5717 | O168: 40601 | P168: 3348 | Q168: 27585 | R168: =L168+N168+P168 -> 12316 | S168: =M168+O168+Q168 -> 70533 | T168: Jan. 04 | U168: 12316 | V168: =AVERAGE(U165:U168) -> 12305.5 | W168: =AVERAGE(S165:S168) -> 67804.5 | AD168: Jan.
A169: 37091 | B169: 1253 | C169: 1042 | D169: 797 | E169: 512 | F169: 820 | G169: 609 | H169: 528 | I169: 339 | J169: 288 | K169: 98 | L169: 3687 | M169: 2598 | N169: 7934 | O169: 39922 | P169: 1907 | Q169: 25829 | R169: =L169+N169+P169 -> 13528 | S169: =M169+O169+Q169 -> 68349 | T169: Feb. 04 | U169: 13528 | V169: =AVERAGE(U166:U169) -> 12534.75 | W169: =AVERAGE(S166:S169) -> 68613 | AD169: Feb.
A170: 37455 | B170: 1136 | C170: 1195 | D170: 449 | E170: 421 | F170: 984 | G170: 653 | H170: 671 | I170: 395 | J170: 116 | K170: 138 | L170: 3356 | M170: 2802 | N170: 5402 | O170: 41687 | P170: 1979 | Q170: 27938 | R170: =L170+N170+P170 -> 10737 | S170: =M170+O170+Q170 -> 72427 | T170: Feb. 04 | U170: 10737 | V170: =AVERAGE(U167:U170) -> 12402.25 | W170: =AVERAGE(S167:S170) -> 69555.25 | AD170: Feb.
A171: 37098 | B171: 1307 | C171: 1131 | D171: 818 | E171: 570 | F171: 908 | G171: 665 | H171: 586 | I171: 356 | J171: 256 | K171: 143 | L171: 3874 | M171: 2864 | N171: 7111 | O171: 41067 | P171: 1899 | Q171: 26067 | R171: =L171+N171+P171 -> 12884 | S171: =M171+O171+Q171 -> 69998 | T171: Feb. 04 | U171: 12884 | V171: =AVERAGE(U168:U171) -> 12366.25 | W171: =AVERAGE(S168:S171) -> 70326.75 | AD171: Feb.
A172: 37462 | B172: 1080 | C172: 1396 | D172: 446 | E172: 468 | F172: 1030 | G172: 738 | H172: 611 | I172: 421 | J172: 82 | K172: 174 | L172: 3249 | M172: 3197 | N172: 5026 | O172: 42752 | P172: 1764 | Q172: 28267 | R172: =L172+N172+P172 -> 10039 | S172: =M172+O172+Q172 -> 74216 | T172: Feb. 04 | U172: 10039 | V172: =AVERAGE(U169:U172) -> 11797 | W172: =AVERAGE(S169:S172) -> 71247.5 | AD172: Feb.
A173: 37105 | B173: 1247 | C173: 1319 | D173: 868 | E173: 730 | F173: 881 | G173: 806 | H173: 499 | I173: 449 | J173: 289 | K173: 186 | L173: 3784 | M173: 3490 | N173: 6466 | O173: 42327 | P173: 1790 | Q173: 26337 | R173: =L173+N173+P173 -> 12040 | S173: =M173+O173+Q173 -> 72154 | T173: Mar. 04 | U173: 12040 | V173: =AVERAGE(U170:U173) -> 11425 | W173: =AVERAGE(S170:S173) -> 72198.75 | AD173: Mar.
A174: 37469 | B174: 1145 | C174: 1572 | D174: 394 | E174: 527 | F174: 1175 | G174: 836 | H174: 685 | I174: 485 | J174: 127 | K174: 176 | L174: 3524 | M174: 3596 | N174: 4596 | O174: 43489 | P174: 3420 | Q174: 28700 | R174: =L174+N174+P174 -> 11540 | S174: =M174+O174+Q174 -> 75785 | T174: Mar. 04 | U174: 11540 | V174: =AVERAGE(U171:U174) -> 11625.75 | W174: =AVERAGE(S171:S174) -> 73038.25 | AD174: Mar.
A175: 37112 | B175: 1398 | C175: 1375 | D175: 1047 | E175: 834 | F175: 974 | G175: 860 | H175: 474 | I175: 531 | J175: 343 | K175: 204 | L175: 4235 | M175: 3803 | N175: 5807 | O175: 43636 | P175: 1521 | Q175: 26586 | R175: =L175+N175+P175 -> 11563 | S175: =M175+O175+Q175 -> 74025 | T175: Mar. 04 | U175: 11563 | V175: =AVERAGE(U172:U175) -> 11295.5 | W175: =AVERAGE(S172:S175) -> 74045 | AD175: Mar.
... A184: 37504 | B184: 1250 | C184: 2546 | D184: 328 | E184: 910 | F184: 1187 | G184: 1769 | H184: 560 | I184: 979 | J184: 90 | K184: 258 | L184: 3415 | M184: 6460 | N184: 6206 | O184: 439 | P184: 5802 | Q184: 109 | R184: =L184+N184+P184 -> 15423 | S184: =M184+O184+Q184 -> 7008 | T184: May. 04 | U184: 15423 | V184: =AVERAGE(U181:U184) -> 11338.25 | W184: =AVERAGE(S181:S184) -> 44330.5 | AD184: May
A185: 37147 | B185: 1191 | C185: 2267 | D185: 880 | E185: 1502 | F185: 953 | G185: 1490 | H185: 433 | I185: 885 | J185: 326 | K185: 381 | L185: 3783 | M185: 6525 | N185: 6692 | O185: 1660 | P185: 6006 | Q185: 241 | R185: =L185+N185+P185 -> 16481 | S185: =M185+O185+Q185 -> 8426 | T185: May. 04 | U185: 16481 | V185: =AVERAGE(U182:U185) -> 13593.5 | W185: =AVERAGE(S182:S185) -> 26360.5 | X185: =N364 -> 9450 | AD185: May
A186: 37511 | B186: 1387 | C186: 2729 | D186: 380 | E186: 949 | F186: 1374 | G186: 1849 | H186: 628 | I186: 1043 | J186: 102 | K186: 260 | L186: 3872 | M186: 6831 | N186: 6418 | O186: 1276 | P186: 6204 | Q186: 335 | R186: =L186+N186+P186 -> 16494 | S186: =M186+O186+Q186 -> 8442 | T186: Jun. 04 | U186: 16494 | V186: =AVERAGE(U183:U186) -> 16199.25 | W186: =AVERAGE(S183:S186) -> 7677 | X186: =N366 -> 8520 | AD186: Jun.
A187: 37154 | B187: 1275 | C187: 2397 | D187: 906 | E187: 1612 | F187: 881 | G187: 1604 | H187: 533 | I187: 911 | J187: 316 | K187: 391 | L187: 3911 | M187: 6915 | N187: 6553 | O187: 2992 | P187: 6158 | Q187: 505 | R187: =L187+N187+P187 -> 16622 | S187: =M187+O187+Q187 -> 10412 | T187: Jun. 04 | U187: 16622 | V187: =AVERAGE(U184:U187) -> 16255 | W187: =AVERAGE(S184:S187) -> 8572 | X187: =N368 -> 8094 | AD187: Jun.
A188: 37518 | B188: 1591 | C188: 2920 | D188: 372 | E188: 1008 | F188: 1542 | G188: 2007 | H188: 673 | I188: 1137 | J188: 102 | K188: 260 | L188: 4280 | M188: 7332 | N188: 6352 | O188: 2080 | P188: 6801 | Q188: 444 | R188: =L188+N188+P188 -> 17433 | S188: =M188+O188+Q188 -> 9856 | T188: Jun. 04 | U188: 17433 | V188: =AVERAGE(U185:U188) -> 16757.5 | W188: =AVERAGE(S185:S188) -> 9284 | X188: =N370 -> 7524 | AD188: Jun.
A189: 37161 | B189: 1150 | C189: 2604 | D189: 1091 | E189: 1761 | F189: 862 | G189: 1752 | H189: 499 | I189: 1018 | J189: 314 | K189: 440 | L189: 3916 | M189: 7575 | N189: 7018 | O189: 3780 | P189: 6896 | Q189: 731 | R189: =L189+N189+P189 -> 17830 | S189: =M189+O189+Q189 -> 12086 | T189: Jun. 04 | U189: 17830 | V189: =AVERAGE(U186:U189) -> 17094.75 | W189: =AVERAGE(S186:S189) -> 10199 | X189: =N372 -> 7533 | AD189: Jun.
A190: 37525 | B190: 1629 | C190: 2989 | D190: 403 | E190: 1008 | F190: 1581 | G190: 2085 | H190: 734 | I190: 1187 | J190: 177 | K190: 280 | L190: 4524 | M190: 7548 | N190: 6852 | O190: 2536 | P190: 6854 | Q190: 659 | R190: =L190+N190+P190 -> 18230 | S190: =M190+O190+Q190 -> 10743 | T190: Jul. 04 | U190: 18230 | V190: =AVERAGE(U187:U190) -> 17528.75 | W190: =AVERAGE(S187:S190) -> 10774.25 | X190: =N374 -> 7158 | AD190: Jul.
A191: 37168 | B191: 1108 | C191: 2792 | D191: 1214 | E191: 1883 | F191: 884 | G191: 1869 | H191: 552 | I191: 1067 | J191: 231 | K191: 517 | L191: 3989 | M191: 8128 | N191: 6862 | O191: 4556 | P191: 7854 | Q191: 863 | R191: =L191+N191+P191 -> 18705 | S191: =M191+O191+Q191 -> 13547 | T191: Jul. 04 | U191: 18705 | V191: =AVERAGE(U188:U191) -> 18049.5 | W191: =AVERAGE(S188:S191) -> 11558 | X191: =N376 -> 6791 | AD191: Jul.
A192: 37532 | B192: 1658 | C192: 3105 | D192: 436 | E192: 1043 | F192: 1626 | G192: 2210 | H192: 849 | I192: 1187 | J192: 160 | K192: 334 | L192: 4729 | M192: 7877 | N192: 7024 | O192: 3034 | P192: 7134 | Q192: 895 | R192: =L192+N192+P192 -> 18887 | S192: =M192+O192+Q192 -> 11806 | T192: Jul. 04 | U192: 18887 | V192: =AVERAGE(U189:U192) -> 18413 | W192: =AVERAGE(S189:S192) -> 12045.5 | X192: =N378 -> 6203 | AD192: Jul.
A193: 37175 | B193: 1174 | C193: 2889 | D193: 1087 | E193: 2079 | F193: 868 | G193: 1988 | H193: 550 | I193: 1158 | J193: 227 | K193: 522 | L193: 3906 | M193: 8636 | N193: 6944 | O193: 5287 | P193: 8511 | Q193: 1526 | R193: =L193+N193+P193 -> 19361 | S193: =M193+O193+Q193 -> 15449 | T193: Jul. 04 | U193: 19361 | V193: =AVERAGE(U190:U193) -> 18795.75 | W193: =AVERAGE(S190:S193) -> 12886.25 | X193: =N380 -> 5775 | AD193: Jul.
A194: 37539 | B194: 1683 | C194: 3197 | D194: 480 | E194: 1070 | F194: 1675 | G194: 2366 | H194: 819 | I194: 1187 | J194: 107 | K194: 338 | L194: 4764 | M194: 8158 | N194: 6890 | O194: 3819 | P194: 7362 | Q194: 1227 | R194: =L194+N194+P194 -> 19016 | S194: =M194+O194+Q194 -> 13204 | T194: Jul. 04 | U194: 19016 | V194: =AVERAGE(U191:U194) -> 18992.25 | W194: =AVERAGE(S191:S194) -> 13501.5 | X194: =N382 -> 5170 | AD194: Jul.
...

Sheet copy data3
A1: New Table 12
A2: FAS - Accumulated Grain Export Sales
A3: Metric Tons
A4: Crop Year-Wheat=6/01-5/31; Corn & Soybeans=9/01-8/31;
R5: 3 Crop
B6: HRW | D6: SRW | F6: HRS | H6: SWW | J6: DUR | L6: All Wheat | N6: Corn | P6: Soybean | R6: Total | S6: 4-week running | U6: Net Export | V6: Sales, Current Marketing Year
B7: Outstd | C7: Accum | D7: Outstd | E7: Accum | F7: Outstd | G7: Accum | H7: Outstd | I7: Accum | J7: Outstd | K7: Accum | L7: Outstd | M7: Accum | N7: Outstd | O7: Accum | P7: Outstd | Q7: Accum | S7: Outstd
A8: 36523 | B8: 894 | C8: 7280 | D8: 642 | E8: 2514 | F8: 801 | G8: 3375 | H8: 721 | I8: 2326 | J8: 255 | K8: 563 | L8: 3312 | M8: 16058 | N8: 7894 | O8: 17010 | P8: 4521 | Q8: 11070 | R8: =P8+N8+L8 -> 15727
A9: 36531 | B9: 854 | C9: 7364 | D9: 523 | E9: 2644 | F9: 707 | G9: 3493 | H9: 638 | I9: 2455 | J9: 206 | K9: 619 | L9: 2928 | M9: 16575 | N9: 7360 | O9: 17826 | P9: 4436 | Q9: 11672 | R9: =P9+N9+L9 -> 14724 | T9: 36531
A10: =A9+7 -> 36538 | B10: 780.4 | C10: 7583.5 | D10: 430.7 | E10: 2745 | F10: 687 | G10: 3564 | H10: 589 | I10: 2535 | J10: 224 | K10: 619 | L10: 2711 | M10: 17047 | N10: 7487 | O10: 18837 | P10: 4338 | Q10: 12360 | R10: =P10+N10+L10 -> 14536 | S10: =AVERAGE(R7:R10) -> 14995.667 | T10: =T9+7 -> 36538
A11: =A10+7 -> 36545 | B11: 808 | C11: 7709 | D11: 394 | E11: 2818 | F11: 704 | G11: 3617 | H11: 535 | I11: 2616 | J11: 175 | K11: 670 | L11: 2614 | M11: 17430 | N11: 7737 | O11: 19721 | P11: 3887 | Q11: 12978 | R11: =P11+N11+L11 -> 14238 | S11: =AVERAGE(R8:R11) -> 14806.25 | T11: =T10+7 -> 36545
A12: =A11+7 -> 36552 | B12: 870 | C12: 7882 | D12: 424 | E12: 2888 | F12: 786 | G12: 3697 | H12: 442 | I12: 2767 | J12: 237 | K12: 673 | L12: 2704 | M12: 17907 | N12: 7579 | O12: 20673 | P12: 3593 | Q12: 13664 | R12: =P12+N12+L12 -> 13876 | S12: =AVERAGE(R9:R12) -> 14343.5 | T12: =T11+7 -> 36552
A13: =A12+7 -> 36559 | B13: 959 | C13: 8037 | D13: 482 | E13: 2949 | F13: 831 | G13: 3840 | H13: 440 | I13: 2882 | J13: 188 | K13: 692 | L13: 2898 | M13: 18398 | N13: 7771 | O13: 21491 | P13: 3920 | Q13: 14289 | R13: =P13+N13+L13 -> 14589 | S13: =AVERAGE(R10:R13) -> 14309.75 | T13: =T12+7 -> 36559
A14: =A13+7 -> 36566 | B14: 1027 | C14: 8168 | D14: 466 | E14: 3094 | F14: 800 | G14: 3955 | H14: 487 | I14: 2899.7 | J14: 176 | K14: 691.5 | L14: 2938 | M14: 18808 | N14: 7408 | O14: 22378.8 | P14: 3681 | Q14: 15192.5 | R14: =P14+N14+L14 -> 14027 | S14: =AVERAGE(R11:R14) -> 14182.5 | T14: =T13+7 -> 36566
A15: =A14+7 -> 36573 | B15: 984 | C15: 8405 | D15: 488 | E15: 3171 | F15: 921 | G15: 4057 | H15: 489 | I15: 2970 | J15: 166 | K15: 703 | L15: 3047 | M15: 19306 | N15: 7423 | O15: 23257.5 | P15: 4002 | Q15: 15857 | R15: =P15+N15+L15 -> 14472 | S15: =AVERAGE(R12:R15) -> 14241 | T15: =T14+7 -> 36573
A16: =A15+7 -> 36580 | B16: 943 | C16: 8540 | D16: 385 | E16: 3286 | F16: 910 | G16: 4134 | H16: 482 | I16: 3035 | J16: 155 | K16: 713 | L16: 2875 | M16: 19709 | N16: 7517 | O16: 24291 | P16: 3938 | Q16: 16479 | R16: =P16+N16+L16 -> 14330 | S16: =AVERAGE(R13:R16) -> 14354.5 | T16: =T15+7 -> 36580
A17: =A16+7 -> 36587 | B17: 942 | C17: 8687 | D17: 401 | E17: 3371 | F17: 1009 | G17: 4209 | H17: 557 | I17: 3076 | J17: 247 | K17: 741 | L17: 3156 | M17: 20084 | N17: 8148 | O17: 25033 | P17: 3852 | Q17: 17091 | R17: =P17+N17+L17 -> 15156 | S17: =AVERAGE(R14:R17) -> 14496.25 | T17: =T16+7 -> 36587
A18: =A17+7 -> 36594 | B18: 1009 | C18: 8792 | D18: 438 | E18: 3371 | F18: 1037 | G18: 4336 | H18: 562 | I18: 3121 | J18: 290 | K18: 749 | L18: 3336 | M18: 20368 | N18: 7952 | O18: 25999 | P18: 3223 | Q18: 18093 | R18: =P18+N18+L18 -> 14511 | S18: =AVERAGE(R15:R18) -> 14617.25 | T18: =T17+7 -> 36594
A19: =A18+7 -> 36601 | B19: 1068 | C19: 8875 | D19: 321 | E19: 3523 | F19: 1045 | G19: 4389 | H19: 600 | I19: 3146 | J19: 276 | K19: 775 | L19: 3310 | M19: 20709 | N19: 7537 | O19: 26906 | P19: 2941 | Q19: 18747 | R19: =P19+N19+L19 -> 13788 | S19: =AVERAGE(R16:R19) -> 14446.25 | T19: =T18+7 -> 36601
A20: =A19+7 -> 36608 | B20: 1028 | C20: 8982 | D20: 308 | E20: 3586 | F20: 1117 | G20: 4489 | H20: 622 | I20: 3192 | J20: 254 | K20: 797 | L20: 3229 | M20: 21047 | N20: 7316 | O20: 27895 | P20: 2514 | Q20: 19444 | R20: =P20+N20+L20 -> 13059 | S20: =AVERAGE(R17:R20) -> 14128.5 | T20: =T19+7 -> 36608
A21: =A20+7 -> 36615 | B21: 1033 | C21: 9168 | D21: 317 | E21: 3631 | F21: 1023 | G21: 4588 | H21: 591 | I21: 3282 | J21: 256 | K21: 797 | L21: 3219 | M21: 21464 | N21: 7249 | O21: 28827 | P21: 2309 | Q21: 19951 | R21: =P21+N21+L21 -> 12777 | S21: =AVERAGE(R18:R21) -> 13533.75 | T21: =T20+7 -> 36615
... A38: =A37+7 -> 36734 | B38: 1136 | C38: 1500 | D38: 543 | E38: 848 | F38: 804 | G38: 883 | H38: 761 | I38: 491 | J38: 318 | K38: 146 | L38: 3562 | M38: 3869 | N38: 6116 | O38: 43461 | P38: 1788 | Q38: 25175 | R38: =P38+N38+L38 -> 11466 | S38: =AVERAGE(R35:R38) -> 11925.5 | T38: =T37+7 -> 36734
A39: =A38+7 -> 36741 | B39: 1215 | C39: 1691 | D39: 651 | E39: 934 | F39: 901 | G39: 957 | H39: 1038 | I39: 637 | J39: 343 | K39: 163 | L39: 4148 | M39: 4382 | N39: 5766 | O39: 44317 | P39: 1635 | Q39: 25625 | R39: =L39+N39+P39 -> 11549 | S39: =AVERAGE(R36:R39) -> 11750.25 | T39: =T38+7 -> 36741
A40: =A39+7 -> 36748 | B40: 1273 | C40: 1915 | D40: 727 | E40: 1029.5 | F40: 978 | G40: 1029 | H40: 963 | I40: 778 | J40: 308 | K40: 201 | L40: 4248 | M40: 4952 | N40: 5388 | O40: 44949 | P40: 1360 | Q40: 25991 | R40: =L40+N40+P40 -> 10996 | S40: =AVERAGE(R37:R40) -> 11512.25 | T40: =T39+7 -> 36748
A41: =A40+7 -> 36755 | B41: 1440 | C41: 2120 | D41: 694 | E41: 1099 | F41: 992 | G41: 1096 | H41: 949 | I41: 882 | J41: 299 | K41: 273 | L41: 4375 | M41: 5469 | N41: 4296 | O41: 46181 | P41: 1050 | Q41: 26331 | R41: =L41+N41+P41 -> 9721 | S41: =AVERAGE(R38:R41) -> 10933 | T41: =T40+7 -> 36755
A42: =A41+7 -> 36762 | B42: 1301 | C42: 2350 | D42: 623 | E42: 1191 | F42: 981 | G42: 1240 | H42: 947 | I42: 957 | J42: 272 | K42: 311 | L42: 4123 | M42: 6048 | N42: 3372 | O42: 47318 | P42: 1002 | Q42: 26565 | R42: =L42+N42+P42 -> 8497 | S42: =AVERAGE(R39:R42) -> 10190.75 | T42: =T41+7 -> 36762
A43: =A42+7 -> 36769 | B43: 1346 | C43: 2640 | D43: 599 | E43: 1356 | F43: 927 | G43: 1427 | H43: 905 | I43: 1071 | J43: 283 | K43: 315 | L43: 4059 | M43: 6809 | N43: 2006 | O43: 48760 | P43: 613 | Q43: 26972 | R43: =L43+N43+P43 -> 6678 | S43: =AVERAGE(R40:R43) -> 8973 | T43: =T42+7 -> 36769
A44: =A43+7 -> 36776 | B44: 1185 | C44: 2922 | D44: 597 | E44: 1455 | F44: 915 | G44: 1532 | H44: 874 | I44: 1129 | J44: 267 | K44: 341 | L44: 3837 | M44: 7380 | N44: 7856 | O44: 825 | P44: 4785 | Q44: 409 | R44: =L44+N44+P44 -> 16478 | S44: =AVERAGE(R41:R44) -> 10343.5 | T44: =T43+7 -> 36776
A45: =A44+7 -> 36783 | B45: 1167 | C45: 3070 | D45: 656 | E45: 1537 | F45: 854 | G45: 1674 | H45: 815 | I45: 1303 | J45: 255 | K45: 377 | L45: 3746 | M45: 7962 | N45: 7509 | O45: 1848 | P45: 4968 | Q45: 749 | R45: =L45+N45+P45 -> 16223 | S45: =AVERAGE(R42:R45) -> 11969 | T45: =T44+7 -> 36783
A46: =A45+7 -> 36790 | B46: 1059 | C46: 3310 | D46: 618 | E46: 1676 | F46: 840 | G46: 1848 | H46: 710 | I46: 1462 | J46: 263 | K46: 406 | L46: 3489 | M46: 8703 | N46: 7767 | O46: 2959 | P46: 5726 | Q46: 1011 | R46: =L46+N46+P46 -> 16982 | S46: =AVERAGE(R43:R46) -> 14090.25 | T46: =T45+7 -> 36790
A47: =A46+7 -> 36797 | B47: 1164 | C47: 3511 | D47: 516 | E47: 1867 | F47: 817 | G47: 1911 | H47: 647 | I47: 1566 | J47: 238 | K47: 433 | L47: 3382 | M47: 9288 | N47: 6994 | O47: 4400 | P47: 5836 | Q47: 1411 | R47: =L47+N47+P47 -> 16212 | S47: =AVERAGE(R44:R47) -> 16473.75 | T47: =T46+7 -> 36797
A48: =A47+7 -> 36804 | B48: 1180 | C48: 3721 | D48: 508 | E48: 1919 | F48: 757 | G48: 2004 | H48: 593 | I48: 1753 | J48: 173 | K48: 479 | L48: 3212 | M48: 9876 | N48: 6640 | O48: 5723 | P48: 5912 | Q48: 1987 | R48: =L48+N48+P48 -> 15764 | S48: =AVERAGE(R45:R48) -> 16295.25 | T48: =T47+7 -> 36804
A49: =A48+7 -> 36811 | B49: 1125 | C49: 3921 | D49: 373 | E49: 2060 | F49: 741 | G49: 2094 | H49: 688 | I49: 1824 | J49: 193 | K49: 486 | L49: 3120 | M49: 10385 | N49: 6812 | O49: 6597 | P49: 6190 | Q49: 2734 | R49: =L49+N49+P49 -> 16122 | S49: =AVERAGE(R46:R49) -> 16270 | T49: =T48+7 -> 36811
A50: =A49+7 -> 36818 | B50: 1175 | C50: 4033 | D50: 339 | E50: 2159 | F50: 801 | G50: 2152 | H50: 746 | I50: 1926 | J50: 193 | K50: 486 | L50: 3253 | M50: 10756 | N50: 6923 | O50: 7404 | P50: 6224 | Q50: 3563 | R50: =L50+N50+P50 -> 16400 | S50: =AVERAGE(R47:R50) -> 16124.5 | T50: =T49+7 -> 36818
... A112: =A111+7 -> 37252 | B112: 1220 | C112: 4900 | D112: 623 | E112: 3403 | F112: 948 | G112: 3239 | H112: 563 | I112: 1902 | J112: 118 | K112: 800 | L112: 3472 | M112: 14243 | N112: 7347 | O112: 13825 | P112: 7820 | Q112: 12333 | R112: =L112+N112+P112 -> 18639 | S112: =AVERAGE(R109:R112) -> 19307 | T112: =T111+7 -> 37252
A113: =A112+7 -> 37259 | B113: 1124 | C113: 5046 | D113: 633 | E113: 3534 | F113: 936 | G113: 3316 | H113: 617 | I113: 1934 | J113: 124 | K113: 800 | L113: 3433 | M113: 14630 | N113: 6830 | O113: 14456 | P113: 7739 | Q113: 12997 | R113: =P113+N113+L113 -> 18002 | S113: =AVERAGE(R110:R113) -> 18901.75 | T113: =T112+7 -> 37259
A114: =A113+7 -> 37266 | B114: 1003 | C114: 5279 | D114: 693 | E114: 3568 | F114: 943 | G114: 3404 | H114: 592 | I114: 1996 | J114: 124 | K114: 800 | L114: 3354 | M114: 15047 | N114: 7110 | O114: 15085 | P114: 7816 | Q114: 14078 | R114: =P114+N114+L114 -> 18280 | S114: =AVERAGE(R111:R114) -> 18537.25 | T114: =T113+7 -> 37266
A115: =A114+7 -> 37273 | B115: 1192 | C115: 5454 | D115: 702 | E115: 3639 | F115: 934 | G115: 3554 | H115: 595 | I115: 2057 | J115: 132 | K115: 810 | L115: 3555 | M115: 15514 | N115: 7432 | O115: 16075 | P115: 7522 | Q115: 15099 | R115: 18509 | S115: =AVERAGE(R112:R115) -> 18357.5 | T115: =T114+7 -> 37273
A116: =A115+7 -> 37280 | B116: 1357 | C116: 5543 | D116: 675 | E116: 3731 | F116: 963 | G116: 3636 | H116: 505 | I116: 2212 | J116: 181 | K116: 812 | L116: 3681 | M116: 15932 | N116: 7415 | O116: 16841 | P116: 7306 | Q116: 16026 | R116: =L116+N116+P116 -> 18402 | S116: =AVERAGE(R113:R116) -> 18298.25 | T116: =T115+7 -> 37280
A117: =A116+7 -> 37287 | B117: 1324 | C117: 5764 | D117: 826 | E117: 3794 | F117: 878 | G117: 3827 | H117: 525 | I117: 2222 | J117: 205 | K117: 812 | L117: 3759 | M117: 16418 | N117: 7944 | O117: 17695 | P117: 6514 | Q117: 17182 | R117: =L117+N117+P117 -> 18217 | S117: =AVERAGE(R114:R117) -> 18352 | T117: =T116+7 -> 37287
A118: =A117+7 -> 37294 | B118: 1284 | C118: 5907 | D118: 794 | E118: 3900 | F118: 917 | G118: 3917 | H118: 583 | I118: 2289 | J118: 186 | K118: 838 | L118: 3764 | M118: 16852 | N118: 8339 | O118: 18286 | P118: 5909 | Q118: 17845 | R118: =L118+N118+P118 -> 18012 | S118: =AVERAGE(R115:R118) -> 18285 | T118: =T117+7 -> 37294
A119: =A118+7 -> 37301 | B119: 1310 | C119: 6053 | D119: 753 | E119: 3982 | F119: 890 | G119: 3998 | H119: 545 | I119: 2357 | J119: 169 | K119: 887 | L119: 3668 | M119: 17277 | N119: 8530 | O119: 19260 | P119: 5058 | Q119: 19090 | R119: =L119+N119+P119 -> 17256 | S119: =AVERAGE(R116:R119) -> 17971.75 | T119: =T118+7 -> 37301
A120: =A119+7 -> 37308 | B120: 1204 | C120: 6266 | D120: 733 | E120: 4070 | F120: 839 | G120: 4062 | H120: 485 | I120: 2417 | J120: 139 | K120: 951 | L120: 3400 | M120: 17767 | N120: 8410 | O120: 20187 | P120: 4625 | Q120: 20235 | R120: =L120+N120+P120 -> 16435 | S120: =AVERAGE(R117:R120) -> 17480 | T120: =T119+7 -> 37308
A121: =A120+7 -> 37315 | B121: 1283 | C121: 6418 | D121: 661 | E121: 4159 | F121: 826 | G121: 4179 | H121: 447 | I121: 2477 | J121: 173 | K121: 960 | L121: 3391 | M121: 18194 | N121: 7285 | O121: 21710 | P121: 4108 | Q121: 20619 | R121: =L121+N121+P121 -> 14784 | S121: =AVERAGE(R118:R121) -> 16621.75 | T121: =T120+7 -> 37315
A122: =A121+7 -> 37322 | B122: 1266 | C122: 6538 | D122: 710 | E122: 4285 | F122: 744 | G122: 4280 | H122: 382 | I122: 2569 | J122: 129 | K122: 994 | L122: 3231 | M122: 18666 | N122: 7338 | O122: 22701 | P122: 3610 | Q122: 21247 | R122: =L122+N122+P122 -> 14179 | S122: =AVERAGE(R119:R122) -> 15663.5 | T122: =T121+7 -> 37322
A123: =A122+7 -> 37329 | B123: 1388 | C123: 6718 | D123: 648 | E123: 4398 | F123: 807 | G123: 4368 | H123: 412 | I123: 2605 | J123: 129 | K123: 1001 | L123: 3383 | M123: 19090 | N123: 7283 | O123: 23849 | P123: 2955 | Q123: 22119 | R123: =L123+N123+P123 -> 13621 | S123: =AVERAGE(R120:R123) -> 14754.75 | T123: =T122+7 -> 37329
A124: =A123+7 -> 37336 | B124: 1290 | C124: 6985 | D124: 878 | E124: 4533 | F124: 712 | G124: 4499 | H124: 449 | I124: 2616 | J124: 122 | K124: 1006 | L124: 3450 | M124: 19639 | N124: 7090 | O124: 24831 | P124: 2736 | Q124: 22585 | R124: =L124+N124+P124 -> 13276 | S124: =AVERAGE(R121:R124) -> 13965 | T124: =T123+7 -> 37336
A125: =A124+7 -> 37343 | B125: 1213 | C125: 7140 | D125: 829 | E125: 4593 | F125: 712 | G125: 4589 | H125: 454 | I125: 2658 | J125: 122 | K125: 1006 | L125: 3329 | M125: 19986 | N125: 6788 | O125: 26090 | P125: 2405 | Q125: 22996 | R125: =L125+N125+P125 -> 12522 | S125: =AVERAGE(R122:R125) -> 13399.5 | T125: =T124+7 -> 37343
A126: =A125+7 -> 37350 | B126: 1118 | C126: 7302 | D126: 734 | E126: 4708 | F126: 659 | G126: 4706 | H126: 424 | I126: 2720 | J126: 104 | K126: 1025 | L126: 3038 | M126: 20460 | N126: 6301 | O126: 27022 | P126: 2538 | Q126: 23267 | R126: =L126+N126+P126 -> 11877 | S126: =AVERAGE(R123:R126) -> 12824 | T126: =T125+7 -> 37350
A127: =A126+7 -> 37357 | B127: 1021 | C127: 7484 | D127: 727 | E127: 4749 | F127: 697 | G127: 4771 | H127: 438 | I127: 2744 | J127: 101 | K127: 1029 | L127: 2985 | M127: 20777 | N127: 6315 | O127: 27897 | P127: 2563 | Q127: 23550 | R127: =L127+N127+P127 -> 11863 | S127: =AVERAGE(R124:R127) -> 12384.5 | T127: =T126+7 -> 37357
... A519: =A518+7 -> 40101 | B519: 1252 | C519: 3130 | D519: 589 | E519: 1373 | F519: 1008 | G519: 1967 | H519: 995 | I519: 1544 | J519: 385 | K519: 390 | L519: 4229 | M519: 8405 | N519: 10584 | O519: 6335 | P519: 19708 | Q519: 2552 | R519: =L519+N519+P519 -> 34521 | S519: =AVERAGE(R516:R519) -> 34862 | T519: =T518+7 -> 40101
A520: =A519+7 -> 40108 | B520: 1256 | C520: 3244 | D520: 594 | E520: 1386 | F520: 1013 | G520: 2109 | H520: 961 | I520: 1647 | J520: 322 | K520: 444 | L520: 4146 | M520: 8830 | N520: 10284 | O520: 7002 | P520: 18965 | Q520: 3986 | R520: =P520+N520+L520 -> 33395 | S520: =AVERAGE(R517:R520) -> 34394 | T520: =T519+7 -> 40108
A521: =A520+7 -> 40115 | B521: 1263 | C521: 3346 | D521: 557 | E521: 1462 | F521: 1020 | G521: 2167 | H521: 980 | I521: 1677 | J521: 322 | K521: 468 | L521: 4141 | M521: 9120 | N521: 10140 | O521: 7710 | P521: 17795 | Q521: 5679 | R521: =P521+N521+L521 -> 32076 | S521: =AVERAGE(R518:R521) -> 33701.25 | T521: =T520+7 -> 40115
A522: =A521+7 -> 40122 | B522: 1406 | C522: 3431 | D522: 540 | E522: 1506 | F522: 1026 | G522: 2250 | H522: 826 | I522: 1876 | J522: 300 | K522: 514 | L522: 4097 | M522: 9576 | N522: 9871 | O522: 8468 | P522: 17431 | Q522: 7251 | R522: =P522+N522+L522 -> 31399 | S522: =AVERAGE(R519:R522) -> 32847.75 | T522: =T521+7 -> 40122
A523: =A522+7 -> 40129 | B523: 1318 | C523: 3642 | D523: 505 | E523: 1573 | F523: 1044 | G523: 2366 | H523: 793 | I523: 1955 | J523: 312 | K523: 528 | L523: 3972 | M523: 10063 | N523: 9540 | O523: 9151 | P523: 17057 | Q523: 8975 | R523: =P523+N523+L523 -> 30569 | S523: =AVERAGE(R520:R523) -> 31859.75 | T523: =T522+7 -> 40129
A524: =A523+7 -> 40136 | B524: 1300 | C524: 3799 | D524: 473 | E524: 1617 | F524: 1108 | G524: 2450 | H524: 724 | I524: 2055 | J524: 303 | K524: 558 | L524: 3907 | M524: 10479 | N524: 10136 | O524: 9779 | P524: 15758 | Q524: 11334 | R524: =P524+N524+L524 -> 29801 | S524: =AVERAGE(R521:R524) -> 30961.25 | T524: =T523+7 -> 40136
A525: =A524+7 -> 40143 | B525: 1461 | C525: 3869 | D525: 474 | E525: 1646 | F525: 1001 | G525: 2597 | H525: 699 | I525: 2150 | J525: 278 | K525: 603 | L525: 3913 | M525: 10864 | N525: 9915 | O525: 10659 | P525: 15116 | Q525: 12698 | R525: =P525+N525+L525 -> 28944 | S525: =AVERAGE(R522:R525) -> 30178.25 | T525: =T524+7 -> 40143
A526: =A525+7 -> 40150 | B526: 1467 | C526: 3980 | D526: 489 | E526: 1675 | F526: 930 | G526: 2700 | H526: 725 | I526: 2176 | J526: 241 | K526: 640 | L526: 3851 | M526: 11170 | N526: 10057 | O526: 11365 | P526: 13977 | Q526: 14642 | R526: =P526+N526+L526 -> 27885 | S526: =AVERAGE(R523:R526) -> 29299.75 | T526: =T525+7 -> 40150
A527: =A526+7 -> 40157 | B527: 1424 | C527: 4172 | D527: 512 | E527: 1698 | F527: 973 | G527: 2749 | H527: 708 | I527: 2251 | J527: 241 | K527: 640 | L527: 3858 | M527: 11509 | N527: 10507 | O527: 12142 | P527: 13248 | Q527: 16305 | R527: =P527+N527+L527 -> 27613 | S527: =AVERAGE(R524:R527) -> 28560.75 | T527: =T526+7 -> 40157
A528: =A527+7 -> 40164 | B528: 1369 | C528: 4325 | D528: 502 | E528: 1732 | F528: 972 | G528: 2800 | H528: 670 | I528: 2341 | J528: 241 | K528: 640 | L528: 3752 | M528: 11837 | N528: 11684 | O528: 12556 | P528: 13551 | Q528: 17199 | R528: =P528+N528+L528 -> 28987 | S528: =AVERAGE(R525:R528) -> 28357.25 | T528: =T527+7 -> 40164
A529: =A528+7 -> 40171 | B529: 1406 | C529: 4434 | D529: 502 | E529: 1762 | F529: 955 | G529: 2895 | H529: 724 | I529: 2394 | J529: 241 | K529: 645 | L529: 3828 | M529: 12131 | N529: 11593 | O529: 13420 | P529: 12970 | Q529: 18579 | R529: =P529+N529+L529 -> 28391 | S529: =AVERAGE(R526:R529) -> 28219 | T529: =T528+7 -> 40171
A530: =A529+7 -> 40178 | B530: 1368 | C530: 4544 | D530: 482 | E530: 1797 | F530: 914 | G530: 2940 | H530: 695 | I530: 2425 | J530: 218 | K530: 669 | L530: 3677 | M530: 12375 | N530: 11160 | O530: 14218 | P530: 12517 | Q530: 19749 | R530: =P530+N530+L530 -> 27354 | S530: =AVERAGE(R527:R530) -> 28086.25 | T530: =T529+7 -> 40178
A531: =A530+7 -> 40185 | B531: 1323 | C531: 4719 | D531: 478 | E531: 1803 | F531: 882 | G531: 2995 | H531: 671 | I531: 2475 | J531: 214 | K531: 674 | L531: 3568 | M531: 12666 | N531: 10829 | O531: 14876 | P531: 11648 | Q531: 21314 | R531: =P531+N531+L531 -> 26045 | S531: =AVERAGE(R528:R531) -> 27694.25 | T531: =T530+7 -> 40185
... A579: =A578+7 -> 40521 | B579: 4012 | C579: 7257 | D579: 810 | E579: 1037 | F579: 2737 | G579: 4273 | H579: 1273 | I579: 2479 | J579: 164 | K579: 590 | L579: 8996 | M579: 15635 | N579: 12365 | O579: 11985 | P579: 15478 | Q579: 18008 | R579: =P579+N579+L579 -> 36839 | S579: =AVERAGE(R576:R579) -> 38060.25 | T579: =T578+7 -> 40521
A580: 40528 | B580: 4040 | C580: 7541.3 | D580: 832 | E580: 1103.1 | F580: 2611.9 | G580: 4512.4 | H580: 1287.2 | I580: 2541.1 | J580: 101.9 | K580: 650.9 | L580: 8873 | M580: 16348.9 | N580: 12442.6 | O580: 12813.5 | P580: 14873.4 | Q580: 19440 | R580: =P580+N580+L580 -> 36189 | S580: =AVERAGE(R577:R580) -> 37366 | T580: =T579+7 -> 40528
A581: =A580+7 -> 40535 | B581: 4048 | C581: 7712 | D581: 836 | E581: 1144 | F581: 2521 | G581: 4689 | H581: 1238 | I581: 2674 | J581: 114 | K581: 677 | L581: 8758 | M581: 16896 | N581: 12059 | O581: 13954 | P581: 14623 | Q581: 20354 | R581: =P581+N581+L581 -> 35440 | S581: =AVERAGE(R578:R581) -> 36544 | T581: =T580+7 -> 40535
A582: =A581+7 -> 40542 | B582: 3971 | C582: 8025 | D582: 814 | E582: 1171 | F582: 2611 | G582: 4696 | H582: 1277 | I582: 2701 | J582: 114 | K582: 672 | L582: 8786 | M582: 17265 | N582: 11814 | O582: 14510 | P582: 14129 | Q582: 21272 | R582: =P582+N582+L582 -> 34729 | S582: =AVERAGE(R579:R582) -> 35799.25 | T582: =T581+7 -> 40542
A583: =A582+7 -> 40549 | B583: 3675 | C583: 8369 | D583: 810 | E583: 1234 | F583: 2537 | G583: 4815 | H583: 1197 | I583: 2788 | J583: 101 | K583: 672 | L583: 8320 | M583: 17879 | N583: 11738 | O583: 15026 | P583: 13674 | Q583: 22222 | R583: =P583+N583+L583 -> 33732 | S583: =AVERAGE(R580:R583) -> 35022.5 | T583: =T582+7 -> 40549
A584: =A583+7 -> 40556 | B584: 3798 | C584: 8739 | D584: 807 | E584: 1286 | F584: 2629 | G584: 5029 | H584: 1321 | I584: 2845 | J584: 121 | K584: 679 | L584: 8676 | M584: 18577 | N584: 12055 | O584: 15613 | P584: 13062 | Q584: 23567 | R584: =P584+N584+L584 -> 33793 | S584: =AVERAGE(R581:R584) -> 34423.5 | T584: =T583+7 -> 40556
A585: =A584+7 -> 40563 | B585: 3993 | C585: 9030 | D585: 781 | E585: 1406 | F585: 2682 | G585: 5148 | H585: 1343 | I585: 2934 | J585: 101 | K585: 701 | L585: 8900 | M585: 19219 | N585: 11700 | O585: 16383 | P585: 12565 | Q585: 24769 | R585: =P585+N585+L585 -> 33165 | S585: =AVERAGE(R582:R585) -> 33854.75 | T585: =T584+7 -> 40563
A586: =A585+7 -> 40570 | B586: 3915 | C586: 9345 | D586: 844 | E586: 1454 | F586: 2667 | G586: 5273 | H586: 1301 | I586: 3033 | J586: 116 | K586: 706 | L586: 8843 | M586: 19810 | N586: 12005 | O586: 17245 | P586: 12478 | Q586: 25886 | R586: =P586+N586+L586 -> 33326 | S586: =AVERAGE(R583:R586) -> 33504 | T586: =T585+7 -> 40570
A587: =A586+7 -> 40577 | B587: 3620 | C587: 9813 | D587: 789 | E587: 1544 | F587: 2545 | G587: 5472 | H587: 1300 | I587: 3129 | J587: 97 | K587: 735 | L587: 8352 | M587: 20693 | N587: 12443 | O587: 17914 | P587: 11265 | Q587: 27123 | R587: =P587+N587+L587 -> 32060 | S587: =AVERAGE(R584:R587) -> 33086 | T587: =T586+7 -> 40577
A588: =A587+7 -> 40584 | B588: 3712 | C588: 10151 | D588: 707 | E588: 1602 | F588: 2526 | G588: 5585 | H588: 1312 | I588: 3207 | J588: 107 | K588: 735 | L588: 8365 | M588: 21279 | N588: 12798 | O588: 18590 | P588: 10756 | Q588: 28146 | R588: =P588+N588+L588 -> 31919 | S588: =AVERAGE(R585:R588) -> 32617.5 | T588: =T587+7 -> 40584
A589: =A588+7 -> 40591 | B589: 3720 | C589: 10588 | D589: 820 | E589: 1723 | F589: 2618 | G589: 5721 | H589: 1215 | I589: 3373 | J589: 129 | K589: 744 | L589: 8502 | M589: 22150 | N589: 13238 | O589: 19650 | P589: 9719 | Q589: 29318 | R589: =P589+N589+L589 -> 31459 | S589: =AVERAGE(R586:R589) -> 32191 | T589: =T588+7 -> 40591
A590: =A589+7 -> 40598 | B590: 3830 | C590: 10845 | D590: 910 | E590: 1754 | F590: 2447 | G590: 5935 | H590: 1206 | I590: 3414 | J590: 129 | K590: 744 | L590: 8521 | M590: 22692 | N590: 13519 | O590: 20451 | P590: 8387 | Q590: 31012 | R590: =P590+N590+L590 -> 30427 | S590: =AVERAGE(R587:R590) -> 31466.25 | T590: =T589+7 -> 40598
A591: =A590+7 -> 40605 | B591: 3780 | C591: 11209 | D591: 903 | E591: 1805 | F591: 2434 | G591: 6036 | H591: 1265 | I591: 3483 | J591: 126 | K591: 748 | L591: 8508 | M591: 23281 | N591: 12791 | O591: 21655 | P591: 8066 | Q591: 31744 | R591: =P591+N591+L591 -> 29365 | S591: =AVERAGE(R588:R591) -> 30792.5 | T591: =T590+7 -> 40605
A592: =A591+7 -> 40612 | B592: 3811 | C592: 11679 | D592: 906 | E592: 1819 | F592: 2378 | G592: 6171 | H592: 1248 | I592: 3553 | J592: 139 | K592: 750 | L592: 8481 | M592: 23971 | N592: 12947 | O592: 22536 | P592: 7374 | Q592: 32583 | R592: =P592+N592+L592 -> 28802 | S592: =AVERAGE(R589:R592) -> 30013.25 | T592: =T591+7 -> 40612
... A684: =A683+7 -> 41256 | B684: 1453 | C684: 5169 | D684: 846 | E684: 1718 | F684: 1287 | G684: 3183 | H684: 1223 | I684: 2408 | J684: 94 | K684: 286 | L684: 4904 | M684: 12763 | N684: 6511 | O684: 6091 | P684: 11435 | Q684: 18908 | R684: =P684+N684+L684 -> 22850 | S684: =AVERAGE(R681:R684) -> 23328 | T684: =T683+7 -> 41256
A685: 41263 | B685: 1715.9 | C685: 5332.4 | D685: 1190.4 | E685: 1752.1 | F685: 1220 | G685: 1752.1 | H685: 1256.5 | I685: 2475.3 | J685: 106.9 | K685: 317.8 | L685: 5489.8 | M685: 13186.5 | N685: 6329.1 | O685: 6377.9 | P685: 10368.2 | Q685: 20062 | R685: =P685+N685+L685 -> 22187.1 | S685: =AVERAGE(R682:R685) -> 22882.025 | T685: =T684+7 -> 41263
A686: =A685+7 -> 41270 | B686: 1802 | C686: 5399 | D686: 1278 | E686: 1777 | F686: 1285 | G686: 3354 | H686: 1260 | I686: 2498 | J686: 106.9 | K686: 317.8 | L686: 5731 | M686: 13345 | N686: 6173 | O686: 6583 | P686: 9767 | Q686: 21098 | R686: =P686+N686+L686 -> 21671 | S686: =AVERAGE(R683:R686) -> 22478.275 | T686: =T685+7 -> 41270
A687: =A686+7 -> 41277 | B687: 1843 | C687: 5436 | D687: 1220 | E687: 1806 | F687: 1200 | G687: 3463 | H687: 1220 | I687: 2587 | J687: 106.9 | K687: 317.8 | L687: 5701 | M687: 13610 | N687: 6079 | O687: 6690 | P687: 8912 | Q687: 22179 | R687: =P687+N687+L687 -> 20692 | S687: =AVERAGE(R684:R687) -> 21850.025 | T687: =T686+7 -> 41277
A688: =A687+7 -> 41284 | B688: 1825 | C688: 5528 | D688: 1618 | E688: 1839 | F688: 1167 | G688: 3556 | H688: 1235 | I688: 2653 | J688: 106.9 | K688: 317.8 | L688: 5952 | M688: 13895 | N688: 6225 | O688: 6937 | P688: 9240 | Q688: 23460 | R688: =P688+N688+L688 -> 21417 | S688: =AVERAGE(R685:R688) -> 21491.775 | T688: =T687+7 -> 41284
A689: =A688+7 -> 41291 | B689: 1897 | C689: 5709 | D689: 1680 | E689: 1879 | F689: 1202 | G689: 3656 | H689: 1077 | I689: 2885 | J689: 109 | K689: 317.8 | L689: 5965 | M689: 14448 | N689: 5994 | O689: 7306 | P689: 8352 | Q689: 24665 | R689: =P689+N689+L689 -> 20311 | S689: =AVERAGE(R686:R689) -> 21022.75 | T689: =T688+7 -> 41291
A690: =A689+7 -> 41298 | B690: 1747 | C690: 5960 | D690: 1627 | E690: 1981 | F690: 1135 | G690: 3781 | H690: 1019 | I690: 3020 | J690: 107 | K690: 330 | L690: 5635 | M690: 15072 | N690: 5572 | O690: 7916 | P690: 7603 | Q690: 25800 | R690: =P690+N690+L690 -> 18810 | S690: =AVERAGE(R687:R690) -> 20307.5 | T690: =T689+7 -> 41298
A691: =A690+7 -> 41305 | B691: 1730 | C691: 6052 | D691: 1504 | E691: 2172 | F691: 1134 | G691: 3817 | H691: 994 | I691: 3139 | J691: 107 | K691: 349 | L691: 5468 | M691: 15529 | N691: 5532 | O691: 8124 | P691: 6944 | Q691: 27278 | R691: =P691+N691+L691 -> 17944 | S691: =AVERAGE(R688:R691) -> 19620.5 | T691: =T690+7 -> 41305
A692: =A691+7 -> 41312 | B692: 1826 | C692: 6160 | D692: 1570 | E692: 2334 | F692: 1094 | G692: 3992 | H692: 932 | I692: 3267 | J692: 81 | K692: 352 | L692: 5543 | M692: 16105 | N692: 5365 | O692: 8517 | P692: 5845 | Q692: 28185 | R692: =P692+N692+L692 -> 16753 | S692: =AVERAGE(R689:R692) -> 18454.5 | T692: =T691+7 -> 41312
A693: =A692+7 -> 41319 | B693: 1810 | C693: 6282 | D693: 1636 | E693: 2550 | F693: 1259 | G693: 4121 | H693: 941 | I693: 3312 | J693: 81 | K693: 356 | L693: 5726 | M693: 16622 | N693: 5470 | O693: 8773 | P693: 4769 | Q693: 29141 | R693: =P693+N693+L693 -> 15965 | S693: =AVERAGE(R690:R693) -> 17368 | T693: =T692+7 -> 41319
A694: =A693+7 -> 41326 | B694: 1755 | C694: 6517 | D694: 1652 | E694: 2702 | F694: 1223 | G694: 4197 | H694: 804 | I694: 3436 | J694: 81 | K694: 356 | L694: 5514 | M694: 17206 | N694: 5477 | O694: 9070 | P694: 4636 | Q694: 29964 | R694: =P694+N694+L694 -> 15627 | S694: =AVERAGE(R691:R694) -> 16572.25 | T694: =T693+7 -> 41326
A695: =A694+7 -> 41333 | B695: 1685 | C695: 6837 | D695: 1681 | E695: 2899 | F695: 1163 | G695: 4297 | H695: 726 | I695: 3577 | J695: 111 | K695: 363 | L695: 5366 | M695: 17973 | N695: 5059 | O695: 9437 | P695: 3933 | Q695: 31059 | R695: =P695+N695+L695 -> 14358 | S695: =AVERAGE(R692:R695) -> 15675.75 | T695: =T694+7 -> 41333
A696: =A695+7 -> 41340 | B696: 1848 | C696: 7074 | D696: 1511 | E696: 3286 | F696: 1230 | G696: 4364 | H696: 782 | I696: 3672 | J696: 97 | K696: 363 | L696: 5467 | M696: 18760 | N696: 4934 | O696: 9845 | P696: 3826 | Q696: 31672 | R696: =P696+N696+L696 -> 14227 | S696: =AVERAGE(R693:R696) -> 15044.25 | T696: =T695+7 -> 41340
A697: =A696+7 -> 41347 | B697: 1815 | C697: 7279 | D697: 1460 | E697: 3539 | F697: 1196 | G697: 4480 | H697: 754 | I697: 3725 | J697: 90 | K697: 375 | L697: 5315 | M697: 19397 | N697: 4607 | O697: 10264 | P697: 3707 | Q697: 31899 | R697: =P697+N697+L697 -> 13629 | S697: =AVERAGE(R694:R697) -> 14460.25 | T697: =T696+7 -> 41347
A698: =A697+7 -> 41354 | B698: 2034 | C698: 7399 | D698: 1275 | E698: 3675 | F698: 1276 | G698: 4625 | H698: 676 | I698: 3845 | J698: 113 | K698: 375 | L698: 5373 | M698: 19919 | N698: 4518 | O698: 10648 | P698: 3203 | Q698: 32469 | R698: =P698+N698+L698 -> 13094 | S698: =AVERAGE(R695:R698) -> 13827 | T698: =T697+7 -> 41354
A699: =A698+7 -> 41361 | B699: 1987 | C699: 7566 | D699: 1070 | E699: 3933 | F699: 1218 | G699: 4670 | H699: 653 | I699: 3869 | J699: 78 | K699: 390 | L699: 5006 | M699: 20427 | N699: 4306 | O699: 11214 | P699: 3122 | Q699: 32942 | R699: 12434 | S699: =AVERAGE(R696:R699) -> 13346 | T699: =T698+7 -> 41361
A700: =A699+7 -> 41368 | B700: 1810 | C700: 7891 | D700: 1021 | E700: 4112 | F700: 1026 | G700: 4825 | H700: 572 | I700: 3971 | J700: 68 | K700: 401 | L700: 4497 | M700: 21200 | N700: 4211 | O700: 11494 | P700: 2796 | Q700: 33533 | R700: =P700+N700+L700 -> 11504 | S700: =AVERAGE(R697:R700) -> 12665.25 | T700: =T699+7 -> 41368
A701: =A700+7 -> 41375 | B701: 1856 | C701: 8123 | D701: 978 | E701: 4203 | F701: 910 | G701: 5020 | H701: 475 | I701: 4124 | J701: 125 | K701: 423 | L701: 4345 | M701: 21893 | N701: 4310 | O701: 11796 | P701: 2954 | Q701: 33683 | R701: =P701+N701+L701 -> 11609 | S701: =AVERAGE(R698:R701) -> 12160.25 | T701: =T700+7 -> 41375
A702: =A701+7 -> 41382 | B702: 1711 | C702: 8340 | D702: 884 | E702: 4331 | F702: 771 | G702: 5155 | H702: 409 | I702: 4162 | J702: 100 | K702: 447 | L702: 3874 | M702: 22435 | N702: 4303 | O702: 12118 | P702: 2556 | Q702: 33874 | R702: =P702+N702+L702 -> 10733 | S702: =AVERAGE(R699:R702) -> 11570 | T702: =T701+7 -> 41382
A703: =A702+7 -> 41389 | B703: 1471 | C703: 8708 | D703: 720 | E703: 4519 | F703: 658 | G703: 5321 | H703: 300 | I703: 4285 | J703: 99 | K703: 447 | L703: 3248 | M703: 23280 | N703: 4228 | O703: 12522 | P703: 2090 | Q703: 34200 | R703: =P703+N703+L703 -> 9566 | S703: =AVERAGE(R700:R703) -> 10853 | T703: =T702+7 -> 41389
A704: =A703+7 -> 41396 | B704: 1406 | C704: 8864 | D704: 701 | E704: 3631 | F704: 518 | G704: 5495 | H704: 245 | I704: 4361 | J704: 58 | K704: 489 | L704: 2928 | M704: 23840 | N704: 4152 | O704: 12714 | P704: 2111 | Q704: 34371 | R704: =P704+N704+L704 -> 9191 | S704: =AVERAGE(R701:R704) -> 10274.75 | T704: =T703+7 -> 41396
A705: =A704+7 -> 41403 | T705: =T704+7 -> 41403
A706: =A705+7 -> 41410 | T706: =T705+7 -> 41410
...

Sheet Chart2
