Workbook
Name appoggio1: Elementi!$B:$B
Name appoggio2: Elementi!$C:$C
Name origine: Elementi!$A:$A

Sheet Ricerca
G1: =COUNTIF(Elementi!A:A,B3) -> 4 | H1: Ricorrenze
B2: Testo da trovare: | D2: Elenco | E2: Risultati | F2: Riga | G2: nascondi | H2: nascondi
B3: mente* | D3: 1 | E3: =IF(ISERROR(H3),"",H3) -> mente | F3: =MATCH($B$3,source,0) -> 2 | G3: =INDEX(source,F3) -> mente2 | H3: =INDEX(Elementi!$A:$A,F3) -> mente
D4: =+IF(MAX(D$3:D3)+1>$G$1,"",D3+1) -> 2 | E4: =IF(ISERROR(H4),"",H4) -> mente | F4: =IF(ISERROR(MATCH($B$3,OFFSET(source,$F3,0,20000),0)),"",MATCH($B$3,OFFSET(source,$F3,0,20000),0)+F3) -> 6 | G4: =INDEX(OFFSET(source,$F3,0,20000),MATCH($B$3,OFFSET(source,$F3,0,20000),0)) -> mente6 | H4: =INDEX(Elementi!$A:$A,F4) -> mente
B5: Per cercare tutti i testi che contengono una certa parola digita il segno asterisco prima e dopo la parola (es. *parola*). Per trovare tutti i testi che iniziano con una certa parola, inserisci l'asterisco prima della parola (es *parola) Per trovare tutti i testi che finiscono con una certa parola, digita l'asterisco dopo la parola (es parola*) Se un utilizzi l'asterisco, Excel troverà solo le ricorrenze esatte | D5: =+IF(MAX(D$3:D4)+1>$G$1,"",D4+1) -> 3 | E5: =IF(ISERROR(H5),"",H5) -> mentecatto | F5: =IF(ISERROR(MATCH($B$3,OFFSET(source,$F4,0,20000),0)),"",MATCH($B$3,OFFSET(source,$F4,0,20000),0)+F4) -> 8 | G5: =INDEX(OFFSET(source,$F4,0,20000),MATCH($B$3,OFFSET(source,$F4,0,20000),0)) -> mentecatto8 | H5: =INDEX(Elementi!$A:$A,F5) -> mentecatto
D6: =+IF(MAX(D$3:D5)+1>$G$1,"",D5+1) -> 4 | E6: =IF(ISERROR(H6),"",H6) -> mente geniale | F6: =IF(ISERROR(MATCH($B$3,OFFSET(source,$F5,0,20000),0)),"",MATCH($B$3,OFFSET(source,$F5,0,20000),0)+F5) -> 10 | G6: =INDEX(OFFSET(source,$F5,0,20000),MATCH($B$3,OFFSET(source,$F5,0,20000),0)) -> mente geniale10 | H6: =INDEX(Elementi!$A:$A,F6) -> mente geniale
D7: =+IF(MAX(D$3:D6)+1>$G$1,"",D6+1) | E7: =IF(ISERROR(H7),"",H7) | F7: =IF(ISERROR(MATCH($B$3,OFFSET(source,$F6,0,20000),0)),"",MATCH($B$3,OFFSET(source,$F6,0,20000),0)+F6) | G7: =INDEX(OFFSET(source,$F6,0,20000),MATCH($B$3,OFFSET(source,$F6,0,20000),0)) -> #N/A | H7: =INDEX(Elementi!$A:$A,F7) -> #VALUE!
D8: =+IF(MAX(D$3:D7)+1>$G$1,"",D7+1) | E8: =IF(ISERROR(H8),"",H8) | F8: =IF(ISERROR(MATCH($B$3,OFFSET(source,$F7,0,20000),0)),"",MATCH($B$3,OFFSET(source,$F7,0,20000),0)+F7) | G8: =INDEX(OFFSET(source,$F7,0,20000),MATCH($B$3,OFFSET(source,$F7,0,20000),0)) -> #VALUE! | H8: =INDEX(Elementi!$A:$A,F8) -> #VALUE!
D9: =+IF(MAX(D$3:D8)+1>$G$1,"",D8+1) | E9: =IF(ISERROR(H9),"",H9) | F9: =IF(ISERROR(MATCH($B$3,OFFSET(source,$F8,0,20000),0)),"",MATCH($B$3,OFFSET(source,$F8,0,20000),0)+F8) | G9: =INDEX(OFFSET(source,$F8,0,20000),MATCH($B$3,OFFSET(source,$F8,0,20000),0)) -> #VALUE! | H9: =INDEX(Elementi!$A:$A,F9) -> #VALUE!
D10: =+IF(MAX(D$3:D9)+1>$G$1,"",D9+1) | E10: =IF(ISERROR(H10),"",H10) | F10: =IF(ISERROR(MATCH($B$3,OFFSET(source,$F9,0,20000),0)),"",MATCH($B$3,OFFSET(source,$F9,0,20000),0)+F9) | G10: =INDEX(OFFSET(source,$F9,0,20000),MATCH($B$3,OFFSET(source,$F9,0,20000),0)) -> #VALUE! | H10: =INDEX(Elementi!$A:$A,F10) -> #VALUE!
D11: =+IF(MAX(D$3:D10)+1>$G$1,"",D10+1) | E11: =IF(ISERROR(H11),"",H11) | F11: =IF(ISERROR(MATCH($B$3,OFFSET(source,$F10,0,20000),0)),"",MATCH($B$3,OFFSET(source,$F10,0,20000),0)+F10) | G11: =INDEX(OFFSET(source,$F10,0,20000),MATCH($B$3,OFFSET(source,$F10,0,20000),0)) -> #VALUE! | H11: =INDEX(Elementi!$A:$A,F11) -> #VALUE!
D12: =+IF(MAX(D$3:D11)+1>$G$1,"",D11+1) | E12: =IF(ISERROR(H12),"",H12) | F12: =IF(ISERROR(MATCH($B$3,OFFSET(source,$F11,0,20000),0)),"",MATCH($B$3,OFFSET(source,$F11,0,20000),0)+F11) | G12: =INDEX(OFFSET(source,$F11,0,20000),MATCH($B$3,OFFSET(source,$F11,0,20000),0)) -> #VALUE! | H12: =INDEX(Elementi!$A:$A,F12) -> #VALUE!
D13: =+IF(MAX(D$3:D12)+1>$G$1,"",D12+1) | E13: =IF(ISERROR(H13),"",H13) | F13: =IF(ISERROR(MATCH($B$3,OFFSET(source,$F12,0,20000),0)),"",MATCH($B$3,OFFSET(source,$F12,0,20000),0)+F12) | G13: =INDEX(OFFSET(source,$F12,0,20000),MATCH($B$3,OFFSET(source,$F12,0,20000),0)) -> #VALUE! | H13: =INDEX(Elementi!$A:$A,F13) -> #VALUE!
D14: =+IF(MAX(D$3:D13)+1>$G$1,"",D13+1) | E14: =IF(ISERROR(H14),"",H14) | F14: =IF(ISERROR(MATCH($B$3,OFFSET(source,$F13,0,20000),0)),"",MATCH($B$3,OFFSET(source,$F13,0,20000),0)+F13) | G14: =INDEX(OFFSET(source,$F13,0,20000),MATCH($B$3,OFFSET(source,$F13,0,20000),0)) -> #VALUE! | H14: =INDEX(Elementi!$A:$A,F14) -> #VALUE!
D15: =+IF(MAX(D$3:D14)+1>$G$1,"",D14+1) | E15: =IF(ISERROR(H15),"",H15) | F15: =IF(ISERROR(MATCH($B$3,OFFSET(source,$F14,0,20000),0)),"",MATCH($B$3,OFFSET(source,$F14,0,20000),0)+F14) | G15: =INDEX(OFFSET(source,$F14,0,20000),MATCH($B$3,OFFSET(source,$F14,0,20000),0)) -> #VALUE! | H15: =INDEX(Elementi!$A:$A,F15) -> #VALUE!
D16: =+IF(MAX(D$3:D15)+1>$G$1,"",D15+1) | E16: =IF(ISERROR(H16),"",H16) | F16: =IF(ISERROR(MATCH($B$3,OFFSET(source,$F15,0,20000),0)),"",MATCH($B$3,OFFSET(source,$F15,0,20000),0)+F15) | G16: =INDEX(OFFSET(source,$F15,0,20000),MATCH($B$3,OFFSET(source,$F15,0,20000),0)) -> #VALUE! | H16: =INDEX(Elementi!$A:$A,F16) -> #VALUE!
D17: =+IF(MAX(D$3:D16)+1>$G$1,"",D16+1) | E17: =IF(ISERROR(H17),"",H17) | F17: =IF(ISERROR(MATCH($B$3,OFFSET(source,$F16,0,20000),0)),"",MATCH($B$3,OFFSET(source,$F16,0,20000),0)+F16) | G17: =INDEX(OFFSET(source,$F16,0,20000),MATCH($B$3,OFFSET(source,$F16,0,20000),0)) -> #VALUE! | H17: =INDEX(Elementi!$A:$A,F17) -> #VALUE!
... D32: =+IF(MAX(D$3:D31)+1>$G$1,"",D31+1) | E32: =IF(ISERROR(H32),"",H32) | F32: =IF(ISERROR(MATCH($B$3,OFFSET(source,$F31,0,20000),0)),"",MATCH($B$3,OFFSET(source,$F31,0,20000),0)+F31) | G32: =INDEX(OFFSET(source,$F31,0,20000),MATCH($B$3,OFFSET(source,$F31,0,20000),0)) -> #VALUE! | H32: =INDEX(Elementi!$A:$A,F32) -> #VALUE!

Sheet Elementi
A1: Record | B1: Appoggio1 | C1: Appoggio2
A2: mente | B2: =IF(A2="","",A2&ROW()) -> mente2 | C2: =IF(A2="","",ROW()&A2) -> 2mente
A3: 1 | B3: =IF(A3="","",A3&ROW()) -> 13 | C3: =IF(A3="","",ROW()&A3) -> 31
A4: 1 | B4: =IF(A4="","",A4&ROW()) -> 14 | C4: =IF(A4="","",ROW()&A4) -> 41
A5: demente | B5: =IF(A5="","",A5&ROW()) -> demente5 | C5: =IF(A5="","",ROW()&A5) -> 5demente
A6: mente | B6: =IF(A6="","",A6&ROW()) -> mente6 | C6: =IF(A6="","",ROW()&A6) -> 6mente
A7: asso | B7: =IF(A7="","",A7&ROW()) -> asso7 | C7: =IF(A7="","",ROW()&A7) -> 7asso
A8: mentecatto | B8: =IF(A8="","",A8&ROW()) -> mentecatto8 | C8: =IF(A8="","",ROW()&A8) -> 8mentecatto
A9: a | B9: =IF(A9="","",A9&ROW()) -> a9 | C9: =IF(A9="","",ROW()&A9) -> 9a
A10: mente geniale | B10: =IF(A10="","",A10&ROW()) -> mente geniale10 | C10: =IF(A10="","",ROW()&A10) -> 10mente geniale
A11: malamente | B11: =IF(A11="","",A11&ROW()) -> malamente11 | C11: =IF(A11="","",ROW()&A11) -> 11malamente
A12: d | B12: =IF(A12="","",A12&ROW()) -> d12 | C12: =IF(A12="","",ROW()&A12) -> 12d
A13: r | B13: =IF(A13="","",A13&ROW()) -> r13 | C13: =IF(A13="","",ROW()&A13) -> 13r
A14: ecc | B14: =IF(A14="","",A14&ROW()) -> ecc14 | C14: =IF(A14="","",ROW()&A14) -> 14ecc
B15: =IF(A15="","",A15&ROW()) | C15: =IF(A15="","",ROW()&A15)
B16: =IF(A16="","",A16&ROW()) | C16: =IF(A16="","",ROW()&A16)
B17: =IF(A17="","",A17&ROW()) | C17: =IF(A17="","",ROW()&A17)
B18: =IF(A18="","",A18&ROW()) | C18: =IF(A18="","",ROW()&A18)
B19: =IF(A19="","",A19&ROW()) | C19: =IF(A19="","",ROW()&A19)
B20: =IF(A20="","",A20&ROW()) | C20: =IF(A20="","",ROW()&A20)
B21: =IF(A21="","",A21&ROW()) | C21: =IF(A21="","",ROW()&A21)
B22: =IF(A22="","",A22&ROW()) | C22: =IF(A22="","",ROW()&A22)
B23: =IF(A23="","",A23&ROW()) | C23: =IF(A23="","",ROW()&A23)
B24: =IF(A24="","",A24&ROW()) | C24: =IF(A24="","",ROW()&A24)
B25: =IF(A25="","",A25&ROW()) | C25: =IF(A25="","",ROW()&A25)
B26: =IF(A26="","",A26&ROW()) | C26: =IF(A26="","",ROW()&A26)
... B2158: =IF(A2158="","",A2158&ROW()) | C2158: =IF(A2158="","",ROW()&A2158)
