Workbook

Sheet Rammeplan
A1: TRENINGSDAGBOK-HOVDEN SKIGYMNAS, 2012-2013: | M1: Vg2-Vg3
A3: Uker: | B3: 16-48
B5: Skidager | H5: 2 | I5: 1 | K5: 2 | L5: 6 | S5: 6 | W5: 4 | Z5: 5 | AA5: 6 | AC5: 5 | AD5: 4 | AF5: 5 | AG5: 7 | AH5: 3 | AJ5: =SUM(C5:AI5) -> 56
A6: Kvalitet | B6: Form | C6: 16 | D6: 17 | E6: 18 | F6: 19 | G6: 20 | H6: 21 | I6: 22 | J6: 23 | K6: 24 | L6: 25 | M6: 26 | N6: 27 | O6: 28 | P6: 29 | Q6: 30 | R6: 31 | S6: 32 | T6: 33 | U6: 34 | V6: 35 | X6: 37 | Y6: 38 | Z6: 39 | AA6: 40 | AB6: 41 | AC6: 42 | AD6: 43 | AE6: 44 | AF6: 45 | AG6: 46 | AH6: 47 | AI6: 48 | AJ6: SUM
A7: Aerob | B7: Kontinuerli | C7: 120 | D7: 120 | E7: 120 | F7: 240 | G7: 240 | H7: 240 | I7: 120 | J7: 240 | K7: 120 | L7: 120 | M7: 120 | N7: 120 | O7: 240 | P7: 240 | Q7: 240 | R7: 120 | S7: 120 | T7: 120 | U7: 120 | V7: 120 | W7: 120 | X7: 120 | Y7: 60 | Z7: 60 | AA7: 120 | AB7: 120 | AC7: 120 | AD7: 120 | AE7: 120 | AF7: 120 | AG7: 120 | AH7: 120 | AI7: 120 | AJ7: =SUM(C7:AI7) -> 4680
B8: Intervall | N8: 30 | P8: 30 | Q8: 30 | U8: 30 | X8: 30 | Y8: 60 | Z8: 60 | AC8: 20 | AD8: 20 | AJ8: =SUM(C8:AI8) -> 310
A9: Anaerob | B9: Lokalt | U9: 20 | Y9: 20 | AE9: 20 | AJ9: =SUM(C9:AI9) -> 60
B10: Generell | H10: 30 | M10: 60 | Y10: 20 | AE10: 20 | AJ10: =SUM(C10:AI10) -> 130
A11: Maks.styrke | B11: Sub.maks. | C11: 60 | D11: 120 | E11: 120 | F11: 120 | G11: 180 | H11: 180 | I11: 120 | J11: 180 | N11: 120 | O11: 120 | P11: 120 | Q11: 120 | R11: 120 | T11: 120 | U11: 120 | V11: 120 | W11: 120 | X11: 120 | Y11: 120 | AB11: 60 | AC11: 120 | AD11: 120 | AE11: 120 | AF11: 60 | AG11: 60 | AH11: 60 | AI11: 60 | AJ11: =SUM(C11:AI11) -> 3060
B12: Tungt | P12: 60 | Q12: 60 | R12: 60 | U12: 60 | V12: 60 | W12: 60 | X12: 60 | Y12: 60 | Z12: 60 | AE12: 60 | AJ12: =SUM(C12:AI12) -> 600
B13: Eksplosivt | Y13: 30 | Z13: 30 | AE13: 30 | AF13: 30 | AG13: 30 | AH13: 30 | AI13: 30 | AJ13: =SUM(C13:AI13) -> 210
A14: Uth.styrke | B14: Sirkel | C14: 120 | D14: 120 | E14: 120 | F14: 120 | G14: 120 | H14: 120 | I14: 90 | J14: 120 | K14: 90 | L14: 120 | M14: 120 | N14: 120 | O14: 120 | P14: 120 | Q14: 120 | R14: 120 | S14: 120 | T14: 120 | U14: 120 | V14: 90 | W14: 120 | X14: 120 | Y14: 120 | Z14: 120 | AA14: 60 | AB14: 60 | AC14: 60 | AD14: 60 | AE14: 60 | AF14: 120 | AG14: 120 | AH14: 120 | AI14: 60 | AJ14: =SUM(C14:AI14) -> 3510
B15: Tungt | C15: 90 | D15: 90 | E15: 90 | F15: 90 | G15: 90 | H15: 90 | I15: 60 | J15: 90 | N15: 120 | O15: 120 | P15: 120 | Q15: 120 | R15: 120 | T15: 120 | U15: 120 | V15: 90 | W15: 120 | X15: 120 | Y15: 120 | AB15: 60 | AC15: 60 | AD15: 60 | AE15: 120 | AI15: 60 | AJ15: =SUM(C15:AI15) -> 2340
A16: Spenst | E16: 20 | I16: 20 | J16: 40 | K16: 20 | L16: 20 | O16: 20 | P16: 40 | Q16: 40 | R16: 40 | U16: 20 | V16: 40 | Y16: 20 | Z16: 40 | AB16: 20 | AC16: 20 | AD16: 20 | AE16: 60 | AF16: 20 | AG16: 20 | AH16: 20 | AI16: 40 | AJ16: =SUM(C16:AI16) -> 600
A17: Hurtighet | E17: 20 | I17: 20 | J17: 40 | K17: 20 | L17: 20 | O17: 20 | P17: 40 | Q17: 40 | R17: 40 | U17: 20 | V17: 40 | Y17: 20 | Z17: 40 | AB17: 20 | AC17: 20 | AD17: 20 | AE17: 60 | AF17: 20 | AG17: 20 | AH17: 20 | AI17: 40 | AJ17: =SUM(C17:AI17) -> 600
A18: Koordinasjon | D18: 120 | E18: 120 | F18: 120 | G18: 120 | H18: 120 | I18: 60 | J18: 120 | K18: 60 | N18: 120 | O18: 120 | P18: 120 | Q18: 120 | R18: 120 | U18: 60 | V18: 60 | W18: 120 | X18: 120 | Y18: 60 | AB18: 60 | AC18: 60 | AD18: 60 | AE18: 60 | AJ18: =SUM(C18:AI18) -> 2100
A19: Bevegelighet | C19: 30 | D19: 30 | E19: 30 | F19: 30 | G19: 30 | H19: 30 | I19: 30 | J19: 30 | K19: 30 | L19: 30 | M19: 30 | N19: 30 | O19: 30 | P19: 30 | Q19: 30 | R19: 30 | S19: 30 | T19: 30 | U19: 30 | V19: 30 | W19: 30 | X19: 30 | Y19: 30 | Z19: 30 | AA19: 30 | AB19: 30 | AC19: 30 | AD19: 30 | AE19: 30 | AF19: 30 | AG19: 30 | AH19: 30 | AI19: 30 | AJ19: =SUM(C19:AI19) -> 990
A20: Rekreasjon | C20: 60 | D20: 60 | E20: 60 | F20: 60 | G20: 60 | H20: 60 | I20: 60 | J20: 60 | K20: 60 | L20: 60 | M20: 60 | N20: 120 | O20: 120 | P20: 120 | Q20: 120 | R20: 120 | S20: 60 | T20: 60 | U20: 120 | V20: 120 | W20: 60 | X20: 60 | Y20: 120 | Z20: 120 | AA20: 60 | AB20: 60 | AC20: 60 | AD20: 120 | AE20: 120 | AF20: 60 | AG20: 60 | AH20: 60 | AI20: 60 | AJ20: =SUM(C20:AI20) -> 2640
B21: Sum | C21: =SUM(C7:C20) -> 480 | D21: =SUM(D7:D20) -> 660 | E21: =SUM(E7:E20) -> 700 | F21: =SUM(F7:F20) -> 780 | G21: =SUM(G7:G20) -> 840 | H21: =SUM(H7:H20) -> 870 | I21: =SUM(I7:I20) -> 580 | J21: =SUM(J7:J20) -> 920 | ... AJ21: =SUM(AJ7:AJ20) -> 21830
B22: Tester
B23: Barm:
E24: Utholdenhet | L24: Alt.trening | S24: Test | AA24: Utholdenhet(vedl.) | AF24: Vedlikehold
E25: Grunnstyrke | L25: Utholdenhet (int) | S25: Koordinasjon | AA25: Maks.vedlikehold | AF25: Rennforberedende
E26: Test | L26: Maks.styrke | S26: Utholdenhet(vedl.) | AA26: Hurtighet/spenst
E27: Medisinsk sjekk | L27: Hurtighet/spenst | S27: Maks.styrke
S28: Hurtighet/spenst (vedl.)

Sheet 16
A1: =Rammeplan!A1 -> TRENINGSDAGBOK-HOVDEN SKIGYMNAS, 2012-2013:
A3: Uke: | B3: 16 | G3: Navn:
C5: Mandag | E5: Tirsdag | G5: Onsdag | I5: Torsdag | K5: Fredag | M5: Lørdag | O5: Søndag | Q5: Sum
A6: Kvalitet | B6: Form | C6: Plan | D6: ok | E6: Plan | F6: ok | G6: Plan | H6: ok | I6: Plan | J6: ok | K6: Plan | L6: ok | M6: Plan | N6: ok | O6: Plan | P6: ok | Q6: Plan | R6: Trent | S6: Diff. | T6: Feedback
A7: Aerob | B7: Kontinuerlig | Q7: =Rammeplan!C7 -> 120 | R7: =(C7*D7)+(E7*F7)+(G7*H7)+(I7*J7)+(K7*L7)+(M7*N7)+(O7*P7) -> 0 | S7: =R7-Q7 -> -120
B8: Intervall | Q8: =Rammeplan!C8 -> 0 | R8: =(C8*D8)+(E8*F8)+(G8*H8)+(I8*J8)+(K8*L8)+(M8*N8)+(O8*P8) -> 0 | S8: =R8-Q8 -> 0
A9: Anaerob | B9: Lokalt | Q9: =Rammeplan!C9 -> 0 | R9: =(C9*D9)+(E9*F9)+(G9*H9)+(I9*J9)+(K9*L9)+(M9*N9)+(O9*P9) -> 0 | S9: =R9-Q9 -> 0
B10: Generell | Q10: =Rammeplan!C10 -> 0 | R10: =(C10*D10)+(E10*F10)+(G10*H10)+(I10*J10)+(K10*L10)+(M10*N10)+(O10*P10) -> 0 | S10: =R10-Q10 -> 0
A11: Maks.styrke | B11: Sub.maks. | Q11: =Rammeplan!C11 -> 60 | R11: =(C11*D11)+(E11*F11)+(G11*H11)+(I11*J11)+(K11*L11)+(M11*N11)+(O11*P11) -> 0 | S11: =R11-Q11 -> -60
B12: Tungt | Q12: =Rammeplan!C12 -> 0 | R12: =(C12*D12)+(E12*F12)+(G12*H12)+(I12*J12)+(K12*L12)+(M12*N12)+(O12*P12) -> 0 | S12: =R12-Q12 -> 0
B13: Eksplosivt | Q13: =Rammeplan!C13 -> 0 | R13: =(C13*D13)+(E13*F13)+(G13*H13)+(I13*J13)+(K13*L13)+(M13*N13)+(O13*P13) -> 0 | S13: =R13-Q13 -> 0
A14: Uth.styrke | B14: Sirkel | Q14: =Rammeplan!C14 -> 120 | R14: =(C14*D14)+(E14*F14)+(G14*H14)+(I14*J14)+(K14*L14)+(M14*N14)+(O14*P14) -> 0 | S14: =R14-Q14 -> -120
B15: Tungt | Q15: =Rammeplan!C15 -> 90 | R15: =(C15*D15)+(E15*F15)+(G15*H15)+(I15*J15)+(K15*L15)+(M15*N15)+(O15*P15) -> 0 | S15: =R15-Q15 -> -90
A16: Spenst | Q16: =Rammeplan!C16 -> 0 | R16: =(C16*D16)+(E16*F16)+(G16*H16)+(I16*J16)+(K16*L16)+(M16*N16)+(O16*P16) -> 0 | S16: =R16-Q16 -> 0
A17: Hurtighet | Q17: =Rammeplan!C17 -> 0 | R17: =(C17*D17)+(E17*F17)+(G17*H17)+(I17*J17)+(K17*L17)+(M17*N17)+(O17*P17) -> 0 | S17: =R17-Q17 -> 0
A18: Koordinasjon | Q18: =Rammeplan!C18 -> 0 | R18: =(C18*D18)+(E18*F18)+(G18*H18)+(I18*J18)+(K18*L18)+(M18*N18)+(O18*P18) -> 0 | S18: =R18-Q18 -> 0
A19: Bevegelighet | Q19: =Rammeplan!C19 -> 30 | R19: =(C19*D19)+(E19*F19)+(G19*H19)+(I19*J19)+(K19*L19)+(M19*N19)+(O19*P19) -> 0 | S19: =R19-Q19 -> -30
A20: Rekreasjon | Q20: =Rammeplan!C20 -> 60 | R20: =(C20*D20)+(E20*F20)+(G20*H20)+(I20*J20)+(K20*L20)+(M20*N20)+(O20*P20) -> 0 | S20: =R20-Q20 -> -60
B21: Sum | C21: =SUM(C7:C20) -> 0 | E21: =SUM(E7:E20) -> 0 | G21: =SUM(G7:G20) -> 0 | I21: =SUM(I7:I20) -> 0 | K21: =SUM(K7:K20) -> 0 | M21: =SUM(M7:M20) -> 0 | O21: =SUM(O7:O20) -> 0 | Q21: =SUM(Q7:Q20) -> 480 | R21: =SUM(R7:R20) -> 0 | S21: =R21-Q21 -> -480
A30: AKKUMULERT
A32: Kvalitet | B32: Form | C32: Plan | E32: Trent
A33: Aerob | B33: Kontinuerlig | C33: =Rammeplan!C7 -> 120 | E33: =R7 -> 0
B34: Intervall | C34: =Rammeplan!C8 -> 0 | E34: =R8 -> 0
A35: Anaerob | B35: Lokalt | C35: =Rammeplan!C9 -> 0 | E35: =R9 -> 0
B36: Generell | C36: =Rammeplan!C10 -> 0 | E36: =R10 -> 0
A37: Maks.styrke | B37: Sub.maks. | C37: =Rammeplan!C11 -> 60 | E37: =R11 -> 0
B38: Tungt | C38: =Rammeplan!C12 -> 0 | E38: =R12 -> 0
B39: Eksplosivt | C39: =Rammeplan!C13 -> 0 | E39: =R13 -> 0
A40: Uth.styrke | B40: Sirkel | C40: =Rammeplan!C14 -> 120 | E40: =R14 -> 0
B41: Tungt | C41: =Rammeplan!C15 -> 90 | E41: =R15 -> 0
A42: Spenst | C42: =Rammeplan!C16 -> 0 | E42: =R16 -> 0
A43: Hurtighet | C43: =Rammeplan!C17 -> 0 | E43: =R17 -> 0
A44: Koordinasjon | C44: =Rammeplan!C18 -> 0 | E44: =R18 -> 0
A45: Bevegelighet | C45: =Rammeplan!C19 -> 30 | E45: =R19 -> 0
A46: Rekreasjon | C46: =Rammeplan!C20 -> 60 | E46: =R20 -> 0
B47: Sum | C47: =SUM(C33:C46) -> 480 | E47: =R21 -> 0

Sheet 17
A1: =Rammeplan!A1 -> TRENINGSDAGBOK-HOVDEN SKIGYMNAS, 2012-2013:
A3: Uke: | B3: 17 | G3: Navn: | H3: ='16'!H3 -> 0
C5: Mandag | E5: Tirsdag | G5: Onsdag | I5: Torsdag | K5: Fredag | M5: Lørdag | O5: Søndag | Q5: Sum
A6: Kvalitet | B6: Form | C6: Plan | D6: ok | E6: Plan | F6: ok | G6: Plan | H6: ok | I6: Plan | J6: ok | K6: Plan | L6: ok | M6: Plan | N6: ok | O6: Plan | P6: ok | Q6: Plan | R6: Trent | S6: Diff. | T6: Feedback
A7: Aerob | B7: Kontinuerlig | Q7: =Rammeplan!D7 -> 120 | R7: =(C7*D7)+(E7*F7)+(G7*H7)+(I7*J7)+(K7*L7)+(M7*N7)+(O7*P7) -> 0 | S7: =R7-Q7 -> -120
B8: Intervall | Q8: =Rammeplan!D8 -> 0 | R8: =(C8*D8)+(E8*F8)+(G8*H8)+(I8*J8)+(K8*L8)+(M8*N8)+(O8*P8) -> 0 | S8: =R8-Q8 -> 0
A9: Anaerob | B9: Lokalt | Q9: =Rammeplan!D9 -> 0 | R9: =(C9*D9)+(E9*F9)+(G9*H9)+(I9*J9)+(K9*L9)+(M9*N9)+(O9*P9) -> 0 | S9: =R9-Q9 -> 0
B10: Generell | Q10: =Rammeplan!D10 -> 0 | R10: =(C10*D10)+(E10*F10)+(G10*H10)+(I10*J10)+(K10*L10)+(M10*N10)+(O10*P10) -> 0 | S10: =R10-Q10 -> 0
A11: Maks.styrke | B11: Sub.maks. | Q11: =Rammeplan!D11 -> 120 | R11: =(C11*D11)+(E11*F11)+(G11*H11)+(I11*J11)+(K11*L11)+(M11*N11)+(O11*P11) -> 0 | S11: =R11-Q11 -> -120
B12: Tungt | Q12: =Rammeplan!D12 -> 0 | R12: =(C12*D12)+(E12*F12)+(G12*H12)+(I12*J12)+(K12*L12)+(M12*N12)+(O12*P12) -> 0 | S12: =R12-Q12 -> 0
B13: Eksplosivt | Q13: =Rammeplan!D13 -> 0 | R13: =(C13*D13)+(E13*F13)+(G13*H13)+(I13*J13)+(K13*L13)+(M13*N13)+(O13*P13) -> 0 | S13: =R13-Q13 -> 0
A14: Uth.styrke | B14: Sirkel | Q14: =Rammeplan!D14 -> 120 | R14: =(C14*D14)+(E14*F14)+(G14*H14)+(I14*J14)+(K14*L14)+(M14*N14)+(O14*P14) -> 0 | S14: =R14-Q14 -> -120
B15: Tungt | Q15: =Rammeplan!D15 -> 90 | R15: =(C15*D15)+(E15*F15)+(G15*H15)+(I15*J15)+(K15*L15)+(M15*N15)+(O15*P15) -> 0 | S15: =R15-Q15 -> -90
A16: Spenst | Q16: =Rammeplan!D16 -> 0 | R16: =(C16*D16)+(E16*F16)+(G16*H16)+(I16*J16)+(K16*L16)+(M16*N16)+(O16*P16) -> 0 | S16: =R16-Q16 -> 0
A17: Hurtighet | Q17: =Rammeplan!D17 -> 0 | R17: =(C17*D17)+(E17*F17)+(G17*H17)+(I17*J17)+(K17*L17)+(M17*N17)+(O17*P17) -> 0 | S17: =R17-Q17 -> 0
A18: Koordinasjon | Q18: =Rammeplan!D18 -> 120 | R18: =(C18*D18)+(E18*F18)+(G18*H18)+(I18*J18)+(K18*L18)+(M18*N18)+(O18*P18) -> 0 | S18: =R18-Q18 -> -120
A19: Bevegelighet | Q19: =Rammeplan!D19 -> 30 | R19: =(C19*D19)+(E19*F19)+(G19*H19)+(I19*J19)+(K19*L19)+(M19*N19)+(O19*P19) -> 0 | S19: =R19-Q19 -> -30
A20: Rekreasjon | Q20: =Rammeplan!D20 -> 60 | R20: =(C20*D20)+(E20*F20)+(G20*H20)+(I20*J20)+(K20*L20)+(M20*N20)+(O20*P20) -> 0 | S20: =R20-Q20 -> -60
B21: Sum | C21: =SUM(C7:C20) -> 0 | E21: =SUM(E7:E20) -> 0 | G21: =SUM(G7:G20) -> 0 | I21: =SUM(I7:I20) -> 0 | K21: =SUM(K7:K20) -> 0 | M21: =SUM(M7:M20) -> 0 | O21: =SUM(O7:O20) -> 0 | Q21: =SUM(Q7:Q20) -> 660 | R21: =SUM(R7:R20) -> 0 | S21: =R21-Q21 -> -660
A30: AKKUMULERT
A32: Kvalitet | B32: Form | C32: Plan | E32: Trent
A33: Aerob | B33: Kontinuerlig | C33: ='16'!C33+'17'!Q7 -> 240 | E33: =R7 -> 0
B34: Intervall | C34: ='16'!C34+'17'!Q8 -> 0 | E34: =R8 -> 0
A35: Anaerob | B35: Lokalt | C35: ='16'!C35+'17'!Q9 -> 0 | E35: =R9 -> 0
B36: Generell | C36: ='16'!C36+'17'!Q10 -> 0 | E36: =R10 -> 0
A37: Maks.styrke | B37: Sub.maks. | C37: ='16'!C37+'17'!Q11 -> 180 | E37: =R11 -> 0
B38: Tungt | C38: ='16'!C38+'17'!Q12 -> 0 | E38: =R12 -> 0
B39: Eksplosivt | C39: ='16'!C39+'17'!Q13 -> 0 | E39: =R13 -> 0
A40: Uth.styrke | B40: Sirkel | C40: ='16'!C40+'17'!Q14 -> 240 | E40: =R14 -> 0
B41: Tungt | C41: ='16'!C41+'17'!Q15 -> 180 | E41: =R15 -> 0
A42: Spenst | C42: ='16'!C42+'17'!Q16 -> 0 | E42: =R16 -> 0
A43: Hurtighet | C43: ='16'!C43+'17'!Q17 -> 0 | E43: =R17 -> 0
A44: Koordinasjon | C44: ='16'!C44+'17'!Q18 -> 120 | E44: =R18 -> 0
A45: Bevegelighet | C45: ='16'!C45+'17'!Q19 -> 60 | E45: =R19 -> 0
A46: Rekreasjon | C46: ='16'!C46+'17'!Q20 -> 120 | E46: =R20 -> 0
B47: Sum | C47: =SUM(C33:C46) -> 1140 | E47: =R21 -> 0

Sheet 18
A1: =Rammeplan!A1 -> TRENINGSDAGBOK-HOVDEN SKIGYMNAS, 2012-2013:
A3: Uke: | B3: 18 | G3: Navn: | H3: ='16'!H3 -> 0
C5: Mandag | E5: Tirsdag | G5: Onsdag | I5: Torsdag | K5: Fredag | M5: Lørdag | O5: Søndag | Q5: Sum
A6: Kvalitet | B6: Form | C6: Plan | D6: ok | E6: Plan | F6: ok | G6: Plan | H6: ok | I6: Plan | J6: ok | K6: Plan | L6: ok | M6: Plan | N6: ok | O6: Plan | P6: ok | Q6: Plan | R6: Trent | S6: Diff. | T6: Feedback
A7: Aerob | B7: Kontinuerlig | Q7: =Rammeplan!E7 -> 120 | R7: =(C7*D7)+(E7*F7)+(G7*H7)+(I7*J7)+(K7*L7)+(M7*N7)+(O7*P7) -> 0 | S7: =R7-Q7 -> -120
B8: Intervall | Q8: =Rammeplan!E8 -> 0 | R8: =(C8*D8)+(E8*F8)+(G8*H8)+(I8*J8)+(K8*L8)+(M8*N8)+(O8*P8) -> 0 | S8: =R8-Q8 -> 0
A9: Anaerob | B9: Lokalt | Q9: =Rammeplan!E9 -> 0 | R9: =(C9*D9)+(E9*F9)+(G9*H9)+(I9*J9)+(K9*L9)+(M9*N9)+(O9*P9) -> 0 | S9: =R9-Q9 -> 0
B10: Generell | Q10: =Rammeplan!E10 -> 0 | R10: =(C10*D10)+(E10*F10)+(G10*H10)+(I10*J10)+(K10*L10)+(M10*N10)+(O10*P10) -> 0 | S10: =R10-Q10 -> 0
A11: Maks.styrke | B11: Sub.maks. | Q11: =Rammeplan!E11 -> 120 | R11: =(C11*D11)+(E11*F11)+(G11*H11)+(I11*J11)+(K11*L11)+(M11*N11)+(O11*P11) -> 0 | S11: =R11-Q11 -> -120
B12: Tungt | Q12: =Rammeplan!E12 -> 0 | R12: =(C12*D12)+(E12*F12)+(G12*H12)+(I12*J12)+(K12*L12)+(M12*N12)+(O12*P12) -> 0 | S12: =R12-Q12 -> 0
B13: Eksplosivt | Q13: =Rammeplan!E13 -> 0 | R13: =(C13*D13)+(E13*F13)+(G13*H13)+(I13*J13)+(K13*L13)+(M13*N13)+(O13*P13) -> 0 | S13: =R13-Q13 -> 0
A14: Uth.styrke | B14: Sirkel | Q14: =Rammeplan!E14 -> 120 | R14: =(C14*D14)+(E14*F14)+(G14*H14)+(I14*J14)+(K14*L14)+(M14*N14)+(O14*P14) -> 0 | S14: =R14-Q14 -> -120
B15: Tungt | Q15: =Rammeplan!E15 -> 90 | R15: =(C15*D15)+(E15*F15)+(G15*H15)+(I15*J15)+(K15*L15)+(M15*N15)+(O15*P15) -> 0 | S15: =R15-Q15 -> -90
A16: Spenst | Q16: =Rammeplan!E16 -> 20 | R16: =(C16*D16)+(E16*F16)+(G16*H16)+(I16*J16)+(K16*L16)+(M16*N16)+(O16*P16) -> 0 | S16: =R16-Q16 -> -20
A17: Hurtighet | Q17: =Rammeplan!E17 -> 20 | R17: =(C17*D17)+(E17*F17)+(G17*H17)+(I17*J17)+(K17*L17)+(M17*N17)+(O17*P17) -> 0 | S17: =R17-Q17 -> -20
A18: Koordinasjon | Q18: =Rammeplan!E18 -> 120 | R18: =(C18*D18)+(E18*F18)+(G18*H18)+(I18*J18)+(K18*L18)+(M18*N18)+(O18*P18) -> 0 | S18: =R18-Q18 -> -120
A19: Bevegelighet | Q19: =Rammeplan!E19 -> 30 | R19: =(C19*D19)+(E19*F19)+(G19*H19)+(I19*J19)+(K19*L19)+(M19*N19)+(O19*P19) -> 0 | S19: =R19-Q19 -> -30
A20: Rekreasjon | Q20: =Rammeplan!E20 -> 60 | R20: =(C20*D20)+(E20*F20)+(G20*H20)+(I20*J20)+(K20*L20)+(M20*N20)+(O20*P20) -> 0 | S20: =R20-Q20 -> -60
B21: Sum | C21: =SUM(C7:C20) -> 0 | E21: =SUM(E7:E20) -> 0 | G21: =SUM(G7:G20) -> 0 | I21: =SUM(I7:I20) -> 0 | K21: =SUM(K7:K20) -> 0 | M21: =SUM(M7:M20) -> 0 | O21: =SUM(O7:O20) -> 0 | Q21: =SUM(Q7:Q20) -> 700 | R21: =SUM(R7:R20) -> 0 | S21: =R21-Q21 -> -700
A30: AKKUMULERT
A32: Kvalitet | B32: Form | C32: Plan | E32: Trent
A33: Aerob | B33: Kontinuerlig | C33: ='17'!C33+'17'!Q7 -> 360 | E33: =R7 -> 0
B34: Intervall | C34: ='17'!C34+'17'!Q8 -> 0 | E34: =R8 -> 0
A35: Anaerob | B35: Lokalt | C35: ='17'!C35+'17'!Q9 -> 0 | E35: =R9 -> 0
B36: Generell | C36: ='17'!C36+'17'!Q10 -> 0 | E36: =R10 -> 0
A37: Maks.styrke | B37: Sub.maks. | C37: ='17'!C37+'17'!Q11 -> 300 | E37: =R11 -> 0
B38: Tungt | C38: ='17'!C38+'17'!Q12 -> 0 | E38: =R12 -> 0
B39: Eksplosivt | C39: ='17'!C39+'17'!Q13 -> 0 | E39: =R13 -> 0
A40: Uth.styrke | B40: Sirkel | C40: ='17'!C40+'17'!Q14 -> 360 | E40: =R14 -> 0
B41: Tungt | C41: ='17'!C41+'17'!Q15 -> 270 | E41: =R15 -> 0
A42: Spenst | C42: ='17'!C42+'17'!Q16 -> 0 | E42: =R16 -> 0
A43: Hurtighet | C43: ='17'!C43+'17'!Q17 -> 0 | E43: =R17 -> 0
A44: Koordinasjon | C44: ='17'!C44+'17'!Q18 -> 240 | E44: =R18 -> 0
A45: Bevegelighet | C45: ='17'!C45+'17'!Q19 -> 90 | E45: =R19 -> 0
A46: Rekreasjon | C46: ='17'!C46+'17'!Q20 -> 180 | E46: =R20 -> 0
B47: Sum | C47: =SUM(C33:C46) -> 1800 | E47: =R21 -> 0

Sheet 19
A1: =Rammeplan!A1 -> TRENINGSDAGBOK-HOVDEN SKIGYMNAS, 2012-2013:
A3: Uke: | B3: 19 | G3: Navn: | H3: ='16'!H3 -> 0
C5: Mandag | E5: Tirsdag | G5: Onsdag | I5: Torsdag | K5: Fredag | M5: Lørdag | O5: Søndag | Q5: Sum
A6: Kvalitet | B6: Form | C6: Plan | D6: ok | E6: Plan | F6: ok | G6: Plan | H6: ok | I6: Plan | J6: ok | K6: Plan | L6: ok | M6: Plan | N6: ok | O6: Plan | P6: ok | Q6: Plan | R6: Trent | S6: Diff. | T6: Feedback
A7: Aerob | B7: Kontinuerlig | Q7: =Rammeplan!F7 -> 240 | R7: =(C7*D7)+(E7*F7)+(G7*H7)+(I7*J7)+(K7*L7)+(M7*N7)+(O7*P7) -> 0 | S7: =R7-Q7 -> -240
B8: Intervall | Q8: =Rammeplan!F8 -> 0 | R8: =(C8*D8)+(E8*F8)+(G8*H8)+(I8*J8)+(K8*L8)+(M8*N8)+(O8*P8) -> 0 | S8: =R8-Q8 -> 0
A9: Anaerob | B9: Lokalt | Q9: =Rammeplan!F9 -> 0 | R9: =(C9*D9)+(E9*F9)+(G9*H9)+(I9*J9)+(K9*L9)+(M9*N9)+(O9*P9) -> 0 | S9: =R9-Q9 -> 0
B10: Generell | Q10: =Rammeplan!F10 -> 0 | R10: =(C10*D10)+(E10*F10)+(G10*H10)+(I10*J10)+(K10*L10)+(M10*N10)+(O10*P10) -> 0 | S10: =R10-Q10 -> 0
A11: Maks.styrke | B11: Sub.maks. | Q11: =Rammeplan!F11 -> 120 | R11: =(C11*D11)+(E11*F11)+(G11*H11)+(I11*J11)+(K11*L11)+(M11*N11)+(O11*P11) -> 0 | S11: =R11-Q11 -> -120
B12: Tungt | Q12: =Rammeplan!F12 -> 0 | R12: =(C12*D12)+(E12*F12)+(G12*H12)+(I12*J12)+(K12*L12)+(M12*N12)+(O12*P12) -> 0 | S12: =R12-Q12 -> 0
B13: Eksplosivt | Q13: =Rammeplan!F13 -> 0 | R13: =(C13*D13)+(E13*F13)+(G13*H13)+(I13*J13)+(K13*L13)+(M13*N13)+(O13*P13) -> 0 | S13: =R13-Q13 -> 0
A14: Uth.styrke | B14: Sirkel | Q14: =Rammeplan!F14 -> 120 | R14: =(C14*D14)+(E14*F14)+(G14*H14)+(I14*J14)+(K14*L14)+(M14*N14)+(O14*P14) -> 0 | S14: =R14-Q14 -> -120
B15: Tungt | Q15: =Rammeplan!F15 -> 90 | R15: =(C15*D15)+(E15*F15)+(G15*H15)+(I15*J15)+(K15*L15)+(M15*N15)+(O15*P15) -> 0 | S15: =R15-Q15 -> -90
A16: Spenst | Q16: =Rammeplan!F16 -> 0 | R16: =(C16*D16)+(E16*F16)+(G16*H16)+(I16*J16)+(K16*L16)+(M16*N16)+(O16*P16) -> 0 | S16: =R16-Q16 -> 0
A17: Hurtighet | Q17: =Rammeplan!F17 -> 0 | R17: =(C17*D17)+(E17*F17)+(G17*H17)+(I17*J17)+(K17*L17)+(M17*N17)+(O17*P17) -> 0 | S17: =R17-Q17 -> 0
A18: Koordinasjon | Q18: =Rammeplan!F18 -> 120 | R18: =(C18*D18)+(E18*F18)+(G18*H18)+(I18*J18)+(K18*L18)+(M18*N18)+(O18*P18) -> 0 | S18: =R18-Q18 -> -120
A19: Bevegelighet | Q19: =Rammeplan!F19 -> 30 | R19: =(C19*D19)+(E19*F19)+(G19*H19)+(I19*J19)+(K19*L19)+(M19*N19)+(O19*P19) -> 0 | S19: =R19-Q19 -> -30
A20: Rekreasjon | Q20: =Rammeplan!F20 -> 60 | R20: =(C20*D20)+(E20*F20)+(G20*H20)+(I20*J20)+(K20*L20)+(M20*N20)+(O20*P20) -> 0 | S20: =R20-Q20 -> -60
B21: Sum | C21: =SUM(C7:C20) -> 0 | E21: =SUM(E7:E20) -> 0 | G21: =SUM(G7:G20) -> 0 | I21: =SUM(I7:I20) -> 0 | K21: =SUM(K7:K20) -> 0 | M21: =SUM(M7:M20) -> 0 | O21: =SUM(O7:O20) -> 0 | Q21: =SUM(Q7:Q20) -> 780 | R21: =SUM(R7:R20) -> 0 | S21: =R21-Q21 -> -780
A31: AKKUMULERT
A33: Kvalitet | B33: Form | C33: Plan | E33: Trent
A34: Aerob | B34: Kontinuerlig | C34: ='18'!C33+'19'!Q7 -> 600 | E34: ='18'!E33+'19'!R7 -> 0
B35: Intervall | C35: ='18'!C34+'19'!Q8 -> 0 | E35: ='18'!E34+'18'!R8 -> 0
A36: Anaerob | B36: Lokalt | C36: ='18'!C35+'19'!Q9 -> 0 | E36: ='18'!E35+'18'!R9 -> 0
B37: Generell | C37: ='18'!C36+'19'!Q10 -> 0 | E37: ='18'!E36+'18'!R10 -> 0
A38: Maks.styrke | B38: Sub.maks. | C38: ='18'!C37+'19'!Q11 -> 420 | E38: ='18'!E37+'18'!R11 -> 0
B39: Tungt | C39: ='18'!C38+'19'!Q12 -> 0 | E39: ='18'!E38+'18'!R12 -> 0
B40: Eksplosivt | C40: ='18'!C39+'19'!Q13 -> 0 | E40: ='18'!E39+'18'!R13 -> 0
A41: Uth.styrke | B41: Sirkel | C41: ='18'!C40+'19'!Q14 -> 480 | E41: ='18'!E40+'18'!R14 -> 0
B42: Tungt | C42: ='18'!C41+'19'!Q15 -> 360 | E42: ='18'!E41+'18'!R15 -> 0
A43: Spenst | C43: ='18'!C42+'19'!Q16 -> 0 | E43: ='18'!E42+'18'!R16 -> 0
A44: Hurtighet | C44: ='18'!C43+'19'!Q17 -> 0 | E44: ='18'!E43+'18'!R17 -> 0
A45: Koordinasjon | C45: ='18'!C44+'19'!Q18 -> 360 | E45: ='18'!E44+'18'!R18 -> 0
A46: Bevegelighet | C46: ='18'!C45+'19'!Q19 -> 120 | E46: ='18'!E45+'18'!R19 -> 0
A47: Rekreasjon | C47: ='18'!C46+'19'!Q20 -> 240 | E47: ='18'!E46+'18'!R20 -> 0
B48: Sum | C48: =SUM(C34:C47) -> 2580 | E48: =SUM(E34:E47) -> 0

Sheet 20
A1: =Rammeplan!A1 -> TRENINGSDAGBOK-HOVDEN SKIGYMNAS, 2012-2013:
A3: Uke: | B3: 20 | G3: Navn: | H3: ='18'!H3 -> 0
C5: Mandag | E5: Tirsdag | G5: Onsdag | I5: Torsdag | K5: Fredag | M5: Lørdag | O5: Søndag | Q5: Sum
A6: Kvalitet | B6: Form | C6: Plan | D6: ok | E6: Plan | F6: ok | G6: Plan | H6: ok | I6: Plan | J6: ok | K6: Plan | L6: ok | M6: Plan | N6: ok | O6: Plan | P6: ok | Q6: Plan | R6: Trent | S6: Diff. | T6: Feedback
A7: Aerob | B7: Kontinuerlig | Q7: =Rammeplan!G7 -> 240 | R7: =(C7*D7)+(E7*F7)+(G7*H7)+(I7*J7)+(K7*L7)+(M7*N7)+(O7*P7) -> 0 | S7: =R7-Q7 -> -240
B8: Intervall | Q8: =Rammeplan!G8 -> 0 | R8: =(C8*D8)+(E8*F8)+(G8*H8)+(I8*J8)+(K8*L8)+(M8*N8)+(O8*P8) -> 0 | S8: =R8-Q8 -> 0
A9: Anaerob | B9: Lokalt | Q9: =Rammeplan!G9 -> 0 | R9: =(C9*D9)+(E9*F9)+(G9*H9)+(I9*J9)+(K9*L9)+(M9*N9)+(O9*P9) -> 0 | S9: =R9-Q9 -> 0
B10: Generell | Q10: =Rammeplan!G10 -> 0 | R10: =(C10*D10)+(E10*F10)+(G10*H10)+(I10*J10)+(K10*L10)+(M10*N10)+(O10*P10) -> 0 | S10: =R10-Q10 -> 0
A11: Maks.styrke | B11: Sub.maks. | Q11: =Rammeplan!G11 -> 180 | R11: =(C11*D11)+(E11*F11)+(G11*H11)+(I11*J11)+(K11*L11)+(M11*N11)+(O11*P11) -> 0 | S11: =R11-Q11 -> -180
B12: Tungt | Q12: =Rammeplan!G12 -> 0 | R12: =(C12*D12)+(E12*F12)+(G12*H12)+(I12*J12)+(K12*L12)+(M12*N12)+(O12*P12) -> 0 | S12: =R12-Q12 -> 0
B13: Eksplosivt | Q13: =Rammeplan!G13 -> 0 | R13: =(C13*D13)+(E13*F13)+(G13*H13)+(I13*J13)+(K13*L13)+(M13*N13)+(O13*P13) -> 0 | S13: =R13-Q13 -> 0
A14: Uth.styrke | B14: Sirkel | Q14: =Rammeplan!G14 -> 120 | R14: =(C14*D14)+(E14*F14)+(G14*H14)+(I14*J14)+(K14*L14)+(M14*N14)+(O14*P14) -> 0 | S14: =R14-Q14 -> -120
B15: Tungt | Q15: =Rammeplan!G15 -> 90 | R15: =(C15*D15)+(E15*F15)+(G15*H15)+(I15*J15)+(K15*L15)+(M15*N15)+(O15*P15) -> 0 | S15: =R15-Q15 -> -90
A16: Spenst | Q16: =Rammeplan!L16 -> 20 | R16: =(C16*D16)+(E16*F16)+(G16*H16)+(I16*J16)+(K16*L16)+(M16*N16)+(O16*P16) -> 0 | S16: =R16-Q16 -> -20
A17: Hurtighet | Q17: =Rammeplan!L17 -> 20 | R17: =(C17*D17)+(E17*F17)+(G17*H17)+(I17*J17)+(K17*L17)+(M17*N17)+(O17*P17) -> 0 | S17: =R17-Q17 -> -20
A18: Koordinasjon | Q18: =Rammeplan!G18 -> 120 | R18: =(C18*D18)+(E18*F18)+(G18*H18)+(I18*J18)+(K18*L18)+(M18*N18)+(O18*P18) -> 0 | S18: =R18-Q18 -> -120
A19: Bevegelighet | Q19: =Rammeplan!G19 -> 30 | R19: =(C19*D19)+(E19*F19)+(G19*H19)+(I19*J19)+(K19*L19)+(M19*N19)+(O19*P19) -> 0 | S19: =R19-Q19 -> -30
A20: Rekreasjon | Q20: =Rammeplan!G20 -> 60 | R20: =(C20*D20)+(E20*F20)+(G20*H20)+(I20*J20)+(K20*L20)+(M20*N20)+(O20*P20) -> 0 | S20: =R20-Q20 -> -60
B21: Sum | C21: =SUM(C7:C20) -> 0 | E21: =SUM(E7:E20) -> 0 | G21: =SUM(G7:G20) -> 0 | I21: =SUM(I7:I20) -> 0 | K21: =SUM(K7:K20) -> 0 | M21: =SUM(M7:M20) -> 0 | O21: =SUM(O7:O20) -> 0 | Q21: =SUM(Q7:Q20) -> 880 | R21: =SUM(R7:R20) -> 0 | S21: =R21-Q21 -> -880
A31: AKKUMULERT
A33: Kvalitet | B33: Form | C33: Plan | E33: Trent
A34: Aerob | B34: Kontinuerlig | C34: ='19'!C34+'20'!Q7 -> 840 | E34: ='19'!E34+'20'!R7 -> 0
B35: Intervall | C35: ='19'!C35+'20'!Q8 -> 0 | E35: ='19'!E35+'20'!R8 -> 0
A36: Anaerob | B36: Lokalt | C36: ='19'!C36+'20'!Q9 -> 0 | E36: ='19'!E36+'20'!R9 -> 0
B37: Generell | C37: ='19'!C37+'20'!Q10 -> 0 | E37: ='19'!E37+'20'!R10 -> 0
A38: Maks.styrke | B38: Sub.maks. | C38: ='19'!C38+'20'!Q11 -> 600 | E38: ='19'!E38+'20'!R11 -> 0
B39: Tungt | C39: ='19'!C39+'20'!Q12 -> 0 | E39: ='19'!E39+'20'!R12 -> 0
B40: Eksplosivt | C40: ='19'!C40+'20'!Q13 -> 0 | E40: ='19'!E40+'20'!R13 -> 0
A41: Uth.styrke | B41: Sirkel | C41: ='19'!C41+'20'!Q14 -> 600 | E41: ='19'!E41+'20'!R14 -> 0
B42: Tungt | C42: ='19'!C42+'20'!Q15 -> 450 | E42: ='19'!E42+'20'!R15 -> 0
A43: Spenst | C43: ='19'!C43+'20'!Q16 -> 20 | E43: ='19'!E43+'20'!R16 -> 0
A44: Hurtighet | C44: ='19'!C44+'20'!Q17 -> 20 | E44: ='19'!E44+'20'!R17 -> 0
A45: Koordinasjon | C45: ='19'!C45+'20'!Q18 -> 480 | E45: ='19'!E45+'20'!R18 -> 0
A46: Bevegelighet | C46: ='19'!C46+'20'!Q19 -> 150 | E46: ='19'!E46+'20'!R19 -> 0
A47: Rekreasjon | C47: ='19'!C47+'20'!Q20 -> 300 | E47: ='19'!E47+'20'!R20 -> 0
B48: Sum | C48: =SUM(C34:C47) -> 3460 | E48: =SUM(E34:E47) -> 0

Sheet 21
A1: =Rammeplan!A1 -> TRENINGSDAGBOK-HOVDEN SKIGYMNAS, 2012-2013:
A3: Uke: | B3: 21 | G3: Navn: | H3: ='18'!H3 -> 0
C5: Mandag | E5: Tirsdag | G5: Onsdag | I5: Torsdag | K5: Fredag | M5: Lørdag | O5: Søndag | Q5: Sum
A6: Kvalitet | B6: Form | C6: Plan | D6: ok | E6: Plan | F6: ok | G6: Plan | H6: ok | I6: Plan | J6: ok | K6: Plan | L6: ok | M6: Plan | N6: ok | O6: Plan | P6: ok | Q6: Plan | R6: Trent | S6: Diff. | T6: Feedback
A7: Aerob | B7: Kontinuerlig | Q7: =Rammeplan!H7 -> 240 | R7: =(C7*D7)+(E7*F7)+(G7*H7)+(I7*J7)+(K7*L7)+(M7*N7)+(O7*P7) -> 0 | S7: =R7-Q7 -> -240
B8: Intervall | Q8: =Rammeplan!H8 -> 0 | R8: =(C8*D8)+(E8*F8)+(G8*H8)+(I8*J8)+(K8*L8)+(M8*N8)+(O8*P8) -> 0 | S8: =R8-Q8 -> 0
A9: Anaerob | B9: Lokalt | Q9: =Rammeplan!H9 -> 0 | R9: =(C9*D9)+(E9*F9)+(G9*H9)+(I9*J9)+(K9*L9)+(M9*N9)+(O9*P9) -> 0 | S9: =R9-Q9 -> 0
B10: Generell | Q10: =Rammeplan!H10 -> 30 | R10: =(C10*D10)+(E10*F10)+(G10*H10)+(I10*J10)+(K10*L10)+(M10*N10)+(O10*P10) -> 0 | S10: =R10-Q10 -> -30
A11: Maks.styrke | B11: Sub.maks. | Q11: =Rammeplan!H11 -> 180 | R11: =(C11*D11)+(E11*F11)+(G11*H11)+(I11*J11)+(K11*L11)+(M11*N11)+(O11*P11) -> 0 | S11: =R11-Q11 -> -180
B12: Tungt | Q12: =Rammeplan!H12 -> 0 | R12: =(C12*D12)+(E12*F12)+(G12*H12)+(I12*J12)+(K12*L12)+(M12*N12)+(O12*P12) -> 0 | S12: =R12-Q12 -> 0
B13: Eksplosivt | Q13: =Rammeplan!H13 -> 0 | R13: =(C13*D13)+(E13*F13)+(G13*H13)+(I13*J13)+(K13*L13)+(M13*N13)+(O13*P13) -> 0 | S13: =R13-Q13 -> 0
A14: Uth.styrke | B14: Sirkel | Q14: =Rammeplan!H14 -> 120 | R14: =(C14*D14)+(E14*F14)+(G14*H14)+(I14*J14)+(K14*L14)+(M14*N14)+(O14*P14) -> 0 | S14: =R14-Q14 -> -120
B15: Tungt | Q15: =Rammeplan!H15 -> 90 | R15: =(C15*D15)+(E15*F15)+(G15*H15)+(I15*J15)+(K15*L15)+(M15*N15)+(O15*P15) -> 0 | S15: =R15-Q15 -> -90
A16: Spenst | Q16: =Rammeplan!I16 -> 20 | R16: =(C16*D16)+(E16*F16)+(G16*H16)+(I16*J16)+(K16*L16)+(M16*N16)+(O16*P16) -> 0 | S16: =R16-Q16 -> -20
A17: Hurtighet | Q17: =Rammeplan!I17 -> 20 | R17: =(C17*D17)+(E17*F17)+(G17*H17)+(I17*J17)+(K17*L17)+(M17*N17)+(O17*P17) -> 0 | S17: =R17-Q17 -> -20
A18: Koordinasjon | Q18: =Rammeplan!H18 -> 120 | R18: =(C18*D18)+(E18*F18)+(G18*H18)+(I18*J18)+(K18*L18)+(M18*N18)+(O18*P18) -> 0 | S18: =R18-Q18 -> -120
A19: Bevegelighet | Q19: =Rammeplan!H19 -> 30 | R19: =(C19*D19)+(E19*F19)+(G19*H19)+(I19*J19)+(K19*L19)+(M19*N19)+(O19*P19) -> 0 | S19: =R19-Q19 -> -30
A20: Rekreasjon | Q20: =Rammeplan!H20 -> 60 | R20: =(C20*D20)+(E20*F20)+(G20*H20)+(I20*J20)+(K20*L20)+(M20*N20)+(O20*P20) -> 0 | S20: =R20-Q20 -> -60
B21: Sum | C21: =SUM(C7:C20) -> 0 | E21: =SUM(E7:E20) -> 0 | G21: =SUM(G7:G20) -> 0 | I21: =SUM(I7:I20) -> 0 | K21: =SUM(K7:K20) -> 0 | M21: =SUM(M7:M20) -> 0 | O21: =SUM(O7:O20) -> 0 | Q21: =SUM(Q7:Q20) -> 910 | R21: =SUM(R7:R20) -> 0 | S21: =R21-Q21 -> -910
A31: AKKUMULERT
A33: Kvalitet | B33: Form | C33: Plan | E33: Trent
A34: Aerob | B34: Kontinuerlig | C34: ='20'!C34+'21'!Q7 -> 1080 | E34: ='20'!E34+'21'!R7 -> 0
B35: Intervall | C35: ='20'!C35+'21'!Q8 -> 0 | E35: ='20'!E35+'21'!R8 -> 0
A36: Anaerob | B36: Lokalt | C36: ='20'!C36+'21'!Q9 -> 0 | E36: ='20'!E36+'21'!R9 -> 0
B37: Generell | C37: ='20'!C37+'21'!Q10 -> 30 | E37: ='20'!E37+'21'!R10 -> 0
A38: Maks.styrke | B38: Sub.maks. | C38: ='20'!C38+'21'!Q11 -> 780 | E38: ='20'!E38+'21'!R11 -> 0
B39: Tungt | C39: ='20'!C39+'21'!Q12 -> 0 | E39: ='20'!E39+'21'!R12 -> 0
B40: Eksplosivt | C40: ='20'!C40+'21'!Q13 -> 0 | E40: ='20'!E40+'21'!R13 -> 0
A41: Uth.styrke | B41: Sirkel | C41: ='20'!C41+'21'!Q14 -> 720 | E41: ='20'!E41+'21'!R14 -> 0
B42: Tungt | C42: ='20'!C42+'21'!Q15 -> 540 | E42: ='20'!E42+'21'!R15 -> 0
A43: Spenst | C43: ='20'!C43+'21'!Q16 -> 40 | E43: ='20'!E43+'21'!R16 -> 0
A44: Hurtighet | C44: ='20'!C44+'21'!Q17 -> 40 | E44: ='20'!E44+'21'!R17 -> 0
A45: Koordinasjon | C45: ='20'!C45+'21'!Q18 -> 600 | E45: ='20'!E45+'21'!R18 -> 0
A46: Bevegelighet | C46: ='20'!C46+'21'!Q19 -> 180 | E46: ='20'!E46+'21'!R19 -> 0
A47: Rekreasjon | C47: ='20'!C47+'21'!Q20 -> 360 | E47: ='20'!E47+'21'!R20 -> 0
B48: Sum | C48: =SUM(C34:C47) -> 4370 | E48: =SUM(E34:E47) -> 0

Sheet 22
A1: =Rammeplan!A1 -> TRENINGSDAGBOK-HOVDEN SKIGYMNAS, 2012-2013:
A3: Uke: | B3: 22 | G3: Navn: | H3: ='18'!H3 -> 0
C5: Mandag | E5: Tirsdag | G5: Onsdag | I5: Torsdag | K5: Fredag | M5: Lørdag | O5: Søndag | Q5: Sum
A6: Kvalitet | B6: Form | C6: Plan | D6: ok | E6: Plan | F6: ok | G6: Plan | H6: ok | I6: Plan | J6: ok | K6: Plan | L6: ok | M6: Plan | N6: ok | O6: Plan | P6: ok | Q6: Plan | R6: Trent | S6: Diff. | T6: Feedback
A7: Aerob | B7: Kontinuerlig | Q7: =Rammeplan!I7 -> 120 | R7: =(C7*D7)+(E7*F7)+(G7*H7)+(I7*J7)+(K7*L7)+(M7*N7)+(O7*P7) -> 0 | S7: =R7-Q7 -> -120
B8: Intervall | Q8: =Rammeplan!I8 -> 0 | R8: =(C8*D8)+(E8*F8)+(G8*H8)+(I8*J8)+(K8*L8)+(M8*N8)+(O8*P8) -> 0 | S8: =R8-Q8 -> 0
A9: Anaerob | B9: Lokalt | Q9: =Rammeplan!I9 -> 0 | R9: =(C9*D9)+(E9*F9)+(G9*H9)+(I9*J9)+(K9*L9)+(M9*N9)+(O9*P9) -> 0 | S9: =R9-Q9 -> 0
B10: Generell | Q10: =Rammeplan!I10 -> 0 | R10: =(C10*D10)+(E10*F10)+(G10*H10)+(I10*J10)+(K10*L10)+(M10*N10)+(O10*P10) -> 0 | S10: =R10-Q10 -> 0
A11: Maks.styrke | B11: Sub.maks. | Q11: =Rammeplan!I11 -> 120 | R11: =(C11*D11)+(E11*F11)+(G11*H11)+(I11*J11)+(K11*L11)+(M11*N11)+(O11*P11) -> 0 | S11: =R11-Q11 -> -120
B12: Tungt | Q12: =Rammeplan!I12 -> 0 | R12: =(C12*D12)+(E12*F12)+(G12*H12)+(I12*J12)+(K12*L12)+(M12*N12)+(O12*P12) -> 0 | S12: =R12-Q12 -> 0
B13: Eksplosivt | Q13: =Rammeplan!I13 -> 0 | R13: =(C13*D13)+(E13*F13)+(G13*H13)+(I13*J13)+(K13*L13)+(M13*N13)+(O13*P13) -> 0 | S13: =R13-Q13 -> 0
A14: Uth.styrke | B14: Sirkel | Q14: =Rammeplan!I14 -> 90 | R14: =(C14*D14)+(E14*F14)+(G14*H14)+(I14*J14)+(K14*L14)+(M14*N14)+(O14*P14) -> 0 | S14: =R14-Q14 -> -90
B15: Tungt | Q15: =Rammeplan!I15 -> 60 | R15: =(C15*D15)+(E15*F15)+(G15*H15)+(I15*J15)+(K15*L15)+(M15*N15)+(O15*P15) -> 0 | S15: =R15-Q15 -> -60
A16: Spenst | Q16: =Rammeplan!J16 -> 40 | R16: =(C16*D16)+(E16*F16)+(G16*H16)+(I16*J16)+(K16*L16)+(M16*N16)+(O16*P16) -> 0 | S16: =R16-Q16 -> -40
A17: Hurtighet | Q17: =Rammeplan!J17 -> 40 | R17: =(C17*D17)+(E17*F17)+(G17*H17)+(I17*J17)+(K17*L17)+(M17*N17)+(O17*P17) -> 0 | S17: =R17-Q17 -> -40
A18: Koordinasjon | Q18: =Rammeplan!I18 -> 60 | R18: =(C18*D18)+(E18*F18)+(G18*H18)+(I18*J18)+(K18*L18)+(M18*N18)+(O18*P18) -> 0 | S18: =R18-Q18 -> -60
A19: Bevegelighet | Q19: =Rammeplan!I19 -> 30 | R19: =(C19*D19)+(E19*F19)+(G19*H19)+(I19*J19)+(K19*L19)+(M19*N19)+(O19*P19) -> 0 | S19: =R19-Q19 -> -30
A20: Rekreasjon | Q20: =Rammeplan!I20 -> 60 | R20: =(C20*D20)+(E20*F20)+(G20*H20)+(I20*J20)+(K20*L20)+(M20*N20)+(O20*P20) -> 0 | S20: =R20-Q20 -> -60
B21: Sum | C21: =SUM(C7:C20) -> 0 | E21: =SUM(E7:E20) -> 0 | G21: =SUM(G7:G20) -> 0 | I21: =SUM(I7:I20) -> 0 | K21: =SUM(K7:K20) -> 0 | M21: =SUM(M7:M20) -> 0 | O21: =SUM(O7:O20) -> 0 | Q21: =SUM(Q7:Q20) -> 620 | R21: =SUM(R7:R20) -> 0 | S21: =R21-Q21 -> -620
A31: AKKUMULERT
A33: Kvalitet | B33: Form | C33: Plan | E33: Trent
A34: Aerob | B34: Kontinuerlig | C34: ='21'!C34+'22'!Q7 -> 1200 | E34: ='21'!E34+'22'!R7 -> 0
B35: Intervall | C35: ='21'!C35+'22'!Q8 -> 0 | E35: ='21'!E35+'22'!R8 -> 0
A36: Anaerob | B36: Lokalt | C36: ='21'!C36+'22'!Q9 -> 0 | E36: ='21'!E36+'22'!R9 -> 0
B37: Generell | C37: ='21'!C37+'22'!Q10 -> 30 | E37: ='21'!E37+'22'!R10 -> 0
A38: Maks.styrke | B38: Sub.maks. | C38: ='21'!C38+'22'!Q11 -> 900 | E38: ='21'!E38+'22'!R11 -> 0
B39: Tungt | C39: ='21'!C39+'22'!Q12 -> 0 | E39: ='21'!E39+'22'!R12 -> 0
B40: Eksplosivt | C40: ='21'!C40+'22'!Q13 -> 0 | E40: ='21'!E40+'22'!R13 -> 0
A41: Uth.styrke | B41: Sirkel | C41: ='21'!C41+'22'!Q14 -> 810 | E41: ='21'!E41+'22'!R14 -> 0
B42: Tungt | C42: ='21'!C42+'22'!Q15 -> 600 | E42: ='21'!E42+'22'!R15 -> 0
A43: Spenst | C43: ='21'!C43+'22'!Q16 -> 80 | E43: ='21'!E43+'22'!R16 -> 0
A44: Hurtighet | C44: ='21'!C44+'22'!Q17 -> 80 | E44: ='21'!E44+'22'!R17 -> 0
A45: Koordinasjon | C45: ='21'!C45+'22'!Q18 -> 660 | E45: ='21'!E45+'22'!R18 -> 0
A46: Bevegelighet | C46: ='21'!C46+'22'!Q19 -> 210 | E46: ='21'!E46+'22'!R19 -> 0
A47: Rekreasjon | C47: ='21'!C47+'22'!Q20 -> 420 | E47: ='21'!E47+'22'!R20 -> 0
B48: Sum | C48: =SUM(C34:C47) -> 4990 | E48: =SUM(E34:E47) -> 0

Sheet 23
A1: =Rammeplan!A1 -> TRENINGSDAGBOK-HOVDEN SKIGYMNAS, 2012-2013:
A3: Uke: | B3: 23 | G3: Navn: | H3: ='18'!H3 -> 0
C5: Mandag | E5: Tirsdag | G5: Onsdag | I5: Torsdag | K5: Fredag | M5: Lørdag | O5: Søndag | Q5: Sum
A6: Kvalitet | B6: Form | C6: Plan | D6: ok | E6: Plan | F6: ok | G6: Plan | H6: ok | I6: Plan | J6: ok | K6: Plan | L6: ok | M6: Plan | N6: ok | O6: Plan | P6: ok | Q6: Plan | R6: Trent | S6: Diff. | T6: Feedback
A7: Aerob | B7: Kontinuerlig | Q7: =Rammeplan!J7 -> 240 | R7: =(C7*D7)+(E7*F7)+(G7*H7)+(I7*J7)+(K7*L7)+(M7*N7)+(O7*P7) -> 0 | S7: =R7-Q7 -> -240
B8: Intervall | Q8: =Rammeplan!J8 -> 0 | R8: =(C8*D8)+(E8*F8)+(G8*H8)+(I8*J8)+(K8*L8)+(M8*N8)+(O8*P8) -> 0 | S8: =R8-Q8 -> 0
A9: Anaerob | B9: Lokalt | Q9: =Rammeplan!J9 -> 0 | R9: =(C9*D9)+(E9*F9)+(G9*H9)+(I9*J9)+(K9*L9)+(M9*N9)+(O9*P9) -> 0 | S9: =R9-Q9 -> 0
B10: Generell | Q10: =Rammeplan!J10 -> 0 | R10: =(C10*D10)+(E10*F10)+(G10*H10)+(I10*J10)+(K10*L10)+(M10*N10)+(O10*P10) -> 0 | S10: =R10-Q10 -> 0
A11: Maks.styrke | B11: Sub.maks. | Q11: =Rammeplan!J11 -> 180 | R11: =(C11*D11)+(E11*F11)+(G11*H11)+(I11*J11)+(K11*L11)+(M11*N11)+(O11*P11) -> 0 | S11: =R11-Q11 -> -180
B12: Tungt | Q12: =Rammeplan!J12 -> 0 | R12: =(C12*D12)+(E12*F12)+(G12*H12)+(I12*J12)+(K12*L12)+(M12*N12)+(O12*P12) -> 0 | S12: =R12-Q12 -> 0
B13: Eksplosivt | Q13: =Rammeplan!J13 -> 0 | R13: =(C13*D13)+(E13*F13)+(G13*H13)+(I13*J13)+(K13*L13)+(M13*N13)+(O13*P13) -> 0 | S13: =R13-Q13 -> 0
A14: Uth.styrke | B14: Sirkel | Q14: =Rammeplan!J14 -> 120 | R14: =(C14*D14)+(E14*F14)+(G14*H14)+(I14*J14)+(K14*L14)+(M14*N14)+(O14*P14) -> 0 | S14: =R14-Q14 -> -120
B15: Tungt | Q15: =Rammeplan!J15 -> 90 | R15: =(C15*D15)+(E15*F15)+(G15*H15)+(I15*J15)+(K15*L15)+(M15*N15)+(O15*P15) -> 0 | S15: =R15-Q15 -> -90
A16: Spenst | Q16: =Rammeplan!J16 -> 40 | R16: =(C16*D16)+(E16*F16)+(G16*H16)+(I16*J16)+(K16*L16)+(M16*N16)+(O16*P16) -> 0 | S16: =R16-Q16 -> -40
A17: Hurtighet | Q17: =Rammeplan!J17 -> 40 | R17: =(C17*D17)+(E17*F17)+(G17*H17)+(I17*J17)+(K17*L17)+(M17*N17)+(O17*P17) -> 0 | S17: =R17-Q17 -> -40
A18: Koordinasjon | Q18: =Rammeplan!J18 -> 120 | R18: =(C18*D18)+(E18*F18)+(G18*H18)+(I18*J18)+(K18*L18)+(M18*N18)+(O18*P18) -> 0 | S18: =R18-Q18 -> -120
A19: Bevegelighet | Q19: =Rammeplan!J19 -> 30 | R19: =(C19*D19)+(E19*F19)+(G19*H19)+(I19*J19)+(K19*L19)+(M19*N19)+(O19*P19) -> 0 | S19: =R19-Q19 -> -30
A20: Rekreasjon | Q20: =Rammeplan!J20 -> 60 | R20: =(C20*D20)+(E20*F20)+(G20*H20)+(I20*J20)+(K20*L20)+(M20*N20)+(O20*P20) -> 0 | S20: =R20-Q20 -> -60
B21: Sum | C21: =SUM(C7:C20) -> 0 | E21: =SUM(E7:E20) -> 0 | G21: =SUM(G7:G20) -> 0 | I21: =SUM(I7:I20) -> 0 | K21: =SUM(K7:K20) -> 0 | M21: =SUM(M7:M20) -> 0 | O21: =SUM(O7:O20) -> 0 | Q21: =SUM(Q7:Q20) -> 920 | R21: =SUM(R7:R20) -> 0 | S21: =R21-Q21 -> -920
A31: AKKUMULERT
A33: Kvalitet | B33: Form | C33: Plan | E33: Trent
A34: Aerob | B34: Kontinuerlig | C34: ='22'!C34+'23'!Q7 -> 1440 | E34: ='22'!E34+'23'!R7 -> 0
B35: Intervall | C35: ='22'!C35+'23'!Q8 -> 0 | E35: ='22'!E35+'23'!R8 -> 0
A36: Anaerob | B36: Lokalt | C36: ='22'!C36+'23'!Q9 -> 0 | E36: ='22'!E36+'23'!R9 -> 0
B37: Generell | C37: ='22'!C37+'23'!Q10 -> 30 | E37: ='22'!E37+'23'!R10 -> 0
A38: Maks.styrke | B38: Sub.maks. | C38: ='22'!C38+'23'!Q11 -> 1080 | E38: ='22'!E38+'23'!R11 -> 0
B39: Tungt | C39: ='22'!C39+'23'!Q12 -> 0 | E39: ='22'!E39+'23'!R12 -> 0
B40: Eksplosivt | C40: ='22'!C40+'23'!Q13 -> 0 | E40: ='22'!E40+'23'!R13 -> 0
A41: Uth.styrke | B41: Sirkel | C41: ='22'!C41+'23'!Q14 -> 930 | E41: ='22'!E41+'23'!R14 -> 0
B42: Tungt | C42: ='22'!C42+'23'!Q15 -> 690 | E42: ='22'!E42+'23'!R15 -> 0
A43: Spenst | C43: ='22'!C43+'23'!Q16 -> 120 | E43: ='22'!E43+'23'!R16 -> 0
A44: Hurtighet | C44: ='22'!C44+'23'!Q17 -> 120 | E44: ='22'!E44+'23'!R17 -> 0
A45: Koordinasjon | C45: ='22'!C45+'23'!Q18 -> 780 | E45: ='22'!E45+'23'!R18 -> 0
A46: Bevegelighet | C46: ='22'!C46+'23'!Q19 -> 240 | E46: ='22'!E46+'23'!R19 -> 0
A47: Rekreasjon | C47: ='22'!C47+'23'!Q20 -> 480 | E47: ='22'!E47+'23'!R20 -> 0
B48: Sum | C48: =SUM(C34:C47) -> 5910 | E48: =SUM(E34:E47) -> 0

Sheet 24
A1: =Rammeplan!A1 -> TRENINGSDAGBOK-HOVDEN SKIGYMNAS, 2012-2013:
A3: Uke: | B3: 24 | G3: Navn: | H3: ='18'!H3 -> 0
C5: Mandag | E5: Tirsdag | G5: Onsdag | I5: Torsdag | K5: Fredag | M5: Lørdag | O5: Søndag | Q5: Sum
A6: Kvalitet | B6: Form | C6: Plan | D6: ok | E6: Plan | F6: ok | G6: Plan | H6: ok | I6: Plan | J6: ok | K6: Plan | L6: ok | M6: Plan | N6: ok | O6: Plan | P6: ok | Q6: Plan | R6: Trent | S6: Diff. | T6: Feedback
A7: Aerob | B7: Kontinuerlig | Q7: =Rammeplan!K7 -> 120 | R7: =(C7*D7)+(E7*F7)+(G7*H7)+(I7*J7)+(K7*L7)+(M7*N7)+(O7*P7) -> 0 | S7: =R7-Q7 -> -120
B8: Intervall | Q8: =Rammeplan!K8 -> 0 | R8: =(C8*D8)+(E8*F8)+(G8*H8)+(I8*J8)+(K8*L8)+(M8*N8)+(O8*P8) -> 0 | S8: =R8-Q8 -> 0
A9: Anaerob | B9: Lokalt | Q9: =Rammeplan!K9 -> 0 | R9: =(C9*D9)+(E9*F9)+(G9*H9)+(I9*J9)+(K9*L9)+(M9*N9)+(O9*P9) -> 0 | S9: =R9-Q9 -> 0
B10: Generell | Q10: =Rammeplan!K10 -> 0 | R10: =(C10*D10)+(E10*F10)+(G10*H10)+(I10*J10)+(K10*L10)+(M10*N10)+(O10*P10) -> 0 | S10: =R10-Q10 -> 0
A11: Maks.styrke | B11: Sub.maks. | Q11: =Rammeplan!K11 -> 0 | R11: =(C11*D11)+(E11*F11)+(G11*H11)+(I11*J11)+(K11*L11)+(M11*N11)+(O11*P11) -> 0 | S11: =R11-Q11 -> 0
B12: Tungt | Q12: =Rammeplan!K12 -> 0 | R12: =(C12*D12)+(E12*F12)+(G12*H12)+(I12*J12)+(K12*L12)+(M12*N12)+(O12*P12) -> 0 | S12: =R12-Q12 -> 0
B13: Eksplosivt | Q13: =Rammeplan!K13 -> 0 | R13: =(C13*D13)+(E13*F13)+(G13*H13)+(I13*J13)+(K13*L13)+(M13*N13)+(O13*P13) -> 0 | S13: =R13-Q13 -> 0
A14: Uth.styrke | B14: Sirkel | Q14: =Rammeplan!K14 -> 90 | R14: =(C14*D14)+(E14*F14)+(G14*H14)+(I14*J14)+(K14*L14)+(M14*N14)+(O14*P14) -> 0 | S14: =R14-Q14 -> -90
B15: Tungt | Q15: =Rammeplan!K15 -> 0 | R15: =(C15*D15)+(E15*F15)+(G15*H15)+(I15*J15)+(K15*L15)+(M15*N15)+(O15*P15) -> 0 | S15: =R15-Q15 -> 0
A16: Spenst | Q16: =Rammeplan!K16 -> 20 | R16: =(C16*D16)+(E16*F16)+(G16*H16)+(I16*J16)+(K16*L16)+(M16*N16)+(O16*P16) -> 0 | S16: =R16-Q16 -> -20
A17: Hurtighet | Q17: =Rammeplan!K17 -> 20 | R17: =(C17*D17)+(E17*F17)+(G17*H17)+(I17*J17)+(K17*L17)+(M17*N17)+(O17*P17) -> 0 | S17: =R17-Q17 -> -20
A18: Koordinasjon | Q18: =Rammeplan!K18 -> 60 | R18: =(C18*D18)+(E18*F18)+(G18*H18)+(I18*J18)+(K18*L18)+(M18*N18)+(O18*P18) -> 0 | S18: =R18-Q18 -> -60
A19: Bevegelighet | Q19: =Rammeplan!K19 -> 30 | R19: =(C19*D19)+(E19*F19)+(G19*H19)+(I19*J19)+(K19*L19)+(M19*N19)+(O19*P19) -> 0 | S19: =R19-Q19 -> -30
A20: Rekreasjon | Q20: =Rammeplan!K20 -> 60 | R20: =(C20*D20)+(E20*F20)+(G20*H20)+(I20*J20)+(K20*L20)+(M20*N20)+(O20*P20) -> 0 | S20: =R20-Q20 -> -60
B21: Sum | C21: =SUM(C7:C20) -> 0 | E21: =SUM(E7:E20) -> 0 | G21: =SUM(G7:G20) -> 0 | I21: =SUM(I7:I20) -> 0 | K21: =SUM(K7:K20) -> 0 | M21: =SUM(M7:M20) -> 0 | O21: =SUM(O7:O20) -> 0 | Q21: =SUM(Q7:Q20) -> 400 | R21: =SUM(R7:R20) -> 0 | S21: =R21-Q21 -> -400
A31: AKKUMULERT
A33: Kvalitet | B33: Form | C33: Plan | E33: Trent
A34: Aerob | B34: Kontinuerlig | C34: ='23'!C34+'24'!Q7 -> 1560 | E34: ='23'!E34+'24'!R7 -> 0
B35: Intervall | C35: ='23'!C35+'24'!Q8 -> 0 | E35: ='23'!E35+'24'!R8 -> 0
A36: Anaerob | B36: Lokalt | C36: ='23'!C36+'24'!Q9 -> 0 | E36: ='23'!E36+'24'!R9 -> 0
B37: Generell | C37: ='23'!C37+'24'!Q10 -> 30 | E37: ='23'!E37+'24'!R10 -> 0
A38: Maks.styrke | B38: Sub.maks. | C38: ='23'!C38+'24'!Q11 -> 1080 | E38: ='23'!E38+'24'!R11 -> 0
B39: Tungt | C39: ='23'!C39+'24'!Q12 -> 0 | E39: ='23'!E39+'24'!R12 -> 0
B40: Eksplosivt | C40: ='23'!C40+'24'!Q13 -> 0 | E40: ='23'!E40+'24'!R13 -> 0
A41: Uth.styrke | B41: Sirkel | C41: ='23'!C41+'24'!Q14 -> 1020 | E41: ='23'!E41+'24'!R14 -> 0
B42: Tungt | C42: ='23'!C42+'24'!Q15 -> 690 | E42: ='23'!E42+'24'!R15 -> 0
A43: Spenst | C43: ='23'!C43+'24'!Q16 -> 140 | E43: ='23'!E43+'24'!R16 -> 0
A44: Hurtighet | C44: ='23'!C44+'24'!Q17 -> 140 | E44: ='23'!E44+'24'!R17 -> 0
A45: Koordinasjon | C45: ='23'!C45+'24'!Q18 -> 840 | E45: ='23'!E45+'24'!R18 -> 0
A46: Bevegelighet | C46: ='23'!C46+'24'!Q19 -> 270 | E46: ='23'!E46+'24'!R19 -> 0
A47: Rekreasjon | C47: ='23'!C47+'24'!Q20 -> 540 | E47: ='23'!E47+'24'!R20 -> 0
B48: Sum | C48: =SUM(C34:C47) -> 6310 | E48: =SUM(E34:E47) -> 0

Sheet 25
A1: =Rammeplan!A1 -> TRENINGSDAGBOK-HOVDEN SKIGYMNAS, 2012-2013:
A3: Uke: | B3: 25 | G3: Navn: | H3: ='18'!H3 -> 0
C5: Mandag | E5: Tirsdag | G5: Onsdag | I5: Torsdag | K5: Fredag | M5: Lørdag | O5: Søndag | Q5: Sum
A6: Kvalitet | B6: Form | C6: Plan | D6: ok | E6: Plan | F6: ok | G6: Plan | H6: ok | I6: Plan | J6: ok | K6: Plan | L6: ok | M6: Plan | N6: ok | O6: Plan | P6: ok | Q6: Plan | R6: Trent | S6: Diff. | T6: Feedback
A7: Aerob | B7: Kontinuerlig | Q7: =Rammeplan!L7 -> 120 | R7: =(C7*D7)+(E7*F7)+(G7*H7)+(I7*J7)+(K7*L7)+(M7*N7)+(O7*P7) -> 0 | S7: =R7-Q7 -> -120
B8: Intervall | Q8: =Rammeplan!L8 -> 0 | R8: =(C8*D8)+(E8*F8)+(G8*H8)+(I8*J8)+(K8*L8)+(M8*N8)+(O8*P8) -> 0 | S8: =R8-Q8 -> 0
A9: Anaerob | B9: Lokalt | Q9: =Rammeplan!L9 -> 0 | R9: =(C9*D9)+(E9*F9)+(G9*H9)+(I9*J9)+(K9*L9)+(M9*N9)+(O9*P9) -> 0 | S9: =R9-Q9 -> 0
B10: Generell | Q10: =Rammeplan!L10 -> 0 | R10: =(C10*D10)+(E10*F10)+(G10*H10)+(I10*J10)+(K10*L10)+(M10*N10)+(O10*P10) -> 0 | S10: =R10-Q10 -> 0
A11: Maks.styrke | B11: Sub.maks. | Q11: =Rammeplan!L11 -> 0 | R11: =(C11*D11)+(E11*F11)+(G11*H11)+(I11*J11)+(K11*L11)+(M11*N11)+(O11*P11) -> 0 | S11: =R11-Q11 -> 0
B12: Tungt | Q12: =Rammeplan!L12 -> 0 | R12: =(C12*D12)+(E12*F12)+(G12*H12)+(I12*J12)+(K12*L12)+(M12*N12)+(O12*P12) -> 0 | S12: =R12-Q12 -> 0
B13: Eksplosivt | Q13: =Rammeplan!L13 -> 0 | R13: =(C13*D13)+(E13*F13)+(G13*H13)+(I13*J13)+(K13*L13)+(M13*N13)+(O13*P13) -> 0 | S13: =R13-Q13 -> 0
A14: Uth.styrke | B14: Sirkel | Q14: =Rammeplan!L14 -> 120 | R14: =(C14*D14)+(E14*F14)+(G14*H14)+(I14*J14)+(K14*L14)+(M14*N14)+(O14*P14) -> 0 | S14: =R14-Q14 -> -120
B15: Tungt | Q15: =Rammeplan!L15 -> 0 | R15: =(C15*D15)+(E15*F15)+(G15*H15)+(I15*J15)+(K15*L15)+(M15*N15)+(O15*P15) -> 0 | S15: =R15-Q15 -> 0
A16: Spenst | Q16: =Rammeplan!L16 -> 20 | R16: =(C16*D16)+(E16*F16)+(G16*H16)+(I16*J16)+(K16*L16)+(M16*N16)+(O16*P16) -> 0 | S16: =R16-Q16 -> -20
A17: Hurtighet | Q17: =Rammeplan!L17 -> 20 | R17: =(C17*D17)+(E17*F17)+(G17*H17)+(I17*J17)+(K17*L17)+(M17*N17)+(O17*P17) -> 0 | S17: =R17-Q17 -> -20
A18: Koordinasjon | Q18: =Rammeplan!L18 -> 0 | R18: =(C18*D18)+(E18*F18)+(G18*H18)+(I18*J18)+(K18*L18)+(M18*N18)+(O18*P18) -> 0 | S18: =R18-Q18 -> 0
A19: Bevegelighet | Q19: =Rammeplan!L19 -> 30 | R19: =(C19*D19)+(E19*F19)+(G19*H19)+(I19*J19)+(K19*L19)+(M19*N19)+(O19*P19) -> 0 | S19: =R19-Q19 -> -30
A20: Rekreasjon | Q20: =Rammeplan!L20 -> 60 | R20: =(C20*D20)+(E20*F20)+(G20*H20)+(I20*J20)+(K20*L20)+(M20*N20)+(O20*P20) -> 0 | S20: =R20-Q20 -> -60
B21: Sum | C21: =SUM(C7:C20) -> 0 | E21: =SUM(E7:E20) -> 0 | G21: =SUM(G7:G20) -> 0 | I21: =SUM(I7:I20) -> 0 | K21: =SUM(K7:K20) -> 0 | M21: =SUM(M7:M20) -> 0 | O21: =SUM(O7:O20) -> 0 | Q21: =SUM(Q7:Q20) -> 370 | R21: =SUM(R7:R20) -> 0 | S21: =R21-Q21 -> -370
A31: AKKUMULERT
A33: Kvalitet | B33: Form | C33: Plan | E33: Trent
A34: Aerob | B34: Kontinuerlig | C34: ='24'!C34+'25'!Q7 -> 1680 | E34: ='24'!E34+'25'!R7 -> 0
B35: Intervall | C35: ='24'!C35+'25'!Q8 -> 0 | E35: ='24'!E35+'25'!R8 -> 0
A36: Anaerob | B36: Lokalt | C36: ='24'!C36+'25'!Q9 -> 0 | E36: ='24'!E36+'25'!R9 -> 0
B37: Generell | C37: ='24'!C37+'25'!Q10 -> 30 | E37: ='24'!E37+'25'!R10 -> 0
A38: Maks.styrke | B38: Sub.maks. | C38: ='24'!C38+'25'!Q11 -> 1080 | E38: ='24'!E38+'25'!R11 -> 0
B39: Tungt | C39: ='24'!C39+'25'!Q12 -> 0 | E39: ='24'!E39+'25'!R12 -> 0
B40: Eksplosivt | C40: ='24'!C40+'25'!Q13 -> 0 | E40: ='24'!E40+'25'!R13 -> 0
A41: Uth.styrke | B41: Sirkel | C41: ='24'!C41+'25'!Q14 -> 1140 | E41: ='24'!E41+'25'!R14 -> 0
B42: Tungt | C42: ='24'!C42+'25'!Q15 -> 690 | E42: ='24'!E42+'25'!R15 -> 0
A43: Spenst | C43: ='24'!C43+'25'!Q16 -> 160 | E43: ='24'!E43+'25'!R16 -> 0
A44: Hurtighet | C44: ='24'!C44+'25'!Q17 -> 160 | E44: ='24'!E44+'25'!R17 -> 0
A45: Koordinasjon | C45: ='24'!C45+'25'!Q18 -> 840 | E45: ='24'!E45+'25'!R18 -> 0
A46: Bevegelighet | C46: ='24'!C46+'25'!Q19 -> 300 | E46: ='24'!E46+'25'!R19 -> 0
A47: Rekreasjon | C47: ='24'!C47+'25'!Q20 -> 600 | E47: ='24'!E47+'25'!R20 -> 0
B48: Sum | C48: =SUM(C34:C47) -> 6680 | E48: =SUM(E34:E47) -> 0

Sheet 26
A1: =Rammeplan!A1 -> TRENINGSDAGBOK-HOVDEN SKIGYMNAS, 2012-2013:
A3: Uke: | B3: 26 | G3: Navn: | H3: ='18'!H3 -> 0
C5: Mandag | E5: Tirsdag | G5: Onsdag | I5: Torsdag | K5: Fredag | M5: Lørdag | O5: Søndag | Q5: Sum
A6: Kvalitet | B6: Form | C6: Plan | D6: ok | E6: Plan | F6: ok | G6: Plan | H6: ok | I6: Plan | J6: ok | K6: Plan | L6: ok | M6: Plan | N6: ok | O6: Plan | P6: ok | Q6: Plan | R6: Trent | S6: Diff. | T6: Feedback
A7: Aerob | B7: Kontinuerlig | Q7: =Rammeplan!M7 -> 120 | R7: =(C7*D7)+(E7*F7)+(G7*H7)+(I7*J7)+(K7*L7)+(M7*N7)+(O7*P7) -> 0 | S7: =R7-Q7 -> -120
B8: Intervall | Q8: =Rammeplan!M8 -> 0 | R8: =(C8*D8)+(E8*F8)+(G8*H8)+(I8*J8)+(K8*L8)+(M8*N8)+(O8*P8) -> 0 | S8: =R8-Q8 -> 0
A9: Anaerob | B9: Lokalt | Q9: =Rammeplan!M9 -> 0 | R9: =(C9*D9)+(E9*F9)+(G9*H9)+(I9*J9)+(K9*L9)+(M9*N9)+(O9*P9) -> 0 | S9: =R9-Q9 -> 0
B10: Generell | Q10: =Rammeplan!M10 -> 60 | R10: =(C10*D10)+(E10*F10)+(G10*H10)+(I10*J10)+(K10*L10)+(M10*N10)+(O10*P10) -> 0 | S10: =R10-Q10 -> -60
A11: Maks.styrke | B11: Sub.maks. | Q11: =Rammeplan!M11 -> 0 | R11: =(C11*D11)+(E11*F11)+(G11*H11)+(I11*J11)+(K11*L11)+(M11*N11)+(O11*P11) -> 0 | S11: =R11-Q11 -> 0
B12: Tungt | Q12: =Rammeplan!M12 -> 0 | R12: =(C12*D12)+(E12*F12)+(G12*H12)+(I12*J12)+(K12*L12)+(M12*N12)+(O12*P12) -> 0 | S12: =R12-Q12 -> 0
B13: Eksplosivt | Q13: =Rammeplan!M13 -> 0 | R13: =(C13*D13)+(E13*F13)+(G13*H13)+(I13*J13)+(K13*L13)+(M13*N13)+(O13*P13) -> 0 | S13: =R13-Q13 -> 0
A14: Uth.styrke | B14: Sirkel | Q14: =Rammeplan!M14 -> 120 | R14: =(C14*D14)+(E14*F14)+(G14*H14)+(I14*J14)+(K14*L14)+(M14*N14)+(O14*P14) -> 0 | S14: =R14-Q14 -> -120
B15: Tungt | Q15: =Rammeplan!M15 -> 0 | R15: =(C15*D15)+(E15*F15)+(G15*H15)+(I15*J15)+(K15*L15)+(M15*N15)+(O15*P15) -> 0 | S15: =R15-Q15 -> 0
A16: Spenst | Q16: =Rammeplan!M16 -> 0 | R16: =(C16*D16)+(E16*F16)+(G16*H16)+(I16*J16)+(K16*L16)+(M16*N16)+(O16*P16) -> 0 | S16: =R16-Q16 -> 0
A17: Hurtighet | Q17: =Rammeplan!M17 -> 0 | R17: =(C17*D17)+(E17*F17)+(G17*H17)+(I17*J17)+(K17*L17)+(M17*N17)+(O17*P17) -> 0 | S17: =R17-Q17 -> 0
A18: Koordinasjon | Q18: =Rammeplan!M18 -> 0 | R18: =(C18*D18)+(E18*F18)+(G18*H18)+(I18*J18)+(K18*L18)+(M18*N18)+(O18*P18) -> 0 | S18: =R18-Q18 -> 0
A19: Bevegelighet | Q19: =Rammeplan!M19 -> 30 | R19: =(C19*D19)+(E19*F19)+(G19*H19)+(I19*J19)+(K19*L19)+(M19*N19)+(O19*P19) -> 0 | S19: =R19-Q19 -> -30
A20: Rekreasjon | Q20: =Rammeplan!M20 -> 60 | R20: =(C20*D20)+(E20*F20)+(G20*H20)+(I20*J20)+(K20*L20)+(M20*N20)+(O20*P20) -> 0 | S20: =R20-Q20 -> -60
B21: Sum | C21: =SUM(C7:C20) -> 0 | E21: =SUM(E7:E20) -> 0 | G21: =SUM(G7:G20) -> 0 | I21: =SUM(I7:I20) -> 0 | K21: =SUM(K7:K20) -> 0 | M21: =SUM(M7:M20) -> 0 | O21: =SUM(O7:O20) -> 0 | Q21: =SUM(Q7:Q20) -> 390 | R21: =SUM(R7:R20) -> 0 | S21: =R21-Q21 -> -390
A31: AKKUMULERT
A33: Kvalitet | B33: Form | C33: Plan | E33: Trent
A34: Aerob | B34: Kontinuerlig | C34: ='25'!C34+'26'!Q7 -> 1800 | E34: ='25'!E34+'26'!R7 -> 0
B35: Intervall | C35: ='25'!C35+'26'!Q8 -> 0 | E35: ='25'!E35+'26'!R8 -> 0
A36: Anaerob | B36: Lokalt | C36: ='25'!C36+'26'!Q9 -> 0 | E36: ='25'!E36+'26'!R9 -> 0
B37: Generell | C37: ='25'!C37+'26'!Q10 -> 90 | E37: ='25'!E37+'26'!R10 -> 0
A38: Maks.styrke | B38: Sub.maks. | C38: ='25'!C38+'26'!Q11 -> 1080 | E38: ='25'!E38+'26'!R11 -> 0
B39: Tungt | C39: ='25'!C39+'26'!Q12 -> 0 | E39: ='25'!E39+'26'!R12 -> 0
B40: Eksplosivt | C40: ='25'!C40+'26'!Q13 -> 0 | E40: ='25'!E40+'26'!R13 -> 0
A41: Uth.styrke | B41: Sirkel | C41: ='25'!C41+'26'!Q14 -> 1260 | E41: ='25'!E41+'26'!R14 -> 0
B42: Tungt | C42: ='25'!C42+'26'!Q15 -> 690 | E42: ='25'!E42+'26'!R15 -> 0
A43: Spenst | C43: ='25'!C43+'26'!Q16 -> 160 | E43: ='25'!E43+'26'!R16 -> 0
A44: Hurtighet | C44: ='25'!C44+'26'!Q17 -> 160 | E44: ='25'!E44+'26'!R17 -> 0
A45: Koordinasjon | C45: ='25'!C45+'26'!Q18 -> 840 | E45: ='25'!E45+'26'!R18 -> 0
A46: Bevegelighet | C46: ='25'!C46+'26'!Q19 -> 330 | E46: ='25'!E46+'26'!R19 -> 0
A47: Rekreasjon | C47: ='25'!C47+'26'!Q20 -> 660 | E47: ='25'!E47+'26'!R20 -> 0
B48: Sum | C48: =SUM(C34:C47) -> 7070 | E48: =SUM(E34:E47) -> 0

Sheet 27
A1: =Rammeplan!A1 -> TRENINGSDAGBOK-HOVDEN SKIGYMNAS, 2012-2013:
A3: Uke: | B3: 27 | G3: Navn: | H3: ='18'!H3 -> 0
C5: Mandag | E5: Tirsdag | G5: Onsdag | I5: Torsdag | K5: Fredag | M5: Lørdag | O5: Søndag | Q5: Sum
A6: Kvalitet | B6: Form | C6: Plan | D6: ok | E6: Plan | F6: ok | G6: Plan | H6: ok | I6: Plan | J6: ok | K6: Plan | L6: ok | M6: Plan | N6: ok | O6: Plan | P6: ok | Q6: Plan | R6: Trent | S6: Diff. | T6: Feedback
A7: Aerob | B7: Kontinuerlig | Q7: =Rammeplan!N7 -> 120 | R7: =(C7*D7)+(E7*F7)+(G7*H7)+(I7*J7)+(K7*L7)+(M7*N7)+(O7*P7) -> 0 | S7: =R7-Q7 -> -120
B8: Intervall | Q8: =Rammeplan!N8 -> 30 | R8: =(C8*D8)+(E8*F8)+(G8*H8)+(I8*J8)+(K8*L8)+(M8*N8)+(O8*P8) -> 0 | S8: =R8-Q8 -> -30
A9: Anaerob | B9: Lokalt | Q9: =Rammeplan!N9 -> 0 | R9: =(C9*D9)+(E9*F9)+(G9*H9)+(I9*J9)+(K9*L9)+(M9*N9)+(O9*P9) -> 0 | S9: =R9-Q9 -> 0
B10: Generell | Q10: =Rammeplan!N10 -> 0 | R10: =(C10*D10)+(E10*F10)+(G10*H10)+(I10*J10)+(K10*L10)+(M10*N10)+(O10*P10) -> 0 | S10: =R10-Q10 -> 0
A11: Maks.styrke | B11: Sub.maks. | Q11: =Rammeplan!N11 -> 120 | R11: =(C11*D11)+(E11*F11)+(G11*H11)+(I11*J11)+(K11*L11)+(M11*N11)+(O11*P11) -> 0 | S11: =R11-Q11 -> -120
B12: Tungt | Q12: =Rammeplan!N12 -> 0 | R12: =(C12*D12)+(E12*F12)+(G12*H12)+(I12*J12)+(K12*L12)+(M12*N12)+(O12*P12) -> 0 | S12: =R12-Q12 -> 0
B13: Eksplosivt | Q13: =Rammeplan!N13 -> 0 | R13: =(C13*D13)+(E13*F13)+(G13*H13)+(I13*J13)+(K13*L13)+(M13*N13)+(O13*P13) -> 0 | S13: =R13-Q13 -> 0
A14: Uth.styrke | B14: Sirkel | Q14: =Rammeplan!N14 -> 120 | R14: =(C14*D14)+(E14*F14)+(G14*H14)+(I14*J14)+(K14*L14)+(M14*N14)+(O14*P14) -> 0 | S14: =R14-Q14 -> -120
B15: Tungt | Q15: =Rammeplan!N15 -> 120 | R15: =(C15*D15)+(E15*F15)+(G15*H15)+(I15*J15)+(K15*L15)+(M15*N15)+(O15*P15) -> 0 | S15: =R15-Q15 -> -120
A16: Spenst | Q16: =Rammeplan!O16 -> 20 | R16: =(C16*D16)+(E16*F16)+(G16*H16)+(I16*J16)+(K16*L16)+(M16*N16)+(O16*P16) -> 0 | S16: =R16-Q16 -> -20
A17: Hurtighet | Q17: =Rammeplan!O17 -> 20 | R17: =(C17*D17)+(E17*F17)+(G17*H17)+(I17*J17)+(K17*L17)+(M17*N17)+(O17*P17) -> 0 | S17: =R17-Q17 -> -20
A18: Koordinasjon | Q18: =Rammeplan!O18 -> 120 | R18: =(C18*D18)+(E18*F18)+(G18*H18)+(I18*J18)+(K18*L18)+(M18*N18)+(O18*P18) -> 0 | S18: =R18-Q18 -> -120
A19: Bevegelighet | Q19: =Rammeplan!N19 -> 30 | R19: =(C19*D19)+(E19*F19)+(G19*H19)+(I19*J19)+(K19*L19)+(M19*N19)+(O19*P19) -> 0 | S19: =R19-Q19 -> -30
A20: Rekreasjon | Q20: =Rammeplan!N20 -> 120 | R20: =(C20*D20)+(E20*F20)+(G20*H20)+(I20*J20)+(K20*L20)+(M20*N20)+(O20*P20) -> 0 | S20: =R20-Q20 -> -120
B21: Sum | C21: =SUM(C7:C20) -> 0 | E21: =SUM(E7:E20) -> 0 | G21: =SUM(G7:G20) -> 0 | I21: =SUM(I7:I20) -> 0 | K21: =SUM(K7:K20) -> 0 | M21: =SUM(M7:M20) -> 0 | O21: =SUM(O7:O20) -> 0 | Q21: =SUM(Q7:Q20) -> 820 | R21: =SUM(R7:R20) -> 0 | S21: =R21-Q21 -> -820
A31: AKKUMULERT
A33: Kvalitet | B33: Form | C33: Plan | E33: Trent
A34: Aerob | B34: Kontinuerlig | C34: ='26'!C34+'26'!Q7 -> 1920 | E34: ='26'!E34+'27'!R7 -> 0
B35: Intervall | C35: ='26'!C35+'26'!Q8 -> 0 | E35: ='26'!E35+'27'!R8 -> 0
A36: Anaerob | B36: Lokalt | C36: ='26'!C36+'26'!Q9 -> 0 | E36: ='26'!E36+'27'!R9 -> 0
B37: Generell | C37: ='26'!C37+'26'!Q10 -> 150 | E37: ='26'!E37+'27'!R10 -> 0
A38: Maks.styrke | B38: Sub.maks. | C38: ='26'!C38+'26'!Q11 -> 1080 | E38: ='26'!E38+'27'!R11 -> 0
B39: Tungt | C39: ='26'!C39+'26'!Q12 -> 0 | E39: ='26'!E39+'27'!R12 -> 0
B40: Eksplosivt | C40: ='26'!C40+'26'!Q13 -> 0 | E40: ='26'!E40+'27'!R13 -> 0
A41: Uth.styrke | B41: Sirkel | C41: ='26'!C41+'26'!Q14 -> 1380 | E41: ='26'!E41+'27'!R14 -> 0
B42: Tungt | C42: ='26'!C42+'26'!Q15 -> 690 | E42: ='26'!E42+'27'!R15 -> 0
A43: Spenst | C43: ='26'!C43+'26'!Q16 -> 160 | E43: ='26'!E43+'27'!R16 -> 0
A44: Hurtighet | C44: ='26'!C44+'26'!Q17 -> 160 | E44: ='26'!E44+'27'!R17 -> 0
A45: Koordinasjon | C45: ='26'!C45+'26'!Q18 -> 840 | E45: ='26'!E45+'27'!R18 -> 0
A46: Bevegelighet | C46: ='26'!C46+'26'!Q19 -> 360 | E46: ='26'!E46+'27'!R19 -> 0
A47: Rekreasjon | C47: ='26'!C47+'26'!Q20 -> 720 | E47: ='26'!E47+'27'!R20 -> 0
B48: Sum | C48: =SUM(C34:C47) -> 7460 | E48: =SUM(E34:E47) -> 0

Sheet 28
A1: =Rammeplan!A1 -> TRENINGSDAGBOK-HOVDEN SKIGYMNAS, 2012-2013:
A3: Uke: | B3: 28 | G3: Navn: | H3: ='18'!H3 -> 0
C5: Mandag | E5: Tirsdag | G5: Onsdag | I5: Torsdag | K5: Fredag | M5: Lørdag | O5: Søndag | Q5: Sum
A6: Kvalitet | B6: Form | C6: Plan | D6: ok | E6: Plan | F6: ok | G6: Plan | H6: ok | I6: Plan | J6: ok | K6: Plan | L6: ok | M6: Plan | N6: ok | O6: Plan | P6: ok | Q6: Plan | R6: Trent | S6: Diff. | T6: Feedback
A7: Aerob | B7: Kontinuerlig | Q7: =Rammeplan!O7 -> 240 | R7: =(C7*D7)+(E7*F7)+(G7*H7)+(I7*J7)+(K7*L7)+(M7*N7)+(O7*P7) -> 0 | S7: =R7-Q7 -> -240
B8: Intervall | Q8: =Rammeplan!O8 -> 0 | R8: =(C8*D8)+(E8*F8)+(G8*H8)+(I8*J8)+(K8*L8)+(M8*N8)+(O8*P8) -> 0 | S8: =R8-Q8 -> 0
A9: Anaerob | B9: Lokalt | Q9: =Rammeplan!O9 -> 0 | R9: =(C9*D9)+(E9*F9)+(G9*H9)+(I9*J9)+(K9*L9)+(M9*N9)+(O9*P9) -> 0 | S9: =R9-Q9 -> 0
B10: Generell | Q10: =Rammeplan!O10 -> 0 | R10: =(C10*D10)+(E10*F10)+(G10*H10)+(I10*J10)+(K10*L10)+(M10*N10)+(O10*P10) -> 0 | S10: =R10-Q10 -> 0
A11: Maks.styrke | B11: Sub.maks. | Q11: =Rammeplan!O11 -> 120 | R11: =(C11*D11)+(E11*F11)+(G11*H11)+(I11*J11)+(K11*L11)+(M11*N11)+(O11*P11) -> 0 | S11: =R11-Q11 -> -120
B12: Tungt | Q12: =Rammeplan!O12 -> 0 | R12: =(C12*D12)+(E12*F12)+(G12*H12)+(I12*J12)+(K12*L12)+(M12*N12)+(O12*P12) -> 0 | S12: =R12-Q12 -> 0
B13: Eksplosivt | Q13: =Rammeplan!O13 -> 0 | R13: =(C13*D13)+(E13*F13)+(G13*H13)+(I13*J13)+(K13*L13)+(M13*N13)+(O13*P13) -> 0 | S13: =R13-Q13 -> 0
A14: Uth.styrke | B14: Sirkel | Q14: =Rammeplan!O14 -> 120 | R14: =(C14*D14)+(E14*F14)+(G14*H14)+(I14*J14)+(K14*L14)+(M14*N14)+(O14*P14) -> 0 | S14: =R14-Q14 -> -120
B15: Tungt | Q15: =Rammeplan!O15 -> 120 | R15: =(C15*D15)+(E15*F15)+(G15*H15)+(I15*J15)+(K15*L15)+(M15*N15)+(O15*P15) -> 0 | S15: =R15-Q15 -> -120
A16: Spenst | Q16: =Rammeplan!P16 -> 40 | R16: =(C16*D16)+(E16*F16)+(G16*H16)+(I16*J16)+(K16*L16)+(M16*N16)+(O16*P16) -> 0 | S16: =R16-Q16 -> -40
A17: Hurtighet | Q17: =Rammeplan!P17 -> 40 | R17: =(C17*D17)+(E17*F17)+(G17*H17)+(I17*J17)+(K17*L17)+(M17*N17)+(O17*P17) -> 0 | S17: =R17-Q17 -> -40
A18: Koordinasjon | Q18: =Rammeplan!P18 -> 120 | R18: =(C18*D18)+(E18*F18)+(G18*H18)+(I18*J18)+(K18*L18)+(M18*N18)+(O18*P18) -> 0 | S18: =R18-Q18 -> -120
A19: Bevegelighet | Q19: =Rammeplan!O19 -> 30 | R19: =(C19*D19)+(E19*F19)+(G19*H19)+(I19*J19)+(K19*L19)+(M19*N19)+(O19*P19) -> 0 | S19: =R19-Q19 -> -30
A20: Rekreasjon | Q20: =Rammeplan!O20 -> 120 | R20: =(C20*D20)+(E20*F20)+(G20*H20)+(I20*J20)+(K20*L20)+(M20*N20)+(O20*P20) -> 0 | S20: =R20-Q20 -> -120
B21: Sum | C21: =SUM(C7:C20) -> 0 | E21: =SUM(E7:E20) -> 0 | G21: =SUM(G7:G20) -> 0 | I21: =SUM(I7:I20) -> 0 | K21: =SUM(K7:K20) -> 0 | M21: =SUM(M7:M20) -> 0 | O21: =SUM(O7:O20) -> 0 | Q21: =SUM(Q7:Q20) -> 950 | R21: =SUM(R7:R20) -> 0 | S21: =R21-Q21 -> -950
A31: AKKUMULERT
A33: Kvalitet | B33: Form | C33: Plan | E33: Trent
A34: Aerob | B34: Kontinuerlig | C34: ='27'!C34+'28'!Q7 -> 2160 | E34: ='27'!E34+'28'!R7 -> 0
B35: Intervall | C35: ='27'!C35+'28'!Q8 -> 0 | E35: ='27'!E35+'28'!R8 -> 0
A36: Anaerob | B36: Lokalt | C36: ='27'!C36+'28'!Q9 -> 0 | E36: ='27'!E36+'28'!R9 -> 0
B37: Generell | C37: ='27'!C37+'28'!Q10 -> 150 | E37: ='27'!E37+'28'!R10 -> 0
A38: Maks.styrke | B38: Sub.maks. | C38: ='27'!C38+'28'!Q11 -> 1200 | E38: ='27'!E38+'28'!R11 -> 0
B39: Tungt | C39: ='27'!C39+'28'!Q12 -> 0 | E39: ='27'!E39+'28'!R12 -> 0
B40: Eksplosivt | C40: ='27'!C40+'28'!Q13 -> 0 | E40: ='27'!E40+'28'!R13 -> 0
A41: Uth.styrke | B41: Sirkel | C41: ='27'!C41+'28'!Q14 -> 1500 | E41: ='27'!E41+'28'!R14 -> 0
B42: Tungt | C42: ='27'!C42+'28'!Q15 -> 810 | E42: ='27'!E42+'28'!R15 -> 0
A43: Spenst | C43: ='27'!C43+'28'!Q16 -> 200 | E43: ='27'!E43+'28'!R16 -> 0
A44: Hurtighet | C44: ='27'!C44+'28'!Q17 -> 200 | E44: ='27'!E44+'28'!R17 -> 0
A45: Koordinasjon | C45: ='27'!C45+'28'!Q18 -> 960 | E45: ='27'!E45+'28'!R18 -> 0
A46: Bevegelighet | C46: ='27'!C46+'28'!Q19 -> 390 | E46: ='27'!E46+'28'!R19 -> 0
A47: Rekreasjon | C47: ='27'!C47+'28'!Q20 -> 840 | E47: ='27'!E47+'28'!R20 -> 0
B48: Sum | C48: =SUM(C34:C47) -> 8410 | E48: =SUM(E34:E47) -> 0

Sheet 29
A1: =Rammeplan!A1 -> TRENINGSDAGBOK-HOVDEN SKIGYMNAS, 2012-2013:
A3: Uke: | B3: 29 | G3: Navn: | H3: ='18'!H3 -> 0
C5: Mandag | E5: Tirsdag | G5: Onsdag | I5: Torsdag | K5: Fredag | M5: Lørdag | O5: Søndag | Q5: Sum
A6: Kvalitet | B6: Form | C6: Plan | D6: ok | E6: Plan | F6: ok | G6: Plan | H6: ok | I6: Plan | J6: ok | K6: Plan | L6: ok | M6: Plan | N6: ok | O6: Plan | P6: ok | Q6: Plan | R6: Trent | S6: Diff. | T6: Feedback
A7: Aerob | B7: Kontinuerlig | Q7: =Rammeplan!P7 -> 240 | R7: =(C7*D7)+(E7*F7)+(G7*H7)+(I7*J7)+(K7*L7)+(M7*N7)+(O7*P7) -> 0 | S7: =R7-Q7 -> -240
B8: Intervall | Q8: =Rammeplan!P8 -> 30 | R8: =(C8*D8)+(E8*F8)+(G8*H8)+(I8*J8)+(K8*L8)+(M8*N8)+(O8*P8) -> 0 | S8: =R8-Q8 -> -30
A9: Anaerob | B9: Lokalt | Q9: =Rammeplan!P9 -> 0 | R9: =(C9*D9)+(E9*F9)+(G9*H9)+(I9*J9)+(K9*L9)+(M9*N9)+(O9*P9) -> 0 | S9: =R9-Q9 -> 0
B10: Generell | Q10: =Rammeplan!P10 -> 0 | R10: =(C10*D10)+(E10*F10)+(G10*H10)+(I10*J10)+(K10*L10)+(M10*N10)+(O10*P10) -> 0 | S10: =R10-Q10 -> 0
A11: Maks.styrke | B11: Sub.maks. | Q11: =Rammeplan!P11 -> 120 | R11: =(C11*D11)+(E11*F11)+(G11*H11)+(I11*J11)+(K11*L11)+(M11*N11)+(O11*P11) -> 0 | S11: =R11-Q11 -> -120
B12: Tungt | Q12: =Rammeplan!P12 -> 60 | R12: =(C12*D12)+(E12*F12)+(G12*H12)+(I12*J12)+(K12*L12)+(M12*N12)+(O12*P12) -> 0 | S12: =R12-Q12 -> -60
B13: Eksplosivt | Q13: =Rammeplan!P13 -> 0 | R13: =(C13*D13)+(E13*F13)+(G13*H13)+(I13*J13)+(K13*L13)+(M13*N13)+(O13*P13) -> 0 | S13: =R13-Q13 -> 0
A14: Uth.styrke | B14: Sirkel | Q14: =Rammeplan!P14 -> 120 | R14: =(C14*D14)+(E14*F14)+(G14*H14)+(I14*J14)+(K14*L14)+(M14*N14)+(O14*P14) -> 0 | S14: =R14-Q14 -> -120
B15: Tungt | Q15: =Rammeplan!P15 -> 120 | R15: =(C15*D15)+(E15*F15)+(G15*H15)+(I15*J15)+(K15*L15)+(M15*N15)+(O15*P15) -> 0 | S15: =R15-Q15 -> -120
A16: Spenst | Q16: =Rammeplan!Q16 -> 40 | R16: =(C16*D16)+(E16*F16)+(G16*H16)+(I16*J16)+(K16*L16)+(M16*N16)+(O16*P16) -> 0 | S16: =R16-Q16 -> -40
A17: Hurtighet | Q17: =Rammeplan!Q17 -> 40 | R17: =(C17*D17)+(E17*F17)+(G17*H17)+(I17*J17)+(K17*L17)+(M17*N17)+(O17*P17) -> 0 | S17: =R17-Q17 -> -40
A18: Koordinasjon | Q18: =Rammeplan!Q18 -> 120 | R18: =(C18*D18)+(E18*F18)+(G18*H18)+(I18*J18)+(K18*L18)+(M18*N18)+(O18*P18) -> 0 | S18: =R18-Q18 -> -120
A19: Bevegelighet | Q19: =Rammeplan!P19 -> 30 | R19: =(C19*D19)+(E19*F19)+(G19*H19)+(I19*J19)+(K19*L19)+(M19*N19)+(O19*P19) -> 0 | S19: =R19-Q19 -> -30
A20: Rekreasjon | Q20: =Rammeplan!P20 -> 120 | R20: =(C20*D20)+(E20*F20)+(G20*H20)+(I20*J20)+(K20*L20)+(M20*N20)+(O20*P20) -> 0 | S20: =R20-Q20 -> -120
B21: Sum | C21: =SUM(C7:C20) -> 0 | E21: =SUM(E7:E20) -> 0 | G21: =SUM(G7:G20) -> 0 | I21: =SUM(I7:I20) -> 0 | K21: =SUM(K7:K20) -> 0 | M21: =SUM(M7:M20) -> 0 | O21: =SUM(O7:O20) -> 0 | Q21: =SUM(Q7:Q20) -> 1040 | R21: =SUM(R7:R20) -> 0 | S21: =R21-Q21 -> -1040
A30: AKKUMULERT
A32: Kvalitet | B32: Form | C32: Plan | E32: Trent
A33: Aerob | B33: Kontinuerlig | C33: ='28'!C34+'29'!Q7 -> 2400 | E33: ='28'!E34+'29'!R7 -> 0
B34: Intervall | C34: ='28'!C35+'29'!Q8 -> 30 | E34: ='28'!E35+'29'!R8 -> 0
A35: Anaerob | B35: Lokalt | C35: ='28'!C36+'29'!Q9 -> 0 | E35: ='28'!E36+'29'!R9 -> 0
B36: Generell | C36: ='28'!C37+'29'!Q10 -> 150 | E36: ='28'!E37+'29'!R10 -> 0
A37: Maks.styrke | B37: Sub.maks. | C37: ='28'!C38+'29'!Q11 -> 1320 | E37: ='28'!E38+'29'!R11 -> 0
B38: Tungt | C38: ='28'!C39+'29'!Q12 -> 60 | E38: ='28'!E39+'29'!R12 -> 0
B39: Eksplosivt | C39: ='28'!C40+'29'!Q13 -> 0 | E39: ='28'!E40+'29'!R13 -> 0
A40: Uth.styrke | B40: Sirkel | C40: ='28'!C41+'29'!Q14 -> 1620 | E40: ='28'!E41+'29'!R14 -> 0
B41: Tungt | C41: ='28'!C42+'29'!Q15 -> 930 | E41: ='28'!E42+'29'!R15 -> 0
A42: Spenst | C42: ='28'!C43+'29'!Q16 -> 240 | E42: ='28'!E43+'29'!R16 -> 0
A43: Hurtighet | C43: ='28'!C44+'29'!Q17 -> 240 | E43: ='28'!E44+'29'!R17 -> 0
A44: Koordinasjon | C44: ='28'!C45+'29'!Q18 -> 1080 | E44: ='28'!E45+'29'!R18 -> 0
A45: Bevegelighet | C45: ='28'!C46+'29'!Q19 -> 420 | E45: ='28'!E46+'29'!R19 -> 0
A46: Rekreasjon | C46: ='28'!C47+'29'!Q20 -> 960 | E46: ='28'!E47+'29'!R20 -> 0
B47: Sum | C47: =SUM(C33:C46) -> 9450 | E47: =SUM(E33:E46) -> 0

Sheet 30
A1: =Rammeplan!A1 -> TRENINGSDAGBOK-HOVDEN SKIGYMNAS, 2012-2013:
A3: Uke: | B3: 30 | G3: Navn: | H3: ='18'!H3 -> 0
C5: Mandag | E5: Tirsdag | G5: Onsdag | I5: Torsdag | K5: Fredag | M5: Lørdag | O5: Søndag | Q5: Sum
A6: Kvalitet | B6: Form | C6: Plan | D6: ok | E6: Plan | F6: ok | G6: Plan | H6: ok | I6: Plan | J6: ok | K6: Plan | L6: ok | M6: Plan | N6: ok | O6: Plan | P6: ok | Q6: Plan | R6: Trent | S6: Diff. | T6: Feedback
A7: Aerob | B7: Kontinuerlig | Q7: =Rammeplan!Q7 -> 240 | R7: =(C7*D7)+(E7*F7)+(G7*H7)+(I7*J7)+(K7*L7)+(M7*N7)+(O7*P7) -> 0 | S7: =R7-Q7 -> -240
B8: Intervall | Q8: =Rammeplan!Q8 -> 30 | R8: =(C8*D8)+(E8*F8)+(G8*H8)+(I8*J8)+(K8*L8)+(M8*N8)+(O8*P8) -> 0 | S8: =R8-Q8 -> -30
A9: Anaerob | B9: Lokalt | Q9: =Rammeplan!Q9 -> 0 | R9: =(C9*D9)+(E9*F9)+(G9*H9)+(I9*J9)+(K9*L9)+(M9*N9)+(O9*P9) -> 0 | S9: =R9-Q9 -> 0
B10: Generell | Q10: =Rammeplan!Q10 -> 0 | R10: =(C10*D10)+(E10*F10)+(G10*H10)+(I10*J10)+(K10*L10)+(M10*N10)+(O10*P10) -> 0 | S10: =R10-Q10 -> 0
A11: Maks.styrke | B11: Sub.maks. | Q11: =Rammeplan!Q11 -> 120 | R11: =(C11*D11)+(E11*F11)+(G11*H11)+(I11*J11)+(K11*L11)+(M11*N11)+(O11*P11) -> 0 | S11: =R11-Q11 -> -120
B12: Tungt | Q12: =Rammeplan!Q12 -> 60 | R12: =(C12*D12)+(E12*F12)+(G12*H12)+(I12*J12)+(K12*L12)+(M12*N12)+(O12*P12) -> 0 | S12: =R12-Q12 -> -60
B13: Eksplosivt | Q13: =Rammeplan!Q13 -> 0 | R13: =(C13*D13)+(E13*F13)+(G13*H13)+(I13*J13)+(K13*L13)+(M13*N13)+(O13*P13) -> 0 | S13: =R13-Q13 -> 0
A14: Uth.styrke | B14: Sirkel | Q14: =Rammeplan!Q14 -> 120 | R14: =(C14*D14)+(E14*F14)+(G14*H14)+(I14*J14)+(K14*L14)+(M14*N14)+(O14*P14) -> 0 | S14: =R14-Q14 -> -120
B15: Tungt | Q15: =Rammeplan!Q15 -> 120 | R15: =(C15*D15)+(E15*F15)+(G15*H15)+(I15*J15)+(K15*L15)+(M15*N15)+(O15*P15) -> 0 | S15: =R15-Q15 -> -120
A16: Spenst | Q16: =Rammeplan!R16 -> 40 | R16: =(C16*D16)+(E16*F16)+(G16*H16)+(I16*J16)+(K16*L16)+(M16*N16)+(O16*P16) -> 0 | S16: =R16-Q16 -> -40
A17: Hurtighet | Q17: =Rammeplan!R17 -> 40 | R17: =(C17*D17)+(E17*F17)+(G17*H17)+(I17*J17)+(K17*L17)+(M17*N17)+(O17*P17) -> 0 | S17: =R17-Q17 -> -40
A18: Koordinasjon | Q18: =Rammeplan!R18 -> 120 | R18: =(C18*D18)+(E18*F18)+(G18*H18)+(I18*J18)+(K18*L18)+(M18*N18)+(O18*P18) -> 0 | S18: =R18-Q18 -> -120
A19: Bevegelighet | Q19: =Rammeplan!Q19 -> 30 | R19: =(C19*D19)+(E19*F19)+(G19*H19)+(I19*J19)+(K19*L19)+(M19*N19)+(O19*P19) -> 0 | S19: =R19-Q19 -> -30
A20: Rekreasjon | Q20: =Rammeplan!Q20 -> 120 | R20: =(C20*D20)+(E20*F20)+(G20*H20)+(I20*J20)+(K20*L20)+(M20*N20)+(O20*P20) -> 0 | S20: =R20-Q20 -> -120
B21: Sum | C21: =SUM(C7:C20) -> 0 | E21: =SUM(E7:E20) -> 0 | G21: =SUM(G7:G20) -> 0 | I21: =SUM(I7:I20) -> 0 | K21: =SUM(K7:K20) -> 0 | M21: =SUM(M7:M20) -> 0 | O21: =SUM(O7:O20) -> 0 | Q21: =SUM(Q7:Q20) -> 1040 | R21: =SUM(R7:R20) -> 0 | S21: =R21-Q21 -> -1040
A31: AKKUMULERT
A33: Kvalitet | B33: Form | C33: Plan | E33: Trent
A34: Aerob | B34: Kontinuerlig | C34: ='29'!C33+'30'!Q7 -> 2640 | E34: ='29'!E33+'30'!R7 -> 0
B35: Intervall | C35: ='29'!C34+'30'!Q8 -> 60 | E35: ='29'!E34+'30'!R8 -> 0
A36: Anaerob | B36: Lokalt | C36: ='29'!C35+'30'!Q9 -> 0 | E36: ='29'!E35+'30'!R9 -> 0
B37: Generell | C37: ='29'!C36+'30'!Q10 -> 150 | E37: ='29'!E36+'30'!R10 -> 0
A38: Maks.styrke | B38: Sub.maks. | C38: ='29'!C37+'30'!Q11 -> 1440 | E38: ='29'!E37+'30'!R11 -> 0
B39: Tungt | C39: ='29'!C38+'30'!Q12 -> 120 | E39: ='29'!E38+'30'!R12 -> 0
B40: Eksplosivt | C40: ='29'!C39+'30'!Q13 -> 0 | E40: ='29'!E39+'30'!R13 -> 0
A41: Uth.styrke | B41: Sirkel | C41: ='29'!C40+'30'!Q14 -> 1740 | E41: ='29'!E40+'30'!R14 -> 0
B42: Tungt | C42: ='29'!C41+'30'!Q15 -> 1050 | E42: ='29'!E41+'30'!R15 -> 0
A43: Spenst | C43: ='29'!C42+'30'!Q16 -> 280 | E43: ='29'!E42+'30'!R16 -> 0
A44: Hurtighet | C44: ='29'!C43+'30'!Q17 -> 280 | E44: ='29'!E43+'30'!R17 -> 0
A45: Koordinasjon | C45: ='29'!C44+'30'!Q18 -> 1200 | E45: ='29'!E44+'30'!R18 -> 0
A46: Bevegelighet | C46: ='29'!C45+'30'!Q19 -> 450 | E46: ='29'!E45+'30'!R19 -> 0
A47: Rekreasjon | C47: ='29'!C46+'30'!Q20 -> 1080 | E47: ='29'!E46+'30'!R20 -> 0
B48: Sum | C48: =SUM(C34:C47) -> 10490 | E48: =SUM(E34:E47) -> 0

Sheet 31
A1: =Rammeplan!A1 -> TRENINGSDAGBOK-HOVDEN SKIGYMNAS, 2012-2013:
A3: Uke: | B3: 31 | G3: Navn: | H3: ='18'!H3 -> 0
C5: Mandag | E5: Tirsdag | G5: Onsdag | I5: Torsdag | K5: Fredag | M5: Lørdag | O5: Søndag | Q5: Sum
A6: Kvalitet | B6: Form | C6: Plan | D6: ok | E6: Plan | F6: ok | G6: Plan | H6: ok | I6: Plan | J6: ok | K6: Plan | L6: ok | M6: Plan | N6: ok | O6: Plan | P6: ok | Q6: Plan | R6: Trent | S6: Diff. | T6: Feedback
A7: Aerob | B7: Kontinuerlig | Q7: =Rammeplan!R7 -> 120 | R7: =(C7*D7)+(E7*F7)+(G7*H7)+(I7*J7)+(K7*L7)+(M7*N7)+(O7*P7) -> 0 | S7: =R7-Q7 -> -120
B8: Intervall | Q8: =Rammeplan!R8 -> 0 | R8: =(C8*D8)+(E8*F8)+(G8*H8)+(I8*J8)+(K8*L8)+(M8*N8)+(O8*P8) -> 0 | S8: =R8-Q8 -> 0
A9: Anaerob | B9: Lokalt | Q9: =Rammeplan!R9 -> 0 | R9: =(C9*D9)+(E9*F9)+(G9*H9)+(I9*J9)+(K9*L9)+(M9*N9)+(O9*P9) -> 0 | S9: =R9-Q9 -> 0
B10: Generell | Q10: =Rammeplan!R10 -> 0 | R10: =(C10*D10)+(E10*F10)+(G10*H10)+(I10*J10)+(K10*L10)+(M10*N10)+(O10*P10) -> 0 | S10: =R10-Q10 -> 0
A11: Maks.styrke | B11: Sub.maks. | Q11: =Rammeplan!R11 -> 120 | R11: =(C11*D11)+(E11*F11)+(G11*H11)+(I11*J11)+(K11*L11)+(M11*N11)+(O11*P11) -> 0 | S11: =R11-Q11 -> -120
B12: Tungt | Q12: =Rammeplan!R12 -> 60 | R12: =(C12*D12)+(E12*F12)+(G12*H12)+(I12*J12)+(K12*L12)+(M12*N12)+(O12*P12) -> 0 | S12: =R12-Q12 -> -60
B13: Eksplosivt | Q13: =Rammeplan!R13 -> 0 | R13: =(C13*D13)+(E13*F13)+(G13*H13)+(I13*J13)+(K13*L13)+(M13*N13)+(O13*P13) -> 0 | S13: =R13-Q13 -> 0
A14: Uth.styrke | B14: Sirkel | Q14: =Rammeplan!R14 -> 120 | R14: =(C14*D14)+(E14*F14)+(G14*H14)+(I14*J14)+(K14*L14)+(M14*N14)+(O14*P14) -> 0 | S14: =R14-Q14 -> -120
B15: Tungt | Q15: =Rammeplan!R15 -> 120 | R15: =(C15*D15)+(E15*F15)+(G15*H15)+(I15*J15)+(K15*L15)+(M15*N15)+(O15*P15) -> 0 | S15: =R15-Q15 -> -120
A16: Spenst | Q16: =Rammeplan!R16 -> 40 | R16: =(C16*D16)+(E16*F16)+(G16*H16)+(I16*J16)+(K16*L16)+(M16*N16)+(O16*P16) -> 0 | S16: =R16-Q16 -> -40
A17: Hurtighet | Q17: =Rammeplan!R17 -> 40 | R17: =(C17*D17)+(E17*F17)+(G17*H17)+(I17*J17)+(K17*L17)+(M17*N17)+(O17*P17) -> 0 | S17: =R17-Q17 -> -40
A18: Koordinasjon | Q18: =Rammeplan!R18 -> 120 | R18: =(C18*D18)+(E18*F18)+(G18*H18)+(I18*J18)+(K18*L18)+(M18*N18)+(O18*P18) -> 0 | S18: =R18-Q18 -> -120
A19: Bevegelighet | Q19: =Rammeplan!R19 -> 30 | R19: =(C19*D19)+(E19*F19)+(G19*H19)+(I19*J19)+(K19*L19)+(M19*N19)+(O19*P19) -> 0 | S19: =R19-Q19 -> -30
A20: Rekreasjon | Q20: =Rammeplan!R20 -> 120 | R20: =(C20*D20)+(E20*F20)+(G20*H20)+(I20*J20)+(K20*L20)+(M20*N20)+(O20*P20) -> 0 | S20: =R20-Q20 -> -120
B21: Sum | C21: =SUM(C7:C20) -> 0 | E21: =SUM(E7:E20) -> 0 | G21: =SUM(G7:G20) -> 0 | I21: =SUM(I7:I20) -> 0 | K21: =SUM(K7:K20) -> 0 | M21: =SUM(M7:M20) -> 0 | O21: =SUM(O7:O20) -> 0 | Q21: =SUM(Q7:Q20) -> 890 | R21: =SUM(R7:R20) -> 0 | S21: =R21-Q21 -> -890
A31: AKKUMULERT
A33: Kvalitet | B33: Form | C33: Plan | E33: Trent
A34: Aerob | B34: Kontinuerlig | C34: ='30'!C34+'31'!Q7 -> 2760 | E34: ='30'!E34+'31'!R7 -> 0
B35: Intervall | C35: ='30'!C35+'31'!Q8 -> 60 | E35: ='30'!E35+'31'!R8 -> 0
A36: Anaerob | B36: Lokalt | C36: ='30'!C36+'31'!Q9 -> 0 | E36: ='30'!E36+'31'!R9 -> 0
B37: Generell | C37: ='30'!C37+'31'!Q10 -> 150 | E37: ='30'!E37+'31'!R10 -> 0
A38: Maks.styrke | B38: Sub.maks. | C38: ='30'!C38+'31'!Q11 -> 1560 | E38: ='30'!E38+'31'!R11 -> 0
B39: Tungt | C39: ='30'!C39+'31'!Q12 -> 180 | E39: ='30'!E39+'31'!R12 -> 0
B40: Eksplosivt | C40: ='30'!C40+'31'!Q13 -> 0 | E40: ='30'!E40+'31'!R13 -> 0
A41: Uth.styrke | B41: Sirkel | C41: ='30'!C41+'31'!Q14 -> 1860 | E41: ='30'!E41+'31'!R14 -> 0
B42: Tungt | C42: ='30'!C42+'31'!Q15 -> 1170 | E42: ='30'!E42+'31'!R15 -> 0
A43: Spenst | C43: ='30'!C43+'31'!Q16 -> 320 | E43: ='30'!E43+'31'!R16 -> 0
A44: Hurtighet | C44: ='30'!C44+'31'!Q17 -> 320 | E44: ='30'!E44+'31'!R17 -> 0
A45: Koordinasjon | C45: ='30'!C45+'31'!Q18 -> 1320 | E45: ='30'!E45+'31'!R18 -> 0
A46: Bevegelighet | C46: ='30'!C46+'31'!Q19 -> 480 | E46: ='30'!E46+'31'!R19 -> 0
A47: Rekreasjon | C47: ='30'!C47+'31'!Q20 -> 1200 | E47: ='30'!E47+'31'!R20 -> 0
B48: Sum | C48: =SUM(C34:C47) -> 11380 | E48: =SUM(E34:E47) -> 0

Sheet 32
A1: =Rammeplan!A1 -> TRENINGSDAGBOK-HOVDEN SKIGYMNAS, 2012-2013:
A3: Uke: | B3: 32 | G3: Navn: | H3: ='18'!H3 -> 0
C5: Mandag | E5: Tirsdag | G5: Onsdag | I5: Torsdag | K5: Fredag | M5: Lørdag | O5: Søndag | Q5: Sum
A6: Kvalitet | B6: Form | C6: Plan | D6: ok | E6: Plan | F6: ok | G6: Plan | H6: ok | I6: Plan | J6: ok | K6: Plan | L6: ok | M6: Plan | N6: ok | O6: Plan | P6: ok | Q6: Plan | R6: Trent | S6: Diff. | T6: Feedback
A7: Aerob | B7: Kontinuerlig | Q7: =Rammeplan!S7 -> 120 | R7: =(C7*D7)+(E7*F7)+(G7*H7)+(I7*J7)+(K7*L7)+(M7*N7)+(O7*P7) -> 0 | S7: =R7-Q7 -> -120
B8: Intervall | Q8: =Rammeplan!S8 -> 0 | R8: =(C8*D8)+(E8*F8)+(G8*H8)+(I8*J8)+(K8*L8)+(M8*N8)+(O8*P8) -> 0 | S8: =R8-Q8 -> 0
A9: Anaerob | B9: Lokalt | Q9: =Rammeplan!S9 -> 0 | R9: =(C9*D9)+(E9*F9)+(G9*H9)+(I9*J9)+(K9*L9)+(M9*N9)+(O9*P9) -> 0 | S9: =R9-Q9 -> 0
B10: Generell | Q10: =Rammeplan!S10 -> 0 | R10: =(C10*D10)+(E10*F10)+(G10*H10)+(I10*J10)+(K10*L10)+(M10*N10)+(O10*P10) -> 0 | S10: =R10-Q10 -> 0
A11: Maks.styrke | B11: Sub.maks. | Q11: =Rammeplan!S11 -> 0 | R11: =(C11*D11)+(E11*F11)+(G11*H11)+(I11*J11)+(K11*L11)+(M11*N11)+(O11*P11) -> 0 | S11: =R11-Q11 -> 0
B12: Tungt | Q12: =Rammeplan!S12 -> 0 | R12: =(C12*D12)+(E12*F12)+(G12*H12)+(I12*J12)+(K12*L12)+(M12*N12)+(O12*P12) -> 0 | S12: =R12-Q12 -> 0
B13: Eksplosivt | Q13: =Rammeplan!S13 -> 0 | R13: =(C13*D13)+(E13*F13)+(G13*H13)+(I13*J13)+(K13*L13)+(M13*N13)+(O13*P13) -> 0 | S13: =R13-Q13 -> 0
A14: Uth.styrke | B14: Sirkel | Q14: =Rammeplan!S14 -> 120 | R14: =(C14*D14)+(E14*F14)+(G14*H14)+(I14*J14)+(K14*L14)+(M14*N14)+(O14*P14) -> 0 | S14: =R14-Q14 -> -120
B15: Tungt | Q15: =Rammeplan!S15 -> 0 | R15: =(C15*D15)+(E15*F15)+(G15*H15)+(I15*J15)+(K15*L15)+(M15*N15)+(O15*P15) -> 0 | S15: =R15-Q15 -> 0
A16: Spenst | Q16: =Rammeplan!S16 -> 0 | R16: =(C16*D16)+(E16*F16)+(G16*H16)+(I16*J16)+(K16*L16)+(M16*N16)+(O16*P16) -> 0 | S16: =R16-Q16 -> 0
A17: Hurtighet | Q17: =Rammeplan!S17 -> 0 | R17: =(C17*D17)+(E17*F17)+(G17*H17)+(I17*J17)+(K17*L17)+(M17*N17)+(O17*P17) -> 0 | S17: =R17-Q17 -> 0
A18: Koordinasjon | Q18: =Rammeplan!S18 -> 0 | R18: =(C18*D18)+(E18*F18)+(G18*H18)+(I18*J18)+(K18*L18)+(M18*N18)+(O18*P18) -> 0 | S18: =R18-Q18 -> 0
A19: Bevegelighet | Q19: =Rammeplan!S19 -> 30 | R19: =(C19*D19)+(E19*F19)+(G19*H19)+(I19*J19)+(K19*L19)+(M19*N19)+(O19*P19) -> 0 | S19: =R19-Q19 -> -30
A20: Rekreasjon | Q20: =Rammeplan!S20 -> 60 | R20: =(C20*D20)+(E20*F20)+(G20*H20)+(I20*J20)+(K20*L20)+(M20*N20)+(O20*P20) -> 0 | S20: =R20-Q20 -> -60
B21: Sum | C21: =SUM(C7:C20) -> 0 | E21: =SUM(E7:E20) -> 0 | G21: =SUM(G7:G20) -> 0 | I21: =SUM(I7:I20) -> 0 | K21: =SUM(K7:K20) -> 0 | M21: =SUM(M7:M20) -> 0 | O21: =SUM(O7:O20) -> 0 | Q21: =SUM(Q7:Q20) -> 330 | R21: =SUM(R7:R20) -> 0 | S21: =R21-Q21 -> -330
A31: AKKUMULERT
A33: Kvalitet | B33: Form | C33: Plan | E33: Trent
A34: Aerob | B34: Kontinuerlig | C34: ='31'!C34+'32'!Q7 -> 2880 | E34: ='31'!E34+'32'!R7 -> 0
B35: Intervall | C35: ='31'!C35+'32'!Q8 -> 60 | E35: ='31'!E35+'32'!R8 -> 0
A36: Anaerob | B36: Lokalt | C36: ='31'!C36+'32'!Q9 -> 0 | E36: ='31'!E36+'32'!R9 -> 0
B37: Generell | C37: ='31'!C37+'32'!Q10 -> 150 | E37: ='31'!E37+'32'!R10 -> 0
A38: Maks.styrke | B38: Sub.maks. | C38: ='31'!C38+'32'!Q11 -> 1560 | E38: ='31'!E38+'32'!R11 -> 0
B39: Tungt | C39: ='31'!C39+'32'!Q12 -> 180 | E39: ='31'!E39+'32'!R12 -> 0
B40: Eksplosivt | C40: ='31'!C40+'32'!Q13 -> 0 | E40: ='31'!E40+'32'!R13 -> 0
A41: Uth.styrke | B41: Sirkel | C41: ='31'!C41+'32'!Q14 -> 1980 | E41: ='31'!E41+'32'!R14 -> 0
B42: Tungt | C42: ='31'!C42+'32'!Q15 -> 1170 | E42: ='31'!E42+'32'!R15 -> 0
A43: Spenst | C43: ='31'!C43+'32'!Q16 -> 320 | E43: ='31'!E43+'32'!R16 -> 0
A44: Hurtighet | C44: ='31'!C44+'32'!Q17 -> 320 | E44: ='31'!E44+'32'!R17 -> 0
A45: Koordinasjon | C45: ='31'!C45+'32'!Q18 -> 1320 | E45: ='31'!E45+'32'!R18 -> 0
A46: Bevegelighet | C46: ='31'!C46+'32'!Q19 -> 510 | E46: ='31'!E46+'32'!R19 -> 0
A47: Rekreasjon | C47: ='31'!C47+'32'!Q20 -> 1260 | E47: ='31'!E47+'32'!R20 -> 0
B48: Sum | C48: =SUM(C34:C47) -> 11710 | E48: =SUM(E34:E47) -> 0

Sheet 33
A1: =Rammeplan!A1 -> TRENINGSDAGBOK-HOVDEN SKIGYMNAS, 2012-2013:
A3: Uke: | B3: 33 | G3: Navn: | H3: ='18'!H3 -> 0
C5: Mandag | E5: Tirsdag | G5: Onsdag | I5: Torsdag | K5: Fredag | M5: Lørdag | O5: Søndag | Q5: Sum
A6: Kvalitet | B6: Form | C6: Plan | D6: ok | E6: Plan | F6: ok | G6: Plan | H6: ok | I6: Plan | J6: ok | K6: Plan | L6: ok | M6: Plan | N6: ok | O6: Plan | P6: ok | Q6: Plan | R6: Trent | S6: Diff. | T6: Feedback
A7: Aerob | B7: Kontinuerlig | Q7: =Rammeplan!T7 -> 120 | R7: =(C7*D7)+(E7*F7)+(G7*H7)+(I7*J7)+(K7*L7)+(M7*N7)+(O7*P7) -> 0 | S7: =R7-Q7 -> -120
B8: Intervall | Q8: =Rammeplan!T8 -> 0 | R8: =(C8*D8)+(E8*F8)+(G8*H8)+(I8*J8)+(K8*L8)+(M8*N8)+(O8*P8) -> 0 | S8: =R8-Q8 -> 0
A9: Anaerob | B9: Lokalt | Q9: =Rammeplan!T9 -> 0 | R9: =(C9*D9)+(E9*F9)+(G9*H9)+(I9*J9)+(K9*L9)+(M9*N9)+(O9*P9) -> 0 | S9: =R9-Q9 -> 0
B10: Generell | Q10: =Rammeplan!T10 -> 0 | R10: =(C10*D10)+(E10*F10)+(G10*H10)+(I10*J10)+(K10*L10)+(M10*N10)+(O10*P10) -> 0 | S10: =R10-Q10 -> 0
A11: Maks.styrke | B11: Sub.maks. | Q11: =Rammeplan!T11 -> 120 | R11: =(C11*D11)+(E11*F11)+(G11*H11)+(I11*J11)+(K11*L11)+(M11*N11)+(O11*P11) -> 0 | S11: =R11-Q11 -> -120
B12: Tungt | Q12: =Rammeplan!T12 -> 0 | R12: =(C12*D12)+(E12*F12)+(G12*H12)+(I12*J12)+(K12*L12)+(M12*N12)+(O12*P12) -> 0 | S12: =R12-Q12 -> 0
B13: Eksplosivt | Q13: =Rammeplan!T13 -> 0 | R13: =(C13*D13)+(E13*F13)+(G13*H13)+(I13*J13)+(K13*L13)+(M13*N13)+(O13*P13) -> 0 | S13: =R13-Q13 -> 0
A14: Uth.styrke | B14: Sirkel | Q14: =Rammeplan!T14 -> 120 | R14: =(C14*D14)+(E14*F14)+(G14*H14)+(I14*J14)+(K14*L14)+(M14*N14)+(O14*P14) -> 0 | S14: =R14-Q14 -> -120
B15: Tungt | Q15: =Rammeplan!T15 -> 120 | R15: =(C15*D15)+(E15*F15)+(G15*H15)+(I15*J15)+(K15*L15)+(M15*N15)+(O15*P15) -> 0 | S15: =R15-Q15 -> -120
A16: Spenst | Q16: =Rammeplan!T16 -> 0 | R16: =(C16*D16)+(E16*F16)+(G16*H16)+(I16*J16)+(K16*L16)+(M16*N16)+(O16*P16) -> 0 | S16: =R16-Q16 -> 0
A17: Hurtighet | Q17: =Rammeplan!T17 -> 0 | R17: =(C17*D17)+(E17*F17)+(G17*H17)+(I17*J17)+(K17*L17)+(M17*N17)+(O17*P17) -> 0 | S17: =R17-Q17 -> 0
A18: Koordinasjon | Q18: =Rammeplan!T18 -> 0 | R18: =(C18*D18)+(E18*F18)+(G18*H18)+(I18*J18)+(K18*L18)+(M18*N18)+(O18*P18) -> 0 | S18: =R18-Q18 -> 0
A19: Bevegelighet | Q19: =Rammeplan!T19 -> 30 | R19: =(C19*D19)+(E19*F19)+(G19*H19)+(I19*J19)+(K19*L19)+(M19*N19)+(O19*P19) -> 0 | S19: =R19-Q19 -> -30
A20: Rekreasjon | Q20: =Rammeplan!T20 -> 60 | R20: =(C20*D20)+(E20*F20)+(G20*H20)+(I20*J20)+(K20*L20)+(M20*N20)+(O20*P20) -> 0 | S20: =R20-Q20 -> -60
B21: Sum | C21: =SUM(C7:C20) -> 0 | E21: =SUM(E7:E20) -> 0 | G21: =SUM(G7:G20) -> 0 | I21: =SUM(I7:I20) -> 0 | K21: =SUM(K7:K20) -> 0 | M21: =SUM(M7:M20) -> 0 | O21: =SUM(O7:O20) -> 0 | Q21: =SUM(Q7:Q20) -> 570 | R21: =SUM(R7:R20) -> 0 | S21: =R21-Q21 -> -570
A31: AKKUMULERT
A33: Kvalitet | B33: Form | C33: Plan | E33: Trent
A34: Aerob | B34: Kontinuerlig | C34: ='32'!C34+'33'!Q7 -> 3000 | E34: ='32'!E34+'33'!R7 -> 0
B35: Intervall | C35: ='32'!C35+'33'!Q8 -> 60 | E35: ='32'!E35+'33'!R8 -> 0
A36: Anaerob | B36: Lokalt | C36: ='32'!C36+'33'!Q9 -> 0 | E36: ='32'!E36+'33'!R9 -> 0
B37: Generell | C37: ='32'!C37+'33'!Q10 -> 150 | E37: ='32'!E37+'33'!R10 -> 0
A38: Maks.styrke | B38: Sub.maks. | C38: ='32'!C38+'33'!Q11 -> 1680 | E38: ='32'!E38+'33'!R11 -> 0
B39: Tungt | C39: ='32'!C39+'33'!Q12 -> 180 | E39: ='32'!E39+'33'!R12 -> 0
B40: Eksplosivt | C40: ='32'!C40+'33'!Q13 -> 0 | E40: ='32'!E40+'33'!R13 -> 0
A41: Uth.styrke | B41: Sirkel | C41: ='32'!C41+'33'!Q14 -> 2100 | E41: ='32'!E41+'33'!R14 -> 0
B42: Tungt | C42: ='32'!C42+'33'!Q15 -> 1290 | E42: ='32'!E42+'33'!R15 -> 0
A43: Spenst | C43: ='32'!C43+'33'!Q16 -> 320 | E43: ='32'!E43+'33'!R16 -> 0
A44: Hurtighet | C44: ='32'!C44+'33'!Q17 -> 320 | E44: ='32'!E44+'33'!R17 -> 0
A45: Koordinasjon | C45: ='32'!C45+'33'!Q18 -> 1320 | E45: ='32'!E45+'33'!R18 -> 0
A46: Bevegelighet | C46: ='32'!C46+'33'!Q19 -> 540 | E46: ='32'!E46+'33'!R19 -> 0
A47: Rekreasjon | C47: ='32'!C47+'33'!Q20 -> 1320 | E47: ='32'!E47+'33'!R20 -> 0
B48: Sum | C48: =SUM(C34:C47) -> 12280 | E48: =SUM(E34:E47) -> 0

Sheet 34
A1: =Rammeplan!A1 -> TRENINGSDAGBOK-HOVDEN SKIGYMNAS, 2012-2013:
A3: Uke: | B3: 34 | G3: Navn: | H3: ='18'!H3 -> 0
C5: Mandag | E5: Tirsdag | G5: Onsdag | I5: Torsdag | K5: Fredag | M5: Lørdag | O5: Søndag | Q5: Sum
A6: Kvalitet | B6: Form | C6: Plan | D6: ok | E6: Plan | F6: ok | G6: Plan | H6: ok | I6: Plan | J6: ok | K6: Plan | L6: ok | M6: Plan | N6: ok | O6: Plan | P6: ok | Q6: Plan | R6: Trent | S6: Diff. | T6: Feedback
A7: Aerob | B7: Kontinuerlig | Q7: =Rammeplan!U7 -> 120 | R7: =(C7*D7)+(E7*F7)+(G7*H7)+(I7*J7)+(K7*L7)+(M7*N7)+(O7*P7) -> 0 | S7: =R7-Q7 -> -120
B8: Intervall | Q8: =Rammeplan!U8 -> 30 | R8: =(C8*D8)+(E8*F8)+(G8*H8)+(I8*J8)+(K8*L8)+(M8*N8)+(O8*P8) -> 0 | S8: =R8-Q8 -> -30
A9: Anaerob | B9: Lokalt | Q9: =Rammeplan!U9 -> 20 | R9: =(C9*D9)+(E9*F9)+(G9*H9)+(I9*J9)+(K9*L9)+(M9*N9)+(O9*P9) -> 0 | S9: =R9-Q9 -> -20
B10: Generell | Q10: =Rammeplan!U10 -> 0 | R10: =(C10*D10)+(E10*F10)+(G10*H10)+(I10*J10)+(K10*L10)+(M10*N10)+(O10*P10) -> 0 | S10: =R10-Q10 -> 0
A11: Maks.styrke | B11: Sub.maks. | Q11: =Rammeplan!U11 -> 120 | R11: =(C11*D11)+(E11*F11)+(G11*H11)+(I11*J11)+(K11*L11)+(M11*N11)+(O11*P11) -> 0 | S11: =R11-Q11 -> -120
B12: Tungt | Q12: =Rammeplan!U12 -> 60 | R12: =(C12*D12)+(E12*F12)+(G12*H12)+(I12*J12)+(K12*L12)+(M12*N12)+(O12*P12) -> 0 | S12: =R12-Q12 -> -60
B13: Eksplosivt | Q13: =Rammeplan!U13 -> 0 | R13: =(C13*D13)+(E13*F13)+(G13*H13)+(I13*J13)+(K13*L13)+(M13*N13)+(O13*P13) -> 0 | S13: =R13-Q13 -> 0
A14: Uth.styrke | B14: Sirkel | Q14: =Rammeplan!U14 -> 120 | R14: =(C14*D14)+(E14*F14)+(G14*H14)+(I14*J14)+(K14*L14)+(M14*N14)+(O14*P14) -> 0 | S14: =R14-Q14 -> -120
B15: Tungt | Q15: =Rammeplan!U15 -> 120 | R15: =(C15*D15)+(E15*F15)+(G15*H15)+(I15*J15)+(K15*L15)+(M15*N15)+(O15*P15) -> 0 | S15: =R15-Q15 -> -120
A16: Spenst | Q16: =Rammeplan!U16 -> 20 | R16: =(C16*D16)+(E16*F16)+(G16*H16)+(I16*J16)+(K16*L16)+(M16*N16)+(O16*P16) -> 0 | S16: =R16-Q16 -> -20
A17: Hurtighet | Q17: =Rammeplan!U17 -> 20 | R17: =(C17*D17)+(E17*F17)+(G17*H17)+(I17*J17)+(K17*L17)+(M17*N17)+(O17*P17) -> 0 | S17: =R17-Q17 -> -20
A18: Koordinasjon | Q18: =Rammeplan!U18 -> 60 | R18: =(C18*D18)+(E18*F18)+(G18*H18)+(I18*J18)+(K18*L18)+(M18*N18)+(O18*P18) -> 0 | S18: =R18-Q18 -> -60
A19: Bevegelighet | Q19: =Rammeplan!U19 -> 30 | R19: =(C19*D19)+(E19*F19)+(G19*H19)+(I19*J19)+(K19*L19)+(M19*N19)+(O19*P19) -> 0 | S19: =R19-Q19 -> -30
A20: Rekreasjon | Q20: =Rammeplan!U20 -> 120 | R20: =(C20*D20)+(E20*F20)+(G20*H20)+(I20*J20)+(K20*L20)+(M20*N20)+(O20*P20) -> 0 | S20: =R20-Q20 -> -120
B21: Sum | C21: =SUM(C7:C20) -> 0 | E21: =SUM(E7:E20) -> 0 | G21: =SUM(G7:G20) -> 0 | I21: =SUM(I7:I20) -> 0 | K21: =SUM(K7:K20) -> 0 | M21: =SUM(M7:M20) -> 0 | O21: =SUM(O7:O20) -> 0 | Q21: =SUM(Q7:Q20) -> 840 | R21: =SUM(R7:R20) -> 0 | S21: =R21-Q21 -> -840
A31: AKKUMULERT
A33: Kvalitet | B33: Form | C33: Plan | E33: Trent
A34: Aerob | B34: Kontinuerlig | C34: ='33'!C34+'34'!Q7 -> 3120 | E34: ='33'!E34+'34'!R7 -> 0
B35: Intervall | C35: ='33'!C35+'34'!Q8 -> 90 | E35: ='33'!E35+'34'!R8 -> 0
A36: Anaerob | B36: Lokalt | C36: ='33'!C36+'34'!Q9 -> 20 | E36: ='33'!E36+'34'!R9 -> 0
B37: Generell | C37: ='33'!C37+'34'!Q10 -> 150 | E37: ='33'!E37+'34'!R10 -> 0
A38: Maks.styrke | B38: Sub.maks. | C38: ='33'!C38+'34'!Q11 -> 1800 | E38: ='33'!E38+'34'!R11 -> 0
B39: Tungt | C39: ='33'!C39+'34'!Q12 -> 240 | E39: ='33'!E39+'34'!R12 -> 0
B40: Eksplosivt | C40: ='33'!C40+'34'!Q13 -> 0 | E40: ='33'!E40+'34'!R13 -> 0
A41: Uth.styrke | B41: Sirkel | C41: ='33'!C41+'34'!Q14 -> 2220 | E41: ='33'!E41+'34'!R14 -> 0
B42: Tungt | C42: ='33'!C42+'34'!Q15 -> 1410 | E42: ='33'!E42+'34'!R15 -> 0
A43: Spenst | C43: ='33'!C43+'34'!Q16 -> 340 | E43: ='33'!E43+'34'!R16 -> 0
A44: Hurtighet | C44: ='33'!C44+'34'!Q17 -> 340 | E44: ='33'!E44+'34'!R17 -> 0
A45: Koordinasjon | C45: ='33'!C45+'34'!Q18 -> 1380 | E45: ='33'!E45+'34'!R18 -> 0
A46: Bevegelighet | C46: ='33'!C46+'34'!Q19 -> 570 | E46: ='33'!E46+'34'!R19 -> 0
A47: Rekreasjon | C47: ='33'!C47+'34'!Q20 -> 1440 | E47: ='33'!E47+'34'!R20 -> 0
B48: Sum | C48: =SUM(C34:C47) -> 13120 | E48: =SUM(E34:E47) -> 0

Sheet 35
A1: =Rammeplan!A1 -> TRENINGSDAGBOK-HOVDEN SKIGYMNAS, 2012-2013:
A3: Uke: | B3: 35 | G3: Navn: | H3: ='18'!H3 -> 0
C5: Mandag | E5: Tirsdag | G5: Onsdag | I5: Torsdag | K5: Fredag | M5: Lørdag | O5: Søndag | Q5: Sum
A6: Kvalitet | B6: Form | C6: Plan | D6: ok | E6: Plan | F6: ok | G6: Plan | H6: ok | I6: Plan | J6: ok | K6: Plan | L6: ok | M6: Plan | N6: ok | O6: Plan | P6: ok | Q6: Plan | R6: Trent | S6: Diff. | T6: Feedback
A7: Aerob | B7: Kontinuerlig | Q7: =Rammeplan!V7 -> 120 | R7: =(C7*D7)+(E7*F7)+(G7*H7)+(I7*J7)+(K7*L7)+(M7*N7)+(O7*P7) -> 0 | S7: =R7-Q7 -> -120
B8: Intervall | Q8: =Rammeplan!V8 -> 0 | R8: =(C8*D8)+(E8*F8)+(G8*H8)+(I8*J8)+(K8*L8)+(M8*N8)+(O8*P8) -> 0 | S8: =R8-Q8 -> 0
A9: Anaerob | B9: Lokalt | Q9: =Rammeplan!V9 -> 0 | R9: =(C9*D9)+(E9*F9)+(G9*H9)+(I9*J9)+(K9*L9)+(M9*N9)+(O9*P9) -> 0 | S9: =R9-Q9 -> 0
B10: Generell | Q10: =Rammeplan!V10 -> 0 | R10: =(C10*D10)+(E10*F10)+(G10*H10)+(I10*J10)+(K10*L10)+(M10*N10)+(O10*P10) -> 0 | S10: =R10-Q10 -> 0
A11: Maks.styrke | B11: Sub.maks. | Q11: =Rammeplan!V11 -> 120 | R11: =(C11*D11)+(E11*F11)+(G11*H11)+(I11*J11)+(K11*L11)+(M11*N11)+(O11*P11) -> 0 | S11: =R11-Q11 -> -120
B12: Tungt | Q12: =Rammeplan!V12 -> 60 | R12: =(C12*D12)+(E12*F12)+(G12*H12)+(I12*J12)+(K12*L12)+(M12*N12)+(O12*P12) -> 0 | S12: =R12-Q12 -> -60
B13: Eksplosivt | Q13: =Rammeplan!V13 -> 0 | R13: =(C13*D13)+(E13*F13)+(G13*H13)+(I13*J13)+(K13*L13)+(M13*N13)+(O13*P13) -> 0 | S13: =R13-Q13 -> 0
A14: Uth.styrke | B14: Sirkel | Q14: =Rammeplan!V14 -> 90 | R14: =(C14*D14)+(E14*F14)+(G14*H14)+(I14*J14)+(K14*L14)+(M14*N14)+(O14*P14) -> 0 | S14: =R14-Q14 -> -90
B15: Tungt | Q15: =Rammeplan!V15 -> 90 | R15: =(C15*D15)+(E15*F15)+(G15*H15)+(I15*J15)+(K15*L15)+(M15*N15)+(O15*P15) -> 0 | S15: =R15-Q15 -> -90
A16: Spenst | Q16: =Rammeplan!V16 -> 40 | R16: =(C16*D16)+(E16*F16)+(G16*H16)+(I16*J16)+(K16*L16)+(M16*N16)+(O16*P16) -> 0 | S16: =R16-Q16 -> -40
A17: Hurtighet | Q17: =Rammeplan!V17 -> 40 | R17: =(C17*D17)+(E17*F17)+(G17*H17)+(I17*J17)+(K17*L17)+(M17*N17)+(O17*P17) -> 0 | S17: =R17-Q17 -> -40
A18: Koordinasjon | Q18: =Rammeplan!V18 -> 60 | R18: =(C18*D18)+(E18*F18)+(G18*H18)+(I18*J18)+(K18*L18)+(M18*N18)+(O18*P18) -> 0 | S18: =R18-Q18 -> -60
A19: Bevegelighet | Q19: =Rammeplan!V19 -> 30 | R19: =(C19*D19)+(E19*F19)+(G19*H19)+(I19*J19)+(K19*L19)+(M19*N19)+(O19*P19) -> 0 | S19: =R19-Q19 -> -30
A20: Rekreasjon | Q20: =Rammeplan!V20 -> 120 | R20: =(C20*D20)+(E20*F20)+(G20*H20)+(I20*J20)+(K20*L20)+(M20*N20)+(O20*P20) -> 0 | S20: =R20-Q20 -> -120
B21: Sum | C21: =SUM(C7:C20) -> 0 | E21: =SUM(E7:E20) -> 0 | G21: =SUM(G7:G20) -> 0 | I21: =SUM(I7:I20) -> 0 | K21: =SUM(K7:K20) -> 0 | M21: =SUM(M7:M20) -> 0 | O21: =SUM(O7:O20) -> 0 | Q21: =SUM(Q7:Q20) -> 770 | R21: =SUM(R7:R20) -> 0 | S21: =R21-Q21 -> -770
A31: AKKUMULERT
A33: Kvalitet | B33: Form | C33: Plan | E33: Trent
A34: Aerob | B34: Kontinuerlig | C34: ='34'!C34+'35'!Q7 -> 3240 | E34: ='34'!E34+'35'!R7 -> 0
B35: Intervall | C35: ='34'!C35+'35'!Q8 -> 90 | E35: ='34'!E35+'35'!R8 -> 0
A36: Anaerob | B36: Lokalt | C36: ='34'!C36+'35'!Q9 -> 20 | E36: ='34'!E36+'35'!R9 -> 0
B37: Generell | C37: ='34'!C37+'35'!Q10 -> 150 | E37: ='34'!E37+'35'!R10 -> 0
A38: Maks.styrke | B38: Sub.maks. | C38: ='34'!C38+'35'!Q11 -> 1920 | E38: ='34'!E38+'35'!R11 -> 0
B39: Tungt | C39: ='34'!C39+'35'!Q12 -> 300 | E39: ='34'!E39+'35'!R12 -> 0
B40: Eksplosivt | C40: ='34'!C40+'35'!Q13 -> 0 | E40: ='34'!E40+'35'!R13 -> 0
A41: Uth.styrke | B41: Sirkel | C41: ='34'!C41+'35'!Q14 -> 2310 | E41: ='34'!E41+'35'!R14 -> 0
B42: Tungt | C42: ='34'!C42+'35'!Q15 -> 1500 | E42: ='34'!E42+'35'!R15 -> 0
A43: Spenst | C43: ='34'!C43+'35'!Q16 -> 380 | E43: ='34'!E43+'35'!R16 -> 0
A44: Hurtighet | C44: ='34'!C44+'35'!Q17 -> 380 | E44: ='34'!E44+'35'!R17 -> 0
A45: Koordinasjon | C45: ='34'!C45+'35'!Q18 -> 1440 | E45: ='34'!E45+'35'!R18 -> 0
A46: Bevegelighet | C46: ='34'!C46+'35'!Q19 -> 600 | E46: ='34'!E46+'35'!R19 -> 0
A47: Rekreasjon | C47: ='34'!C47+'35'!Q20 -> 1560 | E47: ='34'!E47+'35'!R20 -> 0
B48: Sum | C48: =SUM(C34:C47) -> 13890 | E48: =SUM(E34:E47) -> 0

Sheet 36
A1: =Rammeplan!A1 -> TRENINGSDAGBOK-HOVDEN SKIGYMNAS, 2012-2013:
A3: Uke: | B3: 36 | G3: Navn: | H3: ='18'!H3 -> 0
C5: Mandag | E5: Tirsdag | G5: Onsdag | I5: Torsdag | K5: Fredag | M5: Lørdag | O5: Søndag | Q5: Sum
A6: Kvalitet | B6: Form | C6: Plan | D6: ok | E6: Plan | F6: ok | G6: Plan | H6: ok | I6: Plan | J6: ok | K6: Plan | L6: ok | M6: Plan | N6: ok | O6: Plan | P6: ok | Q6: Plan | R6: Trent | S6: Diff. | T6: Feedback
A7: Aerob | B7: Kontinuerlig | Q7: =Rammeplan!W7 -> 120 | R7: =(C7*D7)+(E7*F7)+(G7*H7)+(I7*J7)+(K7*L7)+(M7*N7)+(O7*P7) -> 0 | S7: =R7-Q7 -> -120
B8: Intervall | Q8: =Rammeplan!W8 -> 0 | R8: =(C8*D8)+(E8*F8)+(G8*H8)+(I8*J8)+(K8*L8)+(M8*N8)+(O8*P8) -> 0 | S8: =R8-Q8 -> 0
A9: Anaerob | B9: Lokalt | Q9: =Rammeplan!W9 -> 0 | R9: =(C9*D9)+(E9*F9)+(G9*H9)+(I9*J9)+(K9*L9)+(M9*N9)+(O9*P9) -> 0 | S9: =R9-Q9 -> 0
B10: Generell | Q10: =Rammeplan!W10 -> 0 | R10: =(C10*D10)+(E10*F10)+(G10*H10)+(I10*J10)+(K10*L10)+(M10*N10)+(O10*P10) -> 0 | S10: =R10-Q10 -> 0
A11: Maks.styrke | B11: Sub.maks. | Q11: =Rammeplan!W11 -> 120 | R11: =(C11*D11)+(E11*F11)+(G11*H11)+(I11*J11)+(K11*L11)+(M11*N11)+(O11*P11) -> 0 | S11: =R11-Q11 -> -120
B12: Tungt | Q12: =Rammeplan!W12 -> 60 | R12: =(C12*D12)+(E12*F12)+(G12*H12)+(I12*J12)+(K12*L12)+(M12*N12)+(O12*P12) -> 0 | S12: =R12-Q12 -> -60
B13: Eksplosivt | Q13: =Rammeplan!W13 -> 0 | R13: =(C13*D13)+(E13*F13)+(G13*H13)+(I13*J13)+(K13*L13)+(M13*N13)+(O13*P13) -> 0 | S13: =R13-Q13 -> 0
A14: Uth.styrke | B14: Sirkel | Q14: =Rammeplan!W14 -> 120 | R14: =(C14*D14)+(E14*F14)+(G14*H14)+(I14*J14)+(K14*L14)+(M14*N14)+(O14*P14) -> 0 | S14: =R14-Q14 -> -120
B15: Tungt | Q15: =Rammeplan!W15 -> 120 | R15: =(C15*D15)+(E15*F15)+(G15*H15)+(I15*J15)+(K15*L15)+(M15*N15)+(O15*P15) -> 0 | S15: =R15-Q15 -> -120
A16: Spenst | Q16: =Rammeplan!W16 -> 0 | R16: =(C16*D16)+(E16*F16)+(G16*H16)+(I16*J16)+(K16*L16)+(M16*N16)+(O16*P16) -> 0 | S16: =R16-Q16 -> 0
A17: Hurtighet | Q17: =Rammeplan!W17 -> 0 | R17: =(C17*D17)+(E17*F17)+(G17*H17)+(I17*J17)+(K17*L17)+(M17*N17)+(O17*P17) -> 0 | S17: =R17-Q17 -> 0
A18: Koordinasjon | Q18: =Rammeplan!W18 -> 120 | R18: =(C18*D18)+(E18*F18)+(G18*H18)+(I18*J18)+(K18*L18)+(M18*N18)+(O18*P18) -> 0 | S18: =R18-Q18 -> -120
A19: Bevegelighet | Q19: =Rammeplan!W19 -> 30 | R19: =(C19*D19)+(E19*F19)+(G19*H19)+(I19*J19)+(K19*L19)+(M19*N19)+(O19*P19) -> 0 | S19: =R19-Q19 -> -30
A20: Rekreasjon | Q20: =Rammeplan!W20 -> 60 | R20: =(C20*D20)+(E20*F20)+(G20*H20)+(I20*J20)+(K20*L20)+(M20*N20)+(O20*P20) -> 0 | S20: =R20-Q20 -> -60
B21: Sum | C21: =SUM(C7:C20) -> 0 | E21: =SUM(E7:E20) -> 0 | G21: =SUM(G7:G20) -> 0 | I21: =SUM(I7:I20) -> 0 | K21: =SUM(K7:K20) -> 0 | M21: =SUM(M7:M20) -> 0 | O21: =SUM(O7:O20) -> 0 | Q21: =SUM(Q7:Q20) -> 750 | R21: =SUM(R7:R20) -> 0 | S21: =R21-Q21 -> -750
A31: AKKUMULERT
A33: Kvalitet | B33: Form | C33: Plan | E33: Trent
A34: Aerob | B34: Kontinuerlig | C34: ='35'!C34+'36'!Q7 -> 3360 | E34: ='35'!E34+'36'!R7 -> 0
B35: Intervall | C35: ='35'!C35+'36'!Q8 -> 90 | E35: ='35'!E35+'36'!R8 -> 0
A36: Anaerob | B36: Lokalt | C36: ='35'!C36+'36'!Q9 -> 20 | E36: ='35'!E36+'36'!R9 -> 0
B37: Generell | C37: ='35'!C37+'36'!Q10 -> 150 | E37: ='35'!E37+'36'!R10 -> 0
A38: Maks.styrke | B38: Sub.maks. | C38: ='35'!C38+'36'!Q11 -> 2040 | E38: ='35'!E38+'36'!R11 -> 0
B39: Tungt | C39: ='35'!C39+'36'!Q12 -> 360 | E39: ='35'!E39+'36'!R12 -> 0
B40: Eksplosivt | C40: ='35'!C40+'36'!Q13 -> 0 | E40: ='35'!E40+'36'!R13 -> 0
A41: Uth.styrke | B41: Sirkel | C41: ='35'!C41+'36'!Q14 -> 2430 | E41: ='35'!E41+'36'!R14 -> 0
B42: Tungt | C42: ='35'!C42+'36'!Q15 -> 1620 | E42: ='35'!E42+'36'!R15 -> 0
A43: Spenst | C43: ='35'!C43+'36'!Q16 -> 380 | E43: ='35'!E43+'36'!R16 -> 0
A44: Hurtighet | C44: ='35'!C44+'36'!Q17 -> 380 | E44: ='35'!E44+'36'!R17 -> 0
A45: Koordinasjon | C45: ='35'!C45+'36'!Q18 -> 1560 | E45: ='35'!E45+'36'!R18 -> 0
A46: Bevegelighet | C46: ='35'!C46+'36'!Q19 -> 630 | E46: ='35'!E46+'36'!R19 -> 0
A47: Rekreasjon | C47: ='35'!C47+'36'!Q20 -> 1620 | E47: ='35'!E47+'36'!R20 -> 0
B48: Sum | C48: =SUM(C34:C47) -> 14640 | E48: =SUM(E34:E47) -> 0

Sheet 37
A1: =Rammeplan!A1 -> TRENINGSDAGBOK-HOVDEN SKIGYMNAS, 2012-2013:
A3: Uke: | B3: 37 | G3: Navn: | H3: ='18'!H3 -> 0
C5: Mandag | E5: Tirsdag | G5: Onsdag | I5: Torsdag | K5: Fredag | M5: Lørdag | O5: Søndag | Q5: Sum
A6: Kvalitet | B6: Form | C6: Plan | D6: ok | E6: Plan | F6: ok | G6: Plan | H6: ok | I6: Plan | J6: ok | K6: Plan | L6: ok | M6: Plan | N6: ok | O6: Plan | P6: ok | Q6: Plan | R6: Trent | S6: Diff. | T6: Feedback
A7: Aerob | B7: Kontinuerlig | Q7: =Rammeplan!X7 -> 120 | R7: =(C7*D7)+(E7*F7)+(G7*H7)+(I7*J7)+(K7*L7)+(M7*N7)+(O7*P7) -> 0 | S7: =R7-Q7 -> -120
B8: Intervall | Q8: =Rammeplan!X8 -> 30 | R8: =(C8*D8)+(E8*F8)+(G8*H8)+(I8*J8)+(K8*L8)+(M8*N8)+(O8*P8) -> 0 | S8: =R8-Q8 -> -30
A9: Anaerob | B9: Lokalt | Q9: =Rammeplan!X9 -> 0 | R9: =(C9*D9)+(E9*F9)+(G9*H9)+(I9*J9)+(K9*L9)+(M9*N9)+(O9*P9) -> 0 | S9: =R9-Q9 -> 0
B10: Generell | Q10: =Rammeplan!X10 -> 0 | R10: =(C10*D10)+(E10*F10)+(G10*H10)+(I10*J10)+(K10*L10)+(M10*N10)+(O10*P10) -> 0 | S10: =R10-Q10 -> 0
A11: Maks.styrke | B11: Sub.maks. | Q11: =Rammeplan!X11 -> 120 | R11: =(C11*D11)+(E11*F11)+(G11*H11)+(I11*J11)+(K11*L11)+(M11*N11)+(O11*P11) -> 0 | S11: =R11-Q11 -> -120
B12: Tungt | Q12: =Rammeplan!X12 -> 60 | R12: =(C12*D12)+(E12*F12)+(G12*H12)+(I12*J12)+(K12*L12)+(M12*N12)+(O12*P12) -> 0 | S12: =R12-Q12 -> -60
B13: Eksplosivt | Q13: =Rammeplan!Z13 -> 30 | R13: =(C13*D13)+(E13*F13)+(G13*H13)+(I13*J13)+(K13*L13)+(M13*N13)+(O13*P13) -> 0 | S13: =R13-Q13 -> -30
A14: Uth.styrke | B14: Sirkel | Q14: =Rammeplan!X14 -> 120 | R14: =(C14*D14)+(E14*F14)+(G14*H14)+(I14*J14)+(K14*L14)+(M14*N14)+(O14*P14) -> 0 | S14: =R14-Q14 -> -120
B15: Tungt | Q15: =Rammeplan!X15 -> 120 | R15: =(C15*D15)+(E15*F15)+(G15*H15)+(I15*J15)+(K15*L15)+(M15*N15)+(O15*P15) -> 0 | S15: =R15-Q15 -> -120
A16: Spenst | Q16: =Rammeplan!X16 -> 0 | R16: =(C16*D16)+(E16*F16)+(G16*H16)+(I16*J16)+(K16*L16)+(M16*N16)+(O16*P16) -> 0 | S16: =R16-Q16 -> 0
A17: Hurtighet | Q17: =Rammeplan!X17 -> 0 | R17: =(C17*D17)+(E17*F17)+(G17*H17)+(I17*J17)+(K17*L17)+(M17*N17)+(O17*P17) -> 0 | S17: =R17-Q17 -> 0
A18: Koordinasjon | Q18: =Rammeplan!X18 -> 120 | R18: =(C18*D18)+(E18*F18)+(G18*H18)+(I18*J18)+(K18*L18)+(M18*N18)+(O18*P18) -> 0 | S18: =R18-Q18 -> -120
A19: Bevegelighet | Q19: =Rammeplan!X19 -> 30 | R19: =(C19*D19)+(E19*F19)+(G19*H19)+(I19*J19)+(K19*L19)+(M19*N19)+(O19*P19) -> 0 | S19: =R19-Q19 -> -30
A20: Rekreasjon | Q20: =Rammeplan!X20 -> 60 | R20: =(C20*D20)+(E20*F20)+(G20*H20)+(I20*J20)+(K20*L20)+(M20*N20)+(O20*P20) -> 0 | S20: =R20-Q20 -> -60
B21: Sum | C21: =SUM(C7:C20) -> 0 | E21: =SUM(E7:E20) -> 0 | G21: =SUM(G7:G20) -> 0 | I21: =SUM(I7:I20) -> 0 | K21: =SUM(K7:K20) -> 0 | M21: =SUM(M7:M20) -> 0 | O21: =SUM(O7:O20) -> 0 | Q21: =SUM(Q7:Q20) -> 810 | R21: =SUM(R7:R20) -> 0 | S21: =R21-Q21 -> -810
A31: AKKUMULERT
A33: Kvalitet | B33: Form | C33: Plan | E33: Trent
A34: Aerob | B34: Kontinuerlig | C34: ='36'!C34+'37'!Q7 -> 3480 | E34: ='36'!E34+'37'!R7 -> 0
B35: Intervall | C35: ='36'!C35+'37'!Q8 -> 120 | E35: ='36'!E35+'37'!R8 -> 0
A36: Anaerob | B36: Lokalt | C36: ='36'!C36+'37'!Q9 -> 20 | E36: ='36'!E36+'37'!R9 -> 0
B37: Generell | C37: ='36'!C37+'37'!Q10 -> 150 | E37: ='36'!E37+'37'!R10 -> 0
A38: Maks.styrke | B38: Sub.maks. | C38: ='36'!C38+'37'!Q11 -> 2160 | E38: ='36'!E38+'37'!R11 -> 0
B39: Tungt | C39: ='36'!C39+'37'!Q12 -> 420 | E39: ='36'!E39+'37'!R12 -> 0
B40: Eksplosivt | C40: ='36'!C40+'37'!Q13 -> 30 | E40: ='36'!E40+'37'!R13 -> 0
A41: Uth.styrke | B41: Sirkel | C41: ='36'!C41+'37'!Q14 -> 2550 | E41: ='36'!E41+'37'!R14 -> 0
B42: Tungt | C42: ='36'!C42+'37'!Q15 -> 1740 | E42: ='36'!E42+'37'!R15 -> 0
A43: Spenst | C43: ='36'!C43+'37'!Q16 -> 380 | E43: ='36'!E43+'37'!R16 -> 0
A44: Hurtighet | C44: ='36'!C44+'37'!Q17 -> 380 | E44: ='36'!E44+'37'!R17 -> 0
A45: Koordinasjon | C45: ='36'!C45+'37'!Q18 -> 1680 | E45: ='36'!E45+'37'!R18 -> 0
A46: Bevegelighet | C46: ='36'!C46+'37'!Q19 -> 660 | E46: ='36'!E46+'37'!R19 -> 0
A47: Rekreasjon | C47: ='36'!C47+'37'!Q20 -> 1680 | E47: ='36'!E47+'37'!R20 -> 0
B48: Sum | C48: =SUM(C34:C47) -> 15450 | E48: =SUM(E34:E47) -> 0

Sheet 38
A1: =Rammeplan!A1 -> TRENINGSDAGBOK-HOVDEN SKIGYMNAS, 2012-2013:
A3: Uke: | B3: 38 | G3: Navn: | H3: ='18'!H3 -> 0
C5: Mandag | E5: Tirsdag | G5: Onsdag | I5: Torsdag | K5: Fredag | M5: Lørdag | O5: Søndag | Q5: Sum
A6: Kvalitet | B6: Form | C6: Plan | D6: ok | E6: Plan | F6: ok | G6: Plan | H6: ok | I6: Plan | J6: ok | K6: Plan | L6: ok | M6: Plan | N6: ok | O6: Plan | P6: ok | Q6: Plan | R6: Trent | S6: Diff. | T6: Feedback
A7: Aerob | B7: Kontinuerlig | Q7: =Rammeplan!Y7 -> 60 | R7: =(C7*D7)+(E7*F7)+(G7*H7)+(I7*J7)+(K7*L7)+(M7*N7)+(O7*P7) -> 0 | S7: =R7-Q7 -> -60
B8: Intervall | Q8: =Rammeplan!Y8 -> 60 | R8: =(C8*D8)+(E8*F8)+(G8*H8)+(I8*J8)+(K8*L8)+(M8*N8)+(O8*P8) -> 0 | S8: =R8-Q8 -> -60
A9: Anaerob | B9: Lokalt | Q9: =Rammeplan!Y9 -> 20 | R9: =(C9*D9)+(E9*F9)+(G9*H9)+(I9*J9)+(K9*L9)+(M9*N9)+(O9*P9) -> 0 | S9: =R9-Q9 -> -20
B10: Generell | Q10: =Rammeplan!Y10 -> 20 | R10: =(C10*D10)+(E10*F10)+(G10*H10)+(I10*J10)+(K10*L10)+(M10*N10)+(O10*P10) -> 0 | S10: =R10-Q10 -> -20
A11: Maks.styrke | B11: Sub.maks. | Q11: =Rammeplan!Y11 -> 120 | R11: =(C11*D11)+(E11*F11)+(G11*H11)+(I11*J11)+(K11*L11)+(M11*N11)+(O11*P11) -> 0 | S11: =R11-Q11 -> -120
B12: Tungt | Q12: =Rammeplan!Y12 -> 60 | R12: =(C12*D12)+(E12*F12)+(G12*H12)+(I12*J12)+(K12*L12)+(M12*N12)+(O12*P12) -> 0 | S12: =R12-Q12 -> -60
B13: Eksplosivt | Q13: =Rammeplan!Y13 -> 30 | R13: =(C13*D13)+(E13*F13)+(G13*H13)+(I13*J13)+(K13*L13)+(M13*N13)+(O13*P13) -> 0 | S13: =R13-Q13 -> -30
A14: Uth.styrke | B14: Sirkel | Q14: =Rammeplan!Y14 -> 120 | R14: =(C14*D14)+(E14*F14)+(G14*H14)+(I14*J14)+(K14*L14)+(M14*N14)+(O14*P14) -> 0 | S14: =R14-Q14 -> -120
B15: Tungt | Q15: =Rammeplan!Y15 -> 120 | R15: =(C15*D15)+(E15*F15)+(G15*H15)+(I15*J15)+(K15*L15)+(M15*N15)+(O15*P15) -> 0 | S15: =R15-Q15 -> -120
A16: Spenst | Q16: =Rammeplan!Y16 -> 20 | R16: =(C16*D16)+(E16*F16)+(G16*H16)+(I16*J16)+(K16*L16)+(M16*N16)+(O16*P16) -> 0 | S16: =R16-Q16 -> -20
A17: Hurtighet | Q17: =Rammeplan!Y17 -> 20 | R17: =(C17*D17)+(E17*F17)+(G17*H17)+(I17*J17)+(K17*L17)+(M17*N17)+(O17*P17) -> 0 | S17: =R17-Q17 -> -20
A18: Koordinasjon | Q18: =Rammeplan!Y18 -> 60 | R18: =(C18*D18)+(E18*F18)+(G18*H18)+(I18*J18)+(K18*L18)+(M18*N18)+(O18*P18) -> 0 | S18: =R18-Q18 -> -60
A19: Bevegelighet | Q19: =Rammeplan!Y19 -> 30 | R19: =(C19*D19)+(E19*F19)+(G19*H19)+(I19*J19)+(K19*L19)+(M19*N19)+(O19*P19) -> 0 | S19: =R19-Q19 -> -30
A20: Rekreasjon | Q20: =Rammeplan!Y20 -> 120 | R20: =(C20*D20)+(E20*F20)+(G20*H20)+(I20*J20)+(K20*L20)+(M20*N20)+(O20*P20) -> 0 | S20: =R20-Q20 -> -120
B21: Sum | C21: =SUM(C7:C20) -> 0 | E21: =SUM(E7:E20) -> 0 | G21: =SUM(G7:G20) -> 0 | I21: =SUM(I7:I20) -> 0 | K21: =SUM(K7:K20) -> 0 | M21: =SUM(M7:M20) -> 0 | O21: =SUM(O7:O20) -> 0 | Q21: =SUM(Q7:Q20) -> 860 | R21: =SUM(R7:R20) -> 0 | S21: =R21-Q21 -> -860
A31: AKKUMULERT
A33: Kvalitet | B33: Form | C33: Plan | E33: Trent
A34: Aerob | B34: Kontinuerlig | C34: ='37'!C34+'38'!Q7 -> 3540 | E34: ='37'!E34+'38'!R7 -> 0
B35: Intervall | C35: ='37'!C35+'38'!Q8 -> 180 | E35: ='37'!E35+'38'!R8 -> 0
A36: Anaerob | B36: Lokalt | C36: ='37'!C36+'38'!Q9 -> 40 | E36: ='37'!E36+'38'!R9 -> 0
B37: Generell | C37: ='37'!C37+'38'!Q10 -> 170 | E37: ='37'!E37+'38'!R10 -> 0
A38: Maks.styrke | B38: Sub.maks. | C38: ='37'!C38+'38'!Q11 -> 2280 | E38: ='37'!E38+'38'!R11 -> 0
B39: Tungt | C39: ='37'!C39+'38'!Q12 -> 480 | E39: ='37'!E39+'38'!R12 -> 0
B40: Eksplosivt | C40: ='37'!C40+'38'!Q13 -> 60 | E40: ='37'!E40+'38'!R13 -> 0
A41: Uth.styrke | B41: Sirkel | C41: ='37'!C41+'38'!Q14 -> 2670 | E41: ='37'!E41+'38'!R14 -> 0
B42: Tungt | C42: ='37'!C42+'38'!Q15 -> 1860 | E42: ='37'!E42+'38'!R15 -> 0
A43: Spenst | C43: ='37'!C43+'38'!Q16 -> 400 | E43: ='37'!E43+'38'!R16 -> 0
A44: Hurtighet | C44: ='37'!C44+'38'!Q17 -> 400 | E44: ='37'!E44+'38'!R17 -> 0
A45: Koordinasjon | C45: ='37'!C45+'38'!Q18 -> 1740 | E45: ='37'!E45+'38'!R18 -> 0
A46: Bevegelighet | C46: ='37'!C46+'38'!Q19 -> 690 | E46: ='37'!E46+'38'!R19 -> 0
A47: Rekreasjon | C47: ='37'!C47+'38'!Q20 -> 1800 | E47: ='37'!E47+'38'!R20 -> 0
B48: Sum | C48: =SUM(C34:C47) -> 16310 | E48: =SUM(E34:E47) -> 0

Sheet 39
A1: =Rammeplan!A1 -> TRENINGSDAGBOK-HOVDEN SKIGYMNAS, 2012-2013:
A3: Uke: | B3: 39 | G3: Navn: | H3: ='18'!H3 -> 0
C5: Mandag | E5: Tirsdag | G5: Onsdag | I5: Torsdag | K5: Fredag | M5: Lørdag | O5: Søndag | Q5: Sum
A6: Kvalitet | B6: Form | C6: Plan | D6: ok | E6: Plan | F6: ok | G6: Plan | H6: ok | I6: Plan | J6: ok | K6: Plan | L6: ok | M6: Plan | N6: ok | O6: Plan | P6: ok | Q6: Plan | R6: Trent | S6: Diff. | T6: Feedback
A7: Aerob | B7: Kontinuerlig | Q7: =Rammeplan!Z7 -> 60 | R7: =(C7*D7)+(E7*F7)+(G7*H7)+(I7*J7)+(K7*L7)+(M7*N7)+(O7*P7) -> 0 | S7: =R7-Q7 -> -60
B8: Intervall | Q8: =Rammeplan!Z8 -> 60 | R8: =(C8*D8)+(E8*F8)+(G8*H8)+(I8*J8)+(K8*L8)+(M8*N8)+(O8*P8) -> 0 | S8: =R8-Q8 -> -60
A9: Anaerob | B9: Lokalt | Q9: =Rammeplan!Z9 -> 0 | R9: =(C9*D9)+(E9*F9)+(G9*H9)+(I9*J9)+(K9*L9)+(M9*N9)+(O9*P9) -> 0 | S9: =R9-Q9 -> 0
B10: Generell | Q10: =Rammeplan!Z10 -> 0 | R10: =(C10*D10)+(E10*F10)+(G10*H10)+(I10*J10)+(K10*L10)+(M10*N10)+(O10*P10) -> 0 | S10: =R10-Q10 -> 0
A11: Maks.styrke | B11: Sub.maks. | Q11: =Rammeplan!Z11 -> 0 | R11: =(C11*D11)+(E11*F11)+(G11*H11)+(I11*J11)+(K11*L11)+(M11*N11)+(O11*P11) -> 0 | S11: =R11-Q11 -> 0
B12: Tungt | Q12: =Rammeplan!Z12 -> 60 | R12: =(C12*D12)+(E12*F12)+(G12*H12)+(I12*J12)+(K12*L12)+(M12*N12)+(O12*P12) -> 0 | S12: =R12-Q12 -> -60
B13: Eksplosivt | Q13: =Rammeplan!Z13 -> 30 | R13: =(C13*D13)+(E13*F13)+(G13*H13)+(I13*J13)+(K13*L13)+(M13*N13)+(O13*P13) -> 0 | S13: =R13-Q13 -> -30
A14: Uth.styrke | B14: Sirkel | Q14: =Rammeplan!Z14 -> 120 | R14: =(C14*D14)+(E14*F14)+(G14*H14)+(I14*J14)+(K14*L14)+(M14*N14)+(O14*P14) -> 0 | S14: =R14-Q14 -> -120
B15: Tungt | Q15: =Rammeplan!Z15 -> 0 | R15: =(C15*D15)+(E15*F15)+(G15*H15)+(I15*J15)+(K15*L15)+(M15*N15)+(O15*P15) -> 0 | S15: =R15-Q15 -> 0
A16: Spenst | Q16: =Rammeplan!Z16 -> 40 | R16: =(C16*D16)+(E16*F16)+(G16*H16)+(I16*J16)+(K16*L16)+(M16*N16)+(O16*P16) -> 0 | S16: =R16-Q16 -> -40
A17: Hurtighet | Q17: =Rammeplan!Z17 -> 40 | R17: =(C17*D17)+(E17*F17)+(G17*H17)+(I17*J17)+(K17*L17)+(M17*N17)+(O17*P17) -> 0 | S17: =R17-Q17 -> -40
A18: Koordinasjon | Q18: =Rammeplan!Z18 -> 0 | R18: =(C18*D18)+(E18*F18)+(G18*H18)+(I18*J18)+(K18*L18)+(M18*N18)+(O18*P18) -> 0 | S18: =R18-Q18 -> 0
A19: Bevegelighet | Q19: =Rammeplan!Z19 -> 30 | R19: =(C19*D19)+(E19*F19)+(G19*H19)+(I19*J19)+(K19*L19)+(M19*N19)+(O19*P19) -> 0 | S19: =R19-Q19 -> -30
A20: Rekreasjon | Q20: =Rammeplan!Z20 -> 120 | R20: =(C20*D20)+(E20*F20)+(G20*H20)+(I20*J20)+(K20*L20)+(M20*N20)+(O20*P20) -> 0 | S20: =R20-Q20 -> -120
B21: Sum | C21: =SUM(C7:C20) -> 0 | E21: =SUM(E7:E20) -> 0 | G21: =SUM(G7:G20) -> 0 | I21: =SUM(I7:I20) -> 0 | K21: =SUM(K7:K20) -> 0 | M21: =SUM(M7:M20) -> 0 | O21: =SUM(O7:O20) -> 0 | Q21: =SUM(Q7:Q20) -> 560 | R21: =SUM(R7:R20) -> 0 | S21: =R21-Q21 -> -560
A31: AKKUMULERT
A33: Kvalitet | B33: Form | C33: Plan | E33: Trent
A34: Aerob | B34: Kontinuerlig | C34: ='38'!C34+'39'!Q7 -> 3600 | E34: ='38'!E34+'39'!R7 -> 0
B35: Intervall | C35: ='38'!C35+'39'!Q8 -> 240 | E35: ='38'!E35+'39'!R8 -> 0
A36: Anaerob | B36: Lokalt | C36: ='38'!C36+'39'!Q9 -> 40 | E36: ='38'!E36+'39'!R9 -> 0
B37: Generell | C37: ='38'!C37+'39'!Q10 -> 170 | E37: ='38'!E37+'39'!R10 -> 0
A38: Maks.styrke | B38: Sub.maks. | C38: ='38'!C38+'39'!Q11 -> 2280 | E38: ='38'!E38+'39'!R11 -> 0
B39: Tungt | C39: ='38'!C39+'39'!Q12 -> 540 | E39: ='38'!E39+'39'!R12 -> 0
B40: Eksplosivt | C40: ='38'!C40+'39'!Q13 -> 90 | E40: ='38'!E40+'39'!R13 -> 0
A41: Uth.styrke | B41: Sirkel | C41: ='38'!C41+'39'!Q14 -> 2790 | E41: ='38'!E41+'39'!R14 -> 0
B42: Tungt | C42: ='38'!C42+'39'!Q15 -> 1860 | E42: ='38'!E42+'39'!R15 -> 0
A43: Spenst | C43: ='38'!C43+'39'!Q16 -> 440 | E43: ='38'!E43+'39'!R16 -> 0
A44: Hurtighet | C44: ='38'!C44+'39'!Q17 -> 440 | E44: ='38'!E44+'39'!R17 -> 0
A45: Koordinasjon | C45: ='38'!C45+'39'!Q18 -> 1740 | E45: ='38'!E45+'39'!R18 -> 0
A46: Bevegelighet | C46: ='38'!C46+'39'!Q19 -> 720 | E46: ='38'!E46+'39'!R19 -> 0
A47: Rekreasjon | C47: ='38'!C47+'39'!Q20 -> 1920 | E47: ='38'!E47+'39'!R20 -> 0
B48: Sum | C48: =SUM(C34:C47) -> 16870 | E48: =SUM(E34:E47) -> 0

Sheet 40
A1: =Rammeplan!A1 -> TRENINGSDAGBOK-HOVDEN SKIGYMNAS, 2012-2013:
A3: Uke: | B3: 40 | G3: Navn: | H3: ='18'!H3 -> 0
C5: Mandag | E5: Tirsdag | G5: Onsdag | I5: Torsdag | K5: Fredag | M5: Lørdag | O5: Søndag | Q5: Sum
A6: Kvalitet | B6: Form | C6: Plan | D6: ok | E6: Plan | F6: ok | G6: Plan | H6: ok | I6: Plan | J6: ok | K6: Plan | L6: ok | M6: Plan | N6: ok | O6: Plan | P6: ok | Q6: Plan | R6: Trent | S6: Diff. | T6: Feedback
A7: Aerob | B7: Kontinuerlig | Q7: =Rammeplan!AA7 -> 120 | R7: =(C7*D7)+(E7*F7)+(G7*H7)+(I7*J7)+(K7*L7)+(M7*N7)+(O7*P7) -> 0 | S7: =R7-Q7 -> -120
B8: Intervall | Q8: =Rammeplan!AA8 -> 0 | R8: =(C8*D8)+(E8*F8)+(G8*H8)+(I8*J8)+(K8*L8)+(M8*N8)+(O8*P8) -> 0 | S8: =R8-Q8 -> 0
A9: Anaerob | B9: Lokalt | Q9: =Rammeplan!AA9 -> 0 | R9: =(C9*D9)+(E9*F9)+(G9*H9)+(I9*J9)+(K9*L9)+(M9*N9)+(O9*P9) -> 0 | S9: =R9-Q9 -> 0
B10: Generell | Q10: =Rammeplan!AA10 -> 0 | R10: =(C10*D10)+(E10*F10)+(G10*H10)+(I10*J10)+(K10*L10)+(M10*N10)+(O10*P10) -> 0 | S10: =R10-Q10 -> 0
A11: Maks.styrke | B11: Sub.maks. | Q11: =Rammeplan!AA11 -> 0 | R11: =(C11*D11)+(E11*F11)+(G11*H11)+(I11*J11)+(K11*L11)+(M11*N11)+(O11*P11) -> 0 | S11: =R11-Q11 -> 0
B12: Tungt | Q12: =Rammeplan!AA12 -> 0 | R12: =(C12*D12)+(E12*F12)+(G12*H12)+(I12*J12)+(K12*L12)+(M12*N12)+(O12*P12) -> 0 | S12: =R12-Q12 -> 0
B13: Eksplosivt | Q13: =Rammeplan!AA13 -> 0 | R13: =(C13*D13)+(E13*F13)+(G13*H13)+(I13*J13)+(K13*L13)+(M13*N13)+(O13*P13) -> 0 | S13: =R13-Q13 -> 0
A14: Uth.styrke | B14: Sirkel | Q14: =Rammeplan!AA14 -> 60 | R14: =(C14*D14)+(E14*F14)+(G14*H14)+(I14*J14)+(K14*L14)+(M14*N14)+(O14*P14) -> 0 | S14: =R14-Q14 -> -60
B15: Tungt | Q15: =Rammeplan!AA15 -> 0 | R15: =(C15*D15)+(E15*F15)+(G15*H15)+(I15*J15)+(K15*L15)+(M15*N15)+(O15*P15) -> 0 | S15: =R15-Q15 -> 0
A16: Spenst | Q16: =Rammeplan!AA16 -> 0 | R16: =(C16*D16)+(E16*F16)+(G16*H16)+(I16*J16)+(K16*L16)+(M16*N16)+(O16*P16) -> 0 | S16: =R16-Q16 -> 0
A17: Hurtighet | Q17: =Rammeplan!AA17 -> 0 | R17: =(C17*D17)+(E17*F17)+(G17*H17)+(I17*J17)+(K17*L17)+(M17*N17)+(O17*P17) -> 0 | S17: =R17-Q17 -> 0
A18: Koordinasjon | Q18: =Rammeplan!AA18 -> 0 | R18: =(C18*D18)+(E18*F18)+(G18*H18)+(I18*J18)+(K18*L18)+(M18*N18)+(O18*P18) -> 0 | S18: =R18-Q18 -> 0
A19: Bevegelighet | Q19: =Rammeplan!AA19 -> 30 | R19: =(C19*D19)+(E19*F19)+(G19*H19)+(I19*J19)+(K19*L19)+(M19*N19)+(O19*P19) -> 0 | S19: =R19-Q19 -> -30
A20: Rekreasjon | Q20: =Rammeplan!AA20 -> 60 | R20: =(C20*D20)+(E20*F20)+(G20*H20)+(I20*J20)+(K20*L20)+(M20*N20)+(O20*P20) -> 0 | S20: =R20-Q20 -> -60
B21: Sum | C21: =SUM(C7:C20) -> 0 | E21: =SUM(E7:E20) -> 0 | G21: =SUM(G7:G20) -> 0 | I21: =SUM(I7:I20) -> 0 | K21: =SUM(K7:K20) -> 0 | M21: =SUM(M7:M20) -> 0 | O21: =SUM(O7:O20) -> 0 | Q21: =SUM(Q7:Q20) -> 270 | R21: =SUM(R7:R20) -> 0 | S21: =R21-Q21 -> -270
A31: AKKUMULERT
A33: Kvalitet | B33: Form | C33: Plan | E33: Trent
A34: Aerob | B34: Kontinuerlig | C34: ='39'!C34+'40'!Q7 -> 3720 | E34: ='39'!E34+'40'!R7 -> 0
B35: Intervall | C35: ='39'!C35+'40'!Q8 -> 240 | E35: ='39'!E35+'40'!R8 -> 0
A36: Anaerob | B36: Lokalt | C36: ='39'!C36+'40'!Q9 -> 40 | E36: ='39'!E36+'40'!R9 -> 0
B37: Generell | C37: ='39'!C37+'40'!Q10 -> 170 | E37: ='39'!E37+'40'!R10 -> 0
A38: Maks.styrke | B38: Sub.maks. | C38: ='39'!C38+'40'!Q11 -> 2280 | E38: ='39'!E38+'40'!R11 -> 0
B39: Tungt | C39: ='39'!C39+'40'!Q12 -> 540 | E39: ='39'!E39+'40'!R12 -> 0
B40: Eksplosivt | C40: ='39'!C40+'40'!Q13 -> 90 | E40: ='39'!E40+'40'!R13 -> 0
A41: Uth.styrke | B41: Sirkel | C41: ='39'!C41+'40'!Q14 -> 2850 | E41: ='39'!E41+'40'!R14 -> 0
B42: Tungt | C42: ='39'!C42+'40'!Q15 -> 1860 | E42: ='39'!E42+'40'!R15 -> 0
A43: Spenst | C43: ='39'!C43+'40'!Q16 -> 440 | E43: ='39'!E43+'40'!R16 -> 0
A44: Hurtighet | C44: ='39'!C44+'40'!Q17 -> 440 | E44: ='39'!E44+'40'!R17 -> 0
A45: Koordinasjon | C45: ='39'!C45+'40'!Q18 -> 1740 | E45: ='39'!E45+'40'!R18 -> 0
A46: Bevegelighet | C46: ='39'!C46+'40'!Q19 -> 750 | E46: ='39'!E46+'40'!R19 -> 0
A47: Rekreasjon | C47: ='39'!C47+'40'!Q20 -> 1980 | E47: ='39'!E47+'40'!R20 -> 0
B48: Sum | C48: =SUM(C34:C47) -> 17140 | E48: =SUM(E34:E47) -> 0

Sheet 41
A1: =Rammeplan!A1 -> TRENINGSDAGBOK-HOVDEN SKIGYMNAS, 2012-2013:
A3: Uke: | B3: 41 | G3: Navn: | H3: ='18'!H3 -> 0
C5: Mandag | E5: Tirsdag | G5: Onsdag | I5: Torsdag | K5: Fredag | M5: Lørdag | O5: Søndag | Q5: Sum
A6: Kvalitet | B6: Form | C6: Plan | D6: ok | E6: Plan | F6: ok | G6: Plan | H6: ok | I6: Plan | J6: ok | K6: Plan | L6: ok | M6: Plan | N6: ok | O6: Plan | P6: ok | Q6: Plan | R6: Trent | S6: Diff. | T6: Feedback
A7: Aerob | B7: Kontinuerlig | Q7: =Rammeplan!AB7 -> 120 | R7: =(C7*D7)+(E7*F7)+(G7*H7)+(I7*J7)+(K7*L7)+(M7*N7)+(O7*P7) -> 0 | S7: =R7-Q7 -> -120
B8: Intervall | Q8: =Rammeplan!AB8 -> 0 | R8: =(C8*D8)+(E8*F8)+(G8*H8)+(I8*J8)+(K8*L8)+(M8*N8)+(O8*P8) -> 0 | S8: =R8-Q8 -> 0
A9: Anaerob | B9: Lokalt | Q9: =Rammeplan!AB9 -> 0 | R9: =(C9*D9)+(E9*F9)+(G9*H9)+(I9*J9)+(K9*L9)+(M9*N9)+(O9*P9) -> 0 | S9: =R9-Q9 -> 0
B10: Generell | Q10: =Rammeplan!AB10 -> 0 | R10: =(C10*D10)+(E10*F10)+(G10*H10)+(I10*J10)+(K10*L10)+(M10*N10)+(O10*P10) -> 0 | S10: =R10-Q10 -> 0
A11: Maks.styrke | B11: Sub.maks. | Q11: =Rammeplan!AB11 -> 60 | R11: =(C11*D11)+(E11*F11)+(G11*H11)+(I11*J11)+(K11*L11)+(M11*N11)+(O11*P11) -> 0 | S11: =R11-Q11 -> -60
B12: Tungt | Q12: =Rammeplan!AB12 -> 0 | R12: =(C12*D12)+(E12*F12)+(G12*H12)+(I12*J12)+(K12*L12)+(M12*N12)+(O12*P12) -> 0 | S12: =R12-Q12 -> 0
B13: Eksplosivt | Q13: =Rammeplan!AB13 -> 0 | R13: =(C13*D13)+(E13*F13)+(G13*H13)+(I13*J13)+(K13*L13)+(M13*N13)+(O13*P13) -> 0 | S13: =R13-Q13 -> 0
A14: Uth.styrke | B14: Sirkel | Q14: =Rammeplan!AB14 -> 60 | R14: =(C14*D14)+(E14*F14)+(G14*H14)+(I14*J14)+(K14*L14)+(M14*N14)+(O14*P14) -> 0 | S14: =R14-Q14 -> -60
B15: Tungt | Q15: =Rammeplan!AB15 -> 60 | R15: =(C15*D15)+(E15*F15)+(G15*H15)+(I15*J15)+(K15*L15)+(M15*N15)+(O15*P15) -> 0 | S15: =R15-Q15 -> -60
A16: Spenst | Q16: =Rammeplan!AB16 -> 20 | R16: =(C16*D16)+(E16*F16)+(G16*H16)+(I16*J16)+(K16*L16)+(M16*N16)+(O16*P16) -> 0 | S16: =R16-Q16 -> -20
A17: Hurtighet | Q17: =Rammeplan!AB17 -> 20 | R17: =(C17*D17)+(E17*F17)+(G17*H17)+(I17*J17)+(K17*L17)+(M17*N17)+(O17*P17) -> 0 | S17: =R17-Q17 -> -20
A18: Koordinasjon | Q18: =Rammeplan!AB18 -> 60 | R18: =(C18*D18)+(E18*F18)+(G18*H18)+(I18*J18)+(K18*L18)+(M18*N18)+(O18*P18) -> 0 | S18: =R18-Q18 -> -60
A19: Bevegelighet | Q19: =Rammeplan!AB19 -> 30 | R19: =(C19*D19)+(E19*F19)+(G19*H19)+(I19*J19)+(K19*L19)+(M19*N19)+(O19*P19) -> 0 | S19: =R19-Q19 -> -30
A20: Rekreasjon | Q20: =Rammeplan!AB20 -> 60 | R20: =(C20*D20)+(E20*F20)+(G20*H20)+(I20*J20)+(K20*L20)+(M20*N20)+(O20*P20) -> 0 | S20: =R20-Q20 -> -60
B21: Sum | C21: =SUM(C7:C20) -> 0 | E21: =SUM(E7:E20) -> 0 | G21: =SUM(G7:G20) -> 0 | I21: =SUM(I7:I20) -> 0 | K21: =SUM(K7:K20) -> 0 | M21: =SUM(M7:M20) -> 0 | O21: =SUM(O7:O20) -> 0 | Q21: =SUM(Q7:Q20) -> 490 | R21: =SUM(R7:R20) -> 0 | S21: =R21-Q21 -> -490
A30: AKKUMULERT
A32: Kvalitet | B32: Form | C32: Plan | E32: Trent
A33: Aerob | B33: Kontinuerlig | C33: ='40'!C34+'41'!Q7 -> 3840 | E33: ='40'!E34+'41'!R7 -> 0
B34: Intervall | C34: ='40'!C35+'41'!Q8 -> 240 | E34: ='40'!E35+'41'!R8 -> 0
A35: Anaerob | B35: Lokalt | C35: ='40'!C36+'41'!Q9 -> 40 | E35: ='40'!E36+'41'!R9 -> 0
B36: Generell | C36: ='40'!C37+'41'!Q10 -> 170 | E36: ='40'!E37+'41'!R10 -> 0
A37: Maks.styrke | B37: Sub.maks. | C37: ='40'!C38+'41'!Q11 -> 2340 | E37: ='40'!E38+'41'!R11 -> 0
B38: Tungt | C38: ='40'!C39+'41'!Q12 -> 540 | E38: ='40'!E39+'41'!R12 -> 0
B39: Eksplosivt | C39: ='40'!C40+'41'!Q13 -> 90 | E39: ='40'!E40+'41'!R13 -> 0
A40: Uth.styrke | B40: Sirkel | C40: ='40'!C41+'41'!Q14 -> 2910 | E40: ='40'!E41+'41'!R14 -> 0
B41: Tungt | C41: ='40'!C42+'41'!Q15 -> 1920 | E41: ='40'!E42+'41'!R15 -> 0
A42: Spenst | C42: ='40'!C43+'41'!Q16 -> 460 | E42: ='40'!E43+'41'!R16 -> 0
A43: Hurtighet | C43: ='40'!C44+'41'!Q17 -> 460 | E43: ='40'!E44+'41'!R17 -> 0
A44: Koordinasjon | C44: ='40'!C45+'41'!Q18 -> 1800 | E44: ='40'!E45+'41'!R18 -> 0
A45: Bevegelighet | C45: ='40'!C46+'41'!Q19 -> 780 | E45: ='40'!E46+'41'!R19 -> 0
A46: Rekreasjon | C46: ='40'!C47+'41'!Q20 -> 2040 | E46: ='40'!E47+'41'!R20 -> 0
B47: Sum | C47: =SUM(C33:C46) -> 17630 | E47: =SUM(E33:E46) -> 0

Sheet 42
A1: =Rammeplan!A1 -> TRENINGSDAGBOK-HOVDEN SKIGYMNAS, 2012-2013:
A3: Uke: | B3: 42 | G3: Navn: | H3: ='18'!H3 -> 0
C5: Mandag | E5: Tirsdag | G5: Onsdag | I5: Torsdag | K5: Fredag | M5: Lørdag | O5: Søndag | Q5: Sum
A6: Kvalitet | B6: Form | C6: Plan | D6: ok | E6: Plan | F6: ok | G6: Plan | H6: ok | I6: Plan | J6: ok | K6: Plan | L6: ok | M6: Plan | N6: ok | O6: Plan | P6: ok | Q6: Plan | R6: Trent | S6: Diff. | T6: Feedback
A7: Aerob | B7: Kontinuerlig | Q7: =Rammeplan!AC7 -> 120 | R7: =(C7*D7)+(E7*F7)+(G7*H7)+(I7*J7)+(K7*L7)+(M7*N7)+(O7*P7) -> 0 | S7: =R7-Q7 -> -120
B8: Intervall | Q8: =Rammeplan!AC8 -> 20 | R8: =(C8*D8)+(E8*F8)+(G8*H8)+(I8*J8)+(K8*L8)+(M8*N8)+(O8*P8) -> 0 | S8: =R8-Q8 -> -20
A9: Anaerob | B9: Lokalt | Q9: =Rammeplan!AC9 -> 0 | R9: =(C9*D9)+(E9*F9)+(G9*H9)+(I9*J9)+(K9*L9)+(M9*N9)+(O9*P9) -> 0 | S9: =R9-Q9 -> 0
B10: Generell | Q10: =Rammeplan!AC10 -> 0 | R10: =(C10*D10)+(E10*F10)+(G10*H10)+(I10*J10)+(K10*L10)+(M10*N10)+(O10*P10) -> 0 | S10: =R10-Q10 -> 0
A11: Maks.styrke | B11: Sub.maks. | Q11: =Rammeplan!AC11 -> 120 | R11: =(C11*D11)+(E11*F11)+(G11*H11)+(I11*J11)+(K11*L11)+(M11*N11)+(O11*P11) -> 0 | S11: =R11-Q11 -> -120
B12: Tungt | Q12: =Rammeplan!AC12 -> 0 | R12: =(C12*D12)+(E12*F12)+(G12*H12)+(I12*J12)+(K12*L12)+(M12*N12)+(O12*P12) -> 0 | S12: =R12-Q12 -> 0
B13: Eksplosivt | Q13: =Rammeplan!AC13 -> 0 | R13: =(C13*D13)+(E13*F13)+(G13*H13)+(I13*J13)+(K13*L13)+(M13*N13)+(O13*P13) -> 0 | S13: =R13-Q13 -> 0
A14: Uth.styrke | B14: Sirkel | Q14: =Rammeplan!AC14 -> 60 | R14: =(C14*D14)+(E14*F14)+(G14*H14)+(I14*J14)+(K14*L14)+(M14*N14)+(O14*P14) -> 0 | S14: =R14-Q14 -> -60
B15: Tungt | Q15: =Rammeplan!AC15 -> 60 | R15: =(C15*D15)+(E15*F15)+(G15*H15)+(I15*J15)+(K15*L15)+(M15*N15)+(O15*P15) -> 0 | S15: =R15-Q15 -> -60
A16: Spenst | Q16: =Rammeplan!AC16 -> 20 | R16: =(C16*D16)+(E16*F16)+(G16*H16)+(I16*J16)+(K16*L16)+(M16*N16)+(O16*P16) -> 0 | S16: =R16-Q16 -> -20
A17: Hurtighet | Q17: =Rammeplan!AC17 -> 20 | R17: =(C17*D17)+(E17*F17)+(G17*H17)+(I17*J17)+(K17*L17)+(M17*N17)+(O17*P17) -> 0 | S17: =R17-Q17 -> -20
A18: Koordinasjon | Q18: =Rammeplan!AC18 -> 60 | R18: =(C18*D18)+(E18*F18)+(G18*H18)+(I18*J18)+(K18*L18)+(M18*N18)+(O18*P18) -> 0 | S18: =R18-Q18 -> -60
A19: Bevegelighet | Q19: =Rammeplan!AC19 -> 30 | R19: =(C19*D19)+(E19*F19)+(G19*H19)+(I19*J19)+(K19*L19)+(M19*N19)+(O19*P19) -> 0 | S19: =R19-Q19 -> -30
A20: Rekreasjon | Q20: =Rammeplan!AC20 -> 60 | R20: =(C20*D20)+(E20*F20)+(G20*H20)+(I20*J20)+(K20*L20)+(M20*N20)+(O20*P20) -> 0 | S20: =R20-Q20 -> -60
B21: Sum | C21: =SUM(C7:C20) -> 0 | E21: =SUM(E7:E20) -> 0 | G21: =SUM(G7:G20) -> 0 | I21: =SUM(I7:I20) -> 0 | K21: =SUM(K7:K20) -> 0 | M21: =SUM(M7:M20) -> 0 | O21: =SUM(O7:O20) -> 0 | Q21: =SUM(Q7:Q20) -> 570 | R21: =SUM(R7:R20) -> 0 | S21: =R21-Q21 -> -570
A31: AKKUMULERT
A33: Kvalitet | B33: Form | C33: Plan | E33: Trent
A34: Aerob | B34: Kontinuerlig | C34: ='41'!C33+'42'!Q7 -> 3960 | E34: ='41'!E33+'42'!R7 -> 0
B35: Intervall | C35: ='41'!C34+'42'!Q8 -> 260 | E35: ='41'!E34+'42'!R8 -> 0
A36: Anaerob | B36: Lokalt | C36: ='41'!C35+'42'!Q9 -> 40 | E36: ='41'!E35+'42'!R9 -> 0
B37: Generell | C37: ='41'!C36+'42'!Q10 -> 170 | E37: ='41'!E36+'42'!R10 -> 0
A38: Maks.styrke | B38: Sub.maks. | C38: ='41'!C37+'42'!Q11 -> 2460 | E38: ='41'!E37+'42'!R11 -> 0
B39: Tungt | C39: ='41'!C38+'42'!Q12 -> 540 | E39: ='41'!E38+'42'!R12 -> 0
B40: Eksplosivt | C40: ='41'!C39+'42'!Q13 -> 90 | E40: ='41'!E39+'42'!R13 -> 0
A41: Uth.styrke | B41: Sirkel | C41: ='41'!C40+'42'!Q14 -> 2970 | E41: ='41'!E40+'42'!R14 -> 0
B42: Tungt | C42: ='41'!C41+'42'!Q15 -> 1980 | E42: ='41'!E41+'42'!R15 -> 0
A43: Spenst | C43: ='41'!C42+'42'!Q16 -> 480 | E43: ='41'!E42+'42'!R16 -> 0
A44: Hurtighet | C44: ='41'!C43+'42'!Q17 -> 480 | E44: ='41'!E43+'42'!R17 -> 0
A45: Koordinasjon | C45: ='41'!C44+'42'!Q18 -> 1860 | E45: ='41'!E44+'42'!R18 -> 0
A46: Bevegelighet | C46: ='41'!C45+'42'!Q19 -> 810 | E46: ='41'!E45+'42'!R19 -> 0
A47: Rekreasjon | C47: ='41'!C46+'42'!Q20 -> 2100 | E47: ='41'!E46+'42'!R20 -> 0
B48: Sum | C48: =SUM(C34:C47) -> 18200 | E48: =SUM(E34:E47) -> 0

Sheet 43
A1: =Rammeplan!A1 -> TRENINGSDAGBOK-HOVDEN SKIGYMNAS, 2012-2013:
A3: Uke: | B3: 43 | G3: Navn: | H3: ='18'!H3 -> 0
C5: Mandag | E5: Tirsdag | G5: Onsdag | I5: Torsdag | K5: Fredag | M5: Lørdag | O5: Søndag | Q5: Sum
A6: Kvalitet | B6: Form | C6: Plan | D6: ok | E6: Plan | F6: ok | G6: Plan | H6: ok | I6: Plan | J6: ok | K6: Plan | L6: ok | M6: Plan | N6: ok | O6: Plan | P6: ok | Q6: Plan | R6: Trent | S6: Diff. | T6: Feedback
A7: Aerob | B7: Kontinuerlig | Q7: =Rammeplan!AD7 -> 120 | R7: =(C7*D7)+(E7*F7)+(G7*H7)+(I7*J7)+(K7*L7)+(M7*N7)+(O7*P7) -> 0 | S7: =R7-Q7 -> -120
B8: Intervall | Q8: =Rammeplan!AD8 -> 20 | R8: =(C8*D8)+(E8*F8)+(G8*H8)+(I8*J8)+(K8*L8)+(M8*N8)+(O8*P8) -> 0 | S8: =R8-Q8 -> -20
A9: Anaerob | B9: Lokalt | Q9: =Rammeplan!AD9 -> 0 | R9: =(C9*D9)+(E9*F9)+(G9*H9)+(I9*J9)+(K9*L9)+(M9*N9)+(O9*P9) -> 0 | S9: =R9-Q9 -> 0
B10: Generell | Q10: =Rammeplan!AD10 -> 0 | R10: =(C10*D10)+(E10*F10)+(G10*H10)+(I10*J10)+(K10*L10)+(M10*N10)+(O10*P10) -> 0 | S10: =R10-Q10 -> 0
A11: Maks.styrke | B11: Sub.maks. | Q11: =Rammeplan!AD11 -> 120 | R11: =(C11*D11)+(E11*F11)+(G11*H11)+(I11*J11)+(K11*L11)+(M11*N11)+(O11*P11) -> 0 | S11: =R11-Q11 -> -120
B12: Tungt | Q12: =Rammeplan!AD12 -> 0 | R12: =(C12*D12)+(E12*F12)+(G12*H12)+(I12*J12)+(K12*L12)+(M12*N12)+(O12*P12) -> 0 | S12: =R12-Q12 -> 0
B13: Eksplosivt | Q13: =Rammeplan!AD13 -> 0 | R13: =(C13*D13)+(E13*F13)+(G13*H13)+(I13*J13)+(K13*L13)+(M13*N13)+(O13*P13) -> 0 | S13: =R13-Q13 -> 0
A14: Uth.styrke | B14: Sirkel | Q14: =Rammeplan!AD14 -> 60 | R14: =(C14*D14)+(E14*F14)+(G14*H14)+(I14*J14)+(K14*L14)+(M14*N14)+(O14*P14) -> 0 | S14: =R14-Q14 -> -60
B15: Tungt | Q15: =Rammeplan!AD15 -> 60 | R15: =(C15*D15)+(E15*F15)+(G15*H15)+(I15*J15)+(K15*L15)+(M15*N15)+(O15*P15) -> 0 | S15: =R15-Q15 -> -60
A16: Spenst | Q16: =Rammeplan!AD16 -> 20 | R16: =(C16*D16)+(E16*F16)+(G16*H16)+(I16*J16)+(K16*L16)+(M16*N16)+(O16*P16) -> 0 | S16: =R16-Q16 -> -20
A17: Hurtighet | Q17: =Rammeplan!AD17 -> 20 | R17: =(C17*D17)+(E17*F17)+(G17*H17)+(I17*J17)+(K17*L17)+(M17*N17)+(O17*P17) -> 0 | S17: =R17-Q17 -> -20
A18: Koordinasjon | Q18: =Rammeplan!AD18 -> 60 | R18: =(C18*D18)+(E18*F18)+(G18*H18)+(I18*J18)+(K18*L18)+(M18*N18)+(O18*P18) -> 0 | S18: =R18-Q18 -> -60
A19: Bevegelighet | Q19: =Rammeplan!AD19 -> 30 | R19: =(C19*D19)+(E19*F19)+(G19*H19)+(I19*J19)+(K19*L19)+(M19*N19)+(O19*P19) -> 0 | S19: =R19-Q19 -> -30
A20: Rekreasjon | Q20: =Rammeplan!AD20 -> 120 | R20: =(C20*D20)+(E20*F20)+(G20*H20)+(I20*J20)+(K20*L20)+(M20*N20)+(O20*P20) -> 0 | S20: =R20-Q20 -> -120
B21: Sum | C21: =SUM(C7:C20) -> 0 | E21: =SUM(E7:E20) -> 0 | G21: =SUM(G7:G20) -> 0 | I21: =SUM(I7:I20) -> 0 | K21: =SUM(K7:K20) -> 0 | M21: =SUM(M7:M20) -> 0 | O21: =SUM(O7:O20) -> 0 | Q21: =SUM(Q7:Q20) -> 630 | R21: =SUM(R7:R20) -> 0 | S21: =R21-Q21 -> -630
A31: AKKUMULERT
A33: Kvalitet | B33: Form | C33: Plan | E33: Trent
A34: Aerob | B34: Kontinuerlig | C34: ='42'!C34+'43'!Q7 -> 4080 | E34: ='42'!E34+'43'!R7 -> 0
B35: Intervall | C35: ='42'!C35+'43'!Q8 -> 280 | E35: ='42'!E35+'43'!R8 -> 0
A36: Anaerob | B36: Lokalt | C36: ='42'!C36+'43'!Q9 -> 40 | E36: ='42'!E36+'43'!R9 -> 0
B37: Generell | C37: ='42'!C37+'43'!Q10 -> 170 | E37: ='42'!E37+'43'!R10 -> 0
A38: Maks.styrke | B38: Sub.maks. | C38: ='42'!C38+'43'!Q11 -> 2580 | E38: ='42'!E38+'43'!R11 -> 0
B39: Tungt | C39: ='42'!C39+'43'!Q12 -> 540 | E39: ='42'!E39+'43'!R12 -> 0
B40: Eksplosivt | C40: ='42'!C40+'43'!Q13 -> 90 | E40: ='42'!E40+'43'!R13 -> 0
A41: Uth.styrke | B41: Sirkel | C41: ='42'!C41+'43'!Q14 -> 3030 | E41: ='42'!E41+'43'!R14 -> 0
B42: Tungt | C42: ='42'!C42+'43'!Q15 -> 2040 | E42: ='42'!E42+'43'!R15 -> 0
A43: Spenst | C43: ='42'!C43+'43'!Q16 -> 500 | E43: ='42'!E43+'43'!R16 -> 0
A44: Hurtighet | C44: ='42'!C44+'43'!Q17 -> 500 | E44: ='42'!E44+'43'!R17 -> 0
A45: Koordinasjon | C45: ='42'!C45+'43'!Q18 -> 1920 | E45: ='42'!E45+'43'!R18 -> 0
A46: Bevegelighet | C46: ='42'!C46+'43'!Q19 -> 840 | E46: ='42'!E46+'43'!R19 -> 0
A47: Rekreasjon | C47: ='42'!C47+'43'!Q20 -> 2220 | E47: ='42'!E47+'43'!R20 -> 0
B48: Sum | C48: =SUM(C34:C47) -> 18830 | E48: =SUM(E34:E47) -> 0

Sheet 44
A1: =Rammeplan!A1 -> TRENINGSDAGBOK-HOVDEN SKIGYMNAS, 2012-2013:
A3: Uke: | B3: 44 | G3: Navn: | H3: ='18'!H3 -> 0
C5: Mandag | E5: Tirsdag | G5: Onsdag | I5: Torsdag | K5: Fredag | M5: Lørdag | O5: Søndag | Q5: Sum
A6: Kvalitet | B6: Form | C6: Plan | D6: ok | E6: Plan | F6: ok | G6: Plan | H6: ok | I6: Plan | J6: ok | K6: Plan | L6: ok | M6: Plan | N6: ok | O6: Plan | P6: ok | Q6: Plan | R6: Trent | S6: Diff. | T6: Feedback
A7: Aerob | B7: Kontinuerlig | Q7: =Rammeplan!AE7 -> 120 | R7: =(C7*D7)+(E7*F7)+(G7*H7)+(I7*J7)+(K7*L7)+(M7*N7)+(O7*P7) -> 0 | S7: =R7-Q7 -> -120
B8: Intervall | Q8: =Rammeplan!AE8 -> 0 | R8: =(C8*D8)+(E8*F8)+(G8*H8)+(I8*J8)+(K8*L8)+(M8*N8)+(O8*P8) -> 0 | S8: =R8-Q8 -> 0
A9: Anaerob | B9: Lokalt | Q9: =Rammeplan!AE9 -> 20 | R9: =(C9*D9)+(E9*F9)+(G9*H9)+(I9*J9)+(K9*L9)+(M9*N9)+(O9*P9) -> 0 | S9: =R9-Q9 -> -20
B10: Generell | Q10: =Rammeplan!AE10 -> 20 | R10: =(C10*D10)+(E10*F10)+(G10*H10)+(I10*J10)+(K10*L10)+(M10*N10)+(O10*P10) -> 0 | S10: =R10-Q10 -> -20
A11: Maks.styrke | B11: Sub.maks. | Q11: =Rammeplan!AE11 -> 120 | R11: =(C11*D11)+(E11*F11)+(G11*H11)+(I11*J11)+(K11*L11)+(M11*N11)+(O11*P11) -> 0 | S11: =R11-Q11 -> -120
B12: Tungt | Q12: =Rammeplan!AE12 -> 60 | R12: =(C12*D12)+(E12*F12)+(G12*H12)+(I12*J12)+(K12*L12)+(M12*N12)+(O12*P12) -> 0 | S12: =R12-Q12 -> -60
B13: Eksplosivt | Q13: =Rammeplan!AE13 -> 30 | R13: =(C13*D13)+(E13*F13)+(G13*H13)+(I13*J13)+(K13*L13)+(M13*N13)+(O13*P13) -> 0 | S13: =R13-Q13 -> -30
A14: Uth.styrke | B14: Sirkel | Q14: =Rammeplan!AE14 -> 60 | R14: =(C14*D14)+(E14*F14)+(G14*H14)+(I14*J14)+(K14*L14)+(M14*N14)+(O14*P14) -> 0 | S14: =R14-Q14 -> -60
B15: Tungt | Q15: =Rammeplan!AE15 -> 120 | R15: =(C15*D15)+(E15*F15)+(G15*H15)+(I15*J15)+(K15*L15)+(M15*N15)+(O15*P15) -> 0 | S15: =R15-Q15 -> -120
A16: Spenst | Q16: =Rammeplan!AE16 -> 60 | R16: =(C16*D16)+(E16*F16)+(G16*H16)+(I16*J16)+(K16*L16)+(M16*N16)+(O16*P16) -> 0 | S16: =R16-Q16 -> -60
A17: Hurtighet | Q17: =Rammeplan!AE17 -> 60 | R17: =(C17*D17)+(E17*F17)+(G17*H17)+(I17*J17)+(K17*L17)+(M17*N17)+(O17*P17) -> 0 | S17: =R17-Q17 -> -60
A18: Koordinasjon | Q18: =Rammeplan!AE18 -> 60 | R18: =(C18*D18)+(E18*F18)+(G18*H18)+(I18*J18)+(K18*L18)+(M18*N18)+(O18*P18) -> 0 | S18: =R18-Q18 -> -60
A19: Bevegelighet | Q19: =Rammeplan!AE19 -> 30 | R19: =(C19*D19)+(E19*F19)+(G19*H19)+(I19*J19)+(K19*L19)+(M19*N19)+(O19*P19) -> 0 | S19: =R19-Q19 -> -30
A20: Rekreasjon | Q20: =Rammeplan!AE20 -> 120 | R20: =(C20*D20)+(E20*F20)+(G20*H20)+(I20*J20)+(K20*L20)+(M20*N20)+(O20*P20) -> 0 | S20: =R20-Q20 -> -120
B21: Sum | C21: =SUM(C7:C20) -> 0 | E21: =SUM(E7:E20) -> 0 | G21: =SUM(G7:G20) -> 0 | I21: =SUM(I7:I20) -> 0 | K21: =SUM(K7:K20) -> 0 | M21: =SUM(M7:M20) -> 0 | O21: =SUM(O7:O20) -> 0 | Q21: =SUM(Q7:Q20) -> 880 | R21: =SUM(R7:R20) -> 0 | S21: =R21-Q21 -> -880
A31: AKKUMULERT
A33: Kvalitet | B33: Form | C33: Plan | E33: Trent
A34: Aerob | B34: Kontinuerlig | C34: ='43'!C34+'44'!Q7 -> 4200 | E34: ='43'!E34+'44'!R7 -> 0
B35: Intervall | C35: ='43'!C35+'44'!Q8 -> 280 | E35: ='43'!E35+'44'!R8 -> 0
A36: Anaerob | B36: Lokalt | C36: ='43'!C36+'44'!Q9 -> 60 | E36: ='43'!E36+'44'!R9 -> 0
B37: Generell | C37: ='43'!C37+'44'!Q10 -> 190 | E37: ='43'!E37+'44'!R10 -> 0
A38: Maks.styrke | B38: Sub.maks. | C38: ='43'!C38+'44'!Q11 -> 2700 | E38: ='43'!E38+'44'!R11 -> 0
B39: Tungt | C39: ='43'!C39+'44'!Q12 -> 600 | E39: ='43'!E39+'44'!R12 -> 0
B40: Eksplosivt | C40: ='43'!C40+'44'!Q13 -> 120 | E40: ='43'!E40+'44'!R13 -> 0
A41: Uth.styrke | B41: Sirkel | C41: ='43'!C41+'44'!Q14 -> 3090 | E41: ='43'!E41+'44'!R14 -> 0
B42: Tungt | C42: ='43'!C42+'44'!Q15 -> 2160 | E42: ='43'!E42+'44'!R15 -> 0
A43: Spenst | C43: ='43'!C43+'44'!Q16 -> 560 | E43: ='43'!E43+'44'!R16 -> 0
A44: Hurtighet | C44: ='43'!C44+'44'!Q17 -> 560 | E44: ='43'!E44+'44'!R17 -> 0
A45: Koordinasjon | C45: ='43'!C45+'44'!Q18 -> 1980 | E45: ='43'!E45+'44'!R18 -> 0
A46: Bevegelighet | C46: ='43'!C46+'44'!Q19 -> 870 | E46: ='43'!E46+'44'!R19 -> 0
A47: Rekreasjon | C47: ='43'!C47+'44'!Q20 -> 2340 | E47: ='43'!E47+'44'!R20 -> 0
B48: Sum | C48: =SUM(C34:C47) -> 19710 | E48: =SUM(E34:E47) -> 0

Sheet 45
A1: =Rammeplan!A1 -> TRENINGSDAGBOK-HOVDEN SKIGYMNAS, 2012-2013:
A3: Uke: | B3: 45 | G3: Navn: | H3: ='18'!H3 -> 0
C5: Mandag | E5: Tirsdag | G5: Onsdag | I5: Torsdag | K5: Fredag | M5: Lørdag | O5: Søndag | Q5: Sum
A6: Kvalitet | B6: Form | C6: Plan | D6: ok | E6: Plan | F6: ok | G6: Plan | H6: ok | I6: Plan | J6: ok | K6: Plan | L6: ok | M6: Plan | N6: ok | O6: Plan | P6: ok | Q6: Plan | R6: Trent | S6: Diff. | T6: Feedback
A7: Aerob | B7: Kontinuerlig | Q7: =Rammeplan!AF7 -> 120 | R7: =(C7*D7)+(E7*F7)+(G7*H7)+(I7*J7)+(K7*L7)+(M7*N7)+(O7*P7) -> 0 | S7: =R7-Q7 -> -120
B8: Intervall | Q8: =Rammeplan!AF8 -> 0 | R8: =(C8*D8)+(E8*F8)+(G8*H8)+(I8*J8)+(K8*L8)+(M8*N8)+(O8*P8) -> 0 | S8: =R8-Q8 -> 0
A9: Anaerob | B9: Lokalt | Q9: =Rammeplan!AF9 -> 0 | R9: =(C9*D9)+(E9*F9)+(G9*H9)+(I9*J9)+(K9*L9)+(M9*N9)+(O9*P9) -> 0 | S9: =R9-Q9 -> 0
B10: Generell | Q10: =Rammeplan!AF10 -> 0 | R10: =(C10*D10)+(E10*F10)+(G10*H10)+(I10*J10)+(K10*L10)+(M10*N10)+(O10*P10) -> 0 | S10: =R10-Q10 -> 0
A11: Maks.styrke | B11: Sub.maks. | Q11: =Rammeplan!AF11 -> 60 | R11: =(C11*D11)+(E11*F11)+(G11*H11)+(I11*J11)+(K11*L11)+(M11*N11)+(O11*P11) -> 0 | S11: =R11-Q11 -> -60
B12: Tungt | Q12: =Rammeplan!AF12 -> 0 | R12: =(C12*D12)+(E12*F12)+(G12*H12)+(I12*J12)+(K12*L12)+(M12*N12)+(O12*P12) -> 0 | S12: =R12-Q12 -> 0
B13: Eksplosivt | Q13: =Rammeplan!AF13 -> 30 | R13: =(C13*D13)+(E13*F13)+(G13*H13)+(I13*J13)+(K13*L13)+(M13*N13)+(O13*P13) -> 0 | S13: =R13-Q13 -> -30
A14: Uth.styrke | B14: Sirkel | Q14: =Rammeplan!AF14 -> 120 | R14: =(C14*D14)+(E14*F14)+(G14*H14)+(I14*J14)+(K14*L14)+(M14*N14)+(O14*P14) -> 0 | S14: =R14-Q14 -> -120
B15: Tungt | Q15: =Rammeplan!AF15 -> 0 | R15: =(C15*D15)+(E15*F15)+(G15*H15)+(I15*J15)+(K15*L15)+(M15*N15)+(O15*P15) -> 0 | S15: =R15-Q15 -> 0
A16: Spenst | Q16: =Rammeplan!AF16 -> 20 | R16: =(C16*D16)+(E16*F16)+(G16*H16)+(I16*J16)+(K16*L16)+(M16*N16)+(O16*P16) -> 0 | S16: =R16-Q16 -> -20
A17: Hurtighet | Q17: =Rammeplan!AF17 -> 20 | R17: =(C17*D17)+(E17*F17)+(G17*H17)+(I17*J17)+(K17*L17)+(M17*N17)+(O17*P17) -> 0 | S17: =R17-Q17 -> -20
A18: Koordinasjon | Q18: =Rammeplan!AF18 -> 0 | R18: =(C18*D18)+(E18*F18)+(G18*H18)+(I18*J18)+(K18*L18)+(M18*N18)+(O18*P18) -> 0 | S18: =R18-Q18 -> 0
A19: Bevegelighet | Q19: =Rammeplan!AF19 -> 30 | R19: =(C19*D19)+(E19*F19)+(G19*H19)+(I19*J19)+(K19*L19)+(M19*N19)+(O19*P19) -> 0 | S19: =R19-Q19 -> -30
A20: Rekreasjon | Q20: =Rammeplan!AF20 -> 60 | R20: =(C20*D20)+(E20*F20)+(G20*H20)+(I20*J20)+(K20*L20)+(M20*N20)+(O20*P20) -> 0 | S20: =R20-Q20 -> -60
B21: Sum | C21: =SUM(C7:C20) -> 0 | E21: =SUM(E7:E20) -> 0 | G21: =SUM(G7:G20) -> 0 | I21: =SUM(I7:I20) -> 0 | K21: =SUM(K7:K20) -> 0 | M21: =SUM(M7:M20) -> 0 | O21: =SUM(O7:O20) -> 0 | Q21: =SUM(Q7:Q20) -> 460 | R21: =SUM(R7:R20) -> 0 | S21: =R21-Q21 -> -460
A31: AKKUMULERT
A33: Kvalitet | B33: Form | C33: Plan | E33: Trent
A34: Aerob | B34: Kontinuerlig | C34: ='44'!C34+'45'!Q7 -> 4320 | E34: ='44'!E34+'45'!R7 -> 0
B35: Intervall | C35: ='44'!C35+'45'!Q8 -> 280 | E35: ='44'!E35+'45'!R8 -> 0
A36: Anaerob | B36: Lokalt | C36: ='44'!C36+'45'!Q9 -> 60 | E36: ='44'!E36+'45'!R9 -> 0
B37: Generell | C37: ='44'!C37+'45'!Q10 -> 190 | E37: ='44'!E37+'45'!R10 -> 0
A38: Maks.styrke | B38: Sub.maks. | C38: ='44'!C38+'45'!Q11 -> 2760 | E38: ='44'!E38+'45'!R11 -> 0
B39: Tungt | C39: ='44'!C39+'45'!Q12 -> 600 | E39: ='44'!E39+'45'!R12 -> 0
B40: Eksplosivt | C40: ='44'!C40+'45'!Q13 -> 150 | E40: ='44'!E40+'45'!R13 -> 0
A41: Uth.styrke | B41: Sirkel | C41: ='44'!C41+'45'!Q14 -> 3210 | E41: ='44'!E41+'45'!R14 -> 0
B42: Tungt | C42: ='44'!C42+'45'!Q15 -> 2160 | E42: ='44'!E42+'45'!R15 -> 0
A43: Spenst | C43: ='44'!C43+'45'!Q16 -> 580 | E43: ='44'!E43+'45'!R16 -> 0
A44: Hurtighet | C44: ='44'!C44+'45'!Q17 -> 580 | E44: ='44'!E44+'45'!R17 -> 0
A45: Koordinasjon | C45: ='44'!C45+'45'!Q18 -> 1980 | E45: ='44'!E45+'45'!R18 -> 0
A46: Bevegelighet | C46: ='44'!C46+'45'!Q19 -> 900 | E46: ='44'!E46+'45'!R19 -> 0
A47: Rekreasjon | C47: ='44'!C47+'45'!Q20 -> 2400 | E47: ='44'!E47+'45'!R20 -> 0
B48: Sum | C48: =SUM(C34:C47) -> 20170 | E48: =SUM(E34:E47) -> 0

Sheet 46
A1: =Rammeplan!A1 -> TRENINGSDAGBOK-HOVDEN SKIGYMNAS, 2012-2013:
A3: Uke: | B3: 46 | G3: Navn: | H3: ='18'!H3 -> 0
C5: Mandag | E5: Tirsdag | G5: Onsdag | I5: Torsdag | K5: Fredag | M5: Lørdag | O5: Søndag | Q5: Sum
A6: Kvalitet | B6: Form | C6: Plan | D6: ok | E6: Plan | F6: ok | G6: Plan | H6: ok | I6: Plan | J6: ok | K6: Plan | L6: ok | M6: Plan | N6: ok | O6: Plan | P6: ok | Q6: Plan | R6: Trent | S6: Diff. | T6: Feedback
A7: Aerob | B7: Kontinuerlig | Q7: =Rammeplan!AG7 -> 120 | R7: =(C7*D7)+(E7*F7)+(G7*H7)+(I7*J7)+(K7*L7)+(M7*N7)+(O7*P7) -> 0 | S7: =R7-Q7 -> -120
B8: Intervall | Q8: =Rammeplan!AG8 -> 0 | R8: =(C8*D8)+(E8*F8)+(G8*H8)+(I8*J8)+(K8*L8)+(M8*N8)+(O8*P8) -> 0 | S8: =R8-Q8 -> 0
A9: Anaerob | B9: Lokalt | Q9: =Rammeplan!AG9 -> 0 | R9: =(C9*D9)+(E9*F9)+(G9*H9)+(I9*J9)+(K9*L9)+(M9*N9)+(O9*P9) -> 0 | S9: =R9-Q9 -> 0
B10: Generell | Q10: =Rammeplan!AG10 -> 0 | R10: =(C10*D10)+(E10*F10)+(G10*H10)+(I10*J10)+(K10*L10)+(M10*N10)+(O10*P10) -> 0 | S10: =R10-Q10 -> 0
A11: Maks.styrke | B11: Sub.maks. | Q11: =Rammeplan!AG11 -> 60 | R11: =(C11*D11)+(E11*F11)+(G11*H11)+(I11*J11)+(K11*L11)+(M11*N11)+(O11*P11) -> 0 | S11: =R11-Q11 -> -60
B12: Tungt | Q12: =Rammeplan!AG12 -> 0 | R12: =(C12*D12)+(E12*F12)+(G12*H12)+(I12*J12)+(K12*L12)+(M12*N12)+(O12*P12) -> 0 | S12: =R12-Q12 -> 0
B13: Eksplosivt | Q13: =Rammeplan!AG13 -> 30 | R13: =(C13*D13)+(E13*F13)+(G13*H13)+(I13*J13)+(K13*L13)+(M13*N13)+(O13*P13) -> 0 | S13: =R13-Q13 -> -30
A14: Uth.styrke | B14: Sirkel | Q14: =Rammeplan!AG14 -> 120 | R14: =(C14*D14)+(E14*F14)+(G14*H14)+(I14*J14)+(K14*L14)+(M14*N14)+(O14*P14) -> 0 | S14: =R14-Q14 -> -120
B15: Tungt | Q15: =Rammeplan!AG15 -> 0 | R15: =(C15*D15)+(E15*F15)+(G15*H15)+(I15*J15)+(K15*L15)+(M15*N15)+(O15*P15) -> 0 | S15: =R15-Q15 -> 0
A16: Spenst | Q16: =Rammeplan!AG16 -> 20 | R16: =(C16*D16)+(E16*F16)+(G16*H16)+(I16*J16)+(K16*L16)+(M16*N16)+(O16*P16) -> 0 | S16: =R16-Q16 -> -20
A17: Hurtighet | Q17: =Rammeplan!AG17 -> 20 | R17: =(C17*D17)+(E17*F17)+(G17*H17)+(I17*J17)+(K17*L17)+(M17*N17)+(O17*P17) -> 0 | S17: =R17-Q17 -> -20
A18: Koordinasjon | Q18: =Rammeplan!AG18 -> 0 | R18: =(C18*D18)+(E18*F18)+(G18*H18)+(I18*J18)+(K18*L18)+(M18*N18)+(O18*P18) -> 0 | S18: =R18-Q18 -> 0
A19: Bevegelighet | Q19: =Rammeplan!AG19 -> 30 | R19: =(C19*D19)+(E19*F19)+(G19*H19)+(I19*J19)+(K19*L19)+(M19*N19)+(O19*P19) -> 0 | S19: =R19-Q19 -> -30
A20: Rekreasjon | Q20: =Rammeplan!AG20 -> 60 | R20: =(C20*D20)+(E20*F20)+(G20*H20)+(I20*J20)+(K20*L20)+(M20*N20)+(O20*P20) -> 0 | S20: =R20-Q20 -> -60
B21: Sum | C21: =SUM(C7:C20) -> 0 | E21: =SUM(E7:E20) -> 0 | G21: =SUM(G7:G20) -> 0 | I21: =SUM(I7:I20) -> 0 | K21: =SUM(K7:K20) -> 0 | M21: =SUM(M7:M20) -> 0 | O21: =SUM(O7:O20) -> 0 | Q21: =SUM(Q7:Q20) -> 460 | R21: =SUM(R7:R20) -> 0 | S21: =R21-Q21 -> -460
A31: AKKUMULERT
A33: Kvalitet | B33: Form | C33: Plan | E33: Trent
A34: Aerob | B34: Kontinuerlig | C34: ='45'!C34+'46'!Q7 -> 4440 | E34: ='45'!E34+'46'!R7 -> 0
B35: Intervall | C35: ='45'!C35+'46'!Q8 -> 280 | E35: ='45'!E35+'46'!R8 -> 0
A36: Anaerob | B36: Lokalt | C36: ='45'!C36+'46'!Q9 -> 60 | E36: ='45'!E36+'46'!R9 -> 0
B37: Generell | C37: ='45'!C37+'46'!Q10 -> 190 | E37: ='45'!E37+'46'!R10 -> 0
A38: Maks.styrke | B38: Sub.maks. | C38: ='45'!C38+'46'!Q11 -> 2820 | E38: ='45'!E38+'46'!R11 -> 0
B39: Tungt | C39: ='45'!C39+'46'!Q12 -> 600 | E39: ='45'!E39+'46'!R12 -> 0
B40: Eksplosivt | C40: ='45'!C40+'46'!Q13 -> 180 | E40: ='45'!E40+'46'!R13 -> 0
A41: Uth.styrke | B41: Sirkel | C41: ='45'!C41+'46'!Q14 -> 3330 | E41: ='45'!E41+'46'!R14 -> 0
B42: Tungt | C42: ='45'!C42+'46'!Q15 -> 2160 | E42: ='45'!E42+'46'!R15 -> 0
A43: Spenst | C43: ='45'!C43+'46'!Q16 -> 600 | E43: ='45'!E43+'46'!R16 -> 0
A44: Hurtighet | C44: ='45'!C44+'46'!Q17 -> 600 | E44: ='45'!E44+'46'!R17 -> 0
A45: Koordinasjon | C45: ='45'!C45+'46'!Q18 -> 1980 | E45: ='45'!E45+'46'!R18 -> 0
A46: Bevegelighet | C46: ='45'!C46+'46'!Q19 -> 930 | E46: ='45'!E46+'46'!R19 -> 0
A47: Rekreasjon | C47: ='45'!C47+'46'!Q20 -> 2460 | E47: ='45'!E47+'46'!R20 -> 0
B48: Sum | C48: =SUM(C34:C47) -> 20630 | E48: =SUM(E34:E47) -> 0

Sheet 47
A1: =Rammeplan!A1 -> TRENINGSDAGBOK-HOVDEN SKIGYMNAS, 2012-2013:
A3: Uke: | B3: 47 | G3: Navn: | H3: ='18'!H3 -> 0
C5: Mandag | E5: Tirsdag | G5: Onsdag | I5: Torsdag | K5: Fredag | M5: Lørdag | O5: Søndag | Q5: Sum
A6: Kvalitet | B6: Form | C6: Plan | D6: ok | E6: Plan | F6: ok | G6: Plan | H6: ok | I6: Plan | J6: ok | K6: Plan | L6: ok | M6: Plan | N6: ok | O6: Plan | P6: ok | Q6: Plan | R6: Trent | S6: Diff. | T6: Feedback
A7: Aerob | B7: Kontinuerlig | Q7: =Rammeplan!AH7 -> 120 | R7: =(C7*D7)+(E7*F7)+(G7*H7)+(I7*J7)+(K7*L7)+(M7*N7)+(O7*P7) -> 0 | S7: =R7-Q7 -> -120
B8: Intervall | Q8: =Rammeplan!AH8 -> 0 | R8: =(C8*D8)+(E8*F8)+(G8*H8)+(I8*J8)+(K8*L8)+(M8*N8)+(O8*P8) -> 0 | S8: =R8-Q8 -> 0
A9: Anaerob | B9: Lokalt | Q9: =Rammeplan!AH9 -> 0 | R9: =(C9*D9)+(E9*F9)+(G9*H9)+(I9*J9)+(K9*L9)+(M9*N9)+(O9*P9) -> 0 | S9: =R9-Q9 -> 0
B10: Generell | Q10: =Rammeplan!AH10 -> 0 | R10: =(C10*D10)+(E10*F10)+(G10*H10)+(I10*J10)+(K10*L10)+(M10*N10)+(O10*P10) -> 0 | S10: =R10-Q10 -> 0
A11: Maks.styrke | B11: Sub.maks. | Q11: =Rammeplan!AH11 -> 60 | R11: =(C11*D11)+(E11*F11)+(G11*H11)+(I11*J11)+(K11*L11)+(M11*N11)+(O11*P11) -> 0 | S11: =R11-Q11 -> -60
B12: Tungt | Q12: =Rammeplan!AH12 -> 0 | R12: =(C12*D12)+(E12*F12)+(G12*H12)+(I12*J12)+(K12*L12)+(M12*N12)+(O12*P12) -> 0 | S12: =R12-Q12 -> 0
B13: Eksplosivt | Q13: =Rammeplan!AH13 -> 30 | R13: =(C13*D13)+(E13*F13)+(G13*H13)+(I13*J13)+(K13*L13)+(M13*N13)+(O13*P13) -> 0 | S13: =R13-Q13 -> -30
A14: Uth.styrke | B14: Sirkel | Q14: =Rammeplan!AH14 -> 120 | R14: =(C14*D14)+(E14*F14)+(G14*H14)+(I14*J14)+(K14*L14)+(M14*N14)+(O14*P14) -> 0 | S14: =R14-Q14 -> -120
B15: Tungt | Q15: =Rammeplan!AH15 -> 0 | R15: =(C15*D15)+(E15*F15)+(G15*H15)+(I15*J15)+(K15*L15)+(M15*N15)+(O15*P15) -> 0 | S15: =R15-Q15 -> 0
A16: Spenst | Q16: =Rammeplan!AH16 -> 20 | R16: =(C16*D16)+(E16*F16)+(G16*H16)+(I16*J16)+(K16*L16)+(M16*N16)+(O16*P16) -> 0 | S16: =R16-Q16 -> -20
A17: Hurtighet | Q17: =Rammeplan!AH17 -> 20 | R17: =(C17*D17)+(E17*F17)+(G17*H17)+(I17*J17)+(K17*L17)+(M17*N17)+(O17*P17) -> 0 | S17: =R17-Q17 -> -20
A18: Koordinasjon | Q18: =Rammeplan!AH18 -> 0 | R18: =(C18*D18)+(E18*F18)+(G18*H18)+(I18*J18)+(K18*L18)+(M18*N18)+(O18*P18) -> 0 | S18: =R18-Q18 -> 0
A19: Bevegelighet | Q19: =Rammeplan!AH19 -> 30 | R19: =(C19*D19)+(E19*F19)+(G19*H19)+(I19*J19)+(K19*L19)+(M19*N19)+(O19*P19) -> 0 | S19: =R19-Q19 -> -30
A20: Rekreasjon | Q20: =Rammeplan!AH20 -> 60 | R20: =(C20*D20)+(E20*F20)+(G20*H20)+(I20*J20)+(K20*L20)+(M20*N20)+(O20*P20) -> 0 | S20: =R20-Q20 -> -60
B21: Sum | C21: =SUM(C7:C20) -> 0 | E21: =SUM(E7:E20) -> 0 | G21: =SUM(G7:G20) -> 0 | I21: =SUM(I7:I20) -> 0 | K21: =SUM(K7:K20) -> 0 | M21: =SUM(M7:M20) -> 0 | O21: =SUM(O7:O20) -> 0 | Q21: =SUM(Q7:Q20) -> 460 | R21: =SUM(R7:R20) -> 0 | S21: =R21-Q21 -> -460
A31: AKKUMULERT
A33: Kvalitet | B33: Form | C33: Plan | E33: Trent
A34: Aerob | B34: Kontinuerlig | C34: ='46'!C34+'47'!Q7 -> 4560 | E34: ='46'!E34+'47'!R7 -> 0
B35: Intervall | C35: ='46'!C35+'47'!Q8 -> 280 | E35: ='46'!E35+'47'!R8 -> 0
A36: Anaerob | B36: Lokalt | C36: ='46'!C36+'47'!Q9 -> 60 | E36: ='46'!E36+'47'!R9 -> 0
B37: Generell | C37: ='46'!C37+'47'!Q10 -> 190 | E37: ='46'!E37+'47'!R10 -> 0
A38: Maks.styrke | B38: Sub.maks. | C38: ='46'!C38+'47'!Q11 -> 2880 | E38: ='46'!E38+'47'!R11 -> 0
B39: Tungt | C39: ='46'!C39+'47'!Q12 -> 600 | E39: ='46'!E39+'47'!R12 -> 0
B40: Eksplosivt | C40: ='46'!C40+'47'!Q13 -> 210 | E40: ='46'!E40+'47'!R13 -> 0
A41: Uth.styrke | B41: Sirkel | C41: ='46'!C41+'47'!Q14 -> 3450 | E41: ='46'!E41+'47'!R14 -> 0
B42: Tungt | C42: ='46'!C42+'47'!Q15 -> 2160 | E42: ='46'!E42+'47'!R15 -> 0
A43: Spenst | C43: ='46'!C43+'47'!Q16 -> 620 | E43: ='46'!E43+'47'!R16 -> 0
A44: Hurtighet | C44: ='46'!C44+'47'!Q17 -> 620 | E44: ='46'!E44+'47'!R17 -> 0
A45: Koordinasjon | C45: ='46'!C45+'47'!Q18 -> 1980 | E45: ='46'!E45+'47'!R18 -> 0
A46: Bevegelighet | C46: ='46'!C46+'47'!Q19 -> 960 | E46: ='46'!E46+'47'!R19 -> 0
A47: Rekreasjon | C47: ='46'!C47+'47'!Q20 -> 2520 | E47: ='46'!E47+'47'!R20 -> 0
B48: Sum | C48: =SUM(C34:C47) -> 21090 | E48: =SUM(E34:E47) -> 0

Sheet 48
A1: =Rammeplan!A1 -> TRENINGSDAGBOK-HOVDEN SKIGYMNAS, 2012-2013:
A3: Uke: | B3: 48 | G3: Navn: | H3: ='18'!H3 -> 0
C5: Mandag | E5: Tirsdag | G5: Onsdag | I5: Torsdag | K5: Fredag | M5: Lørdag | O5: Søndag | Q5: Sum
A6: Kvalitet | B6: Form | C6: Plan | D6: ok | E6: Plan | F6: ok | G6: Plan | H6: ok | I6: Plan | J6: ok | K6: Plan | L6: ok | M6: Plan | N6: ok | O6: Plan | P6: ok | Q6: Plan | R6: Trent | S6: Diff. | T6: Feedback
A7: Aerob | B7: Kontinuerlig | Q7: =Rammeplan!AI7 -> 120 | R7: =(C7*D7)+(E7*F7)+(G7*H7)+(I7*J7)+(K7*L7)+(M7*N7)+(O7*P7) -> 0 | S7: =R7-Q7 -> -120
B8: Intervall | Q8: =Rammeplan!AI8 -> 0 | R8: =(C8*D8)+(E8*F8)+(G8*H8)+(I8*J8)+(K8*L8)+(M8*N8)+(O8*P8) -> 0 | S8: =R8-Q8 -> 0
A9: Anaerob | B9: Lokalt | Q9: =Rammeplan!AI9 -> 0 | R9: =(C9*D9)+(E9*F9)+(G9*H9)+(I9*J9)+(K9*L9)+(M9*N9)+(O9*P9) -> 0 | S9: =R9-Q9 -> 0
B10: Generell | Q10: =Rammeplan!AI10 -> 0 | R10: =(C10*D10)+(E10*F10)+(G10*H10)+(I10*J10)+(K10*L10)+(M10*N10)+(O10*P10) -> 0 | S10: =R10-Q10 -> 0
A11: Maks.styrke | B11: Sub.maks. | Q11: =Rammeplan!AI11 -> 60 | R11: =(C11*D11)+(E11*F11)+(G11*H11)+(I11*J11)+(K11*L11)+(M11*N11)+(O11*P11) -> 0 | S11: =R11-Q11 -> -60
B12: Tungt | Q12: =Rammeplan!AI12 -> 0 | R12: =(C12*D12)+(E12*F12)+(G12*H12)+(I12*J12)+(K12*L12)+(M12*N12)+(O12*P12) -> 0 | S12: =R12-Q12 -> 0
B13: Eksplosivt | Q13: =Rammeplan!AI13 -> 30 | R13: =(C13*D13)+(E13*F13)+(G13*H13)+(I13*J13)+(K13*L13)+(M13*N13)+(O13*P13) -> 0 | S13: =R13-Q13 -> -30
A14: Uth.styrke | B14: Sirkel | Q14: =Rammeplan!AI14 -> 60 | R14: =(C14*D14)+(E14*F14)+(G14*H14)+(I14*J14)+(K14*L14)+(M14*N14)+(O14*P14) -> 0 | S14: =R14-Q14 -> -60
B15: Tungt | Q15: =Rammeplan!AI15 -> 60 | R15: =(C15*D15)+(E15*F15)+(G15*H15)+(I15*J15)+(K15*L15)+(M15*N15)+(O15*P15) -> 0 | S15: =R15-Q15 -> -60
A16: Spenst | Q16: =Rammeplan!AI16 -> 40 | R16: =(C16*D16)+(E16*F16)+(G16*H16)+(I16*J16)+(K16*L16)+(M16*N16)+(O16*P16) -> 0 | S16: =R16-Q16 -> -40
A17: Hurtighet | Q17: =Rammeplan!AI17 -> 40 | R17: =(C17*D17)+(E17*F17)+(G17*H17)+(I17*J17)+(K17*L17)+(M17*N17)+(O17*P17) -> 0 | S17: =R17-Q17 -> -40
A18: Koordinasjon | Q18: =Rammeplan!AI18 -> 0 | R18: =(C18*D18)+(E18*F18)+(G18*H18)+(I18*J18)+(K18*L18)+(M18*N18)+(O18*P18) -> 0 | S18: =R18-Q18 -> 0
A19: Bevegelighet | Q19: =Rammeplan!AI19 -> 30 | R19: =(C19*D19)+(E19*F19)+(G19*H19)+(I19*J19)+(K19*L19)+(M19*N19)+(O19*P19) -> 0 | S19: =R19-Q19 -> -30
A20: Rekreasjon | Q20: =Rammeplan!AI20 -> 60 | R20: =(C20*D20)+(E20*F20)+(G20*H20)+(I20*J20)+(K20*L20)+(M20*N20)+(O20*P20) -> 0 | S20: =R20-Q20 -> -60
B21: Sum | C21: =SUM(C7:C20) -> 0 | E21: =SUM(E7:E20) -> 0 | G21: =SUM(G7:G20) -> 0 | I21: =SUM(I7:I20) -> 0 | K21: =SUM(K7:K20) -> 0 | M21: =SUM(M7:M20) -> 0 | O21: =SUM(O7:O20) -> 0 | Q21: =SUM(Q7:Q20) -> 500 | R21: =SUM(R7:R20) -> 0 | S21: =R21-Q21 -> -500
A31: AKKUMULERT
A33: Kvalitet | B33: Form | C33: Plan | E33: Trent
A34: Aerob | B34: Kontinuerlig | C34: ='47'!C34+'48'!Q7 -> 4680 | E34: ='47'!E34+'48'!R7 -> 0
B35: Intervall | C35: ='47'!C35+'48'!Q8 -> 280 | E35: ='47'!E35+'48'!R8 -> 0
A36: Anaerob | B36: Lokalt | C36: ='47'!C36+'48'!Q9 -> 60 | E36: ='47'!E36+'48'!R9 -> 0
B37: Generell | C37: ='47'!C37+'48'!Q10 -> 190 | E37: ='47'!E37+'48'!R10 -> 0
A38: Maks.styrke | B38: Sub.maks. | C38: ='47'!C38+'48'!Q11 -> 2940 | E38: ='47'!E38+'48'!R11 -> 0
B39: Tungt | C39: ='47'!C39+'48'!Q12 -> 600 | E39: ='47'!E39+'48'!R12 -> 0
B40: Eksplosivt | C40: ='47'!C40+'48'!Q13 -> 240 | E40: ='47'!E40+'48'!R13 -> 0
A41: Uth.styrke | B41: Sirkel | C41: ='47'!C41+'48'!Q14 -> 3510 | E41: ='47'!E41+'48'!R14 -> 0
B42: Tungt | C42: ='47'!C42+'48'!Q15 -> 2220 | E42: ='47'!E42+'48'!R15 -> 0
A43: Spenst | C43: ='47'!C43+'48'!Q16 -> 660 | E43: ='47'!E43+'48'!R16 -> 0
A44: Hurtighet | C44: ='47'!C44+'48'!Q17 -> 660 | E44: ='47'!E44+'48'!R17 -> 0
A45: Koordinasjon | C45: ='47'!C45+'48'!Q18 -> 1980 | E45: ='47'!E45+'48'!R18 -> 0
A46: Bevegelighet | C46: ='47'!C46+'48'!Q19 -> 990 | E46: ='47'!E46+'48'!R19 -> 0
A47: Rekreasjon | C47: ='47'!C47+'48'!Q20 -> 2580 | E47: ='47'!E47+'48'!R20 -> 0
B48: Sum | C48: =SUM(C34:C47) -> 21590 | E48: =SUM(E34:E47) -> 0
