Workbook

Sheet Data
A3: Table 10: Grain Barge Movements
A4: Source: U.S. Army Corps of Engineers
H5: % change | I5: % change | J5: % change | R5: % change | S5: % change | T5: % change | AB5: % change | AC5: % change | AD5: % change | AL5: % change | AM5: % change | AN5: % change | AV5: % change | AW5: % change | AX5: % change | AZ5: Weekly Totals (1000 tons)
B6: Corn Volumes | G6: 3-year avg of | H6: this week to | I6: last 4-weeks | J6: last 4-weeks | L6: Wheat Volumes | Q6: 3-year avg of | R6: this week to | S6: last 4-weeks | T6: last 4-weeks | V6: Soybean Volumes | AA6: 3-year avg of | AB6: this week to | AC6: last 4-weeks | AD6: last 4-weeks | AF6: Other Grain Volumes | AK6: 3-year avg of | AL6: this week to | AM6: last 4-weeks | AN6: last 4-weeks | AP6: Total Grain Volumes | AU6: 3-year avg of | AV6: this week to | AW6: last 4-weeks | AX6: last 4-weeks | AZ6: Corn | BA6: Wheat | BB6: Soybean | BC6: Other | BD6: Total | BE6: Corn | BF6: Wheat | BG6: Soybean | BH6: Other | BI6: Total
B7: Mississippi | C7: Ohio | D7: Arkansas | E7: Total | F7: 4-week | G7: 4-week | H7: same week | I7: to same 4-weeks | J7: to 3-year | L7: Mississippi | M7: Ohio | N7: Arkansas | O7: Total | P7: 4-week | Q7: 4-week | R7: same week | S7: to same 4-weeks | T7: to 3-year | V7: Mississippi | W7: Ohio | X7: Arkansas | Y7: Total | Z7: 4-week | AA7: 4-week | AB7: same week | AC7: to same 4-weeks | AD7: to 3-year | AF7: Mississippi | AG7: Ohio | AH7: Arkansas | AI7: Total | AJ7: 4-week | AK7: 4-week | AL7: same week | AM7: to same 4-weeks | AN7: to 3-year | AP7: Mississippi | AQ7: Ohio | AR7: Arkansas | AS7: Total | AT7: 4-week | AU7: 4-week | AV7: same week | AW7: to same 4-weeks | AX7: to 3-year | AZ7: =+E7 -> Total | BA7: =+O7 -> Total | BB7: =+Y7 -> Total | BC7: =+AI7 -> Total | BD7: =+AS7 -> Total | BE7: YTD | BF7: YTD | BG7: YTD | BH7: YTD | BI7: YTD | BJ7: Week Number
A8: Week ending | B8: Lock 27 | C8: Lock 52 | D8: Lock 1 | E8: Miss. | F8: average | G8: average | H8: last year | I8: last year | J8: average | L8: Lock 27 | M8: Lock 52 | N8: Lock 1 | O8: Miss. | P8: average | Q8: average | R8: last year | S8: last year | T8: average | V8: Lock 27 | W8: Lock 52 | X8: Lock 1 | Y8: Miss. | Z8: average | AA8: average | AB8: last year | AC8: last year | AD8: average | AF8: Lock 27 | AG8: Lock 52 | AH8: Lock 1 | AI8: Miss. | AJ8: average | AK8: average | AL8: last year | AM8: last year | AN8: average | AP8: Lock 27 | AQ8: Lock 52 | AR8: Lock 1 | AS8: Miss. | AT8: average | AU8: average | AV8: last year | AW8: last year | AX8: average | AZ8: =+E8 -> Miss. | BA8: =+O8 -> Miss. | BB8: =+Y8 -> Miss. | BC8: =+AI8 -> Miss. | BD8: =+AS8 -> Miss.
A10: 37625 | B10: 366644 | C10: 24721 | D10: 0 | E10: =SUM(B10:D10) -> 391365 | L10: 7535 | M10: 4500 | N10: 8500 | O10: =SUM(L10:N10) -> 20535 | V10: 121265 | W10: 46454 | X10: 11500 | Y10: =SUM(V10:X10) -> 179219 | AF10: 16520 | AG10: 11993 | AH10: 0 | AI10: =SUM(AF10:AH10) -> 28513 | AP10: =SUM(B10,L10,V10,AF10) -> 511964 | AQ10: =SUM(C10,M10,W10,AG10) -> 87668 | AR10: =SUM(D10,N10,X10,AH10) -> 20000 | AS10: =SUM(E10,O10,Y10,AI10) -> 619632 | AZ10: =+E10/1000 -> 391.365 | BA10: =+O10/1000 -> 20.535 | BB10: =+Y10/1000 -> 179.219 | BC10: =+AI10/1000 -> 28.513 | BD10: =+AS10/1000 -> 619.632 | BE10: =AZ10 -> 391.365 | BF10: =BA10 -> 20.535 | BG10: =BB10 -> 179.219 | BH10: =BC10 -> 28.513 | BI10: =BD10 -> 619.632 | BJ10: 1
A11: 37632 | B11: 446444 | C11: 41350 | D11: 0 | E11: =SUM(B11:D11) -> 487794 | L11: 25633 | M11: 1842 | N11: 14600 | O11: =SUM(L11:N11) -> 42075 | V11: 163965 | W11: 43229 | X11: 21600 | Y11: =SUM(V11:X11) -> 228794 | AF11: 11200 | AG11: 47580 | AH11: 0 | AI11: =SUM(AF11:AH11) -> 58780 | AP11: =SUM(B11,L11,V11,AF11) -> 647242 | AQ11: =SUM(C11,M11,W11,AG11) -> 134001 | AR11: =SUM(D11,N11,X11,AH11) -> 36200 | AS11: =SUM(E11,O11,Y11,AI11) -> 817443 | AZ11: =+E11/1000 -> 487.794 | BA11: =+O11/1000 -> 42.075 | BB11: =+Y11/1000 -> 228.794 | BC11: =+AI11/1000 -> 58.78 | BD11: =+AS11/1000 -> 817.443 | BE11: =BE10+AZ11 -> 879.159 | BF11: =BF10+BA11 -> 62.61 | BG11: =BG10+BB11 -> 408.013 | BH11: =BH10+BC11 -> 87.293 | BI11: =BI10+BD11 -> 1437.075 | BJ11: 2
A12: 37639 | B12: 432764 | C12: 149294 | D12: 0 | E12: =SUM(B12:D12) -> 582058 | L12: 1405 | M12: 4680 | N12: 19600 | O12: =SUM(L12:N12) -> 25685 | V12: 251138 | W12: 138720 | X12: 19000 | Y12: =SUM(V12:X12) -> 408858 | AF12: 0 | AG12: 18035 | AH12: 0 | AI12: =SUM(AF12:AH12) -> 18035 | AP12: =SUM(B12,L12,V12,AF12) -> 685307 | AQ12: =SUM(C12,M12,W12,AG12) -> 310729 | AR12: =SUM(D12,N12,X12,AH12) -> 38600 | AS12: =SUM(E12,O12,Y12,AI12) -> 1034636 | AZ12: =+E12/1000 -> 582.058 | BA12: =+O12/1000 -> 25.685 | BB12: =+Y12/1000 -> 408.858 | BC12: =+AI12/1000 -> 18.035 | BD12: =+AS12/1000 -> 1034.636 | BE12: =BE11+AZ12 -> 1461.217 | BF12: =BF11+BA12 -> 88.295 | BG12: =BG11+BB12 -> 816.871 | BH12: =BH11+BC12 -> 105.328 | BI12: =BI11+BD12 -> 2471.711 | BJ12: 3
A13: 37646 | B13: 345846 | C13: 190786 | D13: 0 | E13: =SUM(B13:D13) -> 536632 | F13: =AVERAGE(E10,E11,E12,E13) -> 499462.25 | L13: 10925 | M13: 4600 | N13: 23900 | O13: =SUM(L13:N13) -> 39425 | P13: =AVERAGE(O10,O11,O12,O13) -> 31930 | V13: 94152 | W13: 176655 | X13: 21000 | Y13: =SUM(V13:X13) -> 291807 | Z13: =AVERAGE(Y10,Y11,Y12,Y13) -> 277169.5 | AF13: 3008 | AG13: 15052 | AH13: 0 | AI13: =SUM(AF13:AH13) -> 18060 | AJ13: =AVERAGE(AI10,AI11,AI12,AI13) -> 30847 | AP13: =SUM(B13,L13,V13,AF13) -> 453931 | AQ13: =SUM(C13,M13,W13,AG13) -> 387093 | AR13: =SUM(D13,N13,X13,AH13) -> 44900 | AS13: =SUM(E13,O13,Y13,AI13) -> 885924 | AT13: =AVERAGE(AS10,AS11,AS12,AS13) -> 839408.75 | AZ13: =+E13/1000 -> 536.632 | BA13: =+O13/1000 -> 39.425 | BB13: =+Y13/1000 -> 291.807 | BC13: =+AI13/1000 -> 18.06 | BD13: =+AS13/1000 -> 885.924 | BE13: =BE12+AZ13 -> 1997.849 | BF13: =BF12+BA13 -> 127.72 | BG13: =BG12+BB13 -> 1108.678 | BH13: =BH12+BC13 -> 123.388 | BI13: =BI12+BD13 -> 3357.635 | BJ13: 4
A14: 37653 | B14: 231488 | C14: 97782 | D14: 0 | E14: =SUM(B14:D14) -> 329270 | F14: =AVERAGE(E11,E12,E13,E14) -> 483938.5 | L14: 1500 | M14: 0 | N14: 19700 | O14: =SUM(L14:N14) -> 21200 | P14: =AVERAGE(O11,O12,O13,O14) -> 32096.25 | V14: 158945 | W14: 81821 | X14: 22980 | Y14: =SUM(V14:X14) -> 263746 | Z14: =AVERAGE(Y11,Y12,Y13,Y14) -> 298301.25 | AF14: 0 | AG14: 14573 | AH14: 0 | AI14: =SUM(AF14:AH14) -> 14573 | AJ14: =AVERAGE(AI11,AI12,AI13,AI14) -> 27362 | AP14: =SUM(B14,L14,V14,AF14) -> 391933 | AQ14: =SUM(C14,M14,W14,AG14) -> 194176 | AR14: =SUM(D14,N14,X14,AH14) -> 42680 | AS14: =SUM(E14,O14,Y14,AI14) -> 628789 | AT14: =AVERAGE(AS11,AS12,AS13,AS14) -> 841698 | AZ14: =+E14/1000 -> 329.27 | BA14: =+O14/1000 -> 21.2 | BB14: =+Y14/1000 -> 263.746 | BC14: =+AI14/1000 -> 14.573 | BD14: =+AS14/1000 -> 628.789 | BE14: =BE13+AZ14 -> 2327.119 | BF14: =BF13+BA14 -> 148.92 | BG14: =BG13+BB14 -> 1372.424 | BH14: =BH13+BC14 -> 137.961 | BI14: =BI13+BD14 -> 3986.424 | BJ14: 5
A15: 37660 | B15: 263380 | C15: 51257 | D15: 0 | E15: =SUM(B15:D15) -> 314637 | F15: =AVERAGE(E12,E13,E14,E15) -> 440649.25 | L15: 4570 | M15: 13535 | N15: 28600 | O15: =SUM(L15:N15) -> 46705 | P15: =AVERAGE(O12,O13,O14,O15) -> 33253.75 | V15: 120593 | W15: 137384 | X15: 10200 | Y15: =SUM(V15:X15) -> 268177 | Z15: =AVERAGE(Y12,Y13,Y14,Y15) -> 308147 | AF15: 11120 | AG15: 22400 | AH15: 0 | AI15: =SUM(AF15:AH15) -> 33520 | AJ15: =AVERAGE(AI12,AI13,AI14,AI15) -> 21047 | AP15: =SUM(B15,L15,V15,AF15) -> 399663 | AQ15: =SUM(C15,M15,W15,AG15) -> 224576 | AR15: =SUM(D15,N15,X15,AH15) -> 38800 | AS15: =SUM(E15,O15,Y15,AI15) -> 663039 | AT15: =AVERAGE(AS12,AS13,AS14,AS15) -> 803097 | AZ15: =+E15/1000 -> 314.637 | BA15: =+O15/1000 -> 46.705 | BB15: =+Y15/1000 -> 268.177 | BC15: =+AI15/1000 -> 33.52 | BD15: =+AS15/1000 -> 663.039 | BE15: =BE14+AZ15 -> 2641.756 | BF15: =BF14+BA15 -> 195.625 | BG15: =BG14+BB15 -> 1640.601 | BH15: =BH14+BC15 -> 171.481 | BI15: =BI14+BD15 -> 4649.463 | BJ15: 6
A16: 37667 | B16: 304179 | C16: 57800 | D16: 0 | E16: =SUM(B16:D16) -> 361979 | F16: =AVERAGE(E13,E14,E15,E16) -> 385629.5 | L16: 10700 | M16: 7300 | N16: 28100 | O16: =SUM(L16:N16) -> 46100 | P16: =AVERAGE(O13,O14,O15,O16) -> 38357.5 | V16: 116066 | W16: 62700 | X16: 20600 | Y16: =SUM(V16:X16) -> 199366 | Z16: =AVERAGE(Y13,Y14,Y15,Y16) -> 255774 | AF16: 0 | AG16: 40949 | AH16: 0 | AI16: =SUM(AF16:AH16) -> 40949 | AJ16: =AVERAGE(AI13,AI14,AI15,AI16) -> 26775.5 | AP16: =SUM(B16,L16,V16,AF16) -> 430945 | AQ16: =SUM(C16,M16,W16,AG16) -> 168749 | AR16: =SUM(D16,N16,X16,AH16) -> 48700 | AS16: =SUM(E16,O16,Y16,AI16) -> 648394 | AT16: =AVERAGE(AS13,AS14,AS15,AS16) -> 706536.5 | AZ16: =+E16/1000 -> 361.979 | BA16: =+O16/1000 -> 46.1 | BB16: =+Y16/1000 -> 199.366 | BC16: =+AI16/1000 -> 40.949 | BD16: =+AS16/1000 -> 648.394 | BE16: =BE15+AZ16 -> 3003.735 | BF16: =BF15+BA16 -> 241.725 | BG16: =BG15+BB16 -> 1839.967 | BH16: =BH15+BC16 -> 212.43 | BI16: =BI15+BD16 -> 5297.857 | BJ16: 7
A17: 37674 | B17: 322520 | C17: 23835 | D17: 0 | E17: =SUM(B17:D17) -> 346355 | F17: =AVERAGE(E14,E15,E16,E17) -> 338060.25 | L17: 3200 | M17: 1500 | N17: 36900 | O17: =SUM(L17:N17) -> 41600 | P17: =AVERAGE(O14,O15,O16,O17) -> 38901.25 | V17: 115481 | W17: 41216 | X17: 21600 | Y17: =SUM(V17:X17) -> 178297 | Z17: =AVERAGE(Y14,Y15,Y16,Y17) -> 227396.5 | AF17: 0 | AG17: 20949 | AH17: 0 | AI17: =SUM(AF17:AH17) -> 20949 | AJ17: =AVERAGE(AI14,AI15,AI16,AI17) -> 27497.75 | AP17: =SUM(B17,L17,V17,AF17) -> 441201 | AQ17: =SUM(C17,M17,W17,AG17) -> 87500 | AR17: =SUM(D17,N17,X17,AH17) -> 58500 | AS17: =SUM(E17,O17,Y17,AI17) -> 587201 | AT17: =AVERAGE(AS14,AS15,AS16,AS17) -> 631855.75 | AZ17: =+E17/1000 -> 346.355 | BA17: =+O17/1000 -> 41.6 | BB17: =+Y17/1000 -> 178.297 | BC17: =+AI17/1000 -> 20.949 | BD17: =+AS17/1000 -> 587.201 | BE17: =BE16+AZ17 -> 3350.09 | BF17: =BF16+BA17 -> 283.325 | BG17: =BG16+BB17 -> 2018.264 | BH17: =BH16+BC17 -> 233.379 | BI17: =BI16+BD17 -> 5885.058 | BJ17: 8
A18: 37681 | B18: 363486 | C18: 51900 | D18: 0 | E18: =SUM(B18:D18) -> 415386 | F18: =AVERAGE(E15,E16,E17,E18) -> 359589.25 | L18: 15307 | M18: 4500 | N18: 19600 | O18: =SUM(L18:N18) -> 39407 | P18: =AVERAGE(O15,O16,O17,O18) -> 43453 | V18: 87463 | W18: 35195 | X18: 11200 | Y18: =SUM(V18:X18) -> 133858 | Z18: =AVERAGE(Y15,Y16,Y17,Y18) -> 194924.5 | AF18: 7850 | AG18: 17978 | AH18: 0 | AI18: =SUM(AF18:AH18) -> 25828 | AJ18: =AVERAGE(AI15,AI16,AI17,AI18) -> 30311.5 | AP18: =SUM(B18,L18,V18,AF18) -> 474106 | AQ18: =SUM(C18,M18,W18,AG18) -> 109573 | AR18: =SUM(D18,N18,X18,AH18) -> 30800 | AS18: =SUM(E18,O18,Y18,AI18) -> 614479 | AT18: =AVERAGE(AS15,AS16,AS17,AS18) -> 628278.25 | AZ18: =+E18/1000 -> 415.386 | BA18: =+O18/1000 -> 39.407 | BB18: =+Y18/1000 -> 133.858 | BC18: =+AI18/1000 -> 25.828 | BD18: =+AS18/1000 -> 614.479 | BE18: =BE17+AZ18 -> 3765.476 | BF18: =BF17+BA18 -> 322.732 | BG18: =BG17+BB18 -> 2152.122 | BH18: =BH17+BC18 -> 259.207 | BI18: =BI17+BD18 -> 6499.537 | BJ18: 9
A19: 37688 | B19: 507339 | C19: 27336 | D19: 0 | E19: =SUM(B19:D19) -> 534675 | F19: =AVERAGE(E16,E17,E18,E19) -> 414598.75 | L19: 16172 | M19: 7400 | N19: 24000 | O19: =SUM(L19:N19) -> 47572 | P19: =AVERAGE(O16,O17,O18,O19) -> 43669.75 | V19: 132052 | W19: 47724 | X19: 8400 | Y19: =SUM(V19:X19) -> 188176 | Z19: =AVERAGE(Y16,Y17,Y18,Y19) -> 174924.25 | AF19: 0 | AG19: 12385 | AH19: 0 | AI19: =SUM(AF19:AH19) -> 12385 | AJ19: =AVERAGE(AI16,AI17,AI18,AI19) -> 25027.75 | AP19: =SUM(B19,L19,V19,AF19) -> 655563 | AQ19: =SUM(C19,M19,W19,AG19) -> 94845 | AR19: =SUM(D19,N19,X19,AH19) -> 32400 | AS19: =SUM(E19,O19,Y19,AI19) -> 782808 | AT19: =AVERAGE(AS16,AS17,AS18,AS19) -> 658220.5 | AZ19: =+E19/1000 -> 534.675 | BA19: =+O19/1000 -> 47.572 | BB19: =+Y19/1000 -> 188.176 | BC19: =+AI19/1000 -> 12.385 | BD19: =+AS19/1000 -> 782.808 | BE19: =BE18+AZ19 -> 4300.151 | BF19: =BF18+BA19 -> 370.304 | BG19: =BG18+BB19 -> 2340.298 | BH19: =BH18+BC19 -> 271.592 | BI19: =BI18+BD19 -> 7282.345 | BJ19: 10
A20: 37695 | B20: 413681 | C20: 32993 | D20: 0 | E20: =SUM(B20:D20) -> 446674 | F20: =AVERAGE(E17,E18,E19,E20) -> 435772.5 | L20: 7635 | M20: 1500 | N20: 19900 | O20: =SUM(L20:N20) -> 29035 | P20: =AVERAGE(O17,O18,O19,O20) -> 39403.5 | V20: 79407 | W20: 42740 | X20: 5700 | Y20: =SUM(V20:X20) -> 127847 | Z20: =AVERAGE(Y17,Y18,Y19,Y20) -> 157044.5 | AF20: 0 | AG20: 7700 | AH20: 0 | AI20: =SUM(AF20:AH20) -> 7700 | AJ20: =AVERAGE(AI17,AI18,AI19,AI20) -> 16715.5 | AP20: =SUM(B20,L20,V20,AF20) -> 500723 | AQ20: =SUM(C20,M20,W20,AG20) -> 84933 | AR20: =SUM(D20,N20,X20,AH20) -> 25600 | AS20: =SUM(E20,O20,Y20,AI20) -> 611256 | AT20: =AVERAGE(AS17,AS18,AS19,AS20) -> 648936 | AZ20: =+E20/1000 -> 446.674 | BA20: =+O20/1000 -> 29.035 | BB20: =+Y20/1000 -> 127.847 | BC20: =+AI20/1000 -> 7.7 | BD20: =+AS20/1000 -> 611.256 | BE20: =BE19+AZ20 -> 4746.825 | BF20: =BF19+BA20 -> 399.339 | BG20: =BG19+BB20 -> 2468.145 | BH20: =BH19+BC20 -> 279.292 | BI20: =BI19+BD20 -> 7893.601 | BJ20: 11
A21: 37702 | B21: 442830 | C21: 33260 | D21: 0 | E21: =SUM(B21:D21) -> 476090 | F21: =AVERAGE(E18,E19,E20,E21) -> 468206.25 | L21: 7550 | M21: 4580 | N21: 27200 | O21: =SUM(L21:N21) -> 39330 | P21: =AVERAGE(O18,O19,O20,O21) -> 38836 | V21: 84436 | W21: 44960 | X21: 7300 | Y21: =SUM(V21:X21) -> 136696 | Z21: =AVERAGE(Y18,Y19,Y20,Y21) -> 146644.25 | AF21: 0 | AG21: 13937 | AH21: 0 | AI21: =SUM(AF21:AH21) -> 13937 | AJ21: =AVERAGE(AI18,AI19,AI20,AI21) -> 14962.5 | AP21: =SUM(B21,L21,V21,AF21) -> 534816 | AQ21: =SUM(C21,M21,W21,AG21) -> 96737 | AR21: =SUM(D21,N21,X21,AH21) -> 34500 | AS21: =SUM(E21,O21,Y21,AI21) -> 666053 | AT21: =AVERAGE(AS18,AS19,AS20,AS21) -> 668649 | AZ21: =+E21/1000 -> 476.09 | BA21: =+O21/1000 -> 39.33 | BB21: =+Y21/1000 -> 136.696 | BC21: =+AI21/1000 -> 13.937 | BD21: =+AS21/1000 -> 666.053 | BE21: =BE20+AZ21 -> 5222.915 | BF21: =BF20+BA21 -> 438.669 | BG21: =BG20+BB21 -> 2604.841 | BH21: =BH20+BC21 -> 293.229 | BI21: =BI20+BD21 -> 8559.654 | BJ21: 12
A22: 37709 | B22: 682701 | C22: 49168 | D22: 0 | E22: =SUM(B22:D22) -> 731869 | F22: =AVERAGE(E19,E20,E21,E22) -> 547327 | L22: 15259 | M22: 0 | N22: 19600 | O22: =SUM(L22:N22) -> 34859 | P22: =AVERAGE(O19,O20,O21,O22) -> 37699 | V22: 111184 | W22: 19624 | X22: 5600 | Y22: =SUM(V22:X22) -> 136408 | Z22: =AVERAGE(Y19,Y20,Y21,Y22) -> 147281.75 | AF22: 6000 | AG22: 21420 | AH22: 0 | AI22: =SUM(AF22:AH22) -> 27420 | AJ22: =AVERAGE(AI19,AI20,AI21,AI22) -> 15360.5 | AP22: =SUM(B22,L22,V22,AF22) -> 815144 | AQ22: =SUM(C22,M22,W22,AG22) -> 90212 | AR22: =SUM(D22,N22,X22,AH22) -> 25200 | AS22: =SUM(E22,O22,Y22,AI22) -> 930556 | AT22: =AVERAGE(AS19,AS20,AS21,AS22) -> 747668.25 | AZ22: =+E22/1000 -> 731.869 | BA22: =+O22/1000 -> 34.859 | BB22: =+Y22/1000 -> 136.408 | BC22: =+AI22/1000 -> 27.42 | BD22: =+AS22/1000 -> 930.556 | BE22: =BE21+AZ22 -> 5954.784 | BF22: =BF21+BA22 -> 473.528 | BG22: =BG21+BB22 -> 2741.249 | BH22: =BH21+BC22 -> 320.649 | BI22: =BI21+BD22 -> 9490.21 | BJ22: 13
A23: 37716 | B23: 675491 | C23: 36735 | D23: 0 | E23: =SUM(B23:D23) -> 712226 | F23: =AVERAGE(E20,E21,E22,E23) -> 591714.75 | L23: 13924 | M23: 4500 | N23: 11300 | O23: =SUM(L23:N23) -> 29724 | P23: =AVERAGE(O20,O21,O22,O23) -> 33237 | V23: 134812 | W23: 23913 | X23: 5500 | Y23: =SUM(V23:X23) -> 164225 | Z23: =AVERAGE(Y20,Y21,Y22,Y23) -> 141294 | AF23: 0 | AG23: 9124 | AH23: 0 | AI23: =SUM(AF23:AH23) -> 9124 | AJ23: =AVERAGE(AI20,AI21,AI22,AI23) -> 14545.25 | AP23: =SUM(B23,L23,V23,AF23) -> 824227 | AQ23: =SUM(C23,M23,W23,AG23) -> 74272 | AR23: =SUM(D23,N23,X23,AH23) -> 16800 | AS23: =SUM(E23,O23,Y23,AI23) -> 915299 | AT23: =AVERAGE(AS20,AS21,AS22,AS23) -> 780791 | AZ23: =+E23/1000 -> 712.226 | BA23: =+O23/1000 -> 29.724 | BB23: =+Y23/1000 -> 164.225 | BC23: =+AI23/1000 -> 9.124 | BD23: =+AS23/1000 -> 915.299 | BE23: =BE22+AZ23 -> 6667.01 | BF23: =BF22+BA23 -> 503.252 | BG23: =BG22+BB23 -> 2905.474 | BH23: =BH22+BC23 -> 329.773 | BI23: =BI22+BD23 -> 10405.509 | BJ23: 14
A24: 37723 | B24: 595846 | C24: 33200 | D24: 0 | E24: =SUM(B24:D24) -> 629046 | F24: =AVERAGE(E21,E22,E23,E24) -> 637307.75 | L24: 3000 | M24: 4493 | N24: 13800 | O24: =SUM(L24:N24) -> 21293 | P24: =AVERAGE(O21,O22,O23,O24) -> 31301.5 | V24: 162020 | W24: 16700 | X24: 1400 | Y24: =SUM(V24:X24) -> 180120 | Z24: =AVERAGE(Y21,Y22,Y23,Y24) -> 154362.25 | AF24: 1600 | AG24: 16289 | AH24: 0 | AI24: =SUM(AF24:AH24) -> 17889 | AJ24: =AVERAGE(AI21,AI22,AI23,AI24) -> 17092.5 | AP24: =SUM(B24,L24,V24,AF24) -> 762466 | AQ24: =SUM(C24,M24,W24,AG24) -> 70682 | AR24: =SUM(D24,N24,X24,AH24) -> 15200 | AS24: =SUM(E24,O24,Y24,AI24) -> 848348 | AT24: =AVERAGE(AS21,AS22,AS23,AS24) -> 840064 | AZ24: =+E24/1000 -> 629.046 | BA24: =+O24/1000 -> 21.293 | BB24: =+Y24/1000 -> 180.12 | BC24: =+AI24/1000 -> 17.889 | BD24: =+AS24/1000 -> 848.348 | BE24: =BE23+AZ24 -> 7296.056 | BF24: =BF23+BA24 -> 524.545 | BG24: =BG23+BB24 -> 3085.594 | BH24: =BH23+BC24 -> 347.662 | BI24: =BI23+BD24 -> 11253.857 | BJ24: 15
... A51: 37912 | B51: 323136 | C51: 49500 | D51: 0 | E51: =SUM(B51:D51) -> 372636 | F51: =AVERAGE(E48,E49,E50,E51) -> 440361 | L51: 6357 | M51: 10300 | N51: 27100 | O51: =SUM(L51:N51) -> 43757 | P51: =AVERAGE(O48,O49,O50,O51) -> 51924.5 | V51: 364847 | W51: 42389 | X51: 7100 | Y51: =SUM(V51:X51) -> 414336 | Z51: =AVERAGE(Y48,Y49,Y50,Y51) -> 215899.25 | AF51: 0 | AG51: 0 | AH51: 0 | AI51: =SUM(AF51:AH51) -> 0 | AJ51: =AVERAGE(AI48,AI49,AI50,AI51) -> 1550 | AP51: =SUM(B51,L51,V51,AF51) -> 694340 | AQ51: =SUM(C51,M51,W51,AG51) -> 102189 | AR51: =SUM(D51,N51,X51,AH51) -> 34200 | AS51: =SUM(E51,O51,Y51,AI51) -> 830729 | AT51: =AVERAGE(AS48,AS49,AS50,AS51) -> 709734.75 | AZ51: =+E51/1000 -> 372.636 | BA51: =+O51/1000 -> 43.757 | BB51: =+Y51/1000 -> 414.336 | BC51: =+AI51/1000 -> 0 | BD51: =+AS51/1000 -> 830.729 | BE51: =BE50+AZ51 -> 22661.697 | BF51: =BF50+BA51 -> 2409.055 | BG51: =BG50+BB51 -> 6435.339 | BH51: =BH50+BC51 -> 596.629 | BI51: =BI50+BD51 -> 32102.72 | BJ51: 42
A52: 37919 | B52: 508706 | C52: 25535 | D52: 0 | E52: =SUM(B52:D52) -> 534241 | F52: =AVERAGE(E49,E50,E51,E52) -> 453700.25 | N52: 8400 | O52: =SUM(L52:N52) -> 8400 | P52: =AVERAGE(O49,O50,O51,O52) -> 34329.5 | V52: 138493 | W52: 159454 | X52: 39500 | Y52: =SUM(V52:X52) -> 337447 | Z52: =AVERAGE(Y49,Y50,Y51,Y52) -> 279926.5 | AF52: 6335 | AG52: 1500 | AH52: 0 | AI52: =SUM(AF52:AH52) -> 7835 | AJ52: =AVERAGE(AI49,AI50,AI51,AI52) -> 2333.75 | AP52: =SUM(B52,L52,V52,AF52) -> 653534 | AQ52: =SUM(C52,M52,W52,AG52) -> 186489 | AR52: =SUM(D52,N52,X52,AH52) -> 47900 | AS52: =SUM(E52,O52,Y52,AI52) -> 887923 | AT52: =AVERAGE(AS49,AS50,AS51,AS52) -> 770290 | AZ52: =+E52/1000 -> 534.241 | BA52: =+O52/1000 -> 8.4 | BB52: =+Y52/1000 -> 337.447 | BC52: =+AI52/1000 -> 7.835 | BD52: =+AS52/1000 -> 887.923 | BE52: =BE51+AZ52 -> 23195.938 | BF52: =BF51+BA52 -> 2417.455 | BG52: =BG51+BB52 -> 6772.786 | BH52: =BH51+BC52 -> 604.464 | BI52: =BI51+BD52 -> 32990.643 | BJ52: 43
A53: 37926 | B53: 420975 | C53: 37884 | D53: 0 | E53: =SUM(B53:D53) -> 458859 | F53: =AVERAGE(E50,E51,E52,E53) -> 457252 | L53: 17908 | N53: 18400 | O53: =SUM(L53:N53) -> 36308 | P53: =AVERAGE(O50,O51,O52,O53) -> 31372.25 | V53: 322987 | W53: 89358 | X53: 28800 | Y53: =SUM(V53:X53) -> 441145 | Z53: =AVERAGE(Y50,Y51,Y52,Y53) -> 356622.5 | AF53: 9600 | AG53: 1600 | AH53: 0 | AI53: =SUM(AF53:AH53) -> 11200 | AJ53: =AVERAGE(AI50,AI51,AI52,AI53) -> 5133.75 | AP53: =SUM(B53,L53,V53,AF53) -> 771470 | AQ53: =SUM(C53,M53,W53,AG53) -> 128842 | AR53: =SUM(D53,N53,X53,AH53) -> 47200 | AS53: =SUM(E53,O53,Y53,AI53) -> 947512 | AT53: =AVERAGE(AS50,AS51,AS52,AS53) -> 850380.5 | AZ53: =+E53/1000 -> 458.859 | BA53: =+O53/1000 -> 36.308 | BB53: =+Y53/1000 -> 441.145 | BC53: =+AI53/1000 -> 11.2 | BD53: =+AS53/1000 -> 947.512 | BE53: =BE52+AZ53 -> 23654.797 | BF53: =BF52+BA53 -> 2453.763 | BG53: =BG52+BB53 -> 7213.931 | BH53: =BH52+BC53 -> 615.664 | BI53: =BI52+BD53 -> 33938.155 | BJ53: 44
A54: 37933 | B54: 813647 | C54: 45901 | D54: 0 | E54: =SUM(B54:D54) -> 859548 | F54: =AVERAGE(E51,E52,E53,E54) -> 556321 | L54: 22477 | N54: 16900 | O54: =SUM(L54:N54) -> 39377 | P54: =AVERAGE(O51,O52,O53,O54) -> 31960.5 | V54: 136828 | W54: 138065 | X54: 43200 | Y54: =SUM(V54:X54) -> 318093 | Z54: =AVERAGE(Y51,Y52,Y53,Y54) -> 377755.25 | AF54: 1600 | AG54: 6700 | AH54: 0 | AI54: =SUM(AF54:AH54) -> 8300 | AJ54: =AVERAGE(AI51,AI52,AI53,AI54) -> 6833.75 | AP54: =SUM(B54,L54,V54,AF54) -> 974552 | AQ54: =SUM(C54,M54,W54,AG54) -> 190666 | AR54: =SUM(D54,N54,X54,AH54) -> 60100 | AS54: =SUM(E54,O54,Y54,AI54) -> 1225318 | AT54: =AVERAGE(AS51,AS52,AS53,AS54) -> 972870.5 | AZ54: =+E54/1000 -> 859.548 | BA54: =+O54/1000 -> 39.377 | BB54: =+Y54/1000 -> 318.093 | BC54: =+AI54/1000 -> 8.3 | BD54: =+AS54/1000 -> 1225.318 | BE54: =BE53+AZ54 -> 24514.345 | BF54: =BF53+BA54 -> 2493.14 | BG54: =BG53+BB54 -> 7532.024 | BH54: =BH53+BC54 -> 623.964 | BI54: =BI53+BD54 -> 35163.473 | BJ54: 45
A55: 37940 | B55: 623316 | C55: 42320 | D55: 0 | E55: =SUM(B55:D55) -> 665636 | F55: =AVERAGE(E52,E53,E54,E55) -> 629571 | L55: 10948 | M55: 6000 | N55: 7000 | O55: =SUM(L55:N55) -> 23948 | P55: =AVERAGE(O52,O53,O54,O55) -> 27008.25 | V55: 106451 | W55: 71222 | X55: 41200 | Y55: =SUM(V55:X55) -> 218873 | Z55: =AVERAGE(Y52,Y53,Y54,Y55) -> 328889.5 | AF55: 4500 | AG55: 0 | AH55: 0 | AI55: =SUM(AF55:AH55) -> 4500 | AJ55: =AVERAGE(AI52,AI53,AI54,AI55) -> 7958.75 | AP55: =SUM(B55,L55,V55,AF55) -> 745215 | AQ55: =SUM(C55,M55,W55,AG55) -> 119542 | AR55: =SUM(D55,N55,X55,AH55) -> 48200 | AS55: =SUM(E55,O55,Y55,AI55) -> 912957 | AT55: =AVERAGE(AS52,AS53,AS54,AS55) -> 993427.5 | AZ55: =+E55/1000 -> 665.636 | BA55: =+O55/1000 -> 23.948 | BB55: =+Y55/1000 -> 218.873 | BC55: =+AI55/1000 -> 4.5 | BD55: =+AS55/1000 -> 912.957 | BE55: =BE54+AZ55 -> 25179.981 | BF55: =BF54+BA55 -> 2517.088 | BG55: =BG54+BB55 -> 7750.897 | BH55: =BH54+BC55 -> 628.464 | BI55: =BI54+BD55 -> 36076.43 | BJ55: 46
A56: 37947 | B56: 786202 | C56: 58724 | D56: 0 | E56: =SUM(B56:D56) -> 844926 | F56: =AVERAGE(E53,E54,E55,E56) -> 707242.25 | L56: 16852 | N56: 14000 | O56: =SUM(L56:N56) -> 30852 | P56: =AVERAGE(O53,O54,O55,O56) -> 32621.25 | V56: 113631 | W56: 88728 | X56: 16800 | Y56: =SUM(V56:X56) -> 219159 | Z56: =AVERAGE(Y53,Y54,Y55,Y56) -> 299317.5 | AF56: 3000 | AG56: 3000 | AH56: 0 | AI56: =SUM(AF56:AH56) -> 6000 | AJ56: =AVERAGE(AI53,AI54,AI55,AI56) -> 7500 | AP56: =SUM(B56,L56,V56,AF56) -> 919685 | AQ56: =SUM(C56,M56,W56,AG56) -> 150452 | AR56: =SUM(D56,N56,X56,AH56) -> 30800 | AS56: =SUM(E56,O56,Y56,AI56) -> 1100937 | AT56: =AVERAGE(AS53,AS54,AS55,AS56) -> 1046681 | AZ56: =+E56/1000 -> 844.926 | BA56: =+O56/1000 -> 30.852 | BB56: =+Y56/1000 -> 219.159 | BC56: =+AI56/1000 -> 6 | BD56: =+AS56/1000 -> 1100.937 | BE56: =BE55+AZ56 -> 26024.907 | BF56: =BF55+BA56 -> 2547.94 | BG56: =BG55+BB56 -> 7970.056 | BH56: =BH55+BC56 -> 634.464 | BI56: =BI55+BD56 -> 37177.367 | BJ56: 47
A57: 37954 | B57: 700370 | C57: 36772 | D57: 0 | E57: =SUM(B57:D57) -> 737142 | F57: =AVERAGE(E54,E55,E56,E57) -> 776813 | L57: 21352 | M57: 9642 | N57: 14100 | O57: =SUM(L57:N57) -> 45094 | P57: =AVERAGE(O54,O55,O56,O57) -> 34817.75 | V57: 167447 | W57: 66606 | X57: 42100 | Y57: =SUM(V57:X57) -> 276153 | Z57: =AVERAGE(Y54,Y55,Y56,Y57) -> 258069.5 | AF57: 0 | AG57: 0 | AH57: 0 | AI57: =SUM(AF57:AH57) -> 0 | AJ57: =AVERAGE(AI54,AI55,AI56,AI57) -> 4700 | AP57: =SUM(B57,L57,V57,AF57) -> 889169 | AQ57: =SUM(C57,M57,W57,AG57) -> 113020 | AR57: =SUM(D57,N57,X57,AH57) -> 56200 | AS57: =SUM(E57,O57,Y57,AI57) -> 1058389 | AT57: =AVERAGE(AS54,AS55,AS56,AS57) -> 1074400.2 | AZ57: =+E57/1000 -> 737.142 | BA57: =+O57/1000 -> 45.094 | BB57: =+Y57/1000 -> 276.153 | BC57: =+AI57/1000 -> 0 | BD57: =+AS57/1000 -> 1058.389 | BE57: =BE56+AZ57 -> 26762.049 | BF57: =BF56+BA57 -> 2593.034 | BG57: =BG56+BB57 -> 8246.209 | BH57: =BH56+BC57 -> 634.464 | BI57: =BI56+BD57 -> 38235.756 | BJ57: 48
A58: 37961 | B58: 833745 | C58: 63121 | D58: 0 | E58: =SUM(B58:D58) -> 896866 | F58: =AVERAGE(E55,E56,E57,E58) -> 786142.5 | L58: 19994 | M58: 8100 | N58: 30400 | O58: =SUM(L58:N58) -> 58494 | P58: =AVERAGE(O55,O56,O57,O58) -> 39597 | V58: 285069 | W58: 72800 | X58: 18500 | Y58: =SUM(V58:X58) -> 376369 | Z58: =AVERAGE(Y55,Y56,Y57,Y58) -> 272638.5 | AF58: 1600 | AG58: 0 | AH58: 0 | AI58: =SUM(AF58:AH58) -> 1600 | AJ58: =AVERAGE(AI55,AI56,AI57,AI58) -> 3025 | AP58: =SUM(B58,L58,V58,AF58) -> 1140408 | AQ58: =SUM(C58,M58,W58,AG58) -> 144021 | AR58: =SUM(D58,N58,X58,AH58) -> 48900 | AS58: =SUM(E58,O58,Y58,AI58) -> 1333329 | AT58: =AVERAGE(AS55,AS56,AS57,AS58) -> 1101403 | AZ58: =+E58/1000 -> 896.866 | BA58: =+O58/1000 -> 58.494 | BB58: =+Y58/1000 -> 376.369 | BC58: =+AI58/1000 -> 1.6 | BD58: =+AS58/1000 -> 1333.329 | BE58: =BE57+AZ58 -> 27658.915 | BF58: =BF57+BA58 -> 2651.528 | BG58: =BG57+BB58 -> 8622.578 | BH58: =BH57+BC58 -> 636.064 | BI58: =BI57+BD58 -> 39569.085 | BJ58: 49
A59: 37968 | B59: 953441 | C59: 52450 | D59: 0 | E59: =SUM(B59:D59) -> 1005891 | F59: =AVERAGE(E56,E57,E58,E59) -> 871206.25 | L59: 23100 | M59: 13200 | O59: =SUM(L59:N59) -> 36300 | P59: =AVERAGE(O56,O57,O58,O59) -> 42685 | V59: 265090 | W59: 10250 | X59: 0 | Y59: =SUM(V59:X59) -> 275340 | Z59: =AVERAGE(Y56,Y57,Y58,Y59) -> 286755.25 | AF59: 0 | AG59: 0 | AH59: 0 | AI59: =SUM(AF59:AH59) -> 0 | AJ59: =AVERAGE(AI56,AI57,AI58,AI59) -> 1900 | AP59: =SUM(B59,L59,V59,AF59) -> 1241631 | AQ59: =SUM(C59,M59,W59,AG59) -> 75900 | AR59: =SUM(D59,N59,X59,AH59) -> 0 | AS59: =SUM(E59,O59,Y59,AI59) -> 1317531 | AT59: =AVERAGE(AS56,AS57,AS58,AS59) -> 1202546.5 | AZ59: =+E59/1000 -> 1005.891 | BA59: =+O59/1000 -> 36.3 | BB59: =+Y59/1000 -> 275.34 | BC59: =+AI59/1000 -> 0 | BD59: =+AS59/1000 -> 1317.531 | BE59: =BE58+AZ59 -> 28664.806 | BF59: =BF58+BA59 -> 2687.828 | BG59: =BG58+BB59 -> 8897.918 | BH59: =BH58+BC59 -> 636.064 | BI59: =BI58+BD59 -> 40886.616 | BJ59: 50
A60: 37975 | B60: 519841 | C60: 103329 | D60: 0 | E60: =SUM(B60:D60) -> 623170 | F60: =AVERAGE(E57,E58,E59,E60) -> 815767.25 | L60: 10764 | M60: 14583 | N60: 27100 | O60: =SUM(L60:N60) -> 52447 | P60: =AVERAGE(O57,O58,O59,O60) -> 48083.75 | V60: 71251 | W60: 46629 | X60: 18300 | Y60: =SUM(V60:X60) -> 136180 | Z60: =AVERAGE(Y57,Y58,Y59,Y60) -> 266010.5 | AF60: 27400 | AG60: 21150 | AH60: 0 | AI60: =SUM(AF60:AH60) -> 48550 | AJ60: =AVERAGE(AI57,AI58,AI59,AI60) -> 12537.5 | AP60: =SUM(B60,L60,V60,AF60) -> 629256 | AQ60: =SUM(C60,M60,W60,AG60) -> 185691 | AR60: =SUM(D60,N60,X60,AH60) -> 45400 | AS60: =SUM(E60,O60,Y60,AI60) -> 860347 | AT60: =AVERAGE(AS57,AS58,AS59,AS60) -> 1142399 | AZ60: =+E60/1000 -> 623.17 | BA60: =+O60/1000 -> 52.447 | BB60: =+Y60/1000 -> 136.18 | BC60: =+AI60/1000 -> 48.55 | BD60: =+AS60/1000 -> 860.347 | BE60: =BE59+AZ60 -> 29287.976 | BF60: =BF59+BA60 -> 2740.275 | BG60: =BG59+BB60 -> 9034.098 | BH60: =BH59+BC60 -> 684.614 | BI60: =BI59+BD60 -> 41746.963 | BJ60: 51
A61: 37982 | B61: 506413 | C61: 103329 | D61: 0 | E61: =SUM(B61:D61) -> 609742 | F61: =AVERAGE(E58,E59,E60,E61) -> 783917.25 | L61: 15700 | M61: 14583 | N61: 16800 | O61: =SUM(L61:N61) -> 47083 | P61: =AVERAGE(O58,O59,O60,O61) -> 48581 | V61: 54683 | W61: 46629 | X61: 10100 | Y61: =SUM(V61:X61) -> 111412 | Z61: =AVERAGE(Y58,Y59,Y60,Y61) -> 224825.25 | AF61: 0 | AG61: 10450 | AH61: 0 | AI61: =SUM(AF61:AH61) -> 10450 | AJ61: =AVERAGE(AI58,AI59,AI60,AI61) -> 15150 | AP61: =SUM(B61,L61,V61,AF61) -> 576796 | AQ61: =SUM(C61,M61,W61,AG61) -> 174991 | AR61: =SUM(D61,N61,X61,AH61) -> 26900 | AS61: =SUM(E61,O61,Y61,AI61) -> 778687 | AT61: =AVERAGE(AS58,AS59,AS60,AS61) -> 1072473.5 | AZ61: =+E61/1000 -> 609.742 | BA61: =+O61/1000 -> 47.083 | BB61: =+Y61/1000 -> 111.412 | BC61: =+AI61/1000 -> 10.45 | BD61: =+AS61/1000 -> 778.687 | BE61: =BE60+AZ61 -> 29897.718 | BF61: =BF60+BA61 -> 2787.358 | BG61: =BG60+BB61 -> 9145.51 | BH61: =BH60+BC61 -> 695.064 | BI61: =BI60+BD61 -> 42525.65 | BJ61: 52
A62: 37989 | B62: 372917 | C62: 65875 | D62: 0 | E62: =SUM(B62:D62) -> 438792 | F62: =AVERAGE(E59,E60,E61,E62) -> 669398.75 | H62: =((E62/E10)-1)*100 -> 12.118355 | L62: 3000 | M62: 11054 | N62: 13100 | O62: =SUM(L62:N62) -> 27154 | P62: =AVERAGE(O59,O60,O61,O62) -> 40746 | R62: =((O62/O10)-1)*100 -> 32.232773 | V62: 42800 | W62: 48151 | X62: 8500 | Y62: =SUM(V62:X62) -> 99451 | Z62: =AVERAGE(Y59,Y60,Y61,Y62) -> 155595.75 | AB62: =((Y62/Y10)-1)*100 -> -44.508674 | AF62: 0 | AG62: 0 | AH62: 8000 | AI62: =SUM(AF62:AH62) -> 8000 | AJ62: =AVERAGE(AI59,AI60,AI61,AI62) -> 16750 | AL62: =((AI62/AI10)-1)*100 -> -71.942623 | AP62: =SUM(B62,L62,V62,AF62) -> 418717 | AQ62: =SUM(C62,M62,W62,AG62) -> 125080 | AR62: =SUM(D62,N62,X62,AH62) -> 29600 | AS62: =SUM(E62,O62,Y62,AI62) -> 573397 | AT62: =AVERAGE(AS59,AS60,AS61,AS62) -> 882490.5 | AV62: =((AS62/AS10)-1)*100 -> -7.4616869 | AZ62: =+E62/1000 -> 438.792 | BA62: =+O62/1000 -> 27.154 | BB62: =+Y62/1000 -> 99.451 | BC62: =+AI62/1000 -> 8 | BD62: =+AS62/1000 -> 573.397 | BE62: =BE61+AZ62 -> 30336.51 | BF62: =BF61+BA62 -> 2814.512 | BG62: =BG61+BB62 -> 9244.961 | BH62: =BH61+BC62 -> 703.064 | BI62: =BI61+BD62 -> 43099.047 | BJ62: 53
A63: 37996 | B63: 413456 | C63: 84552 | D63: 0 | E63: =SUM(B63:D63) -> 498008 | F63: =AVERAGE(E60,E61,E62,E63) -> 542428 | H63: =((E63/E11)-1)*100 -> 2.0939167 | L63: 10500 | M63: 15393 | N63: 11300 | O63: =SUM(L63:N63) -> 37193 | P63: =AVERAGE(O60,O61,O62,O63) -> 40969.25 | R63: =((O63/O11)-1)*100 -> -11.60309 | V63: 54472 | W63: 91916 | X63: 0 | Y63: =SUM(V63:X63) -> 146388 | Z63: =AVERAGE(Y60,Y61,Y62,Y63) -> 123357.75 | AB63: =((Y63/Y11)-1)*100 -> -36.017553 | AF63: 0 | AG63: 19225 | AH63: 0 | AI63: =SUM(AF63:AH63) -> 19225 | AJ63: =AVERAGE(AI60,AI61,AI62,AI63) -> 21556.25 | AL63: =((AI63/AI11)-1)*100 -> -67.293297 | AP63: =SUM(B63,L63,V63,AF63) -> 478428 | AQ63: =SUM(C63,M63,W63,AG63) -> 211086 | AR63: =SUM(D63,N63,X63,AH63) -> 11300 | AS63: =SUM(E63,O63,Y63,AI63) -> 700814 | AT63: =AVERAGE(AS60,AS61,AS62,AS63) -> 728311.25 | AV63: =((AS63/AS11)-1)*100 -> -14.267539 | AZ63: =+E63/1000 -> 498.008 | BA63: =+O63/1000 -> 37.193 | BB63: =+Y63/1000 -> 146.388 | BC63: =+AI63/1000 -> 19.225 | BD63: =+AS63/1000 -> 700.814 | BE63: =AZ63 -> 498.008 | BF63: =BA63 -> 37.193 | BG63: =BB63 -> 146.388 | BH63: =BC63 -> 19.225 | BI63: =BD63 -> 700.814 | BJ63: 1
A64: 38003 | B64: 425615 | C64: 173006 | D64: 0 | E64: =SUM(B64:D64) -> 598621 | F64: =AVERAGE(E61,E62,E63,E64) -> 536290.75 | H64: =((E64/E12)-1)*100 -> 2.8455927 | L64: 0 | M64: 1500 | N64: 38900 | O64: =SUM(L64:N64) -> 40400 | P64: =AVERAGE(O61,O62,O63,O64) -> 37957.5 | R64: =((O64/O12)-1)*100 -> 57.290247 | V64: 72687 | W64: 129367 | X64: 10200 | Y64: =SUM(V64:X64) -> 212254 | Z64: =AVERAGE(Y61,Y62,Y63,Y64) -> 142376.25 | AB64: =((Y64/Y12)-1)*100 -> -48.086133 | AF64: 1535 | AG64: 19500 | AH64: 0 | AI64: =SUM(AF64:AH64) -> 21035 | AJ64: =AVERAGE(AI61,AI62,AI63,AI64) -> 14677.5 | AL64: =((AI64/AI12)-1)*100 -> 16.634322 | AP64: =SUM(B64,L64,V64,AF64) -> 499837 | AQ64: =SUM(C64,M64,W64,AG64) -> 323373 | AR64: =SUM(D64,N64,X64,AH64) -> 49100 | AS64: =SUM(E64,O64,Y64,AI64) -> 872310 | AT64: =AVERAGE(AS61,AS62,AS63,AS64) -> 731302 | AV64: =((AS64/AS12)-1)*100 -> -15.689189 | AZ64: =+E64/1000 -> 598.621 | BA64: =+O64/1000 -> 40.4 | BB64: =+Y64/1000 -> 212.254 | BC64: =+AI64/1000 -> 21.035 | BD64: =+AS64/1000 -> 872.31 | BE64: =BE63+AZ64 -> 1096.629 | BF64: =BF63+BA64 -> 77.593 | BG64: =BG63+BB64 -> 358.642 | BH64: =BH63+BC64 -> 40.26 | BI64: =BI63+BD64 -> 1573.124 | BJ64: 2
A65: 38010 | B65: 378386 | C65: 128101 | D65: 0 | E65: =SUM(B65:D65) -> 506487 | F65: =AVERAGE(E62,E63,E64,E65) -> 510477 | H65: =((E65/E13)-1)*100 -> -5.6174436 | I65: =((F65/F13)-1)*100 -> 2.2053218 | L65: 51725 | M65: 10624 | N65: 9200 | O65: =SUM(L65:N65) -> 71549 | P65: =AVERAGE(O62,O63,O64,O65) -> 44074 | R65: =((O65/O13)-1)*100 -> 81.481294 | S65: =((P65/P13)-1)*100 -> 38.033198 | V65: 51725 | W65: 81931 | X65: 9800 | Y65: =SUM(V65:X65) -> 143456 | Z65: =AVERAGE(Y62,Y63,Y64,Y65) -> 150387.25 | AB65: =((Y65/Y13)-1)*100 -> -50.838739 | AC65: =((Z65/Z13)-1)*100 -> -45.741775 | AF65: 1500 | AG65: 23238 | AH65: 0 | AI65: =SUM(AF65:AH65) -> 24738 | AJ65: =AVERAGE(AI62,AI63,AI64,AI65) -> 18249.5 | AL65: =((AI65/AI13)-1)*100 -> 36.976744 | AM65: =((AJ65/AJ13)-1)*100 -> -40.838655 | AP65: =SUM(B65,L65,V65,AF65) -> 483336 | AQ65: =SUM(C65,M65,W65,AG65) -> 243894 | AR65: =SUM(D65,N65,X65,AH65) -> 19000 | AS65: =SUM(E65,O65,Y65,AI65) -> 746230 | AT65: =AVERAGE(AS62,AS63,AS64,AS65) -> 723187.75 | AV65: =((AS65/AS13)-1)*100 -> -15.76817 | AW65: =((AT65/AT13)-1)*100 -> -13.845579 | AZ65: =+E65/1000 -> 506.487 | BA65: =+O65/1000 -> 71.549 | BB65: =+Y65/1000 -> 143.456 | BC65: =+AI65/1000 -> 24.738 | BD65: =+AS65/1000 -> 746.23 | BE65: =BE64+AZ65 -> 1603.116 | BF65: =BF64+BA65 -> 149.142 | BG65: =BG64+BB65 -> 502.098 | BH65: =BH64+BC65 -> 64.998 | BI65: =BI64+BD65 -> 2319.354 | BJ65: 3
A66: 38017 | B66: 241188 | C66: 173737 | D66: 0 | E66: =SUM(B66:D66) -> 414925 | F66: =AVERAGE(E63,E64,E65,E66) -> 504510.25 | H66: =((E66/E14)-1)*100 -> 26.013606 | I66: =((F66/F14)-1)*100 -> 4.2509017 | L66: 7983 | M66: 13890 | N66: 34000 | O66: =SUM(L66:N66) -> 55873 | P66: =AVERAGE(O63,O64,O65,O66) -> 51253.75 | R66: =((O66/O14)-1)*100 -> 163.55189 | S66: =((P66/P14)-1)*100 -> 59.687658 | V66: 66641 | W66: 130707 | X66: 19300 | Y66: =SUM(V66:X66) -> 216648 | Z66: =AVERAGE(Y63,Y64,Y65,Y66) -> 179686.5 | AB66: =((Y66/Y14)-1)*100 -> -17.857332 | AC66: =((Z66/Z14)-1)*100 -> -39.76341 | AF66: 9000 | AG66: 20950 | AH66: 0 | AI66: =SUM(AF66:AH66) -> 29950 | AJ66: =AVERAGE(AI63,AI64,AI65,AI66) -> 23737 | AL66: =((AI66/AI14)-1)*100 -> 105.51705 | AM66: =((AJ66/AJ14)-1)*100 -> -13.248301 | AP66: =SUM(B66,L66,V66,AF66) -> 324812 | AQ66: =SUM(C66,M66,W66,AG66) -> 339284 | AR66: =SUM(D66,N66,X66,AH66) -> 53300 | AS66: =SUM(E66,O66,Y66,AI66) -> 717396 | AT66: =AVERAGE(AS63,AS64,AS65,AS66) -> 759187.5 | AV66: =((AS66/AS14)-1)*100 -> 14.091691 | AW66: =((AT66/AT14)-1)*100 -> -9.8028628 | AZ66: =+E66/1000 -> 414.925 | BA66: =+O66/1000 -> 55.873 | BB66: =+Y66/1000 -> 216.648 | BC66: =+AI66/1000 -> 29.95 | BD66: =+AS66/1000 -> 717.396 | BE66: =BE65+AZ66 -> 2018.041 | BF66: =BF65+BA66 -> 205.015 | BG66: =BG65+BB66 -> 718.746 | BH66: =BH65+BC66 -> 94.948 | BI66: =BI65+BD66 -> 3036.75 | BJ66: 4
A67: 38024 | B67: 178264 | C67: 154722 | D67: 0 | E67: =SUM(B67:D67) -> 332986 | F67: =AVERAGE(E64,E65,E66,E67) -> 463254.75 | H67: =((E67/E15)-1)*100 -> 5.8317998 | I67: =((F67/F15)-1)*100 -> 5.1300439 | L67: 6200 | M67: 13630 | N67: 37700 | O67: =SUM(L67:N67) -> 57530 | P67: =AVERAGE(O64,O65,O66,O67) -> 56338 | R67: =((O67/O15)-1)*100 -> 23.17739 | S67: =((P67/P15)-1)*100 -> 69.418487 | V67: 39464 | W67: 75265 | X67: 15600 | Y67: =SUM(V67:X67) -> 130329 | Z67: =AVERAGE(Y64,Y65,Y66,Y67) -> 175671.75 | AB67: =((Y67/Y15)-1)*100 -> -51.401873 | AC67: =((Z67/Z15)-1)*100 -> -42.990926 | AF67: 1600 | AG67: 25500 | AH67: 0 | AI67: =SUM(AF67:AH67) -> 27100 | AJ67: =AVERAGE(AI64,AI65,AI66,AI67) -> 25705.75 | AL67: =((AI67/AI15)-1)*100 -> -19.152745 | AM67: =((AJ67/AJ15)-1)*100 -> 22.134984 | AP67: =SUM(B67,L67,V67,AF67) -> 225528 | AQ67: =SUM(C67,M67,W67,AG67) -> 269117 | AR67: =SUM(D67,N67,X67,AH67) -> 53300 | AS67: =SUM(E67,O67,Y67,AI67) -> 547945 | AT67: =AVERAGE(AS64,AS65,AS66,AS67) -> 720970.25 | AV67: =((AS67/AS15)-1)*100 -> -17.358557 | AW67: =((AT67/AT15)-1)*100 -> -10.226255 | AZ67: =+E67/1000 -> 332.986 | BA67: =+O67/1000 -> 57.53 | BB67: =+Y67/1000 -> 130.329 | BC67: =+AI67/1000 -> 27.1 | BD67: =+AS67/1000 -> 547.945 | BE67: =BE66+AZ67 -> 2351.027 | BF67: =BF66+BA67 -> 262.545 | BG67: =BG66+BB67 -> 849.075 | BH67: =BH66+BC67 -> 122.048 | BI67: =BI66+BD67 -> 3584.695 | BJ67: 5
A68: 38031 | B68: 173210 | C68: 148509 | D68: 0 | E68: =SUM(B68:D68) -> 321719 | F68: =AVERAGE(E65,E66,E67,E68) -> 394029.25 | H68: =((E68/E16)-1)*100 -> -11.122192 | I68: =((F68/F16)-1)*100 -> 2.1781918 | L68: 4859 | M68: 1493 | N68: 23000 | O68: =SUM(L68:N68) -> 29352 | P68: =AVERAGE(O65,O66,O67,O68) -> 53576 | R68: =((O68/O16)-1)*100 -> -36.329718 | S68: =((P68/P16)-1)*100 -> 39.675422 | V68: 40285 | W68: 54293 | X68: 14000 | Y68: =SUM(V68:X68) -> 108578 | Z68: =AVERAGE(Y65,Y66,Y67,Y68) -> 149752.75 | AB68: =((Y68/Y16)-1)*100 -> -45.538357 | AC68: =((Z68/Z16)-1)*100 -> -41.451144 | AF68: 0 | AG68: 1500 | AH68: 0 | AI68: =SUM(AF68:AH68) -> 1500 | AJ68: =AVERAGE(AI65,AI66,AI67,AI68) -> 20822 | AL68: =((AI68/AI16)-1)*100 -> -96.336907 | AM68: =((AJ68/AJ16)-1)*100 -> -22.234879 | AP68: =SUM(B68,L68,V68,AF68) -> 218354 | AQ68: =SUM(C68,M68,W68,AG68) -> 205795 | AR68: =SUM(D68,N68,X68,AH68) -> 37000 | AS68: =SUM(E68,O68,Y68,AI68) -> 461149 | AT68: =AVERAGE(AS65,AS66,AS67,AS68) -> 618180 | AV68: =((AS68/AS16)-1)*100 -> -28.878275 | AW68: =((AT68/AT16)-1)*100 -> -12.505582 | AZ68: =+E68/1000 -> 321.719 | BA68: =+O68/1000 -> 29.352 | BB68: =+Y68/1000 -> 108.578 | BC68: =+AI68/1000 -> 1.5 | BD68: =+AS68/1000 -> 461.149 | BE68: =BE67+AZ68 -> 2672.746 | BF68: =BF67+BA68 -> 291.897 | BG68: =BG67+BB68 -> 957.653 | BH68: =BH67+BC68 -> 123.548 | BI68: =BI67+BD68 -> 4045.844 | BJ68: 6
A69: 38038 | B69: 239587 | C69: 112199 | D69: 0 | E69: =SUM(B69:D69) -> 351786 | F69: =AVERAGE(E66,E67,E68,E69) -> 355354 | H69: =((E69/E17)-1)*100 -> 1.5680443 | I69: =((F69/F17)-1)*100 -> 5.1155822 | L69: 3248 | M69: 10500 | N69: 44000 | O69: =SUM(L69:N69) -> 57748 | P69: =AVERAGE(O66,O67,O68,O69) -> 50125.75 | R69: =((O69/O17)-1)*100 -> 38.817308 | S69: =((P69/P17)-1)*100 -> 28.853829 | V69: 18920 | W69: 61900 | X69: 4400 | Y69: =SUM(V69:X69) -> 85220 | Z69: =AVERAGE(Y66,Y67,Y68,Y69) -> 135193.75 | AB69: =((Y69/Y17)-1)*100 -> -52.203346 | AC69: =((Z69/Z17)-1)*100 -> -40.547128 | AF69: 29629 | AG69: 4700 | AH69: 0 | AI69: =SUM(AF69:AH69) -> 34329 | AJ69: =AVERAGE(AI66,AI67,AI68,AI69) -> 23219.75 | AL69: =((AI69/AI17)-1)*100 -> 63.869397 | AM69: =((AJ69/AJ17)-1)*100 -> -15.557637 | AP69: =SUM(B69,L69,V69,AF69) -> 291384 | AQ69: =SUM(C69,M69,W69,AG69) -> 189299 | AR69: =SUM(D69,N69,X69,AH69) -> 48400 | AS69: =SUM(E69,O69,Y69,AI69) -> 529083 | AT69: =AVERAGE(AS66,AS67,AS68,AS69) -> 563893.25 | AV69: =((AS69/AS17)-1)*100 -> -9.8974627 | AW69: =((AT69/AT17)-1)*100 -> -10.756015 | AZ69: =+E69/1000 -> 351.786 | BA69: =+O69/1000 -> 57.748 | BB69: =+Y69/1000 -> 85.22 | BC69: =+AI69/1000 -> 34.329 | BD69: =+AS69/1000 -> 529.083 | BE69: =BE68+AZ69 -> 3024.532 | BF69: =BF68+BA69 -> 349.645 | BG69: =BG68+BB69 -> 1042.873 | BH69: =BH68+BC69 -> 157.877 | BI69: =BI68+BD69 -> 4574.927 | BJ69: 7
A70: 38045 | B70: 353083 | C70: 137774 | D70: 0 | E70: =SUM(B70:D70) -> 490857 | F70: =AVERAGE(E67,E68,E69,E70) -> 374337 | H70: =((E70/E18)-1)*100 -> 18.168884 | I70: =((F70/F18)-1)*100 -> 4.1012767 | L70: 0 | M70: 6204 | N70: 25800 | O70: =SUM(L70:N70) -> 32004 | P70: =AVERAGE(O67,O68,O69,O70) -> 44158.5 | R70: =((O70/O18)-1)*100 -> -18.786002 | S70: =((P70/P18)-1)*100 -> 1.6235933 | V70: 77424 | W70: 52000 | X70: 13800 | Y70: =SUM(V70:X70) -> 143224 | Z70: =AVERAGE(Y67,Y68,Y69,Y70) -> 116837.75 | AB70: =((Y70/Y18)-1)*100 -> 6.9969669 | AC70: =((Z70/Z18)-1)*100 -> -40.059998 | AF70: 1500 | AG70: 7704 | AH70: 0 | AI70: =SUM(AF70:AH70) -> 9204 | AJ70: =AVERAGE(AI67,AI68,AI69,AI70) -> 18033.25 | AL70: =((AI70/AI18)-1)*100 -> -64.364256 | AM70: =((AJ70/AJ18)-1)*100 -> -40.506903 | AP70: =SUM(B70,L70,V70,AF70) -> 432007 | AQ70: =SUM(C70,M70,W70,AG70) -> 203682 | AR70: =SUM(D70,N70,X70,AH70) -> 39600 | AS70: =SUM(E70,O70,Y70,AI70) -> 675289 | AT70: =AVERAGE(AS67,AS68,AS69,AS70) -> 553366.5 | AV70: =((AS70/AS18)-1)*100 -> 9.8961885 | AW70: =((AT70/AT18)-1)*100 -> -11.92334 | AZ70: =+E70/1000 -> 490.857 | BA70: =+O70/1000 -> 32.004 | BB70: =+Y70/1000 -> 143.224 | BC70: =+AI70/1000 -> 9.204 | BD70: =+AS70/1000 -> 675.289 | BE70: =BE69+AZ70 -> 3515.389 | BF70: =BF69+BA70 -> 381.649 | BG70: =BG69+BB70 -> 1186.097 | BH70: =BH69+BC70 -> 167.081 | BI70: =BI69+BD70 -> 5250.216 | BJ70: 8
A71: 38052 | B71: 233314 | C71: 97980 | D71: 0 | E71: =SUM(B71:D71) -> 331294 | F71: =AVERAGE(E68,E69,E70,E71) -> 373914 | H71: =((E71/E19)-1)*100 -> -38.038248 | I71: =((F71/F19)-1)*100 -> -9.8130421 | L71: 9335 | M71: 4611 | N71: 23200 | O71: =SUM(L71:N71) -> 37146 | P71: =AVERAGE(O68,O69,O70,O71) -> 39062.5 | R71: =((O71/O19)-1)*100 -> -21.916253 | S71: =((P71/P19)-1)*100 -> -10.550209 | V71: 51832 | W71: 36045 | X71: 10600 | Y71: =SUM(V71:X71) -> 98477 | Z71: =AVERAGE(Y68,Y69,Y70,Y71) -> 108874.75 | AB71: =((Y71/Y19)-1)*100 -> -47.667609 | AC71: =((Z71/Z19)-1)*100 -> -37.758916 | AF71: 19043 | AG71: 37960 | AH71: 0 | AI71: =SUM(AF71:AH71) -> 57003 | AJ71: =AVERAGE(AI68,AI69,AI70,AI71) -> 25509 | AL71: =((AI71/AI19)-1)*100 -> 360.25838 | AM71: =((AJ71/AJ19)-1)*100 -> 1.9228656 | AP71: =SUM(B71,L71,V71,AF71) -> 313524 | AQ71: =SUM(C71,M71,W71,AG71) -> 176596 | AR71: =SUM(D71,N71,X71,AH71) -> 33800 | AS71: =SUM(E71,O71,Y71,AI71) -> 523920 | AT71: =AVERAGE(AS68,AS69,AS70,AS71) -> 547360.25 | AV71: =((AS71/AS19)-1)*100 -> -33.071711 | AW71: =((AT71/AT19)-1)*100 -> -16.842418 | AZ71: =+E71/1000 -> 331.294 | BA71: =+O71/1000 -> 37.146 | BB71: =+Y71/1000 -> 98.477 | BC71: =+AI71/1000 -> 57.003 | BD71: =+AS71/1000 -> 523.92 | BE71: =BE70+AZ71 -> 3846.683 | BF71: =BF70+BA71 -> 418.795 | BG71: =BG70+BB71 -> 1284.574 | BH71: =BH70+BC71 -> 224.084 | BI71: =BI70+BD71 -> 5774.136 | BJ71: 9
A72: 38059 | B72: 313150 | C72: 116569 | D72: 0 | E72: =SUM(B72:D72) -> 429719 | F72: =AVERAGE(E69,E70,E71,E72) -> 400914 | H72: =((E72/E20)-1)*100 -> -3.7958332 | I72: =((F72/F20)-1)*100 -> -7.9992427 | L72: 11142 | M72: 16081 | N72: 29900 | O72: =SUM(L72:N72) -> 57123 | P72: =AVERAGE(O69,O70,O71,O72) -> 46005.25 | R72: =((O72/O20)-1)*100 -> 96.738419 | S72: =((P72/P20)-1)*100 -> 16.754222 | V72: 55647 | W72: 36842 | X72: 1400 | Y72: =SUM(V72:X72) -> 93889 | Z72: =AVERAGE(Y69,Y70,Y71,Y72) -> 105202.5 | AB72: =((Y72/Y20)-1)*100 -> -26.561437 | AC72: =((Z72/Z20)-1)*100 -> -33.011026 | AF72: 0 | AG72: 13500 | AH72: 0 | AI72: =SUM(AF72:AH72) -> 13500 | AJ72: =AVERAGE(AI69,AI70,AI71,AI72) -> 28509 | AL72: =((AI72/AI20)-1)*100 -> 75.324675 | AM72: =((AJ72/AJ20)-1)*100 -> 70.554276 | AP72: =SUM(B72,L72,V72,AF72) -> 379939 | AQ72: =SUM(C72,M72,W72,AG72) -> 182992 | AR72: =SUM(D72,N72,X72,AH72) -> 31300 | AS72: =SUM(E72,O72,Y72,AI72) -> 594231 | AT72: =AVERAGE(AS69,AS70,AS71,AS72) -> 580630.75 | AV72: =((AS72/AS20)-1)*100 -> -2.7852487 | AW72: =((AT72/AT20)-1)*100 -> -10.52573 | AZ72: =+E72/1000 -> 429.719 | BA72: =+O72/1000 -> 57.123 | BB72: =+Y72/1000 -> 93.889 | BC72: =+AI72/1000 -> 13.5 | BD72: =+AS72/1000 -> 594.231 | BE72: =BE71+AZ72 -> 4276.402 | BF72: =BF71+BA72 -> 475.918 | BG72: =BG71+BB72 -> 1378.463 | BH72: =BH71+BC72 -> 237.584 | BI72: =BI71+BD72 -> 6368.367 | BJ72: 10
A73: 38066 | B73: 242416 | C73: 72695 | D73: 0 | E73: =SUM(B73:D73) -> 315111 | F73: =AVERAGE(E70,E71,E72,E73) -> 391745.25 | H73: =((E73/E21)-1)*100 -> -33.812724 | I73: =((F73/F21)-1)*100 -> -16.330624 | L73: 12200 | M73: 10500 | N73: 28200 | O73: =SUM(L73:N73) -> 50900 | P73: =AVERAGE(O70,O71,O72,O73) -> 44293.25 | R73: =((O73/O21)-1)*100 -> 29.417747 | S73: =((P73/P21)-1)*100 -> 14.052039 | V73: 28153 | W73: 7624 | X73: 4200 | Y73: =SUM(V73:X73) -> 39977 | Z73: =AVERAGE(Y70,Y71,Y72,Y73) -> 93891.75 | AB73: =((Y73/Y21)-1)*100 -> -70.754814 | AC73: =((Z73/Z21)-1)*100 -> -35.973112 | AF73: 0 | AG73: 0 | AH73: 0 | AI73: =SUM(AF73:AH73) -> 0 | AJ73: =AVERAGE(AI70,AI71,AI72,AI73) -> 19926.75 | AL73: =((AI73/AI21)-1)*100 -> -100 | AM73: =((AJ73/AJ21)-1)*100 -> 33.177945 | AP73: =SUM(B73,L73,V73,AF73) -> 282769 | AQ73: =SUM(C73,M73,W73,AG73) -> 90819 | AR73: =SUM(D73,N73,X73,AH73) -> 32400 | AS73: =SUM(E73,O73,Y73,AI73) -> 405988 | AT73: =AVERAGE(AS70,AS71,AS72,AS73) -> 549857 | AV73: =((AS73/AS21)-1)*100 -> -39.045692 | AW73: =((AT73/AT21)-1)*100 -> -17.765973 | AZ73: =+E73/1000 -> 315.111 | BA73: =+O73/1000 -> 50.9 | BB73: =+Y73/1000 -> 39.977 | BC73: =+AI73/1000 -> 0 | BD73: =+AS73/1000 -> 405.988 | BE73: =BE72+AZ73 -> 4591.513 | BF73: =BF72+BA73 -> 526.818 | BG73: =BG72+BB73 -> 1418.44 | BH73: =BH72+BC73 -> 237.584 | BI73: =BI72+BD73 -> 6774.355 | BJ73: 11
A74: 38073 | B74: 426381 | C74: 36000 | D74: 0 | E74: =SUM(B74:D74) -> 462381 | F74: =AVERAGE(E71,E72,E73,E74) -> 384626.25 | H74: =((E74/E22)-1)*100 -> -36.82189 | I74: =((F74/F22)-1)*100 -> -29.726425 | L74: 12354 | M74: 0 | N74: 26700 | O74: =SUM(L74:N74) -> 39054 | P74: =AVERAGE(O71,O72,O73,O74) -> 46055.75 | R74: =((O74/O22)-1)*100 -> 12.034195 | S74: =((P74/P22)-1)*100 -> 22.167034 | V74: 81408 | W74: 22300 | X74: 2800 | Y74: =SUM(V74:X74) -> 106508 | Z74: =AVERAGE(Y71,Y72,Y73,Y74) -> 84712.75 | AB74: =((Y74/Y22)-1)*100 -> -21.919536 | AC74: =((Z74/Z22)-1)*100 -> -42.482521 | AF74: 0 | AG74: 4500 | AH74: 0 | AI74: =SUM(AF74:AH74) -> 4500 | AJ74: =AVERAGE(AI71,AI72,AI73,AI74) -> 18750.75 | AL74: =((AI74/AI22)-1)*100 -> -83.588621 | AM74: =((AJ74/AJ22)-1)*100 -> 22.071222 | AP74: =SUM(B74,L74,V74,AF74) -> 520143 | AQ74: =SUM(C74,M74,W74,AG74) -> 62800 | AR74: =SUM(D74,N74,X74,AH74) -> 29500 | AS74: =SUM(E74,O74,Y74,AI74) -> 612443 | AT74: =AVERAGE(AS71,AS72,AS73,AS74) -> 534145.5 | AV74: =((AS74/AS22)-1)*100 -> -34.185261 | AW74: =((AT74/AT22)-1)*100 -> -28.558488 | AZ74: =+E74/1000 -> 462.381 | BA74: =+O74/1000 -> 39.054 | BB74: =+Y74/1000 -> 106.508 | BC74: =+AI74/1000 -> 4.5 | BD74: =+AS74/1000 -> 612.443 | BE74: =BE73+AZ74 -> 5053.894 | BF74: =BF73+BA74 -> 565.872 | BG74: =BG73+BB74 -> 1524.948 | BH74: =BH73+BC74 -> 242.084 | BI74: =BI73+BD74 -> 7386.798 | BJ74: 12
A75: 38080 | B75: 415004 | C75: 80080 | D75: 0 | E75: =SUM(B75:D75) -> 495084 | F75: =AVERAGE(E72,E73,E74,E75) -> 425573.75 | H75: =((E75/E23)-1)*100 -> -30.487795 | I75: =((F75/F23)-1)*100 -> -28.077887 | L75: 18779 | M75: 10660 | N75: 36500 | O75: =SUM(L75:N75) -> 65939 | P75: =AVERAGE(O72,O73,O74,O75) -> 53254 | R75: =((O75/O23)-1)*100 -> 121.83757 | S75: =((P75/P23)-1)*100 -> 60.22505 | V75: 82094 | W75: 31924 | X75: 8900 | Y75: =SUM(V75:X75) -> 122918 | Z75: =AVERAGE(Y72,Y73,Y74,Y75) -> 90823 | AB75: =((Y75/Y23)-1)*100 -> -25.152687 | AC75: =((Z75/Z23)-1)*100 -> -35.720554 | AF75: 8040 | AG75: 3000 | AH75: 4200 | AI75: =SUM(AF75:AH75) -> 15240 | AJ75: =AVERAGE(AI72,AI73,AI74,AI75) -> 8310 | AL75: =((AI75/AI23)-1)*100 -> 67.032004 | AM75: =((AJ75/AJ23)-1)*100 -> -42.867947 | AP75: =SUM(B75,L75,V75,AF75) -> 523917 | AQ75: =SUM(C75,M75,W75,AG75) -> 125664 | AR75: =SUM(D75,N75,X75,AH75) -> 49600 | AS75: =SUM(E75,O75,Y75,AI75) -> 699181 | AT75: =AVERAGE(AS72,AS73,AS74,AS75) -> 577960.75 | AV75: =((AS75/AS23)-1)*100 -> -23.611738 | AW75: =((AT75/AT23)-1)*100 -> -25.977534 | AZ75: =+E75/1000 -> 495.084 | BA75: =+O75/1000 -> 65.939 | BB75: =+Y75/1000 -> 122.918 | BC75: =+AI75/1000 -> 15.24 | BD75: =+AS75/1000 -> 699.181 | BE75: =BE74+AZ75 -> 5548.978 | BF75: =BF74+BA75 -> 631.811 | BG75: =BG74+BB75 -> 1647.866 | BH75: =BH74+BC75 -> 257.324 | BI75: =BI74+BD75 -> 8085.979 | BJ75: 13
A76: 38087 | B76: 453845 | C76: 43665 | D76: 0 | E76: =SUM(B76:D76) -> 497510 | F76: =AVERAGE(E73,E74,E75,E76) -> 442521.5 | H76: =((E76/E24)-1)*100 -> -20.910394 | I76: =((F76/F24)-1)*100 -> -30.563923 | L76: 14280 | M76: 15944 | N76: 35400 | O76: =SUM(L76:N76) -> 65624 | P76: =AVERAGE(O73,O74,O75,O76) -> 55379.25 | R76: =((O76/O24)-1)*100 -> 208.19518 | S76: =((P76/P24)-1)*100 -> 76.922032 | V76: 102248 | W76: 12200 | X76: 2900 | Y76: =SUM(V76:X76) -> 117348 | Z76: =AVERAGE(Y73,Y74,Y75,Y76) -> 96687.75 | AB76: =((Y76/Y24)-1)*100 -> -34.8501 | AC76: =((Z76/Z24)-1)*100 -> -37.363086 | AF76: 0 | AG76: 0 | AH76: 0 | AI76: =SUM(AF76:AH76) -> 0 | AJ76: =AVERAGE(AI73,AI74,AI75,AI76) -> 4935 | AL76: =((AI76/AI24)-1)*100 -> -100 | AM76: =((AJ76/AJ24)-1)*100 -> -71.127688 | AP76: =SUM(B76,L76,V76,AF76) -> 570373 | AQ76: =SUM(C76,M76,W76,AG76) -> 71809 | AR76: =SUM(D76,N76,X76,AH76) -> 38300 | AS76: =SUM(E76,O76,Y76,AI76) -> 680482 | AT76: =AVERAGE(AS73,AS74,AS75,AS76) -> 599523.5 | AV76: =((AS76/AS24)-1)*100 -> -19.787399 | AW76: =((AT76/AT24)-1)*100 -> -28.633592 | AZ76: =+E76/1000 -> 497.51 | BA76: =+O76/1000 -> 65.624 | BB76: =+Y76/1000 -> 117.348 | BC76: =+AI76/1000 -> 0 | BD76: =+AS76/1000 -> 680.482 | BE76: =BE75+AZ76 -> 6046.488 | BF76: =BF75+BA76 -> 697.435 | BG76: =BG75+BB76 -> 1765.214 | BH76: =BH75+BC76 -> 257.324 | BI76: =BI75+BD76 -> 8766.461 | BJ76: 14
... A80: 38115 | B80: 495833 | C80: 37800 | D80: 0 | E80: =SUM(B80:D80) -> 533633 | F80: =AVERAGE(E77,E78,E79,E80) -> 532893.5 | H80: =((E80/E28)-1)*100 -> 7.9350407 | I80: =((F80/F28)-1)*100 -> -3.1650725 | L80: 31331 | M80: 10800 | N80: 35200 | O80: =SUM(L80:N80) -> 77331 | P80: =AVERAGE(O77,O78,O79,O80) -> 60936.25 | R80: =((O80/O28)-1)*100 -> 204.53668 | S80: =((P80/P28)-1)*100 -> 141.8801 | V80: 50314 | W80: 6160 | X80: 2800 | Y80: =SUM(V80:X80) -> 59274 | Z80: =AVERAGE(Y77,Y78,Y79,Y80) -> 61986 | AB80: =((Y80/Y28)-1)*100 -> -53.45181 | AC80: =((Z80/Z28)-1)*100 -> -60.219803 | AF80: 0 | AG80: 7500 | AH80: 16000 | AI80: =SUM(AF80:AH80) -> 23500 | AJ80: =AVERAGE(AI77,AI78,AI79,AI80) -> 11607.25 | AL80: =((AI80/AI28)-1)*100 -> 683.33333 | AM80: =((AJ80/AJ28)-1)*100 -> 62.720359 | AP80: =SUM(B80,L80,V80,AF80) -> 577478 | AQ80: =SUM(C80,M80,W80,AG80) -> 62260 | AR80: =SUM(D80,N80,X80,AH80) -> 54000 | AS80: =SUM(E80,O80,Y80,AI80) -> 693738 | AT80: =AVERAGE(AS77,AS78,AS79,AS80) -> 667423 | AV80: =((AS80/AS28)-1)*100 -> 6.706925 | AW80: =((AT80/AT28)-1)*100 -> -9.6194302 | AZ80: =+E80/1000 -> 533.633 | BA80: =+O80/1000 -> 77.331 | BB80: =+Y80/1000 -> 59.274 | BC80: =+AI80/1000 -> 23.5 | BD80: =+AS80/1000 -> 693.738 | BE80: =BE79+AZ80 -> 8178.062 | BF80: =BF79+BA80 -> 941.18 | BG80: =BG79+BB80 -> 2013.158 | BH80: =BH79+BC80 -> 303.753 | BI80: =BI79+BD80 -> 11436.153 | BJ80: 18
A81: 38122 | B81: 430491 | C81: 43970 | D81: 0 | E81: =SUM(B81:D81) -> 474461 | F81: =AVERAGE(E78,E79,E80,E81) -> 511274.75 | H81: =((E81/E29)-1)*100 -> -15.678361 | I81: =((F81/F29)-1)*100 -> -8.9949569 | L81: 10715 | M81: 6080 | N81: 31700 | O81: =SUM(L81:N81) -> 48495 | P81: =AVERAGE(O78,O79,O80,O81) -> 56166.5 | R81: =((O81/O29)-1)*100 -> 171.71112 | S81: =((P81/P29)-1)*100 -> 109.38313 | V81: 52060 | W81: 12300 | X81: 2800 | Y81: =SUM(V81:X81) -> 67160 | Z81: =AVERAGE(Y78,Y79,Y80,Y81) -> 58337 | AB81: =((Y81/Y29)-1)*100 -> -1.0767259 | AC81: =((Z81/Z29)-1)*100 -> -51.347012 | AF81: 0 | AG81: 10500 | AH81: 0 | AI81: =SUM(AF81:AH81) -> 10500 | AJ81: =AVERAGE(AI78,AI79,AI80,AI81) -> 11957.25 | AM81: =((AJ81/AJ29)-1)*100 -> 161.60368 | AP81: =SUM(B81,L81,V81,AF81) -> 493266 | AQ81: =SUM(C81,M81,W81,AG81) -> 72850 | AR81: =SUM(D81,N81,X81,AH81) -> 34500 | AS81: =SUM(E81,O81,Y81,AI81) -> 600616 | AT81: =AVERAGE(AS78,AS79,AS80,AS81) -> 637735.5 | AV81: =((AS81/AS29)-1)*100 -> -7.3722392 | AW81: =((AT81/AT29)-1)*100 -> -10.569703 | AZ81: =+E81/1000 -> 474.461 | BA81: =+O81/1000 -> 48.495 | BB81: =+Y81/1000 -> 67.16 | BC81: =+AI81/1000 -> 10.5 | BD81: =+AS81/1000 -> 600.616 | BE81: =BE80+AZ81 -> 8652.523 | BF81: =BF80+BA81 -> 989.675 | BG81: =BG80+BB81 -> 2080.318 | BH81: =BH80+BC81 -> 314.253 | BI81: =BI80+BD81 -> 12036.769 | BJ81: 19
A82: 38129 | B82: 471516 | C82: 13680 | D82: 0 | E82: =SUM(B82:D82) -> 485196 | F82: =AVERAGE(E79,E80,E81,E82) -> 505904.75 | H82: =((E82/E30)-1)*100 -> -39.705709 | I82: =((F82/F30)-1)*100 -> -16.164422 | L82: 15301 | M82: 2900 | N82: 38000 | O82: =SUM(L82:N82) -> 56201 | P82: =AVERAGE(O79,O80,O81,O82) -> 57391.75 | R82: =((O82/O30)-1)*100 -> 111.08357 | S82: =((P82/P30)-1)*100 -> 102.72428 | V82: 43817 | W82: 13500 | X82: 2900 | Y82: =SUM(V82:X82) -> 60217 | Z82: =AVERAGE(Y79,Y80,Y81,Y82) -> 63912.25 | AB82: =((Y82/Y30)-1)*100 -> -57.522767 | AC82: =((Z82/Z30)-1)*100 -> -43.635269 | AF82: 1535 | AG82: 3000 | AH82: 5900 | AI82: =SUM(AF82:AH82) -> 10435 | AJ82: =AVERAGE(AI79,AI80,AI81,AI82) -> 12233.75 | AL82: =((AI82/AI30)-1)*100 -> -57.408163 | AM82: =((AJ82/AJ30)-1)*100 -> 51.581328 | AP82: =SUM(B82,L82,V82,AF82) -> 532169 | AQ82: =SUM(C82,M82,W82,AG82) -> 33080 | AR82: =SUM(D82,N82,X82,AH82) -> 46800 | AS82: =SUM(E82,O82,Y82,AI82) -> 612049 | AT82: =AVERAGE(AS79,AS80,AS81,AS82) -> 639442.5 | AV82: =((AS82/AS30)-1)*100 -> -38.647916 | AW82: =((AT82/AT30)-1)*100 -> -15.105509 | AZ82: =+E82/1000 -> 485.196 | BA82: =+O82/1000 -> 56.201 | BB82: =+Y82/1000 -> 60.217 | BC82: =+AI82/1000 -> 10.435 | BD82: =+AS82/1000 -> 612.049 | BE82: =BE81+AZ82 -> 9137.719 | BF82: =BF81+BA82 -> 1045.876 | BG82: =BG81+BB82 -> 2140.535 | BH82: =BH81+BC82 -> 324.688 | BI82: =BI81+BD82 -> 12648.818 | BJ82: 20
A83: 38136 | B83: 650816 | C83: 22700 | D83: 0 | E83: =SUM(B83:D83) -> 673516 | F83: =AVERAGE(E80,E81,E82,E83) -> 541701.5 | H83: =((E83/E31)-1)*100 -> 6.974033 | I83: =((F83/F31)-1)*100 -> -13.028648 | L83: 23743 | M83: 4600 | N83: 16000 | O83: =SUM(L83:N83) -> 44343 | P83: =AVERAGE(O80,O81,O82,O83) -> 56592.5 | R83: =((O83/O31)-1)*100 -> 47.426691 | S83: =((P83/P31)-1)*100 -> 126.49684 | V83: 56896 | W83: 10400 | X83: 0 | Y83: =SUM(V83:X83) -> 67296 | Z83: =AVERAGE(Y80,Y81,Y82,Y83) -> 63486.75 | AB83: =((Y83/Y31)-1)*100 -> -53.055744 | AC83: =((Z83/Z31)-1)*100 -> -47.132484 | AF83: 3506 | AG83: 10500 | AH83: 0 | AI83: =SUM(AF83:AH83) -> 14006 | AJ83: =AVERAGE(AI80,AI81,AI82,AI83) -> 14610.25 | AL83: =((AI83/AI31)-1)*100 -> 366.86667 | AM83: =((AJ83/AJ31)-1)*100 -> 91.609836 | AP83: =SUM(B83,L83,V83,AF83) -> 734961 | AQ83: =SUM(C83,M83,W83,AG83) -> 48200 | AR83: =SUM(D83,N83,X83,AH83) -> 16000 | AS83: =SUM(E83,O83,Y83,AI83) -> 799161 | AT83: =AVERAGE(AS80,AS81,AS82,AS83) -> 676391 | AV83: =((AS83/AS31)-1)*100 -> -0.85318558 | AW83: =((AT83/AT31)-1)*100 -> -12.785411 | AZ83: =+E83/1000 -> 673.516 | BA83: =+O83/1000 -> 44.343 | BB83: =+Y83/1000 -> 67.296 | BC83: =+AI83/1000 -> 14.006 | BD83: =+AS83/1000 -> 799.161 | BE83: =BE82+AZ83 -> 9811.235 | BF83: =BF82+BA83 -> 1090.219 | BG83: =BG82+BB83 -> 2207.831 | BH83: =BH82+BC83 -> 338.694 | BI83: =BI82+BD83 -> 13447.979 | BJ83: 21
A84: 38143 | B84: 597121 | C84: 33550 | D84: 0 | E84: =SUM(B84:D84) -> 630671 | F84: =AVERAGE(E81,E82,E83,E84) -> 565961 | H84: =((E84/E32)-1)*100 -> -19.687369 | I84: =((F84/F32)-1)*100 -> -18.633202 | L84: 14028 | M84: 6250 | N84: 17100 | O84: =SUM(L84:N84) -> 37378 | P84: =AVERAGE(O81,O82,O83,O84) -> 46604.25 | R84: =((O84/O32)-1)*100 -> 105.17071 | S84: =((P84/P32)-1)*100 -> 100.94751 | V84: 56882 | W84: 18200 | X84: 10400 | Y84: =SUM(V84:X84) -> 85482 | Z84: =AVERAGE(Y81,Y82,Y83,Y84) -> 70038.75 | AB84: =((Y84/Y32)-1)*100 -> 34.914773 | AC84: =((Z84/Z32)-1)*100 -> -32.714408 | AF84: 1500 | AG84: 1500 | AH84: 0 | AI84: =SUM(AF84:AH84) -> 3000 | AJ84: =AVERAGE(AI81,AI82,AI83,AI84) -> 9485.25 | AL84: =((AI84/AI32)-1)*100 -> 100 | AM84: =((AJ84/AJ32)-1)*100 -> 30.831034 | AP84: =SUM(B84,L84,V84,AF84) -> 669531 | AQ84: =SUM(C84,M84,W84,AG84) -> 59500 | AR84: =SUM(D84,N84,X84,AH84) -> 27500 | AS84: =SUM(E84,O84,Y84,AI84) -> 756531 | AT84: =AVERAGE(AS81,AS82,AS83,AS84) -> 692089.25 | AV84: =((AS84/AS32)-1)*100 -> -12.87698 | AW84: =((AT84/AT32)-1)*100 -> -16.625949 | AZ84: =+E84/1000 -> 630.671 | BA84: =+O84/1000 -> 37.378 | BB84: =+Y84/1000 -> 85.482 | BC84: =+AI84/1000 -> 3 | BD84: =+AS84/1000 -> 756.531 | BE84: =BE83+AZ84 -> 10441.906 | BF84: =BF83+BA84 -> 1127.597 | BG84: =BG83+BB84 -> 2293.313 | BH84: =BH83+BC84 -> 341.694 | BI84: =BI83+BD84 -> 14204.51 | BJ84: 22
A85: 38150 | B85: 643573 | C85: 4500 | D85: 0 | E85: =SUM(B85:D85) -> 648073 | F85: =AVERAGE(E82,E83,E84,E85) -> 609364 | H85: =((E85/E33)-1)*100 -> -13.898052 | I85: =((F85/F33)-1)*100 -> -17.99348 | L85: 15651 | M85: 1500 | N85: 22500 | O85: =SUM(L85:N85) -> 39651 | P85: =AVERAGE(O82,O83,O84,O85) -> 44393.25 | R85: =((O85/O33)-1)*100 -> 63.240016 | S85: =((P85/P33)-1)*100 -> 78.985193 | V85: 29232 | W85: 3000 | X85: 1400 | Y85: =SUM(V85:X85) -> 33632 | Z85: =AVERAGE(Y82,Y83,Y84,Y85) -> 61656.75 | AB85: =((Y85/Y33)-1)*100 -> -75.53289 | AC85: =((Z85/Z33)-1)*100 -> -49.246811 | AF85: 14000 | AG85: 0 | AH85: 0 | AI85: =SUM(AF85:AH85) -> 14000 | AJ85: =AVERAGE(AI82,AI83,AI84,AI85) -> 10360.25 | AL85: =((AI85/AI33)-1)*100 -> -15.151515 | AM85: =((AJ85/AJ33)-1)*100 -> -8.9208791 | AP85: =SUM(B85,L85,V85,AF85) -> 702456 | AQ85: =SUM(C85,M85,W85,AG85) -> 9000 | AR85: =SUM(D85,N85,X85,AH85) -> 23900 | AS85: =SUM(E85,O85,Y85,AI85) -> 735356 | AT85: =AVERAGE(AS82,AS83,AS84,AS85) -> 725774.25 | AV85: =((AS85/AS33)-1)*100 -> -21.008369 | AW85: =((AT85/AT33)-1)*100 -> -19.423683 | AZ85: =+E85/1000 -> 648.073 | BA85: =+O85/1000 -> 39.651 | BB85: =+Y85/1000 -> 33.632 | BC85: =+AI85/1000 -> 14 | BD85: =+AS85/1000 -> 735.356 | BE85: =BE84+AZ85 -> 11089.979 | BF85: =BF84+BA85 -> 1167.248 | BG85: =BG84+BB85 -> 2326.945 | BH85: =BH84+BC85 -> 355.694 | BI85: =BI84+BD85 -> 14939.866 | BJ85: 23
A86: 38157 | B86: 702167 | C86: 15293 | D86: 0 | E86: =SUM(B86:D86) -> 717460 | F86: =AVERAGE(E83,E84,E85,E86) -> 667430 | H86: =((E86/E34)-1)*100 -> 17.232026 | I86: =((F86/F34)-1)*100 -> -3.9516355 | L86: 12344 | M86: 0 | N86: 41400 | O86: =SUM(L86:N86) -> 53744 | P86: =AVERAGE(O83,O84,O85,O86) -> 43779 | R86: =((O86/O34)-1)*100 -> 56.169001 | S86: =((P86/P34)-1)*100 -> 63.659813 | V86: 21664 | W86: 1500 | X86: 0 | Y86: =SUM(V86:X86) -> 23164 | Z86: =AVERAGE(Y83,Y84,Y85,Y86) -> 52393.5 | AB86: =((Y86/Y34)-1)*100 -> -72.781858 | AC86: =((Z86/Z34)-1)*100 -> -51.179661 | AF86: 1600 | AG86: 10500 | AH86: 0 | AI86: =SUM(AF86:AH86) -> 12100 | AJ86: =AVERAGE(AI83,AI84,AI85,AI86) -> 10776.5 | AL86: =((AI86/AI34)-1)*100 -> -9.7014925 | AM86: =((AJ86/AJ34)-1)*100 -> 25.30814 | AP86: =SUM(B86,L86,V86,AF86) -> 737775 | AQ86: =SUM(C86,M86,W86,AG86) -> 27293 | AR86: =SUM(D86,N86,X86,AH86) -> 41400 | AS86: =SUM(E86,O86,Y86,AI86) -> 806468 | AT86: =AVERAGE(AS83,AS84,AS85,AS86) -> 774379 | AV86: =((AS86/AS34)-1)*100 -> 8.2625091 | AW86: =((AT86/AT34)-1)*100 -> -7.543294 | AZ86: =+E86/1000 -> 717.46 | BA86: =+O86/1000 -> 53.744 | BB86: =+Y86/1000 -> 23.164 | BC86: =+AI86/1000 -> 12.1 | BD86: =+AS86/1000 -> 806.468 | BE86: =BE85+AZ86 -> 11807.439 | BF86: =BF85+BA86 -> 1220.992 | BG86: =BG85+BB86 -> 2350.109 | BH86: =BH85+BC86 -> 367.794 | BI86: =BI85+BD86 -> 15746.334 | BJ86: 24
A87: 38164 | B87: 514714 | C87: 29600 | D87: 49300 | E87: =SUM(B87:D87) -> 593614 | F87: =AVERAGE(E84,E85,E86,E87) -> 647454.5 | H87: =((E87/E35)-1)*100 -> -25.784706 | I87: =((F87/F35)-1)*100 -> -12.203756 | L87: 3244 | M87: 1600 | N87: 1400 | O87: =SUM(L87:N87) -> 6244 | P87: =AVERAGE(O84,O85,O86,O87) -> 34254.25 | R87: =((O87/O35)-1)*100 -> -89.461426 | S87: =((P87/P35)-1)*100 -> 0.62127766 | V87: 72080 | W87: 4500 | X87: 0 | Y87: =SUM(V87:X87) -> 76580 | Z87: =AVERAGE(Y84,Y85,Y86,Y87) -> 54714.5 | AB87: =((Y87/Y35)-1)*100 -> -25.068493 | AC87: =((Z87/Z35)-1)*100 -> -43.611175 | AF87: 0 | AG87: 0 | AH87: 0 | AI87: =SUM(AF87:AH87) -> 0 | AJ87: =AVERAGE(AI84,AI85,AI86,AI87) -> 7275 | AL87: =((AI87/AI35)-1)*100 -> -100 | AM87: =((AJ87/AJ35)-1)*100 -> -19.497621 | AP87: =SUM(B87,L87,V87,AF87) -> 590038 | AQ87: =SUM(C87,M87,W87,AG87) -> 35700 | AR87: =SUM(D87,N87,X87,AH87) -> 50700 | AS87: =SUM(E87,O87,Y87,AI87) -> 676438 | AT87: =AVERAGE(AS84,AS85,AS86,AS87) -> 743698.25 | AV87: =((AS87/AS35)-1)*100 -> -29.979059 | AW87: =((AT87/AT35)-1)*100 -> -15.254026 | AZ87: =+E87/1000 -> 593.614 | BA87: =+O87/1000 -> 6.244 | BB87: =+Y87/1000 -> 76.58 | BC87: =+AI87/1000 -> 0 | BD87: =+AS87/1000 -> 676.438 | BE87: =BE86+AZ87 -> 12401.053 | BF87: =BF86+BA87 -> 1227.236 | BG87: =BG86+BB87 -> 2426.689 | BH87: =BH86+BC87 -> 367.794 | BI87: =BI86+BD87 -> 16422.772 | BJ87: 25
A88: 38171 | B88: 594878 | C88: 11150 | D88: 0 | E88: =SUM(B88:D88) -> 606028 | F88: =AVERAGE(E85,E86,E87,E88) -> 641293.75 | H88: =((E88/E36)-1)*100 -> -27.442999 | I88: =((F88/F36)-1)*100 -> -14.487867 | L88: 14285 | M88: 8800 | N88: 52700 | O88: =SUM(L88:N88) -> 75785 | P88: =AVERAGE(O85,O86,O87,O88) -> 43856 | R88: =((O88/O36)-1)*100 -> -17.029779 | S88: =((P88/P36)-1)*100 -> -16.182577 | V88: 36922 | W88: 12150 | X88: 0 | Y88: =SUM(V88:X88) -> 49072 | Z88: =AVERAGE(Y85,Y86,Y87,Y88) -> 45612 | AB88: =((Y88/Y36)-1)*100 -> -45.733022 | AC88: =((Z88/Z36)-1)*100 -> -56.056745 | AF88: 1500 | AG88: 0 | AH88: 0 | AI88: =SUM(AF88:AH88) -> 1500 | AJ88: =AVERAGE(AI85,AI86,AI87,AI88) -> 6900 | AL88: =((AI88/AI36)-1)*100 -> -85.902256 | AM88: =((AJ88/AJ36)-1)*100 -> -39.056704 | AP88: =SUM(B88,L88,V88,AF88) -> 647585 | AQ88: =SUM(C88,M88,W88,AG88) -> 32100 | AR88: =SUM(D88,N88,X88,AH88) -> 52700 | AS88: =SUM(E88,O88,Y88,AI88) -> 732385 | AT88: =AVERAGE(AS85,AS86,AS87,AS88) -> 737661.75 | AV88: =((AS88/AS36)-1)*100 -> -28.732128 | AW88: =((AT88/AT36)-1)*100 -> -19.59104 | AZ88: =+E88/1000 -> 606.028 | BA88: =+O88/1000 -> 75.785 | BB88: =+Y88/1000 -> 49.072 | BC88: =+AI88/1000 -> 1.5 | BD88: =+AS88/1000 -> 732.385 | BE88: =BE87+AZ88 -> 13007.081 | BF88: =BF87+BA88 -> 1303.021 | BG88: =BG87+BB88 -> 2475.761 | BH88: =BH87+BC88 -> 369.294 | BI88: =BI87+BD88 -> 17155.157 | BJ88: 26
A89: 38178 | B89: 502651 | C89: 10500 | D89: 0 | E89: =SUM(B89:D89) -> 513151 | F89: =AVERAGE(E86,E87,E88,E89) -> 607563.25 | H89: =((E89/E37)-1)*100 -> -12.394943 | I89: =((F89/F37)-1)*100 -> -14.211821 | L89: 29570 | M89: 4400 | N89: 41200 | O89: =SUM(L89:N89) -> 75170 | P89: =AVERAGE(O86,O87,O88,O89) -> 52735.75 | R89: =((O89/O37)-1)*100 -> 22.398802 | S89: =((P89/P37)-1)*100 -> -14.395922 | V89: 38335 | W89: 6000 | X89: 1400 | Y89: =SUM(V89:X89) -> 45735 | Z89: =AVERAGE(Y86,Y87,Y88,Y89) -> 48637.75 | AB89: =((Y89/Y37)-1)*100 -> -56.566127 | AC89: =((Z89/Z37)-1)*100 -> -49.207373 | AF89: 1624 | AG89: 0 | AH89: 0 | AI89: =SUM(AF89:AH89) -> 1624 | AJ89: =AVERAGE(AI86,AI87,AI88,AI89) -> 3806 | AM89: =((AJ89/AJ37)-1)*100 -> -47.116854 | AP89: =SUM(B89,L89,V89,AF89) -> 572180 | AQ89: =SUM(C89,M89,W89,AG89) -> 20900 | AR89: =SUM(D89,N89,X89,AH89) -> 42600 | AS89: =SUM(E89,O89,Y89,AI89) -> 635680 | AT89: =AVERAGE(AS86,AS87,AS88,AS89) -> 712742.75 | AV89: =((AS89/AS37)-1)*100 -> -15.520548 | AW89: =((AT89/AT37)-1)*100 -> -18.335745 | AZ89: =+E89/1000 -> 513.151 | BA89: =+O89/1000 -> 75.17 | BB89: =+Y89/1000 -> 45.735 | BC89: =+AI89/1000 -> 1.624 | BD89: =+AS89/1000 -> 635.68 | BE89: =BE88+AZ89 -> 13520.232 | BF89: =BF88+BA89 -> 1378.191 | BG89: =BG88+BB89 -> 2521.496 | BH89: =BH88+BC89 -> 370.918 | BI89: =BI88+BD89 -> 17790.837 | BJ89: 27
A90: 38185 | B90: 626215 | C90: 13600 | D90: 0 | E90: =SUM(B90:D90) -> 639815 | F90: =AVERAGE(E87,E88,E89,E90) -> 588152 | H90: =((E90/E38)-1)*100 -> -16.947806 | I90: =((F90/F38)-1)*100 -> -21.349813 | L90: 28266 | M90: 26595 | N90: 48000 | O90: =SUM(L90:N90) -> 102861 | P90: =AVERAGE(O87,O88,O89,O90) -> 65015 | R90: =((O90/O38)-1)*100 -> -8.0259664 | S90: =((P90/P38)-1)*100 -> -19.694911 | V90: 21871 | W90: 2700 | X90: 0 | Y90: =SUM(V90:X90) -> 24571 | Z90: =AVERAGE(Y87,Y88,Y89,Y90) -> 48989.5 | AB90: =((Y90/Y38)-1)*100 -> -82.394205 | AC90: =((Z90/Z38)-1)*100 -> -55.208269 | AF90: 1500 | AG90: 0 | AH90: 0 | AI90: =SUM(AF90:AH90) -> 1500 | AJ90: =AVERAGE(AI87,AI88,AI89,AI90) -> 1156 | AL90: =((AI90/AI38)-1)*100 -> -52.755906 | AM90: =((AJ90/AJ38)-1)*100 -> -75.090233 | AP90: =SUM(B90,L90,V90,AF90) -> 677852 | AQ90: =SUM(C90,M90,W90,AG90) -> 42895 | AR90: =SUM(D90,N90,X90,AH90) -> 48000 | AS90: =SUM(E90,O90,Y90,AI90) -> 768747 | AT90: =AVERAGE(AS87,AS88,AS89,AS90) -> 703312.5 | AV90: =((AS90/AS38)-1)*100 -> -24.996707 | AW90: =((AT90/AT38)-1)*100 -> -25.400146 | AZ90: =+E90/1000 -> 639.815 | BA90: =+O90/1000 -> 102.861 | BB90: =+Y90/1000 -> 24.571 | BC90: =+AI90/1000 -> 1.5 | BD90: =+AS90/1000 -> 768.747 | BE90: =BE89+AZ90 -> 14160.047 | BF90: =BF89+BA90 -> 1481.052 | BG90: =BG89+BB90 -> 2546.067 | BH90: =BH89+BC90 -> 372.418 | BI90: =BI89+BD90 -> 18559.584 | BJ90: 28
A91: 38192 | B91: 511989 | C91: 13600 | D91: 0 | E91: =SUM(B91:D91) -> 525589 | F91: =AVERAGE(E88,E89,E90,E91) -> 571145.75 | H91: =((E91/E39)-1)*100 -> -7.916282 | I91: =((F91/F39)-1)*100 -> -17.289654 | L91: 33920 | M91: 26743 | N91: 54500 | O91: =SUM(L91:N91) -> 115163 | P91: =AVERAGE(O88,O89,O90,O91) -> 92244.75 | R91: =((O91/O39)-1)*100 -> 0.1278083 | S91: =((P91/P39)-1)*100 -> -2.7997376 | V91: 34144 | W91: 5400 | X91: 1400 | Y91: =SUM(V91:X91) -> 40944 | Z91: =AVERAGE(Y88,Y89,Y90,Y91) -> 40080.5 | AB91: =((Y91/Y39)-1)*100 -> -72.693077 | AC91: =((Z91/Z39)-1)*100 -> -66.959382 | AF91: 0 | AG91: 1500 | AH91: 7600 | AI91: =SUM(AF91:AH91) -> 9100 | AJ91: =AVERAGE(AI88,AI89,AI90,AI91) -> 3431 | AL91: =((AI91/AI39)-1)*100 -> 454.87805 | AM91: =((AJ91/AJ39)-1)*100 -> -11.200259 | AP91: =SUM(B91,L91,V91,AF91) -> 580053 | AQ91: =SUM(C91,M91,W91,AG91) -> 47243 | AR91: =SUM(D91,N91,X91,AH91) -> 63500 | AS91: =SUM(E91,O91,Y91,AI91) -> 690796 | AT91: =AVERAGE(AS88,AS89,AS90,AS91) -> 706902 | AV91: =((AS91/AS39)-1)*100 -> -17.503992 | AW91: =((AT91/AT39)-1)*100 -> -22.370456 | AZ91: =+E91/1000 -> 525.589 | BA91: =+O91/1000 -> 115.163 | BB91: =+Y91/1000 -> 40.944 | BC91: =+AI91/1000 -> 9.1 | BD91: =+AS91/1000 -> 690.796 | BE91: =BE90+AZ91 -> 14685.636 | BF91: =BF90+BA91 -> 1596.215 | BG91: =BG90+BB91 -> 2587.011 | BH91: =BH90+BC91 -> 381.518 | BI91: =BI90+BD91 -> 19250.38 | BJ91: 29
A92: 38199 | B92: 417094 | C92: 10500 | D92: 0 | E92: =SUM(B92:D92) -> 427594 | F92: =AVERAGE(E89,E90,E91,E92) -> 526537.25 | H92: =((E92/E40)-1)*100 -> -27.882749 | I92: =((F92/F40)-1)*100 -> -16.416688 | L92: 25488 | M92: 14900 | N92: 10400 | O92: =SUM(L92:N92) -> 50788 | P92: =AVERAGE(O89,O90,O91,O92) -> 85995.5 | R92: =((O92/O40)-1)*100 -> -61.078712 | S92: =((P92/P40)-1)*100 -> -17.856222 | V92: 12623 | W92: 25425 | X92: 0 | Y92: =SUM(V92:X92) -> 38048 | Z92: =AVERAGE(Y89,Y90,Y91,Y92) -> 37324.5 | AB92: =((Y92/Y40)-1)*100 -> -75.47047 | AC92: =((Z92/Z40)-1)*100 -> -72.850516 | AF92: 1500 | AG92: 13500 | AH92: 0 | AI92: =SUM(AF92:AH92) -> 15000 | AJ92: =AVERAGE(AI89,AI90,AI91,AI92) -> 6806 | AL92: =((AI92/AI40)-1)*100 -> -20.106525 | AM92: =((AJ92/AJ40)-1)*100 -> 15.404833 | AP92: =SUM(B92,L92,V92,AF92) -> 456705 | AQ92: =SUM(C92,M92,W92,AG92) -> 64325 | AR92: =SUM(D92,N92,X92,AH92) -> 10400 | AS92: =SUM(E92,O92,Y92,AI92) -> 531430 | AT92: =AVERAGE(AS89,AS90,AS91,AS92) -> 656663.25 | AV92: =((AS92/AS40)-1)*100 -> -40.773886 | AW92: =((AT92/AT40)-1)*100 -> -25.210837 | AZ92: =+E92/1000 -> 427.594 | BA92: =+O92/1000 -> 50.788 | BB92: =+Y92/1000 -> 38.048 | BC92: =+AI92/1000 -> 15 | BD92: =+AS92/1000 -> 531.43 | BE92: =BE91+AZ92 -> 15113.23 | BF92: =BF91+BA92 -> 1647.003 | BG92: =BG91+BB92 -> 2625.059 | BH92: =BH91+BC92 -> 396.518 | BI92: =BI91+BD92 -> 19781.81 | BJ92: 30
A93: 38206 | B93: 412612 | C93: 28463 | D93: 0 | E93: =SUM(B93:D93) -> 441075 | F93: =AVERAGE(E90,E91,E92,E93) -> 508518.25 | H93: =((E93/E41)-1)*100 -> -17.969295 | I93: =((F93/F41)-1)*100 -> -17.707504 | L93: 32924 | M93: 17358 | N93: 36400 | O93: =SUM(L93:N93) -> 86682 | P93: =AVERAGE(O90,O91,O92,O93) -> 88873.5 | R93: =((O93/O41)-1)*100 -> -31.290376 | S93: =((P93/P41)-1)*100 -> -26.474719 | V93: 33080 | W93: 6800 | X93: 0 | Y93: =SUM(V93:X93) -> 39880 | Z93: =AVERAGE(Y90,Y91,Y92,Y93) -> 35860.75 | AB93: =((Y93/Y41)-1)*100 -> -71.823423 | AC93: =((Z93/Z41)-1)*100 -> -75.527895 | AF93: 0 | AG93: 0 | AH93: 1800 | AI93: =SUM(AF93:AH93) -> 1800 | AJ93: =AVERAGE(AI90,AI91,AI92,AI93) -> 6850 | AL93: =((AI93/AI41)-1)*100 -> -89.944134 | AM93: =((AJ93/AJ41)-1)*100 -> -33.95999 | AP93: =SUM(B93,L93,V93,AF93) -> 478616 | AQ93: =SUM(C93,M93,W93,AG93) -> 52621 | AR93: =SUM(D93,N93,X93,AH93) -> 38200 | AS93: =SUM(E93,O93,Y93,AI93) -> 569437 | AT93: =AVERAGE(AS90,AS91,AS92,AS93) -> 640102.5 | AV93: =((AS93/AS41)-1)*100 -> -30.833803 | AW93: =((AT93/AT41)-1)*100 -> -28.538016 | AZ93: =+E93/1000 -> 441.075 | BA93: =+O93/1000 -> 86.682 | BB93: =+Y93/1000 -> 39.88 | BC93: =+AI93/1000 -> 1.8 | BD93: =+AS93/1000 -> 569.437 | BE93: =BE92+AZ93 -> 15554.305 | BF93: =BF92+BA93 -> 1733.685 | BG93: =BG92+BB93 -> 2664.939 | BH93: =BH92+BC93 -> 398.318 | BI93: =BI92+BD93 -> 20351.247 | BJ93: 31
A94: 38213 | B94: 720226 | C94: 15275 | D94: 0 | E94: =SUM(B94:D94) -> 735501 | F94: =AVERAGE(E91,E92,E93,E94) -> 532439.75 | H94: =((E94/E42)-1)*100 -> 26.48384 | I94: =((F94/F42)-1)*100 -> -6.7074017 | L94: 17347 | M94: 11600 | N94: 45100 | O94: =SUM(L94:N94) -> 74047 | P94: =AVERAGE(O91,O92,O93,O94) -> 81670 | R94: =((O94/O42)-1)*100 -> -24.771155 | S94: =((P94/P42)-1)*100 -> -30.507072 | V94: 41184 | W94: 9000 | X94: 1400 | Y94: =SUM(V94:X94) -> 51584 | Z94: =AVERAGE(Y91,Y92,Y93,Y94) -> 42614 | AB94: =((Y94/Y42)-1)*100 -> -42.770924 | AC94: =((Z94/Z42)-1)*100 -> -68.241346 | AF94: 4570 | AG94: 31550 | AH94: 2000 | AI94: =SUM(AF94:AH94) -> 38120 | AJ94: =AVERAGE(AI91,AI92,AI93,AI94) -> 16005 | AL94: =((AI94/AI42)-1)*100 -> -8.3631818 | AM94: =((AJ94/AJ42)-1)*100 -> -19.888881 | AP94: =SUM(B94,L94,V94,AF94) -> 783327 | AQ94: =SUM(C94,M94,W94,AG94) -> 67425 | AR94: =SUM(D94,N94,X94,AH94) -> 48500 | AS94: =SUM(E94,O94,Y94,AI94) -> 899252 | AT94: =AVERAGE(AS91,AS92,AS93,AS94) -> 672728.75 | AV94: =((AS94/AS42)-1)*100 -> 10.791438 | AW94: =((AT94/AT42)-1)*100 -> -20.141625 | AZ94: =+E94/1000 -> 735.501 | BA94: =+O94/1000 -> 74.047 | BB94: =+Y94/1000 -> 51.584 | BC94: =+AI94/1000 -> 38.12 | BD94: =+AS94/1000 -> 899.252 | BE94: =BE93+AZ94 -> 16289.806 | BF94: =BF93+BA94 -> 1807.732 | BG94: =BG93+BB94 -> 2716.523 | BH94: =BH93+BC94 -> 436.438 | BI94: =BI93+BD94 -> 21250.499 | BJ94: 32
A95: 38220 | B95: 451402 | C95: 20800 | D95: 0 | E95: =SUM(B95:D95) -> 472202 | F95: =AVERAGE(E92,E93,E94,E95) -> 519093 | H95: =((E95/E43)-1)*100 -> -5.9710706 | I95: =((F95/F43)-1)*100 -> -6.2287969 | L95: 23473 | M95: 40741 | N95: 31600 | O95: =SUM(L95:N95) -> 95814 | P95: =AVERAGE(O92,O93,O94,O95) -> 76832.75 | R95: =((O95/O43)-1)*100 -> 33.43639 | S95: =((P95/P43)-1)*100 -> -28.005294 | V95: 15743 | W95: 0 | X95: 2400 | Y95: =SUM(V95:X95) -> 18143 | Z95: =AVERAGE(Y92,Y93,Y94,Y95) -> 36913.75 | AB95: =((Y95/Y43)-1)*100 -> -62.937163 | AC95: =((Z95/Z43)-1)*100 -> -66.113578 | AF95: 0 | AG95: 12500 | AH95: 0 | AI95: =SUM(AF95:AH95) -> 12500 | AJ95: =AVERAGE(AI92,AI93,AI94,AI95) -> 16855 | AL95: =((AI95/AI43)-1)*100 -> 92.455735 | AM95: =((AJ95/AJ43)-1)*100 -> -20.466208 | AP95: =SUM(B95,L95,V95,AF95) -> 490618 | AQ95: =SUM(C95,M95,W95,AG95) -> 74041 | AR95: =SUM(D95,N95,X95,AH95) -> 34000 | AS95: =SUM(E95,O95,Y95,AI95) -> 598659 | AT95: =AVERAGE(AS92,AS93,AS94,AS95) -> 649694.5 | AV95: =((AS95/AS43)-1)*100 -> -4.8902199 | AW95: =((AT95/AT43)-1)*100 -> -17.803889 | AZ95: =+E95/1000 -> 472.202 | BA95: =+O95/1000 -> 95.814 | BB95: =+Y95/1000 -> 18.143 | BC95: =+AI95/1000 -> 12.5 | BD95: =+AS95/1000 -> 598.659 | BE95: =BE94+AZ95 -> 16762.008 | BF95: =BF94+BA95 -> 1903.546 | BG95: =BG94+BB95 -> 2734.666 | BH95: =BH94+BC95 -> 448.938 | BI95: =BI94+BD95 -> 21849.158 | BJ95: 33
A96: 38227 | B96: 474663 | C96: 13900 | D96: 0 | E96: =SUM(B96:D96) -> 488563 | F96: =AVERAGE(E93,E94,E95,E96) -> 534335.25 | H96: =((E96/E44)-1)*100 -> 0.64167532 | I96: =((F96/F44)-1)*100 -> 1.4482428 | L96: 20140 | M96: 26800 | N96: 38100 | O96: =SUM(L96:N96) -> 85040 | P96: =AVERAGE(O93,O94,O95,O96) -> 85395.75 | R96: =((O96/O44)-1)*100 -> -38.735078 | S96: =((P96/P44)-1)*100 -> -21.510898 | V96: 9488 | W96: 0 | X96: 0 | Y96: =SUM(V96:X96) -> 9488 | Z96: =AVERAGE(Y93,Y94,Y95,Y96) -> 29773.75 | AB96: =((Y96/Y44)-1)*100 -> -89.033749 | AC96: =((Z96/Z44)-1)*100 -> -67.561774 | AF96: 26479 | AG96: 4800 | AH96: 3800 | AI96: =SUM(AF96:AH96) -> 35079 | AJ96: =AVERAGE(AI93,AI94,AI95,AI96) -> 21874.75 | AL96: =((AI96/AI44)-1)*100 -> 155.30568 | AM96: =((AJ96/AJ44)-1)*100 -> 9.7386309 | AP96: =SUM(B96,L96,V96,AF96) -> 530770 | AQ96: =SUM(C96,M96,W96,AG96) -> 45500 | AR96: =SUM(D96,N96,X96,AH96) -> 41900 | AS96: =SUM(E96,O96,Y96,AI96) -> 618170 | AT96: =AVERAGE(AS93,AS94,AS95,AS96) -> 671379.5 | AV96: =((AS96/AS44)-1)*100 -> -14.678095 | AW96: =((AT96/AT44)-1)*100 -> -10.15044 | AZ96: =+E96/1000 -> 488.563 | BA96: =+O96/1000 -> 85.04 | BB96: =+Y96/1000 -> 9.488 | BC96: =+AI96/1000 -> 35.079 | BD96: =+AS96/1000 -> 618.17 | BE96: =BE95+AZ96 -> 17250.571 | BF96: =BF95+BA96 -> 1988.586 | BG96: =BG95+BB96 -> 2744.154 | BH96: =BH95+BC96 -> 484.017 | BI96: =BI95+BD96 -> 22467.328 | BJ96: 34
A97: 38234 | B97: 239020 | C97: 31817 | D97: 1400 | E97: =SUM(B97:D97) -> 272237 | F97: =AVERAGE(E94,E95,E96,E97) -> 492125.75 | H97: =((E97/E45)-1)*100 -> -14.784533 | I97: =((F97/F45)-1)*100 -> 4.2306403 | L97: 35780 | M97: 21746 | N97: 42500 | O97: =SUM(L97:N97) -> 100026 | P97: =AVERAGE(O94,O95,O96,O97) -> 88731.75 | R97: =((O97/O45)-1)*100 -> -46.911025 | S97: =((P97/P45)-1)*100 -> -28.651149 | V97: 18754 | W97: 0 | X97: 9800 | Y97: =SUM(V97:X97) -> 28554 | Z97: =AVERAGE(Y94,Y95,Y96,Y97) -> 26942.25 | AB97: =((Y97/Y45)-1)*100 -> -24.058511 | AC97: =((Z97/Z45)-1)*100 -> -59.055576 | AF97: 6000 | AG97: 9000 | AH97: 2900 | AI97: =SUM(AF97:AH97) -> 17900 | AJ97: =AVERAGE(AI94,AI95,AI96,AI97) -> 25899.75 | AL97: =((AI97/AI45)-1)*100 -> -0.94078583 | AM97: =((AJ97/AJ45)-1)*100 -> 29.654335 | AP97: =SUM(B97,L97,V97,AF97) -> 299554 | AQ97: =SUM(C97,M97,W97,AG97) -> 62563 | AR97: =SUM(D97,N97,X97,AH97) -> 56600 | AS97: =SUM(E97,O97,Y97,AI97) -> 418717 | AT97: =AVERAGE(AS94,AS95,AS96,AS97) -> 633699.5 | AV97: =((AS97/AS45)-1)*100 -> -25.700247 | AW97: =((AT97/AT45)-1)*100 -> -7.1219507 | AZ97: =+E97/1000 -> 272.237 | BA97: =+O97/1000 -> 100.026 | BB97: =+Y97/1000 -> 28.554 | BC97: =+AI97/1000 -> 17.9 | BD97: =+AS97/1000 -> 418.717 | BE97: =BE96+AZ97 -> 17522.808 | BF97: =BF96+BA97 -> 2088.612 | BG97: =BG96+BB97 -> 2772.708 | BH97: =BH96+BC97 -> 501.917 | BI97: =BI96+BD97 -> 22886.045 | BJ97: 35
A98: 38241 | B98: 172569 | C98: 71743 | D98: 2800 | E98: =SUM(B98:D98) -> 247112 | F98: =AVERAGE(E95,E96,E97,E98) -> 370028.5 | H98: =((E98/E46)-1)*100 -> -33.09254 | I98: =((F98/F46)-1)*100 -> -11.710835 | L98: 21642 | M98: 13723 | N98: 2900 | O98: =SUM(L98:N98) -> 38265 | P98: =AVERAGE(O95,O96,O97,O98) -> 79786.25 | R98: =((O98/O46)-1)*100 -> -72.132198 | S98: =((P98/P46)-1)*100 -> -40.494991 | V98: 4904 | W98: 0 | X98: 12700 | Y98: =SUM(V98:X98) -> 17604 | Z98: =AVERAGE(Y95,Y96,Y97,Y98) -> 18447.25 | AB98: =((Y98/Y46)-1)*100 -> -48.372339 | AC98: =((Z98/Z46)-1)*100 -> -64.382391 | AF98: 0 | AG98: 0 | AH98: 8900 | AI98: =SUM(AF98:AH98) -> 8900 | AJ98: =AVERAGE(AI95,AI96,AI97,AI98) -> 18594.75 | AL98: =((AI98/AI46)-1)*100 -> -52.026736 | AM98: =((AJ98/AJ46)-1)*100 -> 30.817665 | AP98: =SUM(B98,L98,V98,AF98) -> 199115 | AQ98: =SUM(C98,M98,W98,AG98) -> 85466 | AR98: =SUM(D98,N98,X98,AH98) -> 27300 | AS98: =SUM(E98,O98,Y98,AI98) -> 311881 | AT98: =AVERAGE(AS95,AS96,AS97,AS98) -> 486856.75 | AV98: =((AS98/AS46)-1)*100 -> -44.236563 | AW98: =((AT98/AT46)-1)*100 -> -21.373232 | AZ98: =+E98/1000 -> 247.112 | BA98: =+O98/1000 -> 38.265 | BB98: =+Y98/1000 -> 17.604 | BC98: =+AI98/1000 -> 8.9 | BD98: =+AS98/1000 -> 311.881 | BE98: =BE97+AZ98 -> 17769.92 | BF98: =BF97+BA98 -> 2126.877 | BG98: =BG97+BB98 -> 2790.312 | BH98: =BH97+BC98 -> 510.817 | BI98: =BI97+BD98 -> 23197.926 | BJ98: 36
A99: 38248 | B99: 176069 | C99: 76746 | D99: 1400 | E99: =SUM(B99:D99) -> 254215 | F99: =AVERAGE(E96,E97,E98,E99) -> 315531.75 | H99: =((E99/E47)-1)*100 -> -16.773885 | I99: =((F99/F47)-1)*100 -> -14.703974 | L99: 20564 | M99: 4650 | N99: 0 | O99: =SUM(L99:N99) -> 25214 | P99: =AVERAGE(O96,O97,O98,O99) -> 62136.25 | R99: =((O99/O47)-1)*100 -> -73.263064 | S99: =((P99/P47)-1)*100 -> -55.5242 | V99: 15700 | W99: 7900 | X99: 1400 | Y99: =SUM(V99:X99) -> 25000 | Z99: =AVERAGE(Y96,Y97,Y98,Y99) -> 20161.5 | AB99: =((Y99/Y47)-1)*100 -> -41.249736 | AC99: =((Z99/Z47)-1)*100 -> -59.831848 | AF99: 11224 | AG99: 3000 | AH99: 0 | AI99: =SUM(AF99:AH99) -> 14224 | AJ99: =AVERAGE(AI96,AI97,AI98,AI99) -> 19025.75 | AM99: =((AJ99/AJ47)-1)*100 -> 51.111949 | AP99: =SUM(B99,L99,V99,AF99) -> 223557 | AQ99: =SUM(C99,M99,W99,AG99) -> 92296 | AR99: =SUM(D99,N99,X99,AH99) -> 2800 | AS99: =SUM(E99,O99,Y99,AI99) -> 318653 | AT99: =AVERAGE(AS96,AS97,AS98,AS99) -> 416855.25 | AV99: =((AS99/AS47)-1)*100 -> -27.956763 | AW99: =((AT99/AT47)-1)*100 -> -27.176266 | AZ99: =+E99/1000 -> 254.215 | BA99: =+O99/1000 -> 25.214 | BB99: =+Y99/1000 -> 25 | BC99: =+AI99/1000 -> 14.224 | BD99: =+AS99/1000 -> 318.653 | BE99: =BE98+AZ99 -> 18024.135 | BF99: =BF98+BA99 -> 2152.091 | BG99: =BG98+BB99 -> 2815.312 | BH99: =BH98+BC99 -> 525.041 | BI99: =BI98+BD99 -> 23516.579 | BJ99: 37
A100: 38255 | B100: 202919 | C100: 205740 | D100: 0 | E100: =SUM(B100:D100) -> 408659 | F100: =AVERAGE(E97,E98,E99,E100) -> 295555.75 | H100: =((E100/E48)-1)*100 -> -15.019215 | I100: =((F100/F48)-1)*100 -> -19.856786 | L100: 12270 | M100: 12300 | N100: 39200 | O100: =SUM(L100:N100) -> 63770 | P100: =AVERAGE(O97,O98,O99,O100) -> 56818.75 | R100: =((O100/O48)-1)*100 -> -19.053059 | S100: =((P100/P48)-1)*100 -> -54.436102 | V100: 21718 | W100: 24642 | X100: 7400 | Y100: =SUM(V100:X100) -> 53760 | Z100: =AVERAGE(Y97,Y98,Y99,Y100) -> 31229.5 | AB100: =((Y100/Y48)-1)*100 -> -33.905432 | AC100: =((Z100/Z48)-1)*100 -> -36.1324 | AF100: 1640 | AG100: 11993 | AH100: 0 | AI100: =SUM(AF100:AH100) -> 13633 | AJ100: =AVERAGE(AI97,AI98,AI99,AI100) -> 13664.25 | AL100: =((AI100/AI48)-1)*100 -> 190.06383 | AM100: =((AJ100/AJ48)-1)*100 -> 32.270945 | AP100: =SUM(B100,L100,V100,AF100) -> 238547 | AQ100: =SUM(C100,M100,W100,AG100) -> 254675 | AR100: =SUM(D100,N100,X100,AH100) -> 46600 | AS100: =SUM(E100,O100,Y100,AI100) -> 539822 | AT100: =AVERAGE(AS97,AS98,AS99,AS100) -> 397268.25 | AV100: =((AS100/AS48)-1)*100 -> -16.397657 | AW100: =((AT100/AT48)-1)*100 -> -28.124019 | AZ100: =+E100/1000 -> 408.659 | BA100: =+O100/1000 -> 63.77 | BB100: =+Y100/1000 -> 53.76 | BC100: =+AI100/1000 -> 13.633 | BD100: =+AS100/1000 -> 539.822 | BE100: =BE99+AZ100 -> 18432.794 | BF100: =BF99+BA100 -> 2215.861 | BG100: =BG99+BB100 -> 2869.072 | BH100: =BH99+BC100 -> 538.674 | BI100: =BI99+BD100 -> 24056.401 | BJ100: 38
A101: 38262 | B101: 226499 | C101: 173945 | D101: 0 | E101: =SUM(B101:D101) -> 400444 | F101: =AVERAGE(E98,E99,E100,E101) -> 327607.5 | H101: =((E101/E49)-1)*100 -> -9.942157 | I101: =((F101/F49)-1)*100 -> -18.114553 | L101: 17320 | M101: 13600 | N101: 48400 | O101: =SUM(L101:N101) -> 79320 | P101: =AVERAGE(O98,O99,O100,O101) -> 51642.25 | R101: =((O101/O49)-1)*100 -> 64.779691 | S101: =((P101/P49)-1)*100 -> -42.384459 | V101: 68977 | W101: 34800 | X101: 10100 | Y101: =SUM(V101:X101) -> 113877 | Z101: =AVERAGE(Y98,Y99,Y100,Y101) -> 52560.25 | AB101: =((Y101/Y49)-1)*100 -> -15.245495 | AC101: =((Z101/Z49)-1)*100 -> -28.085856 | AF101: 0 | AG101: 18000 | AH101: 0 | AI101: =SUM(AF101:AH101) -> 18000 | AJ101: =AVERAGE(AI98,AI99,AI100,AI101) -> 13689.25 | AM101: =((AJ101/AJ49)-1)*100 -> 135.49372 | AP101: =SUM(B101,L101,V101,AF101) -> 312796 | AQ101: =SUM(C101,M101,W101,AG101) -> 240345 | AR101: =SUM(D101,N101,X101,AH101) -> 58500 | AS101: =SUM(E101,O101,Y101,AI101) -> 611641 | AT101: =AVERAGE(AS98,AS99,AS100,AS101) -> 445499.25 | AV101: =((AS101/AS49)-1)*100 -> -2.4729331 | AW101: =((AT101/AT49)-1)*100 -> -21.651623 | AZ101: =+E101/1000 -> 400.444 | BA101: =+O101/1000 -> 79.32 | BB101: =+Y101/1000 -> 113.877 | BC101: =+AI101/1000 -> 18 | BD101: =+AS101/1000 -> 611.641 | BE101: =BE100+AZ101 -> 18833.238 | BF101: =BF100+BA101 -> 2295.181 | BG101: =BG100+BB101 -> 2982.949 | BH101: =BH100+BC101 -> 556.674 | BI101: =BI100+BD101 -> 24668.042 | BJ101: 39
A102: 38269 | B102: 402702 | C102: 147268 | D102: 0 | E102: =SUM(B102:D102) -> 549970 | F102: =AVERAGE(E99,E100,E101,E102) -> 403322 | H102: =((E102/E50)-1)*100 -> 18.714276 | I102: =((F102/F50)-1)*100 -> -4.7791394 | L102: 4700 | M102: 4200 | N102: 25800 | O102: =SUM(L102:N102) -> 34700 | P102: =AVERAGE(O99,O100,O101,O102) -> 50751 | R102: =((O102/O50)-1)*100 -> -6.2770095 | S102: =((P102/P50)-1)*100 -> -21.390927 | V102: 162555 | W102: 91740 | X102: 28700 | Y102: =SUM(V102:X102) -> 282995 | Z102: =AVERAGE(Y99,Y100,Y101,Y102) -> 118908 | AB102: =((Y102/Y50)-1)*100 -> 21.16483 | AC102: =((Z102/Z50)-1)*100 -> -3.2902683 | AF102: 7600 | AG102: 19673 | AH102: 0 | AI102: =SUM(AF102:AH102) -> 27273 | AJ102: =AVERAGE(AI99,AI100,AI101,AI102) -> 18282.5 | AL102: =((AI102/AI50)-1)*100 -> 1718.2 | AM102: =((AJ102/AJ50)-1)*100 -> 1079.5161 | AP102: =SUM(B102,L102,V102,AF102) -> 577557 | AQ102: =SUM(C102,M102,W102,AG102) -> 262881 | AR102: =SUM(D102,N102,X102,AH102) -> 54500 | AS102: =SUM(E102,O102,Y102,AI102) -> 894938 | AT102: =AVERAGE(AS99,AS100,AS101,AS102) -> 591263.5 | AV102: =((AS102/AS50)-1)*100 -> 21.700995 | AW102: =((AT102/AT50)-1)*100 -> -3.4875892 | AZ102: =+E102/1000 -> 549.97 | BA102: =+O102/1000 -> 34.7 | BB102: =+Y102/1000 -> 282.995 | BC102: =+AI102/1000 -> 27.273 | BD102: =+AS102/1000 -> 894.938 | BE102: =BE101+AZ102 -> 19383.208 | BF102: =BF101+BA102 -> 2329.881 | BG102: =BG101+BB102 -> 3265.944 | BH102: =BH101+BC102 -> 583.947 | BI102: =BI101+BD102 -> 25562.98 | BJ102: 40
A103: 38276 | B103: 399923 | C103: 87184 | D103: 0 | E103: =SUM(B103:D103) -> 487107 | F103: =AVERAGE(E100,E101,E102,E103) -> 461545 | H103: =((E103/E51)-1)*100 -> 30.719254 | I103: =((F103/F51)-1)*100 -> 4.8105986 | L103: 17380 | M103: 7793 | N103: 15400 | O103: =SUM(L103:N103) -> 40573 | P103: =AVERAGE(O100,O101,O102,O103) -> 54590.75 | R103: =((O103/O51)-1)*100 -> -7.27655 | S103: =((P103/P51)-1)*100 -> 5.1348593 | V103: 163612 | W103: 70859 | X103: 4200 | Y103: =SUM(V103:X103) -> 238671 | Z103: =AVERAGE(Y100,Y101,Y102,Y103) -> 172325.75 | AB103: =((Y103/Y51)-1)*100 -> -42.39675 | AC103: =((Z103/Z51)-1)*100 -> -20.18233 | AF103: 15200 | AG103: 3000 | AH103: 0 | AI103: =SUM(AF103:AH103) -> 18200 | AJ103: =AVERAGE(AI100,AI101,AI102,AI103) -> 19276.5 | AM103: =((AJ103/AJ51)-1)*100 -> 1143.6452 | AP103: =SUM(B103,L103,V103,AF103) -> 596115 | AQ103: =SUM(C103,M103,W103,AG103) -> 168836 | AR103: =SUM(D103,N103,X103,AH103) -> 19600 | AS103: =SUM(E103,O103,Y103,AI103) -> 784551 | AT103: =AVERAGE(AS100,AS101,AS102,AS103) -> 707738 | AV103: =((AS103/AS51)-1)*100 -> -5.5587321 | AW103: =((AT103/AT51)-1)*100 -> -0.2813375 | AZ103: =+E103/1000 -> 487.107 | BA103: =+O103/1000 -> 40.573 | BB103: =+Y103/1000 -> 238.671 | BC103: =+AI103/1000 -> 18.2 | BD103: =+AS103/1000 -> 784.551 | BE103: =BE102+AZ103 -> 19870.315 | BF103: =BF102+BA103 -> 2370.454 | BG103: =BG102+BB103 -> 3504.615 | BH103: =BH102+BC103 -> 602.147 | BI103: =BI102+BD103 -> 26347.531 | BJ103: 41
A104: 38283 | B104: 373591 | C104: 63807 | D104: 0 | E104: =SUM(B104:D104) -> 437398 | F104: =AVERAGE(E101,E102,E103,E104) -> 468729.75 | H104: =((E104/E52)-1)*100 -> -18.127212 | I104: =((F104/F52)-1)*100 -> 3.3126497 | L104: 11079 | M104: 3200 | N104: 10100 | O104: =SUM(L104:N104) -> 24379 | P104: =AVERAGE(O101,O102,O103,O104) -> 44743 | R104: =((O104/O52)-1)*100 -> 190.22619 | S104: =((P104/P52)-1)*100 -> 30.333969 | V104: 170694 | W104: 101608 | X104: 14000 | Y104: =SUM(V104:X104) -> 286302 | Z104: =AVERAGE(Y101,Y102,Y103,Y104) -> 230461.25 | AB104: =((Y104/Y52)-1)*100 -> -15.156454 | AC104: =((Z104/Z52)-1)*100 -> -17.670799 | AF104: 0 | AG104: 21465 | AH104: 0 | AI104: =SUM(AF104:AH104) -> 21465 | AJ104: =AVERAGE(AI101,AI102,AI103,AI104) -> 21234.5 | AL104: =((AI104/AI52)-1)*100 -> 173.96299 | AM104: =((AJ104/AJ52)-1)*100 -> 809.88752 | AP104: =SUM(B104,L104,V104,AF104) -> 555364 | AQ104: =SUM(C104,M104,W104,AG104) -> 190080 | AR104: =SUM(D104,N104,X104,AH104) -> 24100 | AS104: =SUM(E104,O104,Y104,AI104) -> 769544 | AT104: =AVERAGE(AS101,AS102,AS103,AS104) -> 765168.5 | AV104: =((AS104/AS52)-1)*100 -> -13.332125 | AW104: =((AT104/AT52)-1)*100 -> -0.66487946 | AZ104: =+E104/1000 -> 437.398 | BA104: =+O104/1000 -> 24.379 | BB104: =+Y104/1000 -> 286.302 | BC104: =+AI104/1000 -> 21.465 | BD104: =+AS104/1000 -> 769.544 | BE104: =BE103+AZ104 -> 20307.713 | BF104: =BF103+BA104 -> 2394.833 | BG104: =BG103+BB104 -> 3790.917 | BH104: =BH103+BC104 -> 623.612 | BI104: =BI103+BD104 -> 27117.075 | BJ104: 42
A105: 38290 | B105: 369080 | C105: 56248 | D105: 0 | E105: =SUM(B105:D105) -> 425328 | F105: =AVERAGE(E102,E103,E104,E105) -> 474950.75 | H105: =((E105/E53)-1)*100 -> -7.3074735 | I105: =((F105/F53)-1)*100 -> 3.8706774 | L105: 9268 | M105: 3000 | N105: 14000 | O105: =SUM(L105:N105) -> 26268 | P105: =AVERAGE(O102,O103,O104,O105) -> 31480 | R105: =((O105/O53)-1)*100 -> -27.652308 | S105: =((P105/P53)-1)*100 -> 0.3434564 | V105: 103547 | W105: 47004 | X105: 15800 | Y105: =SUM(V105:X105) -> 166351 | Z105: =AVERAGE(Y102,Y103,Y104,Y105) -> 243579.75 | AB105: =((Y105/Y53)-1)*100 -> -62.291083 | AC105: =((Z105/Z53)-1)*100 -> -31.698154 | AF105: 1624 | AG105: 6100 | AH105: 0 | AI105: =SUM(AF105:AH105) -> 7724 | AJ105: =AVERAGE(AI102,AI103,AI104,AI105) -> 18665.5 | AL105: =((AI105/AI53)-1)*100 -> -31.035714 | AM105: =((AJ105/AJ53)-1)*100 -> 263.58412 | AP105: =SUM(B105,L105,V105,AF105) -> 483519 | AQ105: =SUM(C105,M105,W105,AG105) -> 112352 | AR105: =SUM(D105,N105,X105,AH105) -> 29800 | AS105: =SUM(E105,O105,Y105,AI105) -> 625671 | AT105: =AVERAGE(AS102,AS103,AS104,AS105) -> 768676 | AV105: =((AS105/AS53)-1)*100 -> -33.966958 | AW105: =((AT105/AT53)-1)*100 -> -9.6079931 | AZ105: =+E105/1000 -> 425.328 | BA105: =+O105/1000 -> 26.268 | BB105: =+Y105/1000 -> 166.351 | BC105: =+AI105/1000 -> 7.724 | BD105: =+AS105/1000 -> 625.671 | BE105: =BE104+AZ105 -> 20733.041 | BF105: =BF104+BA105 -> 2421.101 | BG105: =BG104+BB105 -> 3957.268 | BH105: =BH104+BC105 -> 631.336 | BI105: =BI104+BD105 -> 27742.746 | BJ105: 43
A106: 38297 | B106: 447628 | C106: 89245 | D106: 0 | E106: =SUM(B106:D106) -> 536873 | F106: =AVERAGE(E103,E104,E105,E106) -> 471676.5 | H106: =((E106/E54)-1)*100 -> -37.540079 | I106: =((F106/F54)-1)*100 -> -15.215047 | L106: 12664 | M106: 0 | N106: 5600 | O106: =SUM(L106:N106) -> 18264 | P106: =AVERAGE(O103,O104,O105,O106) -> 27371 | R106: =((O106/O54)-1)*100 -> -53.617594 | S106: =((P106/P54)-1)*100 -> -14.359913 | V106: 192777 | W106: 96521 | X106: 8400 | Y106: =SUM(V106:X106) -> 297698 | Z106: =AVERAGE(Y103,Y104,Y105,Y106) -> 247255.5 | AB106: =((Y106/Y54)-1)*100 -> -6.4116469 | AC106: =((Z106/Z54)-1)*100 -> -34.546112 | AF106: 3175 | AG106: 0 | AH106: 0 | AI106: =SUM(AF106:AH106) -> 3175 | AJ106: =AVERAGE(AI103,AI104,AI105,AI106) -> 12641 | AL106: =((AI106/AI54)-1)*100 -> -61.746988 | AM106: =((AJ106/AJ54)-1)*100 -> 84.978965 | AP106: =SUM(B106,L106,V106,AF106) -> 656244 | AQ106: =SUM(C106,M106,W106,AG106) -> 185766 | AR106: =SUM(D106,N106,X106,AH106) -> 14000 | AS106: =SUM(E106,O106,Y106,AI106) -> 856010 | AT106: =AVERAGE(AS103,AS104,AS105,AS106) -> 758944 | AV106: =((AS106/AS54)-1)*100 -> -30.139768 | AW106: =((AT106/AT54)-1)*100 -> -21.989206 | AZ106: =+E106/1000 -> 536.873 | BA106: =+O106/1000 -> 18.264 | BB106: =+Y106/1000 -> 297.698 | BC106: =+AI106/1000 -> 3.175 | BD106: =+AS106/1000 -> 856.01 | BE106: =BE105+AZ106 -> 21269.914 | BF106: =BF105+BA106 -> 2439.365 | BG106: =BG105+BB106 -> 4254.966 | BH106: =BH105+BC106 -> 634.511 | BI106: =BI105+BD106 -> 28598.756 | BJ106: 44
A107: 38304 | B107: 510395 | C107: 54455 | D107: 0 | E107: =SUM(B107:D107) -> 564850 | F107: =AVERAGE(E104,E105,E106,E107) -> 491112.25 | H107: =((E107/E55)-1)*100 -> -15.141308 | I107: =((F107/F55)-1)*100 -> -21.992555 | L107: 13500 | M107: 1550 | N107: 15500 | O107: =SUM(L107:N107) -> 30550 | P107: =AVERAGE(O104,O105,O106,O107) -> 24865.25 | R107: =((O107/O55)-1)*100 -> 27.568064 | S107: =((P107/P55)-1)*100 -> -7.9346126 | V107: 261306 | W107: 43030 | X107: 14600 | Y107: =SUM(V107:X107) -> 318936 | Z107: =AVERAGE(Y104,Y105,Y106,Y107) -> 267321.75 | AB107: =((Y107/Y55)-1)*100 -> 45.717379 | AC107: =((Z107/Z55)-1)*100 -> -18.719889 | AF107: 8200 | AG107: 31500 | AH107: 1400 | AI107: =SUM(AF107:AH107) -> 41100 | AJ107: =AVERAGE(AI104,AI105,AI106,AI107) -> 18366 | AL107: =((AI107/AI55)-1)*100 -> 813.33333 | AM107: =((AJ107/AJ55)-1)*100 -> 130.76488 | AP107: =SUM(B107,L107,V107,AF107) -> 793401 | AQ107: =SUM(C107,M107,W107,AG107) -> 130535 | AR107: =SUM(D107,N107,X107,AH107) -> 31500 | AS107: =SUM(E107,O107,Y107,AI107) -> 955436 | AT107: =AVERAGE(AS104,AS105,AS106,AS107) -> 801665.25 | AV107: =((AS107/AS55)-1)*100 -> 4.6529026 | AW107: =((AT107/AT55)-1)*100 -> -19.303095 | AZ107: =+E107/1000 -> 564.85 | BA107: =+O107/1000 -> 30.55 | BB107: =+Y107/1000 -> 318.936 | BC107: =+AI107/1000 -> 41.1 | BD107: =+AS107/1000 -> 955.436 | BE107: =BE106+AZ107 -> 21834.764 | BF107: =BF106+BA107 -> 2469.915 | BG107: =BG106+BB107 -> 4573.902 | BH107: =BH106+BC107 -> 675.611 | BI107: =BI106+BD107 -> 29554.192 | BJ107: 45
A108: 38311 | B108: 462622 | C108: 69128 | D108: 0 | E108: =SUM(B108:D108) -> 531750 | F108: =AVERAGE(E105,E106,E107,E108) -> 514700.25 | H108: =((E108/E56)-1)*100 -> -37.065494 | I108: =((F108/F56)-1)*100 -> -27.224335 | L108: 12553 | M108: 7200 | N108: 10600 | O108: =SUM(L108:N108) -> 30353 | P108: =AVERAGE(O105,O106,O107,O108) -> 26358.75 | R108: =((O108/O56)-1)*100 -> -1.6173992 | S108: =((P108/P56)-1)*100 -> -19.197609 | V108: 229115 | W108: 184178 | X108: 44400 | Y108: =SUM(V108:X108) -> 457693 | Z108: =AVERAGE(Y105,Y106,Y107,Y108) -> 310169.5 | AB108: =((Y108/Y56)-1)*100 -> 108.84061 | AC108: =((Z108/Z56)-1)*100 -> 3.6255815 | AF108: 1600 | AG108: 1500 | AH108: 0 | AI108: =SUM(AF108:AH108) -> 3100 | AJ108: =AVERAGE(AI105,AI106,AI107,AI108) -> 13774.75 | AL108: =((AI108/AI56)-1)*100 -> -48.333333 | AM108: =((AJ108/AJ56)-1)*100 -> 83.663333 | AP108: =SUM(B108,L108,V108,AF108) -> 705890 | AQ108: =SUM(C108,M108,W108,AG108) -> 262006 | AR108: =SUM(D108,N108,X108,AH108) -> 55000 | AS108: =SUM(E108,O108,Y108,AI108) -> 1022896 | AT108: =AVERAGE(AS105,AS106,AS107,AS108) -> 865003.25 | AV108: =((AS108/AS56)-1)*100 -> -7.0885982 | AW108: =((AT108/AT56)-1)*100 -> -17.357509 | AZ108: =+E108/1000 -> 531.75 | BA108: =+O108/1000 -> 30.353 | BB108: =+Y108/1000 -> 457.693 | BC108: =+AI108/1000 -> 3.1 | BD108: =+AS108/1000 -> 1022.896 | BE108: =BE107+AZ108 -> 22366.514 | BF108: =BF107+BA108 -> 2500.268 | BG108: =BG107+BB108 -> 5031.595 | BH108: =BH107+BC108 -> 678.711 | BI108: =BI107+BD108 -> 30577.088 | BJ108: 46
A109: 38318 | B109: 458724 | C109: 62087 | D109: 0 | E109: =SUM(B109:D109) -> 520811 | F109: =AVERAGE(E106,E107,E108,E109) -> 538571 | H109: =((E109/E57)-1)*100 -> -29.347263 | I109: =((F109/F57)-1)*100 -> -30.669157 | L109: 4824 | M109: 3073 | N109: 8400 | O109: =SUM(L109:N109) -> 16297 | P109: =AVERAGE(O106,O107,O108,O109) -> 23866 | R109: =((O109/O57)-1)*100 -> -63.859937 | S109: =((P109/P57)-1)*100 -> -31.454502 | V109: 152168 | W109: 132535 | X109: 43900 | Y109: =SUM(V109:X109) -> 328603 | Z109: =AVERAGE(Y106,Y107,Y108,Y109) -> 350732.5 | AB109: =((Y109/Y57)-1)*100 -> 18.993094 | AC109: =((Z109/Z57)-1)*100 -> 35.906219 | AF109: 0 | AG109: 1500 | AH109: 0 | AI109: =SUM(AF109:AH109) -> 1500 | AJ109: =AVERAGE(AI106,AI107,AI108,AI109) -> 12218.75 | AM109: =((AJ109/AJ57)-1)*100 -> 159.9734 | AP109: =SUM(B109,L109,V109,AF109) -> 615716 | AQ109: =SUM(C109,M109,W109,AG109) -> 199195 | AR109: =SUM(D109,N109,X109,AH109) -> 52300 | AS109: =SUM(E109,O109,Y109,AI109) -> 867211 | AT109: =AVERAGE(AS106,AS107,AS108,AS109) -> 925388.25 | AV109: =((AS109/AS57)-1)*100 -> -18.063113 | AW109: =((AT109/AT57)-1)*100 -> -13.869319 | AZ109: =+E109/1000 -> 520.811 | BA109: =+O109/1000 -> 16.297 | BB109: =+Y109/1000 -> 328.603 | BC109: =+AI109/1000 -> 1.5 | BD109: =+AS109/1000 -> 867.211 | BE109: =BE108+AZ109 -> 22887.325 | BF109: =BF108+BA109 -> 2516.565 | BG109: =BG108+BB109 -> 5360.198 | BH109: =BH108+BC109 -> 680.211 | BI109: =BI108+BD109 -> 31444.299 | BJ109: 47
A110: 38325 | B110: 523217 | C110: 68900 | D110: 0 | E110: =SUM(B110:D110) -> 592117 | F110: =AVERAGE(E107,E108,E109,E110) -> 552382 | H110: =((E110/E58)-1)*100 -> -33.979324 | I110: =((F110/F58)-1)*100 -> -29.735131 | L110: 6400 | M110: 1500 | N110: 19600 | O110: =SUM(L110:N110) -> 27500 | P110: =AVERAGE(O107,O108,O109,O110) -> 26175 | R110: =((O110/O58)-1)*100 -> -52.986631 | S110: =((P110/P58)-1)*100 -> -33.896507 | V110: 160265 | W110: 85200 | X110: 28100 | Y110: =SUM(V110:X110) -> 273565 | Z110: =AVERAGE(Y107,Y108,Y109,Y110) -> 344699.25 | AB110: =((Y110/Y58)-1)*100 -> -27.314683 | AC110: =((Z110/Z58)-1)*100 -> 26.430878 | AF110: 0 | AG110: 39000 | AH110: 0 | AI110: =SUM(AF110:AH110) -> 39000 | AJ110: =AVERAGE(AI107,AI108,AI109,AI110) -> 21175 | AL110: =((AI110/AI58)-1)*100 -> 2337.5 | AM110: =((AJ110/AJ58)-1)*100 -> 600 | AP110: =SUM(B110,L110,V110,AF110) -> 689882 | AQ110: =SUM(C110,M110,W110,AG110) -> 194600 | AR110: =SUM(D110,N110,X110,AH110) -> 47700 | AS110: =SUM(E110,O110,Y110,AI110) -> 932182 | AT110: =AVERAGE(AS107,AS108,AS109,AS110) -> 944431.25 | AV110: =((AS110/AS58)-1)*100 -> -30.086123 | AW110: =((AT110/AT58)-1)*100 -> -14.251981 | AZ110: =+E110/1000 -> 592.117 | BA110: =+O110/1000 -> 27.5 | BB110: =+Y110/1000 -> 273.565 | BC110: =+AI110/1000 -> 39 | BD110: =+AS110/1000 -> 932.182 | BE110: =BE109+AZ110 -> 23479.442 | BF110: =BF109+BA110 -> 2544.065 | BG110: =BG109+BB110 -> 5633.763 | BH110: =BH109+BC110 -> 719.211 | BI110: =BI109+BD110 -> 32376.481 | BJ110: 48
A111: 38332 | B111: 684649 | C111: 77807 | D111: 0 | E111: =SUM(B111:D111) -> 762456 | F111: =AVERAGE(E108,E109,E110,E111) -> 601783.5 | H111: =((E111/E59)-1)*100 -> -24.200932 | I111: =((F111/F59)-1)*100 -> -30.925254 | L111: 27800 | M111: 8600 | N111: 15600 | O111: =SUM(L111:N111) -> 52000 | P111: =AVERAGE(O108,O109,O110,O111) -> 31537.5 | R111: =((O111/O59)-1)*100 -> 43.250689 | S111: =((P111/P59)-1)*100 -> -26.115732 | V111: 197025 | W111: 61328 | X111: 15600 | Y111: =SUM(V111:X111) -> 273953 | Z111: =AVERAGE(Y108,Y109,Y110,Y111) -> 333453.5 | AB111: =((Y111/Y59)-1)*100 -> -0.50374083 | AC111: =((Z111/Z59)-1)*100 -> 16.285055 | AF111: 29025 | AG111: 0 | AH111: 0 | AI111: =SUM(AF111:AH111) -> 29025 | AJ111: =AVERAGE(AI108,AI109,AI110,AI111) -> 18156.25 | AM111: =((AJ111/AJ59)-1)*100 -> 855.59211 | AP111: =SUM(B111,L111,V111,AF111) -> 938499 | AQ111: =SUM(C111,M111,W111,AG111) -> 147735 | AR111: =SUM(D111,N111,X111,AH111) -> 31200 | AS111: =SUM(E111,O111,Y111,AI111) -> 1117434 | AT111: =AVERAGE(AS108,AS109,AS110,AS111) -> 984930.75 | AV111: =((AS111/AS59)-1)*100 -> -15.187271 | AW111: =((AT111/AT59)-1)*100 -> -18.096244 | AZ111: =+E111/1000 -> 762.456 | BA111: =+O111/1000 -> 52 | BB111: =+Y111/1000 -> 273.953 | BC111: =+AI111/1000 -> 29.025 | BD111: =+AS111/1000 -> 1117.434 | BE111: =BE110+AZ111 -> 24241.898 | BF111: =BF110+BA111 -> 2596.065 | BG111: =BG110+BB111 -> 5907.716 | BH111: =BH110+BC111 -> 748.236 | BI111: =BI110+BD111 -> 33493.915 | BJ111: 49
A112: 38339 | B112: 594231 | C112: 66311 | D112: 0 | E112: =SUM(B112:D112) -> 660542 | F112: =AVERAGE(E109,E110,E111,E112) -> 633981.5 | H112: =((E112/E60)-1)*100 -> 5.9970794 | I112: =((F112/F60)-1)*100 -> -22.284022 | L112: 12448 | M112: 12408 | N112: 9700 | O112: =SUM(L112:N112) -> 34556 | P112: =AVERAGE(O109,O110,O111,O112) -> 32588.25 | R112: =((O112/O60)-1)*100 -> -34.112533 | S112: =((P112/P60)-1)*100 -> -32.226064 | V112: 141523 | W112: 91929 | X112: 21000 | Y112: =SUM(V112:X112) -> 254452 | Z112: =AVERAGE(Y109,Y110,Y111,Y112) -> 282643.25 | AB112: =((Y112/Y60)-1)*100 -> 86.849758 | AC112: =((Z112/Z60)-1)*100 -> 6.2526667 | AF112: 17424 | AG112: 49729 | AH112: 0 | AI112: =SUM(AF112:AH112) -> 67153 | AJ112: =AVERAGE(AI109,AI110,AI111,AI112) -> 34169.5 | AL112: =((AI112/AI60)-1)*100 -> 38.317199 | AM112: =((AJ112/AJ60)-1)*100 -> 172.53838 | AP112: =SUM(B112,L112,V112,AF112) -> 765626 | AQ112: =SUM(C112,M112,W112,AG112) -> 220377 | AR112: =SUM(D112,N112,X112,AH112) -> 30700 | AS112: =SUM(E112,O112,Y112,AI112) -> 1016703 | AT112: =AVERAGE(AS109,AS110,AS111,AS112) -> 983382.5 | AV112: =((AS112/AS60)-1)*100 -> 18.173597 | AW112: =((AT112/AT60)-1)*100 -> -13.919524 | AZ112: =+E112/1000 -> 660.542 | BA112: =+O112/1000 -> 34.556 | BB112: =+Y112/1000 -> 254.452 | BC112: =+AI112/1000 -> 67.153 | BD112: =+AS112/1000 -> 1016.703 | BE112: =BE111+AZ112 -> 24902.44 | BF112: =BF111+BA112 -> 2630.621 | BG112: =BG111+BB112 -> 6162.168 | BH112: =BH111+BC112 -> 815.389 | BI112: =BI111+BD112 -> 34510.618 | BJ112: 50
A113: 38346 | B113: 429525 | C113: 93523 | D113: 0 | E113: =SUM(B113:D113) -> 523048 | F113: =AVERAGE(E110,E111,E112,E113) -> 634540.75 | H113: =((E113/E61)-1)*100 -> -14.218145 | I113: =((F113/F61)-1)*100 -> -19.055136 | L113: 10500 | M113: 3248 | N113: 19600 | O113: =SUM(L113:N113) -> 33348 | P113: =AVERAGE(O110,O111,O112,O113) -> 36851 | R113: =((O113/O61)-1)*100 -> -29.171888 | S113: =((P113/P61)-1)*100 -> -24.145242 | V113: 154469 | W113: 95576 | X113: 26900 | Y113: =SUM(V113:X113) -> 276945 | Z113: =AVERAGE(Y110,Y111,Y112,Y113) -> 269728.75 | AB113: =((Y113/Y61)-1)*100 -> 148.57735 | AC113: =((Z113/Z61)-1)*100 -> 19.972623 | AF113: 0 | AG113: 4500 | AH113: 4600 | AI113: =SUM(AF113:AH113) -> 9100 | AJ113: =AVERAGE(AI110,AI111,AI112,AI113) -> 36069.5 | AL113: =((AI113/AI61)-1)*100 -> -12.91866 | AM113: =((AJ113/AJ61)-1)*100 -> 138.08251 | AP113: =SUM(B113,L113,V113,AF113) -> 594494 | AQ113: =SUM(C113,M113,W113,AG113) -> 196847 | AR113: =SUM(D113,N113,X113,AH113) -> 51100 | AS113: =SUM(E113,O113,Y113,AI113) -> 842441 | AT113: =AVERAGE(AS110,AS111,AS112,AS113) -> 977190 | AV113: =((AS113/AS61)-1)*100 -> 8.1873718 | AW113: =((AT113/AT61)-1)*100 -> -8.8844619 | AZ113: =+E113/1000 -> 523.048 | BA113: =+O113/1000 -> 33.348 | BB113: =+Y113/1000 -> 276.945 | BC113: =+AI113/1000 -> 9.1 | BD113: =+AS113/1000 -> 842.441 | BE113: =BE112+AZ113 -> 25425.488 | BF113: =BF112+BA113 -> 2663.969 | BG113: =BG112+BB113 -> 6439.113 | BH113: =BH112+BC113 -> 824.489 | BI113: =BI112+BD113 -> 35353.059 | BJ113: 51
A114: 38353 | B114: 302750 | C114: 67532 | D114: 0 | E114: =SUM(B114:D114) -> 370282 | F114: =AVERAGE(E111,E112,E113,E114) -> 579082 | H114: =((E114/E62)-1)*100 -> -15.61332 | I114: =((F114/F62)-1)*100 -> -13.49222 | L114: 1500 | M114: 1500 | N114: 7000 | O114: =SUM(L114:N114) -> 10000 | P114: =AVERAGE(O111,O112,O113,O114) -> 32476 | R114: =((O114/O62)-1)*100 -> -63.173013 | S114: =((P114/P62)-1)*100 -> -20.296471 | V114: 121375 | W114: 94920 | X114: 28700 | Y114: =SUM(V114:X114) -> 244995 | Z114: =AVERAGE(Y111,Y112,Y113,Y114) -> 262586.25 | AB114: =((Y114/Y62)-1)*100 -> 146.34745 | AC114: =((Z114/Z62)-1)*100 -> 68.76184 | AF114: 0 | AG114: 18900 | AH114: 0 | AI114: =SUM(AF114:AH114) -> 18900 | AJ114: =AVERAGE(AI111,AI112,AI113,AI114) -> 31044.5 | AL114: =((AI114/AI62)-1)*100 -> 136.25 | AM114: =((AJ114/AJ62)-1)*100 -> 85.340299 | AP114: =SUM(B114,L114,V114,AF114) -> 425625 | AQ114: =SUM(C114,M114,W114,AG114) -> 182852 | AR114: =SUM(D114,N114,X114,AH114) -> 35700 | AS114: =SUM(E114,O114,Y114,AI114) -> 644177 | AT114: =AVERAGE(AS111,AS112,AS113,AS114) -> 905188.75 | AV114: =((AS114/AS62)-1)*100 -> 12.343978 | AW114: =((AT114/AT62)-1)*100 -> 2.5720673 | AZ114: =+E114/1000 -> 370.282 | BA114: =+O114/1000 -> 10 | BB114: =+Y114/1000 -> 244.995 | BC114: =+AI114/1000 -> 18.9 | BD114: =+AS114/1000 -> 644.177 | BE114: =BE113+AZ114 -> 25795.77 | BF114: =BF113+BA114 -> 2673.969 | BG114: =BG113+BB114 -> 6684.108 | BH114: =BH113+BC114 -> 843.389 | BI114: =BI113+BD114 -> 35997.236 | BJ114: 52
A115: 38360 | B115: 429029 | C115: 40951 | D115: 0 | E115: =SUM(B115:D115) -> 469980 | F115: =AVERAGE(E112,E113,E114,E115) -> 505963 | H115: =((E115/E63)-1)*100 -> -5.628022 | I115: =((F115/F63)-1)*100 -> -6.7225512 | L115: 0 | M115: 0 | N115: 2800 | O115: =SUM(L115:N115) -> 2800 | P115: =AVERAGE(O112,O113,O114,O115) -> 20176 | R115: =((O115/O63)-1)*100 -> -92.471702 | S115: =((P115/P63)-1)*100 -> -50.753309 | V115: 144493 | W115: 52753 | X115: 0 | Y115: =SUM(V115:X115) -> 197246 | Z115: =AVERAGE(Y112,Y113,Y114,Y115) -> 243409.5 | AB115: =((Y115/Y63)-1)*100 -> 34.741919 | AC115: =((Z115/Z63)-1)*100 -> 97.31999 | AF115: 7900 | AG115: 7900 | AH115: 0 | AI115: =SUM(AF115:AH115) -> 15800 | AJ115: =AVERAGE(AI112,AI113,AI114,AI115) -> 27738.25 | AL115: =((AI115/AI63)-1)*100 -> -17.815345 | AM115: =((AJ115/AJ63)-1)*100 -> 28.678458 | AP115: =SUM(B115,L115,V115,AF115) -> 581422 | AQ115: =SUM(C115,M115,W115,AG115) -> 101604 | AR115: =SUM(D115,N115,X115,AH115) -> 2800 | AS115: =SUM(E115,O115,Y115,AI115) -> 685826 | AT115: =AVERAGE(AS112,AS113,AS114,AS115) -> 797286.75 | AV115: =((AS115/AS63)-1)*100 -> -2.1386559 | AW115: =((AT115/AT63)-1)*100 -> 9.4706075 | AZ115: =+E115/1000 -> 469.98 | BA115: =+O115/1000 -> 2.8 | BB115: =+Y115/1000 -> 197.246 | BC115: =+AI115/1000 -> 15.8 | BD115: =+AS115/1000 -> 685.826 | BE115: =AZ115 -> 469.98 | BF115: =BA115 -> 2.8 | BG115: =BB115 -> 197.246 | BH115: =BC115 -> 15.8 | BI115: =BD115 -> 685.826 | BJ115: 1
A116: 38367 | B116: 261055 | C116: 88316 | D116: 0 | E116: =SUM(B116:D116) -> 349371 | F116: =AVERAGE(E113,E114,E115,E116) -> 428170.25 | H116: =((E116/E64)-1)*100 -> -41.637363 | I116: =((F116/F64)-1)*100 -> -20.160799 | L116: 3159 | M116: 1500 | N116: 16900 | O116: =SUM(L116:N116) -> 21559 | P116: =AVERAGE(O113,O114,O115,O116) -> 16926.75 | R116: =((O116/O64)-1)*100 -> -46.636139 | S116: =((P116/P64)-1)*100 -> -55.406046 | V116: 108493 | W116: 78741 | X116: 30900 | Y116: =SUM(V116:X116) -> 218134 | Z116: =AVERAGE(Y113,Y114,Y115,Y116) -> 234330 | AB116: =((Y116/Y64)-1)*100 -> 2.7702658 | AC116: =((Z116/Z64)-1)*100 -> 64.585034 | AF116: 10748 | AG116: 3000 | AH116: 10900 | AI116: =SUM(AF116:AH116) -> 24648 | AJ116: =AVERAGE(AI113,AI114,AI115,AI116) -> 17112 | AL116: =((AI116/AI64)-1)*100 -> 17.176135 | AM116: =((AJ116/AJ64)-1)*100 -> 16.586612 | AP116: =SUM(B116,L116,V116,AF116) -> 383455 | AQ116: =SUM(C116,M116,W116,AG116) -> 171557 | AR116: =SUM(D116,N116,X116,AH116) -> 58700 | AS116: =SUM(E116,O116,Y116,AI116) -> 613712 | AT116: =AVERAGE(AS113,AS114,AS115,AS116) -> 696539 | AV116: =((AS116/AS64)-1)*100 -> -29.645195 | AW116: =((AT116/AT64)-1)*100 -> -4.7535765 | AZ116: =+E116/1000 -> 349.371 | BA116: =+O116/1000 -> 21.559 | BB116: =+Y116/1000 -> 218.134 | BC116: =+AI116/1000 -> 24.648 | BD116: =+AS116/1000 -> 613.712 | BE116: =BE115+AZ116 -> 819.351 | BF116: =BF115+BA116 -> 24.359 | BG116: =BG115+BB116 -> 415.38 | BH116: =BH115+BC116 -> 40.448 | BI116: =BI115+BD116 -> 1299.538 | BJ116: 2
A117: 38374 | B117: 90466 | C117: 129146 | D117: 0 | E117: =SUM(B117:D117) -> 219612 | F117: =AVERAGE(E114,E115,E116,E117) -> 352311.25 | H117: =((E117/E65)-1)*100 -> -56.640151 | I117: =((F117/F65)-1)*100 -> -30.983913 | L117: 0 | M117: 4550 | N117: 4400 | O117: =SUM(L117:N117) -> 8950 | P117: =AVERAGE(O114,O115,O116,O117) -> 10827.25 | R117: =((O117/O65)-1)*100 -> -87.49109 | S117: =((P117/P65)-1)*100 -> -75.433929 | V117: 56116 | W117: 48466 | X117: 7500 | Y117: =SUM(V117:X117) -> 112082 | Z117: =AVERAGE(Y114,Y115,Y116,Y117) -> 193114.25 | AB117: =((Y117/Y65)-1)*100 -> -21.87012 | AC117: =((Z117/Z65)-1)*100 -> 28.411318 | AF117: 0 | AG117: 0 | AH117: 5600 | AI117: =SUM(AF117:AH117) -> 5600 | AJ117: =AVERAGE(AI114,AI115,AI116,AI117) -> 16237 | AL117: =((AI117/AI65)-1)*100 -> -77.362762 | AM117: =((AJ117/AJ65)-1)*100 -> -11.027699 | AP117: =SUM(B117,L117,V117,AF117) -> 146582 | AQ117: =SUM(C117,M117,W117,AG117) -> 182162 | AR117: =SUM(D117,N117,X117,AH117) -> 17500 | AS117: =SUM(E117,O117,Y117,AI117) -> 346244 | AT117: =AVERAGE(AS114,AS115,AS116,AS117) -> 572489.75 | AV117: =((AS117/AS65)-1)*100 -> -53.600901 | AW117: =((AT117/AT65)-1)*100 -> -20.838019 | AZ117: =+E117/1000 -> 219.612 | BA117: =+O117/1000 -> 8.95 | BB117: =+Y117/1000 -> 112.082 | BC117: =+AI117/1000 -> 5.6 | BD117: =+AS117/1000 -> 346.244 | BE117: =BE116+AZ117 -> 1038.963 | BF117: =BF116+BA117 -> 33.309 | BG117: =BG116+BB117 -> 527.462 | BH117: =BH116+BC117 -> 46.048 | BI117: =BI116+BD117 -> 1645.782 | BJ117: 3
A118: 38381 | B118: 268036 | C118: 133600 | D118: 0 | E118: =SUM(B118:D118) -> 401636 | F118: =AVERAGE(E115,E116,E117,E118) -> 360149.75 | H118: =((E118/E66)-1)*100 -> -3.2027475 | I118: =((F118/F66)-1)*100 -> -28.613988 | L118: 9566 | M118: 1500 | N118: 30800 | O118: =SUM(L118:N118) -> 41866 | P118: =AVERAGE(O115,O116,O117,O118) -> 18793.75 | R118: =((O118/O66)-1)*100 -> -25.069354 | S118: =((P118/P66)-1)*100 -> -63.331951 | V118: 124750 | W118: 83370 | X118: 38700 | Y118: =SUM(V118:X118) -> 246820 | Z118: =AVERAGE(Y115,Y116,Y117,Y118) -> 193570.5 | AB118: =((Y118/Y66)-1)*100 -> 13.926738 | AC118: =((Z118/Z66)-1)*100 -> 7.7267908 | AF118: 0 | AG118: 25500 | AH118: 0 | AI118: =SUM(AF118:AH118) -> 25500 | AJ118: =AVERAGE(AI115,AI116,AI117,AI118) -> 17887 | AL118: =((AI118/AI66)-1)*100 -> -14.858097 | AM118: =((AJ118/AJ66)-1)*100 -> -24.645069 | AP118: =SUM(B118,L118,V118,AF118) -> 402352 | AQ118: =SUM(C118,M118,W118,AG118) -> 243970 | AR118: =SUM(D118,N118,X118,AH118) -> 69500 | AS118: =SUM(E118,O118,Y118,AI118) -> 715822 | AT118: =AVERAGE(AS115,AS116,AS117,AS118) -> 590401 | AV118: =((AS118/AS66)-1)*100 -> -0.21940462 | AW118: =((AT118/AT66)-1)*100 -> -22.232518 | AZ118: =+E118/1000 -> 401.636 | BA118: =+O118/1000 -> 41.866 | BB118: =+Y118/1000 -> 246.82 | BC118: =+AI118/1000 -> 25.5 | BD118: =+AS118/1000 -> 715.822 | BE118: =BE117+AZ118 -> 1440.599 | BF118: =BF117+BA118 -> 75.175 | BG118: =BG117+BB118 -> 774.282 | BH118: =BH117+BC118 -> 71.548 | BI118: =BI117+BD118 -> 2361.604 | BJ118: 4
A119: 38388 | B119: 241111 | C119: 92136 | D119: 0 | E119: =SUM(B119:D119) -> 333247 | F119: =AVERAGE(E116,E117,E118,E119) -> 325966.5 | H119: =((E119/E67)-1)*100 -> 0.078381674 | I119: =((F119/F67)-1)*100 -> -29.635584 | L119: 5041 | M119: 6035 | N119: 5600 | O119: =SUM(L119:N119) -> 16676 | P119: =AVERAGE(O116,O117,O118,O119) -> 22262.75 | R119: =((O119/O67)-1)*100 -> -71.013384 | S119: =((P119/P67)-1)*100 -> -60.483599 | V119: 144155 | W119: 107946 | X119: 16700 | Y119: =SUM(V119:X119) -> 268801 | Z119: =AVERAGE(Y116,Y117,Y118,Y119) -> 211459.25 | AB119: =((Y119/Y67)-1)*100 -> 106.24803 | AC119: =((Z119/Z67)-1)*100 -> 20.371801 | AF119: 1624 | AG119: 26700 | AH119: 0 | AI119: =SUM(AF119:AH119) -> 28324 | AJ119: =AVERAGE(AI116,AI117,AI118,AI119) -> 21018 | AL119: =((AI119/AI67)-1)*100 -> 4.5166052 | AM119: =((AJ119/AJ67)-1)*100 -> -18.236192 | AP119: =SUM(B119,L119,V119,AF119) -> 391931 | AQ119: =SUM(C119,M119,W119,AG119) -> 232817 | AR119: =SUM(D119,N119,X119,AH119) -> 22300 | AS119: =SUM(E119,O119,Y119,AI119) -> 647048 | AT119: =AVERAGE(AS116,AS117,AS118,AS119) -> 580706.5 | AV119: =((AS119/AS67)-1)*100 -> 18.086304 | AW119: =((AT119/AT67)-1)*100 -> -19.45486 | AZ119: =+E119/1000 -> 333.247 | BA119: =+O119/1000 -> 16.676 | BB119: =+Y119/1000 -> 268.801 | BC119: =+AI119/1000 -> 28.324 | BD119: =+AS119/1000 -> 647.048 | BE119: =BE118+AZ119 -> 1773.846 | BF119: =BF118+BA119 -> 91.851 | BG119: =BG118+BB119 -> 1043.083 | BH119: =BH118+BC119 -> 99.872 | BI119: =BI118+BD119 -> 3008.652 | BJ119: 5
A120: 38395 | B120: 246426 | C120: 116946 | D120: 0 | E120: =SUM(B120:D120) -> 363372 | F120: =AVERAGE(E117,E118,E119,E120) -> 329466.75 | H120: =((E120/E68)-1)*100 -> 12.947013 | I120: =((F120/F68)-1)*100 -> -16.385205 | L120: 10900 | M120: 1600 | N120: 24200 | O120: =SUM(L120:N120) -> 36700 | P120: =AVERAGE(O117,O118,O119,O120) -> 26048 | R120: =((O120/O68)-1)*100 -> 25.034069 | S120: =((P120/P68)-1)*100 -> -51.381215 | V120: 134823 | W120: 104324 | X120: 23550 | Y120: =SUM(V120:X120) -> 262697 | Z120: =AVERAGE(Y117,Y118,Y119,Y120) -> 222600 | AB120: =((Y120/Y68)-1)*100 -> 141.94312 | AC120: =((Z120/Z68)-1)*100 -> 48.645017 | AF120: 15070 | AG120: 21580 | AH120: 0 | AI120: =SUM(AF120:AH120) -> 36650 | AJ120: =AVERAGE(AI117,AI118,AI119,AI120) -> 24018.5 | AL120: =((AI120/AI68)-1)*100 -> 2343.3333 | AM120: =((AJ120/AJ68)-1)*100 -> 15.351551 | AP120: =SUM(B120,L120,V120,AF120) -> 407219 | AQ120: =SUM(C120,M120,W120,AG120) -> 244450 | AR120: =SUM(D120,N120,X120,AH120) -> 47750 | AS120: =SUM(E120,O120,Y120,AI120) -> 699419 | AT120: =AVERAGE(AS117,AS118,AS119,AS120) -> 602133.25 | AV120: =((AS120/AS68)-1)*100 -> 51.668766 | AW120: =((AT120/AT68)-1)*100 -> -2.5958054 | AZ120: =+E120/1000 -> 363.372 | BA120: =+O120/1000 -> 36.7 | BB120: =+Y120/1000 -> 262.697 | BC120: =+AI120/1000 -> 36.65 | BD120: =+AS120/1000 -> 699.419 | BE120: =BE119+AZ120 -> 2137.218 | BF120: =BF119+BA120 -> 128.551 | BG120: =BG119+BB120 -> 1305.78 | BH120: =BH119+BC120 -> 136.522 | BI120: =BI119+BD120 -> 3708.071 | BJ120: 6
A121: 38402 | B121: 152777 | C121: 141335 | D121: 0 | E121: =SUM(B121:D121) -> 294112 | F121: =AVERAGE(E118,E119,E120,E121) -> 348091.75 | H121: =((E121/E69)-1)*100 -> -16.394626 | I121: =((F121/F69)-1)*100 -> -2.0436663 | L121: 1535 | M121: 3100 | N121: 15400 | O121: =SUM(L121:N121) -> 20035 | P121: =AVERAGE(O118,O119,O120,O121) -> 28819.25 | R121: =((O121/O69)-1)*100 -> -65.306158 | S121: =((P121/P69)-1)*100 -> -42.506097 | V121: 67243 | W121: 47480 | X121: 15600 | Y121: =SUM(V121:X121) -> 130323 | Z121: =AVERAGE(Y118,Y119,Y120,Y121) -> 227160.25 | AB121: =((Y121/Y69)-1)*100 -> 52.92537 | AC121: =((Z121/Z69)-1)*100 -> 68.025704 | AF121: 0 | AG121: 0 | AH121: 0 | AI121: =SUM(AF121:AH121) -> 0 | AJ121: =AVERAGE(AI118,AI119,AI120,AI121) -> 22618.5 | AL121: =((AI121/AI69)-1)*100 -> -100 | AM121: =((AJ121/AJ69)-1)*100 -> -2.5893905 | AP121: =SUM(B121,L121,V121,AF121) -> 221555 | AQ121: =SUM(C121,M121,W121,AG121) -> 191915 | AR121: =SUM(D121,N121,X121,AH121) -> 31000 | AS121: =SUM(E121,O121,Y121,AI121) -> 444470 | AT121: =AVERAGE(AS118,AS119,AS120,AS121) -> 626689.75 | AV121: =((AS121/AS69)-1)*100 -> -15.992387 | AW121: =((AT121/AT69)-1)*100 -> 11.136239 | AZ121: =+E121/1000 -> 294.112 | BA121: =+O121/1000 -> 20.035 | BB121: =+Y121/1000 -> 130.323 | BC121: =+AI121/1000 -> 0 | BD121: =+AS121/1000 -> 444.47 | BE121: =BE120+AZ121 -> 2431.33 | BF121: =BF120+BA121 -> 148.586 | BG121: =BG120+BB121 -> 1436.103 | BH121: =BH120+BC121 -> 136.522 | BI121: =BI120+BD121 -> 4152.541 | BJ121: 7
A122: 38409 | B122: 216512 | C122: 129112 | D122: 0 | E122: =SUM(B122:D122) -> 345624 | F122: =AVERAGE(E119,E120,E121,E122) -> 334088.75 | H122: =((E122/E70)-1)*100 -> -29.58764 | I122: =((F122/F70)-1)*100 -> -10.751876 | L122: 18434 | M122: 43942 | N122: 11200 | O122: =SUM(L122:N122) -> 73576 | P122: =AVERAGE(O119,O120,O121,O122) -> 36746.75 | R122: =((O122/O70)-1)*100 -> 129.89626 | S122: =((P122/P70)-1)*100 -> -16.784424 | V122: 107956 | W122: 18000 | X122: 14400 | Y122: =SUM(V122:X122) -> 140356 | Z122: =AVERAGE(Y119,Y120,Y121,Y122) -> 200544.25 | AB122: =((Y122/Y70)-1)*100 -> -2.0024577 | AC122: =((Z122/Z70)-1)*100 -> 71.643369 | AF122: 0 | AG122: 0 | AH122: 0 | AI122: =SUM(AF122:AH122) -> 0 | AJ122: =AVERAGE(AI119,AI120,AI121,AI122) -> 16243.5 | AL122: =((AI122/AI70)-1)*100 -> -100 | AM122: =((AJ122/AJ70)-1)*100 -> -9.9247224 | AP122: =SUM(B122,L122,V122,AF122) -> 342902 | AQ122: =SUM(C122,M122,W122,AG122) -> 191054 | AR122: =SUM(D122,N122,X122,AH122) -> 25600 | AS122: =SUM(E122,O122,Y122,AI122) -> 559556 | AT122: =AVERAGE(AS119,AS120,AS121,AS122) -> 587623.25 | AV122: =((AS122/AS70)-1)*100 -> -17.138292 | AW122: =((AT122/AT70)-1)*100 -> 6.1906079 | AZ122: =+E122/1000 -> 345.624 | BA122: =+O122/1000 -> 73.576 | BB122: =+Y122/1000 -> 140.356 | BC122: =+AI122/1000 -> 0 | BD122: =+AS122/1000 -> 559.556 | BE122: =BE121+AZ122 -> 2776.954 | BF122: =BF121+BA122 -> 222.162 | BG122: =BG121+BB122 -> 1576.459 | BH122: =BH121+BC122 -> 136.522 | BI122: =BI121+BD122 -> 4712.097 | BJ122: 8
A123: 38416 | B123: 182834 | C123: 97116 | D123: 0 | E123: =SUM(B123:D123) -> 279950 | F123: =AVERAGE(E120,E121,E122,E123) -> 320764.5 | H123: =((E123/E71)-1)*100 -> -15.498017 | I123: =((F123/F71)-1)*100 -> -14.214365 | L123: 3200 | M123: 3000 | N123: 25200 | O123: =SUM(L123:N123) -> 31400 | P123: =AVERAGE(O120,O121,O122,O123) -> 40427.75 | R123: =((O123/O71)-1)*100 -> -15.468691 | S123: =((P123/P71)-1)*100 -> 3.49504 | V123: 84248 | W123: 48130 | X123: 22800 | Y123: =SUM(V123:X123) -> 155178 | Z123: =AVERAGE(Y120,Y121,Y122,Y123) -> 172138.5 | AB123: =((Y123/Y71)-1)*100 -> 57.577912 | AC123: =((Z123/Z71)-1)*100 -> 58.106907 | AF123: 6400 | AG123: 13500 | AH123: 0 | AI123: =SUM(AF123:AH123) -> 19900 | AJ123: =AVERAGE(AI120,AI121,AI122,AI123) -> 14137.5 | AL123: =((AI123/AI71)-1)*100 -> -65.089557 | AM123: =((AJ123/AJ71)-1)*100 -> -44.578384 | AP123: =SUM(B123,L123,V123,AF123) -> 276682 | AQ123: =SUM(C123,M123,W123,AG123) -> 161746 | AR123: =SUM(D123,N123,X123,AH123) -> 48000 | AS123: =SUM(E123,O123,Y123,AI123) -> 486428 | AT123: =AVERAGE(AS120,AS121,AS122,AS123) -> 547468.25 | AV123: =((AS123/AS71)-1)*100 -> -7.1560544 | AW123: =((AT123/AT71)-1)*100 -> 0.019731064 | AZ123: =+E123/1000 -> 279.95 | BA123: =+O123/1000 -> 31.4 | BB123: =+Y123/1000 -> 155.178 | BC123: =+AI123/1000 -> 19.9 | BD123: =+AS123/1000 -> 486.428 | BE123: =BE122+AZ123 -> 3056.904 | BF123: =BF122+BA123 -> 253.562 | BG123: =BG122+BB123 -> 1731.637 | BH123: =BH122+BC123 -> 156.422 | BI123: =BI122+BD123 -> 5198.525 | BJ123: 9
A124: 38423 | B124: 177201 | C124: 85031 | D124: 0 | E124: =SUM(B124:D124) -> 262232 | F124: =AVERAGE(E121,E122,E123,E124) -> 295479.5 | H124: =((E124/E72)-1)*100 -> -38.975935 | I124: =((F124/F72)-1)*100 -> -26.298533 | L124: 4800 | M124: 7642 | N124: 11300 | O124: =SUM(L124:N124) -> 23742 | P124: =AVERAGE(O121,O122,O123,O124) -> 37188.25 | R124: =((O124/O72)-1)*100 -> -58.437057 | S124: =((P124/P72)-1)*100 -> -19.165204 | V124: 67811 | W124: 32150 | X124: 10300 | Y124: =SUM(V124:X124) -> 110261 | Z124: =AVERAGE(Y121,Y122,Y123,Y124) -> 134029.5 | AB124: =((Y124/Y72)-1)*100 -> 17.437612 | AC124: =((Z124/Z72)-1)*100 -> 27.40144 | AF124: 0 | AG124: 6000 | AH124: 0 | AI124: =SUM(AF124:AH124) -> 6000 | AJ124: =AVERAGE(AI121,AI122,AI123,AI124) -> 6475 | AL124: =((AI124/AI72)-1)*100 -> -55.555556 | AM124: =((AJ124/AJ72)-1)*100 -> -77.287874 | AP124: =SUM(B124,L124,V124,AF124) -> 249812 | AQ124: =SUM(C124,M124,W124,AG124) -> 130823 | AR124: =SUM(D124,N124,X124,AH124) -> 21600 | AS124: =SUM(E124,O124,Y124,AI124) -> 402235 | AT124: =AVERAGE(AS121,AS122,AS123,AS124) -> 473172.25 | AV124: =((AS124/AS72)-1)*100 -> -32.309994 | AW124: =((AT124/AT72)-1)*100 -> -18.507201 | AZ124: =+E124/1000 -> 262.232 | BA124: =+O124/1000 -> 23.742 | BB124: =+Y124/1000 -> 110.261 | BC124: =+AI124/1000 -> 6 | BD124: =+AS124/1000 -> 402.235 | BE124: =BE123+AZ124 -> 3319.136 | BF124: =BF123+BA124 -> 277.304 | BG124: =BG123+BB124 -> 1841.898 | BH124: =BH123+BC124 -> 162.422 | BI124: =BI123+BD124 -> 5600.76 | BJ124: 10
A125: 38430 | B125: 299912 | C125: 109340 | D125: 0 | E125: =SUM(B125:D125) -> 409252 | F125: =AVERAGE(E122,E123,E124,E125) -> 324264.5 | H125: =((E125/E73)-1)*100 -> 29.875504 | I125: =((F125/F73)-1)*100 -> -17.225672 | L125: 14372 | M125: 4500 | N125: 31200 | O125: =SUM(L125:N125) -> 50072 | P125: =AVERAGE(O122,O123,O124,O125) -> 44697.5 | R125: =((O125/O73)-1)*100 -> -1.6267191 | S125: =((P125/P73)-1)*100 -> 0.91266728 | V125: 84685 | W125: 70470 | X125: 19700 | Y125: =SUM(V125:X125) -> 174855 | Z125: =AVERAGE(Y122,Y123,Y124,Y125) -> 145162.5 | AB125: =((Y125/Y73)-1)*100 -> 337.389 | AC125: =((Z125/Z73)-1)*100 -> 54.606235 | AF125: 1624 | AG125: 19600 | AH125: 0 | AI125: =SUM(AF125:AH125) -> 21224 | AJ125: =AVERAGE(AI122,AI123,AI124,AI125) -> 11781 | AM125: =((AJ125/AJ73)-1)*100 -> -40.878467 | AP125: =SUM(B125,L125,V125,AF125) -> 400593 | AQ125: =SUM(C125,M125,W125,AG125) -> 203910 | AR125: =SUM(D125,N125,X125,AH125) -> 50900 | AS125: =SUM(E125,O125,Y125,AI125) -> 655403 | AT125: =AVERAGE(AS122,AS123,AS124,AS125) -> 525905.5 | AV125: =((AS125/AS73)-1)*100 -> 61.434082 | AW125: =((AT125/AT73)-1)*100 -> -4.3559507 | AZ125: =+E125/1000 -> 409.252 | BA125: =+O125/1000 -> 50.072 | BB125: =+Y125/1000 -> 174.855 | BC125: =+AI125/1000 -> 21.224 | BD125: =+AS125/1000 -> 655.403 | BE125: =BE124+AZ125 -> 3728.388 | BF125: =BF124+BA125 -> 327.376 | BG125: =BG124+BB125 -> 2016.753 | BH125: =BH124+BC125 -> 183.646 | BI125: =BI124+BD125 -> 6256.163 | BJ125: 11
A126: 38437 | B126: 280454 | C126: 97720 | D126: 0 | E126: =SUM(B126:D126) -> 378174 | F126: =AVERAGE(E123,E124,E125,E126) -> 332402 | H126: =((E126/E74)-1)*100 -> -18.211605 | I126: =((F126/F74)-1)*100 -> -13.577921 | L126: 12718 | M126: 1500 | N126: 22700 | O126: =SUM(L126:N126) -> 36918 | P126: =AVERAGE(O123,O124,O125,O126) -> 35533 | R126: =((O126/O74)-1)*100 -> -5.4693501 | S126: =((P126/P74)-1)*100 -> -22.847853 | V126: 53050 | W126: 50670 | X126: 19800 | Y126: =SUM(V126:X126) -> 123520 | Z126: =AVERAGE(Y123,Y124,Y125,Y126) -> 140953.5 | AB126: =((Y126/Y74)-1)*100 -> 15.972509 | AC126: =((Z126/Z74)-1)*100 -> 66.389947 | AF126: 0 | AG126: 13800 | AH126: 0 | AI126: =SUM(AF126:AH126) -> 13800 | AJ126: =AVERAGE(AI123,AI124,AI125,AI126) -> 15231 | AL126: =((AI126/AI74)-1)*100 -> 206.66667 | AM126: =((AJ126/AJ74)-1)*100 -> -18.771249 | AP126: =SUM(B126,L126,V126,AF126) -> 346222 | AQ126: =SUM(C126,M126,W126,AG126) -> 163690 | AR126: =SUM(D126,N126,X126,AH126) -> 42500 | AS126: =SUM(E126,O126,Y126,AI126) -> 552412 | AT126: =AVERAGE(AS123,AS124,AS125,AS126) -> 524119.5 | AV126: =((AS126/AS74)-1)*100 -> -9.8018918 | AW126: =((AT126/AT74)-1)*100 -> -1.8770167 | AZ126: =+E126/1000 -> 378.174 | BA126: =+O126/1000 -> 36.918 | BB126: =+Y126/1000 -> 123.52 | BC126: =+AI126/1000 -> 13.8 | BD126: =+AS126/1000 -> 552.412 | BE126: =BE125+AZ126 -> 4106.562 | BF126: =BF125+BA126 -> 364.294 | BG126: =BG125+BB126 -> 2140.273 | BH126: =BH125+BC126 -> 197.446 | BI126: =BI125+BD126 -> 6808.575 | BJ126: 12
A127: 38444 | B127: 316962 | C127: 66124 | D127: 0 | E127: =SUM(B127:D127) -> 383086 | F127: =AVERAGE(E124,E125,E126,E127) -> 358186 | H127: =((E127/E75)-1)*100 -> -22.62202 | I127: =((F127/F75)-1)*100 -> -15.834565 | L127: 3248 | M127: 1500 | N127: 21500 | O127: =SUM(L127:N127) -> 26248 | P127: =AVERAGE(O124,O125,O126,O127) -> 34245 | R127: =((O127/O75)-1)*100 -> -60.193512 | S127: =((P127/P75)-1)*100 -> -35.694971 | V127: 64374 | W127: 36693 | X127: 17500 | Y127: =SUM(V127:X127) -> 118567 | Z127: =AVERAGE(Y124,Y125,Y126,Y127) -> 131800.75 | AB127: =((Y127/Y75)-1)*100 -> -3.5397582 | AC127: =((Z127/Z75)-1)*100 -> 45.118252 | AF127: 4605 | AG127: 3000 | AH127: 0 | AI127: =SUM(AF127:AH127) -> 7605 | AJ127: =AVERAGE(AI124,AI125,AI126,AI127) -> 12157.25 | AL127: =((AI127/AI75)-1)*100 -> -50.098425 | AM127: =((AJ127/AJ75)-1)*100 -> 46.296631 | AP127: =SUM(B127,L127,V127,AF127) -> 389189 | AQ127: =SUM(C127,M127,W127,AG127) -> 107317 | AR127: =SUM(D127,N127,X127,AH127) -> 39000 | AS127: =SUM(E127,O127,Y127,AI127) -> 535506 | AT127: =AVERAGE(AS124,AS125,AS126,AS127) -> 536389 | AV127: =((AS127/AS75)-1)*100 -> -23.409532 | AW127: =((AT127/AT75)-1)*100 -> -7.1928327 | AZ127: =+E127/1000 -> 383.086 | BA127: =+O127/1000 -> 26.248 | BB127: =+Y127/1000 -> 118.567 | BC127: =+AI127/1000 -> 7.605 | BD127: =+AS127/1000 -> 535.506 | BE127: =BE126+AZ127 -> 4489.648 | BF127: =BF126+BA127 -> 390.542 | BG127: =BG126+BB127 -> 2258.84 | BH127: =BH126+BC127 -> 205.051 | BI127: =BI126+BD127 -> 7344.081 | BJ127: 13
A128: 38451 | B128: 328808 | C128: 84664 | D128: 0 | E128: =SUM(B128:D128) -> 413472 | F128: =AVERAGE(E125,E126,E127,E128) -> 395996 | H128: =((E128/E76)-1)*100 -> -16.891721 | I128: =((F128/F76)-1)*100 -> -10.513726 | L128: 9453 | M128: 1500 | N128: 12600 | O128: =SUM(L128:N128) -> 23553 | P128: =AVERAGE(O125,O126,O127,O128) -> 34197.75 | R128: =((O128/O76)-1)*100 -> -64.109167 | S128: =((P128/P76)-1)*100 -> -38.24808 | V128: 106716 | W128: 45300 | X128: 11000 | Y128: =SUM(V128:X128) -> 163016 | Z128: =AVERAGE(Y125,Y126,Y127,Y128) -> 144989.5 | AB128: =((Y128/Y76)-1)*100 -> 38.916726 | AC128: =((Z128/Z76)-1)*100 -> 49.956432 | AF128: 0 | AG128: 27500 | AH128: 0 | AI128: =SUM(AF128:AH128) -> 27500 | AJ128: =AVERAGE(AI125,AI126,AI127,AI128) -> 17532.25 | AM128: =((AJ128/AJ76)-1)*100 -> 255.26342 | AP128: =SUM(B128,L128,V128,AF128) -> 444977 | AQ128: =SUM(C128,M128,W128,AG128) -> 158964 | AR128: =SUM(D128,N128,X128,AH128) -> 23600 | AS128: =SUM(E128,O128,Y128,AI128) -> 627541 | AT128: =AVERAGE(AS125,AS126,AS127,AS128) -> 592715.5 | AV128: =((AS128/AS76)-1)*100 -> -7.7799266 | AW128: =((AT128/AT76)-1)*100 -> -1.1355685 | AZ128: =+E128/1000 -> 413.472 | BA128: =+O128/1000 -> 23.553 | BB128: =+Y128/1000 -> 163.016 | BC128: =+AI128/1000 -> 27.5 | BD128: =+AS128/1000 -> 627.541 | BE128: =BE127+AZ128 -> 4903.12 | BF128: =BF127+BA128 -> 414.095 | BG128: =BG127+BB128 -> 2421.856 | BH128: =BH127+BC128 -> 232.551 | BI128: =BI127+BD128 -> 7971.622 | BJ128: 14
A129: 38458 | B129: 504723 | C129: 93300 | D129: 0 | E129: =SUM(B129:D129) -> 598023 | F129: =AVERAGE(E126,E127,E128,E129) -> 443188.75 | H129: =((E129/E77)-1)*100 -> 6.6116277 | I129: =((F129/F77)-1)*100 -> -12.061842 | L129: 6544 | M129: 2900 | N129: 5600 | O129: =SUM(L129:N129) -> 15044 | P129: =AVERAGE(O126,O127,O128,O129) -> 25440.75 | R129: =((O129/O77)-1)*100 -> -77.736999 | S129: =((P129/P77)-1)*100 -> -57.276723 | V129: 120893 | W129: 24200 | X129: 4200 | Y129: =SUM(V129:X129) -> 149293 | Z129: =AVERAGE(Y126,Y127,Y128,Y129) -> 138599 | AB129: =((Y129/Y77)-1)*100 -> 82.608004 | AC129: =((Z129/Z77)-1)*100 -> 29.371573 | AF129: 4646 | AG129: 6000 | AH129: 0 | AI129: =SUM(AF129:AH129) -> 10646 | AJ129: =AVERAGE(AI126,AI127,AI128,AI129) -> 14887.75 | AL129: =((AI129/AI77)-1)*100 -> 16.989011 | AM129: =((AJ129/AJ77)-1)*100 -> 106.48752 | AP129: =SUM(B129,L129,V129,AF129) -> 636806 | AQ129: =SUM(C129,M129,W129,AG129) -> 126400 | AR129: =SUM(D129,N129,X129,AH129) -> 9800 | AS129: =SUM(E129,O129,Y129,AI129) -> 773006 | AT129: =AVERAGE(AS126,AS127,AS128,AS129) -> 622116.25 | AV129: =((AS129/AS77)-1)*100 -> 7.4565659 | AW129: =((AT129/AT77)-1)*100 -> -8.2245732 | AZ129: =+E129/1000 -> 598.023 | BA129: =+O129/1000 -> 15.044 | BB129: =+Y129/1000 -> 149.293 | BC129: =+AI129/1000 -> 10.646 | BD129: =+AS129/1000 -> 773.006 | BE129: =BE128+AZ129 -> 5501.143 | BF129: =BF128+BA129 -> 429.139 | BG129: =BG128+BB129 -> 2571.149 | BH129: =BH128+BC129 -> 243.197 | BI129: =BI128+BD129 -> 8744.628 | BJ129: 15
A130: 38465 | B130: 431306 | C130: 74770 | D130: 0 | E130: =SUM(B130:D130) -> 506076 | F130: =AVERAGE(E127,E128,E129,E130) -> 475164.25 | H130: =((E130/E78)-1)*100 -> -0.11841887 | I130: =((F130/F78)-1)*100 -> -7.7443227 | L130: 15505 | M130: 3000 | N130: 13200 | O130: =SUM(L130:N130) -> 31705 | P130: =AVERAGE(O127,O128,O129,O130) -> 24137.5 | R130: =((O130/O78)-1)*100 -> -38.196881 | S130: =((P130/P78)-1)*100 -> -61.44739 | V130: 88930 | W130: 38750 | X130: 4300 | Y130: =SUM(V130:X130) -> 131980 | Z130: =AVERAGE(Y127,Y128,Y129,Y130) -> 140714 | AB130: =((Y130/Y78)-1)*100 -> 248.08524 | AC130: =((Z130/Z78)-1)*100 -> 56.37582 | AF130: 9000 | AG130: 0 | AH130: 0 | AI130: =SUM(AF130:AH130) -> 9000 | AJ130: =AVERAGE(AI127,AI128,AI129,AI130) -> 13687.75 | AL130: =((AI130/AI78)-1)*100 -> -3.5266374 | AM130: =((AJ130/AJ78)-1)*100 -> 62.615462 | AP130: =SUM(B130,L130,V130,AF130) -> 544741 | AQ130: =SUM(C130,M130,W130,AG130) -> 116520 | AR130: =SUM(D130,N130,X130,AH130) -> 17500 | AS130: =SUM(E130,O130,Y130,AI130) -> 678761 | AT130: =AVERAGE(AS127,AS128,AS129,AS130) -> 653703.5 | AV130: =((AS130/AS78)-1)*100 -> 12.150933 | AW130: =((AT130/AT78)-1)*100 -> -3.3072386 | AZ130: =+E130/1000 -> 506.076 | BA130: =+O130/1000 -> 31.705 | BB130: =+Y130/1000 -> 131.98 | BC130: =+AI130/1000 -> 9 | BD130: =+AS130/1000 -> 678.761 | BE130: =BE129+AZ130 -> 6007.219 | BF130: =BF129+BA130 -> 460.844 | BG130: =BG129+BB130 -> 2703.129 | BH130: =BH129+BC130 -> 252.197 | BI130: =BI129+BD130 -> 9423.389 | BJ130: 16
A131: 38472 | B131: 404501 | C131: 36600 | D131: 0 | E131: =SUM(B131:D131) -> 441101 | F131: =AVERAGE(E128,E129,E130,E131) -> 489668 | H131: =((E131/E79)-1)*100 -> -16.825027 | I131: =((F131/F79)-1)*100 -> -6.5274254 | L131: 9035 | M131: 4500 | N131: 18200 | O131: =SUM(L131:N131) -> 31735 | P131: =AVERAGE(O128,O129,O130,O131) -> 25509.25 | R131: =((O131/O79)-1)*100 -> -33.245688 | S131: =((P131/P79)-1)*100 -> -56.025737 | V131: 69365 | W131: 18100 | X131: 7000 | Y131: =SUM(V131:X131) -> 94465 | Z131: =AVERAGE(Y128,Y129,Y130,Y131) -> 134688.5 | AB131: =((Y131/Y79)-1)*100 -> 36.909766 | AC131: =((Z131/Z79)-1)*100 -> 76.053043 | AF131: 4500 | AG131: 1500 | AH131: 0 | AI131: =SUM(AF131:AH131) -> 6000 | AJ131: =AVERAGE(AI128,AI129,AI130,AI131) -> 13286.5 | AL131: =((AI131/AI79)-1)*100 -> 33.333333 | AM131: =((AJ131/AJ79)-1)*100 -> 131.78508 | AP131: =SUM(B131,L131,V131,AF131) -> 487401 | AQ131: =SUM(C131,M131,W131,AG131) -> 60700 | AR131: =SUM(D131,N131,X131,AH131) -> 25200 | AS131: =SUM(E131,O131,Y131,AI131) -> 573301 | AT131: =AVERAGE(AS128,AS129,AS130,AS131) -> 663152.25 | AV131: =((AS131/AS79)-1)*100 -> -11.984949 | AW131: =((AT131/AT79)-1)*100 -> -0.14406521 | AZ131: =+E131/1000 -> 441.101 | BA131: =+O131/1000 -> 31.735 | BB131: =+Y131/1000 -> 94.465 | BC131: =+AI131/1000 -> 6 | BD131: =+AS131/1000 -> 573.301 | BE131: =BE130+AZ131 -> 6448.32 | BF131: =BF130+BA131 -> 492.579 | BG131: =BG130+BB131 -> 2797.594 | BH131: =BH130+BC131 -> 258.197 | BI131: =BI130+BD131 -> 9996.69 | BJ131: 17
A132: 38479 | B132: 502897 | C132: 68500 | D132: 0 | E132: =SUM(B132:D132) -> 571397 | F132: =AVERAGE(E129,E130,E131,E132) -> 529149.25 | H132: =((E132/E80)-1)*100 -> 7.0767737 | I132: =((F132/F80)-1)*100 -> -0.70262632 | L132: 7869 | M132: 6300 | N132: 9800 | O132: =SUM(L132:N132) -> 23969 | P132: =AVERAGE(O129,O130,O131,O132) -> 25613.25 | R132: =((O132/O80)-1)*100 -> -69.004668 | S132: =((P132/P80)-1)*100 -> -57.967138 | V132: 102504 | W132: 12100 | X132: 4200 | Y132: =SUM(V132:X132) -> 118804 | Z132: =AVERAGE(Y129,Y130,Y131,Y132) -> 123635.5 | AB132: =((Y132/Y80)-1)*100 -> 100.43189 | AC132: =((Z132/Z80)-1)*100 -> 99.457135 | AF132: 6240 | AG132: 1500 | AH132: 0 | AI132: =SUM(AF132:AH132) -> 7740 | AJ132: =AVERAGE(AI129,AI130,AI131,AI132) -> 8346.5 | AL132: =((AI132/AI80)-1)*100 -> -67.06383 | AM132: =((AJ132/AJ80)-1)*100 -> -28.092356 | AP132: =SUM(B132,L132,V132,AF132) -> 619510 | AQ132: =SUM(C132,M132,W132,AG132) -> 88400 | AR132: =SUM(D132,N132,X132,AH132) -> 14000 | AS132: =SUM(E132,O132,Y132,AI132) -> 721910 | AT132: =AVERAGE(AS129,AS130,AS131,AS132) -> 686744.5 | AV132: =((AS132/AS80)-1)*100 -> 4.0608991 | AW132: =((AT132/AT80)-1)*100 -> 2.8949407 | AZ132: =+E132/1000 -> 571.397 | BA132: =+O132/1000 -> 23.969 | BB132: =+Y132/1000 -> 118.804 | BC132: =+AI132/1000 -> 7.74 | BD132: =+AS132/1000 -> 721.91 | BE132: =BE131+AZ132 -> 7019.717 | BF132: =BF131+BA132 -> 516.548 | BG132: =BG131+BB132 -> 2916.398 | BH132: =BH131+BC132 -> 265.937 | BI132: =BI131+BD132 -> 10718.6 | BJ132: 18
...

Sheet Table 10
A1: Table 10
A2: Barge Grain Movements (1,000 tons)
A3: Week ending 4/12/2014 | B3: Corn | C3: Wheat | D3: Soybeans | E3: Other | F3: Total
A4: Mississippi River
A5: Rock Island, IL (L15) | B5: =17200/1000 -> 17.2 | C5: 0 | D5: =12500/1000 -> 12.5 | E5: 0 | F5: =SUM(B5:E5) -> 29.7
A6: Winfield, MO (L25) | B6: =127100/1000 -> 127.1 | C6: 0 | D6: =112700/1000 -> 112.7 | E6: =1600/1000 -> 1.6 | F6: =SUM(B6:E6) -> 241.4
A7: Alton, IL (L26) | B7: =261100/1000 -> 261.1 | C7: =17644/1000 -> 17.644 | D7: =139076/1000 -> 139.076 | E7: =3200/1000 -> 3.2 | F7: =SUM(B7:E7) -> 421.02
A8: Granite City, IL (L27) | B8: =Data!B598/1000 -> 277.4 | C8: =Data!L598/1000 -> 17.644 | D8: =Data!V598/1000 -> 125.276 | E8: =Data!AF598/1000 -> 3.2 | F8: =SUM(B8:E8) -> 423.52
A9: Illinois River (L8) | B9: =171200/1000 -> 171.2 | C9: =6300/1000 -> 6.3 | D9: =30900/1000 -> 30.9 | E9: =1600/1000 -> 1.6 | F9: =SUM(B9:E9) -> 210
A10: Ohio River (L52) | B10: =Data!C598/1000 -> 203.45 | C10: =Data!M598/1000 -> 21.15 | D10: =Data!W598/1000 -> 31.95 | E10: =Data!AG598/1000 -> 0 | F10: =SUM(B10:E10) -> 256.55 | G10: n/a
A11: Arkansas River (L1) | B11: =Data!D598/1000 -> 4.2 | C11: =Data!N598/1000 -> 21 | D11: =Data!X598/1000 -> 0 | E11: =Data!AH598/1000 -> 2.8 | F11: =SUM(B11:E11) -> 28
A13: Weekly total - 2014 | B13: =Data!AZ598 -> 485.05 | C13: =+Data!BA598 -> 59.794 | D13: =+Data!BB598 -> 157.226 | E13: =+Data!BC598 -> 6 | F13: =+Data!BD598 -> 708.07 | J13: =(+F13-F14)/F14 -> 1.0973637
A14: Weekly total - 2013 | B14: =Data!AZ546 -> 170.6 | C14: =Data!BA546 -> 84.55 | D14: =Data!BB546 -> 82.45 | E14: =Data!BC546 -> 0 | F14: =Data!BD546 -> 337.6
A15: 2014 YTD1 | B15: =Data!BE598 -> 5068.409 | C15: =Data!BF598 -> 503.911 | D15: =Data!BG598 -> 3659.981 | E15: =Data!BH598 -> 58.75 | F15: =Data!BI598 -> 9291.051
A16: 2013 YTD | B16: =Data!BE546 -> 1872.053 | C16: =Data!BF546 -> 1271.05 | D16: =Data!BG546 -> 3083.267 | E16: =Data!BH546 -> 84.77 | F16: =Data!BI546 -> 6311.14
A17: 2014 as % of 2013 YTD | B17: =(B15/B16)*100 -> 270.74068 | C17: =(C15/C16)*100 -> 39.645254 | D17: =(D15/D16)*100 -> 118.70464 | E17: =(E15/E16)*100 -> 69.305179 | F17: =(F15/F16)*100 -> 147.21668
A18: Last 4 weeks as % of 20132 | B18: =+Data!I598+100 -> 313.50854 | C18: =+Data!S598+100 -> 74.370968 | D18: =+Data!AC598+100 -> 143.17387 | E18: =+Data!AM598+100 -> 54.545455 | F18: =+Data!AW598+100 -> 205.87794
A19: Total 2013 | B19: =Data!BE583 -> 9504.445 | C19: =Data!BF583 -> 4110.692 | D19: =Data!BG583 -> 10064.815 | E19: =Data!BH583 -> 254.728 | F19: =Data!BI583 -> 23934.68
A20: 1 Weekly total, YTD (year-to-date) and calendar year total includes Miss/27, Ohio/52, and Ark/1; "Other" refers to oats, barley, sorghum, and rye.
A21: 2 As a percent of same period in 2013.
A22: Note: Total may not add exactly, due to rounding
A23: Source: U.S. Army Corps of Engineers
