Workbook

Sheet RATS_q
A1: Quarter | B1: 18264 | C1: 18354 | D1: 18445 | E1: 18537 | F1: 18629 | G1: 18719 | H1: 18810 | I1: 18902 | J1: 18994 | K1: 19085 | L1: 19176 | M1: 19268 | N1: 19360 | O1: 19450 | P1: 19541 | Q1: 19633 | R1: 19725 | S1: 19815 | T1: 19906 | U1: 19998 | V1: 20090 | W1: 20180 | X1: 20271 | Y1: 20363 | Z1: 20455 | AA1: 20546 | AB1: 20637 | AC1: 20729 | AD1: 20821 | AE1: 20911 | AF1: 21002 | AG1: 21094 | AH1: 21186 | AI1: 21276 | AJ1: 21367 | AK1: 21459 | AL1: 21551 | AM1: 21641 | AN1: 21732 | AO1: 21824 | AP1: 21916 | AQ1: 22007 | AR1: 22098 | AS1: 22190 | AT1: 22282 | AU1: 22372 | AV1: 22463 | AW1: 22555 | AX1: 22647 | AY1: 22737 | AZ1: 22828 | BA1: 22920 | BB1: 23012 | BC1: 23102 | BD1: 23193 | BE1: 23285 | BF1: 23377 | BG1: 23468 | BH1: 23559 | BI1: 23651 | BJ1: 23743 | BK1: 23833 | BL1: 23924 | BM1: 24016 | BN1: 24108 | BO1: 24198 | BP1: 24289 | BQ1: 24381 | BR1: 24473 | BS1: 24563 | BT1: 24654 | BU1: 24746 | BV1: 24838 | BW1: 24929 | BX1: 25020 | BY1: 25112 | BZ1: 25204 | CA1: 25294 | CB1: 25385 | CC1: 25477 | CD1: 25569 | CE1: 25659 | CF1: 25750 | CG1: 25842 | CH1: 25934 | CI1: 26024 | CJ1: 26115 | CK1: 26207 | CL1: 26299 | CM1: 26390 | CN1: 26481 | CO1: 26573 | CP1: 26665 | CQ1: 26755 | CR1: 26846 | CS1: 26938 | CT1: 27030 | CU1: 27120 | CV1: 27211 | CW1: 27303 | CX1: 27395 | CY1: 27485 | CZ1: 27576 | DA1: 27668 | DB1: 27760 | DC1: 27851 | DD1: 27942 | DE1: 28034 | DF1: 28126 | DG1: 28216 | DH1: 28307 | DI1: 28399 | DJ1: 28491 | DK1: 28581 | DL1: 28672 | DM1: 28764 | DN1: 28856 | DO1: 28946 | DP1: 29037 | DQ1: 29129 | DR1: 29221 | DS1: 29312 | DT1: 29403 | DU1: 29495 | DV1: 29587 | DW1: 29677 | DX1: 29768 | DY1: 29860 | DZ1: 29952 | EA1: 30042 | EB1: 30133 | EC1: 30225 | ED1: 30317 | EE1: 30407 | EF1: 30498 | EG1: 30590 | EH1: 30682 | EI1: 30773 | EJ1: 30864 | EK1: 30956 | EL1: 31048 | EM1: 31138 | EN1: 31229 | EO1: 31321 | EP1: 31413 | EQ1: 31503 | ER1: 31594 | ES1: 31686 | ET1: 31778 | EU1: 31868 | EV1: 31959 | EW1: 32051 | EX1: 32143 | EY1: 32234 | EZ1: 32325 | FA1: 32417 | FB1: 32509 | FC1: 32599 | FD1: 32690 | FE1: 32782 | FF1: 32874 | FG1: 32964 | FH1: 33055 | FI1: 33147 | FJ1: 33239 | FK1: 33329 | FL1: 33420 | FM1: 33512 | FN1: 33604 | FO1: 33695 | FP1: 33786 | FQ1: 33878 | FR1: 33970 | FS1: 34060 | FT1: 34151 | FU1: 34243 | FV1: 34335 | FW1: 34425 | FX1: 34516 | FY1: 34608 | FZ1: 34700 | GA1: 34790 | GB1: 34881 | GC1: 34973 | GD1: 35065 | GE1: 35156 | GF1: 35247 | GG1: 35339 | GH1: 35431 | GI1: 35521 | GJ1: 35612 | GK1: 35704 | GL1: 35796 | GM1: 35886 | GN1: 35977 | GO1: 36069 | GP1: 36161 | GQ1: 36251 | GR1: 36342 | GS1: 36434 | GT1: 36526 | GU1: 36617 | GV1: 36708 | GW1: 36800 | GX1: 36892 | GY1: 36982 | GZ1: 37073 | HA1: 37165 | HB1: 37257 | HC1: 37347 | HD1: 37438 | HE1: 37530 | HF1: 37622 | HG1: 37712 | HH1: 37803 | HI1: 37895 | HJ1: 37987 | HK1: 38078 | HL1: 38169 | HM1: 38261 | HN1: 38353 | HO1: 38443 | HP1: 38534 | HQ1: 38626 | HR1: 38718 | HS1: 38808 | HT1: 38899 | HU1: 38991 | HV1: 39083 | HW1: 39173 | HX1: 39264 | HY1: 39356 | HZ1: 39448 | IA1: 39539 | IB1: 39630 | IC1: 39722 | ID1: 39814 | IE1: 39904 | IF1: 39995 | IG1: 40087 | IH1: 40179 | II1: 40269 | IJ1: 40360 | IK1: 40452 | IL1: 40544 | IM1: 40634 | IN1: 40725 | IO1: 40817 | IP1: 40909 | IQ1: 41000 | IR1: 41091 | IS1: 41183 | IT1: 41275 | IU1: 41365 | IV1: 41456 | IW1: 41548 | IX1: 41640 | IY1: 41730 | IZ1: 41821 | JA1: 41913
A2: Index | B2: 1 | C2: 2 | D2: 3 | E2: 4 | F2: 5 | G2: 6 | H2: 7 | I2: 8 | J2: 9 | K2: 10 | L2: 11 | M2: 12 | N2: 13 | O2: 14 | P2: 15 | Q2: 16 | R2: 17 | S2: 18 | T2: 19 | U2: 20 | V2: 21 | W2: 22 | X2: 23 | Y2: 24 | Z2: 25 | AA2: 26 | AB2: 27 | AC2: 28 | AD2: 29 | AE2: 30 | AF2: 31 | AG2: 32 | AH2: 33 | AI2: 34 | AJ2: 35 | AK2: 36 | AL2: 37 | AM2: 38 | AN2: 39 | AO2: 40 | AP2: 41 | AQ2: 42 | AR2: 43 | AS2: 44 | AT2: 45 | AU2: 46 | AV2: 47 | AW2: 48 | AX2: 49 | AY2: 50 | AZ2: 51 | BA2: 52 | BB2: 53 | BC2: 54 | BD2: 55 | BE2: 56 | BF2: 57 | BG2: 58 | BH2: 59 | BI2: 60 | BJ2: 61 | BK2: 62 | BL2: 63 | BM2: 64 | BN2: 65 | BO2: 66 | BP2: 67 | BQ2: 68 | BR2: 69 | BS2: 70 | BT2: 71 | BU2: 72 | BV2: 73 | BW2: 74 | BX2: 75 | BY2: 76 | BZ2: 77 | CA2: 78 | CB2: 79 | CC2: 80 | CD2: 81 | CE2: 82 | CF2: 83 | CG2: 84 | CH2: 85 | CI2: 86 | CJ2: 87 | CK2: 88 | CL2: 89 | CM2: 90 | CN2: 91 | CO2: 92 | CP2: 93 | CQ2: 94 | CR2: 95 | CS2: 96 | CT2: 97 | CU2: 98 | CV2: 99 | CW2: 100 | CX2: 101 | CY2: 102 | CZ2: 103 | DA2: 104 | DB2: 105 | DC2: 106 | DD2: 107 | DE2: 108 | DF2: 109 | DG2: 110 | DH2: 111 | DI2: 112 | DJ2: 113 | DK2: 114 | DL2: 115 | DM2: 116 | DN2: 117 | DO2: 118 | DP2: 119 | DQ2: 120 | DR2: 121 | DS2: 122 | DT2: 123 | DU2: 124 | DV2: 125 | DW2: 126 | DX2: 127 | DY2: 128 | DZ2: 129 | EA2: 130 | EB2: 131 | EC2: 132 | ED2: 133 | EE2: 134 | EF2: 135 | EG2: 136 | EH2: 137 | EI2: 138 | EJ2: 139 | EK2: 140 | EL2: 141 | EM2: 142 | EN2: 143 | EO2: 144 | EP2: 145 | EQ2: 146 | ER2: 147 | ES2: 148 | ET2: 149 | EU2: 150 | EV2: 151 | EW2: 152 | EX2: 153 | EY2: 154 | EZ2: 155 | FA2: 156 | FB2: 157 | FC2: 158 | FD2: 159 | FE2: 160 | FF2: 161 | FG2: 162 | FH2: 163 | FI2: 164 | FJ2: 165 | FK2: 166 | FL2: 167 | FM2: 168 | FN2: 169 | FO2: 170 | FP2: 171 | FQ2: 172 | FR2: 173 | FS2: 174 | FT2: 175 | FU2: 176 | FV2: 177 | FW2: 178 | FX2: 179 | FY2: 180 | FZ2: 181 | GA2: 182 | GB2: 183 | GC2: 184 | GD2: 185 | GE2: 186 | GF2: 187 | GG2: 188 | GH2: 189 | GI2: 190 | GJ2: 191 | GK2: 192 | GL2: 193 | GM2: 194 | GN2: 195 | GO2: 196 | GP2: 197 | GQ2: 198 | GR2: 199 | GS2: 200 | GT2: 201 | GU2: 202 | GV2: 203 | GW2: 204 | GX2: 205 | GY2: 206 | GZ2: 207 | HA2: 208 | HB2: 209 | HC2: 210 | HD2: 211 | HE2: 212 | HF2: 213 | HG2: 214 | HH2: 215 | HI2: 216 | HJ2: 217 | HK2: 218 | HL2: 219 | HM2: 220 | HN2: 221 | HO2: 222 | HP2: 223 | HQ2: 224 | HR2: 225 | HS2: 226 | HT2: 227 | HU2: 228 | HV2: 229 | HW2: 230 | HX2: 231 | HY2: 232 | HZ2: 233 | IA2: 234 | IB2: 235 | IC2: 236 | ID2: 237 | IE2: 238 | IF2: 239 | IG2: 240 | IH2: 241 | II2: 242 | IJ2: 243 | IK2: 244 | IL2: 245 | IM2: 246 | IN2: 247 | IO2: 248 | IP2: 249 | IQ2: 250 | IR2: 251 | IS2: 252 | IT2: 253 | IU2: 254 | IV2: 255 | IW2: 256 | IX2: 257 | IY2: 258 | IZ2: 259 | JA2: 260
A3: GDP | B3: =[1]q!B3 -> 1913 | C3: =[1]q!C3 -> 1971.2 | D3: =[1]q!D3 -> 2048.4 | E3: =[1]q!E3 -> 2084.4 | F3: =[1]q!F3 -> 2110.7 | G3: =[1]q!G3 -> 2145.7 | H3: =[1]q!H3 -> 2188.5 | I3: =[1]q!I3 -> 2192.2 | ... IN3: =[1]q!IN3 -> 13352.8
A4: PCON | B4: =[1]q!B4 -> 1244.9 | C4: =[1]q!C4 -> 1265.4 | D4: =[1]q!D4 -> 1330.3 | E4: =[1]q!E4 -> 1290.2 | F4: =[1]q!F4 -> 1321.4 | G4: =[1]q!G4 -> 1284.1 | H4: =[1]q!H4 -> 1299.1 | I4: =[1]q!I4 -> 1306.7 | ... IN4: =[1]q!IN4 -> 9449.5
A5: PDUR | FZ5: =[1]q!FZ5 -> 497.3 | GA5: =[1]q!GA5 -> 502.4 | GB5: =[1]q!GB5 -> 516.6 | GC5: =[1]q!GC5 -> 525.5 | GD5: =[1]q!GD5 -> 531.2 | GE5: =[1]q!GE5 -> 548.1 | GF5: =[1]q!GF5 -> 552 | GG5: =[1]q!GG5 -> 562.8 | ... IN5: =[1]q!IN5 -> 1273
A6: PNDUR | FZ6: =[1]q!FZ9 -> 1428 | GA6: =[1]q!GA9 -> 1435 | GB6: =[1]q!GB9 -> 1440.1 | GC6: =[1]q!GC9 -> 1447.5 | GD6: =[1]q!GD9 -> 1456.9 | GE6: =[1]q!GE9 -> 1475.6 | GF6: =[1]q!GF9 -> 1486.1 | GG6: =[1]q!GG9 -> 1498.2 | ... IN6: =[1]q!IN9 -> 2077.7
A7: FINV | B7: =[1]q!B21 -> 214.9 | C7: =[1]q!C21 -> 238.9 | D7: =[1]q!D21 -> 260.4 | E7: =[1]q!E21 -> 295 | F7: =[1]q!F21 -> 263.9 | G7: =[1]q!G21 -> 270.4 | H7: =[1]q!H21 -> 249.5 | I7: =[1]q!I21 -> 228.3 | ... IN7: =[1]q!IN21 -> 1796.6
A8: NRESINV | FZ8: =[1]q!FZ22 -> 777.3 | GA8: =[1]q!GA22 -> 782.6 | GB8: =[1]q!GB22 -> 787.9 | GC8: =[1]q!GC22 -> 803.8 | GD8: =[1]q!GD22 -> 823.7 | GE8: =[1]q!GE22 -> 847.4 | GF8: =[1]q!GF22 -> 875.6 | GG8: =[1]q!GG22 -> 899.3 | ... IN8: =[1]q!IN22 -> 1467.5
A9: Structures | FZ9: =[1]q!FZ23 -> 336.5 | GA9: =[1]q!GA23 -> 343.2 | GB9: =[1]q!GB23 -> 345.7 | GC9: =[1]q!GC23 -> 342.8 | GD9: =[1]q!GD23 -> 348.9 | GE9: =[1]q!GE23 -> 356.5 | GF9: =[1]q!GF23 -> 360.9 | GG9: =[1]q!GG23 -> 379.3 | ... IN9: =[1]q!IN23 -> 332.1
A10: Equipment | FZ10: =[1]q!FZ24 -> 483.2 | GA10: =[1]q!GA24 -> 484.4 | GB10: =[1]q!GB24 -> 487.6 | GC10: =[1]q!GC24 -> 502.3 | GD10: =[1]q!GD24 -> 516 | GE10: =[1]q!GE24 -> 532.1 | GF10: =[1]q!GF24 -> 553.6 | GG10: =[1]q!GG24 -> 564 | ... IN10: =[1]q!IN24 -> 1148.7
A11: RESINV | FZ11: =[1]q!FZ25 -> 457.7 | GA11: =[1]q!GA25 -> 443 | GB11: =[1]q!GB25 -> 456.7 | GC11: =[1]q!GC25 -> 467 | GD11: =[1]q!GD25 -> 479.3 | GE11: =[1]q!GE25 -> 499.5 | GF11: =[1]q!GF25 -> 498.2 | GG11: =[1]q!GG25 -> 493 | ... IN11: =[1]q!IN25 -> 326.3
A12: EXPORT | B12: =[1]q!B30 -> 52.4 | C12: =[1]q!C30 -> 53.1 | D12: =[1]q!D30 -> 54.4 | E12: =[1]q!E30 -> 58.8 | F12: =[1]q!F30 -> 61.8 | G12: =[1]q!G30 -> 67.9 | H12: =[1]q!H30 -> 69.5 | I12: =[1]q!I30 -> 68.9 | ... IN12: =[1]q!IN30 -> 1782.4
A13: IMPORT | B13: =[1]q!B33 -> 56.4 | C13: =[1]q!C33 -> 59.5 | D13: =[1]q!D33 -> 73.4 | E13: =[1]q!E33 -> 73.6 | F13: =[1]q!F33 -> 73.6 | G13: =[1]q!G33 -> 71.1 | H13: =[1]q!H33 -> 65.1 | I13: =[1]q!I33 -> 63.4 | ... IN13: =[1]q!IN33 -> 2191.8
A14: GOV | B14: =[1]q!B36 -> 483.5 | C14: =[1]q!C36 -> 491.4 | D14: =[1]q!D36 -> 482 | E14: =[1]q!E36 -> 512.7 | F14: =[1]q!F36 -> 567.5 | G14: =[1]q!G36 -> 645.6 | H14: =[1]q!H36 -> 718.8 | I14: =[1]q!I36 -> 758.9 | ... IN14: =[1]q!IN36 -> 2508.2
A15: DISPINCOME | B15: =[1]q!B147 -> 204.9 | C15: =[1]q!C147 -> 204.7 | D15: =[1]q!D147 -> 212.2 | E15: =[1]q!E147 -> 218 | F15: =[1]q!F147 -> 225.1 | G15: =[1]q!G147 -> 230.4 | H15: =[1]q!H147 -> 232.2 | I15: =[1]q!I147 -> 235.7 | ... IN15: =[1]q!IN147 -> 11608.5
A16: SRATIO | B16: =[1]q!B155 -> 9.3 | C16: =[1]q!C155 -> 7.3 | D16: =[1]q!D155 -> 4.1 | E16: =[1]q!E155 -> 7.8 | F16: =[1]q!F155 -> 5.6 | G16: =[1]q!G155 -> 9.7 | H16: =[1]q!H155 -> 9.2 | I16: =[1]q!I155 -> 8.9 | ... IN16: =[1]q!IN155 -> 4.1
A17: TCBCEO_F | DC17: =INDEX([2]Surveys_q!$D$69:$D$369,DC$2-105,1) -> 74 | DD17: =INDEX([2]Surveys_q!$D$69:$D$369,DD$2-105,1) -> 71 | DE17: =INDEX([2]Surveys_q!$D$69:$D$369,DE$2-105,1) -> 67 | DF17: =INDEX([2]Surveys_q!$D$69:$D$369,DF$2-105,1) -> 71 | DG17: =INDEX([2]Surveys_q!$D$69:$D$369,DG$2-105,1) -> 70 | DH17: =INDEX([2]Surveys_q!$D$69:$D$369,DH$2-105,1) -> 56 | DI17: =INDEX([2]Surveys_q!$D$69:$D$369,DI$2-105,1) -> 49 | DJ17: =INDEX([2]Surveys_q!$D$69:$D$369,DJ$2-105,1) -> 49 | ... IN17: =INDEX([2]Surveys_q!$D$69:$D$369,IN$2-105,1) -> 45
A18: TCBCEO_P | DC18: =INDEX([2]Surveys_q!$C$69:$C$369,DC$2-105,1) -> 81 | DD18: =INDEX([2]Surveys_q!$C$69:$C$369,DD$2-105,1) -> 80 | DE18: =INDEX([2]Surveys_q!$C$69:$C$369,DE$2-105,1) -> 60 | DF18: =INDEX([2]Surveys_q!$C$69:$C$369,DF$2-105,1) -> 65 | DG18: =INDEX([2]Surveys_q!$C$69:$C$369,DG$2-105,1) -> 74 | DH18: =INDEX([2]Surveys_q!$C$69:$C$369,DH$2-105,1) -> 62 | DI18: =INDEX([2]Surveys_q!$C$69:$C$369,DI$2-105,1) -> 48 | DJ18: =INDEX([2]Surveys_q!$C$69:$C$369,DJ$2-105,1) -> 46 | ... IN18: =INDEX([2]Surveys_q!$C$69:$C$369,IN$2-105,1) -> 32
A19: LOSURV_LM_Standards | FG19: =INDEX([2]Surveys_q!$U$125:$U$307,FG2-161,1) -> 56.9 | FH19: =INDEX([2]Surveys_q!$U$125:$U$307,FH2-161,1) -> 39.45 | FI19: =INDEX([2]Surveys_q!$U$125:$U$307,FI2-161,1) -> 48.9 | FJ19: =INDEX([2]Surveys_q!$U$125:$U$307,FJ2-161,1) -> 36 | FK19: =INDEX([2]Surveys_q!$U$125:$U$307,FK2-161,1) -> 15.5 | FL19: =INDEX([2]Surveys_q!$U$125:$U$307,FL2-161,1) -> 12.25 | FM19: =INDEX([2]Surveys_q!$U$125:$U$307,FM2-161,1) -> 9 | FN19: =INDEX([2]Surveys_q!$U$125:$U$307,FN2-161,1) -> 5.25 | ... IN19: =INDEX([2]Surveys_q!$U$125:$U$307,IN2-161,1) -> -21.8
A20: LOSURV_LM_Demand | FM20: =INDEX([2]Surveys_q!$T$125:$T$307,FM2-161,1) -> -29.65 | FN20: =INDEX([2]Surveys_q!$T$125:$T$307,FN2-161,1) -> -26.5 | FO20: =INDEX([2]Surveys_q!$T$125:$T$307,FO2-161,1) -> 6.25 | FP20: =INDEX([2]Surveys_q!$T$125:$T$307,FP2-161,1) -> -8.6 | FQ20: =INDEX([2]Surveys_q!$T$125:$T$307,FQ2-161,1) -> 6.15 | FR20: =INDEX([2]Surveys_q!$T$125:$T$307,FR2-161,1) -> 20.2 | FS20: =INDEX([2]Surveys_q!$T$125:$T$307,FS2-161,1) -> -0.1 | FT20: =INDEX([2]Surveys_q!$T$125:$T$307,FT2-161,1) -> 18.05 | ... IN20: =INDEX([2]Surveys_q!$T$125:$T$307,IN2-161,1) -> 20
A21: HHLoanSvy | BP21: =INDEX([2]Surveys_q!$AC$30:$AC$307,BP2-66,1) -> -25 | BQ21: =INDEX([2]Surveys_q!$AC$30:$AC$307,BQ2-66,1) -> 4 | BR21: =INDEX([2]Surveys_q!$AC$30:$AC$307,BR2-66,1) -> 25 | BS21: =INDEX([2]Surveys_q!$AC$30:$AC$307,BS2-66,1) -> 34 | BT21: =INDEX([2]Surveys_q!$AC$30:$AC$307,BT2-66,1) -> 19 | BU21: =INDEX([2]Surveys_q!$AC$30:$AC$307,BU2-66,1) -> 19 | BV21: =INDEX([2]Surveys_q!$AC$30:$AC$307,BV2-66,1) -> 24 | BW21: =INDEX([2]Surveys_q!$AC$30:$AC$307,BW2-66,1) -> 0 | ... IN21: =INDEX([2]Surveys_q!$AC$30:$AC$307,IN2-66,1) -> 26.9
A22: GDPDEFL | B22: =[1]q!B171 -> 14.374 | C22: =[1]q!C171 -> 14.433 | D22: =[1]q!D171 -> 14.727 | E22: =[1]q!E171 -> 14.977 | F22: =[1]q!F171 -> 15.493 | G22: =[1]q!G171 -> 15.582 | H22: =[1]q!H171 -> 15.632 | I22: =[1]q!I171 -> 15.834 | ... IN22: =[1]q!IN171 -> 113.797
A23: FFR | R23: =[3]q!N101 -> 1.1666667 | S23: =[3]q!O101 -> 0.8 | T23: =[3]q!P101 -> 1.0266667 | U23: =[3]q!Q101 -> 0.98666667 | V23: =[3]q!R101 -> 1.3433333 | W23: =[3]q!S101 -> 1.5 | X23: =[3]q!T101 -> 1.94 | Y23: =[3]q!U101 -> 2.3566667 | ... IN23: =[3]q!IJ101 -> 0.07
A24: ALQ | AP24: =[3]q!AL72 -> 4.590969 | AQ24: =[3]q!AM72 -> -5.706681 | AR24: =[3]q!AN72 -> 1.1413022 | AS24: =[3]q!AO72 -> -7.0649479 | AT24: =[3]q!AP72 -> 2.0969694 | AU24: =[3]q!AQ72 -> 3.2960402 | AV24: =[3]q!AR72 -> 3.4817443 | AW24: =[3]q!AS72 -> -0.67918548 | ... IN24: =[3]q!IJ72 -> -1.0658554 | IO24: =IF(ISNUMBER('[4]Fortschreibung von Monatswerten'!IO15),'[4]Fortschreibung von Monatswerten'!IO15,"") | IP24: =IF(ISNUMBER('[4]Fortschreibung von Monatswerten'!IP15),'[4]Fortschreibung von Monatswerten'!IP15,"") | IQ24: =IF(ISNUMBER('[4]Fortschreibung von Monatswerten'!IQ15),'[4]Fortschreibung von Monatswerten'!IQ15,"") | IR24: =IF(ISNUMBER('[4]Fortschreibung von Monatswerten'!IR15),'[4]Fortschreibung von Monatswerten'!IR15,"") | IS24: =IF(ISNUMBER('[4]Fortschreibung von Monatswerten'!IS15),'[4]Fortschreibung von Monatswerten'!IS15,"") | IT24: =IF(ISNUMBER('[4]Fortschreibung von Monatswerten'!IT15),'[4]Fortschreibung von Monatswerten'!IT15,"") | IU24: =IF(ISNUMBER('[4]Fortschreibung von Monatswerten'!IU15),'[4]Fortschreibung von Monatswerten'!IU15,"") | IV24: =IF(ISNUMBER('[4]Fortschreibung von Monatswerten'!IV15),'[4]Fortschreibung von Monatswerten'!IV15,"")
A25: CPI | B25: =[5]q!B$3 -> 23.587 | C25: =[5]q!C$3 -> 23.767 | D25: =[5]q!D$3 -> 24.203 | E25: =[5]q!E$3 -> 24.693 | F25: =[5]q!F$3 -> 25.697 | G25: =[5]q!G$3 -> 25.947 | H25: =[5]q!H$3 -> 25.933 | I25: =[5]q!I$3 -> 26.317 | ... IN25: =[5]q!IN$3 -> 226.216 | IO25: =IF(ISNUMBER('[4]Fortschreibung von Monatswerten'!IO17),'[4]Fortschreibung von Monatswerten'!IO17,"") | IP25: =IF(ISNUMBER('[4]Fortschreibung von Monatswerten'!IP17),'[4]Fortschreibung von Monatswerten'!IP17,"") | IQ25: =IF(ISNUMBER('[4]Fortschreibung von Monatswerten'!IQ17),'[4]Fortschreibung von Monatswerten'!IQ17,"") | IR25: =IF(ISNUMBER('[4]Fortschreibung von Monatswerten'!IR17),'[4]Fortschreibung von Monatswerten'!IR17,"") | IS25: =IF(ISNUMBER('[4]Fortschreibung von Monatswerten'!IS17),'[4]Fortschreibung von Monatswerten'!IS17,"") | IT25: =IF(ISNUMBER('[4]Fortschreibung von Monatswerten'!IT17),'[4]Fortschreibung von Monatswerten'!IT17,"") | IU25: =IF(ISNUMBER('[4]Fortschreibung von Monatswerten'!IU17),'[4]Fortschreibung von Monatswerten'!IU17,"") | IV25: =IF(ISNUMBER('[4]Fortschreibung von Monatswerten'!IV17),'[4]Fortschreibung von Monatswerten'!IV17,"")
A26: CPI_CORE | AD26: =[5]q!AD$5 -> 28.6 | AE26: =[5]q!AE$5 -> 28.833 | AF26: =[5]q!AF$5 -> 29.033 | AG26: =[5]q!AG$5 -> 29.267 | AH26: =[5]q!AH$5 -> 29.4 | AI26: =[5]q!AI$5 -> 29.533 | AJ26: =[5]q!AJ$5 -> 29.633 | AK26: =[5]q!AK$5 -> 29.8 | ... IN26: =[5]q!IN$5 -> 225.871 | IO26: =IF(ISNUMBER('[4]Fortschreibung von Monatswerten'!IO18),'[4]Fortschreibung von Monatswerten'!IO18,"") | IP26: =IF(ISNUMBER('[4]Fortschreibung von Monatswerten'!IP18),'[4]Fortschreibung von Monatswerten'!IP18,"") | IQ26: =IF(ISNUMBER('[4]Fortschreibung von Monatswerten'!IQ18),'[4]Fortschreibung von Monatswerten'!IQ18,"") | IR26: =IF(ISNUMBER('[4]Fortschreibung von Monatswerten'!IR18),'[4]Fortschreibung von Monatswerten'!IR18,"") | IS26: =IF(ISNUMBER('[4]Fortschreibung von Monatswerten'!IS18),'[4]Fortschreibung von Monatswerten'!IS18,"") | IT26: =IF(ISNUMBER('[4]Fortschreibung von Monatswerten'!IT18),'[4]Fortschreibung von Monatswerten'!IT18,"") | IU26: =IF(ISNUMBER('[4]Fortschreibung von Monatswerten'!IU18),'[4]Fortschreibung von Monatswerten'!IU18,"") | IV26: =IF(ISNUMBER('[4]Fortschreibung von Monatswerten'!IV18),'[4]Fortschreibung von Monatswerten'!IV18,"")
A27: PPI | C27: ='[4]Fortschreibung von Monatswerten'!C19 -> 26.366667 | D27: ='[4]Fortschreibung von Monatswerten'!D19 -> 27.866667 | E27: ='[4]Fortschreibung von Monatswerten'!E19 -> 29.1 | F27: ='[4]Fortschreibung von Monatswerten'!F19 -> 30.766667 | G27: ='[4]Fortschreibung von Monatswerten'!G19 -> 30.666667 | H27: ='[4]Fortschreibung von Monatswerten'!H19 -> 30.166667 | I27: ='[4]Fortschreibung von Monatswerten'!I19 -> 30.1 | J27: ='[4]Fortschreibung von Monatswerten'!J19 -> 29.866667 | ... W27: ='[4]Fortschreibung von Monatswerten'!W19 -> 29.233333 | X27: =[5]q!X$18 -> 29.4 | Y27: =[5]q!Y$18 -> 29.5 | Z27: =[5]q!Z$18 -> 29.8 | AA27: =[5]q!AA$18 -> 30.2 | AB27: =[5]q!AB$18 -> 30.4 | AC27: =[5]q!AC$18 -> 30.7 | AD27: =[5]q!AD$18 -> 31 | AE27: =[5]q!AE$18 -> 31.1 | ... IN27: =[5]q!IN$18 -> 203.9
A28: INFL_EXP_1 | DJ28: =[5]q!DJ$10 -> 7.4 | DK28: =[5]q!DK$10 -> 8.3 | DL28: =[5]q!DL$10 -> 8.9 | DM28: =[5]q!DM$10 -> 8.6 | DN28: =[5]q!DN$10 -> 10.4 | DO28: =[5]q!DO$10 -> 11.7 | DP28: =[5]q!DP$10 -> 11 | DQ28: =[5]q!DQ$10 -> 11 | ... IN28: =[5]q!IN$10 -> 4.4
A29: POEL | AD29: =[5]q!AD23 -> 2.08 | AE29: =[5]q!AE23 -> 2.08 | AF29: =[5]q!AF23 -> 2.08 | AG29: =[5]q!AG23 -> 2.08 | AH29: =[5]q!AH23 -> 2.21 | AI29: =[5]q!AI23 -> 2.21 | AJ29: =[5]q!AJ23 -> 2.21 | AK29: =[5]q!AK23 -> 2.21 | ... IN29: =[5]q!IN23 -> 113.26
A30: LSK | B30: =[5]q!B24 -> 18.467 | C30: =[5]q!C24 -> 18.442 | D30: =[5]q!D24 -> 18.453 | E30: =[5]q!E24 -> 18.757 | F30: =[5]q!F24 -> 19.405 | G30: =[5]q!G24 -> 19.828 | H30: =[5]q!H24 -> 19.616 | I30: =[5]q!I24 -> 19.852 | ... IN30: =[5]q!IN24 -> 106.927
A31: GDPN | B31: =[1]q!B72 -> 275.2 | C31: =[1]q!C72 -> 284.5 | D31: =[1]q!D72 -> 301.9 | E31: =[1]q!E72 -> 313.3 | F31: =[1]q!F72 -> 329 | G31: =[1]q!G72 -> 336.6 | H31: =[1]q!H72 -> 343.5 | I31: =[1]q!I72 -> 347.9 | ... IN31: =[1]q!IN72 -> 15198.6
A32: BUDGETSALDO | B32: =[6]q!B5 -> -8.3 | C32: =[6]q!C5 -> 2.8 | D32: =[6]q!D5 -> 13.6 | E32: =[6]q!E5 -> 14.2 | F32: =[6]q!F5 -> 17.3 | G32: =[6]q!G5 -> 10.1 | H32: =[6]q!H5 -> 5.4 | I32: =[6]q!I5 -> 6 | ... IN32: =[6]q!IN5 -> NA
A33: CBAAA | R33: =[3]q!N104 -> 2.9566667 | S33: =[3]q!O104 -> 2.8766667 | T33: =[3]q!P104 -> 2.8833333 | U33: =[3]q!Q104 -> 2.8866667 | V33: =[3]q!R104 -> 2.96 | W33: =[3]q!S104 -> 3.0333333 | X33: =[3]q!T104 -> 3.1 | Y33: =[3]q!U104 -> 3.1166667 | ... IN33: =[3]q!IJ104 -> 4.93
A34: CBBAA | R34: =[3]q!N105 -> 3.61 | S34: =[3]q!O105 -> 3.4766667 | T34: =[3]q!P105 -> 3.4866667 | U34: =[3]q!Q105 -> 3.4533333 | V34: =[3]q!R105 -> 3.4666667 | W34: =[3]q!S105 -> 3.5 | X34: =[3]q!T105 -> 3.5566667 | Y34: =[3]q!U105 -> 3.5966667 | ... IN34: =[3]q!IJ105 -> 5.76
A35: T3M | R35: =[3]q!N102 -> 1.1666667 | S35: =[3]q!O102 -> 0.8 | T35: =[3]q!P102 -> 1.0266667 | U35: =[3]q!Q102 -> 0.98666667 | V35: =[3]q!R102 -> 1.3433333 | W35: =[3]q!S102 -> 1.5 | X35: =[3]q!T102 -> 1.94 | Y35: =[3]q!U102 -> 2.3566667 | ... IN35: =[3]q!IJ102 -> 0.06 | IO35: =IF(ISNUMBER('[4]Fortschreibung von Monatswerten'!IO28),'[4]Fortschreibung von Monatswerten'!IO28,"") | IP35: =IF(ISNUMBER('[4]Fortschreibung von Monatswerten'!IP28),'[4]Fortschreibung von Monatswerten'!IP28,"") | IQ35: =IF(ISNUMBER('[4]Fortschreibung von Monatswerten'!IQ28),'[4]Fortschreibung von Monatswerten'!IQ28,"") | IR35: =IF(ISNUMBER('[4]Fortschreibung von Monatswerten'!IR28),'[4]Fortschreibung von Monatswerten'!IR28,"") | IS35: =IF(ISNUMBER('[4]Fortschreibung von Monatswerten'!IS28),'[4]Fortschreibung von Monatswerten'!IS28,"") | IT35: =IF(ISNUMBER('[4]Fortschreibung von Monatswerten'!IT28),'[4]Fortschreibung von Monatswerten'!IT28,"") | IU35: =IF(ISNUMBER('[4]Fortschreibung von Monatswerten'!IU28),'[4]Fortschreibung von Monatswerten'!IU28,"") | IV35: =IF(ISNUMBER('[4]Fortschreibung von Monatswerten'!IV28),'[4]Fortschreibung von Monatswerten'!IV28,"")
A36: T10Y | R36: =[3]q!N103 -> 2.44 | S36: =[3]q!O103 -> 2.3466667 | T36: =[3]q!P103 -> 2.3466667 | U36: =[3]q!Q103 -> 2.4733333 | V36: =[3]q!R103 -> 2.6466667 | W36: =[3]q!S103 -> 2.7633333 | X36: =[3]q!T103 -> 2.9466667 | Y36: =[3]q!U103 -> 2.91 | ... IN36: =[3]q!IJ103 -> 3 | IO36: =IF(ISNUMBER('[4]Fortschreibung von Monatswerten'!IO29),'[4]Fortschreibung von Monatswerten'!IO29,"") | IP36: =IF(ISNUMBER('[4]Fortschreibung von Monatswerten'!IP29),'[4]Fortschreibung von Monatswerten'!IP29,"") | IQ36: =IF(ISNUMBER('[4]Fortschreibung von Monatswerten'!IQ29),'[4]Fortschreibung von Monatswerten'!IQ29,"") | IR36: =IF(ISNUMBER('[4]Fortschreibung von Monatswerten'!IR29),'[4]Fortschreibung von Monatswerten'!IR29,"") | IS36: =IF(ISNUMBER('[4]Fortschreibung von Monatswerten'!IS29),'[4]Fortschreibung von Monatswerten'!IS29,"") | IT36: =IF(ISNUMBER('[4]Fortschreibung von Monatswerten'!IT29),'[4]Fortschreibung von Monatswerten'!IT29,"") | IU36: =IF(ISNUMBER('[4]Fortschreibung von Monatswerten'!IU29),'[4]Fortschreibung von Monatswerten'!IU29,"") | IV36: =IF(ISNUMBER('[4]Fortschreibung von Monatswerten'!IV29),'[4]Fortschreibung von Monatswerten'!IV29,"")
A37: EMP_NA | AP37: =[3]q!AL71 -> 0.63 | AQ37: =[3]q!AM71 -> -1.76 | AR37: =[3]q!AN71 -> -0.6 | AS37: =[3]q!AO71 -> -0.02 | AT37: =[3]q!AP71 -> 0.07 | AU37: =[3]q!AQ71 -> 0.07 | AV37: =[3]q!AR71 -> 1.02 | AW37: =[3]q!AS71 -> 0.66 | ... IN37: =[3]q!IJ71 -> 0.052197151
A38: O_mfexcldef | FO38: =AVERAGE(INDEX(RATS_m!$AM$509:$AM$761,(FO2-170)*3+1,1):INDEX(RATS_m!$AM$509:$AM$761,(FO2-169)*3,1)) -> 116654.67 | FP38: =AVERAGE(INDEX(RATS_m!$AM$509:$AM$761,(FP2-170)*3+1,1):INDEX(RATS_m!$AM$509:$AM$761,(FP2-169)*3,1)) -> 114974 | FQ38: =AVERAGE(INDEX(RATS_m!$AM$509:$AM$761,(FQ2-170)*3+1,1):INDEX(RATS_m!$AM$509:$AM$761,(FQ2-169)*3,1)) -> 116005 | FR38: =AVERAGE(INDEX(RATS_m!$AM$509:$AM$761,(FR2-170)*3+1,1):INDEX(RATS_m!$AM$509:$AM$761,(FR2-169)*3,1)) -> 118531 | FS38: =AVERAGE(INDEX(RATS_m!$AM$509:$AM$761,(FS2-170)*3+1,1):INDEX(RATS_m!$AM$509:$AM$761,(FS2-169)*3,1)) -> 121420.67 | FT38: =AVERAGE(INDEX(RATS_m!$AM$509:$AM$761,(FT2-170)*3+1,1):INDEX(RATS_m!$AM$509:$AM$761,(FT2-169)*3,1)) -> 120547.33 | FU38: =AVERAGE(INDEX(RATS_m!$AM$509:$AM$761,(FU2-170)*3+1,1):INDEX(RATS_m!$AM$509:$AM$761,(FU2-169)*3,1)) -> 126004.33 | FV38: =AVERAGE(INDEX(RATS_m!$AM$509:$AM$761,(FV2-170)*3+1,1):INDEX(RATS_m!$AM$509:$AM$761,(FV2-169)*3,1)) -> 131026.67 | ... IN38: =AVERAGE(INDEX(RATS_m!$AM$509:$AM$761,(IN2-170)*3+1,1):INDEX(RATS_m!$AM$509:$AM$761,(IN2-169)*3,1)) -> 191186.67
A39: BIPOECD | AT39: =[7]q!AT$21 -> 22.6 | AU39: =[7]q!AU$21 -> 22.9 | AV39: =[7]q!AV$21 -> 23.2 | AW39: =[7]q!AW$21 -> 23.6 | AX39: =[7]q!AX$21 -> 24 | AY39: =[7]q!AY$21 -> 24.2 | AZ39: =[7]q!AZ$21 -> 24.6 | BA39: =[7]q!BA$21 -> 24.7 | ... IN39: =[7]q!IN$21 -> NA
A40: REXRATE | CP40: =[7]q!CP$20 -> 100 | CQ40: =[7]q!CQ$20 -> 97.483 | CR40: =[7]q!CR$20 -> 95.849 | CS40: =[7]q!CS$20 -> 98.292 | CT40: =[7]q!CT$20 -> 95.777 | CU40: =[7]q!CU$20 -> 94.423 | CV40: =[7]q!CV$20 -> 96.492 | CW40: =[7]q!CW$20 -> 94.696 | ... IN40: =[7]q!IN$20 -> 83.534
A41: export_goods | FN41: =[7]q!FN$6 -> 108063 | FO41: =[7]q!FO$6 -> 107941 | FP41: =[7]q!FP$6 -> 110847 | FQ41: =[7]q!FQ$6 -> 112780 | FR41: =[7]q!FR$6 -> 112099 | FS41: =[7]q!FS$6 -> 113257 | FT41: =[7]q!FT$6 -> 112982 | FU41: =[7]q!FU$6 -> 118606 | ... IN41: =[7]q!IN$6 -> NA
A42: export_ser | FN42: =[7]q!FN$9 -> 44164 | FO42: =[7]q!FO$9 -> 44132 | FP42: =[7]q!FP$9 -> 44610 | FQ42: =[7]q!FQ$9 -> 44344 | FR42: =[7]q!FR$9 -> 45984 | FS42: =[7]q!FS$9 -> 46457 | FT42: =[7]q!FT$9 -> 46708 | FU42: =[7]q!FU$9 -> 46767 | ... IN42: =[7]q!IN$9 -> NA
A43: Welthandel | BW43: =[7]q!BW$22 -> 259.47 | BX43: =[7]q!BX$22 -> 275.14 | BY43: =[7]q!BY$22 -> 283.05 | BZ43: =[7]q!BZ$22 -> 282.22 | CA43: =[7]q!CA$22 -> 302.63 | CB43: =[7]q!CB$22 -> 307.62 | CC43: =[7]q!CC$22 -> 314.08 | CD43: =[7]q!CD$22 -> 323.44 | ... IN43: =[7]q!IN$22 -> NA
A44: Gcinventory | G44: =[3]q!C72 -> 4.6396832 | H44: =[3]q!D72 -> -4.8393348 | I44: =[3]q!E72 -> -5.1520208 | J44: =[3]q!F72 -> 0.68386796 | K44: =[3]q!G72 -> -5.975749 | L44: =[3]q!H72 -> 6.6059118 | M44: =[3]q!I72 -> 0.19919543 | N44: =[3]q!J72 -> -1.0992291 | ... IN44: =[3]q!IJ72 -> -1.0658554
A45: BLS_commre_dem | GA45: =INDEX([2]Surveys_q!$Y$126:$Y$326,GA$2-162,1) -> 13.5 | GB45: =INDEX([2]Surveys_q!$Y$126:$Y$326,GB$2-162,1) -> 20.7 | GC45: =INDEX([2]Surveys_q!$Y$126:$Y$326,GC$2-162,1) -> 25.5 | GD45: =INDEX([2]Surveys_q!$Y$126:$Y$326,GD$2-162,1) -> 8.9 | GE45: =INDEX([2]Surveys_q!$Y$126:$Y$326,GE$2-162,1) -> -1.8 | GF45: =INDEX([2]Surveys_q!$Y$126:$Y$326,GF$2-162,1) -> 13.3 | GG45: =INDEX([2]Surveys_q!$Y$126:$Y$326,GG$2-162,1) -> 17.6 | GH45: =INDEX([2]Surveys_q!$Y$126:$Y$326,GH$2-162,1) -> 16.4 | ... IN45: =INDEX([2]Surveys_q!$Y$126:$Y$326,IN$2-162,1) -> 21.8
A46: BLS_commre_cs | FH46: =INDEX([2]Surveys_q!$Z$126:$Z$326,FH$2-162,1) -> 69.38 | FI46: =INDEX([2]Surveys_q!$Z$126:$Z$326,FI$2-162,1) -> 61.68 | FJ46: =INDEX([2]Surveys_q!$Z$126:$Z$326,FJ$2-162,1) -> 46.43 | FK46: =INDEX([2]Surveys_q!$Z$126:$Z$326,FK$2-162,1) -> 25.75 | FL46: =INDEX([2]Surveys_q!$Z$126:$Z$326,FL$2-162,1) -> 27.13 | FM46: =INDEX([2]Surveys_q!$Z$126:$Z$326,FM$2-162,1) -> 14.93 | FN46: =INDEX([2]Surveys_q!$Z$126:$Z$326,FN$2-162,1) -> 7.1 | FO46: =INDEX([2]Surveys_q!$Z$126:$Z$326,FO$2-162,1) -> 10.1 | ... IN46: =INDEX([2]Surveys_q!$Z$126:$Z$326,IN$2-162,1) -> -5.5

Sheet RATS_m
A1: Month | B1: PCONn_m | C1: PDURn_m | D1: PNDURn_m | E1: PSERVn_m | F1: PCONr_m | G1: PDURr_m | H1: PNDURr_m | I1: PSERVr_m | J1: RETAILn | K1: RETAILr | L1: cars | M1: IPROD | N1: FFR | O1: ALQ | P1: ICS | Q1: CPI | R1: CPI_CORE | S1: PPI | T1: Budgetsaldo | U1: Mean_Uduration | V1: Med_Uduration | W1: unemp | X1: unemp_0w | Y1: unemp_5w | Z1: unemp_15w | AA1: unemp_27w | AB1: T3M | AC1: T10Y | AD1: nfe | AE1: iprod | AF1: ccred | AG1: CBAAA | AH1: CBBAA | AI1: Exports | AJ1: Imports | AK1: ISM | AL1: vacancies | AM1: o_mfexcldef | AN1: HWI | AO1: discouraged | AP1: notdiscouraged | AQ1: labforce | AR1: claims | AS1: CBLI | AT1: OECDLI1 | AU1: OECDLI2 | AV1: hprices
A2: 18264 | B2: 2 | C2: 2 | D2: 2 | E2: 2 | F2: 2 | G2: 2 | H2: 2 | I2: 2 | J2: 2 | K2: 2 | L2: 1 | M2: 2 | N2: 0 | O2: 0 | P2: 0 | Q2: 2 | R2: 2 | S2: 2 | T2: 0 | U2: 0 | V2: 0 | W2: 2 | X2: 2 | Y2: 2 | Z2: 2 | AA2: 2 | AB2: 0 | AC2: 0 | AD2: 2 | AE2: 2 | AF2: 2 | AG2: 0 | AH2: 0 | AI2: 2 | AJ2: 2 | AK2: 0 | AL2: 2 | AM2: 2 | AN2: 2 | AO2: 2 | AP2: 2 | AQ2: 2 | AR2: 0 | AS2: 2 | AT2: 2 | AU2: 0 | AV2: 2
A3: 18295 | Q3: =[5]m!$B5 -> 23.61 | S3: =[5]m!$Q5 -> 26.1 | AF3: =[8]m!$AS5 -> 19.4 | AG3: =[8]m!$H5 -> 2.58 | AH3: =[8]m!$I5 -> 3.24 | AI3: =[7]m!C4 -> 795 | AJ3: =[7]m!D4 -> 592
A4: 18323 | Q4: =[5]m!$B6 -> 23.64 | S4: =[5]m!$Q6 -> 26.1 | AF4: =[8]m!$AS6 -> 19.7 | AG4: =[8]m!$H6 -> 2.58 | AH4: =[8]m!$I6 -> 3.24 | AI4: =[7]m!C5 -> 792 | AJ4: =[7]m!D5 -> 606
A5: 18354 | Q5: =[5]m!$B7 -> 23.65 | S5: =[5]m!$Q7 -> 26.1 | AF5: =[8]m!$AS7 -> 20.1 | AG5: =[8]m!$H7 -> 2.6 | AH5: =[8]m!$I7 -> 3.23 | AI5: =[7]m!C6 -> 772 | AJ5: =[7]m!D6 -> 577
A6: 18384 | Q6: =[5]m!$B8 -> 23.77 | S6: =[5]m!$Q8 -> 26.4 | AF6: =[8]m!$AS8 -> 20.6 | AG6: =[8]m!$H8 -> 2.61 | AH6: =[8]m!$I8 -> 3.25 | AI6: =[7]m!C7 -> 786 | AJ6: =[7]m!D7 -> 606
A7: 18415 | Q7: =[5]m!$B9 -> 23.88 | S7: =[5]m!$Q9 -> 26.6 | AF7: =[8]m!$AS9 -> 21.1 | AG7: =[8]m!$H9 -> 2.62 | AH7: =[8]m!$I9 -> 3.28 | AI7: =[7]m!C8 -> 772 | AJ7: =[7]m!D8 -> 636
A8: 18445 | Q8: =[5]m!$B10 -> 24.07 | S8: =[5]m!$Q10 -> 27.3 | AF8: =[8]m!$AS10 -> 22.1 | AG8: =[8]m!$H10 -> 2.65 | AH8: =[8]m!$I10 -> 3.32 | AI8: =[7]m!C9 -> 831 | AJ8: =[7]m!D9 -> 684
A9: 18476 | Q9: =[5]m!$B11 -> 24.2 | S9: =[5]m!$Q11 -> 27.9 | AF9: =[8]m!$AS11 -> 22.7 | AG9: =[8]m!$H11 -> 2.61 | AH9: =[8]m!$I11 -> 3.23 | AI9: =[7]m!C10 -> 821 | AJ9: =[7]m!D10 -> 787
A10: 18507 | Q10: =[5]m!$B12 -> 24.34 | S10: =[5]m!$Q12 -> 28.4 | AF10: =[8]m!$AS12 -> 23.2 | AG10: =[8]m!$H12 -> 2.64 | AH10: =[8]m!$I12 -> 3.21 | AI10: =[7]m!C11 -> 813 | AJ10: =[7]m!D11 -> 821
A11: 18537 | Q11: =[5]m!$B13 -> 24.5 | S11: =[5]m!$Q13 -> 28.6 | AF11: =[8]m!$AS13 -> 23.2 | AG11: =[8]m!$H13 -> 2.67 | AH11: =[8]m!$I13 -> 3.22 | AI11: =[7]m!C12 -> 889 | AJ11: =[7]m!D12 -> 955
A12: 18568 | Q12: =[5]m!$B14 -> 24.6 | S12: =[5]m!$Q14 -> 29 | AF12: =[8]m!$AS14 -> 23.3 | AG12: =[8]m!$H14 -> 2.67 | AH12: =[8]m!$I14 -> 3.22 | AI12: =[7]m!C13 -> 893 | AJ12: =[7]m!D13 -> 912
A13: 18598 | Q13: =[5]m!$B15 -> 24.98 | S13: =[5]m!$Q15 -> 29.7 | AF13: =[8]m!$AS15 -> 23.2 | AG13: =[8]m!$H15 -> 2.67 | AH13: =[8]m!$I15 -> 3.2 | AI13: =[7]m!C14 -> 940 | AJ13: =[7]m!D14 -> 876
A14: 18629 | Q14: =[5]m!$B16 -> 25.38 | S14: =[5]m!$Q16 -> 30.5 | AF14: =[8]m!$AS16 -> 23.8 | AG14: =[8]m!$H16 -> 2.66 | AH14: =[8]m!$I16 -> 3.17 | AI14: =[7]m!C15 -> 915 | AJ14: =[7]m!D15 -> 891 | AL14: =AL15*AN14/AN15 -> 1977.176 | AN14: 40
A15: 18660 | Q15: =[5]m!$B17 -> 25.83 | S15: =[5]m!$Q17 -> 30.9 | AF15: =[8]m!$AS17 -> 24.1 | AG15: =[8]m!$H17 -> 2.66 | AH15: =[8]m!$I17 -> 3.16 | AI15: =[7]m!C16 -> 970 | AJ15: =[7]m!D16 -> 939 | AL15: =AL16*AN15/AN16 -> 2026.6054 | AN15: 41
A16: 18688 | Q16: =[5]m!$B18 -> 25.88 | S16: =[5]m!$Q18 -> 30.9 | AF16: =[8]m!$AS18 -> 24.3 | AG16: =[8]m!$H18 -> 2.78 | AH16: =[8]m!$I18 -> 3.23 | AI16: =[7]m!C17 -> 1022 | AJ16: =[7]m!D17 -> 927 | AL16: =AL17*AN16/AN17 -> 2125.4642 | AN16: 43
A17: 18719 | Q17: =[5]m!$B19 -> 25.92 | S17: =[5]m!$Q19 -> 30.8 | AF17: =[8]m!$AS19 -> 24.1 | AG17: =[8]m!$H19 -> 2.87 | AH17: =[8]m!$I19 -> 3.35 | AI17: =[7]m!C18 -> 1080 | AJ17: =[7]m!D18 -> 997 | AL17: =AL18*AN17/AN18 -> 2076.0348 | AN17: 42
A18: 18749 | Q18: =[5]m!$B20 -> 25.99 | S18: =[5]m!$Q20 -> 30.7 | AF18: =[8]m!$AS20 -> 24 | AG18: =[8]m!$H20 -> 2.89 | AH18: =[8]m!$I20 -> 3.4 | AI18: =[7]m!C19 -> 1256 | AJ18: =[7]m!D19 -> 1005 | AL18: =AL19*AN18/AN19 -> 2125.4642 | AN18: 43
A19: 18780 | Q19: =[5]m!$B21 -> 25.93 | S19: =[5]m!$Q21 -> 30.5 | AF19: =[8]m!$AS21 -> 23.8 | AG19: =[8]m!$H21 -> 2.94 | AH19: =[8]m!$I21 -> 3.49 | AI19: =[7]m!C20 -> 1133 | AJ19: =[7]m!D20 -> 986 | AL19: =AL20*AN19/AN20 -> 2026.6054 | AN19: 41
A20: 18810 | Q20: =[5]m!$B22 -> 25.91 | S20: =[5]m!$Q22 -> 30.3 | AF20: =[8]m!$AS22 -> 23.7 | AG20: =[8]m!$H22 -> 2.94 | AH20: =[8]m!$I22 -> 3.53 | AI20: =[7]m!C21 -> 1132 | AJ20: =[7]m!D21 -> 967 | AL20: =AL21*AN20/AN21 -> 2076.0348 | AN20: 42
A21: 18841 | Q21: =[5]m!$B23 -> 25.86 | S21: =[5]m!$Q23 -> 30.1 | AF21: =[8]m!$AS23 -> 23.9 | AG21: =[8]m!$H23 -> 2.88 | AH21: =[8]m!$I23 -> 3.5 | AI21: =[7]m!C22 -> 1234 | AJ21: =[7]m!D22 -> 940 | AL21: =AL22*AN21/AN22 -> 2076.0348 | AN21: 42
A22: 18872 | Q22: =[5]m!$B24 -> 26.03 | S22: =[5]m!$Q24 -> 30.1 | AF22: =[8]m!$AS24 -> 24.1 | AG22: =[8]m!$H24 -> 2.84 | AH22: =[8]m!$I24 -> 3.46 | AI22: =[7]m!C23 -> 1233 | AJ22: =[7]m!D23 -> 885 | AL22: =AL23*AN22/AN23 -> 2026.6054 | AN22: 41
A23: 18902 | Q23: =[5]m!$B25 -> 26.16 | S23: =[5]m!$Q25 -> 30.1 | AF23: =[8]m!$AS25 -> 24.3 | AG23: =[8]m!$H25 -> 2.89 | AH23: =[8]m!$I25 -> 3.5 | AI23: =[7]m!C24 -> 1233 | AJ23: =[7]m!D24 -> 838 | AL23: =AL24*AN23/AN24 -> 2076.0348 | AN23: 42
A24: 18933 | Q24: =[5]m!$B26 -> 26.32 | S24: =[5]m!$Q26 -> 30.1 | AF24: =[8]m!$AS26 -> 24.6 | AG24: =[8]m!$H26 -> 2.96 | AH24: =[8]m!$I26 -> 3.56 | AI24: =[7]m!C25 -> 1101 | AJ24: =[7]m!D25 -> 800 | AL24: =AL25*AN24/AN25 -> 2076.0348 | AN24: 42
A25: 18963 | Q25: =[5]m!$B27 -> 26.47 | S25: =[5]m!$Q27 -> 30.1 | AF25: =[8]m!$AS27 -> 24.6 | AG25: =[8]m!$H27 -> 3.01 | AH25: =[8]m!$I27 -> 3.61 | AI25: =[7]m!C26 -> 1273 | AJ25: =[7]m!D26 -> 845 | AL25: =AL26*AN25/AN26 -> 2076.0348 | AN25: 42
... A40: 19419 | Q40: =[5]m!$B42 -> 26.63 | S40: =[5]m!$Q42 -> 29.2 | AF40: =[8]m!$AS42 -> 31.6 | AG40: =[8]m!$H42 -> 3.12 | AH40: =[8]m!$I42 -> 3.57 | AI40: =[7]m!C41 -> 971 | AJ40: =[7]m!D41 -> 902 | AL40: =AL41*AN40/AN41 -> 2471.47 | AN40: 50
A41: 19450 | Q41: =[5]m!$B43 -> 26.69 | S41: =[5]m!$Q43 -> 29 | AC41: =[8]m!$F43 -> 2.83 | AF41: =[8]m!$AS43 -> 32.1 | AG41: =[8]m!$H43 -> 3.23 | AH41: =[8]m!$I43 -> 3.65 | AI41: =[7]m!C42 -> 1001 | AJ41: =[7]m!D42 -> 923 | AL41: =AL42*AN41/AN42 -> 2422.0406 | AN41: 49
A42: 19480 | Q42: =[5]m!$B44 -> 26.7 | S42: =[5]m!$Q44 -> 29.1 | AC42: =[8]m!$F44 -> 3.05 | AF42: =[8]m!$AS44 -> 32.4 | AG42: =[8]m!$H44 -> 3.34 | AH42: =[8]m!$I44 -> 3.78 | AI42: =[7]m!C43 -> 1024 | AJ42: =[7]m!D43 -> 998 | AL42: =AL43*AN42/AN43 -> 2323.1818 | AN42: 47
A43: 19511 | Q43: =[5]m!$B45 -> 26.77 | S43: =[5]m!$Q45 -> 29 | AC43: =[8]m!$F45 -> 3.11 | AF43: =[8]m!$AS45 -> 32.5 | AG43: =[8]m!$H45 -> 3.4 | AH43: =[8]m!$I45 -> 3.86 | AI43: =[7]m!C44 -> 1008 | AJ43: =[7]m!D44 -> 931 | AL43: =AL44*AN43/AN44 -> 2224.323 | AN43: 45
A44: 19541 | Q44: =[5]m!$B46 -> 26.79 | S44: =[5]m!$Q46 -> 29.4 | AC44: =[8]m!$F46 -> 2.93 | AF44: =[8]m!$AS46 -> 32.8 | AG44: =[8]m!$H46 -> 3.28 | AH44: =[8]m!$I46 -> 3.86 | AI44: =[7]m!C45 -> 998 | AJ44: =[7]m!D45 -> 913 | AL44: =AL45*AN44/AN45 -> 2125.4642 | AN44: 43
A45: 19572 | Q45: =[5]m!$B47 -> 26.85 | S45: =[5]m!$Q47 -> 29.3 | AC45: =[8]m!$F47 -> 2.95 | AF45: =[8]m!$AS47 -> 33.1 | AG45: =[8]m!$H47 -> 3.24 | AH45: =[8]m!$I47 -> 3.85 | AI45: =[7]m!C46 -> 1011 | AJ45: =[7]m!D46 -> 899 | AL45: =AL46*AN45/AN46 -> 2026.6054 | AN45: 41
A46: 19603 | Q46: =[5]m!$B48 -> 26.89 | S46: =[5]m!$Q48 -> 29.4 | AC46: =[8]m!$F48 -> 2.87 | AF46: =[8]m!$AS48 -> 33.3 | AG46: =[8]m!$H48 -> 3.29 | AH46: =[8]m!$I48 -> 3.88 | AI46: =[7]m!C47 -> 1026 | AJ46: =[7]m!D47 -> 910 | AL46: =AL47*AN46/AN47 -> 1977.176 | AN46: 40
A47: 19633 | Q47: =[5]m!$B49 -> 26.95 | S47: =[5]m!$Q49 -> 29.2 | AC47: =[8]m!$F49 -> 2.66 | AF47: =[8]m!$AS49 -> 33.5 | AG47: =[8]m!$H49 -> 3.16 | AH47: =[8]m!$I49 -> 3.82 | AI47: =[7]m!C48 -> 1154 | AJ47: =[7]m!D48 -> 968 | AL47: =AL48*AN47/AN48 -> 1779.4584 | AN47: 36
A48: 19664 | Q48: =[5]m!$B50 -> 26.85 | S48: =[5]m!$Q50 -> 29.1 | AC48: =[8]m!$F50 -> 2.68 | AF48: =[8]m!$AS50 -> 33.6 | AG48: =[8]m!$H50 -> 3.11 | AH48: =[8]m!$I50 -> 3.75 | AI48: =[7]m!C49 -> 951 | AJ48: =[7]m!D49 -> 818 | AL48: =AL49*AN48/AN49 -> 1631.1702 | AN48: 33
A49: 19694 | Q49: =[5]m!$B51 -> 26.87 | S49: =[5]m!$Q51 -> 29.2 | AC49: =[8]m!$F51 -> 2.59 | AF49: =[8]m!$AS51 -> 33.7 | AG49: =[8]m!$H51 -> 3.13 | AH49: =[8]m!$I51 -> 3.74 | AI49: =[7]m!C50 -> 1035 | AJ49: =[7]m!D50 -> 873 | AL49: =AL50*AN49/AN50 -> 1482.882 | AN49: 30
A50: 19725 | N50: =[8]m!$C52 -> 0.73 | Q50: =[5]m!$B52 -> 26.94 | S50: =[5]m!$Q52 -> 29.4 | T50: =[6]m!B52 -> -185 | AB50: =[8]m!$C52 -> 0.73 | AC50: =[8]m!$F52 -> 2.48 | AF50: =[8]m!$AS52 -> 34.1 | AG50: =[8]m!$H52 -> 3.06 | AH50: =[8]m!$I52 -> 3.71 | AI50: =[7]m!C51 -> 1073 | AJ50: =[7]m!D51 -> 837 | AL50: =AL51*AN50/AN51 -> 1433.4526 | AN50: 29
A51: 19756 | N51: =[8]m!$C53 -> 1.51 | Q51: =[5]m!$B53 -> 26.99 | S51: =[5]m!$Q53 -> 29.3 | T51: =[6]m!B53 -> 737 | AB51: =[8]m!$C53 -> 1.51 | AC51: =[8]m!$F53 -> 2.47 | AF51: =[8]m!$AS53 -> 33.7 | AG51: =[8]m!$H53 -> 2.95 | AH51: =[8]m!$I53 -> 3.61 | AI51: =[7]m!C52 -> 962 | AJ51: =[7]m!D52 -> 855 | AL51: =AL52*AN51/AN52 -> 1384.0232 | AN51: 28
A52: 19784 | N52: =[8]m!$C54 -> 1.26 | Q52: =[5]m!$B54 -> 26.93 | S52: =[5]m!$Q54 -> 29.3 | T52: =[6]m!B54 -> 5879 | AB52: =[8]m!$C54 -> 1.26 | AC52: =[8]m!$F54 -> 2.37 | AF52: =[8]m!$AS54 -> 33.5 | AG52: =[8]m!$H54 -> 2.86 | AH52: =[8]m!$I54 -> 3.51 | AI52: =[7]m!C53 -> 1047 | AJ52: =[7]m!D53 -> 852 | AL52: =AL53*AN52/AN53 -> 1334.5938 | AN52: 27
A53: 19815 | N53: =[8]m!$C55 -> 0.85 | Q53: =[5]m!$B55 -> 26.86 | S53: =[5]m!$Q55 -> 29.4 | T53: =[6]m!B55 -> -2545 | AB53: =[8]m!$C55 -> 0.85 | AC53: =[8]m!$F55 -> 2.29 | AF53: =[8]m!$AS55 -> 33.7 | AG53: =[8]m!$H55 -> 2.85 | AH53: =[8]m!$I55 -> 3.47 | AI53: =[7]m!C54 -> 862 | AJ53: =[7]m!D54 -> 762 | AL53: =AL54*AN53/AN54 -> 1334.5938 | AN53: 27
A54: 19845 | N54: =[8]m!$C56 -> 0.86 | Q54: =[5]m!$B56 -> 26.93 | S54: =[5]m!$Q56 -> 29.4 | T54: =[6]m!B56 -> -1611 | AB54: =[8]m!$C56 -> 0.86 | AC54: =[8]m!$F56 -> 2.37 | AF54: =[8]m!$AS56 -> 33.7 | AG54: =[8]m!$H56 -> 2.88 | AH54: =[8]m!$I56 -> 3.47 | AI54: =[7]m!C55 -> 1196 | AJ54: =[7]m!D55 -> 945 | AL54: =AL55*AN54/AN55 -> 1285.1644 | AN54: 26
A55: 19876 | N55: =[8]m!$C57 -> 0.69 | Q55: =[5]m!$B57 -> 26.94 | S55: =[5]m!$Q57 -> 29.2 | T55: =[6]m!B57 -> 3336 | AB55: =[8]m!$C57 -> 0.69 | AC55: =[8]m!$F57 -> 2.38 | AF55: =[8]m!$AS57 -> 33.8 | AG55: =[8]m!$H57 -> 2.9 | AH55: =[8]m!$I57 -> 3.49 | AI55: =[7]m!C56 -> 1087 | AJ55: =[7]m!D56 -> 848 | AL55: =AL56*AN55/AN56 -> 1334.5938 | AN55: 27
A56: 19906 | N56: =[8]m!$C58 -> 0.8 | Q56: =[5]m!$B58 -> 26.86 | S56: =[5]m!$Q58 -> 29.3 | T56: =[6]m!B58 -> -2000 | AB56: =[8]m!$C58 -> 0.8 | AC56: =[8]m!$F58 -> 2.3 | AF56: =[8]m!$AS58 -> 34.1 | AG56: =[8]m!$H58 -> 2.89 | AH56: =[8]m!$I58 -> 3.5 | AI56: =[7]m!C57 -> 1091 | AJ56: =[7]m!D57 -> 935 | AL56: =AL57*AN56/AN57 -> 1285.1644 | AN56: 26
A57: 19937 | N57: =[8]m!$C59 -> 1.22 | Q57: =[5]m!$B59 -> 26.85 | S57: =[5]m!$Q59 -> 29.3 | T57: =[6]m!B59 -> -2820 | AB57: =[8]m!$C59 -> 1.22 | AC57: =[8]m!$F59 -> 2.36 | AF57: =[8]m!$AS59 -> 34 | AG57: =[8]m!$H59 -> 2.87 | AH57: =[8]m!$I59 -> 3.49 | AI57: =[7]m!C58 -> 1076 | AJ57: =[7]m!D58 -> 847 | AL57: =AL58*AN57/AN58 -> 1285.1644 | AN57: 26
A58: 19968 | N58: =[8]m!$C60 -> 1.06 | Q58: =[5]m!$B60 -> 26.81 | S58: =[5]m!$Q60 -> 29.2 | T58: =[6]m!B60 -> -68 | AB58: =[8]m!$C60 -> 1.06 | AC58: =[8]m!$F60 -> 2.38 | AF58: =[8]m!$AS60 -> 34.1 | AG58: =[8]m!$H60 -> 2.89 | AH58: =[8]m!$I60 -> 3.47 | AI58: =[7]m!C59 -> 1067 | AJ58: =[7]m!D59 -> 851 | AL58: =AL59*AN58/AN59 -> 1285.1644 | AN58: 26
A59: 19998 | N59: =[8]m!$C61 -> 0.85 | Q59: =[5]m!$B61 -> 26.72 | S59: =[5]m!$Q61 -> 29.1 | T59: =[6]m!B61 -> -2218 | AB59: =[8]m!$C61 -> 0.85 | AC59: =[8]m!$F61 -> 2.43 | AF59: =[8]m!$AS61 -> 34.4 | AG59: =[8]m!$H61 -> 2.87 | AH59: =[8]m!$I61 -> 3.46 | AI59: =[7]m!C60 -> 1056 | AJ59: =[7]m!D60 -> 818 | AL59: =AL60*AN59/AN60 -> 1285.1644 | AN59: 26
A60: 20029 | N60: =[8]m!$C62 -> 0.83 | Q60: =[5]m!$B62 -> 26.78 | S60: =[5]m!$Q62 -> 29.2 | T60: =[6]m!B62 -> 359 | AB60: =[8]m!$C62 -> 0.83 | AC60: =[8]m!$F62 -> 2.48 | AF60: =[8]m!$AS62 -> 34.6 | AG60: =[8]m!$H62 -> 2.89 | AH60: =[8]m!$I62 -> 3.45 | AI60: =[7]m!C61 -> 1111 | AJ60: =[7]m!D61 -> 805 | AL60: =AL61*AN60/AN61 -> 1384.0232 | AN60: 28
A61: 20059 | N61: =[8]m!$C63 -> 1.28 | Q61: =[5]m!$B63 -> 26.77 | S61: =[5]m!$Q63 -> 29 | T61: =[6]m!B63 -> -2546 | AB61: =[8]m!$C63 -> 1.28 | AC61: =[8]m!$F63 -> 2.51 | AF61: =[8]m!$AS63 -> 35 | AG61: =[8]m!$H63 -> 2.9 | AH61: =[8]m!$I63 -> 3.45 | AI61: =[7]m!C62 -> 1147 | AJ61: =[7]m!D62 -> 821 | AL61: =AL62*AN61/AN62 -> 1433.4526 | AN61: 29
... A85: 20790 | N85: =[8]m!$C87 -> 2.94 | Q85: =[5]m!$B87 -> 27.63 | S85: =[5]m!$Q87 -> 30.8 | T85: =[6]m!B87 -> -306 | AB85: =[8]m!$C87 -> 2.94 | AC85: =[8]m!$F87 -> 3.59 | AF85: =[8]m!$AS87 -> 45.4 | AG85: =[8]m!$H87 -> 3.75 | AH85: =[8]m!$I87 -> 4.37 | AI85: =[7]m!C86 -> 1360 | AJ85: =[7]m!D86 -> 969 | AL85: =AL86*AN85/AN86 -> 2125.4642 | AN85: 43
A86: 20821 | N86: =[8]m!$C88 -> 2.84 | Q86: =[5]m!$B88 -> 27.67 | R86: =[5]m!$D88 -> 28.5 | S86: =[5]m!$Q88 -> 31 | T86: =[6]m!B88 -> -1286 | AB86: =[8]m!$C88 -> 2.84 | AC86: =[8]m!$F88 -> 3.46 | AF86: =[8]m!$AS88 -> 45.7 | AG86: =[8]m!$H88 -> 3.77 | AH86: =[8]m!$I88 -> 4.49 | AI86: =[7]m!C87 -> 1836 | AJ86: =[7]m!D87 -> 1050 | AL86: =AL87*AN86/AN87 -> 2224.323 | AN86: 45
A87: 20852 | N87: =[8]m!$C89 -> 3 | Q87: =[5]m!$B89 -> 27.8 | R87: =[5]m!$D89 -> 28.6 | S87: =[5]m!$Q89 -> 31 | T87: =[6]m!B89 -> 445 | AB87: =[8]m!$C89 -> 3 | AC87: =[8]m!$F89 -> 3.34 | AF87: =[8]m!$AS89 -> 46 | AG87: =[8]m!$H89 -> 3.67 | AH87: =[8]m!$I89 -> 4.47 | AI87: =[7]m!C88 -> 1653 | AJ87: =[7]m!D88 -> 1057 | AL87: =AL88*AN87/AN88 -> 2125.4642 | AN87: 43
A88: 20880 | N88: =[8]m!$C90 -> 2.96 | Q88: =[5]m!$B90 -> 27.86 | R88: =[5]m!$D90 -> 28.7 | S88: =[5]m!$Q90 -> 31 | T88: =[6]m!B90 -> 5153 | AB88: =[8]m!$C90 -> 2.96 | AC88: =[8]m!$F90 -> 3.41 | AF88: =[8]m!$AS90 -> 46.2 | AG88: =[8]m!$H90 -> 3.66 | AH88: =[8]m!$I90 -> 4.43 | AI88: =[7]m!C89 -> 1577 | AJ88: =[7]m!D89 -> 1056 | AL88: =AL89*AN88/AN89 -> 2076.0348 | AN88: 42
A89: 20911 | N89: =[8]m!$C91 -> 3 | Q89: =[5]m!$B91 -> 27.93 | R89: =[5]m!$D91 -> 28.8 | S89: =[5]m!$Q91 -> 31.1 | T89: =[6]m!B91 -> -1731 | AB89: =[8]m!$C91 -> 3 | AC89: =[8]m!$F91 -> 3.48 | AF89: =[8]m!$AS91 -> 46.5 | AG89: =[8]m!$H91 -> 3.67 | AH89: =[8]m!$I91 -> 4.44 | AI89: =[7]m!C90 -> 1881 | AJ89: =[7]m!D90 -> 1118 | AL89: =AL90*AN89/AN90 -> 1977.176 | AN89: 40
A90: 20941 | N90: =[8]m!$C92 -> 3 | Q90: =[5]m!$B92 -> 28 | R90: =[5]m!$D92 -> 28.8 | S90: =[5]m!$Q92 -> 31 | T90: =[6]m!B92 -> -662 | AB90: =[8]m!$C92 -> 3 | AC90: =[8]m!$F92 -> 3.6 | AF90: =[8]m!$AS92 -> 46.8 | AG90: =[8]m!$H92 -> 3.74 | AH90: =[8]m!$I92 -> 4.52 | AI90: =[7]m!C91 -> 1739 | AJ90: =[7]m!D91 -> 1100 | AL90: =AL91*AN90/AN91 -> 1977.176 | AN90: 40
A91: 20972 | N91: =[8]m!$C93 -> 3 | Q91: =[5]m!$B93 -> 28.11 | R91: =[5]m!$D93 -> 28.9 | S91: =[5]m!$Q93 -> 31.1 | T91: =[6]m!B93 -> 5409 | AB91: =[8]m!$C93 -> 3 | AC91: =[8]m!$F93 -> 3.8 | AF91: =[8]m!$AS93 -> 47 | AG91: =[8]m!$H93 -> 3.91 | AH91: =[8]m!$I93 -> 4.63 | AI91: =[7]m!C92 -> 1560 | AJ91: =[7]m!D92 -> 1060 | AL91: =AL92*AN91/AN92 -> 1878.3172 | AN91: 38
A92: 21002 | N92: =[8]m!$C94 -> 2.99 | Q92: =[5]m!$B94 -> 28.19 | R92: =[5]m!$D94 -> 29 | S92: =[5]m!$Q94 -> 31.3 | T92: =[6]m!B94 -> -3290 | AB92: =[8]m!$C94 -> 2.99 | AC92: =[8]m!$F94 -> 3.93 | AF92: =[8]m!$AS94 -> 47.4 | AG92: =[8]m!$H94 -> 3.99 | AH92: =[8]m!$I94 -> 4.73 | AI92: =[7]m!C93 -> 1674 | AJ92: =[7]m!D93 -> 1058 | AL92: =AL93*AN92/AN93 -> 1927.7466 | AN92: 39
A93: 21033 | N93: =[8]m!$C95 -> 3.24 | Q93: =[5]m!$B95 -> 28.28 | R93: =[5]m!$D95 -> 29 | S93: =[5]m!$Q95 -> 31.4 | T93: =[6]m!B95 -> -802 | AB93: =[8]m!$C95 -> 3.24 | AC93: =[8]m!$F95 -> 3.93 | AF93: =[8]m!$AS95 -> 47.6 | AG93: =[8]m!$H95 -> 4.1 | AH93: =[8]m!$I95 -> 4.82 | AI93: =[7]m!C94 -> 1617 | AJ93: =[7]m!D94 -> 1111 | AL93: =AL94*AN93/AN94 -> 1828.8878 | AN93: 37
A94: 21064 | N94: =[8]m!$C96 -> 3.47 | Q94: =[5]m!$B96 -> 28.32 | R94: =[5]m!$D96 -> 29.1 | S94: =[5]m!$Q96 -> 31.3 | T94: =[6]m!B96 -> 1558 | AB94: =[8]m!$C96 -> 3.47 | AC94: =[8]m!$F96 -> 3.92 | AF94: =[8]m!$AS96 -> 47.7 | AG94: =[8]m!$H96 -> 4.12 | AH94: =[8]m!$I96 -> 4.93 | AI94: =[7]m!C95 -> 1617 | AJ94: =[7]m!D95 -> 1099 | AL94: =AL95*AN94/AN95 -> 1779.4584 | AN94: 36
A95: 21094 | N95: =[8]m!$C97 -> 3.5 | Q95: =[5]m!$B97 -> 28.32 | R95: =[5]m!$D97 -> 29.2 | S95: =[5]m!$Q97 -> 31.2 | T95: =[6]m!B97 -> -3370 | AB95: =[8]m!$C97 -> 3.5 | AC95: =[8]m!$F97 -> 3.97 | AF95: =[8]m!$AS97 -> 47.9 | AG95: =[8]m!$H97 -> 4.1 | AH95: =[8]m!$I97 -> 4.99 | AI95: =[7]m!C96 -> 1605 | AJ95: =[7]m!D96 -> 1074 | AL95: =AL96*AN95/AN96 -> 1680.5996 | AN95: 34
A96: 21125 | N96: =[8]m!$C98 -> 3.28 | Q96: =[5]m!$B98 -> 28.41 | R96: =[5]m!$D98 -> 29.3 | S96: =[5]m!$Q98 -> 31.3 | T96: =[6]m!B98 -> -979 | AB96: =[8]m!$C98 -> 3.28 | AC96: =[8]m!$F98 -> 3.72 | AF96: =[8]m!$AS98 -> 48 | AG96: =[8]m!$H98 -> 4.08 | AH96: =[8]m!$I98 -> 5.09 | AI96: =[7]m!C97 -> 1546 | AJ96: =[7]m!D97 -> 1086 | AL96: =AL97*AN96/AN97 -> 1482.882 | AN96: 30
A97: 21155 | N97: =[8]m!$C99 -> 2.98 | Q97: =[5]m!$B99 -> 28.47 | R97: =[5]m!$D99 -> 29.3 | S97: =[5]m!$Q99 -> 31.4 | T97: =[6]m!B99 -> 147 | AB97: =[8]m!$C99 -> 2.98 | AC97: =[8]m!$F99 -> 3.21 | AF97: =[8]m!$AS99 -> 48.1 | AG97: =[8]m!$H99 -> 3.81 | AH97: =[8]m!$I99 -> 5.03 | AI97: =[7]m!C98 -> 1534 | AJ97: =[7]m!D98 -> 1065 | AL97: =AL98*AN97/AN98 -> 1433.4526 | AN97: 29
... A121: 21885 | N121: =[8]m!$C123 -> 3.99 | Q121: =[5]m!$B123 -> 29.41 | R121: =[5]m!$D123 -> 30.5 | S121: =[5]m!$Q123 -> 31.5 | T121: =[6]m!B123 -> 738 | AB121: =[8]m!$C123 -> 3.99 | AC121: =[8]m!$F123 -> 4.69 | AF121: =[8]m!$AS123 -> 56 | AG121: =[8]m!$H123 -> 4.58 | AH121: =[8]m!$I123 -> 5.28 | AI121: =[7]m!C122 -> 1376 | AJ121: =[7]m!D122 -> 1292 | AL121: =AL122*AN121/AN122 -> 1977.176 | AN121: 40
A122: 21916 | B122: =[2]Indicators!G4 -> 324.17 | C122: =[2]Indicators!H4 -> 43.229 | D122: =[2]Indicators!I4 -> 129.612 | E122: =[2]Indicators!J4 -> 151.329 | M122: =[2]Indicators!AB4 -> 24.0903 | N122: =[8]m!$C124 -> 3.99 | O122: =[9]Unemployment!$B4 -> 5.2 | Q122: =[5]m!$B124 -> 29.37 | R122: =[5]m!$D124 -> 30.5 | S122: =[5]m!$Q124 -> 31.6 | T122: =[6]m!B124 -> -1290 | U122: =[9]Unemployment!$F4 -> 13.5 | W122: =[9]Unemployment!$E4 -> 3615 | X122: =[9]Unemployment!N4 -> 1638 | Y122: =[9]Unemployment!O4 -> 1045 | Z122: =[9]Unemployment!P4-[9]Unemployment!Q4 -> 450 | AA122: =[9]Unemployment!$Q4 -> 465 | AB122: =[8]m!$C124 -> 3.99 | AC122: =[8]m!$F124 -> 4.72 | AD122: =[9]Employment!$B4 -> 54274 | AE122: =[2]Indicators!$AB4 -> 24.0903 | AF122: =[8]m!$AS124 -> 56 | AG122: =[8]m!$H124 -> 4.61 | AH122: =[8]m!$I124 -> 5.34 | AI122: =[7]m!C123 -> 1493 | AJ122: =[7]m!D123 -> 1353 | AK122: =[2]Surveys_m!$AB4 -> 61.5 | AL122: =AL123*AN122/AN123 -> 2026.6054 | AN122: 41 | AQ122: =[9]LaborForce!$B3*[9]LaborForce!$C3/100 -> 68907.054 | AR122: =[9]Unemployment!$AB4 -> 282.6 | AS122: =[2]Indicators!BC4 -> 32.7 | AT122: =[2]Indicators!BD4 -> 24.0585 | AU122: =[2]Indicators!BE4 -> 101.6058
A123: 21947 | B123: =[2]Indicators!G5 -> 325.909 | C123: =[2]Indicators!H5 -> 45.748 | D123: =[2]Indicators!I5 -> 128.366 | E123: =[2]Indicators!J5 -> 151.795 | M123: =[2]Indicators!AB5 -> 23.8759 | N123: =[8]m!$C125 -> 3.97 | O123: =[9]Unemployment!$B5 -> 4.8 | Q123: =[5]m!$B125 -> 29.41 | R123: =[5]m!$D125 -> 30.6 | S123: =[5]m!$Q125 -> 31.6 | T123: =[6]m!B125 -> 1095 | U123: =[9]Unemployment!$F5 -> 13.1 | W123: =[9]Unemployment!$E5 -> 3329 | X123: =[9]Unemployment!N5 -> 1431 | Y123: =[9]Unemployment!O5 -> 1034 | Z123: =[9]Unemployment!P5-[9]Unemployment!Q5 -> 412 | AA123: =[9]Unemployment!$Q5 -> 429 | AB123: =[8]m!$C125 -> 3.97 | AC123: =[8]m!$F125 -> 4.49 | AD123: =[9]Employment!$B5 -> 54513 | AE123: =[2]Indicators!$AB5 -> 23.8759 | AF123: =[8]m!$AS125 -> 56.4 | AG123: =[8]m!$H125 -> 4.56 | AH123: =[8]m!$I125 -> 5.34 | AI123: =[7]m!C124 -> 2048 | AJ123: =[7]m!D124 -> 1883 | AK123: =[2]Surveys_m!$AB5 -> 52.3 | AL123: =AL124*AN123/AN124 -> 2026.6054 | AN123: 41 | AQ123: =[9]LaborForce!$B4*[9]LaborForce!$C4/100 -> 68970.882 | AR123: =[9]Unemployment!$AB5 -> 272.6 | AS123: =[2]Indicators!BC5 -> 32.5 | AT123: =[2]Indicators!BD5 -> 23.976 | AU123: =[2]Indicators!BE5 -> 100.9532
A124: 21976 | B124: =[2]Indicators!G6 -> 330.729 | C124: =[2]Indicators!H6 -> 47.389 | D124: =[2]Indicators!I6 -> 130.837 | E124: =[2]Indicators!J6 -> 152.503 | M124: =[2]Indicators!AB6 -> 23.6615 | N124: =[8]m!$C126 -> 3.84 | O124: =[9]Unemployment!$B6 -> 5.4 | Q124: =[5]m!$B126 -> 29.41 | R124: =[5]m!$D126 -> 30.6 | S124: =[5]m!$Q126 -> 31.8 | T124: =[6]m!B126 -> 3157 | U124: =[9]Unemployment!$F6 -> 13 | W124: =[9]Unemployment!$E6 -> 3726 | X124: =[9]Unemployment!N6 -> 1666 | Y124: =[9]Unemployment!O6 -> 1120 | Z124: =[9]Unemployment!P6-[9]Unemployment!Q6 -> 519 | AA124: =[9]Unemployment!$Q6 -> 440 | AB124: =[8]m!$C126 -> 3.84 | AC124: =[8]m!$F126 -> 4.25 | AD124: =[9]Employment!$B6 -> 54458 | AE124: =[2]Indicators!$AB6 -> 23.6615 | AF124: =[8]m!$AS126 -> 56.9 | AG124: =[8]m!$H126 -> 4.49 | AH124: =[8]m!$I126 -> 5.25 | AI124: =[7]m!C125 -> 2068 | AJ124: =[7]m!D125 -> 1989 | AK124: =[2]Surveys_m!$AB6 -> 47.8 | AL124: =AL125*AN124/AN125 -> 1927.7466 | AN124: 39 | AQ124: =[9]LaborForce!$B5*[9]LaborForce!$C5/100 -> 68343.795 | AR124: =[9]Unemployment!$AB6 -> 305.3 | AS124: =[2]Indicators!BC6 -> 32.2 | AT124: =[2]Indicators!BD6 -> 23.8701 | AU124: =[2]Indicators!BE6 -> 100.2002
A125: 22007 | B125: =[2]Indicators!G7 -> 337.071 | C125: =[2]Indicators!H7 -> 49.116 | D125: =[2]Indicators!I7 -> 134.095 | E125: =[2]Indicators!J7 -> 153.86 | M125: =[2]Indicators!AB7 -> 23.474 | N125: =[8]m!$C127 -> 3.92 | O125: =[9]Unemployment!$B7 -> 5.2 | Q125: =[5]m!$B127 -> 29.54 | R125: =[5]m!$D127 -> 30.6 | S125: =[5]m!$Q127 -> 31.8 | T125: =[6]m!B127 -> -968 | U125: =[9]Unemployment!$F7 -> 12.6 | W125: =[9]Unemployment!$E7 -> 3620 | X125: =[9]Unemployment!N7 -> 1735 | Y125: =[9]Unemployment!O7 -> 1002 | Z125: =[9]Unemployment!P7-[9]Unemployment!Q7 -> 465 | AA125: =[9]Unemployment!$Q7 -> 431 | AB125: =[8]m!$C127 -> 3.92 | AC125: =[8]m!$F127 -> 4.28 | AD125: =[9]Employment!$B7 -> 54812 | AE125: =[2]Indicators!$AB7 -> 23.474 | AF125: =[8]m!$AS127 -> 57.7 | AG125: =[8]m!$H127 -> 4.45 | AH125: =[8]m!$I127 -> 5.2 | AI125: =[7]m!C126 -> 2055 | AJ125: =[7]m!D126 -> 1927 | AK125: =[2]Surveys_m!$AB7 -> 45.3 | AL125: =AL126*AN125/AN126 -> 1878.3172 | AN125: 38 | AQ125: =[9]LaborForce!$B6*[9]LaborForce!$C6/100 -> 69561.45 | AR125: =[9]Unemployment!$AB7 -> 296 | AS125: =[2]Indicators!BC7 -> 32.2 | AT125: =[2]Indicators!BD7 -> 23.7808 | AU125: =[2]Indicators!BE7 -> 99.5142
A126: 22037 | B126: =[2]Indicators!G8 -> 330.639 | C126: =[2]Indicators!H8 -> 45.73 | D126: =[2]Indicators!I8 -> 130.274 | E126: =[2]Indicators!J8 -> 154.636 | M126: =[2]Indicators!AB8 -> 23.4472 | N126: =[8]m!$C128 -> 3.85 | O126: =[9]Unemployment!$B8 -> 5.1 | Q126: =[5]m!$B128 -> 29.57 | R126: =[5]m!$D128 -> 30.6 | S126: =[5]m!$Q128 -> 31.7 | T126: =[6]m!B128 -> 477 | U126: =[9]Unemployment!$F8 -> 11.9 | W126: =[9]Unemployment!$E8 -> 3569 | X126: =[9]Unemployment!N8 -> 1718 | Y126: =[9]Unemployment!O8 -> 1074 | Z126: =[9]Unemployment!P8-[9]Unemployment!Q8 -> 408 | AA126: =[9]Unemployment!$Q8 -> 389 | AB126: =[8]m!$C128 -> 3.85 | AC126: =[8]m!$F128 -> 4.35 | AD126: =[9]Employment!$B8 -> 54472 | AE126: =[2]Indicators!$AB8 -> 23.4472 | AF126: =[8]m!$AS128 -> 58 | AG126: =[8]m!$H128 -> 4.46 | AH126: =[8]m!$I128 -> 5.28 | AI126: =[7]m!C127 -> 2199 | AJ126: =[7]m!D127 -> 1988 | AK126: =[2]Surveys_m!$AB8 -> 42.6 | AL126: =AL127*AN126/AN127 -> 1878.3172 | AN126: 38 | AQ126: =[9]LaborForce!$B7*[9]LaborForce!$C7/100 -> 69634.635 | AR126: =[9]Unemployment!$AB8 -> 318.1 | AS126: =[2]Indicators!BC8 -> 32.2 | AT126: =[2]Indicators!BD8 -> 23.7174 | AU126: =[2]Indicators!BE8 -> 98.934
A127: 22068 | B127: =[2]Indicators!G9 -> 330.704 | C127: =[2]Indicators!H9 -> 44.457 | D127: =[2]Indicators!I9 -> 131.515 | E127: =[2]Indicators!J9 -> 154.732 | M127: =[2]Indicators!AB9 -> 23.1524 | N127: =[8]m!$C129 -> 3.32 | O127: =[9]Unemployment!$B9 -> 5.4 | Q127: =[5]m!$B129 -> 29.61 | R127: =[5]m!$D129 -> 30.7 | S127: =[5]m!$Q129 -> 31.7 | T127: =[6]m!B129 -> 4370 | U127: =[9]Unemployment!$F9 -> 11.9 | W127: =[9]Unemployment!$E9 -> 3766 | X127: =[9]Unemployment!N9 -> 1738 | Y127: =[9]Unemployment!O9 -> 1182 | Z127: =[9]Unemployment!P9-[9]Unemployment!Q9 -> 458 | AA127: =[9]Unemployment!$Q9 -> 396 | AB127: =[8]m!$C129 -> 3.32 | AC127: =[8]m!$F129 -> 4.15 | AD127: =[9]Employment!$B9 -> 54347 | AE127: =[2]Indicators!$AB9 -> 23.1524 | AF127: =[8]m!$AS129 -> 58.4 | AG127: =[8]m!$H129 -> 4.45 | AH127: =[8]m!$I129 -> 5.26 | AI127: =[7]m!C128 -> 2216 | AJ127: =[7]m!D128 -> 1913 | AK127: =[2]Surveys_m!$AB9 -> 44.4 | AL127: =AL128*AN127/AN128 -> 1828.8878 | AN127: 37 | AQ127: =[9]LaborForce!$B8*[9]LaborForce!$C8/100 -> 69948.699 | AR127: =[9]Unemployment!$AB9 -> 323.8 | AS127: =[2]Indicators!BC9 -> 32.3 | AT127: =[2]Indicators!BD9 -> 23.6753 | AU127: =[2]Indicators!BE9 -> 98.4392
A128: 22098 | B128: =[2]Indicators!G10 -> 331.983 | C128: =[2]Indicators!H10 -> 44.854 | D128: =[2]Indicators!I10 -> 132.187 | E128: =[2]Indicators!J10 -> 154.942 | M128: =[2]Indicators!AB10 -> 23.072 | N128: =[8]m!$C130 -> 3.23 | O128: =[9]Unemployment!$B10 -> 5.5 | Q128: =[5]m!$B130 -> 29.55 | R128: =[5]m!$D130 -> 30.6 | S128: =[5]m!$Q130 -> 31.7 | T128: =[6]m!B130 -> -3044 | U128: =[9]Unemployment!$F10 -> 12.6 | W128: =[9]Unemployment!$E10 -> 3836 | X128: =[9]Unemployment!N10 -> 1709 | Y128: =[9]Unemployment!O10 -> 1184 | Z128: =[9]Unemployment!P10-[9]Unemployment!Q10 -> 521 | AA128: =[9]Unemployment!$Q10 -> 400 | AB128: =[8]m!$C130 -> 3.23 | AC128: =[8]m!$F130 -> 3.9 | AD128: =[9]Employment!$B10 -> 54303 | AE128: =[2]Indicators!$AB10 -> 23.072 | AF128: =[8]m!$AS130 -> 58.7 | AG128: =[8]m!$H130 -> 4.41 | AH128: =[8]m!$I130 -> 5.22 | AI128: =[7]m!C129 -> 2215 | AJ128: =[7]m!D129 -> 1911 | AK128: =[2]Surveys_m!$AB10 -> 43.7 | AL128: =AL129*AN128/AN129 -> 1779.4584 | AN128: 36 | AQ128: =[9]LaborForce!$B9*[9]LaborForce!$C9/100 -> 69782.195 | AR128: =[9]Unemployment!$AB10 -> 337.7 | AS128: =[2]Indicators!BC10 -> 32.3 | AT128: =[2]Indicators!BD10 -> 23.6428 | AU128: =[2]Indicators!BE10 -> 97.9802
A129: 22129 | B129: =[2]Indicators!G11 -> 332.24 | C129: =[2]Indicators!H11 -> 45.765 | D129: =[2]Indicators!I11 -> 131.426 | E129: =[2]Indicators!J11 -> 155.049 | M129: =[2]Indicators!AB11 -> 23.0452 | N129: =[8]m!$C131 -> 2.98 | O129: =[9]Unemployment!$B11 -> 5.6 | Q129: =[5]m!$B131 -> 29.61 | R129: =[5]m!$D131 -> 30.6 | S129: =[5]m!$Q131 -> 31.6 | T129: =[6]m!B131 -> -349 | U129: =[9]Unemployment!$F11 -> 12.2 | W129: =[9]Unemployment!$E11 -> 3946 | X129: =[9]Unemployment!N11 -> 1746 | Y129: =[9]Unemployment!O11 -> 1287 | Z129: =[9]Unemployment!P11-[9]Unemployment!Q11 -> 517 | AA129: =[9]Unemployment!$Q11 -> 410 | AB129: =[8]m!$C131 -> 2.98 | AC129: =[8]m!$F131 -> 3.8 | AD129: =[9]Employment!$B11 -> 54272 | AE129: =[2]Indicators!$AB11 -> 23.0452 | AF129: =[8]m!$AS131 -> 58.9 | AG129: =[8]m!$H131 -> 4.28 | AH129: =[8]m!$I131 -> 5.08 | AI129: =[7]m!C130 -> 2195 | AJ129: =[7]m!D130 -> 1925 | AK129: =[2]Surveys_m!$AB11 -> 47.6 | AL129: =AL130*AN129/AN130 -> 1730.029 | AN129: 35 | AQ129: =[9]LaborForce!$B10*[9]LaborForce!$C10/100 -> 69871.445 | AR129: =[9]Unemployment!$AB11 -> 366.1 | AS129: =[2]Indicators!BC11 -> 32.4 | AT129: =[2]Indicators!BD11 -> 23.6165 | AU129: =[2]Indicators!BE11 -> 97.5426
A130: 22160 | B130: =[2]Indicators!G12 -> 334.034 | C130: =[2]Indicators!H12 -> 47.149 | D130: =[2]Indicators!I12 -> 131.127 | E130: =[2]Indicators!J12 -> 155.759 | M130: =[2]Indicators!AB12 -> 22.804 | N130: =[8]m!$C132 -> 2.6 | O130: =[9]Unemployment!$B12 -> 5.5 | Q130: =[5]m!$B132 -> 29.61 | R130: =[5]m!$D132 -> 30.6 | S130: =[5]m!$Q132 -> 31.6 | T130: =[6]m!B132 -> 2188 | U130: =[9]Unemployment!$F12 -> 12.9 | W130: =[9]Unemployment!$E12 -> 3884 | X130: =[9]Unemployment!N12 -> 1677 | Y130: =[9]Unemployment!O12 -> 1213 | Z130: =[9]Unemployment!P12-[9]Unemployment!Q12 -> 516 | AA130: =[9]Unemployment!$Q12 -> 466 | AB130: =[8]m!$C132 -> 2.6 | AC130: =[8]m!$F132 -> 3.8 | AD130: =[9]Employment!$B12 -> 54228 | AE130: =[2]Indicators!$AB12 -> 22.804 | AF130: =[8]m!$AS132 -> 59.4 | AG130: =[8]m!$H132 -> 4.25 | AH130: =[8]m!$I132 -> 5.01 | AI130: =[7]m!C131 -> 2144 | AJ130: =[7]m!D131 -> 1902 | AK130: =[2]Surveys_m!$AB12 -> 45.4 | AL130: =AL131*AN130/AN131 -> 1680.5996 | AN130: 34 | AQ130: =[9]LaborForce!$B11*[9]LaborForce!$C11/100 -> 70160.037 | AR130: =[9]Unemployment!$AB12 -> 353.8 | AS130: =[2]Indicators!BC12 -> 32.3 | AT130: =[2]Indicators!BD12 -> 23.5887 | AU130: =[2]Indicators!BE12 -> 97.0937
A131: 22190 | B131: =[2]Indicators!G13 -> 336.046 | C131: =[2]Indicators!H13 -> 46.679 | D131: =[2]Indicators!I13 -> 132.602 | E131: =[2]Indicators!J13 -> 156.764 | M131: =[2]Indicators!AB13 -> 22.7772 | N131: =[8]m!$C133 -> 2.47 | O131: =[9]Unemployment!$B13 -> 6.1 | Q131: =[5]m!$B133 -> 29.75 | R131: =[5]m!$D133 -> 30.8 | S131: =[5]m!$Q133 -> 31.7 | T131: =[6]m!B133 -> -4006 | U131: =[9]Unemployment!$F13 -> 13.5 | W131: =[9]Unemployment!$E13 -> 4252 | X131: =[9]Unemployment!N13 -> 1766 | Y131: =[9]Unemployment!O13 -> 1282 | Z131: =[9]Unemployment!P13-[9]Unemployment!Q13 -> 623 | AA131: =[9]Unemployment!$Q13 -> 566 | AB131: =[8]m!$C133 -> 2.47 | AC131: =[8]m!$F133 -> 3.89 | AD131: =[9]Employment!$B13 -> 54144 | AE131: =[2]Indicators!$AB13 -> 22.7772 | AF131: =[8]m!$AS133 -> 59.6 | AG131: =[8]m!$H133 -> 4.3 | AH131: =[8]m!$I133 -> 5.11 | AI131: =[7]m!C132 -> 2145 | AJ131: =[7]m!D132 -> 1867 | AK131: =[2]Surveys_m!$AB13 -> 46 | AL131: =AL132*AN131/AN132 -> 1581.7408 | AN131: 32 | AQ131: =[9]LaborForce!$B12*[9]LaborForce!$C12/100 -> 69879.942 | AR131: =[9]Unemployment!$AB13 -> 375.7 | AS131: =[2]Indicators!BC13 -> 32.3 | AT131: =[2]Indicators!BD13 -> 23.5789 | AU131: =[2]Indicators!BE13 -> 96.7137
A132: 22221 | B132: =[2]Indicators!G14 -> 336.024 | C132: =[2]Indicators!H14 -> 45.057 | D132: =[2]Indicators!I14 -> 133.108 | E132: =[2]Indicators!J14 -> 157.859 | M132: =[2]Indicators!AB14 -> 22.4557 | N132: =[8]m!$C134 -> 2.44 | O132: =[9]Unemployment!$B14 -> 6.1 | Q132: =[5]m!$B134 -> 29.78 | R132: =[5]m!$D134 -> 30.8 | S132: =[5]m!$Q134 -> 31.7 | T132: =[6]m!B134 -> -473 | U132: =[9]Unemployment!$F14 -> 13.9 | W132: =[9]Unemployment!$E14 -> 4330 | X132: =[9]Unemployment!N14 -> 1718 | Y132: =[9]Unemployment!O14 -> 1367 | Z132: =[9]Unemployment!P14-[9]Unemployment!Q14 -> 673 | AA132: =[9]Unemployment!$Q14 -> 550 | AB132: =[8]m!$C134 -> 2.44 | AC132: =[8]m!$F134 -> 3.93 | AD132: =[9]Employment!$B14 -> 53962 | AE132: =[2]Indicators!$AB14 -> 22.4557 | AF132: =[8]m!$AS134 -> 59.9 | AG132: =[8]m!$H134 -> 4.31 | AH132: =[8]m!$I134 -> 5.08 | AI132: =[7]m!C133 -> 2212 | AJ132: =[7]m!D133 -> 1828 | AK132: =[2]Surveys_m!$AB14 -> 44.3 | AL132: =AL133*AN132/AN133 -> 1581.7408 | AN132: 32 | AQ132: =[9]LaborForce!$B13*[9]LaborForce!$C13/100 -> 70461.742 | AR132: =[9]Unemployment!$AB14 -> 387.6 | AS132: =[2]Indicators!BC14 -> 32.2 | AT132: =[2]Indicators!BD14 -> 23.6011 | AU132: =[2]Indicators!BE14 -> 96.4591
A133: 22251 | B133: =[2]Indicators!G15 -> 331.972 | C133: =[2]Indicators!H15 -> 42.333 | D133: =[2]Indicators!I15 -> 131.53 | E133: =[2]Indicators!J15 -> 158.109 | M133: =[2]Indicators!AB15 -> 22.0269 | N133: =[8]m!$C135 -> 1.98 | O133: =[9]Unemployment!$B15 -> 6.6 | Q133: =[5]m!$B135 -> 29.81 | R133: =[5]m!$D135 -> 30.7 | S133: =[5]m!$Q135 -> 31.7 | T133: =[6]m!B135 -> 796 | U133: =[9]Unemployment!$F15 -> 12.4 | W133: =[9]Unemployment!$E15 -> 4617 | X133: =[9]Unemployment!N15 -> 2102 | Y133: =[9]Unemployment!O15 -> 1468 | Z133: =[9]Unemployment!P15-[9]Unemployment!Q15 -> 588 | AA133: =[9]Unemployment!$Q15 -> 554 | AB133: =[8]m!$C135 -> 1.98 | AC133: =[8]m!$F135 -> 3.84 | AD133: =[9]Employment!$B15 -> 53743 | AE133: =[2]Indicators!$AB15 -> 22.0269 | AF133: =[8]m!$AS135 -> 60 | AG133: =[8]m!$H135 -> 4.35 | AH133: =[8]m!$I135 -> 5.1 | AI133: =[7]m!C134 -> 2200 | AJ133: =[7]m!D134 -> 1793 | AK133: =[2]Surveys_m!$AB15 -> 44.3 | AL133: =AL134*AN133/AN134 -> 1482.882 | AN133: 30 | AQ133: =[9]LaborForce!$B14*[9]LaborForce!$C14/100 -> 70446.597 | AR133: =[9]Unemployment!$AB15 -> 383.9 | AS133: =[2]Indicators!BC15 -> 32.3 | AT133: =[2]Indicators!BD15 -> 23.6757 | AU133: =[2]Indicators!BE15 -> 96.4113
... A206: 24473 | B206: =[2]Indicators!G88 -> 495.287 | C206: =[2]Indicators!H88 -> 72.459 | D206: =[2]Indicators!I88 -> 181.485 | E206: =[2]Indicators!J88 -> 241.342 | M206: =[2]Indicators!AB88 -> 35.0539 | N206: =[8]m!$C208 -> 4.94 | O206: =[9]Unemployment!$B88 -> 3.9 | Q206: =[5]m!$B208 -> 32.9 | R206: =[5]m!$D208 -> 34.2 | S206: =[5]m!$Q208 -> 33.4 | T206: =[6]m!B208 -> -601 | U206: =[9]Unemployment!$F88 -> 9.3 | W206: =[9]Unemployment!$E88 -> 2968 | X206: =[9]Unemployment!N88 -> 1608 | Y206: =[9]Unemployment!O88 -> 854 | Z206: =[9]Unemployment!P88-[9]Unemployment!Q88 -> 286 | AA206: =[9]Unemployment!$Q88 -> 203 | AB206: =[8]m!$C208 -> 4.94 | AC206: =[8]m!$F208 -> 4.58 | AD206: =[9]Employment!$B88 -> 65407 | AE206: =[2]Indicators!$AB88 -> 35.0539 | AF206: =[8]m!$AS208 -> 102.2 | AG206: =[8]m!$H208 -> 5.2 | AH206: =[8]m!$I208 -> 5.97 | AI206: =[7]m!C207 -> 3296 | AJ206: =[7]m!D207 -> 3102 | AK206: =[2]Surveys_m!$AB88 -> 49.1 | AL206: =AL207*AN206/AN207 -> 3311.7698 | AN206: 67 | AQ206: =[9]LaborForce!$B87*[9]LaborForce!$C87/100 -> 76700.855 | AR206: =[9]Unemployment!$AB88 -> 208.7 | AS206: =[2]Indicators!BC88 -> 42 | AT206: =[2]Indicators!BD88 -> 34.7013 | AU206: =[2]Indicators!BE88 -> 97.0038
A207: 24504 | B207: =[2]Indicators!G89 -> 494.049 | C207: =[2]Indicators!H89 -> 69.85 | D207: =[2]Indicators!I89 -> 182.698 | E207: =[2]Indicators!J89 -> 241.501 | M207: =[2]Indicators!AB89 -> 34.6564 | N207: =[8]m!$C209 -> 5 | O207: =[9]Unemployment!$B89 -> 3.8 | P207: =[2]Surveys_m!$B89 -> 134.3 | Q207: =[5]m!$B209 -> 33 | R207: =[5]m!$D209 -> 34.2 | S207: =[5]m!$Q209 -> 33.4 | T207: =[6]m!B209 -> -1702 | U207: =[9]Unemployment!$F89 -> 9.2 | W207: =[9]Unemployment!$E89 -> 2915 | X207: =[9]Unemployment!N89 -> 1596 | Y207: =[9]Unemployment!O89 -> 862 | Z207: =[9]Unemployment!P89-[9]Unemployment!Q89 -> 258 | AA207: =[9]Unemployment!$Q89 -> 201 | AB207: =[8]m!$C209 -> 5 | AC207: =[8]m!$F209 -> 4.63 | AD207: =[9]Employment!$B89 -> 65427 | AE207: =[2]Indicators!$AB89 -> 34.6564 | AF207: =[8]m!$AS209 -> 102.4 | AG207: =[8]m!$H209 -> 5.03 | AH207: =[8]m!$I209 -> 5.82 | AI207: =[7]m!C208 -> 3549 | AJ207: =[7]m!D208 -> 3272 | AK207: =[2]Surveys_m!$AB89 -> 47.6 | AL207: =AL208*AN207/AN208 -> 3262.3404 | AN207: 66 | AQ207: =[9]LaborForce!$B88*[9]LaborForce!$C88/100 -> 76515.976 | AR207: =[9]Unemployment!$AC89 -> 204 | AS207: =[2]Indicators!BC89 -> 41.8 | AT207: =[2]Indicators!BD89 -> 34.8221 | AU207: =[2]Indicators!BE89 -> 96.9215
A208: 24532 | B208: =[2]Indicators!G90 -> 496.899 | C208: =[2]Indicators!H90 -> 70.995 | D208: =[2]Indicators!I90 -> 182.943 | E208: =[2]Indicators!J90 -> 242.961 | M208: =[2]Indicators!AB90 -> 34.461 | N208: =[8]m!$C210 -> 4.53 | O208: =[9]Unemployment!$B90 -> 3.8 | P208: =[2]Surveys_m!$B90 -> 134.3 | Q208: =[5]m!$B210 -> 33 | R208: =[5]m!$D210 -> 34.3 | S208: =[5]m!$Q210 -> 33.3 | T208: =[6]m!B210 -> -304 | U208: =[9]Unemployment!$F90 -> 8.9 | W208: =[9]Unemployment!$E90 -> 2889 | X208: =[9]Unemployment!N90 -> 1586 | Y208: =[9]Unemployment!O90 -> 869 | Z208: =[9]Unemployment!P90-[9]Unemployment!Q90 -> 256 | AA208: =[9]Unemployment!$Q90 -> 180 | AB208: =[8]m!$C210 -> 4.53 | AC208: =[8]m!$F210 -> 4.54 | AD208: =[9]Employment!$B90 -> 65530 | AE208: =[2]Indicators!$AB90 -> 34.461 | AF208: =[8]m!$AS210 -> 102.7 | AG208: =[8]m!$H210 -> 5.13 | AH208: =[8]m!$I210 -> 5.85 | AI208: =[7]m!C209 -> 3492 | AJ208: =[7]m!D209 -> 3171 | AK208: =[2]Surveys_m!$AB90 -> 45.3 | AL208: =AL209*AN208/AN209 -> 3163.4816 | AN208: 64 | AQ208: =[9]LaborForce!$B89*[9]LaborForce!$C89/100 -> 76351.29 | AR208: =[9]Unemployment!$AC90 -> 242 | AS208: =[2]Indicators!BC90 -> 41.9 | AT208: =[2]Indicators!BD90 -> 35.0286 | AU208: =[2]Indicators!BE90 -> 97.0828
A209: 24563 | B209: =[2]Indicators!G91 -> 502.412 | C209: =[2]Indicators!H91 -> 74.319 | D209: =[2]Indicators!I91 -> 183.591 | E209: =[2]Indicators!J91 -> 244.502 | M209: =[2]Indicators!AB91 -> 34.786 | N209: =[8]m!$C211 -> 4.05 | O209: =[9]Unemployment!$B91 -> 3.8 | P209: =[2]Surveys_m!$B91 -> 140.7 | Q209: =[5]m!$B211 -> 33.1 | R209: =[5]m!$D211 -> 34.4 | S209: =[5]m!$Q211 -> 33.1 | T209: =[6]m!B211 -> 4070 | U209: =[9]Unemployment!$F91 -> 8.8 | W209: =[9]Unemployment!$E91 -> 2895 | X209: =[9]Unemployment!N91 -> 1547 | Y209: =[9]Unemployment!O91 -> 896 | Z209: =[9]Unemployment!P91-[9]Unemployment!Q91 -> 254 | AA209: =[9]Unemployment!$Q91 -> 174 | AB209: =[8]m!$C211 -> 4.05 | AC209: =[8]m!$F211 -> 4.59 | AD209: =[9]Employment!$B91 -> 65467 | AE209: =[2]Indicators!$AB91 -> 34.786 | AF209: =[8]m!$AS211 -> 102.9 | AG209: =[8]m!$H211 -> 5.11 | AH209: =[8]m!$I211 -> 5.83 | AI209: =[7]m!C210 -> 3434 | AJ209: =[7]m!D210 -> 3121 | AK209: =[2]Surveys_m!$AB91 -> 42.8 | AL209: =AL210*AN209/AN210 -> 3212.911 | AN209: 65 | AQ209: =[9]LaborForce!$B90*[9]LaborForce!$C90/100 -> 76830.336 | AR209: =[9]Unemployment!$AC91 -> 259 | AS209: =[2]Indicators!BC91 -> 42 | AT209: =[2]Indicators!BD91 -> 35.3284 | AU209: =[2]Indicators!BE91 -> 97.5056
A210: 24593 | B210: =[2]Indicators!G92 -> 503.337 | C210: =[2]Indicators!H92 -> 73.966 | D210: =[2]Indicators!I92 -> 183.559 | E210: =[2]Indicators!J92 -> 245.812 | M210: =[2]Indicators!AB92 -> 34.4825 | N210: =[8]m!$C212 -> 3.94 | O210: =[9]Unemployment!$B92 -> 3.8 | P210: =[2]Surveys_m!$B92 -> 140.7 | Q210: =[5]m!$B212 -> 33.1 | R210: =[5]m!$D212 -> 34.5 | S210: =[5]m!$Q212 -> 33.3 | T210: =[6]m!B212 -> -4626 | U210: =[9]Unemployment!$F92 -> 8.7 | W210: =[9]Unemployment!$E92 -> 2929 | X210: =[9]Unemployment!N92 -> 1581 | Y210: =[9]Unemployment!O92 -> 905 | Z210: =[9]Unemployment!P92-[9]Unemployment!Q92 -> 264 | AA210: =[9]Unemployment!$Q92 -> 153 | AB210: =[8]m!$C212 -> 3.94 | AC210: =[8]m!$F212 -> 4.85 | AD210: =[9]Employment!$B92 -> 65618 | AE210: =[2]Indicators!$AB92 -> 34.4825 | AF210: =[8]m!$AS212 -> 103.2 | AG210: =[8]m!$H212 -> 5.24 | AH210: =[8]m!$I212 -> 5.96 | AI210: =[7]m!C211 -> 3497 | AJ210: =[7]m!D211 -> 3193 | AK210: =[2]Surveys_m!$AB92 -> 44.5 | AL210: =AL211*AN210/AN211 -> 3163.4816 | AN210: 64 | AQ210: =[9]LaborForce!$B91*[9]LaborForce!$C91/100 -> 76802.395 | AR210: =[9]Unemployment!$AC92 -> 255 | AS210: =[2]Indicators!BC92 -> 42.3 | AT210: =[2]Indicators!BD92 -> 35.7071 | AU210: =[2]Indicators!BE92 -> 98.1473
A211: 24624 | B211: =[2]Indicators!G93 -> 507.905 | C211: =[2]Indicators!H93 -> 75.165 | D211: =[2]Indicators!I93 -> 184.913 | E211: =[2]Indicators!J93 -> 247.827 | M211: =[2]Indicators!AB93 -> 34.4782 | N211: =[8]m!$C213 -> 3.98 | O211: =[9]Unemployment!$B93 -> 3.9 | P211: =[2]Surveys_m!$B93 -> 134 | Q211: =[5]m!$B213 -> 33.3 | R211: =[5]m!$D213 -> 34.6 | S211: =[5]m!$Q213 -> 33.5 | T211: =[6]m!B213 -> 8173 | U211: =[9]Unemployment!$F93 -> 8.3 | W211: =[9]Unemployment!$E93 -> 2992 | X211: =[9]Unemployment!N93 -> 1704 | Y211: =[9]Unemployment!O93 -> 883 | Z211: =[9]Unemployment!P93-[9]Unemployment!Q93 -> 272 | AA211: =[9]Unemployment!$Q93 -> 150 | AB211: =[8]m!$C213 -> 3.98 | AC211: =[8]m!$F213 -> 5.02 | AD211: =[9]Employment!$B93 -> 65750 | AE211: =[2]Indicators!$AB93 -> 34.4782 | AF211: =[8]m!$AS213 -> 103.7 | AG211: =[8]m!$H213 -> 5.44 | AH211: =[8]m!$I213 -> 6.15 | AI211: =[7]m!C212 -> 3438 | AJ211: =[7]m!D212 -> 3113 | AK211: =[2]Surveys_m!$AB93 -> 46.8 | AL211: =AL212*AN211/AN212 -> 3163.4816 | AN211: 64 | AQ211: =[9]LaborForce!$B92*[9]LaborForce!$C92/100 -> 77314.312 | AR211: =[9]Unemployment!$AC93 -> 228 | AS211: =[2]Indicators!BC93 -> 42.7 | AT211: =[2]Indicators!BD93 -> 36.122 | AU211: =[2]Indicators!BE93 -> 98.8879
A212: 24654 | B212: =[2]Indicators!G94 -> 507.798 | C212: =[2]Indicators!H94 -> 74.425 | D212: =[2]Indicators!I94 -> 183.703 | E212: =[2]Indicators!J94 -> 249.671 | M212: =[2]Indicators!AB94 -> 34.3997 | N212: =[8]m!$C214 -> 3.79 | O212: =[9]Unemployment!$B94 -> 3.8 | P212: =[2]Surveys_m!$B94 -> 134 | Q212: =[5]m!$B214 -> 33.4 | R212: =[5]m!$D214 -> 34.7 | S212: =[5]m!$Q214 -> 33.5 | T212: =[6]m!B214 -> -5131 | U212: =[9]Unemployment!$F94 -> 8.3 | V212: =[9]Unemployment!$G94 -> 4.5 | W212: =[9]Unemployment!$E94 -> 2944 | X212: =[9]Unemployment!N94 -> 1642 | Y212: =[9]Unemployment!O94 -> 863 | Z212: =[9]Unemployment!P94-[9]Unemployment!Q94 -> 261 | AA212: =[9]Unemployment!$Q94 -> 151 | AB212: =[8]m!$C214 -> 3.79 | AC212: =[8]m!$F214 -> 5.16 | AD212: =[9]Employment!$B94 -> 65887 | AE212: =[2]Indicators!$AB94 -> 34.3997 | AF212: =[8]m!$AS214 -> 104.1 | AG212: =[8]m!$H214 -> 5.58 | AH212: =[8]m!$I214 -> 6.26 | AI212: =[7]m!C213 -> 3471 | AJ212: =[7]m!D213 -> 3179 | AK212: =[2]Surveys_m!$AB94 -> 49.5 | AL212: =AL213*AN212/AN213 -> 3114.0522 | AN212: 63 | AQ212: =[9]LaborForce!$B93*[9]LaborForce!$C93/100 -> 77431.128 | AR212: =[9]Unemployment!$AC94 -> 209 | AS212: =[2]Indicators!BC94 -> 42.9 | AT212: =[2]Indicators!BD94 -> 36.5431 | AU212: =[2]Indicators!BE94 -> 99.6451
A213: 24685 | B213: =[2]Indicators!G95 -> 510.914 | C213: =[2]Indicators!H95 -> 73.646 | D213: =[2]Indicators!I95 -> 185.779 | E213: =[2]Indicators!J95 -> 251.49 | M213: =[2]Indicators!AB95 -> 35.0588 | N213: =[8]m!$C215 -> 3.9 | O213: =[9]Unemployment!$B95 -> 3.8 | P213: =[2]Surveys_m!$B95 -> 130.1 | Q213: =[5]m!$B215 -> 33.5 | R213: =[5]m!$D215 -> 34.9 | S213: =[5]m!$Q215 -> 33.4 | T213: =[6]m!B215 -> -5429 | U213: =[9]Unemployment!$F95 -> 8.9 | V213: =[9]Unemployment!$G95 -> 4.7 | W213: =[9]Unemployment!$E95 -> 2945 | X213: =[9]Unemployment!N95 -> 1595 | Y213: =[9]Unemployment!O95 -> 928 | Z213: =[9]Unemployment!P95-[9]Unemployment!Q95 -> 241 | AA213: =[9]Unemployment!$Q95 -> 200 | AB213: =[8]m!$C215 -> 3.9 | AC213: =[8]m!$F215 -> 5.28 | AD213: =[9]Employment!$B95 -> 66142 | AE213: =[2]Indicators!$AB95 -> 35.0588 | AF213: =[8]m!$AS215 -> 104.7 | AG213: =[8]m!$H215 -> 5.62 | AH213: =[8]m!$I215 -> 6.33 | AI213: =[7]m!C214 -> 3448 | AJ213: =[7]m!D214 -> 3265 | AK213: =[2]Surveys_m!$AB95 -> 52.2 | AL213: =AL214*AN213/AN214 -> 3212.911 | AN213: 65 | AQ213: =[9]LaborForce!$B94*[9]LaborForce!$C94/100 -> 77721.639 | AR213: =[9]Unemployment!$AC95 -> 209 | AS213: =[2]Indicators!BC95 -> 43.5 | AT213: =[2]Indicators!BD95 -> 36.9403 | AU213: =[2]Indicators!BE95 -> 100.337
A214: 24716 | B214: =[2]Indicators!G96 -> 516.722 | C214: =[2]Indicators!H96 -> 76.026 | D214: =[2]Indicators!I96 -> 187.849 | E214: =[2]Indicators!J96 -> 252.847 | M214: =[2]Indicators!AB96 -> 35.0018 | N214: =[8]m!$C216 -> 3.99 | O214: =[9]Unemployment!$B96 -> 3.8 | P214: =[2]Surveys_m!$B96 -> 130.1 | Q214: =[5]m!$B216 -> 33.6 | R214: =[5]m!$D216 -> 35 | S214: =[5]m!$Q216 -> 33.4 | T214: =[6]m!B216 -> -64 | U214: =[9]Unemployment!$F96 -> 8.4 | V214: =[9]Unemployment!$G96 -> 4.6 | W214: =[9]Unemployment!$E96 -> 2958 | X214: =[9]Unemployment!N96 -> 1667 | Y214: =[9]Unemployment!O96 -> 895 | Z214: =[9]Unemployment!P96-[9]Unemployment!Q96 -> 286 | AA214: =[9]Unemployment!$Q96 -> 162 | AB214: =[8]m!$C216 -> 3.99 | AC214: =[8]m!$F216 -> 5.3 | AD214: =[9]Employment!$B96 -> 66163 | AE214: =[2]Indicators!$AB96 -> 35.0018 | AF214: =[8]m!$AS216 -> 105.2 | AG214: =[8]m!$H216 -> 5.65 | AH214: =[8]m!$I216 -> 6.4 | AI214: =[7]m!C215 -> 3413 | AJ214: =[7]m!D215 -> 3165 | AK214: =[2]Surveys_m!$AB96 -> 54.9 | AL214: =AL215*AN214/AN215 -> 3163.4816 | AN214: 64 | AQ214: =[9]LaborForce!$B95*[9]LaborForce!$C95/100 -> 77844.024 | AR214: =[9]Unemployment!$AC96 -> 218 | AS214: =[2]Indicators!BC96 -> 43.5 | AT214: =[2]Indicators!BD96 -> 37.289 | AU214: =[2]Indicators!BE96 -> 100.8978
A215: 24746 | B215: =[2]Indicators!G97 -> 513.316 | C215: =[2]Indicators!H97 -> 74.114 | D215: =[2]Indicators!I97 -> 185.148 | E215: =[2]Indicators!J97 -> 254.053 | M215: =[2]Indicators!AB97 -> 35.2869 | N215: =[8]m!$C217 -> 3.88 | O215: =[9]Unemployment!$B97 -> 4 | P215: =[2]Surveys_m!$B97 -> 134.5 | Q215: =[5]m!$B217 -> 33.7 | R215: =[5]m!$D217 -> 35.1 | S215: =[5]m!$Q217 -> 33.4 | T215: =[6]m!B217 -> -4707 | U215: =[9]Unemployment!$F97 -> 8.7 | V215: =[9]Unemployment!$G97 -> 4.9 | W215: =[9]Unemployment!$E97 -> 3143 | X215: =[9]Unemployment!N97 -> 1730 | Y215: =[9]Unemployment!O97 -> 962 | Z215: =[9]Unemployment!P97-[9]Unemployment!Q97 -> 294 | AA215: =[9]Unemployment!$Q97 -> 178 | AB215: =[8]m!$C217 -> 3.88 | AC215: =[8]m!$F217 -> 5.48 | AD215: =[9]Employment!$B97 -> 66225 | AE215: =[2]Indicators!$AB97 -> 35.2869 | AF215: =[8]m!$AS217 -> 105.4 | AG215: =[8]m!$H217 -> 5.82 | AH215: =[8]m!$I217 -> 6.52 | AI215: =[7]m!C216 -> 3444 | AJ215: =[7]m!D216 -> 3218 | AK215: =[2]Surveys_m!$AB97 -> 54.1 | AL215: =AL216*AN215/AN216 -> 3262.3404 | AN215: 66 | AQ215: =[9]LaborForce!$B96*[9]LaborForce!$C96/100 -> 78218.618 | AR215: =[9]Unemployment!$AC97 -> 204 | AS215: =[2]Indicators!BC97 -> 43.7 | AT215: =[2]Indicators!BD97 -> 37.5796 | AU215: =[2]Indicators!BE97 -> 101.3036
A216: 24777 | B216: =[2]Indicators!G98 -> 518.506 | C216: =[2]Indicators!H98 -> 75.126 | D216: =[2]Indicators!I98 -> 187.75 | E216: =[2]Indicators!J98 -> 255.63 | M216: =[2]Indicators!AB98 -> 35.7916 | N216: =[8]m!$C218 -> 4.13 | O216: =[9]Unemployment!$B98 -> 3.9 | P216: =[2]Surveys_m!$B98 -> 134.5 | Q216: =[5]m!$B218 -> 33.9 | R216: =[5]m!$D218 -> 35.2 | S216: =[5]m!$Q218 -> 33.4 | T216: =[6]m!B218 -> -4201 | U216: =[9]Unemployment!$F98 -> 8.9 | V216: =[9]Unemployment!$G98 -> 4.7 | W216: =[9]Unemployment!$E98 -> 3066 | X216: =[9]Unemployment!N98 -> 1680 | Y216: =[9]Unemployment!O98 -> 905 | Z216: =[9]Unemployment!P98-[9]Unemployment!Q98 -> 308 | AA216: =[9]Unemployment!$Q98 -> 182 | AB216: =[8]m!$C218 -> 4.13 | AC216: =[8]m!$F218 -> 5.75 | AD216: =[9]Employment!$B98 -> 66703 | AE216: =[2]Indicators!$AB98 -> 35.7916 | AF216: =[8]m!$AS218 -> 106.3 | AG216: =[8]m!$H218 -> 6.07 | AH216: =[8]m!$I218 -> 6.72 | AI216: =[7]m!C217 -> 3325 | AJ216: =[7]m!D217 -> 3239 | AK216: =[2]Surveys_m!$AB98 -> 54.2 | AL216: =AL217*AN216/AN217 -> 3212.911 | AN216: 65 | AQ216: =[9]LaborForce!$B97*[9]LaborForce!$C97/100 -> 78190.892 | AR216: =[9]Unemployment!$AC98 -> 207 | AS216: =[2]Indicators!BC98 -> 43.9 | AT216: =[2]Indicators!BD98 -> 37.8086 | AU216: =[2]Indicators!BE98 -> 101.5467
A217: 24807 | B217: =[2]Indicators!G99 -> 526.233 | C217: =[2]Indicators!H99 -> 77.684 | D217: =[2]Indicators!I99 -> 190.695 | E217: =[2]Indicators!J99 -> 257.853 | M217: =[2]Indicators!AB99 -> 36.1771 | N217: =[8]m!$C219 -> 4.51 | O217: =[9]Unemployment!$B99 -> 3.8 | P217: =[2]Surveys_m!$B99 -> 136.1 | Q217: =[5]m!$B219 -> 34 | R217: =[5]m!$D219 -> 35.4 | S217: =[5]m!$Q219 -> 33.7 | T217: =[6]m!B219 -> 532 | U217: =[9]Unemployment!$F99 -> 8.6 | V217: =[9]Unemployment!$G99 -> 4.8 | W217: =[9]Unemployment!$E99 -> 3018 | X217: =[9]Unemployment!N99 -> 1616 | Y217: =[9]Unemployment!O99 -> 920 | Z217: =[9]Unemployment!P99-[9]Unemployment!Q99 -> 290 | AA217: =[9]Unemployment!$Q99 -> 195 | AB217: =[8]m!$C219 -> 4.51 | AC217: =[8]m!$F219 -> 5.7 | AD217: =[9]Employment!$B99 -> 66900 | AE217: =[2]Indicators!$AB99 -> 36.1771 | AF217: =[8]m!$AS219 -> 106.8 | AG217: =[8]m!$H219 -> 6.19 | AH217: =[8]m!$I219 -> 6.93 | AI217: =[7]m!C218 -> 3581 | AJ217: =[7]m!D218 -> 3381 | AK217: =[2]Surveys_m!$AB99 -> 55.6 | AL217: =AL218*AN217/AN218 -> 3262.3404 | AN217: 66 | AQ217: =[9]LaborForce!$B98*[9]LaborForce!$C98/100 -> 78430.664 | AR217: =[9]Unemployment!$AC99 -> 196 | AS217: =[2]Indicators!BC99 -> 44.2 | AT217: =[2]Indicators!BD99 -> 37.9815 | AU217: =[2]Indicators!BE99 -> 101.6438
A218: 24838 | B218: =[2]Indicators!G100 -> 531.985 | C218: =[2]Indicators!H100 -> 79.728 | D218: =[2]Indicators!I100 -> 191.297 | E218: =[2]Indicators!J100 -> 260.959 | M218: =[2]Indicators!AB100 -> 36.1381 | N218: =[8]m!$C220 -> 4.6 | O218: =[9]Unemployment!$B100 -> 3.7 | P218: =[2]Surveys_m!$B100 -> 136.1 | Q218: =[5]m!$B220 -> 34.1 | R218: =[5]m!$D220 -> 35.5 | S218: =[5]m!$Q220 -> 33.8 | T218: =[6]m!B220 -> -3365 | U218: =[9]Unemployment!$F100 -> 9.4 | V218: =[9]Unemployment!$G100 -> 5.1 | W218: =[9]Unemployment!$E100 -> 2878 | X218: =[9]Unemployment!N100 -> 1458 | Y218: =[9]Unemployment!O100 -> 904 | Z218: =[9]Unemployment!P100-[9]Unemployment!Q100 -> 313 | AA218: =[9]Unemployment!$Q100 -> 190 | AB218: =[8]m!$C220 -> 4.6 | AC218: =[8]m!$F220 -> 5.53 | AD218: =[9]Employment!$B100 -> 66805 | AE218: =[2]Indicators!$AB100 -> 36.1381 | AF218: =[8]m!$AS220 -> 106.8 | AG218: =[8]m!$H220 -> 6.17 | AH218: =[8]m!$I220 -> 6.84 | AI218: =[7]m!C219 -> 3587 | AJ218: =[7]m!D219 -> 3478 | AK218: =[2]Surveys_m!$AB100 -> 56.6 | AL218: =AL219*AN218/AN219 -> 3311.7698 | AN218: 67 | AQ218: =[9]LaborForce!$B99*[9]LaborForce!$C99/100 -> 77618.304 | AR218: =[9]Unemployment!$AC100 -> 216 | AS218: =[2]Indicators!BC100 -> 44.3 | AT218: =[2]Indicators!BD100 -> 38.1077 | AU218: =[2]Indicators!BE100 -> 101.6215
A219: 24869 | B219: =[2]Indicators!G101 -> 534.662 | C219: =[2]Indicators!H101 -> 79.472 | D219: =[2]Indicators!I101 -> 192.956 | E219: =[2]Indicators!J101 -> 262.234 | M219: =[2]Indicators!AB101 -> 36.2676 | N219: =[8]m!$C221 -> 4.71 | O219: =[9]Unemployment!$B101 -> 3.8 | P219: =[2]Surveys_m!$B101 -> 137.9 | Q219: =[5]m!$B221 -> 34.2 | R219: =[5]m!$D221 -> 35.7 | S219: =[5]m!$Q221 -> 34 | T219: =[6]m!B221 -> -2363 | U219: =[9]Unemployment!$F101 -> 8.7 | V219: =[9]Unemployment!$G101 -> 4.5 | W219: =[9]Unemployment!$E101 -> 3001 | X219: =[9]Unemployment!N101 -> 1710 | Y219: =[9]Unemployment!O101 -> 845 | Z219: =[9]Unemployment!P101-[9]Unemployment!Q101 -> 289 | AA219: =[9]Unemployment!$Q101 -> 179 | AB219: =[8]m!$C221 -> 4.71 | AC219: =[8]m!$F221 -> 5.56 | AD219: =[9]Employment!$B101 -> 67214 | AE219: =[2]Indicators!$AB101 -> 36.2676 | AF219: =[8]m!$AS221 -> 107.9 | AG219: =[8]m!$H221 -> 6.1 | AH219: =[8]m!$I221 -> 6.8 | AI219: =[7]m!C220 -> 3753 | AJ219: =[7]m!D220 -> 3686 | AK219: =[2]Surveys_m!$AB101 -> 55 | AL219: =AL220*AN219/AN220 -> 3262.3404 | AN219: 66 | AQ219: =[9]LaborForce!$B100*[9]LaborForce!$C100/100 -> 78241.092 | AR219: =[9]Unemployment!$AC101 -> 198 | AS219: =[2]Indicators!BC101 -> 44.6 | AT219: =[2]Indicators!BD101 -> 38.2107 | AU219: =[2]Indicators!BE101 -> 101.5434
A220: 24898 | B220: =[2]Indicators!G102 -> 545.383 | C220: =[2]Indicators!H102 -> 83.377 | D220: =[2]Indicators!I102 -> 196.352 | E220: =[2]Indicators!J102 -> 265.654 | M220: =[2]Indicators!AB102 -> 36.3808 | N220: =[8]m!$C222 -> 5.05 | O220: =[9]Unemployment!$B102 -> 3.7 | P220: =[2]Surveys_m!$B102 -> 137.9 | Q220: =[5]m!$B222 -> 34.3 | R220: =[5]m!$D222 -> 35.8 | S220: =[5]m!$Q222 -> 34.1 | T220: =[6]m!B222 -> -2996 | U220: =[9]Unemployment!$F102 -> 8.5 | V220: =[9]Unemployment!$G102 -> 4.1 | W220: =[9]Unemployment!$E102 -> 2877 | X220: =[9]Unemployment!N102 -> 1651 | Y220: =[9]Unemployment!O102 -> 784 | Z220: =[9]Unemployment!P102-[9]Unemployment!Q102 -> 268 | AA220: =[9]Unemployment!$Q102 -> 179 | AB220: =[8]m!$C222 -> 5.05 | AC220: =[8]m!$F222 -> 5.74 | AD220: =[9]Employment!$B102 -> 67296 | AE220: =[2]Indicators!$AB102 -> 36.3808 | AF220: =[8]m!$AS222 -> 108.7 | AG220: =[8]m!$H222 -> 6.11 | AH220: =[8]m!$I222 -> 6.85 | AI220: =[7]m!C221 -> 3714 | AJ220: =[7]m!D221 -> 3591 | AK220: =[2]Surveys_m!$AB102 -> 53.8 | AL220: =AL221*AN220/AN221 -> 3311.7698 | AN220: 67 | AQ220: =[9]LaborForce!$B101*[9]LaborForce!$C101/100 -> 78321.552 | AR220: =[9]Unemployment!$AC102 -> 190 | AS220: =[2]Indicators!BC102 -> 44.8 | AT220: =[2]Indicators!BD102 -> 38.299 | AU220: =[2]Indicators!BE102 -> 101.4328
A221: 24929 | B221: =[2]Indicators!G103 -> 545.089 | C221: =[2]Indicators!H103 -> 81.427 | D221: =[2]Indicators!I103 -> 195.762 | E221: =[2]Indicators!J103 -> 267.9 | M221: =[2]Indicators!AB103 -> 36.4335 | N221: =[8]m!$C223 -> 5.76 | O221: =[9]Unemployment!$B103 -> 3.5 | P221: =[2]Surveys_m!$B103 -> 136.6 | Q221: =[5]m!$B223 -> 34.4 | R221: =[5]m!$D223 -> 35.9 | S221: =[5]m!$Q223 -> 34.1 | T221: =[6]m!B223 -> 3370 | U221: =[9]Unemployment!$F103 -> 8.7 | V221: =[9]Unemployment!$G103 -> 4.6 | W221: =[9]Unemployment!$E103 -> 2709 | X221: =[9]Unemployment!N103 -> 1436 | Y221: =[9]Unemployment!O103 -> 856 | Z221: =[9]Unemployment!P103-[9]Unemployment!Q103 -> 244 | AA221: =[9]Unemployment!$Q103 -> 149 | AB221: =[8]m!$C223 -> 5.76 | AC221: =[8]m!$F223 -> 5.64 | AD221: =[9]Employment!$B103 -> 67555 | AE221: =[2]Indicators!$AB103 -> 36.4335 | AF221: =[8]m!$AS223 -> 109.6 | AG221: =[8]m!$H223 -> 6.21 | AH221: =[8]m!$I223 -> 6.97 | AI221: =[7]m!C222 -> 3378 | AJ221: =[7]m!D222 -> 3587 | AK221: =[2]Surveys_m!$AB103 -> 58 | AL221: =AL222*AN221/AN222 -> 3410.6286 | AN221: 69 | AQ221: =[9]LaborForce!$B102*[9]LaborForce!$C102/100 -> 78274.035 | AR221: =[9]Unemployment!$AC103 -> 192 | AS221: =[2]Indicators!BC103 -> 44.4 | AT221: =[2]Indicators!BD103 -> 38.3885 | AU221: =[2]Indicators!BE103 -> 101.3316
A222: 24959 | B222: =[2]Indicators!G104 -> 550.896 | C222: =[2]Indicators!H104 -> 84.017 | D222: =[2]Indicators!I104 -> 197.269 | E222: =[2]Indicators!J104 -> 269.611 | M222: =[2]Indicators!AB104 -> 36.8422 | N222: =[8]m!$C224 -> 6.11 | O222: =[9]Unemployment!$B104 -> 3.5 | P222: =[2]Surveys_m!$B104 -> 136.6 | Q222: =[5]m!$B224 -> 34.5 | R222: =[5]m!$D224 -> 36 | S222: =[5]m!$Q224 -> 34.2 | T222: =[6]m!B224 -> -4538 | U222: =[9]Unemployment!$F104 -> 8.2 | V222: =[9]Unemployment!$G104 -> 4.4 | W222: =[9]Unemployment!$E104 -> 2740 | X222: =[9]Unemployment!N104 -> 1567 | Y222: =[9]Unemployment!O104 -> 745 | Z222: =[9]Unemployment!P104-[9]Unemployment!Q104 -> 259 | AA222: =[9]Unemployment!$Q104 -> 136 | AB222: =[8]m!$C224 -> 6.11 | AC222: =[8]m!$F224 -> 5.87 | AD222: =[9]Employment!$B104 -> 67652 | AE222: =[2]Indicators!$AB104 -> 36.8422 | AF222: =[8]m!$AS224 -> 110.4 | AG222: =[8]m!$H224 -> 6.27 | AH222: =[8]m!$I224 -> 7.03 | AI222: =[7]m!C223 -> 3834 | AJ222: =[7]m!D223 -> 3601 | AK222: =[2]Surveys_m!$AB104 -> 55.3 | AL222: =AL223*AN222/AN223 -> 3410.6286 | AN222: 69 | AQ222: =[9]LaborForce!$B103*[9]LaborForce!$C103/100 -> 78895.488 | AR222: =[9]Unemployment!$AC104 -> 251 | AS222: =[2]Indicators!BC104 -> 44.4 | AT222: =[2]Indicators!BD104 -> 38.5001 | AU222: =[2]Indicators!BE104 -> 101.2949
A223: 24990 | B223: =[2]Indicators!G105 -> 557.392 | C223: =[2]Indicators!H105 -> 83.808 | D223: =[2]Indicators!I105 -> 200.277 | E223: =[2]Indicators!J105 -> 273.307 | M223: =[2]Indicators!AB105 -> 36.9775 | N223: =[8]m!$C225 -> 6.07 | O223: =[9]Unemployment!$B105 -> 3.7 | P223: =[2]Surveys_m!$B105 -> 130.7 | Q223: =[5]m!$B225 -> 34.7 | R223: =[5]m!$D225 -> 36.2 | S223: =[5]m!$Q225 -> 34.2 | T223: =[6]m!B225 -> 4077 | U223: =[9]Unemployment!$F105 -> 7.9 | V223: =[9]Unemployment!$G105 -> 4.4 | W223: =[9]Unemployment!$E105 -> 2938 | X223: =[9]Unemployment!N105 -> 1755 | Y223: =[9]Unemployment!O105 -> 816 | Z223: =[9]Unemployment!P105-[9]Unemployment!Q105 -> 243 | AA223: =[9]Unemployment!$Q105 -> 162 | AB223: =[8]m!$C225 -> 6.07 | AC223: =[8]m!$F225 -> 5.72 | AD223: =[9]Employment!$B105 -> 67904 | AE223: =[2]Indicators!$AB105 -> 36.9775 | AF223: =[8]m!$AS225 -> 111.1 | AG223: =[8]m!$H225 -> 6.28 | AH223: =[8]m!$I225 -> 7.07 | AI223: =[7]m!C224 -> 3719 | AJ223: =[7]m!D224 -> 3752 | AK223: =[2]Surveys_m!$AB105 -> 53.5 | AL223: =AL224*AN223/AN224 -> 3410.6286 | AN223: 69 | AQ223: =[9]LaborForce!$B104*[9]LaborForce!$C104/100 -> 79123.2 | AR223: =[9]Unemployment!$AC105 -> 199 | AS223: =[2]Indicators!BC105 -> 44.6 | AT223: =[2]Indicators!BD105 -> 38.6441 | AU223: =[2]Indicators!BE105 -> 101.3489
... A265: 26268 | B265: =[2]Indicators!G147 -> 730.233 | C265: =[2]Indicators!H147 -> 107.405 | D265: =[2]Indicators!I147 -> 245.584 | E265: =[2]Indicators!J147 -> 377.244 | M265: =[2]Indicators!AB147 -> 39.0131 | N265: =[8]m!$C267 -> 4.14 | O265: =[9]Unemployment!$B147 -> 6 | P265: =[2]Surveys_m!$B147 -> 85 | Q265: =[5]m!$B267 -> 41.1 | R265: =[5]m!$D267 -> 43.3 | S265: =[5]m!$Q267 -> 38.6 | T265: =[6]m!B267 -> -274 | U265: =[9]Unemployment!$F147 -> 11.5 | V265: =[9]Unemployment!$G147 -> 6.2 | W265: =[9]Unemployment!$E147 -> 5154 | X265: =[9]Unemployment!N147 -> 2320 | Y265: =[9]Unemployment!O147 -> 1518 | Z265: =[9]Unemployment!P147-[9]Unemployment!Q147 -> 700 | AA265: =[9]Unemployment!$Q147 -> 583 | AB265: =[8]m!$C267 -> 4.14 | AC265: =[8]m!$F267 -> 5.93 | AD265: =[9]Employment!$B147 -> 72108 | AE265: =[2]Indicators!$AB147 -> 39.0131 | AF265: =[8]m!$AS267 -> 146.9 | AG265: =[8]m!$H267 -> 7.25 | AH265: =[8]m!$I267 -> 8.38 | AI265: =[7]m!C266 -> 4613 | AJ265: =[7]m!D266 -> 4772 | AK265: =[2]Surveys_m!$AB147 -> 57.6 | AL265: =AL266*AN265/AN266 -> 2768.0464 | AN265: 56 | AQ265: =[9]LaborForce!$B146*[9]LaborForce!$C146/100 -> 85566.264 | AR265: =[9]Unemployment!$AC147 -> 278 | AS265: =[2]Indicators!BC147 -> 46.5 | AT265: =[2]Indicators!BD147 -> 43.4039 | AU265: =[2]Indicators!BE147 -> 102.407
A266: 26299 | B266: =[2]Indicators!G148 -> 733.393 | C266: =[2]Indicators!H148 -> 110.526 | D266: =[2]Indicators!I148 -> 243.229 | E266: =[2]Indicators!J148 -> 379.638 | M266: =[2]Indicators!AB148 -> 39.9505 | N266: =[8]m!$C268 -> 3.5 | O266: =[9]Unemployment!$B148 -> 5.8 | P266: =[2]Surveys_m!$B148 -> 85 | Q266: =[5]m!$B268 -> 41.2 | R266: =[5]m!$D268 -> 43.5 | S266: =[5]m!$Q268 -> 38.8 | T266: =[6]m!B268 -> -1876 | U266: =[9]Unemployment!$F148 -> 12.1 | V266: =[9]Unemployment!$G148 -> 6.2 | W266: =[9]Unemployment!$E148 -> 5019 | X266: =[9]Unemployment!N148 -> 2324 | Y266: =[9]Unemployment!O148 -> 1489 | Z266: =[9]Unemployment!P148-[9]Unemployment!Q148 -> 664 | AA266: =[9]Unemployment!$Q148 -> 593 | AB266: =[8]m!$B268 -> 3.38 | AC266: =[8]m!$F268 -> 5.95 | AD266: =[9]Employment!$B148 -> 72445 | AE266: =[2]Indicators!$AB148 -> 39.9505 | AF266: =[8]m!$AS268 -> 147.7 | AG266: =[8]m!$H268 -> 7.19 | AH266: =[8]m!$I268 -> 8.23 | AI266: =[7]m!C267 -> 5298 | AJ266: =[7]m!D267 -> 5485 | AK266: =[2]Surveys_m!$AB148 -> 59.6 | AL266: =AL267*AN266/AN267 -> 2916.3346 | AN266: 59 | AQ266: =[9]LaborForce!$B147*[9]LaborForce!$C147/100 -> 85927.072 | AR266: =[9]Unemployment!$AC148 -> 279 | AS266: =[2]Indicators!BC148 -> 47 | AT266: =[2]Indicators!BD148 -> 43.8558 | AU266: =[2]Indicators!BE148 -> 103.2042
A267: 26330 | B267: =[2]Indicators!G149 -> 738.089 | C267: =[2]Indicators!H149 -> 109.285 | D267: =[2]Indicators!I149 -> 246.597 | E267: =[2]Indicators!J149 -> 382.207 | M267: =[2]Indicators!AB149 -> 40.3262 | N267: =[8]m!$C269 -> 3.29 | O267: =[9]Unemployment!$B149 -> 5.7 | P267: =[2]Surveys_m!$B149 -> 93.6 | Q267: =[5]m!$B269 -> 41.4 | R267: =[5]m!$D269 -> 43.6 | S267: =[5]m!$Q269 -> 39.2 | T267: =[6]m!B269 -> -3523 | U267: =[9]Unemployment!$F149 -> 12.4 | V267: =[9]Unemployment!$G149 -> 6.6 | W267: =[9]Unemployment!$E149 -> 4928 | X267: =[9]Unemployment!N149 -> 2111 | Y267: =[9]Unemployment!O149 -> 1470 | Z267: =[9]Unemployment!P149-[9]Unemployment!Q149 -> 641 | AA267: =[9]Unemployment!$Q149 -> 651 | AB267: =[8]m!$B269 -> 3.2 | AC267: =[8]m!$F269 -> 6.08 | AD267: =[9]Employment!$B149 -> 72652 | AE267: =[2]Indicators!$AB149 -> 40.3262 | AF267: =[8]m!$AS269 -> 148.9 | AG267: =[8]m!$H269 -> 7.27 | AH267: =[8]m!$I269 -> 8.23 | AI267: =[7]m!C268 -> 5565 | AJ267: =[7]m!D268 -> 5827 | AK267: =[2]Surveys_m!$AB149 -> 60.6 | AL267: =AL268*AN267/AN268 -> 2965.764 | AN267: 60 | AQ267: =[9]LaborForce!$B148*[9]LaborForce!$C148/100 -> 86095.632 | AR267: =[9]Unemployment!$AC149 -> 269 | AS267: =[2]Indicators!BC149 -> 47.5 | AT267: =[2]Indicators!BD149 -> 44.2538 | AU267: =[2]Indicators!BE149 -> 103.8699
A268: 26359 | B268: =[2]Indicators!G150 -> 751.153 | C268: =[2]Indicators!H150 -> 112.3 | D268: =[2]Indicators!I150 -> 251.294 | E268: =[2]Indicators!J150 -> 387.559 | M268: =[2]Indicators!AB150 -> 40.6295 | N268: =[8]m!$C270 -> 3.83 | O268: =[9]Unemployment!$B150 -> 5.8 | P268: =[2]Surveys_m!$B150 -> 93.6 | Q268: =[5]m!$B270 -> 41.4 | R268: =[5]m!$D270 -> 43.6 | S268: =[5]m!$Q270 -> 39.2 | T268: =[6]m!B270 -> -5105 | U268: =[9]Unemployment!$F150 -> 12.3 | V268: =[9]Unemployment!$G150 -> 6.6 | W268: =[9]Unemployment!$E150 -> 5038 | X268: =[9]Unemployment!N150 -> 2303 | Y268: =[9]Unemployment!O150 -> 1418 | Z268: =[9]Unemployment!P150-[9]Unemployment!Q150 -> 600 | AA268: =[9]Unemployment!$Q150 -> 632 | AB268: =[8]m!$B270 -> 3.73 | AC268: =[8]m!$F270 -> 6.07 | AD268: =[9]Employment!$B150 -> 72945 | AE268: =[2]Indicators!$AB150 -> 40.6295 | AF268: =[8]m!$AS270 -> 150.8 | AG268: =[8]m!$H270 -> 7.24 | AH268: =[8]m!$I270 -> 8.24 | AI268: =[7]m!C269 -> 5315 | AJ268: =[7]m!D269 -> 5864 | AK268: =[2]Surveys_m!$AB150 -> 59.8 | AL268: =AL269*AN268/AN269 -> 3064.6228 | AN268: 62 | AQ268: =[9]LaborForce!$B149*[9]LaborForce!$C149/100 -> 86673.51 | AR268: =[9]Unemployment!$AC150 -> 254 | AS268: =[2]Indicators!BC150 -> 47.8 | AT268: =[2]Indicators!BD150 -> 44.571 | AU268: =[2]Indicators!BE150 -> 104.3426
A269: 26390 | B269: =[2]Indicators!G151 -> 754.546 | C269: =[2]Indicators!H151 -> 112.859 | D269: =[2]Indicators!I151 -> 252.197 | E269: =[2]Indicators!J151 -> 389.49 | M269: =[2]Indicators!AB151 -> 41.0439 | N269: =[8]m!$C271 -> 4.17 | O269: =[9]Unemployment!$B151 -> 5.7 | P269: =[2]Surveys_m!$B151 -> 95.1 | Q269: =[5]m!$B271 -> 41.5 | R269: =[5]m!$D271 -> 43.8 | S269: =[5]m!$Q271 -> 39.3 | T269: =[6]m!B271 -> 5936 | U269: =[9]Unemployment!$F151 -> 12.4 | V269: =[9]Unemployment!$G151 -> 6.7 | W269: =[9]Unemployment!$E151 -> 4959 | X269: =[9]Unemployment!N151 -> 2229 | Y269: =[9]Unemployment!O151 -> 1500 | Z269: =[9]Unemployment!P151-[9]Unemployment!Q151 -> 530 | AA269: =[9]Unemployment!$Q151 -> 673 | AB269: =[8]m!$B271 -> 3.71 | AC269: =[8]m!$F271 -> 6.19 | AD269: =[9]Employment!$B151 -> 73163 | AE269: =[2]Indicators!$AB151 -> 41.0439 | AF269: =[8]m!$AS271 -> 152.3 | AG269: =[8]m!$H271 -> 7.3 | AH269: =[8]m!$I271 -> 8.24 | AI269: =[7]m!C270 -> 5359 | AJ269: =[7]m!D270 -> 5906 | AK269: =[2]Surveys_m!$AB151 -> 59.3 | AL269: =AL270*AN269/AN270 -> 3064.6228 | AN269: 62 | AQ269: =[9]LaborForce!$B150*[9]LaborForce!$C150/100 -> 86663.732 | AR269: =[9]Unemployment!$AC151 -> 258 | AS269: =[2]Indicators!BC151 -> 47.9 | AT269: =[2]Indicators!BD151 -> 44.8241 | AU269: =[2]Indicators!BE151 -> 104.6628
A270: 26420 | B270: =[2]Indicators!G152 -> 760.003 | C270: =[2]Indicators!H152 -> 114.52 | D270: =[2]Indicators!I152 -> 255.375 | E270: =[2]Indicators!J152 -> 390.108 | M270: =[2]Indicators!AB152 -> 41.0279 | N270: =[8]m!$C272 -> 4.27 | O270: =[9]Unemployment!$B152 -> 5.7 | P270: =[2]Surveys_m!$B152 -> 95.1 | Q270: =[5]m!$B272 -> 41.6 | R270: =[5]m!$D272 -> 43.9 | S270: =[5]m!$Q272 -> 39.5 | T270: =[6]m!B272 -> -2505 | U270: =[9]Unemployment!$F152 -> 12.3 | V270: =[9]Unemployment!$G152 -> 6.6 | W270: =[9]Unemployment!$E152 -> 4922 | X270: =[9]Unemployment!N152 -> 2192 | Y270: =[9]Unemployment!O152 -> 1534 | Z270: =[9]Unemployment!P152-[9]Unemployment!Q152 -> 588 | AA270: =[9]Unemployment!$Q152 -> 580 | AB270: =[8]m!$B272 -> 3.69 | AC270: =[8]m!$F272 -> 6.13 | AD270: =[9]Employment!$B152 -> 73467 | AE270: =[2]Indicators!$AB152 -> 41.0279 | AF270: =[8]m!$AS272 -> 154.2 | AG270: =[8]m!$H272 -> 7.3 | AH270: =[8]m!$I272 -> 8.23 | AI270: =[7]m!C271 -> 5231 | AJ270: =[7]m!D271 -> 5826 | AK270: =[2]Surveys_m!$AB152 -> 61.4 | AL270: =AL271*AN270/AN271 -> 3163.4816 | AN270: 64 | AQ270: =[9]LaborForce!$B151*[9]LaborForce!$C151/100 -> 86830.436 | AR270: =[9]Unemployment!$AC152 -> 265 | AS270: =[2]Indicators!BC152 -> 48.1 | AT270: =[2]Indicators!BD152 -> 45.0444 | AU270: =[2]Indicators!BE152 -> 104.9057
A271: 26451 | B271: =[2]Indicators!G153 -> 763.668 | C271: =[2]Indicators!H153 -> 114.818 | D271: =[2]Indicators!I153 -> 255.334 | E271: =[2]Indicators!J153 -> 393.515 | M271: =[2]Indicators!AB153 -> 41.1391 | N271: =[8]m!$C273 -> 4.46 | O271: =[9]Unemployment!$B153 -> 5.7 | P271: =[2]Surveys_m!$B153 -> 98.9 | Q271: =[5]m!$B273 -> 41.7 | R271: =[5]m!$D273 -> 44 | S271: =[5]m!$Q273 -> 39.7 | T271: =[6]m!B273 -> 2218 | U271: =[9]Unemployment!$F153 -> 12.4 | V271: =[9]Unemployment!$G153 -> 5.4 | W271: =[9]Unemployment!$E153 -> 4923 | X271: =[9]Unemployment!N153 -> 2279 | Y271: =[9]Unemployment!O153 -> 1489 | Z271: =[9]Unemployment!P153-[9]Unemployment!Q153 -> 591 | AA271: =[9]Unemployment!$Q153 -> 550 | AB271: =[8]m!$B273 -> 3.91 | AC271: =[8]m!$F273 -> 6.11 | AD271: =[9]Employment!$B153 -> 73760 | AE271: =[2]Indicators!$AB153 -> 41.1391 | AF271: =[8]m!$AS273 -> 156.2 | AG271: =[8]m!$H273 -> 7.23 | AH271: =[8]m!$I273 -> 8.2 | AI271: =[7]m!C272 -> 5293 | AJ271: =[7]m!D272 -> 5895 | AK271: =[2]Surveys_m!$AB153 -> 58.6 | AL271: =AL272*AN271/AN272 -> 3163.4816 | AN271: 64 | AQ271: =[9]LaborForce!$B152*[9]LaborForce!$C152/100 -> 86995.328 | AR271: =[9]Unemployment!$AC153 -> 267 | AS271: =[2]Indicators!BC153 -> 48.3 | AT271: =[2]Indicators!BD153 -> 45.266 | AU271: =[2]Indicators!BE153 -> 105.1508
A272: 26481 | B272: =[2]Indicators!G154 -> 772.02 | C272: =[2]Indicators!H154 -> 116.627 | D272: =[2]Indicators!I154 -> 257.98 | E272: =[2]Indicators!J154 -> 397.413 | M272: =[2]Indicators!AB154 -> 41.1281 | N272: =[8]m!$C274 -> 4.55 | O272: =[9]Unemployment!$B154 -> 5.6 | P272: =[2]Surveys_m!$B154 -> 98.9 | Q272: =[5]m!$B274 -> 41.8 | R272: =[5]m!$D274 -> 44.1 | S272: =[5]m!$Q274 -> 40 | T272: =[6]m!B274 -> -3292 | U272: =[9]Unemployment!$F154 -> 11.8 | V272: =[9]Unemployment!$G154 -> 6.1 | W272: =[9]Unemployment!$E154 -> 4913 | X272: =[9]Unemployment!N154 -> 2248 | Y272: =[9]Unemployment!O154 -> 1515 | Z272: =[9]Unemployment!P154-[9]Unemployment!Q154 -> 635 | AA272: =[9]Unemployment!$Q154 -> 519 | AB272: =[8]m!$B274 -> 3.98 | AC272: =[8]m!$F274 -> 6.11 | AD272: =[9]Employment!$B154 -> 73709 | AE272: =[2]Indicators!$AB154 -> 41.1281 | AF272: =[8]m!$AS274 -> 157.3 | AG272: =[8]m!$H274 -> 7.21 | AH272: =[8]m!$I274 -> 8.23 | AI272: =[7]m!C273 -> 5382 | AJ272: =[7]m!D273 -> 5877 | AK272: =[2]Surveys_m!$AB154 -> 60.1 | AL272: =AL273*AN272/AN273 -> 3262.3404 | AN272: 66 | AQ272: =[9]LaborForce!$B153*[9]LaborForce!$C153/100 -> 87148.14 | AR272: =[9]Unemployment!$AC154 -> 350 | AS272: =[2]Indicators!BC154 -> 48.8 | AT272: =[2]Indicators!BD154 -> 45.5212 | AU272: =[2]Indicators!BE154 -> 105.4736
A273: 26512 | B273: =[2]Indicators!G155 -> 778.469 | C273: =[2]Indicators!H155 -> 118.261 | D273: =[2]Indicators!I155 -> 259.567 | E273: =[2]Indicators!J155 -> 400.641 | M273: =[2]Indicators!AB155 -> 41.6686 | N273: =[8]m!$C275 -> 4.8 | O273: =[9]Unemployment!$B155 -> 5.6 | P273: =[2]Surveys_m!$B155 -> 104.1 | Q273: =[5]m!$B275 -> 41.9 | R273: =[5]m!$D275 -> 44.3 | S273: =[5]m!$Q275 -> 40.1 | T273: =[6]m!B275 -> -2587 | U273: =[9]Unemployment!$F155 -> 11.8 | V273: =[9]Unemployment!$G155 -> 6 | W273: =[9]Unemployment!$E155 -> 4939 | X273: =[9]Unemployment!N155 -> 2285 | Y273: =[9]Unemployment!O155 -> 1541 | Z273: =[9]Unemployment!P155-[9]Unemployment!Q155 -> 619 | AA273: =[9]Unemployment!$Q155 -> 537 | AB273: =[8]m!$B275 -> 4.02 | AC273: =[8]m!$F275 -> 6.21 | AD273: =[9]Employment!$B155 -> 74137 | AE273: =[2]Indicators!$AB155 -> 41.6686 | AF273: =[8]m!$AS275 -> 158.9 | AG273: =[8]m!$H275 -> 7.19 | AH273: =[8]m!$I275 -> 8.19 | AI273: =[7]m!C274 -> 5618 | AJ273: =[7]m!D274 -> 5930 | AK273: =[2]Surveys_m!$AB155 -> 61.7 | AL273: =AL274*AN273/AN274 -> 3361.1992 | AN273: 68 | AQ273: =[9]LaborForce!$B154*[9]LaborForce!$C154/100 -> 87580.332 | AR273: =[9]Unemployment!$AC155 -> 247 | AS273: =[2]Indicators!BC155 -> 49.5 | AT273: =[2]Indicators!BD155 -> 45.8258 | AU273: =[2]Indicators!BE155 -> 105.9103
...
