Workbook

Sheet Directions and Score
C2: The Green Office Program is designed to promote sustainable practices for faculty and staff at the University of Colorado through our Green Office Certification which integrates many of CU’s campus sustainability initiatives, including transportation, recycling, and energy. The goal of this program is to help people reduce their footprint and impact the overall wellbeing of our planet.
B5: Thank you for taking the first step towards becoming Green Office Certified. Your contribution to the sustainability successes at CU-Boulder is important. This form can be completed and continuously revised to reflect ongoing improvements your office makes during and following certification.
B7: Directions:
B9: Use the tabs below (Contact Info, Energy, Recycling & Events, etc.) to navigate to individual sections and enter the data about your office practices. Scroll down on this page to see a summary report.
B11: Note: Some sections require that you collect information from your colleagues. This will take more or less time depending on the size of your department.
B13: Please type comments in the margins if you feel as though your score needs explanation or if the question requests you do so.
B16: Questions? Please do not hesitate to call or email: Rachel Hawkins, Program Coordinator at 303-492-8308 or Greenoffice@colorado.edu
C19: Green Office Categories | E19: Possible Points | G19: Points Earned
B21: 1 | C21: Recycling & Events | E21: ='Recycling & Events'!F30 -> 19 | G21: ='Recycling & Events'!E30 -> 0
B23: 2 | C23: Energy | E23: =Energy!E51 -> 32 | G23: =Energy!D51 -> 0
B25: 3 | C25: Purchasing | E25: =Purchasing!E27 -> 14 | G25: =Purchasing!D27 -> 0
B27: 4 | C27: Reduction of Waste | E27: ='Reduction of Waste'!E38 -> 21 | G27: ='Reduction of Waste'!D38 -> 0
B29: 5 | C29: Transportation | E29: =Transportation!E23 -> 16 | G29: =Transportation!D23 -> 0
C31: TOTAL | E31: =SUM(E21+E23+E25+E27+E29) -> 102 | G31: =SUM(G23+G21+G25+G27) -> 0
C33: BONUS
B35: 6 | C35: Innovation BONUS | E35: =Innovation!E21 -> 4 | G35: =Innovation!D21 -> 0
C37: TOTAL (+Bonus) | E37: =E21+E23+E25+E27+E29 -> 102 | G37: =SUM(G23+G21+G25+G27+G29+G35) -> 0
C39: TOTAL PERCENTAGE: Your Score= | G39: =(G37/E37)*100 -> 0

Sheet Contact Info
C2: Office/ Department Name
A3: ENTER DEPARTMENT NAME | B3: Dept. | C3: ENTER DEPARTMENT NAME
C6: EcoLeader Information
B8: Tit. | C8: ENTER CONTACT TITLE
B10: Name | C10: ENTER CONTACT NAME | I10: Enter text in boxes with green font
B12: Email | C12: ENTER CONTACT EMAIL
C14: General Office Members' Contact Information
C16: Employee Name | E16: Email
C17: ENTER NAMES | E17: ENTER EMAILS | I17: You do not need to enter all office member's information, but please include those who are interested in the program

Sheet Recycling & Events
C2: 1. Recycling & Events | H2: Comments | J2: Click here to return to Summary page
C4: Green Actions
C5: ACTION | D5: Credit | E5: Points Eearned | F5: Total Possible Points
C7: A) Recycling procedures were discussed at staff meeting | D7: 2 Pts, Enter "YES" or "NO" in cell below this one. | E7: =IF(D8="Yes", "3", 0) -> 0 | F7: 3
D8: NO
C10: B) Recycling signs/posters are posted | D10: 2 Pts, Enter "YES" or "NO" in cell below this one. | E10: =IF(D11="Yes", "2", 0) -> 0 | F10: 2 | J10: FILL IN THE GREEN CELLS ONLY
D11: NO | J11: CALCULATIONS ARE DONE AUTOMATICALLY
C13: C) Recycling Bins in all common areas where trash bins are present | D13: 6 Pts, Enter "YES", "NO", or "N/A" in cell below this one.
C14: Deskside-next to all trash bins | D14: NO | E14: =IF(D14="yes","2",0) -> 0 | F14: 2
C15: Kitchen/lounge | D15: NO | E15: =IF(D15="yes","2",0) -> 0 | F15: =(IF(OR(D15="yes",D15="no"),"2","0")) -> 2
C16: Mail room/copy room | D16: NO | E16: =IF(D16="yes","2",0) -> 0 | F16: =(IF(OR(D16="yes",D16="no"),"2","0")) -> 2
C18: D) Copier and Printer Toners are recyled | D18: 2 Pts, Enter "YES" "NO" or "N/A" in cell below this one. | E18: =IF(D19="Yes", "2", 0) -> 0 | F18: =(IF(OR(D19="yes",D19="no"),"2","0")) -> 2
D19: NO
C21: E) Special materials are collected -Disks, transparencies, tyvek | D21: 2 Pts, Enter "YES" "NO" or "N/A" in cell below this one. | E21: =IF(D22="Yes", "2", 0) -> 0 | F21: =(IF(OR(D22="yes",D22="no"),"2","0")) -> 2
D22: NO
C24: F) Contact Property Services to dispose of big office equipment to see if they can be salvaged | D24: 2 Pts, Enter "YES", "NO", or "N/A" in cell below this one. | E24: =IF(D25="Yes", "2", 0) -> 0 | F24: =(IF(OR(D25="yes",D25="no"),"2","0")) -> 2
D25: NO
C27: G) Do you ever have and/or plan events? | D27: 2 Pts, Enter "YES", "NO", or N/A in cell below this one. | F27: =(IF(OR(D28="yes",D28="no"),"2","0")) -> 2
C28: If yes...Are they Zero Waste events? | D28: NO | E28: =IF(D28="Yes","2",0) -> 0
C30: Total Events & Waste Points | E30: =SUM(E7+E10+E21+E24+E28+E14+E15+E16) -> 0 | F30: =SUM(F7+F10+F13+F21+F24+F14+F15+F16+F18+F27) -> 19

Sheet Energy
B2: 2. Energy | G2: Comments | I2: Click here to return to Summary page
B5: A) Computer Monitors | C5: 1 Pt for every 33% | D5: =IF(C6=0,"0",(3*(C7/C6))) -> 0 | E5: 3
B6: Total # Monitors | C6: 0 | I6: If a practice doesn't apply to you type N/A in green cell.
B7: Total # Monitors on 15 min timers for stand-by/sleep mode | C7: 0
B9: B) Equipment Inventory | C9: No point value
B10: # Multi-function Copiers | C10: 0
B11: # Desk-side Printers | C11: 0
B12: # Fax Machines | C12: 0
B13: # Scanners | C13: 0
B15: Total Green IT Points | D15: =#REF!+#REF!+#REF!+#REF!+D5 -> #REF! | E15: =SUM(E5:E7)+#REF! -> #REF!
B16: C) Is your Copier Energy Star rated? | C16: 2 Pts, Enter "YES" or "NO" in cell below this one. | D16: =IF(C17="Yes", "2", 0) -> 0 | E16: 2
C17: NO
B19: D) Do you have any standalone machines including desk-side printers, fax machines, or scanners? If yes, 3 points will be deducted. | C19: 3 Pts, Enter "YES" or "NO" in cell below this one. | D19: =IF(C20="Yes", "0", 3) -> 0 | E19: 3 | I19: FILL IN THE GREEN CELLS ONLY
C20: YES | I20: CALCULATIONS ARE DONE AUTOMATICALLY
B22: E) Compact fluorescent light bulbs are in all floor and desk lamps with screw-in bulbs. | C22: 2 Pts, Enter "YES" or "NO" in cell below this one. | D22: =IF(C23="Yes", "3", 0) -> 0 | E22: 3
C23: NO
B25: F) Computers shut down completely at night | C25: 1 Pt for every 33% | D25: =IF(C26=0,"0",(3*(C27/C26))) -> 0 | E25: 3
B26: Total # Computers | C26: 0
B27: Total # Computers turned off at night | C27: 0
B29: G) Office has installed power strips that are turned off when staff leaves office for the day (for small appliances too) | C29: 2 Pts, Enter "YES" or "NO" in cell below this one. | D29: =IF(C30="Yes", "2", 0) -> 0 | E29: 2
C30: NO
B32: H) Light | C32: 8 Pts, Enter "YES", "NO", or "N/A" in cell below this one. | D32: =IF(C33="Yes", "2", 0) -> 0 | E32: =(IF(OR(C33="yes",C33="no"),"2","0")) -> 2
B33: 1. Natural Light is used | C33: NO
B34: 2. Light sensors are used | C34: NO | D34: =IF(C34="yes","2",0) -> 0 | E34: =(IF(OR(C34="yes",C34="no"),"2","0")) -> 2
B35: 3. Lights are turned off when not in use | C35: NO | D35: =IF(C35="Yes","2",0) -> 0 | E35: 2
B36: 4. Signs are posted on/near switches | C36: NO | D36: =IF(C36="Yes","2",0) -> 0 | E36: 2
B37: 5. Number of light switches | C37: 0
B39: I)Thermostat settings are regulated 68° or below in winter& 75° or above in sum | C39: 2 Pts, Enter "YES", "NO", or "N/A" in cell below this one. | D39: =IF(C40="Yes","2",0) -> 0 | E39: =(IF(OR(C40="yes",C40="no"),"2","0")) -> 2
C40: NO
B42: J) Windows are shut at night and during cold weather | C42: 2 Pts, Enter "YES", "NO", or "N/A" in cell below this one. | D42: =IF(C43="Yes","2",0) -> 0 | E42: =(IF(OR(C43="yes",C43="no"),"2","0")) -> 2
C43: NO
B45: K) Refrigerator Temperature is 37° F and freezer is 3-5°F | C45: 2 Pts, Enter "YES", "NO", or "N/A" in cell below this one. | D45: =IF(C46="Yes","2",0) -> 0 | E45: =(IF(OR(C46="yes",C46="no"),"2","0")) -> 2
C46: NO
B48: L) Signs are posted about turning off appliances | C48: 2 Pts, Enter "YES", "NO", or "N/A" in cell below this one. | D48: =IF(C49="Yes","2",0) -> 0 | E48: =(IF(OR(C49="yes",C49="no"),"2","0")) -> 2
C49: NO
B51: Total Energy Points | D51: =SUM(D5+D9+D19+D22+D25+D29+D32+D45+D34+D35+D36+D39+D42+D48) -> 0 | E51: =E5+E9+E19+E22+E25+E29+E32+E39+E42+E45+E34+E35+E36+E16+E48 -> 32

Sheet Purchasing
B2: 3.Purchasing | G2: Comments | I2: Click here to return to Summary page
B4: Green Actions
B5: ACTION | C5: Credit | D5: Points Eearned | E5: Total Possible Points
B7: A) Purchase white paper with at least 30% recycled content: * choose only one category (30%,50%,100%) | C7: Pts, Enter "YES" or "NO" in cell below this one. | D7: =IF(C8="Yes", "2", 0) -> 0 | E7: 2
B8: 30% recycled content | C8: NO
B9: 50% recycled content | C9: NO | D9: =IF(C9="Yes","3",0) -> 0 | E9: 3
B10: 100% recycled content | C10: NO | D10: =IF(C10="Yes","4",0) -> 0 | E10: 4
B12: B) New appliances are purchased with Energy Star or similar models. | C12: 2 Pts, Enter "YES" or "NO" in cell below this one. | D12: =IF(C13="Yes", "2", 0) -> 0 | E12: =IF(C13="n/a", "N/A", 2) -> 2 | I12: FILL IN THE GREEN CELLS ONLY
C13: NO | I13: CALCULATIONS ARE DONE AUTOMATICALLY
B15: C) Purchase Green Cleaners (non-toxic; biodegradable). | C15: 2 Pts, Enter "YES", "NO", or "N/A" in cell below this one. | D15: =IF(C16="Yes", "2", 0) -> 0 | E15: =(IF(OR(C16="yes",C16="no"),"2","0")) -> 2
B16: COMMENT REQURIED: Please note where they are purchased and what kind. | C16: NO
B18: D) Purchase environmentally friendly--recycled content, non-toxic, remanufactured-- products (colored paper, notepads, legal pads, post-its...) | C18: 2 Pts, Enter "YES" or "NO" in cell below this one. | D18: =IF(C19="Yes", "2", 0) -> 0 | E18: 2
C19: NO
B21: E) Purchase furniture with recycled content, certified wood | C21: 2 Pts, Enter "YES" or "NO" in cell below this one. | D21: =IF(C22="Yes", "2", 0) -> 0 | E21: 2
C22: NO
B24: F) Check with Property Services to see if they have surplus office furniture before purchasing | C24: 2 Pts, Enter "YES" or "NO" in cell below this one. | D24: =IF(C25="Yes", "2", 0) -> 0 | E24: 2
C25: NO
B27: Total Events & Waste Points | D27: =SUM(D7+D9+D10+D12+D15+D18+D21+D24) -> 0 | E27: =E10+E12+E15+E18+E21+E24 -> 14

Sheet Reduction of Waste
B2: 4. Reduction of Waste | G2: Comments | I2: Click here to return to Summary page
B4: Green Recycling Actions
B5: ACTION | C5: Credit | D5: Points Earned | E5: Total Possible Points
B7: A) Memos, forms, and newsletters are sent electronically. Other documents are printed only when necessary | C7: 3 Pt, Enter "YES" or "NO" in cell below this one. | D7: =IF(C8="Yes", "3", 0) -> 0 | E7: 3 | I7: FILL IN THE GREEN CELLS ONLY
C8: NO | I8: CALCULATIONS ARE DONE AUTOMATICALLY
B11: B)Both sides of paper are used/Double Sided is set as Default | C11: 3 Pt, Enter "YES" or "NO" in cell below this one. | D11: =IF(C12="Yes", "3", 0) -> 0 | E11: 3
C12: NO
B14: C) There a printer/copier tray desginated for single sided printing that uses scrap paper only | C14: 2 Pt, Enter "YES" or "NO" in cell below this one. | D14: =IF(C15="Yes", "2", 0) -> 0 | E14: 2
C15: NO
B17: D) There is an area designated for sharing office supplies that can be reused - folders, file clips, covers, pens… | C17: 2 Pt, Enter "YES" or "NO" in cell below this one. | D17: =IF(C18="Yes", "2", 0) -> 0 | E17: 2
C18: NO
B20: E) Reuse used paper for scratch paper and area designated for this scratch paper | C20: 2 Pt, Enter "YES" or "NO" in cell below this one. | D20: =IF(C21="Yes", "2", 0) -> 0 | E20: 2
C21: NO
B23: F) Are Bright/dark (astrobright) paper and/or plastic covers used in print jobs? If yes, 2 points will be deducted | C23: 2 Pts, Enter "YES" or "NO" in cell below this one. | D23: =IF(C24="Yes", "0", 2) -> 0 | E23: 2
C24: YES
B26: G) Do you accurately estimate large quantities of copies, catalogs, brochures so that there isn't a huge surplus | C26: 2 Pts, Enter "YES" or "NO" in cell below this one. | D26: =IF(C27="Yes", "2", 0) -> 0 | E26: 2
C27: NO
B29: H) Make an effort to minimize packaging by consolidating purchasing orders to once a week/twice a week... | C29: 2 Pts, Enter "YES" or "NO" in cell below this one. | D29: =IF(C30="Yes", "2", 0) -> 0 | E29: 2
C30: NO
B32: I) Use resuable cups, dishes, mugs, utensils in the kitchen | C32: 2 Pts, Enter "YES", "NO", or "N/A" in cell below this one. | D32: =IF(C33="Yes", "2", 0) -> 0 | E32: =(IF(OR(C33="yes",C33="no"),"2","0")) -> 2
C33: NO
B35: J) Reuse plastic grocery bags | C35: 1 Pts, Enter "YES", "NO", or "N/A" in cell below this one. | D35: =IF(C36="Yes", "2", 0) -> 0 | E35: 1
C36: NO
B38: Total Recycling Points | D38: =SUM(D7+D11+D14+D17+D20+D23+D26+D29+D32+D35) -> 0 | E38: =E7+E11+E14+E17+E20+E23+E26+E29+E32+E35 -> 21

Sheet Transportation
B2: 5. Transportation | G2: Comments | I2: Click here to return to Summary page
B4: Green Transportation Actions
B5: ACTION | C5: Credit | D5: Points Earned | E5: Total Possible Points | I5: FILL IN THE GREEN CELLS ONLY
I6: CALCULATIONS ARE DONE AUTOMATICALLY
B7: A) Modes of Transport Used Majority of Time to Get to Work | C7: Enter # of People | D7: =IF(C8=0,"0",(10*(C9/C8))+(10*(C10/C8))+(10*(C11/C8))) -> 0 | E7: 10
B8: Total # Employees in office | C8: 0 | I8: If people use more than one of these methods to get to work please enter them in only one category. (i.e. If John bikes some days and carpools others enter him for either the bike/walk or carpool cell). If you are unsure of how many people bike/walk- feel free to estimate.
B9: Total # Bikers/walkers (3 points for every 25%) | C9: 0
B10: Total # People that take public transportation (3 points for every 25%) | C10: 0
B11: Total # People that carpool/vanpool (3 points for every 25%) | C11: 0
B14: B) Do you ever check out vehicles from Transportation Services? If so are they hybrids? | C14: 2 Pts, Enter "YES", "NO", or "N/A" in cell below this one. | D14: =IF(C15="Yes", "2", "0") -> 0 | E14: =(IF(OR(C15="yes",C15="no"),"2","0")) -> 2
C15: NO
B17: C) Do you ever rent bikes from the CU Bike Station to run errands? (there are bike trucks available too!) | C17: 2 Pts, Enter "YES" or "NO" in cell below this one. | D17: =IF(C18="Yes", "2", "0") -> 0 | E17: 2
C18: NO
B20: D) Do you have a designated department bike? | C20: 2 Pts, Enter "YES" or "NO" in cell below this one. | D20: =IF(C21="Yes", "2", "0") -> 0 | E20: 2
C21: NO
B23: Total Transportation Points | D23: =SUM(D7+D14+D17+D20) -> 0 | E23: =SUM(E7+E14+E17+E20) -> 16

Sheet Innovation
B2: 6. Innovation | D2: BONUS | G2: Comments | I2: Click here to return to Summary page
B4: We want to hear your ideas! This section is an opportunity for you to provide any innovative practices that might have been missed in the Green Office self- assessment. This section is not mandatory, however, if you have interesting practices we would love to hear them and share with other departments!
B5: Green Recycling Actions
B6: ACTION | C6: Credit | D6: Points Earned | E6: Total Possible Points
B8: EXAMPLE: Have all staff bring own bowls/utensils to events or office parties | C8: 1 Pt, Enter "YES" or "NO" in cell below this one. | D8: =IF(C9="Yes", "1", "0") -> 0 | E8: 1 | I8: FILL IN THE GREEN CELLS ONLY
B9: ENTER PRACTICE DESCRIPTION HERE | C9: NO | I9: CALCULATIONS ARE DONE AUTOMATICALLY
B12: EXAMPLE:Use plants as natural air quality control | C12: 1 Pt, Enter "YES" or "NO" in cell below this one. | D12: =IF(C13="Yes", "1", "0") -> 0 | E12: 1
B13: ENTER PRACTICE DESCRIPTION HERE | C13: NO
B15: YOUR INNOVATION HERE | C15: 1 Pt, Enter "YES" or "NO" in cell below this one. | D15: =IF(C16="Yes", "1", "0") -> 0 | E15: 1
B16: ENTER PRACTICE DESCRIPTION HERE | C16: NO
B18: YOUR INNOVATION HERE | C18: 1 Pt, Enter "YES" or "NO" in cell below this one. | D18: =IF(C19="Yes", "1", "0") -> 0 | E18: 1
B19: ENTER PRACTICE DESCRIPTION HERE | C19: NO
B21: Total Innovation Points | D21: =SUM(D8+D12+D15+D18) -> 0 | E21: =E8+E12+E15+E18 -> 4
