Workbook

Sheet GTR Soybean Table

Sheet US
A1: US Total | B1: Unshipped Balance | D1: Accumulated Exports | F1: Total Commitments | H1: last year | I1: last week | J1: last year | K1: last week | M1: 3-year average | N1: 3-year average | O1: This week | P1: This week
B2: curr | C2: last | D2: curr | E2: last | F2: curr | G2: last | H2: Commitments | J2: Accum Exports | M2: Total Sales | N2: Total Shipped | O2: % ttl sales | P2: % ttl shipped
A3: 38862 | B3: 1808.5 | C3: 1561.9 | D3: 21621.7 | E3: 27677.2 | F3: =+B3+D3 -> 23430.2 | G3: =+C3+E3 -> 29239.1 | H3: =+F3/G3-1 -> -0.19866891
A4: 38869 | B4: 1733 | C4: 1522.3 | D4: 21877.9 | E4: 27792.7 | F4: =+B4+D4 -> 23610.9 | G4: =+C4+E4 -> 29315 | H4: =+F4/G4-1 -> -0.19457957
A5: 38876 | B5: 1900.8 | C5: 1481.2 | D5: 22093.6 | E5: 28016.5 | F5: =+B5+D5 -> 23994.4 | G5: =+C5+E5 -> 29497.7 | H5: =+F5/G5-1 -> -0.18656709
A6: 38883 | B6: 1892.6 | C6: 1344.4 | D6: 22301.9 | E6: 28299.9 | F6: =+B6+D6 -> 24194.5 | G6: =+C6+E6 -> 29644.3 | H6: =+F6/G6-1 -> -0.18383973
A7: 38890 | B7: 1954.1 | C7: 1338.9 | D7: 22609.2 | E7: 28475.6 | F7: =+B7+D7 -> 24563.3 | G7: =+C7+E7 -> 29814.5 | H7: =+F7/G7-1 -> -0.17612906
A8: 38897 | B8: 1943.1 | C8: 1333.5 | D8: 22834.7 | E8: 28643.2 | F8: =+B8+D8 -> 24777.8 | G8: =+C8+E8 -> 29976.7 | H8: =+F8/G8-1 -> -0.17343137
A9: 38904 | B9: 2118.6 | C9: 1296.9 | D9: 22975.6 | E9: 28799.3 | F9: =+B9+D9 -> 25094.2 | G9: =+C9+E9 -> 30096.2 | H9: =+F9/G9-1 -> -0.16620038
A10: 38911 | B10: 1999.8 | C10: 1267.1 | D10: 23330.4 | E10: 28894.9 | F10: =+B10+D10 -> 25330.2 | G10: =+C10+E10 -> 30162 | H10: =+F10/G10-1 -> -0.16019495
A11: 38918 | B11: 1901.4 | C11: 1007.5 | D11: 23618.6 | E11: 29091.6 | F11: =+B11+D11 -> 25520 | G11: =+C11+E11 -> 30099.1 | H11: =+F11/G11-1 -> -0.15213412
A12: 38925 | B12: 1841.7 | C12: 999.2 | D12: 23855.6 | E12: 29195.9 | F12: =+B12+D12 -> 25697.3 | G12: =+C12+E12 -> 30195.1 | H12: =+F12/G12-1 -> -0.14895794
A13: 38932 | B13: 1662.4 | C13: 957.9 | D13: 24309.5 | E13: 29329.7 | F13: =+B13+D13 -> 25971.9 | G13: =+C13+E13 -> 30287.6 | H13: =+F13/G13-1 -> -0.14249066
A14: 38939 | B14: 1732.7 | C14: 900.8 | D14: 24496.7 | E14: 29537.7 | F14: =+B14+D14 -> 26229.4 | G14: =+C14+E14 -> 30438.5 | H14: =+F14/G14-1 -> -0.13828211
... A17: 38960 | B17: 813.8 | C17: 624.7 | D17: 25510.3 | E17: 29966 | F17: =+B17+D17 -> 26324.1 | G17: =+C17+E17 -> 30590.7 | H17: =+F17/G17-1 -> -0.13947376
A18: =+A17+7 -> 38967 | B18: 7003.7 | C18: 4421.7 | D18: 212.4 | E18: 154.5 | F18: =+B18+D18 -> 7216.1 | G18: =+C18+E18 -> 4576.2 | H18: =+F18/G18-1 -> 0.57687601 | J18: =+D18/E18-1 -> 0.37475728
A19: =+A18+7 -> 38974 | B19: 7408.7 | C19: 5016.6 | D19: 558.9 | E19: 311.6 | F19: =+B19+D19 -> 7967.6 | G19: =+C19+E19 -> 5328.2 | H19: =+F19/G19-1 -> 0.49536429 | I19: =+F19/F18-1 -> 0.10414213 | J19: =+D19/E19-1 -> 0.7936457 | K19: =D19/D18-1 -> 1.6313559
A20: =+A19+7 -> 38981 | B20: 7970.7 | C20: 5473.3 | D20: 863.5 | E20: 530.5 | F20: =+B20+D20 -> 8834.2 | G20: =+C20+E20 -> 6003.8 | H20: =+F20/G20-1 -> 0.47143476 | I20: =+F20/F19-1 -> 0.1087655 | J20: =+D20/E20-1 -> 0.62770971 | K20: =D20/D19-1 -> 0.54499911
A21: =+A20+7 -> 38988 | B21: 8592.1 | C21: 5808.5 | D21: 1437 | E21: 736.6 | F21: =+B21+D21 -> 10029.1 | G21: =+C21+E21 -> 6545.1 | H21: =+F21/G21-1 -> 0.53230661
A22: =+A21+7 -> 38995 | B22: 8954.1 | C22: 6095.5 | D22: 2161.1 | E22: 1134.4 | F22: =+B22+D22 -> 11115.2 | G22: =+C22+E22 -> 7229.9 | H22: =+F22/G22-1 -> 0.53739332 | I22: =+F22-F21 -> 1086.1 | J22: =+D22-D21 -> 724.1
A23: =+A22+7 -> 39002 | B23: 8995.8 | C23: 5986.8 | D23: 2987.8 | E23: 2131.9 | F23: =+B23+D23 -> 11983.6 | G23: =+C23+E23 -> 8118.7 | H23: =+F23/G23-1 -> 0.47604912 | I23: =+F23-F22 -> 868.4 | J23: =+D23-D22 -> 826.7
A24: =+A23+7 -> 39009 | B24: 8438.7 | C24: 5922.7 | D24: 4168.8 | E24: 3037.9 | F24: =+B24+D24 -> 12607.5 | G24: =+C24+E24 -> 8960.6 | H24: =+F24/G24-1 -> 0.40699284 | I24: =+F24-F23 -> 623.9 | J24: =+D24-D23 -> 1181
A25: =+A24+7 -> 39016 | B25: 7852.8 | C25: 5672.5 | D25: 5394.9 | E25: 4049.4 | F25: =+B25+D25 -> 13247.7 | G25: =+C25+E25 -> 9721.9 | H25: =+F25/G25-1 -> 0.36266573 | I25: =+F25-F24 -> 640.2 | J25: =+D25-D24 -> 1226.1
A26: =+A25+7 -> 39023 | B26: 7496.7 | C26: 5241.8 | D26: 6460.1 | E26: 5060.3 | F26: =+B26+D26 -> 13956.8 | G26: =+C26+E26 -> 10302.1 | H26: =+F26/G26-1 -> 0.35475291 | I26: =+F26-F25 -> 709.1 | J26: =+D26-D25 -> 1065.2 | L26: 31160
A27: =+A26+7 -> 39030 | B27: 7080.1 | C27: 5146.8 | D27: 7632.3 | E27: 5753.7 | F27: =+B27+D27 -> 14712.4 | G27: =+C27+E27 -> 10900.5 | H27: =+F27/G27-1 -> 0.34969956 | I27: =+F27-F26 -> 755.6 | J27: =+D27-D26 -> 1172.2 | L27: 31160
A28: =+A27+7 -> 39037 | B28: 7272.5 | C28: 4383.5 | D28: 8241.9 | E28: 6726.4 | F28: =+B28+D28 -> 15514.4 | G28: =+C28+E28 -> 11109.9 | H28: =+F28/G28-1 -> 0.39644821 | I28: =+F28-F27 -> 802 | J28: =+D28-D27 -> 609.6
A29: =+A28+7 -> 39044 | B29: 7331.3 | C29: 3926 | D29: 8912.4 | E29: 7515 | F29: =+B29+D29 -> 16243.7 | G29: =+C29+E29 -> 11441 | H29: =+F29/G29-1 -> 0.41977974 | I29: =+F29-F28 -> 729.3
A30: =+A29+7 -> 39051 | B30: 7068.1 | C30: 4079.4 | D30: 9842.5 | E30: 8313.7 | F30: =+B30+D30 -> 16910.6 | G30: =+C30+E30 -> 12393.1 | H30: =+F30/G30-1 -> 0.36451735 | I30: =+F30-F29 -> 666.9 | L30: =+F30/L27 -> 0.54270218
A31: =+A30+7 -> 39058 | B31: 6897.6 | C31: 3944.3 | D31: 10916.4 | E31: 8861.9 | F31: =+B31+D31 -> 17814 | G31: =+C31+E31 -> 12806.2 | H31: =+F31/G31-1 -> 0.39104496 | I31: =+F31-F30 -> 903.4
A32: =+A31+7 -> 39065 | B32: 7010.6 | C32: 4003.6 | D32: 11545.3 | E32: 9632.2 | F32: =+B32+D32 -> 18555.9 | G32: =+C32+E32 -> 13635.8 | H32: =+F32/G32-1 -> 0.36082225 | I32: =+F32-F31 -> 741.9
A33: =+A32+7 -> 39072 | B33: 7375.7 | C33: 4286.2 | D33: 12217.7 | E33: 10239.9 | F33: =+B33+D33 -> 19593.4 | G33: =+C33+E33 -> 14526.1 | H33: =+F33/G33-1 -> 0.34884105 | I33: =+F33-F32 -> 1037.5
A34: =+A33+7 -> 39079 | B34: 6886.2 | C34: 4375.1 | D34: 13033.4 | E34: 10612.5 | F34: =+B34+D34 -> 19919.6 | G34: =+C34+E34 -> 14987.6 | H34: =+F34/G34-1 -> 0.32907203 | I34: =+F34-F33 -> 326.2
A35: =+A34+7 -> 39086 | B35: 6917.8 | C35: 4148.8 | D35: 13591.4 | E35: 11286.9 | F35: =+B35+D35 -> 20509.2 | G35: =+C35+E35 -> 15435.7 | H35: =+F35/G35-1 -> 0.3286861 | I35: =+F35-F34 -> 589.6
A36: =+A35+7 -> 39093 | B36: 7138.7 | C36: 4870.1 | D36: 14466.3 | E36: 11844.2 | F36: =+B36+D36 -> 21605 | G36: =+C36+E36 -> 16714.3 | H36: =+F36/G36-1 -> 0.29260573 | I36: =+F36-F35 -> 1095.8 | J36: 30480
A37: =+A36+7 -> 39100 | B37: 7124.4 | C37: 4523.8 | D37: 15096.2 | E37: 12712.5 | F37: =+B37+D37 -> 22220.6 | G37: =+C37+E37 -> 17236.3 | H37: =+F37/G37-1 -> 0.28917459 | I37: =+F37-F36 -> 615.6 | J37: 30480
A38: =+A37+7 -> 39107 | B38: 6778 | C38: 4402.6 | D38: 16120.2 | E38: 13280.3 | F38: =+B38+D38 -> 22898.2 | G38: =+C38+E38 -> 17682.9 | H38: =+F38/G38-1 -> 0.29493465 | I38: =+F38-F37 -> 677.6
A39: =+A38+7 -> 39114 | B39: 6685.8 | C39: 4247 | D39: 17015.7 | E39: 13954.1 | F39: =+B39+D39 -> 23701.5 | G39: =+C39+E39 -> 18201.1 | H39: =+F39/G39-1 -> 0.30220152 | I39: =+F39-F38 -> 803.3 | J39: 1120 | K39: 36.743333
A40: =+A39+7 -> 39121 | B40: 5862.6 | C40: 3788.4 | D40: 18219.5 | E40: 14942.3 | F40: =+B40+D40 -> 24082.1 | G40: =+C40+E40 -> 18730.7 | H40: =+F40/G40-1 -> 0.28570208 | I40: =+F40-F39 -> 380.6 | K40: =+J39/K39 -> 30.48172
A41: =+A40+7 -> 39128 | B41: 5735.7 | C41: 3543.9 | D41: 18951.3 | E41: 15690.6 | F41: =+B41+D41 -> 24687 | G41: =+C41+E41 -> 19234.5 | H41: =+F41/G41-1 -> 0.28347501 | I41: =+F41-F40 -> 604.9 | J41: 1100 | K41: =+J41/K39 -> 29.937404
A42: =+A41+7 -> 39135 | B42: 5217.1 | C42: 3406.2 | D42: 19885.5 | E42: 16195.8 | F42: =+B42+D42 -> 25102.6 | G42: =+C42+E42 -> 19602 | H42: =+F42/G42-1 -> 0.28061422 | I42: =+F42-F41 -> 415.6
A43: =+A42+7 -> 39142 | B43: 4919.8 | C43: 3133.7 | D43: 20748.8 | E43: 16972.9 | F43: =+B43+D43 -> 25668.6 | G43: =+C43+E43 -> 20106.6 | H43: =+F43/G43-1 -> 0.27662559 | I43: =+F43-F42 -> 566
A44: =+A43+7 -> 39149 | B44: 4587.1 | C44: 2675 | D44: 21525.1 | E44: 17813 | F44: =+B44+D44 -> 26112.2 | G44: =+C44+E44 -> 20488 | H44: =+F44/G44-1 -> 0.27451191 | I44: =+F44-F43 -> 443.6
A45: =+A44+7 -> 39156 | B45: 4602.1 | C45: 2367.9 | D45: 22033.3 | E45: 18353.2 | F45: =+B45+D45 -> 26635.4 | G45: =+C45+E45 -> 20721.1 | H45: =+F45/G45-1 -> 0.28542404 | I45: =+F45-F44 -> 523.2
A46: =+A45+7 -> 39163 | B46: 4315.8 | C46: 1897.7 | D46: 22589.8 | E46: 19044 | F46: =+B46+D46 -> 26905.6 | G46: =+C46+E46 -> 20941.7 | H46: =+F46/G46-1 -> 0.28478586 | I46: =+F46-F45 -> 270.2
A47: =+A46+7 -> 39170 | B47: 3789.4 | C47: 1785.5 | D47: 23375.2 | E47: 19510.5 | F47: =+B47+D47 -> 27164.6 | G47: =+C47+E47 -> 21296 | H47: =+F47/G47-1 -> 0.27557288 | I47: =+F47-F46 -> 259
A48: =+A47+7 -> 39177 | B48: 3393.8 | C48: 1942.1 | D48: 23907.8 | E48: 19698.1 | F48: =+B48+D48 -> 27301.6 | G48: =+C48+E48 -> 21640.2 | H48: =+F48/G48-1 -> 0.26161496 | I48: =+F48-F47 -> 137 | J48: =AVERAGE(I51:I65) -> 196.64667
A49: =+A48+7 -> 39184 | B49: 3200.5 | C49: 1848 | D49: 24384.6 | E49: 19986.8 | F49: =+B49+D49 -> 27585.1 | G49: =+C49+E49 -> 21834.8 | H49: =+F49/G49-1 -> 0.26335483 | I49: =+F49-F48 -> 283.5
A50: =+A49+7 -> 39191 | B50: 3168.5 | C50: 1686.7 | D50: 24839 | E50: 20259.5 | F50: =+B50+D50 -> 28007.5 | G50: =+C50+E50 -> 21946.2 | H50: =+F50/G50-1 -> 0.27618904 | I50: =+F50-F49 -> 422.4
A51: =+A50+7 -> 39198 | B51: 2666.6 | C51: 1508.9 | D51: 25270.3 | E51: 20619.8 | F51: =+B51+D51 -> 27936.9 | G51: =+C51+E51 -> 22128.7 | H51: =+F51/G51-1 -> 0.26247362 | I51: =+F51-F50 -> -70.6 | J51: next my | K51: Wkly chng last yr
A52: =+A51+7 -> 39205 | B52: 2474.7 | C52: 1634 | D52: 25666 | E52: 20883 | F52: =+B52+D52 -> 28140.7 | G52: =+C52+E52 -> 22517 | H52: =+F52/G52-1 -> 0.24975352 | I52: =+F52-F51 -> 203.8 | J52: 958.8
A53: =+A52+7 -> 39212 | B53: 2453.6 | C53: 1763.8 | D53: 25910.3 | E53: 21086 | F53: =+B53+D53 -> 28363.9 | G53: =+C53+E53 -> 22849.8 | H53: =+F53/G53-1 -> 0.2413194 | I53: =+F53-F52 -> 223.2 | J53: 1094.8
A54: =+A53+7 -> 39219 | B54: 2207 | C54: 1817.9 | D54: 26240.1 | E54: 21266.3 | F54: =+B54+D54 -> 28447.1 | G54: =+C54+E54 -> 23084.2 | H54: =+F54/G54-1 -> 0.23231908 | I54: =+F54-F53 -> 83.2 | J54: 3352.8
A55: =+A54+7 -> 39226 | B55: 2331.6 | C55: 1808.5 | D55: 26460.8 | E55: 21621.7 | F55: =+B55+D55 -> 28792.4 | G55: =+C55+E55 -> 23430.2 | H55: =+F55/G55-1 -> 0.22885848 | I55: =+F55-F54 -> 345.3 | J55: 3883.4
A56: =+A55+7 -> 39233 | B56: 2391.8 | C56: 1733 | D56: 26600.7 | E56: 21877.9 | F56: =+B56+D56 -> 28992.5 | G56: =+C56+E56 -> 23610.9 | H56: =+F56/G56-1 -> 0.22792863 | I56: =+F56-F55 -> 200.1 | J56: 3908.4
A57: =+A56+7 -> 39240 | B57: 2262 | C57: 1900.8 | D57: 26951.7 | E57: 22093.6 | F57: =+B57+D57 -> 29213.7 | G57: =+C57+E57 -> 23994.4 | H57: =+F57/G57-1 -> 0.21752159 | I57: =+F57-F56 -> 221.2 | J57: 3908.4
A58: =+A57+7 -> 39247 | B58: 2453.9 | C58: 1892.6 | D58: 27119.1 | E58: 22301.9 | F58: =+B58+D58 -> 29573 | G58: =+C58+E58 -> 24194.5 | H58: =+F58/G58-1 -> 0.22230259 | I58: =+F58-F57 -> 359.3 | J58: 3939.9
A59: =+A58+7 -> 39254 | B59: 2282.1 | C59: 1954.1 | D59: 27530.6 | E59: 22600.4 | F59: =+B59+D59 -> 29812.7 | G59: =+C59+E59 -> 24554.5 | H59: =+F59/G59-1 -> 0.21414405 | I59: =+F59-F58 -> 239.7 | J59: 3947.9
A60: =+A59+7 -> 39261 | B60: 2189.9 | C60: 1943.1 | D60: 27814.6 | E60: 22826.9 | F60: =+B60+D60 -> 30004.5 | G60: =+C60+E60 -> 24770 | H60: =+F60/G60-1 -> 0.21132418 | I60: =+F60-F59 -> 191.8 | J60: 4084.3
A61: =+A60+7 -> 39268 | B61: 2147.4 | C61: 2118.6 | D61: 28002.1 | E61: 22966.7 | F61: =+B61+D61 -> 30149.5 | G61: =+C61+E61 -> 25085.3 | H61: =+F61/G61-1 -> 0.20187919 | I61: =+F61-F60 -> 145 | J61: 4123.3
A62: =+A61+7 -> 39275 | B62: 2005.1 | C62: 1999.8 | D62: 28325.3 | E62: 23321.6 | F62: =+B62+D62 -> 30330.4 | G62: =+C62+E62 -> 25321.4 | H62: =+F62/G62-1 -> 0.19781687 | I62: =+F62-F61 -> 180.9 | J62: 4288.2
A63: =+A62+7 -> 39282 | B63: 2119.1 | C63: 1901.4 | D63: 28499.7 | E63: 23618.6 | F63: =+B63+D63 -> 30618.8 | G63: =+C63+E63 -> 25520 | H63: =+F63/G63-1 -> 0.19979624 | I63: =+F63-F62 -> 288.4 | J63: 4316.5
... A69: =+A68+7 -> 39324 | B69: 990.1 | C69: 813.8 | D69: 30261 | E69: 25510.3 | F69: =+B69+D69 -> 31251.1 | G69: =+C69+E69 -> 26324.1 | H69: =+F69/G69-1 -> 0.18716689 | I69: =+F69-F68 -> 134.6 | J69: 6814.2
A70: =+A69+7 -> 39331 | B70: 7996.5 | C70: 7003.7 | F70: 8107 | G70: 7210.8 | H70: =+F70/G70-1 -> 0.12428579 | I70: =+F70-F69 -> -23144.1
A71: =+A70+7 -> 39338 | B71: 8105.6 | C71: 7408.7 | D71: 515 | E71: 558.9 | F71: =+B71+D71 -> 8620.6 | G71: =+C71+E71 -> 7967.6 | H71: =+F71/G71-1 -> 0.081956926 | I71: =+F71-F70 -> 513.6
A72: =+A71+7 -> 39345 | B72: 8366.4 | C72: 7970.7 | D72: 999.9 | E72: 863.5 | F72: =+B72+D72 -> 9366.3 | G72: =+C72+E72 -> 8834.2 | H72: =+F72/G72-1 -> 0.060231826 | I72: =+F72-F71 -> 745.7 | K72: =+F72-F71 -> 745.7 | L72: =+G72-G71 -> 866.6
A73: =+A72+7 -> 39352 | B73: 8752.9 | C73: 8592.1 | D73: 1279.3 | E73: 1437 | F73: =+B73+D73 -> 10032.2 | G73: =+C73+E73 -> 10029.1 | H73: =+F73/G73-1 -> 0.00030910052 | I73: =+F73-F72 -> 665.9
A74: =+A73+7 -> 39359 | B74: 8771.5 | C74: 8954.1 | D74: 1810.9 | E74: 2161.1 | F74: =+B74+D74 -> 10582.4 | G74: =+C74+E74 -> 11115.2 | H74: =+F74/G74-1 -> -0.04793436 | I74: =+F74-F73 -> 550.2
A75: =+A74+7 -> 39366 | B75: 8536.1 | C75: 8995.8 | D75: 2796.9 | E75: 2987.8 | F75: =+B75+D75 -> 11333 | G75: =+C75+E75 -> 11983.6 | H75: =+F75/G75-1 -> -0.054290864 | I75: =+F75-F74 -> 750.6
A76: =+A75+7 -> 39373 | B76: 8132.9 | C76: 8438.7 | D76: 3663.5 | E76: 4168.8 | F76: =+B76+D76 -> 11796.4 | G76: =+C76+E76 -> 12607.5 | H76: =+F76/G76-1 -> -0.064334721 | I76: =+F76-F75 -> 463.4
A77: =+A76+7 -> 39380 | B77: 8069.3 | C77: 7852.8 | D77: 4467.7 | E77: 5394.9 | F77: =+B77+D77 -> 12537 | G77: =+C77+E77 -> 13247.7 | H77: =+F77/G77-1 -> -0.053647048 | I77: =+F77-F76 -> 740.6
A78: =+A77+7 -> 39387 | B78: 7855.6 | C78: 7496.7 | D78: 5296 | E78: 6460.1 | F78: =+B78+D78 -> 13151.6 | G78: =+C78+E78 -> 13956.8 | H78: =+F78/G78-1 -> -0.057692308 | I78: =+F78-F77 -> 614.6
A79: =+A78+7 -> 39394 | B79: 8440.1 | C79: 7080.1 | D79: 6007.8 | E79: 7624.1 | F79: =+B79+D79 -> 14447.9 | G79: =+C79+E79 -> 14704.2 | H79: =+F79/G79-1 -> -0.017430394 | I79: =+F79-F78 -> 1296.3
A80: =+A79+7 -> 39401 | B80: 9589.9 | C80: 7272.5 | D80: 6665.5 | E80: 8233.6 | F80: =+B80+D80 -> 16255.4 | G80: =+C80+E80 -> 15506.1 | H80: =+F80/G80-1 -> 0.048322918 | I80: =+F80-F79 -> 1807.5
A81: =+A80+7 -> 39408 | B81: 9732.6 | C81: 7331.3 | D81: 7640.7 | E81: 8904.2 | F81: =+B81+D81 -> 17373.3 | G81: =+C81+E81 -> 16235.5 | H81: =+F81/G81-1 -> 0.070080995 | I81: =+F81-F80 -> 1117.9
A82: =+A81+7 -> 39415 | B82: 9797.1 | C82: 7068.1 | D82: 8380 | E82: 9834.3 | F82: =+B82+D82 -> 18177.1 | G82: =+C82+E82 -> 16902.4 | H82: =+F82/G82-1 -> 0.075415326 | I82: =+F82-F81 -> 803.8
A83: =+A82+7 -> 39422 | B83: 9868.7 | C83: 6897.6 | D83: 9279.9 | E83: 10895.5 | F83: =+B83+D83 -> 19148.6 | G83: =+C83+E83 -> 17793.1 | H83: =+F83/G83-1 -> 0.076181216 | I83: =+F83-F82 -> 971.5
A84: =+A83+7 -> 39429 | B84: 9638 | C84: 7010.6 | D84: 10367.6 | E84: 11524.5 | F84: =+B84+D84 -> 20005.6 | G84: =+C84+E84 -> 18535.1 | H84: =+F84/G84-1 -> 0.079335963 | I84: =+F84-F83 -> 857
A85: =+A84+7 -> 39436 | B85: 9486.8 | C85: 7375.7 | D85: 11201.9 | E85: 12196.8 | F85: =+B85+D85 -> 20688.7 | G85: =+C85+E85 -> 19572.5 | H85: =+F85/G85-1 -> 0.057028995 | I85: =+F85-F84 -> 683.1 | L85: Shipped | M85: LY Shipped
A86: =+A85+7 -> 39443 | B86: 9040.6 | C86: 6886.2 | D86: 11788.6 | E86: 13025.2 | F86: =+B86+D86 -> 20829.2 | G86: =+C86+E86 -> 19911.4 | H86: =+F86/G86-1 -> 0.046094197 | I86: =+F86-F85 -> 140.5 | K86: =+G86-G85 -> 338.9 | L86: =+D86-D85 -> 586.7 | M86: =+E86-E85 -> 828.4
A87: =+A86+7 -> 39450 | B87: 8218.3 | C87: 6917.8 | D87: 12729.2 | E87: 13583.2 | F87: =+B87+D87 -> 20947.5 | G87: =+C87+E87 -> 20501 | H87: =+F87/G87-1 -> 0.021779425 | I87: =+F87-F86 -> 118.3 | K87: =+G87-G86 -> 589.6 | L87: =+D87-D86 -> 940.6 | M87: =+E87-E86 -> 558
A88: =+A87+7 -> 39457 | B88: 8428.4 | C88: 7138.7 | D88: 13484.3 | E88: 14458 | F88: =+B88+D88 -> 21912.7 | G88: =+C88+E88 -> 21596.7 | H88: =+F88/G88-1 -> 0.014631865 | I88: =+F88-F87 -> 965.2 | K88: =+G88-G87 -> 1095.7 | L88: =+D88-D87 -> 755.1 | M88: =+E88-E87 -> 874.8
A89: =+A88+7 -> 39464 | B89: 8085 | C89: 7124.4 | D89: 14490.8 | E89: 15088 | F89: =+B89+D89 -> 22575.8 | G89: =+C89+E89 -> 22212.4 | H89: =+F89/G89-1 -> 0.016360231 | I89: =+F89-F88 -> 663.1 | K89: =+G89-G88 -> 615.7 | L89: =+D89-D88 -> 1006.5 | M89: =+E89-E88 -> 630
A90: =+A89+7 -> 39471 | B90: 7840.7 | C90: 6778 | D90: 15223 | E90: 16112 | F90: =+B90+D90 -> 23063.7 | G90: =+C90+E90 -> 22890 | H90: =+F90/G90-1 -> 0.0075884666 | I90: =+F90-F89 -> 487.9 | K90: =+G90-G89 -> 677.6 | L90: =+D90-D89 -> 732.2 | M90: =+E90-E89 -> 1024
A91: =+A90+7 -> 39478 | B91: 7985.7 | C91: 6685.8 | D91: 16115.1 | E91: 16951.7 | F91: =+B91+D91 -> 24100.8 | G91: =+C91+E91 -> 23637.5 | H91: =+F91/G91-1 -> 0.019600212 | I91: =+F91-F90 -> 1037.1 | K91: =+G91-G90 -> 747.5 | L91: =+D91-D90 -> 892.1 | M91: =+E91-E90 -> 839.7
A92: =+A91+7 -> 39485 | B92: 7288.9 | C92: 5862.6 | D92: 17140.3 | E92: 18148.1 | F92: =+B92+D92 -> 24429.2 | G92: =+C92+E92 -> 24010.7 | H92: =+F92/G92-1 -> 0.017429729 | I92: =+F92-F91 -> 328.4 | K92: =+G92-G91 -> 373.2 | L92: =+D92-D91 -> 1025.2 | M92: =+E92-E91 -> 1196.4
A93: =+A92+7 -> 39492 | B93: 6977.2 | C93: 5735.7 | D93: 18082.7 | E93: 18943.1 | F93: =+B93+D93 -> 25059.9 | G93: =+C93+E93 -> 24678.8 | H93: =+F93/G93-1 -> 0.015442404 | I93: =+F93-F92 -> 630.7 | K93: =+G93-G92 -> 668.1 | L93: =+D93-D92 -> 942.4 | M93: =+E93-E92 -> 795
A94: =+A93+7 -> 39499 | B94: 6893.4 | C94: 5217.1 | D94: 18750.1 | E94: 19877.2 | F94: =+B94+D94 -> 25643.5 | G94: =+C94+E94 -> 25094.3 | H94: =+F94/G94-1 -> 0.021885448 | I94: =+F94-F93 -> 583.6 | K94: =+G94-G93 -> 415.5 | L94: =+D94-D93 -> 667.4 | M94: =+E94-E93 -> 934.1
A95: =+A94+7 -> 39506 | B95: 6137.7 | C95: 4919.8 | D95: 19708.5 | E95: 20740.5 | F95: =+B95+D95 -> 25846.2 | G95: =+C95+E95 -> 25660.3 | H95: =+F95/G95-1 -> 0.0072446542 | I95: =+F95-F94 -> 202.7 | K95: =+G95-G94 -> 566 | L95: =+D95-D94 -> 958.4 | M95: =+E95-E94 -> 863.3
A96: =+A95+7 -> 39513 | B96: 5508.7 | C96: 4587.1 | D96: 20595.1 | E96: 21525.1 | F96: =+B96+D96 -> 26103.8 | G96: =+C96+E96 -> 26112.2 | H96: =+F96/G96-1 -> -0.00032168871 | I96: =+F96-F95 -> 257.6 | K96: =+G96-G95 -> 451.9 | L96: =+D96-D95 -> 886.6 | M96: =+E96-E95 -> 784.6
A97: =+A96+7 -> 39520 | B97: 5191.1 | C97: 4602.1 | D97: 21351.2 | E97: 22033.3 | F97: =+B97+D97 -> 26542.3 | G97: =+C97+E97 -> 26635.4 | H97: =+F97/G97-1 -> -0.0034953483 | I97: =+F97-F96 -> 438.5 | K97: =+G97-G96 -> 523.2 | L97: =+D97-D96 -> 756.1 | M97: =+E97-E96 -> 508.2
... A102: =+A101+7 -> 39555 | B102: 4444.2 | C102: 3168.5 | D102: 24089.8 | E102: 24839 | F102: =+B102+D102 -> 28534 | G102: =+C102+E102 -> 28007.5 | H102: =+F102/G102-1 -> 0.018798536 | I102: =+F102-F101 -> 376.7 | K102: =+G102-G101 -> 422.4 | L102: =+D102-D101 -> 539.4 | M102: =+E102-E101 -> 454.4
A103: =+A102+7 -> 39562 | B103: 4210.2 | C103: 2666.6 | D103: 24634.7 | E103: 25270.3 | F103: =+B103+D103 -> 28844.9 | G103: =+C103+E103 -> 27936.9 | H103: =+F103/G103-1 -> 0.032501817 | I103: =+F103-F102 -> 310.9 | J103: 1278.2 | K103: =+G103-G102 -> -70.6 | L103: =+D103-D102 -> 544.9 | M103: =+E103-E102 -> 431.3
A104: =+A103+7 -> 39569 | B104: 3889.3 | C104: 2474.7 | D104: 24996.6 | E104: 25666.4 | F104: =+B104+D104 -> 28885.9 | G104: =+C104+E104 -> 28141.1 | H104: =+F104/G104-1 -> 0.026466627 | I104: =+F104-F103 -> 41 | J104: 1517.8 | K104: =+G104-G103 -> 204.2 | L104: =+D104-D103 -> 361.9 | M104: =+E104-E103 -> 396.1
A105: =+A104+7 -> 39576 | B105: 3603 | C105: 2453.6 | D105: 25484.3 | E105: 25910.3 | F105: =+B105+D105 -> 29087.3 | G105: =+C105+E105 -> 28363.9 | H105: =+F105/G105-1 -> 0.02550425 | I105: =+F105-F104 -> 201.4 | J105: 1517.8 | K105: =+G105-G104 -> 222.8 | L105: =+D105-D104 -> 487.7 | M105: =+E105-E104 -> 243.9
A106: =+A105+7 -> 39583 | B106: 3714.2 | C106: 2207 | D106: 25755.9 | E106: 26239.7 | F106: =+B106+D106 -> 29470.1 | G106: =+C106+E106 -> 28446.7 | H106: =+F106/G106-1 -> 0.035976053 | I106: =+F106-F105 -> 382.8 | J106: 2004.7 | K106: =+G106-G105 -> 82.8 | L106: =+D106-D105 -> 271.6 | M106: =+E106-E105 -> 329.4
A107: =+A106+7 -> 39590 | B107: 3571.6 | C107: 2331.6 | D107: 26141.2 | E107: 26460.4 | F107: =+B107+D107 -> 29712.8 | G107: =+C107+E107 -> 28792 | H107: =+F107/G107-1 -> 0.031981106 | I107: =+F107-F106 -> 242.7 | J107: 2267.3 | K107: =+G107-G106 -> 345.3 | L107: =+D107-D106 -> 385.3 | M107: =+E107-E106 -> 220.7
A108: =+A107+7 -> 39597 | B108: 3590.8 | C108: 2391.8 | D108: 26423.6 | E108: 26599.7 | F108: =+B108+D108 -> 30014.4 | G108: =+C108+E108 -> 28991.5 | H108: =+F108/G108-1 -> 0.035282755 | I108: =+F108-F107 -> 301.6 | J108: 2550.3 | K108: =+G108-G107 -> 199.5 | L108: =+D108-D107 -> 282.4 | M108: =+E108-E107 -> 139.3
A109: =+A108+7 -> 39604 | B109: 3657.7 | C109: 2262 | D109: 26628.7 | E109: 26951.3 | F109: =+B109+D109 -> 30286.4 | G109: =+C109+E109 -> 29213.3 | H109: =+F109/G109-1 -> 0.036733269 | I109: =+F109-F108 -> 272 | J109: 2578.9 | K109: =+G109-G108 -> 221.8 | L109: =+D109-D108 -> 205.1 | M109: =+E109-E108 -> 351.6
A110: =+A109+7 -> 39611 | B110: 3472.7 | C110: 2453.9 | D110: 26984.9 | E110: 27118.7 | F110: =+B110+D110 -> 30457.6 | G110: =+C110+E110 -> 29572.6 | H110: =+F110/G110-1 -> 0.029926351 | I110: =+F110-F109 -> 171.2 | J110: 2588.1 | K110: =+G110-G109 -> 359.3 | L110: =+D110-D109 -> 356.2 | M110: =+E110-E109 -> 167.4
A111: =+A110+7 -> 39618 | B111: 2876.8 | C111: 2282.1 | D111: 27312.7 | E111: 27530.2 | F111: =+B111+D111 -> 30189.5 | G111: =+C111+E111 -> 29812.3 | H111: =+F111/G111-1 -> 0.012652496 | I111: =+F111-F110 -> -268.1 | J111: 4877.4 | K111: =+G111-G110 -> 239.7 | L111: =+D111-D110 -> 327.8 | M111: =+E111-E110 -> 411.5
...

Sheet China
C1: Unshipped Balance | E1: Accumulated Exports | G1: Total Commitments | J1: 05/06Projected | K1: 04/05 | L1: Chng in | M1: Chnge in | N1: Weekly | AQ1: 38652 | AR1: Japan | AS1: 2449.7 | AT1: 2936.5 | AU1: 2414.9 | AV1: 2427 | AW1: =+AS1+AU1 -> 4864.6 | AX1: =+AT1+AV1 -> 5363.5 | AY1: =+AW1/AX1-1 -> -0.093017619 | AZ1: =+#REF! -> #REF! | BA1: =+#REF! -> #REF! | BB1: Mexico
A2: EXPORT SALES, China | C2: this year | D2: last year | E2: this year | F2: last year | G2: this year | H2: last year | I2: % change | J2: Exports | K2: Exports | L2: Ttl Cmtmnts | M2: unshipped | N2: Sales | AQ2: =+AQ1+7 -> 38659 | AR2: Japan | AS2: 2261.6 | AT2: 2616.8 | AU2: 2778.4 | AV2: 2952.9 | AW2: =+AS2+AU2 -> 5040 | AX2: =+AT2+AV2 -> 5569.7 | AY2: =+AW2/AX2-1 -> -0.095103866
A3: 38855 | C3: 60 | D3: 100.7 | E3: 9246.5 | F3: 11766.9 | G3: =+C3+E3 -> 9306.5 | H3: =+D3+F3 -> 11867.6 | I3: =+(G3/H3-1)*100 -> -21.580606 | AR3: Korea | AS3: =+#REF! -> #REF! | AT3: =+#REF! -> #REF! | AU3: =+AS3/AT3-1 -> #REF! | AV3: =+#REF! -> #REF! | AW3: 2098.5 | AX3: =+(AV3/AW3)-1 -> #REF!
A4: =+A3+7 -> 38862 | C4: 60 | D4: 100.7 | E4: 9301.3 | F4: 11791.6 | G4: =+C4+E4 -> 9361.3 | H4: =+D4+F4 -> 11892.3 | I4: =+(G4/H4-1)*100 -> -21.282679 | J4: 1752 | L4: =+G4-G3 -> 54.8 | AR4: Top 5 Importers | AS4: =SUM(AS3:AS3) -> #REF! | AT4: =SUM(AT3:AT3) -> #REF! | AU4: =+AS4/AT4-1 -> #REF! | AV4: =SUM(AV3:AV3) -> #REF! | AW4: =SUM(AW3:AW3) -> 2098.5 | AX4: =+(AV4/AW4)-1 -> #REF!
A5: =+A4+7 -> 38869 | C5: 60 | D5: 100.7 | E5: 9301.3 | F5: 11791.6 | G5: =+C5+E5 -> 9361.3 | H5: =+D5+F5 -> 11892.3 | I5: =+(G5/H5-1)*100 -> -21.282679 | J5: 1752 | L5: =+G5-G4 -> 0 | AR5: US Corn Exports | AV5: =+#REF! -> #REF! | AW5: 45409.4
A6: =+A5+7 -> 38876 | C6: 173 | D6: 56 | E6: 9301.3 | F6: 11791.6 | G6: =+C6+E6 -> 9474.3 | H6: =+D6+F6 -> 11847.6 | I6: =+(G6/H6-1)*100 -> -20.031905 | J6: 1807 | L6: =+G6-G5 -> 113 | AR6: Top 5 Share of U.S. Corn Exports | AV6: =+AV4/AV5 -> #REF! | AW6: =+AW4/AW5 -> 0.046212899
A7: =+A6+7 -> 38883 | C7: 173 | D7: 56 | E7: 9346.2 | F7: 11791.6 | G7: =+C7+E7 -> 9519.2 | H7: =+D7+F7 -> 11847.6 | I7: =+(G7/H7-1)*100 -> -19.652925 | J7: 1807 | L7: =+G7-G6 -> 44.9 | AR7: * Cumulative Exports + Outstanding (unshipped) exports
A8: =+A7+7 -> 38890 | C8: 289 | D8: 56 | E8: 9346.2 | F8: 11791.6 | G8: =+C8+E8 -> 9635.2 | H8: =+D8+F8 -> 11847.6 | I8: =+(G8/H8-1)*100 -> -18.673824 | J8: 1867 | L8: =+G8-G7 -> 116 | AR8: ** AMS Estimate, based on a 5 -year average U.S. share of Total Imports and WASDE Projected Import demand.
A9: =+A8+7 -> 38897 | C9: 367 | D9: 56 | E9: 9346.2 | F9: 11791.6 | G9: =+C9+E9 -> 9713.2 | H9: =+D9+F9 -> 11847.6 | I9: =+(G9/H9-1)*100 -> -18.015463 | J9: 1867 | L9: =+G9-G8 -> 78
A10: =+A9+7 -> 38904 | C10: 482 | D10: 0 | E10: 9346.2 | F10: 11850.4 | G10: =+C10+E10 -> 9828.2 | H10: =+D10+F10 -> 11850.4 | I10: =+(G10/H10-1)*100 -> -17.064403 | J10: 1867 | L10: =+G10-G9 -> 115
A11: =+A10+7 -> 38911 | C11: 406 | D11: 0 | E11: 9408 | F11: 11850.4 | G11: =+C11+E11 -> 9814 | H11: =+D11+F11 -> 11850.4 | I11: =+(G11/H11-1)*100 -> -17.18423 | J11: 1867 | L11: =+G11-G10 -> -14.2
A12: =+A11+7 -> 38918 | C12: 346 | D12: 0 | E12: 9408 | F12: 11850.5 | G12: =+C12+E12 -> 9754 | H12: =+D12+F12 -> 11850.5 | I12: =+(G12/H12-1)*100 -> -17.691237 | J12: 1867 | L12: =+G12-G11 -> -60
A13: =+A12+7 -> 38925 | C13: 346 | D13: 0 | E13: 9408 | F13: 11850.5 | G13: =+C13+E13 -> 9754 | H13: =+D13+F13 -> 11850.5 | I13: =+(G13/H13-1)*100 -> -17.691237 | J13: 1923 | L13: =+G13-G12 -> 0
A14: =+A13+7 -> 38932 | C14: 280 | D14: 0 | E14: 9531.6 | F14: 11850.5 | G14: =+C14+E14 -> 9811.6 | H14: =+D14+F14 -> 11850.5 | I14: =+(G14/H14-1)*100 -> -17.205181 | J14: 1923 | L14: =+G14-G13 -> 57.6
A15: =+A14+7 -> 38939 | C15: 340 | D15: 0 | E15: 9531.6 | F15: 11850.5 | G15: =+C15+E15 -> 9871.6 | H15: =+D15+F15 -> 11850.5 | I15: =+(G15/H15-1)*100 -> -16.698873 | J15: 2149
A16: =+A15+7 -> 38946 | C16: 225 | D16: 0 | E16: 9596.6 | F16: 11850.5 | G16: =+C16+E16 -> 9821.6 | H16: =+D16+F16 -> 11850.5 | I16: =+(G16/H16-1)*100 -> -17.120797 | J16: 2250
A17: =+A16+7 -> 38953 | C17: 170 | D17: 0 | E17: 9596.6 | F17: 11850.5 | G17: =+C17+E17 -> 9766.6 | H17: =+D17+F17 -> 11850.5 | I17: =+(G17/H17-1)*100 -> -17.584912 | J17: 2480
A18: =+A17+7 -> 38960 | C18: 60 | D18: 0 | E18: 9706.3 | F18: 11850.5 | G18: =+C18+E18 -> 9766.3 | H18: =+D18+F18 -> 11850.5 | I18: =+(G18/H18-1)*100 -> -17.587444 | J18: 2770
A19: =+A18+7 -> 38967 | C19: 3081 | D19: 802 | E19: 0 | F19: 0 | G19: =+C19+E19 -> 3081 | H19: =+D19+F19 -> 802 | I19: =+(G19/H19-1)*100 -> 284.16459
A20: =+A19+7 -> 38974 | C20: 3295.4 | D20: 1025 | E20: 111.8 | F20: 0 | G20: =+C20+E20 -> 3407.2 | H20: =+D20+F20 -> 1025 | I20: =+(G20/H20-1)*100 -> 232.40976
A21: =+A20+7 -> 38981 | C21: 3477 | D21: 1271 | E21: 171.5 | F21: 117.3 | G21: =+C21+E21 -> 3648.5 | H21: =+D21+F21 -> 1388.3 | I21: =+(G21/H21-1)*100 -> 162.80343
A22: =+A21+7 -> 38988 | C22: 3760 | D22: 1546 | E22: 459.3 | F22: 173.3 | G22: =+C22+E22 -> 4219.3 | H22: =+D22+F22 -> 1719.3 | I22: =+(G22/H22-1)*100 -> 145.40801
A23: =+A22+7 -> 38995 | C23: 4146.5 | D23: 1836 | E23: 573.6 | F23: 401.1 | G23: =+C23+E23 -> 4720.1 | H23: =+D23+F23 -> 2237.1 | I23: =+(G23/H23-1)*100 -> 110.99191
A24: =+A23+7 -> 39002 | C24: 4168.4 | D24: 1719 | E24: 940 | F24: 995.6 | G24: =+C24+E24 -> 5108.4 | H24: =+D24+F24 -> 2714.6 | I24: =+(G24/H24-1)*100 -> 88.182421
A25: =+A24+7 -> 39009 | C25: 3912.6 | D25: 1664 | E25: 1493.7 | F25: 1397.8 | G25: =+C25+E25 -> 5406.3 | H25: =+D25+F25 -> 3061.8 | I25: =+(G25/H25-1)*100 -> 76.572604
A26: =+A25+7 -> 39016 | C26: 3419.6 | D26: 1535 | E26: 2322.6 | F26: 1993.9 | G26: =+C26+E26 -> 5742.2 | H26: =+D26+F26 -> 3528.9 | I26: =+(G26/H26-1)*100 -> 62.719261
A27: =+A26+7 -> 39023 | C27: 3001.8 | D27: 1364 | E27: 2970.8 | F27: 2527.3 | G27: =+C27+E27 -> 5972.6 | H27: =+D27+F27 -> 3891.3 | I27: =+(G27/H27-1)*100 -> 53.485982
A28: =+A27+7 -> 39030 | C28: 2834.3 | D28: 1419 | E28: 3377.7 | F28: 2817.8 | G28: =+C28+E28 -> 6212 | H28: =+D28+F28 -> 4236.8 | I28: =+(G28/H28-1)*100 -> 46.620091
A29: =+A28+7 -> 39037 | C29: 2862.2 | D29: 1041 | E29: 3603.3 | F29: 3198.7 | G29: =+C29+E29 -> 6465.5 | H29: =+D29+F29 -> 4239.7 | I29: =+(G29/H29-1)*100 -> 52.498998
A30: =+A29+7 -> 39044 | C30: 2980.7 | D30: 973 | E30: 3835.7 | F30: 3559.5 | G30: =+C30+E30 -> 6816.4 | H30: =+D30+F30 -> 4532.5 | I30: =+(G30/H30-1)*100 -> 50.38941
... A40: =+A39+7 -> 39114 | C40: 2655.2 | D40: 1189 | E40: 7159.1 | F40: 6129.6 | G40: =+C40+E40 -> 9814.3 | H40: =+D40+F40 -> 7318.6 | I40: =+(G40/H40-1)*100 -> 34.100784
A41: =+A40+7 -> 39121 | C41: 2266.5 | D41: 1018 | E41: 7799.9 | F41: 6660.9 | G41: =+C41+E41 -> 10066.4 | H41: =+D41+F41 -> 7678.9 | I41: =+(G41/H41-1)*100 -> 31.091693 | L41: =+G41-G40 -> 252.1
A42: =+A41+7 -> 39128 | C42: 2158.6 | D42: 850 | E42: 8102.4 | F42: 7238.2 | G42: =+C42+E42 -> 10261 | H42: =+D42+F42 -> 8088.2 | I42: =+(G42/H42-1)*100 -> 26.863826 | L42: =+G42-G41 -> 194.6
A43: =+A42+7 -> 39135 | C43: 1971.2 | D43: 865 | E43: 8534.4 | F43: 7473.7 | G43: =+C43+E43 -> 10505.6 | H43: =+D43+F43 -> 8338.7 | I43: =+(G43/H43-1)*100 -> 25.986065 | L43: =+G43-G42 -> 244.6
A44: =+A43+7 -> 39142 | C44: 1884.8 | D44: 914 | E44: 8855.9 | F44: 7760.8 | G44: =+C44+E44 -> 10740.7 | H44: =+D44+F44 -> 8674.8 | I44: =+(G44/H44-1)*100 -> 23.814958 | L44: =+G44-G43 -> 235.1
A45: =+A44+7 -> 39149 | C45: 1705.4 | D45: 791 | E45: 9138.6 | F45: 8194.2 | G45: =+C45+E45 -> 10844 | H45: =+D45+F45 -> 8985.2 | I45: =+(G45/H45-1)*100 -> 20.687353 | L45: =+G45-G44 -> 103.3
A46: =+A45+7 -> 39156 | C46: 1545.5 | D46: 633 | E46: 9426 | F46: 8417.2 | G46: =+C46+E46 -> 10971.5 | H46: =+D46+F46 -> 9050.2 | I46: =+(G46/H46-1)*100 -> 21.229365 | L46: =+G46-G45 -> 127.5
A47: =+A46+7 -> 39163 | C47: 1467.8 | D47: 293 | E47: 9579.8 | F47: 8870 | G47: =+C47+E47 -> 11047.6 | H47: =+D47+F47 -> 9163 | I47: =+(G47/H47-1)*100 -> 20.5675 | L47: =+G47-G46 -> 76.1
A48: =+A47+7 -> 39170 | C48: 1186.1 | D48: 153 | E48: 9882.2 | F48: 9081.7 | G48: =+C48+E48 -> 11068.3 | H48: =+D48+F48 -> 9234.7 | I48: =+(G48/H48-1)*100 -> 19.855545 | L48: =+G48-G47 -> 20.7
A49: =+A48+7 -> 39177 | C49: 952.3 | D49: 153 | E49: 10131.1 | F49: 9081.7 | G49: =+C49+E49 -> 11083.4 | H49: =+D49+F49 -> 9234.7 | I49: =+(G49/H49-1)*100 -> 20.019059 | L49: =+G49-G48 -> 15.1
A50: =+A49+7 -> 39184 | C50: 819.5 | D50: 60 | E50: 10280.9 | F50: 9180.5 | G50: =+C50+E50 -> 11100.4 | H50: =+D50+F50 -> 9240.5 | I50: =+(G50/H50-1)*100 -> 20.127699 | L50: =+G50-G49 -> 17
A51: =+A50+7 -> 39191 | C51: 828.5 | D51: 60 | E51: 10336.2 | F51: 9225.4 | G51: =+C51+E51 -> 11164.7 | H51: =+D51+F51 -> 9285.4 | I51: =+(G51/H51-1)*100 -> 20.2393 | L51: =+G51-G50 -> 64.3
A52: =+A51+7 -> 39198 | C52: 340.8 | D52: 0 | E52: 10469.1 | F52: 9291.4 | G52: =+C52+E52 -> 10809.9 | H52: =+D52+F52 -> 9291.4 | I52: =+(G52/H52-1)*100 -> 16.34307
A53: =+A52+7 -> 39205 | C53: 285.8 | D53: 0 | E53: 10640.2 | F53: 9291.4 | G53: =+C53+E53 -> 10926 | H53: =+D53+F53 -> 9291.4 | I53: =+(G53/H53-1)*100 -> 17.592613 | J53: 302 | L53: =+G53-G52 -> 116.1
A54: =+A53+7 -> 39212 | C54: 225.8 | D54: 60 | E54: 10706.2 | F54: 9291.4 | G54: =+C54+E54 -> 10932 | H54: =+D54+F54 -> 9351.4 | I54: =+(G54/H54-1)*100 -> 16.902282 | J54: 362 | L54: =+G54-G53 -> 6
A55: =+A54+7 -> 39219 | C55: 286.8 | D55: 60 | E55: 10706.9 | F55: 9291.4 | G55: =+C55+E55 -> 10993.7 | H55: =+D55+F55 -> 9351.4 | I55: =+(G55/H55-1)*100 -> 17.562076 | J55: 2564 | L55: =+G55-G54 -> 61.7
A56: =+A55+7 -> 39226 | C56: 291.1 | D56: 60 | E56: 10770.9 | F56: 9346.2 | G56: =+C56+E56 -> 11062 | H56: =+D56+F56 -> 9406.2 | I56: =+(G56/H56-1)*100 -> 17.603283 | J56: 3064 | L56: =+G56-G55 -> 68.3
A57: =+A56+7 -> 39233 | C57: 292.9 | D57: 60 | E57: 10770.9 | F57: 9346.2 | G57: =+C57+E57 -> 11063.8 | H57: =+D57+F57 -> 9406.2 | I57: =+(G57/H57-1)*100 -> 17.622419 | J57: 3064
A58: =+A57+7 -> 39240 | C58: 290.6 | D58: 173 | E58: 10773.2 | F58: 9346.2 | G58: =+C58+E58 -> 11063.8 | H58: =+D58+F58 -> 9519.2 | I58: =+(G58/H58-1)*100 -> 16.226153 | J58: 3064
A59: =+A58+7 -> 39247 | C59: 338.6 | D59: 173 | E59: 10775.7 | F59: 9346.2 | G59: =+C59+E59 -> 11114.3 | H59: =+D59+F59 -> 9519.2 | I59: =+(G59/H59-1)*100 -> 16.75666 | J59: 3064
A60: =+A59+7 -> 39254 | C60: 228 | D60: 289 | E60: 10950.7 | F60: 9346.2 | G60: =+C60+E60 -> 11178.7 | H60: =+D60+F60 -> 9635.2 | I60: =+(G60/H60-1)*100 -> 16.019387 | J60: 3064
A61: =+A60+7 -> 39261 | C61: 228 | D61: 367 | E61: 10950.7 | F61: 9346.2 | G61: =+C61+E61 -> 11178.7 | H61: =+D61+F61 -> 9713.2 | I61: =+(G61/H61-1)*100 -> 15.087716 | J61: 3184
A62: =+A61+7 -> 39268 | C62: 228 | D62: 482 | E62: 11010.4 | F62: 9346.2 | G62: =+C62+E62 -> 11238.4 | H62: =+D62+F62 -> 9828.2 | I62: =+(G62/H62-1)*100 -> 14.348507 | J62: 3184
A63: =+A62+7 -> 39275 | C63: 233 | D63: 406 | E63: 11010.4 | F63: 9408 | G63: =+C63+E63 -> 11243.4 | H63: =+D63+F63 -> 9814 | I63: =+(G63/H63-1)*100 -> 14.564907 | J63: 3184
A64: =+A63+7 -> 39282 | C64: 293 | D64: 346 | E64: 11010.4 | F64: 9408 | G64: =+C64+E64 -> 11303.4 | H64: =+D64+F64 -> 9754 | I64: =+(G64/H64-1)*100 -> 15.884765 | J64: 3184
A65: =+A64+7 -> 39289 | C65: 292.6 | D65: 346 | E65: 11010.9 | F65: 9408 | G65: =+C65+E65 -> 11303.5 | H65: =+D65+F65 -> 9754 | I65: =+(G65/H65-1)*100 -> 15.88579 | J65: 3304
A66: =+A65+7 -> 39296 | C66: 279.6 | D66: 280 | E66: 11139.6 | F66: 9531.6 | G66: =+C66+E66 -> 11419.2 | H66: =+D66+F66 -> 9811.6 | I66: =+(G66/H66-1)*100 -> 16.384688 | J66: 3424
A67: =+A66+7 -> 39303 | C67: 388 | D67: 340 | E67: 11141.2 | F67: 9531.6 | G67: =+C67+E67 -> 11529.2 | H67: =+D67+F67 -> 9871.6 | I67: =+(G67/H67-1)*100 -> 16.791604 | J67: 3484
A68: =+A67+7 -> 39310 | C68: 302 | D68: 225 | E68: 11201.2 | F68: 9596.6 | G68: =+C68+E68 -> 11503.2 | H68: =+D68+F68 -> 9821.6 | I68: =+(G68/H68-1)*100 -> 17.121447 | J68: 4012
... A70: =+A69+7 -> 39324 | C70: 75.6 | D70: 60 | E70: 11453.5 | F70: 9706.3 | G70: =+C70+E70 -> 11529.1 | H70: =+D70+F70 -> 9766.3 | I70: =+(G70/H70-1)*100 -> 18.049824 | J70: 4375
A71: =+A70+7 -> 39331 | C71: 4571.5 | D71: 3081 | E71: 20.5 | F71: 0 | G71: =+C71+E71 -> 4592 | H71: =+D71+F71 -> 3081 | I71: =+(G71/H71-1)*100 -> 49.042519
A72: =+A71+7 -> 39338 | C72: 4591.5 | D72: 3295.4 | E72: 141.6 | F72: 111.8 | G72: =+C72+E72 -> 4733.1 | H72: =+D72+F72 -> 3407.2 | I72: =+(G72/H72-1)*100 -> 38.914651
A73: =+A72+7 -> 39345 | C73: 4700.3 | D73: 3477 | E73: 272.9 | F73: 171.5 | G73: =+C73+E73 -> 4973.2 | H73: =+D73+F73 -> 3648.5 | I73: =+(G73/H73-1)*100 -> 36.308072
A74: =+A73+7 -> 39352 | C74: 4872.5 | D74: 3760 | E74: 391.2 | F74: 459.3 | G74: =+C74+E74 -> 5263.7 | H74: =+D74+F74 -> 4219.3 | I74: =+(G74/H74-1)*100 -> 24.752921
A75: =+A74+7 -> 39359 | C75: 4918.2 | D75: 4146.5 | E75: 563.8 | F75: 573.6 | G75: =+C75+E75 -> 5482 | H75: =+D75+F75 -> 4720.1 | I75: =+(G75/H75-1)*100 -> 16.141607
A76: =+A75+7 -> 39366 | C76: 4572.3 | D76: 4168.4 | E76: 1101.7 | F76: 940 | G76: =+C76+E76 -> 5674 | H76: =+D76+F76 -> 5108.4 | I76: =+(G76/H76-1)*100 -> 11.07196
A77: =+A76+7 -> 39373 | C77: 4246.1 | D77: 3912.6 | E77: 1499.6 | F77: 1493.7 | G77: =+C77+E77 -> 5745.7 | H77: =+D77+F77 -> 5406.3 | I77: =+(G77/H77-1)*100 -> 6.277861
A78: =+A77+7 -> 39380 | C78: 4279.2 | D78: 3419.6 | E78: 1746.8 | F78: 2322.6 | G78: =+C78+E78 -> 6026 | H78: =+D78+F78 -> 5742.2 | I78: =+(G78/H78-1)*100 -> 4.9423566
A79: =+A78+7 -> 39387 | C79: 4112.4 | D79: 3001.8 | E79: 2030.9 | F79: 2911.6 | G79: =+C79+E79 -> 6143.3 | H79: =+D79+F79 -> 5913.4 | I79: =+(G79/H79-1)*100 -> 3.8877803
A80: =+A79+7 -> 39394 | C80: 4806.5 | D80: 2834.3 | E80: 2253.3 | F80: 3377.7 | G80: =+C80+E80 -> 7059.8 | H80: =+D80+F80 -> 6212 | I80: =+(G80/H80-1)*100 -> 13.647778
A81: =+A80+7 -> 39401 | C81: 5632.8 | D81: 2862.2 | E81: 2623.1 | F81: 3603.3 | G81: =+C81+E81 -> 8255.9 | H81: =+D81+F81 -> 6465.5 | I81: =+(G81/H81-1)*100 -> 27.691594
A82: =+A81+7 -> 39408 | C82: 5706.4 | D82: 2980.7 | E82: 3110.7 | F82: 3835.7 | G82: =+C82+E82 -> 8817.1 | H82: =+D82+F82 -> 6816.4 | I82: =+(G82/H82-1)*100 -> 29.35127
... A104: =+A103+7 -> 39562 | C104: 1657.9 | D104: 340.8 | E104: 11208 | F104: 10469.1 | G104: =+C104+E104 -> 12865.9 | H104: =+D104+F104 -> 10809.9 | I104: =+(G104/H104-1)*100 -> 19.019602
A105: =+A104+7 -> 39569 | C105: 1532.5 | D105: 285.8 | E105: 11335.6 | F105: 10640.2 | G105: =+C105+E105 -> 12868.1 | H105: =+D105+F105 -> 10926 | I105: =+(G105/H105-1)*100 -> 17.775032 | J105: 110
A106: =+A105+7 -> 39576 | C106: 1292.1 | D106: 225.8 | E106: 11641.8 | F106: 10706.2 | G106: =+C106+E106 -> 12933.9 | H106: =+D106+F106 -> 10932 | I106: =+(G106/H106-1)*100 -> 18.312294 | J106: 110
A107: =+A106+7 -> 39583 | C107: 1420.1 | D107: 286.8 | E107: 11707.8 | F107: 10706.9 | G107: =+C107+E107 -> 13127.9 | H107: =+D107+F107 -> 10993.7 | I107: =+(G107/H107-1)*100 -> 19.412936 | J107: 539
A108: =+A107+7 -> 39590 | C108: 1322.1 | D108: 291.1 | E108: 11879.2 | F108: 10770.9 | G108: =+C108+E108 -> 13201.3 | H108: =+D108+F108 -> 11062 | I108: =+(G108/H108-1)*100 -> 19.339179 | J108: 599
A109: =+A108+7 -> 39597 | C109: 1427.2 | D109: 292.9 | E109: 11999.5 | F109: 10770.9 | G109: =+C109+E109 -> 13426.7 | H109: =+D109+F109 -> 11063.8 | I109: =+(G109/H109-1)*100 -> 21.357038 | J109: 761
A110: =+A109+7 -> 39604 | C110: 1504.3 | D110: 290.6 | E110: 12002.5 | F110: 10773.2 | G110: =+C110+E110 -> 13506.8 | H110: =+D110+F110 -> 11063.8 | I110: =+(G110/H110-1)*100 -> 22.081021 | J110: 761 | K110: 2240 | L110: =+K110+J110 -> 3001
A111: =+A110+7 -> 39611 | C111: 1504.3 | D111: 290.6 | E111: 12002.5 | F111: 10773.2 | G111: =+C111+E111 -> 13506.8 | H111: =+D111+F111 -> 11063.8 | I111: =+(G111/H111-1)*100 -> 22.081021 | J111: 761
A112: =+A111+7 -> 39618 | C112: 1044.8 | D112: 228 | E112: 12188.6 | F112: 10950.7 | G112: =+C112+E112 -> 13233.4 | H112: =+D112+F112 -> 11178.7 | I112: =+(G112/H112-1)*100 -> 18.380491 | J112: 3001
A113: =+A112+7 -> 39625 | C113: 1003.9 | D113: 228 | E113: 12430.1 | F113: 10950.7 | G113: =+C113+E113 -> 13434 | H113: =+D113+F113 -> 11178.7 | I113: =+(G113/H113-1)*100 -> 20.174976 | J113: 3166
A114: =+A113+7 -> 39632 | C114: 897.6 | D114: 228 | E114: 12539.5 | F114: 11010.4 | G114: =+C114+E114 -> 13437.1 | H114: =+D114+F114 -> 11238.4 | I114: =+(G114/H114-1)*100 -> 19.564173 | J114: 3221
A115: =+A114+7 -> 39639 | C115: 820.4 | D115: 233 | E115: 12672.7 | F115: 11010.4 | G115: =+C115+E115 -> 13493.1 | H115: =+D115+F115 -> 11243.4 | I115: =+(G115/H115-1)*100 -> 20.009072 | J115: 3221
A116: =+A115+7 -> 39646 | C116: 702 | D116: 293 | E116: 12797.1 | F116: 11010.4 | G116: =+C116+E116 -> 13499.1 | H116: =+D116+F116 -> 11303.4 | I116: =+(G116/H116-1)*100 -> 19.425129 | J116: 3631
A117: =+A116+7 -> 39653 | C117: 651.9 | D117: 292.6 | E117: 12981.8 | F117: 11010.9 | G117: =+C117+E117 -> 13633.7 | H117: =+D117+F117 -> 11303.5 | I117: =+(G117/H117-1)*100 -> 20.614854 | J117: 3811
A118: =+A117+7 -> 39660 | C118: 564.9 | D118: 279.6 | E118: 13225 | F118: 11139.6 | G118: =+C118+E118 -> 13789.9 | H118: =+D118+F118 -> 11419.2 | I118: =+(G118/H118-1)*100 -> 20.760649 | J118: 3986
A119: =+A118+7 -> 39667 | C119: 506.8 | D119: 388 | E119: 13226.9 | F119: 11141.2 | G119: =+C119+E119 -> 13733.7 | H119: =+D119+F119 -> 11529.2 | I119: =+(G119/H119-1)*100 -> 19.121014 | J119: 4036
A120: =+A119+7 -> 39674 | C120: 474.4 | D120: 302 | E120: 13227.8 | F120: 11201.2 | G120: =+C120+E120 -> 13702.2 | H120: =+D120+F120 -> 11503.2 | I120: =+(G120/H120-1)*100 -> 19.11642 | J120: 4071
A121: =+A120+7 -> 39681 | C121: 233.6 | D121: 185.6 | E121: 13228.7 | F121: 11270.3 | G121: =+C121+E121 -> 13462.3 | H121: =+D121+F121 -> 11455.9 | I121: =+(G121/H121-1)*100 -> 17.514119 | J121: 4161 | L121: =+J172 -> 6866.8
A122: =+A121+7 -> 39688 | C122: 171.6 | D122: 75.6 | E122: 13353.3 | F122: 11453.5 | G122: =+C122+E122 -> 13524.9 | H122: =+D122+F122 -> 11529.1 | I122: =+(G122/H122-1)*100 -> 17.310978 | J122: 4221 | K122: =+G122-Data!N85 -> 13354.1 | L122: =+L121+1006 -> 7872.8
A123: =+A122+7 -> 39695 | C123: 4561.8 | D123: 4571.5 | E123: 0 | F123: 20.5 | G123: =+C123+E123 -> 4561.8 | H123: =+D123+F123 -> 4592 | I123: =+(G123/H123-1)*100 -> -0.65766551
A124: =+A123+7 -> 39702 | C124: 4615.5 | D124: 4591.5 | E124: 61.2 | F124: 141.6 | G124: =+C124+E124 -> 4676.7 | H124: =+D124+F124 -> 4733.1 | I124: =+(G124/H124-1)*100 -> -1.191608
A125: =+A124+7 -> 39709 | C125: 5080.4 | D125: 4700.3 | E125: 61.3 | F125: 272.9 | G125: =+C125+E125 -> 5141.7 | H125: =+D125+F125 -> 4973.2 | I125: =+(G125/H125-1)*100 -> 3.3881605
A126: =+A125+7 -> 39716 | C126: 5398.5 | D126: 4872.5 | E126: 61.3 | F126: 391.2 | G126: =+C126+E126 -> 5459.8 | H126: =+D126+F126 -> 5263.7 | I126: =+(G126/H126-1)*100 -> 3.7255163
A127: =+A126+7 -> 39723 | C127: 5391.7 | D127: 4918.2 | E127: 236.9 | F127: 563.8 | G127: =+C127+E127 -> 5628.6 | H127: =+D127+F127 -> 5482 | I127: =+(G127/H127-1)*100 -> 2.6742065
A128: =+A127+7 -> 39730 | C128: 5338.2 | D128: 4572.3 | E128: 479.8 | F128: 1101.7 | G128: =+C128+E128 -> 5818 | H128: =+D128+F128 -> 5674 | I128: =+(G128/H128-1)*100 -> 2.5378921
A129: =+A128+7 -> 39737 | C129: 5203.9 | D129: 4246.1 | E129: 972 | F129: 1499.6 | G129: =+C129+E129 -> 6175.9 | H129: =+D129+F129 -> 5745.7 | I129: =+(G129/H129-1)*100 -> 7.4873384
A130: =+A129+7 -> 39744 | C130: 5202.7 | D130: 4279.2 | E130: 1762 | F130: 1746.8 | G130: =+C130+E130 -> 6964.7 | H130: =+D130+F130 -> 6026 | I130: =+(G130/H130-1)*100 -> 15.577498
A131: =+A130+7 -> 39751 | C131: 5008.6 | D131: 4112.4 | E131: 2598.6 | F131: 2030.9 | G131: =+C131+E131 -> 7607.2 | H131: =+D131+F131 -> 6143.3 | I131: =+(G131/H131-1)*100 -> 23.829212
...

Sheet Mexico
C1: Outstanding Sales (Unshipped) | E1: Accumulated Exports | G1: Total Commitments | K1: 05/06Projected | L1: 04/05 | M1: Chng in | N1: Chnge in | O1: Weekly
A2: EXPORT SALES, Mexico | C2: current | D2: last | E2: current | F2: last | G2: current | H2: last | I2: % change | K2: Exports | L2: Exports | M2: Ttl Cmtmnts | N2: unshipped | O2: Sales
A3: 38855 | C3: 489.8 | D3: 352.9 | E3: 2635.8 | F3: 2513.8 | G3: =+C3+E3 -> 3125.6 | H3: =+D3+F3 -> 2866.7 | I3: =+(G3/H3-1)*100 -> 9.0312903
A4: 38862 | C4: 475.1 | D4: 374.9 | E4: 2733.3 | F4: 2585.5 | G4: =+C4+E4 -> 3208.4 | H4: =+D4+F4 -> 2960.4 | I4: =+(G4/H4-1)*100 -> 8.3772463 | J4: 40
A5: 38869 | C5: 414.3 | D5: 397.7 | E5: 2805.5 | F5: 2643.2 | G5: =+C5+E5 -> 3219.8 | H5: =+D5+F5 -> 3040.9 | I5: =+(G5/H5-1)*100 -> 5.8831267 | J5: 40
A6: 38876 | C6: 345.7 | D6: 371.1 | E6: 2911.8 | F6: 2734.2 | G6: =+C6+E6 -> 3257.5 | H6: =+D6+F6 -> 3105.3 | I6: =+(G6/H6-1)*100 -> 4.9012978 | J6: 40
A7: =+A6+7 -> 38883 | C7: 338.4 | D7: 359.5 | E7: 2971.9 | F7: 2834.1 | G7: =+C7+E7 -> 3310.3 | H7: =+D7+F7 -> 3193.6 | I7: =+(G7/H7-1)*100 -> 3.6541834 | J7: 40
A8: =+A7+7 -> 38890 | C8: 374.8 | D8: 338.8 | E8: 2993.4 | F8: 2923.9 | G8: =+C8+E8 -> 3368.2 | H8: =+D8+F8 -> 3262.7 | I8: =+(G8/H8-1)*100 -> 3.2335183 | J8: 40
A9: =+A8+7 -> 38897 | C9: 368.3 | D9: 378.5 | E9: 3025.4 | F9: 2956 | G9: =+C9+E9 -> 3393.7 | H9: =+D9+F9 -> 3334.5 | I9: =+(G9/H9-1)*100 -> 1.7753786 | J9: 40
A10: =+A9+7 -> 38904 | C10: 370.8 | D10: 327.2 | E10: 3072.2 | F10: 3019.5 | G10: =+C10+E10 -> 3443 | H10: =+D10+F10 -> 3346.7 | I10: =+(G10/H10-1)*100 -> 2.8774614 | J10: 71
A11: =+A10+7 -> 38911 | C11: 291.3 | D11: 322.4 | E11: 3154.6 | F11: 3060.8 | G11: =+C11+E11 -> 3445.9 | H11: =+D11+F11 -> 3383.2 | I11: =+(G11/H11-1)*100 -> 1.853275 | J11: 71
A12: =+A11+7 -> 38918 | C12: 307.2 | D12: 295 | E12: 3203.2 | F12: 3142.5 | G12: =+C12+E12 -> 3510.4 | H12: =+D12+F12 -> 3437.5 | I12: =+(G12/H12-1)*100 -> 2.1207273 | J12: 101
A13: =+A12+7 -> 38925 | C13: 303.6 | D13: 258.8 | E13: 3288.1 | F13: 3198.4 | G13: =+C13+E13 -> 3591.7 | H13: =+D13+F13 -> 3457.2 | I13: =+(G13/H13-1)*100 -> 3.8904316 | J13: 101
A14: =+A13+7 -> 38932 | C14: 253.1 | D14: 258.9 | E14: 3366.1 | F14: 3227 | G14: =+C14+E14 -> 3619.2 | H14: =+D14+F14 -> 3485.9 | I14: =+(G14/H14-1)*100 -> 3.8239766 | J14: 101
A15: =+A14+7 -> 38939 | C15: 283.2 | D15: 223.5 | E15: 3418.9 | F15: 3304.3 | G15: =+C15+E15 -> 3702.1 | H15: =+D15+F15 -> 3527.8 | I15: =+(G15/H15-1)*100 -> 4.9407563 | J15: 121
A16: =+A15+7 -> 38946 | C16: 240.4 | D16: 188.2 | E16: 3470 | F16: 3364.2 | G16: =+C16+E16 -> 3710.4 | H16: =+D16+F16 -> 3552.4 | I16: =+(G16/H16-1)*100 -> 4.4476973 | J16: 134.5
A17: =+A16+7 -> 38953 | C17: 172.2 | D17: 151.3 | E17: 3563.2 | F17: 3421.3 | G17: =+C17+E17 -> 3735.4 | H17: =+D17+F17 -> 3572.6 | I17: =+(G17/H17-1)*100 -> 4.5569053 | J17: 171.1
A18: =+A17+7 -> 38960 | C18: 150.7 | D18: 122.2 | E18: 3594 | F18: 3456.3 | G18: =+C18+E18 -> 3744.7 | H18: =+D18+F18 -> 3578.5 | I18: =+(G18/H18-1)*100 -> 4.6444041 | J18: 361.5
A19: =+A18+7 -> 38967 | C19: 365.3 | D19: 629.4 | E19: 128.1 | F19: 32.5 | G19: =+C19+E19 -> 493.4 | H19: =+D19+F19 -> 661.9 | I19: =+(G19/H19-1)*100 -> -25.457018
A20: =+A19+7 -> 38974 | C20: 389.7 | D20: 692.3 | E20: 162.3 | F20: 108.7 | G20: =+C20+E20 -> 552 | H20: =+D20+F20 -> 801 | I20: =+(G20/H20-1)*100 -> -31.086142
A21: =+A20+7 -> 38981 | C21: 411.8 | D21: 767.9 | E21: 238.4 | F21: 131.8 | G21: =+C21+E21 -> 650.2 | H21: =+D21+F21 -> 899.7 | I21: =+(G21/H21-1)*100 -> -27.731466
A22: =+A21+7 -> 38988 | C22: 395.8 | D22: 753.1 | E22: 316 | F22: 188.5 | G22: =+C22+E22 -> 711.8 | H22: =+D22+F22 -> 941.6 | I22: =+(G22/H22-1)*100 -> -24.405268
A23: =+A22+7 -> 38995 | C23: 408.6 | D23: 716.2 | E23: 397.1 | F23: 261.8 | G23: =+C23+E23 -> 805.7 | H23: =+D23+F23 -> 978 | I23: =+(G23/H23-1)*100 -> -17.617587
A24: =+A23+7 -> 39002 | C24: 341.1 | D24: 712.7 | E24: 568.8 | F24: 341.8 | G24: =+C24+E24 -> 909.9 | H24: =+D24+F24 -> 1054.5 | I24: =+(G24/H24-1)*100 -> -13.71266
A25: =+A24+7 -> 39009 | C25: 261.6 | D25: 606 | E25: 691.9 | F25: 512.9 | G25: =+C25+E25 -> 953.5 | H25: =+D25+F25 -> 1118.9 | I25: =+(G25/H25-1)*100 -> -14.782376
A26: =+A25+7 -> 39016 | C26: 388.1 | D26: 638.6 | E26: 721.5 | F26: 607.1 | G26: =+C26+E26 -> 1109.6 | H26: =+D26+F26 -> 1245.7 | I26: =+(G26/H26-1)*100 -> -10.925584
A27: =+A26+7 -> 39023 | C27: 394 | D27: 566.1 | E27: 803.3 | F27: 736.2 | G27: =+C27+E27 -> 1197.3 | H27: =+D27+F27 -> 1302.3 | I27: =+(G27/H27-1)*100 -> -8.0626584
A28: =+A27+7 -> 39030 | C28: 356.3 | D28: 486.1 | E28: 905.3 | F28: 830.8 | G28: =+C28+E28 -> 1261.6 | H28: =+D28+F28 -> 1316.9 | I28: =+(G28/H28-1)*100 -> -4.1992558
A29: =+A28+7 -> 39037 | C29: 415.8 | D29: 459.1 | E29: 922.4 | F29: 927.2 | G29: =+C29+E29 -> 1338.2 | H29: =+D29+F29 -> 1386.3 | I29: =+(G29/H29-1)*100 -> -3.4696675
A30: =+A29+7 -> 39044 | C30: 402.8 | D30: 443.7 | E30: 979 | F30: 951.7 | G30: =+C30+E30 -> 1381.8 | H30: =+D30+F30 -> 1395.4 | I30: =+(G30/H30-1)*100 -> -0.97463093
... A52: =+A51+7 -> 39198 | C52: 826.6 | D52: 422.6 | E52: 2583.8 | F52: 2403.6 | G52: =+C52+E52 -> 3410.4 | H52: =+D52+F52 -> 2826.2 | I52: =+(G52/H52-1)*100 -> 20.670865
A53: =+A52+7 -> 39205 | C53: 789.4 | D53: 447.1 | E53: 2639.3 | F53: 2460.5 | G53: =+C53+E53 -> 3428.7 | H53: =+D53+F53 -> 2907.6 | I53: =+(G53/H53-1)*100 -> 17.921998 | J53: 180
A54: =+A53+7 -> 39212 | C54: 759.6 | D54: 450.1 | E54: 2704.5 | F54: 2563.4 | G54: =+C54+E54 -> 3464.1 | H54: =+D54+F54 -> 3013.5 | I54: =+(G54/H54-1)*100 -> 14.952713 | J54: 180
A55: =+A54+7 -> 39219 | C55: 624.5 | D55: 489.8 | E55: 2839.5 | F55: 2635.8 | G55: =+C55+E55 -> 3464 | H55: =+D55+F55 -> 3125.6 | I55: =+(G55/H55-1)*100 -> 10.826721 | J55: 211
A56: =+A55+7 -> 39226 | C56: 683.7 | D56: 475.1 | E56: 2908.1 | F56: 2733.3 | G56: =+C56+E56 -> 3591.8 | H56: =+D56+F56 -> 3208.4 | I56: =+(G56/H56-1)*100 -> 11.949882 | J56: 241
A57: =+A56+7 -> 39233 | C57: 663 | D57: 414.3 | E57: 2943.7 | F57: 2805.5 | G57: =+C57+E57 -> 3606.7 | H57: =+D57+F57 -> 3219.8 | I57: =+(G57/H57-1)*100 -> 12.016274 | J57: 241
A58: =+A57+7 -> 39240 | C58: 682.9 | D58: 345.7 | E58: 2995 | F58: 2911.8 | G58: =+C58+E58 -> 3677.9 | H58: =+D58+F58 -> 3257.5 | I58: =+(G58/H58-1)*100 -> 12.905602 | J58: 241
A59: =+A58+7 -> 39247 | C59: 724.3 | D59: 338.4 | E59: 3061.3 | F59: 2971.9 | G59: =+C59+E59 -> 3785.6 | H59: =+D59+F59 -> 3310.3 | I59: =+(G59/H59-1)*100 -> 14.358215 | J59: 272
A60: =+A59+7 -> 39254 | C60: 658 | D60: 374.8 | E60: 3196.8 | F60: 2993.4 | G60: =+C60+E60 -> 3854.8 | H60: =+D60+F60 -> 3368.2 | I60: =+(G60/H60-1)*100 -> 14.446886 | J60: 272
A61: =+A60+7 -> 39261 | C61: 693.4 | D61: 368.3 | E61: 3252.4 | F61: 3025.4 | G61: =+C61+E61 -> 3945.8 | H61: =+D61+F61 -> 3393.7 | I61: =+(G61/H61-1)*100 -> 16.26838 | J61: 283
A62: =+A61+7 -> 39268 | C62: 685.3 | D62: 370.8 | E62: 3290.8 | F62: 3072.2 | G62: =+C62+E62 -> 3976.1 | H62: =+D62+F62 -> 3443 | I62: =+(G62/H62-1)*100 -> 15.48359 | J62: 302
A63: =+A62+7 -> 39275 | C63: 657.9 | D63: 291.3 | E63: 3341 | F63: 3154.6 | G63: =+C63+E63 -> 3998.9 | H63: =+D63+F63 -> 3445.9 | I63: =+(G63/H63-1)*100 -> 16.048057 | J63: 457.9
A64: =+A63+7 -> 39282 | C64: 633.5 | D64: 307.2 | E64: 3383.7 | F64: 3203.2 | G64: =+C64+E64 -> 4017.2 | H64: =+D64+F64 -> 3510.4 | I64: =+(G64/H64-1)*100 -> 14.437101 | J64: 467.7
... A70: =+A69+7 -> 39324 | C70: 200.8 | D70: 150.7 | E70: 3843.9 | F70: 3594 | G70: =+C70+E70 -> 4044.7 | H70: =+D70+F70 -> 3744.7 | I70: =+(G70/H70-1)*100 -> 8.0113227 | J70: 588.4
A71: =+A70+7 -> 39331 | C71: 770.4 | D71: 365.3 | E71: 17.4 | F71: 128.1 | G71: =+C71+E71 -> 787.8 | H71: =+D71+F71 -> 493.4 | I71: =+(G71/H71-1)*100 -> 59.667612
A72: =+A71+7 -> 39338 | C72: 776.7 | D72: 389.7 | E72: 69.9 | F72: 162.3 | G72: =+C72+E72 -> 846.6 | H72: =+D72+F72 -> 552 | I72: =+(G72/H72-1)*100 -> 53.369565
A73: =+A72+7 -> 39345 | C73: 695.6 | D73: 411.8 | E73: 206.4 | F73: 238.4 | G73: =+C73+E73 -> 902 | H73: =+D73+F73 -> 650.2 | I73: =+(G73/H73-1)*100 -> 38.726546
A74: =+A73+7 -> 39352 | C74: 728.9 | D74: 395.8 | E74: 249.2 | F74: 316 | G74: =+C74+E74 -> 978.1 | H74: =+D74+F74 -> 711.8 | I74: =+(G74/H74-1)*100 -> 37.412194
A75: =+A74+7 -> 39359 | C75: 705.1 | D75: 408.6 | E75: 361.2 | F75: 397.1 | G75: =+C75+E75 -> 1066.3 | H75: =+D75+F75 -> 805.7 | I75: =+(G75/H75-1)*100 -> 32.344545
A76: =+A75+7 -> 39366 | C76: 790.5 | D76: 341.1 | E76: 398.2 | F76: 568.8 | G76: =+C76+E76 -> 1188.7 | H76: =+D76+F76 -> 909.9 | I76: =+(G76/H76-1)*100 -> 30.64073
A77: =+A76+7 -> 39373 | C77: 745.9 | D77: 261.6 | E77: 484 | F77: 691.9 | G77: =+C77+E77 -> 1229.9 | H77: =+D77+F77 -> 953.5 | I77: =+(G77/H77-1)*100 -> 28.987939
A78: =+A77+7 -> 39380 | C78: 786 | D78: 388.1 | E78: 551.5 | F78: 721.5 | G78: =+C78+E78 -> 1337.5 | H78: =+D78+F78 -> 1109.6 | I78: =+(G78/H78-1)*100 -> 20.538933
A79: =+A78+7 -> 39387 | C79: 679.5 | D79: 394 | E79: 667.7 | F79: 803.3 | G79: =+C79+E79 -> 1347.2 | H79: =+D79+F79 -> 1197.3 | I79: =+(G79/H79-1)*100 -> 12.519836
A80: =+A79+7 -> 39394 | C80: 589.9 | D80: 356.3 | E80: 778 | F80: 905.3 | G80: =+C80+E80 -> 1367.9 | H80: =+D80+F80 -> 1261.6 | I80: =+(G80/H80-1)*100 -> 8.4258085
A81: =+A80+7 -> 39401 | C81: 622.4 | D81: 415.8 | E81: 825.3 | F81: 922.4 | G81: =+C81+E81 -> 1447.7 | H81: =+D81+F81 -> 1338.2 | I81: =+(G81/H81-1)*100 -> 8.1826334
A82: =+A81+7 -> 39408 | C82: 643.3 | D82: 402.8 | E82: 908.5 | F82: 979 | G82: =+C82+E82 -> 1551.8 | H82: =+D82+F82 -> 1381.8 | I82: =+(G82/H82-1)*100 -> 12.302793
... A95: =+A94+7 -> 39499 | C95: 954.7 | D95: 662.4 | E95: 1699.3 | F95: 1816.6 | G95: =+C95+E95 -> 2654 | H95: =+D95+F95 -> 2479 | I95: =+(G95/H95-1)*100 -> 7.0592981
A96: =+A95+7 -> 39506 | C96: 918.4 | D96: 720.9 | E96: 1797.2 | F96: 1873.3 | G96: =+C96+E96 -> 2715.6 | H96: =+D96+F96 -> 2594.2 | I96: =+(G96/H96-1)*100 -> 4.67967 | J96: 30
A97: =+A96+7 -> 39513 | C97: 967.3 | D97: 826.5 | E97: 1890.5 | F97: 1958.3 | G97: =+C97+E97 -> 2857.8 | H97: =+D97+F97 -> 2784.8 | I97: =+(G97/H97-1)*100 -> 2.6213732
A98: =+A97+7 -> 39520 | C98: 982.7 | D98: 964.8 | E98: 1978.9 | F98: 2053.5 | G98: =+C98+E98 -> 2961.6 | H98: =+D98+F98 -> 3018.3 | I98: =+(G98/H98-1)*100 -> -1.8785409
A99: =+A98+7 -> 39527 | C99: 983 | D99: 938.4 | E99: 2024.2 | F99: 2124.2 | G99: =+C99+E99 -> 3007.2 | H99: =+D99+F99 -> 3062.6 | I99: =+(G99/H99-1)*100 -> -1.8089205
A100: =+A99+7 -> 39534 | C100: 917.4 | D100: 897.6 | E100: 2137.3 | F100: 2208.2 | G100: =+C100+E100 -> 3054.7 | H100: =+D100+F100 -> 3105.8 | I100: =+(G100/H100-1)*100 -> -1.6453088
A101: =+A100+7 -> 39541 | C101: 866.3 | D101: 841.7 | E101: 2197.8 | F101: 2302.3 | G101: =+C101+E101 -> 3064.1 | H101: =+D101+F101 -> 3144 | I101: =+(G101/H101-1)*100 -> -2.5413486
A102: =+A101+7 -> 39548 | C102: 831.3 | D102: 865.6 | E102: 2232.9 | F102: 2400.5 | G102: =+C102+E102 -> 3064.2 | H102: =+D102+F102 -> 3266.1 | I102: =+(G102/H102-1)*100 -> -6.1816846
A103: =+A102+7 -> 39555 | C103: 897.3 | D103: 833.3 | E103: 2337.3 | F103: 2476.5 | G103: =+C103+E103 -> 3234.6 | H103: =+D103+F103 -> 3309.8 | I103: =+(G103/H103-1)*100 -> -2.2720406
A104: =+A103+7 -> 39562 | C104: 935.1 | D104: 826.6 | E104: 2388.6 | F104: 2583.8 | G104: =+C104+E104 -> 3323.7 | H104: =+D104+F104 -> 3410.4 | I104: =+(G104/H104-1)*100 -> -2.5422238
A105: =+A104+7 -> 39569 | C105: 875.1 | D105: 789.4 | E105: 2461.2 | F105: 2639.3 | G105: =+C105+E105 -> 3336.3 | H105: =+D105+F105 -> 3428.7 | I105: =+(G105/H105-1)*100 -> -2.6948989 | J105: 122.1
A106: =+A105+7 -> 39576 | C106: 819.9 | D106: 759.6 | E106: 2545.6 | F106: 2704.5 | G106: =+C106+E106 -> 3365.5 | H106: =+D106+F106 -> 3464.1 | I106: =+(G106/H106-1)*100 -> -2.8463382 | J106: 122.1
A107: =+A106+7 -> 39583 | C107: 803.7 | D107: 624.5 | E107: 2625.5 | F107: 2839.1 | G107: =+C107+E107 -> 3429.2 | H107: =+D107+F107 -> 3463.6 | I107: =+(G107/H107-1)*100 -> -0.99318628 | J107: 122.1
A108: =+A107+7 -> 39590 | C108: 739.8 | D108: 683.7 | E108: 2723.9 | F108: 2907.7 | G108: =+C108+E108 -> 3463.7 | H108: =+D108+F108 -> 3591.4 | I108: =+(G108/H108-1)*100 -> -3.5557164 | J108: 159.4
A109: =+A108+7 -> 39597 | C109: 678.6 | D109: 663 | E109: 2792.7 | F109: 2943.3 | G109: =+C109+E109 -> 3471.3 | H109: =+D109+F109 -> 3606.3 | I109: =+(G109/H109-1)*100 -> -3.743449 | J109: 159.4
A110: =+A109+7 -> 39604 | C110: 660.6 | D110: 682.9 | E110: 2830.4 | F110: 2994.6 | G110: =+C110+E110 -> 3491 | H110: =+D110+F110 -> 3677.5 | I110: =+(G110/H110-1)*100 -> -5.07138 | J110: 187
A111: =+A110+7 -> 39611 | C111: 660.6 | D111: 682.9 | E111: 2830.4 | F111: 2994.6 | G111: =+C111+E111 -> 3491 | H111: =+D111+F111 -> 3677.5 | I111: =+(G111/H111-1)*100 -> -5.07138 | J111: 187
A112: =+A111+7 -> 39618 | C112: 539.5 | D112: 658 | E112: 2980 | F112: 3196.4 | G112: =+C112+E112 -> 3519.5 | H112: =+D112+F112 -> 3854.4 | I112: =+(G112/H112-1)*100 -> -8.6887713 | J112: 222.7
A113: =+A112+7 -> 39625 | C113: 483.6 | D113: 693.4 | E113: 3058.6 | F113: 3252.4 | G113: =+C113+E113 -> 3542.2 | H113: =+D113+F113 -> 3945.8 | I113: =+(G113/H113-1)*100 -> -10.228597 | J113: 222.7
A114: =+A113+7 -> 39632 | C114: 489.7 | D114: 685.3 | E114: 3112.4 | F114: 3290.8 | G114: =+C114+E114 -> 3602.1 | H114: =+D114+F114 -> 3976.1 | I114: =+(G114/H114-1)*100 -> -9.4062021 | J114: 222.7
A115: =+A114+7 -> 39639 | C115: 445.4 | D115: 657.9 | E115: 3150 | F115: 3341 | G115: =+C115+E115 -> 3595.4 | H115: =+D115+F115 -> 3998.9 | I115: =+(G115/H115-1)*100 -> -10.090275 | J115: 241.3
A116: =+A115+7 -> 39646 | C116: 437.4 | D116: 633.5 | E116: 3189.1 | F116: 3383.7 | G116: =+C116+E116 -> 3626.5 | H116: =+D116+F116 -> 4017.2 | I116: =+(G116/H116-1)*100 -> -9.7256796 | J116: 264.3
... A121: =+A120+7 -> 39681 | C121: 178.3 | D121: 257.5 | E121: 3503 | F121: 3774.7 | G121: =+C121+E121 -> 3681.3 | H121: =+D121+F121 -> 4032.2 | I121: =+(G121/H121-1)*100 -> -8.7024453 | J121: 493.3
A122: =+A121+7 -> 39688 | C122: 116.4 | D122: 200.8 | E122: 3574.4 | F122: 3843.9 | G122: =+C122+E122 -> 3690.8 | H122: =+D122+F122 -> 4044.7 | I122: =+(G122/H122-1)*100 -> -8.7497219 | J122: 488 | K122: =+G122-Data!N116 -> 3575
A123: =+A122+7 -> 39695 | C123: 590 | D123: 770.4 | E123: 14.9 | F123: 17.4 | G123: =+C123+E123 -> 604.9 | H123: =+D123+F123 -> 787.8 | I123: =+(G123/H123-1)*100 -> -23.216552
A124: =+A123+7 -> 39702 | C124: 604.3 | D124: 776.7 | E124: 38.7 | F124: 69.9 | G124: =+C124+E124 -> 643 | H124: =+D124+F124 -> 846.6 | I124: =+(G124/H124-1)*100 -> -24.049138
A125: =+A124+7 -> 39709 | C125: 652.8 | D125: 695.6 | E125: 48.2 | F125: 206.4 | G125: =+C125+E125 -> 701 | H125: =+D125+F125 -> 902 | I125: =+(G125/H125-1)*100 -> -22.283814
A126: =+A125+7 -> 39716 | C126: 679.2 | D126: 728.9 | E126: 76.8 | F126: 249.2 | G126: =+C126+E126 -> 756 | H126: =+D126+F126 -> 978.1 | I126: =+(G126/H126-1)*100 -> -22.70729
A127: =+A126+7 -> 39723 | C127: 621.9 | D127: 705.1 | E127: 148.4 | F127: 361.2 | G127: =+C127+E127 -> 770.3 | H127: =+D127+F127 -> 1066.3 | I127: =+(G127/H127-1)*100 -> -27.759542
A128: =+A127+7 -> 39730 | C128: 700.1 | D128: 790.5 | E128: 178.6 | F128: 398.2 | G128: =+C128+E128 -> 878.7 | H128: =+D128+F128 -> 1188.7 | I128: =+(G128/H128-1)*100 -> -26.07891
A129: =+A128+7 -> 39737 | C129: 553.2 | D129: 745.9 | E129: 351.1 | F129: 484 | G129: =+C129+E129 -> 904.3 | H129: =+D129+F129 -> 1229.9 | I129: =+(G129/H129-1)*100 -> -26.473697
A130: =+A129+7 -> 39744 | C130: 473 | D130: 786 | E130: 481.9 | F130: 551.5 | G130: =+C130+E130 -> 954.9 | H130: =+D130+F130 -> 1337.5 | I130: =+(G130/H130-1)*100 -> -28.605607
A131: =+A130+7 -> 39751 | C131: 443.1 | D131: 679.5 | E131: 522.9 | F131: 667.7 | G131: =+C131+E131 -> 966 | H131: =+D131+F131 -> 1347.2 | I131: =+(G131/H131-1)*100 -> -28.295724
A132: =+A131+7 -> 39758 | C132: 413.4 | D132: 589.9 | E132: 634.6 | F132: 778 | G132: =+C132+E132 -> 1048 | H132: =+D132+F132 -> 1367.9 | I132: =+(G132/H132-1)*100 -> -23.386212
A133: =+A132+7 -> 39765 | C133: 508.7 | D133: 622.4 | E133: 661.5 | F133: 825.3 | G133: =+C133+E133 -> 1170.2 | H133: =+D133+F133 -> 1447.7 | I133: =+(G133/H133-1)*100 -> -19.168336
A134: =+A133+7 -> 39772 | C134: 523.9 | D134: 643.3 | E134: 699 | F134: 908.5 | G134: =+C134+E134 -> 1222.9 | H134: =+D134+F134 -> 1551.8 | I134: =+(G134/H134-1)*100 -> -21.194742
... A156: =+A155+7 -> 39926 | C156: 517.7 | D156: 935.1 | E156: 1982.9 | F156: 2388.6 | G156: =+C156+E156 -> 2500.6 | H156: =+D156+F156 -> 3323.7 | I156: =+(G156/H156-1)*100 -> -24.76457
A157: =+A156+7 -> 39933 | C157: 597 | D157: 875.1 | E157: 2008.8 | F157: 2461.2 | G157: =+C157+E157 -> 2605.8 | H157: =+D157+F157 -> 3336.3 | I157: =+(G157/H157-1)*100 -> -21.895513 | J157: 109.5
A158: =+A157+7 -> 39940 | C158: 635.4 | D158: 819.9 | E158: 2124 | F158: 2545.6 | G158: =+C158+E158 -> 2759.4 | H158: =+D158+F158 -> 3365.5 | I158: =+(G158/H158-1)*100 -> -18.009211 | J158: 109.5
A159: =+A158+7 -> 39947 | C159: 588.9 | D159: 803.7 | E159: 2148.4 | F159: 2625.5 | G159: =+C159+E159 -> 2737.3 | H159: =+D159+F159 -> 3429.2 | I159: =+(G159/H159-1)*100 -> -20.176718 | J159: 128.6
A160: =+A159+7 -> 39954 | C160: 571.6 | D160: 739.8 | E160: 2227.4 | F160: 2723.9 | G160: =+C160+E160 -> 2799 | H160: =+D160+F160 -> 3463.7 | I160: =+(G160/H160-1)*100 -> -19.190461 | J160: 128.6
A161: =+A160+7 -> 39961 | C161: 498.2 | D161: 678.6 | E161: 2347.9 | F161: 2792.7 | G161: =+C161+E161 -> 2846.1 | H161: =+D161+F161 -> 3471.3 | I161: =+(G161/H161-1)*100 -> -18.010544 | J161: 128.6
A162: =+A161+7 -> 39968 | C162: 415.4 | D162: 660.6 | E162: 2443.1 | F162: 2830.4 | G162: =+C162+E162 -> 2858.5 | H162: =+D162+F162 -> 3491 | I162: =+(G162/H162-1)*100 -> -18.118018 | J162: 182.2
A163: =+A162+7 -> 39975 | C163: 425.9 | D163: 680.7 | E163: 2483.6 | F163: 2842.6 | G163: =+C163+E163 -> 2909.5 | H163: =+D163+F163 -> 3523.3 | I163: =+(G163/H163-1)*100 -> -17.421168 | J163: 182.2
...

Sheet Japan
C1: Unshipped Balance | E1: Accumulated Exports | G1: Total Commitments | K1: 05/06Projected | L1: 04/05
A2: EXPORT SALES, Japan | C2: 2011 | D2: 2010 | E2: 2011 | F2: 2010 | G2: 2011 | H2: 2010 | I2: % change | K2: Exports | L2: Exports
A3: 38855 | C3: 370 | D3: 438.6 | E3: 2197.5 | F3: 2358.2 | G3: =+C3+E3 -> 2567.5 | H3: =+D3+F3 -> 2796.8 | I3: =+(G3/H3-1)*100 -> -8.1986556
A4: =+A3+7 -> 38862 | C4: 365.1 | D4: 411 | E4: 2254.9 | F4: 2431.2 | G4: =+C4+E4 -> 2620 | H4: =+D4+F4 -> 2842.2 | I4: =+(G4/H4-1)*100 -> -7.8178876 | J4: 393.2
A5: =+A4+7 -> 38869 | C5: 370.9 | D5: 385.2 | E5: 2347.3 | F5: 2450.1 | G5: =+C5+E5 -> 2718.2 | H5: =+D5+F5 -> 2835.3 | I5: =+(G5/H5-1)*100 -> -4.1300744 | J5: 393.2
A6: =+A5+7 -> 38876 | C6: 436.7 | D6: 428.9 | E6: 2353.1 | F6: 2509.6 | G6: =+C6+E6 -> 2789.8 | H6: =+D6+F6 -> 2938.5 | I6: =+(G6/H6-1)*100 -> -5.060405 | J6: 393.4
A7: =+A6+7 -> 38883 | C7: 366.6 | D7: 356 | E7: 2416 | F7: 2610.7 | G7: =+C7+E7 -> 2782.6 | H7: =+D7+F7 -> 2966.7 | I7: =+(G7/H7-1)*100 -> -6.2055483 | J7: 393.4
A8: =+A7+7 -> 38890 | C8: 417.1 | D8: 357.5 | E8: 2451.1 | F8: 2647.5 | G8: =+C8+E8 -> 2868.2 | H8: =+D8+F8 -> 3005 | I8: =+(G8/H8-1)*100 -> -4.5524126 | J8: 393.4
A9: =+A8+7 -> 38897 | C9: 458.1 | D9: 371 | E9: 2477.8 | F9: 2660.1 | G9: =+C9+E9 -> 2935.9 | H9: =+D9+F9 -> 3031.1 | I9: =+(G9/H9-1)*100 -> -3.140774 | J9: 393.4
A10: =+A9+7 -> 38904 | C10: 435.4 | D10: 393.4 | E10: 2517.6 | F10: 2684 | G10: =+C10+E10 -> 2953 | H10: =+D10+F10 -> 3077.4 | I10: =+(G10/H10-1)*100 -> -4.0423734 | J10: 393.6
A11: =+A10+7 -> 38911 | C11: 494.8 | D11: 365.3 | E11: 2541.1 | F11: 2729.4 | G11: =+C11+E11 -> 3035.9 | H11: =+D11+F11 -> 3094.7 | I11: =+(G11/H11-1)*100 -> -1.9000226 | J11: 393.6
A12: =+A11+7 -> 38918 | C12: 448.3 | D12: 326.4 | E12: 2614.4 | F12: 2804 | G12: =+C12+E12 -> 3062.7 | H12: =+D12+F12 -> 3130.4 | I12: =+(G12/H12-1)*100 -> -2.1626629 | J12: 410.2
A13: =+A12+7 -> 38925 | C13: 381.1 | D13: 373.5 | E13: 2700.7 | F13: 2810.7 | G13: =+C13+E13 -> 3081.8 | H13: =+D13+F13 -> 3184.2 | I13: =+(G13/H13-1)*100 -> -3.2158784 | J13: 410.2
A14: =+A13+7 -> 38932 | C14: 354.1 | D14: 331.9 | E14: 2744.8 | F14: 2851.9 | G14: =+C14+E14 -> 3098.9 | H14: =+D14+F14 -> 3183.8 | I14: =+(G14/H14-1)*100 -> -2.6666248 | J14: 444.2
A15: =+A14+7 -> 38939 | C15: 329.9 | D15: 256 | E15: 2757.7 | F15: 2966.1 | G15: =+C15+E15 -> 3087.6 | H15: =+D15+F15 -> 3222.1 | I15: =+(G15/H15-1)*100 -> -4.1742963 | J15: 498
... A18: =+A17+7 -> 38960 | C18: 209 | D18: 167.6 | E18: 3018.8 | F18: 3121.6 | G18: =+C18+E18 -> 3227.8 | H18: =+D18+F18 -> 3289.2 | I18: =+(G18/H18-1)*100 -> -1.8667153 | J18: 776
A19: =+A18+7 -> 38967 | C19: 739 | D19: 656 | E19: 40.6 | F19: 1.4 | G19: =+C19+E19 -> 779.6 | H19: =+D19+F19 -> 657.4 | I19: =+(G19/H19-1)*100 -> 18.588378
A20: =+A19+7 -> 38974 | C20: 777.8 | D20: 626.2 | E20: 95.9 | F20: 46.6 | G20: =+C20+E20 -> 873.7 | H20: =+D20+F20 -> 672.8 | I20: =+(G20/H20-1)*100 -> 29.860285
A21: =+A20+7 -> 38981 | C21: 871.3 | D21: 672.1 | E21: 105.6 | F21: 47.3 | G21: =+C21+E21 -> 976.9 | H21: =+D21+F21 -> 719.4 | I21: =+(G21/H21-1)*100 -> 35.793717
A22: =+A21+7 -> 38988 | C22: 859.6 | D22: 680 | E22: 142.8 | F22: 64.4 | G22: =+C22+E22 -> 1002.4 | H22: =+D22+F22 -> 744.4 | I22: =+(G22/H22-1)*100 -> 34.658786
A23: =+A22+7 -> 38995 | C23: 888.7 | D23: 783.4 | E23: 199.4 | F23: 82.1 | G23: =+C23+E23 -> 1088.1 | H23: =+D23+F23 -> 865.5 | I23: =+(G23/H23-1)*100 -> 25.719237
A24: =+A23+7 -> 39002 | C24: 865.8 | D24: 800.7 | E24: 271.7 | F24: 155.9 | G24: =+C24+E24 -> 1137.5 | H24: =+D24+F24 -> 956.6 | I24: =+(G24/H24-1)*100 -> 18.910725
A25: =+A24+7 -> 39009 | C25: 775.1 | D25: 798.4 | E25: 363.7 | F25: 243.9 | G25: =+C25+E25 -> 1138.8 | H25: =+D25+F25 -> 1042.3 | I25: =+(G25/H25-1)*100 -> 9.2583709
A26: =+A25+7 -> 39016 | C26: 775.8 | D26: 792.9 | E26: 397.4 | F26: 311.9 | G26: =+C26+E26 -> 1173.2 | H26: =+D26+F26 -> 1104.8 | I26: =+(G26/H26-1)*100 -> 6.1911658
A27: =+A26+7 -> 39023 | C27: 838.6 | D27: 802.3 | E27: 410.4 | F27: 346.8 | G27: =+C27+E27 -> 1249 | H27: =+D27+F27 -> 1149.1 | I27: =+(G27/H27-1)*100 -> 8.6937603
A28: =+A27+7 -> 39030 | C28: 740.6 | D28: 882.6 | E28: 538.8 | F28: 362.3 | G28: =+C28+E28 -> 1279.4 | H28: =+D28+F28 -> 1244.9 | I28: =+(G28/H28-1)*100 -> 2.7713069
A29: =+A28+7 -> 39037 | C29: 783.4 | D29: 815.8 | E29: 600.8 | F29: 451 | G29: =+C29+E29 -> 1384.2 | H29: =+D29+F29 -> 1266.8 | I29: =+(G29/H29-1)*100 -> 9.2674455
A30: =+A29+7 -> 39044 | C30: 747.8 | D30: 674.2 | E30: 675.6 | F30: 565.2 | G30: =+C30+E30 -> 1423.4 | H30: =+D30+F30 -> 1239.4 | I30: =+(G30/H30-1)*100 -> 14.845893
... A34: =+A33+7 -> 39072 | C34: 766.7 | D34: 665.8 | E34: 964.3 | F34: 852.8 | G34: =+C34+E34 -> 1731 | H34: =+D34+F34 -> 1518.6 | I34: =+(G34/H34-1)*100 -> 13.986567
A35: =+A34+7 -> 39079 | C35: 749.8 | D35: 650.5 | E35: 996.8 | F35: 903.3 | G35: =+C35+E35 -> 1746.6 | H35: =+D35+F35 -> 1553.8 | I35: =+(G35/H35-1)*100 -> 12.408289 | J35: 13.6
A36: =+A35+7 -> 39086 | C36: 724.1 | D36: 624.9 | E36: 1051.5 | F36: 994.1 | G36: =+C36+E36 -> 1775.6 | H36: =+D36+F36 -> 1619 | I36: =+(G36/H36-1)*100 -> 9.6726374
A37: =+A36+7 -> 39093 | C37: 761 | D37: 619.7 | E37: 1080.9 | F37: 1092 | G37: =+C37+E37 -> 1841.9 | H37: =+D37+F37 -> 1711.7 | I37: =+(G37/H37-1)*100 -> 7.6064731
A38: =+A37+7 -> 39100 | C38: 755 | D38: 594 | E38: 1139.1 | F38: 1200.2 | G38: =+C38+E38 -> 1894.1 | H38: =+D38+F38 -> 1794.2 | I38: =+(G38/H38-1)*100 -> 5.5679411 | J38: 16.3
A39: =+A38+7 -> 39107 | C39: 782.6 | D39: 581.3 | E39: 1186.1 | F39: 1286.8 | G39: =+C39+E39 -> 1968.7 | H39: =+D39+F39 -> 1868.1 | I39: =+(G39/H39-1)*100 -> 5.3851507
A40: =+A39+7 -> 39114 | C40: 689.3 | D40: 554.8 | E40: 1291.4 | F40: 1318.3 | G40: =+C40+E40 -> 1980.7 | H40: =+D40+F40 -> 1873.1 | I40: =+(G40/H40-1)*100 -> 5.7444877
A41: =+A40+7 -> 39121 | C41: 730.6 | D41: 464 | E41: 1363.1 | F41: 1418.6 | G41: =+C41+E41 -> 2093.7 | H41: =+D41+F41 -> 1882.6 | I41: =+(G41/H41-1)*100 -> 11.213216
A42: =+A41+7 -> 39128 | C42: 704.3 | D42: 484 | E42: 1432.8 | F42: 1441.4 | G42: =+C42+E42 -> 2137.1 | H42: =+D42+F42 -> 1925.4 | I42: =+(G42/H42-1)*100 -> 10.995118
A43: =+A42+7 -> 39135 | C43: 622.8 | D43: 507.9 | E43: 1556.8 | F43: 1456.4 | G43: =+C43+E43 -> 2179.6 | H43: =+D43+F43 -> 1964.3 | I43: =+(G43/H43-1)*100 -> 10.960648
A44: =+A43+7 -> 39142 | C44: 654.1 | D44: 500 | E44: 1642.8 | F44: 1594.5 | G44: =+C44+E44 -> 2296.9 | H44: =+D44+F44 -> 2094.5 | I44: =+(G44/H44-1)*100 -> 9.6634042
A45: =+A44+7 -> 39149 | C45: 602.5 | D45: 434.9 | E45: 1726.8 | F45: 1671 | G45: =+C45+E45 -> 2329.3 | H45: =+D45+F45 -> 2105.9 | I45: =+(G45/H45-1)*100 -> 10.608291
A46: =+A45+7 -> 39156 | C46: 558.9 | D46: 432.9 | E46: 1782.8 | F46: 1692.8 | G46: =+C46+E46 -> 2341.7 | H46: =+D46+F46 -> 2125.7 | I46: =+(G46/H46-1)*100 -> 10.161359
A47: =+A46+7 -> 39163 | C47: 514.5 | D47: 413.6 | E47: 1832.3 | F47: 1731.1 | G47: =+C47+E47 -> 2346.8 | H47: =+D47+F47 -> 2144.7 | I47: =+(G47/H47-1)*100 -> 9.4232294
A48: =+A47+7 -> 39170 | C48: 636.2 | D48: 431.4 | E48: 1901.8 | F48: 1806.3 | G48: =+C48+E48 -> 2538 | H48: =+D48+F48 -> 2237.7 | I48: =+(G48/H48-1)*100 -> 13.420029
A49: =+A48+7 -> 39177 | C49: 635.3 | D49: 444.4 | E49: 1946.5 | F49: 1835.5 | G49: =+C49+E49 -> 2581.8 | H49: =+D49+F49 -> 2279.9 | I49: =+(G49/H49-1)*100 -> 13.241809
A50: =+A49+7 -> 39184 | C50: 620.6 | D50: 382.7 | E50: 2021.7 | F50: 1918.7 | G50: =+C50+E50 -> 2642.3 | H50: =+D50+F50 -> 2301.4 | I50: =+(G50/H50-1)*100 -> 14.812723
... A52: =+A51+7 -> 39198 | C52: 610.6 | D52: 366.6 | E52: 2152.3 | F52: 2000.4 | G52: =+C52+E52 -> 2762.9 | H52: =+D52+F52 -> 2367 | I52: =+(G52/H52-1)*100 -> 16.725813
A53: =+A52+7 -> 39205 | C53: 560.7 | D53: 410.3 | E53: 2196.9 | F53: 2031.4 | G53: =+C53+E53 -> 2757.6 | H53: =+D53+F53 -> 2441.7 | I53: =+(G53/H53-1)*100 -> 12.937707 | J53: 166.8
A54: =+A53+7 -> 39212 | C54: 550 | D54: 420.6 | E54: 2226.7 | F54: 2075.4 | G54: =+C54+E54 -> 2776.7 | H54: =+D54+F54 -> 2496 | I54: =+(G54/H54-1)*100 -> 11.245994 | J54: 242.8
A55: =+A54+7 -> 39219 | C55: 409.2 | D55: 370 | E55: 2345.6 | F55: 2152.6 | G55: =+C55+E55 -> 2754.8 | H55: =+D55+F55 -> 2522.6 | I55: =+(G55/H55-1)*100 -> 9.2047887 | J55: 267.8
A56: =+A55+7 -> 39226 | C56: 395.2 | D56: 365.1 | E56: 2377 | F56: 2210 | G56: =+C56+E56 -> 2772.2 | H56: =+D56+F56 -> 2575.1 | I56: =+(G56/H56-1)*100 -> 7.6540717 | J56: 268.4
A57: =+A56+7 -> 39233 | C57: 382.9 | D57: 370.9 | E57: 2418.9 | F57: 2302.4 | G57: =+C57+E57 -> 2801.8 | H57: =+D57+F57 -> 2673.3 | I57: =+(G57/H57-1)*100 -> 4.8067931 | J57: 268.4
A58: =+A57+7 -> 39240 | C58: 385 | D58: 436.7 | E58: 2462.5 | F58: 2308.1 | G58: =+C58+E58 -> 2847.5 | H58: =+D58+F58 -> 2744.8 | I58: =+(G58/H58-1)*100 -> 3.7416205 | J58: 268.4
A59: =+A58+7 -> 39247 | C59: 432.1 | D59: 366.6 | E59: 2492.9 | F59: 2416 | G59: =+C59+E59 -> 2925 | H59: =+D59+F59 -> 2782.6 | I59: =+(G59/H59-1)*100 -> 5.117516 | J59: 268.9
A60: =+A59+7 -> 39254 | C60: 467.4 | D60: 417.1 | E60: 2532.8 | F60: 2451.1 | G60: =+C60+E60 -> 3000.2 | H60: =+D60+F60 -> 2868.2 | I60: =+(G60/H60-1)*100 -> 4.6021895 | J60: 277
A61: =+A60+7 -> 39261 | C61: 378.4 | D61: 458.1 | E61: 2644.3 | F61: 2477.8 | G61: =+C61+E61 -> 3022.7 | H61: =+D61+F61 -> 2935.9 | I61: =+(G61/H61-1)*100 -> 2.956504 | J61: 278.3
A62: =+A61+7 -> 39268 | C62: 425.2 | D62: 435.4 | E62: 2648.8 | F62: 2517.6 | G62: =+C62+E62 -> 3074 | H62: =+D62+F62 -> 2953 | I62: =+(G62/H62-1)*100 -> 4.0975279 | J62: 278.3
A63: =+A62+7 -> 39275 | C63: 419.8 | D63: 494.8 | E63: 2757 | F63: 2541.1 | G63: =+C63+E63 -> 3176.8 | H63: =+D63+F63 -> 3035.9 | I63: =+(G63/H63-1)*100 -> 4.6411278 | J63: 278.3
A64: =+A63+7 -> 39282 | C64: 487.2 | D64: 448.3 | E64: 2803.6 | F64: 2614.4 | G64: =+C64+E64 -> 3290.8 | H64: =+D64+F64 -> 3062.7 | I64: =+(G64/H64-1)*100 -> 7.4476769 | J64: 279.8
... A70: =+A69+7 -> 39324 | C70: 175.2 | D70: 209 | E70: 3158.5 | F70: 3018.8 | G70: =+C70+E70 -> 3333.7 | H70: =+D70+F70 -> 3227.8 | I70: =+(G70/H70-1)*100 -> 3.2808724 | J70: 445.8
A71: =+A70+7 -> 39331 | C71: 694.7 | D71: 739 | E71: 1 | F71: 35.3 | G71: =+C71+E71 -> 695.7 | H71: =+D71+F71 -> 774.3 | I71: =+(G71/H71-1)*100 -> -10.151104
A72: =+A71+7 -> 39338 | C72: 771.3 | D72: 777.8 | E72: 78.1 | F72: 85.4 | G72: =+C72+E72 -> 849.4 | H72: =+D72+F72 -> 863.2 | I72: =+(G72/H72-1)*100 -> -1.5987025
A73: =+A72+7 -> 39345 | C73: 736.5 | D73: 871.3 | E73: 133 | F73: 105.6 | G73: =+C73+E73 -> 869.5 | H73: =+D73+F73 -> 976.9 | I73: =+(G73/H73-1)*100 -> -10.99396
A74: =+A73+7 -> 39352 | C74: 704.7 | D74: 859.6 | E74: 188.5 | F74: 142.8 | G74: =+C74+E74 -> 893.2 | H74: =+D74+F74 -> 1002.4 | I74: =+(G74/H74-1)*100 -> -10.893855
A75: =+A74+7 -> 39359 | C75: 708.6 | D75: 888.7 | E75: 207.7 | F75: 199.4 | G75: =+C75+E75 -> 916.3 | H75: =+D75+F75 -> 1088.1 | I75: =+(G75/H75-1)*100 -> -15.78899
A76: =+A75+7 -> 39366 | C76: 681.6 | D76: 865.8 | E76: 326.8 | F76: 271.7 | G76: =+C76+E76 -> 1008.4 | H76: =+D76+F76 -> 1137.5 | I76: =+(G76/H76-1)*100 -> -11.349451
A77: =+A76+7 -> 39373 | C77: 633.7 | D77: 775.1 | E77: 395.7 | F77: 360.5 | G77: =+C77+E77 -> 1029.4 | H77: =+D77+F77 -> 1135.6 | I77: =+(G77/H77-1)*100 -> -9.3518845
A78: =+A77+7 -> 39380 | C78: 660.3 | D78: 775.8 | E78: 447.6 | F78: 397.4 | G78: =+C78+E78 -> 1107.9 | H78: =+D78+F78 -> 1173.2 | I78: =+(G78/H78-1)*100 -> -5.5659734
A79: =+A78+7 -> 39387 | C79: 750.9 | D79: 838.6 | E79: 456 | F79: 410.4 | G79: =+C79+E79 -> 1206.9 | H79: =+D79+F79 -> 1249 | I79: =+(G79/H79-1)*100 -> -3.3706966 | K79: 19.5
A80: =+A79+7 -> 39394 | C80: 792.3 | D80: 740.6 | E80: 600.7 | F80: 538.8 | G80: =+C80+E80 -> 1393 | H80: =+D80+F80 -> 1279.4 | I80: =+(G80/H80-1)*100 -> 8.8791621 | K80: 19.5
A81: =+A80+7 -> 39401 | C81: 750.3 | D81: 783.4 | E81: 656 | F81: 600.8 | G81: =+C81+E81 -> 1406.3 | H81: =+D81+F81 -> 1384.2 | I81: =+(G81/H81-1)*100 -> 1.5965901
A82: =+A81+7 -> 39408 | C82: 786.8 | D82: 747.8 | E82: 752.3 | F82: 675.6 | G82: =+C82+E82 -> 1539.1 | H82: =+D82+F82 -> 1423.4 | I82: =+(G82/H82-1)*100 -> 8.1284249
A83: =+A82+7 -> 39415 | C83: 815.8 | D83: 821.5 | E83: 777.3 | F83: 731.9 | G83: =+C83+E83 -> 1593.1 | H83: =+D83+F83 -> 1553.4 | I83: =+(G83/H83-1)*100 -> 2.5556843
A84: =+A83+7 -> 39422 | C84: 868 | D84: 777.9 | E84: 784.4 | F84: 833.5 | G84: =+C84+E84 -> 1652.4 | H84: =+D84+F84 -> 1611.4 | I84: =+(G84/H84-1)*100 -> 2.5443714
A85: =+A84+7 -> 39429 | C85: 837.7 | D85: 701.3 | E85: 855.8 | F85: 948.6 | G85: =+C85+E85 -> 1693.5 | H85: =+D85+F85 -> 1649.9 | I85: =+(G85/H85-1)*100 -> 2.6425844
A86: =+A85+7 -> 39436 | C86: 793.2 | D86: 766.7 | E86: 905.4 | F86: 964.3 | G86: =+C86+E86 -> 1698.6 | H86: =+D86+F86 -> 1731 | I86: =+(G86/H86-1)*100 -> -1.8717504
A87: =+A86+7 -> 39443 | C87: 787 | D87: 749.8 | E87: 927.7 | F87: 996.8 | G87: =+C87+E87 -> 1714.7 | H87: =+D87+F87 -> 1746.6 | I87: =+(G87/H87-1)*100 -> -1.8264056
A88: =+A87+7 -> 39450 | C88: 724.2 | D88: 724.1 | E88: 1014.4 | F88: 1051.5 | G88: =+C88+E88 -> 1738.6 | H88: =+D88+F88 -> 1775.6 | I88: =+(G88/H88-1)*100 -> -2.0838027 | K88: 345.5
A89: =+A88+7 -> 39457 | C89: 845.6 | D89: 761 | E89: 1077.3 | F89: 1080.9 | G89: =+C89+E89 -> 1922.9 | H89: =+D89+F89 -> 1841.9 | I89: =+(G89/H89-1)*100 -> 4.3976329
A90: =+A89+7 -> 39464 | C90: 866.7 | D90: 755 | E90: 1130.6 | F90: 1139.1 | G90: =+C90+E90 -> 1997.3 | H90: =+D90+F90 -> 1894.1 | I90: =+(G90/H90-1)*100 -> 5.448498 | K90: 354
A91: =+A90+7 -> 39471 | C91: 821.5 | D91: 782.6 | E91: 1183.8 | F91: 1186.1 | G91: =+C91+E91 -> 2005.3 | H91: =+D91+F91 -> 1968.7 | I91: =+(G91/H91-1)*100 -> 1.8590948 | K91: 360.3
A92: =+A91+7 -> 39478 | C92: 783.2 | D92: 689.3 | E92: 1280.7 | F92: 1291.4 | G92: =+C92+E92 -> 2063.9 | H92: =+D92+F92 -> 1980.7 | I92: =+(G92/H92-1)*100 -> 4.2005352
A93: =+A92+7 -> 39485 | C93: 744.1 | D93: 730.6 | E93: 1356.4 | F93: 1363.1 | G93: =+C93+E93 -> 2100.5 | H93: =+D93+F93 -> 2093.7 | I93: =+(G93/H93-1)*100 -> 0.32478388
A94: =+A93+7 -> 39492 | C94: 725.4 | D94: 704.3 | E94: 1411.7 | F94: 1432.8 | G94: =+C94+E94 -> 2137.1 | H94: =+D94+F94 -> 2137.1 | I94: =+(G94/H94-1)*100 -> 0
A95: =+A94+7 -> 39499 | C95: 802.7 | D95: 622.8 | E95: 1434.9 | F95: 1556.8 | G95: =+C95+E95 -> 2237.6 | H95: =+D95+F95 -> 2179.6 | I95: =+(G95/H95-1)*100 -> 2.6610387
A96: =+A95+7 -> 39506 | C96: 788.9 | D96: 654.1 | E96: 1464.3 | F96: 1642.8 | G96: =+C96+E96 -> 2253.2 | H96: =+D96+F96 -> 2296.9 | I96: =+(G96/H96-1)*100 -> -1.9025643 | K96: 398.2
A97: =+A96+7 -> 39513 | C97: 766 | D97: 602.5 | E97: 1523.3 | F97: 1726.8 | G97: =+C97+E97 -> 2289.3 | H97: =+D97+F97 -> 2329.3 | I97: =+(G97/H97-1)*100 -> -1.7172541 | K97: 398.2
A98: =+A97+7 -> 39520 | C98: 737.5 | D98: 558.9 | E98: 1600 | F98: 1782.8 | G98: =+C98+E98 -> 2337.5 | H98: =+D98+F98 -> 2341.7 | I98: =+(G98/H98-1)*100 -> -0.17935688 | K98: 472.1
A99: =+A98+7 -> 39527 | C99: 633.7 | D99: 514.5 | E99: 1709.1 | F99: 1832.3 | G99: =+C99+E99 -> 2342.8 | H99: =+D99+F99 -> 2346.8 | I99: =+(G99/H99-1)*100 -> -0.17044486
A100: =+A99+7 -> 39534 | C100: 686.1 | D100: 636.2 | E100: 1715.7 | F100: 1901.8 | G100: =+C100+E100 -> 2401.8 | H100: =+D100+F100 -> 2538 | I100: =+(G100/H100-1)*100 -> -5.3664303
A101: =+A100+7 -> 39541 | C101: 703.4 | D101: 635.3 | E101: 1767.8 | F101: 1946.5 | G101: =+C101+E101 -> 2471.2 | H101: =+D101+F101 -> 2581.8 | I101: =+(G101/H101-1)*100 -> -4.283833
A102: =+A101+7 -> 39548 | C102: 655.2 | D102: 620.6 | E102: 1846.2 | F102: 2021.7 | G102: =+C102+E102 -> 2501.4 | H102: =+D102+F102 -> 2642.3 | I102: =+(G102/H102-1)*100 -> -5.3324755
A103: =+A102+7 -> 39555 | C103: 639.8 | D103: 576.3 | E103: 1897.5 | F103: 2131.4 | G103: =+C103+E103 -> 2537.3 | H103: =+D103+F103 -> 2707.7 | I103: =+(G103/H103-1)*100 -> -6.2931639
A104: =+A103+7 -> 39562 | C104: 601.6 | D104: 610.6 | E104: 1961 | F104: 2152.3 | G104: =+C104+E104 -> 2562.6 | H104: =+D104+F104 -> 2762.9 | I104: =+(G104/H104-1)*100 -> -7.249629
A105: =+A104+7 -> 39569 | C105: 573 | D105: 560.7 | E105: 1990.2 | F105: 2196.9 | G105: =+C105+E105 -> 2563.2 | H105: =+D105+F105 -> 2757.6 | I105: =+(G105/H105-1)*100 -> -7.0496084 | J105: 646.7
A106: =+A105+7 -> 39576 | C106: 541.2 | D106: 550 | E106: 2025.4 | F106: 2226.7 | G106: =+C106+E106 -> 2566.6 | H106: =+D106+F106 -> 2776.7 | I106: =+(G106/H106-1)*100 -> -7.5665358 | J106: 647
A107: =+A106+7 -> 39583 | C107: 579.4 | D107: 409.2 | E107: 2088.9 | F107: 2345.6 | G107: =+C107+E107 -> 2668.3 | H107: =+D107+F107 -> 2754.8 | I107: =+(G107/H107-1)*100 -> -3.1399739 | J107: 647
A108: =+A107+7 -> 39590 | C108: 610.9 | D108: 395.2 | E108: 2134.5 | F108: 2377 | G108: =+C108+E108 -> 2745.4 | H108: =+D108+F108 -> 2772.2 | I108: =+(G108/H108-1)*100 -> -0.96674122 | J108: 647.4
A109: =+A108+7 -> 39597 | C109: 601.1 | D109: 382.9 | E109: 2165.2 | F109: 2418.9 | G109: =+C109+E109 -> 2766.3 | H109: =+D109+F109 -> 2801.8 | I109: =+(G109/H109-1)*100 -> -1.2670426 | J109: 648.4
A110: =+A109+7 -> 39604 | C110: 601.1 | D110: 385 | E110: 2196 | F110: 2462.5 | G110: =+C110+E110 -> 2797.1 | H110: =+D110+F110 -> 2847.5 | I110: =+(G110/H110-1)*100 -> -1.7699737 | J110: 649.4
A111: =+A110+7 -> 39611 | C111: 601.1 | D111: 385 | E111: 2196 | F111: 2462.5 | G111: =+C111+E111 -> 2797.1 | H111: =+D111+F111 -> 2847.5 | I111: =+(G111/H111-1)*100 -> -1.7699737 | J111: 649.4
...

Sheet Taiwan
C1: Unshipped Balance | E1: Accumulated Exports | G1: Total Commitments | K1: 05/06Projected | L1: 04/05
A2: EXPORT SALES, Taiwan | C2: 2005 | D2: 2004 | E2: 2005 | F2: 2004 | G2: 2005 | H2: 2004 | I2: % change | K2: Exports | L2: Exports
A4: =China!A3 -> 38855 | B4: Taiwan | C4: 79.3 | D4: 164.6 | E4: 1307.6 | F4: 1356.3 | G4: =+C4+E4 -> 1386.9 | H4: =+D4+F4 -> 1520.9 | I4: =+(G4/H4-1)*100 -> -8.8105727
A5: =+A4+7 -> 38862 | B5: Taiwan | C5: 154.5 | D5: 153.3 | E5: 1316.9 | F5: 1370.1 | G5: =+C5+E5 -> 1471.4 | H5: =+D5+F5 -> 1523.4 | I5: =+(G5/H5-1)*100 -> -3.4134174 | J5: 0
A6: =+A5+7 -> 38869 | B6: Taiwan | C6: 126.3 | D6: 134.9 | E6: 1352 | F6: 1388.8 | G6: =+C6+E6 -> 1478.3 | H6: =+D6+F6 -> 1523.7 | I6: =+(G6/H6-1)*100 -> -2.9795892 | J6: 0
A7: =+A6+7 -> 38876 | B7: Taiwan | C7: 175 | D7: 133.9 | E7: 1369.3 | F7: 1398.9 | G7: =+C7+E7 -> 1544.3 | H7: =+D7+F7 -> 1532.8 | I7: =+(G7/H7-1)*100 -> 0.75026096 | J7: 0
A8: =+A7+7 -> 38883 | B8: Taiwan | C8: 205.5 | D8: 96.3 | E8: 1376.8 | F8: 1437.4 | G8: =+C8+E8 -> 1582.3 | H8: =+D8+F8 -> 1533.7 | I8: =+(G8/H8-1)*100 -> 3.1688075 | J8: 0
A9: =+A8+7 -> 38890 | B9: Taiwan | C9: 200.1 | D9: 91.7 | E9: 1479.3 | F9: 1442 | G9: =+C9+E9 -> 1679.4 | H9: =+D9+F9 -> 1533.7 | I9: =+(G9/H9-1)*100 -> 9.4999022 | J9: 0
A10: =+A9+7 -> 38897 | B10: Taiwan | C10: 157.7 | D10: 120.3 | E10: 1537.3 | F10: 1446 | G10: =+C10+E10 -> 1695 | H10: =+D10+F10 -> 1566.3 | I10: =+(G10/H10-1)*100 -> 8.2168167 | J10: 0
A11: =+A10+7 -> 38904 | B11: Taiwan | C11: 238.3 | D11: 115.9 | E11: 1549.1 | F11: 1450.6 | G11: =+C11+E11 -> 1787.4 | H11: =+D11+F11 -> 1566.5 | I11: =+(G11/H11-1)*100 -> 14.1015 | J11: 2
A12: =+A11+7 -> 38911 | B12: Taiwan | C12: 234.8 | D12: 118.9 | E12: 1561.5 | F12: 1450.6 | G12: =+C12+E12 -> 1796.3 | H12: =+D12+F12 -> 1569.5 | I12: =+(G12/H12-1)*100 -> 14.450462 | J12: 6
A13: =+A12+7 -> 38918 | B13: Taiwan | C13: 275.5 | D13: 62.8 | E13: 1572.9 | F13: 1450.9 | G13: =+C13+E13 -> 1848.4 | H13: =+D13+F13 -> 1513.7 | I13: =+(G13/H13-1)*100 -> 22.111383 | J13: 9
A14: =+A13+7 -> 38925 | B14: Taiwan | C14: 304.4 | D14: 68.4 | E14: 1579.1 | F14: 1451.8 | G14: =+C14+E14 -> 1883.5 | H14: =+D14+F14 -> 1520.2 | I14: =+(G14/H14-1)*100 -> 23.898171 | J14: 46
A15: =+A14+7 -> 38932 | B15: Taiwan | C15: 297.1 | D15: 64.5 | E15: 1677.4 | F15: 1479.1 | G15: =+C15+E15 -> 1974.5 | H15: =+D15+F15 -> 1543.6 | I15: =+(G15/H15-1)*100 -> 27.915263 | J15: 53.5
A16: =+A15+7 -> 38939 | B16: Taiwan | C16: 291.7 | D16: 63.9 | E16: 1741.8 | F16: 1484.1 | G16: =+C16+E16 -> 2033.5 | H16: =+D16+F16 -> 1548 | I16: =+(G16/H16-1)*100 -> 31.363049 | J16: 55.5
... A19: =+A18+7 -> 38960 | B19: Taiwan | C19: 141.8 | D19: 59.4 | E19: 1850.3 | F19: 1525.4 | G19: =+C19+E19 -> 1992.1 | H19: =+D19+F19 -> 1584.8 | I19: =+(G19/H19-1)*100 -> 25.700404 | J19: 351.7
A20: =+A19+7 -> 38967 | B20: Taiwan | C20: 369.4 | D20: 235.1 | E20: 11.8 | F20: 0.8 | G20: =+C20+E20 -> 381.2 | H20: =+D20+F20 -> 235.9 | I20: =+(G20/H20-1)*100 -> 61.593896
A21: =+A20+7 -> 38974 | B21: Taiwan | C21: 367.2 | D21: 254.9 | E21: 31.9 | F21: 31.3 | G21: =+C21+E21 -> 399.1 | H21: =+D21+F21 -> 286.2 | I21: =+(G21/H21-1)*100 -> 39.447939
A22: =+A21+7 -> 38981 | B22: Taiwan | C22: 412.1 | D22: 269.3 | E22: 64.6 | F22: 56.3 | G22: =+C22+E22 -> 476.7 | H22: =+D22+F22 -> 325.6 | I22: =+(G22/H22-1)*100 -> 46.406634
A23: =+A22+7 -> 38988 | B23: Taiwan | C23: 425.4 | D23: 265.2 | E23: 96.4 | F23: 66.9 | G23: =+C23+E23 -> 521.8 | H23: =+D23+F23 -> 332.1 | I23: =+(G23/H23-1)*100 -> 57.121349
A24: =+A23+7 -> 38995 | B24: Taiwan | C24: 385.6 | D24: 279.8 | E24: 180.8 | F24: 100.5 | G24: =+C24+E24 -> 566.4 | H24: =+D24+F24 -> 380.3 | I24: =+(G24/H24-1)*100 -> 48.935051
A25: =+A24+7 -> 39002 | B25: Taiwan | C25: 350.7 | D25: 242.8 | E25: 218.2 | F25: 138.7 | G25: =+C25+E25 -> 568.9 | H25: =+D25+F25 -> 381.5 | I25: =+(G25/H25-1)*100 -> 49.121887
A26: =+A25+7 -> 39009 | B26: Taiwan | C26: 374.5 | D26: 301.4 | E26: 256.8 | F26: 150.1 | G26: =+C26+E26 -> 631.3 | H26: =+D26+F26 -> 451.5 | I26: =+(G26/H26-1)*100 -> 39.822813
A27: =+A26+7 -> 39016 | B27: Taiwan | C27: 343.1 | D27: 239.8 | E27: 336.9 | F27: 221.1 | G27: =+C27+E27 -> 680 | H27: =+D27+F27 -> 460.9 | I27: =+(G27/H27-1)*100 -> 47.537427
A28: =+A27+7 -> 39023 | B28: Taiwan | C28: 409 | D28: 295.6 | E28: 350.2 | F28: 288.7 | G28: =+C28+E28 -> 759.2 | H28: =+D28+F28 -> 584.3 | I28: =+(G28/H28-1)*100 -> 29.933253
A29: =+A28+7 -> 39030 | B29: Taiwan | C29: 431 | D29: 212.1 | E29: 373.5 | F29: 382.5 | G29: =+C29+E29 -> 804.5 | H29: =+D29+F29 -> 594.6 | I29: =+(G29/H29-1)*100 -> 35.301043
A30: =+A29+7 -> 39037 | B30: Taiwan | C30: 395.7 | D30: 238.4 | E30: 452.4 | F30: 401.6 | G30: =+C30+E30 -> 848.1 | H30: =+D30+F30 -> 640 | I30: =+(G30/H30-1)*100 -> 32.515625
A31: =+A30+7 -> 39044 | B31: Taiwan | C31: 408.6 | D31: 230.4 | E31: 470.1 | F31: 413.8 | G31: =+C31+E31 -> 878.7 | H31: =+D31+F31 -> 644.2 | I31: =+(G31/H31-1)*100 -> 36.401739
... A53: =+A52+7 -> 39198 | B53: Taiwan | C53: 142.8 | D53: 112.5 | E53: 1375.9 | F53: 1260.8 | G53: =+C53+E53 -> 1518.7 | H53: =+D53+F53 -> 1373.3 | I53: =+(G53/H53-1)*100 -> 10.587636
A54: =+A53+7 -> 39205 | B54: Taiwan | C54: 160.1 | D54: 102.6 | E54: 1406 | F54: 1270.9 | G54: =+C54+E54 -> 1566.1 | H54: =+D54+F54 -> 1373.5 | I54: =+(G54/H54-1)*100 -> 14.02257 | J54: 0
A55: =+A54+7 -> 39212 | B55: Taiwan | C55: 176.1 | D55: 84.2 | E55: 1432.3 | F55: 1293.1 | G55: =+C55+E55 -> 1608.4 | H55: =+D55+F55 -> 1377.3 | I55: =+(G55/H55-1)*100 -> 16.779206
A56: =+A55+7 -> 39219 | B56: Taiwan | C56: 183.6 | D56: 79.3 | E56: 1453.5 | F56: 1307.6 | G56: =+C56+E56 -> 1637.1 | H56: =+D56+F56 -> 1386.9 | I56: =+(G56/H56-1)*100 -> 18.040234
A57: =+A56+7 -> 39226 | B57: Taiwan | C57: 173.5 | D57: 154.5 | E57: 1484.7 | F57: 1316.9 | G57: =+C57+E57 -> 1658.2 | H57: =+D57+F57 -> 1471.4 | I57: =+(G57/H57-1)*100 -> 12.695392 | J57: 0
A58: =+A57+7 -> 39233 | B58: Taiwan | C58: 167.8 | D58: 126.3 | E58: 1507.6 | F58: 1352 | G58: =+C58+E58 -> 1675.4 | H58: =+D58+F58 -> 1478.3 | I58: =+(G58/H58-1)*100 -> 13.332882
A59: =+A58+7 -> 39240 | B59: Taiwan | C59: 189.2 | D59: 175 | E59: 1539 | F59: 1369.3 | G59: =+C59+E59 -> 1728.2 | H59: =+D59+F59 -> 1544.3 | I59: =+(G59/H59-1)*100 -> 11.908308
A60: =+A59+7 -> 39247 | B60: Taiwan | C60: 202.7 | D60: 205.5 | E60: 1561.9 | F60: 1376.8 | G60: =+C60+E60 -> 1764.6 | H60: =+D60+F60 -> 1582.3 | I60: =+(G60/H60-1)*100 -> 11.521203
A61: =+A60+7 -> 39254 | B61: Taiwan | C61: 235.7 | D61: 200.1 | E61: 1585.1 | F61: 1461.5 | G61: =+C61+E61 -> 1820.8 | H61: =+D61+F61 -> 1661.6 | I61: =+(G61/H61-1)*100 -> 9.5811266
A62: =+A61+7 -> 39261 | B62: Taiwan | C62: 240.2 | D62: 157.7 | E62: 1614.2 | F62: 1528.5 | G62: =+C62+E62 -> 1854.4 | H62: =+D62+F62 -> 1686.2 | I62: =+(G62/H62-1)*100 -> 9.9750919 | J62: 4
A63: =+A62+7 -> 39268 | B63: Taiwan | C63: 235.9 | D63: 238.3 | E63: 1635.6 | F63: 1540.2 | G63: =+C63+E63 -> 1871.5 | H63: =+D63+F63 -> 1778.5 | I63: =+(G63/H63-1)*100 -> 5.2291257 | J63: 6
A64: =+A63+7 -> 39275 | B64: Taiwan | C64: 223.8 | D64: 234.8 | E64: 1678.8 | F64: 1552.7 | G64: =+C64+E64 -> 1902.6 | H64: =+D64+F64 -> 1787.5 | I64: =+(G64/H64-1)*100 -> 6.4391608 | J64: 15
A65: =+A64+7 -> 39282 | B65: Taiwan | C65: 244.9 | D65: 275.5 | E65: 1723 | F65: 1564.1 | G65: =+C65+E65 -> 1967.9 | H65: =+D65+F65 -> 1839.6 | I65: =+(G65/H65-1)*100 -> 6.9743422 | J65: 17
A66: =+A65+7 -> 39289 | B66: Taiwan | C66: 241.4 | D66: 304.4 | E66: 1750.9 | F66: 1579.1 | G66: =+C66+E66 -> 1992.3 | H66: =+D66+F66 -> 1883.5 | I66: =+(G66/H66-1)*100 -> 5.77648 | J66: 24
A67: =+A66+7 -> 39296 | B67: Taiwan | C67: 229.6 | D67: 297.1 | E67: 1776.9 | F67: 1677.4 | G67: =+C67+E67 -> 2006.5 | H67: =+D67+F67 -> 1974.5 | I67: =+(G67/H67-1)*100 -> 1.6206635 | J67: 30
A68: =+A67+7 -> 39303 | B68: Taiwan | C68: 189.2 | D68: 291.7 | E68: 1842.6 | F68: 1741.8 | G68: =+C68+E68 -> 2031.8 | H68: =+D68+F68 -> 2033.5 | I68: =+(G68/H68-1)*100 -> -0.083599705 | J68: 35
A69: =+A68+7 -> 39310 | B69: Taiwan | C69: 178.2 | D69: 284.8 | E69: 1875.1 | F69: 1755.6 | G69: =+C69+E69 -> 2053.3 | H69: =+D69+F69 -> 2040.4 | I69: =+(G69/H69-1)*100 -> 0.63222897 | J69: 50
A70: =+A69+7 -> 39317 | B70: Taiwan | C70: 188.3 | D70: 148.1 | E70: 1892.2 | F70: 1835.8 | G70: =+C70+E70 -> 2080.5 | H70: =+D70+F70 -> 1983.9 | I70: =+(G70/H70-1)*100 -> 4.869197 | J70: 54
A71: =+A70+7 -> 39324 | B71: Taiwan | C71: 157.8 | D71: 141.8 | E71: 1932.1 | F71: 1850.3 | G71: =+C71+E71 -> 2089.9 | H71: =+D71+F71 -> 1992.1 | I71: =+(G71/H71-1)*100 -> 4.9093921 | J71: 71.5
A72: =+A71+7 -> 39331 | B72: Taiwan | C72: 197.7 | D72: 369.4 | E72: 32.9 | F72: 11.8 | G72: =+C72+E72 -> 230.6 | H72: =+D72+F72 -> 381.2 | I72: =+(G72/H72-1)*100 -> -39.506821
A73: =+A72+7 -> 39338 | B73: Taiwan | C73: 207.7 | D73: 367.2 | E73: 53.7 | F73: 31.9 | G73: =+C73+E73 -> 261.4 | H73: =+D73+F73 -> 399.1 | I73: =+(G73/H73-1)*100 -> -34.502631
A74: =+A73+7 -> 39345 | B74: Taiwan | C74: 227.8 | D74: 412.1 | E74: 89.1 | F74: 64.6 | G74: =+C74+E74 -> 316.9 | H74: =+D74+F74 -> 476.7 | I74: =+(G74/H74-1)*100 -> -33.522131
A75: =+A74+7 -> 39352 | B75: Taiwan | C75: 212.3 | D75: 425.4 | E75: 118.4 | F75: 96.4 | G75: =+C75+E75 -> 330.7 | H75: =+D75+F75 -> 521.8 | I75: =+(G75/H75-1)*100 -> -36.623227
A76: =+A75+7 -> 39359 | B76: Taiwan | C76: 219.6 | D76: 385.6 | E76: 156.7 | F76: 180.8 | G76: =+C76+E76 -> 376.3 | H76: =+D76+F76 -> 566.4 | I76: =+(G76/H76-1)*100 -> -33.562853
A77: =+A76+7 -> 39366 | B77: Taiwan | C77: 214.7 | D77: 350.7 | E77: 186.7 | F77: 218.2 | G77: =+C77+E77 -> 401.4 | H77: =+D77+F77 -> 568.9 | I77: =+(G77/H77-1)*100 -> -29.442784
A78: =+A77+7 -> 39373 | B78: Taiwan | C78: 199.4 | D78: 374.5 | E78: 230.7 | F78: 256.8 | G78: =+C78+E78 -> 430.1 | H78: =+D78+F78 -> 631.3 | I78: =+(G78/H78-1)*100 -> -31.870743
A79: =+A78+7 -> 39380 | B79: Taiwan | C79: 209.2 | D79: 343.1 | E79: 287.5 | F79: 336.9 | G79: =+C79+E79 -> 496.7 | H79: =+D79+F79 -> 680 | I79: =+(G79/H79-1)*100 -> -26.955882
A80: =+A79+7 -> 39387 | B80: Taiwan | C80: 208.8 | D80: 409 | E80: 316.5 | F80: 350.2 | G80: =+C80+E80 -> 525.3 | H80: =+D80+F80 -> 759.2 | I80: =+(G80/H80-1)*100 -> -30.808746
A81: =+A80+7 -> 39394 | B81: Taiwan | C81: 206.2 | D81: 431 | E81: 357.9 | F81: 373.5 | G81: =+C81+E81 -> 564.1 | H81: =+D81+F81 -> 804.5 | I81: =+(G81/H81-1)*100 -> -29.881914
A82: =+A81+7 -> 39401 | B82: Taiwan | C82: 213.9 | D82: 395.7 | E82: 393.5 | F82: 452.4 | G82: =+C82+E82 -> 607.4 | H82: =+D82+F82 -> 848.1 | I82: =+(G82/H82-1)*100 -> -28.381087
A83: =+A82+7 -> 39408 | B83: Taiwan | C83: 230.8 | D83: 408.6 | E83: 422.3 | F83: 470.1 | G83: =+C83+E83 -> 653.1 | H83: =+D83+F83 -> 878.7 | I83: =+(G83/H83-1)*100 -> -25.674292
... A105: =+A104+7 -> 39562 | B105: Taiwan | C105: 113.3 | D105: 142.8 | E105: 1348.6 | F105: 1375.9 | G105: =+C105+E105 -> 1461.9 | H105: =+D105+F105 -> 1518.7 | I105: =+(G105/H105-1)*100 -> -3.7400408
A106: =+A105+7 -> 39569 | B106: Taiwan | C106: 105 | D106: 160.1 | E106: 1375 | F106: 1406 | G106: =+C106+E106 -> 1480 | H106: =+D106+F106 -> 1566.1 | I106: =+(G106/H106-1)*100 -> -5.4977332 | J106: 0
A107: =+A106+7 -> 39576 | B107: Taiwan | C107: 92.9 | D107: 176.1 | E107: 1392.4 | F107: 1432.3 | G107: =+C107+E107 -> 1485.3 | H107: =+D107+F107 -> 1608.4 | I107: =+(G107/H107-1)*100 -> -7.6535688 | J107: 0
A108: =+A107+7 -> 39583 | B108: Taiwan | C108: 63.3 | D108: 183.6 | E108: 1427.3 | F108: 1453.5 | G108: =+C108+E108 -> 1490.6 | H108: =+D108+F108 -> 1637.1 | I108: =+(G108/H108-1)*100 -> -8.9487508 | J108: 0
A109: =+A108+7 -> 39590 | B109: Taiwan | C109: 69.7 | D109: 173.5 | E109: 1440.5 | F109: 1484.7 | G109: =+C109+E109 -> 1510.2 | H109: =+D109+F109 -> 1658.2 | I109: =+(G109/H109-1)*100 -> -8.9253407
A110: =+A109+7 -> 39597 | B110: Taiwan | C110: 66 | D110: 167.8 | E110: 1455 | F110: 1507.6 | G110: =+C110+E110 -> 1521 | H110: =+D110+F110 -> 1675.4 | I110: =+(G110/H110-1)*100 -> -9.2157097
A111: =+A110+7 -> 39604 | B111: Taiwan | C111: 75.8 | D111: 189.2 | E111: 1464.2 | F111: 1539 | G111: =+C111+E111 -> 1540 | H111: =+D111+F111 -> 1728.2 | I111: =+(G111/H111-1)*100 -> -10.889943
A112: =+A111+7 -> 39611 | B112: Taiwan | C112: 75.8 | D112: 189.2 | E112: 1464.2 | F112: 1539 | G112: =+C112+E112 -> 1540 | H112: =+D112+F112 -> 1728.2 | I112: =+(G112/H112-1)*100 -> -10.889943 | J112: 0
A113: =+A112+7 -> 39618 | B113: Taiwan | C113: 78.8 | D113: 235.7 | E113: 1497.3 | F113: 1585.1 | G113: =+C113+E113 -> 1576.1 | H113: =+D113+F113 -> 1820.8 | I113: =+(G113/H113-1)*100 -> -13.439148 | J113: 0
A114: =+A113+7 -> 39625 | B114: Taiwan | C114: 102.7 | D114: 240.2 | E114: 1504.8 | F114: 1614.2 | G114: =+C114+E114 -> 1607.5 | H114: =+D114+F114 -> 1854.4 | I114: =+(G114/H114-1)*100 -> -13.31428
A115: =+A114+7 -> 39632 | B115: Taiwan | C115: 107.3 | D115: 235.9 | E115: 1517.7 | F115: 1635.6 | G115: =+C115+E115 -> 1625 | H115: =+D115+F115 -> 1871.5 | I115: =+(G115/H115-1)*100 -> -13.171253
A116: =+A115+7 -> 39639 | B116: Taiwan | C116: 142.9 | D116: 223.8 | E116: 1528.4 | F116: 1678.8 | G116: =+C116+E116 -> 1671.3 | H116: =+D116+F116 -> 1902.6 | I116: =+(G116/H116-1)*100 -> -12.157048
A117: =+A116+7 -> 39646 | B117: Taiwan | C117: 146.6 | D117: 244.9 | E117: 1550.4 | F117: 1723 | G117: =+C117+E117 -> 1697 | H117: =+D117+F117 -> 1967.9 | I117: =+(G117/H117-1)*100 -> -13.765943
A118: =+A117+7 -> 39653 | B118: Taiwan | C118: 149.5 | D118: 241.4 | E118: 1573.6 | F118: 1750.9 | G118: =+C118+E118 -> 1723.1 | H118: =+D118+F118 -> 1992.3 | I118: =+(G118/H118-1)*100 -> -13.512021 | J118: 0
A119: =+A118+7 -> 39660 | B119: Taiwan | C119: 166.6 | D119: 229.6 | E119: 1596.3 | F119: 1776.9 | G119: =+C119+E119 -> 1762.9 | H119: =+D119+F119 -> 2006.5 | I119: =+(G119/H119-1)*100 -> -12.140543 | J119: 6
A120: =+A119+7 -> 39667 | B120: Taiwan | C120: 159.7 | D120: 189.2 | E120: 1627.3 | F120: 1842.6 | G120: =+C120+E120 -> 1787 | H120: =+D120+F120 -> 2031.8 | I120: =+(G120/H120-1)*100 -> -12.04843 | J120: 6
A121: =+A120+7 -> 39674 | B121: Taiwan | C121: 143.1 | D121: 178.2 | E121: 1657.9 | F121: 1875.1 | G121: =+C121+E121 -> 1801 | H121: =+D121+F121 -> 2053.3 | I121: =+(G121/H121-1)*100 -> -12.287537 | J121: 15
A122: =+A121+7 -> 39681 | B122: Taiwan | C122: 141.5 | D122: 188.3 | E122: 1683.2 | F122: 1892.2 | G122: =+C122+E122 -> 1824.7 | H122: =+D122+F122 -> 2080.5 | I122: =+(G122/H122-1)*100 -> -12.295121 | J122: 17
A123: =+A122+7 -> 39688 | B123: Taiwan | C123: 93.3 | D123: 157.8 | E123: 1724.3 | F123: 1932.1 | G123: =+C123+E123 -> 1817.6 | H123: =+D123+F123 -> 2089.9 | I123: =+(G123/H123-1)*100 -> -13.029332 | J123: 68.8 | K123: =+G123-Data!N83 -> 1727.8
A124: =+A123+7 -> 39695 | B124: Taiwan | C124: 170 | D124: 197.7 | E124: 12.2 | F124: 32.9 | G124: =+C124+E124 -> 182.2 | H124: =+D124+F124 -> 230.6 | I124: =+(G124/H124-1)*100 -> -20.988725
A125: =+A124+7 -> 39702 | B125: Taiwan | C125: 197.3 | D125: 207.7 | E125: 28.4 | F125: 53.7 | G125: =+C125+E125 -> 225.7 | H125: =+D125+F125 -> 261.4 | I125: =+(G125/H125-1)*100 -> -13.65723
A126: =+A125+7 -> 39709 | B126: Taiwan | C126: 203.8 | D126: 227.8 | E126: 39.2 | F126: 89.1 | G126: =+C126+E126 -> 243 | H126: =+D126+F126 -> 316.9 | I126: =+(G126/H126-1)*100 -> -23.319659
A127: =+A126+7 -> 39716 | B127: Taiwan | C127: 205.7 | D127: 212.3 | E127: 64.2 | F127: 118.4 | G127: =+C127+E127 -> 269.9 | H127: =+D127+F127 -> 330.7 | I127: =+(G127/H127-1)*100 -> -18.385243
A128: =+A127+7 -> 39723 | B128: Taiwan | C128: 261.9 | D128: 219.6 | E128: 82.8 | F128: 156.7 | G128: =+C128+E128 -> 344.7 | H128: =+D128+F128 -> 376.3 | I128: =+(G128/H128-1)*100 -> -8.3975551
A129: =+A128+7 -> 39730 | B129: Taiwan | C129: 248.4 | D129: 214.7 | E129: 99.7 | F129: 186.7 | G129: =+C129+E129 -> 348.1 | H129: =+D129+F129 -> 401.4 | I129: =+(G129/H129-1)*100 -> -13.278525
A130: =+A129+7 -> 39737 | B130: Taiwan | C130: 277 | D130: 199.4 | E130: 117.2 | F130: 230.7 | G130: =+C130+E130 -> 394.2 | H130: =+D130+F130 -> 430.1 | I130: =+(G130/H130-1)*100 -> -8.3468961
A131: =+A130+7 -> 39744 | B131: Taiwan | C131: 244.7 | D131: 209.2 | E131: 156.3 | F131: 287.5 | G131: =+C131+E131 -> 401 | H131: =+D131+F131 -> 496.7 | I131: =+(G131/H131-1)*100 -> -19.267163
A132: =+A131+7 -> 39751 | B132: Taiwan | C132: 356.9 | D132: 208.8 | E132: 227.2 | F132: 316.5 | G132: =+C132+E132 -> 584.1 | H132: =+D132+F132 -> 525.3 | I132: =+(G132/H132-1)*100 -> 11.193604
A133: =+A132+7 -> 39758 | B133: Taiwan | C133: 329 | D133: 206.2 | E133: 282.7 | F133: 357.9 | G133: =+C133+E133 -> 611.7 | H133: =+D133+F133 -> 564.1 | I133: =+(G133/H133-1)*100 -> 8.4382202
A134: =+A133+7 -> 39765 | B134: Taiwan | C134: 300.7 | D134: 213.9 | E134: 386.8 | F134: 393.5 | G134: =+C134+E134 -> 687.5 | H134: =+D134+F134 -> 607.4 | I134: =+(G134/H134-1)*100 -> 13.187356
A135: =+A134+7 -> 39772 | B135: Taiwan | C135: 297.1 | D135: 230.8 | E135: 406.6 | F135: 422.3 | G135: =+C135+E135 -> 703.7 | H135: =+D135+F135 -> 653.1 | I135: =+(G135/H135-1)*100 -> 7.747665
... A157: =+A156+7 -> 39926 | B157: Taiwan | C157: 212 | D157: 113.3 | E157: 1152.8 | F157: 1348.6 | G157: =+C157+E157 -> 1364.8 | H157: =+D157+F157 -> 1461.9 | I157: =+(G157/H157-1)*100 -> -6.6420412
A158: =+A157+7 -> 39933 | B158: Taiwan | C158: 222.8 | D158: 105 | E158: 1171.9 | F158: 1375 | G158: =+C158+E158 -> 1394.7 | H158: =+D158+F158 -> 1480 | I158: =+(G158/H158-1)*100 -> -5.7635135 | J158: 0
A159: =+A158+7 -> 39940 | B159: Taiwan | C159: 223.6 | D159: 92.9 | E159: 1180.3 | F159: 1392.4 | G159: =+C159+E159 -> 1403.9 | H159: =+D159+F159 -> 1485.3 | I159: =+(G159/H159-1)*100 -> -5.4803743 | J159: 0
A160: =+A159+7 -> 39947 | B160: Taiwan | C160: 226.2 | D160: 63.3 | E160: 1232.9 | F160: 1427.3 | G160: =+C160+E160 -> 1459.1 | H160: =+D160+F160 -> 1490.6 | I160: =+(G160/H160-1)*100 -> -2.113243 | J160: 0
A161: =+A160+7 -> 39954 | B161: Taiwan | C161: 233.7 | D161: 69.7 | E161: 1219.3 | F161: 1440.5 | G161: =+C161+E161 -> 1453 | H161: =+D161+F161 -> 1510.2 | I161: =+(G161/H161-1)*100 -> -3.7875778 | J161: 0
A162: =+A161+7 -> 39961 | B162: Taiwan | C162: 213.5 | D162: 66 | E162: 1239.5 | F162: 1455 | G162: =+C162+E162 -> 1453 | H162: =+D162+F162 -> 1521 | I162: =+(G162/H162-1)*100 -> -4.4707429 | J162: 0
A163: =+A162+7 -> 39968 | B163: Taiwan | C163: 208.5 | D163: 75.8 | E163: 1245.5 | F163: 1464.2 | G163: =+C163+E163 -> 1454 | H163: =+D163+F163 -> 1540 | I163: =+(G163/H163-1)*100 -> -5.5844156 | J163: 0
A164: =+A163+7 -> 39975 | B164: Taiwan | C164: 203.7 | D164: 73.3 | E164: 1250.4 | F164: 1487.3 | G164: =+C164+E164 -> 1454.1 | H164: =+D164+F164 -> 1560.6 | I164: =+(G164/H164-1)*100 -> -6.8242983 | J164: 0
A165: =+A164+7 -> 39982 | B165: Taiwan | C165: 174.3 | D165: 78.8 | E165: 1284.5 | F165: 1497.3 | G165: =+C165+E165 -> 1458.8 | H165: =+D165+F165 -> 1576.1 | I165: =+(G165/H165-1)*100 -> -7.4424212 | J165: 0
A166: =+A165+7 -> 39989 | B166: Taiwan | C166: 227 | D166: 102.7 | E166: 1290.5 | F166: 1504.8 | G166: =+C166+E166 -> 1517.5 | H166: =+D166+F166 -> 1607.5 | I166: =+(G166/H166-1)*100 -> -5.5987558 | J166: 0
...

Sheet Indonesia
C1: Unshipped Balance | E1: Accumulated Exports | G1: Total Commitments | J1: 05/06Projected | K1: 04/05
A2: EXPORT SALES, Indonesia | C2: 2005 | D2: 2004 | E2: 2005 | F2: 2004 | G2: 2005 | H2: 2004 | I2: % change | J2: Exports | K2: Exports
A3: 38855 | C3: 113.6 | D3: 43.8 | E3: 944.7 | F3: 858.8 | G3: =+C3+E3 -> 1058.3 | H3: =+D3+F3 -> 902.6 | I3: =+(G3/H3-1)*100 -> 17.250166
A4: =+A3+7 -> 38862 | C4: 58.9 | D4: 43.8 | E4: 1010.7 | F4: 858.8 | G4: =+C4+E4 -> 1069.6 | H4: =+D4+F4 -> 902.6 | I4: =+(G4/H4-1)*100 -> 18.502105
A5: =+A4+7 -> 38869 | C5: 57.8 | D5: 43.8 | E5: 1011.8 | F5: 858.8 | G5: =+C5+E5 -> 1069.6 | H5: =+D5+F5 -> 902.6 | I5: =+(G5/H5-1)*100 -> 18.502105
A6: =+A5+7 -> 38876 | C6: 57 | D6: 4.8 | E6: 1012.6 | F6: 900.8 | G6: =+C6+E6 -> 1069.6 | H6: =+D6+F6 -> 905.6 | I6: =+(G6/H6-1)*100 -> 18.109541 | J6: 0
A7: =+A6+7 -> 38883 | C7: 61.5 | D7: 4.8 | E7: 1012.6 | F7: 924.1 | G7: =+C7+E7 -> 1074.1 | H7: =+D7+F7 -> 928.9 | I7: =+(G7/H7-1)*100 -> 15.631392 | J7: 0
A8: =+A7+7 -> 38890 | C8: 63.5 | D8: 4.8 | E8: 1072.5 | F8: 924.1 | G8: =+C8+E8 -> 1136 | H8: =+D8+F8 -> 928.9 | I8: =+(G8/H8-1)*100 -> 22.295188 | J8: 0
A9: =+A8+7 -> 38897 | C9: 63.2 | D9: 4.8 | E9: 1072.8 | F9: 948.6 | G9: =+C9+E9 -> 1136 | H9: =+D9+F9 -> 953.4 | I9: =+(G9/H9-1)*100 -> 19.152507 | J9: 0
A10: =+A9+7 -> 38904 | C10: 63.2 | D10: 4.8 | E10: 1097.2 | F10: 948.6 | G10: =+C10+E10 -> 1160.4 | H10: =+D10+F10 -> 953.4 | I10: =+(G10/H10-1)*100 -> 21.711768 | J10: 0
A11: =+A10+7 -> 38911 | C11: 95.2 | D11: 4.8 | E11: 1098.2 | F11: 948.6 | G11: =+C11+E11 -> 1193.4 | H11: =+D11+F11 -> 953.4 | I11: =+(G11/H11-1)*100 -> 25.173065 | J11: 0
A12: =+A11+7 -> 38918 | C12: 37.5 | D12: 4.8 | E12: 1162.1 | F12: 948.6 | G12: =+C12+E12 -> 1199.6 | H12: =+D12+F12 -> 953.4 | I12: =+(G12/H12-1)*100 -> 25.823369 | J12: 0
A13: =+A12+7 -> 38925 | C13: 37.5 | D13: 9.3 | E13: 1164.2 | F13: 948.6 | G13: =+C13+E13 -> 1201.7 | H13: =+D13+F13 -> 957.9 | I13: =+(G13/H13-1)*100 -> 25.451509 | J13: 0
A14: =+A13+7 -> 38932 | C14: 43.1 | D14: 10.3 | E14: 1165.5 | F14: 949.1 | G14: =+C14+E14 -> 1208.6 | H14: =+D14+F14 -> 959.4 | I14: =+(G14/H14-1)*100 -> 25.974567 | J14: 0
A15: =+A14+7 -> 38939 | C15: 50 | D15: 70.4 | E15: 1167.6 | F15: 950.5 | G15: =+C15+E15 -> 1217.6 | H15: =+D15+F15 -> 1020.9 | I15: =+(G15/H15-1)*100 -> 19.267313 | J15: 0
A16: =+A15+7 -> 38946 | C16: 52.7 | D16: 68.6 | E16: 1171 | F16: 953.7 | G16: =+C16+E16 -> 1223.7 | H16: =+D16+F16 -> 1022.3 | I16: =+(G16/H16-1)*100 -> 19.700675 | J16: 0
A17: =+A16+7 -> 38953 | C17: 49.1 | D17: 63.8 | E17: 1178.6 | F17: 958.5 | G17: =+C17+E17 -> 1227.7 | H17: =+D17+F17 -> 1022.3 | I17: =+(G17/H17-1)*100 -> 20.09195 | J17: 25
A18: =+A17+7 -> 38960 | C18: 16.2 | D18: 119.8 | E18: 1211.1 | F18: 959.5 | G18: =+C18+E18 -> 1227.3 | H18: =+D18+F18 -> 1079.3 | I18: =+(G18/H18-1)*100 -> 13.712591 | J18: 102.2
A19: =+A18+7 -> 38967 | C19: 100 | D19: 62.9 | E19: 2.4 | F19: 84.2 | G19: =+C19+E19 -> 102.4 | H19: =+D19+F19 -> 147.1 | I19: =+(G19/H19-1)*100 -> -30.387492
A20: =+A19+7 -> 38974 | C20: 99 | D20: 67.5 | E20: 3.4 | F20: 86.6 | G20: =+C20+E20 -> 102.4 | H20: =+D20+F20 -> 154.1 | I20: =+(G20/H20-1)*100 -> -33.549643
A21: =+A20+7 -> 38981 | C21: 98.7 | D21: 70.2 | E21: 3.7 | F21: 89.2 | G21: =+C21+E21 -> 102.4 | H21: =+D21+F21 -> 159.4 | I21: =+(G21/H21-1)*100 -> -35.759097
A22: =+A21+7 -> 38988 | C22: 156.1 | D22: 67.9 | E22: 4.3 | F22: 91.1 | G22: =+C22+E22 -> 160.4 | H22: =+D22+F22 -> 159 | I22: =+(G22/H22-1)*100 -> 0.88050314
A23: =+A22+7 -> 38995 | C23: 155.9 | D23: 76 | E23: 71.7 | F23: 92.4 | G23: =+C23+E23 -> 227.6 | H23: =+D23+F23 -> 168.4 | I23: =+(G23/H23-1)*100 -> 35.154394
A24: =+A23+7 -> 39002 | C24: 135.3 | D24: 16 | E24: 132.8 | F24: 160 | G24: =+C24+E24 -> 268.1 | H24: =+D24+F24 -> 176 | I24: =+(G24/H24-1)*100 -> 52.329545
A25: =+A24+7 -> 39009 | C25: 83.3 | D25: 26 | E25: 194.8 | F25: 278.9 | G25: =+C25+E25 -> 278.1 | H25: =+D25+F25 -> 304.9 | I25: =+(G25/H25-1)*100 -> -8.7897671
A26: =+A25+7 -> 39016 | C26: 23 | D26: 31.1 | E26: 264.7 | F26: 281.9 | G26: =+C26+E26 -> 287.7 | H26: =+D26+F26 -> 313 | I26: =+(G26/H26-1)*100 -> -8.0830671
A27: =+A26+7 -> 39023 | C27: 21.9 | D27: 25.1 | E27: 290.2 | F27: 355.5 | G27: =+C27+E27 -> 312.1 | H27: =+D27+F27 -> 380.6 | I27: =+(G27/H27-1)*100 -> -17.997898
A28: =+A27+7 -> 39030 | C28: 21.2 | D28: 79.5 | E28: 359.1 | F28: 358.1 | G28: =+C28+E28 -> 380.3 | H28: =+D28+F28 -> 437.6 | I28: =+(G28/H28-1)*100 -> -13.09415
A29: =+A28+7 -> 39037 | C29: 26.8 | D29: 76.3 | E29: 361.5 | F29: 361.3 | G29: =+C29+E29 -> 388.3 | H29: =+D29+F29 -> 437.6 | I29: =+(G29/H29-1)*100 -> -11.265996
A30: =+A29+7 -> 39044 | C30: 86 | D30: 73.8 | E30: 362.3 | F30: 364.1 | G30: =+C30+E30 -> 448.3 | H30: =+D30+F30 -> 437.9 | I30: =+(G30/H30-1)*100 -> 2.3749715
... A39: =+A38+7 -> 39107 | C39: 243.9 | D39: 75.5 | E39: 546.7 | F39: 495.4 | G39: =+C39+E39 -> 790.6 | H39: =+D39+F39 -> 570.9 | I39: =+(G39/H39-1)*100 -> 38.483097
A40: =+A39+7 -> 39114
A41: =+A40+7 -> 39121 | C41: 185.1 | D41: 114.9 | E41: 621.9 | F41: 568.8 | G41: =+C41+E41 -> 807 | H41: =+D41+F41 -> 683.7 | I41: =+(G41/H41-1)*100 -> 18.034226
A42: =+A41+7 -> 39128 | C42: 312.1 | D42: 113.8 | E42: 623.9 | F42: 571.5 | G42: =+C42+E42 -> 936 | H42: =+D42+F42 -> 685.3 | I42: =+(G42/H42-1)*100 -> 36.582519
A43: =+A42+7 -> 39135 | C43: 309.9 | D43: 62.2 | E43: 626.1 | F43: 630.6 | G43: =+C43+E43 -> 936 | H43: =+D43+F43 -> 692.8 | I43: =+(G43/H43-1)*100 -> 35.103926
A44: =+A43+7 -> 39142 | C44: 337.9 | D44: 62.1 | E44: 682.2 | F44: 634.6 | G44: =+C44+E44 -> 1020.1 | H44: =+D44+F44 -> 696.7 | I44: =+(G44/H44-1)*100 -> 46.418832
A45: =+A44+7 -> 39149 | C45: 328.3 | D45: 57 | E45: 691.8 | F45: 639.8 | G45: =+C45+E45 -> 1020.1 | H45: =+D45+F45 -> 696.8 | I45: =+(G45/H45-1)*100 -> 46.397819
A46: =+A45+7 -> 39156 | C46: 317.3 | D46: 54 | E46: 702.9 | F46: 643.9 | G46: =+C46+E46 -> 1020.2 | H46: =+D46+F46 -> 697.9 | I46: =+(G46/H46-1)*100 -> 46.181401
A47: =+A46+7 -> 39163 | C47: 279 | D47: 11 | E47: 820.3 | F47: 692.5 | G47: =+C47+E47 -> 1099.3 | H47: =+D47+F47 -> 703.5 | I47: =+(G47/H47-1)*100 -> 56.261549
A48: =+A47+7 -> 39170 | C48: 318.3 | D48: 128 | E48: 824.9 | F48: 717.9 | G48: =+C48+E48 -> 1143.2 | H48: =+D48+F48 -> 845.9 | I48: =+(G48/H48-1)*100 -> 35.145998
A49: =+A48+7 -> 39177 | C49: 318 | D49: 185.7 | E49: 834.2 | F49: 718.9 | G49: =+C49+E49 -> 1152.2 | H49: =+D49+F49 -> 904.6 | I49: =+(G49/H49-1)*100 -> 27.371214
A50: =+A49+7 -> 39184 | C50: 256.9 | D50: 186.7 | E50: 901.7 | F50: 718.9 | G50: =+C50+E50 -> 1158.6 | H50: =+D50+F50 -> 905.6 | I50: =+(G50/H50-1)*100 -> 27.937279
A51: =+A50+7 -> 39191 | C51: 238.6 | D51: 186.6 | E51: 1003.8 | F51: 718.9 | G51: =+C51+E51 -> 1242.4 | H51: =+D51+F51 -> 905.5 | I51: =+(G51/H51-1)*100 -> 37.205964
A52: =+A51+7 -> 39198 | C52: 207.3 | D52: 126.6 | E52: 1073.1 | F52: 781.6 | G52: =+C52+E52 -> 1280.4 | H52: =+D52+F52 -> 908.2 | I52: =+(G52/H52-1)*100 -> 40.982163
A53: =+A52+7 -> 39205 | C53: 205.6 | D53: 58 | E53: 1095.8 | F53: 942.3 | G53: =+C53+E53 -> 1301.4 | H53: =+D53+F53 -> 1000.3 | I53: =+(G53/H53-1)*100 -> 30.10097 | J53: 0
A54: =+A53+7 -> 39212 | C54: 192.3 | D54: 57.5 | E54: 1109.1 | F54: 943.8 | G54: =+C54+E54 -> 1301.4 | H54: =+D54+F54 -> 1001.3 | I54: =+(G54/H54-1)*100 -> 29.971038
A55: =+A54+7 -> 39219
A56: =+A55+7 -> 39226 | C56: 233.4 | D56: 58.9 | E56: 1137.9 | F56: 1010.7 | G56: =+C56+E56 -> 1371.3 | H56: =+D56+F56 -> 1069.6 | I56: =+(G56/H56-1)*100 -> 28.206806 | J56: 0
A57: =+A56+7 -> 39233 | C57: 246.9 | D57: 57.8 | E57: 1145.3 | F57: 1011.8 | G57: =+C57+E57 -> 1392.2 | H57: =+D57+F57 -> 1069.6 | I57: =+(G57/H57-1)*100 -> 30.160808
A58: =+A57+7 -> 39240 | C58: 172.4 | D58: 57 | E58: 1222.9 | F58: 1012.6 | G58: =+C58+E58 -> 1395.3 | H58: =+D58+F58 -> 1069.6 | I58: =+(G58/H58-1)*100 -> 30.450636
A59: =+A58+7 -> 39247 | C59: 177.1 | D59: 61.5 | E59: 1233.2 | F59: 1012.6 | G59: =+C59+E59 -> 1410.3 | H59: =+D59+F59 -> 1074.1 | I59: =+(G59/H59-1)*100 -> 31.300624
A60: =+A59+7 -> 39254 | C60: 185.4 | D60: 63.5 | E60: 1239.9 | F60: 1072.5 | G60: =+C60+E60 -> 1425.3 | H60: =+D60+F60 -> 1136 | I60: =+(G60/H60-1)*100 -> 25.466549
A61: =+A60+7 -> 39261 | C61: 182 | D61: 63.2 | E61: 1252 | F61: 1072.8 | G61: =+C61+E61 -> 1434 | H61: =+D61+F61 -> 1136 | I61: =+(G61/H61-1)*100 -> 26.232394
A62: =+A61+7 -> 39268 | C62: 176.5 | D62: 63.2 | E62: 1289.1 | F62: 1097.2 | G62: =+C62+E62 -> 1465.6 | H62: =+D62+F62 -> 1160.4 | I62: =+(G62/H62-1)*100 -> 26.301275
A63: =+A62+7 -> 39275 | C63: 94 | D63: 95.2 | E63: 1377.5 | F63: 1098.2 | G63: =+C63+E63 -> 1471.5 | H63: =+D63+F63 -> 1193.4 | I63: =+(G63/H63-1)*100 -> 23.303167
A64: =+A63+7 -> 39282 | C64: 89.1 | D64: 37.5 | E64: 1386.8 | F64: 1162.1 | G64: =+C64+E64 -> 1475.9 | H64: =+D64+F64 -> 1199.6 | I64: =+(G64/H64-1)*100 -> 23.032678
A65: =+A64+7 -> 39289 | C65: 100.1 | D65: 37.5 | E65: 1395.9 | F65: 1164.2 | G65: =+C65+E65 -> 1496 | H65: =+D65+F65 -> 1201.7 | I65: =+(G65/H65-1)*100 -> 24.490305 | J65: 21.6
A66: =+A65+7 -> 39296 | C66: 84.6 | D66: 43.1 | E66: 1411.4 | F66: 1165.5 | G66: =+C66+E66 -> 1496 | H66: =+D66+F66 -> 1208.6 | I66: =+(G66/H66-1)*100 -> 23.77958 | J66: 21.6
A67: =+A66+7 -> 39303 | C67: 74 | D67: 50 | E67: 1423.7 | F67: 1167.6 | G67: =+C67+E67 -> 1497.7 | H67: =+D67+F67 -> 1217.6 | I67: =+(G67/H67-1)*100 -> 23.004271 | J67: 21.6
A68: =+A67+7 -> 39310 | C68: 90.7 | D68: 52.7 | E68: 1437.7 | F68: 1171 | G68: =+C68+E68 -> 1528.4 | H68: =+D68+F68 -> 1223.7 | I68: =+(G68/H68-1)*100 -> 24.899894 | J68: 21.6
A69: =+A68+7 -> 39317 | C69: 79.7 | D69: 49.1 | E69: 1444.4 | F69: 1175.6 | G69: =+C69+E69 -> 1524.1 | H69: =+D69+F69 -> 1224.7 | I69: =+(G69/H69-1)*100 -> 24.446803 | J69: 51.6
A70: =+A69+7 -> 39324 | C70: 78 | D70: 16.2 | E70: 1450.9 | F70: 1211.1 | G70: =+C70+E70 -> 1528.9 | H70: =+D70+F70 -> 1227.3 | I70: =+(G70/H70-1)*100 -> 24.574269 | J70: 101.6
A71: =+A70+7 -> 39331 | C71: 183.1 | D71: 100 | E71: 0 | F71: 2.4 | G71: =+C71+E71 -> 183.1 | H71: =+D71+F71 -> 102.4 | I71: =+(G71/H71-1)*100 -> 78.808594
A72: =+A71+7 -> 39338 | C72: 182.4 | D72: 99 | E72: 1.4 | F72: 3.4 | G72: =+C72+E72 -> 183.8 | H72: =+D72+F72 -> 102.4 | I72: =+(G72/H72-1)*100 -> 79.492188
A73: =+A72+7 -> 39345 | C73: 214.9 | D73: 98.7 | E73: 7.1 | F73: 3.7 | G73: =+C73+E73 -> 222 | H73: =+D73+F73 -> 102.4 | I73: =+(G73/H73-1)*100 -> 116.79688
A74: =+A73+7 -> 39352 | C74: 267.2 | D74: 156.1 | E74: 10.8 | F74: 4.3 | G74: =+C74+E74 -> 278 | H74: =+D74+F74 -> 160.4 | I74: =+(G74/H74-1)*100 -> 73.316708
A75: =+A74+7 -> 39359 | C75: 312.5 | D75: 155.9 | E75: 23.8 | F75: 71.7 | G75: =+C75+E75 -> 336.3 | H75: =+D75+F75 -> 227.6 | I75: =+(G75/H75-1)*100 -> 47.759227
A76: =+A75+7 -> 39366 | C76: 308.5 | D76: 135.3 | E76: 35.8 | F76: 132.8 | G76: =+C76+E76 -> 344.3 | H76: =+D76+F76 -> 268.1 | I76: =+(G76/H76-1)*100 -> 28.422231
A77: =+A76+7 -> 39373 | C77: 291.9 | D77: 83.3 | E77: 127 | F77: 194.8 | G77: =+C77+E77 -> 418.9 | H77: =+D77+F77 -> 278.1 | I77: =+(G77/H77-1)*100 -> 50.62927
A78: =+A77+7 -> 39380 | C78: 171.4 | D78: 23 | E78: 253.8 | F78: 264.7 | G78: =+C78+E78 -> 425.2 | H78: =+D78+F78 -> 287.7 | I78: =+(G78/H78-1)*100 -> 47.79284
A79: =+A78+7 -> 39387 | C79: 173.3 | D79: 21.9 | E79: 267 | F79: 290.2 | G79: =+C79+E79 -> 440.3 | H79: =+D79+F79 -> 312.1 | I79: =+(G79/H79-1)*100 -> 41.076578
A80: =+A79+7 -> 39394 | C80: 154 | D80: 21.2 | E80: 297.1 | F80: 359.1 | G80: =+C80+E80 -> 451.1 | H80: =+D80+F80 -> 380.3 | I80: =+(G80/H80-1)*100 -> 18.616881
A81: =+A80+7 -> 39401 | C81: 152.5 | D81: 26.8 | E81: 314 | F81: 361.5 | G81: =+C81+E81 -> 466.5 | H81: =+D81+F81 -> 388.3 | I81: =+(G81/H81-1)*100 -> 20.139068
A82: =+A81+7 -> 39408 | C82: 155.1 | D82: 86 | E82: 325.1 | F82: 362.3 | G82: =+C82+E82 -> 480.2 | H82: =+D82+F82 -> 448.3 | I82: =+(G82/H82-1)*100 -> 7.1157707
... A104: =+A103+7 -> 39562 | C104: 144.8 | D104: 207.3 | E104: 823.2 | F104: 1073.1 | G104: =+C104+E104 -> 968 | H104: =+D104+F104 -> 1280.4 | I104: =+(G104/H104-1)*100 -> -24.398625
A105: =+A104+7 -> 39569 | C105: 130.6 | D105: 205.6 | E105: 842.1 | F105: 1095.8 | G105: =+C105+E105 -> 972.7 | H105: =+D105+F105 -> 1301.4 | I105: =+(G105/H105-1)*100 -> -25.257415 | J105: 0
A106: =+A105+7 -> 39576 | C106: 165.6 | D106: 192.3 | E106: 857.1 | F106: 1109.1 | G106: =+C106+E106 -> 1022.7 | H106: =+D106+F106 -> 1301.4 | I106: =+(G106/H106-1)*100 -> -21.415399 | J106: 0
A107: =+A106+7 -> 39583 | C107: 166.8 | D107: 177.2 | E107: 867.8 | F107: 1124.2 | G107: =+C107+E107 -> 1034.6 | H107: =+D107+F107 -> 1301.4 | I107: =+(G107/H107-1)*100 -> -20.500999 | J107: 0
A108: =+A107+7 -> 39590 | C108: 161.1 | D108: 233.4 | E108: 879.8 | F108: 1137.9 | G108: =+C108+E108 -> 1040.9 | H108: =+D108+F108 -> 1371.3 | I108: =+(G108/H108-1)*100 -> -24.093925 | J108: 60
A109: =+A108+7 -> 39597 | C109: 158.2 | D109: 246.9 | E109: 885.1 | F109: 1145.3 | G109: =+C109+E109 -> 1043.3 | H109: =+D109+F109 -> 1392.2 | I109: =+(G109/H109-1)*100 -> -25.061054 | J109: 60
A110: =+A109+7 -> 39604 | C110: 100.8 | D110: 172.4 | E110: 948.8 | F110: 1222.9 | G110: =+C110+E110 -> 1049.6 | H110: =+D110+F110 -> 1395.3 | I110: =+(G110/H110-1)*100 -> -24.776034 | J110: 60
A111: =+A110+7 -> 39611 | C111: 100.8 | D111: 172.4 | E111: 948.8 | F111: 1222.9 | G111: =+C111+E111 -> 1049.6 | H111: =+D111+F111 -> 1395.3 | I111: =+(G111/H111-1)*100 -> -24.776034 | J111: 60
A112: =+A111+7 -> 39618 | C112: 76.7 | D112: 182 | E112: 985.3 | F112: 1252 | G112: =+C112+E112 -> 1062 | H112: =+D112+F112 -> 1434 | I112: =+(G112/H112-1)*100 -> -25.941423 | J112: 60
A113: =+A112+7 -> 39625
A114: =+A113+7 -> 39632 | C114: 68.9 | D114: 176.5 | E114: 994.2 | F114: 1289.1 | G114: =+C114+E114 -> 1063.1 | H114: =+D114+F114 -> 1465.6 | I114: =+(G114/H114-1)*100 -> -27.463155 | J114: 60
A115: =+A114+7 -> 39639 | C115: 57.7 | D115: 94 | E115: 1006.9 | F115: 1377.5 | G115: =+C115+E115 -> 1064.6 | H115: =+D115+F115 -> 1471.5 | I115: =+(G115/H115-1)*100 -> -27.652056 | J115: 60
A116: =+A115+7 -> 39646 | C116: 54.7 | D116: 89.1 | E116: 1013.8 | F116: 1386.8 | G116: =+C116+E116 -> 1068.5 | H116: =+D116+F116 -> 1475.9 | I116: =+(G116/H116-1)*100 -> -27.603496
A117: =+A116+7 -> 39653 | C117: 52.4 | D117: 100.1 | E117: 1024.8 | F117: 1395.9 | G117: =+C117+E117 -> 1077.2 | H117: =+D117+F117 -> 1496 | I117: =+(G117/H117-1)*100 -> -27.994652
A118: =+A117+7 -> 39660 | C118: 52.2 | D118: 84.6 | E118: 1034.9 | F118: 1411.4 | G118: =+C118+E118 -> 1087.1 | H118: =+D118+F118 -> 1496 | I118: =+(G118/H118-1)*100 -> -27.332888 | J118: 81
A119: =+A118+7 -> 39667 | C119: 45.9 | D119: 74 | E119: 1043.2 | F119: 1423.7 | G119: =+C119+E119 -> 1089.1 | H119: =+D119+F119 -> 1497.7 | I119: =+(G119/H119-1)*100 -> -27.281832 | J119: 84.3
A120: =+A119+7 -> 39674 | C120: 40.6 | D120: 90.7 | E120: 1050.6 | F120: 1437.7 | G120: =+C120+E120 -> 1091.2 | H120: =+D120+F120 -> 1528.4 | I120: =+(G120/H120-1)*100 -> -28.605077 | J120: 85
A121: =+A120+7 -> 39681 | C121: 40.8 | D121: 79.7 | E121: 1057.8 | F121: 1444.4 | G121: =+C121+E121 -> 1098.6 | H121: =+D121+F121 -> 1524.1 | I121: =+(G121/H121-1)*100 -> -27.918116 | J121: 85.5
A122: =+A121+7 -> 39688 | C122: 33.6 | D122: 78 | E122: 1065.3 | F122: 1450.9 | G122: =+C122+E122 -> 1098.9 | H122: =+D122+F122 -> 1528.9 | I122: =+(G122/H122-1)*100 -> -28.124796 | J122: 90.8
A123: =+A122+7 -> 39695 | C123: 128.5 | D123: 183.1 | E123: 2.6 | F123: 0 | G123: =+C123+E123 -> 131.1 | H123: =+D123+F123 -> 183.1 | I123: =+(G123/H123-1)*100 -> -28.399782
A124: =+A123+7 -> 39702 | C124: 184.6 | D124: 182.4 | E124: 11.1 | F124: 1.4 | G124: =+C124+E124 -> 195.7 | H124: =+D124+F124 -> 183.8 | I124: =+(G124/H124-1)*100 -> 6.4744287
A125: =+A124+7 -> 39709 | C125: 208.4 | D125: 214.9 | E125: 17.4 | F125: 7.1 | G125: =+C125+E125 -> 225.8 | H125: =+D125+F125 -> 222 | I125: =+(G125/H125-1)*100 -> 1.7117117
A126: =+A125+7 -> 39716 | C126: 209.9 | D126: 267.2 | E126: 25 | F126: 10.8 | G126: =+C126+E126 -> 234.9 | H126: =+D126+F126 -> 278 | I126: =+(G126/H126-1)*100 -> -15.503597
A127: =+A126+7 -> 39723 | C127: 201.9 | D127: 312.5 | E127: 37.9 | F127: 23.8 | G127: =+C127+E127 -> 239.8 | H127: =+D127+F127 -> 336.3 | I127: =+(G127/H127-1)*100 -> -28.694618
A128: =+A127+7 -> 39730 | C128: 252.8 | D128: 308.5 | E128: 43.1 | F128: 35.8 | G128: =+C128+E128 -> 295.9 | H128: =+D128+F128 -> 344.3 | I128: =+(G128/H128-1)*100 -> -14.057508
A129: =+A128+7 -> 39737 | C129: 180.9 | D129: 291.9 | E129: 116.2 | F129: 127 | G129: =+C129+E129 -> 297.1 | H129: =+D129+F129 -> 418.9 | I129: =+(G129/H129-1)*100 -> -29.076152
...

Sheet Korea
C1: Unshipped Balance | E1: Accumulated Exports | G1: Total Commitments
A2: EXPORT SALES, Korea | C2: 2005 | D2: 2004 | E2: 2005 | F2: 2004 | G2: 2005 | H2: 2004 | I2: % change
A3: 38855 | C3: 75 | D3: 156.5 | E3: 413.1 | F3: 705.9 | G3: =+C3+E3 -> 488.1 | H3: =+D3+F3 -> 862.4 | I3: =+(G3/H3-1)*100 -> -43.402134
A4: 38862 | C4: 75 | D4: 156.5 | E4: 413.1 | F4: 705.9 | G4: =+C4+E4 -> 488.1 | H4: =+D4+F4 -> 862.4 | I4: =+(G4/H4-1)*100 -> -43.402134
A5: 38869 | C5: 75 | D5: 156.5 | E5: 413.1 | F5: 705.9 | G5: =+C5+E5 -> 488.1 | H5: =+D5+F5 -> 862.4 | I5: =+(G5/H5-1)*100 -> -43.402134
A6: 38876 | C6: 75 | D6: 156.5 | E6: 413.1 | F6: 705.9 | G6: =+C6+E6 -> 488.1 | H6: =+D6+F6 -> 862.4 | I6: =+(G6/H6-1)*100 -> -43.402134 | J6: 0
A7: 38883 | C7: 75 | D7: 180 | E7: 413.1 | F7: 705.9 | G7: =+C7+E7 -> 488.1 | H7: =+D7+F7 -> 885.9 | I7: =+(G7/H7-1)*100 -> -44.903488
A8: 38890 | C8: 50 | D8: 180 | E8: 437.1 | F8: 705.9 | G8: =+C8+E8 -> 487.1 | H8: =+D8+F8 -> 885.9 | I8: =+(G8/H8-1)*100 -> -45.016368
A9: 38897 | C9: 50 | D9: 155 | E9: 437.1 | F9: 729.5 | G9: =+C9+E9 -> 487.1 | H9: =+D9+F9 -> 884.5 | I9: =+(G9/H9-1)*100 -> -44.929339
A10: 38904 | C10: 50 | D10: 155 | E10: 437.1 | F10: 729.5 | G10: =+C10+E10 -> 487.1 | H10: =+D10+F10 -> 884.5 | I10: =+(G10/H10-1)*100 -> -44.929339
A11: 38911 | C11: 50 | D11: 155 | E11: 461.8 | F11: 729.5 | G11: =+C11+E11 -> 511.8 | H11: =+D11+F11 -> 884.5 | I11: =+(G11/H11-1)*100 -> -42.1368
A12: 38918 | C12: 50 | D12: 25 | E12: 461.8 | F12: 755.8 | G12: =+C12+E12 -> 511.8 | H12: =+D12+F12 -> 780.8 | I12: =+(G12/H12-1)*100 -> -34.451844
A13: 38925 | C13: 25 | D13: 25 | E13: 486.8 | F13: 755.8 | G13: =+C13+E13 -> 511.8 | H13: =+D13+F13 -> 780.8 | I13: =+(G13/H13-1)*100 -> -34.451844
A14: 38932 | C14: 25 | D14: 25 | E14: 486.8 | F14: 755.8 | G14: =+C14+E14 -> 511.8 | H14: =+D14+F14 -> 780.8 | I14: =+(G14/H14-1)*100 -> -34.451844 | J14: 45
A15: 38939 | C15: 25 | D15: 25 | E15: 486.8 | F15: 755.8 | G15: =+C15+E15 -> 511.8 | H15: =+D15+F15 -> 780.8 | I15: =+(G15/H15-1)*100 -> -34.451844 | J15: 45
A16: 38946 | C16: 25 | D16: 0 | E16: 486.8 | F16: 780.1 | G16: =+C16+E16 -> 511.8 | H16: =+D16+F16 -> 780.1 | I16: =+(G16/H16-1)*100 -> -34.393027 | J16: 45
A17: 38953 | C17: 25 | D17: 0 | E17: 486.8 | F17: 780.1 | G17: =+C17+E17 -> 511.8 | H17: =+D17+F17 -> 780.1 | I17: =+(G17/H17-1)*100 -> -34.393027 | J17: 45
A18: 38960 | C18: 25 | D18: 0 | E18: 486.8 | F18: 780.1 | G18: =+C18+E18 -> 511.8 | H18: =+D18+F18 -> 780.1 | I18: =+(G18/H18-1)*100 -> -34.393027 | J18: 70
A19: 38967 | C19: 70 | D19: 282.5 | E19: 0 | F19: 0 | G19: =+C19+E19 -> 70 | H19: =+D19+F19 -> 282.5 | I19: =+(G19/H19-1)*100 -> -75.221239
A20: 38974 | C20: 160 | D20: 282.5 | E20: 0 | F20: 0 | G20: =+C20+E20 -> 160 | H20: =+D20+F20 -> 282.5 | I20: =+(G20/H20-1)*100 -> -43.362832
A21: 38981 | C21: 304 | D21: 282.5 | E21: 0 | F21: 0 | G21: =+C21+E21 -> 304 | H21: =+D21+F21 -> 282.5 | I21: =+(G21/H21-1)*100 -> 7.6106195
A22: 38988 | C22: 259 | D22: 282.5 | E22: 46.8 | F22: 0 | G22: =+C22+E22 -> 305.8 | H22: =+D22+F22 -> 282.5 | I22: =+(G22/H22-1)*100 -> 8.2477876
A23: 38995 | G23: =+C23+E23 -> 0 | H23: =+D23+F23 -> 0 | I23: =+(G23/H23-1)*100 -> #DIV/0!
A24: 39002 | C24: 369 | D24: 387.5 | E24: 56.5 | F24: 0 | G24: =+C24+E24 -> 425.5 | H24: =+D24+F24 -> 387.5 | I24: =+(G24/H24-1)*100 -> 9.8064516
A25: 39009 | C25: 324 | D25: 440 | E25: 99.8 | F25: 0 | G25: =+C25+E25 -> 423.8 | H25: =+D25+F25 -> 440 | I25: =+(G25/H25-1)*100 -> -3.6818182
A26: 39016 | C26: 324 | D26: 440.1 | E26: 99.8 | F26: 0 | G26: =+C26+E26 -> 423.8 | H26: =+D26+F26 -> 440.1 | I26: =+(G26/H26-1)*100 -> -3.7037037
A27: 39023 | C27: 332.5 | D27: 415.1 | E27: 99.8 | F27: 24.9 | G27: =+C27+E27 -> 432.3 | H27: =+D27+F27 -> 440 | I27: =+(G27/H27-1)*100 -> -1.75
A28: 39030 | C28: 332.5 | D28: 415.1 | E28: 123.6 | F28: 24.9 | G28: =+C28+E28 -> 456.1 | H28: =+D28+F28 -> 440 | I28: =+(G28/H28-1)*100 -> 3.6590909
A29: 39037 | C29: 287.5 | D29: 307.6 | E29: 172.8 | F29: 139.6 | G29: =+C29+E29 -> 460.3 | H29: =+D29+F29 -> 447.2 | I29: =+(G29/H29-1)*100 -> 2.9293381
A30: 39044 | C30: 287.5 | D30: 307.6 | E30: 172.8 | F30: 139.6 | G30: =+C30+E30 -> 460.3 | H30: =+D30+F30 -> 447.2 | I30: =+(G30/H30-1)*100 -> 2.9293381
A31: 39051 | C31: 235 | D31: 307.6 | E31: 230.2 | F31: 139.6 | G31: =+C31+E31 -> 465.2 | H31: =+D31+F31 -> 447.2 | I31: =+(G31/H31-1)*100 -> 4.0250447
A32: 39058 | C32: 235 | D32: 307.5 | E32: 230.2 | F32: 139.6 | G32: =+C32+E32 -> 465.2 | H32: =+D32+F32 -> 447.1 | I32: =+(G32/H32-1)*100 -> 4.0483113
A33: 39065 | C33: 235 | D33: 255 | E33: 230.2 | F33: 197.4 | G33: =+C33+E33 -> 465.2 | H33: =+D33+F33 -> 452.4 | I33: =+(G33/H33-1)*100 -> 2.8293546
A34: 39072 | C34: 235 | D34: 202.5 | E34: 230.2 | F34: 255.1 | G34: =+C34+E34 -> 465.2 | H34: =+D34+F34 -> 457.6 | I34: =+(G34/H34-1)*100 -> 1.6608392
A35: 39079 | C35: 190 | D35: 177.5 | E35: 279.2 | F35: 279.8 | G35: =+C35+E35 -> 469.2 | H35: =+D35+F35 -> 457.3 | I35: =+(G35/H35-1)*100 -> 2.6022305
... A52: 39198 | C52: 46 | D52: 50 | E52: 496.6 | F52: 413.1 | G52: =+C52+E52 -> 542.6 | H52: =+D52+F52 -> 463.1 | I52: =+(G52/H52-1)*100 -> 17.166919
A53: 39205 | C53: 46 | D53: 75 | E53: 523.5 | F53: 413.1 | G53: =+C53+E53 -> 569.5 | H53: =+D53+F53 -> 488.1 | I53: =+(G53/H53-1)*100 -> 16.67691 | J53: 25
A54: 39212 | C54: 46 | D54: 75 | E54: 523.5 | F54: 413.1 | G54: =+C54+E54 -> 569.5 | H54: =+D54+F54 -> 488.1 | I54: =+(G54/H54-1)*100 -> 16.67691 | J54: 25
A55: 39219 | C55: 46 | D55: 75 | E55: 523.5 | F55: 413.1 | G55: =+C55+E55 -> 569.5 | H55: =+D55+F55 -> 488.1 | I55: =+(G55/H55-1)*100 -> 16.67691 | J55: 25
A56: 39226 | C56: 46 | D56: 75 | E56: 523.5 | F56: 413.1 | G56: =+C56+E56 -> 569.5 | H56: =+D56+F56 -> 488.1 | I56: =+(G56/H56-1)*100 -> 16.67691 | J56: 25
A57: 39233 | C57: 46 | D57: 75 | E57: 523.5 | F57: 413.1 | G57: =+C57+E57 -> 569.5 | H57: =+D57+F57 -> 488.1 | I57: =+(G57/H57-1)*100 -> 16.67691 | J57: 50
A58: 39240 | C58: 46 | D58: 75 | E58: 550.4 | F58: 413.1 | G58: =+C58+E58 -> 596.4 | H58: =+D58+F58 -> 488.1 | I58: =+(G58/H58-1)*100 -> 22.188076 | J58: 50
A59: 39247 | C59: 46 | D59: 75 | E59: 550.4 | F59: 413.1 | G59: =+C59+E59 -> 596.4 | H59: =+D59+F59 -> 488.1 | I59: =+(G59/H59-1)*100 -> 22.188076 | J59: 50
A60: 39254 | C60: 46 | D60: 50 | E60: 550.4 | F60: 437.1 | G60: =+C60+E60 -> 596.4 | H60: =+D60+F60 -> 487.1 | I60: =+(G60/H60-1)*100 -> 22.438924 | J60: 50
A61: 39261 | C61: 0 | D61: 50 | E61: 593.6 | F61: 437.1 | G61: =+C61+E61 -> 593.6 | H61: =+D61+F61 -> 487.1 | I61: =+(G61/H61-1)*100 -> 21.864094 | J61: 50
A62: 39268 | C62: 0 | D62: 50 | E62: 593.6 | F62: 437.1 | G62: =+C62+E62 -> 593.6 | H62: =+D62+F62 -> 487.1 | I62: =+(G62/H62-1)*100 -> 21.864094 | J62: 50
A63: 39275 | C63: 0 | D63: 50 | E63: 593.6 | F63: 461.8 | G63: =+C63+E63 -> 593.6 | H63: =+D63+F63 -> 511.8 | I63: =+(G63/H63-1)*100 -> 15.982806 | J63: 50
A64: 39282 | C64: 0 | D64: 50 | E64: 593.6 | F64: 461.8 | G64: =+C64+E64 -> 593.6 | H64: =+D64+F64 -> 511.8 | I64: =+(G64/H64-1)*100 -> 15.982806 | J64: 50
... A70: 39324 | C70: 0 | D70: 25 | E70: 593.6 | F70: 486.8 | G70: =+C70+E70 -> 593.6 | H70: =+D70+F70 -> 511.8 | I70: =+(G70/H70-1)*100 -> 15.982806 | J70: 95
A71: 39331 | C71: 95 | D71: 70 | E71: 0 | F71: 0 | G71: =+C71+E71 -> 95 | H71: =+D71+F71 -> 70 | I71: =+(G71/H71-1)*100 -> 35.714286
A72: 39338 | C72: 111 | D72: 160 | E72: 0 | F72: 0 | G72: =+C72+E72 -> 111 | H72: =+D72+F72 -> 160 | I72: =+(G72/H72-1)*100 -> -30.625
A73: 39345 | C73: 111 | D73: 304 | E73: 0 | F73: 0 | G73: =+C73+E73 -> 111 | H73: =+D73+F73 -> 304 | I73: =+(G73/H73-1)*100 -> -63.486842
A74: 39352 | C74: 166 | D74: 259 | E74: 0 | F74: 46.8 | G74: =+C74+E74 -> 166 | H74: =+D74+F74 -> 305.8 | I74: =+(G74/H74-1)*100 -> -45.716154
A75: 39359 | C75: 140 | D75: 379 | E75: 16.6 | F75: 46.8 | G75: =+C75+E75 -> 156.6 | H75: =+D75+F75 -> 425.8 | I75: =+(G75/H75-1)*100 -> -63.22217
A76: 39366 | C76: 95 | D76: 369 | E76: 62.4 | F76: 56.5 | G76: =+C76+E76 -> 157.4 | H76: =+D76+F76 -> 425.5 | I76: =+(G76/H76-1)*100 -> -63.008226
A77: 39373 | C77: 95 | D77: 324 | E77: 62.4 | F77: 99.8 | G77: =+C77+E77 -> 157.4 | H77: =+D77+F77 -> 423.8 | I77: =+(G77/H77-1)*100 -> -62.85984
A78: 39380 | C78: 95 | D78: 324 | E78: 62.4 | F78: 99.8 | G78: =+C78+E78 -> 157.4 | H78: =+D78+F78 -> 423.8 | I78: =+(G78/H78-1)*100 -> -62.85984
A79: 39387 | C79: 140 | D79: 332.5 | E79: 62.4 | F79: 99.8 | G79: =+C79+E79 -> 202.4 | H79: =+D79+F79 -> 432.3 | I79: =+(G79/H79-1)*100 -> -53.180662
A80: 39394 | C80: 140 | D80: 332.5 | E80: 62.4 | F80: 123.6 | G80: =+C80+E80 -> 202.4 | H80: =+D80+F80 -> 456.1 | I80: =+(G80/H80-1)*100 -> -55.623767
A81: 39401 | C81: 140 | D81: 287.5 | E81: 62.4 | F81: 172.8 | G81: =+C81+E81 -> 202.4 | H81: =+D81+F81 -> 460.3 | I81: =+(G81/H81-1)*100 -> -56.028677
A82: 39408 | C82: 140 | D82: 287.5 | E82: 109 | F82: 172.8 | G82: =+C82+E82 -> 249 | H82: =+D82+F82 -> 460.3 | I82: =+(G82/H82-1)*100 -> -45.904845
... A104: 39562 | C104: 70.1 | D104: 46 | E104: 386 | F104: 496.6 | G104: =+C104+E104 -> 456.1 | H104: =+D104+F104 -> 542.6 | I104: =+(G104/H104-1)*100 -> -15.941762
A105: 39569 | C105: 70.1 | D105: 46 | E105: 386 | F105: 523.5 | G105: =+C105+E105 -> 456.1 | H105: =+D105+F105 -> 569.5 | I105: =+(G105/H105-1)*100 -> -19.912204 | J105: 0
A106: 39576 | C106: 70 | D106: 46 | E106: 386 | F106: 523.5 | G106: =+C106+E106 -> 456 | H106: =+D106+F106 -> 569.5 | I106: =+(G106/H106-1)*100 -> -19.929763 | J106: 0
A107: 39583 | C107: 70 | D107: 46 | E107: 386 | F107: 523.5 | G107: =+C107+E107 -> 456 | H107: =+D107+F107 -> 569.5 | I107: =+(G107/H107-1)*100 -> -19.929763 | J107: 0
A108: 39590 | C108: 45 | D108: 46 | E108: 410.1 | F108: 523.5 | G108: =+C108+E108 -> 455.1 | H108: =+D108+F108 -> 569.5 | I108: =+(G108/H108-1)*100 -> -20.087796
A109: 39597 | C109: 45 | D109: 46 | E109: 410.1 | F109: 523.5 | G109: =+C109+E109 -> 455.1 | H109: =+D109+F109 -> 569.5 | I109: =+(G109/H109-1)*100 -> -20.087796
A110: 39604 | C110: 45 | D110: 46 | E110: 410.1 | F110: 550.4 | G110: =+C110+E110 -> 455.1 | H110: =+D110+F110 -> 596.4 | I110: =+(G110/H110-1)*100 -> -23.692153
A111: 39611 | C111: 45 | D111: 46 | E111: 410.1 | F111: 550.4 | G111: =+C111+E111 -> 455.1 | H111: =+D111+F111 -> 596.4 | I111: =+(G111/H111-1)*100 -> -23.692153
A112: 39618 | C112: 45 | D112: 46 | E112: 410.1 | F112: 550.4 | G112: =+C112+E112 -> 455.1 | H112: =+D112+F112 -> 596.4 | I112: =+(G112/H112-1)*100 -> -23.692153 | J112: 0
A113: 39625 | C113: 45 | D113: 0 | E113: 410.1 | F113: 593.6 | G113: =+C113+E113 -> 455.1 | H113: =+D113+F113 -> 593.6 | I113: =+(G113/H113-1)*100 -> -23.33221 | J113: 0
A114: 39632 | C114: 45 | D114: 0 | E114: 410.1 | F114: 593.6 | G114: =+C114+E114 -> 455.1 | H114: =+D114+F114 -> 593.6 | I114: =+(G114/H114-1)*100 -> -23.33221 | J114: 0
A115: 39639 | C115: 45 | D115: 0 | E115: 410.1 | F115: 593.6 | G115: =+C115+E115 -> 455.1 | H115: =+D115+F115 -> 593.6 | I115: =+(G115/H115-1)*100 -> -23.33221
A116: 39646 | C116: 93 | D116: 0 | E116: 410.1 | F116: 593.6 | G116: =+C116+E116 -> 503.1 | H116: =+D116+F116 -> 593.6 | I116: =+(G116/H116-1)*100 -> -15.245957
A117: 39653 | C117: 93 | D117: 0 | E117: 410.1 | F117: 593.6 | G117: =+C117+E117 -> 503.1 | H117: =+D117+F117 -> 593.6 | I117: =+(G117/H117-1)*100 -> -15.245957
A118: 39660 | C118: 45 | D118: 0 | E118: 459 | F118: 593.6 | G118: =+C118+E118 -> 504 | H118: =+D118+F118 -> 593.6 | I118: =+(G118/H118-1)*100 -> -15.09434 | J118: 0
A119: 39667
A120: 39674 | C120: 0 | D120: 0 | E120: 459 | F120: 593.6 | G120: =+C120+E120 -> 459 | H120: =+D120+F120 -> 593.6 | I120: =+(G120/H120-1)*100 -> -22.675202 | J120: 45
A121: 39681 | C121: 0 | D121: 0 | E121: 459 | F121: 593.6 | G121: =+C121+E121 -> 459 | H121: =+D121+F121 -> 593.6 | I121: =+(G121/H121-1)*100 -> -22.675202 | J121: 85
A122: 39688 | C122: 0 | D122: 0 | E122: 459 | F122: 593.6 | G122: =+C122+E122 -> 459 | H122: =+D122+F122 -> 593.6 | I122: =+(G122/H122-1)*100 -> -22.675202 | J122: 85
A123: 39695 | C123: 195 | D123: 95 | E123: 0 | F123: 0 | G123: =+C123+E123 -> 195 | H123: =+D123+F123 -> 95 | I123: =+(G123/H123-1)*100 -> 105.26316
A124: 39702 | C124: 195 | D124: 111 | E124: 0 | F124: 0 | G124: =+C124+E124 -> 195 | H124: =+D124+F124 -> 111 | I124: =+(G124/H124-1)*100 -> 75.675676
A125: 39709 | C125: 195 | D125: 111 | E125: 0 | F125: 0 | G125: =+C125+E125 -> 195 | H125: =+D125+F125 -> 111 | I125: =+(G125/H125-1)*100 -> 75.675676
A126: 39716 | C126: 205 | D126: 166 | E126: 0 | F126: 0 | G126: =+C126+E126 -> 205 | H126: =+D126+F126 -> 166 | I126: =+(G126/H126-1)*100 -> 23.493976
A127: 39723 | C127: 205.1 | D127: 140 | E127: 0 | F127: 16.6 | G127: =+C127+E127 -> 205.1 | H127: =+D127+F127 -> 156.6 | I127: =+(G127/H127-1)*100 -> 30.970626
A128: 39730 | C128: 205 | D128: 95 | E128: 0 | F128: 62.4 | G128: =+C128+E128 -> 205 | H128: =+D128+F128 -> 157.4 | I128: =+(G128/H128-1)*100 -> 30.241423
A129: 39737 | C129: 205 | D129: 95 | E129: 0 | F129: 62.4 | G129: =+C129+E129 -> 205 | H129: =+D129+F129 -> 157.4 | I129: =+(G129/H129-1)*100 -> 30.241423
A130: 39744 | C130: 165 | D130: 95 | E130: 56.6 | F130: 62.4 | G130: =+C130+E130 -> 221.6 | H130: =+D130+F130 -> 157.4 | I130: =+(G130/H130-1)*100 -> 40.787802
A131: 39751 | C131: 165 | D131: 140 | E131: 56.6 | F131: 62.4 | G131: =+C131+E131 -> 221.6 | H131: =+D131+F131 -> 202.4 | I131: =+(G131/H131-1)*100 -> 9.486166
A132: 39758 | C132: 165 | D132: 140 | E132: 56.6 | F132: 62.4 | G132: =+C132+E132 -> 221.6 | H132: =+D132+F132 -> 202.4 | I132: =+(G132/H132-1)*100 -> 9.486166
A133: 39765 | C133: 110 | D133: 140 | E133: 114.3 | F133: 62.4 | G133: =+C133+E133 -> 224.3 | H133: =+D133+F133 -> 202.4 | I133: =+(G133/H133-1)*100 -> 10.820158
A134: 39772 | C134: 110 | D134: 140 | E134: 114.3 | F134: 109 | G134: =+C134+E134 -> 224.3 | H134: =+D134+F134 -> 249 | I134: =+(G134/H134-1)*100 -> -9.9196787
... A165: 39989 | C165: 8.5 | D165: 45 | E165: 320.5 | F165: 410.1 | G165: =+C165+E165 -> 329 | H165: =+D165+F165 -> 455.1 | I165: =+(G165/H165-1)*100 -> -27.708196
A166: 39996 | C166: 8.5 | D166: 45 | E166: 341.5 | F166: 410.1 | G166: =+C166+E166 -> 350 | H166: =+D166+F166 -> 455.1 | I166: =+(G166/H166-1)*100 -> -23.093826 | J166: 48
A167: 40003 | C167: 17.5 | D167: 45 | E167: 341.5 | F167: 410.1 | G167: =+C167+E167 -> 359 | H167: =+D167+F167 -> 455.1 | I167: =+(G167/H167-1)*100 -> -21.116238 | J167: 48
A168: 40010 | C168: 17.5 | D168: 93 | E168: 341.5 | F168: 410.1 | G168: =+C168+E168 -> 359 | H168: =+D168+F168 -> 503.1 | I168: =+(G168/H168-1)*100 -> -28.642417 | J168: 48
A169: 40017 | C169: 17.5 | D169: 93 | E169: 341.5 | F169: 410.1 | G169: =+C169+E169 -> 359 | H169: =+D169+F169 -> 503.1 | I169: =+(G169/H169-1)*100 -> -28.642417 | J169: 48
A170: 40024 | C170: 16.5 | D170: 93 | E170: 342.5 | F170: 410.1 | G170: =+C170+E170 -> 359 | H170: =+D170+F170 -> 503.1 | I170: =+(G170/H170-1)*100 -> -28.642417 | J170: 48
A171: 40031 | C171: 16.4 | D171: 45 | E171: 342.6 | F171: 459 | G171: =+C171+E171 -> 359 | H171: =+D171+F171 -> 504 | I171: =+(G171/H171-1)*100 -> -28.769841 | J171: 48
A172: 40038 | C172: 16.7 | D172: 0 | E172: 342.6 | F172: 459 | G172: =+C172+E172 -> 359.3 | H172: =+D172+F172 -> 459 | I172: =+(G172/H172-1)*100 -> -21.721133 | J172: 48
...

Sheet EU
A1: EU-25 | B1: Unshipped Balance | D1: Accumulated Exports | F1: Total Commitments
A2: EXPORT SALES, Indonesia | B2: This year | C2: Last year | D2: This year | E2: Last year | F2: This year | G2: Last year | H2: % change
A3: 38855 | F3: =+B3+D3 -> 0 | G3: =+C3+E3 -> 0 | H3: =+(F3/G3-1)*100 -> #DIV/0!
A4: 38862 | B4: 0 | C4: 12.5 | D4: 1904.1 | E4: 4567.3 | F4: =+B4+D4 -> 1904.1 | G4: =+C4+E4 -> 4579.8 | H4: =+(F4/G4-1)*100 -> -58.423949
A5: 38869 | B5: 0 | C5: 12.5 | D5: 1905.5 | E5: 4568.1 | F5: =+B5+D5 -> 1905.5 | G5: =+C5+E5 -> 4580.6 | H5: =+(F5/G5-1)*100 -> -58.400646
A6: 38876 | B6: 0 | C6: 12.5 | D6: 1905.7 | E6: 4569.4 | F6: =+B6+D6 -> 1905.7 | G6: =+C6+E6 -> 4581.9 | H6: =+(F6/G6-1)*100 -> -58.408084
A7: 38883 | F7: =+B7+D7 -> 0 | G7: =+C7+E7 -> 0 | H7: =+(F7/G7-1)*100 -> #DIV/0!
A8: 38890 | F8: =+B8+D8 -> 0 | G8: =+C8+E8 -> 0 | H8: =+(F8/G8-1)*100 -> #DIV/0!
A9: 38897 | F9: =+B9+D9 -> 0 | G9: =+C9+E9 -> 0 | H9: =+(F9/G9-1)*100 -> #DIV/0!
A10: 38904 | F10: =+B10+D10 -> 0 | G10: =+C10+E10 -> 0 | H10: =+(F10/G10-1)*100 -> #DIV/0!
A11: 38911 | F11: =+B11+D11 -> 0 | G11: =+C11+E11 -> 0 | H11: =+(F11/G11-1)*100 -> #DIV/0!
A12: 38918 | B12: 7.9 | C12: 37.5 | D12: 2057 | E12: 4569.5 | F12: =+B12+D12 -> 2064.9 | G12: =+C12+E12 -> 4607 | H12: =+(F12/G12-1)*100 -> -55.179075
A13: 38925
A14: 38932 | B14: 7.9 | C14: 37.5 | D14: 2123 | E14: 4569.5 | F14: =+B14+D14 -> 2130.9 | G14: =+C14+E14 -> 4607 | H14: =+(F14/G14-1)*100 -> -53.746473
A15: 38939
A16: 38946
A17: 38953
A18: =+A17+7 -> 38960
A19: =+A18+7 -> 38967 | B19: 22.3 | C19: 207.6 | D19: 0 | E19: 23.9 | F19: =+B19+D19 -> 22.3 | G19: =+C19+E19 -> 231.5 | H19: =+(F19/G19-1)*100 -> -90.367171
A20: =+A19+7 -> 38974
A21: =+A20+7 -> 38981 | B21: 82.3 | C21: 230.6 | D21: 66 | E21: 23.9 | F21: =+B21+D21 -> 148.3 | G21: =+C21+E21 -> 254.5 | H21: =+(F21/G21-1)*100 -> -41.72888
A22: =+A21+7 -> 38988 | B22: 137.3 | C22: 207.6 | D22: 66 | E22: 45.2 | F22: =+B22+D22 -> 203.3 | G22: =+C22+E22 -> 252.8 | H22: =+(F22/G22-1)*100 -> -19.580696
A23: =+A22+7 -> 38995 | B23: 233.1 | C23: 187.6 | D23: 287.9 | E23: 45.2 | F23: =+B23+D23 -> 521 | G23: =+C23+E23 -> 232.8 | H23: =+(F23/G23-1)*100 -> 123.79725
A24: =+A23+7 -> 39002 | B24: 329.1 | C24: 141.6 | D24: 291.1 | E24: 102.1 | F24: =+B24+D24 -> 620.2 | G24: =+C24+E24 -> 243.7 | H24: =+(F24/G24-1)*100 -> 154.49323
A25: =+A24+7 -> 39009 | B25: 387 | C25: 206.1 | D25: 457.3 | E25: 172.1 | F25: =+B25+D25 -> 844.3 | G25: =+C25+E25 -> 378.2 | H25: =+(F25/G25-1)*100 -> 123.24167
A26: =+A25+7 -> 39016 | B26: 327 | C26: 206.1 | D26: 574.8 | E26: 198.8 | F26: =+B26+D26 -> 901.8 | G26: =+C26+E26 -> 404.9 | H26: =+(F26/G26-1)*100 -> 122.72166
A27: =+A26+7 -> 39023 | B27: 327 | C27: 204.5 | D27: 794.1 | E27: 262.6 | F27: =+B27+D27 -> 1121.1 | G27: =+C27+E27 -> 467.1 | H27: =+(F27/G27-1)*100 -> 140.01285
A28: =+A27+7 -> 39030 | B28: 327 | C28: 177 | D28: 953.3 | E28: 291.5 | F28: =+B28+D28 -> 1280.3 | G28: =+C28+E28 -> 468.5 | H28: =+(F28/G28-1)*100 -> 173.27641
A29: =+A28+7 -> 39037 | B29: 288.5 | C29: 235.1 | D29: 1040.2 | E29: 392.4 | F29: =+B29+D29 -> 1328.7 | G29: =+C29+E29 -> 627.5 | H29: =+(F29/G29-1)*100 -> 111.74502
A30: =+A29+7 -> 39044 | B30: 323.5 | C30: 212.1 | D30: 1181.5 | E30: 504.6 | F30: =+B30+D30 -> 1505 | G30: =+C30+E30 -> 716.7 | H30: =+(F30/G30-1)*100 -> 109.99023
A31: =+A30+7 -> 39051 | B31: 287.5 | C31: 342 | D31: 1226 | E31: 506 | F31: =+B31+D31 -> 1513.5 | G31: =+C31+E31 -> 848 | H31: =+(F31/G31-1)*100 -> 78.478774
A32: =+A31+7 -> 39058 | B32: 227.5 | C32: 282 | D32: 1456.8 | E32: 607.4 | F32: =+B32+D32 -> 1684.3 | G32: =+C32+E32 -> 889.4 | H32: =+(F32/G32-1)*100 -> 89.374859
... A50: =+A49+7 -> 39184 | B50: 0 | C50: 0 | D50: 3548.7 | E50: 1900.8 | F50: =+B50+D50 -> 3548.7 | G50: =+C50+E50 -> 1900.8 | H50: =+(F50/G50-1)*100 -> 86.695076
A51: =+A50+7 -> 39191 | B51: 0 | D51: 3551.1 | E51: 1900.8 | F51: =+B51+D51 -> 3551.1 | G51: =+C51+E51 -> 1900.8 | H51: =+(F51/G51-1)*100 -> 86.821338
A52: =+A51+7 -> 39198 | B52: 0 | D52: 3551.5 | E52: 1903 | F52: =+B52+D52 -> 3551.5 | G52: =+C52+E52 -> 1903 | H52: =+(F52/G52-1)*100 -> 86.626379
A53: =+A52+7 -> 39205 | B53: 0 | C53: 1.2 | D53: 3551.5 | E53: 1903 | F53: =+B53+D53 -> 3551.5 | G53: =+C53+E53 -> 1904.2 | H53: =+(F53/G53-1)*100 -> 86.50877 | I53: 60
A54: =+A53+7 -> 39212 | B54: 0 | D54: 3554.9 | E54: 1904.1 | F54: =+B54+D54 -> 3554.9 | G54: =+C54+E54 -> 1904.1 | H54: =+(F54/G54-1)*100 -> 86.697127 | I54: 60
A55: =+A54+7 -> 39219 | B55: 0 | C55: 0 | D55: 3554.9 | E55: 1904.2 | F55: =+B55+D55 -> 3554.9 | G55: =+C55+E55 -> 1904.2 | H55: =+(F55/G55-1)*100 -> 86.687323 | I55: 60
A56: =+A55+7 -> 39226 | B56: 0 | C56: 0 | D56: 3556.4 | E56: 1904.2 | F56: =+B56+D56 -> 3556.4 | G56: =+C56+E56 -> 1904.2 | H56: =+(F56/G56-1)*100 -> 86.766096 | I56: 60
A57: =+A56+7 -> 39233 | B57: 0 | C57: 0 | D57: 3573.1 | E57: 1905.6 | F57: =+B57+D57 -> 3573.1 | G57: =+C57+E57 -> 1905.6 | H57: =+(F57/G57-1)*100 -> 87.505248 | I57: 60
A58: =+A57+7 -> 39240 | B58: 0 | C58: 0 | D58: 3576.9 | E58: 1905.7 | F58: =+B58+D58 -> 3576.9 | G58: =+C58+E58 -> 1905.7 | H58: =+(F58/G58-1)*100 -> 87.69481 | I58: 60
A59: =+A58+7 -> 39247 | B59: 0 | C59: 0 | D59: 3576.9 | E59: 1905.7 | F59: =+B59+D59 -> 3576.9 | G59: =+C59+E59 -> 1905.7 | H59: =+(F59/G59-1)*100 -> 87.69481 | I59: 60
A60: =+A59+7 -> 39254 | B60: 0 | C60: 0 | D60: 3587.2 | E60: 1905.7 | F60: =+B60+D60 -> 3587.2 | G60: =+C60+E60 -> 1905.7 | H60: =+(F60/G60-1)*100 -> 88.235294 | I60: 60
A61: =+A60+7 -> 39261 | B61: 0 | C61: 7.9 | D61: 3594.7 | E61: 1968.3 | F61: =+B61+D61 -> 3594.7 | G61: =+C61+E61 -> 1976.2 | H61: =+(F61/G61-1)*100 -> 81.899605 | I61: 60
A62: =+A61+7 -> 39268 | B62: 0 | C62: 7.9 | D62: 3603.9 | E62: 1968.3 | F62: =+B62+D62 -> 3603.9 | G62: =+C62+E62 -> 1976.2 | H62: =+(F62/G62-1)*100 -> 82.365145 | I62: 60
A63: =+A62+7 -> 39275 | B63: 0 | C63: 7.9 | D63: 3608.3 | E63: 2057.1 | F63: =+B63+D63 -> 3608.3 | G63: =+C63+E63 -> 2065 | H63: =+(F63/G63-1)*100 -> 74.736077 | I63: 60
A64: =+A63+7 -> 39282 | B64: 0 | C64: 7.9 | D64: 3608.3 | E64: 2057.1 | F64: =+B64+D64 -> 3608.3 | G64: =+C64+E64 -> 2065 | H64: =+(F64/G64-1)*100 -> 74.736077 | I64: 60
A65: =+A64+7 -> 39289 | B65: 0 | C65: 7.9 | D65: 3608.3 | E65: 2057.1 | F65: =+B65+D65 -> 3608.3 | G65: =+C65+E65 -> 2065 | H65: =+(F65/G65-1)*100 -> 74.736077 | I65: 60
A66: =+A65+7 -> 39296 | B66: 0 | C66: 7.9 | D66: 3608.3 | E66: 2123.1 | F66: =+B66+D66 -> 3608.3 | G66: =+C66+E66 -> 2131 | H66: =+(F66/G66-1)*100 -> 69.324261 | I66: 60
... A70: =+A69+7 -> 39324 | B70: 0 | C70: 13.3 | D70: 3615.2 | E70: 2123.1 | F70: =+B70+D70 -> 3615.2 | G70: =+C70+E70 -> 2136.4 | H70: =+(F70/G70-1)*100 -> 69.219247 | I70: 60
A71: =+A70+7 -> 39331 | B71: 60 | C71: 22.3 | E71: 0 | F71: =+B71+D71 -> 60 | G71: =+C71+E71 -> 22.3 | H71: =+(F71/G71-1)*100 -> 169.0583
A72: =+A71+7 -> 39338 | B72: 60 | C72: 22.3 | D72: 65.2 | E72: 0 | F72: =+B72+D72 -> 125.2 | G72: =+C72+E72 -> 22.3 | H72: =+(F72/G72-1)*100 -> 461.43498
A73: =+A72+7 -> 39345 | B73: 60 | C73: 82.3 | D73: 127.7 | E73: 66 | F73: =+B73+D73 -> 187.7 | G73: =+C73+E73 -> 148.3 | H73: =+(F73/G73-1)*100 -> 26.567768
A74: =+A73+7 -> 39352 | B74: 60 | C74: 137.3 | D74: 129.3 | E74: 66 | F74: =+B74+D74 -> 189.3 | G74: =+C74+E74 -> 203.3 | H74: =+(F74/G74-1)*100 -> -6.8863748
A75: =+A74+7 -> 39359 | B75: 150 | C75: 233.1 | D75: 129.3 | E75: 287.9 | F75: =+B75+D75 -> 279.3 | G75: =+C75+E75 -> 521 | H75: =+(F75/G75-1)*100 -> -46.391555
A76: =+A75+7 -> 39366 | B76: 150 | C76: 329.1 | D76: 255.2 | E76: 291.1 | F76: =+B76+D76 -> 405.2 | G76: =+C76+E76 -> 620.2 | H76: =+(F76/G76-1)*100 -> -34.666237
A77: =+A76+7 -> 39373 | B77: 150 | C77: 387 | D77: 343.1 | E77: 457.3 | F77: =+B77+D77 -> 493.1 | G77: =+C77+E77 -> 844.3 | H77: =+(F77/G77-1)*100 -> -41.596589
A78: =+A77+7 -> 39380 | B78: 150 | C78: 327 | D78: 494 | E78: 574.8 | F78: =+B78+D78 -> 644 | G78: =+C78+E78 -> 901.8 | H78: =+(F78/G78-1)*100 -> -28.58727
A79: =+A78+7 -> 39387 | B79: 150 | C79: 327 | D79: 676 | E79: 794.1 | F79: =+B79+D79 -> 826 | G79: =+C79+E79 -> 1121.1 | H79: =+(F79/G79-1)*100 -> -26.322362
A80: =+A79+7 -> 39394 | B80: 150 | C80: 327 | D80: 789.8 | E80: 945 | F80: =+B80+D80 -> 939.8 | G80: =+C80+E80 -> 1272 | H80: =+(F80/G80-1)*100 -> -26.116352
A81: =+A80+7 -> 39401 | B81: 177.5 | C81: 288.5 | D81: 827.8 | E81: 1031.9 | F81: =+B81+D81 -> 1005.3 | G81: =+C81+E81 -> 1320.4 | H81: =+(F81/G81-1)*100 -> -23.863981
A82: =+A81+7 -> 39408 | B82: 120 | C82: 323.5 | D82: 959.7 | E82: 1173.3 | F82: =+B82+D82 -> 1079.7 | G82: =+C82+E82 -> 1496.8 | H82: =+(F82/G82-1)*100 -> -27.866114
A83: =+A82+7 -> 39415 | B83: 184.5 | C83: 287.5 | D83: 1148.2 | E83: 1217.7 | F83: =+B83+D83 -> 1332.7 | G83: =+C83+E83 -> 1505.2 | H83: =+(F83/G83-1)*100 -> -11.460271
... A90: =+A89+7 -> 39464 | B90: 285.2 | C90: 118 | D90: 2074.3 | E90: 2396.4 | F90: =+B90+D90 -> 2359.5 | G90: =+C90+E90 -> 2514.4 | H90: =+(F90/G90-1)*100 -> -6.1605154
A91: =+A90+7 -> 39471 | B91: 240 | C91: 84 | D91: 2160.5 | E91: 2529.5 | F91: =+B91+D91 -> 2400.5 | G91: =+C91+E91 -> 2613.5 | H91: =+(F91/G91-1)*100 -> -8.1499904 | I91: 110
A92: =+A91+7 -> 39478 | B92: 240 | C92: 26 | D92: 2290.9 | E92: 2610 | F92: =+B92+D92 -> 2530.9 | G92: =+C92+E92 -> 2636 | H92: =+(F92/G92-1)*100 -> -3.9871017 | I92: 110
A93: =+A92+7 -> 39485 | B93: 240 | C93: 26 | D93: 2604.9 | E93: 2934.4 | F93: =+B93+D93 -> 2844.9 | G93: =+C93+E93 -> 2960.4 | H93: =+(F93/G93-1)*100 -> -3.9014998 | I93: 110
A94: =+A93+7 -> 39492 | B94: 272 | C94: 0 | D94: 2677.5 | E94: 2965.8 | F94: =+B94+D94 -> 2949.5 | G94: =+C94+E94 -> 2965.8 | H94: =+(F94/G94-1)*100 -> -0.54959876 | I94: 110
A95: =+A94+7 -> 39499 | B95: 214 | C95: 0 | D95: 2852.9 | E95: 3098.3 | F95: =+B95+D95 -> 3066.9 | G95: =+C95+E95 -> 3098.3 | H95: =+(F95/G95-1)*100 -> -1.013459 | I95: 110
A96: =+A95+7 -> 39506 | B96: 162 | C96: 0 | D96: 3112.6 | E96: 3253.2 | F96: =+B96+D96 -> 3274.6 | G96: =+C96+E96 -> 3253.2 | H96: =+(F96/G96-1)*100 -> 0.65781384 | I96: 110
A97: =+A96+7 -> 39513 | B97: 162 | C97: 0 | D97: 3112.6 | E97: 3253.2 | F97: =+B97+D97 -> 3274.6 | G97: =+C97+E97 -> 3253.2 | H97: =+(F97/G97-1)*100 -> 0.65781384 | I97: 110
A98: =+A97+7 -> 39520 | B98: 130.1 | C98: 18.4 | D98: 3396.9 | E98: 3383.9 | F98: =+B98+D98 -> 3527 | G98: =+C98+E98 -> 3402.3 | H98: =+(F98/G98-1)*100 -> 3.6651677 | I98: 110
A99: =+A98+7 -> 39527 | B99: 195.1 | C99: 24.5 | D99: 3444.7 | E99: 3385.1 | F99: =+B99+D99 -> 3639.8 | G99: =+C99+E99 -> 3409.6 | H99: =+(F99/G99-1)*100 -> 6.7515251 | I99: 110
A100: =+A99+7 -> 39534 | B100: 0.1 | C100: 24.5 | D100: 3444.7 | E100: 3520.3 | F100: =+B100+D100 -> 3444.8 | G100: =+C100+E100 -> 3544.8 | H100: =+(F100/G100-1)*100 -> -2.8210336 | I100: 110
A101: =+A100+7 -> 39541 | B101: 0.1 | C101: 0 | D101: 3444.7 | E101: 3548.7 | F101: =+B101+D101 -> 3444.8 | G101: =+C101+E101 -> 3548.7 | H101: =+(F101/G101-1)*100 -> -2.9278327 | I101: 305
A102: =+A101+7 -> 39548 | B102: 0.1 | C102: 0 | D102: 3510.1 | E102: 3548.7 | F102: =+B102+D102 -> 3510.2 | G102: =+C102+E102 -> 3548.7 | H102: =+(F102/G102-1)*100 -> -1.0849043 | I102: 305
A103: =+A102+7 -> 39555 | B103: 0 | C103: 0 | D103: 3510.2 | E103: 3551.1 | F103: =+B103+D103 -> 3510.2 | G103: =+C103+E103 -> 3551.1 | H103: =+(F103/G103-1)*100 -> -1.1517558 | I103: 305
A104: =+A103+7 -> 39562
A105: =+A104+7 -> 39569 | B105: 0 | C105: 0 | D105: 3695.5 | E105: 3551.5 | F105: =+B105+D105 -> 3695.5 | G105: =+C105+E105 -> 3551.5 | H105: =+(F105/G105-1)*100 -> 4.0546248 | I105: 305
A106: =+A105+7 -> 39576 | B106: 0 | C106: 0 | D106: 3695.5 | E106: 3554.9 | F106: =+B106+D106 -> 3695.5 | G106: =+C106+E106 -> 3554.9 | H106: =+(F106/G106-1)*100 -> 3.9551042 | I106: 305
A107: =+A106+7 -> 39583 | B107: 0 | C107: 0 | D107: 3695.6 | E107: 3554.9 | F107: =+B107+D107 -> 3695.6 | G107: =+C107+E107 -> 3554.9 | H107: =+(F107/G107-1)*100 -> 3.9579172 | I107: 305
A108: =+A107+7 -> 39590 | B108: 0 | C108: 0 | D108: 3695.6 | E108: 3556.4 | F108: =+B108+D108 -> 3695.6 | G108: =+C108+E108 -> 3556.4 | H108: =+(F108/G108-1)*100 -> 3.9140704 | I108: 305
A109: =+A108+7 -> 39597 | B109: 0 | C109: 0 | D109: 3704.1 | E109: 3572.5 | F109: =+B109+D109 -> 3704.1 | G109: =+C109+E109 -> 3572.5 | H109: =+(F109/G109-1)*100 -> 3.6836949 | I109: 305
A110: =+A109+7 -> 39604 | B110: 0 | C110: 0 | D110: 3704.1 | E110: 3576.9 | F110: =+B110+D110 -> 3704.1 | G110: =+C110+E110 -> 3576.9 | H110: =+(F110/G110-1)*100 -> 3.556152 | I110: 305
A111: =+A110+7 -> 39611 | B111: 0 | C111: 0 | D111: 3704.1 | E111: 3576.9 | F111: =+B111+D111 -> 3704.1 | G111: =+C111+E111 -> 3576.9 | H111: =+(F111/G111-1)*100 -> 3.556152 | I111: 305
A112: =+A111+7 -> 39618 | B112: 0 | C112: 0 | D112: 3753.6 | E112: 3587.2 | F112: =+B112+D112 -> 3753.6 | G112: =+C112+E112 -> 3587.2 | H112: =+(F112/G112-1)*100 -> 4.6387154 | I112: 305
A113: =+A112+7 -> 39625 | B113: 0 | C113: 0 | D113: 3829.7 | E113: 3594.7 | F113: =+B113+D113 -> 3829.7 | G113: =+C113+E113 -> 3594.7 | H113: =+(F113/G113-1)*100 -> 6.5374023 | I113: 305
A114: =+A113+7 -> 39632 | B114: 0 | C114: 0 | D114: 3829.7 | E114: 3603.9 | F114: =+B114+D114 -> 3829.7 | G114: =+C114+E114 -> 3603.9 | H114: =+(F114/G114-1)*100 -> 6.2654347 | I114: 305
A115: =+A114+7 -> 39639 | B115: 0 | C115: 0 | D115: 3829.7 | E115: 3608.3 | F115: =+B115+D115 -> 3829.7 | G115: =+C115+E115 -> 3608.3 | H115: =+(F115/G115-1)*100 -> 6.1358534 | I115: 305
A116: =+A115+7 -> 39646 | B116: 0 | C116: 0 | D116: 3829.7 | E116: 3608.3 | F116: =+B116+D116 -> 3829.7 | G116: =+C116+E116 -> 3608.3 | H116: =+(F116/G116-1)*100 -> 6.1358534 | I116: 305
... A121: =+A120+7 -> 39681 | B121: 0 | C121: 0 | D121: 3829.8 | E121: 3615.2 | F121: =+B121+D121 -> 3829.8 | G121: =+C121+E121 -> 3615.2 | H121: =+(F121/G121-1)*100 -> 5.9360478 | I121: 305
A122: =+A121+7 -> 39688 | B122: 0 | C122: 0 | D122: 3895.6 | E122: 3615.2 | F122: =+B122+D122 -> 3895.6 | G122: =+C122+E122 -> 3615.2 | H122: =+(F122/G122-1)*100 -> 7.7561407 | I122: 305 | J122: =+F122 -> 3895.6
A123: =+A122+7 -> 39695 | B123: 305 | C123: 60 | D123: 0 | E123: 0 | F123: =+B123+D123 -> 305 | G123: =+C123+E123 -> 60 | H123: =+(F123/G123-1)*100 -> 408.33333
A124: =+A123+7 -> 39702 | B124: 305 | C124: 60 | D124: 0.1 | E124: 65.2 | F124: =+B124+D124 -> 305.1 | G124: =+C124+E124 -> 125.2 | H124: =+(F124/G124-1)*100 -> 143.6901
A125: =+A124+7 -> 39709 | B125: 305 | C125: 60 | D125: 0.1 | E125: 127.7 | F125: =+B125+D125 -> 305.1 | G125: =+C125+E125 -> 187.7 | H125: =+(F125/G125-1)*100 -> 62.546617
A126: =+A125+7 -> 39716 | B126: 298 | C126: 60 | D126: 59.7 | E126: 129.3 | F126: =+B126+D126 -> 357.7 | G126: =+C126+E126 -> 189.3 | H126: =+(F126/G126-1)*100 -> 88.959324
A127: =+A126+7 -> 39723 | B127: 318 | C127: 150 | D127: 117.9 | E127: 129.3 | F127: =+B127+D127 -> 435.9 | G127: =+C127+E127 -> 279.3 | H127: =+(F127/G127-1)*100 -> 56.068743
A128: =+A127+7 -> 39730 | B128: 378 | C128: 150 | D128: 175.9 | E128: 255.2 | F128: =+B128+D128 -> 553.9 | G128: =+C128+E128 -> 405.2 | H128: =+(F128/G128-1)*100 -> 36.697927
A129: =+A128+7 -> 39737 | B129: 378 | C129: 150 | D129: 298.9 | E129: 343.1 | F129: =+B129+D129 -> 676.9 | G129: =+C129+E129 -> 493.1 | H129: =+(F129/G129-1)*100 -> 37.274387
A130: =+A129+7 -> 39744 | B130: 378 | C130: 150 | D130: 298.9 | E130: 494 | F130: =+B130+D130 -> 676.9 | G130: =+C130+E130 -> 644 | H130: =+(F130/G130-1)*100 -> 5.1086957
...

Sheet Egypt
C1: Unshipped Balance | E1: Accumulated Exports | G1: Total Commitments
A2: Export Sales | B2: Egypt | C2: This yr | D2: Last yr | E2: This yr | F2: Last yr | G2: This yr | H2: Last yr
A3: 41158 | C3: 86.5 | D3: 140 | E3: 66 | F3: 0 | G3: =+C3+E3 -> 152.5 | H3: =+D3+F3 -> 140
A4: =A3+7 -> 41165 | C4: 146.5 | D4: 147.5 | E4: 66 | F4: 0 | G4: =+C4+E4 -> 212.5 | H4: =+D4+F4 -> 147.5
A5: =A4+7 -> 41172 | C5: 146.5 | D5: 150.2 | E5: 66 | F5: 24.3 | G5: =+C5+E5 -> 212.5 | H5: =+D5+F5 -> 174.5
A6: =A5+7 -> 41179 | C6: 146.5 | D6: 150.2 | E6: 66 | F6: 24.3 | G6: =+C6+E6 -> 212.5 | H6: =+D6+F6 -> 174.5
A7: =A6+7 -> 41186 | C7: 146.5 | D7: 150.2 | E7: 66 | F7: 24.3 | G7: =+C7+E7 -> 212.5 | H7: =+D7+F7 -> 174.5
A8: =A7+7 -> 41193 | C8: 87 | D8: 63.2 | E8: 130.7 | F8: 112 | G8: =+C8+E8 -> 217.7 | H8: =+D8+F8 -> 175.2
A9: =A8+7 -> 41200 | C9: 87 | D9: 60 | E9: 130.7 | F9: 112 | G9: =+C9+E9 -> 217.7 | H9: =+D9+F9 -> 172
A10: =A9+7 -> 41207 | C10: 87 | D10: 60 | E10: 130.7 | F10: 161.5 | G10: =+C10+E10 -> 217.7 | H10: =+D10+F10 -> 221.5
A11: =A10+7 -> 41214 | C11: 163.5 | D11: 96 | E11: 140.9 | F11: 161.5 | G11: =+C11+E11 -> 304.4 | H11: =+D11+F11 -> 257.5
A12: =A11+7 -> 41221 | C12: 137 | D12: 87.3 | E12: 199.7 | F12: 170.2 | G12: =+C12+E12 -> 336.7 | H12: =+D12+F12 -> 257.5
A13: =A12+7 -> 41228 | C13: 137 | D13: 147.3 | E13: 199.7 | F13: 170.2 | G13: =+C13+E13 -> 336.7 | H13: =+D13+F13 -> 317.5
A14: =A13+7 -> 41235 | C14: 77 | D14: 207.3 | E14: 263.9 | F14: 170.2 | G14: =+C14+E14 -> 340.9 | H14: =+D14+F14 -> 377.5
A15: =A14+7 -> 41242 | C15: 77 | D15: 147.3 | E15: 263.9 | F15: 215.5 | G15: =+C15+E15 -> 340.9 | H15: =+D15+F15 -> 362.8
... A38: =A37+7 -> 41403 | C38: 0 | D38: 102 | E38: 677.3 | F38: 848.3 | G38: =+C38+E38 -> 677.3 | H38: =+D38+F38 -> 950.3
A39: =A38+7 -> 41410 | C39: 0 | D39: 138 | E39: 677.3 | F39: 881.7 | G39: =+C39+E39 -> 677.3 | H39: =+D39+F39 -> 1019.7 | I39: 60
A40: =A39+7 -> 41417 | C40: 0 | D40: 138 | E40: 677.3 | F40: 881.7 | G40: =+C40+E40 -> 677.3 | H40: =+D40+F40 -> 1019.7 | I40: 60
A41: =A40+7 -> 41424 | C41: 0 | D41: 102 | E41: 677.3 | F41: 929.4 | G41: =+C41+E41 -> 677.3 | H41: =+D41+F41 -> 1031.4 | I41: 60
A42: =A41+7 -> 41431 | C42: 0 | D42: 222 | E42: 677.3 | F42: 929.4 | G42: =+C42+E42 -> 677.3 | H42: =+D42+F42 -> 1151.4 | I42: 60
A43: =A42+7 -> 41438 | C43: 0 | D43: 222 | E43: 677.3 | F43: 929.4 | G43: =+C43+E43 -> 677.3 | H43: =+D43+F43 -> 1151.4 | I43: 60
A44: =A43+7 -> 41445 | C44: 0 | D44: 222 | E44: 677.3 | F44: 929.4 | G44: =+C44+E44 -> 677.3 | H44: =+D44+F44 -> 1151.4 | I44: 60
A45: =A44+7 -> 41452 | C45: 0 | D45: 201 | E45: 677.3 | F45: 1005.9 | G45: =+C45+E45 -> 677.3 | H45: =+D45+F45 -> 1206.9 | I45: 60
A46: =A45+7 -> 41459 | C46: 0 | D46: 201 | E46: 677.3 | F46: 1005.9 | G46: =+C46+E46 -> 677.3 | H46: =+D46+F46 -> 1206.9 | I46: 60
A47: =A46+7 -> 41466 | C47: 0 | D47: 184 | E47: 677.3 | F47: 1025.6 | G47: =+C47+E47 -> 677.3 | H47: =+D47+F47 -> 1209.6 | I47: 60
A48: =A47+7 -> 41473 | C48: 0 | D48: 244 | E48: 677.3 | F48: 1025.6 | G48: =+C48+E48 -> 677.3 | H48: =+D48+F48 -> 1269.6 | I48: 60
A49: =A48+7 -> 41480 | C49: 0 | D49: 84 | E49: 677.3 | F49: 1200 | G49: =+C49+E49 -> 677.3 | H49: =+D49+F49 -> 1284 | I49: 60
A50: =A49+7 -> 41487 | C50: 0 | D50: 84 | E50: 677.3 | F50: 1200 | G50: =+C50+E50 -> 677.3 | H50: =+D50+F50 -> 1284 | I50: 120
... A54: =A53+7 -> 41515 | C54: 0 | D54: 68 | E54: 677.3 | F54: 1224.1 | G54: =+C54+E54 -> 677.3 | H54: =+D54+F54 -> 1292.1 | I54: 120
A55: =A54+7 -> 41522 | C55: 120 | D55: 86.5 | E55: 0 | F55: 66 | G55: =+C55+E55 -> 120 | H55: =+D55+F55 -> 152.5
A56: =A55+7 -> 41529 | C56: 120 | D56: 146.5 | E56: 0 | F56: 66 | G56: =+C56+E56 -> 120 | H56: =+D56+F56 -> 212.5
A57: =A56+7 -> 41536 | C57: 180 | D57: 146.5 | E57: 0 | F57: 66 | G57: =+C57+E57 -> 180 | H57: =+D57+F57 -> 212.5
A58: =A57+7 -> 41543 | C58: 180 | D58: 146.5 | E58: 0 | F58: 66 | G58: =+C58+E58 -> 180 | H58: =+D58+F58 -> 212.5
A59: =A58+7 -> 41550 | C59: 180 | D59: 146.5 | E59: 0 | F59: 66 | G59: =+C59+E59 -> 180 | H59: =+D59+F59 -> 212.5
A60: =A59+7 -> 41557
A61: =A60+7 -> 41564
A62: =A61+7 -> 41571 | C62: 246 | D62: 87 | E62: 0 | F62: 130.7 | G62: =+C62+E62 -> 246 | H62: =+D62+F62 -> 217.7
A63: =A62+7 -> 41578 | C63: 206 | D63: 163.5 | E63: 53.4 | F63: 140.9 | G63: =+C63+E63 -> 259.4 | H63: =+D63+F63 -> 304.4
A64: =A63+7 -> 41585 | C64: 206 | D64: 137 | E64: 53.4 | F64: 199.7 | G64: =+C64+E64 -> 259.4 | H64: =+D64+F64 -> 336.7
A65: =A64+7 -> 41592 | C65: 146 | D65: 137 | E65: 116.5 | F65: 199.7 | G65: =+C65+E65 -> 262.5 | H65: =+D65+F65 -> 336.7
A66: =A65+7 -> 41599 | C66: 146 | D66: 77 | E66: 116.5 | F66: 263.9 | G66: =+C66+E66 -> 262.5 | H66: =+D66+F66 -> 340.9
A67: =A66+7 -> 41606 | C67: 146 | D67: 77 | E67: 131.1 | F67: 263.9 | G67: =+C67+E67 -> 277.1 | H67: =+D67+F67 -> 340.9
A68: =A67+7 -> 41613 | C68: 146 | D68: 145.5 | E68: 150.6 | F68: 263.9 | G68: =+C68+E68 -> 296.6 | H68: =+D68+F68 -> 409.4
A69: =A68+7 -> 41620 | C69: 86 | D69: 128.5 | E69: 214.7 | F69: 285.2 | G69: =+C69+E69 -> 300.7 | H69: =+D69+F69 -> 413.7
A70: =A69+7 -> 41627 | C70: 116 | D70: 196.5 | E70: 389.5 | F70: 394 | G70: =+C70+E70 -> 505.5 | H70: =+D70+F70 -> 590.5
A71: =A70+7 -> 41634 | C71: 134 | D71: 128.5 | E71: 270.9 | F71: 285.2 | G71: =+C71+E71 -> 404.9 | H71: =+D71+F71 -> 413.7
A72: =A71+7 -> 41641 | C72: 134 | D72: 68.5 | E72: 270.9 | F72: 347.9 | G72: =+C72+E72 -> 404.9 | H72: =+D72+F72 -> 416.4
A73: =A72+7 -> 41648 | C73: 134 | D73: 189 | E73: 270.9 | F73: 357.9 | G73: =+C73+E73 -> 404.9 | H73: =+D73+F73 -> 546.9
... A79: =A78+7 -> 41690 | C79: 174 | D79: 187 | E79: 333.8 | F79: 444.9 | G79: =+C79+E79 -> 507.8 | H79: =+D79+F79 -> 631.9
A80: =A79+7 -> 41697
A81: =A80+7 -> 41704
A82: =A81+7 -> 41711
A83: =A82+7 -> 41718
A84: =A83+7 -> 41725
A85: =A84+7 -> 41732
A86: =A85+7 -> 41739
A87: =A86+7 -> 41746
A88: =A87+7 -> 41753
A89: =A88+7 -> 41760
A90: =A89+7 -> 41767
A91: =A90+7 -> 41774
... A124: =A123+7 -> 42005

Sheet Data
A5: SOYBEANS : 09/05 21896.3 60.1 60.1 2.2 21956.4
A6: : 09/12 22745.4 74.2 134.3 4.9 22879.7 37290
A7: :YR AGO 20825.0 207.3 546.7 20.1 21371.7
A11: SOYBEANS | F11: MARKETI | G11: NG YEAR 09 | H11: /01 - 08/31
A12: OUTSTANDING EXPORT | B12: S | C12: ALES AND | D12: EXPORTS | E12: BY COUNTRY, | F12: REGION | G12: AND MARKET | H12: ING YEAR
A13: 1000 METRIC TONS | C13: AS OF SE | D13: PTEMBER 1 | E13: 2, 2013
A14: ---------------------- | B14: - | C14: -------- | D14: --------- | E14: ----------- | F14: -------- | G14: ---------- | H14: ----------- | K14: :
B15: : | C15: CU | D15: RRENT MAR | E15: KETING YEAR | G15: :NEXT MAR | H15: KETING YEAR
C16: -------- | D16: --------- | E16: ----------- | F16: -------- | G16: ---------- | H16: -----------
B17: : | C17: OUTSTAND | D17: ING SALES | E17: :ACCUMULATE | F17: D EXPORT | G17: S: OUTSTAN | H17: DING SALES
C18: -------- | D18: --------- | E18: ----------- | F18: -------- | G18: ---------- | H18: -----------
A19: DESTINATION | B19: : | C19: THIS WEE | D19: K: YR AGO | E19: :THIS WEEK: | F19: YR AGO | G19: :SECOND Y | H19: R: THIRD YR
A20: ---------------------- | B20: - | C20: -------- | D20: --------- | E20: ----------- | F20: -------- | G20: ---------- | H20: -----------
B21: :
A22: EUROPEAN UNION - 27 | B22: : | C22: 124.9 | D22: 232.8 | E22: 0.1 | F22: 0.1 | G22: 0 | H22: 0
A23: FRANCE | B23: : | C23: 0 | D23: 60 | E23: 0 | F23: 0 | G23: 0 | H23: 0
A24: IRELAND | B24: : | C24: 0 | D24: 0.8 | E24: 0 | F24: 0 | G24: 0 | H24: 0
A25: ITALY | B25: : | C25: 55 | D25: 0 | E25: 0.1 | F25: 0.1 | G25: 0 | H25: 0
A26: NETHLDS | B26: : | C26: 9.9 | D26: 60 | E26: 0 | F26: 0 | G26: 0 | H26: 0
A27: U KING | B27: : | C27: 60 | D27: 112 | E27: 0 | F27: 0 | G27: 0 | H27: 0
B28: :
A29: OTHER EUROPE | B29: : | C29: 66 | D29: 89 | E29: 0 | F29: 0 | G29: 0 | H29: 0
A30: SWITZLD | B30: : | C30: 1 | D30: 0 | E30: 0 | F30: 0 | G30: 0 | H30: 0
A31: TURKEY | B31: : | C31: 65 | D31: 89 | E31: 0 | F31: 0 | G31: 0 | H31: 0 | J31: 0
B32: :
A33: FORMER SOVIET UNION-12 | B33: : | C33: 120 | D33: 0 | E33: 0 | F33: 0 | G33: 0 | H33: 0
A34: RUSSIA | B34: : | C34: 120 | D34: 0 | E34: 0 | F34: 0 | G34: 0 | H34: 0 | K34: 4 Not included - FAS Press Release: 110,000 mt on 10/14 to China for 2009/10.
B35: :
A36: JAPAN | B36: : | C36: 380.5 | D36: 397 | E36: 23.1 | F36: 60 | G36: 0 | H36: 0
B37: :
A38: TAIWAN | B38: : | C38: 410.9 | D38: 327 | E38: 7.2 | F38: 30.2 | G38: 0 | H38: 0
B39: :
A40: CHINA | B40: : | C40: 15033.8 | D40: 13061.3 | E40: 0.3 | F40: 295 | G40: 0 | H40: 0 | K40: 27.215686 | M40: 4 Not included - FAS Press Release: 120,000 mt on 12/11 to China for 2008/09.
B41: : | L41: 2008-09 | N41: 2009/10 | P41: 2010/11 | Q41: 2011/12
A42: OTHER ASIA AND OCEANIA | B42: : | C42: 566.6 | D42: 650.2 | E42: 66.9 | F42: 31.3 | G42: 0 | H42: 0 | K42: 2007/8 | L42: June | N42: jun
A43: BANGLADH | B43: : | C43: 3.3 | D43: 0 | E43: 0 | F43: 0 | G43: 0 | H43: 0 | K43: 3250 | L43: 1907 | N43: 1681 | P43: 2550 | Q43: 4000 | R43: soy oil used for methyl ester (biodiesel)
A44: HG KONG | B44: : | C44: 0.1 | D44: 0 | E44: 0 | F44: 0 | G44: 0 | H44: 0 | J44: 5500.8 | K44: =+K43/11.35 -> 286.34361 | L44: =+L43/11.35 -> 168.01762 | N44: =+N43/11.35 -> 148.10573 | P44: =+P43/11.35 -> 224.6696 | Q44: =+Q43/11.35 -> 352.42291 | R44: bushels of soybeans
A45: INDNSIA | B45: : | C45: 228.7 | D45: 182 | E45: 44.4 | F45: 12.6 | G45: 0 | H45: 0 | K45: =+K44*$K$40 -> 7793.0379 | L45: =+L44*$K$40 -> 4572.7149 | N45: =+N44*$K$40 -> 4030.799 | P45: =+P44*$K$40 -> 6114.5374 | Q45: =+Q44*$K$40 -> 9591.4313 | R45: mt soybeans
A46: ISRAEL | B46: : | C46: 9 | D46: 18 | E46: 0 | F46: 0 | G46: 0 | H46: 0
A47: KOR REP | B47: : | C47: 168.2 | D47: 75.4 | E47: 10.5 | F47: 0.8 | G47: 0 | H47: 0 | K47: 1159 | L47: =+K47/36.743333 -> 31.543137
A48: KUWAIT | B48: : | C48: 0 | D48: 0 | E48: 0 | F48: 0 | G48: 0 | H48: 0
A49: MALAYSA | B49: : | C49: 55.9 | D49: 125.8 | E49: 5.7 | F49: 0.5 | G49: 0 | H49: 0
A50: PHIL | B50: : | C50: 9.1 | D50: 3.8 | E50: 0.7 | F50: 0.1 | G50: 0 | H50: 0 | L50: SOYBEANS
A51: SINGAPR | B51: : | C51: 5.3 | D51: 1.6 | E51: 0.8 | F51: 2 | G51: 0 | H51: 0 | L51: CARRYOVER EXPORT SALES | M51: AN | N51: D ACCUMU | O51: LATED EXPOR | P51: TS BY COUNTRY AN | Q51: D REGION | S51: SOYBEANS | Z51: TOTAL A | AA51: CC | AB51: UMULATED | AC51: EXPOR | AD51: TS OF SOY | AE51: BEANS | AF51: BY COUNT | AG51: RY
A52: SYRIA | B52: : | C52: 0 | D52: 27 | E52: 0 | F52: 0 | G52: 0 | H52: 0 | L52: 2007/08 | M52: MA | N52: RKETING | O52: YEAR ENDING | P52: 39691 | S52: CARRYOVER EXPORT SALES A | T52: N | U52: D ACCUMU | V52: LATED EXPOR | W52: TS BY COUNTRY AN | X52: D REGION | AB52: RANKED | AC52: IN DE | AD52: SCENDING | AE52: ORDER | AF52: FOR MARK | AG52: ETING | AH52: YEAR 200 | AI52: 40026
A53: THAILND | B53: : | C53: 52 | D53: 121.9 | E53: 0.4 | F53: 9.9 | G53: 0 | H53: 0 | L53: 1000 METRIC TONS | S53: 2008/09 M | T53: A | U53: RKETING | V53: YEAR ENDING | W53: 40056 | AC53: COMPA | AD53: RED WITH | AE53: 4 PRE | AF53: VIOUS MAR | AG53: KETIN | AH53: G YEARS
A54: VIETNAM | B54: : | C54: 35 | D54: 94.8 | E54: 4.3 | F54: 5.4 | G54: 0 | H54: 0 | L54: ---------------------------- | M54: --- | N54: -------- | O54: ----------- | P54: ---------------- | Q54: --------- | R54: ----- | S54: 1000 METRIC TONS | AD54: (1 | AE54: ,000 | AF54: Metric To | AG54: ns)
B55: : | M55: : | N55: CARRYOV | O55: ER SALES | P55: : ACCUMULATED | Q55: EXPORTS | S55: ------------------------------ | T55: - | U55: -------- | V55: ----------- | W55: ---------------- | X55: ---------- | Y55: ----
A56: AFRICA | B56: : | C56: 150 | D56: 161.5 | E56: 0 | F56: 66 | G56: 0 | H56: 0 | M56: : | N56: -------- | O56: ----------- | P56: ---------------- | Q56: --------- | R56: ----- | T56: : | U56: CARRYOV | V56: ER SALES | W56: : ACCUMULATED | X56: EXPORTS | AB56: 2008/ | AC56: 2009 | AD56: 2007/ | AE56: 2008 | AF56: 2006/ | AG56: 2007 | AH56: 2005/ | AI56: 2006 | AJ56: 2004/ | AK56: 2005
A57: EGYPT | B57: : | C57: 120 | D57: 146.5 | E57: 0 | F57: 66 | G57: 0 | H57: 0 | L57: DESTINATION | M57: : | N57: 2007/08 | O57: : 2006/07 | P57: : 2007/08 : | Q57: 2006/07 | T57: : | U57: -------- | V57: ----------- | W57: ---------------- | X57: ---------- | Y57: ---- | Z57: COUNTRY | AB57: EXPORTS | AC57: RANK | AD57: EXPORTS | AE57: RANK | AF57: EXPORTS | AG57: RANK | AH57: EXPORTS | AI57: RANK | AJ57: EXPORTS | AK57: RANK
A58: MOROCCO | B58: : | C58: 0 | D58: 15 | E58: 0 | F58: 0 | G58: 0 | H58: 0 | L58: ---------------------------- | M58: --- | N58: -------- | O58: ----------- | P58: ---------------- | Q58: --------- | R58: ----- | S58: DESTINATION | T58: : | U58: 2008/09 | V58: : 2007/08 | W58: : 2008/09 : | X58: 2007/08 | Z58: -------- | AA58: -- | AB58: --------- | AC58: ----- | AD58: --------- | AE58: ----- | AF58: --------- | AG58: ----- | AH58: --------- | AI58: ------ | AJ58: -------- | AK58: -----
A59: TUNISIA | B59: : | C59: 30 | D59: 0 | E59: 0 | F59: 0 | G59: 0 | H59: 0 | M59: : | S59: ------------------------------ | T59: - | U59: -------- | V59: ----------- | W59: ---------------- | X59: ---------- | Y59: ---- | Z59: CHINA | AA59: : | AB59: 18681.3 | AC59: 1 | AD59: 13353.3 | AE59: 1 | AF59: 11454.6 | AG59: 1 | AH59: 9706.3 | AI59: 1 | AJ59: 11850.5 | AK59: 1
B60: : | L60: EUROPEAN UNION - 27 | M60: : | N60: 0 | O60: * | P60: 3895.6 | Q60: 3615.2 | T60: :
A61: WESTERN HEMISPHERE | B61: : | C61: 836.2 | D61: 923.8 | E61: 36.8 | F61: 64.1 | G61: 0 | H61: 0 | L61: BELGIUM | M61: : | N61: 0 | O61: 0 | P61: 194.2 | Q61: 228.3 | S61: EUROPEAN UNION - 27 | T61: : | U61: 6 | V61: 0 | W61: 2179.6 | X61: 3895.6 | Z61: MEXICO | AA61: : | AB61: 3097.8 | AC61: 2 | AD61: 3575 | AE61: 2 | AF61: 3853.5 | AG61: 2 | AH61: 3594 | AI61: 2 | AJ61: 3456.3 | AK61: 2
A62: BARBADO | B62: : | C62: 3.7 | D62: 4 | E62: 3.5 | F62: 0 | G62: 0 | H62: 0 | L62: DENMARK | M62: : | N62: 0 | O62: 0 | P62: 0 | Q62: 74.1 | S62: BELGIUM | T62: : | U62: 0 | V62: 0 | W62: 0 | X62: 194.2
A63: C RICA | B63: : | C63: 45.5 | D63: 84 | E63: 0 | F63: 18 | G63: 0 | H63: 0 | L63: FINLAND | M63: : | N63: 0 | O63: 0 | P63: 0 | Q63: 2.5 | S63: FINLAND | T63: : | U63: 0 | V63: 0 | W63: 0.2 | X63: 0 | Z63: JAPAN | AA63: : | AB63: 2410 | AC63: 3 | AD63: 2709.4 | AE63: 3 | AF63: 3158.7 | AG63: 3 | AH63: 3018.8 | AI63: 3 | AJ63: 3121.6 | AK63: 3
A64: CANADA | B64: : | C64: 78.9 | D64: 93.1 | E64: 1.7 | F64: 0.5 | G64: 0 | H64: 0 | L64: FRANCE | M64: : | N64: 0 | O64: 0 | P64: 122.9 | Q64: 170.2 | S64: FRANCE | T64: : | U64: 0 | V64: 0 | W64: 60.9 | X64: 122.9
A65: COLOMB | B65: : | C65: 22.6 | D65: 44.5 | E65: 4.4 | F65: 11.1 | G65: 0 | H65: 0 | L65: GERMANY | M65: : | N65: 0 | O65: 0 | P65: 1235.5 | Q65: 1045.8 | S65: GERMANY | T65: : | U65: 0 | V65: 0 | W65: 706.7 | X65: 1235.5 | Z65: TAIWAN | AA65: : | AB65: 1592 | AC65: 4 | AD65: 1732.8 | AE65: 4 | AF65: 1942 | AG65: 4 | AH65: 1850.3 | AI65: 4 | AJ65: 1525.4 | AK65: 5
A66: CUBA | B66: : | C66: 4.3 | D66: 21 | E66: 0 | F66: 0 | G66: 0 | H66: 0 | L66: GREECE | M66: : | N66: 0 | O66: 0 | P66: 65.8 | Q66: 0 | S66: GREECE | T66: : | U66: 0 | V66: 0 | W66: 15 | X66: 65.8
A67: GUATMAL | B67: : | C67: 2 | D67: 3.3 | E67: 0 | F67: 0 | G67: 0 | H67: 0 | L67: ITALY | M67: : | N67: 0 | O67: * | P67: 180 | Q67: 35.7 | S67: IRELAND | T67: : | U67: 6 | V67: 0 | W67: 5 | X67: 0 | Z67: INDNSIA | AA67: : | AB67: 1340.4 | AC67: 5 | AD67: 1068 | AE67: 7 | AF67: 1454.3 | AG67: 5 | AH67: 1211.1 | AI67: 5 | AJ67: 959.5 | AK67: 6
A68: MEXICO | B68: : | C68: 675.1 | D68: 653.9 | E68: 27.2 | F68: 34.5 | G68: 0 | H68: 0 | L68: NETHLDS | M68: : | N68: 0 | O68: 0 | P68: 1176.7 | Q68: 1442.2 | S68: ITALY | T68: : | U68: 0 | V68: 0 | W68: 60.7 | X68: 180
A69: PANAMA | B69: : | C69: 4.2 | D69: 20 | E69: 0 | F69: 0 | G69: 0 | H69: 0 | L69: POLAND | M69: : | N69: 0 | O69: 0 | P69: * | Q69: 0 | S69: NETHLDS | T69: : | U69: 0 | V69: 0 | W69: 884.9 | X69: 1176.7 | Z69: EGYPT | AA69: : | AB69: 1116.9 | AC69: 6 | AD69: 845.5 | AE69: 8 | AF69: 763.2 | AG69: 8 | AH69: 549.2 | AI69: 8 | AJ69: 452.9 | AK69: 12
A70: ---------------------- | B70: - | C70: -------- | D70: --------- | E70: ----------- | F70: -------- | G70: ---------- | H70: ----------- | L70: PORTUGL | M70: : | N70: 0 | O70: 0 | P70: 396.3 | Q70: 183.7 | S70: POLAND | T70: : | U70: 0 | V70: 0 | W70: 0 | X70: *
A71: TOTAL KNOWN | B71: : | C71: 17688.9 | D71: 15842.6 | E71: 134.3 | F71: 546.7 | G71: 0 | H71: 0 | L71: SPAIN | M71: : | N71: 0 | O71: 0 | P71: 521.7 | Q71: 368.7 | S71: PORTUGL | T71: : | U71: 0 | V71: 0 | W71: 81.3 | X71: 396.3 | Z71: NETHLDS | AA71: : | AB71: 884.9 | AC71: 7 | AD71: 1176.7 | AE71: 6 | AF71: 1442.2 | AG71: 6 | AH71: 1096.9 | AI71: 6 | AJ71: 737.4 | AK71: 9
A72: TOTAL UNKNOWN | B72: : | C72: 5056.6 | D72: 4982.4 | E72: 0 | F72: 0 | G72: 0 | H72: 0 | L72: U KING | M72: : | N72: 0 | O72: 0 | P72: 2.5 | Q72: 64 | S72: ROMANIA | T72: : | U72: 0 | V72: 0 | W72: 27.4 | X72: 0
A73: ---------------------- | B73: - | C73: -------- | D73: --------- | E73: ----------- | F73: -------- | G73: ---------- | H73: ----------- | M73: : | S73: SPAIN | T73: : | U73: 0 | V73: 0 | W73: 337.6 | X73: 521.7 | Z73: TURKEY | AA73: : | AB73: 736.6 | AC73: 8 | AD73: 408.2 | AE73: 12 | AF73: 537.4 | AG73: 10 | AH73: 650.2 | AI73: 7 | AJ73: 573.4 | AK73: 10
A74: TOTAL KNOWN & UNKNOWN | B74: : | C74: 22745.4 | D74: 20825 | E74: 134.3 | F74: 546.7 | G74: 0 | H74: 0 | L74: OTHER EUROPE | M74: : | N74: 0.2 | O74: 0 | P74: 425.5 | Q74: 537.4 | S74: U KING | T74: : | U74: 0 | V74: 0 | W74: * | X74: 2.5
A75: EXPORTS FOR OWN ACCT | B75: : | C75: - | D75: - | E75: 0 | F75: 0 | G75: - | H75: - | L75: SWITZLD | M75: : | N75: 0.2 | O75: 0 | P75: 17.3 | Q75: 0 | T75: : | Z75: GERMANY | AA75: : | AB75: 706.7 | AC75: 9 | AD75: 1235.5 | AE75: 5 | AF75: 1045.8 | AG75: 7 | AH75: 326.2 | AI75: 10 | AJ75: 1820.4 | AK75: 4
A76: OPTIONAL ORIGIN | B76: : | C76: 126 | D76: 0 | E76: - | F76: - | G76: 0 | H76: 0 | L76: TURKEY | M76: : | N76: 0 | O76: 0 | P76: 408.2 | Q76: 537.4 | S76: OTHER EUROPE | T76: : | U76: 0 | V76: 0.2 | W76: 759.5 | X76: 425.5
A77: ---------------------- | B77: - | C77: -------- | D77: --------- | E77: ----------- | F77: -------- | G77: ---------- | H77: ----------- | M77: : | S77: SWITZLD | T77: : | U77: 0 | V77: 0.2 | W77: 22.9 | X77: 17.3 | Z77: SYRIA | AA77: : | AB77: 422.1 | AC77: 10 | AD77: 451.3 | AE77: 11 | AF77: 249.5 | AG77: 18 | AH77: 149.6 | AI77: 20 | AJ77: 101.1 | AK77: 27
L78: FORMER SOVIET UNION-12 | M78: : | N78: 0 | O78: 0 | P78: 0 | Q78: 0.1 | S78: TURKEY | T78: : | U78: 0 | V78: 0 | W78: 736.6 | X78: 408.2
L79: UKRAINE | M79: : | N79: 0 | O79: 0 | P79: 0 | Q79: 0.1 | T79: : | Z79: KOR REP | AA79: : | AB79: 346.3 | AC79: 11 | AD79: 459 | AE79: 10 | AF79: 593.6 | AG79: 9 | AH79: 486.8 | AI79: 9 | AJ79: 780.1 | AK79: 7
M80: : | S80: FORMER SOVIET UNION-12 | T80: : | U80: 0 | V80: 0 | W80: 25.9 | X80: 0
L81: JAPAN | M81: : | N81: 244 | O81: 160.8 | P81: 2709.4 | Q81: 3158.7 | S81: RUSSIA | T81: : | U81: 0 | V81: 0 | W81: 25.9 | X81: 0 | Z81: SPAIN | AA81: : | AB81: 337.6 | AC81: 12 | AD81: 521.7 | AE81: 9 | AF81: 368.7 | AG81: 12 | AH81: 158.3 | AI81: 19 | AJ81: 754.5 | AK81: 8
M82: : | T82: :
L83: TAIWAN | M83: : | N83: 89.8 | O83: 136.9 | P83: 1732.8 | Q83: 1942 | S83: JAPAN | T83: : | U83: 419 | V83: 244 | W83: 2410 | X83: 2709.4 | Z83: CANADA | AA83: : | AB83: 294.6 | AC83: 13 | AD83: 190.3 | AE83: 19 | AF83: 134.4 | AG83: 24 | AH83: 205.8 | AI83: 17 | AJ83: 370.9 | AK83: 13
M84: : | T84: :
L85: CHINA | M85: : | N85: 170.8 | O85: 74.5 | P85: 13353.3 | Q85: 11454.6 | S85: TAIWAN | T85: : | U85: 157.2 | V85: 89.8 | W85: 1592 | X85: 1732.8 | Z85: ISRAEL | AA85: : | AB85: 219.3 | AC85: 14 | AD85: 335.2 | AE85: 14 | AF85: 257 | AG85: 16 | AH85: 236.3 | AI85: 14 | AJ85: 244 | AK85: 15
M86: : | T86: :
L87: OTHER ASIA AND OCEANIA | M87: : | N87: 36.6 | O87: 107.3 | P87: 2801.2 | Q87: 3730.3 | S87: CHINA | T87: : | U87: 1116 | V87: 170.8 | W87: 18681.3 | X87: 13353.3 | Z87: COLOMB | AA87: : | AB87: 185.5 | AC87: 15 | AD87: 276.9 | AE87: 15 | AF87: 328.3 | AG87: 13 | AH87: 215.1 | AI87: 16 | AJ87: 156.1 | AK87: 25
L88: HG KONG | M88: : | N88: 0 | O88: 0.1 | P88: 0.4 | Q88: 0 | T88: :
L89: INDNSIA | M89: : | N89: 30.9 | O89: 75.6 | P89: 1068 | Q89: 1454.3 | S89: OTHER ASIA AND OCEANIA | T89: : | U89: 150.2 | V89: 36.6 | W89: 2854.6 | X89: 2801.2 | Z89: THAILND | AA89: : | AB89: 178.1 | AC89: 16 | AD89: 145.8 | AE89: 21 | AF89: 531.5 | AG89: 11 | AH89: 289.8 | AI89: 12 | AJ89: 548.3 | AK89: 11
L90: IRAN | M90: : | N90: 0 | O90: 0 | P90: 15.4 | Q90: 0 | S90: HG KONG | T90: : | U90: 0 | V90: 0 | W90: 0.3 | X90: 0.4
L91: ISRAEL | M91: : | N91: 0 | O91: 8.5 | P91: 335.2 | Q91: 257 | S91: INDNSIA | T91: : | U91: 98.3 | V91: 30.9 | W91: 1340.4 | X91: 1068 | Z91: C RICA | AA91: : | AB91: 173.1 | AC91: 17 | AD91: 246.6 | AE91: 16 | AF91: 272.8 | AG91: 15 | AH91: 255.4 | AI91: 13 | AJ91: 201.2 | AK91: 19
L92: KOR REP | M92: : | N92: 0 | O92: 0 | P92: 459 | Q92: 593.6 | S92: IRAN | T92: : | U92: 0 | V92: 0 | W92: 130.1 | X92: 15.4
L93: LEBANON | M93: : | N93: 0 | O93: 0 | P93: 10.9 | Q93: 0 | S93: ISRAEL | T93: : | U93: 0 | V93: 0 | W93: 219.3 | X93: 335.2 | Z93: TUNISIA | AA93: : | AB93: 145.7 | AC93: 18 | AD93: 0 | AE93: 0 | AF93: 0 | AG93: 0 | AH93: 0 | AI93: 0 | AJ93: 0 | AK93: 0
L94: MALAYSA | M94: : | N94: 0 | O94: 13.6 | P94: 84.3 | Q94: 310.5 | S94: KOR REP | T94: : | U94: 13 | V94: 0 | W94: 346.3 | X94: 459
L95: PHIL | M95: : | N95: 1.7 | O95: * | P95: 50.6 | Q95: 71.9 | S95: LEBANON | T95: : | U95: 0 | V95: 0 | W95: 0 | X95: 10.9 | Z95: IRAN | AA95: : | AB95: 130.1 | AC95: 19 | AD95: 15.4 | AE95: 34 | AF95: 0 | AG95: 0 | AH95: 0 | AI95: 0 | AJ95: 0 | AK95: 0
L96: S ARAB | M96: : | N96: 0 | O96: 0 | P96: 62.5 | Q96: 0 | S96: MALAYSA | T96: : | U96: 2 | V96: 0 | W96: 82 | X96: 84.3
L97: SINGAPR | M97: : | N97: 0 | O97: 0.8 | P97: 8.4 | Q97: 0.9 | S97: PAKISTN | T97: : | U97: 0 | V97: 0 | W97: * | X97: 0 | Z97: CUBA | AA97: : | AB97: 123.9 | AC97: 20 | AD97: 111.8 | AE97: 23 | AF97: 181.9 | AG97: 22 | AH97: 149.2 | AI97: 21 | AJ97: 128.6 | AK97: 26
L98: SYRIA | M98: : | N98: 0 | O98: 0 | P98: 451.3 | Q98: 249.5 | S98: PHIL | T98: : | U98: 0 | V98: 1.7 | W98: 45.1 | X98: 50.6
L99: THAILND | M99: : | N99: * | O99: 0 | P99: 145.8 | Q99: 531.5 | S99: S ARAB | T99: : | U99: 0 | V99: 0 | W99: * | X99: 62.5 | Z99: MOROCCO | AA99: : | AB99: 122.3 | AC99: 21 | AD99: 217.2 | AE99: 17 | AF99: 253.2 | AG99: 17 | AH99: 303.1 | AI99: 11 | AJ99: 202.6 | AK99: 18
L100: U AR EM | M100: : | N100: 0 | O100: 0 | P100: 37.5 | Q100: 248.8 | S100: SINGAPR | T100: : | U100: 6 | V100: 0 | W100: 3.4 | X100: 8.4
L101: VIETNAM | M101: : | N101: 4 | O101: 8.7 | P101: 71.9 | Q101: 12.4 | S101: SYRIA | T101: : | U101: 9.8 | V101: 0 | W101: 422.1 | X101: 451.3 | Z101: VIETNAM | AA101: : | AB101: 87.6 | AC101: 22 | AD101: 71.9 | AE101: 25 | AF101: 12.4 | AG101: 31 | AH101: 1 | AI101: 39 | AJ101: 0 | AK101: 0
M102: : | S102: THAILND | T102: : | U102: 14.1 | V102: * | W102: 178.1 | X102: 145.8
L103: AFRICA | M103: : | N103: 21.4 | O103: 9.2 | P103: 1062.7 | Q103: 1016.4 | S103: U AR EM | T103: : | U103: 0 | V103: 0 | W103: 0 | X103: 37.5 | Z103: MALAYSA | AA103: : | AB103: 82 | AC103: 23 | AD103: 84.3 | AE103: 24 | AF103: 310.5 | AG103: 14 | AH103: 226.7 | AI103: 15 | AJ103: 173.4 | AK103: 23
L104: EGYPT | M104: : | N104: 21.4 | O104: 9.2 | P104: 845.5 | Q104: 763.2 | S104: VIETNAM | T104: : | U104: 7 | V104: 4 | W104: 87.6 | X104: 71.9
L105: MOROCCO | M105: : | N105: 0 | O105: 0 | P105: 217.2 | Q105: 253.2 | T105: : | Z105: PORTUGL | AA105: : | AB105: 81.3 | AC105: 24 | AD105: 396.3 | AE105: 13 | AF105: 183.7 | AG105: 21 | AH105: 129.3 | AI105: 22 | AJ105: 229.3 | AK105: 16
M106: : | S106: AFRICA | T106: : | U106: 65.3 | V106: 21.4 | W106: 1384.8 | X106: 1062.7
L107: WESTERN HEMISPHERE | M107: : | N107: 256.6 | O107: 245 | P107: 4468.9 | Q107: 4833.8 | S107: EGYPT | T107: : | U107: 38.8 | V107: 21.4 | W107: 1116.9 | X107: 845.5 | Z107: FRANCE | AA107: : | AB107: 60.9 | AC107: 25 | AD107: 122.9 | AE107: 22 | AF107: 170.2 | AG107: 23 | AH107: 60.2 | AI107: 26 | AJ107: 181.5 | AK107: 22
...

Sheet Sheet1
A1: TOTAL AC | B1: CU | C1: MULATED E | D1: XPORTS | E1: OF SOYB | F1: EANS | G1: BY COUNTR | H1: Y | P1: TOTAL | Q1: ACCUM | R1: ULATED EX | S1: PORTS | T1: OF SOYBE | U1: ANS BY | V1: COUNTRY | AK1: TOTAL A | AL1: CC | AM1: UMULATED | AN1: EXPOR | AO1: TS OF SOY | AP1: BEANS | AQ1: BY COUNT | AR1: RY
C2: RANKED | D2: IN DES | E2: CENDING | F2: ORDE | G2: R FOR MARK | H2: ETING | I2: YEAR 201 | J2: 41306 | P2: RANKED | Q2: IN DE | R2: SCENDING | S2: ORDER | T2: FOR MARK | U2: ETING | V2: YEAR 200 | W2: 40422 | AM2: RANKED | AN2: IN DE | AO2: SCENDING | AP2: ORDER | AQ2: FOR MARK | AR2: ETING | AS2: YEAR 201 | AT2: 0/2011
D3: COMPAR | E3: ED WITH | F3: 4 PR | G3: EVIOUS MAR | H3: KETIN | I3: G YEARS | Q3: COMPA | R3: RED WITH | S3: 4 PRE | T3: VIOUS MAR | U3: KETING | V3: YEARS | AC3: SOYBEANS | AN3: COMPA | AO3: RED WITH | AP3: 4 PRE | AQ3: VIOUS MAR | AR3: KETIN | AS3: G YEARS
E4: (1 | F4: ,000 | G4: Metric To | H4: ns) | R4: (1 | S4: ,000 | T4: Metric To | U4: ns) | AC4: CARRYOVER EXPORT SALES A | AD4: N | AE4: D ACCUMU | AF4: LATED EXPOR | AG4: TS BY COUNTRY | AH4: AND REGION | AO4: (1 | AP4: ,000 | AQ4: Metric To | AR4: ns)
AC5: 2010/11 M | AD5: A | AE5: RKETING | AF5: YEAR ENDING | AG5: 37499 | AH5: 11
C6: 2012/ | D6: 2013 | E6: 2011/ | F6: 2012 | G6: 2010/ | H6: 2011 | I6: 2009/ | J6: 2010 | K6: 2008/ | L6: 2009 | P6: 2009/ | Q6: 2010 | R6: 2008/ | S6: 2009 | T6: 2007/ | U6: 2008 | V6: 2006/ | W6: 2007 | X6: 2005/ | Y6: 2006 | AC6: 1000 METRIC TONS | AM6: 2010/ | AN6: 2011 | AO6: 2009/ | AP6: 2010 | AQ6: 2008/ | AR6: 2009 | AS6: 2007/ | AT6: 2008 | AU6: 2006/ | AV6: 2007
A7: COUNTRY | C7: EXPORTS | D7: RANK | E7: EXPORTS | F7: RAN | G7: K EXPORTS | H7: RANK | I7: EXPORTS | J7: RANK | K7: EXPORTS | L7: RANK | N7: COUNTRY | P7: EXPORTS | Q7: RANK | R7: EXPORTS | S7: RANK | T7: EXPORTS | U7: RANK | V7: EXPORTS | W7: RANK | X7: EXPORTS | Y7: RANK | AC7: ------------------------------ | AD7: - | AE7: -------- | AF7: ----------- | AG7: ------------- | AH7: ------------- | AI7: ---- | AK7: COUNTRY | AM7: EXPORTS | AN7: RANK | AO7: EXPORTS | AP7: RANK | AQ7: EXPORTS | AR7: RANK | AS7: EXPORTS | AT7: RANK | AU7: EXPORTS | AV7: RAN | AW7: K
A8: -------- | B8: -- | C8: --------- | D8: ------ | E8: -------- | F8: ---- | G8: ---------- | H8: ----- | I8: --------- | J8: ------ | K8: -------- | L8: ----- | N8: -------- | O8: -- | P8: --------- | Q8: ----- | R8: --------- | S8: ----- | T8: --------- | U8: ------ | V8: -------- | W8: ------ | X8: -------- | Y8: ----- | AD8: : | AE8: CARRYOV | AF8: ER SALES | AG8: : ACCUMULA | AH8: TED EXPORTS | AK8: -------- | AL8: -- | AM8: --------- | AN8: ----- | AO8: --------- | AP8: ----- | AQ8: --------- | AR8: ----- | AS8: --------- | AT8: ------ | AU8: -------- | AV8: ---- | AW8: -
A9: CHINA | B9: : | C9: 21522.4 | D9: 1 | E9: 23506.9 | F9: 1 | G9: 24444.7 | H9: 1 | I9: 22453.8 | J9: 1 | K9: 18681.3 | L9: 1 | N9: CHINA | O9: : | P9: 22453.8 | Q9: 1 | R9: 18681.3 | S9: 1 | T9: 13353.3 | U9: 1 | V9: 11454.6 | W9: 1 | X9: 9706.3 | Y9: 1 | AD9: : | AE9: -------- | AF9: ----------- | AG9: ------------- | AH9: ------------- | AI9: ---- | AK9: CHINA | AL9: : | AM9: 24444.7 | AN9: 1 | AO9: 22453.8 | AP9: 1 | AQ9: 18681.3 | AR9: 1 | AS9: 13353.3 | AT9: 1 | AU9: 11454.6 | AV9: 1
AC10: DESTINATION | AD10: : | AE10: 2010/11 | AF10: : 2009/10 | AG10: : 2010/11 | AH10: : 2009/10
A11: MEXICO | B11: : | C11: 2565.4 | D11: 2 | E11: 3153.1 | F11: 2 | G11: 3214.7 | H11: 2 | I11: 3276.4 | J11: 2 | K11: 3097.8 | L11: 2 | N11: MEXICO | O11: : | P11: 3276.4 | Q11: 2 | R11: 3097.8 | S11: 2 | T11: 3575 | U11: 2 | V11: 3853.5 | W11: 2 | X11: 3594 | Y11: 2 | AC11: ------------------------------ | AD11: - | AE11: -------- | AF11: ----------- | AG11: ------------- | AH11: ------------- | AI11: ---- | AK11: MEXICO | AL11: : | AM11: 3214.7 | AN11: 2 | AO11: 3276.4 | AP11: 2 | AQ11: 3097.8 | AR11: 2 | AS11: 3575 | AT11: 2 | AU11: 3853.5 | AV11: 2
AD12: :
A13: JAPAN | B13: : | C13: 1751 | D13: 3 | E13: 1673.6 | F13: 4 | G13: 1887.3 | H13: 3 | I13: 2346.6 | J13: 3 | K13: 2410 | L13: 3 | N13: JAPAN | O13: : | P13: 2346.6 | Q13: 3 | R13: 2410 | S13: 3 | T13: 2709.4 | U13: 3 | V13: 3158.7 | W13: 3 | X13: 3018.8 | Y13: 3 | AC13: EUROPEAN UNION - 27 | AD13: : | AE13: * | AF13: 5.1 | AG13: 2599.3 | AH13: 2697.9 | AK13: JAPAN | AL13: : | AM13: 1887.3 | AN13: 3 | AO13: 2346.6 | AP13: 3 | AQ13: 2410 | AR13: 3 | AS13: 2709.4 | AT13: 3 | AU13: 3158.7 | AV13: 3
AC14: BELGIUM | AD14: : | AE14: 0 | AF14: 0 | AG14: 0 | AH14: 34.8
A15: INDNSIA | B15: : | C15: 1682.4 | D15: 4 | E15: 1711 | F15: 3 | G15: 1680.1 | H15: 4 | I15: 1461.5 | J15: 5 | K15: 1340.4 | L15: 5 | N15: TAIWAN | O15: : | P15: 1556.1 | Q15: 4 | R15: 1592 | S15: 4 | T15: 1732.8 | U15: 4 | V15: 1942 | W15: 4 | X15: 1850.3 | Y15: 4 | AC15: FINLAND | AD15: : | AE15: 0 | AF15: 0 | AG15: 0 | AH15: 0.2 | AK15: INDNSIA | AL15: : | AM15: 1680.1 | AN15: 4 | AO15: 1461.5 | AP15: 5 | AQ15: 1340.4 | AR15: 5 | AS15: 1068 | AT15: 7 | AU15: 1454.3 | AV15: 5
AC16: FRANCE | AD16: : | AE16: 0 | AF16: 0 | AG16: 234.5 | AH16: 225
A17: TAIWAN | B17: : | C17: 1120 | D17: 5 | E17: 912.6 | F17: 6 | G17: 1397.4 | H17: 5 | I17: 1556.1 | J17: 4 | K17: 1592 | L17: 4 | N17: INDNSIA | O17: : | P17: 1461.5 | Q17: 5 | R17: 1340.4 | S17: 5 | T17: 1068 | U17: 7 | V17: 1454.3 | W17: 5 | X17: 1211.1 | Y17: 5 | AC17: GERMANY | AD17: : | AE17: 0 | AF17: 0 | AG17: 352.8 | AH17: 657.4 | AK17: TAIWAN | AL17: : | AM17: 1397.4 | AN17: 5 | AO17: 1556.1 | AP17: 4 | AQ17: 1592 | AR17: 4 | AS17: 1732.8 | AT17: 4 | AU17: 1942 | AV17: 4
AC18: GREECE | AD18: : | AE18: 0 | AF18: 0 | AG18: 38.6 | AH18: 22.4
A19: GERMANY | B19: : | C19: 1085.2 | D19: 6 | E19: 433.5 | F19: 9 | G19: 352.8 | H19: 11 | I19: 657.4 | J19: 10 | K19: 706.7 | L19: 9 | N19: EGYPT | O19: : | P19: 945 | Q19: 6 | R19: 1116.9 | S19: 6 | T19: 845.5 | U19: 8 | V19: 763.2 | W19: 8 | X19: 549.2 | Y19: 8 | AC19: IRELAND | AD19: : | AE19: 0 | AF19: 5 | AG19: 12.7 | AH19: 13.4 | AK19: NETHLDS | AL19: : | AM19: 970 | AN19: 6 | AO19: 803.6 | AP19: 8 | AQ19: 884.9 | AR19: 7 | AS19: 1176.7 | AT19: 6 | AU19: 1442.2 | AV19: 6
AC20: ITALY | AD20: : | AE20: 0 | AF20: 0 | AG20: 18.2 | AH20: 195.5
A21: SPAIN | B21: : | C21: 837.8 | D21: 7 | E21: 50.9 | F21: 22 | G21: 855.8 | H21: 8 | I21: 626.7 | J21: 11 | K21: 337.6 | L21: 12 | N21: TURKEY | O21: : | P21: 890.1 | Q21: 7 | R21: 736.6 | S21: 8 | T21: 408.2 | U21: 12 | V21: 537.4 | W21: 10 | X21: 650.2 | Y21: 7 | AC21: NETHLDS | AD21: : | AE21: 0 | AF21: 0 | AG21: 970 | AH21: 803.6 | AK21: EGYPT | AL21: : | AM21: 897.3 | AN21: 7 | AO21: 945 | AP21: 6 | AQ21: 1116.9 | AR21: 6 | AS21: 845.5 | AT21: 8 | AU21: 763.2 | AV21: 8
AC22: PORTUGL | AD22: : | AE22: 0 | AF22: 0 | AG22: 41.8 | AH22: 52.4
A23: NETHLDS | B23: : | C23: 734.6 | D23: 8 | E23: 606.8 | F23: 7 | G23: 970 | H23: 6 | I23: 803.6 | J23: 8 | K23: 884.9 | L23: 7 | N23: NETHLDS | O23: : | P23: 803.6 | Q23: 8 | R23: 884.9 | S23: 7 | T23: 1176.7 | U23: 6 | V23: 1442.2 | W23: 6 | X23: 1096.9 | Y23: 6 | AC23: ROMANIA | AD23: : | AE23: 0 | AF23: 0 | AG23: 0 | AH23: 17.1 | AK23: SPAIN | AL23: : | AM23: 855.8 | AN23: 8 | AO23: 626.7 | AP23: 11 | AQ23: 337.6 | AR23: 12 | AS23: 521.7 | AT23: 9 | AU23: 368.7 | AV23: 12
AC24: SPAIN | AD24: : | AE24: * | AF24: 0.1 | AG24: 855.8 | AH24: 626.7
A25: EGYPT | B25: : | C25: 677.3 | D25: 9 | E25: 1224.1 | F25: 5 | G25: 897.3 | H25: 7 | I25: 945 | J25: 6 | K25: 1116.9 | L25: 6 | N25: KOR REP | O25: : | P25: 683.4 | Q25: 9 | R25: 346.3 | S25: 11 | T25: 459 | U25: 10 | V25: 593.6 | W25: 9 | X25: 486.8 | Y25: 9 | AC25: SWEDEN | AD25: : | AE25: 0 | AF25: 0 | AG25: * | AH25: 0 | AK25: KOR REP | AL25: : | AM25: 690.8 | AN25: 9 | AO25: 683.4 | AP25: 9 | AQ25: 346.3 | AR25: 11 | AS25: 459 | AT25: 10 | AU25: 593.6 | AV25: 9
AC26: U KING | AD26: : | AE26: 0 | AF26: 0 | AG26: 75 | AH26: 49.5
A27: VIETNAM | B27: : | C27: 607.6 | D27: 10 | E27: 296.8 | F27: 13 | G27: 178.3 | H27: 20 | I27: 81.2 | J27: 28 | K27: 87.6 | L27: 22 | N27: GERMANY | O27: : | P27: 657.4 | Q27: 10 | R27: 706.7 | S27: 9 | T27: 1235.5 | U27: 5 | V27: 1045.8 | W27: 7 | X27: 326.2 | Y27: 10 | AD27: : | AK27: THAILND | AL27: : | AM27: 485.2 | AN27: 10 | AO27: 423 | AP27: 12 | AQ27: 178.1 | AR27: 16 | AS27: 145.8 | AT27: 21 | AU27: 531.5 | AV27: 11
AC28: OTHER EUROPE | AD28: : | AE28: 0 | AF28: 0 | AG28: 276.8 | AH28: 905.4
A29: THAILND | B29: : | C29: 567.9 | D29: 11 | E29: 359.2 | F29: 11 | G29: 485.2 | H29: 10 | I29: 423.1 | J29: 12 | K29: 178.2 | L29: 16 | N29: SPAIN | O29: : | P29: 626.7 | Q29: 11 | R29: 337.6 | S29: 12 | T29: 521.7 | U29: 9 | V29: 368.7 | W29: 12 | X29: 158.3 | Y29: 19 | AC29: SWITZLD | AD29: : | AE29: 0 | AF29: 0 | AG29: 7.1 | AH29: 15.3 | AK29: GERMANY | AL29: : | AM29: 352.8 | AN29: 11 | AO29: 657.4 | AP29: 10 | AQ29: 706.7 | AR29: 9 | AS29: 1235.5 | AT29: 5 | AU29: 1045.8 | AV29: 7
AC30: TURKEY | AD30: : | AE30: 0 | AF30: 0 | AG30: 269.8 | AH30: 890.1
A31: KOR REP | B31: : | C31: 561.8 | D31: 12 | E31: 298.2 | F31: 12 | G31: 690.8 | H31: 9 | I31: 683.4 | J31: 9 | K31: 346.3 | L31: 11 | N31: THAILND | O31: : | P31: 423 | Q31: 12 | R31: 178.1 | S31: 16 | T31: 145.8 | U31: 21 | V31: 531.5 | W31: 11 | X31: 289.8 | Y31: 12 | AD31: : | AK31: CANADA | AL31: : | AM31: 279 | AN31: 12 | AO31: 338.4 | AP31: 14 | AQ31: 294.6 | AR31: 13 | AS31: 190.3 | AT31: 19 | AU31: 134.4 | AV31: 24
AC32: FORMER SOVIET UNION-12 | AD32: : | AE32: 0 | AF32: 0 | AG32: 52.5 | AH32: 98.4
A33: TURKEY | B33: : | C33: 381.6 | D33: 13 | E33: 604.3 | F33: 8 | G33: 269.8 | H33: 13 | I33: 890.1 | J33: 7 | K33: 736.6 | L33: 8 | N33: SYRIA | O33: : | P33: 350 | Q33: 13 | R33: 422.1 | S33: 10 | T33: 451.3 | U33: 11 | V33: 249.5 | W33: 18 | X33: 149.6 | Y33: 20 | AC33: RUSSIA | AD33: : | AE33: 0 | AF33: 0 | AG33: 52.5 | AH33: 98.4 | AK33: TURKEY | AL33: : | AM33: 269.8 | AN33: 13 | AO33: 890.1 | AP33: 7 | AQ33: 736.6 | AR33: 8 | AS33: 408.2 | AT33: 12 | AU33: 537.4 | AV33: 10
AD34: :
A35: MALAYSA | B35: : | C35: 267.2 | D35: 14 | E35: 246 | F35: 16 | G35: 250.4 | H35: 14 | I35: 237.5 | J35: 16 | K35: 82 | L35: 23 | N35: CANADA | O35: : | P35: 338.4 | Q35: 14 | R35: 294.6 | S35: 13 | T35: 190.3 | U35: 19 | V35: 134.4 | W35: 24 | X35: 205.8 | Y35: 17 | AC35: JAPAN | AD35: : | AE35: 366.5 | AF35: 262.1 | AG35: 1887.3 | AH35: 2346.6 | AK35: MALAYSA | AL35: : | AM35: 250.4 | AN35: 14 | AO35: 237.5 | AP35: 16 | AQ35: 82 | AR35: 23 | AS35: 84.3 | AT35: 24 | AU35: 310.5 | AV35: 14
AD36: :
A37: S ARAB | B37: : | C37: 213.5 | D37: 15 | E37: 146.4 | F37: 17 | G37: 157.2 | H37: 21 | I37: 120.6 | J37: 24 | K37: 0 | L37: 0 | N37: IRAN | O37: : | P37: 297 | Q37: 15 | R37: 130.1 | S37: 19 | T37: 15.4 | U37: 34 | V37: 0 | W37: 0 | X37: 0 | Y37: 0 | AC37: TAIWAN | AD37: : | AE37: 92.7 | AF37: 21.5 | AG37: 1397.4 | AH37: 1556.1 | AK37: TUNISIA | AL37: : | AM37: 249.2 | AN37: 15 | AO37: 232.9 | AP37: 17 | AQ37: 145.7 | AR37: 18 | AS37: 0 | AT37: 0 | AU37: 0 | AV37: 0
AD38: :
A39: CANADA | B39: : | C39: 208.2 | D39: 16 | E39: 367.2 | F39: 10 | G39: 279 | H39: 12 | I39: 338.4 | J39: 14 | K39: 294.6 | L39: 13 | N39: MALAYSA | O39: : | P39: 237.5 | Q39: 16 | R39: 82 | S39: 23 | T39: 84.3 | U39: 24 | V39: 310.5 | W39: 14 | X39: 226.7 | Y39: 15 | AC39: CHINA | AD39: : | AE39: 1182 | AF39: 746.5 | AG39: 24444.7 | AH39: 22453.8 | AK39: C RICA | AL39: : | AM39: 248.4 | AN39: 16 | AO39: 221.2 | AP39: 19 | AQ39: 173.1 | AR39: 17 | AS39: 246.6 | AT39: 16 | AU39: 272.8 | AV39: 15
AD40: :
A41: U KING | B41: : | C41: 188.3 | D41: 17 | E41: 0 | F41: 0 | G41: 75 | H41: 25 | I41: 49.5 | J41: 31 | K41: 0 | L41: 0 | N41: TUNISIA | O41: : | P41: 232.9 | Q41: 17 | R41: 145.7 | S41: 18 | T41: 0 | U41: 0 | V41: 0 | W41: 0 | X41: 0 | Y41: 0 | AC41: OTHER ASIA AND OCEANIA | AD41: : | AE41: 216.7 | AF41: 182.2 | AG41: 4009.9 | AH41: 3922.2 | AK41: FRANCE | AL41: : | AM41: 234.5 | AN41: 17 | AO41: 225 | AP41: 18 | AQ41: 60.9 | AR41: 25 | AS41: 122.9 | AT41: 22 | AU41: 170.2 | AV41: 23
AC42: BANGLADH | AD42: : | AE42: 0 | AF42: 0 | AG42: 49.5 | AH42: 0
A43: COLOMB | B43: : | C43: 176.8 | D43: 18 | E43: 83.9 | F43: 21 | G43: 125.7 | H43: 22 | I43: 217.3 | J43: 20 | K43: 185.5 | L43: 15 | N43: FRANCE | O43: : | P43: 225 | Q43: 18 | R43: 60.9 | S43: 25 | T43: 122.9 | U43: 22 | V43: 170.2 | W43: 23 | X43: 60.2 | Y43: 26 | AC43: HG KONG | AD43: : | AE43: 0 | AF43: 0 | AG43: 10.1 | AH43: * | AK43: ISRAEL | AL43: : | AM43: 225.4 | AN43: 18 | AO43: 187.2 | AP43: 22 | AQ43: 219.3 | AR43: 14 | AS43: 335.2 | AT43: 14 | AU43: 257 | AV43: 16
AC44: INDNSIA | AD44: : | AE44: 147 | AF44: 50.7 | AG44: 1680.1 | AH44: 1461.5
A45: TUNISIA | B45: : | C45: 158.3 | D45: 19 | E45: 268.8 | F45: 14 | G45: 249.2 | H45: 15 | I45: 232.9 | J45: 17 | K45: 145.7 | L45: 18 | N45: C RICA | O45: : | P45: 221.2 | Q45: 19 | R45: 173.1 | S45: 17 | T45: 246.6 | U45: 16 | V45: 272.8 | W45: 15 | X45: 255.4 | Y45: 13 | AC45: IRAN | AD45: : | AE45: 0 | AF45: 0 | AG45: 0 | AH45: 297 | AK45: SYRIA | AL45: : | AM45: 218.3 | AN45: 19 | AO45: 350 | AP45: 13 | AQ45: 422.1 | AR45: 10 | AS45: 451.3 | AT45: 11 | AU45: 249.5 | AV45: 18
AC46: ISRAEL | AD46: : | AE46: 0 | AF46: 0 | AG46: 225.4 | AH46: 187.2
A47: C RICA | B47: : | C47: 156.7 | D47: 20 | E47: 260.1 | F47: 15 | G47: 248.5 | H47: 16 | I47: 221.2 | J47: 19 | K47: 173.1 | L47: 17 | N47: COLOMB | O47: : | P47: 217.3 | Q47: 20 | R47: 185.5 | S47: 15 | T47: 276.9 | U47: 15 | V47: 328.3 | W47: 13 | X47: 215.1 | Y47: 16 | AC47: KOR REP | AD47: : | AE47: 15.8 | AF47: 73 | AG47: 690.8 | AH47: 683.4 | AK47: VIETNAM | AL47: : | AM47: 178.3 | AN47: 20 | AO47: 81.2 | AP47: 28 | AQ47: 87.6 | AR47: 22 | AS47: 71.9 | AT47: 25 | AU47: 12.4 | AV47: 31
AC48: MALAYSA | AD48: : | AE48: 2.4 | AF48: 0 | AG48: 250.4 | AH48: 237.5
A49: FRANCE | B49: : | C49: 129.9 | D49: 21 | E49: 45.6 | F49: 23 | G49: 234.5 | H49: 17 | I49: 225 | J49: 18 | K49: 60.9 | L49: 25 | N49: ITALY | O49: : | P49: 195.5 | Q49: 21 | R49: 60.7 | S49: 26 | T49: 180 | U49: 20 | V49: 35.7 | W49: 28 | X49: 20.5 | Y49: 30 | AC49: PHIL | AD49: : | AE49: 0.2 | AF49: 1.1 | AG49: 44.3 | AH49: 54.5 | AK49: S ARAB | AL49: : | AM49: 157.2 | AN49: 21 | AO49: 120.6 | AP49: 24 | AQ49: 0 | AR49: 0 | AS49: 62.5 | AT49: 27 | AU49: 0 | AV49: 0
AC50: S ARAB | AD50: : | AE50: 0 | AF50: 0 | AG50: 157.2 | AH50: 120.6
A51: ISRAEL | B51: : | C51: 99.8 | D51: 22 | E51: 106.6 | F51: 18 | G51: 225.4 | H51: 18 | I51: 187.2 | J51: 22 | K51: 219.3 | L51: 14 | N51: ISRAEL | O51: : | P51: 187.2 | Q51: 22 | R51: 219.3 | S51: 14 | T51: 335.2 | U51: 14 | V51: 257 | W51: 16 | X51: 236.3 | Y51: 14 | AC51: SINGAPR | AD51: : | AE51: 5.5 | AF51: * | AG51: 20.1 | AH51: 26.2 | AK51: COLOMB | AL51: : | AM51: 125.7 | AN51: 22 | AO51: 217.3 | AP51: 20 | AQ51: 185.5 | AR51: 15 | AS51: 276.9 | AT51: 15 | AU51: 328.3 | AV51: 13
AC52: SYRIA | AD52: : | AE52: 0 | AF52: 25 | AG52: 218.3 | AH52: 350
A53: MOROCCO | B53: : | C53: 92.3 | D53: 23 | E53: 0 | F53: 0 | G53: 95.8 | H53: 24 | I53: 105.3 | J53: 25 | K53: 122.3 | L53: 21 | N53: CUBA | O53: : | P53: 148.4 | Q53: 23 | R53: 123.9 | S53: 20 | T53: 111.8 | U53: 23 | V53: 181.9 | W53: 22 | X53: 149.2 | Y53: 21 | AC53: THAILND | AD53: : | AE53: 16 | AF53: 24.5 | AG53: 485.2 | AH53: 423 | AK53: CUBA | AL53: : | AM53: 120.6 | AN53: 23 | AO53: 148.4 | AP53: 23 | AQ53: 123.9 | AR53: 20 | AS53: 111.8 | AT53: 23 | AU53: 181.9 | AV53: 22
AC54: VIETNAM | AD54: : | AE54: 29.8 | AF54: 7.8 | AG54: 178.3 | AH54: 81.2
A55: CUBA | B55: : | C55: 91.4 | D55: 24 | E55: 100.4 | F55: 19 | G55: 120.6 | H55: 23 | I55: 148.4 | J55: 23 | K55: 123.9 | L55: 20 | N55: S ARAB | O55: : | P55: 120.6 | Q55: 24 | R55: 0 | S55: 0 | T55: 62.5 | U55: 27 | V55: 0 | W55: 0 | X55: 0 | Y55: 0 | AD55: : | AK55: MOROCCO | AL55: : | AM55: 95.8 | AN55: 24 | AO55: 105.3 | AP55: 25 | AQ55: 122.3 | AR55: 21 | AS55: 217.2 | AT55: 17 | AU55: 253.2 | AV55: 17
AC56: AFRICA | AD56: : | AE56: 0 | AF56: 60 | AG56: 1242.3 | AH56: 1283.3
A57: RUSSIA | B57: : | C57: 81 | D57: 25 | E57: 30.3 | F57: 26 | G57: 52.5 | H57: 26 | I57: 98.5 | J57: 27 | K57: 25.9 | L57: 30 | N57: MOROCCO | O57: : | P57: 105.3 | Q57: 25 | R57: 122.3 | S57: 21 | T57: 217.2 | U57: 17 | V57: 253.2 | W57: 17 | X57: 303.1 | Y57: 11 | AC57: EGYPT | AD57: : | AE57: 0 | AF57: 60 | AG57: 897.3 | AH57: 945 | AK57: U KING | AL57: : | AM57: 75 | AN57: 25 | AO57: 49.5 | AP57: 31 | AQ57: 0 | AR57: 0 | AS57: 2.5 | AT57: 38 | AU57: 64 | AV57: 27
AC58: MOROCCO | AD58: : | AE58: 0 | AF58: 0 | AG58: 95.8 | AH58: 105.3
A59: VENEZ | B59: : | C59: 72 | D59: 26 | E59: 41.9 | F59: 24 | G59: 39 | H59: 30 | I59: 104.6 | J59: 26 | K59: 44.5 | L59: 28 | N59: VENEZ | O59: : | P59: 104.6 | Q59: 26 | R59: 44.5 | S59: 28 | T59: 5 | U59: 37 | V59: 0 | W59: 0 | X59: 45 | Y59: 28 | AC59: TUNISIA | AD59: : | AE59: 0 | AF59: 0 | AG59: 249.2 | AH59: 232.9 | AK59: RUSSIA | AL59: : | AM59: 52.5 | AN59: 26 | AO59: 98.4 | AP59: 27 | AQ59: 25.9 | AR59: 30 | AS59: 0 | AT59: 0 | AU59: 0 | AV59: 0
AD60: :
A61: BANGLADH | B61: : | C61: 55.5 | D61: 27 | E61: 0.5 | F61: 35 | G61: 49.5 | H61: 27 | I61: 0 | J61: 0 | K61: 0 | L61: 0 | N61: RUSSIA | O61: : | P61: 98.4 | Q61: 27 | R61: 25.9 | S61: 30 | T61: 0 | U61: 0 | V61: 0 | W61: 0 | X61: 0 | Y61: 0 | AC61: WESTERN HEMISPHERE | AD61: : | AE61: 156.9 | AF61: 141.6 | AG61: 4082.9 | AH61: 4378.4 | AK61: BANGLADH | AL61: : | AM61: 49.5 | AN61: 27 | AO61: 0 | AP61: 0 | AQ61: 0 | AR61: 0 | AS61: 0 | AT61: 0 | AU61: 0 | AV61: 0
AC62: BARBADO | AD62: : | AE62: 0.2 | AF62: 0.1 | AG62: 23.3 | AH62: 25.2
A63: ITALY | B63: : | C63: 50.3 | D63: 28 | E63: 1.8 | F63: 33 | G63: 18.2 | H63: 35 | I63: 195.5 | J63: 21 | K63: 60.7 | L63: 26 | N63: VIETNAM | O63: : | P63: 81.2 | Q63: 28 | R63: 87.6 | S63: 22 | T63: 71.9 | U63: 25 | V63: 12.4 | W63: 31 | X63: 1 | Y63: 39 | AC63: C RICA | AD63: : | AE63: 31 | AF63: 12.5 | AG63: 248.4 | AH63: 221.2 | AK63: PHIL | AL63: : | AM63: 44.3 | AN63: 28 | AO63: 54.5 | AP63: 29 | AQ63: 45.1 | AR63: 27 | AS63: 50.6 | AT63: 28 | AU63: 71.9 | AV63: 26
AC64: CANADA | AD64: : | AE64: 28.1 | AF64: 25.6 | AG64: 279 | AH64: 338.4
A65: PHIL | B65: : | C65: 38 | D65: 29 | E65: 41.5 | F65: 25 | G65: 44.3 | H65: 28 | I65: 54.5 | J65: 29 | K65: 45.1 | L65: 27 | N65: PHIL | O65: : | P65: 54.5 | Q65: 29 | R65: 45.1 | S65: 27 | T65: 50.6 | U65: 28 | V65: 71.9 | W65: 26 | X65: 104 | Y65: 23 | AC65: COLOMB | AD65: : | AE65: 7 | AF65: 33 | AG65: 125.7 | AH65: 217.3 | AK65: PORTUGL | AL65: : | AM65: 41.8 | AN65: 29 | AO65: 52.4 | AP65: 30 | AQ65: 81.3 | AR65: 24 | AS65: 396.3 | AT65: 13 | AU65: 183.7 | AV65: 21
AC66: CUBA | AD66: : | AE66: 8 | AF66: 15.2 | AG66: 120.6 | AH66: 148.4
A67: BARBADO | B67: : | C67: 19.8 | D67: 30 | E67: 23.8 | F67: 28 | G67: 23.3 | H67: 32 | I67: 25.2 | J67: 35 | K67: 24.6 | L67: 31 | N67: PORTUGL | O67: : | P67: 52.4 | Q67: 30 | R67: 81.3 | S67: 24 | T67: 396.3 | U67: 13 | V67: 183.7 | W67: 21 | X67: 129.3 | Y67: 22 | AC67: GUATMAL | AD67: : | AE67: 1.9 | AF67: 3.7 | AG67: 7.7 | AH67: 14.4 | AK67: VENEZ | AL67: : | AM67: 39 | AN67: 30 | AO67: 104.6 | AP67: 26 | AQ67: 44.5 | AR67: 28 | AS67: 5 | AT67: 37 | AU67: 0 | AV67: 0
AC68: HONDURA | AD68: : | AE68: 0 | AF68: 0 | AG68: 0.3 | AH68: 0
A69: PORTUGL | B69: : | C69: 17.6 | D69: 31 | E69: 83.9 | F69: 20 | G69: 41.8 | H69: 29 | I69: 52.4 | J69: 30 | K69: 81.3 | L69: 24 | N69: U KING | O69: : | P69: 49.5 | Q69: 31 | R69: 0 | S69: 0 | T69: 2.5 | U69: 38 | V69: 64 | W69: 27 | X69: 47.3 | Y69: 27 | AC69: MEXICO | AD69: : | AE69: 80.7 | AF69: 51.5 | AG69: 3214.7 | AH69: 3276.4 | AK69: GREECE | AL69: : | AM69: 38.6 | AN69: 31 | AO69: 22.4 | AP69: 36 | AQ69: 15 | AR69: 33 | AS69: 65.8 | AT69: 26 | AU69: 0 | AV69: 0
AC70: PANAMA | AD70: : | AE70: 0 | AF70: 0 | AG70: 2.8 | AH70: 6.6
A71: GUATMAL | B71: : | C71: 14 | D71: 32 | E71: 13.8 | F71: 29 | G71: 7.7 | H71: 38 | I71: 14.4 | J71: 39 | K71: 7.1 | L71: 35 | N71: BELGIUM | O71: : | P71: 34.8 | Q71: 32 | R71: 0 | S71: 0 | T71: 194.2 | U71: 18 | V71: 228.3 | W71: 20 | X71: 167.3 | Y71: 18 | AC71: PERU | AD71: : | AE71: 0 | AF71: 0 | AG71: 21.5 | AH71: 25.8 | AK71: BARBADO | AL71: : | AM71: 23.3 | AN71: 32 | AO71: 25.2 | AP71: 35 | AQ71: 24.6 | AR71: 31 | AS71: 24.5 | AT71: 30 | AU71: 27.1 | AV71: 29
AC72: VENEZ | AD72: : | AE72: 0 | AF72: 0 | AG72: 39 | AH72: 104.6
A73: SINGAPR | B73: : | C73: 8.5 | D73: 33 | E73: 29.7 | F73: 27 | G73: 20.2 | H73: 34 | I73: 26.2 | J73: 33 | K73: 3.4 | L73: 38 | N73: SINGAPR | O73: : | P73: 26.2 | Q73: 33 | R73: 3.4 | S73: 38 | T73: 8.4 | U73: 36 | V73: 0.9 | W73: 36 | X73: 0.2 | Y73: 41 | AC73: ------------------------------ | AD73: - | AE73: -------- | AF73: ----------- | AG73: ------------- | AH73: ------------- | AI73: ---- | AK73: PERU | AL73: : | AM73: 21.5 | AN73: 33 | AO73: 25.8 | AP73: 34 | AQ73: 11 | AR73: 34 | AS73: 19.3 | AT73: 31 | AU73: 6.3 | AV73: 34
AC74: TOTAL KNOWN | AD74: : | AE74: 2014.9 | AF74: 1418.9 | AG74: 39993.1 | AH74: 39642.2
A75: PANAMA | B75: : | C75: 8.5 | D75: 34 | E75: 2.8 | F75: 32 | G75: 2.8 | H75: 40 | I75: 6.6 | J75: 41 | K75: 3.7 | L75: 37 | N75: PERU | O75: : | P75: 25.8 | Q75: 34 | R75: 11 | S75: 34 | T75: 19.3 | U75: 31 | V75: 6.3 | W75: 34 | X75: 3.3 | Y75: 36 | AC75: TOTAL UNKNOWN | AD75: : | AE75: 267 | AF75: 204.2 | AG75: 0 | AH75: 0 | AK75: SINGAPR | AL75: : | AM75: 20.1 | AN75: 34 | AO75: 26.2 | AP75: 33 | AQ75: 3.4 | AR75: 38 | AS75: 8.4 | AT75: 36 | AU75: 0.9 | AV75: 36
AC76: ------------------------------ | AD76: - | AE76: -------- | AF76: ----------- | AG76: ------------- | AH76: ------------- | AI76: ----
A77: HONDURA | B77: : | C77: 0.4 | D77: 35 | E77: 0.4 | F77: 36 | G77: 0.3 | H77: 41 | I77: 0 | J77: 0 | K77: 0 | L77: 0 | N77: BARBADO | O77: : | P77: 25.2 | Q77: 35 | R77: 24.6 | S77: 31 | T77: 24.5 | U77: 30 | V77: 27.1 | W77: 29 | X77: 22.1 | Y77: 29 | AC77: TOTAL KNOWN & UNKNOWN | AD77: : | AE77: 2281.9 | AF77: 1623.1 | AG77: 39993.1 | AH77: 39642.2 | AK77: ITALY | AL77: : | AM77: 18.2 | AN77: 35 | AO77: 195.5 | AP77: 21 | AQ77: 60.7 | AR77: 26 | AS77: 180 | AT77: 20 | AU77: 35.7 | AV77: 28
AC78: EXPORTS FOR OWN ACCT | AD78: : | AE78: - | AF78: - | AG78: 0 | AH78: 22.8
A79: HG KONG | B79: : | C79: 0.2 | D79: 36 | E79: 5.1 | F79: 31 | G79: 10.1 | H79: 37 | I79: 0 | J79: 0 | K79: 0.3 | L79: 39 | N79: GREECE | O79: : | P79: 22.4 | Q79: 36 | R79: 15 | S79: 33 | T79: 65.8 | U79: 26 | V79: 0 | W79: 0 | X79: 0 | Y79: 0 | AC79: OPTIONAL ORIGIN | AD79: : | AE79: 0 | AF79: 0 | AG79: - | AH79: - | AK79: IRELAND | AL79: : | AM79: 12.7 | AN79: 36 | AO79: 13.4 | AP79: 40 | AQ79: 5 | AR79: 36 | AS79: 0 | AT79: 0 | AU79: 0 | AV79: 0
AC80: ------------------------------ | AD80: - | AE80: -------- | AF80: ----------- | AG80: ------------- | AH80: ------------- | AI80: ----
A81: IRELAND | B81: : | C81: 0 | D81: 0 | E81: 7.3 | F81: 30 | G81: 12.7 | H81: 36 | I81: 13.4 | J81: 40 | K81: 5 | L81: 36 | N81: ROMANIA | O81: : | P81: 17.1 | Q81: 37 | R81: 27.4 | S81: 29 | T81: 0 | U81: 0 | V81: 0 | W81: 0 | X81: 0 | Y81: 0 | AK81: HG KONG | AL81: : | AM81: 10.1 | AN81: 37 | AO81: 0 | AP81: 0 | AQ81: 0.3 | AR81: 39 | AS81: 0.4 | AT81: 40 | AU81: 0 | AV81: 0
A83: SWITZLD | B83: : | C83: 0 | D83: 0 | E83: 1 | F83: 34 | G83: 7.1 | H83: 39 | I83: 15.3 | J83: 38 | K83: 22.9 | L83: 32 | N83: SWITZLD | O83: : | P83: 15.3 | Q83: 38 | R83: 22.9 | S83: 32 | T83: 17.3 | U83: 33 | V83: 0 | W83: 0 | X83: 0 | Y83: 0 | AK83: GUATMAL | AL83: : | AM83: 7.7 | AN83: 38 | AO83: 14.4 | AP83: 39 | AQ83: 7.1 | AR83: 35 | AS83: 17.9 | AT83: 32 | AU83: 13.4 | AV83: 30
A85: FINLAND | B85: : | C85: 0 | D85: 0 | E85: 0.1 | F85: 37 | G85: 0 | H85: 0 | I85: 0.2 | J85: 42 | K85: 0.2 | L85: 40 | N85: GUATMAL | O85: : | P85: 14.4 | Q85: 39 | R85: 7.1 | S85: 35 | T85: 17.9 | U85: 32 | V85: 13.4 | W85: 30 | X85: 14.6 | Y85: 32 | AK85: SWITZLD | AL85: : | AM85: 7.1 | AN85: 39 | AO85: 15.3 | AP85: 38 | AQ85: 22.9 | AR85: 32 | AS85: 17.3 | AT85: 33 | AU85: 0 | AV85: 0
A87: SYRIA | B87: : | C87: 0 | D87: 0 | E87: 0 | F87: 0 | G87: 218.3 | H87: 19 | I87: 350 | J87: 13 | K87: 422.1 | L87: 10 | N87: IRELAND | O87: : | P87: 13.4 | Q87: 40 | R87: 5 | S87: 36 | T87: 0 | U87: 0 | V87: 0 | W87: 0 | X87: 0 | Y87: 0 | AK87: PANAMA | AL87: : | AM87: 2.8 | AN87: 40 | AO87: 6.6 | AP87: 41 | AQ87: 3.7 | AR87: 37 | AS87: 1 | AT87: 39 | AU87: 7.8 | AV87: 33
A89: GREECE | B89: : | C89: 0 | D89: 0 | E89: 0 | F89: 0 | G89: 38.6 | H89: 31 | I89: 22.4 | J89: 36 | K89: 15 | L89: 33 | N89: PANAMA | O89: : | P89: 6.6 | Q89: 41 | R89: 3.7 | S89: 37 | T89: 1 | U89: 39 | V89: 7.8 | W89: 33 | X89: 1.9 | Y89: 38 | AK89: HONDURA | AL89: : | AM89: 0.3 | AN89: 41 | AO89: 0 | AP89: 0 | AQ89: 0 | AR89: 0 | AS89: 0 | AT89: 0 | AU89: 0 | AV89: 0
A91: PERU | B91: : | C91: 0 | D91: 0 | E91: 0 | F91: 0 | G91: 21.5 | H91: 33 | I91: 25.8 | J91: 34 | K91: 11 | L91: 34 | N91: FINLAND | O91: : | P91: 0.2 | Q91: 42 | R91: 0.2 | S91: 40 | T91: 0 | U91: 0 | V91: 2.5 | W91: 35 | X91: 20 | Y91: 31 | AK91: IRAN | AL91: : | AM91: 0 | AN91: 0 | AO91: 297 | AP91: 15 | AQ91: 130.1 | AR91: 19 | AS91: 15.4 | AT91: 34 | AU91: 0 | AV91: 0
A93: IRAN | B93: : | C93: 0 | D93: 0 | E93: 0 | F93: 0 | G93: 0 | H93: 0 | I93: 297 | J93: 15 | K93: 130.1 | L93: 19 | N93: HG KONG | O93: : | P93: 0 | Q93: 0 | R93: 0.3 | S93: 39 | T93: 0.4 | U93: 40 | V93: 0 | W93: 0 | X93: 0 | Y93: 0 | AK93: BELGIUM | AL93: : | AM93: 0 | AN93: 0 | AO93: 34.8 | AP93: 32 | AQ93: 0 | AR93: 0 | AS93: 194.2 | AT93: 18 | AU93: 228.3 | AV93: 20
A95: BELGIUM | B95: : | C95: 0 | D95: 0 | E95: 0 | F95: 0 | G95: 0 | H95: 0 | I95: 34.8 | J95: 32 | K95: 0 | L95: 0 | N95: U AR EM | O95: : | P95: 0 | Q95: 0 | R95: 0 | S95: 0 | T95: 37.5 | U95: 29 | V95: 248.8 | W95: 19 | X95: 77 | Y95: 25 | AK95: ROMANIA | AL95: : | AM95: 0 | AN95: 0 | AO95: 17.1 | AP95: 37 | AQ95: 27.4 | AR95: 29 | AS95: 0 | AT95: 0 | AU95: 0 | AV95: 0
A97: -------- | B97: -- | C97: --------- | D97: ------ | E97: -------- | F97: ---- | G97: ---------- | H97: ----- | I97: --------- | J97: ------ | K97: -------- | L97: ----- | N97: LEBANON | O97: : | P97: 0 | Q97: 0 | R97: 0 | S97: 0 | T97: 10.9 | U97: 35 | V97: 0 | W97: 0 | X97: 0 | Y97: 0 | AK97: FINLAND | AL97: : | AM97: 0 | AN97: 0 | AO97: 0.2 | AP97: 42 | AQ97: 0.2 | AR97: 40 | AS97: 0 | AT97: 0 | AU97: 2.5 | AV97: 35
A98: TOTAL | B98: : | C98: 36243 | E98: 36739.3 | G98: 39993.1 | I98: 39642.2 | K98: 33853.6
N99: ARGENT | O99: : | P99: 0 | Q99: 0 | R99: 0 | S99: 0 | T99: 0.4 | U99: 41 | V99: 0 | W99: 0 | X99: 0 | Y99: 0 | AK99: U AR EM | AL99: : | AM99: 0 | AN99: 0 | AO99: 0 | AP99: 0 | AQ99: 0 | AR99: 0 | AS99: 37.5 | AT99: 29 | AU99: 248.8 | AV99: 19
N101: DENMARK | O101: : | P101: 0 | Q101: 0 | R101: 0 | S101: 0 | T101: 0 | U101: 0 | V101: 74.1 | W101: 25 | X101: 97 | Y101: 24 | AK101: LEBANON | AL101: : | AM101: 0 | AN101: 0 | AO101: 0 | AP101: 0 | AQ101: 0 | AR101: 0 | AS101: 10.9 | AT101: 35 | AU101: 0 | AV101: 0
N103: CHILE | O103: : | P103: 0 | Q103: 0 | R103: 0 | S103: 0 | T103: 0 | U103: 0 | V103: 7.9 | W103: 32 | X103: 0 | Y103: 0 | AK103: ARGENT | AL103: : | AM103: 0 | AN103: 0 | AO103: 0 | AP103: 0 | AQ103: 0 | AR103: 0 | AS103: 0.4 | AT103: 41 | AU103: 0 | AV103: 0
N105: SALVADR | O105: : | P105: 0 | Q105: 0 | R105: 0 | S105: 0 | T105: 0 | U105: 0 | V105: 0.4 | W105: 37 | X105: 0 | Y105: 0 | AK105: DENMARK | AL105: : | AM105: 0 | AN105: 0 | AO105: 0 | AP105: 0 | AQ105: 0 | AR105: 0 | AS105: 0 | AT105: 0 | AU105: 74.1 | AV105: 25
N107: UKRAINE | O107: : | P107: 0 | Q107: 0 | R107: 0 | S107: 0 | T107: 0 | U107: 0 | V107: 0.1 | W107: 38 | X107: 0.7 | Y107: 40 | AK107: CHILE | AL107: : | AM107: 0 | AN107: 0 | AO107: 0 | AP107: 0 | AQ107: 0 | AR107: 0 | AS107: 0 | AT107: 0 | AU107: 7.9 | AV107: 32
N109: HONDURA | O109: : | P109: 0 | Q109: 0 | R109: 0 | S109: 0 | T109: 0 | U109: 0 | V109: 0 | W109: 0 | X109: 6.5 | Y109: 33 | AK109: SALVADR | AL109: : | AM109: 0 | AN109: 0 | AO109: 0 | AP109: 0 | AQ109: 0 | AR109: 0 | AS109: 0 | AT109: 0 | AU109: 0.4 | AV109: 37
N111: TRINID | O111: : | P111: 0 | Q111: 0 | R111: 0 | S111: 0 | T111: 0 | U111: 0 | V111: 0 | W111: 0 | X111: 5.8 | Y111: 34 | AK111: UKRAINE | AL111: : | AM111: 0 | AN111: 0 | AO111: 0 | AP111: 0 | AQ111: 0 | AR111: 0 | AS111: 0 | AT111: 0 | AU111: 0.1 | AV111: 38
N113: BANGLADH | O113: : | P113: 0 | Q113: 0 | R113: 0 | S113: 0 | T113: 0 | U113: 0 | V113: 0 | W113: 0 | X113: 4.7 | Y113: 35 | AK113: -------- | AL113: -- | AM113: --------- | AN113: ----- | AO113: --------- | AP113: ----- | AQ113: --------- | AR113: ----- | AS113: --------- | AT113: ------ | AU113: -------- | AV113: ---- | AW113: -
AK114: TOTAL | AL114: : | AM114: 39993.1 | AO114: 39642.2 | AQ114: 33853.6 | AS114: 30449.5 | AU114: 30288.3
N115: NIGERIA | O115: : | P115: 0 | Q115: 0 | R115: 0 | S115: 0 | T115: 0 | U115: 0 | V115: 0 | W115: 0 | X115: 3.1 | Y115: 37
...

Sheet 2012-13 weekly analysis
D10: 2012-13 Soybeans Exports, Weekly Pace Needed to reach forecast | J10: Cumulative Weekly Inspections:
C11: Weeks | E11: Export Sales | J11: Inspections (Mill Bushels) | P11: Inspections (Metric Tons)
C12: Remaining | D12: Date | E12: Sales Needed to Meet WASDE | F12: Shipments Needed to Meet WASDE | G12: Actual Export Sales | H12: Shipped | I12: Unshipped | J12: Miss Gulf | K12: 3-yr Ave | L12: PNW | M12: 3-Yr Ave | N12: Total | O12: 3-Yr Ave | P12: Miss Gulf | Q12: 3-yr Ave | R12: PNW | S12: 3-Yr Ave | T12: Cumulative Weekly Inspections | U12: 3-Yr Ave
C13: 52 | D13: =+[1]Total!A360 -> 41158 | E13: =+G13 -> 20724.7 | F13: =+H13 -> 339.4 | G13: =+US!F331 -> 20724.7 | H13: =+US!D331 -> 339.4 | I13: =+G13-H13 -> 20385.3 | J13: =SUM('[2]River Analysis'!$G$6:$G6) -> 10999 | K13: =SUM('[2]River Analysis'!P$6:$P6) -> 7645.6667 | L13: =SUM('[2]River Analysis'!$D$6:$D6) -> 463 | M13: =SUM('[2]River Analysis'!$M$6:$M6) -> 2413 | N13: =SUM('[2]River Analysis'!$J$6:$J6) -> 12968 | O13: =SUM('[2]River Analysis'!$S$6:$S6) -> 12510 | P13: =+J13/36.7 -> 299.70027 | Q13: =+K13/36.7 -> 208.32879 | R13: =+L13/36.7 -> 12.615804 | S13: =+M13/36.7 -> 65.749319 | T13: =SUM('[2]River Analysis'!$AB$6:$AB6) -> 353.3515 | U13: =SUM('[2]River Analysis'!$AJ$6:$AJ6) -> 962.76506
C14: 51 | D14: =+[1]Total!A361 -> 41165 | E14: =+E13+E$66 -> 20318.333 | F14: =+F13+F$66 -> 332.7451 | G14: =+US!F332 -> 21437 | H14: =+US!D332 -> 612 | I14: =+G14-H14 -> 20825 | J14: =SUM('[2]River Analysis'!$G$6:$G7) -> 19898 | K14: =SUM('[2]River Analysis'!P$6:$P7) -> 13596.667 | L14: =SUM('[2]River Analysis'!$D$6:$D7) -> 472 | M14: =SUM('[2]River Analysis'!$M$6:$M7) -> 4926.3333 | N14: =SUM('[2]River Analysis'!$J$6:$J7) -> 23001 | O14: =SUM('[2]River Analysis'!$S$6:$S7) -> 22310.667 | P14: =+J14/36.7 -> 542.17984 | Q14: =+K14/36.7 -> 370.48138 | R14: =+L14/36.7 -> 12.861035 | S14: =+M14/36.7 -> 134.23252 | T14: =SUM('[2]River Analysis'!$AB$6:$AB7) -> 626.73025 | U14: =SUM('[2]River Analysis'!$AJ$6:$AJ7) -> 1852.1883
C15: 50 | D15: =+[1]Total!A362 -> 41172 | E15: =+E14+E$66 -> 19911.967 | F15: =+F14+F$66 -> 326.0902 | G15: =+US!F333 -> 22236.5 | H15: =+US!D333 -> 940.9 | I15: =+G15-H15 -> 21295.6 | J15: =SUM('[2]River Analysis'!$G$6:$G8) -> 30872 | K15: =SUM('[2]River Analysis'!P$6:$P8) -> 20183 | L15: =SUM('[2]River Analysis'!$D$6:$D8) -> 472 | M15: =SUM('[2]River Analysis'!$M$6:$M8) -> 4926.3333 | N15: =SUM('[2]River Analysis'!$J$6:$J8) -> 35551 | O15: =SUM('[2]River Analysis'!$S$6:$S8) -> 30572.667 | P15: =+J15/36.7 -> 841.19891 | Q15: =+K15/36.7 -> 549.9455 | R15: =+L15/36.7 -> 12.861035 | S15: =+M15/36.7 -> 134.23252 | T15: =SUM('[2]River Analysis'!$AB$6:$AB8) -> 968.6921 | U15: =SUM('[2]River Analysis'!$AJ$6:$AJ8) -> 2711.4843
C16: 49 | D16: =+[1]Total!A363 -> 41179 | E16: =+E15+E$66 -> 19505.6 | F16: =+F15+F$66 -> 319.43529 | G16: =+US!F334 -> 23467.9 | H16: =+US!D334 -> 2052.6 | I16: =+G16-H16 -> 21415.3 | J16: =SUM('[2]River Analysis'!$G$6:$G9) -> 55413 | K16: =SUM('[2]River Analysis'!P$6:$P9) -> 30712.333 | L16: =SUM('[2]River Analysis'!$D$6:$D9) -> 12024 | M16: =SUM('[2]River Analysis'!$M$6:$M9) -> 5763.6667 | N16: =SUM('[2]River Analysis'!$J$6:$J9) -> 77415 | O16: =SUM('[2]River Analysis'!$S$6:$S9) -> 42867 | P16: =+J16/36.7 -> 1509.891 | Q16: =+K16/36.7 -> 836.84832 | R16: =+L16/36.7 -> 327.62943 | S16: =+M16/36.7 -> 157.04814 | T16: =SUM('[2]River Analysis'!$AB$6:$AB9) -> 2109.4005 | U16: =SUM('[2]River Analysis'!$AJ$6:$AJ9) -> 3607.8117
C17: 48 | D17: =+[1]Total!A364 -> 41186 | E17: =+E16+E$66 -> 19099.233 | F17: =+F16+F$66 -> 312.78039 | G17: =+US!F335 -> 23968.5 | H17: =+US!D335 -> 3231.6 | I17: =+G17-H17 -> 20736.9 | J17: =SUM('[2]River Analysis'!$G$6:$G10) -> 75762 | K17: =SUM('[2]River Analysis'!P$6:$P10) -> 43113 | L17: =SUM('[2]River Analysis'!$D$6:$D10) -> 28978 | M17: =SUM('[2]River Analysis'!$M$6:$M10) -> 6525.6667 | N17: =SUM('[2]River Analysis'!$J$6:$J10) -> 123160 | O17: =SUM('[2]River Analysis'!$S$6:$S10) -> 59254.333 | P17: =+J17/36.7 -> 2064.3597 | Q17: =+K17/36.7 -> 1174.7411 | R17: =+L17/36.7 -> 789.59128 | S17: =+M17/36.7 -> 177.81108 | T17: =SUM('[2]River Analysis'!$AB$6:$AB10) -> 3355.8583 | U17: =SUM('[2]River Analysis'!$AJ$6:$AJ10) -> 4569.754
C18: 47 | D18: =+[1]Total!A365 -> 41193 | E18: =+E17+E$66 -> 18692.867 | F18: =+F17+F$66 -> 306.12549 | G18: =+US!F336 -> 24491.8 | H18: =+US!D336 -> 4701.4 | I18: =+G18-H18 -> 19790.4 | J18: =SUM('[2]River Analysis'!$G$6:$G11) -> 100605 | K18: =SUM('[2]River Analysis'!P$6:$P11) -> 58186.667 | L18: =SUM('[2]River Analysis'!$D$6:$D11) -> 49830 | M18: =SUM('[2]River Analysis'!$M$6:$M11) -> 15602 | N18: =SUM('[2]River Analysis'!$J$6:$J11) -> 181231 | O18: =SUM('[2]River Analysis'!$S$6:$S11) -> 91977.667 | P18: =+J18/36.7 -> 2741.2807 | Q18: =+K18/36.7 -> 1585.4678 | R18: =+L18/36.7 -> 1357.7657 | S18: =+M18/36.7 -> 425.12262 | T18: =SUM('[2]River Analysis'!$AB$6:$AB11) -> 4938.1744 | U18: =SUM('[2]River Analysis'!$AJ$6:$AJ11) -> 5329.1009
