Workbook
Name Calc: Calculations!$A$10:$W$19
Name Costs: Calculations!$A$26:$N$35
Name perpound: Calculations!#REF!
Name perpound: #REF!
Name perpound: #REF!
Name perpound: #REF!

Sheet Feed Cost Calculator
C16: Feed Cost Cow-Q-lator
C19: Written by
C20: Matt Stockton
C21: Roger Wilson
C23: University of Nebraska - West Central Research and Extension Center
C24: North Platte, NE 69101

Sheet Instructions
B3: The Purpose
B8: Objective 1
B13: Objective 2
B16: Step 1
B21: Step 2
B25: Step 3

Sheet F1
B1: 1 | J1: Purchased Cost of Nutrient
B2: Inputs
K3: $ | L3: =IF(E12=0,"",IF(L7="","",L7/E12)) -> 1.0683761 | M3: per pound of Crude Protein
C4: What is the name of this feed? | E4: Grass Hay (Premium) | AH4: Feed | AI4: Price per Unit | AJ4: lbs per unit | AK4: %DM | AL4: CP | AM4: TDN | AQ4: Rate per mile | AR4: miles | AS4: Units per load | AU4: Waste (per cent) | AW4: Price per Unit | AX4: Waste (per cent) | AZ4: Price per Unit | BA4: Waste (per cent) | BB4: Units consumed
K5: $ | L5: =IF(E14=0,"",IF(L7="","",L7/E14)) -> 0.24366472 | M5: per pound of TDN
C6: How much does this feed cost? | D6: $ | E6: 250 | AG6: 1 | AH6: =E4 -> Grass Hay (Premium) | AI6: =E6 -> 250 | AJ6: =E8 -> 2000 | AK6: =E10 -> 0.9 | AL6: =E12 -> 0.13 | AM6: =E14 -> 0.57 | AQ6: =E18 -> 4.5 | AR6: =E16 -> 100 | AS6: =E20 -> 20 | AU6: =E22 -> 0.01 | AW6: =E24 -> 1 | AX6: =E26 -> 0.02 | AZ6: =E28 -> 5 | BA6: =E30 -> 0.1
K7: $ | L7: =IF(E8=0,"",IF(E10=0,"",$E$6/$E$8/$E$10)) -> 0.13888889 | M7: per pound of DM
C8: The above price is for how many pounds of feed? | E8: 2000 | F8: pounds per unit
C10: What is the percent dry matter? | E10: 0.9 | J10: Delivered Cost of Nutrient
C12: What is the percent Crude Protein (on a DM basis) | E12: 0.13 | K12: $ | L12: =IF(E12=0,"",IF(L16="","",L16/E12)) -> 1.1762928 | M12: per pound of Crude Protein
C14: What is the percent TDN (on a DM basis) | E14: 0.57 | K14: $ | L14: =IF(E14=0,"",IF(L16="","",L16/E14)) -> 0.26827732 | M14: per pound of TDN
C16: How far will this feed be transported? | E16: 100 | F16: miles | K16: $ | L16: =IF(E8=0,"",IF(E10=0,"",($E$6+$E$16*IF($E$20="",0,IF(E20=0,0,$E$18/E20)))/$E$8/$E$10/(1-$E$22))) -> 0.15291807 | M16: per pound of DM
C18: What is the cost per loaded mile? | D18: $ | E18: 4.5 | F18: per mile
J19: Fed Cost of Nutrient
C20: =CONCATENATE("How many ",$F$20,"s are hauled per load?") -> How many tons are hauled per load? | E20: 20 | F20: =IF(E8=2000,"ton",IF(E8=100,"hundredweight",IF(E8>31,IF(E8<71,"bushel","unit"),"unit"))) -> ton
K21: $ | L21: =IF(E12=0,"",IF(L25="","",L25/E12)) -> 1.2046595 | M21: per pound of Crude Protein
C22: How much of the feed will be lost in hauling? | E22: 0.01
K23: $ | L23: =IF(E14=0,"",IF(L25="","",L25/E14)) -> 0.27474691 | M23: per pound of TDN
C24: How much will it cost to store this feed? | D24: $ | E24: 1 | F24: =CONCATENATE("per ",$F$20) -> per ton
K25: $ | L25: =IF(E8=0,"",IF(E10=0,"",IF(E20=0,"",(E6+E16*E18/E20+E24*(1-E22))/E8/E10/(1-E22)/(1-E26)))) -> 0.15660574 | M25: per pound of DM
C26: How much of the feed will be lost in storage? | E26: 0.02
C28: How much will it cost to feed this feed? | D28: $ | E28: 5 | F28: =CONCATENATE("per ",$F$20) -> per ton | J28: Consumed Cost of Nutrient
C30: How much will be lost when feeding? | E30: 0.1 | K30: $ | L30: =IF(E12=0,"",IF(L34="","",L34/E12)) -> 1.3622523 | M30: per pound of Crude Protein
K32: $ | L32: =IF(E14=0,"",IF(L34="","",L34/E14)) -> 0.31068912 | M32: per pound of TDN
K34: $ | L34: =IF(E8=0,"",IF(E10=0,"",IF(E20=0,"",(E6+E16*E18/E20+E24*(1-E22)+E28*(1-E22)*(1-E26))/E8/E10/(1-E22)/(1-E26)/(1-E30)))) -> 0.1770928 | M34: per pound of DM

Sheet F2
B1: 2 | J1: Purchased Cost of Nutrient
B2: Inputs
K3: $ | L3: =IF(E12=0,"",IF(L7="","",L7/E12)) -> 1.010101 | M3: per pound of Crude Protein
C4: What is the name of this feed? | E4: Grass Hay | AH4: Feed | AI4: Price per Unit | AJ4: lbs per unit | AK4: %DM | AL4: CP | AM4: TDN | AQ4: Rate per mile | AR4: miles | AS4: Units per load | AU4: Waste (per cent) | AW4: Price per Unit | AX4: Waste (per cent) | AZ4: Price per Unit | BA4: Waste (per cent) | BB4: Units consumed
K5: $ | L5: =IF(E14=0,"",IF(L7="","",L7/E14)) -> 0.22222222 | M5: per pound of TDN
C6: How much does this feed cost? | D6: $ | E6: 200 | AG6: 1 | AH6: =E4 -> Grass Hay | AI6: =E6 -> 200 | AJ6: =E8 -> 2000 | AK6: =E10 -> 0.9 | AL6: =E12 -> 0.11 | AM6: =E14 -> 0.5 | AQ6: =E18 -> 4.5 | AR6: =E16 -> 50 | AS6: =E20 -> 20 | AU6: =E22 -> 0.01 | AW6: =E24 -> 1 | AX6: =E26 -> 0.02 | AZ6: =E28 -> 5 | BA6: =E30 -> 0.15
K7: $ | L7: =IF(E8=0,"",IF(E10=0,"",$E$6/$E$8/$E$10)) -> 0.11111111 | M7: per pound of DM
C8: The above price is for how many pounds of feed? | E8: 2000 | F8: pounds per unit
C10: What is the percent dry matter? | E10: 0.9 | J10: Delivered Cost of Nutrient
C12: What is the percent Crude Protein (on a DM basis) | E12: 0.11 | K12: $ | L12: =IF(E12=0,"",IF(L16="","",L16/E12)) -> 1.0776962 | M12: per pound of Crude Protein
C14: What is the percent TDN (on a DM basis) | E14: 0.5 | K14: $ | L14: =IF(E14=0,"",IF(L16="","",L16/E14)) -> 0.23709315 | M14: per pound of TDN
C16: How far will this feed be transported? | E16: 50 | F16: miles | K16: $ | L16: =IF(E8=0,"",IF(E10=0,"",($E$6+$E$16*IF($E$20="",0,IF(E20=0,0,$E$18/E20)))/$E$8/$E$10/(1-$E$22))) -> 0.11854658 | M16: per pound of DM
C18: What is the cost per loaded mile? | D18: $ | E18: 4.5 | F18: per mile
J19: Fed Cost of Nutrient
C20: =CONCATENATE("How many ",$F$20,"s are hauled per load?") -> How many tons are hauled per load? | E20: 20 | F20: =IF(E8=2000,"ton",IF(E8=100,"hundredweight",IF(E8>31,IF(E8<71,"bushel","unit"),"unit"))) -> ton
K21: $ | L21: =IF(E12=0,"",IF(L25="","",L25/E12)) -> 1.1048435 | M21: per pound of Crude Protein
C22: How much of the feed will be lost in hauling? | E22: 0.01
K23: $ | L23: =IF(E14=0,"",IF(L25="","",L25/E14)) -> 0.24306558 | M23: per pound of TDN
C24: How much will it cost to store this feed? | D24: $ | E24: 1 | F24: =CONCATENATE("per ",$F$20) -> per ton
K25: $ | L25: =IF(E8=0,"",IF(E10=0,"",IF(E20=0,"",(E6+E16*E18/E20+E24*(1-E22))/E8/E10/(1-E22)/(1-E26)))) -> 0.12153279 | M25: per pound of DM
C26: How much of the feed will be lost in storage? | E26: 0.02
C28: How much will it cost to feed this feed? | D28: $ | E28: 5 | F28: =CONCATENATE("per ",$F$20) -> per ton | J28: Consumed Cost of Nutrient
C30: How much will be lost when feeding? | E30: 0.15 | K30: $ | L30: =IF(E12=0,"",IF(L34="","",L34/E12)) -> 1.3295248 | M30: per pound of Crude Protein
K32: $ | L32: =IF(E14=0,"",IF(L34="","",L34/E14)) -> 0.29249545 | M32: per pound of TDN
K34: $ | L34: =IF(E8=0,"",IF(E10=0,"",IF(E20=0,"",(E6+E16*E18/E20+E24*(1-E22)+E28*(1-E22)*(1-E26))/E8/E10/(1-E22)/(1-E26)/(1-E30)))) -> 0.14624772 | M34: per pound of DM

Sheet F3
B1: 3 | J1: Purchased Cost of Nutrient
B2: Inputs
K3: $ | L3: =IF(E12=0,"",IF(L7="","",L7/E12)) -> 0.9057971 | M3: per pound of Crude Protein
C4: What is the name of this feed? | E4: Alfalfa Hay (Good) | AH4: Feed | AI4: Price per Unit | AJ4: lbs per unit | AK4: %DM | AL4: CP | AM4: TDN | AQ4: Rate per mile | AR4: miles | AS4: Units per load | AU4: Waste (per cent) | AW4: Price per Unit | AX4: Waste (per cent) | AZ4: Price per Unit | BA4: Waste (per cent) | BB4: Units consumed
K5: $ | L5: =IF(E14=0,"",IF(L7="","",L7/E14)) -> 0.28248588 | M5: per pound of TDN
C6: How much does this feed cost? | D6: $ | E6: 300 | AG6: 1 | AH6: =E4 -> Alfalfa Hay (Good) | AI6: =E6 -> 300 | AJ6: =E8 -> 2000 | AK6: =E10 -> 0.9 | AL6: =E12 -> 0.184 | AM6: =E14 -> 0.59 | AQ6: =E18 -> 4.5 | AR6: =E16 -> 80 | AS6: =E20 -> 20 | AU6: =E22 -> 0.005 | AW6: =E24 -> 1 | AX6: =E26 -> 0.01 | AZ6: =E28 -> 7 | BA6: =E30 -> 0.1
K7: $ | L7: =IF(E8=0,"",IF(E10=0,"",$E$6/$E$8/$E$10)) -> 0.16666667 | M7: per pound of DM
C8: The above price is for how many pounds of feed? | E8: 2000 | F8: pounds per unit
C10: What is the percent dry matter? | E10: 0.9 | J10: Delivered Cost of Nutrient
C12: What is the percent Crude Protein (on a DM basis) | E12: 0.184 | K12: $ | L12: =IF(E12=0,"",IF(L16="","",L16/E12)) -> 0.96496978 | M12: per pound of Crude Protein
C14: What is the percent TDN (on a DM basis) | E14: 0.59 | K14: $ | L14: =IF(E14=0,"",IF(L16="","",L16/E14)) -> 0.30093973 | M14: per pound of TDN
C16: How far will this feed be transported? | E16: 80 | F16: miles | K16: $ | L16: =IF(E8=0,"",IF(E10=0,"",($E$6+$E$16*IF($E$20="",0,IF(E20=0,0,$E$18/E20)))/$E$8/$E$10/(1-$E$22))) -> 0.17755444 | M16: per pound of DM
C18: What is the cost per loaded mile? | D18: $ | E18: 4.5 | F18: per mile
J19: Fed Cost of Nutrient
C20: =CONCATENATE("How many ",$F$20,"s are hauled per load?") -> How many tons are hauled per load? | E20: 20 | F20: =IF(E8=2000,"ton",IF(E8=100,"hundredweight",IF(E8>31,IF(E8<71,"bushel","unit"),"unit"))) -> ton
K21: $ | L21: =IF(E12=0,"",IF(L25="","",L25/E12)) -> 0.97776677 | M21: per pound of Crude Protein
C22: How much of the feed will be lost in hauling? | E22: 0.005
K23: $ | L23: =IF(E14=0,"",IF(L25="","",L25/E14)) -> 0.30493065 | M23: per pound of TDN
C24: How much will it cost to store this feed? | D24: $ | E24: 1 | F24: =CONCATENATE("per ",$F$20) -> per ton
K25: $ | L25: =IF(E8=0,"",IF(E10=0,"",IF(E20=0,"",(E6+E16*E18/E20+E24*(1-E22))/E8/E10/(1-E22)/(1-E26)))) -> 0.17990909 | M25: per pound of DM
C26: How much of the feed will be lost in storage? | E26: 0.01
C28: How much will it cost to feed this feed? | D28: $ | E28: 7 | F28: =CONCATENATE("per ",$F$20) -> per ton | J28: Consumed Cost of Nutrient
C30: How much will be lost when feeding? | E30: 0.1 | K30: $ | L30: =IF(E12=0,"",IF(L34="","",L34/E12)) -> 1.1098911 | M30: per pound of Crude Protein
K32: $ | L32: =IF(E14=0,"",IF(L34="","",L34/E14)) -> 0.34613554 | M32: per pound of TDN
K34: $ | L34: =IF(E8=0,"",IF(E10=0,"",IF(E20=0,"",(E6+E16*E18/E20+E24*(1-E22)+E28*(1-E22)*(1-E26))/E8/E10/(1-E22)/(1-E26)/(1-E30)))) -> 0.20421997 | M34: per pound of DM

Sheet F4
B1: 4 | J1: Purchased Cost of Nutrient
B2: Inputs
K3: $ | L3: =IF(E12=0,"",IF(L7="","",L7/E12)) -> 0.041035354 | M3: per pound of Crude Protein
C4: What is the name of this feed? | E4: Corn | AH4: Feed | AI4: Price per Unit | AJ4: lbs per unit | AK4: %DM | AL4: CP | AM4: TDN | AQ4: Rate per mile | AR4: miles | AS4: Units per load | AU4: Waste (per cent) | AW4: Price per Unit | AX4: Waste (per cent) | AZ4: Price per Unit | BA4: Waste (per cent) | BB4: Units consumed
K5: $ | L5: =IF(E14=0,"",IF(L7="","",L7/E14)) -> 0.00479634 | M5: per pound of TDN
C6: How much does this feed cost? | D6: $ | E6: 6.5 | AG6: 1 | AH6: =E4 -> Corn | AI6: =E6 -> 6.5 | AJ6: =E8 -> 2000 | AK6: =E10 -> 0.88 | AL6: =E12 -> 0.09 | AM6: =E14 -> 0.77 | AQ6: =E18 -> 5 | AR6: =E16 -> 60 | AS6: =E20 -> 900 | AU6: =E22 -> 0.005 | AW6: =E24 -> 0.25 | AX6: =E26 -> 0.02 | AZ6: =E28 -> 0.1 | BA6: =E30 -> 0.05
K7: $ | L7: =IF(E8=0,"",IF(E10=0,"",$E$6/$E$8/$E$10)) -> 0.0036931818 | M7: per pound of DM
C8: The above price is for how many pounds of feed? | E8: 2000 | F8: pounds per unit
C10: What is the percent dry matter? | E10: 0.88 | J10: Delivered Cost of Nutrient
C12: What is the percent Crude Protein (on a DM basis) | E12: 0.09 | K12: $ | L12: =IF(E12=0,"",IF(L16="","",L16/E12)) -> 0.043356513 | M12: per pound of Crude Protein
C14: What is the percent TDN (on a DM basis) | E14: 0.77 | K14: $ | L14: =IF(E14=0,"",IF(L16="","",L16/E14)) -> 0.0050676444 | M14: per pound of TDN
C16: How far will this feed be transported? | E16: 60 | F16: miles | K16: $ | L16: =IF(E8=0,"",IF(E10=0,"",($E$6+$E$16*IF($E$20="",0,IF(E20=0,0,$E$18/E20)))/$E$8/$E$10/(1-$E$22))) -> 0.0039020862 | M16: per pound of DM
C18: What is the cost per loaded mile? | D18: $ | E18: 5 | F18: per mile
J19: Fed Cost of Nutrient
C20: =CONCATENATE("How many ",$F$20,"s are hauled per load?") -> How many tons are hauled per load? | E20: 900 | F20: =IF(E8=2000,"ton",IF(E8=100,"hundredweight",IF(E8>31,IF(E8<71,"bushel","unit"),"unit"))) -> ton
K21: $ | L21: =IF(E12=0,"",IF(L25="","",L25/E12)) -> 0.045851833 | M21: per pound of Crude Protein
C22: How much of the feed will be lost in hauling? | E22: 0.005
K23: $ | L23: =IF(E14=0,"",IF(L25="","",L25/E14)) -> 0.0053593051 | M23: per pound of TDN
C24: How much will it cost to store this feed? | D24: $ | E24: 0.25 | F24: =CONCATENATE("per ",$F$20) -> per ton
K25: $ | L25: =IF(E8=0,"",IF(E10=0,"",IF(E20=0,"",(E6+E16*E18/E20+E24*(1-E22))/E8/E10/(1-E22)/(1-E26)))) -> 0.0041266649 | M25: per pound of DM
C26: How much of the feed will be lost in storage? | E26: 0.02
C28: How much will it cost to feed this feed? | D28: $ | E28: 0.1 | F28: =CONCATENATE("per ",$F$20) -> per ton | J28: Consumed Cost of Nutrient
C30: How much will be lost when feeding? | E30: 0.05 | K30: $ | L30: =IF(E12=0,"",IF(L34="","",L34/E12)) -> 0.048929627 | M30: per pound of Crude Protein
K32: $ | L32: =IF(E14=0,"",IF(L34="","",L34/E14)) -> 0.0057190473 | M32: per pound of TDN
K34: $ | L34: =IF(E8=0,"",IF(E10=0,"",IF(E20=0,"",(E6+E16*E18/E20+E24*(1-E22)+E28*(1-E22)*(1-E26))/E8/E10/(1-E22)/(1-E26)/(1-E30)))) -> 0.0044036664 | M34: per pound of DM

Sheet F5
B1: 5 | J1: Purchased Cost of Nutrient
B2: Inputs
K3: $ | L3: =IF(E12=0,"",IF(L7="","",L7/E12)) | M3: per pound of Crude Protein
C4: What is the name of this feed? | AH4: Feed | AI4: Price per Unit | AJ4: lbs per unit | AK4: %DM | AL4: CP | AM4: TDN | AQ4: Rate per mile | AR4: miles | AS4: Units per load | AU4: Waste (per cent) | AW4: Price per Unit | AX4: Waste (per cent) | AZ4: Price per Unit | BA4: Waste (per cent) | BB4: Units consumed
K5: $ | L5: =IF(E14=0,"",IF(L7="","",L7/E14)) | M5: per pound of TDN
C6: How much does this feed cost? | D6: $ | AG6: 1 | AH6: =E4 -> 0 | AI6: =E6 -> 0 | AJ6: =E8 -> 2000 | AK6: =E10 -> 0 | AL6: =E12 -> 0 | AM6: =E14 -> 0 | AQ6: =E18 -> 0 | AR6: =E16 -> 0 | AS6: =E20 -> 0 | AU6: =E22 -> 0 | AW6: =E24 -> 0 | AX6: =E26 -> 0 | AZ6: =E28 -> 0 | BA6: =E30 -> 0
K7: $ | L7: =IF(E8=0,"",IF(E10=0,"",$E$6/$E$8/$E$10)) | M7: per pound of DM
C8: The above price is for how many pounds of feed? | E8: 2000 | F8: pounds per unit
C10: What is the percent dry matter? | J10: Delivered Cost of Nutrient
C12: What is the percent Crude Protein (on a DM basis) | K12: $ | L12: =IF(E12=0,"",IF(L16="","",L16/E12)) | M12: per pound of Crude Protein
C14: What is the percent TDN (on a DM basis) | K14: $ | L14: =IF(E14=0,"",IF(L16="","",L16/E14)) | M14: per pound of TDN
C16: How far will this feed be transported? | F16: miles | K16: $ | L16: =IF(E8=0,"",IF(E10=0,"",($E$6+$E$16*IF($E$20="",0,IF(E20=0,0,$E$18/E20)))/$E$8/$E$10/(1-$E$22))) | M16: per pound of DM
C18: What is the cost per loaded mile? | D18: $ | F18: per mile
J19: Fed Cost of Nutrient
C20: =CONCATENATE("How many ",$F$20,"s are hauled per load?") -> How many tons are hauled per load? | F20: =IF(E8=2000,"ton",IF(E8=100,"hundredweight",IF(E8>31,IF(E8<71,"bushel","unit"),"unit"))) -> ton
K21: $ | L21: =IF(E12=0,"",IF(L25="","",L25/E12)) | M21: per pound of Crude Protein
C22: How much of the feed will be lost in hauling?
K23: $ | L23: =IF(E14=0,"",IF(L25="","",L25/E14)) | M23: per pound of TDN
C24: How much will it cost to store this feed? | D24: $ | F24: =CONCATENATE("per ",$F$20) -> per ton
K25: $ | L25: =IF(E8=0,"",IF(E10=0,"",IF(E20=0,"",(E6+E16*E18/E20+E24*(1-E22))/E8/E10/(1-E22)/(1-E26)))) | M25: per pound of DM
C26: How much of the feed will be lost in storage?
C28: How much will it cost to feed this feed? | D28: $ | F28: =CONCATENATE("per ",$F$20) -> per ton | J28: Consumed Cost of Nutrient
C30: How much will be lost when feeding? | K30: $ | L30: =IF(E12=0,"",IF(L34="","",L34/E12)) | M30: per pound of Crude Protein
K32: $ | L32: =IF(E14=0,"",IF(L34="","",L34/E14)) | M32: per pound of TDN
K34: $ | L34: =IF(E8=0,"",IF(E10=0,"",IF(E20=0,"",(E6+E16*E18/E20+E24*(1-E22)+E28*(1-E22)*(1-E26))/E8/E10/(1-E22)/(1-E26)/(1-E30)))) | M34: per pound of DM

Sheet F6
B1: 6 | J1: Purchased Cost of Nutrient
B2: Inputs
K3: $ | L3: =IF(E12=0,"",IF(L7="","",L7/E12)) | M3: per pound of Crude Protein
C4: What is the name of this feed? | AH4: Feed | AI4: Price per Unit | AJ4: lbs per unit | AK4: %DM | AL4: CP | AM4: TDN | AQ4: Rate per mile | AR4: miles | AS4: Units per load | AU4: Waste (per cent) | AW4: Price per Unit | AX4: Waste (per cent) | AZ4: Price per Unit | BA4: Waste (per cent) | BB4: Units consumed
K5: $ | L5: =IF(E14=0,"",IF(L7="","",L7/E14)) | M5: per pound of TDN
C6: How much does this feed cost? | D6: $ | AG6: 1 | AH6: =E4 -> 0 | AI6: =E6 -> 0 | AJ6: =E8 -> 2000 | AK6: =E10 -> 0 | AL6: =E12 -> 0 | AM6: =E14 -> 0 | AQ6: =E18 -> 0 | AR6: =E16 -> 0 | AS6: =E20 -> 0 | AU6: =E22 -> 0 | AW6: =E24 -> 0 | AX6: =E26 -> 0 | AZ6: =E28 -> 0 | BA6: =E30 -> 0
K7: $ | L7: =IF(E8=0,"",IF(E10=0,"",$E$6/$E$8/$E$10)) | M7: per pound of DM
C8: The above price is for how many pounds of feed? | E8: 2000 | F8: pounds per unit
C10: What is the percent dry matter? | J10: Delivered Cost of Nutrient
C12: What is the percent Crude Protein (on a DM basis) | K12: $ | L12: =IF(E12=0,"",IF(L16="","",L16/E12)) | M12: per pound of Crude Protein
C14: What is the percent TDN (on a DM basis) | K14: $ | L14: =IF(E14=0,"",IF(L16="","",L16/E14)) | M14: per pound of TDN
C16: How far will this feed be transported? | F16: miles | K16: $ | L16: =IF(E8=0,"",IF(E10=0,"",($E$6+$E$16*IF($E$20="",0,IF(E20=0,0,$E$18/E20)))/$E$8/$E$10/(1-$E$22))) | M16: per pound of DM
C18: What is the cost per loaded mile? | D18: $ | F18: per mile
J19: Fed Cost of Nutrient
C20: =CONCATENATE("How many ",$F$20,"s are hauled per load?") -> How many tons are hauled per load? | F20: =IF(E8=2000,"ton",IF(E8=100,"hundredweight",IF(E8>31,IF(E8<71,"bushel","unit"),"unit"))) -> ton
K21: $ | L21: =IF(E12=0,"",IF(L25="","",L25/E12)) | M21: per pound of Crude Protein
C22: How much of the feed will be lost in hauling?
K23: $ | L23: =IF(E14=0,"",IF(L25="","",L25/E14)) | M23: per pound of TDN
C24: How much will it cost to store this feed? | D24: $ | F24: =CONCATENATE("per ",$F$20) -> per ton
K25: $ | L25: =IF(E8=0,"",IF(E10=0,"",IF(E20=0,"",(E6+E16*E18/E20+E24*(1-E22))/E8/E10/(1-E22)/(1-E26)))) | M25: per pound of DM
C26: How much of the feed will be lost in storage?
C28: How much will it cost to feed this feed? | D28: $ | F28: =CONCATENATE("per ",$F$20) -> per ton | J28: Consumed Cost of Nutrient
C30: How much will be lost when feeding? | K30: $ | L30: =IF(E12=0,"",IF(L34="","",L34/E12)) | M30: per pound of Crude Protein
K32: $ | L32: =IF(E14=0,"",IF(L34="","",L34/E14)) | M32: per pound of TDN
K34: $ | L34: =IF(E8=0,"",IF(E10=0,"",IF(E20=0,"",(E6+E16*E18/E20+E24*(1-E22)+E28*(1-E22)*(1-E26))/E8/E10/(1-E22)/(1-E26)/(1-E30)))) | M34: per pound of DM

Sheet F7
B1: 7 | J1: Purchased Cost of Nutrient
B2: Inputs
K3: $ | L3: =IF(E12=0,"",IF(L7="","",L7/E12)) | M3: per pound of Crude Protein
C4: What is the name of this feed? | AH4: Feed | AI4: Price per Unit | AJ4: lbs per unit | AK4: %DM | AL4: CP | AM4: TDN | AQ4: Rate per mile | AR4: miles | AS4: Units per load | AU4: Waste (per cent) | AW4: Price per Unit | AX4: Waste (per cent) | AZ4: Price per Unit | BA4: Waste (per cent) | BB4: Units consumed
K5: $ | L5: =IF(E14=0,"",IF(L7="","",L7/E14)) | M5: per pound of TDN
C6: How much does this feed cost? | D6: $ | AG6: 1 | AH6: =E4 -> 0 | AI6: =E6 -> 0 | AJ6: =E8 -> 2000 | AK6: =E10 -> 0 | AL6: =E12 -> 0 | AM6: =E14 -> 0 | AQ6: =E18 -> 0 | AR6: =E16 -> 0 | AS6: =E20 -> 0 | AU6: =E22 -> 0 | AW6: =E24 -> 0 | AX6: =E26 -> 0 | AZ6: =E28 -> 0 | BA6: =E30 -> 0
K7: $ | L7: =IF(E8=0,"",IF(E10=0,"",$E$6/$E$8/$E$10)) | M7: per pound of DM
C8: The above price is for how many pounds of feed? | E8: 2000 | F8: pounds per unit
C10: What is the percent dry matter? | J10: Delivered Cost of Nutrient
C12: What is the percent Crude Protein (on a DM basis) | K12: $ | L12: =IF(E12=0,"",IF(L16="","",L16/E12)) | M12: per pound of Crude Protein
C14: What is the percent TDN (on a DM basis) | K14: $ | L14: =IF(E14=0,"",IF(L16="","",L16/E14)) | M14: per pound of TDN
C16: How far will this feed be transported? | F16: miles | K16: $ | L16: =IF(E8=0,"",IF(E10=0,"",($E$6+$E$16*IF($E$20="",0,IF(E20=0,0,$E$18/E20)))/$E$8/$E$10/(1-$E$22))) | M16: per pound of DM
C18: What is the cost per loaded mile? | D18: $ | F18: per mile
J19: Fed Cost of Nutrient
C20: =CONCATENATE("How many ",$F$20,"s are hauled per load?") -> How many tons are hauled per load? | F20: =IF(E8=2000,"ton",IF(E8=100,"hundredweight",IF(E8>31,IF(E8<71,"bushel","unit"),"unit"))) -> ton
K21: $ | L21: =IF(E12=0,"",IF(L25="","",L25/E12)) | M21: per pound of Crude Protein
C22: How much of the feed will be lost in hauling?
K23: $ | L23: =IF(E14=0,"",IF(L25="","",L25/E14)) | M23: per pound of TDN
C24: How much will it cost to store this feed? | D24: $ | F24: =CONCATENATE("per ",$F$20) -> per ton
K25: $ | L25: =IF(E8=0,"",IF(E10=0,"",IF(E20=0,"",(E6+E16*E18/E20+E24*(1-E22))/E8/E10/(1-E22)/(1-E26)))) | M25: per pound of DM
C26: How much of the feed will be lost in storage?
C28: How much will it cost to feed this feed? | D28: $ | F28: =CONCATENATE("per ",$F$20) -> per ton | J28: Consumed Cost of Nutrient
C30: How much will be lost when feeding? | K30: $ | L30: =IF(E12=0,"",IF(L34="","",L34/E12)) | M30: per pound of Crude Protein
K32: $ | L32: =IF(E14=0,"",IF(L34="","",L34/E14)) | M32: per pound of TDN
K34: $ | L34: =IF(E8=0,"",IF(E10=0,"",IF(E20=0,"",(E6+E16*E18/E20+E24*(1-E22)+E28*(1-E22)*(1-E26))/E8/E10/(1-E22)/(1-E26)/(1-E30)))) | M34: per pound of DM

Sheet F8
B1: 8 | J1: Purchased Cost of Nutrient
B2: Inputs
K3: $ | L3: =IF(E12=0,"",IF(L7="","",L7/E12)) | M3: per pound of Crude Protein
C4: What is the name of this feed? | AH4: Feed | AI4: Price per Unit | AJ4: lbs per unit | AK4: %DM | AL4: CP | AM4: TDN | AQ4: Rate per mile | AR4: miles | AS4: Units per load | AU4: Waste (per cent) | AW4: Price per Unit | AX4: Waste (per cent) | AZ4: Price per Unit | BA4: Waste (per cent) | BB4: Units consumed
K5: $ | L5: =IF(E14=0,"",IF(L7="","",L7/E14)) | M5: per pound of TDN
C6: How much does this feed cost? | D6: $ | AG6: 1 | AH6: =E4 -> 0 | AI6: =E6 -> 0 | AJ6: =E8 -> 2000 | AK6: =E10 -> 0 | AL6: =E12 -> 0 | AM6: =E14 -> 0 | AQ6: =E18 -> 0 | AR6: =E16 -> 0 | AS6: =E20 -> 0 | AU6: =E22 -> 0 | AW6: =E24 -> 0 | AX6: =E26 -> 0 | AZ6: =E28 -> 0 | BA6: =E30 -> 0
K7: $ | L7: =IF(E8=0,"",IF(E10=0,"",$E$6/$E$8/$E$10)) | M7: per pound of DM
C8: The above price is for how many pounds of feed? | E8: 2000 | F8: pounds per unit
C10: What is the percent dry matter? | J10: Delivered Cost of Nutrient
C12: What is the percent Crude Protein (on a DM basis) | K12: $ | L12: =IF(E12=0,"",IF(L16="","",L16/E12)) | M12: per pound of Crude Protein
C14: What is the percent TDN (on a DM basis) | K14: $ | L14: =IF(E14=0,"",IF(L16="","",L16/E14)) | M14: per pound of TDN
C16: How far will this feed be transported? | F16: miles | K16: $ | L16: =IF(E8=0,"",IF(E10=0,"",($E$6+$E$16*IF($E$20="",0,IF(E20=0,0,$E$18/E20)))/$E$8/$E$10/(1-$E$22))) | M16: per pound of DM
C18: What is the cost per loaded mile? | D18: $ | F18: per mile
J19: Fed Cost of Nutrient
C20: =CONCATENATE("How many ",$F$20,"s are hauled per load?") -> How many tons are hauled per load? | F20: =IF(E8=2000,"ton",IF(E8=100,"hundredweight",IF(E8>31,IF(E8<71,"bushel","unit"),"unit"))) -> ton
K21: $ | L21: =IF(E12=0,"",IF(L25="","",L25/E12)) | M21: per pound of Crude Protein
C22: How much of the feed will be lost in hauling?
K23: $ | L23: =IF(E14=0,"",IF(L25="","",L25/E14)) | M23: per pound of TDN
C24: How much will it cost to store this feed? | D24: $ | F24: =CONCATENATE("per ",$F$20) -> per ton
K25: $ | L25: =IF(E8=0,"",IF(E10=0,"",IF(E20=0,"",(E6+E16*E18/E20+E24*(1-E22))/E8/E10/(1-E22)/(1-E26)))) | M25: per pound of DM
C26: How much of the feed will be lost in storage?
C28: How much will it cost to feed this feed? | D28: $ | F28: =CONCATENATE("per ",$F$20) -> per ton | J28: Consumed Cost of Nutrient
C30: How much will be lost when feeding? | K30: $ | L30: =IF(E12=0,"",IF(L34="","",L34/E12)) | M30: per pound of Crude Protein
K32: $ | L32: =IF(E14=0,"",IF(L34="","",L34/E14)) | M32: per pound of TDN
K34: $ | L34: =IF(E8=0,"",IF(E10=0,"",IF(E20=0,"",(E6+E16*E18/E20+E24*(1-E22)+E28*(1-E22)*(1-E26))/E8/E10/(1-E22)/(1-E26)/(1-E30)))) | M34: per pound of DM

Sheet F9
B1: 9 | J1: Purchased Cost of Nutrient
B2: Inputs
K3: $ | L3: =IF(E12=0,"",IF(L7="","",L7/E12)) | M3: per pound of Crude Protein
C4: What is the name of this feed? | AH4: Feed | AI4: Price per Unit | AJ4: lbs per unit | AK4: %DM | AL4: CP | AM4: TDN | AQ4: Rate per mile | AR4: miles | AS4: Units per load | AU4: Waste (per cent) | AW4: Price per Unit | AX4: Waste (per cent) | AZ4: Price per Unit | BA4: Waste (per cent) | BB4: Units consumed
K5: $ | L5: =IF(E14=0,"",IF(L7="","",L7/E14)) | M5: per pound of TDN
C6: How much does this feed cost? | D6: $ | AG6: 1 | AH6: =E4 -> 0 | AI6: =E6 -> 0 | AJ6: =E8 -> 2000 | AK6: =E10 -> 0 | AL6: =E12 -> 0 | AM6: =E14 -> 0 | AQ6: =E18 -> 0 | AR6: =E16 -> 0 | AS6: =E20 -> 0 | AU6: =E22 -> 0 | AW6: =E24 -> 0 | AX6: =E26 -> 0 | AZ6: =E28 -> 0 | BA6: =E30 -> 0
K7: $ | L7: =IF(E8=0,"",IF(E10=0,"",$E$6/$E$8/$E$10)) | M7: per pound of DM
C8: The above price is for how many pounds of feed? | E8: 2000 | F8: pounds per unit
C10: What is the percent dry matter? | J10: Delivered Cost of Nutrient
C12: What is the percent Crude Protein (on a DM basis) | K12: $ | L12: =IF(E12=0,"",IF(L16="","",L16/E12)) | M12: per pound of Crude Protein
C14: What is the percent TDN (on a DM basis) | K14: $ | L14: =IF(E14=0,"",IF(L16="","",L16/E14)) | M14: per pound of TDN
C16: How far will this feed be transported? | F16: miles | K16: $ | L16: =IF(E8=0,"",IF(E10=0,"",($E$6+$E$16*IF($E$20="",0,IF(E20=0,0,$E$18/E20)))/$E$8/$E$10/(1-$E$22))) | M16: per pound of DM
C18: What is the cost per loaded mile? | D18: $ | F18: per mile
J19: Fed Cost of Nutrient
C20: =CONCATENATE("How many ",$F$20,"s are hauled per load?") -> How many tons are hauled per load? | F20: =IF(E8=2000,"ton",IF(E8=100,"hundredweight",IF(E8>31,IF(E8<71,"bushel","unit"),"unit"))) -> ton
K21: $ | L21: =IF(E12=0,"",IF(L25="","",L25/E12)) | M21: per pound of Crude Protein
C22: How much of the feed will be lost in hauling?
K23: $ | L23: =IF(E14=0,"",IF(L25="","",L25/E14)) | M23: per pound of TDN
C24: How much will it cost to store this feed? | D24: $ | F24: =CONCATENATE("per ",$F$20) -> per ton
K25: $ | L25: =IF(E8=0,"",IF(E10=0,"",IF(E20=0,"",(E6+E16*E18/E20+E24*(1-E22))/E8/E10/(1-E22)/(1-E26)))) | M25: per pound of DM
C26: How much of the feed will be lost in storage?
C28: How much will it cost to feed this feed? | D28: $ | F28: =CONCATENATE("per ",$F$20) -> per ton | J28: Consumed Cost of Nutrient
C30: How much will be lost when feeding? | K30: $ | L30: =IF(E12=0,"",IF(L34="","",L34/E12)) | M30: per pound of Crude Protein
K32: $ | L32: =IF(E14=0,"",IF(L34="","",L34/E14)) | M32: per pound of TDN
K34: $ | L34: =IF(E8=0,"",IF(E10=0,"",IF(E20=0,"",(E6+E16*E18/E20+E24*(1-E22)+E28*(1-E22)*(1-E26))/E8/E10/(1-E22)/(1-E26)/(1-E30)))) | M34: per pound of DM

Sheet Cornstalks (10)
B1: Corn Stalks | N1: Cost per Pound of Purchased Nutrient
J2: Calculated Values
B3: FEED AVAILABILITY | C3: Corn yield | F3: 230 | H3: bu/ac | J3: =IF(F3=0,0,((F3*38.2+429)*0.39)*F17) -> 3234.465 | K3: lbs DM per acre
O4: $ | P4: =IF(F19=0,0,P8/$F$19) -> 0.061834028 | Q4: per pound of Crude Protein
C5: Stalk harvest efficiency (50% Recommended) | F5: 0.5 | J5: =J3*F5 -> 1617.2325 | K5: Available DM
O6: $ | P6: =IF(F21=0,0,P8/$F$21) -> 0.0088334326 | Q6: per pound of TDN
C7: Total number of animals | F7: 100 | H7: head
O8: $ | P8: =IF(J3=0,"",F15/J3) -> 0.0049467223 | Q8: per pound of DM
C9: Average animal weight | F9: 1000
C11: Days on corn stalks | F11: 90 | H11: days | J11: =F7*F11*F9/30000 -> 300 | K11: AUMs needed | N11: Cost per Pound of Available Nutrient
C13: Acres rented | F13: 130 | H13: acres | J13: =IF(J5=0,0,J11*V25/J5) -> 130.22246 | K13: Acres needed | O13: $ | P13: =IF(F5=0,0,IF(F19=0,0,P17/$F$19)) -> 0.12366806 | Q13: per pound of Crude Protein
J14: =F15*F13 -> 2080 | K14: Total CS lease
C15: Cost per acre | E15: $ | F15: 16 | H15: per acre | J15: =IF(F7=0,0,IF(F11=0,"",F15*F13/F7/F11)) -> 0.23111111 | K15: per animal per day | O15: $ | P15: =IF(F5=0,0,IF(F21=0,0,P17/$F$21)) -> 0.017666865 | Q15: per pound of TDN
B17: NUTRITION | C17: Percent dry matter | F17: 0.9 | O17: $ | P17: =IF(F5=0,0,P8/$F$5) -> 0.0098934445 | Q17: per pound of DM
C19: Percent crude protein (on a DM basis) | F19: 0.08
N20: Cost per Pound With Cattle Hauling
C21: Percent TDN (on a DM basis) | F21: 0.56
O22: $ | P22: =IF(F19=0,0,IF(P26="",0,P26/$F$19)) -> 0.15934153 | Q22: per pound of Crude Protein
B23: TRANSPORTATION | C23: Cattle transportation distance (ranch to corn field) | F23: 20 | H23: miles
O24: $ | P24: =IF(F21=0,0,IF(P26="",0,P26/$F$21)) -> 0.022763076 | Q24: per pound of TDN
C25: Transportation cost per loaded mile | E25: $ | F25: 5 | H25: per mile | J25: =F23*F25 -> 100 | K25: Cost per trip | V25: 702 | W25: DM/AUM
J26: =IF(F27=0,0,IF(F7=0,"",J27/F7)) -> 6 | K26: Cost per head | O26: $ | P26: =IF(F13=0,0,IF(F5=0,0,IF(F11=0,0,IF(F27=0,P17,IF(F9=0,0,J27/(J5*F13)+P17))))) -> 0.012747323 | Q26: per pound of DM
C27: Animals per load | F27: 35 | J27: =IF(F27=0,0,ROUNDUP(F7/F27,0)*J25*2) -> 600 | K27: Total trans. cost
B29: CARE & SUPERVISION | C29: How far to check cattle (one way) | F29: 15 | H29: miles | N29: Cost per Pound of Nutrient Consumed
C31: Transportation cost per mile to check cattle | E31: $ | F31: 0.45 | H31: per mile | J31: =IF(F7=0,0,J32/F7) -> 1.74 | K31: Cost per head | O31: $ | P31: =IF(F19=0,0,IF(P35="",0,P35/$F$19)) -> 0.16966917 | Q31: per pound of Crude Protein
J32: =J33*F35 -> 174 | K32: Total C&S cost
C33: Other charges (labor) per visit | F33: 30 | J33: =2*F31*F29+F33 -> 43.5 | K33: Cost per trip | O33: $ | P33: =IF(F21=0,0,IF(P35="",0,P35/$F$21)) -> 0.024238453 | Q33: per pound of TDN
C35: Number of supervisory visits | F35: 4 | O35: $ | P35: =IF(F13=0,0,IF(F5=0,0,IF(F11=0,0,IF(F7=0,0,IF(F9=0,"",V35/F9*1000*30/F11/V25+P26))))) -> 0.013573534 | Q35: per pound of DM | V35: =IF(F7=0,0,(((F29*2*F31)+F33)*F35)/F7) -> 1.74 | W35: Supervision Cost per Head
B38: Totals | N38: Data for 'Whole Herd' Calculations
D40: Grand Total | E40: = | F40: Cornstalk Lease | G40: + | H40: Trans. Costs | I40: + | J40: C & S Costs | O40: Lbs / Hd / Day (As Fed) | R40: =IF(F3=0,0,((F3*38.2+429)*0.39)*F13*F5/F7/F11) -> 25.955583
O41: Number of Days Fed | R41: =F11 -> 90
C42: Total Cost | D42: =F42+H42+J42 -> 2854 | E42: = | F42: =F15*F13 -> 2080 | G42: + | H42: =J27 -> 600 | I42: + | J42: =J32 -> 174 | O42: Number of Cows Fed | R42: =F7 -> 100
C44: Total Cost Per Head | D44: =IF(F7=0,0,D42/F7) -> 28.54 | E44: = | F44: =IF(F7=0,0,F42/F7) -> 20.8 | G44: + | H44: =J26 -> 6 | I44: + | J44: =J31 -> 1.74
C46: Total Cost Per Head Per Day | D46: =IF(F11=0,0,D44/F11) -> 0.31711111 | E46: = | F46: =IF($F$11=0,0,F44/$F$11) -> 0.23111111 | G46: + | H46: =IF($F$11=0,0,H44/$F$11) -> 0.066666667 | I46: + | J46: =IF($F$11=0,0,J44/$F$11) -> 0.019333333

Sheet Calculations
B5: Dry Matter Basis
B7: 1 | C7: 2 | D7: 3 | E7: 4 | F7: 5 | G7: 6 | H7: 7 | I7: 8 | J7: 9 | K7: 10 | L7: 11 | M7: 12 | N7: 13 | O7: 14 | P7: 15 | Q7: 16 | R7: 17 | S7: 18 | T7: 19 | U7: 20 | V7: 21 | W7: 22
E8: Values | H8: Cost per pound | K8: Freight | Q8: Storage | T8: Feeding
B9: Feed | C9: Price per Unit | D9: lbs per unit | E9: %DM | F9: CP | G9: TDN | H9: CP | I9: TDN | J9: DM | K9: Rate per mile | L9: miles | M9: Units per load | N9: Cost per Unit | O9: Waste (per cent) | P9: Units Delivered | Q9: Price per Unit | R9: Waste (per cent) | S9: Units Fed | T9: Price per Unit | U9: Waste (per cent) | V9: Units consumed | W9: Unit Name
A10: 1 | B10: ='F1'!$E$4 -> Grass Hay (Premium) | C10: ='F1'!$E$6 -> 250 | D10: ='F1'!$E$8 -> 2000 | E10: ='F1'!$E$10 -> 0.9 | F10: ='F1'!$E$12 -> 0.13 | G10: ='F1'!$E$14 -> 0.57 | H10: =IF(D10=0,"",IF(F10=0,"",(($C10+$N10+$Q10*$P10+$T10*$S10)/$E10)/($D10*(1-$O10)*(1-$R10)*(1-$U10)*F10))) -> 1.3622523 | I10: =IF(E10=0,"",IF(G10=0,"",(($C10+$N10+$Q10*$P10+$T10*$S10)/$E10)/($D10*(1-$O10)*(1-$R10)*(1-$U10)*G10))) -> 0.31068912 | J10: =IF(E10=0,"",(($C10+$N10+$Q10*$P10+$T10*$S10)/$E10)/($D10*(1-$O10)*(1-$R10)*(1-$U10)*E10)) -> 0.19676977 | K10: ='F1'!$E$18 -> 4.5 | L10: ='F1'!$E$16 -> 100 | M10: ='F1'!$E$20 -> 20 | N10: =IF(M10=0,0,K10*L10/M10) -> 22.5 | O10: ='F1'!$E$22 -> 0.01 | P10: =(1-O10) -> 0.99 | Q10: ='F1'!$E$24 -> 1 | R10: ='F1'!$E$26 -> 0.02 | S10: =P10*(1-R10) -> 0.9702 | T10: ='F1'!$E$28 -> 5 | U10: ='F1'!$E$30 -> 0.1 | V10: =S10*(1-U10) -> 0.87318 | W10: ='F1'!$F$20 -> ton
A11: 2 | B11: ='F2'!$E$4 -> Grass Hay | C11: ='F2'!$E$6 -> 200 | D11: ='F2'!$E$8 -> 2000 | E11: ='F2'!$E$10 -> 0.9 | F11: ='F2'!$E$12 -> 0.11 | G11: ='F2'!$E$14 -> 0.5 | H11: =IF(D11=0,"",IF(F11=0,"",(($C11+$N11+$Q11*$P11+$T11*$S11)/$E11)/($D11*(1-$O11)*(1-$R11)*(1-$U11)*F11))) -> 1.3295248 | I11: =IF(E11=0,"",IF(G11=0,"",(($C11+$N11+$Q11*$P11+$T11*$S11)/$E11)/($D11*(1-$O11)*(1-$R11)*(1-$U11)*G11))) -> 0.29249545 | J11: =IF(E11=0,"",(($C11+$N11+$Q11*$P11+$T11*$S11)/$E11)/($D11*(1-$O11)*(1-$R11)*(1-$U11)*E11)) -> 0.16249747 | K11: ='F2'!$E$18 -> 4.5 | L11: ='F2'!$E$16 -> 50 | M11: ='F2'!$E$20 -> 20 | N11: =IF(M11=0,0,K11*L11/M11) -> 11.25 | O11: ='F2'!$E$22 -> 0.01 | P11: =(1-O11) -> 0.99 | Q11: ='F2'!$E$24 -> 1 | R11: ='F2'!$E$26 -> 0.02 | S11: =P11*(1-R11) -> 0.9702 | T11: ='F2'!$E$28 -> 5 | U11: ='F2'!$E$30 -> 0.15 | V11: =S11*(1-U11) -> 0.82467 | W11: ='F2'!$F$20 -> ton
A12: 3 | B12: ='F3'!$E$4 -> Alfalfa Hay (Good) | C12: ='F3'!$E$6 -> 300 | D12: ='F3'!$E$8 -> 2000 | E12: ='F3'!$E$10 -> 0.9 | F12: ='F3'!$E$12 -> 0.184 | G12: ='F3'!$E$14 -> 0.59 | H12: =IF(D12=0,"",IF(F12=0,"",(($C12+$N12+$Q12*$P12+$T12*$S12)/$E12)/($D12*(1-$O12)*(1-$R12)*(1-$U12)*F12))) -> 1.1098911 | I12: =IF(E12=0,"",IF(G12=0,"",(($C12+$N12+$Q12*$P12+$T12*$S12)/$E12)/($D12*(1-$O12)*(1-$R12)*(1-$U12)*G12))) -> 0.34613554 | J12: =IF(E12=0,"",(($C12+$N12+$Q12*$P12+$T12*$S12)/$E12)/($D12*(1-$O12)*(1-$R12)*(1-$U12)*E12)) -> 0.22691108 | K12: ='F3'!$E$18 -> 4.5 | L12: ='F3'!$E$16 -> 80 | M12: ='F3'!$E$20 -> 20 | N12: =IF(M12=0,0,K12*L12/M12) -> 18 | O12: ='F3'!$E$22 -> 0.005 | P12: =(1-O12) -> 0.995 | Q12: ='F3'!$E$24 -> 1 | R12: ='F3'!$E$26 -> 0.01 | S12: =P12*(1-R12) -> 0.98505 | T12: ='F3'!$E$28 -> 7 | U12: ='F3'!$E$30 -> 0.1 | V12: =S12*(1-U12) -> 0.886545 | W12: ='F3'!$F$20 -> ton
A13: 4 | B13: ='F4'!$E$4 -> Corn | C13: ='F4'!$E$6 -> 6.5 | D13: ='F4'!$E$8 -> 2000 | E13: ='F4'!$E$10 -> 0.88 | F13: ='F4'!$E$12 -> 0.09 | G13: ='F4'!$E$14 -> 0.77 | H13: =IF(D13=0,"",IF(F13=0,"",(($C13+$N13+$Q13*$P13+$T13*$S13)/$E13)/($D13*(1-$O13)*(1-$R13)*(1-$U13)*F13))) -> 0.048929627 | I13: =IF(E13=0,"",IF(G13=0,"",(($C13+$N13+$Q13*$P13+$T13*$S13)/$E13)/($D13*(1-$O13)*(1-$R13)*(1-$U13)*G13))) -> 0.0057190473 | J13: =IF(E13=0,"",(($C13+$N13+$Q13*$P13+$T13*$S13)/$E13)/($D13*(1-$O13)*(1-$R13)*(1-$U13)*E13)) -> 0.0050041664 | K13: ='F4'!$E$18 -> 5 | L13: ='F4'!$E$16 -> 60 | M13: ='F4'!$E$20 -> 900 | N13: =IF(M13=0,0,K13*L13/M13) -> 0.33333333 | O13: ='F4'!$E$22 -> 0.005 | P13: =(1-O13) -> 0.995 | Q13: ='F4'!$E$24 -> 0.25 | R13: ='F4'!$E$26 -> 0.02 | S13: =P13*(1-R13) -> 0.9751 | T13: ='F4'!$E$28 -> 0.1 | U13: ='F4'!$E$30 -> 0.05 | V13: =S13*(1-U13) -> 0.926345 | W13: ='F4'!$F$20 -> ton
A14: 5 | B14: ='F5'!$E$4 -> 0 | C14: ='F5'!$E$6 -> 0 | D14: ='F5'!$E$8 -> 2000 | E14: ='F5'!$E$10 -> 0 | F14: ='F5'!$E$12 -> 0 | G14: ='F5'!$E$14 -> 0 | H14: =IF(D14=0,"",IF(F14=0,"",(($C14+$N14+$Q14*$P14+$T14*$S14)/$E14)/($D14*(1-$O14)*(1-$R14)*(1-$U14)*F14))) | I14: =IF(E14=0,"",IF(G14=0,"",(($C14+$N14+$Q14*$P14+$T14*$S14)/$E14)/($D14*(1-$O14)*(1-$R14)*(1-$U14)*G14))) | J14: =IF(E14=0,"",(($C14+$N14+$Q14*$P14+$T14*$S14)/$E14)/($D14*(1-$O14)*(1-$R14)*(1-$U14)*E14)) | K14: ='F5'!$E$18 -> 0 | L14: ='F5'!$E$16 -> 0 | M14: ='F5'!$E$20 -> 0 | N14: =IF(M14=0,0,K14*L14/M14) -> 0 | O14: ='F5'!$E$22 -> 0 | P14: =(1-O14) -> 1 | Q14: ='F5'!$E$24 -> 0 | R14: ='F5'!$E$26 -> 0 | S14: =P14*(1-R14) -> 1 | T14: ='F5'!$E$28 -> 0 | U14: ='F5'!$E$30 -> 0 | V14: =S14*(1-U14) -> 1 | W14: ='F5'!$F$20 -> ton
A15: 6 | B15: ='F6'!$E$4 -> 0 | C15: ='F6'!$E$6 -> 0 | D15: ='F8'!$E$8 -> 2000 | E15: ='F6'!$E$10 -> 0 | F15: ='F6'!$E$12 -> 0 | G15: ='F6'!$E$14 -> 0 | H15: =IF(D15=0,"",IF(F15=0,"",(($C15+$N15+$Q15*$P15+$T15*$S15)/$E15)/($D15*(1-$O15)*(1-$R15)*(1-$U15)*F15))) | I15: =IF(E15=0,"",IF(G15=0,"",(($C15+$N15+$Q15*$P15+$T15*$S15)/$E15)/($D15*(1-$O15)*(1-$R15)*(1-$U15)*G15))) | J15: =IF(E15=0,"",(($C15+$N15+$Q15*$P15+$T15*$S15)/$E15)/($D15*(1-$O15)*(1-$R15)*(1-$U15)*E15)) | K15: ='F6'!$E$18 -> 0 | L15: ='F6'!$E$16 -> 0 | M15: ='F6'!$E$20 -> 0 | N15: =IF(M15=0,0,K15*L15/M15) -> 0 | O15: ='F6'!$E$22 -> 0 | P15: =(1-O15) -> 1 | Q15: ='F6'!$E$24 -> 0 | R15: ='F6'!$E$26 -> 0 | S15: =P15*(1-R15) -> 1 | T15: ='F6'!$E$28 -> 0 | U15: ='F6'!$E$30 -> 0 | V15: =S15*(1-U15) -> 1 | W15: ='F6'!$F$20 -> ton
A16: 7 | B16: ='F7'!$E$4 -> 0 | C16: ='F7'!$E$6 -> 0 | D16: ='F7'!$E$8 -> 2000 | E16: ='F7'!$E$10 -> 0 | F16: ='F7'!$E$12 -> 0 | G16: ='F7'!$E$14 -> 0 | H16: =IF(D16=0,"",IF(F16=0,"",(($C16+$N16+$Q16*$P16+$T16*$S16)/$E16)/($D16*(1-$O16)*(1-$R16)*(1-$U16)*F16))) | I16: =IF(E16=0,"",IF(G16=0,"",(($C16+$N16+$Q16*$P16+$T16*$S16)/$E16)/($D16*(1-$O16)*(1-$R16)*(1-$U16)*G16))) | J16: =IF(E16=0,"",(($C16+$N16+$Q16*$P16+$T16*$S16)/$E16)/($D16*(1-$O16)*(1-$R16)*(1-$U16)*E16)) | K16: ='F7'!$E$18 -> 0 | L16: ='F7'!$E$16 -> 0 | M16: ='F7'!$E$20 -> 0 | N16: =IF(M16=0,0,K16*L16/M16) -> 0 | O16: ='F7'!$E$22 -> 0 | P16: =(1-O16) -> 1 | Q16: ='F7'!$E$24 -> 0 | R16: ='F7'!$E$26 -> 0 | S16: =P16*(1-R16) -> 1 | T16: ='F7'!$E$28 -> 0 | U16: ='F7'!$E$30 -> 0 | V16: =S16*(1-U16) -> 1 | W16: ='F7'!$F$20 -> ton
A17: 8 | B17: ='F8'!$E$4 -> 0 | C17: ='F8'!$E$6 -> 0 | D17: ='F8'!$E$8 -> 2000 | E17: ='F8'!$E$10 -> 0 | F17: ='F8'!$E$12 -> 0 | G17: ='F8'!$E$14 -> 0 | H17: =IF(D17=0,"",IF(F17=0,"",(($C17+$N17+$Q17*$P17+$T17*$S17)/$E17)/($D17*(1-$O17)*(1-$R17)*(1-$U17)*F17))) | I17: =IF(E17=0,"",IF(G17=0,"",(($C17+$N17+$Q17*$P17+$T17*$S17)/$E17)/($D17*(1-$O17)*(1-$R17)*(1-$U17)*G17))) | J17: =IF(E17=0,"",(($C17+$N17+$Q17*$P17+$T17*$S17)/$E17)/($D17*(1-$O17)*(1-$R17)*(1-$U17)*E17)) | K17: ='F8'!$E$18 -> 0 | L17: ='F8'!$E$16 -> 0 | M17: ='F8'!$E$20 -> 0 | N17: =IF(M17=0,0,K17*L17/M17) -> 0 | O17: ='F8'!$E$22 -> 0 | P17: =(1-O17) -> 1 | Q17: ='F8'!$E$24 -> 0 | R17: ='F8'!$E$26 -> 0 | S17: =P17*(1-R17) -> 1 | T17: ='F8'!$E$28 -> 0 | U17: ='F8'!$E$30 -> 0 | V17: =S17*(1-U17) -> 1 | W17: ='F8'!$F$20 -> ton
A18: 9 | B18: ='F9'!$E$4 -> 0 | C18: ='F9'!$E$6 -> 0 | D18: ='F9'!$E$8 -> 2000 | E18: ='F9'!$E$10 -> 0 | F18: ='F9'!$E$12 -> 0 | G18: ='F9'!$E$14 -> 0 | H18: =IF(D18=0,"",IF(F18=0,"",(($C18+$N18+$Q18*$P18+$T18*$S18)/$E18)/($D18*(1-$O18)*(1-$R18)*(1-$U18)*F18))) | I18: =IF(E18=0,"",IF(G18=0,"",(($C18+$N18+$Q18*$P18+$T18*$S18)/$E18)/($D18*(1-$O18)*(1-$R18)*(1-$U18)*G18))) | J18: =IF(E18=0,"",(($C18+$N18+$Q18*$P18+$T18*$S18)/$E18)/($D18*(1-$O18)*(1-$R18)*(1-$U18)*E18)) | K18: ='F9'!$E$18 -> 0 | L18: ='F9'!$E$16 -> 0 | M18: ='F9'!$E$20 -> 0 | N18: =IF(M18=0,0,K18*L18/M18) -> 0 | O18: ='F9'!$E$22 -> 0 | P18: =(1-O18) -> 1 | Q18: ='F9'!$E$24 -> 0 | R18: ='F9'!$E$26 -> 0 | S18: =P18*(1-R18) -> 1 | T18: ='F9'!$E$28 -> 0 | U18: ='F9'!$E$30 -> 0 | V18: =S18*(1-U18) -> 1 | W18: ='F9'!$F$20 -> ton
A19: 10 | B19: ='Cornstalks (10)'!B1 -> Corn Stalks | C19: ='Cornstalks (10)'!F15 -> 16 | D19: ='Cornstalks (10)'!J5 -> 1617.2325 | E19: ='Cornstalks (10)'!F17 -> 0.9 | F19: ='Cornstalks (10)'!F19 -> 0.08 | G19: ='Cornstalks (10)'!F21 -> 0.56 | H19: =IF(D19=0,"",IF(F19=0,"",(($C19+$N19+$Q19*$P19+$T19*$S19)/$E19)/($D19*(1-$O19)*(1-$R19)*(1-$U19)*F19))) -> 0.13740895 | I19: =IF(E19=0,"",IF(G19=0,"",(($C19+$N19+$Q19*$P19+$T19*$S19)/$E19)/($D19*(1-$O19)*(1-$R19)*(1-$U19)*G19))) -> 0.01962985 | J19: =IF(E19=0,"",(($C19+$N19+$Q19*$P19+$T19*$S19)/$E19)/($D19*(1-$O19)*(1-$R19)*(1-$U19)*E19)) -> 0.012214129
A23: 1 | B23: 2 | C23: 3 | D23: 4 | E23: 5 | F23: 6 | G23: 7 | H23: 8 | I23: 9 | J23: 10 | K23: 11 | L23: 12 | M23: 13 | N23: 14
C24: Purchased Cost | F24: Delivered Cost | I24: Fed Cost | L24: Consumed Cost
B25: Feed | C25: CP | D25: TDN | E25: DM | F25: CP | G25: TDN | H25: DM | I25: CP | J25: TDN | K25: DM | L25: CP | M25: TDN | N25: DM
A26: 1 | B26: ='F1'!$E$4 -> Grass Hay (Premium) | C26: ='F1'!$L$3 -> 1.0683761 | D26: ='F1'!$L$5 -> 0.24366472 | E26: ='F1'!$L$7 -> 0.13888889 | F26: ='F1'!$L$12 -> 1.1762928 | G26: ='F1'!$L$14 -> 0.26827732 | H26: ='F1'!$L$16 -> 0.15291807 | I26: ='F1'!$L$21 -> 1.2046595 | J26: ='F1'!$L$23 -> 0.27474691 | K26: ='F1'!$L$25 -> 0.15660574 | L26: ='F1'!$L$30 -> 1.3622523 | M26: ='F1'!$L$32 -> 0.31068912 | N26: ='F1'!$L$34 -> 0.1770928
A27: 2 | B27: ='F2'!$E$4 -> Grass Hay | C27: ='F2'!$L$3 -> 1.010101 | D27: ='F2'!$L$5 -> 0.22222222 | E27: ='F2'!$L$7 -> 0.11111111 | F27: ='F2'!$L$12 -> 1.0776962 | G27: ='F2'!$L$14 -> 0.23709315 | H27: ='F2'!$L$16 -> 0.11854658 | I27: ='F2'!$L$21 -> 1.1048435 | J27: ='F2'!$L$23 -> 0.24306558 | K27: ='F2'!$L$25 -> 0.12153279 | L27: ='F2'!$L$30 -> 1.3295248 | M27: ='F2'!$L$32 -> 0.29249545 | N27: ='F2'!$L$34 -> 0.14624772
A28: 3 | B28: ='F3'!$E$4 -> Alfalfa Hay (Good) | C28: ='F3'!$L$3 -> 0.9057971 | D28: ='F3'!$L$5 -> 0.28248588 | E28: ='F3'!$L$7 -> 0.16666667 | F28: ='F3'!$L$12 -> 0.96496978 | G28: ='F3'!$L$14 -> 0.30093973 | H28: ='F3'!$L$16 -> 0.17755444 | I28: ='F3'!$L$21 -> 0.97776677 | J28: ='F3'!$L$23 -> 0.30493065 | K28: ='F3'!$L$25 -> 0.17990909 | L28: ='F3'!$L$30 -> 1.1098911 | M28: ='F3'!$L$32 -> 0.34613554 | N28: ='F3'!$L$34 -> 0.20421997
A29: 4 | B29: ='F4'!$E$4 -> Corn | C29: ='F4'!$L$3 -> 0.041035354 | D29: ='F4'!$L$5 -> 0.00479634 | E29: ='F4'!$L$7 -> 0.0036931818 | F29: ='F4'!$L$12 -> 0.043356513 | G29: ='F4'!$L$14 -> 0.0050676444 | H29: ='F4'!$L$16 -> 0.0039020862 | I29: ='F4'!$L$21 -> 0.045851833 | J29: ='F4'!$L$23 -> 0.0053593051 | K29: ='F4'!$L$25 -> 0.0041266649 | L29: ='F4'!$L$30 -> 0.048929627 | M29: ='F4'!$L$32 -> 0.0057190473 | N29: ='F4'!$L$34 -> 0.0044036664
A30: 5 | B30: ='F5'!$E$4 -> 0 | C30: ='F5'!$L$3 | D30: ='F5'!$L$5 | E30: ='F5'!$L$7 | F30: ='F5'!$L$12 | G30: ='F5'!$L$14 | H30: ='F5'!$L$16 | I30: ='F5'!$L$21 | J30: ='F5'!$L$23 | K30: ='F5'!$L$25 | L30: ='F5'!$L$30 | M30: ='F5'!$L$32 | N30: ='F5'!$L$34
A31: 6 | B31: ='F6'!$E$4 -> 0 | C31: ='F6'!$L$3 | D31: ='F6'!$L$5 | E31: ='F6'!$L$7 | F31: ='F6'!$L$12 | G31: ='F6'!$L$14 | H31: ='F6'!$L$16 | I31: ='F6'!$L$21 | J31: ='F6'!$L$23 | K31: ='F6'!$L$25 | L31: ='F6'!$L$30 | M31: ='F6'!$L$32 | N31: ='F6'!$L$34
A32: 7 | B32: ='F7'!$E$4 -> 0 | C32: ='F7'!$L$3 | D32: ='F7'!$L$5 | E32: ='F7'!$L$7 | F32: ='F7'!$L$12 | G32: ='F7'!$L$14 | H32: ='F7'!$L$16 | I32: ='F7'!$L$21 | J32: ='F7'!$L$23 | K32: ='F7'!$L$25 | L32: ='F7'!$L$30 | M32: ='F7'!$L$32 | N32: ='F7'!$L$34
A33: 8 | B33: ='F8'!$E$4 -> 0 | C33: ='F8'!$L$3 | D33: ='F8'!$L$5 | E33: ='F8'!$L$7 | F33: ='F8'!$L$12 | G33: ='F8'!$L$14 | H33: ='F8'!$L$16 | I33: ='F8'!$L$21 | J33: ='F8'!$L$23 | K33: ='F8'!$L$25 | L33: ='F8'!$L$30 | M33: ='F8'!$L$32 | N33: ='F8'!$L$34
A34: 9 | B34: ='F9'!$E$4 -> 0 | C34: ='F9'!$L$3 | D34: ='F9'!$L$5 | E34: ='F9'!$L$7 | F34: ='F9'!$L$12 | G34: ='F9'!$L$14 | H34: ='F9'!$L$16 | I34: ='F9'!$L$21 | J34: ='F9'!$L$23 | K34: ='F9'!$L$25 | L34: ='F9'!$L$30 | M34: ='F9'!$L$32 | N34: ='F9'!$L$34
A35: 10 | B35: ='Cornstalks (10)'!B1 -> Corn Stalks | C35: ='Cornstalks (10)'!P4 -> 0.061834028 | D35: ='Cornstalks (10)'!P6 -> 0.0088334326 | E35: ='Cornstalks (10)'!P8 -> 0.0049467223 | F35: ='Cornstalks (10)'!P13 -> 0.12366806 | G35: ='Cornstalks (10)'!P15 -> 0.017666865 | H35: ='Cornstalks (10)'!P17 -> 0.0098934445 | I35: ='Cornstalks (10)'!P22 -> 0.15934153 | J35: ='Cornstalks (10)'!P24 -> 0.022763076 | K35: ='Cornstalks (10)'!P26 -> 0.012747323 | L35: ='Cornstalks (10)'!P31 -> 0.16966917 | M35: ='Cornstalks (10)'!P33 -> 0.024238453 | N35: ='Cornstalks (10)'!P35 -> 0.013573534

Sheet Per Pound
E3: Feed
D4: Feed Number | E4: 1 | F4: 2 | G4: 3 | H4: 4
D5: Description | E5: =IF(E$4="","",VLOOKUP(E$4,Calc,2,FALSE)) -> Grass Hay (Premium) | F5: =IF(F$4="","",VLOOKUP(F$4,Calc,2,FALSE)) -> Grass Hay | G5: =IF(G$4="","",VLOOKUP(G$4,Calc,2,FALSE)) -> Alfalfa Hay (Good) | H5: =IF(H$4="","",VLOOKUP(H$4,Calc,2,FALSE)) -> Corn
B6: 3 | D6: Price per Unit | E6: =IF(E$4="","",VLOOKUP(E$4,Calc,$B6,FALSE)) -> 250 | F6: =IF(F$4="","",VLOOKUP(F$4,Calc,$B6,FALSE)) -> 200 | G6: =IF(G$4="","",VLOOKUP(G$4,Calc,$B6,FALSE)) -> 300 | H6: =IF(H$4="","",VLOOKUP(H$4,Calc,$B6,FALSE)) -> 6.5
B7: 4 | D7: Pounds per unit | E7: =IF(E$4="","",VLOOKUP(E$4,Calc,$B7,FALSE)) -> 2000 | F7: =IF(F$4="","",VLOOKUP(F$4,Calc,$B7,FALSE)) -> 2000 | G7: =IF(G$4="","",VLOOKUP(G$4,Calc,$B7,FALSE)) -> 2000 | H7: =IF(H$4="","",VLOOKUP(H$4,Calc,$B7,FALSE)) -> 2000
B8: 5 | C8: Nutrient values | D8: %DM | E8: =IF(E$4="","",VLOOKUP(E$4,Calc,$B8,FALSE)) -> 0.9 | F8: =IF(F$4="","",VLOOKUP(F$4,Calc,$B8,FALSE)) -> 0.9 | G8: =IF(G$4="","",VLOOKUP(G$4,Calc,$B8,FALSE)) -> 0.9 | H8: =IF(H$4="","",VLOOKUP(H$4,Calc,$B8,FALSE)) -> 0.88
B9: 6 | D9: %CP | E9: =IF(E$4="","",VLOOKUP(E$4,Calc,$B9,FALSE)) -> 0.13 | F9: =IF(F$4="","",VLOOKUP(F$4,Calc,$B9,FALSE)) -> 0.11 | G9: =IF(G$4="","",VLOOKUP(G$4,Calc,$B9,FALSE)) -> 0.184 | H9: =IF(H$4="","",VLOOKUP(H$4,Calc,$B9,FALSE)) -> 0.09
B10: 7 | D10: %TDN | E10: =IF(E$4="","",VLOOKUP(E$4,Calc,$B10,FALSE)) -> 0.57 | F10: =IF(F$4="","",VLOOKUP(F$4,Calc,$B10,FALSE)) -> 0.5 | G10: =IF(G$4="","",VLOOKUP(G$4,Calc,$B10,FALSE)) -> 0.59 | H10: =IF(H$4="","",VLOOKUP(H$4,Calc,$B10,FALSE)) -> 0.77
B11: 3 | C11: Cost per Pound of Nutrient Purchased | D11: CP $ per lb | E11: =IF(E$4="","",VLOOKUP(E$4,Costs,$B11)) -> 1.0683761 | F11: =IF(F$4="","",VLOOKUP(F$4,Costs,$B11)) -> 1.010101 | G11: =IF(G$4="","",VLOOKUP(G$4,Costs,$B11)) -> 0.9057971 | H11: =IF(H$4="","",VLOOKUP(H$4,Costs,$B11)) -> 0.041035354
B12: 4 | D12: TDN $ per lb | E12: =IF(E$4="","",VLOOKUP(E$4,Costs,$B12)) -> 0.24366472 | F12: =IF(F$4="","",VLOOKUP(F$4,Costs,$B12)) -> 0.22222222 | G12: =IF(G$4="","",VLOOKUP(G$4,Costs,$B12)) -> 0.28248588 | H12: =IF(H$4="","",VLOOKUP(H$4,Costs,$B12)) -> 0.00479634
B13: 5 | D13: DM $ per lb | E13: =IF(E$4="","",VLOOKUP(E$4,Costs,$B13)) -> 0.13888889 | F13: =IF(F$4="","",VLOOKUP(F$4,Costs,$B13)) -> 0.11111111 | G13: =IF(G$4="","",VLOOKUP(G$4,Costs,$B13)) -> 0.16666667 | H13: =IF(H$4="","",VLOOKUP(H$4,Costs,$B13)) -> 0.0036931818
B14: 11 | C14: Freight | D14: Rate per mile | E14: =IF(E$4=10,"",IF(E$4="","",VLOOKUP(E$4,Calc,$B14,FALSE))) -> 4.5 | F14: =IF(F$4=10,"",IF(F$4="","",VLOOKUP(F$4,Calc,$B14,FALSE))) -> 4.5 | G14: =IF(G$4=10,"",IF(G$4="","",VLOOKUP(G$4,Calc,$B14,FALSE))) -> 4.5 | H14: =IF(H$4=10,"",IF(H$4="","",VLOOKUP(H$4,Calc,$B14,FALSE))) -> 5
B15: 12 | D15: Miles | E15: =IF(E$4=10,"",IF(E$4="","",VLOOKUP(E$4,Calc,$B15,FALSE))) -> 100 | F15: =IF(F$4=10,"",IF(F$4="","",VLOOKUP(F$4,Calc,$B15,FALSE))) -> 50 | G15: =IF(G$4=10,"",IF(G$4="","",VLOOKUP(G$4,Calc,$B15,FALSE))) -> 80 | H15: =IF(H$4=10,"",IF(H$4="","",VLOOKUP(H$4,Calc,$B15,FALSE))) -> 60
B16: 13 | D16: Units per load | E16: =IF(E$4=10,"",IF(E$4="","",VLOOKUP(E$4,Calc,$B16,FALSE))) -> 20 | F16: =IF(F$4=10,"",IF(F$4="","",VLOOKUP(F$4,Calc,$B16,FALSE))) -> 20 | G16: =IF(G$4=10,"",IF(G$4="","",VLOOKUP(G$4,Calc,$B16,FALSE))) -> 20 | H16: =IF(H$4=10,"",IF(H$4="","",VLOOKUP(H$4,Calc,$B16,FALSE))) -> 900
B17: 14 | D17: Cost per unit | E17: =IF(E4=10,"",IF(E$4="","",IF(E16=0,0,E14*E15/E16))) -> 22.5 | F17: =IF(F4=10,"",IF(F$4="","",IF(F16=0,0,F14*F15/F16))) -> 11.25 | G17: =IF(G4=10,"",IF(G$4="","",IF(G16=0,0,G14*G15/G16))) -> 18 | H17: =IF(H4=10,"",IF(H$4="","",IF(H16=0,0,H14*H15/H16))) -> 0.33333333
B18: 15 | D18: Waste (per cent) | E18: =IF(E4=10,"",IF(E$4="","",VLOOKUP(E$4,Calc,$B18,FALSE))) -> 0.01 | F18: =IF(F4=10,"",IF(F$4="","",VLOOKUP(F$4,Calc,$B18,FALSE))) -> 0.01 | G18: =IF(G4=10,"",IF(G$4="","",VLOOKUP(G$4,Calc,$B18,FALSE))) -> 0.005 | H18: =IF(H4=10,"",IF(H$4="","",VLOOKUP(H$4,Calc,$B18,FALSE))) -> 0.005
B19: 16 | D19: Per cent delivered | E19: =IF(E4=10,"",IF(E$4="","",(1-E18))) -> 0.99 | F19: =IF(F4=10,"",IF(F$4="","",(1-F18))) -> 0.99 | G19: =IF(G4=10,"",IF(G$4="","",(1-G18))) -> 0.995 | H19: =IF(H4=10,"",IF(H$4="","",(1-H18))) -> 0.995
B20: 6 | C20: Cost per Pound of Nutrient Delivered | D20: CP $ per lb | E20: =IF(E$4="","",VLOOKUP(E$4,Costs,$B20)) -> 1.1762928 | F20: =IF(F$4="","",VLOOKUP(F$4,Costs,$B20)) -> 1.0776962 | G20: =IF(G$4="","",VLOOKUP(G$4,Costs,$B20)) -> 0.96496978 | H20: =IF(H$4="","",VLOOKUP(H$4,Costs,$B20)) -> 0.043356513
B21: 7 | D21: TDN $ per lb | E21: =IF(E$4="","",VLOOKUP(E$4,Costs,$B21)) -> 0.26827732 | F21: =IF(F$4="","",VLOOKUP(F$4,Costs,$B21)) -> 0.23709315 | G21: =IF(G$4="","",VLOOKUP(G$4,Costs,$B21)) -> 0.30093973 | H21: =IF(H$4="","",VLOOKUP(H$4,Costs,$B21)) -> 0.0050676444
B22: 8 | D22: DM $ per lb | E22: =IF(E$4="","",VLOOKUP(E$4,Costs,$B22)) -> 0.15291807 | F22: =IF(F$4="","",VLOOKUP(F$4,Costs,$B22)) -> 0.11854658 | G22: =IF(G$4="","",VLOOKUP(G$4,Costs,$B22)) -> 0.17755444 | H22: =IF(H$4="","",VLOOKUP(H$4,Costs,$B22)) -> 0.0039020862
B23: 17 | C23: Storage | D23: Cost per unit | E23: =IF(E4=10,"",IF(E$4="","",VLOOKUP(E$4,Calc,$B23,FALSE))) -> 1 | F23: =IF(F4=10,"",IF(F$4="","",VLOOKUP(F$4,Calc,$B23,FALSE))) -> 1 | G23: =IF(G4=10,"",IF(G$4="","",VLOOKUP(G$4,Calc,$B23,FALSE))) -> 1 | H23: =IF(H4=10,"",IF(H$4="","",VLOOKUP(H$4,Calc,$B23,FALSE))) -> 0.25
B24: 18 | D24: Waste (per cent) | E24: =IF(E4=10,"",IF(E$4="","",VLOOKUP(E$4,Calc,$B24,FALSE))) -> 0.02 | F24: =IF(F4=10,"",IF(F$4="","",VLOOKUP(F$4,Calc,$B24,FALSE))) -> 0.02 | G24: =IF(G4=10,"",IF(G$4="","",VLOOKUP(G$4,Calc,$B24,FALSE))) -> 0.01 | H24: =IF(H4=10,"",IF(H$4="","",VLOOKUP(H$4,Calc,$B24,FALSE))) -> 0.02
B25: 19 | D25: Per cent fed | E25: =IF(E4=10,"",IF(E$4="","",E19*(1-E24))) -> 0.9702 | F25: =IF(F4=10,"",IF(F$4="","",F19*(1-F24))) -> 0.9702 | G25: =IF(G4=10,"",IF(G$4="","",G19*(1-G24))) -> 0.98505 | H25: =IF(H4=10,"",IF(H$4="","",H19*(1-H24))) -> 0.9751
B26: 9 | C26: Cost per Pound of Nutrient Fed | D26: CP $ per lb | E26: =IF(E$4="","",VLOOKUP(E$4,Costs,$B26)) -> 1.2046595 | F26: =IF(F$4="","",VLOOKUP(F$4,Costs,$B26)) -> 1.1048435 | G26: =IF(G$4="","",VLOOKUP(G$4,Costs,$B26)) -> 0.97776677 | H26: =IF(H$4="","",VLOOKUP(H$4,Costs,$B26)) -> 0.045851833
B27: 10 | D27: TDN $ per lb | E27: =IF(E$4="","",VLOOKUP(E$4,Costs,$B27)) -> 0.27474691 | F27: =IF(F$4="","",VLOOKUP(F$4,Costs,$B27)) -> 0.24306558 | G27: =IF(G$4="","",VLOOKUP(G$4,Costs,$B27)) -> 0.30493065 | H27: =IF(H$4="","",VLOOKUP(H$4,Costs,$B27)) -> 0.0053593051
B28: 11 | D28: DM $ per lb | E28: =IF(E$4="","",VLOOKUP(E$4,Costs,$B28)) -> 0.15660574 | F28: =IF(F$4="","",VLOOKUP(F$4,Costs,$B28)) -> 0.12153279 | G28: =IF(G$4="","",VLOOKUP(G$4,Costs,$B28)) -> 0.17990909 | H28: =IF(H$4="","",VLOOKUP(H$4,Costs,$B28)) -> 0.0041266649
B29: 20 | C29: Feeding | D29: Cost per unit | E29: =IF(E4=10,"",IF(E$4="","",VLOOKUP(E$4,Calc,$B29,FALSE))) -> 5 | F29: =IF(F4=10,"",IF(F$4="","",VLOOKUP(F$4,Calc,$B29,FALSE))) -> 5 | G29: =IF(G4=10,"",IF(G$4="","",VLOOKUP(G$4,Calc,$B29,FALSE))) -> 7 | H29: =IF(H4=10,"",IF(H$4="","",VLOOKUP(H$4,Calc,$B29,FALSE))) -> 0.1
B30: 21 | D30: Waste (per cent) | E30: =IF(E4=10,"",IF(E$4="","",VLOOKUP(E$4,Calc,$B30,FALSE))) -> 0.1 | F30: =IF(F4=10,"",IF(F$4="","",VLOOKUP(F$4,Calc,$B30,FALSE))) -> 0.15 | G30: =IF(G4=10,"",IF(G$4="","",VLOOKUP(G$4,Calc,$B30,FALSE))) -> 0.1 | H30: =IF(H4=10,"",IF(H$4="","",VLOOKUP(H$4,Calc,$B30,FALSE))) -> 0.05
B31: 22 | D31: Per cent consumed | E31: =IF(E4=10,"",IF(E$4="","",E25*(1-E30))) -> 0.87318 | F31: =IF(F4=10,"",IF(F$4="","",F25*(1-F30))) -> 0.82467 | G31: =IF(G4=10,"",IF(G$4="","",G25*(1-G30))) -> 0.886545 | H31: =IF(H4=10,"",IF(H$4="","",H25*(1-H30))) -> 0.926345
B32: 12 | C32: Costs per Pound of Nutrient Consumed | D32: CP $ per lb | E32: =IF(E$4="","",VLOOKUP(E$4,Costs,$B32)) -> 1.3622523 | F32: =IF(F$4="","",VLOOKUP(F$4,Costs,$B32)) -> 1.3295248 | G32: =IF(G$4="","",VLOOKUP(G$4,Costs,$B32)) -> 1.1098911 | H32: =IF(H$4="","",VLOOKUP(H$4,Costs,$B32)) -> 0.048929627
B33: 13 | D33: TDN $ per lb | E33: =IF(E$4="","",VLOOKUP(E$4,Costs,$B33)) -> 0.31068912 | F33: =IF(F$4="","",VLOOKUP(F$4,Costs,$B33)) -> 0.29249545 | G33: =IF(G$4="","",VLOOKUP(G$4,Costs,$B33)) -> 0.34613554 | H33: =IF(H$4="","",VLOOKUP(H$4,Costs,$B33)) -> 0.0057190473
B34: 14 | D34: DM $ per lb | E34: =IF(E$4="","",VLOOKUP(E$4,Costs,$B34)) -> 0.1770928 | F34: =IF(F$4="","",VLOOKUP(F$4,Costs,$B34)) -> 0.14624772 | G34: =IF(G$4="","",VLOOKUP(G$4,Costs,$B34)) -> 0.20421997 | H34: =IF(H$4="","",VLOOKUP(H$4,Costs,$B34)) -> 0.0044036664

Sheet Whole Herd
B1: Feed Needed | G1: Feed Costs
C2: Feed Number | D2: 1 | I2: =D2 -> 1 | J2: =D9 -> 2 | K2: =D16 -> 3 | L2: =D23 -> 4
C3: Lbs / Hd / Day (As Fed) | D3: 5 | I3: =IF(I$2=0,"",VLOOKUP(I$2,Calc,$F4,FALSE)) -> Grass Hay (Premium) | J3: =IF(J$2=0,"",VLOOKUP(J$2,Calc,$F4,FALSE)) -> Grass Hay | K3: =IF(K$2=0,"",VLOOKUP(K$2,Calc,$F4,FALSE)) -> Alfalfa Hay (Good) | L3: =IF(L$2=0,"",VLOOKUP(L$2,Calc,$F4,FALSE)) -> Corn | M3: Total Costs
C4: Number of Days Fed | D4: 90 | F4: 2 | H4: Feed
C5: Number of Cows Fed | D5: 30 | F5: 3 | G5: Purchase | H5: Unit Price | I5: =IF(I$2=0,"",VLOOKUP(I$2,Calc,$F5,FALSE)) -> 250 | J5: =IF(J$2=0,"",VLOOKUP(J$2,Calc,$F5,FALSE)) -> 200 | K5: =IF(K$2=0,"",VLOOKUP(K$2,Calc,$F5,FALSE)) -> 300 | L5: =IF(L$2=0,"",VLOOKUP(L$2,Calc,$F5,FALSE)) -> 6.5
C6: Feed Needed | D6: =IF(I7=0,"",IF(D3="","",IF(D4="","",IF(D5="","",D3*D4*D5/I7)))) -> 6.75 | E6: =IF(D2=10,"",IF(D2="","",VLOOKUP(D2,Calc,23,FALSE))) -> ton | F6: 5 | H6: % Dry Matter | I6: =IF(I$2=0,"",VLOOKUP(I$2,Calc,$F6,FALSE)) -> 0.9 | J6: =IF(J$2=0,"",VLOOKUP(J$2,Calc,$F6,FALSE)) -> 0.9 | K6: =IF(K$2=0,"",VLOOKUP(K$2,Calc,$F6,FALSE)) -> 0.9 | L6: =IF(L$2=0,"",VLOOKUP(L$2,Calc,$F6,FALSE)) -> 0.88
F7: 6 | H7: lbs per Unit | I7: =IF(I$2=0,"",VLOOKUP(I$2,Calc,$F8,FALSE)) -> 2000 | J7: =IF(J$2=0,"",VLOOKUP(J$2,Calc,$F8,FALSE)) -> 2000 | K7: =IF(K$2=0,"",VLOOKUP(K$2,Calc,$F8,FALSE)) -> 2000 | L7: =IF(L$2=0,"",VLOOKUP(L$2,Calc,$F8,FALSE)) -> 2000
F8: 4 | H8: Units Purchased | I8: =IF(I21="","",I21/(1-I15)) -> 7.7303649 | J8: =IF(D13="","",J21/(1-J15)) -> 141.63256 | K8: =IF(D20="","",K21/(1-K15)) -> 2.5379422 | L8: =IF(D27="","",L21/(1-L15)) -> 32.385342
C9: Feed Number | D9: 2 | H9: Cost | I9: =IF(I8="","",I5*I8) -> 1932.5912 | J9: =IF(J8="","",J5*J8) -> 28326.512 | K9: =IF(K8="","",K5*K8) -> 761.38267 | L9: =IF(L8="","",L5*L8) -> 210.50473 | M9: =SUM(I9:L9) -> 31230.991
C10: Lbs / Hd / Day (As Fed) | D10: 25.955583 | F10: 13 | G10: Hauling
C11: Number of Days Fed | D11: 90 | F11: 11 | H11: Units per Load | I11: =IF(I$2=0,"",VLOOKUP(I$2,Calc,$F10,FALSE)) -> 20 | J11: =IF(J$2=0,"",VLOOKUP(J$2,Calc,$F10,FALSE)) -> 20 | K11: =IF(K$2=0,"",VLOOKUP(K$2,Calc,$F10,FALSE)) -> 20 | L11: =IF(L$2=0,"",VLOOKUP(L$2,Calc,$F10,FALSE)) -> 900
C12: Number of Cows Fed | D12: 100 | F12: 12 | H12: Cost per Mile | I12: =IF(I$2=0,"",VLOOKUP(I$2,Calc,$F11,FALSE)) -> 4.5 | J12: =IF(J$2=0,"",VLOOKUP(J$2,Calc,$F11,FALSE)) -> 4.5 | K12: =IF(K$2=0,"",VLOOKUP(K$2,Calc,$F11,FALSE)) -> 4.5 | L12: =IF(L$2=0,"",VLOOKUP(L$2,Calc,$F11,FALSE)) -> 5
C13: Feed Needed | D13: =IF(J7=0,"",IF(D10="","",IF(D11="","",IF(D12="","",D10*D11*D12/J7)))) -> 116.80012 | E13: =IF(D9=10,"",IF(D9="","",VLOOKUP(D9,Calc,23,FALSE))) -> ton | H13: Miles | I13: =IF(I$2=0,"",VLOOKUP(I$2,Calc,$F12,FALSE)) -> 100 | J13: =IF(J$2=0,"",VLOOKUP(J$2,Calc,$F12,FALSE)) -> 50 | K13: =IF(K$2=0,"",VLOOKUP(K$2,Calc,$F12,FALSE)) -> 80 | L13: =IF(L$2=0,"",VLOOKUP(L$2,Calc,$F12,FALSE)) -> 60
F14: 15 | H14: Cost per Unit | I14: =IF(I11=0,0,IF(I2=0,"",I12*I13/I11)) -> 22.5 | J14: =IF(J11=0,0,IF(J2=0,"",J12*J13/J11)) -> 11.25 | K14: =IF(K11=0,0,IF(K2=0,"",K12*K13/K11)) -> 18 | L14: =IF(L11=0,0,IF(L2=0,"",L12*L13/L11)) -> 0.33333333
H15: Waste % | I15: =IF(I2=10,0,IF(I2=0,"",VLOOKUP(I2,Calc,$F14,FALSE))) -> 0.01 | J15: =IF(J2=10,0,IF(J2=0,"",VLOOKUP(J2,Calc,$F14,FALSE))) -> 0.01 | K15: =IF(K2=10,0,IF(K2=0,"",VLOOKUP(K2,Calc,$F14,FALSE))) -> 0.005 | L15: =IF(L2=10,0,IF(L2=0,"",VLOOKUP(L2,Calc,$F14,FALSE))) -> 0.005
C16: Feed Number | D16: 3 | H16: Hauling Cost | I16: =IF(I8="","",I14*I8) -> 173.93321 | J16: =IF(D13="","",J14*J8) -> 1593.3663 | K16: =IF(D20="","",K14*K8) -> 45.68296 | L16: =IF(D27="","",L14*L8) -> 10.795114
C17: Lbs / Hd / Day (As Fed) | D17: 5 | H17: Cost | I17: =IF(I9="","",I9+I16) -> 2106.5244 | J17: =IF(D13="","",J9+J16) -> 29919.879 | K17: =IF(D20="","",K9+K16) -> 807.06563 | L17: =IF(D27="","",L9+L16) -> 221.29984 | M17: =SUM(I17:L17) -> 33054.769
C18: Number of Days Fed | D18: 30
C19: Number of Cows Fed | D19: 30 | F19: 17 | G19: Storage | H19: Cost per Unit | I19: =IF(I$2=0,"",VLOOKUP(I$2,Calc,$F19,FALSE)) -> 1 | J19: =IF(J$2=0,"",VLOOKUP(J$2,Calc,$F19,FALSE)) -> 1 | K19: =IF(K$2=0,"",VLOOKUP(K$2,Calc,$F19,FALSE)) -> 1 | L19: =IF(L$2=0,"",VLOOKUP(L$2,Calc,$F19,FALSE)) -> 0.25
C20: Feed Needed | D20: =IF(K7=0,"",IF(D17="","",IF(D18="","",IF(D19="","",D17*D18*D19/K7)))) -> 2.25 | E20: =IF(D16=10,"",IF(D16="","",VLOOKUP(D16,Calc,23,FALSE))) -> ton | F20: 18 | H20: Waste % | I20: =IF(I$2=0,"",VLOOKUP(I$2,Calc,$F20,FALSE)) -> 0.02 | J20: =IF(J$2=0,"",VLOOKUP(J$2,Calc,$F20,FALSE)) -> 0.02 | K20: =IF(K$2=0,"",VLOOKUP(K$2,Calc,$F20,FALSE)) -> 0.01 | L20: =IF(L$2=0,"",VLOOKUP(L$2,Calc,$F20,FALSE)) -> 0.02
H21: Units Stored | I21: =IF(I27="","",I27/(1-I20)) -> 7.6530612 | J21: =IF(D13="","",J27/(1-J20)) -> 140.21624 | K21: =IF(D20="","",K27/(1-K20)) -> 2.5252525 | L21: =IF(D27="","",L27/(1-L20)) -> 32.223416
H22: Storage Cost | I22: =IF(I21="","",I19*I21) -> 7.6530612 | J22: =IF(D13="","",J19*J21) -> 140.21624 | K22: =IF(D20="","",K19*K21) -> 2.5252525 | L22: =IF(D27="","",L19*L21) -> 8.0558539
C23: Feed Number | D23: 4 | H23: Subtotal Cost | I23: =IF(I22="","",I17+I22) -> 2114.1775 | J23: =IF(D13="","",J17+J22) -> 30060.095 | K23: =IF(D20="","",K17+K22) -> 809.59088 | L23: =IF(D27="","",L17+L22) -> 229.35569 | M23: =SUM(I23:L23) -> 33213.219
C24: Lbs / Hd / Day (As Fed) | D24: 10
C25: Number of Days Fed | D25: 60 | F25: 20 | G25: Feeding | H25: Cost per Unit | I25: =IF(I$2=0,"",VLOOKUP(I$2,Calc,$F25,FALSE)) -> 5 | J25: =IF(J$2=0,"",VLOOKUP(J$2,Calc,$F25,FALSE)) -> 5 | K25: =IF(K$2=0,"",VLOOKUP(K$2,Calc,$F25,FALSE)) -> 7 | L25: =IF(L$2=0,"",VLOOKUP(L$2,Calc,$F25,FALSE)) -> 0.1
C26: Number of Cows Fed | D26: 100 | F26: 21 | H26: Waste % | I26: =IF(I$2=0,"",VLOOKUP(I$2,Calc,$F26,FALSE)) -> 0.1 | J26: =IF(J$2=0,"",VLOOKUP(J$2,Calc,$F26,FALSE)) -> 0.15 | K26: =IF(K$2=0,"",VLOOKUP(K$2,Calc,$F26,FALSE)) -> 0.1 | L26: =IF(L$2=0,"",VLOOKUP(L$2,Calc,$F26,FALSE)) -> 0.05
C27: Feed Needed | D27: =IF(L7=0,"",IF(D24="","",IF(D25="","",IF(D26="","",D24*D25*D26/L7)))) -> 30 | E27: =IF(D23=10,"",IF(D23="","",VLOOKUP(D23,Calc,23,FALSE))) -> ton | H27: Units Fed | I27: =IF(D6="","",D6/(1-I26)) -> 7.5 | J27: =IF(D13="","",D13/(1-J26)) -> 137.41191 | K27: =IF(D20="","",D20/(1-K26)) -> 2.5 | L27: =IF(D27="","",D27/(1-L26)) -> 31.578947
H28: Feeding Cost | I28: =IF(I27="","",I25*I27) -> 37.5 | J28: =IF(J27="","",J25*J27) -> 687.05956 | K28: =IF(D20="","",K25*K27) -> 17.5 | L28: =IF(D27="","",L25*L27) -> 3.1578947
H29: Total Cost | I29: =IF(I27="","",I23+I28) -> 2151.6775 | J29: =IF(J27="","",J23+J28) -> 30747.155 | K29: =IF(D20="","",K23+K28) -> 827.09088 | L29: =IF(D27="","",L23+L28) -> 232.51359 | M29: =SUM(I29:L29) -> 33958.437
