Workbook

Sheet Data
C1: Gulf | D1: In port | F1: Loaded | H1: Due | I1: PNW | L1: Vancouver
C2: In Port | D2: 4-year | E2: Loaded | F2: prior | G2: Due | H2: 10-days | I2: In Port | J2: Loaded | K2: Due | L2: In Port | M2: Loaded | N2: Due | P2: In Port | Q2: Loaded
A3: Date | D3: average | E3: 7-Days | F3: 4-year avg | G3: 10-days | H3: prior 4-yr avg | J3: 7-Days | K3: 10-days | M3: 7-Days | N3: 10-days | O3: Week #
A4: 34703 | B4: 01/04/1995 | C4: 39 | E4: 58 | G4: 62 | O4: 1
A5: 34710 | B5: 01/11/1995 | C5: 36 | E5: 64 | G5: 72 | O5: 2
A6: 34717 | B6: 01/18/1995 | C6: 40 | E6: 60 | G6: 73 | O6: 3
A7: 34724 | B7: 01/25/1995 | C7: 41 | E7: 59 | G7: 63 | O7: 4
A8: 34731 | B8: 02/01/1995 | C8: 36 | E8: 62 | G8: 79 | O8: 5
A9: 34738 | B9: 02/08/1995 | C9: 42 | E9: 59 | G9: 78 | O9: 6
A10: 34745 | B10: 02/15/1995 | C10: 42 | E10: na | G10: na | O10: 7
A11: 34752 | B11: 02/22/1995 | C11: 32 | E11: 58 | G11: 73 | O11: 8
A12: 34759 | B12: 03/01/1995 | C12: 38 | E12: 56 | G12: 72 | O12: 9
A13: 34766 | B13: 03/08/1995 | C13: 35 | E13: 58 | G13: 77 | O13: 10
A14: 34773 | B14: 03/15/1995 | C14: 32 | E14: 50 | G14: 77 | O14: 11
A15: 34780 | B15: 03/22/1995 | C15: 31 | E15: 50 | G15: 83 | O15: 12
A16: 34787 | B16: 03/29/1995 | C16: 32 | E16: 44 | G16: 90 | O16: 13
A17: 34794 | B17: 04/05/1995 | C17: 29 | E17: 47 | G17: 77 | O17: 14
A18: 34801 | B18: 04/12/1995 | C18: 29 | E18: na | G18: na | O18: 15
A19: 34808 | B19: 04/19/1995 | C19: 27 | E19: 47 | G19: 69 | O19: 16
A20: 34815 | B20: 04/26/1995 | C20: 19 | E20: 37 | G20: 48 | O20: 17
A21: 34822 | B21: 05/03/1995 | C21: 24 | E21: 48 | G21: 48 | O21: 18
A22: 34829 | B22: 05/10/1995 | C22: 24 | E22: na | G22: na | O22: 19
A23: 34836 | B23: 05/17/1995 | C23: 26 | E23: 43 | G23: 59 | O23: 20
A24: 34843 | B24: 05/24/1995 | C24: 23 | E24: 53 | G24: 49 | O24: 21
A25: 34850 | B25: 05/31/1995 | C25: 30 | E25: 45 | G25: 42 | O25: 22
A26: 34857 | B26: 06/07/1995 | C26: 26 | E26: 37 | G26: 37 | O26: 23
A27: 34864 | B27: 06/14/1995 | C27: 28 | E27: 22 | G27: 31 | O27: 24
A28: 34871 | B28: 06/21/1995 | C28: 27 | E28: 30 | G28: 38 | O28: 25
A29: 34878 | B29: 06/28/1995 | C29: 26 | E29: 41 | G29: 52 | O29: 26
A30: 34885 | B30: 07/05/1995 | C30: 24 | E30: 40 | G30: 50 | O30: 27
A31: 34892 | B31: 07/12/1995 | C31: 17 | E31: 38 | G31: 56 | O31: 28
A32: 34899 | B32: 07/19/1995 | C32: 23 | E32: 44 | G32: 60 | O32: 29
A33: 34906 | B33: 07/26/1995 | C33: 24 | E33: 40 | G33: 67 | O33: 30
A34: 34913 | B34: 08/02/1995 | C34: 25 | E34: 48 | G34: 70 | O34: 31
... A54: 35053 | B54: 12/20/1995 | C54: 39 | E54: 39 | G54: 71 | O54: 51
A55: 35060 | B55: 12/27/1995 | C55: 32 | E55: 49 | G55: 66 | O55: 52 | P55: 31.358491 | Q55: 45.933333
A56: 35067 | B56: 01/03/1996 | C56: 34 | E56: 40 | G56: 83 | O56: 1
A57: 35075 | B57: 01/11/1996 | C57: 37 | E57: 56 | G57: 75 | O57: 2
A58: 35081 | B58: 01/17/1996 | C58: 38 | E58: 52 | G58: 81 | O58: 3
A59: 35088 | B59: 01/24/1996 | C59: 30 | E59: 55 | G59: 88 | O59: 4
A60: 35095 | B60: 01/31/1996 | C60: 35 | E60: 48 | G60: 82 | O60: 5
A61: 35102 | B61: 02/07/1996 | C61: 49 | E61: 50 | G61: 76 | O61: 6
A62: 35109 | B62: 02/14/1996 | C62: 57 | E62: 47 | G62: 70 | O62: 7
A63: 35117 | B63: 02/22/1996 | C63: 49 | E63: 58 | G63: 70 | O63: 8
A64: 35123 | B64: 02/28/1996 | C64: 48 | E64: 56 | G64: 71 | O64: 9
A65: 35130 | B65: 03/06/1996 | C65: 52 | E65: 61 | G65: 68 | O65: 10
A66: 35138 | B66: 03/14/1996 | C66: 32 | E66: 58 | G66: 59 | O66: 11
A67: 35144 | B67: 03/20/1996 | C67: 32 | E67: 47 | G67: 64 | O67: 12
... A107: 35424 | B107: 12/25/1996 | C107: 45 | E107: 49 | G107: 68 | O107: 52
A108: 35432 | B108: 01/02/1997 | C108: 45 | E108: 42 | G108: 77 | O108: 1 | P108: 46.377358 | Q108: 46.377358
A109: 35439 | B109: 01/09/1997 | C109: 47 | E109: 43 | G109: 72 | O109: 2
A110: 35446 | B110: 01/16/1997 | C110: 48 | E110: 53 | G110: 71 | O110: 3
A111: 35453 | B111: 01/23/1997 | C111: 43 | E111: 52 | G111: 68 | O111: 4
A112: 35460 | B112: 01/30/1997 | C112: 45 | E112: 43 | G112: 68 | O112: 5
A113: 35467 | B113: 02/06/1997 | C113: 43 | E113: 52 | G113: 66 | O113: 6
A114: 35474 | B114: 02/13/1997 | C114: 47 | E114: 50 | G114: 71 | O114: 7
A115: 35481 | B115: 02/20/1997 | C115: 41 | E115: 55 | G115: 58 | O115: 8
A116: 35488 | B116: 02/27/1997 | C116: 41 | E116: 44 | G116: 49 | O116: 9
A117: 35495 | B117: 03/06/1997 | C117: 37 | E117: 43 | G117: 62 | O117: 10
A118: 35502 | B118: 03/13/1997 | C118: 42 | E118: 46 | G118: 54 | O118: 11
A119: 35509 | B119: 03/20/1997 | C119: 43 | E119: 42 | G119: 48 | O119: 12
A120: 35516 | B120: 03/27/1997 | C120: 35 | E120: 35 | G120: 49 | O120: 13
... A124: 35544 | B124: 04/24/1997 | C124: 29 | E124: 38 | G124: 45 | O124: 17
A125: 35551 | B125: 05/01/1997 | C125: 29 | E125: 36 | G125: 39 | L125: 7 | M125: 6 | N125: 1 | O125: 18
A126: 35558 | B126: 05/08/1997 | C126: 17 | E126: 45 | G126: 34 | L126: 9 | M126: 10 | N126: 0 | O126: 19
A127: 35565 | B127: 05/15/1997 | C127: 11 | E127: 25 | G127: 45 | L127: 10 | M127: 9 | N127: 5 | O127: 20
A128: 35572 | B128: 05/22/1997 | C128: 22 | E128: 26 | G128: 49 | L128: 9 | M128: 10 | N128: 5 | O128: 21
A129: 35579 | B129: 05/29/1997 | C129: 36 | E129: 35 | G129: 31 | L129: 17 | M129: 9 | N129: 4 | O129: 22
A130: 35586 | B130: 06/05/1997 | C130: 23 | E130: 34 | G130: 43 | L130: 16 | M130: 12 | N130: 0 | O130: 23
A131: 35593 | B131: 06/12/1997 | C131: 27 | E131: 34 | G131: 53 | L131: 12 | M131: 14 | N131: 0 | O131: 24
A132: 35600 | B132: 06/19/1997 | C132: 28 | E132: 37 | G132: 40 | L132: 12 | M132: 5 | N132: 1 | O132: 25
A133: 35607 | B133: 06/26/1997 | C133: 21 | E133: 40 | G133: 42 | L133: 16 | M133: 6 | N133: 4 | O133: 26
A134: 35614 | B134: 07/03/1997 | C134: 19 | E134: 32 | G134: 65 | L134: 15 | M134: 13 | N134: 4 | O134: 27
A135: 35621 | B135: 07/10/1997 | C135: 29 | E135: 38 | G135: 55 | L135: 16 | M135: 9 | N135: 9 | O135: 28
A136: 35628 | B136: 07/17/1997 | C136: 23 | E136: 40 | G136: 56 | L136: 11 | M136: 18 | N136: 5 | O136: 29
... A142: 35670 | B142: 08/28/1997 | C142: 28 | E142: 52 | G142: 55 | L142: 10 | M142: 10 | N142: 2 | O142: 35
A143: 35677 | B143: 09/04/1997 | C143: 33 | E143: 39 | G143: 55 | I143: 9 | L143: 7 | M143: 7 | N143: 0 | O143: 36
A144: 35684 | B144: 09/11/1997 | C144: 33 | E144: 46 | G144: 59 | I144: 10 | L144: 5 | M144: 3 | N144: 1 | O144: 37
A145: 35691 | B145: 09/18/1997 | C145: 35 | E145: 56 | G145: 64 | L145: 13 | M145: 11 | N145: 4 | O145: 38
A146: 35698 | B146: 09/25/1997 | C146: 52 | E146: 48 | G146: 56 | L146: 13 | M146: 13 | N146: 4 | O146: 39
A147: 35705 | B147: 10/02/1997 | C147: 36 | E147: 52 | G147: 52 | L147: 9 | M147: 4 | N147: 7 | O147: 40
A148: 35712 | B148: 10/09/1997 | C148: 31 | E148: 54 | G148: 62 | L148: 13 | M148: 8 | N148: 0 | O148: 41
A149: 35719 | B149: 10/16/1997 | C149: 37 | E149: 46 | G149: 64 | L149: 13 | M149: 11 | N149: 2 | O149: 42
A150: 35726 | B150: 10/23/1997 | C150: 30 | E150: 61 | G150: 60 | L150: 14 | M150: 16 | N150: 4 | O150: 43
A151: 35733 | B151: 10/30/1997 | C151: 34 | E151: 50 | G151: 67 | L151: 14 | M151: 9 | N151: 6 | O151: 44
A152: 35740 | B152: 11/06/1997 | C152: 35 | E152: 56 | G152: 75 | L152: 14 | M152: 16 | N152: 4 | O152: 45
A153: 35747 | B153: 11/13/1997 | C153: 33 | E153: 49 | G153: 70 | L153: 15 | M153: 12 | N153: 3 | O153: 46
A154: 35754 | B154: 11/20/1997 | C154: 29 | E154: 54 | G154: 73 | L154: 14 | M154: 12 | N154: 6 | O154: 47
A155: 35761 | B155: 11/27/1997 | C155: 34 | E155: 54 | G155: 89 | L155: 13 | M155: 5 | N155: 3 | O155: 48
A156: 35768 | B156: 12/04/1997 | C156: 44 | E156: 59 | G156: 75 | L156: 10 | M156: 14 | N156: 2 | O156: 49
... A175: 35901 | B175: 04/16/1998 | C175: 39 | E175: 43 | G175: 46 | L175: 11 | M175: 7 | N175: 1 | O175: 16
A176: 35908 | B176: 04/23/1998 | C176: 22 | E176: 45 | G176: 48 | I176: 19 | L176: 14 | M176: 14 | N176: 0 | O176: 17
A177: 35915 | B177: 04/30/1998 | C177: 19 | E177: 37 | G177: 61 | I177: 5 | L177: 10 | M177: 13 | N177: 1 | O177: 18
A178: 35922 | B178: 05/07/1998 | C178: 24 | E178: 35 | G178: 45 | I178: 7 | L178: 6 | M178: 10 | N178: 1 | O178: 19
A179: 35929 | B179: 05/14/1998 | C179: 33 | E179: 42 | G179: 50 | I179: 13 | L179: 8 | M179: 10 | N179: 1 | O179: 20
A180: 35936 | B180: 05/21/1998 | C180: 26 | E180: 45 | G180: 40 | I180: 10 | L180: 7 | M180: 6 | N180: 3 | O180: 21
A181: 35943 | B181: 05/28/1998 | C181: 28 | E181: 37 | G181: 47 | I181: 7 | L181: 9 | M181: 12 | N181: 0 | O181: 22
A182: 35950 | B182: 06/04/1998 | C182: 22 | E182: 48 | G182: 50 | I182: 7 | L182: 1 | M182: 10 | N182: 3 | O182: 23
A183: 35957 | B183: 06/11/1998 | C183: 26 | E183: 38 | G183: 50 | I183: 7 | L183: 3 | M183: 6 | N183: 1 | O183: 24
A184: 35964 | B184: 06/18/1998 | C184: 23 | E184: 49 | G184: 56 | I184: 7 | L184: 5 | M184: 3 | N184: 5 | O184: 25
...

Sheet New  Table 17
A1: Table 17
A2: Weekly Port Region Grain Ocean Vessel Activity (number of vessels)
E3: Pacific | F3: Vancouver
B4: Gulf | E4: Northwest | F4: B.C.
C5: Loaded | D5: Due next
A6: Date | B6: In port | C6: 7-days | D6: 10-days | E6: In port | F6: In port
A7: =Data!A1022 -> 41830 | B7: =Data!C1022 -> 29 | C7: =Data!E1022 -> 31 | D7: =Data!G1022 -> 41 | E7: =Data!I1022 -> 12 | F7: =Data!L1022 -> n/a
A8: =Data!A1021 -> 41823 | B8: =Data!C1021 -> 32 | C8: =Data!E1021 -> 26 | D8: =Data!G1021 -> 48 | E8: =Data!I1021 -> 11 | F8: =Data!L1021 -> n/a
A9: 2013 range | B9: (16..60) | C9: (20..56) | D9: (31..81) | E9: (0..24) | F9: n/a
A10: 2013 avg. | B10: 32 | C10: 33 | D10: 51 | E10: 12 | F10: n/a
A11: Source: Transportation & Marketing Programs/AMS/USDA
