Workbook
Name TARIFF: #REF!

Sheet Data
A1: fsc: | B1: fuel surcharge | C1: Tariff Rail Rates for Unit and Shuttle Train Shipments | L1: Tariff Rail Rates for Unit and Shuttle Train Shipments | U1: quarter
A2: tr: | B2: tariff rate | D2: = month at the end of a quarter | H2: = data that shows in the table | S2: quarterly | U2: over
F3: gtr | O3: tr plus fsc | P3: tr plus fsc | Q3: year over | R3: year over | S3: tr plus fsc | T3: quarter | U3: same quarter
E4: effective | F4: publication | J4: fsc | K4: tr per | L4: tr per | N4: tr plus fsc | O4: per | P4: per | Q4: year change | R4: year change | S4: per | T4: over quarter | U4: last year
A5: commodity | B5: origin | C5: destination | D5: train type | E5: date | F5: date | G5: tr per car | H5: mileage | I5: railroad | J5: per mile | K5: metric ton | L5: bushel | M5: fsc per car | N5: per car | O5: metric ton | P5: bushel | Q5: of tr | R5: of tr plus fsc | S5: metric ton | T5: change | U5: change | V5: Tariff document
A6: Wheat | B6: South Central KS | C6: St. Louis, MO | D6: unit | E6: 40330 | F6: 40339 | G6: 2774 | H6: 506 | I6: UP | J6: =IF(I6="BNSF",0.46,IF(I6="CN",0.1495,IF(I6="CSX",0.27,0.2))) -> 0.2 | K6: =G6/100.7 -> 27.54717 | L6: =IF(A6="corn",G6/(111*2000/56),G6/(111*2000/60)) -> 0.74972973 | M6: =H6*J6 -> 101.2 | N6: =G6+M6 -> 2875.2 | O6: =N6/100.7 -> 28.552135 | P6: =IF(A6="corn",N6/(111*2000/56),N6/(111*2000/60)) -> 0.77708108
A7: Wheat | B7: Grand Forks, ND | C7: Dulth-Superior, MN | D7: unit | E7: 40330 | F7: 40339 | G7: 2400 | H7: 298 | I7: BNSF | J7: =IF(I7="BNSF",0.46,IF(I7="CN",0.1495,IF(I7="CSX",0.27,0.2))) -> 0.46 | K7: =G7/100.7 -> 23.833168 | L7: =IF(A7="corn",G7/(111*2000/56),G7/(111*2000/60)) -> 0.64864865 | M7: =H7*J7 -> 137.08 | N7: =G7+M7 -> 2537.08 | O7: =N7/100.7 -> 25.194439 | P7: =IF(A7="corn",N7/(111*2000/56),N7/(111*2000/60)) -> 0.6856973
A8: Wheat | B8: South Central KS | C8: Los Angeles, CA | D8: unit | E8: 40330 | F8: 40339 | G8: 5047 | H8: 1530 | I8: BNSF | J8: =IF(I8="BNSF",0.46,IF(I8="CN",0.1495,IF(I8="CSX",0.27,0.2))) -> 0.46 | K8: =G8/100.7 -> 50.119166 | L8: =IF(A8="corn",G8/(111*2000/56),G8/(111*2000/60)) -> 1.3640541 | M8: =H8*J8 -> 703.8 | N8: =G8+M8 -> 5750.8 | O8: =N8/100.7 -> 57.108242 | P8: =IF(A8="corn",N8/(111*2000/56),N8/(111*2000/60)) -> 1.5542703
A9: Wheat | B9: South Central KS | C9: New Orleans, LA | D9: unit | E9: 40330 | F9: 40339 | G9: 3275 | H9: 890 | I9: UP | J9: =IF(I9="BNSF",0.46,IF(I9="CN",0.1495,IF(I9="CSX",0.27,0.2))) -> 0.2 | K9: =G9/100.7 -> 32.522344 | L9: =IF(A9="corn",G9/(111*2000/56),G9/(111*2000/60)) -> 0.88513514 | M9: =H9*J9 -> 178 | N9: =G9+M9 -> 3453 | O9: =N9/100.7 -> 34.28997 | P9: =IF(A9="corn",N9/(111*2000/56),N9/(111*2000/60)) -> 0.93324324
A10: Wheat | B10: Sioux Falls, SD | C10: Galveston-Houston, TX | D10: unit | E10: 40330 | F10: 40339 | G10: 4981 | H10: 1256 | I10: BNSF | J10: =IF(I10="BNSF",0.46,IF(I10="CN",0.1495,IF(I10="CSX",0.27,0.2))) -> 0.46 | K10: =G10/100.7 -> 49.463754 | L10: =IF(A10="corn",G10/(111*2000/56),G10/(111*2000/60)) -> 1.3462162 | M10: =H10*J10 -> 577.76 | N10: =G10+M10 -> 5558.76 | O10: =N10/100.7 -> 55.201192 | P10: =IF(A10="corn",N10/(111*2000/56),N10/(111*2000/60)) -> 1.5023676
A11: Wheat | B11: Northwest KS | C11: Galveston-Houston, TX | D11: unit | E11: 40330 | F11: 40339 | G11: 3543 | H11: 975 | I11: UP | J11: =IF(I11="BNSF",0.46,IF(I11="CN",0.1495,IF(I11="CSX",0.27,0.2))) -> 0.2 | K11: =G11/100.7 -> 35.183714 | L11: =IF(A11="corn",G11/(111*2000/56),G11/(111*2000/60)) -> 0.95756757 | M11: =H11*J11 -> 195 | N11: =G11+M11 -> 3738 | O11: =N11/100.7 -> 37.120159 | P11: =IF(A11="corn",N11/(111*2000/56),N11/(111*2000/60)) -> 1.0102703
A12: Wheat | B12: Amarillo, TX | C12: Los Angeles, CA | D12: unit | E12: 40330 | F12: 40339 | G12: 3742 | H12: 1357 | I12: UP | J12: =IF(I12="BNSF",0.46,IF(I12="CN",0.1495,IF(I12="CSX",0.27,0.2))) -> 0.2 | K12: =G12/100.7 -> 37.159881 | L12: =IF(A12="corn",G12/(111*2000/56),G12/(111*2000/60)) -> 1.0113514 | M12: =H12*J12 -> 271.4 | N12: =G12+M12 -> 4013.4 | O12: =N12/100.7 -> 39.855015 | P12: =IF(A12="corn",N12/(111*2000/56),N12/(111*2000/60)) -> 1.0847027
A13: Corn | B13: Champaign-Urbana, IL | C13: New Orleans, LA | D13: unit | E13: 40330 | F13: 40339 | G13: 2785 | H13: 1006 | I13: UP | J13: =IF(I13="BNSF",0.46,IF(I13="CN",0.1495,IF(I13="CSX",0.27,0.2))) -> 0.2 | K13: =G13/100.7 -> 27.656405 | L13: =IF(A13="corn",G13/(111*2000/56),G13/(111*2000/60)) -> 0.70252252 | M13: =H13*J13 -> 201.2 | N13: =G13+M13 -> 2986.2 | O13: =N13/100.7 -> 29.654419 | P13: =IF(A13="corn",N13/(111*2000/56),N13/(111*2000/60)) -> 0.75327568
A14: Corn | B14: Toledo, OH | C14: Raleigh, NC | D14: unit | E14: 40330 | F14: 40339 | G14: 3471 | H14: 866 | I14: CSX | J14: =IF(I14="BNSF",0.46,IF(I14="CN",0.1495,IF(I14="CSX",0.27,0.2))) -> 0.27 | K14: =G14/100.7 -> 34.468719 | L14: =IF(A14="corn",G14/(111*2000/56),G14/(111*2000/60)) -> 0.87556757 | M14: =H14*J14 -> 233.82 | N14: =G14+M14 -> 3704.82 | O14: =N14/100.7 -> 36.790665 | P14: =IF(A14="corn",N14/(111*2000/56),N14/(111*2000/60)) -> 0.93454919
A15: Corn | B15: Des Moines, IA | C15: Davenport, IA | D15: unit | E15: 40330 | F15: 40339 | G15: 1912 | H15: 213 | I15: UP | J15: =IF(I15="BNSF",0.46,IF(I15="CN",0.1495,IF(I15="CSX",0.27,0.2))) -> 0.2 | K15: =G15/100.7 -> 18.98709 | L15: =IF(A15="corn",G15/(111*2000/56),G15/(111*2000/60)) -> 0.48230631 | M15: =H15*J15 -> 42.6 | N15: =G15+M15 -> 1954.6 | O15: =N15/100.7 -> 19.410129 | P15: =IF(A15="corn",N15/(111*2000/56),N15/(111*2000/60)) -> 0.49305225
A16: Corn | B16: Indianapolis, IN | C16: Atlanta, GA | D16: unit | E16: 40330 | F16: 40339 | G16: 2993 | H16: 650 | I16: CSX | J16: =IF(I16="BNSF",0.46,IF(I16="CN",0.1495,IF(I16="CSX",0.27,0.2))) -> 0.27 | K16: =G16/100.7 -> 29.721946 | L16: =IF(A16="corn",G16/(111*2000/56),G16/(111*2000/60)) -> 0.75499099 | M16: =H16*J16 -> 175.5 | N16: =G16+M16 -> 3168.5 | O16: =N16/100.7 -> 31.464747 | P16: =IF(A16="corn",N16/(111*2000/56),N16/(111*2000/60)) -> 0.79926126
A17: Corn | B17: Indianapolis, IN | C17: Knoxville, TN | D17: unit | E17: 40330 | F17: 40339 | G17: 2557 | H17: 417 | I17: CSX | J17: =IF(I17="BNSF",0.46,IF(I17="CN",0.1495,IF(I17="CSX",0.27,0.2))) -> 0.27 | K17: =G17/100.7 -> 25.392254 | L17: =IF(A17="corn",G17/(111*2000/56),G17/(111*2000/60)) -> 0.64500901 | M17: =H17*J17 -> 112.59 | N17: =G17+M17 -> 2669.59 | O17: =N17/100.7 -> 26.510328 | P17: =IF(A17="corn",N17/(111*2000/56),N17/(111*2000/60)) -> 0.67341009
... A81: Soybeans | B81: Grand Island, NE | C81: Portland, OR | D81: shuttle | E81: 40360 | F81: 40365 | G81: 4320 | H81: 1637 | I81: UP | J81: =IF(I81="BNSF",0.46,IF(I81="CN",0.1495,IF(I81="CSX",0.27,0.2))) -> 0.2 | K81: =G81/100.7 -> 42.899702 | L81: =IF(A81="corn",G81/(111*2000/56),G81/(111*2000/60)) -> 1.1675676 | M81: =H81*J81 -> 327.4 | N81: =G81+M81 -> 4647.4 | O81: =N81/100.7 -> 46.150943 | P81: =IF(A81="corn",N81/(111*2000/56),N81/(111*2000/60)) -> 1.2560541
A82: Wheat | B82: South Central KS | C82: St. Louis, MO | D82: unit | E82: 40391 | F82: 40395 | G82: 2774 | H82: 506 | I82: UP | J82: =IF(I82="BNSF",0.43,IF(I82="CN",0.1265,IF(I82="CSX",0.24,0.17))) -> 0.17 | K82: =G82/100.7 -> 27.54717 | L82: =IF(A82="corn",G82/(111*2000/56),G82/(111*2000/60)) -> 0.74972973 | M82: =H82*J82 -> 86.02 | N82: =G82+M82 -> 2860.02 | O82: =N82/100.7 -> 28.40139 | P82: =IF(A82="corn",N82/(111*2000/56),N82/(111*2000/60)) -> 0.77297838
A83: Wheat | B83: Grand Forks, ND | C83: Dulth-Superior, MN | D83: unit | E83: 40391 | F83: 40395 | G83: 2563 | H83: 298 | I83: BNSF | J83: =IF(I83="BNSF",0.43,IF(I83="CN",0.1265,IF(I83="CSX",0.24,0.17))) -> 0.43 | K83: =G83/100.7 -> 25.451837 | L83: =IF(A83="corn",G83/(111*2000/56),G83/(111*2000/60)) -> 0.6927027 | M83: =H83*J83 -> 128.14 | N83: =G83+M83 -> 2691.14 | O83: =N83/100.7 -> 26.72433 | P83: =IF(A83="corn",N83/(111*2000/56),N83/(111*2000/60)) -> 0.72733514
A84: Wheat | B84: South Central KS | C84: Los Angeles, CA | D84: unit | E84: 40391 | F84: 40395 | G84: 5047 | H84: 1530 | I84: BNSF | J84: =IF(I84="BNSF",0.43,IF(I84="CN",0.1265,IF(I84="CSX",0.24,0.17))) -> 0.43 | K84: =G84/100.7 -> 50.119166 | L84: =IF(A84="corn",G84/(111*2000/56),G84/(111*2000/60)) -> 1.3640541 | M84: =H84*J84 -> 657.9 | N84: =G84+M84 -> 5704.9 | O84: =N84/100.7 -> 56.652433 | P84: =IF(A84="corn",N84/(111*2000/56),N84/(111*2000/60)) -> 1.5418649
A85: Wheat | B85: South Central KS | C85: New Orleans, LA | D85: unit | E85: 40391 | F85: 40395 | G85: 3275 | H85: 890 | I85: UP | J85: =IF(I85="BNSF",0.43,IF(I85="CN",0.1265,IF(I85="CSX",0.24,0.17))) -> 0.17 | K85: =G85/100.7 -> 32.522344 | L85: =IF(A85="corn",G85/(111*2000/56),G85/(111*2000/60)) -> 0.88513514 | M85: =H85*J85 -> 151.3 | N85: =G85+M85 -> 3426.3 | O85: =N85/100.7 -> 34.024826 | P85: =IF(A85="corn",N85/(111*2000/56),N85/(111*2000/60)) -> 0.92602703
A86: Wheat | B86: Sioux Falls, SD | C86: Galveston-Houston, TX | D86: unit | E86: 40391 | F86: 40395 | G86: 4981 | H86: 1256 | I86: BNSF | J86: =IF(I86="BNSF",0.43,IF(I86="CN",0.1265,IF(I86="CSX",0.24,0.17))) -> 0.43 | K86: =G86/100.7 -> 49.463754 | L86: =IF(A86="corn",G86/(111*2000/56),G86/(111*2000/60)) -> 1.3462162 | M86: =H86*J86 -> 540.08 | N86: =G86+M86 -> 5521.08 | O86: =N86/100.7 -> 54.827011 | P86: =IF(A86="corn",N86/(111*2000/56),N86/(111*2000/60)) -> 1.4921838
A87: Wheat | B87: Northwest KS | C87: Galveston-Houston, TX | D87: unit | E87: 40391 | F87: 40395 | G87: 3543 | H87: 975 | I87: UP | J87: =IF(I87="BNSF",0.43,IF(I87="CN",0.1265,IF(I87="CSX",0.24,0.17))) -> 0.17 | K87: =G87/100.7 -> 35.183714 | L87: =IF(A87="corn",G87/(111*2000/56),G87/(111*2000/60)) -> 0.95756757 | M87: =H87*J87 -> 165.75 | N87: =G87+M87 -> 3708.75 | O87: =N87/100.7 -> 36.829692 | P87: =IF(A87="corn",N87/(111*2000/56),N87/(111*2000/60)) -> 1.0023649
A88: Wheat | B88: Amarillo, TX | C88: Los Angeles, CA | D88: unit | E88: 40391 | F88: 40395 | G88: 3742 | H88: 1357 | I88: UP | J88: =IF(I88="BNSF",0.43,IF(I88="CN",0.1265,IF(I88="CSX",0.24,0.17))) -> 0.17 | K88: =G88/100.7 -> 37.159881 | L88: =IF(A88="corn",G88/(111*2000/56),G88/(111*2000/60)) -> 1.0113514 | M88: =H88*J88 -> 230.69 | N88: =G88+M88 -> 3972.69 | O88: =N88/100.7 -> 39.450745 | P88: =IF(A88="corn",N88/(111*2000/56),N88/(111*2000/60)) -> 1.0737
A89: Corn | B89: Champaign-Urbana, IL | C89: New Orleans, LA | D89: unit | E89: 40391 | F89: 40395 | G89: 2785 | H89: 1006 | I89: UP | J89: =IF(I89="BNSF",0.43,IF(I89="CN",0.1265,IF(I89="CSX",0.24,0.17))) -> 0.17 | K89: =G89/100.7 -> 27.656405 | L89: =IF(A89="corn",G89/(111*2000/56),G89/(111*2000/60)) -> 0.70252252 | M89: =H89*J89 -> 171.02 | N89: =G89+M89 -> 2956.02 | O89: =N89/100.7 -> 29.354717 | P89: =IF(A89="corn",N89/(111*2000/56),N89/(111*2000/60)) -> 0.7456627
A90: Corn | B90: Toledo, OH | C90: Raleigh, NC | D90: unit | E90: 40391 | F90: 40395 | G90: 3471 | H90: 866 | I90: CSX | J90: =IF(I90="BNSF",0.43,IF(I90="CN",0.1265,IF(I90="CSX",0.24,0.17))) -> 0.24 | K90: =G90/100.7 -> 34.468719 | L90: =IF(A90="corn",G90/(111*2000/56),G90/(111*2000/60)) -> 0.87556757 | M90: =H90*J90 -> 207.84 | N90: =G90+M90 -> 3678.84 | O90: =N90/100.7 -> 36.532671 | P90: =IF(A90="corn",N90/(111*2000/56),N90/(111*2000/60)) -> 0.92799568
A91: Corn | B91: Des Moines, IA | C91: Davenport, IA | D91: unit | E91: 40391 | F91: 40395 | G91: 1912 | H91: 213 | I91: UP | J91: =IF(I91="BNSF",0.43,IF(I91="CN",0.1265,IF(I91="CSX",0.24,0.17))) -> 0.17 | K91: =G91/100.7 -> 18.98709 | L91: =IF(A91="corn",G91/(111*2000/56),G91/(111*2000/60)) -> 0.48230631 | M91: =H91*J91 -> 36.21 | N91: =G91+M91 -> 1948.21 | O91: =N91/100.7 -> 19.346673 | P91: =IF(A91="corn",N91/(111*2000/56),N91/(111*2000/60)) -> 0.49144036
A92: Corn | B92: Indianapolis, IN | C92: Atlanta, GA | D92: unit | E92: 40391 | F92: 40395 | G92: 2993 | H92: 650 | I92: CSX | J92: =IF(I92="BNSF",0.43,IF(I92="CN",0.1265,IF(I92="CSX",0.24,0.17))) -> 0.24 | K92: =G92/100.7 -> 29.721946 | L92: =IF(A92="corn",G92/(111*2000/56),G92/(111*2000/60)) -> 0.75499099 | M92: =H92*J92 -> 156 | N92: =G92+M92 -> 3149 | O92: =N92/100.7 -> 31.271102 | P92: =IF(A92="corn",N92/(111*2000/56),N92/(111*2000/60)) -> 0.79434234
A93: Corn | B93: Indianapolis, IN | C93: Knoxville, TN | D93: unit | E93: 40391 | F93: 40395 | G93: 2557 | H93: 417 | I93: CSX | J93: =IF(I93="BNSF",0.43,IF(I93="CN",0.1265,IF(I93="CSX",0.24,0.17))) -> 0.24 | K93: =G93/100.7 -> 25.392254 | L93: =IF(A93="corn",G93/(111*2000/56),G93/(111*2000/60)) -> 0.64500901 | M93: =H93*J93 -> 100.08 | N93: =G93+M93 -> 2657.08 | O93: =N93/100.7 -> 26.386097 | P93: =IF(A93="corn",N93/(111*2000/56),N93/(111*2000/60)) -> 0.67025441
... A119: Soybeans | B119: Grand Island, NE | C119: Portland, OR | D119: shuttle | E119: 40391 | F119: 40395 | G119: 4320 | H119: 1637 | I119: UP | J119: =IF(I119="BNSF",0.43,IF(I119="CN",0.1265,IF(I119="CSX",0.24,0.17))) -> 0.17 | K119: =G119/100.7 -> 42.899702 | L119: =IF(A119="corn",G119/(111*2000/56),G119/(111*2000/60)) -> 1.1675676 | M119: =H119*J119 -> 278.29 | N119: =G119+M119 -> 4598.29 | O119: =N119/100.7 -> 45.663257 | P119: =IF(A119="corn",N119/(111*2000/56),N119/(111*2000/60)) -> 1.2427811
A120: Wheat | B120: South Central KS | C120: St. Louis, MO | D120: unit | E120: 40422 | F120: 40428 | G120: 2774 | H120: 506 | I120: UP | J120: =IF(I120="BNSF",0.42,IF(I120="CN",0.1208,IF(I120="CSX",0.23,0.17))) -> 0.17 | K120: =G120/100.7 -> 27.54717 | L120: =IF(A120="corn",G120/(111*2000/56),G120/(111*2000/60)) -> 0.74972973 | M120: =H120*J120 -> 86.02 | N120: =G120+M120 -> 2860.02 | O120: =N120/100.7 -> 28.40139 | P120: =IF(A120="corn",N120/(111*2000/56),N120/(111*2000/60)) -> 0.77297838 | S120: =AVERAGE(O44,O82,O120) -> 28.451639
A121: Wheat | B121: Grand Forks, ND | C121: Dulth-Superior, MN | D121: unit | E121: 40422 | F121: 40428 | G121: 2563 | H121: 298 | I121: BNSF | J121: =IF(I121="BNSF",0.42,IF(I121="CN",0.1208,IF(I121="CSX",0.23,0.17))) -> 0.42 | K121: =G121/100.7 -> 25.451837 | L121: =IF(A121="corn",G121/(111*2000/56),G121/(111*2000/60)) -> 0.6927027 | M121: =H121*J121 -> 125.16 | N121: =G121+M121 -> 2688.16 | O121: =N121/100.7 -> 26.694737 | P121: =IF(A121="corn",N121/(111*2000/56),N121/(111*2000/60)) -> 0.72652973 | S121: =AVERAGE(O45,O83,O121) -> 26.204502
A122: Wheat | B122: South Central KS | C122: Los Angeles, CA | D122: unit | E122: 40422 | F122: 40428 | G122: 5047 | H122: 1530 | I122: BNSF | J122: =IF(I122="BNSF",0.42,IF(I122="CN",0.1208,IF(I122="CSX",0.23,0.17))) -> 0.42 | K122: =G122/100.7 -> 50.119166 | L122: =IF(A122="corn",G122/(111*2000/56),G122/(111*2000/60)) -> 1.3640541 | M122: =H122*J122 -> 642.6 | N122: =G122+M122 -> 5689.6 | O122: =N122/100.7 -> 56.500497 | P122: =IF(A122="corn",N122/(111*2000/56),N122/(111*2000/60)) -> 1.5377297 | S122: =AVERAGE(O46,O84,O122) -> 56.753724
A123: Wheat | B123: South Central KS | C123: New Orleans, LA | D123: unit | E123: 40422 | F123: 40428 | G123: 3275 | H123: 890 | I123: UP | J123: =IF(I123="BNSF",0.42,IF(I123="CN",0.1208,IF(I123="CSX",0.23,0.17))) -> 0.17 | K123: =G123/100.7 -> 32.522344 | L123: =IF(A123="corn",G123/(111*2000/56),G123/(111*2000/60)) -> 0.88513514 | M123: =H123*J123 -> 151.3 | N123: =G123+M123 -> 3426.3 | O123: =N123/100.7 -> 34.024826 | P123: =IF(A123="corn",N123/(111*2000/56),N123/(111*2000/60)) -> 0.92602703 | S123: =AVERAGE(O47,O85,O123) -> 34.113208
A124: Wheat | B124: Sioux Falls, SD | C124: Galveston-Houston, TX | D124: unit | E124: 40422 | F124: 40428 | G124: 4981 | H124: 1256 | I124: BNSF | J124: =IF(I124="BNSF",0.42,IF(I124="CN",0.1208,IF(I124="CSX",0.23,0.17))) -> 0.42 | K124: =G124/100.7 -> 49.463754 | L124: =IF(A124="corn",G124/(111*2000/56),G124/(111*2000/60)) -> 1.3462162 | M124: =H124*J124 -> 527.52 | N124: =G124+M124 -> 5508.52 | O124: =N124/100.7 -> 54.702284 | P124: =IF(A124="corn",N124/(111*2000/56),N124/(111*2000/60)) -> 1.4887892 | S124: =AVERAGE(O48,O86,O124) -> 54.910162
A125: Wheat | B125: Northwest KS | C125: Galveston-Houston, TX | D125: unit | E125: 40422 | F125: 40428 | G125: 3543 | H125: 975 | I125: UP | J125: =IF(I125="BNSF",0.42,IF(I125="CN",0.1208,IF(I125="CSX",0.23,0.17))) -> 0.17 | K125: =G125/100.7 -> 35.183714 | L125: =IF(A125="corn",G125/(111*2000/56),G125/(111*2000/60)) -> 0.95756757 | M125: =H125*J125 -> 165.75 | N125: =G125+M125 -> 3708.75 | O125: =N125/100.7 -> 36.829692 | P125: =IF(A125="corn",N125/(111*2000/56),N125/(111*2000/60)) -> 1.0023649 | S125: =AVERAGE(O49,O87,O125) -> 36.926514
A126: Wheat | B126: Amarillo, TX | C126: Los Angeles, CA | D126: unit | E126: 40422 | F126: 40428 | G126: 3742 | H126: 1357 | I126: UP | J126: =IF(I126="BNSF",0.42,IF(I126="CN",0.1208,IF(I126="CSX",0.23,0.17))) -> 0.17 | K126: =G126/100.7 -> 37.159881 | L126: =IF(A126="corn",G126/(111*2000/56),G126/(111*2000/60)) -> 1.0113514 | M126: =H126*J126 -> 230.69 | N126: =G126+M126 -> 3972.69 | O126: =N126/100.7 -> 39.450745 | P126: =IF(A126="corn",N126/(111*2000/56),N126/(111*2000/60)) -> 1.0737 | S126: =AVERAGE(O50,O88,O126) -> 39.585501
A127: Corn | B127: Champaign-Urbana, IL | C127: New Orleans, LA | D127: unit | E127: 40422 | F127: 40428 | G127: 2785 | H127: 1006 | I127: UP | J127: =IF(I127="BNSF",0.42,IF(I127="CN",0.1208,IF(I127="CSX",0.23,0.17))) -> 0.17 | K127: =G127/100.7 -> 27.656405 | L127: =IF(A127="corn",G127/(111*2000/56),G127/(111*2000/60)) -> 0.70252252 | M127: =H127*J127 -> 171.02 | N127: =G127+M127 -> 2956.02 | O127: =N127/100.7 -> 29.354717 | P127: =IF(A127="corn",N127/(111*2000/56),N127/(111*2000/60)) -> 0.7456627 | S127: =AVERAGE(O51,O89,O127) -> 29.454618
A128: Corn | B128: Toledo, OH | C128: Raleigh, NC | D128: unit | E128: 40422 | F128: 40428 | G128: 3471 | H128: 866 | I128: CSX | J128: =IF(I128="BNSF",0.42,IF(I128="CN",0.1208,IF(I128="CSX",0.23,0.17))) -> 0.23 | K128: =G128/100.7 -> 34.468719 | L128: =IF(A128="corn",G128/(111*2000/56),G128/(111*2000/60)) -> 0.87556757 | M128: =H128*J128 -> 199.18 | N128: =G128+M128 -> 3670.18 | O128: =N128/100.7 -> 36.446673 | P128: =IF(A128="corn",N128/(111*2000/56),N128/(111*2000/60)) -> 0.92581117 | S128: =AVERAGE(O52,O90,O128) -> 36.590003
A129: Corn | B129: Des Moines, IA | C129: Davenport, IA | D129: unit | E129: 40422 | F129: 40428 | G129: 1912 | H129: 213 | I129: UP | J129: =IF(I129="BNSF",0.42,IF(I129="CN",0.1208,IF(I129="CSX",0.23,0.17))) -> 0.17 | K129: =G129/100.7 -> 18.98709 | L129: =IF(A129="corn",G129/(111*2000/56),G129/(111*2000/60)) -> 0.48230631 | M129: =H129*J129 -> 36.21 | N129: =G129+M129 -> 1948.21 | O129: =N129/100.7 -> 19.346673 | P129: =IF(A129="corn",N129/(111*2000/56),N129/(111*2000/60)) -> 0.49144036 | S129: =AVERAGE(O53,O91,O129) -> 19.367825
A130: Corn | B130: Indianapolis, IN | C130: Atlanta, GA | D130: unit | E130: 40422 | F130: 40428 | G130: 2993 | H130: 650 | I130: CSX | J130: =IF(I130="BNSF",0.42,IF(I130="CN",0.1208,IF(I130="CSX",0.23,0.17))) -> 0.23 | K130: =G130/100.7 -> 29.721946 | L130: =IF(A130="corn",G130/(111*2000/56),G130/(111*2000/60)) -> 0.75499099 | M130: =H130*J130 -> 149.5 | N130: =G130+M130 -> 3142.5 | O130: =N130/100.7 -> 31.206554 | P130: =IF(A130="corn",N130/(111*2000/56),N130/(111*2000/60)) -> 0.7927027 | S130: =AVERAGE(O54,O92,O130) -> 31.314134
A131: Corn | B131: Indianapolis, IN | C131: Knoxville, TN | D131: unit | E131: 40422 | F131: 40428 | G131: 2557 | H131: 417 | I131: CSX | J131: =IF(I131="BNSF",0.42,IF(I131="CN",0.1208,IF(I131="CSX",0.23,0.17))) -> 0.23 | K131: =G131/100.7 -> 25.392254 | L131: =IF(A131="corn",G131/(111*2000/56),G131/(111*2000/60)) -> 0.64500901 | M131: =H131*J131 -> 95.91 | N131: =G131+M131 -> 2652.91 | O131: =N131/100.7 -> 26.344687 | P131: =IF(A131="corn",N131/(111*2000/56),N131/(111*2000/60)) -> 0.66920252 | S131: =AVERAGE(O55,O93,O131) -> 26.413704
... A157: Soybeans | B157: Grand Island, NE | C157: Portland, OR | D157: shuttle | E157: 40422 | F157: 40428 | G157: 4420 | H157: 1637 | I157: UP | J157: =IF(I157="BNSF",0.42,IF(I157="CN",0.1208,IF(I157="CSX",0.23,0.17))) -> 0.17 | K157: =G157/100.7 -> 43.892751 | L157: =IF(A157="corn",G157/(111*2000/56),G157/(111*2000/60)) -> 1.1945946 | M157: =H157*J157 -> 278.29 | N157: =G157+M157 -> 4698.29 | O157: =N157/100.7 -> 46.656306 | P157: =IF(A157="corn",N157/(111*2000/56),N157/(111*2000/60)) -> 1.2698081 | S157: =AVERAGE(O81,O119,O157) -> 46.156835
A158: Wheat | B158: South Central KS | C158: St. Louis, MO | D158: unit | E158: 40455 | F158: 40458 | G158: 2774 | H158: 506 | I158: UP | J158: =IF(I158="BNSF",0.43,IF(I158="CN",0.1265,IF(I158="CSX",0.24,0.18))) -> 0.18 | K158: =G158/100.7 -> 27.54717 | L158: =IF(A158="corn",G158/(111*2000/56),G158/(111*2000/60)) -> 0.74972973 | M158: =H158*J158 -> 91.08 | N158: =G158+M158 -> 2865.08 | O158: =N158/100.7 -> 28.451639 | P158: =IF(A158="corn",N158/(111*2000/56),N158/(111*2000/60)) -> 0.77434595
A159: Wheat | B159: Grand Forks, ND | C159: Dulth-Superior, MN | D159: unit | E159: 40455 | F159: 40458 | G159: =SUM(-698+3261) -> 2563 | H159: 298 | I159: BNSF | J159: =IF(I159="BNSF",0.43,IF(I159="CN",0.1265,IF(I159="CSX",0.24,0.18))) -> 0.43 | K159: =G159/100.7 -> 25.451837 | L159: =IF(A159="corn",G159/(111*2000/56),G159/(111*2000/60)) -> 0.6927027 | M159: =H159*J159 -> 128.14 | N159: =G159+M159 -> 2691.14 | O159: =N159/100.7 -> 26.72433 | P159: =IF(A159="corn",N159/(111*2000/56),N159/(111*2000/60)) -> 0.72733514
A160: Wheat | B160: South Central KS | C160: Los Angeles, CA | D160: unit | E160: 40455 | F160: 40458 | G160: 5047 | H160: 1530 | I160: BNSF | J160: =IF(I160="BNSF",0.43,IF(I160="CN",0.1265,IF(I160="CSX",0.24,0.18))) -> 0.43 | K160: =G160/100.7 -> 50.119166 | L160: =IF(A160="corn",G160/(111*2000/56),G160/(111*2000/60)) -> 1.3640541 | M160: =H160*J160 -> 657.9 | N160: =G160+M160 -> 5704.9 | O160: =N160/100.7 -> 56.652433 | P160: =IF(A160="corn",N160/(111*2000/56),N160/(111*2000/60)) -> 1.5418649
A161: Wheat | B161: South Central KS | C161: New Orleans, LA | D161: unit | E161: 40455 | F161: 40458 | G161: 3275 | H161: 890 | I161: UP | J161: =IF(I161="BNSF",0.43,IF(I161="CN",0.1265,IF(I161="CSX",0.24,0.18))) -> 0.18 | K161: =G161/100.7 -> 32.522344 | L161: =IF(A161="corn",G161/(111*2000/56),G161/(111*2000/60)) -> 0.88513514 | M161: =H161*J161 -> 160.2 | N161: =G161+M161 -> 3435.2 | O161: =N161/100.7 -> 34.113208 | P161: =IF(A161="corn",N161/(111*2000/56),N161/(111*2000/60)) -> 0.92843243
A162: Wheat | B162: Sioux Falls, SD | C162: Galveston-Houston, TX | D162: unit | E162: 40455 | F162: 40458 | G162: =SUM(109+4872) -> 4981 | H162: 1256 | I162: BNSF | J162: =IF(I162="BNSF",0.43,IF(I162="CN",0.1265,IF(I162="CSX",0.24,0.18))) -> 0.43 | K162: =G162/100.7 -> 49.463754 | L162: =IF(A162="corn",G162/(111*2000/56),G162/(111*2000/60)) -> 1.3462162 | M162: =H162*J162 -> 540.08 | N162: =G162+M162 -> 5521.08 | O162: =N162/100.7 -> 54.827011 | P162: =IF(A162="corn",N162/(111*2000/56),N162/(111*2000/60)) -> 1.4921838
A163: Wheat | B163: Northwest KS | C163: Galveston-Houston, TX | D163: unit | E163: 40455 | F163: 40458 | G163: 3543 | H163: 975 | I163: UP | J163: =IF(I163="BNSF",0.43,IF(I163="CN",0.1265,IF(I163="CSX",0.24,0.18))) -> 0.18 | K163: =G163/100.7 -> 35.183714 | L163: =IF(A163="corn",G163/(111*2000/56),G163/(111*2000/60)) -> 0.95756757 | M163: =H163*J163 -> 175.5 | N163: =G163+M163 -> 3718.5 | O163: =N163/100.7 -> 36.926514 | P163: =IF(A163="corn",N163/(111*2000/56),N163/(111*2000/60)) -> 1.005
A164: Wheat | B164: Amarillo, TX | C164: Los Angeles, CA | D164: unit | E164: 40455 | F164: 40458 | G164: 3742 | H164: 1357 | I164: UP | J164: =IF(I164="BNSF",0.43,IF(I164="CN",0.1265,IF(I164="CSX",0.24,0.18))) -> 0.18 | K164: =G164/100.7 -> 37.159881 | L164: =IF(A164="corn",G164/(111*2000/56),G164/(111*2000/60)) -> 1.0113514 | M164: =H164*J164 -> 244.26 | N164: =G164+M164 -> 3986.26 | O164: =N164/100.7 -> 39.585501 | P164: =IF(A164="corn",N164/(111*2000/56),N164/(111*2000/60)) -> 1.0773676
A165: Corn | B165: Champaign-Urbana, IL | C165: New Orleans, LA | D165: unit | E165: 40455 | F165: 40458 | G165: 2812 | H165: 1006 | I165: UP | J165: =IF(I165="BNSF",0.43,IF(I165="CN",0.1265,IF(I165="CSX",0.24,0.18))) -> 0.18 | K165: =G165/100.7 -> 27.924528 | L165: =IF(A165="corn",G165/(111*2000/56),G165/(111*2000/60)) -> 0.70933333 | M165: =H165*J165 -> 181.08 | N165: =G165+M165 -> 2993.08 | O165: =N165/100.7 -> 29.722741 | P165: =IF(A165="corn",N165/(111*2000/56),N165/(111*2000/60)) -> 0.75501117
A166: Corn | B166: Toledo, OH | C166: Raleigh, NC | D166: unit | E166: 40455 | F166: 40458 | G166: 3760 | H166: 866 | I166: CSX | J166: =IF(I166="BNSF",0.43,IF(I166="CN",0.1265,IF(I166="CSX",0.24,0.18))) -> 0.24 | K166: =G166/100.7 -> 37.33863 | L166: =IF(A166="corn",G166/(111*2000/56),G166/(111*2000/60)) -> 0.94846847 | M166: =H166*J166 -> 207.84 | N166: =G166+M166 -> 3967.84 | O166: =N166/100.7 -> 39.402582 | P166: =IF(A166="corn",N166/(111*2000/56),N166/(111*2000/60)) -> 1.0008966
A167: Corn | B167: Des Moines, IA | C167: Davenport, IA | D167: unit | E167: 40455 | F167: 40458 | G167: 1843 | H167: 213 | I167: UP | J167: =IF(I167="BNSF",0.43,IF(I167="CN",0.1265,IF(I167="CSX",0.24,0.18))) -> 0.18 | K167: =G167/100.7 -> 18.301887 | L167: =IF(A167="corn",G167/(111*2000/56),G167/(111*2000/60)) -> 0.4649009 | M167: =H167*J167 -> 38.34 | N167: =G167+M167 -> 1881.34 | O167: =N167/100.7 -> 18.682622 | P167: =IF(A167="corn",N167/(111*2000/56),N167/(111*2000/60)) -> 0.47457225
A168: Corn | B168: Indianapolis, IN | C168: Atlanta, GA | D168: unit | E168: 40455 | F168: 40458 | G168: 3196 | H168: 650 | I168: CSX | J168: =IF(I168="BNSF",0.43,IF(I168="CN",0.1265,IF(I168="CSX",0.24,0.18))) -> 0.24 | K168: =G168/100.7 -> 31.737835 | L168: =IF(A168="corn",G168/(111*2000/56),G168/(111*2000/60)) -> 0.8061982 | M168: =H168*J168 -> 156 | N168: =G168+M168 -> 3352 | O168: =N168/100.7 -> 33.286991 | P168: =IF(A168="corn",N168/(111*2000/56),N168/(111*2000/60)) -> 0.84554955
A169: Corn | B169: Indianapolis, IN | C169: Knoxville, TN | D169: unit | E169: 40455 | F169: 40458 | G169: 2760 | H169: 417 | I169: CSX | J169: =IF(I169="BNSF",0.43,IF(I169="CN",0.1265,IF(I169="CSX",0.24,0.18))) -> 0.24 | K169: =G169/100.7 -> 27.408143 | L169: =IF(A169="corn",G169/(111*2000/56),G169/(111*2000/60)) -> 0.69621622 | M169: =H169*J169 -> 100.08 | N169: =G169+M169 -> 2860.08 | O169: =N169/100.7 -> 28.401986 | P169: =IF(A169="corn",N169/(111*2000/56),N169/(111*2000/60)) -> 0.72146162
A170: Corn | B170: Des Moines, IA | C170: Little Rock, AR | D170: unit | E170: 40455 | F170: 40458 | G170: 2938 | H170: 626 | I170: UP | J170: =IF(I170="BNSF",0.43,IF(I170="CN",0.1265,IF(I170="CSX",0.24,0.18))) -> 0.18 | K170: =G170/100.7 -> 29.17577 | L170: =IF(A170="corn",G170/(111*2000/56),G170/(111*2000/60)) -> 0.74111712 | M170: =H170*J170 -> 112.68 | N170: =G170+M170 -> 3050.68 | O170: =N170/100.7 -> 30.294737 | P170: =IF(A170="corn",N170/(111*2000/56),N170/(111*2000/60)) -> 0.7695409
A171: Corn | B171: Des Moines, IA | C171: Los Angeles, CA | D171: unit | E171: 40455 | F171: 40458 | G171: 4372 | H171: 1823 | I171: UP | J171: =IF(I171="BNSF",0.43,IF(I171="CN",0.1265,IF(I171="CSX",0.24,0.18))) -> 0.18 | K171: =G171/100.7 -> 43.416087 | L171: =IF(A171="corn",G171/(111*2000/56),G171/(111*2000/60)) -> 1.1028468 | M171: =H171*J171 -> 328.14 | N171: =G171+M171 -> 4700.14 | O171: =N171/100.7 -> 46.674677 | P171: =IF(A171="corn",N171/(111*2000/56),N171/(111*2000/60)) -> 1.1856209
A172: Soybeans | B172: Minneapolis, MN | C172: New Orleans, LA | D172: unit | E172: 40455 | F172: 40458 | G172: 3316 | H172: 1295 | I172: CN | J172: =IF(I172="BNSF",0.43,IF(I172="CN",0.1265,IF(I172="CSX",0.24,0.18))) -> 0.1265 | K172: =G172/100.7 -> 32.929494 | L172: =IF(A172="corn",G172/(111*2000/56),G172/(111*2000/60)) -> 0.89621622 | M172: =H172*J172 -> 163.8175 | N172: =G172+M172 -> 3479.8175 | O172: =N172/100.7 -> 34.556281 | P172: =IF(A172="corn",N172/(111*2000/56),N172/(111*2000/60)) -> 0.94049122
A173: Soybeans | B173: Toledo, OH | C173: Huntsville, AL | D173: unit | E173: 40455 | F173: 40458 | G173: 2921 | H173: 615 | I173: CSX | J173: =IF(I173="BNSF",0.43,IF(I173="CN",0.1265,IF(I173="CSX",0.24,0.18))) -> 0.24 | K173: =G173/100.7 -> 29.006951 | L173: =IF(A173="corn",G173/(111*2000/56),G173/(111*2000/60)) -> 0.78945946 | M173: =H173*J173 -> 147.6 | N173: =G173+M173 -> 3068.6 | O173: =N173/100.7 -> 30.472691 | P173: =IF(A173="corn",N173/(111*2000/56),N173/(111*2000/60)) -> 0.82935135
A174: Soybeans | B174: Indianapolis, IN | C174: Raleigh, NC | D174: unit | E174: 40455 | F174: 40458 | G174: 3830 | H174: 872 | I174: CSX | J174: =IF(I174="BNSF",0.43,IF(I174="CN",0.1265,IF(I174="CSX",0.24,0.18))) -> 0.24 | K174: =G174/100.7 -> 38.033764 | L174: =IF(A174="corn",G174/(111*2000/56),G174/(111*2000/60)) -> 1.0351351 | M174: =H174*J174 -> 209.28 | N174: =G174+M174 -> 4039.28 | O174: =N174/100.7 -> 40.112016 | P174: =IF(A174="corn",N174/(111*2000/56),N174/(111*2000/60)) -> 1.0916973
... A180: Wheat | B180: Grand Forks, ND | C180: Portland, OR | D180: shuttle | E180: 40455 | F180: 40458 | G180: 4131 | H180: 1520 | I180: BNSF | J180: =IF(I180="BNSF",0.43,IF(I180="CN",0.1265,IF(I180="CSX",0.24,0.18))) -> 0.43 | K180: =G180/100.7 -> 41.02284 | L180: =IF(A180="corn",G180/(111*2000/56),G180/(111*2000/60)) -> 1.1164865 | M180: =H180*J180 -> 653.6 | N180: =G180+M180 -> 4784.6 | O180: =N180/100.7 -> 47.513406 | P180: =IF(A180="corn",N180/(111*2000/56),N180/(111*2000/60)) -> 1.2931351
A181: Wheat | B181: Grand Forks, ND | C181: Galveston-Houston, TX | D181: shuttle | E181: 40455 | F181: 40458 | G181: =SUM(2591+2455) -> 5046 | H181: 1583 | I181: BNSF | J181: =IF(I181="BNSF",0.43,IF(I181="CN",0.1265,IF(I181="CSX",0.24,0.18))) -> 0.43 | K181: =G181/100.7 -> 50.109235 | L181: =IF(A181="corn",G181/(111*2000/56),G181/(111*2000/60)) -> 1.3637838 | M181: =H181*J181 -> 680.69 | N181: =G181+M181 -> 5726.69 | O181: =N181/100.7 -> 56.868818 | P181: =IF(A181="corn",N181/(111*2000/56),N181/(111*2000/60)) -> 1.5477541
A182: Wheat | B182: Northwest KS | C182: Portland, OR | D182: shuttle | E182: 40455 | F182: 40458 | G182: 4510 | H182: 1599 | I182: UP | J182: =IF(I182="BNSF",0.43,IF(I182="CN",0.1265,IF(I182="CSX",0.24,0.18))) -> 0.18 | K182: =G182/100.7 -> 44.786495 | L182: =IF(A182="corn",G182/(111*2000/56),G182/(111*2000/60)) -> 1.2189189 | M182: =H182*J182 -> 287.82 | N182: =G182+M182 -> 4797.82 | O182: =N182/100.7 -> 47.644687 | P182: =IF(A182="corn",N182/(111*2000/56),N182/(111*2000/60)) -> 1.2967081
A183: Corn | B183: Minneapolis, MN | C183: Portland, OR | D183: shuttle | E183: 40455 | F183: 40458 | G183: 3920 | H183: 1851 | I183: BNSF | J183: =IF(I183="BNSF",0.43,IF(I183="CN",0.1265,IF(I183="CSX",0.24,0.18))) -> 0.43 | K183: =G183/100.7 -> 38.927507 | L183: =IF(A183="corn",G183/(111*2000/56),G183/(111*2000/60)) -> 0.98882883 | M183: =H183*J183 -> 795.93 | N183: =G183+M183 -> 4715.93 | O183: =N183/100.7 -> 46.83148 | P183: =IF(A183="corn",N183/(111*2000/56),N183/(111*2000/60)) -> 1.189604
A184: Corn | B184: Sioux Falls, SD | C184: Tacoma, WA | D184: shuttle | E184: 40455 | F184: 40458 | G184: 3920 | H184: 1695 | I184: BNSF | J184: =IF(I184="BNSF",0.43,IF(I184="CN",0.1265,IF(I184="CSX",0.24,0.18))) -> 0.43 | K184: =G184/100.7 -> 38.927507 | L184: =IF(A184="corn",G184/(111*2000/56),G184/(111*2000/60)) -> 0.98882883 | M184: =H184*J184 -> 728.85 | N184: =G184+M184 -> 4648.85 | O184: =N184/100.7 -> 46.165343 | P184: =IF(A184="corn",N184/(111*2000/56),N184/(111*2000/60)) -> 1.1726829
A185: Corn | B185: Champaign-Urbana, IL | C185: New Orleans, LA | D185: shuttle | E185: 40455 | F185: 40458 | G185: 2677 | H185: 1006 | I185: UP | J185: =IF(I185="BNSF",0.43,IF(I185="CN",0.1265,IF(I185="CSX",0.24,0.18))) -> 0.18 | K185: =G185/100.7 -> 26.583913 | L185: =IF(A185="corn",G185/(111*2000/56),G185/(111*2000/60)) -> 0.67527928 | M185: =H185*J185 -> 181.08 | N185: =G185+M185 -> 2858.08 | O185: =N185/100.7 -> 28.382125 | P185: =IF(A185="corn",N185/(111*2000/56),N185/(111*2000/60)) -> 0.72095712
A186: Corn | B186: Lincoln, NE | C186: Galveston-Houston, TX | D186: shuttle | E186: 40455 | F186: 40458 | G186: 2800 | H186: 988 | I186: BNSF | J186: =IF(I186="BNSF",0.43,IF(I186="CN",0.1265,IF(I186="CSX",0.24,0.18))) -> 0.43 | K186: =G186/100.7 -> 27.805362 | L186: =IF(A186="corn",G186/(111*2000/56),G186/(111*2000/60)) -> 0.70630631 | M186: =H186*J186 -> 424.84 | N186: =G186+M186 -> 3224.84 | O186: =N186/100.7 -> 32.02423 | P186: =IF(A186="corn",N186/(111*2000/56),N186/(111*2000/60)) -> 0.81347315
A187: Corn | B187: Des Moines, IA | C187: Amarillo, TX | D187: shuttle | E187: 40455 | F187: 40458 | G187: 3330 | H187: 787 | I187: UP | J187: =IF(I187="BNSF",0.43,IF(I187="CN",0.1265,IF(I187="CSX",0.24,0.18))) -> 0.18 | K187: =G187/100.7 -> 33.06852 | L187: =IF(A187="corn",G187/(111*2000/56),G187/(111*2000/60)) -> 0.84 | M187: =H187*J187 -> 141.66 | N187: =G187+M187 -> 3471.66 | O187: =N187/100.7 -> 34.475273 | P187: =IF(A187="corn",N187/(111*2000/56),N187/(111*2000/60)) -> 0.87573405
A188: Corn | B188: Minneapolis, MN | C188: Tacoma, WA | D188: shuttle | E188: 40455 | F188: 40458 | G188: 3920 | H188: 1836 | I188: BNSF | J188: =IF(I188="BNSF",0.43,IF(I188="CN",0.1265,IF(I188="CSX",0.24,0.18))) -> 0.43 | K188: =G188/100.7 -> 38.927507 | L188: =IF(A188="corn",G188/(111*2000/56),G188/(111*2000/60)) -> 0.98882883 | M188: =H188*J188 -> 789.48 | N188: =G188+M188 -> 4709.48 | O188: =N188/100.7 -> 46.767428 | P188: =IF(A188="corn",N188/(111*2000/56),N188/(111*2000/60)) -> 1.1879769
A189: Corn | B189: Council Bluffs, IA | C189: Stockton, CA | D189: shuttle | E189: 40455 | F189: 40458 | G189: 3400 | H189: 1899 | I189: BNSF | J189: =IF(I189="BNSF",0.43,IF(I189="CN",0.1265,IF(I189="CSX",0.24,0.18))) -> 0.43 | K189: =G189/100.7 -> 33.763654 | L189: =IF(A189="corn",G189/(111*2000/56),G189/(111*2000/60)) -> 0.85765766 | M189: =H189*J189 -> 816.57 | N189: =G189+M189 -> 4216.57 | O189: =N189/100.7 -> 41.872592 | P189: =IF(A189="corn",N189/(111*2000/56),N189/(111*2000/60)) -> 1.0636393
A190: Soybeans | B190: Sioux Falls, SD | C190: Tacoma, WA | D190: shuttle | E190: 40455 | F190: 40458 | G190: 4320 | H190: 1695 | I190: BNSF | J190: =IF(I190="BNSF",0.43,IF(I190="CN",0.1265,IF(I190="CSX",0.24,0.18))) -> 0.43 | K190: =G190/100.7 -> 42.899702 | L190: =IF(A190="corn",G190/(111*2000/56),G190/(111*2000/60)) -> 1.1675676 | M190: =H190*J190 -> 728.85 | N190: =G190+M190 -> 5048.85 | O190: =N190/100.7 -> 50.137537 | P190: =IF(A190="corn",N190/(111*2000/56),N190/(111*2000/60)) -> 1.3645541
A191: Soybeans | B191: Minneapolis, MN | C191: Portland, OR | D191: shuttle | E191: 40455 | F191: 40458 | G191: 4270 | H191: 1851 | I191: BNSF | J191: =IF(I191="BNSF",0.43,IF(I191="CN",0.1265,IF(I191="CSX",0.24,0.18))) -> 0.43 | K191: =G191/100.7 -> 42.403178 | L191: =IF(A191="corn",G191/(111*2000/56),G191/(111*2000/60)) -> 1.1540541 | M191: =H191*J191 -> 795.93 | N191: =G191+M191 -> 5065.93 | O191: =N191/100.7 -> 50.30715 | P191: =IF(A191="corn",N191/(111*2000/56),N191/(111*2000/60)) -> 1.3691703
A192: Soybeans | B192: Fargo, ND | C192: Tacoma, WA | D192: shuttle | E192: 40455 | F192: 40458 | G192: 4270 | H192: 1507 | I192: BNSF | J192: =IF(I192="BNSF",0.43,IF(I192="CN",0.1265,IF(I192="CSX",0.24,0.18))) -> 0.43 | K192: =G192/100.7 -> 42.403178 | L192: =IF(A192="corn",G192/(111*2000/56),G192/(111*2000/60)) -> 1.1540541 | M192: =H192*J192 -> 648.01 | N192: =G192+M192 -> 4918.01 | O192: =N192/100.7 -> 48.838232 | P192: =IF(A192="corn",N192/(111*2000/56),N192/(111*2000/60)) -> 1.3291919
A193: Soybeans | B193: Council Bluffs, IA | C193: New Orleans, LA | D193: shuttle | E193: 40455 | F193: 40458 | G193: 3510 | H193: 1160 | I193: UP | J193: =IF(I193="BNSF",0.43,IF(I193="CN",0.1265,IF(I193="CSX",0.24,0.18))) -> 0.18 | K193: =G193/100.7 -> 34.856008 | L193: =IF(A193="corn",G193/(111*2000/56),G193/(111*2000/60)) -> 0.94864865 | M193: =H193*J193 -> 208.8 | N193: =G193+M193 -> 3718.8 | O193: =N193/100.7 -> 36.929494 | P193: =IF(A193="corn",N193/(111*2000/56),N193/(111*2000/60)) -> 1.0050811
... A195: Soybeans | B195: Grand Island, NE | C195: Portland, OR | D195: shuttle | E195: 40455 | F195: 40458 | G195: 4420 | H195: 1637 | I195: UP | J195: =IF(I195="BNSF",0.43,IF(I195="CN",0.1265,IF(I195="CSX",0.24,0.18))) -> 0.18 | K195: =G195/100.7 -> 43.892751 | L195: =IF(A195="corn",G195/(111*2000/56),G195/(111*2000/60)) -> 1.1945946 | M195: =H195*J195 -> 294.66 | N195: =G195+M195 -> 4714.66 | O195: =N195/100.7 -> 46.818868 | P195: =IF(A195="corn",N195/(111*2000/56),N195/(111*2000/60)) -> 1.2742324
A196: Wheat | B196: South Central KS | C196: St. Louis, MO | D196: unit | E196: 40483 | F196: 40486 | G196: 2774 | H196: 506 | I196: UP | J196: =IF(I196="BNSF",0.43,IF(I196="CN",0.1265,IF(I196="CSX",0.24,0.17))) -> 0.17 | K196: =G196/100.7 -> 27.54717 | L196: =IF(A196="corn",G196/(111*2000/56),G196/(111*2000/60)) -> 0.74972973 | M196: =H196*J196 -> 86.02 | N196: =G196+M196 -> 2860.02 | O196: =N196/100.7 -> 28.40139 | P196: =IF(A196="corn",N196/(111*2000/56),N196/(111*2000/60)) -> 0.77297838
A197: Wheat | B197: Grand Forks, ND | C197: Dulth-Superior, MN | D197: unit | E197: 40483 | F197: 40486 | G197: =SUM(-698+3261) -> 2563 | H197: 298 | I197: BNSF | J197: =IF(I197="BNSF",0.43,IF(I197="CN",0.1265,IF(I197="CSX",0.24,0.17))) -> 0.43 | K197: =G197/100.7 -> 25.451837 | L197: =IF(A197="corn",G197/(111*2000/56),G197/(111*2000/60)) -> 0.6927027 | M197: =H197*J197 -> 128.14 | N197: =G197+M197 -> 2691.14 | O197: =N197/100.7 -> 26.72433 | P197: =IF(A197="corn",N197/(111*2000/56),N197/(111*2000/60)) -> 0.72733514
A198: Wheat | B198: South Central KS | C198: Los Angeles, CA | D198: unit | E198: 40483 | F198: 40486 | G198: 5047 | H198: 1530 | I198: BNSF | J198: =IF(I198="BNSF",0.43,IF(I198="CN",0.1265,IF(I198="CSX",0.24,0.17))) -> 0.43 | K198: =G198/100.7 -> 50.119166 | L198: =IF(A198="corn",G198/(111*2000/56),G198/(111*2000/60)) -> 1.3640541 | M198: =H198*J198 -> 657.9 | N198: =G198+M198 -> 5704.9 | O198: =N198/100.7 -> 56.652433 | P198: =IF(A198="corn",N198/(111*2000/56),N198/(111*2000/60)) -> 1.5418649
A199: Wheat | B199: South Central KS | C199: New Orleans, LA | D199: unit | E199: 40483 | F199: 40486 | G199: 3275 | H199: 890 | I199: UP | J199: =IF(I199="BNSF",0.43,IF(I199="CN",0.1265,IF(I199="CSX",0.24,0.17))) -> 0.17 | K199: =G199/100.7 -> 32.522344 | L199: =IF(A199="corn",G199/(111*2000/56),G199/(111*2000/60)) -> 0.88513514 | M199: =H199*J199 -> 151.3 | N199: =G199+M199 -> 3426.3 | O199: =N199/100.7 -> 34.024826 | P199: =IF(A199="corn",N199/(111*2000/56),N199/(111*2000/60)) -> 0.92602703
A200: Wheat | B200: Sioux Falls, SD | C200: Galveston-Houston, TX | D200: unit | E200: 40483 | F200: 40486 | G200: =SUM(109+4872) -> 4981 | H200: 1256 | I200: BNSF | J200: =IF(I200="BNSF",0.43,IF(I200="CN",0.1265,IF(I200="CSX",0.24,0.17))) -> 0.43 | K200: =G200/100.7 -> 49.463754 | L200: =IF(A200="corn",G200/(111*2000/56),G200/(111*2000/60)) -> 1.3462162 | M200: =H200*J200 -> 540.08 | N200: =G200+M200 -> 5521.08 | O200: =N200/100.7 -> 54.827011 | P200: =IF(A200="corn",N200/(111*2000/56),N200/(111*2000/60)) -> 1.4921838
A201: Wheat | B201: Northwest KS | C201: Galveston-Houston, TX | D201: unit | E201: 40483 | F201: 40486 | G201: 3543 | H201: 975 | I201: UP | J201: =IF(I201="BNSF",0.43,IF(I201="CN",0.1265,IF(I201="CSX",0.24,0.17))) -> 0.17 | K201: =G201/100.7 -> 35.183714 | L201: =IF(A201="corn",G201/(111*2000/56),G201/(111*2000/60)) -> 0.95756757 | M201: =H201*J201 -> 165.75 | N201: =G201+M201 -> 3708.75 | O201: =N201/100.7 -> 36.829692 | P201: =IF(A201="corn",N201/(111*2000/56),N201/(111*2000/60)) -> 1.0023649
A202: Wheat | B202: Amarillo, TX | C202: Los Angeles, CA | D202: unit | E202: 40483 | F202: 40486 | G202: 3742 | H202: 1357 | I202: UP | J202: =IF(I202="BNSF",0.43,IF(I202="CN",0.1265,IF(I202="CSX",0.24,0.17))) -> 0.17 | K202: =G202/100.7 -> 37.159881 | L202: =IF(A202="corn",G202/(111*2000/56),G202/(111*2000/60)) -> 1.0113514 | M202: =H202*J202 -> 230.69 | N202: =G202+M202 -> 3972.69 | O202: =N202/100.7 -> 39.450745 | P202: =IF(A202="corn",N202/(111*2000/56),N202/(111*2000/60)) -> 1.0737
A203: Corn | B203: Champaign-Urbana, IL | C203: New Orleans, LA | D203: unit | E203: 40483 | F203: 40486 | G203: 2812 | H203: 1006 | I203: UP | J203: =IF(I203="BNSF",0.43,IF(I203="CN",0.1265,IF(I203="CSX",0.24,0.17))) -> 0.17 | K203: =G203/100.7 -> 27.924528 | L203: =IF(A203="corn",G203/(111*2000/56),G203/(111*2000/60)) -> 0.70933333 | M203: =H203*J203 -> 171.02 | N203: =G203+M203 -> 2983.02 | O203: =N203/100.7 -> 29.62284 | P203: =IF(A203="corn",N203/(111*2000/56),N203/(111*2000/60)) -> 0.75247351
A204: Corn | B204: Toledo, OH | C204: Raleigh, NC | D204: unit | E204: 40483 | F204: 40486 | G204: 3760 | H204: 866 | I204: CSX | J204: =IF(I204="BNSF",0.43,IF(I204="CN",0.1265,IF(I204="CSX",0.24,0.17))) -> 0.24 | K204: =G204/100.7 -> 37.33863 | L204: =IF(A204="corn",G204/(111*2000/56),G204/(111*2000/60)) -> 0.94846847 | M204: =H204*J204 -> 207.84 | N204: =G204+M204 -> 3967.84 | O204: =N204/100.7 -> 39.402582 | P204: =IF(A204="corn",N204/(111*2000/56),N204/(111*2000/60)) -> 1.0008966
A205: Corn | B205: Des Moines, IA | C205: Davenport, IA | D205: unit | E205: 40483 | F205: 40486 | G205: 1843 | H205: 213 | I205: UP | J205: =IF(I205="BNSF",0.43,IF(I205="CN",0.1265,IF(I205="CSX",0.24,0.17))) -> 0.17 | K205: =G205/100.7 -> 18.301887 | L205: =IF(A205="corn",G205/(111*2000/56),G205/(111*2000/60)) -> 0.4649009 | M205: =H205*J205 -> 36.21 | N205: =G205+M205 -> 1879.21 | O205: =N205/100.7 -> 18.66147 | P205: =IF(A205="corn",N205/(111*2000/56),N205/(111*2000/60)) -> 0.47403495
A206: Corn | B206: Indianapolis, IN | C206: Atlanta, GA | D206: unit | E206: 40483 | F206: 40486 | G206: 3196 | H206: 650 | I206: CSX | J206: =IF(I206="BNSF",0.43,IF(I206="CN",0.1265,IF(I206="CSX",0.24,0.17))) -> 0.24 | K206: =G206/100.7 -> 31.737835 | L206: =IF(A206="corn",G206/(111*2000/56),G206/(111*2000/60)) -> 0.8061982 | M206: =H206*J206 -> 156 | N206: =G206+M206 -> 3352 | O206: =N206/100.7 -> 33.286991 | P206: =IF(A206="corn",N206/(111*2000/56),N206/(111*2000/60)) -> 0.84554955
A207: Corn | B207: Indianapolis, IN | C207: Knoxville, TN | D207: unit | E207: 40483 | F207: 40486 | G207: 2760 | H207: 417 | I207: CSX | J207: =IF(I207="BNSF",0.43,IF(I207="CN",0.1265,IF(I207="CSX",0.24,0.17))) -> 0.24 | K207: =G207/100.7 -> 27.408143 | L207: =IF(A207="corn",G207/(111*2000/56),G207/(111*2000/60)) -> 0.69621622 | M207: =H207*J207 -> 100.08 | N207: =G207+M207 -> 2860.08 | O207: =N207/100.7 -> 28.401986 | P207: =IF(A207="corn",N207/(111*2000/56),N207/(111*2000/60)) -> 0.72146162
A208: Corn | B208: Des Moines, IA | C208: Little Rock, AR | D208: unit | E208: 40483 | F208: 40486 | G208: 2938 | H208: 626 | I208: UP | J208: =IF(I208="BNSF",0.43,IF(I208="CN",0.1265,IF(I208="CSX",0.24,0.17))) -> 0.17 | K208: =G208/100.7 -> 29.17577 | L208: =IF(A208="corn",G208/(111*2000/56),G208/(111*2000/60)) -> 0.74111712 | M208: =H208*J208 -> 106.42 | N208: =G208+M208 -> 3044.42 | O208: =N208/100.7 -> 30.232572 | P208: =IF(A208="corn",N208/(111*2000/56),N208/(111*2000/60)) -> 0.7679618
A209: Corn | B209: Des Moines, IA | C209: Los Angeles, CA | D209: unit | E209: 40483 | F209: 40486 | G209: 4372 | H209: 1823 | I209: UP | J209: =IF(I209="BNSF",0.43,IF(I209="CN",0.1265,IF(I209="CSX",0.24,0.17))) -> 0.17 | K209: =G209/100.7 -> 43.416087 | L209: =IF(A209="corn",G209/(111*2000/56),G209/(111*2000/60)) -> 1.1028468 | M209: =H209*J209 -> 309.91 | N209: =G209+M209 -> 4681.91 | O209: =N209/100.7 -> 46.493644 | P209: =IF(A209="corn",N209/(111*2000/56),N209/(111*2000/60)) -> 1.1810223
A210: Soybeans | B210: Minneapolis, MN | C210: New Orleans, LA | D210: unit | E210: 40483 | F210: 40486 | G210: 3316 | H210: 1295 | I210: CN | J210: =IF(I210="BNSF",0.43,IF(I210="CN",0.1265,IF(I210="CSX",0.24,0.17))) -> 0.1265 | K210: =G210/100.7 -> 32.929494 | L210: =IF(A210="corn",G210/(111*2000/56),G210/(111*2000/60)) -> 0.89621622 | M210: =H210*J210 -> 163.8175 | N210: =G210+M210 -> 3479.8175 | O210: =N210/100.7 -> 34.556281 | P210: =IF(A210="corn",N210/(111*2000/56),N210/(111*2000/60)) -> 0.94049122
A211: Soybeans | B211: Toledo, OH | C211: Huntsville, AL | D211: unit | E211: 40483 | F211: 40486 | G211: 2921 | H211: 615 | I211: CSX | J211: =IF(I211="BNSF",0.43,IF(I211="CN",0.1265,IF(I211="CSX",0.24,0.17))) -> 0.24 | K211: =G211/100.7 -> 29.006951 | L211: =IF(A211="corn",G211/(111*2000/56),G211/(111*2000/60)) -> 0.78945946 | M211: =H211*J211 -> 147.6 | N211: =G211+M211 -> 3068.6 | O211: =N211/100.7 -> 30.472691 | P211: =IF(A211="corn",N211/(111*2000/56),N211/(111*2000/60)) -> 0.82935135
A212: Soybeans | B212: Indianapolis, IN | C212: Raleigh, NC | D212: unit | E212: 40483 | F212: 40486 | G212: 3830 | H212: 872 | I212: CSX | J212: =IF(I212="BNSF",0.43,IF(I212="CN",0.1265,IF(I212="CSX",0.24,0.17))) -> 0.24 | K212: =G212/100.7 -> 38.033764 | L212: =IF(A212="corn",G212/(111*2000/56),G212/(111*2000/60)) -> 1.0351351 | M212: =H212*J212 -> 209.28 | N212: =G212+M212 -> 4039.28 | O212: =N212/100.7 -> 40.112016 | P212: =IF(A212="corn",N212/(111*2000/56),N212/(111*2000/60)) -> 1.0916973
... A218: Wheat | B218: Grand Forks, ND | C218: Portland, OR | D218: shuttle | E218: 40483 | F218: 40486 | G218: 4131 | H218: 1520 | I218: BNSF | J218: =IF(I218="BNSF",0.43,IF(I218="CN",0.1265,IF(I218="CSX",0.24,0.17))) -> 0.43 | K218: =G218/100.7 -> 41.02284 | L218: =IF(A218="corn",G218/(111*2000/56),G218/(111*2000/60)) -> 1.1164865 | M218: =H218*J218 -> 653.6 | N218: =G218+M218 -> 4784.6 | O218: =N218/100.7 -> 47.513406 | P218: =IF(A218="corn",N218/(111*2000/56),N218/(111*2000/60)) -> 1.2931351
A219: Wheat | B219: Grand Forks, ND | C219: Galveston-Houston, TX | D219: shuttle | E219: 40483 | F219: 40486 | G219: =SUM(2591+2455) -> 5046 | H219: 1583 | I219: BNSF | J219: =IF(I219="BNSF",0.43,IF(I219="CN",0.1265,IF(I219="CSX",0.24,0.17))) -> 0.43 | K219: =G219/100.7 -> 50.109235 | L219: =IF(A219="corn",G219/(111*2000/56),G219/(111*2000/60)) -> 1.3637838 | M219: =H219*J219 -> 680.69 | N219: =G219+M219 -> 5726.69 | O219: =N219/100.7 -> 56.868818 | P219: =IF(A219="corn",N219/(111*2000/56),N219/(111*2000/60)) -> 1.5477541
A220: Wheat | B220: Northwest KS | C220: Portland, OR | D220: shuttle | E220: 40483 | F220: 40486 | G220: 4510 | H220: 1599 | I220: UP | J220: =IF(I220="BNSF",0.43,IF(I220="CN",0.1265,IF(I220="CSX",0.24,0.17))) -> 0.17 | K220: =G220/100.7 -> 44.786495 | L220: =IF(A220="corn",G220/(111*2000/56),G220/(111*2000/60)) -> 1.2189189 | M220: =H220*J220 -> 271.83 | N220: =G220+M220 -> 4781.83 | O220: =N220/100.7 -> 47.485899 | P220: =IF(A220="corn",N220/(111*2000/56),N220/(111*2000/60)) -> 1.2923865
A221: Corn | B221: Minneapolis, MN | C221: Portland, OR | D221: shuttle | E221: 40483 | F221: 40486 | G221: 4000 | H221: 1851 | I221: BNSF | J221: =IF(I221="BNSF",0.43,IF(I221="CN",0.1265,IF(I221="CSX",0.24,0.17))) -> 0.43 | K221: =G221/100.7 -> 39.721946 | L221: =IF(A221="corn",G221/(111*2000/56),G221/(111*2000/60)) -> 1.009009 | M221: =H221*J221 -> 795.93 | N221: =G221+M221 -> 4795.93 | O221: =N221/100.7 -> 47.625919 | P221: =IF(A221="corn",N221/(111*2000/56),N221/(111*2000/60)) -> 1.2097841
A222: Corn | B222: Sioux Falls, SD | C222: Tacoma, WA | D222: shuttle | E222: 40483 | F222: 40486 | G222: 4000 | H222: 1695 | I222: BNSF | J222: =IF(I222="BNSF",0.43,IF(I222="CN",0.1265,IF(I222="CSX",0.24,0.17))) -> 0.43 | K222: =G222/100.7 -> 39.721946 | L222: =IF(A222="corn",G222/(111*2000/56),G222/(111*2000/60)) -> 1.009009 | M222: =H222*J222 -> 728.85 | N222: =G222+M222 -> 4728.85 | O222: =N222/100.7 -> 46.959782 | P222: =IF(A222="corn",N222/(111*2000/56),N222/(111*2000/60)) -> 1.1928631
A223: Corn | B223: Champaign-Urbana, IL | C223: New Orleans, LA | D223: shuttle | E223: 40483 | F223: 40486 | G223: 2677 | H223: 1006 | I223: UP | J223: =IF(I223="BNSF",0.43,IF(I223="CN",0.1265,IF(I223="CSX",0.24,0.17))) -> 0.17 | K223: =G223/100.7 -> 26.583913 | L223: =IF(A223="corn",G223/(111*2000/56),G223/(111*2000/60)) -> 0.67527928 | M223: =H223*J223 -> 171.02 | N223: =G223+M223 -> 2848.02 | O223: =N223/100.7 -> 28.282224 | P223: =IF(A223="corn",N223/(111*2000/56),N223/(111*2000/60)) -> 0.71841946
A224: Corn | B224: Lincoln, NE | C224: Galveston-Houston, TX | D224: shuttle | E224: 40483 | F224: 40486 | G224: 2880 | H224: 988 | I224: BNSF | J224: =IF(I224="BNSF",0.43,IF(I224="CN",0.1265,IF(I224="CSX",0.24,0.17))) -> 0.43 | K224: =G224/100.7 -> 28.599801 | L224: =IF(A224="corn",G224/(111*2000/56),G224/(111*2000/60)) -> 0.72648649 | M224: =H224*J224 -> 424.84 | N224: =G224+M224 -> 3304.84 | O224: =N224/100.7 -> 32.818669 | P224: =IF(A224="corn",N224/(111*2000/56),N224/(111*2000/60)) -> 0.83365333
...

Sheet Table 7
A1: Table 7
A2: Tariff Rail Rates for Unit and Shuttle Train Shipments1
A3: Effective date: | E3: Fuel surcharge per car | H3: Percent
D4: Tariff | F4: Tariff plus surcharge per: | H4: change
A5: =INDEX(Data!E:E,COUNTIF(Data!E:E,">0")+2,1) -> 41974 | B5: Origin region* | C5: Destination region* | D5: rate/car | F5: metric ton | G5: bushel2 | H5: Y/Y3
A6: Unit train
A7: Wheat | B7: Wichita, KS | C7: St. Louis, MO | D7: =INDEX(Data!G:G,COUNTIF(Data!$E:$E,">0")-32,1) -> 3387 | E7: =INDEX(Data!M:M,COUNTIF(Data!$E:$E,">0")-32,1) -> 161.92 | F7: =INDEX(Data!O:O,COUNTIF(Data!$E:$E,">0")-32,1) -> 35.242502 | G7: =INDEX(Data!P:P,COUNTIF(Data!$E:$E,">0")-32,1) -> 0.95916757 | H7: =INDEX(Data!R:R,COUNTIF(Data!$E:$E,">0")-32,1) -> 5.2105444
B8: Grand Forks, ND | C8: Duluth-Superior, MN | D8: =INDEX(Data!G:G,COUNTIF(Data!$E:$E,">0")-31,1) -> 3596 | E8: =INDEX(Data!M:M,COUNTIF(Data!$E:$E,">0")-31,1) -> 89.4 | F8: =INDEX(Data!O:O,COUNTIF(Data!$E:$E,">0")-31,1) -> 36.597815 | G8: =INDEX(Data!P:P,COUNTIF(Data!$E:$E,">0")-31,1) -> 0.99605405 | H8: =INDEX(Data!R:R,COUNTIF(Data!$E:$E,">0")-31,1) -> -0.40267005
B9: Wichita, KS | C9: Los Angeles, CA | D9: =INDEX(Data!G:G,COUNTIF(Data!$E:$E,">0")-30,1) -> 6244 | E9: =INDEX(Data!M:M,COUNTIF(Data!$E:$E,">0")-30,1) -> 459 | F9: =INDEX(Data!O:O,COUNTIF(Data!$E:$E,">0")-30,1) -> 66.564052 | G9: =INDEX(Data!P:P,COUNTIF(Data!$E:$E,">0")-30,1) -> 1.8116216 | H9: =INDEX(Data!R:R,COUNTIF(Data!$E:$E,">0")-30,1) -> -1.1284018
B10: Wichita, KS | C10: New Orleans, LA | D10: =INDEX(Data!G:G,COUNTIF(Data!$E:$E,">0")-29,1) -> 4026 | E10: =INDEX(Data!M:M,COUNTIF(Data!$E:$E,">0")-29,1) -> 284.8 | F10: =INDEX(Data!O:O,COUNTIF(Data!$E:$E,">0")-29,1) -> 42.808342 | G10: =INDEX(Data!P:P,COUNTIF(Data!$E:$E,">0")-29,1) -> 1.1650811 | H10: =INDEX(Data!R:R,COUNTIF(Data!$E:$E,">0")-29,1) -> 4.4181765
B11: Sioux Falls, SD | C11: Galveston-Houston, TX | D11: =INDEX(Data!G:G,COUNTIF(Data!$E:$E,">0")-28,1) -> 5824 | E11: =INDEX(Data!M:M,COUNTIF(Data!$E:$E,">0")-28,1) -> 376.8 | F11: =INDEX(Data!O:O,COUNTIF(Data!$E:$E,">0")-28,1) -> 61.576961 | G11: =INDEX(Data!P:P,COUNTIF(Data!$E:$E,">0")-28,1) -> 1.6758919 | H11: =INDEX(Data!R:R,COUNTIF(Data!$E:$E,">0")-28,1) -> -1.0026183
B12: Northwest KS | C12: Galveston-Houston, TX | D12: =INDEX(Data!G:G,COUNTIF(Data!$E:$E,">0")-27,1) -> 4293 | E12: =INDEX(Data!M:M,COUNTIF(Data!$E:$E,">0")-27,1) -> 312 | F12: =INDEX(Data!O:O,COUNTIF(Data!$E:$E,">0")-27,1) -> 45.729891 | G12: =INDEX(Data!P:P,COUNTIF(Data!$E:$E,">0")-27,1) -> 1.2445946 | H12: =INDEX(Data!R:R,COUNTIF(Data!$E:$E,">0")-27,1) -> 4.0207816
B13: Amarillo, TX | C13: Los Angeles, CA | D13: =INDEX(Data!G:G,COUNTIF(Data!$E:$E,">0")-26,1) -> 4492 | E13: =INDEX(Data!M:M,COUNTIF(Data!$E:$E,">0")-26,1) -> 434.24 | F13: =INDEX(Data!O:O,COUNTIF(Data!$E:$E,">0")-26,1) -> 48.91996 | G13: =INDEX(Data!P:P,COUNTIF(Data!$E:$E,">0")-26,1) -> 1.3314162 | H13: =INDEX(Data!R:R,COUNTIF(Data!$E:$E,">0")-26,1) -> 3.4159613
A14: Corn | B14: Champaign-Urbana, IL | C14: New Orleans, LA | D14: =INDEX(Data!G:G,COUNTIF(Data!$E:$E,">0")-25,1) -> 3328 | E14: =INDEX(Data!M:M,COUNTIF(Data!$E:$E,">0")-25,1) -> 321.92 | F14: =INDEX(Data!O:O,COUNTIF(Data!$E:$E,">0")-25,1) -> 36.245482 | G14: =INDEX(Data!P:P,COUNTIF(Data!$E:$E,">0")-25,1) -> 0.92070054 | H14: =INDEX(Data!R:R,COUNTIF(Data!$E:$E,">0")-25,1) -> 2.6943075
B15: Toledo, OH | C15: Raleigh, NC | D15: =INDEX(Data!G:G,COUNTIF(Data!$E:$E,">0")-24,1) -> 4875 | E15: =INDEX(Data!M:M,COUNTIF(Data!$E:$E,">0")-24,1) -> 372.38 | F15: =INDEX(Data!O:O,COUNTIF(Data!$E:$E,">0")-24,1) -> 52.109037 | G15: =INDEX(Data!P:P,COUNTIF(Data!$E:$E,">0")-24,1) -> 1.3236634 | H15: =INDEX(Data!R:R,COUNTIF(Data!$E:$E,">0")-24,1) -> 2.855922
B16: Des Moines, IA | C16: Davenport, IA | D16: =INDEX(Data!G:G,COUNTIF(Data!$E:$E,">0")-23,1) -> 2168 | E16: =INDEX(Data!M:M,COUNTIF(Data!$E:$E,">0")-23,1) -> 68.16 | F16: =INDEX(Data!O:O,COUNTIF(Data!$E:$E,">0")-23,1) -> 22.206157 | G16: =INDEX(Data!P:P,COUNTIF(Data!$E:$E,">0")-23,1) -> 0.5640764 | H16: =INDEX(Data!R:R,COUNTIF(Data!$E:$E,">0")-23,1) -> 3.781536
B17: Indianapolis, IN | C17: Atlanta, GA | D17: =INDEX(Data!G:G,COUNTIF(Data!$E:$E,">0")-22,1) -> 4211 | E17: =INDEX(Data!M:M,COUNTIF(Data!$E:$E,">0")-22,1) -> 279.5 | F17: =INDEX(Data!O:O,COUNTIF(Data!$E:$E,">0")-22,1) -> 44.59285 | G17: =INDEX(Data!P:P,COUNTIF(Data!$E:$E,">0")-22,1) -> 1.1327387 | H17: =INDEX(Data!R:R,COUNTIF(Data!$E:$E,">0")-22,1) -> 2.6869426
B18: Indianapolis, IN | C18: Knoxville, TN | D18: =INDEX(Data!G:G,COUNTIF(Data!$E:$E,">0")-21,1) -> 3593 | E18: =INDEX(Data!M:M,COUNTIF(Data!$E:$E,">0")-21,1) -> 179.31 | F18: =INDEX(Data!O:O,COUNTIF(Data!$E:$E,">0")-21,1) -> 37.460874 | G18: =INDEX(Data!P:P,COUNTIF(Data!$E:$E,">0")-21,1) -> 0.95157369 | H18: =INDEX(Data!R:R,COUNTIF(Data!$E:$E,">0")-21,1) -> 2.8112702
B19: Des Moines, IA | C19: Little Rock, AR | D19: =INDEX(Data!G:G,COUNTIF(Data!$E:$E,">0")-20,1) -> 3308 | E19: =INDEX(Data!M:M,COUNTIF(Data!$E:$E,">0")-20,1) -> 200.32 | F19: =INDEX(Data!O:O,COUNTIF(Data!$E:$E,">0")-20,1) -> 34.839325 | G19: =INDEX(Data!P:P,COUNTIF(Data!$E:$E,">0")-20,1) -> 0.88498162 | H19: =INDEX(Data!R:R,COUNTIF(Data!$E:$E,">0")-20,1) -> 1.8865294
B20: Des Moines, IA | C20: Los Angeles, CA | D20: =INDEX(Data!G:G,COUNTIF(Data!$E:$E,">0")-19,1) -> 5365 | E20: =INDEX(Data!M:M,COUNTIF(Data!$E:$E,">0")-19,1) -> 583.36 | F20: =INDEX(Data!O:O,COUNTIF(Data!$E:$E,">0")-19,1) -> 59.070109 | G20: =INDEX(Data!P:P,COUNTIF(Data!$E:$E,">0")-19,1) -> 1.5004872 | H20: =INDEX(Data!R:R,COUNTIF(Data!$E:$E,">0")-19,1) -> 1.3128313
A21: Soybeans | B21: Minneapolis, MN | C21: New Orleans, LA | D21: =INDEX(Data!G:G,COUNTIF(Data!$E:$E,">0")-18,1) -> 3839 | E21: =INDEX(Data!M:M,COUNTIF(Data!$E:$E,">0")-18,1) -> 350.0385 | F21: =INDEX(Data!O:O,COUNTIF(Data!$E:$E,">0")-18,1) -> 41.599191 | G21: =INDEX(Data!P:P,COUNTIF(Data!$E:$E,">0")-18,1) -> 1.1321726 | H21: =INDEX(Data!R:R,COUNTIF(Data!$E:$E,">0")-18,1) -> 4.8907459
B22: Toledo, OH | C22: Huntsville, AL | D22: =INDEX(Data!G:G,COUNTIF(Data!$E:$E,">0")-17,1) -> 3807 | E22: =INDEX(Data!M:M,COUNTIF(Data!$E:$E,">0")-17,1) -> 264.45 | F22: =INDEX(Data!O:O,COUNTIF(Data!$E:$E,">0")-17,1) -> 40.43148 | G22: =INDEX(Data!P:P,COUNTIF(Data!$E:$E,">0")-17,1) -> 1.1003919 | H22: =INDEX(Data!R:R,COUNTIF(Data!$E:$E,">0")-17,1) -> 2.2412234
B23: Indianapolis, IN | C23: Raleigh, NC | D23: =INDEX(Data!G:G,COUNTIF(Data!$E:$E,">0")-16,1) -> 4946 | E23: =INDEX(Data!M:M,COUNTIF(Data!$E:$E,">0")-16,1) -> 374.96 | F23: =INDEX(Data!O:O,COUNTIF(Data!$E:$E,">0")-16,1) -> 52.839722 | G23: =INDEX(Data!P:P,COUNTIF(Data!$E:$E,">0")-16,1) -> 1.4380973 | H23: =INDEX(Data!R:R,COUNTIF(Data!$E:$E,">0")-16,1) -> 2.8292261
B24: Indianapolis, IN | C24: Huntsville, AL | D24: =INDEX(Data!G:G,COUNTIF(Data!$E:$E,">0")-15,1) -> 3499 | E24: =INDEX(Data!M:M,COUNTIF(Data!$E:$E,">0")-15,1) -> 179.31 | F24: =INDEX(Data!O:O,COUNTIF(Data!$E:$E,">0")-15,1) -> 36.527408 | G24: =INDEX(Data!P:P,COUNTIF(Data!$E:$E,">0")-15,1) -> 0.99413784 | H24: =INDEX(Data!R:R,COUNTIF(Data!$E:$E,">0")-15,1) -> 2.7702031
B25: Champaign-Urbana, IL | C25: New Orleans, LA | D25: =INDEX(Data!G:G,COUNTIF(Data!$E:$E,">0")-14,1) -> 3974 | E25: =INDEX(Data!M:M,COUNTIF(Data!$E:$E,">0")-14,1) -> 321.92 | F25: =INDEX(Data!O:O,COUNTIF(Data!$E:$E,">0")-14,1) -> 42.660576 | G25: =INDEX(Data!P:P,COUNTIF(Data!$E:$E,">0")-14,1) -> 1.1610595 | H25: =INDEX(Data!R:R,COUNTIF(Data!$E:$E,">0")-14,1) -> 4.5195321
A26: Shuttle Train
A27: Wheat | B27: Great Falls, MT | C27: Portland, OR | D27: =INDEX(Data!G:G,COUNTIF(Data!$E:$E,">0")-13,1) -> 3678 | E27: =INDEX(Data!M:M,COUNTIF(Data!$E:$E,">0")-13,1) -> 264 | F27: =INDEX(Data!O:O,COUNTIF(Data!$E:$E,">0")-13,1) -> 39.145978 | G27: =INDEX(Data!P:P,COUNTIF(Data!$E:$E,">0")-13,1) -> 1.0654054 | H27: =INDEX(Data!R:R,COUNTIF(Data!$E:$E,">0")-13,1) -> -1.1038635
B28: Wichita, KS | C28: Galveston-Houston, TX | D28: =INDEX(Data!G:G,COUNTIF(Data!$E:$E,">0")-12,1) -> 3471 | E28: =INDEX(Data!M:M,COUNTIF(Data!$E:$E,">0")-12,1) -> 205.5 | F28: =INDEX(Data!O:O,COUNTIF(Data!$E:$E,">0")-12,1) -> 36.509434 | G28: =INDEX(Data!P:P,COUNTIF(Data!$E:$E,">0")-12,1) -> 0.99364865 | H28: =INDEX(Data!R:R,COUNTIF(Data!$E:$E,">0")-12,1) -> -8.9468144
B29: Chicago, IL | C29: Albany, NY | D29: =INDEX(Data!G:G,COUNTIF(Data!$E:$E,">0")-11,1) -> 4140 | E29: =INDEX(Data!M:M,COUNTIF(Data!$E:$E,">0")-11,1) -> 349.16 | F29: =INDEX(Data!O:O,COUNTIF(Data!$E:$E,">0")-11,1) -> 44.579543 | G29: =INDEX(Data!P:P,COUNTIF(Data!$E:$E,">0")-11,1) -> 1.2132865 | H29: =INDEX(Data!R:R,COUNTIF(Data!$E:$E,">0")-11,1) -> 3.4425867
B30: Grand Forks, ND | C30: Portland, OR | D30: =INDEX(Data!G:G,COUNTIF(Data!$E:$E,">0")-10,1) -> 5159 | E30: =INDEX(Data!M:M,COUNTIF(Data!$E:$E,">0")-10,1) -> 456 | F30: =INDEX(Data!O:O,COUNTIF(Data!$E:$E,">0")-10,1) -> 55.759682 | G30: =INDEX(Data!P:P,COUNTIF(Data!$E:$E,">0")-10,1) -> 1.5175676 | H30: =INDEX(Data!R:R,COUNTIF(Data!$E:$E,">0")-10,1) -> -1.3354419
B31: Grand Forks, ND | C31: Galveston-Houston, TX | D31: =INDEX(Data!G:G,COUNTIF(Data!$E:$E,">0")-9,1) -> 6084 | E31: =INDEX(Data!M:M,COUNTIF(Data!$E:$E,">0")-9,1) -> 474.9 | F31: =INDEX(Data!O:O,COUNTIF(Data!$E:$E,">0")-9,1) -> 65.133069 | G31: =INDEX(Data!P:P,COUNTIF(Data!$E:$E,">0")-9,1) -> 1.7726757 | H31: =INDEX(Data!R:R,COUNTIF(Data!$E:$E,">0")-9,1) -> -1.1923682
B32: Northwest KS | C32: Portland, OR | D32: =INDEX(Data!G:G,COUNTIF(Data!$E:$E,">0")-8,1) -> 5260 | E32: =INDEX(Data!M:M,COUNTIF(Data!$E:$E,">0")-8,1) -> 511.68 | F32: =INDEX(Data!O:O,COUNTIF(Data!$E:$E,">0")-8,1) -> 57.315591 | G32: =INDEX(Data!P:P,COUNTIF(Data!$E:$E,">0")-8,1) -> 1.5599135 | H32: =INDEX(Data!R:R,COUNTIF(Data!$E:$E,">0")-8,1) -> 2.7237908
A33: Corn | B33: Minneapolis, MN | C33: Portland, OR | D33: =INDEX(Data!G:G,COUNTIF(Data!$E:$E,">0")-7,1) -> 5000 | E33: =INDEX(Data!M:M,COUNTIF(Data!$E:$E,">0")-7,1) -> 555.3 | F33: =INDEX(Data!O:O,COUNTIF(Data!$E:$E,">0")-7,1) -> 55.166832 | G33: =INDEX(Data!P:P,COUNTIF(Data!$E:$E,">0")-7,1) -> 1.4013369 | H33: =INDEX(Data!R:R,COUNTIF(Data!$E:$E,">0")-7,1) -> -1.6386767
B34: Sioux Falls, SD | C34: Tacoma, WA | D34: =INDEX(Data!G:G,COUNTIF(Data!$E:$E,">0")-6,1) -> 4960 | E34: =INDEX(Data!M:M,COUNTIF(Data!$E:$E,">0")-6,1) -> 508.5 | F34: =INDEX(Data!O:O,COUNTIF(Data!$E:$E,">0")-6,1) -> 54.304866 | G34: =INDEX(Data!P:P,COUNTIF(Data!$E:$E,">0")-6,1) -> 1.3794414 | H34: =INDEX(Data!R:R,COUNTIF(Data!$E:$E,">0")-6,1) -> -1.5261333
B35: Champaign-Urbana, IL | C35: New Orleans, LA | D35: =INDEX(Data!G:G,COUNTIF(Data!$E:$E,">0")-5,1) -> 3147 | E35: =INDEX(Data!M:M,COUNTIF(Data!$E:$E,">0")-5,1) -> 321.92 | F35: =INDEX(Data!O:O,COUNTIF(Data!$E:$E,">0")-5,1) -> 34.448064 | G35: =INDEX(Data!P:P,COUNTIF(Data!$E:$E,">0")-5,1) -> 0.87504288 | H35: =INDEX(Data!R:R,COUNTIF(Data!$E:$E,">0")-5,1) -> 2.838881
B36: Lincoln, NE | C36: Galveston-Houston, TX | D36: =INDEX(Data!G:G,COUNTIF(Data!$E:$E,">0")-4,1) -> 3510 | E36: =INDEX(Data!M:M,COUNTIF(Data!$E:$E,">0")-4,1) -> 296.4 | F36: =INDEX(Data!O:O,COUNTIF(Data!$E:$E,">0")-4,1) -> 37.799404 | G36: =INDEX(Data!P:P,COUNTIF(Data!$E:$E,">0")-4,1) -> 0.96017297 | H36: =INDEX(Data!R:R,COUNTIF(Data!$E:$E,">0")-4,1) -> -1.2811868
B37: Des Moines, IA | C37: Amarillo, TX | D37: =INDEX(Data!G:G,COUNTIF(Data!$E:$E,">0")-3,1) -> 3690 | E37: =INDEX(Data!M:M,COUNTIF(Data!$E:$E,">0")-3,1) -> 251.84 | F37: =INDEX(Data!O:O,COUNTIF(Data!$E:$E,">0")-3,1) -> 39.144389 | G37: =INDEX(Data!P:P,COUNTIF(Data!$E:$E,">0")-3,1) -> 0.99433802 | H37: =INDEX(Data!R:R,COUNTIF(Data!$E:$E,">0")-3,1) -> 1.769025
B38: Minneapolis, MN | C38: Tacoma, WA | D38: =INDEX(Data!G:G,COUNTIF(Data!$E:$E,">0")-2,1) -> 5000 | E38: =INDEX(Data!M:M,COUNTIF(Data!$E:$E,">0")-2,1) -> 550.8 | F38: =INDEX(Data!O:O,COUNTIF(Data!$E:$E,">0")-2,1) -> 55.122145 | G38: =INDEX(Data!P:P,COUNTIF(Data!$E:$E,">0")-2,1) -> 1.4002018 | H38: =INDEX(Data!R:R,COUNTIF(Data!$E:$E,">0")-2,1) -> -1.6269096
B39: Council Bluffs, IA | C39: Stockton, CA | D39: =INDEX(Data!G:G,COUNTIF(Data!$E:$E,">0")-1,1) -> 4400 | E39: =INDEX(Data!M:M,COUNTIF(Data!$E:$E,">0")-1,1) -> 569.7 | F39: =INDEX(Data!O:O,COUNTIF(Data!$E:$E,">0")-1,1) -> 49.351539 | G39: =INDEX(Data!P:P,COUNTIF(Data!$E:$E,">0")-1,1) -> 1.253618 | H39: =INDEX(Data!R:R,COUNTIF(Data!$E:$E,">0")-1,1) -> -1.8747594
A40: Soybeans | B40: Sioux Falls, SD | C40: Tacoma, WA | D40: =INDEX(Data!G:G,COUNTIF(Data!$E:$E,">0"),1) -> 5520 | E40: =INDEX(Data!M:M,COUNTIF(Data!$E:$E,">0"),1) -> 508.5 | F40: =INDEX(Data!O:O,COUNTIF(Data!$E:$E,">0"),1) -> 59.865938 | G40: =INDEX(Data!P:P,COUNTIF(Data!$E:$E,">0"),1) -> 1.6293243 | H40: =INDEX(Data!R:R,COUNTIF(Data!$E:$E,">0"),1) -> -1.386333
B41: Minneapolis, MN | C41: Portland, OR | D41: =INDEX(Data!G:G,COUNTIF(Data!$E:$E,">0")+1,1) -> 5530 | E41: =INDEX(Data!M:M,COUNTIF(Data!$E:$E,">0")+1,1) -> 555.3 | F41: =INDEX(Data!O:O,COUNTIF(Data!$E:$E,">0")+1,1) -> 60.42999 | G41: =INDEX(Data!P:P,COUNTIF(Data!$E:$E,">0")+1,1) -> 1.6446757 | H41: =INDEX(Data!R:R,COUNTIF(Data!$E:$E,">0")+1,1) -> -1.498094
B42: Fargo, ND | C42: Tacoma, WA | D42: =INDEX(Data!G:G,COUNTIF(Data!$E:$E,">0")+2,1) -> 5430 | E42: =INDEX(Data!M:M,COUNTIF(Data!$E:$E,">0")+2,1) -> 452.1 | F42: =INDEX(Data!O:O,COUNTIF(Data!$E:$E,">0")+2,1) -> 58.412115 | G42: =INDEX(Data!P:P,COUNTIF(Data!$E:$E,">0")+2,1) -> 1.5897568 | H42: =INDEX(Data!R:R,COUNTIF(Data!$E:$E,">0")+2,1) -> -1.2648029
B43: Council Bluffs, IA | C43: New Orleans, LA | D43: =INDEX(Data!G:G,COUNTIF(Data!$E:$E,">0")+3,1) -> 4425 | E43: =INDEX(Data!M:M,COUNTIF(Data!$E:$E,">0")+3,1) -> 371.2 | F43: =INDEX(Data!O:O,COUNTIF(Data!$E:$E,">0")+3,1) -> 47.6286 | G43: =INDEX(Data!P:P,COUNTIF(Data!$E:$E,">0")+3,1) -> 1.2962703 | H43: =INDEX(Data!R:R,COUNTIF(Data!$E:$E,">0")+3,1) -> 4.4332187
B44: Toledo, OH | C44: Huntsville, AL | D44: =INDEX(Data!G:G,COUNTIF(Data!$E:$E,">0")+4,1) -> 2982 | E44: =INDEX(Data!M:M,COUNTIF(Data!$E:$E,">0")+4,1) -> 264.45 | F44: =INDEX(Data!O:O,COUNTIF(Data!$E:$E,">0")+4,1) -> 32.238828 | G44: =INDEX(Data!P:P,COUNTIF(Data!$E:$E,">0")+4,1) -> 0.87741892 | H44: =INDEX(Data!R:R,COUNTIF(Data!$E:$E,">0")+4,1) -> 2.8268719
B45: Grand Island, NE | C45: Portland, OR | D45: =INDEX(Data!G:G,COUNTIF(Data!$E:$E,">0")+5,1) -> 5360 | E45: =INDEX(Data!M:M,COUNTIF(Data!$E:$E,">0")+5,1) -> 523.84 | F45: =INDEX(Data!O:O,COUNTIF(Data!$E:$E,">0")+5,1) -> 58.429394 | G45: =INDEX(Data!P:P,COUNTIF(Data!$E:$E,">0")+5,1) -> 1.590227 | H45: =INDEX(Data!R:R,COUNTIF(Data!$E:$E,">0")+5,1) -> 3.2375792
A46: 1A unit train refers to shipments of at least 25 cars. Shuttle train rates are available for qualified shipments of
A47: 75-120 cars that meet railroad efficiency requirements.
A48: 2Approximate load per car = 111 short tons (100.7 metric tons): corn 56 lbs./bu., wheat & soybeans 60 lbs./bu.
A49: 3Percentage change year over year calculated using tariff rate plus fuel surchage
A50: Sources: www.bnsf.com, www.cpr.ca, www.csx.com, www.uprr.com
A51: *Regional economic areas defined by the Bureau of Economic Analysis (BEA)

Sheet Info
A1: Commodity | B1: STCC | C1: Origin Area | D1: Actual Origin | E1: Destination Area | F1: Actual Destination | G1: Railroad | H1: Train Type | I1: Tariff Document | J1: Rate | K1: Effective Date | L1: Mileage
A2: Wheat | B2: 0113710 | C2: South Central KS | D2: Wichita, KS | E2: St. Louis, MO | F2: St Louis, MO | G2: UP | H2: Unit | I2: UP 4052 Item 9171 | J2: 2774 | K2: 40353 | L2: 506
A3: Wheat | C3: Grand Forks, ND | D3: Grand Forks, ND | E3: Dulth-Superior, MN | F3: Duluth, MN | G3: BNSF | H3: Unit | I3: BNSF 4022-M Item 45316 | J3: 2400 | K3: 40271 | L3: 298
A4: Wheat | C4: South Central KS | D4: Wichita, KS | E4: Los Angeles, CA | F4: Los Angeles, CA | G4: BNSF | H4: Unit | I4: BNSF 4022-M Item 44102 | J4: 5047 | K4: 40330 | L4: 1530
A5: Wheat | C5: South Central KS | D5: Wichita, KS | E5: New Orleans, LA | F5: Ama, LA | G5: UP | H5: Unit | I5: UP 4052 Item 7021 | J5: 3275 | K5: 40330 | L5: 890
A6: Wheat | C6: Sioux Falls, SD | D6: Mitchell, SD | E6: Galveston-Houston, TX | F6: Houston, TX | G6: BNSF | H6: Unit | I6: BNSF 4022-M Item 46103 | J6: 4981 | K6: 40325 | L6: 1256
A7: Wheat | C7: Northwest KS | D7: Colby, KS | E7: Galveston-Houston, TX | F7: Houston, TX | G7: UP | H7: Unit | I7: UP 4052 Item 7101 | J7: 3543 | K7: 40339 | L7: 975
A8: Wheat | C8: Amarillo, TX | D8: Amarillo, TX | E8: Los Angeles, CA | F8: Los Angeles, CA | G8: UP | H8: Unit | I8: UP 4052 Item 9045 | J8: 3742 | K8: 40339 | L8: 1357
A9: Corn | B9: 0113210 | C9: Champaign-Urbana, IL | D9: Pontiac, IL | E9: New Orleans, LA | F9: Ama, LA | G9: UP | H9: Unit | I9: UP 4051 Item 1132.000 | J9: 2785 | K9: 40235 | L9: 1006
A10: Corn | C10: Toledo, OH | D10: Toledo, OH | E10: Raleigh, NC | F10: Raleigh, NC | G10: CSX | H10: Unit | I10: Public CSXT 4315 | J10: 3471 | K10: 40087 | L10: 866
A11: Corn | C11: Des Moines, IA | D11: Des Moines, IA | E11: Davenport, IA | F11: Clinton, IA | G11: UP | H11: Unit | I11: UP 4051 Item 2606.000 | J11: 1912 | K11: 40179 | L11: 213
A12: Corn | C12: Indianapolis, IN | D12: Indianapolis, IN | E12: Atlanta, GA | F12: Athens, GA | G12: CSX | H12: Unit | I12: Public CSXT 4315 | J12: 2993 | K12: 40087 | L12: 650
A13: Corn | C13: Indianapolis, IN | D13: Indianapolis, IN | E13: Knoxville, TN | F13: Knoxville, TN | G13: CSX | H13: Unit | I13: Public CSXT 4315 | J13: 2557 | K13: 40087 | L13: 417
A14: Corn | C14: Des Moines, IA | D14: Des Moines, IA | E14: Little Rock, AR | F14: Russellville, AR | G14: UP | H14: Unit | I14: UP 4051 Item 2205.000 | J14: 2848 | K14: 40179 | L14: 626
A15: Corn | C15: Des Moines, IA | D15: Des Moines, IA | E15: Los Angeles, CA | F15: Brawley, CA | G15: UP | H15: Unit | I15: UP 4051 Item 2320.000 | J15: 4263 | K15: 40179 | L15: 1823
A16: Soybeans | B16: 0114410 | C16: Minneapolis, MN | D16: Glenville, MN | E16: New Orleans, LA | F16: Reserve, LA | G16: CN | H16: Unit | I16: CN T 004051 Item 1110000 | J16: 2851 | K16: 40360 | L16: 1295
A17: Soybeans | C17: Toledo, OH | D17: Toledo, OH | E17: Huntsville, AL | F17: Decatur, AL | G17: CSX | H17: Unit | I17: Public CSXT 4315 | J17: 2748 | K17: 40087 | L17: 615
A18: Soybeans | C18: Indianapolis, IN | D18: Indianapolis, IN | E18: Raleigh, NC | F18: Raleigh, NC | G18: CSX | H18: Unit | I18: Public CSXT 4315 | J18: 3540 | K18: 40087 | L18: 872
A19: Soybeans | C19: Indianapolis, IN | D19: Indianapolis, IN | E19: Huntsville, AL | F19: Decatur, AL | G19: CSX | H19: Unit | I19: Public CSXT 4315 | J19: 2443 | K19: 40087 | L19: 417
A20: Soybeans | C20: Champaign-Urbana, IL | D20: Pontiac, IL | E20: New Orleans, LA | F20: Ama, LA | G20: UP | H20: Unit | I20: UP 4051 Item 1144.000 | J20: 3038 | K20: 40179 | L20: 1006
A21: Wheat | B21: 0113710 | C21: Great Falls, MT | D21: Great Falls, MT | E21: Portland, OR | F21: Portland, OR | G21: BNSF | H21: Shuttle | I21: BNSF 4022-M Item 43802 | J21: 2770 | K21: 40330 | L21: 880
A22: Wheat | C22: South Central KS | D22: Wichita, KS | E22: Galveston-Houston, TX | F22: Galveston, TX | G22: BNSF | H22: Shuttle | I22: BNSF 4022-M Item 46303 | J22: 2867 | K22: 40322 | L22: 685
A23: Wheat | C23: Chicago, IL | D23: Chicago, IL | E23: Albany, NY | F23: Albany, NY | G23: CSX | H23: Shuttle | I23: Public CSXT 4315 | J23: 3811 | K23: 40087 | L23: 812
A24: Wheat | C24: Grand Forks, ND | D24: North Grand Forks, ND | E24: Portland, OR | F24: Portland, OR | G24: BNSF | H24: Shuttle | I24: BNSF 4022-M Item 43802 | J24: 4033 | K24: 40330 | L24: 1520
A25: Wheat | C25: Grand Forks, ND | D25: North Grand Forks, ND | E25: Galveston-Houston, TX | F25: Houston, TX | G25: BNSF | H25: Shuttle | I25: BNSF 4022-M Item 45416 | J25: 4948 | K25: 40322 | L25: 1583
A26: Wheat | C26: Northwest KS | D26: Colby, KS | E26: Portland, OR | F26: Portland, OR | G26: UP | H26: Shuttle | I26: UP 4052 Item 6021 | J26: 4510 | K26: 40339 | L26: 1599
A27: Corn | B27: 0113210 | C27: Minneapolis, MN | D27: New Ulm, MN | E27: Portland, OR | F27: Portland, OR | G27: BNSF | H27: Shuttle | I27: BNSF 4022-M Item 39007 | J27: 3920 | K27: 40346 | L27: 1851
A28: Corn | C28: Sioux Falls, SD | D28: Mitchell, SD | E28: Tacoma, WA | F28: Tacoma, WA | G28: BNSF | H28: Shuttle | I28: BNSF 4022-M Item 39007 | J28: 3920 | K28: 40346 | L28: 1695
A29: Corn | C29: Champaign-Urbana, IL | D29: Pontiac, IL | E29: New Orleans, LA | F29: Ama, LA | G29: UP | H29: Shuttle | I29: UP 4051 Item 1132.000 | J29: 2677 | K29: 40235 | L29: 1006
A30: Corn | C30: Lincoln, NE | D30: Lincoln, NE | E30: Galveston-Houston, TX | F30: Houston, TX | G30: BNSF | H30: Shuttle | I30: BNSF 4022-M Item 39007 | J30: 2800 | K30: 40346 | L30: 988
A31: Corn | C31: Des Moines, IA | D31: Avon, IA | E31: Amarillo, TX | F31: Amarillo, TX | G31: UP | H31: Shuttle | I31: UP 4051 Item 2240.000 | J31: 3230 | K31: 40179 | L31: 787
A32: Corn | C32: Minneapolis, MN | D32: New Ulm, MN | E32: Tacoma, WA | F32: Tacoma, WA | G32: BNSF | H32: Shuttle | I32: BNSF 4022-M Item 39007 | J32: 3920 | K32: 40346 | L32: 1836
A33: Corn | C33: Council Bluffs, IA | D33: Red Oak, IA | E33: Stockton, CA | F33: Stockton, CA | G33: BNSF | H33: Shuttle | I33: BNSF 4022-M Item 39007 | J33: 3400 | K33: 40346 | L33: 1899
A34: Soybeans | B34: 0114410 | C34: Sioux Falls, SD | D34: Mitchell, SD | E34: Tacoma, WA | F34: Tacoma, WA | G34: BNSF | H34: Shuttle | I34: BNSF 4022-M Item 61907 | J34: 4220 | K34: 40299 | L34: 1695
A35: Soybeans | C35: Minneapolis, MN | D35: New Ulm, MN | E35: Portland, OR | F35: Portland, OR | G35: BNSF | H35: Shuttle | I35: BNSF 4022-M Item 61907 | J35: 4170 | K35: 40299 | L35: 1851
A36: Soybeans | C36: Fargo, ND | D36: Casselton, ND | E36: Tacoma, WA | F36: Tacoma, WA | G36: BNSF | H36: Shuttle | I36: BNSF 4022-M Item 61907 | J36: 4170 | K36: 40299 | L36: 1507
A37: Soybeans | C37: Council Bluffs, IA | D37: Council Bluffs, IA | E37: New Orleans, LA | F37: Ama, LA | G37: UP | H37: Shuttle | I37: UP 4051 Item 1144.000 | J37: 3410 | K37: 40179 | L37: 1160
A38: Soybeans | C38: Toledo, OH | D38: Toledo, OH | E38: Huntsville, AL | F38: Decatur, AL | G38: CSX | H38: Shuttle | I38: Public CSXT 4315 | J38: 2366 | K38: 40087 | L38: 615
A39: Soybeans | C39: Grand Island, NE | D39: Grand Island, NE | E39: Portland, OR | F39: Portland, OR | G39: UP | H39: Shuttle | I39: UP 4051 Item 1300.000 | J39: 4320 | K39: 40148 | L39: 1637

Sheet Selected Hist. Rates
A2: BNSF rates for | K2: BNSF rates for | U2: UP rates for
A3: Minneapolis, MN | B3: to | C3: St. Louis, MO | K3: Minneapolis, MN | L3: to | M3: St. Louis, MO | U3: Minneapolis, MN to St. Louis, MO
A5: Corn | K5: Soybeans | U5: Corn, Soybean
A6: Heavy axle railcars -- load to 111 tons | E6: = | F6: =111/1.10231 -> 100.69763 | G6: MT | K6: Heavy axle railcars -- load to 111 tons | O6: = | P6: =111/1.10231 -> 100.69763 | Q6: MT | U6: Heavy axle railcars -- load to 111 tons
A7: Shuttle trains of 110 to 120 railcars | K7: Shuttle trains of 110 to 120 railcars | U7: Shuttle trains of 110 to 120 railcars
A8: Miles | C8: 601 | K8: Miles | M8: 601 | U8: Miles | W8: 681.57895
D9: FSC | E9: FSC | F9: Tariff + | H9: Rate per | N9: FSC | O9: FSC | P9: Tariff + | R9: Rate per | X9: FSC | Y9: FSC | Z9: Tariff + | AB9: Rate per
A10: Month/year | C10: Tariff rate | D10: rate/mile | E10: per carload | F10: FSC | H10: Railcar | I10: Rate/MT | K10: Month/year | M10: Tariff rate | N10: rate/mile | O10: per carload | P10: FSC | R10: Railcar | S10: Rate/MT | U10: Month/year | W10: Tariff rate | X10: rate/mile | Y10: per carload | Z10: FSC | AB10: Railcar | AC10: Rate/MT
A11: Jan. 14 | C11: 4308 | D11: 0.34 | E11: =D11*$C$8 -> 204.34 | F11: =C11+E11 -> 4512.34 | K11: Jan. 14 | M11: 3570 | N11: 0.34 | O11: =N11*$C$8 -> 204.34 | P11: =M11+O11 -> 3774.34 | U11: Jan. 14 | W11: 4452 | X11: 0.35 | Y11: =$W$8*X11 -> 238.55263 | Z11: =W11+Y11 -> 4690.5526
A12: Feb. 14 | C12: 4308 | D12: 0.35 | E12: =D12*$C$8 -> 210.35 | F12: =C12+E12 -> 4518.35 | K12: Feb. 14 | M12: 3570 | N12: 0.35 | O12: =N12*$C$8 -> 210.35 | P12: =M12+O12 -> 3780.35 | U12: Feb. 14 | W12: 4452 | X12: 0.36 | Y12: =$W$8*X12 -> 245.36842 | Z12: =W12+Y12 -> 4697.3684
A13: Mar. 14 | C13: 4308 | D13: 0.35 | E13: =D13*$C$8 -> 210.35 | F13: =C13+E13 -> 4518.35 | G13: 1Q 14 | H13: =AVERAGE(F11:F13) -> 4516.3467 | I13: =H13/$F$6 -> 44.850577 | K13: Mar. 14 | M13: 3570 | N13: 0.35 | O13: =N13*$C$8 -> 210.35 | P13: =M13+O13 -> 3780.35 | Q13: 1Q 14 | R13: =AVERAGE(P11:P13) -> 3778.3467 | S13: =R13/$F$6 -> 37.521706 | U13: Mar. 14 | W13: 4452 | X13: 0.36 | Y13: =$W$8*X13 -> 245.36842 | Z13: =W13+Y13 -> 4697.3684 | AA13: 1Q 14 | AB13: =AVERAGE(Z11:Z13) -> 4695.0965 | AC13: =AB13/$F$6 -> 46.625692
A14: Apr. 14 | C14: 4308 | D14: 0.38 | E14: =D14*$C$8 -> 228.38 | F14: =C14+E14 -> 4536.38 | K14: Apr. 14 | M14: 3570 | N14: 0.38 | O14: =N14*$C$8 -> 228.38 | P14: =M14+O14 -> 3798.38 | U14: Apr. 14 | W14: 4452 | X14: 0.38 | Y14: =$W$8*X14 -> 259 | Z14: =W14+Y14 -> 4711
A15: May. 14 | C15: 4308 | D15: 0.38 | E15: =D15*$C$8 -> 228.38 | F15: =C15+E15 -> 4536.38 | K15: May. 14 | M15: 3570 | N15: 0.38 | O15: =N15*$C$8 -> 228.38 | P15: =M15+O15 -> 3798.38 | U15: May. 14 | W15: 4452 | X15: 0.39 | Y15: =$W$8*X15 -> 265.81579 | Z15: =W15+Y15 -> 4717.8158
A16: Jun. 14 | C16: 4308 | D16: 0.37 | E16: =D16*$C$8 -> 222.37 | F16: =C16+E16 -> 4530.37 | G16: 2Q14 | H16: =AVERAGE(F14:F16) -> 4534.3767 | I16: =H16/$F$6 -> 45.029628 | K16: Jun. 14 | M16: 3570 | N16: 0.37 | O16: =N16*$C$8 -> 222.37 | P16: =M16+O16 -> 3792.37 | Q16: 2Q14 | R16: =AVERAGE(P14:P16) -> 3796.3767 | S16: =R16/$F$6 -> 37.700756 | U16: Jun. 14 | W16: 4452 | X16: 0.38 | Y16: =$W$8*X16 -> 259 | Z16: =W16+Y16 -> 4711 | AA16: 2Q14 | AB16: =AVERAGE(Z14:Z16) -> 4713.2719 | AC16: =AB16/$F$6 -> 46.806187
A17: Jul. 14 | C17: 4308 | D17: 0.37 | E17: =D17*$C$8 -> 222.37 | F17: =C17+E17 -> 4530.37 | K17: Jul. 14 | M17: 3570 | N17: 0.37 | O17: =N17*$C$8 -> 222.37 | P17: =M17+O17 -> 3792.37 | U17: Jul. 14 | W17: 4452 | X17: 0.37 | Y17: =$W$8*X17 -> 252.18421 | Z17: =W17+Y17 -> 4704.1842
A18: Aug. 14 | C18: 4308 | D18: 0.36 | E18: =D18*$C$8 -> 216.36 | F18: =C18+E18 -> 4524.36 | K18: Aug. 14 | M18: 3570 | N18: 0.36 | O18: =N18*$C$8 -> 216.36 | P18: =M18+O18 -> 3786.36 | U18: Aug. 14 | W18: 4452 | X18: 0.37 | Y18: =$W$8*X18 -> 252.18421 | Z18: =W18+Y18 -> 4704.1842
A19: Sep. 14 | C19: 4308 | D19: 0.35 | E19: =D19*$C$8 -> 210.35 | F19: =C19+E19 -> 4518.35 | G19: 3Q14 | H19: =AVERAGE(F17:F19) -> 4524.36 | I19: =H19/$F$30 -> 44.930156 | K19: Sep. 14 | M19: 3570 | N19: 0.35 | O19: =N19*$C$8 -> 210.35 | P19: =M19+O19 -> 3780.35 | Q19: 3Q14 | R19: =AVERAGE(P17:P19) -> 3786.36 | S19: =R19/$F$30 -> 37.601284 | U19: Sep. 14 | W19: 4452 | X19: 0.36 | Y19: =$W$8*X19 -> 245.36842 | Z19: =W19+Y19 -> 4697.3684 | AA19: 3Q14 | AB19: =AVERAGE(Z17:Z19) -> 4701.9123 | AC19: =AB19/$F$6 -> 46.693378
A20: Oct. 14 | C20: 4308 | D20: 0.34 | E20: =D20*$C$8 -> 204.34 | F20: =C20+E20 -> 4512.34 | K20: Oct. 14 | M20: 3570 | N20: 0.34 | O20: =N20*$C$8 -> 204.34 | P20: =M20+O20 -> 3774.34 | U20: Oct. 14 | W20: 4602 | X20: 0.35 | Y20: =$W$8*X20 -> 238.55263 | Z20: =W20+Y20 -> 4840.5526
A26: BNSF rates for | K26: BNSF rates for | U26: UP rates for
A27: Davenport, IA | B27: to | C27: St. Louis, MO | K27: Davenport, IA | L27: to | M27: St. Louis, MO | U27: Davenport, IA to St. Louis, MO
U28: (Clinton, IA)
A29: Corn | K29: Soybeans | U29: Corn, Soybean
A30: Heavy axle railcars -- load to 111 tons | E30: = | F30: =111/1.10231 -> 100.69763 | G30: MT | K30: Heavy axle railcars -- load to 111 tons | O30: = | P30: =111/1.10231 -> 100.69763 | Q30: MT | U30: Heavy axle railcars -- load to 111 tons
A31: Shuttle trains of 110 to 120 railcars | K31: Shuttle trains of 110 to 120 railcars | U31: Shuttle trains of 110 to 120 railcars
A32: Miles | C32: 265 | K32: Miles | M32: 265 | U32: Miles | W32: 276.31579
D33: FSC | E33: FSC | F33: Tariff + | H33: Rate per | N33: FSC | O33: FSC | P33: Tariff + | R33: Rate per | X33: FSC | Y33: FSC | Z33: Tariff + | AB33: Rate per
A34: Month/year | C34: Tariff rate | D34: rate/mile | E34: per carload | F34: FSC | H34: Railcar | I34: Rate/MT | K34: Month/year | M34: Tariff rate | N34: rate/mile | O34: per carload | P34: FSC | R34: Railcar | S34: Rate/MT | U34: Month/year | W34: Tariff rate | X34: rate/mile | Y34: per carload | Z34: FSC | AB34: Railcar | AC34: Rate/MT
A35: Jan. 14 | C35: 3620 | D35: 0.34 | E35: =D35*$C$32 -> 90.1 | F35: =C35+E35 -> 3710.1 | K35: Jan. 14 | M35: 2816 | N35: 0.34 | O35: =N35*$C$32 -> 90.1 | P35: =M35+O35 -> 2906.1 | U35: Jan. 14 | W35: 3189 | X35: 0.35 | Y35: =$W$32*X35 -> 96.710526 | Z35: =W35+Y35 -> 3285.7105
A36: Feb. 14 | C36: 3620 | D36: 0.35 | E36: =D36*$C$32 -> 92.75 | F36: =C36+E36 -> 3712.75 | K36: Feb. 14 | M36: 2816 | N36: 0.35 | O36: =N36*$C$32 -> 92.75 | P36: =M36+O36 -> 2908.75 | U36: Feb. 14 | W36: 3189 | X36: 0.36 | Y36: =$W$32*X36 -> 99.473684 | Z36: =W36+Y36 -> 3288.4737
A37: Mar. 14 | C37: 3620 | D37: 0.35 | E37: =D37*$C$32 -> 92.75 | F37: =C37+E37 -> 3712.75 | G37: 1Q 14 | H37: =AVERAGE(F35:F37) -> 3711.8667 | I37: =H37/$F$30 -> 36.861511 | K37: Mar. 14 | M37: 2816 | N37: 0.35 | O37: =N37*$C$32 -> 92.75 | P37: =M37+O37 -> 2908.75 | Q37: 1Q 14 | R37: =AVERAGE(P35:P37) -> 2907.8667 | S37: =R37/$F$30 -> 28.877212 | U37: Mar. 14 | W37: 3189 | X37: 0.36 | Y37: =$W$32*X37 -> 99.473684 | Z37: =W37+Y37 -> 3288.4737 | AA37: 1Q 14 | AB37: =AVERAGE(Z35:Z37) -> 3287.5526 | AC37: =AB37/$F$6 -> 32.647767
A38: Apr. 14 | C38: 3620 | D38: 0.38 | E38: =D38*$C$32 -> 100.7 | F38: =C38+E38 -> 3720.7 | K38: Apr. 14 | M38: 2816 | N38: 0.38 | O38: =N38*$C$32 -> 100.7 | P38: =M38+O38 -> 2916.7 | U38: Apr. 14 | W38: 3189 | X38: 0.38 | Y38: =$W$32*X38 -> 105 | Z38: =W38+Y38 -> 3294
A39: May. 14 | C39: 3620 | D39: 0.38 | E39: =D39*$C$32 -> 100.7 | F39: =C39+E39 -> 3720.7 | K39: May. 14 | M39: 2816 | N39: 0.38 | O39: =N39*$C$32 -> 100.7 | P39: =M39+O39 -> 2916.7 | U39: May. 14 | W39: 3189 | X39: 0.39 | Y39: =$W$32*X39 -> 107.76316 | Z39: =W39+Y39 -> 3296.7632
A40: Jun. 14 | C40: 3620 | D40: 0.37 | E40: =D40*$C$32 -> 98.05 | F40: =C40+E40 -> 3718.05 | G40: 2Q14 | H40: =AVERAGE(F38:F40) -> 3719.8167 | I40: =H40/$F$30 -> 36.94046 | K40: Jun. 14 | M40: 2816 | N40: 0.37 | O40: =N40*$C$32 -> 98.05 | P40: =M40+O40 -> 2914.05 | Q40: 2Q14 | R40: =AVERAGE(P38:P40) -> 2915.8167 | S40: =R40/$F$30 -> 28.956161 | U40: Jun. 14 | W40: 3189 | X40: 0.38 | Y40: =$W$32*X40 -> 105 | Z40: =W40+Y40 -> 3294 | AA40: 2Q14 | AB40: =AVERAGE(Z38:Z40) -> 3294.9211 | AC40: =AB40/$F$6 -> 32.720941
A41: Jul. 14 | C41: 3620 | D41: 0.37 | E41: =D41*$C$32 -> 98.05 | F41: =C41+E41 -> 3718.05 | K41: Jul. 14 | M41: 2816 | N41: 0.37 | O41: =N41*$C$32 -> 98.05 | P41: =M41+O41 -> 2914.05 | U41: Jul. 14 | W41: 3189 | X41: 0.37 | Y41: =$W$32*X41 -> 102.23684 | Z41: =W41+Y41 -> 3291.2368
A42: Aug. 14 | C42: 3620 | D42: 0.36 | E42: =D42*$C$32 -> 95.4 | F42: =C42+E42 -> 3715.4 | K42: Aug. 14 | M42: 2816 | N42: 0.36 | O42: =N42*$C$32 -> 95.4 | P42: =M42+O42 -> 2911.4 | U42: Aug. 14 | W42: 3189 | X42: 0.37 | Y42: =$W$32*X42 -> 102.23684 | Z42: =W42+Y42 -> 3291.2368
A43: Sep. 14 | C43: 3620 | D43: 0.35 | E43: =D43*$C$32 -> 92.75 | F43: =C43+E43 -> 3712.75 | G43: 3Q14 | H43: =AVERAGE(F41:F43) -> 3715.4 | I43: =H43/$F$30 -> 36.8966 | K43: Sep. 14 | M43: 2816 | N43: 0.35 | O43: =N43*$C$32 -> 92.75 | P43: =M43+O43 -> 2908.75 | Q43: 3Q14 | R43: =AVERAGE(P41:P43) -> 2911.4 | S43: =R43/$F$30 -> 28.9123 | U43: Sep. 14 | W43: 3189 | X43: 0.36 | Y43: =$W$32*X43 -> 99.473684 | Z43: =W43+Y43 -> 3288.4737 | AA43: 3Q14 | AB43: =AVERAGE(Z41:Z43) -> 3290.3158 | AC43: =AB43/$F$6 -> 32.675207
A44: Oct. 14 | C44: 3620 | D44: 0.34 | E44: =D44*$C$32 -> 90.1 | F44: =C44+E44 -> 3710.1 | K44: Oct. 14 | M44: 2816 | N44: 0.34 | O44: =N44*$C$32 -> 90.1 | P44: =M44+O44 -> 2906.1 | U44: Oct. 14 | W44: 3339 | X44: 0.35 | Y44: =$W$32*X44 -> 96.710526 | Z44: =W44+Y44 -> 3435.7105
A62: BNSF rates for | K62: BNSF rates for
A63: Fargo, ND | B63: to | C63: Tacoma, WA | K63: Minneapolis,MN to Portland, OR
A64: (Casselton, ND) | K64: (New Ulm, MN)
A65: Soybeans | K65: Soybeans
A66: Heavy axle railcars -- load to 111 tons | E66: = | F66: =111/1.10231 -> 100.69763 | G66: MT | K66: Heavy axle railcars -- load to 111 tons
A67: Shuttle trains of 110 to 120 railcars | K67: Shuttle trains of 110 to 120 railcars
A68: Miles | C68: 1507 | K68: Miles | M68: 1851
D69: FSC | E69: FSC | F69: Tariff + | H69: Rate per | N69: FSC | O69: FSC | P69: Tariff + | R69: Rate per
A70: Month/year | C70: Tariff rate | D70: rate/mile | E70: per carload | F70: FSC | H70: Railcar | I70: Rate/MT | K70: Month/year | M70: Tariff rate | N70: rate/mile | O70: per carload | P70: FSC | R70: Railcar | S70: Rate/MT
A71: Jan. 09 | C71: 3870 | D71: 0.41 | E71: =D71*$C$68 -> 617.87 | F71: =C71+E71 -> 4487.87 | K71: Jan. 09 | M71: 3870 | N71: 0.41 | O71: =$M$68*N71 -> 758.91 | P71: =M71+O71 -> 4628.91
A72: Feb. 09 | C72: 3870 | D72: 0.3 | E72: =D72*$C$68 -> 452.1 | F72: =C72+E72 -> 4322.1 | K72: Feb. 09 | M72: 3870 | N72: 0.3 | O72: =$M$68*N72 -> 555.3 | P72: =M72+O72 -> 4425.3
A73: Mar. 09 | C73: 3870 | D73: 0.27 | E73: =D73*$C$68 -> 406.89 | F73: =C73+E73 -> 4276.89 | G73: 1Q 09 | H73: =AVERAGE(F71:F73) -> 4362.2867 | I73: =H73/$F$66 -> 43.320651 | K73: Mar. 09 | M73: 3870 | N73: 0.27 | O73: =$M$68*N73 -> 499.77 | P73: =M73+O73 -> 4369.77 | Q73: 1Q 09 | R73: =AVERAGE(P71:P73) -> 4474.66 | S73: =R73/$F$66 -> 44.436599
A74: Apr. 09 | C74: 3870 | D74: 0.24 | E74: =D74*$C$68 -> 361.68 | F74: =C74+E74 -> 4231.68 | K74: Apr. 09 | M74: 3870 | N74: 0.24 | O74: =$M$68*N74 -> 444.24 | P74: =M74+O74 -> 4314.24
A75: May. 09 | C75: 3870 | D75: 0.22 | E75: =D75*$C$68 -> 331.54 | F75: =C75+E75 -> 4201.54 | K75: May. 09 | M75: 3870 | N75: 0.22 | O75: =$M$68*N75 -> 407.22 | P75: =M75+O75 -> 4277.22
A76: Jun. 09 | C76: 3870 | D76: 0.25 | E76: =D76*$C$68 -> 376.75 | F76: =C76+E76 -> 4246.75 | G76: 2Q 09 | H76: =AVERAGE(F74:F76) -> 4226.6567 | I76: =H76/$F$66 -> 41.973747 | K76: Jun. 09 | M76: 3870 | N76: 0.25 | O76: =$M$68*N76 -> 462.75 | P76: =M76+O76 -> 4332.75 | Q76: 2Q 09 | R76: =AVERAGE(P74:P76) -> 4308.07 | S76: =R76/$F$66 -> 42.78224
A77: Jul. 09 | C77: 3870 | D77: 0.25 | E77: =D77*$C$68 -> 376.75 | F77: =C77+E77 -> 4246.75 | K77: Jul. 09 | M77: 3870 | N77: 0.25 | O77: =$M$68*N77 -> 462.75 | P77: =M77+O77 -> 4332.75
A78: Aug. 09 | C78: 3870 | D78: 0.32 | E78: =D78*$C$68 -> 482.24 | F78: =C78+E78 -> 4352.24 | K78: Aug. 09 | M78: 3870 | N78: 0.32 | O78: =$M$68*N78 -> 592.32 | P78: =M78+O78 -> 4462.32
A79: Sep. 09 | C79: 4170 | D79: 0.33 | E79: =D79*$C$68 -> 497.31 | F79: =C79+E79 -> 4667.31 | G79: 3Q 09 | H79: =AVERAGE(F77:F79) -> 4422.1 | I79: =H79/$F$66 -> 43.91464 | K79: Sep. 09 | M79: 4170 | N79: 0.33 | O79: =$M$68*N79 -> 610.83 | P79: =M79+O79 -> 4780.83 | Q79: 3Q 09 | R79: =AVERAGE(P77:P79) -> 4525.3 | S79: =R79/$F$66 -> 44.93949
A80: Oct. 09 | C80: 4170 | D80: 0.35 | E80: =D80*$C$68 -> 527.45 | F80: =C80+E80 -> 4697.45 | K80: Oct. 09 | M80: 4170 | N80: 0.35 | O80: =$M$68*N80 -> 647.85 | P80: =M80+O80 -> 4817.85
A81: Nov. 09 | C81: 4170 | D81: 0.35 | E81: =D81*$C$68 -> 527.45 | F81: =C81+E81 -> 4697.45 | K81: Nov. 09 | M81: 4170 | N81: 0.35 | O81: =$M$68*N81 -> 647.85 | P81: =M81+O81 -> 4817.85
A82: Dec. 09 | C82: 4170 | D82: 0.36 | E82: =D82*$C$68 -> 542.52 | F82: =C82+E82 -> 4712.52 | G82: 4Q 09 | H82: =AVERAGE(F80:F82) -> 4702.4733 | I82: =H82/$F$66 -> 46.698949 | K82: Dec. 09 | M82: 4170 | N82: 0.36 | O82: =$M$68*N82 -> 666.36 | P82: =M82+O82 -> 4836.36 | Q82: 4Q 09 | R82: =AVERAGE(P80:P82) -> 4824.02 | S82: =R82/$F$66 -> 47.905995
A83: Jan. 10 | C83: 4170 | D83: 0.39 | E83: =D83*$C$68 -> 587.73 | F83: =C83+E83 -> 4757.73 | K83: Jan. 10 | M83: 4170 | N83: 0.39 | O83: =$M$68*N83 -> 721.89 | P83: =M83+O83 -> 4891.89
A84: Feb. 10 | C84: 4170 | D84: 0.38 | E84: =D84*$C$68 -> 572.66 | F84: =C84+E84 -> 4742.66 | K84: Feb. 10 | M84: 4170 | N84: 0.38 | O84: =$M$68*N84 -> 703.38 | P84: =M84+O84 -> 4873.38
A85: Mar. 10 | C85: 4170 | D85: 0.4 | E85: =D85*$C$68 -> 602.8 | F85: =C85+E85 -> 4772.8 | G85: 1Q 10 | H85: =AVERAGE(F83:F85) -> 4757.73 | I85: =H85/$F$66 -> 47.247688 | K85: Mar. 10 | M85: 4170 | N85: 0.4 | O85: =$M$68*N85 -> 740.4 | P85: =M85+O85 -> 4910.4 | Q85: 1Q 10 | R85: =AVERAGE(P83:P85) -> 4891.89 | S85: =R85/$F$66 -> 48.579993
A86: Apr. 10 | C86: 4170 | D86: 0.39 | E86: =D86*$C$68 -> 587.73 | F86: =C86+E86 -> 4757.73 | K86: Apr. 10 | M86: 4170 | N86: 0.39 | O86: =$M$68*N86 -> 721.89 | P86: =M86+O86 -> 4891.89
A87: May. 10 | C87: 4170 | D87: 0.42 | E87: =D87*$C$68 -> 632.94 | F87: =C87+E87 -> 4802.94 | K87: May. 10 | M87: 4170 | N87: 0.42 | O87: =$M$68*N87 -> 777.42 | P87: =M87+O87 -> 4947.42
A88: Jun. 10 | C88: 4170 | D88: 0.46 | E88: =D88*$C$68 -> 693.22 | F88: =C88+E88 -> 4863.22 | G88: 2Q 10 | H88: =AVERAGE(F86:F88) -> 4807.9633 | I88: =H88/$F$66 -> 47.746541 | K88: Jun. 10 | M88: 4170 | N88: 0.46 | O88: =$M$68*N88 -> 851.46 | P88: =M88+O88 -> 5021.46 | Q88: 2Q 10 | R88: =AVERAGE(P86:P88) -> 4953.59 | S88: =R88/$F$66 -> 49.192719
A89: Jul. 10 | C89: 4170 | D89: 0.46 | E89: =D89*$C$68 -> 693.22 | F89: =C89+E89 -> 4863.22 | K89: Jul. 10 | M89: 4170 | N89: 0.46 | O89: =$M$68*N89 -> 851.46 | P89: =M89+O89 -> 5021.46
A90: Aug. 10 | C90: 4170 | D90: 0.43 | E90: =D90*$C$68 -> 648.01 | F90: =C90+E90 -> 4818.01 | K90: Aug. 10 | M90: 4170 | N90: 0.43 | O90: =$M$68*N90 -> 795.93 | P90: =M90+O90 -> 4965.93
A91: Sep. 10 | C91: 4170 | D91: 0.42 | E91: =D91*$C$68 -> 632.94 | F91: =C91+E91 -> 4802.94 | G91: 3Q 10 | H91: =AVERAGE(F89:F91) -> 4828.0567 | I91: =H91/$F$66 -> 47.946082 | K91: Sep. 10 | M91: 4170 | N91: 0.42 | O91: =$M$68*N91 -> 777.42 | P91: =M91+O91 -> 4947.42 | Q91: 3Q 10 | R91: =AVERAGE(P89:P91) -> 4978.27 | S91: =R91/$F$66 -> 49.437809
A92: Oct. 10 | C92: 4270 | D92: 0.43 | E92: =D92*$C$68 -> 648.01 | F92: =C92+E92 -> 4918.01 | K92: Oct. 10 | M92: 4270 | N92: 0.43 | O92: =$M$68*N92 -> 795.93 | P92: =M92+O92 -> 5065.93
A93: Nov. 10 | C93: 4270 | D93: 0.43 | E93: =D93*$C$68 -> 648.01 | F93: =C93+E93 -> 4918.01 | K93: Nov. 10 | M93: 4270 | N93: 0.43 | O93: =$M$68*N93 -> 795.93 | P93: =M93+O93 -> 5065.93
A94: Dec. 10 | C94: 4270 | D94: 0.46 | E94: =D94*$C$68 -> 693.22 | F94: =C94+E94 -> 4963.22 | G94: 4Q 10 | H94: =AVERAGE(F92:F94) -> 4933.08 | I94: =H94/$F$66 -> 48.98904 | K94: Dec. 10 | M94: 4270 | N94: 0.46 | O94: =$M$68*N94 -> 851.46 | P94: =M94+O94 -> 5121.46 | Q94: 4Q 10 | R94: =AVERAGE(P92:P94) -> 5084.44 | S94: =R94/$F$66 -> 50.492154
A95: Jan. 11 | C95: 4270 | D95: 0.48 | E95: =D95*$C$68 -> 723.36 | F95: =C95+E95 -> 4993.36 | K95: Jan. 11 | M95: 4270 | N95: 0.48 | O95: =$M$68*N95 -> 888.48 | P95: =M95+O95 -> 5158.48
A96: Feb. 11 | C96: 4270 | D96: 0.5 | E96: =D96*$C$68 -> 753.5 | F96: =C96+E96 -> 5023.5 | K96: Feb. 11 | M96: 4270 | N96: 0.5 | O96: =$M$68*N96 -> 925.5 | P96: =M96+O96 -> 5195.5
A97: Mar. 11 | C97: 4270 | D97: 0.23 | E97: =D97*$C$68 -> 346.61 | F97: =C97+E97 -> 4616.61 | G97: 1Q 11 | H97: =AVERAGE(F95:F97) -> 4877.8233 | I97: =H97/$F$66 -> 48.440301 | K97: Mar. 11 | M97: 4270 | N97: 0.23 | O97: =$M$68*N97 -> 425.73 | P97: =M97+O97 -> 4695.73 | Q97: 1Q 11 | R97: =AVERAGE(P95:P97) -> 5016.57 | S97: =R97/$F$66 -> 49.818156
A98: Apr. 11 | C98: 4730 | D98: 0.28 | E98: =D98*$C$68 -> 421.96 | F98: =C98+E98 -> 5151.96 | K98: Apr. 11 | M98: 4830 | N98: 0.28 | O98: =$M$68*N98 -> 518.28 | P98: =M98+O98 -> 5348.28
A99: May. 11 | C99: 4730 | D99: 0.36 | E99: =D99*$C$68 -> 542.52 | F99: =C99+E99 -> 5272.52 | K99: May. 11 | M99: 4830 | N99: 0.36 | O99: =$M$68*N99 -> 666.36 | P99: =M99+O99 -> 5496.36
A100: Jun. 11 | C100: 4730 | D100: 0.4 | E100: =D100*$C$68 -> 602.8 | F100: =C100+E100 -> 5332.8 | G100: 2Q 11 | H100: =AVERAGE(F98:F100) -> 5252.4267 | I100: =H100/$F$66 -> 52.160382 | K100: Jun. 11 | M100: 4830 | N100: 0.4 | O100: =$M$68*N100 -> 740.4 | P100: =M100+O100 -> 5570.4 | Q100: 2Q 11 | R100: =AVERAGE(P98:P100) -> 5471.68 | S100: =R100/$F$66 -> 54.337726
A101: Jul. 11 | C101: 4730 | D101: 0.39 | E101: =D101*$C$68 -> 587.73 | F101: =C101+E101 -> 5317.73 | K101: Jul. 11 | M101: 4830 | N101: 0.39 | O101: =$M$68*N101 -> 721.89 | P101: =M101+O101 -> 5551.89
A102: Aug. 11 | C102: 4730 | D102: 0.36 | E102: =D102*$C$68 -> 542.52 | F102: =C102+E102 -> 5272.52 | K102: Aug. 11 | M102: 4830 | N102: 0.36 | O102: =$M$68*N102 -> 666.36 | P102: =M102+O102 -> 5496.36
A103: Sep. 11 | C103: 4730 | D103: 0.36 | E103: =D103*$C$68 -> 542.52 | F103: =C103+E103 -> 5272.52 | G103: 3Q 11 | H103: =AVERAGE(F101:F103) -> 5287.59 | I103: =H103/$F$66 -> 52.50958 | K103: Sep. 11 | M103: 4830 | N103: 0.36 | O103: =$M$68*N103 -> 666.36 | P103: =M103+O103 -> 5496.36 | Q103: 3Q 11 | R103: =AVERAGE(P101:P103) -> 5514.87 | S103: =R103/$F$66 -> 54.766634
A104: Oct. 11 | C104: 4930 | D104: 0.35 | E104: =D104*$C$68 -> 527.45 | F104: =C104+E104 -> 5457.45 | K104: Oct. 11 | M104: 5030 | N104: 0.35 | O104: =$M$68*N104 -> 647.85 | P104: =M104+O104 -> 5677.85
A105: Nov. 11 | C105: 4930 | D105: 0.34 | E105: =D105*$C$68 -> 512.38 | F105: =C105+E105 -> 5442.38 | K105: Nov. 11 | M105: 5030 | N105: 0.34 | O105: =$M$68*N105 -> 629.34 | P105: =M105+O105 -> 5659.34
A106: Dec. 11 | C106: 4930 | D106: 0.33 | E106: =D106*$C$68 -> 497.31 | F106: =C106+E106 -> 5427.31 | G106: 4Q 11 | H106: =AVERAGE(F104:F106) -> 5442.38 | I106: =H106/$F$66 -> 54.046756 | K106: Dec. 11 | M106: 5030 | N106: 0.33 | O106: =$M$68*N106 -> 610.83 | P106: =M106+O106 -> 5640.83 | Q106: 4Q 11 | R106: =AVERAGE(P104:P106) -> 5659.34 | S106: =R106/$F$66 -> 56.201325
A107: Jan. 12 | C107: 4930 | D107: 0.37 | E107: =D107*$C$68 -> 557.59 | F107: =C107+E107 -> 5487.59 | K107: Jan. 12 | M107: 5030 | N107: 0.37 | O107: =$M$68*N107 -> 684.87 | P107: =M107+O107 -> 5714.87
A108: Feb. 12 | C108: 4930 | D108: 0.35 | E108: =D108*$C$68 -> 527.45 | F108: =C108+E108 -> 5457.45 | K108: Feb. 12 | M108: 5030 | N108: 0.35 | O108: =$M$68*N108 -> 647.85 | P108: =M108+O108 -> 5677.85
A109: Mar. 12 | C109: 4930 | D109: 0.34 | E109: =D109*$C$68 -> 512.38 | F109: =C109+E109 -> 5442.38 | G109: 1Q 12 | H109: =AVERAGE(F107:F109) -> 5462.4733 | I109: =H109/$F$66 -> 54.246297 | K109: Mar. 12 | M109: 5030 | N109: 0.34 | O109: =$M$68*N109 -> 629.34 | P109: =M109+O109 -> 5659.34 | Q109: 1Q 12 | R109: =AVERAGE(P107:P109) -> 5684.02 | S109: =R109/$F$66 -> 56.446415
A110: Apr. 12 | C110: 4930 | D110: 0.37 | E110: =D110*$C$68 -> 557.59 | F110: =C110+E110 -> 5487.59 | K110: Apr. 12 | M110: 5030 | N110: 0.37 | O110: =$M$68*N110 -> 684.87 | P110: =M110+O110 -> 5714.87
A111: May. 12 | C111: 4930 | D111: 0.41 | E111: =D111*$C$68 -> 617.87 | F111: =C111+E111 -> 5547.87 | K111: May. 12 | M111: 5030 | N111: 0.41 | O111: =$M$68*N111 -> 758.91 | P111: =M111+O111 -> 5788.91
A112: Jun. 12 | C112: 4930 | D112: 0.41 | E112: =D112*$C$68 -> 617.87 | F112: =C112+E112 -> 5547.87 | G112: 2Q 12 | H112: =AVERAGE(F110:F112) -> 5527.7767 | I112: =H112/$F$66 -> 54.894806 | K112: Jun. 12 | M112: 5030 | N112: 0.41 | O112: =$M$68*N112 -> 758.91 | P112: =M112+O112 -> 5788.91 | Q112: 2Q 12 | R112: =AVERAGE(P110:P112) -> 5764.23 | S112: =R112/$F$66 -> 57.242958
A113: Jul. 12 | C113: 4930 | D113: 0.37 | E113: =D113*$C$68 -> 557.59 | F113: =C113+E113 -> 5487.59 | K113: Jul. 12 | M113: 5030 | N113: 0.37 | O113: =$M$68*N113 -> 684.87 | P113: =M113+O113 -> 5714.87
A114: Aug. 12 | C114: 4930 | D114: 0.32 | E114: =D114*$C$68 -> 482.24 | F114: =C114+E114 -> 5412.24 | K114: Aug. 12 | M114: 5030 | N114: 0.32 | O114: =$M$68*N114 -> 592.32 | P114: =M114+O114 -> 5622.32
A115: Sep. 12 | C115: 4930 | D115: 0.31 | E115: =D115*$C$68 -> 467.17 | F115: =C115+E115 -> 5397.17 | G115: 3Q 12 | H115: =AVERAGE(F113:F115) -> 5432.3333 | I115: =H115/$F$66 -> 53.946985 | K115: Sep. 12 | M115: 5030 | N115: 0.31 | O115: =$M$68*N115 -> 573.81 | P115: =M115+O115 -> 5603.81 | Q115: 3Q 12 | R115: =AVERAGE(P113:P115) -> 5647 | S115: =R115/$F$66 -> 56.07878
A116: Oct. 12 | C116: 5230 | D116: 0.38 | E116: =D116*$C$68 -> 572.66 | F116: =C116+E116 -> 5802.66 | K116: Oct. 12 | M116: 5330 | N116: 0.38 | O116: =$M$68*N116 -> 703.38 | P116: =M116+O116 -> 6033.38
A117: Nov. 12 | C117: 5230 | D117: 0.41 | E117: =D117*$C$68 -> 617.87 | F117: =C117+E117 -> 5847.87 | K117: Nov. 12 | M117: 5330 | N117: 0.41 | O117: =$M$68*N117 -> 758.91 | P117: =M117+O117 -> 6088.91
A118: Dec. 12 | C118: 5230 | D118: 0.4 | E118: =D118*$C$68 -> 602.8 | F118: =C118+E118 -> 5832.8 | G118: 4Q 12 | H118: =AVERAGE(F116:F118) -> 5827.7767 | I118: =H118/$F$66 -> 57.874022 | K118: Dec. 12 | M118: 5330 | N118: 0.4 | O118: =$M$68*N118 -> 740.4 | P118: =M118+O118 -> 6070.4 | Q118: 4Q 12 | R118: =AVERAGE(P116:P118) -> 6064.23 | S118: =R118/$F$66 -> 60.222175
A123: BNSF rates for | K123: BNSF rates for
A124: South Central, KS | B124: to | C124: Galveston-Houston, TX | K124: Grand Forks, ND to Portland, OR
A125: (Wichita, KS) | C125: (Galveston, TX) | K125: (North Grand Forks, ND)
A126: Wheat | K126: Wheat
A127: Heavy axle railcars -- load to 111 tons | E127: = | F127: =111/1.10231 -> 100.69763 | G127: MT | K127: Heavy axle railcars -- load to 111 tons
A128: Shuttle trains of 110 to 120 railcars | K128: Shuttle trains of 110 to 120 railcars
...
