Workbook

Sheet Sheet1
A1: Aperture | B1: 150 | C1: CO | D1: =45/B1 -> 0.3 | F1: Barlow | G1: 1.5 | H1: 2.2
A2: Type | B2: Focal Length | C2: Telescope Focal Ratio/Length | E2: Mag Steps | F2: Mag | G2: Barlow | H2: Barlow | I2: AFOV | J2: TFOV | K2: Exit Pupil | L2: Power / Per Inch
A3: Plossl | B3: 32 | C3: 0 | D3: 0 | F3: 0 | G3: =F3*2 -> 0 | H3: =F3*3 -> 0 | I3: 50 | J3: 0 | K3: 0 | L3: =F3 -> 0 | M3: =L3/6 -> 0
A4: Plossl | B4: 25 | C4: =D4/B1 -> 15.692095 | D4: =F4*B4 -> 2353.8142 | E4: =D4/B4 -> 94.152567 | F4: =I4/J4 -> 94.152567 | G4: =F4*G1 -> 141.22885 | H4: =F4*H1 -> 207.13565 | I4: 52 | J4: ='Sheet3 (2)'!B11 -> 0.55229508 | K4: =B4/C4 -> 1.5931589 | L4: =H4 -> 207.13565 | M4: =L4/(B1/25.4) -> 35.07497
A5: HD Ortho | B5: 18 | C5: =D5/B1 -> 15.658142 | D5: =F5*B5 -> 2348.7214 | E5: =E4*1.4 -> 131.81359 | F5: =I5/J5 -> 130.48452 | G5: =F5*G1 -> 195.72678 | H5: =F5*H1 -> 287.06594 | I5: 41 | J5: ='Sheet3 (2)'!I11 -> 0.31421352 | K5: =B5/C5 -> 1.1495617 | L5: =H5 -> 287.06594 | M5: =L5/(B1/25.4) -> 48.609833
A6: =A5 -> HD Ortho | B6: 12 | C6: =D6/B1 -> 15.737389 | D6: =F6*B6 -> 2360.6084 | E6: =E5*1.4 -> 184.53903 | F6: =I6/J6 -> 196.71737 | G6: =F6*G1 -> 295.07605 | H6: =F6*H1 -> 432.7782 | I6: 45 | J6: ='Sheet3 (2)'!I22 -> 0.22875459 | K6: =B6/C6 -> 0.7625153 | L6: =H6 -> 432.7782 | M6: =L6/(B1/25.4) -> 73.283776
A7: =A4 -> Plossl | B7: 10 | C7: =D7/B1 -> 15.800945 | D7: =F7*B7 -> 2370.1418 | E7: =E6*1.4 -> 258.35464 | F7: =I7/J7 -> 237.01418 | G7: =F7*G1 -> 355.52127 | H7: =F7*H1 -> 521.43119 | I7: 51 | J7: ='Sheet3 (2)'!B22 -> 0.215177 | K7: =B7/C7 -> 0.63287354 | L7: =H7 -> 521.43119 | M7: =L7/(B1/25.4) -> 88.295681
A8: TMB II | B8: 8 | C8: =D8/B1 -> 15.481702 | D8: =F8*B8 -> 2322.2553 | E8: =E7*1.4 -> 361.6965 | F8: =I8/J8 -> 290.28191 | G8: =F8*G1 -> 435.42287 | H8: =F8*H1 -> 638.62021 | I8: 58 | J8: ='Sheet3 (2)'!P11 -> 0.19980577 | K8: =B8/C8 -> 0.51673905 | L8: =G8 -> 435.42287 | M8: =L8/(B1/25.4) -> 73.731606
A9: Abbe Ortho | B9: 7 | C9: =D9/B6 -> 0 | D9: =F9*B9 -> 0 | E9: 0 | F9: 0 | G9: =D9/B9*G6 -> 0 | H9: =F9*H6 -> 0 | I9: 0 | J9: 0 | K9: 0 | L9: =G9 -> 0 | M9: =L9/(B6/25.4) -> 0
A10: =A8 -> TMB II | B10: 6 | C10: =D10/B1 -> 15.46424 | D10: =F10*B10 -> 2319.636 | E10: =E8*1.4 -> 506.3751 | F10: =I10/J10 -> 386.606 | G10: =F10*G1 -> 579.90901 | H10: =F10*H1 -> 850.53321 | I10: =I8 -> 58 | J10: ='Sheet3 (2)'!P22 -> 0.15002354 | K10: =B10/C10 -> 0.3879919 | L10: =G10 -> 579.90901 | M10: =L10/(B1/25.4) -> 98.197925
C12: FR= | D12: FL/D
C13: TFOV= | D13: AFOV/Mag
C14: Mag = | D14: AFOV/TFOV
C15: Mag = | D15: FL/EpFL
C16: FL = | D16: Mag*EpFL
A18: Aperture | B18: =B1 -> 150 | C18: CO | D18: =D1 -> 0.3 | F18: 1.5x Barlow
A19: Type | B19: Focal Length | C19: Telescope Focal Ratio/Length | E19: Mag Steps | F19: Mag | G19: AFOV | H19: TFOV | I19: Exit Pupil | J19: Power / Per Inch
A20: Plossl | B20: 32 | C20: 0 | D20: 0 | F20: 0 | G20: 50 | H20: 0 | I20: 0 | J20: =F20 -> 0 | K20: =J20/6 -> 0
A21: Plossl | B21: 25 | C21: =D21/B18 -> 25.490196 | D21: =F21*B21 -> 3823.5294 | E21: =D21/B21 -> 152.94118 | F21: =G21/H21 -> 152.94118 | G21: 52 | H21: 0.34 | I21: =B21/C21 -> 0.98076923 | J21: =F21 -> 152.94118 | K21: =J21/(B18/25.4) -> 25.898039
A22: HD Ortho | B22: 18 | C22: =D22/B18 -> 23.108571 | D22: =F22*B22 -> 3466.2857 | E22: =E21*1.4 -> 214.11765 | F22: =G22/H22 -> 192.57143 | G22: 40.44 | H22: 0.21 | I22: =B22/C22 -> 0.77893175 | J22: =F22 -> 192.57143 | K22: =J22/(B18/25.4) -> 32.608762
A23: =A22 -> HD Ortho | B23: 12 | C23: =D23/B18 -> 24 | D23: =F23*B23 -> 3600 | E23: =E22*1.4 -> 299.76471 | F23: =G23/H23 -> 300 | G23: 45 | H23: 0.15 | I23: =B23/C23 -> 0.5 | J23: =F23 -> 300 | K23: =J23/(B18/25.4) -> 50.8
A24: =A21 -> Plossl | B24: 10 | C24: =D24/B18 -> 24.761905 | D24: =F24*B24 -> 3714.2857 | E24: =E23*1.4 -> 419.67059 | F24: =G24/H24 -> 371.42857 | G24: =G21 -> 52 | H24: 0.14 | I24: =B24/C24 -> 0.40384615 | J24: =F24 -> 371.42857 | K24: =J24/(B18/25.4) -> 62.895238
A25: TMB II | B25: 8 | C25: =D25/B18 -> 22.095238 | D25: =F25*B25 -> 3314.2857 | E25: =E24*1.4 -> 587.53882 | F25: =G25/H25 -> 414.28571 | G25: 58 | H25: 0.14 | I25: =B25/C25 -> 0.36206897 | J25: =F25 -> 414.28571 | K25: =J25/(B18/25.4) -> 70.152381
A26: Abbe Ortho | B26: 7 | C26: =D26/B23 -> 0 | D26: =F26*B26 -> 0 | E26: =E25*1.4 -> 822.55435 | F26: 0 | G26: 0 | H26: 0 | I26: 0 | J26: =F26 -> 0 | K26: =J26/(B23/25.4) -> 0
A27: =A25 -> TMB II | B27: 6 | C27: =D27/B18 -> 21.090909 | D27: =F27*B27 -> 3163.6364 | E27: =E26*1.4 -> 1151.5761 | F27: =G27/H27 -> 527.27273 | G27: =G25 -> 58 | H27: 0.11 | I27: =B27/C27 -> 0.28448276 | J27: =F27 -> 527.27273 | K27: =J27/(B18/25.4) -> 89.284848
A29: Aperture | B29: =B18 -> 150 | C29: CO | D29: =D18 -> 0.3 | F29: 2.2x Barlow
A30: Type | B30: Focal Length | C30: Telescope Focal Ratio/Length | E30: Mag Steps | F30: Mag | G30: AFOV | H30: TFOV | I30: Exit Pupil | J30: Power / Per Inch
A31: Plossl | B31: 32 | C31: 0 | D31: 0 | F31: 0 | G31: 50 | H31: 0 | I31: 0 | J31: =F31 -> 0 | K31: =J31/6 -> 0
A32: Plossl | B32: 25 | C32: =D32/B29 -> 34.666667 | D32: =F32*B32 -> 5200 | E32: =D32/B32 -> 208 | F32: =G32/H32 -> 208 | G32: 52 | H32: 0.25 | I32: =B32/C32 -> 0.72115385 | J32: =F32 -> 208 | K32: =J32/(B29/25.4) -> 35.221333
A33: HD Ortho | B33: 18 | C33: =D33/B29 -> 34.662857 | D33: =F33*B33 -> 5199.4286 | E33: =E32*1.4 -> 291.2 | F33: =G33/H33 -> 288.85714 | G33: 40.44 | H33: 0.14 | I33: =B33/C33 -> 0.51928783 | J33: =F33 -> 288.85714 | K33: =J33/(B29/25.4) -> 48.913143
A34: =A33 -> HD Ortho | B34: 12 | C34: =D34/B29 -> 36 | D34: =F34*B34 -> 5400 | E34: =E33*1.4 -> 407.68 | F34: =G34/H34 -> 450 | G34: 45 | H34: 0.1 | I34: =B34/C34 -> 0.33333333 | J34: =F34 -> 450 | K34: =J34/(B29/25.4) -> 76.2
A35: =A32 -> Plossl | B35: 10 | C35: =D35/B29 -> 38.518519 | D35: =F35*B35 -> 5777.7778 | E35: =E34*1.4 -> 570.752 | F35: =G35/H35 -> 577.77778 | G35: =G32 -> 52 | H35: 0.09 | I35: =B35/C35 -> 0.25961538 | J35: =F35 -> 577.77778 | K35: =J35/(B29/25.4) -> 97.837037
A36: TMB II | B36: 8 | C36: =D36/B29 -> 34.37037 | D36: =F36*B36 -> 5155.5556 | E36: =E35*1.4 -> 799.0528 | F36: =G36/H36 -> 644.44444 | G36: 58 | H36: 0.09 | I36: =B36/C36 -> 0.23275862 | J36: =F36 -> 644.44444 | K36: =J36/(B29/25.4) -> 109.12593
A37: Abbe Ortho | B37: 7 | C37: =D37/B34 -> 0 | D37: =F37*B37 -> 0 | E37: 0 | F37: 0 | G37: 0 | H37: 0 | I37: 0 | J37: =F37 -> 0 | K37: =J37/(B34/25.4) -> 0
A38: =A36 -> TMB II | B38: 6 | C38: =D38/B29 -> 33.142857 | D38: =F38*B38 -> 4971.4286 | E38: =E37*1.4 -> 0 | F38: =G38/H38 -> 828.57143 | G38: =G36 -> 58 | H38: 0.07 | I38: =B38/C38 -> 0.18103448 | J38: =F38 -> 828.57143 | K38: =J38/(B29/25.4) -> 140.30476

Sheet Sheet3 (2)
A1: Regulus | B1: 11.9 | C1: Degrees Declination | E1: Time | F1: 0.81 | G1: 360 | I1: 15.04 | J1: * Time * | K1: =COS(11.95) -> 0.81598189
E2: 86164 | H2: TFOV = 15.04*T*Cos(delta)
B4: Time | D4: Time | F4: Time | I4: Time | K4: Time | M4: Time | P4: Time | R4: Time | T4: Time
A5: 25mm | B5: =120+42.85 -> 162.85 | C5: 2x Barlow | D5: 102.64 | E5: 3x Barlow | F5: 72.8 | H5: 18mm | I5: 92.91 | J5: 2x Barlow | K5: 61.84 | L5: 3x Barlow | M5: 41.3 | O5: 8mm | P5: 59.47 | Q5: 2x Barlow | R5: 41.64 | S5: 3x Barlow | T5: 27.23
A6: Plossl | B6: 163.04 | D6: 102.16 | F6: 73.53 | H6: Ortho | I6: 93.09 | K6: 61.81 | M6: 41.08 | O6: TMB II | P6: 58.75 | R6: 41.07 | T6: 27.47
B7: 163.54 | D7: 102.36 | F7: 73.33 | I7: 92.59 | K7: 61.7 | M7: 41.78 | P7: 58.93 | R7: 41.36 | T7: 27.1
B8: 163.12 | D8: 96.6 | F8: 73.46 | I8: 93.07 | K8: 61.98 | M8: 41.7 | P8: 58.88 | R8: 41.5 | T8: 27.4
B9: 163.43 | D9: 99.05 | F9: 72.99 | I9: 92.57 | K9: 62.16 | M9: 41.79 | P9: 59.17 | R9: 41.65 | T9: 27.6
A10: Avg | B10: =SUM(B5:B9)/5 -> 163.196 | D10: =SUM(D5:D9)/5 -> 100.562 | F10: =SUM(F5:F9)/5 -> 73.222 | H10: =A10 -> Avg | I10: =SUM(I5:I9)/5 -> 92.846 | K10: =SUM(K5:K9)/5 -> 61.898 | M10: =SUM(M5:M9)/5 -> 41.53 | O10: =H10 -> Avg | P10: =SUM(P5:P9)/5 -> 59.04 | R10: =SUM(R5:R9)/5 -> 41.444 | T10: =SUM(T5:T9)/5 -> 27.36
A11: TFOV | B11: =(B10*F1*G1)/E2 -> 0.55229508 | D11: =(D10*F1*G1)/E2 -> 0.34032635 | F11: =(F10*F1*G1)/E2 -> 0.24780111 | H11: TFOV | I11: =(I10*F1*G1)/E2 -> 0.31421352 | K11: =(K10*F1*G1)/E2 -> 0.20947794 | M11: =(M10*F1*G1)/E2 -> 0.14054765 | O11: TFOV | P11: =(P10*F1*G1)/E2 -> 0.19980577 | R11: =(R10*F1*G1)/E2 -> 0.14025661 | T11: =(T10*F1*G1)/E2 -> 0.092592916
B12: =B10*I1*K1/60/60 -> 0.5563337 | D12: =D10*I1*K1/60/60 -> 0.34281495 | F12: =F10*I1*K1/60/60 -> 0.24961314 | I12: =I10*I1*K1/60/60 -> 0.31651118 | K12: =K10*I1*K1/60/60 -> 0.21100973 | M12: =M10*I1*K1/60/60 -> 0.1415754 | P12: =P10*I1*K1/60/60 -> 0.20126683 | R12: =R10*I1*K1/60/60 -> 0.14128222 | T12: =T10*I1*K1/60/60 -> 0.093269994
B13: Barlow | C13: =B11/D11 -> 1.6228396 | E13: =B11/F11 -> 2.2287837 | I13: =B13 -> Barlow | J13: =I11/K11 -> 1.4999838 | L13: =I11/M11 -> 2.2356369 | P13: =I13 -> Barlow | Q13: =P11/R11 -> 1.4245729 | S13: =P11/T11 -> 2.1578947
B15: Time | D15: Time | F15: Time | I15: Time | K15: Time | M15: Time | P15: Time | R15: Time | T15: Time
A16: 10mm | B16: 63.89 | C16: 2x Barlow | D16: 40.6 | E16: 3x Barlow | F16: 28.12 | H16: 12mm | I16: 67.63 | J16: 2x Barlow | K16: 44.91 | L16: 3x Barlow | M16: 30.42 | O16: 6mm | P16: 43.55 | Q16: 2x Barlow | R16: 31.51 | S16: 3x Barlow | T16: 20.81
A17: =A6 -> Plossl | B17: 63.24 | D17: 41.8 | F17: 28.24 | H17: =H6 -> Ortho | I17: 67.31 | K17: 44.72 | M17: 30.28 | O17: =O6 -> TMB II | P17: 44.85 | R17: 31.79 | T17: 20.74
B18: 63.26 | D18: 41.12 | F18: 28.3 | I18: 67.64 | K18: 44.19 | M18: 30.38 | P18: 44.51 | R18: 31.39 | T18: 20.32
B19: 63.79 | D19: 41.33 | F19: 27.79 | I19: 67.62 | K19: 44.57 | M19: 30.2 | P19: 44.07 | R19: 31.4 | T19: 20.21
B20: 63.73 | D20: 41.06 | F20: 27.87 | I20: 67.77 | K20: 43.79 | M20: 31.13 | P20: 44.67 | R20: 31.58 | T20: 20.54
A21: =A10 -> Avg | B21: =SUM(B16:B20)/5 -> 63.582 | D21: =SUM(D16:D20)/5 -> 41.182 | F21: =SUM(F16:F20)/5 -> 28.064 | H21: =A21 -> Avg | I21: =SUM(I16:I20)/5 -> 67.594 | K21: =SUM(K16:K20)/5 -> 44.436 | M21: =SUM(M16:M20)/5 -> 30.482 | O21: =H21 -> Avg | P21: =SUM(P16:P20)/5 -> 44.33 | R21: =SUM(R16:R20)/5 -> 31.534 | T21: =SUM(T16:T20)/5 -> 20.524
A22: TFOV | B22: =(B21*F1*G1)/E2 -> 0.215177 | D22: =(D21*F1*G1)/E2 -> 0.13936994 | F22: =(F21*F1*G1)/E2 -> 0.094975424 | H22: TFOV | I22: =(I21*F1*G1)/E2 -> 0.22875459 | K22: =(K21*F1*G1)/E2 -> 0.15038227 | M22: =(M21*F1*G1)/E2 -> 0.10315853 | O22: TFOV | P22: =(P21*F1*G1)/E2 -> 0.15002354 | R22: =(R21*F1*G1)/E2 -> 0.10671875 | T22: =(T21*F1*G1)/E2 -> 0.069458224
B23: =B21*I1*K1/60/60 -> 0.21675047 | D23: =D21*I1*K1/60/60 -> 0.14038907 | F23: =F21*I1*K1/60/60 -> 0.095669924 | I23: =I21*I1*K1/60/60 -> 0.23042734 | K23: =K21*I1*K1/60/60 -> 0.15148192 | M23: =M21*I1*K1/60/60 -> 0.10391286 | P23: =P21*I1*K1/60/60 -> 0.15112057 | R23: =R21*I1*K1/60/60 -> 0.10749912 | T23: =T21*I1*K1/60/60 -> 0.069966132
B24: =B13 -> Barlow | C24: =B22/D22 -> 1.543927 | E24: =B22/F22 -> 2.2656072 | I24: =B13 -> Barlow | J24: =I22/K22 -> 1.521154 | L24: =I22/M22 -> 2.2175054 | P24: =I24 -> Barlow | Q24: =P22/R22 -> 1.4057842 | S24: =P22/T22 -> 2.1599103
