Workbook

Sheet GTR Soybean Table

Sheet US
A1: Export Sales | B1: Unshipped Balance | D1: Accumulated Exports | F1: Total Commitments | H1: (-) = blanks, no data
A2: US Total | B2: this year | C2: last year | D2: this year | E2: last year | F2: this year | G2: last year
A3: =[1]US!A3 -> 38862 | B3: =[1]US!B3 -> 1808.5 | C3: =[1]US!C3 -> 1561.9 | D3: =[1]US!D3 -> 21621.7 | E3: =[1]US!E3 -> 27677.2 | F3: =[1]US!F3 -> 23430.2 | G3: =[1]US!G3 -> 29239.1
A4: =[1]US!A4 -> 38869 | B4: =[1]US!B4 -> 1733 | C4: =[1]US!C4 -> 1522.3 | D4: =[1]US!D4 -> 21877.9 | E4: =[1]US!E4 -> 27792.7 | F4: =[1]US!F4 -> 23610.9 | G4: =[1]US!G4 -> 29315
A5: =[1]US!A5 -> 38876 | B5: =[1]US!B5 -> 1900.8 | C5: =[1]US!C5 -> 1481.2 | D5: =[1]US!D5 -> 22093.6 | E5: =[1]US!E5 -> 28016.5 | F5: =[1]US!F5 -> 23994.4 | G5: =[1]US!G5 -> 29497.7
A6: =[1]US!A6 -> 38883 | B6: =[1]US!B6 -> 1892.6 | C6: =[1]US!C6 -> 1344.4 | D6: =[1]US!D6 -> 22301.9 | E6: =[1]US!E6 -> 28299.9 | F6: =[1]US!F6 -> 24194.5 | G6: =[1]US!G6 -> 29644.3
A7: =[1]US!A7 -> 38890 | B7: =[1]US!B7 -> 1954.1 | C7: =[1]US!C7 -> 1338.9 | D7: =[1]US!D7 -> 22609.2 | E7: =[1]US!E7 -> 28475.6 | F7: =[1]US!F7 -> 24563.3 | G7: =[1]US!G7 -> 29814.5
A8: =[1]US!A8 -> 38897 | B8: =[1]US!B8 -> 1943.1 | C8: =[1]US!C8 -> 1333.5 | D8: =[1]US!D8 -> 22834.7 | E8: =[1]US!E8 -> 28643.2 | F8: =[1]US!F8 -> 24777.8 | G8: =[1]US!G8 -> 29976.7
A9: =[1]US!A9 -> 38904 | B9: =[1]US!B9 -> 2118.6 | C9: =[1]US!C9 -> 1296.9 | D9: =[1]US!D9 -> 22975.6 | E9: =[1]US!E9 -> 28799.3 | F9: =[1]US!F9 -> 25094.2 | G9: =[1]US!G9 -> 30096.2
A10: =[1]US!A10 -> 38911 | B10: =[1]US!B10 -> 1999.8 | C10: =[1]US!C10 -> 1267.1 | D10: =[1]US!D10 -> 23330.4 | E10: =[1]US!E10 -> 28894.9 | F10: =[1]US!F10 -> 25330.2 | G10: =[1]US!G10 -> 30162
A11: =[1]US!A11 -> 38918 | B11: =[1]US!B11 -> 1901.4 | C11: =[1]US!C11 -> 1007.5 | D11: =[1]US!D11 -> 23618.6 | E11: =[1]US!E11 -> 29091.6 | F11: =[1]US!F11 -> 25520 | G11: =[1]US!G11 -> 30099.1
A12: =[1]US!A12 -> 38925 | B12: =[1]US!B12 -> 1841.7 | C12: =[1]US!C12 -> 999.2 | D12: =[1]US!D12 -> 23855.6 | E12: =[1]US!E12 -> 29195.9 | F12: =[1]US!F12 -> 25697.3 | G12: =[1]US!G12 -> 30195.1
A13: =[1]US!A13 -> 38932 | B13: =[1]US!B13 -> 1662.4 | C13: =[1]US!C13 -> 957.9 | D13: =[1]US!D13 -> 24309.5 | E13: =[1]US!E13 -> 29329.7 | F13: =[1]US!F13 -> 25971.9 | G13: =[1]US!G13 -> 30287.6
A14: =[1]US!A14 -> 38939 | B14: =[1]US!B14 -> 1732.7 | C14: =[1]US!C14 -> 900.8 | D14: =[1]US!D14 -> 24496.7 | E14: =[1]US!E14 -> 29537.7 | F14: =[1]US!F14 -> 26229.4 | G14: =[1]US!G14 -> 30438.5
... A473: =[1]US!A473 -> 42152 | B473: =[1]US!B473 -> 0 | C473: =[1]US!C473 -> 0 | D473: =[1]US!D473 -> 0 | E473: =[1]US!E473 -> 0 | F473: =[1]US!F473 -> 0 | G473: =[1]US!G473 -> 0

Sheet China
A1: EXPORT SALES | B1: Unshipped Balance | D1: Accumulated Exports | F1: Total Commitments | H1: =US!H1 -> (-) = blanks, no data | AF1: 38652 | AG1: Japan | AH1: 2449.7 | AI1: 2936.5 | AJ1: 2414.9 | AK1: 2427 | AL1: =+AH1+AJ1 -> 4864.6 | AM1: =+AI1+AK1 -> 5363.5 | AN1: =+AL1/AM1-1 -> -0.093017619 | AO1: =+#REF! -> #REF! | AP1: =+#REF! -> #REF! | AQ1: Mexico
A2: China | B2: this year | C2: last year | D2: this year | E2: last year | F2: this year | G2: last year | AF2: =+AF1+7 -> 38659 | AG2: Japan | AH2: 2261.6 | AI2: 2616.8 | AJ2: 2778.4 | AK2: 2952.9 | AL2: =+AH2+AJ2 -> 5040 | AM2: =+AI2+AK2 -> 5569.7 | AN2: =+AL2/AM2-1 -> -0.095103866
A3: =[1]China!A21 -> 38981 | B3: =[1]China!C21 -> 3477 | C3: =[1]China!D21 -> 1271 | D3: =[1]China!E21 -> 171.5 | E3: =[1]China!F21 -> 117.3 | F3: =[1]China!G21 -> 3648.5 | G3: =[1]China!H21 -> 1388.3
A4: =[1]China!A22 -> 38988 | B4: =[1]China!C22 -> 3760 | C4: =[1]China!D22 -> 1546 | D4: =[1]China!E22 -> 459.3 | E4: =[1]China!F22 -> 173.3 | F4: =[1]China!G22 -> 4219.3 | G4: =[1]China!H22 -> 1719.3
A5: =[1]China!A23 -> 38995 | B5: =[1]China!C23 -> 4146.5 | C5: =[1]China!D23 -> 1836 | D5: =[1]China!E23 -> 573.6 | E5: =[1]China!F23 -> 401.1 | F5: =[1]China!G23 -> 4720.1 | G5: =[1]China!H23 -> 2237.1
A6: =[1]China!A24 -> 39002 | B6: =[1]China!C24 -> 4168.4 | C6: =[1]China!D24 -> 1719 | D6: =[1]China!E24 -> 940 | E6: =[1]China!F24 -> 995.6 | F6: =[1]China!G24 -> 5108.4 | G6: =[1]China!H24 -> 2714.6
A7: =[1]China!A25 -> 39009 | B7: =[1]China!C25 -> 3912.6 | C7: =[1]China!D25 -> 1664 | D7: =[1]China!E25 -> 1493.7 | E7: =[1]China!F25 -> 1397.8 | F7: =[1]China!G25 -> 5406.3 | G7: =[1]China!H25 -> 3061.8
A8: =[1]China!A26 -> 39016 | B8: =[1]China!C26 -> 3419.6 | C8: =[1]China!D26 -> 1535 | D8: =[1]China!E26 -> 2322.6 | E8: =[1]China!F26 -> 1993.9 | F8: =[1]China!G26 -> 5742.2 | G8: =[1]China!H26 -> 3528.9
A9: =[1]China!A27 -> 39023 | B9: =[1]China!C27 -> 3001.8 | C9: =[1]China!D27 -> 1364 | D9: =[1]China!E27 -> 2970.8 | E9: =[1]China!F27 -> 2527.3 | F9: =[1]China!G27 -> 5972.6 | G9: =[1]China!H27 -> 3891.3
A10: =[1]China!A28 -> 39030 | B10: =[1]China!C28 -> 2834.3 | C10: =[1]China!D28 -> 1419 | D10: =[1]China!E28 -> 3377.7 | E10: =[1]China!F28 -> 2817.8 | F10: =[1]China!G28 -> 6212 | G10: =[1]China!H28 -> 4236.8
A11: =[1]China!A29 -> 39037 | B11: =[1]China!C29 -> 2862.2 | C11: =[1]China!D29 -> 1041 | D11: =[1]China!E29 -> 3603.3 | E11: =[1]China!F29 -> 3198.7 | F11: =[1]China!G29 -> 6465.5 | G11: =[1]China!H29 -> 4239.7
A12: =[1]China!A30 -> 39044 | B12: =[1]China!C30 -> 2980.7 | C12: =[1]China!D30 -> 973 | D12: =[1]China!E30 -> 3835.7 | E12: =[1]China!F30 -> 3559.5 | F12: =[1]China!G30 -> 6816.4 | G12: =[1]China!H30 -> 4532.5
A13: =[1]China!A31 -> 39051 | B13: =[1]China!C31 -> 2706.5 | C13: =[1]China!D31 -> 1028 | D13: =[1]China!E31 -> 4236.7 | E13: =[1]China!F31 -> 4027.6 | F13: =[1]China!G31 -> 6943.2 | G13: =[1]China!H31 -> 5055.6
A14: =[1]China!A32 -> 39058 | B14: =[1]China!C32 -> 2780 | C14: =[1]China!D32 -> 857 | D14: =[1]China!E32 -> 4632.9 | E14: =[1]China!F32 -> 4265.2 | F14: =[1]China!G32 -> 7412.9 | G14: =[1]China!H32 -> 5122.2
... A477: =[1]China!A495 -> 42299 | B477: =[1]China!C495 -> 0 | C477: =[1]China!D495 -> 0 | D477: =[1]China!E495 -> 0 | E477: =[1]China!F495 -> 0 | F477: =[1]China!G495 -> 0 | G477: =[1]China!H495 -> 0
B478: =[1]China!C496 -> 0 | C478: =[1]China!D496 -> 0 | D478: =[1]China!E496 -> 0 | E478: =[1]China!F496 -> 0 | F478: =[1]China!G496 -> 0 | G478: =[1]China!H496 -> 0
B479: =[1]China!C497 -> 0 | C479: =[1]China!D497 -> 0 | D479: =[1]China!E497 -> 0 | E479: =[1]China!F497 -> 0 | F479: =[1]China!G497 -> 0 | G479: =[1]China!H497 -> 0
B480: =[1]China!C498 -> 0 | C480: =[1]China!D498 -> 0 | D480: =[1]China!E498 -> 0 | E480: =[1]China!F498 -> 0 | F480: =[1]China!G498 -> 0 | G480: =[1]China!H498 -> 0
B481: =[1]China!C499 -> 0 | C481: =[1]China!D499 -> 0 | D481: =[1]China!E499 -> 0 | E481: =[1]China!F499 -> 0 | F481: =[1]China!G499 -> 0 | G481: =[1]China!H499 -> 0
B482: =[1]China!C500 -> 0 | C482: =[1]China!D500 -> 0 | D482: =[1]China!E500 -> 0 | E482: =[1]China!F500 -> 0 | F482: =[1]China!G500 -> 0 | G482: =[1]China!H500 -> 0
B483: =[1]China!C501 -> 0 | C483: =[1]China!D501 -> 0 | D483: =[1]China!E501 -> 0 | E483: =[1]China!F501 -> 0 | F483: =[1]China!G501 -> 0 | G483: =[1]China!H501 -> 0
B484: =[1]China!C502 -> 0 | C484: =[1]China!D502 -> 0 | D484: =[1]China!E502 -> 0 | E484: =[1]China!F502 -> 0 | F484: =[1]China!G502 -> 0 | G484: =[1]China!H502 -> 0
B485: =[1]China!C503 -> 0 | C485: =[1]China!D503 -> 0 | D485: =[1]China!E503 -> 0 | E485: =[1]China!F503 -> 0 | F485: =[1]China!G503 -> 0 | G485: =[1]China!H503 -> 0
B486: =[1]China!C504 -> 0 | C486: =[1]China!D504 -> 0 | D486: =[1]China!E504 -> 0 | E486: =[1]China!F504 -> 0 | F486: =[1]China!G504 -> 0 | G486: =[1]China!H504 -> 0
B487: =[1]China!C505 -> 0 | C487: =[1]China!D505 -> 0 | D487: =[1]China!E505 -> 0 | E487: =[1]China!F505 -> 0 | F487: =[1]China!G505 -> 0 | G487: =[1]China!H505 -> 0
B488: =[1]China!C506 -> 0 | C488: =[1]China!D506 -> 0 | D488: =[1]China!E506 -> 0 | E488: =[1]China!F506 -> 0 | F488: =[1]China!G506 -> 0 | G488: =[1]China!H506 -> 0
B489: =[1]China!C507 -> 0 | C489: =[1]China!D507 -> 0 | D489: =[1]China!E507 -> 0 | E489: =[1]China!F507 -> 0 | F489: =[1]China!G507 -> 0 | G489: =[1]China!H507 -> 0
... B629: =[1]China!C647 -> 0 | C629: =[1]China!D647 -> 0 | D629: =[1]China!E647 -> 0 | E629: =[1]China!F647 -> 0 | F629: =[1]China!G647 -> 0 | G629: =[1]China!H647 -> 0
B630: =[2]China!C648 -> 0 | C630: =[2]China!D648 -> 0 | D630: =[2]China!E648 -> 0 | E630: =[2]China!F648 -> 0 | F630: =[2]China!G648 -> 0 | G630: =[2]China!H648 -> 0
B631: =[2]China!C649 -> 0 | C631: =[2]China!D649 -> 0 | D631: =[2]China!E649 -> 0 | E631: =[2]China!F649 -> 0 | F631: =[2]China!G649 -> 0 | G631: =[2]China!H649 -> 0
B632: =[2]China!C650 -> 0 | C632: =[2]China!D650 -> 0 | D632: =[2]China!E650 -> 0 | E632: =[2]China!F650 -> 0 | F632: =[2]China!G650 -> 0 | G632: =[2]China!H650 -> 0
B633: =[2]China!C651 -> 0 | C633: =[2]China!D651 -> 0 | D633: =[2]China!E651 -> 0 | E633: =[2]China!F651 -> 0 | F633: =[2]China!G651 -> 0 | G633: =[2]China!H651 -> 0
B634: =[2]China!C652 -> 0 | C634: =[2]China!D652 -> 0 | D634: =[2]China!E652 -> 0 | E634: =[2]China!F652 -> 0 | F634: =[2]China!G652 -> 0 | G634: =[2]China!H652 -> 0
B635: =[2]China!C653 -> 0 | C635: =[2]China!D653 -> 0 | D635: =[2]China!E653 -> 0 | E635: =[2]China!F653 -> 0 | F635: =[2]China!G653 -> 0 | G635: =[2]China!H653 -> 0
B636: =[2]China!C654 -> 0 | C636: =[2]China!D654 -> 0 | D636: =[2]China!E654 -> 0 | E636: =[2]China!F654 -> 0 | F636: =[2]China!G654 -> 0 | G636: =[2]China!H654 -> 0
B637: =[2]China!C655 -> 0 | C637: =[2]China!D655 -> 0 | D637: =[2]China!E655 -> 0 | E637: =[2]China!F655 -> 0 | F637: =[2]China!G655 -> 0 | G637: =[2]China!H655 -> 0
B638: =[2]China!C656 -> 0 | C638: =[2]China!D656 -> 0 | D638: =[2]China!E656 -> 0 | E638: =[2]China!F656 -> 0 | F638: =[2]China!G656 -> 0 | G638: =[2]China!H656 -> 0
B639: =[2]China!C657 -> 0 | C639: =[2]China!D657 -> 0 | D639: =[2]China!E657 -> 0 | E639: =[2]China!F657 -> 0 | F639: =[2]China!G657 -> 0 | G639: =[2]China!H657 -> 0

Sheet Mexico
A1: EXPORT SALES | B1: Unshipped Balance | D1: Accumulated Exports | F1: Total Commitments | H1: =China!H1 -> (-) = blanks, no data
A2: Mexico | B2: this year | C2: last year | D2: this year | E2: last year | F2: this year | G2: last year
A3: =[1]Mexico!A4 -> 38862 | B3: =+[1]Mexico!C4 -> 475.1 | C3: =+[1]Mexico!D4 -> 374.9 | D3: =+[1]Mexico!E4 -> 2733.3 | E3: =+[1]Mexico!F4 -> 2585.5 | F3: =+[1]Mexico!G4 -> 3208.4 | G3: =+[1]Mexico!H4 -> 2960.4
A4: =[1]Mexico!A5 -> 38869 | B4: =+[1]Mexico!C5 -> 414.3 | C4: =+[1]Mexico!D5 -> 397.7 | D4: =+[1]Mexico!E5 -> 2805.5 | E4: =+[1]Mexico!F5 -> 2643.2 | F4: =+[1]Mexico!G5 -> 3219.8 | G4: =+[1]Mexico!H5 -> 3040.9
A5: =[1]Mexico!A6 -> 38876 | B5: =+[1]Mexico!C6 -> 345.7 | C5: =+[1]Mexico!D6 -> 371.1 | D5: =+[1]Mexico!E6 -> 2911.8 | E5: =+[1]Mexico!F6 -> 2734.2 | F5: =+[1]Mexico!G6 -> 3257.5 | G5: =+[1]Mexico!H6 -> 3105.3
A6: =[1]Mexico!A7 -> 38883 | B6: =+[1]Mexico!C7 -> 338.4 | C6: =+[1]Mexico!D7 -> 359.5 | D6: =+[1]Mexico!E7 -> 2971.9 | E6: =+[1]Mexico!F7 -> 2834.1 | F6: =+[1]Mexico!G7 -> 3310.3 | G6: =+[1]Mexico!H7 -> 3193.6
A7: =[1]Mexico!A8 -> 38890 | B7: =+[1]Mexico!C8 -> 374.8 | C7: =+[1]Mexico!D8 -> 338.8 | D7: =+[1]Mexico!E8 -> 2993.4 | E7: =+[1]Mexico!F8 -> 2923.9 | F7: =+[1]Mexico!G8 -> 3368.2 | G7: =+[1]Mexico!H8 -> 3262.7
A8: =[1]Mexico!A9 -> 38897 | B8: =+[1]Mexico!C9 -> 368.3 | C8: =+[1]Mexico!D9 -> 378.5 | D8: =+[1]Mexico!E9 -> 3025.4 | E8: =+[1]Mexico!F9 -> 2956 | F8: =+[1]Mexico!G9 -> 3393.7 | G8: =+[1]Mexico!H9 -> 3334.5
A9: =[1]Mexico!A10 -> 38904 | B9: =+[1]Mexico!C10 -> 370.8 | C9: =+[1]Mexico!D10 -> 327.2 | D9: =+[1]Mexico!E10 -> 3072.2 | E9: =+[1]Mexico!F10 -> 3019.5 | F9: =+[1]Mexico!G10 -> 3443 | G9: =+[1]Mexico!H10 -> 3346.7
A10: =[1]Mexico!A11 -> 38911 | B10: =+[1]Mexico!C11 -> 291.3 | C10: =+[1]Mexico!D11 -> 322.4 | D10: =+[1]Mexico!E11 -> 3154.6 | E10: =+[1]Mexico!F11 -> 3060.8 | F10: =+[1]Mexico!G11 -> 3445.9 | G10: =+[1]Mexico!H11 -> 3383.2
A11: =[1]Mexico!A12 -> 38918 | B11: =+[1]Mexico!C12 -> 307.2 | C11: =+[1]Mexico!D12 -> 295 | D11: =+[1]Mexico!E12 -> 3203.2 | E11: =+[1]Mexico!F12 -> 3142.5 | F11: =+[1]Mexico!G12 -> 3510.4 | G11: =+[1]Mexico!H12 -> 3437.5
A12: =[1]Mexico!A13 -> 38925 | B12: =+[1]Mexico!C13 -> 303.6 | C12: =+[1]Mexico!D13 -> 258.8 | D12: =+[1]Mexico!E13 -> 3288.1 | E12: =+[1]Mexico!F13 -> 3198.4 | F12: =+[1]Mexico!G13 -> 3591.7 | G12: =+[1]Mexico!H13 -> 3457.2
A13: =[1]Mexico!A14 -> 38932 | B13: =+[1]Mexico!C14 -> 253.1 | C13: =+[1]Mexico!D14 -> 258.9 | D13: =+[1]Mexico!E14 -> 3366.1 | E13: =+[1]Mexico!F14 -> 3227 | F13: =+[1]Mexico!G14 -> 3619.2 | G13: =+[1]Mexico!H14 -> 3485.9
A14: =[1]Mexico!A15 -> 38939 | B14: =+[1]Mexico!C15 -> 283.2 | C14: =+[1]Mexico!D15 -> 223.5 | D14: =+[1]Mexico!E15 -> 3418.9 | E14: =+[1]Mexico!F15 -> 3304.3 | F14: =+[1]Mexico!G15 -> 3702.1 | G14: =+[1]Mexico!H15 -> 3527.8
... A500: =[1]Mexico!A501 -> 42341 | B500: =+[1]Mexico!C501 -> 0 | C500: =+[1]Mexico!D501 -> 0 | D500: =+[1]Mexico!E501 -> 0 | E500: =+[1]Mexico!F501 -> 0 | F500: =+[1]Mexico!G501 -> 0 | G500: =+[1]Mexico!H501 -> 0

Sheet Japan
A1: EXPORT SALES | B1: Unshipped Balance | D1: Accumulated Exports | F1: Total Commitments | H1: =Mexico!H1 -> (-) = blanks, no data
A2: Japan | B2: this year | C2: last year | D2: this year | E2: last year | F2: this year | G2: last year
A3: =[1]Japan!A4 -> 38862 | B3: =[1]Japan!C4 -> 365.1 | C3: =[1]Japan!D4 -> 411 | D3: =[1]Japan!E4 -> 2254.9 | E3: =[1]Japan!F4 -> 2431.2 | F3: =[1]Japan!G4 -> 2620 | G3: =[1]Japan!H4 -> 2842.2
A4: =[1]Japan!A5 -> 38869 | B4: =[1]Japan!C5 -> 370.9 | C4: =[1]Japan!D5 -> 385.2 | D4: =[1]Japan!E5 -> 2347.3 | E4: =[1]Japan!F5 -> 2450.1 | F4: =[1]Japan!G5 -> 2718.2 | G4: =[1]Japan!H5 -> 2835.3
A5: =[1]Japan!A6 -> 38876 | B5: =[1]Japan!C6 -> 436.7 | C5: =[1]Japan!D6 -> 428.9 | D5: =[1]Japan!E6 -> 2353.1 | E5: =[1]Japan!F6 -> 2509.6 | F5: =[1]Japan!G6 -> 2789.8 | G5: =[1]Japan!H6 -> 2938.5
A6: =[1]Japan!A7 -> 38883 | B6: =[1]Japan!C7 -> 366.6 | C6: =[1]Japan!D7 -> 356 | D6: =[1]Japan!E7 -> 2416 | E6: =[1]Japan!F7 -> 2610.7 | F6: =[1]Japan!G7 -> 2782.6 | G6: =[1]Japan!H7 -> 2966.7
A7: =[1]Japan!A8 -> 38890 | B7: =[1]Japan!C8 -> 417.1 | C7: =[1]Japan!D8 -> 357.5 | D7: =[1]Japan!E8 -> 2451.1 | E7: =[1]Japan!F8 -> 2647.5 | F7: =[1]Japan!G8 -> 2868.2 | G7: =[1]Japan!H8 -> 3005
A8: =[1]Japan!A9 -> 38897 | B8: =[1]Japan!C9 -> 458.1 | C8: =[1]Japan!D9 -> 371 | D8: =[1]Japan!E9 -> 2477.8 | E8: =[1]Japan!F9 -> 2660.1 | F8: =[1]Japan!G9 -> 2935.9 | G8: =[1]Japan!H9 -> 3031.1
A9: =[1]Japan!A10 -> 38904 | B9: =[1]Japan!C10 -> 435.4 | C9: =[1]Japan!D10 -> 393.4 | D9: =[1]Japan!E10 -> 2517.6 | E9: =[1]Japan!F10 -> 2684 | F9: =[1]Japan!G10 -> 2953 | G9: =[1]Japan!H10 -> 3077.4
A10: =[1]Japan!A11 -> 38911 | B10: =[1]Japan!C11 -> 494.8 | C10: =[1]Japan!D11 -> 365.3 | D10: =[1]Japan!E11 -> 2541.1 | E10: =[1]Japan!F11 -> 2729.4 | F10: =[1]Japan!G11 -> 3035.9 | G10: =[1]Japan!H11 -> 3094.7
A11: =[1]Japan!A12 -> 38918 | B11: =[1]Japan!C12 -> 448.3 | C11: =[1]Japan!D12 -> 326.4 | D11: =[1]Japan!E12 -> 2614.4 | E11: =[1]Japan!F12 -> 2804 | F11: =[1]Japan!G12 -> 3062.7 | G11: =[1]Japan!H12 -> 3130.4
A12: =[1]Japan!A13 -> 38925 | B12: =[1]Japan!C13 -> 381.1 | C12: =[1]Japan!D13 -> 373.5 | D12: =[1]Japan!E13 -> 2700.7 | E12: =[1]Japan!F13 -> 2810.7 | F12: =[1]Japan!G13 -> 3081.8 | G12: =[1]Japan!H13 -> 3184.2
A13: =[1]Japan!A14 -> 38932 | B13: =[1]Japan!C14 -> 354.1 | C13: =[1]Japan!D14 -> 331.9 | D13: =[1]Japan!E14 -> 2744.8 | E13: =[1]Japan!F14 -> 2851.9 | F13: =[1]Japan!G14 -> 3098.9 | G13: =[1]Japan!H14 -> 3183.8
A14: =[1]Japan!A15 -> 38939 | B14: =[1]Japan!C15 -> 329.9 | C14: =[1]Japan!D15 -> 256 | D14: =[1]Japan!E15 -> 2757.7 | E14: =[1]Japan!F15 -> 2966.1 | F14: =[1]Japan!G15 -> 3087.6 | G14: =[1]Japan!H15 -> 3222.1
... A1014: =[1]Japan!A1015 -> 0 | B1014: =[1]Japan!C1015 -> 0 | C1014: =[1]Japan!D1015 -> 0 | D1014: =[1]Japan!E1015 -> 0 | E1014: =[1]Japan!F1015 -> 0 | F1014: =[1]Japan!G1015 -> 0 | G1014: =[1]Japan!H1015 -> 0

Sheet Taiwan
A1: EXPORT SALES | B1: Unshipped Balance | D1: Accumulated Exports | F1: Total Commitments | H1: =Japan!H1 -> (-) = blanks, no data
A2: Taiwan | B2: this year | C2: last year | D2: this year | E2: last year | F2: this year | G2: last year
A3: =[1]Taiwan!A5 -> 38862 | B3: =[1]Taiwan!C5 -> 154.5 | C3: =[1]Taiwan!D5 -> 153.3 | D3: =[1]Taiwan!E5 -> 1316.9 | E3: =[1]Taiwan!F5 -> 1370.1 | F3: =[1]Taiwan!G5 -> 1471.4 | G3: =[1]Taiwan!H5 -> 1523.4
A4: =[1]Taiwan!A6 -> 38869 | B4: =[1]Taiwan!C6 -> 126.3 | C4: =[1]Taiwan!D6 -> 134.9 | D4: =[1]Taiwan!E6 -> 1352 | E4: =[1]Taiwan!F6 -> 1388.8 | F4: =[1]Taiwan!G6 -> 1478.3 | G4: =[1]Taiwan!H6 -> 1523.7
A5: =[1]Taiwan!A7 -> 38876 | B5: =[1]Taiwan!C7 -> 175 | C5: =[1]Taiwan!D7 -> 133.9 | D5: =[1]Taiwan!E7 -> 1369.3 | E5: =[1]Taiwan!F7 -> 1398.9 | F5: =[1]Taiwan!G7 -> 1544.3 | G5: =[1]Taiwan!H7 -> 1532.8
A6: =[1]Taiwan!A8 -> 38883 | B6: =[1]Taiwan!C8 -> 205.5 | C6: =[1]Taiwan!D8 -> 96.3 | D6: =[1]Taiwan!E8 -> 1376.8 | E6: =[1]Taiwan!F8 -> 1437.4 | F6: =[1]Taiwan!G8 -> 1582.3 | G6: =[1]Taiwan!H8 -> 1533.7
A7: =[1]Taiwan!A9 -> 38890 | B7: =[1]Taiwan!C9 -> 200.1 | C7: =[1]Taiwan!D9 -> 91.7 | D7: =[1]Taiwan!E9 -> 1479.3 | E7: =[1]Taiwan!F9 -> 1442 | F7: =[1]Taiwan!G9 -> 1679.4 | G7: =[1]Taiwan!H9 -> 1533.7
A8: =[1]Taiwan!A10 -> 38897 | B8: =[1]Taiwan!C10 -> 157.7 | C8: =[1]Taiwan!D10 -> 120.3 | D8: =[1]Taiwan!E10 -> 1537.3 | E8: =[1]Taiwan!F10 -> 1446 | F8: =[1]Taiwan!G10 -> 1695 | G8: =[1]Taiwan!H10 -> 1566.3
A9: =[1]Taiwan!A11 -> 38904 | B9: =[1]Taiwan!C11 -> 238.3 | C9: =[1]Taiwan!D11 -> 115.9 | D9: =[1]Taiwan!E11 -> 1549.1 | E9: =[1]Taiwan!F11 -> 1450.6 | F9: =[1]Taiwan!G11 -> 1787.4 | G9: =[1]Taiwan!H11 -> 1566.5
A10: =[1]Taiwan!A12 -> 38911 | B10: =[1]Taiwan!C12 -> 234.8 | C10: =[1]Taiwan!D12 -> 118.9 | D10: =[1]Taiwan!E12 -> 1561.5 | E10: =[1]Taiwan!F12 -> 1450.6 | F10: =[1]Taiwan!G12 -> 1796.3 | G10: =[1]Taiwan!H12 -> 1569.5
A11: =[1]Taiwan!A13 -> 38918 | B11: =[1]Taiwan!C13 -> 275.5 | C11: =[1]Taiwan!D13 -> 62.8 | D11: =[1]Taiwan!E13 -> 1572.9 | E11: =[1]Taiwan!F13 -> 1450.9 | F11: =[1]Taiwan!G13 -> 1848.4 | G11: =[1]Taiwan!H13 -> 1513.7
A12: =[1]Taiwan!A14 -> 38925 | B12: =[1]Taiwan!C14 -> 304.4 | C12: =[1]Taiwan!D14 -> 68.4 | D12: =[1]Taiwan!E14 -> 1579.1 | E12: =[1]Taiwan!F14 -> 1451.8 | F12: =[1]Taiwan!G14 -> 1883.5 | G12: =[1]Taiwan!H14 -> 1520.2
A13: =[1]Taiwan!A15 -> 38932 | B13: =[1]Taiwan!C15 -> 297.1 | C13: =[1]Taiwan!D15 -> 64.5 | D13: =[1]Taiwan!E15 -> 1677.4 | E13: =[1]Taiwan!F15 -> 1479.1 | F13: =[1]Taiwan!G15 -> 1974.5 | G13: =[1]Taiwan!H15 -> 1543.6
A14: =[1]Taiwan!A16 -> 38939 | B14: =[1]Taiwan!C16 -> 291.7 | C14: =[1]Taiwan!D16 -> 63.9 | D14: =[1]Taiwan!E16 -> 1741.8 | E14: =[1]Taiwan!F16 -> 1484.1 | F14: =[1]Taiwan!G16 -> 2033.5 | G14: =[1]Taiwan!H16 -> 1548
... A975: =[1]Taiwan!A977 -> 0 | B975: =[1]Taiwan!C977 -> 0 | C975: =[1]Taiwan!D977 -> 0 | D975: =[1]Taiwan!E977 -> 0 | E975: =[1]Taiwan!F977 -> 0 | F975: =[1]Taiwan!G977 -> 0 | G975: =[1]Taiwan!H977 -> 0

Sheet EU-25
A1: EXPORT SALES | B1: Unshipped Balance | D1: Accumulated Exports | F1: Total Commitments | H1: =Taiwan!H1 -> (-) = blanks, no data
A2: EU-25 | B2: this year | C2: last year | D2: this year | E2: last year | F2: this year | G2: last year
A3: =[1]EU!A21 -> 38981 | B3: =[1]EU!B21 -> 82.3 | C3: =[1]EU!C21 -> 230.6 | D3: =[1]EU!D21 -> 66 | E3: =[1]EU!E21 -> 23.9 | F3: =[1]EU!F21 -> 148.3 | G3: =[1]EU!G21 -> 254.5
A4: =[1]EU!A22 -> 38988 | B4: =[1]EU!B22 -> 137.3 | C4: =[1]EU!C22 -> 207.6 | D4: =[1]EU!D22 -> 66 | E4: =[1]EU!E22 -> 45.2 | F4: =[1]EU!F22 -> 203.3 | G4: =[1]EU!G22 -> 252.8
A5: =[1]EU!A23 -> 38995 | B5: =[1]EU!B23 -> 233.1 | C5: =[1]EU!C23 -> 187.6 | D5: =[1]EU!D23 -> 287.9 | E5: =[1]EU!E23 -> 45.2 | F5: =[1]EU!F23 -> 521 | G5: =[1]EU!G23 -> 232.8
A6: =[1]EU!A24 -> 39002 | B6: =[1]EU!B24 -> 329.1 | C6: =[1]EU!C24 -> 141.6 | D6: =[1]EU!D24 -> 291.1 | E6: =[1]EU!E24 -> 102.1 | F6: =[1]EU!F24 -> 620.2 | G6: =[1]EU!G24 -> 243.7
A7: =[1]EU!A25 -> 39009 | B7: =[1]EU!B25 -> 387 | C7: =[1]EU!C25 -> 206.1 | D7: =[1]EU!D25 -> 457.3 | E7: =[1]EU!E25 -> 172.1 | F7: =[1]EU!F25 -> 844.3 | G7: =[1]EU!G25 -> 378.2
A8: =[1]EU!A26 -> 39016 | B8: =[1]EU!B26 -> 327 | C8: =[1]EU!C26 -> 206.1 | D8: =[1]EU!D26 -> 574.8 | E8: =[1]EU!E26 -> 198.8 | F8: =[1]EU!F26 -> 901.8 | G8: =[1]EU!G26 -> 404.9
A9: =[1]EU!A27 -> 39023 | B9: =[1]EU!B27 -> 327 | C9: =[1]EU!C27 -> 204.5 | D9: =[1]EU!D27 -> 794.1 | E9: =[1]EU!E27 -> 262.6 | F9: =[1]EU!F27 -> 1121.1 | G9: =[1]EU!G27 -> 467.1
A10: =[1]EU!A28 -> 39030 | B10: =[1]EU!B28 -> 327 | C10: =[1]EU!C28 -> 177 | D10: =[1]EU!D28 -> 953.3 | E10: =[1]EU!E28 -> 291.5 | F10: =[1]EU!F28 -> 1280.3 | G10: =[1]EU!G28 -> 468.5
A11: =[1]EU!A29 -> 39037 | B11: =[1]EU!B29 -> 288.5 | C11: =[1]EU!C29 -> 235.1 | D11: =[1]EU!D29 -> 1040.2 | E11: =[1]EU!E29 -> 392.4 | F11: =[1]EU!F29 -> 1328.7 | G11: =[1]EU!G29 -> 627.5
A12: =[1]EU!A30 -> 39044 | B12: =[1]EU!B30 -> 323.5 | C12: =[1]EU!C30 -> 212.1 | D12: =[1]EU!D30 -> 1181.5 | E12: =[1]EU!E30 -> 504.6 | F12: =[1]EU!F30 -> 1505 | G12: =[1]EU!G30 -> 716.7
A13: =[1]EU!A31 -> 39051 | B13: =[1]EU!B31 -> 287.5 | C13: =[1]EU!C31 -> 342 | D13: =[1]EU!D31 -> 1226 | E13: =[1]EU!E31 -> 506 | F13: =[1]EU!F31 -> 1513.5 | G13: =[1]EU!G31 -> 848
A14: =[1]EU!A32 -> 39058 | B14: =[1]EU!B32 -> 227.5 | C14: =[1]EU!C32 -> 282 | D14: =[1]EU!D32 -> 1456.8 | E14: =[1]EU!E32 -> 607.4 | F14: =[1]EU!F32 -> 1684.3 | G14: =[1]EU!G32 -> 889.4
... A619: =[1]EU!A637 -> 0 | B619: =[1]EU!B637 -> 0 | C619: =[1]EU!C637 -> 0 | D619: =[1]EU!D637 -> 0 | E619: =[1]EU!E637 -> 0 | F619: =[1]EU!F637 -> 0 | G619: =[1]EU!G637 -> 0

Sheet Indonesia
A1: EXPORT SALES | B1: Unshipped Balance | D1: Accumulated Exports | F1: Total Commitments
A2: Indonesia | B2: this year | C2: last year | D2: this year | E2: last year | F2: this year | G2: last year
A3: =[1]Indonesia!A4 -> 38862 | B3: =[1]Indonesia!C4 -> 58.9 | C3: =[1]Indonesia!D4 -> 43.8 | D3: =[1]Indonesia!E4 -> 1010.7 | E3: =[1]Indonesia!F4 -> 858.8 | F3: =[1]Indonesia!G4 -> 1069.6 | G3: =[1]Indonesia!H4 -> 902.6
A4: =[1]Indonesia!A5 -> 38869 | B4: =[1]Indonesia!C5 -> 57.8 | C4: =[1]Indonesia!D5 -> 43.8 | D4: =[1]Indonesia!E5 -> 1011.8 | E4: =[1]Indonesia!F5 -> 858.8 | F4: =[1]Indonesia!G5 -> 1069.6 | G4: =[1]Indonesia!H5 -> 902.6
A5: =[1]Indonesia!A6 -> 38876 | B5: =[1]Indonesia!C6 -> 57 | C5: =[1]Indonesia!D6 -> 4.8 | D5: =[1]Indonesia!E6 -> 1012.6 | E5: =[1]Indonesia!F6 -> 900.8 | F5: =[1]Indonesia!G6 -> 1069.6 | G5: =[1]Indonesia!H6 -> 905.6
A6: =[1]Indonesia!A7 -> 38883 | B6: =[1]Indonesia!C7 -> 61.5 | C6: =[1]Indonesia!D7 -> 4.8 | D6: =[1]Indonesia!E7 -> 1012.6 | E6: =[1]Indonesia!F7 -> 924.1 | F6: =[1]Indonesia!G7 -> 1074.1 | G6: =[1]Indonesia!H7 -> 928.9
A7: =[1]Indonesia!A8 -> 38890 | B7: =[1]Indonesia!C8 -> 63.5 | C7: =[1]Indonesia!D8 -> 4.8 | D7: =[1]Indonesia!E8 -> 1072.5 | E7: =[1]Indonesia!F8 -> 924.1 | F7: =[1]Indonesia!G8 -> 1136 | G7: =[1]Indonesia!H8 -> 928.9
A8: =[1]Indonesia!A9 -> 38897 | B8: =[1]Indonesia!C9 -> 63.2 | C8: =[1]Indonesia!D9 -> 4.8 | D8: =[1]Indonesia!E9 -> 1072.8 | E8: =[1]Indonesia!F9 -> 948.6 | F8: =[1]Indonesia!G9 -> 1136 | G8: =[1]Indonesia!H9 -> 953.4
A9: =[1]Indonesia!A10 -> 38904 | B9: =[1]Indonesia!C10 -> 63.2 | C9: =[1]Indonesia!D10 -> 4.8 | D9: =[1]Indonesia!E10 -> 1097.2 | E9: =[1]Indonesia!F10 -> 948.6 | F9: =[1]Indonesia!G10 -> 1160.4 | G9: =[1]Indonesia!H10 -> 953.4
A10: =[1]Indonesia!A11 -> 38911 | B10: =[1]Indonesia!C11 -> 95.2 | C10: =[1]Indonesia!D11 -> 4.8 | D10: =[1]Indonesia!E11 -> 1098.2 | E10: =[1]Indonesia!F11 -> 948.6 | F10: =[1]Indonesia!G11 -> 1193.4 | G10: =[1]Indonesia!H11 -> 953.4
A11: =[1]Indonesia!A12 -> 38918 | B11: =[1]Indonesia!C12 -> 37.5 | C11: =[1]Indonesia!D12 -> 4.8 | D11: =[1]Indonesia!E12 -> 1162.1 | E11: =[1]Indonesia!F12 -> 948.6 | F11: =[1]Indonesia!G12 -> 1199.6 | G11: =[1]Indonesia!H12 -> 953.4
A12: =[1]Indonesia!A13 -> 38925 | B12: =[1]Indonesia!C13 -> 37.5 | C12: =[1]Indonesia!D13 -> 9.3 | D12: =[1]Indonesia!E13 -> 1164.2 | E12: =[1]Indonesia!F13 -> 948.6 | F12: =[1]Indonesia!G13 -> 1201.7 | G12: =[1]Indonesia!H13 -> 957.9
A13: =[1]Indonesia!A14 -> 38932 | B13: =[1]Indonesia!C14 -> 43.1 | C13: =[1]Indonesia!D14 -> 10.3 | D13: =[1]Indonesia!E14 -> 1165.5 | E13: =[1]Indonesia!F14 -> 949.1 | F13: =[1]Indonesia!G14 -> 1208.6 | G13: =[1]Indonesia!H14 -> 959.4
A14: =[1]Indonesia!A15 -> 38939 | B14: =[1]Indonesia!C15 -> 50 | C14: =[1]Indonesia!D15 -> 70.4 | D14: =[1]Indonesia!E15 -> 1167.6 | E14: =[1]Indonesia!F15 -> 950.5 | F14: =[1]Indonesia!G15 -> 1217.6 | G14: =[1]Indonesia!H15 -> 1020.9
... A517: =[1]Indonesia!A518 -> 42460 | B517: =[1]Indonesia!C518 -> 0 | C517: =[1]Indonesia!D518 -> 0 | D517: =[1]Indonesia!E518 -> 0 | E517: =[1]Indonesia!F518 -> 0 | F517: =[1]Indonesia!G518 -> 0 | G517: =[1]Indonesia!H518 -> 0
