Workbook

Sheet 01
A1: 1 | B1: ANDROSCOGGIN
A2: Age | C2: 0-4 | D2: 5-9 | E2: 10-14 | F2: 15-19 | G2: 20-24 | H2: 25-29 | I2: 30-34 | J2: 35-39 | K2: 40-44 | L2: 45-49 | M2: 50-54 | N2: 55-59 | O2: 60-64 | P2: 65-69 | Q2: 70-74 | R2: 75-79 | S2: 80-84 | T2: 85+ | U2: Total
A3: Female
A4: 2001 | C4: 3022 | D4: 3252 | E4: 3596 | F4: 3772 | G4: 3351 | H4: 3024 | I4: 3762 | J4: 4235 | K4: 4258 | L4: 3882 | M4: 3685 | N4: 2680 | O4: 2171 | P4: 2121 | Q4: 1920 | R4: 1848 | S4: 1519 | T4: 1609 | U4: =SUM(C4:T4) -> 53707
A5: 2002 | C5: 3049 | D5: 3165 | E5: 3650 | F5: 3739 | G5: 3529 | H5: 3004 | I5: 3628 | J5: 4217 | K5: 4302 | L5: 3987 | M5: 3692 | N5: 2962 | O5: 2209 | P5: 2054 | Q5: 1943 | R5: 1812 | S5: 1510 | T5: 1567 | U5: =SUM(C5:T5) -> 54019
A6: 2003 | C6: 3119 | D6: 3115 | E6: 3630 | F6: 3821 | G6: 3512 | H6: 3083 | I6: 3557 | J6: 4204 | K6: 4298 | L6: 4049 | M6: 3764 | N6: 3070 | O6: 2325 | P6: 2082 | Q6: 1935 | R6: 1806 | S6: 1462 | T6: 1577 | U6: =SUM(C6:T6) -> 54409
A7: 2004 | C7: 3176 | D7: 3126 | E7: 3606 | F7: 3729 | G7: 3483 | H7: 3210 | I7: 3483 | J7: 4029 | K7: 4390 | L7: 4117 | M7: 3827 | N7: 3238 | O7: 2411 | P7: 2069 | Q7: 1949 | R7: 1779 | S7: 1451 | T7: 1534 | U7: =SUM(C7:T7) -> 54607
A8: 2005 | C8: 3241 | D8: 3183 | E8: 3435 | F8: 3742 | G8: 3574 | H8: 3324 | I8: 3397 | J8: 3889 | K8: 4444 | L8: 4150 | M8: 3916 | N8: 3398 | O8: 2521 | P8: 2021 | Q8: 1910 | R8: 1722 | S8: 1435 | T8: 1530 | U8: =SUM(C8:T8) -> 54832
A9: 2006 | C9: 3390 | D9: 3164 | E9: 3374 | F9: 3672 | G9: 3625 | H9: 3434 | I9: 3333 | J9: 3817 | K9: 4321 | L9: 4232 | M9: 3954 | N9: 3571 | O9: 2637 | P9: 2003 | Q9: 1901 | R9: 1741 | S9: 1424 | T9: 1511 | U9: =SUM(C9:T9) -> 55104
A10: 2007 | C10: 3445 | D10: 3147 | E10: 3292 | F10: 3639 | G10: 3522 | H10: 3496 | I10: 3252 | J10: 3684 | K10: 4295 | L10: 4218 | M10: 4021 | N10: 3578 | O10: 2884 | P10: 2027 | Q10: 1813 | R10: 1732 | S10: 1427 | T10: 1526 | U10: =SUM(C10:T10) -> 54998
A11: 2008 | C11: 3498 | D11: 3176 | E11: 3141 | F11: 3561 | G11: 3647 | H11: 3460 | I11: 3283 | J11: 3625 | K11: 4155 | L11: 4227 | M11: 4146 | N11: 3624 | O11: 2997 | P11: 2203 | Q11: 1825 | R11: 1700 | S11: 1433 | T11: 1530 | U11: =SUM(C11:T11) -> 55231
A12: 2009 | C12: 3425 | D12: 3204 | E12: 3150 | F12: 3534 | G12: 3541 | H12: 3373 | I12: 3307 | J12: 3517 | K12: 3954 | L12: 4339 | M12: 4175 | N12: 3660 | O12: 3147 | P12: 2288 | Q12: 1789 | R12: 1719 | S12: 1408 | T12: 1488 | U12: =SUM(C12:T12) -> 55018
A13: 2010 | C13: 3392 | D13: 3220 | E13: 3185 | F13: 3428 | G13: 3579 | H13: 3355 | I13: 3355 | J13: 3365 | K13: 3846 | L13: 4347 | M13: 4179 | N13: 3700 | O13: 3303 | P13: 2352 | Q13: 1776 | R13: 1698 | S13: 1362 | T13: 1525 | U13: =SUM(C13:T13) -> 54967
A14: 2015 | C14: 3339.793 | D14: 3545.9511 | E14: 3315.8719 | F14: 3277.7304 | G14: 3528.8988 | H14: 3448.5893 | I14: 3421.6556 | J14: 3381.3614 | K14: 3370.8165 | L14: 3847.7013 | M14: 4333.3464 | N14: 4102.0418 | O14: 3577.782 | P14: 3056.5616 | Q14: 2126.1241 | R14: 1542.9808 | S14: 1367.064 | T14: 1548.7438 | U14: =SUM(C14:T14) -> 56133.014
A15: 2020 | C15: 3337.3551 | D15: 3506.2159 | E15: 3642.0251 | F15: 3406.5306 | G15: 3393.2105 | H15: 3386.368 | I15: 3521.1868 | J15: 3455.5635 | K15: 3399.694 | L15: 3393.7693 | M15: 3851.9053 | N15: 4238.6476 | O15: 3956.8331 | P15: 3311.4381 | Q15: 2757.1623 | R15: 1848.9513 | S15: 1261.1692 | T15: 1568.1413 | U15: =SUM(C15:T15) -> 57236.167
... A17: 2030 | C17: 3399.0169 | D17: 3515.597 | E17: 3613.9063 | F17: 3707.2663 | G17: 3822.0949 | H17: 3377.7906 | I17: 3355.2069 | J17: 3486.258 | K17: 3586.9838 | L17: 3520.2049 | M17: 3475.1024 | N17: 3368.5626 | O17: 3640.0016 | P17: 3765.666 | Q17: 3295.9155 | R17: 2594.0974 | S17: 1949.8681 | T17: 1686.4259 | U17: =SUM(C17:T17) -> 59159.965
A19: Male
A20: 2001 | C20: 3123 | D20: 3384 | E20: 3859 | F20: 3785 | G20: 3266 | H20: 2965 | I20: 3511 | J20: 4341 | K20: 4323 | L20: 3850 | M20: 3622 | N20: 2580 | O20: 2082 | P20: 1803 | Q20: 1491 | R20: 1231 | S20: 776 | T20: 561 | U20: =SUM(C20:T20) -> 50553
A21: 2002 | C21: 3228 | D21: 3307 | E21: 3871 | F21: 3775 | G21: 3382 | H21: 2922 | I21: 3455 | J21: 4235 | K21: 4399 | L21: 3981 | M21: 3604 | N21: 2855 | O21: 2149 | P21: 1823 | Q21: 1491 | R21: 1222 | S21: 795 | T21: 550 | U21: =SUM(C21:T21) -> 51044
A22: 2003 | C22: 3301 | D22: 3292 | E22: 3839 | F22: 3913 | G22: 3437 | H22: 2936 | I22: 3512 | J22: 4090 | K22: 4458 | L22: 4088 | M22: 3629 | N22: 3048 | O22: 2245 | P22: 1829 | Q22: 1499 | R22: 1226 | S22: 823 | T22: 566 | U22: =SUM(C22:T22) -> 51731
A23: 2004 | C23: 3365 | D23: 3254 | E23: 3855 | F23: 3979 | G23: 3440 | H23: 3015 | I23: 3436 | J23: 3978 | K23: 4412 | L23: 4262 | M23: 3736 | N23: 3210 | O23: 2287 | P23: 1876 | Q23: 1512 | R23: 1225 | S23: 830 | T23: 588 | U23: =SUM(C23:T23) -> 52260
A24: 2005 | C24: 3372 | D24: 3257 | E24: 3768 | F24: 4003 | G24: 3509 | H24: 3033 | I24: 3364 | J24: 3829 | K24: 4444 | L24: 4322 | M24: 3781 | N24: 3402 | O24: 2399 | P24: 1883 | Q24: 1551 | R24: 1162 | S24: 868 | T24: 573 | U24: =SUM(C24:T24) -> 52520
A25: 2006 | C25: 3450 | D25: 3332 | E25: 3671 | F25: 3979 | G25: 3495 | H25: 3167 | I25: 3198 | J25: 3781 | K25: 4409 | L25: 4350 | M25: 3868 | N25: 3548 | O25: 2438 | P25: 1906 | Q25: 1587 | R25: 1208 | S25: 840 | T25: 601 | U25: =SUM(C25:T25) -> 52828
A26: 2007 | C26: 3506 | D26: 3306 | E26: 3558 | F26: 3968 | G26: 3399 | H26: 3214 | I26: 3089 | J26: 3772 | K26: 4266 | L26: 4348 | M26: 3964 | N26: 3492 | O26: 2667 | P26: 1937 | Q26: 1601 | R26: 1213 | S26: 846 | T26: 595 | U26: =SUM(C26:T26) -> 52741
A27: 2008 | C27: 3541 | D27: 3381 | E27: 3457 | F27: 3964 | G27: 3457 | H27: 3187 | I27: 3134 | J27: 3703 | K27: 4097 | L27: 4385 | M27: 4046 | N27: 3518 | O27: 2882 | P27: 1978 | Q27: 1595 | R27: 1246 | S27: 856 | T27: 626 | U27: =SUM(C27:T27) -> 53053
A28: 2009 | C28: 3519 | D28: 3370 | E28: 3412 | F28: 3864 | G28: 3408 | H28: 3138 | I28: 3211 | J28: 3516 | K28: 3926 | L28: 4313 | M28: 4120 | N28: 3599 | O28: 3011 | P28: 2046 | Q28: 1609 | R28: 1245 | S28: 867 | T28: 638 | U28: =SUM(C28:T28) -> 52812
A29: 2010 | C29: 3476 | D29: 3346 | E29: 3421 | F29: 3820 | G29: 3388 | H29: 3115 | I29: 3181 | J29: 3371 | K29: 3789 | L29: 4304 | M29: 4147 | N29: 3660 | O29: 3188 | P29: 2128 | Q29: 1628 | R29: 1245 | S29: 846 | T29: 655 | U29: =SUM(C29:T29) -> 52708
A30: 2015 | C30: 3461.1578 | D30: 3641.3084 | E30: 3447.6609 | F30: 3514.7041 | G30: 3932.7022 | H30: 3287.7344 | I30: 3199.1234 | J30: 3218.2618 | K30: 3382.1815 | L30: 3779.4289 | M30: 4256.9104 | N30: 4015.8861 | O30: 3459.6303 | P30: 2840.7131 | Q30: 1832.7279 | R30: 1330.418 | S30: 916.55413 | T30: 759.93145 | U30: =SUM(C30:T30) -> 54277.035
A31: 2020 | C31: 3458.6312 | D31: 3637.567 | E31: 3744.735 | F31: 3541.8063 | G31: 3654.1822 | H31: 3702.9379 | I31: 3375.3853 | J31: 3252.5278 | K31: 3253.176 | L31: 3394.1551 | M31: 3755.5185 | N31: 4109.5543 | O31: 3787.5353 | P31: 3083.6274 | Q31: 2439.103 | R31: 1501.4068 | S31: 990.55121 | T31: 846.13178 | U31: =SUM(C31:T31) -> 55528.532
... A33: 2030 | C33: 3522.5338 | D33: 3647.1726 | E33: 3752.0798 | F33: 3849.6265 | G33: 3975.2495 | H33: 3509.6506 | I33: 3531.1742 | J33: 3754.1037 | K33: 3483.473 | L33: 3344.4831 | M33: 3311.9746 | N33: 3300.5896 | O33: 3427.4037 | P33: 3439.1491 | Q33: 2892.748 | R33: 2164.6345 | S33: 1481.865 | T33: 1074.0614 | U33: =SUM(C33:T33) -> 57461.973
A35: Total
A36: 2001 | C36: =C20+C4 -> 6145 | D36: =D20+D4 -> 6636 | E36: =E20+E4 -> 7455 | F36: =F20+F4 -> 7557 | G36: =G20+G4 -> 6617 | H36: =H20+H4 -> 5989 | I36: =I20+I4 -> 7273 | J36: =J20+J4 -> 8576 | ... T36: =T20+T4 -> 2170 | U36: =SUM(C36:T36) -> 104260
A37: 2002 | C37: =C21+C5 -> 6277 | D37: =D21+D5 -> 6472 | E37: =E21+E5 -> 7521 | F37: =F21+F5 -> 7514 | G37: =G21+G5 -> 6911 | H37: =H21+H5 -> 5926 | I37: =I21+I5 -> 7083 | J37: =J21+J5 -> 8452 | ... T37: =T21+T5 -> 2117 | U37: =SUM(C37:T37) -> 105063
A38: 2003 | C38: =C22+C6 -> 6420 | D38: =D22+D6 -> 6407 | E38: =E22+E6 -> 7469 | F38: =F22+F6 -> 7734 | G38: =G22+G6 -> 6949 | H38: =H22+H6 -> 6019 | I38: =I22+I6 -> 7069 | J38: =J22+J6 -> 8294 | ... T38: =T22+T6 -> 2143 | U38: =SUM(C38:T38) -> 106140
A39: 2004 | C39: =C23+C7 -> 6541 | D39: =D23+D7 -> 6380 | E39: =E23+E7 -> 7461 | F39: =F23+F7 -> 7708 | G39: =G23+G7 -> 6923 | H39: =H23+H7 -> 6225 | I39: =I23+I7 -> 6919 | J39: =J23+J7 -> 8007 | ... T39: =T23+T7 -> 2122 | U39: =SUM(C39:T39) -> 106867
A40: 2005 | C40: =C24+C8 -> 6613 | D40: =D24+D8 -> 6440 | E40: =E24+E8 -> 7203 | F40: =F24+F8 -> 7745 | G40: =G24+G8 -> 7083 | H40: =H24+H8 -> 6357 | I40: =I24+I8 -> 6761 | J40: =J24+J8 -> 7718 | ... T40: =T24+T8 -> 2103 | U40: =SUM(C40:T40) -> 107352
A41: 2006 | C41: =C25+C9 -> 6840 | D41: =D25+D9 -> 6496 | E41: =E25+E9 -> 7045 | F41: =F25+F9 -> 7651 | G41: =G25+G9 -> 7120 | H41: =H25+H9 -> 6601 | I41: =I25+I9 -> 6531 | J41: =J25+J9 -> 7598 | ... T41: =T25+T9 -> 2112 | U41: =SUM(C41:T41) -> 107932
A42: 2007 | C42: =C26+C10 -> 6951 | D42: =D26+D10 -> 6453 | E42: =E26+E10 -> 6850 | F42: =F26+F10 -> 7607 | G42: =G26+G10 -> 6921 | H42: =H26+H10 -> 6710 | I42: =I26+I10 -> 6341 | J42: =J26+J10 -> 7456 | ... T42: =T26+T10 -> 2121 | U42: =SUM(C42:T42) -> 107739
A43: 2008 | C43: =C27+C11 -> 7039 | D43: =D27+D11 -> 6557 | E43: =E27+E11 -> 6598 | F43: =F27+F11 -> 7525 | G43: =G27+G11 -> 7104 | H43: =H27+H11 -> 6647 | I43: =I27+I11 -> 6417 | J43: =J27+J11 -> 7328 | ... T43: =T27+T11 -> 2156 | U43: =SUM(C43:T43) -> 108284
A44: 2009 | C44: =C28+C12 -> 6944 | D44: =D28+D12 -> 6574 | E44: =E28+E12 -> 6562 | F44: =F28+F12 -> 7398 | G44: =G28+G12 -> 6949 | H44: =H28+H12 -> 6511 | I44: =I28+I12 -> 6518 | J44: =J28+J12 -> 7033 | ... T44: =T28+T12 -> 2126 | U44: =SUM(C44:T44) -> 107830
A45: 2010 | C45: =C29+C13 -> 6868 | D45: =D29+D13 -> 6566 | E45: =E29+E13 -> 6606 | F45: =F29+F13 -> 7248 | G45: =G29+G13 -> 6967 | H45: =H29+H13 -> 6470 | I45: =I29+I13 -> 6536 | J45: =J29+J13 -> 6736 | ... T45: =T29+T13 -> 2180 | U45: =SUM(C45:T45) -> 107675
A46: 2015 | C46: =C30+C14 -> 6800.9508 | D46: =D30+D14 -> 7187.2596 | E46: =E30+E14 -> 6763.5327 | F46: =F30+F14 -> 6792.4346 | G46: =G30+G14 -> 7461.601 | H46: =H30+H14 -> 6736.3236 | I46: =I30+I14 -> 6620.779 | J46: =J30+J14 -> 6599.6231 | ... T46: =T30+T14 -> 2308.6753 | U46: =SUM(C46:T46) -> 110410.05
A47: 2020 | C47: =C31+C15 -> 6795.9862 | D47: =D31+D15 -> 7143.7829 | E47: =E31+E15 -> 7386.7602 | F47: =F31+F15 -> 6948.3369 | G47: =G31+G15 -> 7047.3928 | H47: =H31+H15 -> 7089.3059 | I47: =I31+I15 -> 6896.5721 | J47: =J31+J15 -> 6708.0913 | ... T47: =T31+T15 -> 2414.2731 | U47: =SUM(C47:T47) -> 112764.7
... A49: 2030 | C49: =C33+C17 -> 6921.5507 | D49: =D33+D17 -> 7162.7696 | E49: =E33+E17 -> 7365.9861 | F49: =F33+F17 -> 7556.8928 | G49: =G33+G17 -> 7797.3444 | H49: =H33+H17 -> 6887.4411 | I49: =I33+I17 -> 6886.3811 | J49: =J33+J17 -> 7240.3617 | ... T49: =T33+T17 -> 2760.4872 | U49: =SUM(C49:T49) -> 116621.94

Sheet 03
A1: 3 | B1: AROOSTOOK
A2: Age | C2: 0-4 | D2: 5-9 | E2: 10-14 | F2: 15-19 | G2: 20-24 | H2: 25-29 | I2: 30-34 | J2: 35-39 | K2: 40-44 | L2: 45-49 | M2: 50-54 | N2: 55-59 | O2: 60-64 | P2: 65-69 | Q2: 70-74 | R2: 75-79 | S2: 80-84 | T2: 85+ | U2: Total
A3: Female
A4: 2001 | C4: 1795 | D4: 2146 | E4: 2412 | F4: 2487 | G4: 1859 | H4: 1801 | I4: 2120 | J4: 2683 | K4: 2867 | L4: 3060 | M4: 2708 | N4: 2220 | O4: 1984 | P4: 1751 | Q4: 1876 | R4: 1428 | S4: 1114 | T4: 1084 | U4: =SUM(C4:T4) -> 37395
A5: 2002 | C5: 1751 | D5: 2071 | E5: 2419 | F5: 2472 | G5: 1928 | H5: 1694 | I5: 2102 | J5: 2553 | K5: 2826 | L5: 3091 | M5: 2750 | N5: 2334 | O5: 2033 | P5: 1744 | Q5: 1865 | R5: 1465 | S5: 1114 | T5: 1105 | U5: =SUM(C5:T5) -> 37317
A6: 2003 | C6: 1754 | D6: 2024 | E6: 2350 | F6: 2490 | G6: 1952 | H6: 1686 | I6: 2024 | J6: 2473 | K6: 2806 | L6: 3038 | M6: 2858 | N6: 2418 | O6: 2072 | P6: 1807 | Q6: 1732 | R6: 1490 | S6: 1098 | T6: 1117 | U6: =SUM(C6:T6) -> 37189
A7: 2004 | C7: 1733 | D7: 2012 | E7: 2355 | F7: 2456 | G7: 1931 | H7: 1676 | I7: 2030 | J7: 2328 | K7: 2856 | L7: 2944 | M7: 2973 | N7: 2542 | O7: 2037 | P7: 1892 | Q7: 1640 | R7: 1574 | S7: 1096 | T7: 1074 | U7: =SUM(C7:T7) -> 37149
A8: 2005 | C8: 1773 | D8: 1994 | E8: 2345 | F8: 2429 | G8: 1957 | H8: 1690 | I8: 1948 | J8: 2233 | K8: 2839 | L8: 2897 | M8: 2997 | N8: 2616 | O8: 2129 | P8: 1910 | Q8: 1589 | R8: 1642 | S8: 1063 | T8: 1078 | U8: =SUM(C8:T8) -> 37129
A9: 2006 | C9: 1702 | D9: 1956 | E9: 2271 | F9: 2423 | G9: 1924 | H9: 1651 | I9: 1893 | J9: 2211 | K9: 2761 | L9: 2871 | M9: 3026 | N9: 2738 | O9: 2216 | P9: 1904 | Q9: 1594 | R9: 1712 | S9: 1080 | T9: 1089 | U9: =SUM(C9:T9) -> 37022
A10: 2007 | C10: 1674 | D10: 1912 | E10: 2236 | F10: 2426 | G10: 1869 | H10: 1690 | I10: 1805 | J10: 2173 | K10: 2680 | L10: 2872 | M10: 3043 | N10: 2780 | O10: 2352 | P10: 1954 | Q10: 1563 | R10: 1700 | S10: 1106 | T10: 1115 | U10: =SUM(C10:T10) -> 36950
A11: 2008 | C11: 1662 | D11: 1868 | E11: 2183 | F11: 2396 | G11: 1858 | H11: 1666 | I11: 1777 | J11: 2138 | K11: 2582 | L11: 2851 | M11: 2998 | N11: 2880 | O11: 2408 | P11: 2014 | Q11: 1639 | R11: 1572 | S11: 1161 | T11: 1164 | U11: =SUM(C11:T11) -> 36817
A12: 2009 | C12: 1716 | D12: 1864 | E12: 2131 | F12: 2373 | G12: 1850 | H12: 1673 | I12: 1772 | J12: 2085 | K12: 2394 | L12: 2880 | M12: 2896 | N12: 2956 | O12: 2524 | P12: 2000 | Q12: 1690 | R12: 1504 | S12: 1215 | T12: 1177 | U12: =SUM(C12:T12) -> 36700
A13: 2010 | C13: 1676 | D13: 1820 | E13: 2081 | F13: 2298 | G13: 1825 | H13: 1687 | I13: 1765 | J13: 2012 | K13: 2312 | L13: 2797 | M13: 2907 | N13: 2986 | O13: 2563 | P13: 2070 | Q13: 1701 | R13: 1448 | S13: 1243 | T13: 1209 | U13: =SUM(C13:T13) -> 36400
A14: 2015 | C14: 1691.3932 | D14: 1625.2151 | E14: 1794.3173 | F14: 2049.5108 | G14: 2226.0788 | H14: 1808.4019 | I14: 1650.8297 | J14: 1700.3883 | K14: 1994.6837 | L14: 2254.1548 | M14: 2803.3517 | N14: 2867.2611 | O14: 2893.4555 | P14: 2446.9836 | Q14: 1927.8563 | R14: 1512.8311 | S14: 1174.3308 | T14: 1330.0203 | U14: =SUM(C14:T14) -> 35751.064
A15: 2020 | C15: 1759.234 | D15: 1641.3177 | E15: 1610.047 | F15: 1777.0832 | G15: 2031.722 | H15: 2165.7061 | I15: 1764.3123 | J15: 1593.4015 | K15: 1698.1715 | L15: 1956.3624 | M15: 2271.1792 | N15: 2762.4754 | O15: 2781.1769 | P15: 2761.2636 | Q15: 2276.5377 | R15: 1718.1832 | S15: 1229.1876 | T15: 1347.3009 | U15: =SUM(C15:T15) -> 35144.662
... A17: 2030 | C17: 1683.7085 | D17: 1706.6167 | E17: 1691.5045 | F17: 1622.1921 | G17: 1679.0344 | H17: 1811.4184 | I17: 1945.0029 | J17: 2007.7977 | K17: 1703.8864 | L17: 1591.1733 | M17: 1720.2187 | N17: 1971.9787 | O17: 2187.8323 | P17: 2557.0002 | Q17: 2475.4833 | R17: 2286.9231 | S17: 1649.635 | T17: 1518.8536 | U17: =SUM(C17:T17) -> 33810.26
A19: Male
A20: 2001 | C20: 1814 | D20: 2095 | E20: 2561 | F20: 2884 | G20: 1931 | H20: 1575 | I20: 2062 | J20: 2632 | K20: 2899 | L20: 2923 | M20: 2843 | N20: 2229 | O20: 1765 | P20: 1662 | Q20: 1537 | R20: 1031 | S20: 655 | T20: 469 | U20: =SUM(C20:T20) -> 35567
A21: 2002 | C21: 1849 | D21: 2051 | E21: 2481 | F21: 2919 | G21: 1991 | H21: 1530 | I21: 1997 | J21: 2539 | K21: 2870 | L21: 2926 | M21: 2816 | N21: 2402 | O21: 1853 | P21: 1634 | Q21: 1582 | R21: 1059 | S21: 649 | T21: 477 | U21: =SUM(C21:T21) -> 35625
A22: 2003 | C22: 1839 | D22: 2002 | E22: 2464 | F22: 2926 | G22: 2090 | H22: 1557 | I22: 1949 | J22: 2439 | K22: 2836 | L22: 2980 | M22: 2852 | N22: 2522 | O22: 1845 | P22: 1697 | Q22: 1513 | R22: 1099 | S22: 679 | T22: 466 | U22: =SUM(C22:T22) -> 35755
A23: 2004 | C23: 1867 | D23: 1967 | E23: 2453 | F23: 2854 | G23: 2120 | H23: 1550 | I23: 1897 | J23: 2346 | K23: 2791 | L23: 3016 | M23: 2932 | N23: 2591 | O23: 1960 | P23: 1737 | Q23: 1451 | R23: 1136 | S23: 685 | T23: 457 | U23: =SUM(C23:T23) -> 35810
A24: 2005 | C24: 1867 | D24: 1999 | E24: 2367 | F24: 2745 | G24: 2127 | H24: 1615 | I24: 1818 | J24: 2292 | K24: 2755 | L24: 2965 | M24: 2900 | N24: 2741 | O24: 2053 | P24: 1696 | Q24: 1486 | R24: 1163 | S24: 694 | T24: 469 | U24: =SUM(C24:T24) -> 35752
A25: 2006 | C25: 1920 | D25: 1966 | E25: 2292 | F25: 2685 | G25: 2129 | H25: 1608 | I25: 1739 | J25: 2225 | K25: 2732 | L25: 2966 | M25: 2947 | N25: 2803 | O25: 2193 | P25: 1722 | Q25: 1484 | R25: 1227 | S25: 691 | T25: 476 | U25: =SUM(C25:T25) -> 35805
A26: 2007 | C26: 1901 | D26: 1989 | E26: 2244 | F26: 2638 | G26: 2073 | H26: 1635 | I26: 1715 | J26: 2121 | K26: 2658 | L26: 2993 | M26: 2976 | N26: 2787 | O26: 2366 | P26: 1753 | Q26: 1458 | R26: 1282 | S26: 722 | T26: 450 | U26: =SUM(C26:T26) -> 35761
A27: 2008 | C27: 1903 | D27: 1973 | E27: 2178 | F27: 2594 | G27: 2054 | H27: 1632 | I27: 1718 | J27: 2085 | K27: 2546 | L27: 2933 | M27: 3003 | N27: 2822 | O27: 2482 | P27: 1786 | Q27: 1536 | R27: 1213 | S27: 786 | T27: 481 | U27: =SUM(C27:T27) -> 35725
A28: 2009 | C28: 1853 | D28: 1980 | E28: 2112 | F28: 2570 | G28: 2042 | H28: 1666 | I28: 1729 | J28: 1976 | K28: 2410 | L28: 2854 | M28: 3024 | N28: 2873 | O28: 2542 | P28: 1910 | Q28: 1540 | R28: 1157 | S28: 826 | T28: 494 | U28: =SUM(C28:T28) -> 35558
A29: 2010 | C29: 1797 | D29: 1936 | E29: 2103 | F29: 2470 | G29: 1989 | H29: 1699 | I29: 1760 | J29: 1864 | K29: 2364 | L29: 2796 | M29: 2996 | N29: 2854 | O29: 2664 | P29: 1979 | Q29: 1506 | R29: 1183 | S29: 847 | T29: 516 | U29: =SUM(C29:T29) -> 35323
A30: 2015 | C30: 1810.7501 | D30: 1768.6871 | E30: 1931.2999 | F30: 2095.9036 | G30: 2487.1924 | H30: 2020.0879 | I30: 1698.1048 | J30: 1704.6676 | K30: 1858.9223 | L30: 2319.2171 | M30: 2786.5928 | N30: 2932.9127 | O30: 2738.6713 | P30: 2493.705 | Q30: 1783.3333 | R30: 1242.1402 | S30: 853.82143 | T30: 605.86621 | U30: =SUM(C30:T30) -> 35131.876
A31: 2020 | C31: 1883.3782 | D31: 1783.703 | E31: 1772.396 | F31: 1932.8692 | G31: 2177.9776 | H31: 2471.2551 | I31: 1996.476 | J31: 1647.2931 | K31: 1710.9424 | L31: 1844.6065 | M31: 2323.9974 | N31: 2728.5883 | O31: 2813.6937 | P31: 2570.7153 | Q31: 2239.9492 | R31: 1474.182 | S31: 899.46312 | T31: 642.47298 | U31: =SUM(C31:T31) -> 34913.959
... A33: 2030 | C33: 1802.5231 | D33: 1854.7419 | E33: 1859.5204 | F33: 1801.6143 | G33: 1934.8848 | H33: 2090.8472 | I33: 2166.1161 | J33: 2321.2987 | K33: 1934.4901 | L33: 1667.3558 | M33: 1747.796 | N33: 1855.2967 | O33: 2203.1103 | P33: 2458.6477 | Q33: 2377.4045 | R33: 1912.8535 | S33: 1338.052 | T33: 785.94956 | U33: =SUM(C33:T33) -> 34112.503
A35: Total
A36: 2001 | C36: =C20+C4 -> 3609 | D36: =D20+D4 -> 4241 | E36: =E20+E4 -> 4973 | F36: =F20+F4 -> 5371 | G36: =G20+G4 -> 3790 | H36: =H20+H4 -> 3376 | I36: =I20+I4 -> 4182 | J36: =J20+J4 -> 5315 | ... T36: =T20+T4 -> 1553 | U36: =SUM(C36:T36) -> 72962
A37: 2002 | C37: =C21+C5 -> 3600 | D37: =D21+D5 -> 4122 | E37: =E21+E5 -> 4900 | F37: =F21+F5 -> 5391 | G37: =G21+G5 -> 3919 | H37: =H21+H5 -> 3224 | I37: =I21+I5 -> 4099 | J37: =J21+J5 -> 5092 | ... T37: =T21+T5 -> 1582 | U37: =SUM(C37:T37) -> 72942
A38: 2003 | C38: =C22+C6 -> 3593 | D38: =D22+D6 -> 4026 | E38: =E22+E6 -> 4814 | F38: =F22+F6 -> 5416 | G38: =G22+G6 -> 4042 | H38: =H22+H6 -> 3243 | I38: =I22+I6 -> 3973 | J38: =J22+J6 -> 4912 | ... T38: =T22+T6 -> 1583 | U38: =SUM(C38:T38) -> 72944
A39: 2004 | C39: =C23+C7 -> 3600 | D39: =D23+D7 -> 3979 | E39: =E23+E7 -> 4808 | F39: =F23+F7 -> 5310 | G39: =G23+G7 -> 4051 | H39: =H23+H7 -> 3226 | I39: =I23+I7 -> 3927 | J39: =J23+J7 -> 4674 | ... T39: =T23+T7 -> 1531 | U39: =SUM(C39:T39) -> 72959
A40: 2005 | C40: =C24+C8 -> 3640 | D40: =D24+D8 -> 3993 | E40: =E24+E8 -> 4712 | F40: =F24+F8 -> 5174 | G40: =G24+G8 -> 4084 | H40: =H24+H8 -> 3305 | I40: =I24+I8 -> 3766 | J40: =J24+J8 -> 4525 | ... T40: =T24+T8 -> 1547 | U40: =SUM(C40:T40) -> 72881
A41: 2006 | C41: =C25+C9 -> 3622 | D41: =D25+D9 -> 3922 | E41: =E25+E9 -> 4563 | F41: =F25+F9 -> 5108 | G41: =G25+G9 -> 4053 | H41: =H25+H9 -> 3259 | I41: =I25+I9 -> 3632 | J41: =J25+J9 -> 4436 | ... T41: =T25+T9 -> 1565 | U41: =SUM(C41:T41) -> 72827
A42: 2007 | C42: =C26+C10 -> 3575 | D42: =D26+D10 -> 3901 | E42: =E26+E10 -> 4480 | F42: =F26+F10 -> 5064 | G42: =G26+G10 -> 3942 | H42: =H26+H10 -> 3325 | I42: =I26+I10 -> 3520 | J42: =J26+J10 -> 4294 | ... T42: =T26+T10 -> 1565 | U42: =SUM(C42:T42) -> 72711
A43: 2008 | C43: =C27+C11 -> 3565 | D43: =D27+D11 -> 3841 | E43: =E27+E11 -> 4361 | F43: =F27+F11 -> 4990 | G43: =G27+G11 -> 3912 | H43: =H27+H11 -> 3298 | I43: =I27+I11 -> 3495 | J43: =J27+J11 -> 4223 | ... T43: =T27+T11 -> 1645 | U43: =SUM(C43:T43) -> 72542
A44: 2009 | C44: =C28+C12 -> 3569 | D44: =D28+D12 -> 3844 | E44: =E28+E12 -> 4243 | F44: =F28+F12 -> 4943 | G44: =G28+G12 -> 3892 | H44: =H28+H12 -> 3339 | I44: =I28+I12 -> 3501 | J44: =J28+J12 -> 4061 | ... T44: =T28+T12 -> 1671 | U44: =SUM(C44:T44) -> 72258
A45: 2010 | C45: =C29+C13 -> 3473 | D45: =D29+D13 -> 3756 | E45: =E29+E13 -> 4184 | F45: =F29+F13 -> 4768 | G45: =G29+G13 -> 3814 | H45: =H29+H13 -> 3386 | I45: =I29+I13 -> 3525 | J45: =J29+J13 -> 3876 | ... T45: =T29+T13 -> 1725 | U45: =SUM(C45:T45) -> 71723
A46: 2015 | C46: =C30+C14 -> 3502.1434 | D46: =D30+D14 -> 3393.9021 | E46: =E30+E14 -> 3725.6173 | F46: =F30+F14 -> 4145.4145 | G46: =G30+G14 -> 4713.2711 | H46: =H30+H14 -> 3828.4897 | I46: =I30+I14 -> 3348.9346 | J46: =J30+J14 -> 3405.0559 | ... T46: =T30+T14 -> 1935.8865 | U46: =SUM(C46:T46) -> 70882.94
A47: 2020 | C47: =C31+C15 -> 3642.6122 | D47: =D31+D15 -> 3425.0207 | E47: =E31+E15 -> 3382.443 | F47: =F31+F15 -> 3709.9524 | G47: =G31+G15 -> 4209.6996 | H47: =H31+H15 -> 4636.9612 | I47: =I31+I15 -> 3760.7883 | J47: =J31+J15 -> 3240.6946 | ... T47: =T31+T15 -> 1989.7739 | U47: =SUM(C47:T47) -> 70058.621
... A49: 2030 | C49: =C33+C17 -> 3486.2315 | D49: =D33+D17 -> 3561.3586 | E49: =E33+E17 -> 3551.0249 | F49: =F33+F17 -> 3423.8064 | G49: =G33+G17 -> 3613.9192 | H49: =H33+H17 -> 3902.2656 | I49: =I33+I17 -> 4111.119 | J49: =J33+J17 -> 4329.0965 | ... T49: =T33+T17 -> 2304.8031 | U49: =SUM(C49:T49) -> 67922.762

Sheet 05
A1: 5 | B1: CUMBERLAND
A2: Age | C2: 0-4 | D2: 5-9 | E2: 10-14 | F2: 15-19 | G2: 20-24 | H2: 25-29 | I2: 30-34 | J2: 35-39 | K2: 40-44 | L2: 45-49 | M2: 50-54 | N2: 55-59 | O2: 60-64 | P2: 65-69 | Q2: 70-74 | R2: 75-79 | S2: 80-84 | T2: 85+ | U2: Total
A3: Female
A4: 2001 | C4: 7452 | D4: 8152 | E4: 9111 | F4: 8791 | G4: 7830 | H4: 8015 | I4: 10067 | J4: 11482 | K4: 12309 | L4: 11143 | M4: 9964 | N4: 7127 | O4: 5379 | P4: 4774 | Q4: 4852 | R4: 4535 | S4: 3564 | T4: 3673 | U4: =SUM(C4:T4) -> 138220
A5: 2002 | C5: 7351 | D5: 8093 | E5: 9159 | F5: 8961 | G5: 8032 | H5: 7994 | I5: 9985 | J5: 11174 | K5: 12278 | L5: 11404 | M5: 10078 | N5: 7809 | O5: 5592 | P5: 4759 | Q5: 4745 | R5: 4568 | S5: 3700 | T5: 3674 | U5: =SUM(C5:T5) -> 139356
A6: 2003 | C6: 7468 | D6: 8073 | E6: 9060 | F6: 9152 | G6: 8283 | H6: 8068 | I6: 9659 | J6: 10976 | K6: 12270 | L6: 11692 | M6: 10381 | N6: 8126 | O6: 5966 | P6: 4864 | Q6: 4627 | R6: 4543 | S6: 3757 | T6: 3700 | U6: =SUM(C6:T6) -> 140665
A7: 2004 | C7: 7507 | D7: 8073 | E7: 8934 | F7: 9333 | G7: 8483 | H7: 8163 | I7: 9322 | J7: 10628 | K7: 12053 | L7: 11876 | M7: 10564 | N7: 8644 | O7: 6357 | P7: 4938 | Q7: 4552 | R7: 4502 | S7: 3865 | T7: 3826 | U7: =SUM(C7:T7) -> 141620
A8: 2005 | C8: 7480 | D8: 7967 | E8: 8862 | F8: 9408 | G8: 8698 | H8: 8231 | I8: 8782 | J8: 10545 | K8: 11775 | L8: 12038 | M8: 10770 | N8: 9126 | O8: 6635 | P8: 5037 | Q8: 4567 | R8: 4391 | S8: 3893 | T8: 3928 | U8: =SUM(C8:T8) -> 142133
A9: 2006 | C9: 7335 | D9: 7977 | E9: 8588 | F9: 9470 | G9: 8763 | H9: 8276 | I9: 8368 | J9: 10434 | K9: 11468 | L9: 12201 | M9: 11028 | N9: 9642 | O9: 6924 | P9: 5120 | Q9: 4485 | R9: 4381 | S9: 3776 | T9: 4086 | U9: =SUM(C9:T9) -> 142322
A10: 2007 | C10: 7297 | D10: 7915 | E10: 8553 | F10: 9402 | G10: 8727 | H10: 8587 | I10: 8154 | J10: 10311 | K10: 11114 | L10: 12175 | M10: 11267 | N10: 9853 | O10: 7543 | P10: 5338 | Q10: 4537 | R10: 4335 | S10: 3831 | T10: 4253 | U10: =SUM(C10:T10) -> 143192
A11: 2008 | C11: 7341 | D11: 7988 | E11: 8415 | F11: 9364 | G11: 8753 | H11: 8619 | I11: 8292 | J11: 9934 | K11: 10918 | L11: 12187 | M11: 11479 | N11: 10213 | O11: 7937 | P11: 5753 | Q11: 4638 | R11: 4209 | S11: 3853 | T11: 4396 | U11: =SUM(C11:T11) -> 144289
A12: 2009 | C12: 7236 | D12: 7952 | E12: 8470 | F12: 9206 | G12: 8846 | H12: 8767 | I12: 8294 | J12: 9683 | K12: 10619 | L12: 12027 | M12: 11676 | N12: 10581 | O12: 8454 | P12: 6165 | Q12: 4632 | R12: 4146 | S12: 3780 | T12: 4475 | U12: =SUM(C12:T12) -> 145009
A13: 2010 | C13: 7147 | D13: 7791 | E13: 8397 | F13: 9009 | G13: 8819 | H13: 8703 | I13: 8365 | J13: 9207 | K13: 10517 | L13: 11735 | M13: 11820 | N13: 10844 | O13: 8937 | P13: 6420 | Q13: 4714 | R13: 4140 | S13: 3722 | T13: 4551 | U13: =SUM(C13:T13) -> 144838
A14: 2015 | C14: 6986.552 | D14: 7162.5676 | E14: 7765.1936 | F14: 8360.6093 | G14: 8917.7971 | H14: 8755.423 | I14: 8904.0852 | J14: 8299.1805 | K14: 9200.2001 | L14: 10394.923 | M14: 11559.287 | N14: 11578.741 | O14: 10712.146 | P14: 8561.6349 | Q14: 6007.2319 | R14: 4166.8454 | S14: 3354.8379 | T14: 4716.9802 | U14: =SUM(C14:T14) -> 145404.24
A15: 2020 | C15: 6980.2274 | D15: 7041.8863 | E15: 7179.3633 | F15: 7770.29 | G15: 8444.7417 | H15: 8796.8707 | I15: 8988.6369 | J15: 8821.3814 | K15: 8391.9595 | L15: 9157.2857 | M15: 10278.749 | N15: 11304.774 | O15: 11413.281 | P15: 10242.98 | Q15: 7958.5612 | R15: 5311.9222 | S15: 3397.5855 | T15: 4585.5962 | U15: =SUM(C15:T15) -> 146066.09
... A17: 2030 | C17: 6823.2208 | D17: 7029.7497 | E17: 7099.8762 | F17: 7141.6525 | G17: 7604.4558 | H17: 8255.054 | I17: 8869.5626 | J17: 8905.2059 | K17: 9019.9103 | L17: 8942.1124 | M17: 8462.7882 | N17: 8990.888 | O17: 9955.8333 | P17: 10612.926 | Q17: 10092.668 | R17: 8342.9384 | S17: 5685.9518 | T17: 5187.5264 | U17: =SUM(C17:T17) -> 147022.32
A19: Male
A20: 2001 | C20: 7896 | D20: 8902 | E20: 9728 | F20: 9406 | G20: 7958 | H20: 7847 | I20: 9808 | J20: 10996 | K20: 11443 | L20: 10561 | M20: 9779 | N20: 6667 | O20: 4935 | P20: 4195 | Q20: 3656 | R20: 3005 | S20: 2019 | T20: 1370 | U20: =SUM(C20:T20) -> 130171
A21: 2002 | C21: 7741 | D21: 8738 | E21: 9823 | F21: 9505 | G21: 8182 | H21: 7822 | I21: 9677 | J21: 10755 | K21: 11494 | L21: 10807 | M21: 9730 | N21: 7437 | O21: 5142 | P21: 4168 | Q21: 3649 | R21: 3048 | S21: 2043 | T21: 1416 | U21: =SUM(C21:T21) -> 131177
A22: 2003 | C22: 7832 | D22: 8551 | E22: 9837 | F22: 9680 | G22: 8484 | H22: 7856 | I22: 9541 | J22: 10411 | K22: 11390 | L22: 11044 | M22: 9845 | N22: 7907 | O22: 5503 | P22: 4221 | Q22: 3625 | R22: 3079 | S22: 2104 | T22: 1466 | U22: =SUM(C22:T22) -> 132376
A23: 2004 | C23: 7909 | D23: 8440 | E23: 9535 | F23: 9955 | G23: 8726 | H23: 7851 | I23: 9196 | J23: 10132 | K23: 11424 | L23: 11064 | M23: 10125 | N23: 8355 | O23: 5783 | P23: 4362 | Q23: 3593 | R23: 3168 | S23: 2138 | T23: 1544 | U23: =SUM(C23:T23) -> 133300
A24: 2005 | C24: 7947 | D24: 8267 | E24: 9415 | F24: 9970 | G24: 9018 | H24: 8005 | I24: 8802 | J24: 10011 | K24: 11399 | L24: 11104 | M24: 10322 | N24: 8817 | O24: 6156 | P24: 4406 | Q24: 3583 | R24: 3147 | S24: 2162 | T24: 1611 | U24: =SUM(C24:T24) -> 134142
A25: 2006 | C25: 7882 | D25: 8283 | E25: 9246 | F25: 10060 | G25: 9001 | H25: 8283 | I25: 8272 | J25: 9934 | K25: 11205 | L25: 11262 | M25: 10433 | N25: 9359 | O25: 6401 | P25: 4502 | Q25: 3633 | R25: 3163 | S25: 2157 | T25: 1686 | U25: =SUM(C25:T25) -> 134762
A26: 2007 | C26: 7924 | D26: 8355 | E26: 9094 | F26: 9971 | G26: 8890 | H26: 8573 | I26: 8271 | J26: 9757 | K26: 10815 | L26: 11272 | M26: 10768 | N26: 9270 | O26: 7089 | P26: 4742 | Q26: 3695 | R26: 3107 | S26: 2261 | T26: 1735 | U26: =SUM(C26:T26) -> 135589
A27: 2008 | C27: 7805 | D27: 8437 | E27: 8957 | F27: 9874 | G27: 8893 | H27: 8794 | I27: 8279 | J27: 9561 | K27: 10470 | L27: 11322 | M27: 10980 | N27: 9431 | O27: 7574 | P27: 5059 | Q27: 3773 | R27: 3095 | S27: 2254 | T27: 1834 | U27: =SUM(C27:T27) -> 136392
A28: 2009 | C28: 7710 | D28: 8448 | E28: 8911 | F28: 9668 | G28: 8935 | H28: 8831 | I28: 8308 | J28: 9369 | K28: 10236 | L28: 11361 | M28: 11028 | N28: 9719 | O28: 8025 | P28: 5372 | Q28: 3868 | R28: 2993 | S28: 2309 | T28: 1869 | U28: =SUM(C28:T28) -> 136960
A29: 2010 | C29: 7542 | D29: 8362 | E29: 8722 | F29: 9486 | G29: 8733 | H29: 8825 | I29: 8342 | J29: 8857 | K29: 10071 | L29: 11316 | M29: 11016 | N29: 9918 | O29: 8531 | P29: 5700 | Q29: 3906 | R29: 3016 | S29: 2259 | T29: 1946 | U29: =SUM(C29:T29) -> 136548
A30: 2015 | C30: 7414.2525 | D30: 7610.5768 | E30: 8359.0815 | F30: 8699.6336 | G30: 9454.3954 | H30: 8761.4661 | I30: 9143.4533 | J30: 8336.96 | K30: 8888.3438 | L30: 9938.4618 | M30: 11082.36 | N30: 10672.161 | O30: 9679.2613 | P30: 8010.7105 | Q30: 5198.0127 | R30: 3273.2284 | S30: 2230.6137 | T30: 2115.933 | U30: =SUM(C30:T30) -> 138868.91
A31: 2020 | C31: 7407.5407 | D31: 7521.1714 | E31: 7655.1579 | F31: 8367.5914 | G31: 8863.2369 | H31: 9278.8227 | I31: 9133.168 | J31: 9094.1122 | K31: 8454.3548 | L31: 8840.6233 | M31: 9781.6491 | N31: 10709.942 | O31: 10386.476 | P31: 9084.7696 | Q31: 7227.425 | R31: 4351.88 | S31: 2437.2375 | T31: 2188.4283 | U31: =SUM(C31:T31) -> 140783.59
... A33: 2030 | C33: 7240.9225 | D33: 7509.0512 | E33: 7608.4243 | F33: 7657.5583 | G33: 8153.0279 | H33: 8835.8951 | I33: 9329.7092 | J33: 9430.0745 | K33: 9221.4872 | L33: 9190.7554 | M33: 8468.5846 | N33: 8557.9012 | O33: 9252.3777 | P33: 9725.6659 | Q33: 8761.6161 | R33: 6801.4597 | S33: 4423.3872 | T33: 2911.1184 | U33: =SUM(C33:T33) -> 143079.02
A35: Total
A36: 2001 | C36: =C20+C4 -> 15348 | D36: =D20+D4 -> 17054 | E36: =E20+E4 -> 18839 | F36: =F20+F4 -> 18197 | G36: =G20+G4 -> 15788 | H36: =H20+H4 -> 15862 | I36: =I20+I4 -> 19875 | J36: =J20+J4 -> 22478 | ... T36: =T20+T4 -> 5043 | U36: =SUM(C36:T36) -> 268391
A37: 2002 | C37: =C21+C5 -> 15092 | D37: =D21+D5 -> 16831 | E37: =E21+E5 -> 18982 | F37: =F21+F5 -> 18466 | G37: =G21+G5 -> 16214 | H37: =H21+H5 -> 15816 | I37: =I21+I5 -> 19662 | J37: =J21+J5 -> 21929 | ... T37: =T21+T5 -> 5090 | U37: =SUM(C37:T37) -> 270533
A38: 2003 | C38: =C22+C6 -> 15300 | D38: =D22+D6 -> 16624 | E38: =E22+E6 -> 18897 | F38: =F22+F6 -> 18832 | G38: =G22+G6 -> 16767 | H38: =H22+H6 -> 15924 | I38: =I22+I6 -> 19200 | J38: =J22+J6 -> 21387 | ... T38: =T22+T6 -> 5166 | U38: =SUM(C38:T38) -> 273041
A39: 2004 | C39: =C23+C7 -> 15416 | D39: =D23+D7 -> 16513 | E39: =E23+E7 -> 18469 | F39: =F23+F7 -> 19288 | G39: =G23+G7 -> 17209 | H39: =H23+H7 -> 16014 | I39: =I23+I7 -> 18518 | J39: =J23+J7 -> 20760 | ... T39: =T23+T7 -> 5370 | U39: =SUM(C39:T39) -> 274920
A40: 2005 | C40: =C24+C8 -> 15427 | D40: =D24+D8 -> 16234 | E40: =E24+E8 -> 18277 | F40: =F24+F8 -> 19378 | G40: =G24+G8 -> 17716 | H40: =H24+H8 -> 16236 | I40: =I24+I8 -> 17584 | J40: =J24+J8 -> 20556 | ... T40: =T24+T8 -> 5539 | U40: =SUM(C40:T40) -> 276275
A41: 2006 | C41: =C25+C9 -> 15217 | D41: =D25+D9 -> 16260 | E41: =E25+E9 -> 17834 | F41: =F25+F9 -> 19530 | G41: =G25+G9 -> 17764 | H41: =H25+H9 -> 16559 | I41: =I25+I9 -> 16640 | J41: =J25+J9 -> 20368 | ... T41: =T25+T9 -> 5772 | U41: =SUM(C41:T41) -> 277084
A42: 2007 | C42: =C26+C10 -> 15221 | D42: =D26+D10 -> 16270 | E42: =E26+E10 -> 17647 | F42: =F26+F10 -> 19373 | G42: =G26+G10 -> 17617 | H42: =H26+H10 -> 17160 | I42: =I26+I10 -> 16425 | J42: =J26+J10 -> 20068 | ... T42: =T26+T10 -> 5988 | U42: =SUM(C42:T42) -> 278781
A43: 2008 | C43: =C27+C11 -> 15146 | D43: =D27+D11 -> 16425 | E43: =E27+E11 -> 17372 | F43: =F27+F11 -> 19238 | G43: =G27+G11 -> 17646 | H43: =H27+H11 -> 17413 | I43: =I27+I11 -> 16571 | J43: =J27+J11 -> 19495 | ... T43: =T27+T11 -> 6230 | U43: =SUM(C43:T43) -> 280681
A44: 2009 | C44: =C28+C12 -> 14946 | D44: =D28+D12 -> 16400 | E44: =E28+E12 -> 17381 | F44: =F28+F12 -> 18874 | G44: =G28+G12 -> 17781 | H44: =H28+H12 -> 17598 | I44: =I28+I12 -> 16602 | J44: =J28+J12 -> 19052 | ... T44: =T28+T12 -> 6344 | U44: =SUM(C44:T44) -> 281969
A45: 2010 | C45: =C29+C13 -> 14689 | D45: =D29+D13 -> 16153 | E45: =E29+E13 -> 17119 | F45: =F29+F13 -> 18495 | G45: =G29+G13 -> 17552 | H45: =H29+H13 -> 17528 | I45: =I29+I13 -> 16707 | J45: =J29+J13 -> 18064 | ... T45: =T29+T13 -> 6497 | U45: =SUM(C45:T45) -> 281386
A46: 2015 | C46: =C30+C14 -> 14400.804 | D46: =D30+D14 -> 14773.144 | E46: =E30+E14 -> 16124.275 | F46: =F30+F14 -> 17060.243 | G46: =G30+G14 -> 18372.192 | H46: =H30+H14 -> 17516.889 | I46: =I30+I14 -> 18047.538 | J46: =J30+J14 -> 16636.141 | ... T46: =T30+T14 -> 6832.9131 | U46: =SUM(C46:T46) -> 284273.14
A47: 2020 | C47: =C31+C15 -> 14387.768 | D47: =D31+D15 -> 14563.058 | E47: =E31+E15 -> 14834.521 | F47: =F31+F15 -> 16137.881 | G47: =G31+G15 -> 17307.979 | H47: =H31+H15 -> 18075.693 | I47: =I31+I15 -> 18121.805 | J47: =J31+J15 -> 17915.494 | ... T47: =T31+T15 -> 6774.0245 | U47: =SUM(C47:T47) -> 286849.68
... A49: 2030 | C49: =C33+C17 -> 14064.143 | D49: =D33+D17 -> 14538.801 | E49: =E33+E17 -> 14708.301 | F49: =F33+F17 -> 14799.211 | G49: =G33+G17 -> 15757.484 | H49: =H33+H17 -> 17090.949 | I49: =I33+I17 -> 18199.272 | J49: =J33+J17 -> 18335.28 | ... T49: =T33+T17 -> 8098.6448 | U49: =SUM(C49:T49) -> 290101.34

Sheet 07
A1: 7 | B1: FRANKLIN
A2: Age | C2: 0-4 | D2: 5-9 | E2: 10-14 | F2: 15-19 | G2: 20-24 | H2: 25-29 | I2: 30-34 | J2: 35-39 | K2: 40-44 | L2: 45-49 | M2: 50-54 | N2: 55-59 | O2: 60-64 | P2: 65-69 | Q2: 70-74 | R2: 75-79 | S2: 80-84 | T2: 85+ | U2: Total
A3: Female
A4: 2001 | C4: 719 | D4: 888 | E4: 1037 | F4: 1309 | G4: 1198 | H4: 712 | I4: 850 | J4: 1077 | K4: 1191 | L4: 1208 | M4: 1096 | N4: 849 | O4: 669 | P4: 645 | Q4: 577 | R4: 518 | S4: 354 | T4: 414 | U4: =SUM(C4:T4) -> 15311
A5: 2002 | C5: 715 | D5: 856 | E5: 1020 | F5: 1372 | G5: 1237 | H5: 687 | I5: 855 | J5: 1055 | K5: 1218 | L5: 1189 | M5: 1128 | N5: 947 | O5: 687 | P5: 630 | Q5: 598 | R5: 521 | S5: 394 | T5: 400 | U5: =SUM(C5:T5) -> 15509
A6: 2003 | C6: 663 | D6: 815 | E6: 1020 | F6: 1376 | G6: 1182 | H6: 732 | I6: 784 | J6: 1066 | K6: 1169 | L6: 1215 | M6: 1178 | N6: 1007 | O6: 739 | P6: 592 | Q6: 601 | R6: 497 | S6: 375 | T6: 410 | U6: =SUM(C6:T6) -> 15421
A7: 2004 | C7: 652 | D7: 817 | E7: 978 | F7: 1378 | G7: 1195 | H7: 793 | I7: 763 | J7: 976 | K7: 1181 | L7: 1267 | M7: 1189 | N7: 1022 | O7: 833 | P7: 551 | Q7: 588 | R7: 471 | S7: 373 | T7: 421 | U7: =SUM(C7:T7) -> 15448
A8: 2005 | C8: 674 | D8: 785 | E8: 931 | F8: 1363 | G8: 1204 | H8: 819 | I8: 727 | J8: 936 | K8: 1171 | L8: 1281 | M8: 1223 | N8: 1055 | O8: 852 | P8: 594 | Q8: 608 | R8: 482 | S8: 369 | T8: 398 | U8: =SUM(C8:T8) -> 15472
A9: 2006 | C9: 701 | D9: 794 | E9: 934 | F9: 1351 | G9: 1206 | H9: 836 | I9: 696 | J9: 929 | K9: 1136 | L9: 1295 | M9: 1259 | N9: 1138 | O9: 837 | P9: 667 | Q9: 618 | R9: 441 | S9: 392 | T9: 396 | U9: =SUM(C9:T9) -> 15626
A10: 2007 | C10: 718 | D10: 782 | E10: 933 | F10: 1279 | G10: 1229 | H10: 809 | I10: 671 | J10: 911 | K10: 1093 | L10: 1294 | M10: 1273 | N10: 1152 | O10: 912 | P10: 694 | Q10: 611 | R10: 461 | S10: 394 | T10: 382 | U10: =SUM(C10:T10) -> 15598
A11: 2008 | C11: 722 | D11: 780 | E11: 877 | F11: 1329 | G11: 1212 | H11: 764 | I11: 734 | J11: 835 | K11: 1109 | L11: 1250 | M11: 1283 | N11: 1182 | O11: 966 | P11: 737 | Q11: 592 | R11: 476 | S11: 404 | T11: 395 | U11: =SUM(C11:T11) -> 15647
A12: 2009 | C12: 735 | D12: 758 | E12: 876 | F12: 1298 | G12: 1244 | H12: 760 | I12: 746 | J12: 824 | K12: 1017 | L12: 1235 | M12: 1336 | N12: 1199 | O12: 1000 | P12: 831 | Q12: 591 | R12: 481 | S12: 378 | T12: 409 | U12: =SUM(C12:T12) -> 15718
A13: 2010 | C13: 710 | D13: 762 | E13: 831 | F13: 1245 | G13: 1254 | H13: 761 | I13: 750 | J13: 790 | K13: 985 | L13: 1227 | M13: 1337 | N13: 1235 | O13: 1041 | P13: 851 | Q13: 625 | R13: 498 | S13: 375 | T13: 408 | U13: =SUM(C13:T13) -> 15685
A14: 2015 | C14: 723.38533 | D14: 715.99101 | E14: 765.1818 | F14: 1161.641 | G14: 1266.694 | H14: 785.77148 | I14: 743.98792 | J14: 767.51476 | K14: 799.55776 | L14: 998.09931 | M14: 1175.7241 | N14: 1317.3884 | O14: 1216.3861 | P14: 979.94054 | Q14: 774.8281 | R14: 530.28171 | S14: 428.65847 | T14: 441.0227 | U14: =SUM(C14:T14) -> 15592.054
A15: 2020 | C15: 718.42015 | D15: 730.7653 | E15: 721.82598 | F15: 1099.1213 | G15: 1206.837 | H15: 791.23092 | I15: 767.65508 | J15: 763.72356 | K15: 780.47665 | L15: 818.62937 | M15: 958.85705 | N15: 1160.1943 | O15: 1294.9434 | P15: 1144.8379 | Q15: 891.81469 | R15: 657.65585 | S15: 463.33031 | T15: 488.38306 | U15: =SUM(C15:T15) -> 15458.702
... A17: 2030 | C17: 695.54101 | D17: 721.61617 | E17: 735.90051 | F17: 1074.6963 | G17: 1137.162 | H17: 729.91085 | I17: 745.02904 | J17: 790.15373 | K17: 802.9161 | L17: 803.6549 | M17: 776.39578 | N17: 790.52757 | O17: 944.52149 | P17: 1075.5833 | Q17: 1106.6519 | R17: 882.83274 | S17: 664.09837 | T17: 640.21953 | U17: =SUM(C17:T17) -> 15117.411
A19: Male
A20: 2001 | C20: 790 | D20: 907 | E20: 1142 | F20: 1205 | G20: 950 | H20: 711 | I20: 757 | J20: 1055 | K20: 1228 | L20: 1103 | M20: 1073 | N20: 876 | O20: 705 | P20: 577 | Q20: 500 | R20: 381 | S20: 228 | T20: 132 | U20: =SUM(C20:T20) -> 14320
A21: 2002 | C21: 819 | D21: 832 | E21: 1172 | F21: 1243 | G21: 988 | H21: 694 | I21: 777 | J21: 1011 | K21: 1188 | L21: 1144 | M21: 1075 | N21: 944 | O21: 742 | P21: 605 | Q21: 504 | R21: 396 | S21: 250 | T21: 126 | U21: =SUM(C21:T21) -> 14510
A22: 2003 | C22: 811 | D22: 823 | E22: 1146 | F22: 1271 | G22: 1011 | H22: 719 | I22: 736 | J22: 967 | K22: 1168 | L22: 1160 | M22: 1111 | N22: 983 | O22: 815 | P22: 583 | Q22: 515 | R22: 387 | S22: 267 | T22: 132 | U22: =SUM(C22:T22) -> 14605
A23: 2004 | C23: 770 | D23: 845 | E23: 1073 | F23: 1279 | G23: 1046 | H23: 767 | I23: 704 | J23: 923 | K23: 1130 | L23: 1195 | M23: 1181 | N23: 1004 | O23: 856 | P23: 589 | Q23: 504 | R23: 386 | S23: 255 | T23: 141 | U23: =SUM(C23:T23) -> 14648
A24: 2005 | C24: 774 | D24: 837 | E24: 1029 | F24: 1264 | G24: 1080 | H24: 752 | I24: 688 | J24: 897 | K24: 1089 | L24: 1264 | M24: 1177 | N24: 1048 | O24: 885 | P24: 634 | Q24: 537 | R24: 398 | S24: 246 | T24: 155 | U24: =SUM(C24:T24) -> 14754
A25: 2006 | C25: 809 | D25: 858 | E25: 984 | F25: 1259 | G25: 1078 | H25: 788 | I25: 692 | J25: 851 | K25: 1067 | L25: 1270 | M25: 1180 | N25: 1145 | O25: 898 | P25: 678 | Q25: 515 | R25: 404 | S25: 268 | T25: 158 | U25: =SUM(C25:T25) -> 14902
A26: 2007 | C26: 809 | D26: 885 | E26: 940 | F26: 1240 | G26: 1080 | H26: 774 | I26: 672 | J26: 874 | K26: 1000 | L26: 1260 | M26: 1234 | N26: 1126 | O26: 958 | P26: 740 | Q26: 555 | R26: 396 | S26: 288 | T26: 167 | U26: =SUM(C26:T26) -> 14998
A27: 2008 | C27: 813 | D27: 859 | E27: 938 | F27: 1208 | G27: 1081 | H27: 758 | I27: 678 | J27: 856 | K27: 957 | L27: 1265 | M27: 1233 | N27: 1171 | O27: 975 | P27: 786 | Q27: 546 | R27: 429 | S27: 280 | T27: 172 | U27: =SUM(C27:T27) -> 15005
A28: 2009 | C28: 818 | D28: 812 | E28: 960 | F28: 1151 | G28: 1114 | H28: 764 | I28: 679 | J28: 809 | K28: 905 | L28: 1238 | M28: 1257 | N28: 1221 | O28: 1020 | P28: 819 | Q28: 580 | R28: 435 | S28: 288 | T28: 191 | U28: =SUM(C28:T28) -> 15061
A29: 2010 | C29: 790 | D29: 803 | E29: 949 | F29: 1110 | G29: 1119 | H29: 748 | I29: 688 | J29: 782 | K29: 881 | L29: 1178 | M29: 1305 | N29: 1191 | O29: 1056 | P29: 846 | Q29: 616 | R29: 470 | S29: 299 | T29: 195 | U29: =SUM(C29:T29) -> 15026
A30: 2015 | C30: 820.19623 | D30: 781.1633 | E30: 801.1735 | F30: 1114.2029 | G30: 1096.2442 | H30: 844.46401 | I30: 711.78044 | J30: 696.34662 | K30: 782.53954 | L30: 882.92316 | M30: 1109.8374 | N30: 1258.6931 | O30: 1148.9757 | P30: 974.23531 | Q30: 751.03955 | R30: 504.2371 | S30: 373.56587 | T30: 256.96501 | U30: =SUM(C30:T30) -> 14908.583
A31: 2020 | C31: 814.56656 | D31: 810.78442 | E31: 781.12106 | F31: 972.10977 | G31: 1109.9958 | H31: 820.77021 | I31: 796.66209 | J31: 720.77634 | K31: 702.68398 | L31: 789.3031 | M31: 834.95455 | N31: 1073.3129 | O31: 1212.5909 | P31: 1060.1012 | Q31: 864.50698 | R31: 615.16165 | S31: 407.34527 | T31: 317.19711 | U31: =SUM(C31:T31) -> 14703.944
... A33: 2030 | C33: 788.62549 | D33: 799.14809 | E33: 808.47484 | F33: 983.70879 | G33: 992.51736 | H33: 764.97159 | I33: 798.54513 | J33: 780.74419 | K33: 807.62264 | L33: 741.38556 | M33: 680.8537 | N33: 734.04778 | O33: 796.47104 | P33: 957.75386 | Q33: 992.69159 | R33: 771.19003 | S33: 577.14537 | T33: 443.50322 | U33: =SUM(C33:T33) -> 14219.4
A35: Total
A36: 2001 | C36: =C20+C4 -> 1509 | D36: =D20+D4 -> 1795 | E36: =E20+E4 -> 2179 | F36: =F20+F4 -> 2514 | G36: =G20+G4 -> 2148 | H36: =H20+H4 -> 1423 | I36: =I20+I4 -> 1607 | J36: =J20+J4 -> 2132 | ... T36: =T20+T4 -> 546 | U36: =SUM(C36:T36) -> 29631
A37: 2002 | C37: =C21+C5 -> 1534 | D37: =D21+D5 -> 1688 | E37: =E21+E5 -> 2192 | F37: =F21+F5 -> 2615 | G37: =G21+G5 -> 2225 | H37: =H21+H5 -> 1381 | I37: =I21+I5 -> 1632 | J37: =J21+J5 -> 2066 | ... T37: =T21+T5 -> 526 | U37: =SUM(C37:T37) -> 30019
A38: 2003 | C38: =C22+C6 -> 1474 | D38: =D22+D6 -> 1638 | E38: =E22+E6 -> 2166 | F38: =F22+F6 -> 2647 | G38: =G22+G6 -> 2193 | H38: =H22+H6 -> 1451 | I38: =I22+I6 -> 1520 | J38: =J22+J6 -> 2033 | ... T38: =T22+T6 -> 542 | U38: =SUM(C38:T38) -> 30026
A39: 2004 | C39: =C23+C7 -> 1422 | D39: =D23+D7 -> 1662 | E39: =E23+E7 -> 2051 | F39: =F23+F7 -> 2657 | G39: =G23+G7 -> 2241 | H39: =H23+H7 -> 1560 | I39: =I23+I7 -> 1467 | J39: =J23+J7 -> 1899 | ... T39: =T23+T7 -> 562 | U39: =SUM(C39:T39) -> 30096
A40: 2005 | C40: =C24+C8 -> 1448 | D40: =D24+D8 -> 1622 | E40: =E24+E8 -> 1960 | F40: =F24+F8 -> 2627 | G40: =G24+G8 -> 2284 | H40: =H24+H8 -> 1571 | I40: =I24+I8 -> 1415 | J40: =J24+J8 -> 1833 | ... T40: =T24+T8 -> 553 | U40: =SUM(C40:T40) -> 30226
A41: 2006 | C41: =C25+C9 -> 1510 | D41: =D25+D9 -> 1652 | E41: =E25+E9 -> 1918 | F41: =F25+F9 -> 2610 | G41: =G25+G9 -> 2284 | H41: =H25+H9 -> 1624 | I41: =I25+I9 -> 1388 | J41: =J25+J9 -> 1780 | ... T41: =T25+T9 -> 554 | U41: =SUM(C41:T41) -> 30528
A42: 2007 | C42: =C26+C10 -> 1527 | D42: =D26+D10 -> 1667 | E42: =E26+E10 -> 1873 | F42: =F26+F10 -> 2519 | G42: =G26+G10 -> 2309 | H42: =H26+H10 -> 1583 | I42: =I26+I10 -> 1343 | J42: =J26+J10 -> 1785 | ... T42: =T26+T10 -> 549 | U42: =SUM(C42:T42) -> 30596
A43: 2008 | C43: =C27+C11 -> 1535 | D43: =D27+D11 -> 1639 | E43: =E27+E11 -> 1815 | F43: =F27+F11 -> 2537 | G43: =G27+G11 -> 2293 | H43: =H27+H11 -> 1522 | I43: =I27+I11 -> 1412 | J43: =J27+J11 -> 1691 | ... T43: =T27+T11 -> 567 | U43: =SUM(C43:T43) -> 30652
A44: 2009 | C44: =C28+C12 -> 1553 | D44: =D28+D12 -> 1570 | E44: =E28+E12 -> 1836 | F44: =F28+F12 -> 2449 | G44: =G28+G12 -> 2358 | H44: =H28+H12 -> 1524 | I44: =I28+I12 -> 1425 | J44: =J28+J12 -> 1633 | ... T44: =T28+T12 -> 600 | U44: =SUM(C44:T44) -> 30779
A45: 2010 | C45: =C29+C13 -> 1500 | D45: =D29+D13 -> 1565 | E45: =E29+E13 -> 1780 | F45: =F29+F13 -> 2355 | G45: =G29+G13 -> 2373 | H45: =H29+H13 -> 1509 | I45: =I29+I13 -> 1438 | J45: =J29+J13 -> 1572 | ... T45: =T29+T13 -> 603 | U45: =SUM(C45:T45) -> 30711
A46: 2015 | C46: =C30+C14 -> 1543.5816 | D46: =D30+D14 -> 1497.1543 | E46: =E30+E14 -> 1566.3553 | F46: =F30+F14 -> 2275.8439 | G46: =G30+G14 -> 2362.9382 | H46: =H30+H14 -> 1630.2355 | I46: =I30+I14 -> 1455.7684 | J46: =J30+J14 -> 1463.8614 | ... T46: =T30+T14 -> 697.98771 | U46: =SUM(C46:T46) -> 30500.637
A47: 2020 | C47: =C31+C15 -> 1532.9867 | D47: =D31+D15 -> 1541.5497 | E47: =E31+E15 -> 1502.947 | F47: =F31+F15 -> 2071.2311 | G47: =G31+G15 -> 2316.8328 | H47: =H31+H15 -> 1612.0011 | I47: =I31+I15 -> 1564.3172 | J47: =J31+J15 -> 1484.4999 | ... T47: =T31+T15 -> 805.58017 | U47: =SUM(C47:T47) -> 30162.646
... A49: 2030 | C49: =C33+C17 -> 1484.1665 | D49: =D33+D17 -> 1520.7643 | E49: =E33+E17 -> 1544.3753 | F49: =F33+F17 -> 2058.4051 | G49: =G33+G17 -> 2129.6793 | H49: =H33+H17 -> 1494.8824 | I49: =I33+I17 -> 1543.5742 | J49: =J33+J17 -> 1570.8979 | ... T49: =T33+T17 -> 1083.7228 | U49: =SUM(C49:T49) -> 29336.812

Sheet 09
A1: 9 | B1: HANCOCK
A2: Age | C2: 0-4 | D2: 5-9 | E2: 10-14 | F2: 15-19 | G2: 20-24 | H2: 25-29 | I2: 30-34 | J2: 35-39 | K2: 40-44 | L2: 45-49 | M2: 50-54 | N2: 55-59 | O2: 60-64 | P2: 65-69 | Q2: 70-74 | R2: 75-79 | S2: 80-84 | T2: 85+ | U2: Total
A3: Female
A4: 2001 | C4: 1168 | D4: 1441 | E4: 1688 | F4: 1726 | G4: 1214 | H4: 1193 | I4: 1655 | J4: 2011 | K4: 2282 | L4: 2251 | M4: 2228 | N4: 1697 | O4: 1296 | P4: 1163 | Q4: 1163 | R4: 948 | S4: 705 | T4: 785 | U4: =SUM(C4:T4) -> 26614
A5: 2002 | C5: 1138 | D5: 1376 | E5: 1632 | F5: 1725 | G5: 1251 | H5: 1174 | I5: 1609 | J5: 1900 | K5: 2286 | L5: 2291 | M5: 2272 | N5: 1839 | O5: 1399 | P5: 1170 | Q5: 1168 | R5: 942 | S5: 716 | T5: 768 | U5: =SUM(C5:T5) -> 26656
A6: 2003 | C6: 1171 | D6: 1346 | E6: 1630 | F6: 1703 | G6: 1339 | H6: 1204 | I6: 1537 | J6: 1885 | K6: 2303 | L6: 2316 | M6: 2286 | N6: 1990 | O6: 1496 | P6: 1183 | Q6: 1146 | R6: 969 | S6: 737 | T6: 784 | U6: =SUM(C6:T6) -> 27025
A7: 2004 | C7: 1201 | D7: 1318 | E7: 1580 | F7: 1697 | G7: 1345 | H7: 1279 | I7: 1509 | J7: 1867 | K7: 2249 | L7: 2299 | M7: 2376 | N7: 2075 | O7: 1616 | P7: 1225 | Q7: 1135 | R7: 981 | S7: 723 | T7: 795 | U7: =SUM(C7:T7) -> 27270
A8: 2005 | C8: 1211 | D8: 1302 | E8: 1540 | F8: 1674 | G8: 1384 | H8: 1290 | I8: 1432 | J8: 1806 | K8: 2170 | L8: 2340 | M8: 2382 | N8: 2217 | O8: 1696 | P8: 1235 | Q8: 1134 | R8: 991 | S8: 713 | T8: 825 | U8: =SUM(C8:T8) -> 27342
A9: 2006 | C9: 1256 | D9: 1266 | E9: 1508 | F9: 1640 | G9: 1388 | H9: 1256 | I9: 1381 | J9: 1802 | K9: 2139 | L9: 2334 | M9: 2392 | N9: 2345 | O9: 1768 | P9: 1280 | Q9: 1163 | R9: 1002 | S9: 739 | T9: 836 | U9: =SUM(C9:T9) -> 27495
A10: 2007 | C10: 1294 | D10: 1250 | E10: 1484 | F10: 1596 | G10: 1404 | H10: 1280 | I10: 1327 | J10: 1765 | K10: 2019 | L10: 2352 | M10: 2448 | N10: 2384 | O10: 1924 | P10: 1360 | Q10: 1151 | R10: 1006 | S10: 760 | T10: 859 | U10: =SUM(C10:T10) -> 27663
A11: 2008 | C11: 1285 | D11: 1282 | E11: 1468 | F11: 1570 | G11: 1407 | H11: 1288 | I11: 1330 | J11: 1663 | K11: 1946 | L11: 2331 | M11: 2458 | N11: 2382 | O11: 2069 | P11: 1479 | Q11: 1149 | R11: 1008 | S11: 792 | T11: 864 | U11: =SUM(C11:T11) -> 27771
A12: 2009 | C12: 1253 | D12: 1304 | E12: 1395 | F12: 1551 | G12: 1434 | H12: 1278 | I12: 1353 | J12: 1607 | K12: 1899 | L12: 2285 | M12: 2437 | N12: 2445 | O12: 2177 | P12: 1597 | Q12: 1168 | R12: 979 | S12: 817 | T12: 836 | U12: =SUM(C12:T12) -> 27815
A13: 2010 | C13: 1304 | D13: 1291 | E13: 1357 | F13: 1478 | G13: 1381 | H13: 1307 | I13: 1358 | J13: 1547 | K13: 1796 | L13: 2225 | M13: 2433 | N13: 2459 | O13: 2291 | P13: 1672 | Q13: 1182 | R13: 971 | S13: 823 | T13: 872 | U13: =SUM(C13:T13) -> 27747
A14: 2015 | C14: 1161.7542 | D14: 1247.6635 | E14: 1317.1656 | F14: 1382.6692 | G14: 1449.1003 | H14: 1304.482 | I14: 1291.5144 | J14: 1299.3882 | K14: 1510.3618 | L14: 1831.3037 | M14: 2168.178 | N14: 2395.093 | O14: 2453.497 | P14: 2141.998 | Q14: 1557.529 | R14: 1042.7798 | S14: 796.64178 | T14: 945.9081 | U14: =SUM(C14:T14) -> 27297.027
A15: 2020 | C15: 1142.3603 | D15: 1121.4467 | E15: 1277.3927 | F15: 1346.143 | G15: 1379.1191 | H15: 1356.6625 | I15: 1292.8294 | J15: 1241.5156 | K15: 1285.182 | L15: 1556.9216 | M15: 1789.9505 | N15: 2136.5326 | O15: 2393.1177 | P15: 2295.6964 | Q15: 1992.7677 | R15: 1373.5817 | S15: 859.07973 | T15: 966.99258 | U15: =SUM(C15:T15) -> 26807.292
... A17: 2030 | C17: 1122.5183 | D17: 1100.0631 | E17: 1142.6004 | F17: 1193.9828 | G17: 1335.6434 | H17: 1299.3068 | I17: 1303.8143 | J17: 1282.5188 | K17: 1239.6264 | L17: 1302.5159 | M17: 1329.09 | N17: 1522.7588 | O17: 1786.309 | P17: 2004.3529 | Q17: 2086.705 | R17: 1881.9439 | S17: 1438.9398 | T17: 1221.4536 | U17: =SUM(C17:T17) -> 25594.143
A19: Male
A20: 2001 | C20: 1319 | D20: 1478 | E20: 1972 | F20: 1926 | G20: 1381 | H20: 1254 | I20: 1517 | J20: 1880 | K20: 2122 | L20: 2122 | M20: 2174 | N20: 1600 | O20: 1172 | P20: 1093 | Q20: 981 | R20: 722 | S20: 483 | T20: 299 | U20: =SUM(C20:T20) -> 25495
A21: 2002 | C21: 1283 | D21: 1418 | E21: 1957 | F21: 1954 | G21: 1482 | H21: 1180 | I21: 1500 | J21: 1772 | K21: 2092 | L21: 2187 | M21: 2140 | N21: 1834 | O21: 1238 | P21: 1111 | Q21: 995 | R21: 730 | S21: 489 | T21: 309 | U21: =SUM(C21:T21) -> 25671
A22: 2003 | C22: 1316 | D22: 1381 | E22: 1876 | F22: 2011 | G22: 1533 | H22: 1160 | I22: 1495 | J22: 1732 | K22: 2095 | L22: 2200 | M22: 2143 | N22: 1977 | O22: 1373 | P22: 1107 | Q22: 1008 | R22: 760 | S22: 521 | T22: 317 | U22: =SUM(C22:T22) -> 26005
A23: 2004 | C23: 1270 | D23: 1396 | E23: 1813 | F23: 2020 | G23: 1661 | H23: 1172 | I23: 1471 | J23: 1674 | K23: 2083 | L23: 2249 | M23: 2214 | N23: 2034 | O23: 1501 | P23: 1145 | Q23: 1010 | R23: 793 | S23: 480 | T23: 357 | U23: =SUM(C23:T23) -> 26343
A24: 2005 | C24: 1278 | D24: 1351 | E24: 1681 | F24: 2060 | G24: 1682 | H24: 1211 | I24: 1402 | J24: 1621 | K24: 2032 | L24: 2231 | M24: 2228 | N24: 2191 | O24: 1593 | P24: 1166 | Q24: 1000 | R24: 822 | S24: 461 | T24: 393 | U24: =SUM(C24:T24) -> 26403
A25: 2006 | C25: 1294 | D25: 1389 | E25: 1564 | F25: 2055 | G25: 1684 | H25: 1196 | I25: 1360 | J25: 1616 | K25: 1990 | L25: 2241 | M25: 2259 | N25: 2304 | O25: 1676 | P25: 1193 | Q25: 998 | R25: 831 | S25: 479 | T25: 385 | U25: =SUM(C25:T25) -> 26514
A26: 2007 | C26: 1328 | D26: 1386 | E26: 1487 | F26: 2025 | G26: 1670 | H26: 1236 | I26: 1301 | J26: 1593 | K26: 1875 | L26: 2222 | M26: 2302 | N26: 2274 | O26: 1903 | P26: 1270 | Q26: 1026 | R26: 824 | S26: 514 | T26: 401 | U26: =SUM(C26:T26) -> 26637
A27: 2008 | C27: 1301 | D27: 1382 | E27: 1450 | F27: 1938 | G27: 1635 | H27: 1264 | I27: 1282 | J27: 1567 | K27: 1793 | L27: 2179 | M27: 2320 | N27: 2261 | O27: 2038 | P27: 1401 | Q27: 1022 | R27: 818 | S27: 536 | T27: 413 | U27: =SUM(C27:T27) -> 26600
A28: 2009 | C28: 1308 | D28: 1374 | E28: 1426 | F28: 1881 | G28: 1650 | H28: 1290 | I28: 1294 | J28: 1507 | K28: 1711 | L28: 2175 | M28: 2342 | N28: 2337 | O28: 2058 | P28: 1518 | Q28: 1039 | R28: 826 | S28: 565 | T28: 383 | U28: =SUM(C28:T28) -> 26684
A29: 2010 | C29: 1283 | D29: 1354 | E29: 1423 | F29: 1790 | G29: 1602 | H29: 1344 | I29: 1291 | J29: 1452 | K29: 1654 | L29: 2093 | M29: 2313 | N29: 2345 | O29: 2184 | P29: 1601 | Q29: 1053 | R29: 828 | S29: 586 | T29: 417 | U29: =SUM(C29:T29) -> 26613
A30: 2015 | C30: 1232.7454 | D30: 1192.2862 | E30: 1370.8403 | F30: 1438.8905 | G30: 1700.3406 | H30: 1451.9149 | I30: 1279.908 | J30: 1196.81 | K30: 1389.6205 | L30: 1674.592 | M30: 1997.0302 | N30: 2233.4511 | O30: 2300.3915 | P30: 1958.0143 | Q30: 1406.5995 | R30: 881.96858 | S30: 611.05902 | T30: 492.30429 | U30: =SUM(C30:T30) -> 25808.767
A31: 2020 | C31: 1212.1664 | D31: 1150.8187 | E31: 1216.5239 | F31: 1390.7253 | G31: 1414.5558 | H31: 1525.4929 | I31: 1374.4089 | J31: 1189.8111 | K31: 1164.2258 | L31: 1425.0648 | M31: 1604.3995 | N31: 1933.0647 | O31: 2196.8737 | P31: 2065.2492 | Q31: 1718.6155 | R31: 1177.5689 | S31: 655.28452 | T31: 537.93014 | U31: =SUM(C31:T31) -> 24952.78
... A33: 2030 | C33: 1191.1119 | D33: 1128.8753 | E33: 1164.6721 | F33: 1209.3139 | G33: 1268.3027 | H33: 1290.758 | I33: 1258.2759 | J33: 1323.9745 | K33: 1240.3374 | L33: 1220.2061 | M33: 1181.3775 | N33: 1347.3744 | O33: 1558.8165 | P33: 1720.3053 | Q33: 1736.8423 | R33: 1518.4806 | S33: 1063.4981 | T33: 728.12264 | U33: =SUM(C33:T33) -> 23150.645
A35: Total
A36: 2001 | C36: =C20+C4 -> 2487 | D36: =D20+D4 -> 2919 | E36: =E20+E4 -> 3660 | F36: =F20+F4 -> 3652 | G36: =G20+G4 -> 2595 | H36: =H20+H4 -> 2447 | I36: =I20+I4 -> 3172 | J36: =J20+J4 -> 3891 | ... T36: =T20+T4 -> 1084 | U36: =SUM(C36:T36) -> 52109
A37: 2002 | C37: =C21+C5 -> 2421 | D37: =D21+D5 -> 2794 | E37: =E21+E5 -> 3589 | F37: =F21+F5 -> 3679 | G37: =G21+G5 -> 2733 | H37: =H21+H5 -> 2354 | I37: =I21+I5 -> 3109 | J37: =J21+J5 -> 3672 | ... T37: =T21+T5 -> 1077 | U37: =SUM(C37:T37) -> 52327
A38: 2003 | C38: =C22+C6 -> 2487 | D38: =D22+D6 -> 2727 | E38: =E22+E6 -> 3506 | F38: =F22+F6 -> 3714 | G38: =G22+G6 -> 2872 | H38: =H22+H6 -> 2364 | I38: =I22+I6 -> 3032 | J38: =J22+J6 -> 3617 | ... T38: =T22+T6 -> 1101 | U38: =SUM(C38:T38) -> 53030
A39: 2004 | C39: =C23+C7 -> 2471 | D39: =D23+D7 -> 2714 | E39: =E23+E7 -> 3393 | F39: =F23+F7 -> 3717 | G39: =G23+G7 -> 3006 | H39: =H23+H7 -> 2451 | I39: =I23+I7 -> 2980 | J39: =J23+J7 -> 3541 | ... T39: =T23+T7 -> 1152 | U39: =SUM(C39:T39) -> 53613
A40: 2005 | C40: =C24+C8 -> 2489 | D40: =D24+D8 -> 2653 | E40: =E24+E8 -> 3221 | F40: =F24+F8 -> 3734 | G40: =G24+G8 -> 3066 | H40: =H24+H8 -> 2501 | I40: =I24+I8 -> 2834 | J40: =J24+J8 -> 3427 | ... T40: =T24+T8 -> 1218 | U40: =SUM(C40:T40) -> 53745
A41: 2006 | C41: =C25+C9 -> 2550 | D41: =D25+D9 -> 2655 | E41: =E25+E9 -> 3072 | F41: =F25+F9 -> 3695 | G41: =G25+G9 -> 3072 | H41: =H25+H9 -> 2452 | I41: =I25+I9 -> 2741 | J41: =J25+J9 -> 3418 | ... T41: =T25+T9 -> 1221 | U41: =SUM(C41:T41) -> 54009
A42: 2007 | C42: =C26+C10 -> 2622 | D42: =D26+D10 -> 2636 | E42: =E26+E10 -> 2971 | F42: =F26+F10 -> 3621 | G42: =G26+G10 -> 3074 | H42: =H26+H10 -> 2516 | I42: =I26+I10 -> 2628 | J42: =J26+J10 -> 3358 | ... T42: =T26+T10 -> 1260 | U42: =SUM(C42:T42) -> 54300
A43: 2008 | C43: =C27+C11 -> 2586 | D43: =D27+D11 -> 2664 | E43: =E27+E11 -> 2918 | F43: =F27+F11 -> 3508 | G43: =G27+G11 -> 3042 | H43: =H27+H11 -> 2552 | I43: =I27+I11 -> 2612 | J43: =J27+J11 -> 3230 | ... T43: =T27+T11 -> 1277 | U43: =SUM(C43:T43) -> 54371
A44: 2009 | C44: =C28+C12 -> 2561 | D44: =D28+D12 -> 2678 | E44: =E28+E12 -> 2821 | F44: =F28+F12 -> 3432 | G44: =G28+G12 -> 3084 | H44: =H28+H12 -> 2568 | I44: =I28+I12 -> 2647 | J44: =J28+J12 -> 3114 | ... T44: =T28+T12 -> 1219 | U44: =SUM(C44:T44) -> 54499
A45: 2010 | C45: =C29+C13 -> 2587 | D45: =D29+D13 -> 2645 | E45: =E29+E13 -> 2780 | F45: =F29+F13 -> 3268 | G45: =G29+G13 -> 2983 | H45: =H29+H13 -> 2651 | I45: =I29+I13 -> 2649 | J45: =J29+J13 -> 2999 | ... T45: =T29+T13 -> 1289 | U45: =SUM(C45:T45) -> 54360
A46: 2015 | C46: =C30+C14 -> 2394.4996 | D46: =D30+D14 -> 2439.9497 | E46: =E30+E14 -> 2688.0059 | F46: =F30+F14 -> 2821.5597 | G46: =G30+G14 -> 3149.4409 | H46: =H30+H14 -> 2756.3968 | I46: =I30+I14 -> 2571.4224 | J46: =J30+J14 -> 2496.1982 | ... T46: =T30+T14 -> 1438.2124 | U46: =SUM(C46:T46) -> 53105.794
A47: 2020 | C47: =C31+C15 -> 2354.5266 | D47: =D31+D15 -> 2272.2654 | E47: =E31+E15 -> 2493.9166 | F47: =F31+F15 -> 2736.8683 | G47: =G31+G15 -> 2793.6749 | H47: =H31+H15 -> 2882.1554 | I47: =I31+I15 -> 2667.2383 | J47: =J31+J15 -> 2431.3267 | ... T47: =T31+T15 -> 1504.9227 | U47: =SUM(C47:T47) -> 51760.071
... A49: 2030 | C49: =C33+C17 -> 2313.6302 | D49: =D33+D17 -> 2228.9384 | E49: =E33+E17 -> 2307.2725 | F49: =F33+F17 -> 2403.2967 | G49: =G33+G17 -> 2603.9461 | H49: =H33+H17 -> 2590.0649 | I49: =I33+I17 -> 2562.0903 | J49: =J33+J17 -> 2606.4933 | ... T49: =T33+T17 -> 1949.5762 | U49: =SUM(C49:T49) -> 48744.788

Sheet 11
A1: 11 | B1: KENNEBEC
A2: Age | C2: 0-4 | D2: 5-9 | E2: 10-14 | F2: 15-19 | G2: 20-24 | H2: 25-29 | I2: 30-34 | J2: 35-39 | K2: 40-44 | L2: 45-49 | M2: 50-54 | N2: 55-59 | O2: 60-64 | P2: 65-69 | Q2: 70-74 | R2: 75-79 | S2: 80-84 | T2: 85+ | U2: Total
A3: Female
A4: 2001 | C4: 3247 | D4: 3565 | E4: 4184 | F4: 4379 | G4: 3339 | H4: 3096 | I4: 3906 | J4: 4734 | K4: 5288 | L4: 4953 | M4: 4460 | N4: 3290 | O4: 2610 | P4: 2379 | Q4: 2325 | R4: 2060 | S4: 1496 | T4: 1509 | U4: =SUM(C4:T4) -> 60820
A5: 2002 | C5: 3243 | D5: 3472 | E5: 4187 | F5: 4327 | G5: 3484 | H5: 3050 | I5: 3784 | J5: 4556 | K5: 5299 | L5: 5068 | M5: 4498 | N5: 3546 | O5: 2694 | P5: 2390 | Q5: 2277 | R5: 2117 | S5: 1507 | T5: 1533 | U5: =SUM(C5:T5) -> 61032
A6: 2003 | C6: 3253 | D6: 3485 | E6: 4096 | F6: 4363 | G6: 3607 | H6: 3052 | I6: 3695 | J6: 4459 | K6: 5271 | L6: 5225 | M6: 4578 | N6: 3760 | O6: 2816 | P6: 2449 | Q6: 2180 | R6: 2170 | S6: 1508 | T6: 1520 | U6: =SUM(C6:T6) -> 61487
A7: 2004 | C7: 3269 | D7: 3540 | E7: 4040 | F7: 4291 | G7: 3680 | H7: 3135 | I7: 3556 | J7: 4400 | K7: 5244 | L7: 5252 | M7: 4722 | N7: 3946 | O7: 3008 | P7: 2464 | Q7: 2149 | R7: 2147 | S7: 1532 | T7: 1496 | U7: =SUM(C7:T7) -> 61871
A8: 2005 | C8: 3223 | D8: 3524 | E8: 3950 | F8: 4366 | G8: 3710 | H8: 3167 | I8: 3488 | J8: 4278 | K8: 5112 | L8: 5341 | M8: 4892 | N8: 4165 | O8: 3177 | P8: 2484 | Q8: 2136 | R8: 2076 | S8: 1611 | T8: 1520 | U8: =SUM(C8:T8) -> 62220
A9: 2006 | C9: 3172 | D9: 3590 | E9: 3776 | F9: 4309 | G9: 3764 | H9: 3178 | I9: 3489 | J9: 4204 | K9: 4912 | L9: 5392 | M9: 5033 | N9: 4451 | O9: 3253 | P9: 2571 | Q9: 2129 | R9: 2052 | S9: 1628 | T9: 1586 | U9: =SUM(C9:T9) -> 62489
A10: 2007 | C10: 3178 | D10: 3545 | E10: 3711 | F10: 4213 | G10: 3684 | H10: 3289 | I10: 3393 | J10: 4095 | K10: 4757 | L10: 5388 | M10: 5130 | N10: 4557 | O10: 3483 | P10: 2647 | Q10: 2164 | R10: 2013 | S10: 1664 | T10: 1612 | U10: =SUM(C10:T10) -> 62523
A11: 2008 | C11: 3151 | D11: 3512 | E11: 3641 | F11: 4148 | G11: 3693 | H11: 3376 | I11: 3345 | J11: 3957 | K11: 4593 | L11: 5336 | M11: 5293 | N11: 4644 | O11: 3700 | P11: 2746 | Q11: 2252 | R11: 1910 | S11: 1700 | T11: 1686 | U11: =SUM(C11:T11) -> 62683
A12: 2009 | C12: 3076 | D12: 3445 | E12: 3651 | F12: 4053 | G12: 3596 | H12: 3352 | I12: 3373 | J12: 3808 | K12: 4475 | L12: 5233 | M12: 5338 | N12: 4749 | O12: 3940 | P12: 2898 | Q12: 2237 | R12: 1900 | S12: 1714 | T12: 1729 | U12: =SUM(C12:T12) -> 62567
A13: 2010 | C13: 3062 | D13: 3381 | E13: 3564 | F13: 3928 | G13: 3611 | H13: 3419 | I13: 3361 | J13: 3732 | K13: 4357 | L13: 5118 | M13: 5380 | N13: 4869 | O13: 4156 | P13: 3021 | Q13: 2267 | R13: 1914 | S13: 1678 | T13: 1788 | U13: =SUM(C13:T13) -> 62606
A14: 2015 | C14: 3031.7591 | D14: 3101.2343 | E14: 3424.7986 | F14: 3602.4625 | G14: 3723.5822 | H14: 3452.6853 | I14: 3452.2327 | J14: 3494.2343 | K14: 3711.1184 | L14: 4391.383 | M14: 5063.1345 | N14: 5263.7871 | O14: 4700.2992 | P14: 3974.5828 | Q14: 2724.9744 | R14: 1976.1086 | S14: 1482.6116 | T14: 1812.4471 | U14: =SUM(C14:T14) -> 62383.436
A15: 2020 | C15: 3021.0096 | D15: 3080.0528 | E15: 3162.2661 | F15: 3475.4456 | G15: 3453.0832 | H15: 3541.0259 | I15: 3491.9931 | J15: 3596.5492 | K15: 3501.5636 | L15: 3773.0589 | M15: 4365.7821 | N15: 4951.8633 | O15: 5072.6888 | P15: 4493.1878 | Q15: 3575.3083 | R15: 2379.2131 | S15: 1535.5488 | T15: 1714.169 | U15: =SUM(C15:T15) -> 62183.809
... A17: 2030 | C17: 2894.608 | D17: 3035.1915 | E17: 3149.0521 | F17: 3224.2066 | G17: 3151.9636 | H17: 3264.5364 | I17: 3400.6014 | J17: 3703.5076 | K17: 3658.1542 | L17: 3699.5232 | M17: 3618.8969 | N17: 3729.3173 | O17: 4140.444 | P17: 4553.1954 | Q17: 4350.833 | R17: 3515.6113 | S17: 2414.5723 | T17: 1895.0565 | U17: =SUM(C17:T17) -> 61399.271
A19: Male
A20: 2001 | C20: 3218 | D20: 3839 | E20: 4444 | F20: 4545 | G20: 3304 | H20: 2893 | I20: 3713 | J20: 4416 | K20: 4957 | L20: 4687 | M20: 4443 | N20: 3352 | O20: 2414 | P20: 2170 | Q20: 1812 | R20: 1500 | S20: 895 | T20: 602 | U20: =SUM(C20:T20) -> 57204
A21: 2002 | C21: 3211 | D21: 3726 | E21: 4401 | F21: 4598 | G21: 3452 | H21: 2808 | I21: 3662 | J21: 4295 | K21: 4869 | L21: 4863 | M21: 4456 | N21: 3633 | O21: 2559 | P21: 2165 | Q21: 1850 | R21: 1461 | S21: 932 | T21: 638 | U21: =SUM(C21:T21) -> 57579
A22: 2003 | C22: 3209 | D22: 3636 | E22: 4368 | F22: 4611 | G22: 3614 | H22: 2833 | I22: 3580 | J22: 4265 | K22: 4747 | L22: 5045 | M22: 4466 | N22: 3797 | O22: 2764 | P22: 2177 | Q22: 1832 | R22: 1462 | S22: 991 | T22: 654 | U22: =SUM(C22:T22) -> 58051
A23: 2004 | C23: 3284 | D23: 3629 | E23: 4386 | F23: 4547 | G23: 3648 | H23: 2919 | I23: 3470 | J23: 4155 | K23: 4706 | L23: 5062 | M23: 4546 | N23: 3973 | O23: 2958 | P23: 2207 | Q23: 1809 | R23: 1473 | S23: 1014 | T23: 646 | U23: =SUM(C23:T23) -> 58432
A24: 2005 | C24: 3281 | D24: 3595 | E24: 4242 | F24: 4568 | G24: 3697 | H24: 2913 | I24: 3379 | J24: 4190 | K24: 4602 | L24: 5073 | M24: 4654 | N24: 4241 | O24: 3087 | P24: 2235 | Q24: 1825 | R24: 1461 | S24: 1025 | T24: 669 | U24: =SUM(C24:T24) -> 58737
A25: 2006 | C25: 3270 | D25: 3540 | E25: 4152 | F25: 4517 | G25: 3708 | H25: 3003 | I25: 3233 | J25: 4105 | K25: 4556 | L25: 5118 | M25: 4768 | N25: 4451 | O25: 3233 | P25: 2219 | Q25: 1851 | R25: 1493 | S25: 1067 | T25: 735 | U25: =SUM(C25:T25) -> 59019
A26: 2007 | C26: 3264 | D26: 3591 | E26: 3935 | F26: 4487 | G26: 3723 | H26: 3090 | I26: 3137 | J26: 3981 | K26: 4470 | L26: 5027 | M26: 4923 | N26: 4495 | O26: 3524 | P26: 2332 | Q26: 1862 | R26: 1543 | S26: 1042 | T26: 792 | U26: =SUM(C26:T26) -> 59218
A27: 2008 | C27: 3334 | D27: 3529 | E27: 3834 | F27: 4385 | G27: 3701 | H27: 3178 | I27: 3159 | J27: 3813 | K27: 4400 | L27: 4983 | M27: 5084 | N27: 4509 | O27: 3699 | P27: 2547 | Q27: 1874 | R27: 1549 | S27: 1037 | T27: 849 | U27: =SUM(C27:T27) -> 59464
A28: 2009 | C28: 3272 | D28: 3506 | E28: 3789 | F28: 4319 | G28: 3647 | H28: 3144 | I28: 3261 | J28: 3720 | K28: 4195 | L28: 4941 | M28: 5085 | N28: 4591 | O28: 3914 | P28: 2715 | Q28: 1915 | R28: 1561 | S28: 1082 | T28: 860 | U28: =SUM(C28:T28) -> 59517
A29: 2010 | C29: 3249 | D29: 3443 | E29: 3725 | F29: 4136 | G29: 3597 | H29: 3248 | I29: 3307 | J29: 3532 | K29: 4155 | L29: 4822 | M29: 5141 | N29: 4686 | O29: 4133 | P29: 2809 | Q29: 1968 | R29: 1597 | S29: 1078 | T29: 899 | U29: =SUM(C29:T29) -> 59525
A30: 2015 | C30: 3099.1617 | D30: 3273.3382 | E30: 3473.9057 | F30: 3749.3618 | G30: 3884.9113 | H30: 3384.7064 | I30: 3247.4691 | J30: 3422.1448 | K30: 3503.3384 | L30: 4172.0153 | M30: 4728.5393 | N30: 4947.9772 | O30: 4435.2731 | P30: 3842.612 | Q30: 2421.1837 | R30: 1633.9799 | S30: 1121.7235 | T30: 949.74751 | U30: =SUM(C30:T30) -> 59291.389
A31: 2020 | C31: 3088.1731 | D31: 3139.1537 | E31: 3317.8846 | F31: 3514.6355 | G31: 3560.6702 | H31: 3617.2391 | I31: 3377.3285 | J31: 3383.0847 | K31: 3415.9059 | L31: 3552.6741 | M31: 4111.6286 | N31: 4553.365 | O31: 4678.3486 | P31: 4127.7737 | Q31: 3299.7118 | R31: 2013.4893 | S31: 1153.2213 | T31: 996.56806 | U31: =SUM(C31:T31) -> 58900.856
... A33: 2030 | C33: 2958.9614 | D33: 3092.7393 | E33: 3195.2095 | F33: 3260.8389 | G33: 3255.2734 | H33: 3218.463 | I33: 3373.1887 | J33: 3684.4258 | K33: 3515.3782 | L33: 3468.0958 | M33: 3486.0398 | N33: 3434.6161 | O33: 3771.3513 | P33: 4008.6526 | Q33: 3736.7142 | R33: 2939.3893 | S33: 1922.0502 | T33: 1209.3103 | U33: =SUM(C33:T33) -> 57530.698
A35: Total
A36: 2001 | C36: =C20+C4 -> 6465 | D36: =D20+D4 -> 7404 | E36: =E20+E4 -> 8628 | F36: =F20+F4 -> 8924 | G36: =G20+G4 -> 6643 | H36: =H20+H4 -> 5989 | I36: =I20+I4 -> 7619 | J36: =J20+J4 -> 9150 | ... T36: =T20+T4 -> 2111 | U36: =SUM(C36:T36) -> 118024
A37: 2002 | C37: =C21+C5 -> 6454 | D37: =D21+D5 -> 7198 | E37: =E21+E5 -> 8588 | F37: =F21+F5 -> 8925 | G37: =G21+G5 -> 6936 | H37: =H21+H5 -> 5858 | I37: =I21+I5 -> 7446 | J37: =J21+J5 -> 8851 | ... T37: =T21+T5 -> 2171 | U37: =SUM(C37:T37) -> 118611
A38: 2003 | C38: =C22+C6 -> 6462 | D38: =D22+D6 -> 7121 | E38: =E22+E6 -> 8464 | F38: =F22+F6 -> 8974 | G38: =G22+G6 -> 7221 | H38: =H22+H6 -> 5885 | I38: =I22+I6 -> 7275 | J38: =J22+J6 -> 8724 | ... T38: =T22+T6 -> 2174 | U38: =SUM(C38:T38) -> 119538
A39: 2004 | C39: =C23+C7 -> 6553 | D39: =D23+D7 -> 7169 | E39: =E23+E7 -> 8426 | F39: =F23+F7 -> 8838 | G39: =G23+G7 -> 7328 | H39: =H23+H7 -> 6054 | I39: =I23+I7 -> 7026 | J39: =J23+J7 -> 8555 | ... T39: =T23+T7 -> 2142 | U39: =SUM(C39:T39) -> 120303
A40: 2005 | C40: =C24+C8 -> 6504 | D40: =D24+D8 -> 7119 | E40: =E24+E8 -> 8192 | F40: =F24+F8 -> 8934 | G40: =G24+G8 -> 7407 | H40: =H24+H8 -> 6080 | I40: =I24+I8 -> 6867 | J40: =J24+J8 -> 8468 | ... T40: =T24+T8 -> 2189 | U40: =SUM(C40:T40) -> 120957
A41: 2006 | C41: =C25+C9 -> 6442 | D41: =D25+D9 -> 7130 | E41: =E25+E9 -> 7928 | F41: =F25+F9 -> 8826 | G41: =G25+G9 -> 7472 | H41: =H25+H9 -> 6181 | I41: =I25+I9 -> 6722 | J41: =J25+J9 -> 8309 | ... T41: =T25+T9 -> 2321 | U41: =SUM(C41:T41) -> 121508
A42: 2007 | C42: =C26+C10 -> 6442 | D42: =D26+D10 -> 7136 | E42: =E26+E10 -> 7646 | F42: =F26+F10 -> 8700 | G42: =G26+G10 -> 7407 | H42: =H26+H10 -> 6379 | I42: =I26+I10 -> 6530 | J42: =J26+J10 -> 8076 | ... T42: =T26+T10 -> 2404 | U42: =SUM(C42:T42) -> 121741
A43: 2008 | C43: =C27+C11 -> 6485 | D43: =D27+D11 -> 7041 | E43: =E27+E11 -> 7475 | F43: =F27+F11 -> 8533 | G43: =G27+G11 -> 7394 | H43: =H27+H11 -> 6554 | I43: =I27+I11 -> 6504 | J43: =J27+J11 -> 7770 | ... T43: =T27+T11 -> 2535 | U43: =SUM(C43:T43) -> 122147
A44: 2009 | C44: =C28+C12 -> 6348 | D44: =D28+D12 -> 6951 | E44: =E28+E12 -> 7440 | F44: =F28+F12 -> 8372 | G44: =G28+G12 -> 7243 | H44: =H28+H12 -> 6496 | I44: =I28+I12 -> 6634 | J44: =J28+J12 -> 7528 | ... T44: =T28+T12 -> 2589 | U44: =SUM(C44:T44) -> 122084
A45: 2010 | C45: =C29+C13 -> 6311 | D45: =D29+D13 -> 6824 | E45: =E29+E13 -> 7289 | F45: =F29+F13 -> 8064 | G45: =G29+G13 -> 7208 | H45: =H29+H13 -> 6667 | I45: =I29+I13 -> 6668 | J45: =J29+J13 -> 7264 | ... T45: =T29+T13 -> 2687 | U45: =SUM(C45:T45) -> 122131
A46: 2015 | C46: =C30+C14 -> 6130.9208 | D46: =D30+D14 -> 6374.5725 | E46: =E30+E14 -> 6898.7043 | F46: =F30+F14 -> 7351.8243 | G46: =G30+G14 -> 7608.4935 | H46: =H30+H14 -> 6837.3917 | I46: =I30+I14 -> 6699.7018 | J46: =J30+J14 -> 6916.3791 | ... T46: =T30+T14 -> 2762.1946 | U46: =SUM(C46:T46) -> 121674.82
A47: 2020 | C47: =C31+C15 -> 6109.1827 | D47: =D31+D15 -> 6219.2065 | E47: =E31+E15 -> 6480.1506 | F47: =F31+F15 -> 6990.081 | G47: =G31+G15 -> 7013.7534 | H47: =H31+H15 -> 7158.2651 | I47: =I31+I15 -> 6869.3216 | J47: =J31+J15 -> 6979.6339 | ... T47: =T31+T15 -> 2710.7371 | U47: =SUM(C47:T47) -> 121084.66
... A49: 2030 | C49: =C33+C17 -> 5853.5694 | D49: =D33+D17 -> 6127.9307 | E49: =E33+E17 -> 6344.2616 | F49: =F33+F17 -> 6485.0455 | G49: =G33+G17 -> 6407.237 | H49: =H33+H17 -> 6482.9994 | I49: =I33+I17 -> 6773.7902 | J49: =J33+J17 -> 7387.9335 | ... T49: =T33+T17 -> 3104.3668 | U49: =SUM(C49:T49) -> 118929.97

Sheet 13
A1: 13 | B1: KNOX
A2: Age | C2: 0-4 | D2: 5-9 | E2: 10-14 | F2: 15-19 | G2: 20-24 | H2: 25-29 | I2: 30-34 | J2: 35-39 | K2: 40-44 | L2: 45-49 | M2: 50-54 | N2: 55-59 | O2: 60-64 | P2: 65-69 | Q2: 70-74 | R2: 75-79 | S2: 80-84 | T2: 85+ | U2: Total
A3: Female
A4: 2001 | C4: 1043 | D4: 1069 | E4: 1434 | F4: 1180 | G4: 801 | H4: 1044 | I4: 1206 | J4: 1364 | K4: 1704 | L4: 1672 | M4: 1655 | N4: 1218 | O4: 1028 | P4: 920 | Q4: 864 | R4: 891 | S4: 653 | T4: 618 | U4: =SUM(C4:T4) -> 20364
A5: 2002 | C5: 1019 | D5: 1066 | E5: 1357 | F5: 1253 | G5: 835 | H5: 1022 | I5: 1221 | J5: 1330 | K5: 1644 | L5: 1773 | M5: 1612 | N5: 1350 | O5: 1052 | P5: 919 | Q5: 830 | R5: 914 | S5: 650 | T5: 637 | U5: =SUM(C5:T5) -> 20484
A6: 2003 | C6: 967 | D6: 1123 | E6: 1271 | F6: 1275 | G6: 842 | H6: 1012 | I6: 1177 | J6: 1284 | K6: 1595 | L6: 1777 | M6: 1656 | N6: 1409 | O6: 1128 | P6: 952 | Q6: 802 | R6: 888 | S6: 692 | T6: 650 | U6: =SUM(C6:T6) -> 20500
A7: 2004 | C7: 919 | D7: 1131 | E7: 1259 | F7: 1265 | G7: 883 | H7: 955 | I7: 1166 | J7: 1239 | K7: 1540 | L7: 1773 | M7: 1686 | N7: 1538 | O7: 1153 | P7: 991 | Q7: 808 | R7: 841 | S7: 727 | T7: 669 | U7: =SUM(C7:T7) -> 20543
A8: 2005 | C8: 953 | D8: 1106 | E8: 1222 | F8: 1280 | G8: 895 | H8: 953 | I8: 1091 | J8: 1261 | K8: 1474 | L8: 1764 | M8: 1738 | N8: 1609 | O8: 1194 | P8: 1010 | Q8: 812 | R8: 798 | S8: 772 | T8: 666 | U8: =SUM(C8:T8) -> 20598
A9: 2006 | C9: 935 | D9: 1113 | E9: 1147 | F9: 1244 | G9: 882 | H9: 936 | I9: 1048 | J9: 1236 | K9: 1420 | L9: 1774 | M9: 1731 | N9: 1732 | O9: 1252 | P9: 1004 | Q9: 863 | R9: 735 | S9: 791 | T9: 672 | U9: =SUM(C9:T9) -> 20515
A10: 2007 | C10: 962 | D10: 1065 | E10: 1132 | F10: 1159 | G10: 902 | H10: 936 | I10: 1029 | J10: 1204 | K10: 1387 | L10: 1672 | M10: 1806 | N10: 1681 | O10: 1382 | P10: 1036 | Q10: 847 | R10: 734 | S10: 802 | T10: 710 | U10: =SUM(C10:T10) -> 20446
A11: 2008 | C11: 979 | D11: 1011 | E11: 1181 | F11: 1087 | G11: 875 | H11: 915 | I11: 989 | J11: 1212 | K11: 1319 | L11: 1630 | M11: 1814 | N11: 1705 | O11: 1404 | P11: 1133 | Q11: 897 | R11: 711 | S11: 761 | T11: 731 | U11: =SUM(C11:T11) -> 20354
A12: 2009 | C12: 949 | D12: 973 | E12: 1167 | F12: 1058 | G12: 838 | H12: 926 | I12: 962 | J12: 1163 | K12: 1266 | L12: 1576 | M12: 1779 | N12: 1736 | O12: 1521 | P12: 1127 | Q12: 935 | R12: 723 | S12: 720 | T12: 736 | U12: =SUM(C12:T12) -> 20155
A13: 2010 | C13: 911 | D13: 985 | E13: 1160 | F13: 1013 | G13: 830 | H13: 917 | I13: 966 | J13: 1111 | K13: 1270 | L13: 1502 | M13: 1760 | N13: 1779 | O13: 1589 | P13: 1180 | Q13: 934 | R13: 717 | S13: 676 | T13: 757 | U13: =SUM(C13:T13) -> 20057
A14: 2015 | C14: 941.86474 | D14: 939.44446 | E14: 1028.0266 | F14: 1203.8734 | G14: 999.40893 | H14: 832.63385 | I14: 918.75454 | J14: 1052.7045 | K14: 1130.8703 | L14: 1311.3713 | M14: 1470.0328 | N14: 1797.3996 | O14: 1759.5163 | P14: 1598.7528 | Q14: 1117.4221 | R14: 814.26511 | S14: 597.47455 | T14: 834.91387 | U14: =SUM(C14:T14) -> 20348.73
A15: 2020 | C15: 982.08897 | D15: 971.31833 | E15: 987.03413 | F15: 1078.6944 | G15: 1175.6567 | H15: 970.85635 | I15: 854.35969 | J15: 1015.1734 | K15: 1079.7183 | L15: 1179.0541 | M15: 1288.316 | N15: 1510.1188 | O15: 1777.8296 | P15: 1770.6714 | Q15: 1503.5983 | R15: 974.44946 | S15: 680.70775 | T15: 828.1403 | U15: =SUM(C15:T15) -> 20627.786
... A17: 2030 | C17: 1042.0041 | D17: 1052.697 | E17: 1062.5895 | F17: 1078.5442 | G17: 1042.3404 | H17: 1044.1357 | I17: 1101.2042 | J17: 1058.3854 | K17: 994.1672 | L17: 1109.2805 | M17: 1128.1033 | N17: 1215.5365 | O17: 1329.3151 | P17: 1519.5888 | Q17: 1683.8627 | R17: 1451.6358 | S17: 1091.0619 | T17: 1008.9007 | U17: =SUM(C17:T17) -> 21013.353
A19: Male
A20: 2001 | C20: 1024 | D20: 1241 | E20: 1321 | F20: 1355 | G20: 885 | H20: 1065 | I20: 1262 | J20: 1471 | K20: 1623 | L20: 1702 | M20: 1600 | N20: 1169 | O20: 914 | P20: 830 | Q20: 725 | R20: 666 | S20: 378 | T20: 289 | U20: =SUM(C20:T20) -> 19520
A21: 2002 | C21: 1035 | D21: 1205 | E21: 1305 | F21: 1368 | G21: 948 | H21: 1055 | I21: 1309 | J21: 1470 | K21: 1562 | L21: 1758 | M21: 1606 | N21: 1293 | O21: 926 | P21: 865 | Q21: 680 | R21: 682 | S21: 399 | T21: 308 | U21: =SUM(C21:T21) -> 19774
A22: 2003 | C22: 1070 | D22: 1135 | E22: 1328 | F22: 1339 | G22: 959 | H22: 1024 | I22: 1341 | J22: 1473 | K22: 1555 | L22: 1729 | M22: 1602 | N22: 1389 | O22: 1013 | P22: 867 | Q22: 684 | R22: 649 | S22: 418 | T22: 318 | U22: =SUM(C22:T22) -> 19893
A23: 2004 | C23: 1048 | D23: 1135 | E23: 1335 | F23: 1301 | G23: 987 | H23: 1003 | I23: 1326 | J23: 1417 | K23: 1527 | L23: 1706 | M23: 1666 | N23: 1487 | O23: 1076 | P23: 899 | Q23: 670 | R23: 642 | S23: 428 | T23: 318 | U23: =SUM(C23:T23) -> 19971
A24: 2005 | C24: 1064 | D24: 1146 | E24: 1277 | F24: 1273 | G24: 1042 | H24: 985 | I24: 1259 | J24: 1355 | K24: 1538 | L24: 1672 | M24: 1717 | N24: 1514 | O24: 1165 | P24: 864 | Q24: 705 | R24: 640 | S24: 430 | T24: 327 | U24: =SUM(C24:T24) -> 19973
A25: 2006 | C25: 1052 | D25: 1093 | E25: 1276 | F25: 1221 | G25: 1021 | H25: 969 | I25: 1212 | J25: 1314 | K25: 1518 | L25: 1658 | M25: 1715 | N25: 1585 | O25: 1218 | P25: 882 | Q25: 742 | R25: 610 | S25: 481 | T25: 335 | U25: =SUM(C25:T25) -> 19902
A26: 2007 | C26: 1064 | D26: 1061 | E26: 1233 | F26: 1183 | G26: 1015 | H26: 974 | I26: 1187 | J26: 1319 | K26: 1470 | L26: 1603 | M26: 1723 | N26: 1565 | O26: 1339 | P26: 910 | Q26: 769 | R26: 567 | S26: 511 | T26: 358 | U26: =SUM(C26:T26) -> 19851
A27: 2008 | C27: 1048 | D27: 1107 | E27: 1148 | F27: 1206 | G27: 997 | H27: 1003 | I27: 1120 | J27: 1320 | K27: 1424 | L27: 1609 | M27: 1687 | N27: 1567 | O27: 1425 | P27: 965 | Q27: 791 | R27: 572 | S27: 485 | T27: 397 | U27: =SUM(C27:T27) -> 19871
A28: 2009 | C28: 1006 | D28: 1108 | E28: 1131 | F28: 1169 | G28: 965 | H28: 1013 | I28: 1119 | J28: 1299 | K28: 1338 | L28: 1539 | M28: 1660 | N28: 1620 | O28: 1518 | P28: 1037 | Q28: 789 | R28: 556 | S28: 510 | T28: 392 | U28: =SUM(C28:T28) -> 19769
A29: 2010 | C29: 999 | D29: 1100 | E29: 1128 | F29: 1108 | G29: 927 | H29: 1042 | I29: 1105 | J29: 1240 | K29: 1295 | L29: 1510 | M29: 1623 | N29: 1642 | O29: 1555 | P29: 1130 | Q29: 766 | R29: 580 | S29: 497 | T29: 401 | U29: =SUM(C29:T29) -> 19648
A30: 2015 | C30: 1008.8731 | D30: 1021.9282 | E30: 1140.5968 | F30: 1168.1911 | G30: 1080.9505 | H30: 911.8772 | I30: 1026.7567 | J30: 1187.2403 | K30: 1256.356 | L30: 1326.7332 | M30: 1462.3249 | N30: 1642.5775 | O30: 1589.981 | P30: 1513.4074 | Q30: 1032.9355 | R30: 630.43267 | S30: 440.33006 | T30: 489.43724 | U30: =SUM(C30:T30) -> 19930.929
A31: 2020 | C31: 1051.959 | D31: 1033.1162 | E31: 1067.8375 | F31: 1183.5413 | G31: 1140.3828 | H31: 1036.4993 | I31: 924.16323 | J31: 1119.957 | K31: 1210.7822 | L31: 1292.3292 | M31: 1289.5657 | N31: 1483.5883 | O31: 1591.6105 | P31: 1556.6895 | Q31: 1373.8034 | R31: 849.99215 | S31: 482.6456 | T31: 502.20854 | U31: =SUM(C31:T31) -> 20190.672
... A33: 2030 | C33: 1116.1368 | D33: 1119.7474 | E33: 1125.8206 | F33: 1132.9155 | G33: 1104.4828 | H33: 1115.7376 | I33: 1079.5407 | J33: 1115.3543 | K33: 1061.3237 | L33: 1200.8356 | M33: 1228.9785 | N33: 1291.215 | O33: 1284.4887 | P33: 1416.4454 | Q33: 1422.5351 | R33: 1166.4112 | S33: 855.06706 | T33: 665.66057 | U33: =SUM(C33:T33) -> 20502.696
A35: Total
A36: 2001 | C36: =C20+C4 -> 2067 | D36: =D20+D4 -> 2310 | E36: =E20+E4 -> 2755 | F36: =F20+F4 -> 2535 | G36: =G20+G4 -> 1686 | H36: =H20+H4 -> 2109 | I36: =I20+I4 -> 2468 | J36: =J20+J4 -> 2835 | ... T36: =T20+T4 -> 907 | U36: =SUM(C36:T36) -> 39884
A37: 2002 | C37: =C21+C5 -> 2054 | D37: =D21+D5 -> 2271 | E37: =E21+E5 -> 2662 | F37: =F21+F5 -> 2621 | G37: =G21+G5 -> 1783 | H37: =H21+H5 -> 2077 | I37: =I21+I5 -> 2530 | J37: =J21+J5 -> 2800 | ... T37: =T21+T5 -> 945 | U37: =SUM(C37:T37) -> 40258
A38: 2003 | C38: =C22+C6 -> 2037 | D38: =D22+D6 -> 2258 | E38: =E22+E6 -> 2599 | F38: =F22+F6 -> 2614 | G38: =G22+G6 -> 1801 | H38: =H22+H6 -> 2036 | I38: =I22+I6 -> 2518 | J38: =J22+J6 -> 2757 | ... T38: =T22+T6 -> 968 | U38: =SUM(C38:T38) -> 40393
A39: 2004 | C39: =C23+C7 -> 1967 | D39: =D23+D7 -> 2266 | E39: =E23+E7 -> 2594 | F39: =F23+F7 -> 2566 | G39: =G23+G7 -> 1870 | H39: =H23+H7 -> 1958 | I39: =I23+I7 -> 2492 | J39: =J23+J7 -> 2656 | ... T39: =T23+T7 -> 987 | U39: =SUM(C39:T39) -> 40514
A40: 2005 | C40: =C24+C8 -> 2017 | D40: =D24+D8 -> 2252 | E40: =E24+E8 -> 2499 | F40: =F24+F8 -> 2553 | G40: =G24+G8 -> 1937 | H40: =H24+H8 -> 1938 | I40: =I24+I8 -> 2350 | J40: =J24+J8 -> 2616 | ... T40: =T24+T8 -> 993 | U40: =SUM(C40:T40) -> 40571
A41: 2006 | C41: =C25+C9 -> 1987 | D41: =D25+D9 -> 2206 | E41: =E25+E9 -> 2423 | F41: =F25+F9 -> 2465 | G41: =G25+G9 -> 1903 | H41: =H25+H9 -> 1905 | I41: =I25+I9 -> 2260 | J41: =J25+J9 -> 2550 | ... T41: =T25+T9 -> 1007 | U41: =SUM(C41:T41) -> 40417
A42: 2007 | C42: =C26+C10 -> 2026 | D42: =D26+D10 -> 2126 | E42: =E26+E10 -> 2365 | F42: =F26+F10 -> 2342 | G42: =G26+G10 -> 1917 | H42: =H26+H10 -> 1910 | I42: =I26+I10 -> 2216 | J42: =J26+J10 -> 2523 | ... T42: =T26+T10 -> 1068 | U42: =SUM(C42:T42) -> 40297
A43: 2008 | C43: =C27+C11 -> 2027 | D43: =D27+D11 -> 2118 | E43: =E27+E11 -> 2329 | F43: =F27+F11 -> 2293 | G43: =G27+G11 -> 1872 | H43: =H27+H11 -> 1918 | I43: =I27+I11 -> 2109 | J43: =J27+J11 -> 2532 | ... T43: =T27+T11 -> 1128 | U43: =SUM(C43:T43) -> 40225
A44: 2009 | C44: =C28+C12 -> 1955 | D44: =D28+D12 -> 2081 | E44: =E28+E12 -> 2298 | F44: =F28+F12 -> 2227 | G44: =G28+G12 -> 1803 | H44: =H28+H12 -> 1939 | I44: =I28+I12 -> 2081 | J44: =J28+J12 -> 2462 | ... T44: =T28+T12 -> 1128 | U44: =SUM(C44:T44) -> 39924
A45: 2010 | C45: =C29+C13 -> 1910 | D45: =D29+D13 -> 2085 | E45: =E29+E13 -> 2288 | F45: =F29+F13 -> 2121 | G45: =G29+G13 -> 1757 | H45: =H29+H13 -> 1959 | I45: =I29+I13 -> 2071 | J45: =J29+J13 -> 2351 | ... T45: =T29+T13 -> 1158 | U45: =SUM(C45:T45) -> 39705
A46: 2015 | C46: =C30+C14 -> 1950.7378 | D46: =D30+D14 -> 1961.3726 | E46: =E30+E14 -> 2168.6234 | F46: =F30+F14 -> 2372.0645 | G46: =G30+G14 -> 2080.3594 | H46: =H30+H14 -> 1744.5111 | I46: =I30+I14 -> 1945.5112 | J46: =J30+J14 -> 2239.9448 | ... T46: =T30+T14 -> 1324.3511 | U46: =SUM(C46:T46) -> 40279.659
A47: 2020 | C47: =C31+C15 -> 2034.048 | D47: =D31+D15 -> 2004.4346 | E47: =E31+E15 -> 2054.8716 | F47: =F31+F15 -> 2262.2357 | G47: =G31+G15 -> 2316.0395 | H47: =H31+H15 -> 2007.3557 | I47: =I31+I15 -> 1778.5229 | J47: =J31+J15 -> 2135.1304 | ... T47: =T31+T15 -> 1330.3488 | U47: =SUM(C47:T47) -> 40818.458
... A49: 2030 | C49: =C33+C17 -> 2158.141 | D49: =D33+D17 -> 2172.4444 | E49: =E33+E17 -> 2188.41 | F49: =F33+F17 -> 2211.4597 | G49: =G33+G17 -> 2146.8232 | H49: =H33+H17 -> 2159.8734 | I49: =I33+I17 -> 2180.7449 | J49: =J33+J17 -> 2173.7397 | ... T49: =T33+T17 -> 1674.5613 | U49: =SUM(C49:T49) -> 41516.05

Sheet 15
A1: 15 | B1: LINCOLN
A2: Age | C2: 0-4 | D2: 5-9 | E2: 10-14 | F2: 15-19 | G2: 20-24 | H2: 25-29 | I2: 30-34 | J2: 35-39 | K2: 40-44 | L2: 45-49 | M2: 50-54 | N2: 55-59 | O2: 60-64 | P2: 65-69 | Q2: 70-74 | R2: 75-79 | S2: 80-84 | T2: 85+ | U2: Total
A3: Female
A4: 2001 | C4: 778 | D4: 955 | E4: 1204 | F4: 1056 | G4: 579 | H4: 731 | I4: 978 | J4: 1205 | K4: 1437 | L4: 1438 | M4: 1413 | N4: 1215 | O4: 922 | P4: 846 | Q4: 829 | R4: 714 | S4: 503 | T4: 620 | U4: =SUM(C4:T4) -> 17423
A5: 2002 | C5: 777 | D5: 918 | E5: 1197 | F5: 1094 | G5: 618 | H5: 706 | I5: 974 | J5: 1140 | K5: 1451 | L5: 1432 | M5: 1443 | N5: 1304 | O5: 1005 | P5: 847 | Q5: 802 | R5: 733 | S5: 512 | T5: 642 | U5: =SUM(C5:T5) -> 17595
A6: 2003 | C6: 751 | D6: 907 | E6: 1144 | F6: 1106 | G6: 659 | H6: 676 | I6: 940 | J6: 1147 | K6: 1391 | L6: 1440 | M6: 1444 | N6: 1361 | O6: 1104 | P6: 848 | Q6: 813 | R6: 736 | S6: 532 | T6: 646 | U6: =SUM(C6:T6) -> 17645
A7: 2004 | C7: 733 | D7: 896 | E7: 1103 | F7: 1089 | G7: 698 | H7: 690 | I7: 955 | J7: 1073 | K7: 1377 | L7: 1496 | M7: 1488 | N7: 1365 | O7: 1219 | P7: 882 | Q7: 822 | R7: 734 | S7: 550 | T7: 643 | U7: =SUM(C7:T7) -> 17813
A8: 2005 | C8: 731 | D8: 883 | E8: 1045 | F8: 1074 | G8: 735 | H8: 692 | I8: 902 | J8: 1054 | K8: 1284 | L8: 1503 | M8: 1526 | N8: 1393 | O8: 1311 | P8: 891 | Q8: 810 | R8: 721 | S8: 552 | T8: 657 | U8: =SUM(C8:T8) -> 17764
A9: 2006 | C9: 763 | D9: 863 | E9: 1024 | F9: 1013 | G9: 751 | H9: 657 | I9: 917 | J9: 1072 | K9: 1264 | L9: 1474 | M9: 1523 | N9: 1446 | O9: 1340 | P9: 958 | Q9: 768 | R9: 740 | S9: 559 | T9: 681 | U9: =SUM(C9:T9) -> 17813
A10: 2007 | C10: 811 | D10: 826 | E10: 946 | F10: 992 | G10: 740 | H10: 693 | I10: 877 | J10: 1059 | K10: 1202 | L10: 1480 | M10: 1518 | N10: 1471 | O10: 1433 | P10: 1027 | Q10: 784 | R10: 688 | S10: 587 | T10: 665 | U10: =SUM(C10:T10) -> 17799
A11: 2008 | C11: 796 | D11: 774 | E11: 947 | F11: 946 | G11: 719 | H11: 710 | I11: 845 | J11: 1031 | K11: 1159 | L11: 1435 | M11: 1541 | N11: 1506 | O11: 1491 | P11: 1085 | Q11: 781 | R11: 710 | S11: 577 | T11: 691 | U11: =SUM(C11:T11) -> 17744
A12: 2009 | C12: 810 | D12: 764 | E12: 924 | F12: 913 | G12: 706 | H12: 736 | I12: 815 | J12: 1023 | K12: 1076 | L12: 1367 | M12: 1557 | N12: 1529 | O12: 1495 | P12: 1193 | Q12: 812 | R12: 712 | S12: 567 | T12: 673 | U12: =SUM(C12:T12) -> 17672
A13: 2010 | C13: 769 | D13: 753 | E13: 910 | F13: 847 | G13: 685 | H13: 738 | I13: 802 | J13: 953 | K13: 1067 | L13: 1299 | M13: 1552 | N13: 1553 | O13: 1538 | P13: 1275 | Q13: 829 | R13: 693 | S13: 571 | T13: 685 | U13: =SUM(C13:T13) -> 17519
A14: 2015 | C14: 662.54147 | D14: 771.72977 | E14: 733.68568 | F14: 886.48705 | G14: 697.93822 | H14: 665.44677 | I14: 687.86175 | J14: 810.82905 | K14: 886.32366 | L14: 1040.5027 | M14: 1261.2541 | N14: 1474.7745 | O14: 1529.3596 | P14: 1529.6154 | Q14: 1249.0584 | R14: 756.45764 | S14: 567.8399 | T14: 704.04788 | U14: =SUM(C14:T14) -> 16915.754
A15: 2020 | C15: 627.934 | D15: 676.51682 | E15: 753.03849 | F15: 727.67493 | G15: 731.32813 | H15: 673.94891 | I15: 630.23045 | J15: 715.52487 | K15: 759.73178 | L15: 872.23684 | M15: 1016.2578 | N15: 1201.2563 | O15: 1454.658 | P15: 1531.531 | Q15: 1492.6379 | R15: 1130.6982 | S15: 622.19811 | T15: 713.05143 | U15: =SUM(C15:T15) -> 16330.454
... A17: 2030 | C17: 588.73084 | D17: 630.35326 | E17: 642.841 | F17: 673.04328 | G17: 629.57156 | H17: 613.48779 | I17: 668.5622 | J17: 670.45646 | K17: 632.36446 | L17: 679.5887 | M17: 752.32278 | N17: 824.85385 | O17: 968.0544 | P17: 1207.9091 | Q17: 1444.5343 | R17: 1365.8611 | S17: 1101.6176 | T17: 964.31209 | U17: =SUM(C17:T17) -> 15058.465
A19: Male
A20: 2001 | C20: 831 | D20: 1064 | E20: 1266 | F20: 1158 | G20: 603 | H20: 708 | I20: 949 | J20: 1131 | K20: 1306 | L20: 1374 | M20: 1386 | N20: 1137 | O20: 907 | P20: 839 | Q20: 738 | R20: 553 | S20: 371 | T20: 224 | U20: =SUM(C20:T20) -> 16545
A21: 2002 | C21: 845 | D21: 1028 | E21: 1213 | F21: 1178 | G21: 644 | H21: 675 | I21: 919 | J21: 1119 | K21: 1334 | L21: 1350 | M21: 1352 | N21: 1265 | O21: 931 | P21: 845 | Q21: 751 | R21: 553 | S21: 364 | T21: 245 | U21: =SUM(C21:T21) -> 16611
A22: 2003 | C22: 858 | D22: 1013 | E22: 1207 | F22: 1166 | G22: 714 | H22: 681 | I22: 924 | J22: 1040 | K22: 1367 | L22: 1366 | M22: 1320 | N22: 1341 | O22: 1025 | P22: 856 | Q22: 738 | R22: 580 | S22: 392 | T22: 262 | U22: =SUM(C22:T22) -> 16850
A23: 2004 | C23: 837 | D23: 1007 | E23: 1183 | F23: 1154 | G23: 785 | H23: 650 | I23: 920 | J23: 1001 | K23: 1352 | L23: 1369 | M23: 1338 | N23: 1418 | O23: 1124 | P23: 862 | Q23: 742 | R23: 586 | S23: 408 | T23: 278 | U23: =SUM(C23:T23) -> 17014
A24: 2005 | C24: 884 | D24: 980 | E24: 1162 | F24: 1143 | G24: 849 | H24: 676 | I24: 869 | J24: 1024 | K24: 1272 | L24: 1348 | M24: 1390 | N24: 1386 | O24: 1195 | P24: 886 | Q24: 750 | R24: 588 | S24: 405 | T24: 293 | U24: =SUM(C24:T24) -> 17100
A25: 2006 | C25: 881 | D25: 969 | E25: 1112 | F25: 1132 | G25: 804 | H25: 698 | I25: 815 | J25: 1045 | K25: 1229 | L25: 1350 | M25: 1399 | N25: 1442 | O25: 1228 | P25: 928 | Q25: 744 | R25: 604 | S25: 394 | T25: 317 | U25: =SUM(C25:T25) -> 17091
A26: 2007 | C26: 874 | D26: 938 | E26: 1085 | F26: 1133 | G26: 773 | H26: 705 | I26: 800 | J26: 1034 | K26: 1194 | L26: 1386 | M26: 1374 | N26: 1405 | O26: 1336 | P26: 950 | Q26: 750 | R26: 638 | S26: 412 | T26: 313 | U26: =SUM(C26:T26) -> 17100
A27: 2008 | C27: 870 | D27: 910 | E27: 1043 | F27: 1090 | G27: 769 | H27: 726 | I27: 783 | J27: 997 | K27: 1104 | L27: 1419 | M27: 1368 | N27: 1364 | O27: 1407 | P27: 1049 | Q27: 756 | R27: 619 | S27: 414 | T27: 336 | U27: =SUM(C27:T27) -> 17024
A28: 2009 | C28: 866 | D28: 910 | E28: 1014 | F28: 1093 | G28: 752 | H28: 732 | I28: 768 | J28: 981 | K28: 1034 | L28: 1370 | M28: 1379 | N28: 1365 | O28: 1423 | P28: 1119 | Q28: 760 | R28: 621 | S28: 435 | T28: 333 | U28: =SUM(C28:T28) -> 16955
A29: 2010 | C29: 824 | D29: 925 | E29: 994 | F29: 1032 | G29: 738 | H29: 749 | I29: 762 | J29: 938 | K29: 1030 | L29: 1290 | M29: 1349 | N29: 1409 | O29: 1437 | P29: 1174 | Q29: 771 | R29: 637 | S29: 444 | T29: 357 | U29: =SUM(C29:T29) -> 16860
A30: 2015 | C30: 728.50071 | D30: 818.07408 | E30: 901.06649 | F30: 963.09815 | G30: 872.49908 | H30: 701.08319 | I30: 690.76576 | J30: 756.01447 | K30: 865.72835 | L30: 994.78308 | M30: 1241.545 | N30: 1260.7772 | O30: 1362.5603 | P30: 1386.8382 | Q30: 1108.3931 | R30: 675.33261 | S30: 494.20358 | T30: 405.49678 | U30: =SUM(C30:T30) -> 16226.76
A31: 2020 | C31: 690.4479 | D31: 731.32268 | E31: 803.28014 | F31: 878.9527 | G31: 818.90511 | H31: 812.10281 | I31: 652.30359 | J31: 697.16591 | K31: 703.31671 | L31: 842.36887 | M31: 963.15304 | N31: 1160.7023 | O31: 1222.8686 | P31: 1327.0533 | Q31: 1305.8628 | R31: 966.41609 | S31: 526.6113 | T31: 454.35083 | U31: =SUM(C31:T31) -> 15557.185
... A33: 2030 | C33: 647.34187 | D33: 678.64067 | E33: 693.67573 | F33: 719.0506 | G33: 682.8856 | H33: 719.45453 | I33: 713.52427 | J33: 743.40448 | K33: 623.31419 | L33: 646.50895 | M33: 683.04049 | N33: 773.6936 | O33: 883.28558 | P33: 1108.1308 | Q33: 1152.0368 | R33: 1106.4761 | S33: 883.0132 | T33: 641.73451 | U33: =SUM(C33:T33) -> 14099.212
A35: Total
A36: 2001 | C36: =C20+C4 -> 1609 | D36: =D20+D4 -> 2019 | E36: =E20+E4 -> 2470 | F36: =F20+F4 -> 2214 | G36: =G20+G4 -> 1182 | H36: =H20+H4 -> 1439 | I36: =I20+I4 -> 1927 | J36: =J20+J4 -> 2336 | ... T36: =T20+T4 -> 844 | U36: =SUM(C36:T36) -> 33968
A37: 2002 | C37: =C21+C5 -> 1622 | D37: =D21+D5 -> 1946 | E37: =E21+E5 -> 2410 | F37: =F21+F5 -> 2272 | G37: =G21+G5 -> 1262 | H37: =H21+H5 -> 1381 | I37: =I21+I5 -> 1893 | J37: =J21+J5 -> 2259 | ... T37: =T21+T5 -> 887 | U37: =SUM(C37:T37) -> 34206
A38: 2003 | C38: =C22+C6 -> 1609 | D38: =D22+D6 -> 1920 | E38: =E22+E6 -> 2351 | F38: =F22+F6 -> 2272 | G38: =G22+G6 -> 1373 | H38: =H22+H6 -> 1357 | I38: =I22+I6 -> 1864 | J38: =J22+J6 -> 2187 | ... T38: =T22+T6 -> 908 | U38: =SUM(C38:T38) -> 34495
A39: 2004 | C39: =C23+C7 -> 1570 | D39: =D23+D7 -> 1903 | E39: =E23+E7 -> 2286 | F39: =F23+F7 -> 2243 | G39: =G23+G7 -> 1483 | H39: =H23+H7 -> 1340 | I39: =I23+I7 -> 1875 | J39: =J23+J7 -> 2074 | ... T39: =T23+T7 -> 921 | U39: =SUM(C39:T39) -> 34827
A40: 2005 | C40: =C24+C8 -> 1615 | D40: =D24+D8 -> 1863 | E40: =E24+E8 -> 2207 | F40: =F24+F8 -> 2217 | G40: =G24+G8 -> 1584 | H40: =H24+H8 -> 1368 | I40: =I24+I8 -> 1771 | J40: =J24+J8 -> 2078 | ... T40: =T24+T8 -> 950 | U40: =SUM(C40:T40) -> 34864
A41: 2006 | C41: =C25+C9 -> 1644 | D41: =D25+D9 -> 1832 | E41: =E25+E9 -> 2136 | F41: =F25+F9 -> 2145 | G41: =G25+G9 -> 1555 | H41: =H25+H9 -> 1355 | I41: =I25+I9 -> 1732 | J41: =J25+J9 -> 2117 | ... T41: =T25+T9 -> 998 | U41: =SUM(C41:T41) -> 34904
A42: 2007 | C42: =C26+C10 -> 1685 | D42: =D26+D10 -> 1764 | E42: =E26+E10 -> 2031 | F42: =F26+F10 -> 2125 | G42: =G26+G10 -> 1513 | H42: =H26+H10 -> 1398 | I42: =I26+I10 -> 1677 | J42: =J26+J10 -> 2093 | ... T42: =T26+T10 -> 978 | U42: =SUM(C42:T42) -> 34899
A43: 2008 | C43: =C27+C11 -> 1666 | D43: =D27+D11 -> 1684 | E43: =E27+E11 -> 1990 | F43: =F27+F11 -> 2036 | G43: =G27+G11 -> 1488 | H43: =H27+H11 -> 1436 | I43: =I27+I11 -> 1628 | J43: =J27+J11 -> 2028 | ... T43: =T27+T11 -> 1027 | U43: =SUM(C43:T43) -> 34768
A44: 2009 | C44: =C28+C12 -> 1676 | D44: =D28+D12 -> 1674 | E44: =E28+E12 -> 1938 | F44: =F28+F12 -> 2006 | G44: =G28+G12 -> 1458 | H44: =H28+H12 -> 1468 | I44: =I28+I12 -> 1583 | J44: =J28+J12 -> 2004 | ... T44: =T28+T12 -> 1006 | U44: =SUM(C44:T44) -> 34627
A45: 2010 | C45: =C29+C13 -> 1593 | D45: =D29+D13 -> 1678 | E45: =E29+E13 -> 1904 | F45: =F29+F13 -> 1879 | G45: =G29+G13 -> 1423 | H45: =H29+H13 -> 1487 | I45: =I29+I13 -> 1564 | J45: =J29+J13 -> 1891 | ... T45: =T29+T13 -> 1042 | U45: =SUM(C45:T45) -> 34379
A46: 2015 | C46: =C30+C14 -> 1391.0422 | D46: =D30+D14 -> 1589.8039 | E46: =E30+E14 -> 1634.7522 | F46: =F30+F14 -> 1849.5852 | G46: =G30+G14 -> 1570.4373 | H46: =H30+H14 -> 1366.53 | I46: =I30+I14 -> 1378.6275 | J46: =J30+J14 -> 1566.8435 | ... T46: =T30+T14 -> 1109.5447 | U46: =SUM(C46:T46) -> 33142.514
A47: 2020 | C47: =C31+C15 -> 1318.3819 | D47: =D31+D15 -> 1407.8395 | E47: =E31+E15 -> 1556.3186 | F47: =F31+F15 -> 1606.6276 | G47: =G31+G15 -> 1550.2332 | H47: =H31+H15 -> 1486.0517 | I47: =I31+I15 -> 1282.534 | J47: =J31+J15 -> 1412.6908 | ... T47: =T31+T15 -> 1167.4023 | U47: =SUM(C47:T47) -> 31887.639
... A49: 2030 | C49: =C33+C17 -> 1236.0727 | D49: =D33+D17 -> 1308.9939 | E49: =E33+E17 -> 1336.5167 | F49: =F33+F17 -> 1392.0939 | G49: =G33+G17 -> 1312.4572 | H49: =H33+H17 -> 1332.9423 | I49: =I33+I17 -> 1382.0865 | J49: =J33+J17 -> 1413.8609 | ... T49: =T33+T17 -> 1606.0466 | U49: =SUM(C49:T49) -> 29157.677

Sheet 17
A1: 17 | B1: OXFORD
A2: Age | C2: 0-4 | D2: 5-9 | E2: 10-14 | F2: 15-19 | G2: 20-24 | H2: 25-29 | I2: 30-34 | J2: 35-39 | K2: 40-44 | L2: 45-49 | M2: 50-54 | N2: 55-59 | O2: 60-64 | P2: 65-69 | Q2: 70-74 | R2: 75-79 | S2: 80-84 | T2: 85+ | U2: Total
A3: Female
A4: 2001 | C4: 1417 | D4: 1731 | E4: 2055 | F4: 1920 | G4: 1196 | H4: 1274 | I4: 1697 | J4: 2132 | K4: 2528 | L4: 2278 | M4: 2005 | N4: 1541 | O4: 1373 | P4: 1297 | Q4: 1154 | R4: 1071 | S4: 718 | T4: 751 | U4: =SUM(C4:T4) -> 28138
A5: 2002 | C5: 1378 | D5: 1646 | E5: 2095 | F5: 1977 | G5: 1219 | H5: 1265 | I5: 1649 | J5: 2071 | K5: 2516 | L5: 2433 | M5: 2027 | N5: 1636 | O5: 1424 | P5: 1286 | Q5: 1170 | R5: 1095 | S5: 741 | T5: 743 | U5: =SUM(C5:T5) -> 28371
A6: 2003 | C6: 1365 | D6: 1624 | E6: 2072 | F6: 1974 | G6: 1278 | H6: 1300 | I6: 1564 | J6: 1988 | K6: 2504 | L6: 2531 | M6: 2107 | N6: 1726 | O6: 1479 | P6: 1284 | Q6: 1162 | R6: 1078 | S6: 761 | T6: 738 | U6: =SUM(C6:T6) -> 28535
A7: 2004 | C7: 1385 | D7: 1644 | E7: 2026 | F7: 2004 | G7: 1364 | H7: 1321 | I7: 1546 | J7: 1907 | K7: 2521 | L7: 2543 | M7: 2237 | N7: 1795 | O7: 1555 | P7: 1316 | Q7: 1139 | R7: 1019 | S7: 765 | T7: 709 | U7: =SUM(C7:T7) -> 28796
A8: 2005 | C8: 1401 | D8: 1649 | E8: 1968 | F8: 1979 | G8: 1410 | H8: 1334 | I8: 1518 | J8: 1869 | K8: 2450 | L8: 2626 | M8: 2328 | N8: 1916 | O8: 1590 | P8: 1356 | Q8: 1133 | R8: 1043 | S8: 791 | T8: 717 | U8: =SUM(C8:T8) -> 29078
A9: 2006 | C9: 1436 | D9: 1599 | E9: 1920 | F9: 1994 | G9: 1391 | H9: 1372 | I9: 1455 | J9: 1910 | K9: 2323 | L9: 2606 | M9: 2426 | N9: 2093 | O9: 1599 | P9: 1345 | Q9: 1139 | R9: 1053 | S9: 781 | T9: 737 | U9: =SUM(C9:T9) -> 29179
A10: 2007 | C10: 1521 | D10: 1591 | E10: 1823 | F10: 1992 | G10: 1382 | H10: 1426 | I10: 1460 | J10: 1838 | K10: 2260 | L10: 2600 | M10: 2532 | N10: 2130 | O10: 1684 | P10: 1394 | Q10: 1131 | R10: 1062 | S10: 790 | T10: 742 | U10: =SUM(C10:T10) -> 29358
A11: 2008 | C11: 1511 | D11: 1556 | E11: 1795 | F11: 1965 | G11: 1372 | H11: 1463 | I11: 1447 | J11: 1780 | K11: 2148 | L11: 2563 | M11: 2622 | N11: 2160 | O11: 1781 | P11: 1403 | Q11: 1152 | R11: 1038 | S11: 789 | T11: 783 | U11: =SUM(C11:T11) -> 29328
A12: 2009 | C12: 1467 | D12: 1512 | E12: 1791 | F12: 1890 | G12: 1316 | H12: 1452 | I12: 1466 | J12: 1739 | K12: 2008 | L12: 2524 | M12: 2627 | N12: 2270 | O12: 1828 | P12: 1496 | Q12: 1191 | R12: 1016 | S12: 770 | T12: 827 | U12: =SUM(C12:T12) -> 29190
A13: 2010 | C13: 1404 | D13: 1511 | E13: 1760 | F13: 1838 | G13: 1300 | H13: 1459 | I13: 1490 | J13: 1638 | K13: 1971 | L13: 2451 | M13: 2660 | N13: 2304 | O13: 1929 | P13: 1530 | Q13: 1194 | R13: 1015 | S13: 790 | T13: 848 | U13: =SUM(C13:T13) -> 29092
A14: 2015 | C14: 1370.1793 | D14: 1447.2972 | E14: 1515.1978 | F14: 1760.0336 | G14: 1682.4618 | H14: 1244.4413 | I14: 1608.1577 | J14: 1573.3136 | K14: 1670.2692 | L14: 2009.3972 | M14: 2435.4731 | N14: 2641.8139 | O14: 2226.7955 | P14: 1845.2889 | Q14: 1435.2246 | R14: 1028.0643 | S14: 792.22389 | T14: 859.12816 | U14: =SUM(C14:T14) -> 29144.761
A15: 2020 | C15: 1405.1274 | D15: 1421.8416 | E15: 1455.6073 | F15: 1524.9535 | G15: 1617.3462 | H15: 1548.4665 | I15: 1418.0818 | J15: 1693.3393 | K15: 1613.5515 | L15: 1729.4281 | M15: 2009.4421 | N15: 2419.64 | O15: 2543.4915 | P15: 2128.1548 | Q15: 1727.6196 | R15: 1237.2241 | S15: 810.37573 | T15: 868.21279 | U15: =SUM(C15:T15) -> 29171.904
... A17: 2030 | C17: 1368.0935 | D17: 1458.3819 | E17: 1469.8333 | F17: 1449.9362 | G17: 1366.963 | H17: 1352.2481 | I17: 1671.82 | J17: 1774.1777 | K17: 1564.0427 | L17: 1810.6965 | M17: 1710.4485 | N17: 1752.4155 | O17: 1943.6583 | P17: 2222.2606 | Q17: 2260.7659 | R17: 1713.2856 | S17: 1174.2017 | T17: 1010.0797 | U17: =SUM(C17:T17) -> 29073.309
A19: Male
A20: 2001 | C20: 1411 | D20: 1708 | E20: 2199 | F20: 1988 | G20: 1219 | H20: 1204 | I20: 1574 | J20: 2117 | K20: 2363 | L20: 2319 | M20: 2178 | N20: 1591 | O20: 1221 | P20: 1223 | Q20: 1044 | R20: 835 | S20: 526 | T20: 299 | U20: =SUM(C20:T20) -> 27019
A21: 2002 | C21: 1447 | D21: 1687 | E21: 2172 | F21: 2083 | G21: 1243 | H21: 1194 | I21: 1579 | J21: 2024 | K21: 2409 | L21: 2346 | M21: 2221 | N21: 1745 | O21: 1315 | P21: 1240 | Q21: 1039 | R21: 873 | S21: 525 | T21: 330 | U21: =SUM(C21:T21) -> 27472
A22: 2003 | C22: 1439 | D22: 1674 | E22: 2109 | F22: 2145 | G22: 1288 | H22: 1218 | I22: 1574 | J22: 1883 | K22: 2452 | L22: 2390 | M22: 2290 | N22: 1789 | O22: 1439 | P22: 1211 | Q22: 1040 | R22: 874 | S22: 513 | T22: 343 | U22: =SUM(C22:T22) -> 27671
A23: 2004 | C23: 1471 | D23: 1669 | E23: 2115 | F23: 2135 | G23: 1372 | H23: 1246 | I23: 1479 | J23: 1848 | K23: 2485 | L23: 2405 | M23: 2326 | N23: 1942 | O23: 1528 | P23: 1187 | Q23: 1032 | R23: 831 | S23: 544 | T23: 352 | U23: =SUM(C23:T23) -> 27967
A24: 2005 | C24: 1479 | D24: 1644 | E24: 1998 | F24: 2234 | G24: 1375 | H24: 1285 | I24: 1406 | J24: 1809 | K24: 2420 | L24: 2461 | M24: 2330 | N24: 2144 | O24: 1584 | P24: 1204 | Q24: 1049 | R24: 824 | S24: 550 | T24: 361 | U24: =SUM(C24:T24) -> 28157
A25: 2006 | C25: 1501 | D25: 1618 | E25: 1976 | F25: 2249 | G25: 1378 | H25: 1305 | I25: 1428 | J25: 1766 | K25: 2292 | L25: 2547 | M25: 2378 | N25: 2256 | O25: 1633 | P25: 1222 | Q25: 1071 | R25: 835 | S25: 550 | T25: 372 | U25: =SUM(C25:T25) -> 28377
A26: 2007 | C26: 1544 | D26: 1654 | E26: 1956 | F26: 2224 | G26: 1435 | H26: 1318 | I26: 1453 | J26: 1737 | K26: 2174 | L26: 2554 | M26: 2388 | N26: 2275 | O26: 1753 | P26: 1297 | Q26: 1086 | R26: 811 | S26: 562 | T26: 387 | U26: =SUM(C26:T26) -> 28608
A27: 2008 | C27: 1609 | D27: 1664 | E27: 1924 | F27: 2192 | G27: 1418 | H27: 1358 | I27: 1465 | J27: 1716 | K27: 2041 | L27: 2540 | M27: 2428 | N27: 2348 | O27: 1824 | P27: 1417 | Q27: 1070 | R27: 837 | S27: 567 | T27: 392 | U27: =SUM(C27:T27) -> 28810
A28: 2009 | C28: 1568 | D28: 1659 | E28: 1874 | F28: 2200 | G28: 1365 | H28: 1339 | I28: 1477 | J28: 1587 | K28: 1957 | L28: 2537 | M28: 2438 | N28: 2366 | O28: 1977 | P28: 1463 | Q28: 1071 | R28: 863 | S28: 575 | T28: 417 | U28: =SUM(C28:T28) -> 28733
A29: 2010 | C29: 1547 | D29: 1641 | E29: 1828 | F29: 2128 | G29: 1385 | H29: 1334 | I29: 1514 | J29: 1530 | K29: 1888 | L29: 2446 | M29: 2465 | N29: 2372 | O29: 2085 | P29: 1518 | Q29: 1081 | R29: 881 | S29: 564 | T29: 440 | U29: =SUM(C29:T29) -> 28647
A30: 2015 | C30: 1429.2797 | D30: 1557.8304 | E30: 1632.596 | F30: 1815.1885 | G30: 1935.1012 | H30: 1276.6699 | I30: 1438.0851 | J30: 1570.4597 | K30: 1543.0787 | L30: 1890.9578 | M30: 2400.8766 | N30: 2403.3984 | O30: 2232.3283 | P30: 1930.3374 | Q30: 1357.4409 | R30: 875.92519 | S30: 613.72526 | T30: 466.36445 | U30: =SUM(C30:T30) -> 28369.643
A31: 2020 | C31: 1465.7353 | D31: 1454.8462 | E31: 1553.9702 | F31: 1628.1441 | G31: 1661.2301 | H31: 1710.6725 | I31: 1392.2913 | J31: 1504.3923 | K31: 1587.892 | L31: 1573.8218 | M31: 1871.058 | N31: 2338.4789 | O31: 2262.1021 | P31: 2068.6056 | Q31: 1720.644 | R31: 1100.6331 | S31: 618.57268 | T31: 503.67158 | U31: =SUM(C31:T31) -> 28016.762
... A33: 2030 | C33: 1427.104 | D33: 1491.3307 | E33: 1493.347 | F33: 1461.3619 | G33: 1435.5031 | H33: 1380.1824 | I33: 1603.2565 | J33: 1824.8018 | K33: 1491.0703 | L33: 1577.7639 | M33: 1628.9218 | N33: 1553.7541 | O33: 1737.8048 | P33: 2036.7893 | Q33: 1871.5157 | R33: 1495.2909 | S33: 979.76416 | T33: 631.52762 | U33: =SUM(C33:T33) -> 27121.09
A35: Total
A36: 2001 | C36: =C20+C4 -> 2828 | D36: =D20+D4 -> 3439 | E36: =E20+E4 -> 4254 | F36: =F20+F4 -> 3908 | G36: =G20+G4 -> 2415 | H36: =H20+H4 -> 2478 | I36: =I20+I4 -> 3271 | J36: =J20+J4 -> 4249 | ... T36: =T20+T4 -> 1050 | U36: =SUM(C36:T36) -> 55157
A37: 2002 | C37: =C21+C5 -> 2825 | D37: =D21+D5 -> 3333 | E37: =E21+E5 -> 4267 | F37: =F21+F5 -> 4060 | G37: =G21+G5 -> 2462 | H37: =H21+H5 -> 2459 | I37: =I21+I5 -> 3228 | J37: =J21+J5 -> 4095 | ... T37: =T21+T5 -> 1073 | U37: =SUM(C37:T37) -> 55843
A38: 2003 | C38: =C22+C6 -> 2804 | D38: =D22+D6 -> 3298 | E38: =E22+E6 -> 4181 | F38: =F22+F6 -> 4119 | G38: =G22+G6 -> 2566 | H38: =H22+H6 -> 2518 | I38: =I22+I6 -> 3138 | J38: =J22+J6 -> 3871 | ... T38: =T22+T6 -> 1081 | U38: =SUM(C38:T38) -> 56206
A39: 2004 | C39: =C23+C7 -> 2856 | D39: =D23+D7 -> 3313 | E39: =E23+E7 -> 4141 | F39: =F23+F7 -> 4139 | G39: =G23+G7 -> 2736 | H39: =H23+H7 -> 2567 | I39: =I23+I7 -> 3025 | J39: =J23+J7 -> 3755 | ... T39: =T23+T7 -> 1061 | U39: =SUM(C39:T39) -> 56763
A40: 2005 | C40: =C24+C8 -> 2880 | D40: =D24+D8 -> 3293 | E40: =E24+E8 -> 3966 | F40: =F24+F8 -> 4213 | G40: =G24+G8 -> 2785 | H40: =H24+H8 -> 2619 | I40: =I24+I8 -> 2924 | J40: =J24+J8 -> 3678 | ... T40: =T24+T8 -> 1078 | U40: =SUM(C40:T40) -> 57235
A41: 2006 | C41: =C25+C9 -> 2937 | D41: =D25+D9 -> 3217 | E41: =E25+E9 -> 3896 | F41: =F25+F9 -> 4243 | G41: =G25+G9 -> 2769 | H41: =H25+H9 -> 2677 | I41: =I25+I9 -> 2883 | J41: =J25+J9 -> 3676 | ... T41: =T25+T9 -> 1109 | U41: =SUM(C41:T41) -> 57556
A42: 2007 | C42: =C26+C10 -> 3065 | D42: =D26+D10 -> 3245 | E42: =E26+E10 -> 3779 | F42: =F26+F10 -> 4216 | G42: =G26+G10 -> 2817 | H42: =H26+H10 -> 2744 | I42: =I26+I10 -> 2913 | J42: =J26+J10 -> 3575 | ... T42: =T26+T10 -> 1129 | U42: =SUM(C42:T42) -> 57966
A43: 2008 | C43: =C27+C11 -> 3120 | D43: =D27+D11 -> 3220 | E43: =E27+E11 -> 3719 | F43: =F27+F11 -> 4157 | G43: =G27+G11 -> 2790 | H43: =H27+H11 -> 2821 | I43: =I27+I11 -> 2912 | J43: =J27+J11 -> 3496 | ... T43: =T27+T11 -> 1175 | U43: =SUM(C43:T43) -> 58138
A44: 2009 | C44: =C28+C12 -> 3035 | D44: =D28+D12 -> 3171 | E44: =E28+E12 -> 3665 | F44: =F28+F12 -> 4090 | G44: =G28+G12 -> 2681 | H44: =H28+H12 -> 2791 | I44: =I28+I12 -> 2943 | J44: =J28+J12 -> 3326 | ... T44: =T28+T12 -> 1244 | U44: =SUM(C44:T44) -> 57923
A45: 2010 | C45: =C29+C13 -> 2951 | D45: =D29+D13 -> 3152 | E45: =E29+E13 -> 3588 | F45: =F29+F13 -> 3966 | G45: =G29+G13 -> 2685 | H45: =H29+H13 -> 2793 | I45: =I29+I13 -> 3004 | J45: =J29+J13 -> 3168 | ... T45: =T29+T13 -> 1288 | U45: =SUM(C45:T45) -> 57739
A46: 2015 | C46: =C30+C14 -> 2799.459 | D46: =D30+D14 -> 3005.1275 | E46: =E30+E14 -> 3147.7938 | F46: =F30+F14 -> 3575.2221 | G46: =G30+G14 -> 3617.563 | H46: =H30+H14 -> 2521.1112 | I46: =I30+I14 -> 3046.2428 | J46: =J30+J14 -> 3143.7733 | ... T46: =T30+T14 -> 1325.4926 | U46: =SUM(C46:T46) -> 57514.404
A47: 2020 | C47: =C31+C15 -> 2870.8627 | D47: =D31+D15 -> 2876.6878 | E47: =E31+E15 -> 3009.5775 | F47: =F31+F15 -> 3153.0976 | G47: =G31+G15 -> 3278.5763 | H47: =H31+H15 -> 3259.139 | I47: =I31+I15 -> 2810.3731 | J47: =J31+J15 -> 3197.7316 | ... T47: =T31+T15 -> 1371.8844 | U47: =SUM(C47:T47) -> 57188.666
... A49: 2030 | C49: =C33+C17 -> 2795.1974 | D49: =D33+D17 -> 2949.7126 | E49: =E33+E17 -> 2963.1803 | F49: =F33+F17 -> 2911.2981 | G49: =G33+G17 -> 2802.466 | H49: =H33+H17 -> 2732.4305 | I49: =I33+I17 -> 3275.0765 | J49: =J33+J17 -> 3598.9794 | ... T49: =T33+T17 -> 1641.6073 | U49: =SUM(C49:T49) -> 56194.399

Sheet 19
A1: 19 | B1: PENOBSCOT
A2: Age | C2: 0-4 | D2: 5-9 | E2: 10-14 | F2: 15-19 | G2: 20-24 | H2: 25-29 | I2: 30-34 | J2: 35-39 | K2: 40-44 | L2: 45-49 | M2: 50-54 | N2: 55-59 | O2: 60-64 | P2: 65-69 | Q2: 70-74 | R2: 75-79 | S2: 80-84 | T2: 85+ | U2: Total
A3: Female
A4: 2001 | C4: 3751 | D4: 4195 | E4: 4983 | F4: 5693 | G4: 5693 | H4: 4343 | I4: 4778 | J4: 5729 | K4: 6243 | L4: 5864 | M4: 5370 | N4: 3796 | O4: 3108 | P4: 2914 | Q4: 2736 | R4: 2241 | S4: 1603 | T4: 1640 | U4: =SUM(C4:T4) -> 74680
A5: 2002 | C5: 3910 | D5: 4064 | E5: 4906 | F5: 5701 | G5: 5923 | H5: 4328 | I5: 4607 | J5: 5648 | K5: 6182 | L5: 5999 | M5: 5385 | N5: 4121 | O5: 3272 | P5: 2800 | Q5: 2753 | R5: 2299 | S5: 1682 | T5: 1646 | U5: =SUM(C5:T5) -> 75226
A6: 2003 | C6: 3866 | D6: 4032 | E6: 4892 | F6: 5805 | G6: 5982 | H6: 4434 | I6: 4490 | J6: 5417 | K6: 6177 | L6: 6208 | M6: 5477 | N6: 4330 | O6: 3363 | P6: 2856 | Q6: 2757 | R6: 2308 | S6: 1692 | T6: 1672 | U6: =SUM(C6:T6) -> 75758
A7: 2004 | C7: 3897 | D7: 3944 | E7: 4691 | F7: 5830 | G7: 5930 | H7: 4569 | I7: 4424 | J7: 5153 | K7: 6179 | L7: 6165 | M7: 5585 | N7: 4564 | O7: 3521 | P7: 2878 | Q7: 2708 | R7: 2355 | S7: 1684 | T7: 1710 | U7: =SUM(C7:T7) -> 75787
A8: 2005 | C8: 3920 | D8: 3917 | E8: 4552 | F8: 5879 | G8: 6019 | H8: 4637 | I8: 4297 | J8: 4991 | K8: 6065 | L8: 6265 | M8: 5697 | N8: 4882 | O8: 3616 | P8: 2894 | Q8: 2690 | R8: 2355 | S8: 1754 | T8: 1733 | U8: =SUM(C8:T8) -> 76163
A9: 2006 | C9: 3902 | D9: 3984 | E9: 4385 | F9: 6035 | G9: 6141 | H9: 4696 | I9: 4193 | J9: 4968 | K9: 5887 | L9: 6275 | M9: 5832 | N9: 5260 | O9: 3690 | P9: 2954 | Q9: 2686 | R9: 2379 | S9: 1870 | T9: 1787 | U9: =SUM(C9:T9) -> 76924
A10: 2007 | C10: 3935 | D10: 4068 | E10: 4253 | F10: 5901 | G10: 6150 | H10: 4816 | I10: 4108 | J10: 4850 | K10: 5800 | L10: 6269 | M10: 6003 | N10: 5310 | O10: 4040 | P10: 3102 | Q10: 2627 | R10: 2409 | S10: 1923 | T10: 1769 | U10: =SUM(C10:T10) -> 77333
A11: 2008 | C11: 3924 | D11: 4044 | E11: 4197 | F11: 5963 | G11: 6322 | H11: 4807 | I11: 4045 | J11: 4769 | K11: 5521 | L11: 6253 | M11: 6174 | N11: 5362 | O11: 4267 | P11: 3198 | Q11: 2752 | R11: 2384 | S11: 1961 | T11: 1883 | U11: =SUM(C11:T11) -> 77826
A12: 2009 | C12: 3871 | D12: 4032 | E12: 4187 | F12: 5850 | G12: 6490 | H12: 4696 | I12: 4096 | J12: 4752 | K12: 5258 | L12: 6224 | M12: 6196 | N12: 5478 | O12: 4485 | P12: 3328 | Q12: 2747 | R12: 2369 | S12: 2021 | T12: 1932 | U12: =SUM(C12:T12) -> 78012
A13: 2010 | C13: 3833 | D13: 4026 | E13: 4095 | F13: 5754 | G13: 6645 | H13: 4650 | I13: 4141 | J13: 4527 | K13: 5084 | L13: 6054 | M13: 6289 | N13: 5610 | O13: 4745 | P13: 3404 | Q13: 2796 | R13: 2365 | S13: 2021 | T13: 1976 | U13: =SUM(C13:T13) -> 78015
A14: 2015 | C14: 3974.4789 | D14: 3866.0231 | E14: 4005.3844 | F14: 5104.78 | G14: 5407.6755 | H14: 4549.7511 | I14: 4582.7367 | J14: 4104.9966 | K14: 4647.3494 | L14: 5064.0209 | M14: 5948.4491 | N14: 6212.2314 | O14: 5433.5504 | P14: 4465.934 | Q14: 3142.0644 | R14: 2420.7719 | S14: 1864.8777 | T14: 2204.1528 | U14: =SUM(C14:T14) -> 76999.228
A15: 2020 | C15: 3826.8624 | D15: 4008.259 | E15: 3859.119 | F15: 5025.1884 | G15: 5830.9885 | H15: 4346.9566 | I15: 4501.3706 | J15: 4526.2221 | K15: 4262.9083 | L15: 4650.1797 | M15: 4995.0582 | N15: 5871.6514 | O15: 6005.0611 | P15: 5110.3855 | Q15: 4109.3141 | R15: 2727.9631 | S15: 1919.4219 | T15: 2225.7419 | U15: =SUM(C15:T15) -> 77802.652
... A17: 2030 | C17: 3955.8927 | D17: 3932.2877 | E17: 3877.9845 | F17: 5034.6898 | G17: 5747.3886 | H17: 4829.5397 | I17: 4736.6126 | J17: 4277.0283 | K17: 4627.8548 | L17: 4711.5324 | M17: 4274.7199 | N17: 4588.8449 | O17: 4806.6304 | P17: 5325.0791 | Q17: 5176.8864 | R17: 4066.9351 | S17: 2821.2407 | T17: 2481.0367 | U17: =SUM(C17:T17) -> 79272.184
A19: Male
A20: 2001 | C20: 4055 | D20: 4512 | E20: 5217 | F20: 5984 | G20: 5860 | H20: 4031 | I20: 4620 | J20: 5460 | K20: 6116 | L20: 5573 | M20: 5345 | N20: 3782 | O20: 2966 | P20: 2612 | Q20: 2202 | R20: 1600 | S20: 900 | T20: 595 | U20: =SUM(C20:T20) -> 71430
A21: 2002 | C21: 4023 | D21: 4432 | E21: 5191 | F21: 6094 | G21: 5990 | H21: 4169 | I21: 4492 | J21: 5318 | K21: 6102 | L21: 5686 | M21: 5329 | N21: 4144 | O21: 2997 | P21: 2604 | Q21: 2267 | R21: 1660 | S21: 946 | T21: 628 | U21: =SUM(C21:T21) -> 72072
A22: 2003 | C22: 4057 | D22: 4351 | E22: 5122 | F22: 6243 | G22: 6343 | H22: 4284 | I22: 4422 | J22: 5123 | K22: 6072 | L22: 5902 | M22: 5332 | N22: 4361 | O22: 3110 | P22: 2643 | Q22: 2286 | R22: 1707 | S22: 989 | T22: 654 | U22: =SUM(C22:T22) -> 73001
A23: 2004 | C23: 4091 | D23: 4295 | E23: 4981 | F23: 6170 | G23: 6289 | H23: 4374 | I23: 4266 | J23: 4964 | K23: 5925 | L23: 5945 | M23: 5467 | N23: 4617 | O23: 3290 | P23: 2637 | Q23: 2237 | R23: 1737 | S23: 1053 | T23: 689 | U23: =SUM(C23:T23) -> 73027
A24: 2005 | C24: 4117 | D24: 4243 | E24: 4773 | F24: 6229 | G24: 6462 | H24: 4568 | I24: 4089 | J24: 4794 | K24: 5844 | L24: 6067 | M24: 5525 | N24: 4901 | O24: 3448 | P24: 2629 | Q24: 2226 | R24: 1835 | S24: 1112 | T24: 701 | U24: =SUM(C24:T24) -> 73563
A25: 2006 | C25: 4168 | D25: 4231 | E25: 4703 | F25: 6360 | G25: 6786 | H25: 4669 | I25: 3974 | J25: 4768 | K25: 5689 | L25: 6086 | M25: 5503 | N25: 5232 | O25: 3573 | P25: 2700 | Q25: 2337 | R25: 1795 | S25: 1162 | T25: 786 | U25: =SUM(C25:T25) -> 74522
A26: 2007 | C26: 4230 | D26: 4192 | E26: 4542 | F26: 6339 | G26: 6808 | H26: 4751 | I26: 3957 | J26: 4704 | K26: 5455 | L26: 6097 | M26: 5679 | N26: 5194 | O26: 3923 | P26: 2787 | Q26: 2337 | R26: 1865 | S26: 1233 | T26: 806 | U26: =SUM(C26:T26) -> 74899
A27: 2008 | C27: 4206 | D27: 4180 | E27: 4438 | F27: 6408 | G27: 7128 | H27: 4784 | I27: 3968 | J27: 4595 | K27: 5293 | L27: 5969 | M27: 5866 | N27: 5198 | O27: 4156 | P27: 2923 | Q27: 2352 | R27: 1937 | S27: 1282 | T27: 863 | U27: =SUM(C27:T27) -> 75546
A28: 2009 | C28: 4183 | D28: 4162 | E28: 4371 | F28: 6342 | G28: 7285 | H28: 4754 | I28: 4033 | J28: 4544 | K28: 5045 | L28: 5832 | M28: 5972 | N28: 5348 | O28: 4370 | P28: 3081 | Q28: 2338 | R28: 1895 | S28: 1281 | T28: 922 | U28: =SUM(C28:T28) -> 75758
A29: 2010 | C29: 4117 | D29: 4248 | E29: 4321 | F29: 6140 | G29: 7356 | H29: 4765 | I29: 4122 | J29: 4311 | K29: 4878 | L29: 5691 | M29: 6053 | N29: 5453 | O29: 4612 | P29: 3202 | Q29: 2349 | R29: 1902 | S29: 1339 | T29: 964 | U29: =SUM(C29:T29) -> 75823
A30: 2015 | C30: 4225.2913 | D30: 4141.8886 | E30: 4223.0893 | F30: 5637.6759 | G30: 6761.6162 | H30: 5674.5276 | I30: 4667.862 | J30: 4068.9173 | K30: 4432.8797 | L30: 4831.6341 | M30: 5526.0145 | N30: 5868.6852 | O30: 5154.1411 | P30: 4200.7014 | Q30: 2813.9049 | R30: 1936.3459 | S30: 1407.9143 | T30: 1177.4597 | U30: =SUM(C30:T30) -> 76750.549
A31: 2020 | C31: 4068.3594 | D31: 4252.9573 | E31: 4129.0542 | F31: 5550.7842 | G31: 6372.9507 | H31: 5123.4765 | I31: 5491.1297 | J31: 4580.344 | K31: 4227.1658 | L31: 4415.7704 | M31: 4711.0447 | N31: 5363.6231 | O31: 5539.1081 | P31: 4694.4364 | Q31: 3677.5859 | R31: 2324.797 | S31: 1446.2546 | T31: 1309.7851 | U31: =SUM(C31:T31) -> 77278.627
... A33: 2030 | C33: 4205.5322 | D33: 4172.5238 | E33: 4111.1084 | F33: 5582.658 | G33: 6334.8604 | H33: 4902.1976 | I33: 4780.5433 | J33: 4871.9475 | K33: 5467.0618 | L33: 4727.6409 | M33: 4169.1144 | N33: 4246.5314 | O33: 4360.8148 | P33: 4612.095 | Q33: 4406.4649 | R33: 3384.1664 | S33: 2256.81 | T33: 1629.1477 | U33: =SUM(C33:T33) -> 78221.219
A35: Total
A36: 2001 | C36: =C20+C4 -> 7806 | D36: =D20+D4 -> 8707 | E36: =E20+E4 -> 10200 | F36: =F20+F4 -> 11677 | G36: =G20+G4 -> 11553 | H36: =H20+H4 -> 8374 | I36: =I20+I4 -> 9398 | J36: =J20+J4 -> 11189 | ... T36: =T20+T4 -> 2235 | U36: =SUM(C36:T36) -> 146110
A37: 2002 | C37: =C21+C5 -> 7933 | D37: =D21+D5 -> 8496 | E37: =E21+E5 -> 10097 | F37: =F21+F5 -> 11795 | G37: =G21+G5 -> 11913 | H37: =H21+H5 -> 8497 | I37: =I21+I5 -> 9099 | J37: =J21+J5 -> 10966 | ... T37: =T21+T5 -> 2274 | U37: =SUM(C37:T37) -> 147298
A38: 2003 | C38: =C22+C6 -> 7923 | D38: =D22+D6 -> 8383 | E38: =E22+E6 -> 10014 | F38: =F22+F6 -> 12048 | G38: =G22+G6 -> 12325 | H38: =H22+H6 -> 8718 | I38: =I22+I6 -> 8912 | J38: =J22+J6 -> 10540 | ... T38: =T22+T6 -> 2326 | U38: =SUM(C38:T38) -> 148759
A39: 2004 | C39: =C23+C7 -> 7988 | D39: =D23+D7 -> 8239 | E39: =E23+E7 -> 9672 | F39: =F23+F7 -> 12000 | G39: =G23+G7 -> 12219 | H39: =H23+H7 -> 8943 | I39: =I23+I7 -> 8690 | J39: =J23+J7 -> 10117 | ... T39: =T23+T7 -> 2399 | U39: =SUM(C39:T39) -> 148814
A40: 2005 | C40: =C24+C8 -> 8037 | D40: =D24+D8 -> 8160 | E40: =E24+E8 -> 9325 | F40: =F24+F8 -> 12108 | G40: =G24+G8 -> 12481 | H40: =H24+H8 -> 9205 | I40: =I24+I8 -> 8386 | J40: =J24+J8 -> 9785 | ... T40: =T24+T8 -> 2434 | U40: =SUM(C40:T40) -> 149726
A41: 2006 | C41: =C25+C9 -> 8070 | D41: =D25+D9 -> 8215 | E41: =E25+E9 -> 9088 | F41: =F25+F9 -> 12395 | G41: =G25+G9 -> 12927 | H41: =H25+H9 -> 9365 | I41: =I25+I9 -> 8167 | J41: =J25+J9 -> 9736 | ... T41: =T25+T9 -> 2573 | U41: =SUM(C41:T41) -> 151446
A42: 2007 | C42: =C26+C10 -> 8165 | D42: =D26+D10 -> 8260 | E42: =E26+E10 -> 8795 | F42: =F26+F10 -> 12240 | G42: =G26+G10 -> 12958 | H42: =H26+H10 -> 9567 | I42: =I26+I10 -> 8065 | J42: =J26+J10 -> 9554 | ... T42: =T26+T10 -> 2575 | U42: =SUM(C42:T42) -> 152232
A43: 2008 | C43: =C27+C11 -> 8130 | D43: =D27+D11 -> 8224 | E43: =E27+E11 -> 8635 | F43: =F27+F11 -> 12371 | G43: =G27+G11 -> 13450 | H43: =H27+H11 -> 9591 | I43: =I27+I11 -> 8013 | J43: =J27+J11 -> 9364 | ... T43: =T27+T11 -> 2746 | U43: =SUM(C43:T43) -> 153372
A44: 2009 | C44: =C28+C12 -> 8054 | D44: =D28+D12 -> 8194 | E44: =E28+E12 -> 8558 | F44: =F28+F12 -> 12192 | G44: =G28+G12 -> 13775 | H44: =H28+H12 -> 9450 | I44: =I28+I12 -> 8129 | J44: =J28+J12 -> 9296 | ... T44: =T28+T12 -> 2854 | U44: =SUM(C44:T44) -> 153770
A45: 2010 | C45: =C29+C13 -> 7950 | D45: =D29+D13 -> 8274 | E45: =E29+E13 -> 8416 | F45: =F29+F13 -> 11894 | G45: =G29+G13 -> 14001 | H45: =H29+H13 -> 9415 | I45: =I29+I13 -> 8263 | J45: =J29+J13 -> 8838 | ... T45: =T29+T13 -> 2940 | U45: =SUM(C45:T45) -> 153838
A46: 2015 | C46: =C30+C14 -> 8199.7702 | D46: =D30+D14 -> 8007.9117 | E46: =E30+E14 -> 8228.4737 | F46: =F30+F14 -> 10742.456 | G46: =G30+G14 -> 12169.292 | H46: =H30+H14 -> 10224.279 | I46: =I30+I14 -> 9250.5987 | J46: =J30+J14 -> 8173.9139 | ... T46: =T30+T14 -> 3381.6125 | U46: =SUM(C46:T46) -> 153749.78
A47: 2020 | C47: =C31+C15 -> 7895.2218 | D47: =D31+D15 -> 8261.2163 | E47: =E31+E15 -> 7988.1732 | F47: =F31+F15 -> 10575.973 | G47: =G31+G15 -> 12203.939 | H47: =H31+H15 -> 9470.4331 | I47: =I31+I15 -> 9992.5003 | J47: =J31+J15 -> 9106.5661 | ... T47: =T31+T15 -> 3535.527 | U47: =SUM(C47:T47) -> 155081.28
... A49: 2030 | C49: =C33+C17 -> 8161.4249 | D49: =D33+D17 -> 8104.8115 | E49: =E33+E17 -> 7989.0929 | F49: =F33+F17 -> 10617.348 | G49: =G33+G17 -> 12082.249 | H49: =H33+H17 -> 9731.7373 | I49: =I33+I17 -> 9517.1559 | J49: =J33+J17 -> 9148.9758 | ... T49: =T33+T17 -> 4110.1844 | U49: =SUM(C49:T49) -> 157493.4

Sheet 21
A1: 21 | B1: PISCATAQUIS
A2: Age | C2: 0-4 | D2: 5-9 | E2: 10-14 | F2: 15-19 | G2: 20-24 | H2: 25-29 | I2: 30-34 | J2: 35-39 | K2: 40-44 | L2: 45-49 | M2: 50-54 | N2: 55-59 | O2: 60-64 | P2: 65-69 | Q2: 70-74 | R2: 75-79 | S2: 80-84 | T2: 85+ | U2: Total
A3: Female
A4: 2001 | C4: 396 | D4: 493 | E4: 648 | F4: 590 | G4: 302 | H4: 342 | I4: 477 | J4: 612 | K4: 761 | L4: 739 | M4: 701 | N4: 551 | O4: 437 | P4: 390 | Q4: 398 | R4: 363 | S4: 280 | T4: 294 | U4: =SUM(C4:T4) -> 8774
A5: 2002 | C5: 374 | D5: 481 | E5: 614 | F5: 623 | G5: 307 | H5: 345 | I5: 445 | J5: 593 | K5: 751 | L5: 763 | M5: 686 | N5: 615 | O5: 442 | P5: 410 | Q5: 403 | R5: 375 | S5: 271 | T5: 291 | U5: =SUM(C5:T5) -> 8789
A6: 2003 | C6: 376 | D6: 483 | E6: 596 | F6: 622 | G6: 334 | H6: 337 | I6: 449 | J6: 550 | K6: 763 | L6: 768 | M6: 676 | N6: 678 | O6: 460 | P6: 436 | Q6: 414 | R6: 369 | S6: 272 | T6: 297 | U6: =SUM(C6:T6) -> 8880
A7: 2004 | C7: 392 | D7: 486 | E7: 565 | F7: 611 | G7: 350 | H7: 340 | I7: 417 | J7: 563 | K7: 729 | L7: 759 | M7: 728 | N7: 682 | O7: 479 | P7: 453 | Q7: 393 | R7: 357 | S7: 299 | T7: 279 | U7: =SUM(C7:T7) -> 8882
A8: 2005 | C8: 424 | D8: 446 | E8: 545 | F8: 598 | G8: 383 | H8: 329 | I8: 432 | J8: 567 | K8: 714 | L8: 754 | M8: 759 | N8: 677 | O8: 529 | P8: 432 | Q8: 406 | R8: 346 | S8: 318 | T8: 279 | U8: =SUM(C8:T8) -> 8938
A9: 2006 | C9: 428 | D9: 456 | E9: 532 | F9: 567 | G9: 387 | H9: 337 | I9: 400 | J9: 566 | K9: 660 | L9: 769 | M9: 771 | N9: 729 | O9: 580 | P9: 426 | Q9: 386 | R9: 366 | S9: 310 | T9: 281 | U9: =SUM(C9:T9) -> 8951
A10: 2007 | C10: 412 | D10: 437 | E10: 535 | F10: 544 | G10: 383 | H10: 350 | I10: 402 | J10: 543 | K10: 635 | L10: 757 | M10: 795 | N10: 726 | O10: 649 | P10: 447 | Q10: 401 | R10: 361 | S10: 297 | T10: 296 | U10: =SUM(C10:T10) -> 8970
A11: 2008 | C11: 433 | D11: 416 | E11: 533 | F11: 531 | G11: 343 | H11: 367 | I11: 406 | J11: 492 | K11: 604 | L11: 735 | M11: 805 | N11: 726 | O11: 703 | P11: 471 | Q11: 425 | R11: 344 | S11: 289 | T11: 266 | U11: =SUM(C11:T11) -> 8889
A12: 2009 | C12: 395 | D12: 446 | E12: 511 | F12: 491 | G12: 365 | H12: 341 | I12: 386 | J12: 475 | K12: 624 | L12: 693 | M12: 800 | N12: 763 | O12: 698 | P12: 502 | Q12: 440 | R12: 315 | S12: 275 | T12: 282 | U12: =SUM(C12:T12) -> 8802
A13: 2010 | C13: 370 | D13: 456 | E13: 481 | F13: 488 | G13: 364 | H13: 358 | I13: 377 | J13: 482 | K13: 619 | L13: 677 | M13: 810 | N13: 779 | O13: 714 | P13: 552 | Q13: 430 | R13: 317 | S13: 265 | T13: 307 | U13: =SUM(C13:T13) -> 8846
A14: 2015 | C14: 379.7919 | D14: 382.22469 | E14: 431.70184 | F14: 453.72778 | G14: 389.40381 | H14: 322.25451 | I14: 398.38157 | J14: 422.60938 | K14: 467.71408 | L14: 596.3926 | M14: 656.83883 | N14: 765.94063 | O14: 769.23363 | P14: 738.05037 | Q14: 488.3913 | R14: 400.63618 | S14: 245.42761 | T14: 268.72932 | U14: =SUM(C14:T14) -> 8577.45
A15: 2020 | C15: 370.683 | D15: 392.74353 | E15: 365.94792 | F15: 410.32341 | G15: 364.26797 | H15: 340.99987 | I15: 366.29897 | J15: 446.10948 | K15: 415.4367 | L15: 453.99644 | M15: 579.79675 | N15: 623.60335 | O15: 756.88059 | P15: 797.29606 | Q15: 652.36876 | R15: 459.08738 | S15: 309.87596 | T15: 244.02714 | U15: =SUM(C15:T15) -> 8349.7433
... A17: 2030 | C17: 337.88319 | D17: 374.79876 | E17: 370.62124 | F17: 362.41648 | G17: 288.43169 | H17: 301.02696 | I17: 370.74842 | J17: 431.11204 | K17: 411.57537 | L17: 428.02139 | M17: 399.66625 | N17: 428.7201 | O17: 549.4365 | P17: 651.19835 | Q17: 695.61683 | R17: 656.56356 | S17: 468.71071 | T17: 307.17943 | U17: =SUM(C17:T17) -> 7833.7273
A19: Male
A20: 2001 | C20: 408 | D20: 482 | E20: 620 | F20: 695 | G20: 293 | H20: 347 | I20: 436 | J20: 576 | K20: 740 | L20: 711 | M20: 763 | N20: 570 | O20: 454 | P20: 403 | Q20: 375 | R20: 271 | S20: 163 | T20: 122 | U20: =SUM(C20:T20) -> 8429
A21: 2002 | C21: 409 | D21: 447 | E21: 640 | F21: 680 | G21: 315 | H21: 333 | I21: 443 | J21: 531 | K21: 729 | L21: 719 | M21: 741 | N21: 657 | O21: 490 | P21: 396 | Q21: 375 | R21: 297 | S21: 155 | T21: 123 | U21: =SUM(C21:T21) -> 8480
A22: 2003 | C22: 396 | D22: 464 | E22: 603 | F22: 656 | G22: 345 | H22: 338 | I22: 425 | J22: 543 | K22: 705 | L22: 727 | M22: 752 | N22: 695 | O22: 557 | P22: 395 | Q22: 373 | R22: 294 | S22: 167 | T22: 118 | U22: =SUM(C22:T22) -> 8553
A23: 2004 | C23: 395 | D23: 464 | E23: 616 | F23: 616 | G23: 367 | H23: 316 | I23: 442 | J23: 500 | K23: 712 | L23: 726 | M23: 738 | N23: 709 | O23: 610 | P23: 413 | Q23: 386 | R23: 309 | S23: 163 | T23: 129 | U23: =SUM(C23:T23) -> 8611
A24: 2005 | C24: 387 | D24: 461 | E24: 616 | F24: 631 | G24: 377 | H24: 301 | I24: 452 | J24: 495 | K24: 673 | L24: 747 | M24: 706 | N24: 765 | O24: 650 | P24: 432 | Q24: 366 | R24: 307 | S24: 190 | T24: 120 | U24: =SUM(C24:T24) -> 8676
A25: 2006 | C25: 368 | D25: 471 | E25: 576 | F25: 626 | G25: 356 | H25: 310 | I25: 415 | J25: 497 | K25: 637 | L25: 764 | M25: 708 | N25: 811 | O25: 648 | P25: 451 | Q25: 368 | R25: 301 | S25: 210 | T25: 129 | U25: =SUM(C25:T25) -> 8646
A26: 2007 | C26: 382 | D26: 463 | E26: 553 | F26: 637 | G26: 348 | H26: 318 | I26: 387 | J26: 494 | K26: 601 | L26: 775 | M26: 726 | N26: 774 | O26: 739 | P26: 488 | Q26: 368 | R26: 303 | S26: 206 | T26: 128 | U26: =SUM(C26:T26) -> 8690
A27: 2008 | C27: 380 | D27: 456 | E27: 540 | F27: 615 | G27: 335 | H27: 304 | I27: 395 | J27: 485 | K27: 570 | L27: 742 | M27: 737 | N27: 776 | O27: 744 | P27: 551 | Q27: 356 | R27: 307 | S27: 219 | T27: 133 | U27: =SUM(C27:T27) -> 8645
A28: 2009 | C28: 390 | D28: 452 | E28: 527 | F28: 592 | G28: 298 | H28: 328 | I28: 372 | J28: 493 | K28: 539 | L28: 703 | M28: 768 | N28: 773 | O28: 748 | P28: 612 | Q28: 379 | R28: 303 | S28: 220 | T28: 134 | U28: =SUM(C28:T28) -> 8631
A29: 2010 | C29: 394 | D29: 442 | E29: 519 | F29: 573 | G29: 286 | H29: 351 | I29: 378 | J29: 489 | K29: 532 | L29: 685 | M29: 772 | N29: 774 | O29: 790 | P29: 633 | Q29: 421 | R29: 285 | S29: 214 | T29: 161 | U29: =SUM(C29:T29) -> 8699
A30: 2015 | C30: 373.95319 | D30: 405.18196 | E30: 421.64178 | F30: 495.16084 | G30: 485.43574 | H30: 251.77663 | I30: 379.01255 | J30: 410.7232 | K30: 476.83897 | L30: 508.61321 | M30: 655.75387 | N30: 720.43505 | O30: 742.90584 | P30: 768.69804 | Q30: 526.36729 | R30: 360.3234 | S30: 210.2866 | T30: 185.86533 | U30: =SUM(C30:T30) -> 8378.9735
A31: 2020 | C31: 364.98433 | D31: 387.93447 | E31: 388.61552 | F31: 406.29854 | G31: 422.12668 | H31: 402.98484 | I31: 287.56058 | J31: 413.62992 | K31: 405.89554 | L31: 457.28175 | M31: 489.31962 | N31: 613.5405 | O31: 692.82729 | P31: 732.13135 | Q31: 638.99191 | R31: 451.66747 | S31: 265.69157 | T31: 194.73462 | U31: =SUM(C31:T31) -> 8016.2165
... A33: 2030 | C33: 332.68877 | D33: 369.23289 | E33: 367.29151 | F33: 363.49983 | G33: 325.95676 | H33: 302.85852 | I33: 387.27075 | J33: 460.66206 | K33: 328.77822 | L33: 395.81269 | M33: 380.44053 | N33: 418.60781 | O33: 448.51451 | P33: 592.76593 | Q33: 572.55809 | R33: 526.15061 | S33: 402.60276 | T33: 281.90717 | U33: =SUM(C33:T33) -> 7257.5994
A35: Total
A36: 2001 | C36: =C20+C4 -> 804 | D36: =D20+D4 -> 975 | E36: =E20+E4 -> 1268 | F36: =F20+F4 -> 1285 | G36: =G20+G4 -> 595 | H36: =H20+H4 -> 689 | I36: =I20+I4 -> 913 | J36: =J20+J4 -> 1188 | ... T36: =T20+T4 -> 416 | U36: =SUM(C36:T36) -> 17203
A37: 2002 | C37: =C21+C5 -> 783 | D37: =D21+D5 -> 928 | E37: =E21+E5 -> 1254 | F37: =F21+F5 -> 1303 | G37: =G21+G5 -> 622 | H37: =H21+H5 -> 678 | I37: =I21+I5 -> 888 | J37: =J21+J5 -> 1124 | ... T37: =T21+T5 -> 414 | U37: =SUM(C37:T37) -> 17269
A38: 2003 | C38: =C22+C6 -> 772 | D38: =D22+D6 -> 947 | E38: =E22+E6 -> 1199 | F38: =F22+F6 -> 1278 | G38: =G22+G6 -> 679 | H38: =H22+H6 -> 675 | I38: =I22+I6 -> 874 | J38: =J22+J6 -> 1093 | ... T38: =T22+T6 -> 415 | U38: =SUM(C38:T38) -> 17433
A39: 2004 | C39: =C23+C7 -> 787 | D39: =D23+D7 -> 950 | E39: =E23+E7 -> 1181 | F39: =F23+F7 -> 1227 | G39: =G23+G7 -> 717 | H39: =H23+H7 -> 656 | I39: =I23+I7 -> 859 | J39: =J23+J7 -> 1063 | ... T39: =T23+T7 -> 408 | U39: =SUM(C39:T39) -> 17493
A40: 2005 | C40: =C24+C8 -> 811 | D40: =D24+D8 -> 907 | E40: =E24+E8 -> 1161 | F40: =F24+F8 -> 1229 | G40: =G24+G8 -> 760 | H40: =H24+H8 -> 630 | I40: =I24+I8 -> 884 | J40: =J24+J8 -> 1062 | ... T40: =T24+T8 -> 399 | U40: =SUM(C40:T40) -> 17614
A41: 2006 | C41: =C25+C9 -> 796 | D41: =D25+D9 -> 927 | E41: =E25+E9 -> 1108 | F41: =F25+F9 -> 1193 | G41: =G25+G9 -> 743 | H41: =H25+H9 -> 647 | I41: =I25+I9 -> 815 | J41: =J25+J9 -> 1063 | ... T41: =T25+T9 -> 410 | U41: =SUM(C41:T41) -> 17597
A42: 2007 | C42: =C26+C10 -> 794 | D42: =D26+D10 -> 900 | E42: =E26+E10 -> 1088 | F42: =F26+F10 -> 1181 | G42: =G26+G10 -> 731 | H42: =H26+H10 -> 668 | I42: =I26+I10 -> 789 | J42: =J26+J10 -> 1037 | ... T42: =T26+T10 -> 424 | U42: =SUM(C42:T42) -> 17660
A43: 2008 | C43: =C27+C11 -> 813 | D43: =D27+D11 -> 872 | E43: =E27+E11 -> 1073 | F43: =F27+F11 -> 1146 | G43: =G27+G11 -> 678 | H43: =H27+H11 -> 671 | I43: =I27+I11 -> 801 | J43: =J27+J11 -> 977 | ... T43: =T27+T11 -> 399 | U43: =SUM(C43:T43) -> 17534
A44: 2009 | C44: =C28+C12 -> 785 | D44: =D28+D12 -> 898 | E44: =E28+E12 -> 1038 | F44: =F28+F12 -> 1083 | G44: =G28+G12 -> 663 | H44: =H28+H12 -> 669 | I44: =I28+I12 -> 758 | J44: =J28+J12 -> 968 | ... T44: =T28+T12 -> 416 | U44: =SUM(C44:T44) -> 17433
A45: 2010 | C45: =C29+C13 -> 764 | D45: =D29+D13 -> 898 | E45: =E29+E13 -> 1000 | F45: =F29+F13 -> 1061 | G45: =G29+G13 -> 650 | H45: =H29+H13 -> 709 | I45: =I29+I13 -> 755 | J45: =J29+J13 -> 971 | ... T45: =T29+T13 -> 468 | U45: =SUM(C45:T45) -> 17545
A46: 2015 | C46: =C30+C14 -> 753.74509 | D46: =D30+D14 -> 787.40665 | E46: =E30+E14 -> 853.34362 | F46: =F30+F14 -> 948.88862 | G46: =G30+G14 -> 874.83955 | H46: =H30+H14 -> 574.03114 | I46: =I30+I14 -> 777.39412 | J46: =J30+J14 -> 833.33259 | ... T46: =T30+T14 -> 454.59465 | U46: =SUM(C46:T46) -> 16956.424
A47: 2020 | C47: =C31+C15 -> 735.66732 | D47: =D31+D15 -> 780.678 | E47: =E31+E15 -> 754.56345 | F47: =F31+F15 -> 816.62195 | G47: =G31+G15 -> 786.39465 | H47: =H31+H15 -> 743.98471 | I47: =I31+I15 -> 653.85954 | J47: =J31+J15 -> 859.73939 | ... T47: =T31+T15 -> 438.76175 | U47: =SUM(C47:T47) -> 16365.96
... A49: 2030 | C49: =C33+C17 -> 670.57196 | D49: =D33+D17 -> 744.03164 | E49: =E33+E17 -> 737.91275 | F49: =F33+F17 -> 725.91632 | G49: =G33+G17 -> 614.38845 | H49: =H33+H17 -> 603.88548 | I49: =I33+I17 -> 758.01917 | J49: =J33+J17 -> 891.7741 | ... T49: =T33+T17 -> 589.0866 | U49: =SUM(C49:T49) -> 15091.327

Sheet 23
A1: 23 | B1: SAGADAHOC
A2: Age | C2: 0-4 | D2: 5-9 | E2: 10-14 | F2: 15-19 | G2: 20-24 | H2: 25-29 | I2: 30-34 | J2: 35-39 | K2: 40-44 | L2: 45-49 | M2: 50-54 | N2: 55-59 | O2: 60-64 | P2: 65-69 | Q2: 70-74 | R2: 75-79 | S2: 80-84 | T2: 85+ | U2: Total
A3: Female
A4: 2001 | C4: 965 | D4: 1204 | E4: 1299 | F4: 1194 | G4: 785 | H4: 983 | I4: 1257 | J4: 1444 | K4: 1588 | L4: 1571 | M4: 1344 | N4: 1033 | O4: 729 | P4: 640 | Q4: 568 | R4: 510 | S4: 426 | T4: 451 | U4: =SUM(C4:T4) -> 17991
A5: 2002 | C5: 984 | D5: 1164 | E5: 1280 | F5: 1164 | G5: 855 | H5: 936 | I5: 1258 | J5: 1388 | K5: 1650 | L5: 1567 | M5: 1324 | N5: 1128 | O5: 791 | P5: 639 | Q5: 604 | R5: 494 | S5: 419 | T5: 456 | U5: =SUM(C5:T5) -> 18101
A6: 2003 | C6: 1029 | D6: 1132 | E6: 1322 | F6: 1137 | G6: 922 | H6: 949 | I6: 1264 | J6: 1345 | K6: 1627 | L6: 1551 | M6: 1417 | N6: 1167 | O6: 889 | P6: 684 | Q6: 597 | R6: 489 | S6: 441 | T6: 477 | U6: =SUM(C6:T6) -> 18439
A7: 2004 | C7: 1019 | D7: 1084 | E7: 1296 | F7: 1144 | G7: 934 | H7: 895 | I7: 1192 | J7: 1307 | K7: 1616 | L7: 1571 | M7: 1485 | N7: 1216 | O7: 958 | P7: 700 | Q7: 590 | R7: 537 | S7: 428 | T7: 490 | U7: =SUM(C7:T7) -> 18462
A8: 2005 | C8: 999 | D8: 1028 | E8: 1255 | F8: 1123 | G8: 927 | H8: 890 | I8: 1095 | J8: 1290 | K8: 1571 | L8: 1591 | M8: 1543 | N8: 1288 | O8: 1016 | P8: 723 | Q8: 608 | R8: 510 | S8: 399 | T8: 479 | U8: =SUM(C8:T8) -> 18335
A9: 2006 | C9: 1020 | D9: 986 | E9: 1209 | F9: 1092 | G9: 894 | H9: 937 | I9: 1031 | J9: 1312 | K9: 1467 | L9: 1625 | M9: 1574 | N9: 1381 | O9: 1032 | P9: 806 | Q9: 613 | R9: 536 | S9: 423 | T9: 510 | U9: =SUM(C9:T9) -> 18448
A10: 2007 | C10: 1030 | D10: 947 | E10: 1176 | F10: 1066 | G10: 890 | H10: 931 | I10: 957 | J10: 1342 | K10: 1388 | L10: 1637 | M10: 1576 | N10: 1397 | O10: 1131 | P10: 844 | Q10: 620 | R10: 542 | S10: 418 | T10: 509 | U10: =SUM(C10:T10) -> 18401
A11: 2008 | C11: 975 | D11: 996 | E11: 1123 | F11: 1070 | G11: 875 | H11: 941 | I11: 946 | J11: 1271 | K11: 1386 | L11: 1598 | M11: 1578 | N11: 1432 | O11: 1176 | P11: 916 | Q11: 647 | R11: 532 | S11: 410 | T11: 529 | U11: =SUM(C11:T11) -> 18401
A12: 2009 | C12: 926 | D12: 1035 | E12: 1083 | F12: 1054 | G12: 808 | H12: 939 | I12: 960 | J12: 1225 | K12: 1304 | L12: 1604 | M12: 1583 | N12: 1475 | O12: 1222 | P12: 985 | Q12: 664 | R12: 517 | S12: 449 | T12: 498 | U12: =SUM(C12:T12) -> 18331
A13: 2010 | C13: 916 | D13: 983 | E13: 1012 | F13: 1021 | G13: 798 | H13: 937 | I13: 942 | J13: 1143 | K13: 1258 | L13: 1578 | M13: 1604 | N13: 1499 | O13: 1258 | P13: 1021 | Q13: 711 | R13: 527 | S13: 412 | T13: 538 | U13: =SUM(C13:T13) -> 18158
A14: 2015 | C14: 872.3737 | D14: 930.97702 | E14: 980.43446 | F14: 1007.8368 | G14: 987.73018 | H14: 698.98089 | I14: 927.75035 | J14: 993.60133 | K14: 1147.9845 | L14: 1313.9867 | M14: 1557.5845 | N14: 1614.0242 | O14: 1458.0394 | P14: 1209.3775 | Q14: 978.33907 | R14: 620.17667 | S14: 450.56555 | T14: 545.03484 | U14: =SUM(C14:T14) -> 18294.798
A15: 2020 | C15: 851.21033 | D15: 897.23112 | E15: 934.51146 | F15: 980.86537 | G15: 981.77409 | H15: 842.66228 | I15: 739.1516 | J15: 989.76872 | K15: 1016.0105 | L15: 1212.1196 | M15: 1306.2447 | N15: 1562.2433 | O15: 1565.2178 | P15: 1400.2624 | Q15: 1156.4497 | R15: 850.90897 | S15: 531.87058 | T15: 573.91665 | U15: =SUM(C15:T15) -> 18392.419
... A17: 2030 | C17: 852.10315 | D17: 885.09005 | E17: 893.13885 | F17: 916.03908 | G17: 931.76928 | H17: 832.45877 | I17: 863.53639 | J17: 925.81162 | K17: 872.27345 | L17: 1102.912 | M17: 1107.114 | N17: 1239.4781 | O17: 1291.3109 | P17: 1449.3017 | Q17: 1430.2674 | R17: 1159.0993 | S17: 853.70714 | T17: 806.09332 | U17: =SUM(C17:T17) -> 18411.504
A19: Male
A20: 2001 | C20: 1132 | D20: 1210 | E20: 1472 | F20: 1243 | G20: 799 | H20: 890 | I20: 1219 | J20: 1366 | K20: 1622 | L20: 1457 | M20: 1313 | N20: 986 | O20: 774 | P20: 606 | Q20: 467 | R20: 372 | S20: 229 | T20: 175 | U20: =SUM(C20:T20) -> 17332
A21: 2002 | C21: 1091 | D21: 1214 | E21: 1461 | F21: 1279 | G21: 828 | H21: 890 | I21: 1223 | J21: 1297 | K21: 1630 | L21: 1500 | M21: 1269 | N21: 1099 | O21: 763 | P21: 650 | Q21: 464 | R21: 366 | S21: 250 | T21: 170 | U21: =SUM(C21:T21) -> 17444
A22: 2003 | C22: 1124 | D22: 1173 | E22: 1380 | F22: 1300 | G22: 892 | H22: 864 | I22: 1182 | J22: 1255 | K22: 1600 | L22: 1489 | M22: 1341 | N22: 1134 | O22: 835 | P22: 665 | Q22: 457 | R22: 382 | S22: 270 | T22: 184 | U22: =SUM(C22:T22) -> 17527
A23: 2004 | C23: 1123 | D23: 1149 | E23: 1322 | F23: 1339 | G23: 895 | H23: 879 | I23: 1074 | J23: 1284 | K23: 1542 | L23: 1507 | M23: 1377 | N23: 1207 | O23: 888 | P23: 698 | Q23: 489 | R23: 370 | S23: 292 | T23: 203 | U23: =SUM(C23:T23) -> 17638
A24: 2005 | C24: 1036 | D24: 1152 | E24: 1231 | F24: 1306 | G24: 927 | H24: 867 | I24: 986 | J24: 1261 | K24: 1469 | L24: 1549 | M24: 1395 | N24: 1247 | O24: 962 | P24: 691 | Q24: 547 | R24: 362 | S24: 308 | T24: 182 | U24: =SUM(C24:T24) -> 17478
A25: 2006 | C25: 998 | D25: 1160 | E25: 1166 | F25: 1242 | G25: 900 | H25: 895 | I25: 954 | J25: 1309 | K25: 1366 | L25: 1584 | M25: 1390 | N25: 1296 | O25: 961 | P25: 737 | Q25: 597 | R25: 392 | S25: 299 | T25: 201 | U25: =SUM(C25:T25) -> 17447
A26: 2007 | C26: 1039 | D26: 1096 | E26: 1144 | F26: 1216 | G26: 918 | H26: 918 | I26: 903 | J26: 1285 | K26: 1293 | L26: 1589 | M26: 1448 | N26: 1289 | O26: 1073 | P26: 751 | Q26: 645 | R26: 377 | S26: 298 | T26: 207 | U26: =SUM(C26:T26) -> 17489
A27: 2008 | C27: 1039 | D27: 1093 | E27: 1121 | F27: 1128 | G27: 919 | H27: 934 | I27: 898 | J27: 1205 | K27: 1267 | L27: 1565 | M27: 1453 | N27: 1320 | O27: 1126 | P27: 838 | Q27: 642 | R27: 376 | S27: 327 | T27: 208 | U27: =SUM(C27:T27) -> 17459
A28: 2009 | C28: 981 | D28: 1077 | E28: 1084 | F28: 1069 | G28: 892 | H28: 875 | I28: 889 | J28: 1134 | K28: 1268 | L28: 1489 | M28: 1443 | N28: 1337 | O28: 1174 | P28: 932 | Q28: 645 | R28: 417 | S28: 292 | T28: 238 | U28: =SUM(C28:T28) -> 17236
A29: 2010 | C29: 981 | D29: 1038 | E29: 1089 | F29: 1012 | G29: 800 | H29: 879 | I29: 863 | J29: 1043 | K29: 1230 | L29: 1435 | M29: 1492 | N29: 1356 | O29: 1199 | P29: 972 | Q29: 670 | R29: 460 | S29: 276 | T29: 252 | U29: =SUM(C29:T29) -> 17047
A30: 2015 | C30: 934.4742 | D30: 958.28721 | E30: 1012.2601 | F30: 1061.0142 | G30: 939.24551 | H30: 651.7316 | I30: 819.24032 | J30: 875.93522 | K30: 1025.4056 | L30: 1263.5795 | M30: 1382.4845 | N30: 1455.9243 | O30: 1266.3414 | P30: 1105.6361 | Q30: 902.57531 | R30: 545.21934 | S30: 364.83062 | T30: 297.71408 | U30: =SUM(C30:T30) -> 16861.899
A31: 2020 | C31: 911.8043 | D31: 922.74839 | E31: 941.43277 | F31: 992.63304 | G31: 985.80784 | H31: 748.86308 | I31: 652.55855 | J31: 847.67505 | K31: 881.18246 | L31: 1074.8229 | M31: 1223.3225 | N31: 1350.3248 | O31: 1355.7536 | P31: 1169.4105 | Q31: 1026.3294 | R31: 733.32973 | S31: 434.32227 | T31: 366.20537 | U31: =SUM(C31:T31) -> 16618.527
... A33: 2030 | C33: 912.76068 | D33: 909.22329 | E33: 897.87663 | F33: 904.24428 | G33: 883.04078 | H33: 751.89291 | I33: 759.31184 | J33: 767.63478 | K33: 742.72534 | L33: 934.07509 | M33: 941.08434 | N33: 1052.6195 | O33: 1128.2828 | P33: 1161.2162 | Q33: 1161.5711 | R33: 886.95275 | S33: 663.02805 | T33: 565.7612 | U33: =SUM(C33:T33) -> 16023.302
A35: Total
A36: 2001 | C36: =C20+C4 -> 2097 | D36: =D20+D4 -> 2414 | E36: =E20+E4 -> 2771 | F36: =F20+F4 -> 2437 | G36: =G20+G4 -> 1584 | H36: =H20+H4 -> 1873 | I36: =I20+I4 -> 2476 | J36: =J20+J4 -> 2810 | ... T36: =T20+T4 -> 626 | U36: =SUM(C36:T36) -> 35323
A37: 2002 | C37: =C21+C5 -> 2075 | D37: =D21+D5 -> 2378 | E37: =E21+E5 -> 2741 | F37: =F21+F5 -> 2443 | G37: =G21+G5 -> 1683 | H37: =H21+H5 -> 1826 | I37: =I21+I5 -> 2481 | J37: =J21+J5 -> 2685 | ... T37: =T21+T5 -> 626 | U37: =SUM(C37:T37) -> 35545
A38: 2003 | C38: =C22+C6 -> 2153 | D38: =D22+D6 -> 2305 | E38: =E22+E6 -> 2702 | F38: =F22+F6 -> 2437 | G38: =G22+G6 -> 1814 | H38: =H22+H6 -> 1813 | I38: =I22+I6 -> 2446 | J38: =J22+J6 -> 2600 | ... T38: =T22+T6 -> 661 | U38: =SUM(C38:T38) -> 35966
A39: 2004 | C39: =C23+C7 -> 2142 | D39: =D23+D7 -> 2233 | E39: =E23+E7 -> 2618 | F39: =F23+F7 -> 2483 | G39: =G23+G7 -> 1829 | H39: =H23+H7 -> 1774 | I39: =I23+I7 -> 2266 | J39: =J23+J7 -> 2591 | ... T39: =T23+T7 -> 693 | U39: =SUM(C39:T39) -> 36100
A40: 2005 | C40: =C24+C8 -> 2035 | D40: =D24+D8 -> 2180 | E40: =E24+E8 -> 2486 | F40: =F24+F8 -> 2429 | G40: =G24+G8 -> 1854 | H40: =H24+H8 -> 1757 | I40: =I24+I8 -> 2081 | J40: =J24+J8 -> 2551 | ... T40: =T24+T8 -> 661 | U40: =SUM(C40:T40) -> 35813
A41: 2006 | C41: =C25+C9 -> 2018 | D41: =D25+D9 -> 2146 | E41: =E25+E9 -> 2375 | F41: =F25+F9 -> 2334 | G41: =G25+G9 -> 1794 | H41: =H25+H9 -> 1832 | I41: =I25+I9 -> 1985 | J41: =J25+J9 -> 2621 | ... T41: =T25+T9 -> 711 | U41: =SUM(C41:T41) -> 35895
A42: 2007 | C42: =C26+C10 -> 2069 | D42: =D26+D10 -> 2043 | E42: =E26+E10 -> 2320 | F42: =F26+F10 -> 2282 | G42: =G26+G10 -> 1808 | H42: =H26+H10 -> 1849 | I42: =I26+I10 -> 1860 | J42: =J26+J10 -> 2627 | ... T42: =T26+T10 -> 716 | U42: =SUM(C42:T42) -> 35890
A43: 2008 | C43: =C27+C11 -> 2014 | D43: =D27+D11 -> 2089 | E43: =E27+E11 -> 2244 | F43: =F27+F11 -> 2198 | G43: =G27+G11 -> 1794 | H43: =H27+H11 -> 1875 | I43: =I27+I11 -> 1844 | J43: =J27+J11 -> 2476 | ... T43: =T27+T11 -> 737 | U43: =SUM(C43:T43) -> 35860
A44: 2009 | C44: =C28+C12 -> 1907 | D44: =D28+D12 -> 2112 | E44: =E28+E12 -> 2167 | F44: =F28+F12 -> 2123 | G44: =G28+G12 -> 1700 | H44: =H28+H12 -> 1814 | I44: =I28+I12 -> 1849 | J44: =J28+J12 -> 2359 | ... T44: =T28+T12 -> 736 | U44: =SUM(C44:T44) -> 35567
A45: 2010 | C45: =C29+C13 -> 1897 | D45: =D29+D13 -> 2021 | E45: =E29+E13 -> 2101 | F45: =F29+F13 -> 2033 | G45: =G29+G13 -> 1598 | H45: =H29+H13 -> 1816 | I45: =I29+I13 -> 1805 | J45: =J29+J13 -> 2186 | ... T45: =T29+T13 -> 790 | U45: =SUM(C45:T45) -> 35205
A46: 2015 | C46: =C30+C14 -> 1806.8479 | D46: =D30+D14 -> 1889.2642 | E46: =E30+E14 -> 1992.6946 | F46: =F30+F14 -> 2068.8511 | G46: =G30+G14 -> 1926.9757 | H46: =H30+H14 -> 1350.7125 | I46: =I30+I14 -> 1746.9907 | J46: =J30+J14 -> 1869.5365 | ... T46: =T30+T14 -> 842.74892 | U46: =SUM(C46:T46) -> 35156.697
A47: 2020 | C47: =C31+C15 -> 1763.0146 | D47: =D31+D15 -> 1819.9795 | E47: =E31+E15 -> 1875.9442 | F47: =F31+F15 -> 1973.4984 | G47: =G31+G15 -> 1967.5819 | H47: =H31+H15 -> 1591.5254 | I47: =I31+I15 -> 1391.7102 | J47: =J31+J15 -> 1837.4438 | ... T47: =T31+T15 -> 940.12203 | U47: =SUM(C47:T47) -> 35010.946
... A49: 2030 | C49: =C33+C17 -> 1764.8638 | D49: =D33+D17 -> 1794.3133 | E49: =E33+E17 -> 1791.0155 | F49: =F33+F17 -> 1820.2834 | G49: =G33+G17 -> 1814.8101 | H49: =H33+H17 -> 1584.3517 | I49: =I33+I17 -> 1622.8482 | J49: =J33+J17 -> 1693.4464 | ... T49: =T33+T17 -> 1371.8545 | U49: =SUM(C49:T49) -> 34434.806

Sheet 25
A1: 25 | B1: SOMERSET
A2: Age | C2: 0-4 | D2: 5-9 | E2: 10-14 | F2: 15-19 | G2: 20-24 | H2: 25-29 | I2: 30-34 | J2: 35-39 | K2: 40-44 | L2: 45-49 | M2: 50-54 | N2: 55-59 | O2: 60-64 | P2: 65-69 | Q2: 70-74 | R2: 75-79 | S2: 80-84 | T2: 85+ | U2: Total
A3: Female
A4: 2001 | C4: 1358 | D4: 1620 | E4: 1890 | F4: 1786 | G4: 1216 | H4: 1280 | I4: 1720 | J4: 2002 | K4: 2183 | L4: 2074 | M4: 1888 | N4: 1480 | O4: 1230 | P4: 1094 | Q4: 1021 | R4: 856 | S4: 613 | T4: 610 | U4: =SUM(C4:T4) -> 25921
A5: 2002 | C5: 1370 | D5: 1578 | E5: 1867 | F5: 1787 | G5: 1200 | H5: 1263 | I5: 1682 | J5: 2055 | K5: 2074 | L5: 2138 | M5: 1908 | N5: 1565 | O5: 1293 | P5: 1049 | Q5: 1047 | R5: 825 | S5: 633 | T5: 606 | U5: =SUM(C5:T5) -> 25940
A6: 2003 | C6: 1417 | D6: 1537 | E6: 1840 | F6: 1762 | G6: 1213 | H6: 1243 | I6: 1613 | J6: 1978 | K6: 2090 | L6: 2247 | M6: 1897 | N6: 1661 | O6: 1391 | P6: 1058 | Q6: 1012 | R6: 896 | S6: 662 | T6: 583 | U6: =SUM(C6:T6) -> 26100
A7: 2004 | C7: 1385 | D7: 1549 | E7: 1807 | F7: 1739 | G7: 1202 | H7: 1260 | I7: 1505 | J7: 1980 | K7: 2025 | L7: 2245 | M7: 1976 | N7: 1740 | O7: 1426 | P7: 1112 | Q7: 984 | R7: 911 | S7: 644 | T7: 601 | U7: =SUM(C7:T7) -> 26091
A8: 2005 | C8: 1396 | D8: 1490 | E8: 1713 | F8: 1723 | G8: 1272 | H8: 1256 | I8: 1472 | J8: 1925 | K8: 2069 | L8: 2209 | M8: 1998 | N8: 1844 | O8: 1434 | P8: 1156 | Q8: 962 | R8: 920 | S8: 654 | T8: 635 | U8: =SUM(C8:T8) -> 26128
A9: 2006 | C9: 1380 | D9: 1475 | E9: 1716 | F9: 1716 | G9: 1282 | H9: 1347 | I9: 1394 | J9: 1898 | K9: 2075 | L9: 2255 | M9: 2076 | N9: 1987 | O9: 1458 | P9: 1178 | Q9: 983 | R9: 900 | S9: 652 | T9: 666 | U9: =SUM(C9:T9) -> 26438
A10: 2007 | C10: 1343 | D10: 1572 | E10: 1683 | F10: 1706 | G10: 1258 | H10: 1342 | I10: 1401 | J10: 1844 | K10: 2065 | L10: 2198 | M10: 2147 | N10: 1985 | O10: 1587 | P10: 1260 | Q10: 929 | R10: 924 | S10: 665 | T10: 679 | U10: =SUM(C10:T10) -> 26588
A11: 2008 | C11: 1323 | D11: 1555 | E11: 1642 | F11: 1663 | G11: 1223 | H11: 1337 | I11: 1384 | J11: 1762 | K11: 1977 | L11: 2206 | M11: 2221 | N11: 1965 | O11: 1688 | P11: 1355 | Q11: 953 | R11: 851 | S11: 701 | T11: 661 | U11: =SUM(C11:T11) -> 26467
A12: 2009 | C12: 1280 | D12: 1525 | E12: 1619 | F12: 1598 | G12: 1205 | H12: 1278 | I12: 1445 | J12: 1628 | K12: 1967 | L12: 2127 | M12: 2229 | N12: 2020 | O12: 1764 | P12: 1361 | Q12: 1042 | R12: 813 | S12: 709 | T12: 643 | U12: =SUM(C12:T12) -> 26253
A13: 2010 | C13: 1292 | D13: 1511 | E13: 1585 | F13: 1564 | G13: 1221 | H13: 1320 | I13: 1435 | J13: 1599 | K13: 1893 | L13: 2121 | M13: 2228 | N13: 2065 | O13: 1840 | P13: 1407 | Q13: 1055 | R13: 825 | S13: 715 | T13: 661 | U13: =SUM(C13:T13) -> 26337
A14: 2015 | C14: 1225.9548 | D14: 1308.2122 | E14: 1513.4543 | F14: 1586.8636 | G14: 1416.7379 | H14: 1127.9407 | I14: 1353.0965 | J14: 1398.3377 | K14: 1607.1314 | L14: 1858.2749 | M14: 2021.3496 | N14: 2150.5407 | O14: 2020.36 | P14: 1760.4915 | Q14: 1285.6545 | R14: 934.23202 | S14: 634.63068 | T14: 709.79839 | U14: =SUM(C14:T14) -> 25913.061
A15: 2020 | C15: 1225.2158 | D15: 1250.3958 | E15: 1324.5611 | F15: 1522.7579 | G15: 1440.8955 | H15: 1281.9883 | I15: 1186.2912 | J15: 1331.0639 | K15: 1420.6455 | L15: 1586.8964 | M15: 1773.8445 | N15: 1952.1582 | O15: 2102.434 | P15: 1933.4278 | Q15: 1605.081 | R15: 1143.1193 | S15: 719.71148 | T15: 687.2679 | U15: =SUM(C15:T15) -> 25487.756
... A17: 2030 | C17: 1197.8868 | D17: 1257.4181 | E17: 1277.3331 | F17: 1302.6911 | G17: 1242.2423 | H17: 1275.6673 | I17: 1356.7823 | J17: 1302.601 | K17: 1222.8079 | L17: 1358.2761 | M17: 1359.1358 | N17: 1481.2514 | O17: 1686.2148 | P17: 1827.5991 | Q17: 1833.3379 | R17: 1558.9037 | S17: 1091.2928 | T17: 841.87263 | U17: =SUM(C17:T17) -> 24473.314
A19: Male
A20: 2001 | C20: 1486 | D20: 1620 | E20: 1931 | F20: 1951 | G20: 1162 | H20: 1227 | I20: 1655 | J20: 1920 | K20: 2132 | L20: 2073 | M20: 1913 | N20: 1569 | O20: 1173 | P20: 1043 | Q20: 824 | R20: 638 | S20: 394 | T20: 239 | U20: =SUM(C20:T20) -> 24950
A21: 2002 | C21: 1436 | D21: 1617 | E21: 1983 | F21: 1916 | G21: 1230 | H21: 1166 | I21: 1596 | J21: 1868 | K21: 2167 | L21: 2088 | M21: 1940 | N21: 1623 | O21: 1303 | P21: 996 | Q21: 834 | R21: 665 | S21: 397 | T21: 252 | U21: =SUM(C21:T21) -> 25077
A22: 2003 | C22: 1397 | D22: 1608 | E22: 1940 | F22: 1900 | G22: 1285 | H22: 1164 | I22: 1533 | J22: 1882 | K22: 2125 | L22: 2102 | M22: 2036 | N22: 1640 | O22: 1398 | P22: 1034 | Q22: 875 | R22: 676 | S22: 394 | T22: 247 | U22: =SUM(C22:T22) -> 25236
A23: 2004 | C23: 1355 | D23: 1577 | E23: 1846 | F23: 1897 | G23: 1330 | H23: 1129 | I23: 1461 | J23: 1830 | K23: 2106 | L23: 2180 | M23: 2027 | N23: 1763 | O23: 1457 | P23: 1063 | Q23: 896 | R23: 623 | S23: 438 | T23: 259 | U23: =SUM(C23:T23) -> 25237
A24: 2005 | C24: 1396 | D24: 1582 | E24: 1793 | F24: 1920 | G24: 1324 | H24: 1161 | I24: 1446 | J24: 1807 | K24: 2108 | L24: 2186 | M24: 2042 | N24: 1857 | O24: 1513 | P24: 1071 | Q24: 926 | R24: 638 | S24: 430 | T24: 272 | U24: =SUM(C24:T24) -> 25472
A25: 2006 | C25: 1393 | D25: 1553 | E25: 1813 | F25: 1927 | G25: 1339 | H25: 1218 | I25: 1395 | J25: 1808 | K25: 2100 | L25: 2164 | M25: 2100 | N25: 1962 | O25: 1566 | P25: 1106 | Q25: 936 | R25: 663 | S25: 426 | T25: 288 | U25: =SUM(C25:T25) -> 25757
A26: 2007 | C26: 1422 | D26: 1506 | E26: 1790 | F26: 1859 | G26: 1319 | H26: 1240 | I26: 1360 | J26: 1831 | K26: 2011 | L26: 2202 | M26: 2131 | N26: 1982 | O26: 1684 | P26: 1205 | Q26: 905 | R26: 677 | S26: 444 | T26: 303 | U26: =SUM(C26:T26) -> 25871
A27: 2008 | C27: 1449 | D27: 1480 | E27: 1751 | F27: 1859 | G27: 1211 | H27: 1294 | I27: 1335 | J27: 1755 | K27: 1978 | L27: 2145 | M27: 2143 | N27: 2015 | O27: 1729 | P27: 1280 | Q27: 962 | R27: 707 | S27: 441 | T27: 315 | U27: =SUM(C27:T27) -> 25849
A28: 2009 | C28: 1440 | D28: 1427 | E28: 1739 | F28: 1776 | G28: 1245 | H28: 1326 | I28: 1326 | J28: 1661 | K28: 1927 | L28: 2126 | M28: 2225 | N28: 1996 | O28: 1817 | P28: 1330 | Q28: 980 | R28: 743 | S28: 419 | T28: 348 | U28: =SUM(C28:T28) -> 25851
A29: 2010 | C29: 1421 | D29: 1461 | E29: 1738 | F29: 1752 | G29: 1220 | H29: 1291 | I29: 1350 | J29: 1621 | K29: 1891 | L29: 2076 | M29: 2229 | N29: 2042 | O29: 1885 | P29: 1396 | Q29: 973 | R29: 750 | S29: 449 | T29: 351 | U29: =SUM(C29:T29) -> 25896
A30: 2015 | C30: 1287.8036 | D30: 1451.8843 | E30: 1477.1373 | F30: 1751.0438 | G30: 1629.6094 | H30: 1158.2956 | I30: 1343.7028 | J30: 1335.0391 | K30: 1635.015 | L30: 1853.6733 | M30: 1974.446 | N30: 2149.2217 | O30: 1982.0018 | P30: 1751.291 | Q30: 1221.566 | R30: 819.97428 | S30: 521.48369 | T30: 386.08492 | U30: =SUM(C30:T30) -> 25729.274
A31: 2020 | C31: 1287.0274 | D31: 1329.8325 | E31: 1472.2512 | F31: 1505.2917 | G31: 1633.0844 | H31: 1492.0197 | I31: 1228.9633 | J31: 1334.9717 | K31: 1366.9147 | L31: 1611.8711 | M31: 1765.5731 | N31: 1906.9002 | O31: 2084.0179 | P31: 1843.3515 | Q31: 1528.6342 | R31: 1032.757 | S31: 572.00513 | T31: 438.53767 | U31: =SUM(C31:T31) -> 25434.004
... A33: 2030 | C33: 1258.3196 | D33: 1337.1012 | E33: 1363.5165 | F33: 1400.1308 | G33: 1421.3041 | H33: 1333.125 | I33: 1545.4701 | J33: 1496.1555 | K33: 1277.413 | L33: 1367.93 | M33: 1308.4629 | N33: 1500.5468 | O33: 1665.5975 | P33: 1723.6738 | Q33: 1692.384 | R33: 1358.8625 | S33: 893.34515 | T33: 591.48416 | U33: =SUM(C33:T33) -> 24534.823
A35: Total
A36: 2001 | C36: =C20+C4 -> 2844 | D36: =D20+D4 -> 3240 | E36: =E20+E4 -> 3821 | F36: =F20+F4 -> 3737 | G36: =G20+G4 -> 2378 | H36: =H20+H4 -> 2507 | I36: =I20+I4 -> 3375 | J36: =J20+J4 -> 3922 | ... T36: =T20+T4 -> 849 | U36: =SUM(C36:T36) -> 50871
A37: 2002 | C37: =C21+C5 -> 2806 | D37: =D21+D5 -> 3195 | E37: =E21+E5 -> 3850 | F37: =F21+F5 -> 3703 | G37: =G21+G5 -> 2430 | H37: =H21+H5 -> 2429 | I37: =I21+I5 -> 3278 | J37: =J21+J5 -> 3923 | ... T37: =T21+T5 -> 858 | U37: =SUM(C37:T37) -> 51017
A38: 2003 | C38: =C22+C6 -> 2814 | D38: =D22+D6 -> 3145 | E38: =E22+E6 -> 3780 | F38: =F22+F6 -> 3662 | G38: =G22+G6 -> 2498 | H38: =H22+H6 -> 2407 | I38: =I22+I6 -> 3146 | J38: =J22+J6 -> 3860 | ... T38: =T22+T6 -> 830 | U38: =SUM(C38:T38) -> 51336
A39: 2004 | C39: =C23+C7 -> 2740 | D39: =D23+D7 -> 3126 | E39: =E23+E7 -> 3653 | F39: =F23+F7 -> 3636 | G39: =G23+G7 -> 2532 | H39: =H23+H7 -> 2389 | I39: =I23+I7 -> 2966 | J39: =J23+J7 -> 3810 | ... T39: =T23+T7 -> 860 | U39: =SUM(C39:T39) -> 51328
A40: 2005 | C40: =C24+C8 -> 2792 | D40: =D24+D8 -> 3072 | E40: =E24+E8 -> 3506 | F40: =F24+F8 -> 3643 | G40: =G24+G8 -> 2596 | H40: =H24+H8 -> 2417 | I40: =I24+I8 -> 2918 | J40: =J24+J8 -> 3732 | ... T40: =T24+T8 -> 907 | U40: =SUM(C40:T40) -> 51600
A41: 2006 | C41: =C25+C9 -> 2773 | D41: =D25+D9 -> 3028 | E41: =E25+E9 -> 3529 | F41: =F25+F9 -> 3643 | G41: =G25+G9 -> 2621 | H41: =H25+H9 -> 2565 | I41: =I25+I9 -> 2789 | J41: =J25+J9 -> 3706 | ... T41: =T25+T9 -> 954 | U41: =SUM(C41:T41) -> 52195
A42: 2007 | C42: =C26+C10 -> 2765 | D42: =D26+D10 -> 3078 | E42: =E26+E10 -> 3473 | F42: =F26+F10 -> 3565 | G42: =G26+G10 -> 2577 | H42: =H26+H10 -> 2582 | I42: =I26+I10 -> 2761 | J42: =J26+J10 -> 3675 | ... T42: =T26+T10 -> 982 | U42: =SUM(C42:T42) -> 52459
A43: 2008 | C43: =C27+C11 -> 2772 | D43: =D27+D11 -> 3035 | E43: =E27+E11 -> 3393 | F43: =F27+F11 -> 3522 | G43: =G27+G11 -> 2434 | H43: =H27+H11 -> 2631 | I43: =I27+I11 -> 2719 | J43: =J27+J11 -> 3517 | ... T43: =T27+T11 -> 976 | U43: =SUM(C43:T43) -> 52316
A44: 2009 | C44: =C28+C12 -> 2720 | D44: =D28+D12 -> 2952 | E44: =E28+E12 -> 3358 | F44: =F28+F12 -> 3374 | G44: =G28+G12 -> 2450 | H44: =H28+H12 -> 2604 | I44: =I28+I12 -> 2771 | J44: =J28+J12 -> 3289 | ... T44: =T28+T12 -> 991 | U44: =SUM(C44:T44) -> 52104
A45: 2010 | C45: =C29+C13 -> 2713 | D45: =D29+D13 -> 2972 | E45: =E29+E13 -> 3323 | F45: =F29+F13 -> 3316 | G45: =G29+G13 -> 2441 | H45: =H29+H13 -> 2611 | I45: =I29+I13 -> 2785 | J45: =J29+J13 -> 3220 | ... T45: =T29+T13 -> 1012 | U45: =SUM(C45:T45) -> 52233
A46: 2015 | C46: =C30+C14 -> 2513.7584 | D46: =D30+D14 -> 2760.0965 | E46: =E30+E14 -> 2990.5916 | F46: =F30+F14 -> 3337.9074 | G46: =G30+G14 -> 3046.3473 | H46: =H30+H14 -> 2286.2362 | I46: =I30+I14 -> 2696.7993 | J46: =J30+J14 -> 2733.3768 | ... T46: =T30+T14 -> 1095.8833 | U46: =SUM(C46:T46) -> 51642.335
A47: 2020 | C47: =C31+C15 -> 2512.2431 | D47: =D31+D15 -> 2580.2283 | E47: =E31+E15 -> 2796.8123 | F47: =F31+F15 -> 3028.0496 | G47: =G31+G15 -> 3073.9799 | H47: =H31+H15 -> 2774.008 | I47: =I31+I15 -> 2415.2545 | J47: =J31+J15 -> 2666.0355 | ... T47: =T31+T15 -> 1125.8056 | U47: =SUM(C47:T47) -> 50921.76
... A49: 2030 | C49: =C33+C17 -> 2456.2064 | D49: =D33+D17 -> 2594.5193 | E49: =E33+E17 -> 2640.8496 | F49: =F33+F17 -> 2702.8218 | G49: =G33+G17 -> 2663.5464 | H49: =H33+H17 -> 2608.7923 | I49: =I33+I17 -> 2902.2524 | J49: =J33+J17 -> 2798.7565 | ... T49: =T33+T17 -> 1433.3568 | U49: =SUM(C49:T49) -> 49008.137

Sheet 27
A1: 27 | B1: WALDO
A2: Age | C2: 0-4 | D2: 5-9 | E2: 10-14 | F2: 15-19 | G2: 20-24 | H2: 25-29 | I2: 30-34 | J2: 35-39 | K2: 40-44 | L2: 45-49 | M2: 50-54 | N2: 55-59 | O2: 60-64 | P2: 65-69 | Q2: 70-74 | R2: 75-79 | S2: 80-84 | T2: 85+ | U2: Total
A3: Female
A4: 2001 | C4: 983 | D4: 1151 | E4: 1361 | F4: 1269 | G4: 901 | H4: 1041 | I4: 1192 | J4: 1409 | K4: 1607 | L4: 1596 | M4: 1626 | N4: 1060 | O4: 859 | P4: 790 | Q4: 710 | R4: 602 | S4: 374 | T4: 365 | U4: =SUM(C4:T4) -> 18896
A5: 2002 | C5: 946 | D5: 1186 | E5: 1351 | F5: 1303 | G5: 920 | H5: 1024 | I5: 1239 | J5: 1358 | K5: 1606 | L5: 1632 | M5: 1626 | N5: 1196 | O5: 886 | P5: 826 | Q5: 693 | R5: 607 | S5: 386 | T5: 359 | U5: =SUM(C5:T5) -> 19144
A6: 2003 | C6: 961 | D6: 1104 | E6: 1386 | F6: 1264 | G6: 946 | H6: 1013 | I6: 1231 | J6: 1327 | K6: 1587 | L6: 1669 | M6: 1629 | N6: 1321 | O6: 966 | P6: 816 | Q6: 687 | R6: 609 | S6: 408 | T6: 366 | U6: =SUM(C6:T6) -> 19290
A7: 2004 | C7: 956 | D7: 1073 | E7: 1328 | F7: 1280 | G7: 965 | H7: 1056 | I7: 1194 | J7: 1262 | K7: 1597 | L7: 1662 | M7: 1654 | N7: 1408 | O7: 1044 | P7: 890 | Q7: 670 | R7: 607 | S7: 407 | T7: 394 | U7: =SUM(C7:T7) -> 19447
A8: 2005 | C8: 965 | D8: 1054 | E8: 1291 | F8: 1288 | G8: 993 | H8: 1020 | I8: 1141 | J8: 1233 | K8: 1553 | L8: 1686 | M8: 1670 | N8: 1545 | O8: 1079 | P8: 892 | Q8: 708 | R8: 579 | S8: 433 | T8: 401 | U8: =SUM(C8:T8) -> 19531
A9: 2006 | C9: 1006 | D9: 1054 | E9: 1216 | F9: 1341 | G9: 982 | H9: 1040 | I9: 1103 | J9: 1240 | K9: 1454 | L9: 1677 | M9: 1697 | N9: 1657 | O9: 1140 | P9: 874 | Q9: 746 | R9: 612 | S9: 472 | T9: 436 | U9: =SUM(C9:T9) -> 19747
A10: 2007 | C10: 1015 | D10: 1019 | E10: 1226 | F10: 1303 | G10: 996 | H10: 1000 | I10: 1083 | J10: 1217 | K10: 1387 | L10: 1630 | M10: 1744 | N10: 1668 | O10: 1287 | P10: 894 | Q10: 741 | R10: 593 | S10: 467 | T10: 486 | U10: =SUM(C10:T10) -> 19756
A11: 2008 | C11: 1031 | D11: 1021 | E11: 1132 | F11: 1302 | G11: 958 | H11: 987 | I11: 1047 | J11: 1212 | K11: 1337 | L11: 1616 | M11: 1750 | N11: 1671 | O11: 1396 | P11: 964 | Q11: 739 | R11: 612 | S11: 461 | T11: 511 | U11: =SUM(C11:T11) -> 19747
A12: 2009 | C12: 1040 | D12: 1030 | E12: 1113 | F12: 1251 | G12: 939 | H12: 973 | I12: 1092 | J12: 1182 | K12: 1271 | L12: 1601 | M12: 1726 | N12: 1683 | O12: 1487 | P12: 1014 | Q12: 774 | R12: 599 | S12: 462 | T12: 512 | U12: =SUM(C12:T12) -> 19749
A13: 2010 | C13: 1023 | D13: 1046 | E13: 1105 | F13: 1219 | G13: 948 | H13: 976 | I13: 1095 | J13: 1137 | K13: 1233 | L13: 1552 | M13: 1741 | N13: 1684 | O13: 1614 | P13: 1071 | Q13: 759 | R13: 611 | S13: 455 | T13: 522 | U13: =SUM(C13:T13) -> 19791
A14: 2015 | C14: 960.99088 | D14: 1038.2613 | E14: 1028.7 | F14: 1084.5513 | G14: 1188.1881 | H14: 899.13925 | I14: 1038.0472 | J14: 1073.7652 | K14: 1117.7145 | L14: 1225.8428 | M14: 1552.0916 | N14: 1778.9706 | O14: 1650.1821 | P14: 1584.1108 | Q14: 985.22212 | R14: 655.63189 | S14: 479.11743 | T14: 554.27363 | U14: =SUM(C14:T14) -> 19894.801
A15: 2020 | C15: 968.02202 | D15: 984.61656 | E15: 1023.5375 | F15: 1014.9223 | G15: 1072.2201 | H15: 1087.747 | I15: 978.75755 | J15: 1031.3128 | K15: 1060.8315 | L15: 1120.0374 | M15: 1233.0957 | N15: 1589.3014 | O15: 1741.8787 | P15: 1625.5119 | Q15: 1445.6937 | R15: 850.96716 | S15: 516.72271 | T15: 586.0229 | U15: =SUM(C15:T15) -> 19931.199
... A17: 2030 | C17: 952.79365 | D17: 992.87976 | E17: 984.91693 | F17: 968.66933 | G17: 1015.948 | H17: 963.78246 | I17: 1076.5117 | J17: 1114.0203 | K17: 978.94925 | L17: 1041.227 | M17: 1088.4105 | N17: 1183.1295 | O17: 1258.3744 | P17: 1534.2762 | Q17: 1565.1473 | R17: 1281.5869 | S17: 971.9306 | T17: 747.7926 | U17: =SUM(C17:T17) -> 19720.346
A19: Male
A20: 2001 | C20: 1087 | D20: 1261 | E20: 1435 | F20: 1264 | G20: 936 | H20: 928 | I20: 1133 | J20: 1272 | K20: 1442 | L20: 1549 | M20: 1627 | N20: 1133 | O20: 850 | P20: 760 | Q20: 582 | R20: 437 | S20: 251 | T20: 196 | U20: =SUM(C20:T20) -> 18143
A21: 2002 | C21: 1115 | D21: 1208 | E21: 1404 | F21: 1287 | G21: 988 | H21: 945 | I21: 1147 | J21: 1282 | K21: 1434 | L21: 1597 | M21: 1582 | N21: 1263 | O21: 880 | P21: 805 | Q21: 588 | R21: 434 | S21: 304 | T21: 177 | U21: =SUM(C21:T21) -> 18440
A22: 2003 | C22: 1119 | D22: 1215 | E22: 1396 | F22: 1322 | G22: 1037 | H22: 947 | I22: 1114 | J22: 1250 | K22: 1441 | L22: 1557 | M22: 1583 | N22: 1377 | O22: 933 | P22: 838 | Q22: 580 | R22: 474 | S22: 292 | T22: 187 | U22: =SUM(C22:T22) -> 18662
A23: 2004 | C23: 1078 | D23: 1174 | E23: 1369 | F23: 1353 | G23: 1047 | H23: 959 | I23: 1119 | J23: 1216 | K23: 1454 | L23: 1513 | M23: 1619 | N23: 1462 | O23: 1008 | P23: 800 | Q23: 625 | R23: 480 | S23: 299 | T23: 187 | U23: =SUM(C23:T23) -> 18762
A24: 2005 | C24: 1055 | D24: 1231 | E24: 1338 | F24: 1377 | G24: 1044 | H24: 983 | I24: 1057 | J24: 1210 | K24: 1383 | L24: 1501 | M24: 1608 | N24: 1539 | O24: 1108 | P24: 844 | Q24: 635 | R24: 453 | S24: 324 | T24: 189 | U24: =SUM(C24:T24) -> 18879
A25: 2006 | C25: 1061 | D25: 1181 | E25: 1339 | F25: 1374 | G25: 1044 | H25: 974 | I25: 1040 | J25: 1240 | K25: 1353 | L25: 1489 | M25: 1578 | N25: 1648 | O25: 1182 | P25: 847 | Q25: 675 | R25: 459 | S25: 327 | T25: 205 | U25: =SUM(C25:T25) -> 19016
A26: 2007 | C26: 1049 | D26: 1172 | E26: 1299 | F26: 1342 | G26: 1034 | H26: 961 | I26: 1038 | J26: 1206 | K26: 1332 | L26: 1438 | M26: 1627 | N26: 1622 | O26: 1297 | P26: 880 | Q26: 691 | R26: 477 | S26: 315 | T26: 215 | U26: =SUM(C26:T26) -> 18995
A27: 2008 | C27: 1033 | D27: 1170 | E27: 1233 | F27: 1304 | G27: 1043 | H27: 951 | I27: 989 | J27: 1182 | K27: 1296 | L27: 1447 | M27: 1617 | N27: 1590 | O27: 1381 | P27: 916 | Q27: 737 | R27: 476 | S27: 347 | T27: 221 | U27: =SUM(C27:T27) -> 18933
A28: 2009 | C28: 1061 | D28: 1145 | E28: 1225 | F28: 1304 | G28: 1017 | H28: 948 | I28: 992 | J28: 1175 | K28: 1282 | L28: 1420 | M28: 1543 | N28: 1627 | O28: 1427 | P28: 1014 | Q28: 697 | R28: 505 | S28: 348 | T28: 227 | U28: =SUM(C28:T28) -> 18957
A29: 2010 | C29: 1041 | D29: 1132 | E29: 1235 | F29: 1264 | G29: 1024 | H29: 924 | I29: 1055 | J29: 1121 | K29: 1252 | L29: 1379 | M29: 1539 | N29: 1633 | O29: 1517 | P29: 1072 | Q29: 711 | R29: 514 | S29: 343 | T29: 254 | U29: =SUM(C29:T29) -> 19010
A30: 2015 | C30: 1043.4474 | D30: 1034.2568 | E30: 1103.1411 | F30: 1202.2183 | G30: 1206.5789 | H30: 935.86001 | I30: 943.89767 | J30: 1001.1779 | K30: 1088.6295 | L30: 1218.9381 | M30: 1352.3821 | N30: 1548.4026 | O30: 1579.4448 | P30: 1444.344 | Q30: 937.51878 | R30: 576.62348 | S30: 377.068 | T30: 274.39176 | U30: =SUM(C30:T30) -> 18868.321
A31: 2020 | C31: 1051.0819 | D31: 1039.3782 | E31: 1012.9658 | F31: 1079.8141 | G31: 1155.6318 | H31: 1077.9113 | I31: 958.06456 | J31: 913.16007 | K31: 978.67851 | L31: 1070.1047 | M31: 1198.5341 | N31: 1365.5697 | O31: 1499.4288 | P31: 1508.0652 | Q31: 1257.0139 | R31: 760.22565 | S31: 424.75692 | T31: 300.00359 | U31: =SUM(C31:T31) -> 18650.389
... A33: 2030 | C33: 1034.5469 | D33: 1046.9439 | E33: 1029.2113 | F33: 1004.4968 | G33: 978.87157 | H33: 965.3421 | I33: 1053.4579 | J33: 1018.6616 | K33: 912.45479 | L33: 902.32153 | M33: 968.39298 | N33: 1085.6464 | O33: 1182.6508 | P33: 1272.1184 | Q33: 1254.7729 | R33: 1065.1497 | S33: 744.37557 | T33: 421.99635 | U33: =SUM(C33:T33) -> 17941.411
A35: Total
A36: 2001 | C36: =C20+C4 -> 2070 | D36: =D20+D4 -> 2412 | E36: =E20+E4 -> 2796 | F36: =F20+F4 -> 2533 | G36: =G20+G4 -> 1837 | H36: =H20+H4 -> 1969 | I36: =I20+I4 -> 2325 | J36: =J20+J4 -> 2681 | ... T36: =T20+T4 -> 561 | U36: =SUM(C36:T36) -> 37039
A37: 2002 | C37: =C21+C5 -> 2061 | D37: =D21+D5 -> 2394 | E37: =E21+E5 -> 2755 | F37: =F21+F5 -> 2590 | G37: =G21+G5 -> 1908 | H37: =H21+H5 -> 1969 | I37: =I21+I5 -> 2386 | J37: =J21+J5 -> 2640 | ... T37: =T21+T5 -> 536 | U37: =SUM(C37:T37) -> 37584
A38: 2003 | C38: =C22+C6 -> 2080 | D38: =D22+D6 -> 2319 | E38: =E22+E6 -> 2782 | F38: =F22+F6 -> 2586 | G38: =G22+G6 -> 1983 | H38: =H22+H6 -> 1960 | I38: =I22+I6 -> 2345 | J38: =J22+J6 -> 2577 | ... T38: =T22+T6 -> 553 | U38: =SUM(C38:T38) -> 37952
A39: 2004 | C39: =C23+C7 -> 2034 | D39: =D23+D7 -> 2247 | E39: =E23+E7 -> 2697 | F39: =F23+F7 -> 2633 | G39: =G23+G7 -> 2012 | H39: =H23+H7 -> 2015 | I39: =I23+I7 -> 2313 | J39: =J23+J7 -> 2478 | ... T39: =T23+T7 -> 581 | U39: =SUM(C39:T39) -> 38209
A40: 2005 | C40: =C24+C8 -> 2020 | D40: =D24+D8 -> 2285 | E40: =E24+E8 -> 2629 | F40: =F24+F8 -> 2665 | G40: =G24+G8 -> 2037 | H40: =H24+H8 -> 2003 | I40: =I24+I8 -> 2198 | J40: =J24+J8 -> 2443 | ... T40: =T24+T8 -> 590 | U40: =SUM(C40:T40) -> 38410
A41: 2006 | C41: =C25+C9 -> 2067 | D41: =D25+D9 -> 2235 | E41: =E25+E9 -> 2555 | F41: =F25+F9 -> 2715 | G41: =G25+G9 -> 2026 | H41: =H25+H9 -> 2014 | I41: =I25+I9 -> 2143 | J41: =J25+J9 -> 2480 | ... T41: =T25+T9 -> 641 | U41: =SUM(C41:T41) -> 38763
A42: 2007 | C42: =C26+C10 -> 2064 | D42: =D26+D10 -> 2191 | E42: =E26+E10 -> 2525 | F42: =F26+F10 -> 2645 | G42: =G26+G10 -> 2030 | H42: =H26+H10 -> 1961 | I42: =I26+I10 -> 2121 | J42: =J26+J10 -> 2423 | ... T42: =T26+T10 -> 701 | U42: =SUM(C42:T42) -> 38751
A43: 2008 | C43: =C27+C11 -> 2064 | D43: =D27+D11 -> 2191 | E43: =E27+E11 -> 2365 | F43: =F27+F11 -> 2606 | G43: =G27+G11 -> 2001 | H43: =H27+H11 -> 1938 | I43: =I27+I11 -> 2036 | J43: =J27+J11 -> 2394 | ... T43: =T27+T11 -> 732 | U43: =SUM(C43:T43) -> 38680
A44: 2009 | C44: =C28+C12 -> 2101 | D44: =D28+D12 -> 2175 | E44: =E28+E12 -> 2338 | F44: =F28+F12 -> 2555 | G44: =G28+G12 -> 1956 | H44: =H28+H12 -> 1921 | I44: =I28+I12 -> 2084 | J44: =J28+J12 -> 2357 | ... T44: =T28+T12 -> 739 | U44: =SUM(C44:T44) -> 38706
A45: 2010 | C45: =C29+C13 -> 2064 | D45: =D29+D13 -> 2178 | E45: =E29+E13 -> 2340 | F45: =F29+F13 -> 2483 | G45: =G29+G13 -> 1972 | H45: =H29+H13 -> 1900 | I45: =I29+I13 -> 2150 | J45: =J29+J13 -> 2258 | ... T45: =T29+T13 -> 776 | U45: =SUM(C45:T45) -> 38801
A46: 2015 | C46: =C30+C14 -> 2004.4383 | D46: =D30+D14 -> 2072.5181 | E46: =E30+E14 -> 2131.8411 | F46: =F30+F14 -> 2286.7696 | G46: =G30+G14 -> 2394.767 | H46: =H30+H14 -> 1834.9993 | I46: =I30+I14 -> 1981.9448 | J46: =J30+J14 -> 2074.9432 | ... T46: =T30+T14 -> 828.66539 | U46: =SUM(C46:T46) -> 38763.122
A47: 2020 | C47: =C31+C15 -> 2019.1039 | D47: =D31+D15 -> 2023.9948 | E47: =E31+E15 -> 2036.5033 | F47: =F31+F15 -> 2094.7364 | G47: =G31+G15 -> 2227.8519 | H47: =H31+H15 -> 2165.6583 | I47: =I31+I15 -> 1936.8221 | J47: =J31+J15 -> 1944.4729 | ... T47: =T31+T15 -> 886.02649 | U47: =SUM(C47:T47) -> 38581.588
... A49: 2030 | C49: =C33+C17 -> 1987.3405 | D49: =D33+D17 -> 2039.8237 | E49: =E33+E17 -> 2014.1282 | F49: =F33+F17 -> 1973.1661 | G49: =G33+G17 -> 1994.8196 | H49: =H33+H17 -> 1929.1246 | I49: =I33+I17 -> 2129.9695 | J49: =J33+J17 -> 2132.6819 | ... T49: =T33+T17 -> 1169.7889 | U49: =SUM(C49:T49) -> 37661.758

Sheet 29
A1: 29 | B1: WASHINGTON
A2: Age | C2: 0-4 | D2: 5-9 | E2: 10-14 | F2: 15-19 | G2: 20-24 | H2: 25-29 | I2: 30-34 | J2: 35-39 | K2: 40-44 | L2: 45-49 | M2: 50-54 | N2: 55-59 | O2: 60-64 | P2: 65-69 | Q2: 70-74 | R2: 75-79 | S2: 80-84 | T2: 85+ | U2: Total
A3: Female
A4: 2001 | C4: 842 | D4: 1028 | E4: 1125 | F4: 1211 | G4: 850 | H4: 838 | I4: 984 | J4: 1167 | K4: 1345 | L4: 1291 | M4: 1191 | N4: 989 | O4: 900 | P4: 837 | Q4: 817 | R4: 670 | S4: 534 | T4: 498 | U4: =SUM(C4:T4) -> 17117
A5: 2002 | C5: 845 | D5: 973 | E5: 1130 | F5: 1146 | G5: 855 | H5: 822 | I5: 957 | J5: 1129 | K5: 1351 | L5: 1300 | M5: 1188 | N5: 1060 | O5: 919 | P5: 841 | Q5: 807 | R5: 663 | S5: 530 | T5: 510 | U5: =SUM(C5:T5) -> 17026
A6: 2003 | C6: 877 | D6: 910 | E6: 1100 | F6: 1114 | G6: 877 | H6: 822 | I6: 913 | J6: 1088 | K6: 1312 | L6: 1328 | M6: 1268 | N6: 1093 | O6: 952 | P6: 859 | Q6: 807 | R6: 652 | S6: 534 | T6: 515 | U6: =SUM(C6:T6) -> 17021
A7: 2004 | C7: 890 | D7: 880 | E7: 1078 | F7: 1107 | G7: 911 | H7: 799 | I7: 891 | J7: 1039 | K7: 1284 | L7: 1317 | M7: 1301 | N7: 1159 | O7: 1004 | P7: 853 | Q7: 796 | R7: 678 | S7: 542 | T7: 511 | U7: =SUM(C7:T7) -> 17040
A8: 2005 | C8: 898 | D8: 813 | E8: 1063 | F8: 1078 | G8: 879 | H8: 811 | I8: 849 | J8: 1023 | K8: 1242 | L8: 1340 | M8: 1305 | N8: 1255 | O8: 1008 | P8: 875 | Q8: 792 | R8: 688 | S8: 515 | T8: 506 | U8: =SUM(C8:T8) -> 16940
A9: 2006 | C9: 846 | D9: 851 | E9: 1055 | F9: 1023 | G9: 878 | H9: 812 | I9: 867 | J9: 969 | K9: 1210 | L9: 1336 | M9: 1317 | N9: 1309 | O9: 1055 | P9: 872 | Q9: 806 | R9: 712 | S9: 490 | T9: 518 | U9: =SUM(C9:T9) -> 16926
A10: 2007 | C10: 843 | D10: 856 | E10: 1017 | F10: 1055 | G10: 871 | H10: 778 | I10: 854 | J10: 949 | K10: 1186 | L10: 1327 | M10: 1358 | N10: 1291 | O10: 1153 | P10: 904 | Q10: 817 | R10: 712 | S10: 494 | T10: 538 | U10: =SUM(C10:T10) -> 17003
A11: 2008 | C11: 842 | D11: 859 | E11: 985 | F11: 1014 | G11: 827 | H11: 806 | I11: 840 | J11: 910 | K11: 1147 | L11: 1260 | M11: 1394 | N11: 1347 | O11: 1186 | P11: 940 | Q11: 809 | R11: 704 | S11: 496 | T11: 532 | U11: =SUM(C11:T11) -> 16898
A12: 2009 | C12: 824 | D12: 868 | E12: 925 | F12: 994 | G12: 810 | H12: 809 | I12: 817 | J12: 895 | K12: 1089 | L12: 1217 | M12: 1365 | N12: 1334 | O12: 1256 | P12: 980 | Q12: 802 | R12: 681 | S12: 504 | T12: 542 | U12: =SUM(C12:T12) -> 16712
A13: 2010 | C13: 808 | D13: 891 | E13: 880 | F13: 978 | G13: 782 | H13: 804 | I13: 817 | J13: 832 | K13: 1074 | L13: 1175 | M13: 1387 | N13: 1347 | O13: 1332 | P13: 998 | Q13: 814 | R13: 678 | S13: 502 | T13: 541 | U13: =SUM(C13:T13) -> 16640
A14: 2015 | C14: 785.04207 | D14: 823.17728 | E14: 896.64621 | F14: 885.033 | G14: 925.7439 | H14: 746.35718 | I14: 828.60624 | J14: 796.66614 | K14: 791.09891 | L14: 1038.158 | M14: 1159.4231 | N14: 1383.6359 | O14: 1303.872 | P14: 1303.4804 | Q14: 941.15416 | R14: 732.60836 | S14: 531.66715 | T14: 535.64676 | U14: =SUM(C14:T14) -> 16408.017
A15: 2020 | C15: 792.45572 | D15: 803.31475 | E15: 831.73464 | F15: 902.41375 | G15: 852.95613 | H15: 859.61693 | I15: 778.09064 | J15: 810.02872 | K15: 760.38375 | L15: 773.21476 | M15: 1027.2668 | N15: 1160.0853 | O15: 1338.769 | P15: 1281.92 | Q15: 1223.4788 | R15: 849.80782 | S15: 576.38185 | T15: 550.81391 | U15: =SUM(C15:T15) -> 16172.733
... A17: 2030 | C17: 792.10525 | D17: 817.62011 | E17: 822.67646 | F17: 823.79817 | G17: 824.98225 | H17: 829.23085 | I17: 838.84571 | J17: 856.81312 | K17: 734.21765 | L17: 761.196 | M17: 751.08582 | N17: 786.35914 | O17: 1003.9671 | P17: 1111.1717 | Q17: 1239.4912 | R17: 1090.3634 | S17: 865.23094 | T17: 658.58338 | U17: =SUM(C17:T17) -> 15607.738
A19: Male
A20: 2001 | C20: 843 | D20: 1079 | E20: 1116 | F20: 1140 | G20: 958 | H20: 786 | I20: 1038 | J20: 1126 | K20: 1247 | L20: 1387 | M20: 1301 | N20: 1024 | O20: 823 | P20: 779 | Q20: 673 | R20: 511 | S20: 319 | T20: 232 | U20: =SUM(C20:T20) -> 16382
A21: 2002 | C21: 826 | D21: 998 | E21: 1130 | F21: 1148 | G21: 888 | H21: 779 | I21: 1004 | J21: 1078 | K21: 1280 | L21: 1406 | M21: 1286 | N21: 1095 | O21: 862 | P21: 813 | Q21: 652 | R21: 523 | S21: 316 | T21: 235 | U21: =SUM(C21:T21) -> 16319
A22: 2003 | C22: 846 | D22: 942 | E22: 1169 | F22: 1149 | G22: 901 | H22: 746 | I22: 1001 | J22: 1024 | K22: 1252 | L22: 1371 | M22: 1344 | N22: 1148 | O22: 917 | P22: 846 | Q22: 637 | R22: 522 | S22: 336 | T22: 231 | U22: =SUM(C22:T22) -> 16382
A23: 2004 | C23: 833 | D23: 912 | E23: 1189 | F23: 1117 | G23: 927 | H23: 757 | I23: 946 | J23: 1025 | K23: 1223 | L23: 1374 | M23: 1300 | N23: 1250 | O23: 963 | P23: 857 | Q23: 668 | R23: 509 | S23: 342 | T23: 242 | U23: =SUM(C23:T23) -> 16434
A24: 2005 | C24: 870 | D24: 868 | E24: 1137 | F24: 1117 | G24: 896 | H24: 780 | I24: 853 | J24: 1020 | K24: 1169 | L24: 1355 | M24: 1339 | N24: 1320 | O24: 1000 | P24: 802 | Q24: 727 | R24: 540 | S24: 360 | T24: 226 | U24: =SUM(C24:T24) -> 16379
A25: 2006 | C25: 889 | D25: 860 | E25: 1119 | F25: 1109 | G25: 869 | H25: 798 | I25: 857 | J25: 1007 | K25: 1144 | L25: 1292 | M25: 1391 | N25: 1353 | O25: 1023 | P25: 853 | Q25: 709 | R25: 551 | S25: 354 | T25: 219 | U25: =SUM(C25:T25) -> 16397
A26: 2007 | C26: 899 | D26: 860 | E26: 1058 | F26: 1115 | G26: 887 | H26: 753 | I26: 841 | J26: 986 | K26: 1099 | L26: 1306 | M26: 1421 | N26: 1340 | O26: 1130 | P26: 865 | Q26: 726 | R26: 540 | S26: 360 | T26: 235 | U26: =SUM(C26:T26) -> 16421
A27: 2008 | C27: 916 | D27: 868 | E27: 988 | F27: 1138 | G27: 838 | H27: 781 | I27: 786 | J27: 1026 | K27: 1013 | L27: 1297 | M27: 1368 | N27: 1390 | O27: 1180 | P27: 915 | Q27: 750 | R27: 536 | S27: 353 | T27: 248 | U27: =SUM(C27:T27) -> 16391
A28: 2009 | C28: 872 | D28: 869 | E28: 930 | F28: 1144 | G28: 813 | H28: 775 | I28: 796 | J28: 934 | K28: 1005 | L28: 1267 | M28: 1374 | N28: 1311 | O28: 1270 | P28: 943 | Q28: 767 | R28: 531 | S28: 344 | T28: 268 | U28: =SUM(C28:T28) -> 16213
A29: 2010 | C29: 857 | D29: 862 | E29: 927 | F29: 1095 | G29: 796 | H29: 765 | I29: 831 | J29: 877 | K29: 999 | L29: 1227 | M29: 1366 | N29: 1324 | O29: 1326 | P29: 996 | Q29: 729 | R29: 573 | S29: 352 | T29: 256 | U29: =SUM(C29:T29) -> 16158
A30: 2015 | C30: 799.11834 | D30: 887.59721 | E30: 875.55519 | F30: 936.42695 | G30: 1063.2702 | H30: 788.01262 | I30: 808.44755 | J30: 823.96335 | K30: 840.22984 | L30: 972.09573 | M30: 1212.3598 | N30: 1352.2896 | O30: 1259.6032 | P30: 1265.6401 | Q30: 908.63647 | R30: 600.72688 | S30: 393.42552 | T30: 276.56971 | U30: =SUM(C30:T30) -> 16063.968
A31: 2020 | C31: 806.66492 | D31: 834.20577 | E31: 902.09689 | F31: 887.51915 | G31: 931.66345 | H31: 1004.178 | I31: 832.10447 | J31: 806.69454 | K31: 793.37853 | L31: 824.1288 | M31: 967.25875 | N31: 1202.4502 | O31: 1286.316 | P31: 1210.8859 | Q31: 1149.3122 | R31: 750.12631 | S31: 415.48797 | T31: 305.33811 | U31: =SUM(C31:T31) -> 15909.81
... A33: 2030 | C33: 806.30818 | D33: 849.31671 | E33: 860.84112 | F33: 866.37602 | G33: 923.98058 | H33: 879.04132 | I33: 941.99415 | J33: 1005.1207 | K33: 801.07063 | L33: 771.12344 | M33: 790.59507 | N33: 833.77933 | O33: 928.97468 | P33: 1104.9561 | Q33: 1130.1541 | R33: 915.50174 | S33: 652.08396 | T33: 396.12335 | U33: =SUM(C33:T33) -> 15457.341
A35: Total
A36: 2001 | C36: =C20+C4 -> 1685 | D36: =D20+D4 -> 2107 | E36: =E20+E4 -> 2241 | F36: =F20+F4 -> 2351 | G36: =G20+G4 -> 1808 | H36: =H20+H4 -> 1624 | I36: =I20+I4 -> 2022 | J36: =J20+J4 -> 2293 | ... T36: =T20+T4 -> 730 | U36: =SUM(C36:T36) -> 33499
A37: 2002 | C37: =C21+C5 -> 1671 | D37: =D21+D5 -> 1971 | E37: =E21+E5 -> 2260 | F37: =F21+F5 -> 2294 | G37: =G21+G5 -> 1743 | H37: =H21+H5 -> 1601 | I37: =I21+I5 -> 1961 | J37: =J21+J5 -> 2207 | ... T37: =T21+T5 -> 745 | U37: =SUM(C37:T37) -> 33345
A38: 2003 | C38: =C22+C6 -> 1723 | D38: =D22+D6 -> 1852 | E38: =E22+E6 -> 2269 | F38: =F22+F6 -> 2263 | G38: =G22+G6 -> 1778 | H38: =H22+H6 -> 1568 | I38: =I22+I6 -> 1914 | J38: =J22+J6 -> 2112 | ... T38: =T22+T6 -> 746 | U38: =SUM(C38:T38) -> 33403
A39: 2004 | C39: =C23+C7 -> 1723 | D39: =D23+D7 -> 1792 | E39: =E23+E7 -> 2267 | F39: =F23+F7 -> 2224 | G39: =G23+G7 -> 1838 | H39: =H23+H7 -> 1556 | I39: =I23+I7 -> 1837 | J39: =J23+J7 -> 2064 | ... T39: =T23+T7 -> 753 | U39: =SUM(C39:T39) -> 33474
A40: 2005 | C40: =C24+C8 -> 1768 | D40: =D24+D8 -> 1681 | E40: =E24+E8 -> 2200 | F40: =F24+F8 -> 2195 | G40: =G24+G8 -> 1775 | H40: =H24+H8 -> 1591 | I40: =I24+I8 -> 1702 | J40: =J24+J8 -> 2043 | ... T40: =T24+T8 -> 732 | U40: =SUM(C40:T40) -> 33319
A41: 2006 | C41: =C25+C9 -> 1735 | D41: =D25+D9 -> 1711 | E41: =E25+E9 -> 2174 | F41: =F25+F9 -> 2132 | G41: =G25+G9 -> 1747 | H41: =H25+H9 -> 1610 | I41: =I25+I9 -> 1724 | J41: =J25+J9 -> 1976 | ... T41: =T25+T9 -> 737 | U41: =SUM(C41:T41) -> 33323
A42: 2007 | C42: =C26+C10 -> 1742 | D42: =D26+D10 -> 1716 | E42: =E26+E10 -> 2075 | F42: =F26+F10 -> 2170 | G42: =G26+G10 -> 1758 | H42: =H26+H10 -> 1531 | I42: =I26+I10 -> 1695 | J42: =J26+J10 -> 1935 | ... T42: =T26+T10 -> 773 | U42: =SUM(C42:T42) -> 33424
A43: 2008 | C43: =C27+C11 -> 1758 | D43: =D27+D11 -> 1727 | E43: =E27+E11 -> 1973 | F43: =F27+F11 -> 2152 | G43: =G27+G11 -> 1665 | H43: =H27+H11 -> 1587 | I43: =I27+I11 -> 1626 | J43: =J27+J11 -> 1936 | ... T43: =T27+T11 -> 780 | U43: =SUM(C43:T43) -> 33289
A44: 2009 | C44: =C28+C12 -> 1696 | D44: =D28+D12 -> 1737 | E44: =E28+E12 -> 1855 | F44: =F28+F12 -> 2138 | G44: =G28+G12 -> 1623 | H44: =H28+H12 -> 1584 | I44: =I28+I12 -> 1613 | J44: =J28+J12 -> 1829 | ... T44: =T28+T12 -> 810 | U44: =SUM(C44:T44) -> 32925
A45: 2010 | C45: =C29+C13 -> 1665 | D45: =D29+D13 -> 1753 | E45: =E29+E13 -> 1807 | F45: =F29+F13 -> 2073 | G45: =G29+G13 -> 1578 | H45: =H29+H13 -> 1569 | I45: =I29+I13 -> 1648 | J45: =J29+J13 -> 1709 | ... T45: =T29+T13 -> 797 | U45: =SUM(C45:T45) -> 32798
A46: 2015 | C46: =C30+C14 -> 1584.1604 | D46: =D30+D14 -> 1710.7745 | E46: =E30+E14 -> 1772.2014 | F46: =F30+F14 -> 1821.4599 | G46: =G30+G14 -> 1989.0141 | H46: =H30+H14 -> 1534.3698 | I46: =I30+I14 -> 1637.0538 | J46: =J30+J14 -> 1620.6295 | ... T46: =T30+T14 -> 812.21647 | U46: =SUM(C46:T46) -> 32471.985
A47: 2020 | C47: =C31+C15 -> 1599.1206 | D47: =D31+D15 -> 1637.5205 | E47: =E31+E15 -> 1733.8315 | F47: =F31+F15 -> 1789.9329 | G47: =G31+G15 -> 1784.6196 | H47: =H31+H15 -> 1863.7949 | I47: =I31+I15 -> 1610.1951 | J47: =J31+J15 -> 1616.7233 | ... T47: =T31+T15 -> 856.15202 | U47: =SUM(C47:T47) -> 32082.543
... A49: 2030 | C49: =C33+C17 -> 1598.4134 | D49: =D33+D17 -> 1666.9368 | E49: =E33+E17 -> 1683.5176 | F49: =F33+F17 -> 1690.1742 | G49: =G33+G17 -> 1748.9628 | H49: =H33+H17 -> 1708.2722 | I49: =I33+I17 -> 1780.8399 | J49: =J33+J17 -> 1861.9338 | ... T49: =T33+T17 -> 1054.7067 | U49: =SUM(C49:T49) -> 31065.079

Sheet 31
A1: 31 | B1: YORK
A2: Age | C2: 0-4 | D2: 5-9 | E2: 10-14 | F2: 15-19 | G2: 20-24 | H2: 25-29 | I2: 30-34 | J2: 35-39 | K2: 40-44 | L2: 45-49 | M2: 50-54 | N2: 55-59 | O2: 60-64 | P2: 65-69 | Q2: 70-74 | R2: 75-79 | S2: 80-84 | T2: 85+ | U2: Total
A3: Female
A4: 2001 | C4: 5408 | D4: 6475 | E4: 7002 | F4: 6318 | G4: 4592 | H4: 5107 | I4: 6586 | J4: 8238 | K4: 8735 | L4: 8118 | M4: 7312 | N4: 5240 | O4: 4261 | P4: 3743 | Q4: 3621 | R4: 3058 | S4: 2253 | T4: 2219 | U4: =SUM(C4:T4) -> 98286
A5: 2002 | C5: 5405 | D5: 6305 | E5: 7124 | F5: 6469 | G5: 4704 | H5: 5088 | I5: 6488 | J5: 8099 | K5: 8857 | L5: 8254 | M5: 7536 | N5: 5804 | O5: 4404 | P5: 3800 | Q5: 3644 | R5: 3068 | S5: 2325 | T5: 2287 | U5: =SUM(C5:T5) -> 99661
A6: 2003 | C6: 5306 | D6: 6020 | E6: 7191 | F6: 6524 | G6: 4850 | H6: 5056 | I6: 6354 | J6: 7727 | K6: 8949 | L6: 8476 | M6: 7665 | N6: 6127 | O6: 4780 | P6: 3908 | Q6: 3598 | R6: 3133 | S6: 2327 | T6: 2325 | U6: =SUM(C6:T6) -> 100316
A7: 2004 | C7: 5319 | D7: 6026 | E7: 7071 | F7: 6595 | G7: 4939 | H7: 5163 | I7: 6141 | J7: 7414 | K7: 8856 | L7: 8601 | M7: 7885 | N7: 6563 | O7: 5038 | P7: 3967 | Q7: 3539 | R7: 3160 | S7: 2398 | T7: 2361 | U7: =SUM(C7:T7) -> 101036
A8: 2005 | C8: 5256 | D8: 5902 | E8: 6950 | F8: 6647 | G8: 5170 | H8: 5157 | I8: 5865 | J8: 7252 | K8: 8728 | L8: 8751 | M8: 8074 | N8: 6972 | O8: 5171 | P8: 4071 | Q8: 3470 | R8: 3129 | S8: 2542 | T8: 2394 | U8: =SUM(C8:T8) -> 101501
A9: 2006 | C9: 5062 | D9: 5824 | E9: 6792 | F9: 6624 | G9: 5230 | H9: 5063 | I9: 5610 | J9: 7040 | K9: 8412 | L9: 8751 | M9: 8197 | N9: 7472 | O9: 5267 | P9: 4179 | Q9: 3426 | R9: 3201 | S9: 2515 | T9: 2493 | U9: =SUM(C9:T9) -> 101158
A10: 2007 | C10: 5086 | D10: 5761 | E10: 6518 | F10: 6725 | G10: 5136 | H10: 5157 | I10: 5454 | J10: 6871 | K10: 8046 | L10: 8781 | M10: 8308 | N10: 7607 | O10: 5703 | P10: 4301 | Q10: 3448 | R10: 3260 | S10: 2483 | T10: 2574 | U10: =SUM(C10:T10) -> 101219
A11: 2008 | C11: 5052 | D11: 5714 | E11: 6213 | F11: 6775 | G11: 5132 | H11: 5237 | I11: 5283 | J11: 6716 | K11: 7678 | L11: 8808 | M11: 8516 | N11: 7735 | O11: 5977 | P11: 4583 | Q11: 3530 | R11: 3223 | S11: 2614 | T11: 2535 | U11: =SUM(C11:T11) -> 101321
A12: 2009 | C12: 5030 | D12: 5533 | E12: 6118 | F12: 6561 | G12: 5183 | H12: 5080 | I12: 5380 | J12: 6464 | K12: 7276 | L12: 8651 | M12: 8612 | N12: 7893 | O12: 6353 | P12: 4816 | Q12: 3612 | R12: 3150 | S12: 2652 | T12: 2627 | U12: =SUM(C12:T12) -> 100991
A13: 2010 | C13: 4989 | D13: 5462 | E13: 6016 | F13: 6396 | G13: 5141 | H13: 5164 | I13: 5392 | J13: 6107 | K13: 7109 | L13: 8509 | M13: 8703 | N13: 8086 | O13: 6770 | P13: 4954 | Q13: 3752 | R13: 3098 | S13: 2656 | T13: 2756 | U13: =SUM(C13:T13) -> 101060
A14: 2015 | C14: 4796.0546 | D14: 5145.9836 | E14: 5517.015 | F14: 6067.3548 | G14: 6101.0596 | H14: 5278.8323 | I14: 5167.931 | J14: 5410.9528 | K14: 6071.2566 | L14: 7027.6578 | M14: 8457.1447 | N14: 8513.5827 | O14: 7894.3919 | P14: 6545.3042 | Q14: 4724.8276 | R14: 3389.4817 | S14: 2545.0642 | T14: 3047.8628 | U14: =SUM(C14:T14) -> 101701.76
A15: 2020 | C15: 4899.5805 | D15: 4985.4873 | E15: 5222.2652 | F15: 5595.174 | G15: 5852.8531 | H15: 6065.0686 | I15: 5284.6389 | J15: 5226.9748 | K15: 5447.9188 | L15: 6049.9072 | M15: 7020.4729 | N15: 8262.0541 | O15: 8302.539 | P15: 7618.9418 | Q15: 6202.9596 | R15: 4272.1416 | S15: 2791.8354 | T15: 3127.3332 | U15: =SUM(C15:T15) -> 102228.15
... A17: 2030 | C17: 4971.8948 | D17: 5192.3162 | E17: 5190.6054 | F17: 5191.3416 | G17: 5265.6531 | H17: 5639.6283 | I17: 5872.389 | J17: 5960.7788 | K17: 5417.1725 | L17: 5350.6964 | M17: 5553.8662 | N17: 6007.358 | O17: 6744.2117 | P17: 7747.4801 | Q17: 7563.6584 | R17: 6474.6409 | S17: 4582.589 | T17: 3902.1664 | U17: =SUM(C17:T17) -> 102628.45
A19: Male
A20: 2001 | C20: 5638 | D20: 6559 | E20: 7408 | F20: 6533 | G20: 4466 | H20: 4842 | I20: 6281 | J20: 7577 | K20: 8495 | L20: 7864 | M20: 7189 | N20: 5179 | O20: 4021 | P20: 3323 | Q20: 2963 | R20: 2344 | S20: 1388 | T20: 905 | U20: =SUM(C20:T20) -> 92975
A21: 2002 | C21: 5649 | D21: 6470 | E21: 7422 | F21: 6720 | G21: 4662 | H21: 4896 | I21: 6267 | J21: 7404 | K21: 8525 | L21: 8182 | M21: 7196 | N21: 5749 | O21: 4162 | P21: 3410 | Q21: 2982 | R21: 2326 | S21: 1436 | T21: 981 | U21: =SUM(C21:T21) -> 94439
A22: 2003 | C22: 5661 | D22: 6379 | E22: 7356 | F22: 6799 | G22: 4957 | H22: 4891 | I22: 6156 | J22: 7273 | K22: 8435 | L22: 8433 | M22: 7363 | N22: 6076 | O22: 4435 | P22: 3534 | Q22: 2936 | R22: 2315 | S22: 1521 | T22: 1015 | U22: =SUM(C22:T22) -> 95535
A23: 2004 | C23: 5674 | D23: 6293 | E23: 7331 | F23: 6841 | G23: 5089 | H23: 4804 | I23: 6159 | J23: 6990 | K23: 8464 | L23: 8468 | M23: 7646 | N23: 6379 | O23: 4705 | P23: 3652 | Q23: 2908 | R23: 2356 | S23: 1590 | T23: 1023 | U23: =SUM(C23:T23) -> 96372
A24: 2005 | C24: 5675 | D24: 6235 | E24: 7080 | F24: 6900 | G24: 5192 | H24: 4846 | I24: 5815 | J24: 6898 | K24: 8333 | L24: 8515 | M24: 7752 | N24: 6824 | O24: 4924 | P24: 3694 | Q24: 2892 | R24: 2371 | S24: 1646 | T24: 1106 | U24: =SUM(C24:T24) -> 96698
A25: 2006 | C25: 5553 | D25: 6077 | E25: 6930 | F25: 6868 | G25: 5312 | H25: 4829 | I25: 5467 | J25: 6868 | K25: 7987 | L25: 8589 | M25: 7841 | N25: 7164 | O25: 5069 | P25: 3780 | Q25: 2927 | R25: 2354 | S25: 1736 | T25: 1126 | U25: =SUM(C25:T25) -> 96477
A26: 2007 | C26: 5467 | D26: 5999 | E26: 6718 | F26: 6800 | G26: 5355 | H26: 4973 | I26: 5277 | J26: 6676 | K26: 7720 | L26: 8596 | M26: 8010 | N26: 7027 | O26: 5628 | P26: 3797 | Q26: 2998 | R26: 2404 | S26: 1729 | T26: 1201 | U26: =SUM(C26:T26) -> 96375
A27: 2008 | C27: 5435 | D27: 5918 | E27: 6483 | F27: 6740 | G27: 5306 | H27: 5067 | I27: 5202 | J27: 6525 | K27: 7484 | L27: 8431 | M27: 8192 | N27: 7147 | O27: 5926 | P27: 4007 | Q27: 3042 | R27: 2414 | S27: 1740 | T27: 1270 | U27: =SUM(C27:T27) -> 96329
A28: 2009 | C28: 5310 | D28: 5881 | E28: 6329 | F28: 6672 | G28: 5372 | H28: 5077 | I28: 5231 | J28: 6242 | K28: 7075 | L28: 8438 | M28: 8198 | N28: 7346 | O28: 6132 | P28: 4285 | Q28: 3149 | R28: 2386 | S28: 1763 | T28: 1315 | U28: =SUM(C28:T28) -> 96201
A29: 2010 | C29: 5284 | D29: 5836 | E29: 6253 | F29: 6432 | G29: 5362 | H29: 5094 | I29: 5270 | J29: 5891 | K29: 6918 | L29: 8245 | M29: 8284 | N29: 7411 | O29: 6515 | P29: 4486 | Q29: 3224 | R29: 2416 | S29: 1787 | T29: 1382 | U29: =SUM(C29:T29) -> 96090
A30: 2015 | C30: 5095.9255 | D30: 5474.2715 | E30: 5907.9225 | F30: 6315.8926 | G30: 6168.63 | H30: 5539.5464 | I30: 5142.1084 | J30: 5319.8157 | K30: 5866.3582 | L30: 6832.1948 | M30: 8168.2317 | N30: 8026.5815 | O30: 7132.9331 | P30: 6189.588 | Q30: 4174.2277 | R30: 2783.0202 | S30: 1821.9582 | T30: 1638.0741 | U30: =SUM(C30:T30) -> 97597.28
A31: 2020 | C31: 5205.9243 | D31: 5317.5892 | E31: 5567.9484 | F31: 5992.1894 | G31: 6103.1447 | H31: 6197.6797 | I31: 5549.947 | J31: 5223.7225 | K31: 5365.0978 | L31: 5847.2253 | M31: 6805.8515 | N31: 7902.4743 | O31: 7709.6914 | P31: 6782.2067 | Q31: 5705.8109 | R31: 3604.471 | S31: 2103.8158 | T31: 1774.799 | U31: =SUM(C31:T31) -> 98759.589
... A33: 2030 | C33: 5282.7601 | D33: 5537.7093 | E33: 5547.1965 | F33: 5547.3468 | G33: 5604.6867 | H33: 6029.4718 | I33: 6154.0195 | J33: 6113.7311 | K33: 5665.317 | L33: 5346.2652 | M33: 5459.6829 | N33: 5747.3719 | O33: 6381.801 | P33: 7180.2003 | Q33: 6734.1396 | R33: 5365.5882 | S33: 3674.0707 | T33: 2470.8348 | U33: =SUM(C33:T33) -> 99842.193
A35: Total
A36: 2001 | C36: =C20+C4 -> 11046 | D36: =D20+D4 -> 13034 | E36: =E20+E4 -> 14410 | F36: =F20+F4 -> 12851 | G36: =G20+G4 -> 9058 | H36: =H20+H4 -> 9949 | I36: =I20+I4 -> 12867 | J36: =J20+J4 -> 15815 | ... T36: =T20+T4 -> 3124 | U36: =SUM(C36:T36) -> 191261
A37: 2002 | C37: =C21+C5 -> 11054 | D37: =D21+D5 -> 12775 | E37: =E21+E5 -> 14546 | F37: =F21+F5 -> 13189 | G37: =G21+G5 -> 9366 | H37: =H21+H5 -> 9984 | I37: =I21+I5 -> 12755 | J37: =J21+J5 -> 15503 | ... T37: =T21+T5 -> 3268 | U37: =SUM(C37:T37) -> 194100
A38: 2003 | C38: =C22+C6 -> 10967 | D38: =D22+D6 -> 12399 | E38: =E22+E6 -> 14547 | F38: =F22+F6 -> 13323 | G38: =G22+G6 -> 9807 | H38: =H22+H6 -> 9947 | I38: =I22+I6 -> 12510 | J38: =J22+J6 -> 15000 | ... T38: =T22+T6 -> 3340 | U38: =SUM(C38:T38) -> 195851
A39: 2004 | C39: =C23+C7 -> 10993 | D39: =D23+D7 -> 12319 | E39: =E23+E7 -> 14402 | F39: =F23+F7 -> 13436 | G39: =G23+G7 -> 10028 | H39: =H23+H7 -> 9967 | I39: =I23+I7 -> 12300 | J39: =J23+J7 -> 14404 | ... T39: =T23+T7 -> 3384 | U39: =SUM(C39:T39) -> 197408
A40: 2005 | C40: =C24+C8 -> 10931 | D40: =D24+D8 -> 12137 | E40: =E24+E8 -> 14030 | F40: =F24+F8 -> 13547 | G40: =G24+G8 -> 10362 | H40: =H24+H8 -> 10003 | I40: =I24+I8 -> 11680 | J40: =J24+J8 -> 14150 | ... T40: =T24+T8 -> 3500 | U40: =SUM(C40:T40) -> 198199
A41: 2006 | C41: =C25+C9 -> 10615 | D41: =D25+D9 -> 11901 | E41: =E25+E9 -> 13722 | F41: =F25+F9 -> 13492 | G41: =G25+G9 -> 10542 | H41: =H25+H9 -> 9892 | I41: =I25+I9 -> 11077 | J41: =J25+J9 -> 13908 | ... T41: =T25+T9 -> 3619 | U41: =SUM(C41:T41) -> 197635
A42: 2007 | C42: =C26+C10 -> 10553 | D42: =D26+D10 -> 11760 | E42: =E26+E10 -> 13236 | F42: =F26+F10 -> 13525 | G42: =G26+G10 -> 10491 | H42: =H26+H10 -> 10130 | I42: =I26+I10 -> 10731 | J42: =J26+J10 -> 13547 | ... T42: =T26+T10 -> 3775 | U42: =SUM(C42:T42) -> 197594
A43: 2008 | C43: =C27+C11 -> 10487 | D43: =D27+D11 -> 11632 | E43: =E27+E11 -> 12696 | F43: =F27+F11 -> 13515 | G43: =G27+G11 -> 10438 | H43: =H27+H11 -> 10304 | I43: =I27+I11 -> 10485 | J43: =J27+J11 -> 13241 | ... T43: =T27+T11 -> 3805 | U43: =SUM(C43:T43) -> 197650
A44: 2009 | C44: =C28+C12 -> 10340 | D44: =D28+D12 -> 11414 | E44: =E28+E12 -> 12447 | F44: =F28+F12 -> 13233 | G44: =G28+G12 -> 10555 | H44: =H28+H12 -> 10157 | I44: =I28+I12 -> 10611 | J44: =J28+J12 -> 12706 | ... T44: =T28+T12 -> 3942 | U44: =SUM(C44:T44) -> 197192
A45: 2010 | C45: =C29+C13 -> 10273 | D45: =D29+D13 -> 11298 | E45: =E29+E13 -> 12269 | F45: =F29+F13 -> 12828 | G45: =G29+G13 -> 10503 | H45: =H29+H13 -> 10258 | I45: =I29+I13 -> 10662 | J45: =J29+J13 -> 11998 | ... T45: =T29+T13 -> 4138 | U45: =SUM(C45:T45) -> 197150
A46: 2015 | C46: =C30+C14 -> 9891.9802 | D46: =D30+D14 -> 10620.255 | E46: =E30+E14 -> 11424.938 | F46: =F30+F14 -> 12383.247 | G46: =G30+G14 -> 12269.69 | H46: =H30+H14 -> 10818.379 | I46: =I30+I14 -> 10310.039 | J46: =J30+J14 -> 10730.769 | ... T46: =T30+T14 -> 4685.9369 | U46: =SUM(C46:T46) -> 199299.04
A47: 2020 | C47: =C31+C15 -> 10105.505 | D47: =D31+D15 -> 10303.076 | E47: =E31+E15 -> 10790.214 | F47: =F31+F15 -> 11587.363 | G47: =G31+G15 -> 11955.998 | H47: =H31+H15 -> 12262.748 | I47: =I31+I15 -> 10834.586 | J47: =J31+J15 -> 10450.697 | ... T47: =T31+T15 -> 4902.1322 | U47: =SUM(C47:T47) -> 200987.73
... A49: 2030 | C49: =C33+C17 -> 10254.655 | D49: =D33+D17 -> 10730.025 | E49: =E33+E17 -> 10737.802 | F49: =F33+F17 -> 10738.688 | G49: =G33+G17 -> 10870.34 | H49: =H33+H17 -> 11669.1 | I49: =I33+I17 -> 12026.408 | J49: =J33+J17 -> 12074.51 | ... T49: =T33+T17 -> 6373.0012 | U49: =SUM(C49:T49) -> 202470.64

Sheet ME
B1: Maine
C2: 0-4 | D2: 5-9 | E2: 10-14 | F2: 15-19 | G2: 20-24 | H2: 25-29 | I2: 30-34 | J2: 35-39 | K2: 40-44 | L2: 45-49 | M2: 50-54 | N2: 55-59 | O2: 60-64 | P2: 65-69 | Q2: 70-74 | R2: 75-79 | S2: 80-84 | T2: 85+ | U2: Total
A3: Female
A4: 2001 | C4: ='01'!C4+'03'!C4+'05'!C4+'07'!C4+'09'!C4+'11'!C4+'13'!C4+'15'!C4+'17'!C4+'19'!C4+'21'!C4+'23'!C4+'25'!C4+'27'!C4+'29'!C4+'31'!C4 -> 34344 | D4: ='01'!D4+'03'!D4+'05'!D4+'07'!D4+'09'!D4+'11'!D4+'13'!D4+'15'!D4+'17'!D4+'19'!D4+'21'!D4+'23'!D4+'25'!D4+'27'!D4+'29'!D4+'31'!D4 -> 39365 | E4: ='01'!E4+'03'!E4+'05'!E4+'07'!E4+'09'!E4+'11'!E4+'13'!E4+'15'!E4+'17'!E4+'19'!E4+'21'!E4+'23'!E4+'25'!E4+'27'!E4+'29'!E4+'31'!E4 -> 45029 | F4: ='01'!F4+'03'!F4+'05'!F4+'07'!F4+'09'!F4+'11'!F4+'13'!F4+'15'!F4+'17'!F4+'19'!F4+'21'!F4+'23'!F4+'25'!F4+'27'!F4+'29'!F4+'31'!F4 -> 44681 | G4: ='01'!G4+'03'!G4+'05'!G4+'07'!G4+'09'!G4+'11'!G4+'13'!G4+'15'!G4+'17'!G4+'19'!G4+'21'!G4+'23'!G4+'25'!G4+'27'!G4+'29'!G4+'31'!G4 -> 35706 | H4: ='01'!H4+'03'!H4+'05'!H4+'07'!H4+'09'!H4+'11'!H4+'13'!H4+'15'!H4+'17'!H4+'19'!H4+'21'!H4+'23'!H4+'25'!H4+'27'!H4+'29'!H4+'31'!H4 -> 34824 | I4: ='01'!I4+'03'!I4+'05'!I4+'07'!I4+'09'!I4+'11'!I4+'13'!I4+'15'!I4+'17'!I4+'19'!I4+'21'!I4+'23'!I4+'25'!I4+'27'!I4+'29'!I4+'31'!I4 -> 43235 | J4: ='01'!J4+'03'!J4+'05'!J4+'07'!J4+'09'!J4+'11'!J4+'13'!J4+'15'!J4+'17'!J4+'19'!J4+'21'!J4+'23'!J4+'25'!J4+'27'!J4+'29'!J4+'31'!J4 -> 51524 | ... U4: ='01'!U4+'03'!U4+'05'!U4+'07'!U4+'09'!U4+'11'!U4+'13'!U4+'15'!U4+'17'!U4+'19'!U4+'21'!U4+'23'!U4+'25'!U4+'27'!U4+'29'!U4+'31'!U4 -> 659657
A5: 2002 | C5: ='01'!C5+'03'!C5+'05'!C5+'07'!C5+'09'!C5+'11'!C5+'13'!C5+'15'!C5+'17'!C5+'19'!C5+'21'!C5+'23'!C5+'25'!C5+'27'!C5+'29'!C5+'31'!C5 -> 34255 | D5: ='01'!D5+'03'!D5+'05'!D5+'07'!D5+'09'!D5+'11'!D5+'13'!D5+'15'!D5+'17'!D5+'19'!D5+'21'!D5+'23'!D5+'25'!D5+'27'!D5+'29'!D5+'31'!D5 -> 38414 | E5: ='01'!E5+'03'!E5+'05'!E5+'07'!E5+'09'!E5+'11'!E5+'13'!E5+'15'!E5+'17'!E5+'19'!E5+'21'!E5+'23'!E5+'25'!E5+'27'!E5+'29'!E5+'31'!E5 -> 44988 | F5: ='01'!F5+'03'!F5+'05'!F5+'07'!F5+'09'!F5+'11'!F5+'13'!F5+'15'!F5+'17'!F5+'19'!F5+'21'!F5+'23'!F5+'25'!F5+'27'!F5+'29'!F5+'31'!F5 -> 45113 | G5: ='01'!G5+'03'!G5+'05'!G5+'07'!G5+'09'!G5+'11'!G5+'13'!G5+'15'!G5+'17'!G5+'19'!G5+'21'!G5+'23'!G5+'25'!G5+'27'!G5+'29'!G5+'31'!G5 -> 36897 | H5: ='01'!H5+'03'!H5+'05'!H5+'07'!H5+'09'!H5+'11'!H5+'13'!H5+'15'!H5+'17'!H5+'19'!H5+'21'!H5+'23'!H5+'25'!H5+'27'!H5+'29'!H5+'31'!H5 -> 34402 | I5: ='01'!I5+'03'!I5+'05'!I5+'07'!I5+'09'!I5+'11'!I5+'13'!I5+'15'!I5+'17'!I5+'19'!I5+'21'!I5+'23'!I5+'25'!I5+'27'!I5+'29'!I5+'31'!I5 -> 42483 | J5: ='01'!J5+'03'!J5+'05'!J5+'07'!J5+'09'!J5+'11'!J5+'13'!J5+'15'!J5+'17'!J5+'19'!J5+'21'!J5+'23'!J5+'25'!J5+'27'!J5+'29'!J5+'31'!J5 -> 50266 | ... U5: ='01'!U5+'03'!U5+'05'!U5+'07'!U5+'09'!U5+'11'!U5+'13'!U5+'15'!U5+'17'!U5+'19'!U5+'21'!U5+'23'!U5+'25'!U5+'27'!U5+'29'!U5+'31'!U5 -> 664226
A6: 2003 | C6: ='01'!C6+'03'!C6+'05'!C6+'07'!C6+'09'!C6+'11'!C6+'13'!C6+'15'!C6+'17'!C6+'19'!C6+'21'!C6+'23'!C6+'25'!C6+'27'!C6+'29'!C6+'31'!C6 -> 34343 | D6: ='01'!D6+'03'!D6+'05'!D6+'07'!D6+'09'!D6+'11'!D6+'13'!D6+'15'!D6+'17'!D6+'19'!D6+'21'!D6+'23'!D6+'25'!D6+'27'!D6+'29'!D6+'31'!D6 -> 37730 | E6: ='01'!E6+'03'!E6+'05'!E6+'07'!E6+'09'!E6+'11'!E6+'13'!E6+'15'!E6+'17'!E6+'19'!E6+'21'!E6+'23'!E6+'25'!E6+'27'!E6+'29'!E6+'31'!E6 -> 44600 | F6: ='01'!F6+'03'!F6+'05'!F6+'07'!F6+'09'!F6+'11'!F6+'13'!F6+'15'!F6+'17'!F6+'19'!F6+'21'!F6+'23'!F6+'25'!F6+'27'!F6+'29'!F6+'31'!F6 -> 45488 | G6: ='01'!G6+'03'!G6+'05'!G6+'07'!G6+'09'!G6+'11'!G6+'13'!G6+'15'!G6+'17'!G6+'19'!G6+'21'!G6+'23'!G6+'25'!G6+'27'!G6+'29'!G6+'31'!G6 -> 37778 | H6: ='01'!H6+'03'!H6+'05'!H6+'07'!H6+'09'!H6+'11'!H6+'13'!H6+'15'!H6+'17'!H6+'19'!H6+'21'!H6+'23'!H6+'25'!H6+'27'!H6+'29'!H6+'31'!H6 -> 34667 | I6: ='01'!I6+'03'!I6+'05'!I6+'07'!I6+'09'!I6+'11'!I6+'13'!I6+'15'!I6+'17'!I6+'19'!I6+'21'!I6+'23'!I6+'25'!I6+'27'!I6+'29'!I6+'31'!I6 -> 41251 | J6: ='01'!J6+'03'!J6+'05'!J6+'07'!J6+'09'!J6+'11'!J6+'13'!J6+'15'!J6+'17'!J6+'19'!J6+'21'!J6+'23'!J6+'25'!J6+'27'!J6+'29'!J6+'31'!J6 -> 48914 | ... U6: ='01'!U6+'03'!U6+'05'!U6+'07'!U6+'09'!U6+'11'!U6+'13'!U6+'15'!U6+'17'!U6+'19'!U6+'21'!U6+'23'!U6+'25'!U6+'27'!U6+'29'!U6+'31'!U6 -> 668680
A7: 2004 | C7: ='01'!C7+'03'!C7+'05'!C7+'07'!C7+'09'!C7+'11'!C7+'13'!C7+'15'!C7+'17'!C7+'19'!C7+'21'!C7+'23'!C7+'25'!C7+'27'!C7+'29'!C7+'31'!C7 -> 34433 | D7: ='01'!D7+'03'!D7+'05'!D7+'07'!D7+'09'!D7+'11'!D7+'13'!D7+'15'!D7+'17'!D7+'19'!D7+'21'!D7+'23'!D7+'25'!D7+'27'!D7+'29'!D7+'31'!D7 -> 37599 | E7: ='01'!E7+'03'!E7+'05'!E7+'07'!E7+'09'!E7+'11'!E7+'13'!E7+'15'!E7+'17'!E7+'19'!E7+'21'!E7+'23'!E7+'25'!E7+'27'!E7+'29'!E7+'31'!E7 -> 43717 | F7: ='01'!F7+'03'!F7+'05'!F7+'07'!F7+'09'!F7+'11'!F7+'13'!F7+'15'!F7+'17'!F7+'19'!F7+'21'!F7+'23'!F7+'25'!F7+'27'!F7+'29'!F7+'31'!F7 -> 45548 | G7: ='01'!G7+'03'!G7+'05'!G7+'07'!G7+'09'!G7+'11'!G7+'13'!G7+'15'!G7+'17'!G7+'19'!G7+'21'!G7+'23'!G7+'25'!G7+'27'!G7+'29'!G7+'31'!G7 -> 38293 | H7: ='01'!H7+'03'!H7+'05'!H7+'07'!H7+'09'!H7+'11'!H7+'13'!H7+'15'!H7+'17'!H7+'19'!H7+'21'!H7+'23'!H7+'25'!H7+'27'!H7+'29'!H7+'31'!H7 -> 35304 | I7: ='01'!I7+'03'!I7+'05'!I7+'07'!I7+'09'!I7+'11'!I7+'13'!I7+'15'!I7+'17'!I7+'19'!I7+'21'!I7+'23'!I7+'25'!I7+'27'!I7+'29'!I7+'31'!I7 -> 40094 | J7: ='01'!J7+'03'!J7+'05'!J7+'07'!J7+'09'!J7+'11'!J7+'13'!J7+'15'!J7+'17'!J7+'19'!J7+'21'!J7+'23'!J7+'25'!J7+'27'!J7+'29'!J7+'31'!J7 -> 47165 | ... U7: ='01'!U7+'03'!U7+'05'!U7+'07'!U7+'09'!U7+'11'!U7+'13'!U7+'15'!U7+'17'!U7+'19'!U7+'21'!U7+'23'!U7+'25'!U7+'27'!U7+'29'!U7+'31'!U7 -> 671862
A8: 2005 | C8: ='01'!C8+'03'!C8+'05'!C8+'07'!C8+'09'!C8+'11'!C8+'13'!C8+'15'!C8+'17'!C8+'19'!C8+'21'!C8+'23'!C8+'25'!C8+'27'!C8+'29'!C8+'31'!C8 -> 34545 | D8: ='01'!D8+'03'!D8+'05'!D8+'07'!D8+'09'!D8+'11'!D8+'13'!D8+'15'!D8+'17'!D8+'19'!D8+'21'!D8+'23'!D8+'25'!D8+'27'!D8+'29'!D8+'31'!D8 -> 37043 | E8: ='01'!E8+'03'!E8+'05'!E8+'07'!E8+'09'!E8+'11'!E8+'13'!E8+'15'!E8+'17'!E8+'19'!E8+'21'!E8+'23'!E8+'25'!E8+'27'!E8+'29'!E8+'31'!E8 -> 42667 | F8: ='01'!F8+'03'!F8+'05'!F8+'07'!F8+'09'!F8+'11'!F8+'13'!F8+'15'!F8+'17'!F8+'19'!F8+'21'!F8+'23'!F8+'25'!F8+'27'!F8+'29'!F8+'31'!F8 -> 45651 | G8: ='01'!G8+'03'!G8+'05'!G8+'07'!G8+'09'!G8+'11'!G8+'13'!G8+'15'!G8+'17'!G8+'19'!G8+'21'!G8+'23'!G8+'25'!G8+'27'!G8+'29'!G8+'31'!G8 -> 39210 | H8: ='01'!H8+'03'!H8+'05'!H8+'07'!H8+'09'!H8+'11'!H8+'13'!H8+'15'!H8+'17'!H8+'19'!H8+'21'!H8+'23'!H8+'25'!H8+'27'!H8+'29'!H8+'31'!H8 -> 35600 | I8: ='01'!I8+'03'!I8+'05'!I8+'07'!I8+'09'!I8+'11'!I8+'13'!I8+'15'!I8+'17'!I8+'19'!I8+'21'!I8+'23'!I8+'25'!I8+'27'!I8+'29'!I8+'31'!I8 -> 38436 | J8: ='01'!J8+'03'!J8+'05'!J8+'07'!J8+'09'!J8+'11'!J8+'13'!J8+'15'!J8+'17'!J8+'19'!J8+'21'!J8+'23'!J8+'25'!J8+'27'!J8+'29'!J8+'31'!J8 -> 46152 | ... U8: ='01'!U8+'03'!U8+'05'!U8+'07'!U8+'09'!U8+'11'!U8+'13'!U8+'15'!U8+'17'!U8+'19'!U8+'21'!U8+'23'!U8+'25'!U8+'27'!U8+'29'!U8+'31'!U8 -> 674104
A9: 2006 | C9: ='01'!C9+'03'!C9+'05'!C9+'07'!C9+'09'!C9+'11'!C9+'13'!C9+'15'!C9+'17'!C9+'19'!C9+'21'!C9+'23'!C9+'25'!C9+'27'!C9+'29'!C9+'31'!C9 -> 34334 | D9: ='01'!D9+'03'!D9+'05'!D9+'07'!D9+'09'!D9+'11'!D9+'13'!D9+'15'!D9+'17'!D9+'19'!D9+'21'!D9+'23'!D9+'25'!D9+'27'!D9+'29'!D9+'31'!D9 -> 36952 | E9: ='01'!E9+'03'!E9+'05'!E9+'07'!E9+'09'!E9+'11'!E9+'13'!E9+'15'!E9+'17'!E9+'19'!E9+'21'!E9+'23'!E9+'25'!E9+'27'!E9+'29'!E9+'31'!E9 -> 41447 | F9: ='01'!F9+'03'!F9+'05'!F9+'07'!F9+'09'!F9+'11'!F9+'13'!F9+'15'!F9+'17'!F9+'19'!F9+'21'!F9+'23'!F9+'25'!F9+'27'!F9+'29'!F9+'31'!F9 -> 45514 | G9: ='01'!G9+'03'!G9+'05'!G9+'07'!G9+'09'!G9+'11'!G9+'13'!G9+'15'!G9+'17'!G9+'19'!G9+'21'!G9+'23'!G9+'25'!G9+'27'!G9+'29'!G9+'31'!G9 -> 39488 | H9: ='01'!H9+'03'!H9+'05'!H9+'07'!H9+'09'!H9+'11'!H9+'13'!H9+'15'!H9+'17'!H9+'19'!H9+'21'!H9+'23'!H9+'25'!H9+'27'!H9+'29'!H9+'31'!H9 -> 35828 | I9: ='01'!I9+'03'!I9+'05'!I9+'07'!I9+'09'!I9+'11'!I9+'13'!I9+'15'!I9+'17'!I9+'19'!I9+'21'!I9+'23'!I9+'25'!I9+'27'!I9+'29'!I9+'31'!I9 -> 37178 | J9: ='01'!J9+'03'!J9+'05'!J9+'07'!J9+'09'!J9+'11'!J9+'13'!J9+'15'!J9+'17'!J9+'19'!J9+'21'!J9+'23'!J9+'25'!J9+'27'!J9+'29'!J9+'31'!J9 -> 45608 | ... U9: ='01'!U9+'03'!U9+'05'!U9+'07'!U9+'09'!U9+'11'!U9+'13'!U9+'15'!U9+'17'!U9+'19'!U9+'21'!U9+'23'!U9+'25'!U9+'27'!U9+'29'!U9+'31'!U9 -> 676157
A10: 2007 | C10: ='01'!C10+'03'!C10+'05'!C10+'07'!C10+'09'!C10+'11'!C10+'13'!C10+'15'!C10+'17'!C10+'19'!C10+'21'!C10+'23'!C10+'25'!C10+'27'!C10+'29'!C10+'31'!C10 -> 34564 | D10: ='01'!D10+'03'!D10+'05'!D10+'07'!D10+'09'!D10+'11'!D10+'13'!D10+'15'!D10+'17'!D10+'19'!D10+'21'!D10+'23'!D10+'25'!D10+'27'!D10+'29'!D10+'31'!D10 -> 36693 | E10: ='01'!E10+'03'!E10+'05'!E10+'07'!E10+'09'!E10+'11'!E10+'13'!E10+'15'!E10+'17'!E10+'19'!E10+'21'!E10+'23'!E10+'25'!E10+'27'!E10+'29'!E10+'31'!E10 -> 40518 | F10: ='01'!F10+'03'!F10+'05'!F10+'07'!F10+'09'!F10+'11'!F10+'13'!F10+'15'!F10+'17'!F10+'19'!F10+'21'!F10+'23'!F10+'25'!F10+'27'!F10+'29'!F10+'31'!F10 -> 44998 | G10: ='01'!G10+'03'!G10+'05'!G10+'07'!G10+'09'!G10+'11'!G10+'13'!G10+'15'!G10+'17'!G10+'19'!G10+'21'!G10+'23'!G10+'25'!G10+'27'!G10+'29'!G10+'31'!G10 -> 39143 | H10: ='01'!H10+'03'!H10+'05'!H10+'07'!H10+'09'!H10+'11'!H10+'13'!H10+'15'!H10+'17'!H10+'19'!H10+'21'!H10+'23'!H10+'25'!H10+'27'!H10+'29'!H10+'31'!H10 -> 36580 | I10: ='01'!I10+'03'!I10+'05'!I10+'07'!I10+'09'!I10+'11'!I10+'13'!I10+'15'!I10+'17'!I10+'19'!I10+'21'!I10+'23'!I10+'25'!I10+'27'!I10+'29'!I10+'31'!I10 -> 36227 | J10: ='01'!J10+'03'!J10+'05'!J10+'07'!J10+'09'!J10+'11'!J10+'13'!J10+'15'!J10+'17'!J10+'19'!J10+'21'!J10+'23'!J10+'25'!J10+'27'!J10+'29'!J10+'31'!J10 -> 44656 | ... U10: ='01'!U10+'03'!U10+'05'!U10+'07'!U10+'09'!U10+'11'!U10+'13'!U10+'15'!U10+'17'!U10+'19'!U10+'21'!U10+'23'!U10+'25'!U10+'27'!U10+'29'!U10+'31'!U10 -> 677797
A11: 2008 | C11: ='01'!C11+'03'!C11+'05'!C11+'07'!C11+'09'!C11+'11'!C11+'13'!C11+'15'!C11+'17'!C11+'19'!C11+'21'!C11+'23'!C11+'25'!C11+'27'!C11+'29'!C11+'31'!C11 -> 34525 | D11: ='01'!D11+'03'!D11+'05'!D11+'07'!D11+'09'!D11+'11'!D11+'13'!D11+'15'!D11+'17'!D11+'19'!D11+'21'!D11+'23'!D11+'25'!D11+'27'!D11+'29'!D11+'31'!D11 -> 36552 | E11: ='01'!E11+'03'!E11+'05'!E11+'07'!E11+'09'!E11+'11'!E11+'13'!E11+'15'!E11+'17'!E11+'19'!E11+'21'!E11+'23'!E11+'25'!E11+'27'!E11+'29'!E11+'31'!E11 -> 39473 | F11: ='01'!F11+'03'!F11+'05'!F11+'07'!F11+'09'!F11+'11'!F11+'13'!F11+'15'!F11+'17'!F11+'19'!F11+'21'!F11+'23'!F11+'25'!F11+'27'!F11+'29'!F11+'31'!F11 -> 44684 | G11: ='01'!G11+'03'!G11+'05'!G11+'07'!G11+'09'!G11+'11'!G11+'13'!G11+'15'!G11+'17'!G11+'19'!G11+'21'!G11+'23'!G11+'25'!G11+'27'!G11+'29'!G11+'31'!G11 -> 39216 | H11: ='01'!H11+'03'!H11+'05'!H11+'07'!H11+'09'!H11+'11'!H11+'13'!H11+'15'!H11+'17'!H11+'19'!H11+'21'!H11+'23'!H11+'25'!H11+'27'!H11+'29'!H11+'31'!H11 -> 36743 | I11: ='01'!I11+'03'!I11+'05'!I11+'07'!I11+'09'!I11+'11'!I11+'13'!I11+'15'!I11+'17'!I11+'19'!I11+'21'!I11+'23'!I11+'25'!I11+'27'!I11+'29'!I11+'31'!I11 -> 35993 | J11: ='01'!J11+'03'!J11+'05'!J11+'07'!J11+'09'!J11+'11'!J11+'13'!J11+'15'!J11+'17'!J11+'19'!J11+'21'!J11+'23'!J11+'25'!J11+'27'!J11+'29'!J11+'31'!J11 -> 43307 | ... U11: ='01'!U11+'03'!U11+'05'!U11+'07'!U11+'09'!U11+'11'!U11+'13'!U11+'15'!U11+'17'!U11+'19'!U11+'21'!U11+'23'!U11+'25'!U11+'27'!U11+'29'!U11+'31'!U11 -> 679413
A12: 2009 | C12: ='01'!C12+'03'!C12+'05'!C12+'07'!C12+'09'!C12+'11'!C12+'13'!C12+'15'!C12+'17'!C12+'19'!C12+'21'!C12+'23'!C12+'25'!C12+'27'!C12+'29'!C12+'31'!C12 -> 34033 | D12: ='01'!D12+'03'!D12+'05'!D12+'07'!D12+'09'!D12+'11'!D12+'13'!D12+'15'!D12+'17'!D12+'19'!D12+'21'!D12+'23'!D12+'25'!D12+'27'!D12+'29'!D12+'31'!D12 -> 36245 | E12: ='01'!E12+'03'!E12+'05'!E12+'07'!E12+'09'!E12+'11'!E12+'13'!E12+'15'!E12+'17'!E12+'19'!E12+'21'!E12+'23'!E12+'25'!E12+'27'!E12+'29'!E12+'31'!E12 -> 39111 | F12: ='01'!F12+'03'!F12+'05'!F12+'07'!F12+'09'!F12+'11'!F12+'13'!F12+'15'!F12+'17'!F12+'19'!F12+'21'!F12+'23'!F12+'25'!F12+'27'!F12+'29'!F12+'31'!F12 -> 43675 | G12: ='01'!G12+'03'!G12+'05'!G12+'07'!G12+'09'!G12+'11'!G12+'13'!G12+'15'!G12+'17'!G12+'19'!G12+'21'!G12+'23'!G12+'25'!G12+'27'!G12+'29'!G12+'31'!G12 -> 39171 | H12: ='01'!H12+'03'!H12+'05'!H12+'07'!H12+'09'!H12+'11'!H12+'13'!H12+'15'!H12+'17'!H12+'19'!H12+'21'!H12+'23'!H12+'25'!H12+'27'!H12+'29'!H12+'31'!H12 -> 36433 | I12: ='01'!I12+'03'!I12+'05'!I12+'07'!I12+'09'!I12+'11'!I12+'13'!I12+'15'!I12+'17'!I12+'19'!I12+'21'!I12+'23'!I12+'25'!I12+'27'!I12+'29'!I12+'31'!I12 -> 36264 | J12: ='01'!J12+'03'!J12+'05'!J12+'07'!J12+'09'!J12+'11'!J12+'13'!J12+'15'!J12+'17'!J12+'19'!J12+'21'!J12+'23'!J12+'25'!J12+'27'!J12+'29'!J12+'31'!J12 -> 42070 | ... U12: ='01'!U12+'03'!U12+'05'!U12+'07'!U12+'09'!U12+'11'!U12+'13'!U12+'15'!U12+'17'!U12+'19'!U12+'21'!U12+'23'!U12+'25'!U12+'27'!U12+'29'!U12+'31'!U12 -> 678694
A13: 2010 | C13: ='01'!C13+'03'!C13+'05'!C13+'07'!C13+'09'!C13+'11'!C13+'13'!C13+'15'!C13+'17'!C13+'19'!C13+'21'!C13+'23'!C13+'25'!C13+'27'!C13+'29'!C13+'31'!C13 -> 33606 | D13: ='01'!D13+'03'!D13+'05'!D13+'07'!D13+'09'!D13+'11'!D13+'13'!D13+'15'!D13+'17'!D13+'19'!D13+'21'!D13+'23'!D13+'25'!D13+'27'!D13+'29'!D13+'31'!D13 -> 35889 | E13: ='01'!E13+'03'!E13+'05'!E13+'07'!E13+'09'!E13+'11'!E13+'13'!E13+'15'!E13+'17'!E13+'19'!E13+'21'!E13+'23'!E13+'25'!E13+'27'!E13+'29'!E13+'31'!E13 -> 38419 | F13: ='01'!F13+'03'!F13+'05'!F13+'07'!F13+'09'!F13+'11'!F13+'13'!F13+'15'!F13+'17'!F13+'19'!F13+'21'!F13+'23'!F13+'25'!F13+'27'!F13+'29'!F13+'31'!F13 -> 42504 | G13: ='01'!G13+'03'!G13+'05'!G13+'07'!G13+'09'!G13+'11'!G13+'13'!G13+'15'!G13+'17'!G13+'19'!G13+'21'!G13+'23'!G13+'25'!G13+'27'!G13+'29'!G13+'31'!G13 -> 39183 | H13: ='01'!H13+'03'!H13+'05'!H13+'07'!H13+'09'!H13+'11'!H13+'13'!H13+'15'!H13+'17'!H13+'19'!H13+'21'!H13+'23'!H13+'25'!H13+'27'!H13+'29'!H13+'31'!H13 -> 36555 | I13: ='01'!I13+'03'!I13+'05'!I13+'07'!I13+'09'!I13+'11'!I13+'13'!I13+'15'!I13+'17'!I13+'19'!I13+'21'!I13+'23'!I13+'25'!I13+'27'!I13+'29'!I13+'31'!I13 -> 36411 | J13: ='01'!J13+'03'!J13+'05'!J13+'07'!J13+'09'!J13+'11'!J13+'13'!J13+'15'!J13+'17'!J13+'19'!J13+'21'!J13+'23'!J13+'25'!J13+'27'!J13+'29'!J13+'31'!J13 -> 40182 | ... U13: ='01'!U13+'03'!U13+'05'!U13+'07'!U13+'09'!U13+'11'!U13+'13'!U13+'15'!U13+'17'!U13+'19'!U13+'21'!U13+'23'!U13+'25'!U13+'27'!U13+'29'!U13+'31'!U13 -> 677758
A14: 2015 | C14: ='01'!C14+'03'!C14+'05'!C14+'07'!C14+'09'!C14+'11'!C14+'13'!C14+'15'!C14+'17'!C14+'19'!C14+'21'!C14+'23'!C14+'25'!C14+'27'!C14+'29'!C14+'31'!C14 -> 32903.909 | D14: ='01'!D14+'03'!D14+'05'!D14+'07'!D14+'09'!D14+'11'!D14+'13'!D14+'15'!D14+'17'!D14+'19'!D14+'21'!D14+'23'!D14+'25'!D14+'27'!D14+'29'!D14+'31'!D14 -> 34051.953 | E14: ='01'!E14+'03'!E14+'05'!E14+'07'!E14+'09'!E14+'11'!E14+'13'!E14+'15'!E14+'17'!E14+'19'!E14+'21'!E14+'23'!E14+'25'!E14+'27'!E14+'29'!E14+'31'!E14 -> 36032.775 | F14: ='01'!F14+'03'!F14+'05'!F14+'07'!F14+'09'!F14+'11'!F14+'13'!F14+'15'!F14+'17'!F14+'19'!F14+'21'!F14+'23'!F14+'25'!F14+'27'!F14+'29'!F14+'31'!F14 -> 39875.165 | G14: ='01'!G14+'03'!G14+'05'!G14+'07'!G14+'09'!G14+'11'!G14+'13'!G14+'15'!G14+'17'!G14+'19'!G14+'21'!G14+'23'!G14+'25'!G14+'27'!G14+'29'!G14+'31'!G14 -> 40908.499 | H14: ='01'!H14+'03'!H14+'05'!H14+'07'!H14+'09'!H14+'11'!H14+'13'!H14+'15'!H14+'17'!H14+'19'!H14+'21'!H14+'23'!H14+'25'!H14+'27'!H14+'29'!H14+'31'!H14 -> 35921.131 | I14: ='01'!I14+'03'!I14+'05'!I14+'07'!I14+'09'!I14+'11'!I14+'13'!I14+'15'!I14+'17'!I14+'19'!I14+'21'!I14+'23'!I14+'25'!I14+'27'!I14+'29'!I14+'31'!I14 -> 36975.629 | J14: ='01'!J14+'03'!J14+'05'!J14+'07'!J14+'09'!J14+'11'!J14+'13'!J14+'15'!J14+'17'!J14+'19'!J14+'21'!J14+'23'!J14+'25'!J14+'27'!J14+'29'!J14+'31'!J14 -> 36579.844 | ... U14: ='01'!U14+'03'!U14+'05'!U14+'07'!U14+'09'!U14+'11'!U14+'13'!U14+'15'!U14+'17'!U14+'19'!U14+'21'!U14+'23'!U14+'25'!U14+'27'!U14+'29'!U14+'31'!U14 -> 676759.19
A15: 2020 | C15: ='01'!C15+'03'!C15+'05'!C15+'07'!C15+'09'!C15+'11'!C15+'13'!C15+'15'!C15+'17'!C15+'19'!C15+'21'!C15+'23'!C15+'25'!C15+'27'!C15+'29'!C15+'31'!C15 -> 32907.787 | D15: ='01'!D15+'03'!D15+'05'!D15+'07'!D15+'09'!D15+'11'!D15+'13'!D15+'15'!D15+'17'!D15+'19'!D15+'21'!D15+'23'!D15+'25'!D15+'27'!D15+'29'!D15+'31'!D15 -> 33513.409 | E15: ='01'!E15+'03'!E15+'05'!E15+'07'!E15+'09'!E15+'11'!E15+'13'!E15+'15'!E15+'17'!E15+'19'!E15+'21'!E15+'23'!E15+'25'!E15+'27'!E15+'29'!E15+'31'!E15 -> 34350.277 | F15: ='01'!F15+'03'!F15+'05'!F15+'07'!F15+'09'!F15+'11'!F15+'13'!F15+'15'!F15+'17'!F15+'19'!F15+'21'!F15+'23'!F15+'25'!F15+'27'!F15+'29'!F15+'31'!F15 -> 37657.582 | G15: ='01'!G15+'03'!G15+'05'!G15+'07'!G15+'09'!G15+'11'!G15+'13'!G15+'15'!G15+'17'!G15+'19'!G15+'21'!G15+'23'!G15+'25'!G15+'27'!G15+'29'!G15+'31'!G15 -> 39829 | H15: ='01'!H15+'03'!H15+'05'!H15+'07'!H15+'09'!H15+'11'!H15+'13'!H15+'15'!H15+'17'!H15+'19'!H15+'21'!H15+'23'!H15+'25'!H15+'27'!H15+'29'!H15+'31'!H15 -> 38056.176 | I15: ='01'!I15+'03'!I15+'05'!I15+'07'!I15+'09'!I15+'11'!I15+'13'!I15+'15'!I15+'17'!I15+'19'!I15+'21'!I15+'23'!I15+'25'!I15+'27'!I15+'29'!I15+'31'!I15 -> 36563.885 | J15: ='01'!J15+'03'!J15+'05'!J15+'07'!J15+'09'!J15+'11'!J15+'13'!J15+'15'!J15+'17'!J15+'19'!J15+'21'!J15+'23'!J15+'25'!J15+'27'!J15+'29'!J15+'31'!J15 -> 37257.653 | ... U15: ='01'!U15+'03'!U15+'05'!U15+'07'!U15+'09'!U15+'11'!U15+'13'!U15+'15'!U15+'17'!U15+'19'!U15+'21'!U15+'23'!U15+'25'!U15+'27'!U15+'29'!U15+'31'!U15 -> 677391.52
... A17: 2030 | C17: ='01'!C17+'03'!C17+'05'!C17+'07'!C17+'09'!C17+'11'!C17+'13'!C17+'15'!C17+'17'!C17+'19'!C17+'21'!C17+'23'!C17+'25'!C17+'27'!C17+'29'!C17+'31'!C17 -> 32678.002 | D17: ='01'!D17+'03'!D17+'05'!D17+'07'!D17+'09'!D17+'11'!D17+'13'!D17+'15'!D17+'17'!D17+'19'!D17+'21'!D17+'23'!D17+'25'!D17+'27'!D17+'29'!D17+'31'!D17 -> 33702.677 | E17: ='01'!E17+'03'!E17+'05'!E17+'07'!E17+'09'!E17+'11'!E17+'13'!E17+'15'!E17+'17'!E17+'19'!E17+'21'!E17+'23'!E17+'25'!E17+'27'!E17+'29'!E17+'31'!E17 -> 34025.38 | F17: ='01'!F17+'03'!F17+'05'!F17+'07'!F17+'09'!F17+'11'!F17+'13'!F17+'15'!F17+'17'!F17+'19'!F17+'21'!F17+'23'!F17+'25'!F17+'27'!F17+'29'!F17+'31'!F17 -> 35765.166 | G17: ='01'!G17+'03'!G17+'05'!G17+'07'!G17+'09'!G17+'11'!G17+'13'!G17+'15'!G17+'17'!G17+'19'!G17+'21'!G17+'23'!G17+'25'!G17+'27'!G17+'29'!G17+'31'!G17 -> 37085.644 | H17: ='01'!H17+'03'!H17+'05'!H17+'07'!H17+'09'!H17+'11'!H17+'13'!H17+'15'!H17+'17'!H17+'19'!H17+'21'!H17+'23'!H17+'25'!H17+'27'!H17+'29'!H17+'31'!H17 -> 36419.223 | I17: ='01'!I17+'03'!I17+'05'!I17+'07'!I17+'09'!I17+'11'!I17+'13'!I17+'15'!I17+'17'!I17+'19'!I17+'21'!I17+'23'!I17+'25'!I17+'27'!I17+'29'!I17+'31'!I17 -> 38176.23 | J17: ='01'!J17+'03'!J17+'05'!J17+'07'!J17+'09'!J17+'11'!J17+'13'!J17+'15'!J17+'17'!J17+'19'!J17+'21'!J17+'23'!J17+'25'!J17+'27'!J17+'29'!J17+'31'!J17 -> 38546.626 | ... U17: ='01'!U17+'03'!U17+'05'!U17+'07'!U17+'09'!U17+'11'!U17+'13'!U17+'15'!U17+'17'!U17+'19'!U17+'21'!U17+'23'!U17+'25'!U17+'27'!U17+'29'!U17+'31'!U17 -> 675195.76
A19: Male
A20: 2001 | C20: ='01'!C20+'03'!C20+'05'!C20+'07'!C20+'09'!C20+'11'!C20+'13'!C20+'15'!C20+'17'!C20+'19'!C20+'21'!C20+'23'!C20+'25'!C20+'27'!C20+'29'!C20+'31'!C20 -> 36075 | D20: ='01'!D20+'03'!D20+'05'!D20+'07'!D20+'09'!D20+'11'!D20+'13'!D20+'15'!D20+'17'!D20+'19'!D20+'21'!D20+'23'!D20+'25'!D20+'27'!D20+'29'!D20+'31'!D20 -> 41341 | E20: ='01'!E20+'03'!E20+'05'!E20+'07'!E20+'09'!E20+'11'!E20+'13'!E20+'15'!E20+'17'!E20+'19'!E20+'21'!E20+'23'!E20+'25'!E20+'27'!E20+'29'!E20+'31'!E20 -> 47691 | F20: ='01'!F20+'03'!F20+'05'!F20+'07'!F20+'09'!F20+'11'!F20+'13'!F20+'15'!F20+'17'!F20+'19'!F20+'21'!F20+'23'!F20+'25'!F20+'27'!F20+'29'!F20+'31'!F20 -> 47062 | G20: ='01'!G20+'03'!G20+'05'!G20+'07'!G20+'09'!G20+'11'!G20+'13'!G20+'15'!G20+'17'!G20+'19'!G20+'21'!G20+'23'!G20+'25'!G20+'27'!G20+'29'!G20+'31'!G20 -> 35971 | H20: ='01'!H20+'03'!H20+'05'!H20+'07'!H20+'09'!H20+'11'!H20+'13'!H20+'15'!H20+'17'!H20+'19'!H20+'21'!H20+'23'!H20+'25'!H20+'27'!H20+'29'!H20+'31'!H20 -> 33273 | I20: ='01'!I20+'03'!I20+'05'!I20+'07'!I20+'09'!I20+'11'!I20+'13'!I20+'15'!I20+'17'!I20+'19'!I20+'21'!I20+'23'!I20+'25'!I20+'27'!I20+'29'!I20+'31'!I20 -> 41535 | J20: ='01'!J20+'03'!J20+'05'!J20+'07'!J20+'09'!J20+'11'!J20+'13'!J20+'15'!J20+'17'!J20+'19'!J20+'21'!J20+'23'!J20+'25'!J20+'27'!J20+'29'!J20+'31'!J20 -> 49336 | ... U20: ='01'!U20+'03'!U20+'05'!U20+'07'!U20+'09'!U20+'11'!U20+'13'!U20+'15'!U20+'17'!U20+'19'!U20+'21'!U20+'23'!U20+'25'!U20+'27'!U20+'29'!U20+'31'!U20 -> 626035
A21: 2002 | C21: ='01'!C21+'03'!C21+'05'!C21+'07'!C21+'09'!C21+'11'!C21+'13'!C21+'15'!C21+'17'!C21+'19'!C21+'21'!C21+'23'!C21+'25'!C21+'27'!C21+'29'!C21+'31'!C21 -> 36007 | D21: ='01'!D21+'03'!D21+'05'!D21+'07'!D21+'09'!D21+'11'!D21+'13'!D21+'15'!D21+'17'!D21+'19'!D21+'21'!D21+'23'!D21+'25'!D21+'27'!D21+'29'!D21+'31'!D21 -> 40378 | E21: ='01'!E21+'03'!E21+'05'!E21+'07'!E21+'09'!E21+'11'!E21+'13'!E21+'15'!E21+'17'!E21+'19'!E21+'21'!E21+'23'!E21+'25'!E21+'27'!E21+'29'!E21+'31'!E21 -> 47626 | F21: ='01'!F21+'03'!F21+'05'!F21+'07'!F21+'09'!F21+'11'!F21+'13'!F21+'15'!F21+'17'!F21+'19'!F21+'21'!F21+'23'!F21+'25'!F21+'27'!F21+'29'!F21+'31'!F21 -> 47747 | G21: ='01'!G21+'03'!G21+'05'!G21+'07'!G21+'09'!G21+'11'!G21+'13'!G21+'15'!G21+'17'!G21+'19'!G21+'21'!G21+'23'!G21+'25'!G21+'27'!G21+'29'!G21+'31'!G21 -> 37213 | H21: ='01'!H21+'03'!H21+'05'!H21+'07'!H21+'09'!H21+'11'!H21+'13'!H21+'15'!H21+'17'!H21+'19'!H21+'21'!H21+'23'!H21+'25'!H21+'27'!H21+'29'!H21+'31'!H21 -> 33058 | I21: ='01'!I21+'03'!I21+'05'!I21+'07'!I21+'09'!I21+'11'!I21+'13'!I21+'15'!I21+'17'!I21+'19'!I21+'21'!I21+'23'!I21+'25'!I21+'27'!I21+'29'!I21+'31'!I21 -> 41047 | J21: ='01'!J21+'03'!J21+'05'!J21+'07'!J21+'09'!J21+'11'!J21+'13'!J21+'15'!J21+'17'!J21+'19'!J21+'21'!J21+'23'!J21+'25'!J21+'27'!J21+'29'!J21+'31'!J21 -> 47998 | ... U21: ='01'!U21+'03'!U21+'05'!U21+'07'!U21+'09'!U21+'11'!U21+'13'!U21+'15'!U21+'17'!U21+'19'!U21+'21'!U21+'23'!U21+'25'!U21+'27'!U21+'29'!U21+'31'!U21 -> 631734
A22: 2003 | C22: ='01'!C22+'03'!C22+'05'!C22+'07'!C22+'09'!C22+'11'!C22+'13'!C22+'15'!C22+'17'!C22+'19'!C22+'21'!C22+'23'!C22+'25'!C22+'27'!C22+'29'!C22+'31'!C22 -> 36275 | D22: ='01'!D22+'03'!D22+'05'!D22+'07'!D22+'09'!D22+'11'!D22+'13'!D22+'15'!D22+'17'!D22+'19'!D22+'21'!D22+'23'!D22+'25'!D22+'27'!D22+'29'!D22+'31'!D22 -> 39639 | E22: ='01'!E22+'03'!E22+'05'!E22+'07'!E22+'09'!E22+'11'!E22+'13'!E22+'15'!E22+'17'!E22+'19'!E22+'21'!E22+'23'!E22+'25'!E22+'27'!E22+'29'!E22+'31'!E22 -> 47140 | F22: ='01'!F22+'03'!F22+'05'!F22+'07'!F22+'09'!F22+'11'!F22+'13'!F22+'15'!F22+'17'!F22+'19'!F22+'21'!F22+'23'!F22+'25'!F22+'27'!F22+'29'!F22+'31'!F22 -> 48431 | G22: ='01'!G22+'03'!G22+'05'!G22+'07'!G22+'09'!G22+'11'!G22+'13'!G22+'15'!G22+'17'!G22+'19'!G22+'21'!G22+'23'!G22+'25'!G22+'27'!G22+'29'!G22+'31'!G22 -> 38890 | H22: ='01'!H22+'03'!H22+'05'!H22+'07'!H22+'09'!H22+'11'!H22+'13'!H22+'15'!H22+'17'!H22+'19'!H22+'21'!H22+'23'!H22+'25'!H22+'27'!H22+'29'!H22+'31'!H22 -> 33218 | I22: ='01'!I22+'03'!I22+'05'!I22+'07'!I22+'09'!I22+'11'!I22+'13'!I22+'15'!I22+'17'!I22+'19'!I22+'21'!I22+'23'!I22+'25'!I22+'27'!I22+'29'!I22+'31'!I22 -> 40485 | J22: ='01'!J22+'03'!J22+'05'!J22+'07'!J22+'09'!J22+'11'!J22+'13'!J22+'15'!J22+'17'!J22+'19'!J22+'21'!J22+'23'!J22+'25'!J22+'27'!J22+'29'!J22+'31'!J22 -> 46650 | ... U22: ='01'!U22+'03'!U22+'05'!U22+'07'!U22+'09'!U22+'11'!U22+'13'!U22+'15'!U22+'17'!U22+'19'!U22+'21'!U22+'23'!U22+'25'!U22+'27'!U22+'29'!U22+'31'!U22 -> 637833
A23: 2004 | C23: ='01'!C23+'03'!C23+'05'!C23+'07'!C23+'09'!C23+'11'!C23+'13'!C23+'15'!C23+'17'!C23+'19'!C23+'21'!C23+'23'!C23+'25'!C23+'27'!C23+'29'!C23+'31'!C23 -> 36370 | D23: ='01'!D23+'03'!D23+'05'!D23+'07'!D23+'09'!D23+'11'!D23+'13'!D23+'15'!D23+'17'!D23+'19'!D23+'21'!D23+'23'!D23+'25'!D23+'27'!D23+'29'!D23+'31'!D23 -> 39206 | E23: ='01'!E23+'03'!E23+'05'!E23+'07'!E23+'09'!E23+'11'!E23+'13'!E23+'15'!E23+'17'!E23+'19'!E23+'21'!E23+'23'!E23+'25'!E23+'27'!E23+'29'!E23+'31'!E23 -> 46402 | F23: ='01'!F23+'03'!F23+'05'!F23+'07'!F23+'09'!F23+'11'!F23+'13'!F23+'15'!F23+'17'!F23+'19'!F23+'21'!F23+'23'!F23+'25'!F23+'27'!F23+'29'!F23+'31'!F23 -> 48557 | G23: ='01'!G23+'03'!G23+'05'!G23+'07'!G23+'09'!G23+'11'!G23+'13'!G23+'15'!G23+'17'!G23+'19'!G23+'21'!G23+'23'!G23+'25'!G23+'27'!G23+'29'!G23+'31'!G23 -> 39729 | H23: ='01'!H23+'03'!H23+'05'!H23+'07'!H23+'09'!H23+'11'!H23+'13'!H23+'15'!H23+'17'!H23+'19'!H23+'21'!H23+'23'!H23+'25'!H23+'27'!H23+'29'!H23+'31'!H23 -> 33391 | I23: ='01'!I23+'03'!I23+'05'!I23+'07'!I23+'09'!I23+'11'!I23+'13'!I23+'15'!I23+'17'!I23+'19'!I23+'21'!I23+'23'!I23+'25'!I23+'27'!I23+'29'!I23+'31'!I23 -> 39366 | J23: ='01'!J23+'03'!J23+'05'!J23+'07'!J23+'09'!J23+'11'!J23+'13'!J23+'15'!J23+'17'!J23+'19'!J23+'21'!J23+'23'!J23+'25'!J23+'27'!J23+'29'!J23+'31'!J23 -> 45283 | ... U23: ='01'!U23+'03'!U23+'05'!U23+'07'!U23+'09'!U23+'11'!U23+'13'!U23+'15'!U23+'17'!U23+'19'!U23+'21'!U23+'23'!U23+'25'!U23+'27'!U23+'29'!U23+'31'!U23 -> 641826
A24: 2005 | C24: ='01'!C24+'03'!C24+'05'!C24+'07'!C24+'09'!C24+'11'!C24+'13'!C24+'15'!C24+'17'!C24+'19'!C24+'21'!C24+'23'!C24+'25'!C24+'27'!C24+'29'!C24+'31'!C24 -> 36482 | D24: ='01'!D24+'03'!D24+'05'!D24+'07'!D24+'09'!D24+'11'!D24+'13'!D24+'15'!D24+'17'!D24+'19'!D24+'21'!D24+'23'!D24+'25'!D24+'27'!D24+'29'!D24+'31'!D24 -> 38848 | E24: ='01'!E24+'03'!E24+'05'!E24+'07'!E24+'09'!E24+'11'!E24+'13'!E24+'15'!E24+'17'!E24+'19'!E24+'21'!E24+'23'!E24+'25'!E24+'27'!E24+'29'!E24+'31'!E24 -> 44907 | F24: ='01'!F24+'03'!F24+'05'!F24+'07'!F24+'09'!F24+'11'!F24+'13'!F24+'15'!F24+'17'!F24+'19'!F24+'21'!F24+'23'!F24+'25'!F24+'27'!F24+'29'!F24+'31'!F24 -> 48740 | G24: ='01'!G24+'03'!G24+'05'!G24+'07'!G24+'09'!G24+'11'!G24+'13'!G24+'15'!G24+'17'!G24+'19'!G24+'21'!G24+'23'!G24+'25'!G24+'27'!G24+'29'!G24+'31'!G24 -> 40601 | H24: ='01'!H24+'03'!H24+'05'!H24+'07'!H24+'09'!H24+'11'!H24+'13'!H24+'15'!H24+'17'!H24+'19'!H24+'21'!H24+'23'!H24+'25'!H24+'27'!H24+'29'!H24+'31'!H24 -> 33981 | I24: ='01'!I24+'03'!I24+'05'!I24+'07'!I24+'09'!I24+'11'!I24+'13'!I24+'15'!I24+'17'!I24+'19'!I24+'21'!I24+'23'!I24+'25'!I24+'27'!I24+'29'!I24+'31'!I24 -> 37685 | J24: ='01'!J24+'03'!J24+'05'!J24+'07'!J24+'09'!J24+'11'!J24+'13'!J24+'15'!J24+'17'!J24+'19'!J24+'21'!J24+'23'!J24+'25'!J24+'27'!J24+'29'!J24+'31'!J24 -> 44513 | ... U24: ='01'!U24+'03'!U24+'05'!U24+'07'!U24+'09'!U24+'11'!U24+'13'!U24+'15'!U24+'17'!U24+'19'!U24+'21'!U24+'23'!U24+'25'!U24+'27'!U24+'29'!U24+'31'!U24 -> 644683
A25: 2006 | C25: ='01'!C25+'03'!C25+'05'!C25+'07'!C25+'09'!C25+'11'!C25+'13'!C25+'15'!C25+'17'!C25+'19'!C25+'21'!C25+'23'!C25+'25'!C25+'27'!C25+'29'!C25+'31'!C25 -> 36489 | D25: ='01'!D25+'03'!D25+'05'!D25+'07'!D25+'09'!D25+'11'!D25+'13'!D25+'15'!D25+'17'!D25+'19'!D25+'21'!D25+'23'!D25+'25'!D25+'27'!D25+'29'!D25+'31'!D25 -> 38581 | E25: ='01'!E25+'03'!E25+'05'!E25+'07'!E25+'09'!E25+'11'!E25+'13'!E25+'15'!E25+'17'!E25+'19'!E25+'21'!E25+'23'!E25+'25'!E25+'27'!E25+'29'!E25+'31'!E25 -> 43919 | F25: ='01'!F25+'03'!F25+'05'!F25+'07'!F25+'09'!F25+'11'!F25+'13'!F25+'15'!F25+'17'!F25+'19'!F25+'21'!F25+'23'!F25+'25'!F25+'27'!F25+'29'!F25+'31'!F25 -> 48663 | G25: ='01'!G25+'03'!G25+'05'!G25+'07'!G25+'09'!G25+'11'!G25+'13'!G25+'15'!G25+'17'!G25+'19'!G25+'21'!G25+'23'!G25+'25'!G25+'27'!G25+'29'!G25+'31'!G25 -> 40904 | H25: ='01'!H25+'03'!H25+'05'!H25+'07'!H25+'09'!H25+'11'!H25+'13'!H25+'15'!H25+'17'!H25+'19'!H25+'21'!H25+'23'!H25+'25'!H25+'27'!H25+'29'!H25+'31'!H25 -> 34710 | I25: ='01'!I25+'03'!I25+'05'!I25+'07'!I25+'09'!I25+'11'!I25+'13'!I25+'15'!I25+'17'!I25+'19'!I25+'21'!I25+'23'!I25+'25'!I25+'27'!I25+'29'!I25+'31'!I25 -> 36051 | J25: ='01'!J25+'03'!J25+'05'!J25+'07'!J25+'09'!J25+'11'!J25+'13'!J25+'15'!J25+'17'!J25+'19'!J25+'21'!J25+'23'!J25+'25'!J25+'27'!J25+'29'!J25+'31'!J25 -> 44134 | ... U25: ='01'!U25+'03'!U25+'05'!U25+'07'!U25+'09'!U25+'11'!U25+'13'!U25+'15'!U25+'17'!U25+'19'!U25+'21'!U25+'23'!U25+'25'!U25+'27'!U25+'29'!U25+'31'!U25 -> 647462
